{
"type": "FeatureCollection",
"name": "micronodos_faccoes_2026",
"crs": { "type": "name", "properties": { "name": "urn:ogc:def:crs:OGC:1.3:CRS84" } },
"features": [
{ "type": "Feature", "properties": { "micronodo": "SANTA RITA - PARAMBU / CE", "area_oficial": "PARAMBU", "faction": "CV", "lat": -6.2124813, "long": -40.6774994 }, "geometry": { "type": "Point", "coordinates": [ -40.6774994, -6.2124813 ] } },
{ "type": "Feature", "properties": { "micronodo": "Morro do Oitão Preto ou Moura brasil", "area_oficial": "JACARECANGA", "faction": "CV", "lat": -3.717304, "long": -38.541644 }, "geometry": { "type": "Point", "coordinates": [ -38.541644, -3.717304 ] } },
{ "type": "Feature", "properties": { "micronodo": "Morro do Pinto", "area_oficial": "CRISTO REDENTOR", "faction": "CV", "lat": -3.7066603, "long": -38.563232 }, "geometry": { "type": "Point", "coordinates": [ -38.563232, -3.7066603 ] } },
{ "type": "Feature", "properties": { "micronodo": "COMUNIDADE CAIXA DÁGUA", "area_oficial": "MANOEL SÁTIRO", "faction": "CV", "lat": -3.7973553, "long": -38.5816977 }, "geometry": { "type": "Point", "coordinates": [ -38.5816977, -3.7973553 ] } },
{ "type": "Feature", "properties": { "micronodo": "VILA ROSÂNGELA", "area_oficial": "PARQUE SĂO JOSÉ", "faction": "CV", "lat": -3.7982361, "long": -38.5856349 }, "geometry": { "type": "Point", "coordinates": [ -38.5856349, -3.7982361 ] } },
{ "type": "Feature", "properties": { "micronodo": "Comunidade Baixa Pau", "area_oficial": "PRAIA DE IRACEMA", "faction": "CV", "lat": -3.719924, "long": -38.522107 }, "geometry": { "type": "Point", "coordinates": [ -38.522107, -3.719924 ] } },
{ "type": "Feature", "properties": { "micronodo": "Conjunto Cidade de Deus ou CDD", "area_oficial": "BARRA DO CEARÁ", "faction": "CV", "lat": -3.710539, "long": -38.578012 }, "geometry": { "type": "Point", "coordinates": [ -38.578012, -3.710539 ] } },
{ "type": "Feature", "properties": { "micronodo": "Comunidade Reino Encantado", "area_oficial": "ÁLVARO WEYNE", "faction": "CV", "lat": -3.715882, "long": -38.570425 }, "geometry": { "type": "Point", "coordinates": [ -38.570425, -3.715882 ] } },
{ "type": "Feature", "properties": { "micronodo": "Padre Andrade", "area_oficial": "PADRE ANDRADE", "faction": "CV", "lat": -3.732816, "long": -38.582491 }, "geometry": { "type": "Point", "coordinates": [ -38.582491, -3.732816 ] } },
{ "type": "Feature", "properties": { "micronodo": "Comunidade da theberg (Complexo do Pirambu)", "area_oficial": "CRISTO REDENTOR", "faction": "CV", "lat": -3.7089, "long": -38.566482 }, "geometry": { "type": "Point", "coordinates": [ -38.566482, -3.7089 ] } },
{ "type": "Feature", "properties": { "micronodo": "Pracinha do Abel (Complexo do Pirambu)", "area_oficial": "PIRAMBU", "faction": "CV", "lat": -3.707691, "long": -38.554717 }, "geometry": { "type": "Point", "coordinates": [ -38.554717, -3.707691 ] } },
{ "type": "Feature", "properties": { "micronodo": "Areia Grossa (Complexo do Pirambu)", "area_oficial": "PIRAMBU", "faction": "CV", "lat": -3.707691, "long": -38.554717 }, "geometry": { "type": "Point", "coordinates": [ -38.554717, -3.707691 ] } },
{ "type": "Feature", "properties": { "micronodo": "Cacimba de Pombos (Complexo do Pirambu)", "area_oficial": "PIRAMBU", "faction": "CV", "lat": -3.713492, "long": -38.548857 }, "geometry": { "type": "Point", "coordinates": [ -38.548857, -3.713492 ] } },
{ "type": "Feature", "properties": { "micronodo": "Rocinha (Complexo do Pirambu)", "area_oficial": "PIRAMBU", "faction": "CV", "lat": -3.711503, "long": -38.548328 }, "geometry": { "type": "Point", "coordinates": [ -38.548328, -3.711503 ] } },
{ "type": "Feature", "properties": { "micronodo": "Rua da Paz (Complexo do Pirambu)", "area_oficial": "PIRAMBU", "faction": "CV", "lat": -3.711025, "long": -38.553089 }, "geometry": { "type": "Point", "coordinates": [ -38.553089, -3.711025 ] } },
{ "type": "Feature", "properties": { "micronodo": "Pirambu (Complexo do Pirambu)", "area_oficial": "CRISTO REDENTOR", "faction": "CV", "lat": -3.706892, "long": -38.562346 }, "geometry": { "type": "Point", "coordinates": [ -38.562346, -3.706892 ] } },
{ "type": "Feature", "properties": { "micronodo": "Comunidade do Gueto Novo", "area_oficial": "BARRA DO CEARÁ", "faction": "CV", "lat": -3.710836, "long": -38.584311 }, "geometry": { "type": "Point", "coordinates": [ -38.584311, -3.710836 ] } },
{ "type": "Feature", "properties": { "micronodo": "Sítio", "area_oficial": "BARRA DO CEARÁ", "faction": "CV", "lat": -3.712872, "long": -38.581253 }, "geometry": { "type": "Point", "coordinates": [ -38.581253, -3.712872 ] } },
{ "type": "Feature", "properties": { "micronodo": "Comunidade da Central", "area_oficial": "FLORESTA", "faction": "CV", "lat": -3.720462, "long": -38.579789 }, "geometry": { "type": "Point", "coordinates": [ -38.579789, -3.720462 ] } },
{ "type": "Feature", "properties": { "micronodo": "Presidente Kennedy", "area_oficial": "PRESIDENTE KENNEDY", "faction": "CV", "lat": -3.728091, "long": -38.570377 }, "geometry": { "type": "Point", "coordinates": [ -38.570377, -3.728091 ] } },
{ "type": "Feature", "properties": { "micronodo": "Conjunto Castelo Branco", "area_oficial": "PRESIDENTE KENNEDY", "faction": "CV", "lat": -3.729864, "long": -38.574947 }, "geometry": { "type": "Point", "coordinates": [ -38.574947, -3.729864 ] } },
{ "type": "Feature", "properties": { "micronodo": "Jardim Iracema", "area_oficial": "JARDIM IRACEMA", "faction": "CV", "lat": -3.717602, "long": -38.587813 }, "geometry": { "type": "Point", "coordinates": [ -38.587813, -3.717602 ] } },
{ "type": "Feature", "properties": { "micronodo": "Canal - Rabo da gata", "area_oficial": "ELLERY", "faction": "CV", "lat": -3.722032, "long": -38.558028 }, "geometry": { "type": "Point", "coordinates": [ -38.558028, -3.722032 ] } },
{ "type": "Feature", "properties": { "micronodo": "Morro do Ouro", "area_oficial": "JACARECANGA", "faction": "CV", "lat": -3.724804, "long": -38.545856 }, "geometry": { "type": "Point", "coordinates": [ -38.545856, -3.724804 ] } },
{ "type": "Feature", "properties": { "micronodo": "Conjunto Carandiru", "area_oficial": "CARLITO PAMPLONA", "faction": "CV", "lat": -3.715605, "long": -38.556036 }, "geometry": { "type": "Point", "coordinates": [ -38.556036, -3.715605 ] } },
{ "type": "Feature", "properties": { "micronodo": "Jardim Guanabara", "area_oficial": "JARDIM GUANABARA", "faction": "CV", "lat": -3.71758, "long": -38.587942 }, "geometry": { "type": "Point", "coordinates": [ -38.587942, -3.71758 ] } },
{ "type": "Feature", "properties": { "micronodo": "Comunidade do Inferninho", "area_oficial": "VILA VELHA", "faction": "CV", "lat": -3.719899, "long": -38.603015 }, "geometry": { "type": "Point", "coordinates": [ -38.603015, -3.719899 ] } },
{ "type": "Feature", "properties": { "micronodo": "2.V", "area_oficial": "QUINTINO CUNHA", "faction": "CV", "lat": -3.72143, "long": -38.6056 }, "geometry": { "type": "Point", "coordinates": [ -38.6056, -3.72143 ] } },
{ "type": "Feature", "properties": { "micronodo": "Trilho do Carlito", "area_oficial": "CARLITO PAMPLONA", "faction": "CV", "lat": -3.718576, "long": -38.558498 }, "geometry": { "type": "Point", "coordinates": [ -38.558498, -3.718576 ] } },
{ "type": "Feature", "properties": { "micronodo": "Comunidade do Triângulo", "area_oficial": "COUTO FERNANDES", "faction": "CV", "lat": -3.757707, "long": -38.561718 }, "geometry": { "type": "Point", "coordinates": [ -38.561718, -3.757707 ] } },
{ "type": "Feature", "properties": { "micronodo": "Comunidade Tocantins", "area_oficial": "AUTRAN NUNES", "faction": "CV", "lat": -3.755741, "long": -38.598305 }, "geometry": { "type": "Point", "coordinates": [ -38.598305, -3.755741 ] } },
{ "type": "Feature", "properties": { "micronodo": "Comunidade Pimentel", "area_oficial": "BARROSO", "faction": "CV", "lat": -3.830271, "long": -38.520461 }, "geometry": { "type": "Point", "coordinates": [ -38.520461, -3.830271 ] } },
{ "type": "Feature", "properties": { "micronodo": "Invasão", "area_oficial": "BARROSO", "faction": "CV", "lat": -3.832008, "long": -38.512665 }, "geometry": { "type": "Point", "coordinates": [ -38.512665, -3.832008 ] } },
{ "type": "Feature", "properties": { "micronodo": "Conjunto São Cristovão", "area_oficial": "BARROSO", "faction": "CV", "lat": -3.831662, "long": -38.524367 }, "geometry": { "type": "Point", "coordinates": [ -38.524367, -3.831662 ] } },
{ "type": "Feature", "properties": { "micronodo": "Campo do América", "area_oficial": "MEIRELES", "faction": "CV", "lat": -3.72798, "long": -38.502111 }, "geometry": { "type": "Point", "coordinates": [ -38.502111, -3.72798 ] } },
{ "type": "Feature", "properties": { "micronodo": "Comunidade da Rosalina (Complexo da Rosalina)", "area_oficial": "PARQUE DOIS IRMĂOS", "faction": "CV", "lat": -3.80748, "long": -38.548305 }, "geometry": { "type": "Point", "coordinates": [ -38.548305, -3.80748 ] } },
{ "type": "Feature", "properties": { "micronodo": "Comunidade do Riacho Doce (Complexo da Rosalina)", "area_oficial": "PARQUE DOIS IRMĂOS", "faction": "CV", "lat": -3.806581, "long": -38.545247 }, "geometry": { "type": "Point", "coordinates": [ -38.545247, -3.806581 ] } },
{ "type": "Feature", "properties": { "micronodo": "Quadras", "area_oficial": "DIONÍSIO TORRES", "faction": "CV", "lat": -3.74502, "long": -38.497894 }, "geometry": { "type": "Point", "coordinates": [ -38.497894, -3.74502 ] } },
{ "type": "Feature", "properties": { "micronodo": "Vila União", "area_oficial": "VILA UNIĂO", "faction": "CV", "lat": -3.772807, "long": -38.528993 }, "geometry": { "type": "Point", "coordinates": [ -38.528993, -3.772807 ] } },
{ "type": "Feature", "properties": { "micronodo": "Ouro Verde", "area_oficial": "VILA UNIĂO", "faction": "CV", "lat": -3.764867, "long": -38.530301 }, "geometry": { "type": "Point", "coordinates": [ -38.530301, -3.764867 ] } },
{ "type": "Feature", "properties": { "micronodo": "IB", "area_oficial": "VILA UNIĂO", "faction": "CV", "lat": -3.770201, "long": -38.534812 }, "geometry": { "type": "Point", "coordinates": [ -38.534812, -3.770201 ] } },
{ "type": "Feature", "properties": { "micronodo": "Pracinha do Vila União", "area_oficial": "VILA UNIĂO", "faction": "CV", "lat": -3.770199, "long": -38.5366 }, "geometry": { "type": "Point", "coordinates": [ -38.5366, -3.770199 ] } },
{ "type": "Feature", "properties": { "micronodo": "Jana Barroso", "area_oficial": "RACHEL DE QUEIROZ", "faction": "CV", "lat": -3.798581, "long": -38.556082 }, "geometry": { "type": "Point", "coordinates": [ -38.556082, -3.798581 ] } },
{ "type": "Feature", "properties": { "micronodo": "Comunidade do Burro (Jardim Primavera)", "area_oficial": "RACHEL DE QUEIROZ", "faction": "CV", "lat": -3.801124, "long": -38.55134 }, "geometry": { "type": "Point", "coordinates": [ -38.55134, -3.801124 ] } },
{ "type": "Feature", "properties": { "micronodo": "Comunidade da Caixa D'água- Planalto Pici", "area_oficial": "JÓQUEI CLUBE", "faction": "CV", "lat": -3.759869, "long": -38.574263 }, "geometry": { "type": "Point", "coordinates": [ -38.574263, -3.759869 ] } },
{ "type": "Feature", "properties": { "micronodo": "Sem Terra", "area_oficial": "PICI", "faction": "CV", "lat": -3.74918, "long": -38.568253 }, "geometry": { "type": "Point", "coordinates": [ -38.568253, -3.74918 ] } },
{ "type": "Feature", "properties": { "micronodo": "Rua da Feira - Antonio Bezerra", "area_oficial": "ANTÔNIO BEZERRA", "faction": "CV", "lat": -3.742756, "long": -38.590028 }, "geometry": { "type": "Point", "coordinates": [ -38.590028, -3.742756 ] } },
{ "type": "Feature", "properties": { "micronodo": "Canal Leste", "area_oficial": "BOM JARDIM", "faction": "CV", "lat": -3.797176, "long": -38.610207 }, "geometry": { "type": "Point", "coordinates": [ -38.610207, -3.797176 ] } },
{ "type": "Feature", "properties": { "micronodo": "Comunidade Mutirão", "area_oficial": "SIQUEIRA", "faction": "CV", "lat": -3.798663, "long": -38.615778 }, "geometry": { "type": "Point", "coordinates": [ -38.615778, -3.798663 ] } },
{ "type": "Feature", "properties": { "micronodo": "Comunidade da Sideral - Bonsucesso", "area_oficial": "BONSUCESSO", "faction": "CV", "lat": -3.786075, "long": -38.58855 }, "geometry": { "type": "Point", "coordinates": [ -38.58855, -3.786075 ] } },
{ "type": "Feature", "properties": { "micronodo": "Conjunto Miguel Arraes", "area_oficial": "SIQUEIRA", "faction": "CV", "lat": -3.800201, "long": -38.62018 }, "geometry": { "type": "Point", "coordinates": [ -38.62018, -3.800201 ] } },
{ "type": "Feature", "properties": { "micronodo": "Comunidade dos Sem Terra", "area_oficial": "SIQUEIRA", "faction": "CV", "lat": -3.799243, "long": -38.624935 }, "geometry": { "type": "Point", "coordinates": [ -38.624935, -3.799243 ] } },
{ "type": "Feature", "properties": { "micronodo": "Comunidade do Cemitério", "area_oficial": "SIQUEIRA", "faction": "CV", "lat": -3.797983, "long": -38.62904 }, "geometry": { "type": "Point", "coordinates": [ -38.62904, -3.797983 ] } },
{ "type": "Feature", "properties": { "micronodo": "Conjunto Tatumandé", "area_oficial": "SIQUEIRA", "faction": "CV", "lat": -3.800875, "long": -38.616822 }, "geometry": { "type": "Point", "coordinates": [ -38.616822, -3.800875 ] } },
{ "type": "Feature", "properties": { "micronodo": "Conjunto Raquel de Queiroz", "area_oficial": "SIQUEIRA", "faction": "CV", "lat": -3.802445, "long": -38.617596 }, "geometry": { "type": "Point", "coordinates": [ -38.617596, -3.802445 ] } },
{ "type": "Feature", "properties": { "micronodo": "Caic", "area_oficial": "GRANJA LISBOA", "faction": "CV", "lat": -3.78585, "long": -38.615859 }, "geometry": { "type": "Point", "coordinates": [ -38.615859, -3.78585 ] } },
{ "type": "Feature", "properties": { "micronodo": "Conjunto Leonel Brizola", "area_oficial": "MARECHAL RONDON", "faction": "CV", "lat": -3.780342, "long": -38.625166 }, "geometry": { "type": "Point", "coordinates": [ -38.625166, -3.780342 ] } },
{ "type": "Feature", "properties": { "micronodo": "José Walter", "area_oficial": "PLANALTO AYRTON SENNA", "faction": "CV", "lat": -3.834763, "long": -38.560951 }, "geometry": { "type": "Point", "coordinates": [ -38.560951, -3.834763 ] } },
{ "type": "Feature", "properties": { "micronodo": "Lagoa Seca da Sapiranga", "area_oficial": "SAPIRANGA / COITÉ", "faction": "CV", "lat": -3.789203, "long": -38.470676 }, "geometry": { "type": "Point", "coordinates": [ -38.470676, -3.789203 ] } },
{ "type": "Feature", "properties": { "micronodo": "Comunidade do Alecrim- Lagoa da Sapiranga", "area_oficial": "SAPIRANGA / COITÉ", "faction": "CV", "lat": -3.79237, "long": -38.470068 }, "geometry": { "type": "Point", "coordinates": [ -38.470068, -3.79237 ] } },
{ "type": "Feature", "properties": { "micronodo": "Comunidade do Sem Terra da Sapiranga", "area_oficial": "SAPIRANGA / COITÉ", "faction": "CV", "lat": -3.79041, "long": -38.46164 }, "geometry": { "type": "Point", "coordinates": [ -38.46164, -3.79041 ] } },
{ "type": "Feature", "properties": { "micronodo": "Canal Leste da Sapiranga", "area_oficial": "SAPIRANGA / COITÉ", "faction": "CV", "lat": -3.792731, "long": -38.459736 }, "geometry": { "type": "Point", "coordinates": [ -38.459736, -3.792731 ] } },
{ "type": "Feature", "properties": { "micronodo": "Vila Uruca", "area_oficial": "SAPIRANGA / COITÉ", "faction": "CV", "lat": -3.794118, "long": -38.462129 }, "geometry": { "type": "Point", "coordinates": [ -38.462129, -3.794118 ] } },
{ "type": "Feature", "properties": { "micronodo": "Uruca", "area_oficial": "SAPIRANGA / COITÉ", "faction": "CV", "lat": -3.795647, "long": -38.462083 }, "geometry": { "type": "Point", "coordinates": [ -38.462083, -3.795647 ] } },
{ "type": "Feature", "properties": { "micronodo": "Muro Alto (Sapiranga)", "area_oficial": "SAPIRANGA / COITÉ", "faction": "CV", "lat": -3.794168, "long": -38.466486 }, "geometry": { "type": "Point", "coordinates": [ -38.466486, -3.794168 ] } },
{ "type": "Feature", "properties": { "micronodo": "Portelinha", "area_oficial": "SAPIRANGA / COITÉ", "faction": "CV", "lat": -3.798384, "long": -38.466927 }, "geometry": { "type": "Point", "coordinates": [ -38.466927, -3.798384 ] } },
{ "type": "Feature", "properties": { "micronodo": "Cidade Nova", "area_oficial": "CIDADE NOVA", "faction": "CV", "lat": -3.800921, "long": -38.46665 }, "geometry": { "type": "Point", "coordinates": [ -38.46665, -3.800921 ] } },
{ "type": "Feature", "properties": { "micronodo": "Pisarreira ou Jardim Novo Paraíso", "area_oficial": "SAPIRANGA / COITÉ", "faction": "CV", "lat": -3.798902, "long": -38.473679 }, "geometry": { "type": "Point", "coordinates": [ -38.473679, -3.798902 ] } },
{ "type": "Feature", "properties": { "micronodo": "Favela da Mana ou Sem Terra", "area_oficial": "PASSARÉ", "faction": "CV", "lat": -3.828608, "long": -38.531843 }, "geometry": { "type": "Point", "coordinates": [ -38.531843, -3.828608 ] } },
{ "type": "Feature", "properties": { "micronodo": "Comunidade Beira Sol ", "area_oficial": "ITAOCA", "faction": "CV", "lat": -3.774748, "long": -38.551666 }, "geometry": { "type": "Point", "coordinates": [ -38.551666, -3.774748 ] } },
{ "type": "Feature", "properties": { "micronodo": "Comunidade da Travessa", "area_oficial": "ITAOCA", "faction": "CV", "lat": -3.778713, "long": -38.556136 }, "geometry": { "type": "Point", "coordinates": [ -38.556136, -3.778713 ] } },
{ "type": "Feature", "properties": { "micronodo": "Comunidade GNG", "area_oficial": "SERRINHA", "faction": "CV", "lat": -3.781947, "long": -38.546401 }, "geometry": { "type": "Point", "coordinates": [ -38.546401, -3.781947 ] } },
{ "type": "Feature", "properties": { "micronodo": "Esquina do BN", "area_oficial": "ITAPERI", "faction": "CV", "lat": -3.783547, "long": -38.547958 }, "geometry": { "type": "Point", "coordinates": [ -38.547958, -3.783547 ] } },
{ "type": "Feature", "properties": { "micronodo": "Comunidade dos Fluxos", "area_oficial": "ITAPERI", "faction": "CV", "lat": -3.783789, "long": -38.549015 }, "geometry": { "type": "Point", "coordinates": [ -38.549015, -3.783789 ] } },
{ "type": "Feature", "properties": { "micronodo": "Comunidade ZF", "area_oficial": "SERRINHA", "faction": "CV", "lat": -3.782201, "long": -38.542405 }, "geometry": { "type": "Point", "coordinates": [ -38.542405, -3.782201 ] } },
{ "type": "Feature", "properties": { "micronodo": "Campo do Sobral", "area_oficial": "CAJAZEIRAS", "faction": "CV", "lat": -3.810844, "long": -38.516972 }, "geometry": { "type": "Point", "coordinates": [ -38.516972, -3.810844 ] } },
{ "type": "Feature", "properties": { "micronodo": "6 Companheiros", "area_oficial": "BARRA DO CEARÁ", "faction": "CV", "lat": -3.707181, "long": -38.578148 }, "geometry": { "type": "Point", "coordinates": [ -38.578148, -3.707181 ] } },
{ "type": "Feature", "properties": { "micronodo": "Rua Larga", "area_oficial": "FARIAS BRITO", "faction": "CV", "lat": -3.727419, "long": -38.543656 }, "geometry": { "type": "Point", "coordinates": [ -38.543656, -3.727419 ] } },
{ "type": "Feature", "properties": { "micronodo": "Apê", "area_oficial": "EDSON QUEIROZ", "faction": "CV", "lat": -3.773692, "long": -38.456619 }, "geometry": { "type": "Point", "coordinates": [ -38.456619, -3.773692 ] } },
{ "type": "Feature", "properties": { "micronodo": "Comunidade Do Serrote", "area_oficial": "SERRINHA", "faction": "CV", "lat": -3.780849, "long": -38.54221 }, "geometry": { "type": "Point", "coordinates": [ -38.54221, -3.780849 ] } },
{ "type": "Feature", "properties": { "micronodo": "Comunidade do Açai - Serrinha", "area_oficial": "SERRINHA", "faction": "CV", "lat": -3.78616, "long": -38.541518 }, "geometry": { "type": "Point", "coordinates": [ -38.541518, -3.78616 ] } },
{ "type": "Feature", "properties": { "micronodo": "Rampa", "area_oficial": "SERRINHA", "faction": "CV", "lat": -3.783466, "long": -38.546613 }, "geometry": { "type": "Point", "coordinates": [ -38.546613, -3.783466 ] } },
{ "type": "Feature", "properties": { "micronodo": "Comunidade Final da Linha", "area_oficial": "SERRINHA", "faction": "CV", "lat": -3.790233, "long": -38.537405 }, "geometry": { "type": "Point", "coordinates": [ -38.537405, -3.790233 ] } },
{ "type": "Feature", "properties": { "micronodo": "Rua do Gelo", "area_oficial": "EDSON QUEIROZ", "faction": "CV", "lat": -3.768482, "long": -38.472843 }, "geometry": { "type": "Point", "coordinates": [ -38.472843, -3.768482 ] } },
{ "type": "Feature", "properties": { "micronodo": "Itamaraty", "area_oficial": "PAUPINA", "faction": "CV", "lat": -3.857196, "long": -38.494087 }, "geometry": { "type": "Point", "coordinates": [ -38.494087, -3.857196 ] } },
{ "type": "Feature", "properties": { "micronodo": "Bairro Santa Fé", "area_oficial": "ANCURI", "faction": "CV", "lat": -3.861742, "long": -38.505174 }, "geometry": { "type": "Point", "coordinates": [ -38.505174, -3.861742 ] } },
{ "type": "Feature", "properties": { "micronodo": "Parque Betânia", "area_oficial": "JANGURUSSU", "faction": "CV", "lat": -3.836875, "long": -38.506862 }, "geometry": { "type": "Point", "coordinates": [ -38.506862, -3.836875 ] } },
{ "type": "Feature", "properties": { "micronodo": "Jardim Violeta", "area_oficial": "CAJAZEIRAS", "faction": "CV", "lat": -3.8119, "long": -38.511652 }, "geometry": { "type": "Point", "coordinates": [ -38.511652, -3.8119 ] } },
{ "type": "Feature", "properties": { "micronodo": "Comunidade do Seu Rosa", "area_oficial": "JOSÉ DE ALENCAR", "faction": "CV", "lat": -3.814657, "long": -38.476203 }, "geometry": { "type": "Point", "coordinates": [ -38.476203, -3.814657 ] } },
{ "type": "Feature", "properties": { "micronodo": "Betesda (Alto do Bode)", "area_oficial": "AUTRAN NUNES", "faction": "CV", "lat": -3.755113, "long": -38.598044 }, "geometry": { "type": "Point", "coordinates": [ -38.598044, -3.755113 ] } },
{ "type": "Feature", "properties": { "micronodo": "Comunidade da Luxou", "area_oficial": "PRAIA DO FUTURO I", "faction": "CV", "lat": -3.742461, "long": -38.458928 }, "geometry": { "type": "Point", "coordinates": [ -38.458928, -3.742461 ] } },
{ "type": "Feature", "properties": { "micronodo": "Comunidade dos Cocos ", "area_oficial": "PRAIA DO FUTURO I", "faction": "CV", "lat": -3.750714, "long": -38.450736 }, "geometry": { "type": "Point", "coordinates": [ -38.450736, -3.750714 ] } },
{ "type": "Feature", "properties": { "micronodo": "Morro da Embratel", "area_oficial": "PRAIA DO FUTURO II", "faction": "CV", "lat": -3.760955, "long": -38.448328 }, "geometry": { "type": "Point", "coordinates": [ -38.448328, -3.760955 ] } },
{ "type": "Feature", "properties": { "micronodo": "Comunidade do Caroço", "area_oficial": "PRAIA DO FUTURO I", "faction": "CV", "lat": -3.748808, "long": -38.452699 }, "geometry": { "type": "Point", "coordinates": [ -38.452699, -3.748808 ] } },
{ "type": "Feature", "properties": { "micronodo": "Santa Cecília", "area_oficial": "GRANJA LISBOA", "faction": "CV", "lat": -3.794867, "long": -38.61392 }, "geometry": { "type": "Point", "coordinates": [ -38.61392, -3.794867 ] } },
{ "type": "Feature", "properties": { "micronodo": "Comunidade Forró do Meu", "area_oficial": "SIQUEIRA", "faction": "CV", "lat": -3.798947, "long": -38.61772 }, "geometry": { "type": "Point", "coordinates": [ -38.61772, -3.798947 ] } },
{ "type": "Feature", "properties": { "micronodo": "CR", "area_oficial": "GRANJA LISBOA", "faction": "CV", "lat": -3.789924, "long": -38.627903 }, "geometry": { "type": "Point", "coordinates": [ -38.627903, -3.789924 ] } },
{ "type": "Feature", "properties": { "micronodo": "Comunidade da Jamaica", "area_oficial": "BOM JARDIM", "faction": "CV", "lat": -3.788086, "long": -38.606506 }, "geometry": { "type": "Point", "coordinates": [ -38.606506, -3.788086 ] } },
{ "type": "Feature", "properties": { "micronodo": "Comunidade do Pom", "area_oficial": "EDSON QUEIROZ", "faction": "CV", "lat": -3.771836, "long": -38.469908 }, "geometry": { "type": "Point", "coordinates": [ -38.469908, -3.771836 ] } },
{ "type": "Feature", "properties": { "micronodo": "Dendê", "area_oficial": "EDSON QUEIROZ", "faction": "CV", "lat": -3.772483, "long": -38.464083 }, "geometry": { "type": "Point", "coordinates": [ -38.464083, -3.772483 ] } },
{ "type": "Feature", "properties": { "micronodo": "Barro Duro", "area_oficial": "SAPIRANGA / COITÉ", "faction": "CV", "lat": -3.803085, "long": -38.459262 }, "geometry": { "type": "Point", "coordinates": [ -38.459262, -3.803085 ] } },
{ "type": "Feature", "properties": { "micronodo": "Palmeirinha ", "area_oficial": "LAGOA REDONDA", "faction": "CV", "lat": -3.825304, "long": -38.457804 }, "geometry": { "type": "Point", "coordinates": [ -38.457804, -3.825304 ] } },
{ "type": "Feature", "properties": { "micronodo": "Parque Guadalajara", "area_oficial": "GUADALAJARA", "faction": "CV", "lat": -3.765675, "long": -38.626758 }, "geometry": { "type": "Point", "coordinates": [ -38.626758, -3.765675 ] } },
{ "type": "Feature", "properties": { "micronodo": "Conjunto Ceará II", "area_oficial": "CONJUNTO CEARÁ II", "faction": "CV", "lat": -3.76357, "long": -38.614448 }, "geometry": { "type": "Point", "coordinates": [ -38.614448, -3.76357 ] } },
{ "type": "Feature", "properties": { "micronodo": "Conjunto Ceará I", "area_oficial": "CONJUNTO CEARÁ I", "faction": "CV", "lat": -3.758336, "long": -38.612053 }, "geometry": { "type": "Point", "coordinates": [ -38.612053, -3.758336 ] } },
{ "type": "Feature", "properties": { "micronodo": "Conjunto Ceará", "area_oficial": "CONJUNTO CEARÁ II", "faction": "CV", "lat": -3.770004, "long": -38.613983 }, "geometry": { "type": "Point", "coordinates": [ -38.613983, -3.770004 ] } },
{ "type": "Feature", "properties": { "micronodo": "Comunidade da Carroça", "area_oficial": "BONSUCESSO", "faction": "CV", "lat": -3.777642, "long": -38.589408 }, "geometry": { "type": "Point", "coordinates": [ -38.589408, -3.777642 ] } },
{ "type": "Feature", "properties": { "micronodo": "Cemitério", "area_oficial": "MESSEJANA", "faction": "CV", "lat": -3.837638, "long": -38.493423 }, "geometry": { "type": "Point", "coordinates": [ -38.493423, -3.837638 ] } },
{ "type": "Feature", "properties": { "micronodo": "Santa Rosa- Messejana", "area_oficial": "COAÇU", "faction": "CV", "lat": -3.846943, "long": -38.477486 }, "geometry": { "type": "Point", "coordinates": [ -38.477486, -3.846943 ] } },
{ "type": "Feature", "properties": { "micronodo": "Comunidade Pôr do Sol", "area_oficial": "COAÇU", "faction": "CV", "lat": -3.849148, "long": -38.476048 }, "geometry": { "type": "Point", "coordinates": [ -38.476048, -3.849148 ] } },
{ "type": "Feature", "properties": { "micronodo": "Arrebol", "area_oficial": "COAÇU", "faction": "CV", "lat": -3.843356, "long": -38.471568 }, "geometry": { "type": "Point", "coordinates": [ -38.471568, -3.843356 ] } },
{ "type": "Feature", "properties": { "micronodo": "Comunidade Renascer", "area_oficial": "COAÇU", "faction": "CV", "lat": -3.849006, "long": -38.480882 }, "geometry": { "type": "Point", "coordinates": [ -38.480882, -3.849006 ] } },
{ "type": "Feature", "properties": { "micronodo": "Comunidade do S", "area_oficial": "PAUPINA", "faction": "CV", "lat": -3.865245, "long": -38.496572 }, "geometry": { "type": "Point", "coordinates": [ -38.496572, -3.865245 ] } },
{ "type": "Feature", "properties": { "micronodo": "Comunidade do Arroz", "area_oficial": "SÃO BENTO", "faction": "CV", "lat": -3.853624, "long": -38.483004 }, "geometry": { "type": "Point", "coordinates": [ -38.483004, -3.853624 ] } },
{ "type": "Feature", "properties": { "micronodo": "CAMPO ", "area_oficial": "SÃO BENTO", "faction": "CV", "lat": -3.850172, "long": -38.486259 }, "geometry": { "type": "Point", "coordinates": [ -38.486259, -3.850172 ] } },
{ "type": "Feature", "properties": { "micronodo": "Comunidade da Granjinha- Planalto Pici", "area_oficial": "PICI", "faction": "CV", "lat": -3.754436, "long": -38.578196 }, "geometry": { "type": "Point", "coordinates": [ -38.578196, -3.754436 ] } },
{ "type": "Feature", "properties": { "micronodo": "Comunidade PSD", "area_oficial": "PICI", "faction": "CV", "lat": -3.756291, "long": -38.57828 }, "geometry": { "type": "Point", "coordinates": [ -38.57828, -3.756291 ] } },
{ "type": "Feature", "properties": { "micronodo": "Comunidade do Campinho (Bela Vista)", "area_oficial": "PICI", "faction": "CV", "lat": -3.749519, "long": -38.568553 }, "geometry": { "type": "Point", "coordinates": [ -38.568553, -3.749519 ] } },
{ "type": "Feature", "properties": { "micronodo": "Jacaré (Bela Vista)", "area_oficial": "BELA VISTA", "faction": "CV", "lat": -3.752323, "long": -38.561283 }, "geometry": { "type": "Point", "coordinates": [ -38.561283, -3.752323 ] } },
{ "type": "Feature", "properties": { "micronodo": "Malvina (Bela Vista)", "area_oficial": "PANAMERICANO", "faction": "CV", "lat": -3.750217, "long": -38.566395 }, "geometry": { "type": "Point", "coordinates": [ -38.566395, -3.750217 ] } },
{ "type": "Feature", "properties": { "micronodo": "Mercado Bela Vista", "area_oficial": "BELA VISTA", "faction": "CV", "lat": -3.755441, "long": -38.55888 }, "geometry": { "type": "Point", "coordinates": [ -38.55888, -3.755441 ] } },
{ "type": "Feature", "properties": { "micronodo": "Vila dos Operários", "area_oficial": "PARQUELÂNDIA", "faction": "CV", "lat": -3.736991, "long": -38.559245 }, "geometry": { "type": "Point", "coordinates": [ -38.559245, -3.736991 ] } },
{ "type": "Feature", "properties": { "micronodo": "Comunidade Tiofim", "area_oficial": "PARQUELÂNDIA", "faction": "CV", "lat": -3.736333, "long": -38.556056 }, "geometry": { "type": "Point", "coordinates": [ -38.556056, -3.736333 ] } },
{ "type": "Feature", "properties": { "micronodo": "Favelinha Parquelândia", "area_oficial": "AMADEU FURTADO", "faction": "CV", "lat": -3.745694, "long": -38.563095 }, "geometry": { "type": "Point", "coordinates": [ -38.563095, -3.745694 ] } },
{ "type": "Feature", "properties": { "micronodo": "Canal", "area_oficial": "RODOLFO TEÓFILO", "faction": "CV", "lat": -3.744511, "long": -38.54781 }, "geometry": { "type": "Point", "coordinates": [ -38.54781, -3.744511 ] } },
{ "type": "Feature", "properties": { "micronodo": "Comunidade do Bloco", "area_oficial": "RODOLFO TEÓFILO", "faction": "CV", "lat": -3.742354, "long": -38.551264 }, "geometry": { "type": "Point", "coordinates": [ -38.551264, -3.742354 ] } },
{ "type": "Feature", "properties": { "micronodo": "Gongon ou Gonçalves Dias ", "area_oficial": "RODOLFO TEÓFILO", "faction": "CV", "lat": -3.742514, "long": -38.552786 }, "geometry": { "type": "Point", "coordinates": [ -38.552786, -3.742514 ] } },
{ "type": "Feature", "properties": { "micronodo": "Forró da Bala", "area_oficial": "BELA VISTA", "faction": "CV", "lat": -3.750037, "long": -38.55952 }, "geometry": { "type": "Point", "coordinates": [ -38.55952, -3.750037 ] } },
{ "type": "Feature", "properties": { "micronodo": "Portelinha (Alto do Bode)", "area_oficial": "AUTRAN NUNES", "faction": "CV", "lat": -3.748487, "long": -38.595707 }, "geometry": { "type": "Point", "coordinates": [ -38.595707, -3.748487 ] } },
{ "type": "Feature", "properties": { "micronodo": "Carandiru (Alto do Bode)", "area_oficial": "AUTRAN NUNES", "faction": "CV", "lat": -3.758224, "long": -38.594357 }, "geometry": { "type": "Point", "coordinates": [ -38.594357, -3.758224 ] } },
{ "type": "Feature", "properties": { "micronodo": "Gereberaba", "area_oficial": "SABIAGUABA", "faction": "CV", "lat": -3.802984, "long": -38.439698 }, "geometry": { "type": "Point", "coordinates": [ -38.439698, -3.802984 ] } },
{ "type": "Feature", "properties": { "micronodo": "Sem Terra", "area_oficial": "MERUOCA", "faction": "CV", "lat": -3.691599, "long": -40.362346 }, "geometry": { "type": "Point", "coordinates": [ -40.362346, -3.691599 ] } },
{ "type": "Feature", "properties": { "micronodo": "Alto Novo", "area_oficial": "MERUOCA", "faction": "CV", "lat": -3.691599, "long": -40.362346 }, "geometry": { "type": "Point", "coordinates": [ -40.362346, -3.691599 ] } },
{ "type": "Feature", "properties": { "micronodo": "Alto Cristo", "area_oficial": "MERUOCA", "faction": "CV", "lat": -3.68361, "long": -40.36062 }, "geometry": { "type": "Point", "coordinates": [ -40.36062, -3.68361 ] } },
{ "type": "Feature", "properties": { "micronodo": "Tamarindo ", "area_oficial": "MERUOCA", "faction": "CV", "lat": -3.69444, "long": -40.354177 }, "geometry": { "type": "Point", "coordinates": [ -40.354177, -3.69444 ] } },
{ "type": "Feature", "properties": { "micronodo": "Mucambinho", "area_oficial": "MERUOCA", "faction": "CV", "lat": -3.681293, "long": -40.369034 }, "geometry": { "type": "Point", "coordinates": [ -40.369034, -3.681293 ] } },
{ "type": "Feature", "properties": { "micronodo": "Parque Silvana", "area_oficial": "MERUOCA", "faction": "CV", "lat": -3.671976, "long": -40.354164 }, "geometry": { "type": "Point", "coordinates": [ -40.354164, -3.671976 ] } },
{ "type": "Feature", "properties": { "micronodo": "Alto da Expectativa", "area_oficial": "MERUOCA", "faction": "CV", "lat": -3.672184, "long": -40.351242 }, "geometry": { "type": "Point", "coordinates": [ -40.351242, -3.672184 ] } },
{ "type": "Feature", "properties": { "micronodo": "Rua da Lama", "area_oficial": "MERUOCA", "faction": "CV", "lat": -3.67693, "long": -40.346064 }, "geometry": { "type": "Point", "coordinates": [ -40.346064, -3.67693 ] } },
{ "type": "Feature", "properties": { "micronodo": "Novo Recanto", "area_oficial": "MERUOCA", "faction": "CV", "lat": -3.661242, "long": -40.34074 }, "geometry": { "type": "Point", "coordinates": [ -40.34074, -3.661242 ] } },
{ "type": "Feature", "properties": { "micronodo": "Coxinha", "area_oficial": "MERUOCA", "faction": "CV", "lat": -3.676273, "long": -40.375234 }, "geometry": { "type": "Point", "coordinates": [ -40.375234, -3.676273 ] } },
{ "type": "Feature", "properties": { "micronodo": "Santo Antônio", "area_oficial": "SOBRAL", "faction": "CV", "lat": -3.70228, "long": -40.340502 }, "geometry": { "type": "Point", "coordinates": [ -40.340502, -3.70228 ] } },
{ "type": "Feature", "properties": { "micronodo": "Sinhá Saboia", "area_oficial": "SOBRAL", "faction": "CV", "lat": -3.70263, "long": -40.337691 }, "geometry": { "type": "Point", "coordinates": [ -40.337691, -3.70263 ] } },
{ "type": "Feature", "properties": { "micronodo": "COHAB I", "area_oficial": "SOBRAL", "faction": "CV", "lat": -3.709919, "long": -40.334593 }, "geometry": { "type": "Point", "coordinates": [ -40.334593, -3.709919 ] } },
{ "type": "Feature", "properties": { "micronodo": "Jatobá ", "area_oficial": "SOBRAL", "faction": "CV", "lat": -3.705703, "long": -40.329693 }, "geometry": { "type": "Point", "coordinates": [ -40.329693, -3.705703 ] } },
{ "type": "Feature", "properties": { "micronodo": "COHAB II", "area_oficial": "SOBRAL", "faction": "CV", "lat": -3.698633, "long": -40.333357 }, "geometry": { "type": "Point", "coordinates": [ -40.333357, -3.698633 ] } },
{ "type": "Feature", "properties": { "micronodo": "Patrícia Gomes", "area_oficial": "URUCUTUBA", "faction": "CV", "lat": -3.757516, "long": -38.653441 }, "geometry": { "type": "Point", "coordinates": [ -38.653441, -3.757516 ] } },
{ "type": "Feature", "properties": { "micronodo": "Alto Alegre I", "area_oficial": "ALTO ALEGRE II", "faction": "CV", "lat": -3.832799, "long": -38.616211 }, "geometry": { "type": "Point", "coordinates": [ -38.616211, -3.832799 ] } },
{ "type": "Feature", "properties": { "micronodo": "Favela da Invasão ", "area_oficial": "CIDADE NOVA", "faction": "CV", "lat": -3.84341, "long": -38.56449 }, "geometry": { "type": "Point", "coordinates": [ -38.56449, -3.84341 ] } },
{ "type": "Feature", "properties": { "micronodo": "Comunidade Olical", "area_oficial": "BARRA DO CEARÁ", "faction": "CV", "lat": -3.709337, "long": -38.575988 }, "geometry": { "type": "Point", "coordinates": [ -38.575988, -3.709337 ] } },
{ "type": "Feature", "properties": { "micronodo": "Distrito de Pecém", "area_oficial": "PARACURU", "faction": "CV", "lat": -3.54686, "long": -38.833733 }, "geometry": { "type": "Point", "coordinates": [ -38.833733, -3.54686 ] } },
{ "type": "Feature", "properties": { "micronodo": "Comunidade Riacho Doce- Barra do Ceará", "area_oficial": "BARRA DO CEARÁ", "faction": "CV", "lat": -3.710726, "long": -38.584898 }, "geometry": { "type": "Point", "coordinates": [ -38.584898, -3.710726 ] } },
{ "type": "Feature", "properties": { "micronodo": "Comunidade da Boba", "area_oficial": "PARREÃO", "faction": "CV", "lat": -3.760078, "long": -38.528714 }, "geometry": { "type": "Point", "coordinates": [ -38.528714, -3.760078 ] } },
{ "type": "Feature", "properties": { "micronodo": "Comunidade Graviolas", "area_oficial": "PRAIA DE IRACEMA", "faction": "CV", "lat": -3.723963, "long": -38.514911 }, "geometry": { "type": "Point", "coordinates": [ -38.514911, -3.723963 ] } },
{ "type": "Feature", "properties": { "micronodo": "Comunidade Legião", "area_oficial": "PARQUE ARAXÁ", "faction": "CV", "lat": -3.729735, "long": -38.548153 }, "geometry": { "type": "Point", "coordinates": [ -38.548153, -3.729735 ] } },
{ "type": "Feature", "properties": { "micronodo": "Comunidade Tupiniquim", "area_oficial": "FLORESTA", "faction": "CV", "lat": -3.725842, "long": -38.574464 }, "geometry": { "type": "Point", "coordinates": [ -38.574464, -3.725842 ] } },
{ "type": "Feature", "properties": { "micronodo": "Aeroporto", "area_oficial": "AEROPORTO", "faction": "CV", "lat": -3.770229, "long": -38.546674 }, "geometry": { "type": "Point", "coordinates": [ -38.546674, -3.770229 ] } },
{ "type": "Feature", "properties": { "micronodo": "São Mateus", "area_oficial": "PARREÃO", "faction": "CV", "lat": -3.762422, "long": -38.539607 }, "geometry": { "type": "Point", "coordinates": [ -38.539607, -3.762422 ] } },
{ "type": "Feature", "properties": { "micronodo": "Cidade de Camocim", "area_oficial": "CAMOCIM", "faction": "CV", "lat": -2.883472, "long": -40.847088 }, "geometry": { "type": "Point", "coordinates": [ -40.847088, -2.883472 ] } },
{ "type": "Feature", "properties": { "micronodo": "Cidade de Massapê", "area_oficial": "MASSAPÊ", "faction": "CV", "lat": -3.511347, "long": -40.356503 }, "geometry": { "type": "Point", "coordinates": [ -40.356503, -3.511347 ] } },
{ "type": "Feature", "properties": { "micronodo": "Cidade de Uruoca", "area_oficial": "SENADOR SÁ", "faction": "CV", "lat": -3.310083, "long": -40.562079 }, "geometry": { "type": "Point", "coordinates": [ -40.562079, -3.310083 ] } },
{ "type": "Feature", "properties": { "micronodo": "Cidade de Martinópole", "area_oficial": "MARTINÓPOLE", "faction": "CV", "lat": -3.218033, "long": -40.70078 }, "geometry": { "type": "Point", "coordinates": [ -40.70078, -3.218033 ] } },
{ "type": "Feature", "properties": { "micronodo": "Cidade de Morrinhos", "area_oficial": "MORRINHOS", "faction": "CV", "lat": -3.225715, "long": -40.129082 }, "geometry": { "type": "Point", "coordinates": [ -40.129082, -3.225715 ] } },
{ "type": "Feature", "properties": { "micronodo": "Cidade de Bela Cruz ", "area_oficial": "ACARAU", "faction": "CV", "lat": -3.049961, "long": -40.165563 }, "geometry": { "type": "Point", "coordinates": [ -40.165563, -3.049961 ] } },
{ "type": "Feature", "properties": { "micronodo": "Cidade de Jericoacoara", "area_oficial": "JIJOCA DE JERICOACOARA", "faction": "CV", "lat": -2.901078, "long": -40.436513 }, "geometry": { "type": "Point", "coordinates": [ -40.436513, -2.901078 ] } },
{ "type": "Feature", "properties": { "micronodo": "Cidade de Umirim ", "area_oficial": "UMIRIM", "faction": "CV", "lat": -3.671172, "long": -39.358599 }, "geometry": { "type": "Point", "coordinates": [ -39.358599, -3.671172 ] } },
{ "type": "Feature", "properties": { "micronodo": "Cidade de Uruburetama", "area_oficial": "URUBURETAMA", "faction": "CV", "lat": -3.619629, "long": -39.516607 }, "geometry": { "type": "Point", "coordinates": [ -39.516607, -3.619629 ] } },
{ "type": "Feature", "properties": { "micronodo": "Distrito de São Jerônimo", "area_oficial": "GUAIÚBA", "faction": "CV", "lat": -4.080645, "long": -38.703464 }, "geometry": { "type": "Point", "coordinates": [ -38.703464, -4.080645 ] } },
{ "type": "Feature", "properties": { "micronodo": "Cidade de Chorozinho", "area_oficial": "CHOROZINHO", "faction": "CV", "lat": -4.295325, "long": -38.510736 }, "geometry": { "type": "Point", "coordinates": [ -38.510736, -4.295325 ] } },
{ "type": "Feature", "properties": { "micronodo": "Gamaleira", "area_oficial": "HORIZONTE", "faction": "CV", "lat": -4.108007, "long": -38.500743 }, "geometry": { "type": "Point", "coordinates": [ -38.500743, -4.108007 ] } },
{ "type": "Feature", "properties": { "micronodo": "Catolé", "area_oficial": "HORIZONTE", "faction": "CV", "lat": -4.085022, "long": -38.515247 }, "geometry": { "type": "Point", "coordinates": [ -38.515247, -4.085022 ] } },
{ "type": "Feature", "properties": { "micronodo": "Buenos Aires II", "area_oficial": "HORIZONTE", "faction": "CV", "lat": -4.096037, "long": -38.510446 }, "geometry": { "type": "Point", "coordinates": [ -38.510446, -4.096037 ] } },
{ "type": "Feature", "properties": { "micronodo": "Queimados", "area_oficial": "HORIZONTE", "faction": "CV", "lat": -4.124236, "long": -38.50126 }, "geometry": { "type": "Point", "coordinates": [ -38.50126, -4.124236 ] } },
{ "type": "Feature", "properties": { "micronodo": "CDD", "area_oficial": "HORIZONTE", "faction": "CV", "lat": -4.125122, "long": -38.504696 }, "geometry": { "type": "Point", "coordinates": [ -38.504696, -4.125122 ] } },
{ "type": "Feature", "properties": { "micronodo": "Vila Nascimento", "area_oficial": "HORIZONTE", "faction": "CV", "lat": -4.10215, "long": -38.499796 }, "geometry": { "type": "Point", "coordinates": [ -38.499796, -4.10215 ] } },
{ "type": "Feature", "properties": { "micronodo": "Dourados", "area_oficial": "HORIZONTE", "faction": "CV", "lat": -4.102007, "long": -38.458972 }, "geometry": { "type": "Point", "coordinates": [ -38.458972, -4.102007 ] } },
{ "type": "Feature", "properties": { "micronodo": "Coqueiros", "area_oficial": "HORIZONTE", "faction": "CV", "lat": -4.105611, "long": -38.442338 }, "geometry": { "type": "Point", "coordinates": [ -38.442338, -4.105611 ] } },
{ "type": "Feature", "properties": { "micronodo": "Mercado", "area_oficial": "HORIZONTE", "faction": "CV", "lat": -4.10501, "long": -38.492999 }, "geometry": { "type": "Point", "coordinates": [ -38.492999, -4.10501 ] } },
{ "type": "Feature", "properties": { "micronodo": "Rafael Santos", "area_oficial": "HORIZONTE", "faction": "CV", "lat": -4.092022, "long": -38.502905 }, "geometry": { "type": "Point", "coordinates": [ -38.502905, -4.092022 ] } },
{ "type": "Feature", "properties": { "micronodo": "Cumaru", "area_oficial": "PACAJUS", "faction": "CV", "lat": -4.18634, "long": -38.46889 }, "geometry": { "type": "Point", "coordinates": [ -38.46889, -4.18634 ] } },
{ "type": "Feature", "properties": { "micronodo": "COHAB", "area_oficial": "PACAJUS", "faction": "CV", "lat": -4.182051, "long": -38.470044 }, "geometry": { "type": "Point", "coordinates": [ -38.470044, -4.182051 ] } },
{ "type": "Feature", "properties": { "micronodo": "Banguê II", "area_oficial": "PACAJUS", "faction": "CV", "lat": -4.182051, "long": -38.470044 }, "geometry": { "type": "Point", "coordinates": [ -38.470044, -4.182051 ] } },
{ "type": "Feature", "properties": { "micronodo": "Vila Diogo", "area_oficial": "PACAJUS", "faction": "CV", "lat": -4.183957, "long": -38.476396 }, "geometry": { "type": "Point", "coordinates": [ -38.476396, -4.183957 ] } },
{ "type": "Feature", "properties": { "micronodo": "Condomínios", "area_oficial": "PACAJUS", "faction": "CV", "lat": -4.17889, "long": -38.474137 }, "geometry": { "type": "Point", "coordinates": [ -38.474137, -4.17889 ] } },
{ "type": "Feature", "properties": { "micronodo": "Dedé Gama", "area_oficial": "PACAJUS", "faction": "CV", "lat": -4.180604, "long": -38.470122 }, "geometry": { "type": "Point", "coordinates": [ -38.470122, -4.180604 ] } },
{ "type": "Feature", "properties": { "micronodo": "Granja", "area_oficial": "GRANJA", "faction": "CV", "lat": -4.186113, "long": -38.460808 }, "geometry": { "type": "Point", "coordinates": [ -38.460808, -4.186113 ] } },
{ "type": "Feature", "properties": { "micronodo": "Pajeú", "area_oficial": "PACAJUS", "faction": "CV", "lat": -4.18528, "long": -38.456516 }, "geometry": { "type": "Point", "coordinates": [ -38.456516, -4.18528 ] } },
{ "type": "Feature", "properties": { "micronodo": "Banguê I", "area_oficial": "PACAJUS", "faction": "CV", "lat": -4.183617, "long": -38.464479 }, "geometry": { "type": "Point", "coordinates": [ -38.464479, -4.183617 ] } },
{ "type": "Feature", "properties": { "micronodo": "Aldeia Park", "area_oficial": "PACAJUS", "faction": "CV", "lat": -4.183104, "long": -38.461432 }, "geometry": { "type": "Point", "coordinates": [ -38.461432, -4.183104 ] } },
{ "type": "Feature", "properties": { "micronodo": "Planalto Popular", "area_oficial": "PACAJUS", "faction": "CV", "lat": -4.176959, "long": -38.455135 }, "geometry": { "type": "Point", "coordinates": [ -38.455135, -4.176959 ] } },
{ "type": "Feature", "properties": { "micronodo": "Cruz das Almas", "area_oficial": "PACAJUS", "faction": "CV", "lat": -4.1711, "long": -38.460453 }, "geometry": { "type": "Point", "coordinates": [ -38.460453, -4.1711 ] } },
{ "type": "Feature", "properties": { "micronodo": "Croata I", "area_oficial": "PACAJUS", "faction": "CV", "lat": -4.167761, "long": -38.455396 }, "geometry": { "type": "Point", "coordinates": [ -38.455396, -4.167761 ] } },
{ "type": "Feature", "properties": { "micronodo": "Cavalaria", "area_oficial": "PACAJUS", "faction": "CV", "lat": -4.176193, "long": -38.522041 }, "geometry": { "type": "Point", "coordinates": [ -38.522041, -4.176193 ] } },
{ "type": "Feature", "properties": { "micronodo": "Bairro Limoeiro", "area_oficial": "HORIZONTE", "faction": "CV", "lat": -4.160212, "long": -38.427136 }, "geometry": { "type": "Point", "coordinates": [ -38.427136, -4.160212 ] } },
{ "type": "Feature", "properties": { "micronodo": "Mangabeira", "area_oficial": "HORIZONTE", "faction": "CV", "lat": -4.15434, "long": -38.403513 }, "geometry": { "type": "Point", "coordinates": [ -38.403513, -4.15434 ] } },
{ "type": "Feature", "properties": { "micronodo": "Itaipaba", "area_oficial": "ACARAPE", "faction": "CV", "lat": -4.180908, "long": -38.585865 }, "geometry": { "type": "Point", "coordinates": [ -38.585865, -4.180908 ] } },
{ "type": "Feature", "properties": { "micronodo": "Pascoal", "area_oficial": "PACAJUS", "faction": "CV", "lat": -4.221024, "long": -38.574117 }, "geometry": { "type": "Point", "coordinates": [ -38.574117, -4.221024 ] } },
{ "type": "Feature", "properties": { "micronodo": "Cidade de Caridade", "area_oficial": "CARIDADE", "faction": "CV", "lat": -4.233338, "long": -39.200131 }, "geometry": { "type": "Point", "coordinates": [ -39.200131, -4.233338 ] } },
{ "type": "Feature", "properties": { "micronodo": "Comunidade da Baixada", "area_oficial": "EDSON QUEIROZ", "faction": "CV", "lat": -3.770156, "long": -38.47113 }, "geometry": { "type": "Point", "coordinates": [ -38.47113, -3.770156 ] } },
{ "type": "Feature", "properties": { "micronodo": "Comunidade do Rato", "area_oficial": "JARDIM CEARENSE", "faction": "CV", "lat": -3.806028, "long": -38.563659 }, "geometry": { "type": "Point", "coordinates": [ -38.563659, -3.806028 ] } },
{ "type": "Feature", "properties": { "micronodo": "Comunidade Alto da Paz", "area_oficial": "JARDIM CEARENSE", "faction": "CV", "lat": -3.805126, "long": -38.56171 }, "geometry": { "type": "Point", "coordinates": [ -38.56171, -3.805126 ] } },
{ "type": "Feature", "properties": { "micronodo": "Itaperi", "area_oficial": "ITAPERI", "faction": "CV", "lat": -3.810263, "long": -38.562921 }, "geometry": { "type": "Point", "coordinates": [ -38.562921, -3.810263 ] } },
{ "type": "Feature", "properties": { "micronodo": "Comunidade Barracal", "area_oficial": "JARDIM CEARENSE", "faction": "CV", "lat": -3.803949, "long": -38.569503 }, "geometry": { "type": "Point", "coordinates": [ -38.569503, -3.803949 ] } },
{ "type": "Feature", "properties": { "micronodo": "Vila Nova - Parangaba", "area_oficial": "PARANGABA", "faction": "CV", "lat": -3.77843, "long": -38.566005 }, "geometry": { "type": "Point", "coordinates": [ -38.566005, -3.77843 ] } },
{ "type": "Feature", "properties": { "micronodo": "Marechal Benfica", "area_oficial": "BENFICA", "faction": "CV", "lat": -3.740252, "long": -38.537638 }, "geometry": { "type": "Point", "coordinates": [ -38.537638, -3.740252 ] } },
{ "type": "Feature", "properties": { "micronodo": "Baixada- Otávio Bonfim", "area_oficial": "PARQUE ARAXÁ", "faction": "CV", "lat": -3.73445, "long": -38.546978 }, "geometry": { "type": "Point", "coordinates": [ -38.546978, -3.73445 ] } },
{ "type": "Feature", "properties": { "micronodo": "Lagoa Seca de Maraponga", "area_oficial": "MARAPONGA", "faction": "CV", "lat": -3.789153, "long": -38.562591 }, "geometry": { "type": "Point", "coordinates": [ -38.562591, -3.789153 ] } },
{ "type": "Feature", "properties": { "micronodo": "Buraco da Gia- Benfica", "area_oficial": "BENFICA", "faction": "CV", "lat": -3.736619, "long": -38.538367 }, "geometry": { "type": "Point", "coordinates": [ -38.538367, -3.736619 ] } },
{ "type": "Feature", "properties": { "micronodo": "Itaoca", "area_oficial": "ITAOCA", "faction": "CV", "lat": -3.774584, "long": -38.558632 }, "geometry": { "type": "Point", "coordinates": [ -38.558632, -3.774584 ] } },
{ "type": "Feature", "properties": { "micronodo": "Área Verde", "area_oficial": "PARQUE ALBANO", "faction": "CV", "lat": -3.753625, "long": -38.608773 }, "geometry": { "type": "Point", "coordinates": [ -38.608773, -3.753625 ] } },
{ "type": "Feature", "properties": { "micronodo": "Cidade de Acarape", "area_oficial": "ACARAPE", "faction": "CV", "lat": -4.216411, "long": -38.707605 }, "geometry": { "type": "Point", "coordinates": [ -38.707605, -4.216411 ] } },
{ "type": "Feature", "properties": { "micronodo": "Irauçuba", "area_oficial": "IRAUÇUBA", "faction": "CV", "lat": -3.744463, "long": -39.794197 }, "geometry": { "type": "Point", "coordinates": [ -39.794197, -3.744463 ] } },
{ "type": "Feature", "properties": { "micronodo": "Alto Luminoso", "area_oficial": "PINDORETAMA", "faction": "CV", "lat": -4.141176, "long": -38.251901 }, "geometry": { "type": "Point", "coordinates": [ -38.251901, -4.141176 ] } },
{ "type": "Feature", "properties": { "micronodo": "Bessalandia", "area_oficial": "PINDORETAMA", "faction": "CV", "lat": -4.128251, "long": -38.244396 }, "geometry": { "type": "Point", "coordinates": [ -38.244396, -4.128251 ] } },
{ "type": "Feature", "properties": { "micronodo": "Cohab de Cascavel", "area_oficial": "PINDORETAMA", "faction": "CV", "lat": -4.138993, "long": -38.235033 }, "geometry": { "type": "Point", "coordinates": [ -38.235033, -4.138993 ] } },
{ "type": "Feature", "properties": { "micronodo": "Lotemenento Espaço Nobre", "area_oficial": "PINDORETAMA", "faction": "CV", "lat": -4.112592, "long": -38.246564 }, "geometry": { "type": "Point", "coordinates": [ -38.246564, -4.112592 ] } },
{ "type": "Feature", "properties": { "micronodo": "Mataquiri", "area_oficial": "PINDORETAMA", "faction": "CV", "lat": -4.113575, "long": -38.264234 }, "geometry": { "type": "Point", "coordinates": [ -38.264234, -4.113575 ] } },
{ "type": "Feature", "properties": { "micronodo": "Coaçu", "area_oficial": "COAÇU", "faction": "CV", "lat": -4.119026, "long": -38.225183 }, "geometry": { "type": "Point", "coordinates": [ -38.225183, -4.119026 ] } },
{ "type": "Feature", "properties": { "micronodo": "Rio Novo", "area_oficial": "PINDORETAMA", "faction": "CV", "lat": -4.132864, "long": -38.246483 }, "geometry": { "type": "Point", "coordinates": [ -38.246483, -4.132864 ] } },
{ "type": "Feature", "properties": { "micronodo": "Vila Pacheco", "area_oficial": "PINDORETAMA", "faction": "CV", "lat": -4.118388, "long": -38.246788 }, "geometry": { "type": "Point", "coordinates": [ -38.246788, -4.118388 ] } },
{ "type": "Feature", "properties": { "micronodo": "Araras", "area_oficial": "PIRES FERREIRA", "faction": "CV", "lat": -4.190795, "long": -40.482867 }, "geometry": { "type": "Point", "coordinates": [ -40.482867, -4.190795 ] } },
{ "type": "Feature", "properties": { "micronodo": "Tijucussu 1", "area_oficial": "PINDORETAMA", "faction": "CV", "lat": -4.079018, "long": -38.26225 }, "geometry": { "type": "Point", "coordinates": [ -38.26225, -4.079018 ] } },
{ "type": "Feature", "properties": { "micronodo": "Planalto - Cascavel", "area_oficial": "PINDORETAMA", "faction": "CV", "lat": -4.118388, "long": -38.246788 }, "geometry": { "type": "Point", "coordinates": [ -38.246788, -4.118388 ] } },
{ "type": "Feature", "properties": { "micronodo": "Barra Nova", "area_oficial": "PINDORETAMA", "faction": "CV", "lat": -4.101654, "long": -38.155749 }, "geometry": { "type": "Point", "coordinates": [ -38.155749, -4.101654 ] } },
{ "type": "Feature", "properties": { "micronodo": "Bairro Emprestimos", "area_oficial": "PIRES FERREIRA", "faction": "CV", "lat": -4.185006, "long": -40.495565 }, "geometry": { "type": "Point", "coordinates": [ -40.495565, -4.185006 ] } },
{ "type": "Feature", "properties": { "micronodo": "Cidade de Reriutaba", "area_oficial": "RERIUTABA", "faction": "CV", "lat": -4.13821, "long": -40.58738 }, "geometry": { "type": "Point", "coordinates": [ -40.58738, -4.13821 ] } },
{ "type": "Feature", "properties": { "micronodo": "Santa Quitéria", "area_oficial": "SANTA QUITÉRIA", "faction": "CV", "lat": -4.323045, "long": -40.146987 }, "geometry": { "type": "Point", "coordinates": [ -40.146987, -4.323045 ] } },
{ "type": "Feature", "properties": { "micronodo": "Cidade de Catunda", "area_oficial": "CATUNDA", "faction": "CV", "lat": -4.64186, "long": -40.204778 }, "geometry": { "type": "Point", "coordinates": [ -40.204778, -4.64186 ] } },
{ "type": "Feature", "properties": { "micronodo": "Cidade de Nova Russas", "area_oficial": "NOVA RUSSAS", "faction": "CV", "lat": -4.700031, "long": -40.568218 }, "geometry": { "type": "Point", "coordinates": [ -40.568218, -4.700031 ] } },
{ "type": "Feature", "properties": { "micronodo": "Cidade de Tejuçuoca", "area_oficial": "TEJUÇUOCA", "faction": "CV", "lat": -3.986881, "long": -39.58476 }, "geometry": { "type": "Point", "coordinates": [ -39.58476, -3.986881 ] } },
{ "type": "Feature", "properties": { "micronodo": "15 de Novembro", "area_oficial": "PENTECOSTE", "faction": "CV", "lat": -3.795163, "long": -39.262359 }, "geometry": { "type": "Point", "coordinates": [ -39.262359, -3.795163 ] } },
{ "type": "Feature", "properties": { "micronodo": "Vila de Jericoacoara", "area_oficial": "JIJOCA DE JERICOACOARA", "faction": "CV", "lat": -2.796464, "long": -40.518385 }, "geometry": { "type": "Point", "coordinates": [ -40.518385, -2.796464 ] } },
{ "type": "Feature", "properties": { "micronodo": "Preá", "area_oficial": "JIJOCA DE JERICOACOARA", "faction": "CV", "lat": -2.811965, "long": -40.4224 }, "geometry": { "type": "Point", "coordinates": [ -40.4224, -2.811965 ] } },
{ "type": "Feature", "properties": { "micronodo": "Morgado", "area_oficial": "CRUZ", "faction": "CV", "lat": -2.823669, "long": -40.27965 }, "geometry": { "type": "Point", "coordinates": [ -40.27965, -2.823669 ] } },
{ "type": "Feature", "properties": { "micronodo": "Pedras", "area_oficial": "PEDRAS", "faction": "CV", "lat": -3.880418, "long": -38.503918 }, "geometry": { "type": "Point", "coordinates": [ -38.503918, -3.880418 ] } },
{ "type": "Feature", "properties": { "micronodo": "Encantada", "area_oficial": "COAÇU", "faction": "CV", "lat": -3.84627, "long": -38.455834 }, "geometry": { "type": "Point", "coordinates": [ -38.455834, -3.84627 ] } },
{ "type": "Feature", "properties": { "micronodo": "Comunidade Bragança", "area_oficial": "GRANJA PORTUGAL", "faction": "CV", "lat": -3.774534, "long": -38.597021 }, "geometry": { "type": "Point", "coordinates": [ -38.597021, -3.774534 ] } },
{ "type": "Feature", "properties": { "micronodo": "Comunidade da Mata- João XXIII", "area_oficial": "JOÃO XXIII", "faction": "CV", "lat": -3.764637, "long": -38.594128 }, "geometry": { "type": "Point", "coordinates": [ -38.594128, -3.764637 ] } },
{ "type": "Feature", "properties": { "micronodo": "Samambaia Bonsucesso", "area_oficial": "JOÃO XXIII", "faction": "CV", "lat": -3.771374, "long": -38.594091 }, "geometry": { "type": "Point", "coordinates": [ -38.594091, -3.771374 ] } },
{ "type": "Feature", "properties": { "micronodo": "Sem Terra- João XXIII", "area_oficial": "JÓQUEI CLUBE", "faction": "CV", "lat": -3.769277, "long": -38.573508 }, "geometry": { "type": "Point", "coordinates": [ -38.573508, -3.769277 ] } },
{ "type": "Feature", "properties": { "micronodo": "Comunidade Caramuru", "area_oficial": "ITAPERI", "faction": "CV", "lat": -3.794595, "long": -38.545014 }, "geometry": { "type": "Point", "coordinates": [ -38.545014, -3.794595 ] } },
{ "type": "Feature", "properties": { "micronodo": "Beco da Reta Velha", "area_oficial": "PANAMERICANO", "faction": "CV", "lat": -3.756173, "long": -38.570154 }, "geometry": { "type": "Point", "coordinates": [ -38.570154, -3.756173 ] } },
{ "type": "Feature", "properties": { "micronodo": "Comunidade dos Trilhos", "area_oficial": "DAMAS", "faction": "CV", "lat": -3.750931, "long": -38.55089 }, "geometry": { "type": "Point", "coordinates": [ -38.55089, -3.750931 ] } },
{ "type": "Feature", "properties": { "micronodo": "Comunidade da Tieta", "area_oficial": "MONTESE", "faction": "CV", "lat": -3.767087, "long": -38.548442 }, "geometry": { "type": "Point", "coordinates": [ -38.548442, -3.767087 ] } },
{ "type": "Feature", "properties": { "micronodo": "Vila Azul", "area_oficial": "ITAOCA", "faction": "CV", "lat": -3.771647, "long": -38.554211 }, "geometry": { "type": "Point", "coordinates": [ -38.554211, -3.771647 ] } },
{ "type": "Feature", "properties": { "micronodo": "Distrito de Iratinga", "area_oficial": "ITAPAJÉ", "faction": "CV", "lat": -3.733978, "long": -39.551576 }, "geometry": { "type": "Point", "coordinates": [ -39.551576, -3.733978 ] } },
{ "type": "Feature", "properties": { "micronodo": "Tangueira", "area_oficial": "MARACANAÚ", "faction": "CV", "lat": -3.894359, "long": -38.68015 }, "geometry": { "type": "Point", "coordinates": [ -38.68015, -3.894359 ] } },
{ "type": "Feature", "properties": { "micronodo": "Parque São João", "area_oficial": "MARACANAÚ", "faction": "CV", "lat": -3.901225, "long": -38.679223 }, "geometry": { "type": "Point", "coordinates": [ -38.679223, -3.901225 ] } },
{ "type": "Feature", "properties": { "micronodo": "Lages", "area_oficial": "MARANGUAPE", "faction": "CV", "lat": -4.012789, "long": -38.716231 }, "geometry": { "type": "Point", "coordinates": [ -38.716231, -4.012789 ] } },
{ "type": "Feature", "properties": { "micronodo": "Outra Banda", "area_oficial": "MARACANAÚ", "faction": "CV", "lat": -3.882821, "long": -38.682406 }, "geometry": { "type": "Point", "coordinates": [ -38.682406, -3.882821 ] } },
{ "type": "Feature", "properties": { "micronodo": "Condomínio da Santa", "area_oficial": "MARACANAÚ", "faction": "CV", "lat": -3.87396, "long": -38.679663 }, "geometry": { "type": "Point", "coordinates": [ -38.679663, -3.87396 ] } },
{ "type": "Feature", "properties": { "micronodo": "Área Seca", "area_oficial": "MARACANAÚ", "faction": "CV", "lat": -3.872074, "long": -38.66698 }, "geometry": { "type": "Point", "coordinates": [ -38.66698, -3.872074 ] } },
{ "type": "Feature", "properties": { "micronodo": "Distrito de Croatá", "area_oficial": "SÃO GONÇALO DO AMARANTE", "faction": "CV", "lat": -3.67211, "long": -39.119596 }, "geometry": { "type": "Point", "coordinates": [ -39.119596, -3.67211 ] } },
{ "type": "Feature", "properties": { "micronodo": "Pantanal", "area_oficial": "JOSÉ DE ALENCAR", "faction": "CV", "lat": -3.808251, "long": -38.47715 }, "geometry": { "type": "Point", "coordinates": [ -38.47715, -3.808251 ] } },
{ "type": "Feature", "properties": { "micronodo": "Cicol", "area_oficial": "SÃO GERARDO", "faction": "CV", "lat": -3.729908, "long": -38.555461 }, "geometry": { "type": "Point", "coordinates": [ -38.555461, -3.729908 ] } },
{ "type": "Feature", "properties": { "micronodo": "Taquari de Bonsucesso ", "area_oficial": "GRANJA PORTUGAL", "faction": "CV", "lat": -3.776033, "long": -38.594466 }, "geometry": { "type": "Point", "coordinates": [ -38.594466, -3.776033 ] } },
{ "type": "Feature", "properties": { "micronodo": "Campo do Dragao", "area_oficial": "ITAPERI", "faction": "CV", "lat": -3.796026, "long": -38.547792 }, "geometry": { "type": "Point", "coordinates": [ -38.547792, -3.796026 ] } },
{ "type": "Feature", "properties": { "micronodo": "Favela do CK", "area_oficial": "BARROSO", "faction": "CV", "lat": -3.818745, "long": -38.512479 }, "geometry": { "type": "Point", "coordinates": [ -38.512479, -3.818745 ] } },
{ "type": "Feature", "properties": { "micronodo": "Precabura", "area_oficial": "PRECABURA", "faction": "CV", "lat": -3.824224, "long": -38.451866 }, "geometry": { "type": "Point", "coordinates": [ -38.451866, -3.824224 ] } },
{ "type": "Feature", "properties": { "micronodo": "Vila Neuma", "area_oficial": "IGUATU", "faction": "CV", "lat": -6.369859, "long": -39.292104 }, "geometry": { "type": "Point", "coordinates": [ -39.292104, -6.369859 ] } },
{ "type": "Feature", "properties": { "micronodo": "Vila Moura", "area_oficial": "IGUATU", "faction": "CV", "lat": -6.367991, "long": -39.28951 }, "geometry": { "type": "Point", "coordinates": [ -39.28951, -6.367991 ] } },
{ "type": "Feature", "properties": { "micronodo": "Central Picuí", "area_oficial": "PARQUE SOLEDADE", "faction": "CV", "lat": -3.754225, "long": -38.657575 }, "geometry": { "type": "Point", "coordinates": [ -38.657575, -3.754225 ] } },
{ "type": "Feature", "properties": { "micronodo": "Ponte ", "area_oficial": "URUCUTUBA", "faction": "CV", "lat": -3.762843, "long": -38.660042 }, "geometry": { "type": "Point", "coordinates": [ -38.660042, -3.762843 ] } },
{ "type": "Feature", "properties": { "micronodo": "Babilônia do Picuí", "area_oficial": "URUCUTUBA", "faction": "CV", "lat": -3.756798, "long": -38.654128 }, "geometry": { "type": "Point", "coordinates": [ -38.654128, -3.756798 ] } },
{ "type": "Feature", "properties": { "micronodo": "Cidade de Barreira", "area_oficial": "BARREIRA", "faction": "CV", "lat": -4.28694, "long": -38.655175 }, "geometry": { "type": "Point", "coordinates": [ -38.655175, -4.28694 ] } },
{ "type": "Feature", "properties": { "micronodo": "Horto- Juazeiro do Norte", "area_oficial": "JUAZEIRO DO NORTE", "faction": "CV", "lat": -7.19225, "long": -39.325185 }, "geometry": { "type": "Point", "coordinates": [ -39.325185, -7.19225 ] } },
{ "type": "Feature", "properties": { "micronodo": "Cidade de Coreaú", "area_oficial": "MORAÚJO", "faction": "CV", "lat": -3.547663, "long": -40.658116 }, "geometry": { "type": "Point", "coordinates": [ -40.658116, -3.547663 ] } },
{ "type": "Feature", "properties": { "micronodo": "Cidade de Meruoca", "area_oficial": "MERUOCA", "faction": "CV", "lat": -3.533901, "long": -40.461349 }, "geometry": { "type": "Point", "coordinates": [ -40.461349, -3.533901 ] } },
{ "type": "Feature", "properties": { "micronodo": "Cidade de Icó", "area_oficial": "ICÓ", "faction": "CV", "lat": -6.389242, "long": -38.854312 }, "geometry": { "type": "Point", "coordinates": [ -38.854312, -6.389242 ] } },
{ "type": "Feature", "properties": { "micronodo": "Cidade de Alcântaras", "area_oficial": "ALCÂNTARAS", "faction": "CV", "lat": -3.581793, "long": -40.541846 }, "geometry": { "type": "Point", "coordinates": [ -40.541846, -3.581793 ] } },
{ "type": "Feature", "properties": { "micronodo": "Cidade de Senador Sá", "area_oficial": "SENADOR SÁ", "faction": "CV", "lat": -3.345824, "long": -40.464468 }, "geometry": { "type": "Point", "coordinates": [ -40.464468, -3.345824 ] } },
{ "type": "Feature", "properties": { "micronodo": "Urucara", "area_oficial": "MARACANAÚ", "faction": "CV", "lat": -3.923749, "long": -38.6934 }, "geometry": { "type": "Point", "coordinates": [ -38.6934, -3.923749 ] } },
{ "type": "Feature", "properties": { "micronodo": "Tabatinga ", "area_oficial": "MARACANAÚ", "faction": "CV", "lat": -3.945813, "long": -38.698546 }, "geometry": { "type": "Point", "coordinates": [ -38.698546, -3.945813 ] } },
{ "type": "Feature", "properties": { "micronodo": "Gereraú", "area_oficial": "MARACANAÚ", "faction": "CV", "lat": -3.945387, "long": -38.695007 }, "geometry": { "type": "Point", "coordinates": [ -38.695007, -3.945387 ] } },
{ "type": "Feature", "properties": { "micronodo": "Ladeira Grande ", "area_oficial": "MARANGUAPE", "faction": "CV", "lat": -3.97195, "long": -38.710023 }, "geometry": { "type": "Point", "coordinates": [ -38.710023, -3.97195 ] } },
{ "type": "Feature", "properties": { "micronodo": "Vila Nova de Maranguape", "area_oficial": "MARANGUAPE", "faction": "CV", "lat": -3.987849, "long": -38.719364 }, "geometry": { "type": "Point", "coordinates": [ -38.719364, -3.987849 ] } },
{ "type": "Feature", "properties": { "micronodo": "Penedo de Maranguape", "area_oficial": "MARANGUAPE", "faction": "CV", "lat": -3.999228, "long": -38.817904 }, "geometry": { "type": "Point", "coordinates": [ -38.817904, -3.999228 ] } },
{ "type": "Feature", "properties": { "micronodo": "Umarizeiras", "area_oficial": "MARANGUAPE", "faction": "CV", "lat": -4.002117, "long": -38.72683 }, "geometry": { "type": "Point", "coordinates": [ -38.72683, -4.002117 ] } },
{ "type": "Feature", "properties": { "micronodo": "Boa Vista dos Vieiras", "area_oficial": "MARANGUAPE", "faction": "CV", "lat": -4.020872, "long": -38.720484 }, "geometry": { "type": "Point", "coordinates": [ -38.720484, -4.020872 ] } },
{ "type": "Feature", "properties": { "micronodo": "Jubaia de Maranguape", "area_oficial": "GUAIÚBA", "faction": "CV", "lat": -4.049724, "long": -38.718593 }, "geometry": { "type": "Point", "coordinates": [ -38.718593, -4.049724 ] } },
{ "type": "Feature", "properties": { "micronodo": "Cachoeira- Maranguape", "area_oficial": "MARANGUAPE", "faction": "CV", "lat": -4.06687, "long": -38.758806 }, "geometry": { "type": "Point", "coordinates": [ -38.758806, -4.06687 ] } },
{ "type": "Feature", "properties": { "micronodo": "Ocupação", "area_oficial": "ITAITINGA", "faction": "CV", "lat": -3.960174, "long": -38.525176 }, "geometry": { "type": "Point", "coordinates": [ -38.525176, -3.960174 ] } },
{ "type": "Feature", "properties": { "micronodo": "Jibóia", "area_oficial": "ITAITINGA", "faction": "CV", "lat": -3.954698, "long": -38.530583 }, "geometry": { "type": "Point", "coordinates": [ -38.530583, -3.954698 ] } },
{ "type": "Feature", "properties": { "micronodo": "Angorá de Itaitinga", "area_oficial": "ITAITINGA", "faction": "CV", "lat": -3.973104, "long": -38.514744 }, "geometry": { "type": "Point", "coordinates": [ -38.514744, -3.973104 ] } },
{ "type": "Feature", "properties": { "micronodo": "Riachão de Itaitinga", "area_oficial": "ITAITINGA", "faction": "CV", "lat": -3.975395, "long": -38.531524 }, "geometry": { "type": "Point", "coordinates": [ -38.531524, -3.975395 ] } },
{ "type": "Feature", "properties": { "micronodo": "Parque Genezare", "area_oficial": "ITAITINGA", "faction": "CV", "lat": -3.974667, "long": -38.541824 }, "geometry": { "type": "Point", "coordinates": [ -38.541824, -3.974667 ] } },
{ "type": "Feature", "properties": { "micronodo": "Pedras- Itaitinga", "area_oficial": "ITAITINGA", "faction": "CV", "lat": -3.971413, "long": -38.54251 }, "geometry": { "type": "Point", "coordinates": [ -38.54251, -3.971413 ] } },
{ "type": "Feature", "properties": { "micronodo": "Gereraú", "area_oficial": "ITAITINGA", "faction": "CV", "lat": -3.976889, "long": -38.543185 }, "geometry": { "type": "Point", "coordinates": [ -38.543185, -3.976889 ] } },
{ "type": "Feature", "properties": { "micronodo": "Parque Havaí", "area_oficial": "EUSÉBIO", "faction": "CV", "lat": -3.900436, "long": -38.453498 }, "geometry": { "type": "Point", "coordinates": [ -38.453498, -3.900436 ] } },
{ "type": "Feature", "properties": { "micronodo": "Guaribas", "area_oficial": "EUSÉBIO", "faction": "CV", "lat": -3.873832, "long": -38.461725 }, "geometry": { "type": "Point", "coordinates": [ -38.461725, -3.873832 ] } },
{ "type": "Feature", "properties": { "micronodo": "Olho D'Água", "area_oficial": "EUSÉBIO", "faction": "CV", "lat": -3.872286, "long": -38.431429 }, "geometry": { "type": "Point", "coordinates": [ -38.431429, -3.872286 ] } },
{ "type": "Feature", "properties": { "micronodo": "Timbu", "area_oficial": "EUSÉBIO", "faction": "CV", "lat": -3.857782, "long": -38.44557 }, "geometry": { "type": "Point", "coordinates": [ -38.44557, -3.857782 ] } },
{ "type": "Feature", "properties": { "micronodo": "Piçarra", "area_oficial": "ITAPAJÉ", "faction": "CV", "lat": -3.68793, "long": -39.590565 }, "geometry": { "type": "Point", "coordinates": [ -39.590565, -3.68793 ] } },
{ "type": "Feature", "properties": { "micronodo": "Conjunto Nova Assunção", "area_oficial": "BARROSO", "faction": "CV", "lat": -3.814947, "long": -38.516558 }, "geometry": { "type": "Point", "coordinates": [ -38.516558, -3.814947 ] } },
{ "type": "Feature", "properties": { "micronodo": "Conjunto Habitacional 1° de Março ou Blocos", "area_oficial": "BARROSO", "faction": "CV", "lat": -3.81662, "long": -38.51873 }, "geometry": { "type": "Point", "coordinates": [ -38.51873, -3.81662 ] } },
{ "type": "Feature", "properties": { "micronodo": "Sítio Estrela", "area_oficial": "BARROSO", "faction": "CV", "lat": -3.825145, "long": -38.512098 }, "geometry": { "type": "Point", "coordinates": [ -38.512098, -3.825145 ] } },
{ "type": "Feature", "properties": { "micronodo": "Tabajara", "area_oficial": "FORTIM", "faction": "CV", "lat": -4.55424, "long": -37.76752 }, "geometry": { "type": "Point", "coordinates": [ -37.76752, -4.55424 ] } },
{ "type": "Feature", "properties": { "micronodo": "Duque de Caxias", "area_oficial": "FORTIM", "faction": "CV", "lat": -4.553169, "long": -37.764015 }, "geometry": { "type": "Point", "coordinates": [ -37.764015, -4.553169 ] } },
{ "type": "Feature", "properties": { "micronodo": "Bairro da Baixada", "area_oficial": "ARACATI", "faction": "CV", "lat": -4.560878, "long": -37.766138 }, "geometry": { "type": "Point", "coordinates": [ -37.766138, -4.560878 ] } },
{ "type": "Feature", "properties": { "micronodo": "Vila São Rafael", "area_oficial": "ARACATI", "faction": "CV", "lat": -4.56114, "long": -37.763483 }, "geometry": { "type": "Point", "coordinates": [ -37.763483, -4.56114 ] } },
{ "type": "Feature", "properties": { "micronodo": "Sinal", "area_oficial": "ARACATI", "faction": "CV", "lat": -4.560878, "long": -37.766138 }, "geometry": { "type": "Point", "coordinates": [ -37.766138, -4.560878 ] } },
{ "type": "Feature", "properties": { "micronodo": "Campo Verde", "area_oficial": "ARACATI", "faction": "CV", "lat": -4.565701, "long": -37.768565 }, "geometry": { "type": "Point", "coordinates": [ -37.768565, -4.565701 ] } },
{ "type": "Feature", "properties": { "micronodo": "Bairro do Aterro", "area_oficial": "ARACATI", "faction": "CV", "lat": -4.567701, "long": -37.769027 }, "geometry": { "type": "Point", "coordinates": [ -37.769027, -4.567701 ] } },
{ "type": "Feature", "properties": { "micronodo": "José de Alencar", "area_oficial": "JOSÉ DE ALENCAR", "faction": "CV", "lat": -4.572753, "long": -37.770451 }, "geometry": { "type": "Point", "coordinates": [ -37.770451, -4.572753 ] } },
{ "type": "Feature", "properties": { "micronodo": "Gruta", "area_oficial": "ARACATI", "faction": "CV", "lat": -4.573004, "long": -37.769824 }, "geometry": { "type": "Point", "coordinates": [ -37.769824, -4.573004 ] } },
{ "type": "Feature", "properties": { "micronodo": "Castelo", "area_oficial": "ARACATI", "faction": "CV", "lat": -4.570746, "long": -37.773661 }, "geometry": { "type": "Point", "coordinates": [ -37.773661, -4.570746 ] } },
{ "type": "Feature", "properties": { "micronodo": "Beco do Siri", "area_oficial": "ARACATI", "faction": "CV", "lat": -4.574246, "long": -37.774884 }, "geometry": { "type": "Point", "coordinates": [ -37.774884, -4.574246 ] } },
{ "type": "Feature", "properties": { "micronodo": "Comunidade da Prescilha", "area_oficial": "ARACATI", "faction": "CV", "lat": -4.574631, "long": -37.764432 }, "geometry": { "type": "Point", "coordinates": [ -37.764432, -4.574631 ] } },
{ "type": "Feature", "properties": { "micronodo": "Comunidade do Velame", "area_oficial": "FORTIM", "faction": "CV", "lat": -4.564084, "long": -37.775227 }, "geometry": { "type": "Point", "coordinates": [ -37.775227, -4.564084 ] } },
{ "type": "Feature", "properties": { "micronodo": "Vila São Cristóvão ", "area_oficial": "ARACATI", "faction": "CV", "lat": -4.573076, "long": -37.777596 }, "geometry": { "type": "Point", "coordinates": [ -37.777596, -4.573076 ] } },
{ "type": "Feature", "properties": { "micronodo": "Vila São José", "area_oficial": "ARACATI", "faction": "CV", "lat": -4.580152, "long": -37.77476 }, "geometry": { "type": "Point", "coordinates": [ -37.77476, -4.580152 ] } },
{ "type": "Feature", "properties": { "micronodo": "Cajueiro", "area_oficial": "ARACATI", "faction": "CV", "lat": -4.588517, "long": -37.742375 }, "geometry": { "type": "Point", "coordinates": [ -37.742375, -4.588517 ] } },
{ "type": "Feature", "properties": { "micronodo": "Córrego Rodrigues", "area_oficial": "ARACATI", "faction": "CV", "lat": -4.553892, "long": -37.724999 }, "geometry": { "type": "Point", "coordinates": [ -37.724999, -4.553892 ] } },
{ "type": "Feature", "properties": { "micronodo": "Periferia de Canoa Quebrada", "area_oficial": "ARACATI", "faction": "CV", "lat": -4.525916, "long": -37.705596 }, "geometry": { "type": "Point", "coordinates": [ -37.705596, -4.525916 ] } },
{ "type": "Feature", "properties": { "micronodo": "Majorlândia", "area_oficial": "ARACATI", "faction": "CV", "lat": -4.550246, "long": -37.676366 }, "geometry": { "type": "Point", "coordinates": [ -37.676366, -4.550246 ] } },
{ "type": "Feature", "properties": { "micronodo": "Quixabá", "area_oficial": "ARACATI", "faction": "CV", "lat": -4.568723, "long": -37.664104 }, "geometry": { "type": "Point", "coordinates": [ -37.664104, -4.568723 ] } },
{ "type": "Feature", "properties": { "micronodo": "Alto do Bernardo", "area_oficial": "ITAPAJÉ", "faction": "CV", "lat": -3.679044, "long": -39.592406 }, "geometry": { "type": "Point", "coordinates": [ -39.592406, -3.679044 ] } },
{ "type": "Feature", "properties": { "micronodo": "Bela Vista- Itapajé", "area_oficial": "ITAPAJÉ", "faction": "CV", "lat": -3.682554, "long": -39.584783 }, "geometry": { "type": "Point", "coordinates": [ -39.584783, -3.682554 ] } },
{ "type": "Feature", "properties": { "micronodo": "Bairro Rodoviária", "area_oficial": "TIANGUA", "faction": "CV", "lat": -3.714328, "long": -40.987403 }, "geometry": { "type": "Point", "coordinates": [ -40.987403, -3.714328 ] } },
{ "type": "Feature", "properties": { "micronodo": "Tianguazinho", "area_oficial": "TIANGUA", "faction": "CV", "lat": -3.717518, "long": -40.983712 }, "geometry": { "type": "Point", "coordinates": [ -40.983712, -3.717518 ] } },
{ "type": "Feature", "properties": { "micronodo": "Ferros", "area_oficial": "ITAPAJÉ", "faction": "CV", "lat": -3.700501, "long": -39.573988 }, "geometry": { "type": "Point", "coordinates": [ -39.573988, -3.700501 ] } },
{ "type": "Feature", "properties": { "micronodo": "Cidade de Ubajara", "area_oficial": "UBAJARA", "faction": "CV", "lat": -3.849957, "long": -40.926075 }, "geometry": { "type": "Point", "coordinates": [ -40.926075, -3.849957 ] } },
{ "type": "Feature", "properties": { "micronodo": "Cidade de Guaramiranga", "area_oficial": "GUARAMIRANGA", "faction": "CV", "lat": -4.260742, "long": -38.933886 }, "geometry": { "type": "Point", "coordinates": [ -38.933886, -4.260742 ] } },
{ "type": "Feature", "properties": { "micronodo": "Armador", "area_oficial": "ITAPAJÉ", "faction": "CV", "lat": -3.726893, "long": -39.647921 }, "geometry": { "type": "Point", "coordinates": [ -39.647921, -3.726893 ] } },
{ "type": "Feature", "properties": { "micronodo": "Barateiro", "area_oficial": "ITAPAJÉ", "faction": "CV", "lat": -3.688812, "long": -39.60255 }, "geometry": { "type": "Point", "coordinates": [ -39.60255, -3.688812 ] } },
{ "type": "Feature", "properties": { "micronodo": "Padre Lima", "area_oficial": "ITAPAJÉ", "faction": "CV", "lat": -3.733423, "long": -39.54812 }, "geometry": { "type": "Point", "coordinates": [ -39.54812, -3.733423 ] } },
{ "type": "Feature", "properties": { "micronodo": "Padre Manoel Lima e Silva", "area_oficial": "ITAPAJÉ", "faction": "CV", "lat": -3.695578, "long": -39.580119 }, "geometry": { "type": "Point", "coordinates": [ -39.580119, -3.695578 ] } },
{ "type": "Feature", "properties": { "micronodo": "Pau Ferrado", "area_oficial": "ITAPAJÉ", "faction": "CV", "lat": -3.676616, "long": -39.595756 }, "geometry": { "type": "Point", "coordinates": [ -39.595756, -3.676616 ] } },
{ "type": "Feature", "properties": { "micronodo": "Toco- Caucaia", "area_oficial": "URUCUTUBA", "faction": "CV", "lat": -3.77683, "long": -38.683189 }, "geometry": { "type": "Point", "coordinates": [ -38.683189, -3.77683 ] } },
{ "type": "Feature", "properties": { "micronodo": "Carrapicho- Caucaia", "area_oficial": "URUCUTUBA", "faction": "CV", "lat": -3.778683, "long": -38.686292 }, "geometry": { "type": "Point", "coordinates": [ -38.686292, -3.778683 ] } },
{ "type": "Feature", "properties": { "micronodo": "Cidade de Ocara", "area_oficial": "OCARA", "faction": "CV", "lat": -4.483473, "long": -38.602684 }, "geometry": { "type": "Point", "coordinates": [ -38.602684, -4.483473 ] } },
{ "type": "Feature", "properties": { "micronodo": "Cidade de Guaciraba do Norte", "area_oficial": "GRAÇA", "faction": "CV", "lat": -4.151086, "long": -40.762534 }, "geometry": { "type": "Point", "coordinates": [ -40.762534, -4.151086 ] } },
{ "type": "Feature", "properties": { "micronodo": "Comunidade do Mangueiral - Quintino Cunha", "area_oficial": "ANTÔNIO BEZERRA", "faction": "CV", "lat": -3.735276, "long": -38.595516 }, "geometry": { "type": "Point", "coordinates": [ -38.595516, -3.735276 ] } },
{ "type": "Feature", "properties": { "micronodo": "Cidade de Moraújo", "area_oficial": "MORAÚJO", "faction": "CV", "lat": -3.465351, "long": -40.681267 }, "geometry": { "type": "Point", "coordinates": [ -40.681267, -3.465351 ] } },
{ "type": "Feature", "properties": { "micronodo": "Cidade de Farias Brito", "area_oficial": "ALTANEIRA", "faction": "CV", "lat": -6.921474, "long": -39.569692 }, "geometry": { "type": "Point", "coordinates": [ -39.569692, -6.921474 ] } },
{ "type": "Feature", "properties": { "micronodo": "Bairro Arariranha- Varjota", "area_oficial": "PIRES FERREIRA", "faction": "CV", "lat": -4.197586, "long": -40.470784 }, "geometry": { "type": "Point", "coordinates": [ -40.470784, -4.197586 ] } },
{ "type": "Feature", "properties": { "micronodo": "Urucunema", "area_oficial": "EUSÉBIO", "faction": "CV", "lat": -3.912648, "long": -38.462409 }, "geometry": { "type": "Point", "coordinates": [ -38.462409, -3.912648 ] } },
{ "type": "Feature", "properties": { "micronodo": "Comunidade Raquel", "area_oficial": "GRANJA LISBOA", "faction": "CV", "lat": -3.793266, "long": -38.62636 }, "geometry": { "type": "Point", "coordinates": [ -38.62636, -3.793266 ] } },
{ "type": "Feature", "properties": { "micronodo": "Comunidade das Antenas", "area_oficial": "HENRIQUE JORGE", "faction": "CV", "lat": -3.765726, "long": -38.584988 }, "geometry": { "type": "Point", "coordinates": [ -38.584988, -3.765726 ] } },
{ "type": "Feature", "properties": { "micronodo": "Comunidade do Capim", "area_oficial": "GENIBAÚ", "faction": "CV", "lat": -3.762096, "long": -38.594405 }, "geometry": { "type": "Point", "coordinates": [ -38.594405, -3.762096 ] } },
{ "type": "Feature", "properties": { "micronodo": "Santo Amaro- Bom Jardim", "area_oficial": "BOM JARDIM", "faction": "CV", "lat": -3.796662, "long": -38.602535 }, "geometry": { "type": "Point", "coordinates": [ -38.602535, -3.796662 ] } },
{ "type": "Feature", "properties": { "micronodo": "Comunidade João XXIII", "area_oficial": "JOÃO XXIII", "faction": "CV", "lat": -3.770783, "long": -38.587579 }, "geometry": { "type": "Point", "coordinates": [ -38.587579, -3.770783 ] } },
{ "type": "Feature", "properties": { "micronodo": "Comunidade do Polo da Barra", "area_oficial": "BARRA DO CEARÁ", "faction": "CV", "lat": -3.696668, "long": -38.586415 }, "geometry": { "type": "Point", "coordinates": [ -38.586415, -3.696668 ] } },
{ "type": "Feature", "properties": { "micronodo": "Comunidade Coelho Neto ou Vila Amarela", "area_oficial": "FLORESTA", "faction": "CV", "lat": -3.714398, "long": -38.576563 }, "geometry": { "type": "Point", "coordinates": [ -38.576563, -3.714398 ] } },
{ "type": "Feature", "properties": { "micronodo": "Conjunto 7 Prédios", "area_oficial": "BARRA DO CEARÁ", "faction": "CV", "lat": -3.705032, "long": -38.582709 }, "geometry": { "type": "Point", "coordinates": [ -38.582709, -3.705032 ] } },
{ "type": "Feature", "properties": { "micronodo": "Comunidade do Gato Morto", "area_oficial": "BARRA DO CEARÁ", "faction": "CV", "lat": -3.707942, "long": -38.588444 }, "geometry": { "type": "Point", "coordinates": [ -38.588444, -3.707942 ] } },
{ "type": "Feature", "properties": { "micronodo": "Esplanada do Araturi", "area_oficial": "MARECHAL RONDON", "faction": "CV", "lat": -3.765887, "long": -38.631195 }, "geometry": { "type": "Point", "coordinates": [ -38.631195, -3.765887 ] } },
{ "type": "Feature", "properties": { "micronodo": "Comunidade do 14", "area_oficial": "GUADALAJARA", "faction": "CV", "lat": -3.766146, "long": -38.627985 }, "geometry": { "type": "Point", "coordinates": [ -38.627985, -3.766146 ] } },
{ "type": "Feature", "properties": { "micronodo": "Comunidade Grafiteiros", "area_oficial": "BARRA DO CEARÁ", "faction": "CV", "lat": -3.709415, "long": -38.580873 }, "geometry": { "type": "Point", "coordinates": [ -38.580873, -3.709415 ] } },
{ "type": "Feature", "properties": { "micronodo": "Comunidade do Areal", "area_oficial": "AEROLÂNDIA", "faction": "CV", "lat": -3.779082, "long": -38.512807 }, "geometry": { "type": "Point", "coordinates": [ -38.512807, -3.779082 ] } },
{ "type": "Feature", "properties": { "micronodo": "Favelinha- Aerolândia", "area_oficial": "AEROLÂNDIA", "faction": "CV", "lat": -3.77739, "long": -38.514797 }, "geometry": { "type": "Point", "coordinates": [ -38.514797, -3.77739 ] } },
{ "type": "Feature", "properties": { "micronodo": "Beco do Melão (Complexo do Pirambu)", "area_oficial": "PIRAMBU", "faction": "CV", "lat": -3.711888, "long": -38.554863 }, "geometry": { "type": "Point", "coordinates": [ -38.554863, -3.711888 ] } },
{ "type": "Feature", "properties": { "micronodo": "Felipe Camarão (Complexo do Pirambu)", "area_oficial": "PIRAMBU", "faction": "CV", "lat": -3.709348, "long": -38.556554 }, "geometry": { "type": "Point", "coordinates": [ -38.556554, -3.709348 ] } },
{ "type": "Feature", "properties": { "micronodo": "Comunidade do Caldeirão (Complexo do Pirambu)", "area_oficial": "PIRAMBU", "faction": "CV", "lat": -3.708971, "long": -38.552628 }, "geometry": { "type": "Point", "coordinates": [ -38.552628, -3.708971 ] } },
{ "type": "Feature", "properties": { "micronodo": "Favelinha (Comunidade Izabel)", "area_oficial": "CRISTO REDENTOR", "faction": "CV", "lat": -3.705983, "long": -38.558732 }, "geometry": { "type": "Point", "coordinates": [ -38.558732, -3.705983 ] } },
{ "type": "Feature", "properties": { "micronodo": "Gesso- Crato", "area_oficial": "CRATO", "faction": "CV", "lat": -7.231651, "long": -39.406192 }, "geometry": { "type": "Point", "coordinates": [ -39.406192, -7.231651 ] } },
{ "type": "Feature", "properties": { "micronodo": "Comunidade Graça Aranha", "area_oficial": "FLORESTA", "faction": "CV", "lat": -3.714781, "long": -38.575498 }, "geometry": { "type": "Point", "coordinates": [ -38.575498, -3.714781 ] } },
{ "type": "Feature", "properties": { "micronodo": "Nova Metrópole I", "area_oficial": "URUCUTUBA", "faction": "CV", "lat": -3.761724, "long": -38.652963 }, "geometry": { "type": "Point", "coordinates": [ -38.652963, -3.761724 ] } },
{ "type": "Feature", "properties": { "micronodo": "Nova Metrópole II", "area_oficial": "URUCUTUBA", "faction": "CV", "lat": -3.771526, "long": -38.657724 }, "geometry": { "type": "Point", "coordinates": [ -38.657724, -3.771526 ] } },
{ "type": "Feature", "properties": { "micronodo": "Nova Metrópole V", "area_oficial": "URUCUTUBA", "faction": "CV", "lat": -3.769869, "long": -38.659835 }, "geometry": { "type": "Point", "coordinates": [ -38.659835, -3.769869 ] } },
{ "type": "Feature", "properties": { "micronodo": "Conjunto Nova Metrópole", "area_oficial": "URUCUTUBA", "faction": "CV", "lat": -3.763822, "long": -38.657029 }, "geometry": { "type": "Point", "coordinates": [ -38.657029, -3.763822 ] } },
{ "type": "Feature", "properties": { "micronodo": "Eldorado", "area_oficial": "URUCUTUBA", "faction": "CV", "lat": -3.771376, "long": -38.650842 }, "geometry": { "type": "Point", "coordinates": [ -38.650842, -3.771376 ] } },
{ "type": "Feature", "properties": { "micronodo": "Lagoinha", "area_oficial": "EUSÉBIO", "faction": "CV", "lat": -3.894599, "long": -38.445456 }, "geometry": { "type": "Point", "coordinates": [ -38.445456, -3.894599 ] } },
{ "type": "Feature", "properties": { "micronodo": "Buenos Aires I", "area_oficial": "HORIZONTE", "faction": "CV", "lat": -4.106112, "long": -38.50965 }, "geometry": { "type": "Point", "coordinates": [ -38.50965, -4.106112 ] } },
{ "type": "Feature", "properties": { "micronodo": "Comunidade da Vertical (Complexo da Rosalina)", "area_oficial": "PASSARÉ", "faction": "CV", "lat": -3.810566, "long": -38.538982 }, "geometry": { "type": "Point", "coordinates": [ -38.538982, -3.810566 ] } },
{ "type": "Feature", "properties": { "micronodo": "Sítios Novos- Caucaia", "area_oficial": "CAUCAIA", "faction": "CV", "lat": -3.744318, "long": -38.952839 }, "geometry": { "type": "Point", "coordinates": [ -38.952839, -3.744318 ] } },
{ "type": "Feature", "properties": { "micronodo": "Aerolândia", "area_oficial": "AEROLÂNDIA", "faction": "CV", "lat": -3.770648, "long": -38.515006 }, "geometry": { "type": "Point", "coordinates": [ -38.515006, -3.770648 ] } },
{ "type": "Feature", "properties": { "micronodo": "Blocos- Paupina", "area_oficial": "SÃO BENTO", "faction": "CV", "lat": -3.849143, "long": -38.482602 }, "geometry": { "type": "Point", "coordinates": [ -38.482602, -3.849143 ] } },
{ "type": "Feature", "properties": { "micronodo": "Conjunto Habitacional da Rosalina (Complexo da Rosalina)", "area_oficial": "PARQUE DOIS IRMĂOS", "faction": "CV", "lat": -3.807887, "long": -38.548587 }, "geometry": { "type": "Point", "coordinates": [ -38.548587, -3.807887 ] } },
{ "type": "Feature", "properties": { "micronodo": "Alto de Santa Rita- Redenção", "area_oficial": "REDENÇÃO", "faction": "CV", "lat": -4.223208, "long": -38.733111 }, "geometry": { "type": "Point", "coordinates": [ -38.733111, -4.223208 ] } },
{ "type": "Feature", "properties": { "micronodo": "Distrito de Antônio Diogo", "area_oficial": "REDENÇÃO", "faction": "CV", "lat": -4.309396, "long": -38.746765 }, "geometry": { "type": "Point", "coordinates": [ -38.746765, -4.309396 ] } },
{ "type": "Feature", "properties": { "micronodo": "Comunidade da Lagoa- Parangaba", "area_oficial": "PARANGABA", "faction": "CV", "lat": -3.771216, "long": -38.563833 }, "geometry": { "type": "Point", "coordinates": [ -38.563833, -3.771216 ] } },
{ "type": "Feature", "properties": { "micronodo": "Beco do Porte", "area_oficial": "PARANGABA", "faction": "CV", "lat": -3.778398, "long": -38.570812 }, "geometry": { "type": "Point", "coordinates": [ -38.570812, -3.778398 ] } },
{ "type": "Feature", "properties": { "micronodo": "Comunidade do Multirão- Paranguaba", "area_oficial": "JÓQUEI CLUBE", "faction": "CV", "lat": -3.7779, "long": -38.577098 }, "geometry": { "type": "Point", "coordinates": [ -38.577098, -3.7779 ] } },
{ "type": "Feature", "properties": { "micronodo": "Boqueirão- Caucaia", "area_oficial": "CAUCAIA", "faction": "CV", "lat": -3.728492, "long": -38.771266 }, "geometry": { "type": "Point", "coordinates": [ -38.771266, -3.728492 ] } },
{ "type": "Feature", "properties": { "micronodo": "Comunidade do Alfavila", "area_oficial": "OLAVO OLIVEIRA", "faction": "CV", "lat": -3.732053, "long": -38.585973 }, "geometry": { "type": "Point", "coordinates": [ -38.585973, -3.732053 ] } },
{ "type": "Feature", "properties": { "micronodo": "Alto do Bode", "area_oficial": "AUTRAN NUNES", "faction": "CV", "lat": -3.755751, "long": -38.594525 }, "geometry": { "type": "Point", "coordinates": [ -38.594525, -3.755751 ] } },
{ "type": "Feature", "properties": { "micronodo": "Brejo", "area_oficial": "COAÇU", "faction": "CV", "lat": -3.8564, "long": -38.460299 }, "geometry": { "type": "Point", "coordinates": [ -38.460299, -3.8564 ] } },
{ "type": "Feature", "properties": { "micronodo": "Tamatanduba", "area_oficial": "SANTA CLARA", "faction": "CV", "lat": -3.871481, "long": -38.474774 }, "geometry": { "type": "Point", "coordinates": [ -38.474774, -3.871481 ] } },
{ "type": "Feature", "properties": { "micronodo": "Santa Luzia", "area_oficial": "PEDRAS", "faction": "CV", "lat": -3.887114, "long": -38.510397 }, "geometry": { "type": "Point", "coordinates": [ -38.510397, -3.887114 ] } },
{ "type": "Feature", "properties": { "micronodo": "Coimbra (Complexo do Pirambu)", "area_oficial": "CRISTO REDENTOR", "faction": "CV", "lat": -3.705753, "long": -38.561471 }, "geometry": { "type": "Point", "coordinates": [ -38.561471, -3.705753 ] } },
{ "type": "Feature", "properties": { "micronodo": "Planalto- Beberibe", "area_oficial": "CASCAVEL", "faction": "CV", "lat": -4.183484, "long": -38.147827 }, "geometry": { "type": "Point", "coordinates": [ -38.147827, -4.183484 ] } },
{ "type": "Feature", "properties": { "micronodo": "Planalto Novo- Beberibe", "area_oficial": "CASCAVEL", "faction": "CV", "lat": -4.181888, "long": -38.140915 }, "geometry": { "type": "Point", "coordinates": [ -38.140915, -4.181888 ] } },
{ "type": "Feature", "properties": { "micronodo": "COHAB- Beberibe", "area_oficial": "CASCAVEL", "faction": "CV", "lat": -4.180478, "long": -38.129007 }, "geometry": { "type": "Point", "coordinates": [ -38.129007, -4.180478 ] } },
{ "type": "Feature", "properties": { "micronodo": "Praia das Fontes ", "area_oficial": "CASCAVEL", "faction": "CV", "lat": -4.182007, "long": -38.098669 }, "geometry": { "type": "Point", "coordinates": [ -38.098669, -4.182007 ] } },
{ "type": "Feature", "properties": { "micronodo": "Cidade de Palmácias", "area_oficial": "PALMÁCIA", "faction": "CV", "lat": -4.146699, "long": -38.851271 }, "geometry": { "type": "Point", "coordinates": [ -38.851271, -4.146699 ] } },
{ "type": "Feature", "properties": { "micronodo": "Cidade de Mulungu", "area_oficial": "MULUNGU", "faction": "CV", "lat": -4.297946, "long": -38.992108 }, "geometry": { "type": "Point", "coordinates": [ -38.992108, -4.297946 ] } },
{ "type": "Feature", "properties": { "micronodo": "Comunidade Cidade de Deus 1", "area_oficial": "PARQUE SANTA MARIA", "faction": "CV", "lat": -3.844315, "long": -38.501156 }, "geometry": { "type": "Point", "coordinates": [ -38.501156, -3.844315 ] } },
{ "type": "Feature", "properties": { "micronodo": "Monte (Canindé)", "area_oficial": "CANINDÉ", "faction": "CV", "lat": -4.362711, "long": -39.32175 }, "geometry": { "type": "Point", "coordinates": [ -39.32175, -4.362711 ] } },
{ "type": "Feature", "properties": { "micronodo": "Beco da Maravilha", "area_oficial": "MESSEJANA", "faction": "CV", "lat": -3.829305, "long": -38.489511 }, "geometry": { "type": "Point", "coordinates": [ -38.489511, -3.829305 ] } },
{ "type": "Feature", "properties": { "micronodo": "Cumbuco", "area_oficial": "IPARANA", "faction": "CV", "lat": -3.625405, "long": -38.728891 }, "geometry": { "type": "Point", "coordinates": [ -38.728891, -3.625405 ] } },
{ "type": "Feature", "properties": { "micronodo": "Distrito de Taiba", "area_oficial": "PARACURU", "faction": "CV", "lat": -3.5121257, "long": -38.8927505 }, "geometry": { "type": "Point", "coordinates": [ -38.8927505, -3.5121257 ] } },
{ "type": "Feature", "properties": { "micronodo": "Distrito de Borrachudo", "area_oficial": "PARACURU", "faction": "CV", "lat": -3.551553, "long": -38.887924 }, "geometry": { "type": "Point", "coordinates": [ -38.887924, -3.551553 ] } },
{ "type": "Feature", "properties": { "micronodo": "Distrito do Cágado", "area_oficial": "PARAIPABA", "faction": "CV", "lat": -3.528216, "long": -39.183843 }, "geometry": { "type": "Point", "coordinates": [ -39.183843, -3.528216 ] } },
{ "type": "Feature", "properties": { "micronodo": "Distrito de Siupé", "area_oficial": "PARACURU", "faction": "CV", "lat": -3.532317, "long": -38.951472 }, "geometry": { "type": "Point", "coordinates": [ -38.951472, -3.532317 ] } },
{ "type": "Feature", "properties": { "micronodo": "Distrito de Umarituba", "area_oficial": "SÃO GONÇALO DO AMARANTE", "faction": "CV", "lat": -3.66628, "long": -38.983295 }, "geometry": { "type": "Point", "coordinates": [ -38.983295, -3.66628 ] } },
{ "type": "Feature", "properties": { "micronodo": "Distrito de Várzea Redonda", "area_oficial": "SÃO GONÇALO DO AMARANTE", "faction": "CV", "lat": -3.531966, "long": -39.149281 }, "geometry": { "type": "Point", "coordinates": [ -39.149281, -3.531966 ] } },
{ "type": "Feature", "properties": { "micronodo": "Distrito de Matuões ", "area_oficial": "CAUCAIA", "faction": "CV", "lat": -3.574732, "long": -38.827427 }, "geometry": { "type": "Point", "coordinates": [ -38.827427, -3.574732 ] } },
{ "type": "Feature", "properties": { "micronodo": "Distrito de Bolso", "area_oficial": "CAUCAIA", "faction": "CV", "lat": -3.616379, "long": -38.85772 }, "geometry": { "type": "Point", "coordinates": [ -38.85772, -3.616379 ] } },
{ "type": "Feature", "properties": { "micronodo": "CiIdade de São Gonçalo do Amarante (SGA)", "area_oficial": "SÃO GONÇALO DO AMARANTE", "faction": "CV", "lat": -3.599481, "long": -38.976851 }, "geometry": { "type": "Point", "coordinates": [ -38.976851, -3.599481 ] } },
{ "type": "Feature", "properties": { "micronodo": "Vila Inês", "area_oficial": "JARDIM IRACEMA", "faction": "CV", "lat": -3.725909, "long": -38.580679 }, "geometry": { "type": "Point", "coordinates": [ -38.580679, -3.725909 ] } },
{ "type": "Feature", "properties": { "micronodo": "Comunidade do BC (Padre Andrade)", "area_oficial": "PADRE ANDRADE", "faction": "CV", "lat": -3.729645, "long": -38.579944 }, "geometry": { "type": "Point", "coordinates": [ -38.579944, -3.729645 ] } },
{ "type": "Feature", "properties": { "micronodo": "Distrito de Sucatinga", "area_oficial": "BEBERIBE", "faction": "CV", "lat": -4.247944, "long": -38.048569 }, "geometry": { "type": "Point", "coordinates": [ -38.048569, -4.247944 ] } },
{ "type": "Feature", "properties": { "micronodo": "Cidade de Fortim ", "area_oficial": "FORTIM", "faction": "CV", "lat": -4.449314, "long": -37.792744 }, "geometry": { "type": "Point", "coordinates": [ -37.792744, -4.449314 ] } },
{ "type": "Feature", "properties": { "micronodo": "Distrito de Cacimbinha", "area_oficial": "SOBRAL", "faction": "CV", "lat": -3.803125, "long": -40.205867 }, "geometry": { "type": "Point", "coordinates": [ -40.205867, -3.803125 ] } },
{ "type": "Feature", "properties": { "micronodo": "Comunidade Sitiozinho - Paupina", "area_oficial": "SÃO BENTO", "faction": "CV", "lat": -3.850415, "long": -38.487749 }, "geometry": { "type": "Point", "coordinates": [ -38.487749, -3.850415 ] } },
{ "type": "Feature", "properties": { "micronodo": "BURACÃO", "area_oficial": "COAÇU", "faction": "CV", "lat": -3.8464, "long": -38.485503 }, "geometry": { "type": "Point", "coordinates": [ -38.485503, -3.8464 ] } },
{ "type": "Feature", "properties": { "micronodo": "Comunidade Liberdade", "area_oficial": "PAUPINA", "faction": "CV", "lat": -3.862958, "long": -38.494558 }, "geometry": { "type": "Point", "coordinates": [ -38.494558, -3.862958 ] } },
{ "type": "Feature", "properties": { "micronodo": "Comunidade da Paz", "area_oficial": "PAUPINA", "faction": "CV", "lat": -3.870314, "long": -38.492822 }, "geometry": { "type": "Point", "coordinates": [ -38.492822, -3.870314 ] } },
{ "type": "Feature", "properties": { "micronodo": "Comunidade Cristo Redentor", "area_oficial": "PAUPINA", "faction": "CV", "lat": -3.87042, "long": -38.494448 }, "geometry": { "type": "Point", "coordinates": [ -38.494448, -3.87042 ] } },
{ "type": "Feature", "properties": { "micronodo": "Comunidade Coração de Jesus", "area_oficial": "BARROSO", "faction": "CV", "lat": -3.818349, "long": -38.518707 }, "geometry": { "type": "Point", "coordinates": [ -38.518707, -3.818349 ] } },
{ "type": "Feature", "properties": { "micronodo": "Conjunto Vitória ", "area_oficial": "PARQUE SANTA MARIA", "faction": "CV", "lat": -3.857572, "long": -38.502685 }, "geometry": { "type": "Point", "coordinates": [ -38.502685, -3.857572 ] } },
{ "type": "Feature", "properties": { "micronodo": "Comunidade Caneco Amassado - Santa Maria", "area_oficial": "ANCURI", "faction": "CV", "lat": -3.859669, "long": -38.501395 }, "geometry": { "type": "Point", "coordinates": [ -38.501395, -3.859669 ] } },
{ "type": "Feature", "properties": { "micronodo": "Comunidade Espaço Verde- Santa Maria", "area_oficial": "PARQUE SANTA MARIA", "faction": "CV", "lat": -3.851887, "long": -38.498566 }, "geometry": { "type": "Point", "coordinates": [ -38.498566, -3.851887 ] } },
{ "type": "Feature", "properties": { "micronodo": "Comunidade do Viaduto- Santa Maria", "area_oficial": "PARQUE SANTA MARIA", "faction": "CV", "lat": -3.850365, "long": -38.496378 }, "geometry": { "type": "Point", "coordinates": [ -38.496378, -3.850365 ] } },
{ "type": "Feature", "properties": { "micronodo": "Comunidade da Areninha- Barroso", "area_oficial": "BARROSO", "faction": "CV", "lat": -3.82266, "long": -38.508737 }, "geometry": { "type": "Point", "coordinates": [ -38.508737, -3.82266 ] } },
{ "type": "Feature", "properties": { "micronodo": "Conjunto Fernando de Noronha", "area_oficial": "PAUPINA", "faction": "CV", "lat": -3.853387, "long": -38.492398 }, "geometry": { "type": "Point", "coordinates": [ -38.492398, -3.853387 ] } },
{ "type": "Feature", "properties": { "micronodo": "Favela do Pacote", "area_oficial": "ANCURI", "faction": "CV", "lat": -3.862309, "long": -38.510105 }, "geometry": { "type": "Point", "coordinates": [ -38.510105, -3.862309 ] } },
{ "type": "Feature", "properties": { "micronodo": "João Alfredo- Santana do Acaraú", "area_oficial": "SANTANA DO ACARAÚ", "faction": "CV", "lat": -3.468106, "long": -40.212332 }, "geometry": { "type": "Point", "coordinates": [ -40.212332, -3.468106 ] } },
{ "type": "Feature", "properties": { "micronodo": "Cidade de Graça", "area_oficial": "GRAÇA", "faction": "CV", "lat": -4.032853, "long": -40.751366 }, "geometry": { "type": "Point", "coordinates": [ -40.751366, -4.032853 ] } },
{ "type": "Feature", "properties": { "micronodo": "PACUJÁ", "area_oficial": "PACUJÁ", "faction": "CV", "lat": -3.976202, "long": -40.704828 }, "geometry": { "type": "Point", "coordinates": [ -40.704828, -3.976202 ] } },
{ "type": "Feature", "properties": { "micronodo": "Cidade de Mucambo", "area_oficial": "MUCAMBO", "faction": "CV", "lat": -3.901375, "long": -40.751456 }, "geometry": { "type": "Point", "coordinates": [ -40.751456, -3.901375 ] } },
{ "type": "Feature", "properties": { "micronodo": "AP do Parque Albano", "area_oficial": "PARQUE ALBANO", "faction": "CV", "lat": -3.75378, "long": -38.614071 }, "geometry": { "type": "Point", "coordinates": [ -38.614071, -3.75378 ] } },
{ "type": "Feature", "properties": { "micronodo": "Comunidade do 5 (Presidente Kennedy)", "area_oficial": "PRESIDENTE KENNEDY", "faction": "CV", "lat": -3.727775, "long": -38.575555 }, "geometry": { "type": "Point", "coordinates": [ -38.575555, -3.727775 ] } },
{ "type": "Feature", "properties": { "micronodo": "Cidade de Saboeiro", "area_oficial": "SABOEIRO", "faction": "CV", "lat": -6.543004, "long": -39.90519 }, "geometry": { "type": "Point", "coordinates": [ -39.90519, -6.543004 ] } },
{ "type": "Feature", "properties": { "micronodo": "Cidade de Frecheirinha", "area_oficial": "FRECHEIRINHA", "faction": "CV", "lat": -3.754989, "long": -40.813354 }, "geometry": { "type": "Point", "coordinates": [ -40.813354, -3.754989 ] } },
{ "type": "Feature", "properties": { "micronodo": "Alto do Cruzeiro- Senador Pompeu", "area_oficial": "SENADOR POMPEU", "faction": "CV", "lat": -5.586101, "long": -39.380436 }, "geometry": { "type": "Point", "coordinates": [ -39.380436, -5.586101 ] } },
{ "type": "Feature", "properties": { "micronodo": "Pantanal- Senador Pompeu", "area_oficial": "SENADOR POMPEU", "faction": "CV", "lat": -5.582583, "long": -39.382874 }, "geometry": { "type": "Point", "coordinates": [ -39.382874, -5.582583 ] } },
{ "type": "Feature", "properties": { "micronodo": "Caracará- Senador Pompeu", "area_oficial": "SENADOR POMPEU", "faction": "CV", "lat": -5.579912, "long": -39.372292 }, "geometry": { "type": "Point", "coordinates": [ -39.372292, -5.579912 ] } },
{ "type": "Feature", "properties": { "micronodo": "Alto São José- Senador Pompeu", "area_oficial": "SENADOR POMPEU", "faction": "CV", "lat": -5.576239, "long": -39.367882 }, "geometry": { "type": "Point", "coordinates": [ -39.367882, -5.576239 ] } },
{ "type": "Feature", "properties": { "micronodo": "Cidade de Cruz", "area_oficial": "ACARAÚ", "faction": "CV", "lat": -2.903514, "long": -40.169603 }, "geometry": { "type": "Point", "coordinates": [ -40.169603, -2.903514 ] } },
{ "type": "Feature", "properties": { "micronodo": "Cidade de Marco", "area_oficial": "MARCO", "faction": "CV", "lat": -3.123502, "long": -40.162468 }, "geometry": { "type": "Point", "coordinates": [ -40.162468, -3.123502 ] } },
{ "type": "Feature", "properties": { "micronodo": "Conjunto Alvorada", "area_oficial": "PARQUE MANIBURA", "faction": "CV", "lat": -3.790526, "long": -38.477811 }, "geometry": { "type": "Point", "coordinates": [ -38.477811, -3.790526 ] } },
{ "type": "Feature", "properties": { "micronodo": "Favelinha - Barroso", "area_oficial": "BARROSO", "faction": "CV", "lat": -3.828078, "long": -38.509111 }, "geometry": { "type": "Point", "coordinates": [ -38.509111, -3.828078 ] } },
{ "type": "Feature", "properties": { "micronodo": "Cidade de Itatira", "area_oficial": "ITATIRA", "faction": "CV", "lat": -4.52811, "long": -39.628566 }, "geometry": { "type": "Point", "coordinates": [ -39.628566, -4.52811 ] } },
{ "type": "Feature", "properties": { "micronodo": "Comunidade do Cachorro Morto- Sapiranga", "area_oficial": "PARQUE MANIBURA", "faction": "CV", "lat": -3.790652, "long": -38.480284 }, "geometry": { "type": "Point", "coordinates": [ -38.480284, -3.790652 ] } },
{ "type": "Feature", "properties": { "micronodo": "Riacho Doce- Sapiranga", "area_oficial": "PARQUE MANIBURA", "faction": "CV", "lat": -3.794742, "long": -38.47912 }, "geometry": { "type": "Point", "coordinates": [ -38.47912, -3.794742 ] } },
{ "type": "Feature", "properties": { "micronodo": "Distrito de Candeia de Baixo", "area_oficial": "REDENÇÃO", "faction": "CV", "lat": -4.27118, "long": -38.838724 }, "geometry": { "type": "Point", "coordinates": [ -38.838724, -4.27118 ] } },
{ "type": "Feature", "properties": { "micronodo": "Distrito de Prainha", "area_oficial": "AQUIRAZ", "faction": "CV", "lat": -3.903677, "long": -38.344998 }, "geometry": { "type": "Point", "coordinates": [ -38.344998, -3.903677 ] } },
{ "type": "Feature", "properties": { "micronodo": "Alto Alegre- Aquiraz", "area_oficial": "EUSÉBIO", "faction": "CV", "lat": -3.903333, "long": -38.392062 }, "geometry": { "type": "Point", "coordinates": [ -38.392062, -3.903333 ] } },
{ "type": "Feature", "properties": { "micronodo": "Vila da Tapa", "area_oficial": "COUTO FERNANDES", "faction": "CV", "lat": -3.759144, "long": -38.559131 }, "geometry": { "type": "Point", "coordinates": [ -38.559131, -3.759144 ] } },
{ "type": "Feature", "properties": { "micronodo": "Cajueiros", "area_oficial": "MARECHAL RONDON", "faction": "CV", "lat": -3.775124, "long": -38.632413 }, "geometry": { "type": "Point", "coordinates": [ -38.632413, -3.775124 ] } },
{ "type": "Feature", "properties": { "micronodo": "Mercado Velho", "area_oficial": "FARIAS BRITO", "faction": "CV", "lat": -3.72687, "long": -38.542437 }, "geometry": { "type": "Point", "coordinates": [ -38.542437, -3.72687 ] } },
{ "type": "Feature", "properties": { "micronodo": "Distrito de Água Verde - Guaiuba", "area_oficial": "GUAIÚBA", "faction": "CV", "lat": -4.153416, "long": -38.678082 }, "geometry": { "type": "Point", "coordinates": [ -38.678082, -4.153416 ] } },
{ "type": "Feature", "properties": { "micronodo": "Beco dos pintos", "area_oficial": "FARIAS BRITO", "faction": "CV", "lat": -3.733763, "long": -38.54001 }, "geometry": { "type": "Point", "coordinates": [ -38.54001, -3.733763 ] } },
{ "type": "Feature", "properties": { "micronodo": "Ap Jana Barroso", "area_oficial": "RACHEL DE QUEIROZ", "faction": "CV", "lat": -3.799582, "long": -38.555964 }, "geometry": { "type": "Point", "coordinates": [ -38.555964, -3.799582 ] } },
{ "type": "Feature", "properties": { "micronodo": "venceslau", "area_oficial": "CAMBEBA", "faction": "CV", "lat": -3.81118, "long": -38.481779 }, "geometry": { "type": "Point", "coordinates": [ -38.481779, -3.81118 ] } },
{ "type": "Feature", "properties": { "micronodo": "Comunidade da Mimosa", "area_oficial": "MARAPONGA", "faction": "CV", "lat": -3.795201, "long": -38.568548 }, "geometry": { "type": "Point", "coordinates": [ -38.568548, -3.795201 ] } },
{ "type": "Feature", "properties": { "micronodo": "Ap´s Acaracuzinho - ÁGUAS DE JAÇANÃ", "area_oficial": "ALTO ALEGRE II", "faction": "CV", "lat": -3.843468, "long": -38.622299 }, "geometry": { "type": "Point", "coordinates": [ -38.622299, -3.843468 ] } },
{ "type": "Feature", "properties": { "micronodo": "Pacoti", "area_oficial": "PACOTI", "faction": "CV", "lat": -4.221723, "long": -38.91762 }, "geometry": { "type": "Point", "coordinates": [ -38.91762, -4.221723 ] } },
{ "type": "Feature", "properties": { "micronodo": "Jaçanan", "area_oficial": "SABIAGUABA", "faction": "CV", "lat": -3.786164, "long": -38.440947 }, "geometry": { "type": "Point", "coordinates": [ -38.440947, -3.786164 ] } },
{ "type": "Feature", "properties": { "micronodo": "Castanhola", "area_oficial": "PARQUE DOIS IRMĂOS", "faction": "CV", "lat": -3.813242, "long": -38.555741 }, "geometry": { "type": "Point", "coordinates": [ -38.555741, -3.813242 ] } },
{ "type": "Feature", "properties": { "micronodo": "Comunidade da maravilha", "area_oficial": "ALTO DA BALANÇA", "faction": "CV", "lat": -3.759032, "long": -38.521572 }, "geometry": { "type": "Point", "coordinates": [ -38.521572, -3.759032 ] } },
{ "type": "Feature", "properties": { "micronodo": "Comunidade Santa Rita", "area_oficial": "BARROSO", "faction": "CV", "lat": -3.82492, "long": -38.521317 }, "geometry": { "type": "Point", "coordinates": [ -38.521317, -3.82492 ] } },
{ "type": "Feature", "properties": { "micronodo": "Jagatá - Castelão", "area_oficial": "BOA VISTA/CASTELÃO", "faction": "CV", "lat": -3.796787, "long": -38.527706 }, "geometry": { "type": "Point", "coordinates": [ -38.527706, -3.796787 ] } },
{ "type": "Feature", "properties": { "micronodo": "Comunidade ABC - Quintino Cunha", "area_oficial": "QUINTINO CUNHA", "faction": "CV", "lat": -3.730523, "long": -38.603988 }, "geometry": { "type": "Point", "coordinates": [ -38.603988, -3.730523 ] } },
{ "type": "Feature", "properties": { "micronodo": "Cidrião", "area_oficial": "DIAS MACÊDO", "faction": "CV", "lat": -3.792832, "long": -38.530241 }, "geometry": { "type": "Point", "coordinates": [ -38.530241, -3.792832 ] } },
{ "type": "Feature", "properties": { "micronodo": "Aldeia", "area_oficial": "CURIÓ", "faction": "CV", "lat": -3.826265, "long": -38.47432 }, "geometry": { "type": "Point", "coordinates": [ -38.47432, -3.826265 ] } },
{ "type": "Feature", "properties": { "micronodo": "Comunidade Língua da Cobra", "area_oficial": "BARRA DO CEARÁ", "faction": "CV", "lat": -3.696656, "long": -38.578952 }, "geometry": { "type": "Point", "coordinates": [ -38.578952, -3.696656 ] } },
{ "type": "Feature", "properties": { "micronodo": "Comunidade São Antonio", "area_oficial": "BARRA DO CEARÁ", "faction": "CV", "lat": -3.695891, "long": -38.583854 }, "geometry": { "type": "Point", "coordinates": [ -38.583854, -3.695891 ] } },
{ "type": "Feature", "properties": { "micronodo": "Comunidade São Pedro", "area_oficial": "BARRA DO CEARÁ", "faction": "CV", "lat": -3.695259, "long": -38.583762 }, "geometry": { "type": "Point", "coordinates": [ -38.583762, -3.695259 ] } },
{ "type": "Feature", "properties": { "micronodo": "Cajazeiras", "area_oficial": "CAJAZEIRAS", "faction": "CV", "lat": -3.799833, "long": -38.511868 }, "geometry": { "type": "Point", "coordinates": [ -38.511868, -3.799833 ] } },
{ "type": "Feature", "properties": { "micronodo": "Comunidade do Gueto", "area_oficial": "BARRA DO CEARÁ", "faction": "CV", "lat": -3.706953, "long": -38.58281 }, "geometry": { "type": "Point", "coordinates": [ -38.58281, -3.706953 ] } },
{ "type": "Feature", "properties": { "micronodo": "Beco da 20 ", "area_oficial": "BARRA DO CEARÁ", "faction": "CV", "lat": -3.705064, "long": -38.582634 }, "geometry": { "type": "Point", "coordinates": [ -38.582634, -3.705064 ] } },
{ "type": "Feature", "properties": { "micronodo": "Comunidade do Posto", "area_oficial": "BARROSO", "faction": "CV", "lat": -3.828239, "long": -38.526205 }, "geometry": { "type": "Point", "coordinates": [ -38.526205, -3.828239 ] } },
{ "type": "Feature", "properties": { "micronodo": "Beco da Praça", "area_oficial": "FÁTIMA", "faction": "CV", "lat": -3.746614, "long": -38.526666 }, "geometry": { "type": "Point", "coordinates": [ -38.526666, -3.746614 ] } },
{ "type": "Feature", "properties": { "micronodo": "Cidade Jardim II", "area_oficial": "PREFEITO JOSÉ WALTER", "faction": "CV", "lat": -3.83934, "long": -38.554417 }, "geometry": { "type": "Point", "coordinates": [ -38.554417, -3.83934 ] } },
{ "type": "Feature", "properties": { "micronodo": "Piçarra", "area_oficial": "JARDIM IRACEMA", "faction": "CV", "lat": -3.713782, "long": -38.581322 }, "geometry": { "type": "Point", "coordinates": [ -38.581322, -3.713782 ] } },
{ "type": "Feature", "properties": { "micronodo": "Conjunto Comando Vermelho", "area_oficial": "ÁLVARO WEYNE", "faction": "CV", "lat": -3.711789, "long": -38.574399 }, "geometry": { "type": "Point", "coordinates": [ -38.574399, -3.711789 ] } },
{ "type": "Feature", "properties": { "micronodo": "Guanaces", "area_oficial": "PINDORETAMA", "faction": "CV", "lat": -4.141013, "long": -38.329553 }, "geometry": { "type": "Point", "coordinates": [ -38.329553, -4.141013 ] } },
{ "type": "Feature", "properties": { "micronodo": "Comunidade do Presídio", "area_oficial": "PARQUE DOIS IRMĂOS", "faction": "CV", "lat": -3.808096, "long": -38.556093 }, "geometry": { "type": "Point", "coordinates": [ -38.556093, -3.808096 ] } },
{ "type": "Feature", "properties": { "micronodo": "Beco da disbece", "area_oficial": "VILA PERI", "faction": "CV", "lat": -3.781782, "long": -38.576069 }, "geometry": { "type": "Point", "coordinates": [ -38.576069, -3.781782 ] } },
{ "type": "Feature", "properties": { "micronodo": "Distrito de Paripueira", "area_oficial": "FORTIM", "faction": "CV", "lat": -4.374312, "long": -37.926538 }, "geometry": { "type": "Point", "coordinates": [ -37.926538, -4.374312 ] } },
{ "type": "Feature", "properties": { "micronodo": "Comunidade do Paredão", "area_oficial": "GRANJA PORTUGAL", "faction": "CV", "lat": -3.783088, "long": -38.606826 }, "geometry": { "type": "Point", "coordinates": [ -38.606826, -3.783088 ] } },
{ "type": "Feature", "properties": { "micronodo": "Praia da Redonda - Icapuí", "area_oficial": "ICAPUÍ", "faction": "CV", "lat": -4.652564, "long": -37.46404 }, "geometry": { "type": "Point", "coordinates": [ -37.46404, -4.652564 ] } },
{ "type": "Feature", "properties": { "micronodo": "Vila Rola ", "area_oficial": "FLORESTA", "faction": "CV", "lat": -3.712208, "long": -38.575809 }, "geometry": { "type": "Point", "coordinates": [ -38.575809, -3.712208 ] } },
{ "type": "Feature", "properties": { "micronodo": "Coqueiral", "area_oficial": "JOSÉ DE ALENCAR", "faction": "CV", "lat": -3.815896, "long": -38.472577 }, "geometry": { "type": "Point", "coordinates": [ -38.472577, -3.815896 ] } },
{ "type": "Feature", "properties": { "micronodo": "Planalto", "area_oficial": "PENTECOSTE", "faction": "CV", "lat": -3.792816, "long": -39.276326 }, "geometry": { "type": "Point", "coordinates": [ -39.276326, -3.792816 ] } },
{ "type": "Feature", "properties": { "micronodo": "Favela do Capinzal", "area_oficial": "OLAVO OLIVEIRA", "faction": "CV", "lat": -3.729665, "long": -38.591843 }, "geometry": { "type": "Point", "coordinates": [ -38.591843, -3.729665 ] } },
{ "type": "Feature", "properties": { "micronodo": "Campo do Guanabara", "area_oficial": "JARDIM GUANABARA", "faction": "CV", "lat": -3.724648, "long": -38.59096 }, "geometry": { "type": "Point", "coordinates": [ -38.59096, -3.724648 ] } },
{ "type": "Feature", "properties": { "micronodo": "Buraco do Céu ", "area_oficial": "CRISTO REDENTOR", "faction": "CV", "lat": -3.706204, "long": -38.565224 }, "geometry": { "type": "Point", "coordinates": [ -38.565224, -3.706204 ] } },
{ "type": "Feature", "properties": { "micronodo": "Cidade de Ipueiras ", "area_oficial": "IPU", "faction": "CV", "lat": -4.53273, "long": -40.708257 }, "geometry": { "type": "Point", "coordinates": [ -40.708257, -4.53273 ] } },
{ "type": "Feature", "properties": { "micronodo": "Jenipapeiro - Aquiraz", "area_oficial": "AQUIRAZ", "faction": "CV", "lat": -3.968868, "long": -38.399892 }, "geometry": { "type": "Point", "coordinates": [ -38.399892, -3.968868 ] } },
{ "type": "Feature", "properties": { "micronodo": "Comunidade do gato morto - Sobral", "area_oficial": "MERUOCA", "faction": "CV", "lat": -3.673829, "long": -40.375946 }, "geometry": { "type": "Point", "coordinates": [ -40.375946, -3.673829 ] } },
{ "type": "Feature", "properties": { "micronodo": "Cidade de Tururu", "area_oficial": "TURURU", "faction": "CV", "lat": -3.605841, "long": -39.429305 }, "geometry": { "type": "Point", "coordinates": [ -39.429305, -3.605841 ] } },
{ "type": "Feature", "properties": { "micronodo": "Praia de Uruaú", "area_oficial": "BEBERIBE", "faction": "CV", "lat": -4.22588, "long": -38.044194 }, "geometry": { "type": "Point", "coordinates": [ -38.044194, -4.22588 ] } },
{ "type": "Feature", "properties": { "micronodo": "Beco da Sodine", "area_oficial": "PARREÃO", "faction": "CV", "lat": -3.759227, "long": -38.531052 }, "geometry": { "type": "Point", "coordinates": [ -38.531052, -3.759227 ] } },
{ "type": "Feature", "properties": { "micronodo": "Bairro Alto do Bode - Itaitinga", "area_oficial": "PEDRAS", "faction": "CV", "lat": -3.922841, "long": -38.544289 }, "geometry": { "type": "Point", "coordinates": [ -38.544289, -3.922841 ] } },
{ "type": "Feature", "properties": { "micronodo": "Carapió - Itaitinga", "area_oficial": "ITAITINGA", "faction": "CV", "lat": -3.959546, "long": -38.551377 }, "geometry": { "type": "Point", "coordinates": [ -38.551377, -3.959546 ] } },
{ "type": "Feature", "properties": { "micronodo": "Distrito de Juriatinha", "area_oficial": "ACARAÚ", "faction": "CV", "lat": -2.895804, "long": -40.002337 }, "geometry": { "type": "Point", "coordinates": [ -40.002337, -2.895804 ] } },
{ "type": "Feature", "properties": { "micronodo": "Bairro Pedragal - Santana do Acaraú", "area_oficial": "SANTANA DO ACARAÚ", "faction": "CV", "lat": -3.459936, "long": -40.197721 }, "geometry": { "type": "Point", "coordinates": [ -40.197721, -3.459936 ] } },
{ "type": "Feature", "properties": { "micronodo": "Cidade de Cariús", "area_oficial": "CARIÚS", "faction": "CV", "lat": -6.52844, "long": -39.492059 }, "geometry": { "type": "Point", "coordinates": [ -39.492059, -6.52844 ] } },
{ "type": "Feature", "properties": { "micronodo": "Morrinhos - Aracati", "area_oficial": "ARACATI", "faction": "CV", "lat": -4.63403, "long": -37.745486 }, "geometry": { "type": "Point", "coordinates": [ -37.745486, -4.63403 ] } },
{ "type": "Feature", "properties": { "micronodo": "Distrito de Logradouro - Itaiçaba", "area_oficial": "ITAIÇABA", "faction": "CV", "lat": -4.722012, "long": -37.776739 }, "geometry": { "type": "Point", "coordinates": [ -37.776739, -4.722012 ] } },
{ "type": "Feature", "properties": { "micronodo": "Tabapuá", "area_oficial": "TABAPUÁ", "faction": "CV", "lat": -3.737903, "long": -38.614585 }, "geometry": { "type": "Point", "coordinates": [ -38.614585, -3.737903 ] } },
{ "type": "Feature", "properties": { "micronodo": "Aldeia", "area_oficial": "SAPIRANGA / COITÉ", "faction": "CV", "lat": -3.804034, "long": -38.455128 }, "geometry": { "type": "Point", "coordinates": [ -38.455128, -3.804034 ] } },
{ "type": "Feature", "properties": { "micronodo": "Beco do 12", "area_oficial": "PRECABURA", "faction": "CV", "lat": -3.808656, "long": -38.448989 }, "geometry": { "type": "Point", "coordinates": [ -38.448989, -3.808656 ] } },
{ "type": "Feature", "properties": { "micronodo": "Comunidade das Quadras", "area_oficial": "PRECABURA", "faction": "CV", "lat": -3.817771, "long": -38.437653 }, "geometry": { "type": "Point", "coordinates": [ -38.437653, -3.817771 ] } },
{ "type": "Feature", "properties": { "micronodo": "Papoco - Mucunã", "area_oficial": "MARACANAÚ", "faction": "CV", "lat": -3.853449, "long": -38.653612 }, "geometry": { "type": "Point", "coordinates": [ -38.653612, -3.853449 ] } },
{ "type": "Feature", "properties": { "micronodo": "Taquara - Caucaia", "area_oficial": "URUCUTUBA", "faction": "CV", "lat": -3.828733, "long": -38.666065 }, "geometry": { "type": "Point", "coordinates": [ -38.666065, -3.828733 ] } },
{ "type": "Feature", "properties": { "micronodo": "Comunidade da Central  - Jaçanaú", "area_oficial": "ALTO ALEGRE II", "faction": "CV", "lat": -3.839344, "long": -38.640258 }, "geometry": { "type": "Point", "coordinates": [ -38.640258, -3.839344 ] } },
{ "type": "Feature", "properties": { "micronodo": "Baixa Da Jumenta - Maraponga", "area_oficial": "PARANGABA", "faction": "CV", "lat": -3.783296, "long": -38.571315 }, "geometry": { "type": "Point", "coordinates": [ -38.571315, -3.783296 ] } },
{ "type": "Feature", "properties": { "micronodo": "Beco do Canal - Maraponga", "area_oficial": "JARDIM CEARENSE", "faction": "CV", "lat": -3.799346, "long": -38.561942 }, "geometry": { "type": "Point", "coordinates": [ -38.561942, -3.799346 ] } },
{ "type": "Feature", "properties": { "micronodo": "Alto da alvorada - Mucunã ", "area_oficial": "MARACANAÚ", "faction": "CV", "lat": -3.844919, "long": -38.663212 }, "geometry": { "type": "Point", "coordinates": [ -38.663212, -3.844919 ] } },
{ "type": "Feature", "properties": { "micronodo": "Beco Do Cu", "area_oficial": "SAPIRANGA / COITÉ", "faction": "CV", "lat": -3.794847, "long": -38.46891 }, "geometry": { "type": "Point", "coordinates": [ -38.46891, -3.794847 ] } },
{ "type": "Feature", "properties": { "micronodo": "Tamboril", "area_oficial": "TAMBORIL", "faction": "CV", "lat": -4.825874, "long": -40.320352 }, "geometry": { "type": "Point", "coordinates": [ -40.320352, -4.825874 ] } },
{ "type": "Feature", "properties": { "micronodo": "Granja Portugal", "area_oficial": "GRANJA PORTUGAL", "faction": "CV", "lat": -3.775235, "long": -38.605986 }, "geometry": { "type": "Point", "coordinates": [ -38.605986, -3.775235 ] } },
{ "type": "Feature", "properties": { "micronodo": "Comunidade dos Indios - Passaré", "area_oficial": "SERRINHA", "faction": "CV", "lat": -3.79112, "long": -38.540996 }, "geometry": { "type": "Point", "coordinates": [ -38.540996, -3.79112 ] } },
{ "type": "Feature", "properties": { "micronodo": "Comunidade do Come Queto", "area_oficial": "ITAPERI", "faction": "CV", "lat": -3.789064, "long": -38.547708 }, "geometry": { "type": "Point", "coordinates": [ -38.547708, -3.789064 ] } },
{ "type": "Feature", "properties": { "micronodo": "Abreulandia", "area_oficial": "CARARU", "faction": "CV", "lat": -3.810949, "long": -38.409744 }, "geometry": { "type": "Point", "coordinates": [ -38.409744, -3.810949 ] } },
{ "type": "Feature", "properties": { "micronodo": "Comunidade Isabelzinha", "area_oficial": "LAGOA REDONDA", "faction": "CV", "lat": -3.821189, "long": -38.456927 }, "geometry": { "type": "Point", "coordinates": [ -38.456927, -3.821189 ] } },
{ "type": "Feature", "properties": { "micronodo": "10", "area_oficial": "CURIÓ", "faction": "CV", "lat": -3.824489, "long": -38.472105 }, "geometry": { "type": "Point", "coordinates": [ -38.472105, -3.824489 ] } },
{ "type": "Feature", "properties": { "micronodo": "Alto do Bode - Redenção", "area_oficial": "REDENÇÃO", "faction": "CV", "lat": -4.230176, "long": -38.726374 }, "geometry": { "type": "Point", "coordinates": [ -38.726374, -4.230176 ] } },
{ "type": "Feature", "properties": { "micronodo": "Boa Fé - Redenção", "area_oficial": "REDENÇÃO", "faction": "CV", "lat": -4.242574, "long": -38.72404 }, "geometry": { "type": "Point", "coordinates": [ -38.72404, -4.242574 ] } },
{ "type": "Feature", "properties": { "micronodo": "Comunidade dos Cariocas - Caucaia", "area_oficial": "MARECHAL RONDON", "faction": "CV", "lat": -3.780241, "long": -38.631165 }, "geometry": { "type": "Point", "coordinates": [ -38.631165, -3.780241 ] } },
{ "type": "Feature", "properties": { "micronodo": "Multirão - itaitinga", "area_oficial": "ITAITINGA", "faction": "CV", "lat": -4.003593, "long": -38.517157 }, "geometry": { "type": "Point", "coordinates": [ -38.517157, -4.003593 ] } },
{ "type": "Feature", "properties": { "micronodo": "laje dos gatos - itaitinga", "area_oficial": "ITAITINGA", "faction": "CV", "lat": -3.997161, "long": -38.516432 }, "geometry": { "type": "Point", "coordinates": [ -38.516432, -3.997161 ] } },
{ "type": "Feature", "properties": { "micronodo": "Canal", "area_oficial": "SIQUEIRA", "faction": "CV", "lat": -3.798248, "long": -38.612168 }, "geometry": { "type": "Point", "coordinates": [ -38.612168, -3.798248 ] } },
{ "type": "Feature", "properties": { "micronodo": "Apuiarés", "area_oficial": "APUIARÉS", "faction": "CV", "lat": -3.940936, "long": -39.423486 }, "geometry": { "type": "Point", "coordinates": [ -39.423486, -3.940936 ] } },
{ "type": "Feature", "properties": { "micronodo": "Estádio ", "area_oficial": "CRATEÚS", "faction": "CV", "lat": -5.167534, "long": -40.661103 }, "geometry": { "type": "Point", "coordinates": [ -40.661103, -5.167534 ] } },
{ "type": "Feature", "properties": { "micronodo": "Comunidade da Ilha", "area_oficial": "CRATEÚS", "faction": "CV", "lat": -5.167305, "long": -40.667224 }, "geometry": { "type": "Point", "coordinates": [ -40.667224, -5.167305 ] } },
{ "type": "Feature", "properties": { "micronodo": "Lages", "area_oficial": "JAGUARIBARA", "faction": "CV", "lat": -5.463834, "long": -38.474128 }, "geometry": { "type": "Point", "coordinates": [ -38.474128, -5.463834 ] } },
{ "type": "Feature", "properties": { "micronodo": "Vila Marizera", "area_oficial": "JAGUARIBARA", "faction": "CV", "lat": -5.464569, "long": -38.456603 }, "geometry": { "type": "Point", "coordinates": [ -38.456603, -5.464569 ] } },
{ "type": "Feature", "properties": { "micronodo": "Gruta - Colônia ", "area_oficial": "MARACANAÚ", "faction": "CV", "lat": -3.88734, "long": -38.641201 }, "geometry": { "type": "Point", "coordinates": [ -38.641201, -3.88734 ] } },
{ "type": "Feature", "properties": { "micronodo": "Pires Ferreira", "area_oficial": "PIRES FERREIRA", "faction": "CV", "lat": -4.25116, "long": -40.649248 }, "geometry": { "type": "Point", "coordinates": [ -40.649248, -4.25116 ] } },
{ "type": "Feature", "properties": { "micronodo": "Campos Belos", "area_oficial": "CARIDADE", "faction": "CV", "lat": -4.088926, "long": -39.060323 }, "geometry": { "type": "Point", "coordinates": [ -39.060323, -4.088926 ] } },
{ "type": "Feature", "properties": { "micronodo": "Buriti", "area_oficial": "JOSÉ DE ALENCAR", "faction": "CV", "lat": -3.808047, "long": -38.465702 }, "geometry": { "type": "Point", "coordinates": [ -38.465702, -3.808047 ] } },
{ "type": "Feature", "properties": { "micronodo": "Estação Rachel de Queiroz", "area_oficial": "ALTO ALEGRE II", "faction": "CV", "lat": -3.850478, "long": -38.610387 }, "geometry": { "type": "Point", "coordinates": [ -38.610387, -3.850478 ] } },
{ "type": "Feature", "properties": { "micronodo": "Beco da Bomba - Sabiaguaba", "area_oficial": "SABIAGUABA", "faction": "CV", "lat": -3.809094, "long": -38.430051 }, "geometry": { "type": "Point", "coordinates": [ -38.430051, -3.809094 ] } },
{ "type": "Feature", "properties": { "micronodo": "Invasão - Sabiaguaba", "area_oficial": "SABIAGUABA", "faction": "CV", "lat": -3.809091, "long": -38.430185 }, "geometry": { "type": "Point", "coordinates": [ -38.430185, -3.809091 ] } },
{ "type": "Feature", "properties": { "micronodo": "Via Urbana", "area_oficial": "JOSÉ DE ALENCAR", "faction": "CV", "lat": -3.805231, "long": -38.467263 }, "geometry": { "type": "Point", "coordinates": [ -38.467263, -3.805231 ] } },
{ "type": "Feature", "properties": { "micronodo": "Veneza", "area_oficial": "SANTANA DO ACARAÚ", "faction": "CV", "lat": -3.451988, "long": -40.202861 }, "geometry": { "type": "Point", "coordinates": [ -40.202861, -3.451988 ] } },
{ "type": "Feature", "properties": { "micronodo": "Bairro da Baixa", "area_oficial": "SANTANA DO ACARAÚ", "faction": "CV", "lat": -3.462261, "long": -40.209608 }, "geometry": { "type": "Point", "coordinates": [ -40.209608, -3.462261 ] } },
{ "type": "Feature", "properties": { "micronodo": "Rua da Bosta - Alto da Liberdade ", "area_oficial": "SANTANA DO ACARAÚ", "faction": "CV", "lat": -3.455004, "long": -40.208098 }, "geometry": { "type": "Point", "coordinates": [ -40.208098, -3.455004 ] } },
{ "type": "Feature", "properties": { "micronodo": "Croatá", "area_oficial": "CROATÁ", "faction": "CV", "lat": -4.414554, "long": -40.910828 }, "geometry": { "type": "Point", "coordinates": [ -40.910828, -4.414554 ] } },
{ "type": "Feature", "properties": { "micronodo": "Altamira", "area_oficial": "CRATEÚS", "faction": "CV", "lat": -5.172098, "long": -40.673616 }, "geometry": { "type": "Point", "coordinates": [ -40.673616, -5.172098 ] } },
{ "type": "Feature", "properties": { "micronodo": "Munduca", "area_oficial": "SANTA QUITÉRIA", "faction": "CV", "lat": -4.303123, "long": -40.151984 }, "geometry": { "type": "Point", "coordinates": [ -40.151984, -4.303123 ] } },
{ "type": "Feature", "properties": { "micronodo": "Antonina do Norte", "area_oficial": "ANTONINA DO NORTE", "faction": "CV", "lat": -6.774086, "long": -39.99239 }, "geometry": { "type": "Point", "coordinates": [ -39.99239, -6.774086 ] } },
{ "type": "Feature", "properties": { "micronodo": "Recanto", "area_oficial": "MERUOCA", "faction": "CV", "lat": -3.667316, "long": -40.339948 }, "geometry": { "type": "Point", "coordinates": [ -40.339948, -3.667316 ] } },
{ "type": "Feature", "properties": { "micronodo": "Viçosa do Ceará ", "area_oficial": "VICOSA DO CEARA", "faction": "CV", "lat": -3.559312, "long": -41.088624 }, "geometry": { "type": "Point", "coordinates": [ -41.088624, -3.559312 ] } },
{ "type": "Feature", "properties": { "micronodo": "Mutirão ", "area_oficial": "CRATO", "faction": "CV", "lat": -7.243597, "long": -39.414538 }, "geometry": { "type": "Point", "coordinates": [ -39.414538, -7.243597 ] } },
{ "type": "Feature", "properties": { "micronodo": "Vila Machado", "area_oficial": "PEDRAS", "faction": "CV", "lat": -3.889259, "long": -38.517675 }, "geometry": { "type": "Point", "coordinates": [ -38.517675, -3.889259 ] } },
{ "type": "Feature", "properties": { "micronodo": "Barrocao", "area_oficial": "PEDRAS", "faction": "CV", "lat": -3.914826, "long": -38.505734 }, "geometry": { "type": "Point", "coordinates": [ -38.505734, -3.914826 ] } },
{ "type": "Feature", "properties": { "micronodo": "COMUNIDADE DO ÓLEO - CAMPO DO ESTRELA", "area_oficial": "BARROSO", "faction": "CV", "lat": -3.828479, "long": -38.518659 }, "geometry": { "type": "Point", "coordinates": [ -38.518659, -3.828479 ] } },
{ "type": "Feature", "properties": { "micronodo": "Comunidade do Torino", "area_oficial": "BARROSO", "faction": "CV", "lat": -3.830005, "long": -38.51569 }, "geometry": { "type": "Point", "coordinates": [ -38.51569, -3.830005 ] } },
{ "type": "Feature", "properties": { "micronodo": "Comunidade do Alto - Santa fé", "area_oficial": "ANCURI", "faction": "CV", "lat": -3.858335, "long": -38.506158 }, "geometry": { "type": "Point", "coordinates": [ -38.506158, -3.858335 ] } },
{ "type": "Feature", "properties": { "micronodo": "Comunidade das cobras", "area_oficial": "PARQUE SANTA MARIA", "faction": "CV", "lat": -3.847423, "long": -38.499148 }, "geometry": { "type": "Point", "coordinates": [ -38.499148, -3.847423 ] } },
{ "type": "Feature", "properties": { "micronodo": "Mutirão ", "area_oficial": "PARQUE DOIS IRMĂOS", "faction": "CV", "lat": -3.809408, "long": -38.555873 }, "geometry": { "type": "Point", "coordinates": [ -38.555873, -3.809408 ] } },
{ "type": "Feature", "properties": { "micronodo": "Tarrafas", "area_oficial": "TARRAFAS", "faction": "CV", "lat": -6.681923, "long": -39.76135 }, "geometry": { "type": "Point", "coordinates": [ -39.76135, -6.681923 ] } },
{ "type": "Feature", "properties": { "micronodo": "Camará", "area_oficial": "EUSÉBIO", "faction": "CV", "lat": -3.956062, "long": -38.47606 }, "geometry": { "type": "Point", "coordinates": [ -38.47606, -3.956062 ] } },
{ "type": "Feature", "properties": { "micronodo": "Nova Belém - Icapui", "area_oficial": "ICAPUÍ", "faction": "CV", "lat": -4.710105, "long": -37.495611 }, "geometry": { "type": "Point", "coordinates": [ -37.495611, -4.710105 ] } },
{ "type": "Feature", "properties": { "micronodo": "P.F", "area_oficial": "EUSÉBIO", "faction": "CV", "lat": -3.862282, "long": -38.447553 }, "geometry": { "type": "Point", "coordinates": [ -38.447553, -3.862282 ] } },
{ "type": "Feature", "properties": { "micronodo": "Ouro Verde", "area_oficial": "EUSÉBIO", "faction": "CV", "lat": -3.856678, "long": -38.446122 }, "geometry": { "type": "Point", "coordinates": [ -38.446122, -3.856678 ] } },
{ "type": "Feature", "properties": { "micronodo": "Quadras", "area_oficial": "EUSÉBIO", "faction": "CV", "lat": -3.861368, "long": -38.459212 }, "geometry": { "type": "Point", "coordinates": [ -38.459212, -3.861368 ] } },
{ "type": "Feature", "properties": { "micronodo": "Final da Linha", "area_oficial": "FLORESTA", "faction": "CV", "lat": -3.716266, "long": -38.578589 }, "geometry": { "type": "Point", "coordinates": [ -38.578589, -3.716266 ] } },
{ "type": "Feature", "properties": { "micronodo": "Comunidade do Jacaré", "area_oficial": "COAÇU", "faction": "CV", "lat": -3.847899, "long": -38.480443 }, "geometry": { "type": "Point", "coordinates": [ -38.480443, -3.847899 ] } },
{ "type": "Feature", "properties": { "micronodo": "Vila do Felix - Beberibe", "area_oficial": "BEBERIBE", "faction": "CV", "lat": -4.51044, "long": -38.178784 }, "geometry": { "type": "Point", "coordinates": [ -38.178784, -4.51044 ] } },
{ "type": "Feature", "properties": { "micronodo": "Mangue Seco", "area_oficial": "JIJOCA DE JERICOACOARA", "faction": "CV", "lat": -2.842481, "long": -40.55882 }, "geometry": { "type": "Point", "coordinates": [ -40.55882, -2.842481 ] } },
{ "type": "Feature", "properties": { "micronodo": "Curva da Viúva ", "area_oficial": "PLANALTO AYRTON SENNA", "faction": "CV", "lat": -3.839736, "long": -38.564051 }, "geometry": { "type": "Point", "coordinates": [ -38.564051, -3.839736 ] } },
{ "type": "Feature", "properties": { "micronodo": "Anario Braga ", "area_oficial": "ANTÔNIO BEZERRA", "faction": "CV", "lat": -3.736325, "long": -38.594919 }, "geometry": { "type": "Point", "coordinates": [ -38.594919, -3.736325 ] } },
{ "type": "Feature", "properties": { "micronodo": "Barreiros", "area_oficial": "GUADALAJARA", "faction": "CV", "lat": -3.750118, "long": -38.630998 }, "geometry": { "type": "Point", "coordinates": [ -38.630998, -3.750118 ] } },
{ "type": "Feature", "properties": { "micronodo": "Pau da Veia", "area_oficial": "AUTRAN NUNES", "faction": "CV", "lat": -3.748903, "long": -38.592694 }, "geometry": { "type": "Point", "coordinates": [ -38.592694, -3.748903 ] } },
{ "type": "Feature", "properties": { "micronodo": "Vacaria do Dom Lustosa", "area_oficial": "DOM LUSTOSA", "faction": "CV", "lat": -3.748914, "long": -38.58861 }, "geometry": { "type": "Point", "coordinates": [ -38.58861, -3.748914 ] } },
{ "type": "Feature", "properties": { "micronodo": "Campo Grande", "area_oficial": "URUCUTUBA", "faction": "CV", "lat": -3.768417, "long": -38.681228 }, "geometry": { "type": "Point", "coordinates": [ -38.681228, -3.768417 ] } },
{ "type": "Feature", "properties": { "micronodo": "Beco do Suvaco", "area_oficial": "DOM LUSTOSA", "faction": "CV", "lat": -3.753294, "long": -38.584158 }, "geometry": { "type": "Point", "coordinates": [ -38.584158, -3.753294 ] } },
{ "type": "Feature", "properties": { "micronodo": "Comunidade das Casinhas - Paupina", "area_oficial": "PARQUE SANTA MARIA", "faction": "CV", "lat": -3.849505, "long": -38.491811 }, "geometry": { "type": "Point", "coordinates": [ -38.491811, -3.849505 ] } },
{ "type": "Feature", "properties": { "micronodo": "Bairro Ellery", "area_oficial": "ELLERY", "faction": "CV", "lat": -3.720702, "long": -38.56583 }, "geometry": { "type": "Point", "coordinates": [ -38.56583, -3.720702 ] } },
{ "type": "Feature", "properties": { "micronodo": "Papoco- Montese", "area_oficial": "ITAOCA", "faction": "CV", "lat": -3.769887, "long": -38.559087 }, "geometry": { "type": "Point", "coordinates": [ -38.559087, -3.769887 ] } },
{ "type": "Feature", "properties": { "micronodo": "Comunidade da Tubiacanga", "area_oficial": "PASSARÉ", "faction": "CV", "lat": -3.815953, "long": -38.538346 }, "geometry": { "type": "Point", "coordinates": [ -38.538346, -3.815953 ] } },
{ "type": "Feature", "properties": { "micronodo": "Marrocos", "area_oficial": "PARQUE DOIS IRMĂOS", "faction": "CV", "lat": -3.815678, "long": -38.544156 }, "geometry": { "type": "Point", "coordinates": [ -38.544156, -3.815678 ] } },
{ "type": "Feature", "properties": { "micronodo": "Caixa D´agua - Varjota", "area_oficial": "PIRES FERREIRA", "faction": "CV", "lat": -4.195009, "long": -40.475977 }, "geometry": { "type": "Point", "coordinates": [ -40.475977, -4.195009 ] } },
{ "type": "Feature", "properties": { "micronodo": "Ararinha - Varjota", "area_oficial": "PIRES FERREIRA", "faction": "CV", "lat": -4.199037, "long": -40.476498 }, "geometry": { "type": "Point", "coordinates": [ -40.476498, -4.199037 ] } },
{ "type": "Feature", "properties": { "micronodo": "Arianópolis - Caucaia", "area_oficial": "MARECHAL RONDON", "faction": "CV", "lat": -3.75842, "long": -38.646695 }, "geometry": { "type": "Point", "coordinates": [ -38.646695, -3.75842 ] } },
{ "type": "Feature", "properties": { "micronodo": "Praia do Japão - Aquiraz", "area_oficial": "AQUIRAZ", "faction": "CV", "lat": -3.893434, "long": -38.356579 }, "geometry": { "type": "Point", "coordinates": [ -38.356579, -3.893434 ] } },
{ "type": "Feature", "properties": { "micronodo": "Caixa d' Água", "area_oficial": "SERRINHA", "faction": "CV", "lat": -3.782, "long": -38.544047 }, "geometry": { "type": "Point", "coordinates": [ -38.544047, -3.782 ] } },
{ "type": "Feature", "properties": { "micronodo": "Condomínios", "area_oficial": "MARECHAL RONDON", "faction": "CV", "lat": -3.776815, "long": -38.63324 }, "geometry": { "type": "Point", "coordinates": [ -38.63324, -3.776815 ] } },
{ "type": "Feature", "properties": { "micronodo": "Tucunduba", "area_oficial": "CAUCAIA", "faction": "CV", "lat": -3.869455, "long": -38.75655 }, "geometry": { "type": "Point", "coordinates": [ -38.75655, -3.869455 ] } },
{ "type": "Feature", "properties": { "micronodo": "Complexo da Areninha", "area_oficial": "AUTRAN NUNES", "faction": "CV", "lat": -3.750377, "long": -38.599842 }, "geometry": { "type": "Point", "coordinates": [ -38.599842, -3.750377 ] } },
{ "type": "Feature", "properties": { "micronodo": "Comunidade da Fumaça ", "area_oficial": "SÃO MIGUEL", "faction": "CV", "lat": -3.743884, "long": -38.599428 }, "geometry": { "type": "Point", "coordinates": [ -38.599428, -3.743884 ] } },
{ "type": "Feature", "properties": { "micronodo": "Pracinha", "area_oficial": "MARECHAL RONDON", "faction": "CV", "lat": -3.77692, "long": -38.619514 }, "geometry": { "type": "Point", "coordinates": [ -38.619514, -3.77692 ] } },
{ "type": "Feature", "properties": { "micronodo": "Samassa", "area_oficial": "RODOLFO TEÓFILO", "faction": "CV", "lat": -3.744526, "long": -38.552296 }, "geometry": { "type": "Point", "coordinates": [ -38.552296, -3.744526 ] } },
{ "type": "Feature", "properties": { "micronodo": "Comunidade do Riacinho", "area_oficial": "DEMÓCRITO ROCHA", "faction": "CV", "lat": -3.761566, "long": -38.564636 }, "geometry": { "type": "Point", "coordinates": [ -38.564636, -3.761566 ] } },
{ "type": "Feature", "properties": { "micronodo": "Beco da Betânia ", "area_oficial": "PARANGABA", "faction": "CV", "lat": -3.784071, "long": -38.562964 }, "geometry": { "type": "Point", "coordinates": [ -38.562964, -3.784071 ] } },
{ "type": "Feature", "properties": { "micronodo": "VP", "area_oficial": "ITAPERI", "faction": "CV", "lat": -3.791151, "long": -38.550874 }, "geometry": { "type": "Point", "coordinates": [ -38.550874, -3.791151 ] } },
{ "type": "Feature", "properties": { "micronodo": "Sem Terra", "area_oficial": "JARDIM IRACEMA", "faction": "CV", "lat": -3.715716, "long": -38.5839 }, "geometry": { "type": "Point", "coordinates": [ -38.5839, -3.715716 ] } },
{ "type": "Feature", "properties": { "micronodo": "Travessa do Mal", "area_oficial": "PANAMERICANO", "faction": "CV", "lat": -3.756514, "long": -38.567014 }, "geometry": { "type": "Point", "coordinates": [ -38.567014, -3.756514 ] } },
{ "type": "Feature", "properties": { "micronodo": "Venâncio ", "area_oficial": "CRATEÚS", "faction": "CV", "lat": -5.184328, "long": -40.657741 }, "geometry": { "type": "Point", "coordinates": [ -40.657741, -5.184328 ] } },
{ "type": "Feature", "properties": { "micronodo": "Parque Araxá", "area_oficial": "PARQUE ARAXÁ", "faction": "CV", "lat": -3.737348, "long": -38.543968 }, "geometry": { "type": "Point", "coordinates": [ -38.543968, -3.737348 ] } },
{ "type": "Feature", "properties": { "micronodo": "Comunidade do Serrote - Messejana", "area_oficial": "PARQUE SANTA MARIA", "faction": "CV", "lat": -3.842321, "long": -38.493274 }, "geometry": { "type": "Point", "coordinates": [ -38.493274, -3.842321 ] } },
{ "type": "Feature", "properties": { "micronodo": "Sol Nascente - Aquiraz", "area_oficial": "AQUIRAZ", "faction": "CV", "lat": -3.911545, "long": -38.383815 }, "geometry": { "type": "Point", "coordinates": [ -38.383815, -3.911545 ] } },
{ "type": "Feature", "properties": { "micronodo": "Mirante da Serra - Cascavel", "area_oficial": "CASCAVEL", "faction": "CV", "lat": -4.1458, "long": -38.253267 }, "geometry": { "type": "Point", "coordinates": [ -38.253267, -4.1458 ] } },
{ "type": "Feature", "properties": { "micronodo": "Bairro do Ginasio", "area_oficial": "TIANGUA", "faction": "CV", "lat": -3.722647, "long": -40.988004 }, "geometry": { "type": "Point", "coordinates": [ -40.988004, -3.722647 ] } },
{ "type": "Feature", "properties": { "micronodo": "Alto da Coruja", "area_oficial": "ITAPERI", "faction": "CV", "lat": -3.786452, "long": -38.550206 }, "geometry": { "type": "Point", "coordinates": [ -38.550206, -3.786452 ] } },
{ "type": "Feature", "properties": { "micronodo": "Jacarecoara", "area_oficial": "PINDORETAMA", "faction": "CV", "lat": -4.113752, "long": -38.169278 }, "geometry": { "type": "Point", "coordinates": [ -38.169278, -4.113752 ] } },
{ "type": "Feature", "properties": { "micronodo": "Violete ", "area_oficial": "SÃO GONÇALO DO AMARANTE", "faction": "CV", "lat": -3.67437, "long": -39.086435 }, "geometry": { "type": "Point", "coordinates": [ -39.086435, -3.67437 ] } },
{ "type": "Feature", "properties": { "micronodo": "Residencial Anacetaba", "area_oficial": "SÃO GONÇALO DO AMARANTE", "faction": "CV", "lat": -3.593107, "long": -38.962127 }, "geometry": { "type": "Point", "coordinates": [ -38.962127, -3.593107 ] } },
{ "type": "Feature", "properties": { "micronodo": "Rua da Paz", "area_oficial": "TIANGUA", "faction": "CV", "lat": -3.710225, "long": -40.978776 }, "geometry": { "type": "Point", "coordinates": [ -40.978776, -3.710225 ] } },
{ "type": "Feature", "properties": { "micronodo": "Campo do Laurao ", "area_oficial": "TIANGUA", "faction": "CV", "lat": -3.725315, "long": -40.987607 }, "geometry": { "type": "Point", "coordinates": [ -40.987607, -3.725315 ] } },
{ "type": "Feature", "properties": { "micronodo": "Jabuti - Eusébio ", "area_oficial": "PEDRAS", "faction": "CV", "lat": -3.931027, "long": -38.50094 }, "geometry": { "type": "Point", "coordinates": [ -38.50094, -3.931027 ] } },
{ "type": "Feature", "properties": { "micronodo": "São Vicente", "area_oficial": "TIANGUA", "faction": "CV", "lat": -3.709762, "long": -40.989038 }, "geometry": { "type": "Point", "coordinates": [ -40.989038, -3.709762 ] } },
{ "type": "Feature", "properties": { "micronodo": "Quatigaba", "area_oficial": "TIANGUA", "faction": "CV", "lat": -3.67298, "long": -41.064859 }, "geometry": { "type": "Point", "coordinates": [ -41.064859, -3.67298 ] } },
{ "type": "Feature", "properties": { "micronodo": "Ararendá", "area_oficial": "ARARENDÁ", "faction": "CV", "lat": -4.74565, "long": -40.834565 }, "geometry": { "type": "Point", "coordinates": [ -40.834565, -4.74565 ] } },
{ "type": "Feature", "properties": { "micronodo": "Carandiru", "area_oficial": "VILA UNIĂO", "faction": "CV", "lat": -3.761985, "long": -38.529124 }, "geometry": { "type": "Point", "coordinates": [ -38.529124, -3.761985 ] } },
{ "type": "Feature", "properties": { "micronodo": "Vacaria do Dom Lustosa", "area_oficial": "DOM LUSTOSA", "faction": "CV", "lat": -3.747272, "long": -38.58679 }, "geometry": { "type": "Point", "coordinates": [ -38.58679, -3.747272 ] } },
{ "type": "Feature", "properties": { "micronodo": "Lagoa Do Urubu - Álvaro Weyne", "area_oficial": "FLORESTA", "faction": "CV", "lat": -3.72043, "long": -38.573872 }, "geometry": { "type": "Point", "coordinates": [ -38.573872, -3.72043 ] } },
{ "type": "Feature", "properties": { "micronodo": "Comunidade São Francisco - Itapajé", "area_oficial": "ITAPAJÉ", "faction": "CV", "lat": -3.68353, "long": -39.592688 }, "geometry": { "type": "Point", "coordinates": [ -39.592688, -3.68353 ] } },
{ "type": "Feature", "properties": { "micronodo": "Aps do Inferninho - Vila Velha", "area_oficial": "VILA VELHA", "faction": "CV", "lat": -3.718282, "long": -38.604883 }, "geometry": { "type": "Point", "coordinates": [ -38.604883, -3.718282 ] } },
{ "type": "Feature", "properties": { "micronodo": "Vila Peri", "area_oficial": "VILA PERI", "faction": "CV", "lat": -3.783559, "long": -38.578855 }, "geometry": { "type": "Point", "coordinates": [ -38.578855, -3.783559 ] } },
{ "type": "Feature", "properties": { "micronodo": "Comunidade 1 de Abril", "area_oficial": "BOA VISTA/CASTELÃO", "faction": "CV", "lat": -3.804095, "long": -38.522458 }, "geometry": { "type": "Point", "coordinates": [ -38.522458, -3.804095 ] } },
{ "type": "Feature", "properties": { "micronodo": "Sem terra ", "area_oficial": "BOA VISTA/CASTELÃO", "faction": "CV", "lat": -3.800344, "long": -38.527786 }, "geometry": { "type": "Point", "coordinates": [ -38.527786, -3.800344 ] } },
{ "type": "Feature", "properties": { "micronodo": "Conjunto Rosa Luxemburgo", "area_oficial": "SÃO BENTO", "faction": "CV", "lat": -3.85687, "long": -38.48433 }, "geometry": { "type": "Point", "coordinates": [ -38.48433, -3.85687 ] } },
{ "type": "Feature", "properties": { "micronodo": "Rua da Torre", "area_oficial": "FORTIM", "faction": "CV", "lat": -4.553625, "long": -37.762156 }, "geometry": { "type": "Point", "coordinates": [ -37.762156, -4.553625 ] } },
{ "type": "Feature", "properties": { "micronodo": "Ipu", "area_oficial": "IPU", "faction": "CV", "lat": -4.328562, "long": -40.703834 }, "geometry": { "type": "Point", "coordinates": [ -40.703834, -4.328562 ] } },
{ "type": "Feature", "properties": { "micronodo": "Flecheiras ", "area_oficial": "TRAIRI", "faction": "CV", "lat": -3.220962, "long": -39.262354 }, "geometry": { "type": "Point", "coordinates": [ -39.262354, -3.220962 ] } },
{ "type": "Feature", "properties": { "micronodo": "Lagoa Do Mato - Itatira", "area_oficial": "ITATIRA", "faction": "CV", "lat": -4.644208, "long": -39.677734 }, "geometry": { "type": "Point", "coordinates": [ -39.677734, -4.644208 ] } },
{ "type": "Feature", "properties": { "micronodo": "Turiaçu", "area_oficial": "PARANGABA", "faction": "CV", "lat": -3.780053, "long": -38.559904 }, "geometry": { "type": "Point", "coordinates": [ -38.559904, -3.780053 ] } },
{ "type": "Feature", "properties": { "micronodo": "Barra - Fortim", "area_oficial": "FORTIM", "faction": "CV", "lat": -4.428819, "long": -37.777045 }, "geometry": { "type": "Point", "coordinates": [ -37.777045, -4.428819 ] } },
{ "type": "Feature", "properties": { "micronodo": "Maceió - Fortim", "area_oficial": "FORTIM", "faction": "CV", "lat": -4.405881, "long": -37.781349 }, "geometry": { "type": "Point", "coordinates": [ -37.781349, -4.405881 ] } },
{ "type": "Feature", "properties": { "micronodo": "Olho D'água - Aracati", "area_oficial": "ARACATI", "faction": "CV", "lat": -4.642309, "long": -37.591884 }, "geometry": { "type": "Point", "coordinates": [ -37.591884, -4.642309 ] } },
{ "type": "Feature", "properties": { "micronodo": "Cacimba Funda - Aracati", "area_oficial": "ICAPUÍ", "faction": "CV", "lat": -4.856706, "long": -37.46146 }, "geometry": { "type": "Point", "coordinates": [ -37.46146, -4.856706 ] } },
{ "type": "Feature", "properties": { "micronodo": "Morro do Urubu", "area_oficial": "CRATEÚS", "faction": "CV", "lat": -5.16909, "long": -40.670434 }, "geometry": { "type": "Point", "coordinates": [ -40.670434, -5.16909 ] } },
{ "type": "Feature", "properties": { "micronodo": "Cohab - Crateús ", "area_oficial": "CRATEÚS", "faction": "CV", "lat": -5.153164, "long": -40.658531 }, "geometry": { "type": "Point", "coordinates": [ -40.658531, -5.153164 ] } },
{ "type": "Feature", "properties": { "micronodo": "Guriú - Camocim", "area_oficial": "JIJOCA DE JERICOACOARA", "faction": "CV", "lat": -2.84881, "long": -40.586412 }, "geometry": { "type": "Point", "coordinates": [ -40.586412, -2.84881 ] } },
{ "type": "Feature", "properties": { "micronodo": "Comunidade Riacho Doce - Bonsucesso", "area_oficial": "BONSUCESSO", "faction": "CV", "lat": -3.775915, "long": -38.59005 }, "geometry": { "type": "Point", "coordinates": [ -38.59005, -3.775915 ] } },
{ "type": "Feature", "properties": { "micronodo": "Viçosa - Fortim", "area_oficial": "FORTIM", "faction": "CV", "lat": -4.465598, "long": -37.795718 }, "geometry": { "type": "Point", "coordinates": [ -37.795718, -4.465598 ] } },
{ "type": "Feature", "properties": { "micronodo": "Severino - Uruburetama ", "area_oficial": "URUBURETAMA", "faction": "CV", "lat": -3.569138, "long": -39.506364 }, "geometry": { "type": "Point", "coordinates": [ -39.506364, -3.569138 ] } },
{ "type": "Feature", "properties": { "micronodo": "Ceará Brasil", "area_oficial": "PARQUE SANTA MARIA", "faction": "CV", "lat": -3.838351, "long": -38.500973 }, "geometry": { "type": "Point", "coordinates": [ -38.500973, -3.838351 ] } },
{ "type": "Feature", "properties": { "micronodo": "Trizidela - Monsenhor Tabosa ", "area_oficial": "MONSENHOR TABOSA", "faction": "CV", "lat": -4.786555, "long": -40.054033 }, "geometry": { "type": "Point", "coordinates": [ -40.054033, -4.786555 ] } },
{ "type": "Feature", "properties": { "micronodo": "Prado - Monsenhor Tabosa ", "area_oficial": "MONSENHOR TABOSA", "faction": "CV", "lat": -4.795894, "long": -40.060218 }, "geometry": { "type": "Point", "coordinates": [ -40.060218, -4.795894 ] } },
{ "type": "Feature", "properties": { "micronodo": "Alto Da Boa Vista", "area_oficial": "MONSENHOR TABOSA", "faction": "CV", "lat": -4.792423, "long": -40.060237 }, "geometry": { "type": "Point", "coordinates": [ -40.060237, -4.792423 ] } },
{ "type": "Feature", "properties": { "micronodo": "Jucás - Monsenhor Tabosa ", "area_oficial": "MONSENHOR TABOSA", "faction": "CV", "lat": -4.796758, "long": -40.063993 }, "geometry": { "type": "Point", "coordinates": [ -40.063993, -4.796758 ] } },
{ "type": "Feature", "properties": { "micronodo": "Carrapicho - Monsenhor Tabosa ", "area_oficial": "MONSENHOR TABOSA", "faction": "CV", "lat": -4.787826, "long": -40.066624 }, "geometry": { "type": "Point", "coordinates": [ -40.066624, -4.787826 ] } },
{ "type": "Feature", "properties": { "micronodo": "Quadra - Monsenhor Tabosa ", "area_oficial": "MONSENHOR TABOSA", "faction": "CV", "lat": -4.791702, "long": -40.059946 }, "geometry": { "type": "Point", "coordinates": [ -40.059946, -4.791702 ] } },
{ "type": "Feature", "properties": { "micronodo": "Centro De Monsenhor Tabosa ", "area_oficial": "MONSENHOR TABOSA", "faction": "CV", "lat": -4.788493, "long": -40.063192 }, "geometry": { "type": "Point", "coordinates": [ -40.063192, -4.788493 ] } },
{ "type": "Feature", "properties": { "micronodo": "Caixa D'água ", "area_oficial": "MONSENHOR TABOSA", "faction": "CV", "lat": -4.803462, "long": -40.063889 }, "geometry": { "type": "Point", "coordinates": [ -40.063889, -4.803462 ] } },
{ "type": "Feature", "properties": { "micronodo": "Quadras", "area_oficial": "MONSENHOR TABOSA", "faction": "CV", "lat": -4.792728, "long": -40.054027 }, "geometry": { "type": "Point", "coordinates": [ -40.054027, -4.792728 ] } },
{ "type": "Feature", "properties": { "micronodo": "Caruaru", "area_oficial": "PRECABURA", "faction": "CV", "lat": -3.814332, "long": -38.432735 }, "geometry": { "type": "Point", "coordinates": [ -38.432735, -3.814332 ] } },
{ "type": "Feature", "properties": { "micronodo": "Mirador - Jurema", "area_oficial": "MARECHAL RONDON", "faction": "CV", "lat": -3.776987, "long": -38.621456 }, "geometry": { "type": "Point", "coordinates": [ -38.621456, -3.776987 ] } },
{ "type": "Feature", "properties": { "micronodo": "Jurema", "area_oficial": "MARECHAL RONDON", "faction": "CV", "lat": -3.770549, "long": -38.620085 }, "geometry": { "type": "Point", "coordinates": [ -38.620085, -3.770549 ] } },
{ "type": "Feature", "properties": { "micronodo": "Comunidade da Feira - Jurema", "area_oficial": "MARECHAL RONDON", "faction": "CV", "lat": -3.771044, "long": -38.618405 }, "geometry": { "type": "Point", "coordinates": [ -38.618405, -3.771044 ] } },
{ "type": "Feature", "properties": { "micronodo": "Beco do Tatu", "area_oficial": "JANGURUSSU", "faction": "CV", "lat": -3.83608, "long": -38.514333 }, "geometry": { "type": "Point", "coordinates": [ -38.514333, -3.83608 ] } },
{ "type": "Feature", "properties": { "micronodo": "Comunidade 4 Quadras", "area_oficial": "FLORESTA", "faction": "CV", "lat": -3.717581, "long": -38.5768 }, "geometry": { "type": "Point", "coordinates": [ -38.5768, -3.717581 ] } },
{ "type": "Feature", "properties": { "micronodo": "Comunidade Rua 1", "area_oficial": "FLORESTA", "faction": "CV", "lat": -3.718437, "long": -38.578454 }, "geometry": { "type": "Point", "coordinates": [ -38.578454, -3.718437 ] } },
{ "type": "Feature", "properties": { "micronodo": "Bulandeira ", "area_oficial": "BATURITÉ", "faction": "CV", "lat": -4.37743, "long": -38.815443 }, "geometry": { "type": "Point", "coordinates": [ -38.815443, -4.37743 ] } },
{ "type": "Feature", "properties": { "micronodo": "Lama Seca", "area_oficial": "BARRA DO CEARÁ", "faction": "CV", "lat": -3.705944, "long": -38.584692 }, "geometry": { "type": "Point", "coordinates": [ -38.584692, -3.705944 ] } },
{ "type": "Feature", "properties": { "micronodo": "Conj. Palmares", "area_oficial": "MARECHAL RONDON", "faction": "CV", "lat": -3.779911, "long": -38.626707 }, "geometry": { "type": "Point", "coordinates": [ -38.626707, -3.779911 ] } },
{ "type": "Feature", "properties": { "micronodo": "Linha Do Meio ", "area_oficial": "SAPIRANGA / COITÉ", "faction": "CV", "lat": -3.800186, "long": -38.461292 }, "geometry": { "type": "Point", "coordinates": [ -38.461292, -3.800186 ] } },
{ "type": "Feature", "properties": { "micronodo": "São Francisco - Trairí ", "area_oficial": "TRAIRI", "faction": "CV", "lat": -3.287676, "long": -39.264852 }, "geometry": { "type": "Point", "coordinates": [ -39.264852, -3.287676 ] } },
{ "type": "Feature", "properties": { "micronodo": "Vila Nova - Trairí ", "area_oficial": "TRAIRI", "faction": "CV", "lat": -3.268818, "long": -39.272004 }, "geometry": { "type": "Point", "coordinates": [ -39.272004, -3.268818 ] } },
{ "type": "Feature", "properties": { "micronodo": "CDD - Trairí ", "area_oficial": "TRAIRI", "faction": "CV", "lat": -3.30223, "long": -39.265547 }, "geometry": { "type": "Point", "coordinates": [ -39.265547, -3.30223 ] } },
{ "type": "Feature", "properties": { "micronodo": "Gualdrapras - Trairí ", "area_oficial": "TRAIRI", "faction": "CV", "lat": -3.401792, "long": -39.294734 }, "geometry": { "type": "Point", "coordinates": [ -39.294734, -3.401792 ] } },
{ "type": "Feature", "properties": { "micronodo": "Guajiru - Trairí ", "area_oficial": "TRAIRI", "faction": "CV", "lat": -3.237809, "long": -39.234544 }, "geometry": { "type": "Point", "coordinates": [ -39.234544, -3.237809 ] } },
{ "type": "Feature", "properties": { "micronodo": "Crianco - Trairí ", "area_oficial": "TRAIRI", "faction": "CV", "lat": -3.268445, "long": -39.254725 }, "geometry": { "type": "Point", "coordinates": [ -39.254725, -3.268445 ] } },
{ "type": "Feature", "properties": { "micronodo": "Cotesa - Trairí ", "area_oficial": "TRAIRI", "faction": "CV", "lat": -3.26771, "long": -39.262348 }, "geometry": { "type": "Point", "coordinates": [ -39.262348, -3.26771 ] } },
{ "type": "Feature", "properties": { "micronodo": "Comunidade De Itaperaoba", "area_oficial": "ITAPERI", "faction": "CV", "lat": -3.783258, "long": -38.549854 }, "geometry": { "type": "Point", "coordinates": [ -38.549854, -3.783258 ] } },
{ "type": "Feature", "properties": { "micronodo": "Itacima", "area_oficial": "PALMÁCIA", "faction": "CV", "lat": -4.137667, "long": -38.752858 }, "geometry": { "type": "Point", "coordinates": [ -38.752858, -4.137667 ] } },
{ "type": "Feature", "properties": { "micronodo": "Comunidade Do TA", "area_oficial": "GRANJA PORTUGAL", "faction": "CV", "lat": -3.774712, "long": -38.596273 }, "geometry": { "type": "Point", "coordinates": [ -38.596273, -3.774712 ] } },
{ "type": "Feature", "properties": { "micronodo": "Parque Guadalajara ", "area_oficial": "GUADALAJARA", "faction": "CV", "lat": -3.755954, "long": -38.619442 }, "geometry": { "type": "Point", "coordinates": [ -38.619442, -3.755954 ] } },
{ "type": "Feature", "properties": { "micronodo": "Primeiro de Abril ", "area_oficial": "BONSUCESSO", "faction": "CV", "lat": -3.781389, "long": -38.58888 }, "geometry": { "type": "Point", "coordinates": [ -38.58888, -3.781389 ] } },
{ "type": "Feature", "properties": { "micronodo": "Comunidade do Aterro/Ocupação", "area_oficial": "SÃO MIGUEL", "faction": "CV", "lat": -3.746044, "long": -38.597477 }, "geometry": { "type": "Point", "coordinates": [ -38.597477, -3.746044 ] } },
{ "type": "Feature", "properties": { "micronodo": "Genibaú 1 ", "area_oficial": "SÃO MIGUEL", "faction": "CV", "lat": -3.74985, "long": -38.601544 }, "geometry": { "type": "Point", "coordinates": [ -38.601544, -3.74985 ] } },
{ "type": "Feature", "properties": { "micronodo": "Fazendinha - Santa Maria ", "area_oficial": "PARQUE SANTA MARIA", "faction": "CV", "lat": -3.851536, "long": -38.504909 }, "geometry": { "type": "Point", "coordinates": [ -38.504909, -3.851536 ] } },
{ "type": "Feature", "properties": { "micronodo": "Rua Do Moreira - Santa Maria ", "area_oficial": "PARQUE SANTA MARIA", "faction": "CV", "lat": -3.850247, "long": -38.501406 }, "geometry": { "type": "Point", "coordinates": [ -38.501406, -3.850247 ] } },
{ "type": "Feature", "properties": { "micronodo": "THS - Santa Maria ", "area_oficial": "PARQUE SANTA MARIA", "faction": "CV", "lat": -3.853752, "long": -38.497469 }, "geometry": { "type": "Point", "coordinates": [ -38.497469, -3.853752 ] } },
{ "type": "Feature", "properties": { "micronodo": "Pracinha - Santa Maria ", "area_oficial": "PARQUE SANTA MARIA", "faction": "CV", "lat": -3.852314, "long": -38.5003 }, "geometry": { "type": "Point", "coordinates": [ -38.5003, -3.852314 ] } },
{ "type": "Feature", "properties": { "micronodo": "Comunidade Do HK - Santa Maria ", "area_oficial": "PARQUE SANTA MARIA", "faction": "CV", "lat": -3.854619, "long": -38.503686 }, "geometry": { "type": "Point", "coordinates": [ -38.503686, -3.854619 ] } },
{ "type": "Feature", "properties": { "micronodo": "Comunidade Do Santa Maria ", "area_oficial": "PARQUE SANTA MARIA", "faction": "CV", "lat": -3.856962, "long": -38.498013 }, "geometry": { "type": "Point", "coordinates": [ -38.498013, -3.856962 ] } },
{ "type": "Feature", "properties": { "micronodo": "Favelinha", "area_oficial": "QUINTINO CUNHA", "faction": "CV", "lat": -3.727265, "long": -38.598366 }, "geometry": { "type": "Point", "coordinates": [ -38.598366, -3.727265 ] } },
{ "type": "Feature", "properties": { "micronodo": "Beco do Rato", "area_oficial": "JOSÉ BONIFÁCIO", "faction": "CV", "lat": -3.737897, "long": -38.5273 }, "geometry": { "type": "Point", "coordinates": [ -38.5273, -3.737897 ] } },
{ "type": "Feature", "properties": { "micronodo": "Salgadeira - Jardim América", "area_oficial": "JARDIM AMÉRICA", "faction": "CV", "lat": -3.753461, "long": -38.537808 }, "geometry": { "type": "Point", "coordinates": [ -38.537808, -3.753461 ] } },
{ "type": "Feature", "properties": { "micronodo": "PBT - Jardim América", "area_oficial": "JARDIM AMÉRICA", "faction": "CV", "lat": -3.750122, "long": -38.538845 }, "geometry": { "type": "Point", "coordinates": [ -38.538845, -3.750122 ] } },
{ "type": "Feature", "properties": { "micronodo": "Brasília - Jardim América ", "area_oficial": "JARDIM AMÉRICA", "faction": "CV", "lat": -3.750721, "long": -38.53694 }, "geometry": { "type": "Point", "coordinates": [ -38.53694, -3.750721 ] } },
{ "type": "Feature", "properties": { "micronodo": "Favela Do NB ", "area_oficial": "PRAIA DO FUTURO I", "faction": "CV", "lat": -3.73235, "long": -38.459994 }, "geometry": { "type": "Point", "coordinates": [ -38.459994, -3.73235 ] } },
{ "type": "Feature", "properties": { "micronodo": "Canal da Mancha", "area_oficial": "JARDIM AMÉRICA", "faction": "CV", "lat": -3.747169, "long": -38.543202 }, "geometry": { "type": "Point", "coordinates": [ -38.543202, -3.747169 ] } },
{ "type": "Feature", "properties": { "micronodo": "Fornalhão ", "area_oficial": "FRECHEIRINHA", "faction": "CV", "lat": -3.79801, "long": -40.858184 }, "geometry": { "type": "Point", "coordinates": [ -40.858184, -3.79801 ] } },
{ "type": "Feature", "properties": { "micronodo": "Araticum", "area_oficial": "FRECHEIRINHA", "faction": "CV", "lat": -3.811173, "long": -40.877244 }, "geometry": { "type": "Point", "coordinates": [ -40.877244, -3.811173 ] } },
{ "type": "Feature", "properties": { "micronodo": "Varzante", "area_oficial": "FRECHEIRINHA", "faction": "CV", "lat": -3.764867, "long": -40.806931 }, "geometry": { "type": "Point", "coordinates": [ -40.806931, -3.764867 ] } },
{ "type": "Feature", "properties": { "micronodo": "Velame - Aracati", "area_oficial": "FORTIM", "faction": "CV", "lat": -4.568814, "long": -37.77791 }, "geometry": { "type": "Point", "coordinates": [ -37.77791, -4.568814 ] } },
{ "type": "Feature", "properties": { "micronodo": "Setor C1 - Paraipaba", "area_oficial": "PARAIPABA", "faction": "CV", "lat": -3.450368, "long": -39.169762 }, "geometry": { "type": "Point", "coordinates": [ -39.169762, -3.450368 ] } },
{ "type": "Feature", "properties": { "micronodo": "Setor B ", "area_oficial": "PARAIPABA", "faction": "CV", "lat": -3.433312, "long": -39.161991 }, "geometry": { "type": "Point", "coordinates": [ -39.161991, -3.433312 ] } },
{ "type": "Feature", "properties": { "micronodo": "Setor C2 - Paraipaba ", "area_oficial": "PARAIPABA", "faction": "CV", "lat": -3.456293, "long": -39.155333 }, "geometry": { "type": "Point", "coordinates": [ -39.155333, -3.456293 ] } },
{ "type": "Feature", "properties": { "micronodo": "Baixada - Complexo Da Rosalina", "area_oficial": "PARQUE DOIS IRMĂOS", "faction": "CV", "lat": -3.813043, "long": -38.542935 }, "geometry": { "type": "Point", "coordinates": [ -38.542935, -3.813043 ] } },
{ "type": "Feature", "properties": { "micronodo": "Alto Alegre ", "area_oficial": "PAUPINA", "faction": "CV", "lat": -3.856174, "long": -38.491991 }, "geometry": { "type": "Point", "coordinates": [ -38.491991, -3.856174 ] } },
{ "type": "Feature", "properties": { "micronodo": "Sorriso - São Cristóvão ", "area_oficial": "CONJUNTO PALMEIRAS", "faction": "CV", "lat": -3.833362, "long": -38.52746 }, "geometry": { "type": "Point", "coordinates": [ -38.52746, -3.833362 ] } },
{ "type": "Feature", "properties": { "micronodo": "Lago Azul - Barroso I", "area_oficial": "BARROSO", "faction": "CV", "lat": -3.820033, "long": -38.508342 }, "geometry": { "type": "Point", "coordinates": [ -38.508342, -3.820033 ] } },
{ "type": "Feature", "properties": { "micronodo": "Comunidade Do Real - São Cristóvão ", "area_oficial": "BARROSO", "faction": "CV", "lat": -3.829434, "long": -38.525282 }, "geometry": { "type": "Point", "coordinates": [ -38.525282, -3.829434 ] } },
{ "type": "Feature", "properties": { "micronodo": "Comunidade Do Canal - São Cristóvão ", "area_oficial": "BARROSO", "faction": "CV", "lat": -3.829222, "long": -38.523586 }, "geometry": { "type": "Point", "coordinates": [ -38.523586, -3.829222 ] } },
{ "type": "Feature", "properties": { "micronodo": "Conj. Dom Pedro II", "area_oficial": "PEDRAS", "faction": "CV", "lat": -3.901467, "long": -38.51318 }, "geometry": { "type": "Point", "coordinates": [ -38.51318, -3.901467 ] } },
{ "type": "Feature", "properties": { "micronodo": "Vila Da Prata - Aquiraz", "area_oficial": "AQUIRAZ", "faction": "CV", "lat": -3.902831, "long": -38.376159 }, "geometry": { "type": "Point", "coordinates": [ -38.376159, -3.902831 ] } },
{ "type": "Feature", "properties": { "micronodo": "Sem Terra - Aquiraz ", "area_oficial": "AQUIRAZ", "faction": "CV", "lat": -3.902956, "long": -38.375709 }, "geometry": { "type": "Point", "coordinates": [ -38.375709, -3.902956 ] } },
{ "type": "Feature", "properties": { "micronodo": "Boa Vista - Maranguape ", "area_oficial": "MARANGUAPE", "faction": "CV", "lat": -4.045843, "long": -38.7355 }, "geometry": { "type": "Point", "coordinates": [ -38.7355, -4.045843 ] } },
{ "type": "Feature", "properties": { "micronodo": "Rodoviária - Maranguape ", "area_oficial": "MARACANAÚ", "faction": "CV", "lat": -3.895551, "long": -38.680074 }, "geometry": { "type": "Point", "coordinates": [ -38.680074, -3.895551 ] } },
{ "type": "Feature", "properties": { "micronodo": "Padre Ibiapina ", "area_oficial": "MERUOCA", "faction": "CV", "lat": -3.685962, "long": -40.365047 }, "geometry": { "type": "Point", "coordinates": [ -40.365047, -3.685962 ] } },
{ "type": "Feature", "properties": { "micronodo": "Junco", "area_oficial": "MERUOCA", "faction": "CV", "lat": -3.675768, "long": -40.367105 }, "geometry": { "type": "Point", "coordinates": [ -40.367105, -3.675768 ] } },
{ "type": "Feature", "properties": { "micronodo": "Mossoró", "area_oficial": "PIRAMBU", "faction": "CV", "lat": -3.71322, "long": -38.550645 }, "geometry": { "type": "Point", "coordinates": [ -38.550645, -3.71322 ] } },
{ "type": "Feature", "properties": { "micronodo": "Alto do Bode", "area_oficial": "TIANGUA", "faction": "CV", "lat": -3.730794, "long": -40.987443 }, "geometry": { "type": "Point", "coordinates": [ -40.987443, -3.730794 ] } },
{ "type": "Feature", "properties": { "micronodo": "Tabajara", "area_oficial": "TIANGUA", "faction": "CV", "lat": -3.72981, "long": -40.985159 }, "geometry": { "type": "Point", "coordinates": [ -40.985159, -3.72981 ] } },
{ "type": "Feature", "properties": { "micronodo": "Praça", "area_oficial": "TIANGUA", "faction": "CV", "lat": -3.728934, "long": -40.98987 }, "geometry": { "type": "Point", "coordinates": [ -40.98987, -3.728934 ] } },
{ "type": "Feature", "properties": { "micronodo": "Parque Da Paz", "area_oficial": "PASSARÉ", "faction": "CV", "lat": -3.816004, "long": -38.539605 }, "geometry": { "type": "Point", "coordinates": [ -38.539605, -3.816004 ] } },
{ "type": "Feature", "properties": { "micronodo": "Jardim União - Complexo Da Rosalina ", "area_oficial": "PASSARÉ", "faction": "CV", "lat": -3.815009, "long": -38.535227 }, "geometry": { "type": "Point", "coordinates": [ -38.535227, -3.815009 ] } },
{ "type": "Feature", "properties": { "micronodo": "Campo Do Bangu - Complexo Da Rosalina ", "area_oficial": "PASSARÉ", "faction": "CV", "lat": -3.812433, "long": -38.539873 }, "geometry": { "type": "Point", "coordinates": [ -38.539873, -3.812433 ] } },
{ "type": "Feature", "properties": { "micronodo": "Jardim União 2 - Complexo Da Rosalina ", "area_oficial": "PARQUE DOIS IRMĂOS", "faction": "CV", "lat": -3.810435, "long": -38.547027 }, "geometry": { "type": "Point", "coordinates": [ -38.547027, -3.810435 ] } },
{ "type": "Feature", "properties": { "micronodo": "Santa Terezinha", "area_oficial": "GRANJA", "faction": "CV", "lat": -3.341611, "long": -40.995757 }, "geometry": { "type": "Point", "coordinates": [ -40.995757, -3.341611 ] } },
{ "type": "Feature", "properties": { "micronodo": "Alto da Brasília ", "area_oficial": "MERUOCA", "faction": "CV", "lat": -3.671558, "long": -40.34148 }, "geometry": { "type": "Point", "coordinates": [ -40.34148, -3.671558 ] } },
{ "type": "Feature", "properties": { "micronodo": "Betânia ", "area_oficial": "MERUOCA", "faction": "CV", "lat": -3.674029, "long": -40.340461 }, "geometry": { "type": "Point", "coordinates": [ -40.340461, -3.674029 ] } },
{ "type": "Feature", "properties": { "micronodo": "Paraiso", "area_oficial": "MERUOCA", "faction": "CV", "lat": -3.672524, "long": -40.338026 }, "geometry": { "type": "Point", "coordinates": [ -40.338026, -3.672524 ] } },
{ "type": "Feature", "properties": { "micronodo": "Cidade de Aiuabá ", "area_oficial": "AIUABA", "faction": "CV", "lat": -6.557763, "long": -40.121125 }, "geometry": { "type": "Point", "coordinates": [ -40.121125, -6.557763 ] } },
{ "type": "Feature", "properties": { "micronodo": "Parazinho", "area_oficial": "MARTINÓPOLE", "faction": "CV", "lat": -3.042538, "long": -40.686398 }, "geometry": { "type": "Point", "coordinates": [ -40.686398, -3.042538 ] } },
{ "type": "Feature", "properties": { "micronodo": "Viena", "area_oficial": "ANTÔNIO BEZERRA", "faction": "CV", "lat": -3.74734, "long": -38.590498 }, "geometry": { "type": "Point", "coordinates": [ -38.590498, -3.74734 ] } },
{ "type": "Feature", "properties": { "micronodo": "Comunidade Do Rodão ", "area_oficial": "DIAS MACÊDO", "faction": "CV", "lat": -3.782574, "long": -38.516568 }, "geometry": { "type": "Point", "coordinates": [ -38.516568, -3.782574 ] } },
{ "type": "Feature", "properties": { "micronodo": "Conj. Jaciara ", "area_oficial": "BARRA DO CEARÁ", "faction": "CV", "lat": -3.712721, "long": -38.579391 }, "geometry": { "type": "Point", "coordinates": [ -38.579391, -3.712721 ] } },
{ "type": "Feature", "properties": { "micronodo": "Carnaúba - Itapajé ", "area_oficial": "ITAPAJÉ", "faction": "CV", "lat": -3.682554, "long": -39.584783 }, "geometry": { "type": "Point", "coordinates": [ -39.584783, -3.682554 ] } },
{ "type": "Feature", "properties": { "micronodo": "Parque Roberto Feitosa", "area_oficial": "PACAJUS", "faction": "CV", "lat": -4.179691, "long": -38.43865 }, "geometry": { "type": "Point", "coordinates": [ -38.43865, -4.179691 ] } },
{ "type": "Feature", "properties": { "micronodo": "José Othon ", "area_oficial": "PACAJUS", "faction": "CV", "lat": -4.180588, "long": -38.441438 }, "geometry": { "type": "Point", "coordinates": [ -38.441438, -4.180588 ] } },
{ "type": "Feature", "properties": { "micronodo": "Buriti ", "area_oficial": "PACAJUS", "faction": "CV", "lat": -4.176101, "long": -38.474824 }, "geometry": { "type": "Point", "coordinates": [ -38.474824, -4.176101 ] } },
{ "type": "Feature", "properties": { "micronodo": "CNE", "area_oficial": "GUAJERU", "faction": "CV", "lat": -3.830543, "long": -38.480474 }, "geometry": { "type": "Point", "coordinates": [ -38.480474, -3.830543 ] } },
{ "type": "Feature", "properties": { "micronodo": "Canindezinho", "area_oficial": "CANINDEZINHO", "faction": "CV", "lat": -4.348208, "long": -39.328486 }, "geometry": { "type": "Point", "coordinates": [ -39.328486, -4.348208 ] } },
{ "type": "Feature", "properties": { "micronodo": "Bairro do Can", "area_oficial": "CANINDÉ", "faction": "CV", "lat": -4.353757, "long": -39.324922 }, "geometry": { "type": "Point", "coordinates": [ -39.324922, -4.353757 ] } },
{ "type": "Feature", "properties": { "micronodo": "José Cordeiro", "area_oficial": "CANINDÉ", "faction": "CV", "lat": -4.356319, "long": -39.32545 }, "geometry": { "type": "Point", "coordinates": [ -39.32545, -4.356319 ] } },
{ "type": "Feature", "properties": { "micronodo": "Lago Verde", "area_oficial": "JAGUARIBE", "faction": "CV", "lat": -5.907541, "long": -38.62903 }, "geometry": { "type": "Point", "coordinates": [ -38.62903, -5.907541 ] } },
{ "type": "Feature", "properties": { "micronodo": "João Paulo ll", "area_oficial": "JAGUARIBE", "faction": "CV", "lat": -5.904734, "long": -38.635386 }, "geometry": { "type": "Point", "coordinates": [ -38.635386, -5.904734 ] } },
{ "type": "Feature", "properties": { "micronodo": "Ibicuitinga ", "area_oficial": "IBICUITINGA", "faction": "CV", "lat": -4.960262, "long": -38.63935 }, "geometry": { "type": "Point", "coordinates": [ -38.63935, -4.960262 ] } },
{ "type": "Feature", "properties": { "micronodo": "Favelinha", "area_oficial": "CURIÓ", "faction": "CV", "lat": -3.82608, "long": -38.476174 }, "geometry": { "type": "Point", "coordinates": [ -38.476174, -3.82608 ] } },
{ "type": "Feature", "properties": { "micronodo": "CG", "area_oficial": "GUAJERU", "faction": "CV", "lat": -3.83157, "long": -38.475706 }, "geometry": { "type": "Point", "coordinates": [ -38.475706, -3.83157 ] } },
{ "type": "Feature", "properties": { "micronodo": "RDP", "area_oficial": "GUAJERU", "faction": "CV", "lat": -3.827559, "long": -38.480849 }, "geometry": { "type": "Point", "coordinates": [ -38.480849, -3.827559 ] } },
{ "type": "Feature", "properties": { "micronodo": "TDG", "area_oficial": "GUAJERU", "faction": "CV", "lat": -3.828769, "long": -38.47484 }, "geometry": { "type": "Point", "coordinates": [ -38.47484, -3.828769 ] } },
{ "type": "Feature", "properties": { "micronodo": "Cohab", "area_oficial": "SOBRAL", "faction": "CV", "lat": -3.800254, "long": -40.263193 }, "geometry": { "type": "Point", "coordinates": [ -40.263193, -3.800254 ] } },
{ "type": "Feature", "properties": { "micronodo": "Aldeia Dos Índios ", "area_oficial": "PACAJUS", "faction": "CV", "lat": -4.175906, "long": -38.44841 }, "geometry": { "type": "Point", "coordinates": [ -38.44841, -4.175906 ] } },
{ "type": "Feature", "properties": { "micronodo": "Lagamar", "area_oficial": "JAGUARIBARA", "faction": "CV", "lat": -5.675034, "long": -38.669975 }, "geometry": { "type": "Point", "coordinates": [ -38.669975, -5.675034 ] } },
{ "type": "Feature", "properties": { "micronodo": "Portelinha ", "area_oficial": "ALTO ALEGRE II", "faction": "CV", "lat": -3.848442, "long": -38.618806 }, "geometry": { "type": "Point", "coordinates": [ -38.618806, -3.848442 ] } },
{ "type": "Feature", "properties": { "micronodo": "Morro São Sebastião ", "area_oficial": "UBAJARA", "faction": "CV", "lat": -3.86578, "long": -40.917514 }, "geometry": { "type": "Point", "coordinates": [ -40.917514, -3.86578 ] } },
{ "type": "Feature", "properties": { "micronodo": "Cajueirinho", "area_oficial": "BELA CRUZ", "faction": "CV", "lat": -3.073135, "long": -40.466107 }, "geometry": { "type": "Point", "coordinates": [ -40.466107, -3.073135 ] } },
{ "type": "Feature", "properties": { "micronodo": "Jericó", "area_oficial": "PORANGA", "faction": "CV", "lat": -4.753974, "long": -40.936833 }, "geometry": { "type": "Point", "coordinates": [ -40.936833, -4.753974 ] } },
{ "type": "Feature", "properties": { "micronodo": "Betânia ", "area_oficial": "PORANGA", "faction": "CV", "lat": -4.750378, "long": -40.92351 }, "geometry": { "type": "Point", "coordinates": [ -40.92351, -4.750378 ] } },
{ "type": "Feature", "properties": { "micronodo": "Favela Da Linha", "area_oficial": "ITAPERI", "faction": "CV", "lat": -3.78424, "long": -38.558873 }, "geometry": { "type": "Point", "coordinates": [ -38.558873, -3.78424 ] } },
{ "type": "Feature", "properties": { "micronodo": "Bica - Cascavel ", "area_oficial": "PINDORETAMA", "faction": "CV", "lat": -4.126541, "long": -38.22242 }, "geometry": { "type": "Point", "coordinates": [ -38.22242, -4.126541 ] } },
{ "type": "Feature", "properties": { "micronodo": "Vilinha", "area_oficial": "CASCAVEL", "faction": "CV", "lat": -4.168604, "long": -38.124974 }, "geometry": { "type": "Point", "coordinates": [ -38.124974, -4.168604 ] } },
{ "type": "Feature", "properties": { "micronodo": "Estadio", "area_oficial": "CASCAVEL", "faction": "CV", "lat": -4.185823, "long": -38.124567 }, "geometry": { "type": "Point", "coordinates": [ -38.124567, -4.185823 ] } },
{ "type": "Feature", "properties": { "micronodo": "Buenos Aires", "area_oficial": "AMONTADA", "faction": "CV", "lat": -3.36963, "long": -39.825189 }, "geometry": { "type": "Point", "coordinates": [ -39.825189, -3.36963 ] } },
{ "type": "Feature", "properties": { "micronodo": "Bairro Pedrinhas", "area_oficial": "MERUOCA", "faction": "CV", "lat": -3.685438, "long": -40.342948 }, "geometry": { "type": "Point", "coordinates": [ -40.342948, -3.685438 ] } },
{ "type": "Feature", "properties": { "micronodo": "Parronca", "area_oficial": "GUAIÚBA", "faction": "CV", "lat": -4.110613, "long": -38.650493 }, "geometry": { "type": "Point", "coordinates": [ -38.650493, -4.110613 ] } },
{ "type": "Feature", "properties": { "micronodo": "Coaçu", "area_oficial": "COAÇU", "faction": "CV", "lat": -3.853774, "long": -38.462374 }, "geometry": { "type": "Point", "coordinates": [ -38.462374, -3.853774 ] } },
{ "type": "Feature", "properties": { "micronodo": "Morro Do TN", "area_oficial": "MERUOCA", "faction": "CV", "lat": -3.670363, "long": -40.37552 }, "geometry": { "type": "Point", "coordinates": [ -40.37552, -3.670363 ] } },
{ "type": "Feature", "properties": { "micronodo": "Fronteira ", "area_oficial": "SAPIRANGA / COITÉ", "faction": "CV", "lat": -3.789862, "long": -38.471086 }, "geometry": { "type": "Point", "coordinates": [ -38.471086, -3.789862 ] } },
{ "type": "Feature", "properties": { "micronodo": "S2", "area_oficial": "ANCURI", "faction": "CV", "lat": -3.872245, "long": -38.496916 }, "geometry": { "type": "Point", "coordinates": [ -38.496916, -3.872245 ] } },
{ "type": "Feature", "properties": { "micronodo": "Campo do Cruzeiro ", "area_oficial": "BARRA DO CEARÁ", "faction": "CV", "lat": -3.703042, "long": -38.584107 }, "geometry": { "type": "Point", "coordinates": [ -38.584107, -3.703042 ] } },
{ "type": "Feature", "properties": { "micronodo": "Beco Da Zeza", "area_oficial": "BARRA DO CEARÁ", "faction": "CV", "lat": -3.704217, "long": -38.580001 }, "geometry": { "type": "Point", "coordinates": [ -38.580001, -3.704217 ] } },
{ "type": "Feature", "properties": { "micronodo": "Aeroporto ", "area_oficial": "AEROPORTO", "faction": "CV", "lat": -4.737989, "long": -40.92758 }, "geometry": { "type": "Point", "coordinates": [ -40.92758, -4.737989 ] } },
{ "type": "Feature", "properties": { "micronodo": "Gato Morto", "area_oficial": "OLAVO OLIVEIRA", "faction": "CV", "lat": -3.730556, "long": -38.593751 }, "geometry": { "type": "Point", "coordinates": [ -38.593751, -3.730556 ] } },
{ "type": "Feature", "properties": { "micronodo": "Favela da Macaca", "area_oficial": "OLAVO OLIVEIRA", "faction": "CV", "lat": -3.728881, "long": -38.593826 }, "geometry": { "type": "Point", "coordinates": [ -38.593826, -3.728881 ] } },
{ "type": "Feature", "properties": { "micronodo": "Serpa", "area_oficial": "ITAITINGA", "faction": "CV", "lat": -4.038124, "long": -38.493149 }, "geometry": { "type": "Point", "coordinates": [ -38.493149, -4.038124 ] } },
{ "type": "Feature", "properties": { "micronodo": "Dendê ", "area_oficial": "RACHEL DE QUEIROZ", "faction": "CV", "lat": -3.80016, "long": -38.553326 }, "geometry": { "type": "Point", "coordinates": [ -38.553326, -3.80016 ] } },
{ "type": "Feature", "properties": { "micronodo": "São Miguel", "area_oficial": "SÃO MIGUEL", "faction": "CV", "lat": -3.822959, "long": -38.47273 }, "geometry": { "type": "Point", "coordinates": [ -38.47273, -3.822959 ] } },
{ "type": "Feature", "properties": { "micronodo": "Triângulo ", "area_oficial": "JUCÁS", "faction": "CV", "lat": -6.520034, "long": -39.522368 }, "geometry": { "type": "Point", "coordinates": [ -39.522368, -6.520034 ] } },
{ "type": "Feature", "properties": { "micronodo": "Vila Nova", "area_oficial": "JUCÁS", "faction": "CV", "lat": -6.52499, "long": -39.543913 }, "geometry": { "type": "Point", "coordinates": [ -39.543913, -6.52499 ] } },
{ "type": "Feature", "properties": { "micronodo": "Lagoa do Barro", "area_oficial": "IPARANA", "faction": "CV", "lat": -3.630417, "long": -38.74048 }, "geometry": { "type": "Point", "coordinates": [ -38.74048, -3.630417 ] } },
{ "type": "Feature", "properties": { "micronodo": "Acaracuzinho", "area_oficial": "ALTO ALEGRE II", "faction": "CV", "lat": -3.844186, "long": -38.618458 }, "geometry": { "type": "Point", "coordinates": [ -38.618458, -3.844186 ] } },
{ "type": "Feature", "properties": { "micronodo": "Boqueirão De Cesário - Russas ", "area_oficial": "BEBERIBE", "faction": "CV", "lat": -4.588216, "long": -38.209291 }, "geometry": { "type": "Point", "coordinates": [ -38.209291, -4.588216 ] } },
{ "type": "Feature", "properties": { "micronodo": "Beco do Siri", "area_oficial": "PIRAMBU", "faction": "CV", "lat": -3.711649, "long": -38.557608 }, "geometry": { "type": "Point", "coordinates": [ -38.557608, -3.711649 ] } },
{ "type": "Feature", "properties": { "micronodo": "Carlito Pamplona", "area_oficial": "CARLITO PAMPLONA", "faction": "CV", "lat": -3.713854, "long": -38.559679 }, "geometry": { "type": "Point", "coordinates": [ -38.559679, -3.713854 ] } },
{ "type": "Feature", "properties": { "micronodo": "Ponte Preta", "area_oficial": "CRATEÚS", "faction": "CV", "lat": -5.167732, "long": -40.677071 }, "geometry": { "type": "Point", "coordinates": [ -40.677071, -5.167732 ] } },
{ "type": "Feature", "properties": { "micronodo": "Patriarcas", "area_oficial": "CRATEÚS", "faction": "CV", "lat": -5.16328, "long": -40.668672 }, "geometry": { "type": "Point", "coordinates": [ -40.668672, -5.16328 ] } },
{ "type": "Feature", "properties": { "micronodo": "Cidade 2000", "area_oficial": "CIDADE 2000", "faction": "CV", "lat": -5.15736, "long": -40.66561 }, "geometry": { "type": "Point", "coordinates": [ -40.66561, -5.15736 ] } },
{ "type": "Feature", "properties": { "micronodo": "Jose Rosa", "area_oficial": "CRATEÚS", "faction": "CV", "lat": -5.177716, "long": -40.650922 }, "geometry": { "type": "Point", "coordinates": [ -40.650922, -5.177716 ] } },
{ "type": "Feature", "properties": { "micronodo": "Barreiros", "area_oficial": "PENTECOSTE", "faction": "CV", "lat": -3.79063, "long": -39.265367 }, "geometry": { "type": "Point", "coordinates": [ -39.265367, -3.79063 ] } },
{ "type": "Feature", "properties": { "micronodo": "Papoco", "area_oficial": "PICI", "faction": "CV", "lat": -3.75049, "long": -38.569105 }, "geometry": { "type": "Point", "coordinates": [ -38.569105, -3.75049 ] } },
{ "type": "Feature", "properties": { "micronodo": "Mutirão", "area_oficial": "PANAMERICANO", "faction": "CV", "lat": -3.756104, "long": -38.572456 }, "geometry": { "type": "Point", "coordinates": [ -38.572456, -3.756104 ] } },
{ "type": "Feature", "properties": { "micronodo": "Riacho Doce", "area_oficial": "PICI", "faction": "CV", "lat": -3.749734, "long": -38.574702 }, "geometry": { "type": "Point", "coordinates": [ -38.574702, -3.749734 ] } },
{ "type": "Feature", "properties": { "micronodo": "Invasão ", "area_oficial": "PICI", "faction": "CV", "lat": -3.746989, "long": -38.569294 }, "geometry": { "type": "Point", "coordinates": [ -38.569294, -3.746989 ] } },
{ "type": "Feature", "properties": { "micronodo": "Canal da Bela Vista", "area_oficial": "PICI", "faction": "CV", "lat": -3.74918, "long": -38.568253 }, "geometry": { "type": "Point", "coordinates": [ -38.568253, -3.74918 ] } },
{ "type": "Feature", "properties": { "micronodo": "Comunidade Do Sem Terra - Barroso l", "area_oficial": "BARROSO", "faction": "CV", "lat": -3.824414, "long": -38.509547 }, "geometry": { "type": "Point", "coordinates": [ -38.509547, -3.824414 ] } },
{ "type": "Feature", "properties": { "micronodo": "Telha", "area_oficial": "AQUIRAZ", "faction": "CV", "lat": -3.960652, "long": -38.474174 }, "geometry": { "type": "Point", "coordinates": [ -38.474174, -3.960652 ] } },
{ "type": "Feature", "properties": { "micronodo": "Guajiru", "area_oficial": "FORTIM", "faction": "CV", "lat": -4.411504, "long": -37.846402 }, "geometry": { "type": "Point", "coordinates": [ -37.846402, -4.411504 ] } },
{ "type": "Feature", "properties": { "micronodo": "Sítio Guarda", "area_oficial": "AQUIRAZ", "faction": "CV", "lat": -4.031834, "long": -38.424129 }, "geometry": { "type": "Point", "coordinates": [ -38.424129, -4.031834 ] } },
{ "type": "Feature", "properties": { "micronodo": "Barroso", "area_oficial": "BARROSO", "faction": "CV", "lat": -3.820807, "long": -38.509611 }, "geometry": { "type": "Point", "coordinates": [ -38.509611, -3.820807 ] } },
{ "type": "Feature", "properties": { "micronodo": "Opaia", "area_oficial": "VILA UNIĂO", "faction": "CV", "lat": -3.770805, "long": -38.534456 }, "geometry": { "type": "Point", "coordinates": [ -38.534456, -3.770805 ] } },
{ "type": "Feature", "properties": { "micronodo": "Paraguaçu ", "area_oficial": "SERRINHA", "faction": "CV", "lat": -3.787281, "long": -38.539758 }, "geometry": { "type": "Point", "coordinates": [ -38.539758, -3.787281 ] } },
{ "type": "Feature", "properties": { "micronodo": "Favela do Trilho", "area_oficial": "GUADALAJARA", "faction": "CV", "lat": -3.76694, "long": -38.625438 }, "geometry": { "type": "Point", "coordinates": [ -38.625438, -3.76694 ] } },
{ "type": "Feature", "properties": { "micronodo": "Nossa Sra. Dos Navegantes ", "area_oficial": "BARROQUINHA", "faction": "CV", "lat": -3.019751, "long": -41.135645 }, "geometry": { "type": "Point", "coordinates": [ -41.135645, -3.019751 ] } },
{ "type": "Feature", "properties": { "micronodo": "Poço Imperial", "area_oficial": "BARROQUINHA", "faction": "CV", "lat": -3.01371, "long": -41.133545 }, "geometry": { "type": "Point", "coordinates": [ -41.133545, -3.01371 ] } },
{ "type": "Feature", "properties": { "micronodo": "Caucaia", "area_oficial": "CAUCAIA", "faction": "CV", "lat": -3.01174, "long": -41.13183 }, "geometry": { "type": "Point", "coordinates": [ -41.13183, -3.01174 ] } },
{ "type": "Feature", "properties": { "micronodo": "Barroquinha dos fiéis ", "area_oficial": "BARROQUINHA", "faction": "CV", "lat": -2.976164, "long": -41.135608 }, "geometry": { "type": "Point", "coordinates": [ -41.135608, -2.976164 ] } },
{ "type": "Feature", "properties": { "micronodo": "Ilha Do xavier", "area_oficial": "BARROQUINHA", "faction": "CV", "lat": -2.966686, "long": -41.095787 }, "geometry": { "type": "Point", "coordinates": [ -41.095787, -2.966686 ] } },
{ "type": "Feature", "properties": { "micronodo": "Araras", "area_oficial": "BARROQUINHA", "faction": "CV", "lat": -2.937272, "long": -41.153857 }, "geometry": { "type": "Point", "coordinates": [ -41.153857, -2.937272 ] } },
{ "type": "Feature", "properties": { "micronodo": "Centro", "area_oficial": "CENTRO", "faction": "CV", "lat": -3.016816, "long": -41.137245 }, "geometry": { "type": "Point", "coordinates": [ -41.137245, -3.016816 ] } },
{ "type": "Feature", "properties": { "micronodo": "Campo Quebra Pé", "area_oficial": "BARROQUINHA", "faction": "CV", "lat": -3.017681, "long": -41.129039 }, "geometry": { "type": "Point", "coordinates": [ -41.129039, -3.017681 ] } },
{ "type": "Feature", "properties": { "micronodo": "Beco Da Raposa", "area_oficial": "BOM JARDIM", "faction": "CV", "lat": -3.791652, "long": -38.602894 }, "geometry": { "type": "Point", "coordinates": [ -38.602894, -3.791652 ] } },
{ "type": "Feature", "properties": { "micronodo": "Travessa ", "area_oficial": "BOM JARDIM", "faction": "CV", "lat": -3.788956, "long": -38.608907 }, "geometry": { "type": "Point", "coordinates": [ -38.608907, -3.788956 ] } },
{ "type": "Feature", "properties": { "micronodo": "Vila Buriti", "area_oficial": "ALTO ALEGRE II", "faction": "CV", "lat": -3.839495, "long": -38.613401 }, "geometry": { "type": "Point", "coordinates": [ -38.613401, -3.839495 ] } },
{ "type": "Feature", "properties": { "micronodo": "Vila Vintem", "area_oficial": "ALTO ALEGRE II", "faction": "CV", "lat": -3.847425, "long": -38.620922 }, "geometry": { "type": "Point", "coordinates": [ -38.620922, -3.847425 ] } },
{ "type": "Feature", "properties": { "micronodo": "Conj. Tia Joana ", "area_oficial": "BOM JARDIM", "faction": "CV", "lat": -3.799899, "long": -38.606269 }, "geometry": { "type": "Point", "coordinates": [ -38.606269, -3.799899 ] } },
{ "type": "Feature", "properties": { "micronodo": "Beco Dos Potiguaras", "area_oficial": "PRAIA DE IRACEMA", "faction": "CV", "lat": -3.719995, "long": -38.517315 }, "geometry": { "type": "Point", "coordinates": [ -38.517315, -3.719995 ] } },
{ "type": "Feature", "properties": { "micronodo": "Vila Dos Almirantes", "area_oficial": "PRAIA DE IRACEMA", "faction": "CV", "lat": -3.719571, "long": -38.519436 }, "geometry": { "type": "Point", "coordinates": [ -38.519436, -3.719571 ] } },
{ "type": "Feature", "properties": { "micronodo": "Lagoinha", "area_oficial": "HORIZONTE", "faction": "CV", "lat": -4.092258, "long": -38.503974 }, "geometry": { "type": "Point", "coordinates": [ -38.503974, -4.092258 ] } },
{ "type": "Feature", "properties": { "micronodo": "Comunidade Itu", "area_oficial": "BOM JARDIM", "faction": "CV", "lat": -3.794177, "long": -38.602059 }, "geometry": { "type": "Point", "coordinates": [ -38.602059, -3.794177 ] } },
{ "type": "Feature", "properties": { "micronodo": "Bom Jardim ", "area_oficial": "BOM JARDIM", "faction": "CV", "lat": -3.793013, "long": -38.605404 }, "geometry": { "type": "Point", "coordinates": [ -38.605404, -3.793013 ] } },
{ "type": "Feature", "properties": { "micronodo": "Jaguaribara", "area_oficial": "JAGUARIBARA", "faction": "CV", "lat": -5.449856, "long": -38.469975 }, "geometry": { "type": "Point", "coordinates": [ -38.469975, -5.449856 ] } },
{ "type": "Feature", "properties": { "micronodo": "Vila Novo Horizonte", "area_oficial": "CRATO", "faction": "CV", "lat": -7.255094, "long": -39.430061 }, "geometry": { "type": "Point", "coordinates": [ -39.430061, -7.255094 ] } },
{ "type": "Feature", "properties": { "micronodo": "Belmonte", "area_oficial": "CRATO", "faction": "CV", "lat": -7.269056, "long": -39.456474 }, "geometry": { "type": "Point", "coordinates": [ -39.456474, -7.269056 ] } },
{ "type": "Feature", "properties": { "micronodo": "Lameiro", "area_oficial": "CRATO", "faction": "CV", "lat": -7.251198, "long": -39.448779 }, "geometry": { "type": "Point", "coordinates": [ -39.448779, -7.251198 ] } },
{ "type": "Feature", "properties": { "micronodo": "Alto Da Penha ", "area_oficial": "CRATO", "faction": "CV", "lat": -7.236762, "long": -39.409684 }, "geometry": { "type": "Point", "coordinates": [ -39.409684, -7.236762 ] } },
{ "type": "Feature", "properties": { "micronodo": "Granjeiro", "area_oficial": "GRANJEIRO", "faction": "CV", "lat": -7.259907, "long": -39.434648 }, "geometry": { "type": "Point", "coordinates": [ -39.434648, -7.259907 ] } },
{ "type": "Feature", "properties": { "micronodo": "Maceió - Camocim ", "area_oficial": "CAMOCIM", "faction": "CV", "lat": -2.876648, "long": -40.952676 }, "geometry": { "type": "Point", "coordinates": [ -40.952676, -2.876648 ] } },
{ "type": "Feature", "properties": { "micronodo": "Amarelas", "area_oficial": "BARROQUINHA", "faction": "CV", "lat": -2.936126, "long": -41.037859 }, "geometry": { "type": "Point", "coordinates": [ -41.037859, -2.936126 ] } },
{ "type": "Feature", "properties": { "micronodo": "Pantanal", "area_oficial": "CRATO", "faction": "CV", "lat": -7.2421, "long": -39.417813 }, "geometry": { "type": "Point", "coordinates": [ -39.417813, -7.2421 ] } },
{ "type": "Feature", "properties": { "micronodo": "Parque Iracema", "area_oficial": "PARQUE IRACEMA", "faction": "CV", "lat": -3.904062, "long": -38.679433 }, "geometry": { "type": "Point", "coordinates": [ -38.679433, -3.904062 ] } },
{ "type": "Feature", "properties": { "micronodo": "Mundaú ", "area_oficial": "TRAIRI", "faction": "CV", "lat": -3.180587, "long": -39.368564 }, "geometry": { "type": "Point", "coordinates": [ -39.368564, -3.180587 ] } },
{ "type": "Feature", "properties": { "micronodo": "Comunidade São Francisco ", "area_oficial": "GRANJA LISBOA", "faction": "CV", "lat": -3.781939, "long": -38.611016 }, "geometry": { "type": "Point", "coordinates": [ -38.611016, -3.781939 ] } },
{ "type": "Feature", "properties": { "micronodo": "Aldeia", "area_oficial": "PIRAMBU", "faction": "CV", "lat": -3.71358, "long": -38.552245 }, "geometry": { "type": "Point", "coordinates": [ -38.552245, -3.71358 ] } },
{ "type": "Feature", "properties": { "micronodo": "Santa Rosa", "area_oficial": "CARLITO PAMPLONA", "faction": "CV", "lat": -3.717012, "long": -38.55104 }, "geometry": { "type": "Point", "coordinates": [ -38.55104, -3.717012 ] } },
{ "type": "Feature", "properties": { "micronodo": "Tirol ", "area_oficial": "CARLITO PAMPLONA", "faction": "CV", "lat": -3.714657, "long": -38.552391 }, "geometry": { "type": "Point", "coordinates": [ -38.552391, -3.714657 ] } },
{ "type": "Feature", "properties": { "micronodo": "Matadouro", "area_oficial": "CRATO", "faction": "CV", "lat": -7.238914, "long": -39.425176 }, "geometry": { "type": "Point", "coordinates": [ -39.425176, -7.238914 ] } },
{ "type": "Feature", "properties": { "micronodo": "Aroeiras - Coreau", "area_oficial": "ALCÂNTARAS", "faction": "CV", "lat": -3.640829, "long": -40.62039 }, "geometry": { "type": "Point", "coordinates": [ -40.62039, -3.640829 ] } },
{ "type": "Feature", "properties": { "micronodo": "Araquen - Coreaú", "area_oficial": "COREAÚ", "faction": "CV", "lat": -3.596106, "long": -40.811959 }, "geometry": { "type": "Point", "coordinates": [ -40.811959, -3.596106 ] } },
{ "type": "Feature", "properties": { "micronodo": "Rua do Canal", "area_oficial": "SÃO MIGUEL", "faction": "CV", "lat": -3.741816, "long": -38.604669 }, "geometry": { "type": "Point", "coordinates": [ -38.604669, -3.741816 ] } },
{ "type": "Feature", "properties": { "micronodo": "Calcadão ", "area_oficial": "PARQUE DAS NAÇÕES", "faction": "CV", "lat": -3.749957, "long": -38.604195 }, "geometry": { "type": "Point", "coordinates": [ -38.604195, -3.749957 ] } },
{ "type": "Feature", "properties": { "micronodo": "Frifor", "area_oficial": "SÃO MIGUEL", "faction": "CV", "lat": -3.742087, "long": -38.602633 }, "geometry": { "type": "Point", "coordinates": [ -38.602633, -3.742087 ] } },
{ "type": "Feature", "properties": { "micronodo": "Trilhos do São Miguel", "area_oficial": "SÃO MIGUEL", "faction": "CV", "lat": -3.746454, "long": -38.602103 }, "geometry": { "type": "Point", "coordinates": [ -38.602103, -3.746454 ] } },
{ "type": "Feature", "properties": { "micronodo": "Campo do Botafogo", "area_oficial": "SÃO MIGUEL", "faction": "CV", "lat": -3.745836, "long": -38.603885 }, "geometry": { "type": "Point", "coordinates": [ -38.603885, -3.745836 ] } },
{ "type": "Feature", "properties": { "micronodo": "Comunidade da Arca", "area_oficial": "SÃO MIGUEL", "faction": "CV", "lat": -3.745121, "long": -38.6023 }, "geometry": { "type": "Point", "coordinates": [ -38.6023, -3.745121 ] } },
{ "type": "Feature", "properties": { "micronodo": "Favela do Lameral", "area_oficial": "PARQUE DAS NAÇÕES", "faction": "CV", "lat": -3.744565, "long": -38.60909 }, "geometry": { "type": "Point", "coordinates": [ -38.60909, -3.744565 ] } },
{ "type": "Feature", "properties": { "micronodo": "Jardim das Maravilhas", "area_oficial": "ALTO ALEGRE II", "faction": "CV", "lat": -3.840564, "long": -38.618494 }, "geometry": { "type": "Point", "coordinates": [ -38.618494, -3.840564 ] } },
{ "type": "Feature", "properties": { "micronodo": "Favela da Aliança ", "area_oficial": "PARQUE ALBANO", "faction": "CV", "lat": -3.75003, "long": -38.62189 }, "geometry": { "type": "Point", "coordinates": [ -38.62189, -3.75003 ] } },
{ "type": "Feature", "properties": { "micronodo": "Parque Albano", "area_oficial": "PARQUE ALBANO", "faction": "CV", "lat": -3.751748, "long": -38.615589 }, "geometry": { "type": "Point", "coordinates": [ -38.615589, -3.751748 ] } },
{ "type": "Feature", "properties": { "micronodo": "Vila da 6 Q.C", "area_oficial": "QUINTINO CUNHA", "faction": "CV", "lat": -3.725987, "long": -38.602488 }, "geometry": { "type": "Point", "coordinates": [ -38.602488, -3.725987 ] } },
{ "type": "Feature", "properties": { "micronodo": "São Francisco ", "area_oficial": "QUINTINO CUNHA", "faction": "CV", "lat": -3.726887, "long": -38.604357 }, "geometry": { "type": "Point", "coordinates": [ -38.604357, -3.726887 ] } },
{ "type": "Feature", "properties": { "micronodo": "Morro do QC", "area_oficial": "QUINTINO CUNHA", "faction": "CV", "lat": -3.725444, "long": -38.604274 }, "geometry": { "type": "Point", "coordinates": [ -38.604274, -3.725444 ] } },
{ "type": "Feature", "properties": { "micronodo": "Portelinha ", "area_oficial": "QUINTINO CUNHA", "faction": "CV", "lat": -3.72142, "long": -38.605581 }, "geometry": { "type": "Point", "coordinates": [ -38.605581, -3.72142 ] } },
{ "type": "Feature", "properties": { "micronodo": "Ilha Dourada ", "area_oficial": "QUINTINO CUNHA", "faction": "CV", "lat": -3.721431, "long": -38.605654 }, "geometry": { "type": "Point", "coordinates": [ -38.605654, -3.721431 ] } },
{ "type": "Feature", "properties": { "micronodo": "VG", "area_oficial": "ALTO DA BALANÇA", "faction": "CV", "lat": -3.770044, "long": -38.518227 }, "geometry": { "type": "Point", "coordinates": [ -38.518227, -3.770044 ] } },
{ "type": "Feature", "properties": { "micronodo": "QC", "area_oficial": "QUINTINO CUNHA", "faction": "CV", "lat": -3.722395, "long": -38.605547 }, "geometry": { "type": "Point", "coordinates": [ -38.605547, -3.722395 ] } },
{ "type": "Feature", "properties": { "micronodo": "Beco Da Chinesa", "area_oficial": "AEROLÂNDIA", "faction": "CV", "lat": -3.778877, "long": -38.517495 }, "geometry": { "type": "Point", "coordinates": [ -38.517495, -3.778877 ] } },
{ "type": "Feature", "properties": { "micronodo": "GM", "area_oficial": "PRESIDENTE KENNEDY", "faction": "CV", "lat": -3.730667, "long": -38.566254 }, "geometry": { "type": "Point", "coordinates": [ -38.566254, -3.730667 ] } },
{ "type": "Feature", "properties": { "micronodo": "LV", "area_oficial": "MOURA BRASIL", "faction": "CV", "lat": -3.720923, "long": -38.533855 }, "geometry": { "type": "Point", "coordinates": [ -38.533855, -3.720923 ] } },
{ "type": "Feature", "properties": { "micronodo": "Favela Do Japão ", "area_oficial": "PRAIA DE IRACEMA", "faction": "CV", "lat": -3.725006, "long": -38.511468 }, "geometry": { "type": "Point", "coordinates": [ -38.511468, -3.725006 ] } },
{ "type": "Feature", "properties": { "micronodo": "Santo Satiro", "area_oficial": "ALTO ALEGRE II", "faction": "CV", "lat": -3.848993, "long": -38.61757 }, "geometry": { "type": "Point", "coordinates": [ -38.61757, -3.848993 ] } },
{ "type": "Feature", "properties": { "micronodo": "Beco Dos Cavalos ", "area_oficial": "FLORESTA", "faction": "CV", "lat": -3.726268, "long": -38.577371 }, "geometry": { "type": "Point", "coordinates": [ -38.577371, -3.726268 ] } },
{ "type": "Feature", "properties": { "micronodo": "Morro Da Formiga", "area_oficial": "FORTIM", "faction": "CV", "lat": -4.55239, "long": -37.767416 }, "geometry": { "type": "Point", "coordinates": [ -37.767416, -4.55239 ] } },
{ "type": "Feature", "properties": { "micronodo": "Cidade Alta", "area_oficial": "ELLERY", "faction": "CV", "lat": -3.719102, "long": -38.560162 }, "geometry": { "type": "Point", "coordinates": [ -38.560162, -3.719102 ] } },
{ "type": "Feature", "properties": { "micronodo": "Tatumundé", "area_oficial": "SIQUEIRA", "faction": "CV", "lat": -3.801901, "long": -38.615438 }, "geometry": { "type": "Point", "coordinates": [ -38.615438, -3.801901 ] } },
{ "type": "Feature", "properties": { "micronodo": "Jabuti ", "area_oficial": "PEDRAS", "faction": "CV", "lat": -3.924569, "long": -38.508033 }, "geometry": { "type": "Point", "coordinates": [ -38.508033, -3.924569 ] } },
{ "type": "Feature", "properties": { "micronodo": "Comunidade Carandiru ", "area_oficial": "LAGOA REDONDA", "faction": "CV", "lat": -3.833749, "long": -38.462614 }, "geometry": { "type": "Point", "coordinates": [ -38.462614, -3.833749 ] } },
{ "type": "Feature", "properties": { "micronodo": "Nova Hidrolândia ", "area_oficial": "HIDROLÂNDIA", "faction": "CV", "lat": -4.404525, "long": -40.396957 }, "geometry": { "type": "Point", "coordinates": [ -40.396957, -4.404525 ] } },
{ "type": "Feature", "properties": { "micronodo": "Mirian Ferreira", "area_oficial": "HIDROLÂNDIA", "faction": "CV", "lat": -4.404321, "long": -40.395975 }, "geometry": { "type": "Point", "coordinates": [ -40.395975, -4.404321 ] } },
{ "type": "Feature", "properties": { "micronodo": "Marinho", "area_oficial": "HIDROLÂNDIA", "faction": "CV", "lat": -4.408556, "long": -40.406591 }, "geometry": { "type": "Point", "coordinates": [ -40.406591, -4.408556 ] } },
{ "type": "Feature", "properties": { "micronodo": "Progresso", "area_oficial": "HIDROLÂNDIA", "faction": "CV", "lat": -4.410207, "long": -40.40302 }, "geometry": { "type": "Point", "coordinates": [ -40.40302, -4.410207 ] } },
{ "type": "Feature", "properties": { "micronodo": "Mororó ", "area_oficial": "HIDROLÂNDIA", "faction": "CV", "lat": -4.403569, "long": -40.405236 }, "geometry": { "type": "Point", "coordinates": [ -40.405236, -4.403569 ] } },
{ "type": "Feature", "properties": { "micronodo": "Das Piranhas - Acaraú ", "area_oficial": "ACARAÚ", "faction": "CV", "lat": -2.88204, "long": -40.10179 }, "geometry": { "type": "Point", "coordinates": [ -40.10179, -2.88204 ] } },
{ "type": "Feature", "properties": { "micronodo": "Pedrinha - Acaraú ", "area_oficial": "ACARAÚ", "faction": "CV", "lat": -2.873485, "long": -40.116733 }, "geometry": { "type": "Point", "coordinates": [ -40.116733, -2.873485 ] } },
{ "type": "Feature", "properties": { "micronodo": "Mongubas - Acaraú ", "area_oficial": "ACARAÚ", "faction": "CV", "lat": -2.873879, "long": -40.11551 }, "geometry": { "type": "Point", "coordinates": [ -40.11551, -2.873879 ] } },
{ "type": "Feature", "properties": { "micronodo": "Córrego Do Urubu - Acaraú ", "area_oficial": "ACARAÚ", "faction": "CV", "lat": -2.884812, "long": -40.115811 }, "geometry": { "type": "Point", "coordinates": [ -40.115811, -2.884812 ] } },
{ "type": "Feature", "properties": { "micronodo": "Morada Nova - Acaraú ", "area_oficial": "ACARAÚ", "faction": "CV", "lat": -2.908082, "long": -40.121277 }, "geometry": { "type": "Point", "coordinates": [ -40.121277, -2.908082 ] } },
{ "type": "Feature", "properties": { "micronodo": "Planalto Das Bailarinas", "area_oficial": "ACARAÚ", "faction": "CV", "lat": -2.906153, "long": -40.111683 }, "geometry": { "type": "Point", "coordinates": [ -40.111683, -2.906153 ] } },
{ "type": "Feature", "properties": { "micronodo": "Buriti - Acaraú ", "area_oficial": "ACARAÚ", "faction": "CV", "lat": -2.894345, "long": -40.108304 }, "geometry": { "type": "Point", "coordinates": [ -40.108304, -2.894345 ] } },
{ "type": "Feature", "properties": { "micronodo": "Perseguidas - Acaraú ", "area_oficial": "ACARAÚ", "faction": "CV", "lat": -2.894181, "long": -40.119541 }, "geometry": { "type": "Point", "coordinates": [ -40.119541, -2.894181 ] } },
{ "type": "Feature", "properties": { "micronodo": "Pantanal - São Luís Do Curu", "area_oficial": "SÃO LUÍS DO CURU", "faction": "CV", "lat": -3.683553, "long": -39.235886 }, "geometry": { "type": "Point", "coordinates": [ -39.235886, -3.683553 ] } },
{ "type": "Feature", "properties": { "micronodo": "Alto Da Macaca - Aracoiaba", "area_oficial": "BATURITE", "faction": "CV", "lat": -4.36321, "long": -38.804539 }, "geometry": { "type": "Point", "coordinates": [ -38.804539, -4.36321 ] } },
{ "type": "Feature", "properties": { "micronodo": "Cidade De Aracoiaba", "area_oficial": "BATURITE", "faction": "CV", "lat": -4.36357, "long": -38.80845 }, "geometry": { "type": "Point", "coordinates": [ -38.80845, -4.36357 ] } },
{ "type": "Feature", "properties": { "micronodo": "Aracatiaçu", "area_oficial": "IRAUÇUBA", "faction": "CV", "lat": -3.871924, "long": -40.023385 }, "geometry": { "type": "Point", "coordinates": [ -40.023385, -3.871924 ] } },
{ "type": "Feature", "properties": { "micronodo": "Beco Do Moicano", "area_oficial": "BONSUCESSO", "faction": "CV", "lat": -3.782932, "long": -38.590866 }, "geometry": { "type": "Point", "coordinates": [ -38.590866, -3.782932 ] } },
{ "type": "Feature", "properties": { "micronodo": "Ap", "area_oficial": "RACHEL DE QUEIROZ", "faction": "CV", "lat": -3.802465, "long": -38.552472 }, "geometry": { "type": "Point", "coordinates": [ -38.552472, -3.802465 ] } },
{ "type": "Feature", "properties": { "micronodo": "Cagece", "area_oficial": "ITAOCA", "faction": "CV", "lat": -3.768019, "long": -38.555661 }, "geometry": { "type": "Point", "coordinates": [ -38.555661, -3.768019 ] } },
{ "type": "Feature", "properties": { "micronodo": "Residencial Maria Alves Carioca", "area_oficial": "GRANJA LISBOA", "faction": "CV", "lat": -3.782759, "long": -38.616436 }, "geometry": { "type": "Point", "coordinates": [ -38.616436, -3.782759 ] } },
{ "type": "Feature", "properties": { "micronodo": "Quadra 14 - Cidade Jardim ll", "area_oficial": "DIF III", "faction": "CV", "lat": -3.846344, "long": -38.551362 }, "geometry": { "type": "Point", "coordinates": [ -38.551362, -3.846344 ] } },
{ "type": "Feature", "properties": { "micronodo": "Fumaça - Pici", "area_oficial": "PICI", "faction": "CV", "lat": -3.753393, "long": -38.579274 }, "geometry": { "type": "Point", "coordinates": [ -38.579274, -3.753393 ] } },
{ "type": "Feature", "properties": { "micronodo": "São Miguel ll", "area_oficial": "PARQUE DAS NAÇÕES", "faction": "CV", "lat": -3.750001, "long": -38.606077 }, "geometry": { "type": "Point", "coordinates": [ -38.606077, -3.750001 ] } },
{ "type": "Feature", "properties": { "micronodo": "Parque Das Nações ", "area_oficial": "PARQUE DAS NAÇÕES", "faction": "CV", "lat": -3.742135, "long": -38.606682 }, "geometry": { "type": "Point", "coordinates": [ -38.606682, -3.742135 ] } },
{ "type": "Feature", "properties": { "micronodo": "Gerardo Arcanjo", "area_oficial": "SANTANA DO ACARAÚ", "faction": "CV", "lat": -3.457799, "long": -40.205455 }, "geometry": { "type": "Point", "coordinates": [ -40.205455, -3.457799 ] } },
{ "type": "Feature", "properties": { "micronodo": "Urucutuba", "area_oficial": "URUCUTUBA", "faction": "CV", "lat": -3.787919, "long": -38.645237 }, "geometry": { "type": "Point", "coordinates": [ -38.645237, -3.787919 ] } },
{ "type": "Feature", "properties": { "micronodo": "Terreno", "area_oficial": "FLORESTA", "faction": "CV", "lat": -3.720933, "long": -38.573169 }, "geometry": { "type": "Point", "coordinates": [ -38.573169, -3.720933 ] } },
{ "type": "Feature", "properties": { "micronodo": "Deserto", "area_oficial": "TURURU", "faction": "CV", "lat": -3.507812, "long": -39.496564 }, "geometry": { "type": "Point", "coordinates": [ -39.496564, -3.507812 ] } },
{ "type": "Feature", "properties": { "micronodo": "Caracará", "area_oficial": "MIRAIMA", "faction": "CV", "lat": -3.713156, "long": -40.018645 }, "geometry": { "type": "Point", "coordinates": [ -40.018645, -3.713156 ] } },
{ "type": "Feature", "properties": { "micronodo": "Santa Maria - Limoeiro Do Norte ", "area_oficial": "LIMOEIRO DO NORTE", "faction": "CV", "lat": -5.226139, "long": -38.012145 }, "geometry": { "type": "Point", "coordinates": [ -38.012145, -5.226139 ] } },
{ "type": "Feature", "properties": { "micronodo": "Caiçara", "area_oficial": "JIJOCA DE JERICOACOARA", "faction": "CV", "lat": -2.860141, "long": -40.411203 }, "geometry": { "type": "Point", "coordinates": [ -40.411203, -2.860141 ] } },
{ "type": "Feature", "properties": { "micronodo": "Vila Paraguai", "area_oficial": "CRUZ", "faction": "CV", "lat": -2.909649, "long": -40.410732 }, "geometry": { "type": "Point", "coordinates": [ -40.410732, -2.909649 ] } },
{ "type": "Feature", "properties": { "micronodo": "Timonha", "area_oficial": "GRANJA", "faction": "CV", "lat": -3.251092, "long": -41.13125 }, "geometry": { "type": "Point", "coordinates": [ -41.13125, -3.251092 ] } },
{ "type": "Feature", "properties": { "micronodo": "Nossa Senhora das Graças ", "area_oficial": "CANINDÉ", "faction": "CV", "lat": -4.366843, "long": -39.331009 }, "geometry": { "type": "Point", "coordinates": [ -39.331009, -4.366843 ] } },
{ "type": "Feature", "properties": { "micronodo": "Santa Luzia", "area_oficial": "CANINDÉ", "faction": "CV", "lat": -4.348826, "long": -39.319204 }, "geometry": { "type": "Point", "coordinates": [ -39.319204, -4.348826 ] } },
{ "type": "Feature", "properties": { "micronodo": "João Paulo ll", "area_oficial": "CANINDÉ", "faction": "CV", "lat": -4.363045, "long": -39.321768 }, "geometry": { "type": "Point", "coordinates": [ -39.321768, -4.363045 ] } },
{ "type": "Feature", "properties": { "micronodo": "Serrote - Curió", "area_oficial": "LAGOA REDONDA", "faction": "CV", "lat": -3.833812, "long": -38.460914 }, "geometry": { "type": "Point", "coordinates": [ -38.460914, -3.833812 ] } },
{ "type": "Feature", "properties": { "micronodo": "Cipó ", "area_oficial": "PACAJUS", "faction": "CV", "lat": -4.16694, "long": -38.445531 }, "geometry": { "type": "Point", "coordinates": [ -38.445531, -4.16694 ] } },
{ "type": "Feature", "properties": { "micronodo": "Pinto Madeira", "area_oficial": "CRATO", "faction": "CV", "lat": -7.236928, "long": -39.407292 }, "geometry": { "type": "Point", "coordinates": [ -39.407292, -7.236928 ] } },
{ "type": "Feature", "properties": { "micronodo": "Arco Verde ", "area_oficial": "LAGOA REDONDA", "faction": "CV", "lat": -3.829944, "long": -38.46667 }, "geometry": { "type": "Point", "coordinates": [ -38.46667, -3.829944 ] } },
{ "type": "Feature", "properties": { "micronodo": "Caixa D’água ", "area_oficial": "LAGOA REDONDA", "faction": "CV", "lat": -3.829507, "long": -38.465717 }, "geometry": { "type": "Point", "coordinates": [ -38.465717, -3.829507 ] } },
{ "type": "Feature", "properties": { "micronodo": "Final Feliz", "area_oficial": "LAGOA REDONDA", "faction": "CV", "lat": -3.823286, "long": -38.464512 }, "geometry": { "type": "Point", "coordinates": [ -38.464512, -3.823286 ] } },
{ "type": "Feature", "properties": { "micronodo": "AP", "area_oficial": "LAGOA REDONDA", "faction": "CV", "lat": -3.824016, "long": -38.464085 }, "geometry": { "type": "Point", "coordinates": [ -38.464085, -3.824016 ] } },
{ "type": "Feature", "properties": { "micronodo": "Ipu Mazagao", "area_oficial": "URUBURETAMA", "faction": "CV", "lat": -3.531456, "long": -39.514233 }, "geometry": { "type": "Point", "coordinates": [ -39.514233, -3.531456 ] } },
{ "type": "Feature", "properties": { "micronodo": "Favela Do Pó", "area_oficial": "LAGOA REDONDA", "faction": "CV", "lat": -3.825717, "long": -38.463156 }, "geometry": { "type": "Point", "coordinates": [ -38.463156, -3.825717 ] } },
{ "type": "Feature", "properties": { "micronodo": "Comunidade Do Brooklyn ", "area_oficial": "LAGOA REDONDA", "faction": "CV", "lat": -3.828055, "long": -38.461842 }, "geometry": { "type": "Point", "coordinates": [ -38.461842, -3.828055 ] } },
{ "type": "Feature", "properties": { "micronodo": "11 De Novembro", "area_oficial": "LAGOA REDONDA", "faction": "CV", "lat": -3.827215, "long": -38.464254 }, "geometry": { "type": "Point", "coordinates": [ -38.464254, -3.827215 ] } },
{ "type": "Feature", "properties": { "micronodo": "Favela Do Abc", "area_oficial": "LAGOA REDONDA", "faction": "CV", "lat": -3.822448, "long": -38.467212 }, "geometry": { "type": "Point", "coordinates": [ -38.467212, -3.822448 ] } },
{ "type": "Feature", "properties": { "micronodo": "Centro", "area_oficial": "CENTRO", "faction": "CV", "lat": -4.098112, "long": -38.498104 }, "geometry": { "type": "Point", "coordinates": [ -38.498104, -4.098112 ] } },
{ "type": "Feature", "properties": { "micronodo": "B2", "area_oficial": "HORIZONTE", "faction": "CV", "lat": -4.103025, "long": -38.50069 }, "geometry": { "type": "Point", "coordinates": [ -38.50069, -4.103025 ] } },
{ "type": "Feature", "properties": { "micronodo": "Moitas", "area_oficial": "ITAREMA", "faction": "CV", "lat": -3.000932, "long": -39.693055 }, "geometry": { "type": "Point", "coordinates": [ -39.693055, -3.000932 ] } },
{ "type": "Feature", "properties": { "micronodo": "Aranaú", "area_oficial": "CRUZ", "faction": "CV", "lat": -2.823738, "long": -40.228517 }, "geometry": { "type": "Point", "coordinates": [ -40.228517, -2.823738 ] } },
{ "type": "Feature", "properties": { "micronodo": "Castelhano", "area_oficial": "CRUZ", "faction": "CV", "lat": -2.825318, "long": -40.363128 }, "geometry": { "type": "Point", "coordinates": [ -40.363128, -2.825318 ] } },
{ "type": "Feature", "properties": { "micronodo": "Forquilha", "area_oficial": "FORQUILHA", "faction": "CV", "lat": -2.875625, "long": -40.555566 }, "geometry": { "type": "Point", "coordinates": [ -40.555566, -2.875625 ] } },
{ "type": "Feature", "properties": { "micronodo": "Corrego das Varas", "area_oficial": "ACARAÚ", "faction": "CV", "lat": -2.970444, "long": -40.125673 }, "geometry": { "type": "Point", "coordinates": [ -40.125673, -2.970444 ] } },
{ "type": "Feature", "properties": { "micronodo": "Baú - Guaiuba ", "area_oficial": "GUAIÚBA", "faction": "CV", "lat": -4.123217, "long": -38.660241 }, "geometry": { "type": "Point", "coordinates": [ -38.660241, -4.123217 ] } },
{ "type": "Feature", "properties": { "micronodo": "Mutirão ", "area_oficial": "PINDORETAMA", "faction": "CV", "lat": -4.132947, "long": -38.247203 }, "geometry": { "type": "Point", "coordinates": [ -38.247203, -4.132947 ] } },
{ "type": "Feature", "properties": { "micronodo": "Jardim Primaveira", "area_oficial": "PINDORETAMA", "faction": "CV", "lat": -4.128649, "long": -38.253622 }, "geometry": { "type": "Point", "coordinates": [ -38.253622, -4.128649 ] } },
{ "type": "Feature", "properties": { "micronodo": "Vila Xexeu", "area_oficial": "PINDORETAMA", "faction": "CV", "lat": -4.128649, "long": -38.253622 }, "geometry": { "type": "Point", "coordinates": [ -38.253622, -4.128649 ] } },
{ "type": "Feature", "properties": { "micronodo": "Mirante ", "area_oficial": "PINDORETAMA", "faction": "CV", "lat": -4.121463, "long": -38.264482 }, "geometry": { "type": "Point", "coordinates": [ -38.264482, -4.121463 ] } },
{ "type": "Feature", "properties": { "micronodo": "Favela do Marrocos", "area_oficial": "BOM JARDIM", "faction": "CV", "lat": -3.798206, "long": -38.611708 }, "geometry": { "type": "Point", "coordinates": [ -38.611708, -3.798206 ] } },
{ "type": "Feature", "properties": { "micronodo": "Parque São Vicente ", "area_oficial": "BOM JARDIM", "faction": "CV", "lat": -3.798394, "long": -38.607278 }, "geometry": { "type": "Point", "coordinates": [ -38.607278, -3.798394 ] } },
{ "type": "Feature", "properties": { "micronodo": "São José ", "area_oficial": "TRAIRI", "faction": "CV", "lat": -3.287706, "long": -39.26394 }, "geometry": { "type": "Point", "coordinates": [ -39.26394, -3.287706 ] } },
{ "type": "Feature", "properties": { "micronodo": "Carnauba Torta", "area_oficial": "TRAIRI", "faction": "CV", "lat": -3.286422, "long": -39.254155 }, "geometry": { "type": "Point", "coordinates": [ -39.254155, -3.286422 ] } },
{ "type": "Feature", "properties": { "micronodo": "São Gonçalo ", "area_oficial": "TRAIRI", "faction": "CV", "lat": -3.296669, "long": -39.260968 }, "geometry": { "type": "Point", "coordinates": [ -39.260968, -3.296669 ] } },
{ "type": "Feature", "properties": { "micronodo": "Favela da Swat ", "area_oficial": "SÃO LUÍS DO CURU", "faction": "CV", "lat": -3.667627, "long": -39.240813 }, "geometry": { "type": "Point", "coordinates": [ -39.240813, -3.667627 ] } },
{ "type": "Feature", "properties": { "micronodo": "Conjunto Cohab", "area_oficial": "SENADOR POMPEU", "faction": "CV", "lat": -5.586757, "long": -39.382955 }, "geometry": { "type": "Point", "coordinates": [ -39.382955, -5.586757 ] } },
{ "type": "Feature", "properties": { "micronodo": "Conjunto Bandeirante", "area_oficial": "GUAJERU", "faction": "CV", "lat": -3.833154, "long": -38.487629 }, "geometry": { "type": "Point", "coordinates": [ -38.487629, -3.833154 ] } },
{ "type": "Feature", "properties": { "micronodo": "Mumbaba", "area_oficial": "MASSAPÊ", "faction": "CV", "lat": -3.569107, "long": -40.344057 }, "geometry": { "type": "Point", "coordinates": [ -40.344057, -3.569107 ] } },
{ "type": "Feature", "properties": { "micronodo": "Paraibapa", "area_oficial": "PARAIPABA", "faction": "CV", "lat": -3.427524, "long": -39.147418 }, "geometry": { "type": "Point", "coordinates": [ -39.147418, -3.427524 ] } },
{ "type": "Feature", "properties": { "micronodo": "Comunidade do Posto", "area_oficial": "JACARECANGA", "faction": "CV", "lat": -3.718066, "long": -38.548325 }, "geometry": { "type": "Point", "coordinates": [ -38.548325, -3.718066 ] } },
{ "type": "Feature", "properties": { "micronodo": "Comunidade da Iracema", "area_oficial": "JACARECANGA", "faction": "CV", "lat": -3.715951, "long": -38.547793 }, "geometry": { "type": "Point", "coordinates": [ -38.547793, -3.715951 ] } },
{ "type": "Feature", "properties": { "micronodo": "Favela do Sabão ", "area_oficial": "JACARECANGA", "faction": "CV", "lat": -3.714804, "long": -38.546192 }, "geometry": { "type": "Point", "coordinates": [ -38.546192, -3.714804 ] } },
{ "type": "Feature", "properties": { "micronodo": "Comunidade do Pombal", "area_oficial": "CARLITO PAMPLONA", "faction": "CV", "lat": -3.716548, "long": -38.549521 }, "geometry": { "type": "Point", "coordinates": [ -38.549521, -3.716548 ] } },
{ "type": "Feature", "properties": { "micronodo": "Ac", "area_oficial": "PIRAMBU", "faction": "CV", "lat": -3.713477, "long": -38.549716 }, "geometry": { "type": "Point", "coordinates": [ -38.549716, -3.713477 ] } },
{ "type": "Feature", "properties": { "micronodo": "Ironete", "area_oficial": "CARLITO PAMPLONA", "faction": "CV", "lat": -3.717901, "long": -38.550606 }, "geometry": { "type": "Point", "coordinates": [ -38.550606, -3.717901 ] } },
{ "type": "Feature", "properties": { "micronodo": "São Raimundo", "area_oficial": "AMONTADA", "faction": "CV", "lat": -3.355969, "long": -39.831187 }, "geometry": { "type": "Point", "coordinates": [ -39.831187, -3.355969 ] } },
{ "type": "Feature", "properties": { "micronodo": "Flores ", "area_oficial": "AMONTADA", "faction": "CV", "lat": -3.369198, "long": -39.831097 }, "geometry": { "type": "Point", "coordinates": [ -39.831097, -3.369198 ] } },
{ "type": "Feature", "properties": { "micronodo": "São Sebastião ", "area_oficial": "AMONTADA", "faction": "CV", "lat": -3.348511, "long": -39.835896 }, "geometry": { "type": "Point", "coordinates": [ -39.835896, -3.348511 ] } },
{ "type": "Feature", "properties": { "micronodo": "Bairro do Campo", "area_oficial": "AMONTADA", "faction": "CV", "lat": -3.364401, "long": -39.826892 }, "geometry": { "type": "Point", "coordinates": [ -39.826892, -3.364401 ] } },
{ "type": "Feature", "properties": { "micronodo": "Vilinha", "area_oficial": "GUADALAJARA", "faction": "CV", "lat": -3.760361, "long": -38.618194 }, "geometry": { "type": "Point", "coordinates": [ -38.618194, -3.760361 ] } },
{ "type": "Feature", "properties": { "micronodo": "Novo Oriente", "area_oficial": "NOVO ORIENTE", "faction": "CV", "lat": -3.843229, "long": -38.615136 }, "geometry": { "type": "Point", "coordinates": [ -38.615136, -3.843229 ] } },
{ "type": "Feature", "properties": { "micronodo": "Km27", "area_oficial": "SENADOR POMPEU", "faction": "CV", "lat": -5.509112, "long": -39.547359 }, "geometry": { "type": "Point", "coordinates": [ -39.547359, -5.509112 ] } },
{ "type": "Feature", "properties": { "micronodo": "Bofim", "area_oficial": "SENADOR POMPEU", "faction": "CV", "lat": -5.519777, "long": -39.493517 }, "geometry": { "type": "Point", "coordinates": [ -39.493517, -5.519777 ] } },
{ "type": "Feature", "properties": { "micronodo": "Ruazinha", "area_oficial": "MARECHAL RONDON", "faction": "CV", "lat": -3.773829, "long": -38.625631 }, "geometry": { "type": "Point", "coordinates": [ -38.625631, -3.773829 ] } },
{ "type": "Feature", "properties": { "micronodo": "Mal. Rondon", "area_oficial": "MARECHAL RONDON", "faction": "CV", "lat": -3.775348, "long": -38.627433 }, "geometry": { "type": "Point", "coordinates": [ -38.627433, -3.775348 ] } },
{ "type": "Feature", "properties": { "micronodo": "Mosquito", "area_oficial": "AMONTADA", "faction": "CV", "lat": -3.088026, "long": -39.690515 }, "geometry": { "type": "Point", "coordinates": [ -39.690515, -3.088026 ] } },
{ "type": "Feature", "properties": { "micronodo": "Mirinduba", "area_oficial": "AMONTADA", "faction": "CV", "lat": -3.060555, "long": -39.680811 }, "geometry": { "type": "Point", "coordinates": [ -39.680811, -3.060555 ] } },
{ "type": "Feature", "properties": { "micronodo": "Comunidade Do Coroa", "area_oficial": "GENIBAÚ", "faction": "CV", "lat": -3.760204, "long": -38.598397 }, "geometry": { "type": "Point", "coordinates": [ -38.598397, -3.760204 ] } },
{ "type": "Feature", "properties": { "micronodo": "Genibau 2 ", "area_oficial": "GENIBAÚ", "faction": "CV", "lat": -3.760316, "long": -38.602742 }, "geometry": { "type": "Point", "coordinates": [ -38.602742, -3.760316 ] } },
{ "type": "Feature", "properties": { "micronodo": "Favela Dos cocó ", "area_oficial": "GENIBAÚ", "faction": "CV", "lat": -3.761268, "long": -38.595732 }, "geometry": { "type": "Point", "coordinates": [ -38.595732, -3.761268 ] } },
{ "type": "Feature", "properties": { "micronodo": "Comunidade Da Principal ", "area_oficial": "GENIBAÚ", "faction": "CV", "lat": -3.760003, "long": -38.597334 }, "geometry": { "type": "Point", "coordinates": [ -38.597334, -3.760003 ] } },
{ "type": "Feature", "properties": { "micronodo": "Comunidade Da Vila ", "area_oficial": "GENIBAÚ", "faction": "CV", "lat": -3.761151, "long": -38.598296 }, "geometry": { "type": "Point", "coordinates": [ -38.598296, -3.761151 ] } },
{ "type": "Feature", "properties": { "micronodo": "Beira Rio - Genibaú", "area_oficial": "GENIBAÚ", "faction": "CV", "lat": -3.764463, "long": -38.599079 }, "geometry": { "type": "Point", "coordinates": [ -38.599079, -3.764463 ] } },
{ "type": "Feature", "properties": { "micronodo": "São Francisco", "area_oficial": "MERUOCA", "faction": "CV", "lat": -3.597399, "long": -40.42557 }, "geometry": { "type": "Point", "coordinates": [ -40.42557, -3.597399 ] } },
{ "type": "Feature", "properties": { "micronodo": "Polígono 2042", "area_oficial": "MERUOCA", "faction": "CV", "lat": -3.678258, "long": -40.359999 }, "geometry": { "type": "Point", "coordinates": [ -40.359999, -3.678258 ] } },
{ "type": "Feature", "properties": { "micronodo": "Papara", "area_oficial": "MARANGUAPE", "faction": "CV", "lat": -3.980769, "long": -38.726328 }, "geometry": { "type": "Point", "coordinates": [ -38.726328, -3.980769 ] } },
{ "type": "Feature", "properties": { "micronodo": "Papara - Maranguape", "area_oficial": "MARANGUAPE", "faction": "CV", "lat": -4.021439, "long": -38.740263 }, "geometry": { "type": "Point", "coordinates": [ -38.740263, -4.021439 ] } },
{ "type": "Feature", "properties": { "micronodo": "São Francisco ou Barrocão", "area_oficial": "CAMOCIM", "faction": "CV", "lat": -3.114581, "long": -40.824663 }, "geometry": { "type": "Point", "coordinates": [ -40.824663, -3.114581 ] } },
{ "type": "Feature", "properties": { "micronodo": "João Leite - Papara", "area_oficial": "MARANGUAPE", "faction": "CV", "lat": -4.021368, "long": -38.752659 }, "geometry": { "type": "Point", "coordinates": [ -38.752659, -4.021368 ] } },
{ "type": "Feature", "properties": { "micronodo": "Alto do Cristo", "area_oficial": "CAMOCIM", "faction": "CV", "lat": -3.122983, "long": -40.825743 }, "geometry": { "type": "Point", "coordinates": [ -40.825743, -3.122983 ] } },
{ "type": "Feature", "properties": { "micronodo": "Alto dos Pescadores", "area_oficial": "CAMOCIM", "faction": "CV", "lat": -3.124518, "long": -40.826324 }, "geometry": { "type": "Point", "coordinates": [ -40.826324, -3.124518 ] } },
{ "type": "Feature", "properties": { "micronodo": "Boca do Acre", "area_oficial": "MARTINÓPOLE", "faction": "CV", "lat": -3.128846, "long": -40.826325 }, "geometry": { "type": "Point", "coordinates": [ -40.826325, -3.128846 ] } },
{ "type": "Feature", "properties": { "micronodo": "Comunidade São Pedro", "area_oficial": "CAMOCIM", "faction": "CV", "lat": -3.127246, "long": -40.825718 }, "geometry": { "type": "Point", "coordinates": [ -40.825718, -3.127246 ] } },
{ "type": "Feature", "properties": { "micronodo": "São Raimundo", "area_oficial": "CAMOCIM", "faction": "CV", "lat": -3.120897, "long": -40.835196 }, "geometry": { "type": "Point", "coordinates": [ -40.835196, -3.120897 ] } },
{ "type": "Feature", "properties": { "micronodo": "Campo de Aviação ", "area_oficial": "CAMOCIM", "faction": "CV", "lat": -3.117342, "long": -40.841739 }, "geometry": { "type": "Point", "coordinates": [ -40.841739, -3.117342 ] } },
{ "type": "Feature", "properties": { "micronodo": "Bairro de Fatima", "area_oficial": "CAMOCIM", "faction": "CV", "lat": -3.11282, "long": -40.829895 }, "geometry": { "type": "Point", "coordinates": [ -40.829895, -3.11282 ] } },
{ "type": "Feature", "properties": { "micronodo": "Oiteiro", "area_oficial": "CAMOCIM", "faction": "CV", "lat": -3.111416, "long": -40.8366 }, "geometry": { "type": "Point", "coordinates": [ -40.8366, -3.111416 ] } },
{ "type": "Feature", "properties": { "micronodo": "Favela da Cachoeira ", "area_oficial": "CAMOCIM", "faction": "CV", "lat": -3.127077, "long": -40.830899 }, "geometry": { "type": "Point", "coordinates": [ -40.830899, -3.127077 ] } },
{ "type": "Feature", "properties": { "micronodo": "Bairro da Estação ", "area_oficial": "CAMOCIM", "faction": "CV", "lat": -3.11618, "long": -40.833813 }, "geometry": { "type": "Point", "coordinates": [ -40.833813, -3.11618 ] } },
{ "type": "Feature", "properties": { "micronodo": "Alto do Cemitério ", "area_oficial": "CAMOCIM", "faction": "CV", "lat": -3.119128, "long": -40.832864 }, "geometry": { "type": "Point", "coordinates": [ -40.832864, -3.119128 ] } },
{ "type": "Feature", "properties": { "micronodo": "Granjinha - Levada", "area_oficial": "MESSEJANA", "faction": "CV", "lat": -3.828396, "long": -38.48641 }, "geometry": { "type": "Point", "coordinates": [ -38.48641, -3.828396 ] } },
{ "type": "Feature", "properties": { "micronodo": "Alto do Posto ", "area_oficial": "CAMOCIM", "faction": "CV", "lat": -3.127226, "long": -40.834612 }, "geometry": { "type": "Point", "coordinates": [ -40.834612, -3.127226 ] } },
{ "type": "Feature", "properties": { "micronodo": "Vila Milano", "area_oficial": "ALTO DA BALANÇA", "faction": "CV", "lat": -3.769009, "long": -38.511553 }, "geometry": { "type": "Point", "coordinates": [ -38.511553, -3.769009 ] } },
{ "type": "Feature", "properties": { "micronodo": "Travessa Flamengo", "area_oficial": "ALTO DA BALANÇA", "faction": "CV", "lat": -3.769958, "long": -38.516798 }, "geometry": { "type": "Point", "coordinates": [ -38.516798, -3.769958 ] } },
{ "type": "Feature", "properties": { "micronodo": "Cipó Dos Anjos", "area_oficial": "IBICUITINGA", "faction": "CV", "lat": -5.010814, "long": -38.729189 }, "geometry": { "type": "Point", "coordinates": [ -38.729189, -5.010814 ] } },
{ "type": "Feature", "properties": { "micronodo": "Bairro do Coité", "area_oficial": "EUSÉBIO", "faction": "CV", "lat": -3.885494, "long": -38.474656 }, "geometry": { "type": "Point", "coordinates": [ -38.474656, -3.885494 ] } },
{ "type": "Feature", "properties": { "micronodo": "Sitiá", "area_oficial": "IBICUITINGA", "faction": "CV", "lat": -5.162679, "long": -38.658929 }, "geometry": { "type": "Point", "coordinates": [ -38.658929, -5.162679 ] } },
{ "type": "Feature", "properties": { "micronodo": "Pedreira", "area_oficial": "SÃO LUÍS DO CURU", "faction": "CV", "lat": -3.782507, "long": -39.27488 }, "geometry": { "type": "Point", "coordinates": [ -39.27488, -3.782507 ] } },
{ "type": "Feature", "properties": { "micronodo": "Vila Nova", "area_oficial": "PENTECOSTE", "faction": "CV", "lat": -3.78675, "long": -39.267387 }, "geometry": { "type": "Point", "coordinates": [ -39.267387, -3.78675 ] } },
{ "type": "Feature", "properties": { "micronodo": "Morro Do Santiago", "area_oficial": "BARRA DO CEARÁ", "faction": "CV", "lat": -3.696931, "long": -38.584024 }, "geometry": { "type": "Point", "coordinates": [ -38.584024, -3.696931 ] } },
{ "type": "Feature", "properties": { "micronodo": "Comunidade Do Pombal", "area_oficial": "BARRA DO CEARÁ", "faction": "CV", "lat": -3.699341, "long": -38.585426 }, "geometry": { "type": "Point", "coordinates": [ -38.585426, -3.699341 ] } },
{ "type": "Feature", "properties": { "micronodo": "Comunidade Do Campinho", "area_oficial": "BARRA DO CEARÁ", "faction": "CV", "lat": -3.699931, "long": -38.583501 }, "geometry": { "type": "Point", "coordinates": [ -38.583501, -3.699931 ] } },
{ "type": "Feature", "properties": { "micronodo": "Favelinha ", "area_oficial": "BARRA DO CEARÁ", "faction": "CV", "lat": -3.696937, "long": -38.583639 }, "geometry": { "type": "Point", "coordinates": [ -38.583639, -3.696937 ] } },
{ "type": "Feature", "properties": { "micronodo": "Travessa", "area_oficial": "BARRA DO CEARÁ", "faction": "CV", "lat": -3.698169, "long": -38.582564 }, "geometry": { "type": "Point", "coordinates": [ -38.582564, -3.698169 ] } },
{ "type": "Feature", "properties": { "micronodo": "Conjunto ", "area_oficial": "CRATEÚS", "faction": "CV", "lat": -5.170865, "long": -40.680316 }, "geometry": { "type": "Point", "coordinates": [ -40.680316, -5.170865 ] } },
{ "type": "Feature", "properties": { "micronodo": "Palmeirinha", "area_oficial": "CARARU", "faction": "CV", "lat": -3.835116, "long": -38.428652 }, "geometry": { "type": "Point", "coordinates": [ -38.428652, -3.835116 ] } },
{ "type": "Feature", "properties": { "micronodo": "Chácara da Prainha ou Portelinha", "area_oficial": "AQUIRAZ", "faction": "CV", "lat": -3.908321, "long": -38.373102 }, "geometry": { "type": "Point", "coordinates": [ -38.373102, -3.908321 ] } },
{ "type": "Feature", "properties": { "micronodo": "Bairro do Cemitério ", "area_oficial": "EUSÉBIO", "faction": "CV", "lat": -3.900585, "long": -38.388875 }, "geometry": { "type": "Point", "coordinates": [ -38.388875, -3.900585 ] } },
{ "type": "Feature", "properties": { "micronodo": "Novo Aquiraz", "area_oficial": "AQUIRAZ", "faction": "CV", "lat": -3.926713, "long": -38.386034 }, "geometry": { "type": "Point", "coordinates": [ -38.386034, -3.926713 ] } },
{ "type": "Feature", "properties": { "micronodo": "Peixinhos - Canaã", "area_oficial": "TRAIRI", "faction": "CV", "lat": -3.224227, "long": -39.348293 }, "geometry": { "type": "Point", "coordinates": [ -39.348293, -3.224227 ] } },
{ "type": "Feature", "properties": { "micronodo": "Canaã ", "area_oficial": "TRAIRI", "faction": "CV", "lat": -3.21078, "long": -39.381202 }, "geometry": { "type": "Point", "coordinates": [ -39.381202, -3.21078 ] } },
{ "type": "Feature", "properties": { "micronodo": "Novo Rumo", "area_oficial": "AQUIRAZ", "faction": "CV", "lat": -3.917967, "long": -38.387736 }, "geometry": { "type": "Point", "coordinates": [ -38.387736, -3.917967 ] } },
{ "type": "Feature", "properties": { "micronodo": "Bairro do Machuca", "area_oficial": "AQUIRAZ", "faction": "CV", "lat": -3.931927, "long": -38.38936 }, "geometry": { "type": "Point", "coordinates": [ -38.38936, -3.931927 ] } },
{ "type": "Feature", "properties": { "micronodo": "Terra Nova ", "area_oficial": "CRATEÚS", "faction": "CV", "lat": -5.188855, "long": -40.673771 }, "geometry": { "type": "Point", "coordinates": [ -40.673771, -5.188855 ] } },
{ "type": "Feature", "properties": { "micronodo": "Berra Bode", "area_oficial": "AQUIRAZ", "faction": "CV", "lat": -3.919665, "long": -38.393965 }, "geometry": { "type": "Point", "coordinates": [ -38.393965, -3.919665 ] } },
{ "type": "Feature", "properties": { "micronodo": "Bairro do Piau", "area_oficial": "AQUIRAZ", "faction": "CV", "lat": -3.920729, "long": -38.375489 }, "geometry": { "type": "Point", "coordinates": [ -38.375489, -3.920729 ] } },
{ "type": "Feature", "properties": { "micronodo": "Malvinas", "area_oficial": "EUSÉBIO", "faction": "CV", "lat": -3.943463, "long": -38.476821 }, "geometry": { "type": "Point", "coordinates": [ -38.476821, -3.943463 ] } },
{ "type": "Feature", "properties": { "micronodo": "Área Verde", "area_oficial": "EUSÉBIO", "faction": "CV", "lat": -3.947421, "long": -38.465644 }, "geometry": { "type": "Point", "coordinates": [ -38.465644, -3.947421 ] } },
{ "type": "Feature", "properties": { "micronodo": "Quinzinho", "area_oficial": "PEDRAS", "faction": "CV", "lat": -3.949396, "long": -38.491216 }, "geometry": { "type": "Point", "coordinates": [ -38.491216, -3.949396 ] } },
{ "type": "Feature", "properties": { "micronodo": "Oiticia ", "area_oficial": "ITAITINGA", "faction": "CV", "lat": -3.957638, "long": -38.506658 }, "geometry": { "type": "Point", "coordinates": [ -38.506658, -3.957638 ] } },
{ "type": "Feature", "properties": { "micronodo": "Baixa Grande", "area_oficial": "EUSÉBIO", "faction": "CV", "lat": -3.925277, "long": -38.449908 }, "geometry": { "type": "Point", "coordinates": [ -38.449908, -3.925277 ] } },
{ "type": "Feature", "properties": { "micronodo": "Tapuio", "area_oficial": "EUSÉBIO", "faction": "CV", "lat": -3.917389, "long": -38.443232 }, "geometry": { "type": "Point", "coordinates": [ -38.443232, -3.917389 ] } },
{ "type": "Feature", "properties": { "micronodo": "Ribeira ", "area_oficial": "AQUIRAZ", "faction": "CV", "lat": -3.980012, "long": -38.439347 }, "geometry": { "type": "Point", "coordinates": [ -38.439347, -3.980012 ] } },
{ "type": "Feature", "properties": { "micronodo": "Divineia", "area_oficial": "AQUIRAZ", "faction": "CV", "lat": -3.912023, "long": -38.383687 }, "geometry": { "type": "Point", "coordinates": [ -38.383687, -3.912023 ] } },
{ "type": "Feature", "properties": { "micronodo": "Parnamirim ", "area_oficial": "EUSÉBIO", "faction": "CV", "lat": -3.880878, "long": -38.45466 }, "geometry": { "type": "Point", "coordinates": [ -38.45466, -3.880878 ] } },
{ "type": "Feature", "properties": { "micronodo": "Aningas", "area_oficial": "HORIZONTE", "faction": "CV", "lat": -4.104116, "long": -38.401681 }, "geometry": { "type": "Point", "coordinates": [ -38.401681, -4.104116 ] } },
{ "type": "Feature", "properties": { "micronodo": "Cachoeira 2", "area_oficial": "HORIZONTE", "faction": "CV", "lat": -4.079482, "long": -38.471388 }, "geometry": { "type": "Point", "coordinates": [ -38.471388, -4.079482 ] } },
{ "type": "Feature", "properties": { "micronodo": "Cachoeira 1", "area_oficial": "HORIZONTE", "faction": "CV", "lat": -4.081093, "long": -38.465307 }, "geometry": { "type": "Point", "coordinates": [ -38.465307, -4.081093 ] } },
{ "type": "Feature", "properties": { "micronodo": "Sao Jose", "area_oficial": "HORIZONTE", "faction": "CV", "lat": -4.098551, "long": -38.464866 }, "geometry": { "type": "Point", "coordinates": [ -38.464866, -4.098551 ] } },
{ "type": "Feature", "properties": { "micronodo": "Rua das Palmeiras", "area_oficial": "TIANGUA", "faction": "CV", "lat": -3.713328, "long": -40.992898 }, "geometry": { "type": "Point", "coordinates": [ -40.992898, -3.713328 ] } },
{ "type": "Feature", "properties": { "micronodo": "Vila Pascoal", "area_oficial": "TIANGUA", "faction": "CV", "lat": -3.710697, "long": -40.995775 }, "geometry": { "type": "Point", "coordinates": [ -40.995775, -3.710697 ] } },
{ "type": "Feature", "properties": { "micronodo": "Comunidade da Peroba", "area_oficial": "TIANGUA", "faction": "CV", "lat": -3.713059, "long": -40.995613 }, "geometry": { "type": "Point", "coordinates": [ -40.995613, -3.713059 ] } },
{ "type": "Feature", "properties": { "micronodo": "Rua do Rio", "area_oficial": "SENADOR POMPEU", "faction": "CV", "lat": -5.581868, "long": -39.368585 }, "geometry": { "type": "Point", "coordinates": [ -39.368585, -5.581868 ] } },
{ "type": "Feature", "properties": { "micronodo": "Comunidade da GMC", "area_oficial": "MONTE CASTELO", "faction": "CV", "lat": -3.723934, "long": -38.554584 }, "geometry": { "type": "Point", "coordinates": [ -38.554584, -3.723934 ] } },
{ "type": "Feature", "properties": { "micronodo": "Fatima l", "area_oficial": "CRATEÚS", "faction": "CV", "lat": -5.177606, "long": -40.676587 }, "geometry": { "type": "Point", "coordinates": [ -40.676587, -5.177606 ] } },
{ "type": "Feature", "properties": { "micronodo": "Volta", "area_oficial": "PARACURU", "faction": "CV", "lat": -3.508661, "long": -39.124921 }, "geometry": { "type": "Point", "coordinates": [ -39.124921, -3.508661 ] } },
{ "type": "Feature", "properties": { "micronodo": "Conjunto Renascer", "area_oficial": "DIAS MACÊDO", "faction": "CV", "lat": -3.78562, "long": -38.528196 }, "geometry": { "type": "Point", "coordinates": [ -38.528196, -3.78562 ] } },
{ "type": "Feature", "properties": { "micronodo": "Mirambe", "area_oficial": "URUCUTUBA", "faction": "CV", "lat": -3.786026, "long": -38.658672 }, "geometry": { "type": "Point", "coordinates": [ -38.658672, -3.786026 ] } },
{ "type": "Feature", "properties": { "micronodo": "Curralinho", "area_oficial": "JAGUARIBE", "faction": "CV", "lat": -5.907674, "long": -38.637236 }, "geometry": { "type": "Point", "coordinates": [ -38.637236, -5.907674 ] } },
{ "type": "Feature", "properties": { "micronodo": "Boa Vista", "area_oficial": "BATURITE", "faction": "CV", "lat": -4.293913, "long": -38.856557 }, "geometry": { "type": "Point", "coordinates": [ -38.856557, -4.293913 ] } },
{ "type": "Feature", "properties": { "micronodo": "São Sebastião ", "area_oficial": "REDENÇÃO", "faction": "CV", "lat": -4.28594, "long": -38.826122 }, "geometry": { "type": "Point", "coordinates": [ -38.826122, -4.28594 ] } },
{ "type": "Feature", "properties": { "micronodo": "Favela do Bala", "area_oficial": "DIAS MACÊDO", "faction": "CV", "lat": -3.787232, "long": -38.517874 }, "geometry": { "type": "Point", "coordinates": [ -38.517874, -3.787232 ] } },
{ "type": "Feature", "properties": { "micronodo": "Vacaria", "area_oficial": "DIAS MACÊDO", "faction": "CV", "lat": -3.794745, "long": -38.529043 }, "geometry": { "type": "Point", "coordinates": [ -38.529043, -3.794745 ] } },
{ "type": "Feature", "properties": { "micronodo": "Beco do chocolate ", "area_oficial": "DIAS MACÊDO", "faction": "CV", "lat": -3.793284, "long": -38.529429 }, "geometry": { "type": "Point", "coordinates": [ -38.529429, -3.793284 ] } },
{ "type": "Feature", "properties": { "micronodo": "Dias Macedo", "area_oficial": "DIAS MACÊDO", "faction": "CV", "lat": -3.785923, "long": -38.518911 }, "geometry": { "type": "Point", "coordinates": [ -38.518911, -3.785923 ] } },
{ "type": "Feature", "properties": { "micronodo": "Papoquinho", "area_oficial": "DIAS MACÊDO", "faction": "CV", "lat": -3.787694, "long": -38.523695 }, "geometry": { "type": "Point", "coordinates": [ -38.523695, -3.787694 ] } },
{ "type": "Feature", "properties": { "micronodo": "Vila Pinheiro", "area_oficial": "JAGUARIBE", "faction": "CV", "lat": -5.90428, "long": -38.623647 }, "geometry": { "type": "Point", "coordinates": [ -38.623647, -5.90428 ] } },
{ "type": "Feature", "properties": { "micronodo": "Favelinha", "area_oficial": "GUADALAJARA", "faction": "CV", "lat": -3.76302, "long": -38.618223 }, "geometry": { "type": "Point", "coordinates": [ -38.618223, -3.76302 ] } },
{ "type": "Feature", "properties": { "micronodo": "Vilinha", "area_oficial": "BARRA DO CEARÁ", "faction": "CV", "lat": -3.702298, "long": -38.590548 }, "geometry": { "type": "Point", "coordinates": [ -38.590548, -3.702298 ] } },
{ "type": "Feature", "properties": { "micronodo": "Salitre", "area_oficial": "SALITRE", "faction": "CV", "lat": -7.273411, "long": -40.452988 }, "geometry": { "type": "Point", "coordinates": [ -40.452988, -7.273411 ] } },
{ "type": "Feature", "properties": { "micronodo": "Parque Grangeiro", "area_oficial": "CRATO", "faction": "CV", "lat": -7.249089, "long": -39.421649 }, "geometry": { "type": "Point", "coordinates": [ -39.421649, -7.249089 ] } },
{ "type": "Feature", "properties": { "micronodo": "Cemitério Dos Cachorro", "area_oficial": "DIAS MACÊDO", "faction": "CV", "lat": -3.784238, "long": -38.52015 }, "geometry": { "type": "Point", "coordinates": [ -38.52015, -3.784238 ] } },
{ "type": "Feature", "properties": { "micronodo": "Invasão ", "area_oficial": "DIAS MACÊDO", "faction": "CV", "lat": -3.783409, "long": -38.524046 }, "geometry": { "type": "Point", "coordinates": [ -38.524046, -3.783409 ] } },
{ "type": "Feature", "properties": { "micronodo": "Jardim Das Oliveiras ", "area_oficial": "JARDIM DAS OLIVEIRAS", "faction": "CV", "lat": -4.745712, "long": -40.930717 }, "geometry": { "type": "Point", "coordinates": [ -40.930717, -4.745712 ] } },
{ "type": "Feature", "properties": { "micronodo": "Cohab", "area_oficial": "PORANGA", "faction": "CV", "lat": -4.740413, "long": -40.920103 }, "geometry": { "type": "Point", "coordinates": [ -40.920103, -4.740413 ] } },
{ "type": "Feature", "properties": { "micronodo": "Morro do Macaco", "area_oficial": "PACATUBA", "faction": "CV", "lat": -3.957845, "long": -38.699178 }, "geometry": { "type": "Point", "coordinates": [ -38.699178, -3.957845 ] } },
{ "type": "Feature", "properties": { "micronodo": "Beco da Foice", "area_oficial": "SAPIRANGA / COITÉ", "faction": "CV", "lat": -3.796967, "long": -38.464573 }, "geometry": { "type": "Point", "coordinates": [ -38.464573, -3.796967 ] } },
{ "type": "Feature", "properties": { "micronodo": "Bairro Cajas", "area_oficial": "CRATEÚS", "faction": "CV", "lat": -5.163486, "long": -40.662207 }, "geometry": { "type": "Point", "coordinates": [ -40.662207, -5.163486 ] } },
{ "type": "Feature", "properties": { "micronodo": "Comunidade Pedra Viva", "area_oficial": "CRATEÚS", "faction": "CV", "lat": -5.182522, "long": -40.65294 }, "geometry": { "type": "Point", "coordinates": [ -40.65294, -5.182522 ] } },
{ "type": "Feature", "properties": { "micronodo": "Comunidade Rabo da Gata", "area_oficial": "CRATEÚS", "faction": "CV", "lat": -5.175396, "long": -40.663148 }, "geometry": { "type": "Point", "coordinates": [ -40.663148, -5.175396 ] } },
{ "type": "Feature", "properties": { "micronodo": "São Vicente", "area_oficial": "CRATEÚS", "faction": "CV", "lat": -5.177888, "long": -40.664787 }, "geometry": { "type": "Point", "coordinates": [ -40.664787, -5.177888 ] } },
{ "type": "Feature", "properties": { "micronodo": "Favela da Macumba ", "area_oficial": "BONSUCESSO", "faction": "CV", "lat": -3.779827, "long": -38.583517 }, "geometry": { "type": "Point", "coordinates": [ -38.583517, -3.779827 ] } },
{ "type": "Feature", "properties": { "micronodo": "Beco do Pinheiro ", "area_oficial": "VILA PERI", "faction": "CV", "lat": -3.788245, "long": -38.582883 }, "geometry": { "type": "Point", "coordinates": [ -38.582883, -3.788245 ] } },
{ "type": "Feature", "properties": { "micronodo": "Rua da Vicência", "area_oficial": "MERUOCA", "faction": "CV", "lat": -3.672621, "long": -40.371285 }, "geometry": { "type": "Point", "coordinates": [ -40.371285, -3.672621 ] } },
{ "type": "Feature", "properties": { "micronodo": "Terrenos Novos", "area_oficial": "MERUOCA", "faction": "CV", "lat": -3.671358, "long": -40.372703 }, "geometry": { "type": "Point", "coordinates": [ -40.372703, -3.671358 ] } },
{ "type": "Feature", "properties": { "micronodo": "Comunidade Da Upa", "area_oficial": "CRISTO REDENTOR", "faction": "CV", "lat": -3.708761, "long": -38.56765 }, "geometry": { "type": "Point", "coordinates": [ -38.56765, -3.708761 ] } },
{ "type": "Feature", "properties": { "micronodo": "Facó", "area_oficial": "CRISTO REDENTOR", "faction": "CV", "lat": -3.710102, "long": -38.56352 }, "geometry": { "type": "Point", "coordinates": [ -38.56352, -3.710102 ] } },
{ "type": "Feature", "properties": { "micronodo": "Conj. Maria José Gomes", "area_oficial": "ÁLVARO WEYNE", "faction": "CV", "lat": -3.714967, "long": -38.57211 }, "geometry": { "type": "Point", "coordinates": [ -38.57211, -3.714967 ] } },
{ "type": "Feature", "properties": { "micronodo": "São Francisco ", "area_oficial": "ÁLVARO WEYNE", "faction": "CV", "lat": -3.71756, "long": -38.571312 }, "geometry": { "type": "Point", "coordinates": [ -38.571312, -3.71756 ] } },
{ "type": "Feature", "properties": { "micronodo": "Coelho Neto", "area_oficial": "ÁLVARO WEYNE", "faction": "CV", "lat": -3.717929, "long": -38.569943 }, "geometry": { "type": "Point", "coordinates": [ -38.569943, -3.717929 ] } },
{ "type": "Feature", "properties": { "micronodo": "Rua Do Posto", "area_oficial": "FLORESTA", "faction": "CV", "lat": -3.717368, "long": -38.572421 }, "geometry": { "type": "Point", "coordinates": [ -38.572421, -3.717368 ] } },
{ "type": "Feature", "properties": { "micronodo": "Comunidade Da Igrejinha ", "area_oficial": "ÁLVARO WEYNE", "faction": "CV", "lat": -3.715692, "long": -38.571864 }, "geometry": { "type": "Point", "coordinates": [ -38.571864, -3.715692 ] } },
{ "type": "Feature", "properties": { "micronodo": "CP - João Paulo ll", "area_oficial": "BARROSO", "faction": "CV", "lat": -3.825414, "long": -38.517738 }, "geometry": { "type": "Point", "coordinates": [ -38.517738, -3.825414 ] } },
{ "type": "Feature", "properties": { "micronodo": "Fraudes - João Paulo ll", "area_oficial": "BARROSO", "faction": "CV", "lat": -3.826745, "long": -38.515825 }, "geometry": { "type": "Point", "coordinates": [ -38.515825, -3.826745 ] } },
{ "type": "Feature", "properties": { "micronodo": "Mr2 - João Paulo ll ", "area_oficial": "BARROSO", "faction": "CV", "lat": -3.822412, "long": -38.518798 }, "geometry": { "type": "Point", "coordinates": [ -38.518798, -3.822412 ] } },
{ "type": "Feature", "properties": { "micronodo": "Borel - João Paulo ll ", "area_oficial": "BARROSO", "faction": "CV", "lat": -3.824022, "long": -38.514525 }, "geometry": { "type": "Point", "coordinates": [ -38.514525, -3.824022 ] } },
{ "type": "Feature", "properties": { "micronodo": "João Paulo ll ", "area_oficial": "BARROSO", "faction": "CV", "lat": -3.823926, "long": -38.520391 }, "geometry": { "type": "Point", "coordinates": [ -38.520391, -3.823926 ] } },
{ "type": "Feature", "properties": { "micronodo": "Parque Veras", "area_oficial": "MONDUBIM", "faction": "CV", "lat": -3.808569, "long": -38.568946 }, "geometry": { "type": "Point", "coordinates": [ -38.568946, -3.808569 ] } },
{ "type": "Feature", "properties": { "micronodo": "Invasão ", "area_oficial": "JARDIM CEARENSE", "faction": "CV", "lat": -3.807503, "long": -38.561837 }, "geometry": { "type": "Point", "coordinates": [ -38.561837, -3.807503 ] } },
{ "type": "Feature", "properties": { "micronodo": "Beco da Fumaça ", "area_oficial": "BOM JARDIM", "faction": "CV", "lat": -3.794173, "long": -38.605492 }, "geometry": { "type": "Point", "coordinates": [ -38.605492, -3.794173 ] } },
{ "type": "Feature", "properties": { "micronodo": "Comunidade do Pantanal ", "area_oficial": "BOM JARDIM", "faction": "CV", "lat": -3.79748, "long": -38.607631 }, "geometry": { "type": "Point", "coordinates": [ -38.607631, -3.79748 ] } },
{ "type": "Feature", "properties": { "micronodo": "Comunidade da Cagece", "area_oficial": "TABAPUÁ", "faction": "CV", "lat": -3.736019, "long": -38.611251 }, "geometry": { "type": "Point", "coordinates": [ -38.611251, -3.736019 ] } },
{ "type": "Feature", "properties": { "micronodo": "Arrudas - Paramoti", "area_oficial": "PARAMOTI", "faction": "CV", "lat": -4.099158, "long": -39.232179 }, "geometry": { "type": "Point", "coordinates": [ -39.232179, -4.099158 ] } },
{ "type": "Feature", "properties": { "micronodo": "Morro Do Moinho - Paramoti ", "area_oficial": "PARAMOTI", "faction": "CV", "lat": -4.103922, "long": -39.243351 }, "geometry": { "type": "Point", "coordinates": [ -39.243351, -4.103922 ] } },
{ "type": "Feature", "properties": { "micronodo": "Bela Vista - Paramoti ", "area_oficial": "PARAMOTI", "faction": "CV", "lat": -4.092692, "long": -39.244728 }, "geometry": { "type": "Point", "coordinates": [ -39.244728, -4.092692 ] } },
{ "type": "Feature", "properties": { "micronodo": "Serrote - Paramoti ", "area_oficial": "PARAMOTI", "faction": "CV", "lat": -4.092012, "long": -39.24609 }, "geometry": { "type": "Point", "coordinates": [ -39.24609, -4.092012 ] } },
{ "type": "Feature", "properties": { "micronodo": "Poeiral ", "area_oficial": "BARROSO", "faction": "CV", "lat": -3.825167, "long": -38.515043 }, "geometry": { "type": "Point", "coordinates": [ -38.515043, -3.825167 ] } },
{ "type": "Feature", "properties": { "micronodo": "Lisieux", "area_oficial": "FORQUILHA", "faction": "CV", "lat": -4.001094, "long": -40.181189 }, "geometry": { "type": "Point", "coordinates": [ -40.181189, -4.001094 ] } },
{ "type": "Feature", "properties": { "micronodo": "Praia Da Baleia", "area_oficial": "TRAIRI", "faction": "CV", "lat": -3.147639, "long": -39.447693 }, "geometry": { "type": "Point", "coordinates": [ -39.447693, -3.147639 ] } },
{ "type": "Feature", "properties": { "micronodo": "Área Verde", "area_oficial": "HORIZONTE", "faction": "CV", "lat": -4.0875, "long": -38.485139 }, "geometry": { "type": "Point", "coordinates": [ -38.485139, -4.0875 ] } },
{ "type": "Feature", "properties": { "micronodo": "Comunidade do Cemitério", "area_oficial": "FORTIM", "faction": "CV", "lat": -4.554262, "long": -37.769435 }, "geometry": { "type": "Point", "coordinates": [ -37.769435, -4.554262 ] } },
{ "type": "Feature", "properties": { "micronodo": "Queimados", "area_oficial": "HORIZONTE", "faction": "CV", "lat": -4.123908, "long": -38.525353 }, "geometry": { "type": "Point", "coordinates": [ -38.525353, -4.123908 ] } },
{ "type": "Feature", "properties": { "micronodo": "Zumbi", "area_oficial": "HORIZONTE", "faction": "CV", "lat": -4.103808, "long": -38.487378 }, "geometry": { "type": "Point", "coordinates": [ -38.487378, -4.103808 ] } },
{ "type": "Feature", "properties": { "micronodo": "Comandinho ", "area_oficial": "ÁLVARO WEYNE", "faction": "CV", "lat": -3.710694, "long": -38.574207 }, "geometry": { "type": "Point", "coordinates": [ -38.574207, -3.710694 ] } },
{ "type": "Feature", "properties": { "micronodo": "Comunidade do Lajeiro", "area_oficial": "URUCUTUBA", "faction": "CV", "lat": -3.81168, "long": -38.662623 }, "geometry": { "type": "Point", "coordinates": [ -38.662623, -3.81168 ] } },
{ "type": "Feature", "properties": { "micronodo": "Rua dos Cocos", "area_oficial": "SOBRAL", "faction": "CV", "lat": -3.80398, "long": -40.262963 }, "geometry": { "type": "Point", "coordinates": [ -40.262963, -3.80398 ] } },
{ "type": "Feature", "properties": { "micronodo": "Alto Alegre", "area_oficial": "SOBRAL", "faction": "CV", "lat": -3.80123, "long": -40.260414 }, "geometry": { "type": "Point", "coordinates": [ -40.260414, -3.80123 ] } },
{ "type": "Feature", "properties": { "micronodo": "Comunidade Terra Livre", "area_oficial": "CRATEÚS", "faction": "CV", "lat": -5.187675, "long": -40.668326 }, "geometry": { "type": "Point", "coordinates": [ -40.668326, -5.187675 ] } },
{ "type": "Feature", "properties": { "micronodo": "Jubina", "area_oficial": "SOBRAL", "faction": "CV", "lat": -3.799779, "long": -40.265194 }, "geometry": { "type": "Point", "coordinates": [ -40.265194, -3.799779 ] } },
{ "type": "Feature", "properties": { "micronodo": "Salsa", "area_oficial": "SOBRAL", "faction": "CV", "lat": -3.799712, "long": -40.264962 }, "geometry": { "type": "Point", "coordinates": [ -40.264962, -3.799712 ] } },
{ "type": "Feature", "properties": { "micronodo": "Bairro do Salgado", "area_oficial": "SÃO LUÍS DO CURU", "faction": "CV", "lat": -3.674849, "long": -39.241527 }, "geometry": { "type": "Point", "coordinates": [ -39.241527, -3.674849 ] } },
{ "type": "Feature", "properties": { "micronodo": "Conjunto José Luna Filho", "area_oficial": "SÃO LUÍS DO CURU", "faction": "CV", "lat": -3.673783, "long": -39.234169 }, "geometry": { "type": "Point", "coordinates": [ -39.234169, -3.673783 ] } },
{ "type": "Feature", "properties": { "micronodo": "Bairro Coelce", "area_oficial": "SÃO LUÍS DO CURU", "faction": "CV", "lat": -3.672197, "long": -39.235324 }, "geometry": { "type": "Point", "coordinates": [ -39.235324, -3.672197 ] } },
{ "type": "Feature", "properties": { "micronodo": "Comunidade Rabo da Gata", "area_oficial": "SÃO LUÍS DO CURU", "faction": "CV", "lat": -3.672384, "long": -39.235833 }, "geometry": { "type": "Point", "coordinates": [ -39.235833, -3.672384 ] } },
{ "type": "Feature", "properties": { "micronodo": "Comunidade da Lara ou Vila Berne", "area_oficial": "FLORESTA", "faction": "CV", "lat": -3.713437, "long": -38.579125 }, "geometry": { "type": "Point", "coordinates": [ -38.579125, -3.713437 ] } },
{ "type": "Feature", "properties": { "micronodo": "Polígono 2217", "area_oficial": "FLORESTA", "faction": "CV", "lat": -3.71398, "long": -38.577798 }, "geometry": { "type": "Point", "coordinates": [ -38.577798, -3.71398 ] } },
{ "type": "Feature", "properties": { "micronodo": "Terreno ll", "area_oficial": "FLORESTA", "faction": "CV", "lat": -3.71509, "long": -38.57806 }, "geometry": { "type": "Point", "coordinates": [ -38.57806, -3.71509 ] } },
{ "type": "Feature", "properties": { "micronodo": "Favela do Balão - Boa Vista", "area_oficial": "PARQUE ALBANO", "faction": "CV", "lat": -3.757656, "long": -38.612275 }, "geometry": { "type": "Point", "coordinates": [ -38.612275, -3.757656 ] } },
{ "type": "Feature", "properties": { "micronodo": "Polígono 2222", "area_oficial": "PARQUE ALBANO", "faction": "CV", "lat": -3.757674, "long": -38.615576 }, "geometry": { "type": "Point", "coordinates": [ -38.615576, -3.757674 ] } },
{ "type": "Feature", "properties": { "micronodo": "Favela do Texas ou Favela do T", "area_oficial": "AEROLÂNDIA", "faction": "CV", "lat": -3.771254, "long": -38.513709 }, "geometry": { "type": "Point", "coordinates": [ -38.513709, -3.771254 ] } },
{ "type": "Feature", "properties": { "micronodo": "Polígono 2223", "area_oficial": "BOM FUTURO", "faction": "CV", "lat": -3.756172, "long": -38.548134 }, "geometry": { "type": "Point", "coordinates": [ -38.548134, -3.756172 ] } },
{ "type": "Feature", "properties": { "micronodo": "Comunidade do Tremzinho", "area_oficial": "BOM FUTURO", "faction": "CV", "lat": -3.757943, "long": -38.547768 }, "geometry": { "type": "Point", "coordinates": [ -38.547768, -3.757943 ] } },
{ "type": "Feature", "properties": { "micronodo": "Polígono 2227", "area_oficial": "DAMAS", "faction": "CV", "lat": -3.756994, "long": -38.553488 }, "geometry": { "type": "Point", "coordinates": [ -38.553488, -3.756994 ] } },
{ "type": "Feature", "properties": { "micronodo": "Comunidade do Riacho Doce", "area_oficial": "DAMAS", "faction": "CV", "lat": -3.756385, "long": -38.551824 }, "geometry": { "type": "Point", "coordinates": [ -38.551824, -3.756385 ] } },
{ "type": "Feature", "properties": { "micronodo": "Icarai de Amontada ", "area_oficial": "ITAREMA", "faction": "CV", "lat": -3.029378, "long": -39.658546 }, "geometry": { "type": "Point", "coordinates": [ -39.658546, -3.029378 ] } },
{ "type": "Feature", "properties": { "micronodo": "Área Verde", "area_oficial": "PACAJUS", "faction": "CV", "lat": -4.169503, "long": -38.454533 }, "geometry": { "type": "Point", "coordinates": [ -38.454533, -4.169503 ] } },
{ "type": "Feature", "properties": { "micronodo": "Comunidade do Pau Serrado", "area_oficial": "MARACANAÚ", "faction": "CV", "lat": -3.859933, "long": -38.655306 }, "geometry": { "type": "Point", "coordinates": [ -38.655306, -3.859933 ] } },
{ "type": "Feature", "properties": { "micronodo": "Mutirão ", "area_oficial": "MARACANAÚ", "faction": "CV", "lat": -3.861919, "long": -38.649185 }, "geometry": { "type": "Point", "coordinates": [ -38.649185, -3.861919 ] } },
{ "type": "Feature", "properties": { "micronodo": "Carmelita Veras", "area_oficial": "BARROQUINHA", "faction": "CV", "lat": -3.023593, "long": -41.126813 }, "geometry": { "type": "Point", "coordinates": [ -41.126813, -3.023593 ] } },
{ "type": "Feature", "properties": { "micronodo": "Quadras do Luzardo Viana", "area_oficial": "MARACANAÚ", "faction": "CV", "lat": -3.86453, "long": -38.647806 }, "geometry": { "type": "Point", "coordinates": [ -38.647806, -3.86453 ] } },
{ "type": "Feature", "properties": { "micronodo": "Luzardo Viana ", "area_oficial": "MARACANAÚ", "faction": "CV", "lat": -3.852722, "long": -38.648281 }, "geometry": { "type": "Point", "coordinates": [ -38.648281, -3.852722 ] } },
{ "type": "Feature", "properties": { "micronodo": "Conjunto Vitória ", "area_oficial": "MONDUBIM", "faction": "CV", "lat": -3.810589, "long": -38.569688 }, "geometry": { "type": "Point", "coordinates": [ -38.569688, -3.810589 ] } },
{ "type": "Feature", "properties": { "micronodo": "Sangradouro ", "area_oficial": "PIRES FERREIRA", "faction": "CV", "lat": -4.213018, "long": -40.433453 }, "geometry": { "type": "Point", "coordinates": [ -40.433453, -4.213018 ] } },
{ "type": "Feature", "properties": { "micronodo": "Boa Fé", "area_oficial": "PINDORETAMA", "faction": "CV", "lat": -4.120509, "long": -38.257113 }, "geometry": { "type": "Point", "coordinates": [ -38.257113, -4.120509 ] } },
{ "type": "Feature", "properties": { "micronodo": "Favela da Mangueira", "area_oficial": "GRANJA LISBOA", "faction": "CV", "lat": -3.782919, "long": -38.613401 }, "geometry": { "type": "Point", "coordinates": [ -38.613401, -3.782919 ] } },
{ "type": "Feature", "properties": { "micronodo": "Mutirão da São Francisco ", "area_oficial": "GRANJA LISBOA", "faction": "CV", "lat": -3.782303, "long": -38.61502 }, "geometry": { "type": "Point", "coordinates": [ -38.61502, -3.782303 ] } },
{ "type": "Feature", "properties": { "micronodo": "Barra Velha", "area_oficial": "PINDORETAMA", "faction": "CV", "lat": -4.07163, "long": -38.181314 }, "geometry": { "type": "Point", "coordinates": [ -38.181314, -4.07163 ] } },
{ "type": "Feature", "properties": { "micronodo": "Beco do Edson", "area_oficial": "GRANJA LISBOA", "faction": "CV", "lat": -3.785962, "long": -38.609432 }, "geometry": { "type": "Point", "coordinates": [ -38.609432, -3.785962 ] } },
{ "type": "Feature", "properties": { "micronodo": "Polígono 2240", "area_oficial": "CONJUNTO CEARÁ II", "faction": "CV", "lat": -3.776588, "long": -38.616023 }, "geometry": { "type": "Point", "coordinates": [ -38.616023, -3.776588 ] } },
{ "type": "Feature", "properties": { "micronodo": "Favelinha da São Francisco ", "area_oficial": "GRANJA LISBOA", "faction": "CV", "lat": -3.781861, "long": -38.611209 }, "geometry": { "type": "Point", "coordinates": [ -38.611209, -3.781861 ] } },
{ "type": "Feature", "properties": { "micronodo": "Padre Lima", "area_oficial": "ITAPAJÉ", "faction": "CV", "lat": -3.675594, "long": -39.591856 }, "geometry": { "type": "Point", "coordinates": [ -39.591856, -3.675594 ] } },
{ "type": "Feature", "properties": { "micronodo": "Tabuleiro do Luna - Itaiçaba", "area_oficial": "ITAIÇABA", "faction": "CV", "lat": -4.713411, "long": -37.839391 }, "geometry": { "type": "Point", "coordinates": [ -37.839391, -4.713411 ] } },
{ "type": "Feature", "properties": { "micronodo": "Beco da Merda", "area_oficial": "CRISTO REDENTOR", "faction": "CV", "lat": -3.709457, "long": -38.561378 }, "geometry": { "type": "Point", "coordinates": [ -38.561378, -3.709457 ] } },
{ "type": "Feature", "properties": { "micronodo": "invasão", "area_oficial": "PRAIA DO FUTURO II", "faction": "CV", "lat": -3.772564, "long": -38.441311 }, "geometry": { "type": "Point", "coordinates": [ -38.441311, -3.772564 ] } },
{ "type": "Feature", "properties": { "micronodo": "Brito - Itaiçaba", "area_oficial": "ITAIÇABA", "faction": "CV", "lat": -4.698088, "long": -37.830067 }, "geometry": { "type": "Point", "coordinates": [ -37.830067, -4.698088 ] } },
{ "type": "Feature", "properties": { "micronodo": "Vila Society ", "area_oficial": "BARROSO", "faction": "CV", "lat": -3.812262, "long": -38.514319 }, "geometry": { "type": "Point", "coordinates": [ -38.514319, -3.812262 ] } },
{ "type": "Feature", "properties": { "micronodo": "Quadrinhas ", "area_oficial": "BARRA DO CEARÁ", "faction": "CV", "lat": -3.698165, "long": -38.581019 }, "geometry": { "type": "Point", "coordinates": [ -38.581019, -3.698165 ] } },
{ "type": "Feature", "properties": { "micronodo": "Baixinhas", "area_oficial": "ITAREMA", "faction": "CV", "lat": -2.951901, "long": -39.916873 }, "geometry": { "type": "Point", "coordinates": [ -39.916873, -2.951901 ] } },
{ "type": "Feature", "properties": { "micronodo": "Precabura", "area_oficial": "PRECABURA", "faction": "CV", "lat": -3.827577, "long": -38.436929 }, "geometry": { "type": "Point", "coordinates": [ -38.436929, -3.827577 ] } },
{ "type": "Feature", "properties": { "micronodo": "Labirinto - Caça e Pesca ", "area_oficial": "PRAIA DO FUTURO II", "faction": "CV", "lat": -3.766935, "long": -38.4412 }, "geometry": { "type": "Point", "coordinates": [ -38.4412, -3.766935 ] } },
{ "type": "Feature", "properties": { "micronodo": "Boca do forno - Etaiçaba", "area_oficial": "ITAIÇABA", "faction": "CV", "lat": -4.670365, "long": -37.819444 }, "geometry": { "type": "Point", "coordinates": [ -37.819444, -4.670365 ] } },
{ "type": "Feature", "properties": { "micronodo": "Favela da Caverninha ", "area_oficial": "GRANJA PORTUGAL", "faction": "CV", "lat": -3.779296, "long": -38.596169 }, "geometry": { "type": "Point", "coordinates": [ -38.596169, -3.779296 ] } },
{ "type": "Feature", "properties": { "micronodo": "Cidade de Itaiçaba", "area_oficial": "ITAIÇABA", "faction": "CV", "lat": -4.673606, "long": -37.821794 }, "geometry": { "type": "Point", "coordinates": [ -37.821794, -4.673606 ] } },
{ "type": "Feature", "properties": { "micronodo": "Favela da Fossa", "area_oficial": "DIAS MACÊDO", "faction": "CV", "lat": -3.78973, "long": -38.527218 }, "geometry": { "type": "Point", "coordinates": [ -38.527218, -3.78973 ] } },
{ "type": "Feature", "properties": { "micronodo": "Vila Santa Rita", "area_oficial": "ITAREMA", "faction": "CV", "lat": -2.925671, "long": -39.903019 }, "geometry": { "type": "Point", "coordinates": [ -39.903019, -2.925671 ] } },
{ "type": "Feature", "properties": { "micronodo": "Gargoe", "area_oficial": "ITAREMA", "faction": "CV", "lat": -2.939595, "long": -39.909991 }, "geometry": { "type": "Point", "coordinates": [ -39.909991, -2.939595 ] } },
{ "type": "Feature", "properties": { "micronodo": "Tamandaré", "area_oficial": "JANGURUSSU", "faction": "CV", "lat": -3.837903, "long": -38.512714 }, "geometry": { "type": "Point", "coordinates": [ -38.512714, -3.837903 ] } },
{ "type": "Feature", "properties": { "micronodo": "Polígono 2250", "area_oficial": "ITAREMA", "faction": "CV", "lat": -2.939777, "long": -39.907703 }, "geometry": { "type": "Point", "coordinates": [ -39.907703, -2.939777 ] } },
{ "type": "Feature", "properties": { "micronodo": "Comunidade da Balsa", "area_oficial": "GRANJA PORTUGAL", "faction": "CV", "lat": -3.78501, "long": -38.594652 }, "geometry": { "type": "Point", "coordinates": [ -38.594652, -3.78501 ] } },
{ "type": "Feature", "properties": { "micronodo": "Favela Beira Rio", "area_oficial": "GRANJA PORTUGAL", "faction": "CV", "lat": -3.783619, "long": -38.594218 }, "geometry": { "type": "Point", "coordinates": [ -38.594218, -3.783619 ] } },
{ "type": "Feature", "properties": { "micronodo": "Lago Verde", "area_oficial": "URUCUTUBA", "faction": "CV", "lat": -3.75645, "long": -38.670132 }, "geometry": { "type": "Point", "coordinates": [ -38.670132, -3.75645 ] } },
{ "type": "Feature", "properties": { "micronodo": "AP do Guajiru", "area_oficial": "IPARANA", "faction": "CV", "lat": -3.700077, "long": -38.648375 }, "geometry": { "type": "Point", "coordinates": [ -38.648375, -3.700077 ] } },
{ "type": "Feature", "properties": { "micronodo": "Comunidade Do Coqueirin ", "area_oficial": "CURIÓ", "faction": "CV", "lat": -3.818455, "long": -38.474384 }, "geometry": { "type": "Point", "coordinates": [ -38.474384, -3.818455 ] } },
{ "type": "Feature", "properties": { "micronodo": "Cajueiro - Caça e Pesca ", "area_oficial": "PRAIA DO FUTURO II", "faction": "CV", "lat": -3.770725, "long": -38.443593 }, "geometry": { "type": "Point", "coordinates": [ -38.443593, -3.770725 ] } },
{ "type": "Feature", "properties": { "micronodo": "Morro do Galo", "area_oficial": "HORIZONTE", "faction": "CV", "lat": -4.096625, "long": -38.493877 }, "geometry": { "type": "Point", "coordinates": [ -38.493877, -4.096625 ] } },
{ "type": "Feature", "properties": { "micronodo": "PEDREGAL", "area_oficial": "FORTIM", "faction": "CV", "lat": -4.577816, "long": -37.793113 }, "geometry": { "type": "Point", "coordinates": [ -37.793113, -4.577816 ] } },
{ "type": "Feature", "properties": { "micronodo": "BARBALHO", "area_oficial": "PINDORETAMA", "faction": "CV", "lat": -4.110445, "long": -38.291478 }, "geometry": { "type": "Point", "coordinates": [ -38.291478, -4.110445 ] } },
{ "type": "Feature", "properties": { "micronodo": "Pedrinhas", "area_oficial": "IBIAPINA", "faction": "CV", "lat": -3.922217, "long": -40.885216 }, "geometry": { "type": "Point", "coordinates": [ -40.885216, -3.922217 ] } },
{ "type": "Feature", "properties": { "micronodo": "Água da bomba", "area_oficial": "GRANJA PORTUGAL", "faction": "CV", "lat": -3.788357, "long": -38.598631 }, "geometry": { "type": "Point", "coordinates": [ -38.598631, -3.788357 ] } },
{ "type": "Feature", "properties": { "micronodo": "Maratoan", "area_oficial": "CRATEÚS", "faction": "CV", "lat": -5.191289, "long": -40.664979 }, "geometry": { "type": "Point", "coordinates": [ -40.664979, -5.191289 ] } },
{ "type": "Feature", "properties": { "micronodo": "Novo Pabussu", "area_oficial": "PARQUE SOLEDADE", "faction": "CV", "lat": -3.726336, "long": -38.66567 }, "geometry": { "type": "Point", "coordinates": [ -38.66567, -3.726336 ] } },
{ "type": "Feature", "properties": { "micronodo": "Águas Belas", "area_oficial": "IPAPORANGA", "faction": "CV", "lat": -4.896865, "long": -40.759703 }, "geometry": { "type": "Point", "coordinates": [ -40.759703, -4.896865 ] } },
{ "type": "Feature", "properties": { "micronodo": "COQUEIROS", "area_oficial": "PINDORETAMA", "faction": "CV", "lat": -4.113792, "long": -38.322716 }, "geometry": { "type": "Point", "coordinates": [ -38.322716, -4.113792 ] } },
{ "type": "Feature", "properties": { "micronodo": "Comunidade do Quintal", "area_oficial": "GRANJA PORTUGAL", "faction": "CV", "lat": -3.785662, "long": -38.597785 }, "geometry": { "type": "Point", "coordinates": [ -38.597785, -3.785662 ] } },
{ "type": "Feature", "properties": { "micronodo": "São João ", "area_oficial": "IBIAPINA", "faction": "CV", "lat": -3.929178, "long": -40.889949 }, "geometry": { "type": "Point", "coordinates": [ -40.889949, -3.929178 ] } },
{ "type": "Feature", "properties": { "micronodo": "Raimundo Linhares", "area_oficial": "IBIAPINA", "faction": "CV", "lat": -3.921787, "long": -40.89858 }, "geometry": { "type": "Point", "coordinates": [ -40.89858, -3.921787 ] } },
{ "type": "Feature", "properties": { "micronodo": "Beco da Morte", "area_oficial": "BONSUCESSO", "faction": "CV", "lat": -3.785975, "long": -38.592497 }, "geometry": { "type": "Point", "coordinates": [ -38.592497, -3.785975 ] } },
{ "type": "Feature", "properties": { "micronodo": "GUAJIRU", "area_oficial": "IPARANA", "faction": "CV", "lat": -3.69607, "long": -38.640385 }, "geometry": { "type": "Point", "coordinates": [ -38.640385, -3.69607 ] } },
{ "type": "Feature", "properties": { "micronodo": "Favela do Facão ", "area_oficial": "JOSÉ DE ALENCAR", "faction": "CV", "lat": -3.814234, "long": -38.479668 }, "geometry": { "type": "Point", "coordinates": [ -38.479668, -3.814234 ] } },
{ "type": "Feature", "properties": { "micronodo": "Muriçoca - Quintino Cunha", "area_oficial": "QUINTINO CUNHA", "faction": "CV", "lat": -3.734078, "long": -38.600651 }, "geometry": { "type": "Point", "coordinates": [ -38.600651, -3.734078 ] } },
{ "type": "Feature", "properties": { "micronodo": "Alvorada (Maracanaú)", "area_oficial": "MARACANAÚ", "faction": "CV", "lat": -3.883317, "long": -38.597188 }, "geometry": { "type": "Point", "coordinates": [ -38.597188, -3.883317 ] } },
{ "type": "Feature", "properties": { "micronodo": "Beco Do Caranguejo ", "area_oficial": "PRAIA DO FUTURO II", "faction": "CV", "lat": -3.767562, "long": -38.440207 }, "geometry": { "type": "Point", "coordinates": [ -38.440207, -3.767562 ] } },
{ "type": "Feature", "properties": { "micronodo": "Comunidade da Luminosa", "area_oficial": "GRANJA PORTUGAL", "faction": "CV", "lat": -3.7861, "long": -38.596182 }, "geometry": { "type": "Point", "coordinates": [ -38.596182, -3.7861 ] } },
{ "type": "Feature", "properties": { "micronodo": "Jamaica - Caça e Pesca ", "area_oficial": "PRAIA DO FUTURO II", "faction": "CV", "lat": -3.770725, "long": -38.443593 }, "geometry": { "type": "Point", "coordinates": [ -38.443593, -3.770725 ] } },
{ "type": "Feature", "properties": { "micronodo": "Mangue - Caça e Pesca ", "area_oficial": "PRAIA DO FUTURO II", "faction": "CV", "lat": -3.772501, "long": -38.441302 }, "geometry": { "type": "Point", "coordinates": [ -38.441302, -3.772501 ] } },
{ "type": "Feature", "properties": { "micronodo": "Poço Doce", "area_oficial": "PARAIPABA", "faction": "CV", "lat": -3.441281, "long": -39.104736 }, "geometry": { "type": "Point", "coordinates": [ -39.104736, -3.441281 ] } },
{ "type": "Feature", "properties": { "micronodo": "José Avelino Portela", "area_oficial": "IBIAPINA", "faction": "CV", "lat": -3.922367, "long": -40.893689 }, "geometry": { "type": "Point", "coordinates": [ -40.893689, -3.922367 ] } },
{ "type": "Feature", "properties": { "micronodo": "Colônia - (Em Disputa)", "area_oficial": "MARACANAÚ", "faction": "CV", "lat": -3.880433, "long": -38.633722 }, "geometry": { "type": "Point", "coordinates": [ -38.633722, -3.880433 ] } },
{ "type": "Feature", "properties": { "micronodo": "Favela do Terminal do Siqueira / Favela da Paloma", "area_oficial": "PARQUE SĂO JOSÉ", "faction": "CV", "lat": -3.790516, "long": -38.587896 }, "geometry": { "type": "Point", "coordinates": [ -38.587896, -3.790516 ] } },
{ "type": "Feature", "properties": { "micronodo": "Grilo", "area_oficial": "PARQUE SOLEDADE", "faction": "CV", "lat": -3.722019, "long": -38.667698 }, "geometry": { "type": "Point", "coordinates": [ -38.667698, -3.722019 ] } },
{ "type": "Feature", "properties": { "micronodo": "COLONIA", "area_oficial": "CRISTO REDENTOR", "faction": "CV", "lat": -3.706892, "long": -38.566982 }, "geometry": { "type": "Point", "coordinates": [ -38.566982, -3.706892 ] } },
{ "type": "Feature", "properties": { "micronodo": "Rua dos Passos - Aracati", "area_oficial": "FORTIM", "faction": "CV", "lat": -4.556658, "long": -37.766358 }, "geometry": { "type": "Point", "coordinates": [ -37.766358, -4.556658 ] } },
{ "type": "Feature", "properties": { "micronodo": "SERTÃO DE BOA VIAGEM", "area_oficial": "BOA VIAGEM", "faction": "CV", "lat": -5.139068, "long": -39.829629 }, "geometry": { "type": "Point", "coordinates": [ -39.829629, -5.139068 ] } },
{ "type": "Feature", "properties": { "micronodo": "cuzcuz - Paupina", "area_oficial": "SÃO BENTO", "faction": "CV", "lat": -3.853613, "long": -38.482993 }, "geometry": { "type": "Point", "coordinates": [ -38.482993, -3.853613 ] } },
{ "type": "Feature", "properties": { "micronodo": "Alfa Vile", "area_oficial": "OLAVO OLIVEIRA", "faction": "CV", "lat": -3.727211, "long": -38.593759 }, "geometry": { "type": "Point", "coordinates": [ -38.593759, -3.727211 ] } },
{ "type": "Feature", "properties": { "micronodo": "Tabuleiro do Cabreiro", "area_oficial": "ITAIÇABA", "faction": "CV", "lat": -4.630695, "long": -37.835845 }, "geometry": { "type": "Point", "coordinates": [ -37.835845, -4.630695 ] } },
{ "type": "Feature", "properties": { "micronodo": "Rua da Lama", "area_oficial": "PLANALTO AYRTON SENNA", "faction": "CV", "lat": -3.837481, "long": -38.567914 }, "geometry": { "type": "Point", "coordinates": [ -38.567914, -3.837481 ] } },
{ "type": "Feature", "properties": { "micronodo": "Icapuí", "area_oficial": "ICAPUÍ", "faction": "CV", "lat": -4.722277, "long": -37.361186 }, "geometry": { "type": "Point", "coordinates": [ -37.361186, -4.722277 ] } },
{ "type": "Feature", "properties": { "micronodo": "Rua Canudos", "area_oficial": "PLANALTO AYRTON SENNA", "faction": "CV", "lat": -3.836813, "long": -38.568937 }, "geometry": { "type": "Point", "coordinates": [ -38.568937, -3.836813 ] } },
{ "type": "Feature", "properties": { "micronodo": "Rua Gaspar Dutra", "area_oficial": "PLANALTO AYRTON SENNA", "faction": "CV", "lat": -3.835543, "long": -38.569253 }, "geometry": { "type": "Point", "coordinates": [ -38.569253, -3.835543 ] } },
{ "type": "Feature", "properties": { "micronodo": "São José ", "area_oficial": "IPAPORANGA", "faction": "CV", "lat": -4.902671, "long": -40.766073 }, "geometry": { "type": "Point", "coordinates": [ -40.766073, -4.902671 ] } },
{ "type": "Feature", "properties": { "micronodo": "Favela do Quadrado", "area_oficial": "PLANALTO AYRTON SENNA", "faction": "CV", "lat": -3.835308, "long": -38.56965 }, "geometry": { "type": "Point", "coordinates": [ -38.56965, -3.835308 ] } },
{ "type": "Feature", "properties": { "micronodo": "Outeiro - Aracati", "area_oficial": "ITAIÇABA", "faction": "CV", "lat": -4.641514, "long": -37.784962 }, "geometry": { "type": "Point", "coordinates": [ -37.784962, -4.641514 ] } },
{ "type": "Feature", "properties": { "micronodo": "Campo do Velho", "area_oficial": "CRATEÚS", "faction": "CV", "lat": -5.192047, "long": -40.671264 }, "geometry": { "type": "Point", "coordinates": [ -40.671264, -5.192047 ] } },
{ "type": "Feature", "properties": { "micronodo": "Jaime Laurindo", "area_oficial": "BARROQUINHA", "faction": "CV", "lat": -3.02136, "long": -41.133942 }, "geometry": { "type": "Point", "coordinates": [ -41.133942, -3.02136 ] } },
{ "type": "Feature", "properties": { "micronodo": "Comunidade Beirada do Rio", "area_oficial": "FORTIM", "faction": "CV", "lat": -4.553633, "long": -37.775305 }, "geometry": { "type": "Point", "coordinates": [ -37.775305, -4.553633 ] } },
{ "type": "Feature", "properties": { "micronodo": "Ipase", "area_oficial": "CRATEÚS", "faction": "CV", "lat": -5.185375, "long": -40.662133 }, "geometry": { "type": "Point", "coordinates": [ -40.662133, -5.185375 ] } },
{ "type": "Feature", "properties": { "micronodo": "Lagoinha ", "area_oficial": "PARAIPABA", "faction": "CV", "lat": -3.3516516, "long": -39.1330288 }, "geometry": { "type": "Point", "coordinates": [ -39.1330288, -3.3516516 ] } },
{ "type": "Feature", "properties": { "micronodo": "Comunidade da Planaltina ", "area_oficial": "CRATEÚS", "faction": "CV", "lat": -5.18397, "long": -40.681866 }, "geometry": { "type": "Point", "coordinates": [ -40.681866, -5.18397 ] } },
{ "type": "Feature", "properties": { "micronodo": "Comunidade da Maloca", "area_oficial": "ARACATI", "faction": "CV", "lat": -4.574287, "long": -37.769968 }, "geometry": { "type": "Point", "coordinates": [ -37.769968, -4.574287 ] } },
{ "type": "Feature", "properties": { "micronodo": "Catuana", "area_oficial": "CAUCAIA", "faction": "CV", "lat": -3.682817, "long": -38.911258 }, "geometry": { "type": "Point", "coordinates": [ -38.911258, -3.682817 ] } },
{ "type": "Feature", "properties": { "micronodo": "Fatima ll", "area_oficial": "CRATEÚS", "faction": "CV", "lat": -5.185733, "long": -40.67321 }, "geometry": { "type": "Point", "coordinates": [ -40.67321, -5.185733 ] } },
{ "type": "Feature", "properties": { "micronodo": "Favela do Polo", "area_oficial": "BARROQUINHA", "faction": "CV", "lat": -3.030534, "long": -41.130541 }, "geometry": { "type": "Point", "coordinates": [ -41.130541, -3.030534 ] } },
{ "type": "Feature", "properties": { "micronodo": "Jardim - Aracati", "area_oficial": "FORTIM", "faction": "CV", "lat": -4.526475, "long": -37.801892 }, "geometry": { "type": "Point", "coordinates": [ -37.801892, -4.526475 ] } },
{ "type": "Feature", "properties": { "micronodo": "Fatima l", "area_oficial": "CRATEÚS", "faction": "CV", "lat": -5.179604, "long": -40.672416 }, "geometry": { "type": "Point", "coordinates": [ -40.672416, -5.179604 ] } },
{ "type": "Feature", "properties": { "micronodo": "Mutirão ", "area_oficial": "HORIZONTE", "faction": "CV", "lat": -4.092826, "long": -38.491078 }, "geometry": { "type": "Point", "coordinates": [ -38.491078, -4.092826 ] } },
{ "type": "Feature", "properties": { "micronodo": "Bairro do Cemitério ", "area_oficial": "IPAPORANGA", "faction": "CV", "lat": -4.900933, "long": -40.766737 }, "geometry": { "type": "Point", "coordinates": [ -40.766737, -4.900933 ] } },
{ "type": "Feature", "properties": { "micronodo": "Favela do Magalhães - Jaçanaú", "area_oficial": "MARACANAÚ", "faction": "CV", "lat": -3.844936, "long": -38.645805 }, "geometry": { "type": "Point", "coordinates": [ -38.645805, -3.844936 ] } },
{ "type": "Feature", "properties": { "micronodo": "Altiplano", "area_oficial": "IGUATU", "faction": "CV", "lat": -6.376807, "long": -39.319344 }, "geometry": { "type": "Point", "coordinates": [ -39.319344, -6.376807 ] } },
{ "type": "Feature", "properties": { "micronodo": "Campo da Espinha", "area_oficial": "FORTIM", "faction": "CV", "lat": -4.555981, "long": -37.773081 }, "geometry": { "type": "Point", "coordinates": [ -37.773081, -4.555981 ] } },
{ "type": "Feature", "properties": { "micronodo": "Comunidade Do Rato", "area_oficial": "PALMÁCIA", "faction": "CV", "lat": -4.054749, "long": -38.907316 }, "geometry": { "type": "Point", "coordinates": [ -38.907316, -4.054749 ] } },
{ "type": "Feature", "properties": { "micronodo": "Morro Alto", "area_oficial": "ICAPUÍ", "faction": "CV", "lat": -4.698754, "long": -37.366366 }, "geometry": { "type": "Point", "coordinates": [ -37.366366, -4.698754 ] } },
{ "type": "Feature", "properties": { "micronodo": "Residencial ll", "area_oficial": "MARACANAÚ", "faction": "CV", "lat": -3.856983, "long": -38.638841 }, "geometry": { "type": "Point", "coordinates": [ -38.638841, -3.856983 ] } },
{ "type": "Feature", "properties": { "micronodo": "COCOBÓ", "area_oficial": "IGUATU", "faction": "CV", "lat": -6.373558, "long": -39.306183 }, "geometry": { "type": "Point", "coordinates": [ -39.306183, -6.373558 ] } },
{ "type": "Feature", "properties": { "micronodo": "Alto do Bom Princípio ", "area_oficial": "IPAPORANGA", "faction": "CV", "lat": -4.904567, "long": -40.759313 }, "geometry": { "type": "Point", "coordinates": [ -40.759313, -4.904567 ] } },
{ "type": "Feature", "properties": { "micronodo": "Mucunã - Maracanaú", "area_oficial": "MARACANAÚ", "faction": "CV", "lat": -3.843743, "long": -38.656246 }, "geometry": { "type": "Point", "coordinates": [ -38.656246, -3.843743 ] } },
{ "type": "Feature", "properties": { "micronodo": "Distrito de Cabreiro", "area_oficial": "ITAIÇABA", "faction": "CV", "lat": -4.614091, "long": -37.834991 }, "geometry": { "type": "Point", "coordinates": [ -37.834991, -4.614091 ] } },
{ "type": "Feature", "properties": { "micronodo": "Santa Terezinha - Aracati", "area_oficial": "ITAIÇABA", "faction": "CV", "lat": -4.611594, "long": -37.878162 }, "geometry": { "type": "Point", "coordinates": [ -37.878162, -4.611594 ] } },
{ "type": "Feature", "properties": { "micronodo": "Bairro do Planalto ", "area_oficial": "CRATEÚS", "faction": "CV", "lat": -5.182712, "long": -40.678992 }, "geometry": { "type": "Point", "coordinates": [ -40.678992, -5.182712 ] } },
{ "type": "Feature", "properties": { "micronodo": "Residencial/Jabuti - Maracanaú", "area_oficial": "MARACANAÚ", "faction": "CV", "lat": -3.860557, "long": -38.63619 }, "geometry": { "type": "Point", "coordinates": [ -38.63619, -3.860557 ] } },
{ "type": "Feature", "properties": { "micronodo": "Lagoa do Mato - Aracati", "area_oficial": "ARACATI", "faction": "CV", "lat": -4.589818, "long": -37.63706 }, "geometry": { "type": "Point", "coordinates": [ -37.63706, -4.589818 ] } },
{ "type": "Feature", "properties": { "micronodo": "Bairro da Mutamba", "area_oficial": "ICAPUÍ", "faction": "CV", "lat": -4.686003, "long": -37.394417 }, "geometry": { "type": "Point", "coordinates": [ -37.394417, -4.686003 ] } },
{ "type": "Feature", "properties": { "micronodo": "Tabua Lascada - Aracati", "area_oficial": "ITAIÇABA", "faction": "CV", "lat": -4.641852, "long": -37.793716 }, "geometry": { "type": "Point", "coordinates": [ -37.793716, -4.641852 ] } },
{ "type": "Feature", "properties": { "micronodo": "Córrego dos Fernandes - Aracati", "area_oficial": "FORTIM", "faction": "CV", "lat": -4.580124, "long": -37.867357 }, "geometry": { "type": "Point", "coordinates": [ -37.867357, -4.580124 ] } },
{ "type": "Feature", "properties": { "micronodo": "Tucum", "area_oficial": "HORIZONTE", "faction": "CV", "lat": -4.148549, "long": -38.465523 }, "geometry": { "type": "Point", "coordinates": [ -38.465523, -4.148549 ] } },
{ "type": "Feature", "properties": { "micronodo": "Vila Buiu", "area_oficial": "ARACATI", "faction": "CV", "lat": -4.563635, "long": -37.761767 }, "geometry": { "type": "Point", "coordinates": [ -37.761767, -4.563635 ] } },
{ "type": "Feature", "properties": { "micronodo": "Rua do Bueiro", "area_oficial": "MERUOCA", "faction": "CV", "lat": -3.691763, "long": -40.359582 }, "geometry": { "type": "Point", "coordinates": [ -40.359582, -3.691763 ] } },
{ "type": "Feature", "properties": { "micronodo": "Vertentes", "area_oficial": "HORIZONTE", "faction": "CV", "lat": -4.087389, "long": -38.479257 }, "geometry": { "type": "Point", "coordinates": [ -38.479257, -4.087389 ] } },
{ "type": "Feature", "properties": { "micronodo": "TABULEIRO DA VAQUEJADA -RUSSAS ", "area_oficial": "QUIXERE", "faction": "CV", "lat": -4.923453, "long": -37.986653 }, "geometry": { "type": "Point", "coordinates": [ -37.986653, -4.923453 ] } },
{ "type": "Feature", "properties": { "micronodo": "Croatá 2", "area_oficial": "PACAJUS", "faction": "CV", "lat": -4.171311, "long": -38.460896 }, "geometry": { "type": "Point", "coordinates": [ -38.460896, -4.171311 ] } },
{ "type": "Feature", "properties": { "micronodo": "Jenipapeiro", "area_oficial": "MARACANAÚ", "faction": "CV", "lat": -3.856844, "long": -38.617062 }, "geometry": { "type": "Point", "coordinates": [ -38.617062, -3.856844 ] } },
{ "type": "Feature", "properties": { "micronodo": "Cajuais", "area_oficial": "ICAPUÍ", "faction": "CV", "lat": -4.696944, "long": -37.380794 }, "geometry": { "type": "Point", "coordinates": [ -37.380794, -4.696944 ] } },
{ "type": "Feature", "properties": { "micronodo": "CJ. NOSSA SENHORA DO ROSÁRIO, CDD - RUSSAS - CV", "area_oficial": "QUIXERE", "faction": "CV", "lat": -4.91852, "long": -37.981227 }, "geometry": { "type": "Point", "coordinates": [ -37.981227, -4.91852 ] } },
{ "type": "Feature", "properties": { "micronodo": "Residencial Turmalina", "area_oficial": "VILA VELHA", "faction": "CV", "lat": -3.717844, "long": -38.604636 }, "geometry": { "type": "Point", "coordinates": [ -38.604636, -3.717844 ] } },
{ "type": "Feature", "properties": { "micronodo": "Planalto Pici", "area_oficial": "DOM LUSTOSA", "faction": "CV", "lat": -3.749412, "long": -38.583401 }, "geometry": { "type": "Point", "coordinates": [ -38.583401, -3.749412 ] } },
{ "type": "Feature", "properties": { "micronodo": "PITOMBEIRA - RUSSAS ", "area_oficial": "QUIXERE", "faction": "CV", "lat": -4.95556, "long": -37.993857 }, "geometry": { "type": "Point", "coordinates": [ -37.993857, -4.95556 ] } },
{ "type": "Feature", "properties": { "micronodo": "Praia da Barrinha", "area_oficial": "ICAPUÍ", "faction": "CV", "lat": -4.680429, "long": -37.379705 }, "geometry": { "type": "Point", "coordinates": [ -37.379705, -4.680429 ] } },
{ "type": "Feature", "properties": { "micronodo": "LAGOA DO PREÁ", "area_oficial": "FORTIM", "faction": "CV", "lat": -4.53802, "long": -37.904707 }, "geometry": { "type": "Point", "coordinates": [ -37.904707, -4.53802 ] } },
{ "type": "Feature", "properties": { "micronodo": "Recanto", "area_oficial": "GRAÇA", "faction": "CV", "lat": -4.035597, "long": -40.860031 }, "geometry": { "type": "Point", "coordinates": [ -40.860031, -4.035597 ] } },
{ "type": "Feature", "properties": { "micronodo": "Comunidade Entrada da Lua", "area_oficial": "DOM LUSTOSA", "faction": "CV", "lat": -3.750854, "long": -38.583736 }, "geometry": { "type": "Point", "coordinates": [ -38.583736, -3.750854 ] } },
{ "type": "Feature", "properties": { "micronodo": "IPUEIRA DOS GOMES", "area_oficial": "CARIDADE", "faction": "CV", "lat": -4.303864, "long": -39.200538 }, "geometry": { "type": "Point", "coordinates": [ -39.200538, -4.303864 ] } },
{ "type": "Feature", "properties": { "micronodo": "Comunidade do Açaí - Antonio Bezerra", "area_oficial": "PADRE ANDRADE", "faction": "CV", "lat": -3.740747, "long": -38.58349 }, "geometry": { "type": "Point", "coordinates": [ -38.58349, -3.740747 ] } },
{ "type": "Feature", "properties": { "micronodo": "Favelinha", "area_oficial": "ANTÔNIO BEZERRA", "faction": "CV", "lat": -3.740633, "long": -38.585053 }, "geometry": { "type": "Point", "coordinates": [ -38.585053, -3.740633 ] } },
{ "type": "Feature", "properties": { "micronodo": "Buraco da Gia - Antonio Bezerra", "area_oficial": "PADRE ANDRADE", "faction": "CV", "lat": -3.738747, "long": -38.581979 }, "geometry": { "type": "Point", "coordinates": [ -38.581979, -3.738747 ] } },
{ "type": "Feature", "properties": { "micronodo": "Comunidade da Portelinha- Planalto Pici", "area_oficial": "DOM LUSTOSA", "faction": "CV", "lat": -3.752315, "long": -38.581788 }, "geometry": { "type": "Point", "coordinates": [ -38.581788, -3.752315 ] } },
{ "type": "Feature", "properties": { "micronodo": "A.P- Planalto Pici", "area_oficial": "PICI", "faction": "CV", "lat": -3.752167, "long": -38.58064 }, "geometry": { "type": "Point", "coordinates": [ -38.58064, -3.752167 ] } },
{ "type": "Feature", "properties": { "micronodo": "Comunidade Da Julia", "area_oficial": "DOM LUSTOSA", "faction": "CV", "lat": -3.748911, "long": -38.583626 }, "geometry": { "type": "Point", "coordinates": [ -38.583626, -3.748911 ] } },
{ "type": "Feature", "properties": { "micronodo": "TABULEIRO DO CATAVENTO - RUSSAS - CV", "area_oficial": "QUIXERE", "faction": "CV", "lat": -4.921483, "long": -37.98062 }, "geometry": { "type": "Point", "coordinates": [ -37.98062, -4.921483 ] } },
{ "type": "Feature", "properties": { "micronodo": "MULTIRÃO VELHO - RUSSAS", "area_oficial": "QUIXERE", "faction": "CV", "lat": -4.919816, "long": -37.984711 }, "geometry": { "type": "Point", "coordinates": [ -37.984711, -4.919816 ] } },
{ "type": "Feature", "properties": { "micronodo": "Maré ", "area_oficial": "DOM LUSTOSA", "faction": "CV", "lat": -3.747764, "long": -38.584647 }, "geometry": { "type": "Point", "coordinates": [ -38.584647, -3.747764 ] } },
{ "type": "Feature", "properties": { "micronodo": "Comunidade do Sossego - Quintino Cunha", "area_oficial": "QUINTINO CUNHA", "faction": "CV", "lat": -3.735409, "long": -38.598446 }, "geometry": { "type": "Point", "coordinates": [ -38.598446, -3.735409 ] } },
{ "type": "Feature", "properties": { "micronodo": "QUIXERÉ - ÁGUA FRIA - CV", "area_oficial": "QUIXERE", "faction": "CV", "lat": -5.0310618, "long": -38.0079324 }, "geometry": { "type": "Point", "coordinates": [ -38.0079324, -5.0310618 ] } },
{ "type": "Feature", "properties": { "micronodo": "ILHA - LIMOEIRO DO NORTE - CV", "area_oficial": "LIMOEIRO DO NORTE", "faction": "CV", "lat": -5.138163, "long": -38.104002 }, "geometry": { "type": "Point", "coordinates": [ -38.104002, -5.138163 ] } },
{ "type": "Feature", "properties": { "micronodo": "Alto da Paz", "area_oficial": "GRANJA LISBOA", "faction": "CV", "lat": -3.791711, "long": -38.618827 }, "geometry": { "type": "Point", "coordinates": [ -38.618827, -3.791711 ] } },
{ "type": "Feature", "properties": { "micronodo": "Vila Por do Sol", "area_oficial": "PARAIPABA", "faction": "CV", "lat": -3.347606, "long": -39.145056 }, "geometry": { "type": "Point", "coordinates": [ -39.145056, -3.347606 ] } },
{ "type": "Feature", "properties": { "micronodo": "OLHO-DA-AGUA DA BICA ", "area_oficial": "TABULEIRO DO NORTE", "faction": "CV", "lat": -5.383507, "long": -38.019736 }, "geometry": { "type": "Point", "coordinates": [ -38.019736, -5.383507 ] } },
{ "type": "Feature", "properties": { "micronodo": "CABEÇA PRETA - LIMOEIRO DO NORTE - CV", "area_oficial": "LIMOEIRO DO NORTE", "faction": "CV", "lat": -5.152559, "long": -38.028723 }, "geometry": { "type": "Point", "coordinates": [ -38.028723, -5.152559 ] } },
{ "type": "Feature", "properties": { "micronodo": "TABULEIRO DO NORTE - SEDE - CV", "area_oficial": "LIMOEIRO DO NORTE", "faction": "CV", "lat": -5.235854, "long": -38.142257 }, "geometry": { "type": "Point", "coordinates": [ -38.142257, -5.235854 ] } },
{ "type": "Feature", "properties": { "micronodo": "Comunidade Zé do Caldo", "area_oficial": "BOM JARDIM", "faction": "CV", "lat": -3.794674, "long": -38.600584 }, "geometry": { "type": "Point", "coordinates": [ -38.600584, -3.794674 ] } },
{ "type": "Feature", "properties": { "micronodo": "CENTRO - RUSSAS ", "area_oficial": "QUIXERE", "faction": "CV", "lat": -4.93332, "long": -37.972299 }, "geometry": { "type": "Point", "coordinates": [ -37.972299, -4.93332 ] } },
{ "type": "Feature", "properties": { "micronodo": "LUIS ALVES DE FREITAS - LIMOEIRO DO NORTE - CV", "area_oficial": "LIMOEIRO DO NORTE", "faction": "CV", "lat": -5.137443, "long": -38.098219 }, "geometry": { "type": "Point", "coordinates": [ -38.098219, -5.137443 ] } },
{ "type": "Feature", "properties": { "micronodo": "GIQUI - JAGUARUANA -CV", "area_oficial": "ITAIÇABA", "faction": "CV", "lat": -4.768037, "long": -37.776914 }, "geometry": { "type": "Point", "coordinates": [ -37.776914, -4.768037 ] } },
{ "type": "Feature", "properties": { "micronodo": "CAPIM DE ROÇA", "area_oficial": "PINDORETAMA", "faction": "CV", "lat": -4.099779, "long": -38.301051 }, "geometry": { "type": "Point", "coordinates": [ -38.301051, -4.099779 ] } },
{ "type": "Feature", "properties": { "micronodo": "Verdes Mares", "area_oficial": "PAPICU", "faction": "CV", "lat": -3.735989, "long": -38.477879 }, "geometry": { "type": "Point", "coordinates": [ -38.477879, -3.735989 ] } },
{ "type": "Feature", "properties": { "micronodo": "BOM SUCESSO - RUSSAS -  CV", "area_oficial": "QUIXERE", "faction": "CV", "lat": -4.929787, "long": -37.94913 }, "geometry": { "type": "Point", "coordinates": [ -37.94913, -4.929787 ] } },
{ "type": "Feature", "properties": { "micronodo": "Polígono 84", "area_oficial": "RUSSAS", "faction": "CV", "lat": -4.917581, "long": -37.988243 }, "geometry": { "type": "Point", "coordinates": [ -37.988243, -4.917581 ] } },
{ "type": "Feature", "properties": { "micronodo": "SANTA LUZIA - JAGUARUANA - CV", "area_oficial": "ITAIÇABA", "faction": "CV", "lat": -4.841349, "long": -37.888641 }, "geometry": { "type": "Point", "coordinates": [ -37.888641, -4.841349 ] } },
{ "type": "Feature", "properties": { "micronodo": "VOLTA - JAGUARUANA - CV", "area_oficial": "ITAIÇABA", "faction": "CV", "lat": -4.775516, "long": -37.799483 }, "geometry": { "type": "Point", "coordinates": [ -37.799483, -4.775516 ] } },
{ "type": "Feature", "properties": { "micronodo": "SÃO JOSÉ - JAGUARUANA - CV", "area_oficial": "JAGUARUANA", "faction": "CV", "lat": -4.78607, "long": -37.744143 }, "geometry": { "type": "Point", "coordinates": [ -37.744143, -4.78607 ] } },
{ "type": "Feature", "properties": { "micronodo": "Capim De Roça ", "area_oficial": "PINDORETAMA", "faction": "CV", "lat": -4.099779, "long": -38.301051 }, "geometry": { "type": "Point", "coordinates": [ -38.301051, -4.099779 ] } },
{ "type": "Feature", "properties": { "micronodo": "CORREGO DE AREIA - LIMOEIRO DO NORTE", "area_oficial": "LIMOEIRO DO NORTE", "faction": "CV", "lat": -5.206389, "long": -38.127457 }, "geometry": { "type": "Point", "coordinates": [ -38.127457, -5.206389 ] } },
{ "type": "Feature", "properties": { "micronodo": "SANTA LUZIA - LIMOEIRO DO NORTE", "area_oficial": "LIMOEIRO DO NORTE", "faction": "CV", "lat": -5.142206, "long": -38.0969915 }, "geometry": { "type": "Point", "coordinates": [ -38.0969915, -5.142206 ] } },
{ "type": "Feature", "properties": { "micronodo": "Comunidade dos Plásticos - Quintino Cunha", "area_oficial": "QUINTINO CUNHA", "faction": "CV", "lat": -3.734555, "long": -38.598808 }, "geometry": { "type": "Point", "coordinates": [ -38.598808, -3.734555 ] } },
{ "type": "Feature", "properties": { "micronodo": "COMUNIDADE DEUS É FIEL", "area_oficial": "CAJAZEIRAS", "faction": "CV", "lat": -3.8008024, "long": -38.5127386 }, "geometry": { "type": "Point", "coordinates": [ -38.5127386, -3.8008024 ] } },
{ "type": "Feature", "properties": { "micronodo": "Favelinha- Granja Lisboa", "area_oficial": "GRANJA LISBOA", "faction": "CV", "lat": -3.791529, "long": -38.62195 }, "geometry": { "type": "Point", "coordinates": [ -38.62195, -3.791529 ] } },
{ "type": "Feature", "properties": { "micronodo": "Polígono 1245", "area_oficial": "PARACURU", "faction": "CV", "lat": -3.4329116, "long": -39.0259191 }, "geometry": { "type": "Point", "coordinates": [ -39.0259191, -3.4329116 ] } },
{ "type": "Feature", "properties": { "micronodo": "Comunidade do Mutirão", "area_oficial": "SIQUEIRA", "faction": "CV", "lat": -3.801196, "long": -38.629544 }, "geometry": { "type": "Point", "coordinates": [ -38.629544, -3.801196 ] } },
{ "type": "Feature", "properties": { "micronodo": "Guabiraba", "area_oficial": "MARACANAÚ", "faction": "CV", "lat": -3.892481, "long": -38.687864 }, "geometry": { "type": "Point", "coordinates": [ -38.687864, -3.892481 ] } },
{ "type": "Feature", "properties": { "micronodo": "Comunidade dos Canos - (Complexo do Vincent Pinzon)", "area_oficial": "MUCURIPE", "faction": "CV", "lat": -3.727256, "long": -38.479578 }, "geometry": { "type": "Point", "coordinates": [ -38.479578, -3.727256 ] } },
{ "type": "Feature", "properties": { "micronodo": "Morro do Pilão (Complexo do Vicente Pinzon)", "area_oficial": "MUCURIPE", "faction": "CV", "lat": -3.728122, "long": -38.477975 }, "geometry": { "type": "Point", "coordinates": [ -38.477975, -3.728122 ] } },
{ "type": "Feature", "properties": { "micronodo": "Terra e Mar (Complexo do Vicente Pinzon)", "area_oficial": "VICENTE PINZÓN", "faction": "CV", "lat": -3.726106, "long": -38.476593 }, "geometry": { "type": "Point", "coordinates": [ -38.476593, -3.726106 ] } },
{ "type": "Feature", "properties": { "micronodo": "Comunidade do Mirante - Castelo Encantado ", "area_oficial": "MUCURIPE", "faction": "CV", "lat": -3.724187, "long": -38.477028 }, "geometry": { "type": "Point", "coordinates": [ -38.477028, -3.724187 ] } },
{ "type": "Feature", "properties": { "micronodo": "Mirante (Complexo do Vicente Pinzon)", "area_oficial": "VICENTE PINZÓN", "faction": "CV", "lat": -3.72425, "long": -38.476192 }, "geometry": { "type": "Point", "coordinates": [ -38.476192, -3.72425 ] } },
{ "type": "Feature", "properties": { "micronodo": "Morro Do Farol - Complexo Do Vicente Pizon", "area_oficial": "VICENTE PINZÓN", "faction": "CV", "lat": -3.724605, "long": -38.47261 }, "geometry": { "type": "Point", "coordinates": [ -38.47261, -3.724605 ] } },
{ "type": "Feature", "properties": { "micronodo": "Buraco (Complexo do Vicente Pinzon)", "area_oficial": "MUCURIPE", "faction": "CV", "lat": -3.724578, "long": -38.476976 }, "geometry": { "type": "Point", "coordinates": [ -38.476976, -3.724578 ] } },
{ "type": "Feature", "properties": { "micronodo": "Castelo Encantado (Complexo do Vicente Pinzon)", "area_oficial": "MUCURIPE", "faction": "CV", "lat": -3.723134, "long": -38.478447 }, "geometry": { "type": "Point", "coordinates": [ -38.478447, -3.723134 ] } },
{ "type": "Feature", "properties": { "micronodo": "Alto Da Paz (Complexo do Vicente Pinzon)", "area_oficial": "VICENTE PINZÓN", "faction": "CV", "lat": -3.723862, "long": -38.473782 }, "geometry": { "type": "Point", "coordinates": [ -38.473782, -3.723862 ] } },
{ "type": "Feature", "properties": { "micronodo": "Comunidade dos Trilhos", "area_oficial": "COCÓ", "faction": "CV", "lat": -3.745368, "long": -38.490489 }, "geometry": { "type": "Point", "coordinates": [ -38.490489, -3.745368 ] } },
{ "type": "Feature", "properties": { "micronodo": "Conj. São Pedro - Complexo Do Vicente Pizon ", "area_oficial": "VICENTE PINZÓN", "faction": "CV", "lat": -3.72321, "long": -38.46963 }, "geometry": { "type": "Point", "coordinates": [ -38.46963, -3.72321 ] } },
{ "type": "Feature", "properties": { "micronodo": "Morro das Placas - (Complexo do Vincent Pinzon)", "area_oficial": "VICENTE PINZÓN", "faction": "CV", "lat": -3.730375, "long": -38.472096 }, "geometry": { "type": "Point", "coordinates": [ -38.472096, -3.730375 ] } },
{ "type": "Feature", "properties": { "micronodo": "Comunidade Joana D'arc (Complexo do Vicente Pinzon)", "area_oficial": "VICENTE PINZÓN", "faction": "CV", "lat": -3.729042, "long": -38.472527 }, "geometry": { "type": "Point", "coordinates": [ -38.472527, -3.729042 ] } },
{ "type": "Feature", "properties": { "micronodo": "Comunidade do Muro Alto - (Complexo do Vincent Pizon)", "area_oficial": "VICENTE PINZÓN", "faction": "CV", "lat": -3.729393, "long": -38.470518 }, "geometry": { "type": "Point", "coordinates": [ -38.470518, -3.729393 ] } },
{ "type": "Feature", "properties": { "micronodo": "Fazendinha", "area_oficial": "VICENTE PINZÓN", "faction": "CV", "lat": -3.731051, "long": -38.469753 }, "geometry": { "type": "Point", "coordinates": [ -38.469753, -3.731051 ] } },
{ "type": "Feature", "properties": { "micronodo": "CDD - CIDADE DOS DOIDOS", "area_oficial": "VICENTE PINZÓN", "faction": "CV", "lat": -3.73051, "long": -38.469317 }, "geometry": { "type": "Point", "coordinates": [ -38.469317, -3.73051 ] } },
{ "type": "Feature", "properties": { "micronodo": "Proafa - Complexo Do Vicente Pizon ", "area_oficial": "VICENTE PINZÓN", "faction": "CV", "lat": -3.722159, "long": -38.467535 }, "geometry": { "type": "Point", "coordinates": [ -38.467535, -3.722159 ] } },
{ "type": "Feature", "properties": { "micronodo": "Futurama", "area_oficial": "VICENTE PINZÓN", "faction": "CV", "lat": -3.722695, "long": -38.466097 }, "geometry": { "type": "Point", "coordinates": [ -38.466097, -3.722695 ] } },
{ "type": "Feature", "properties": { "micronodo": "Marrocos", "area_oficial": "VICENTE PINZÓN", "faction": "CV", "lat": -3.723668, "long": -38.465633 }, "geometry": { "type": "Point", "coordinates": [ -38.465633, -3.723668 ] } },
{ "type": "Feature", "properties": { "micronodo": "Lagoa do Coração - Complexo do Vincent Pinzon", "area_oficial": "VICENTE PINZÓN", "faction": "CV", "lat": -3.729219, "long": -38.467069 }, "geometry": { "type": "Point", "coordinates": [ -38.467069, -3.729219 ] } },
{ "type": "Feature", "properties": { "micronodo": "RDF", "area_oficial": "VICENTE PINZÓN", "faction": "CV", "lat": -3.726181, "long": -38.465625 }, "geometry": { "type": "Point", "coordinates": [ -38.465625, -3.726181 ] } },
{ "type": "Feature", "properties": { "micronodo": "Comunidade DSV", "area_oficial": "VICENTE PINZÓN", "faction": "CV", "lat": -3.723154, "long": -38.464601 }, "geometry": { "type": "Point", "coordinates": [ -38.464601, -3.723154 ] } },
{ "type": "Feature", "properties": { "micronodo": "Comunidade da Sardinha", "area_oficial": "VICENTE PINZÓN", "faction": "CV", "lat": -3.722018, "long": -38.465019 }, "geometry": { "type": "Point", "coordinates": [ -38.465019, -3.722018 ] } },
{ "type": "Feature", "properties": { "micronodo": "Comunidade Dos Trilhos", "area_oficial": "CAIS DO PORTO", "faction": "CV", "lat": -3.713262, "long": -38.471022 }, "geometry": { "type": "Point", "coordinates": [ -38.471022, -3.713262 ] } },
{ "type": "Feature", "properties": { "micronodo": "Comunidade do Titanzinho", "area_oficial": "CAIS DO PORTO", "faction": "CV", "lat": -3.716633, "long": -38.46494 }, "geometry": { "type": "Point", "coordinates": [ -38.46494, -3.716633 ] } },
{ "type": "Feature", "properties": { "micronodo": "Comunidade da Estiva", "area_oficial": "CAIS DO PORTO", "faction": "CV", "lat": -3.712283, "long": -38.470697 }, "geometry": { "type": "Point", "coordinates": [ -38.470697, -3.712283 ] } },
{ "type": "Feature", "properties": { "micronodo": "Comunidade da Senzala", "area_oficial": "CAIS DO PORTO", "faction": "CV", "lat": -3.716648, "long": -38.464873 }, "geometry": { "type": "Point", "coordinates": [ -38.464873, -3.716648 ] } },
{ "type": "Feature", "properties": { "micronodo": "Petecas ", "area_oficial": "VICENTE PINZÓN", "faction": "CV", "lat": -3.727674, "long": -38.462444 }, "geometry": { "type": "Point", "coordinates": [ -38.462444, -3.727674 ] } },
{ "type": "Feature", "properties": { "micronodo": "Beco Do SC", "area_oficial": "CAIS DO PORTO", "faction": "CV", "lat": -3.709583, "long": -38.46926 }, "geometry": { "type": "Point", "coordinates": [ -38.46926, -3.709583 ] } },
{ "type": "Feature", "properties": { "micronodo": "Comunidade Muro de Pedra - (Complexo do Vincent Pinzon)", "area_oficial": "VICENTE PINZÓN", "faction": "CV", "lat": -3.727578, "long": -38.469421 }, "geometry": { "type": "Point", "coordinates": [ -38.469421, -3.727578 ] } },
{ "type": "Feature", "properties": { "micronodo": "Farol - Serviluz ", "area_oficial": "CAIS DO PORTO", "faction": "CV", "lat": -3.70772, "long": -38.470099 }, "geometry": { "type": "Point", "coordinates": [ -38.470099, -3.70772 ] } },
{ "type": "Feature", "properties": { "micronodo": "Favelinha - Serviluz ", "area_oficial": "CAIS DO PORTO", "faction": "CV", "lat": -3.708073, "long": -38.469389 }, "geometry": { "type": "Point", "coordinates": [ -38.469389, -3.708073 ] } },
{ "type": "Feature", "properties": { "micronodo": "Maré Alta - Serviluz", "area_oficial": "CAIS DO PORTO", "faction": "CV", "lat": -3.709026, "long": -38.467724 }, "geometry": { "type": "Point", "coordinates": [ -38.467724, -3.709026 ] } },
{ "type": "Feature", "properties": { "micronodo": "Conefor", "area_oficial": "CAIS DO PORTO", "faction": "CV", "lat": -3.70952, "long": -38.468298 }, "geometry": { "type": "Point", "coordinates": [ -38.468298, -3.70952 ] } },
{ "type": "Feature", "properties": { "micronodo": "VDM", "area_oficial": "CAIS DO PORTO", "faction": "CV", "lat": -3.709176, "long": -38.470771 }, "geometry": { "type": "Point", "coordinates": [ -38.470771, -3.709176 ] } },
{ "type": "Feature", "properties": { "micronodo": "Comunidade dos Pescadores", "area_oficial": "CAIS DO PORTO", "faction": "CV", "lat": -3.721137, "long": -38.465549 }, "geometry": { "type": "Point", "coordinates": [ -38.465549, -3.721137 ] } },
{ "type": "Feature", "properties": { "micronodo": "Beco Da Pf ", "area_oficial": "CAIS DO PORTO", "faction": "CV", "lat": -3.720831, "long": -38.463378 }, "geometry": { "type": "Point", "coordinates": [ -38.463378, -3.720831 ] } },
{ "type": "Feature", "properties": { "micronodo": "Comunidade do Parafuso", "area_oficial": "VICENTE PINZÓN", "faction": "CV", "lat": -3.727954, "long": -38.460705 }, "geometry": { "type": "Point", "coordinates": [ -38.460705, -3.727954 ] } },
{ "type": "Feature", "properties": { "micronodo": "Comunidade da VP", "area_oficial": "VICENTE PINZÓN", "faction": "CV", "lat": -3.723543, "long": -38.463109 }, "geometry": { "type": "Point", "coordinates": [ -38.463109, -3.723543 ] } },
{ "type": "Feature", "properties": { "micronodo": "Comunidade do Trilho (Complexo do Vicente Pinzon)", "area_oficial": "MUCURIPE", "faction": "CV", "lat": -3.722556, "long": -38.479292 }, "geometry": { "type": "Point", "coordinates": [ -38.479292, -3.722556 ] } },
{ "type": "Feature", "properties": { "micronodo": "Beco Dos Pescadores ", "area_oficial": "CAIS DO PORTO", "faction": "CV", "lat": -3.71827, "long": -38.464829 }, "geometry": { "type": "Point", "coordinates": [ -38.464829, -3.71827 ] } },
{ "type": "Feature", "properties": { "micronodo": "Beco Da Fumaça ", "area_oficial": "CAIS DO PORTO", "faction": "CV", "lat": -3.719171, "long": -38.464476 }, "geometry": { "type": "Point", "coordinates": [ -38.464476, -3.719171 ] } },
{ "type": "Feature", "properties": { "micronodo": "Cidade 2000", "area_oficial": "CIDADE 2000", "faction": "CV", "lat": -3.74751, "long": -38.474633 }, "geometry": { "type": "Point", "coordinates": [ -38.474633, -3.74751 ] } },
{ "type": "Feature", "properties": { "micronodo": "Rua do Meio", "area_oficial": "CIDADE NOVA", "faction": "CV", "lat": -3.840075, "long": -38.571875 }, "geometry": { "type": "Point", "coordinates": [ -38.571875, -3.840075 ] } },
{ "type": "Feature", "properties": { "micronodo": "Comunidade do Índio", "area_oficial": "VARJOTA", "faction": "CV", "lat": -3.734848, "long": -38.484056 }, "geometry": { "type": "Point", "coordinates": [ -38.484056, -3.734848 ] } },
{ "type": "Feature", "properties": { "micronodo": "Comunidade do Cais", "area_oficial": "CAIS DO PORTO", "faction": "CV", "lat": -3.717802, "long": -38.475978 }, "geometry": { "type": "Point", "coordinates": [ -38.475978, -3.717802 ] } },
{ "type": "Feature", "properties": { "micronodo": "Morro do Gengibre", "area_oficial": "CIDADE 2000", "faction": "CV", "lat": -3.748667, "long": -38.465145 }, "geometry": { "type": "Point", "coordinates": [ -38.465145, -3.748667 ] } },
{ "type": "Feature", "properties": { "micronodo": "Cidade Jardim V", "area_oficial": "PREFEITO JOSÉ WALTER", "faction": "CV", "lat": -3.831035, "long": -38.550745 }, "geometry": { "type": "Point", "coordinates": [ -38.550745, -3.831035 ] } },
{ "type": "Feature", "properties": { "micronodo": "Comunidade Serviluz", "area_oficial": "CAIS DO PORTO", "faction": "CV", "lat": -3.7086, "long": -38.471029 }, "geometry": { "type": "Point", "coordinates": [ -38.471029, -3.7086 ] } },
{ "type": "Feature", "properties": { "micronodo": "Gleba", "area_oficial": "CIDADE 2000", "faction": "CV", "lat": -3.758798, "long": -38.471216 }, "geometry": { "type": "Point", "coordinates": [ -38.471216, -3.758798 ] } },
{ "type": "Feature", "properties": { "micronodo": "Piedade - Joaquim Tavora", "area_oficial": "JOAQUIM TÁVORA", "faction": "CV", "lat": -3.740913, "long": -38.521539 }, "geometry": { "type": "Point", "coordinates": [ -38.521539, -3.740913 ] } },
{ "type": "Feature", "properties": { "micronodo": "Barreiros", "area_oficial": "CIDADE 2000", "faction": "CV", "lat": -3.754966, "long": -38.469114 }, "geometry": { "type": "Point", "coordinates": [ -38.469114, -3.754966 ] } },
{ "type": "Feature", "properties": { "micronodo": "Comunidade Cidade de Deus", "area_oficial": "ALTO DA BALANÇA", "faction": "CV", "lat": -3.760116, "long": -38.517624 }, "geometry": { "type": "Point", "coordinates": [ -38.517624, -3.760116 ] } },
{ "type": "Feature", "properties": { "micronodo": "Lagamar", "area_oficial": "ALTO DA BALANÇA", "faction": "CV", "lat": -3.760609, "long": -38.515644 }, "geometry": { "type": "Point", "coordinates": [ -38.515644, -3.760609 ] } },
{ "type": "Feature", "properties": { "micronodo": "Favelinha (Lagamar)", "area_oficial": "ALTO DA BALANÇA", "faction": "CV", "lat": -3.760478, "long": -38.516744 }, "geometry": { "type": "Point", "coordinates": [ -38.516744, -3.760478 ] } },
{ "type": "Feature", "properties": { "micronodo": "Caça e Pesca ", "area_oficial": "PRAIA DO FUTURO II", "faction": "CV", "lat": -3.766003, "long": -38.441125 }, "geometry": { "type": "Point", "coordinates": [ -38.441125, -3.766003 ] } },
{ "type": "Feature", "properties": { "micronodo": "Pio XII", "area_oficial": "SÃO JOÃO DO TAUAPE", "faction": "CV", "lat": -3.760966, "long": -38.509696 }, "geometry": { "type": "Point", "coordinates": [ -38.509696, -3.760966 ] } },
{ "type": "Feature", "properties": { "micronodo": "Ap Cidade De Deus", "area_oficial": "ALTO DA BALANÇA", "faction": "CV", "lat": -3.75874, "long": -38.517452 }, "geometry": { "type": "Point", "coordinates": [ -38.517452, -3.75874 ] } },
{ "type": "Feature", "properties": { "micronodo": "Conjunto Nossa Senhora de Fátima", "area_oficial": "ALTO DA BALANÇA", "faction": "CV", "lat": -3.757696, "long": -38.519528 }, "geometry": { "type": "Point", "coordinates": [ -38.519528, -3.757696 ] } },
{ "type": "Feature", "properties": { "micronodo": "Comunidade Dos Trilho", "area_oficial": "ALTO DA BALANÇA", "faction": "CV", "lat": -3.760456, "long": -38.513375 }, "geometry": { "type": "Point", "coordinates": [ -38.513375, -3.760456 ] } },
{ "type": "Feature", "properties": { "micronodo": "Beco do Piloto- Aerolândia", "area_oficial": "ALTO DA BALANÇA", "faction": "CV", "lat": -3.765224, "long": -38.510643 }, "geometry": { "type": "Point", "coordinates": [ -38.510643, -3.765224 ] } },
{ "type": "Feature", "properties": { "micronodo": "Barreira", "area_oficial": "BARREIRA", "faction": "CV", "lat": -3.743405, "long": -38.489978 }, "geometry": { "type": "Point", "coordinates": [ -38.489978, -3.743405 ] } },
{ "type": "Feature", "properties": { "micronodo": "Comunidade Da vela", "area_oficial": "VARJOTA", "faction": "CV", "lat": -3.741629, "long": -38.488688 }, "geometry": { "type": "Point", "coordinates": [ -38.488688, -3.741629 ] } },
{ "type": "Feature", "properties": { "micronodo": "Comunidade das Areias", "area_oficial": "PAPICU", "faction": "CV", "lat": -3.742454, "long": -38.473756 }, "geometry": { "type": "Point", "coordinates": [ -38.473756, -3.742454 ] } },
{ "type": "Feature", "properties": { "micronodo": "Beco da Saudade", "area_oficial": "BOM JARDIM", "faction": "CV", "lat": -3.79749, "long": -38.599794 }, "geometry": { "type": "Point", "coordinates": [ -38.599794, -3.79749 ] } },
{ "type": "Feature", "properties": { "micronodo": "Comunidade da Barreirinha (Alto da Balança)", "area_oficial": "ALTO DA BALANÇA", "faction": "CV", "lat": -3.762857, "long": -38.512314 }, "geometry": { "type": "Point", "coordinates": [ -38.512314, -3.762857 ] } },
{ "type": "Feature", "properties": { "micronodo": "Alto da Balança", "area_oficial": "ALTO DA BALANÇA", "faction": "CV", "lat": -3.763722, "long": -38.517377 }, "geometry": { "type": "Point", "coordinates": [ -38.517377, -3.763722 ] } },
{ "type": "Feature", "properties": { "micronodo": "Favela da Peste", "area_oficial": "ALTO DA BALANÇA", "faction": "CV", "lat": -3.762613, "long": -38.514698 }, "geometry": { "type": "Point", "coordinates": [ -38.514698, -3.762613 ] } },
{ "type": "Feature", "properties": { "micronodo": "Aerolândia", "area_oficial": "AEROLÂNDIA", "faction": "CV", "lat": -3.765256, "long": -38.514842 }, "geometry": { "type": "Point", "coordinates": [ -38.514842, -3.765256 ] } },
{ "type": "Feature", "properties": { "micronodo": "Comunidade Padre Ciço", "area_oficial": "ALTO DA BALANÇA", "faction": "CV", "lat": -3.762912, "long": -38.507982 }, "geometry": { "type": "Point", "coordinates": [ -38.507982, -3.762912 ] } },
{ "type": "Feature", "properties": { "micronodo": "Conjunto Papicu", "area_oficial": "DE LOURDES", "faction": "CV", "lat": -3.743194, "long": -38.468853 }, "geometry": { "type": "Point", "coordinates": [ -38.468853, -3.743194 ] } },
{ "type": "Feature", "properties": { "micronodo": "Comunidade do Paufininho", "area_oficial": "DE LOURDES", "faction": "CV", "lat": -3.743246, "long": -38.46785 }, "geometry": { "type": "Point", "coordinates": [ -38.46785, -3.743246 ] } },
{ "type": "Feature", "properties": { "micronodo": "Terreno dos Padres", "area_oficial": "JOAQUIM TÁVORA", "faction": "CV", "lat": -3.749417, "long": -38.519434 }, "geometry": { "type": "Point", "coordinates": [ -38.519434, -3.749417 ] } },
{ "type": "Feature", "properties": { "micronodo": "Pracinha- Piedade", "area_oficial": "JOAQUIM TÁVORA", "faction": "CV", "lat": -3.745584, "long": -38.518392 }, "geometry": { "type": "Point", "coordinates": [ -38.518392, -3.745584 ] } },
{ "type": "Feature", "properties": { "micronodo": "Vila - Piedade", "area_oficial": "JOAQUIM TÁVORA", "faction": "CV", "lat": -3.746695, "long": -38.517657 }, "geometry": { "type": "Point", "coordinates": [ -38.517657, -3.746695 ] } },
{ "type": "Feature", "properties": { "micronodo": "Comunidade do Campinho (Aerolândia)", "area_oficial": "ALTO DA BALANÇA", "faction": "CV", "lat": -3.766748, "long": -38.509204 }, "geometry": { "type": "Point", "coordinates": [ -38.509204, -3.766748 ] } },
{ "type": "Feature", "properties": { "micronodo": "Cajueiros ", "area_oficial": "CIDADE 2000", "faction": "CV", "lat": -3.76091, "long": -38.471077 }, "geometry": { "type": "Point", "coordinates": [ -38.471077, -3.76091 ] } },
{ "type": "Feature", "properties": { "micronodo": "Comunidade do Canal ou Mela Mela", "area_oficial": "GRANJA PORTUGAL", "faction": "CV", "lat": -3.777948, "long": -38.597954 }, "geometry": { "type": "Point", "coordinates": [ -38.597954, -3.777948 ] } },
{ "type": "Feature", "properties": { "micronodo": "Pau Melado ", "area_oficial": "DIONÍSIO TORRES", "faction": "CV", "lat": -3.752195, "long": -38.502296 }, "geometry": { "type": "Point", "coordinates": [ -38.502296, -3.752195 ] } },
{ "type": "Feature", "properties": { "micronodo": "Beco da Galinha", "area_oficial": "VARJOTA", "faction": "CV", "lat": -3.737798, "long": -38.483296 }, "geometry": { "type": "Point", "coordinates": [ -38.483296, -3.737798 ] } },
{ "type": "Feature", "properties": { "micronodo": "Beco do Chico Vei", "area_oficial": "VARJOTA", "faction": "CV", "lat": -3.734188, "long": -38.481024 }, "geometry": { "type": "Point", "coordinates": [ -38.481024, -3.734188 ] } },
{ "type": "Feature", "properties": { "micronodo": "Comunidade do Papoco", "area_oficial": "MUCURIPE", "faction": "CV", "lat": -3.725095, "long": -38.489028 }, "geometry": { "type": "Point", "coordinates": [ -38.489028, -3.725095 ] } },
{ "type": "Feature", "properties": { "micronodo": "Malvinas - Quintino Cunha", "area_oficial": "QUINTINO CUNHA", "faction": "CV", "lat": -3.727054, "long": -38.598093 }, "geometry": { "type": "Point", "coordinates": [ -38.598093, -3.727054 ] } },
{ "type": "Feature", "properties": { "micronodo": "Comunidade Dos Coqueiros - Mucuripe", "area_oficial": "MUCURIPE", "faction": "CV", "lat": -3.724772, "long": -38.480667 }, "geometry": { "type": "Point", "coordinates": [ -38.480667, -3.724772 ] } },
{ "type": "Feature", "properties": { "micronodo": "Pracinha Saporé", "area_oficial": "MUCURIPE", "faction": "CV", "lat": -3.724493, "long": -38.483378 }, "geometry": { "type": "Point", "coordinates": [ -38.483378, -3.724493 ] } },
{ "type": "Feature", "properties": { "micronodo": "Vila São Miguel", "area_oficial": "VARJOTA", "faction": "CV", "lat": -3.731453, "long": -38.486092 }, "geometry": { "type": "Point", "coordinates": [ -38.486092, -3.731453 ] } },
{ "type": "Feature", "properties": { "micronodo": "Beco do 12 ", "area_oficial": "VARJOTA", "faction": "CV", "lat": -3.733164, "long": -38.488173 }, "geometry": { "type": "Point", "coordinates": [ -38.488173, -3.733164 ] } },
{ "type": "Feature", "properties": { "micronodo": "Ponte ", "area_oficial": "SÃO JOÃO DO TAUAPE", "faction": "CV", "lat": -3.754355, "long": -38.503564 }, "geometry": { "type": "Point", "coordinates": [ -38.503564, -3.754355 ] } },
{ "type": "Feature", "properties": { "micronodo": "Vila Manuel Sátiro", "area_oficial": "MANOEL SÁTIRO", "faction": "CV", "lat": -3.7949153, "long": -38.5826144 }, "geometry": { "type": "Point", "coordinates": [ -38.5826144, -3.7949153 ] } },
{ "type": "Feature", "properties": { "micronodo": "Vila São Vicente", "area_oficial": "VARJOTA", "faction": "CV", "lat": -3.730097, "long": -38.487967 }, "geometry": { "type": "Point", "coordinates": [ -38.487967, -3.730097 ] } },
{ "type": "Feature", "properties": { "micronodo": "Vila Nova", "area_oficial": "MUCURIPE", "faction": "CV", "lat": -3.727462, "long": -38.481855 }, "geometry": { "type": "Point", "coordinates": [ -38.481855, -3.727462 ] } },
{ "type": "Feature", "properties": { "micronodo": "Saporé", "area_oficial": "MUCURIPE", "faction": "CV", "lat": -3.724773, "long": -38.482628 }, "geometry": { "type": "Point", "coordinates": [ -38.482628, -3.724773 ] } },
{ "type": "Feature", "properties": { "micronodo": "Vila Do Amor - Vila Peri", "area_oficial": "VILA PERI", "faction": "CV", "lat": -3.78716, "long": -38.575495 }, "geometry": { "type": "Point", "coordinates": [ -38.575495, -3.78716 ] } },
{ "type": "Feature", "properties": { "micronodo": "São Mateus", "area_oficial": "VARJOTA", "faction": "CV", "lat": -3.729174, "long": -38.48834 }, "geometry": { "type": "Point", "coordinates": [ -38.48834, -3.729174 ] } },
{ "type": "Feature", "properties": { "micronodo": "Parque Santa Fé", "area_oficial": "MARACANAÚ", "faction": "CV", "lat": -3.896566, "long": -38.685962 }, "geometry": { "type": "Point", "coordinates": [ -38.685962, -3.896566 ] } },
{ "type": "Feature", "properties": { "micronodo": "Beco da santos Dumont", "area_oficial": "PAPICU", "faction": "CV", "lat": -3.74266, "long": -38.475822 }, "geometry": { "type": "Point", "coordinates": [ -38.475822, -3.74266 ] } },
{ "type": "Feature", "properties": { "micronodo": "Rocinha", "area_oficial": "EDSON QUEIROZ", "faction": "CV", "lat": -3.775406, "long": -38.475729 }, "geometry": { "type": "Point", "coordinates": [ -38.475729, -3.775406 ] } },
{ "type": "Feature", "properties": { "micronodo": "Beco do Jucá", "area_oficial": "EDSON QUEIROZ", "faction": "CV", "lat": -3.768652, "long": -38.47308 }, "geometry": { "type": "Point", "coordinates": [ -38.47308, -3.768652 ] } },
{ "type": "Feature", "properties": { "micronodo": "Rua da Feira", "area_oficial": "EDSON QUEIROZ", "faction": "CV", "lat": -3.772436, "long": -38.473345 }, "geometry": { "type": "Point", "coordinates": [ -38.473345, -3.772436 ] } },
{ "type": "Feature", "properties": { "micronodo": "GS", "area_oficial": "EDSON QUEIROZ", "faction": "CV", "lat": -3.771534, "long": -38.474645 }, "geometry": { "type": "Point", "coordinates": [ -38.474645, -3.771534 ] } },
{ "type": "Feature", "properties": { "micronodo": "Comunidade do Cal", "area_oficial": "CAJAZEIRAS", "faction": "CV", "lat": -3.808752, "long": -38.516118 }, "geometry": { "type": "Point", "coordinates": [ -38.516118, -3.808752 ] } },
{ "type": "Feature", "properties": { "micronodo": "Comunidade do Moranguinho do Edson Queiroz", "area_oficial": "EDSON QUEIROZ", "faction": "CV", "lat": -3.772554, "long": -38.474536 }, "geometry": { "type": "Point", "coordinates": [ -38.474536, -3.772554 ] } },
{ "type": "Feature", "properties": { "micronodo": "Barroso ll", "area_oficial": "PASSARÉ", "faction": "CV", "lat": -3.814986, "long": -38.522401 }, "geometry": { "type": "Point", "coordinates": [ -38.522401, -3.814986 ] } },
{ "type": "Feature", "properties": { "micronodo": "Sem Terra", "area_oficial": "EDSON QUEIROZ", "faction": "CV", "lat": -3.776459, "long": -38.470168 }, "geometry": { "type": "Point", "coordinates": [ -38.470168, -3.776459 ] } },
{ "type": "Feature", "properties": { "micronodo": "Favela da RB - Barroso ll", "area_oficial": "PASSARÉ", "faction": "CV", "lat": -3.814211, "long": -38.522111 }, "geometry": { "type": "Point", "coordinates": [ -38.522111, -3.814211 ] } },
{ "type": "Feature", "properties": { "micronodo": "Vilinha B2", "area_oficial": "PASSARÉ", "faction": "CV", "lat": -3.809073, "long": -38.526153 }, "geometry": { "type": "Point", "coordinates": [ -38.526153, -3.809073 ] } },
{ "type": "Feature", "properties": { "micronodo": "Novo Barroso", "area_oficial": "PASSARÉ", "faction": "CV", "lat": -3.814118, "long": -38.525702 }, "geometry": { "type": "Point", "coordinates": [ -38.525702, -3.814118 ] } },
{ "type": "Feature", "properties": { "micronodo": "Babilônia ", "area_oficial": "PASSARÉ", "faction": "CV", "lat": -3.81912, "long": -38.527091 }, "geometry": { "type": "Point", "coordinates": [ -38.527091, -3.81912 ] } },
{ "type": "Feature", "properties": { "micronodo": "Campo Do Baleia - Barroso ll", "area_oficial": "PASSARÉ", "faction": "CV", "lat": -3.82025, "long": -38.527276 }, "geometry": { "type": "Point", "coordinates": [ -38.527276, -3.82025 ] } },
{ "type": "Feature", "properties": { "micronodo": "Cajueiro - Tanques", "area_oficial": "MARANGUAPE", "faction": "CV", "lat": -4.051771, "long": -38.822713 }, "geometry": { "type": "Point", "coordinates": [ -38.822713, -4.051771 ] } },
{ "type": "Feature", "properties": { "micronodo": "Rua do Meio - Barroso ll", "area_oficial": "PASSARÉ", "faction": "CV", "lat": -3.813209, "long": -38.527456 }, "geometry": { "type": "Point", "coordinates": [ -38.527456, -3.813209 ] } },
{ "type": "Feature", "properties": { "micronodo": "Vila Peri", "area_oficial": "VILA PERI", "faction": "CV", "lat": -3.795037, "long": -38.586038 }, "geometry": { "type": "Point", "coordinates": [ -38.586038, -3.795037 ] } },
{ "type": "Feature", "properties": { "micronodo": "As Travessas - Barroso ll", "area_oficial": "BARROSO", "faction": "CV", "lat": -3.817115, "long": -38.5218 }, "geometry": { "type": "Point", "coordinates": [ -38.5218, -3.817115 ] } },
{ "type": "Feature", "properties": { "micronodo": "Favela do Cano", "area_oficial": "CIDADE NOVA", "faction": "CV", "lat": -3.841713, "long": -38.564924 }, "geometry": { "type": "Point", "coordinates": [ -38.564924, -3.841713 ] } },
{ "type": "Feature", "properties": { "micronodo": "Favela do Rato - Barroso ll", "area_oficial": "PASSARÉ", "faction": "CV", "lat": -3.81906, "long": -38.526316 }, "geometry": { "type": "Point", "coordinates": [ -38.526316, -3.81906 ] } },
{ "type": "Feature", "properties": { "micronodo": "Vila Centenário", "area_oficial": "IGUATU", "faction": "CV", "lat": -6.368525, "long": -39.306461 }, "geometry": { "type": "Point", "coordinates": [ -39.306461, -6.368525 ] } },
{ "type": "Feature", "properties": { "micronodo": "Favela de Baixo - Barroso ll", "area_oficial": "BARROSO", "faction": "CV", "lat": -3.820607, "long": -38.521246 }, "geometry": { "type": "Point", "coordinates": [ -38.521246, -3.820607 ] } },
{ "type": "Feature", "properties": { "micronodo": "Favela do Tatu", "area_oficial": "ALTO DA BALANÇA", "faction": "CV", "lat": -3.761784, "long": -38.517004 }, "geometry": { "type": "Point", "coordinates": [ -38.517004, -3.761784 ] } },
{ "type": "Feature", "properties": { "micronodo": "Bairro 7 de Setembro", "area_oficial": "IGUATU", "faction": "CV", "lat": -6.366546, "long": -39.304662 }, "geometry": { "type": "Point", "coordinates": [ -39.304662, -6.366546 ] } },
{ "type": "Feature", "properties": { "micronodo": "Rua Sousa Pinto", "area_oficial": "ALTO DA BALANÇA", "faction": "CV", "lat": -3.762321, "long": -38.515698 }, "geometry": { "type": "Point", "coordinates": [ -38.515698, -3.762321 ] } },
{ "type": "Feature", "properties": { "micronodo": "Comunidade no bairro Tamandaré", "area_oficial": "JANGURUSSU", "faction": "CV", "lat": -3.838601, "long": -38.510916 }, "geometry": { "type": "Point", "coordinates": [ -38.510916, -3.838601 ] } },
{ "type": "Feature", "properties": { "micronodo": "TABULEIRO", "area_oficial": "IGUATU", "faction": "CV", "lat": -6.350098, "long": -39.296768 }, "geometry": { "type": "Point", "coordinates": [ -39.296768, -6.350098 ] } },
{ "type": "Feature", "properties": { "micronodo": "Vila Bincel", "area_oficial": "JANGURUSSU", "faction": "CV", "lat": -3.837142, "long": -38.511919 }, "geometry": { "type": "Point", "coordinates": [ -38.511919, -3.837142 ] } },
{ "type": "Feature", "properties": { "micronodo": "JARDIM OASIS", "area_oficial": "IGUATU", "faction": "CV", "lat": -6.35471, "long": -39.317494 }, "geometry": { "type": "Point", "coordinates": [ -39.317494, -6.35471 ] } },
{ "type": "Feature", "properties": { "micronodo": "Cocobó", "area_oficial": "IGUATU", "faction": "CV", "lat": -6.370269, "long": -39.30629 }, "geometry": { "type": "Point", "coordinates": [ -39.30629, -6.370269 ] } },
{ "type": "Feature", "properties": { "micronodo": "Jardim Castelão l", "area_oficial": "PASSARÉ", "faction": "CV", "lat": -3.818404, "long": -38.528504 }, "geometry": { "type": "Point", "coordinates": [ -38.528504, -3.818404 ] } },
{ "type": "Feature", "properties": { "micronodo": "FLORES", "area_oficial": "IGUATU", "faction": "CV", "lat": -6.358324, "long": -39.301089 }, "geometry": { "type": "Point", "coordinates": [ -39.301089, -6.358324 ] } },
{ "type": "Feature", "properties": { "micronodo": "Veneza", "area_oficial": "IGUATU", "faction": "CV", "lat": -6.365139, "long": -39.306453 }, "geometry": { "type": "Point", "coordinates": [ -39.306453, -6.365139 ] } },
{ "type": "Feature", "properties": { "micronodo": "Guajiru", "area_oficial": "IPARANA", "faction": "CV", "lat": -3.696147, "long": -38.640404 }, "geometry": { "type": "Point", "coordinates": [ -38.640404, -3.696147 ] } },
{ "type": "Feature", "properties": { "micronodo": "Conjunto Industrial", "area_oficial": "IGUATU", "faction": "CV", "lat": -6.36446, "long": -39.313426 }, "geometry": { "type": "Point", "coordinates": [ -39.313426, -6.36446 ] } },
{ "type": "Feature", "properties": { "micronodo": "Areias II", "area_oficial": "IGUATU", "faction": "CV", "lat": -6.346092, "long": -39.318851 }, "geometry": { "type": "Point", "coordinates": [ -39.318851, -6.346092 ] } },
{ "type": "Feature", "properties": { "micronodo": "COHAB III", "area_oficial": "IGUATU", "faction": "CV", "lat": -6.367139, "long": -39.313429 }, "geometry": { "type": "Point", "coordinates": [ -39.313429, -6.367139 ] } },
{ "type": "Feature", "properties": { "micronodo": "COHAB I", "area_oficial": "IGUATU", "faction": "CV", "lat": -6.370221, "long": -39.313874 }, "geometry": { "type": "Point", "coordinates": [ -39.313874, -6.370221 ] } },
{ "type": "Feature", "properties": { "micronodo": "João Paulo II", "area_oficial": "IGUATU", "faction": "CV", "lat": -6.333974, "long": -39.31695 }, "geometry": { "type": "Point", "coordinates": [ -39.31695, -6.333974 ] } },
{ "type": "Feature", "properties": { "micronodo": "SANTO ANTÔNIO", "area_oficial": "IGUATU", "faction": "CV", "lat": -6.3671258, "long": -39.2998836 }, "geometry": { "type": "Point", "coordinates": [ -39.2998836, -6.3671258 ] } },
{ "type": "Feature", "properties": { "micronodo": "PRADO", "area_oficial": "IGUATU", "faction": "CV", "lat": -6.3648654, "long": -39.2964933 }, "geometry": { "type": "Point", "coordinates": [ -39.2964933, -6.3648654 ] } },
{ "type": "Feature", "properties": { "micronodo": "ALTO DO JUCÁ", "area_oficial": "IGUATU", "faction": "CV", "lat": -6.3726525, "long": -39.2939462 }, "geometry": { "type": "Point", "coordinates": [ -39.2939462, -6.3726525 ] } },
{ "type": "Feature", "properties": { "micronodo": "QUIXELÔ", "area_oficial": "QUIXELÔ", "faction": "CV", "lat": -6.250874, "long": -39.200588 }, "geometry": { "type": "Point", "coordinates": [ -39.200588, -6.250874 ] } },
{ "type": "Feature", "properties": { "micronodo": "BRASÍLIA", "area_oficial": "IGUATU", "faction": "CV", "lat": -6.3514862, "long": -39.3011495 }, "geometry": { "type": "Point", "coordinates": [ -39.3011495, -6.3514862 ] } },
{ "type": "Feature", "properties": { "micronodo": "PARANÁ", "area_oficial": "IGUATU", "faction": "CV", "lat": -6.3464959, "long": -39.3035408 }, "geometry": { "type": "Point", "coordinates": [ -39.3035408, -6.3464959 ] } },
{ "type": "Feature", "properties": { "micronodo": "AREIAS I", "area_oficial": "IGUATU", "faction": "CV", "lat": -6.355034, "long": -39.3065813 }, "geometry": { "type": "Point", "coordinates": [ -39.3065813, -6.355034 ] } },
{ "type": "Feature", "properties": { "micronodo": "Alto do Tor", "area_oficial": "JUCÁS", "faction": "CV", "lat": -6.523776, "long": -39.538768 }, "geometry": { "type": "Point", "coordinates": [ -39.538768, -6.523776 ] } },
{ "type": "Feature", "properties": { "micronodo": "Cidade Jardim I", "area_oficial": "PREFEITO JOSÉ WALTER", "faction": "CV", "lat": -3.824488, "long": -38.550442 }, "geometry": { "type": "Point", "coordinates": [ -38.550442, -3.824488 ] } },
{ "type": "Feature", "properties": { "micronodo": "CHAPADINHA", "area_oficial": "IGUATU", "faction": "CV", "lat": -6.374929, "long": -39.2659357 }, "geometry": { "type": "Point", "coordinates": [ -39.2659357, -6.374929 ] } },
{ "type": "Feature", "properties": { "micronodo": "JUCÁS - Buraco da Gia", "area_oficial": "JUCÁS", "faction": "CV", "lat": -6.518917, "long": -39.524719 }, "geometry": { "type": "Point", "coordinates": [ -39.524719, -6.518917 ] } },
{ "type": "Feature", "properties": { "micronodo": "BARREIRAS", "area_oficial": "IGUATU", "faction": "CV", "lat": -6.3167152, "long": -39.3352889 }, "geometry": { "type": "Point", "coordinates": [ -39.3352889, -6.3167152 ] } },
{ "type": "Feature", "properties": { "micronodo": "GADELHA", "area_oficial": "IGUATU", "faction": "CV", "lat": -6.4124843, "long": -39.2840336 }, "geometry": { "type": "Point", "coordinates": [ -39.2840336, -6.4124843 ] } },
{ "type": "Feature", "properties": { "micronodo": "Polígono 1397", "area_oficial": "IGUATU", "faction": "CV", "lat": -6.3279695, "long": -39.3268915 }, "geometry": { "type": "Point", "coordinates": [ -39.3268915, -6.3279695 ] } },
{ "type": "Feature", "properties": { "micronodo": "VILA DOS COQUEIROS", "area_oficial": "IGUATU", "faction": "CV", "lat": -6.3831229, "long": -39.3086488 }, "geometry": { "type": "Point", "coordinates": [ -39.3086488, -6.3831229 ] } },
{ "type": "Feature", "properties": { "micronodo": "COHAB II", "area_oficial": "IGUATU", "faction": "CV", "lat": -6.367491, "long": -39.313928 }, "geometry": { "type": "Point", "coordinates": [ -39.313928, -6.367491 ] } },
{ "type": "Feature", "properties": { "micronodo": "FOMENTO", "area_oficial": "IGUATU", "faction": "CV", "lat": -6.3894, "long": -39.3001444 }, "geometry": { "type": "Point", "coordinates": [ -39.3001444, -6.3894 ] } },
{ "type": "Feature", "properties": { "micronodo": "Favela da Catita", "area_oficial": "PACATUBA", "faction": "CV", "lat": -3.918508, "long": -38.598524 }, "geometry": { "type": "Point", "coordinates": [ -38.598524, -3.918508 ] } },
{ "type": "Feature", "properties": { "micronodo": "Favela do Verdão", "area_oficial": "PACATUBA", "faction": "CV", "lat": -3.918101, "long": -38.602931 }, "geometry": { "type": "Point", "coordinates": [ -38.602931, -3.918101 ] } },
{ "type": "Feature", "properties": { "micronodo": "Pavuna", "area_oficial": "PACATUBA", "faction": "CV", "lat": -3.912418, "long": -38.594955 }, "geometry": { "type": "Point", "coordinates": [ -38.594955, -3.912418 ] } },
{ "type": "Feature", "properties": { "micronodo": "Renê Lucena", "area_oficial": "BREJO SANTO", "faction": "CV", "lat": -7.484341, "long": -39.00683 }, "geometry": { "type": "Point", "coordinates": [ -39.00683, -7.484341 ] } },
{ "type": "Feature", "properties": { "micronodo": "Sítio Crack", "area_oficial": "VILA PERI", "faction": "CV", "lat": -3.788602, "long": -38.574185 }, "geometry": { "type": "Point", "coordinates": [ -38.574185, -3.788602 ] } },
{ "type": "Feature", "properties": { "micronodo": "Beco do Boi", "area_oficial": "PASSARÉ", "faction": "CV", "lat": -3.822548, "long": -38.531916 }, "geometry": { "type": "Point", "coordinates": [ -38.531916, -3.822548 ] } },
{ "type": "Feature", "properties": { "micronodo": "Vila Rolim - Boa Vista", "area_oficial": "DIAS MACÊDO", "faction": "CV", "lat": -3.788786, "long": -38.516834 }, "geometry": { "type": "Point", "coordinates": [ -38.516834, -3.788786 ] } },
{ "type": "Feature", "properties": { "micronodo": "Rua da Lama", "area_oficial": "BOA VISTA/CASTELÃO", "faction": "CV", "lat": -3.794171, "long": -38.51745 }, "geometry": { "type": "Point", "coordinates": [ -38.51745, -3.794171 ] } },
{ "type": "Feature", "properties": { "micronodo": "Gavião/Mata Galinha - Boa Vista", "area_oficial": "BOA VISTA/CASTELÃO", "faction": "CV", "lat": -3.79815, "long": -38.515178 }, "geometry": { "type": "Point", "coordinates": [ -38.515178, -3.79815 ] } },
{ "type": "Feature", "properties": { "micronodo": "Sem Terra", "area_oficial": "MANOEL SÁTIRO", "faction": "CV", "lat": -3.795841, "long": -38.574689 }, "geometry": { "type": "Point", "coordinates": [ -38.574689, -3.795841 ] } },
{ "type": "Feature", "properties": { "micronodo": "Espinho ", "area_oficial": "LIMOEIRO DO NORTE", "faction": "CV", "lat": -5.110831, "long": -38.136219 }, "geometry": { "type": "Point", "coordinates": [ -38.136219, -5.110831 ] } },
{ "type": "Feature", "properties": { "micronodo": "Alto do Bode", "area_oficial": "SENADOR POMPEU", "faction": "CV", "lat": -5.586218, "long": -39.377503 }, "geometry": { "type": "Point", "coordinates": [ -39.377503, -5.586218 ] } },
{ "type": "Feature", "properties": { "micronodo": "Cidade de Deus 2", "area_oficial": "PARQUE SANTA MARIA", "faction": "CV", "lat": -3.842917, "long": -38.502755 }, "geometry": { "type": "Point", "coordinates": [ -38.502755, -3.842917 ] } },
{ "type": "Feature", "properties": { "micronodo": "Nova Brasilia ", "area_oficial": "JAGUARIBE", "faction": "CV", "lat": -5.90227, "long": -38.624716 }, "geometry": { "type": "Point", "coordinates": [ -38.624716, -5.90227 ] } },
{ "type": "Feature", "properties": { "micronodo": "30 de Abril", "area_oficial": "BOA VISTA/CASTELÃO", "faction": "CV", "lat": -3.802703, "long": -38.521361 }, "geometry": { "type": "Point", "coordinates": [ -38.521361, -3.802703 ] } },
{ "type": "Feature", "properties": { "micronodo": "Praia Caetanos", "area_oficial": "AMONTADA", "faction": "CV", "lat": -3.076651, "long": -39.566011 }, "geometry": { "type": "Point", "coordinates": [ -39.566011, -3.076651 ] } },
{ "type": "Feature", "properties": { "micronodo": "Marinheiros", "area_oficial": "TRAIRI", "faction": "CV", "lat": -3.1690165, "long": -39.4793684 }, "geometry": { "type": "Point", "coordinates": [ -39.4793684, -3.1690165 ] } },
{ "type": "Feature", "properties": { "micronodo": "Beleza - Parambu", "area_oficial": "PARAMBU", "faction": "CV", "lat": -6.207472, "long": -40.697564 }, "geometry": { "type": "Point", "coordinates": [ -40.697564, -6.207472 ] } },
{ "type": "Feature", "properties": { "micronodo": "Planalto - Parambu", "area_oficial": "PARAMBU", "faction": "CV", "lat": -6.212136, "long": -40.700448 }, "geometry": { "type": "Point", "coordinates": [ -40.700448, -6.212136 ] } },
{ "type": "Feature", "properties": { "micronodo": "Vila Nova - Parambu", "area_oficial": "PARAMBU", "faction": "CV", "lat": -6.217202, "long": -40.705493 }, "geometry": { "type": "Point", "coordinates": [ -40.705493, -6.217202 ] } },
{ "type": "Feature", "properties": { "micronodo": "Caixa D'Água - Parambu", "area_oficial": "PARAMBU", "faction": "CV", "lat": -6.213018, "long": -40.703075 }, "geometry": { "type": "Point", "coordinates": [ -40.703075, -6.213018 ] } },
{ "type": "Feature", "properties": { "micronodo": "Bairro Brasília - Parambu", "area_oficial": "PARAMBU", "faction": "CV", "lat": -6.216089, "long": -40.69532 }, "geometry": { "type": "Point", "coordinates": [ -40.69532, -6.216089 ] } },
{ "type": "Feature", "properties": { "micronodo": "CIDADE UNIVERSITÁRIA - RUSSAS ", "area_oficial": "QUIXERE", "faction": "CV", "lat": -4.942618, "long": -37.975688 }, "geometry": { "type": "Point", "coordinates": [ -37.975688, -4.942618 ] } },
{ "type": "Feature", "properties": { "micronodo": "VILA MATOSO - RUSSAS ", "area_oficial": "QUIXERE", "faction": "CV", "lat": -4.94552, "long": -37.972088 }, "geometry": { "type": "Point", "coordinates": [ -37.972088, -4.94552 ] } },
{ "type": "Feature", "properties": { "micronodo": "ALTO SÃO JOÃO - RUSSAS", "area_oficial": "QUIXERE", "faction": "CV", "lat": -4.941047, "long": -37.999439 }, "geometry": { "type": "Point", "coordinates": [ -37.999439, -4.941047 ] } },
{ "type": "Feature", "properties": { "micronodo": "IPIRANGA - RUSSAS ", "area_oficial": "QUIXERE", "faction": "CV", "lat": -4.950027, "long": -37.98068 }, "geometry": { "type": "Point", "coordinates": [ -37.98068, -4.950027 ] } },
{ "type": "Feature", "properties": { "micronodo": "CATUMBELA - RUSSAS ", "area_oficial": "QUIXERE", "faction": "CV", "lat": -4.94319, "long": -37.979794 }, "geometry": { "type": "Point", "coordinates": [ -37.979794, -4.94319 ] } },
{ "type": "Feature", "properties": { "micronodo": "AEROPORTO - RUSSAS ", "area_oficial": "QUIXERE", "faction": "CV", "lat": -4.941811, "long": -38.003668 }, "geometry": { "type": "Point", "coordinates": [ -38.003668, -4.941811 ] } },
{ "type": "Feature", "properties": { "micronodo": "COMUNIDADE BACIA SECA", "area_oficial": "MANOEL SÁTIRO", "faction": "CV", "lat": -3.7979927, "long": -38.5821627 }, "geometry": { "type": "Point", "coordinates": [ -38.5821627, -3.7979927 ] } },
{ "type": "Feature", "properties": { "micronodo": "CPP - COMUNIDADE COMANDO DOS PIVETES PIRADOS OU HIPERCRÉDITO", "area_oficial": "PARQUE SĂO JOSÉ", "faction": "CV", "lat": -3.7982791, "long": -38.5857007 }, "geometry": { "type": "Point", "coordinates": [ -38.5857007, -3.7982791 ] } },
{ "type": "Feature", "properties": { "micronodo": "Santa Terezinha ", "area_oficial": "PARQUE SĂO JOSÉ", "faction": "CV", "lat": -3.789916, "long": -38.589068 }, "geometry": { "type": "Point", "coordinates": [ -38.589068, -3.789916 ] } },
{ "type": "Feature", "properties": { "micronodo": "Favela dos Canos", "area_oficial": "PARQUE SĂO JOSÉ", "faction": "CV", "lat": -3.801728, "long": -38.592222 }, "geometry": { "type": "Point", "coordinates": [ -38.592222, -3.801728 ] } },
{ "type": "Feature", "properties": { "micronodo": "Fazendinha", "area_oficial": "CONJUNTO ESPERANÇA", "faction": "CV", "lat": -3.806715, "long": -38.59413 }, "geometry": { "type": "Point", "coordinates": [ -38.59413, -3.806715 ] } },
{ "type": "Feature", "properties": { "micronodo": "Comunidade Vertical", "area_oficial": "PARQUE SĂO JOSÉ", "faction": "CV", "lat": -3.803385, "long": -38.591508 }, "geometry": { "type": "Point", "coordinates": [ -38.591508, -3.803385 ] } },
{ "type": "Feature", "properties": { "micronodo": "Favela da Gv", "area_oficial": "PARQUE SĂO JOSÉ", "faction": "CV", "lat": -3.801238, "long": -38.59159 }, "geometry": { "type": "Point", "coordinates": [ -38.59159, -3.801238 ] } },
{ "type": "Feature", "properties": { "micronodo": "Comunidade do Buraco", "area_oficial": "SIQUEIRA", "faction": "CV", "lat": -3.803502, "long": -38.614426 }, "geometry": { "type": "Point", "coordinates": [ -38.614426, -3.803502 ] } },
{ "type": "Feature", "properties": { "micronodo": "Paraíso Verde", "area_oficial": "SIQUEIRA", "faction": "CV", "lat": -3.813681, "long": -38.620471 }, "geometry": { "type": "Point", "coordinates": [ -38.620471, -3.813681 ] } },
{ "type": "Feature", "properties": { "micronodo": "Parque São João", "area_oficial": "SIQUEIRA", "faction": "CV", "lat": -3.80904, "long": -38.627134 }, "geometry": { "type": "Point", "coordinates": [ -38.627134, -3.80904 ] } },
{ "type": "Feature", "properties": { "micronodo": "Jari", "area_oficial": "SIQUEIRA", "faction": "CV", "lat": -3.819032, "long": -38.631454 }, "geometry": { "type": "Point", "coordinates": [ -38.631454, -3.819032 ] } },
{ "type": "Feature", "properties": { "micronodo": "Parque São José", "area_oficial": "PARQUE SĂO JOSÉ", "faction": "CV", "lat": -3.794607, "long": -38.589552 }, "geometry": { "type": "Point", "coordinates": [ -38.589552, -3.794607 ] } },
{ "type": "Feature", "properties": { "micronodo": "JATOBÁ", "area_oficial": "SIQUEIRA", "faction": "CV", "lat": -3.812779, "long": -38.6353263 }, "geometry": { "type": "Point", "coordinates": [ -38.6353263, -3.812779 ] } },
{ "type": "Feature", "properties": { "micronodo": "SIQUEIRA", "area_oficial": "SIQUEIRA", "faction": "CV", "lat": -3.813681, "long": -38.620471 }, "geometry": { "type": "Point", "coordinates": [ -38.620471, -3.813681 ] } },
{ "type": "Feature", "properties": { "micronodo": "Favela do Urubu", "area_oficial": "CANINDEZINHO", "faction": "CV", "lat": -3.80357, "long": -38.608936 }, "geometry": { "type": "Point", "coordinates": [ -38.608936, -3.80357 ] } },
{ "type": "Feature", "properties": { "micronodo": "Jari - Maracanaú", "area_oficial": "SIQUEIRA", "faction": "CV", "lat": -3.819028, "long": -38.631429 }, "geometry": { "type": "Point", "coordinates": [ -38.631429, -3.819028 ] } },
{ "type": "Feature", "properties": { "micronodo": "Loteamento Jatobá", "area_oficial": "SIQUEIRA", "faction": "CV", "lat": -3.80904, "long": -38.626978 }, "geometry": { "type": "Point", "coordinates": [ -38.626978, -3.80904 ] } },
{ "type": "Feature", "properties": { "micronodo": "Invasão ", "area_oficial": "SIQUEIRA", "faction": "CV", "lat": -3.808445, "long": -38.612608 }, "geometry": { "type": "Point", "coordinates": [ -38.612608, -3.808445 ] } },
{ "type": "Feature", "properties": { "micronodo": "AP DO JATOBÁ - JARDIM DO EDEM", "area_oficial": "SIQUEIRA", "faction": "CV", "lat": -3.7985154, "long": -38.6312022 }, "geometry": { "type": "Point", "coordinates": [ -38.6312022, -3.7985154 ] } },
{ "type": "Feature", "properties": { "micronodo": "Conjunto José Euclides", "area_oficial": "JANGURUSSU", "faction": "CV", "lat": -3.851316, "long": -38.517305 }, "geometry": { "type": "Point", "coordinates": [ -38.517305, -3.851316 ] } },
{ "type": "Feature", "properties": { "micronodo": "JOSÉ EUCLIDES", "area_oficial": "JANGURUSSU", "faction": "CV", "lat": -3.850539, "long": -38.51926 }, "geometry": { "type": "Point", "coordinates": [ -38.51926, -3.850539 ] } },
{ "type": "Feature", "properties": { "micronodo": "Favela do Seu Geraldo", "area_oficial": "JANGURUSSU", "faction": "CV", "lat": -3.84278, "long": -38.508798 }, "geometry": { "type": "Point", "coordinates": [ -38.508798, -3.84278 ] } },
{ "type": "Feature", "properties": { "micronodo": "Conjunto Habitacional Orgulho do Ceará", "area_oficial": "DIF III", "faction": "CV", "lat": -3.85874, "long": -38.55461 }, "geometry": { "type": "Point", "coordinates": [ -38.55461, -3.85874 ] } },
{ "type": "Feature", "properties": { "micronodo": "Favela do Preá", "area_oficial": "JANGURUSSU", "faction": "CV", "lat": -3.841261, "long": -38.508227 }, "geometry": { "type": "Point", "coordinates": [ -38.508227, -3.841261 ] } },
{ "type": "Feature", "properties": { "micronodo": "Favela do Cajueiro", "area_oficial": "JANGURUSSU", "faction": "CV", "lat": -3.844741, "long": -38.507393 }, "geometry": { "type": "Point", "coordinates": [ -38.507393, -3.844741 ] } },
{ "type": "Feature", "properties": { "micronodo": "Comunidade da Galileia", "area_oficial": "ENGENHEIRO LUCIANO CAVALCANTE", "faction": "CV", "lat": -3.771008, "long": -38.487866 }, "geometry": { "type": "Point", "coordinates": [ -38.487866, -3.771008 ] } },
{ "type": "Feature", "properties": { "micronodo": "Comunidade da Marica", "area_oficial": "JARDIM DAS OLIVEIRAS", "faction": "CV", "lat": -3.774786, "long": -38.499595 }, "geometry": { "type": "Point", "coordinates": [ -38.499595, -3.774786 ] } },
{ "type": "Feature", "properties": { "micronodo": "Pindorama", "area_oficial": "SALINAS", "faction": "CV", "lat": -3.7711, "long": -38.501942 }, "geometry": { "type": "Point", "coordinates": [ -38.501942, -3.7711 ] } },
{ "type": "Feature", "properties": { "micronodo": "Brooklyn ", "area_oficial": "SALINAS", "faction": "CV", "lat": -3.768779, "long": -38.498957 }, "geometry": { "type": "Point", "coordinates": [ -38.498957, -3.768779 ] } },
{ "type": "Feature", "properties": { "micronodo": "Paraíso Verde", "area_oficial": "SALINAS", "faction": "CV", "lat": -3.768629, "long": -38.497298 }, "geometry": { "type": "Point", "coordinates": [ -38.497298, -3.768629 ] } },
{ "type": "Feature", "properties": { "micronodo": "Comunidade da Cidade Nobre", "area_oficial": "JANGURUSSU", "faction": "CV", "lat": -3.833415, "long": -38.506259 }, "geometry": { "type": "Point", "coordinates": [ -38.506259, -3.833415 ] } },
{ "type": "Feature", "properties": { "micronodo": "Vila verde", "area_oficial": "JARDIM DAS OLIVEIRAS", "faction": "CV", "lat": -3.78152, "long": -38.500504 }, "geometry": { "type": "Point", "coordinates": [ -38.500504, -3.78152 ] } },
{ "type": "Feature", "properties": { "micronodo": "Conjunto Tasso", "area_oficial": "JARDIM DAS OLIVEIRAS", "faction": "CV", "lat": -3.776033, "long": -38.505952 }, "geometry": { "type": "Point", "coordinates": [ -38.505952, -3.776033 ] } },
{ "type": "Feature", "properties": { "micronodo": "Comunidade do Santo Afonso", "area_oficial": "JARDIM DAS OLIVEIRAS", "faction": "CV", "lat": -3.774451, "long": -38.505674 }, "geometry": { "type": "Point", "coordinates": [ -38.505674, -3.774451 ] } },
{ "type": "Feature", "properties": { "micronodo": "Zeza", "area_oficial": "JARDIM DAS OLIVEIRAS", "faction": "CV", "lat": -3.782025, "long": -38.504384 }, "geometry": { "type": "Point", "coordinates": [ -38.504384, -3.782025 ] } },
{ "type": "Feature", "properties": { "micronodo": "Polo - Tancredo Neves ", "area_oficial": "JARDIM DAS OLIVEIRAS", "faction": "CV", "lat": -3.782627, "long": -38.510372 }, "geometry": { "type": "Point", "coordinates": [ -38.510372, -3.782627 ] } },
{ "type": "Feature", "properties": { "micronodo": "Comunidade da 25 ", "area_oficial": "JARDIM DAS OLIVEIRAS", "faction": "CV", "lat": -3.779915, "long": -38.505227 }, "geometry": { "type": "Point", "coordinates": [ -38.505227, -3.779915 ] } },
{ "type": "Feature", "properties": { "micronodo": "Rua do Catole ", "area_oficial": "JARDIM DAS OLIVEIRAS", "faction": "CV", "lat": -3.782696, "long": -38.503824 }, "geometry": { "type": "Point", "coordinates": [ -38.503824, -3.782696 ] } },
{ "type": "Feature", "properties": { "micronodo": "Comunidade da 50tinha", "area_oficial": "JARDIM DAS OLIVEIRAS", "faction": "CV", "lat": -3.779131, "long": -38.504243 }, "geometry": { "type": "Point", "coordinates": [ -38.504243, -3.779131 ] } },
{ "type": "Feature", "properties": { "micronodo": "Rua da Granja", "area_oficial": "JARDIM DAS OLIVEIRAS", "faction": "CV", "lat": -3.778897, "long": -38.50259 }, "geometry": { "type": "Point", "coordinates": [ -38.50259, -3.778897 ] } },
{ "type": "Feature", "properties": { "micronodo": "Tancredo Neves ", "area_oficial": "JARDIM DAS OLIVEIRAS", "faction": "CV", "lat": -3.782417, "long": -38.510307 }, "geometry": { "type": "Point", "coordinates": [ -38.510307, -3.782417 ] } },
{ "type": "Feature", "properties": { "micronodo": "Favela da Maiqueira", "area_oficial": "AEROLÂNDIA", "faction": "CV", "lat": -3.774297, "long": -38.506936 }, "geometry": { "type": "Point", "coordinates": [ -38.506936, -3.774297 ] } },
{ "type": "Feature", "properties": { "micronodo": "Comunidade do Cimpelco (Complexo da Barra do Ceará)", "area_oficial": "BARRA DO CEARÁ", "faction": "CV", "lat": -3.701358, "long": -38.575389 }, "geometry": { "type": "Point", "coordinates": [ -38.575389, -3.701358 ] } },
{ "type": "Feature", "properties": { "micronodo": "Coloral", "area_oficial": "JARDIM DAS OLIVEIRAS", "faction": "CV", "lat": -3.785465, "long": -38.509588 }, "geometry": { "type": "Point", "coordinates": [ -38.509588, -3.785465 ] } },
{ "type": "Feature", "properties": { "micronodo": "Cracôlandia", "area_oficial": "JARDIM DAS OLIVEIRAS", "faction": "CV", "lat": -3.778687, "long": -38.502553 }, "geometry": { "type": "Point", "coordinates": [ -38.502553, -3.778687 ] } },
{ "type": "Feature", "properties": { "micronodo": "Comunidade dos Índios", "area_oficial": "CANINDEZINHO", "faction": "CV", "lat": -3.807354, "long": -38.596921 }, "geometry": { "type": "Point", "coordinates": [ -38.596921, -3.807354 ] } },
{ "type": "Feature", "properties": { "micronodo": "Vila Nova - Maracanaú", "area_oficial": "ALTO ALEGRE II", "faction": "CV", "lat": -3.832819, "long": -38.639547 }, "geometry": { "type": "Point", "coordinates": [ -38.639547, -3.832819 ] } },
{ "type": "Feature", "properties": { "micronodo": "Loteamento Osório de Paiva", "area_oficial": "SIQUEIRA", "faction": "CV", "lat": -3.822845, "long": -38.63379 }, "geometry": { "type": "Point", "coordinates": [ -38.63379, -3.822845 ] } },
{ "type": "Feature", "properties": { "micronodo": "Jari - Maracanaú", "area_oficial": "SIQUEIRA", "faction": "CV", "lat": -3.813544, "long": -38.638032 }, "geometry": { "type": "Point", "coordinates": [ -38.638032, -3.813544 ] } },
{ "type": "Feature", "properties": { "micronodo": "Jagatá ", "area_oficial": "JANGURUSSU", "faction": "CV", "lat": -3.850515, "long": -38.51933 }, "geometry": { "type": "Point", "coordinates": [ -38.51933, -3.850515 ] } },
{ "type": "Feature", "properties": { "micronodo": "Fronteira ", "area_oficial": "PARQUE SANTA MARIA", "faction": "CV", "lat": -3.848431, "long": -38.503613 }, "geometry": { "type": "Point", "coordinates": [ -38.503613, -3.848431 ] } },
{ "type": "Feature", "properties": { "micronodo": "Sem Terra", "area_oficial": "GUAJERU", "faction": "CV", "lat": -3.836628, "long": -38.486125 }, "geometry": { "type": "Point", "coordinates": [ -38.486125, -3.836628 ] } },
{ "type": "Feature", "properties": { "micronodo": "Residencial Luiz Gonzaga", "area_oficial": "ANCURI", "faction": "CV", "lat": -3.856327, "long": -38.511192 }, "geometry": { "type": "Point", "coordinates": [ -38.511192, -3.856327 ] } },
{ "type": "Feature", "properties": { "micronodo": "Conjunto Patativa do Assaré", "area_oficial": "JANGURUSSU", "faction": "CV", "lat": -3.85496, "long": -38.516262 }, "geometry": { "type": "Point", "coordinates": [ -38.516262, -3.85496 ] } },
{ "type": "Feature", "properties": { "micronodo": "Maria Tomásia - Jangurussu", "area_oficial": "CONJUNTO PALMEIRAS", "faction": "CV", "lat": -3.854811, "long": -38.521481 }, "geometry": { "type": "Point", "coordinates": [ -38.521481, -3.854811 ] } },
{ "type": "Feature", "properties": { "micronodo": "Sitio São João", "area_oficial": "JANGURUSSU", "faction": "CV", "lat": -3.848609, "long": -38.518471 }, "geometry": { "type": "Point", "coordinates": [ -38.518471, -3.848609 ] } },
{ "type": "Feature", "properties": { "micronodo": "Vilinha", "area_oficial": "ANCURI", "faction": "CV", "lat": -3.856966, "long": -38.515981 }, "geometry": { "type": "Point", "coordinates": [ -38.515981, -3.856966 ] } },
{ "type": "Feature", "properties": { "micronodo": "Casinhas do Maria Tomasia", "area_oficial": "JANGURUSSU", "faction": "CV", "lat": -3.855137, "long": -38.516276 }, "geometry": { "type": "Point", "coordinates": [ -38.516276, -3.855137 ] } },
{ "type": "Feature", "properties": { "micronodo": "Nova esperança - Pajuçara", "area_oficial": "DIF III", "faction": "CV", "lat": -3.855979, "long": -38.553718 }, "geometry": { "type": "Point", "coordinates": [ -38.553718, -3.855979 ] } },
{ "type": "Feature", "properties": { "micronodo": "Bom Jesus - Maracanaú", "area_oficial": "SIQUEIRA", "faction": "CV", "lat": -3.81383, "long": -38.636316 }, "geometry": { "type": "Point", "coordinates": [ -38.636316, -3.81383 ] } },
{ "type": "Feature", "properties": { "micronodo": "12", "area_oficial": "VILA VELHA", "faction": "CV", "lat": -3.710662, "long": -38.593627 }, "geometry": { "type": "Point", "coordinates": [ -38.593627, -3.710662 ] } },
{ "type": "Feature", "properties": { "micronodo": "Comunidade do Canção ", "area_oficial": "VILA VELHA", "faction": "CV", "lat": -3.714707, "long": -38.604056 }, "geometry": { "type": "Point", "coordinates": [ -38.604056, -3.714707 ] } },
{ "type": "Feature", "properties": { "micronodo": "Casinhas ", "area_oficial": "VILA VELHA", "faction": "CV", "lat": -3.712376, "long": -38.60351 }, "geometry": { "type": "Point", "coordinates": [ -38.60351, -3.712376 ] } },
{ "type": "Feature", "properties": { "micronodo": "Comunidade O.R", "area_oficial": "VILA VELHA", "faction": "CV", "lat": -3.71467, "long": -38.604257 }, "geometry": { "type": "Point", "coordinates": [ -38.604257, -3.71467 ] } },
{ "type": "Feature", "properties": { "micronodo": "Estradinha do Garfanhotos - Vila Velha", "area_oficial": "VILA VELHA", "faction": "CV", "lat": -3.707995, "long": -38.598953 }, "geometry": { "type": "Point", "coordinates": [ -38.598953, -3.707995 ] } },
{ "type": "Feature", "properties": { "micronodo": "Comunidade Gafanhotos", "area_oficial": "VILA VELHA", "faction": "CV", "lat": -3.711988, "long": -38.605024 }, "geometry": { "type": "Point", "coordinates": [ -38.605024, -3.711988 ] } },
{ "type": "Feature", "properties": { "micronodo": "Parque Leblon", "area_oficial": "PARQUE LEBLON", "faction": "CV", "lat": -3.696136, "long": -38.607358 }, "geometry": { "type": "Point", "coordinates": [ -38.607358, -3.696136 ] } },
{ "type": "Feature", "properties": { "micronodo": "Favela da Cirandar", "area_oficial": "BARRA DO CEARÁ", "faction": "CV", "lat": -3.70308, "long": -38.572849 }, "geometry": { "type": "Point", "coordinates": [ -38.572849, -3.70308 ] } },
{ "type": "Feature", "properties": { "micronodo": "4 Varas", "area_oficial": "BARRA DO CEARÁ", "faction": "CV", "lat": -3.699739, "long": -38.574713 }, "geometry": { "type": "Point", "coordinates": [ -38.574713, -3.699739 ] } },
{ "type": "Feature", "properties": { "micronodo": "Mutirão", "area_oficial": "CRISTO REDENTOR", "faction": "CV", "lat": -3.703483, "long": -38.570273 }, "geometry": { "type": "Point", "coordinates": [ -38.570273, -3.703483 ] } },
{ "type": "Feature", "properties": { "micronodo": "Colônia ", "area_oficial": "BARRA DO CEARÁ", "faction": "CV", "lat": -3.704288, "long": -38.574198 }, "geometry": { "type": "Point", "coordinates": [ -38.574198, -3.704288 ] } },
{ "type": "Feature", "properties": { "micronodo": "Canal (Complexo da Barra do Ceará)", "area_oficial": "BARRA DO CEARÁ", "faction": "CV", "lat": -3.702103, "long": -38.578025 }, "geometry": { "type": "Point", "coordinates": [ -38.578025, -3.702103 ] } },
{ "type": "Feature", "properties": { "micronodo": "Comunidade do HX ", "area_oficial": "BARRA DO CEARÁ", "faction": "CV", "lat": -3.702769, "long": -38.581554 }, "geometry": { "type": "Point", "coordinates": [ -38.581554, -3.702769 ] } },
{ "type": "Feature", "properties": { "micronodo": "Condomínio da 6 (Complexo da Barra do Ceará)", "area_oficial": "BARRA DO CEARÁ", "faction": "CV", "lat": -3.703131, "long": -38.576149 }, "geometry": { "type": "Point", "coordinates": [ -38.576149, -3.703131 ] } },
{ "type": "Feature", "properties": { "micronodo": "Comunidade dos Coqueiros (Complexo da Barra do Ceará)", "area_oficial": "CRISTO REDENTOR", "faction": "CV", "lat": -3.702653, "long": -38.572083 }, "geometry": { "type": "Point", "coordinates": [ -38.572083, -3.702653 ] } },
{ "type": "Feature", "properties": { "micronodo": "Morro do Grêmio ", "area_oficial": "BARRA DO CEARÁ", "faction": "CV", "lat": -3.698288, "long": -38.57923 }, "geometry": { "type": "Point", "coordinates": [ -38.57923, -3.698288 ] } },
{ "type": "Feature", "properties": { "micronodo": "Beco da Pompeia", "area_oficial": "BARRA DO CEARÁ", "faction": "CV", "lat": -3.702283, "long": -38.579026 }, "geometry": { "type": "Point", "coordinates": [ -38.579026, -3.702283 ] } },
{ "type": "Feature", "properties": { "micronodo": "Comunidade do Canal - Vila Velha", "area_oficial": "VILA VELHA", "faction": "CV", "lat": -3.714337, "long": -38.605597 }, "geometry": { "type": "Point", "coordinates": [ -38.605597, -3.714337 ] } },
{ "type": "Feature", "properties": { "micronodo": "Favela do Bical", "area_oficial": "BARRA DO CEARÁ", "faction": "CV", "lat": -3.703525, "long": -38.5751 }, "geometry": { "type": "Point", "coordinates": [ -38.5751, -3.703525 ] } },
{ "type": "Feature", "properties": { "micronodo": "Favela da 3P", "area_oficial": "BARRA DO CEARÁ", "faction": "CV", "lat": -3.701367, "long": -38.573113 }, "geometry": { "type": "Point", "coordinates": [ -38.573113, -3.701367 ] } },
{ "type": "Feature", "properties": { "micronodo": "Goiabeiras ", "area_oficial": "BARRA DO CEARÁ", "faction": "CV", "lat": -3.697339, "long": -38.577764 }, "geometry": { "type": "Point", "coordinates": [ -38.577764, -3.697339 ] } },
{ "type": "Feature", "properties": { "micronodo": "B13 - (Complexo da Barra do Ceará)", "area_oficial": "BARRA DO CEARÁ", "faction": "CV", "lat": -3.706414, "long": -38.574001 }, "geometry": { "type": "Point", "coordinates": [ -38.574001, -3.706414 ] } },
{ "type": "Feature", "properties": { "micronodo": "Laje da Colônia ", "area_oficial": "CRISTO REDENTOR", "faction": "CV", "lat": -3.707533, "long": -38.569326 }, "geometry": { "type": "Point", "coordinates": [ -38.569326, -3.707533 ] } },
{ "type": "Feature", "properties": { "micronodo": "Jambalaia / Morro do Falcão", "area_oficial": "CRISTO REDENTOR", "faction": "CV", "lat": -3.705037, "long": -38.567701 }, "geometry": { "type": "Point", "coordinates": [ -38.567701, -3.705037 ] } },
{ "type": "Feature", "properties": { "micronodo": "Morro da Colônia (Complexo da Barra do Ceará)", "area_oficial": "CRISTO REDENTOR", "faction": "CV", "lat": -3.704517, "long": -38.571998 }, "geometry": { "type": "Point", "coordinates": [ -38.571998, -3.704517 ] } },
{ "type": "Feature", "properties": { "micronodo": "Cristo Redentor Colônia - (Complexo Da Barra Do Ceará)", "area_oficial": "CRISTO REDENTOR", "faction": "CV", "lat": -3.705855, "long": -38.566653 }, "geometry": { "type": "Point", "coordinates": [ -38.566653, -3.705855 ] } },
{ "type": "Feature", "properties": { "micronodo": "Fronteira (Complexo da Barra do Ceará)", "area_oficial": "CRISTO REDENTOR", "faction": "CV", "lat": -3.705698, "long": -38.56558 }, "geometry": { "type": "Point", "coordinates": [ -38.56558, -3.705698 ] } },
{ "type": "Feature", "properties": { "micronodo": "Pantanalzinho", "area_oficial": "PARQUE MANIBURA", "faction": "CV", "lat": -3.789332, "long": -38.486658 }, "geometry": { "type": "Point", "coordinates": [ -38.486658, -3.789332 ] } },
{ "type": "Feature", "properties": { "micronodo": "Vila cazumba ", "area_oficial": "JARDIM DAS OLIVEIRAS", "faction": "CV", "lat": -3.787104, "long": -38.504617 }, "geometry": { "type": "Point", "coordinates": [ -38.504617, -3.787104 ] } },
{ "type": "Feature", "properties": { "micronodo": "Travessa", "area_oficial": "PARQUE MANIBURA", "faction": "CV", "lat": -3.788358, "long": -38.486321 }, "geometry": { "type": "Point", "coordinates": [ -38.486321, -3.788358 ] } },
{ "type": "Feature", "properties": { "micronodo": "CASARÃO DE FESTAS", "area_oficial": "PARQUE MANIBURA", "faction": "CV", "lat": -3.7893849, "long": -38.4831 }, "geometry": { "type": "Point", "coordinates": [ -38.4831, -3.7893849 ] } },
{ "type": "Feature", "properties": { "micronodo": "CASARÃO / RUA DO MEIO", "area_oficial": "PARQUE MANIBURA", "faction": "CV", "lat": -3.7902803, "long": -38.4869887 }, "geometry": { "type": "Point", "coordinates": [ -38.4869887, -3.7902803 ] } },
{ "type": "Feature", "properties": { "micronodo": "Beco do Kaleb", "area_oficial": "PARQUE MANIBURA", "faction": "CV", "lat": -3.790206, "long": -38.486865 }, "geometry": { "type": "Point", "coordinates": [ -38.486865, -3.790206 ] } },
{ "type": "Feature", "properties": { "micronodo": "Favela do Pantanal", "area_oficial": "PARQUE MANIBURA", "faction": "CV", "lat": -3.789353, "long": -38.491764 }, "geometry": { "type": "Point", "coordinates": [ -38.491764, -3.789353 ] } },
{ "type": "Feature", "properties": { "micronodo": "Jari", "area_oficial": "URUCUTUBA", "faction": "CV", "lat": -3.79633, "long": -38.647562 }, "geometry": { "type": "Point", "coordinates": [ -38.647562, -3.79633 ] } },
{ "type": "Feature", "properties": { "micronodo": "Favela Do 18 ", "area_oficial": "ALTO ALEGRE II", "faction": "CV", "lat": -3.827346, "long": -38.626589 }, "geometry": { "type": "Point", "coordinates": [ -38.626589, -3.827346 ] } },
{ "type": "Feature", "properties": { "micronodo": "Vila da Paz", "area_oficial": "ALTO ALEGRE II", "faction": "CV", "lat": -3.84508, "long": -38.608161 }, "geometry": { "type": "Point", "coordinates": [ -38.608161, -3.84508 ] } },
{ "type": "Feature", "properties": { "micronodo": "Campo do Ganso", "area_oficial": "ALTO ALEGRE II", "faction": "CV", "lat": -3.845434, "long": -38.61088 }, "geometry": { "type": "Point", "coordinates": [ -38.61088, -3.845434 ] } },
{ "type": "Feature", "properties": { "micronodo": "Parque tijuca", "area_oficial": "ALTO ALEGRE II", "faction": "CV", "lat": -3.844018, "long": -38.626392 }, "geometry": { "type": "Point", "coordinates": [ -38.626392, -3.844018 ] } },
{ "type": "Feature", "properties": { "micronodo": "Jagatá - Maracanaú", "area_oficial": "ALTO ALEGRE II", "faction": "CV", "lat": -3.831462, "long": -38.620447 }, "geometry": { "type": "Point", "coordinates": [ -38.620447, -3.831462 ] } },
{ "type": "Feature", "properties": { "micronodo": "Alto da Mangueira - Maracanaú", "area_oficial": "MARACANAÚ", "faction": "CV", "lat": -3.886984, "long": -38.635924 }, "geometry": { "type": "Point", "coordinates": [ -38.635924, -3.886984 ] } },
{ "type": "Feature", "properties": { "micronodo": "Maracananzinho", "area_oficial": "MARACANAÚ", "faction": "CV", "lat": -3.866151, "long": -38.636023 }, "geometry": { "type": "Point", "coordinates": [ -38.636023, -3.866151 ] } },
{ "type": "Feature", "properties": { "micronodo": "Multirão - Maracanaú", "area_oficial": "MARACANAÚ", "faction": "CV", "lat": -3.888536, "long": -38.637398 }, "geometry": { "type": "Point", "coordinates": [ -38.637398, -3.888536 ] } },
{ "type": "Feature", "properties": { "micronodo": "Ouro preto", "area_oficial": "MARACANAÚ", "faction": "CV", "lat": -3.869997, "long": -38.621834 }, "geometry": { "type": "Point", "coordinates": [ -38.621834, -3.869997 ] } },
{ "type": "Feature", "properties": { "micronodo": "Piratininga", "area_oficial": "MARACANAÚ", "faction": "CV", "lat": -3.864243, "long": -38.628058 }, "geometry": { "type": "Point", "coordinates": [ -38.628058, -3.864243 ] } },
{ "type": "Feature", "properties": { "micronodo": "Jereissati Setor A - Maracanaú", "area_oficial": "MARACANAÚ", "faction": "CV", "lat": -3.8714, "long": -38.618167 }, "geometry": { "type": "Point", "coordinates": [ -38.618167, -3.8714 ] } },
{ "type": "Feature", "properties": { "micronodo": "Coqueiral - Maracanaú", "area_oficial": "MARACANAÚ", "faction": "CV", "lat": -3.869676, "long": -38.622077 }, "geometry": { "type": "Point", "coordinates": [ -38.622077, -3.869676 ] } },
{ "type": "Feature", "properties": { "micronodo": "Horto", "area_oficial": "MARACANAÚ", "faction": "CV", "lat": -3.904241, "long": -38.621371 }, "geometry": { "type": "Point", "coordinates": [ -38.621371, -3.904241 ] } },
{ "type": "Feature", "properties": { "micronodo": "Passarela ", "area_oficial": "MARACANAÚ", "faction": "CV", "lat": -3.880358, "long": -38.622398 }, "geometry": { "type": "Point", "coordinates": [ -38.622398, -3.880358 ] } },
{ "type": "Feature", "properties": { "micronodo": "Planalto Verde", "area_oficial": "MARACANAÚ", "faction": "CV", "lat": -3.903584, "long": -38.62147 }, "geometry": { "type": "Point", "coordinates": [ -38.62147, -3.903584 ] } },
{ "type": "Feature", "properties": { "micronodo": "Olho D’Água", "area_oficial": "MARACANAÚ", "faction": "CV", "lat": -3.914306, "long": -38.629382 }, "geometry": { "type": "Point", "coordinates": [ -38.629382, -3.914306 ] } },
{ "type": "Feature", "properties": { "micronodo": "Residencial Dummar 2", "area_oficial": "MARACANAÚ", "faction": "CV", "lat": -3.880321, "long": -38.597935 }, "geometry": { "type": "Point", "coordinates": [ -38.597935, -3.880321 ] } },
{ "type": "Feature", "properties": { "micronodo": "Favela Da Lagoa", "area_oficial": "MARACANAÚ", "faction": "CV", "lat": -3.87571, "long": -38.628237 }, "geometry": { "type": "Point", "coordinates": [ -38.628237, -3.87571 ] } },
{ "type": "Feature", "properties": { "micronodo": "Jardim Bandeirantes", "area_oficial": "INDUSTRIAL", "faction": "CV", "lat": -3.86809, "long": -38.592729 }, "geometry": { "type": "Point", "coordinates": [ -38.592729, -3.86809 ] } },
{ "type": "Feature", "properties": { "micronodo": "Novo Maracanaú", "area_oficial": "MARACANAÚ", "faction": "CV", "lat": -3.86215, "long": -38.624118 }, "geometry": { "type": "Point", "coordinates": [ -38.624118, -3.86215 ] } },
{ "type": "Feature", "properties": { "micronodo": "Boa Esperança - Pajuçara", "area_oficial": "CIDADE NOVA", "faction": "CV", "lat": -3.851984, "long": -38.580208 }, "geometry": { "type": "Point", "coordinates": [ -38.580208, -3.851984 ] } },
{ "type": "Feature", "properties": { "micronodo": "Pajuçara", "area_oficial": "CIDADE NOVA", "faction": "CV", "lat": -3.852854, "long": -38.586349 }, "geometry": { "type": "Point", "coordinates": [ -38.586349, -3.852854 ] } },
{ "type": "Feature", "properties": { "micronodo": "Comunidade do Flamenguinho - Pajuçara", "area_oficial": "CIDADE NOVA", "faction": "CV", "lat": -3.858228, "long": -38.576059 }, "geometry": { "type": "Point", "coordinates": [ -38.576059, -3.858228 ] } },
{ "type": "Feature", "properties": { "micronodo": "Comunidade dos Macacos - Pajuçara", "area_oficial": "CIDADE NOVA", "faction": "CV", "lat": -3.859169, "long": -38.586955 }, "geometry": { "type": "Point", "coordinates": [ -38.586955, -3.859169 ] } },
{ "type": "Feature", "properties": { "micronodo": "Comunidade do Canal - Pajuçara", "area_oficial": "CIDADE NOVA", "faction": "CV", "lat": -3.865005, "long": -38.579042 }, "geometry": { "type": "Point", "coordinates": [ -38.579042, -3.865005 ] } },
{ "type": "Feature", "properties": { "micronodo": "Comunidade do Museu - Pajuçara", "area_oficial": "CIDADE NOVA", "faction": "CV", "lat": -3.863905, "long": -38.583192 }, "geometry": { "type": "Point", "coordinates": [ -38.583192, -3.863905 ] } },
{ "type": "Feature", "properties": { "micronodo": "Areá verde - Pajuçara", "area_oficial": "CIDADE NOVA", "faction": "CV", "lat": -3.869488, "long": -38.587924 }, "geometry": { "type": "Point", "coordinates": [ -38.587924, -3.869488 ] } },
{ "type": "Feature", "properties": { "micronodo": "Jereissati Setor B - Maracanaú", "area_oficial": "MARACANAÚ", "faction": "CV", "lat": -3.876918, "long": -38.610217 }, "geometry": { "type": "Point", "coordinates": [ -38.610217, -3.876918 ] } },
{ "type": "Feature", "properties": { "micronodo": "Sem Terra", "area_oficial": "CIDADE NOVA", "faction": "CV", "lat": -3.872364, "long": -38.587237 }, "geometry": { "type": "Point", "coordinates": [ -38.587237, -3.872364 ] } },
{ "type": "Feature", "properties": { "micronodo": "Jereissati Setor C - Maracanaú", "area_oficial": "MARACANAÚ", "faction": "CV", "lat": -3.878646, "long": -38.614067 }, "geometry": { "type": "Point", "coordinates": [ -38.614067, -3.878646 ] } },
{ "type": "Feature", "properties": { "micronodo": "Timbó", "area_oficial": "MARACANAÚ", "faction": "CV", "lat": -3.873031, "long": -38.612558 }, "geometry": { "type": "Point", "coordinates": [ -38.612558, -3.873031 ] } },
{ "type": "Feature", "properties": { "micronodo": "Barragem Santo Antônio ", "area_oficial": "PACATUBA", "faction": "CV", "lat": -3.935672, "long": -38.644873 }, "geometry": { "type": "Point", "coordinates": [ -38.644873, -3.935672 ] } },
{ "type": "Feature", "properties": { "micronodo": "Residencial Dummar 3", "area_oficial": "MARACANAÚ", "faction": "CV", "lat": -3.879163, "long": -38.596705 }, "geometry": { "type": "Point", "coordinates": [ -38.596705, -3.879163 ] } },
{ "type": "Feature", "properties": { "micronodo": "Residencial Dummar 1", "area_oficial": "MARACANAÚ", "faction": "CV", "lat": -3.88007, "long": -38.598877 }, "geometry": { "type": "Point", "coordinates": [ -38.598877, -3.88007 ] } },
{ "type": "Feature", "properties": { "micronodo": "Rua do trilho", "area_oficial": "MARACANAÚ", "faction": "CV", "lat": -3.880472, "long": -38.626278 }, "geometry": { "type": "Point", "coordinates": [ -38.626278, -3.880472 ] } },
{ "type": "Feature", "properties": { "micronodo": "Jereissati Setor D - Maracanaú", "area_oficial": "MARACANAÚ", "faction": "CV", "lat": -3.885556, "long": -38.619667 }, "geometry": { "type": "Point", "coordinates": [ -38.619667, -3.885556 ] } },
{ "type": "Feature", "properties": { "micronodo": "Boa Vista - Maracanaú", "area_oficial": "MARACANAÚ", "faction": "CV", "lat": -3.889482, "long": -38.621286 }, "geometry": { "type": "Point", "coordinates": [ -38.621286, -3.889482 ] } },
{ "type": "Feature", "properties": { "micronodo": "Jereissati Setor E - Maracanaú", "area_oficial": "MARACANAÚ", "faction": "CV", "lat": -3.884363, "long": -38.616035 }, "geometry": { "type": "Point", "coordinates": [ -38.616035, -3.884363 ] } },
{ "type": "Feature", "properties": { "micronodo": "Vila Cabral", "area_oficial": "EUSÉBIO", "faction": "CV", "lat": -3.883758, "long": -38.4089 }, "geometry": { "type": "Point", "coordinates": [ -38.4089, -3.883758 ] } },
{ "type": "Feature", "properties": { "micronodo": "Conjunto Vitoria - Pajuçara", "area_oficial": "CIDADE NOVA", "faction": "CV", "lat": -3.857992, "long": -38.576853 }, "geometry": { "type": "Point", "coordinates": [ -38.576853, -3.857992 ] } },
{ "type": "Feature", "properties": { "micronodo": "Parque Jerusalém", "area_oficial": "CANINDEZINHO", "faction": "CV", "lat": -3.807369, "long": -38.6044 }, "geometry": { "type": "Point", "coordinates": [ -38.6044, -3.807369 ] } },
{ "type": "Feature", "properties": { "micronodo": "Estação - Boa Vista ", "area_oficial": "MARACANAÚ", "faction": "CV", "lat": -3.886646, "long": -38.624357 }, "geometry": { "type": "Point", "coordinates": [ -38.624357, -3.886646 ] } },
{ "type": "Feature", "properties": { "micronodo": "Piranha", "area_oficial": "EUSÉBIO", "faction": "CV", "lat": -3.883381, "long": -38.418771 }, "geometry": { "type": "Point", "coordinates": [ -38.418771, -3.883381 ] } },
{ "type": "Feature", "properties": { "micronodo": "Tupuiú", "area_oficial": "EUSÉBIO", "faction": "CV", "lat": -3.874967, "long": -38.411466 }, "geometry": { "type": "Point", "coordinates": [ -38.411466, -3.874967 ] } },
{ "type": "Feature", "properties": { "micronodo": "Autódromo", "area_oficial": "EUSÉBIO", "faction": "CV", "lat": -3.894992, "long": -38.463504 }, "geometry": { "type": "Point", "coordinates": [ -38.463504, -3.894992 ] } },
{ "type": "Feature", "properties": { "micronodo": "Jacundá ", "area_oficial": "EUSÉBIO", "faction": "CV", "lat": -3.882537, "long": -38.41778 }, "geometry": { "type": "Point", "coordinates": [ -38.41778, -3.882537 ] } },
{ "type": "Feature", "properties": { "micronodo": "Vila da Prata", "area_oficial": "EUSÉBIO", "faction": "CV", "lat": -3.892108, "long": -38.454549 }, "geometry": { "type": "Point", "coordinates": [ -38.454549, -3.892108 ] } },
{ "type": "Feature", "properties": { "micronodo": "Santo Antônio", "area_oficial": "PEDRAS", "faction": "CV", "lat": -3.888014, "long": -38.501663 }, "geometry": { "type": "Point", "coordinates": [ -38.501663, -3.888014 ] } },
{ "type": "Feature", "properties": { "micronodo": "Novo Portugal", "area_oficial": "EUSÉBIO", "faction": "CV", "lat": -3.88192, "long": -38.427962 }, "geometry": { "type": "Point", "coordinates": [ -38.427962, -3.88192 ] } },
{ "type": "Feature", "properties": { "micronodo": "Parnamirim 2", "area_oficial": "EUSÉBIO", "faction": "CV", "lat": -3.884737, "long": -38.458204 }, "geometry": { "type": "Point", "coordinates": [ -38.458204, -3.884737 ] } },
{ "type": "Feature", "properties": { "micronodo": "Favela da Portelinha", "area_oficial": "CANINDEZINHO", "faction": "CV", "lat": -3.807867, "long": -38.598992 }, "geometry": { "type": "Point", "coordinates": [ -38.598992, -3.807867 ] } },
{ "type": "Feature", "properties": { "micronodo": "Comunidade dos Canos - Jerusalém", "area_oficial": "PARQUE SĂO JOSÉ", "faction": "CV", "lat": -3.80144, "long": -38.595019 }, "geometry": { "type": "Point", "coordinates": [ -38.595019, -3.80144 ] } },
{ "type": "Feature", "properties": { "micronodo": "Inferninho", "area_oficial": "PRECABURA", "faction": "CV", "lat": -3.840551, "long": -38.436812 }, "geometry": { "type": "Point", "coordinates": [ -38.436812, -3.840551 ] } },
{ "type": "Feature", "properties": { "micronodo": "Vila São Francisco", "area_oficial": "PRECABURA", "faction": "CV", "lat": -3.83694, "long": -38.441118 }, "geometry": { "type": "Point", "coordinates": [ -38.441118, -3.83694 ] } },
{ "type": "Feature", "properties": { "micronodo": "Gruta - Aquiraz", "area_oficial": "AQUIRAZ", "faction": "CV", "lat": -3.907404, "long": -38.386404 }, "geometry": { "type": "Point", "coordinates": [ -38.386404, -3.907404 ] } },
{ "type": "Feature", "properties": { "micronodo": "Águas Belas", "area_oficial": "PINDORETAMA", "faction": "CV", "lat": -4.047219, "long": -38.190379 }, "geometry": { "type": "Point", "coordinates": [ -38.190379, -4.047219 ] } },
{ "type": "Feature", "properties": { "micronodo": "Iguapé", "area_oficial": "AQUIRAZ", "faction": "CV", "lat": -3.94225, "long": -38.298661 }, "geometry": { "type": "Point", "coordinates": [ -38.298661, -3.94225 ] } },
{ "type": "Feature", "properties": { "micronodo": "Pratius ll", "area_oficial": "PINDORETAMA", "faction": "CV", "lat": -4.032829, "long": -38.257992 }, "geometry": { "type": "Point", "coordinates": [ -38.257992, -4.032829 ] } },
{ "type": "Feature", "properties": { "micronodo": "Pindoba", "area_oficial": "EUSÉBIO", "faction": "CV", "lat": -3.896739, "long": -38.417806 }, "geometry": { "type": "Point", "coordinates": [ -38.417806, -3.896739 ] } },
{ "type": "Feature", "properties": { "micronodo": "Praia do Batoque", "area_oficial": "PINDORETAMA", "faction": "CV", "lat": -3.994269, "long": -38.242504 }, "geometry": { "type": "Point", "coordinates": [ -38.242504, -3.994269 ] } },
{ "type": "Feature", "properties": { "micronodo": "Patacas", "area_oficial": "AQUIRAZ", "faction": "CV", "lat": -3.99302, "long": -38.345882 }, "geometry": { "type": "Point", "coordinates": [ -38.345882, -3.99302 ] } },
{ "type": "Feature", "properties": { "micronodo": "Tapera de Aquiraz", "area_oficial": "AQUIRAZ", "faction": "CV", "lat": -3.944111, "long": -38.353794 }, "geometry": { "type": "Point", "coordinates": [ -38.353794, -3.944111 ] } },
{ "type": "Feature", "properties": { "micronodo": "Caponga", "area_oficial": "PINDORETAMA", "faction": "CV", "lat": -4.036124, "long": -38.204216 }, "geometry": { "type": "Point", "coordinates": [ -38.204216, -4.036124 ] } },
{ "type": "Feature", "properties": { "micronodo": "Novo iguape", "area_oficial": "AQUIRAZ", "faction": "CV", "lat": -3.942079, "long": -38.308964 }, "geometry": { "type": "Point", "coordinates": [ -38.308964, -3.942079 ] } },
{ "type": "Feature", "properties": { "micronodo": "Buriti", "area_oficial": "PACAJUS", "faction": "CV", "lat": -4.176942, "long": -38.482886 }, "geometry": { "type": "Point", "coordinates": [ -38.482886, -4.176942 ] } },
{ "type": "Feature", "properties": { "micronodo": "Pratius l", "area_oficial": "PINDORETAMA", "faction": "CV", "lat": -4.033864, "long": -38.270054 }, "geometry": { "type": "Point", "coordinates": [ -38.270054, -4.033864 ] } },
{ "type": "Feature", "properties": { "micronodo": "Barro preto", "area_oficial": "PINDORETAMA", "faction": "CV", "lat": -3.949755, "long": -38.278138 }, "geometry": { "type": "Point", "coordinates": [ -38.278138, -3.949755 ] } },
{ "type": "Feature", "properties": { "micronodo": "Vila Prata", "area_oficial": "PINDORETAMA", "faction": "CV", "lat": -4.069675, "long": -38.231826 }, "geometry": { "type": "Point", "coordinates": [ -38.231826, -4.069675 ] } },
{ "type": "Feature", "properties": { "micronodo": "Praia do Balbino", "area_oficial": "PINDORETAMA", "faction": "CV", "lat": -4.018651, "long": -38.225477 }, "geometry": { "type": "Point", "coordinates": [ -38.225477, -4.018651 ] } },
{ "type": "Feature", "properties": { "micronodo": "CDD", "area_oficial": "PACAJUS", "faction": "CV", "lat": -4.161315, "long": -38.480704 }, "geometry": { "type": "Point", "coordinates": [ -38.480704, -4.161315 ] } },
{ "type": "Feature", "properties": { "micronodo": "Tijucussu 2", "area_oficial": "PINDORETAMA", "faction": "CV", "lat": -4.074568, "long": -38.244545 }, "geometry": { "type": "Point", "coordinates": [ -38.244545, -4.074568 ] } },
{ "type": "Feature", "properties": { "micronodo": "Lagoa Seca de Pacajus", "area_oficial": "PACAJUS", "faction": "CV", "lat": -4.173646, "long": -38.491032 }, "geometry": { "type": "Point", "coordinates": [ -38.491032, -4.173646 ] } },
{ "type": "Feature", "properties": { "micronodo": "Vila Pagã - Aquiraz", "area_oficial": "AQUIRAZ", "faction": "CV", "lat": -3.949924, "long": -38.366592 }, "geometry": { "type": "Point", "coordinates": [ -38.366592, -3.949924 ] } },
{ "type": "Feature", "properties": { "micronodo": "Alto da Boa Vista", "area_oficial": "PACAJUS", "faction": "CV", "lat": -4.167999, "long": -38.475223 }, "geometry": { "type": "Point", "coordinates": [ -38.475223, -4.167999 ] } },
{ "type": "Feature", "properties": { "micronodo": "Cidade de Pindoretama", "area_oficial": "PINDORETAMA", "faction": "CV", "lat": -4.017294, "long": -38.320986 }, "geometry": { "type": "Point", "coordinates": [ -38.320986, -4.017294 ] } },
{ "type": "Feature", "properties": { "micronodo": "Praia do Presídio", "area_oficial": "AQUIRAZ", "faction": "CV", "lat": -3.929239, "long": -38.314946 }, "geometry": { "type": "Point", "coordinates": [ -38.314946, -3.929239 ] } },
{ "type": "Feature", "properties": { "micronodo": "Beira do Açude ", "area_oficial": "PACAJUS", "faction": "CV", "lat": -4.162551, "long": -38.447127 }, "geometry": { "type": "Point", "coordinates": [ -38.447127, -4.162551 ] } },
{ "type": "Feature", "properties": { "micronodo": "Coaçu", "area_oficial": "COAÇU", "faction": "CV", "lat": -4.161825, "long": -38.471054 }, "geometry": { "type": "Point", "coordinates": [ -38.471054, -4.161825 ] } },
{ "type": "Feature", "properties": { "micronodo": "Pedra Branca", "area_oficial": "PEDRA BRANCA", "faction": "CV", "lat": -4.16732, "long": -38.48316 }, "geometry": { "type": "Point", "coordinates": [ -38.48316, -4.16732 ] } },
{ "type": "Feature", "properties": { "micronodo": "Pingo De Ouro - Aquiraz", "area_oficial": "AQUIRAZ", "faction": "CV", "lat": -3.975411, "long": -38.360629 }, "geometry": { "type": "Point", "coordinates": [ -38.360629, -3.975411 ] } },
{ "type": "Feature", "properties": { "micronodo": "Bairro Mangueiral", "area_oficial": "HORIZONTE", "faction": "CV", "lat": -4.09029, "long": -38.490131 }, "geometry": { "type": "Point", "coordinates": [ -38.490131, -4.09029 ] } },
{ "type": "Feature", "properties": { "micronodo": "MANGUEIRAL", "area_oficial": "PINDORETAMA", "faction": "CV", "lat": -4.0799754, "long": -38.2995549 }, "geometry": { "type": "Point", "coordinates": [ -38.2995549, -4.0799754 ] } },
{ "type": "Feature", "properties": { "micronodo": "Tanques", "area_oficial": "HORIZONTE", "faction": "CV", "lat": -4.064098, "long": -38.437597 }, "geometry": { "type": "Point", "coordinates": [ -38.437597, -4.064098 ] } },
{ "type": "Feature", "properties": { "micronodo": "Sem Terra", "area_oficial": "HORIZONTE", "faction": "CV", "lat": -4.089401, "long": -38.485914 }, "geometry": { "type": "Point", "coordinates": [ -38.485914, -4.089401 ] } },
{ "type": "Feature", "properties": { "micronodo": "Zumbi", "area_oficial": "HORIZONTE", "faction": "CV", "lat": -4.095917, "long": -38.487126 }, "geometry": { "type": "Point", "coordinates": [ -38.487126, -4.095917 ] } },
{ "type": "Feature", "properties": { "micronodo": "Vila Catu - Horizonte", "area_oficial": "HORIZONTE", "faction": "CV", "lat": -4.083607, "long": -38.493894 }, "geometry": { "type": "Point", "coordinates": [ -38.493894, -4.083607 ] } },
{ "type": "Feature", "properties": { "micronodo": "Comunidade Asa Branca", "area_oficial": "HORIZONTE", "faction": "CV", "lat": -4.129409, "long": -38.478868 }, "geometry": { "type": "Point", "coordinates": [ -38.478868, -4.129409 ] } },
{ "type": "Feature", "properties": { "micronodo": "Diadema 2", "area_oficial": "HORIZONTE", "faction": "CV", "lat": -4.090704, "long": -38.485934 }, "geometry": { "type": "Point", "coordinates": [ -38.485934, -4.090704 ] } },
{ "type": "Feature", "properties": { "micronodo": "Caponga da Bernarda", "area_oficial": "PINDORETAMA", "faction": "CV", "lat": -4.052044, "long": -38.364454 }, "geometry": { "type": "Point", "coordinates": [ -38.364454, -4.052044 ] } },
{ "type": "Feature", "properties": { "micronodo": "Pica- Pau (Distrito Industrial)", "area_oficial": "HORIZONTE", "faction": "CV", "lat": -4.120339, "long": -38.486846 }, "geometry": { "type": "Point", "coordinates": [ -38.486846, -4.120339 ] } },
{ "type": "Feature", "properties": { "micronodo": "Planalto Horizonte", "area_oficial": "HORIZONTE", "faction": "CV", "lat": -4.112356, "long": -38.487304 }, "geometry": { "type": "Point", "coordinates": [ -38.487304, -4.112356 ] } },
{ "type": "Feature", "properties": { "micronodo": "Mal Cozinhado ", "area_oficial": "HORIZONTE", "faction": "CV", "lat": -4.08765, "long": -38.493403 }, "geometry": { "type": "Point", "coordinates": [ -38.493403, -4.08765 ] } },
{ "type": "Feature", "properties": { "micronodo": "Malhada ", "area_oficial": "HORIZONTE", "faction": "CV", "lat": -4.130362, "long": -38.495276 }, "geometry": { "type": "Point", "coordinates": [ -38.495276, -4.130362 ] } },
{ "type": "Feature", "properties": { "micronodo": "Alto da Paz", "area_oficial": "HORIZONTE", "faction": "CV", "lat": -4.104168, "long": -38.476426 }, "geometry": { "type": "Point", "coordinates": [ -38.476426, -4.104168 ] } },
{ "type": "Feature", "properties": { "micronodo": "Caminho das Estrelas", "area_oficial": "PACAJUS", "faction": "CV", "lat": -4.168043, "long": -38.449458 }, "geometry": { "type": "Point", "coordinates": [ -38.449458, -4.168043 ] } },
{ "type": "Feature", "properties": { "micronodo": "Ancuri", "area_oficial": "ANCURI", "faction": "CV", "lat": -3.87177, "long": -38.52824 }, "geometry": { "type": "Point", "coordinates": [ -38.52824, -3.87177 ] } },
{ "type": "Feature", "properties": { "micronodo": "Bairro Novo", "area_oficial": "PEDRAS", "faction": "CV", "lat": -3.867545, "long": -38.526372 }, "geometry": { "type": "Point", "coordinates": [ -38.526372, -3.867545 ] } },
{ "type": "Feature", "properties": { "micronodo": "Riacho Doce", "area_oficial": "PARACURU", "faction": "CV", "lat": -3.415642, "long": -39.044798 }, "geometry": { "type": "Point", "coordinates": [ -39.044798, -3.415642 ] } },
{ "type": "Feature", "properties": { "micronodo": "Alto Fechado", "area_oficial": "PEDRAS", "faction": "CV", "lat": -3.88771, "long": -38.546969 }, "geometry": { "type": "Point", "coordinates": [ -38.546969, -3.88771 ] } },
{ "type": "Feature", "properties": { "micronodo": "Boqueirão dos Tabosas", "area_oficial": "PARAIPABA", "faction": "CV", "lat": -3.426399, "long": -39.153968 }, "geometry": { "type": "Point", "coordinates": [ -39.153968, -3.426399 ] } },
{ "type": "Feature", "properties": { "micronodo": "Polígono 662", "area_oficial": "PARACURU", "faction": "CV", "lat": -3.4151188, "long": -39.044967 }, "geometry": { "type": "Point", "coordinates": [ -39.044967, -3.4151188 ] } },
{ "type": "Feature", "properties": { "micronodo": "Polígono 660", "area_oficial": "PARACURU", "faction": "CV", "lat": -3.41235, "long": -39.019983 }, "geometry": { "type": "Point", "coordinates": [ -39.019983, -3.41235 ] } },
{ "type": "Feature", "properties": { "micronodo": "Campo de Aviação ", "area_oficial": "PARACURU", "faction": "CV", "lat": -3.415604, "long": -39.033095 }, "geometry": { "type": "Point", "coordinates": [ -39.033095, -3.415604 ] } },
{ "type": "Feature", "properties": { "micronodo": "Vila São José", "area_oficial": "PARACURU", "faction": "CV", "lat": -3.426458, "long": -39.035001 }, "geometry": { "type": "Point", "coordinates": [ -39.035001, -3.426458 ] } },
{ "type": "Feature", "properties": { "micronodo": "Carlotas ll", "area_oficial": "PARACURU", "faction": "CV", "lat": -3.425265, "long": -39.02814 }, "geometry": { "type": "Point", "coordinates": [ -39.02814, -3.425265 ] } },
{ "type": "Feature", "properties": { "micronodo": "Polígono 661", "area_oficial": "PARACURU", "faction": "CV", "lat": -3.426458, "long": -39.035001 }, "geometry": { "type": "Point", "coordinates": [ -39.035001, -3.426458 ] } },
{ "type": "Feature", "properties": { "micronodo": "Comunidade do Alagadiço ", "area_oficial": "PARACURU", "faction": "CV", "lat": -3.42435, "long": -39.019587 }, "geometry": { "type": "Point", "coordinates": [ -39.019587, -3.42435 ] } },
{ "type": "Feature", "properties": { "micronodo": "Bairro da Torre", "area_oficial": "PARACURU", "faction": "CV", "lat": -3.412786, "long": -39.027931 }, "geometry": { "type": "Point", "coordinates": [ -39.027931, -3.412786 ] } },
{ "type": "Feature", "properties": { "micronodo": "Conjunto Carandiru - Planalto Horizonte", "area_oficial": "HORIZONTE", "faction": "CV", "lat": -4.114834, "long": -38.479496 }, "geometry": { "type": "Point", "coordinates": [ -38.479496, -4.114834 ] } },
{ "type": "Feature", "properties": { "micronodo": "Carlotas", "area_oficial": "PARACURU", "faction": "CV", "lat": -3.423574, "long": -39.030669 }, "geometry": { "type": "Point", "coordinates": [ -39.030669, -3.423574 ] } },
{ "type": "Feature", "properties": { "micronodo": "Maleitas", "area_oficial": "PARACURU", "faction": "CV", "lat": -3.416077, "long": -39.038374 }, "geometry": { "type": "Point", "coordinates": [ -39.038374, -3.416077 ] } },
{ "type": "Feature", "properties": { "micronodo": "Antônio Marques", "area_oficial": "PALMÁCIA", "faction": "CV", "lat": -4.081018, "long": -38.895491 }, "geometry": { "type": "Point", "coordinates": [ -38.895491, -4.081018 ] } },
{ "type": "Feature", "properties": { "micronodo": "Tanques", "area_oficial": "PALMÁCIA", "faction": "CV", "lat": -4.081887, "long": -38.789866 }, "geometry": { "type": "Point", "coordinates": [ -38.789866, -4.081887 ] } },
{ "type": "Feature", "properties": { "micronodo": "Comunidade da Babilônia ", "area_oficial": "MARANGUAPE", "faction": "CV", "lat": -4.027482, "long": -38.873301 }, "geometry": { "type": "Point", "coordinates": [ -38.873301, -4.027482 ] } },
{ "type": "Feature", "properties": { "micronodo": "São João do Amanari", "area_oficial": "MARANGUAPE", "faction": "CV", "lat": -4.014974, "long": -38.884776 }, "geometry": { "type": "Point", "coordinates": [ -38.884776, -4.014974 ] } },
{ "type": "Feature", "properties": { "micronodo": "Amanari", "area_oficial": "MARANGUAPE", "faction": "CV", "lat": -4.020556, "long": -38.866521 }, "geometry": { "type": "Point", "coordinates": [ -38.866521, -4.020556 ] } },
{ "type": "Feature", "properties": { "micronodo": "Itapebussu", "area_oficial": "MARANGUAPE", "faction": "CV", "lat": -4.023342, "long": -38.925804 }, "geometry": { "type": "Point", "coordinates": [ -38.925804, -4.023342 ] } },
{ "type": "Feature", "properties": { "micronodo": "Serra Pelada", "area_oficial": "MARACANAÚ", "faction": "CV", "lat": -3.916058, "long": -38.698533 }, "geometry": { "type": "Point", "coordinates": [ -38.698533, -3.916058 ] } },
{ "type": "Feature", "properties": { "micronodo": "Piraporã", "area_oficial": "MARACANAÚ", "faction": "CV", "lat": -3.890994, "long": -38.696272 }, "geometry": { "type": "Point", "coordinates": [ -38.696272, -3.890994 ] } },
{ "type": "Feature", "properties": { "micronodo": "Alto Cemitério", "area_oficial": "MARACANAÚ", "faction": "CV", "lat": -3.885156, "long": -38.686456 }, "geometry": { "type": "Point", "coordinates": [ -38.686456, -3.885156 ] } },
{ "type": "Feature", "properties": { "micronodo": "Santos Dumont", "area_oficial": "MARACANAÚ", "faction": "CV", "lat": -3.903733, "long": -38.68731 }, "geometry": { "type": "Point", "coordinates": [ -38.68731, -3.903733 ] } },
{ "type": "Feature", "properties": { "micronodo": "Alta Delta", "area_oficial": "MARACANAÚ", "faction": "CV", "lat": -3.919287, "long": -38.692773 }, "geometry": { "type": "Point", "coordinates": [ -38.692773, -3.919287 ] } },
{ "type": "Feature", "properties": { "micronodo": "Lagoa do Juvenal - Maranguape", "area_oficial": "MARANGUAPE", "faction": "CV", "lat": -4.020792, "long": -38.968811 }, "geometry": { "type": "Point", "coordinates": [ -38.968811, -4.020792 ] } },
{ "type": "Feature", "properties": { "micronodo": "Pato Selvagem", "area_oficial": "MARACANAÚ", "faction": "CV", "lat": -3.909608, "long": -38.676972 }, "geometry": { "type": "Point", "coordinates": [ -38.676972, -3.909608 ] } },
{ "type": "Feature", "properties": { "micronodo": "Mororó", "area_oficial": "MARACANAÚ", "faction": "CV", "lat": -3.886265, "long": -38.676065 }, "geometry": { "type": "Point", "coordinates": [ -38.676065, -3.886265 ] } },
{ "type": "Feature", "properties": { "micronodo": "Novo Parque Iracema - Alto do João Grande", "area_oficial": "MARACANAÚ", "faction": "CV", "lat": -3.911428, "long": -38.685351 }, "geometry": { "type": "Point", "coordinates": [ -38.685351, -3.911428 ] } },
{ "type": "Feature", "properties": { "micronodo": "Condomínio da Palmeirinha ", "area_oficial": "MARACANAÚ", "faction": "CV", "lat": -3.881124, "long": -38.669978 }, "geometry": { "type": "Point", "coordinates": [ -38.669978, -3.881124 ] } },
{ "type": "Feature", "properties": { "micronodo": "Cidade de Deus - Área Seca", "area_oficial": "MARACANAÚ", "faction": "CV", "lat": -3.874599, "long": -38.661173 }, "geometry": { "type": "Point", "coordinates": [ -38.661173, -3.874599 ] } },
{ "type": "Feature", "properties": { "micronodo": "BECO DO BURACO - VILA SÃO JOSÉ - ALTO DO CAJUEIRO", "area_oficial": "MARACANAÚ", "faction": "CV", "lat": -3.893764, "long": -38.690521 }, "geometry": { "type": "Point", "coordinates": [ -38.690521, -3.893764 ] } },
{ "type": "Feature", "properties": { "micronodo": "Portelinha", "area_oficial": "MARACANAÚ", "faction": "CV", "lat": -3.866253, "long": -38.669495 }, "geometry": { "type": "Point", "coordinates": [ -38.669495, -3.866253 ] } },
{ "type": "Feature", "properties": { "micronodo": "Ilha", "area_oficial": "MARACANAÚ", "faction": "CV", "lat": -3.881514, "long": -38.666249 }, "geometry": { "type": "Point", "coordinates": [ -38.666249, -3.881514 ] } },
{ "type": "Feature", "properties": { "micronodo": "Comunidade do Prourb ", "area_oficial": "MARACANAÚ", "faction": "CV", "lat": -3.882873, "long": -38.67089 }, "geometry": { "type": "Point", "coordinates": [ -38.67089, -3.882873 ] } },
{ "type": "Feature", "properties": { "micronodo": "Campo do Palmeiras", "area_oficial": "MARACANAÚ", "faction": "CV", "lat": -3.877235, "long": -38.670645 }, "geometry": { "type": "Point", "coordinates": [ -38.670645, -3.877235 ] } },
{ "type": "Feature", "properties": { "micronodo": "Coité", "area_oficial": "MARACANAÚ", "faction": "CV", "lat": -3.906475, "long": -38.677132 }, "geometry": { "type": "Point", "coordinates": [ -38.677132, -3.906475 ] } },
{ "type": "Feature", "properties": { "micronodo": "Área Verde - Novo Maranguape I", "area_oficial": "MARACANAÚ", "faction": "CV", "lat": -3.872342, "long": -38.673474 }, "geometry": { "type": "Point", "coordinates": [ -38.673474, -3.872342 ] } },
{ "type": "Feature", "properties": { "micronodo": "Campos do Jordão ", "area_oficial": "MARACANAÚ", "faction": "CV", "lat": -3.888733, "long": -38.605375 }, "geometry": { "type": "Point", "coordinates": [ -38.605375, -3.888733 ] } },
{ "type": "Feature", "properties": { "micronodo": "Planalto Benjamin", "area_oficial": "MARACANAÚ", "faction": "CV", "lat": -3.89145, "long": -38.623453 }, "geometry": { "type": "Point", "coordinates": [ -38.623453, -3.89145 ] } },
{ "type": "Feature", "properties": { "micronodo": "Vila das Flores", "area_oficial": "MARACANAÚ", "faction": "CV", "lat": -3.892219, "long": -38.623536 }, "geometry": { "type": "Point", "coordinates": [ -38.623536, -3.892219 ] } },
{ "type": "Feature", "properties": { "micronodo": "Velho Timbó", "area_oficial": "MARACANAÚ", "faction": "CV", "lat": -3.899306, "long": -38.601742 }, "geometry": { "type": "Point", "coordinates": [ -38.601742, -3.899306 ] } },
{ "type": "Feature", "properties": { "micronodo": "Residencial Pacatuba 1", "area_oficial": "MARACANAÚ", "faction": "CV", "lat": -3.890487, "long": -38.606794 }, "geometry": { "type": "Point", "coordinates": [ -38.606794, -3.890487 ] } },
{ "type": "Feature", "properties": { "micronodo": "Jereissati Setor H - Pacatuba", "area_oficial": "MARACANAÚ", "faction": "CV", "lat": -3.893708, "long": -38.61544 }, "geometry": { "type": "Point", "coordinates": [ -38.61544, -3.893708 ] } },
{ "type": "Feature", "properties": { "micronodo": "Residencial Pacatuba 2", "area_oficial": "MARACANAÚ", "faction": "CV", "lat": -3.889457, "long": -38.606629 }, "geometry": { "type": "Point", "coordinates": [ -38.606629, -3.889457 ] } },
{ "type": "Feature", "properties": { "micronodo": "Torrões", "area_oficial": "CIDADE NOVA", "faction": "CV", "lat": -3.879538, "long": -38.585204 }, "geometry": { "type": "Point", "coordinates": [ -38.585204, -3.879538 ] } },
{ "type": "Feature", "properties": { "micronodo": "Jereissati Setor F - Pacatuba", "area_oficial": "MARACANAÚ", "faction": "CV", "lat": -3.894181, "long": -38.613653 }, "geometry": { "type": "Point", "coordinates": [ -38.613653, -3.894181 ] } },
{ "type": "Feature", "properties": { "micronodo": "Ponta da Serra de Pitaguari", "area_oficial": "PACATUBA", "faction": "CV", "lat": -3.925493, "long": -38.610616 }, "geometry": { "type": "Point", "coordinates": [ -38.610616, -3.925493 ] } },
{ "type": "Feature", "properties": { "micronodo": "Jereissati Setor G - Pacatuba", "area_oficial": "MARACANAÚ", "faction": "CV", "lat": -3.883559, "long": -38.609086 }, "geometry": { "type": "Point", "coordinates": [ -38.609086, -3.883559 ] } },
{ "type": "Feature", "properties": { "micronodo": "Vila Rica - Pacatuba", "area_oficial": "PACATUBA", "faction": "CV", "lat": -3.958433, "long": -38.603963 }, "geometry": { "type": "Point", "coordinates": [ -38.603963, -3.958433 ] } },
{ "type": "Feature", "properties": { "micronodo": "Quiobal - Pacatuba", "area_oficial": "PACATUBA", "faction": "CV", "lat": -3.998571, "long": -38.619064 }, "geometry": { "type": "Point", "coordinates": [ -38.619064, -3.998571 ] } },
{ "type": "Feature", "properties": { "micronodo": "Monguba", "area_oficial": "PACATUBA", "faction": "CV", "lat": -3.927366, "long": -38.608284 }, "geometry": { "type": "Point", "coordinates": [ -38.608284, -3.927366 ] } },
{ "type": "Feature", "properties": { "micronodo": "Bairro Quandú", "area_oficial": "PACATUBA", "faction": "CV", "lat": -4.012964, "long": -38.615554 }, "geometry": { "type": "Point", "coordinates": [ -38.615554, -4.012964 ] } },
{ "type": "Feature", "properties": { "micronodo": "Cachoeira do Paraíso - Pacatuba", "area_oficial": "PACATUBA", "faction": "CV", "lat": -4.01051, "long": -38.626547 }, "geometry": { "type": "Point", "coordinates": [ -38.626547, -4.01051 ] } },
{ "type": "Feature", "properties": { "micronodo": "Bairro Alto São João", "area_oficial": "PACATUBA", "faction": "CV", "lat": -3.995115, "long": -38.622765 }, "geometry": { "type": "Point", "coordinates": [ -38.622765, -3.995115 ] } },
{ "type": "Feature", "properties": { "micronodo": "Pracinha- Pacatuba", "area_oficial": "PACATUBA", "faction": "CV", "lat": -3.978337, "long": -38.615812 }, "geometry": { "type": "Point", "coordinates": [ -38.615812, -3.978337 ] } },
{ "type": "Feature", "properties": { "micronodo": "Piripau", "area_oficial": "PACATUBA", "faction": "CV", "lat": -3.979894, "long": -38.616785 }, "geometry": { "type": "Point", "coordinates": [ -38.616785, -3.979894 ] } },
{ "type": "Feature", "properties": { "micronodo": "São Gregório ", "area_oficial": "PACATUBA", "faction": "CV", "lat": -3.974961, "long": -38.611546 }, "geometry": { "type": "Point", "coordinates": [ -38.611546, -3.974961 ] } },
{ "type": "Feature", "properties": { "micronodo": "Rabo da Gata", "area_oficial": "PACATUBA", "faction": "CV", "lat": -3.961117, "long": -38.613223 }, "geometry": { "type": "Point", "coordinates": [ -38.613223, -3.961117 ] } },
{ "type": "Feature", "properties": { "micronodo": "Parque Aratanha", "area_oficial": "PACATUBA", "faction": "CV", "lat": -3.976763, "long": -38.613451 }, "geometry": { "type": "Point", "coordinates": [ -38.613451, -3.976763 ] } },
{ "type": "Feature", "properties": { "micronodo": "Bairro São Luís - Pacatuba", "area_oficial": "PACATUBA", "faction": "CV", "lat": -3.9777, "long": -38.592426 }, "geometry": { "type": "Point", "coordinates": [ -38.592426, -3.9777 ] } },
{ "type": "Feature", "properties": { "micronodo": "São Bento- Pacatuba", "area_oficial": "PACATUBA", "faction": "CV", "lat": -3.981949, "long": -38.609914 }, "geometry": { "type": "Point", "coordinates": [ -38.609914, -3.981949 ] } },
{ "type": "Feature", "properties": { "micronodo": "São José ", "area_oficial": "PACATUBA", "faction": "CV", "lat": -3.974612, "long": -38.613277 }, "geometry": { "type": "Point", "coordinates": [ -38.613277, -3.974612 ] } },
{ "type": "Feature", "properties": { "micronodo": "Bairro Miguel de Souza - Guaiuba", "area_oficial": "GUAIÚBA", "faction": "CV", "lat": -4.047456, "long": -38.638402 }, "geometry": { "type": "Point", "coordinates": [ -38.638402, -4.047456 ] } },
{ "type": "Feature", "properties": { "micronodo": "Buraco da Gia", "area_oficial": "GUAIÚBA", "faction": "CV", "lat": -4.041604, "long": -38.638373 }, "geometry": { "type": "Point", "coordinates": [ -38.638373, -4.041604 ] } },
{ "type": "Feature", "properties": { "micronodo": "Sem Terra - Guaiuba", "area_oficial": "GUAIÚBA", "faction": "CV", "lat": -4.048631, "long": -38.632577 }, "geometry": { "type": "Point", "coordinates": [ -38.632577, -4.048631 ] } },
{ "type": "Feature", "properties": { "micronodo": "Alto do Cemitério ", "area_oficial": "GUAIÚBA", "faction": "CV", "lat": -4.034657, "long": -38.631936 }, "geometry": { "type": "Point", "coordinates": [ -38.631936, -4.034657 ] } },
{ "type": "Feature", "properties": { "micronodo": "Alto Santo Antônio ", "area_oficial": "GUAIÚBA", "faction": "CV", "lat": -4.047106, "long": -38.632795 }, "geometry": { "type": "Point", "coordinates": [ -38.632795, -4.047106 ] } },
{ "type": "Feature", "properties": { "micronodo": "Favela da Cuba", "area_oficial": "GUAIÚBA", "faction": "CV", "lat": -4.043919, "long": -38.630633 }, "geometry": { "type": "Point", "coordinates": [ -38.630633, -4.043919 ] } },
{ "type": "Feature", "properties": { "micronodo": "Pinheiro", "area_oficial": "GUAIÚBA", "faction": "CV", "lat": -4.037201, "long": -38.639589 }, "geometry": { "type": "Point", "coordinates": [ -38.639589, -4.037201 ] } },
{ "type": "Feature", "properties": { "micronodo": "Buraco da Gia", "area_oficial": "GUAIÚBA", "faction": "CV", "lat": -4.041712, "long": -38.63794 }, "geometry": { "type": "Point", "coordinates": [ -38.63794, -4.041712 ] } },
{ "type": "Feature", "properties": { "micronodo": "Santa Marta", "area_oficial": "ALTO ALEGRE II", "faction": "CV", "lat": -3.827227, "long": -38.618615 }, "geometry": { "type": "Point", "coordinates": [ -38.618615, -3.827227 ] } },
{ "type": "Feature", "properties": { "micronodo": "Comunidade Sem Terra", "area_oficial": "CANINDEZINHO", "faction": "CV", "lat": -3.813318, "long": -38.610146 }, "geometry": { "type": "Point", "coordinates": [ -38.610146, -3.813318 ] } },
{ "type": "Feature", "properties": { "micronodo": "Loló", "area_oficial": "GUAIÚBA", "faction": "CV", "lat": -4.04304, "long": -38.633408 }, "geometry": { "type": "Point", "coordinates": [ -38.633408, -4.04304 ] } },
{ "type": "Feature", "properties": { "micronodo": "Conjunto Juraci Magalhães", "area_oficial": "CANINDEZINHO", "faction": "CV", "lat": -3.808387, "long": -38.605195 }, "geometry": { "type": "Point", "coordinates": [ -38.605195, -3.808387 ] } },
{ "type": "Feature", "properties": { "micronodo": "Comunidade da feira", "area_oficial": "CANINDEZINHO", "faction": "CV", "lat": -3.807684, "long": -38.60471 }, "geometry": { "type": "Point", "coordinates": [ -38.60471, -3.807684 ] } },
{ "type": "Feature", "properties": { "micronodo": "Comunidade Inferninho", "area_oficial": "CANINDEZINHO", "faction": "CV", "lat": -3.81124, "long": -38.608208 }, "geometry": { "type": "Point", "coordinates": [ -38.608208, -3.81124 ] } },
{ "type": "Feature", "properties": { "micronodo": "Comunidade Beira Rio - Canidezinho", "area_oficial": "CANINDEZINHO", "faction": "CV", "lat": -3.810873, "long": -38.598554 }, "geometry": { "type": "Point", "coordinates": [ -38.598554, -3.810873 ] } },
{ "type": "Feature", "properties": { "micronodo": "Comunidade 8 de Dezembro", "area_oficial": "CANINDEZINHO", "faction": "CV", "lat": -3.818624, "long": -38.615398 }, "geometry": { "type": "Point", "coordinates": [ -38.615398, -3.818624 ] } },
{ "type": "Feature", "properties": { "micronodo": "Tanque", "area_oficial": "CONJUNTO ESPERANÇA", "faction": "CV", "lat": -3.807665, "long": -38.59428 }, "geometry": { "type": "Point", "coordinates": [ -38.59428, -3.807665 ] } },
{ "type": "Feature", "properties": { "micronodo": "Esplanada do Mondubim", "area_oficial": "ARACAPÉ", "faction": "CV", "lat": -3.831655, "long": -38.592411 }, "geometry": { "type": "Point", "coordinates": [ -38.592411, -3.831655 ] } },
{ "type": "Feature", "properties": { "micronodo": "Comunidade do Posto - Canidezinho", "area_oficial": "CANINDEZINHO", "faction": "CV", "lat": -3.811967, "long": -38.599206 }, "geometry": { "type": "Point", "coordinates": [ -38.599206, -3.811967 ] } },
{ "type": "Feature", "properties": { "micronodo": "Planalto Vitória ", "area_oficial": "CANINDEZINHO", "faction": "CV", "lat": -3.81923, "long": -38.611868 }, "geometry": { "type": "Point", "coordinates": [ -38.611868, -3.81923 ] } },
{ "type": "Feature", "properties": { "micronodo": "Conj. Siqueira ", "area_oficial": "CANINDEZINHO", "faction": "CV", "lat": -3.812878, "long": -38.598022 }, "geometry": { "type": "Point", "coordinates": [ -38.598022, -3.812878 ] } },
{ "type": "Feature", "properties": { "micronodo": "Atibaia ", "area_oficial": "ALTO ALEGRE II", "faction": "CV", "lat": -3.822327, "long": -38.61903 }, "geometry": { "type": "Point", "coordinates": [ -38.61903, -3.822327 ] } },
{ "type": "Feature", "properties": { "micronodo": "Alto Alegre II", "area_oficial": "ALTO ALEGRE II", "faction": "CV", "lat": -3.831594, "long": -38.603042 }, "geometry": { "type": "Point", "coordinates": [ -38.603042, -3.831594 ] } },
{ "type": "Feature", "properties": { "micronodo": "Comunidade dos Tribo - Joaquim Tavora", "area_oficial": "JOSÉ BONIFÁCIO", "faction": "CV", "lat": -3.739278, "long": -38.522377 }, "geometry": { "type": "Point", "coordinates": [ -38.522377, -3.739278 ] } },
{ "type": "Feature", "properties": { "micronodo": "Novo Mondubim  ", "area_oficial": "NOVO MONDUBIM", "faction": "CV", "lat": -3.80398, "long": -38.586046 }, "geometry": { "type": "Point", "coordinates": [ -38.586046, -3.80398 ] } },
{ "type": "Feature", "properties": { "micronodo": "Bairro Industrial", "area_oficial": "INDUSTRIAL", "faction": "CV", "lat": -3.83593, "long": -38.595331 }, "geometry": { "type": "Point", "coordinates": [ -38.595331, -3.83593 ] } },
{ "type": "Feature", "properties": { "micronodo": "Conjunto Marcos Freire", "area_oficial": "MONDUBIM", "faction": "CV", "lat": -3.820718, "long": -38.563686 }, "geometry": { "type": "Point", "coordinates": [ -38.563686, -3.820718 ] } },
{ "type": "Feature", "properties": { "micronodo": "Alto Alegre", "area_oficial": "ALTO ALEGRE II", "faction": "CV", "lat": -3.825874, "long": -38.606355 }, "geometry": { "type": "Point", "coordinates": [ -38.606355, -3.825874 ] } },
{ "type": "Feature", "properties": { "micronodo": "Comunidade do Renascer", "area_oficial": "MONDUBIM", "faction": "CV", "lat": -3.823477, "long": -38.565555 }, "geometry": { "type": "Point", "coordinates": [ -38.565555, -3.823477 ] } },
{ "type": "Feature", "properties": { "micronodo": "Beco da Morte - Conjunto Esperança", "area_oficial": "CONJUNTO ESPERANÇA", "faction": "CV", "lat": -3.817154, "long": -38.590862 }, "geometry": { "type": "Point", "coordinates": [ -38.590862, -3.817154 ] } },
{ "type": "Feature", "properties": { "micronodo": "Parque Presidente Vargas", "area_oficial": "PARQUE PRESIDENTE VARGAS", "faction": "CV", "lat": -3.820961, "long": -38.600965 }, "geometry": { "type": "Point", "coordinates": [ -38.600965, -3.820961 ] } },
{ "type": "Feature", "properties": { "micronodo": "Comunidade do Bandeirantes - Conjunto Esperança", "area_oficial": "CONJUNTO ESPERANÇA", "faction": "CV", "lat": -3.81352, "long": -38.596614 }, "geometry": { "type": "Point", "coordinates": [ -38.596614, -3.81352 ] } },
{ "type": "Feature", "properties": { "micronodo": "Conjunto Esperança", "area_oficial": "CONJUNTO ESPERANÇA", "faction": "CV", "lat": -3.813851, "long": -38.592724 }, "geometry": { "type": "Point", "coordinates": [ -38.592724, -3.813851 ] } },
{ "type": "Feature", "properties": { "micronodo": "Parque Santana", "area_oficial": "MONDUBIM", "faction": "CV", "lat": -3.813882, "long": -38.577148 }, "geometry": { "type": "Point", "coordinates": [ -38.577148, -3.813882 ] } },
{ "type": "Feature", "properties": { "micronodo": "Conjunto Abelardo Rocha - Mondubim", "area_oficial": "MONDUBIM", "faction": "CV", "lat": -3.817899, "long": -38.565315 }, "geometry": { "type": "Point", "coordinates": [ -38.565315, -3.817899 ] } },
{ "type": "Feature", "properties": { "micronodo": "Parque Santa Rosa (Apolo XI)", "area_oficial": "CONJUNTO ESPERANÇA", "faction": "CV", "lat": -3.813627, "long": -38.596614 }, "geometry": { "type": "Point", "coordinates": [ -38.596614, -3.813627 ] } },
{ "type": "Feature", "properties": { "micronodo": "Fluminense", "area_oficial": "CANINDEZINHO", "faction": "CV", "lat": -3.816525, "long": -38.603133 }, "geometry": { "type": "Point", "coordinates": [ -38.603133, -3.816525 ] } },
{ "type": "Feature", "properties": { "micronodo": "Comunidade do Reservatório ", "area_oficial": "CANINDEZINHO", "faction": "CV", "lat": -3.813676, "long": -38.60434 }, "geometry": { "type": "Point", "coordinates": [ -38.60434, -3.813676 ] } },
{ "type": "Feature", "properties": { "micronodo": "Comunidade do Japãozinho - Cidade Nova", "area_oficial": "CIDADE NOVA", "faction": "CV", "lat": -3.841842, "long": -38.579888 }, "geometry": { "type": "Point", "coordinates": [ -38.579888, -3.841842 ] } },
{ "type": "Feature", "properties": { "micronodo": "Comunidade do São Pedro - Aracape", "area_oficial": "ARACAPÉ", "faction": "CV", "lat": -3.826141, "long": -38.586204 }, "geometry": { "type": "Point", "coordinates": [ -38.586204, -3.826141 ] } },
{ "type": "Feature", "properties": { "micronodo": "Quadras - Aracape", "area_oficial": "ARACAPÉ", "faction": "CV", "lat": -3.833654, "long": -38.583973 }, "geometry": { "type": "Point", "coordinates": [ -38.583973, -3.833654 ] } },
{ "type": "Feature", "properties": { "micronodo": "Vacaria", "area_oficial": "PARQUE PRESIDENTE VARGAS", "faction": "CV", "lat": -3.826433, "long": -38.605389 }, "geometry": { "type": "Point", "coordinates": [ -38.605389, -3.826433 ] } },
{ "type": "Feature", "properties": { "micronodo": "sidronio - Presidente Vargas", "area_oficial": "PARQUE PRESIDENTE VARGAS", "faction": "CV", "lat": -3.828379, "long": -38.600133 }, "geometry": { "type": "Point", "coordinates": [ -38.600133, -3.828379 ] } },
{ "type": "Feature", "properties": { "micronodo": "Comunidade Da Feira - Conjunto Esperança", "area_oficial": "CONJUNTO ESPERANÇA", "faction": "CV", "lat": -3.814991, "long": -38.592682 }, "geometry": { "type": "Point", "coordinates": [ -38.592682, -3.814991 ] } },
{ "type": "Feature", "properties": { "micronodo": "Palestina - Presidente Vargas", "area_oficial": "PARQUE PRESIDENTE VARGAS", "faction": "CV", "lat": -3.825108, "long": -38.599686 }, "geometry": { "type": "Point", "coordinates": [ -38.599686, -3.825108 ] } },
{ "type": "Feature", "properties": { "micronodo": "Comunidade do gatilho - Conjunto Esperança", "area_oficial": "CONJUNTO ESPERANÇA", "faction": "CV", "lat": -3.814109, "long": -38.59383 }, "geometry": { "type": "Point", "coordinates": [ -38.59383, -3.814109 ] } },
{ "type": "Feature", "properties": { "micronodo": "Canal - Conjunto Esperança", "area_oficial": "CONJUNTO ESPERANÇA", "faction": "CV", "lat": -3.813497, "long": -38.596662 }, "geometry": { "type": "Point", "coordinates": [ -38.596662, -3.813497 ] } },
{ "type": "Feature", "properties": { "micronodo": "Beco do Chocolate", "area_oficial": "NOVO MONDUBIM", "faction": "CV", "lat": -3.803878, "long": -38.590863 }, "geometry": { "type": "Point", "coordinates": [ -38.590863, -3.803878 ] } },
{ "type": "Feature", "properties": { "micronodo": "Conjunto Nova União - Mondubim", "area_oficial": "NOVO MONDUBIM", "faction": "CV", "lat": -3.811225, "long": -38.5808 }, "geometry": { "type": "Point", "coordinates": [ -38.5808, -3.811225 ] } },
{ "type": "Feature", "properties": { "micronodo": "Titanic", "area_oficial": "MONDUBIM", "faction": "CV", "lat": -3.818819, "long": -38.574668 }, "geometry": { "type": "Point", "coordinates": [ -38.574668, -3.818819 ] } },
{ "type": "Feature", "properties": { "micronodo": "Modumbi ", "area_oficial": "NOVO MONDUBIM", "faction": "CV", "lat": -3.807144, "long": -38.587523 }, "geometry": { "type": "Point", "coordinates": [ -38.587523, -3.807144 ] } },
{ "type": "Feature", "properties": { "micronodo": "Cajamar", "area_oficial": "NOVO MONDUBIM", "faction": "CV", "lat": -3.810324, "long": -38.585228 }, "geometry": { "type": "Point", "coordinates": [ -38.585228, -3.810324 ] } },
{ "type": "Feature", "properties": { "micronodo": "Apartamentos do Novo Mondubim", "area_oficial": "NOVO MONDUBIM", "faction": "CV", "lat": -3.805597, "long": -38.587539 }, "geometry": { "type": "Point", "coordinates": [ -38.587539, -3.805597 ] } },
{ "type": "Feature", "properties": { "micronodo": "Sítio Corrego", "area_oficial": "MONDUBIM", "faction": "CV", "lat": -3.813659, "long": -38.572361 }, "geometry": { "type": "Point", "coordinates": [ -38.572361, -3.813659 ] } },
{ "type": "Feature", "properties": { "micronodo": "BARRACAL", "area_oficial": "PLANALTO AYRTON SENNA", "faction": "CV", "lat": -3.829021, "long": -38.564837 }, "geometry": { "type": "Point", "coordinates": [ -38.564837, -3.829021 ] } },
{ "type": "Feature", "properties": { "micronodo": "Barreiros - Planalto Ayrton Senna ", "area_oficial": "PLANALTO AYRTON SENNA", "faction": "CV", "lat": -3.833393, "long": -38.573811 }, "geometry": { "type": "Point", "coordinates": [ -38.573811, -3.833393 ] } },
{ "type": "Feature", "properties": { "micronodo": "Beco do HR", "area_oficial": "NOVO MONDUBIM", "faction": "CV", "lat": -3.812246, "long": -38.582136 }, "geometry": { "type": "Point", "coordinates": [ -38.582136, -3.812246 ] } },
{ "type": "Feature", "properties": { "micronodo": "Comunidade do C3", "area_oficial": "CONJUNTO ESPERANÇA", "faction": "CV", "lat": -3.817973, "long": -38.584874 }, "geometry": { "type": "Point", "coordinates": [ -38.584874, -3.817973 ] } },
{ "type": "Feature", "properties": { "micronodo": "Conj. Novo Modumbi ", "area_oficial": "NOVO MONDUBIM", "faction": "CV", "lat": -3.808029, "long": -38.586334 }, "geometry": { "type": "Point", "coordinates": [ -38.586334, -3.808029 ] } },
{ "type": "Feature", "properties": { "micronodo": "Favela da H.R", "area_oficial": "CONJUNTO ESPERANÇA", "faction": "CV", "lat": -3.813567, "long": -38.592138 }, "geometry": { "type": "Point", "coordinates": [ -38.592138, -3.813567 ] } },
{ "type": "Feature", "properties": { "micronodo": "Lagoa Da Libania - Parque Santana", "area_oficial": "MONDUBIM", "faction": "CV", "lat": -3.815666, "long": -38.578242 }, "geometry": { "type": "Point", "coordinates": [ -38.578242, -3.815666 ] } },
{ "type": "Feature", "properties": { "micronodo": "Favela do Cuca", "area_oficial": "NOVO MONDUBIM", "faction": "CV", "lat": -3.806491, "long": -38.580755 }, "geometry": { "type": "Point", "coordinates": [ -38.580755, -3.806491 ] } },
{ "type": "Feature", "properties": { "micronodo": "Boa Vista - Mondubim", "area_oficial": "ARACAPÉ", "faction": "CV", "lat": -3.821691, "long": -38.582345 }, "geometry": { "type": "Point", "coordinates": [ -38.582345, -3.821691 ] } },
{ "type": "Feature", "properties": { "micronodo": "Muro de Pedra - Aracape", "area_oficial": "CONJUNTO ESPERANÇA", "faction": "CV", "lat": -3.819604, "long": -38.587018 }, "geometry": { "type": "Point", "coordinates": [ -38.587018, -3.819604 ] } },
{ "type": "Feature", "properties": { "micronodo": "Comunidade da Lagoa - Mondubim", "area_oficial": "NOVO MONDUBIM", "faction": "CV", "lat": -3.807006, "long": -38.577456 }, "geometry": { "type": "Point", "coordinates": [ -38.577456, -3.807006 ] } },
{ "type": "Feature", "properties": { "micronodo": "Camberrinha", "area_oficial": "NOVO MONDUBIM", "faction": "CV", "lat": -3.809859, "long": -38.585969 }, "geometry": { "type": "Point", "coordinates": [ -38.585969, -3.809859 ] } },
{ "type": "Feature", "properties": { "micronodo": "Comunidade da GDD", "area_oficial": "NOVO MONDUBIM", "faction": "CV", "lat": -3.804925, "long": -38.584601 }, "geometry": { "type": "Point", "coordinates": [ -38.584601, -3.804925 ] } },
{ "type": "Feature", "properties": { "micronodo": "Beco Do Espinho - Aracapé", "area_oficial": "ARACAPÉ", "faction": "CV", "lat": -3.827824, "long": -38.581937 }, "geometry": { "type": "Point", "coordinates": [ -38.581937, -3.827824 ] } },
{ "type": "Feature", "properties": { "micronodo": "Beco do Castelo - Aracapé", "area_oficial": "ARACAPÉ", "faction": "CV", "lat": -3.837224, "long": -38.583149 }, "geometry": { "type": "Point", "coordinates": [ -38.583149, -3.837224 ] } },
{ "type": "Feature", "properties": { "micronodo": "Planalto Mondubim", "area_oficial": "CONJUNTO ESPERANÇA", "faction": "CV", "lat": -3.816434, "long": -38.584494 }, "geometry": { "type": "Point", "coordinates": [ -38.584494, -3.816434 ] } },
{ "type": "Feature", "properties": { "micronodo": "Loteamento São Mateus", "area_oficial": "NOVO MONDUBIM", "faction": "CV", "lat": -3.814405, "long": -38.583198 }, "geometry": { "type": "Point", "coordinates": [ -38.583198, -3.814405 ] } },
{ "type": "Feature", "properties": { "micronodo": "Favela da GN", "area_oficial": "NOVO MONDUBIM", "faction": "CV", "lat": -3.812637, "long": -38.58506 }, "geometry": { "type": "Point", "coordinates": [ -38.58506, -3.812637 ] } },
{ "type": "Feature", "properties": { "micronodo": "Beco America - Mondubim", "area_oficial": "MONDUBIM", "faction": "CV", "lat": -3.822456, "long": -38.574911 }, "geometry": { "type": "Point", "coordinates": [ -38.574911, -3.822456 ] } },
{ "type": "Feature", "properties": { "micronodo": "Monte Libano", "area_oficial": "PLANALTO AYRTON SENNA", "faction": "CV", "lat": -3.82902, "long": -38.567112 }, "geometry": { "type": "Point", "coordinates": [ -38.567112, -3.82902 ] } },
{ "type": "Feature", "properties": { "micronodo": "Campo Rio Negro - Parque Santana", "area_oficial": "MONDUBIM", "faction": "CV", "lat": -3.818489, "long": -38.578967 }, "geometry": { "type": "Point", "coordinates": [ -38.578967, -3.818489 ] } },
{ "type": "Feature", "properties": { "micronodo": "Favela do Morcego", "area_oficial": "MONDUBIM", "faction": "CV", "lat": -3.821041, "long": -38.578958 }, "geometry": { "type": "Point", "coordinates": [ -38.578958, -3.821041 ] } },
{ "type": "Feature", "properties": { "micronodo": "Favela dos Pirineus", "area_oficial": "MONDUBIM", "faction": "CV", "lat": -3.819838, "long": -38.577095 }, "geometry": { "type": "Point", "coordinates": [ -38.577095, -3.819838 ] } },
{ "type": "Feature", "properties": { "micronodo": "Rua da Montenegro - Aracape", "area_oficial": "ARACAPÉ", "faction": "CV", "lat": -3.833711, "long": -38.586796 }, "geometry": { "type": "Point", "coordinates": [ -38.586796, -3.833711 ] } },
{ "type": "Feature", "properties": { "micronodo": "Pantanal - Planalto Ayrton Senna ", "area_oficial": "PLANALTO AYRTON SENNA", "faction": "CV", "lat": -3.82979, "long": -38.572428 }, "geometry": { "type": "Point", "coordinates": [ -38.572428, -3.82979 ] } },
{ "type": "Feature", "properties": { "micronodo": "Laje - Planalto Ayrton Senna ", "area_oficial": "PLANALTO AYRTON SENNA", "faction": "CV", "lat": -3.829821, "long": -38.5725 }, "geometry": { "type": "Point", "coordinates": [ -38.5725, -3.829821 ] } },
{ "type": "Feature", "properties": { "micronodo": "Canal Baixo ", "area_oficial": "PLANALTO AYRTON SENNA", "faction": "CV", "lat": -3.835222, "long": -38.579506 }, "geometry": { "type": "Point", "coordinates": [ -38.579506, -3.835222 ] } },
{ "type": "Feature", "properties": { "micronodo": "Viametro", "area_oficial": "PLANALTO AYRTON SENNA", "faction": "CV", "lat": -3.830771, "long": -38.578377 }, "geometry": { "type": "Point", "coordinates": [ -38.578377, -3.830771 ] } },
{ "type": "Feature", "properties": { "micronodo": "Comunidade do Sol Nascente", "area_oficial": "PLANALTO AYRTON SENNA", "faction": "CV", "lat": -3.835669, "long": -38.575402 }, "geometry": { "type": "Point", "coordinates": [ -38.575402, -3.835669 ] } },
{ "type": "Feature", "properties": { "micronodo": "Aurora - Cidade Nova", "area_oficial": "PLANALTO AYRTON SENNA", "faction": "CV", "lat": -3.83732, "long": -38.573962 }, "geometry": { "type": "Point", "coordinates": [ -38.573962, -3.83732 ] } },
{ "type": "Feature", "properties": { "micronodo": "Comunidade da Portelinha- Planalto Ayrton Senna", "area_oficial": "PLANALTO AYRTON SENNA", "faction": "CV", "lat": -3.825671, "long": -38.572835 }, "geometry": { "type": "Point", "coordinates": [ -38.572835, -3.825671 ] } },
{ "type": "Feature", "properties": { "micronodo": "Rua Fortaleza - Planalto Ayrton Senna ", "area_oficial": "PLANALTO AYRTON SENNA", "faction": "CV", "lat": -3.831155, "long": -38.576933 }, "geometry": { "type": "Point", "coordinates": [ -38.576933, -3.831155 ] } },
{ "type": "Feature", "properties": { "micronodo": "ADEMIR MARTINS", "area_oficial": "JANGURUSSU", "faction": "CV", "lat": -3.853363, "long": -38.511944 }, "geometry": { "type": "Point", "coordinates": [ -38.511944, -3.853363 ] } },
{ "type": "Feature", "properties": { "micronodo": "Planalto Cidade Nova", "area_oficial": "PLANALTO AYRTON SENNA", "faction": "CV", "lat": -3.835904, "long": -38.57716 }, "geometry": { "type": "Point", "coordinates": [ -38.57716, -3.835904 ] } },
{ "type": "Feature", "properties": { "micronodo": "Comunidade Da Cagece ", "area_oficial": "PLANALTO AYRTON SENNA", "faction": "CV", "lat": -3.829892, "long": -38.57691 }, "geometry": { "type": "Point", "coordinates": [ -38.57691, -3.829892 ] } },
{ "type": "Feature", "properties": { "micronodo": "Cidade Nova", "area_oficial": "CIDADE NOVA", "faction": "CV", "lat": -3.838581, "long": -38.577822 }, "geometry": { "type": "Point", "coordinates": [ -38.577822, -3.838581 ] } },
{ "type": "Feature", "properties": { "micronodo": "Beco Planaltina", "area_oficial": "PLANALTO AYRTON SENNA", "faction": "CV", "lat": -3.836916, "long": -38.572384 }, "geometry": { "type": "Point", "coordinates": [ -38.572384, -3.836916 ] } },
{ "type": "Feature", "properties": { "micronodo": "Bairro Balneario", "area_oficial": "PIRES FERREIRA", "faction": "CV", "lat": -4.194924, "long": -40.476094 }, "geometry": { "type": "Point", "coordinates": [ -40.476094, -4.194924 ] } },
{ "type": "Feature", "properties": { "micronodo": "Taperuaba", "area_oficial": "IRAUÇUBA", "faction": "CV", "lat": -4.076743, "long": -39.951814 }, "geometry": { "type": "Point", "coordinates": [ -39.951814, -4.076743 ] } },
{ "type": "Feature", "properties": { "micronodo": "Bairro Pedreira", "area_oficial": "PIRES FERREIRA", "faction": "CV", "lat": -4.195576, "long": -40.481434 }, "geometry": { "type": "Point", "coordinates": [ -40.481434, -4.195576 ] } },
{ "type": "Feature", "properties": { "micronodo": "Cajuás", "area_oficial": "CAPISTRANO", "faction": "CV", "lat": -4.495572, "long": -38.950619 }, "geometry": { "type": "Point", "coordinates": [ -38.950619, -4.495572 ] } },
{ "type": "Feature", "properties": { "micronodo": "Marmoré", "area_oficial": "CAPISTRANO", "faction": "CV", "lat": -4.492991, "long": -38.899707 }, "geometry": { "type": "Point", "coordinates": [ -38.899707, -4.492991 ] } },
{ "type": "Feature", "properties": { "micronodo": "Cidade de Aratuba", "area_oficial": "ARATUBA", "faction": "CV", "lat": -4.41696, "long": -39.046374 }, "geometry": { "type": "Point", "coordinates": [ -39.046374, -4.41696 ] } },
{ "type": "Feature", "properties": { "micronodo": "Cidade de Capistrano", "area_oficial": "CAPISTRANO", "faction": "CV", "lat": -4.461548, "long": -38.906935 }, "geometry": { "type": "Point", "coordinates": [ -38.906935, -4.461548 ] } },
{ "type": "Feature", "properties": { "micronodo": "Palmatória ", "area_oficial": "ITAPIÚNA", "faction": "CV", "lat": -4.521226, "long": -39.006124 }, "geometry": { "type": "Point", "coordinates": [ -39.006124, -4.521226 ] } },
{ "type": "Feature", "properties": { "micronodo": "Conjunto Habitacional Maria José", "area_oficial": "BATURITE", "faction": "CV", "lat": -4.346594, "long": -38.862029 }, "geometry": { "type": "Point", "coordinates": [ -38.862029, -4.346594 ] } },
{ "type": "Feature", "properties": { "micronodo": "Alto Alegre - Baturité", "area_oficial": "BATURITE", "faction": "CV", "lat": -4.353006, "long": -38.848712 }, "geometry": { "type": "Point", "coordinates": [ -38.848712, -4.353006 ] } },
{ "type": "Feature", "properties": { "micronodo": "Cidade de Itapiúna", "area_oficial": "ITAPIUNA", "faction": "CV", "lat": -4.551709, "long": -38.918998 }, "geometry": { "type": "Point", "coordinates": [ -38.918998, -4.551709 ] } },
{ "type": "Feature", "properties": { "micronodo": "Areias", "area_oficial": "BATURITE", "faction": "CV", "lat": -4.323074, "long": -38.862407 }, "geometry": { "type": "Point", "coordinates": [ -38.862407, -4.323074 ] } },
{ "type": "Feature", "properties": { "micronodo": "Alto", "area_oficial": "ANCURI", "faction": "CV", "lat": -3.874197, "long": -38.502884 }, "geometry": { "type": "Point", "coordinates": [ -38.502884, -3.874197 ] } },
{ "type": "Feature", "properties": { "micronodo": "Coió", "area_oficial": "BATURITE", "faction": "CV", "lat": -4.3357, "long": -38.86394 }, "geometry": { "type": "Point", "coordinates": [ -38.86394, -4.3357 ] } },
{ "type": "Feature", "properties": { "micronodo": "Putiú", "area_oficial": "BATURITE", "faction": "CV", "lat": -4.335715, "long": -38.869882 }, "geometry": { "type": "Point", "coordinates": [ -38.869882, -4.335715 ] } },
{ "type": "Feature", "properties": { "micronodo": "Sem Terra", "area_oficial": "BATURITE", "faction": "CV", "lat": -4.34038, "long": -38.86792 }, "geometry": { "type": "Point", "coordinates": [ -38.86792, -4.34038 ] } },
{ "type": "Feature", "properties": { "micronodo": "Alto da Cruz- Baturité", "area_oficial": "BATURITE", "faction": "CV", "lat": -4.335448, "long": -38.871208 }, "geometry": { "type": "Point", "coordinates": [ -38.871208, -4.335448 ] } },
{ "type": "Feature", "properties": { "micronodo": "Bairro de Macunã", "area_oficial": "BATURITE", "faction": "CV", "lat": -4.343548, "long": -38.871565 }, "geometry": { "type": "Point", "coordinates": [ -38.871565, -4.343548 ] } },
{ "type": "Feature", "properties": { "micronodo": "Bairro PROUBR", "area_oficial": "BATURITE", "faction": "CV", "lat": -4.346093, "long": -38.870792 }, "geometry": { "type": "Point", "coordinates": [ -38.870792, -4.346093 ] } },
{ "type": "Feature", "properties": { "micronodo": "Bairro da Manga", "area_oficial": "BATURITE", "faction": "CV", "lat": -4.343548, "long": -38.871565 }, "geometry": { "type": "Point", "coordinates": [ -38.871565, -4.343548 ] } },
{ "type": "Feature", "properties": { "micronodo": "Alto da Pipoca", "area_oficial": "BATURITE", "faction": "CV", "lat": -4.326716, "long": -38.868008 }, "geometry": { "type": "Point", "coordinates": [ -38.868008, -4.326716 ] } },
{ "type": "Feature", "properties": { "micronodo": "Gustavo Sampaio", "area_oficial": "BATURITE", "faction": "CV", "lat": -4.32918, "long": -38.874434 }, "geometry": { "type": "Point", "coordinates": [ -38.874434, -4.32918 ] } },
{ "type": "Feature", "properties": { "micronodo": "São Francisco", "area_oficial": "BATURITE", "faction": "CV", "lat": -4.333854, "long": -38.887943 }, "geometry": { "type": "Point", "coordinates": [ -38.887943, -4.333854 ] } },
{ "type": "Feature", "properties": { "micronodo": "Comunidade Beira Rio de Baturité", "area_oficial": "BATURITE", "faction": "CV", "lat": -4.314375, "long": -38.883159 }, "geometry": { "type": "Point", "coordinates": [ -38.883159, -4.314375 ] } },
{ "type": "Feature", "properties": { "micronodo": "Vila Nova de Baturité", "area_oficial": "BATURITE", "faction": "CV", "lat": -4.323296, "long": -38.888092 }, "geometry": { "type": "Point", "coordinates": [ -38.888092, -4.323296 ] } },
{ "type": "Feature", "properties": { "micronodo": "Jesuítas", "area_oficial": "BATURITE", "faction": "CV", "lat": -4.33007, "long": -38.8889 }, "geometry": { "type": "Point", "coordinates": [ -38.8889, -4.33007 ] } },
{ "type": "Feature", "properties": { "micronodo": "Conselheiro Estilita", "area_oficial": "BATURITE", "faction": "CV", "lat": -4.332548, "long": -38.885734 }, "geometry": { "type": "Point", "coordinates": [ -38.885734, -4.332548 ] } },
{ "type": "Feature", "properties": { "micronodo": "Jordão", "area_oficial": "BATURITE", "faction": "CV", "lat": -4.351217, "long": -38.906376 }, "geometry": { "type": "Point", "coordinates": [ -38.906376, -4.351217 ] } },
{ "type": "Feature", "properties": { "micronodo": "Carqueja", "area_oficial": "CAPISTRANO", "faction": "CV", "lat": -4.467814, "long": -38.95511 }, "geometry": { "type": "Point", "coordinates": [ -38.95511, -4.467814 ] } },
{ "type": "Feature", "properties": { "micronodo": "Alameda Das Palmeiras ", "area_oficial": "PEDRAS", "faction": "CV", "lat": -3.871386, "long": -38.515773 }, "geometry": { "type": "Point", "coordinates": [ -38.515773, -3.871386 ] } },
{ "type": "Feature", "properties": { "micronodo": "ITANS", "area_oficial": "ITAPIUNA", "faction": "CV", "lat": -4.6045836, "long": -38.8776719 }, "geometry": { "type": "Point", "coordinates": [ -38.8776719, -4.6045836 ] } },
{ "type": "Feature", "properties": { "micronodo": "Loteamento", "area_oficial": "CONJUNTO PALMEIRAS", "faction": "CV", "lat": -3.854837, "long": -38.526941 }, "geometry": { "type": "Point", "coordinates": [ -38.526941, -3.854837 ] } },
{ "type": "Feature", "properties": { "micronodo": "Rua Codó", "area_oficial": "JANGURUSSU", "faction": "CV", "lat": -3.846307, "long": -38.521868 }, "geometry": { "type": "Point", "coordinates": [ -38.521868, -3.846307 ] } },
{ "type": "Feature", "properties": { "micronodo": "Pissareira - Conj. Palmeiras I ", "area_oficial": "CONJUNTO PALMEIRAS", "faction": "CV", "lat": -3.846811, "long": -38.530037 }, "geometry": { "type": "Point", "coordinates": [ -38.530037, -3.846811 ] } },
{ "type": "Feature", "properties": { "micronodo": "Palmeiras 1", "area_oficial": "CONJUNTO PALMEIRAS", "faction": "CV", "lat": -3.840642, "long": -38.527137 }, "geometry": { "type": "Point", "coordinates": [ -38.527137, -3.840642 ] } },
{ "type": "Feature", "properties": { "micronodo": "Palmeiras 2", "area_oficial": "CONJUNTO PALMEIRAS", "faction": "CV", "lat": -3.837222, "long": -38.526795 }, "geometry": { "type": "Point", "coordinates": [ -38.526795, -3.837222 ] } },
{ "type": "Feature", "properties": { "micronodo": "Favela do Circo", "area_oficial": "JANGURUSSU", "faction": "CV", "lat": -3.841886, "long": -38.521609 }, "geometry": { "type": "Point", "coordinates": [ -38.521609, -3.841886 ] } },
{ "type": "Feature", "properties": { "micronodo": "Beira Rio - Conj. Palmeiras I", "area_oficial": "CONJUNTO PALMEIRAS", "faction": "CV", "lat": -3.842125, "long": -38.528451 }, "geometry": { "type": "Point", "coordinates": [ -38.528451, -3.842125 ] } },
{ "type": "Feature", "properties": { "micronodo": "Cj Palmeiras l", "area_oficial": "CONJUNTO PALMEIRAS", "faction": "CV", "lat": -3.842153, "long": -38.528362 }, "geometry": { "type": "Point", "coordinates": [ -38.528362, -3.842153 ] } },
{ "type": "Feature", "properties": { "micronodo": "Beco - Conj. Palmeiras ", "area_oficial": "CONJUNTO PALMEIRAS", "faction": "CV", "lat": -3.844955, "long": -38.530816 }, "geometry": { "type": "Point", "coordinates": [ -38.530816, -3.844955 ] } },
{ "type": "Feature", "properties": { "micronodo": "Canal - Conj. Palmeiras I ", "area_oficial": "CONJUNTO PALMEIRAS", "faction": "CV", "lat": -3.845701, "long": -38.529176 }, "geometry": { "type": "Point", "coordinates": [ -38.529176, -3.845701 ] } },
{ "type": "Feature", "properties": { "micronodo": "Palmeiras1", "area_oficial": "CONJUNTO PALMEIRAS", "faction": "CV", "lat": -3.841992, "long": -38.528362 }, "geometry": { "type": "Point", "coordinates": [ -38.528362, -3.841992 ] } },
{ "type": "Feature", "properties": { "micronodo": "Rua da Feira", "area_oficial": "CONJUNTO PALMEIRAS", "faction": "CV", "lat": -3.848806, "long": -38.526932 }, "geometry": { "type": "Point", "coordinates": [ -38.526932, -3.848806 ] } },
{ "type": "Feature", "properties": { "micronodo": "Favelinha", "area_oficial": "CONJUNTO PALMEIRAS", "faction": "CV", "lat": -3.851385, "long": -38.526154 }, "geometry": { "type": "Point", "coordinates": [ -38.526154, -3.851385 ] } },
{ "type": "Feature", "properties": { "micronodo": "ÁREA DE GUERRA", "area_oficial": "JANGURUSSU", "faction": "CV", "lat": -3.846303, "long": -38.522032 }, "geometry": { "type": "Point", "coordinates": [ -38.522032, -3.846303 ] } },
{ "type": "Feature", "properties": { "micronodo": "Favelinha do Palmeiras ", "area_oficial": "CONJUNTO PALMEIRAS", "faction": "CV", "lat": -3.848806, "long": -38.526932 }, "geometry": { "type": "Point", "coordinates": [ -38.526932, -3.848806 ] } },
{ "type": "Feature", "properties": { "micronodo": "Caio Prado", "area_oficial": "ITAPIUNA", "faction": "CV", "lat": -4.647542, "long": -38.94041 }, "geometry": { "type": "Point", "coordinates": [ -38.94041, -4.647542 ] } },
{ "type": "Feature", "properties": { "micronodo": "Potira lll", "area_oficial": "GUADALAJARA", "faction": "CV", "lat": -3.757347, "long": -38.640049 }, "geometry": { "type": "Point", "coordinates": [ -38.640049, -3.757347 ] } },
{ "type": "Feature", "properties": { "micronodo": "Potira ll", "area_oficial": "GUADALAJARA", "faction": "CV", "lat": -3.759976, "long": -38.636608 }, "geometry": { "type": "Point", "coordinates": [ -38.636608, -3.759976 ] } },
{ "type": "Feature", "properties": { "micronodo": "Guará", "area_oficial": "GUADALAJARA", "faction": "CV", "lat": -3.7546, "long": -38.62875 }, "geometry": { "type": "Point", "coordinates": [ -38.62875, -3.7546 ] } },
{ "type": "Feature", "properties": { "micronodo": "Canal da Jurema", "area_oficial": "MARECHAL RONDON", "faction": "CV", "lat": -3.777172, "long": -38.624444 }, "geometry": { "type": "Point", "coordinates": [ -38.624444, -3.777172 ] } },
{ "type": "Feature", "properties": { "micronodo": "Potira", "area_oficial": "GUADALAJARA", "faction": "CV", "lat": -3.75121, "long": -38.632716 }, "geometry": { "type": "Point", "coordinates": [ -38.632716, -3.75121 ] } },
{ "type": "Feature", "properties": { "micronodo": "GH (Marechal Rondon)", "area_oficial": "MARECHAL RONDON", "faction": "CV", "lat": -3.774151, "long": -38.625287 }, "geometry": { "type": "Point", "coordinates": [ -38.625287, -3.774151 ] } },
{ "type": "Feature", "properties": { "micronodo": "Favela do Metroposto", "area_oficial": "GUADALAJARA", "faction": "CV", "lat": -3.758322, "long": -38.645755 }, "geometry": { "type": "Point", "coordinates": [ -38.645755, -3.758322 ] } },
{ "type": "Feature", "properties": { "micronodo": "Comunidade do Estadio - Jurema ", "area_oficial": "MARECHAL RONDON", "faction": "CV", "lat": -3.770544, "long": -38.620138 }, "geometry": { "type": "Point", "coordinates": [ -38.620138, -3.770544 ] } },
{ "type": "Feature", "properties": { "micronodo": "Iparana", "area_oficial": "IPARANA", "faction": "CV", "lat": -3.69442, "long": -38.62442 }, "geometry": { "type": "Point", "coordinates": [ -38.62442, -3.69442 ] } },
{ "type": "Feature", "properties": { "micronodo": "Pacheco", "area_oficial": "IPARANA", "faction": "CV", "lat": -3.685904, "long": -38.645835 }, "geometry": { "type": "Point", "coordinates": [ -38.645835, -3.685904 ] } },
{ "type": "Feature", "properties": { "micronodo": "Camurupim ou Palmeiras", "area_oficial": "IPARANA", "faction": "CV", "lat": -3.693857, "long": -38.66168 }, "geometry": { "type": "Point", "coordinates": [ -38.66168, -3.693857 ] } },
{ "type": "Feature", "properties": { "micronodo": "GUAIÉ", "area_oficial": "IPARANA", "faction": "CV", "lat": -3.694762, "long": -38.63023 }, "geometry": { "type": "Point", "coordinates": [ -38.63023, -3.694762 ] } },
{ "type": "Feature", "properties": { "micronodo": "Salinas - Leblon ", "area_oficial": "IPARANA", "faction": "CV", "lat": -3.690031, "long": -38.615613 }, "geometry": { "type": "Point", "coordinates": [ -38.615613, -3.690031 ] } },
{ "type": "Feature", "properties": { "micronodo": "Camurupim", "area_oficial": "PARQUE SOLEDADE", "faction": "CV", "lat": -3.705134, "long": -38.658405 }, "geometry": { "type": "Point", "coordinates": [ -38.658405, -3.705134 ] } },
{ "type": "Feature", "properties": { "micronodo": "Jardim Icaraí l", "area_oficial": "IPARANA", "faction": "CV", "lat": -3.688928, "long": -38.65155 }, "geometry": { "type": "Point", "coordinates": [ -38.65155, -3.688928 ] } },
{ "type": "Feature", "properties": { "micronodo": "Conjunto Nova Esperança ", "area_oficial": "PARACURU", "faction": "CV", "lat": -3.414183, "long": -39.042032 }, "geometry": { "type": "Point", "coordinates": [ -39.042032, -3.414183 ] } },
{ "type": "Feature", "properties": { "micronodo": "Lagoa - Paracuru", "area_oficial": "PARACURU", "faction": "CV", "lat": -3.407803, "long": -39.024517 }, "geometry": { "type": "Point", "coordinates": [ -39.024517, -3.407803 ] } },
{ "type": "Feature", "properties": { "micronodo": "Emboaça", "area_oficial": "TRAIRI", "faction": "CV", "lat": -3.206609, "long": -39.314464 }, "geometry": { "type": "Point", "coordinates": [ -39.314464, -3.206609 ] } },
{ "type": "Feature", "properties": { "micronodo": "BARROSO", "area_oficial": "BARROSO", "faction": "CV", "lat": -3.49171, "long": -39.000066 }, "geometry": { "type": "Point", "coordinates": [ -39.000066, -3.49171 ] } },
{ "type": "Feature", "properties": { "micronodo": "JARANDRAGOEIRA", "area_oficial": "CAUCAIA", "faction": "CV", "lat": -3.8057268, "long": -38.7474903 }, "geometry": { "type": "Point", "coordinates": [ -38.7474903, -3.8057268 ] } },
{ "type": "Feature", "properties": { "micronodo": "Língua da Cobra", "area_oficial": "CAUCAIA", "faction": "CV", "lat": -3.837141, "long": -38.783436 }, "geometry": { "type": "Point", "coordinates": [ -38.783436, -3.837141 ] } },
{ "type": "Feature", "properties": { "micronodo": "Mingau - Caucaia", "area_oficial": "CAUCAIA", "faction": "CV", "lat": -3.821882, "long": -38.740183 }, "geometry": { "type": "Point", "coordinates": [ -38.740183, -3.821882 ] } },
{ "type": "Feature", "properties": { "micronodo": "Caraussanga", "area_oficial": "URUCUTUBA", "faction": "CV", "lat": -3.830509, "long": -38.707294 }, "geometry": { "type": "Point", "coordinates": [ -38.707294, -3.830509 ] } },
{ "type": "Feature", "properties": { "micronodo": "Mingau ll", "area_oficial": "CAUCAIA", "faction": "CV", "lat": -3.81051, "long": -38.729209 }, "geometry": { "type": "Point", "coordinates": [ -38.729209, -3.81051 ] } },
{ "type": "Feature", "properties": { "micronodo": "Loteamento Nova Jurema ou CDD", "area_oficial": "MARECHAL RONDON", "faction": "CV", "lat": -3.773557, "long": -38.633262 }, "geometry": { "type": "Point", "coordinates": [ -38.633262, -3.773557 ] } },
{ "type": "Feature", "properties": { "micronodo": "Bairro Antonio Vieira", "area_oficial": "JUAZEIRO DO NORTE", "faction": "CV", "lat": -7.223517, "long": -39.330208 }, "geometry": { "type": "Point", "coordinates": [ -39.330208, -7.223517 ] } },
{ "type": "Feature", "properties": { "micronodo": "Santo Antônio- Juazeiro do Norte", "area_oficial": "JUAZEIRO DO NORTE", "faction": "CV", "lat": -7.212864, "long": -39.331409 }, "geometry": { "type": "Point", "coordinates": [ -39.331409, -7.212864 ] } },
{ "type": "Feature", "properties": { "micronodo": "Salesianos", "area_oficial": "JUAZEIRO DO NORTE", "faction": "CV", "lat": -7.211442, "long": -39.326315 }, "geometry": { "type": "Point", "coordinates": [ -39.326315, -7.211442 ] } },
{ "type": "Feature", "properties": { "micronodo": "Socorro", "area_oficial": "JUAZEIRO DO NORTE", "faction": "CV", "lat": -7.200323, "long": -39.32408 }, "geometry": { "type": "Point", "coordinates": [ -39.32408, -7.200323 ] } },
{ "type": "Feature", "properties": { "micronodo": "Faixa de Gaza", "area_oficial": "JUAZEIRO DO NORTE", "faction": "CV", "lat": -7.217931, "long": -39.322666 }, "geometry": { "type": "Point", "coordinates": [ -39.322666, -7.217931 ] } },
{ "type": "Feature", "properties": { "micronodo": "João Cabral", "area_oficial": "JUAZEIRO DO NORTE", "faction": "CV", "lat": -7.236594, "long": -39.322094 }, "geometry": { "type": "Point", "coordinates": [ -39.322094, -7.236594 ] } },
{ "type": "Feature", "properties": { "micronodo": "São José", "area_oficial": "JUAZEIRO DO NORTE", "faction": "CV", "lat": -7.23004, "long": -39.344422 }, "geometry": { "type": "Point", "coordinates": [ -39.344422, -7.23004 ] } },
{ "type": "Feature", "properties": { "micronodo": "Bairro do Triângulo", "area_oficial": "JUAZEIRO DO NORTE", "faction": "CV", "lat": -7.227806, "long": -39.332037 }, "geometry": { "type": "Point", "coordinates": [ -39.332037, -7.227806 ] } },
{ "type": "Feature", "properties": { "micronodo": "Lagoa Seca- Juazeiro do Norte", "area_oficial": "JUAZEIRO DO NORTE", "faction": "CV", "lat": -7.245565, "long": -39.328028 }, "geometry": { "type": "Point", "coordinates": [ -39.328028, -7.245565 ] } },
{ "type": "Feature", "properties": { "micronodo": "Bairro José Geraldo da Cruz", "area_oficial": "JUAZEIRO DO NORTE", "faction": "CV", "lat": -7.235444, "long": -39.307652 }, "geometry": { "type": "Point", "coordinates": [ -39.307652, -7.235444 ] } },
{ "type": "Feature", "properties": { "micronodo": "Mutirão ", "area_oficial": "JUAZEIRO DO NORTE", "faction": "CV", "lat": -7.233055, "long": -39.343743 }, "geometry": { "type": "Point", "coordinates": [ -39.343743, -7.233055 ] } },
{ "type": "Feature", "properties": { "micronodo": "Franciscano ", "area_oficial": "JUAZEIRO DO NORTE", "faction": "CV", "lat": -7.211259, "long": -39.312358 }, "geometry": { "type": "Point", "coordinates": [ -39.312358, -7.211259 ] } },
{ "type": "Feature", "properties": { "micronodo": "Alto da Alegria - Barbalha", "area_oficial": "BARBALHA", "faction": "CV", "lat": -7.302383, "long": -39.295161 }, "geometry": { "type": "Point", "coordinates": [ -39.295161, -7.302383 ] } },
{ "type": "Feature", "properties": { "micronodo": "Frei Damião", "area_oficial": "JUAZEIRO DO NORTE", "faction": "CV", "lat": -7.247499, "long": -39.335669 }, "geometry": { "type": "Point", "coordinates": [ -39.335669, -7.247499 ] } },
{ "type": "Feature", "properties": { "micronodo": "Bairro Limoeiro ", "area_oficial": "JUAZEIRO DO NORTE", "faction": "CV", "lat": -7.223063, "long": -39.302964 }, "geometry": { "type": "Point", "coordinates": [ -39.302964, -7.223063 ] } },
{ "type": "Feature", "properties": { "micronodo": "Alto do Rosário- Barbalha", "area_oficial": "BARBALHA", "faction": "CV", "lat": -7.313487, "long": -39.309757 }, "geometry": { "type": "Point", "coordinates": [ -39.309757, -7.313487 ] } },
{ "type": "Feature", "properties": { "micronodo": "Mutirão ll ou Frei Damião ", "area_oficial": "JUAZEIRO DO NORTE", "faction": "CV", "lat": -7.239958, "long": -39.336878 }, "geometry": { "type": "Point", "coordinates": [ -39.336878, -7.239958 ] } },
{ "type": "Feature", "properties": { "micronodo": "Bairro Santo André de Barbalha", "area_oficial": "BARBALHA", "faction": "CV", "lat": -7.328994, "long": -39.293241 }, "geometry": { "type": "Point", "coordinates": [ -39.293241, -7.328994 ] } },
{ "type": "Feature", "properties": { "micronodo": "Bela Vista de Barbalha", "area_oficial": "BARBALHA", "faction": "CV", "lat": -7.323081, "long": -39.299503 }, "geometry": { "type": "Point", "coordinates": [ -39.299503, -7.323081 ] } },
{ "type": "Feature", "properties": { "micronodo": "Cirolândia", "area_oficial": "BARBALHA", "faction": "CV", "lat": -7.317768, "long": -39.300852 }, "geometry": { "type": "Point", "coordinates": [ -39.300852, -7.317768 ] } },
{ "type": "Feature", "properties": { "micronodo": "Romeirão", "area_oficial": "JUAZEIRO DO NORTE", "faction": "CV", "lat": -7.223187, "long": -39.316841 }, "geometry": { "type": "Point", "coordinates": [ -39.316841, -7.223187 ] } },
{ "type": "Feature", "properties": { "micronodo": "Zuca", "area_oficial": "BARBALHA", "faction": "CV", "lat": -7.316192, "long": -39.302112 }, "geometry": { "type": "Point", "coordinates": [ -39.302112, -7.316192 ] } },
{ "type": "Feature", "properties": { "micronodo": "Pio 12", "area_oficial": "JUAZEIRO DO NORTE", "faction": "CV", "lat": -7.208717, "long": -39.308082 }, "geometry": { "type": "Point", "coordinates": [ -39.308082, -7.208717 ] } },
{ "type": "Feature", "properties": { "micronodo": "Vila Nova", "area_oficial": "JUAZEIRO DO NORTE", "faction": "CV", "lat": -7.193973, "long": -39.270355 }, "geometry": { "type": "Point", "coordinates": [ -39.270355, -7.193973 ] } },
{ "type": "Feature", "properties": { "micronodo": "Aeroporto ", "area_oficial": "AEROPORTO", "faction": "CV", "lat": -7.203464, "long": -39.273513 }, "geometry": { "type": "Point", "coordinates": [ -39.273513, -7.203464 ] } },
{ "type": "Feature", "properties": { "micronodo": "Bairro da Malvinas - Barbalha", "area_oficial": "JUAZEIRO DO NORTE", "faction": "CV", "lat": -7.29826, "long": -39.276714 }, "geometry": { "type": "Point", "coordinates": [ -39.276714, -7.29826 ] } },
{ "type": "Feature", "properties": { "micronodo": "Pedrinhas", "area_oficial": "JUAZEIRO DO NORTE", "faction": "CV", "lat": -7.195074, "long": -39.27691 }, "geometry": { "type": "Point", "coordinates": [ -39.27691, -7.195074 ] } },
{ "type": "Feature", "properties": { "micronodo": "Timbaúba", "area_oficial": "JUAZEIRO DO NORTE", "faction": "CV", "lat": -7.212553, "long": -39.302446 }, "geometry": { "type": "Point", "coordinates": [ -39.302446, -7.212553 ] } },
{ "type": "Feature", "properties": { "micronodo": "Alto", "area_oficial": "JUAZEIRO DO NORTE", "faction": "CV", "lat": -7.202447, "long": -39.314665 }, "geometry": { "type": "Point", "coordinates": [ -39.314665, -7.202447 ] } },
{ "type": "Feature", "properties": { "micronodo": "Campo Alegre ", "area_oficial": "JUAZEIRO DO NORTE", "faction": "CV", "lat": -7.247851, "long": -39.287125 }, "geometry": { "type": "Point", "coordinates": [ -39.287125, -7.247851 ] } },
{ "type": "Feature", "properties": { "micronodo": "Estrela - Barbalha", "area_oficial": "JUAZEIRO DO NORTE", "faction": "CV", "lat": -7.269772, "long": -39.270935 }, "geometry": { "type": "Point", "coordinates": [ -39.270935, -7.269772 ] } },
{ "type": "Feature", "properties": { "micronodo": "Bulandeira - Barbalha", "area_oficial": "BARBALHA", "faction": "CV", "lat": -7.300506, "long": -39.312576 }, "geometry": { "type": "Point", "coordinates": [ -39.312576, -7.300506 ] } },
{ "type": "Feature", "properties": { "micronodo": "Lagoa - Barbalha", "area_oficial": "JUAZEIRO DO NORTE", "faction": "CV", "lat": -7.282492, "long": -39.28675 }, "geometry": { "type": "Point", "coordinates": [ -39.28675, -7.282492 ] } },
{ "type": "Feature", "properties": { "micronodo": "Renê Lucena ll", "area_oficial": "BREJO SANTO", "faction": "CV", "lat": -7.47735, "long": -39.004008 }, "geometry": { "type": "Point", "coordinates": [ -39.004008, -7.47735 ] } },
{ "type": "Feature", "properties": { "micronodo": "Raimundo Fernandes", "area_oficial": "PORTEIRAS", "faction": "CV", "lat": -7.482874, "long": -39.011906 }, "geometry": { "type": "Point", "coordinates": [ -39.011906, -7.482874 ] } },
{ "type": "Feature", "properties": { "micronodo": "EMBOQUE CV", "area_oficial": "BREJO SANTO", "faction": "CV", "lat": -7.4967781, "long": -38.9879464 }, "geometry": { "type": "Point", "coordinates": [ -38.9879464, -7.4967781 ] } },
{ "type": "Feature", "properties": { "micronodo": "BELA VISTA CV", "area_oficial": "BREJO SANTO", "faction": "CV", "lat": -7.4935133, "long": -38.9919489 }, "geometry": { "type": "Point", "coordinates": [ -38.9919489, -7.4935133 ] } },
{ "type": "Feature", "properties": { "micronodo": "1° de Maio", "area_oficial": "SOBRAL", "faction": "CV", "lat": -3.802154, "long": -40.269605 }, "geometry": { "type": "Point", "coordinates": [ -40.269605, -3.802154 ] } },
{ "type": "Feature", "properties": { "micronodo": "Cidade de Deus- Forquilha", "area_oficial": "SOBRAL", "faction": "CV", "lat": -3.804291, "long": -40.268421 }, "geometry": { "type": "Point", "coordinates": [ -40.268421, -3.804291 ] } },
{ "type": "Feature", "properties": { "micronodo": "Cidade dos Anjos", "area_oficial": "SOBRAL", "faction": "CV", "lat": -3.80155, "long": -40.270929 }, "geometry": { "type": "Point", "coordinates": [ -40.270929, -3.80155 ] } },
{ "type": "Feature", "properties": { "micronodo": "Distrito de Campo Novo", "area_oficial": "FORQUILHA", "faction": "CV", "lat": -3.825897, "long": -40.253812 }, "geometry": { "type": "Point", "coordinates": [ -40.253812, -3.825897 ] } },
{ "type": "Feature", "properties": { "micronodo": "Pico da Esperança ", "area_oficial": "SOBRAL", "faction": "CV", "lat": -3.806684, "long": -40.266853 }, "geometry": { "type": "Point", "coordinates": [ -40.266853, -3.806684 ] } },
{ "type": "Feature", "properties": { "micronodo": "TRAPIÁ", "area_oficial": "FORQUILHA", "faction": "CV", "lat": -3.8871381, "long": -40.2586807 }, "geometry": { "type": "Point", "coordinates": [ -40.2586807, -3.8871381 ] } },
{ "type": "Feature", "properties": { "micronodo": "Distrito de Lagoa Nova", "area_oficial": "FORQUILHA", "faction": "CV", "lat": -3.858498, "long": -40.206457 }, "geometry": { "type": "Point", "coordinates": [ -40.206457, -3.858498 ] } },
{ "type": "Feature", "properties": { "micronodo": "Distrito de Rasteira", "area_oficial": "FORQUILHA", "faction": "CV", "lat": -3.85817, "long": -40.231816 }, "geometry": { "type": "Point", "coordinates": [ -40.231816, -3.85817 ] } },
{ "type": "Feature", "properties": { "micronodo": "CRAS SANTANA DO ACARAÚ", "area_oficial": "SANTANA DO ACARAÚ", "faction": "CV", "lat": -3.4626763, "long": -40.2100448 }, "geometry": { "type": "Point", "coordinates": [ -40.2100448, -3.4626763 ] } },
{ "type": "Feature", "properties": { "micronodo": "JAIBARAS CV", "area_oficial": "CARIRE", "faction": "CV", "lat": -3.7826082, "long": -40.4996752 }, "geometry": { "type": "Point", "coordinates": [ -40.4996752, -3.7826082 ] } },
{ "type": "Feature", "properties": { "micronodo": "Castanhola", "area_oficial": "JARDIM DAS OLIVEIRAS", "faction": "CV", "lat": -3.786807, "long": -38.508722 }, "geometry": { "type": "Point", "coordinates": [ -38.508722, -3.786807 ] } },
{ "type": "Feature", "properties": { "micronodo": "CONJUNTO METROPOLITANO - PICUÍ", "area_oficial": "PARQUE SOLEDADE", "faction": "CV", "lat": -3.7551317, "long": -38.658127 }, "geometry": { "type": "Point", "coordinates": [ -38.658127, -3.7551317 ] } },
{ "type": "Feature", "properties": { "micronodo": "Milhã", "area_oficial": "MILHÃ", "faction": "CV", "lat": -5.6735122, "long": -39.1949992 }, "geometry": { "type": "Point", "coordinates": [ -39.1949992, -5.6735122 ] } },
{ "type": "Feature", "properties": { "micronodo": "Jardim Norte 1", "area_oficial": "QUIXERAMOBIM", "faction": "CV", "lat": -5.165566, "long": -39.28389 }, "geometry": { "type": "Point", "coordinates": [ -39.28389, -5.165566 ] } },
{ "type": "Feature", "properties": { "micronodo": "Conjunto Esperança - Quixeramobim", "area_oficial": "QUIXERAMOBIM", "faction": "CV", "lat": -5.188726, "long": -39.27276 }, "geometry": { "type": "Point", "coordinates": [ -39.27276, -5.188726 ] } },
{ "type": "Feature", "properties": { "micronodo": "Vila São Paulo", "area_oficial": "QUIXERAMOBIM", "faction": "CV", "lat": -5.191511, "long": -39.276108 }, "geometry": { "type": "Point", "coordinates": [ -39.276108, -5.191511 ] } },
{ "type": "Feature", "properties": { "micronodo": "Loteamente Monte Flor", "area_oficial": "QUIXERAMOBIM", "faction": "CV", "lat": -5.184453, "long": -39.296615 }, "geometry": { "type": "Point", "coordinates": [ -39.296615, -5.184453 ] } },
{ "type": "Feature", "properties": { "micronodo": "Planalto Sabonete ", "area_oficial": "QUIXERAMOBIM", "faction": "CV", "lat": -5.169856, "long": -39.281577 }, "geometry": { "type": "Point", "coordinates": [ -39.281577, -5.169856 ] } },
{ "type": "Feature", "properties": { "micronodo": "Planalto Nova Pompeia", "area_oficial": "QUIXERAMOBIM", "faction": "CV", "lat": -5.191504, "long": -39.300047 }, "geometry": { "type": "Point", "coordinates": [ -39.300047, -5.191504 ] } },
{ "type": "Feature", "properties": { "micronodo": "Bairro Jaime Lopes", "area_oficial": "QUIXERAMOBIM", "faction": "CV", "lat": -5.202437, "long": -39.302211 }, "geometry": { "type": "Point", "coordinates": [ -39.302211, -5.202437 ] } },
{ "type": "Feature", "properties": { "micronodo": "Bairro Maravilha", "area_oficial": "QUIXERAMOBIM", "faction": "CV", "lat": -5.204521, "long": -39.295121 }, "geometry": { "type": "Point", "coordinates": [ -39.295121, -5.204521 ] } },
{ "type": "Feature", "properties": { "micronodo": "Campo Novo- Quixadá", "area_oficial": "QUIXADA", "faction": "CV", "lat": -4.98307, "long": -39.01878 }, "geometry": { "type": "Point", "coordinates": [ -39.01878, -4.98307 ] } },
{ "type": "Feature", "properties": { "micronodo": "Cohab - Quixada ", "area_oficial": "QUIXADA", "faction": "CV", "lat": -4.993105, "long": -39.024794 }, "geometry": { "type": "Point", "coordinates": [ -39.024794, -4.993105 ] } },
{ "type": "Feature", "properties": { "micronodo": "Planalto Renascer- Quixadá", "area_oficial": "QUIXADA", "faction": "CV", "lat": -4.959437, "long": -39.028019 }, "geometry": { "type": "Point", "coordinates": [ -39.028019, -4.959437 ] } },
{ "type": "Feature", "properties": { "micronodo": "Putiú- Quixadá", "area_oficial": "QUIXADA", "faction": "CV", "lat": -4.98307, "long": -39.01878 }, "geometry": { "type": "Point", "coordinates": [ -39.01878, -4.98307 ] } },
{ "type": "Feature", "properties": { "micronodo": "Residencial Rachel de Queiroz", "area_oficial": "QUIXADA", "faction": "CV", "lat": -4.957747, "long": -39.0573 }, "geometry": { "type": "Point", "coordinates": [ -39.0573, -4.957747 ] } },
{ "type": "Feature", "properties": { "micronodo": "Carrascal- Quixadá", "area_oficial": "QUIXADA", "faction": "CV", "lat": -4.963462, "long": -39.038695 }, "geometry": { "type": "Point", "coordinates": [ -39.038695, -4.963462 ] } },
{ "type": "Feature", "properties": { "micronodo": "Bairro José Aurelio Camara", "area_oficial": "QUIXERAMOBIM", "faction": "CV", "lat": -5.191593, "long": -39.299679 }, "geometry": { "type": "Point", "coordinates": [ -39.299679, -5.191593 ] } },
{ "type": "Feature", "properties": { "micronodo": "Juatama - Quixadá", "area_oficial": "QUIXADÁ", "faction": "CV", "lat": -5.07797, "long": -39.037391 }, "geometry": { "type": "Point", "coordinates": [ -39.037391, -5.07797 ] } },
{ "type": "Feature", "properties": { "micronodo": "Campo Velho- Quixadá", "area_oficial": "QUIXADA", "faction": "CV", "lat": -4.961375, "long": -39.010778 }, "geometry": { "type": "Point", "coordinates": [ -39.010778, -4.961375 ] } },
{ "type": "Feature", "properties": { "micronodo": "Beco do Jeremias", "area_oficial": "VILA VELHA", "faction": "CV", "lat": -3.712513, "long": -38.605377 }, "geometry": { "type": "Point", "coordinates": [ -38.605377, -3.712513 ] } },
{ "type": "Feature", "properties": { "micronodo": "Combate - Quixada", "area_oficial": "QUIXADA", "faction": "CV", "lat": -4.971828, "long": -39.028348 }, "geometry": { "type": "Point", "coordinates": [ -39.028348, -4.971828 ] } },
{ "type": "Feature", "properties": { "micronodo": "EUA - Quixada", "area_oficial": "QUIXADA", "faction": "CV", "lat": -4.954089, "long": -39.028146 }, "geometry": { "type": "Point", "coordinates": [ -39.028146, -4.954089 ] } },
{ "type": "Feature", "properties": { "micronodo": "Irajá- Quixadá", "area_oficial": "QUIXADA", "faction": "CV", "lat": -4.968468, "long": -39.01118 }, "geometry": { "type": "Point", "coordinates": [ -39.01118, -4.968468 ] } },
{ "type": "Feature", "properties": { "micronodo": "Alto São Francisco", "area_oficial": "QUIXADA", "faction": "CV", "lat": -4.964107, "long": -39.003991 }, "geometry": { "type": "Point", "coordinates": [ -39.003991, -4.964107 ] } },
{ "type": "Feature", "properties": { "micronodo": "Herval- Quixadá", "area_oficial": "QUIXADA", "faction": "CV", "lat": -4.965867, "long": -39.020413 }, "geometry": { "type": "Point", "coordinates": [ -39.020413, -4.965867 ] } },
{ "type": "Feature", "properties": { "micronodo": "Nova Jerusalém - Quixada", "area_oficial": "QUIXADÁ", "faction": "CV", "lat": -4.990748, "long": -39.016022 }, "geometry": { "type": "Point", "coordinates": [ -39.016022, -4.990748 ] } },
{ "type": "Feature", "properties": { "micronodo": "Rua da Palha- Quixadá", "area_oficial": "QUIXADA", "faction": "CV", "lat": -4.982589, "long": -39.012877 }, "geometry": { "type": "Point", "coordinates": [ -39.012877, -4.982589 ] } },
{ "type": "Feature", "properties": { "micronodo": "São José - Quixada ", "area_oficial": "QUIXADA", "faction": "CV", "lat": -4.959979, "long": -39.026584 }, "geometry": { "type": "Point", "coordinates": [ -39.026584, -4.959979 ] } },
{ "type": "Feature", "properties": { "micronodo": "Pitanga", "area_oficial": "TIANGUA", "faction": "CV", "lat": -3.757461, "long": -40.980816 }, "geometry": { "type": "Point", "coordinates": [ -40.980816, -3.757461 ] } },
{ "type": "Feature", "properties": { "micronodo": "Lagoa Cumprida", "area_oficial": "OCARA", "faction": "CV", "lat": -4.606102, "long": -38.45446 }, "geometry": { "type": "Point", "coordinates": [ -38.45446, -4.606102 ] } },
{ "type": "Feature", "properties": { "micronodo": "Aruaru - Morada Nova", "area_oficial": "OCARA", "faction": "CV", "lat": -4.568831, "long": -38.366287 }, "geometry": { "type": "Point", "coordinates": [ -38.366287, -4.568831 ] } },
{ "type": "Feature", "properties": { "micronodo": "PRAIA DAS CURIMÃS", "area_oficial": "BARROQUINHA", "faction": "CV", "lat": -2.8902493, "long": -41.1832808 }, "geometry": { "type": "Point", "coordinates": [ -41.1832808, -2.8902493 ] } },
{ "type": "Feature", "properties": { "micronodo": "Morro do Galo", "area_oficial": "CRISTO REDENTOR", "faction": "CV", "lat": -3.704337, "long": -38.5649003 }, "geometry": { "type": "Point", "coordinates": [ -38.5649003, -3.704337 ] } },
{ "type": "Feature", "properties": { "micronodo": "Choró", "area_oficial": "CHORÓ", "faction": "CV", "lat": -4.842146, "long": -39.140562 }, "geometry": { "type": "Point", "coordinates": [ -39.140562, -4.842146 ] } },
{ "type": "Feature", "properties": { "micronodo": "Potiretama", "area_oficial": "POTIRETAMA", "faction": "CV", "lat": -5.715637, "long": -38.154166 }, "geometry": { "type": "Point", "coordinates": [ -38.154166, -5.715637 ] } },
{ "type": "Feature", "properties": { "micronodo": "Cidade de Banabuiú", "area_oficial": "BANABUIÚ", "faction": "CV", "lat": -5.29397, "long": -38.924173 }, "geometry": { "type": "Point", "coordinates": [ -38.924173, -5.29397 ] } },
{ "type": "Feature", "properties": { "micronodo": "Vila Brasilia - Banabuiu", "area_oficial": "BANABUIÚ", "faction": "CV", "lat": -5.315477, "long": -38.920676 }, "geometry": { "type": "Point", "coordinates": [ -38.920676, -5.315477 ] } },
{ "type": "Feature", "properties": { "micronodo": "COHAB II", "area_oficial": "SOBRAL", "faction": "CV", "lat": -3.7097424, "long": -40.3371694 }, "geometry": { "type": "Point", "coordinates": [ -40.3371694, -3.7097424 ] } },
{ "type": "Feature", "properties": { "micronodo": "Residencial Nossa Senhora das Dores - Juazeiro do norte", "area_oficial": "JUAZEIRO DO NORTE", "faction": "CV", "lat": -7.224363, "long": -39.280866 }, "geometry": { "type": "Point", "coordinates": [ -39.280866, -7.224363 ] } },
{ "type": "Feature", "properties": { "micronodo": "Residencial São Sebastião", "area_oficial": "JUAZEIRO DO NORTE", "faction": "CV", "lat": -7.228617, "long": -39.273012 }, "geometry": { "type": "Point", "coordinates": [ -39.273012, -7.228617 ] } },
{ "type": "Feature", "properties": { "micronodo": "Bertolândia", "area_oficial": "JUAZEIRO DO NORTE", "faction": "CV", "lat": -7.228653, "long": -39.286329 }, "geometry": { "type": "Point", "coordinates": [ -39.286329, -7.228653 ] } },
{ "type": "Feature", "properties": { "micronodo": "CV", "area_oficial": "MERUOCA", "faction": "CV", "lat": -3.6813759, "long": -40.3473269 }, "geometry": { "type": "Point", "coordinates": [ -40.3473269, -3.6813759 ] } },
{ "type": "Feature", "properties": { "micronodo": "Baixa da Raposa", "area_oficial": "JUAZEIRO DO NORTE", "faction": "CV", "lat": -7.259044, "long": -39.333901 }, "geometry": { "type": "Point", "coordinates": [ -39.333901, -7.259044 ] } },
{ "type": "Feature", "properties": { "micronodo": "Tabuba", "area_oficial": "IPARANA", "faction": "CV", "lat": -3.640691, "long": -38.704892 }, "geometry": { "type": "Point", "coordinates": [ -38.704892, -3.640691 ] } },
{ "type": "Feature", "properties": { "micronodo": "Cohab", "area_oficial": "BARROQUINHA", "faction": "CV", "lat": -3.028443, "long": -41.122978 }, "geometry": { "type": "Point", "coordinates": [ -41.122978, -3.028443 ] } },
{ "type": "Feature", "properties": { "micronodo": "Vila União ", "area_oficial": "VILA UNIĂO", "faction": "CV", "lat": -3.679988, "long": -40.373306 }, "geometry": { "type": "Point", "coordinates": [ -40.373306, -3.679988 ] } },
{ "type": "Feature", "properties": { "micronodo": "EMBOQUE TCP", "area_oficial": "BREJO SANTO", "faction": "TCP/GDE", "lat": -7.4959061, "long": -38.9835908 }, "geometry": { "type": "Point", "coordinates": [ -38.9835908, -7.4959061 ] } },
{ "type": "Feature", "properties": { "micronodo": "Juremal", "area_oficial": "ALTO SANTO", "faction": "TCP/GDE", "lat": -5.440862, "long": -38.226504 }, "geometry": { "type": "Point", "coordinates": [ -38.226504, -5.440862 ] } },
{ "type": "Feature", "properties": { "micronodo": "Dom Expedito", "area_oficial": "MERUOCA", "faction": "TCP/GDE", "lat": -3.695478, "long": -40.347822 }, "geometry": { "type": "Point", "coordinates": [ -40.347822, -3.695478 ] } },
{ "type": "Feature", "properties": { "micronodo": "Comunidade dos Gaviões ", "area_oficial": "MERUOCA", "faction": "TCP/GDE", "lat": -3.696949, "long": -40.348972 }, "geometry": { "type": "Point", "coordinates": [ -40.348972, -3.696949 ] } },
{ "type": "Feature", "properties": { "micronodo": "Várzea Grande", "area_oficial": "MERUOCA", "faction": "TCP/GDE", "lat": -3.692692, "long": -40.341966 }, "geometry": { "type": "Point", "coordinates": [ -40.341966, -3.692692 ] } },
{ "type": "Feature", "properties": { "micronodo": "Praia do Canto Verde", "area_oficial": "FORTIM", "faction": "TCP/GDE", "lat": -4.317034, "long": -37.93272 }, "geometry": { "type": "Point", "coordinates": [ -37.93272, -4.317034 ] } },
{ "type": "Feature", "properties": { "micronodo": "Camboas - Paraipaba", "area_oficial": "PARAIPABA", "faction": "TCP/GDE", "lat": -3.40335, "long": -39.114927 }, "geometry": { "type": "Point", "coordinates": [ -39.114927, -3.40335 ] } },
{ "type": "Feature", "properties": { "micronodo": "Vila da volta - Aracati", "area_oficial": "FORTIM", "faction": "TCP/GDE", "lat": -4.52904, "long": -37.791089 }, "geometry": { "type": "Point", "coordinates": [ -37.791089, -4.52904 ] } },
{ "type": "Feature", "properties": { "micronodo": "Almofala", "area_oficial": "ITAREMA", "faction": "TCP/GDE", "lat": -2.937492, "long": -39.832812 }, "geometry": { "type": "Point", "coordinates": [ -39.832812, -2.937492 ] } },
{ "type": "Feature", "properties": { "micronodo": "Distrito de Serrota", "area_oficial": "APUIARÉS", "faction": "TCP/GDE", "lat": -3.855908, "long": -39.342141 }, "geometry": { "type": "Point", "coordinates": [ -39.342141, -3.855908 ] } },
{ "type": "Feature", "properties": { "micronodo": "Distrito de Torrões", "area_oficial": "ITAREMA", "faction": "TCP/GDE", "lat": -2.95116, "long": -39.797529 }, "geometry": { "type": "Point", "coordinates": [ -39.797529, -2.95116 ] } },
{ "type": "Feature", "properties": { "micronodo": "Mondego", "area_oficial": "BATURITE", "faction": "TCP/GDE", "lat": -4.322043, "long": -38.885055 }, "geometry": { "type": "Point", "coordinates": [ -38.885055, -4.322043 ] } },
{ "type": "Feature", "properties": { "micronodo": "Cidade de Carnaubal", "area_oficial": "CARNAUBAL", "faction": "TCP/GDE", "lat": -4.148135, "long": -40.94559 }, "geometry": { "type": "Point", "coordinates": [ -40.94559, -4.148135 ] } },
{ "type": "Feature", "properties": { "micronodo": "Cidade de Missão Velha", "area_oficial": "MISSÃO VELHA", "faction": "TCP/GDE", "lat": -7.239735, "long": -39.144869 }, "geometry": { "type": "Point", "coordinates": [ -39.144869, -7.239735 ] } },
{ "type": "Feature", "properties": { "micronodo": "Cidade de Granjeiro", "area_oficial": "GRANJEIRO", "faction": "TCP/GDE", "lat": -6.884294, "long": -39.222925 }, "geometry": { "type": "Point", "coordinates": [ -39.222925, -6.884294 ] } },
{ "type": "Feature", "properties": { "micronodo": "Vila Lobos- Crato", "area_oficial": "CRATO", "faction": "TCP/GDE", "lat": -7.241035, "long": -39.403695 }, "geometry": { "type": "Point", "coordinates": [ -39.403695, -7.241035 ] } },
{ "type": "Feature", "properties": { "micronodo": "Conjunto São Bento 1- Crato", "area_oficial": "CRATO", "faction": "TCP/GDE", "lat": -7.178433, "long": -39.39854 }, "geometry": { "type": "Point", "coordinates": [ -39.39854, -7.178433 ] } },
{ "type": "Feature", "properties": { "micronodo": "São Bento- Crato", "area_oficial": "CRATO", "faction": "TCP/GDE", "lat": -7.210028, "long": -39.390692 }, "geometry": { "type": "Point", "coordinates": [ -39.390692, -7.210028 ] } },
{ "type": "Feature", "properties": { "micronodo": "Lagoa Encantada- Crato", "area_oficial": "CRATO", "faction": "TCP/GDE", "lat": -7.210272, "long": -39.389778 }, "geometry": { "type": "Point", "coordinates": [ -39.389778, -7.210272 ] } },
{ "type": "Feature", "properties": { "micronodo": "Distrito de Porto do Barco", "area_oficial": "ITAREMA", "faction": "TCP/GDE", "lat": -2.904365, "long": -39.889913 }, "geometry": { "type": "Point", "coordinates": [ -39.889913, -2.904365 ] } },
{ "type": "Feature", "properties": { "micronodo": "Campinas (Canindé)", "area_oficial": "CANINDÉ", "faction": "TCP/GDE", "lat": -4.338553, "long": -39.307906 }, "geometry": { "type": "Point", "coordinates": [ -39.307906, -4.338553 ] } },
{ "type": "Feature", "properties": { "micronodo": "Palestina (Canindé)", "area_oficial": "CANINDÉ", "faction": "TCP/GDE", "lat": -4.367576, "long": -39.312145 }, "geometry": { "type": "Point", "coordinates": [ -39.312145, -4.367576 ] } },
{ "type": "Feature", "properties": { "micronodo": "Alto da Guaramiranga- Canindé", "area_oficial": "CANINDÉ", "faction": "TCP/GDE", "lat": -4.355858, "long": -39.309452 }, "geometry": { "type": "Point", "coordinates": [ -39.309452, -4.355858 ] } },
{ "type": "Feature", "properties": { "micronodo": "Minha Casa Minha Vida- Canindé", "area_oficial": "CANINDÉ", "faction": "TCP/GDE", "lat": -4.353552, "long": -39.308581 }, "geometry": { "type": "Point", "coordinates": [ -39.308581, -4.353552 ] } },
{ "type": "Feature", "properties": { "micronodo": "Distrito de Patos", "area_oficial": "OCARA", "faction": "TCP/GDE", "lat": -4.700486, "long": -38.400644 }, "geometry": { "type": "Point", "coordinates": [ -38.400644, -4.700486 ] } },
{ "type": "Feature", "properties": { "micronodo": "Cidade de Alto Santo", "area_oficial": "ALTO SANTO", "faction": "TCP/GDE", "lat": -5.51517, "long": -38.266212 }, "geometry": { "type": "Point", "coordinates": [ -38.266212, -5.51517 ] } },
{ "type": "Feature", "properties": { "micronodo": "Distrito de Alto Lindo", "area_oficial": "IBIAPINA", "faction": "TCP/GDE", "lat": -3.979293, "long": -40.938257 }, "geometry": { "type": "Point", "coordinates": [ -40.938257, -3.979293 ] } },
{ "type": "Feature", "properties": { "micronodo": "Vila Peri - Várzea alegre", "area_oficial": "VÁRZEA ALEGRE", "faction": "TCP/GDE", "lat": -6.793897, "long": -39.304964 }, "geometry": { "type": "Point", "coordinates": [ -39.304964, -6.793897 ] } },
{ "type": "Feature", "properties": { "micronodo": "Juremal - Varzea alegre", "area_oficial": "VÁRZEA ALEGRE", "faction": "TCP/GDE", "lat": -6.791446, "long": -39.303269 }, "geometry": { "type": "Point", "coordinates": [ -39.303269, -6.791446 ] } },
{ "type": "Feature", "properties": { "micronodo": "Santo Antonio -  Varzea alegre", "area_oficial": "VÁRZEA ALEGRE", "faction": "TCP/GDE", "lat": -6.786593, "long": -39.296487 }, "geometry": { "type": "Point", "coordinates": [ -39.296487, -6.786593 ] } },
{ "type": "Feature", "properties": { "micronodo": "Varjota - Várzea alegre", "area_oficial": "VÁRZEA ALEGRE", "faction": "TCP/GDE", "lat": -6.794449, "long": -39.298227 }, "geometry": { "type": "Point", "coordinates": [ -39.298227, -6.794449 ] } },
{ "type": "Feature", "properties": { "micronodo": "Riachinho - Várzea alegre", "area_oficial": "VÁRZEA ALEGRE", "faction": "TCP/GDE", "lat": -6.793133, "long": -39.290909 }, "geometry": { "type": "Point", "coordinates": [ -39.290909, -6.793133 ] } },
{ "type": "Feature", "properties": { "micronodo": "Patos - Várzea alegre", "area_oficial": "VÁRZEA ALEGRE", "faction": "TCP/GDE", "lat": -6.792528, "long": -39.287517 }, "geometry": { "type": "Point", "coordinates": [ -39.287517, -6.792528 ] } },
{ "type": "Feature", "properties": { "micronodo": "Vila Cacilda - Várzea alegre", "area_oficial": "VÁRZEA ALEGRE", "faction": "TCP/GDE", "lat": -6.785176, "long": -39.291049 }, "geometry": { "type": "Point", "coordinates": [ -39.291049, -6.785176 ] } },
{ "type": "Feature", "properties": { "micronodo": "Grossos - Várzea Alegre", "area_oficial": "VÁRZEA ALEGRE", "faction": "TCP/GDE", "lat": -6.774925, "long": -39.292127 }, "geometry": { "type": "Point", "coordinates": [ -39.292127, -6.774925 ] } },
{ "type": "Feature", "properties": { "micronodo": "Zezinho da costa - Várzea alegre", "area_oficial": "VÁRZEA ALEGRE", "faction": "TCP/GDE", "lat": -6.793237, "long": -39.29313 }, "geometry": { "type": "Point", "coordinates": [ -39.29313, -6.793237 ] } },
{ "type": "Feature", "properties": { "micronodo": "José Dodô ", "area_oficial": "ASSARÉ", "faction": "TCP/GDE", "lat": -6.870791, "long": -39.877993 }, "geometry": { "type": "Point", "coordinates": [ -39.877993, -6.870791 ] } },
{ "type": "Feature", "properties": { "micronodo": "Parque de Vaquejada", "area_oficial": "ASSARÉ", "faction": "TCP/GDE", "lat": -6.868734, "long": -39.869192 }, "geometry": { "type": "Point", "coordinates": [ -39.869192, -6.868734 ] } },
{ "type": "Feature", "properties": { "micronodo": "Planalto dos lemos - Cedro", "area_oficial": "CEDRO", "faction": "TCP/GDE", "lat": -6.627306, "long": -39.060044 }, "geometry": { "type": "Point", "coordinates": [ -39.060044, -6.627306 ] } },
{ "type": "Feature", "properties": { "micronodo": "Bairro de Fátima - Cedro", "area_oficial": "CEDRO", "faction": "TCP/GDE", "lat": -6.606911, "long": -39.06282 }, "geometry": { "type": "Point", "coordinates": [ -39.06282, -6.606911 ] } },
{ "type": "Feature", "properties": { "micronodo": "Pega Avoante - Cedro", "area_oficial": "CEDRO", "faction": "TCP/GDE", "lat": -6.613152, "long": -39.061776 }, "geometry": { "type": "Point", "coordinates": [ -39.061776, -6.613152 ] } },
{ "type": "Feature", "properties": { "micronodo": "Jardim Afonso Celso - Cedro", "area_oficial": "CEDRO", "faction": "TCP/GDE", "lat": -6.593174, "long": -39.068235 }, "geometry": { "type": "Point", "coordinates": [ -39.068235, -6.593174 ] } },
{ "type": "Feature", "properties": { "micronodo": "Divisão - Cedro ", "area_oficial": "CEDRO", "faction": "TCP/GDE", "lat": -6.61247, "long": -39.060059 }, "geometry": { "type": "Point", "coordinates": [ -39.060059, -6.61247 ] } },
{ "type": "Feature", "properties": { "micronodo": "Prado - Cedro", "area_oficial": "CEDRO", "faction": "TCP/GDE", "lat": -6.602969, "long": -39.058511 }, "geometry": { "type": "Point", "coordinates": [ -39.058511, -6.602969 ] } },
{ "type": "Feature", "properties": { "micronodo": "Açude - Cedro", "area_oficial": "CEDRO", "faction": "TCP/GDE", "lat": -6.609127, "long": -39.060149 }, "geometry": { "type": "Point", "coordinates": [ -39.060149, -6.609127 ] } },
{ "type": "Feature", "properties": { "micronodo": "Parque Veraneio - Caucaia", "area_oficial": "IPARANA", "faction": "TCP/GDE", "lat": -3.683736, "long": -38.660547 }, "geometry": { "type": "Point", "coordinates": [ -38.660547, -3.683736 ] } },
{ "type": "Feature", "properties": { "micronodo": "Júa - Quixadá", "area_oficial": "ITAPIÚNA", "faction": "TCP/GDE", "lat": -4.720969, "long": -38.97633 }, "geometry": { "type": "Point", "coordinates": [ -38.97633, -4.720969 ] } },
{ "type": "Feature", "properties": { "micronodo": "Beco da Macumba", "area_oficial": "PACATUBA", "faction": "TCP/GDE", "lat": -3.992044, "long": -38.616206 }, "geometry": { "type": "Point", "coordinates": [ -38.616206, -3.992044 ] } },
{ "type": "Feature", "properties": { "micronodo": "Bela vista - Crato", "area_oficial": "JUAZEIRO DO NORTE", "faction": "TCP/GDE", "lat": -7.172763, "long": -39.387412 }, "geometry": { "type": "Point", "coordinates": [ -39.387412, -7.172763 ] } },
{ "type": "Feature", "properties": { "micronodo": "Bico da Arara - Caririaçu", "area_oficial": "CARIRIAÇU", "faction": "TCP/GDE", "lat": -7.043078, "long": -39.270272 }, "geometry": { "type": "Point", "coordinates": [ -39.270272, -7.043078 ] } },
{ "type": "Feature", "properties": { "micronodo": "Palestina - Caririaçu", "area_oficial": "CARIRIAÇU", "faction": "TCP/GDE", "lat": -7.034792, "long": -39.276967 }, "geometry": { "type": "Point", "coordinates": [ -39.276967, -7.034792 ] } },
{ "type": "Feature", "properties": { "micronodo": "Paraíso - Caririaçu ", "area_oficial": "CARIRIAÇU", "faction": "TCP/GDE", "lat": -7.045538, "long": -39.284744 }, "geometry": { "type": "Point", "coordinates": [ -39.284744, -7.045538 ] } },
{ "type": "Feature", "properties": { "micronodo": "Monte Nego - Caririaçu", "area_oficial": "CARIRIAÇU", "faction": "TCP/GDE", "lat": -7.043316, "long": -39.277978 }, "geometry": { "type": "Point", "coordinates": [ -39.277978, -7.043316 ] } },
{ "type": "Feature", "properties": { "micronodo": "José Agustinho - Caririaçu", "area_oficial": "CARIRIAÇU", "faction": "TCP/GDE", "lat": -7.040479, "long": -39.280579 }, "geometry": { "type": "Point", "coordinates": [ -39.280579, -7.040479 ] } },
{ "type": "Feature", "properties": { "micronodo": "Miragem - Caririaçu", "area_oficial": "CARIRIAÇU", "faction": "TCP/GDE", "lat": -7.039437, "long": -39.292624 }, "geometry": { "type": "Point", "coordinates": [ -39.292624, -7.039437 ] } },
{ "type": "Feature", "properties": { "micronodo": "Sulina", "area_oficial": "PINDORETAMA", "faction": "TCP/GDE", "lat": -4.042344, "long": -38.20701 }, "geometry": { "type": "Point", "coordinates": [ -38.20701, -4.042344 ] } },
{ "type": "Feature", "properties": { "micronodo": "Distrito de Vo Terta", "area_oficial": "GUARACIABA DO NORTE", "faction": "TCP/GDE", "lat": -4.170661, "long": -40.94342 }, "geometry": { "type": "Point", "coordinates": [ -40.94342, -4.170661 ] } },
{ "type": "Feature", "properties": { "micronodo": "Setor NH3 - Morada Nova", "area_oficial": "SÃO JOÃO DO JAGUARIBE", "faction": "TCP/GDE", "lat": -5.141726, "long": -38.246664 }, "geometry": { "type": "Point", "coordinates": [ -38.246664, -5.141726 ] } },
{ "type": "Feature", "properties": { "micronodo": "Setor NH5 - Morada Nova", "area_oficial": "LIMOEIRO DO NORTE", "faction": "TCP/GDE", "lat": -5.155966, "long": -38.192618 }, "geometry": { "type": "Point", "coordinates": [ -38.192618, -5.155966 ] } },
{ "type": "Feature", "properties": { "micronodo": "Setor 1 - Morada Nova", "area_oficial": "MORADA NOVA", "faction": "TCP/GDE", "lat": -5.123987, "long": -38.339776 }, "geometry": { "type": "Point", "coordinates": [ -38.339776, -5.123987 ] } },
{ "type": "Feature", "properties": { "micronodo": "Balneario - Morada Nova", "area_oficial": "MORADA NOVA", "faction": "TCP/GDE", "lat": -5.125155, "long": -38.368996 }, "geometry": { "type": "Point", "coordinates": [ -38.368996, -5.125155 ] } },
{ "type": "Feature", "properties": { "micronodo": "Pedras - Morada Nova", "area_oficial": "LIMOEIRO DO NORTE", "faction": "TCP/GDE", "lat": -5.13596, "long": -38.239987 }, "geometry": { "type": "Point", "coordinates": [ -38.239987, -5.13596 ] } },
{ "type": "Feature", "properties": { "micronodo": "Setor NH4 - Morada Nova", "area_oficial": "LIMOEIRO DO NORTE", "faction": "TCP/GDE", "lat": -5.151167, "long": -38.216394 }, "geometry": { "type": "Point", "coordinates": [ -38.216394, -5.151167 ] } },
{ "type": "Feature", "properties": { "micronodo": "Acoafa - Missão Velha", "area_oficial": "MISSÃO VELHA", "faction": "TCP/GDE", "lat": -7.257207, "long": -39.147758 }, "geometry": { "type": "Point", "coordinates": [ -39.147758, -7.257207 ] } },
{ "type": "Feature", "properties": { "micronodo": "Jardim Novo - Alto santo", "area_oficial": "ALTO SANTO", "faction": "TCP/GDE", "lat": -5.483798, "long": -38.262256 }, "geometry": { "type": "Point", "coordinates": [ -38.262256, -5.483798 ] } },
{ "type": "Feature", "properties": { "micronodo": "Campo Velho", "area_oficial": "IBARETAMA", "faction": "TCP/GDE", "lat": -4.821543, "long": -38.823809 }, "geometry": { "type": "Point", "coordinates": [ -38.823809, -4.821543 ] } },
{ "type": "Feature", "properties": { "micronodo": "Ibaretama", "area_oficial": "IBARETAMA", "faction": "TCP/GDE", "lat": -4.818442, "long": -38.818623 }, "geometry": { "type": "Point", "coordinates": [ -38.818623, -4.818442 ] } },
{ "type": "Feature", "properties": { "micronodo": "Ibicuitaba - Icapui", "area_oficial": "ICAPUÍ", "faction": "TCP/GDE", "lat": -4.737497, "long": -37.312651 }, "geometry": { "type": "Point", "coordinates": [ -37.312651, -4.737497 ] } },
{ "type": "Feature", "properties": { "micronodo": "São José - Barro", "area_oficial": "BARRO", "faction": "TCP/GDE", "lat": -7.159898, "long": -38.779593 }, "geometry": { "type": "Point", "coordinates": [ -38.779593, -7.159898 ] } },
{ "type": "Feature", "properties": { "micronodo": "Cidade De Barro", "area_oficial": "BARRO", "faction": "TCP/GDE", "lat": -7.169717, "long": -38.77608 }, "geometry": { "type": "Point", "coordinates": [ -38.77608, -7.169717 ] } },
{ "type": "Feature", "properties": { "micronodo": "Cidade De Jati", "area_oficial": "JATI", "faction": "TCP/GDE", "lat": -7.687146, "long": -39.003788 }, "geometry": { "type": "Point", "coordinates": [ -39.003788, -7.687146 ] } },
{ "type": "Feature", "properties": { "micronodo": "Cidade De Jardim", "area_oficial": "JARDIM", "faction": "TCP/GDE", "lat": -7.588712, "long": -39.274041 }, "geometry": { "type": "Point", "coordinates": [ -39.274041, -7.588712 ] } },
{ "type": "Feature", "properties": { "micronodo": "Mutirão ", "area_oficial": "JAGUARIBE", "faction": "TCP/GDE", "lat": -5.885058, "long": -38.610212 }, "geometry": { "type": "Point", "coordinates": [ -38.610212, -5.885058 ] } },
{ "type": "Feature", "properties": { "micronodo": "Alonso Diogenes", "area_oficial": "JAGUARIBE", "faction": "TCP/GDE", "lat": -5.878989, "long": -38.62022 }, "geometry": { "type": "Point", "coordinates": [ -38.62022, -5.878989 ] } },
{ "type": "Feature", "properties": { "micronodo": "Alto da Boa Vista", "area_oficial": "IBARETAMA", "faction": "TCP/GDE", "lat": -4.817872, "long": -38.823274 }, "geometry": { "type": "Point", "coordinates": [ -38.823274, -4.817872 ] } },
{ "type": "Feature", "properties": { "micronodo": "Castanhão", "area_oficial": "ALTO SANTO", "faction": "TCP/GDE", "lat": -5.465483, "long": -38.405263 }, "geometry": { "type": "Point", "coordinates": [ -38.405263, -5.465483 ] } },
{ "type": "Feature", "properties": { "micronodo": "Boa Vista", "area_oficial": "ASSARÉ", "faction": "TCP/GDE", "lat": -6.864574, "long": -39.867618 }, "geometry": { "type": "Point", "coordinates": [ -39.867618, -6.864574 ] } },
{ "type": "Feature", "properties": { "micronodo": "Favela da Coruja", "area_oficial": "ASSARÉ", "faction": "TCP/GDE", "lat": -6.862505, "long": -39.867856 }, "geometry": { "type": "Point", "coordinates": [ -39.867856, -6.862505 ] } },
{ "type": "Feature", "properties": { "micronodo": "São José ou Cohab", "area_oficial": "ASSARÉ", "faction": "TCP/GDE", "lat": -6.861687, "long": -39.873514 }, "geometry": { "type": "Point", "coordinates": [ -39.873514, -6.861687 ] } },
{ "type": "Feature", "properties": { "micronodo": "Favela do Rato ou Rua Luís Fabianl", "area_oficial": "CANINDÉ", "faction": "TCP/GDE", "lat": -4.359328, "long": -39.322084 }, "geometry": { "type": "Point", "coordinates": [ -39.322084, -4.359328 ] } },
{ "type": "Feature", "properties": { "micronodo": "Girilândia", "area_oficial": "MORADA NOVA", "faction": "TCP/GDE", "lat": -5.100809, "long": -38.381492 }, "geometry": { "type": "Point", "coordinates": [ -38.381492, -5.100809 ] } },
{ "type": "Feature", "properties": { "micronodo": "Padre Lucena", "area_oficial": "MORADA NOVA", "faction": "TCP/GDE", "lat": -5.108197, "long": -38.376738 }, "geometry": { "type": "Point", "coordinates": [ -38.376738, -5.108197 ] } },
{ "type": "Feature", "properties": { "micronodo": "Várzea ", "area_oficial": "MORADA NOVA", "faction": "TCP/GDE", "lat": -5.113607, "long": -38.374285 }, "geometry": { "type": "Point", "coordinates": [ -38.374285, -5.113607 ] } },
{ "type": "Feature", "properties": { "micronodo": "Rosário ", "area_oficial": "MORADA NOVA", "faction": "TCP/GDE", "lat": -5.109525, "long": -38.374277 }, "geometry": { "type": "Point", "coordinates": [ -38.374277, -5.109525 ] } },
{ "type": "Feature", "properties": { "micronodo": "2 de Agosto", "area_oficial": "MORADA NOVA", "faction": "TCP/GDE", "lat": -5.10698, "long": -38.368805 }, "geometry": { "type": "Point", "coordinates": [ -38.368805, -5.10698 ] } },
{ "type": "Feature", "properties": { "micronodo": "Vila Chagas", "area_oficial": "MORADA NOVA", "faction": "TCP/GDE", "lat": -5.098275, "long": -38.37605 }, "geometry": { "type": "Point", "coordinates": [ -38.37605, -5.098275 ] } },
{ "type": "Feature", "properties": { "micronodo": "Alto Tiradentes", "area_oficial": "MORADA NOVA", "faction": "TCP/GDE", "lat": -5.100323, "long": -38.356679 }, "geometry": { "type": "Point", "coordinates": [ -38.356679, -5.100323 ] } },
{ "type": "Feature", "properties": { "micronodo": "Divino Espírito Santo", "area_oficial": "MORADA NOVA", "faction": "TCP/GDE", "lat": -5.089474, "long": -38.362797 }, "geometry": { "type": "Point", "coordinates": [ -38.362797, -5.089474 ] } },
{ "type": "Feature", "properties": { "micronodo": "Vila Bezerra", "area_oficial": "MORADA NOVA", "faction": "TCP/GDE", "lat": -5.094689, "long": -38.375244 }, "geometry": { "type": "Point", "coordinates": [ -38.375244, -5.094689 ] } },
{ "type": "Feature", "properties": { "micronodo": "Sao Francisco ", "area_oficial": "MORADA NOVA", "faction": "TCP/GDE", "lat": -5.098474, "long": -38.370334 }, "geometry": { "type": "Point", "coordinates": [ -38.370334, -5.098474 ] } },
{ "type": "Feature", "properties": { "micronodo": "Olinda Ubajara - Tianguá ", "area_oficial": "UBAJARA", "faction": "TCP/GDE", "lat": -3.833661, "long": -40.96968 }, "geometry": { "type": "Point", "coordinates": [ -40.96968, -3.833661 ] } },
{ "type": "Feature", "properties": { "micronodo": "Parque De Exposições", "area_oficial": "MORADA NOVA", "faction": "TCP/GDE", "lat": -5.100956, "long": -38.385775 }, "geometry": { "type": "Point", "coordinates": [ -38.385775, -5.100956 ] } },
{ "type": "Feature", "properties": { "micronodo": "Vazantes - Morada Nova", "area_oficial": "MORADA NOVA", "faction": "TCP/GDE", "lat": -5.103238, "long": -38.330489 }, "geometry": { "type": "Point", "coordinates": [ -38.330489, -5.103238 ] } },
{ "type": "Feature", "properties": { "micronodo": "Nova Veneza", "area_oficial": "UBAJARA", "faction": "TCP/GDE", "lat": -3.843969, "long": -41.008647 }, "geometry": { "type": "Point", "coordinates": [ -41.008647, -3.843969 ] } },
{ "type": "Feature", "properties": { "micronodo": "Favela Do Gás ", "area_oficial": "CANINDÉ", "faction": "TCP/GDE", "lat": -4.361902, "long": -39.308613 }, "geometry": { "type": "Point", "coordinates": [ -39.308613, -4.361902 ] } },
{ "type": "Feature", "properties": { "micronodo": "Jurema", "area_oficial": "IBIAPINA", "faction": "TCP/GDE", "lat": -3.938408, "long": -40.929833 }, "geometry": { "type": "Point", "coordinates": [ -40.929833, -3.938408 ] } },
{ "type": "Feature", "properties": { "micronodo": "Santa Luzia ", "area_oficial": "CANINDÉ", "faction": "TCP/GDE", "lat": -4.352785, "long": -39.316977 }, "geometry": { "type": "Point", "coordinates": [ -39.316977, -4.352785 ] } },
{ "type": "Feature", "properties": { "micronodo": "Bela Vista", "area_oficial": "BELA VISTA", "faction": "TCP/GDE", "lat": -4.3467, "long": -39.310147 }, "geometry": { "type": "Point", "coordinates": [ -39.310147, -4.3467 ] } },
{ "type": "Feature", "properties": { "micronodo": "João Paulo ll", "area_oficial": "CANINDÉ", "faction": "TCP/GDE", "lat": -4.366229, "long": -39.32005 }, "geometry": { "type": "Point", "coordinates": [ -39.32005, -4.366229 ] } },
{ "type": "Feature", "properties": { "micronodo": "Morro do Caboré", "area_oficial": "ITAREMA", "faction": "TCP/GDE", "lat": -2.960448, "long": -39.798356 }, "geometry": { "type": "Point", "coordinates": [ -39.798356, -2.960448 ] } },
{ "type": "Feature", "properties": { "micronodo": "Saquin", "area_oficial": "ITAREMA", "faction": "TCP/GDE", "lat": -2.9601, "long": -39.81563 }, "geometry": { "type": "Point", "coordinates": [ -39.81563, -2.9601 ] } },
{ "type": "Feature", "properties": { "micronodo": "Preaoca", "area_oficial": "PINDORETAMA", "faction": "TCP/GDE", "lat": -4.083327, "long": -38.355334 }, "geometry": { "type": "Point", "coordinates": [ -38.355334, -4.083327 ] } },
{ "type": "Feature", "properties": { "micronodo": "São Mateus", "area_oficial": "CANINDÉ", "faction": "TCP/GDE", "lat": -4.366952, "long": -39.32142 }, "geometry": { "type": "Point", "coordinates": [ -39.32142, -4.366952 ] } },
{ "type": "Feature", "properties": { "micronodo": "Alto do Moinho", "area_oficial": "CANINDÉ", "faction": "TCP/GDE", "lat": -4.362186, "long": -39.307725 }, "geometry": { "type": "Point", "coordinates": [ -39.307725, -4.362186 ] } },
{ "type": "Feature", "properties": { "micronodo": "Patos", "area_oficial": "ITAREMA", "faction": "TCP/GDE", "lat": -3.000854, "long": -39.750354 }, "geometry": { "type": "Point", "coordinates": [ -39.750354, -3.000854 ] } },
{ "type": "Feature", "properties": { "micronodo": "Pereiro", "area_oficial": "PEREIRO", "faction": "TCP/GDE", "lat": -6.040896, "long": -38.459697 }, "geometry": { "type": "Point", "coordinates": [ -38.459697, -6.040896 ] } },
{ "type": "Feature", "properties": { "micronodo": "Itarema", "area_oficial": "ITAREMA", "faction": "TCP/GDE", "lat": -2.914826, "long": -39.929566 }, "geometry": { "type": "Point", "coordinates": [ -39.929566, -2.914826 ] } },
{ "type": "Feature", "properties": { "micronodo": "Flecheiras", "area_oficial": "TIANGUA", "faction": "TCP/GDE", "lat": -3.737354, "long": -40.992718 }, "geometry": { "type": "Point", "coordinates": [ -40.992718, -3.737354 ] } },
{ "type": "Feature", "properties": { "micronodo": "Camurupim", "area_oficial": "TRAIRI", "faction": "TCP/GDE", "lat": -3.286922, "long": -39.290428 }, "geometry": { "type": "Point", "coordinates": [ -39.290428, -3.286922 ] } },
{ "type": "Feature", "properties": { "micronodo": "Rua da Gaveta", "area_oficial": "IRACEMA", "faction": "TCP/GDE", "lat": -5.807724, "long": -38.302894 }, "geometry": { "type": "Point", "coordinates": [ -38.302894, -5.807724 ] } },
{ "type": "Feature", "properties": { "micronodo": "São João Do Queiroz", "area_oficial": "QUIXADA", "faction": "TCP/GDE", "lat": -4.799702, "long": -38.884859 }, "geometry": { "type": "Point", "coordinates": [ -38.884859, -4.799702 ] } },
{ "type": "Feature", "properties": { "micronodo": "Caixa d'água ", "area_oficial": "IRACEMA", "faction": "TCP/GDE", "lat": -5.815073, "long": -38.30508 }, "geometry": { "type": "Point", "coordinates": [ -38.30508, -5.815073 ] } },
{ "type": "Feature", "properties": { "micronodo": "Beira Rio", "area_oficial": "IRACEMA", "faction": "TCP/GDE", "lat": -5.804875, "long": -38.309484 }, "geometry": { "type": "Point", "coordinates": [ -38.309484, -5.804875 ] } },
{ "type": "Feature", "properties": { "micronodo": "Holandinho ", "area_oficial": "IRACEMA", "faction": "TCP/GDE", "lat": -5.809752, "long": -38.302991 }, "geometry": { "type": "Point", "coordinates": [ -38.302991, -5.809752 ] } },
{ "type": "Feature", "properties": { "micronodo": "Polígono 1496", "area_oficial": "IRACEMA", "faction": "TCP/GDE", "lat": -5.810765, "long": -38.303988 }, "geometry": { "type": "Point", "coordinates": [ -38.303988, -5.810765 ] } },
{ "type": "Feature", "properties": { "micronodo": "Jatoba", "area_oficial": "IRACEMA", "faction": "TCP/GDE", "lat": -5.801016, "long": -38.311327 }, "geometry": { "type": "Point", "coordinates": [ -38.311327, -5.801016 ] } },
{ "type": "Feature", "properties": { "micronodo": "Califórnia - Quixadá ", "area_oficial": "QUIXADA", "faction": "TCP/GDE", "lat": -4.766289, "long": -39.013946 }, "geometry": { "type": "Point", "coordinates": [ -39.013946, -4.766289 ] } },
{ "type": "Feature", "properties": { "micronodo": "Sitio Alegre", "area_oficial": "ITAREMA", "faction": "TCP/GDE", "lat": -2.933726, "long": -39.855362 }, "geometry": { "type": "Point", "coordinates": [ -39.855362, -2.933726 ] } },
{ "type": "Feature", "properties": { "micronodo": "Jaguaribe", "area_oficial": "JAGUARIBE", "faction": "TCP/GDE", "lat": -5.88147, "long": -38.621915 }, "geometry": { "type": "Point", "coordinates": [ -38.621915, -5.88147 ] } },
{ "type": "Feature", "properties": { "micronodo": "Campo de Aviação ", "area_oficial": "MORADA NOVA", "faction": "TCP/GDE", "lat": -5.092207, "long": -38.36764 }, "geometry": { "type": "Point", "coordinates": [ -38.36764, -5.092207 ] } },
{ "type": "Feature", "properties": { "micronodo": "Bitupitá ", "area_oficial": "BARROQUINHA", "faction": "TCP/GDE", "lat": -2.895794, "long": -41.278157 }, "geometry": { "type": "Point", "coordinates": [ -41.278157, -2.895794 ] } },
{ "type": "Feature", "properties": { "micronodo": "CÓRREGO DO SAL", "area_oficial": "FORTIM", "faction": "TCP/GDE", "lat": -4.346366, "long": -37.947821 }, "geometry": { "type": "Point", "coordinates": [ -37.947821, -4.346366 ] } },
{ "type": "Feature", "properties": { "micronodo": "VOLTA DO SOCÓ / CAMPESTRE DA PENHA", "area_oficial": "FORTIM", "faction": "TCP/GDE", "lat": -4.338098, "long": -37.941488 }, "geometry": { "type": "Point", "coordinates": [ -37.941488, -4.338098 ] } },
{ "type": "Feature", "properties": { "micronodo": "Uiraponga", "area_oficial": "SÃO JOÃO DO JAGUARIBE", "faction": "TCP/GDE", "lat": -5.280509, "long": -38.361272 }, "geometry": { "type": "Point", "coordinates": [ -38.361272, -5.280509 ] } },
{ "type": "Feature", "properties": { "micronodo": "SAO RAIMUNDO - LIMOEIRO DO NORTE - TCP", "area_oficial": "LIMOEIRO DO NORTE", "faction": "TCP/GDE", "lat": -5.1124475, "long": -38.097558 }, "geometry": { "type": "Point", "coordinates": [ -38.097558, -5.1124475 ] } },
{ "type": "Feature", "properties": { "micronodo": "BROTOLANCIA - LIMOEIRO DO NORTE", "area_oficial": "LIMOEIRO DO NORTE", "faction": "TCP/GDE", "lat": -5.153751, "long": -38.102222 }, "geometry": { "type": "Point", "coordinates": [ -38.102222, -5.153751 ] } },
{ "type": "Feature", "properties": { "micronodo": "BOA FE - LIMOEIRO DO NORTE - TCP", "area_oficial": "LIMOEIRO DO NORTE", "faction": "TCP/GDE", "lat": -5.120596, "long": -38.088562 }, "geometry": { "type": "Point", "coordinates": [ -38.088562, -5.120596 ] } },
{ "type": "Feature", "properties": { "micronodo": "ARRAIAL - LIMOEIRO DO NORTE - TCP", "area_oficial": "LIMOEIRO DO NORTE", "faction": "TCP/GDE", "lat": -5.105104, "long": -38.079481 }, "geometry": { "type": "Point", "coordinates": [ -38.079481, -5.105104 ] } },
{ "type": "Feature", "properties": { "micronodo": "Vila Franco ", "area_oficial": "SAO BENEDITO", "faction": "TCP/GDE", "lat": -4.042694, "long": -40.869972 }, "geometry": { "type": "Point", "coordinates": [ -40.869972, -4.042694 ] } },
{ "type": "Feature", "properties": { "micronodo": "Jaguaretama", "area_oficial": "JAGUARETAMA", "faction": "TCP/GDE", "lat": -5.607347, "long": -38.776525 }, "geometry": { "type": "Point", "coordinates": [ -38.776525, -5.607347 ] } },
{ "type": "Feature", "properties": { "micronodo": "Feira dos Peixes", "area_oficial": "GRAÇA", "faction": "TCP/GDE", "lat": -4.043088, "long": -40.863203 }, "geometry": { "type": "Point", "coordinates": [ -40.863203, -4.043088 ] } },
{ "type": "Feature", "properties": { "micronodo": "LIMOEIRINHO - LIMOEIRO DO NORTE", "area_oficial": "LIMOEIRO DO NORTE", "faction": "TCP/GDE", "lat": -5.159415, "long": -38.109717 }, "geometry": { "type": "Point", "coordinates": [ -38.109717, -5.159415 ] } },
{ "type": "Feature", "properties": { "micronodo": "CIDADE ALTA - LIMOEIRO DO NORTE", "area_oficial": "LIMOEIRO DO NORTE", "faction": "TCP/GDE", "lat": -5.150444, "long": -38.147399 }, "geometry": { "type": "Point", "coordinates": [ -38.147399, -5.150444 ] } },
{ "type": "Feature", "properties": { "micronodo": "SÃO JOÃO DO JAGUARIBE", "area_oficial": "SÃO JOÃO DO JAGUARIBE", "faction": "TCP/GDE", "lat": -5.269027, "long": -38.266627 }, "geometry": { "type": "Point", "coordinates": [ -38.266627, -5.269027 ] } },
{ "type": "Feature", "properties": { "micronodo": "Cidade Nova ", "area_oficial": "CIDADE NOVA", "faction": "TCP/GDE", "lat": -4.039564, "long": -40.863585 }, "geometry": { "type": "Point", "coordinates": [ -40.863585, -4.039564 ] } },
{ "type": "Feature", "properties": { "micronodo": "BURACO DA GIA - LIMOEIRO DO NORTE", "area_oficial": "LIMOEIRO DO NORTE", "faction": "TCP/GDE", "lat": -5.149478, "long": -38.152074 }, "geometry": { "type": "Point", "coordinates": [ -38.152074, -5.149478 ] } },
{ "type": "Feature", "properties": { "micronodo": "VILA DA PAZ - LIMOEIRO DO NORTE", "area_oficial": "LIMOEIRO DO NORTE", "faction": "TCP/GDE", "lat": -5.149449, "long": -38.15155 }, "geometry": { "type": "Point", "coordinates": [ -38.15155, -5.149449 ] } },
{ "type": "Feature", "properties": { "micronodo": "Toca do Quati", "area_oficial": "GRAÇA", "faction": "TCP/GDE", "lat": -4.062052, "long": -40.862897 }, "geometry": { "type": "Point", "coordinates": [ -40.862897, -4.062052 ] } },
{ "type": "Feature", "properties": { "micronodo": "Roldão ", "area_oficial": "MORADA NOVA", "faction": "TCP/GDE", "lat": -5.237818, "long": -38.488693 }, "geometry": { "type": "Point", "coordinates": [ -38.488693, -5.237818 ] } },
{ "type": "Feature", "properties": { "micronodo": "SOCORRO - LIMOEIRO DO NORTE", "area_oficial": "LIMOEIRO DO NORTE", "faction": "TCP/GDE", "lat": -5.157855, "long": -38.10414 }, "geometry": { "type": "Point", "coordinates": [ -38.10414, -5.157855 ] } },
{ "type": "Feature", "properties": { "micronodo": "Cruzeiro", "area_oficial": "GRAÇA", "faction": "TCP/GDE", "lat": -4.058489, "long": -40.863471 }, "geometry": { "type": "Point", "coordinates": [ -40.863471, -4.058489 ] } },
{ "type": "Feature", "properties": { "micronodo": "Pimenteira- São Benedito", "area_oficial": "SAO BENEDITO", "faction": "TCP/GDE", "lat": -4.029882, "long": -40.868626 }, "geometry": { "type": "Point", "coordinates": [ -40.868626, -4.029882 ] } },
{ "type": "Feature", "properties": { "micronodo": "MULTIRÃO - LIMOEIRO DO NRTE", "area_oficial": "LIMOEIRO DO NORTE", "faction": "TCP/GDE", "lat": -5.123768, "long": -38.094583 }, "geometry": { "type": "Point", "coordinates": [ -38.094583, -5.123768 ] } },
{ "type": "Feature", "properties": { "micronodo": "Ipiranga", "area_oficial": "GRAÇA", "faction": "TCP/GDE", "lat": -4.066858, "long": -40.861751 }, "geometry": { "type": "Point", "coordinates": [ -40.861751, -4.066858 ] } },
{ "type": "Feature", "properties": { "micronodo": "BOM NOME - LIMOEIRO DO NORTE - TCP", "area_oficial": "LIMOEIRO DO NORTE", "faction": "TCP/GDE", "lat": -5.147165, "long": -38.0922 }, "geometry": { "type": "Point", "coordinates": [ -38.0922, -5.147165 ] } },
{ "type": "Feature", "properties": { "micronodo": "CONDOMÍNIO SÃO PAULO E SÃO PEDRO", "area_oficial": "IPARANA", "faction": "TCP/GDE", "lat": -3.687737, "long": -38.661491 }, "geometry": { "type": "Point", "coordinates": [ -38.661491, -3.687737 ] } },
{ "type": "Feature", "properties": { "micronodo": "MORRO DOURADO - TCP", "area_oficial": "BREJO SANTO", "faction": "TCP/GDE", "lat": -7.4686432, "long": -38.9768906 }, "geometry": { "type": "Point", "coordinates": [ -38.9768906, -7.4686432 ] } },
{ "type": "Feature", "properties": { "micronodo": "Bairro Santo Anônio", "area_oficial": "TIANGUA", "faction": "TCP/GDE", "lat": -3.723766, "long": -41.002909 }, "geometry": { "type": "Point", "coordinates": [ -41.002909, -3.723766 ] } },
{ "type": "Feature", "properties": { "micronodo": "Bairro do Estádio ", "area_oficial": "TIANGUA", "faction": "TCP/GDE", "lat": -3.733892, "long": -41.006304 }, "geometry": { "type": "Point", "coordinates": [ -41.006304, -3.733892 ] } },
{ "type": "Feature", "properties": { "micronodo": "Por do Sol", "area_oficial": "TIANGUA", "faction": "TCP/GDE", "lat": -3.71926, "long": -41.006964 }, "geometry": { "type": "Point", "coordinates": [ -41.006964, -3.71926 ] } },
{ "type": "Feature", "properties": { "micronodo": "Ceasa", "area_oficial": "TIANGUA", "faction": "TCP/GDE", "lat": -3.713144, "long": -40.997669 }, "geometry": { "type": "Point", "coordinates": [ -40.997669, -3.713144 ] } },
{ "type": "Feature", "properties": { "micronodo": "Bairro Subestação ", "area_oficial": "TIANGUA", "faction": "TCP/GDE", "lat": -3.74209, "long": -41.006534 }, "geometry": { "type": "Point", "coordinates": [ -41.006534, -3.74209 ] } },
{ "type": "Feature", "properties": { "micronodo": "Sumaré", "area_oficial": "MERUOCA", "faction": "TCP/GDE", "lat": -3.70114, "long": -40.36801 }, "geometry": { "type": "Point", "coordinates": [ -40.36801, -3.70114 ] } },
{ "type": "Feature", "properties": { "micronodo": "MUCAMBINHO", "area_oficial": "MERUOCA", "faction": "TCP/GDE", "lat": -3.6963863, "long": -40.3593455 }, "geometry": { "type": "Point", "coordinates": [ -40.3593455, -3.6963863 ] } },
{ "type": "Feature", "properties": { "micronodo": "CORREGO FUNDO", "area_oficial": "TRAIRI", "faction": "MASSA", "lat": -3.3582276, "long": -39.3568281 }, "geometry": { "type": "Point", "coordinates": [ -39.3568281, -3.3582276 ] } },
{ "type": "Feature", "properties": { "micronodo": "Comunidade Madureira - Caucaia", "area_oficial": "PARQUE SOLEDADE", "faction": "MASSA", "lat": -3.719344, "long": -38.651476 }, "geometry": { "type": "Point", "coordinates": [ -38.651476, -3.719344 ] } },
{ "type": "Feature", "properties": { "micronodo": "Itambé I", "area_oficial": "PARQUE SOLEDADE", "faction": "MASSA", "lat": -3.723007, "long": -38.652278 }, "geometry": { "type": "Point", "coordinates": [ -38.652278, -3.723007 ] } },
{ "type": "Feature", "properties": { "micronodo": "Groaíras", "area_oficial": "GROAIRAS", "faction": "MASSA", "lat": -3.913479, "long": -40.37917 }, "geometry": { "type": "Point", "coordinates": [ -40.37917, -3.913479 ] } },
{ "type": "Feature", "properties": { "micronodo": "Padre Romualdo", "area_oficial": "PARQUE SOLEDADE", "faction": "MASSA", "lat": -3.721925, "long": -38.657052 }, "geometry": { "type": "Point", "coordinates": [ -38.657052, -3.721925 ] } },
{ "type": "Feature", "properties": { "micronodo": "Japuara- Caucaia", "area_oficial": "PARQUE SOLEDADE", "faction": "MASSA", "lat": -3.672684, "long": -38.747668 }, "geometry": { "type": "Point", "coordinates": [ -38.747668, -3.672684 ] } },
{ "type": "Feature", "properties": { "micronodo": "Parajuru ", "area_oficial": "FORTIM", "faction": "MASSA", "lat": -4.384564, "long": -37.855502 }, "geometry": { "type": "Point", "coordinates": [ -37.855502, -4.384564 ] } },
{ "type": "Feature", "properties": { "micronodo": "Levada", "area_oficial": "MESSEJANA", "faction": "MASSA", "lat": -3.823661, "long": -38.490084 }, "geometry": { "type": "Point", "coordinates": [ -38.490084, -3.823661 ] } },
{ "type": "Feature", "properties": { "micronodo": "Pajusara", "area_oficial": "IPARANA", "faction": "MASSA", "lat": -3.66639, "long": -38.706817 }, "geometry": { "type": "Point", "coordinates": [ -38.706817, -3.66639 ] } },
{ "type": "Feature", "properties": { "micronodo": "Comunidade Panamirim ", "area_oficial": "IPARANA", "faction": "MASSA", "lat": -3.645814, "long": -38.714041 }, "geometry": { "type": "Point", "coordinates": [ -38.714041, -3.645814 ] } },
{ "type": "Feature", "properties": { "micronodo": "Comunidade do Parazinho", "area_oficial": "IPARANA", "faction": "MASSA", "lat": -3.63595, "long": -38.712691 }, "geometry": { "type": "Point", "coordinates": [ -38.712691, -3.63595 ] } },
{ "type": "Feature", "properties": { "micronodo": "Tabapuazinho", "area_oficial": "TABAPUÁ", "faction": "MASSA", "lat": -3.737658, "long": -38.619694 }, "geometry": { "type": "Point", "coordinates": [ -38.619694, -3.737658 ] } },
{ "type": "Feature", "properties": { "micronodo": "Comunidade do Barreirão", "area_oficial": "PARQUE IRACEMA", "faction": "MASSA", "lat": -3.813342, "long": -38.501415 }, "geometry": { "type": "Point", "coordinates": [ -38.501415, -3.813342 ] } },
{ "type": "Feature", "properties": { "micronodo": "Parque Iracema I", "area_oficial": "PARQUE IRACEMA", "faction": "MASSA", "lat": -3.816115, "long": -38.495497 }, "geometry": { "type": "Point", "coordinates": [ -38.495497, -3.816115 ] } },
{ "type": "Feature", "properties": { "micronodo": "Conjunto São Bernardo", "area_oficial": "MESSEJANA", "faction": "MASSA", "lat": -3.817426, "long": -38.492026 }, "geometry": { "type": "Point", "coordinates": [ -38.492026, -3.817426 ] } },
{ "type": "Feature", "properties": { "micronodo": "Alto do Garrote - Caucaia", "area_oficial": "PARQUE SOLEDADE", "faction": "MASSA", "lat": -3.690333, "long": -38.704467 }, "geometry": { "type": "Point", "coordinates": [ -38.704467, -3.690333 ] } },
{ "type": "Feature", "properties": { "micronodo": "São Sebastião - Garrote", "area_oficial": "PARQUE SOLEDADE", "faction": "MASSA", "lat": -3.684117, "long": -38.737827 }, "geometry": { "type": "Point", "coordinates": [ -38.737827, -3.684117 ] } },
{ "type": "Feature", "properties": { "micronodo": "Camará", "area_oficial": "CAUCAIA", "faction": "MASSA", "lat": -3.695533, "long": -38.749142 }, "geometry": { "type": "Point", "coordinates": [ -38.749142, -3.695533 ] } },
{ "type": "Feature", "properties": { "micronodo": "Parque Iracema II", "area_oficial": "PARQUE IRACEMA", "faction": "MASSA", "lat": -3.810791, "long": -38.496629 }, "geometry": { "type": "Point", "coordinates": [ -38.496629, -3.810791 ] } },
{ "type": "Feature", "properties": { "micronodo": "LAGOA - JAGUARUANA", "area_oficial": "JAGUARUANA", "faction": "MASSA", "lat": -4.841249, "long": -37.78358 }, "geometry": { "type": "Point", "coordinates": [ -37.78358, -4.841249 ] } },
{ "type": "Feature", "properties": { "micronodo": "Parque Soledade", "area_oficial": "PARQUE SOLEDADE", "faction": "MASSA", "lat": -3.745109, "long": -38.654066 }, "geometry": { "type": "Point", "coordinates": [ -38.654066, -3.745109 ] } },
{ "type": "Feature", "properties": { "micronodo": "Pedra Redonda", "area_oficial": "ITAIÇABA", "faction": "MASSA", "lat": -4.587743, "long": -37.796138 }, "geometry": { "type": "Point", "coordinates": [ -37.796138, -4.587743 ] } },
{ "type": "Feature", "properties": { "micronodo": "Parque São Gerardo", "area_oficial": "PARQUE SOLEDADE", "faction": "MASSA", "lat": -3.739834, "long": -38.636732 }, "geometry": { "type": "Point", "coordinates": [ -38.636732, -3.739834 ] } },
{ "type": "Feature", "properties": { "micronodo": "Lage ou Padre Júlio Maria", "area_oficial": "PARQUE SOLEDADE", "faction": "MASSA", "lat": -3.74644, "long": -38.667441 }, "geometry": { "type": "Point", "coordinates": [ -38.667441, -3.74644 ] } },
{ "type": "Feature", "properties": { "micronodo": "Comunidade da Ponte", "area_oficial": "PARQUE SOLEDADE", "faction": "MASSA", "lat": -3.739214, "long": -38.631003 }, "geometry": { "type": "Point", "coordinates": [ -38.631003, -3.739214 ] } },
{ "type": "Feature", "properties": { "micronodo": "Canindezinho", "area_oficial": "CANINDEZINHO", "faction": "MASSA", "lat": -3.727369, "long": -38.683257 }, "geometry": { "type": "Point", "coordinates": [ -38.683257, -3.727369 ] } },
{ "type": "Feature", "properties": { "micronodo": "Cipó - Caucaia", "area_oficial": "PARQUE SOLEDADE", "faction": "MASSA", "lat": -3.702588, "long": -38.702733 }, "geometry": { "type": "Point", "coordinates": [ -38.702733, -3.702588 ] } },
{ "type": "Feature", "properties": { "micronodo": "Genipabu", "area_oficial": "PARQUE SOLEDADE", "faction": "MASSA", "lat": -3.729263, "long": -38.729657 }, "geometry": { "type": "Point", "coordinates": [ -38.729657, -3.729263 ] } },
{ "type": "Feature", "properties": { "micronodo": "Jardim do Amor", "area_oficial": "PARQUE SOLEDADE", "faction": "MASSA", "lat": -3.73304, "long": -38.712763 }, "geometry": { "type": "Point", "coordinates": [ -38.712763, -3.73304 ] } },
{ "type": "Feature", "properties": { "micronodo": "Mangabeira- Caucaia", "area_oficial": "IPARANA", "faction": "MASSA", "lat": -3.656789, "long": -38.753767 }, "geometry": { "type": "Point", "coordinates": [ -38.753767, -3.656789 ] } },
{ "type": "Feature", "properties": { "micronodo": "Cercadão ", "area_oficial": "IPARANA", "faction": "MASSA", "lat": -3.67843, "long": -38.671274 }, "geometry": { "type": "Point", "coordinates": [ -38.671274, -3.67843 ] } },
{ "type": "Feature", "properties": { "micronodo": "Primavera", "area_oficial": "CAUCAIA", "faction": "MASSA", "lat": -3.70916, "long": -38.830835 }, "geometry": { "type": "Point", "coordinates": [ -38.830835, -3.70916 ] } },
{ "type": "Feature", "properties": { "micronodo": "Alto da Raposa", "area_oficial": "CAUCAIA", "faction": "MASSA", "lat": -3.703343, "long": -38.759204 }, "geometry": { "type": "Point", "coordinates": [ -38.759204, -3.703343 ] } },
{ "type": "Feature", "properties": { "micronodo": "Santa Rosa- Caucaia", "area_oficial": "CAUCAIA", "faction": "MASSA", "lat": -3.690439, "long": -38.791246 }, "geometry": { "type": "Point", "coordinates": [ -38.791246, -3.690439 ] } },
{ "type": "Feature", "properties": { "micronodo": "Coité Pedreira", "area_oficial": "CAUCAIA", "faction": "MASSA", "lat": -3.74062, "long": -38.745335 }, "geometry": { "type": "Point", "coordinates": [ -38.745335, -3.74062 ] } },
{ "type": "Feature", "properties": { "micronodo": "Acacias", "area_oficial": "IPARANA", "faction": "MASSA", "lat": -3.659112, "long": -38.690098 }, "geometry": { "type": "Point", "coordinates": [ -38.690098, -3.659112 ] } },
{ "type": "Feature", "properties": { "micronodo": "Itambé II", "area_oficial": "PARQUE SOLEDADE", "faction": "MASSA", "lat": -3.729308, "long": -38.647688 }, "geometry": { "type": "Point", "coordinates": [ -38.647688, -3.729308 ] } },
{ "type": "Feature", "properties": { "micronodo": "Planalto Caucaia", "area_oficial": "PARQUE SOLEDADE", "faction": "MASSA", "lat": -3.742208, "long": -38.667567 }, "geometry": { "type": "Point", "coordinates": [ -38.667567, -3.742208 ] } },
{ "type": "Feature", "properties": { "micronodo": "Capuan", "area_oficial": "PARQUE SOLEDADE", "faction": "MASSA", "lat": -3.733601, "long": -38.69836 }, "geometry": { "type": "Point", "coordinates": [ -38.69836, -3.733601 ] } },
{ "type": "Feature", "properties": { "micronodo": "Condomínio Pabussu", "area_oficial": "PARQUE SOLEDADE", "faction": "MASSA", "lat": -3.741296, "long": -38.664954 }, "geometry": { "type": "Point", "coordinates": [ -38.664954, -3.741296 ] } },
{ "type": "Feature", "properties": { "micronodo": "Jardim Planalto ", "area_oficial": "PARQUE SOLEDADE", "faction": "MASSA", "lat": -3.733274, "long": -38.705849 }, "geometry": { "type": "Point", "coordinates": [ -38.705849, -3.733274 ] } },
{ "type": "Feature", "properties": { "micronodo": "Comunidade do Uga- Uga", "area_oficial": "GUADALAJARA", "faction": "MASSA", "lat": -3.749584, "long": -38.630778 }, "geometry": { "type": "Point", "coordinates": [ -38.630778, -3.749584 ] } },
{ "type": "Feature", "properties": { "micronodo": "Cabatan", "area_oficial": "PARQUE SOLEDADE", "faction": "MASSA", "lat": -3.727163, "long": -38.671995 }, "geometry": { "type": "Point", "coordinates": [ -38.671995, -3.727163 ] } },
{ "type": "Feature", "properties": { "micronodo": "Comunidade do Carrapicho", "area_oficial": "CAMBEBA", "faction": "MASSA", "lat": -3.812129, "long": -38.483882 }, "geometry": { "type": "Point", "coordinates": [ -38.483882, -3.812129 ] } },
{ "type": "Feature", "properties": { "micronodo": "Comunidade da Portelinha- Messejana", "area_oficial": "MESSEJANA", "faction": "MASSA", "lat": -3.818126, "long": -38.492218 }, "geometry": { "type": "Point", "coordinates": [ -38.492218, -3.818126 ] } },
{ "type": "Feature", "properties": { "micronodo": "Palmirim", "area_oficial": "PARQUE SOLEDADE", "faction": "MASSA", "lat": -3.735028, "long": -38.672802 }, "geometry": { "type": "Point", "coordinates": [ -38.672802, -3.735028 ] } },
{ "type": "Feature", "properties": { "micronodo": "Favelinha - São Miguel", "area_oficial": "CURIÓ", "faction": "MASSA", "lat": -3.82556, "long": -38.479542 }, "geometry": { "type": "Point", "coordinates": [ -38.479542, -3.82556 ] } },
{ "type": "Feature", "properties": { "micronodo": "Comunidade do Brejo", "area_oficial": "CURIÓ", "faction": "MASSA", "lat": -3.818854, "long": -38.474104 }, "geometry": { "type": "Point", "coordinates": [ -38.474104, -3.818854 ] } },
{ "type": "Feature", "properties": { "micronodo": "Mangueirinha", "area_oficial": "CURIÓ", "faction": "MASSA", "lat": -3.82151, "long": -38.476536 }, "geometry": { "type": "Point", "coordinates": [ -38.476536, -3.82151 ] } },
{ "type": "Feature", "properties": { "micronodo": "Comunidade da Conquista", "area_oficial": "MESSEJANA", "faction": "MASSA", "lat": -3.822045, "long": -38.494503 }, "geometry": { "type": "Point", "coordinates": [ -38.494503, -3.822045 ] } },
{ "type": "Feature", "properties": { "micronodo": "Vila Zé augusto - Jaguaruana", "area_oficial": "JAGUARUANA", "faction": "MASSA", "lat": -4.843057, "long": -37.790381 }, "geometry": { "type": "Point", "coordinates": [ -37.790381, -4.843057 ] } },
{ "type": "Feature", "properties": { "micronodo": "Favelinha", "area_oficial": "PARQUE IRACEMA", "faction": "MASSA", "lat": -3.812259, "long": -38.493485 }, "geometry": { "type": "Point", "coordinates": [ -38.493485, -3.812259 ] } },
{ "type": "Feature", "properties": { "micronodo": "Almeida Rego", "area_oficial": "PARQUE IRACEMA", "faction": "MASSA", "lat": -3.81389, "long": -38.497143 }, "geometry": { "type": "Point", "coordinates": [ -38.497143, -3.81389 ] } },
{ "type": "Feature", "properties": { "micronodo": "Caveca", "area_oficial": "PARQUE IRACEMA", "faction": "MASSA", "lat": -3.816362, "long": -38.501399 }, "geometry": { "type": "Point", "coordinates": [ -38.501399, -3.816362 ] } },
{ "type": "Feature", "properties": { "micronodo": "Munguba", "area_oficial": "IPARANA", "faction": "MASSA", "lat": -3.667336, "long": -38.679958 }, "geometry": { "type": "Point", "coordinates": [ -38.679958, -3.667336 ] } },
{ "type": "Feature", "properties": { "micronodo": "Gereba", "area_oficial": "PASSARÉ", "faction": "MASSA", "lat": -3.826748, "long": -38.530578 }, "geometry": { "type": "Point", "coordinates": [ -38.530578, -3.826748 ] } },
{ "type": "Feature", "properties": { "micronodo": "Vila Nova", "area_oficial": "PARQUE ALBANO", "faction": "MASSA", "lat": -3.743111, "long": -38.625083 }, "geometry": { "type": "Point", "coordinates": [ -38.625083, -3.743111 ] } },
{ "type": "Feature", "properties": { "micronodo": "Boqueirão - Caucaia ", "area_oficial": "CAUCAIA", "faction": "MASSA", "lat": -3.744766, "long": -38.873416 }, "geometry": { "type": "Point", "coordinates": [ -38.873416, -3.744766 ] } },
{ "type": "Feature", "properties": { "micronodo": "Comunidade da Mangueira", "area_oficial": "CURIÓ", "faction": "MASSA", "lat": -3.820132, "long": -38.479633 }, "geometry": { "type": "Point", "coordinates": [ -38.479633, -3.820132 ] } },
{ "type": "Feature", "properties": { "micronodo": "Campinho ", "area_oficial": "PARQUE SOLEDADE", "faction": "MASSA", "lat": -3.728242, "long": -38.697978 }, "geometry": { "type": "Point", "coordinates": [ -38.697978, -3.728242 ] } },
{ "type": "Feature", "properties": { "micronodo": "Jandaiguabinha", "area_oficial": "PARQUE SOLEDADE", "faction": "MASSA", "lat": -3.728341, "long": -38.695787 }, "geometry": { "type": "Point", "coordinates": [ -38.695787, -3.728341 ] } },
{ "type": "Feature", "properties": { "micronodo": "Cohab", "area_oficial": "PARQUE SOLEDADE", "faction": "MASSA", "lat": -3.722915, "long": -38.699685 }, "geometry": { "type": "Point", "coordinates": [ -38.699685, -3.722915 ] } },
{ "type": "Feature", "properties": { "micronodo": "Igrejinha", "area_oficial": "CURIÓ", "faction": "MASSA", "lat": -3.820832, "long": -38.47248 }, "geometry": { "type": "Point", "coordinates": [ -38.47248, -3.820832 ] } },
{ "type": "Feature", "properties": { "micronodo": "Lagoa do Banana", "area_oficial": "CAUCAIA", "faction": "MASSA", "lat": -3.635598, "long": -38.765946 }, "geometry": { "type": "Point", "coordinates": [ -38.765946, -3.635598 ] } },
{ "type": "Feature", "properties": { "micronodo": "Tanubapa", "area_oficial": "CAUCAIA", "faction": "MASSA", "lat": -3.643341, "long": -38.765967 }, "geometry": { "type": "Point", "coordinates": [ -38.765967, -3.643341 ] } },
{ "type": "Feature", "properties": { "micronodo": "Carandiru", "area_oficial": "PARQUE SOLEDADE", "faction": "MASSA", "lat": -3.73502, "long": -38.652489 }, "geometry": { "type": "Point", "coordinates": [ -38.652489, -3.73502 ] } },
{ "type": "Feature", "properties": { "micronodo": "Favela Da Cagece", "area_oficial": "PARQUE SOLEDADE", "faction": "MASSA", "lat": -3.744492, "long": -38.650304 }, "geometry": { "type": "Point", "coordinates": [ -38.650304, -3.744492 ] } },
{ "type": "Feature", "properties": { "micronodo": "Cumbuca", "area_oficial": "CURIÓ", "faction": "MASSA", "lat": -3.820344, "long": -38.475039 }, "geometry": { "type": "Point", "coordinates": [ -38.475039, -3.820344 ] } },
{ "type": "Feature", "properties": { "micronodo": "Castanhola ", "area_oficial": "CURIÓ", "faction": "MASSA", "lat": -3.817543, "long": -38.478572 }, "geometry": { "type": "Point", "coordinates": [ -38.478572, -3.817543 ] } },
{ "type": "Feature", "properties": { "micronodo": "Os Forno", "area_oficial": "COAÇU", "faction": "MASSA", "lat": -3.842466, "long": -38.48348 }, "geometry": { "type": "Point", "coordinates": [ -38.48348, -3.842466 ] } },
{ "type": "Feature", "properties": { "micronodo": "Vila Moskito", "area_oficial": "TABAPUÁ", "faction": "MASSA", "lat": -3.7378, "long": -38.620462 }, "geometry": { "type": "Point", "coordinates": [ -38.620462, -3.7378 ] } },
{ "type": "Feature", "properties": { "micronodo": "Corrego dos Furtados", "area_oficial": "TRAIRI", "faction": "MASSA", "lat": -3.310467, "long": -39.322122 }, "geometry": { "type": "Point", "coordinates": [ -39.322122, -3.310467 ] } },
{ "type": "Feature", "properties": { "micronodo": "Miraima", "area_oficial": "MIRAIMA", "faction": "MASSA", "lat": -3.564875, "long": -39.971015 }, "geometry": { "type": "Point", "coordinates": [ -39.971015, -3.564875 ] } },
{ "type": "Feature", "properties": { "micronodo": "Bairro Tapeba", "area_oficial": "PARQUE SOLEDADE", "faction": "MASSA", "lat": -3.722037, "long": -38.702476 }, "geometry": { "type": "Point", "coordinates": [ -38.702476, -3.722037 ] } },
{ "type": "Feature", "properties": { "micronodo": "Porteiras ", "area_oficial": "PORTEIRAS", "faction": "MASSA", "lat": -3.735956, "long": -38.761454 }, "geometry": { "type": "Point", "coordinates": [ -38.761454, -3.735956 ] } },
{ "type": "Feature", "properties": { "micronodo": "Missi", "area_oficial": "MIRAÍMA", "faction": "MASSA", "lat": -3.615323, "long": -39.822712 }, "geometry": { "type": "Point", "coordinates": [ -39.822712, -3.615323 ] } },
{ "type": "Feature", "properties": { "micronodo": "Beco da Rocinha ", "area_oficial": "PARQUE IRACEMA", "faction": "MASSA", "lat": -3.807495, "long": -38.495649 }, "geometry": { "type": "Point", "coordinates": [ -38.495649, -3.807495 ] } },
{ "type": "Feature", "properties": { "micronodo": "ALTO DO VELAME - RUSSAS ", "area_oficial": "QUIXERE", "faction": "MASSA", "lat": -4.950616, "long": -37.976202 }, "geometry": { "type": "Point", "coordinates": [ -37.976202, -4.950616 ] } },
{ "type": "Feature", "properties": { "micronodo": "Cigana", "area_oficial": "PARQUE SOLEDADE", "faction": "MASSA", "lat": -3.737868, "long": -38.665159 }, "geometry": { "type": "Point", "coordinates": [ -38.665159, -3.737868 ] } },
{ "type": "Feature", "properties": { "micronodo": "PLACAS - RUSSAS ", "area_oficial": "QUIXERE", "faction": "MASSA", "lat": -4.951756, "long": -37.994638 }, "geometry": { "type": "Point", "coordinates": [ -37.994638, -4.951756 ] } },
{ "type": "Feature", "properties": { "micronodo": "25 E 26 DE AGOSTO - RUSSAS ", "area_oficial": "QUIXERE", "faction": "MASSA", "lat": -4.942638, "long": -37.979063 }, "geometry": { "type": "Point", "coordinates": [ -37.979063, -4.942638 ] } },
{ "type": "Feature", "properties": { "micronodo": "PLANALTO DA BELA VISTA - RUSSAS ", "area_oficial": "QUIXERE", "faction": "MASSA", "lat": -4.93264, "long": -37.989791 }, "geometry": { "type": "Point", "coordinates": [ -37.989791, -4.93264 ] } },
{ "type": "Feature", "properties": { "micronodo": "TABULEIRO - JAGUARUANA - TDN/MASSA", "area_oficial": "JAGUARUANA", "faction": "MASSA", "lat": -4.837371, "long": -37.780605 }, "geometry": { "type": "Point", "coordinates": [ -37.780605, -4.837371 ] } },
{ "type": "Feature", "properties": { "micronodo": "CONJUNTO GERARDO MATOSO - RUSSAS ", "area_oficial": "QUIXERE", "faction": "MASSA", "lat": -4.931127, "long": -37.98448 }, "geometry": { "type": "Point", "coordinates": [ -37.98448, -4.931127 ] } },
{ "type": "Feature", "properties": { "micronodo": "Chaval", "area_oficial": "CHAVAL", "faction": "MASSA", "lat": -3.039956, "long": -41.235214 }, "geometry": { "type": "Point", "coordinates": [ -41.235214, -3.039956 ] } },
{ "type": "Feature", "properties": { "micronodo": "Vila Cazé", "area_oficial": "PARQUE SOLEDADE", "faction": "MASSA", "lat": -3.735247, "long": -38.667715 }, "geometry": { "type": "Point", "coordinates": [ -38.667715, -3.735247 ] } },
{ "type": "Feature", "properties": { "micronodo": "COHAB - JAGUARUANA - TDN/MASSA", "area_oficial": "JAGUARUANA", "faction": "MASSA", "lat": -4.82893, "long": -37.780921 }, "geometry": { "type": "Point", "coordinates": [ -37.780921, -4.82893 ] } },
{ "type": "Feature", "properties": { "micronodo": "CORREGO DAS MELANCIAS - JAGUARUANA - TDN/MASSA", "area_oficial": "JAGUARUANA", "faction": "MASSA", "lat": -4.834347, "long": -37.784846 }, "geometry": { "type": "Point", "coordinates": [ -37.784846, -4.834347 ] } },
{ "type": "Feature", "properties": { "micronodo": "ALTO - JAGUARUANA - TDN/MASSA", "area_oficial": "JAGUARUANA", "faction": "MASSA", "lat": -4.827341, "long": -37.777161 }, "geometry": { "type": "Point", "coordinates": [ -37.777161, -4.827341 ] } },
{ "type": "Feature", "properties": { "micronodo": "Planalto Caucaia", "area_oficial": "PARQUE SOLEDADE", "faction": "MASSA", "lat": -3.743334, "long": -38.66449 }, "geometry": { "type": "Point", "coordinates": [ -38.66449, -3.743334 ] } },
{ "type": "Feature", "properties": { "micronodo": "Bairro do Pedregal (DISPUTA CV X MASSA)", "area_oficial": "FORTIM", "faction": "MASSA", "lat": -4.576108, "long": -37.790869 }, "geometry": { "type": "Point", "coordinates": [ -37.790869, -4.576108 ] } },
{ "type": "Feature", "properties": { "micronodo": "Nova Cigana", "area_oficial": "PARQUE SOLEDADE", "faction": "MASSA", "lat": -3.745231, "long": -38.660092 }, "geometry": { "type": "Point", "coordinates": [ -38.660092, -3.745231 ] } },
{ "type": "Feature", "properties": { "micronodo": "FAVELA DO AGACI - RUSSAS ", "area_oficial": "QUIXERE", "faction": "MASSA", "lat": -4.929696, "long": -37.989055 }, "geometry": { "type": "Point", "coordinates": [ -37.989055, -4.929696 ] } },
{ "type": "Feature", "properties": { "micronodo": "Comunidade do Açudd", "area_oficial": "PARQUE SOLEDADE", "faction": "MASSA", "lat": -3.73861, "long": -38.658106 }, "geometry": { "type": "Point", "coordinates": [ -38.658106, -3.73861 ] } },
{ "type": "Feature", "properties": { "micronodo": "JUAZEIRO - JAGUARUANA - TDN/MASSA", "area_oficial": "JAGUARUANA", "faction": "MASSA", "lat": -4.841702, "long": -37.78571 }, "geometry": { "type": "Point", "coordinates": [ -37.78571, -4.841702 ] } },
{ "type": "Feature", "properties": { "micronodo": "Rua da Palha", "area_oficial": "PARQUE SOLEDADE", "faction": "MASSA", "lat": -3.741146, "long": -38.655206 }, "geometry": { "type": "Point", "coordinates": [ -38.655206, -3.741146 ] } },
{ "type": "Feature", "properties": { "micronodo": "Parque Ipiranga ", "area_oficial": "TABAPUÁ", "faction": "MASSA", "lat": -3.736561, "long": -38.615697 }, "geometry": { "type": "Point", "coordinates": [ -38.615697, -3.736561 ] } },
{ "type": "Feature", "properties": { "micronodo": "MATINHO - JAGUARUANA - TDN/MASSA", "area_oficial": "JAGUARUANA", "faction": "MASSA", "lat": -4.855762, "long": -37.794781 }, "geometry": { "type": "Point", "coordinates": [ -37.794781, -4.855762 ] } },
{ "type": "Feature", "properties": { "micronodo": "CARDEAIS - JAGUARUANA - TDN/MASSA", "area_oficial": "JAGUARUANA", "faction": "MASSA", "lat": -4.851256, "long": -37.801939 }, "geometry": { "type": "Point", "coordinates": [ -37.801939, -4.851256 ] } },
{ "type": "Feature", "properties": { "micronodo": "CABELO DE NEGO - RUSSAS ", "area_oficial": "QUIXERE", "faction": "MASSA", "lat": -4.937353, "long": -37.984878 }, "geometry": { "type": "Point", "coordinates": [ -37.984878, -4.937353 ] } },
{ "type": "Feature", "properties": { "micronodo": "BARREIRAS - RUSSAS ", "area_oficial": "QUIXERE", "faction": "MASSA", "lat": -4.930112, "long": -37.990333 }, "geometry": { "type": "Point", "coordinates": [ -37.990333, -4.930112 ] } },
{ "type": "Feature", "properties": { "micronodo": "Curicaca", "area_oficial": "PARQUE SOLEDADE", "faction": "MASSA", "lat": -3.709997, "long": -38.661583 }, "geometry": { "type": "Point", "coordinates": [ -38.661583, -3.709997 ] } },
{ "type": "Feature", "properties": { "micronodo": "Barra Nova", "area_oficial": "IPARANA", "faction": "MASSA", "lat": -3.687758, "long": -38.669356 }, "geometry": { "type": "Point", "coordinates": [ -38.669356, -3.687758 ] } },
{ "type": "Feature", "properties": { "micronodo": "CARAÚBAS", "area_oficial": "TRAIRI", "faction": "MASSA", "lat": -3.3132642, "long": -39.32778 }, "geometry": { "type": "Point", "coordinates": [ -39.32778, -3.3132642 ] } },
{ "type": "Feature", "properties": { "micronodo": "ZÉ AIRES", "area_oficial": "TRAIRI", "faction": "MASSA", "lat": -3.3452269, "long": -39.3972052 }, "geometry": { "type": "Point", "coordinates": [ -39.3972052, -3.3452269 ] } },
{ "type": "Feature", "properties": { "micronodo": "Pintor Lemos", "area_oficial": "MERUOCA", "faction": "MASSA", "lat": -3.692069, "long": -40.358248 }, "geometry": { "type": "Point", "coordinates": [ -40.358248, -3.692069 ] } },
{ "type": "Feature", "properties": { "micronodo": "Rua do Arame", "area_oficial": "TIANGUA", "faction": "PCC", "lat": -3.727882, "long": -41.004754 }, "geometry": { "type": "Point", "coordinates": [ -41.004754, -3.727882 ] } },
{ "type": "Feature", "properties": { "micronodo": "JORDÃO", "area_oficial": "ALCÂNTARAS", "faction": "PCC", "lat": -3.665064, "long": -40.4875435 }, "geometry": { "type": "Point", "coordinates": [ -40.4875435, -3.665064 ] } },
{ "type": "Feature", "properties": { "micronodo": "Comunidade da Vacaria - Araturi", "area_oficial": "MARECHAL RONDON", "faction": "PCC", "lat": -3.767174, "long": -38.642267 }, "geometry": { "type": "Point", "coordinates": [ -38.642267, -3.767174 ] } },
{ "type": "Feature", "properties": { "micronodo": "Conjunto Araturi ", "area_oficial": "MARECHAL RONDON", "faction": "PCC", "lat": -3.765102, "long": -38.641961 }, "geometry": { "type": "Point", "coordinates": [ -38.641961, -3.765102 ] } },
{ "type": "Feature", "properties": { "micronodo": "Bairro Pedregal- Tauá", "area_oficial": "TAUÁ", "faction": "PCC", "lat": -6.007106, "long": -40.286023 }, "geometry": { "type": "Point", "coordinates": [ -40.286023, -6.007106 ] } },
{ "type": "Feature", "properties": { "micronodo": "Tauazinho I/II", "area_oficial": "TAUÁ", "faction": "PCC", "lat": -6.011374, "long": -40.299033 }, "geometry": { "type": "Point", "coordinates": [ -40.299033, -6.011374 ] } },
{ "type": "Feature", "properties": { "micronodo": "Manoel Alves Mota", "area_oficial": "TAUÁ", "faction": "PCC", "lat": -6.008991, "long": -40.288364 }, "geometry": { "type": "Point", "coordinates": [ -40.288364, -6.008991 ] } },
{ "type": "Feature", "properties": { "micronodo": "Conjunto Lino SIlveira", "area_oficial": "MARECHAL RONDON", "faction": "PCC", "lat": -3.767928, "long": -38.638372 }, "geometry": { "type": "Point", "coordinates": [ -38.638372, -3.767928 ] } },
{ "type": "Feature", "properties": { "micronodo": "Bairro Bezerra de Sousa- Tauá", "area_oficial": "TAUÁ", "faction": "PCC", "lat": -6.00561, "long": -40.281488 }, "geometry": { "type": "Point", "coordinates": [ -40.281488, -6.00561 ] } },
{ "type": "Feature", "properties": { "micronodo": "Serrote do Piaba ", "area_oficial": "MERUOCA", "faction": "PCC", "lat": -3.730622, "long": -40.390852 }, "geometry": { "type": "Point", "coordinates": [ -40.390852, -3.730622 ] } },
{ "type": "Feature", "properties": { "micronodo": "Nova Aldeota- Tauá", "area_oficial": "TAUÁ", "faction": "PCC", "lat": -5.985458, "long": -40.295635 }, "geometry": { "type": "Point", "coordinates": [ -40.295635, -5.985458 ] } },
{ "type": "Feature", "properties": { "micronodo": "SALGADOS DOS MACHADOS", "area_oficial": "SOBRAL", "faction": "PCC", "lat": -3.77309, "long": -40.348437 }, "geometry": { "type": "Point", "coordinates": [ -40.348437, -3.77309 ] } },
{ "type": "Feature", "properties": { "micronodo": "Cariré ", "area_oficial": "CARIRE", "faction": "PCC", "lat": -3.95068, "long": -40.474659 }, "geometry": { "type": "Point", "coordinates": [ -40.474659, -3.95068 ] } },
{ "type": "Feature", "properties": { "micronodo": "ABC", "area_oficial": "SAO BENEDITO", "faction": "PCC", "lat": -4.034029, "long": -40.869774 }, "geometry": { "type": "Point", "coordinates": [ -40.869774, -4.034029 ] } },
{ "type": "Feature", "properties": { "micronodo": "Cidade Independência", "area_oficial": "INDEPENDÊNCIA", "faction": "PCC", "lat": -5.389471, "long": -40.318646 }, "geometry": { "type": "Point", "coordinates": [ -40.318646, -5.389471 ] } },
{ "type": "Feature", "properties": { "micronodo": "CEMITÉRIO SANTANA DO ACARAÚ", "area_oficial": "SANTANA DO ACARAÚ", "faction": "PCC", "lat": -3.46228, "long": -40.2097229 }, "geometry": { "type": "Point", "coordinates": [ -40.2097229, -3.46228 ] } },
{ "type": "Feature", "properties": { "micronodo": "Cidade Nova- Tauá", "area_oficial": "TAUÁ", "faction": "PCC", "lat": -5.99127, "long": -40.294996 }, "geometry": { "type": "Point", "coordinates": [ -40.294996, -5.99127 ] } },
{ "type": "Feature", "properties": { "micronodo": "Planalto dos Colibris", "area_oficial": "TAUÁ", "faction": "PCC", "lat": -6.010126, "long": -40.302562 }, "geometry": { "type": "Point", "coordinates": [ -40.302562, -6.010126 ] } },
{ "type": "Feature", "properties": { "micronodo": "Cidade de Óros", "area_oficial": "ORÓS", "faction": "PCC", "lat": -6.234064, "long": -38.916118 }, "geometry": { "type": "Point", "coordinates": [ -38.916118, -6.234064 ] } },
{ "type": "Feature", "properties": { "micronodo": "Bairro do Cruzeiro ", "area_oficial": "ITAPAJÉ", "faction": "PCC", "lat": -3.687202, "long": -39.590232 }, "geometry": { "type": "Point", "coordinates": [ -39.590232, -3.687202 ] } },
{ "type": "Feature", "properties": { "micronodo": "EMBOQUE", "area_oficial": "BREJO SANTO", "faction": "PCC", "lat": -7.4956932, "long": -38.9860583 }, "geometry": { "type": "Point", "coordinates": [ -38.9860583, -7.4956932 ] } },
{ "type": "Feature", "properties": { "micronodo": "Cidade de Acopiara", "area_oficial": "ACOPIARA", "faction": "PCC", "lat": -6.086559, "long": -39.461352 }, "geometry": { "type": "Point", "coordinates": [ -39.461352, -6.086559 ] } },
{ "type": "Feature", "properties": { "micronodo": "Bairro Nossa Senhora de Fátima- Boa Viagem", "area_oficial": "BOA VIAGEM", "faction": "PCC", "lat": -5.128187, "long": -39.730132 }, "geometry": { "type": "Point", "coordinates": [ -39.730132, -5.128187 ] } },
{ "type": "Feature", "properties": { "micronodo": "Recreio- Boa Viagem", "area_oficial": "BOA VIAGEM", "faction": "PCC", "lat": -5.115432, "long": -39.734909 }, "geometry": { "type": "Point", "coordinates": [ -39.734909, -5.115432 ] } },
{ "type": "Feature", "properties": { "micronodo": "Ponte Nova", "area_oficial": "BOA VIAGEM", "faction": "PCC", "lat": -5.125478, "long": -39.740899 }, "geometry": { "type": "Point", "coordinates": [ -39.740899, -5.125478 ] } },
{ "type": "Feature", "properties": { "micronodo": "Vila Azul- Boa Viagem", "area_oficial": "BOA VIAGEM", "faction": "PCC", "lat": -5.127069, "long": -39.73706 }, "geometry": { "type": "Point", "coordinates": [ -39.73706, -5.127069 ] } },
{ "type": "Feature", "properties": { "micronodo": "Alto do Motor", "area_oficial": "BOA VIAGEM", "faction": "PCC", "lat": -5.123634, "long": -39.734522 }, "geometry": { "type": "Point", "coordinates": [ -39.734522, -5.123634 ] } },
{ "type": "Feature", "properties": { "micronodo": "Alto da Queiroz", "area_oficial": "BOA VIAGEM", "faction": "PCC", "lat": -5.123818, "long": -39.741636 }, "geometry": { "type": "Point", "coordinates": [ -39.741636, -5.123818 ] } },
{ "type": "Feature", "properties": { "micronodo": "Tibiaquari", "area_oficial": "BOA VIAGEM", "faction": "PCC", "lat": -5.126946, "long": -39.729512 }, "geometry": { "type": "Point", "coordinates": [ -39.729512, -5.126946 ] } },
{ "type": "Feature", "properties": { "micronodo": "Bairro José Rosa", "area_oficial": "BOA VIAGEM", "faction": "PCC", "lat": -5.124328, "long": -39.729061 }, "geometry": { "type": "Point", "coordinates": [ -39.729061, -5.124328 ] } },
{ "type": "Feature", "properties": { "micronodo": "Bairro Oséas Facundo", "area_oficial": "BOA VIAGEM", "faction": "PCC", "lat": -5.133559, "long": -39.721857 }, "geometry": { "type": "Point", "coordinates": [ -39.721857, -5.133559 ] } },
{ "type": "Feature", "properties": { "micronodo": "Cacimbas", "area_oficial": "CRATO", "faction": "PCC", "lat": -7.233036, "long": -39.431699 }, "geometry": { "type": "Point", "coordinates": [ -39.431699, -7.233036 ] } },
{ "type": "Feature", "properties": { "micronodo": "Bairro do Seminário- Crato", "area_oficial": "CRATO", "faction": "PCC", "lat": -7.231726, "long": -39.425072 }, "geometry": { "type": "Point", "coordinates": [ -39.425072, -7.231726 ] } },
{ "type": "Feature", "properties": { "micronodo": "Vila Alta/ Brejo- Crato", "area_oficial": "CRATO", "faction": "PCC", "lat": -7.221845, "long": -39.416511 }, "geometry": { "type": "Point", "coordinates": [ -39.416511, -7.221845 ] } },
{ "type": "Feature", "properties": { "micronodo": "Batateiras- Crato", "area_oficial": "CRATO", "faction": "PCC", "lat": -7.220147, "long": -39.430062 }, "geometry": { "type": "Point", "coordinates": [ -39.430062, -7.220147 ] } },
{ "type": "Feature", "properties": { "micronodo": "Monte Alegre- Mauriti", "area_oficial": "MAURITI", "faction": "PCC", "lat": -7.376938, "long": -38.769271 }, "geometry": { "type": "Point", "coordinates": [ -38.769271, -7.376938 ] } },
{ "type": "Feature", "properties": { "micronodo": "Bela Vista II- Mauriti", "area_oficial": "MAURITI", "faction": "PCC", "lat": -7.381082, "long": -38.772172 }, "geometry": { "type": "Point", "coordinates": [ -38.772172, -7.381082 ] } },
{ "type": "Feature", "properties": { "micronodo": "Bairro Populares", "area_oficial": "MAURITI", "faction": "PCC", "lat": -7.384539, "long": -38.778025 }, "geometry": { "type": "Point", "coordinates": [ -38.778025, -7.384539 ] } },
{ "type": "Feature", "properties": { "micronodo": "Dom Bosco- Mauriti", "area_oficial": "MAURITI", "faction": "PCC", "lat": -7.391081, "long": -38.775747 }, "geometry": { "type": "Point", "coordinates": [ -38.775747, -7.391081 ] } },
{ "type": "Feature", "properties": { "micronodo": "Bela Vista I- Mauriti", "area_oficial": "MAURITI", "faction": "PCC", "lat": -7.382858, "long": -38.771716 }, "geometry": { "type": "Point", "coordinates": [ -38.771716, -7.382858 ] } },
{ "type": "Feature", "properties": { "micronodo": "Vila São José- Mombaça", "area_oficial": "MOMBAÇA", "faction": "PCC", "lat": -5.738354, "long": -39.63286 }, "geometry": { "type": "Point", "coordinates": [ -39.63286, -5.738354 ] } },
{ "type": "Feature", "properties": { "micronodo": "Vila Recreio", "area_oficial": "MOMBAÇA", "faction": "PCC", "lat": -5.737461, "long": -39.625439 }, "geometry": { "type": "Point", "coordinates": [ -39.625439, -5.737461 ] } },
{ "type": "Feature", "properties": { "micronodo": "Vila Iracema- Mombaça", "area_oficial": "MOMBAÇA", "faction": "PCC", "lat": -5.750946, "long": -39.641892 }, "geometry": { "type": "Point", "coordinates": [ -39.641892, -5.750946 ] } },
{ "type": "Feature", "properties": { "micronodo": "Vila São Domingos- Mombaça", "area_oficial": "MOMBAÇA", "faction": "PCC", "lat": -5.751253, "long": -39.636026 }, "geometry": { "type": "Point", "coordinates": [ -39.636026, -5.751253 ] } },
{ "type": "Feature", "properties": { "micronodo": "Vila Salete", "area_oficial": "MOMBAÇA", "faction": "PCC", "lat": -5.74803, "long": -39.630769 }, "geometry": { "type": "Point", "coordinates": [ -39.630769, -5.74803 ] } },
{ "type": "Feature", "properties": { "micronodo": "Cidade de Piquet Carneiro", "area_oficial": "PIQUET CARNEIRO", "faction": "PCC", "lat": -5.798296, "long": -39.422794 }, "geometry": { "type": "Point", "coordinates": [ -39.422794, -5.798296 ] } },
{ "type": "Feature", "properties": { "micronodo": "Bairro do Pavãozinho", "area_oficial": "SENADOR POMPEU", "faction": "PCC", "lat": -5.594093, "long": -39.382424 }, "geometry": { "type": "Point", "coordinates": [ -39.382424, -5.594093 ] } },
{ "type": "Feature", "properties": { "micronodo": "Cidade de Pedra Branca", "area_oficial": "PEDRA BRANCA", "faction": "PCC", "lat": -5.448192, "long": -39.724004 }, "geometry": { "type": "Point", "coordinates": [ -39.724004, -5.448192 ] } },
{ "type": "Feature", "properties": { "micronodo": "Cidade de Madalena ", "area_oficial": "MADALENA", "faction": "PCC", "lat": -4.849601, "long": -39.570825 }, "geometry": { "type": "Point", "coordinates": [ -39.570825, -4.849601 ] } },
{ "type": "Feature", "properties": { "micronodo": "Palestina do cariri - Mauriti", "area_oficial": "MAURITI", "faction": "PCC", "lat": -7.467438, "long": -38.770006 }, "geometry": { "type": "Point", "coordinates": [ -38.770006, -7.467438 ] } },
{ "type": "Feature", "properties": { "micronodo": "Quiterianopolis ", "area_oficial": "QUITERIANÓPOLIS", "faction": "PCC", "lat": -5.839648, "long": -40.709044 }, "geometry": { "type": "Point", "coordinates": [ -40.709044, -5.839648 ] } },
{ "type": "Feature", "properties": { "micronodo": "Arneiroz ", "area_oficial": "ARNEIROZ", "faction": "PCC", "lat": -6.320899, "long": -40.164282 }, "geometry": { "type": "Point", "coordinates": [ -40.164282, -6.320899 ] } },
{ "type": "Feature", "properties": { "micronodo": "Cidade de Catarina ", "area_oficial": "CATARINA", "faction": "PCC", "lat": -6.128669, "long": -39.879828 }, "geometry": { "type": "Point", "coordinates": [ -39.879828, -6.128669 ] } },
{ "type": "Feature", "properties": { "micronodo": "Bairro do Aeroporto", "area_oficial": "TIANGUA", "faction": "PCC", "lat": -3.720569, "long": -41.011801 }, "geometry": { "type": "Point", "coordinates": [ -41.011801, -3.720569 ] } },
{ "type": "Feature", "properties": { "micronodo": "Terra Prometida", "area_oficial": "TIANGUA", "faction": "PCC", "lat": -3.727929, "long": -41.011074 }, "geometry": { "type": "Point", "coordinates": [ -41.011074, -3.727929 ] } },
{ "type": "Feature", "properties": { "micronodo": "Lavras da Mangabeira", "area_oficial": "LAVRAS DA MANGABEIRA", "faction": "PCC", "lat": -6.744692, "long": -38.964511 }, "geometry": { "type": "Point", "coordinates": [ -38.964511, -6.744692 ] } },
{ "type": "Feature", "properties": { "micronodo": "Irapuan Ribeiro", "area_oficial": "DEPUTADO IRAPUAN PINHEIRO", "faction": "PCC", "lat": -5.913701, "long": -39.267297 }, "geometry": { "type": "Point", "coordinates": [ -39.267297, -5.913701 ] } },
{ "type": "Feature", "properties": { "micronodo": "Solonope ", "area_oficial": "SOLONÓPOLE", "faction": "PCC", "lat": -5.722198, "long": -39.007948 }, "geometry": { "type": "Point", "coordinates": [ -39.007948, -5.722198 ] } },
{ "type": "Feature", "properties": { "micronodo": "Canto da Cruz - Palhano", "area_oficial": "PALHANO", "faction": "PCC", "lat": -4.757679, "long": -37.962304 }, "geometry": { "type": "Point", "coordinates": [ -37.962304, -4.757679 ] } },
{ "type": "Feature", "properties": { "micronodo": "Porteiras ", "area_oficial": "PORTEIRAS", "faction": "PCC", "lat": -7.529089, "long": -39.115503 }, "geometry": { "type": "Point", "coordinates": [ -39.115503, -7.529089 ] } },
{ "type": "Feature", "properties": { "micronodo": "São José - Palhano", "area_oficial": "PALHANO", "faction": "PCC", "lat": -4.615731, "long": -38.088125 }, "geometry": { "type": "Point", "coordinates": [ -38.088125, -4.615731 ] } },
{ "type": "Feature", "properties": { "micronodo": "Peixe - Russas", "area_oficial": "RUSSAS", "faction": "PCC", "lat": -4.92597, "long": -38.086628 }, "geometry": { "type": "Point", "coordinates": [ -38.086628, -4.92597 ] } },
{ "type": "Feature", "properties": { "micronodo": "Sítio Canto - Russas ", "area_oficial": "QUIXERE", "faction": "PCC", "lat": -4.974218, "long": -38.014552 }, "geometry": { "type": "Point", "coordinates": [ -38.014552, -4.974218 ] } },
{ "type": "Feature", "properties": { "micronodo": "AP De Catatau ", "area_oficial": "TIANGUA", "faction": "PCC", "lat": -3.746506, "long": -41.006085 }, "geometry": { "type": "Point", "coordinates": [ -41.006085, -3.746506 ] } },
{ "type": "Feature", "properties": { "micronodo": "São José Do Torto", "area_oficial": "CARIRE", "faction": "PCC", "lat": -3.78677, "long": -40.614993 }, "geometry": { "type": "Point", "coordinates": [ -40.614993, -3.78677 ] } },
{ "type": "Feature", "properties": { "micronodo": "Governador Ferraz", "area_oficial": "TIANGUA", "faction": "PCC", "lat": -3.733439, "long": -41.002034 }, "geometry": { "type": "Point", "coordinates": [ -41.002034, -3.733439 ] } },
{ "type": "Feature", "properties": { "micronodo": "Cruzeiro", "area_oficial": "TIANGUA", "faction": "PCC", "lat": -3.727727, "long": -40.996237 }, "geometry": { "type": "Point", "coordinates": [ -40.996237, -3.727727 ] } },
{ "type": "Feature", "properties": { "micronodo": "Dom Timóteo ", "area_oficial": "TIANGUA", "faction": "PCC", "lat": -3.73759, "long": -40.989064 }, "geometry": { "type": "Point", "coordinates": [ -40.989064, -3.73759 ] } },
{ "type": "Feature", "properties": { "micronodo": "Corrego", "area_oficial": "TIANGUA", "faction": "PCC", "lat": -3.704547, "long": -40.976201 }, "geometry": { "type": "Point", "coordinates": [ -40.976201, -3.704547 ] } },
{ "type": "Feature", "properties": { "micronodo": "Comunidade Do Canal ", "area_oficial": "ITAPIPOCA", "faction": "PCC", "lat": -3.485951, "long": -39.587002 }, "geometry": { "type": "Point", "coordinates": [ -39.587002, -3.485951 ] } },
{ "type": "Feature", "properties": { "micronodo": "Comunidade Do Avante", "area_oficial": "ITAPIPOCA", "faction": "PCC", "lat": -3.490177, "long": -39.580302 }, "geometry": { "type": "Point", "coordinates": [ -39.580302, -3.490177 ] } },
{ "type": "Feature", "properties": { "micronodo": "Cruzeiro - Itapipoca ", "area_oficial": "ITAPIPOCA", "faction": "PCC", "lat": -3.487334, "long": -39.575633 }, "geometry": { "type": "Point", "coordinates": [ -39.575633, -3.487334 ] } },
{ "type": "Feature", "properties": { "micronodo": "Dos Pico - Itapipoca ", "area_oficial": "URUBURETAMA", "faction": "PCC", "lat": -3.512768, "long": -39.560525 }, "geometry": { "type": "Point", "coordinates": [ -39.560525, -3.512768 ] } },
{ "type": "Feature", "properties": { "micronodo": "Chora", "area_oficial": "SAO BENEDITO", "faction": "PCC", "lat": -4.047729, "long": -40.874625 }, "geometry": { "type": "Point", "coordinates": [ -40.874625, -4.047729 ] } },
{ "type": "Feature", "properties": { "micronodo": "Corrente", "area_oficial": "SAO BENEDITO", "faction": "PCC", "lat": -4.04964, "long": -40.871322 }, "geometry": { "type": "Point", "coordinates": [ -40.871322, -4.04964 ] } },
{ "type": "Feature", "properties": { "micronodo": "Araripe", "area_oficial": "ARARIPE", "faction": "PCC", "lat": -7.203204, "long": -40.13368 }, "geometry": { "type": "Point", "coordinates": [ -40.13368, -7.203204 ] } },
{ "type": "Feature", "properties": { "micronodo": "Vila Holanda", "area_oficial": "BOA VIAGEM", "faction": "PCC", "lat": -5.134096, "long": -39.736548 }, "geometry": { "type": "Point", "coordinates": [ -39.736548, -5.134096 ] } },
{ "type": "Feature", "properties": { "micronodo": "Campos - Aurora", "area_oficial": "AURORA", "faction": "PCC", "lat": -6.94869, "long": -38.970428 }, "geometry": { "type": "Point", "coordinates": [ -38.970428, -6.94869 ] } },
{ "type": "Feature", "properties": { "micronodo": "São Benedito - Aurora", "area_oficial": "AURORA", "faction": "PCC", "lat": -6.949586, "long": -38.962866 }, "geometry": { "type": "Point", "coordinates": [ -38.962866, -6.949586 ] } },
{ "type": "Feature", "properties": { "micronodo": "Recreio - Aurora", "area_oficial": "AURORA", "faction": "PCC", "lat": -6.943142, "long": -38.970589 }, "geometry": { "type": "Point", "coordinates": [ -38.970589, -6.943142 ] } },
{ "type": "Feature", "properties": { "micronodo": "Araçá - Aurora", "area_oficial": "AURORA", "faction": "PCC", "lat": -6.940082, "long": -38.975493 }, "geometry": { "type": "Point", "coordinates": [ -38.975493, -6.940082 ] } },
{ "type": "Feature", "properties": { "micronodo": "Zezé Da Cruz ", "area_oficial": "AURORA", "faction": "PCC", "lat": -6.937498, "long": -38.963158 }, "geometry": { "type": "Point", "coordinates": [ -38.963158, -6.937498 ] } },
{ "type": "Feature", "properties": { "micronodo": "Capilé ", "area_oficial": "BREJO SANTO", "faction": "PCC", "lat": -7.489942, "long": -38.991963 }, "geometry": { "type": "Point", "coordinates": [ -38.991963, -7.489942 ] } },
{ "type": "Feature", "properties": { "micronodo": "Araújão", "area_oficial": "BREJO SANTO", "faction": "PCC", "lat": -7.482653, "long": -38.991251 }, "geometry": { "type": "Point", "coordinates": [ -38.991251, -7.482653 ] } },
{ "type": "Feature", "properties": { "micronodo": "Lagoa Do Tigre Norte", "area_oficial": "NOVO ORIENTE", "faction": "PCC", "lat": -5.532191, "long": -40.783512 }, "geometry": { "type": "Point", "coordinates": [ -40.783512, -5.532191 ] } },
{ "type": "Feature", "properties": { "micronodo": "Luzia Leite", "area_oficial": "BREJO SANTO", "faction": "PCC", "lat": -7.48886, "long": -38.990915 }, "geometry": { "type": "Point", "coordinates": [ -38.990915, -7.48886 ] } },
{ "type": "Feature", "properties": { "micronodo": "Vila Feliz", "area_oficial": "NOVO ORIENTE", "faction": "PCC", "lat": -5.539841, "long": -40.782737 }, "geometry": { "type": "Point", "coordinates": [ -40.782737, -5.539841 ] } },
{ "type": "Feature", "properties": { "micronodo": "Lagoa Do Tigre Sul", "area_oficial": "NOVO ORIENTE", "faction": "PCC", "lat": -5.537651, "long": -40.784363 }, "geometry": { "type": "Point", "coordinates": [ -40.784363, -5.537651 ] } },
{ "type": "Feature", "properties": { "micronodo": "Colinas", "area_oficial": "NOVO ORIENTE", "faction": "PCC", "lat": -5.537469, "long": -40.773709 }, "geometry": { "type": "Point", "coordinates": [ -40.773709, -5.537469 ] } },
{ "type": "Feature", "properties": { "micronodo": "Boa Vista", "area_oficial": "NOVO ORIENTE", "faction": "PCC", "lat": -5.538339, "long": -40.772457 }, "geometry": { "type": "Point", "coordinates": [ -40.772457, -5.538339 ] } },
{ "type": "Feature", "properties": { "micronodo": "Centro", "area_oficial": "CENTRO", "faction": "PCC", "lat": -5.534045, "long": -40.772645 }, "geometry": { "type": "Point", "coordinates": [ -40.772645, -5.534045 ] } },
{ "type": "Feature", "properties": { "micronodo": "Açude Oriente", "area_oficial": "NOVO ORIENTE", "faction": "PCC", "lat": -5.546377, "long": -40.787149 }, "geometry": { "type": "Point", "coordinates": [ -40.787149, -5.546377 ] } },
{ "type": "Feature", "properties": { "micronodo": "João Antero", "area_oficial": "NOVO ORIENTE", "faction": "PCC", "lat": -5.534069, "long": -40.777266 }, "geometry": { "type": "Point", "coordinates": [ -40.777266, -5.534069 ] } },
{ "type": "Feature", "properties": { "micronodo": "Vicente Rodrigues ", "area_oficial": "NOVO ORIENTE", "faction": "PCC", "lat": -5.52614, "long": -40.77687 }, "geometry": { "type": "Point", "coordinates": [ -40.77687, -5.52614 ] } },
{ "type": "Feature", "properties": { "micronodo": "Santa Inês", "area_oficial": "PENTECOSTE", "faction": "PCC", "lat": -3.783997, "long": -39.263603 }, "geometry": { "type": "Point", "coordinates": [ -39.263603, -3.783997 ] } },
{ "type": "Feature", "properties": { "micronodo": "Cohab", "area_oficial": "PENTECOSTE", "faction": "PCC", "lat": -3.785962, "long": -39.2647 }, "geometry": { "type": "Point", "coordinates": [ -39.2647, -3.785962 ] } },
{ "type": "Feature", "properties": { "micronodo": "Conj. Barro Branco 2", "area_oficial": "CRATO", "faction": "PCC", "lat": -7.249835, "long": -39.382255 }, "geometry": { "type": "Point", "coordinates": [ -39.382255, -7.249835 ] } },
{ "type": "Feature", "properties": { "micronodo": "Vila Alta", "area_oficial": "CRATO", "faction": "PCC", "lat": -7.223929, "long": -39.407582 }, "geometry": { "type": "Point", "coordinates": [ -39.407582, -7.223929 ] } },
{ "type": "Feature", "properties": { "micronodo": "Novo Crato", "area_oficial": "CRATO", "faction": "PCC", "lat": -7.238309, "long": -39.428225 }, "geometry": { "type": "Point", "coordinates": [ -39.428225, -7.238309 ] } },
{ "type": "Feature", "properties": { "micronodo": "Barro Branco", "area_oficial": "JUAZEIRO DO NORTE", "faction": "PCC", "lat": -7.229828, "long": -39.38174 }, "geometry": { "type": "Point", "coordinates": [ -39.38174, -7.229828 ] } },
{ "type": "Feature", "properties": { "micronodo": "Conj. Barro Branco 1", "area_oficial": "JUAZEIRO DO NORTE", "faction": "PCC", "lat": -7.246674, "long": -39.376844 }, "geometry": { "type": "Point", "coordinates": [ -39.376844, -7.246674 ] } },
{ "type": "Feature", "properties": { "micronodo": "Mirandao", "area_oficial": "CRATO", "faction": "PCC", "lat": -7.234588, "long": -39.396439 }, "geometry": { "type": "Point", "coordinates": [ -39.396439, -7.234588 ] } },
{ "type": "Feature", "properties": { "micronodo": "Aprazível ", "area_oficial": "ALCÂNTARAS", "faction": "PCC", "lat": -3.751347, "long": -40.560464 }, "geometry": { "type": "Point", "coordinates": [ -40.560464, -3.751347 ] } },
{ "type": "Feature", "properties": { "micronodo": "Pindoguaba", "area_oficial": "TIANGUÁ", "faction": "PCC", "lat": -3.749455, "long": -41.137101 }, "geometry": { "type": "Point", "coordinates": [ -41.137101, -3.749455 ] } },
{ "type": "Feature", "properties": { "micronodo": "General Sampaio ", "area_oficial": "GENERAL SAMPAIO", "faction": "PCC", "lat": -4.042353, "long": -39.45046 }, "geometry": { "type": "Point", "coordinates": [ -39.45046, -4.042353 ] } },
{ "type": "Feature", "properties": { "micronodo": "Bonfim", "area_oficial": "GROAIRAS", "faction": "PCC", "lat": -3.772931, "long": -40.399933 }, "geometry": { "type": "Point", "coordinates": [ -40.399933, -3.772931 ] } },
{ "type": "Feature", "properties": { "micronodo": "Jaibaras", "area_oficial": "CARIRE", "faction": "PCC", "lat": -3.773264, "long": -40.505208 }, "geometry": { "type": "Point", "coordinates": [ -40.505208, -3.773264 ] } },
{ "type": "Feature", "properties": { "micronodo": "Ouro Branco", "area_oficial": "MUCAMBO", "faction": "PCC", "lat": -3.804, "long": -40.675569 }, "geometry": { "type": "Point", "coordinates": [ -40.675569, -3.804 ] } },
{ "type": "Feature", "properties": { "micronodo": "Rafael Arruda", "area_oficial": "MUCAMBO", "faction": "PCC", "lat": -3.833768, "long": -40.669862 }, "geometry": { "type": "Point", "coordinates": [ -40.669862, -3.833768 ] } },
{ "type": "Feature", "properties": { "micronodo": "Alto Alegre", "area_oficial": "SALITRE", "faction": "PCC", "lat": -7.065376, "long": -40.374142 }, "geometry": { "type": "Point", "coordinates": [ -40.374142, -7.065376 ] } },
{ "type": "Feature", "properties": { "micronodo": "Patriarca", "area_oficial": "SALITRE", "faction": "PCC", "lat": -7.067731, "long": -40.370982 }, "geometry": { "type": "Point", "coordinates": [ -40.370982, -7.067731 ] } },
{ "type": "Feature", "properties": { "micronodo": "Cohab", "area_oficial": "SALITRE", "faction": "PCC", "lat": -7.085816, "long": -40.373384 }, "geometry": { "type": "Point", "coordinates": [ -40.373384, -7.085816 ] } },
{ "type": "Feature", "properties": { "micronodo": "Batalhão ", "area_oficial": "SALITRE", "faction": "PCC", "lat": -7.078786, "long": -40.37007 }, "geometry": { "type": "Point", "coordinates": [ -40.37007, -7.078786 ] } },
{ "type": "Feature", "properties": { "micronodo": "Quadra G", "area_oficial": "SALITRE", "faction": "PCC", "lat": -7.075314, "long": -40.369934 }, "geometry": { "type": "Point", "coordinates": [ -40.369934, -7.075314 ] } },
{ "type": "Feature", "properties": { "micronodo": "Barragem", "area_oficial": "SALITRE", "faction": "PCC", "lat": -7.066649, "long": -40.378342 }, "geometry": { "type": "Point", "coordinates": [ -40.378342, -7.066649 ] } },
{ "type": "Feature", "properties": { "micronodo": "Santa Luzia", "area_oficial": "SALITRE", "faction": "PCC", "lat": -7.075848, "long": -40.377842 }, "geometry": { "type": "Point", "coordinates": [ -40.377842, -7.075848 ] } },
{ "type": "Feature", "properties": { "micronodo": "Guarani", "area_oficial": "SALITRE", "faction": "PCC", "lat": -7.07435, "long": -40.38829 }, "geometry": { "type": "Point", "coordinates": [ -40.38829, -7.07435 ] } },
{ "type": "Feature", "properties": { "micronodo": "Ererê", "area_oficial": "ERERÉ", "faction": "PCC", "lat": -6.030022, "long": -38.3432 }, "geometry": { "type": "Point", "coordinates": [ -38.3432, -6.030022 ] } },
{ "type": "Feature", "properties": { "micronodo": "Palhano", "area_oficial": "PALHANO", "faction": "PCC", "lat": -4.743144, "long": -37.955554 }, "geometry": { "type": "Point", "coordinates": [ -37.955554, -4.743144 ] } },
{ "type": "Feature", "properties": { "micronodo": "Alto São Luís - Palhano", "area_oficial": "PALHANO", "faction": "PCC", "lat": -4.75723, "long": -37.966116 }, "geometry": { "type": "Point", "coordinates": [ -37.966116, -4.75723 ] } },
{ "type": "Feature", "properties": { "micronodo": "Bairro José Holanda Lima- Tauá", "area_oficial": "TAUÁ", "faction": "PCC", "lat": -6.014746, "long": -40.304956 }, "geometry": { "type": "Point", "coordinates": [ -40.304956, -6.014746 ] } },
{ "type": "Feature", "properties": { "micronodo": "Santa Cruz De Banabuiu ", "area_oficial": "PEDRA BRANCA", "faction": "PCC", "lat": -5.435994, "long": -40.007313 }, "geometry": { "type": "Point", "coordinates": [ -40.007313, -5.435994 ] } },
{ "type": "Feature", "properties": { "micronodo": "Mineirolandia", "area_oficial": "SENADOR POMPEU", "faction": "PCC", "lat": -5.51955, "long": -39.607815 }, "geometry": { "type": "Point", "coordinates": [ -39.607815, -5.51955 ] } },
{ "type": "Feature", "properties": { "micronodo": "Mundo Novo", "area_oficial": "TRAIRI", "faction": "PCC", "lat": -3.276294, "long": -39.320662 }, "geometry": { "type": "Point", "coordinates": [ -39.320662, -3.276294 ] } },
{ "type": "Feature", "properties": { "micronodo": "Genipapeiro", "area_oficial": "TRAIRI", "faction": "PCC", "lat": -3.290299, "long": -39.30152 }, "geometry": { "type": "Point", "coordinates": [ -39.30152, -3.290299 ] } },
{ "type": "Feature", "properties": { "micronodo": "Ilha", "area_oficial": "TRAIRI", "faction": "PCC", "lat": -3.277394, "long": -39.286209 }, "geometry": { "type": "Point", "coordinates": [ -39.286209, -3.277394 ] } },
{ "type": "Feature", "properties": { "micronodo": "Acarape", "area_oficial": "ACARAPE", "faction": "PCC", "lat": -3.670495, "long": -40.967036 }, "geometry": { "type": "Point", "coordinates": [ -40.967036, -3.670495 ] } },
{ "type": "Feature", "properties": { "micronodo": "Bela Vista", "area_oficial": "BELA VISTA", "faction": "PCC", "lat": -3.657336, "long": -40.925993 }, "geometry": { "type": "Point", "coordinates": [ -40.925993, -3.657336 ] } },
{ "type": "Feature", "properties": { "micronodo": "Bairro do Csu", "area_oficial": "TIANGUA", "faction": "PCC", "lat": -3.720147, "long": -40.99337 }, "geometry": { "type": "Point", "coordinates": [ -40.99337, -3.720147 ] } },
{ "type": "Feature", "properties": { "micronodo": "Pedra Fina", "area_oficial": "TIANGUA", "faction": "PCC", "lat": -3.733472, "long": -41.002799 }, "geometry": { "type": "Point", "coordinates": [ -41.002799, -3.733472 ] } },
{ "type": "Feature", "properties": { "micronodo": "Comunidade do Catatau", "area_oficial": "TIANGUA", "faction": "PCC", "lat": -3.745104, "long": -41.007311 }, "geometry": { "type": "Point", "coordinates": [ -41.007311, -3.745104 ] } },
{ "type": "Feature", "properties": { "micronodo": "Sítios Cacimbas", "area_oficial": "TIANGUA", "faction": "PCC", "lat": -3.74042, "long": -41.006578 }, "geometry": { "type": "Point", "coordinates": [ -41.006578, -3.74042 ] } },
{ "type": "Feature", "properties": { "micronodo": "Dom Expedito ", "area_oficial": "TIANGUA", "faction": "PCC", "lat": -3.72209, "long": -41.007666 }, "geometry": { "type": "Point", "coordinates": [ -41.007666, -3.72209 ] } },
{ "type": "Feature", "properties": { "micronodo": "Casinhas", "area_oficial": "ITAPIPOCA", "faction": "PCC", "lat": -3.469514, "long": -39.564259 }, "geometry": { "type": "Point", "coordinates": [ -39.564259, -3.469514 ] } },
{ "type": "Feature", "properties": { "micronodo": "Bairro do Patu", "area_oficial": "SENADOR POMPEU", "faction": "PCC", "lat": -5.59216, "long": -39.376988 }, "geometry": { "type": "Point", "coordinates": [ -39.376988, -5.59216 ] } },
{ "type": "Feature", "properties": { "micronodo": "Chafariz", "area_oficial": "SALITRE", "faction": "PCC", "lat": -7.078308, "long": -40.379116 }, "geometry": { "type": "Point", "coordinates": [ -40.379116, -7.078308 ] } },
{ "type": "Feature", "properties": { "micronodo": "Rua da Pousada", "area_oficial": "SALITRE", "faction": "PCC", "lat": -7.066244, "long": -40.367917 }, "geometry": { "type": "Point", "coordinates": [ -40.367917, -7.066244 ] } },
{ "type": "Feature", "properties": { "micronodo": "Bairro do Cruzeiro", "area_oficial": "NOVA OLINDA", "faction": "PCC", "lat": -7.08916, "long": -39.679864 }, "geometry": { "type": "Point", "coordinates": [ -39.679864, -7.08916 ] } },
{ "type": "Feature", "properties": { "micronodo": "Nova Olinda ", "area_oficial": "NOVA OLINDA", "faction": "PCC", "lat": -7.080065, "long": -39.683231 }, "geometry": { "type": "Point", "coordinates": [ -39.683231, -7.080065 ] } },
{ "type": "Feature", "properties": { "micronodo": "Mirandinha", "area_oficial": "SAO BENEDITO", "faction": "PCC", "lat": -4.043443, "long": -40.876182 }, "geometry": { "type": "Point", "coordinates": [ -40.876182, -4.043443 ] } },
{ "type": "Feature", "properties": { "micronodo": "Maranhão - Itapipoca ", "area_oficial": "ITAPIPOCA", "faction": "PCC", "lat": -3.482269, "long": -39.579054 }, "geometry": { "type": "Point", "coordinates": [ -39.579054, -3.482269 ] } },
{ "type": "Feature", "properties": { "micronodo": "Conjunto Novo Caiçara", "area_oficial": "MERUOCA", "faction": "PCC", "lat": -3.667768, "long": -40.380683 }, "geometry": { "type": "Point", "coordinates": [ -40.380683, -3.667768 ] } },
{ "type": "Feature", "properties": { "micronodo": "Violete - Itapipoca ", "area_oficial": "ITAPIPOCA", "faction": "PCC", "lat": -3.48235, "long": -39.575454 }, "geometry": { "type": "Point", "coordinates": [ -39.575454, -3.48235 ] } },
{ "type": "Feature", "properties": { "micronodo": "PADRE PALHANO", "area_oficial": "MERUOCA", "faction": "PCC", "lat": -3.696298, "long": -40.371419 }, "geometry": { "type": "Point", "coordinates": [ -40.371419, -3.696298 ] } },
{ "type": "Feature", "properties": { "micronodo": "Morro Da Macaca", "area_oficial": "MERUOCA", "faction": "PCC", "lat": -3.670355, "long": -40.377514 }, "geometry": { "type": "Point", "coordinates": [ -40.377514, -3.670355 ] } },
{ "type": "Feature", "properties": { "micronodo": "São Francisco - Itapipoca ", "area_oficial": "ITAPIPOCA", "faction": "PCC", "lat": -3.495182, "long": -39.595733 }, "geometry": { "type": "Point", "coordinates": [ -39.595733, -3.495182 ] } },
{ "type": "Feature", "properties": { "micronodo": "Urbano Teixeira - Itapipoca ", "area_oficial": "ITAPIPOCA", "faction": "PCC", "lat": -3.49016, "long": -39.597916 }, "geometry": { "type": "Point", "coordinates": [ -39.597916, -3.49016 ] } },
{ "type": "Feature", "properties": { "micronodo": "Conj. Geraldo G. Azavedo - Itapipoca ", "area_oficial": "ITAPIPOCA", "faction": "PCC", "lat": -3.494228, "long": -39.597828 }, "geometry": { "type": "Point", "coordinates": [ -39.597828, -3.494228 ] } },
{ "type": "Feature", "properties": { "micronodo": "Ladeira", "area_oficial": "ITAPIPOCA", "faction": "PCC", "lat": -3.506679, "long": -39.582451 }, "geometry": { "type": "Point", "coordinates": [ -39.582451, -3.506679 ] } },
{ "type": "Feature", "properties": { "micronodo": "Nova Aldeota ", "area_oficial": "ITAPIPOCA", "faction": "PCC", "lat": -3.481957, "long": -39.571544 }, "geometry": { "type": "Point", "coordinates": [ -39.571544, -3.481957 ] } },
{ "type": "Feature", "properties": { "micronodo": "Sanharão - Itapipoca ", "area_oficial": "ITAPIPOCA", "faction": "PCC", "lat": -3.500778, "long": -39.584733 }, "geometry": { "type": "Point", "coordinates": [ -39.584733, -3.500778 ] } },
{ "type": "Feature", "properties": { "micronodo": "Novo America", "area_oficial": "ITAPIPOCA", "faction": "PCC", "lat": -3.484337, "long": -39.571141 }, "geometry": { "type": "Point", "coordinates": [ -39.571141, -3.484337 ] } },
{ "type": "Feature", "properties": { "micronodo": "Alto Alegre - Itapipoca ", "area_oficial": "ITAPIPOCA", "faction": "PCC", "lat": -3.49978, "long": -39.589445 }, "geometry": { "type": "Point", "coordinates": [ -39.589445, -3.49978 ] } },
{ "type": "Feature", "properties": { "micronodo": "Novo Horizonte - Itapipoca ", "area_oficial": "ITAPIPOCA", "faction": "PCC", "lat": -3.493124, "long": -39.59384 }, "geometry": { "type": "Point", "coordinates": [ -39.59384, -3.493124 ] } },
{ "type": "Feature", "properties": { "micronodo": "Fazendinha", "area_oficial": "ITAPIPOCA", "faction": "PCC", "lat": -3.496722, "long": -39.587624 }, "geometry": { "type": "Point", "coordinates": [ -39.587624, -3.496722 ] } },
{ "type": "Feature", "properties": { "micronodo": "Mourão - Itapipoca ", "area_oficial": "ITAPIPOCA", "faction": "PCC", "lat": -3.499885, "long": -39.593105 }, "geometry": { "type": "Point", "coordinates": [ -39.593105, -3.499885 ] } },
{ "type": "Feature", "properties": { "micronodo": "JARDIM DE SÃO JOSÉ - RUSSAS ", "area_oficial": "LIMOEIRO DO NORTE", "faction": "PCC", "lat": -5.001913, "long": -38.045007 }, "geometry": { "type": "Point", "coordinates": [ -38.045007, -5.001913 ] } },
{ "type": "Feature", "properties": { "micronodo": "LAGOA DO TOCO - RUSSAS - PCC", "area_oficial": "QUIXERE", "faction": "PCC", "lat": -4.925516, "long": -37.980044 }, "geometry": { "type": "Point", "coordinates": [ -37.980044, -4.925516 ] } },
{ "type": "Feature", "properties": { "micronodo": "Salgadinho", "area_oficial": "ITAPIPOCA", "faction": "PCC", "lat": -3.507177, "long": -39.578104 }, "geometry": { "type": "Point", "coordinates": [ -39.578104, -3.507177 ] } },
{ "type": "Feature", "properties": { "micronodo": "NOSSA SENHORA DE FATIMA - RUSSAS - PCC", "area_oficial": "QUIXERE", "faction": "PCC", "lat": -4.940566, "long": -37.969919 }, "geometry": { "type": "Point", "coordinates": [ -37.969919, -4.940566 ] } },
{ "type": "Feature", "properties": { "micronodo": "Estação - Itapipoca ", "area_oficial": "ITAPIPOCA", "faction": "PCC", "lat": -3.497403, "long": -39.58444 }, "geometry": { "type": "Point", "coordinates": [ -39.58444, -3.497403 ] } },
{ "type": "Feature", "properties": { "micronodo": "Área Nobre", "area_oficial": "ITAPIPOCA", "faction": "PCC", "lat": -3.491495, "long": -39.574824 }, "geometry": { "type": "Point", "coordinates": [ -39.574824, -3.491495 ] } },
{ "type": "Feature", "properties": { "micronodo": "Boa Vista - Itapipoca ", "area_oficial": "ITAPIPOCA", "faction": "PCC", "lat": -3.506844, "long": -39.580318 }, "geometry": { "type": "Point", "coordinates": [ -39.580318, -3.506844 ] } },
{ "type": "Feature", "properties": { "micronodo": "Bairro José Alexandrino Nogueira- Tauá", "area_oficial": "TAUÁ", "faction": "PCC", "lat": -5.99127, "long": -40.294996 }, "geometry": { "type": "Point", "coordinates": [ -40.294996, -5.99127 ] } },
{ "type": "Feature", "properties": { "micronodo": "Julho", "area_oficial": "ITAPIPOCA", "faction": "PCC", "lat": -3.466943, "long": -39.558124 }, "geometry": { "type": "Point", "coordinates": [ -39.558124, -3.466943 ] } },
{ "type": "Feature", "properties": { "micronodo": "VILA RAMALHO - RUSSAS - PCC", "area_oficial": "QUIXERE", "faction": "PCC", "lat": -4.932782, "long": -37.967648 }, "geometry": { "type": "Point", "coordinates": [ -37.967648, -4.932782 ] } },
{ "type": "Feature", "properties": { "micronodo": "SITIO GARÇAS - RUSSAS - PCC", "area_oficial": "QUIXERE", "faction": "PCC", "lat": -4.942068, "long": -37.962341 }, "geometry": { "type": "Point", "coordinates": [ -37.962341, -4.942068 ] } },
{ "type": "Feature", "properties": { "micronodo": "Amontada - Itapipoca ", "area_oficial": "ITAPIPOCA", "faction": "PCC", "lat": -3.489746, "long": -39.577579 }, "geometry": { "type": "Point", "coordinates": [ -39.577579, -3.489746 ] } },
{ "type": "Feature", "properties": { "micronodo": "São Francisco ", "area_oficial": "BREJO SANTO", "faction": "PCC", "lat": -7.492514, "long": -38.978289 }, "geometry": { "type": "Point", "coordinates": [ -38.978289, -7.492514 ] } },
{ "type": "Feature", "properties": { "micronodo": "POÇO REDONDO - RUSSAS - PCC", "area_oficial": "QUIXERE", "faction": "PCC", "lat": -4.930525, "long": -37.945699 }, "geometry": { "type": "Point", "coordinates": [ -37.945699, -4.930525 ] } },
{ "type": "Feature", "properties": { "micronodo": "MILAGRES", "area_oficial": "MILAGRES", "faction": "PCC", "lat": -7.315525, "long": -38.93826 }, "geometry": { "type": "Point", "coordinates": [ -38.93826, -7.315525 ] } },
{ "type": "Feature", "properties": { "micronodo": "COITÉ", "area_oficial": "MAURITI", "faction": "PCC", "lat": -7.378457, "long": -38.71978 }, "geometry": { "type": "Point", "coordinates": [ -38.71978, -7.378457 ] } },
{ "type": "Feature", "properties": { "micronodo": "IPEPACUNHA - RUSSAS", "area_oficial": "QUIXERE", "faction": "PCC", "lat": -4.930149, "long": -37.945734 }, "geometry": { "type": "Point", "coordinates": [ -37.945734, -4.930149 ] } },
{ "type": "Feature", "properties": { "micronodo": "RUSSAS - MIGUEL PEREIRA - PCC", "area_oficial": "LIMOEIRO DO NORTE", "faction": "PCC", "lat": -5.029716, "long": -38.045465 }, "geometry": { "type": "Point", "coordinates": [ -38.045465, -5.029716 ] } },
{ "type": "Feature", "properties": { "micronodo": "QUIXERÉ - LAGOINHA - PCC", "area_oficial": "QUIXERE", "faction": "PCC", "lat": -5.073425, "long": -37.908729 }, "geometry": { "type": "Point", "coordinates": [ -37.908729, -5.073425 ] } },
{ "type": "Feature", "properties": { "micronodo": "FLORES - RUSSAS - PCC", "area_oficial": "LIMOEIRO DO NORTE", "faction": "PCC", "lat": -5.058535, "long": -38.066297 }, "geometry": { "type": "Point", "coordinates": [ -38.066297, -5.058535 ] } },
{ "type": "Feature", "properties": { "micronodo": "SÃO MIGUEL", "area_oficial": "SÃO MIGUEL", "faction": "PCC", "lat": -7.335822, "long": -38.667876 }, "geometry": { "type": "Point", "coordinates": [ -38.667876, -7.335822 ] } },
{ "type": "Feature", "properties": { "micronodo": "QUIXERE - CENTRO - PCC", "area_oficial": "QUIXERE", "faction": "PCC", "lat": -5.064182, "long": -37.984511 }, "geometry": { "type": "Point", "coordinates": [ -37.984511, -5.064182 ] } },
{ "type": "Feature", "properties": { "micronodo": "VILA DOS CARNEIRO - RUSSAS - PCC", "area_oficial": "QUIXERE", "faction": "PCC", "lat": -4.937487, "long": -37.954104 }, "geometry": { "type": "Point", "coordinates": [ -37.954104, -4.937487 ] } },
{ "type": "Feature", "properties": { "micronodo": "ANAUÁ", "area_oficial": "MAURITI", "faction": "PCC", "lat": -7.251763, "long": -38.626662 }, "geometry": { "type": "Point", "coordinates": [ -38.626662, -7.251763 ] } },
{ "type": "Feature", "properties": { "micronodo": "QUIXERÉ - SERRA DO VIEIRA - PCC", "area_oficial": "QUIXERE", "faction": "PCC", "lat": -4.988634, "long": -37.826282 }, "geometry": { "type": "Point", "coordinates": [ -37.826282, -4.988634 ] } },
{ "type": "Feature", "properties": { "micronodo": "Alto Brilhante- Tauá", "area_oficial": "TAUÁ", "faction": "PCC", "lat": -6.005442, "long": -40.291327 }, "geometry": { "type": "Point", "coordinates": [ -40.291327, -6.005442 ] } },
{ "type": "Feature", "properties": { "micronodo": "RUSSAS - CAPIM GROSSO - BONHU - PCC", "area_oficial": "RUSSAS", "faction": "PCC", "lat": -4.869075, "long": -38.212145 }, "geometry": { "type": "Point", "coordinates": [ -38.212145, -4.869075 ] } },
{ "type": "Feature", "properties": { "micronodo": "PEIXE - RUSSAS - PCC", "area_oficial": "RUSSAS", "faction": "PCC", "lat": -4.922532, "long": -38.087903 }, "geometry": { "type": "Point", "coordinates": [ -38.087903, -4.922532 ] } },
{ "type": "Feature", "properties": { "micronodo": "LIMOEIRO DO NORTE - TOMÉ - PCC", "area_oficial": "QUIXERE", "faction": "PCC", "lat": -5.130913, "long": -37.955125 }, "geometry": { "type": "Point", "coordinates": [ -37.955125, -5.130913 ] } },
{ "type": "Feature", "properties": { "micronodo": "MIGUEL PEREIRA DO MAURO - RUSSAS  - PCC", "area_oficial": "LIMOEIRO DO NORTE", "faction": "PCC", "lat": -5.053396, "long": -38.067367 }, "geometry": { "type": "Point", "coordinates": [ -38.067367, -5.053396 ] } },
{ "type": "Feature", "properties": { "micronodo": "MELÂNCIAS - RUSSAS - PCC", "area_oficial": "QUIXERE", "faction": "PCC", "lat": -4.931362, "long": -37.907364 }, "geometry": { "type": "Point", "coordinates": [ -37.907364, -4.931362 ] } },
{ "type": "Feature", "properties": { "micronodo": "RAMAL DE FLORES - RUSSAS - PCC", "area_oficial": "LIMOEIRO DO NORTE", "faction": "PCC", "lat": -5.050668, "long": -38.078292 }, "geometry": { "type": "Point", "coordinates": [ -38.078292, -5.050668 ] } },
{ "type": "Feature", "properties": { "micronodo": "VÁRZEA ALEGRE - RUSSAS - PCC", "area_oficial": "QUIXERE", "faction": "PCC", "lat": -4.932614, "long": -37.967838 }, "geometry": { "type": "Point", "coordinates": [ -37.967838, -4.932614 ] } },
{ "type": "Feature", "properties": { "micronodo": "Bairro da Brasília ", "area_oficial": "SENADOR POMPEU", "faction": "PCC", "lat": -5.588251, "long": -39.379654 }, "geometry": { "type": "Point", "coordinates": [ -39.379654, -5.588251 ] } },
{ "type": "Feature", "properties": { "micronodo": "SITIO CANTO - RUSSAS ", "area_oficial": "QUIXERE", "faction": "PCC", "lat": -4.982253, "long": -38.024883 }, "geometry": { "type": "Point", "coordinates": [ -38.024883, -4.982253 ] } },
{ "type": "Feature", "properties": { "micronodo": "BETÂNIA", "area_oficial": "ITAPIPOCA", "faction": "PCC", "lat": -3.2865515, "long": -39.6581288 }, "geometry": { "type": "Point", "coordinates": [ -39.6581288, -3.2865515 ] } },
{ "type": "Feature", "properties": { "micronodo": "CURA", "area_oficial": "ITAPIPOCA", "faction": "PCC", "lat": -3.2957967, "long": -39.6513138 }, "geometry": { "type": "Point", "coordinates": [ -39.6513138, -3.2957967 ] } },
{ "type": "Feature", "properties": { "micronodo": "BELA VISTA PCC", "area_oficial": "BREJO SANTO", "faction": "PCC", "lat": -7.4921366, "long": -38.991083 }, "geometry": { "type": "Point", "coordinates": [ -38.991083, -7.4921366 ] } },
{ "type": "Feature", "properties": { "micronodo": "MORRO DOURADO - TCP", "area_oficial": "BREJO SANTO", "faction": "PCC", "lat": -7.4743025, "long": -38.979487 }, "geometry": { "type": "Point", "coordinates": [ -38.979487, -7.4743025 ] } },
{ "type": "Feature", "properties": { "micronodo": "BONFIM", "area_oficial": "GROAIRAS", "faction": "PCC", "lat": -3.773336, "long": -40.4608186 }, "geometry": { "type": "Point", "coordinates": [ -40.4608186, -3.773336 ] } },
{ "type": "Feature", "properties": { "micronodo": "Vilinha", "area_oficial": "IPAUMIRIM", "faction": "OKAIDA", "lat": -6.787051, "long": -38.726563 }, "geometry": { "type": "Point", "coordinates": [ -38.726563, -6.787051 ] } },
{ "type": "Feature", "properties": { "micronodo": "Baixio", "area_oficial": "BAIXIO", "faction": "OKAIDA", "lat": -6.723294, "long": -38.712362 }, "geometry": { "type": "Point", "coordinates": [ -38.712362, -6.723294 ] } },
{ "type": "Feature", "properties": { "micronodo": "Ipaumirim", "area_oficial": "IPAUMIRIM", "faction": "OKAIDA", "lat": -6.784613, "long": -38.718613 }, "geometry": { "type": "Point", "coordinates": [ -38.718613, -6.784613 ] } },
{ "type": "Feature", "properties": { "micronodo": "Bom Jesus - Caucaia", "area_oficial": "PARQUE SOLEDADE", "faction": "DISPUTA", "lat": -3.713312, "long": -38.680884 }, "geometry": { "type": "Point", "coordinates": [ -38.680884, -3.713312 ] } },
{ "type": "Feature", "properties": { "micronodo": "Itapoa", "area_oficial": "PARQUE SOLEDADE", "faction": "DISPUTA", "lat": -3.712149, "long": -38.671626 }, "geometry": { "type": "Point", "coordinates": [ -38.671626, -3.712149 ] } },
{ "type": "Feature", "properties": { "micronodo": "Mangueiras ", "area_oficial": "PARQUE SOLEDADE", "faction": "DISPUTA", "lat": -3.701773, "long": -38.672275 }, "geometry": { "type": "Point", "coordinates": [ -38.672275, -3.701773 ] } },
{ "type": "Feature", "properties": { "micronodo": "Mestre Antônio ", "area_oficial": "PARQUE SOLEDADE", "faction": "DISPUTA", "lat": -3.703442, "long": -38.672624 }, "geometry": { "type": "Point", "coordinates": [ -38.672624, -3.703442 ] } },
{ "type": "Feature", "properties": { "micronodo": "Campo do Urubu - Caucaia", "area_oficial": "PARQUE SOLEDADE", "faction": "DISPUTA", "lat": -3.718275, "long": -38.666709 }, "geometry": { "type": "Point", "coordinates": [ -38.666709, -3.718275 ] } },
{ "type": "Feature", "properties": { "micronodo": "Santa Fé", "area_oficial": "PARQUE SOLEDADE", "faction": "DISPUTA", "lat": -3.699387, "long": -38.67017 }, "geometry": { "type": "Point", "coordinates": [ -38.67017, -3.699387 ] } },
{ "type": "Feature", "properties": { "micronodo": "Parque Estrela", "area_oficial": "PARQUE SOLEDADE", "faction": "DISPUTA", "lat": -3.704254, "long": -38.66252 }, "geometry": { "type": "Point", "coordinates": [ -38.66252, -3.704254 ] } },
{ "type": "Feature", "properties": { "micronodo": "Cidade Alta", "area_oficial": "GRAÇA", "faction": "DISPUTA", "lat": -4.035072, "long": -40.863326 }, "geometry": { "type": "Point", "coordinates": [ -40.863326, -4.035072 ] } },
{ "type": "Feature", "properties": { "micronodo": "Morro - São Benedito", "area_oficial": "SAO BENEDITO", "faction": "DISPUTA", "lat": -4.034143, "long": -40.86756 }, "geometry": { "type": "Point", "coordinates": [ -40.86756, -4.034143 ] } },
{ "type": "Feature", "properties": { "micronodo": "Beco Do Coroa", "area_oficial": "MONDUBIM", "faction": "DISPUTA", "lat": -3.808929, "long": -38.574921 }, "geometry": { "type": "Point", "coordinates": [ -38.574921, -3.808929 ] } },
{ "type": "Feature", "properties": { "micronodo": "Casarão ", "area_oficial": "PARQUE MANIBURA", "faction": "DISPUTA", "lat": -3.790819, "long": -38.482138 }, "geometry": { "type": "Point", "coordinates": [ -38.482138, -3.790819 ] } },
{ "type": "Feature", "properties": { "micronodo": "Ubaúna - Coreaú ", "area_oficial": "COREAÚ", "faction": "DISPUTA", "lat": -3.737389, "long": -40.688392 }, "geometry": { "type": "Point", "coordinates": [ -40.688392, -3.737389 ] } },
{ "type": "Feature", "properties": { "micronodo": "Zona de Confronto ", "area_oficial": "TABAPUÁ", "faction": "DISPUTA", "lat": -3.740231, "long": -38.619878 }, "geometry": { "type": "Point", "coordinates": [ -38.619878, -3.740231 ] } }
]
}
