micronodo,area_oficial,faction,lat,long
SANTA RITA - PARAMBU / CE,PARAMBU,CV,-6.2147424,-40.67672573745034
MATA DOS LIMAS,JUAZEIRO DO NORTE,CV,-7.27841795,-39.32609351031857
Morro do Oitão Preto ou Moura brasil,MOURA BRASIL,CV,-3.7189005,-38.5372795478396
Morro do Pinto,CRISTO REDENTOR,CV,-3.70628825,-38.56265608897182
COMUNIDADE CAIXA DÁGUA,MANOEL SÁTIRO,CV,-3.7976865,-38.581553294166135
VILA ROSÂNGELA,PARQUE SĂO JOSÉ,CV,-3.79828525,-38.58559117393855
Comunidade Baixa Pau,PRAIA DE IRACEMA,CV,-3.7194895,-38.52100128246754
Conjunto Cidade de Deus ou CDD,BARRA DO CEARÁ,CV,-3.711478,-38.577656105452384
Comunidade Reino Encantado,ÁLVARO WEYNE,CV,-3.7186685,-38.56785518993654
Padre Andrade,PADRE ANDRADE,CV,-3.7341689999999996,-38.5773679033576
Comunidade da theberg (Complexo do Pirambu),CRISTO REDENTOR,CV,-3.7080200000000003,-38.563949650322684
Pracinha do Abel (Complexo do Pirambu),PIRAMBU,CV,-3.7083554999999997,-38.55606151770387
Areia Grossa (Complexo do Pirambu),PIRAMBU,CV,-3.708434,-38.55405555205884
Cacimba de Pombos (Complexo do Pirambu),PIRAMBU,CV,-3.7129950000000003,-38.54725391977897
Rocinha (Complexo do Pirambu),PIRAMBU,CV,-3.710899,-38.551379256006626
Rua da Paz (Complexo do Pirambu),PIRAMBU,CV,-3.7121294999999996,-38.55110915972492
Pirambu (Complexo do Pirambu),CRISTO REDENTOR,CV,-3.709074,-38.55978256747309
Comunidade do Gueto Novo,BARRA DO CEARÁ,CV,-3.7103795,-38.5826731342086
Sítio,JARDIM IRACEMA,CV,-3.7140975000000003,-38.58065046873675
Comunidade da Central,FLORESTA,CV,-3.723182,-38.579695655371665
Presidente Kennedy,PRESIDENTE KENNEDY,CV,-3.7246315,-38.568804894450096
Conjunto Castelo Branco,PRESIDENTE KENNEDY,CV,-3.7306745,-38.57273944137056
Jardim Iracema,JARDIM IRACEMA,CV,-3.724541,-38.58360851258912
Canal - Rabo da gata,ELLERY,CV,-3.7232095,-38.55908382700743
Morro do Ouro,JACARECANGA,CV,-3.7255475000000002,-38.54499371518152
Conjunto Carandiru,CARLITO PAMPLONA,CV,-3.7164685000000004,-38.55519021256039
Jardim Guanabara,JARDIM GUANABARA,CV,-3.7183675000000003,-38.58954681461313
Comunidade do Inferninho,QUINTINO CUNHA,CV,-3.721459,-38.59978372558387
2.V,VILA VELHA,CV,-3.7175995,-38.60733660628019
Trilho do Carlito,CARLITO PAMPLONA,CV,-3.7204655,-38.556623331700145
Comunidade do Triângulo,COUTO FERNANDES,CV,-3.7597275,-38.56140679081633
Comunidade Tocantins,AUTRAN NUNES,CV,-3.7585925,-38.5957377581786
Comunidade Pimentel,BARROSO,CV,-3.8320565,-38.51660933582565
Invasão,BARROSO,CV,-3.830864,-38.51245998542986
Conjunto São Cristovão,JANGURUSSU,CV,-3.835421,-38.52026176580363
Campo do América,MEIRELES,CV,-3.7304880000000002,-38.50242284543745
Comunidade da Rosalina (Complexo da Rosalina),PARQUE DOIS IRMĂOS,CV,-3.8051985,-38.5456734625965
Comunidade do Riacho Doce (Complexo da Rosalina),PARQUE DOIS IRMĂOS,CV,-3.8086789999999997,-38.54284148850932
Quadras,DIONÍSIO TORRES,CV,-3.7448675,-38.49683861414064
Vila União,VILA UNIĂO,CV,-3.7742544999999996,-38.529140114695494
Ouro Verde,VILA UNIĂO,CV,-3.7669105,-38.52982203853638
IB,VILA UNIĂO,CV,-3.7700725000000004,-38.53418578483607
Pracinha do Vila União,VILA UNIĂO,CV,-3.7696205000000003,-38.537013873852274
Jana Barroso,RACHEL DE QUEIROZ,CV,-3.7997935,-38.55512934841862
Comunidade do Burro (Jardim Primavera),RACHEL DE QUEIROZ,CV,-3.801653,-38.550774991573036
Comunidade da Caixa D'água- Planalto Pici,DEMÓCRITO ROCHA,CV,-3.7592345,-38.57247946717172
Sem Terra,BELA VISTA,CV,-3.748949,-38.56681369233138
Rua da Feira - Antonio Bezerra,ANTÔNIO BEZERRA,CV,-3.7446915,-38.588382263776424
Canal Leste,BOM JARDIM,CV,-3.793477,-38.60708037167892
Comunidade Mutirão,GRANJA LISBOA,CV,-3.7962815,-38.61430638067171
Comunidade da Sideral - Bonsucesso,BONSUCESSO,CV,-3.78596,-38.587011265179854
Conjunto Miguel Arraes,SIQUEIRA,CV,-3.8022720000000003,-38.62034594601367
Comunidade dos Sem Terra,SIQUEIRA,CV,-3.8001935,-38.62400491556603
Comunidade do Cemitério,SIQUEIRA,CV,-3.796811,-38.629975064003226
Conjunto Tatumandé,SIQUEIRA,CV,-3.8017285000000003,-38.6154676928161
Conjunto Raquel de Queiroz,SIQUEIRA,CV,-3.8034115,-38.617131117720334
Caic,GRANJA LISBOA,CV,-3.781452,-38.618733326899715
Conjunto Leonel Brizola,GRANJA LISBOA,CV,-3.7822475,-38.62421238396438
José Walter,PREFEITO JOSÉ WALTER,CV,-3.838715,-38.55835632196657
Lagoa Seca da Sapiranga,SAPIRANGA / COITÉ,CV,-3.7897619999999996,-38.46826873137255
Comunidade do Alecrim- Lagoa da Sapiranga,SAPIRANGA / COITÉ,CV,-3.792992,-38.46863167130441
Comunidade do Sem Terra da Sapiranga,SAPIRANGA / COITÉ,CV,-3.7909825,-38.46117856393377
Canal Leste da Sapiranga,SAPIRANGA / COITÉ,CV,-3.7932965,-38.459302464843745
Vila Uruca,SAPIRANGA / COITÉ,CV,-3.793931,-38.461353773320894
Uruca,SAPIRANGA / COITÉ,CV,-3.7969675,-38.46084647227488
Muro Alto (Sapiranga),SAPIRANGA / COITÉ,CV,-3.7956890000000003,-38.465546751218525
Portelinha,SAPIRANGA / COITÉ,CV,-3.7989610000000003,-38.46518591217311
Cidade Nova,CIDADE NOVA,CV,-3.801216,-38.46523677387084
Pisarreira ou Jardim Novo Paraíso,SAPIRANGA / COITÉ,CV,-3.7994965,-38.469870606819796
Favela da Mana ou Sem Terra,PREFEITO JOSÉ WALTER,CV,-3.83302,-38.532880515203075
Comunidade Beira Sol ,ITAOCA,CV,-3.777309,-38.54918699876042
Comunidade da Travessa,ITAOCA,CV,-3.7778675,-38.553794016550526
Comunidade GNG,ITAPERI,CV,-3.782321,-38.54838383725255
Esquina do BN,ITAPERI,CV,-3.784134,-38.54771732107818
Comunidade dos Fluxos,ITAPERI,CV,-3.785214,-38.54924318932874
Comunidade ZF,SERRINHA,CV,-3.7846865000000003,-38.54250759063444
Campo do Sobral,BARROSO,CV,-3.812781,-38.516802027027026
6 Companheiros,BARRA DO CEARÁ,CV,-3.7079135,-38.57843421705793
Rua Larga,FARIAS BRITO,CV,-3.7291179999999997,-38.543382248322146
Apê,EDSON QUEIROZ,CV,-3.7724425000000004,-38.45779936476239
Comunidade Do Serrote,SERRINHA,CV,-3.782717,-38.54144753438303
Comunidade do Açai - Serrinha,SERRINHA,CV,-3.7862980000000004,-38.53999931422932
Rampa,SERRINHA,CV,-3.7852854999999996,-38.54509120136496
Comunidade Final da Linha,SERRINHA,CV,-3.789046,-38.537444832000915
Rua do Gelo,EDSON QUEIROZ,CV,-3.7699815,-38.47205589966897
Itamaraty,PAUPINA,CV,-3.861397,-38.49286292458295
Bairro Santa Fé,ANCURI,CV,-3.8643894999999997,-38.50513153572739
Parque Betânia,JANGURUSSU,CV,-3.8384965,-38.50512429906705
Jardim Violeta,BARROSO,CV,-3.8143835,-38.50933653228371
Comunidade do Seu Rosa,JOSÉ DE ALENCAR,CV,-3.8146165,-38.475231743820224
Betesda (Alto do Bode),AUTRAN NUNES,CV,-3.7516645,-38.5977219511375
Comunidade da Luxou,PRAIA DO FUTURO I,CV,-3.7420365,-38.45625280478813
Comunidade dos Cocos ,MANUEL DIAS BRANCO,CV,-3.7516170000000004,-38.4505439978153
Morro da Embratel,PRAIA DO FUTURO II,CV,-3.7615815,-38.44621542995444
Comunidade do Caroço,PRAIA DO FUTURO I,CV,-3.7489879999999998,-38.45124280526985
Santa Cecília,BOM JARDIM,CV,-3.792208,-38.610474036455635
Comunidade Forró do Meu,GRANJA LISBOA,CV,-3.796283,-38.619942941761366
CR,GRANJA LISBOA,CV,-3.7862825,-38.62940749888722
Comunidade da Jamaica,GRANJA PORTUGAL,CV,-3.7875955,-38.603431269588995
Comunidade do Pom,EDSON QUEIROZ,CV,-3.772147,-38.46806158489106
Dendê,EDSON QUEIROZ,CV,-3.773644,-38.46263604263566
Barro Duro,SAPIRANGA / COITÉ,CV,-3.805026,-38.45882688178321
Palmeirinha ,LAGOA REDONDA,CV,-3.826254,-38.45686883556212
Parque Guadalajara,GUADALAJARA,CV,-3.7631425,-38.62174492984909
Conjunto Ceará II,CONJUNTO CEARÁ II,CV,-3.77051,-38.61579657532102
Conjunto Ceará I,CONJUNTO CEARÁ I,CV,-3.7616864999999997,-38.60836059715923
Conjunto Ceará,CONJUNTO CEARÁ II,CV,-3.7708485,-38.60550079009525
Comunidade da Carroça,BONSUCESSO,CV,-3.778679,-38.58943433152045
Cemitério,MESSEJANA,CV,-3.8360235,-38.4918284115426
Santa Rosa- Messejana,COAÇU,CV,-3.846108,-38.47351265004486
Comunidade Pôr do Sol,COAÇU,CV,-3.8500604999999997,-38.47410337224714
Arrebol,COAÇU,CV,-3.841285,-38.471130851837074
Comunidade Renascer,SÃO BENTO,CV,-3.8498845,-38.48103081146064
Comunidade do S,PAUPINA,CV,-3.8678135,-38.494315371959026
Comunidade do Arroz,SÃO BENTO,CV,-3.8537714999999997,-38.482051844546746
CAMPO ,SÃO BENTO,CV,-3.850747,-38.48463752596538
Comunidade da Granjinha- Planalto Pici,PICI,CV,-3.754951,-38.577411479874776
Comunidade PSD,PICI,CV,-3.756914,-38.57748653465765
Comunidade do Campinho (Bela Vista),PICI,CV,-3.748277,-38.568303807421465
Jacaré (Bela Vista),BELA VISTA,CV,-3.753585,-38.56138433580783
Malvina (Bela Vista),BELA VISTA,CV,-3.7519004999999996,-38.56394590686621
Mercado Bela Vista,COUTO FERNANDES,CV,-3.7562670000000002,-38.55897509437736
Vila dos Operários,PARQUELÂNDIA,CV,-3.7390090000000002,-38.55827456890674
Comunidade Tiofim,PARQUE ARAXÁ,CV,-3.736151,-38.55265314457472
Favelinha Parquelândia,AMADEU FURTADO,CV,-3.747163,-38.561291458417884
Canal,RODOLFO TEÓFILO,CV,-3.7438705,-38.54742457377049
Comunidade do Bloco,RODOLFO TEÓFILO,CV,-3.7415789999999998,-38.551056543715845
Gongon ou Gonçalves Dias ,RODOLFO TEÓFILO,CV,-3.7431479999999997,-38.55415375936768
Forró da Bala,AMADEU FURTADO,CV,-3.7483940000000002,-38.55834292337884
Portelinha (Alto do Bode),AUTRAN NUNES,CV,-3.7498620000000003,-38.59526121314741
Carandiru (Alto do Bode),AUTRAN NUNES,CV,-3.7572764999999997,-38.594097862257854
Gereberaba,SABIAGUABA,CV,-3.8019695000000002,-38.4333892190027
Sem Terra,MERUOCA,CV,-3.6933645000000004,-40.36523706593657
Alto Novo,MERUOCA,CV,-3.6934665,-40.36127483894593
Alto Cristo,MERUOCA,CV,-3.6872724999999997,-40.359323861651475
Tamarindo ,MERUOCA,CV,-3.694071,-40.35345295873287
Mucambinho,MERUOCA,CV,-3.6829825,-40.369116444304254
Parque Silvana,MERUOCA,CV,-3.67318,-40.35290108621071
Alto da Expectativa,MERUOCA,CV,-3.675011,-40.34815998108747
Rua da Lama,MERUOCA,CV,-3.677673,-40.346580265768196
Novo Recanto,MERUOCA,CV,-3.6636755,-40.33944704314814
Coxinha,MERUOCA,CV,-3.6778145,-40.376427679481345
Santo Antônio,SOBRAL,CV,-3.7054595,-40.340732693627444
Sinhá Saboia,SOBRAL,CV,-3.7067535,-40.33444980325609
COHAB I,SOBRAL,CV,-3.707768,-40.33211413030661
Jatobá ,SOBRAL,CV,-3.704791,-40.32839429496403
COHAB II,SOBRAL,CV,-3.702336,-40.332481697602624
Patrícia Gomes,URUCUTUBA,CV,-3.75795,-38.65095808954777
Alto Alegre I,ALTO ALEGRE II,CV,-3.8377665,-38.61218983035327
Favela da Invasão ,DIF III,CV,-3.8438594999999998,-38.560144776262966
Comunidade Olical,BARRA DO CEARÁ,CV,-3.709943,-38.575422529481614
Distrito de Pecém,PARACURU,CV,-3.553209,-38.83296065395794
Comunidade Riacho Doce- Barra do Ceará,BARRA DO CEARÁ,CV,-3.7110130000000003,-38.58621582230175
Comunidade da Boba,FÁTIMA,CV,-3.7590510000000004,-38.527571521739134
Comunidade Graviolas,PRAIA DE IRACEMA,CV,-3.7250560000000004,-38.51496806508203
Comunidade Legião,FARIAS BRITO,CV,-3.7277135,-38.546686461376495
Comunidade Tupiniquim,FLORESTA,CV,-3.724044,-38.57128241638955
Aeroporto,AEROPORTO,CV,-3.7702845,-38.54488562994543
São Mateus,PARREÃO,CV,-3.7609315,-38.538895416
Cidade de Camocim,CAMOCIM,CV,-2.9013995,-40.8521068081746
Cidade de Massapê,MASSAPÊ,CV,-3.523683,-40.34173797068112
Cidade de Uruoca,SENADOR SÁ,CV,-3.3136395,-40.559527433199776
Cidade de Martinópole,MARTINÓPOLE,CV,-3.2254025,-40.695194287234045
Cidade de Morrinhos,MORRINHOS,CV,-3.2307275,-40.1204569127907
Cidade de Bela Cruz ,ACARAU,CV,-3.059576,-40.1714791455718
Cidade de Jericoacoara,JIJOCA DE JERICOACOARA,CV,-2.8924545,-40.462139299438505
Cidade de Umirim ,UMIRIM,CV,-3.6766959999999997,-39.346823216696734
Cidade de Uruburetama,URUBURETAMA,CV,-3.623227,-39.50691104402428
Distrito de São Jerônimo,GUAIÚBA,CV,-4.0802605,-38.701526507442495
Cidade de Chorozinho,CHOROZINHO,CV,-4.2948755,-38.49775357891157
Gamaleira,HORIZONTE,CV,-4.1070265,-38.49849982378473
Catolé,HORIZONTE,CV,-4.075209,-38.50955086124229
Buenos Aires II,HORIZONTE,CV,-4.0978460000000005,-38.50685747361733
Queimados,HORIZONTE,CV,-4.1327435,-38.50041018877717
CDD,HORIZONTE,CV,-4.125852,-38.50235700826599
Vila Nascimento,HORIZONTE,CV,-4.103975,-38.49684334917356
Dourados,HORIZONTE,CV,-4.1017785,-38.45448225423181
Coqueiros,HORIZONTE,CV,-4.1103179999999995,-38.44413293408847
Mercado,HORIZONTE,CV,-4.10524,-38.491313361675125
Rafael Santos,HORIZONTE,CV,-4.0936375,-38.500548558216934
Cumaru,PACAJUS,CV,-4.1915215,-38.467672882927715
COHAB,PACAJUS,CV,-4.1828375,-38.46882074792589
Banguê II,PACAJUS,CV,-4.185546,-38.471311067801864
Vila Diogo,PACAJUS,CV,-4.1869705,-38.476613331461294
Condomínios,PACAJUS,CV,-4.1803345,-38.47348850516944
Dedé Gama,PACAJUS,CV,-4.1784575,-38.47025880733053
Granja,GRANJA,CV,-4.1895695,-38.462900069072
Pajeú,PACAJUS,CV,-4.1882815,-38.45565962080548
Banguê I,PACAJUS,CV,-4.1847069999999995,-38.459783252366336
Aldeia Park,PACAJUS,CV,-4.1792055,-38.45813854580809
Planalto Popular,PACAJUS,CV,-4.175608,-38.45520896548871
Cruz das Almas,PACAJUS,CV,-4.166677,-38.45635646764106
Croata I,PACAJUS,CV,-4.167022,-38.45304483726433
Cavalaria,PACAJUS,CV,-4.178312,-38.51793049615806
Bairro Limoeiro,HORIZONTE,CV,-4.164278,-38.42368517622606
Mangabeira,HORIZONTE,CV,-4.153388,-38.39988963333333
Itaipaba,ACARAPE,CV,-4.185887,-38.58543463200935
Pascoal,PACAJUS,CV,-4.223929500000001,-38.5738045348104
Cidade de Caridade,CARIDADE,CV,-4.2309705,-39.197030655963374
Comunidade da Baixada,EDSON QUEIROZ,CV,-3.769978,-38.47071729631972
Comunidade do Rato,JARDIM CEARENSE,CV,-3.8074595,-38.563123165642075
Comunidade Alto da Paz,JARDIM CEARENSE,CV,-3.8048665,-38.560065306122446
Itaperi,ITAPERI,CV,-3.8128315,-38.56284403488101
Comunidade Barracal,JARDIM CEARENSE,CV,-3.8036595,-38.567406407386656
Vila Nova - Parangaba,PARANGABA,CV,-3.779173,-38.565800720244425
Marechal Benfica,BENFICA,CV,-3.7390645,-38.53629199148983
Baixada- Otávio Bonfim,PARQUE ARAXÁ,CV,-3.733904,-38.54580712941977
Lagoa Seca de Maraponga,MARAPONGA,CV,-3.788805,-38.56197244024045
Buraco da Gia- Benfica,BENFICA,CV,-3.7368985,-38.53792724162827
Itaoca,ITAOCA,CV,-3.7751099999999997,-38.5557183539532
Área Verde,PARQUE ALBANO,CV,-3.7561115000000003,-38.61021840230728
Cidade de Acarape,ACARAPE,CV,-4.2199635,-38.70394809856376
Irauçuba,IRAUÇUBA,CV,-3.7505045,-39.78109696402983
Alto Luminoso,PINDORETAMA,CV,-4.140422,-38.246717479729725
Bessalandia,PINDORETAMA,CV,-4.127449,-38.24291813012044
Cohab de Cascavel,PINDORETAMA,CV,-4.1395865,-38.234071178275514
Lotemenento Espaço Nobre,PINDORETAMA,CV,-4.115337,-38.24105045621846
Mataquiri,PINDORETAMA,CV,-4.1148035,-38.262885634966125
Coaçu,COAÇU,CV,-4.11764,-38.22616050337852
Rio Novo,PINDORETAMA,CV,-4.1341055,-38.24429452356307
Vila Pacheco,PINDORETAMA,CV,-4.114174,-38.248306277909066
Araras,PIRES FERREIRA,CV,-4.1917955,-40.47765865963921
Tijucussu 1,PINDORETAMA,CV,-4.0865045,-38.248501346868366
Planalto - Cascavel,PINDORETAMA,CV,-4.1229890000000005,-38.24679768556895
Barra Nova,PINDORETAMA,CV,-4.0997385,-38.15378826716751
Bairro Emprestimos,PIRES FERREIRA,CV,-4.187424,-40.485809103145236
Cidade de Reriutaba,RERIUTABA,CV,-4.13884,-40.57859254169662
Santa Quitéria,SANTA QUITÉRIA,CV,-4.3364294999999995,-40.154283429722554
Cidade de Catunda,CATUNDA,CV,-4.6491105,-40.199265222473606
Cidade de Nova Russas,NOVA RUSSAS,CV,-4.7080175,-40.56549374095322
Cidade de Tejuçuoca,TEJUÇUOCA,CV,-3.9879685,-39.580169329715446
15 de Novembro,PENTECOSTE,CV,-3.7930064999999997,-39.25795141246407
Vila de Jericoacoara,JIJOCA DE JERICOACOARA,CV,-2.796309,-40.51364993922262
Preá,JIJOCA DE JERICOACOARA,CV,-2.8217805,-40.40805330745264
Morgado,CRUZ,CV,-2.824955,-40.27708029041132
Pedras,PEDRAS,CV,-3.8843175,-38.5077171820208
Encantada,COAÇU,CV,-3.8505945,-38.45307104429304
Comunidade Bragança,GRANJA PORTUGAL,CV,-3.776453,-38.59648271836555
Comunidade da Mata- João XXIII,JOÃO XXIII,CV,-3.767394,-38.59167499997474
Samambaia Bonsucesso,JOÃO XXIII,CV,-3.774042,-38.591902603308824
Sem Terra- João XXIII,JÓQUEI CLUBE,CV,-3.767887,-38.57647823984772
Comunidade Caramuru,SERRINHA,CV,-3.7921475,-38.5433049161567
Beco da Reta Velha,DEMÓCRITO ROCHA,CV,-3.7590130000000004,-38.56887739454916
Comunidade dos Trilhos,DAMAS,CV,-3.7490115,-38.54845786389585
Comunidade da Tieta,MONTESE,CV,-3.768346,-38.54780547833577
Vila Azul,ITAOCA,CV,-3.7723050000000002,-38.55373274210821
Distrito de Iratinga,ITAPAJÉ,CV,-3.7373184999999998,-39.54862083442811
Tangueira,MARACANAÚ,CV,-3.8968545,-38.677531351679576
Parque São João,MARACANAÚ,CV,-3.899859,-38.67746868042184
Lages,GUAIÚBA,CV,-4.0155935,-38.71156078842306
Outra Banda,MARACANAÚ,CV,-3.881854,-38.6779497822889
Condomínio da Santa,MARACANAÚ,CV,-3.874857,-38.67910986965001
Área Seca,MARACANAÚ,CV,-3.8756209999999998,-38.66503563398959
Distrito de Croatá,SÃO GONÇALO DO AMARANTE,CV,-3.6752575,-39.11609934214039
Pantanal,JOSÉ DE ALENCAR,CV,-3.8094035,-38.47753446994885
Cicol,SÃO GERARDO,CV,-3.729441,-38.554900809712905
Taquari de Bonsucesso ,BONSUCESSO,CV,-3.777393,-38.59288034341826
Campo do Dragao,ITAPERI,CV,-3.7943545,-38.54671230509429
Favela do CK,BARROSO,CV,-3.8180255,-38.51032753790585
Precabura,PRECABURA,CV,-3.8253635,-38.451420754320296
Vila Neuma,IGUATU,CV,-6.3710665,-39.29007055897103
Vila Moura,IGUATU,CV,-6.3700165,-39.28681374131721
Central Picuí,URUCUTUBA,CV,-3.757816,-38.657191264935335
Ponte ,URUCUTUBA,CV,-3.762377,-38.657649882434946
Babilônia do Picuí,URUCUTUBA,CV,-3.7597915,-38.65478477263986
Cidade de Barreira,BARREIRA,CV,-4.288603,-38.64003945519481
Horto- Juazeiro do Norte,JUAZEIRO DO NORTE,CV,-7.183596,-39.33259769425841
Cidade de Meruoca,MERUOCA,CV,-3.5397265,-40.45586562702574
Cidade de Icó,ICÓ,CV,-6.4034465,-38.85924128193898
Cidade de Alcântaras,ALCÂNTARAS,CV,-3.58599,-40.545021421165146
Cidade de Senador Sá,SENADOR SÁ,CV,-3.3491980000000003,-40.465150406197886
Urucara,MARACANAÚ,CV,-3.926345,-38.69272892988039
Tabatinga ,PACATUBA,CV,-3.9545589999999997,-38.693724992569
Gereraú,MARACANAÚ,CV,-3.9423455,-38.68974270917971
Ladeira Grande ,MARANGUAPE,CV,-3.9742835000000003,-38.708074645786425
Vila Nova de Maranguape,MARANGUAPE,CV,-3.9863144999999998,-38.715116613758994
Penedo de Maranguape,MARANGUAPE,CV,-4.0000195000000005,-38.815443161401234
Umarizeiras,MARANGUAPE,CV,-4.006944000000001,-38.72811071648599
Boa Vista dos Vieiras,MARANGUAPE,CV,-4.0212465,-38.71882331504024
Jubaia de Maranguape,GUAIÚBA,CV,-4.052271,-38.71212501812039
Cachoeira- Maranguape,MARANGUAPE,CV,-4.0693315000000005,-38.757514762482494
Ocupação,ITAITINGA,CV,-3.9651725,-38.526072725766554
Jibóia,ITAITINGA,CV,-3.9575955,-38.52852782154793
Angorá de Itaitinga,ITAITINGA,CV,-3.97532,-38.517495533611935
Riachão de Itaitinga,ITAITINGA,CV,-3.9800825,-38.52899826226289
Parque Genezare,ITAITINGA,CV,-3.978349,-38.53817377507161
Pedras- Itaitinga,ITAITINGA,CV,-3.9732754999999997,-38.5416528792873
Gereraú,ITAITINGA,CV,-3.97857,-38.54269278096545
Parque Havaí,EUSÉBIO,CV,-3.9052284999999998,-38.44893587148439
Guaribas,EUSÉBIO,CV,-3.8728815,-38.45991829534715
Olho D'Água,EUSÉBIO,CV,-3.8698705,-38.41807739880228
Timbu,EUSÉBIO,CV,-3.864665,-38.43689050137699
Piçarra,ITAPAJÉ,CV,-3.69079,-39.587041364950224
Conjunto Nova Assunção,BARROSO,CV,-3.8167655,-38.51537033470456
Conjunto Habitacional 1° de Março ou Blocos,BARROSO,CV,-3.8176769999999998,-38.51772741330451
Sítio Estrela,BARROSO,CV,-3.8249455,-38.5137156637618
Tabajara,FORTIM,CV,-4.5541775,-37.766628611111116
Duque de Caxias,FORTIM,CV,-4.5543885,-37.763142839683084
Bairro da Baixada,ARACATI,CV,-4.559145,-37.763427161542396
Vila São Rafael,ARACATI,CV,-4.5579205,-37.75770241666667
Sinal,ARACATI,CV,-4.5618695,-37.76551496120324
Campo Verde,ARACATI,CV,-4.567358499999999,-37.76744667663961
Bairro do Aterro,ARACATI,CV,-4.570834,-37.76652603717472
José de Alencar,JOSÉ DE ALENCAR,CV,-4.572158,-37.76909970352917
Gruta,ARACATI,CV,-4.572833,-37.76793868778721
Castelo,ARACATI,CV,-4.572292,-37.772366817829464
Beco do Siri,ARACATI,CV,-4.573481,-37.77403222253582
Comunidade da Prescilha,ARACATI,CV,-4.5760749999999994,-37.76358912599049
Comunidade do Velame,FORTIM,CV,-4.5664565,-37.775001085227274
Vila São Cristóvão ,ARACATI,CV,-4.574577,-37.77674635477533
Vila São José,ARACATI,CV,-4.5844465,-37.77580122099402
Cajueiro,ARACATI,CV,-4.591009,-37.738963407659575
Córrego Rodrigues,ARACATI,CV,-4.5579535,-37.72188170150052
Periferia de Canoa Quebrada,ARACATI,CV,-4.5277555,-37.703354355538465
Majorlândia,ARACATI,CV,-4.5543665,-37.675224676961605
Quixabá,ARACATI,CV,-4.5719445,-37.657417294953596
Alto do Bernardo,ITAPAJÉ,CV,-3.681071,-39.590439152951696
Bela Vista- Itapajé,ITAPAJÉ,CV,-3.681466,-39.58073450352113
Bairro Rodoviária,TIANGUA,CV,-3.7152060000000002,-40.98408594057124
Tianguazinho,TIANGUA,CV,-3.7229435,-40.98182077894289
Ferros,ITAPAJÉ,CV,-3.7029535,-39.57347306879036
Cidade de Ubajara,UBAJARA,CV,-3.8528045,-40.92145233088235
Cidade de Guaramiranga,GUARAMIRANGA,CV,-4.260816999999999,-38.934218584363364
Armador,ITAPAJÉ,CV,-3.728778,-39.6478063010059
Barateiro,ITAPAJÉ,CV,-3.693469,-39.60242652870494
Padre Lima,ITAPAJÉ,CV,-3.734503,-39.54737957390353
Padre Manoel Lima e Silva,ITAPAJÉ,CV,-3.6967885000000003,-39.57990307439066
Pau Ferrado,ITAPAJÉ,CV,-3.6774085000000003,-39.59668254215977
Toco- Caucaia,URUCUTUBA,CV,-3.7822485,-38.67323115137095
Carrapicho- Caucaia,URUCUTUBA,CV,-3.782721,-38.68553112837573
Cidade de Ocara,OCARA,CV,-4.489912500000001,-38.59645293206833
Cidade de Guaciraba do Norte,GRAÇA,CV,-4.161015,-40.75289011039787
Comunidade do Mangueiral - Quintino Cunha,OLAVO OLIVEIRA,CV,-3.7350285,-38.59374924459274
Cidade de Moraújo,MORAÚJO,CV,-3.4658865,-40.677670746001226
Cidade de Farias Brito,ALTANEIRA,CV,-6.9282474999999994,-39.5717895
Bairro Arariranha- Varjota,PIRES FERREIRA,CV,-4.2022825,-40.464213780172415
Urucunema,EUSÉBIO,CV,-3.911195,-38.45470261828821
Comunidade Raquel,GRANJA LISBOA,CV,-3.7929785000000003,-38.62586630581094
Comunidade das Antenas,HENRIQUE JORGE,CV,-3.7660834999999997,-38.58076391611842
Comunidade do Capim,HENRIQUE JORGE,CV,-3.7632575,-38.594054305713385
Santo Amaro- Bom Jardim,BOM JARDIM,CV,-3.798435,-38.60301416751901
Comunidade João XXIII,JOÃO XXIII,CV,-3.7727585,-38.58459347751392
Comunidade do Polo da Barra,BARRA DO CEARÁ,CV,-3.696219,-38.58447783205443
Comunidade Coelho Neto ou Vila Amarela,FLORESTA,CV,-3.7151680000000002,-38.57626549554942
Conjunto 7 Prédios,BARRA DO CEARÁ,CV,-3.705647,-38.583308838070664
Comunidade do Gato Morto,BARRA DO CEARÁ,CV,-3.7065845,-38.588795533459596
Esplanada do Araturi,MARECHAL RONDON,CV,-3.767589,-38.63000694492254
Comunidade do 14,MARECHAL RONDON,CV,-3.7690200000000003,-38.626569599814125
Comunidade Grafiteiros,BARRA DO CEARÁ,CV,-3.710839,-38.58038893014142
Comunidade do Areal,AEROLÂNDIA,CV,-3.7784195,-38.512517757736155
Favelinha- Aerolândia,AEROLÂNDIA,CV,-3.7775145,-38.51426623578887
Beco do Melão (Complexo do Pirambu),PIRAMBU,CV,-3.7109515,-38.5557016037296
Felipe Camarão (Complexo do Pirambu),PIRAMBU,CV,-3.710334,-38.55413709444905
Comunidade do Caldeirão (Complexo do Pirambu),PIRAMBU,CV,-3.7100210000000002,-38.55164647811816
Favelinha (Comunidade Izabel),CRISTO REDENTOR,CV,-3.7062425,-38.55918049321113
Gesso- Crato,CRATO,CV,-7.2317415,-39.40418418932322
Comunidade Graça Aranha,FLORESTA,CV,-3.715729,-38.57475171843076
Nova Metrópole I,URUCUTUBA,CV,-3.765475,-38.65441725734256
Nova Metrópole II,URUCUTUBA,CV,-3.772786,-38.654354627906976
Nova Metrópole V,URUCUTUBA,CV,-3.772819,-38.65805490668475
Conjunto Nova Metrópole,URUCUTUBA,CV,-3.767627,-38.658062376727955
Eldorado,URUCUTUBA,CV,-3.7745455,-38.64843377201258
Lagoinha,EUSÉBIO,CV,-3.8944345,-38.43832489181632
Buenos Aires I,HORIZONTE,CV,-4.108301,-38.50643820635264
Comunidade da Vertical (Complexo da Rosalina),PASSARÉ,CV,-3.8093845,-38.53887032601318
Sítios Novos- Caucaia,CAUCAIA,CV,-3.7449174999999997,-38.951714218611436
Aerolândia,AEROLÂNDIA,CV,-3.7743735000000003,-38.514299677311
Blocos- Paupina,COAÇU,CV,-3.8472210000000002,-38.48161743536404
Conjunto Habitacional da Rosalina (Complexo da Rosalina),PARQUE DOIS IRMĂOS,CV,-3.8092085,-38.54718783366599
Alto de Santa Rita- Redenção,REDENÇÃO,CV,-4.221691,-38.73041709337875
Distrito de Antônio Diogo,REDENÇÃO,CV,-4.3179765,-38.74225655061949
Comunidade da Lagoa- Parangaba,PARANGABA,CV,-3.7712315,-38.56337270031284
Beco do Porte,PARANGABA,CV,-3.77914,-38.569562657660455
Comunidade do Multirão- Paranguaba,PARANGABA,CV,-3.778555,-38.57594556502242
Boqueirão- Caucaia,CAUCAIA,CV,-3.7256650000000002,-38.76734659426866
Comunidade do Alfavila,OLAVO OLIVEIRA,CV,-3.7312815,-38.58596338962022
Alto do Bode,AUTRAN NUNES,CV,-3.753444,-38.5962852423611
Brejo,EUSÉBIO,CV,-3.8567535,-38.45712929813025
Tamatanduba,SANTA CLARA,CV,-3.8735144999999997,-38.47128923711857
Santa Luzia,PEDRAS,CV,-3.8892605,-38.50987151449276
Coimbra (Complexo do Pirambu),CRISTO REDENTOR,CV,-3.7068075,-38.560593773047565
Planalto- Beberibe,CASCAVEL,CV,-4.180161,-38.143547833591356
Planalto Novo- Beberibe,CASCAVEL,CV,-4.1836590000000005,-38.14240391207197
COHAB- Beberibe,CASCAVEL,CV,-4.182163,-38.127612284905474
Praia das Fontes ,CASCAVEL,CV,-4.185195,-38.09552309392524
Cidade de Palmácias,PALMÁCIA,CV,-4.147291,-38.84889892929293
Cidade de Mulungu,MULUNGU,CV,-4.306894,-38.99794296511628
Comunidade Cidade de Deus 1,PARQUE SANTA MARIA,CV,-3.844939,-38.499883530982906
Monte (Canindé),CANINDÉ,CV,-4.360272,-39.31991997730585
Beco da Maravilha,MESSEJANA,CV,-3.829054,-38.489061798589546
Cumbuco,IPARANA,CV,-3.6267,-38.728320946079776
Distrito de Taiba,PARACURU,CV,-3.513345,-38.88653545433587
Distrito de Borrachudo,PARACURU,CV,-3.563408,-38.88684954549912
Distrito do Cágado,PARAIPABA,CV,-3.5266525,-39.17572785874239
Distrito de Siupé,PARACURU,CV,-3.5343299999999997,-38.94744666599128
Distrito de Umarituba,SÃO GONÇALO DO AMARANTE,CV,-3.670959,-38.97963446135545
Distrito de Várzea Redonda,SÃO GONÇALO DO AMARANTE,CV,-3.531141,-39.146702974563325
Distrito de Matuões ,CAUCAIA,CV,-3.58447,-38.827396366346655
Distrito de Bolso,CAUCAIA,CV,-3.6216155,-38.8574271884405
CiIdade de São Gonçalo do Amarante (SGA),SÃO GONÇALO DO AMARANTE,CV,-3.610337,-38.966456902079884
Vila Inês,JARDIM IRACEMA,CV,-3.7270114999999997,-38.58016712099339
Comunidade do BC (Padre Andrade),PADRE ANDRADE,CV,-3.729816,-38.57881342070729
Distrito de Sucatinga,BEBERIBE,CV,-4.2607035,-38.05169310827085
Cidade de Fortim ,FORTIM,CV,-4.453645,-37.79681053941606
Distrito de Cacimbinha,SOBRAL,CV,-3.8051785000000002,-40.203796668120766
Comunidade Sitiozinho - Paupina,SÃO BENTO,CV,-3.8497985,-38.48758829707935
BURACÃO,SÃO BENTO,CV,-3.8479305,-38.48525798960303
Comunidade Liberdade,PAUPINA,CV,-3.8635295000000003,-38.493878801025645
Comunidade da Paz,PAUPINA,CV,-3.869958,-38.491566497778855
Comunidade Cristo Redentor,PAUPINA,CV,-3.8707095000000002,-38.4930260718295
Comunidade Coração de Jesus,BARROSO,CV,-3.8196104999999996,-38.51745960840893
Conjunto Vitória ,ANCURI,CV,-3.8584115,-38.50438175417019
Comunidade Caneco Amassado - Santa Maria,PAUPINA,CV,-3.8609935,-38.49951306904869
Comunidade Espaço Verde- Santa Maria,PARQUE SANTA MARIA,CV,-3.8527515,-38.49801548806435
Comunidade do Viaduto- Santa Maria,PARQUE SANTA MARIA,CV,-3.8510204999999997,-38.49702856784583
Comunidade da Areninha- Barroso,BARROSO,CV,-3.8234364999999997,-38.509224761061944
Conjunto Fernando de Noronha,PAUPINA,CV,-3.854103,-38.49101834544062
Favela do Pacote,ANCURI,CV,-3.8632575,-38.5095429474207
João Alfredo- Santana do Acaraú,SANTANA DO ACARAÚ,CV,-3.4706205,-40.21284249874635
Cidade de Graça,GRAÇA,CV,-4.042299,-40.752520050219566
PACUJÁ,PACUJÁ,CV,-3.982142,-40.698995371284326
Cidade de Mucambo,MUCAMBO,CV,-3.904511,-40.745551379999995
AP do Parque Albano,PARQUE ALBANO,CV,-3.7546585,-38.61414536479674
Comunidade do 5 (Presidente Kennedy),PRESIDENTE KENNEDY,CV,-3.7273709999999998,-38.57245743548387
Cidade de Saboeiro,SABOEIRO,CV,-6.5368845,-39.90311544957961
Cidade de Frecheirinha,FRECHEIRINHA,CV,-3.7592119999999998,-40.81749064797508
Alto do Cruzeiro- Senador Pompeu,SENADOR POMPEU,CV,-5.584097,-39.378789160194174
Pantanal- Senador Pompeu,SENADOR POMPEU,CV,-5.5834775,-39.38197114677419
Caracará- Senador Pompeu,SENADOR POMPEU,CV,-5.5814765,-39.370074209598855
Alto São José- Senador Pompeu,SENADOR POMPEU,CV,-5.576151,-39.367141466873306
Cidade de Cruz,ACARAÚ,CV,-2.918514,-40.18123818375824
Cidade de Marco,MARCO,CV,-3.121187,-40.15386818481595
Conjunto Alvorada,PARQUE MANIBURA,CV,-3.7915935,-38.476046597537035
Favelinha - Barroso,BARROSO,CV,-3.8284455,-38.50883730912162
Cidade de Itatira,ITATIRA,CV,-4.5296775,-39.62048332957136
Comunidade do Cachorro Morto- Sapiranga,PARQUE MANIBURA,CV,-3.7912615,-38.479468604072395
Riacho Doce- Sapiranga,PARQUE MANIBURA,CV,-3.7951309999999996,-38.4792610690709
Distrito de Candeia de Baixo,REDENÇÃO,CV,-4.274679,-38.83465104467088
Distrito de Prainha,AQUIRAZ,CV,-3.903238,-38.34862622984441
Alto Alegre- Aquiraz,AQUIRAZ,CV,-3.905442,-38.393305317683414
Vila da Tapa,COUTO FERNANDES,CV,-3.7575845,-38.5557884977101
Cajueiros,MARECHAL RONDON,CV,-3.776443,-38.631732276614564
Mercado Velho,FARIAS BRITO,CV,-3.7273285,-38.54247056563328
Distrito de Água Verde - Guaiuba,GUAIÚBA,CV,-4.154158499999999,-38.68180722998349
Beco dos pintos,FARIAS BRITO,CV,-3.7354450000000003,-38.54120655936278
Ap Jana Barroso,RACHEL DE QUEIROZ,CV,-3.8008930000000003,-38.55617586147976
venceslau,CAMBEBA,CV,-3.8100565,-38.4813102701788
Comunidade da Mimosa,MARAPONGA,CV,-3.7955955,-38.5672456815289
Ap´s Acaracuzinho - ÁGUAS DE JAÇANÃ,ALTO ALEGRE II,CV,-3.845177,-38.62240587486133
Pacoti,PACOTI,CV,-4.2264175,-38.92059631275096
Jaçanan,SABIAGUABA,CV,-3.7901249999999997,-38.44479373372979
Castanhola,PARQUE DOIS IRMĂOS,CV,-3.8147955,-38.55442993598234
Comunidade da maravilha,ALTO DA BALANÇA,CV,-3.7588464999999998,-38.52137841703418
Comunidade Santa Rita,BARROSO,CV,-3.8267225,-38.521711158652394
Jagatá - Castelão,BOA VISTA/CASTELÃO,CV,-3.7970924999999998,-38.52838821851995
Comunidade ABC - Quintino Cunha,QUINTINO CUNHA,CV,-3.732296,-38.60199338939385
Cidrião,DIAS MACÊDO,CV,-3.794775,-38.53037254139414
Aldeia,CURIÓ,CV,-3.825103,-38.47486274758781
Comunidade Língua da Cobra,BARRA DO CEARÁ,CV,-3.696349,-38.58000551470589
Comunidade São Antonio,BARRA DO CEARÁ,CV,-3.6966989999999997,-38.58221609327519
Comunidade São Pedro,BARRA DO CEARÁ,CV,-3.695925,-38.58178900321889
Cajazeiras,CAJAZEIRAS,CV,-3.7999609999999997,-38.50991813461538
Comunidade do Gueto,BARRA DO CEARÁ,CV,-3.7085185,-38.581801440575475
Beco da 20 ,BARRA DO CEARÁ,CV,-3.7060424999999997,-38.58234054977257
Comunidade do Posto,BARROSO,CV,-3.8282525,-38.525154766171326
Beco da Praça,FÁTIMA,CV,-3.7468624999999998,-38.52640460082504
Cidade Jardim II,PREFEITO JOSÉ WALTER,CV,-3.8429585,-38.552781657032
Piçarra,JARDIM IRACEMA,CV,-3.7144555,-38.58247761425428
Conjunto Comando Vermelho,ÁLVARO WEYNE,CV,-3.7129145,-38.57423904833636
Guanaces,PINDORETAMA,CV,-4.146576,-38.32874297699914
Comunidade do Presídio,RACHEL DE QUEIROZ,CV,-3.805377,-38.55628175583897
Beco da disbece,VILA PERI,CV,-3.7825189999999997,-38.574684279981966
Distrito de Paripueira,FORTIM,CV,-4.372215000000001,-37.92418796149896
Comunidade do Paredão,GRANJA PORTUGAL,CV,-3.7848255,-38.603223353674316
Praia da Redonda - Icapuí,ICAPUÍ,CV,-4.6505209999999995,-37.47504666666667
Vila Rola ,FLORESTA,CV,-3.712679,-38.57660813125348
Coqueiral,JOSÉ DE ALENCAR,CV,-3.816142,-38.471717170539385
Planalto,PENTECOSTE,CV,-3.7949015,-39.27474035177108
Favela do Capinzal,OLAVO OLIVEIRA,CV,-3.7308005,-38.5905497506978
Campo do Guanabara,JARDIM GUANABARA,CV,-3.724977,-38.59363180171199
Buraco do Céu ,CRISTO REDENTOR,CV,-3.7069525,-38.56490878483271
Cidade de Ipueiras ,IPUEIRAS,CV,-4.5379345,-40.718768052908786
Jenipapeiro - Aquiraz,AQUIRAZ,CV,-3.971608,-38.40694192259697
Comunidade do gato morto - Sobral,MERUOCA,CV,-3.6742600000000003,-40.37499016380839
Cidade de Tururu,TURURU,CV,-3.600755,-39.43546777413762
Praia de Uruaú,BEBERIBE,CV,-4.2245805,-38.04465187449933
Beco da Sodine,PARREÃO,CV,-3.759463,-38.53154133670034
Bairro Alto do Bode - Itaitinga,PEDRAS,CV,-3.922022,-38.54877445329181
Carapió - Itaitinga,ITAITINGA,CV,-3.965347,-38.55383438253798
Distrito de Juriatinha,ACARAÚ,CV,-2.8989005,-40.004212599587916
Bairro Pedragal - Santana do Acaraú,SANTANA DO ACARAÚ,CV,-3.460445,-40.20044706594349
Cidade de Cariús,CARIÚS,CV,-6.534705000000001,-39.497408168348045
Morrinhos - Aracati,ARACATI,CV,-4.6356234999999995,-37.74415354438701
Distrito de Logradouro - Itaiçaba,ITAIÇABA,CV,-4.726433,-37.778326185225694
Tabapuá,TABAPUÁ,CV,-3.740063,-38.612434744609246
Aldeia,SAPIRANGA / COITÉ,CV,-3.8048469999999996,-38.455627134546084
Beco do 12,LAGOA REDONDA,CV,-3.8095985,-38.45221237758389
Comunidade das Quadras,PRECABURA,CV,-3.8171345,-38.43515523999372
Papoco - Mucunã,MARACANAÚ,CV,-3.8537204999999997,-38.651118835417705
Taquara - Caucaia,URUCUTUBA,CV,-3.819832,-38.66204813641304
Comunidade da Central  - Jaçanaú,MARACANAÚ,CV,-3.841667,-38.642730259410435
Baixa Da Jumenta - Maraponga,PARANGABA,CV,-3.784447,-38.57091035515218
Beco do Canal - Maraponga,JARDIM CEARENSE,CV,-3.7995965,-38.56241922297074
Alto da alvorada - Mucunã ,MARACANAÚ,CV,-3.844607,-38.661673195606696
Beco Do Cu,SAPIRANGA / COITÉ,CV,-3.7952125,-38.46808265733376
Tamboril,TAMBORIL,CV,-4.8357835,-40.32402106592025
Granja Portugal,GRANJA PORTUGAL,CV,-3.7789495,-38.60260644707184
Comunidade dos Indios - Passaré,SERRINHA,CV,-3.7924705,-38.539893866362505
Comunidade do Come Queto,ITAPERI,CV,-3.791845,-38.546007544316105
Abreulandia,CARARU,CV,-3.8118965,-38.41225664053193
Comunidade Isabelzinha,LAGOA REDONDA,CV,-3.8229165,-38.45554728974432
10,CURIÓ,CV,-3.8233775,-38.470671522520576
Alto do Bode - Redenção,REDENÇÃO,CV,-4.231588,-38.72627876361936
Boa Fé - Redenção,REDENÇÃO,CV,-4.240552,-38.72676063113783
Comunidade dos Cariocas - Caucaia,MARECHAL RONDON,CV,-3.7793745,-38.631213609798365
Multirão - itaitinga,ITAITINGA,CV,-4.002528,-38.51766125
laje dos gatos - itaitinga,ITAITINGA,CV,-3.9969735,-38.517686425474956
Canal,SIQUEIRA,CV,-3.7991715,-38.61243961145251
Apuiarés,APUIARÉS,CV,-3.9447175,-39.43202582611829
Estádio ,CRATEÚS,CV,-5.169776000000001,-40.66304133095602
Comunidade da Ilha,CRATEÚS,CV,-5.1694365,-40.666595598530904
Lages,JAGUARIBARA,CV,-5.4657205,-38.47334357815839
Vila Marizera,JAGUARIBARA,CV,-5.4677395,-38.45280899276983
Gruta - Colônia ,MARACANAÚ,CV,-3.8848814999999997,-38.64153473372807
Pires Ferreira,PIRES FERREIRA,CV,-4.245874000000001,-40.64822390409195
Campos Belos,CARIDADE,CV,-4.095076000000001,-39.057916087449
Buriti,JOSÉ DE ALENCAR,CV,-3.809489,-38.465143062251
Estação Rachel de Queiroz,ALTO ALEGRE II,CV,-3.850888,-38.60919353848064
Beco da Bomba - Sabiaguaba,SABIAGUABA,CV,-3.8101269999999996,-38.427408785665556
Invasão - Sabiaguaba,SABIAGUABA,CV,-3.8084495,-38.43135027105052
Via Urbana,JOSÉ DE ALENCAR,CV,-3.8065085,-38.467906765355806
Veneza,SANTANA DO ACARAÚ,CV,-3.45277,-40.20118428716745
Bairro da Baixa,SANTANA DO ACARAÚ,CV,-3.461827,-40.20789131083991
Rua da Bosta - Alto da Liberdade ,SANTANA DO ACARAÚ,CV,-3.456945,-40.20677142974294
Croatá,CROATÁ,CV,-4.4167760000000005,-40.905357341418885
Altamira,CRATEÚS,CV,-5.1756765,-40.67416757422508
Munduca,SANTA QUITÉRIA,CV,-4.3045195,-40.150485800538775
Recanto,MERUOCA,CV,-3.6694820000000004,-40.341075311251586
Viçosa do Ceará ,VICOSA DO CEARA,CV,-3.5693485000000003,-41.090519377614655
Mutirão ,CRATO,CV,-7.244667,-39.41312910392482
Vila Machado,PEDRAS,CV,-3.8983525,-38.516733625859345
Barrocao,PEDRAS,CV,-3.9176960000000003,-38.5034140384447
COMUNIDADE DO ÓLEO - CAMPO DO ESTRELA,BARROSO,CV,-3.8293785,-38.516318531940854
Comunidade do Torino,BARROSO,CV,-3.8313705000000002,-38.51574001868753
Comunidade do Alto - Santa fé,ANCURI,CV,-3.858209,-38.506790249999995
Comunidade das cobras,PARQUE SANTA MARIA,CV,-3.8473185,-38.50078983956044
Mutirão ,PARQUE DOIS IRMĂOS,CV,-3.8117215,-38.556195351902176
Tarrafas,TARRAFAS,CV,-6.68441,-39.75618968871129
Camará,AQUIRAZ,CV,-3.9558470000000003,-38.46842297576296
Nova Belém - Icapui,ICAPUÍ,CV,-4.7083189999999995,-37.494014392529586
P.F,EUSÉBIO,CV,-3.8647,-38.447084981329695
Ouro Verde,EUSÉBIO,CV,-3.856812,-38.44689018651087
Quadras,EUSÉBIO,CV,-3.863191,-38.458036602556234
Final da Linha,FLORESTA,CV,-3.7173645000000004,-38.577714977638635
Comunidade do Jacaré,COAÇU,CV,-3.8482875,-38.48089129966074
Vila do Felix - Beberibe,BEBERIBE,CV,-4.513702,-38.18288922529632
Mangue Seco,JIJOCA DE JERICOACOARA,CV,-2.843005,-40.55660370766222
Curva da Viúva ,CIDADE NOVA,CV,-3.8414595,-38.563616475743245
Anario Braga ,ANTÔNIO BEZERRA,CV,-3.7359285,-38.592054875174554
Barreiros,PARQUE ALBANO,CV,-3.7520335,-38.62551040458819
Pau da Veia,DOM LUSTOSA,CV,-3.749848,-38.58983375357711
Vacaria do Dom Lustosa,DOM LUSTOSA,CV,-3.749957,-38.58871304544556
Campo Grande,URUCUTUBA,CV,-3.7722795,-38.68240725468054
Beco do Suvaco,DOM LUSTOSA,CV,-3.7535885,-38.58397116986755
Comunidade das Casinhas - Paupina,PAUPINA,CV,-3.852036,-38.49046251454561
Bairro Ellery,ELLERY,CV,-3.7216025000000004,-38.56292497046123
Papoco- Montese,ITAOCA,CV,-3.7704995,-38.55885393164933
Comunidade da Tubiacanga,PASSARÉ,CV,-3.8167275,-38.53777609924243
Marrocos,PARQUE DOIS IRMĂOS,CV,-3.817427,-38.542944840326825
Caixa D´agua - Varjota,PIRES FERREIRA,CV,-4.196277,-40.47501958600306
Ararinha - Varjota,PIRES FERREIRA,CV,-4.201653,-40.47587390186916
Arianópolis - Caucaia,URUCUTUBA,CV,-3.7647120000000003,-38.648690383091235
Praia do Japão - Aquiraz,AQUIRAZ,CV,-3.8944995000000002,-38.3563815609956
Caixa d' Água,SERRINHA,CV,-3.782505,-38.543668320629365
Condomínios,MARECHAL RONDON,CV,-3.778231,-38.63266647563515
Tucunduba,CAUCAIA,CV,-3.872173,-38.75222757941733
Complexo da Areninha,AUTRAN NUNES,CV,-3.7515349999999996,-38.60084699049847
Comunidade da Fumaça ,SÃO MIGUEL,CV,-3.7461089999999997,-38.599622812223856
Pracinha,MARECHAL RONDON,CV,-3.777801,-38.618678237981385
Samassa,RODOLFO TEÓFILO,CV,-3.7450355,-38.55246534973924
Comunidade do Riacinho,DEMÓCRITO ROCHA,CV,-3.7632955,-38.56433898514428
Beco da Betânia ,PARANGABA,CV,-3.784089,-38.56257552777778
VP,ITAPERI,CV,-3.7915954999999997,-38.55077265656912
Sem Terra,JARDIM IRACEMA,CV,-3.7159965,-38.58468586979083
Travessa do Mal,PANAMERICANO,CV,-3.7572575,-38.567104356785094
Venâncio ,CRATEÚS,CV,-5.1801390000000005,-40.656213891988955
Parque Araxá,PARQUE ARAXÁ,CV,-3.7390505000000003,-38.54507869322444
Comunidade do Serrote - Messejana,PARQUE SANTA MARIA,CV,-3.841724,-38.49104324118699
Sol Nascente - Aquiraz,AQUIRAZ,CV,-3.9162125000000003,-38.377145908273974
Mirante da Serra - Cascavel,PINDORETAMA,CV,-4.1434185,-38.252932522686535
Bairro do Ginasio,TIANGUA,CV,-3.7255010000000004,-40.98633274230769
Alto da Coruja,ITAPERI,CV,-3.787102,-38.55031323097463
Jacarecoara,PINDORETAMA,CV,-4.1178755,-38.175316872019856
Violete ,SÃO GONÇALO DO AMARANTE,CV,-3.672304,-39.07993671015643
Residencial Anacetaba,SÃO GONÇALO DO AMARANTE,CV,-3.594879,-38.96139600635132
Rua da Paz,TIANGUA,CV,-3.711623,-40.97811181408507
Campo do Laurao ,TIANGUA,CV,-3.7278425000000004,-40.988379997334405
Jabuti - Eusébio ,PEDRAS,CV,-3.9294195,-38.50409998534511
São Vicente,TIANGUA,CV,-3.711645,-40.98942747799606
Quatigaba,TIANGUA,CV,-3.674697,-41.06723559607984
Ararendá,ARARENDÁ,CV,-4.751500500000001,-40.8314358360752
Carandiru,VILA UNIĂO,CV,-3.76337,-38.52919034070796
Vacaria do Dom Lustosa,DOM LUSTOSA,CV,-3.7488935000000003,-38.586669894184425
Lagoa Do Urubu - Álvaro Weyne,FLORESTA,CV,-3.7207535,-38.574421210798135
Comunidade São Francisco - Itapajé,ITAPAJÉ,CV,-3.684906,-39.58898915453807
Aps do Inferninho - Vila Velha,VILA VELHA,CV,-3.7189110000000003,-38.60434230356078
Vila Peri,VILA PERI,CV,-3.784549,-38.57532977626988
Comunidade 1 de Abril,BOA VISTA/CASTELÃO,CV,-3.802487,-38.52482782377679
Sem terra ,BOA VISTA/CASTELÃO,CV,-3.8004325,-38.52749863535032
Conjunto Rosa Luxemburgo,SÃO BENTO,CV,-3.8575325,-38.48388619702099
Rua da Torre,FORTIM,CV,-4.5550025000000005,-37.76247319411682
Ipu,IPU,CV,-4.325563,-40.7113184290795
Flecheiras ,TRAIRI,CV,-3.224902,-39.268914473115714
Lagoa Do Mato - Itatira,ITATIRA,CV,-4.6489235,-39.674853366733835
Turiaçu,PARANGABA,CV,-3.7799329999999998,-38.560434393186114
Barra - Fortim,FORTIM,CV,-4.4347005,-37.78501848087461
Maceió - Fortim,FORTIM,CV,-4.408803,-37.78649404853059
Olho D'água - Aracati,ARACATI,CV,-4.644607499999999,-37.59367329686114
Cacimba Funda - Aracati,ICAPUÍ,CV,-4.861095000000001,-37.4592224176931
Morro do Urubu,CRATEÚS,CV,-5.170977000000001,-40.672012389728806
Cohab - Crateús ,CRATEÚS,CV,-5.1568439999999995,-40.66140935911371
Guriú - Camocim,JIJOCA DE JERICOACOARA,CV,-2.8502634999999996,-40.59299396202157
Comunidade Riacho Doce - Bonsucesso,BONSUCESSO,CV,-3.7768154999999997,-38.5894528026126
Viçosa - Fortim,FORTIM,CV,-4.470192,-37.797712408377066
Severino - Uruburetama ,URUBURETAMA,CV,-3.569522,-39.509736366339126
Ceará Brasil,PARQUE SANTA MARIA,CV,-3.8386484999999997,-38.498396496812646
Trizidela - Monsenhor Tabosa ,MONSENHOR TABOSA,CV,-4.787567,-40.05740396403944
Prado - Monsenhor Tabosa ,MONSENHOR TABOSA,CV,-4.7952405,-40.06225397638366
Alto Da Boa Vista,MONSENHOR TABOSA,CV,-4.7936605,-40.06188294640419
Jucás - Monsenhor Tabosa ,MONSENHOR TABOSA,CV,-4.796412500000001,-40.067145963803085
Carrapicho - Monsenhor Tabosa ,MONSENHOR TABOSA,CV,-4.7865245,-40.06966572770468
Quadra - Monsenhor Tabosa ,MONSENHOR TABOSA,CV,-4.7907025,-40.060092746573304
Centro De Monsenhor Tabosa ,MONSENHOR TABOSA,CV,-4.791156,-40.06449335370071
Caixa D'água ,MONSENHOR TABOSA,CV,-4.8012239999999995,-40.06495272945206
Quadras,MONSENHOR TABOSA,CV,-4.793994,-40.05461855507532
Caruaru,PRECABURA,CV,-3.8140644999999997,-38.43121290888552
Mirador - Jurema,MARECHAL RONDON,CV,-3.7756375,-38.6217305348427
Jurema,MARECHAL RONDON,CV,-3.7724155,-38.62037484704124
Comunidade da Feira - Jurema,GUADALAJARA,CV,-3.769947,-38.61793527703985
Beco do Tatu,JANGURUSSU,CV,-3.835267,-38.51438588450293
Comunidade 4 Quadras,FLORESTA,CV,-3.7180445,-38.57595936111111
Comunidade Rua 1,FLORESTA,CV,-3.7192185,-38.57763283871889
Bulandeira ,BATURITÉ,CV,-4.378724500000001,-38.815426616633175
Lama Seca,BARRA DO CEARÁ,CV,-3.7066515,-38.58463176679583
Conj. Palmares,MARECHAL RONDON,CV,-3.7827905,-38.62902943413391
Linha Do Meio ,SAPIRANGA / COITÉ,CV,-3.7992685,-38.462263939674216
São Francisco - Trairí ,TRAIRI,CV,-3.2849934999999997,-39.264472873633906
Vila Nova - Trairí ,TRAIRI,CV,-3.2725790000000003,-39.26911768863921
CDD - Trairí ,TRAIRI,CV,-3.3033415,-39.26683271151267
Gualdrapras - Trairí ,TRAIRI,CV,-3.4039985,-39.295244288323644
Guajiru - Trairí ,TRAIRI,CV,-3.2400320000000002,-39.23433483180378
Crianco - Trairí ,TRAIRI,CV,-3.270167,-39.25629654850347
Cotesa - Trairí ,TRAIRI,CV,-3.269354,-39.26054922998297
Comunidade De Itaperaoba,ITAPERI,CV,-3.7846465,-38.55082089737766
Itacima,PALMÁCIA,CV,-4.1391765,-38.75435404257358
Comunidade Do TA,JOÃO XXIII,CV,-3.7715465000000004,-38.59686671883289
Parque Guadalajara ,GUADALAJARA,CV,-3.7577154999999998,-38.618162309922155
Primeiro de Abril ,BONSUCESSO,CV,-3.782222,-38.59104936738599
Comunidade do Aterro/Ocupação,ANTÔNIO BEZERRA,CV,-3.7457624999999997,-38.59533880631189
Genibaú 1 ,GENIBAÚ,CV,-3.75486,-38.60370486274092
Fazendinha - Santa Maria ,PARQUE SANTA MARIA,CV,-3.853102,-38.503707374717656
Rua Do Moreira - Santa Maria ,PARQUE SANTA MARIA,CV,-3.850955,-38.50103781849315
THS - Santa Maria ,PARQUE SANTA MARIA,CV,-3.8543695,-38.499190676136365
Pracinha - Santa Maria ,PARQUE SANTA MARIA,CV,-3.852711,-38.50109029662005
Comunidade Do HK - Santa Maria ,PARQUE SANTA MARIA,CV,-3.856484,-38.50214784606848
Comunidade Do Santa Maria ,PARQUE SANTA MARIA,CV,-3.858137,-38.500460370399736
Favelinha,QUINTINO CUNHA,CV,-3.7274435,-38.59964192469893
Beco do Rato,JOSÉ BONIFÁCIO,CV,-3.7386915,-38.52830636445352
Salgadeira - Jardim América,JARDIM AMÉRICA,CV,-3.754038,-38.538801322995795
PBT - Jardim América,JARDIM AMÉRICA,CV,-3.7505325000000003,-38.539231756991214
Brasília - Jardim América ,JARDIM AMÉRICA,CV,-3.7513025,-38.537556380992186
Favela Do NB ,PRAIA DO FUTURO I,CV,-3.7330565,-38.45977123674405
Canal da Mancha,JARDIM AMÉRICA,CV,-3.748972,-38.543375232689485
Fornalhão ,FRECHEIRINHA,CV,-3.800886,-40.859524070062776
Araticum,FRECHEIRINHA,CV,-3.8141495,-40.87909013829787
Varzante,FRECHEIRINHA,CV,-3.769152,-40.80752576819672
Velame - Aracati,FORTIM,CV,-4.572595,-37.78085409937391
Setor C1 - Paraipaba,PARAIPABA,CV,-3.4546799999999998,-39.171856761559184
Setor B ,PARAIPABA,CV,-3.4387214999999998,-39.16600859695663
Setor C2 - Paraipaba ,PARAIPABA,CV,-3.4514655000000003,-39.1517936794132
Baixada - Complexo Da Rosalina,PARQUE DOIS IRMĂOS,CV,-3.8134565,-38.54421945851709
Alto Alegre ,PAUPINA,CV,-3.8583105,-38.487621785138415
Sorriso - São Cristóvão ,CONJUNTO PALMEIRAS,CV,-3.834945,-38.52739885839341
Lago Azul - Barroso I,BARROSO,CV,-3.8193865,-38.51075875275362
Comunidade Do Real - São Cristóvão ,BARROSO,CV,-3.8310105,-38.52644777262253
Comunidade Do Canal - São Cristóvão ,BARROSO,CV,-3.830431,-38.52440328329536
Conj. Dom Pedro II,PEDRAS,CV,-3.9054735,-38.511420997598925
Vila Da Prata - Aquiraz,AQUIRAZ,CV,-3.9020415,-38.37799221583944
Sem Terra - Aquiraz ,AQUIRAZ,CV,-3.904631,-38.377993303245525
Boa Vista - Maranguape ,MARANGUAPE,CV,-4.0500915,-38.73729727251705
Rodoviária - Maranguape ,MARACANAÚ,CV,-3.8964795,-38.681329277259685
Padre Ibiapina ,MERUOCA,CV,-3.6883074999999996,-40.36313892048011
Junco,MERUOCA,CV,-3.676699,-40.36490569247897
Mossoró,PIRAMBU,CV,-3.7129695,-38.552950402010055
Alto do Bode,TIANGUA,CV,-3.7318040000000003,-40.98668364421965
Tabajara,TIANGUA,CV,-3.730194,-40.98402233193624
Praça,TIANGUA,CV,-3.7300459999999998,-40.98831768851133
Parque Da Paz,PASSARÉ,CV,-3.818153,-38.539187676502145
Jardim União - Complexo Da Rosalina ,PASSARÉ,CV,-3.8145225,-38.53871300093228
Campo Do Bangu - Complexo Da Rosalina ,PARQUE DOIS IRMĂOS,CV,-3.8130545,-38.541540820349084
Jardim União 2 - Complexo Da Rosalina ,PARQUE DOIS IRMĂOS,CV,-3.810905,-38.544177412159314
Santa Terezinha,GRANJA,CV,-3.3414945,-40.99268261828651
Alto da Brasília ,MERUOCA,CV,-3.6737895,-40.34230541992187
Betânia ,MERUOCA,CV,-3.6749824999999996,-40.34001012662338
Paraiso,MERUOCA,CV,-3.6728965000000002,-40.33903921784226
Cidade de Aiuabá ,AIUABA,CV,-6.567087,-40.12166362751883
Parazinho,MARTINÓPOLE,CV,-3.0405984999999998,-40.681127888301866
Viena,DOM LUSTOSA,CV,-3.7475655,-38.589507525914385
Comunidade Do Rodão ,DIAS MACÊDO,CV,-3.7820275,-38.51778371645895
Conj. Jaciara ,BARRA DO CEARÁ,CV,-3.7124715,-38.581573643401015
Carnaúba - Itapajé ,ITAPAJÉ,CV,-3.678667,-39.58463476278933
Parque Roberto Feitosa,PACAJUS,CV,-4.1814925,-38.436505680648715
José Othon ,PACAJUS,CV,-4.1787495,-38.44401065127518
Buriti ,PACAJUS,CV,-4.1793965,-38.47881167656656
CNE,GUAJERU,CV,-3.833114,-38.47982123419719
Canindezinho,CANINDEZINHO,CV,-4.349728,-39.33032695693912
Bairro do Can,CANINDÉ,CV,-4.356167,-39.32131914320548
José Cordeiro,CANINDÉ,CV,-4.359178,-39.323037198909404
Lago Verde,JAGUARIBE,CV,-5.909392,-38.62632812987013
João Paulo ll,JAGUARIBE,CV,-5.9066469999999995,-38.633697215703975
Ibicuitinga ,IBICUITINGA,CV,-4.9714075,-38.6371804550759
Favelinha,GUAJERU,CV,-3.828393,-38.47706401151032
CG,GUAJERU,CV,-3.8345255,-38.47405670878626
RDP,GUAJERU,CV,-3.828634,-38.48030036716843
TDG,GUAJERU,CV,-3.8292944999999996,-38.47448493690389
Cohab,SOBRAL,CV,-3.8015345,-40.26375577873522
Aldeia Dos Índios ,PACAJUS,CV,-4.1770705,-38.45008241646728
Lagamar,JAGUARIBARA,CV,-5.6804065,-38.6733351753937
Portelinha ,ALTO ALEGRE II,CV,-3.8495280000000003,-38.619446270334926
Morro São Sebastião ,UBAJARA,CV,-3.8687065,-40.917002901073445
Cajueirinho,BELA CRUZ,CV,-3.0770635000000004,-40.468449840513784
Jericó,PORANGA,CV,-4.7542485,-40.93549883855226
Betânia ,PORANGA,CV,-4.752041,-40.92092782755102
Favela Da Linha,ITAPERI,CV,-3.7854075,-38.55948733024692
Bica - Cascavel ,PINDORETAMA,CV,-4.127585,-38.223990345653604
Vilinha,CASCAVEL,CV,-4.1694565,-38.124888777055546
Estadio,CASCAVEL,CV,-4.186778,-38.12264469067068
Buenos Aires,AMONTADA,CV,-3.3710045,-39.825464611684
Bairro Pedrinhas,MERUOCA,CV,-3.68691,-40.34107475744609
Parronca,GUAIÚBA,CV,-4.1133405,-38.65152579429039
Coaçu,COAÇU,CV,-3.8543209999999997,-38.46170643867924
Morro Do TN,MERUOCA,CV,-3.6734660000000003,-40.37734463947476
Fronteira ,SAPIRANGA / COITÉ,CV,-3.790005,-38.47233379856959
S2,ANCURI,CV,-3.874102,-38.49732363191565
Campo do Cruzeiro ,BARRA DO CEARÁ,CV,-3.703096,-38.58527753337927
Beco Da Zeza,BARRA DO CEARÁ,CV,-3.7043005,-38.58038711692015
Aeroporto ,AEROPORTO,CV,-4.739955,-40.926924082777674
Gato Morto,OLAVO OLIVEIRA,CV,-3.730788,-38.59289516415663
Favela da Macaca,OLAVO OLIVEIRA,CV,-3.7296069999999997,-38.59305863179986
Serpa,HORIZONTE,CV,-4.0420985,-38.493843886193936
Dendê ,RACHEL DE QUEIROZ,CV,-3.8030049999999997,-38.55430762111352
São Miguel,SÃO MIGUEL,CV,-3.8237829999999997,-38.472461067179665
Triângulo ,JUCÁS,CV,-6.5202539999999996,-39.52116441872792
Vila Nova,JUCÁS,CV,-6.528563,-39.54001741639871
Lagoa do Barro,IPARANA,CV,-3.6353495000000002,-38.740188706305105
Acaracuzinho,ALTO ALEGRE II,CV,-3.8484495,-38.61440558739064
Boqueirão De Cesário - Russas ,BEBERIBE,CV,-4.590256,-38.209810714442966
Beco do Siri,CARLITO PAMPLONA,CV,-3.7131205,-38.55741495626288
Carlito Pamplona,CARLITO PAMPLONA,CV,-3.715066,-38.558056840677914
Ponte Preta,CRATEÚS,CV,-5.1699850000000005,-40.674388537129445
Patriarcas,CRATEÚS,CV,-5.164568,-40.66733086024213
Cidade 2000,CIDADE 2000,CV,-5.1598690000000005,-40.66617673911644
Jose Rosa,CRATEÚS,CV,-5.1795290000000005,-40.649122431208056
Barreiros,PENTECOSTE,CV,-3.793044,-39.26399024019608
Papoco,PANAMERICANO,CV,-3.7540605,-38.569862199734914
Mutirão,PANAMERICANO,CV,-3.7558285,-38.5716291682243
Riacho Doce,PICI,CV,-3.7496825,-38.57166901333404
Invasão ,PICI,CV,-3.7475915,-38.56962481376519
Canal da Bela Vista,PANAMERICANO,CV,-3.7502255,-38.567777733490566
Comunidade Do Sem Terra - Barroso l,BARROSO,CV,-3.824709,-38.51127706302712
Telha,AQUIRAZ,CV,-3.9637475,-38.469196868484374
Guajiru,FORTIM,CV,-4.415637,-37.84731316098901
Sítio Guarda,AQUIRAZ,CV,-4.034732,-38.424413184392876
Barroso,BARROSO,CV,-3.822139,-38.51062487723365
Opaia,AEROPORTO,CV,-3.77144,-38.53356976153846
Paraguaçu ,SERRINHA,CV,-3.7885405,-38.54096971072309
Favela do Trilho,GUADALAJARA,CV,-3.766137,-38.62696301312719
Nossa Sra. Dos Navegantes ,BARROQUINHA,CV,-3.0225745,-41.13553855208452
Poço Imperial,BARROQUINHA,CV,-3.0157875,-41.13509068211334
Caucaia,CAUCAIA,CV,-3.0141220000000004,-41.130310827586214
Barroquinha dos fiéis ,BARROQUINHA,CV,-2.9777575,-41.1359988467526
Ilha Do xavier,BARROQUINHA,CV,-2.971925,-41.09519597485876
Araras,BARROQUINHA,CV,-2.9374355000000003,-41.15876874801971
Centro,CENTRO,CV,-3.0181095,-41.1368764334654
Campo Quebra Pé,BARROQUINHA,CV,-3.0192585000000003,-41.12566462034247
Beco Da Raposa,BOM JARDIM,CV,-3.791746,-38.603680117582414
Travessa ,GRANJA LISBOA,CV,-3.7890240000000004,-38.60967657767087
Vila Buriti,ALTO ALEGRE II,CV,-3.8420985,-38.61364461534954
Vila Vintem,ALTO ALEGRE II,CV,-3.849145,-38.62087679266348
Conj. Tia Joana ,BOM JARDIM,CV,-3.8001925,-38.603127782407405
Beco Dos Potiguaras,PRAIA DE IRACEMA,CV,-3.719901,-38.517673408823526
Vila Dos Almirantes,PRAIA DE IRACEMA,CV,-3.7197810000000002,-38.51888658333333
Lagoinha,HORIZONTE,CV,-4.093986,-38.509231173159066
Comunidade Itu,BOM JARDIM,CV,-3.7940959999999997,-38.60332712004615
Bom Jardim ,BOM JARDIM,CV,-3.7914719999999997,-38.60221963235294
Jaguaribara,JAGUARIBARA,CV,-5.455572500000001,-38.46544098553583
Vila Novo Horizonte,CRATO,CV,-7.255941,-39.43004164949748
Belmonte,CRATO,CV,-7.2648435,-39.453162791373515
Alto Da Penha ,CRATO,CV,-7.240131,-39.409411521649126
Maceió - Camocim ,CAMOCIM,CV,-2.8797225,-40.95771064480024
Amarelas,BARROQUINHA,CV,-2.936686,-41.04141073809524
Pantanal,CRATO,CV,-7.244381499999999,-39.41728787842558
Parque Iracema,PARQUE IRACEMA,CV,-3.9028095,-38.67700362018756
Mundaú ,TRAIRI,CV,-3.181831,-39.37278054177592
Comunidade São Francisco ,GRANJA PORTUGAL,CV,-3.7840730000000002,-38.60919494759642
Aldeia,CARLITO PAMPLONA,CV,-3.713848,-38.553397141808205
Santa Rosa,CARLITO PAMPLONA,CV,-3.7161565000000003,-38.553328943532584
Tirol ,CARLITO PAMPLONA,CV,-3.714997,-38.55320732149999
Matadouro,CRATO,CV,-7.2404635,-39.427024752242744
Aroeiras - Coreau,ALCÂNTARAS,CV,-3.64286,-40.62257194060838
Araquen - Coreaú,COREAÚ,CV,-3.59898,-40.81064971983453
Rua do Canal,SÃO MIGUEL,CV,-3.745212,-38.60415593890727
Calcadão ,PARQUE DAS NAÇÕES,CV,-3.7493625,-38.603745648961535
Frifor,SÃO MIGUEL,CV,-3.743576,-38.60217255358222
Trilhos do São Miguel,SÃO MIGUEL,CV,-3.7463935,-38.60094697363636
Campo do Botafogo,SÃO MIGUEL,CV,-3.747213,-38.60303598447645
Comunidade da Arca,SÃO MIGUEL,CV,-3.745727,-38.6019423610649
Favela do Lameral,PARQUE DAS NAÇÕES,CV,-3.7455990000000003,-38.60723114817606
Jardim das Maravilhas,ALTO ALEGRE II,CV,-3.842582,-38.61707915820895
Favela da Aliança ,PARQUE ALBANO,CV,-3.7515465,-38.62066133609179
Parque Albano,PARQUE ALBANO,CV,-3.7548755,-38.61191105317578
Vila da 6 Q.C,QUINTINO CUNHA,CV,-3.7267795,-38.6017402682016
São Francisco ,QUINTINO CUNHA,CV,-3.729333,-38.60386704002505
Morro do QC,QUINTINO CUNHA,CV,-3.7264585,-38.60364852115734
Portelinha ,VILA VELHA,CV,-3.721082,-38.60470896703258
Ilha Dourada ,QUINTINO CUNHA,CV,-3.7247440000000003,-38.605321056451615
VG,AEROLÂNDIA,CV,-3.7717525,-38.51794187443821
QC,QUINTINO CUNHA,CV,-3.7240585,-38.6036889678334
Beco Da Chinesa,AEROLÂNDIA,CV,-3.778868,-38.517200417859684
GM,PRESIDENTE KENNEDY,CV,-3.730473,-38.56523295399736
LV,MOURA BRASIL,CV,-3.7212625,-38.53449077503794
Favela Do Japão ,PRAIA DE IRACEMA,CV,-3.7252385,-38.51104754648014
Santo Satiro,ALTO ALEGRE II,CV,-3.851872,-38.615050905483464
Beco Dos Cavalos ,FLORESTA,CV,-3.7278000000000002,-38.578319456970576
Morro Da Formiga,FORTIM,CV,-4.5527375,-37.76962577304269
Cidade Alta,ELLERY,CV,-3.719333,-38.559873050775195
Tatumundé,SIQUEIRA,CV,-3.8021525,-38.616367654065286
Jabuti ,PEDRAS,CV,-3.9244624999999997,-38.51501283494386
Comunidade Carandiru ,LAGOA REDONDA,CV,-3.8339485,-38.46467402083333
Nova Hidrolândia ,HIDROLÂNDIA,CV,-4.404366,-40.399574246063
Mirian Ferreira,HIDROLÂNDIA,CV,-4.4060765,-40.397921024602574
Marinho,HIDROLÂNDIA,CV,-4.411053000000001,-40.4078491170164
Progresso,HIDROLÂNDIA,CV,-4.4121115,-40.40203920584489
Mororó ,HIDROLÂNDIA,CV,-4.4057815,-40.405667822579446
Das Piranhas - Acaraú ,ACARAÚ,CV,-2.8823914999999998,-40.10455265240351
Pedrinha - Acaraú ,ACARAÚ,CV,-2.8760125,-40.11988675532424
Mongubas - Acaraú ,ACARAÚ,CV,-2.8769644999999997,-40.114586873129255
Córrego Do Urubu - Acaraú ,ACARAÚ,CV,-2.889001,-40.11929442153427
Morada Nova - Acaraú ,ACARAÚ,CV,-2.9146,-40.12231816271276
Planalto Das Bailarinas,ACARAÚ,CV,-2.9067815,-40.115086242934794
Buriti - Acaraú ,ACARAÚ,CV,-2.8979790000000003,-40.11435132219812
Perseguidas - Acaraú ,ACARAÚ,CV,-2.8959055,-40.12089261279754
Pantanal - São Luís Do Curu,SÃO LUÍS DO CURU,CV,-3.6850075,-39.23892470627803
Alto Da Macaca - Aracoiaba,BATURITE,CV,-4.3649635,-38.80692013791513
Cidade De Aracoiaba,BATURITÉ,CV,-4.3694275000000005,-38.80975324676851
Aracatiaçu,IRAUÇUBA,CV,-3.879309,-40.02360586132954
Beco Do Moicano,BONSUCESSO,CV,-3.783468,-38.590827181856895
Ap,RACHEL DE QUEIROZ,CV,-3.8026365,-38.55222624066092
Cagece,ITAOCA,CV,-3.7687679999999997,-38.55635916481433
Residencial Maria Alves Carioca,GRANJA LISBOA,CV,-3.783119,-38.61596789195583
Quadra 14 - Cidade Jardim ll,DIF III,CV,-3.8477155,-38.55206935389133
Fumaça - Pici,PICI,CV,-3.75467,-38.57919091676925
São Miguel ll,PARQUE DAS NAÇÕES,CV,-3.7486975,-38.60913585813088
Parque Das Nações ,PARQUE DAS NAÇÕES,CV,-3.7440645,-38.607992045955804
Gerardo Arcanjo,SANTANA DO ACARAÚ,CV,-3.459257,-40.204840268502025
Urucutuba,URUCUTUBA,CV,-3.791226,-38.64536450191205
Terreno,FLORESTA,CV,-3.7217965,-38.572851139776574
Deserto,TURURU,CV,-3.5119955,-39.49297332457611
Caracará,MIRAIMA,CV,-3.7143545,-40.01846947510094
Santa Maria - Limoeiro Do Norte ,LIMOEIRO DO NORTE,CV,-5.2282845,-38.012854518280065
Caiçara,JIJOCA DE JERICOACOARA,CV,-2.8578145,-40.4078603592763
Vila Paraguai,CRUZ,CV,-2.9104855,-40.40981911927865
Timonha,GRANJA,CV,-3.2580815000000003,-41.13560579225629
Nossa Senhora das Graças ,CANINDÉ,CV,-4.3657515,-39.329359029578356
Santa Luzia,CANINDÉ,CV,-4.352246,-39.32001016184971
João Paulo ll,CANINDÉ,CV,-4.3645785,-39.32077575598072
Serrote - Curió,LAGOA REDONDA,CV,-3.8353165000000002,-38.46106704355447
Cipó ,PACAJUS,CV,-4.16857,-38.44350711906944
Pinto Madeira,CRATO,CV,-7.237871999999999,-39.40458301577707
Arco Verde ,LAGOA REDONDA,CV,-3.8304095,-38.468016700608274
Caixa D’água ,LAGOA REDONDA,CV,-3.8311374999999996,-38.46553716684948
Final Feliz,LAGOA REDONDA,CV,-3.8237705,-38.4630693600693
AP,LAGOA REDONDA,CV,-3.8248439999999997,-38.46425843954707
Ipu Mazagao,URUBURETAMA,CV,-3.5332095,-39.51477659829381
Favela Do Pó,LAGOA REDONDA,CV,-3.8272685,-38.46303159514332
Comunidade Do Brooklyn ,LAGOA REDONDA,CV,-3.8300764999999997,-38.461618767892446
11 De Novembro,LAGOA REDONDA,CV,-3.828773,-38.46478618793887
Favela Do Abc,LAGOA REDONDA,CV,-3.822155,-38.46619734003892
Centro,CENTRO,CV,-4.09748,-38.49936888301988
B2,HORIZONTE,CV,-4.104081,-38.50161110196933
Moitas,ITAREMA,CV,-3.007436,-39.69112538499551
Aranaú,CRUZ,CV,-2.821926,-40.222555880894305
Castelhano,CRUZ,CV,-2.8332745,-40.358565713122815
Forquilha,FORQUILHA,CV,-2.8845270000000003,-40.5168349554054
Corrego das Varas,ACARAÚ,CV,-2.9630945,-40.127004238188974
Baú - Guaiuba ,GUAIÚBA,CV,-4.1234465,-38.66190165128755
Mutirão ,PINDORETAMA,CV,-4.13666,-38.24899988085852
Jardim Primaveira,PINDORETAMA,CV,-4.130666,-38.25447126467881
Vila Xexeu,PINDORETAMA,CV,-4.130992,-38.25102572791065
Mirante ,PINDORETAMA,CV,-4.131612499999999,-38.26061498864499
Favela do Marrocos,BOM JARDIM,CV,-3.8009065,-38.60960888306452
Parque São Vicente ,BOM JARDIM,CV,-3.8016199999999998,-38.60560162920538
São José ,TRAIRI,CV,-3.292161,-39.26293813845583
Carnauba Torta,TRAIRI,CV,-3.290044,-39.25252310385032
São Gonçalo ,TRAIRI,CV,-3.2937190000000003,-39.25851765580855
Favela da Swat ,SÃO LUÍS DO CURU,CV,-3.6703200000000002,-39.239586284806634
Conjunto Cohab,SENADOR POMPEU,CV,-5.5866765,-39.38184638394496
Conjunto Bandeirante,GUAJERU,CV,-3.8353565,-38.485670574058574
Mumbaba,MASSAPÊ,CV,-3.572827,-40.34197815455531
Paraibapa,PARAIPABA,CV,-3.435586,-39.14733936533894
Comunidade do Posto,JACARECANGA,CV,-3.7185635,-38.54773945498671
Comunidade da Iracema,JACARECANGA,CV,-3.7148295,-38.54752266167193
Favela do Sabão ,JACARECANGA,CV,-3.7157475,-38.54595650625279
Comunidade do Pombal,JACARECANGA,CV,-3.717135,-38.54893499494631
Ac,CARLITO PAMPLONA,CV,-3.7154040000000004,-38.54973787772688
Ironete,JACARECANGA,CV,-3.718741,-38.549284825069975
São Raimundo,AMONTADA,CV,-3.3558975,-39.82830195464523
Flores ,AMONTADA,CV,-3.3723644999999998,-39.833449819479526
São Sebastião ,AMONTADA,CV,-3.3523305,-39.833847924532705
Bairro do Campo,AMONTADA,CV,-3.364892,-39.82796849760467
Vilinha,GUADALAJARA,CV,-3.760595,-38.61727876542106
Novo Oriente,NOVO ORIENTE,CV,-3.845704,-38.61392684304559
Km27,SENADOR POMPEU,CV,-5.5110345,-39.54945891965052
Bofim,SENADOR POMPEU,CV,-5.5241454999999995,-39.49210621650465
Ruazinha,MARECHAL RONDON,CV,-3.7733155,-38.62442159394014
Mal. Rondon,MARECHAL RONDON,CV,-3.7761885,-38.62817806523363
Mosquito,AMONTADA,CV,-3.092069,-39.68766498579198
Mirinduba,AMONTADA,CV,-3.0669605,-39.68070005668605
Comunidade Do Coroa,GENIBAÚ,CV,-3.7577655,-38.60043032687166
Genibau 2 ,CONJUNTO CEARÁ I,CV,-3.7638274999999997,-38.60059170651665
Favela Dos cocó ,GENIBAÚ,CV,-3.7607850000000003,-38.59689424416658
Comunidade Da Principal ,GENIBAÚ,CV,-3.7604604999999998,-38.597882424670786
Comunidade Da Vila ,GENIBAÚ,CV,-3.7631045,-38.59775633639474
Beira Rio - Genibaú,JOÃO XXIII,CV,-3.7677405000000004,-38.595697728233574
São Francisco,MERUOCA,CV,-3.5971450000000003,-40.42629549855212
Polígono 2042,MERUOCA,CV,-3.6812825,-40.35789534443957
Papara,MARANGUAPE,CV,-3.9902284999999997,-38.72711387724474
Papara - Maranguape,MARANGUAPE,CV,-4.025085000000001,-38.74585017102842
São Francisco ou Barrocão,CAMOCIM,CV,-3.1169345,-40.82458313248988
João Leite - Papara,MARANGUAPE,CV,-4.0218855,-38.75325100096649
Alto do Cristo,CAMOCIM,CV,-3.1238155,-40.82511418057828
Alto dos Pescadores,CAMOCIM,CV,-3.125781,-40.82446247025723
Boca do Acre,CAMOCIM,CV,-3.130125,-40.828634891321045
Comunidade São Pedro,MARTINÓPOLE,CV,-3.129654,-40.82543682657631
São Raimundo,CAMOCIM,CV,-3.1235865,-40.83740177605541
Campo de Aviação ,CAMOCIM,CV,-3.1189080000000002,-40.839123072295024
Bairro de Fatima,CAMOCIM,CV,-3.1114755,-40.8292565637752
Oiteiro,CAMOCIM,CV,-3.1120555,-40.83467959946236
Favela da Cachoeira ,CAMOCIM,CV,-3.1273774999999997,-40.82933917297578
Bairro da Estação ,CAMOCIM,CV,-3.1150824999999998,-40.832033360608854
Alto do Cemitério ,CAMOCIM,CV,-3.1213300000000004,-40.83161687278737
Granjinha - Levada,GUAJERU,CV,-3.8288785,-38.485782262274085
Alto do Posto ,CAMOCIM,CV,-3.1277565000000003,-40.833564366411565
Vila Milano,ALTO DA BALANÇA,CV,-3.769519,-38.51157089303351
Travessa Flamengo,AEROLÂNDIA,CV,-3.770385,-38.51593224872286
Cipó Dos Anjos,IBICUITINGA,CV,-5.0120615,-38.73067580483136
Bairro do Coité,EUSÉBIO,CV,-3.8822275,-38.47494950896337
Sitiá,IBICUITINGA,CV,-5.165348,-38.65732281815757
Pedreira,SÃO LUÍS DO CURU,CV,-3.7861365,-39.271247593836726
Vila Nova,PENTECOSTE,CV,-3.7899019999999997,-39.2675974112727
Morro Do Santiago,BARRA DO CEARÁ,CV,-3.698203,-38.585496615030024
Comunidade Do Pombal,BARRA DO CEARÁ,CV,-3.699474,-38.586449119402985
Comunidade Do Campinho,BARRA DO CEARÁ,CV,-3.700046,-38.58464394069105
Favelinha ,BARRA DO CEARÁ,CV,-3.6981895,-38.581784449831645
Travessa,BARRA DO CEARÁ,CV,-3.7000815,-38.582844202047646
Conjunto ,CRATEÚS,CV,-5.1719335,-40.67918133360656
Palmeirinha,CARARU,CV,-3.840616,-38.4271072510722
Chácara da Prainha ou Portelinha,AQUIRAZ,CV,-3.906082,-38.368614317422654
Bairro do Cemitério ,AQUIRAZ,CV,-3.9019035,-38.38682034682081
Novo Aquiraz,AQUIRAZ,CV,-3.9296495,-38.38595344464308
Peixinhos - Canaã,TRAIRI,CV,-3.2253905,-39.34759253656172
Canaã ,TRAIRI,CV,-3.216222,-39.36545932715065
Novo Rumo,AQUIRAZ,CV,-3.9203520000000003,-38.385575091962394
Bairro do Machuca,AQUIRAZ,CV,-3.9403535,-38.38619597367379
Terra Nova ,CRATEÚS,CV,-5.189593,-40.67349403542609
Berra Bode,AQUIRAZ,CV,-3.921465,-38.39313663143808
Bairro do Piau,AQUIRAZ,CV,-3.9193805,-38.36892824166529
Malvinas,EUSÉBIO,CV,-3.9457035,-38.47446705996549
Área Verde,EUSÉBIO,CV,-3.9502420000000003,-38.46472992331502
Quinzinho,ITAITINGA,CV,-3.9510335000000003,-38.49265782407012
Oiticia ,ITAITINGA,CV,-3.964589,-38.508376389314925
Baixa Grande,EUSÉBIO,CV,-3.930251,-38.45586286640538
Tapuio,EUSÉBIO,CV,-3.9229135,-38.44040198736161
Ribeira ,AQUIRAZ,CV,-3.980903,-38.440728192512765
Divineia,AQUIRAZ,CV,-3.9132664999999998,-38.38546179170086
Parnamirim ,EUSÉBIO,CV,-3.8820515,-38.45616917016177
Aningas,HORIZONTE,CV,-4.1083485,-38.400872051362086
Cachoeira 2,HORIZONTE,CV,-4.079696,-38.47505342494301
Cachoeira 1,HORIZONTE,CV,-4.0778955,-38.4611076971335
Sao Jose,HORIZONTE,CV,-4.1039105,-38.46520230259807
Rua das Palmeiras,TIANGUA,CV,-3.7154605,-40.99297560576923
Vila Pascoal,TIANGUA,CV,-3.7120885,-40.99376111378439
Comunidade da Peroba,TIANGUA,CV,-3.7164145,-40.99416275185297
Rua do Rio,SENADOR POMPEU,CV,-5.5834865,-39.368541921523985
Comunidade da GMC,MONTE CASTELO,CV,-3.7245619999999997,-38.55376832319406
Fatima l,CRATEÚS,CV,-5.1795515000000005,-40.67644575182905
Volta,PARAIPABA,CV,-3.5027495,-39.13181539460514
Conjunto Renascer,DIAS MACÊDO,CV,-3.7873859999999997,-38.52716370682113
Mirambe,URUCUTUBA,CV,-3.7910835,-38.65991622882162
Curralinho,JAGUARIBE,CV,-5.909051,-38.63813215017898
Boa Vista,BATURITE,CV,-4.295187,-38.855854007756136
São Sebastião ,BATURITE,CV,-4.2889365,-38.827012927545866
Favela do Bala,DIAS MACÊDO,CV,-3.788659,-38.519871061764704
Vacaria,BOA VISTA/CASTELÃO,CV,-3.795738,-38.52963603999805
Beco do chocolate ,DIAS MACÊDO,CV,-3.7938475,-38.52946199127413
Dias Macedo,DIAS MACÊDO,CV,-3.785879,-38.519748134822166
Papoquinho,DIAS MACÊDO,CV,-3.7887125,-38.521852353933696
Vila Pinheiro,JAGUARIBE,CV,-5.9071545,-38.62229170278865
Favelinha,GUADALAJARA,CV,-3.7643975000000003,-38.61815434400134
Vilinha,BARRA DO CEARÁ,CV,-3.7023875,-38.589290124161074
Salitre,SALITRE,CV,-7.2830695,-40.45844653461538
Parque Grangeiro,CRATO,CV,-7.25235,-39.422253471559564
Cemitério Dos Cachorro,DIAS MACÊDO,CV,-3.7859495,-38.52197208909247
Invasão ,DIAS MACÊDO,CV,-3.783674,-38.52448933793103
Jardim Das Oliveiras ,JARDIM DAS OLIVEIRAS,CV,-4.7473565,-40.93348083938356
Cohab,PORANGA,CV,-4.741243,-40.92073985560991
Morro do Macaco,PACATUBA,CV,-3.958423,-38.698124824561404
Beco da Foice,SAPIRANGA / COITÉ,CV,-3.7983985000000002,-38.464386968600024
Bairro Cajas,CRATEÚS,CV,-5.165112499999999,-40.659621157692314
Comunidade Pedra Viva,CRATEÚS,CV,-5.183778,-40.6524019226941
Comunidade Rabo da Gata,CRATEÚS,CV,-5.1761415,-40.6626637537594
São Vicente,CRATEÚS,CV,-5.178925,-40.66435268272346
Favela da Macumba ,BONSUCESSO,CV,-3.7803449999999996,-38.5843975550611
Beco do Pinheiro ,VILA PERI,CV,-3.7880705,-38.582342122649585
Rua da Vicência,MERUOCA,CV,-3.6743215,-40.372225633925524
Terrenos Novos,MERUOCA,CV,-3.676144,-40.37228966977602
Comunidade Da Upa,CRISTO REDENTOR,CV,-3.709878,-38.56828848762376
Facó,CRISTO REDENTOR,CV,-3.710421,-38.56474040883549
Conj. Maria José Gomes,ÁLVARO WEYNE,CV,-3.7146405,-38.57153605651106
São Francisco ,ÁLVARO WEYNE,CV,-3.7179215,-38.57076105799618
Coelho Neto,ÁLVARO WEYNE,CV,-3.7186985,-38.569913
Rua Do Posto,ÁLVARO WEYNE,CV,-3.7163365,-38.57130933091779
Comunidade Da Igrejinha ,FLORESTA,CV,-3.7164535,-38.57273606241023
CP - João Paulo ll,BARROSO,CV,-3.8247780000000002,-38.518745989845215
Fraudes - João Paulo ll,BARROSO,CV,-3.8275445,-38.518162325842695
Mr2 - João Paulo ll ,BARROSO,CV,-3.8230370000000002,-38.5193777270115
Borel - João Paulo ll ,BARROSO,CV,-3.8243270000000003,-38.515997942769935
João Paulo ll ,BARROSO,CV,-3.8252175,-38.52069928028223
Parque Veras,MONDUBIM,CV,-3.809247,-38.56791161921349
Invasão ,JARDIM CEARENSE,CV,-3.8076925,-38.561735480479456
Beco da Fumaça ,BOM JARDIM,CV,-3.794094,-38.60490511666393
Comunidade do Pantanal ,BOM JARDIM,CV,-3.7956645,-38.60471504130656
Comunidade da Cagece,TABAPUÁ,CV,-3.7363585,-38.60962052771494
Arrudas - Paramoti,PARAMOTI,CV,-4.101871,-39.23034457266846
Morro Do Moinho - Paramoti ,PARAMOTI,CV,-4.1028725,-39.244347377943484
Bela Vista - Paramoti ,PARAMOTI,CV,-4.0953289999999996,-39.24290246064468
Serrote - Paramoti ,PARAMOTI,CV,-4.092424,-39.24760929921488
Poeiral ,BARROSO,CV,-3.8278879999999997,-38.51394477134588
Lisieux,FORQUILHA,CV,-4.0026215,-40.186681956281305
Praia Da Baleia,TRAIRI,CV,-3.1511424999999997,-39.438632060490825
Área Verde,HORIZONTE,CV,-4.0905515,-38.481421201579764
Comunidade do Cemitério,FORTIM,CV,-4.555369499999999,-37.76914685981309
Queimados,HORIZONTE,CV,-4.1198005,-38.526050134556
Zumbi,HORIZONTE,CV,-4.1024785,-38.48467248050119
Comandinho ,ÁLVARO WEYNE,CV,-3.7110715,-38.57455848440213
Comunidade do Lajeiro,URUCUTUBA,CV,-3.8136335,-38.66434756213415
Rua dos Cocos,SOBRAL,CV,-3.805575,-40.26281358648062
Alto Alegre,SOBRAL,CV,-3.803407,-40.26128753804033
Comunidade Terra Livre,CRATEÚS,CV,-5.1885224999999995,-40.66798094814175
Jubina,SOBRAL,CV,-3.800898,-40.266201346949764
Salsa,SOBRAL,CV,-3.800015,-40.26354178455976
Bairro do Salgado,SÃO LUÍS DO CURU,CV,-3.675915,-39.2384290525675
Conjunto José Luna Filho,SÃO LUÍS DO CURU,CV,-3.674629,-39.23380103530752
Bairro Coelce,SÃO LUÍS DO CURU,CV,-3.6728940000000003,-39.23345952393311
Comunidade Rabo da Gata,SÃO LUÍS DO CURU,CV,-3.6747155,-39.23550187458357
Comunidade da Lara ou Vila Berne,FLORESTA,CV,-3.714966,-38.5789378930883
Polígono 2217,FLORESTA,CV,-3.7146675,-38.57738900716118
Terreno ll,FLORESTA,CV,-3.7159079999999998,-38.57751717106302
Favela do Balão - Boa Vista,GUADALAJARA,CV,-3.7600369999999996,-38.61397351352875
Polígono 2222,GUADALAJARA,CV,-3.759761,-38.61537457994923
Favela do Texas ou Favela do T,AEROLÂNDIA,CV,-3.7713185,-38.51248860871528
Polígono 2223,BOM FUTURO,CV,-3.7574465,-38.54849645411717
Comunidade do Tremzinho,BOM FUTURO,CV,-3.7588755000000003,-38.547886652980594
Polígono 2227,MONTESE,CV,-3.758439,-38.553372609385036
Comunidade do Riacho Doce,DAMAS,CV,-3.7571645,-38.55203387515489
Icarai de Amontada ,ITAREMA,CV,-3.031478,-39.65541026968985
Área Verde,PACAJUS,CV,-4.171735,-38.45176877273554
Comunidade do Pau Serrado,MARACANAÚ,CV,-3.8636955,-38.65345424798387
Mutirão ,MARACANAÚ,CV,-3.8632795,-38.650660210383414
Carmelita Veras,BARROQUINHA,CV,-3.021453,-41.130565591244924
Quadras do Luzardo Viana,MARACANAÚ,CV,-3.8666280000000004,-38.64726309988541
Luzardo Viana ,MARACANAÚ,CV,-3.8594185,-38.6486672516407
Conjunto Vitória ,MONDUBIM,CV,-3.8119875,-38.569547406661556
Sangradouro ,PIRES FERREIRA,CV,-4.2145995,-40.433338831717094
Boa Fé,PINDORETAMA,CV,-4.1249125,-38.253723141938124
Favela da Mangueira,GRANJA LISBOA,CV,-3.784897,-38.6124799568708
Mutirão da São Francisco ,GRANJA LISBOA,CV,-3.7841665,-38.61459417098374
Barra Velha,PINDORETAMA,CV,-4.07622,-38.18024897125424
Beco do Edson,GRANJA LISBOA,CV,-3.7867025,-38.60917582788018
Polígono 2240,CONJUNTO CEARÁ II,CV,-3.7792795,-38.61308702793296
Favelinha da São Francisco ,CONJUNTO CEARÁ II,CV,-3.780597,-38.60938376655172
Padre Lima,ITAPAJÉ,CV,-3.678193,-39.59029849591098
Tabuleiro do Luna - Itaiçaba,ITAIÇABA,CV,-4.7175069999999995,-37.84220517173913
Beco da Merda,CRISTO REDENTOR,CV,-3.7100225,-38.560593270636794
invasão,PRAIA DO FUTURO II,CV,-3.774554,-38.4404015420822
Brito - Itaiçaba,ITAIÇABA,CV,-4.6994035,-37.833362516655974
Vila Society ,BARROSO,CV,-3.812763,-38.51311915932766
Quadrinhas ,BARRA DO CEARÁ,CV,-3.699271,-38.58104561733333
Baixinhas,ITAREMA,CV,-2.9536105,-39.916484502061635
Precabura,PRECABURA,CV,-3.8290895000000003,-38.436295979390295
Labirinto - Caça e Pesca ,PRAIA DO FUTURO II,CV,-3.76903,-38.44189923077774
Boca do forno - Etaiçaba,ITAIÇABA,CV,-4.6675255,-37.81895160167166
Favela da Caverninha ,GRANJA PORTUGAL,CV,-3.782102,-38.595381426644266
Cidade de Itaiçaba,ITAIÇABA,CV,-4.681476,-37.823155787538354
Favela da Fossa,DIAS MACÊDO,CV,-3.7907575,-38.526766579631385
Vila Santa Rita,ITAREMA,CV,-2.9284645,-39.90142453556979
Gargoe,ITAREMA,CV,-2.9440125000000004,-39.91256337240058
Tamandaré,JANGURUSSU,CV,-3.8408930000000003,-38.51454348689579
Polígono 2250,ITAREMA,CV,-2.9420595,-39.9076479016728
Comunidade da Balsa,GRANJA PORTUGAL,CV,-3.786074,-38.594626346378504
Favela Beira Rio,GRANJA PORTUGAL,CV,-3.7847485,-38.59405871032323
Lago Verde,URUCUTUBA,CV,-3.758459,-38.66847815065274
AP do Guajiru,IPARANA,CV,-3.7007465,-38.64731557555555
Comunidade Do Coqueirin ,CURIÓ,CV,-3.818703,-38.47656395951951
Cajueiro - Caça e Pesca ,PRAIA DO FUTURO II,CV,-3.7714185000000002,-38.44518808847856
Morro do Galo,HORIZONTE,CV,-4.097088,-38.492793683134366
PEDREGAL,FORTIM,CV,-4.578309,-37.792265954357475
BARBALHO,PINDORETAMA,CV,-4.128144499999999,-38.2866058160323
Pedrinhas,IBIAPINA,CV,-3.925875,-40.88527074684671
Água da bomba,BOM JARDIM,CV,-3.7923755,-38.595947691269586
Maratoan,CRATEÚS,CV,-5.194108,-40.66667704643279
Novo Pabussu,PARQUE SOLEDADE,CV,-3.7301634999999997,-38.6635695
Águas Belas,IPAPORANGA,CV,-4.8987475,-40.75993936011905
COQUEIROS,PINDORETAMA,CV,-4.117238,-38.31836422340426
Comunidade do Quintal,GRANJA PORTUGAL,CV,-3.7872475,-38.597414509409056
São João ,IBIAPINA,CV,-3.9314085,-40.88841698628789
Raimundo Linhares,IBIAPINA,CV,-3.9225630000000002,-40.89773886693989
Beco da Morte,BONSUCESSO,CV,-3.786295,-38.5923738510194
GUAJIRU,IPARANA,CV,-3.700857,-38.64231735694133
Favela do Facão ,CURIÓ,CV,-3.8158645,-38.47903583526811
Muriçoca - Quintino Cunha,QUINTINO CUNHA,CV,-3.7360939999999996,-38.60028151802031
Alvorada (Maracanaú),MARACANAÚ,CV,-3.8895255000000004,-38.594255832899506
Beco Do Caranguejo ,PRAIA DO FUTURO II,CV,-3.7677829999999997,-38.4397000729984
Comunidade da Luminosa,GRANJA PORTUGAL,CV,-3.787997,-38.59416881289545
Jamaica - Caça e Pesca ,PRAIA DO FUTURO II,CV,-3.7713080000000003,-38.441910165817504
Mangue - Caça e Pesca ,PRAIA DO FUTURO II,CV,-3.7729369999999998,-38.44304399900399
Poço Doce,PARAIPABA,CV,-3.444157,-39.1073884328633
José Avelino Portela,IBIAPINA,CV,-3.923977,-40.891534113984676
Colônia - (Em Disputa),MARACANAÚ,CV,-3.8841585,-38.63334104923701
Favela do Terminal do Siqueira / Favela da Paloma,PARQUE SĂO JOSÉ,CV,-3.7911444999999997,-38.58706214060025
Grilo,PARQUE SOLEDADE,CV,-3.724557,-38.66406739559764
COLONIA,CRISTO REDENTOR,CV,-3.7076225000000003,-38.56782090359116
Rua dos Passos - Aracati,FORTIM,CV,-4.5571555,-37.76542305477426
cuzcuz - Paupina,SÃO BENTO,CV,-3.854222,-38.485772975560934
Alfa Vile,OLAVO OLIVEIRA,CV,-3.72813,-38.594087760832764
Tabuleiro do Cabreiro,ITAIÇABA,CV,-4.6321705,-37.83412816439771
Rua da Lama,PLANALTO AYRTON SENNA,CV,-3.838998,-38.567997326475655
Icapuí,ICAPUÍ,CV,-4.717347500000001,-37.35182554749165
Rua Canudos,PLANALTO AYRTON SENNA,CV,-3.838046,-38.56879082527555
Rua Gaspar Dutra,PLANALTO AYRTON SENNA,CV,-3.836228,-38.56917137135399
São José ,IPAPORANGA,CV,-4.906304,-40.76492811791929
Favela do Quadrado,PLANALTO AYRTON SENNA,CV,-3.834967,-38.568943613456696
Outeiro - Aracati,ITAIÇABA,CV,-4.6428235,-37.786678660650885
Campo do Velho,CRATEÚS,CV,-5.1939505,-40.67179852617153
Jaime Laurindo,BARROQUINHA,CV,-3.025356,-41.130492411178935
Comunidade Beirada do Rio,FORTIM,CV,-4.55673,-37.774457043650784
Ipase,CRATEÚS,CV,-5.18542,-40.664167248136934
Lagoinha ,PARAIPABA,CV,-3.3485608,-39.137210448652525
Comunidade da Planaltina ,CRATEÚS,CV,-5.1859,-40.681836297693266
Comunidade da Maloca,ARACATI,CV,-4.5751925,-37.76971553804751
Catuana,CAUCAIA,CV,-3.6869810000000003,-38.91341209129625
Fatima ll,CRATEÚS,CV,-5.1880144999999995,-40.67155401350475
Favela do Polo,BARROQUINHA,CV,-3.0311195,-41.12967823566038
Jardim - Aracati,FORTIM,CV,-4.5308065,-37.800264970342496
Fatima l,CRATEÚS,CV,-5.184009,-40.67186402294603
Mutirão ,HORIZONTE,CV,-4.0948709999999995,-38.49190602066116
Bairro do Cemitério ,IPAPORANGA,CV,-4.9027325,-40.76351322208251
Favela do Magalhães - Jaçanaú,MARACANAÚ,CV,-3.847066,-38.64527089239956
Altiplano,IGUATU,CV,-6.3804465,-39.31342405372733
Campo da Espinha,FORTIM,CV,-4.55746,-37.77025485971195
Comunidade Do Rato,PALMÁCIA,CV,-4.057525500000001,-38.90893686629338
Morro Alto,ICAPUÍ,CV,-4.701653,-37.363241438088515
Residencial ll,MARACANAÚ,CV,-3.856367,-38.63573626122033
COCOBÓ,IGUATU,CV,-6.3742615,-39.30397618632075
Alto do Bom Princípio ,IPAPORANGA,CV,-4.90517,-40.757570345000744
Mucunã - Maracanaú,MARACANAÚ,CV,-3.846034,-38.65740818191197
Distrito de Cabreiro,ITAIÇABA,CV,-4.6162995,-37.832199733611915
Santa Terezinha - Aracati,ITAIÇABA,CV,-4.6052420000000005,-37.882029686984175
Bairro do Planalto ,CRATEÚS,CV,-5.1872705,-40.677462556
Residencial/Jabuti - Maracanaú,MARACANAÚ,CV,-3.8598220000000003,-38.63196411427665
Lagoa do Mato - Aracati,ARACATI,CV,-4.5915555,-37.63568868786337
Bairro da Mutamba,ICAPUÍ,CV,-4.6892205,-37.39237203458123
Tabua Lascada - Aracati,ITAIÇABA,CV,-4.640371,-37.79642617513369
Córrego dos Fernandes - Aracati,FORTIM,CV,-4.579257999999999,-37.87183811422756
Tucum,PACAJUS,CV,-4.1523905,-38.46398294401143
Vila Buiu,ARACATI,CV,-4.5645045,-37.75956085321526
Rua do Bueiro,MERUOCA,CV,-3.693987,-40.35998360070323
Vertentes,HORIZONTE,CV,-4.089672,-38.47723658160125
TABULEIRO DA VAQUEJADA -RUSSAS ,QUIXERE,CV,-4.927158,-37.983991738
Croatá 2,PACAJUS,CV,-4.1729205,-38.45811296564215
Jenipapeiro,MARACANAÚ,CV,-3.8579515000000004,-38.61682511714285
Cajuais,ICAPUÍ,CV,-4.699125,-37.37843153678078
"CJ. NOSSA SENHORA DO ROSÁRIO, CDD - RUSSAS - CV",QUIXERE,CV,-4.917683,-37.98010000960369
Residencial Turmalina,VILA VELHA,CV,-3.718478,-38.60406419492183
Planalto Pici,PICI,CV,-3.750783,-38.58036816348314
PITOMBEIRA - RUSSAS ,QUIXERE,CV,-4.959562999999999,-37.9918457923529
Praia da Barrinha,ICAPUÍ,CV,-4.683561,-37.3796279164569
LAGOA DO PREÁ,FORTIM,CV,-4.541346000000001,-37.90284027121744
Comunidade Entrada da Lua,DOM LUSTOSA,CV,-3.751132,-38.58264330487805
IPUEIRA DOS GOMES,CARIDADE,CV,-4.305875500000001,-39.196628739533764
Comunidade do Açaí - Antonio Bezerra,PADRE ANDRADE,CV,-3.741714,-38.58319291740246
Favelinha,PADRE ANDRADE,CV,-3.740154,-38.58431116896014
Buraco da Gia - Antonio Bezerra,PADRE ANDRADE,CV,-3.739172,-38.58143006056369
Comunidade da Portelinha- Planalto Pici,DOM LUSTOSA,CV,-3.7522025,-38.5812520573782
A.P- Planalto Pici,DOM LUSTOSA,CV,-3.7532300000000003,-38.58061054607978
Comunidade Da Julia,DOM LUSTOSA,CV,-3.749187,-38.583972915057004
TABULEIRO DO CATAVENTO - RUSSAS - CV,QUIXERE,CV,-4.923654,-37.982758119732736
MULTIRÃO VELHO - RUSSAS,QUIXERE,CV,-4.921355,-37.98379382894737
Maré ,DOM LUSTOSA,CV,-3.747471,-38.58316502313883
Comunidade do Sossego - Quintino Cunha,ANTÔNIO BEZERRA,CV,-3.7360535,-38.59703130732662
QUIXERÉ - ÁGUA FRIA - CV,QUIXERE,CV,-5.036169299999999,-38.00502035201016
ILHA - LIMOEIRO DO NORTE - CV,LIMOEIRO DO NORTE,CV,-5.1413025,-38.10391077756084
Alto da Paz,GRANJA LISBOA,CV,-3.789362,-38.61599671896083
Vila Por do Sol,PARAIPABA,CV,-3.348394,-39.144498669305
OLHO-DA-AGUA DA BICA ,TABULEIRO DO NORTE,CV,-5.3879315000000005,-38.01405575858696
CABEÇA PRETA - LIMOEIRO DO NORTE - CV,LIMOEIRO DO NORTE,CV,-5.1609415,-38.02598157576867
TABULEIRO DO NORTE - SEDE - CV,LIMOEIRO DO NORTE,CV,-5.2502865,-38.12806275972676
Comunidade Zé do Caldo,BOM JARDIM,CV,-3.796506,-38.59770970944674
CENTRO - RUSSAS ,QUIXERE,CV,-4.9378715,-37.97317816490717
LUIS ALVES DE FREITAS - LIMOEIRO DO NORTE - CV,LIMOEIRO DO NORTE,CV,-5.134498,-38.09638899700076
GIQUI - JAGUARUANA -CV,ITAIÇABA,CV,-4.770436,-37.77710286939984
CAPIM DE ROÇA,PINDORETAMA,CV,-4.1006184999999995,-38.299958515085535
Verdes Mares,PAPICU,CV,-3.7370229999999998,-38.47761936541925
BOM SUCESSO - RUSSAS -  CV,QUIXERE,CV,-4.923713,-37.949080972861566
Polígono 84,QUIXERE,CV,-4.91913,-37.98648288681152
SANTA LUZIA - JAGUARUANA - CV,ITAIÇABA,CV,-4.849666,-37.890761002383606
VOLTA - JAGUARUANA - CV,ITAIÇABA,CV,-4.7797615,-37.79814885133631
SÃO JOSÉ - JAGUARUANA - CV,JAGUARUANA,CV,-4.788826,-37.74670280760982
Capim De Roça ,PINDORETAMA,CV,-4.0944755,-38.29972671425888
CORREGO DE AREIA - LIMOEIRO DO NORTE,LIMOEIRO DO NORTE,CV,-5.199031,-38.12430660586979
SANTA LUZIA - LIMOEIRO DO NORTE,LIMOEIRO DO NORTE,CV,-5.138816,-38.092228461718754
Comunidade dos Plásticos - Quintino Cunha,QUINTINO CUNHA,CV,-3.7338009999999997,-38.59827161604185
COMUNIDADE DEUS É FIEL,CAJAZEIRAS,CV,-3.80400325,-38.51255301580137
Favelinha- Granja Lisboa,GRANJA LISBOA,CV,-3.792488,-38.6201384410407
Polígono 1245,PARACURU,CV,-3.4437299,-39.00688400231567
Comunidade do Mutirão,SIQUEIRA,CV,-3.801825,-38.62866811021099
Guabiraba,MARACANAÚ,CV,-3.894955,-38.68854775287402
Comunidade dos Canos - (Complexo do Vincent Pinzon),MUCURIPE,CV,-3.7271425000000002,-38.47837365042194
Morro do Pilão (Complexo do Vicente Pinzon),VICENTE PINZÓN,CV,-3.729608,-38.47487346486719
Terra e Mar (Complexo do Vicente Pinzon),MUCURIPE,CV,-3.725395,-38.47701224013158
Comunidade do Mirante - Castelo Encantado ,VICENTE PINZÓN,CV,-3.7239645,-38.47540536153274
Mirante (Complexo do Vicente Pinzon),VICENTE PINZÓN,CV,-3.7247645,-38.47539716713092
Morro Do Farol - Complexo Do Vicente Pizon,VICENTE PINZÓN,CV,-3.726578,-38.47272679937058
Buraco (Complexo do Vicente Pinzon),VICENTE PINZÓN,CV,-3.7274070000000004,-38.474858234139035
Castelo Encantado (Complexo do Vicente Pinzon),CAIS DO PORTO,CV,-3.7217065,-38.47433137931302
Alto Da Paz (Complexo do Vicente Pinzon),VICENTE PINZÓN,CV,-3.7235329999999998,-38.4718124390554
Comunidade dos Trilhos,COCÓ,CV,-3.745208,-38.49018138383838
Conj. São Pedro - Complexo Do Vicente Pizon ,VICENTE PINZÓN,CV,-3.725682,-38.469505774079316
Morro das Placas - (Complexo do Vincent Pinzon),VICENTE PINZÓN,CV,-3.7319585,-38.4706763000394
Comunidade Joana D'arc (Complexo do Vicente Pinzon),VICENTE PINZÓN,CV,-3.728943,-38.47018883805248
Comunidade do Muro Alto - (Complexo do Vincent Pizon),VICENTE PINZÓN,CV,-3.7300675,-38.469006907555624
Fazendinha,VICENTE PINZÓN,CV,-3.7314595,-38.46904081258841
CDD - CIDADE DOS DOIDOS,VICENTE PINZÓN,CV,-3.730716,-38.468731151067594
Proafa - Complexo Do Vicente Pizon ,VICENTE PINZÓN,CV,-3.7238474999999998,-38.46800700953999
Futurama,VICENTE PINZÓN,CV,-3.723294,-38.46631367622031
Marrocos,VICENTE PINZÓN,CV,-3.7242905,-38.46584963352669
Lagoa do Coração - Complexo do Vincent Pinzon,VICENTE PINZÓN,CV,-3.7294815,-38.46515836646341
RDF,VICENTE PINZÓN,CV,-3.726706,-38.46523310282363
Comunidade DSV,VICENTE PINZÓN,CV,-3.723673,-38.464612122100164
Comunidade da Sardinha,VICENTE PINZÓN,CV,-3.7214855,-38.465741350886915
Comunidade Dos Trilhos,CAIS DO PORTO,CV,-3.7131735,-38.47148586353712
Comunidade do Titanzinho,CAIS DO PORTO,CV,-3.712448,-38.465820871428576
Comunidade da Estiva,CAIS DO PORTO,CV,-3.7112885,-38.47071585999629
Comunidade da Senzala,CAIS DO PORTO,CV,-3.717078,-38.46406524085274
Petecas ,VICENTE PINZÓN,CV,-3.728137,-38.462545581349204
Beco Do SC,CAIS DO PORTO,CV,-3.709892,-38.4696492547735
Comunidade Muro de Pedra - (Complexo do Vincent Pinzon),VICENTE PINZÓN,CV,-3.727865,-38.46752325910504
Farol - Serviluz ,CAIS DO PORTO,CV,-3.7080919999999997,-38.469826506486484
Favelinha - Serviluz ,CAIS DO PORTO,CV,-3.7085185000000003,-38.4689757331881
Maré Alta - Serviluz,CAIS DO PORTO,CV,-3.708156,-38.4687995
Conefor,CAIS DO PORTO,CV,-3.7104264999999996,-38.46846780654988
VDM,CAIS DO PORTO,CV,-3.709533,-38.470946921019106
Comunidade dos Pescadores,CAIS DO PORTO,CV,-3.7199835,-38.46579515193515
Beco Da Pf ,VICENTE PINZÓN,CV,-3.721291,-38.46356709166666
Comunidade do Parafuso,VICENTE PINZÓN,CV,-3.728278,-38.459852211427126
Comunidade da VP,VICENTE PINZÓN,CV,-3.723915,-38.46235531489285
Comunidade do Trilho (Complexo do Vicente Pinzon),MUCURIPE,CV,-3.7248295000000002,-38.47909777780209
Beco Dos Pescadores ,CAIS DO PORTO,CV,-3.7187485000000002,-38.464316485190565
Beco Da Fumaça ,CAIS DO PORTO,CV,-3.719444,-38.46464925298161
Cidade 2000,CIDADE 2000,CV,-3.751195,-38.4702808160026
Rua do Meio,CIDADE NOVA,CV,-3.8406830000000003,-38.57169991407448
Comunidade do Índio,VARJOTA,CV,-3.7307685,-38.4813877871547
Comunidade do Cais,CAIS DO PORTO,CV,-3.717933,-38.475930779968806
Morro do Gengibre,CIDADE 2000,CV,-3.749169,-38.46498332663043
Cidade Jardim V,PREFEITO JOSÉ WALTER,CV,-3.8319345499999997,-38.546954534276956
Comunidade Serviluz,CAIS DO PORTO,CV,-3.7091785,-38.46923324876424
Gleba,CIDADE 2000,CV,-3.758849,-38.47202089880952
Piedade - Joaquim Tavora,JOAQUIM TÁVORA,CV,-3.743102,-38.520862343626106
Barreiros,CIDADE 2000,CV,-3.7575215,-38.46906035976201
Comunidade Cidade de Deus,ALTO DA BALANÇA,CV,-3.7595215,-38.516691910956965
Lagamar,ALTO DA BALANÇA,CV,-3.7614085,-38.51327794209743
Favelinha (Lagamar),ALTO DA BALANÇA,CV,-3.7610415,-38.51615021995856
Caça e Pesca ,PRAIA DO FUTURO II,CV,-3.765734,-38.44225652523585
Pio XII,SÃO JOÃO DO TAUAPE,CV,-3.7581379999999998,-38.51068204708199
Ap Cidade De Deus,ALTO DA BALANÇA,CV,-3.759465,-38.51809110661474
Conjunto Nossa Senhora de Fátima,ALTO DA BALANÇA,CV,-3.7580795,-38.51894736668346
Comunidade Dos Trilho,SÃO JOÃO DO TAUAPE,CV,-3.760333,-38.51035228207811
Beco do Piloto- Aerolândia,ALTO DA BALANÇA,CV,-3.765391,-38.509834048786246
Barreira,BARREIRA,CV,-3.7455615,-38.49139542589792
Comunidade Da vela,VARJOTA,CV,-3.7425550000000003,-38.489438199640475
Comunidade das Areias,PAPICU,CV,-3.74331,-38.47313073688376
Beco da Saudade,BOM JARDIM,CV,-3.7971019999999998,-38.59941574347826
Comunidade da Barreirinha (Alto da Balança),ALTO DA BALANÇA,CV,-3.763616,-38.50983837091263
Alto da Balança,ALTO DA BALANÇA,CV,-3.764068,-38.51404626346299
Favela da Peste,ALTO DA BALANÇA,CV,-3.7628825,-38.51386016916961
Aerolândia,AEROLÂNDIA,CV,-3.7664755,-38.51406538057969
Comunidade Padre Ciço,ALTO DA BALANÇA,CV,-3.7632185,-38.507907888968475
Conjunto Papicu,DE LOURDES,CV,-3.743865,-38.468140302209726
Comunidade do Paufininho,DE LOURDES,CV,-3.7444325000000003,-38.467328668424756
Terreno dos Padres,JOAQUIM TÁVORA,CV,-3.7500655,-38.518100049704614
Pracinha- Piedade,JOAQUIM TÁVORA,CV,-3.7462385,-38.518214117172164
Vila - Piedade,JOAQUIM TÁVORA,CV,-3.747204,-38.51830563709677
Comunidade do Campinho (Aerolândia),ALTO DA BALANÇA,CV,-3.7670985,-38.50975769625744
Cajueiros ,CIDADE 2000,CV,-3.7606475,-38.47214343705899
Comunidade do Canal ou Mela Mela,GRANJA PORTUGAL,CV,-3.781395,-38.59784770092634
Pau Melado ,DIONÍSIO TORRES,CV,-3.752994,-38.50221095945946
Beco da Galinha,PAPICU,CV,-3.739197,-38.47957478491489
Beco do Chico Vei,VARJOTA,CV,-3.7350304999999997,-38.48055732104122
Comunidade do Papoco,MUCURIPE,CV,-3.7254435,-38.488725016041556
Malvinas - Quintino Cunha,OLAVO OLIVEIRA,CV,-3.729035,-38.595687894387
Comunidade Dos Coqueiros - Mucuripe,MUCURIPE,CV,-3.725353,-38.48126482042254
Pracinha Saporé,MUCURIPE,CV,-3.7245454999999996,-38.483073567489626
Vila São Miguel,VARJOTA,CV,-3.730698,-38.4858431
Beco do 12 ,VARJOTA,CV,-3.733311,-38.48796381837042
Ponte ,SÃO JOÃO DO TAUAPE,CV,-3.7544785000000003,-38.50397284208776
Vila Manuel Sátiro,MANOEL SÁTIRO,CV,-3.7939976499999997,-38.57836297642193
Vila São Vicente,VARJOTA,CV,-3.730866,-38.486788419113424
Vila Nova,MUCURIPE,CV,-3.7283144999999998,-38.48250047237569
Saporé,MUCURIPE,CV,-3.7272545,-38.48550945224612
Vila Do Amor - Vila Peri,VILA PERI,CV,-3.787706,-38.577073576764164
São Mateus,VARJOTA,CV,-3.7299195000000003,-38.48681988116529
Parque Santa Fé,MARACANAÚ,CV,-3.8998485,-38.68684307680023
Beco da santos Dumont,PAPICU,CV,-3.743418,-38.476126638373294
Rocinha,EDSON QUEIROZ,CV,-3.7764055,-38.476033917395284
Beco do Jucá,EDSON QUEIROZ,CV,-3.7700975,-38.47348800444356
Rua da Feira,EDSON QUEIROZ,CV,-3.773135,-38.47268845787234
GS,EDSON QUEIROZ,CV,-3.7718895000000003,-38.47336977971845
Comunidade do Cal,CAJAZEIRAS,CV,-3.809099,-38.515728573837464
Comunidade do Moranguinho do Edson Queiroz,EDSON QUEIROZ,CV,-3.7742234999999997,-38.473793984375
Barroso ll,BARROSO,CV,-3.8167489999999997,-38.52194948852811
Sem Terra,EDSON QUEIROZ,CV,-3.7760435,-38.46959666677309
Favela da RB - Barroso ll,PASSARÉ,CV,-3.8156350000000003,-38.52159594679301
Vilinha B2,PASSARÉ,CV,-3.8096699999999997,-38.52623559452202
Novo Barroso,PASSARÉ,CV,-3.8162895,-38.52848398352734
Babilônia ,PASSARÉ,CV,-3.8213325,-38.52844042044518
Campo Do Baleia - Barroso ll,PASSARÉ,CV,-3.8211855,-38.52538533154006
Cajueiro - Tanques,MARANGUAPE,CV,-4.052447,-38.824042469808
Rua do Meio - Barroso ll,PASSARÉ,CV,-3.814345,-38.52785501966305
Vila Peri,VILA PERI,CV,-3.7938970000000003,-38.58334140890018
As Travessas - Barroso ll,BARROSO,CV,-3.818028,-38.521826124351584
Favela do Cano,CIDADE NOVA,CV,-3.842213,-38.5657987947355
Favela do Rato - Barroso ll,PASSARÉ,CV,-3.8192589999999997,-38.5239917906044
Vila Centenário,IGUATU,CV,-6.3694105,-39.31013210409347
Favela de Baixo - Barroso ll,BARROSO,CV,-3.821199,-38.522229434962725
Favela do Tatu,ALTO DA BALANÇA,CV,-3.7630585,-38.516881866364706
Bairro 7 de Setembro,IGUATU,CV,-6.367235000000001,-39.30237473890237
Rua Sousa Pinto,ALTO DA BALANÇA,CV,-3.7627639999999998,-38.51593215275265
Comunidade no bairro Tamandaré,JANGURUSSU,CV,-3.8401595,-38.51135545715796
TABULEIRO,IGUATU,CV,-6.3535165,-39.295205563907004
Vila Bincel,JANGURUSSU,CV,-3.837669,-38.51169328385399
JARDIM OASIS,IGUATU,CV,-6.3572904999999995,-39.312352727293444
Cocobó,IGUATU,CV,-6.3709995,-39.30328160150904
Jardim Castelão l,PASSARÉ,CV,-3.8196425,-38.53071445784605
FLORES,IGUATU,CV,-6.357290000000001,-39.296140703249414
Veneza,IGUATU,CV,-6.365989,-39.305660422740836
Guajiru,IPARANA,CV,-3.7007845,-38.64464091028162
Conjunto Industrial,IGUATU,CV,-6.366678,-39.31501127192982
Areias II,IGUATU,CV,-6.3492835,-39.31129848413984
COHAB III,IGUATU,CV,-6.3665405,-39.31086403859187
COHAB I,IGUATU,CV,-6.3720425,-39.31144937216088
João Paulo II,IGUATU,CV,-6.3384655,-39.31560473286683
SANTO ANTÔNIO,IGUATU,CV,-6.3697435,-39.29844849853717
PRADO,IGUATU,CV,-6.36857595,-39.295230299265526
ALTO DO JUCÁ,IGUATU,CV,-6.37458245,-39.29618205646307
QUIXELÔ,QUIXELÔ,CV,-6.252388,-39.19921163043479
BRASÍLIA,IGUATU,CV,-6.3529496000000005,-39.29933270005682
PARANÁ,IGUATU,CV,-6.34960955,-39.29924653560758
AREIAS I,IGUATU,CV,-6.3532601,-39.30380001373955
Alto do Tor,JUCÁS,CV,-6.5257775,-39.53725137498004
Cidade Jardim I,PREFEITO JOSÉ WALTER,CV,-3.827103,-38.54983532965874
CHAPADINHA,IGUATU,CV,-6.37554745,-39.26724688442641
JUCÁS - Buraco da Gia,JUCÁS,CV,-6.519747,-39.523729859741785
BARREIRAS,IGUATU,CV,-6.3235826,-39.33435282777185
GADELHA,IGUATU,CV,-6.4187534,-39.28239978379047
Polígono 1397,IGUATU,CV,-6.3264232499999995,-39.31925790196594
VILA DOS COQUEIROS,IGUATU,CV,-6.384922700000001,-39.30744761266817
COHAB II,IGUATU,CV,-6.3695357,-39.31228103614424
FOMENTO,IGUATU,CV,-6.39639435,-39.29841069005434
Favela da Catita,PACATUBA,CV,-3.920524,-38.597862791744845
Favela do Verdão,PACATUBA,CV,-3.9192204999999998,-38.60190014727172
Pavuna,PACATUBA,CV,-3.916267,-38.59922617525774
Renê Lucena,BREJO SANTO,CV,-7.488234,-39.00244575613431
Sítio Crack,MARAPONGA,CV,-3.791257,-38.57428131650531
Beco do Boi,PASSARÉ,CV,-3.8233495,-38.533404525813694
Vila Rolim - Boa Vista,DIAS MACÊDO,CV,-3.7910785000000002,-38.51628217401515
Rua da Lama,BOA VISTA/CASTELÃO,CV,-3.7951255,-38.5161166909548
Gavião/Mata Galinha - Boa Vista,BOA VISTA/CASTELÃO,CV,-3.7984280000000004,-38.51610250555158
Sem Terra,MARAPONGA,CV,-3.7967385,-38.57336387335893
Espinho ,LIMOEIRO DO NORTE,CV,-5.1167795,-38.13606191868574
Alto do Bode,SENADOR POMPEU,CV,-5.58528,-39.3741634582791
Cidade de Deus 2,PARQUE SANTA MARIA,CV,-3.8442695000000002,-38.50208134657164
Nova Brasilia ,JAGUARIBE,CV,-5.9037295,-38.62437378774963
30 de Abril,BOA VISTA/CASTELÃO,CV,-3.8015315000000003,-38.5219529748739
Praia Caetanos,AMONTADA,CV,-3.0780015,-39.56288151224227
Marinheiros,TRAIRI,CV,-3.1692629,-39.47611856688587
Beleza - Parambu,PARAMBU,CV,-6.204238500000001,-40.698821145142205
Planalto - Parambu,PARAMBU,CV,-6.2125145,-40.698500445353794
Vila Nova - Parambu,PARAMBU,CV,-6.2192505,-40.70816068888739
Caixa D'Água - Parambu,PARAMBU,CV,-6.214154000000001,-40.70225835678883
Bairro Brasília - Parambu,PARAMBU,CV,-6.2196885,-40.69905913569079
CIDADE UNIVERSITÁRIA - RUSSAS ,QUIXERE,CV,-4.946251,-37.97454688740815
VILA MATOSO - RUSSAS ,QUIXERE,CV,-4.947945499999999,-37.967005929848966
ALTO SÃO JOÃO - RUSSAS,QUIXERE,CV,-4.9401235,-38.000235341780666
IPIRANGA - RUSSAS ,QUIXERE,CV,-4.947938000000001,-37.986246669032326
CATUMBELA - RUSSAS ,QUIXERE,CV,-4.9424695,-37.98417994810971
AEROPORTO - RUSSAS ,QUIXERE,CV,-4.9456109999999995,-38.00364620555608
COMUNIDADE BACIA SECA,MANOEL SÁTIRO,CV,-3.7984503,-38.581959712694825
CPP - COMUNIDADE COMANDO DOS PIVETES PIRADOS OU HIPERCRÉDITO,PARQUE SĂO JOSÉ,CV,-3.79834565,-38.58565136850986
Santa Terezinha ,PARQUE SĂO JOSÉ,CV,-3.7915295,-38.5901613327733
Favela dos Canos,PARQUE SĂO JOSÉ,CV,-3.8030229999999996,-38.59263546470588
Fazendinha,CONJUNTO ESPERANÇA,CV,-3.8059765,-38.59337038618373
Comunidade Vertical,PARQUE SĂO JOSÉ,CV,-3.8040865,-38.59236823866348
Favela da Gv,PARQUE SĂO JOSÉ,CV,-3.80244,-38.590689178252234
Comunidade do Buraco,SIQUEIRA,CV,-3.8049600000000003,-38.613376550392005
Paraíso Verde,SIQUEIRA,CV,-3.8102475,-38.620336733060746
Parque São João,SIQUEIRA,CV,-3.8145369999999996,-38.62585707179908
Jari,SIQUEIRA,CV,-3.8207899999999997,-38.624422903953615
Parque São José,PARQUE SĂO JOSÉ,CV,-3.7968895,-38.58915868952419
JATOBÁ,SIQUEIRA,CV,-3.8085715,-38.63233230207024
SIQUEIRA,SIQUEIRA,CV,-3.816384,-38.61790177116891
Favela do Urubu,CANINDEZINHO,CV,-3.805863,-38.60794882259364
Jari - Maracanaú,SIQUEIRA,CV,-3.8193475,-38.63062258379432
Loteamento Jatobá,SIQUEIRA,CV,-3.807644,-38.62409119391486
Invasão ,CANINDEZINHO,CV,-3.808082,-38.610744007439195
AP DO JATOBÁ - JARDIM DO EDEM,SIQUEIRA,CV,-3.7993033,-38.63025686946844
Conjunto José Euclides,JANGURUSSU,CV,-3.8531795,-38.51685047530764
JOSÉ EUCLIDES,JANGURUSSU,CV,-3.852485,-38.51890262720397
Favela do Seu Geraldo,JANGURUSSU,CV,-3.844035,-38.5091806344086
Conjunto Habitacional Orgulho do Ceará,DIF III,CV,-3.857806,-38.55209190068011
Favela do Preá,JANGURUSSU,CV,-3.843508,-38.50645617553464
Favela do Cajueiro,JANGURUSSU,CV,-3.8458240000000004,-38.506697434433185
Comunidade da Galileia,ENGENHEIRO LUCIANO CAVALCANTE,CV,-3.7720019999999996,-38.48823481459386
Comunidade da Marica,JARDIM DAS OLIVEIRAS,CV,-3.775549,-38.49976590647482
Pindorama,SALINAS,CV,-3.772162,-38.501420774807876
Brooklyn ,SALINAS,CV,-3.7696375,-38.49823283096089
Paraíso Verde,SALINAS,CV,-3.7689865,-38.49704268619452
Comunidade da Cidade Nobre,JANGURUSSU,CV,-3.8340294999999998,-38.50594425519195
Vila verde,JARDIM DAS OLIVEIRAS,CV,-3.7833595,-38.50176702269036
Conjunto Tasso,JARDIM DAS OLIVEIRAS,CV,-3.777847,-38.505610843619564
Comunidade do Santo Afonso,JARDIM DAS OLIVEIRAS,CV,-3.775582,-38.505065653183024
Zeza,JARDIM DAS OLIVEIRAS,CV,-3.7814075000000003,-38.503915534152185
Polo - Tancredo Neves ,JARDIM DAS OLIVEIRAS,CV,-3.7839905,-38.51002246489499
Comunidade da 25 ,JARDIM DAS OLIVEIRAS,CV,-3.7791164999999998,-38.50423189921223
Rua do Catole ,JARDIM DAS OLIVEIRAS,CV,-3.7845775,-38.50493069204718
Comunidade da 50tinha,JARDIM DAS OLIVEIRAS,CV,-3.7798309999999997,-38.50412841446028
Rua da Granja,JARDIM DAS OLIVEIRAS,CV,-3.779928,-38.5023386013324
Tancredo Neves ,JARDIM DAS OLIVEIRAS,CV,-3.7836334999999996,-38.50703731456041
Favela da Maiqueira,JARDIM DAS OLIVEIRAS,CV,-3.7757085,-38.50661961870027
Comunidade do Cimpelco (Complexo da Barra do Ceará),BARRA DO CEARÁ,CV,-3.7024405,-38.57509746398685
Coloral,JARDIM DAS OLIVEIRAS,CV,-3.7860009999999997,-38.50993661789552
Cracôlandia,JARDIM DAS OLIVEIRAS,CV,-3.7794855,-38.50308606395349
Comunidade dos Índios,CANINDEZINHO,CV,-3.804431,-38.59663660183366
Vila Nova - Maracanaú,ALTO ALEGRE II,CV,-3.8341295,-38.638519984878215
Loteamento Osório de Paiva,SIQUEIRA,CV,-3.8262885,-38.63021138873873
Jari - Maracanaú,SIQUEIRA,CV,-3.8154185,-38.63523988751946
Jagatá ,CONJUNTO PALMEIRAS,CV,-3.852907,-38.52109006932153
Fronteira ,PARQUE SANTA MARIA,CV,-3.8491275,-38.503163168161215
Sem Terra,GUAJERU,CV,-3.8385125,-38.4855902766934
Residencial Luiz Gonzaga,ANCURI,CV,-3.8576785,-38.51145861703078
Conjunto Patativa do Assaré,JANGURUSSU,CV,-3.854315,-38.515313138522004
Maria Tomásia - Jangurussu,JANGURUSSU,CV,-3.8567925,-38.5176298625955
Sitio São João,JANGURUSSU,CV,-3.8489095,-38.514987400908225
Vilinha,ANCURI,CV,-3.8578770000000002,-38.515749222698105
Casinhas do Maria Tomasia,JANGURUSSU,CV,-3.8558985,-38.51583074895134
Nova esperança - Pajuçara,DIF III,CV,-3.8567905,-38.559184656015034
Bom Jesus - Maracanaú,SIQUEIRA,CV,-3.814899,-38.637016966262635
12,VILA VELHA,CV,-3.71075,-38.59556326600277
Comunidade do Canção ,VILA VELHA,CV,-3.7140905,-38.602674270470054
Casinhas ,VILA VELHA,CV,-3.7130840000000003,-38.602851282167066
Comunidade O.R,VILA VELHA,CV,-3.7132435,-38.60448446935833
Estradinha do Garfanhotos - Vila Velha,VILA VELHA,CV,-3.706028,-38.595392436063065
Comunidade Gafanhotos,VILA VELHA,CV,-3.711361,-38.603792334742074
Parque Leblon,PARQUE LEBLON,CV,-3.6976225,-38.59685029306153
Favela da Cirandar,BARRA DO CEARÁ,CV,-3.703474,-38.57383748833671
4 Varas,BARRA DO CEARÁ,CV,-3.701241,-38.574595031954885
Mutirão,CRISTO REDENTOR,CV,-3.7044794999999997,-38.570001572298324
Colônia ,CRISTO REDENTOR,CV,-3.704384,-38.57193202261104
Canal (Complexo da Barra do Ceará),BARRA DO CEARÁ,CV,-3.7009105,-38.57635950799544
Comunidade do HX ,BARRA DO CEARÁ,CV,-3.701991,-38.58003625838997
Condomínio da 6 (Complexo da Barra do Ceará),BARRA DO CEARÁ,CV,-3.7038345,-38.57585399791628
Comunidade dos Coqueiros (Complexo da Barra do Ceará),CRISTO REDENTOR,CV,-3.7026005,-38.570474729487174
Morro do Grêmio ,BARRA DO CEARÁ,CV,-3.6985514999999998,-38.57881062878393
Beco da Pompeia,BARRA DO CEARÁ,CV,-3.7024795,-38.57933847936383
Comunidade do Canal - Vila Velha,VILA VELHA,CV,-3.7153975,-38.60390799312019
Favela do Bical,BARRA DO CEARÁ,CV,-3.7047160000000003,-38.574990664573605
Favela da 3P,BARRA DO CEARÁ,CV,-3.7024425,-38.572831384127696
Goiabeiras ,BARRA DO CEARÁ,CV,-3.6996115,-38.57810312797619
B13 - (Complexo da Barra do Ceará),BARRA DO CEARÁ,CV,-3.7072190000000003,-38.57353999421014
Laje da Colônia ,CRISTO REDENTOR,CV,-3.7060079999999997,-38.56945544985152
Jambalaia / Morro do Falcão,CRISTO REDENTOR,CV,-3.704079,-38.56741712052698
Morro da Colônia (Complexo da Barra do Ceará),CRISTO REDENTOR,CV,-3.705602,-38.5709569428934
Cristo Redentor Colônia - (Complexo Da Barra Do Ceará),CRISTO REDENTOR,CV,-3.7056895,-38.567972411810615
Fronteira (Complexo da Barra do Ceará),CRISTO REDENTOR,CV,-3.7065245,-38.566351374418105
Pantanalzinho,PARQUE MANIBURA,CV,-3.7892425,-38.48657695744326
Vila cazumba ,JARDIM DAS OLIVEIRAS,CV,-3.788672,-38.50599618553315
Travessa,PARQUE MANIBURA,CV,-3.788742,-38.486332765729586
CASARÃO DE FESTAS,PARQUE MANIBURA,CV,-3.7896685999999997,-38.482644288449066
CASARÃO / RUA DO MEIO,PARQUE MANIBURA,CV,-3.78971295,-38.487282143621144
Beco do Kaleb,PARQUE MANIBURA,CV,-3.790305,-38.486547986301375
Favela do Pantanal,PARQUE MANIBURA,CV,-3.7897475,-38.49144840325516
Jari,URUCUTUBA,CV,-3.79748,-38.64833940429825
Favela Do 18 ,ALTO ALEGRE II,CV,-3.8280685,-38.626795127968336
Vila da Paz,ALTO ALEGRE II,CV,-3.8438464999999997,-38.606459911243306
Campo do Ganso,ALTO ALEGRE II,CV,-3.8448409999999997,-38.61032479857957
Parque tijuca,ALTO ALEGRE II,CV,-3.8399605,-38.62543495183096
Jagatá - Maracanaú,ALTO ALEGRE II,CV,-3.833576,-38.62190007623318
Alto da Mangueira - Maracanaú,MARACANAÚ,CV,-3.8872625000000003,-38.631496668439986
Maracananzinho,MARACANAÚ,CV,-3.8662859999999997,-38.63442398674911
Multirão - Maracanaú,MARACANAÚ,CV,-3.8902595,-38.63845525
Ouro preto,MARACANAÚ,CV,-3.8712665,-38.62174447586375
Piratininga,MARACANAÚ,CV,-3.870813,-38.627834152504434
Jereissati Setor A - Maracanaú,MARACANAÚ,CV,-3.8758105,-38.619344899018905
Coqueiral - Maracanaú,MARACANAÚ,CV,-3.8671445,-38.62560295402973
Horto,MARACANAÚ,CV,-3.9065529999999997,-38.62002672759395
Passarela ,MARACANAÚ,CV,-3.8819714999999997,-38.624875429362035
Planalto Verde,MARACANAÚ,CV,-3.9017055000000003,-38.61967629901055
Olho D’Água,MARACANAÚ,CV,-3.9176135,-38.625858445210724
Residencial Dummar 2,MARACANAÚ,CV,-3.8810765,-38.59758822793828
Favela Da Lagoa,MARACANAÚ,CV,-3.8766905,-38.626196768580556
Jardim Bandeirantes,CIDADE NOVA,CV,-3.8744680000000002,-38.59155352846825
Novo Maracanaú,MARACANAÚ,CV,-3.8664015000000003,-38.62239021561527
Boa Esperança - Pajuçara,CIDADE NOVA,CV,-3.8539085,-38.577856003630615
Pajuçara,CIDADE NOVA,CV,-3.856525,-38.583179882044135
Comunidade do Flamenguinho - Pajuçara,CIDADE NOVA,CV,-3.8585675,-38.57406320720275
Comunidade dos Macacos - Pajuçara,CIDADE NOVA,CV,-3.860804,-38.584694849789116
Comunidade do Canal - Pajuçara,CIDADE NOVA,CV,-3.864122,-38.57832183712354
Comunidade do Museu - Pajuçara,CIDADE NOVA,CV,-3.8656040000000003,-38.580861078257826
Areá verde - Pajuçara,CIDADE NOVA,CV,-3.870018,-38.58449673546388
Jereissati Setor B - Maracanaú,MARACANAÚ,CV,-3.874906,-38.6135656270109
Sem Terra,CIDADE NOVA,CV,-3.875043,-38.584938853707385
Jereissati Setor C - Maracanaú,MARACANAÚ,CV,-3.8800895,-38.61079963458626
Timbó,MARACANAÚ,CV,-3.8777455,-38.60183495198069
Barragem Santo Antônio ,PACATUBA,CV,-3.9403555,-38.64329062403165
Residencial Dummar 3,MARACANAÚ,CV,-3.879677,-38.59729885211465
Residencial Dummar 1,MARACANAÚ,CV,-3.881087,-38.59872384689289
Rua do trilho,MARACANAÚ,CV,-3.8815739999999996,-38.62683091172341
Jereissati Setor D - Maracanaú,MARACANAÚ,CV,-3.881595,-38.61792305206943
Boa Vista - Maracanaú,MARACANAÚ,CV,-3.8873575000000002,-38.62323676355296
Jereissati Setor E - Maracanaú,MARACANAÚ,CV,-3.886841,-38.61850011133237
Vila Cabral,EUSÉBIO,CV,-3.8848155,-38.409041419909784
Conjunto Vitoria - Pajuçara,CIDADE NOVA,CV,-3.8584579999999997,-38.57659958334408
Parque Jerusalém,CANINDEZINHO,CV,-3.804416,-38.59974044779163
Estação - Boa Vista ,MARACANAÚ,CV,-3.887359,-38.62518408364899
Piranha,EUSÉBIO,CV,-3.8872584999999997,-38.4221861208451
Tupuiú,EUSÉBIO,CV,-3.878595,-38.40963619061942
Autódromo,EUSÉBIO,CV,-3.895682,-38.46253464259077
Jacundá ,EUSÉBIO,CV,-3.8893125,-38.416742754698774
Vila da Prata,EUSÉBIO,CV,-3.8933605,-38.45616025411184
Santo Antônio,PEDRAS,CV,-3.8916055,-38.49971487771015
Novo Portugal,EUSÉBIO,CV,-3.882846,-38.423318435929644
Parnamirim 2,EUSÉBIO,CV,-3.8864235000000003,-38.45907833963294
Favela da Portelinha,CANINDEZINHO,CV,-3.809157,-38.59961363521483
Comunidade dos Canos - Jerusalém,PARQUE SĂO JOSÉ,CV,-3.800993,-38.59392063155738
Inferninho,PRECABURA,CV,-3.8406545000000003,-38.43611426358959
Vila São Francisco,PRECABURA,CV,-3.837518,-38.44038828221184
Gruta - Aquiraz,AQUIRAZ,CV,-3.9085715,-38.38668617608184
Águas Belas,PINDORETAMA,CV,-4.05281,-38.188833282327884
Iguapé,AQUIRAZ,CV,-3.9429795,-38.29332024501812
Pratius ll,PINDORETAMA,CV,-4.035363,-38.252506005810254
Pindoba,EUSÉBIO,CV,-3.8987285,-38.41581033123466
Praia do Batoque,PINDORETAMA,CV,-4.000567,-38.23929250354967
Patacas,AQUIRAZ,CV,-3.993547,-38.350037507838024
Tapera de Aquiraz,AQUIRAZ,CV,-3.9504365,-38.34852056275756
Caponga,PINDORETAMA,CV,-4.04436,-38.19553966337274
Novo iguape,AQUIRAZ,CV,-3.9596845,-38.3191308233005
Buriti,PACAJUS,CV,-4.173857999999999,-38.47915620031115
Pratius l,PINDORETAMA,CV,-4.0371305,-38.273799888611414
Barro preto,PINDORETAMA,CV,-3.9492645,-38.276183924892386
Vila Prata,PINDORETAMA,CV,-4.072705,-38.23152755375777
Praia do Balbino,PINDORETAMA,CV,-4.021958,-38.221910205002594
CDD,PACAJUS,CV,-4.1621815,-38.479951087603624
Tijucussu 2,PINDORETAMA,CV,-4.0773075,-38.24678216832242
Lagoa Seca de Pacajus,PACAJUS,CV,-4.1744900000000005,-38.48681183026031
Vila Pagã - Aquiraz,AQUIRAZ,CV,-3.9602255,-38.36045082643443
Alto da Boa Vista,PACAJUS,CV,-4.1631965,-38.47507524840066
Cidade de Pindoretama,PINDORETAMA,CV,-4.023222499999999,-38.31052900394304
Praia do Presídio,AQUIRAZ,CV,-3.934014,-38.31170290739915
Beira do Açude ,PACAJUS,CV,-4.165425,-38.44522456058509
Coaçu,COAÇU,CV,-4.1667225000000006,-38.47020438667232
Pedra Branca,PEDRA BRANCA,CV,-4.1695355,-38.476974
Pingo De Ouro - Aquiraz,AQUIRAZ,CV,-3.983724,-38.358804306729446
Bairro Mangueiral,HORIZONTE,CV,-4.0953230000000005,-38.48887097330527
MANGUEIRAL,PINDORETAMA,CV,-4.07588735,-38.29545359961361
Tanques,HORIZONTE,CV,-4.068967000000001,-38.43784520845243
Sem Terra,HORIZONTE,CV,-4.0908905,-38.48805250354948
Zumbi,HORIZONTE,CV,-4.098656,-38.484628751923324
Vila Catu - Horizonte,HORIZONTE,CV,-4.0825265,-38.49450684558509
Comunidade Asa Branca,HORIZONTE,CV,-4.131391,-38.4785238945616
Diadema 2,HORIZONTE,CV,-4.0955595,-38.48478552718964
Caponga da Bernarda,PINDORETAMA,CV,-4.047810999999999,-38.36417593594801
Pica- Pau (Distrito Industrial),HORIZONTE,CV,-4.1213075,-38.48341933145174
Planalto Horizonte,HORIZONTE,CV,-4.109450000000001,-38.4832905660064
Mal Cozinhado ,HORIZONTE,CV,-4.085805000000001,-38.48926758905489
Malhada ,HORIZONTE,CV,-4.134748,-38.490134359421475
Alto da Paz,HORIZONTE,CV,-4.1021065,-38.47678185538578
Caminho das Estrelas,PACAJUS,CV,-4.1696935,-38.44680804943479
Ancuri,ANCURI,CV,-3.8813655000000002,-38.53183542540323
Bairro Novo,PEDRAS,CV,-3.866931,-38.523069677438656
Riacho Doce,PARACURU,CV,-3.4170705,-39.04350125613948
Alto Fechado,PEDRAS,CV,-3.8898945,-38.54656713199867
Boqueirão dos Tabosas,PARAIPABA,CV,-3.4284745,-39.15731618044933
Polígono 662,PARACURU,CV,-3.41119895,-39.03136368408872
Polígono 660,PARACURU,CV,-3.4181272,-39.02045909741291
Campo de Aviação ,PARACURU,CV,-3.418953,-39.02792735717658
Vila São José,PARACURU,CV,-3.4242660000000003,-39.032697466049385
Carlotas ll,PARACURU,CV,-3.4272035,-39.026585762724096
Polígono 661,PARACURU,CV,-3.43148755,-39.03314094904454
Comunidade do Alagadiço ,PARACURU,CV,-3.4263115,-39.02254505151888
Bairro da Torre,PARACURU,CV,-3.415485,-39.026029953954676
Conjunto Carandiru - Planalto Horizonte,HORIZONTE,CV,-4.1156445,-38.4782262881796
Carlotas,PARACURU,CV,-3.4257160000000004,-39.0297509272698
Maleitas,PARACURU,CV,-3.419879,-39.03757931262855
Antônio Marques,PALMÁCIA,CV,-4.075025999999999,-38.894423414163086
Tanques,PALMÁCIA,CV,-4.083038,-38.79283460683254
Comunidade da Babilônia ,MARANGUAPE,CV,-4.0295819999999996,-38.873552765209126
São João do Amanari,MARANGUAPE,CV,-4.0202765,-38.88917250183992
Amanari,MARANGUAPE,CV,-4.0244095,-38.86948756441447
Itapebussu,MARANGUAPE,CV,-4.029199500000001,-38.92553186153829
Serra Pelada,MARACANAÚ,CV,-3.9165029999999996,-38.69776592230444
Piraporã,MARACANAÚ,CV,-3.8917384999999998,-38.69586396705747
Alto Cemitério,MARACANAÚ,CV,-3.886763,-38.68636076771957
Santos Dumont,MARACANAÚ,CV,-3.906302,-38.68743913211382
Alta Delta,MARACANAÚ,CV,-3.92129,-38.69084963343354
Lagoa do Juvenal - Maranguape,MARANGUAPE,CV,-4.026025499999999,-38.971779023454744
Pato Selvagem,MARACANAÚ,CV,-3.9121255,-38.67584176555815
Mororó,MARACANAÚ,CV,-3.8866645,-38.675158949373696
Novo Parque Iracema - Alto do João Grande,MARACANAÚ,CV,-3.9157710000000003,-38.69039844512149
Condomínio da Palmeirinha ,MARACANAÚ,CV,-3.8825510000000003,-38.669698814006516
Cidade de Deus - Área Seca,MARACANAÚ,CV,-3.8753855,-38.66089854039866
BECO DO BURACO - VILA SÃO JOSÉ - ALTO DO CAJUEIRO,MARACANAÚ,CV,-3.895212,-38.69095230633209
Portelinha,MARACANAÚ,CV,-3.8670375,-38.66872848529412
Ilha,MARACANAÚ,CV,-3.881023,-38.66759275154428
Comunidade do Prourb ,MARACANAÚ,CV,-3.8843885,-38.671984410816776
Campo do Palmeiras,MARACANAÚ,CV,-3.8800675,-38.67220300948276
Coité,MARACANAÚ,CV,-3.9074605,-38.67590803152309
Área Verde - Novo Maranguape I,MARACANAÚ,CV,-3.870572,-38.66889182338462
Campos do Jordão ,MARACANAÚ,CV,-3.8891785,-38.60260813349872
Planalto Benjamin,MARACANAÚ,CV,-3.8943695,-38.61849751531851
Vila das Flores,MARACANAÚ,CV,-3.8960955,-38.621524299086786
Velho Timbó,MARACANAÚ,CV,-3.906831,-38.60193316066046
Residencial Pacatuba 1,MARACANAÚ,CV,-3.8913219999999997,-38.606497268082634
Jereissati Setor H - Pacatuba,MARACANAÚ,CV,-3.889052,-38.61488990432099
Residencial Pacatuba 2,MARACANAÚ,CV,-3.8903055,-38.6061944939693
Torrões,CIDADE NOVA,CV,-3.883665,-38.58117823370647
Jereissati Setor F - Pacatuba,MARACANAÚ,CV,-3.892746,-38.609542312257155
Ponta da Serra de Pitaguari,PACATUBA,CV,-3.937844,-38.609739219689615
Jereissati Setor G - Pacatuba,MARACANAÚ,CV,-3.8869085,-38.60708732690692
Vila Rica - Pacatuba,PACATUBA,CV,-3.957264,-38.607864891561185
Quiobal - Pacatuba,PACATUBA,CV,-3.999385,-38.61919422424909
Monguba,PACATUBA,CV,-3.9308985,-38.60329266246845
Bairro Quandú,PACATUBA,CV,-4.008672000000001,-38.61989403860569
Cachoeira do Paraíso - Pacatuba,PACATUBA,CV,-4.0130040000000005,-38.62838806542056
Bairro Alto São João,PACATUBA,CV,-3.997197,-38.62222215114699
Pracinha- Pacatuba,PACATUBA,CV,-3.9804385,-38.61570388213714
Piripau,PACATUBA,CV,-3.9804785000000003,-38.617192929741776
São Gregório ,PACATUBA,CV,-3.9766215,-38.60964994098364
Rabo da Gata,PACATUBA,CV,-3.964576,-38.612851291017876
Parque Aratanha,PACATUBA,CV,-3.9791125000000003,-38.612931331262516
Bairro São Luís - Pacatuba,PACATUBA,CV,-3.9796430000000003,-38.59122510167922
São Bento- Pacatuba,PACATUBA,CV,-3.984154,-38.60619018091832
São José ,PACATUBA,CV,-3.9768220000000003,-38.61435580762085
Bairro Miguel de Souza - Guaiuba,GUAIÚBA,CV,-4.046551,-38.63650305390995
Buraco da Gia,GUAIÚBA,CV,-4.0430790000000005,-38.63895884493671
Sem Terra - Guaiuba,GUAIÚBA,CV,-4.046153,-38.63155653847048
Alto do Cemitério ,GUAIÚBA,CV,-4.0367945,-38.63262412629758
Alto Santo Antônio ,GUAIÚBA,CV,-4.048225,-38.634179488992686
Favela da Cuba,GUAIÚBA,CV,-4.043536,-38.62886724124425
Pinheiro,GUAIÚBA,CV,-4.0391445,-38.63898672167302
Buraco da Gia,GUAIÚBA,CV,-4.040748,-38.638366156152685
Santa Marta,ALTO ALEGRE II,CV,-3.8279895,-38.620788982716064
Comunidade Sem Terra,CANINDEZINHO,CV,-3.815239,-38.611004136286354
Loló,GUAIÚBA,CV,-4.0454245,-38.63381014904043
Conjunto Juraci Magalhães,CANINDEZINHO,CV,-3.8093775,-38.604507731294234
Comunidade da feira,CANINDEZINHO,CV,-3.8086455,-38.60372697211538
Comunidade Inferninho,CANINDEZINHO,CV,-3.811121,-38.60422462396397
Comunidade Beira Rio - Canidezinho,CANINDEZINHO,CV,-3.8096674999999998,-38.59696583563536
Comunidade 8 de Dezembro,CANINDEZINHO,CV,-3.819561,-38.61513595333567
Tanque,CONJUNTO ESPERANÇA,CV,-3.8095455,-38.59420090674418
Esplanada do Mondubim,INDUSTRIAL,CV,-3.8348955,-38.590463316744014
Comunidade do Posto - Canidezinho,CANINDEZINHO,CV,-3.81212,-38.59828285482847
Planalto Vitória ,ALTO ALEGRE II,CV,-3.8224895,-38.60897098964101
Conj. Siqueira ,CANINDEZINHO,CV,-3.813316,-38.59904759421365
Atibaia ,ALTO ALEGRE II,CV,-3.8231945,-38.6187965860215
Alto Alegre II,ALTO ALEGRE II,CV,-3.8342385,-38.600697500929286
Comunidade dos Tribo - Joaquim Tavora,JOSÉ BONIFÁCIO,CV,-3.740108,-38.522376474618085
Novo Mondubim  ,NOVO MONDUBIM,CV,-3.8052574999999997,-38.58948612857799
Bairro Industrial,INDUSTRIAL,CV,-3.839072,-38.59370076154289
Conjunto Marcos Freire,MONDUBIM,CV,-3.8231525,-38.56308567024763
Alto Alegre,ALTO ALEGRE II,CV,-3.827131,-38.61013110889398
Comunidade do Renascer,MONDUBIM,CV,-3.8259084999999997,-38.564743252369134
Beco da Morte - Conjunto Esperança,CONJUNTO ESPERANÇA,CV,-3.8158795000000003,-38.59078324732006
Parque Presidente Vargas,PARQUE PRESIDENTE VARGAS,CV,-3.8260810000000003,-38.59658403717216
Comunidade do Bandeirantes - Conjunto Esperança,CONJUNTO ESPERANÇA,CV,-3.813789,-38.5952337154195
Conjunto Esperança,CONJUNTO ESPERANÇA,CV,-3.8124355,-38.59157139509385
Parque Santana,NOVO MONDUBIM,CV,-3.814064,-38.57974738789494
Conjunto Abelardo Rocha - Mondubim,MONDUBIM,CV,-3.8188435,-38.566551671817706
Parque Santa Rosa (Apolo XI),PARQUE SANTA ROSA,CV,-3.820215,-38.595079363191324
Fluminense,CANINDEZINHO,CV,-3.8179225,-38.60584898057068
Comunidade do Reservatório ,CANINDEZINHO,CV,-3.816079,-38.60374892700535
Comunidade do Japãozinho - Cidade Nova,CIDADE NOVA,CV,-3.842883,-38.579505627020666
Comunidade do São Pedro - Aracape,ARACAPÉ,CV,-3.8283715000000003,-38.585552801136366
Quadras - Aracape,ARACAPÉ,CV,-3.8312359999999996,-38.5885624024776
Vacaria,ALTO ALEGRE II,CV,-3.8280374999999998,-38.60501625816549
sidronio - Presidente Vargas,PARQUE PRESIDENTE VARGAS,CV,-3.829219,-38.59997309995421
Comunidade Da Feira - Conjunto Esperança,CONJUNTO ESPERANÇA,CV,-3.8161315,-38.59255808460886
Palestina - Presidente Vargas,PARQUE PRESIDENTE VARGAS,CV,-3.8263405,-38.601796803344605
Comunidade do gatilho - Conjunto Esperança,CONJUNTO ESPERANÇA,CV,-3.8151580000000003,-38.593703070901455
Canal - Conjunto Esperança,CONJUNTO ESPERANÇA,CV,-3.8116915000000002,-38.596059504780555
Beco do Chocolate,NOVO MONDUBIM,CV,-3.8044585,-38.590389097115725
Conjunto Nova União - Mondubim,NOVO MONDUBIM,CV,-3.8119690000000004,-38.580520344444444
Titanic,MONDUBIM,CV,-3.8196355,-38.574817294453744
Modumbi ,NOVO MONDUBIM,CV,-3.8075865,-38.58504144680465
Cajamar,NOVO MONDUBIM,CV,-3.8105605000000002,-38.585957364274684
Apartamentos do Novo Mondubim,NOVO MONDUBIM,CV,-3.8076309999999998,-38.58845184925287
Sítio Corrego,MONDUBIM,CV,-3.8168629999999997,-38.57125880796835
BARRACAL,PLANALTO AYRTON SENNA,CV,-3.8324735,-38.56379231818991
Barreiros - Planalto Ayrton Senna ,PLANALTO AYRTON SENNA,CV,-3.8359235,-38.571991058758925
Beco do HR,NOVO MONDUBIM,CV,-3.811637,-38.58297625954614
Comunidade do C3,CONJUNTO ESPERANÇA,CV,-3.820356,-38.583664605747266
Conj. Novo Modumbi ,NOVO MONDUBIM,CV,-3.8087615,-38.58772168486766
Favela da H.R,CONJUNTO ESPERANÇA,CV,-3.8143045,-38.59210920404722
Lagoa Da Libania - Parque Santana,MONDUBIM,CV,-3.816672,-38.576853742972695
Favela do Cuca,NOVO MONDUBIM,CV,-3.80682,-38.58256423810409
Boa Vista - Mondubim,ARACAPÉ,CV,-3.822789,-38.58200605056625
Muro de Pedra - Aracape,PARQUE SANTA ROSA,CV,-3.8215705,-38.58729909494602
Comunidade da Lagoa - Mondubim,NOVO MONDUBIM,CV,-3.8071755,-38.57862215101633
Camberrinha,NOVO MONDUBIM,CV,-3.809952,-38.58678954377859
Comunidade da GDD,NOVO MONDUBIM,CV,-3.8047615,-38.585092130383075
Beco Do Espinho - Aracapé,ARACAPÉ,CV,-3.8283699999999996,-38.58169156036078
Beco do Castelo - Aracapé,ARACAPÉ,CV,-3.8372925,-38.583673261864405
Planalto Mondubim,CONJUNTO ESPERANÇA,CV,-3.8181624999999997,-38.58231623314317
Loteamento São Mateus,NOVO MONDUBIM,CV,-3.816337,-38.58256021628721
Favela da GN,NOVO MONDUBIM,CV,-3.8132965,-38.58491020570807
Beco America - Mondubim,MONDUBIM,CV,-3.8232654999999998,-38.575225626716914
Monte Libano,PLANALTO AYRTON SENNA,CV,-3.829485,-38.56609896765417
Campo Rio Negro - Parque Santana,MONDUBIM,CV,-3.818114,-38.57801365391154
Favela do Morcego,ARACAPÉ,CV,-3.8208564999999997,-38.58063144929078
Favela dos Pirineus,MONDUBIM,CV,-3.820546,-38.57637195238095
Rua da Montenegro - Aracape,ARACAPÉ,CV,-3.8342995,-38.586466956213286
Pantanal - Planalto Ayrton Senna ,PLANALTO AYRTON SENNA,CV,-3.8328445,-38.57113839163297
Laje - Planalto Ayrton Senna ,PLANALTO AYRTON SENNA,CV,-3.8306595000000003,-38.57418759173534
Canal Baixo ,PLANALTO AYRTON SENNA,CV,-3.8345124999999998,-38.57900925830511
Viametro,PLANALTO AYRTON SENNA,CV,-3.8315875000000004,-38.57935174489796
Comunidade do Sol Nascente,PLANALTO AYRTON SENNA,CV,-3.8363940000000003,-38.57468173148148
Aurora - Cidade Nova,PLANALTO AYRTON SENNA,CV,-3.8378059999999996,-38.57340650187054
Comunidade da Portelinha- Planalto Ayrton Senna,PLANALTO AYRTON SENNA,CV,-3.8285085,-38.5714402519849
Rua Fortaleza - Planalto Ayrton Senna ,PLANALTO AYRTON SENNA,CV,-3.8337995,-38.57606781709446
ADEMIR MARTINS,JANGURUSSU,CV,-3.8545024999999997,-38.51182507067247
Planalto Cidade Nova,PLANALTO AYRTON SENNA,CV,-3.8371245,-38.57879912993618
Comunidade Da Cagece ,PLANALTO AYRTON SENNA,CV,-3.8315865000000002,-38.57503646013128
Cidade Nova,CIDADE NOVA,CV,-3.8395175,-38.5775659976572
Beco Planaltina,PLANALTO AYRTON SENNA,CV,-3.8374449999999998,-38.5721934375
Bairro Balneario,PIRES FERREIRA,CV,-4.195031,-40.47876680032523
Taperuaba,IRAUÇUBA,CV,-4.0807465,-39.94645465597015
Bairro Pedreira,PIRES FERREIRA,CV,-4.198684,-40.483361048019816
Cajuás,CAPISTRANO,CV,-4.493402,-38.950935611012866
Marmoré,CAPISTRANO,CV,-4.495927999999999,-38.89954806003759
Cidade de Aratuba,ARATUBA,CV,-4.4197515,-39.04596721814415
Cidade de Capistrano,CAPISTRANO,CV,-4.467674499999999,-38.90090412757114
Palmatória ,ITAPIÚNA,CV,-4.524122,-39.005559841185814
Conjunto Habitacional Maria José,BATURITE,CV,-4.34767,-38.862651674084674
Alto Alegre - Baturité,BATURITE,CV,-4.3544125000000005,-38.84834784218352
Cidade de Itapiúna,ITAPIUNA,CV,-4.565382,-38.922706851612375
Areias,BATURITE,CV,-4.323727,-38.86071357005787
Alto,PEDRAS,CV,-3.873893,-38.5078685851711
Coió,BATURITE,CV,-4.3361595,-38.86232882120139
Putiú,BATURITE,CV,-4.337222,-38.86810764571119
Sem Terra,BATURITE,CV,-4.340706,-38.86552959984926
Alto da Cruz- Baturité,BATURITE,CV,-4.337545,-38.870731910186215
Bairro de Macunã,BATURITE,CV,-4.344887,-38.87194946634164
Bairro PROUBR,BATURITE,CV,-4.347761,-38.87205029947819
Bairro da Manga,BATURITE,CV,-4.340898,-38.87125664413057
Alto da Pipoca,BATURITE,CV,-4.329231999999999,-38.869033818334614
Gustavo Sampaio,BATURITE,CV,-4.33078,-38.87360305103588
São Francisco,BATURITE,CV,-4.336657000000001,-38.88819171803978
Comunidade Beira Rio de Baturité,BATURITE,CV,-4.318654,-38.884702078750976
Vila Nova de Baturité,BATURITE,CV,-4.323457,-38.88647832636656
Jesuítas,BATURITE,CV,-4.330246499999999,-38.885730836500116
Conselheiro Estilita,BATURITE,CV,-4.3344575,-38.88207040882591
Jordão,BATURITE,CV,-4.3525220000000004,-38.902957577968266
Carqueja,CAPISTRANO,CV,-4.470983,-38.948039043612084
Alameda Das Palmeiras ,PEDRAS,CV,-3.874815,-38.51730007702784
ITANS,ITAPIUNA,CV,-4.6078132499999995,-38.8746562970025
Loteamento,CONJUNTO PALMEIRAS,CV,-3.85353,-38.525712957811095
Rua Codó,CONJUNTO PALMEIRAS,CV,-3.849113,-38.52181620431432
Pissareira - Conj. Palmeiras I ,CONJUNTO PALMEIRAS,CV,-3.8483595,-38.5293553666139
Palmeiras 1,JANGURUSSU,CV,-3.8423404999999997,-38.5234228272913
Palmeiras 2,CONJUNTO PALMEIRAS,CV,-3.8384600000000004,-38.529086277944685
Favela do Circo,JANGURUSSU,CV,-3.8441965,-38.52025697010663
Beira Rio - Conj. Palmeiras I,CONJUNTO PALMEIRAS,CV,-3.842482,-38.530646870260014
Cj Palmeiras l,CONJUNTO PALMEIRAS,CV,-3.8449524999999998,-38.528139559674685
Beco - Conj. Palmeiras ,CONJUNTO PALMEIRAS,CV,-3.844688,-38.53216594520802
Canal - Conj. Palmeiras I ,CONJUNTO PALMEIRAS,CV,-3.8460349999999996,-38.530503863978495
Palmeiras1,CONJUNTO PALMEIRAS,CV,-3.8434995,-38.52511695394736
Rua da Feira,CONJUNTO PALMEIRAS,CV,-3.846491,-38.52632224262972
Favelinha,CONJUNTO PALMEIRAS,CV,-3.8520125,-38.525234346089306
ÁREA DE GUERRA,CONJUNTO PALMEIRAS,CV,-3.847518,-38.52414552025152
Favelinha do Palmeiras ,CONJUNTO PALMEIRAS,CV,-3.849522,-38.52644203976054
Caio Prado,ITAPIUNA,CV,-4.6521384999999995,-38.94139191462439
Potira lll,GUADALAJARA,CV,-3.760682,-38.63763413119214
Potira ll,GUADALAJARA,CV,-3.7591045,-38.633259688731826
Guará,GUADALAJARA,CV,-3.7565530000000003,-38.62978226102415
Canal da Jurema,MARECHAL RONDON,CV,-3.7758845,-38.62448961531365
Potira,GUADALAJARA,CV,-3.757899,-38.624080248793234
GH (Marechal Rondon),MARECHAL RONDON,CV,-3.7751745000000003,-38.6254296689847
Favela do Metroposto,MARECHAL RONDON,CV,-3.759363,-38.6446304956479
Comunidade do Estadio - Jurema ,MARECHAL RONDON,CV,-3.7718879999999997,-38.62228149030471
Iparana,IPARANA,CV,-3.6921965,-38.6208781
Pacheco,IPARANA,CV,-3.6903235,-38.63837649834336
Camurupim ou Palmeiras,IPARANA,CV,-3.698257,-38.65326475763666
GUAIÉ,IPARANA,CV,-3.697032,-38.625927554448964
Salinas - Leblon ,IPARANA,CV,-3.6924634999999997,-38.61342174192569
Camurupim,PARQUE SOLEDADE,CV,-3.7062765,-38.65446969175812
Jardim Icaraí l,IPARANA,CV,-3.692546,-38.64941866504854
Conjunto Nova Esperança ,PARACURU,CV,-3.415432,-39.041133949719494
Lagoa - Paracuru,PARACURU,CV,-3.4113965,-39.02488465147213
Emboaça,TRAIRI,CV,-3.2092845,-39.311595482583385
BARROSO,BARROSO,CV,-3.50002,-38.99727632766209
JARANDRAGOEIRA,CAUCAIA,CV,-3.8085208,-38.7461326206013
Língua da Cobra,CAUCAIA,CV,-3.842806,-38.78093121548059
Mingau - Caucaia,CAUCAIA,CV,-3.8249425,-38.73814549823004
Caraussanga,URUCUTUBA,CV,-3.8320795,-38.7073689657001
Mingau ll,CAUCAIA,CV,-3.8139025,-38.72685775336584
Loteamento Nova Jurema ou CDD,MARECHAL RONDON,CV,-3.7705245,-38.63520723993426
Bairro Antonio Vieira,JUAZEIRO DO NORTE,CV,-7.222378,-39.33412238329136
Santo Antônio- Juazeiro do Norte,JUAZEIRO DO NORTE,CV,-7.2155784999999995,-39.32888237889596
Salesianos,JUAZEIRO DO NORTE,CV,-7.2100100000000005,-39.32529692926609
Socorro,JUAZEIRO DO NORTE,CV,-7.2039135000000005,-39.32303248665326
Faixa de Gaza,JUAZEIRO DO NORTE,CV,-7.2192575,-39.321092661340614
João Cabral,JUAZEIRO DO NORTE,CV,-7.23306,-39.31735755
São José,JUAZEIRO DO NORTE,CV,-7.231138,-39.34885709481189
Bairro do Triângulo,JUAZEIRO DO NORTE,CV,-7.231905,-39.327912351784434
Lagoa Seca- Juazeiro do Norte,JUAZEIRO DO NORTE,CV,-7.2478775,-39.32519391494628
Bairro José Geraldo da Cruz,JUAZEIRO DO NORTE,CV,-7.238286,-39.30582470379248
Franciscano ,JUAZEIRO DO NORTE,CV,-7.214399500000001,-39.31248122459408
Alto da Alegria - Barbalha,BARBALHA,CV,-7.3090345,-39.29372738050479
Bairro Limoeiro ,JUAZEIRO DO NORTE,CV,-7.2251840000000005,-39.30080815653923
Alto do Rosário- Barbalha,BARBALHA,CV,-7.315147,-39.30693059275242
Bairro Santo André de Barbalha,BARBALHA,CV,-7.3277185,-39.29490061117396
Romeirão,JUAZEIRO DO NORTE,CV,-7.2259910000000005,-39.31589562739788
Zuca,BARBALHA,CV,-7.319796500000001,-39.30312986565272
Vila Nova,JUAZEIRO DO NORTE,CV,-7.2004075,-39.27148644132805
Aeroporto ,AEROPORTO,CV,-7.2084905,-39.27089166742664
Bairro da Malvinas - Barbalha,JUAZEIRO DO NORTE,CV,-7.305433000000001,-39.27887736337983
Pedrinhas,JUAZEIRO DO NORTE,CV,-7.203310999999999,-39.275940276069825
Timbaúba,JUAZEIRO DO NORTE,CV,-7.216200000000001,-39.30091447667612
Alto,JUAZEIRO DO NORTE,CV,-7.2048365,-39.31381584221852
Campo Alegre ,JUAZEIRO DO NORTE,CV,-7.251706,-39.29101641457297
Sítio Estrela - Barbalha,JUAZEIRO DO NORTE,CV,-7.2790420000000005,-39.26786394419946
Bulandeira - Barbalha,JUAZEIRO DO NORTE,CV,-7.2909495,-39.31221800861352
Lagoa - Barbalha,JUAZEIRO DO NORTE,CV,-7.2796615,-39.290750912786606
Renê Lucena ll,BREJO SANTO,CV,-7.4816265,-39.00275140012107
Raimundo Fernandes,BREJO SANTO,CV,-7.4836825000000005,-39.008796192240716
EMBOQUE CV,BREJO SANTO,CV,-7.497123950000001,-38.98627448348865
BELA VISTA CV,BREJO SANTO,CV,-7.4942766,-38.99119110478753
1° de Maio,SOBRAL,CV,-3.8041020000000003,-40.26732890929203
Cidade de Deus- Forquilha,SOBRAL,CV,-3.805528,-40.26883171347347
Cidade dos Anjos,SOBRAL,CV,-3.802558,-40.270653353903555
Distrito de Campo Novo,FORQUILHA,CV,-3.8281894999999997,-40.251449191105
Pico da Esperança ,SOBRAL,CV,-3.8084540000000002,-40.2666490390625
TRAPIÁ,FORQUILHA,CV,-3.8907239999999996,-40.25846104859869
Distrito de Lagoa Nova,FORQUILHA,CV,-3.857888,-40.213272789364375
Distrito de Rasteira,FORQUILHA,CV,-3.85784,-40.232216821398524
CRAS SANTANA DO ACARAÚ,SANTANA DO ACARAÚ,CV,-3.4642238,-40.20999147675599
JAIBARAS CV,CARIRE,CV,-3.7869331500000003,-40.49855935
Castanhola,JARDIM DAS OLIVEIRAS,CV,-3.7871075000000003,-38.50889735344509
CONJUNTO METROPOLITANO - PICUÍ,URUCUTUBA,CV,-3.75741895,-38.66212739456881
Milhã,MILHÃ,CV,-5.6786772,-39.19501415559712
Jardim Norte 1,QUIXERAMOBIM,CV,-5.167569,-39.2816595130261
Conjunto Esperança - Quixeramobim,QUIXERAMOBIM,CV,-5.188613999999999,-39.277561562928284
Vila São Paulo,QUIXERAMOBIM,CV,-5.1956035,-39.28232205420801
Loteamente Monte Flor,QUIXERAMOBIM,CV,-5.183465,-39.2979394915334
Planalto Sabonete ,QUIXERAMOBIM,CV,-5.1741624999999996,-39.28120509581349
Planalto Nova Pompeia,QUIXERAMOBIM,CV,-5.1871825000000005,-39.301583438257325
Bairro Jaime Lopes,QUIXERAMOBIM,CV,-5.2032975,-39.3035997588657
Bairro Maravilha,QUIXERAMOBIM,CV,-5.2074595,-39.296111943654644
Campo Novo- Quixadá,QUIXADA,CV,-4.9874345,-39.01945186488087
Cohab - Quixada ,QUIXADA,CV,-4.9924745,-39.02406513323702
Planalto Renascer- Quixadá,QUIXADA,CV,-4.959346,-39.033702091908324
Putiú- Quixadá,QUIXADA,CV,-4.980758,-39.017870423114694
Residencial Rachel de Queiroz,QUIXADA,CV,-4.9613595,-39.05855305799797
Carrascal- Quixadá,QUIXADA,CV,-4.9665775,-39.036345666520525
Bairro José Aurelio Camara,QUIXERAMOBIM,CV,-5.193892999999999,-39.302394623049054
Juatama - Quixadá,QUIXADÁ,CV,-5.088063999999999,-39.04051887425368
Campo Velho- Quixadá,QUIXADA,CV,-4.9647475,-39.00859400897199
Beco do Jeremias,VILA VELHA,CV,-3.7127895,-38.604871528685166
Combate - Quixada,QUIXADA,CV,-4.973041,-39.02743308123425
EUA - Quixada,QUIXADA,CV,-4.954335,-39.02720651970483
Irajá- Quixadá,QUIXADA,CV,-4.97086,-39.00900012790698
Alto São Francisco,QUIXADA,CV,-4.9658455,-39.0025190148568
Herval- Quixadá,QUIXADA,CV,-4.965663,-39.017244532967034
Nova Jerusalém - Quixada,QUIXADÁ,CV,-4.995376,-39.012707000000006
Rua da Palha- Quixadá,QUIXADA,CV,-4.9835674999999995,-39.0127105714693
São José - Quixada ,QUIXADA,CV,-4.956569,-39.02926723470944
Lagoa Cumprida,OCARA,CV,-4.6083885,-38.446490395315486
Aruaru - Morada Nova,OCARA,CV,-4.5773405,-38.36383952787955
PRAIA DAS CURIMÃS,BARROQUINHA,CV,-2.8908547,-41.184212607529645
Morro do Galo,CRISTO REDENTOR,CV,-3.70488575,-38.56473942708803
Choró,CHORÓ,CV,-4.845154,-39.135427809555566
Potiretama,POTIRETAMA,CV,-5.7205555,-38.15294135212025
Cidade de Banabuiú,BANABUIÚ,CV,-5.3035630000000005,-38.91818389893617
Vila Brasilia - Banabuiu,BANABUIÚ,CV,-5.3184255,-38.92020698471223
COHAB II,SOBRAL,CV,-3.7139393,-40.33607099785357
Residencial Nossa Senhora das Dores - Juazeiro do norte,JUAZEIRO DO NORTE,CV,-7.2237455,-39.276844787425546
Residencial São Sebastião,JUAZEIRO DO NORTE,CV,-7.231545499999999,-39.27051656156337
Bertolândia,JUAZEIRO DO NORTE,CV,-7.2314405,-39.282400922781704
CV,MERUOCA,CV,-3.6818945000000003,-40.3475583851734
Tabuba,IPARANA,CV,-3.6482865,-38.700605713862444
Cohab,BARROQUINHA,CV,-3.0277995,-41.122179292533815
Comunidade do Uga- Uga,PARQUE ALBANO,CV,-3.745899,-38.62848913319033
Cigana,PARQUE SOLEDADE,CV,-3.7409925,-38.66162428232759
Canindezinho,CANINDEZINHO,CV,-3.7281915,-38.679085772867644
Parque São Gerardo,PARQUE SOLEDADE,CV,-3.741815,-38.64207839994323
Santa Rosa- Caucaia,CAUCAIA,CV,-3.693908,-38.78946569766505
Parque Soledade,PARQUE SOLEDADE,CV,-3.740703,-38.64979648813525
Lage ou Padre Júlio Maria,PARQUE SOLEDADE,CV,-3.7410905000000003,-38.670030691564804
Porteiras ,PORTEIRAS,CV,-3.73728,-38.760482053618134
Favela Da Cagece,PARQUE SOLEDADE,CV,-3.7456815,-38.64866414174536
Coité Pedreira,CAUCAIA,CV,-3.745641,-38.74446321189545
Nova Cigana,PARQUE SOLEDADE,CV,-3.7464684999999998,-38.65803610251798
Rua da Palha,PARQUE SOLEDADE,CV,-3.7433685,-38.6553064938132
Primavera,CAUCAIA,CV,-3.7117185,-38.82556285559453
Vila Nova,PARQUE ALBANO,CV,-3.7456945,-38.62683567032934
Vila Cazé,PARQUE SOLEDADE,CV,-3.7361775,-38.665184123563336
Planalto Caucaia,PARQUE SOLEDADE,CV,-3.7445209999999998,-38.66299316265494
Bairro Tapeba,PARQUE SOLEDADE,CV,-3.728003,-38.701744868400866
Curicaca,PARQUE SOLEDADE,CV,-3.7145580000000002,-38.66157193919919
Mangabeira- Caucaia,CAUCAIA,CV,-3.664418,-38.75521290032451
Japuara- Caucaia,PARQUE SOLEDADE,CV,-3.682892,-38.743467023453945
Camará,CAUCAIA,CV,-3.7011000000000003,-38.74628474769993
Jardim do Amor,PARQUE SOLEDADE,CV,-3.737965,-38.712096174182754
Capuan,PARQUE SOLEDADE,CV,-3.736021,-38.69616125683797
Jardim Planalto ,PARQUE SOLEDADE,CV,-3.7417749999999996,-38.7051107423844
Alto da Raposa,CAUCAIA,CV,-3.7042634999999997,-38.758763363575866
Genipabu,PARQUE SOLEDADE,CV,-3.7250335000000003,-38.718758421493675
Comunidade do Parazinho,IPARANA,CV,-3.640575,-38.70920666213124
Vila União ,VILA UNIĂO,CV,-3.6807245,-40.371444705100956
Tanubapa,CAUCAIA,CV,-3.643064,-38.77079091446767
Lagoa do Banana,IPARANA,CV,-3.639372,-38.76072184324741
Munguba,IPARANA,CV,-3.67278,-38.67909431917808
Cercadão ,IPARANA,CV,-3.6829545,-38.66777949209946
Barra Nova,IPARANA,CV,-3.690687,-38.66697158864119
Alto do Garrote - Caucaia,PARQUE SOLEDADE,CV,-3.691548,-38.706589408639836
Pajuçara,IPARANA,CV,-3.6680705,-38.713011435294206
Padre Romualdo,PARQUE SOLEDADE,CV,-3.7234465,-38.65502129872789
São Sebastião - Garrote,PARQUE SOLEDADE,CV,-3.6802555,-38.73431060807435
Boqueirão - Caucaia ,CAUCAIA,CV,-3.7469390000000002,-38.87516787567205
Planalto Caucaia,PARQUE SOLEDADE,CV,-3.743526,-38.66667115788462
Condomínio Pabussu,PARQUE SOLEDADE,CV,-3.741578,-38.66621140698702
Comunidade da Ponte,PARQUE SOLEDADE,CV,-3.7407585,-38.63136263390193
Cipó - Caucaia,PARQUE SOLEDADE,CV,-3.702293,-38.70077816623912
Tabapuazinho,TABAPUÁ,CV,-3.7380079999999998,-38.61780787025316
Itambé I,PARQUE SOLEDADE,CV,-3.728125,-38.65084886949304
Cabatan,PARQUE SOLEDADE,CV,-3.7274089999999998,-38.670449871271934
Vila Moskito,TABAPUÁ,CV,-3.7401565,-38.62176316394167
Jandaiguabinha,PARQUE SOLEDADE,CV,-3.7298020000000003,-38.691818373563365
Cohab,PARQUE SOLEDADE,CV,-3.723916,-38.698575540777696
Itambé II,PARQUE SOLEDADE,CV,-3.7290514999999997,-38.64584930650723
Campinho ,PARQUE SOLEDADE,CV,-3.7287865,-38.697621902040936
Palmirim,PARQUE SOLEDADE,CV,-3.7412625,-38.67464085972295
Comunidade Madureira - Caucaia,PARQUE SOLEDADE,CV,-3.719665,-38.652286271209434
Parque Ipiranga ,TABAPUÁ,CV,-3.73509,-38.617473178786824
Bom Jesus - Caucaia,PARQUE SOLEDADE,CV,-3.7169095,-38.68008528590465
Mestre Antônio ,PARQUE SOLEDADE,CV,-3.7091225000000003,-38.67194340733634
Campo do Urubu - Caucaia,PARQUE SOLEDADE,CV,-3.7187165,-38.66817737412961
Itapoa,PARQUE SOLEDADE,CV,-3.715921,-38.66946822418693
Santa Fé,PARQUE SOLEDADE,CV,-3.7052709999999998,-38.66748610053763
Parque Estrela,PARQUE SOLEDADE,CV,-3.7047105,-38.6637196581712
Carandiru,PARQUE SOLEDADE,CV,-3.7353899999999998,-38.652118771367526
Mangueiras ,PARQUE SOLEDADE,CV,-3.706248,-38.6738475334935
Comunidade Panamirim ,IPARANA,CV,-3.646347,-38.71402247760642
Camboas - Paraipaba,PARAIPABA,CV,-3.4047635,-39.12289063468998
Acacias,IPARANA,CV,-3.6594225,-38.69132541065851
Comunidade do Açude,PARQUE SOLEDADE,CV,-3.7401915,-38.65710401299192
BOA VISTA - PARAIPABA,PARAIPABA,CV,-3.35993305,-39.20270842646
Alto da Guaramiranga- Canindé,CANINDÉ,CV,-4.362146,-39.305501040865835
SETOR E - PARAIPABA,PARAIPABA,CV,-3.47600725,-39.175563042481684
Campinas (Canindé),CANINDÉ,CV,-4.34182,-39.30652030157447
Bela Vista,BELA VISTA,CV,-4.348362,-39.308197752484475
Palestina (Canindé),CANINDÉ,CV,-4.3712985,-39.30742110622131
Santa Luzia ,CANINDÉ,CV,-4.3560485,-39.31540062855543
Minha Casa Minha Vida- Canindé,CANINDÉ,CV,-4.3547715,-39.30518244438175
São Mateus,CANINDÉ,CV,-4.368418,-39.31941799646643
Favela Do Gás ,CANINDÉ,CV,-4.3622245,-39.31013540793056
Alto do Moinho,CANINDÉ,CV,-4.363944500000001,-39.307177348116284
João Paulo ll,CANINDÉ,CV,-4.365797000000001,-39.31788524939202
Mutirão ,JUAZEIRO DO NORTE,CV,-7.235951999999999,-39.33963530750965
Mutirão ll ou Frei Damião ,JUAZEIRO DO NORTE,CV,-7.2443475,-39.33842431594949
Favela do Rato ou Rua Luís Fabianl,CANINDÉ,CV,-4.360678500000001,-39.322869022745905
Vale do amanhecer,CRATO,CV,-7.2597228000000005,-39.40721675617042
Novo Crato,CRATO,CV,-7.2360935,-39.42447541424039
SÃO JOSÉ X COM JN,JUAZEIRO DO NORTE,CV,-7.23481795,-39.364006302889656
Vila Santo Antônio,BARBALHA,CV,-7.3272271,-39.303603225
Zona de Confronto ,TABAPUÁ,CV,-3.7410065,-38.6200077395178
Conjunto São Bento 1- Crato,CRATO,CV,-7.180078,-39.39555526422764
Bela vista - Crato,JUAZEIRO DO NORTE,CV,-7.1774465,-39.38654265592602
Beco Do Coroa,MONDUBIM,CV,-3.809313,-38.57510732427938
Casarão ,PARQUE MANIBURA,CV,-3.7909255,-38.48249357344566
MORRO BRANCO,MISSÃO VELHA,CV,-7.31749665,-39.25090430953183
CONDOMÍNIO SÃO PAULO E SÃO PEDRO,IPARANA,CV,-3.68839,-38.66055708552152
Parque Veraneio - Caucaia,IPARANA,CV,-3.6847320000000003,-38.65910904537064
Alto Alegre,SALITRE,CV,-7.06541,-40.36995226537153
Rua da Pousada,SALITRE,CV,-7.067560500000001,-40.36674056604525
Santa Luzia,SALITRE,CV,-7.077426,-40.37585993584071
Guarani,SALITRE,CV,-7.077266,-40.38837952374185
Chafariz,SALITRE,CV,-7.081504,-40.37640865752351
Batalhão ,SALITRE,CV,-7.081064,-40.369669141049755
Cohab,SALITRE,CV,-7.086262,-40.37268154545454
Quadra G,SALITRE,CV,-7.075645,-40.36778131936801
Barragem,SALITRE,CV,-7.0679765,-40.37846887355667
Patriarca,SALITRE,CV,-7.0674235,-40.36950060362694
Faveira Carnaubal - São Benedito,SAO BENEDITO,CV,-4.06059695,-40.96565245321344
Distrito de Vo Terta,GUARACIABA DO NORTE,CV,-4.175031499999999,-40.94466311108049
Cidade de Carnaubal,CARNAUBAL,CV,-4.1595225,-40.94033451068083
Inhuçu - São Benedito,SAO BENEDITO,TCP/GDE,-4.11558675,-40.871594448898364
Recanto,GRAÇA,TCP/GDE,-4.037274,-40.86001016334973
EMBOQUE TCP,BREJO SANTO,TCP/GDE,-7.49663375,-38.98160462798354
Juremal,ALTO SANTO,TCP/GDE,-5.438982,-38.270657287586815
Dom Expedito,MERUOCA,TCP/GDE,-3.6941315,-40.34668506431308
Comunidade dos Gaviões ,MERUOCA,TCP/GDE,-3.698937,-40.35064313253676
Várzea Grande,SOBRAL,TCP/GDE,-3.6963105,-40.341626520346196
Praia do Canto Verde,FORTIM,TCP/GDE,-4.3206825,-37.93067389752492
Vila da volta - Aracati,FORTIM,TCP/GDE,-4.5368949999999995,-37.790031136685556
Almofala,ITAREMA,TCP/GDE,-2.9394109999999998,-39.8303099379581
Distrito de Serrota,APUIARÉS,TCP/GDE,-3.85867,-39.3386060571321
Distrito de Torrões,ITAREMA,TCP/GDE,-2.9518129999999996,-39.80165938609463
Mondego,BATURITE,TCP/GDE,-4.320202,-38.883659683333335
Cidade de Granjeiro,GRANJEIRO,TCP/GDE,-6.8874145,-39.2206402172223
Distrito de Porto do Barco,ITAREMA,TCP/GDE,-2.907321,-39.88444744002608
Distrito de Patos,OCARA,TCP/GDE,-4.702464,-38.39817134668857
Cidade de Alto Santo,ALTO SANTO,TCP/GDE,-5.520659,-38.27101214487232
Distrito de Alto Lindo,SÃO BENEDITO,TCP/GDE,-3.98229,-40.942244101668464
Vila Peri - Várzea alegre,VÁRZEA ALEGRE,TCP/GDE,-6.7937425000000005,-39.307779368834616
Juremal - Varzea alegre,VÁRZEA ALEGRE,TCP/GDE,-6.7887450000000005,-39.30533672923215
Santo Antonio -  Varzea alegre,VÁRZEA ALEGRE,TCP/GDE,-6.7860925,-39.2975936642917
Varjota - Várzea alegre,VÁRZEA ALEGRE,TCP/GDE,-6.7977405,-39.3012444118485
Riachinho - Várzea alegre,VÁRZEA ALEGRE,TCP/GDE,-6.796618,-39.28910474453571
Patos - Várzea alegre,VÁRZEA ALEGRE,TCP/GDE,-6.7906955,-39.289890232263105
Vila Cacilda - Várzea alegre,VÁRZEA ALEGRE,TCP/GDE,-6.787307,-39.29469283983326
Grossos - Várzea Alegre,VÁRZEA ALEGRE,TCP/GDE,-6.7754205,-39.29154045170455
Zezinho da costa - Várzea alegre,VÁRZEA ALEGRE,TCP/GDE,-6.792827000000001,-39.296899142725444
Planalto dos lemos - Cedro,CEDRO,TCP/GDE,-6.627967,-39.06129057571256
Bairro de Fátima - Cedro,CEDRO,TCP/GDE,-6.604508,-39.0641149126365
Pega Avoante - Cedro,CEDRO,TCP/GDE,-6.615581499999999,-39.0604580118451
Jardim Afonso Celso - Cedro,CEDRO,TCP/GDE,-6.596099000000001,-39.06745513445078
Divisão - Cedro ,CEDRO,TCP/GDE,-6.610474,-39.06174275197414
Prado - Cedro,CEDRO,TCP/GDE,-6.6034965,-39.057032505249396
Açude - Cedro,CEDRO,TCP/GDE,-6.607885,-39.057059171802514
Júa - Quixadá,ITAPIÚNA,TCP/GDE,-4.7237860000000005,-38.972901934297724
Beco da Macumba,PACATUBA,TCP/GDE,-3.9927155,-38.61589236769854
Bico da Arara - Caririaçu,CARIRIAÇU,TCP/GDE,-7.0435385,-39.27141109745263
Palestina - Caririaçu,CARIRIAÇU,TCP/GDE,-7.0334959999999995,-39.27789312444895
Paraíso - Caririaçu ,CARIRIAÇU,TCP/GDE,-7.044968,-39.285433651260504
Monte Nego - Caririaçu,CARIRIAÇU,TCP/GDE,-7.042282999999999,-39.28062004265655
José Agustinho - Caririaçu,CARIRIAÇU,TCP/GDE,-7.0392335,-39.28234505383443
Miragem - Caririaçu,CARIRIAÇU,TCP/GDE,-7.039490000000001,-39.29412959124869
Sulina,PINDORETAMA,TCP/GDE,-4.0430665,-38.20586025384727
Setor NH3 - Morada Nova,SÃO JOÃO DO JAGUARIBE,TCP/GDE,-5.144943,-38.24674640895954
Setor NH5 - Morada Nova,LIMOEIRO DO NORTE,TCP/GDE,-5.1532195000000005,-38.1902175879844
Setor 1 - Morada Nova,MORADA NOVA,TCP/GDE,-5.126215,-38.340856976465616
Balneario - Morada Nova,MORADA NOVA,TCP/GDE,-5.1286495,-38.36642742245668
Pedras - Morada Nova,LIMOEIRO DO NORTE,TCP/GDE,-5.1298905,-38.24107006720844
Setor NH4 - Morada Nova,LIMOEIRO DO NORTE,TCP/GDE,-5.1496285,-38.21439963097609
Jardim Novo - Alto santo,ALTO SANTO,TCP/GDE,-5.487707,-38.26170960573825
Campo Velho,IBARETAMA,TCP/GDE,-4.821847,-38.82271197665467
Ibaretama,IBARETAMA,TCP/GDE,-4.8185965,-38.81739213533034
Ibicuitaba - Icapui,ICAPUÍ,TCP/GDE,-4.7405605,-37.31465109497576
São José - Barro,BARRO,TCP/GDE,-7.161064,-38.78188253164557
Cidade De Barro,BARRO,TCP/GDE,-7.178776,-38.77740678382915
Cidade De Jati,JATI,TCP/GDE,-7.689069,-39.00502259708122
Cidade De Jardim,JARDIM,TCP/GDE,-7.586609,-39.27766687249931
Mutirão ,JAGUARIBE,TCP/GDE,-5.886714,-38.6090350818582
Alonso Diogenes,JAGUARIBE,TCP/GDE,-5.879334,-38.61842393360305
Alto da Boa Vista,IBARETAMA,TCP/GDE,-4.8194985,-38.82394620906433
Castanhão,ALTO SANTO,TCP/GDE,-5.466604,-38.40718668514115
Girilândia,MORADA NOVA,TCP/GDE,-5.1048735,-38.38082352152162
Padre Lucena,MORADA NOVA,TCP/GDE,-5.108973499999999,-38.37761734564597
Várzea ,MORADA NOVA,TCP/GDE,-5.113097,-38.37252841690981
Rosário ,MORADA NOVA,TCP/GDE,-5.1116565000000005,-38.37389625733785
2 de Agosto,MORADA NOVA,TCP/GDE,-5.1078195,-38.36595472625366
Vila Chagas,MORADA NOVA,TCP/GDE,-5.101075,-38.37638102464789
Alto Tiradentes,MORADA NOVA,TCP/GDE,-5.10336,-38.35868606599361
Divino Espírito Santo,MORADA NOVA,TCP/GDE,-5.0933685,-38.361046008253695
Vila Bezerra,MORADA NOVA,TCP/GDE,-5.0963745,-38.37282495298628
Sao Francisco ,MORADA NOVA,TCP/GDE,-5.100777,-38.36831839045766
Olinda Ubajara - Tianguá ,UBAJARA,TCP/GDE,-3.8350665,-40.97155957848392
Parque De Exposições,MORADA NOVA,TCP/GDE,-5.1044345,-38.38757667523685
Vazantes - Morada Nova,MORADA NOVA,TCP/GDE,-5.100727,-38.33291345376872
Nova Veneza,UBAJARA,TCP/GDE,-3.8442415,-41.005872622314605
Jurema,IBIAPINA,TCP/GDE,-3.940994,-40.923796249999995
Morro do Caboré,ITAREMA,TCP/GDE,-2.9629380000000003,-39.79557607385121
Saquin,ITAREMA,TCP/GDE,-2.96228,-39.81320692257645
Preaoca,PINDORETAMA,TCP/GDE,-4.085024000000001,-38.35587719889937
Patos,ITAREMA,TCP/GDE,-3.0038295,-39.74979099260487
Pereiro,PEREIRO,TCP/GDE,-6.049976,-38.46097574216776
Itarema,ITAREMA,TCP/GDE,-2.9247885,-39.91468437701784
Flecheiras,TIANGUA,TCP/GDE,-3.741961,-40.99132781837453
Rua da Gaveta,IRACEMA,TCP/GDE,-5.808768000000001,-38.30202267599206
São João Do Queiroz,QUIXADA,TCP/GDE,-4.799996,-38.88656801419559
Caixa d'água ,IRACEMA,TCP/GDE,-5.818612,-38.30453060850767
Beira Rio,IRACEMA,TCP/GDE,-5.807459,-38.31116221111735
Holandinho ,IRACEMA,TCP/GDE,-5.80959,-38.29976755674734
Polígono 1496,IRACEMA,TCP/GDE,-5.812189500000001,-38.302071047750815
Jatoba,IRACEMA,TCP/GDE,-5.803139,-38.313408198529416
Califórnia - Quixadá ,QUIXADA,TCP/GDE,-4.771406499999999,-39.01683274286803
Sitio Alegre,ITAREMA,TCP/GDE,-2.9344615000000003,-39.84829382021634
Jaguaribe,JAGUARIBE,TCP/GDE,-5.883336,-38.62190033536585
Campo de Aviação ,MORADA NOVA,TCP/GDE,-5.0955425000000005,-38.36926789882605
Bitupitá ,BARROQUINHA,TCP/GDE,-2.8938125,-41.27391558178478
CÓRREGO DO SAL,FORTIM,TCP/GDE,-4.3497465,-37.94243051830665
VOLTA DO SOCÓ / CAMPESTRE DA PENHA,FORTIM,TCP/GDE,-4.3421199999999995,-37.93818840451925
Uiraponga,SÃO JOÃO DO JAGUARIBE,TCP/GDE,-5.2830645,-38.360734187303315
SAO RAIMUNDO - LIMOEIRO DO NORTE - TCP,LIMOEIRO DO NORTE,TCP/GDE,-5.114257,-38.08937321278906
BROTOLANCIA - LIMOEIRO DO NORTE,LIMOEIRO DO NORTE,TCP/GDE,-5.1569455,-38.09994377013213
BOA FE - LIMOEIRO DO NORTE - TCP,LIMOEIRO DO NORTE,TCP/GDE,-5.1272145,-38.087886005641195
ARRAIAL - LIMOEIRO DO NORTE - TCP,LIMOEIRO DO NORTE,TCP/GDE,-5.0975415,-38.075824315021414
Jaguaretama,JAGUARETAMA,TCP/GDE,-5.605302,-38.761705270089266
Feira dos Peixes,GRAÇA,TCP/GDE,-4.0441595,-40.862008994018844
LIMOEIRINHO - LIMOEIRO DO NORTE,LIMOEIRO DO NORTE,TCP/GDE,-5.156012499999999,-38.104822955510016
CIDADE ALTA - LIMOEIRO DO NORTE,LIMOEIRO DO NORTE,TCP/GDE,-5.1505315,-38.13947503479308
SÃO JOÃO DO JAGUARIBE,SÃO JOÃO DO JAGUARIBE,TCP/GDE,-5.2738755,-38.27250221696795
Cidade Nova ,CIDADE NOVA,TCP/GDE,-4.0410924999999995,-40.86065747802374
BURACO DA GIA - LIMOEIRO DO NORTE,LIMOEIRO DO NORTE,TCP/GDE,-5.1516455,-38.15700516156818
VILA DA PAZ - LIMOEIRO DO NORTE,LIMOEIRO DO NORTE,TCP/GDE,-5.153873,-38.151304212532935
Toca do Quati,GRAÇA,TCP/GDE,-4.0643135,-40.86216153437606
Roldão ,MORADA NOVA,TCP/GDE,-5.2398735,-38.48917377811727
SOCORRO - LIMOEIRO DO NORTE,LIMOEIRO DO NORTE,TCP/GDE,-5.160368500000001,-38.102371801400736
Cruzeiro,GRAÇA,TCP/GDE,-4.059226000000001,-40.86422522329356
Pimenteira- São Benedito,SAO BENEDITO,TCP/GDE,-4.031795499999999,-40.86757368601269
MULTIRÃO - LIMOEIRO DO NRTE,LIMOEIRO DO NORTE,TCP/GDE,-5.1269895,-38.092021
Ipiranga,GRAÇA,TCP/GDE,-4.068657,-40.86285769227886
BOM NOME - LIMOEIRO DO NORTE - TCP,LIMOEIRO DO NORTE,TCP/GDE,-5.143312,-38.085902608815424
Morro - Corrente,GRAÇA,TCP/GDE,-4.0348299999999995,-40.8653939123854
MORRO DOURADO - TCP,BREJO SANTO,TCP/GDE,-7.47185045,-38.977478647521295
Bairro Santo Anônio,TIANGUA,TCP/GDE,-3.7271345,-41.00211395
Por do Sol,TIANGUA,TCP/GDE,-3.721325,-41.0033866601384
Ceasa,TIANGUA,TCP/GDE,-3.716393,-40.99832735073834
Bairro Subestação ,TIANGUA,TCP/GDE,-3.7437810000000002,-41.00500757532723
Sumaré,MERUOCA,TCP/GDE,-3.7001565000000003,-40.36383262378881
Cidade Alta,GRAÇA,TCP/GDE,-4.0381979999999995,-40.86210686954586
MUCAMBINHO,MERUOCA,TCP/GDE,-3.6970983,-40.35676446870579
Vila Franco ,SAO BENEDITO,TCP/GDE,-4.043779000000001,-40.86948721155726
COMUNIDADE AEROPORTO OU CAMPO DE POUSO,SAO BENEDITO,TCP/GDE,-4.04078625,-40.89454082546553
Groaíras,GROAIRAS,MASSA,-3.9159515000000003,-40.386728289153126
Parajuru ,FORTIM,MASSA,-4.38788,-37.859069385049736
Levada,MESSEJANA,MASSA,-3.8249565,-38.4880188336917
Comunidade do Barreirão,PARQUE IRACEMA,MASSA,-3.8143025,-38.50382035891089
Parque Iracema I,MESSEJANA,MASSA,-3.8163400000000003,-38.49369503621208
Conjunto São Bernardo,MESSEJANA,MASSA,-3.819506,-38.490376972872994
Parque Iracema II,PARQUE IRACEMA,MASSA,-3.8101825,-38.49603626840356
LAGOA - JAGUARUANA,JAGUARUANA,MASSA,-4.8406905,-37.78080200622352
Pedra Redonda,ITAIÇABA,MASSA,-4.592385500000001,-37.79706788565506
Comunidade do Carrapicho,CAMBEBA,MASSA,-3.8151895,-38.484213193702686
Comunidade da Portelinha- Messejana,MESSEJANA,MASSA,-3.818391,-38.49267784302326
Favelinha - São Miguel,CURIÓ,MASSA,-3.8243194999999996,-38.480464801196504
Comunidade do Brejo,CURIÓ,MASSA,-3.8203625,-38.47290001604403
Mangueirinha,CURIÓ,MASSA,-3.8235105000000003,-38.4762269499836
Comunidade da Conquista,MESSEJANA,MASSA,-3.8208995000000003,-38.49315783526076
Vila Zé augusto - Jaguaruana,JAGUARUANA,MASSA,-4.842784,-37.7911869676259
Favelinha,PARQUE IRACEMA,MASSA,-3.8125999999999998,-38.49301125
Almeida Rego,PARQUE IRACEMA,MASSA,-3.8141084999999997,-38.49636535699588
Caveca,PARQUE IRACEMA,MASSA,-3.816608,-38.50131848045977
Comunidade da Mangueira,CURIÓ,MASSA,-3.8212305,-38.478871509052766
Igrejinha,CURIÓ,MASSA,-3.8215149999999998,-38.47248938136278
Cumbuca,CURIÓ,MASSA,-3.8214135000000002,-38.47546163770137
Castanhola ,CURIÓ,MASSA,-3.819031,-38.47931675879908
Os Forno,COAÇU,MASSA,-3.842355,-38.48415435397543
Miraima,MIRAIMA,MASSA,-3.569623,-39.967836501947104
Missi,MIRAÍMA,MASSA,-3.6218165,-39.819819339408
Beco da Rocinha ,PARQUE IRACEMA,MASSA,-3.807772,-38.49614032124682
ALTO DO VELAME - RUSSAS ,QUIXERE,MASSA,-4.955302,-37.97586783232629
PLACAS - RUSSAS ,QUIXERE,MASSA,-4.955826999999999,-37.99818805579399
25 E 26 DE AGOSTO - RUSSAS ,QUIXERE,MASSA,-4.9406415,-37.978996495530915
PLANALTO DA BELA VISTA - RUSSAS ,QUIXERE,MASSA,-4.9350135,-37.98248225430159
TABULEIRO - JAGUARUANA - TDN/MASSA,JAGUARUANA,MASSA,-4.8362560000000006,-37.77506999525802
CONJUNTO GERARDO MATOSO - RUSSAS ,QUIXERE,MASSA,-4.93319,-37.98397787091026
Chaval,CHAVAL,MASSA,-3.037491,-41.24002248179825
COHAB - JAGUARUANA - TDN/MASSA,JAGUARUANA,MASSA,-4.831625,-37.78118340708154
CORREGO DAS MELANCIAS - JAGUARUANA - TDN/MASSA,JAGUARUANA,MASSA,-4.83692,-37.78865938540396
ALTO - JAGUARUANA - TDN/MASSA,JAGUARUANA,MASSA,-4.8293455,-37.77807327092442
Bairro do Pedregal (DISPUTA CV X MASSA),FORTIM,MASSA,-4.5788335,-37.79691652041954
FAVELA DO AGACI - RUSSAS ,QUIXERE,MASSA,-4.931357,-37.98732204290022
JUAZEIRO - JAGUARUANA - TDN/MASSA,JAGUARUANA,MASSA,-4.846658,-37.783916082031595
MATINHO - JAGUARUANA - TDN/MASSA,JAGUARUANA,MASSA,-4.860538,-37.79211104555206
CARDEAIS - JAGUARUANA - TDN/MASSA,JAGUARUANA,MASSA,-4.8541715,-37.81109355461497
CABELO DE NEGO - RUSSAS ,QUIXERE,MASSA,-4.939201000000001,-37.98826392372881
BARREIRAS - RUSSAS ,QUIXERE,MASSA,-4.931184999999999,-37.99143796308725
Pintor Lemos,MERUOCA,MASSA,-3.6940325,-40.35714252647462
Gereba,PASSARÉ,MASSA,-3.8271207,-38.52842854870427
Vilinha,IPAUMIRIM,OKAIDA,-6.7878419999999995,-38.72691048085629
Baixio,BAIXIO,OKAIDA,-6.726722499999999,-38.71567836746998
Ipaumirim,IPAUMIRIM,OKAIDA,-6.7895055,-38.71801932377049
