<?xml version="1.0" encoding="UTF-8" standalone="yes"?>
<kml xmlns="http://www.opengis.net/kml/2.2" xmlns:ns2="http://www.google.com/kml/ext/2.2" xmlns:ns3="http://www.w3.org/2005/Atom" xmlns:ns4="urn:oasis:names:tc:ciq:xsdschema:xAL:2.0">
    <Document>
        <Schema name="dt_mvw_sv_eixo_svb_l_1" id="dt_mvw_sv_eixo_svb_l_1">
            <SimpleField type="int" name="id"/>
            <SimpleField type="int" name="idsvb"/>
            <SimpleField type="int" name="idoriginal"/>
            <SimpleField type="string" name="classifvia"/>
        </Schema>
        <Folder>
            <name>dt_mvw_sv_eixo_svb_l</name>
            <Placemark id="dt_mvw_sv_eixo_svb_l.fid--4079df0f_18eae1488d1_1b98">
                <ExtendedData>
                    <SchemaData schemaUrl="#dt_mvw_sv_eixo_svb_l_1">
                        <SimpleData name="id">339</SimpleData>
                        <SimpleData name="idoriginal">300</SimpleData>
                        <SimpleData name="classifvia">Via Coletora</SimpleData>
                    </SchemaData>
                </ExtendedData>
                <LineString>
                    <coordinates>-38.51743680794864,-3.786767179062842 -38.52803215672499,-3.784823943464799</coordinates>
                </LineString>
            </Placemark>
            <Placemark id="dt_mvw_sv_eixo_svb_l.fid--4079df0f_18eae1488d1_1b99">
                <ExtendedData>
                    <SchemaData schemaUrl="#dt_mvw_sv_eixo_svb_l_1">
                        <SimpleData name="id">442</SimpleData>
                        <SimpleData name="idoriginal">404</SimpleData>
                        <SimpleData name="classifvia">Via Arterial I</SimpleData>
                    </SchemaData>
                </ExtendedData>
                <LineString>
                    <coordinates>-38.54199090911653,-3.7156561958017424 -38.54104012563518,-3.7227873601062456</coordinates>
                </LineString>
            </Placemark>
            <Placemark id="dt_mvw_sv_eixo_svb_l.fid--4079df0f_18eae1488d1_1b9a">
                <ExtendedData>
                    <SchemaData schemaUrl="#dt_mvw_sv_eixo_svb_l_1">
                        <SimpleData name="id">128</SimpleData>
                        <SimpleData name="idoriginal">91</SimpleData>
                        <SimpleData name="classifvia">Via Coletora</SimpleData>
                    </SchemaData>
                </ExtendedData>
                <LineString>
                    <coordinates>-38.594000183655375,-3.7444824263033714 -38.59463691960231,-3.7401491309675916</coordinates>
                </LineString>
            </Placemark>
            <Placemark id="dt_mvw_sv_eixo_svb_l.fid--4079df0f_18eae1488d1_1b9b">
                <ExtendedData>
                    <SchemaData schemaUrl="#dt_mvw_sv_eixo_svb_l_1">
                        <SimpleData name="id">129</SimpleData>
                        <SimpleData name="idoriginal">92</SimpleData>
                        <SimpleData name="classifvia">Via Coletora</SimpleData>
                    </SchemaData>
                </ExtendedData>
                <LineString>
                    <coordinates>-38.59993424002562,-3.7349245420132586 -38.59944410861027,-3.7380164974723913</coordinates>
                </LineString>
            </Placemark>
            <Placemark id="dt_mvw_sv_eixo_svb_l.fid--4079df0f_18eae1488d1_1b9c">
                <ExtendedData>
                    <SchemaData schemaUrl="#dt_mvw_sv_eixo_svb_l_1">
                        <SimpleData name="id">130</SimpleData>
                        <SimpleData name="idoriginal">93</SimpleData>
                        <SimpleData name="classifvia">Via Arterial I</SimpleData>
                    </SchemaData>
                </ExtendedData>
                <LineString>
                    <coordinates>-38.600025917551115,-3.734346198269954 -38.59993424002562,-3.7349245420132586</coordinates>
                </LineString>
            </Placemark>
            <Placemark id="dt_mvw_sv_eixo_svb_l.fid--4079df0f_18eae1488d1_1b9d">
                <ExtendedData>
                    <SchemaData schemaUrl="#dt_mvw_sv_eixo_svb_l_1">
                        <SimpleData name="id">131</SimpleData>
                        <SimpleData name="idoriginal">94</SimpleData>
                        <SimpleData name="classifvia">Via Coletora</SimpleData>
                    </SchemaData>
                </ExtendedData>
                <LineString>
                    <coordinates>-38.591877141807835,-3.735145194737888 -38.5912329059735,-3.7362248234583455 -38.59061546907154,-3.7372595385112555 -38.590487481240444,-3.7375267230585214 -38.59046755303182,-3.7377110102709583</coordinates>
                </LineString>
            </Placemark>
            <Placemark id="dt_mvw_sv_eixo_svb_l.fid--4079df0f_18eae1488d1_1b9e">
                <ExtendedData>
                    <SchemaData schemaUrl="#dt_mvw_sv_eixo_svb_l_1">
                        <SimpleData name="id">32</SimpleData>
                        <SimpleData name="idoriginal">1</SimpleData>
                        <SimpleData name="classifvia">Via Arterial I</SimpleData>
                    </SchemaData>
                </ExtendedData>
                <LineString>
                    <coordinates>-38.48295937923567,-3.737051970734593 -38.48445329819379,-3.7364545041978516 -38.485126308384295,-3.736212494386595 -38.48574366721807,-3.7358350802265448</coordinates>
                </LineString>
            </Placemark>
            <Placemark id="dt_mvw_sv_eixo_svb_l.fid--4079df0f_18eae1488d1_1b9f">
                <ExtendedData>
                    <SchemaData schemaUrl="#dt_mvw_sv_eixo_svb_l_1">
                        <SimpleData name="id">33</SimpleData>
                        <SimpleData name="idoriginal">2</SimpleData>
                        <SimpleData name="classifvia">Via Arterial I</SimpleData>
                    </SchemaData>
                </ExtendedData>
                <LineString>
                    <coordinates>-38.5638530529251,-3.7766902462650016 -38.56264066382369,-3.777780350077708</coordinates>
                </LineString>
            </Placemark>
            <Placemark id="dt_mvw_sv_eixo_svb_l.fid--4079df0f_18eae1488d1_1ba0">
                <ExtendedData>
                    <SchemaData schemaUrl="#dt_mvw_sv_eixo_svb_l_1">
                        <SimpleData name="id">34</SimpleData>
                        <SimpleData name="idoriginal">3</SimpleData>
                        <SimpleData name="classifvia">Via Arterial I</SimpleData>
                    </SchemaData>
                </ExtendedData>
                <LineString>
                    <coordinates>-38.577412728887715,-3.77641620908473 -38.5772771015735,-3.7747900283757754 -38.574646934501345,-3.77509565027205 -38.5745982167149,-3.775242156247569 -38.57400483199745,-3.775620404732643 -38.57401113719468,-3.7757011051455645 -38.574841896039686,-3.7771870428044987</coordinates>
                </LineString>
            </Placemark>
            <Placemark id="dt_mvw_sv_eixo_svb_l.fid--4079df0f_18eae1488d1_1ba1">
                <ExtendedData>
                    <SchemaData schemaUrl="#dt_mvw_sv_eixo_svb_l_1">
                        <SimpleData name="id">35</SimpleData>
                        <SimpleData name="idoriginal">4</SimpleData>
                        <SimpleData name="classifvia">Via Coletora</SimpleData>
                    </SchemaData>
                </ExtendedData>
                <LineString>
                    <coordinates>-38.49359417046067,-3.828593783281846 -38.4936200871022,-3.828691187550745 -38.49389294270586,-3.830651627990597 -38.49392321687469,-3.830787611290088 -38.493969739600566,-3.83129994092458 -38.49398133607495,-3.8314335691031576 -38.49399987468133,-3.831672691724052 -38.49402081961763,-3.831789915667871 -38.49404838045007,-3.8326775528502868 -38.494052850105376,-3.8330174688759424 -38.494131021493075,-3.8355349085268813 -38.494138093206445,-3.8362297676304307 -38.494156558117375,-3.836657673813587 -38.49422485563696,-3.8389811540465697 -38.49423893246387,-3.8400411818065727 -38.49425339671728,-3.8404366043898532 -38.49427077534329,-3.8408727845617356 -38.494288133114466,-3.8412522846216475 -38.49434428956519,-3.842850247003147 -38.49441028858255,-3.8440282090333544 -38.4944777359633,-3.845138884580114 -38.49449809227837,-3.8455554362269457 -38.494549088681296,-3.846422486301013 -38.49455677846469,-3.8465495679215542 -38.494569565343674,-3.8466969256032457 -38.49459524765326,-3.8468757972540457 -38.494626083097245,-3.847109158547233 -38.494869427290425,-3.8486362726750922 -38.4949157389281,-3.8488816702125463 -38.49498824504393,-3.849273635801777 -38.49504058769493,-3.849639127226837 -38.49533932257252,-3.8515550608394076</coordinates>
                </LineString>
            </Placemark>
            <Placemark id="dt_mvw_sv_eixo_svb_l.fid--4079df0f_18eae1488d1_1ba2">
                <ExtendedData>
                    <SchemaData schemaUrl="#dt_mvw_sv_eixo_svb_l_1">
                        <SimpleData name="id">36</SimpleData>
                        <SimpleData name="idoriginal">5</SimpleData>
                        <SimpleData name="classifvia">Via Expressa</SimpleData>
                    </SchemaData>
                </ExtendedData>
                <LineString>
                    <coordinates>-38.52386969268814,-3.760930371598231 -38.51888035747021,-3.7614622653077423</coordinates>
                </LineString>
            </Placemark>
            <Placemark id="dt_mvw_sv_eixo_svb_l.fid--4079df0f_18eae1488d1_1ba3">
                <ExtendedData>
                    <SchemaData schemaUrl="#dt_mvw_sv_eixo_svb_l_1">
                        <SimpleData name="id">52</SimpleData>
                        <SimpleData name="idoriginal">18</SimpleData>
                        <SimpleData name="classifvia">Via Coletora</SimpleData>
                    </SchemaData>
                </ExtendedData>
                <LineString>
                    <coordinates>-38.589178603394984,-3.801874188553428 -38.58931839731718,-3.8020189076665556 -38.58936507018519,-3.8020716767525355 -38.58940396285991,-3.8021185812570764 -38.5924087372811,-3.8055897692454552 -38.59245526654927,-3.805636530262166 -38.59251158887729,-3.8057005159491633 -38.59256056630056,-3.805752197778012 -38.59305485269988,-3.806253625293541 -38.593103978319995,-3.80631372869955 -38.59318941958595,-3.806406035728238 -38.593266307594845,-3.8065090676682396 -38.59546713004272,-3.8097283253340795 -38.59566827829345,-3.810030060897268 -38.595824392770375,-3.8102654143485837 -38.59599285635201,-3.8105135551301315 -38.59621501991366,-3.8108484809289447 -38.597266822838364,-3.8123754451260083 -38.59743636287325,-3.812625354100267 -38.59766723575003,-3.8129721033006954 -38.597924755413764,-3.813349274541267 -38.59804685837836,-3.8135302307027996 -38.59815240616145,-3.813684147873101 -38.59838426174012,-3.8140193266555418 -38.59850045744627,-3.814184203512126 -38.598558410956635,-3.8142570061071237 -38.59861428831723,-3.814340203952348 -38.598802285247665,-3.8145964678256927 -38.598838403243434,-3.8146477127126284 -38.598868145819935,-3.814692551117204 -38.60043718216368,-3.816874974440581 -38.60047998812775,-3.8169314370459686 -38.60055222682053,-3.817020166664398 -38.601721706741195,-3.818440695938266 -38.60180542493135,-3.818560351995196 -38.60192431927312,-3.818690683700489 -38.60218299489595,-3.818992411402206 -38.602927001526766,-3.8197816815624215 -38.603143462169925,-3.8200240960472067 -38.60332350106615,-3.820276904915934 -38.603532203517744,-3.8206160416719634 -38.60377671602405,-3.821007218591549 -38.60396692455979,-3.821362574963348 -38.60406436588324,-3.821549138519264 -38.60421127084366,-3.8218304618479766 -38.60426194700903,-3.8219256510265267 -38.60433766299816,-3.8220629543822944 -38.60438584593541,-3.8221531334837047 -38.60443179024014,-3.82224171348526 -38.60448841762494,-3.8223481234984686 -38.60453918937813,-3.822437934529419 -38.607104178170275,-3.827285442274265</coordinates>
                </LineString>
            </Placemark>
            <Placemark id="dt_mvw_sv_eixo_svb_l.fid--4079df0f_18eae1488d1_1ba4">
                <ExtendedData>
                    <SchemaData schemaUrl="#dt_mvw_sv_eixo_svb_l_1">
                        <SimpleData name="id">53</SimpleData>
                        <SimpleData name="idoriginal">19</SimpleData>
                        <SimpleData name="classifvia">Via Arterial I</SimpleData>
                    </SchemaData>
                </ExtendedData>
                <LineString>
                    <coordinates>-38.48054488340696,-3.726134835167079 -38.48060598680935,-3.7247627454784613 -38.480525962416586,-3.7243220667779653 -38.48037717883797,-3.7239401833235988 -38.48018824222478,-3.72350950046788 -38.480069528096614,-3.7232420052192254 -38.47978223849039,-3.7226045292802787</coordinates>
                </LineString>
            </Placemark>
            <Placemark id="dt_mvw_sv_eixo_svb_l.fid--4079df0f_18eae1488d1_1ba5">
                <ExtendedData>
                    <SchemaData schemaUrl="#dt_mvw_sv_eixo_svb_l_1">
                        <SimpleData name="id">54</SimpleData>
                        <SimpleData name="idoriginal">20</SimpleData>
                        <SimpleData name="classifvia">Via Expressa</SimpleData>
                    </SchemaData>
                </ExtendedData>
                <LineString>
                    <coordinates>-38.504436029179026,-3.755713966195441 -38.503815929615314,-3.7549784068368637 -38.50260609480369,-3.7538924167893315 -38.50064068720915,-3.7522754598443675 -38.49929143832967,-3.751777837766513 -38.4972823514494,-3.7514002818632264 -38.49620006248005,-3.7511016069922314 -38.495474256246304,-3.750824537344271 -38.49473117384112,-3.750292654817704 -38.49297553353606,-3.748026272816883 -38.492167128064374,-3.7469575130526924 -38.490413817738286,-3.7447519164935836 -38.48960378956633,-3.743379257087611 -38.48729861512422,-3.7398077153574127 -38.485057214317095,-3.736228274246737 -38.48220119484828,-3.731750719754607 -38.48060052618308,-3.729227491727638 -38.48029459977544,-3.728385903568821 -38.48023286805433,-3.7279990838535646</coordinates>
                </LineString>
            </Placemark>
            <Placemark id="dt_mvw_sv_eixo_svb_l.fid--4079df0f_18eae1488d1_1ba6">
                <ExtendedData>
                    <SchemaData schemaUrl="#dt_mvw_sv_eixo_svb_l_1">
                        <SimpleData name="id">55</SimpleData>
                        <SimpleData name="idoriginal">21</SimpleData>
                        <SimpleData name="classifvia">Via Paisagística</SimpleData>
                    </SchemaData>
                </ExtendedData>
                <LineString>
                    <coordinates>-38.47692780717907,-3.762485806144645 -38.47662995504515,-3.762442101907312 -38.476304071870814,-3.762441905617282 -38.475873190690095,-3.7625303806777777 -38.475221246136165,-3.7628294661389887 -38.474514022939985,-3.763200614809587 -38.474156263282175,-3.763355788326316 -38.47386960717588,-3.7634253791700463 -38.47358083101544,-3.7634099438067583 -38.47340715965959,-3.7633531545374885 -38.47293096076456,-3.763229529738884 -38.472404961441484,-3.7631767434676577 -38.472119301911945,-3.7631765699899287 -38.471906786859,-3.7631974275769355 -38.47150959935796,-3.7632811335536744 -38.471081011876294,-3.7634452705987886 -38.470680278356575,-3.7636339087593886 -38.4704382900368,-3.763712290308834 -38.46990330076929,-3.7638161286578824 -38.46953685474476,-3.7638338861604255 -38.469062498645876,-3.763790720683443 -38.46861169721324,-3.763668391241575 -38.46709177215138,-3.7632249811265077 -38.4667406854488,-3.7630922983368573 -38.46647009823961,-3.7628062622546645</coordinates>
                </LineString>
            </Placemark>
            <Placemark id="dt_mvw_sv_eixo_svb_l.fid--4079df0f_18eae1488d1_1ba7">
                <ExtendedData>
                    <SchemaData schemaUrl="#dt_mvw_sv_eixo_svb_l_1">
                        <SimpleData name="id">93</SimpleData>
                        <SimpleData name="idoriginal">59</SimpleData>
                        <SimpleData name="classifvia">Via Paisagística</SimpleData>
                    </SchemaData>
                </ExtendedData>
                <LineString>
                    <coordinates>-38.4594350494994,-3.758169159513904 -38.45933520317617,-3.7582003193535183 -38.459256113141564,-3.7582225999206993 -38.459186916011,-3.7582299999878312 -38.459112781950346,-3.758229953908709 -38.459038657881464,-3.758212540330715 -38.458947251323195,-3.75817030543082 -38.45868785072651,-3.758056015183999 -38.458601382547315,-3.7580212263955284 -38.45852725851187,-3.758003812777915 -38.45844571196713,-3.758001281174452 -38.45836416083302,-3.7580061926314183 -38.45828260428584,-3.7580210280058086 -38.458248000372734,-3.758033411746886 -38.457784676794546,-3.758187349653708 -38.45771299783432,-3.758212115550688 -38.457648726783084,-3.7582468104833247 -38.45758444275717,-3.758301353754423 -38.45753003927922,-3.758363346746753 -38.457478091575126,-3.758450151332266 -38.45693550099702,-3.7594756214323146 -38.45689097417691,-3.7595500253151126 -38.456829138797985,-3.759641786375288 -38.456752477542445,-3.759731056814917 -38.45665605195748,-3.7598128713330903 -38.45657941371135,-3.759864925927631 -38.456468173695306,-3.7599268833137276 -38.45633964283209,-3.759976424098586 -38.455122810236155,-3.7603737102627606 -38.45505360216087,-3.7603984779480437 -38.45497450570415,-3.7604306819989146 -38.45490775640935,-3.76047529905723 -38.45484347430922,-3.760527361219553 -38.45477917916066,-3.7605992717095895 -38.45470659082299,-3.760677076735389 -38.45466208842533,-3.7607117837982744 -38.45459533980323,-3.760756401324697 -38.45450140663629,-3.760803482150338 -38.4544371392067,-3.76083073373433 -38.454407478088065,-3.7608431203990573 -38.45110380267269,-3.761918104186004 -38.45097222408021,-3.761939013858275 -38.45086275304417,-3.7619587263928302 -38.45070294477371,-3.7619564275713624 -38.450519074114126,-3.7619255399175007 -38.45042276801294,-3.761896905941264 -38.45033084820043,-3.761857284464599 -38.44960126550678,-3.7614996849973146</coordinates>
                </LineString>
            </Placemark>
            <Placemark id="dt_mvw_sv_eixo_svb_l.fid--4079df0f_18eae1488d1_1ba8">
                <ExtendedData>
                    <SchemaData schemaUrl="#dt_mvw_sv_eixo_svb_l_1">
                        <SimpleData name="id">132</SimpleData>
                        <SimpleData name="idoriginal">95</SimpleData>
                        <SimpleData name="classifvia">Via Coletora</SimpleData>
                    </SchemaData>
                </ExtendedData>
                <LineString>
                    <coordinates>-38.62167157368553,-3.8018428027774647 -38.622142295757754,-3.8018290915699895 -38.62228020713584,-3.8018192631084484 -38.62530194099224,-3.801479747046809 -38.62560247119161,-3.801450050099047 -38.62570098208382,-3.801435259167226 -38.6258044206691,-3.801415525105039 -38.6258930835285,-3.8013957846049995 -38.63489360009496,-3.7989061001474482</coordinates>
                </LineString>
            </Placemark>
            <Placemark id="dt_mvw_sv_eixo_svb_l.fid--4079df0f_18eae1488d1_1ba9">
                <ExtendedData>
                    <SchemaData schemaUrl="#dt_mvw_sv_eixo_svb_l_1">
                        <SimpleData name="id">37</SimpleData>
                        <SimpleData name="idoriginal">6</SimpleData>
                        <SimpleData name="classifvia">Via Paisagística</SimpleData>
                    </SchemaData>
                </ExtendedData>
                <LineString>
                    <coordinates>-38.61407085063299,-3.8199791344230887 -38.61396492446796,-3.8197048829196443 -38.61390541942124,-3.8195794225720205 -38.61383284740409,-3.819434995520521 -38.61376606627425,-3.8193387023114496 -38.61365383621876,-3.8191984439805946 -38.61332863860823,-3.8188055648401775 -38.6130535270914,-3.8184633175495986 -38.61279784936396,-3.81815142917414 -38.61262863846729,-3.8179557967019027 -38.61234967265454,-3.8176087079927297 -38.611810811837934,-3.8169934393349054 -38.61163177217232,-3.8168225918051255 -38.61041058603583,-3.8156890289853687 -38.610074494772356,-3.815389628508659 -38.60911775770576,-3.8144842037024187 -38.60904249130653,-3.8144193717584445 -38.60872489295991,-3.814135895994079 -38.608618272304724,-3.814055145403604 -38.607706386671175,-3.8133910704031537 -38.60744778260577,-3.8132136420651506 -38.60723641890036,-3.813078689801622 -38.60692059584448,-3.812923711656822 -38.6067850324585,-3.8128648736623885 -38.60631725729246,-3.8126798968551037 -38.60569358576003,-3.812446161529449 -38.60482231901081,-3.8121153176907785 -38.60445098177374,-3.811961452577618 -38.60421515414968,-3.8118177284971577 -38.60385821595856,-3.8115393151812746 -38.603657497311424,-3.8114485182776154 -38.60338648705063,-3.8113488929806763 -38.603129020638605,-3.811303152493347 -38.602977655261675,-3.8112914063727366 -38.60273452656876,-3.8112922899242756 -38.60260055232012,-3.811305180579682 -38.6023770445809,-3.811324241386793 -38.60214617523084,-3.8113449154027546 -38.60151495246175,-3.811400710482162 -38.60125984921749,-3.8114322429316543 -38.60091970977408,-3.811454530916267 -38.60080473361516,-3.811460890165746 -38.60062115865922,-3.811324528156515 -38.600451974523715,-3.811146487890679 -38.59982162795378,-3.8105585725807485 -38.59971862157019,-3.8103851611283104 -38.59960799670664,-3.80996593305306 -38.59947655912765,-3.8094835931989603 -38.5994327902017,-3.8093904221745913 -38.59937871901513,-3.8092843091715185 -38.599324639700804,-3.8091937212629 -38.59918553217859,-3.8090668682221356 -38.599101746756084,-3.8090050526616785 -38.598888598468214,-3.808883773430271 -38.59798672078344,-3.8083688543915626 -38.59790059525191,-3.8083198556451627 -38.59782910176714,-3.8082675993520163 -38.597762486242274,-3.808208818417523 -38.597227304439464,-3.8076175638351675 -38.597143955302556,-3.807532160296735 -38.59705243022386,-3.807450035925816 -38.59697561342382,-3.807384334735732 -38.59686936942942,-3.8073087700817063 -38.59664400479208,-3.8072010641269225 -38.59644559889818,-3.807125611298605 -38.59630064724755,-3.8070749594074473 -38.59586754876324,-3.8069320547300194 -38.59571911077674,-3.8068707030911026 -38.595661387528985,-3.806840863846794 -38.595534394966094,-3.8067795222718734 -38.595422272749786,-3.8066668442805334 -38.59525543870404,-3.8064489936178525 -38.59519116597633,-3.8063131504196925 -38.59514669419248,-3.8061690357949094 -38.59510883189601,-3.805998423762699 -38.595095524978916,-3.8059398316129665 -38.59510387691007,-3.8057178973336097 -38.595148519757956,-3.80549763716882 -38.59519983576924,-3.805239735387603 -38.5952725660101,-3.804925081762735 -38.595332067448126,-3.804678328049189 -38.595368492784495,-3.80439181361233 -38.59537336965669,-3.8042847457539213 -38.595370199173445,-3.804008149828043 -38.595373582879404,-3.8038276200614902 -38.59536870054231,-3.8036851798584683 -38.59534237521194,-3.803537760987459 -38.59529121651809,-3.8033724544757286 -38.595233532141386,-3.803259802120121 -38.595067025531044,-3.8030344733233528 -38.59434291424845,-3.8022267316250953 -38.593035445092085,-3.8007674517493104 -38.59299220662728,-3.800697248774451 -38.59288912135116,-3.800478297835216 -38.59286087645104,-3.800376352963575 -38.592726560196354,-3.799692184975991 -38.59233214620627,-3.797411239759474 -38.592109379641755,-3.796171603207855 -38.59209599100091,-3.796077186489234 -38.59210109935648,-3.795927144261034 -38.59210953784872,-3.7958344234431096 -38.59213652623962,-3.7955180615877246 -38.59213321807157,-3.7954118488082047 -38.592111444563386,-3.7952938252146673 -38.59205106076784,-3.7951555534340833 -38.5919940278614,-3.79503245582449 -38.59164770439142,-3.794655216271646 -38.59162579141148,-3.7945585402276616 -38.59165963505578,-3.7944279719757437 -38.59172722644834,-3.79436695183475 -38.59196123820296,-3.794159980540137 -38.59210881574398,-3.793759622042005 -38.592256318608285,-3.793520304650422 -38.592395100087074,-3.793389795905169 -38.59241685900807,-3.7932113545073327 -38.59240430990067,-3.7924204867000877 -38.592396002471055,-3.791645740519877 -38.59238659759261,-3.7911144074945353 -38.592374702754164,-3.791042539978447 -38.59235940790624,-3.790951849099876 -38.59233899389298,-3.790874844521167 -38.59221629774548,-3.7904601363320203 -38.59217004817934,-3.79038782622038 -38.59212551521815,-3.7903069115879795 -38.591865179255116,-3.789379553906311 -38.59153657816583,-3.7882906603463735 -38.5914967594366,-3.788126928604507 -38.59147776019687,-3.7879527569404776 -38.59147269269928,-3.7876619029441545 -38.59146931409126,-3.787468581166632 -38.59147802968973,-3.787378020177117 -38.59151004444041,-3.7872226168248138 -38.59156594151965,-3.7870947505278614 -38.59162881587712,-3.7869721434415333 -38.59167595104035,-3.7869231111245574 -38.591751024111,-3.7868337966475245 -38.5936805065979,-3.784758505854118 -38.59374232581492,-3.784657045236219 -38.5937929210286,-3.784538664698742 -38.593832282693974,-3.78442591708918 -38.593857618366215,-3.784284971822179 -38.59387314725391,-3.7827153373379963 -38.593921408239794,-3.782493506729438 -38.594256270867376,-3.781513960956821 -38.594603954600274,-3.7805438870769197 -38.59464685554401,-3.7804779056385978 -38.59473551245612,-3.7803545543907253 -38.59556857628385,-3.779352039049087 -38.59604326839429,-3.778795556429262 -38.5961233626383,-3.778646373816281 -38.59621490147024,-3.7784685009036374 -38.596324049997975,-3.7781685944343737 -38.59634987877534,-3.7779390377252193 -38.59633282712689,-3.777729548207363 -38.596310006289066,-3.777634840997348 -38.595987132466185,-3.777050994568009 -38.595881456412926,-3.7768959858823554 -38.59577866597662,-3.776683587278917 -38.595747289589184,-3.7765487004509746 -38.595728775515994,-3.7763691675721436 -38.595764852453016,-3.7761339613151144 -38.59581547277759,-3.776000872799054 -38.59587282395639,-3.7758892207035517 -38.59594151922504,-3.7757815141287443 -38.59607194842475,-3.7755616014120803 -38.59613266992748,-3.775449950863269 -38.596247641422394,-3.775243860509417 -38.59647701339272,-3.7748649365632247 -38.596529864907154,-3.7747634348201853 -38.59673753603723,-3.774419474363116 -38.59678662077998,-3.7743181688178202 -38.59690185154624,-3.7741004700032303 -38.596911093304406,-3.773953093757359 -38.5969130347954,-3.773722812169915 -38.59688923051997,-3.773617791884423 -38.59665051288978,-3.772527408730468 -38.596563946026585,-3.7721363468453784 -38.59640893505233,-3.7718649011928256 -38.596049203199456,-3.771477417729133 -38.59581998912387,-3.7712796512786433 -38.595493382216326,-3.771103446410864 -38.595330998381385,-3.771023684082854 -38.5950245846087,-3.770863125295646 -38.594868693040866,-3.770721375345995 -38.594668301690646,-3.7704491120202484 -38.594601569421954,-3.7702197876362518 -38.59456829301187,-3.7700761065212016 -38.594557167142085,-3.769903580014239 -38.594675885757965,-3.768494998989732 -38.594839633301156,-3.766538088446908 -38.5948578755812,-3.7664315430642286 -38.59492161907937,-3.766279352775994 -38.59504903942888,-3.7661211034017708 -38.5953711972196,-3.765720718691168 -38.59548347111025,-3.7655320182922707 -38.5955441981922,-3.7653463385686186 -38.595565526819634,-3.765121063131936 -38.595545682002296,-3.764611133866022 -38.59555158564288,-3.7642482365639442 -38.59553629285924,-3.764129838073334 -38.59543726024885,-3.76324462241727 -38.59541964328182,-3.763048406148755 -38.595454447352814,-3.7628856960408 -38.59549501522321,-3.7627733564720582 -38.59605860713234,-3.761516242855492 -38.59625036163077,-3.7613446967783766 -38.59635224179041,-3.761276568510982 -38.59646647163343,-3.7611991498848725 -38.59653748678086,-3.7611341059590404 -38.59673513837396,-3.760858397275009 -38.59682162511306,-3.7607065915222226 -38.596985322358265,-3.760440163714484 -38.597152599249696,-3.7602839158091075 -38.59725448064062,-3.760212688721525 -38.5973748701782,-3.760163162278313 -38.597452039400586,-3.760138407216997 -38.59756315849499,-3.760113667237664 -38.59768970270428,-3.760101330391144 -38.597754524625095,-3.7600827669754664 -38.59787182113207,-3.760045635040529 -38.59811516797225,-3.7599181363553718 -38.598226833719615,-3.7598182955897057 -38.598325166619205,-3.7596916483371827 -38.5984502402171,-3.759456592668626 -38.59853426597146,-3.7592013662856347 -38.59876427590999,-3.758574537182146 -38.59883660864453,-3.758360902193678 -38.59894217607559,-3.75804926872405 -38.5990443097598,-3.7577712966437598 -38.59906787578119,-3.7574694266129343 -38.59907583454987,-3.7571401061227045 -38.5991072376316,-3.756464269022181 -38.59911118615857,-3.7563682175453783 -38.599146373961176,-3.756266300195576 -38.59921671025826,-3.756150677390525 -38.599580102647494,-3.755572566769231 -38.59967449495525,-3.7554220594492516 -38.59974290286969,-3.755253508417667 -38.599785914205945,-3.755120230353804 -38.599776200689305,-3.7550143713275967 -38.599772444184325,-3.7546889663974476 -38.599772719260905,-3.7541859826451764 -38.599806065256054,-3.7538429521198333 -38.59991160392101,-3.753590126554532 -38.60003297356087,-3.753385171982688 -38.60009940116278,-3.753275427525167 -38.60016779898318,-3.7531284394350846 -38.600216686746634,-3.7529520379928414 -38.600230451087945,-3.7527344549028983 -38.60021684181405,-3.752610952070568 -38.6001604618374,-3.752446481298847 -38.600074589993774,-3.7522557595606862 -38.59998270562789,-3.7521011643553273 -38.59986285435644,-3.7519023982057083 -38.59978097944196,-3.7517136853289017 -38.599740726064084,-3.7514410996746537 -38.599714971288215,-3.750929255932502 -38.599743023979435,-3.750782744576427 -38.59987132922084,-3.750131138687917 -38.599913368027806,-3.750000691339504 -38.59999739907221,-3.749842162131228 -38.600061410351806,-3.749747854148713 -38.600161476969376,-3.749492987263459 -38.600207755913395,-3.7492806675367043 -38.600221810463935,-3.749146192622728 -38.600199880760385,-3.749013708260913 -38.600149996138455,-3.748814974240447 -38.60004213110805,-3.748634278288582 -38.59990427717684,-3.7484615973770294 -38.59963215144836,-3.7482055785943995 -38.59946432151552,-3.748012812177199 -38.599352501923384,-3.747737776389963 -38.59932040116098,-3.7475397313161127 -38.59930250772815,-3.747324954354786 -38.5992945844029,-3.747164375918661 -38.59927265307838,-3.7470379133036866 -38.59921275292333,-3.7468833327569993 -38.59905885414513,-3.746537232938679 -38.59902294040225,-3.746386678113357 -38.599021002283806,-3.7462521958779136 -38.599053027944265,-3.7461618873426485 -38.59909103506471,-3.7461036961396115 -38.59917701582032,-3.7460535563853496 -38.59944291050786,-3.74599546976876 -38.600484099920344,-3.7458058230595475</coordinates>
                </LineString>
            </Placemark>
            <Placemark id="dt_mvw_sv_eixo_svb_l.fid--4079df0f_18eae1488d1_1baa">
                <ExtendedData>
                    <SchemaData schemaUrl="#dt_mvw_sv_eixo_svb_l_1">
                        <SimpleData name="id">38</SimpleData>
                        <SimpleData name="idoriginal">7</SimpleData>
                        <SimpleData name="classifvia">Via Arterial I</SimpleData>
                    </SchemaData>
                </ExtendedData>
                <LineString>
                    <coordinates>-38.48492436862343,-3.730782567288637 -38.48216245404502,-3.731678101815991</coordinates>
                </LineString>
            </Placemark>
            <Placemark id="dt_mvw_sv_eixo_svb_l.fid--4079df0f_18eae1488d1_1bab">
                <ExtendedData>
                    <SchemaData schemaUrl="#dt_mvw_sv_eixo_svb_l_1">
                        <SimpleData name="id">39</SimpleData>
                        <SimpleData name="idoriginal">8</SimpleData>
                        <SimpleData name="classifvia">Via Arterial I</SimpleData>
                    </SchemaData>
                </ExtendedData>
                <LineString>
                    <coordinates>-38.570111121944976,-3.7684141721007482 -38.5722178481088,-3.768081596590727</coordinates>
                </LineString>
            </Placemark>
            <Placemark id="dt_mvw_sv_eixo_svb_l.fid--4079df0f_18eae1488d1_1bac">
                <ExtendedData>
                    <SchemaData schemaUrl="#dt_mvw_sv_eixo_svb_l_1">
                        <SimpleData name="id">40</SimpleData>
                        <SimpleData name="idoriginal">9</SimpleData>
                        <SimpleData name="classifvia">Via Arterial I</SimpleData>
                    </SchemaData>
                </ExtendedData>
                <LineString>
                    <coordinates>-38.56469450105484,-3.7796409132109536 -38.56428256136646,-3.7798380618180745 -38.56372086324194,-3.780032785091794 -38.563311280597226,-3.7801970417225728 -38.562894085004565,-3.780317074371531 -38.56266273082243,-3.7802979942583836 -38.56241728090122,-3.7801414232368984 -38.561975452332526,-3.779697714578535 -38.561765555705,-3.779261453808627</coordinates>
                </LineString>
            </Placemark>
            <Placemark id="dt_mvw_sv_eixo_svb_l.fid--4079df0f_18eae1488d1_1bad">
                <ExtendedData>
                    <SchemaData schemaUrl="#dt_mvw_sv_eixo_svb_l_1">
                        <SimpleData name="id">41</SimpleData>
                        <SimpleData name="idoriginal">10</SimpleData>
                        <SimpleData name="classifvia">Via Arterial I</SimpleData>
                    </SchemaData>
                </ExtendedData>
                <LineString>
                    <coordinates>-38.56198440802434,-3.7772689754315127 -38.56180996909938,-3.7776160351419263 -38.560951698635,-3.7790827450532753 -38.56075563837383,-3.7793522397896946 -38.56051607163517,-3.779556135164081 -38.55519738327156,-3.7825309003529886 -38.5547400825552,-3.782807545307158 -38.55450773631672,-3.783077019590414 -38.55438428303874,-3.7832591142204164 -38.55326288147446,-3.7846976688799034 -38.55285635994189,-3.7850034837818036 -38.54713174689034,-3.7879705042929355 -38.54676885190426,-3.788101467523997 -38.53735136582366,-3.791439438357218 -38.53695983686827,-3.7916545481192916 -38.53562480120942,-3.7925510664473574 -38.535137160539534,-3.7929935949841522 -38.5342546729896,-3.7939602689843563 -38.53403405547461,-3.794193197828282 -38.53245505950566,-3.7955556744240413 -38.53216474313331,-3.795916741079709 -38.53194402417491,-3.796336107777981 -38.53003746481774,-3.801224497350614 -38.529863213577556,-3.8015506693002443 -38.52968903164711,-3.801748665063141 -38.5235882503509,-3.8085928779071985 -38.5231168851367,-3.809076616430733 -38.52267577728514,-3.809286114025595 -38.52232758036894,-3.8093674870543786 -38.513127555160125,-3.811682143173168 -38.512324777355865,-3.811799747495455 -38.51165170930894,-3.811752755411869 -38.51082788105856,-3.8115192389243195 -38.510085360776365,-3.8111575918716003 -38.50949360173758,-3.8109824683456717 -38.50844896142502,-3.811308136679371 -38.50711411389579,-3.8117734651220765 -38.506600604836954,-3.811866951289844 -38.50648456718102,-3.8118435797039867 -38.50263616897216,-3.811783095844131 -38.50147577723131,-3.811584332779503 -38.50116242735545,-3.8116074550149546 -38.49989738929883,-3.8117581990254297 -38.498678622769205,-3.8121653202145493 -38.49810992144097,-3.812258206018144 -38.49766903738424,-3.8120715108782406 -38.49099878982627,-3.80918669005357 -38.48933986530078,-3.80818360480545 -38.48889883448928,-3.8082532563284093 -38.487494397168966,-3.8086485987122867 -38.486844421523934,-3.8088113430311936 -38.486333642664405,-3.809079040650485 -38.481843879190315,-3.811247659200045 -38.48169296543348,-3.811329134238561 -38.47946406014946,-3.8125629296403067 -38.47905819282818,-3.8120499816529896 -38.47882646435766,-3.8114322689112474 -38.47871093309277,-3.810569927829053 -38.47875790006446,-3.8096610764078727 -38.478881243240025,-3.808263324784319 -38.471267269763736,-3.8076060131168297 -38.47081324456318,-3.8076232209671383 -38.468933079566206,-3.80789006282181 -38.46863135150945,-3.8078898761989626 -38.46273715041553,-3.8078864184595065 -38.46227298161038,-3.80783951907435 -38.45472483934383,-3.806236037490003 -38.45443474594456,-3.8061892445057572 -38.45159181321405,-3.8057679534414293 -38.451290115582246,-3.805721151557687 -38.44867732422301,-3.8055036517154273 -38.448480245046376,-3.805470541232054 -38.448404961403796,-3.8054595028933353</coordinates>
                </LineString>
            </Placemark>
            <Placemark id="dt_mvw_sv_eixo_svb_l.fid--4079df0f_18eae1488d1_1bae">
                <ExtendedData>
                    <SchemaData schemaUrl="#dt_mvw_sv_eixo_svb_l_1">
                        <SimpleData name="id">42</SimpleData>
                        <SimpleData name="idoriginal">11</SimpleData>
                        <SimpleData name="classifvia">Via Arterial I</SimpleData>
                    </SchemaData>
                </ExtendedData>
                <LineString>
                    <coordinates>-38.560612780043144,-3.7795657292553515 -38.56130796401202,-3.7792988156717042 -38.561869940528396,-3.779254555898012 -38.562210116310254,-3.7791656390735695 -38.56340737765346,-3.778397155562487 -38.563779590064726,-3.7780879855597305 -38.56416931506203,-3.7776328995815445 -38.56484567642299,-3.7768432219974675 -38.5650259787498,-3.7766682040396993 -38.565183019257404,-3.776510685335145 -38.565456335487944,-3.776335713967585 -38.565526116812485,-3.7762948902320352 -38.56572964291309,-3.776178253477022 -38.565985542124984,-3.7759565776456046 -38.56631711172867,-3.7755423206678334 -38.56738873283506,-3.7742160549687944</coordinates>
                </LineString>
            </Placemark>
            <Placemark id="dt_mvw_sv_eixo_svb_l.fid--4079df0f_18eae1488d1_1baf">
                <ExtendedData>
                    <SchemaData schemaUrl="#dt_mvw_sv_eixo_svb_l_1">
                        <SimpleData name="id">43</SimpleData>
                        <SimpleData name="idoriginal">270</SimpleData>
                        <SimpleData name="classifvia">Via Coletora</SimpleData>
                    </SchemaData>
                </ExtendedData>
                <LineString>
                    <coordinates>-38.55321075311074,-3.7334676471876134 -38.55228611419901,-3.7379428808287156 -38.551938709835184,-3.739692613314298</coordinates>
                </LineString>
            </Placemark>
            <Placemark id="dt_mvw_sv_eixo_svb_l.fid--4079df0f_18eae1488d1_1bb0">
                <ExtendedData>
                    <SchemaData schemaUrl="#dt_mvw_sv_eixo_svb_l_1">
                        <SimpleData name="id">44</SimpleData>
                        <SimpleData name="idoriginal">734</SimpleData>
                        <SimpleData name="classifvia">Via Coletora</SimpleData>
                    </SchemaData>
                </ExtendedData>
                <LineString>
                    <coordinates>-38.55452434846215,-3.77545350003325 -38.55435830361351,-3.7749664200676682</coordinates>
                </LineString>
            </Placemark>
            <Placemark id="dt_mvw_sv_eixo_svb_l.fid--4079df0f_18eae1488d1_1bb1">
                <ExtendedData>
                    <SchemaData schemaUrl="#dt_mvw_sv_eixo_svb_l_1">
                        <SimpleData name="id">87</SimpleData>
                        <SimpleData name="idoriginal">52</SimpleData>
                        <SimpleData name="classifvia">Via Arterial I</SimpleData>
                    </SchemaData>
                </ExtendedData>
                <LineString>
                    <coordinates>-38.590697323764594,-3.7692965734348 -38.59065251771525,-3.7697403059713954 -38.59011124035713,-3.770879836767068 -38.58940068229741,-3.7723757421404494 -38.58878586371074,-3.7735474352254443 -38.588467178182675,-3.774344364260235 -38.58807083654345,-3.775125755909632 -38.58788658768143,-3.77547607508473 -38.58788247332484,-3.776069070020245 -38.58788903670857,-3.7778974541154975</coordinates>
                </LineString>
            </Placemark>
            <Placemark id="dt_mvw_sv_eixo_svb_l.fid--4079df0f_18eae1488d1_1bb2">
                <ExtendedData>
                    <SchemaData schemaUrl="#dt_mvw_sv_eixo_svb_l_1">
                        <SimpleData name="id">88</SimpleData>
                        <SimpleData name="idoriginal">54</SimpleData>
                        <SimpleData name="classifvia">Via Arterial I</SimpleData>
                    </SchemaData>
                </ExtendedData>
                <LineString>
                    <coordinates>-38.56508140877256,-3.843574649656037 -38.564838816973655,-3.843413261174629 -38.56407802075082,-3.8432623698645862 -38.56322715838538,-3.843101446142161 -38.563109722043286,-3.8430519190064065 -38.56287058513592,-3.842840211159098 -38.56271945228563,-3.8425709089176823 -38.56256060748444,-3.8418547067702167 -38.562406318401194,-3.84103314648378 -38.562229617629825,-3.8402145157077 -38.561487967536905,-3.8368772966956803 -38.56101312635926,-3.8345871746304248 -38.56007954097355,-3.830260075192228 -38.55943090104898,-3.8275798158648406 -38.558923067713216,-3.8256303603156643 -38.55899103212266,-3.8252561572561836</coordinates>
                </LineString>
            </Placemark>
            <Placemark id="dt_mvw_sv_eixo_svb_l.fid--4079df0f_18eae1488d1_1bb3">
                <ExtendedData>
                    <SchemaData schemaUrl="#dt_mvw_sv_eixo_svb_l_1">
                        <SimpleData name="id">89</SimpleData>
                        <SimpleData name="idoriginal">55</SimpleData>
                        <SimpleData name="classifvia">Via Coletora</SimpleData>
                    </SchemaData>
                </ExtendedData>
                <LineString>
                    <coordinates>-38.55934379417546,-3.7942637059442257 -38.55889915238303,-3.794488203160804 -38.55742250070123,-3.7951996000878614 -38.556088389792414,-3.7948425248035167 -38.55531787426163,-3.795186365175188 -38.554800403307055,-3.795767356442925 -38.554483804001386,-3.796002279239326</coordinates>
                </LineString>
            </Placemark>
            <Placemark id="dt_mvw_sv_eixo_svb_l.fid--4079df0f_18eae1488d1_1bb4">
                <ExtendedData>
                    <SchemaData schemaUrl="#dt_mvw_sv_eixo_svb_l_1">
                        <SimpleData name="id">125</SimpleData>
                        <SimpleData name="idoriginal">88</SimpleData>
                        <SimpleData name="classifvia">Via Coletora</SimpleData>
                    </SchemaData>
                </ExtendedData>
                <LineString>
                    <coordinates>-38.55778506259999,-3.773518771700923 -38.5580551803848,-3.773247011057725 -38.558246167606846,-3.7730915626986783 -38.55804724554034,-3.772312055266473 -38.557752870012244,-3.7714280445254573 -38.55710785630067,-3.7695407786812956 -38.556754092661215,-3.7685271011383263</coordinates>
                </LineString>
            </Placemark>
            <Placemark id="dt_mvw_sv_eixo_svb_l.fid--4079df0f_18eae1488d1_1bb5">
                <ExtendedData>
                    <SchemaData schemaUrl="#dt_mvw_sv_eixo_svb_l_1">
                        <SimpleData name="id">45</SimpleData>
                        <SimpleData name="idoriginal">12</SimpleData>
                        <SimpleData name="classifvia">Via Paisagística</SimpleData>
                    </SchemaData>
                </ExtendedData>
                <LineString>
                    <coordinates>-38.61277210653003,-3.821504946220572 -38.61215177441939,-3.8203926159100874 -38.61185842820675,-3.81989300182101 -38.611811885653026,-3.819806124823823 -38.61075443292463,-3.8185663994724006 -38.61066075466327,-3.8184812262951153 -38.61051354069678,-3.8183579433236257 -38.60956898600712,-3.8177714966205856 -38.609488685030136,-3.817710971891629 -38.6087888397743,-3.8169791891631815 -38.607979700490304,-3.8161315351329437 -38.607902107924886,-3.8160464714621147 -38.607408979671064,-3.815661856422733 -38.60737056050346,-3.815596069961839 -38.60710425488237,-3.8151620025371407 -38.60705846479355,-3.8151268129733547 -38.606989313640916,-3.815111451652178 -38.60689410933545,-3.815111408000368 -38.606789009586684,-3.815146528373943 -38.606077567748656,-3.8153401812329983 -38.605980454332936,-3.8153270386839373 -38.605841331726275,-3.8152542072851525 -38.60513297653168,-3.814663238256747 -38.604820189594065,-3.8142739914445336 -38.6045282492087,-3.813873509377073 -38.604442234472785,-3.8138298155775665 -38.60429977343723,-3.813817675320484 -38.60423963386426,-3.8138352951524674 -38.60416746080649,-3.813867769863192 -38.60334256352348,-3.814386664282445 -38.60244694447708,-3.8149385319885165 -38.60235167578384,-3.8149743508197465 -38.602265937993856,-3.8149982193093623 -38.60215401067192,-3.815012512082954 -38.60207067622578,-3.814988565142729 -38.60191907099705,-3.8149379537697596 -38.60171322494184,-3.814725449853951 -38.60162901165234,-3.814647402298898 -38.60101979176968,-3.8142114809040457 -38.600743147143895,-3.8140724435616904 -38.60065095512306,-3.8139759359827723 -38.60054069691876,-3.8138519705391616 -38.59982615632774,-3.812746773570788 -38.59962510248734,-3.8124643799897626 -38.59926845948466,-3.812003219296909 -38.599175590709606,-3.8118730446025104 -38.59883593420932,-3.811295890375096 -38.59837293890203,-3.8105196721043226 -38.597887587060725,-3.809713253151528 -38.59776586020232,-3.80956532044112 -38.59755540737499,-3.809412432166984 -38.59707535762978,-3.8092932844952334 -38.59687123126285,-3.809264755580288 -38.59656942994999,-3.8091721024732523 -38.59640111200295,-3.8090013546878225 -38.59613547706927,-3.8087007041436975 -38.59592267308234,-3.808457490710579 -38.5957515401111,-3.8083819611652387 -38.59563884071527,-3.8083358007623755 -38.59544681562578,-3.808297985513772 -38.595292354398964,-3.8082811464303075 -38.595104496037855,-3.8082600999980443 -38.59491664356866,-3.8082264787993005 -38.594645315423634,-3.8081467102054196 -38.594461679687676,-3.8080250665614117 -38.59432395881837,-3.8079202114968047 -38.59411120659585,-3.807568016733094 -38.593887305338356,-3.807051035099401 -38.59385849756424,-3.806900777624208 -38.59383235804849,-3.8066582670201083 -38.59379830847774,-3.8060952113045152 -38.59377504590697,-3.8053149881404678 -38.593724795929646,-3.8044412479170187 -38.593674744758495,-3.804173424500529 -38.593566572600466,-3.803953300729387 -38.59328370162869,-3.803559124066627 -38.59276376015394,-3.802901310097471 -38.5924549794571,-3.8024742747456384 -38.591825147485416,-3.8016596151657454 -38.59159352675319,-3.801274289288519 -38.591380702365036,-3.8005813358662537 -38.5913727889488,-3.8004101254348757 -38.59137396665092,-3.7998157874236576 -38.59139332901708,-3.7994934170553014 -38.59129469076187,-3.7991572144463297 -38.59111964120505,-3.7987852031734883 -38.59104529788776,-3.7985894317222564 -38.59100818188687,-3.798372324748977 -38.591006473484164,-3.7982370882277703 -38.5910261003007,-3.7980888005584394 -38.59107953553232,-3.79785681659167 -38.591173785938764,-3.797277848626752 -38.59118514139067,-3.7970583126472706 -38.59118522583869,-3.796878784913371 -38.591131710901344,-3.7966094690930032 -38.59078958763962,-3.795661573688432 -38.59035991269112,-3.794483399087519 -38.59028882428652,-3.794197801972354 -38.59029078475656,-3.7939220668787543 -38.590318308798906,-3.7937915652009315 -38.59082920932252,-3.793193603473715 -38.590964402848556,-3.7930403058458895 -38.59108786999065,-3.7929059298852383 -38.591142192918205,-3.792796973431009 -38.59117688766314,-3.7926845304079855 -38.591183858563475,-3.7925952613373215 -38.59118273174402,-3.7925349726103095 -38.59116891238201,-3.792454968646258 -38.59101887173633,-3.7916205932963885 -38.59099232308744,-3.79152564467752 -38.59094508608291,-3.7914395863646466 -38.59085650121931,-3.791311974353002 -38.590247850738564,-3.790443465162654 -38.590162236448286,-3.790283219921926 -38.59005892797858,-3.7900487975989345 -38.58997678017646,-3.7897784559363505 -38.58990468314577,-3.7894473232023733 -38.58988257936844,-3.789175737202485 -38.589920816621515,-3.7885449263386826 -38.5899567935096,-3.7883378030059296 -38.590031667087246,-3.78807365882488 -38.590193278161166,-3.7877495146139086 -38.590295072634994,-3.7874613669410047 -38.59036934859802,-3.7872496332588037 -38.590402537955015,-3.7870715796303713 -38.590429816327294,-3.786893523195183 -38.59043106528207,-3.7867510685366708 -38.590439266847824,-3.7864234282018927 -38.59047173456066,-3.786159827340099 -38.590498435448474,-3.7860223011891807 -38.59056319040664,-3.7858790623932417 -38.59061459892212,-3.7857950349166947 -38.5907422609872,-3.785620773243779 -38.59113861792585,-3.7852193484272703 -38.591466036373994,-3.78490051897508 -38.59189011253479,-3.784461179707379 -38.5922768902379,-3.784078965564017 -38.59240517807376,-3.7839522013810996 -38.592527743532926,-3.78378315875014 -38.592617780491516,-3.7835987283378 -38.59267944160946,-3.783359223073251 -38.59287268117865,-3.782540499882258 -38.59298845852087,-3.781970323548292 -38.59320280307731,-3.7811935544531723 -38.593567548905156,-3.7801988708871073 -38.593710206051554,-3.7797833460542893 -38.59381119564923,-3.7794941658617924 -38.594101942363764,-3.7789459675859347 -38.59420272072103,-3.77878462602942 -38.59430028210352,-3.778701848056719 -38.59472644168093,-3.778472603135649 -38.59488916120045,-3.7783774012536275 -38.594953101753,-3.778307430438973 -38.5949744612539,-3.7781849406913732 -38.59495129094932,-3.778035207182822 -38.59483827417123,-3.7776121423958373 -38.59473819102356,-3.77728056298048 -38.594659638353555,-3.7771384407326414 -38.59456987274213,-3.7768999602799784 -38.59454021880894,-3.776704829437387 -38.5945128288185,-3.7759044397061876 -38.59455274526939,-3.775564434673513 -38.59456468348514,-3.7754768372461625 -38.59497616216278,-3.7741651497249835 -38.59526619712204,-3.7732871995299044 -38.595346819195115,-3.773020513300253 -38.59538982846223,-3.7727690962932843 -38.59537546510738,-3.772636673764854 -38.595317870058444,-3.772413194827836 -38.595144895484644,-3.7721565582157766 -38.59502953893076,-3.772071675424877 -38.59466588824851,-3.7718297449220923 -38.59444845051011,-3.7716994547908325 -38.59430419084308,-3.7716090951939947 -38.59412340207978,-3.7714793273124756 -38.59384374953888,-3.7711708056014692 -38.59365040896682,-3.7707334763326936 -38.59363783810671,-3.7706236329425575 -38.5935872570419,-3.7704512871731524 -38.593530714747814,-3.7698957349184674 -38.59348875711759,-3.7694086716102553 -38.59341821562453,-3.768497143188374 -38.593407770253485,-3.7681281533205397 -38.59343335193092,-3.767724454884029 -38.59373669179148,-3.766626377586791 -38.59400378886326,-3.765708081682161 -38.59413198705134,-3.765223129740531 -38.594188692913534,-3.7649000160650545 -38.594195535474434,-3.7646634103319685 -38.59417822335927,-3.7641263580464748 -38.59420432551073,-3.7639088052534 -38.594365194694525,-3.762854805264956 -38.59443272286696,-3.7625508969241004 -38.594649589035456,-3.762155030252878 -38.59472122091631,-3.7618831073921752 -38.59479500301337,-3.761643820149079 -38.59504938591436,-3.7609377286552856 -38.595123555463594,-3.7608064501571623 -38.5952893212348,-3.760567975218468 -38.59602694068485,-3.7597111881614813 -38.59722959384477,-3.7583439042399003 -38.59742704014733,-3.758099625857721 -38.59790973035923,-3.7574041654472508 -38.59800846188325,-3.7572633132991853 -38.59806836306258,-3.757124884055331 -38.59811466262365,-3.7565679182829963 -38.59825769059076,-3.755972060217486 -38.59829285697755,-3.7557849465213633 -38.59831702419242,-3.755679284346196 -38.598233945124775,-3.7551552813655964 -38.59847996953931,-3.754848305809389 -38.59862268983865,-3.7544058641334614 -38.598701233285645,-3.7541500014813503 -38.598785537135335,-3.753834563761753 -38.59883050920913,-3.7536430444917994 -38.59881384234062,-3.753282491736252 -38.5987187238697,-3.752707829852036 -38.59874151135219,-3.7522761841794523 -38.59881490396394,-3.7512790852359656 -38.59882616596313,-3.751188953988632 -38.598989185373604,-3.75050737404268 -38.59901734797673,-3.750265145832609 -38.59904955229185,-3.749964230472937 -38.59885288277039,-3.7492506510015953 -38.598761537483426,-3.748996295764928 -38.59855727517407,-3.7486881209834295 -38.59813643636681,-3.7481265417138845 -38.59796674083154,-3.7477782623328473 -38.597800577397415,-3.7474477500714616 -38.59770515435497,-3.747184778853857 -38.59766250123508,-3.7468052998501173 -38.59762018513737,-3.7464819506131226 -38.59756013896556,-3.746240313568224 -38.597485898604845,-3.746087497541372 -38.59727723029609,-3.745845791945016 -38.597096855973746,-3.7456396303917865 -38.59696251355487,-3.745365982230864 -38.59689885964707,-3.7449476683157745 -38.59692373205189,-3.7447238359573634 -38.597249573233164,-3.7440915393672234 -38.597695764563824,-3.743374024056379 -38.59802236341502,-3.7428597129812577 -38.59813564411113,-3.74276027857728 -38.598234808140724,-3.74257556430539 -38.598337544565844,-3.7423197902147485 -38.598457927345315,-3.7421635107331865 -38.59857833044787,-3.741964593626257 -38.59859970615868,-3.7416483795997557 -38.59862833693663,-3.740941331241957</coordinates>
                </LineString>
            </Placemark>
            <Placemark id="dt_mvw_sv_eixo_svb_l.fid--4079df0f_18eae1488d1_1bb6">
                <ExtendedData>
                    <SchemaData schemaUrl="#dt_mvw_sv_eixo_svb_l_1">
                        <SimpleData name="id">46</SimpleData>
                        <SimpleData name="idoriginal">13</SimpleData>
                        <SimpleData name="classifvia">Via Paisagística</SimpleData>
                    </SchemaData>
                </ExtendedData>
                <LineString>
                    <coordinates>-38.51612729908084,-3.8109257156524583 -38.51587092205222,-3.8102512086488423 -38.51556992379072,-3.8094193928501676 -38.515356072138545,-3.8084777651282735 -38.51527714893206,-3.8081766291303745 -38.51527389585771,-3.8081005268610215 -38.51534664968408,-3.807647276834422 -38.515389502209004,-3.8076274486448023 -38.51587066218764,-3.807588015864067 -38.515775379168794,-3.807026609698027 -38.515795534610554,-3.8063417208074632 -38.515815425734914,-3.806129975261594 -38.515920946842435,-3.806010921732007 -38.51638255225637,-3.805654193316344 -38.515827130869454,-3.8049630721808088 -38.51584182480033,-3.804146110296974 -38.51585931316608,-3.8030802689069074 -38.51593442848175,-3.8029547321700226 -38.51641877864863,-3.8025161827439713 -38.51590006049512,-3.8018942756639404 -38.51587717463144,-3.801814729174122 -38.515939700675084,-3.800454693420231 -38.51592926188684,-3.800372577203724 -38.51581195809417,-3.800147234656232 -38.515466929532884,-3.7995407198902846 -38.5154183217678,-3.7994472295511637 -38.515107933943064,-3.7979479459361545 -38.51463947186362,-3.7957895110022544 -38.51464384894638,-3.7955966365896305 -38.51471241952796,-3.795348932330322 -38.51483634312543,-3.795126122321546 -38.51523555325777,-3.7950127641522675 -38.51508223203578,-3.7943654696641045 -38.51519981369906,-3.7942699174813384 -38.51524042312211,-3.7941713592489665 -38.51512124706768,-3.793536941564244 -38.515187485461645,-3.793410537766965 -38.51545267515986,-3.7930576696829577 -38.51570471202549,-3.7927513515184152 -38.51572182441142,-3.792687068822002 -38.51561332438162,-3.79204408543111 -38.51566884712421,-3.791994826071856 -38.515933532570955,-3.7919349707093475 -38.51579080065028,-3.791279782627847 -38.5158145327887,-3.7912019577998963 -38.51564690135648,-3.790589970604782 -38.51572445183006,-3.7905446085507983 -38.51590105523179,-3.7905122750972713 -38.51567624558524,-3.7892124236043054 -38.5157038402111,-3.7891467231197256 -38.51582788521342,-3.7890914531788873 -38.51721279480001,-3.7889296682995197</coordinates>
                </LineString>
            </Placemark>
            <Placemark id="dt_mvw_sv_eixo_svb_l.fid--4079df0f_18eae1488d1_1bb7">
                <ExtendedData>
                    <SchemaData schemaUrl="#dt_mvw_sv_eixo_svb_l_1">
                        <SimpleData name="id">47</SimpleData>
                        <SimpleData name="idoriginal">14</SimpleData>
                        <SimpleData name="classifvia">Via Paisagística</SimpleData>
                    </SchemaData>
                </ExtendedData>
                <LineString>
                    <coordinates>-38.512719624825095,-3.7862830682746504 -38.51266555495679,-3.7858345916583978 -38.512587337342055,-3.7853921609556567 -38.51252106529264,-3.7851780004626328 -38.51240059253545,-3.7846175165016227</coordinates>
                </LineString>
            </Placemark>
            <Placemark id="dt_mvw_sv_eixo_svb_l.fid--4079df0f_18eae1488d1_1bb8">
                <ExtendedData>
                    <SchemaData schemaUrl="#dt_mvw_sv_eixo_svb_l_1">
                        <SimpleData name="id">48</SimpleData>
                        <SimpleData name="idoriginal">15</SimpleData>
                        <SimpleData name="classifvia">Via Paisagística</SimpleData>
                    </SchemaData>
                </ExtendedData>
                <LineString>
                    <coordinates>-38.532306141479964,-3.8389041265749784 -38.53210576358063,-3.8387199870393776 -38.531544317186984,-3.838311243729362 -38.53081233153962,-3.8377890975615756 -38.5301523509498,-3.837321195074029 -38.529695852166476,-3.83698365488549 -38.52963815098515,-3.836909841070287 -38.52957527745502,-3.8366937312064837 -38.529593775617904,-3.836464490271319 -38.52977217981592,-3.836270596354057 -38.529906407513636,-3.836090428683017 -38.53000658837358,-3.8359071354889425 -38.530008724225226,-3.8357735095320096 -38.53000052751518,-3.8356699180590836 -38.5299137905222,-3.8354918062363756 -38.52963950275391,-3.83519746789596 -38.529256795165075,-3.834762440911445 -38.52889391030778,-3.8343662091862862 -38.52740383263329,-3.832718450032231 -38.52711179405213,-3.832418252705108 -38.52700521993093,-3.832270251783906 -38.52690405876657,-3.832063504704382 -38.52685275079894,-3.8317717747734177 -38.52688774109186,-3.8315451012039925 -38.52700963833857,-3.8312114494982317 -38.52708988212464,-3.831067293069496 -38.52720525122857,-3.830824228626518 -38.527441176907836,-3.8303505226164347 -38.52747132045993,-3.830201309054936 -38.52749313959706,-3.830005141206601 -38.52747484425083,-3.829865960774297 -38.52734806310565,-3.8296009642815863 -38.5269353663993,-3.8290207851607336 -38.5264568373272,-3.8284544001159553 -38.52613179136569,-3.8281767828955395 -38.526023996298264,-3.8280989053804513 -38.5253812321696,-3.8275982905881056 -38.52464081967509,-3.8270469093467425 -38.52380312007821,-3.8264357623161906 -38.52243744493045,-3.825421318166604 -38.52206585810054,-3.8252345233509373 -38.52128004049335,-3.8248951448261685 -38.521106175867914,-3.8248290683671704 -38.520888471531535,-3.8246223107834694 -38.52075406450338,-3.824488625232946 -38.520625065840285,-3.824294663811824 -38.52055027659482,-3.824167177936998 -38.52048852343287,-3.824010289750032 -38.52044195351949,-3.823862123919686 -38.5204072251062,-3.8236294135536495 -38.520391066560705,-3.8234213551458103 -38.520389557374465,-3.823112246434414 -38.520373258805726,-3.8227331362909096 -38.52034520941613,-3.8226449618420277 -38.520241636965196,-3.8225726131710647 -38.52010643796799,-3.822526694864222 -38.51888866615772,-3.8225594675087096 -38.51882895394706,-3.8225647239234766 -38.518790303211624,-3.8225929127975093 -38.51872002685141,-3.822645768862912 -38.518574162466656,-3.8228325835667345 -38.51846946242098,-3.8229105818378306 -38.518360576570906,-3.822917573041021 -38.51826574482717,-3.8229157565226597 -38.51820428861485,-3.8228998531757394 -38.51815863836306,-3.8228821962233477 -38.51810772372683,-3.8228574825652992 -38.51806208430838,-3.8228204306271936 -38.517997149046536,-3.822744577221633 -38.517691329122634,-3.8223065474810967 -38.51765447947097,-3.8222536317432505 -38.517633441654155,-3.8221901455525766 -38.51762820781362,-3.8221284313950776 -38.51761946538103,-3.82205966276308 -38.51763005045822,-3.821873364656856 -38.51766346045116,-3.8217958035429835 -38.51772850001098,-3.821684760271985 -38.51824313421599,-3.8208682854208744 -38.518439240502005,-3.8203942350778854 -38.518494430372215,-3.820212283255132 -38.51855320482149,-3.8199750243315425 -38.51859429453086,-3.8197743286526045 -38.51862108400768,-3.819533483902417 -38.51863897808248,-3.8193122593808235 -38.5186391931338,-3.818991691066314 -38.518646649487856,-3.818367243209445 -38.51865944183942,-3.8178364592919976 -38.51866340563755,-3.8170983906243445 -38.51866202992055,-3.8164760534002635 -38.51862302206207,-3.8163190258913966 -38.518399441520025,-3.815735483523776 -38.518292893563796,-3.815601612360624 -38.51815465883971,-3.8155097144125354 -38.51772750931244,-3.815367690682999 -38.51696186214531,-3.8151090180344753 -38.51684323997599,-3.8150060445562985 -38.51657912284199,-3.8145802957291575 -38.516072196176395,-3.8137739486490134 -38.515963097426095,-3.8136405263826876 -38.51570633420173,-3.813401661506085 -38.5147982140187,-3.812677849184967 -38.51408710318875,-3.812114120280938 -38.5139626111613,-3.8119476254147115 -38.51387651613428,-3.8117838667946233 -38.51383002410333,-3.8116142833199893 -38.51365799225243,-3.810863569327732 -38.51328520918062,-3.809313327285648 -38.51312879570401,-3.8087024953443707 -38.513006350837784,-3.8081944334740623 -38.51298006329503,-3.8080051363040694 -38.51295381618283,-3.807743911040288 -38.51293458959501,-3.807072272330393 -38.51289352288194,-3.804866336932429 -38.51285572022675,-3.802977203298101 -38.51280204293751,-3.8002086329692917 -38.512756177279684,-3.7998880722159387 -38.51270094270094,-3.799550759274771 -38.512416077066206,-3.798450301378446 -38.511967849563874,-3.7967695590803583 -38.51190208410839,-3.7966606655294166 -38.51171240326092,-3.796565308391312 -38.509266344282345,-3.7954107688935697 -38.50929770708613,-3.7950529503458506 -38.50936576323299,-3.794435656456129 -38.50943180854081,-3.7940203547390814 -38.509796020834486,-3.792809156614321 -38.51009064365715,-3.792740101142776 -38.510375827017484,-3.7927371166849393 -38.51150300272122,-3.792737801913455 -38.51166904870904,-3.7927081282797954 -38.5118548694206,-3.7926625896250257 -38.51199391598254,-3.7925826010310426 -38.5121184926936,-3.792485430367481 -38.51226682913313,-3.7923148462372667 -38.5124073446157,-3.791991450467247 -38.51271270758782,-3.7911068866271433 -38.512823600489064,-3.790737830123804 -38.51288909456925,-3.790407123374816 -38.51289318819908,-3.7901570773122026 -38.51284594542673,-3.789809761715943 -38.5127174702703,-3.7885058541676067 -38.51265819590338,-3.7877584577232426 -38.51265827025996,-3.7876255296151924 -38.51267243043286,-3.7874140607499536 -38.51270956545372,-3.7862830625995683 -38.512655335379655,-3.7861194095982036 -38.51245424324925,-3.7859455740747605 -38.51233157017133,-3.7858505629768335 -38.51220885868615,-3.78582423363015 -38.511814604841575,-3.785684628536933</coordinates>
                </LineString>
            </Placemark>
            <Placemark id="dt_mvw_sv_eixo_svb_l.fid--4079df0f_18eae1488d1_1bb9">
                <ExtendedData>
                    <SchemaData schemaUrl="#dt_mvw_sv_eixo_svb_l_1">
                        <SimpleData name="id">49</SimpleData>
                        <SimpleData name="idoriginal">16</SimpleData>
                        <SimpleData name="classifvia">Via Arterial I</SimpleData>
                    </SchemaData>
                </ExtendedData>
                <LineString>
                    <coordinates>-38.5859949084145,-3.803964129250849 -38.5852417916519,-3.8027973497690457</coordinates>
                </LineString>
            </Placemark>
            <Placemark id="dt_mvw_sv_eixo_svb_l.fid--4079df0f_18eae1488d1_1bba">
                <ExtendedData>
                    <SchemaData schemaUrl="#dt_mvw_sv_eixo_svb_l_1">
                        <SimpleData name="id">50</SimpleData>
                        <SimpleData name="idoriginal">17</SimpleData>
                        <SimpleData name="classifvia">Via Arterial I</SimpleData>
                    </SchemaData>
                </ExtendedData>
                <LineString>
                    <coordinates>-38.589178603394984,-3.801874188553428 -38.58909785512082,-3.801945665440482 -38.587711628955304,-3.8028622530007485</coordinates>
                </LineString>
            </Placemark>
            <Placemark id="dt_mvw_sv_eixo_svb_l.fid--4079df0f_18eae1488d1_1bbb">
                <ExtendedData>
                    <SchemaData schemaUrl="#dt_mvw_sv_eixo_svb_l_1">
                        <SimpleData name="id">51</SimpleData>
                        <SimpleData name="idoriginal">302</SimpleData>
                        <SimpleData name="classifvia">Via Arterial I</SimpleData>
                    </SchemaData>
                </ExtendedData>
                <LineString>
                    <coordinates>-38.537691650687364,-3.7534394541372054 -38.530090084540085,-3.7599134137210823 -38.529760285278016,-3.760149659912237 -38.52944626197543,-3.760244059645415 -38.52910084849273,-3.7603226811432395 -38.52889674086005,-3.7603698553863287</coordinates>
                </LineString>
            </Placemark>
            <Placemark id="dt_mvw_sv_eixo_svb_l.fid--4079df0f_18eae1488d1_1bbc">
                <ExtendedData>
                    <SchemaData schemaUrl="#dt_mvw_sv_eixo_svb_l_1">
                        <SimpleData name="id">56</SimpleData>
                        <SimpleData name="idoriginal">22</SimpleData>
                        <SimpleData name="classifvia">Via Paisagística</SimpleData>
                    </SchemaData>
                </ExtendedData>
                <LineString>
                    <coordinates>-38.45740203035501,-3.773188157511151 -38.456894800440885,-3.7722719258613178 -38.45689178763126,-3.772226128430806 -38.456897908957565,-3.772162018008698 -38.4569344160846,-3.772131510722479 -38.45721436264126,-3.771932442242796 -38.457247833255714,-3.7718958270077803 -38.45745786198249,-3.7715418049005187 -38.457467002711645,-3.771511279840696 -38.457479201715486,-3.7714532798616096 -38.457510016183164,-3.7710337721211973 -38.45752221138785,-3.770981878168992 -38.45755871654949,-3.770954423549819 -38.45760435770641,-3.7709056032206862 -38.45898793926766,-3.770808769677446 -38.45919772931559,-3.770839431311611 -38.45935880597416,-3.7709708130174313 -38.459776439040084,-3.771814707617125 -38.45985237746993,-3.771942982885714 -38.45993136281638,-3.7720621013076685 -38.460596741264006,-3.7729326344883805 -38.46067274298426,-3.7729601592484974 -38.460788273228964,-3.7729877085942674 -38.46090990099217,-3.772987784250473 -38.46226804080796,-3.7726564065196158 -38.462353209434426,-3.772610663765138 -38.46244749424082,-3.7725740853986593 -38.46376464790605,-3.771689237732682 -38.46387941331441,-3.771627872240348 -38.46487890775931,-3.7710745883189287 -38.466217226637255,-3.7703582167984115 -38.466302881548785,-3.7703309099267925 -38.46646442557442,-3.7703349178225225 -38.466612310891335,-3.7703955900875825 -38.46671540813074,-3.7704914113988908 -38.46675621137784,-3.770606736961877 -38.466826158390504,-3.7708061128236863 -38.46692912236856,-3.7711208088364865 -38.46716911119322,-3.7711583323263933 -38.467429899841534,-3.7711936685151897 -38.46770315395404,-3.771080475160376 -38.467796611901086,-3.771025813968761 -38.46790368808563,-3.7709809324022086 -38.46799696803159,-3.7709475997136064 -38.46813052630082,-3.7709054469854815 -38.46829107098439,-3.77088074828302 -38.468507700157595,-3.7708845829265036 -38.46980331775524,-3.770935556756077 -38.469892888989754,-3.7709238816272506 -38.47003263542973,-3.770901985526608 -38.470174403107734,-3.770864537259292 -38.470323188545514,-3.770813017514009 -38.47044354074018,-3.770756735922776 -38.47056104025278,-3.7706852951324077 -38.47067980252193,-3.770591272222626 -38.47076536262505,-3.77051441209883 -38.47109917979387,-3.7701556989131446 -38.47123501867246,-3.7700081220448456 -38.471608842065464,-3.76960267044344 -38.471641547572865,-3.7695610427720165 -38.471671740061616,-3.7695168896037217 -38.47170948434233,-3.7694575966230457 -38.472045714734605,-3.7688439515486607 -38.47211159787506,-3.768714187097247 -38.4722121582765,-3.7685788794633246 -38.472354916863246,-3.7684087782959526 -38.4725203754882,-3.768222428167709 -38.472760171542596,-3.7678641006807863 -38.47282381975703,-3.767774744920901 -38.47292995881129,-3.7676584264630444 -38.47295936070376,-3.7674754428600092 -38.47305369169791,-3.7671262117318642 -38.473097298677025,-3.7669502432711197 -38.473144816063396,-3.766830108512194 -38.47322678805157,-3.766683709914189 -38.473320250529696,-3.7665771419464456 -38.47341874624968,-3.7664827376047842 -38.47568765608231,-3.764850540791553 -38.47580328170339,-3.7647502209950616 -38.475916539938424,-3.7646508660200175 -38.47606725829561,-3.7644932012526087 -38.47624524715571,-3.764274060444053 -38.47637629700543,-3.7640765786711032 -38.47648162175856,-3.7638635614851528 -38.47660507652863,-3.7635737606915884 -38.476709656588305,-3.763241926650842 -38.47692780717907,-3.762485806144645</coordinates>
                </LineString>
            </Placemark>
            <Placemark id="dt_mvw_sv_eixo_svb_l.fid--4079df0f_18eae1488d1_1bbd">
                <ExtendedData>
                    <SchemaData schemaUrl="#dt_mvw_sv_eixo_svb_l_1">
                        <SimpleData name="id">57</SimpleData>
                        <SimpleData name="idoriginal">23</SimpleData>
                        <SimpleData name="classifvia">Via Paisagística</SimpleData>
                    </SchemaData>
                </ExtendedData>
                <LineString>
                    <coordinates>-38.4400077932691,-3.7713880844967984 -38.440331749922876,-3.7716336335114575 -38.44127713374507,-3.772528152371672 -38.44143614713133,-3.772571805585828 -38.441647255218996,-3.772545810896824 -38.44179190431253,-3.772441382522754 -38.44352103246621,-3.7689357423487353 -38.44355023212058,-3.768760524133115 -38.443477640453565,-3.7685589554074674 -38.44332356267249,-3.7684186676511535 -38.442980298299474,-3.768215971378703 -38.44292220076456,-3.7680932682391606 -38.442864110675494,-3.7679588830546455 -38.442884582963096,-3.7677836592700236 -38.443172949221896,-3.7671040190727267 -38.44356811427866,-3.7663452240906863 -38.44363262532662,-3.7661278585337774 -38.44355377302161,-3.765889835888909 -38.44347189487009,-3.7658104591733927 -38.44328470096381,-3.7656957596559057 -38.44313845551561,-3.765607527983249 -38.44305150507058,-3.765501222922172 -38.44298141432279,-3.7653833757031356 -38.44294928284564,-3.765264397283112 -38.44297581556411,-3.7651431472598706 -38.44300002274468,-3.765061163165965 -38.44383551868028,-3.7633786547364245 -38.44390540769911,-3.7632957242581013 -38.44400904111222,-3.763225670335794 -38.44557808106957,-3.7621711553512402 -38.445661355305695,-3.761997871089284</coordinates>
                </LineString>
            </Placemark>
            <Placemark id="dt_mvw_sv_eixo_svb_l.fid--4079df0f_18eae1488d1_1bbe">
                <ExtendedData>
                    <SchemaData schemaUrl="#dt_mvw_sv_eixo_svb_l_1">
                        <SimpleData name="id">58</SimpleData>
                        <SimpleData name="idoriginal">24</SimpleData>
                        <SimpleData name="classifvia">Via Paisagística</SimpleData>
                    </SchemaData>
                </ExtendedData>
                <LineString>
                    <coordinates>-38.45776642454802,-3.7770003408860173 -38.45740210057535,-3.777264986797366 -38.45620421538028,-3.778065056626404 -38.45606452524575,-3.778164070974405 -38.455983180135846,-3.7786515036570436 -38.45596615447181,-3.778770634064744 -38.45593461399978,-3.778865441074728 -38.45587887479592,-3.7789310556182385 -38.455827987116244,-3.7789845157618522 -38.45572867925858,-3.779016062047559 -38.45561243813491,-3.77901842042059 -38.45554706293213,-3.779003790358302 -38.45546230321215,-3.7790061685170846 -38.45528395769027,-3.7790412030203866 -38.45477292514309,-3.779143002482832 -38.45457921253072,-3.7791112716786106 -38.454477542376445,-3.7790479895090137 -38.45436860774403,-3.7789847027492707 -38.45417729237481,-3.778991876568735 -38.45402227955124,-3.779035544955334 -38.45339261424502,-3.779093502558604 -38.45315049783663,-3.7790155432154418 -38.45286544314026,-3.77879811163714 -38.45270084394625,-3.7786812973824953 -38.45250955764544,-3.7786422732112315 -38.45209553826581,-3.7785107127340494 -38.45202050981821,-3.7784425842007496 -38.45197941932563,-3.7783185541771434 -38.451863399047596,-3.7779707823292297 -38.451839240170855,-3.7778783717433657 -38.451785656783684,-3.7769651267967888 -38.45179298075626,-3.7768703046574656 -38.451807564055485,-3.7767852130640893 -38.451836453419496,-3.7762678029573378 -38.45202483200297,-3.775868064073692 -38.45222051242053,-3.7755124856325204 -38.45236967410102,-3.775311423659952 -38.452500446379794,-3.7752219229334774 -38.452730183929674,-3.775101865212976 -38.45296726493565,-3.774959734419199 -38.45306994419534,-3.77485676819327 -38.453216601603714,-3.7747538297084984 -38.453338814072026,-3.774670500822761 -38.45358805398477,-3.7746191425180267 -38.45376791302462,-3.774578669684588 -38.45408556983342,-3.774517541522342 -38.45437639329368,-3.774387709573043 -38.45449131265882,-3.774245500737527 -38.45496563115268,-3.773708566121264 -38.45501950024184,-3.773519709662193 -38.45512229831572,-3.7732253996525533 -38.45516656905521,-3.7728557790640216 -38.45521552190103,-3.772713528614461 -38.45527662637847,-3.7726743175160498 -38.45538658132077,-3.772657214755374 -38.455484297539606,-3.7726769012036168 -38.455613737866884,-3.772757935338567 -38.456912521145824,-3.7735127179532495</coordinates>
                </LineString>
            </Placemark>
            <Placemark id="dt_mvw_sv_eixo_svb_l.fid--4079df0f_18eae1488d1_1bbf">
                <ExtendedData>
                    <SchemaData schemaUrl="#dt_mvw_sv_eixo_svb_l_1">
                        <SimpleData name="id">59</SimpleData>
                        <SimpleData name="idoriginal">25</SimpleData>
                        <SimpleData name="classifvia">Via Paisagística</SimpleData>
                    </SchemaData>
                </ExtendedData>
                <LineString>
                    <coordinates>-38.441676421010264,-3.7872806980882463 -38.44218129150894,-3.786902207621856 -38.44274159143809,-3.7865105339268608 -38.442902019657936,-3.7863875216958784 -38.443079085847735,-3.7860585391177177 -38.44314285552421,-3.7858999504394455 -38.443274999835,-3.785755611816353 -38.4440922084672,-3.7849918534093345 -38.44418183905813,-3.7849540294441066 -38.44431391007293,-3.7849257030160555 -38.44496002315467,-3.784923750743005 -38.44510859299755,-3.7849072726040727 -38.44526428068332,-3.7848197714853598 -38.44575894617795,-3.7844593516616074 -38.44587217716003,-3.7843907636895526 -38.44603019375612,-3.784350615796006 -38.4462188348138,-3.7843578393937727 -38.44911951641681,-3.7843076751910205 -38.44984113508966,-3.784232371562823 -38.44999440383843,-3.7842419393833198 -38.45013585028809,-3.7843012197693366 -38.450291410085676,-3.7844173313039495 -38.4504398246827,-3.784647083898158 -38.450724789162244,-3.785039727403663 -38.450852068212235,-3.7851297770437435 -38.450979357194896,-3.7852056219015853 -38.451104331769365,-3.78521043644002 -38.45126466339441,-3.7852389496960006 -38.45140616768759,-3.7852082605819284 -38.45153823472987,-3.7851846681501193 -38.45169392444127,-3.7850947976008498 -38.45677935913957,-3.7816363877341033 -38.456859715446456,-3.7815647620193205 -38.45696536293672,-3.781478219429966 -38.45737952885105,-3.7810339015549586 -38.457549217383416,-3.780802552885728 -38.457638554379336,-3.7806383505395122 -38.457749178456076,-3.7803982528673217 -38.45791135168346,-3.7800209757695793 -38.45798157371312,-3.7797772030941403 -38.4580296987583,-3.7794107813853963 -38.45805413448125,-3.778939241531895 -38.45801683272555,-3.7786002418987255 -38.45795867099072,-3.7780246982195536 -38.45791236019057,-3.7776662639863527 -38.45776642454802,-3.7770003408860173</coordinates>
                </LineString>
            </Placemark>
            <Placemark id="dt_mvw_sv_eixo_svb_l.fid--4079df0f_18eae1488d1_1bc0">
                <ExtendedData>
                    <SchemaData schemaUrl="#dt_mvw_sv_eixo_svb_l_1">
                        <SimpleData name="id">60</SimpleData>
                        <SimpleData name="idoriginal">26</SimpleData>
                        <SimpleData name="classifvia">Via Paisagística</SimpleData>
                    </SchemaData>
                </ExtendedData>
                <LineString>
                    <coordinates>-38.44268883323489,-3.7887183636910757 -38.442662177968394,-3.789062164912676 -38.44273228394497,-3.789368272978464 -38.44279144363822,-3.78968120732498 -38.44281460030059,-3.78993664779219 -38.44283346645878,-3.7903211260042573 -38.44277774697332,-3.7906110571146963 -38.44256023653054,-3.7914170364035997 -38.44234234765759,-3.791904005130908 -38.442184879351906,-3.7921326668634068 -38.442038265285724,-3.792355888633275 -38.44175056176148,-3.792644380493399 -38.4415605724405,-3.792829447327469 -38.441262046704296,-3.793074357665406 -38.440844202001585,-3.793275616198958 -38.440187623009805,-3.793536634626099 -38.43933032060948,-3.7938029682850805 -38.43907203594011,-3.79388012422201 -38.43862268863187,-3.794012736547322 -38.43827228984845,-3.7941400437416504 -38.437535062424196,-3.7944303942757354 -38.437074962698,-3.7946489178392295 -38.43666166925754,-3.79485404644733 -38.43630988815421,-3.795049818679641 -38.43612710156266,-3.7951606926280124 -38.43562949874168,-3.795477191569021 -38.435305777770566,-3.795701172712077 -38.43490562572026,-3.7959973603520982 -38.43467587778278,-3.7961894218676795 -38.434303835294344,-3.7964850529379577 -38.434174535826465,-3.7965829296989795 -38.4339755077154,-3.7967441131260418 -38.433759714964346,-3.7969184128551206 -38.432814791475394,-3.7976900549549515 -38.43195021396266,-3.7984600396569963 -38.43159551174272,-3.798833596600687 -38.43120284862986,-3.799303373335523 -38.430774475128345,-3.799835797263355 -38.430419352716164,-3.800403646818194 -38.430073455052835,-3.800947316569463 -38.42987475772082,-3.8013881232114843 -38.42963545813543,-3.8018825976612503 -38.429296038330136,-3.802744105211603 -38.429195528017566,-3.8030350133034942 -38.428886373244794,-3.8042033448233816 -38.42881255144911,-3.804590516183419 -38.42878344515747,-3.8047807490233025 -38.42873155171708,-3.8051764792308953 -38.42864201717044,-3.8057270330831505 -38.4286506773257,-3.8061164970736927 -38.42866327199642,-3.8071348329636114 -38.42872081661945,-3.8077683006212295 -38.42881877384646,-3.8086142595253194 -38.42895972935166,-3.809709182302505 -38.429029092399006,-3.8102579725673222 -38.42912101411989,-3.810935151475226 -38.42919270355534,-3.8113665162615824 -38.42943474429157,-3.813049258299014 -38.42965463347278,-3.8147492442495556 -38.429833757458816,-3.8158606697530684 -38.430050272188986,-3.816378769756659 -38.43063642328077,-3.8175313535225635 -38.43077549584824,-3.817792715493048 -38.431256778570415,-3.8183499519657804 -38.43193547037228,-3.819015153182978 -38.43221149298664,-3.819294940598172 -38.432460127055414,-3.8195701261074975 -38.43279187188733,-3.81996383568077 -38.43305182193979,-3.820387998453549 -38.43321827181594,-3.8206745886085796 -38.433418873289654,-3.8210964195581587 -38.43353051328593,-3.821421934756566 -38.433585746408355,-3.8215981727652952 -38.43377010130033,-3.8224279406429593</coordinates>
                </LineString>
            </Placemark>
            <Placemark id="dt_mvw_sv_eixo_svb_l.fid--4079df0f_18eae1488d1_1bc1">
                <ExtendedData>
                    <SchemaData schemaUrl="#dt_mvw_sv_eixo_svb_l_1">
                        <SimpleData name="id">84</SimpleData>
                        <SimpleData name="idoriginal">50</SimpleData>
                        <SimpleData name="classifvia">Via Arterial I</SimpleData>
                    </SchemaData>
                </ExtendedData>
                <LineString>
                    <coordinates>-38.57983520318672,-3.8096580285351846 -38.58076065498693,-3.8090594242482334 -38.580874695647026,-3.8089113985088647 -38.58088821452792,-3.8086825518971845 -38.5805934866051,-3.8081641224335945 -38.57998377879347,-3.8074166863635632</coordinates>
                </LineString>
            </Placemark>
            <Placemark id="dt_mvw_sv_eixo_svb_l.fid--4079df0f_18eae1488d1_1bc2">
                <ExtendedData>
                    <SchemaData schemaUrl="#dt_mvw_sv_eixo_svb_l_1">
                        <SimpleData name="id">106</SimpleData>
                        <SimpleData name="idoriginal">72</SimpleData>
                        <SimpleData name="classifvia">Via Coletora</SimpleData>
                    </SchemaData>
                </ExtendedData>
                <LineString>
                    <coordinates>-38.56349745902196,-3.795572747813818 -38.56345574099531,-3.795453879148661 -38.562969725688795,-3.7942489133508164 -38.56252116922986,-3.7931394229236637</coordinates>
                </LineString>
            </Placemark>
            <Placemark id="dt_mvw_sv_eixo_svb_l.fid--4079df0f_18eae1488d1_1bc3">
                <ExtendedData>
                    <SchemaData schemaUrl="#dt_mvw_sv_eixo_svb_l_1">
                        <SimpleData name="id">107</SimpleData>
                        <SimpleData name="idoriginal">73</SimpleData>
                        <SimpleData name="classifvia">Via Coletora</SimpleData>
                    </SchemaData>
                </ExtendedData>
                <LineString>
                    <coordinates>-38.549414312575465,-3.8090169709937776 -38.54914786298391,-3.809187167150261 -38.54637117383271,-3.810742395887301 -38.54458749393223,-3.8117208487520964 -38.54439341920428,-3.8117979323462032</coordinates>
                </LineString>
            </Placemark>
            <Placemark id="dt_mvw_sv_eixo_svb_l.fid--4079df0f_18eae1488d1_1bc4">
                <ExtendedData>
                    <SchemaData schemaUrl="#dt_mvw_sv_eixo_svb_l_1">
                        <SimpleData name="id">406</SimpleData>
                        <SimpleData name="idoriginal">364</SimpleData>
                        <SimpleData name="classifvia">Via Arterial I</SimpleData>
                    </SchemaData>
                </ExtendedData>
                <LineString>
                    <coordinates>-38.52357037051091,-3.735919504977772 -38.524086618493875,-3.737109973212902</coordinates>
                </LineString>
            </Placemark>
            <Placemark id="dt_mvw_sv_eixo_svb_l.fid--4079df0f_18eae1488d1_1bc5">
                <ExtendedData>
                    <SchemaData schemaUrl="#dt_mvw_sv_eixo_svb_l_1">
                        <SimpleData name="id">61</SimpleData>
                        <SimpleData name="idoriginal">27</SimpleData>
                        <SimpleData name="classifvia">Via Paisagística</SimpleData>
                    </SchemaData>
                </ExtendedData>
                <LineString>
                    <coordinates>-38.49855067638033,-3.767071475143332 -38.49850916912351,-3.766978509661708 -38.49840541650892,-3.7667223862935266 -38.49838469493007,-3.7666199494467176 -38.4983979874696,-3.7665004608180053 -38.49843970221311,-3.766229247842227 -38.498452963373595,-3.7661628681803703 -38.49839270081352,-3.765810801151312 -38.49829082118728,-3.7655812336717713 -38.49823797649717,-3.7654958490790857 -38.498141659731786,-3.7654483740900386 -38.49758443793071,-3.765347523603723 -38.497501318141026,-3.7653474755166845 -38.49741440399531,-3.7653758765767362 -38.497276468044646,-3.765432700065956 -38.496985812549546,-3.765592246579123 -38.49688868620668,-3.7655981362738924 -38.49671220439434,-3.765602790905823 -38.496639970770836,-3.7655742077077847 -38.49661866616118,-3.765546842471876 -38.49616164888316,-3.7647169928201016 -38.496192084256045,-3.7646635856159167 -38.49621304205166,-3.764568197481461 -38.49620359614228,-3.764472791714035 -38.49561343093871,-3.763008181554495 -38.495540378307616,-3.7629094614880385 -38.49489819908936,-3.7620037605324983 -38.494816171288136,-3.7618706751492916 -38.4942892301991,-3.7607380482663744 -38.49427566061667,-3.7606501251442555 -38.494254364882956,-3.760464513456672 -38.49430464703584,-3.760039371872504 -38.49429622750387,-3.7599628831702647 -38.49426475302667,-3.759838482025381 -38.49422094108744,-3.759758882783233 -38.493855157355654,-3.7593648450139807 -38.49378474773156,-3.7593236149198335 -38.49370658802724,-3.7592994784196736 -38.49361293314559,-3.7593025324841127 -38.49339467920101,-3.7592829763299345 -38.49335287202089,-3.7592556655080775 -38.493137370518824,-3.758968637305216 -38.493115581967494,-3.758949080724054 -38.49278711913132,-3.7587784673742783 -38.49266117470636,-3.7586569813083055 -38.49252222807774,-3.7584505966099138 -38.49229931749416,-3.7581309179791313 -38.49225649883059,-3.758077745570499 -38.49167406660858,-3.756297713807094 -38.491463133987814,-3.7560419692696976</coordinates>
                </LineString>
            </Placemark>
            <Placemark id="dt_mvw_sv_eixo_svb_l.fid--4079df0f_18eae1488d1_1bc6">
                <ExtendedData>
                    <SchemaData schemaUrl="#dt_mvw_sv_eixo_svb_l_1">
                        <SimpleData name="id">90</SimpleData>
                        <SimpleData name="idoriginal">56</SimpleData>
                        <SimpleData name="classifvia">Via Paisagística</SimpleData>
                    </SchemaData>
                </ExtendedData>
                <LineString>
                    <coordinates>-38.47843954885836,-3.7626405536690593 -38.47834600136169,-3.762599869129188 -38.47827487946132,-3.7625915861552417 -38.47778249675595,-3.7625363540768486 -38.47692780717907,-3.762485806144645 -38.47710050221312,-3.7619726379834497 -38.47715507964616,-3.761879974740812 -38.47729268354652,-3.7617126468081987 -38.47793477337306,-3.7598639422103237 -38.47796272138496,-3.759777770694367 -38.47798856004136,-3.7596312655146233 -38.477995052851945,-3.75953861665221 -38.477999383099196,-3.7594739780318456 -38.47800156939737,-3.7594071829734594 -38.478016730137774,-3.7593006820191457 -38.47805328417798,-3.7591778854867774 -38.47808766540274,-3.7591003364526423 -38.47813062321593,-3.759035720509305 -38.47819074756212,-3.7589711153528005 -38.47824227616081,-3.7589280521098654 -38.47851953182879,-3.758722939304608 -38.47860111520298,-3.7586605016321766 -38.478682706848446,-3.758582980854323 -38.478775026098404,-3.7585097758097303 -38.47885889875938,-3.7584382576533018 -38.47892974679418,-3.7583844321461477 -38.47901132560103,-3.758328458398737 -38.47909934021574,-3.7582767978117357 -38.48149663842053,-3.7570227874318802 -38.48154022350566,-3.7570082285012956 -38.48158645318769,-3.756988367366622 -38.481614185114196,-3.7569857324877107 -38.481874345472065,-3.756948761934825 -38.481926097744946,-3.7569460979344513 -38.48202102429561,-3.756940408669637 -38.48209707271328,-3.7569404539208895 -38.48216467153198,-3.75694049413878 -38.48224705481916,-3.756944785378212 -38.48237168678263,-3.7569491017351853 -38.48319974424833,-3.7569920156050616</coordinates>
                </LineString>
            </Placemark>
            <Placemark id="dt_mvw_sv_eixo_svb_l.fid--4079df0f_18eae1488d1_1bc7">
                <ExtendedData>
                    <SchemaData schemaUrl="#dt_mvw_sv_eixo_svb_l_1">
                        <SimpleData name="id">91</SimpleData>
                        <SimpleData name="idoriginal">57</SimpleData>
                        <SimpleData name="classifvia">Via Arterial I</SimpleData>
                    </SchemaData>
                </ExtendedData>
                <LineString>
                    <coordinates>-38.62818938422181,-3.810531640075514 -38.62208117667033,-3.802571985683142 -38.62175215827699,-3.8020530011053406 -38.62167157368553,-3.8018428027774647</coordinates>
                </LineString>
            </Placemark>
            <Placemark id="dt_mvw_sv_eixo_svb_l.fid--4079df0f_18eae1488d1_1bc8">
                <ExtendedData>
                    <SchemaData schemaUrl="#dt_mvw_sv_eixo_svb_l_1">
                        <SimpleData name="id">92</SimpleData>
                        <SimpleData name="idoriginal">58</SimpleData>
                        <SimpleData name="classifvia">Via Paisagística</SimpleData>
                    </SchemaData>
                </ExtendedData>
                <LineString>
                    <coordinates>-38.45943504953812,-3.758169159636278 -38.46185812592571,-3.765824655626547</coordinates>
                </LineString>
            </Placemark>
            <Placemark id="dt_mvw_sv_eixo_svb_l.fid--4079df0f_18eae1488d1_1bc9">
                <ExtendedData>
                    <SchemaData schemaUrl="#dt_mvw_sv_eixo_svb_l_1">
                        <SimpleData name="id">126</SimpleData>
                        <SimpleData name="idoriginal">89</SimpleData>
                        <SimpleData name="classifvia">Via Coletora</SimpleData>
                    </SchemaData>
                </ExtendedData>
                <LineString>
                    <coordinates>-38.554851344310855,-3.7543636109472986 -38.55563445759697,-3.7536262040265784 -38.55736520031733,-3.7520506437301973 -38.559463727252655,-3.7501299386013813 -38.55984358487212,-3.7497262426582205 -38.56002968585605,-3.7496379862856886</coordinates>
                </LineString>
            </Placemark>
            <Placemark id="dt_mvw_sv_eixo_svb_l.fid--4079df0f_18eae1488d1_1bca">
                <ExtendedData>
                    <SchemaData schemaUrl="#dt_mvw_sv_eixo_svb_l_1">
                        <SimpleData name="id">127</SimpleData>
                        <SimpleData name="idoriginal">90</SimpleData>
                        <SimpleData name="classifvia">Via Coletora</SimpleData>
                    </SchemaData>
                </ExtendedData>
                <LineString>
                    <coordinates>-38.59214323935248,-3.7343835135301924 -38.59291139431508,-3.7350978531150663</coordinates>
                </LineString>
            </Placemark>
            <Placemark id="dt_mvw_sv_eixo_svb_l.fid--4079df0f_18eae1488d1_1bcb">
                <ExtendedData>
                    <SchemaData schemaUrl="#dt_mvw_sv_eixo_svb_l_1">
                        <SimpleData name="id">62</SimpleData>
                        <SimpleData name="idoriginal">28</SimpleData>
                        <SimpleData name="classifvia">Via Paisagística</SimpleData>
                    </SchemaData>
                </ExtendedData>
                <LineString>
                    <coordinates>-38.600026312244495,-3.7341795080656346 -38.600562680957594,-3.7340229091034547 -38.6007908571132,-3.7338467610905783 -38.60204740183638,-3.7326653034910726 -38.60276476637143,-3.7319801902792658 -38.60307469742318,-3.7316174511766786 -38.60332160492874,-3.7310818837349475 -38.60375214445147,-3.730396639608361 -38.60473481615716,-3.7282736506019054 -38.60477509691617,-3.7279914290894642 -38.60459758360456,-3.727282870624602 -38.60456898670506,-3.727092777798305 -38.604643629549905,-3.726937291315947 -38.60474915486701,-3.72667011728964 -38.60498642585778,-3.7261582916851883 -38.605030306419614,-3.7259823813544135 -38.60495379285391,-3.725667139271172 -38.60477145951601,-3.7252712151331493 -38.604756944856675,-3.7250769525731164 -38.60477209924357,-3.7249318077714744 -38.60482237910426,-3.7248021555135473 -38.604871192591126,-3.7247445446812324 -38.60526324901988,-3.7244077213326032 -38.60533408642757,-3.724323902143629 -38.60540676691636,-3.7241771956550855 -38.60546330983114,-3.7238501957576204 -38.60549244451286,-3.7236515179303606 -38.605490677959935,-3.723540323330827 -38.60548436678672,-3.723444620801637 -38.60534208858918,-3.7226580187575866 -38.60533204244854,-3.7225973243171113 -38.60532932353068,-3.722532954821941 -38.60543687916191,-3.721402876870535 -38.60545612994194,-3.721319777963231 -38.605507907748176,-3.721209980804094 -38.60555966639901,-3.7211432215933233 -38.605613282042235,-3.7210879134397614 -38.60570494926528,-3.7210152360068505 -38.60812048126787,-3.7199109185728423 -38.608218921189064,-3.7198555631889945 -38.60834868501898,-3.719777762537715 -38.60841758072279,-3.7197249750776162 -38.60852796298483,-3.719638181829797 -38.60861597640176,-3.719557368103193 -38.608756212167684,-3.719401712945934 -38.60888602046753,-3.719220600092474 -38.60897584394744,-3.7190595703320493 -38.609077332648454,-3.7188514936647588 -38.60934471028573,-3.7182771738251073 -38.60938689728978,-3.7181336842090604 -38.60941404080585,-3.717990187287948 -38.60941862867207,-3.7178194889911373 -38.60939614179469,-3.71763820473667 -38.609358598164675,-3.7174871262769895 -38.609281787759514,-3.71729876467526 -38.609191589657236,-3.717147662823272 -38.609039718989806,-3.716975385071498 -38.60883378547134,-3.7167902819650633 -38.60774532553142,-3.715824396335932 -38.60767334568391,-3.715755913583392 -38.607576423808325,-3.715642108437324 -38.60541003871179,-3.712954210978779 -38.60529833955394,-3.7127674520564624 -38.605196186171156,-3.712567013603083 -38.60495617847379,-3.712134382737785 -38.60492346809556,-3.7120865625854313 -38.603019031357526,-3.7099138733092327 -38.602936758061766,-3.709855384238049 -38.60281333374046,-3.7097998996023334 -38.60266078702956,-3.7097806825962145 -38.602546364252845,-3.7097937326752732 -38.60245401481585,-3.709823924591761 -38.601404327744355,-3.7102962120159657 -38.601346083924106,-3.710312711853073 -38.60122327428192,-3.7103285469710863 -38.60111629912533,-3.710321506787191 -38.60097389070899,-3.7102807626857603 -38.600349822443306,-3.7099559309379515 -38.60020726208223,-3.7098607450311856 -38.60002500236551,-3.709704173481246 -38.59946838176696,-3.7091748726765843 -38.5987366653063,-3.7083457238777946 -38.59838074013643,-3.7080148763517657 -38.59821341770658,-3.7079076608204 -38.59788230805007,-3.707706105802907 -38.59767761110791,-3.7076010974005587 -38.5974366962485,-3.7074713641542605 -38.59708553700979,-3.7072802309027195 -38.596372937092575,-3.706899679648341 -38.596124518608136,-3.7067639314403245 -38.59534091801068,-3.7061904793476437 -38.59497145996811,-3.705884678398809 -38.59457377858158,-3.705553904124057 -38.59382637856101,-3.7048497619184246 -38.593156118374196,-3.7042147377156045 -38.59276862659699,-3.7038459285515484 -38.59263891139957,-3.7037091128122546 -38.59219851851722,-3.703207118944973 -38.591916218501,-3.702840625140584 -38.5916643196889,-3.7027289769656804</coordinates>
                </LineString>
            </Placemark>
            <Placemark id="dt_mvw_sv_eixo_svb_l.fid--4079df0f_18eae1488d1_1bcc">
                <ExtendedData>
                    <SchemaData schemaUrl="#dt_mvw_sv_eixo_svb_l_1">
                        <SimpleData name="id">63</SimpleData>
                        <SimpleData name="idoriginal">29</SimpleData>
                        <SimpleData name="classifvia">Via Coletora</SimpleData>
                    </SchemaData>
                </ExtendedData>
                <LineString>
                    <coordinates>-38.554066557115426,-3.769492814474765 -38.553767263428014,-3.768655843433362 -38.553560846116156,-3.7680690550850002 -38.55327926633409,-3.7675446713212932 -38.553255291445865,-3.767466964979069 -38.552938046952235,-3.7669175834887363 -38.55248325685929,-3.766402346785661 -38.55187565081917,-3.7657054492547144 -38.55123051608945,-3.7649679035782295 -38.55063469773546,-3.7642735516134707 -38.55015561061707,-3.7637496762719476 -38.54968029529921,-3.7632148105539636 -38.54917682470016,-3.7626534495058364 -38.54872115673234,-3.7621486227208796 -38.54843711335578,-3.7616608577988 -38.548311770205956,-3.7616023461170296 -38.54750018576357,-3.760641118387466 -38.54740455883988,-3.7605898787758467 -38.547365178011994,-3.760510058618654 -38.54705854010774,-3.7601587473296227 -38.54658334653957,-3.7596276505646293 -38.54579787786905,-3.7587189265043337 -38.54426385758058,-3.756938119773118 -38.544209816000496,-3.756869314377202 -38.54357863296822,-3.7561092748778497 -38.543528231427956,-3.756062512077534 -38.54321573720962,-3.7555496344892125 -38.5431943145958,-3.7554771436408805 -38.542978025040384,-3.7551377321946133 -38.54255619744746,-3.7546758807575906 -38.54032967168287,-3.7522303215000106 -38.53986501007027,-3.751714995200976 -38.53981944590905,-3.7515036105831605</coordinates>
                </LineString>
            </Placemark>
            <Placemark id="dt_mvw_sv_eixo_svb_l.fid--4079df0f_18eae1488d1_1bcd">
                <ExtendedData>
                    <SchemaData schemaUrl="#dt_mvw_sv_eixo_svb_l_1">
                        <SimpleData name="id">64</SimpleData>
                        <SimpleData name="idoriginal">30</SimpleData>
                        <SimpleData name="classifvia">Via Comercial</SimpleData>
                    </SchemaData>
                </ExtendedData>
                <LineString>
                    <coordinates>-38.534623399235876,-3.723698815917655 -38.53356392810871,-3.7240455073700103</coordinates>
                </LineString>
            </Placemark>
            <Placemark id="dt_mvw_sv_eixo_svb_l.fid--4079df0f_18eae1488d1_1bce">
                <ExtendedData>
                    <SchemaData schemaUrl="#dt_mvw_sv_eixo_svb_l_1">
                        <SimpleData name="id">65</SimpleData>
                        <SimpleData name="idoriginal">31</SimpleData>
                        <SimpleData name="classifvia">Via Comercial</SimpleData>
                    </SchemaData>
                </ExtendedData>
                <LineString>
                    <coordinates>-38.52581701928698,-3.7330596796661237 -38.52549192043399,-3.7322412693498523</coordinates>
                </LineString>
            </Placemark>
            <Placemark id="dt_mvw_sv_eixo_svb_l.fid--4079df0f_18eae1488d1_1bcf">
                <ExtendedData>
                    <SchemaData schemaUrl="#dt_mvw_sv_eixo_svb_l_1">
                        <SimpleData name="id">66</SimpleData>
                        <SimpleData name="idoriginal">32</SimpleData>
                        <SimpleData name="classifvia">Via Comercial</SimpleData>
                    </SchemaData>
                </ExtendedData>
                <LineString>
                    <coordinates>-38.53493396276668,-3.724721251440242 -38.53377644775923,-3.725094763456563</coordinates>
                </LineString>
            </Placemark>
            <Placemark id="dt_mvw_sv_eixo_svb_l.fid--4079df0f_18eae1488d1_1bd0">
                <ExtendedData>
                    <SchemaData schemaUrl="#dt_mvw_sv_eixo_svb_l_1">
                        <SimpleData name="id">67</SimpleData>
                        <SimpleData name="idoriginal">33</SimpleData>
                        <SimpleData name="classifvia">Via Arterial I</SimpleData>
                    </SchemaData>
                </ExtendedData>
                <LineString>
                    <coordinates>-38.492096638993736,-3.7595579810582396 -38.492444372658184,-3.7592826662766026 -38.49294772138897,-3.758796211429221 -38.49442612579877,-3.7574090093395864 -38.495411873865095,-3.75646368595734 -38.49602437193903,-3.7558915954859 -38.49628705240049,-3.755545159817905 -38.496592993076376,-3.755000182864251 -38.49684536446545,-3.754276900948702 -38.497083823984994,-3.7526504991855294 -38.49710242340593,-3.751692179190491 -38.49722120666556,-3.7514684100849904</coordinates>
                </LineString>
            </Placemark>
            <Placemark id="dt_mvw_sv_eixo_svb_l.fid--4079df0f_18eae1488d1_1bd1">
                <ExtendedData>
                    <SchemaData schemaUrl="#dt_mvw_sv_eixo_svb_l_1">
                        <SimpleData name="id">68</SimpleData>
                        <SimpleData name="idoriginal">34</SimpleData>
                        <SimpleData name="classifvia">Via Arterial I</SimpleData>
                    </SchemaData>
                </ExtendedData>
                <LineString>
                    <coordinates>-38.483299368691625,-3.7569735615740445 -38.48295508597417,-3.76039579869524</coordinates>
                </LineString>
            </Placemark>
            <Placemark id="dt_mvw_sv_eixo_svb_l.fid--4079df0f_18eae1488d1_1bd2">
                <ExtendedData>
                    <SchemaData schemaUrl="#dt_mvw_sv_eixo_svb_l_1">
                        <SimpleData name="id">69</SimpleData>
                        <SimpleData name="idoriginal">35</SimpleData>
                        <SimpleData name="classifvia">Via Arterial I</SimpleData>
                    </SchemaData>
                </ExtendedData>
                <LineString>
                    <coordinates>-38.54865936132115,-3.720282068784125 -38.54837959737502,-3.719329485984456 -38.54825030136852,-3.719232010796746 -38.548088601055596,-3.7192698093665264 -38.54680228399226,-3.719673916213897</coordinates>
                </LineString>
            </Placemark>
            <Placemark id="dt_mvw_sv_eixo_svb_l.fid--4079df0f_18eae1488d1_1bd3">
                <ExtendedData>
                    <SchemaData schemaUrl="#dt_mvw_sv_eixo_svb_l_1">
                        <SimpleData name="id">70</SimpleData>
                        <SimpleData name="idoriginal">36</SimpleData>
                        <SimpleData name="classifvia">Via Arterial I</SimpleData>
                    </SchemaData>
                </ExtendedData>
                <LineString>
                    <coordinates>-38.584324965816116,-3.7338761661351536 -38.58590092707457,-3.7340649296092723</coordinates>
                </LineString>
            </Placemark>
            <Placemark id="dt_mvw_sv_eixo_svb_l.fid--4079df0f_18eae1488d1_1bd4">
                <ExtendedData>
                    <SchemaData schemaUrl="#dt_mvw_sv_eixo_svb_l_1">
                        <SimpleData name="id">71</SimpleData>
                        <SimpleData name="idoriginal">37</SimpleData>
                        <SimpleData name="classifvia">Via Coletora</SimpleData>
                    </SchemaData>
                </ExtendedData>
                <LineString>
                    <coordinates>-38.57878058401989,-3.758011365539001 -38.578754926533385,-3.7588752152629676 -38.57872371050999,-3.759828638423754 -38.578751845492356,-3.759898075074409 -38.57879789732664,-3.7599855189279143 -38.57885162493374,-3.760085822382269 -38.57891046075961,-3.7602144116384664</coordinates>
                </LineString>
            </Placemark>
            <Placemark id="dt_mvw_sv_eixo_svb_l.fid--4079df0f_18eae1488d1_1bd5">
                <ExtendedData>
                    <SchemaData schemaUrl="#dt_mvw_sv_eixo_svb_l_1">
                        <SimpleData name="id">72</SimpleData>
                        <SimpleData name="idoriginal">38</SimpleData>
                        <SimpleData name="classifvia">Via Arterial I</SimpleData>
                    </SchemaData>
                </ExtendedData>
                <LineString>
                    <coordinates>-38.566508321783644,-3.7419246306429437 -38.56661920536605,-3.7421448596108573 -38.56740928998659,-3.7429498378883452 -38.567614933494916,-3.7431483676733532 -38.56771552103848,-3.743375540987786 -38.56753389385363,-3.743883754111747 -38.56706419588646,-3.7451423415338603 -38.56688091037316,-3.74563432600915 -38.56671534108568,-3.746038981445523 -38.56652681733296,-3.7465633929136195 -38.56647942812337,-3.7468229784360525 -38.5665126944551,-3.7470156084514605 -38.566579945928424,-3.747182115457253 -38.5667403959207,-3.7474374791947125 -38.56701683306513,-3.7476615493622303 -38.56755084228144,-3.7481749982067543 -38.56858957151213,-3.7495434040520017 -38.56906827330986,-3.7502794216670017 -38.56938591783185,-3.750805798525953 -38.569460047557165,-3.7510179766519056 -38.56944002257346,-3.751098236474665 -38.56940853553232,-3.7512616269225623 -38.569299943900376,-3.7514593806679204 -38.56926850830778,-3.7515195675728785 -38.569190687554666,-3.751701807715696 -38.56919003435521,-3.751799470805482 -38.56921836229528,-3.7519317668230876 -38.569310276043275,-3.7520948837333785 -38.57021687704983,-3.753427963348654 -38.570238774276746,-3.7534958696161977 -38.570435165608195,-3.7540732455050314 -38.57047010967096,-3.754256546736363 -38.570791934353025,-3.7550206215598187 -38.5711647074692,-3.7559910304994832 -38.571169398619894,-3.7560229344093123 -38.571539344828466,-3.757845572094793 -38.57154766419539,-3.7578778576007688 -38.571836833942875,-3.758764761268644 -38.57187701328915,-3.7588840626407674 -38.571998390956075,-3.7592515778599447 -38.57203245297943,-3.7593223479788285 -38.57206349803527,-3.7593649671924743 -38.57213038633462,-3.7594574715432425 -38.572197738773994,-3.7595189228852024 -38.57229471706989,-3.7595842278557616 -38.57237028658577,-3.75962023840428 -38.57249851543025,-3.759662902275051 -38.572976515694364,-3.759792864717562 -38.573120451835756,-3.7598312192823227 -38.57325738562085,-3.75986722574152 -38.57344585495748,-3.75992841680369 -38.57354496572992,-3.7599806986683393 -38.57384525521727,-3.7602041707593075 -38.57403964486555,-3.7604807400239153</coordinates>
                </LineString>
            </Placemark>
            <Placemark id="dt_mvw_sv_eixo_svb_l.fid--4079df0f_18eae1488d1_1bd6">
                <ExtendedData>
                    <SchemaData schemaUrl="#dt_mvw_sv_eixo_svb_l_1">
                        <SimpleData name="id">73</SimpleData>
                        <SimpleData name="idoriginal">39</SimpleData>
                        <SimpleData name="classifvia">Via Arterial I</SimpleData>
                    </SchemaData>
                </ExtendedData>
                <LineString>
                    <coordinates>-38.57403964486555,-3.7604807400239153 -38.57283394735981,-3.7608825282505345 -38.57245815181876,-3.7609968496027104 -38.57224730499509,-3.761105367863698 -38.57201952907433,-3.761276730782153 -38.565509825098026,-3.7648405702974856 -38.5653560953111,-3.7649147996469057 -38.5630474439558,-3.765933251333671 -38.56279123771281,-3.7660360073402552 -38.56173229497396,-3.7663727080544116 -38.56149886667471,-3.7664583273332255 -38.560029920509805,-3.7671034734356814 -38.55962846585189,-3.767259458212611 -38.55892239194753,-3.767704934488097 -38.558592155049965,-3.7678648098940566 -38.55125524217147,-3.7705014943527178 -38.55052711979519,-3.7709104293376927 -38.5503082724879,-3.771831267505557 -38.550802652718936,-3.7730009861802856 -38.55087451254761,-3.7735202643580927 -38.550859683981734,-3.7740465144785884 -38.550772085799785,-3.7745288723659307 -38.55061171925724,-3.774967337508703 -38.55024750561416,-3.7754641699171247 -38.54979596362775,-3.7759171017591613 -38.5472324933131,-3.7782400707081267 -38.54673734159493,-3.778561413388776 -38.54598583199643,-3.779019286984976 -38.529814348731335,-3.7840134544784974 -38.528256478317275,-3.784231879195907 -38.526475592542795,-3.78363161813398 -38.525005455853005,-3.783148410028593 -38.52373881092123,-3.783264658924229 -38.516782836590814,-3.7845786146272467</coordinates>
                </LineString>
            </Placemark>
            <Placemark id="dt_mvw_sv_eixo_svb_l.fid--4079df0f_18eae1488d1_1bd7">
                <ExtendedData>
                    <SchemaData schemaUrl="#dt_mvw_sv_eixo_svb_l_1">
                        <SimpleData name="id">74</SimpleData>
                        <SimpleData name="idoriginal">40</SimpleData>
                        <SimpleData name="classifvia">Via Expressa</SimpleData>
                    </SchemaData>
                </ExtendedData>
                <LineString>
                    <coordinates>-38.58804616891414,-3.7903949666329173 -38.5886185019414,-3.791002593978876 -38.59083559357556,-3.793202417789593 -38.59197381473981,-3.7943384409727683 -38.593139930286625,-3.7955147360757167 -38.59441981187624,-3.7968384011029124 -38.59735414633428,-3.799885007212439 -38.60037116049564,-3.8030055319258365 -38.60252368544051,-3.80521121628654 -38.60524503580793,-3.808025571988746 -38.60779564869862,-3.8106640608520466 -38.609487259046446,-3.8123893393642163 -38.61055468231317,-3.813477266510331 -38.61290441034948,-3.815860012256404 -38.614462113629905,-3.8174497410226444 -38.61567170840643,-3.8186894714536357</coordinates>
                </LineString>
            </Placemark>
            <Placemark id="dt_mvw_sv_eixo_svb_l.fid--4079df0f_18eae1488d1_1bd8">
                <ExtendedData>
                    <SchemaData schemaUrl="#dt_mvw_sv_eixo_svb_l_1">
                        <SimpleData name="id">75</SimpleData>
                        <SimpleData name="idoriginal">41</SimpleData>
                        <SimpleData name="classifvia">Via Coletora</SimpleData>
                    </SchemaData>
                </ExtendedData>
                <LineString>
                    <coordinates>-38.47103474226377,-3.70854856150838 -38.47016757724071,-3.708352189625063 -38.46965269915473,-3.7083945436537604 -38.468471261849174,-3.709293440005983</coordinates>
                </LineString>
            </Placemark>
            <Placemark id="dt_mvw_sv_eixo_svb_l.fid--4079df0f_18eae1488d1_1bd9">
                <ExtendedData>
                    <SchemaData schemaUrl="#dt_mvw_sv_eixo_svb_l_1">
                        <SimpleData name="id">76</SimpleData>
                        <SimpleData name="idoriginal">42</SimpleData>
                        <SimpleData name="classifvia">Via Arterial I</SimpleData>
                    </SchemaData>
                </ExtendedData>
                <LineString>
                    <coordinates>-38.47320027916741,-3.713810505614468 -38.472456720137885,-3.714292984862647 -38.47231304036165,-3.714330529277307 -38.47165099920823,-3.714273686427519 -38.47111711217924,-3.714595340235916 -38.46743920318969,-3.7171104642994406 -38.465622867470636,-3.7183883999501184 -38.46544148040798,-3.7188084960873407 -38.46457894242758,-3.720648923449498</coordinates>
                </LineString>
            </Placemark>
            <Placemark id="dt_mvw_sv_eixo_svb_l.fid--4079df0f_18eae1488d1_1bda">
                <ExtendedData>
                    <SchemaData schemaUrl="#dt_mvw_sv_eixo_svb_l_1">
                        <SimpleData name="id">77</SimpleData>
                        <SimpleData name="idoriginal">43</SimpleData>
                        <SimpleData name="classifvia">Via Expressa</SimpleData>
                    </SchemaData>
                </ExtendedData>
                <LineString>
                    <coordinates>-38.51888035747021,-3.7614622653077423 -38.51680101524303,-3.7616839271699867 -38.51666725783552,-3.7617001098570877 -38.51656769845364,-3.7617167411773176 -38.5164747483996,-3.7617330639761124 -38.51634755211554,-3.761755916492308</coordinates>
                </LineString>
            </Placemark>
            <Placemark id="dt_mvw_sv_eixo_svb_l.fid--4079df0f_18eae1488d1_1bdb">
                <ExtendedData>
                    <SchemaData schemaUrl="#dt_mvw_sv_eixo_svb_l_1">
                        <SimpleData name="id">78</SimpleData>
                        <SimpleData name="idoriginal">44</SimpleData>
                        <SimpleData name="classifvia">Via Arterial I</SimpleData>
                    </SchemaData>
                </ExtendedData>
                <LineString>
                    <coordinates>-38.584036342972425,-3.7859709881185077 -38.58470563964498,-3.785369084600205 -38.58478066465475,-3.7852648892534755 -38.58462518692022,-3.784761029492342 -38.58308397341151,-3.7792360563100478 -38.58302019442115,-3.7787628060528577 -38.58306444405093,-3.7781561949195903 -38.58301328051976,-3.777706636164697 -38.58171342114618,-3.7752004710084974</coordinates>
                </LineString>
            </Placemark>
            <Placemark id="dt_mvw_sv_eixo_svb_l.fid--4079df0f_18eae1488d1_1bdc">
                <ExtendedData>
                    <SchemaData schemaUrl="#dt_mvw_sv_eixo_svb_l_1">
                        <SimpleData name="id">79</SimpleData>
                        <SimpleData name="idoriginal">45</SimpleData>
                        <SimpleData name="classifvia">Via Arterial I</SimpleData>
                    </SchemaData>
                </ExtendedData>
                <LineString>
                    <coordinates>-38.52340795557252,-3.856642399107642 -38.52357106310495,-3.8558226174839 -38.52393789196142,-3.853311411234013 -38.52383439538606,-3.853125228427476 -38.522200164978074,-3.8472624689810555 -38.521921045903476,-3.846250407221066</coordinates>
                </LineString>
            </Placemark>
            <Placemark id="dt_mvw_sv_eixo_svb_l.fid--4079df0f_18eae1488d1_1bdd">
                <ExtendedData>
                    <SchemaData schemaUrl="#dt_mvw_sv_eixo_svb_l_1">
                        <SimpleData name="id">80</SimpleData>
                        <SimpleData name="idoriginal">46</SimpleData>
                        <SimpleData name="classifvia">Via Arterial I</SimpleData>
                    </SchemaData>
                </ExtendedData>
                <LineString>
                    <coordinates>-38.59993424002562,-3.7349245420132586 -38.59929798319225,-3.7351310845913246 -38.597301633921205,-3.735797619200836 -38.5960179455309,-3.736019417484324 -38.5953383224058,-3.7361858955568925</coordinates>
                </LineString>
            </Placemark>
            <Placemark id="dt_mvw_sv_eixo_svb_l.fid--4079df0f_18eae1488d1_1bde">
                <ExtendedData>
                    <SchemaData schemaUrl="#dt_mvw_sv_eixo_svb_l_1">
                        <SimpleData name="id">81</SimpleData>
                        <SimpleData name="idoriginal">47</SimpleData>
                        <SimpleData name="classifvia">Via Arterial II</SimpleData>
                    </SchemaData>
                </ExtendedData>
                <LineString>
                    <coordinates>-38.540089990777,-3.7230574584990026 -38.53493396276668,-3.724721251440242</coordinates>
                </LineString>
            </Placemark>
            <Placemark id="dt_mvw_sv_eixo_svb_l.fid--4079df0f_18eae1488d1_1bdf">
                <ExtendedData>
                    <SchemaData schemaUrl="#dt_mvw_sv_eixo_svb_l_1">
                        <SimpleData name="id">82</SimpleData>
                        <SimpleData name="idoriginal">48</SimpleData>
                        <SimpleData name="classifvia">Via Coletora</SimpleData>
                    </SchemaData>
                </ExtendedData>
                <LineString>
                    <coordinates>-38.59748122431886,-3.7700232413471095 -38.59797033872492,-3.7724706190323776 -38.59802228836664,-3.772745149333166 -38.598077556253884,-3.7728824280663846 -38.59811729416912,-3.772952375283664 -38.598189215932585,-3.7730342922883584 -38.59824995881415,-3.773082487277306 -38.59832668177577,-3.7731563790856404 -38.59839542687964,-3.7731901277718056 -38.59848336120749,-3.773225491108237 -38.598568101888276,-3.7732496135423914</coordinates>
                </LineString>
            </Placemark>
            <Placemark id="dt_mvw_sv_eixo_svb_l.fid--4079df0f_18eae1488d1_1be0">
                <ExtendedData>
                    <SchemaData schemaUrl="#dt_mvw_sv_eixo_svb_l_1">
                        <SimpleData name="id">83</SimpleData>
                        <SimpleData name="idoriginal">49</SimpleData>
                        <SimpleData name="classifvia">Via Coletora</SimpleData>
                    </SchemaData>
                </ExtendedData>
                <LineString>
                    <coordinates>-38.45915802383088,-3.753309186257169 -38.45787082999019,-3.7492766841821177</coordinates>
                </LineString>
            </Placemark>
            <Placemark id="dt_mvw_sv_eixo_svb_l.fid--4079df0f_18eae1488d1_1be1">
                <ExtendedData>
                    <SchemaData schemaUrl="#dt_mvw_sv_eixo_svb_l_1">
                        <SimpleData name="id">85</SimpleData>
                        <SimpleData name="idoriginal">51</SimpleData>
                        <SimpleData name="classifvia">Via Arterial I</SimpleData>
                    </SchemaData>
                </ExtendedData>
                <LineString>
                    <coordinates>-38.5876477126753,-3.777288940134336 -38.587605259419334,-3.7778549619647848 -38.58747473371393,-3.7781359959807403 -38.58697582523116,-3.7788673772077392 -38.586822327831555,-3.7790636861142572 -38.58673344744036,-3.7795276182470467 -38.58679470722576,-3.7797432827449358 -38.58715839517355,-3.7811104292557687 -38.58781702448857,-3.7834401029923703 -38.588428175200576,-3.785591002487584 -38.588583009317084,-3.7861707002203406 -38.58890417948906,-3.787625062285526 -38.588896902667095,-3.78832571592803 -38.58870929579885,-3.788860643823051 -38.58803671032868,-3.7904082453840644 -38.58714702017415,-3.7925304452127597 -38.58572816944183,-3.7959075941278804 -38.58531482337326,-3.796768795699364 -38.585118166420834,-3.797211476635026 -38.58501780141887,-3.797501245032138 -38.585037339111096,-3.798063977671743 -38.58512892021457,-3.7993802735208515 -38.585186277144714,-3.8006731969718217 -38.58528889419101,-3.8019362979055873 -38.585294668627206,-3.8025816457527304 -38.5852041749116,-3.8029508017678735 -38.585042711305,-3.803332878043046 -38.58470052816278,-3.803889750604736 -38.583939035433154,-3.804401079922507 -38.57989538292526,-3.80704042472191 -38.579292904590055,-3.8074499801101522 -38.57840845844421,-3.808101522673811</coordinates>
                </LineString>
            </Placemark>
            <Placemark id="dt_mvw_sv_eixo_svb_l.fid--4079df0f_18eae1488d1_1be2">
                <ExtendedData>
                    <SchemaData schemaUrl="#dt_mvw_sv_eixo_svb_l_1">
                        <SimpleData name="id">86</SimpleData>
                        <SimpleData name="idoriginal">151</SimpleData>
                        <SimpleData name="classifvia">Via Comercial</SimpleData>
                    </SchemaData>
                </ExtendedData>
                <LineString>
                    <coordinates>-38.524105597994705,-3.729222213248019 -38.523675772926936,-3.7293472133032775 -38.522625791173105,-3.7297025688432472 -38.52169077431728,-3.7300258803879225</coordinates>
                </LineString>
            </Placemark>
            <Placemark id="dt_mvw_sv_eixo_svb_l.fid--4079df0f_18eae1488d1_1be3">
                <ExtendedData>
                    <SchemaData schemaUrl="#dt_mvw_sv_eixo_svb_l_1">
                        <SimpleData name="id">94</SimpleData>
                        <SimpleData name="idoriginal">60</SimpleData>
                        <SimpleData name="classifvia">Via Paisagística</SimpleData>
                    </SchemaData>
                </ExtendedData>
                <LineString>
                    <coordinates>-38.44960126550678,-3.7614996849973146 -38.44954224374055,-3.761623021397034 -38.44943905842863,-3.7618305165734998 -38.44932212840574,-3.7620011498766868 -38.44915562007842,-3.7621141312037376 -38.44895951264028,-3.762221617933869 -38.44879395864862,-3.7622651022803093 -38.4485850282047,-3.76224589932243 -38.44835443758402,-3.762149039478101 -38.44705406066439,-3.7615145784915485 -38.44697636025983,-3.761499792003269 -38.44685202714415,-3.761494511368644 -38.44669313828091,-3.7615169490096467 -38.446608491838425,-3.7615619732512773 -38.44645470378328,-3.761653776617951 -38.44618651448631,-3.7618399854839555 -38.44604290950019,-3.761930841884741 -38.445911873056026,-3.7619825287035025 -38.445759943202155,-3.7620160123512085 -38.445661355305695,-3.761997871089284</coordinates>
                </LineString>
            </Placemark>
            <Placemark id="dt_mvw_sv_eixo_svb_l.fid--4079df0f_18eae1488d1_1be4">
                <ExtendedData>
                    <SchemaData schemaUrl="#dt_mvw_sv_eixo_svb_l_1">
                        <SimpleData name="id">95</SimpleData>
                        <SimpleData name="idoriginal">61</SimpleData>
                        <SimpleData name="classifvia">Via Paisagística</SimpleData>
                    </SchemaData>
                </ExtendedData>
                <LineString>
                    <coordinates>-38.46821313281412,-3.7095800108667194 -38.46620830808713,-3.7084343167035656 -38.465989740809206,-3.7084643022869677 -38.46584398193799,-3.7085631729817425 -38.465282072984195,-3.709457765434067 -38.465266472575365,-3.710778336806605 -38.46503460065215,-3.7118238902624556 -38.46487317593634,-3.7122882414819216 -38.464733619166466,-3.7128995598931254 -38.46466377284808,-3.7133187652354103 -38.46424476912301,-3.7146102945395487 -38.46371759951451,-3.7160380353181983 -38.46359713604737,-3.7165624005579767 -38.46338290149179,-3.7175294241777124 -38.462865685442694,-3.718633161694315 -38.46268103346243,-3.7192467789397994 -38.462586446364604,-3.7195761498536544 -38.46328285741175,-3.720005283867515 -38.463547954453304,-3.7201498529246075 -38.46333200097552,-3.7204972004526202 -38.463007368677374,-3.7212710650183656 -38.462579851199784,-3.7221372462786984 -38.46243135228563,-3.7224259692066006 -38.461615923480316,-3.7239546371586743 -38.46121995359521,-3.7246764295014407 -38.46042538523465,-3.726190878831175 -38.4601149778028,-3.726697525220052 -38.45972526043085,-3.727175160210289 -38.45947984093664,-3.727544276305651 -38.45875721540762,-3.7288637050499815 -38.45833130024865,-3.7295657739095818 -38.458013634620535,-3.7301448203370824 -38.457926449108854,-3.7303646923691582 -38.45790464996741,-3.7306325786134624 -38.4578900931554,-3.73084978593818 -38.45780344781072,-3.731023504780604 -38.45735581569553,-3.7318558885925617 -38.45718975693385,-3.7321671286839337 -38.45629322680431,-3.733815085509202 -38.455751729604756,-3.734828423477653 -38.455231923076795,-3.7357476471755624 -38.45434950022474,-3.737337761984423 -38.453923488350235,-3.7381846373341374 -38.45347588412534,-3.7389590945080133 -38.45302821283891,-3.739842158092397 -38.45210242143108,-3.741499111601781 -38.45146706233987,-3.7426716778313196 -38.45084612868654,-3.743837011647693 -38.449920530581416,-3.745527405940308 -38.449321277614544,-3.7466131060258543 -38.448779758500535,-3.7476336771541705 -38.44814364601705,-3.748862246990121 -38.447724805603166,-3.7497525651100867 -38.447313212064145,-3.7505849634607373 -38.446879936683,-3.751489753212025 -38.44662724142564,-3.751938504691074 -38.44588863296154,-3.7535661158788036 -38.44543370050647,-3.75449985294605 -38.44493546845185,-3.7554770045386485 -38.44442869320392,-3.7565523661881794 -38.44389436336449,-3.757587417732775 -38.4434538686994,-3.7584921999883107 -38.442977239752516,-3.759512806658883 -38.44245383162482,-3.760493599619145 -38.44224207393061,-3.7608575207503594 -38.44194252356521,-3.7613929781907696 -38.44186910258646,-3.7615616854624405 -38.441436572074316,-3.7623797584007033 -38.44135166106487,-3.762557219474039 -38.44103807491304,-3.7631940698915525 -38.44099124463207,-3.7632467516045223 -38.44079479288723,-3.76341362023017 -38.44031310822208,-3.7642989024348714 -38.440019337297606,-3.764851926726019 -38.43983036916986,-3.765202202938334 -38.43978134094868,-3.7652457966308672 -38.43971844784439,-3.765286596529779 -38.43965001764243,-3.7653106856410283 -38.43957928719932,-3.765315745140288 -38.43954437398872,-3.76532353236887 -38.439500486662034,-3.7653572673487568 -38.4394748556564,-3.765392259142466 -38.43722950698794,-3.7690227183879736 -38.437188537799216,-3.7690657536694583 -38.438067541715164,-3.7694871509014525 -38.43864317620321,-3.769803550623418 -38.43869183907268,-3.7699249368087333 -38.43884954556509,-3.77025582969827 -38.43949316024428,-3.77053479382898 -38.4400018517028,-3.7714961995450054</coordinates>
                </LineString>
            </Placemark>
            <Placemark id="dt_mvw_sv_eixo_svb_l.fid--4079df0f_18eae1488d1_1be5">
                <ExtendedData>
                    <SchemaData schemaUrl="#dt_mvw_sv_eixo_svb_l_1">
                        <SimpleData name="id">96</SimpleData>
                        <SimpleData name="idoriginal">62</SimpleData>
                        <SimpleData name="classifvia">Via Paisagística</SimpleData>
                    </SchemaData>
                </ExtendedData>
                <LineString>
                    <coordinates>-38.539723301911756,-3.835888165353206 -38.539584765313414,-3.835671978413573 -38.53864752578567,-3.8347630684576433 -38.53833386363635,-3.8345211461578748 -38.53796175995709,-3.83439640537774 -38.53757863890302,-3.8344035231625573 -38.53735602263871,-3.8344839868330673 -38.537171294635,-3.8346266240326816 -38.536970513316476,-3.8348133242786067 -38.536777065175556,-3.8349340954918816 -38.536499745295295,-3.834963248287192 -38.53624071326077,-3.834911826561054 -38.53601028199717,-3.8347934027706265 -38.53489443135791,-3.833565718267901 -38.53349349760974,-3.8319257074311097 -38.53334308028764,-3.831736060412047 -38.533040530315,-3.8311937838417434 -38.53282183965416,-3.830765103278304 -38.53262132284166,-3.8304646342267303 -38.532380625175776,-3.8302483904879083 -38.531769380944326,-3.829923854357658 -38.52993090549558,-3.829051070796053 -38.529333307150225,-3.828758239028493 -38.52849318728828,-3.8282650589297953 -38.52786374550884,-3.827769670508336 -38.52743463465879,-3.8273774604497457 -38.52662924287,-3.826886622055332 -38.52505611753446,-3.8260894136819497 -38.5242967054817,-3.825690302182735 -38.523293684857684,-3.8249680637089813 -38.52207633105814,-3.823903190585964 -38.52127823238008,-3.8227256245338723 -38.520598456578746,-3.8216157654576666 -38.52030272046372,-3.8210669819174297 -38.52014419570923,-3.820474218448094 -38.52009833192943,-3.8189901774741397 -38.52007619404735,-3.817507218185929 -38.519997029425305,-3.816375972314514 -38.5189662883461,-3.814955372305708 -38.5184723296866,-3.8146202423945894 -38.517873385959746,-3.8142478473081547 -38.517667296776516,-3.8135761412783795 -38.51736971839463,-3.812456255471323 -38.51696567506596,-3.810727406705115</coordinates>
                </LineString>
            </Placemark>
            <Placemark id="dt_mvw_sv_eixo_svb_l.fid--4079df0f_18eae1488d1_1be6">
                <ExtendedData>
                    <SchemaData schemaUrl="#dt_mvw_sv_eixo_svb_l_1">
                        <SimpleData name="id">97</SimpleData>
                        <SimpleData name="idoriginal">63</SimpleData>
                        <SimpleData name="classifvia">Via Paisagística</SimpleData>
                    </SchemaData>
                </ExtendedData>
                <LineString>
                    <coordinates>-38.483693582041894,-3.745433620788268 -38.48358682217517,-3.7458005298159276 -38.48456962155739,-3.747170570170343 -38.4838566774014,-3.7474026858351266 -38.48348786986624,-3.7481774504579803 -38.48338890916343,-3.7482766881063823 -38.481301952950204,-3.7492562630895048</coordinates>
                </LineString>
            </Placemark>
            <Placemark id="dt_mvw_sv_eixo_svb_l.fid--4079df0f_18eae1488d1_1be7">
                <ExtendedData>
                    <SchemaData schemaUrl="#dt_mvw_sv_eixo_svb_l_1">
                        <SimpleData name="id">98</SimpleData>
                        <SimpleData name="idoriginal">64</SimpleData>
                        <SimpleData name="classifvia">Via Arterial II</SimpleData>
                    </SchemaData>
                </ExtendedData>
                <LineString>
                    <coordinates>-38.52198867751498,-3.730957851329512 -38.52167845457654,-3.731059062564153 -38.52086204153459,-3.731298886060096 -38.51754620971745,-3.732305507842705 -38.51540090899548,-3.7329668464710224 -38.51318294928157,-3.733669631763867 -38.51120541946394,-3.734253213921182 -38.509090191524095,-3.734952785301386 -38.50794898754664,-3.7353184706104794 -38.50691891320369,-3.735648850577551 -38.50286395861731,-3.7369644017540717 -38.498956110484244,-3.7382319077126382 -38.49407169688329,-3.7398092570159815 -38.48893047701516,-3.741453587367199 -38.48848496552344,-3.741634996266699</coordinates>
                </LineString>
            </Placemark>
            <Placemark id="dt_mvw_sv_eixo_svb_l.fid--4079df0f_18eae1488d1_1be8">
                <ExtendedData>
                    <SchemaData schemaUrl="#dt_mvw_sv_eixo_svb_l_1">
                        <SimpleData name="id">99</SimpleData>
                        <SimpleData name="idoriginal">65</SimpleData>
                        <SimpleData name="classifvia">Via Arterial II</SimpleData>
                    </SchemaData>
                </ExtendedData>
                <LineString>
                    <coordinates>-38.540987966419365,-3.7333344155999133 -38.54054217439706,-3.7316372625058656 -38.54017110485194,-3.7305733885824175</coordinates>
                </LineString>
            </Placemark>
            <Placemark id="dt_mvw_sv_eixo_svb_l.fid--4079df0f_18eae1488d1_1be9">
                <ExtendedData>
                    <SchemaData schemaUrl="#dt_mvw_sv_eixo_svb_l_1">
                        <SimpleData name="id">100</SimpleData>
                        <SimpleData name="idoriginal">66</SimpleData>
                        <SimpleData name="classifvia">Via Arterial I</SimpleData>
                    </SchemaData>
                </ExtendedData>
                <LineString>
                    <coordinates>-38.51924802819476,-3.7224123011274743 -38.51490344690262,-3.722697871927184</coordinates>
                </LineString>
            </Placemark>
            <Placemark id="dt_mvw_sv_eixo_svb_l.fid--4079df0f_18eae1488d1_1bea">
                <ExtendedData>
                    <SchemaData schemaUrl="#dt_mvw_sv_eixo_svb_l_1">
                        <SimpleData name="id">101</SimpleData>
                        <SimpleData name="idoriginal">67</SimpleData>
                        <SimpleData name="classifvia">Via Arterial II</SimpleData>
                    </SchemaData>
                </ExtendedData>
                <LineString>
                    <coordinates>-38.523651101158066,-3.726423987846579 -38.52283735697093,-3.7267201512275903 -38.522535493583106,-3.7268122642793453 -38.52177754362824,-3.727062318319572 -38.52079805812099,-3.7273829597859884 -38.520613548549214,-3.7274448975910977 -38.518605890647564,-3.7280987955251264 -38.51431036542398,-3.72945567223371 -38.50795214516061,-3.731533504908419 -38.501806221238596,-3.733541780063726</coordinates>
                </LineString>
            </Placemark>
            <Placemark id="dt_mvw_sv_eixo_svb_l.fid--4079df0f_18eae1488d1_1beb">
                <ExtendedData>
                    <SchemaData schemaUrl="#dt_mvw_sv_eixo_svb_l_1">
                        <SimpleData name="id">102</SimpleData>
                        <SimpleData name="idoriginal">68</SimpleData>
                        <SimpleData name="classifvia">Via Arterial II</SimpleData>
                    </SchemaData>
                </ExtendedData>
                <LineString>
                    <coordinates>-38.55219878295606,-3.770157978928986 -38.55159993190424,-3.768457148193491 -38.551457613400316,-3.768197650437139 -38.55055078435831,-3.7678440325689877 -38.547925014594966,-3.766854975841844 -38.54785755317968,-3.766832357011559 -38.547778842617696,-3.766818765700819 -38.54764615100184,-3.766809663189959 -38.547529191237324,-3.7668231525562823 -38.54717605760866,-3.7668749109914157 -38.545648620623616,-3.767021597460584 -38.54543735966626,-3.7669359154646</coordinates>
                </LineString>
            </Placemark>
            <Placemark id="dt_mvw_sv_eixo_svb_l.fid--4079df0f_18eae1488d1_1bec">
                <ExtendedData>
                    <SchemaData schemaUrl="#dt_mvw_sv_eixo_svb_l_1">
                        <SimpleData name="id">103</SimpleData>
                        <SimpleData name="idoriginal">69</SimpleData>
                        <SimpleData name="classifvia">Via Coletora</SimpleData>
                    </SchemaData>
                </ExtendedData>
                <LineString>
                    <coordinates>-38.54368798870437,-3.8285065202300532 -38.542733596538845,-3.8248910115776398</coordinates>
                </LineString>
            </Placemark>
            <Placemark id="dt_mvw_sv_eixo_svb_l.fid--4079df0f_18eae1488d1_1bed">
                <ExtendedData>
                    <SchemaData schemaUrl="#dt_mvw_sv_eixo_svb_l_1">
                        <SimpleData name="id">104</SimpleData>
                        <SimpleData name="idoriginal">70</SimpleData>
                        <SimpleData name="classifvia">Via Coletora</SimpleData>
                    </SchemaData>
                </ExtendedData>
                <LineString>
                    <coordinates>-38.55875936785915,-3.823428529294798 -38.558128542141766,-3.8236594971283733 -38.55568829402001,-3.824398825889446 -38.555546861695724,-3.824441675773254 -38.550908443326534,-3.8258531745281537 -38.54971227125304,-3.8261915536156375 -38.54874714277225,-3.8265445339767252 -38.54774529364369,-3.8272158584431875 -38.54717543924248,-3.8277539928213273 -38.54677663814121,-3.8279443782814475 -38.54576080825463,-3.8281201412269747 -38.54368798870437,-3.8285065202300532</coordinates>
                </LineString>
            </Placemark>
            <Placemark id="dt_mvw_sv_eixo_svb_l.fid--4079df0f_18eae1488d1_1bee">
                <ExtendedData>
                    <SchemaData schemaUrl="#dt_mvw_sv_eixo_svb_l_1">
                        <SimpleData name="id">105</SimpleData>
                        <SimpleData name="idoriginal">71</SimpleData>
                        <SimpleData name="classifvia">Via Coletora</SimpleData>
                    </SchemaData>
                </ExtendedData>
                <LineString>
                    <coordinates>-38.588400183742166,-3.8174428157815843 -38.589366482518045,-3.818424347447958</coordinates>
                </LineString>
            </Placemark>
            <Placemark id="dt_mvw_sv_eixo_svb_l.fid--4079df0f_18eae1488d1_1bef">
                <ExtendedData>
                    <SchemaData schemaUrl="#dt_mvw_sv_eixo_svb_l_1">
                        <SimpleData name="id">108</SimpleData>
                        <SimpleData name="idoriginal">53</SimpleData>
                        <SimpleData name="classifvia">Via Coletora</SimpleData>
                    </SchemaData>
                </ExtendedData>
                <LineString>
                    <coordinates>-38.58244104720639,-3.7533370136259117 -38.58233033538819,-3.753745792416216 -38.58200381495037,-3.755392643559698 -38.58194539479744,-3.7559240965038176 -38.58199086785751,-3.7563006109792796 -38.582275527784965,-3.7570600060010726 -38.58227853160186,-3.757065177470334</coordinates>
                </LineString>
            </Placemark>
            <Placemark id="dt_mvw_sv_eixo_svb_l.fid--4079df0f_18eae1488d1_1bf0">
                <ExtendedData>
                    <SchemaData schemaUrl="#dt_mvw_sv_eixo_svb_l_1">
                        <SimpleData name="id">109</SimpleData>
                        <SimpleData name="idoriginal">115</SimpleData>
                        <SimpleData name="classifvia">Via Coletora</SimpleData>
                    </SchemaData>
                </ExtendedData>
                <LineString>
                    <coordinates>-38.46459537803703,-3.826262815707502 -38.46327885421544,-3.829388966959768 -38.4632417684172,-3.829459408766542 -38.463216388558884,-3.829516156653501 -38.46319295715435,-3.829574863088842 -38.4631500168598,-3.829655088776563 -38.4630990812484,-3.8297495003934667 -38.46130632095864,-3.832936362972525</coordinates>
                </LineString>
            </Placemark>
            <Placemark id="dt_mvw_sv_eixo_svb_l.fid--4079df0f_18eae1488d1_1bf1">
                <ExtendedData>
                    <SchemaData schemaUrl="#dt_mvw_sv_eixo_svb_l_1">
                        <SimpleData name="id">110</SimpleData>
                        <SimpleData name="idoriginal">408</SimpleData>
                        <SimpleData name="classifvia">Via Arterial II</SimpleData>
                    </SchemaData>
                </ExtendedData>
                <LineString>
                    <coordinates>-38.55987369203703,-3.7672555825740197 -38.56154385405753,-3.7713372740405977</coordinates>
                </LineString>
            </Placemark>
            <Placemark id="dt_mvw_sv_eixo_svb_l.fid--4079df0f_18eae1488d1_1bf2">
                <ExtendedData>
                    <SchemaData schemaUrl="#dt_mvw_sv_eixo_svb_l_1">
                        <SimpleData name="id">111</SimpleData>
                        <SimpleData name="idoriginal">74</SimpleData>
                        <SimpleData name="classifvia">Via Coletora</SimpleData>
                    </SchemaData>
                </ExtendedData>
                <LineString>
                    <coordinates>-38.551678924444786,-3.811719391753224 -38.55187519820442,-3.811582637858658 -38.552916896206256,-3.8105243952019414 -38.55338743097696,-3.810245100006549 -38.55397119577771,-3.809918096058424 -38.554042948329595,-3.8098690370263544 -38.554637083954155,-3.8093448659771987 -38.554774047537,-3.8092860214347937 -38.554927927045256,-3.809213310929033 -38.55550146244431,-3.808657784447969 -38.55602037531922,-3.808154344932 -38.557193430578266,-3.807001934536724 -38.557232945368206,-3.8069623046916754 -38.55758225726564,-3.8066183737089507 -38.55765996784878,-3.80654440073436 -38.557691591554885,-3.8064902291343383 -38.55782074092428,-3.806299173623648</coordinates>
                </LineString>
            </Placemark>
            <Placemark id="dt_mvw_sv_eixo_svb_l.fid--4079df0f_18eae1488d1_1bf3">
                <ExtendedData>
                    <SchemaData schemaUrl="#dt_mvw_sv_eixo_svb_l_1">
                        <SimpleData name="id">112</SimpleData>
                        <SimpleData name="idoriginal">75</SimpleData>
                        <SimpleData name="classifvia">Via Coletora</SimpleData>
                    </SchemaData>
                </ExtendedData>
                <LineString>
                    <coordinates>-38.626143238830416,-3.783739317962508 -38.624730338788524,-3.7841417370469657 -38.62176974754267,-3.7849588034963064 -38.618806168462626,-3.785821570238926 -38.61742918464674,-3.7862293488598358 -38.61313800019944,-3.7875542777362816 -38.610302980908415,-3.788476550800119 -38.60865578067825,-3.788996622489868 -38.60556227066317,-3.790020383991105 -38.6010858201877,-3.7914420039015555 -38.5964321198314,-3.792929061117227 -38.596385214147446,-3.792984878640283 -38.59484726463571,-3.7934981508643157 -38.59210000896244,-3.79447760066962</coordinates>
                </LineString>
            </Placemark>
            <Placemark id="dt_mvw_sv_eixo_svb_l.fid--4079df0f_18eae1488d1_1bf4">
                <ExtendedData>
                    <SchemaData schemaUrl="#dt_mvw_sv_eixo_svb_l_1">
                        <SimpleData name="id">113</SimpleData>
                        <SimpleData name="idoriginal">76</SimpleData>
                        <SimpleData name="classifvia">Via Coletora</SimpleData>
                    </SchemaData>
                </ExtendedData>
                <LineString>
                    <coordinates>-38.63241301981535,-3.8033935520090174 -38.63218176502207,-3.802582273361408 -38.63141770385492,-3.79986760091003</coordinates>
                </LineString>
            </Placemark>
            <Placemark id="dt_mvw_sv_eixo_svb_l.fid--4079df0f_18eae1488d1_1bf5">
                <ExtendedData>
                    <SchemaData schemaUrl="#dt_mvw_sv_eixo_svb_l_1">
                        <SimpleData name="id">114</SimpleData>
                        <SimpleData name="idoriginal">77</SimpleData>
                        <SimpleData name="classifvia">Via Coletora</SimpleData>
                    </SchemaData>
                </ExtendedData>
                <LineString>
                    <coordinates>-38.63020432182446,-3.808412703732029 -38.62924980787759,-3.804268460284427</coordinates>
                </LineString>
            </Placemark>
            <Placemark id="dt_mvw_sv_eixo_svb_l.fid--4079df0f_18eae1488d1_1bf6">
                <ExtendedData>
                    <SchemaData schemaUrl="#dt_mvw_sv_eixo_svb_l_1">
                        <SimpleData name="id">115</SimpleData>
                        <SimpleData name="idoriginal">78</SimpleData>
                        <SimpleData name="classifvia">Via Coletora</SimpleData>
                    </SchemaData>
                </ExtendedData>
                <LineString>
                    <coordinates>-38.63241301981535,-3.8033935520090174 -38.62924980787759,-3.804268460284427 -38.626250453498024,-3.8050148487385003</coordinates>
                </LineString>
            </Placemark>
            <Placemark id="dt_mvw_sv_eixo_svb_l.fid--4079df0f_18eae1488d1_1bf7">
                <ExtendedData>
                    <SchemaData schemaUrl="#dt_mvw_sv_eixo_svb_l_1">
                        <SimpleData name="id">116</SimpleData>
                        <SimpleData name="idoriginal">79</SimpleData>
                        <SimpleData name="classifvia">Via Coletora</SimpleData>
                    </SchemaData>
                </ExtendedData>
                <LineString>
                    <coordinates>-38.48668375443432,-3.7729969983624576 -38.48670119739271,-3.7728138163441507 -38.486839613067716,-3.772440350442114 -38.48761197116664,-3.7716888278108884 -38.48784136698261,-3.771428589470278 -38.48794571465166,-3.771179901080168 -38.48795519578234,-3.770897254089332 -38.48789043881126,-3.7706947266264565</coordinates>
                </LineString>
            </Placemark>
            <Placemark id="dt_mvw_sv_eixo_svb_l.fid--4079df0f_18eae1488d1_1bf8">
                <ExtendedData>
                    <SchemaData schemaUrl="#dt_mvw_sv_eixo_svb_l_1">
                        <SimpleData name="id">117</SimpleData>
                        <SimpleData name="idoriginal">80</SimpleData>
                        <SimpleData name="classifvia">Via Coletora</SimpleData>
                    </SchemaData>
                </ExtendedData>
                <LineString>
                    <coordinates>-38.47333508542636,-3.7442869902831557 -38.47252861184329,-3.741931751960197</coordinates>
                </LineString>
            </Placemark>
            <Placemark id="dt_mvw_sv_eixo_svb_l.fid--4079df0f_18eae1488d1_1bf9">
                <ExtendedData>
                    <SchemaData schemaUrl="#dt_mvw_sv_eixo_svb_l_1">
                        <SimpleData name="id">118</SimpleData>
                        <SimpleData name="idoriginal">81</SimpleData>
                        <SimpleData name="classifvia">Via Coletora</SimpleData>
                    </SchemaData>
                </ExtendedData>
                <LineString>
                    <coordinates>-38.473089097956446,-3.737217456583208 -38.4715862828865,-3.737001431754845 -38.470577875304556,-3.7368492782448164</coordinates>
                </LineString>
            </Placemark>
            <Placemark id="dt_mvw_sv_eixo_svb_l.fid--4079df0f_18eae1488d1_1bfa">
                <ExtendedData>
                    <SchemaData schemaUrl="#dt_mvw_sv_eixo_svb_l_1">
                        <SimpleData name="id">119</SimpleData>
                        <SimpleData name="idoriginal">82</SimpleData>
                        <SimpleData name="classifvia">Via Coletora</SimpleData>
                    </SchemaData>
                </ExtendedData>
                <LineString>
                    <coordinates>-38.47439637644201,-3.741357963745052 -38.47418622244201,-3.7407083399717322 -38.473475719245705,-3.7385350204402834 -38.473089097956446,-3.737217456583208</coordinates>
                </LineString>
            </Placemark>
            <Placemark id="dt_mvw_sv_eixo_svb_l.fid--4079df0f_18eae1488d1_1bfb">
                <ExtendedData>
                    <SchemaData schemaUrl="#dt_mvw_sv_eixo_svb_l_1">
                        <SimpleData name="id">120</SimpleData>
                        <SimpleData name="idoriginal">83</SimpleData>
                        <SimpleData name="classifvia">Via Coletora</SimpleData>
                    </SchemaData>
                </ExtendedData>
                <LineString>
                    <coordinates>-38.460105625272774,-3.7529892942712153 -38.45881457556587,-3.7489900873335684</coordinates>
                </LineString>
            </Placemark>
            <Placemark id="dt_mvw_sv_eixo_svb_l.fid--4079df0f_18eae1488d1_1bfc">
                <ExtendedData>
                    <SchemaData schemaUrl="#dt_mvw_sv_eixo_svb_l_1">
                        <SimpleData name="id">121</SimpleData>
                        <SimpleData name="idoriginal">84</SimpleData>
                        <SimpleData name="classifvia">Via Coletora</SimpleData>
                    </SchemaData>
                </ExtendedData>
                <LineString>
                    <coordinates>-38.47643814400162,-3.7471800414642358 -38.47630464879983,-3.7471755694769264 -38.47582315263792,-3.747148875030034 -38.47561875522548,-3.747132426932075 -38.47549099808051,-3.747137014462117 -38.47442696412721,-3.7474512155331046</coordinates>
                </LineString>
            </Placemark>
            <Placemark id="dt_mvw_sv_eixo_svb_l.fid--4079df0f_18eae1488d1_1bfd">
                <ExtendedData>
                    <SchemaData schemaUrl="#dt_mvw_sv_eixo_svb_l_1">
                        <SimpleData name="id">122</SimpleData>
                        <SimpleData name="idoriginal">85</SimpleData>
                        <SimpleData name="classifvia">Via Paisagística</SimpleData>
                    </SchemaData>
                </ExtendedData>
                <LineString>
                    <coordinates>-38.47995120667155,-3.7465625099592867 -38.479298725526036,-3.746761279945013 -38.47828060972468,-3.747075868993633 -38.47802165115983,-3.747149433642188 -38.47771247824139,-3.747184168021667 -38.477484471470774,-3.7471956714795085 -38.47643814400162,-3.7471800414642358</coordinates>
                </LineString>
            </Placemark>
            <Placemark id="dt_mvw_sv_eixo_svb_l.fid--4079df0f_18eae1488d1_1bfe">
                <ExtendedData>
                    <SchemaData schemaUrl="#dt_mvw_sv_eixo_svb_l_1">
                        <SimpleData name="id">123</SimpleData>
                        <SimpleData name="idoriginal">86</SimpleData>
                        <SimpleData name="classifvia">Via Coletora</SimpleData>
                    </SchemaData>
                </ExtendedData>
                <LineString>
                    <coordinates>-38.46894496289008,-3.743089523155669 -38.46881129515378,-3.7426591627006505 -38.46902695548604,-3.7415434529120977 -38.46921777095392,-3.740702832454759 -38.46926402573224,-3.740499060841579 -38.469837231916266,-3.7390841768356773 -38.469886581989435,-3.738962362401684 -38.470045585913624,-3.738310583392783 -38.47015729100494,-3.7380582075495012 -38.470577875304556,-3.7368492782448164 -38.47069909361695,-3.7364833800859416 -38.4708550438806,-3.735985937306242</coordinates>
                </LineString>
            </Placemark>
            <Placemark id="dt_mvw_sv_eixo_svb_l.fid--4079df0f_18eae1488d1_1bff">
                <ExtendedData>
                    <SchemaData schemaUrl="#dt_mvw_sv_eixo_svb_l_1">
                        <SimpleData name="id">124</SimpleData>
                        <SimpleData name="idoriginal">87</SimpleData>
                        <SimpleData name="classifvia">Via Coletora</SimpleData>
                    </SchemaData>
                </ExtendedData>
                <LineString>
                    <coordinates>-38.48375588521385,-3.73830400113333 -38.483618274452056,-3.738382355390037 -38.481971316919996,-3.738916834825723 -38.48010847469242,-3.739521186788939 -38.478268475715986,-3.740103429941397 -38.47639999050126,-3.740717317834617 -38.47439637644201,-3.741357963745052 -38.47426553455084,-3.7413648912317714 -38.470722074132524,-3.7425213780297995 -38.46894496289008,-3.743089523155669</coordinates>
                </LineString>
            </Placemark>
            <Placemark id="dt_mvw_sv_eixo_svb_l.fid--4079df0f_18eae1488d1_1c00">
                <ExtendedData>
                    <SchemaData schemaUrl="#dt_mvw_sv_eixo_svb_l_1">
                        <SimpleData name="id">133</SimpleData>
                        <SimpleData name="idoriginal">96</SimpleData>
                        <SimpleData name="classifvia">Via Arterial I</SimpleData>
                    </SchemaData>
                </ExtendedData>
                <LineString>
                    <coordinates>-38.52340795557252,-3.856642399107642 -38.52339591608295,-3.856833422877945 -38.52336517309436,-3.85716645767327 -38.523172279831144,-3.8586805327200904 -38.523167792625436,-3.858899642971179 -38.52303723634427,-3.8635109414584368</coordinates>
                </LineString>
            </Placemark>
            <Placemark id="dt_mvw_sv_eixo_svb_l.fid--4079df0f_18eae1488d1_1c01">
                <ExtendedData>
                    <SchemaData schemaUrl="#dt_mvw_sv_eixo_svb_l_1">
                        <SimpleData name="id">134</SimpleData>
                        <SimpleData name="idoriginal">97</SimpleData>
                        <SimpleData name="classifvia">Via Coletora</SimpleData>
                    </SchemaData>
                </ExtendedData>
                <LineString>
                    <coordinates>-38.564599811728584,-3.785283227501958 -38.56005155813939,-3.7866619997893682</coordinates>
                </LineString>
            </Placemark>
            <Placemark id="dt_mvw_sv_eixo_svb_l.fid--4079df0f_18eae1488d1_1c02">
                <ExtendedData>
                    <SchemaData schemaUrl="#dt_mvw_sv_eixo_svb_l_1">
                        <SimpleData name="id">135</SimpleData>
                        <SimpleData name="idoriginal">98</SimpleData>
                        <SimpleData name="classifvia">Via Coletora</SimpleData>
                    </SchemaData>
                </ExtendedData>
                <LineString>
                    <coordinates>-38.56628479324164,-3.784748526328816 -38.564599811728584,-3.785283227501958</coordinates>
                </LineString>
            </Placemark>
            <Placemark id="dt_mvw_sv_eixo_svb_l.fid--4079df0f_18eae1488d1_1c03">
                <ExtendedData>
                    <SchemaData schemaUrl="#dt_mvw_sv_eixo_svb_l_1">
                        <SimpleData name="id">136</SimpleData>
                        <SimpleData name="idoriginal">99</SimpleData>
                        <SimpleData name="classifvia">Via Coletora</SimpleData>
                    </SchemaData>
                </ExtendedData>
                <LineString>
                    <coordinates>-38.559636594384536,-3.785383967142862 -38.559561617113886,-3.7852800374082443 -38.55954029706795,-3.7852253741043156 -38.559453191822115,-3.784990636278744 -38.55942949264859,-3.784850939101005 -38.55940867275628,-3.78475256689307 -38.55938808867613,-3.7846887216663436 -38.559078819606945,-3.784038680908173 -38.558875309488485,-3.783624947954215 -38.558860035337354,-3.783599040723739 -38.55858235286968,-3.7831929190744464 -38.558496436295115,-3.78308698698952 -38.55795839537691,-3.782445099194241 -38.55791340761171,-3.782396939508393 -38.55783924871585,-3.782299754199662 -38.557082864825034,-3.7814755805889204</coordinates>
                </LineString>
            </Placemark>
            <Placemark id="dt_mvw_sv_eixo_svb_l.fid--4079df0f_18eae1488d1_1c04">
                <ExtendedData>
                    <SchemaData schemaUrl="#dt_mvw_sv_eixo_svb_l_1">
                        <SimpleData name="id">137</SimpleData>
                        <SimpleData name="idoriginal">100</SimpleData>
                        <SimpleData name="classifvia">Via Coletora</SimpleData>
                    </SchemaData>
                </ExtendedData>
                <LineString>
                    <coordinates>-38.56252116922986,-3.7931394229236637 -38.566470450177455,-3.79195266414725 -38.56654224537067,-3.791930832857515 -38.56663098227522,-3.7918793491393314</coordinates>
                </LineString>
            </Placemark>
            <Placemark id="dt_mvw_sv_eixo_svb_l.fid--4079df0f_18eae1488d1_1c05">
                <ExtendedData>
                    <SchemaData schemaUrl="#dt_mvw_sv_eixo_svb_l_1">
                        <SimpleData name="id">138</SimpleData>
                        <SimpleData name="idoriginal">101</SimpleData>
                        <SimpleData name="classifvia">Via Coletora</SimpleData>
                    </SchemaData>
                </ExtendedData>
                <LineString>
                    <coordinates>-38.562242218002204,-3.7981776898536657 -38.5624034721827,-3.797632299825786 -38.5626957818865,-3.7968965685740605 -38.56311367690086,-3.7960268171756963 -38.56344348012812,-3.7956282085577016 -38.564676113687234,-3.7943670229244915 -38.56551955414905,-3.7936193542145147 -38.56596627823357,-3.79304175406898 -38.56658064335071,-3.791997842957805 -38.56663098227522,-3.7918793491393314</coordinates>
                </LineString>
            </Placemark>
            <Placemark id="dt_mvw_sv_eixo_svb_l.fid--4079df0f_18eae1488d1_1c06">
                <ExtendedData>
                    <SchemaData schemaUrl="#dt_mvw_sv_eixo_svb_l_1">
                        <SimpleData name="id">139</SimpleData>
                        <SimpleData name="idoriginal">102</SimpleData>
                        <SimpleData name="classifvia">Via Coletora</SimpleData>
                    </SchemaData>
                </ExtendedData>
                <LineString>
                    <coordinates>-38.48132855664477,-3.823703297884605 -38.479245279815665,-3.825272419296237</coordinates>
                </LineString>
            </Placemark>
            <Placemark id="dt_mvw_sv_eixo_svb_l.fid--4079df0f_18eae1488d1_1c07">
                <ExtendedData>
                    <SchemaData schemaUrl="#dt_mvw_sv_eixo_svb_l_1">
                        <SimpleData name="id">140</SimpleData>
                        <SimpleData name="idoriginal">103</SimpleData>
                        <SimpleData name="classifvia">Via Coletora</SimpleData>
                    </SchemaData>
                </ExtendedData>
                <LineString>
                    <coordinates>-38.480901513621546,-3.7855677222350823 -38.48163157181649,-3.7856439181687707 -38.48172090471923,-3.7857669019840916 -38.48158797927408,-3.786987319268828</coordinates>
                </LineString>
            </Placemark>
            <Placemark id="dt_mvw_sv_eixo_svb_l.fid--4079df0f_18eae1488d1_1c08">
                <ExtendedData>
                    <SchemaData schemaUrl="#dt_mvw_sv_eixo_svb_l_1">
                        <SimpleData name="id">141</SimpleData>
                        <SimpleData name="idoriginal">104</SimpleData>
                        <SimpleData name="classifvia">Via Coletora</SimpleData>
                    </SchemaData>
                </ExtendedData>
                <LineString>
                    <coordinates>-38.495773923675706,-3.7863041152220402 -38.49523535286955,-3.7864502154463504 -38.49300632417804,-3.787056302699618 -38.49281496510477,-3.7870033512355685 -38.492054298484604,-3.78682036688469 -38.49191076510958,-3.786805871679617 -38.490815347759565,-3.7867184505442752 -38.49071486886685,-3.786718391297946 -38.487303091565664,-3.7871631074855783 -38.485886218271865,-3.7873530366495163 -38.485673211171,-3.78737098024959 -38.48151655991422,-3.7869794280748406 -38.48079228737573,-3.786945665314197</coordinates>
                </LineString>
            </Placemark>
            <Placemark id="dt_mvw_sv_eixo_svb_l.fid--4079df0f_18eae1488d1_1c09">
                <ExtendedData>
                    <SchemaData schemaUrl="#dt_mvw_sv_eixo_svb_l_1">
                        <SimpleData name="id">142</SimpleData>
                        <SimpleData name="idoriginal">105</SimpleData>
                        <SimpleData name="classifvia">Via Coletora</SimpleData>
                    </SchemaData>
                </ExtendedData>
                <LineString>
                    <coordinates>-38.51749986330531,-3.768379543724399 -38.516960905989194,-3.768262523633719 -38.51654875631492,-3.768182711554135 -38.51299276462641,-3.7674562435668104 -38.509536197991416,-3.7667251377304254 -38.509359931720006,-3.7667050571628424 -38.509061383568984,-3.7667305780412192</coordinates>
                </LineString>
            </Placemark>
            <Placemark id="dt_mvw_sv_eixo_svb_l.fid--4079df0f_18eae1488d1_1c0a">
                <ExtendedData>
                    <SchemaData schemaUrl="#dt_mvw_sv_eixo_svb_l_1">
                        <SimpleData name="id">143</SimpleData>
                        <SimpleData name="idoriginal">106</SimpleData>
                        <SimpleData name="classifvia">Via Coletora</SimpleData>
                    </SchemaData>
                </ExtendedData>
                <LineString>
                    <coordinates>-38.5236437888257,-3.743811982632703 -38.52562783179585,-3.744048567029196</coordinates>
                </LineString>
            </Placemark>
            <Placemark id="dt_mvw_sv_eixo_svb_l.fid--4079df0f_18eae1488d1_1c0b">
                <ExtendedData>
                    <SchemaData schemaUrl="#dt_mvw_sv_eixo_svb_l_1">
                        <SimpleData name="id">144</SimpleData>
                        <SimpleData name="idoriginal">107</SimpleData>
                        <SimpleData name="classifvia">Via Coletora</SimpleData>
                    </SchemaData>
                </ExtendedData>
                <LineString>
                    <coordinates>-38.57336159799475,-3.7182268208001723 -38.57298011817524,-3.7172036155630273 -38.57254850057532,-3.716022293134621 -38.57165205544953,-3.7136739624586927 -38.571561975595706,-3.713555137929197 -38.57117207207148,-3.7124653792325186 -38.57067693482959,-3.711080598082627 -38.57061062833541,-3.7109045445430824 -38.570313381663574,-3.710049973613644 -38.570253148087836,-3.70995916354531 -38.56945408835536,-3.708043195638309</coordinates>
                </LineString>
            </Placemark>
            <Placemark id="dt_mvw_sv_eixo_svb_l.fid--4079df0f_18eae1488d1_1c0c">
                <ExtendedData>
                    <SchemaData schemaUrl="#dt_mvw_sv_eixo_svb_l_1">
                        <SimpleData name="id">145</SimpleData>
                        <SimpleData name="idoriginal">108</SimpleData>
                        <SimpleData name="classifvia">Via Coletora</SimpleData>
                    </SchemaData>
                </ExtendedData>
                <LineString>
                    <coordinates>-38.56437220046499,-3.72702321466639 -38.56330488017651,-3.7304622532126435 -38.56181079229582,-3.7351159729620185</coordinates>
                </LineString>
            </Placemark>
            <Placemark id="dt_mvw_sv_eixo_svb_l.fid--4079df0f_18eae1488d1_1c0d">
                <ExtendedData>
                    <SchemaData schemaUrl="#dt_mvw_sv_eixo_svb_l_1">
                        <SimpleData name="id">146</SimpleData>
                        <SimpleData name="idoriginal">109</SimpleData>
                        <SimpleData name="classifvia">Via Coletora</SimpleData>
                    </SchemaData>
                </ExtendedData>
                <LineString>
                    <coordinates>-38.46743920318969,-3.7171104642994406 -38.466999886665064,-3.7181682811789702 -38.46644455073141,-3.719301966793489 -38.466019490421814,-3.7201349013737013 -38.46537324261185,-3.7215115358688657 -38.46487280455734,-3.722505864078457 -38.464388137924736,-3.7235029000785462 -38.46402464277975,-3.7242418177936383 -38.46359487342668,-3.7252129702955212 -38.46309507564445,-3.7262099964635005 -38.46251448534842,-3.7273942881829925 -38.461594830965986,-3.7293218092250133 -38.461039504241555,-3.7304149880965856 -38.46023474001941,-3.7320727661859525 -38.45975511952261,-3.7330444884779492 -38.45873473084821,-3.7351544770596843 -38.45818437635915,-3.7363489079240058 -38.45700162179222,-3.7387215576001624 -38.45631922214565,-3.7401010972847675 -38.455450799260426,-3.7419230885058705 -38.45436953840565,-3.744159005339431 -38.45257610376652,-3.74782193521449 -38.45190397547697,-3.749226969475104 -38.45072170308033,-3.7516444321104943 -38.45029253176788,-3.7525402388316125 -38.44903899254481,-3.7550793828995372 -38.44780613075893,-3.7576599279343763 -38.445661355305695,-3.761997871089284</coordinates>
                </LineString>
            </Placemark>
            <Placemark id="dt_mvw_sv_eixo_svb_l.fid--4079df0f_18eae1488d1_1c0e">
                <ExtendedData>
                    <SchemaData schemaUrl="#dt_mvw_sv_eixo_svb_l_1">
                        <SimpleData name="id">147</SimpleData>
                        <SimpleData name="idoriginal">110</SimpleData>
                        <SimpleData name="classifvia">Via Coletora</SimpleData>
                    </SchemaData>
                </ExtendedData>
                <LineString>
                    <coordinates>-38.49321420112942,-3.8101362519621307 -38.491954976619745,-3.812943080434405 -38.49193566325117,-3.812983293996236 -38.49192673383756,-3.8130279834818936 -38.49192818575667,-3.8130816176772133 -38.491935585408264,-3.8131158880216827 -38.491963749932175,-3.8132283707368764 -38.49197558718031,-3.8132864808574194 -38.49200224248781,-3.8133788657164445 -38.492008136187266,-3.8134503806502282 -38.492012538798704,-3.813533813274559</coordinates>
                </LineString>
            </Placemark>
            <Placemark id="dt_mvw_sv_eixo_svb_l.fid--4079df0f_18eae1488d1_1c0f">
                <ExtendedData>
                    <SchemaData schemaUrl="#dt_mvw_sv_eixo_svb_l_1">
                        <SimpleData name="id">217</SimpleData>
                        <SimpleData name="idoriginal">182</SimpleData>
                        <SimpleData name="classifvia">Via Comercial</SimpleData>
                    </SchemaData>
                </ExtendedData>
                <LineString>
                    <coordinates>-38.521864432717074,-3.724109493682165 -38.52173246439003,-3.725490284940323</coordinates>
                </LineString>
            </Placemark>
            <Placemark id="dt_mvw_sv_eixo_svb_l.fid--4079df0f_18eae1488d1_1c10">
                <ExtendedData>
                    <SchemaData schemaUrl="#dt_mvw_sv_eixo_svb_l_1">
                        <SimpleData name="id">218</SimpleData>
                        <SimpleData name="idoriginal">183</SimpleData>
                        <SimpleData name="classifvia">Via Comercial</SimpleData>
                    </SchemaData>
                </ExtendedData>
                <LineString>
                    <coordinates>-38.5337889406062,-3.7250996496935285 -38.53270060937797,-3.725450749981628 -38.53164705741198,-3.7257998125788094</coordinates>
                </LineString>
            </Placemark>
            <Placemark id="dt_mvw_sv_eixo_svb_l.fid--4079df0f_18eae1488d1_1c11">
                <ExtendedData>
                    <SchemaData schemaUrl="#dt_mvw_sv_eixo_svb_l_1">
                        <SimpleData name="id">148</SimpleData>
                        <SimpleData name="idoriginal">111</SimpleData>
                        <SimpleData name="classifvia">Via Coletora</SimpleData>
                    </SchemaData>
                </ExtendedData>
                <LineString>
                    <coordinates>-38.474426963509764,-3.8185614867179747 -38.47457133576493,-3.8184212682972394 -38.474653900316405,-3.818249386860895 -38.474647674406086,-3.818056225298911 -38.474550227560115,-3.817185283051125 -38.47443820546,-3.816082693845441 -38.47419333797129,-3.8139139143603664 -38.47421406874078,-3.813495950516773 -38.47424006349196,-3.8126698235542684 -38.474632608358675,-3.8080219419837333 -38.474624537288804,-3.8078958966389513</coordinates>
                </LineString>
            </Placemark>
            <Placemark id="dt_mvw_sv_eixo_svb_l.fid--4079df0f_18eae1488d1_1c12">
                <ExtendedData>
                    <SchemaData schemaUrl="#dt_mvw_sv_eixo_svb_l_1">
                        <SimpleData name="id">149</SimpleData>
                        <SimpleData name="idoriginal">112</SimpleData>
                        <SimpleData name="classifvia">Via Coletora</SimpleData>
                    </SchemaData>
                </ExtendedData>
                <LineString>
                    <coordinates>-38.52798414587893,-3.8114824948656914 -38.52788801886258,-3.8115564793999517 -38.525833636043814,-3.813068840069442 -38.52576852734879,-3.8131140435695157 -38.52569340593817,-3.813159241055419 -38.525615785475786,-3.813196897628302 -38.5255481859851,-3.8132194797480676 -38.525377936995426,-3.8132746780573497 -38.52087155730329,-3.8145243493349414</coordinates>
                </LineString>
            </Placemark>
            <Placemark id="dt_mvw_sv_eixo_svb_l.fid--4079df0f_18eae1488d1_1c13">
                <ExtendedData>
                    <SchemaData schemaUrl="#dt_mvw_sv_eixo_svb_l_1">
                        <SimpleData name="id">150</SimpleData>
                        <SimpleData name="idoriginal">113</SimpleData>
                        <SimpleData name="classifvia">Via Coletora</SimpleData>
                    </SchemaData>
                </ExtendedData>
                <LineString>
                    <coordinates>-38.54558962418664,-3.808430778011734 -38.54454265115862,-3.8115101633315245 -38.544517386170256,-3.811579233574862 -38.54448753078257,-3.8116529065483657 -38.54446047083018,-3.811710702575813 -38.54441793396775,-3.8117693608933325 -38.54439341920428,-3.8117979323462032 -38.54437046869647,-3.811825553525607 -38.54435210914636,-3.8118462686828374 -38.54433604842994,-3.811857774252475 -38.53979279921403,-3.815792084102104 -38.53966798886858,-3.8159062163074537 -38.53955051851011,-3.8160166686789454 -38.539440396640444,-3.8161087062057364 -38.537195896641016,-3.8179927781368166</coordinates>
                </LineString>
            </Placemark>
            <Placemark id="dt_mvw_sv_eixo_svb_l.fid--4079df0f_18eae1488d1_1c14">
                <ExtendedData>
                    <SchemaData schemaUrl="#dt_mvw_sv_eixo_svb_l_1">
                        <SimpleData name="id">151</SimpleData>
                        <SimpleData name="idoriginal">114</SimpleData>
                        <SimpleData name="classifvia">Via Coletora</SimpleData>
                    </SchemaData>
                </ExtendedData>
                <LineString>
                    <coordinates>-38.55821668734534,-3.7210694941048774 -38.55570774784806,-3.7216389946542443 -38.55329628369903,-3.7221893868133455 -38.55191542438868,-3.7225006256908206 -38.55183886312414,-3.7225201290856824 -38.55178695634727,-3.722534433764617 -38.551727262718664,-3.722553945755358 -38.55053194400167,-3.722938396208344</coordinates>
                </LineString>
            </Placemark>
            <Placemark id="dt_mvw_sv_eixo_svb_l.fid--4079df0f_18eae1488d1_1c15">
                <ExtendedData>
                    <SchemaData schemaUrl="#dt_mvw_sv_eixo_svb_l_1">
                        <SimpleData name="id">152</SimpleData>
                        <SimpleData name="idoriginal">116</SimpleData>
                        <SimpleData name="classifvia">Via Coletora</SimpleData>
                    </SchemaData>
                </ExtendedData>
                <LineString>
                    <coordinates>-38.47542816582873,-3.8200302936908366 -38.47540293170216,-3.8200603420053887 -38.47445685882666,-3.820844592503223 -38.47440916176411,-3.8208882054931204 -38.47438550027348,-3.8209230021638794 -38.474369712931555,-3.8209688796915326 -38.474355503470356,-3.821010011250592 -38.47435233244368,-3.82104165571424 -38.474353894175586,-3.821065391358511 -38.474353880691865,-3.8210875438871685 -38.474352268877226,-3.821146088782206 -38.47434278602148,-3.8211903875396014 -38.474319115478934,-3.821241007160368 -38.47429545301023,-3.821277385974112 -38.4742686441829,-3.8213058516209095 -38.47421503400935,-3.8213485411202512 -38.474170898619946,-3.821361172667488 -38.47415040680783,-3.821367489162223 -38.47411100225262,-3.8213753766759906 -38.47164415197552,-3.821794322506761</coordinates>
                </LineString>
            </Placemark>
            <Placemark id="dt_mvw_sv_eixo_svb_l.fid--4079df0f_18eae1488d1_1c16">
                <ExtendedData>
                    <SchemaData schemaUrl="#dt_mvw_sv_eixo_svb_l_1">
                        <SimpleData name="id">153</SimpleData>
                        <SimpleData name="idoriginal">118</SimpleData>
                        <SimpleData name="classifvia">Via Coletora</SimpleData>
                    </SchemaData>
                </ExtendedData>
                <LineString>
                    <coordinates>-38.48212283965717,-3.8281927922558854 -38.481812108340364,-3.8280478787122645 -38.48163648168804,-3.8279595805874456 -38.48144510641252,-3.827841875207282 -38.481081661506906,-3.827585385153662 -38.4807642591398,-3.8272980034436106 -38.48056113803064,-3.827071332068278 -38.48037209120379,-3.826826993856627 -38.479293261647,-3.825325176684704 -38.47871879069084,-3.824526659187209 -38.47760483942164,-3.8229798543324995 -38.47546768067376,-3.8200101986932196 -38.474490257439214,-3.818649191556315 -38.474426963509764,-3.8185614867179747 -38.47433458704821,-3.8184376653766074 -38.47426904115405,-3.818363175007237 -38.4741886244631,-3.8182788973442743 -38.47410649342358,-3.8181997751692722 -38.47402949279631,-3.818129250853274 -38.47394222132376,-3.818057001375733 -38.47386179069317,-3.8179967889759734 -38.47378949984299,-3.8179396563628667 -38.47371762049075,-3.8178949197851764 -38.47363547003971,-3.8178467387228956 -38.47356358651672,-3.8178088775259975 -38.47350197280638,-3.8177744608041517 -38.46944551741025,-3.815699327819182 -38.46938275833956,-3.815670763264604 -38.46930113862321,-3.815634041944317 -38.46518534721187,-3.8136918436252363 -38.4649929355477,-3.8135951010660114 -38.464786780664056,-3.813491447643238 -38.46453598086328,-3.8133291030773755 -38.464273257513504,-3.8131411200706915 -38.46408430483252,-3.8130098710823592 -38.46389537572547,-3.8128406632423153 -38.463699584788,-3.8126507466916246 -38.46352441255912,-3.81246774383666 -38.46335268716708,-3.812267489612458 -38.46312602829972,-3.811974028891237 -38.46297837981313,-3.811746183047612 -38.46282294823474,-3.811492498256407 -38.46272338498916,-3.8113164448684915 -38.46264445042102,-3.811130051727541 -38.4625586418124,-3.8109436538071253 -38.4624659870148,-3.8107123914643344 -38.462393934528095,-3.8105121995429316 -38.462332005307815,-3.810283408635085 -38.46158774965438,-3.8077532161673138</coordinates>
                </LineString>
            </Placemark>
            <Placemark id="dt_mvw_sv_eixo_svb_l.fid--4079df0f_18eae1488d1_1c17">
                <ExtendedData>
                    <SchemaData schemaUrl="#dt_mvw_sv_eixo_svb_l_1">
                        <SimpleData name="id">154</SimpleData>
                        <SimpleData name="idoriginal">119</SimpleData>
                        <SimpleData name="classifvia">Via Arterial II</SimpleData>
                    </SchemaData>
                </ExtendedData>
                <LineString>
                    <coordinates>-38.5258377531739,-3.728150291463365 -38.5242637395971,-3.7279699646049 -38.524163784496075,-3.7279660749900447 -38.523891235378485,-3.7279172472788074 -38.523292603875774,-3.7281210357309553</coordinates>
                </LineString>
            </Placemark>
            <Placemark id="dt_mvw_sv_eixo_svb_l.fid--4079df0f_18eae1488d1_1c18">
                <ExtendedData>
                    <SchemaData schemaUrl="#dt_mvw_sv_eixo_svb_l_1">
                        <SimpleData name="id">155</SimpleData>
                        <SimpleData name="idoriginal">120</SimpleData>
                        <SimpleData name="classifvia">Via Comercial</SimpleData>
                    </SchemaData>
                </ExtendedData>
                <LineString>
                    <coordinates>-38.536913020502006,-3.7294769812068385 -38.53667806895513,-3.7286460942359163</coordinates>
                </LineString>
            </Placemark>
            <Placemark id="dt_mvw_sv_eixo_svb_l.fid--4079df0f_18eae1488d1_1c19">
                <ExtendedData>
                    <SchemaData schemaUrl="#dt_mvw_sv_eixo_svb_l_1">
                        <SimpleData name="id">156</SimpleData>
                        <SimpleData name="idoriginal">121</SimpleData>
                        <SimpleData name="classifvia">Via Comercial</SimpleData>
                    </SchemaData>
                </ExtendedData>
                <LineString>
                    <coordinates>-38.52391003929627,-3.7224194517610636 -38.52398414852905,-3.7225705490522283 -38.524649891128234,-3.723725112677366 -38.52486777980918,-3.724114478411594 -38.52494501059031,-3.724314026542257</coordinates>
                </LineString>
            </Placemark>
            <Placemark id="dt_mvw_sv_eixo_svb_l.fid--4079df0f_18eae1488d1_1c1a">
                <ExtendedData>
                    <SchemaData schemaUrl="#dt_mvw_sv_eixo_svb_l_1">
                        <SimpleData name="id">157</SimpleData>
                        <SimpleData name="idoriginal">122</SimpleData>
                        <SimpleData name="classifvia">Via Arterial II</SimpleData>
                    </SchemaData>
                </ExtendedData>
                <LineString>
                    <coordinates>-38.523292603875774,-3.7281210357309553 -38.522229508303155,-3.728463201381228 -38.52128124518432,-3.7287823590172695</coordinates>
                </LineString>
            </Placemark>
            <Placemark id="dt_mvw_sv_eixo_svb_l.fid--4079df0f_18eae1488d1_1c1b">
                <ExtendedData>
                    <SchemaData schemaUrl="#dt_mvw_sv_eixo_svb_l_1">
                        <SimpleData name="id">158</SimpleData>
                        <SimpleData name="idoriginal">123</SimpleData>
                        <SimpleData name="classifvia">Via Comercial</SimpleData>
                    </SchemaData>
                </ExtendedData>
                <LineString>
                    <coordinates>-38.5229194523644,-3.7228966847969542 -38.52303302826022,-3.724311985760893</coordinates>
                </LineString>
            </Placemark>
            <Placemark id="dt_mvw_sv_eixo_svb_l.fid--4079df0f_18eae1488d1_1c1c">
                <ExtendedData>
                    <SchemaData schemaUrl="#dt_mvw_sv_eixo_svb_l_1">
                        <SimpleData name="id">159</SimpleData>
                        <SimpleData name="idoriginal">124</SimpleData>
                        <SimpleData name="classifvia">Via Comercial</SimpleData>
                    </SchemaData>
                </ExtendedData>
                <LineString>
                    <coordinates>-38.52525503560124,-3.7251059158383257 -38.52582495260024,-3.7248792673967936 -38.526182417893324,-3.724791265340378 -38.52627578388156,-3.724767870361466</coordinates>
                </LineString>
            </Placemark>
            <Placemark id="dt_mvw_sv_eixo_svb_l.fid--4079df0f_18eae1488d1_1c1d">
                <ExtendedData>
                    <SchemaData schemaUrl="#dt_mvw_sv_eixo_svb_l_1">
                        <SimpleData name="id">160</SimpleData>
                        <SimpleData name="idoriginal">125</SimpleData>
                        <SimpleData name="classifvia">Via Comercial</SimpleData>
                    </SchemaData>
                </ExtendedData>
                <LineString>
                    <coordinates>-38.52104556162753,-3.72327278489078 -38.52106159492643,-3.7239566339178</coordinates>
                </LineString>
            </Placemark>
            <Placemark id="dt_mvw_sv_eixo_svb_l.fid--4079df0f_18eae1488d1_1c1e">
                <ExtendedData>
                    <SchemaData schemaUrl="#dt_mvw_sv_eixo_svb_l_1">
                        <SimpleData name="id">161</SimpleData>
                        <SimpleData name="idoriginal">126</SimpleData>
                        <SimpleData name="classifvia">Via Comercial</SimpleData>
                    </SchemaData>
                </ExtendedData>
                <LineString>
                    <coordinates>-38.52566761696568,-3.7296168241390495 -38.52620354837854,-3.7296823770201333 -38.5264587517765,-3.729717477274209</coordinates>
                </LineString>
            </Placemark>
            <Placemark id="dt_mvw_sv_eixo_svb_l.fid--4079df0f_18eae1488d1_1c1f">
                <ExtendedData>
                    <SchemaData schemaUrl="#dt_mvw_sv_eixo_svb_l_1">
                        <SimpleData name="id">162</SimpleData>
                        <SimpleData name="idoriginal">127</SimpleData>
                        <SimpleData name="classifvia">Via Comercial</SimpleData>
                    </SchemaData>
                </ExtendedData>
                <LineString>
                    <coordinates>-38.525493029367,-3.7306842475864865 -38.52520639627749,-3.7308058006498395 -38.52516634015719,-3.730895812895874 -38.525130921242564,-3.7309754046100094 -38.52506073809792,-3.731297326106571 -38.52482385841635,-3.732456477372224 -38.52462137427541,-3.733443004609789</coordinates>
                </LineString>
            </Placemark>
            <Placemark id="dt_mvw_sv_eixo_svb_l.fid--4079df0f_18eae1488d1_1c20">
                <ExtendedData>
                    <SchemaData schemaUrl="#dt_mvw_sv_eixo_svb_l_1">
                        <SimpleData name="id">163</SimpleData>
                        <SimpleData name="idoriginal">128</SimpleData>
                        <SimpleData name="classifvia">Via Comercial</SimpleData>
                    </SchemaData>
                </ExtendedData>
                <LineString>
                    <coordinates>-38.519909799123496,-3.724537681037973 -38.52086214025532,-3.7242523066171715</coordinates>
                </LineString>
            </Placemark>
            <Placemark id="dt_mvw_sv_eixo_svb_l.fid--4079df0f_18eae1488d1_1c21">
                <ExtendedData>
                    <SchemaData schemaUrl="#dt_mvw_sv_eixo_svb_l_1">
                        <SimpleData name="id">164</SimpleData>
                        <SimpleData name="idoriginal">129</SimpleData>
                        <SimpleData name="classifvia">Via Comercial</SimpleData>
                    </SchemaData>
                </ExtendedData>
                <LineString>
                    <coordinates>-38.53164705741198,-3.7257998125788094 -38.532104404942075,-3.7272153099321605 -38.53249359815449,-3.728403314518655 -38.53295351756174,-3.729835171610105 -38.53322709879701,-3.730673694726522</coordinates>
                </LineString>
            </Placemark>
            <Placemark id="dt_mvw_sv_eixo_svb_l.fid--4079df0f_18eae1488d1_1c22">
                <ExtendedData>
                    <SchemaData schemaUrl="#dt_mvw_sv_eixo_svb_l_1">
                        <SimpleData name="id">165</SimpleData>
                        <SimpleData name="idoriginal">130</SimpleData>
                        <SimpleData name="classifvia">Via Comercial</SimpleData>
                    </SchemaData>
                </ExtendedData>
                <LineString>
                    <coordinates>-38.52254754857617,-3.724227683681279 -38.52244447598418,-3.725256683849843</coordinates>
                </LineString>
            </Placemark>
            <Placemark id="dt_mvw_sv_eixo_svb_l.fid--4079df0f_18eae1488d1_1c23">
                <ExtendedData>
                    <SchemaData schemaUrl="#dt_mvw_sv_eixo_svb_l_1">
                        <SimpleData name="id">166</SimpleData>
                        <SimpleData name="idoriginal">131</SimpleData>
                        <SimpleData name="classifvia">Via Comercial</SimpleData>
                    </SchemaData>
                </ExtendedData>
                <LineString>
                    <coordinates>-38.53587370376315,-3.7298160511515843 -38.5356252634989,-3.72898103807815</coordinates>
                </LineString>
            </Placemark>
            <Placemark id="dt_mvw_sv_eixo_svb_l.fid--4079df0f_18eae1488d1_1c24">
                <ExtendedData>
                    <SchemaData schemaUrl="#dt_mvw_sv_eixo_svb_l_1">
                        <SimpleData name="id">167</SimpleData>
                        <SimpleData name="idoriginal">132</SimpleData>
                        <SimpleData name="classifvia">Via Comercial</SimpleData>
                    </SchemaData>
                </ExtendedData>
                <LineString>
                    <coordinates>-38.52642279590402,-3.727535805153393 -38.52635050818812,-3.7282117055368498 -38.52628964274131,-3.7288236902631473 -38.526290731698154,-3.7288649884121843 -38.52620354837854,-3.7296823770201333 -38.52600588799321,-3.7305097131720957</coordinates>
                </LineString>
            </Placemark>
            <Placemark id="dt_mvw_sv_eixo_svb_l.fid--4079df0f_18eae1488d1_1c25">
                <ExtendedData>
                    <SchemaData schemaUrl="#dt_mvw_sv_eixo_svb_l_1">
                        <SimpleData name="id">168</SimpleData>
                        <SimpleData name="idoriginal">133</SimpleData>
                        <SimpleData name="classifvia">Via Arterial II</SimpleData>
                    </SchemaData>
                </ExtendedData>
                <LineString>
                    <coordinates>-38.52516634015719,-3.730895812895874 -38.524385273746084,-3.7307383487802026 -38.523916466218914,-3.730633215232671 -38.523365415890154,-3.73052113721661 -38.52292671024494,-3.730651814283552 -38.52198867751498,-3.730957851329512</coordinates>
                </LineString>
            </Placemark>
            <Placemark id="dt_mvw_sv_eixo_svb_l.fid--4079df0f_18eae1488d1_1c26">
                <ExtendedData>
                    <SchemaData schemaUrl="#dt_mvw_sv_eixo_svb_l_1">
                        <SimpleData name="id">169</SimpleData>
                        <SimpleData name="idoriginal">134</SimpleData>
                        <SimpleData name="classifvia">Via Comercial</SimpleData>
                    </SchemaData>
                </ExtendedData>
                <LineString>
                    <coordinates>-38.52494501059031,-3.724314026542257 -38.5250554550106,-3.7245993916062505 -38.52524372505921,-3.725079415010021 -38.52557566363558,-3.7258571531848377 -38.525901263019435,-3.7265810504413945 -38.52591481541291,-3.727269816684925 -38.52589138380291,-3.7276986758994735 -38.5258377531739,-3.728150291463365</coordinates>
                </LineString>
            </Placemark>
            <Placemark id="dt_mvw_sv_eixo_svb_l.fid--4079df0f_18eae1488d1_1c27">
                <ExtendedData>
                    <SchemaData schemaUrl="#dt_mvw_sv_eixo_svb_l_1">
                        <SimpleData name="id">170</SimpleData>
                        <SimpleData name="idoriginal">135</SimpleData>
                        <SimpleData name="classifvia">Via Comercial</SimpleData>
                    </SchemaData>
                </ExtendedData>
                <LineString>
                    <coordinates>-38.526861912163206,-3.7220690899824733 -38.5280506391075,-3.721667661797241 -38.52913145946464,-3.7212988056242216</coordinates>
                </LineString>
            </Placemark>
            <Placemark id="dt_mvw_sv_eixo_svb_l.fid--4079df0f_18eae1488d1_1c28">
                <ExtendedData>
                    <SchemaData schemaUrl="#dt_mvw_sv_eixo_svb_l_1">
                        <SimpleData name="id">171</SimpleData>
                        <SimpleData name="idoriginal">136</SimpleData>
                        <SimpleData name="classifvia">Via Comercial</SimpleData>
                    </SchemaData>
                </ExtendedData>
                <LineString>
                    <coordinates>-38.5250026479247,-3.7235598149557636 -38.52553756967624,-3.7244602524606867 -38.52582495260024,-3.7248792673967936 -38.52634679142909,-3.7264368997444643 -38.526402122587406,-3.726651168515463 -38.526657178012854,-3.727456683575448 -38.52680291300343,-3.728274882016108 -38.52667419049907,-3.728861570971903 -38.5264587517765,-3.729717477274209 -38.526302925162405,-3.730414309898193</coordinates>
                </LineString>
            </Placemark>
            <Placemark id="dt_mvw_sv_eixo_svb_l.fid--4079df0f_18eae1488d1_1c29">
                <ExtendedData>
                    <SchemaData schemaUrl="#dt_mvw_sv_eixo_svb_l_1">
                        <SimpleData name="id">172</SimpleData>
                        <SimpleData name="idoriginal">137</SimpleData>
                        <SimpleData name="classifvia">Via Comercial</SimpleData>
                    </SchemaData>
                </ExtendedData>
                <LineString>
                    <coordinates>-38.525493029367,-3.7306842475864865 -38.5255865539325,-3.730353675517971 -38.52566761696568,-3.7296168241390495 -38.52573756026646,-3.7289875391523095 -38.52576551880915,-3.728770787519459 -38.5258377531739,-3.728150291463365</coordinates>
                </LineString>
            </Placemark>
            <Placemark id="dt_mvw_sv_eixo_svb_l.fid--4079df0f_18eae1488d1_1c2a">
                <ExtendedData>
                    <SchemaData schemaUrl="#dt_mvw_sv_eixo_svb_l_1">
                        <SimpleData name="id">173</SimpleData>
                        <SimpleData name="idoriginal">138</SimpleData>
                        <SimpleData name="classifvia">Via Comercial</SimpleData>
                    </SchemaData>
                </ExtendedData>
                <LineString>
                    <coordinates>-38.52244447598418,-3.725256683849843 -38.52206714380379,-3.7253784162862438 -38.52173246439003,-3.725490284940323 -38.52131904034422,-3.7256218842093802 -38.52036504052322,-3.725938566385042</coordinates>
                </LineString>
            </Placemark>
            <Placemark id="dt_mvw_sv_eixo_svb_l.fid--4079df0f_18eae1488d1_1c2b">
                <ExtendedData>
                    <SchemaData schemaUrl="#dt_mvw_sv_eixo_svb_l_1">
                        <SimpleData name="id">174</SimpleData>
                        <SimpleData name="idoriginal">139</SimpleData>
                        <SimpleData name="classifvia">Via Comercial</SimpleData>
                    </SchemaData>
                </ExtendedData>
                <LineString>
                    <coordinates>-38.53329580738563,-3.7231658911898804 -38.53402481059626,-3.7229356196096375 -38.534360924759575,-3.7228294503594803 -38.53543535038798,-3.7224873874297173 -38.536479610497125,-3.7221499688227535</coordinates>
                </LineString>
            </Placemark>
            <Placemark id="dt_mvw_sv_eixo_svb_l.fid--4079df0f_18eae1488d1_1c2c">
                <ExtendedData>
                    <SchemaData schemaUrl="#dt_mvw_sv_eixo_svb_l_1">
                        <SimpleData name="id">175</SimpleData>
                        <SimpleData name="idoriginal">140</SimpleData>
                        <SimpleData name="classifvia">Via Comercial</SimpleData>
                    </SchemaData>
                </ExtendedData>
                <LineString>
                    <coordinates>-38.52283735697093,-3.7267201512275903 -38.523096100571145,-3.727504648629891 -38.523292603875774,-3.7281210357309553 -38.523675772926936,-3.7293472133032775</coordinates>
                </LineString>
            </Placemark>
            <Placemark id="dt_mvw_sv_eixo_svb_l.fid--4079df0f_18eae1488d1_1c2d">
                <ExtendedData>
                    <SchemaData schemaUrl="#dt_mvw_sv_eixo_svb_l_1">
                        <SimpleData name="id">176</SimpleData>
                        <SimpleData name="idoriginal">141</SimpleData>
                        <SimpleData name="classifvia">Via Comercial</SimpleData>
                    </SchemaData>
                </ExtendedData>
                <LineString>
                    <coordinates>-38.53429734590008,-3.7265033223800943 -38.535359173367304,-3.726170056537266 -38.53641228432608,-3.7258361504371855 -38.53750106401477,-3.7254999090906753</coordinates>
                </LineString>
            </Placemark>
            <Placemark id="dt_mvw_sv_eixo_svb_l.fid--4079df0f_18eae1488d1_1c2e">
                <ExtendedData>
                    <SchemaData schemaUrl="#dt_mvw_sv_eixo_svb_l_1">
                        <SimpleData name="id">177</SimpleData>
                        <SimpleData name="idoriginal">142</SimpleData>
                        <SimpleData name="classifvia">Via Comercial</SimpleData>
                    </SchemaData>
                </ExtendedData>
                <LineString>
                    <coordinates>-38.540340954125845,-3.753862754291971 -38.5407183596279,-3.754290087750301 -38.54106673682381,-3.7547115117274474 -38.54162870168329,-3.7553711774702228 -38.54222629311773,-3.756047328024471 -38.54283957053786,-3.756712031656764 -38.543200686620665,-3.757128175546958 -38.543542571257355,-3.757523547318678 -38.54392542470126,-3.7579539849938994 -38.544292286092706,-3.758365715217116 -38.5445204398135,-3.7586254239766994 -38.544811707226835,-3.7589565477742246 -38.545125341911174,-3.7593233159188757 -38.545580801447265,-3.7598291814453626 -38.54591937950529,-3.7602216969290727 -38.54638984256365,-3.760753304492584 -38.54680598058654,-3.7612320499478225 -38.547542332876766,-3.7620647244333445 -38.548053842632484,-3.762653523186452 -38.548493775065744,-3.7631901066816833 -38.54894790098164,-3.7637409621376783 -38.54943328865474,-3.7642518923098938 -38.549929141219415,-3.764798049903863 -38.550536106213634,-3.765504002421045 -38.551139168999505,-3.7661984887374147 -38.55175793600691,-3.7669177523636495 -38.55212746532336,-3.767413666805065 -38.55242480155575,-3.7679965124775334 -38.552657476238394,-3.768489537956715</coordinates>
                </LineString>
            </Placemark>
            <Placemark id="dt_mvw_sv_eixo_svb_l.fid--4079df0f_18eae1488d1_1c2f">
                <ExtendedData>
                    <SchemaData schemaUrl="#dt_mvw_sv_eixo_svb_l_1">
                        <SimpleData name="id">178</SimpleData>
                        <SimpleData name="idoriginal">143</SimpleData>
                        <SimpleData name="classifvia">Via Comercial</SimpleData>
                    </SchemaData>
                </ExtendedData>
                <LineString>
                    <coordinates>-38.524649891128234,-3.723725112677366 -38.5250026479247,-3.7235598149557636 -38.525775439015625,-3.7232432403175038 -38.526364876608156,-3.7230361148887985 -38.527093543617426,-3.7227941016077244 -38.52827240391327,-3.722405487473677 -38.52935438152966,-3.7220436242369788 -38.530182834756275,-3.721764368392233 -38.530250118786654,-3.721766735194823 -38.5303567815325,-3.7218602618675276</coordinates>
                </LineString>
            </Placemark>
            <Placemark id="dt_mvw_sv_eixo_svb_l.fid--4079df0f_18eae1488d1_1c30">
                <ExtendedData>
                    <SchemaData schemaUrl="#dt_mvw_sv_eixo_svb_l_1">
                        <SimpleData name="id">179</SimpleData>
                        <SimpleData name="idoriginal">144</SimpleData>
                        <SimpleData name="classifvia">Via Comercial</SimpleData>
                    </SchemaData>
                </ExtendedData>
                <LineString>
                    <coordinates>-38.52494501059031,-3.724314026542257 -38.524779983738306,-3.724220655722299 -38.524732424243176,-3.7242041518930655 -38.524561013779206,-3.724204883000629 -38.523880894076036,-3.724459778472027 -38.52377365884253,-3.724448670786744 -38.52303302826022,-3.724311985760893 -38.52254754857617,-3.724227683681279 -38.521864432717074,-3.724109493682165 -38.52106159492643,-3.7239566339178 -38.52090834904566,-3.723937081854852 -38.52076388347453,-3.7239556475859152 -38.51976288714657,-3.7241173884185157</coordinates>
                </LineString>
            </Placemark>
            <Placemark id="dt_mvw_sv_eixo_svb_l.fid--4079df0f_18eae1488d1_1c31">
                <ExtendedData>
                    <SchemaData schemaUrl="#dt_mvw_sv_eixo_svb_l_1">
                        <SimpleData name="id">180</SimpleData>
                        <SimpleData name="idoriginal">145</SimpleData>
                        <SimpleData name="classifvia">Via Comercial</SimpleData>
                    </SchemaData>
                </ExtendedData>
                <LineString>
                    <coordinates>-38.529046450916894,-3.72081278267844 -38.52904405771534,-3.7209503001783255 -38.52913145946464,-3.7212988056242216 -38.52935438152966,-3.7220436242369788 -38.529674002770776,-3.723106652485126 -38.52998432904566,-3.7241976456367087 -38.530269214163745,-3.7251371213797424 -38.53057679004056,-3.7261631169578666 -38.53098719811038,-3.727545249756865 -38.53134617954202,-3.728771456713456 -38.53177233542463,-3.7302098047727186 -38.53202527205593,-3.731061676846427</coordinates>
                </LineString>
            </Placemark>
            <Placemark id="dt_mvw_sv_eixo_svb_l.fid--4079df0f_18eae1488d1_1c32">
                <ExtendedData>
                    <SchemaData schemaUrl="#dt_mvw_sv_eixo_svb_l_1">
                        <SimpleData name="id">181</SimpleData>
                        <SimpleData name="idoriginal">146</SimpleData>
                        <SimpleData name="classifvia">Via Comercial</SimpleData>
                    </SchemaData>
                </ExtendedData>
                <LineString>
                    <coordinates>-38.525493029367,-3.7306842475864865 -38.52600588799321,-3.7305097131720957 -38.526302925162405,-3.730414309898193 -38.527198353361015,-3.730121705512849 -38.52797098713794,-3.729875491699092 -38.528538990681206,-3.7296858182340507 -38.52922225014931,-3.7294590783443047 -38.53029204741002,-3.7291123588875306 -38.53134617954202,-3.728771456713456 -38.53249359815449,-3.728403314518655 -38.533502014479225,-3.7280733577547323 -38.53457180407308,-3.727735955952914</coordinates>
                </LineString>
            </Placemark>
            <Placemark id="dt_mvw_sv_eixo_svb_l.fid--4079df0f_18eae1488d1_1c33">
                <ExtendedData>
                    <SchemaData schemaUrl="#dt_mvw_sv_eixo_svb_l_1">
                        <SimpleData name="id">182</SimpleData>
                        <SimpleData name="idoriginal">147</SimpleData>
                        <SimpleData name="classifvia">Via Comercial</SimpleData>
                    </SchemaData>
                </ExtendedData>
                <LineString>
                    <coordinates>-38.536222797229634,-3.7251938960292206 -38.53517389905885,-3.725519657247504</coordinates>
                </LineString>
            </Placemark>
            <Placemark id="dt_mvw_sv_eixo_svb_l.fid--4079df0f_18eae1488d1_1c34">
                <ExtendedData>
                    <SchemaData schemaUrl="#dt_mvw_sv_eixo_svb_l_1">
                        <SimpleData name="id">183</SimpleData>
                        <SimpleData name="idoriginal">148</SimpleData>
                        <SimpleData name="classifvia">Via Comercial</SimpleData>
                    </SchemaData>
                </ExtendedData>
                <LineString>
                    <coordinates>-38.527755994445116,-3.7270750202813447 -38.528402276063325,-3.72687375142627 -38.52950224269295,-3.7265084021573918 -38.53057679004056,-3.7261631169578666 -38.53164705741198,-3.7257998125788094</coordinates>
                </LineString>
            </Placemark>
            <Placemark id="dt_mvw_sv_eixo_svb_l.fid--4079df0f_18eae1488d1_1c35">
                <ExtendedData>
                    <SchemaData schemaUrl="#dt_mvw_sv_eixo_svb_l_1">
                        <SimpleData name="id">184</SimpleData>
                        <SimpleData name="idoriginal">149</SimpleData>
                        <SimpleData name="classifvia">Via Comercial</SimpleData>
                    </SchemaData>
                </ExtendedData>
                <LineString>
                    <coordinates>-38.525775439015625,-3.7232432403175038 -38.52611430979721,-3.724269702223934 -38.52627578388156,-3.724767870361466 -38.52644951642085,-3.7252947307055537 -38.52676876008651,-3.726278009869156 -38.52684953983134,-3.7265108079883724 -38.52703790544704,-3.7270536560487812 -38.52711898154095,-3.7272984364634496 -38.52744328753307,-3.728275227265632 -38.52746180183024,-3.7283638086245867 -38.5275521327868,-3.7286575413527645 -38.52797098713794,-3.729875491699092 -38.52844470623705,-3.73128701984697 -38.52871846192168,-3.7321229655253614</coordinates>
                </LineString>
            </Placemark>
            <Placemark id="dt_mvw_sv_eixo_svb_l.fid--4079df0f_18eae1488d1_1c36">
                <ExtendedData>
                    <SchemaData schemaUrl="#dt_mvw_sv_eixo_svb_l_1">
                        <SimpleData name="id">185</SimpleData>
                        <SimpleData name="idoriginal">667</SimpleData>
                        <SimpleData name="classifvia">Via Coletora</SimpleData>
                    </SchemaData>
                </ExtendedData>
                <LineString>
                    <coordinates>-38.476904892859544,-3.7343439677456933 -38.477006008375426,-3.734510992606025 -38.479245964776446,-3.738133796043246</coordinates>
                </LineString>
            </Placemark>
            <Placemark id="dt_mvw_sv_eixo_svb_l.fid--4079df0f_18eae1488d1_1c37">
                <ExtendedData>
                    <SchemaData schemaUrl="#dt_mvw_sv_eixo_svb_l_1">
                        <SimpleData name="id">186</SimpleData>
                        <SimpleData name="idoriginal">150</SimpleData>
                        <SimpleData name="classifvia">Via Comercial</SimpleData>
                    </SchemaData>
                </ExtendedData>
                <LineString>
                    <coordinates>-38.5250554550106,-3.7245993916062505 -38.52553756967624,-3.7244602524606867 -38.52611430979721,-3.724269702223934 -38.5267030657845,-3.7240805071922054 -38.52742709077394,-3.7238431528880542 -38.528592023882766,-3.7234685159580123 -38.529674002770776,-3.723106652485126 -38.530653304748704,-3.7227598830849846 -38.53124998831948,-3.72256530182788 -38.531795032484126,-3.722387559972955 -38.532806365121594,-3.7220579116527075 -38.5329567223414,-3.722008892080877 -38.534012861217455,-3.7216643825100486 -38.53508910049594,-3.721308970306401 -38.53609345311079,-3.720968892584547</coordinates>
                </LineString>
            </Placemark>
            <Placemark id="dt_mvw_sv_eixo_svb_l.fid--4079df0f_18eae1488d1_1c38">
                <ExtendedData>
                    <SchemaData schemaUrl="#dt_mvw_sv_eixo_svb_l_1">
                        <SimpleData name="id">187</SimpleData>
                        <SimpleData name="idoriginal">152</SimpleData>
                        <SimpleData name="classifvia">Via Comercial</SimpleData>
                    </SchemaData>
                </ExtendedData>
                <LineString>
                    <coordinates>-38.525901263019435,-3.7265810504413945 -38.52634679142909,-3.7264368997444643 -38.52676876008651,-3.726278009869156 -38.52681653142335,-3.726285848681814 -38.527358604184435,-3.7260946939844715 -38.52807950456388,-3.7258588493632985 -38.52919651732261,-3.725491997784869 -38.530269214163745,-3.7251371213797424 -38.53132044422118,-3.7247903899881547 -38.53241576457351,-3.724429695746208 -38.53348746597204,-3.724072638712696</coordinates>
                </LineString>
            </Placemark>
            <Placemark id="dt_mvw_sv_eixo_svb_l.fid--4079df0f_18eae1488d1_1c39">
                <ExtendedData>
                    <SchemaData schemaUrl="#dt_mvw_sv_eixo_svb_l_1">
                        <SimpleData name="id">188</SimpleData>
                        <SimpleData name="idoriginal">153</SimpleData>
                        <SimpleData name="classifvia">Via Comercial</SimpleData>
                    </SchemaData>
                </ExtendedData>
                <LineString>
                    <coordinates>-38.527198353361015,-3.730121705512849 -38.52719474343647,-3.7300469592391163 -38.52716449399074,-3.7289673322729326</coordinates>
                </LineString>
            </Placemark>
            <Placemark id="dt_mvw_sv_eixo_svb_l.fid--4079df0f_18eae1488d1_1c3a">
                <ExtendedData>
                    <SchemaData schemaUrl="#dt_mvw_sv_eixo_svb_l_1">
                        <SimpleData name="id">189</SimpleData>
                        <SimpleData name="idoriginal">154</SimpleData>
                        <SimpleData name="classifvia">Via Comercial</SimpleData>
                    </SchemaData>
                </ExtendedData>
                <LineString>
                    <coordinates>-38.526364876608156,-3.7230361148887985 -38.5267030657845,-3.7240805071922054 -38.527041591594326,-3.7251128958382114 -38.527358604184435,-3.7260946939844715 -38.527504022105916,-3.72655447185748 -38.527600804339784,-3.726867950181821 -38.52770208973703,-3.727117039248087 -38.52798994845032,-3.7280933171811568 -38.528125322549336,-3.7284690530295306 -38.528538990681206,-3.7296858182340507 -38.52899552864528,-3.731109350119288 -38.52926413824985,-3.7319523858696035</coordinates>
                </LineString>
            </Placemark>
            <Placemark id="dt_mvw_sv_eixo_svb_l.fid--4079df0f_18eae1488d1_1c3b">
                <ExtendedData>
                    <SchemaData schemaUrl="#dt_mvw_sv_eixo_svb_l_1">
                        <SimpleData name="id">190</SimpleData>
                        <SimpleData name="idoriginal">155</SimpleData>
                        <SimpleData name="classifvia">Via Comercial</SimpleData>
                    </SchemaData>
                </ExtendedData>
                <LineString>
                    <coordinates>-38.526008887966896,-3.7254282950663975 -38.52644951642085,-3.7252947307055537 -38.527041591594326,-3.7251128958382114 -38.52776334540361,-3.7248839154509077 -38.52891164571175,-3.724529213572345 -38.52998432904566,-3.7241976456367087 -38.53101930559844,-3.7238718832176745 -38.532144781119825,-3.723522859419902 -38.533220604821906,-3.72318937356218</coordinates>
                </LineString>
            </Placemark>
            <Placemark id="dt_mvw_sv_eixo_svb_l.fid--4079df0f_18eae1488d1_1c3c">
                <ExtendedData>
                    <SchemaData schemaUrl="#dt_mvw_sv_eixo_svb_l_1">
                        <SimpleData name="id">191</SimpleData>
                        <SimpleData name="idoriginal">156</SimpleData>
                        <SimpleData name="classifvia">Via Comercial</SimpleData>
                    </SchemaData>
                </ExtendedData>
                <LineString>
                    <coordinates>-38.53421744883183,-3.7265283988601774 -38.53313987519398,-3.726883005533225 -38.532104404942075,-3.7272153099321605</coordinates>
                </LineString>
            </Placemark>
            <Placemark id="dt_mvw_sv_eixo_svb_l.fid--4079df0f_18eae1488d1_1c3d">
                <ExtendedData>
                    <SchemaData schemaUrl="#dt_mvw_sv_eixo_svb_l_1">
                        <SimpleData name="id">192</SimpleData>
                        <SimpleData name="idoriginal">157</SimpleData>
                        <SimpleData name="classifvia">Via Comercial</SimpleData>
                    </SchemaData>
                </ExtendedData>
                <LineString>
                    <coordinates>-38.526302925162405,-3.730414309898193 -38.52674682417658,-3.7317802830478293 -38.52674553908392,-3.731844364989421 -38.526791780950724,-3.731914755209874 -38.527003223908174,-3.732585732494734 -38.527004457431175,-3.7326800259399042</coordinates>
                </LineString>
            </Placemark>
            <Placemark id="dt_mvw_sv_eixo_svb_l.fid--4079df0f_18eae1488d1_1c3e">
                <ExtendedData>
                    <SchemaData schemaUrl="#dt_mvw_sv_eixo_svb_l_1">
                        <SimpleData name="id">193</SimpleData>
                        <SimpleData name="idoriginal">158</SimpleData>
                        <SimpleData name="classifvia">Via Comercial</SimpleData>
                    </SchemaData>
                </ExtendedData>
                <LineString>
                    <coordinates>-38.52589138380291,-3.7276986758994735 -38.52642279590402,-3.727535805153393 -38.526657178012854,-3.727456683575448 -38.52711898154095,-3.7272984364634496</coordinates>
                </LineString>
            </Placemark>
            <Placemark id="dt_mvw_sv_eixo_svb_l.fid--4079df0f_18eae1488d1_1c3f">
                <ExtendedData>
                    <SchemaData schemaUrl="#dt_mvw_sv_eixo_svb_l_1">
                        <SimpleData name="id">194</SimpleData>
                        <SimpleData name="idoriginal">159</SimpleData>
                        <SimpleData name="classifvia">Via Comercial</SimpleData>
                    </SchemaData>
                </ExtendedData>
                <LineString>
                    <coordinates>-38.53381116120128,-3.7209857781123574 -38.534012861217455,-3.7216643825100486 -38.534360924759575,-3.7228294503594803 -38.53462496701396,-3.7237036509968524 -38.53493301623391,-3.7247247171150755 -38.53517389905885,-3.725519657247504 -38.535359173367304,-3.726170056537266 -38.535713539918845,-3.7273589667321407 -38.53614310906266,-3.7288094247603447 -38.53639156791586,-3.7296481273750874</coordinates>
                </LineString>
            </Placemark>
            <Placemark id="dt_mvw_sv_eixo_svb_l.fid--4079df0f_18eae1488d1_1c40">
                <ExtendedData>
                    <SchemaData schemaUrl="#dt_mvw_sv_eixo_svb_l_1">
                        <SimpleData name="id">195</SimpleData>
                        <SimpleData name="idoriginal">160</SimpleData>
                        <SimpleData name="classifvia">Via Arterial I</SimpleData>
                    </SchemaData>
                </ExtendedData>
                <LineString>
                    <coordinates>-38.57887253278474,-3.755908237792898 -38.57892661040763,-3.755891675707694 -38.57901225411667,-3.7558208383289418 -38.582707842491935,-3.753128340903461</coordinates>
                </LineString>
            </Placemark>
            <Placemark id="dt_mvw_sv_eixo_svb_l.fid--4079df0f_18eae1488d1_1c41">
                <ExtendedData>
                    <SchemaData schemaUrl="#dt_mvw_sv_eixo_svb_l_1">
                        <SimpleData name="id">196</SimpleData>
                        <SimpleData name="idoriginal">161</SimpleData>
                        <SimpleData name="classifvia">Via Coletora</SimpleData>
                    </SchemaData>
                </ExtendedData>
                <LineString>
                    <coordinates>-38.591386169470766,-3.7493986660771 -38.59129118490853,-3.749435507664101 -38.58593131174791,-3.7522656579834783 -38.585698618909795,-3.7525677649974587</coordinates>
                </LineString>
            </Placemark>
            <Placemark id="dt_mvw_sv_eixo_svb_l.fid--4079df0f_18eae1488d1_1c42">
                <ExtendedData>
                    <SchemaData schemaUrl="#dt_mvw_sv_eixo_svb_l_1">
                        <SimpleData name="id">197</SimpleData>
                        <SimpleData name="idoriginal">162</SimpleData>
                        <SimpleData name="classifvia">Via Coletora</SimpleData>
                    </SchemaData>
                </ExtendedData>
                <LineString>
                    <coordinates>-38.585698618909795,-3.7525677649974587 -38.5854583306694,-3.7528074888776843 -38.58293926140272,-3.7541765106449287</coordinates>
                </LineString>
            </Placemark>
            <Placemark id="dt_mvw_sv_eixo_svb_l.fid--4079df0f_18eae1488d1_1c43">
                <ExtendedData>
                    <SchemaData schemaUrl="#dt_mvw_sv_eixo_svb_l_1">
                        <SimpleData name="id">198</SimpleData>
                        <SimpleData name="idoriginal">163</SimpleData>
                        <SimpleData name="classifvia">Via Coletora</SimpleData>
                    </SchemaData>
                </ExtendedData>
                <LineString>
                    <coordinates>-38.554352700963236,-3.774933548485403 -38.55498602773425,-3.774714374762245 -38.55508113195221,-3.7746916225164755 -38.55515778003862,-3.7746802610917167 -38.55524719652025,-3.7746788820187183 -38.555329517111616,-3.774676074315338 -38.555423182722365,-3.7746917981052213 -38.555869817611374,-3.7747360566626953 -38.55596063669492,-3.7747383831817656 -38.55606961534415,-3.7747498374392414 -38.55616043906174,-3.7747430450222463 -38.55639203152032,-3.7747408836690477 -38.55689383003015,-3.7747069442782695 -38.55896339949238,-3.7745598028525036</coordinates>
                </LineString>
            </Placemark>
            <Placemark id="dt_mvw_sv_eixo_svb_l.fid--4079df0f_18eae1488d1_1c44">
                <ExtendedData>
                    <SchemaData schemaUrl="#dt_mvw_sv_eixo_svb_l_1">
                        <SimpleData name="id">199</SimpleData>
                        <SimpleData name="idoriginal">164</SimpleData>
                        <SimpleData name="classifvia">Via Comercial</SimpleData>
                    </SchemaData>
                </ExtendedData>
                <LineString>
                    <coordinates>-38.527600804339784,-3.726867950181821 -38.527131954476836,-3.7270233157649195 -38.52703790544704,-3.7270536560487812</coordinates>
                </LineString>
            </Placemark>
            <Placemark id="dt_mvw_sv_eixo_svb_l.fid--4079df0f_18eae1488d1_1c45">
                <ExtendedData>
                    <SchemaData schemaUrl="#dt_mvw_sv_eixo_svb_l_1">
                        <SimpleData name="id">200</SimpleData>
                        <SimpleData name="idoriginal">165</SimpleData>
                        <SimpleData name="classifvia">Via Comercial</SimpleData>
                    </SchemaData>
                </ExtendedData>
                <LineString>
                    <coordinates>-38.52798994845032,-3.7280933171811568 -38.52752646958357,-3.7282475471478094 -38.52744328753307,-3.728275227265632</coordinates>
                </LineString>
            </Placemark>
            <Placemark id="dt_mvw_sv_eixo_svb_l.fid--4079df0f_18eae1488d1_1c46">
                <ExtendedData>
                    <SchemaData schemaUrl="#dt_mvw_sv_eixo_svb_l_1">
                        <SimpleData name="id">201</SimpleData>
                        <SimpleData name="idoriginal">166</SimpleData>
                        <SimpleData name="classifvia">Via Comercial</SimpleData>
                    </SchemaData>
                </ExtendedData>
                <LineString>
                    <coordinates>-38.52482385841635,-3.732456477372224 -38.523634984391194,-3.732840436788017 -38.52270103006552,-3.7331399373238896</coordinates>
                </LineString>
            </Placemark>
            <Placemark id="dt_mvw_sv_eixo_svb_l.fid--4079df0f_18eae1488d1_1c47">
                <ExtendedData>
                    <SchemaData schemaUrl="#dt_mvw_sv_eixo_svb_l_1">
                        <SimpleData name="id">202</SimpleData>
                        <SimpleData name="idoriginal">167</SimpleData>
                        <SimpleData name="classifvia">Via Comercial</SimpleData>
                    </SchemaData>
                </ExtendedData>
                <LineString>
                    <coordinates>-38.535306634210286,-3.724596719373952 -38.53500322372244,-3.723577986620311</coordinates>
                </LineString>
            </Placemark>
            <Placemark id="dt_mvw_sv_eixo_svb_l.fid--4079df0f_18eae1488d1_1c48">
                <ExtendedData>
                    <SchemaData schemaUrl="#dt_mvw_sv_eixo_svb_l_1">
                        <SimpleData name="id">203</SimpleData>
                        <SimpleData name="idoriginal">168</SimpleData>
                        <SimpleData name="classifvia">Via Comercial</SimpleData>
                    </SchemaData>
                </ExtendedData>
                <LineString>
                    <coordinates>-38.52076388347453,-3.7239556475859152 -38.52086214025532,-3.7242523066171715 -38.52131904034422,-3.7256218842093802 -38.52177754362824,-3.727062318319572 -38.522229508303155,-3.728463201381228 -38.522625791173105,-3.7297025688432472 -38.52292671024494,-3.730651814283552 -38.523634984391194,-3.732840436788017 -38.52389078226493,-3.733675298562774</coordinates>
                </LineString>
            </Placemark>
            <Placemark id="dt_mvw_sv_eixo_svb_l.fid--4079df0f_18eae1488d1_1c49">
                <ExtendedData>
                    <SchemaData schemaUrl="#dt_mvw_sv_eixo_svb_l_1">
                        <SimpleData name="id">204</SimpleData>
                        <SimpleData name="idoriginal">169</SimpleData>
                        <SimpleData name="classifvia">Via Comercial</SimpleData>
                    </SchemaData>
                </ExtendedData>
                <LineString>
                    <coordinates>-38.53465275968905,-3.7277092253180966 -38.535713539918845,-3.7273589667321407 -38.536768501744724,-3.7270214476773518 -38.53785101893131,-3.726669199731158</coordinates>
                </LineString>
            </Placemark>
            <Placemark id="dt_mvw_sv_eixo_svb_l.fid--4079df0f_18eae1488d1_1c4a">
                <ExtendedData>
                    <SchemaData schemaUrl="#dt_mvw_sv_eixo_svb_l_1">
                        <SimpleData name="id">205</SimpleData>
                        <SimpleData name="idoriginal">170</SimpleData>
                        <SimpleData name="classifvia">Via Comercial</SimpleData>
                    </SchemaData>
                </ExtendedData>
                <LineString>
                    <coordinates>-38.52461707454168,-3.7251911268742273 -38.524485561335474,-3.7263182871119516 -38.52439059704478,-3.7270781516245854 -38.5242637395971,-3.7279699646049 -38.5241656795083,-3.728769747277521 -38.524105597994705,-3.729222213248019 -38.52404361068601,-3.7296924360505477 -38.523916466218914,-3.730633215232671</coordinates>
                </LineString>
            </Placemark>
            <Placemark id="dt_mvw_sv_eixo_svb_l.fid--4079df0f_18eae1488d1_1c4b">
                <ExtendedData>
                    <SchemaData schemaUrl="#dt_mvw_sv_eixo_svb_l_1">
                        <SimpleData name="id">206</SimpleData>
                        <SimpleData name="idoriginal">171</SimpleData>
                        <SimpleData name="classifvia">Via Comercial</SimpleData>
                    </SchemaData>
                </ExtendedData>
                <LineString>
                    <coordinates>-38.52796735826408,-3.7212061134273724 -38.52795802667989,-3.7213016722986834 -38.5279649512394,-3.721369269985025 -38.5280506391075,-3.721667661797241 -38.52827240391327,-3.722405487473677 -38.528592023882766,-3.7234685159580123 -38.52891164571175,-3.724529213572345 -38.52919651732261,-3.725491997784869 -38.52950224269295,-3.7265084021573918 -38.52992146766435,-3.7278838146338495 -38.53029204741002,-3.7291123588875306 -38.53072574289291,-3.7305495458754616 -38.53097811328351,-3.731394712836292</coordinates>
                </LineString>
            </Placemark>
            <Placemark id="dt_mvw_sv_eixo_svb_l.fid--4079df0f_18eae1488d1_1c4c">
                <ExtendedData>
                    <SchemaData schemaUrl="#dt_mvw_sv_eixo_svb_l_1">
                        <SimpleData name="id">207</SimpleData>
                        <SimpleData name="idoriginal">172</SimpleData>
                        <SimpleData name="classifvia">Via Comercial</SimpleData>
                    </SchemaData>
                </ExtendedData>
                <LineString>
                    <coordinates>-38.52576551880915,-3.728770787519459 -38.52628964274131,-3.7288236902631473 -38.52632296861305,-3.728834869767001 -38.52667419049907,-3.728861570971903 -38.52716449399074,-3.7289673322729326 -38.5275521327868,-3.7286575413527645</coordinates>
                </LineString>
            </Placemark>
            <Placemark id="dt_mvw_sv_eixo_svb_l.fid--4079df0f_18eae1488d1_1c4d">
                <ExtendedData>
                    <SchemaData schemaUrl="#dt_mvw_sv_eixo_svb_l_1">
                        <SimpleData name="id">208</SimpleData>
                        <SimpleData name="idoriginal">173</SimpleData>
                        <SimpleData name="classifvia">Via Comercial</SimpleData>
                    </SchemaData>
                </ExtendedData>
                <LineString>
                    <coordinates>-38.52557566363558,-3.7258571531848377 -38.5246695935588,-3.726345526670157 -38.52457166040092,-3.726345473618664 -38.524485561335474,-3.7263182871119516 -38.52425593955984,-3.7262910228028066 -38.52403248953358,-3.726299948256235 -38.523651101158066,-3.726423987846579</coordinates>
                </LineString>
            </Placemark>
            <Placemark id="dt_mvw_sv_eixo_svb_l.fid--4079df0f_18eae1488d1_1c4e">
                <ExtendedData>
                    <SchemaData schemaUrl="#dt_mvw_sv_eixo_svb_l_1">
                        <SimpleData name="id">209</SimpleData>
                        <SimpleData name="idoriginal">174</SimpleData>
                        <SimpleData name="classifvia">Via Comercial</SimpleData>
                    </SchemaData>
                </ExtendedData>
                <LineString>
                    <coordinates>-38.52573756026646,-3.7289875391523095 -38.525175406286934,-3.7289096502607144 -38.5241656795083,-3.728769747277521</coordinates>
                </LineString>
            </Placemark>
            <Placemark id="dt_mvw_sv_eixo_svb_l.fid--4079df0f_18eae1488d1_1c4f">
                <ExtendedData>
                    <SchemaData schemaUrl="#dt_mvw_sv_eixo_svb_l_1">
                        <SimpleData name="id">210</SimpleData>
                        <SimpleData name="idoriginal">175</SimpleData>
                        <SimpleData name="classifvia">Via Comercial</SimpleData>
                    </SchemaData>
                </ExtendedData>
                <LineString>
                    <coordinates>-38.52482385841635,-3.732456477372224 -38.52549192043399,-3.7322412693498523 -38.52674553908392,-3.731844364989421 -38.527671246953375,-3.7315350100551417 -38.52844470623705,-3.73128701984697 -38.52899552864528,-3.731109350119288 -38.52967392737693,-3.7308927790616524 -38.53072574289291,-3.7305495458754616 -38.53177233542463,-3.7302098047727186 -38.53295351756174,-3.729835171610105 -38.53393977113538,-3.7295187038376594 -38.534996367267894,-3.7291812631351244</coordinates>
                </LineString>
            </Placemark>
            <Placemark id="dt_mvw_sv_eixo_svb_l.fid--4079df0f_18eae1488d1_1c50">
                <ExtendedData>
                    <SchemaData schemaUrl="#dt_mvw_sv_eixo_svb_l_1">
                        <SimpleData name="id">211</SimpleData>
                        <SimpleData name="idoriginal">176</SimpleData>
                        <SimpleData name="classifvia">Via Paisagística</SimpleData>
                    </SchemaData>
                </ExtendedData>
                <LineString>
                    <coordinates>-38.588103238864186,-3.6997760422165165 -38.58778495623229,-3.699561460029445 -38.5876322168383,-3.6994399083776575 -38.58748266840985,-3.699302373840672 -38.58738723175972,-3.6991712583959466 -38.5873108839669,-3.699062529498815 -38.58724726964512,-3.6989538071041306 -38.587193232695654,-3.6987843484166696 -38.58641333079953,-3.6964342770366554 -38.58640064181187,-3.6963383655588467 -38.586384770639945,-3.696242452593162 -38.58638482543425,-3.6961241688692508 -38.58638170114981,-3.695996293722194 -38.58639453606585,-3.695775716573024 -38.586493697438854,-3.694849359850856 -38.58650653819857,-3.6946159955476294 -38.58650340862577,-3.694500907537387</coordinates>
                </LineString>
            </Placemark>
            <Placemark id="dt_mvw_sv_eixo_svb_l.fid--4079df0f_18eae1488d1_1c51">
                <ExtendedData>
                    <SchemaData schemaUrl="#dt_mvw_sv_eixo_svb_l_1">
                        <SimpleData name="id">212</SimpleData>
                        <SimpleData name="idoriginal">177</SimpleData>
                        <SimpleData name="classifvia">Via Paisagística</SimpleData>
                    </SchemaData>
                </ExtendedData>
                <LineString>
                    <coordinates>-38.486692433419684,-3.7436353585583215 -38.48654572248247,-3.7436144401572653 -38.486458276066806,-3.7436233167593445 -38.48605211422678,-3.743759976058466 -38.484117080691426,-3.744387227461523 -38.48400795510244,-3.744465730670575 -38.48393438546243,-3.744568062724802 -38.483693582041894,-3.745433620788268</coordinates>
                </LineString>
            </Placemark>
            <Placemark id="dt_mvw_sv_eixo_svb_l.fid--4079df0f_18eae1488d1_1c52">
                <ExtendedData>
                    <SchemaData schemaUrl="#dt_mvw_sv_eixo_svb_l_1">
                        <SimpleData name="id">213</SimpleData>
                        <SimpleData name="idoriginal">178</SimpleData>
                        <SimpleData name="classifvia">Via Paisagística</SimpleData>
                    </SchemaData>
                </ExtendedData>
                <LineString>
                    <coordinates>-38.48667853797629,-3.7436301035789743 -38.48713034226457,-3.743806818817393 -38.48734996858662,-3.7438951724353258 -38.488181446533964,-3.744166636842084</coordinates>
                </LineString>
            </Placemark>
            <Placemark id="dt_mvw_sv_eixo_svb_l.fid--4079df0f_18eae1488d1_1c53">
                <ExtendedData>
                    <SchemaData schemaUrl="#dt_mvw_sv_eixo_svb_l_1">
                        <SimpleData name="id">214</SimpleData>
                        <SimpleData name="idoriginal">179</SimpleData>
                        <SimpleData name="classifvia">Via Coletora</SimpleData>
                    </SchemaData>
                </ExtendedData>
                <LineString>
                    <coordinates>-38.48373327635402,-3.745341098973338 -38.481960369452324,-3.7459094837631226 -38.47995120667155,-3.7465625099592867</coordinates>
                </LineString>
            </Placemark>
            <Placemark id="dt_mvw_sv_eixo_svb_l.fid--4079df0f_18eae1488d1_1c54">
                <ExtendedData>
                    <SchemaData schemaUrl="#dt_mvw_sv_eixo_svb_l_1">
                        <SimpleData name="id">215</SimpleData>
                        <SimpleData name="idoriginal">180</SimpleData>
                        <SimpleData name="classifvia">Via Paisagística</SimpleData>
                    </SchemaData>
                </ExtendedData>
                <LineString>
                    <coordinates>-38.58650340862577,-3.694500907537387 -38.586341075935515,-3.6944752568323893 -38.58619783115824,-3.6944751898728976 -38.583980075216445,-3.6943909947708304 -38.58348350307381,-3.694368383033892 -38.58330205657252,-3.6943746914803843 -38.58313652779142,-3.694377810180275 -38.58299645996376,-3.694390531901411 -38.58284365942057,-3.6944032470371417 -38.582594212101775,-3.6944543869774 -38.582466872495736,-3.6944767051089777 -38.58213241300825,-3.6945634941266827 -38.58184329442886,-3.6946660140591634 -38.58165994191378,-3.6947508841766457 -38.581423686044765,-3.6948888271311264 -38.58122270200381,-3.6949843086360046 -38.58102877457866,-3.6950656336610748 -38.58087714439147,-3.6951611378226765 -38.58078193141191,-3.6952283503859555 -38.580626762388405,-3.6953521723599527 -38.5804504563266,-3.695444125420367 -38.580344657804616,-3.6955325713215266 -38.58024590665453,-3.6956245611134824 -38.580013591157325,-3.695772870263438 -38.57893369343734,-3.696551485452108 -38.578731258330016,-3.6966022018738953 -38.57816891181788,-3.696793893147075 -38.577735285454345,-3.697048323674113 -38.57702649774181,-3.697776301071372 -38.57587921072049,-3.698596115347528 -38.57443833269687,-3.699610557420211 -38.57374622697304,-3.700058619823036 -38.57331638226847,-3.7002821917947983 -38.57301390002673,-3.7004386911539955 -38.57282923217782,-3.700521720152778 -38.57051317522357,-3.7015400173604003 -38.57003528197566,-3.701766242848092 -38.56883410383554,-3.702379947235175 -38.568229159600975,-3.702754106057244 -38.56786953534842,-3.7029770801689 -38.56737383248052,-3.7032609600754305 -38.56698925528129,-3.7034563417075037 -38.56628386535352,-3.7037702024085415 -38.563032350743995,-3.70507340438075 -38.56277669079502,-3.7051655313046963 -38.56256098497161,-3.705229600935839 -38.56193283704732,-3.705494099718767 -38.56175153907593,-3.705494009701401 -38.56152149605379,-3.7054737838082614 -38.56109556610547,-3.70546301151475 -38.560623705068075,-3.705565863577891 -38.55999756482937,-3.7055778715075385 -38.55978188190767,-3.7055938083429347 -38.559614121625394,-3.7056218016433533 -38.55943437636995,-3.7056538001685233 -38.55930655710633,-3.7056778026685784 -38.55905888890119,-3.7057619105180755 -38.55889910618997,-3.7058099627448935 -38.55877127099949,-3.705866053398766 -38.55854693071866,-3.7059545761332453 -38.557881424058564,-3.7061507763564996 -38.5572982265859,-3.7064880110970306 -38.556202043425195,-3.7070952273653917 -38.554928039410186,-3.7076807193244483 -38.55392295891129,-3.7081517699068307 -38.55330040210221,-3.7085508684262445 -38.55252543353982,-3.7088736621026968 -38.5522525609509,-3.7090330214028095 -38.55186473536968,-3.7092867235633102 -38.55146403366439,-3.709574308938757 -38.551256766418,-3.7097371685768725 -38.55091824895595,-3.7099658409294123 -38.55050984340283,-3.7102645250986965 -38.55005736934394,-3.710503540888396 -38.54882647971342,-3.711114194281692 -38.54789971045588,-3.7116173562208434 -38.54755606094323,-3.7118216638753516 -38.547164373707034,-3.712061921235553 -38.547041334728384,-3.712128021190891 -38.546919533516885,-3.7121992814648865 -38.546709767994045,-3.7123146480854476 -38.545907968552136,-3.7126674524371235 -38.54535541060314,-3.7130554432130545 -38.54520648770083,-3.7132489562354047 -38.54511839112721,-3.7135511826480703 -38.54461772849882,-3.713693569647916 -38.54407487854117,-3.713979213899533 -38.54354095164383,-3.7148947372568695</coordinates>
                </LineString>
            </Placemark>
            <Placemark id="dt_mvw_sv_eixo_svb_l.fid--4079df0f_18eae1488d1_1c55">
                <ExtendedData>
                    <SchemaData schemaUrl="#dt_mvw_sv_eixo_svb_l_1">
                        <SimpleData name="id">216</SimpleData>
                        <SimpleData name="idoriginal">181</SimpleData>
                        <SimpleData name="classifvia">Via Comercial</SimpleData>
                    </SchemaData>
                </ExtendedData>
                <LineString>
                    <coordinates>-38.522535493583106,-3.7268122642793453 -38.52206714380379,-3.7253784162862438</coordinates>
                </LineString>
            </Placemark>
            <Placemark id="dt_mvw_sv_eixo_svb_l.fid--4079df0f_18eae1488d1_1c56">
                <ExtendedData>
                    <SchemaData schemaUrl="#dt_mvw_sv_eixo_svb_l_1">
                        <SimpleData name="id">219</SimpleData>
                        <SimpleData name="idoriginal">504</SimpleData>
                        <SimpleData name="classifvia">Via Coletora</SimpleData>
                    </SchemaData>
                </ExtendedData>
                <LineString>
                    <coordinates>-38.584193346812164,-3.8233164041606322 -38.58558859525321,-3.824432703668718 -38.58775143025805,-3.8261898341071605 -38.58783123339524,-3.8262315460746184 -38.587930183972794,-3.8262925019920053 -38.588009988660716,-3.8263310084768323</coordinates>
                </LineString>
            </Placemark>
            <Placemark id="dt_mvw_sv_eixo_svb_l.fid--4079df0f_18eae1488d1_1c57">
                <ExtendedData>
                    <SchemaData schemaUrl="#dt_mvw_sv_eixo_svb_l_1">
                        <SimpleData name="id">220</SimpleData>
                        <SimpleData name="idoriginal">184</SimpleData>
                        <SimpleData name="classifvia">Via Comercial</SimpleData>
                    </SchemaData>
                </ExtendedData>
                <LineString>
                    <coordinates>-38.52668404292901,-3.721685573301056 -38.52675593368342,-3.7217508751531496 -38.526861912163206,-3.7220690899824733 -38.527093543617426,-3.7227941016077244 -38.52742709077394,-3.7238431528880542 -38.52776334540361,-3.7248839154509077 -38.52807950456388,-3.7258588493632985 -38.528402276063325,-3.72687375142627 -38.528570493035886,-3.7273986637854373 -38.52884006590826,-3.7282398508896732 -38.52922225014931,-3.7294590783443047 -38.52967392737693,-3.7308927790616524 -38.52993667548036,-3.7317300217935</coordinates>
                </LineString>
            </Placemark>
            <Placemark id="dt_mvw_sv_eixo_svb_l.fid--4079df0f_18eae1488d1_1c58">
                <ExtendedData>
                    <SchemaData schemaUrl="#dt_mvw_sv_eixo_svb_l_1">
                        <SimpleData name="id">221</SimpleData>
                        <SimpleData name="idoriginal">303</SimpleData>
                        <SimpleData name="classifvia">Via Coletora</SimpleData>
                    </SchemaData>
                </ExtendedData>
                <LineString>
                    <coordinates>-38.4859851596379,-3.839848276390185 -38.48569810036886,-3.8401398519754917 -38.48302682577426,-3.84286142249581 -38.482942473176145,-3.842947442303165 -38.48232217652348,-3.8434856781189257 -38.48190457344351,-3.8440060836962626 -38.48123052590586,-3.844705869610228 -38.48040159299464,-3.8452260232934616</coordinates>
                </LineString>
            </Placemark>
            <Placemark id="dt_mvw_sv_eixo_svb_l.fid--4079df0f_18eae1488d1_1c59">
                <ExtendedData>
                    <SchemaData schemaUrl="#dt_mvw_sv_eixo_svb_l_1">
                        <SimpleData name="id">222</SimpleData>
                        <SimpleData name="idoriginal">271</SimpleData>
                        <SimpleData name="classifvia">Via Coletora</SimpleData>
                    </SchemaData>
                </ExtendedData>
                <LineString>
                    <coordinates>-38.5423629151745,-3.7585708921905425 -38.542372608111506,-3.7584892377654593 -38.542390029547924,-3.7584623559501393 -38.542408785924685,-3.7584448869007123 -38.54242888139118,-3.7584274185549678 -38.54244629581812,-3.758413981976927 -38.54420553802193,-3.7569872343761053 -38.54433498146587,-3.756887752765894 -38.545543326403575,-3.7558972447813628 -38.545668607432106,-3.7557927478958146 -38.546851134009884,-3.7547832151099856 -38.549399314583084,-3.752458589147567 -38.549534339183275,-3.752331118924402 -38.550355915808055,-3.7516069583680625 -38.55091452191312,-3.7511236559998795 -38.551675441688275,-3.750397623166599 -38.55390328335714,-3.748374079640032 -38.55660733477249,-3.745922498234776</coordinates>
                </LineString>
            </Placemark>
            <Placemark id="dt_mvw_sv_eixo_svb_l.fid--4079df0f_18eae1488d1_1c5a">
                <ExtendedData>
                    <SchemaData schemaUrl="#dt_mvw_sv_eixo_svb_l_1">
                        <SimpleData name="id">223</SimpleData>
                        <SimpleData name="idoriginal">185</SimpleData>
                        <SimpleData name="classifvia">Via Paisagística</SimpleData>
                    </SchemaData>
                </ExtendedData>
                <LineString>
                    <coordinates>-38.47643814400162,-3.7471800414642358 -38.476683820559415,-3.747954239224938 -38.4778091395561,-3.7514999176893653 -38.47781144085651,-3.7517300005982377 -38.47779056715518,-3.7518385660815574 -38.47773639620889,-3.751929911126581 -38.47767728597928,-3.7520533587475775 -38.477522219712036,-3.7522137935054727 -38.47728519771761,-3.752354918405409 -38.47630140323707,-3.7526019735622382 -38.47345949871418,-3.7536515842374683 -38.47122945919128,-3.754292905349403 -38.472488959507366,-3.7582135640693424 -38.47245665137381,-3.7583483715431134 -38.472362588809965,-3.758458873143345 -38.47092299061377,-3.758980646533151 -38.47082191341659,-3.75929079568882 -38.47082989178053,-3.759580035018705 -38.47135983801918,-3.760261143964715 -38.47145057526173,-3.7604556784864673 -38.47145473274149,-3.7606268371329907 -38.47138217109579,-3.7608649605118103 -38.4713097397588,-3.7609790906791685 -38.47117530689003,-3.7610568552857044 -38.47106415082968,-3.761103495610667 -38.46688163437264,-3.762485311772897 -38.46673307017342,-3.7626366665287554 -38.46647009823961,-3.7628062622546645 -38.46640624918681,-3.762830233291906 -38.46606113097207,-3.7627671471373434 -38.465795379787934,-3.762792155393543 -38.46551961340642,-3.762797020606893 -38.465319067969425,-3.76278179408962 -38.4651335661458,-3.7627615425856633 -38.46462217538588,-3.762720952994561 -38.46447176251078,-3.76271582612704 -38.46430128108178,-3.7627308236605197 -38.46414080932495,-3.7627760342103542 -38.46401041820334,-3.7628262969172233 -38.463895052876914,-3.762901740988576 -38.46376462411904,-3.763012416260888 -38.463684350056404,-3.763097950346918 -38.46352377349647,-3.7633143279426524 -38.46346287627776,-3.7634122007545723 -38.46340766224726,-3.7635128534347375 -38.4633725038124,-3.763613519057512 -38.46334235227485,-3.7637242556044987 -38.46334225058666,-3.763890389137039 -38.46333202280059,-3.764217615247972 -38.463321908360264,-3.764358570478846 -38.46329174203296,-3.764494479122265 -38.46327663233006,-3.7646052255141367 -38.46321639211173,-3.764726012413609 -38.46284958041429,-3.7654528904257765 -38.46185812592571,-3.765824655626547</coordinates>
                </LineString>
            </Placemark>
            <Placemark id="dt_mvw_sv_eixo_svb_l.fid--4079df0f_18eae1488d1_1c5b">
                <ExtendedData>
                    <SchemaData schemaUrl="#dt_mvw_sv_eixo_svb_l_1">
                        <SimpleData name="id">224</SimpleData>
                        <SimpleData name="idoriginal">186</SimpleData>
                        <SimpleData name="classifvia">Via Paisagística</SimpleData>
                    </SchemaData>
                </ExtendedData>
                <LineString>
                    <coordinates>-38.4400077932691,-3.7713880844967984 -38.44025760569417,-3.7725437779203834 -38.44005157925786,-3.7730087236009995 -38.43993948071789,-3.7731604689882543 -38.43940102907464,-3.773818869180099 -38.43899477953191,-3.774198150500164 -38.435425194301274,-3.776417726996553 -38.43504634850646,-3.776744025720116 -38.43491524168837,-3.77694875551149</coordinates>
                </LineString>
            </Placemark>
            <Placemark id="dt_mvw_sv_eixo_svb_l.fid--4079df0f_18eae1488d1_1c5c">
                <ExtendedData>
                    <SchemaData schemaUrl="#dt_mvw_sv_eixo_svb_l_1">
                        <SimpleData name="id">225</SimpleData>
                        <SimpleData name="idoriginal">187</SimpleData>
                        <SimpleData name="classifvia">Via Paisagística</SimpleData>
                    </SchemaData>
                </ExtendedData>
                <LineString>
                    <coordinates>-38.43491842829632,-3.776935402708906 -38.433392067627224,-3.7797252995845048 -38.43383046112094,-3.7799583495854145 -38.434434055354686,-3.780385193936063 -38.43459722478598,-3.780505723416963 -38.434737089593064,-3.7806028214584004 -38.43485363171627,-3.78069990486473 -38.43502345218622,-3.7808405092020454 -38.439549515644536,-3.7846284586337644 -38.43974403635796,-3.7847824154367267 -38.43986819200386,-3.7848905932528316 -38.439999138780166,-3.784999470520846 -38.440162588449084,-3.785176273473449 -38.44031776870754,-3.7853343626575793 -38.4405251128662,-3.7856155665311477 -38.44268883323489,-3.7887183636910757</coordinates>
                </LineString>
            </Placemark>
            <Placemark id="dt_mvw_sv_eixo_svb_l.fid--4079df0f_18eae1488d1_1c5d">
                <ExtendedData>
                    <SchemaData schemaUrl="#dt_mvw_sv_eixo_svb_l_1">
                        <SimpleData name="id">226</SimpleData>
                        <SimpleData name="idoriginal">188</SimpleData>
                        <SimpleData name="classifvia">Via Comercial</SimpleData>
                    </SchemaData>
                </ExtendedData>
                <LineString>
                    <coordinates>-38.53980856670164,-3.7543595196258255 -38.54049331799079,-3.755207680921324 -38.54059847088416,-3.7552978740424363 -38.541045141855705,-3.7558191411953588 -38.541544091576384,-3.7563983886767023 -38.541827543272966,-3.7567336933540143 -38.54222641958097,-3.7571948516550098 -38.54259892035929,-3.7576232818320485 -38.54294273362867,-3.758026219626251 -38.543686145554744,-3.758896385927574 -38.543858478900795,-3.759098668163614 -38.544503478574796,-3.759855757842415 -38.544560572838506,-3.7599214266694942 -38.544955190273825,-3.7603626060239743 -38.545298548505414,-3.7607634330989215 -38.54567933256927,-3.7612140622003722 -38.546237318619376,-3.7618772874173922 -38.54642054117115,-3.762091279731767 -38.54687899538159,-3.762625270600594 -38.547346451223746,-3.7631683126179065 -38.54780905356521,-3.7637089877361576 -38.5482779967753,-3.7642363010541566 -38.548535679593556,-3.7645424273451105 -38.548737202061496,-3.7647793270091388 -38.549202693508995,-3.765321629480296 -38.5498129409597,-3.7660351839164656 -38.55042603091959,-3.766745886551422 -38.55101641298059,-3.767433753499887 -38.55139675613164,-3.7678761577237805 -38.55180390994121,-3.7683362576066224</coordinates>
                </LineString>
            </Placemark>
            <Placemark id="dt_mvw_sv_eixo_svb_l.fid--4079df0f_18eae1488d1_1c5e">
                <ExtendedData>
                    <SchemaData schemaUrl="#dt_mvw_sv_eixo_svb_l_1">
                        <SimpleData name="id">227</SimpleData>
                        <SimpleData name="idoriginal">189</SimpleData>
                        <SimpleData name="classifvia">Via Comercial</SimpleData>
                    </SchemaData>
                </ExtendedData>
                <LineString>
                    <coordinates>-38.52524372505921,-3.725079415010021 -38.52461707454168,-3.7251911268742273 -38.524345557209074,-3.725235772510954 -38.52371811643406,-3.7253389423484022</coordinates>
                </LineString>
            </Placemark>
            <Placemark id="dt_mvw_sv_eixo_svb_l.fid--4079df0f_18eae1488d1_1c5f">
                <ExtendedData>
                    <SchemaData schemaUrl="#dt_mvw_sv_eixo_svb_l_1">
                        <SimpleData name="id">228</SimpleData>
                        <SimpleData name="idoriginal">190</SimpleData>
                        <SimpleData name="classifvia">Via Comercial</SimpleData>
                    </SchemaData>
                </ExtendedData>
                <LineString>
                    <coordinates>-38.5350840614274,-3.7291535858044975 -38.5356252634989,-3.72898103807815 -38.53614310906266,-3.7288094247603447 -38.53667806895513,-3.7286460942359163 -38.53719324516555,-3.7284715540661653 -38.53775537474199,-3.7282925004629974 -38.53829448731498,-3.728120777981385</coordinates>
                </LineString>
            </Placemark>
            <Placemark id="dt_mvw_sv_eixo_svb_l.fid--4079df0f_18eae1488d1_1c60">
                <ExtendedData>
                    <SchemaData schemaUrl="#dt_mvw_sv_eixo_svb_l_1">
                        <SimpleData name="id">229</SimpleData>
                        <SimpleData name="idoriginal">191</SimpleData>
                        <SimpleData name="classifvia">Via Coletora</SimpleData>
                    </SchemaData>
                </ExtendedData>
                <LineString>
                    <coordinates>-38.47202797232241,-3.7886536791054715 -38.4720994340044,-3.787830398414477 -38.472107383943545,-3.7877159219293524 -38.472107449499774,-3.787607728450695 -38.472099654789766,-3.7874599480119686 -38.47208657550883,-3.7873570244043124 -38.472068221124744,-3.7872857640607855 -38.47200798344819,-3.7869364601200433 -38.47198702953037,-3.7868176984532886 -38.471971327469234,-3.7867068570984035 -38.471968790281984,-3.786556440680906 -38.471974141262486,-3.7864007511777134 -38.472181684525964,-3.7838172824275085</coordinates>
                </LineString>
            </Placemark>
            <Placemark id="dt_mvw_sv_eixo_svb_l.fid--4079df0f_18eae1488d1_1c61">
                <ExtendedData>
                    <SchemaData schemaUrl="#dt_mvw_sv_eixo_svb_l_1">
                        <SimpleData name="id">230</SimpleData>
                        <SimpleData name="idoriginal">192</SimpleData>
                        <SimpleData name="classifvia">Via Coletora</SimpleData>
                    </SchemaData>
                </ExtendedData>
                <LineString>
                    <coordinates>-38.49840083894333,-3.782110261218828 -38.498553279309974,-3.782682403440017 -38.500133113260596,-3.7882413493234735</coordinates>
                </LineString>
            </Placemark>
            <Placemark id="dt_mvw_sv_eixo_svb_l.fid--4079df0f_18eae1488d1_1c62">
                <ExtendedData>
                    <SchemaData schemaUrl="#dt_mvw_sv_eixo_svb_l_1">
                        <SimpleData name="id">231</SimpleData>
                        <SimpleData name="idoriginal">193</SimpleData>
                        <SimpleData name="classifvia">Via Arterial I</SimpleData>
                    </SchemaData>
                </ExtendedData>
                <LineString>
                    <coordinates>-38.56542363826576,-3.7748013493996844 -38.56478711453675,-3.7755668792482786</coordinates>
                </LineString>
            </Placemark>
            <Placemark id="dt_mvw_sv_eixo_svb_l.fid--4079df0f_18eae1488d1_1c63">
                <ExtendedData>
                    <SchemaData schemaUrl="#dt_mvw_sv_eixo_svb_l_1">
                        <SimpleData name="id">386</SimpleData>
                        <SimpleData name="idoriginal">344</SimpleData>
                        <SimpleData name="classifvia">Via Expressa</SimpleData>
                    </SchemaData>
                </ExtendedData>
                <LineString>
                    <coordinates>-38.53565321104618,-3.860837929790775 -38.51797140264386,-3.8649261247730573 -38.51719086158001,-3.8651366100678928 -38.51662039947975,-3.865407480338037 -38.509465552752346,-3.868363446468975 -38.508985153146,-3.8686042301775254 -38.50196021260887,-3.8705286204708176 -38.49170832766744,-3.87348645652647 -38.49089783019219,-3.8735763666949965</coordinates>
                </LineString>
            </Placemark>
            <Placemark id="dt_mvw_sv_eixo_svb_l.fid--4079df0f_18eae1488d1_1c64">
                <ExtendedData>
                    <SchemaData schemaUrl="#dt_mvw_sv_eixo_svb_l_1">
                        <SimpleData name="id">232</SimpleData>
                        <SimpleData name="idoriginal">194</SimpleData>
                        <SimpleData name="classifvia">Via Coletora</SimpleData>
                    </SchemaData>
                </ExtendedData>
                <LineString>
                    <coordinates>-38.56589145935205,-3.7487760840352014 -38.565921473198536,-3.7488686580908785 -38.56594547614362,-3.748959216968084 -38.565967461772075,-3.74907593277838 -38.56596740521724,-3.7491906259267465 -38.56597938139347,-3.7492872148866243 -38.56599135757089,-3.7493838043397534 -38.566015363507844,-3.7494683266570843 -38.56605139294615,-3.749554867636876 -38.56608342346406,-3.749621284263296 -38.56612146589013,-3.749687704373251 -38.567207862198195,-3.7513973157880787 -38.56721028946054,-3.75140116523978</coordinates>
                </LineString>
            </Placemark>
            <Placemark id="dt_mvw_sv_eixo_svb_l.fid--4079df0f_18eae1488d1_1c65">
                <ExtendedData>
                    <SchemaData schemaUrl="#dt_mvw_sv_eixo_svb_l_1">
                        <SimpleData name="id">233</SimpleData>
                        <SimpleData name="idoriginal">195</SimpleData>
                        <SimpleData name="classifvia">Via Comercial</SimpleData>
                    </SchemaData>
                </ExtendedData>
                <LineString>
                    <coordinates>-38.53589567242124,-3.7203264770831206 -38.53609345311079,-3.720968892584547 -38.5363204729247,-3.721665603309481 -38.536479610497125,-3.7221499688227535 -38.53674301842485,-3.723013774896531 -38.536908100680556,-3.7235743315055627 -38.53705260549614,-3.724036207966098</coordinates>
                </LineString>
            </Placemark>
            <Placemark id="dt_mvw_sv_eixo_svb_l.fid--4079df0f_18eae1488d1_1c66">
                <ExtendedData>
                    <SchemaData schemaUrl="#dt_mvw_sv_eixo_svb_l_1">
                        <SimpleData name="id">234</SimpleData>
                        <SimpleData name="idoriginal">196</SimpleData>
                        <SimpleData name="classifvia">Via Comercial</SimpleData>
                    </SchemaData>
                </ExtendedData>
                <LineString>
                    <coordinates>-38.527198353361015,-3.730121705512849 -38.527671246953375,-3.7315350100551417 -38.52794468510118,-3.7323668843066153</coordinates>
                </LineString>
            </Placemark>
            <Placemark id="dt_mvw_sv_eixo_svb_l.fid--4079df0f_18eae1488d1_1c67">
                <ExtendedData>
                    <SchemaData schemaUrl="#dt_mvw_sv_eixo_svb_l_1">
                        <SimpleData name="id">235</SimpleData>
                        <SimpleData name="idoriginal">197</SimpleData>
                        <SimpleData name="classifvia">Via Comercial</SimpleData>
                    </SchemaData>
                </ExtendedData>
                <LineString>
                    <coordinates>-38.53488992177197,-3.7206282629082525 -38.53508910049594,-3.721308970306401 -38.53543535038798,-3.7224873874297173 -38.53568779396575,-3.7233592509100455 -38.535984242214354,-3.724382641499795 -38.53615428373095,-3.7249609021590753 -38.536222797229634,-3.7251938960292206 -38.53641228432608,-3.7258361504371855 -38.536768501744724,-3.7270214476773518 -38.53719324516555,-3.7284715540661653 -38.53744515334266,-3.7293066959872636</coordinates>
                </LineString>
            </Placemark>
            <Placemark id="dt_mvw_sv_eixo_svb_l.fid--4079df0f_18eae1488d1_1c68">
                <ExtendedData>
                    <SchemaData schemaUrl="#dt_mvw_sv_eixo_svb_l_1">
                        <SimpleData name="id">236</SimpleData>
                        <SimpleData name="idoriginal">198</SimpleData>
                        <SimpleData name="classifvia">Via Comercial</SimpleData>
                    </SchemaData>
                </ExtendedData>
                <LineString>
                    <coordinates>-38.5303567815325,-3.7218602618675276 -38.53062002154882,-3.7226589053261936 -38.530653304748704,-3.7227598830849846 -38.53101930559844,-3.7238718832176745 -38.53132044422118,-3.7247903899881547 -38.53164705741198,-3.7257998125788094</coordinates>
                </LineString>
            </Placemark>
            <Placemark id="dt_mvw_sv_eixo_svb_l.fid--4079df0f_18eae1488d1_1c69">
                <ExtendedData>
                    <SchemaData schemaUrl="#dt_mvw_sv_eixo_svb_l_1">
                        <SimpleData name="id">237</SimpleData>
                        <SimpleData name="idoriginal">199</SimpleData>
                        <SimpleData name="classifvia">Via Comercial</SimpleData>
                    </SchemaData>
                </ExtendedData>
                <LineString>
                    <coordinates>-38.53705260549614,-3.724036207966098 -38.53750106401477,-3.7254999090906753 -38.53785101893131,-3.726669199731158 -38.537937949274294,-3.72695374388083 -38.53829448731498,-3.728120777981385 -38.53841536369605,-3.7285365450506767 -38.53853586841915,-3.728951033443506</coordinates>
                </LineString>
            </Placemark>
            <Placemark id="dt_mvw_sv_eixo_svb_l.fid--4079df0f_18eae1488d1_1c6a">
                <ExtendedData>
                    <SchemaData schemaUrl="#dt_mvw_sv_eixo_svb_l_1">
                        <SimpleData name="id">238</SimpleData>
                        <SimpleData name="idoriginal">200</SimpleData>
                        <SimpleData name="classifvia">Via Comercial</SimpleData>
                    </SchemaData>
                </ExtendedData>
                <LineString>
                    <coordinates>-38.5275521327868,-3.7286575413527645 -38.528125322549336,-3.7284690530295306 -38.52884006590826,-3.7282398508896732 -38.52992146766435,-3.7278838146338495 -38.53098719811038,-3.727545249756865</coordinates>
                </LineString>
            </Placemark>
            <Placemark id="dt_mvw_sv_eixo_svb_l.fid--4079df0f_18eae1488d1_1c6b">
                <ExtendedData>
                    <SchemaData schemaUrl="#dt_mvw_sv_eixo_svb_l_1">
                        <SimpleData name="id">239</SimpleData>
                        <SimpleData name="idoriginal">201</SimpleData>
                        <SimpleData name="classifvia">Via Comercial</SimpleData>
                    </SchemaData>
                </ExtendedData>
                <LineString>
                    <coordinates>-38.5258377531739,-3.728150291463365 -38.52635050818812,-3.7282117055368498 -38.52680291300343,-3.728274882016108 -38.52746180183024,-3.7283638086245867</coordinates>
                </LineString>
            </Placemark>
            <Placemark id="dt_mvw_sv_eixo_svb_l.fid--4079df0f_18eae1488d1_1c6c">
                <ExtendedData>
                    <SchemaData schemaUrl="#dt_mvw_sv_eixo_svb_l_1">
                        <SimpleData name="id">240</SimpleData>
                        <SimpleData name="idoriginal">202</SimpleData>
                        <SimpleData name="classifvia">Via Comercial</SimpleData>
                    </SchemaData>
                </ExtendedData>
                <LineString>
                    <coordinates>-38.52377365884253,-3.724448670786744 -38.52371811643406,-3.7253389423484022 -38.523651101158066,-3.726423987846579 -38.52361780775826,-3.7273302643949195</coordinates>
                </LineString>
            </Placemark>
            <Placemark id="dt_mvw_sv_eixo_svb_l.fid--4079df0f_18eae1488d1_1c6d">
                <ExtendedData>
                    <SchemaData schemaUrl="#dt_mvw_sv_eixo_svb_l_1">
                        <SimpleData name="id">241</SimpleData>
                        <SimpleData name="idoriginal">203</SimpleData>
                        <SimpleData name="classifvia">Via Arterial II</SimpleData>
                    </SchemaData>
                </ExtendedData>
                <LineString>
                    <coordinates>-38.53163283562852,-3.721960667702422 -38.531795032484126,-3.722387559972955 -38.532144781119825,-3.723522859419902 -38.53241576457351,-3.724429695746208 -38.53270060937797,-3.725450749981628 -38.53286044694874,-3.725935647250485 -38.53311265189906,-3.726791070266346 -38.53313987519398,-3.726883005533225 -38.533502014479225,-3.7280733577547323 -38.53393977113538,-3.7295187038376594 -38.53418895522124,-3.730363746753314</coordinates>
                </LineString>
            </Placemark>
            <Placemark id="dt_mvw_sv_eixo_svb_l.fid--4079df0f_18eae1488d1_1c6e">
                <ExtendedData>
                    <SchemaData schemaUrl="#dt_mvw_sv_eixo_svb_l_1">
                        <SimpleData name="id">242</SimpleData>
                        <SimpleData name="idoriginal">204</SimpleData>
                        <SimpleData name="classifvia">Via Coletora</SimpleData>
                    </SchemaData>
                </ExtendedData>
                <LineString>
                    <coordinates>-38.47201824513653,-3.7887794373591706 -38.47117408883036,-3.7987302110309606 -38.471165967120115,-3.798825946361475</coordinates>
                </LineString>
            </Placemark>
            <Placemark id="dt_mvw_sv_eixo_svb_l.fid--4079df0f_18eae1488d1_1c6f">
                <ExtendedData>
                    <SchemaData schemaUrl="#dt_mvw_sv_eixo_svb_l_1">
                        <SimpleData name="id">243</SimpleData>
                        <SimpleData name="idoriginal">205</SimpleData>
                        <SimpleData name="classifvia">Via Coletora</SimpleData>
                    </SchemaData>
                </ExtendedData>
                <LineString>
                    <coordinates>-38.55663365722107,-3.7778463165911575 -38.55662391529615,-3.7773486806315795 -38.55617136707693,-3.776934810176854 -38.55599060667195,-3.776769498588008 -38.55578091555341,-3.776534739400915 -38.555697092429334,-3.7764919603476614 -38.555092901060334,-3.775918216004295 -38.55493486083586,-3.775802136068777 -38.55479810207336,-3.775701328706053 -38.55468529511827,-3.7756380681967956 -38.55459412497843,-3.775566282775819 -38.55452577006191,-3.7754609315915673 -38.554513621393504,-3.775430397421964</coordinates>
                </LineString>
            </Placemark>
            <Placemark id="dt_mvw_sv_eixo_svb_l.fid--4079df0f_18eae1488d1_1c70">
                <ExtendedData>
                    <SchemaData schemaUrl="#dt_mvw_sv_eixo_svb_l_1">
                        <SimpleData name="id">244</SimpleData>
                        <SimpleData name="idoriginal">206</SimpleData>
                        <SimpleData name="classifvia">Via Coletora</SimpleData>
                    </SchemaData>
                </ExtendedData>
                <LineString>
                    <coordinates>-38.59224468668301,-3.7766610642600575 -38.58879730608024,-3.7741146036887345</coordinates>
                </LineString>
            </Placemark>
            <Placemark id="dt_mvw_sv_eixo_svb_l.fid--4079df0f_18eae1488d1_1c71">
                <ExtendedData>
                    <SchemaData schemaUrl="#dt_mvw_sv_eixo_svb_l_1">
                        <SimpleData name="id">245</SimpleData>
                        <SimpleData name="idoriginal">207</SimpleData>
                        <SimpleData name="classifvia">Via Coletora</SimpleData>
                    </SchemaData>
                </ExtendedData>
                <LineString>
                    <coordinates>-38.52803215672499,-3.784823943464799 -38.53126899137057,-3.7963727354820604 -38.53134919476658,-3.79660164057155 -38.53145552613972,-3.7967786295839128 -38.53165087664318,-3.7969868897719397</coordinates>
                </LineString>
            </Placemark>
            <Placemark id="dt_mvw_sv_eixo_svb_l.fid--4079df0f_18eae1488d1_1c72">
                <ExtendedData>
                    <SchemaData schemaUrl="#dt_mvw_sv_eixo_svb_l_1">
                        <SimpleData name="id">246</SimpleData>
                        <SimpleData name="idoriginal">208</SimpleData>
                        <SimpleData name="classifvia">Via Coletora</SimpleData>
                    </SchemaData>
                </ExtendedData>
                <LineString>
                    <coordinates>-38.5109587869206,-3.7869775877574936 -38.50730957282165,-3.786652727157557 -38.5062633331391,-3.7866094119584255 -38.50616256763218,-3.786611466150963 -38.506093109809925,-3.7866149133312024 -38.5060444850835,-3.7866241839187533 -38.50598891447691,-3.7866346128299244 -38.50577531911753,-3.786684841896466 -38.50567754489766,-3.786705607106714 -38.50559458697713,-3.7867204324930555 -38.50552051174857,-3.78674418563564 -38.50473479975,-3.7870063091290063 -38.503545731843715,-3.7873850726066007 -38.503424871736584,-3.7874153364082974 -38.50013380209393,-3.7882541991616163 -38.498465030291435,-3.788659848492398 -38.49724877601491,-3.7889439813805583 -38.49489852615498,-3.7895495457598387</coordinates>
                </LineString>
            </Placemark>
            <Placemark id="dt_mvw_sv_eixo_svb_l.fid--4079df0f_18eae1488d1_1c73">
                <ExtendedData>
                    <SchemaData schemaUrl="#dt_mvw_sv_eixo_svb_l_1">
                        <SimpleData name="id">247</SimpleData>
                        <SimpleData name="idoriginal">209</SimpleData>
                        <SimpleData name="classifvia">Via Coletora</SimpleData>
                    </SchemaData>
                </ExtendedData>
                <LineString>
                    <coordinates>-38.49489852615498,-3.7895495457598387 -38.494022059531815,-3.7897558032779366 -38.4939244326233,-3.7897954123348425 -38.49385703327392,-3.7898070394773535 -38.49245919269753,-3.790032789911282 -38.49238250117603,-3.790037411561382 -38.49231045776958,-3.7900420359393485 -38.49221983623948,-3.7900233160411667 -38.49215245592044,-3.790002276668951 -38.49200840242154,-3.789953192058312 -38.49166827285096,-3.7898338204645037 -38.49155907263024,-3.789794089840421 -38.491498663792655,-3.789773054054103 -38.49138479912199,-3.789761320758078 -38.4912802361349,-3.789740258932218 -38.49122213773262,-3.7897425582990514 -38.491138476168075,-3.7897448421133597 -38.491054813240204,-3.7897494595370462 -38.49095487855487,-3.7897610672590676 -38.48807525604469,-3.79013998184915 -38.48800553533899,-3.790146940858632 -38.487924194352296,-3.7901538924912073 -38.48778344190608,-3.790153766199272 -38.48767886730664,-3.790151370972513 -38.48758359305339,-3.7901419813550685 -38.48751853144866,-3.790130276055078 -38.48692475144675,-3.7900294455843886</coordinates>
                </LineString>
            </Placemark>
            <Placemark id="dt_mvw_sv_eixo_svb_l.fid--4079df0f_18eae1488d1_1c74">
                <ExtendedData>
                    <SchemaData schemaUrl="#dt_mvw_sv_eixo_svb_l_1">
                        <SimpleData name="id">336</SimpleData>
                        <SimpleData name="idoriginal">297</SimpleData>
                        <SimpleData name="classifvia">Via Expressa</SimpleData>
                    </SchemaData>
                </ExtendedData>
                <LineString>
                    <coordinates>-38.54619444784389,-3.724660287589305 -38.54489037410337,-3.7316075386214353 -38.5438294130722,-3.737259534516527</coordinates>
                </LineString>
            </Placemark>
            <Placemark id="dt_mvw_sv_eixo_svb_l.fid--4079df0f_18eae1488d1_1c75">
                <ExtendedData>
                    <SchemaData schemaUrl="#dt_mvw_sv_eixo_svb_l_1">
                        <SimpleData name="id">248</SimpleData>
                        <SimpleData name="idoriginal">210</SimpleData>
                        <SimpleData name="classifvia">Via Coletora</SimpleData>
                    </SchemaData>
                </ExtendedData>
                <LineString>
                    <coordinates>-38.5591540921409,-3.7570862345799796 -38.5606290662829,-3.7555813036406414 -38.56887650508421,-3.7503428344623453 -38.56896476090995,-3.7502799737098527 -38.56908884489864,-3.75016064567109 -38.56918352641814,-3.750029748954496 -38.569261677079716,-3.749888138918902 -38.56930905927894,-3.749737962597022 -38.56956832563525,-3.748705991476387 -38.569610938939775,-3.7485811288049367 -38.569646991546584,-3.748485840297058 -38.569699402030494,-3.748406991580159 -38.56975508436498,-3.74833143151381 -38.56981075795191,-3.7482723031639704 -38.571272471553776,-3.7466465704737324</coordinates>
                </LineString>
            </Placemark>
            <Placemark id="dt_mvw_sv_eixo_svb_l.fid--4079df0f_18eae1488d1_1c76">
                <ExtendedData>
                    <SchemaData schemaUrl="#dt_mvw_sv_eixo_svb_l_1">
                        <SimpleData name="id">249</SimpleData>
                        <SimpleData name="idoriginal">211</SimpleData>
                        <SimpleData name="classifvia">Via Coletora</SimpleData>
                    </SchemaData>
                </ExtendedData>
                <LineString>
                    <coordinates>-38.47621290065369,-3.789076902422076 -38.476505789682385,-3.785708063605885 -38.47659386996474,-3.785383355738359 -38.47669740894165,-3.7851641285963917 -38.47676751913062,-3.785012714450174 -38.47681435609044,-3.784784307239785 -38.47689335264381,-3.784062920892378</coordinates>
                </LineString>
            </Placemark>
            <Placemark id="dt_mvw_sv_eixo_svb_l.fid--4079df0f_18eae1488d1_1c77">
                <ExtendedData>
                    <SchemaData schemaUrl="#dt_mvw_sv_eixo_svb_l_1">
                        <SimpleData name="id">250</SimpleData>
                        <SimpleData name="idoriginal">212</SimpleData>
                        <SimpleData name="classifvia">Via Coletora</SimpleData>
                    </SchemaData>
                </ExtendedData>
                <LineString>
                    <coordinates>-38.46532299210779,-3.7433937731695273 -38.46534737193788,-3.74360394288521 -38.465351250409036,-3.7437838033648405 -38.46530742403615,-3.7440283967988193 -38.46519532478802,-3.744308466363551 -38.46382870670544,-3.747347925369326</coordinates>
                </LineString>
            </Placemark>
            <Placemark id="dt_mvw_sv_eixo_svb_l.fid--4079df0f_18eae1488d1_1c78">
                <ExtendedData>
                    <SchemaData schemaUrl="#dt_mvw_sv_eixo_svb_l_1">
                        <SimpleData name="id">251</SimpleData>
                        <SimpleData name="idoriginal">213</SimpleData>
                        <SimpleData name="classifvia">Via Coletora</SimpleData>
                    </SchemaData>
                </ExtendedData>
                <LineString>
                    <coordinates>-38.5631973697626,-3.746055089865238 -38.56381654177708,-3.7466752389817044 -38.56575387601018,-3.7485996011609046 -38.565841832504006,-3.748699536828549 -38.56590491458567,-3.7488071437240635</coordinates>
                </LineString>
            </Placemark>
            <Placemark id="dt_mvw_sv_eixo_svb_l.fid--4079df0f_18eae1488d1_1c79">
                <ExtendedData>
                    <SchemaData schemaUrl="#dt_mvw_sv_eixo_svb_l_1">
                        <SimpleData name="id">252</SimpleData>
                        <SimpleData name="idoriginal">214</SimpleData>
                        <SimpleData name="classifvia">Via Comercial</SimpleData>
                    </SchemaData>
                </ExtendedData>
                <LineString>
                    <coordinates>-38.525901263019435,-3.7265810504413945 -38.52439059704478,-3.7270781516245854 -38.52361780775826,-3.7273302643949195 -38.523096100571145,-3.727504648629891</coordinates>
                </LineString>
            </Placemark>
            <Placemark id="dt_mvw_sv_eixo_svb_l.fid--4079df0f_18eae1488d1_1c7a">
                <ExtendedData>
                    <SchemaData schemaUrl="#dt_mvw_sv_eixo_svb_l_1">
                        <SimpleData name="id">253</SimpleData>
                        <SimpleData name="idoriginal">215</SimpleData>
                        <SimpleData name="classifvia">Via Coletora</SimpleData>
                    </SchemaData>
                </ExtendedData>
                <LineString>
                    <coordinates>-38.4869778680434,-3.7841937282053384 -38.487725195700044,-3.7901560595380492 -38.48773683844811,-3.790297311796832 -38.487852762134,-3.7910354652870994 -38.48786580985745,-3.791109081007525 -38.48786576036176,-3.791193204241499 -38.48784476984963,-3.7912694283379036 -38.48783425834934,-3.7913351433661058 -38.487776495984434,-3.7916038616706134 -38.4877659922077,-3.7916564328272107 -38.48776072175152,-3.7917142642609565 -38.487765925675056,-3.7917694733305556 -38.48822769990171,-3.7961173326299944</coordinates>
                </LineString>
            </Placemark>
            <Placemark id="dt_mvw_sv_eixo_svb_l.fid--4079df0f_18eae1488d1_1c7b">
                <ExtendedData>
                    <SchemaData schemaUrl="#dt_mvw_sv_eixo_svb_l_1">
                        <SimpleData name="id">254</SimpleData>
                        <SimpleData name="idoriginal">409</SimpleData>
                        <SimpleData name="classifvia">Via Coletora</SimpleData>
                    </SchemaData>
                </ExtendedData>
                <LineString>
                    <coordinates>-38.6017319210173,-3.754631697063233 -38.60305033778594,-3.7617555794448374</coordinates>
                </LineString>
            </Placemark>
            <Placemark id="dt_mvw_sv_eixo_svb_l.fid--4079df0f_18eae1488d1_1c7c">
                <ExtendedData>
                    <SchemaData schemaUrl="#dt_mvw_sv_eixo_svb_l_1">
                        <SimpleData name="id">255</SimpleData>
                        <SimpleData name="idoriginal">216</SimpleData>
                        <SimpleData name="classifvia">Via Coletora</SimpleData>
                    </SchemaData>
                </ExtendedData>
                <LineString>
                    <coordinates>-38.546644688512714,-3.7834308404875228 -38.542093006512786,-3.784931778432073 -38.542016226512196,-3.784954408071477 -38.54194170633554,-3.7849725050324077 -38.54188299882011,-3.7849770077765603 -38.54176032368783,-3.7849859759324107 -38.541636139048116,-3.7849859100623484 -38.541554861346604,-3.7849745315290098 -38.5414893884826,-3.7849631618686863 -38.54142166107345,-3.7849449894637965 -38.54134264678895,-3.784922276700547 -38.541281688990146,-3.7849131766030153 -38.541220730513444,-3.7849040760076718 -38.54116203254947,-3.7848904422465877 -38.54112364970342,-3.7848881546823825 -38.541058174468816,-3.784881318858231 -38.54099884803853,-3.784874512933487 -38.54094465490782,-3.784881285686443 -38.54088820791361,-3.784881255695554 -38.54082272671394,-3.7848857547685704 -38.540750474208735,-3.7848857163691454 -38.5406849918149,-3.7848924826118235 -38.54060822254696,-3.78489470898024 -38.54055177129067,-3.7849014800141423 -38.54049080565957,-3.7849059819559847 -38.54043886945651,-3.7849150225642187 -38.54039370694626,-3.7849240667722794 -38.54034854324035,-3.784935377664698 -38.5393202448338,-3.7852047714941035 -38.53927056365784,-3.785218347098253 -38.53922088196206,-3.785234190372743 -38.5391757170334,-3.7852477683796617 -38.53912377361468,-3.785270410996204 -38.53906421144058,-3.7853005308450474 -38.537744244573,-3.786107780747168</coordinates>
                </LineString>
            </Placemark>
            <Placemark id="dt_mvw_sv_eixo_svb_l.fid--4079df0f_18eae1488d1_1c7d">
                <ExtendedData>
                    <SchemaData schemaUrl="#dt_mvw_sv_eixo_svb_l_1">
                        <SimpleData name="id">256</SimpleData>
                        <SimpleData name="idoriginal">217</SimpleData>
                        <SimpleData name="classifvia">Via Arterial I</SimpleData>
                    </SchemaData>
                </ExtendedData>
                <LineString>
                    <coordinates>-38.576564955226985,-3.76519571679624 -38.574186442000254,-3.7664690386119632 -38.57395281165324,-3.766632948005508 -38.57375157537647,-3.766834792226676 -38.573586088448565,-3.767054604469782 -38.57345190048504,-3.767251993782006 -38.57333559772578,-3.7674359290874246 -38.57325955083005,-3.7675615453363482 -38.5730806695185,-3.7677499375769874 -38.57287498240758,-3.7679113905640027 -38.572651467641926,-3.7679696198397488 -38.5722178481088,-3.768081596590727 -38.57197079171666,-3.7681541494084154 -38.57180984140823,-3.768234847571227 -38.57167569676412,-3.768342483985234 -38.57154154550059,-3.7684635836159606 -38.57144314946114,-3.7685891881496185 -38.571389472961464,-3.768669939191442 -38.570305178745826,-3.770315374300009 -38.56960295397823,-3.7712798644330623 -38.567503613502936,-3.774083846542414 -38.567311322301194,-3.774267742831999 -38.5671190629009,-3.7743888125687275 -38.566958133262744,-3.774424633155024 -38.56670593938067,-3.7744453007056786 -38.56643909070708,-3.774382646558463 -38.566261207162306,-3.774311105418493 -38.566096659818,-3.7742529685830695 -38.56595877462979,-3.7742484337970548 -38.565825312657665,-3.7742930242001513 -38.565722962616874,-3.77438675364758 -38.56542363826576,-3.7748013493996844</coordinates>
                </LineString>
            </Placemark>
            <Placemark id="dt_mvw_sv_eixo_svb_l.fid--4079df0f_18eae1488d1_1c7e">
                <ExtendedData>
                    <SchemaData schemaUrl="#dt_mvw_sv_eixo_svb_l_1">
                        <SimpleData name="id">257</SimpleData>
                        <SimpleData name="idoriginal">218</SimpleData>
                        <SimpleData name="classifvia">Via Arterial I</SimpleData>
                    </SchemaData>
                </ExtendedData>
                <LineString>
                    <coordinates>-38.59518442816721,-3.7363252749176437 -38.59517323511692,-3.736372967182828 -38.59511815877647,-3.736757950526806 -38.595024538927014,-3.7373957300163725 -38.59483428904344,-3.738729676477792 -38.59463691960231,-3.7401491309675916</coordinates>
                </LineString>
            </Placemark>
            <Placemark id="dt_mvw_sv_eixo_svb_l.fid--4079df0f_18eae1488d1_1c7f">
                <ExtendedData>
                    <SchemaData schemaUrl="#dt_mvw_sv_eixo_svb_l_1">
                        <SimpleData name="id">258</SimpleData>
                        <SimpleData name="idoriginal">219</SimpleData>
                        <SimpleData name="classifvia">Via Coletora</SimpleData>
                    </SchemaData>
                </ExtendedData>
                <LineString>
                    <coordinates>-38.59046755303182,-3.7377110102709583 -38.59045015619872,-3.737871888351951 -38.59023938159191,-3.7393252027440016</coordinates>
                </LineString>
            </Placemark>
            <Placemark id="dt_mvw_sv_eixo_svb_l.fid--4079df0f_18eae1488d1_1c80">
                <ExtendedData>
                    <SchemaData schemaUrl="#dt_mvw_sv_eixo_svb_l_1">
                        <SimpleData name="id">259</SimpleData>
                        <SimpleData name="idoriginal">220</SimpleData>
                        <SimpleData name="classifvia">Via Coletora</SimpleData>
                    </SchemaData>
                </ExtendedData>
                <LineString>
                    <coordinates>-38.59610121996915,-3.725474528753443 -38.59607130044382,-3.7255904735002705 -38.595475030309984,-3.7268968498341857 -38.594978591145946,-3.7279832462871343 -38.591984265216745,-3.7347307218414687</coordinates>
                </LineString>
            </Placemark>
            <Placemark id="dt_mvw_sv_eixo_svb_l.fid--4079df0f_18eae1488d1_1c81">
                <ExtendedData>
                    <SchemaData schemaUrl="#dt_mvw_sv_eixo_svb_l_1">
                        <SimpleData name="id">260</SimpleData>
                        <SimpleData name="idoriginal">221</SimpleData>
                        <SimpleData name="classifvia">Via Coletora</SimpleData>
                    </SchemaData>
                </ExtendedData>
                <LineString>
                    <coordinates>-38.54676953578054,-3.7179058050896936 -38.55422972618713,-3.71736376299717 -38.554349873364956,-3.7173537705004565 -38.55442496177211,-3.717353808538078 -38.55451005989865,-3.7173588783253475 -38.55461017697013,-3.717361442365597 -38.55472280396315,-3.7173740656075074 -38.554825414937945,-3.7173942242902998 -38.554910509295155,-3.7174068335748918 -38.555018125721915,-3.7174269947688323 -38.56642234648783,-3.7204806342258627 -38.56649291528076,-3.7205001197277747 -38.567025910359604,-3.7206635339362046 -38.56755680072873,-3.7206334821818423 -38.56800471365831,-3.720499818275311 -38.56841340810567,-3.720455370357911 -38.56888936073025,-3.720425551347248 -38.56886500495728,-3.7208715795237257 -38.568936332979305,-3.721284192989767 -38.56907662786858,-3.721553483691203 -38.56930303327502,-3.7219458910877905 -38.57079654487734,-3.724581676203036 -38.570874614915475,-3.7247190181704446 -38.57096050487574,-3.724844594874073 -38.57105811134282,-3.724978023186252 -38.57113619664458,-3.72508398158676 -38.57126167486201,-3.7252227220018863 -38.571339765903375,-3.7253169113104194 -38.57148035514088,-3.7254346687967126 -38.571589699794075,-3.7255327965366467 -38.571699053276454,-3.725611308804568 -38.57178497757185,-3.7256662724533443 -38.57189823595792,-3.7257487097970525 -38.57201931615795,-3.725815459161735 -38.57215992830919,-3.7258861412252404 -38.5722692939371,-3.7259411157662763 -38.584599518375974,-3.7314841157111958 -38.59206863973929,-3.734735711161999 -38.59944410861025,-3.7380164974723913</coordinates>
                </LineString>
            </Placemark>
            <Placemark id="dt_mvw_sv_eixo_svb_l.fid--4079df0f_18eae1488d1_1c82">
                <ExtendedData>
                    <SchemaData schemaUrl="#dt_mvw_sv_eixo_svb_l_1">
                        <SimpleData name="id">261</SimpleData>
                        <SimpleData name="idoriginal">222</SimpleData>
                        <SimpleData name="classifvia">Via Comercial</SimpleData>
                    </SchemaData>
                </ExtendedData>
                <LineString>
                    <coordinates>-38.53705260549614,-3.724036207966098 -38.53702840554725,-3.7239588584146954</coordinates>
                </LineString>
            </Placemark>
            <Placemark id="dt_mvw_sv_eixo_svb_l.fid--4079df0f_18eae1488d1_1c83">
                <ExtendedData>
                    <SchemaData schemaUrl="#dt_mvw_sv_eixo_svb_l_1">
                        <SimpleData name="id">262</SimpleData>
                        <SimpleData name="idoriginal">223</SimpleData>
                        <SimpleData name="classifvia">Via Arterial I</SimpleData>
                    </SchemaData>
                </ExtendedData>
                <LineString>
                    <coordinates>-38.56150777782395,-3.7711542471222006 -38.562265112198176,-3.771736982120546 -38.562359236347824,-3.7718251347053076 -38.5623998785534,-3.77186813316441 -38.562449542379,-3.7719201603747305 -38.56248803435026,-3.7719824980096965 -38.56252225507942,-3.772027642404053 -38.56255219209499,-3.7720792312337053 -38.562582126315505,-3.772135117478852 -38.56260777962046,-3.7721931507436577 -38.562716276393324,-3.772467455000133 -38.562735061838396,-3.7725108962957012 -38.56275948500695,-3.7725618941430157 -38.56279143452281,-3.772607230622519 -38.562817748794515,-3.7726374577849713 -38.56285158469449,-3.7726714648872446 -38.56290421861565,-3.7727224769580454 -38.56327349440881,-3.7730311581179254 -38.56333741957157,-3.773067068910247 -38.56338630530891,-3.773091642266236 -38.56347468233895,-3.7731237887477422 -38.56354613386372,-3.7731540381529975 -38.56363074411236,-3.773195624506027 -38.563711590758416,-3.7732428741212294 -38.56385822450334,-3.7733638020866382 -38.56485765072516,-3.77415204326897 -38.56505304913687,-3.7743145756021126 -38.56519454446984,-3.774433088157322 -38.565399452638566,-3.774759431745787 -38.56575998975051,-3.775129675948179 -38.56607069376772,-3.7753919599027275 -38.56650211321326,-3.7756377414877353</coordinates>
                </LineString>
            </Placemark>
            <Placemark id="dt_mvw_sv_eixo_svb_l.fid--4079df0f_18eae1488d1_1c84">
                <ExtendedData>
                    <SchemaData schemaUrl="#dt_mvw_sv_eixo_svb_l_1">
                        <SimpleData name="id">263</SimpleData>
                        <SimpleData name="idoriginal">224</SimpleData>
                        <SimpleData name="classifvia">Via Coletora</SimpleData>
                    </SchemaData>
                </ExtendedData>
                <LineString>
                    <coordinates>-38.56042252833003,-3.7492459930454753 -38.56048087693393,-3.7493124595401075 -38.56324517108333,-3.75196115067111 -38.563313832867486,-3.752028629481638 -38.563373336707535,-3.752094571052019 -38.56342978968176,-3.7521559121602817 -38.563475555850985,-3.752218781054486 -38.56351521799289,-3.7522770484523655 -38.563567422926916,-3.7523541376423566 -38.56418071693042,-3.7533230096475574 -38.564235120491475,-3.753409753570672 -38.56643764052523,-3.7568689722540904 -38.56714160570926,-3.757977753632091 -38.56798985953206,-3.7592966398353327 -38.56890406390057,-3.7607035910081574 -38.56898560059606,-3.7608383649280883 -38.569403335510565,-3.761408926457964 -38.569491317020635,-3.7615014671445883 -38.57007859060845,-3.762528098396896 -38.57076270159952,-3.763826144425566 -38.57078790350786,-3.7638745115367747 -38.57094151477902,-3.764160385781159 -38.57097359211084,-3.7642179669780376 -38.57100796801416,-3.7642663391087234 -38.57106066856619,-3.764356167421711 -38.57110651250072,-3.764399939864891 -38.571152357566326,-3.764441409633221 -38.57119591045756,-3.7644805755946766 -38.57123257442702,-3.7645381590488523 -38.57126716629723,-3.764601076400833 -38.57129924253848,-3.764660960262376 -38.571329019847795,-3.764732355862904 -38.571354206801075,-3.764812960384991 -38.5722178481088,-3.768081596590727</coordinates>
                </LineString>
            </Placemark>
            <Placemark id="dt_mvw_sv_eixo_svb_l.fid--4079df0f_18eae1488d1_1c85">
                <ExtendedData>
                    <SchemaData schemaUrl="#dt_mvw_sv_eixo_svb_l_1">
                        <SimpleData name="id">264</SimpleData>
                        <SimpleData name="idoriginal">225</SimpleData>
                        <SimpleData name="classifvia">Via Arterial I</SimpleData>
                    </SchemaData>
                </ExtendedData>
                <LineString>
                    <coordinates>-38.59764482439552,-3.7250173292924047 -38.599301145870136,-3.7310101963648856 -38.59934547839098,-3.7311891419613934 -38.59938589800389,-3.7314259050272547 -38.599394285316045,-3.731606837388798 -38.59941527301548,-3.731644167275451 -38.5994704091036,-3.7319253265274934 -38.60003731271954,-3.733981849075507 -38.6000519864729,-3.7341224230438073 -38.60004087150483,-3.734259285793003</coordinates>
                </LineString>
            </Placemark>
            <Placemark id="dt_mvw_sv_eixo_svb_l.fid--4079df0f_18eae1488d1_1c86">
                <ExtendedData>
                    <SchemaData schemaUrl="#dt_mvw_sv_eixo_svb_l_1">
                        <SimpleData name="id">265</SimpleData>
                        <SimpleData name="idoriginal">226</SimpleData>
                        <SimpleData name="classifvia">Via Coletora</SimpleData>
                    </SchemaData>
                </ExtendedData>
                <LineString>
                    <coordinates>-38.59693123451036,-3.732307284810269 -38.59688448962717,-3.7323705902411115 -38.59681867098306,-3.73249739846036 -38.595214408952934,-3.73610702998172 -38.59518458952255,-3.7363240737998904</coordinates>
                </LineString>
            </Placemark>
            <Placemark id="dt_mvw_sv_eixo_svb_l.fid--4079df0f_18eae1488d1_1c87">
                <ExtendedData>
                    <SchemaData schemaUrl="#dt_mvw_sv_eixo_svb_l_1">
                        <SimpleData name="id">266</SimpleData>
                        <SimpleData name="idoriginal">227</SimpleData>
                        <SimpleData name="classifvia">Via Coletora</SimpleData>
                    </SchemaData>
                </ExtendedData>
                <LineString>
                    <coordinates>-38.57236069029331,-3.7187437123719587 -38.56905172017746,-3.720430901759139 -38.56888936073025,-3.720425551347248</coordinates>
                </LineString>
            </Placemark>
            <Placemark id="dt_mvw_sv_eixo_svb_l.fid--4079df0f_18eae1488d1_1c88">
                <ExtendedData>
                    <SchemaData schemaUrl="#dt_mvw_sv_eixo_svb_l_1">
                        <SimpleData name="id">267</SimpleData>
                        <SimpleData name="idoriginal">228</SimpleData>
                        <SimpleData name="classifvia">Via Coletora</SimpleData>
                    </SchemaData>
                </ExtendedData>
                <LineString>
                    <coordinates>-38.57487062966867,-3.706068817343641 -38.57492311437466,-3.706215870641184 -38.575616187839714,-3.708195471591693 -38.57568029863618,-3.708387325714654 -38.576546117035356,-3.7107626957304176 -38.577726126517234,-3.7138978375949026 -38.57778085505848,-3.714032831265562 -38.57854587372543,-3.716157733886429 -38.5785730200867,-3.7161770603503665 -38.57860572382771,-3.716208397624852 -38.57864350013589,-3.7162906978390287 -38.57936058241243,-3.71831910389202</coordinates>
                </LineString>
            </Placemark>
            <Placemark id="dt_mvw_sv_eixo_svb_l.fid--4079df0f_18eae1488d1_1c89">
                <ExtendedData>
                    <SchemaData schemaUrl="#dt_mvw_sv_eixo_svb_l_1">
                        <SimpleData name="id">268</SimpleData>
                        <SimpleData name="idoriginal">229</SimpleData>
                        <SimpleData name="classifvia">Via Coletora</SimpleData>
                    </SchemaData>
                </ExtendedData>
                <LineString>
                    <coordinates>-38.57437241758553,-3.717727006897212 -38.57401747628009,-3.7168028084702374 -38.57282930229882,-3.7136664367753687 -38.57280220284243,-3.713614046002104 -38.57268755356762,-3.7133898149046836 -38.57266880042788,-3.7133374286721996 -38.57232479935757,-3.7124037351211823 -38.572220515533836,-3.7121577527995497 -38.57173831536046,-3.710794578567301 -38.57165491736588,-3.7106671563786424 -38.57129147266071,-3.7097585460956566 -38.57049732277673,-3.7076466963634873 -38.57003025876991,-3.7064042688016343 -38.569267471888935,-3.7043790314413756 -38.569211282616365,-3.704224580413217 -38.56902862607981,-3.7036052093789857 -38.56880297276564,-3.7024547758254225</coordinates>
                </LineString>
            </Placemark>
            <Placemark id="dt_mvw_sv_eixo_svb_l.fid--4079df0f_18eae1488d1_1c8a">
                <ExtendedData>
                    <SchemaData schemaUrl="#dt_mvw_sv_eixo_svb_l_1">
                        <SimpleData name="id">269</SimpleData>
                        <SimpleData name="idoriginal">230</SimpleData>
                        <SimpleData name="classifvia">Via Coletora</SimpleData>
                    </SchemaData>
                </ExtendedData>
                <LineString>
                    <coordinates>-38.512484571410155,-3.7537069038386743 -38.512088435964216,-3.7558988061758387 -38.51108681159022,-3.760941099254654</coordinates>
                </LineString>
            </Placemark>
            <Placemark id="dt_mvw_sv_eixo_svb_l.fid--4079df0f_18eae1488d1_1c8b">
                <ExtendedData>
                    <SchemaData schemaUrl="#dt_mvw_sv_eixo_svb_l_1">
                        <SimpleData name="id">270</SimpleData>
                        <SimpleData name="idoriginal">231</SimpleData>
                        <SimpleData name="classifvia">Via Coletora</SimpleData>
                    </SchemaData>
                </ExtendedData>
                <LineString>
                    <coordinates>-38.518069401048855,-3.748178540033857 -38.51805728685316,-3.7482995281633613 -38.517142196532454,-3.7531946319198943 -38.517122184506654,-3.7532394871832935 -38.517106859923295,-3.753311503011197 -38.51651934693848,-3.7563829435367517 -38.516490863812066,-3.7564733531141794 -38.51643850321412,-3.756889755319619 -38.51640981011935,-3.757036269160458 -38.51638842449184,-3.7571409597206995 -38.51637416573917,-3.7572194801617984 -38.51634092833531,-3.7573313026577564 -38.516286350606364,-3.75747404893837 -38.516253118154935,-3.7575811129252306 -38.51622937791273,-3.7576620065766204 -38.51620325451632,-3.7577666960249037 -38.51617712586878,-3.7578809024785613 -38.51614386978164,-3.7580307991188233 -38.515801909286424,-3.7598349909788946 -38.51580720977574,-3.759869713389078 -38.515809844550084,-3.759915117579536 -38.515743066652526,-3.7604438766875394</coordinates>
                </LineString>
            </Placemark>
            <Placemark id="dt_mvw_sv_eixo_svb_l.fid--4079df0f_18eae1488d1_1c8c">
                <ExtendedData>
                    <SchemaData schemaUrl="#dt_mvw_sv_eixo_svb_l_1">
                        <SimpleData name="id">271</SimpleData>
                        <SimpleData name="idoriginal">232</SimpleData>
                        <SimpleData name="classifvia">Via Coletora</SimpleData>
                    </SchemaData>
                </ExtendedData>
                <LineString>
                    <coordinates>-38.51595670942529,-3.7487885304239787 -38.5157282284624,-3.748858566208749 -38.51544708065529,-3.748932195793561 -38.513859844405154,-3.7494384834316885 -38.51161858112935,-3.750173436523374</coordinates>
                </LineString>
            </Placemark>
            <Placemark id="dt_mvw_sv_eixo_svb_l.fid--4079df0f_18eae1488d1_1c8d">
                <ExtendedData>
                    <SchemaData schemaUrl="#dt_mvw_sv_eixo_svb_l_1">
                        <SimpleData name="id">272</SimpleData>
                        <SimpleData name="idoriginal">233</SimpleData>
                        <SimpleData name="classifvia">Via Coletora</SimpleData>
                    </SchemaData>
                </ExtendedData>
                <LineString>
                    <coordinates>-38.55934379417546,-3.7942637059442257 -38.561676184077676,-3.7932568622759195 -38.561749932427546,-3.7932291375789515 -38.56181446078595,-3.7932075773450773 -38.56187591086101,-3.793198354346756 -38.56194964745546,-3.7931953072356577 -38.56252116922986,-3.7931394229236637</coordinates>
                </LineString>
            </Placemark>
            <Placemark id="dt_mvw_sv_eixo_svb_l.fid--4079df0f_18eae1488d1_1c8e">
                <ExtendedData>
                    <SchemaData schemaUrl="#dt_mvw_sv_eixo_svb_l_1">
                        <SimpleData name="id">273</SimpleData>
                        <SimpleData name="idoriginal">234</SimpleData>
                        <SimpleData name="classifvia">Via Coletora</SimpleData>
                    </SchemaData>
                </ExtendedData>
                <LineString>
                    <coordinates>-38.45973290553848,-3.782525647703983 -38.459322998831865,-3.7875045538410164 -38.45929543702131,-3.7877577532667974 -38.45877990338819,-3.794095255553099</coordinates>
                </LineString>
            </Placemark>
            <Placemark id="dt_mvw_sv_eixo_svb_l.fid--4079df0f_18eae1488d1_1c8f">
                <ExtendedData>
                    <SchemaData schemaUrl="#dt_mvw_sv_eixo_svb_l_1">
                        <SimpleData name="id">274</SimpleData>
                        <SimpleData name="idoriginal">235</SimpleData>
                        <SimpleData name="classifvia">Via Coletora</SimpleData>
                    </SchemaData>
                </ExtendedData>
                <LineString>
                    <coordinates>-38.52459885824227,-3.7335376898637374 -38.524408600401934,-3.7345310729953622 -38.52431846249317,-3.734985097968519 -38.524169080534875,-3.735743529709481 -38.523962307774454,-3.7367732242549745 -38.523825193948134,-3.7374744368671875 -38.52364859588255,-3.738362301706922 -38.52358977493062,-3.738573644403077</coordinates>
                </LineString>
            </Placemark>
            <Placemark id="dt_mvw_sv_eixo_svb_l.fid--4079df0f_18eae1488d1_1c90">
                <ExtendedData>
                    <SchemaData schemaUrl="#dt_mvw_sv_eixo_svb_l_1">
                        <SimpleData name="id">275</SimpleData>
                        <SimpleData name="idoriginal">236</SimpleData>
                        <SimpleData name="classifvia">Via Coletora</SimpleData>
                    </SchemaData>
                </ExtendedData>
                <LineString>
                    <coordinates>-38.52358977493062,-3.738573644403077 -38.52330209265663,-3.7399567098253588 -38.52170064573545,-3.7475797826835917 -38.52166939530914,-3.7477400928474784 -38.52050821996737,-3.753473785006313</coordinates>
                </LineString>
            </Placemark>
            <Placemark id="dt_mvw_sv_eixo_svb_l.fid--4079df0f_18eae1488d1_1c91">
                <ExtendedData>
                    <SchemaData schemaUrl="#dt_mvw_sv_eixo_svb_l_1">
                        <SimpleData name="id">276</SimpleData>
                        <SimpleData name="idoriginal">237</SimpleData>
                        <SimpleData name="classifvia">Via Coletora</SimpleData>
                    </SchemaData>
                </ExtendedData>
                <LineString>
                    <coordinates>-38.50789729876777,-3.7555787807536625 -38.50786497342664,-3.7566937488930603 -38.50786320578543,-3.7568050536081694 -38.507849213802615,-3.757609583233532 -38.50783353599024,-3.7582720232737965 -38.507816546603436,-3.7590721689043645 -38.5078011132917,-3.759880842892182</coordinates>
                </LineString>
            </Placemark>
            <Placemark id="dt_mvw_sv_eixo_svb_l.fid--4079df0f_18eae1488d1_1c92">
                <ExtendedData>
                    <SchemaData schemaUrl="#dt_mvw_sv_eixo_svb_l_1">
                        <SimpleData name="id">277</SimpleData>
                        <SimpleData name="idoriginal">238</SimpleData>
                        <SimpleData name="classifvia">Via Coletora</SimpleData>
                    </SchemaData>
                </ExtendedData>
                <LineString>
                    <coordinates>-38.52164197365388,-3.7475787555314484 -38.52087500798176,-3.7475025822032344 -38.52076723435922,-3.747497112395505 -38.52065047581131,-3.7474988519650236 -38.520573231691685,-3.747507827555069 -38.520348656954106,-3.7475834566823933 -38.519449292567124,-3.7478700195852577 -38.51938102384733,-3.747888018030559 -38.51857002095774,-3.74798699210393 -38.51848558641277,-3.748004981555532 -38.51833467503892,-3.748049989311317 -38.517606280812984,-3.7482773996205956 -38.516945140704166,-3.7484826478755435 -38.51595726915822,-3.7487883588501423 -38.51595670942529,-3.7487885304239787</coordinates>
                </LineString>
            </Placemark>
            <Placemark id="dt_mvw_sv_eixo_svb_l.fid--4079df0f_18eae1488d1_1c93">
                <ExtendedData>
                    <SchemaData schemaUrl="#dt_mvw_sv_eixo_svb_l_1">
                        <SimpleData name="id">278</SimpleData>
                        <SimpleData name="idoriginal">239</SimpleData>
                        <SimpleData name="classifvia">Via Coletora</SimpleData>
                    </SchemaData>
                </ExtendedData>
                <LineString>
                    <coordinates>-38.550323128096814,-3.7765164202950188 -38.55029021450449,-3.77662507821054 -38.55029017255551,-3.7767065845629713 -38.55029207565278,-3.7767648039828465 -38.550305579927006,-3.7768133267516326 -38.550326808728585,-3.7768754378484393 -38.55335764239257,-3.7844234556900522</coordinates>
                </LineString>
            </Placemark>
            <Placemark id="dt_mvw_sv_eixo_svb_l.fid--4079df0f_18eae1488d1_1c94">
                <ExtendedData>
                    <SchemaData schemaUrl="#dt_mvw_sv_eixo_svb_l_1">
                        <SimpleData name="id">279</SimpleData>
                        <SimpleData name="idoriginal">240</SimpleData>
                        <SimpleData name="classifvia">Via Coletora</SimpleData>
                    </SchemaData>
                </ExtendedData>
                <LineString>
                    <coordinates>-38.56252116922986,-3.7931394229236637 -38.56231819027845,-3.7925935417249943 -38.561183355727,-3.789551129345865 -38.5600641995062,-3.7866685564770286 -38.559636594384536,-3.785383967142862</coordinates>
                </LineString>
            </Placemark>
            <Placemark id="dt_mvw_sv_eixo_svb_l.fid--4079df0f_18eae1488d1_1c95">
                <ExtendedData>
                    <SchemaData schemaUrl="#dt_mvw_sv_eixo_svb_l_1">
                        <SimpleData name="id">280</SimpleData>
                        <SimpleData name="idoriginal">241</SimpleData>
                        <SimpleData name="classifvia">Via Coletora</SimpleData>
                    </SchemaData>
                </ExtendedData>
                <LineString>
                    <coordinates>-38.44960126550678,-3.7614996849973146 -38.45060675661983,-3.7594239361188913 -38.45073564810044,-3.7591603424416475 -38.45077725288135,-3.7590787360872073 -38.450809811531286,-3.759017078544887 -38.450835132437085,-3.7589735569100804 -38.45114835202229,-3.7584293375324638 -38.451220685444795,-3.758304596074657 -38.45127855467866,-3.7582001596190477 -38.4513161709878,-3.758130535018767 -38.45185071911073,-3.7569512763568955 -38.45294930391165,-3.754613534424722 -38.45786868258742,-3.74447320865976 -38.46213445760231,-3.735682122543241 -38.46509987292607,-3.729577460066361 -38.46658465574276,-3.7265620367728904 -38.466792242020176,-3.726268968658783 -38.46804355244887,-3.723680715156571 -38.46855134456159,-3.7225637145712365</coordinates>
                </LineString>
            </Placemark>
            <Placemark id="dt_mvw_sv_eixo_svb_l.fid--4079df0f_18eae1488d1_1c96">
                <ExtendedData>
                    <SchemaData schemaUrl="#dt_mvw_sv_eixo_svb_l_1">
                        <SimpleData name="id">281</SimpleData>
                        <SimpleData name="idoriginal">371</SimpleData>
                        <SimpleData name="classifvia">Via Arterial I</SimpleData>
                    </SchemaData>
                </ExtendedData>
                <LineString>
                    <coordinates>-38.50547123014497,-3.799658181299511 -38.50660038690429,-3.800180437428835 -38.50710837759077,-3.8006456397066417 -38.507458225565244,-3.801144769747189 -38.507582143808364,-3.8017118057304806 -38.5086300356044,-3.8086965400563955 -38.50869764286436,-3.808980061266282 -38.50874271867589,-3.8091615163035617 -38.50892316269554,-3.8096378702500857 -38.50912624848199,-3.8100235227840726 -38.50938578179963,-3.8104545644482113 -38.50976958875083,-3.8108289806629054 -38.51013086517032,-3.8111013305882766 -38.51048086594911,-3.8113396554359626</coordinates>
                </LineString>
            </Placemark>
            <Placemark id="dt_mvw_sv_eixo_svb_l.fid--4079df0f_18eae1488d1_1c97">
                <ExtendedData>
                    <SchemaData schemaUrl="#dt_mvw_sv_eixo_svb_l_1">
                        <SimpleData name="id">282</SimpleData>
                        <SimpleData name="idoriginal">242</SimpleData>
                        <SimpleData name="classifvia">Via Coletora</SimpleData>
                    </SchemaData>
                </ExtendedData>
                <LineString>
                    <coordinates>-38.596592012995316,-3.7214613670879704 -38.592502990712234,-3.7226420911998135 -38.589310148958994,-3.7235838228197378 -38.58920782798377,-3.723612310741254 -38.58917088144493,-3.7236180003263777 -38.58836823211969,-3.7236062102576906 -38.58620473086905,-3.7237876763277526 -38.58486765113229,-3.7239205695167836 -38.58418736160888,-3.7239830043288173 -38.582641053193136,-3.7241394037082762 -38.58257663902441,-3.724135153752084 -38.58175051430021,-3.724229098315571 -38.581648284589996,-3.7242374872706736 -38.58155305924983,-3.724241660723285 -38.58145083086718,-3.724247237442076 -38.58135000602702,-3.7242471893749323 -38.58116986933083,-3.724251371570803 -38.58108164302988,-3.7242611732453113 -38.58099061630502,-3.7242695679756097 -38.58084777397314,-3.7242849690038855 -38.58052567392814,-3.7243270039695098</coordinates>
                </LineString>
            </Placemark>
            <Placemark id="dt_mvw_sv_eixo_svb_l.fid--4079df0f_18eae1488d1_1c98">
                <ExtendedData>
                    <SchemaData schemaUrl="#dt_mvw_sv_eixo_svb_l_1">
                        <SimpleData name="id">283</SimpleData>
                        <SimpleData name="idoriginal">243</SimpleData>
                        <SimpleData name="classifvia">Via Coletora</SimpleData>
                    </SchemaData>
                </ExtendedData>
                <LineString>
                    <coordinates>-38.58864392089879,-3.809213733466897 -38.58678974544585,-3.810809362879818</coordinates>
                </LineString>
            </Placemark>
            <Placemark id="dt_mvw_sv_eixo_svb_l.fid--4079df0f_18eae1488d1_1c99">
                <ExtendedData>
                    <SchemaData schemaUrl="#dt_mvw_sv_eixo_svb_l_1">
                        <SimpleData name="id">284</SimpleData>
                        <SimpleData name="idoriginal">244</SimpleData>
                        <SimpleData name="classifvia">Via Coletora</SimpleData>
                    </SchemaData>
                </ExtendedData>
                <LineString>
                    <coordinates>-38.5859949084145,-3.803964129250849 -38.58731545007836,-3.806009993469056 -38.58734802962182,-3.8060973492046375 -38.587368315527335,-3.8062102571521623 -38.58737290017035,-3.806369343211259 -38.58736818190857,-3.8064909933354967 -38.58736504428503,-3.8065564972651806 -38.587368226869444,-3.8066647002443275 -38.58739148492263,-3.8067551706686507 -38.58742251201347,-3.806840966322041 -38.58744734185522,-3.8068924466976664 -38.58748304569559,-3.8069423724649702 -38.588693078922496,-3.808758919441444 -38.58873203012669,-3.8088352691152427 -38.58875149098404,-3.8089037807068222 -38.588753410591934,-3.808966412090447 -38.588747538422794,-3.809017296622478 -38.58873971877295,-3.809064265848357 -38.58872410548657,-3.8091034025945514 -38.58869093909931,-3.80916014536406 -38.58865583335624,-3.809197315337043 -38.58862853077509,-3.8092207889878673</coordinates>
                </LineString>
            </Placemark>
            <Placemark id="dt_mvw_sv_eixo_svb_l.fid--4079df0f_18eae1488d1_1c9a">
                <ExtendedData>
                    <SchemaData schemaUrl="#dt_mvw_sv_eixo_svb_l_1">
                        <SimpleData name="id">285</SimpleData>
                        <SimpleData name="idoriginal">245</SimpleData>
                        <SimpleData name="classifvia">Via Arterial I</SimpleData>
                    </SchemaData>
                </ExtendedData>
                <LineString>
                    <coordinates>-38.57474382267543,-3.8117886313867584 -38.57512104674033,-3.8129708410381022 -38.575174726692055,-3.813233784145754 -38.57522827031932,-3.8135115957142194 -38.57521984897646,-3.813843275009318 -38.57515776182282,-3.814145905745608 -38.575058540113204,-3.8143904731752603 -38.57458700692323,-3.8156531241681897 -38.574516650617035,-3.8159764806759338 -38.57452476227259,-3.81627500016164 -38.57454938083098,-3.816699933297861 -38.57464830521131,-3.817060688267745 -38.57478442135026,-3.8173634168066832 -38.574949460521566,-3.817628845728941 -38.5751608206742,-3.817862947523984 -38.57658960070679,-3.8191091781826927 -38.57684549721305,-3.819349775295155 -38.57708484559606,-3.819652554589461 -38.57728290801738,-3.819942875941077 -38.57742010897303,-3.820164633839392 -38.577556244750056,-3.820430048123685 -38.57769646968956,-3.820778384812115 -38.57880370939495,-3.824234111575215</coordinates>
                </LineString>
            </Placemark>
            <Placemark id="dt_mvw_sv_eixo_svb_l.fid--4079df0f_18eae1488d1_1c9b">
                <ExtendedData>
                    <SchemaData schemaUrl="#dt_mvw_sv_eixo_svb_l_1">
                        <SimpleData name="id">286</SimpleData>
                        <SimpleData name="idoriginal">246</SimpleData>
                        <SimpleData name="classifvia">Via Coletora</SimpleData>
                    </SchemaData>
                </ExtendedData>
                <LineString>
                    <coordinates>-38.587117280902,-3.8002603165775155 -38.58703562026346,-3.8003121086271343 -38.586777443578306,-3.8004445765711226 -38.586675376387184,-3.800491536802843 -38.586554106715084,-3.800525229447031 -38.58647366517804,-3.800538449636127 -38.58641003526396,-3.800540829799587 -38.58302027120288,-3.8007110102320003 -38.57739523130871,-3.8009663558486837</coordinates>
                </LineString>
            </Placemark>
            <Placemark id="dt_mvw_sv_eixo_svb_l.fid--4079df0f_18eae1488d1_1c9c">
                <ExtendedData>
                    <SchemaData schemaUrl="#dt_mvw_sv_eixo_svb_l_1">
                        <SimpleData name="id">316</SimpleData>
                        <SimpleData name="idoriginal">277</SimpleData>
                        <SimpleData name="classifvia">Via Arterial II</SimpleData>
                    </SchemaData>
                </ExtendedData>
                <LineString>
                    <coordinates>-38.54232704320913,-3.7445088280403094 -38.54528661206764,-3.7477813438967886 -38.5468099331198,-3.7494792039905436 -38.54938981214819,-3.752344781740831 -38.55015583349665,-3.753204211041491 -38.551119531926446,-3.754275391476958 -38.55347006306239,-3.7568969101433187 -38.55640193434593,-3.760185382665646 -38.556752433212004,-3.760584857774147 -38.55687528585006,-3.7607301190785334 -38.55699554663824,-3.7608880860173937 -38.55710032333079,-3.761029708073777 -38.55720148150185,-3.7611785883089346 -38.557299020469294,-3.7613347267237867 -38.55746519907565,-3.761599798620593 -38.55759521836105,-3.7618721126043013 -38.55772568831313,-3.7621274929556736 -38.55785207088886,-3.7624433647738744 -38.55904400918817,-3.7653584897479466 -38.55981923351231,-3.7672204643268787</coordinates>
                </LineString>
            </Placemark>
            <Placemark id="dt_mvw_sv_eixo_svb_l.fid--4079df0f_18eae1488d1_1c9d">
                <ExtendedData>
                    <SchemaData schemaUrl="#dt_mvw_sv_eixo_svb_l_1">
                        <SimpleData name="id">317</SimpleData>
                        <SimpleData name="idoriginal">278</SimpleData>
                        <SimpleData name="classifvia">Via Coletora</SimpleData>
                    </SchemaData>
                </ExtendedData>
                <LineString>
                    <coordinates>-38.56406778591099,-3.7356605006817762 -38.561570099725735,-3.747734112733708</coordinates>
                </LineString>
            </Placemark>
            <Placemark id="dt_mvw_sv_eixo_svb_l.fid--4079df0f_18eae1488d1_1c9e">
                <ExtendedData>
                    <SchemaData schemaUrl="#dt_mvw_sv_eixo_svb_l_1">
                        <SimpleData name="id">318</SimpleData>
                        <SimpleData name="idoriginal">279</SimpleData>
                        <SimpleData name="classifvia">Via Expressa</SimpleData>
                    </SchemaData>
                </ExtendedData>
                <LineString>
                    <coordinates>-38.52360567823322,-3.75582208951533 -38.52280352754184,-3.755887006466275 -38.52222829245199,-3.756159642063698 -38.51991650088802,-3.7579640443355298</coordinates>
                </LineString>
            </Placemark>
            <Placemark id="dt_mvw_sv_eixo_svb_l.fid--4079df0f_18eae1488d1_1c9f">
                <ExtendedData>
                    <SchemaData schemaUrl="#dt_mvw_sv_eixo_svb_l_1">
                        <SimpleData name="id">287</SimpleData>
                        <SimpleData name="idoriginal">247</SimpleData>
                        <SimpleData name="classifvia">Via Arterial I</SimpleData>
                    </SchemaData>
                </ExtendedData>
                <LineString>
                    <coordinates>-38.58571628022,-3.7982677677658896 -38.58630048770992,-3.7988835877583393 -38.587725728841754,-3.8003804300310846 -38.58802491784021,-3.800849245149387 -38.5881543693114,-3.801300166653016 -38.58817409205515,-3.801776083375442 -38.58807161923319,-3.8022744845584295 -38.58783704296931,-3.802655097985951 -38.587711628955304,-3.8028622530007485 -38.587028419281886,-3.803301009803972 -38.5859949084145,-3.803964129250849 -38.581692211247216,-3.8067431216316243 -38.581058723442915,-3.807106832838716 -38.58009267633464,-3.807368714623106 -38.579650563276736,-3.807566655324612 -38.578376047792894,-3.8082548538934327 -38.57597246194559,-3.8106758688809603 -38.57474382267543,-3.8117886313867584 -38.574313128919556,-3.811934323158746 -38.57074594158358,-3.8131066538110114 -38.570451590550945,-3.813321916564804 -38.570132276049556,-3.813592271598725 -38.56960177713457,-3.814491280593402 -38.56939840339243,-3.8148133080031696 -38.56884196704881,-3.815360648682174 -38.56855300244828,-3.8157363210177073 -38.56821052297194,-3.816187129709517 -38.567900209480065,-3.816476889716127 -38.56755784751361,-3.8166914699733803 -38.562127649974386,-3.819143129100551 -38.5613787752879,-3.81951856319715 -38.559239106378044,-3.820634178816422 -38.558543728633,-3.820966686849756 -38.549551264616326,-3.823718365753377 -38.549167079423455,-3.823775303616628 -38.54397845594639,-3.8245997252972215 -38.54370463217252,-3.8246339393376294 -38.53889529810955,-3.8257996110144004 -38.53802238567651,-3.8260912025541094 -38.537235010036106,-3.8264343797942906 -38.53481449182208,-3.8276238987764226 -38.53443788818703,-3.827847035727476 -38.53397578431195,-3.8279498649365498 -38.52771165859065,-3.829423916890965 -38.527249544064254,-3.829543922021016 -38.526650592231206,-3.829543590263585 -38.52610300759585,-3.8294917463253393 -38.52170747430624,-3.828940030038484 -38.520442074509845,-3.828516142721335 -38.518281529682305,-3.828230602679532 -38.517395424166295,-3.8282332201260374 -38.51594085085138,-3.8281980367639017 -38.51470881261864,-3.8280427167919333 -38.514349403538304,-3.828111232966522 -38.51402417287785,-3.8282656690375956 -38.51159366178396,-3.829123287850029 -38.50494479430973,-3.8309424914578103</coordinates>
                </LineString>
            </Placemark>
            <Placemark id="dt_mvw_sv_eixo_svb_l.fid--4079df0f_18eae1488d1_1ca0">
                <ExtendedData>
                    <SchemaData schemaUrl="#dt_mvw_sv_eixo_svb_l_1">
                        <SimpleData name="id">288</SimpleData>
                        <SimpleData name="idoriginal">248</SimpleData>
                        <SimpleData name="classifvia">Via Arterial I</SimpleData>
                    </SchemaData>
                </ExtendedData>
                <LineString>
                    <coordinates>-38.59020243901804,-3.7868456160985295 -38.5886185019414,-3.791002593978876 -38.5859980392607,-3.797529860794617 -38.58580348600491,-3.7980926129721695 -38.58571628022,-3.7982677677658896</coordinates>
                </LineString>
            </Placemark>
            <Placemark id="dt_mvw_sv_eixo_svb_l.fid--4079df0f_18eae1488d1_1ca1">
                <ExtendedData>
                    <SchemaData schemaUrl="#dt_mvw_sv_eixo_svb_l_1">
                        <SimpleData name="id">289</SimpleData>
                        <SimpleData name="idoriginal">249</SimpleData>
                        <SimpleData name="classifvia">Via Coletora</SimpleData>
                    </SchemaData>
                </ExtendedData>
                <LineString>
                    <coordinates>-38.54551914309294,-3.744981217498559 -38.54647708264938,-3.74447907951148 -38.551758587035366,-3.7396566988104594</coordinates>
                </LineString>
            </Placemark>
            <Placemark id="dt_mvw_sv_eixo_svb_l.fid--4079df0f_18eae1488d1_1ca2">
                <ExtendedData>
                    <SchemaData schemaUrl="#dt_mvw_sv_eixo_svb_l_1">
                        <SimpleData name="id">290</SimpleData>
                        <SimpleData name="idoriginal">250</SimpleData>
                        <SimpleData name="classifvia">Via Arterial I</SimpleData>
                    </SchemaData>
                </ExtendedData>
                <LineString>
                    <coordinates>-38.5916643196889,-3.7027289769656804 -38.59149567406216,-3.7034879833855046 -38.58793519465774,-3.7175086609696883 -38.586212199292966,-3.7237573096975467 -38.58498885816816,-3.728602022791794 -38.584892574274626,-3.728891588995301 -38.584599518375974,-3.7314841157111958</coordinates>
                </LineString>
            </Placemark>
            <Placemark id="dt_mvw_sv_eixo_svb_l.fid--4079df0f_18eae1488d1_1ca3">
                <ExtendedData>
                    <SchemaData schemaUrl="#dt_mvw_sv_eixo_svb_l_1">
                        <SimpleData name="id">291</SimpleData>
                        <SimpleData name="idoriginal">251</SimpleData>
                        <SimpleData name="classifvia">Via Coletora</SimpleData>
                    </SchemaData>
                </ExtendedData>
                <LineString>
                    <coordinates>-38.4478656068901,-3.75208885091182 -38.45294930391165,-3.754613534424722</coordinates>
                </LineString>
            </Placemark>
            <Placemark id="dt_mvw_sv_eixo_svb_l.fid--4079df0f_18eae1488d1_1ca4">
                <ExtendedData>
                    <SchemaData schemaUrl="#dt_mvw_sv_eixo_svb_l_1">
                        <SimpleData name="id">292</SimpleData>
                        <SimpleData name="idoriginal">252</SimpleData>
                        <SimpleData name="classifvia">Via Arterial I</SimpleData>
                    </SchemaData>
                </ExtendedData>
                <LineString>
                    <coordinates>-38.58782448409829,-3.7739942753837576 -38.58728815124965,-3.7750778874764936 -38.58720476350085,-3.775503038334377</coordinates>
                </LineString>
            </Placemark>
            <Placemark id="dt_mvw_sv_eixo_svb_l.fid--4079df0f_18eae1488d1_1ca5">
                <ExtendedData>
                    <SchemaData schemaUrl="#dt_mvw_sv_eixo_svb_l_1">
                        <SimpleData name="id">293</SimpleData>
                        <SimpleData name="idoriginal">253</SimpleData>
                        <SimpleData name="classifvia">Via Arterial I</SimpleData>
                    </SchemaData>
                </ExtendedData>
                <LineString>
                    <coordinates>-38.52352656383608,-3.7385332004748926 -38.523783021689745,-3.7385333401359637 -38.52413237185026,-3.738582043227718 -38.52434048754535,-3.738626937919806 -38.52462297422085,-3.738604700744426 -38.52491663366816,-3.738541419997737 -38.52689591765582,-3.737896653981376 -38.52802968670813,-3.7375392903919367 -38.529585022533,-3.7372123435856595 -38.532418740302674,-3.73627728335142 -38.532541881644335,-3.7362184883876894 -38.53279456546245,-3.7360709241219023 -38.53290304780051,-3.736018007110871 -38.53303204783972,-3.735965101509583 -38.53331348991012,-3.735876960249114 -38.53411803467324,-3.7356031429391607 -38.5345900241509,-3.735476843490741 -38.53562988618329,-3.7352207192506484 -38.537764828756,-3.7345621132822906 -38.53831997304198,-3.734337908059306 -38.53887697819039,-3.7341881066346865 -38.53905875065222,-3.7341146262128144 -38.5392815814907,-3.733999965029252 -38.539549815469485,-3.7338370907528082 -38.539866453703404,-3.7337048202345 -38.54003942745327,-3.7336401644433432 -38.54247990485119,-3.73284307973513</coordinates>
                </LineString>
            </Placemark>
            <Placemark id="dt_mvw_sv_eixo_svb_l.fid--4079df0f_18eae1488d1_1ca6">
                <ExtendedData>
                    <SchemaData schemaUrl="#dt_mvw_sv_eixo_svb_l_1">
                        <SimpleData name="id">294</SimpleData>
                        <SimpleData name="idoriginal">254</SimpleData>
                        <SimpleData name="classifvia">Via Arterial I</SimpleData>
                    </SchemaData>
                </ExtendedData>
                <LineString>
                    <coordinates>-38.58720476350085,-3.775503038334377 -38.59019360818794,-3.7861953047495573 -38.59020243901804,-3.7868456160985295</coordinates>
                </LineString>
            </Placemark>
            <Placemark id="dt_mvw_sv_eixo_svb_l.fid--4079df0f_18eae1488d1_1ca7">
                <ExtendedData>
                    <SchemaData schemaUrl="#dt_mvw_sv_eixo_svb_l_1">
                        <SimpleData name="id">295</SimpleData>
                        <SimpleData name="idoriginal">255</SimpleData>
                        <SimpleData name="classifvia">Via Arterial I</SimpleData>
                    </SchemaData>
                </ExtendedData>
                <LineString>
                    <coordinates>-38.58936465116368,-3.7707467662399776 -38.58782448409829,-3.7739942753837576</coordinates>
                </LineString>
            </Placemark>
            <Placemark id="dt_mvw_sv_eixo_svb_l.fid--4079df0f_18eae1488d1_1ca8">
                <ExtendedData>
                    <SchemaData schemaUrl="#dt_mvw_sv_eixo_svb_l_1">
                        <SimpleData name="id">296</SimpleData>
                        <SimpleData name="idoriginal">256</SimpleData>
                        <SimpleData name="classifvia">Via Arterial I</SimpleData>
                    </SchemaData>
                </ExtendedData>
                <LineString>
                    <coordinates>-38.58588278533908,-3.760166219995333 -38.58958501326905,-3.7671570358842525 -38.59011057685527,-3.76815513085521 -38.59062091100792,-3.768959655852461 -38.590697323764594,-3.7692965734348</coordinates>
                </LineString>
            </Placemark>
            <Placemark id="dt_mvw_sv_eixo_svb_l.fid--4079df0f_18eae1488d1_1ca9">
                <ExtendedData>
                    <SchemaData schemaUrl="#dt_mvw_sv_eixo_svb_l_1">
                        <SimpleData name="id">297</SimpleData>
                        <SimpleData name="idoriginal">257</SimpleData>
                        <SimpleData name="classifvia">Via Arterial I</SimpleData>
                    </SchemaData>
                </ExtendedData>
                <LineString>
                    <coordinates>-38.584599518375974,-3.7314841157111958 -38.584324965816116,-3.7338761661351536</coordinates>
                </LineString>
            </Placemark>
            <Placemark id="dt_mvw_sv_eixo_svb_l.fid--4079df0f_18eae1488d1_1caa">
                <ExtendedData>
                    <SchemaData schemaUrl="#dt_mvw_sv_eixo_svb_l_1">
                        <SimpleData name="id">298</SimpleData>
                        <SimpleData name="idoriginal">258</SimpleData>
                        <SimpleData name="classifvia">Via Expressa</SimpleData>
                    </SchemaData>
                </ExtendedData>
                <LineString>
                    <coordinates>-38.48023286805433,-3.7279990838535646 -38.48024961128788,-3.7276544672138767 -38.4805256429084,-3.726566882320681 -38.48054488340696,-3.726134835167079</coordinates>
                </LineString>
            </Placemark>
            <Placemark id="dt_mvw_sv_eixo_svb_l.fid--4079df0f_18eae1488d1_1cab">
                <ExtendedData>
                    <SchemaData schemaUrl="#dt_mvw_sv_eixo_svb_l_1">
                        <SimpleData name="id">299</SimpleData>
                        <SimpleData name="idoriginal">259</SimpleData>
                        <SimpleData name="classifvia">Via Arterial I</SimpleData>
                    </SchemaData>
                </ExtendedData>
                <LineString>
                    <coordinates>-38.58521849928526,-3.787484440805288 -38.58583543825624,-3.7880515138020776 -38.58599382095665,-3.788216046206823 -38.58804616891414,-3.7903949666329173</coordinates>
                </LineString>
            </Placemark>
            <Placemark id="dt_mvw_sv_eixo_svb_l.fid--4079df0f_18eae1488d1_1cac">
                <ExtendedData>
                    <SchemaData schemaUrl="#dt_mvw_sv_eixo_svb_l_1">
                        <SimpleData name="id">300</SimpleData>
                        <SimpleData name="idoriginal">260</SimpleData>
                        <SimpleData name="classifvia">Via Coletora</SimpleData>
                    </SchemaData>
                </ExtendedData>
                <LineString>
                    <coordinates>-38.5198368922822,-3.756691166554508 -38.51975576194435,-3.756684656386011 -38.518810645787134,-3.7565924701062428 -38.51864995435229,-3.7565764731854183 -38.51652491882629,-3.756371982961627 -38.515483076836304,-3.756265947534148 -38.51530566441151,-3.7562531239229004 -38.51382220280373,-3.7561122880156024 -38.51213881077124,-3.7559475596648073 -38.50783944947371,-3.7555304856208154</coordinates>
                </LineString>
            </Placemark>
            <Placemark id="dt_mvw_sv_eixo_svb_l.fid--4079df0f_18eae1488d1_1cad">
                <ExtendedData>
                    <SchemaData schemaUrl="#dt_mvw_sv_eixo_svb_l_1">
                        <SimpleData name="id">301</SimpleData>
                        <SimpleData name="idoriginal">261</SimpleData>
                        <SimpleData name="classifvia">Via Arterial I</SimpleData>
                    </SchemaData>
                </ExtendedData>
                <LineString>
                    <coordinates>-38.519551593571805,-3.7235337031065674 -38.52066457455258,-3.723332118286043 -38.52115220992965,-3.723162116513975 -38.522954150057366,-3.7228864119297844 -38.52442776169713,-3.722174214800686 -38.52526020121003,-3.721896101594791 -38.52606580985919,-3.7217049849552266 -38.52887495126747,-3.7208232315049115 -38.53084673657579,-3.720036797224377 -38.53199597265435,-3.7193746565976586 -38.53250484664694,-3.7191195254626983 -38.53380873191735,-3.7186626224484107 -38.535133808651636,-3.7182163706163256 -38.53557902785053,-3.718078262996008 -38.53598006996033,-3.7180532034250398 -38.53622036299849,-3.7180848022085504 -38.536502425210955,-3.7181636312414224 -38.53680539691278,-3.7182162441030955 -38.53716589407174,-3.7181534898105895 -38.53907086182472,-3.7176713701235764 -38.53925897048163,-3.717592788786038 -38.53947321159806,-3.7174932393979203 -38.539650891365085,-3.717377935030712 -38.54223887420015,-3.715351873861147 -38.54245836235069,-3.7152051189772655 -38.54267402479352,-3.7150950355003935 -38.542924833600914,-3.7149955046210392 -38.543201746941705,-3.714927458803295 -38.54347864330111,-3.714890885435786 -38.543750297257965,-3.714891026281993 -38.54419431144834,-3.714959445411511 -38.54443461038759,-3.714980551515812 -38.54496501052578,-3.7149753420789007 -38.54544566679322,-3.7149021554086263 -38.54582706691168,-3.714823672311666 -38.546312998286474,-3.714650826665607 -38.54662811917945,-3.7144660861378433 -38.54694163825983,-3.7143246233845257 -38.54725516794213,-3.7141621792786856 -38.54763659971555,-3.714020751171037 -38.54805460074927,-3.713879341654358 -38.5530204632762,-3.7123961211678016 -38.553265294926405,-3.7123363735400354 -38.5535763504043,-3.7122658258321364 -38.55473253042376,-3.712013048301566 -38.555067052346274,-3.711954296057361 -38.55718248529035,-3.7116485559140315 -38.55740550343384,-3.711601530377397 -38.55761679448688,-3.7115368231290846 -38.562708091034345,-3.7101175429921582 -38.56346831855417,-3.7099519401318326 -38.56465388730266,-3.709593104911283 -38.56870000000878,-3.7083409374234706 -38.569466307914595,-3.7080396330374903 -38.57051814997446,-3.707527292257279 -38.573693512653016,-3.706321035836868 -38.57491052933758,-3.70595960813674 -38.57558667563853,-3.705703506845753 -38.577875199140024,-3.7045547289825875 -38.57901717023234,-3.704042420088584 -38.57993370629756,-3.703726093886393 -38.588103238864186,-3.6997760422165165</coordinates>
                </LineString>
            </Placemark>
            <Placemark id="dt_mvw_sv_eixo_svb_l.fid--4079df0f_18eae1488d1_1cae">
                <ExtendedData>
                    <SchemaData schemaUrl="#dt_mvw_sv_eixo_svb_l_1">
                        <SimpleData name="id">302</SimpleData>
                        <SimpleData name="idoriginal">262</SimpleData>
                        <SimpleData name="classifvia">Via Coletora</SimpleData>
                    </SchemaData>
                </ExtendedData>
                <LineString>
                    <coordinates>-38.59233507933652,-3.7064545692900888 -38.59352317559584,-3.706077953964511 -38.59356898018897,-3.706073375677179 -38.59361248527844,-3.706087193404199 -38.59366285206405,-3.7061217108216358 -38.59368573930756,-3.706151616194601 -38.59517916401995,-3.7085788783756173 -38.59524556989586,-3.708595006008073 -38.59528220648191,-3.7086065205836447</coordinates>
                </LineString>
            </Placemark>
            <Placemark id="dt_mvw_sv_eixo_svb_l.fid--4079df0f_18eae1488d1_1caf">
                <ExtendedData>
                    <SchemaData schemaUrl="#dt_mvw_sv_eixo_svb_l_1">
                        <SimpleData name="id">303</SimpleData>
                        <SimpleData name="idoriginal">263</SimpleData>
                        <SimpleData name="classifvia">Via Arterial I</SimpleData>
                    </SchemaData>
                </ExtendedData>
                <LineString>
                    <coordinates>-38.58533825535601,-3.7387811340331374 -38.584959836365044,-3.7451372085646812 -38.58474703557142,-3.7480880022333776 -38.58469728595555,-3.7488905326373176 -38.58449941431941,-3.7497110273796257 -38.58292132217184,-3.7530012186539943 -38.582758235627296,-3.753749988954024 -38.582771557582845,-3.754253765593192 -38.58588278533908,-3.760166219995333</coordinates>
                </LineString>
            </Placemark>
            <Placemark id="dt_mvw_sv_eixo_svb_l.fid--4079df0f_18eae1488d1_1cb0">
                <ExtendedData>
                    <SchemaData schemaUrl="#dt_mvw_sv_eixo_svb_l_1">
                        <SimpleData name="id">304</SimpleData>
                        <SimpleData name="idoriginal">264</SimpleData>
                        <SimpleData name="classifvia">Via Coletora</SimpleData>
                    </SchemaData>
                </ExtendedData>
                <LineString>
                    <coordinates>-38.46469131890814,-3.7206962737793496 -38.46855134456159,-3.7225637145712365 -38.469142639438836,-3.7229121934533893</coordinates>
                </LineString>
            </Placemark>
            <Placemark id="dt_mvw_sv_eixo_svb_l.fid--4079df0f_18eae1488d1_1cb1">
                <ExtendedData>
                    <SchemaData schemaUrl="#dt_mvw_sv_eixo_svb_l_1">
                        <SimpleData name="id">305</SimpleData>
                        <SimpleData name="idoriginal">265</SimpleData>
                        <SimpleData name="classifvia">Via Expressa</SimpleData>
                    </SchemaData>
                </ExtendedData>
                <LineString>
                    <coordinates>-38.54181804880109,-3.7471647027554216 -38.54111576609822,-3.7472056579340967 -38.54069843994198,-3.7473648316086465 -38.54052207844313,-3.7474828078119087 -38.540351579697116,-3.747627352595914 -38.54003109640337,-3.748019763262035 -38.53924899766318,-3.748978661396041 -38.538664690719926,-3.749453641378618 -38.53683280878189,-3.7505875175645005</coordinates>
                </LineString>
            </Placemark>
            <Placemark id="dt_mvw_sv_eixo_svb_l.fid--4079df0f_18eae1488d1_1cb2">
                <ExtendedData>
                    <SchemaData schemaUrl="#dt_mvw_sv_eixo_svb_l_1">
                        <SimpleData name="id">306</SimpleData>
                        <SimpleData name="idoriginal">266</SimpleData>
                        <SimpleData name="classifvia">Via Expressa</SimpleData>
                    </SchemaData>
                </ExtendedData>
                <LineString>
                    <coordinates>-38.54369453601444,-3.737291094071733 -38.54310560130925,-3.740643486969895 -38.54309704497883,-3.7408582414070337 -38.54300701790869,-3.741487388858843 -38.54311052417902,-3.7426567318803365 -38.543194092957734,-3.74282355658892 -38.54397318344557,-3.7444243246739135 -38.54395314692548,-3.744852281374961 -38.54389098143506,-3.745322515141971</coordinates>
                </LineString>
            </Placemark>
            <Placemark id="dt_mvw_sv_eixo_svb_l.fid--4079df0f_18eae1488d1_1cb3">
                <ExtendedData>
                    <SchemaData schemaUrl="#dt_mvw_sv_eixo_svb_l_1">
                        <SimpleData name="id">307</SimpleData>
                        <SimpleData name="idoriginal">267</SimpleData>
                        <SimpleData name="classifvia">Via Coletora</SimpleData>
                    </SchemaData>
                </ExtendedData>
                <LineString>
                    <coordinates>-38.55235876956548,-3.7397828031545304 -38.553697191831866,-3.7416654905435833 -38.55466952047814,-3.743096488786967 -38.55635639770284,-3.745521899897663 -38.55660733477249,-3.745922498234776 -38.557392555016825,-3.746816759681913 -38.55774092593356,-3.7472371447227206 -38.55785824347453,-3.74734719910281 -38.55796384136389,-3.747417963956731 -38.558077275394766,-3.7474690917456703 -38.55815551013163,-3.747496629713408 -38.55821027866639,-3.7475084426697562</coordinates>
                </LineString>
            </Placemark>
            <Placemark id="dt_mvw_sv_eixo_svb_l.fid--4079df0f_18eae1488d1_1cb4">
                <ExtendedData>
                    <SchemaData schemaUrl="#dt_mvw_sv_eixo_svb_l_1">
                        <SimpleData name="id">308</SimpleData>
                        <SimpleData name="idoriginal">268</SimpleData>
                        <SimpleData name="classifvia">Via Coletora</SimpleData>
                    </SchemaData>
                </ExtendedData>
                <LineString>
                    <coordinates>-38.56419641835847,-3.735495743626054 -38.56439670973634,-3.7345155517139403 -38.564409382076,-3.7344622262434304 -38.56441193606266,-3.734411435168118 -38.5644195448426,-3.7343682658359967 -38.564663876930396,-3.7310959904957737 -38.56473649415476,-3.7300299499081286 -38.564776439856296,-3.7297940092636357 -38.56508170317508,-3.7272375836694724 -38.565171955256424,-3.7265327727147293 -38.56520133251393,-3.7263660945574784 -38.56522481531482,-3.726271973386364 -38.565256162863555,-3.7261673892111085 -38.56528941603058,-3.726063467699703 -38.56704513657231,-3.721164886190298</coordinates>
                </LineString>
            </Placemark>
            <Placemark id="dt_mvw_sv_eixo_svb_l.fid--4079df0f_18eae1488d1_1cb5">
                <ExtendedData>
                    <SchemaData schemaUrl="#dt_mvw_sv_eixo_svb_l_1">
                        <SimpleData name="id">309</SimpleData>
                        <SimpleData name="idoriginal">269</SimpleData>
                        <SimpleData name="classifvia">Via Arterial I</SimpleData>
                    </SchemaData>
                </ExtendedData>
                <LineString>
                    <coordinates>-38.540758011741175,-3.724909750565643 -38.54024338196944,-3.728470055025234 -38.539942872348355,-3.730524864688502</coordinates>
                </LineString>
            </Placemark>
            <Placemark id="dt_mvw_sv_eixo_svb_l.fid--4079df0f_18eae1488d1_1cb6">
                <ExtendedData>
                    <SchemaData schemaUrl="#dt_mvw_sv_eixo_svb_l_1">
                        <SimpleData name="id">310</SimpleData>
                        <SimpleData name="idoriginal">372</SimpleData>
                        <SimpleData name="classifvia">Via Arterial I</SimpleData>
                    </SchemaData>
                </ExtendedData>
                <LineString>
                    <coordinates>-38.60003765012321,-3.7342376903472827 -38.600025917551115,-3.734346198269954</coordinates>
                </LineString>
            </Placemark>
            <Placemark id="dt_mvw_sv_eixo_svb_l.fid--4079df0f_18eae1488d1_1cb7">
                <ExtendedData>
                    <SchemaData schemaUrl="#dt_mvw_sv_eixo_svb_l_1">
                        <SimpleData name="id">311</SimpleData>
                        <SimpleData name="idoriginal">272</SimpleData>
                        <SimpleData name="classifvia">Via Coletora</SimpleData>
                    </SchemaData>
                </ExtendedData>
                <LineString>
                    <coordinates>-38.54063513108335,-3.7476230743237515 -38.5427947410545,-3.7500032535862116 -38.545053236927956,-3.7524695838912425 -38.54512932090553,-3.752578045900758 -38.54583360939598,-3.7533510187456147 -38.54587251666987,-3.753391347854189 -38.54629835570437,-3.7539421365973102 -38.54636035859211,-3.7540179007732744 -38.546983149176306,-3.754796126650821 -38.54808089841035,-3.7560819148847098 -38.54816501296197,-3.7561619316532937 -38.54861656719862,-3.7567748776467518 -38.54868623753603,-3.756866641534738 -38.54872708078411,-3.7569173539441025 -38.54876792330849,-3.756968066826674 -38.550409945691314,-3.7589478875773197</coordinates>
                </LineString>
            </Placemark>
            <Placemark id="dt_mvw_sv_eixo_svb_l.fid--4079df0f_18eae1488d1_1cb8">
                <ExtendedData>
                    <SchemaData schemaUrl="#dt_mvw_sv_eixo_svb_l_1">
                        <SimpleData name="id">312</SimpleData>
                        <SimpleData name="idoriginal">273</SimpleData>
                        <SimpleData name="classifvia">Via Arterial I</SimpleData>
                    </SchemaData>
                </ExtendedData>
                <LineString>
                    <coordinates>-38.52398242703548,-3.7368624174201686 -38.52452230779644,-3.7387286423315036 -38.5250207414598,-3.7403024222935857 -38.52507598420351,-3.7407341232452005 -38.525283928405905,-3.740901334453375 -38.52578300065626,-3.7412915016270385 -38.52593539431566,-3.7415979312134495 -38.5259907131346,-3.74189038308159 -38.52535021684175,-3.7457267091970254 -38.52529461382755,-3.745963401517759 -38.52516965735742,-3.7462139806818144 -38.52407133441882,-3.7485473995909495 -38.5239741451038,-3.7487422948648077 -38.52386294449134,-3.7492017541010205 -38.5233897892421,-3.752167489693713 -38.523403560882485,-3.7523485204462044 -38.52359593720431,-3.755611478170441 -38.52360567823322,-3.75582208951533</coordinates>
                </LineString>
            </Placemark>
            <Placemark id="dt_mvw_sv_eixo_svb_l.fid--4079df0f_18eae1488d1_1cb9">
                <ExtendedData>
                    <SchemaData schemaUrl="#dt_mvw_sv_eixo_svb_l_1">
                        <SimpleData name="id">313</SimpleData>
                        <SimpleData name="idoriginal">274</SimpleData>
                        <SimpleData name="classifvia">Via Coletora</SimpleData>
                    </SchemaData>
                </ExtendedData>
                <LineString>
                    <coordinates>-38.54010885662963,-3.74822199747602 -38.540692601448306,-3.7488894474449217 -38.54071381818179,-3.7489135545854593 -38.54074333411415,-3.748950641227276 -38.54076178054751,-3.7489766007101304 -38.54078484896517,-3.7490119717303427 -38.54080699942975,-3.749047448818566</coordinates>
                </LineString>
            </Placemark>
            <Placemark id="dt_mvw_sv_eixo_svb_l.fid--4079df0f_18eae1488d1_1cba">
                <ExtendedData>
                    <SchemaData schemaUrl="#dt_mvw_sv_eixo_svb_l_1">
                        <SimpleData name="id">314</SimpleData>
                        <SimpleData name="idoriginal">275</SimpleData>
                        <SimpleData name="classifvia">Via Expressa</SimpleData>
                    </SchemaData>
                </ExtendedData>
                <LineString>
                    <coordinates>-38.543449874295646,-3.7457502517288184 -38.54221580883244,-3.746859334003596 -38.541938280919496,-3.7470831246238245 -38.54181804880109,-3.7471647027554216</coordinates>
                </LineString>
            </Placemark>
            <Placemark id="dt_mvw_sv_eixo_svb_l.fid--4079df0f_18eae1488d1_1cbb">
                <ExtendedData>
                    <SchemaData schemaUrl="#dt_mvw_sv_eixo_svb_l_1">
                        <SimpleData name="id">315</SimpleData>
                        <SimpleData name="idoriginal">276</SimpleData>
                        <SimpleData name="classifvia">Via Arterial I</SimpleData>
                    </SchemaData>
                </ExtendedData>
                <LineString>
                    <coordinates>-38.54489037410337,-3.7316075386214353 -38.5490386646973,-3.7324828253912523 -38.55104546465596,-3.7328816001590903 -38.55590005922616,-3.7338883578008244 -38.564143691404716,-3.7355997750044523 -38.56902705894225,-3.736585730426695</coordinates>
                </LineString>
            </Placemark>
            <Placemark id="dt_mvw_sv_eixo_svb_l.fid--4079df0f_18eae1488d1_1cbc">
                <ExtendedData>
                    <SchemaData schemaUrl="#dt_mvw_sv_eixo_svb_l_1">
                        <SimpleData name="id">351</SimpleData>
                        <SimpleData name="idoriginal">314</SimpleData>
                        <SimpleData name="classifvia">Via Arterial I</SimpleData>
                    </SchemaData>
                </ExtendedData>
                <LineString>
                    <coordinates>-38.5148087048943,-3.77939214802814 -38.51541135499812,-3.7799051803150303 -38.515665365752575,-3.7806120649526034 -38.516521582128824,-3.782863714810319 -38.516910772006284,-3.7844817776998774</coordinates>
                </LineString>
            </Placemark>
            <Placemark id="dt_mvw_sv_eixo_svb_l.fid--4079df0f_18eae1488d1_1cbd">
                <ExtendedData>
                    <SchemaData schemaUrl="#dt_mvw_sv_eixo_svb_l_1">
                        <SimpleData name="id">319</SimpleData>
                        <SimpleData name="idoriginal">280</SimpleData>
                        <SimpleData name="classifvia">Via Expressa</SimpleData>
                    </SchemaData>
                </ExtendedData>
                <LineString>
                    <coordinates>-38.51907164590164,-3.760432694543623 -38.51833550468174,-3.7651094820827824 -38.51821013200141,-3.765701282194282 -38.5149317260146,-3.778039407139329 -38.51457370505514,-3.779366428502263 -38.51418000370991,-3.7806037523341436 -38.51369709039649,-3.781643735805988 -38.500943763480535,-3.809016060613048 -38.50062883059129,-3.809905472440886 -38.50057119953371,-3.8107089438081063 -38.50065627220101,-3.8118855544480494 -38.50504905335535,-3.8291865813318022 -38.50501999040871,-3.830018766244926 -38.504933792723506,-3.8307935246505593 -38.504617907430514,-3.8319796391491083 -38.49585361256649,-3.849906141304429 -38.495595993470815,-3.850508616043303 -38.49553843456988,-3.8511686027494543 -38.4954521731523,-3.852029448248523 -38.49553740371749,-3.852919092248149 -38.496648518389996,-3.8594203735885015 -38.497760730218,-3.8638690008039154 -38.49784611468406,-3.864500375750881 -38.49784511875328,-3.8661934720986713 -38.49764449708994,-3.8670829463418435 -38.49770116094672,-3.867943876713437 -38.497900736486436,-3.8688335885876075 -38.5005259903778,-3.8782878712984328 -38.500668633502166,-3.878775797460564 -38.50075467560879,-3.8793648996165366 -38.501807308267864,-3.8879744915481935</coordinates>
                </LineString>
            </Placemark>
            <Placemark id="dt_mvw_sv_eixo_svb_l.fid--4079df0f_18eae1488d1_1cbe">
                <ExtendedData>
                    <SchemaData schemaUrl="#dt_mvw_sv_eixo_svb_l_1">
                        <SimpleData name="id">320</SimpleData>
                        <SimpleData name="idoriginal">281</SimpleData>
                        <SimpleData name="classifvia">Via Expressa</SimpleData>
                    </SchemaData>
                </ExtendedData>
                <LineString>
                    <coordinates>-38.52360567823322,-3.75582208951533 -38.52362057493157,-3.756144171955958 -38.52354067889515,-3.7569915972638426 -38.523867053079215,-3.7609053864507307</coordinates>
                </LineString>
            </Placemark>
            <Placemark id="dt_mvw_sv_eixo_svb_l.fid--4079df0f_18eae1488d1_1cbf">
                <ExtendedData>
                    <SchemaData schemaUrl="#dt_mvw_sv_eixo_svb_l_1">
                        <SimpleData name="id">321</SimpleData>
                        <SimpleData name="idoriginal">282</SimpleData>
                        <SimpleData name="classifvia">Via Expressa</SimpleData>
                    </SchemaData>
                </ExtendedData>
                <LineString>
                    <coordinates>-38.53278303846461,-3.7521537372769567 -38.52969585867825,-3.7552265375770393 -38.529188117479656,-3.7557319104314812 -38.52886936911934,-3.75605561830568 -38.52853886109024,-3.7563398890961905 -38.52822195314148,-3.7564074435340067 -38.52792529648064,-3.756427600553277 -38.52770957961228,-3.756380075273919 -38.52735234381802,-3.75621733874145 -38.52618727003243,-3.755614803286066 -38.5256672815073,-3.755430799644032 -38.525424600974006,-3.755376486547109 -38.52510094036626,-3.755464354009737 -38.52479074893498,-3.7555793191277522 -38.524298451731575,-3.755829636811568 -38.52360567823322,-3.75582208951533</coordinates>
                </LineString>
            </Placemark>
            <Placemark id="dt_mvw_sv_eixo_svb_l.fid--4079df0f_18eae1488d1_1cc0">
                <ExtendedData>
                    <SchemaData schemaUrl="#dt_mvw_sv_eixo_svb_l_1">
                        <SimpleData name="id">322</SimpleData>
                        <SimpleData name="idoriginal">283</SimpleData>
                        <SimpleData name="classifvia">Via Arterial I</SimpleData>
                    </SchemaData>
                </ExtendedData>
                <LineString>
                    <coordinates>-38.56650573081572,-3.741923317815681 -38.56295718855686,-3.7411861630900796 -38.557423161540605,-3.7400594573693673 -38.55202990374403,-3.7389835543318446 -38.54992700767318,-3.7385170327694706 -38.543938690397894,-3.7372742015627196 -38.5438294130722,-3.737259534516527</coordinates>
                </LineString>
            </Placemark>
            <Placemark id="dt_mvw_sv_eixo_svb_l.fid--4079df0f_18eae1488d1_1cc1">
                <ExtendedData>
                    <SchemaData schemaUrl="#dt_mvw_sv_eixo_svb_l_1">
                        <SimpleData name="id">323</SimpleData>
                        <SimpleData name="idoriginal">284</SimpleData>
                        <SimpleData name="classifvia">Via Coletora</SimpleData>
                    </SchemaData>
                </ExtendedData>
                <LineString>
                    <coordinates>-38.56401451776894,-3.7747549697983627 -38.56680531264356,-3.7777063777965365 -38.57311398193515,-3.784562694217697 -38.574758671175026,-3.786505205430651 -38.57481508961928,-3.786574059428029 -38.57486143592739,-3.7866246895412785 -38.574891661564926,-3.786659117283635 -38.58036682366714,-3.7925745050203954 -38.58571628022,-3.7982677677658896</coordinates>
                </LineString>
            </Placemark>
            <Placemark id="dt_mvw_sv_eixo_svb_l.fid--4079df0f_18eae1488d1_1cc2">
                <ExtendedData>
                    <SchemaData schemaUrl="#dt_mvw_sv_eixo_svb_l_1">
                        <SimpleData name="id">324</SimpleData>
                        <SimpleData name="idoriginal">285</SimpleData>
                        <SimpleData name="classifvia">Via Coletora</SimpleData>
                    </SchemaData>
                </ExtendedData>
                <LineString>
                    <coordinates>-38.58910967280117,-3.7236170189820763 -38.5892261331027,-3.7249641985844217 -38.58935576783477,-3.726420459022071 -38.58947170017097,-3.727338528434796</coordinates>
                </LineString>
            </Placemark>
            <Placemark id="dt_mvw_sv_eixo_svb_l.fid--4079df0f_18eae1488d1_1cc3">
                <ExtendedData>
                    <SchemaData schemaUrl="#dt_mvw_sv_eixo_svb_l_1">
                        <SimpleData name="id">325</SimpleData>
                        <SimpleData name="idoriginal">286</SimpleData>
                        <SimpleData name="classifvia">Via Arterial I</SimpleData>
                    </SchemaData>
                </ExtendedData>
                <LineString>
                    <coordinates>-38.54175122111048,-3.724569557862306 -38.54211963304492,-3.7245056897823696 -38.543116769589304,-3.7243183520646266 -38.54338730549574,-3.7242924675275213 -38.54359141069855,-3.7242958269287323 -38.54372261422777,-3.7243121610369196 -38.545482977535855,-3.7246648307379213 -38.54590677827868,-3.724692189979245 -38.54619444784389,-3.724660287589305</coordinates>
                </LineString>
            </Placemark>
            <Placemark id="dt_mvw_sv_eixo_svb_l.fid--4079df0f_18eae1488d1_1cc4">
                <ExtendedData>
                    <SchemaData schemaUrl="#dt_mvw_sv_eixo_svb_l_1">
                        <SimpleData name="id">326</SimpleData>
                        <SimpleData name="idoriginal">287</SimpleData>
                        <SimpleData name="classifvia">Via Coletora</SimpleData>
                    </SchemaData>
                </ExtendedData>
                <LineString>
                    <coordinates>-38.526561786504175,-3.7517830193747295 -38.5265894772435,-3.7518243258222745 -38.52790761763569,-3.753386667818168 -38.527976212391984,-3.753460214634931 -38.52803796178,-3.75350159747279 -38.52809055801678,-3.753545272511044 -38.52816602907334,-3.7535958514213785 -38.52827293889048,-3.753657120150918 -38.52832676544358,-3.753692499855622 -38.528367290586736,-3.753720008559379 -38.528429040596194,-3.7537590937409027 -38.528486210368776,-3.7538073655591493 -38.528557095071,-3.7538786168884237 -38.52860511416142,-3.7539245865863315 -38.5286554181938,-3.753977449004733 -38.52969585867825,-3.7552265375770393</coordinates>
                </LineString>
            </Placemark>
            <Placemark id="dt_mvw_sv_eixo_svb_l.fid--4079df0f_18eae1488d1_1cc5">
                <ExtendedData>
                    <SchemaData schemaUrl="#dt_mvw_sv_eixo_svb_l_1">
                        <SimpleData name="id">327</SimpleData>
                        <SimpleData name="idoriginal">288</SimpleData>
                        <SimpleData name="classifvia">Via Coletora</SimpleData>
                    </SchemaData>
                </ExtendedData>
                <LineString>
                    <coordinates>-38.54800356470616,-3.724626193483488 -38.548047877419876,-3.725014182720821 -38.54907422673602,-3.7323885514293695</coordinates>
                </LineString>
            </Placemark>
            <Placemark id="dt_mvw_sv_eixo_svb_l.fid--4079df0f_18eae1488d1_1cc6">
                <ExtendedData>
                    <SchemaData schemaUrl="#dt_mvw_sv_eixo_svb_l_1">
                        <SimpleData name="id">328</SimpleData>
                        <SimpleData name="idoriginal">289</SimpleData>
                        <SimpleData name="classifvia">Via Coletora</SimpleData>
                    </SchemaData>
                </ExtendedData>
                <LineString>
                    <coordinates>-38.55214031475039,-3.7332330857213014 -38.55193071456558,-3.7342699871714977 -38.551904291847784,-3.7344079512829342 -38.551484388287285,-3.7364554142686224 -38.55146660000497,-3.736591811646218 -38.55085109293736,-3.7394769616196024</coordinates>
                </LineString>
            </Placemark>
            <Placemark id="dt_mvw_sv_eixo_svb_l.fid--4079df0f_18eae1488d1_1cc7">
                <ExtendedData>
                    <SchemaData schemaUrl="#dt_mvw_sv_eixo_svb_l_1">
                        <SimpleData name="id">329</SimpleData>
                        <SimpleData name="idoriginal">290</SimpleData>
                        <SimpleData name="classifvia">Via Expressa</SimpleData>
                    </SchemaData>
                </ExtendedData>
                <LineString>
                    <coordinates>-38.53683280878189,-3.7505875175645005 -38.536128161152064,-3.7509951430905555 -38.53573074675285,-3.7511524031340824 -38.53543794853006,-3.7512047381602964 -38.533963534082865,-3.751403415739891 -38.533618438619236,-3.7514872161909874 -38.533325590118935,-3.751634032987386 -38.53313729126858,-3.751801902168323 -38.53278303846461,-3.7521537372769567</coordinates>
                </LineString>
            </Placemark>
            <Placemark id="dt_mvw_sv_eixo_svb_l.fid--4079df0f_18eae1488d1_1cc8">
                <ExtendedData>
                    <SchemaData schemaUrl="#dt_mvw_sv_eixo_svb_l_1">
                        <SimpleData name="id">330</SimpleData>
                        <SimpleData name="idoriginal">291</SimpleData>
                        <SimpleData name="classifvia">Via Expressa</SimpleData>
                    </SchemaData>
                </ExtendedData>
                <LineString>
                    <coordinates>-38.54560810921874,-3.714943277001177 -38.54541975690799,-3.7161854259019895 -38.545359783112886,-3.7166651587831883 -38.54528273143577,-3.7171705844035903 -38.545188561647755,-3.7177788079603244 -38.545211107392724,-3.7181742407005376 -38.54535256342977,-3.7184209902975383 -38.54556360481513,-3.718541484053814 -38.54581131516496,-3.718700099150164 -38.54597337346661,-3.718820124049109 -38.54611835264499,-3.7189658412142936 -38.546263310648875,-3.7191543948053782 -38.54649174504006,-3.719461649386957 -38.54664688757248,-3.7199170750023005 -38.54665740877977,-3.720441241905011 -38.54656880725793,-3.7209536477660836</coordinates>
                </LineString>
            </Placemark>
            <Placemark id="dt_mvw_sv_eixo_svb_l.fid--4079df0f_18eae1488d1_1cc9">
                <ExtendedData>
                    <SchemaData schemaUrl="#dt_mvw_sv_eixo_svb_l_1">
                        <SimpleData name="id">331</SimpleData>
                        <SimpleData name="idoriginal">292</SimpleData>
                        <SimpleData name="classifvia">Via Expressa</SimpleData>
                    </SchemaData>
                </ExtendedData>
                <LineString>
                    <coordinates>-38.544019836070504,-3.745213102472354 -38.54389098143506,-3.745322515141971 -38.543449874295646,-3.7457502517288184</coordinates>
                </LineString>
            </Placemark>
            <Placemark id="dt_mvw_sv_eixo_svb_l.fid--4079df0f_18eae1488d1_1cca">
                <ExtendedData>
                    <SchemaData schemaUrl="#dt_mvw_sv_eixo_svb_l_1">
                        <SimpleData name="id">332</SimpleData>
                        <SimpleData name="idoriginal">293</SimpleData>
                        <SimpleData name="classifvia">Via Arterial I</SimpleData>
                    </SchemaData>
                </ExtendedData>
                <LineString>
                    <coordinates>-38.54682883192477,-3.720872189344571 -38.54971318379422,-3.7199300640502484 -38.55526964349317,-3.718117234917218 -38.55662923619006,-3.7176633884252346 -38.56491711329878,-3.7148711486428634 -38.58115289583698,-3.709263519509098 -38.58130460500859,-3.709202661341873 -38.58148850272487,-3.7091148307969677 -38.58167240660827,-3.709013812843241 -38.5904974264256,-3.7037133950994656 -38.590763653446224,-3.703595013562465 -38.5910464201662,-3.7035339909324625 -38.59149567406216,-3.7034879833855046</coordinates>
                </LineString>
            </Placemark>
            <Placemark id="dt_mvw_sv_eixo_svb_l.fid--4079df0f_18eae1488d1_1ccb">
                <ExtendedData>
                    <SchemaData schemaUrl="#dt_mvw_sv_eixo_svb_l_1">
                        <SimpleData name="id">333</SimpleData>
                        <SimpleData name="idoriginal">294</SimpleData>
                        <SimpleData name="classifvia">Via Arterial I</SimpleData>
                    </SchemaData>
                </ExtendedData>
                <LineString>
                    <coordinates>-38.54619444784389,-3.724660287589305 -38.54800356470616,-3.724626193483488 -38.54895073611313,-3.724604238749865 -38.54984376385332,-3.724635922668719 -38.55158528890711,-3.7247679625543335 -38.55286651972128,-3.724930990324124 -38.5558242825566,-3.725451874506809 -38.568906386740046,-3.7278566061798224 -38.569575130618475,-3.727920884939709 -38.570196058215,-3.72808106632382 -38.57088649667457,-3.7282926176696596 -38.5712685918546,-3.728420705779396 -38.57212828377262,-3.7287568666145994 -38.58209922491172,-3.7327131473957165 -38.58249273999005,-3.7328698828559945 -38.582784719695574,-3.7330083356124897 -38.58312626836273,-3.7331966050077963 -38.584116864152755,-3.7337578132023888 -38.584324965816116,-3.7338761661351536</coordinates>
                </LineString>
            </Placemark>
            <Placemark id="dt_mvw_sv_eixo_svb_l.fid--4079df0f_18eae1488d1_1ccc">
                <ExtendedData>
                    <SchemaData schemaUrl="#dt_mvw_sv_eixo_svb_l_1">
                        <SimpleData name="id">334</SimpleData>
                        <SimpleData name="idoriginal">295</SimpleData>
                        <SimpleData name="classifvia">Via Expressa</SimpleData>
                    </SchemaData>
                </ExtendedData>
                <LineString>
                    <coordinates>-38.546312998286474,-3.714650826665607 -38.546637607092286,-3.7179833178294146 -38.546806480511925,-3.7197169982979013 -38.54682883192477,-3.720872189344571</coordinates>
                </LineString>
            </Placemark>
            <Placemark id="dt_mvw_sv_eixo_svb_l.fid--4079df0f_18eae1488d1_1ccd">
                <ExtendedData>
                    <SchemaData schemaUrl="#dt_mvw_sv_eixo_svb_l_1">
                        <SimpleData name="id">335</SimpleData>
                        <SimpleData name="idoriginal">296</SimpleData>
                        <SimpleData name="classifvia">Via Arterial I</SimpleData>
                    </SchemaData>
                </ExtendedData>
                <LineString>
                    <coordinates>-38.539942872348355,-3.730524864688502 -38.5428145643126,-3.731153287709582 -38.54489037410337,-3.7316075386214353</coordinates>
                </LineString>
            </Placemark>
            <Placemark id="dt_mvw_sv_eixo_svb_l.fid--4079df0f_18eae1488d1_1cce">
                <ExtendedData>
                    <SchemaData schemaUrl="#dt_mvw_sv_eixo_svb_l_1">
                        <SimpleData name="id">337</SimpleData>
                        <SimpleData name="idoriginal">298</SimpleData>
                        <SimpleData name="classifvia">Via Arterial I</SimpleData>
                    </SchemaData>
                </ExtendedData>
                <LineString>
                    <coordinates>-38.503258821506776,-3.7238874126589283 -38.50251274157598,-3.7242245286318454 -38.502260568121805,-3.724298222315504 -38.49710158999235,-3.725666530295233 -38.49508428629231,-3.726097842521454 -38.49477080092929,-3.7260887288198647 -38.491745462458596,-3.7256545117807303 -38.491409358663404,-3.7255277405525393 -38.49052723709186,-3.7249365382321753 -38.490285750212955,-3.7246937927434343 -38.48978183922738,-3.724081713420998 -38.489519317207105,-3.7238811478823495 -38.48920422575231,-3.723754388155288 -38.487754690430776,-3.7233738139185553 -38.48741853333544,-3.723341973670893 -38.48438249114619,-3.7232769082702344 -38.48410309106199,-3.72323250094377 -38.48191827582207,-3.722682717168664 -38.4815821634582,-3.72257703841417 -38.47866660945696,-3.721541311360841</coordinates>
                </LineString>
            </Placemark>
            <Placemark id="dt_mvw_sv_eixo_svb_l.fid--4079df0f_18eae1488d1_1ccf">
                <ExtendedData>
                    <SchemaData schemaUrl="#dt_mvw_sv_eixo_svb_l_1">
                        <SimpleData name="id">338</SimpleData>
                        <SimpleData name="idoriginal">299</SimpleData>
                        <SimpleData name="classifvia">Via Arterial I</SimpleData>
                    </SchemaData>
                </ExtendedData>
                <LineString>
                    <coordinates>-38.52360201728129,-3.753814293403761 -38.5238633567739,-3.753786814140753 -38.52411785676303,-3.7536902768565006 -38.52437925973017,-3.7535454050855086 -38.52462692299821,-3.753372904158233 -38.5247851681656,-3.7532348814892047 -38.526470810697624,-3.7517718424672375 -38.5307489432066,-3.7481212158434247 -38.53497616215752,-3.744515836325136 -38.53664378880678,-3.7430918344702717 -38.54218787261991,-3.738329229975094 -38.54240037316619,-3.7381182102137123 -38.542573372072475,-3.7378698297256525 -38.54273277003824,-3.7377031309885385 -38.54289554836268,-3.737553452955056 -38.543105765634564,-3.73743443278476 -38.543311481284306,-3.7373487573746047 -38.54349454093298,-3.7373080081580095 -38.54369453601444,-3.737291094071733 -38.5438294130722,-3.737259534516527</coordinates>
                </LineString>
            </Placemark>
            <Placemark id="dt_mvw_sv_eixo_svb_l.fid--4079df0f_18eae1488d1_1cd0">
                <ExtendedData>
                    <SchemaData schemaUrl="#dt_mvw_sv_eixo_svb_l_1">
                        <SimpleData name="id">340</SimpleData>
                        <SimpleData name="idoriginal">301</SimpleData>
                        <SimpleData name="classifvia">Via Arterial I</SimpleData>
                    </SchemaData>
                </ExtendedData>
                <LineString>
                    <coordinates>-38.558270884246625,-3.821322621719507 -38.5585270033003,-3.8223175252386756 -38.55868361613123,-3.8227398470437297 -38.55871201703374,-3.822961717392234 -38.55891062157054,-3.824908422745634 -38.55896782368249,-3.8252778819599706 -38.559046084260295,-3.8255785010103915 -38.559117256902724,-3.825800392934906 -38.56015695416778,-3.828781599473849 -38.560269265404116,-3.8290299938083856 -38.56035346777716,-3.829278373665662 -38.56044891360835,-3.8295267593055424 -38.5649051442656,-3.842043174846764 -38.56558072268352,-3.843748463627966 -38.5669892590088,-3.8475491848526784</coordinates>
                </LineString>
            </Placemark>
            <Placemark id="dt_mvw_sv_eixo_svb_l.fid--4079df0f_18eae1488d1_1cd1">
                <ExtendedData>
                    <SchemaData schemaUrl="#dt_mvw_sv_eixo_svb_l_1">
                        <SimpleData name="id">341</SimpleData>
                        <SimpleData name="idoriginal">304</SimpleData>
                        <SimpleData name="classifvia">Via Arterial I</SimpleData>
                    </SchemaData>
                </ExtendedData>
                <LineString>
                    <coordinates>-38.5668421539571,-3.7642084817241326 -38.5681400106799,-3.766016868372629 -38.56829904401928,-3.766229981392656 -38.56850054575761,-3.766379205313637 -38.56902512518473,-3.766746941295683 -38.5691417691402,-3.766864167870051 -38.56961896477225,-3.7673117754327117 -38.569746196986664,-3.767471613987184 -38.56991580940287,-3.7677486417385295 -38.56997932318967,-3.7680362690826943 -38.57048757439574,-3.770060342226606 -38.57062530645921,-3.7704438711133705 -38.57083730447696,-3.770827437220854 -38.57094334455459,-3.7709340066848833 -38.57731745636171,-3.7781025664198817 -38.58308582444752,-3.784666814837485 -38.58343242334815,-3.7851338983704275 -38.58450426262718,-3.78659111791962 -38.58491005438449,-3.7871499346410737 -38.58524692134311,-3.7874885315539837</coordinates>
                </LineString>
            </Placemark>
            <Placemark id="dt_mvw_sv_eixo_svb_l.fid--4079df0f_18eae1488d1_1cd2">
                <ExtendedData>
                    <SchemaData schemaUrl="#dt_mvw_sv_eixo_svb_l_1">
                        <SimpleData name="id">342</SimpleData>
                        <SimpleData name="idoriginal">305</SimpleData>
                        <SimpleData name="classifvia">Via Arterial I</SimpleData>
                    </SchemaData>
                </ExtendedData>
                <LineString>
                    <coordinates>-38.54544801210962,-3.779214647445097 -38.54799026374978,-3.787556891503692 -38.55814192896445,-3.820812593202335</coordinates>
                </LineString>
            </Placemark>
            <Placemark id="dt_mvw_sv_eixo_svb_l.fid--4079df0f_18eae1488d1_1cd3">
                <ExtendedData>
                    <SchemaData schemaUrl="#dt_mvw_sv_eixo_svb_l_1">
                        <SimpleData name="id">343</SimpleData>
                        <SimpleData name="idoriginal">306</SimpleData>
                        <SimpleData name="classifvia">Via Arterial I</SimpleData>
                    </SchemaData>
                </ExtendedData>
                <LineString>
                    <coordinates>-38.48255201716497,-3.7326434287293595 -38.48050433010294,-3.7332132959201223</coordinates>
                </LineString>
            </Placemark>
            <Placemark id="dt_mvw_sv_eixo_svb_l.fid--4079df0f_18eae1488d1_1cd4">
                <ExtendedData>
                    <SchemaData schemaUrl="#dt_mvw_sv_eixo_svb_l_1">
                        <SimpleData name="id">344</SimpleData>
                        <SimpleData name="idoriginal">307</SimpleData>
                        <SimpleData name="classifvia">Via Arterial I</SimpleData>
                    </SchemaData>
                </ExtendedData>
                <LineString>
                    <coordinates>-38.49542400615516,-3.7273529729392005 -38.49441014539302,-3.7276522416278826 -38.48971799767073,-3.729188241091392 -38.48919646302646,-3.7293704608325897 -38.48860692082758,-3.729693642197685 -38.488001616856906,-3.730095722439939 -38.48776581932351,-3.730190274845214 -38.487506452741556,-3.730276922595765 -38.48492436862343,-3.730782567288637 -38.48459424184268,-3.730932299421248 -38.48440550133462,-3.7311846950198775 -38.48401224284268,-3.7317920586040616 -38.4837998807426,-3.732123349071572 -38.483532567896304,-3.7323599169903043 -38.48305312301729,-3.732533232785152</coordinates>
                </LineString>
            </Placemark>
            <Placemark id="dt_mvw_sv_eixo_svb_l.fid--4079df0f_18eae1488d1_1cd5">
                <ExtendedData>
                    <SchemaData schemaUrl="#dt_mvw_sv_eixo_svb_l_1">
                        <SimpleData name="id">345</SimpleData>
                        <SimpleData name="idoriginal">308</SimpleData>
                        <SimpleData name="classifvia">Via Arterial I</SimpleData>
                    </SchemaData>
                </ExtendedData>
                <LineString>
                    <coordinates>-38.614325741268004,-3.7635125986746694 -38.61296717109874,-3.7650215989888967 -38.61214249160388,-3.7655568975515363 -38.61075180039142,-3.7665789102364644 -38.609797728549744,-3.76726023863726 -38.60843946486737,-3.7680550094179837 -38.607873509473336,-3.768411864160151 -38.6071295784491,-3.769109516363711 -38.6064179635558,-3.7698396469755857 -38.60599050373458,-3.7701524340239705 -38.60540842434761,-3.7704118860259963 -38.60458385290782,-3.770687459333114 -38.60329049246358,-3.770930352976688 -38.60251449806552,-3.7710273911685293 -38.60143149707667,-3.77081587486298 -38.59739046491581,-3.7700023943275833 -38.596598380463384,-3.7699370973766944 -38.5959194029176,-3.7699854780800672 -38.59342957645968,-3.7706823021737828 -38.59295393598724,-3.7708461699859313 -38.59263054073655,-3.7710245731696763 -38.590269495455125,-3.7728739385444676 -38.58991369918896,-3.77319841527816 -38.58973578572822,-3.773393118260759 -38.58960636152228,-3.7736040763854524 -38.58908893866202,-3.773863547261443 -38.58862704724066,-3.774111245128098 -38.58782448409829,-3.7739942753837576 -38.58707337781382,-3.7739472205567286 -38.586537595045066,-3.773865859366285 -38.58610890719973,-3.773672721440784 -38.58530865666406,-3.773226692989344 -38.58490724973691,-3.773104406805685 -38.58442824455108,-3.7732510277352054 -38.58383811651291,-3.773634266245401 -38.58334094761886,-3.773962629071117 -38.58232210106652,-3.77482244760446 -38.58183696049545,-3.775179322638521 -38.581481277029695,-3.7752603119085935 -38.575296586691216,-3.7770145687910475 -38.57463367510657,-3.7772577267430516 -38.57217597422126,-3.778311609860644 -38.57182024124811,-3.778489988483076 -38.571389318552775,-3.7787558905524676</coordinates>
                </LineString>
            </Placemark>
            <Placemark id="dt_mvw_sv_eixo_svb_l.fid--4079df0f_18eae1488d1_1cd6">
                <ExtendedData>
                    <SchemaData schemaUrl="#dt_mvw_sv_eixo_svb_l_1">
                        <SimpleData name="id">346</SimpleData>
                        <SimpleData name="idoriginal">309</SimpleData>
                        <SimpleData name="classifvia">Via Arterial I</SimpleData>
                    </SchemaData>
                </ExtendedData>
                <LineString>
                    <coordinates>-38.57654391011086,-3.765210207008745 -38.58038925594221,-3.7631436658191424 -38.58588278533908,-3.760166219995333</coordinates>
                </LineString>
            </Placemark>
            <Placemark id="dt_mvw_sv_eixo_svb_l.fid--4079df0f_18eae1488d1_1cd7">
                <ExtendedData>
                    <SchemaData schemaUrl="#dt_mvw_sv_eixo_svb_l_1">
                        <SimpleData name="id">347</SimpleData>
                        <SimpleData name="idoriginal">310</SimpleData>
                        <SimpleData name="classifvia">Via Arterial I</SimpleData>
                    </SchemaData>
                </ExtendedData>
                <LineString>
                    <coordinates>-38.584324965816116,-3.7338761661351536 -38.584109840150674,-3.7358949625642857</coordinates>
                </LineString>
            </Placemark>
            <Placemark id="dt_mvw_sv_eixo_svb_l.fid--4079df0f_18eae1488d1_1cd8">
                <ExtendedData>
                    <SchemaData schemaUrl="#dt_mvw_sv_eixo_svb_l_1">
                        <SimpleData name="id">348</SimpleData>
                        <SimpleData name="idoriginal">311</SimpleData>
                        <SimpleData name="classifvia">Via Coletora</SimpleData>
                    </SchemaData>
                </ExtendedData>
                <LineString>
                    <coordinates>-38.551758587035366,-3.7396566988104594 -38.551938324615605,-3.7396944635171514 -38.55235876956548,-3.7397828031545304</coordinates>
                </LineString>
            </Placemark>
            <Placemark id="dt_mvw_sv_eixo_svb_l.fid--4079df0f_18eae1488d1_1cd9">
                <ExtendedData>
                    <SchemaData schemaUrl="#dt_mvw_sv_eixo_svb_l_1">
                        <SimpleData name="id">349</SimpleData>
                        <SimpleData name="idoriginal">312</SimpleData>
                        <SimpleData name="classifvia">Via Coletora</SimpleData>
                    </SchemaData>
                </ExtendedData>
                <LineString>
                    <coordinates>-38.55042781313539,-3.7393908588437834 -38.55085109293736,-3.7394769616196024</coordinates>
                </LineString>
            </Placemark>
            <Placemark id="dt_mvw_sv_eixo_svb_l.fid--4079df0f_18eae1488d1_1cda">
                <ExtendedData>
                    <SchemaData schemaUrl="#dt_mvw_sv_eixo_svb_l_1">
                        <SimpleData name="id">350</SimpleData>
                        <SimpleData name="idoriginal">313</SimpleData>
                        <SimpleData name="classifvia">Via Expressa</SimpleData>
                    </SchemaData>
                </ExtendedData>
                <LineString>
                    <coordinates>-38.54682883192477,-3.720872189344571 -38.54619444784389,-3.724660287589305</coordinates>
                </LineString>
            </Placemark>
            <Placemark id="dt_mvw_sv_eixo_svb_l.fid--4079df0f_18eae1488d1_1cdb">
                <ExtendedData>
                    <SchemaData schemaUrl="#dt_mvw_sv_eixo_svb_l_1">
                        <SimpleData name="id">352</SimpleData>
                        <SimpleData name="idoriginal">315</SimpleData>
                        <SimpleData name="classifvia">Via Arterial I</SimpleData>
                    </SchemaData>
                </ExtendedData>
                <LineString>
                    <coordinates>-38.51697873715727,-3.784689322624632 -38.51713079555953,-3.7857452640759917 -38.51718152524642,-3.786017771640099 -38.51725756399315,-3.7865287126571685 -38.517291206413056,-3.7870311150005027 -38.517223187806664,-3.787930246375067 -38.51726528223167,-3.7884837432837735 -38.51723971441874,-3.7887136328274784 -38.51710331830042,-3.7899993176857163 -38.517120103597,-3.7903143811311097 -38.51722156865156,-3.790850881298802 -38.51917411132232,-3.7999315149865516 -38.51924878248521,-3.8002213736178296 -38.51944104696428,-3.8005112979249223 -38.520521982953404,-3.8019561892775293 -38.52477597358423,-3.807298324712564</coordinates>
                </LineString>
            </Placemark>
            <Placemark id="dt_mvw_sv_eixo_svb_l.fid--4079df0f_18eae1488d1_1cdc">
                <ExtendedData>
                    <SchemaData schemaUrl="#dt_mvw_sv_eixo_svb_l_1">
                        <SimpleData name="id">353</SimpleData>
                        <SimpleData name="idoriginal">316</SimpleData>
                        <SimpleData name="classifvia">Via Arterial I</SimpleData>
                    </SchemaData>
                </ExtendedData>
                <LineString>
                    <coordinates>-38.46778323097623,-3.7883355205469367 -38.46717205381685,-3.7954928990013457 -38.46714661991593,-3.7957214369868932 -38.46705946652821,-3.796421555447218 -38.467030303574234,-3.7966732192056107 -38.46671396342947,-3.80107008469767</coordinates>
                </LineString>
            </Placemark>
            <Placemark id="dt_mvw_sv_eixo_svb_l.fid--4079df0f_18eae1488d1_1cdd">
                <ExtendedData>
                    <SchemaData schemaUrl="#dt_mvw_sv_eixo_svb_l_1">
                        <SimpleData name="id">354</SimpleData>
                        <SimpleData name="idoriginal">317</SimpleData>
                        <SimpleData name="classifvia">Via Arterial I</SimpleData>
                    </SchemaData>
                </ExtendedData>
                <LineString>
                    <coordinates>-38.497696084447,-3.83239598851795 -38.49685979696107,-3.832583785666237 -38.49656281669131,-3.832618914729719 -38.495765708261544,-3.832626289430305 -38.49555859264571,-3.8326693170368493 -38.49400925850921,-3.8328215963478693</coordinates>
                </LineString>
            </Placemark>
            <Placemark id="dt_mvw_sv_eixo_svb_l.fid--4079df0f_18eae1488d1_1cde">
                <ExtendedData>
                    <SchemaData schemaUrl="#dt_mvw_sv_eixo_svb_l_1">
                        <SimpleData name="id">355</SimpleData>
                        <SimpleData name="idoriginal">318</SimpleData>
                        <SimpleData name="classifvia">Via Arterial I</SimpleData>
                    </SchemaData>
                </ExtendedData>
                <LineString>
                    <coordinates>-38.53689319628321,-3.750818684180225 -38.53761991182371,-3.753232671802675 -38.537832074657935,-3.753936961072813 -38.543156375234176,-3.7713865162234885</coordinates>
                </LineString>
            </Placemark>
            <Placemark id="dt_mvw_sv_eixo_svb_l.fid--4079df0f_18eae1488d1_1cdf">
                <ExtendedData>
                    <SchemaData schemaUrl="#dt_mvw_sv_eixo_svb_l_1">
                        <SimpleData name="id">356</SimpleData>
                        <SimpleData name="idoriginal">319</SimpleData>
                        <SimpleData name="classifvia">Via Arterial I</SimpleData>
                    </SchemaData>
                </ExtendedData>
                <LineString>
                    <coordinates>-38.46457894242758,-3.720648923449498 -38.462584251551114,-3.724640766738477 -38.45938306246856,-3.7305283956549764</coordinates>
                </LineString>
            </Placemark>
            <Placemark id="dt_mvw_sv_eixo_svb_l.fid--4079df0f_18eae1488d1_1ce0">
                <ExtendedData>
                    <SchemaData schemaUrl="#dt_mvw_sv_eixo_svb_l_1">
                        <SimpleData name="id">357</SimpleData>
                        <SimpleData name="idoriginal">320</SimpleData>
                        <SimpleData name="classifvia">Via Arterial I</SimpleData>
                    </SchemaData>
                </ExtendedData>
                <LineString>
                    <coordinates>-38.49711372334131,-3.8623889675650043 -38.49389527153138,-3.8630912626603577 -38.49376163474597,-3.8631135398429217 -38.484480821960545,-3.864817953483076</coordinates>
                </LineString>
            </Placemark>
            <Placemark id="dt_mvw_sv_eixo_svb_l.fid--4079df0f_18eae1488d1_1ce1">
                <ExtendedData>
                    <SchemaData schemaUrl="#dt_mvw_sv_eixo_svb_l_1">
                        <SimpleData name="id">358</SimpleData>
                        <SimpleData name="idoriginal">321</SimpleData>
                        <SimpleData name="classifvia">Via Arterial I</SimpleData>
                    </SchemaData>
                </ExtendedData>
                <LineString>
                    <coordinates>-38.45939859795341,-3.7305059850345046 -38.457271841466635,-3.7343899842051154 -38.455156728875416,-3.7382884127368885 -38.45303076953084,-3.7422203545981683 -38.45033087772504,-3.747156634612285 -38.44911104772715,-3.749396077406346 -38.44780935476323,-3.752120537151474 -38.44345390717969,-3.761106301909526 -38.43941751596746,-3.7693849166378732 -38.439230159755446,-3.77006509180305 -38.43932340965756,-3.77039357059692</coordinates>
                </LineString>
            </Placemark>
            <Placemark id="dt_mvw_sv_eixo_svb_l.fid--4079df0f_18eae1488d1_1ce2">
                <ExtendedData>
                    <SchemaData schemaUrl="#dt_mvw_sv_eixo_svb_l_1">
                        <SimpleData name="id">359</SimpleData>
                        <SimpleData name="idoriginal">322</SimpleData>
                        <SimpleData name="classifvia">Via Coletora</SimpleData>
                    </SchemaData>
                </ExtendedData>
                <LineString>
                    <coordinates>-38.52307731244043,-3.8639673303836215 -38.52309106850146,-3.8669714916546405 -38.5230946943561,-3.8673708214347076 -38.52292219640913,-3.8677965256945073 -38.52278260105642,-3.867971766515142 -38.522679025000514,-3.868134313886995</coordinates>
                </LineString>
            </Placemark>
            <Placemark id="dt_mvw_sv_eixo_svb_l.fid--4079df0f_18eae1488d1_1ce3">
                <ExtendedData>
                    <SchemaData schemaUrl="#dt_mvw_sv_eixo_svb_l_1">
                        <SimpleData name="id">360</SimpleData>
                        <SimpleData name="idoriginal">323</SimpleData>
                        <SimpleData name="classifvia">Via Arterial I</SimpleData>
                    </SchemaData>
                </ExtendedData>
                <LineString>
                    <coordinates>-38.482027996084064,-3.771491482174678 -38.47501495348571,-3.7708777869876986 -38.474901697799766,-3.7708802451370906 -38.47479850744609,-3.7708852365618886 -38.47471795898154,-3.770905401984531</coordinates>
                </LineString>
            </Placemark>
            <Placemark id="dt_mvw_sv_eixo_svb_l.fid--4079df0f_18eae1488d1_1ce4">
                <ExtendedData>
                    <SchemaData schemaUrl="#dt_mvw_sv_eixo_svb_l_1">
                        <SimpleData name="id">361</SimpleData>
                        <SimpleData name="idoriginal">324</SimpleData>
                        <SimpleData name="classifvia">Via Arterial I</SimpleData>
                    </SchemaData>
                </ExtendedData>
                <LineString>
                    <coordinates>-38.47474981889352,-3.7708967345284465 -38.474626653045206,-3.7709327203096894 -38.47359499037999,-3.771478156749699 -38.47344100425381,-3.7715707906948808 -38.47329217366014,-3.7716222153320205 -38.471675645526695,-3.772048808080759 -38.47148574775239,-3.7721311171292076 -38.47062578495887,-3.7725138082270573 -38.46768509363753,-3.7735268567624267 -38.46737206652199,-3.7735833314391827</coordinates>
                </LineString>
            </Placemark>
            <Placemark id="dt_mvw_sv_eixo_svb_l.fid--4079df0f_18eae1488d1_1ce5">
                <ExtendedData>
                    <SchemaData schemaUrl="#dt_mvw_sv_eixo_svb_l_1">
                        <SimpleData name="id">362</SimpleData>
                        <SimpleData name="idoriginal">325</SimpleData>
                        <SimpleData name="classifvia">Via Arterial I</SimpleData>
                    </SchemaData>
                </ExtendedData>
                <LineString>
                    <coordinates>-38.53728698627325,-3.7370312792682228 -38.53757854580581,-3.7374858443731758 -38.53817371715387,-3.738125922225163 -38.53850831475507,-3.7384748571709556 -38.53903811876981,-3.7388518192745552 -38.539413159925495,-3.7390971596804525 -38.539877390828146,-3.739605627247121 -38.540784644987646,-3.740547395522062 -38.542826700092135,-3.742589449321609 -38.543267258856226,-3.74281688560371</coordinates>
                </LineString>
            </Placemark>
            <Placemark id="dt_mvw_sv_eixo_svb_l.fid--4079df0f_18eae1488d1_1ce6">
                <ExtendedData>
                    <SchemaData schemaUrl="#dt_mvw_sv_eixo_svb_l_1">
                        <SimpleData name="id">363</SimpleData>
                        <SimpleData name="idoriginal">326</SimpleData>
                        <SimpleData name="classifvia">Via Coletora</SimpleData>
                    </SchemaData>
                </ExtendedData>
                <LineString>
                    <coordinates>-38.51953161905586,-3.8436741410552457 -38.519603484570375,-3.843835326542304 -38.51963107630409,-3.8439853735396077 -38.51980232784527,-3.84497069640552 -38.5218564331334,-3.8526945936451327 -38.5219740838138,-3.8530715345886537 -38.522113813458496,-3.8534938580427025 -38.522527934787846,-3.85452830511166 -38.52315185522749,-3.855814557487941 -38.5231526459089,-3.8558168494887113 -38.52326129443989,-3.856102186712421 -38.523414913857664,-3.8566560794180673</coordinates>
                </LineString>
            </Placemark>
            <Placemark id="dt_mvw_sv_eixo_svb_l.fid--4079df0f_18eae1488d1_1ce7">
                <ExtendedData>
                    <SchemaData schemaUrl="#dt_mvw_sv_eixo_svb_l_1">
                        <SimpleData name="id">364</SimpleData>
                        <SimpleData name="idoriginal">327</SimpleData>
                        <SimpleData name="classifvia">Via Arterial I</SimpleData>
                    </SchemaData>
                </ExtendedData>
                <LineString>
                    <coordinates>-38.46452273905267,-3.731974475557327 -38.464307447297514,-3.7319677928860493 -38.46398773002355,-3.7320265589677635 -38.463667953793205,-3.732183594381815 -38.46220620622948,-3.732752661969879 -38.46196478220198,-3.7328049242373544 -38.461684256907006,-3.732785098201936 -38.46146901695568,-3.7326932475321932 -38.45892535939258,-3.7314731379283335</coordinates>
                </LineString>
            </Placemark>
            <Placemark id="dt_mvw_sv_eixo_svb_l.fid--4079df0f_18eae1488d1_1ce8">
                <ExtendedData>
                    <SchemaData schemaUrl="#dt_mvw_sv_eixo_svb_l_1">
                        <SimpleData name="id">365</SimpleData>
                        <SimpleData name="idoriginal">328</SimpleData>
                        <SimpleData name="classifvia">Via Arterial I</SimpleData>
                    </SchemaData>
                </ExtendedData>
                <LineString>
                    <coordinates>-38.503444255892354,-3.7247819411639593 -38.50174056433651,-3.7253268116295075 -38.49541336982423,-3.7273216318690854 -38.48695660485947,-3.725983395545918 -38.486572475082625,-3.7259176709080664 -38.483611381298786,-3.725176841826143 -38.4833287731533,-3.7250383974495036 -38.48240083344583,-3.7244919073107967 -38.47978223849039,-3.7226045292802787 -38.47934756986216,-3.722203993545095 -38.47866660945696,-3.721541311360841 -38.478106431599606,-3.7210933200074847 -38.47783110830288,-3.720896656222131 -38.47753403181633,-3.7207145352379776 -38.476309455126184,-3.7200369729573333 -38.47582399859321,-3.7197237389561377 -38.47549075415759,-3.719417873214827 -38.47525902118703,-3.719053845732336 -38.47512880896473,-3.718617101262758 -38.47513602242413,-3.7181684437187172 -38.47520155412164,-3.7176663156886844 -38.47528872789555,-3.7173388677356143 -38.475187475007495,-3.7169603627992625 -38.475093496209624,-3.7165381952837366</coordinates>
                </LineString>
            </Placemark>
            <Placemark id="dt_mvw_sv_eixo_svb_l.fid--4079df0f_18eae1488d1_1ce9">
                <ExtendedData>
                    <SchemaData schemaUrl="#dt_mvw_sv_eixo_svb_l_1">
                        <SimpleData name="id">366</SimpleData>
                        <SimpleData name="idoriginal">329</SimpleData>
                        <SimpleData name="classifvia">Via Expressa</SimpleData>
                    </SchemaData>
                </ExtendedData>
                <LineString>
                    <coordinates>-38.569093306191746,-3.7365579840851972 -38.58533825535601,-3.7387811340331374 -38.6005284331122,-3.7410060491850303</coordinates>
                </LineString>
            </Placemark>
            <Placemark id="dt_mvw_sv_eixo_svb_l.fid--4079df0f_18eae1488d1_1cea">
                <ExtendedData>
                    <SchemaData schemaUrl="#dt_mvw_sv_eixo_svb_l_1">
                        <SimpleData name="id">367</SimpleData>
                        <SimpleData name="idoriginal">330</SimpleData>
                        <SimpleData name="classifvia">Via Expressa</SimpleData>
                    </SchemaData>
                </ExtendedData>
                <LineString>
                    <coordinates>-38.50697289571139,-3.7615891320371135 -38.506629253557804,-3.7615489325394877 -38.50617107979045,-3.761468662837543 -38.505777654436315,-3.76138842923504 -38.50540918070647,-3.7612231997685144 -38.5050208659234,-3.760912941696006 -38.50470732855256,-3.760482711028528 -38.50452826842779,-3.760052557383252 -38.504467827936324,-3.7596747811379054 -38.5044834019271,-3.7585546548169027 -38.50461719183699,-3.757651206604141 -38.50463010257765,-3.757045463941445 -38.50456775472647,-3.756162043673803 -38.504436029179026,-3.755713966195441</coordinates>
                </LineString>
            </Placemark>
            <Placemark id="dt_mvw_sv_eixo_svb_l.fid--4079df0f_18eae1488d1_1ceb">
                <ExtendedData>
                    <SchemaData schemaUrl="#dt_mvw_sv_eixo_svb_l_1">
                        <SimpleData name="id">368</SimpleData>
                        <SimpleData name="idoriginal">331</SimpleData>
                        <SimpleData name="classifvia">Via Arterial I</SimpleData>
                    </SchemaData>
                </ExtendedData>
                <LineString>
                    <coordinates>-38.47308404761376,-3.7352297935125884 -38.472848378865606,-3.7348521297310433 -38.472730484592816,-3.734763230199546 -38.47257566189351,-3.7347927463063435 -38.47144024153799,-3.7350955595948454 -38.47120436979719,-3.735058405238897 -38.4694872746092,-3.7342134945419763</coordinates>
                </LineString>
            </Placemark>
            <Placemark id="dt_mvw_sv_eixo_svb_l.fid--4079df0f_18eae1488d1_1cec">
                <ExtendedData>
                    <SchemaData schemaUrl="#dt_mvw_sv_eixo_svb_l_1">
                        <SimpleData name="id">369</SimpleData>
                        <SimpleData name="idoriginal">332</SimpleData>
                        <SimpleData name="classifvia">Via Arterial I</SimpleData>
                    </SchemaData>
                </ExtendedData>
                <LineString>
                    <coordinates>-38.46452282632969,-3.7318303466515625 -38.45993125504522,-3.7295345730474194</coordinates>
                </LineString>
            </Placemark>
            <Placemark id="dt_mvw_sv_eixo_svb_l.fid--4079df0f_18eae1488d1_1ced">
                <ExtendedData>
                    <SchemaData schemaUrl="#dt_mvw_sv_eixo_svb_l_1">
                        <SimpleData name="id">370</SimpleData>
                        <SimpleData name="idoriginal">333</SimpleData>
                        <SimpleData name="classifvia">Via Arterial I</SimpleData>
                    </SchemaData>
                </ExtendedData>
                <LineString>
                    <coordinates>-38.46945952186339,-3.7342751106441114 -38.469186815263775,-3.7337899365525584 -38.46888254594246,-3.733410179932682 -38.46841020841939,-3.7331463017710766 -38.46450106045301,-3.7318884401157124</coordinates>
                </LineString>
            </Placemark>
            <Placemark id="dt_mvw_sv_eixo_svb_l.fid--4079df0f_18eae1488d1_1cee">
                <ExtendedData>
                    <SchemaData schemaUrl="#dt_mvw_sv_eixo_svb_l_1">
                        <SimpleData name="id">371</SimpleData>
                        <SimpleData name="idoriginal">334</SimpleData>
                        <SimpleData name="classifvia">Via Arterial I</SimpleData>
                    </SchemaData>
                </ExtendedData>
                <LineString>
                    <coordinates>-38.47301025122006,-3.735362991672861 -38.47080573578755,-3.7359982670650322 -38.470488678001594,-3.736123915743261 -38.470245385266985,-3.7361681830151037 -38.47002427503907,-3.7361014279019304 -38.469840098176704,-3.7359088542170182 -38.46936927926255,-3.734294849451367</coordinates>
                </LineString>
            </Placemark>
            <Placemark id="dt_mvw_sv_eixo_svb_l.fid--4079df0f_18eae1488d1_1cef">
                <ExtendedData>
                    <SchemaData schemaUrl="#dt_mvw_sv_eixo_svb_l_1">
                        <SimpleData name="id">372</SimpleData>
                        <SimpleData name="idoriginal">335</SimpleData>
                        <SimpleData name="classifvia">Via Arterial I</SimpleData>
                    </SchemaData>
                </ExtendedData>
                <LineString>
                    <coordinates>-38.51649784103224,-3.7617798993670215 -38.51602979528506,-3.764409415062202 -38.51103320253098,-3.763514911904479 -38.51053652202897,-3.7634844053184877 -38.51016014285048,-3.763650443365153 -38.50997935600146,-3.76395261426655 -38.509587874591574,-3.7642093253028532</coordinates>
                </LineString>
            </Placemark>
            <Placemark id="dt_mvw_sv_eixo_svb_l.fid--4079df0f_18eae1488d1_1cf0">
                <ExtendedData>
                    <SchemaData schemaUrl="#dt_mvw_sv_eixo_svb_l_1">
                        <SimpleData name="id">373</SimpleData>
                        <SimpleData name="idoriginal">336</SimpleData>
                        <SimpleData name="classifvia">Via Arterial I</SimpleData>
                    </SchemaData>
                </ExtendedData>
                <LineString>
                    <coordinates>-38.49698350986453,-3.767710353369728 -38.49609655856887,-3.7658206376324017 -38.49587099561387,-3.765457779812583 -38.494442284577524,-3.7634166121264307 -38.49423174718886,-3.7630991040503887 -38.49282719415219,-3.7606420645043133 -38.49216559874298,-3.759493044419527 -38.491744686246186,-3.7585859824795866 -38.49165453590803,-3.7583138851256095 -38.491609557008374,-3.7580115868127644 -38.491414799858624,-3.756439658158264 -38.49146024236244,-3.75594093610096 -38.49078487845222,-3.7525355406889247 -38.489177423099605,-3.745405275547753 -38.489027122241176,-3.7450424613885738 -38.488816617465304,-3.7446796114997833 -38.4864989681281,-3.742649611601506 -38.48631469294188,-3.742352401622491 -38.48052335252829,-3.733199006509282 -38.47300230157568,-3.7353574213126075</coordinates>
                </LineString>
            </Placemark>
            <Placemark id="dt_mvw_sv_eixo_svb_l.fid--4079df0f_18eae1488d1_1cf1">
                <ExtendedData>
                    <SchemaData schemaUrl="#dt_mvw_sv_eixo_svb_l_1">
                        <SimpleData name="id">374</SimpleData>
                        <SimpleData name="idoriginal">373</SimpleData>
                        <SimpleData name="classifvia">Via Arterial I</SimpleData>
                    </SchemaData>
                </ExtendedData>
                <LineString>
                    <coordinates>-38.52049541836595,-3.753548339933579 -38.514864400586156,-3.7528917160161934 -38.50764984038061,-3.752034651230316 -38.49754774458007,-3.750854396281759</coordinates>
                </LineString>
            </Placemark>
            <Placemark id="dt_mvw_sv_eixo_svb_l.fid--4079df0f_18eae1488d1_1cf2">
                <ExtendedData>
                    <SchemaData schemaUrl="#dt_mvw_sv_eixo_svb_l_1">
                        <SimpleData name="id">375</SimpleData>
                        <SimpleData name="idoriginal">374</SimpleData>
                        <SimpleData name="classifvia">Via Arterial I</SimpleData>
                    </SchemaData>
                </ExtendedData>
                <LineString>
                    <coordinates>-38.52241147023534,-3.8544752447805632 -38.522745044727344,-3.8542975799824 -38.523876654310165,-3.8533988953522584 -38.527965591177775,-3.849771534864192 -38.53168657231617,-3.846036077402096 -38.53971331880784,-3.8379047239333572 -38.54048170802116,-3.8371742523233694</coordinates>
                </LineString>
            </Placemark>
            <Placemark id="dt_mvw_sv_eixo_svb_l.fid--4079df0f_18eae1488d1_1cf3">
                <ExtendedData>
                    <SchemaData schemaUrl="#dt_mvw_sv_eixo_svb_l_1">
                        <SimpleData name="id">376</SimpleData>
                        <SimpleData name="idoriginal">375</SimpleData>
                        <SimpleData name="classifvia">Via Arterial I</SimpleData>
                    </SchemaData>
                </ExtendedData>
                <LineString>
                    <coordinates>-38.507931385148396,-3.859655712741713 -38.50512818285942,-3.859679365794271 -38.504924317031545,-3.859690743944799 -38.504734173196105,-3.859738921762232 -38.50458754568321,-3.859794023313447 -38.50444319790734,-3.859867522300204 -38.504234665060075,-3.8600260637580885</coordinates>
                </LineString>
            </Placemark>
            <Placemark id="dt_mvw_sv_eixo_svb_l.fid--4079df0f_18eae1488d1_1cf4">
                <ExtendedData>
                    <SchemaData schemaUrl="#dt_mvw_sv_eixo_svb_l_1">
                        <SimpleData name="id">377</SimpleData>
                        <SimpleData name="idoriginal">406</SimpleData>
                        <SimpleData name="classifvia">Via Arterial I</SimpleData>
                    </SchemaData>
                </ExtendedData>
                <LineString>
                    <coordinates>-38.53270858510383,-3.7213175456842227 -38.53533959582044,-3.7301585030798052 -38.53739955089674,-3.7371096223054168</coordinates>
                </LineString>
            </Placemark>
            <Placemark id="dt_mvw_sv_eixo_svb_l.fid--4079df0f_18eae1488d1_1cf5">
                <ExtendedData>
                    <SchemaData schemaUrl="#dt_mvw_sv_eixo_svb_l_1">
                        <SimpleData name="id">378</SimpleData>
                        <SimpleData name="idoriginal">407</SimpleData>
                        <SimpleData name="classifvia">Via Arterial I</SimpleData>
                    </SchemaData>
                </ExtendedData>
                <LineString>
                    <coordinates>-38.54174594663426,-3.7246002364359327 -38.54072431399774,-3.7249216247620627</coordinates>
                </LineString>
            </Placemark>
            <Placemark id="dt_mvw_sv_eixo_svb_l.fid--4079df0f_18eae1488d1_1cf6">
                <ExtendedData>
                    <SchemaData schemaUrl="#dt_mvw_sv_eixo_svb_l_1">
                        <SimpleData name="id">379</SimpleData>
                        <SimpleData name="idoriginal">337</SimpleData>
                        <SimpleData name="classifvia">Via Arterial I</SimpleData>
                    </SchemaData>
                </ExtendedData>
                <LineString>
                    <coordinates>-38.563447812731184,-3.710053574593586 -38.569220572656974,-3.7277755958857384 -38.56928931483346,-3.7280869434385164 -38.56935161582903,-3.728420849114421 -38.569099438914236,-3.7308438053050534 -38.569060948448524,-3.7323219846935545 -38.56888853719949,-3.7346391623619395 -38.56906978139983,-3.7360470285613094 -38.56908009547838,-3.7368422662076246 -38.56917582492118,-3.738045908658738 -38.569132704434516,-3.738580138350431 -38.56891846836207,-3.738988395524412 -38.56799755581319,-3.7401163118439453 -38.56783692213468,-3.740331160504809 -38.567408493692476,-3.7410509561109206 -38.56716220314714,-3.7413517330344206 -38.56659471780324,-3.7419317565205734 -38.566359186321044,-3.7421143282592473 -38.56532052953102,-3.7432744213964004 -38.564576069232736,-3.7441417212514256 -38.56261639129843,-3.7466124089937205 -38.560195047994945,-3.749398134200907 -38.560109361758556,-3.749537794020562 -38.560012974620825,-3.7496774484296287 -38.55985227265426,-3.7500212511955837 -38.55955237498813,-3.7505046866330023 -38.55532608341522,-3.755251559994535 -38.553902008254724,-3.756637112233928 -38.55365576794699,-3.7568196742194835 -38.5534951773926,-3.756937801845277 -38.55063489042653,-3.7588613656047913 -38.55033514410799,-3.7590331524022025 -38.54878303868426,-3.7596233982823297 -38.54844049489009,-3.7597736692637835 -38.54826916696862,-3.759956268360117 -38.54645724554696,-3.7616680300977223 -38.546166129691656,-3.7619772225951467 -38.545652572071326,-3.762183183766236 -38.53674374046552,-3.764930172181571 -38.53640812676782,-3.7651030673529493 -38.53623009697567,-3.7652907992251583 -38.53600754627813,-3.765393795172622 -38.531583265714495,-3.767163662971893 -38.528813035950236,-3.7604033516504014 -38.52386969268814,-3.760930371598231</coordinates>
                </LineString>
            </Placemark>
            <Placemark id="dt_mvw_sv_eixo_svb_l.fid--4079df0f_18eae1488d1_1cf7">
                <ExtendedData>
                    <SchemaData schemaUrl="#dt_mvw_sv_eixo_svb_l_1">
                        <SimpleData name="id">380</SimpleData>
                        <SimpleData name="idoriginal">338</SimpleData>
                        <SimpleData name="classifvia">Via Arterial I</SimpleData>
                    </SchemaData>
                </ExtendedData>
                <LineString>
                    <coordinates>-38.517692320993895,-3.7616433402059037 -38.51745990890663,-3.763549752500097 -38.51705240329208,-3.7655747562511106 -38.51056283878124,-3.764467535553977 -38.50920837548791,-3.7641644985881015 -38.50862148714592,-3.763952575855591 -38.5078689398273,-3.763906809030122 -38.50571638663429,-3.7642532006274227 -38.50503283916468,-3.7643743040527617 -38.50452100444156,-3.7645251488135223 -38.503286527849184,-3.764977852383178 -38.496944028761064,-3.767772284788511</coordinates>
                </LineString>
            </Placemark>
            <Placemark id="dt_mvw_sv_eixo_svb_l.fid--4079df0f_18eae1488d1_1cf8">
                <ExtendedData>
                    <SchemaData schemaUrl="#dt_mvw_sv_eixo_svb_l_1">
                        <SimpleData name="id">381</SimpleData>
                        <SimpleData name="idoriginal">339</SimpleData>
                        <SimpleData name="classifvia">Via Coletora</SimpleData>
                    </SchemaData>
                </ExtendedData>
                <LineString>
                    <coordinates>-38.58483299942222,-3.746733801067111 -38.582740547899185,-3.746666431985471 -38.58193002591456,-3.7472951470718043 -38.57238447135875,-3.7574232747820075 -38.571658900007186,-3.758178462244495</coordinates>
                </LineString>
            </Placemark>
            <Placemark id="dt_mvw_sv_eixo_svb_l.fid--4079df0f_18eae1488d1_1cf9">
                <ExtendedData>
                    <SchemaData schemaUrl="#dt_mvw_sv_eixo_svb_l_1">
                        <SimpleData name="id">382</SimpleData>
                        <SimpleData name="idoriginal">340</SimpleData>
                        <SimpleData name="classifvia">Via Arterial I</SimpleData>
                    </SchemaData>
                </ExtendedData>
                <LineString>
                    <coordinates>-38.475165621473025,-3.716646050104466 -38.473164411964,-3.7137592404871924 -38.47308478393404,-3.713584526176517 -38.471215858853476,-3.7087015033261563 -38.47103474226377,-3.70854856150838 -38.47081530433689,-3.7076060661908956 -38.47077174529864,-3.707248556327393 -38.47076028141089,-3.706896926638303 -38.470821630506755,-3.7065288792906648 -38.47093558213776,-3.7062857418679407 -38.471332917529026,-3.705494827387018</coordinates>
                </LineString>
            </Placemark>
            <Placemark id="dt_mvw_sv_eixo_svb_l.fid--4079df0f_18eae1488d1_1cfa">
                <ExtendedData>
                    <SchemaData schemaUrl="#dt_mvw_sv_eixo_svb_l_1">
                        <SimpleData name="id">383</SimpleData>
                        <SimpleData name="idoriginal">341</SimpleData>
                        <SimpleData name="classifvia">Via Arterial I</SimpleData>
                    </SchemaData>
                </ExtendedData>
                <LineString>
                    <coordinates>-38.60473925860416,-3.770833869847794 -38.605947431535014,-3.775180112713195</coordinates>
                </LineString>
            </Placemark>
            <Placemark id="dt_mvw_sv_eixo_svb_l.fid--4079df0f_18eae1488d1_1cfb">
                <ExtendedData>
                    <SchemaData schemaUrl="#dt_mvw_sv_eixo_svb_l_1">
                        <SimpleData name="id">384</SimpleData>
                        <SimpleData name="idoriginal">342</SimpleData>
                        <SimpleData name="classifvia">Via Arterial I</SimpleData>
                    </SchemaData>
                </ExtendedData>
                <LineString>
                    <coordinates>-38.60115474024871,-3.7669108833497686 -38.603424940195524,-3.7679735667804017 -38.60365763197078,-3.7681382490760296 -38.60390340807363,-3.7683687675971305 -38.604077028998695,-3.7686650829727406 -38.60420174811921,-3.768916829574806 -38.60426067260519,-3.7691077645866007 -38.604740415566276,-3.770846143287306</coordinates>
                </LineString>
            </Placemark>
            <Placemark id="dt_mvw_sv_eixo_svb_l.fid--4079df0f_18eae1488d1_1cfc">
                <ExtendedData>
                    <SchemaData schemaUrl="#dt_mvw_sv_eixo_svb_l_1">
                        <SimpleData name="id">385</SimpleData>
                        <SimpleData name="idoriginal">343</SimpleData>
                        <SimpleData name="classifvia">Via Arterial I</SimpleData>
                    </SchemaData>
                </ExtendedData>
                <LineString>
                    <coordinates>-38.538108968340474,-3.8260767795986257 -38.540274568971526,-3.835467952854481 -38.54032096468602,-3.8357796070128027 -38.541441857305266,-3.845069629584681 -38.541465545552256,-3.8452827536127523</coordinates>
                </LineString>
            </Placemark>
            <Placemark id="dt_mvw_sv_eixo_svb_l.fid--4079df0f_18eae1488d1_1cfd">
                <ExtendedData>
                    <SchemaData schemaUrl="#dt_mvw_sv_eixo_svb_l_1">
                        <SimpleData name="id">387</SimpleData>
                        <SimpleData name="idoriginal">345</SimpleData>
                        <SimpleData name="classifvia">Via Expressa</SimpleData>
                    </SchemaData>
                </ExtendedData>
                <LineString>
                    <coordinates>-38.480345013789865,-3.8450873705482165 -38.479723883472644,-3.8454397617447227 -38.47894740112253,-3.8458841808693442 -38.47762676372733,-3.8470164336106616 -38.47699318592363,-3.8477543950327604 -38.476533568820535,-3.848579903313964 -38.47354560253253,-3.8546466598409928</coordinates>
                </LineString>
            </Placemark>
            <Placemark id="dt_mvw_sv_eixo_svb_l.fid--4079df0f_18eae1488d1_1cfe">
                <ExtendedData>
                    <SchemaData schemaUrl="#dt_mvw_sv_eixo_svb_l_1">
                        <SimpleData name="id">388</SimpleData>
                        <SimpleData name="idoriginal">346</SimpleData>
                        <SimpleData name="classifvia">Via Arterial I</SimpleData>
                    </SchemaData>
                </ExtendedData>
                <LineString>
                    <coordinates>-38.50130994729776,-3.731995726552731 -38.48910044819859,-3.735955052186454</coordinates>
                </LineString>
            </Placemark>
            <Placemark id="dt_mvw_sv_eixo_svb_l.fid--4079df0f_18eae1488d1_1cff">
                <ExtendedData>
                    <SchemaData schemaUrl="#dt_mvw_sv_eixo_svb_l_1">
                        <SimpleData name="id">389</SimpleData>
                        <SimpleData name="idoriginal">347</SimpleData>
                        <SimpleData name="classifvia">Via Arterial I</SimpleData>
                    </SchemaData>
                </ExtendedData>
                <LineString>
                    <coordinates>-38.584109840150674,-3.7358949625642857 -38.58432070805586,-3.73635527316635 -38.58529806483006,-3.737382421152435 -38.5853982362836,-3.737691176445146 -38.58533825535601,-3.7387811340331374</coordinates>
                </LineString>
            </Placemark>
            <Placemark id="dt_mvw_sv_eixo_svb_l.fid--4079df0f_18eae1488d1_1d00">
                <ExtendedData>
                    <SchemaData schemaUrl="#dt_mvw_sv_eixo_svb_l_1">
                        <SimpleData name="id">390</SimpleData>
                        <SimpleData name="idoriginal">348</SimpleData>
                        <SimpleData name="classifvia">Via Arterial I</SimpleData>
                    </SchemaData>
                </ExtendedData>
                <LineString>
                    <coordinates>-38.591192340563516,-3.705142855423071 -38.59194118334998,-3.7050997602469917</coordinates>
                </LineString>
            </Placemark>
            <Placemark id="dt_mvw_sv_eixo_svb_l.fid--4079df0f_18eae1488d1_1d01">
                <ExtendedData>
                    <SchemaData schemaUrl="#dt_mvw_sv_eixo_svb_l_1">
                        <SimpleData name="id">391</SimpleData>
                        <SimpleData name="idoriginal">349</SimpleData>
                        <SimpleData name="classifvia">Via Arterial I</SimpleData>
                    </SchemaData>
                </ExtendedData>
                <LineString>
                    <coordinates>-38.591018944742785,-3.7058712568374568 -38.59210335423578,-3.705783703613653</coordinates>
                </LineString>
            </Placemark>
            <Placemark id="dt_mvw_sv_eixo_svb_l.fid--4079df0f_18eae1488d1_1d02">
                <ExtendedData>
                    <SchemaData schemaUrl="#dt_mvw_sv_eixo_svb_l_1">
                        <SimpleData name="id">392</SimpleData>
                        <SimpleData name="idoriginal">350</SimpleData>
                        <SimpleData name="classifvia">Via Arterial I</SimpleData>
                    </SchemaData>
                </ExtendedData>
                <LineString>
                    <coordinates>-38.59194118334998,-3.7050997602469917 -38.59210335423578,-3.705783703613653</coordinates>
                </LineString>
            </Placemark>
            <Placemark id="dt_mvw_sv_eixo_svb_l.fid--4079df0f_18eae1488d1_1d03">
                <ExtendedData>
                    <SchemaData schemaUrl="#dt_mvw_sv_eixo_svb_l_1">
                        <SimpleData name="id">393</SimpleData>
                        <SimpleData name="idoriginal">351</SimpleData>
                        <SimpleData name="classifvia">Via Arterial I</SimpleData>
                    </SchemaData>
                </ExtendedData>
                <LineString>
                    <coordinates>-38.59210335423578,-3.705783703613653 -38.59233507933652,-3.7064545692900888 -38.59421374668044,-3.713267120378945 -38.596628427621255,-3.721584875519233 -38.59764502630524,-3.725074756630474</coordinates>
                </LineString>
            </Placemark>
            <Placemark id="dt_mvw_sv_eixo_svb_l.fid--4079df0f_18eae1488d1_1d04">
                <ExtendedData>
                    <SchemaData schemaUrl="#dt_mvw_sv_eixo_svb_l_1">
                        <SimpleData name="id">394</SimpleData>
                        <SimpleData name="idoriginal">352</SimpleData>
                        <SimpleData name="classifvia">Via Arterial I</SimpleData>
                    </SchemaData>
                </ExtendedData>
                <LineString>
                    <coordinates>-38.48240083344583,-3.7244919073107967 -38.482096597399966,-3.7250056919811225 -38.48195783526761,-3.725219762082343 -38.48185108493821,-3.725401727800606 -38.4816963323967,-3.7256050810296757 -38.481498959659746,-3.7257441631164543 -38.48114693760975,-3.7259099227308337 -38.47926957832805,-3.726631572885508</coordinates>
                </LineString>
            </Placemark>
            <Placemark id="dt_mvw_sv_eixo_svb_l.fid--4079df0f_18eae1488d1_1d05">
                <ExtendedData>
                    <SchemaData schemaUrl="#dt_mvw_sv_eixo_svb_l_1">
                        <SimpleData name="id">395</SimpleData>
                        <SimpleData name="idoriginal">353</SimpleData>
                        <SimpleData name="classifvia">Via Expressa</SimpleData>
                    </SchemaData>
                </ExtendedData>
                <LineString>
                    <coordinates>-38.5199434221057,-3.757945582877235 -38.519716737578406,-3.758142197375106 -38.519563200406054,-3.7583768164869267 -38.51942428206108,-3.7585967743142055 -38.51929995308634,-3.7588534125133513 -38.51919739575182,-3.7593741042505107 -38.51910937144364,-3.760034159172433 -38.519050716828524,-3.760422854602015</coordinates>
                </LineString>
            </Placemark>
            <Placemark id="dt_mvw_sv_eixo_svb_l.fid--4079df0f_18eae1488d1_1d06">
                <ExtendedData>
                    <SchemaData schemaUrl="#dt_mvw_sv_eixo_svb_l_1">
                        <SimpleData name="id">396</SimpleData>
                        <SimpleData name="idoriginal">354</SimpleData>
                        <SimpleData name="classifvia">Via Arterial I</SimpleData>
                    </SchemaData>
                </ExtendedData>
                <LineString>
                    <coordinates>-38.52360687080383,-3.7385090566447605 -38.52337361425344,-3.7385693592312483 -38.523249052216194,-3.7386396192468916 -38.52249386760893,-3.739108058790509 -38.522221385734916,-3.739264193798258 -38.52194115833369,-3.7393499965897723 -38.49342974296983,-3.748207871968589</coordinates>
                </LineString>
            </Placemark>
            <Placemark id="dt_mvw_sv_eixo_svb_l.fid--4079df0f_18eae1488d1_1d07">
                <ExtendedData>
                    <SchemaData schemaUrl="#dt_mvw_sv_eixo_svb_l_1">
                        <SimpleData name="id">397</SimpleData>
                        <SimpleData name="idoriginal">355</SimpleData>
                        <SimpleData name="classifvia">Via Arterial I</SimpleData>
                    </SchemaData>
                </ExtendedData>
                <LineString>
                    <coordinates>-38.49293075056752,-3.7483119919657977 -38.490117171123316,-3.749224118515076</coordinates>
                </LineString>
            </Placemark>
            <Placemark id="dt_mvw_sv_eixo_svb_l.fid--4079df0f_18eae1488d1_1d08">
                <ExtendedData>
                    <SchemaData schemaUrl="#dt_mvw_sv_eixo_svb_l_1">
                        <SimpleData name="id">398</SimpleData>
                        <SimpleData name="idoriginal">356</SimpleData>
                        <SimpleData name="classifvia">Via Arterial I</SimpleData>
                    </SchemaData>
                </ExtendedData>
                <LineString>
                    <coordinates>-38.55108961982753,-3.770561447429479 -38.550220000381785,-3.770735598322175 -38.5497299013275,-3.770735344014031 -38.54928728028967,-3.7706398770603915 -38.54886051070001,-3.770465053779423 -38.54849694631617,-3.770353754886017 -38.548070118918915,-3.770290040927617 -38.54756307360569,-3.7702392168857815 -38.547026659235875,-3.7703371151371368 -38.546188593122125,-3.7706382612266993 -38.54531555287333,-3.7709493452635017 -38.54335824781214,-3.7714462898482 -38.542931412278456,-3.771398446484059</coordinates>
                </LineString>
            </Placemark>
            <Placemark id="dt_mvw_sv_eixo_svb_l.fid--4079df0f_18eae1488d1_1d09">
                <ExtendedData>
                    <SchemaData schemaUrl="#dt_mvw_sv_eixo_svb_l_1">
                        <SimpleData name="id">399</SimpleData>
                        <SimpleData name="idoriginal">357</SimpleData>
                        <SimpleData name="classifvia">Via Expressa</SimpleData>
                    </SchemaData>
                </ExtendedData>
                <LineString>
                    <coordinates>-38.51641874903546,-3.7617434686745006 -38.51627408855687,-3.761766943462562 -38.51584902525908,-3.7619260676911996 -38.515474933247546,-3.7620780916531484 -38.51523733393631,-3.7621743732348083 -38.51490876319703,-3.7622655294559837 -38.51465098949682,-3.762285683177974 -38.51043725868325,-3.7627157648330662 -38.51026035972965,-3.762720739690724 -38.51008851856772,-3.7627206428425715 -38.50996216732951,-3.762715497089974 -38.509810548253945,-3.762705263026545 -38.508356553931485,-3.762557297918385 -38.50811903432141,-3.762511493816211 -38.50784112967996,-3.762379401878735 -38.50759862073128,-3.76221688328093 -38.50735111529126,-3.761952873337677 -38.50720465047347,-3.761765037443463 -38.50705308583238,-3.761658388541733 -38.506810532279765,-3.761577060597275</coordinates>
                </LineString>
            </Placemark>
            <Placemark id="dt_mvw_sv_eixo_svb_l.fid--4079df0f_18eae1488d1_1d0a">
                <ExtendedData>
                    <SchemaData schemaUrl="#dt_mvw_sv_eixo_svb_l_1">
                        <SimpleData name="id">400</SimpleData>
                        <SimpleData name="idoriginal">358</SimpleData>
                        <SimpleData name="classifvia">Via Arterial I</SimpleData>
                    </SchemaData>
                </ExtendedData>
                <LineString>
                    <coordinates>-38.48071207279402,-3.8450820284218117 -38.480929891657254,-3.845296099249181 -38.481912638400466,-3.8460260320081545 -38.48211595450307,-3.8461963335946585 -38.48223691072428,-3.8464054831923438 -38.48229493348941,-3.8465659718397984 -38.48232391959675,-3.846687545090757 -38.48261956206504,-3.8483537714996614 -38.482667854472375,-3.8485871876761313 -38.48272576007033,-3.8489421653079954 -38.48308217898636,-3.852983541873178 -38.483076997942995,-3.8535498702636266 -38.4829508363157,-3.85393877151089 -38.482722917136314,-3.8544054061205717 -38.48263558152564,-3.8546630509306232 -38.48264997034295,-3.854896446448102 -38.4837906593729,-3.8641988506239087</coordinates>
                </LineString>
            </Placemark>
            <Placemark id="dt_mvw_sv_eixo_svb_l.fid--4079df0f_18eae1488d1_1d0b">
                <ExtendedData>
                    <SchemaData schemaUrl="#dt_mvw_sv_eixo_svb_l_1">
                        <SimpleData name="id">401</SimpleData>
                        <SimpleData name="idoriginal">359</SimpleData>
                        <SimpleData name="classifvia">Via Coletora</SimpleData>
                    </SchemaData>
                </ExtendedData>
                <LineString>
                    <coordinates>-38.51220866357944,-3.833216689700862 -38.51283312116272,-3.8344577575771246 -38.51294657799073,-3.834674469480384 -38.51300325338105,-3.8348759459916737 -38.51304103600706,-3.8350127975713044 -38.51338168728886,-3.8364482109005316 -38.513415685741826,-3.836581258976103 -38.513472404317184,-3.836706718777085 -38.51355184155705,-3.8368283906808256</coordinates>
                </LineString>
            </Placemark>
            <Placemark id="dt_mvw_sv_eixo_svb_l.fid--4079df0f_18eae1488d1_1d0c">
                <ExtendedData>
                    <SchemaData schemaUrl="#dt_mvw_sv_eixo_svb_l_1">
                        <SimpleData name="id">402</SimpleData>
                        <SimpleData name="idoriginal">360</SimpleData>
                        <SimpleData name="classifvia">Via Paisagística</SimpleData>
                    </SchemaData>
                </ExtendedData>
                <LineString>
                    <coordinates>-38.47995120667155,-3.7465625099592867 -38.47995894199739,-3.746832007221877 -38.48000612147225,-3.7471490847815394 -38.48013230162077,-3.7473710948606396 -38.48041625003869,-3.747799281372605 -38.481244385426336,-3.749131383739576 -38.481301952950204,-3.7492562630895048</coordinates>
                </LineString>
            </Placemark>
            <Placemark id="dt_mvw_sv_eixo_svb_l.fid--4079df0f_18eae1488d1_1d0d">
                <ExtendedData>
                    <SchemaData schemaUrl="#dt_mvw_sv_eixo_svb_l_1">
                        <SimpleData name="id">403</SimpleData>
                        <SimpleData name="idoriginal">361</SimpleData>
                        <SimpleData name="classifvia">Via Arterial I</SimpleData>
                    </SchemaData>
                </ExtendedData>
                <LineString>
                    <coordinates>-38.47843650039566,-3.839475035312163 -38.47768282940883,-3.8393154542150882 -38.47720998189364,-3.8390315591731743 -38.47690134954513,-3.838793933378607 -38.47360261978476,-3.8358741091979653 -38.473320325103344,-3.8355441619030755 -38.47312344001912,-3.835207672210252 -38.472991521418514,-3.8347831529309064 -38.47200860208183,-3.8291893365438976 -38.471838114613185,-3.828661595007466 -38.47161500183926,-3.828245942955075 -38.471404927164215,-3.827995186116456 -38.471161995972025,-3.8277575991143813 -38.47090333985238,-3.8275618139130594 -38.47068004961148,-3.827436361951996 -38.470483013138065,-3.8273504987449556 -38.470279387288976,-3.8272976093222195</coordinates>
                </LineString>
            </Placemark>
            <Placemark id="dt_mvw_sv_eixo_svb_l.fid--4079df0f_18eae1488d1_1d0e">
                <ExtendedData>
                    <SchemaData schemaUrl="#dt_mvw_sv_eixo_svb_l_1">
                        <SimpleData name="id">404</SimpleData>
                        <SimpleData name="idoriginal">362</SimpleData>
                        <SimpleData name="classifvia">Via Arterial I</SimpleData>
                    </SchemaData>
                </ExtendedData>
                <LineString>
                    <coordinates>-38.519548867008176,-3.7235108341513143 -38.523591023225364,-3.7359610348264853</coordinates>
                </LineString>
            </Placemark>
            <Placemark id="dt_mvw_sv_eixo_svb_l.fid--4079df0f_18eae1488d1_1d0f">
                <ExtendedData>
                    <SchemaData schemaUrl="#dt_mvw_sv_eixo_svb_l_1">
                        <SimpleData name="id">405</SimpleData>
                        <SimpleData name="idoriginal">363</SimpleData>
                        <SimpleData name="classifvia">Via Arterial I</SimpleData>
                    </SchemaData>
                </ExtendedData>
                <LineString>
                    <coordinates>-38.5828626820348,-3.8364285068182356 -38.593307090728956,-3.82881515384471</coordinates>
                </LineString>
            </Placemark>
            <Placemark id="dt_mvw_sv_eixo_svb_l.fid--4079df0f_18eae1488d1_1d10">
                <ExtendedData>
                    <SchemaData schemaUrl="#dt_mvw_sv_eixo_svb_l_1">
                        <SimpleData name="id">407</SimpleData>
                        <SimpleData name="idoriginal">365</SimpleData>
                        <SimpleData name="classifvia">Via Arterial I</SimpleData>
                    </SchemaData>
                </ExtendedData>
                <LineString>
                    <coordinates>-38.49549741288117,-3.7273518070744016 -38.49739706295056,-3.7332552667574785 -38.49840848849328,-3.736321055005865 -38.50139760904714,-3.7456935798823743 -38.503777247896046,-3.753114729574596 -38.504421669753306,-3.7545895035120975 -38.504488293807626,-3.7548129364857243 -38.504521259466266,-3.7555389888486634</coordinates>
                </LineString>
            </Placemark>
            <Placemark id="dt_mvw_sv_eixo_svb_l.fid--4079df0f_18eae1488d1_1d11">
                <ExtendedData>
                    <SchemaData schemaUrl="#dt_mvw_sv_eixo_svb_l_1">
                        <SimpleData name="id">408</SimpleData>
                        <SimpleData name="idoriginal">366</SimpleData>
                        <SimpleData name="classifvia">Via Arterial I</SimpleData>
                    </SchemaData>
                </ExtendedData>
                <LineString>
                    <coordinates>-38.52120201016777,-3.728801155765946 -38.51477796147859,-3.7308896246430963 -38.50621424212294,-3.733679983148111 -38.502263122380924,-3.7349675733049406 -38.49347567076053,-3.73780610016282 -38.487413066727434,-3.739779169941668</coordinates>
                </LineString>
            </Placemark>
            <Placemark id="dt_mvw_sv_eixo_svb_l.fid--4079df0f_18eae1488d1_1d12">
                <ExtendedData>
                    <SchemaData schemaUrl="#dt_mvw_sv_eixo_svb_l_1">
                        <SimpleData name="id">409</SimpleData>
                        <SimpleData name="idoriginal">367</SimpleData>
                        <SimpleData name="classifvia">Via Arterial I</SimpleData>
                    </SchemaData>
                </ExtendedData>
                <LineString>
                    <coordinates>-38.56650211321326,-3.7756377414877353 -38.56802845939914,-3.7765691635017378 -38.56809749744738,-3.7766311178551724 -38.573711473036276,-3.7801837361205393 -38.57466405568777,-3.7807630269095247 -38.57558790334328,-3.7813382663093185 -38.57646040499425,-3.78194163312282 -38.57706075662945,-3.7823438869516037 -38.57799732160392,-3.782939244939327 -38.578757801905454,-3.7833817711675564 -38.58001099899325,-3.7841571153731874 -38.58262057837765,-3.7858385717853604 -38.58516973340797,-3.7875659679375175</coordinates>
                </LineString>
            </Placemark>
            <Placemark id="dt_mvw_sv_eixo_svb_l.fid--4079df0f_18eae1488d1_1d13">
                <ExtendedData>
                    <SchemaData schemaUrl="#dt_mvw_sv_eixo_svb_l_1">
                        <SimpleData name="id">410</SimpleData>
                        <SimpleData name="idoriginal">368</SimpleData>
                        <SimpleData name="classifvia">Via Comercial</SimpleData>
                    </SchemaData>
                </ExtendedData>
                <LineString>
                    <coordinates>-38.519548867008176,-3.7235108341513143 -38.51498104123548,-3.7238193534225563 -38.512637496724,-3.724049559196448</coordinates>
                </LineString>
            </Placemark>
            <Placemark id="dt_mvw_sv_eixo_svb_l.fid--4079df0f_18eae1488d1_1d14">
                <ExtendedData>
                    <SchemaData schemaUrl="#dt_mvw_sv_eixo_svb_l_1">
                        <SimpleData name="id">411</SimpleData>
                        <SimpleData name="idoriginal">369</SimpleData>
                        <SimpleData name="classifvia">Via Arterial I</SimpleData>
                    </SchemaData>
                </ExtendedData>
                <LineString>
                    <coordinates>-38.583802724137165,-3.839334014282271 -38.58291231810422,-3.8394296881901906 -38.5753187608464,-3.8414254881293095 -38.571186533724855,-3.842487041896429 -38.56759594445355,-3.8434017977520423 -38.566565415218996,-3.8436150162537985 -38.5658279990811,-3.8436425017045974 -38.56554552383995,-3.843584544573631</coordinates>
                </LineString>
            </Placemark>
            <Placemark id="dt_mvw_sv_eixo_svb_l.fid--4079df0f_18eae1488d1_1d15">
                <ExtendedData>
                    <SchemaData schemaUrl="#dt_mvw_sv_eixo_svb_l_1">
                        <SimpleData name="id">412</SimpleData>
                        <SimpleData name="idoriginal">370</SimpleData>
                        <SimpleData name="classifvia">Via Arterial I</SimpleData>
                    </SchemaData>
                </ExtendedData>
                <LineString>
                    <coordinates>-38.479850345352595,-3.795725845895745 -38.48030669564038,-3.7957627754976246 -38.48666524151777,-3.7963073957250497 -38.486957309060394,-3.7963258968440337 -38.48722201067325,-3.7963168905974096 -38.48739544324919,-3.7962986666820715 -38.495004215984665,-3.795413954671807 -38.495351075542985,-3.7953866668699874 -38.4955975167563,-3.795386811165234 -38.495953460941344,-3.795432838190418 -38.496245502264216,-3.7954971543076486 -38.49651015084066,-3.795579782613781 -38.496765651131774,-3.795699059253417 -38.502995804530975,-3.79858299451339 -38.50523239343389,-3.799556961571274</coordinates>
                </LineString>
            </Placemark>
            <Placemark id="dt_mvw_sv_eixo_svb_l.fid--4079df0f_18eae1488d1_1d16">
                <ExtendedData>
                    <SchemaData schemaUrl="#dt_mvw_sv_eixo_svb_l_1">
                        <SimpleData name="id">413</SimpleData>
                        <SimpleData name="idoriginal">402</SimpleData>
                        <SimpleData name="classifvia">Via Arterial I</SimpleData>
                    </SchemaData>
                </ExtendedData>
                <LineString>
                    <coordinates>-38.604771831957436,-3.8224885199506238 -38.60789812698572,-3.817238520960993 -38.608067043948964,-3.816986280724419 -38.608226287795006,-3.816814575010726 -38.60839347058499,-3.8166868166932217 -38.60852482942354,-3.816583010538162 -38.608715865116096,-3.816503201133164 -38.611981493144015,-3.815005878928617</coordinates>
                </LineString>
            </Placemark>
            <Placemark id="dt_mvw_sv_eixo_svb_l.fid--4079df0f_18eae1488d1_1d17">
                <ExtendedData>
                    <SchemaData schemaUrl="#dt_mvw_sv_eixo_svb_l_1">
                        <SimpleData name="id">414</SimpleData>
                        <SimpleData name="idoriginal">542</SimpleData>
                        <SimpleData name="classifvia">Via Coletora</SimpleData>
                    </SchemaData>
                </ExtendedData>
                <LineString>
                    <coordinates>-38.49167634148004,-3.8579601418393064 -38.484988717694044,-3.856904089123348 -38.482939019079055,-3.856579492171154</coordinates>
                </LineString>
            </Placemark>
            <Placemark id="dt_mvw_sv_eixo_svb_l.fid--4079df0f_18eae1488d1_1d18">
                <ExtendedData>
                    <SchemaData schemaUrl="#dt_mvw_sv_eixo_svb_l_1">
                        <SimpleData name="id">415</SimpleData>
                        <SimpleData name="idoriginal">376</SimpleData>
                        <SimpleData name="classifvia">Via Arterial I</SimpleData>
                    </SchemaData>
                </ExtendedData>
                <LineString>
                    <coordinates>-38.508357600772314,-3.762557404450568 -38.50875858708135,-3.763751293761316 -38.50884927341443,-3.7640706471772947 -38.5088946209207,-3.7645563265033566 -38.50905571572813,-3.7666351410031433 -38.509101936834526,-3.7669065268036706 -38.509179675193884,-3.7671672252786492 -38.509335273292386,-3.7674735830848385 -38.509484428760466,-3.7676952238762533 -38.509763333432936,-3.7680212003286244 -38.50990597703715,-3.76828193599805 -38.51006151276587,-3.7686990716600737 -38.51092375600271,-3.7709693954000794 -38.5110217807979,-3.7711804100434496 -38.51119039328069,-3.7714281273725248 -38.511423914744064,-3.771669365104887 -38.5123385716205,-3.7725561068326297 -38.512448832950135,-3.77269301316296 -38.512584994236825,-3.77294071148309 -38.51266274930674,-3.773175345210279 -38.512728936420466,-3.773459487281875 -38.51316950509487,-3.77643435706031 -38.513260262781564,-3.7766298994683916 -38.51338344429708,-3.7768775910187675 -38.51367514210825,-3.777548941363717 -38.513707461352524,-3.7777585710413812 -38.51371377746921,-3.7780713607133225 -38.513661730470865,-3.7782928886133256 -38.51361617006634,-3.7785209357391634 -38.51357711077653,-3.778729438051702 -38.51362244982687,-3.7788988891794397 -38.513713240466046,-3.779035784515047 -38.513901402778956,-3.779146668235532 -38.51410259723799,-3.7791663302564165 -38.51436217386431,-3.7792446726473687</coordinates>
                </LineString>
            </Placemark>
            <Placemark id="dt_mvw_sv_eixo_svb_l.fid--4079df0f_18eae1488d1_1d19">
                <ExtendedData>
                    <SchemaData schemaUrl="#dt_mvw_sv_eixo_svb_l_1">
                        <SimpleData name="id">416</SimpleData>
                        <SimpleData name="idoriginal">377</SimpleData>
                        <SimpleData name="classifvia">Via Arterial I</SimpleData>
                    </SchemaData>
                </ExtendedData>
                <LineString>
                    <coordinates>-38.56466110625413,-3.7796261095896817 -38.564744984151226,-3.77982759190905 -38.56484285602886,-3.780033765248749 -38.565378744648726,-3.781737198317328 -38.56671798899311,-3.7861746929376117 -38.566755212734755,-3.7863395308853356 -38.56678496803671,-3.7865193489615603 -38.56681405278666,-3.787277377914222 -38.5667661749363,-3.7887782117553614 -38.56679241881221,-3.7891156988270454 -38.56694780290209,-3.7908784649761325 -38.56699993768982,-3.7910657859803303 -38.56710429064575,-3.7912756087617656 -38.56719375813636,-3.7914105056524607 -38.568404234184264,-3.792831922430771 -38.569014874150085,-3.793768397921684 -38.56915649306581,-3.794060648815231 -38.56927571704617,-3.794375363601338 -38.57474382267543,-3.8117886313867584</coordinates>
                </LineString>
            </Placemark>
            <Placemark id="dt_mvw_sv_eixo_svb_l.fid--4079df0f_18eae1488d1_1d1a">
                <ExtendedData>
                    <SchemaData schemaUrl="#dt_mvw_sv_eixo_svb_l_1">
                        <SimpleData name="id">417</SimpleData>
                        <SimpleData name="idoriginal">378</SimpleData>
                        <SimpleData name="classifvia">Via Arterial I</SimpleData>
                    </SchemaData>
                </ExtendedData>
                <LineString>
                    <coordinates>-38.58588278533908,-3.760166219995333 -38.59207572556994,-3.7569058319486057 -38.59366857121436,-3.756056681157945 -38.59385194828052,-3.7559811635302847 -38.59401894452484,-3.755928647577438 -38.60457507423462,-3.753995913673634</coordinates>
                </LineString>
            </Placemark>
            <Placemark id="dt_mvw_sv_eixo_svb_l.fid--4079df0f_18eae1488d1_1d1b">
                <ExtendedData>
                    <SchemaData schemaUrl="#dt_mvw_sv_eixo_svb_l_1">
                        <SimpleData name="id">418</SimpleData>
                        <SimpleData name="idoriginal">379</SimpleData>
                        <SimpleData name="classifvia">Via Paisagística</SimpleData>
                    </SchemaData>
                </ExtendedData>
                <LineString>
                    <coordinates>-38.588103238864186,-3.6997760422165165 -38.58872154746499,-3.700580105050873 -38.58902728851278,-3.700932391695715 -38.58915405087191,-3.701097283751743 -38.58931065403045,-3.701269682396874 -38.589556726831084,-3.70157698627201 -38.58969095091448,-3.701741882234069 -38.589944537208495,-3.7019368030306965 -38.59033988423042,-3.702131789526369 -38.590720333397954,-3.7022743223260917 -38.591361858554336,-3.7025518390177683 -38.5915035849172,-3.702626828920757 -38.5916643196889,-3.7027289769656804</coordinates>
                </LineString>
            </Placemark>
            <Placemark id="dt_mvw_sv_eixo_svb_l.fid--4079df0f_18eae1488d1_1d1c">
                <ExtendedData>
                    <SchemaData schemaUrl="#dt_mvw_sv_eixo_svb_l_1">
                        <SimpleData name="id">419</SimpleData>
                        <SimpleData name="idoriginal">380</SimpleData>
                        <SimpleData name="classifvia">Via Arterial I</SimpleData>
                    </SchemaData>
                </ExtendedData>
                <LineString>
                    <coordinates>-38.48913650430265,-3.735933271324211 -38.48899504709169,-3.7359888805381067 -38.488886905166765,-3.735977679040444 -38.48733405001271,-3.7359015871333527 -38.48574366721807,-3.7358350802265448</coordinates>
                </LineString>
            </Placemark>
            <Placemark id="dt_mvw_sv_eixo_svb_l.fid--4079df0f_18eae1488d1_1d1d">
                <ExtendedData>
                    <SchemaData schemaUrl="#dt_mvw_sv_eixo_svb_l_1">
                        <SimpleData name="id">420</SimpleData>
                        <SimpleData name="idoriginal">381</SimpleData>
                        <SimpleData name="classifvia">Via Arterial I</SimpleData>
                    </SchemaData>
                </ExtendedData>
                <LineString>
                    <coordinates>-38.541118315522624,-3.722750565782621 -38.54518665259121,-3.7214090435989697 -38.54656880725793,-3.7209536477660836 -38.54682883192477,-3.720872189344571</coordinates>
                </LineString>
            </Placemark>
            <Placemark id="dt_mvw_sv_eixo_svb_l.fid--4079df0f_18eae1488d1_1d1e">
                <ExtendedData>
                    <SchemaData schemaUrl="#dt_mvw_sv_eixo_svb_l_1">
                        <SimpleData name="id">421</SimpleData>
                        <SimpleData name="idoriginal">382</SimpleData>
                        <SimpleData name="classifvia">Via Arterial I</SimpleData>
                    </SchemaData>
                </ExtendedData>
                <LineString>
                    <coordinates>-38.54315187072626,-3.7428094264145404 -38.544030245699815,-3.7435284100070567 -38.54492686323953,-3.7444073157078543 -38.54551914309294,-3.744981217498559 -38.551351849523364,-3.750903866032439 -38.55698946836441,-3.756469164357816 -38.55732151817994,-3.75675096142409 -38.55792883913899,-3.7570524031031662 -38.558322802365076,-3.7571458451988535 -38.55873032772052,-3.757184658779567 -38.55999523801513,-3.757220045042431 -38.56038154701934,-3.7572360502519317 -38.56079674186073,-3.757317334136212 -38.561892365098714,-3.7575881341042576 -38.56233824142066,-3.7578238603298586 -38.562614966874285,-3.7580208939519797 -38.56288015049063,-3.758233364661326</coordinates>
                </LineString>
            </Placemark>
            <Placemark id="dt_mvw_sv_eixo_svb_l.fid--4079df0f_18eae1488d1_1d1f">
                <ExtendedData>
                    <SchemaData schemaUrl="#dt_mvw_sv_eixo_svb_l_1">
                        <SimpleData name="id">422</SimpleData>
                        <SimpleData name="idoriginal">383</SimpleData>
                        <SimpleData name="classifvia">Via Arterial I</SimpleData>
                    </SchemaData>
                </ExtendedData>
                <LineString>
                    <coordinates>-38.45069666984924,-3.8182723152921354 -38.45060822757742,-3.818010326166033 -38.45055423182007,-3.817768127315664 -38.44887941057099,-3.8095345330619925 -38.44884958941938,-3.8092827692427638 -38.44883608478451,-3.8090648825649445 -38.44883619445927,-3.808892492252871 -38.44884990769482,-3.8087584195831803 -38.449080440585085,-3.8068573181380456 -38.44906346457793,-3.806512026653259 -38.44900171859882,-3.8062599319609207 -38.44889524818665,-3.806031978305577 -38.448792173331185,-3.805873083166043 -38.44863406023068,-3.805731416793334 -38.44838971860808,-3.8055643973896625 -38.44809747464408,-3.8054260970847227 -38.44793584540537,-3.8054052763731563</coordinates>
                </LineString>
            </Placemark>
            <Placemark id="dt_mvw_sv_eixo_svb_l.fid--4079df0f_18eae1488d1_1d20">
                <ExtendedData>
                    <SchemaData schemaUrl="#dt_mvw_sv_eixo_svb_l_1">
                        <SimpleData name="id">423</SimpleData>
                        <SimpleData name="idoriginal">384</SimpleData>
                        <SimpleData name="classifvia">Via Arterial I</SimpleData>
                    </SchemaData>
                </ExtendedData>
                <LineString>
                    <coordinates>-38.56284998961777,-3.758209212501845 -38.56301669627077,-3.758355276683513 -38.56319192615257,-3.7585614553138607 -38.563593609127295,-3.7591627549067472 -38.566856982638186,-3.764263559927283</coordinates>
                </LineString>
            </Placemark>
            <Placemark id="dt_mvw_sv_eixo_svb_l.fid--4079df0f_18eae1488d1_1d21">
                <ExtendedData>
                    <SchemaData schemaUrl="#dt_mvw_sv_eixo_svb_l_1">
                        <SimpleData name="id">424</SimpleData>
                        <SimpleData name="idoriginal">385</SimpleData>
                        <SimpleData name="classifvia">Via Arterial I</SimpleData>
                    </SchemaData>
                </ExtendedData>
                <LineString>
                    <coordinates>-38.55749114238445,-3.7732558162076453 -38.55733147201728,-3.773059680043467 -38.55722804203791,-3.7728130736345054 -38.5561638486089,-3.769799927576684 -38.55604556539917,-3.769672134948732 -38.5558917589736,-3.769582940135466 -38.55573202394695,-3.7695145364121387 -38.55499703950753,-3.7693088744803336 -38.554789942258594,-3.7692879746522343 -38.55466862927731,-3.7692997941969497 -38.55458873731303,-3.7693146061477236</coordinates>
                </LineString>
            </Placemark>
            <Placemark id="dt_mvw_sv_eixo_svb_l.fid--4079df0f_18eae1488d1_1d22">
                <ExtendedData>
                    <SchemaData schemaUrl="#dt_mvw_sv_eixo_svb_l_1">
                        <SimpleData name="id">425</SimpleData>
                        <SimpleData name="idoriginal">386</SimpleData>
                        <SimpleData name="classifvia">Via Arterial I</SimpleData>
                    </SchemaData>
                </ExtendedData>
                <LineString>
                    <coordinates>-38.48717478288444,-3.7398338448990334 -38.48326402637581,-3.741075784529313 -38.4830396233851,-3.741172188361594 -38.482825928864514,-3.7412256926567644 -38.456829477414225,-3.7496093364676835 -38.456378077328104,-3.749694746587906 -38.45618576668025,-3.7497160786517663 -38.45592938951644,-3.7496837402426335 -38.455662355508025,-3.7496084906277614 -38.45543807510177,-3.7495010885668</coordinates>
                </LineString>
            </Placemark>
            <Placemark id="dt_mvw_sv_eixo_svb_l.fid--4079df0f_18eae1488d1_1d23">
                <ExtendedData>
                    <SchemaData schemaUrl="#dt_mvw_sv_eixo_svb_l_1">
                        <SimpleData name="id">426</SimpleData>
                        <SimpleData name="idoriginal">387</SimpleData>
                        <SimpleData name="classifvia">Via Arterial I</SimpleData>
                    </SchemaData>
                </ExtendedData>
                <LineString>
                    <coordinates>-38.45544875106764,-3.749511821776755 -38.45037021542817,-3.747040833567724</coordinates>
                </LineString>
            </Placemark>
            <Placemark id="dt_mvw_sv_eixo_svb_l.fid--4079df0f_18eae1488d1_1d24">
                <ExtendedData>
                    <SchemaData schemaUrl="#dt_mvw_sv_eixo_svb_l_1">
                        <SimpleData name="id">427</SimpleData>
                        <SimpleData name="idoriginal">388</SimpleData>
                        <SimpleData name="classifvia">Via Paisagística</SimpleData>
                    </SchemaData>
                </ExtendedData>
                <LineString>
                    <coordinates>-38.481301952950204,-3.7492562630895048 -38.48137279705,-3.7493783337248088 -38.48150395563444,-3.7497261268853994 -38.48324498463748,-3.7548150807974627 -38.483364209352395,-3.7551508765292363 -38.48338788935838,-3.7554986058145006 -38.483411562314686,-3.755858325333753 -38.483299368691625,-3.7569735615740445</coordinates>
                </LineString>
            </Placemark>
            <Placemark id="dt_mvw_sv_eixo_svb_l.fid--4079df0f_18eae1488d1_1d25">
                <ExtendedData>
                    <SchemaData schemaUrl="#dt_mvw_sv_eixo_svb_l_1">
                        <SimpleData name="id">428</SimpleData>
                        <SimpleData name="idoriginal">389</SimpleData>
                        <SimpleData name="classifvia">Via Arterial I</SimpleData>
                    </SchemaData>
                </ExtendedData>
                <LineString>
                    <coordinates>-38.55748640147278,-3.7732430211084655 -38.557655628544914,-3.7734335305708306 -38.56100679399551,-3.77627797887091 -38.56137593277169,-3.7765666521561934 -38.56160607925891,-3.776832000638158 -38.56198440802434,-3.7772689754315127 -38.56264066382369,-3.777780350077708 -38.56304911750595,-3.778126481621929 -38.56317775210369,-3.7782285589222173 -38.56445728182642,-3.7793513400113596 -38.56468108109555,-3.7796248646413555</coordinates>
                </LineString>
            </Placemark>
            <Placemark id="dt_mvw_sv_eixo_svb_l.fid--4079df0f_18eae1488d1_1d26">
                <ExtendedData>
                    <SchemaData schemaUrl="#dt_mvw_sv_eixo_svb_l_1">
                        <SimpleData name="id">429</SimpleData>
                        <SimpleData name="idoriginal">390</SimpleData>
                        <SimpleData name="classifvia">Via Arterial I</SimpleData>
                    </SchemaData>
                </ExtendedData>
                <LineString>
                    <coordinates>-38.49402031825658,-3.8328261365472023 -38.49157882263014,-3.8331890024313577 -38.49138819031848,-3.8332256882599727 -38.491248876280785,-3.8332624051238433 -38.49112788975486,-3.8332991328945316 -38.490268714540804,-3.8335712165352285 -38.49001940202185,-3.8336593868564153 -38.48979206585987,-3.8337770101713184 -38.489685728700984,-3.833835825948869 -38.48856916727272,-3.834487238118767 -38.4884004906185,-3.8345864959852167 -38.479146520853575,-3.839230925555065 -38.47843650039566,-3.839475035312163</coordinates>
                </LineString>
            </Placemark>
            <Placemark id="dt_mvw_sv_eixo_svb_l.fid--4079df0f_18eae1488d1_1d27">
                <ExtendedData>
                    <SchemaData schemaUrl="#dt_mvw_sv_eixo_svb_l_1">
                        <SimpleData name="id">430</SimpleData>
                        <SimpleData name="idoriginal">391</SimpleData>
                        <SimpleData name="classifvia">Via Arterial I</SimpleData>
                    </SchemaData>
                </ExtendedData>
                <LineString>
                    <coordinates>-38.47988288816796,-3.795738595073619 -38.467213110614544,-3.794635620112546</coordinates>
                </LineString>
            </Placemark>
            <Placemark id="dt_mvw_sv_eixo_svb_l.fid--4079df0f_18eae1488d1_1d28">
                <ExtendedData>
                    <SchemaData schemaUrl="#dt_mvw_sv_eixo_svb_l_1">
                        <SimpleData name="id">431</SimpleData>
                        <SimpleData name="idoriginal">392</SimpleData>
                        <SimpleData name="classifvia">Via Coletora</SimpleData>
                    </SchemaData>
                </ExtendedData>
                <LineString>
                    <coordinates>-38.46469131890814,-3.7206962737793496 -38.46328509735205,-3.720016244021188</coordinates>
                </LineString>
            </Placemark>
            <Placemark id="dt_mvw_sv_eixo_svb_l.fid--4079df0f_18eae1488d1_1d29">
                <ExtendedData>
                    <SchemaData schemaUrl="#dt_mvw_sv_eixo_svb_l_1">
                        <SimpleData name="id">432</SimpleData>
                        <SimpleData name="idoriginal">393</SimpleData>
                        <SimpleData name="classifvia">Via Coletora</SimpleData>
                    </SchemaData>
                </ExtendedData>
                <LineString>
                    <coordinates>-38.51034649804038,-3.8297057186215406 -38.5122167687651,-3.8332331738417196</coordinates>
                </LineString>
            </Placemark>
            <Placemark id="dt_mvw_sv_eixo_svb_l.fid--4079df0f_18eae1488d1_1d2a">
                <ExtendedData>
                    <SchemaData schemaUrl="#dt_mvw_sv_eixo_svb_l_1">
                        <SimpleData name="id">433</SimpleData>
                        <SimpleData name="idoriginal">394</SimpleData>
                        <SimpleData name="classifvia">Via Arterial I</SimpleData>
                    </SchemaData>
                </ExtendedData>
                <LineString>
                    <coordinates>-38.57881210128367,-3.8242141003387307 -38.57975603228337,-3.8271019986888737 -38.58271871824092,-3.8363141806832477 -38.583589609134854,-3.8389150889588035 -38.584258365869154,-3.8409156479004474</coordinates>
                </LineString>
            </Placemark>
            <Placemark id="dt_mvw_sv_eixo_svb_l.fid--4079df0f_18eae1488d1_1d2b">
                <ExtendedData>
                    <SchemaData schemaUrl="#dt_mvw_sv_eixo_svb_l_1">
                        <SimpleData name="id">434</SimpleData>
                        <SimpleData name="idoriginal">395</SimpleData>
                        <SimpleData name="classifvia">Via Arterial I</SimpleData>
                    </SchemaData>
                </ExtendedData>
                <LineString>
                    <coordinates>-38.45068804552842,-3.8182391730943706 -38.4507607214999,-3.8184352283228824 -38.45082020783048,-3.818558187703234 -38.45087308245133,-3.818671175475958 -38.452677716125386,-3.8221597877763496 -38.452857551997134,-3.8224469392375795 -38.45301096950314,-3.822649026131989 -38.45321203158302,-3.8228617747907343 -38.453513681617366,-3.8230905336795113 -38.45376243316773,-3.8232448418760967 -38.45400062515245,-3.823351303773312 -38.45418059952744,-3.8234205202969735 -38.4558082994126,-3.8239607758105683 -38.456237100140775,-3.8240673584097986 -38.45670826120455,-3.8241686525491643 -38.46024672019058,-3.8246762249915927 -38.46064000428217,-3.824751505775133 -38.46095763137108,-3.8248367543210997 -38.46119584485768,-3.8249113213764456 -38.467728485306985,-3.8272518385542376 -38.467934942063536,-3.827310437586932 -38.46823142260367,-3.827347830884723 -38.46836908484524,-3.827347916540788 -38.468474987891014,-3.827332035884542 -38.469381912263856,-3.8272423677670777 -38.469662537823304,-3.827231910613886 -38.46997491838219,-3.827242735780249 -38.470197282747414,-3.8272641353935373 -38.47034021244455,-3.8273067479390885</coordinates>
                </LineString>
            </Placemark>
            <Placemark id="dt_mvw_sv_eixo_svb_l.fid--4079df0f_18eae1488d1_1d2c">
                <ExtendedData>
                    <SchemaData schemaUrl="#dt_mvw_sv_eixo_svb_l_1">
                        <SimpleData name="id">435</SimpleData>
                        <SimpleData name="idoriginal">396</SimpleData>
                        <SimpleData name="classifvia">Via Arterial II</SimpleData>
                    </SchemaData>
                </ExtendedData>
                <LineString>
                    <coordinates>-38.508020136554165,-3.739060847568386 -38.50784305884139,-3.7392187267658232 -38.50771516436704,-3.7393420754546582 -38.50759713269255,-3.739411124827767 -38.507420089984365,-3.7395048252692353 -38.50723322365168,-3.7395837091567987 -38.507026697056574,-3.7396527085701576 -38.504045015696235,-3.7406295775484515</coordinates>
                </LineString>
            </Placemark>
            <Placemark id="dt_mvw_sv_eixo_svb_l.fid--4079df0f_18eae1488d1_1d2d">
                <ExtendedData>
                    <SchemaData schemaUrl="#dt_mvw_sv_eixo_svb_l_1">
                        <SimpleData name="id">436</SimpleData>
                        <SimpleData name="idoriginal">397</SimpleData>
                        <SimpleData name="classifvia">Via Arterial I</SimpleData>
                    </SchemaData>
                </ExtendedData>
                <LineString>
                    <coordinates>-38.52480578835625,-3.8072683448830458 -38.52551514814341,-3.8080104874186227 -38.52860863912638,-3.812143561080058 -38.53166620560439,-3.8163251081865024 -38.53634602231798,-3.8228007354514753 -38.53665326359355,-3.823162117909974 -38.53696206144144,-3.823554196484244 -38.53728716695769,-3.8238646355868737 -38.53760415398661,-3.8241505757982255 -38.537848003050044,-3.8243466633110623 -38.53801047302482,-3.8246570142961347 -38.53807531326768,-3.8250571256098578 -38.53804263303494,-3.8253428766993527 -38.5380181238378,-3.8255551487972808 -38.538013548179975,-3.8257792915604245 -38.53803753905427,-3.8258879646065784</coordinates>
                </LineString>
            </Placemark>
            <Placemark id="dt_mvw_sv_eixo_svb_l.fid--4079df0f_18eae1488d1_1d2e">
                <ExtendedData>
                    <SchemaData schemaUrl="#dt_mvw_sv_eixo_svb_l_1">
                        <SimpleData name="id">437</SimpleData>
                        <SimpleData name="idoriginal">398</SimpleData>
                        <SimpleData name="classifvia">Via Arterial II</SimpleData>
                    </SchemaData>
                </ExtendedData>
                <LineString>
                    <coordinates>-38.48504815635033,-3.7308361860526045 -38.48484199353827,-3.735411811528892</coordinates>
                </LineString>
            </Placemark>
            <Placemark id="dt_mvw_sv_eixo_svb_l.fid--4079df0f_18eae1488d1_1d2f">
                <ExtendedData>
                    <SchemaData schemaUrl="#dt_mvw_sv_eixo_svb_l_1">
                        <SimpleData name="id">438</SimpleData>
                        <SimpleData name="idoriginal">399</SimpleData>
                        <SimpleData name="classifvia">Via Arterial I</SimpleData>
                    </SchemaData>
                </ExtendedData>
                <LineString>
                    <coordinates>-38.5428145643126,-3.731153287709582 -38.54260680732253,-3.732017456244715 -38.54253050659322,-3.7324286172723067 -38.54249764069994,-3.732518469193284 -38.542461797232015,-3.732596337746693 -38.54241999155514,-3.732665215749007 -38.54235431243955,-3.73274306823334 -38.54226476297924,-3.7328239040506004 -38.54217521747467,-3.732895752902997 -38.54212448285779,-3.732922687253356</coordinates>
                </LineString>
            </Placemark>
            <Placemark id="dt_mvw_sv_eixo_svb_l.fid--4079df0f_18eae1488d1_1d30">
                <ExtendedData>
                    <SchemaData schemaUrl="#dt_mvw_sv_eixo_svb_l_1">
                        <SimpleData name="id">439</SimpleData>
                        <SimpleData name="idoriginal">400</SimpleData>
                        <SimpleData name="classifvia">Via Arterial I</SimpleData>
                    </SchemaData>
                </ExtendedData>
                <LineString>
                    <coordinates>-38.53881557965226,-3.771854863173496 -38.538067718002694,-3.7694063890124774 -38.536732685706426,-3.765063693886367 -38.53580674776005,-3.7620067118724765 -38.5342010293193,-3.7567834642889317 -38.53287884357477,-3.7524667364695135 -38.53278303846461,-3.7521537372769567 -38.53139725985176,-3.747599199410239</coordinates>
                </LineString>
            </Placemark>
            <Placemark id="dt_mvw_sv_eixo_svb_l.fid--4079df0f_18eae1488d1_1d31">
                <ExtendedData>
                    <SchemaData schemaUrl="#dt_mvw_sv_eixo_svb_l_1">
                        <SimpleData name="id">440</SimpleData>
                        <SimpleData name="idoriginal">401</SimpleData>
                        <SimpleData name="classifvia">Via Arterial I</SimpleData>
                    </SchemaData>
                </ExtendedData>
                <LineString>
                    <coordinates>-38.46751059876522,-3.7736434818823077 -38.4679191104651,-3.775179245834943 -38.46800338099581,-3.775409892342589 -38.468059505851414,-3.7755308333076947 -38.46818382765709,-3.775724360428637 -38.46827207135537,-3.7758372604182133 -38.4683482528333,-3.7759823952734113 -38.46841640146554,-3.776135585404521 -38.468424341175364,-3.776280677888803 -38.46842026835208,-3.77637740078148 -38.46838812492428,-3.776504380092799 -38.46733113343129,-3.779414087521298 -38.46722781608932,-3.7797246420226207 -38.467117283725536,-3.780202997537709 -38.467052931465815,-3.7807616169106564 -38.467052741794085,-3.7810722353628967 -38.46707022000993,-3.7815685208554624 -38.46744191094865,-3.7837406828595244 -38.46749533191899,-3.7839621192392268 -38.46755822717479,-3.7841456066850463 -38.467888683250116,-3.7849002183887896 -38.46796728993539,-3.7851501365886757 -38.46800810574568,-3.785377891312376 -38.46800162742376,-3.785668875184923 -38.46778286633718,-3.788368461871313</coordinates>
                </LineString>
            </Placemark>
            <Placemark id="dt_mvw_sv_eixo_svb_l.fid--4079df0f_18eae1488d1_1d32">
                <ExtendedData>
                    <SchemaData schemaUrl="#dt_mvw_sv_eixo_svb_l_1">
                        <SimpleData name="id">441</SimpleData>
                        <SimpleData name="idoriginal">403</SimpleData>
                        <SimpleData name="classifvia">Via Arterial I</SimpleData>
                    </SchemaData>
                </ExtendedData>
                <LineString>
                    <coordinates>-38.60754441215168,-3.8102561125521794 -38.6079224609929,-3.8100261751454885 -38.60804561209253,-3.8099454157293624 -38.60815928107327,-3.809888421417016 -38.60875132954961,-3.809546413240084 -38.60894552205801,-3.809432409293495 -38.60907814725258,-3.809342146242824 -38.61208299946233,-3.8070066999433507 -38.612213491314904,-3.806855514506762 -38.612283613762806,-3.806623571298023 -38.61225803883162,-3.8064033001905484 -38.6121717500509,-3.8062532977454158 -38.61213909523958,-3.8062064194417484 -38.61052890622646,-3.8044935408102494 -38.61042147966962,-3.8043487252942083 -38.61032976962744,-3.8042355026098327 -38.610240699126116,-3.804082799206587 -38.61016735863571,-3.8039301029292214 -38.609865749983946,-3.803189362671932 -38.60978197129197,-3.8029282181407376 -38.609769502574075,-3.802671317552073 -38.60980734686424,-3.8024691880465014 -38.60984947175902,-3.802311748118011 -38.60992505923662,-3.8021306922276725 -38.61000901769732,-3.801991754572685 -38.6101097489702,-3.801865458317473 -38.61023144991382,-3.8017475947260086 -38.611150447442846,-3.8009857483756075 -38.6113405108607,-3.800792616156105 -38.611428672664154,-3.8006326227512823 -38.611504240801544,-3.8004936811173042 -38.6115588882101,-3.800236810786835 -38.61157571944332,-3.80011889913911 -38.61165626237429,-3.7982355426014043</coordinates>
                </LineString>
            </Placemark>
            <Placemark id="dt_mvw_sv_eixo_svb_l.fid--4079df0f_18eae1488d1_1d33">
                <ExtendedData>
                    <SchemaData schemaUrl="#dt_mvw_sv_eixo_svb_l_1">
                        <SimpleData name="id">443</SimpleData>
                        <SimpleData name="idoriginal">571</SimpleData>
                        <SimpleData name="classifvia">Via Coletora</SimpleData>
                    </SchemaData>
                </ExtendedData>
                <LineString>
                    <coordinates>-38.6031470075731,-3.7614403485557215 -38.603179539223696,-3.761361956052763 -38.60377987241988,-3.759866222668104</coordinates>
                </LineString>
            </Placemark>
            <Placemark id="dt_mvw_sv_eixo_svb_l.fid--4079df0f_18eae1488d1_1d34">
                <ExtendedData>
                    <SchemaData schemaUrl="#dt_mvw_sv_eixo_svb_l_1">
                        <SimpleData name="id">444</SimpleData>
                        <SimpleData name="idoriginal">405</SimpleData>
                        <SimpleData name="classifvia">Via Coletora</SimpleData>
                    </SchemaData>
                </ExtendedData>
                <LineString>
                    <coordinates>-38.60316354490011,-3.7614221775181265 -38.60172266967704,-3.7652443163606386 -38.601683519042766,-3.765351755407251 -38.60162580371012,-3.765554243184768 -38.6014978599066,-3.7661728695691967 -38.60147313100498,-3.766245185145064 -38.601448350494984,-3.7663094680938185 -38.6013515237679,-3.766532602854162 -38.60114067018356,-3.7670055368518143</coordinates>
                </LineString>
            </Placemark>
            <Placemark id="dt_mvw_sv_eixo_svb_l.fid--4079df0f_18eae1488d1_1d35">
                <ExtendedData>
                    <SchemaData schemaUrl="#dt_mvw_sv_eixo_svb_l_1">
                        <SimpleData name="id">445</SimpleData>
                        <SimpleData name="idoriginal">410</SimpleData>
                        <SimpleData name="classifvia">Via Arterial II</SimpleData>
                    </SchemaData>
                </ExtendedData>
                <LineString>
                    <coordinates>-38.561515255094285,-3.771338859677878 -38.56226148141137,-3.77315542785632</coordinates>
                </LineString>
            </Placemark>
            <Placemark id="dt_mvw_sv_eixo_svb_l.fid--4079df0f_18eae1488d1_1d36">
                <ExtendedData>
                    <SchemaData schemaUrl="#dt_mvw_sv_eixo_svb_l_1">
                        <SimpleData name="id">446</SimpleData>
                        <SimpleData name="idoriginal">411</SimpleData>
                        <SimpleData name="classifvia">Via Arterial II</SimpleData>
                    </SchemaData>
                </ExtendedData>
                <LineString>
                    <coordinates>-38.53076042001476,-3.7481946625578875 -38.53204938665593,-3.7497290108342107</coordinates>
                </LineString>
            </Placemark>
            <Placemark id="dt_mvw_sv_eixo_svb_l.fid--4079df0f_18eae1488d1_1d37">
                <ExtendedData>
                    <SchemaData schemaUrl="#dt_mvw_sv_eixo_svb_l_1">
                        <SimpleData name="id">447</SimpleData>
                        <SimpleData name="idoriginal">412</SimpleData>
                        <SimpleData name="classifvia">Via Arterial II</SimpleData>
                    </SchemaData>
                </ExtendedData>
                <LineString>
                    <coordinates>-38.52573552226568,-3.7332013725839883 -38.52666729279708,-3.7360375007595312 -38.527223512350275,-3.737685890811461 -38.52864290666856,-3.741994546556527 -38.52969123897447,-3.745008514454465 -38.53073238118677,-3.748065829274369</coordinates>
                </LineString>
            </Placemark>
            <Placemark id="dt_mvw_sv_eixo_svb_l.fid--4079df0f_18eae1488d1_1d38">
                <ExtendedData>
                    <SchemaData schemaUrl="#dt_mvw_sv_eixo_svb_l_1">
                        <SimpleData name="id">448</SimpleData>
                        <SimpleData name="idoriginal">413</SimpleData>
                        <SimpleData name="classifvia">Via Arterial II</SimpleData>
                    </SchemaData>
                </ExtendedData>
                <LineString>
                    <coordinates>-38.507508040576475,-3.737633224073435 -38.50352187220269,-3.7389827459042215</coordinates>
                </LineString>
            </Placemark>
            <Placemark id="dt_mvw_sv_eixo_svb_l.fid--4079df0f_18eae1488d1_1d39">
                <ExtendedData>
                    <SchemaData schemaUrl="#dt_mvw_sv_eixo_svb_l_1">
                        <SimpleData name="id">449</SimpleData>
                        <SimpleData name="idoriginal">414</SimpleData>
                        <SimpleData name="classifvia">Via Arterial II</SimpleData>
                    </SchemaData>
                </ExtendedData>
                <LineString>
                    <coordinates>-38.54684512733175,-3.768291409541579 -38.54612510638481,-3.7679930660516665</coordinates>
                </LineString>
            </Placemark>
            <Placemark id="dt_mvw_sv_eixo_svb_l.fid--4079df0f_18eae1488d1_1d3a">
                <ExtendedData>
                    <SchemaData schemaUrl="#dt_mvw_sv_eixo_svb_l_1">
                        <SimpleData name="id">450</SimpleData>
                        <SimpleData name="idoriginal">416</SimpleData>
                        <SimpleData name="classifvia">Via Arterial II</SimpleData>
                    </SchemaData>
                </ExtendedData>
                <LineString>
                    <coordinates>-38.51984660790683,-3.720820673391269 -38.523179470256466,-3.7212668218622023</coordinates>
                </LineString>
            </Placemark>
            <Placemark id="dt_mvw_sv_eixo_svb_l.fid--4079df0f_18eae1488d1_1d3b">
                <ExtendedData>
                    <SchemaData schemaUrl="#dt_mvw_sv_eixo_svb_l_1">
                        <SimpleData name="id">451</SimpleData>
                        <SimpleData name="idoriginal">417</SimpleData>
                        <SimpleData name="classifvia">Via Coletora</SimpleData>
                    </SchemaData>
                </ExtendedData>
                <LineString>
                    <coordinates>-38.48931766873708,-3.7264204059103174 -38.488953351642564,-3.728307520349925 -38.488937656366716,-3.7283860770554433 -38.48892508716841,-3.7284709205626556 -38.48891249505765,-3.728596618106367 -38.488903029022346,-3.7287286029303313 -38.48861186438566,-3.7358779978413876 -38.48846183774022,-3.7393887317593344</coordinates>
                </LineString>
            </Placemark>
            <Placemark id="dt_mvw_sv_eixo_svb_l.fid--4079df0f_18eae1488d1_1d3c">
                <ExtendedData>
                    <SchemaData schemaUrl="#dt_mvw_sv_eixo_svb_l_1">
                        <SimpleData name="id">452</SimpleData>
                        <SimpleData name="idoriginal">418</SimpleData>
                        <SimpleData name="classifvia">Via Coletora</SimpleData>
                    </SchemaData>
                </ExtendedData>
                <LineString>
                    <coordinates>-38.518895168628745,-3.837278351786691 -38.51889650992538,-3.8371629952997695 -38.5188747398654,-3.835787800125878 -38.51888462562028,-3.835643429350761 -38.51893371518433,-3.835531893613511 -38.51903837727432,-3.835403982507923 -38.51913685756285,-3.835334466197048 -38.519238198327784,-3.8353017104136775 -38.51932644877222,-3.8352984791182805 -38.524062546124625,-3.835143661248486 -38.52417040551648,-3.8351437214366806 -38.52425538536531,-3.83514376884792 -38.524343617699785,-3.8351733494684717 -38.52445145352307,-3.8352160666889104 -38.52455599878926,-3.8352981571026556 -38.5246540053496,-3.835383524907232 -38.5260968559712,-3.8368726186530653 -38.52617198578372,-3.8369546925555484 -38.52621770450437,-3.8370269059708355 -38.526247081265794,-3.837099110799016 -38.52627969902827,-3.8372205366112935 -38.52629598315611,-3.8373255466193052 -38.5262926373191,-3.837466639718397</coordinates>
                </LineString>
            </Placemark>
            <Placemark id="dt_mvw_sv_eixo_svb_l.fid--4079df0f_18eae1488d1_1d3d">
                <ExtendedData>
                    <SchemaData schemaUrl="#dt_mvw_sv_eixo_svb_l_1">
                        <SimpleData name="id">453</SimpleData>
                        <SimpleData name="idoriginal">419</SimpleData>
                        <SimpleData name="classifvia">Via Arterial II</SimpleData>
                    </SchemaData>
                </ExtendedData>
                <LineString>
                    <coordinates>-38.53101064545647,-3.7314777455101114 -38.53130627072457,-3.7324087481123374 -38.531582899219714,-3.73334198725042 -38.53189133313103,-3.7343990488262806 -38.53243980692682,-3.7361797559323975 -38.53275458268825,-3.7372080770161604 -38.53354827857752,-3.739873547101079 -38.53495020941878,-3.7444967692073408</coordinates>
                </LineString>
            </Placemark>
            <Placemark id="dt_mvw_sv_eixo_svb_l.fid--4079df0f_18eae1488d1_1d3e">
                <ExtendedData>
                    <SchemaData schemaUrl="#dt_mvw_sv_eixo_svb_l_1">
                        <SimpleData name="id">454</SimpleData>
                        <SimpleData name="idoriginal">420</SimpleData>
                        <SimpleData name="classifvia">Via Coletora</SimpleData>
                    </SchemaData>
                </ExtendedData>
                <LineString>
                    <coordinates>-38.46596829550154,-3.7383769081543874 -38.46388072001251,-3.742673712526118</coordinates>
                </LineString>
            </Placemark>
            <Placemark id="dt_mvw_sv_eixo_svb_l.fid--4079df0f_18eae1488d1_1d3f">
                <ExtendedData>
                    <SchemaData schemaUrl="#dt_mvw_sv_eixo_svb_l_1">
                        <SimpleData name="id">483</SimpleData>
                        <SimpleData name="idoriginal">447</SimpleData>
                        <SimpleData name="classifvia">Via Arterial II</SimpleData>
                    </SchemaData>
                </ExtendedData>
                <LineString>
                    <coordinates>-38.52290350878841,-3.7340310999284334 -38.51667070680286,-3.7360465905760245 -38.51457538579969,-3.73672413847664 -38.51313903630014,-3.737196483863999 -38.5130078494988,-3.7372418432310983 -38.51290582605064,-3.7372854114728535 -38.51279246116823,-3.7373422508187315 -38.51217461935131,-3.737660560614526 -38.51207737057599,-3.737708510951699 -38.512020688428905,-3.7377369305658985 -38.51194889085601,-3.737772928642062 -38.51183553493379,-3.737814593577502 -38.50807457902573,-3.739049593818977</coordinates>
                </LineString>
            </Placemark>
            <Placemark id="dt_mvw_sv_eixo_svb_l.fid--4079df0f_18eae1488d1_1d40">
                <ExtendedData>
                    <SchemaData schemaUrl="#dt_mvw_sv_eixo_svb_l_1">
                        <SimpleData name="id">484</SimpleData>
                        <SimpleData name="idoriginal">448</SimpleData>
                        <SimpleData name="classifvia">Via Coletora</SimpleData>
                    </SchemaData>
                </ExtendedData>
                <LineString>
                    <coordinates>-38.474447955796386,-3.747452896220796 -38.46739835397903,-3.749750585133745</coordinates>
                </LineString>
            </Placemark>
            <Placemark id="dt_mvw_sv_eixo_svb_l.fid--4079df0f_18eae1488d1_1d41">
                <ExtendedData>
                    <SchemaData schemaUrl="#dt_mvw_sv_eixo_svb_l_1">
                        <SimpleData name="id">455</SimpleData>
                        <SimpleData name="idoriginal">421</SimpleData>
                        <SimpleData name="classifvia">Via Coletora</SimpleData>
                    </SchemaData>
                </ExtendedData>
                <LineString>
                    <coordinates>-38.47122945919177,-3.7542929053492355 -38.46885343122902,-3.7550757964289105 -38.46326620456417,-3.7569058397344044 -38.46318712005579,-3.756918196259899 -38.46312780816524,-3.756925603253836 -38.46306355637964,-3.756928044482055 -38.46301413651135,-3.7569230517788497 -38.46168091407396,-3.756770873483779 -38.46160678162643,-3.7567683467766333 -38.461554886116105,-3.7567707955368235 -38.46149804311667,-3.7567806848054937 -38.46143872363227,-3.756800496472063 -38.46137198321287,-3.756832708832645 -38.46131264627711,-3.756879812415782 -38.46123105788911,-3.7569467510833907 -38.46115687906371,-3.7570186560464998 -38.46110494853004,-3.757078169486588 -38.4610678446458,-3.7571376921029818 -38.460988691596704,-3.7572616959839564 -38.46093428078944,-3.7573360945193857 -38.46086751899122,-3.757403041827755 -38.46079830821228,-3.757432771745144 -38.46073157838882,-3.757447617045897 -38.46058727221894,-3.7574983116138077 -38.460458746448225,-3.757540410522029 -38.4603697515206,-3.757594938712455 -38.46027086299179,-3.7576643469028324 -38.460194211394466,-3.757738731585028 -38.460038433182426,-3.7578949419629883 -38.45997167738012,-3.757951965258209 -38.45990987071347,-3.7579965858342907 -38.45984807238019,-3.7580288016206427 -38.45976155916634,-3.75806596377526 -38.45970223956875,-3.7580857753046626 -38.459435067911116,-3.75816915376801</coordinates>
                </LineString>
            </Placemark>
            <Placemark id="dt_mvw_sv_eixo_svb_l.fid--4079df0f_18eae1488d1_1d42">
                <ExtendedData>
                    <SchemaData schemaUrl="#dt_mvw_sv_eixo_svb_l_1">
                        <SimpleData name="id">456</SimpleData>
                        <SimpleData name="idoriginal">422</SimpleData>
                        <SimpleData name="classifvia">Via Arterial I</SimpleData>
                    </SchemaData>
                </ExtendedData>
                <LineString>
                    <coordinates>-38.60811325912776,-3.7830876739388644 -38.60809601367083,-3.782937005226961 -38.60806144042663,-3.7828210966345854 -38.607992298200536,-3.7825776904561152 -38.607934698415235,-3.7823342895086687 -38.60629802999243,-3.7764379184451484 -38.60593463989471,-3.775138128967358</coordinates>
                </LineString>
            </Placemark>
            <Placemark id="dt_mvw_sv_eixo_svb_l.fid--4079df0f_18eae1488d1_1d43">
                <ExtendedData>
                    <SchemaData schemaUrl="#dt_mvw_sv_eixo_svb_l_1">
                        <SimpleData name="id">457</SimpleData>
                        <SimpleData name="idoriginal">423</SimpleData>
                        <SimpleData name="classifvia">Via Coletora</SimpleData>
                    </SchemaData>
                </ExtendedData>
                <LineString>
                    <coordinates>-38.57327583308372,-3.7733867676333794 -38.579158198553905,-3.7702208476324763 -38.580623715704455,-3.7694586638103873 -38.58105301082551,-3.7691618643210534 -38.58850959413154,-3.765186998125806 -38.59286695699565,-3.7628397428606326 -38.59444853059254,-3.7619968165458353 -38.59450823499321,-3.76195996653237 -38.594674695495314,-3.761844098848629</coordinates>
                </LineString>
            </Placemark>
            <Placemark id="dt_mvw_sv_eixo_svb_l.fid--4079df0f_18eae1488d1_1d44">
                <ExtendedData>
                    <SchemaData schemaUrl="#dt_mvw_sv_eixo_svb_l_1">
                        <SimpleData name="id">458</SimpleData>
                        <SimpleData name="idoriginal">424</SimpleData>
                        <SimpleData name="classifvia">Via Arterial I</SimpleData>
                    </SchemaData>
                </ExtendedData>
                <LineString>
                    <coordinates>-38.61951238533589,-3.7993589039742184 -38.619694592057485,-3.7994183211340595 -38.61984231853883,-3.7994876130506126 -38.61997033299695,-3.799581619551737 -38.62007371734158,-3.799685504688167 -38.62011801843656,-3.799744861381603 -38.6213739346145,-3.801407146986974 -38.62167157368553,-3.8018428027774647</coordinates>
                </LineString>
            </Placemark>
            <Placemark id="dt_mvw_sv_eixo_svb_l.fid--4079df0f_18eae1488d1_1d45">
                <ExtendedData>
                    <SchemaData schemaUrl="#dt_mvw_sv_eixo_svb_l_1">
                        <SimpleData name="id">459</SimpleData>
                        <SimpleData name="idoriginal">425</SimpleData>
                        <SimpleData name="classifvia">Via Coletora</SimpleData>
                    </SchemaData>
                </ExtendedData>
                <LineString>
                    <coordinates>-38.51352782811524,-3.836813424035333 -38.513673409975915,-3.8370063071683407 -38.51947547467941,-3.843613644151343 -38.519554883428476,-3.8437200615312745</coordinates>
                </LineString>
            </Placemark>
            <Placemark id="dt_mvw_sv_eixo_svb_l.fid--4079df0f_18eae1488d1_1d46">
                <ExtendedData>
                    <SchemaData schemaUrl="#dt_mvw_sv_eixo_svb_l_1">
                        <SimpleData name="id">460</SimpleData>
                        <SimpleData name="idoriginal">426</SimpleData>
                        <SimpleData name="classifvia">Via Arterial I</SimpleData>
                    </SchemaData>
                </ExtendedData>
                <LineString>
                    <coordinates>-38.543102561196726,-3.7713767910978473 -38.54179939608995,-3.7717356995887252 -38.5416079502864,-3.7717603981773395 -38.53981701074886,-3.771982646981969 -38.53873016649377,-3.7719820694270028</coordinates>
                </LineString>
            </Placemark>
            <Placemark id="dt_mvw_sv_eixo_svb_l.fid--4079df0f_18eae1488d1_1d47">
                <ExtendedData>
                    <SchemaData schemaUrl="#dt_mvw_sv_eixo_svb_l_1">
                        <SimpleData name="id">461</SimpleData>
                        <SimpleData name="idoriginal">427</SimpleData>
                        <SimpleData name="classifvia">Via Arterial I</SimpleData>
                    </SchemaData>
                </ExtendedData>
                <LineString>
                    <coordinates>-38.466715986733945,-3.801059920235741 -38.466628302231406,-3.802217773403462 -38.46660932488585,-3.8023316541213843 -38.466582805593575,-3.802411362367079 -38.46652600954066,-3.8025328126806692 -38.46645032478709,-3.802623879526593 -38.466370874887566,-3.80268836929061 -38.46586719372102,-3.8031045048488243 -38.465768822345794,-3.8031917614761603 -38.465681781344344,-3.803301803335835 -38.46562118024087,-3.8034612150325438 -38.465598446964464,-3.80353333300546 -38.46548852992463,-3.803947074167615 -38.46545049400278,-3.804160917233547 -38.465412546547725,-3.8043772894525447 -38.46511011040918,-3.807852171462182</coordinates>
                </LineString>
            </Placemark>
            <Placemark id="dt_mvw_sv_eixo_svb_l.fid--4079df0f_18eae1488d1_1d48">
                <ExtendedData>
                    <SchemaData schemaUrl="#dt_mvw_sv_eixo_svb_l_1">
                        <SimpleData name="id">462</SimpleData>
                        <SimpleData name="idoriginal">428</SimpleData>
                        <SimpleData name="classifvia">Via Arterial I</SimpleData>
                    </SchemaData>
                </ExtendedData>
                <LineString>
                    <coordinates>-38.541465545552256,-3.8452827536127523 -38.541773174628105,-3.845202646168642 -38.54289861882796,-3.8457029725437417 -38.54401670133966,-3.846542730056743 -38.544506161409785,-3.8466910698646974 -38.54486990754989,-3.8466901779764653 -38.54664001682336,-3.846562538625865 -38.54729495165623,-3.846556983166904 -38.54928537680372,-3.846700332257649 -38.55488786939075,-3.847085471912327 -38.556300392302276,-3.8470462639289766 -38.55735637459378,-3.8466686785181143 -38.5580238941597,-3.8464020212480823 -38.56234965170999,-3.84466489542153 -38.56277745551938,-3.844494383672186 -38.56508140877256,-3.843574649656037 -38.56554552383995,-3.843584544573631</coordinates>
                </LineString>
            </Placemark>
            <Placemark id="dt_mvw_sv_eixo_svb_l.fid--4079df0f_18eae1488d1_1d49">
                <ExtendedData>
                    <SchemaData schemaUrl="#dt_mvw_sv_eixo_svb_l_1">
                        <SimpleData name="id">463</SimpleData>
                        <SimpleData name="idoriginal">429</SimpleData>
                        <SimpleData name="classifvia">Via Arterial I</SimpleData>
                    </SchemaData>
                </ExtendedData>
                <LineString>
                    <coordinates>-38.59322580346925,-3.8288495271595067 -38.59515938987819,-3.8287851181849253 -38.59538492032845,-3.8287568352970203 -38.59559410059648,-3.8287102719369184 -38.595789350359645,-3.828635704672681 -38.595975317018144,-3.8285331352314085 -38.60355720821937,-3.8240565428348803 -38.603782755552054,-3.82391734201732 -38.60400544147654,-3.8237142916459206 -38.604150069379656,-3.8235257161182172 -38.60423975641488,-3.8233690392241337 -38.60477842823255,-3.822474192890209</coordinates>
                </LineString>
            </Placemark>
            <Placemark id="dt_mvw_sv_eixo_svb_l.fid--4079df0f_18eae1488d1_1d4a">
                <ExtendedData>
                    <SchemaData schemaUrl="#dt_mvw_sv_eixo_svb_l_1">
                        <SimpleData name="id">464</SimpleData>
                        <SimpleData name="idoriginal">430</SimpleData>
                        <SimpleData name="classifvia">Via Arterial I</SimpleData>
                    </SchemaData>
                </ExtendedData>
                <LineString>
                    <coordinates>-38.507912831560006,-3.8596490038876348 -38.50832384545247,-3.8596263200624024 -38.50863442327362,-3.859548564718474 -38.50885824038984,-3.859461589728838 -38.52241147023534,-3.8544752447805632</coordinates>
                </LineString>
            </Placemark>
            <Placemark id="dt_mvw_sv_eixo_svb_l.fid--4079df0f_18eae1488d1_1d4b">
                <ExtendedData>
                    <SchemaData schemaUrl="#dt_mvw_sv_eixo_svb_l_1">
                        <SimpleData name="id">465</SimpleData>
                        <SimpleData name="idoriginal">431</SimpleData>
                        <SimpleData name="classifvia">Via Arterial I</SimpleData>
                    </SchemaData>
                </ExtendedData>
                <LineString>
                    <coordinates>-38.60810684016168,-3.783077616181876 -38.60809936764813,-3.783248394449517 -38.60804754709884,-3.7833597504811594 -38.60798832339076,-3.7834859540411845 -38.60755529518432,-3.78430996588832 -38.60747758218293,-3.784436160521055 -38.60744423056382,-3.7845920765973324 -38.60745894861406,-3.784755440192887 -38.60749587981758,-3.7848631236426935</coordinates>
                </LineString>
            </Placemark>
            <Placemark id="dt_mvw_sv_eixo_svb_l.fid--4079df0f_18eae1488d1_1d4c">
                <ExtendedData>
                    <SchemaData schemaUrl="#dt_mvw_sv_eixo_svb_l_1">
                        <SimpleData name="id">466</SimpleData>
                        <SimpleData name="idoriginal">432</SimpleData>
                        <SimpleData name="classifvia">Via Arterial I</SimpleData>
                    </SchemaData>
                </ExtendedData>
                <LineString>
                    <coordinates>-38.49134577424909,-3.76997136972662 -38.49099413877864,-3.769982675392599 -38.4907992122636,-3.769986398300141 -38.49063101480649,-3.7700323478267053 -38.49049722338944,-3.770066805035154 -38.48775286783929,-3.77082610301503 -38.48755409812954,-3.7708643586618513 -38.48732092390767,-3.770914106409713 -38.48710306490642,-3.7709178148988887 -38.48684698673261,-3.7709176634122317 -38.48661766380949,-3.770917527688844 -38.48635290047457,-3.7709213563538224 -38.486177079674476,-3.770932764120041 -38.48600124905332,-3.77095952106981 -38.48579482018839,-3.77102463346839 -38.484165032447216,-3.7714850400415645 -38.48399683532387,-3.7715309876277865 -38.48384776354333,-3.771550085428484 -38.483725457523036,-3.7715500126148087 -38.48358022672736,-3.7715384142159856 -38.48200774971679,-3.771430084330579</coordinates>
                </LineString>
            </Placemark>
            <Placemark id="dt_mvw_sv_eixo_svb_l.fid--4079df0f_18eae1488d1_1d4d">
                <ExtendedData>
                    <SchemaData schemaUrl="#dt_mvw_sv_eixo_svb_l_1">
                        <SimpleData name="id">467</SimpleData>
                        <SimpleData name="idoriginal">433</SimpleData>
                        <SimpleData name="classifvia">Via Arterial I</SimpleData>
                    </SchemaData>
                </ExtendedData>
                <LineString>
                    <coordinates>-38.49206817779244,-3.769910396065243 -38.491796767719705,-3.7699869833016675 -38.49152922871107,-3.7699791519003885 -38.491357238201644,-3.7699752137584333</coordinates>
                </LineString>
            </Placemark>
            <Placemark id="dt_mvw_sv_eixo_svb_l.fid--4079df0f_18eae1488d1_1d4e">
                <ExtendedData>
                    <SchemaData schemaUrl="#dt_mvw_sv_eixo_svb_l_1">
                        <SimpleData name="id">468</SimpleData>
                        <SimpleData name="idoriginal">434</SimpleData>
                        <SimpleData name="classifvia">Via Arterial I</SimpleData>
                    </SchemaData>
                </ExtendedData>
                <LineString>
                    <coordinates>-38.496942383768136,-3.767735305940012 -38.4920567071562,-3.76991806396893</coordinates>
                </LineString>
            </Placemark>
            <Placemark id="dt_mvw_sv_eixo_svb_l.fid--4079df0f_18eae1488d1_1d4f">
                <ExtendedData>
                    <SchemaData schemaUrl="#dt_mvw_sv_eixo_svb_l_1">
                        <SimpleData name="id">469</SimpleData>
                        <SimpleData name="idoriginal">435</SimpleData>
                        <SimpleData name="classifvia">Via Arterial I</SimpleData>
                    </SchemaData>
                </ExtendedData>
                <LineString>
                    <coordinates>-38.50468066563669,-3.831052024923133 -38.50394856332192,-3.8312730608412653 -38.50328666215559,-3.8314740039130157 -38.502785234900166,-3.8316045757679067 -38.50258465317764,-3.831674923623865 -38.502223563110505,-3.8318760416068476 -38.5013610152102,-3.832258061463248 -38.50105008328837,-3.83241894272089 -38.5007993718218,-3.8324791945777985 -38.50039829533679,-3.832468893079625 -38.497096614638764,-3.8325577877777492</coordinates>
                </LineString>
            </Placemark>
            <Placemark id="dt_mvw_sv_eixo_svb_l.fid--4079df0f_18eae1488d1_1d50">
                <ExtendedData>
                    <SchemaData schemaUrl="#dt_mvw_sv_eixo_svb_l_1">
                        <SimpleData name="id">470</SimpleData>
                        <SimpleData name="idoriginal">436</SimpleData>
                        <SimpleData name="classifvia">Via Arterial I</SimpleData>
                    </SchemaData>
                </ExtendedData>
                <LineString>
                    <coordinates>-38.50424816073151,-3.8600069981860234 -38.49929948250609,-3.8643976298665335 -38.49920915089619,-3.8644882057082537 -38.49800899917342,-3.8656731835836187</coordinates>
                </LineString>
            </Placemark>
            <Placemark id="dt_mvw_sv_eixo_svb_l.fid--4079df0f_18eae1488d1_1d51">
                <ExtendedData>
                    <SchemaData schemaUrl="#dt_mvw_sv_eixo_svb_l_1">
                        <SimpleData name="id">471</SimpleData>
                        <SimpleData name="idoriginal">437</SimpleData>
                        <SimpleData name="classifvia">Via Arterial I</SimpleData>
                    </SchemaData>
                </ExtendedData>
                <LineString>
                    <coordinates>-38.50315020316148,-3.723951237291523 -38.50630889949451,-3.733672850365969 -38.50806877852848,-3.739201832819939 -38.51045688124926,-3.7466667624719223 -38.51235761138198,-3.75260263624575</coordinates>
                </LineString>
            </Placemark>
            <Placemark id="dt_mvw_sv_eixo_svb_l.fid--4079df0f_18eae1488d1_1d52">
                <ExtendedData>
                    <SchemaData schemaUrl="#dt_mvw_sv_eixo_svb_l_1">
                        <SimpleData name="id">472</SimpleData>
                        <SimpleData name="idoriginal">438</SimpleData>
                        <SimpleData name="classifvia">Via Coletora</SimpleData>
                    </SchemaData>
                </ExtendedData>
                <LineString>
                    <coordinates>-38.468471261849174,-3.709293440005983 -38.46820356225603,-3.7097550465691373 -38.46629797700514,-3.7135087977244665 -38.46490083552228,-3.716482914699611 -38.46328509735205,-3.720016244021188</coordinates>
                </LineString>
            </Placemark>
            <Placemark id="dt_mvw_sv_eixo_svb_l.fid--4079df0f_18eae1488d1_1d53">
                <ExtendedData>
                    <SchemaData schemaUrl="#dt_mvw_sv_eixo_svb_l_1">
                        <SimpleData name="id">473</SimpleData>
                        <SimpleData name="idoriginal">439</SimpleData>
                        <SimpleData name="classifvia">Via Arterial I</SimpleData>
                    </SchemaData>
                </ExtendedData>
                <LineString>
                    <coordinates>-38.479491193459474,-3.8125982531726548 -38.480032118344454,-3.8133751479210556 -38.48280889850211,-3.8167275904188593 -38.483063834370846,-3.8172169818853225 -38.4831563829374,-3.8176680354488326 -38.48317936744898,-3.8180330356578263 -38.48310956024568,-3.818366917764709 -38.482970139979315,-3.8187085230753106 -38.482815311217784,-3.8189491651971363 -38.482505317888894,-3.819264091878847 -38.48211841128582,-3.8195900163296304 -38.481924940054924,-3.819784041134864 -38.48171595718833,-3.8200479470750803 -38.481514699677476,-3.820327389244433 -38.48135978625645,-3.820707813242746 -38.481251249962355,-3.8210738263635013 -38.481227813863384,-3.821462095218675 -38.48124300742952,-3.821920278629237 -38.4813804076474,-3.824480172065428 -38.48139567034668,-3.8248218706473556 -38.48143416947239,-3.825109223227889 -38.48149590810364,-3.8253344651415757 -38.48219077660501,-3.828049988189385 -38.482229237874016,-3.828399466650922 -38.48231408659655,-3.828780035322614 -38.48228285089226,-3.8292770190667085 -38.48230942326621,-3.830515163689462 -38.48233058940324,-3.830923647928535 -38.48239180353443,-3.831610705973178 -38.48252971758055,-3.8329436977214724 -38.4825596885171,-3.833165086842641 -38.48255522938405,-3.8334616189576725 -38.48255927000281,-3.833861298820066 -38.48250344046281,-3.834170692733375 -38.48246042269405,-3.8345273680492697 -38.48236159401979,-3.834817819994277 -38.482284393277986,-3.835075629602642 -38.48213007860738,-3.835449427918425 -38.48199723928843,-3.835698608375864 -38.48179948556859,-3.836056979890553 -38.48167525106223,-3.836233105937651 -38.48149962007861,-3.8364650702123058 -38.48052718178635,-3.8378096284894245 -38.48033737386577,-3.8380612572000397 -38.48026881886823,-3.838177250327809 -38.48020454135487,-3.8382975442810827 -38.48015310834287,-3.838413548409634 -38.480028779541975,-3.838744387869996</coordinates>
                </LineString>
            </Placemark>
            <Placemark id="dt_mvw_sv_eixo_svb_l.fid--4079df0f_18eae1488d1_1d54">
                <ExtendedData>
                    <SchemaData schemaUrl="#dt_mvw_sv_eixo_svb_l_1">
                        <SimpleData name="id">474</SimpleData>
                        <SimpleData name="idoriginal">572</SimpleData>
                        <SimpleData name="classifvia">Via Coletora</SimpleData>
                    </SchemaData>
                </ExtendedData>
                <LineString>
                    <coordinates>-38.48139385052226,-3.80157589331917 -38.48141509948726,-3.8017044184865387 -38.48354541398851,-3.81036621886499</coordinates>
                </LineString>
            </Placemark>
            <Placemark id="dt_mvw_sv_eixo_svb_l.fid--4079df0f_18eae1488d1_1d55">
                <ExtendedData>
                    <SchemaData schemaUrl="#dt_mvw_sv_eixo_svb_l_1">
                        <SimpleData name="id">475</SimpleData>
                        <SimpleData name="idoriginal">440</SimpleData>
                        <SimpleData name="classifvia">Via Arterial I</SimpleData>
                    </SchemaData>
                </ExtendedData>
                <LineString>
                    <coordinates>-38.48304630360876,-3.7603886913718725 -38.48297922127302,-3.7608387346598993 -38.48293425957774,-3.761381603594342 -38.48288408230494,-3.762269243826816 -38.48276905242232,-3.763675331493784 -38.48259730042184,-3.7657053900946127 -38.48230238206806,-3.7680115060680928 -38.48200643509741,-3.771725972888002 -38.48175861935437,-3.7744629748076663 -38.481710655992835,-3.7750842344339444 -38.48091470692695,-3.784362100753635 -38.4809397073486,-3.7849862857228893 -38.48077346768175,-3.787202626496364 -38.48064601117921,-3.787768651669087 -38.48026211240519,-3.7924752683690706 -38.48010897996433,-3.79397827910443 -38.47994306864743,-3.7956341399771607 -38.478881567321096,-3.808142438839117</coordinates>
                </LineString>
            </Placemark>
            <Placemark id="dt_mvw_sv_eixo_svb_l.fid--4079df0f_18eae1488d1_1d56">
                <ExtendedData>
                    <SchemaData schemaUrl="#dt_mvw_sv_eixo_svb_l_1">
                        <SimpleData name="id">476</SimpleData>
                        <SimpleData name="idoriginal">441</SimpleData>
                        <SimpleData name="classifvia">Via Arterial I</SimpleData>
                    </SchemaData>
                </ExtendedData>
                <LineString>
                    <coordinates>-38.49132547751541,-3.7565344767726025 -38.491286203017054,-3.7566076146750462 -38.491129139167256,-3.7568438878216712 -38.490994555105054,-3.7569732472945914 -38.490803922958385,-3.757108201228367 -38.490529244810794,-3.7572037121469957 -38.48433488966715,-3.7587504769658984 -38.48411066163403,-3.758829132071879 -38.48391444275272,-3.758930315085873 -38.483718188230355,-3.7590934025415077 -38.48354433090762,-3.7592902696999673 -38.48342652661033,-3.759475914995568 -38.483325512534684,-3.7597009645385406 -38.483213020883056,-3.760067305485758 -38.48314477110196,-3.7604242101887704</coordinates>
                </LineString>
            </Placemark>
            <Placemark id="dt_mvw_sv_eixo_svb_l.fid--4079df0f_18eae1488d1_1d57">
                <ExtendedData>
                    <SchemaData schemaUrl="#dt_mvw_sv_eixo_svb_l_1">
                        <SimpleData name="id">477</SimpleData>
                        <SimpleData name="idoriginal">710</SimpleData>
                        <SimpleData name="classifvia">Via Coletora</SimpleData>
                    </SchemaData>
                </ExtendedData>
                <LineString>
                    <coordinates>-38.51096092782822,-3.8491456966785127 -38.510944112852016,-3.8490871337921124 -38.50836055992396,-3.8426158105935464</coordinates>
                </LineString>
            </Placemark>
            <Placemark id="dt_mvw_sv_eixo_svb_l.fid--4079df0f_18eae1488d1_1d58">
                <ExtendedData>
                    <SchemaData schemaUrl="#dt_mvw_sv_eixo_svb_l_1">
                        <SimpleData name="id">478</SimpleData>
                        <SimpleData name="idoriginal">442</SimpleData>
                        <SimpleData name="classifvia">Via Arterial I</SimpleData>
                    </SchemaData>
                </ExtendedData>
                <LineString>
                    <coordinates>-38.49133066243016,-3.7267404494221315 -38.49114509795901,-3.7276379626729397 -38.491095296848954,-3.727833952833717 -38.49105261443724,-3.7279943069281956 -38.49100261879832,-3.7281277278187823 -38.49094929269002,-3.728280948144935 -38.49080002922545,-3.7286265677325066 -38.4907396109539,-3.7287690916897245 -38.49071464570526,-3.7289793519578143 -38.49072520938115,-3.7291254812055867 -38.49074995929115,-3.7292894385004343 -38.49085638293572,-3.729636922055562 -38.49767437786806,-3.7509260210721824</coordinates>
                </LineString>
            </Placemark>
            <Placemark id="dt_mvw_sv_eixo_svb_l.fid--4079df0f_18eae1488d1_1d59">
                <ExtendedData>
                    <SchemaData schemaUrl="#dt_mvw_sv_eixo_svb_l_1">
                        <SimpleData name="id">479</SimpleData>
                        <SimpleData name="idoriginal">443</SimpleData>
                        <SimpleData name="classifvia">Via Arterial I</SimpleData>
                    </SchemaData>
                </ExtendedData>
                <LineString>
                    <coordinates>-38.6074727612687,-3.7848334477936034 -38.60955128292218,-3.791168308553949 -38.6096156340812,-3.791372163252497 -38.60966411045979,-3.7915384358390005 -38.60974132955534,-3.791787590420117 -38.610999998020795,-3.795721019920667 -38.611032417454695,-3.7958882506079026 -38.611049171372024,-3.796000159146622 -38.61108159994413,-3.796146997287695 -38.61112215796864,-3.7962816047100167 -38.61169861721163,-3.7981634223319816</coordinates>
                </LineString>
            </Placemark>
            <Placemark id="dt_mvw_sv_eixo_svb_l.fid--4079df0f_18eae1488d1_1d5a">
                <ExtendedData>
                    <SchemaData schemaUrl="#dt_mvw_sv_eixo_svb_l_1">
                        <SimpleData name="id">480</SimpleData>
                        <SimpleData name="idoriginal">444</SimpleData>
                        <SimpleData name="classifvia">Via Arterial I</SimpleData>
                    </SchemaData>
                </ExtendedData>
                <LineString>
                    <coordinates>-38.61956273139756,-3.799364712457244 -38.61562671273732,-3.798679204579363 -38.61543626917528,-3.7986678705142385 -38.61496201923111,-3.7986564100998956 -38.6148014535053,-3.798637590482395 -38.61467449753899,-3.7986150362056867 -38.61201679048708,-3.7982123657233617 -38.61181141367988,-3.798193525370266 -38.61157989268041,-3.7981821725189513 -38.61131477370248,-3.7981483064120525 -38.60753242460882,-3.7975642164563075 -38.60718011289882,-3.797492099621823 -38.60676808416234,-3.7974139586539755 -38.60282374523025,-3.796764209738778 -38.602566960033165,-3.7967461016853856 -38.6022922513479,-3.7967459748933217 -38.60210456650209,-3.796781874861689 -38.60186565896203,-3.7968477250444526 -38.6012444947227,-3.797027328665512 -38.601107121493875,-3.797069239859643 -38.60007380236493,-3.7974465321532023 -38.599918507417826,-3.7975004277024835 -38.59620636503377,-3.7986182848784456</coordinates>
                </LineString>
            </Placemark>
            <Placemark id="dt_mvw_sv_eixo_svb_l.fid--4079df0f_18eae1488d1_1d5b">
                <ExtendedData>
                    <SchemaData schemaUrl="#dt_mvw_sv_eixo_svb_l_1">
                        <SimpleData name="id">481</SimpleData>
                        <SimpleData name="idoriginal">445</SimpleData>
                        <SimpleData name="classifvia">Via Arterial I</SimpleData>
                    </SchemaData>
                </ExtendedData>
                <LineString>
                    <coordinates>-38.52341413146907,-3.753839062206388 -38.52314091996973,-3.753849886421918 -38.52284587521149,-3.7538168042685434 -38.52040903383919,-3.753530154577167</coordinates>
                </LineString>
            </Placemark>
            <Placemark id="dt_mvw_sv_eixo_svb_l.fid--4079df0f_18eae1488d1_1d5c">
                <ExtendedData>
                    <SchemaData schemaUrl="#dt_mvw_sv_eixo_svb_l_1">
                        <SimpleData name="id">482</SimpleData>
                        <SimpleData name="idoriginal">446</SimpleData>
                        <SimpleData name="classifvia">Via Arterial II</SimpleData>
                    </SchemaData>
                </ExtendedData>
                <LineString>
                    <coordinates>-38.500879553476956,-3.7440997241805642 -38.499866441809296,-3.7444195220942382 -38.49980705036299,-3.744464191866355 -38.49900917526524,-3.744720781020432 -38.49797221612487,-3.745041574701729 -38.49696651268374,-3.74537999938642 -38.495873321460074,-3.745726922187566 -38.49228642844856,-3.7468825299280835</coordinates>
                </LineString>
            </Placemark>
            <Placemark id="dt_mvw_sv_eixo_svb_l.fid--4079df0f_18eae1488d1_1d5d">
                <ExtendedData>
                    <SchemaData schemaUrl="#dt_mvw_sv_eixo_svb_l_1">
                        <SimpleData name="id">485</SimpleData>
                        <SimpleData name="idoriginal">449</SimpleData>
                        <SimpleData name="classifvia">Via Coletora</SimpleData>
                    </SchemaData>
                </ExtendedData>
                <LineString>
                    <coordinates>-38.53877525019468,-3.7573646107708414 -38.53483162690225,-3.758601654480316</coordinates>
                </LineString>
            </Placemark>
            <Placemark id="dt_mvw_sv_eixo_svb_l.fid--4079df0f_18eae1488d1_1d5e">
                <ExtendedData>
                    <SchemaData schemaUrl="#dt_mvw_sv_eixo_svb_l_1">
                        <SimpleData name="id">671</SimpleData>
                        <SimpleData name="idoriginal">638</SimpleData>
                        <SimpleData name="classifvia">Via Coletora</SimpleData>
                    </SchemaData>
                </ExtendedData>
                <LineString>
                    <coordinates>-38.52969585867825,-3.7552265375770393 -38.53210294487242,-3.7581196090145124</coordinates>
                </LineString>
            </Placemark>
            <Placemark id="dt_mvw_sv_eixo_svb_l.fid--4079df0f_18eae1488d1_1d5f">
                <ExtendedData>
                    <SchemaData schemaUrl="#dt_mvw_sv_eixo_svb_l_1">
                        <SimpleData name="id">486</SimpleData>
                        <SimpleData name="idoriginal">450</SimpleData>
                        <SimpleData name="classifvia">Via Arterial II</SimpleData>
                    </SchemaData>
                </ExtendedData>
                <LineString>
                    <coordinates>-38.551269661228524,-3.7704411701002782 -38.550795588182005,-3.769081016342873 -38.5505305823799,-3.768482705968597 -38.549603992438584,-3.768543665396562 -38.547529795771794,-3.7687083499505976 -38.54740282487209,-3.768678531502644 -38.54725896868352,-3.7685594469623744 -38.54707278132415,-3.7684445900579275 -38.54697547109238,-3.7683552825728004 -38.54684512733175,-3.768291409541579</coordinates>
                </LineString>
            </Placemark>
            <Placemark id="dt_mvw_sv_eixo_svb_l.fid--4079df0f_18eae1488d1_1d60">
                <ExtendedData>
                    <SchemaData schemaUrl="#dt_mvw_sv_eixo_svb_l_1">
                        <SimpleData name="id">487</SimpleData>
                        <SimpleData name="idoriginal">451</SimpleData>
                        <SimpleData name="classifvia">Via Arterial II</SimpleData>
                    </SchemaData>
                </ExtendedData>
                <LineString>
                    <coordinates>-38.52829365040384,-3.7208735034577134 -38.527938999407134,-3.720746919203698 -38.527693019329384,-3.7206835901356397 -38.52734400472165,-3.720717873703519 -38.52314093387422,-3.7212561957233357</coordinates>
                </LineString>
            </Placemark>
            <Placemark id="dt_mvw_sv_eixo_svb_l.fid--4079df0f_18eae1488d1_1d61">
                <ExtendedData>
                    <SchemaData schemaUrl="#dt_mvw_sv_eixo_svb_l_1">
                        <SimpleData name="id">488</SimpleData>
                        <SimpleData name="idoriginal">452</SimpleData>
                        <SimpleData name="classifvia">Via Coletora</SimpleData>
                    </SchemaData>
                </ExtendedData>
                <LineString>
                    <coordinates>-38.46658465574276,-3.7265620367728904 -38.46266418764243,-3.72464905297297</coordinates>
                </LineString>
            </Placemark>
            <Placemark id="dt_mvw_sv_eixo_svb_l.fid--4079df0f_18eae1488d1_1d62">
                <ExtendedData>
                    <SchemaData schemaUrl="#dt_mvw_sv_eixo_svb_l_1">
                        <SimpleData name="id">489</SimpleData>
                        <SimpleData name="idoriginal">453</SimpleData>
                        <SimpleData name="classifvia">Via Arterial II</SimpleData>
                    </SchemaData>
                </ExtendedData>
                <LineString>
                    <coordinates>-38.52297002193548,-3.734013973114325 -38.526507730749096,-3.732885903572334 -38.53532793027114,-3.7300359669313625 -38.545541528496564,-3.726710802033907</coordinates>
                </LineString>
            </Placemark>
            <Placemark id="dt_mvw_sv_eixo_svb_l.fid--4079df0f_18eae1488d1_1d63">
                <ExtendedData>
                    <SchemaData schemaUrl="#dt_mvw_sv_eixo_svb_l_1">
                        <SimpleData name="id">490</SimpleData>
                        <SimpleData name="idoriginal">454</SimpleData>
                        <SimpleData name="classifvia">Via Arterial I</SimpleData>
                    </SchemaData>
                </ExtendedData>
                <LineString>
                    <coordinates>-38.54118666874361,-3.722703567816403 -38.540089990777,-3.7230574584990026</coordinates>
                </LineString>
            </Placemark>
            <Placemark id="dt_mvw_sv_eixo_svb_l.fid--4079df0f_18eae1488d1_1d64">
                <ExtendedData>
                    <SchemaData schemaUrl="#dt_mvw_sv_eixo_svb_l_1">
                        <SimpleData name="id">491</SimpleData>
                        <SimpleData name="idoriginal">455</SimpleData>
                        <SimpleData name="classifvia">Via Arterial I</SimpleData>
                    </SchemaData>
                </ExtendedData>
                <LineString>
                    <coordinates>-38.534991533052434,-3.744560298120775 -38.536769228239066,-3.750422639426248</coordinates>
                </LineString>
            </Placemark>
            <Placemark id="dt_mvw_sv_eixo_svb_l.fid--4079df0f_18eae1488d1_1d65">
                <ExtendedData>
                    <SchemaData schemaUrl="#dt_mvw_sv_eixo_svb_l_1">
                        <SimpleData name="id">492</SimpleData>
                        <SimpleData name="idoriginal">456</SimpleData>
                        <SimpleData name="classifvia">Via Arterial I</SimpleData>
                    </SchemaData>
                </ExtendedData>
                <LineString>
                    <coordinates>-38.5638530529251,-3.7766902462650016 -38.564704653911775,-3.779528451746173</coordinates>
                </LineString>
            </Placemark>
            <Placemark id="dt_mvw_sv_eixo_svb_l.fid--4079df0f_18eae1488d1_1d66">
                <ExtendedData>
                    <SchemaData schemaUrl="#dt_mvw_sv_eixo_svb_l_1">
                        <SimpleData name="id">493</SimpleData>
                        <SimpleData name="idoriginal">458</SimpleData>
                        <SimpleData name="classifvia">Via Coletora</SimpleData>
                    </SchemaData>
                </ExtendedData>
                <LineString>
                    <coordinates>-38.62406349361196,-3.7913347831165836 -38.624134594962726,-3.791970545197385 -38.6248727673285,-3.798556800581508 -38.62514276893127,-3.8008359868855655 -38.62530194099224,-3.801479747046809</coordinates>
                </LineString>
            </Placemark>
            <Placemark id="dt_mvw_sv_eixo_svb_l.fid--4079df0f_18eae1488d1_1d67">
                <ExtendedData>
                    <SchemaData schemaUrl="#dt_mvw_sv_eixo_svb_l_1">
                        <SimpleData name="id">494</SimpleData>
                        <SimpleData name="idoriginal">459</SimpleData>
                        <SimpleData name="classifvia">Via Coletora</SimpleData>
                    </SchemaData>
                </ExtendedData>
                <LineString>
                    <coordinates>-38.619608804577474,-3.7769062923852164 -38.61960286485451,-3.7769686235757978 -38.62359203143533,-3.79135884825339</coordinates>
                </LineString>
            </Placemark>
            <Placemark id="dt_mvw_sv_eixo_svb_l.fid--4079df0f_18eae1488d1_1d68">
                <ExtendedData>
                    <SchemaData schemaUrl="#dt_mvw_sv_eixo_svb_l_1">
                        <SimpleData name="id">495</SimpleData>
                        <SimpleData name="idoriginal">460</SimpleData>
                        <SimpleData name="classifvia">Via Coletora</SimpleData>
                    </SchemaData>
                </ExtendedData>
                <LineString>
                    <coordinates>-38.62530194099224,-3.801479747046809 -38.625347196123464,-3.8016810457363293 -38.62615350617144,-3.8046754769124624 -38.626250453498024,-3.8050148487385003</coordinates>
                </LineString>
            </Placemark>
            <Placemark id="dt_mvw_sv_eixo_svb_l.fid--4079df0f_18eae1488d1_1d69">
                <ExtendedData>
                    <SchemaData schemaUrl="#dt_mvw_sv_eixo_svb_l_1">
                        <SimpleData name="id">496</SimpleData>
                        <SimpleData name="idoriginal">461</SimpleData>
                        <SimpleData name="classifvia">Via Coletora</SimpleData>
                    </SchemaData>
                </ExtendedData>
                <LineString>
                    <coordinates>-38.4666935552507,-3.753587574610299 -38.46655685917291,-3.7536249153854193 -38.4664822987655,-3.7536435819599108 -38.46638133098736,-3.7536700288368676 -38.46622133319935,-3.7537151517660012 -38.46613278824598,-3.7537447254867495 -38.46380944744815,-3.7545306589000202 -38.46363500038895,-3.7545777745454183 -38.4635330825987,-3.7545954203021505 -38.46343116840972,-3.7546071630474067 -38.463235193395164,-3.7546070422943125 -38.4631254642964,-3.7545794282836598 -38.462940150546146,-3.7545121084718662 -38.46280105996836,-3.7544274149370493 -38.46265415573556,-3.7543013965176533 -38.4625542906808,-3.7541675364359537 -38.462485719371024,-3.7540408880988503 -38.46242897455191,-3.753897216759923 -38.462382053354666,-3.753712231437328 -38.46231339950625,-3.7534564747167356 -38.46226840156839,-3.7532045913467007 -38.462228401300806,-3.7529829334839797 -38.46219338396526,-3.7528166873494118 -38.46214830529783,-3.7526957688783362 -38.46206808059619,-3.7526201625849174 -38.46195274617208,-3.752529423159184 -38.46184238850594,-3.7525041697447907</coordinates>
                </LineString>
            </Placemark>
            <Placemark id="dt_mvw_sv_eixo_svb_l.fid--4079df0f_18eae1488d1_1d6a">
                <ExtendedData>
                    <SchemaData schemaUrl="#dt_mvw_sv_eixo_svb_l_1">
                        <SimpleData name="id">497</SimpleData>
                        <SimpleData name="idoriginal">462</SimpleData>
                        <SimpleData name="classifvia">Via Coletora</SimpleData>
                    </SchemaData>
                </ExtendedData>
                <LineString>
                    <coordinates>-38.593905768058605,-3.755867719675824 -38.59387495222817,-3.755752582298219 -38.593402973102364,-3.7533499471933567 -38.5933808160805,-3.753232852037464 -38.593353084354476,-3.753163145752662 -38.593300382173055,-3.753057186781897 -38.59318652298396,-3.7528443014754505</coordinates>
                </LineString>
            </Placemark>
            <Placemark id="dt_mvw_sv_eixo_svb_l.fid--4079df0f_18eae1488d1_1d6b">
                <ExtendedData>
                    <SchemaData schemaUrl="#dt_mvw_sv_eixo_svb_l_1">
                        <SimpleData name="id">498</SimpleData>
                        <SimpleData name="idoriginal">463</SimpleData>
                        <SimpleData name="classifvia">Via Coletora</SimpleData>
                    </SchemaData>
                </ExtendedData>
                <LineString>
                    <coordinates>-38.46205678731376,-3.7523864346986864 -38.45254254773852,-3.7554405128019144</coordinates>
                </LineString>
            </Placemark>
            <Placemark id="dt_mvw_sv_eixo_svb_l.fid--4079df0f_18eae1488d1_1d6c">
                <ExtendedData>
                    <SchemaData schemaUrl="#dt_mvw_sv_eixo_svb_l_1">
                        <SimpleData name="id">499</SimpleData>
                        <SimpleData name="idoriginal">464</SimpleData>
                        <SimpleData name="classifvia">Via Coletora</SimpleData>
                    </SchemaData>
                </ExtendedData>
                <LineString>
                    <coordinates>-38.46848566591776,-3.7530312671995807 -38.468418863911054,-3.7530624133511044 -38.4666935552507,-3.753587574610299</coordinates>
                </LineString>
            </Placemark>
            <Placemark id="dt_mvw_sv_eixo_svb_l.fid--4079df0f_18eae1488d1_1d6d">
                <ExtendedData>
                    <SchemaData schemaUrl="#dt_mvw_sv_eixo_svb_l_1">
                        <SimpleData name="id">500</SimpleData>
                        <SimpleData name="idoriginal">465</SimpleData>
                        <SimpleData name="classifvia">Via Coletora</SimpleData>
                    </SchemaData>
                </ExtendedData>
                <LineString>
                    <coordinates>-38.46768499258432,-3.750470177788546 -38.467083067638264,-3.75066286225988 -38.46702311948538,-3.7506904045634353 -38.46697814709983,-3.750730491946353 -38.466958143903845,-3.750773101682355 -38.466943127789804,-3.7508282499164967 -38.466935600318685,-3.7508884178659767 -38.46695801630666,-3.7509837038613476 -38.46737936058358,-3.752284751519937 -38.46740179400737,-3.752352459054265 -38.46741423720924,-3.752422667094608 -38.467429174384485,-3.7524978917964362 -38.46742662963597,-3.7525756124259897 -38.46742658256614,-3.7526533345818094 -38.46741403070504,-3.7527636427012645 -38.46739151223557,-3.7528363369418667 -38.467361482987215,-3.752941619717476 -38.467313910663215,-3.753025271345858 -38.46728390502992,-3.7530904392552937 -38.46724142041241,-3.753145571173088 -38.46718394697437,-3.7532107227604907 -38.46710148535782,-3.753303437527066 -38.46702652995687,-3.753371085497945 -38.46692161210294,-3.753433700470196 -38.46678921816081,-3.7535088345394914 -38.4666935552507,-3.753587574610299</coordinates>
                </LineString>
            </Placemark>
            <Placemark id="dt_mvw_sv_eixo_svb_l.fid--4079df0f_18eae1488d1_1d6e">
                <ExtendedData>
                    <SchemaData schemaUrl="#dt_mvw_sv_eixo_svb_l_1">
                        <SimpleData name="id">501</SimpleData>
                        <SimpleData name="idoriginal">466</SimpleData>
                        <SimpleData name="classifvia">Via Coletora</SimpleData>
                    </SchemaData>
                </ExtendedData>
                <LineString>
                    <coordinates>-38.50207122894875,-3.8165015987038147 -38.5080083884986,-3.81488643736888</coordinates>
                </LineString>
            </Placemark>
            <Placemark id="dt_mvw_sv_eixo_svb_l.fid--4079df0f_18eae1488d1_1d6f">
                <ExtendedData>
                    <SchemaData schemaUrl="#dt_mvw_sv_eixo_svb_l_1">
                        <SimpleData name="id">502</SimpleData>
                        <SimpleData name="idoriginal">467</SimpleData>
                        <SimpleData name="classifvia">Via Coletora</SimpleData>
                    </SchemaData>
                </ExtendedData>
                <LineString>
                    <coordinates>-38.562192912235865,-3.834083017961268 -38.56602829939203,-3.832714841515238 -38.568059459963514,-3.8320218126871315 -38.5682459752363,-3.8319626216049296 -38.568361004698026,-3.8319033943304626 -38.57131307705177,-3.8305556748767904</coordinates>
                </LineString>
            </Placemark>
            <Placemark id="dt_mvw_sv_eixo_svb_l.fid--4079df0f_18eae1488d1_1d70">
                <ExtendedData>
                    <SchemaData schemaUrl="#dt_mvw_sv_eixo_svb_l_1">
                        <SimpleData name="id">503</SimpleData>
                        <SimpleData name="idoriginal">468</SimpleData>
                        <SimpleData name="classifvia">Via Coletora</SimpleData>
                    </SchemaData>
                </ExtendedData>
                <LineString>
                    <coordinates>-38.58540407395386,-3.787803503023853 -38.584759837602356,-3.7884175502808533 -38.584696184732174,-3.7884755945464903 -38.584647949729295,-3.7885471970759457 -38.5845997174878,-3.7886129920824483 -38.58455535419749,-3.788651687337655 -38.580346095996546,-3.792552586059185</coordinates>
                </LineString>
            </Placemark>
            <Placemark id="dt_mvw_sv_eixo_svb_l.fid--4079df0f_18eae1488d1_1d71">
                <ExtendedData>
                    <SchemaData schemaUrl="#dt_mvw_sv_eixo_svb_l_1">
                        <SimpleData name="id">504</SimpleData>
                        <SimpleData name="idoriginal">469</SimpleData>
                        <SimpleData name="classifvia">Via Coletora</SimpleData>
                    </SchemaData>
                </ExtendedData>
                <LineString>
                    <coordinates>-38.54630300030528,-3.753940734800572 -38.54433634734255,-3.75493362877052 -38.5423171895082,-3.7560110936471593 -38.540880874350826,-3.75673412811286 -38.540307844591865,-3.7570099144563485 -38.53896317807598,-3.757323296961547</coordinates>
                </LineString>
            </Placemark>
            <Placemark id="dt_mvw_sv_eixo_svb_l.fid--4079df0f_18eae1488d1_1d72">
                <ExtendedData>
                    <SchemaData schemaUrl="#dt_mvw_sv_eixo_svb_l_1">
                        <SimpleData name="id">505</SimpleData>
                        <SimpleData name="idoriginal">470</SimpleData>
                        <SimpleData name="classifvia">Via Coletora</SimpleData>
                    </SchemaData>
                </ExtendedData>
                <LineString>
                    <coordinates>-38.51314767553505,-3.8787089895165194 -38.50767969159549,-3.8833701311446442 -38.50762105962215,-3.8834289208228228 -38.50757639315678,-3.8834653098558505 -38.50327717531948,-3.887187937657108</coordinates>
                </LineString>
            </Placemark>
            <Placemark id="dt_mvw_sv_eixo_svb_l.fid--4079df0f_18eae1488d1_1d73">
                <ExtendedData>
                    <SchemaData schemaUrl="#dt_mvw_sv_eixo_svb_l_1">
                        <SimpleData name="id">506</SimpleData>
                        <SimpleData name="idoriginal">471</SimpleData>
                        <SimpleData name="classifvia">Via Coletora</SimpleData>
                    </SchemaData>
                </ExtendedData>
                <LineString>
                    <coordinates>-38.600193738178135,-3.7781524685526957 -38.59979128228125,-3.776641501831893</coordinates>
                </LineString>
            </Placemark>
            <Placemark id="dt_mvw_sv_eixo_svb_l.fid--4079df0f_18eae1488d1_1d74">
                <ExtendedData>
                    <SchemaData schemaUrl="#dt_mvw_sv_eixo_svb_l_1">
                        <SimpleData name="id">507</SimpleData>
                        <SimpleData name="idoriginal">472</SimpleData>
                        <SimpleData name="classifvia">Via Coletora</SimpleData>
                    </SchemaData>
                </ExtendedData>
                <LineString>
                    <coordinates>-38.56097634497948,-3.834608705065348 -38.56203140428365,-3.834267234724798</coordinates>
                </LineString>
            </Placemark>
            <Placemark id="dt_mvw_sv_eixo_svb_l.fid--4079df0f_18eae1488d1_1d75">
                <ExtendedData>
                    <SchemaData schemaUrl="#dt_mvw_sv_eixo_svb_l_1">
                        <SimpleData name="id">508</SimpleData>
                        <SimpleData name="idoriginal">500</SimpleData>
                        <SimpleData name="classifvia">Via Coletora</SimpleData>
                    </SchemaData>
                </ExtendedData>
                <LineString>
                    <coordinates>-38.61154675272745,-3.7725879945525578 -38.61121273510312,-3.7723144775876167 -38.60831005290944,-3.769950535536742 -38.608247749865875,-3.7698853136603265 -38.6081984324634,-3.7698200976453218 -38.60471523530427,-3.7643706315549976 -38.60458237241419,-3.7641703288885675 -38.60445780776927,-3.763995060200443 -38.60428337427154,-3.763844799481775 -38.604104773279,-3.763723738432752 -38.60391785081981,-3.7636277037726 -38.6037101456588,-3.7635525184285523 -38.60347333929697,-3.763514865078166 -38.603199127483904,-3.763506396658448 -38.60297475174876,-3.763543839485322 -38.60232655740705,-3.763647835773881</coordinates>
                </LineString>
            </Placemark>
            <Placemark id="dt_mvw_sv_eixo_svb_l.fid--4079df0f_18eae1488d1_1d76">
                <ExtendedData>
                    <SchemaData schemaUrl="#dt_mvw_sv_eixo_svb_l_1">
                        <SimpleData name="id">509</SimpleData>
                        <SimpleData name="idoriginal">505</SimpleData>
                        <SimpleData name="classifvia">Via Arterial I</SimpleData>
                    </SchemaData>
                </ExtendedData>
                <LineString>
                    <coordinates>-38.54513926335507,-3.8243757042656643 -38.54537305805124,-3.8262771268739355 -38.54597352545566,-3.828052164480264 -38.54616157952138,-3.828677677510531 -38.54618795359992,-3.8291859136031103 -38.54576957274774,-3.831052173320785 -38.54951794404937,-3.8477164121986456 -38.549561475679,-3.8478734635099 -38.549614677145364,-3.8480047652523277 -38.5496727255337,-3.8481263454480716 -38.54975983157253,-3.8482479410351274 -38.54985662199828,-3.848369541745194 -38.54997279186954,-3.8484765665394325 -38.5503602974884,-3.848871927721045 -38.550500650482704,-3.849037308949598 -38.550597436760256,-3.849168633707546 -38.55069419172816,-3.849358302138572 -38.552057844250875,-3.8525305992338894</coordinates>
                </LineString>
            </Placemark>
            <Placemark id="dt_mvw_sv_eixo_svb_l.fid--4079df0f_18eae1488d1_1d77">
                <ExtendedData>
                    <SchemaData schemaUrl="#dt_mvw_sv_eixo_svb_l_1">
                        <SimpleData name="id">510</SimpleData>
                        <SimpleData name="idoriginal">506</SimpleData>
                        <SimpleData name="classifvia">Via Coletora</SimpleData>
                    </SchemaData>
                </ExtendedData>
                <LineString>
                    <coordinates>-38.557767040926535,-3.781093686807877 -38.55663365722107,-3.7778463165911575</coordinates>
                </LineString>
            </Placemark>
            <Placemark id="dt_mvw_sv_eixo_svb_l.fid--4079df0f_18eae1488d1_1d78">
                <ExtendedData>
                    <SchemaData schemaUrl="#dt_mvw_sv_eixo_svb_l_1">
                        <SimpleData name="id">511</SimpleData>
                        <SimpleData name="idoriginal">507</SimpleData>
                        <SimpleData name="classifvia">Via Arterial I</SimpleData>
                    </SchemaData>
                </ExtendedData>
                <LineString>
                    <coordinates>-38.57403964486555,-3.7604807400239153 -38.57488042487572,-3.7600658197451065 -38.5787537074204,-3.758010559995919</coordinates>
                </LineString>
            </Placemark>
            <Placemark id="dt_mvw_sv_eixo_svb_l.fid--4079df0f_18eae1488d1_1d79">
                <ExtendedData>
                    <SchemaData schemaUrl="#dt_mvw_sv_eixo_svb_l_1">
                        <SimpleData name="id">512</SimpleData>
                        <SimpleData name="idoriginal">508</SimpleData>
                        <SimpleData name="classifvia">Via Coletora</SimpleData>
                    </SchemaData>
                </ExtendedData>
                <LineString>
                    <coordinates>-38.55488399795543,-3.839064512831596 -38.5493739162778,-3.840808884600317 -38.54793001367135,-3.8406043898139086 -38.54596991188096,-3.8404394509936304 -38.54107811617515,-3.840582375853705</coordinates>
                </LineString>
            </Placemark>
            <Placemark id="dt_mvw_sv_eixo_svb_l.fid--4079df0f_18eae1488d1_1d7a">
                <ExtendedData>
                    <SchemaData schemaUrl="#dt_mvw_sv_eixo_svb_l_1">
                        <SimpleData name="id">513</SimpleData>
                        <SimpleData name="idoriginal">509</SimpleData>
                        <SimpleData name="classifvia">Via Coletora</SimpleData>
                    </SchemaData>
                </ExtendedData>
                <LineString>
                    <coordinates>-38.513082641709815,-3.858039533539545 -38.51353040156824,-3.8597468481268 -38.513583102160254,-3.8599147279342008 -38.51365781371591,-3.8600605350362547 -38.51376331625499,-3.8602196110079787 -38.51386443095539,-3.860356599114739 -38.513983156959554,-3.8604715119771167 -38.5141634785055,-3.8605864601509334 -38.51429103231304,-3.8606527898002057 -38.51438340300092,-3.8606925963645664</coordinates>
                </LineString>
            </Placemark>
            <Placemark id="dt_mvw_sv_eixo_svb_l.fid--4079df0f_18eae1488d1_1d7b">
                <ExtendedData>
                    <SchemaData schemaUrl="#dt_mvw_sv_eixo_svb_l_1">
                        <SimpleData name="id">514</SimpleData>
                        <SimpleData name="idoriginal">512</SimpleData>
                        <SimpleData name="classifvia">Via Coletora</SimpleData>
                    </SchemaData>
                </ExtendedData>
                <LineString>
                    <coordinates>-38.515490669218934,-3.874970766779997 -38.519083885291636,-3.8719090033074797 -38.51913496706009,-3.871845727237436 -38.51943270072215,-3.8710138833367385</coordinates>
                </LineString>
            </Placemark>
            <Placemark id="dt_mvw_sv_eixo_svb_l.fid--4079df0f_18eae1488d1_1d7c">
                <ExtendedData>
                    <SchemaData schemaUrl="#dt_mvw_sv_eixo_svb_l_1">
                        <SimpleData name="id">515</SimpleData>
                        <SimpleData name="idoriginal">513</SimpleData>
                        <SimpleData name="classifvia">Via Coletora</SimpleData>
                    </SchemaData>
                </ExtendedData>
                <LineString>
                    <coordinates>-38.51922180378046,-3.871032190984418 -38.51561726720977,-3.8741177244399365 -38.515539149243445,-3.8742020869278493 -38.51545201497572,-3.8743015165248273 -38.51541292681919,-3.8743949447731882 -38.51537383418009,-3.8744974168849633 -38.515340720714846,-3.874645110291569 -38.51532562266701,-3.8747928140390795</coordinates>
                </LineString>
            </Placemark>
            <Placemark id="dt_mvw_sv_eixo_svb_l.fid--4079df0f_18eae1488d1_1d7d">
                <ExtendedData>
                    <SchemaData schemaUrl="#dt_mvw_sv_eixo_svb_l_1">
                        <SimpleData name="id">516</SimpleData>
                        <SimpleData name="idoriginal">514</SimpleData>
                        <SimpleData name="classifvia">Via Coletora</SimpleData>
                    </SchemaData>
                </ExtendedData>
                <LineString>
                    <coordinates>-38.57918361571918,-3.7289877277306287 -38.579273508961606,-3.7289083193763224 -38.58067677921924,-3.7278292019527552 -38.58073422212931,-3.727774967656486 -38.58077985147664,-3.7277037710970533 -38.580806909916824,-3.727622390903319 -38.58081877899947,-3.727520655909166 -38.580812076056404,-3.727443825051478</coordinates>
                </LineString>
            </Placemark>
            <Placemark id="dt_mvw_sv_eixo_svb_l.fid--4079df0f_18eae1488d1_1d7e">
                <ExtendedData>
                    <SchemaData schemaUrl="#dt_mvw_sv_eixo_svb_l_1">
                        <SimpleData name="id">517</SimpleData>
                        <SimpleData name="idoriginal">709</SimpleData>
                        <SimpleData name="classifvia">Via Coletora</SimpleData>
                    </SchemaData>
                </ExtendedData>
                <LineString>
                    <coordinates>-38.4942878137832,-3.842275155978445 -38.491656988826726,-3.8423384072655895 -38.491538057596394,-3.842329807245104 -38.491461607225006,-3.842316114703487 -38.4913834619251,-3.8422938916630605 -38.49131721107266,-3.8422716757240796 -38.49123228104553,-3.8422306843537175 -38.49116094644376,-3.842184583217981</coordinates>
                </LineString>
            </Placemark>
            <Placemark id="dt_mvw_sv_eixo_svb_l.fid--4079df0f_18eae1488d1_1d7f">
                <ExtendedData>
                    <SchemaData schemaUrl="#dt_mvw_sv_eixo_svb_l_1">
                        <SimpleData name="id">518</SimpleData>
                        <SimpleData name="idoriginal">473</SimpleData>
                        <SimpleData name="classifvia">Via Coletora</SimpleData>
                    </SchemaData>
                </ExtendedData>
                <LineString>
                    <coordinates>-38.49423353554955,-3.8390664935613543 -38.49533542982499,-3.8397558084988304 -38.49543545458365,-3.839807449132854 -38.49551534399624,-3.8398433853785674 -38.495601538876876,-3.8398835483681655 -38.49570035548961,-3.839917385044474 -38.49695574798737,-3.8403062137981747 -38.497080219720374,-3.8403400654807522 -38.497187858270095,-3.8403907962938195 -38.497315661663265,-3.8404820727043334 -38.49740310253098,-3.8405496806577917 -38.49749053029281,-3.8406409332175717 -38.49829258361023,-3.8415279633880592 -38.49840355606603,-3.841632741320888 -38.49849098530618,-3.841720615788236 -38.498601959783336,-3.8418220156856733 -38.49869949124019,-3.8418963850141328 -38.49924827032046,-3.842337631217339 -38.49966863688272,-3.842706059897867 -38.50047559659946,-3.8436624556469834 -38.50055093664143,-3.843744918127596 -38.50061819482046,-3.8438057584376626 -38.5016915431184,-3.844851148212102 -38.50178907323793,-3.8449288952782408 -38.50184622158167,-3.845016751746971 -38.50190671879385,-3.845131632827046 -38.502394434667714,-3.846164001853949 -38.502424679778116,-3.8462281979204667 -38.5024481970494,-3.8462890125288816 -38.50246836348953,-3.8463261800430084 -38.50370995937743,-3.848560172942365 -38.50380070161984,-3.8487392504809987 -38.50385110368347,-3.8488575031073817 -38.5039048507705,-3.8490095363813186 -38.504984321496025,-3.851581844222023 -38.50529357763162,-3.852383470461267 -38.505333877832726,-3.8525152292344553 -38.50539434083272,-3.8526909110209298 -38.505875082371816,-3.854247245902351 -38.505925472558616,-3.8543857655840625 -38.50597250083661,-3.854520905784984 -38.50604305195941,-3.8547067264893897 -38.50618107569497,-3.8550188707793516 -38.506214682019454,-3.8550898242726777 -38.50624493279909,-3.855143887206816 -38.50637597533653,-3.8554581003831667 -38.506412944327394,-3.8555324338484818 -38.506439820807515,-3.8556033839186243 -38.50661826701146,-3.856013251655447 -38.5066686834162,-3.8561078595624236 -38.506702285211155,-3.8561855690820273 -38.507025062932485,-3.856879882127407 -38.507078835521206,-3.856988003553354 -38.507115773489154,-3.8571163818192686 -38.50716280011243,-3.8572549000078222 -38.50719632609632,-3.8574643437917944 -38.50720974820413,-3.8575285304881137 -38.50728378763295,-3.857955720446609 -38.50729046888539,-3.858040169851928 -38.50731060462841,-3.858131382619015 -38.50731057349504,-3.8581854274367626 -38.50733064308272,-3.8583914858765493 -38.50733395319413,-3.858486066884481 -38.50735744186826,-3.858597548724426 -38.507391038669994,-3.8586853912946526 -38.50748514518769,-3.858867848111894 -38.50767382409115,-3.8591392079554563 -38.507741057926985,-3.8592439591621126 -38.50779819603205,-3.8593520825219247 -38.50784188670355,-3.859439931442081 -38.507902362214544,-3.8595953460320507</coordinates>
                </LineString>
            </Placemark>
            <Placemark id="dt_mvw_sv_eixo_svb_l.fid--4079df0f_18eae1488d1_1d80">
                <ExtendedData>
                    <SchemaData schemaUrl="#dt_mvw_sv_eixo_svb_l_1">
                        <SimpleData name="id">519</SimpleData>
                        <SimpleData name="idoriginal">474</SimpleData>
                        <SimpleData name="classifvia">Via Coletora</SimpleData>
                    </SchemaData>
                </ExtendedData>
                <LineString>
                    <coordinates>-38.578845217518214,-3.7559793208448955 -38.578852090188235,-3.755842629065856 -38.578852124585794,-3.7557708646752683 -38.578841962650614,-3.7556683386809064 -38.5788079819056,-3.7555521317546794 -38.57876719752066,-3.7554256689812027 -38.57871619295534,-3.755319705876159 -38.57717486122942,-3.75242114022733</coordinates>
                </LineString>
            </Placemark>
            <Placemark id="dt_mvw_sv_eixo_svb_l.fid--4079df0f_18eae1488d1_1d81">
                <ExtendedData>
                    <SchemaData schemaUrl="#dt_mvw_sv_eixo_svb_l_1">
                        <SimpleData name="id">606</SimpleData>
                        <SimpleData name="idoriginal">575</SimpleData>
                        <SimpleData name="classifvia">Via Coletora</SimpleData>
                    </SchemaData>
                </ExtendedData>
                <LineString>
                    <coordinates>-38.57739523130871,-3.8009663558486837 -38.57738947697034,-3.800745659027561 -38.57628748966216,-3.8007951413118315 -38.57629020225152,-3.8012424156007985 -38.577389263545015,-3.8011841043970396 -38.57739523130871,-3.8009663558486837</coordinates>
                </LineString>
            </Placemark>
            <Placemark id="dt_mvw_sv_eixo_svb_l.fid--4079df0f_18eae1488d1_1d82">
                <ExtendedData>
                    <SchemaData schemaUrl="#dt_mvw_sv_eixo_svb_l_1">
                        <SimpleData name="id">520</SimpleData>
                        <SimpleData name="idoriginal">475</SimpleData>
                        <SimpleData name="classifvia">Via Coletora</SimpleData>
                    </SchemaData>
                </ExtendedData>
                <LineString>
                    <coordinates>-38.51434951630014,-3.860694499278413 -38.51554253418673,-3.8612040021340266 -38.51560911299166,-3.861230730177456 -38.515670339128015,-3.861264068960175 -38.51571625656451,-3.861292275252838 -38.51578513706343,-3.8613281797741377 -38.51677346565211,-3.8619137998779927 -38.51686274992495,-3.861970210903612 -38.51695967048574,-3.862059929061023 -38.51702598300367,-3.862124012074784 -38.518075045684085,-3.8633046728538405 -38.51816939771114,-3.8634251318561676 -38.518240793106536,-3.863527644712657 -38.51827904048097,-3.8635814642093553 -38.51885821614718,-3.864500748715286 -38.519152272866194,-3.864886130071936 -38.51931598593283,-3.865042830756213 -38.51944348245933,-3.865183846201831 -38.519525562481824,-3.865316767279287 -38.51959852710577,-3.8654267740765946 -38.51966235569686,-3.8655505215411736 -38.520227563667376,-3.866879588997795 -38.520318754254276,-3.8670445885349842 -38.520438583015036,-3.8671747696583765 -38.52052524812356,-3.867271038314704 -38.52066213712217,-3.867335262091165 -38.52081728468237,-3.8673949145716304 -38.522853501224326,-3.8681298377001037</coordinates>
                </LineString>
            </Placemark>
            <Placemark id="dt_mvw_sv_eixo_svb_l.fid--4079df0f_18eae1488d1_1d83">
                <ExtendedData>
                    <SchemaData schemaUrl="#dt_mvw_sv_eixo_svb_l_1">
                        <SimpleData name="id">521</SimpleData>
                        <SimpleData name="idoriginal">476</SimpleData>
                        <SimpleData name="classifvia">Via Arterial II</SimpleData>
                    </SchemaData>
                </ExtendedData>
                <LineString>
                    <coordinates>-38.54260680732253,-3.732017456244715 -38.540683554604605,-3.731619909904645 -38.54055349349484,-3.731631714071142 -38.54043917779287,-3.731679144085824 -38.53607030490011,-3.7330798543829986 -38.53297240830977,-3.7340668991149983 -38.53276131493635,-3.734146260812608 -38.5309714609525,-3.7347369435074658 -38.530808772338204,-3.734741271645708 -38.52664303435069,-3.7360437175636005 -38.524063629349754,-3.736887135602259</coordinates>
                </LineString>
            </Placemark>
            <Placemark id="dt_mvw_sv_eixo_svb_l.fid--4079df0f_18eae1488d1_1d84">
                <ExtendedData>
                    <SchemaData schemaUrl="#dt_mvw_sv_eixo_svb_l_1">
                        <SimpleData name="id">522</SimpleData>
                        <SimpleData name="idoriginal">477</SimpleData>
                        <SimpleData name="classifvia">Via Coletora</SimpleData>
                    </SchemaData>
                </ExtendedData>
                <LineString>
                    <coordinates>-38.471164103528274,-3.7987723548749357 -38.47095706114639,-3.8012386903913615</coordinates>
                </LineString>
            </Placemark>
            <Placemark id="dt_mvw_sv_eixo_svb_l.fid--4079df0f_18eae1488d1_1d85">
                <ExtendedData>
                    <SchemaData schemaUrl="#dt_mvw_sv_eixo_svb_l_1">
                        <SimpleData name="id">523</SimpleData>
                        <SimpleData name="idoriginal">478</SimpleData>
                        <SimpleData name="classifvia">Via Coletora</SimpleData>
                    </SchemaData>
                </ExtendedData>
                <LineString>
                    <coordinates>-38.47971647818821,-3.7423326435150353 -38.481960369452324,-3.7459094837631226</coordinates>
                </LineString>
            </Placemark>
            <Placemark id="dt_mvw_sv_eixo_svb_l.fid--4079df0f_18eae1488d1_1d86">
                <ExtendedData>
                    <SchemaData schemaUrl="#dt_mvw_sv_eixo_svb_l_1">
                        <SimpleData name="id">524</SimpleData>
                        <SimpleData name="idoriginal">479</SimpleData>
                        <SimpleData name="classifvia">Via Coletora</SimpleData>
                    </SchemaData>
                </ExtendedData>
                <LineString>
                    <coordinates>-38.5921408370306,-3.7569537339861876 -38.594674695495314,-3.761844098848629</coordinates>
                </LineString>
            </Placemark>
            <Placemark id="dt_mvw_sv_eixo_svb_l.fid--4079df0f_18eae1488d1_1d87">
                <ExtendedData>
                    <SchemaData schemaUrl="#dt_mvw_sv_eixo_svb_l_1">
                        <SimpleData name="id">525</SimpleData>
                        <SimpleData name="idoriginal">480</SimpleData>
                        <SimpleData name="classifvia">Via Coletora</SimpleData>
                    </SchemaData>
                </ExtendedData>
                <LineString>
                    <coordinates>-38.5806769867036,-3.729970532766701 -38.58041922901717,-3.7319158177362928 -38.58037151475692,-3.7323943043781425 -38.5795999602785,-3.7378326103004014</coordinates>
                </LineString>
            </Placemark>
            <Placemark id="dt_mvw_sv_eixo_svb_l.fid--4079df0f_18eae1488d1_1d88">
                <ExtendedData>
                    <SchemaData schemaUrl="#dt_mvw_sv_eixo_svb_l_1">
                        <SimpleData name="id">526</SimpleData>
                        <SimpleData name="idoriginal">481</SimpleData>
                        <SimpleData name="classifvia">Via Arterial I</SimpleData>
                    </SchemaData>
                </ExtendedData>
                <LineString>
                    <coordinates>-38.512637496724,-3.724049559196448 -38.50450627586839,-3.7244996379741724 -38.50436840969732,-3.724511094737379 -38.50419031756584,-3.7245513660591523 -38.50394328022164,-3.7246204356855275 -38.50340322687317,-3.7248046881492156</coordinates>
                </LineString>
            </Placemark>
            <Placemark id="dt_mvw_sv_eixo_svb_l.fid--4079df0f_18eae1488d1_1d89">
                <ExtendedData>
                    <SchemaData schemaUrl="#dt_mvw_sv_eixo_svb_l_1">
                        <SimpleData name="id">527</SimpleData>
                        <SimpleData name="idoriginal">482</SimpleData>
                        <SimpleData name="classifvia">Via Coletora</SimpleData>
                    </SchemaData>
                </ExtendedData>
                <LineString>
                    <coordinates>-38.55042781313539,-3.7393908588437834 -38.54492686323953,-3.7444073157078543</coordinates>
                </LineString>
            </Placemark>
            <Placemark id="dt_mvw_sv_eixo_svb_l.fid--4079df0f_18eae1488d1_1d8a">
                <ExtendedData>
                    <SchemaData schemaUrl="#dt_mvw_sv_eixo_svb_l_1">
                        <SimpleData name="id">528</SimpleData>
                        <SimpleData name="idoriginal">483</SimpleData>
                        <SimpleData name="classifvia">Via Coletora</SimpleData>
                    </SchemaData>
                </ExtendedData>
                <LineString>
                    <coordinates>-38.5429241405084,-3.7595337159254982 -38.542314960745166,-3.759835050044985</coordinates>
                </LineString>
            </Placemark>
            <Placemark id="dt_mvw_sv_eixo_svb_l.fid--4079df0f_18eae1488d1_1d8b">
                <ExtendedData>
                    <SchemaData schemaUrl="#dt_mvw_sv_eixo_svb_l_1">
                        <SimpleData name="id">529</SimpleData>
                        <SimpleData name="idoriginal">484</SimpleData>
                        <SimpleData name="classifvia">Via Coletora</SimpleData>
                    </SchemaData>
                </ExtendedData>
                <LineString>
                    <coordinates>-38.501852735265395,-3.8865314340306045 -38.501906383790214,-3.886574918761243 -38.502848370310616,-3.8872103746419353 -38.502952228626995,-3.8872573648373274 -38.5030318690627,-3.887266102475082 -38.503125369339784,-3.887260943430705 -38.50318944216781,-3.887243600069895 -38.50323966610458,-3.8872227726721196 -38.50328643709159,-3.887184561559832</coordinates>
                </LineString>
            </Placemark>
            <Placemark id="dt_mvw_sv_eixo_svb_l.fid--4079df0f_18eae1488d1_1d8c">
                <ExtendedData>
                    <SchemaData schemaUrl="#dt_mvw_sv_eixo_svb_l_1">
                        <SimpleData name="id">530</SimpleData>
                        <SimpleData name="idoriginal">485</SimpleData>
                        <SimpleData name="classifvia">Via Coletora</SimpleData>
                    </SchemaData>
                </ExtendedData>
                <LineString>
                    <coordinates>-38.556558551288575,-3.7604071131520356 -38.554377434910585,-3.7627677980686824 -38.55422371523293,-3.7628638389762514 -38.55060438552739,-3.7654760669425613 -38.549844911292105,-3.7660129780013047 -38.54972142503165,-3.7661014448018584 -38.548550884619424,-3.7671014960751097</coordinates>
                </LineString>
            </Placemark>
            <Placemark id="dt_mvw_sv_eixo_svb_l.fid--4079df0f_18eae1488d1_1d8d">
                <ExtendedData>
                    <SchemaData schemaUrl="#dt_mvw_sv_eixo_svb_l_1">
                        <SimpleData name="id">531</SimpleData>
                        <SimpleData name="idoriginal">486</SimpleData>
                        <SimpleData name="classifvia">Via Coletora</SimpleData>
                    </SchemaData>
                </ExtendedData>
                <LineString>
                    <coordinates>-38.57352456901124,-3.8252434956046004 -38.57453503120629,-3.823966564374922 -38.57461905469809,-3.823867848315231 -38.574717468096054,-3.823781183416854 -38.57482546684781,-3.82371860981167 -38.57490946607566,-3.8236704769853382 -38.5750054501049,-3.8236440289379745 -38.57823152335004,-3.822627328436487</coordinates>
                </LineString>
            </Placemark>
            <Placemark id="dt_mvw_sv_eixo_svb_l.fid--4079df0f_18eae1488d1_1d8e">
                <ExtendedData>
                    <SchemaData schemaUrl="#dt_mvw_sv_eixo_svb_l_1">
                        <SimpleData name="id">532</SimpleData>
                        <SimpleData name="idoriginal">487</SimpleData>
                        <SimpleData name="classifvia">Via Coletora</SimpleData>
                    </SchemaData>
                </ExtendedData>
                <LineString>
                    <coordinates>-38.55028222922647,-3.823680000474075 -38.55042987542081,-3.8242122579493274 -38.5521558698732,-3.829879049293188 -38.55434877180569,-3.8371481021762652 -38.555827056969484,-3.8420407395397107 -38.55831860320064,-3.8503076141975114</coordinates>
                </LineString>
            </Placemark>
            <Placemark id="dt_mvw_sv_eixo_svb_l.fid--4079df0f_18eae1488d1_1d8f">
                <ExtendedData>
                    <SchemaData schemaUrl="#dt_mvw_sv_eixo_svb_l_1">
                        <SimpleData name="id">533</SimpleData>
                        <SimpleData name="idoriginal">488</SimpleData>
                        <SimpleData name="classifvia">Via Coletora</SimpleData>
                    </SchemaData>
                </ExtendedData>
                <LineString>
                    <coordinates>-38.512587440942724,-3.848659466779764 -38.51407233333503,-3.852445756644049 -38.514095975872905,-3.8525488839754845 -38.51411435476242,-3.852646720308807 -38.51411695395897,-3.852707532191952 -38.514127318507214,-3.853006303551445 -38.514135278667595,-3.853139545904722 -38.51415890472213,-3.853271756188585 -38.51419569552784,-3.8534092624712555 -38.51422986688095,-3.8535229713202095 -38.51426142030616,-3.853607595708271 -38.51482793051632,-3.8551509420870893 -38.51489738753885,-3.8555605655047573 -38.51545584330812,-3.857031787181477</coordinates>
                </LineString>
            </Placemark>
            <Placemark id="dt_mvw_sv_eixo_svb_l.fid--4079df0f_18eae1488d1_1d90">
                <ExtendedData>
                    <SchemaData schemaUrl="#dt_mvw_sv_eixo_svb_l_1">
                        <SimpleData name="id">534</SimpleData>
                        <SimpleData name="idoriginal">489</SimpleData>
                        <SimpleData name="classifvia">Via Coletora</SimpleData>
                    </SchemaData>
                </ExtendedData>
                <LineString>
                    <coordinates>-38.59935859650527,-3.711837137059064 -38.59800689798672,-3.712238344633491 -38.597954049666605,-3.712228212025236 -38.597134589753296,-3.7120790970134414 -38.597066636055004,-3.7120790659336653 -38.59701377589574,-3.7120967324448415 -38.596351582047184,-3.712708009235492 -38.596265995091514,-3.7127433509075063 -38.5943216597678,-3.71330933576873</coordinates>
                </LineString>
            </Placemark>
            <Placemark id="dt_mvw_sv_eixo_svb_l.fid--4079df0f_18eae1488d1_1d91">
                <ExtendedData>
                    <SchemaData schemaUrl="#dt_mvw_sv_eixo_svb_l_1">
                        <SimpleData name="id">535</SimpleData>
                        <SimpleData name="idoriginal">490</SimpleData>
                        <SimpleData name="classifvia">Via Coletora</SimpleData>
                    </SchemaData>
                </ExtendedData>
                <LineString>
                    <coordinates>-38.552208265038125,-3.829811479373389 -38.55402800173445,-3.829249961302012 -38.555561238858544,-3.8287797520176663 -38.5573347294256,-3.8282391782619607 -38.55936835191051,-3.8276167081803916 -38.55962492773365,-3.8275290922126635</coordinates>
                </LineString>
            </Placemark>
            <Placemark id="dt_mvw_sv_eixo_svb_l.fid--4079df0f_18eae1488d1_1d92">
                <ExtendedData>
                    <SchemaData schemaUrl="#dt_mvw_sv_eixo_svb_l_1">
                        <SimpleData name="id">536</SimpleData>
                        <SimpleData name="idoriginal">491</SimpleData>
                        <SimpleData name="classifvia">Via Coletora</SimpleData>
                    </SchemaData>
                </ExtendedData>
                <LineString>
                    <coordinates>-38.616450999630075,-3.776477044519092 -38.61531046220818,-3.772677761274633 -38.615247207056406,-3.772496998902229 -38.61514062267269,-3.7723061762857677 -38.61503735537754,-3.7721521710417076 -38.61495656605718,-3.7720260443760107 -38.61489992299423,-3.771969121296325 -38.61465002474169,-3.7717280308911665 -38.614100249958504,-3.7711956235906805 -38.61401362998286,-3.771085136367538 -38.613960343165715,-3.770978010659144 -38.613937055517454,-3.770874245464881 -38.61372412818389,-3.7696308948296897 -38.613710826997426,-3.76955725613972 -38.6136908608197,-3.7694802677990378 -38.61366088977448,-3.769413316008961 -38.61359425759377,-3.769332959723778 -38.611096489434765,-3.766442511740813 -38.61094659630101,-3.7661981186111504 -38.60961001296707,-3.7628120276153454 -38.60944686025373,-3.762403628507659 -38.60878042712649,-3.760714016140936 -38.6080330745467,-3.758830347078583 -38.60795977352227,-3.75875668131582</coordinates>
                </LineString>
            </Placemark>
            <Placemark id="dt_mvw_sv_eixo_svb_l.fid--4079df0f_18eae1488d1_1d93">
                <ExtendedData>
                    <SchemaData schemaUrl="#dt_mvw_sv_eixo_svb_l_1">
                        <SimpleData name="id">537</SimpleData>
                        <SimpleData name="idoriginal">493</SimpleData>
                        <SimpleData name="classifvia">Via Coletora</SimpleData>
                    </SchemaData>
                </ExtendedData>
                <LineString>
                    <coordinates>-38.49200823465233,-3.7700544621658176 -38.49206523431845,-3.770209089441502 -38.49226137723538,-3.770757985629179 -38.492308356726106,-3.7708747205466238 -38.49234151719407,-3.7709608816358386 -38.49237466887238,-3.7710609361059872 -38.49240782290442,-3.771158212091146 -38.49245205119362,-3.7712471581427147 -38.49249902824087,-3.7713694509831672 -38.49279753132344,-3.772276447843483 -38.4928362120926,-3.7723876209215357 -38.492891481645046,-3.7725265909564825 -38.493218188992195,-3.7733176851490007</coordinates>
                </LineString>
            </Placemark>
            <Placemark id="dt_mvw_sv_eixo_svb_l.fid--4079df0f_18eae1488d1_1d94">
                <ExtendedData>
                    <SchemaData schemaUrl="#dt_mvw_sv_eixo_svb_l_1">
                        <SimpleData name="id">538</SimpleData>
                        <SimpleData name="idoriginal">494</SimpleData>
                        <SimpleData name="classifvia">Via Coletora</SimpleData>
                    </SchemaData>
                </ExtendedData>
                <LineString>
                    <coordinates>-38.604518469889854,-3.7541250525154366 -38.60497406731341,-3.7566006349246464 -38.60498799744891,-3.756723510175403 -38.60498794377518,-3.756842869182341 -38.60497740755536,-3.7569481804890565</coordinates>
                </LineString>
            </Placemark>
            <Placemark id="dt_mvw_sv_eixo_svb_l.fid--4079df0f_18eae1488d1_1d95">
                <ExtendedData>
                    <SchemaData schemaUrl="#dt_mvw_sv_eixo_svb_l_1">
                        <SimpleData name="id">539</SimpleData>
                        <SimpleData name="idoriginal">495</SimpleData>
                        <SimpleData name="classifvia">Via Coletora</SimpleData>
                    </SchemaData>
                </ExtendedData>
                <LineString>
                    <coordinates>-38.501502913924476,-3.862590949697656 -38.50163912160351,-3.8627530051947594 -38.5050185325284,-3.866590449609801 -38.50511085320401,-3.8666713979882754 -38.505224784405236,-3.866764196638862 -38.505317125707926,-3.866809630179083 -38.5054939575776,-3.8668807622865886 -38.505633473909576,-3.866910439376243 -38.50572387370391,-3.8669144380874934 -38.505841789078794,-3.8669145069848936 -38.50597543310066,-3.8669047198735966 -38.50603541160943,-3.8669032304453097 -38.506088469956644,-3.866909180249755 -38.506151354180595,-3.866917109206738 -38.50619458396473,-3.8669269996250977 -38.50655811378904,-3.8670021868590916 -38.50664457183614,-3.8670259135340586 -38.50672709194331,-3.867061476024543 -38.50682335804205,-3.8671167768835257 -38.5069058599241,-3.8671839078292116 -38.506996566267105,-3.8672891588249207 -38.50705154916759,-3.8673661388984972 -38.50709669552995,-3.867460870178776 -38.507118274172285,-3.867527965599886 -38.50748130778382,-3.868792085262151</coordinates>
                </LineString>
            </Placemark>
            <Placemark id="dt_mvw_sv_eixo_svb_l.fid--4079df0f_18eae1488d1_1d96">
                <ExtendedData>
                    <SchemaData schemaUrl="#dt_mvw_sv_eixo_svb_l_1">
                        <SimpleData name="id">540</SimpleData>
                        <SimpleData name="idoriginal">496</SimpleData>
                        <SimpleData name="classifvia">Via Coletora</SimpleData>
                    </SchemaData>
                </ExtendedData>
                <LineString>
                    <coordinates>-38.57194581510182,-3.8032995128552933 -38.56592766689684,-3.80517232206334 -38.56561133329868,-3.8052603739236717 -38.56155620125778,-3.8066492375648466 -38.56142000074467,-3.8066888631844966 -38.56130136761651,-3.8067373191057716 -38.56120469930211,-3.8067857862279246 -38.56111681840573,-3.806829847150158 -38.55923987689455,-3.8078574419547664 -38.5591124553287,-3.807910303705232 -38.558993815199614,-3.807971990816548 -38.558866386869646,-3.808038084070953 -38.55874336047579,-3.8080865373428683 -38.5586379126911,-3.808121767603691 -38.55661889860356,-3.8088369301540466 -38.556438750541766,-3.8089118171341085 -38.556315721664156,-3.8089646802208796 -38.556210262407305,-3.8090219635219396 -38.556100393608425,-3.8091101182874256 -38.55599932503532,-3.809171814023696 -38.55589823609896,-3.8092732048407947 -38.55533836334843,-3.8097250542939562 -38.555252612637226,-3.8097997342863725 -38.55518894320094,-3.809844062186933 -38.55512742640103,-3.8098749045415885 -38.55493847620093,-3.8099806603562216</coordinates>
                </LineString>
            </Placemark>
            <Placemark id="dt_mvw_sv_eixo_svb_l.fid--4079df0f_18eae1488d1_1d97">
                <ExtendedData>
                    <SchemaData schemaUrl="#dt_mvw_sv_eixo_svb_l_1">
                        <SimpleData name="id">541</SimpleData>
                        <SimpleData name="idoriginal">497</SimpleData>
                        <SimpleData name="classifvia">Via Coletora</SimpleData>
                    </SchemaData>
                </ExtendedData>
                <LineString>
                    <coordinates>-38.51786158227102,-3.8464973291979794 -38.51756673526131,-3.846531759327264 -38.51741739485752,-3.846552817442721 -38.51721252124641,-3.8465988307998744 -38.517036357696306,-3.8466563931864015 -38.51692720634483,-3.846704383044746 -38.51683911552652,-3.84674854043849 -38.51583676063048,-3.847252226846269 -38.51572186060977,-3.8473079016115457 -38.51562994494002,-3.847346291017416 -38.51552462325701,-3.8473923606477816 -38.515378218087925,-3.8474563835104174 -38.515315026585796,-3.8474813342747467 -38.510468924459595,-3.849428017224636 -38.5068349273984,-3.8508748423154007 -38.50670927349226,-3.8509196616513264 -38.506570835978515,-3.850977300528314 -38.504961735321295,-3.8515667170616763</coordinates>
                </LineString>
            </Placemark>
            <Placemark id="dt_mvw_sv_eixo_svb_l.fid--4079df0f_18eae1488d1_1d98">
                <ExtendedData>
                    <SchemaData schemaUrl="#dt_mvw_sv_eixo_svb_l_1">
                        <SimpleData name="id">542</SimpleData>
                        <SimpleData name="idoriginal">498</SimpleData>
                        <SimpleData name="classifvia">Via Coletora</SimpleData>
                    </SchemaData>
                </ExtendedData>
                <LineString>
                    <coordinates>-38.47793210805259,-3.739665010499053 -38.47835376863909,-3.740148253210548 -38.47965566364532,-3.7422397117073514</coordinates>
                </LineString>
            </Placemark>
            <Placemark id="dt_mvw_sv_eixo_svb_l.fid--4079df0f_18eae1488d1_1d99">
                <ExtendedData>
                    <SchemaData schemaUrl="#dt_mvw_sv_eixo_svb_l_1">
                        <SimpleData name="id">543</SimpleData>
                        <SimpleData name="idoriginal">499</SimpleData>
                        <SimpleData name="classifvia">Via Coletora</SimpleData>
                    </SchemaData>
                </ExtendedData>
                <LineString>
                    <coordinates>-38.61153532913108,-3.776037835731849 -38.61163087811205,-3.7764369641380346 -38.61297135344735,-3.7813475759441837 -38.61315756774641,-3.782067535668731 -38.614150921586024,-3.7856565209863855 -38.61436585843866,-3.78633287357957</coordinates>
                </LineString>
            </Placemark>
            <Placemark id="dt_mvw_sv_eixo_svb_l.fid--4079df0f_18eae1488d1_1d9a">
                <ExtendedData>
                    <SchemaData schemaUrl="#dt_mvw_sv_eixo_svb_l_1">
                        <SimpleData name="id">544</SimpleData>
                        <SimpleData name="idoriginal">501</SimpleData>
                        <SimpleData name="classifvia">Via Coletora</SimpleData>
                    </SchemaData>
                </ExtendedData>
                <LineString>
                    <coordinates>-38.51773003278931,-3.8465396968338035 -38.51924567869643,-3.8503838803214694 -38.519262259907016,-3.8504524851930015 -38.52103989207529,-3.85499496909814</coordinates>
                </LineString>
            </Placemark>
            <Placemark id="dt_mvw_sv_eixo_svb_l.fid--4079df0f_18eae1488d1_1d9b">
                <ExtendedData>
                    <SchemaData schemaUrl="#dt_mvw_sv_eixo_svb_l_1">
                        <SimpleData name="id">545</SimpleData>
                        <SimpleData name="idoriginal">502</SimpleData>
                        <SimpleData name="classifvia">Via Coletora</SimpleData>
                    </SchemaData>
                </ExtendedData>
                <LineString>
                    <coordinates>-38.63033722061907,-3.790601859831234 -38.63041835271957,-3.791284916114736 -38.63141770385492,-3.79986760091003</coordinates>
                </LineString>
            </Placemark>
            <Placemark id="dt_mvw_sv_eixo_svb_l.fid--4079df0f_18eae1488d1_1d9c">
                <ExtendedData>
                    <SchemaData schemaUrl="#dt_mvw_sv_eixo_svb_l_1">
                        <SimpleData name="id">546</SimpleData>
                        <SimpleData name="idoriginal">510</SimpleData>
                        <SimpleData name="classifvia">Via Coletora</SimpleData>
                    </SchemaData>
                </ExtendedData>
                <LineString>
                    <coordinates>-38.51316768501888,-3.878631231402918 -38.513211273575656,-3.87859298514113 -38.5132385122886,-3.8785765991772783 -38.51330389578713,-3.8785192295306055 -38.514890795401826,-3.877162533237227 -38.514986157115594,-3.87705870838702 -38.515067890145964,-3.876979478720119 -38.51512513678295,-3.876864697807206 -38.51517965763058,-3.876755382388116 -38.515226030055366,-3.876610524130842 -38.515250638745414,-3.8764301162008175 -38.51539178269084,-3.8748540685694493 -38.51541914954294,-3.8747991965683823</coordinates>
                </LineString>
            </Placemark>
            <Placemark id="dt_mvw_sv_eixo_svb_l.fid--4079df0f_18eae1488d1_1d9d">
                <ExtendedData>
                    <SchemaData schemaUrl="#dt_mvw_sv_eixo_svb_l_1">
                        <SimpleData name="id">547</SimpleData>
                        <SimpleData name="idoriginal">511</SimpleData>
                        <SimpleData name="classifvia">Via Coletora</SimpleData>
                    </SchemaData>
                </ExtendedData>
                <LineString>
                    <coordinates>-38.522721455393494,-3.868051213537785 -38.52261767115828,-3.86818997757316 -38.522526257661795,-3.8682841270387183 -38.522424971940104,-3.8683708341570857 -38.51923850386893,-3.871113539126791</coordinates>
                </LineString>
            </Placemark>
            <Placemark id="dt_mvw_sv_eixo_svb_l.fid--4079df0f_18eae1488d1_1d9e">
                <ExtendedData>
                    <SchemaData schemaUrl="#dt_mvw_sv_eixo_svb_l_1">
                        <SimpleData name="id">548</SimpleData>
                        <SimpleData name="idoriginal">515</SimpleData>
                        <SimpleData name="classifvia">Via Arterial I</SimpleData>
                    </SchemaData>
                </ExtendedData>
                <LineString>
                    <coordinates>-38.49359412754208,-3.8285936219780012 -38.49357819243825,-3.8285337319896184 -38.49348457196939,-3.827964677597332 -38.49345168429814,-3.8277866840347876 -38.493351023308485,-3.8270878265288 -38.49333039091351,-3.8269807788419685 -38.49333046544723,-3.826853934749006 -38.49334201920636,-3.8267386284770035 -38.49335586533744,-3.826630242172758 -38.49338809025677,-3.826517254354906 -38.493427210232966,-3.8263996582143487 -38.49346177890846,-3.8263042112575043 -38.49350548166609,-3.8262050679457897 -38.49599557591211,-3.8205229300039405 -38.49926229509229,-3.813122921780255 -38.49932724353108,-3.8129725062643414 -38.49934294262279,-3.812898411476646 -38.499385562233606,-3.8126828615774313 -38.49946183904198,-3.8123902073376437 -38.499556038562915,-3.8119366564463224</coordinates>
                </LineString>
            </Placemark>
            <Placemark id="dt_mvw_sv_eixo_svb_l.fid--4079df0f_18eae1488d1_1d9f">
                <ExtendedData>
                    <SchemaData schemaUrl="#dt_mvw_sv_eixo_svb_l_1">
                        <SimpleData name="id">549</SimpleData>
                        <SimpleData name="idoriginal">516</SimpleData>
                        <SimpleData name="classifvia">Via Coletora</SimpleData>
                    </SchemaData>
                </ExtendedData>
                <LineString>
                    <coordinates>-38.51626917466399,-3.8401290937485606 -38.51566372889271,-3.840593258889117 -38.515610009768814,-3.8406222599455817 -38.515550096711955,-3.840647110242681 -38.51548399089221,-3.840665735917212 -38.51540343947127,-3.840661542850994 -38.51531463363334,-3.8406449028905842 -38.51524236079319,-3.8406116824191927 -38.5151866186119,-3.840566029164937 -38.5151618503376,-3.8405349095931895</coordinates>
                </LineString>
            </Placemark>
            <Placemark id="dt_mvw_sv_eixo_svb_l.fid--4079df0f_18eae1488d1_1da0">
                <ExtendedData>
                    <SchemaData schemaUrl="#dt_mvw_sv_eixo_svb_l_1">
                        <SimpleData name="id">550</SimpleData>
                        <SimpleData name="idoriginal">517</SimpleData>
                        <SimpleData name="classifvia">Via Coletora</SimpleData>
                    </SchemaData>
                </ExtendedData>
                <LineString>
                    <coordinates>-38.46081147372975,-3.748443007267332 -38.46083196657035,-3.748552431764664 -38.46216225782003,-3.7527165831504004</coordinates>
                </LineString>
            </Placemark>
            <Placemark id="dt_mvw_sv_eixo_svb_l.fid--4079df0f_18eae1488d1_1da1">
                <ExtendedData>
                    <SchemaData schemaUrl="#dt_mvw_sv_eixo_svb_l_1">
                        <SimpleData name="id">551</SimpleData>
                        <SimpleData name="idoriginal">518</SimpleData>
                        <SimpleData name="classifvia">Via Coletora</SimpleData>
                    </SchemaData>
                </ExtendedData>
                <LineString>
                    <coordinates>-38.50470195540812,-3.8268314650244952 -38.50624487551978,-3.826463038990958 -38.50819233723532,-3.826003844545213 -38.50831116966008,-3.825969830843016 -38.508430003696326,-3.825932976664324 -38.50994528394372,-3.8253625101318365</coordinates>
                </LineString>
            </Placemark>
            <Placemark id="dt_mvw_sv_eixo_svb_l.fid--4079df0f_18eae1488d1_1da2">
                <ExtendedData>
                    <SchemaData schemaUrl="#dt_mvw_sv_eixo_svb_l_1">
                        <SimpleData name="id">552</SimpleData>
                        <SimpleData name="idoriginal">519</SimpleData>
                        <SimpleData name="classifvia">Via Coletora</SimpleData>
                    </SchemaData>
                </ExtendedData>
                <LineString>
                    <coordinates>-38.615073731237935,-3.804697333104957 -38.61536908100745,-3.8051827234046263 -38.62036745311068,-3.8134488865539584 -38.62013889261235,-3.8135463613963787 -38.613018450985756,-3.8158379871270864</coordinates>
                </LineString>
            </Placemark>
            <Placemark id="dt_mvw_sv_eixo_svb_l.fid--4079df0f_18eae1488d1_1da3">
                <ExtendedData>
                    <SchemaData schemaUrl="#dt_mvw_sv_eixo_svb_l_1">
                        <SimpleData name="id">553</SimpleData>
                        <SimpleData name="idoriginal">520</SimpleData>
                        <SimpleData name="classifvia">Via Coletora</SimpleData>
                    </SchemaData>
                </ExtendedData>
                <LineString>
                    <coordinates>-38.52629495851287,-3.8374528453998513 -38.52629096396066,-3.837480336703505 -38.52628440703014,-3.837523787063547 -38.52627617702849,-3.837640206583449 -38.52627203680258,-3.837743509841781 -38.52628178931429,-3.83782878351608 -38.526298895036945,-3.837929912737278 -38.5263184402687,-3.8380274905116396 -38.52649100857295,-3.8386929580159963 -38.52653037863701,-3.8388928188872593 -38.526540260026806,-3.8389975102145164 -38.52654677637164,-3.8391131229863036 -38.52654672542576,-3.839205610771446 -38.526545049487275,-3.8392617625738015 -38.52653506642174,-3.8395233719641437 -38.526538297295325,-3.839630725429585 -38.52655140185379,-3.8397314780049987 -38.526600668383246,-3.839883449122639 -38.52664339037452,-3.8399710058956886 -38.52672750330557,-3.840085623375685 -38.53168657231617,-3.846036077402096</coordinates>
                </LineString>
            </Placemark>
            <Placemark id="dt_mvw_sv_eixo_svb_l.fid--4079df0f_18eae1488d1_1da4">
                <ExtendedData>
                    <SchemaData schemaUrl="#dt_mvw_sv_eixo_svb_l_1">
                        <SimpleData name="id">554</SimpleData>
                        <SimpleData name="idoriginal">521</SimpleData>
                        <SimpleData name="classifvia">Via Coletora</SimpleData>
                    </SchemaData>
                </ExtendedData>
                <LineString>
                    <coordinates>-38.481537108789226,-3.778211970853118 -38.48298132150144,-3.7783359318270184 -38.48311289177143,-3.7783360104085997 -38.483217560708965,-3.7783180584431686 -38.48330429586822,-3.7782880866083306 -38.492141420578484,-3.7757177295189552 -38.4922308821524,-3.7756823330960305 -38.4923038660418,-3.775649290361571 -38.49234859717319,-3.7756304107104115 -38.49278181354235,-3.7753967025113977 -38.49288409435819,-3.7753462632106873 -38.49296884640968,-3.7753132273021675 -38.4963555682122,-3.7740066038977966 -38.49647985684741,-3.7739674185274446 -38.49654992424148,-3.773952976699664 -38.4983045506434,-3.7735810408627453 -38.498384922673964,-3.773562467115063 -38.49843438406612,-3.7735480136923463 -38.49891870086815,-3.773393125075655</coordinates>
                </LineString>
            </Placemark>
            <Placemark id="dt_mvw_sv_eixo_svb_l.fid--4079df0f_18eae1488d1_1da5">
                <ExtendedData>
                    <SchemaData schemaUrl="#dt_mvw_sv_eixo_svb_l_1">
                        <SimpleData name="id">555</SimpleData>
                        <SimpleData name="idoriginal">522</SimpleData>
                        <SimpleData name="classifvia">Via Coletora</SimpleData>
                    </SchemaData>
                </ExtendedData>
                <LineString>
                    <coordinates>-38.518901345246825,-3.837242265467024 -38.51889132108478,-3.8373671840907058 -38.51886636623248,-3.8374895962531372 -38.518799061971926,-3.837691936318182 -38.518716852157574,-3.837846796473291 -38.5185997827512,-3.8380366157803283 -38.51851984153396,-3.838167485429465 -38.51845509605616,-3.838242403603944 -38.518377899653,-3.838332305883674 -38.518290755224,-3.838412208430998 -38.51639015765995,-3.840063694628835</coordinates>
                </LineString>
            </Placemark>
            <Placemark id="dt_mvw_sv_eixo_svb_l.fid--4079df0f_18eae1488d1_1da6">
                <ExtendedData>
                    <SchemaData schemaUrl="#dt_mvw_sv_eixo_svb_l_1">
                        <SimpleData name="id">556</SimpleData>
                        <SimpleData name="idoriginal">523</SimpleData>
                        <SimpleData name="classifvia">Via Coletora</SimpleData>
                    </SchemaData>
                </ExtendedData>
                <LineString>
                    <coordinates>-38.46752036468389,-3.749750026461606 -38.469187959640735,-3.7549153634160315</coordinates>
                </LineString>
            </Placemark>
            <Placemark id="dt_mvw_sv_eixo_svb_l.fid--4079df0f_18eae1488d1_1da7">
                <ExtendedData>
                    <SchemaData schemaUrl="#dt_mvw_sv_eixo_svb_l_1">
                        <SimpleData name="id">557</SimpleData>
                        <SimpleData name="idoriginal">524</SimpleData>
                        <SimpleData name="classifvia">Via Arterial I</SimpleData>
                    </SchemaData>
                </ExtendedData>
                <LineString>
                    <coordinates>-38.521400576728404,-3.828837224794981 -38.52154786584906,-3.8335587862091955 -38.521601572383936,-3.8351505516856585 -38.52179678423593,-3.841219288071543 -38.52179282615804,-3.841408818155012 -38.52178698021309,-3.8415287229038086 -38.521781169796846,-3.841584805503932 -38.521495412557286,-3.844097698626599 -38.52148227663079,-3.844228840897156 -38.521499601114584,-3.844394973245267 -38.5215125859491,-3.8445348738127954 -38.5215430031806,-3.8446485538586446 -38.521921045903476,-3.846250407221066</coordinates>
                </LineString>
            </Placemark>
            <Placemark id="dt_mvw_sv_eixo_svb_l.fid--4079df0f_18eae1488d1_1da8">
                <ExtendedData>
                    <SchemaData schemaUrl="#dt_mvw_sv_eixo_svb_l_1">
                        <SimpleData name="id">558</SimpleData>
                        <SimpleData name="idoriginal">525</SimpleData>
                        <SimpleData name="classifvia">Via Arterial I</SimpleData>
                    </SchemaData>
                </ExtendedData>
                <LineString>
                    <coordinates>-38.587725728841754,-3.8003804300310846 -38.5882365495575,-3.8009070750911564 -38.589178603394984,-3.801874188553428</coordinates>
                </LineString>
            </Placemark>
            <Placemark id="dt_mvw_sv_eixo_svb_l.fid--4079df0f_18eae1488d1_1da9">
                <ExtendedData>
                    <SchemaData schemaUrl="#dt_mvw_sv_eixo_svb_l_1">
                        <SimpleData name="id">559</SimpleData>
                        <SimpleData name="idoriginal">526</SimpleData>
                        <SimpleData name="classifvia">Via Coletora</SimpleData>
                    </SchemaData>
                </ExtendedData>
                <LineString>
                    <coordinates>-38.48784257992934,-3.7770469151421695 -38.488064249473545,-3.77782764606329 -38.4881027567704,-3.7779561591985362 -38.48812309339493,-3.7780631338928234 -38.48812528255393,-3.778195131860274 -38.488132026083335,-3.778290719288409 -38.48819248038294,-3.7802762950682673 -38.48819967267493,-3.7803782383159006 -38.48821051020848,-3.7804474178796386 -38.48833712686859,-3.78094626530883 -38.48840957392967,-3.78123496504467 -38.48844210085475,-3.7814170183783986 -38.48846738492799,-3.781584504503048 -38.48849625382087,-3.7818211654076896 -38.48850703589246,-3.7819850024695683 -38.48851510298699,-3.7821373412947894 -38.48851323667402,-3.782277065242966</coordinates>
                </LineString>
            </Placemark>
            <Placemark id="dt_mvw_sv_eixo_svb_l.fid--4079df0f_18eae1488d1_1daa">
                <ExtendedData>
                    <SchemaData schemaUrl="#dt_mvw_sv_eixo_svb_l_1">
                        <SimpleData name="id">560</SimpleData>
                        <SimpleData name="idoriginal">527</SimpleData>
                        <SimpleData name="classifvia">Via Coletora</SimpleData>
                    </SchemaData>
                </ExtendedData>
                <LineString>
                    <coordinates>-38.48293685643562,-3.801181921648523 -38.48304861624547,-3.8013288392514806 -38.48321487745595,-3.8014556337575076 -38.48326075284538,-3.801472937807946 -38.48489296411923,-3.8022113769353774 -38.48497612912755,-3.8022171854044675 -38.485036354354555,-3.8022172214633736 -38.48510805630735,-3.8022086258920953 -38.48515394715891,-3.802200015358806 -38.48520845092332,-3.8021770123194303</coordinates>
                </LineString>
            </Placemark>
            <Placemark id="dt_mvw_sv_eixo_svb_l.fid--4079df0f_18eae1488d1_1dab">
                <ExtendedData>
                    <SchemaData schemaUrl="#dt_mvw_sv_eixo_svb_l_1">
                        <SimpleData name="id">561</SimpleData>
                        <SimpleData name="idoriginal">528</SimpleData>
                        <SimpleData name="classifvia">Via Coletora</SimpleData>
                    </SchemaData>
                </ExtendedData>
                <LineString>
                    <coordinates>-38.524351482462144,-3.8454670951935728 -38.52441263239184,-3.8455592961639185 -38.52606030880499,-3.8476939600860263 -38.52611944449201,-3.8477771163145604 -38.526893670913964,-3.848726175041036 -38.52778114805852,-3.849798567095469</coordinates>
                </LineString>
            </Placemark>
            <Placemark id="dt_mvw_sv_eixo_svb_l.fid--4079df0f_18eae1488d1_1dac">
                <ExtendedData>
                    <SchemaData schemaUrl="#dt_mvw_sv_eixo_svb_l_1">
                        <SimpleData name="id">562</SimpleData>
                        <SimpleData name="idoriginal">529</SimpleData>
                        <SimpleData name="classifvia">Via Coletora</SimpleData>
                    </SchemaData>
                </ExtendedData>
                <LineString>
                    <coordinates>-38.555370619073535,-3.76547398891552 -38.556127102916776,-3.7668227683527555 -38.5561907278545,-3.7669509097493425 -38.556754092661215,-3.7685271011383263</coordinates>
                </LineString>
            </Placemark>
            <Placemark id="dt_mvw_sv_eixo_svb_l.fid--4079df0f_18eae1488d1_1dad">
                <ExtendedData>
                    <SchemaData schemaUrl="#dt_mvw_sv_eixo_svb_l_1">
                        <SimpleData name="id">563</SimpleData>
                        <SimpleData name="idoriginal">530</SimpleData>
                        <SimpleData name="classifvia">Via Coletora</SimpleData>
                    </SchemaData>
                </ExtendedData>
                <LineString>
                    <coordinates>-38.49038495667641,-3.8292624459201603 -38.4904458686923,-3.829290934254515 -38.490526619118036,-3.8293180122634958 -38.49060312193392,-3.829337974487246 -38.49068104881168,-3.829347979010923 -38.49077597910258,-3.8293565715100706 -38.4908609934721,-3.8293608896474343 -38.490923342509774,-3.8293552367102635 -38.49097152279362,-3.8293481521816712 -38.49118974442324,-3.8293283656189225 -38.4912753762883,-3.8293155965080783 -38.49136607391608,-3.8292928886330206 -38.491456778929845,-3.8292588000520618 -38.491544657169115,-3.8292119064283603 -38.49182703221003,-3.829068194030199 -38.491902151775754,-3.829031250825022 -38.49196876368047,-3.8290056832532318 -38.49203253874372,-3.8289843824298235 -38.492104817774496,-3.8289602408658783 -38.493586455200244,-3.8285956816416116</coordinates>
                </LineString>
            </Placemark>
            <Placemark id="dt_mvw_sv_eixo_svb_l.fid--4079df0f_18eae1488d1_1dae">
                <ExtendedData>
                    <SchemaData schemaUrl="#dt_mvw_sv_eixo_svb_l_1">
                        <SimpleData name="id">564</SimpleData>
                        <SimpleData name="idoriginal">531</SimpleData>
                        <SimpleData name="classifvia">Via Coletora</SimpleData>
                    </SchemaData>
                </ExtendedData>
                <LineString>
                    <coordinates>-38.58678974544585,-3.810809362879818 -38.5884637568658,-3.813098279882816</coordinates>
                </LineString>
            </Placemark>
            <Placemark id="dt_mvw_sv_eixo_svb_l.fid--4079df0f_18eae1488d1_1daf">
                <ExtendedData>
                    <SchemaData schemaUrl="#dt_mvw_sv_eixo_svb_l_1">
                        <SimpleData name="id">565</SimpleData>
                        <SimpleData name="idoriginal">532</SimpleData>
                        <SimpleData name="classifvia">Via Coletora</SimpleData>
                    </SchemaData>
                </ExtendedData>
                <LineString>
                    <coordinates>-38.584752990286994,-3.8154464269894146 -38.5848849294542,-3.8154103676911024 -38.58618002700464,-3.815076444638 -38.58627298589523,-3.8150463870774893 -38.58637494100809,-3.815011818137093 -38.58645441203609,-3.814974228193582 -38.586544380569094,-3.8149276123784097 -38.5865638800097,-3.8149050447132176 -38.5866178630139,-3.814871957677118 -38.587188383087295,-3.8144710575616316 -38.587234510541876,-3.814427433165663 -38.58737164119769,-3.814311351593587 -38.5884637568658,-3.813098279882816 -38.59007960303973,-3.8110198553274435 -38.59011666626019,-3.8109640935758344 -38.590151872480575,-3.8109213462893536 -38.59020374893384,-3.810869309645435 -38.59090487374411,-3.8101153326688904 -38.590953048805886,-3.8100595761657723 -38.591014185751355,-3.810005685101092 -38.59111793035355,-3.8099202058169355 -38.59117720609921,-3.8098867662724167 -38.59176163870407,-3.8095068079317183 -38.59194183080174,-3.809180025453291 -38.59212852609143,-3.80904401117803</coordinates>
                </LineString>
            </Placemark>
            <Placemark id="dt_mvw_sv_eixo_svb_l.fid--4079df0f_18eae1488d1_1db0">
                <ExtendedData>
                    <SchemaData schemaUrl="#dt_mvw_sv_eixo_svb_l_1">
                        <SimpleData name="id">566</SimpleData>
                        <SimpleData name="idoriginal">533</SimpleData>
                        <SimpleData name="classifvia">Via Coletora</SimpleData>
                    </SchemaData>
                </ExtendedData>
                <LineString>
                    <coordinates>-38.475880294753104,-3.7753520201910455 -38.47634180949943,-3.775933129215439 -38.47640212611878,-3.776012286887149 -38.47646181055979,-3.7761344659439158 -38.47648950822789,-3.7762116258010585 -38.4765022721939,-3.7762802047350617 -38.476506513584326,-3.776325207654214 -38.476519274984746,-3.7763980722878063 -38.4765149835287,-3.7764366414971446 -38.47650640446666,-3.776507350379572 -38.47643565245849,-3.7770376941870794 -38.47642705668329,-3.7771362601124836 -38.47643125954215,-3.7772455485228673 -38.47644828030272,-3.7773334161795598 -38.476482365492096,-3.777436294108759 -38.4765313882669,-3.7775413234270343 -38.47659109334522,-3.7776292168916235 -38.47664228279342,-3.777680676252788 -38.47707578987674,-3.7781921205816165 -38.47712697501067,-3.7782521513221474 -38.47718669739549,-3.7783100443666044 -38.47783546473278,-3.7789562939238674 -38.47791716166731,-3.7790234562790164 -38.47797689568701,-3.779062063631106 -38.47804303391601,-3.779098531991607 -38.478096377831285,-3.7791157074660777 -38.47816466343605,-3.7791307486036323 -38.4782350872131,-3.779137219621242 -38.48125303633187,-3.779416633990039</coordinates>
                </LineString>
            </Placemark>
            <Placemark id="dt_mvw_sv_eixo_svb_l.fid--4079df0f_18eae1488d1_1db1">
                <ExtendedData>
                    <SchemaData schemaUrl="#dt_mvw_sv_eixo_svb_l_1">
                        <SimpleData name="id">567</SimpleData>
                        <SimpleData name="idoriginal">534</SimpleData>
                        <SimpleData name="classifvia">Via Coletora</SimpleData>
                    </SchemaData>
                </ExtendedData>
                <LineString>
                    <coordinates>-38.46164819051675,-3.736521784260974 -38.45731847476871,-3.7343996343174934</coordinates>
                </LineString>
            </Placemark>
            <Placemark id="dt_mvw_sv_eixo_svb_l.fid--4079df0f_18eae1488d1_1db2">
                <ExtendedData>
                    <SchemaData schemaUrl="#dt_mvw_sv_eixo_svb_l_1">
                        <SimpleData name="id">568</SimpleData>
                        <SimpleData name="idoriginal">535</SimpleData>
                        <SimpleData name="classifvia">Via Coletora</SimpleData>
                    </SchemaData>
                </ExtendedData>
                <LineString>
                    <coordinates>-38.5183916247456,-3.8560905068765687 -38.519829891253465,-3.8600665128109917 -38.519880853922956,-3.860253525793464 -38.519967650282865,-3.860504856283821 -38.520050810167454,-3.860758871218932 -38.520106256489946,-3.8609168582558406 -38.520124486438654,-3.8611940198356196 -38.52011199574308,-3.8614603693879843 -38.52006861567756,-3.8617917419130308 -38.51989561711096,-3.8621880814330636 -38.519672486868835,-3.8625114956684126 -38.519334796255194,-3.8628816008504248 -38.51828269710054,-3.863613716803648</coordinates>
                </LineString>
            </Placemark>
            <Placemark id="dt_mvw_sv_eixo_svb_l.fid--4079df0f_18eae1488d1_1db3">
                <ExtendedData>
                    <SchemaData schemaUrl="#dt_mvw_sv_eixo_svb_l_1">
                        <SimpleData name="id">569</SimpleData>
                        <SimpleData name="idoriginal">536</SimpleData>
                        <SimpleData name="classifvia">Via Coletora</SimpleData>
                    </SchemaData>
                </ExtendedData>
                <LineString>
                    <coordinates>-38.54184986149052,-3.758796170350118 -38.54190123641193,-3.7587739720081204 -38.54235834024532,-3.7585513400191704</coordinates>
                </LineString>
            </Placemark>
            <Placemark id="dt_mvw_sv_eixo_svb_l.fid--4079df0f_18eae1488d1_1db4">
                <ExtendedData>
                    <SchemaData schemaUrl="#dt_mvw_sv_eixo_svb_l_1">
                        <SimpleData name="id">570</SimpleData>
                        <SimpleData name="idoriginal">537</SimpleData>
                        <SimpleData name="classifvia">Via Coletora</SimpleData>
                    </SchemaData>
                </ExtendedData>
                <LineString>
                    <coordinates>-38.491958079961925,-3.8132864697274367 -38.48424767740891,-3.8152621569650775</coordinates>
                </LineString>
            </Placemark>
            <Placemark id="dt_mvw_sv_eixo_svb_l.fid--4079df0f_18eae1488d1_1db5">
                <ExtendedData>
                    <SchemaData schemaUrl="#dt_mvw_sv_eixo_svb_l_1">
                        <SimpleData name="id">571</SimpleData>
                        <SimpleData name="idoriginal">538</SimpleData>
                        <SimpleData name="classifvia">Via Coletora</SimpleData>
                    </SchemaData>
                </ExtendedData>
                <LineString>
                    <coordinates>-38.49172351538267,-3.858064114318706 -38.491772088646286,-3.85786792547862 -38.491781808198155,-3.857820903774108 -38.49196507607828,-3.8567135172596987 -38.4919828859087,-3.8566421758935587 -38.49201360295785,-3.8565951667592966 -38.49204269561071,-3.8565627513514977 -38.49207825074943,-3.856528718343744 -38.492120259016396,-3.8565076624306704 -38.49215418756562,-3.8564930880466073 -38.492180033779476,-3.8564882386224926 -38.49220587999313,-3.8564833891975683</coordinates>
                </LineString>
            </Placemark>
            <Placemark id="dt_mvw_sv_eixo_svb_l.fid--4079df0f_18eae1488d1_1db6">
                <ExtendedData>
                    <SchemaData schemaUrl="#dt_mvw_sv_eixo_svb_l_1">
                        <SimpleData name="id">572</SimpleData>
                        <SimpleData name="idoriginal">539</SimpleData>
                        <SimpleData name="classifvia">Via Coletora</SimpleData>
                    </SchemaData>
                </ExtendedData>
                <LineString>
                    <coordinates>-38.55567059881698,-3.7886160103877025 -38.5595278497709,-3.7946636525729147 -38.56083193724206,-3.796451444140126 -38.562277849464365,-3.79802728706817</coordinates>
                </LineString>
            </Placemark>
            <Placemark id="dt_mvw_sv_eixo_svb_l.fid--4079df0f_18eae1488d1_1db7">
                <ExtendedData>
                    <SchemaData schemaUrl="#dt_mvw_sv_eixo_svb_l_1">
                        <SimpleData name="id">573</SimpleData>
                        <SimpleData name="idoriginal">540</SimpleData>
                        <SimpleData name="classifvia">Via Coletora</SimpleData>
                    </SchemaData>
                </ExtendedData>
                <LineString>
                    <coordinates>-38.590785737984504,-3.8170675343530305 -38.59044511476083,-3.8150652980535202 -38.59043955778412,-3.814999839810104 -38.590448902719544,-3.8149325181596674 -38.590465692303646,-3.814878291281638 -38.59048061259419,-3.814839025252692 -38.590510435678155,-3.814796025289284 -38.59054211632734,-3.814764247888682 -38.59076037675914,-3.8145392570619663 -38.5907976444715,-3.814509352349381 -38.590831183768934,-3.8144850559544525 -38.59089079959122,-3.814464512559998 -38.59093550508893,-3.8144607938241415 -38.59098207148581,-3.8144626860725848 -38.59102118017621,-3.8144776659787207 -38.59223644417401,-3.814914183538832 -38.59230162790945,-3.8149347863858916 -38.59239661505336,-3.814955403399033 -38.592497198103054,-3.8149591912824588 -38.59258288209432,-3.8149573619737085 -38.592673057869305,-3.814940627304962 -38.59274384963482,-3.814920089090467 -38.59280532942641,-3.8148958058868288 -38.59287612667517,-3.8148621769361766 -38.59294506699109,-3.814817325417022 -38.59299910383979,-3.8147762073766676 -38.59302892064619,-3.814746299022866 -38.59574219476899,-3.812118732527669</coordinates>
                </LineString>
            </Placemark>
            <Placemark id="dt_mvw_sv_eixo_svb_l.fid--4079df0f_18eae1488d1_1db8">
                <ExtendedData>
                    <SchemaData schemaUrl="#dt_mvw_sv_eixo_svb_l_1">
                        <SimpleData name="id">574</SimpleData>
                        <SimpleData name="idoriginal">541</SimpleData>
                        <SimpleData name="classifvia">Via Coletora</SimpleData>
                    </SchemaData>
                </ExtendedData>
                <LineString>
                    <coordinates>-38.58775567756413,-3.819972319955446 -38.590785737984504,-3.8170675343530305</coordinates>
                </LineString>
            </Placemark>
            <Placemark id="dt_mvw_sv_eixo_svb_l.fid--4079df0f_18eae1488d1_1db9">
                <ExtendedData>
                    <SchemaData schemaUrl="#dt_mvw_sv_eixo_svb_l_1">
                        <SimpleData name="id">575</SimpleData>
                        <SimpleData name="idoriginal">543</SimpleData>
                        <SimpleData name="classifvia">Via Coletora</SimpleData>
                    </SchemaData>
                </ExtendedData>
                <LineString>
                    <coordinates>-38.475854045591355,-3.775211745457032 -38.47781270517998,-3.775270531415745 -38.47786666829786,-3.775275982157109 -38.47793861651661,-3.7752868629341503 -38.47799977133064,-3.7752995431079186 -38.478066316245666,-3.775321257538258 -38.47813825651941,-3.775346587520967 -38.47823178603958,-3.7753665117963324 -38.478296544328856,-3.775368357201145 -38.4783702967211,-3.775372013924103 -38.47953296946105,-3.7754252508372184 -38.47960581982245,-3.775430793226407 -38.47966878071111,-3.775430831049506 -38.47971555175357,-3.7754308591437566 -38.47978750647906,-3.7754309023603194 -38.480019560780136,-3.7754328480936468</coordinates>
                </LineString>
            </Placemark>
            <Placemark id="dt_mvw_sv_eixo_svb_l.fid--4079df0f_18eae1488d1_1dba">
                <ExtendedData>
                    <SchemaData schemaUrl="#dt_mvw_sv_eixo_svb_l_1">
                        <SimpleData name="id">576</SimpleData>
                        <SimpleData name="idoriginal">544</SimpleData>
                        <SimpleData name="classifvia">Via Coletora</SimpleData>
                    </SchemaData>
                </ExtendedData>
                <LineString>
                    <coordinates>-38.48000338597629,-3.7754075512440024 -38.48158021352142,-3.7753904417626942</coordinates>
                </LineString>
            </Placemark>
            <Placemark id="dt_mvw_sv_eixo_svb_l.fid--4079df0f_18eae1488d1_1dbb">
                <ExtendedData>
                    <SchemaData schemaUrl="#dt_mvw_sv_eixo_svb_l_1">
                        <SimpleData name="id">577</SimpleData>
                        <SimpleData name="idoriginal">545</SimpleData>
                        <SimpleData name="classifvia">Via Coletora</SimpleData>
                    </SchemaData>
                </ExtendedData>
                <LineString>
                    <coordinates>-38.48947342289012,-3.8640250454807625 -38.4900733625833,-3.8662400682431555 -38.49008737119285,-3.8662948985933436 -38.49009826081046,-3.8663481603991543 -38.490110707249336,-3.866406122643034 -38.49011848000871,-3.8664531178858925 -38.490129365885636,-3.8665126453601837 -38.49027181969446,-3.867525595996198 -38.49028424935447,-3.8676082928801407 -38.490289209946155,-3.8676609162578313 -38.49029417652622,-3.8677035166376306 -38.49038745796109,-3.869287358026571 -38.490396170708,-3.8693886518752323 -38.490411469318836,-3.8694789396353397 -38.490429082488866,-3.869561302238903 -38.49045534375466,-3.8696582021498216 -38.49152057818933,-3.873348426338027 -38.49176816797567,-3.873509777567348 -38.49182670479034,-3.873742766336564 -38.49398229792507,-3.881404250051925 -38.49399956522655,-3.8814744663368708 -38.494439363118296,-3.883199574977908 -38.494457475237766,-3.883295350206132 -38.494645606149334,-3.884110731589306</coordinates>
                </LineString>
            </Placemark>
            <Placemark id="dt_mvw_sv_eixo_svb_l.fid--4079df0f_18eae1488d1_1dbc">
                <ExtendedData>
                    <SchemaData schemaUrl="#dt_mvw_sv_eixo_svb_l_1">
                        <SimpleData name="id">578</SimpleData>
                        <SimpleData name="idoriginal">642</SimpleData>
                        <SimpleData name="classifvia">Via Coletora</SimpleData>
                    </SchemaData>
                </ExtendedData>
                <LineString>
                    <coordinates>-38.479289459007035,-3.8019858409583733 -38.47528545156177,-3.801634125991417 -38.47088111853143,-3.8012459500452436 -38.46681351535046,-3.800911486397531</coordinates>
                </LineString>
            </Placemark>
            <Placemark id="dt_mvw_sv_eixo_svb_l.fid--4079df0f_18eae1488d1_1dbd">
                <ExtendedData>
                    <SchemaData schemaUrl="#dt_mvw_sv_eixo_svb_l_1">
                        <SimpleData name="id">579</SimpleData>
                        <SimpleData name="idoriginal">546</SimpleData>
                        <SimpleData name="classifvia">Via Coletora</SimpleData>
                    </SchemaData>
                </ExtendedData>
                <LineString>
                    <coordinates>-38.47811134557236,-3.7661004389210118 -38.47824637461953,-3.7644314875259455 -38.478257365051256,-3.764351836407392 -38.47827655389799,-3.7642859246756206 -38.47829026305835,-3.7642337436229023 -38.47849606515239,-3.763298243482274 -38.47850979061162,-3.763218594487967 -38.47852077935581,-3.7631416904476875 -38.47853451134227,-3.763051053588179 -38.47854275875595,-3.7629823881860913 -38.4785428144267,-3.7628581875767844 -38.478545595907676,-3.7627812786101513 -38.478496406685906,-3.7626933510858533 -38.478447194604925,-3.7626438788636114 -38.47843954885836,-3.7626405536690593</coordinates>
                </LineString>
            </Placemark>
            <Placemark id="dt_mvw_sv_eixo_svb_l.fid--4079df0f_18eae1488d1_1dbe">
                <ExtendedData>
                    <SchemaData schemaUrl="#dt_mvw_sv_eixo_svb_l_1">
                        <SimpleData name="id">607</SimpleData>
                        <SimpleData name="idoriginal">576</SimpleData>
                        <SimpleData name="classifvia">Via Coletora</SimpleData>
                    </SchemaData>
                </ExtendedData>
                <LineString>
                    <coordinates>-38.57629873601081,-3.8010322863331565 -38.57522362887594,-3.8010793766097946</coordinates>
                </LineString>
            </Placemark>
            <Placemark id="dt_mvw_sv_eixo_svb_l.fid--4079df0f_18eae1488d1_1dbf">
                <ExtendedData>
                    <SchemaData schemaUrl="#dt_mvw_sv_eixo_svb_l_1">
                        <SimpleData name="id">608</SimpleData>
                        <SimpleData name="idoriginal">577</SimpleData>
                        <SimpleData name="classifvia">Via Coletora</SimpleData>
                    </SchemaData>
                </ExtendedData>
                <LineString>
                    <coordinates>-38.568184539959496,-3.8247983747069743 -38.56476154751464,-3.8272158936274305 -38.564691229744575,-3.8272553821250748 -38.56459841635945,-3.8272976822846223 -38.56449998560513,-3.8273258634269656 -38.564407185711985,-3.827339932271047 -38.56432844838607,-3.827348361521298 -38.564252527585495,-3.8273483228106433 -38.56416536426812,-3.8273369858398407 -38.56409788230535,-3.827331304666573 -38.564055703916814,-3.827331283150114 -38.563985408954366,-3.827325601026315 -38.563931981669704,-3.8273283968939107 -38.56384762346688,-3.8273311769715854 -38.56377451130485,-3.8273367864048913 -38.5637098251225,-3.8273621615484426 -38.56018201604011,-3.8286016875065396</coordinates>
                </LineString>
            </Placemark>
            <Placemark id="dt_mvw_sv_eixo_svb_l.fid--4079df0f_18eae1488d1_1dc0">
                <ExtendedData>
                    <SchemaData schemaUrl="#dt_mvw_sv_eixo_svb_l_1">
                        <SimpleData name="id">580</SimpleData>
                        <SimpleData name="idoriginal">547</SimpleData>
                        <SimpleData name="classifvia">Via Coletora</SimpleData>
                    </SchemaData>
                </ExtendedData>
                <LineString>
                    <coordinates>-38.47588677453065,-3.775360315702289 -38.47545025936846,-3.7748163983365273 -38.47539202827557,-3.774734189180748 -38.47535362300139,-3.77467564835926 -38.47531771184572,-3.7745934527163834 -38.475285520906624,-3.774511259325838 -38.47514721258383,-3.7740860255657895 -38.47512189454685,-3.77397229045145 -38.475102905765,-3.77387900472785 -38.47509357563057,-3.773809993841442 -38.47504681885467,-3.7736405897062886 -38.475012510870705,-3.773549608195654 -38.47498132275339,-3.7734649011497874 -38.47495578405397,-3.773400240564597 -38.474924595945765,-3.7733155335179154 -38.474731185037975,-3.7728668842845994 -38.4746968789916,-3.7727727659890244 -38.47466245917086,-3.772687713976822 -38.47464090021242,-3.7726148750055275 -38.47462089596888,-3.7725234430752743 -38.47461476132585,-3.772461460349979 -38.47461172619204,-3.772376236505348 -38.47461488137508,-3.772261576607306 -38.4747236419268,-3.7713132998324332 -38.47472714597042,-3.77125064231038 -38.47473067299856,-3.771149692769261 -38.47473765591268,-3.771072714197625 -38.474737692479266,-3.771011794692241 -38.47473257498598,-3.770874288993335 -38.474713691419744,-3.770759994774594 -38.47469185608969,-3.770706659725436 -38.47465754068649,-3.770628223855432 -38.47463258739495,-3.7705654770673607 -38.47434232142283,-3.7699116313846743 -38.47429863765516,-3.769826917255767 -38.47426119304871,-3.76975788933119 -38.47422686452454,-3.769701409924299 -38.47419253223656,-3.7696512035826317 -38.474155077550705,-3.7695978590599943 -38.47325197604466,-3.7683089221759136 -38.473211409181665,-3.768236756042066 -38.47318021193091,-3.768167732375241 -38.47315839817164,-3.7680798947082965 -38.47315532106403,-3.768001478263119 -38.473152235195435,-3.767938744234747 -38.47316165951609,-3.767850925529971 -38.47319294542987,-3.767772529941898 -38.47320858932768,-3.7677317637574452 -38.47323360471191,-3.767691003259996 -38.47327424633587,-3.7676377061088338 -38.47332113839671,-3.767581275967144 -38.47336802290803,-3.767537391953021 -38.47341489919848,-3.7675060545596915 -38.473468019596744,-3.7674809940188614 -38.47350864113148,-3.7674621989613617 -38.475990229505534,-3.7663350046810664 -38.476149548537094,-3.7662711285164687 -38.47626719789197,-3.7662269111233173 -38.47646817104278,-3.7661704414938724 -38.47662012091291,-3.766136086203923 -38.4767255028634,-3.7661164662711246 -38.47684558402042,-3.766104236164571 -38.47695096155982,-3.7660919971842506 -38.47706368683773,-3.7660871440929107 -38.47719356171672,-3.766087222297162 -38.47725727549201,-3.766084800162889 -38.47732833927187,-3.76608484294053 -38.47738959691174,-3.766092261288135</coordinates>
                </LineString>
            </Placemark>
            <Placemark id="dt_mvw_sv_eixo_svb_l.fid--4079df0f_18eae1488d1_1dc1">
                <ExtendedData>
                    <SchemaData schemaUrl="#dt_mvw_sv_eixo_svb_l_1">
                        <SimpleData name="id">581</SimpleData>
                        <SimpleData name="idoriginal">548</SimpleData>
                        <SimpleData name="classifvia">Via Coletora</SimpleData>
                    </SchemaData>
                </ExtendedData>
                <LineString>
                    <coordinates>-38.479958320181915,-3.775808685668499 -38.481556556121646,-3.7758061982416877</coordinates>
                </LineString>
            </Placemark>
            <Placemark id="dt_mvw_sv_eixo_svb_l.fid--4079df0f_18eae1488d1_1dc2">
                <ExtendedData>
                    <SchemaData schemaUrl="#dt_mvw_sv_eixo_svb_l_1">
                        <SimpleData name="id">582</SimpleData>
                        <SimpleData name="idoriginal">549</SimpleData>
                        <SimpleData name="classifvia">Via Coletora</SimpleData>
                    </SchemaData>
                </ExtendedData>
                <LineString>
                    <coordinates>-38.47995471117565,-3.7754927666605003 -38.479923910722654,-3.7758612114291776</coordinates>
                </LineString>
            </Placemark>
            <Placemark id="dt_mvw_sv_eixo_svb_l.fid--4079df0f_18eae1488d1_1dc3">
                <ExtendedData>
                    <SchemaData schemaUrl="#dt_mvw_sv_eixo_svb_l_1">
                        <SimpleData name="id">583</SimpleData>
                        <SimpleData name="idoriginal">550</SimpleData>
                        <SimpleData name="classifvia">Via Coletora</SimpleData>
                    </SchemaData>
                </ExtendedData>
                <LineString>
                    <coordinates>-38.519301109681614,-3.7997349538001104 -38.52843146349671,-3.797810800826986 -38.52859033847705,-3.797793607518252 -38.52870286057412,-3.797808291087592 -38.52880213572225,-3.7978375883869617 -38.528894783774106,-3.797881503536325 -38.5289675714696,-3.797929396029507 -38.529046967543906,-3.797997230253324 -38.52911108322804,-3.79807449760675</coordinates>
                </LineString>
            </Placemark>
            <Placemark id="dt_mvw_sv_eixo_svb_l.fid--4079df0f_18eae1488d1_1dc4">
                <ExtendedData>
                    <SchemaData schemaUrl="#dt_mvw_sv_eixo_svb_l_1">
                        <SimpleData name="id">584</SimpleData>
                        <SimpleData name="idoriginal">551</SimpleData>
                        <SimpleData name="classifvia">Via Coletora</SimpleData>
                    </SchemaData>
                </ExtendedData>
                <LineString>
                    <coordinates>-38.48856914406188,-3.782245595273569 -38.48852523819768,-3.782344626954209 -38.48850047085952,-3.782520714847807 -38.48847019663084,-3.782740824499563 -38.48846462844019,-3.7828894079256914 -38.48846179754898,-3.783043495543201 -38.48846722536288,-3.7831343018052914 -38.488475387254404,-3.783236115816568 -38.48857081682568,-3.7840047329249837</coordinates>
                </LineString>
            </Placemark>
            <Placemark id="dt_mvw_sv_eixo_svb_l.fid--4079df0f_18eae1488d1_1dc5">
                <ExtendedData>
                    <SchemaData schemaUrl="#dt_mvw_sv_eixo_svb_l_1">
                        <SimpleData name="id">585</SimpleData>
                        <SimpleData name="idoriginal">552</SimpleData>
                        <SimpleData name="classifvia">Via Coletora</SimpleData>
                    </SchemaData>
                </ExtendedData>
                <LineString>
                    <coordinates>-38.52792529755701,-3.84995565765213 -38.52795418059553,-3.8499947872713616 -38.529572716853004,-3.8519716685887686 -38.5296754970906,-3.8521088711703957 -38.5297373058674,-3.8521946063272807 -38.52981764991891,-3.852321339808177 -38.52989428012579,-3.852451796518217 -38.52994644130571,-3.852557894566331 -38.52997733549282,-3.852620013825289 -38.531801957762454,-3.856553188547918 -38.53185354374567,-3.8566688929435027 -38.53191306071712,-3.8568125231483563 -38.531956690236974,-3.8569481671708465 -38.53200427762121,-3.85711173530351 -38.53204392681815,-3.857259343737923 -38.532983128460124,-3.8612633109599668</coordinates>
                </LineString>
            </Placemark>
            <Placemark id="dt_mvw_sv_eixo_svb_l.fid--4079df0f_18eae1488d1_1dc6">
                <ExtendedData>
                    <SchemaData schemaUrl="#dt_mvw_sv_eixo_svb_l_1">
                        <SimpleData name="id">586</SimpleData>
                        <SimpleData name="idoriginal">553</SimpleData>
                        <SimpleData name="classifvia">Via Coletora</SimpleData>
                    </SchemaData>
                </ExtendedData>
                <LineString>
                    <coordinates>-38.54008025596215,-3.8358768548866204 -38.536542324144776,-3.836041345727431 -38.5363207064911,-3.8360585060249632 -38.536101227027615,-3.836101589109491 -38.535868828562094,-3.836161946387356 -38.53570527703041,-3.83622666129165 -38.5355438781421,-3.836289217235324 -38.53539537723011,-3.836373381163114 -38.5352334411844,-3.8364666176498687 -38.53513012636299,-3.8365421657623147 -38.535013894354876,-3.8366328279986237 -38.52838128878582,-3.8421005890875146</coordinates>
                </LineString>
            </Placemark>
            <Placemark id="dt_mvw_sv_eixo_svb_l.fid--4079df0f_18eae1488d1_1dc7">
                <ExtendedData>
                    <SchemaData schemaUrl="#dt_mvw_sv_eixo_svb_l_1">
                        <SimpleData name="id">587</SimpleData>
                        <SimpleData name="idoriginal">554</SimpleData>
                        <SimpleData name="classifvia">Via Coletora</SimpleData>
                    </SchemaData>
                </ExtendedData>
                <LineString>
                    <coordinates>-38.476414161330524,-3.7774591818710714 -38.47626923102129,-3.777439689966944 -38.476005119220375,-3.7774330622372787 -38.47585374123451,-3.7774232687292417 -38.47567981575185,-3.777416695004466 -38.475512347013755,-3.7773842534968276 -38.47541252155102,-3.7773453850328984 -38.475364221403325,-3.777322717570197 -38.47457207038607,-3.7769956011125263 -38.47447224696742,-3.7769534985961264 -38.474382072413924,-3.776934039625423 -38.47428223539296,-3.7769145747792923 -38.47417778615853,-3.7769015207740266 -38.47409726308682,-3.7769014718704073 -38.474000629830435,-3.776911115536306 -38.47391687575104,-3.7769272344364877 -38.47380735095679,-3.77694980607391 -38.4737139305039,-3.7769723874854417 -38.47259603841039,-3.7773565554441864 -38.47239801510963,-3.7773984732569135 -38.472256288684186,-3.7774080887427948 -38.4721500000474,-3.777404789989273 -38.47201795368946,-3.7773853052430804 -38.47190201431614,-3.7773625963470456 -38.47178286540962,-3.777320481744766 -38.4717184688621,-3.777284867955885 -38.468176633660946,-3.77564628936126</coordinates>
                </LineString>
            </Placemark>
            <Placemark id="dt_mvw_sv_eixo_svb_l.fid--4079df0f_18eae1488d1_1dc8">
                <ExtendedData>
                    <SchemaData schemaUrl="#dt_mvw_sv_eixo_svb_l_1">
                        <SimpleData name="id">588</SimpleData>
                        <SimpleData name="idoriginal">555</SimpleData>
                        <SimpleData name="classifvia">Via Coletora</SimpleData>
                    </SchemaData>
                </ExtendedData>
                <LineString>
                    <coordinates>-38.55112152222978,-3.797429018068658 -38.551186156403475,-3.797386548631868 -38.5542124174976,-3.795541888885401</coordinates>
                </LineString>
            </Placemark>
            <Placemark id="dt_mvw_sv_eixo_svb_l.fid--4079df0f_18eae1488d1_1dc9">
                <ExtendedData>
                    <SchemaData schemaUrl="#dt_mvw_sv_eixo_svb_l_1">
                        <SimpleData name="id">589</SimpleData>
                        <SimpleData name="idoriginal">556</SimpleData>
                        <SimpleData name="classifvia">Via Coletora</SimpleData>
                    </SchemaData>
                </ExtendedData>
                <LineString>
                    <coordinates>-38.488467555011326,-3.7822620601614396 -38.48846476931051,-3.782339102914243 -38.488426308991976,-3.78249867301208 -38.488382414391594,-3.782578443464481 -38.488313812106604,-3.78273249264944 -38.4882891237944,-3.782773752015523 -38.488217776100186,-3.7829360536677448 -38.48815468064786,-3.7830460805812565 -38.488042223979676,-3.7832111098952295 -38.4879571952058,-3.783337632993005 -38.48784182659425,-3.7834676251198154 -38.487737626961625,-3.783572124074937 -38.487649884378065,-3.7836518684838807 -38.487537465390325,-3.7837536110035566 -38.486895520885255,-3.7842850956804144</coordinates>
                </LineString>
            </Placemark>
            <Placemark id="dt_mvw_sv_eixo_svb_l.fid--4079df0f_18eae1488d1_1dca">
                <ExtendedData>
                    <SchemaData schemaUrl="#dt_mvw_sv_eixo_svb_l_1">
                        <SimpleData name="id">590</SimpleData>
                        <SimpleData name="idoriginal">557</SimpleData>
                        <SimpleData name="classifvia">Via Coletora</SimpleData>
                    </SchemaData>
                </ExtendedData>
                <LineString>
                    <coordinates>-38.60418404440888,-3.7850810538558224 -38.60417250266362,-3.784873669156459 -38.6041638430292,-3.784724703068676 -38.60413772489915,-3.7845844910834625 -38.60411451343688,-3.7844501221586655 -38.602224380653,-3.7775800263401464 -38.60146447817533,-3.7748366258407393 -38.60132926902704,-3.774314826532354</coordinates>
                </LineString>
            </Placemark>
            <Placemark id="dt_mvw_sv_eixo_svb_l.fid--4079df0f_18eae1488d1_1dcb">
                <ExtendedData>
                    <SchemaData schemaUrl="#dt_mvw_sv_eixo_svb_l_1">
                        <SimpleData name="id">591</SimpleData>
                        <SimpleData name="idoriginal">558</SimpleData>
                        <SimpleData name="classifvia">Via Coletora</SimpleData>
                    </SchemaData>
                </ExtendedData>
                <LineString>
                    <coordinates>-38.58208875846528,-3.783270212199323 -38.582483886772835,-3.7831544745681907 -38.58532764659829,-3.7823595072961713 -38.587002522255915,-3.7818744958046033 -38.588428803674596,-3.7814724992923257 -38.590235156364464,-3.7809656932473175 -38.59321848115647,-3.7801175302351875 -38.59607521494716,-3.779314763176104 -38.602224380653,-3.7775800263401464</coordinates>
                </LineString>
            </Placemark>
            <Placemark id="dt_mvw_sv_eixo_svb_l.fid--4079df0f_18eae1488d1_1dcc">
                <ExtendedData>
                    <SchemaData schemaUrl="#dt_mvw_sv_eixo_svb_l_1">
                        <SimpleData name="id">592</SimpleData>
                        <SimpleData name="idoriginal">559</SimpleData>
                        <SimpleData name="classifvia">Via Coletora</SimpleData>
                    </SchemaData>
                </ExtendedData>
                <LineString>
                    <coordinates>-38.46269665681978,-3.7880028659660905 -38.462586962853734,-3.7892876113182465 -38.46214216932979,-3.794308786957053 -38.4621137784162,-3.7943569588237835 -38.46212028129085,-3.794424866543401 -38.461910838952285,-3.7979623077448394</coordinates>
                </LineString>
            </Placemark>
            <Placemark id="dt_mvw_sv_eixo_svb_l.fid--4079df0f_18eae1488d1_1dcd">
                <ExtendedData>
                    <SchemaData schemaUrl="#dt_mvw_sv_eixo_svb_l_1">
                        <SimpleData name="id">593</SimpleData>
                        <SimpleData name="idoriginal">560</SimpleData>
                        <SimpleData name="classifvia">Via Coletora</SimpleData>
                    </SchemaData>
                </ExtendedData>
                <LineString>
                    <coordinates>-38.48692475144675,-3.7900294455843886 -38.48568009911062,-3.7898865294579562 -38.480593369012006,-3.789447474551021 -38.48030840053984,-3.7894311070556297 -38.47621290065369,-3.789076902422076 -38.4711820216149,-3.788651445437995 -38.46431671331473,-3.7880769737546167 -38.45925931697501,-3.7876155905793047</coordinates>
                </LineString>
            </Placemark>
            <Placemark id="dt_mvw_sv_eixo_svb_l.fid--4079df0f_18eae1488d1_1dce">
                <ExtendedData>
                    <SchemaData schemaUrl="#dt_mvw_sv_eixo_svb_l_1">
                        <SimpleData name="id">594</SimpleData>
                        <SimpleData name="idoriginal">561</SimpleData>
                        <SimpleData name="classifvia">Via Coletora</SimpleData>
                    </SchemaData>
                </ExtendedData>
                <LineString>
                    <coordinates>-38.556766905011564,-3.7435789841183054 -38.563776158977646,-3.745077961573913</coordinates>
                </LineString>
            </Placemark>
            <Placemark id="dt_mvw_sv_eixo_svb_l.fid--4079df0f_18eae1488d1_1dcf">
                <ExtendedData>
                    <SchemaData schemaUrl="#dt_mvw_sv_eixo_svb_l_1">
                        <SimpleData name="id">595</SimpleData>
                        <SimpleData name="idoriginal">562</SimpleData>
                        <SimpleData name="classifvia">Via Coletora</SimpleData>
                    </SchemaData>
                </ExtendedData>
                <LineString>
                    <coordinates>-38.551323405996655,-3.761116501937442 -38.551073486168086,-3.7613063463358674 -38.55054975871661,-3.761702623152979 -38.550514846595775,-3.761722893661279 -38.55020922233946,-3.7619356702344353 -38.54981413586344,-3.762221348486617 -38.54910434685395,-3.7627511507765643 -38.54778151421791,-3.7637310573331755 -38.54617291253108,-3.765329010538299</coordinates>
                </LineString>
            </Placemark>
            <Placemark id="dt_mvw_sv_eixo_svb_l.fid--4079df0f_18eae1488d1_1dd0">
                <ExtendedData>
                    <SchemaData schemaUrl="#dt_mvw_sv_eixo_svb_l_1">
                        <SimpleData name="id">626</SimpleData>
                        <SimpleData name="idoriginal">595</SimpleData>
                        <SimpleData name="classifvia">Via Coletora</SimpleData>
                    </SchemaData>
                </ExtendedData>
                <LineString>
                    <coordinates>-38.59151930814956,-3.726788443843522 -38.591462669428495,-3.726940501263548 -38.58867108638311,-3.7332241508999573</coordinates>
                </LineString>
            </Placemark>
            <Placemark id="dt_mvw_sv_eixo_svb_l.fid--4079df0f_18eae1488d1_1dd1">
                <ExtendedData>
                    <SchemaData schemaUrl="#dt_mvw_sv_eixo_svb_l_1">
                        <SimpleData name="id">627</SimpleData>
                        <SimpleData name="idoriginal">596</SimpleData>
                        <SimpleData name="classifvia">Via Coletora</SimpleData>
                    </SchemaData>
                </ExtendedData>
                <LineString>
                    <coordinates>-38.46210247560827,-3.7942816961818426 -38.45880377534702,-3.794012461819187</coordinates>
                </LineString>
            </Placemark>
            <Placemark id="dt_mvw_sv_eixo_svb_l.fid--4079df0f_18eae1488d1_1dd2">
                <ExtendedData>
                    <SchemaData schemaUrl="#dt_mvw_sv_eixo_svb_l_1">
                        <SimpleData name="id">596</SimpleData>
                        <SimpleData name="idoriginal">563</SimpleData>
                        <SimpleData name="classifvia">Via Coletora</SimpleData>
                    </SchemaData>
                </ExtendedData>
                <LineString>
                    <coordinates>-38.5803017579964,-3.8166113938645165 -38.58084352532231,-3.8174572073785833 -38.580876584050344,-3.817524769135897 -38.58092057717972,-3.817610450803931 -38.58094256068411,-3.817679542257522 -38.58095354172406,-3.81773757519991 -38.58132476430396,-3.8195442031705653 -38.5813489042678,-3.8196364856884113 -38.581387549161946,-3.8197409166225307 -38.581431033354214,-3.8198404939834174 -38.58147211118795,-3.8199157875166967 -38.581515609513104,-3.819986226293693 -38.582976789030226,-3.8222741342972255 -38.58304251403175,-3.822371278196082 -38.583139185070486,-3.8224800901394778 -38.583201062115144,-3.822534502951362 -38.58330547673106,-3.8226316656812833 -38.58416406629659,-3.8232885581697036</coordinates>
                </LineString>
            </Placemark>
            <Placemark id="dt_mvw_sv_eixo_svb_l.fid--4079df0f_18eae1488d1_1dd3">
                <ExtendedData>
                    <SchemaData schemaUrl="#dt_mvw_sv_eixo_svb_l_1">
                        <SimpleData name="id">597</SimpleData>
                        <SimpleData name="idoriginal">564</SimpleData>
                        <SimpleData name="classifvia">Via Coletora</SimpleData>
                    </SchemaData>
                </ExtendedData>
                <LineString>
                    <coordinates>-38.6079877254461,-3.758794374715744 -38.6078630690881,-3.758723643014691 -38.60776856228195,-3.758691291800563 -38.60768007987627,-3.7586771171967617 -38.60760164333202,-3.758685158731631 -38.60751716817333,-3.758705313635042 -38.60744676979787,-3.7587274939845283 -38.6052667440216,-3.759595688216849 -38.605164163003174,-3.7596279502626517 -38.60506157902785,-3.7596682896915046 -38.60492882834772,-3.759708614912685 -38.6047699383223,-3.759736813126343 -38.60369700803101,-3.759950542175329</coordinates>
                </LineString>
            </Placemark>
            <Placemark id="dt_mvw_sv_eixo_svb_l.fid--4079df0f_18eae1488d1_1dd4">
                <ExtendedData>
                    <SchemaData schemaUrl="#dt_mvw_sv_eixo_svb_l_1">
                        <SimpleData name="id">598</SimpleData>
                        <SimpleData name="idoriginal">565</SimpleData>
                        <SimpleData name="classifvia">Via Coletora</SimpleData>
                    </SchemaData>
                </ExtendedData>
                <LineString>
                    <coordinates>-38.53429220447037,-3.814493844345973 -38.53419934155218,-3.814593826484674 -38.53405323443821,-3.814722556394224 -38.53391943112896,-3.814812924004347 -38.53170896669732,-3.816261172693157</coordinates>
                </LineString>
            </Placemark>
            <Placemark id="dt_mvw_sv_eixo_svb_l.fid--4079df0f_18eae1488d1_1dd5">
                <ExtendedData>
                    <SchemaData schemaUrl="#dt_mvw_sv_eixo_svb_l_1">
                        <SimpleData name="id">599</SimpleData>
                        <SimpleData name="idoriginal">566</SimpleData>
                        <SimpleData name="classifvia">Via Coletora</SimpleData>
                    </SchemaData>
                </ExtendedData>
                <LineString>
                    <coordinates>-38.51516972734125,-3.8405391570812926 -38.515108764819814,-3.8404778821342935 -38.515059025054526,-3.840439176069691 -38.51499965033303,-3.8404085223787456 -38.51494348029524,-3.84038753946628 -38.514868044310646,-3.8403729923449443 -38.51477173094029,-3.840376160620557 -38.51470751571134,-3.8403890166114527 -38.51466737691953,-3.840405109941978</coordinates>
                </LineString>
            </Placemark>
            <Placemark id="dt_mvw_sv_eixo_svb_l.fid--4079df0f_18eae1488d1_1dd6">
                <ExtendedData>
                    <SchemaData schemaUrl="#dt_mvw_sv_eixo_svb_l_1">
                        <SimpleData name="id">600</SimpleData>
                        <SimpleData name="idoriginal">567</SimpleData>
                        <SimpleData name="classifvia">Via Coletora</SimpleData>
                    </SchemaData>
                </ExtendedData>
                <LineString>
                    <coordinates>-38.54068200359154,-3.7807547352419064 -38.5407354604734,-3.78108142964863 -38.5411194409971,-3.7833671970808895 -38.54115720846749,-3.783503541613153 -38.541223889187414,-3.7836823634429453 -38.54129761844488,-3.783808616343121 -38.541351010615756,-3.7838622804117725 -38.54141551820142,-3.783940533585092 -38.541488912974884,-3.784050079146215 -38.5415623101154,-3.7841551553885817 -38.54161567696947,-3.7842557511934327 -38.541677918099516,-3.7844122220964818 -38.54172466277497,-3.7845831715778475 -38.54174461674108,-3.7847329155849043 -38.541762322313964,-3.7849251203524346 -38.54179071505433,-3.7858929252834974 -38.541803167935505,-3.785990861206117 -38.541825628815275,-3.786081270209683 -38.54185305407629,-3.7862419897071957 -38.541887982374966,-3.7864027131840867 -38.541946125939894,-3.7866785328662567 -38.542006061584566,-3.786843287548744 -38.54208596597492,-3.787080369898693 -38.54291282601182,-3.7893822675102244</coordinates>
                </LineString>
            </Placemark>
            <Placemark id="dt_mvw_sv_eixo_svb_l.fid--4079df0f_18eae1488d1_1dd7">
                <ExtendedData>
                    <SchemaData schemaUrl="#dt_mvw_sv_eixo_svb_l_1">
                        <SimpleData name="id">601</SimpleData>
                        <SimpleData name="idoriginal">568</SimpleData>
                        <SimpleData name="classifvia">Via Coletora</SimpleData>
                    </SchemaData>
                </ExtendedData>
                <LineString>
                    <coordinates>-38.55130578310666,-3.760957432755872 -38.55241449867556,-3.7606833049666757 -38.55242398747746,-3.760683309850612 -38.552438217908914,-3.760688080508276 -38.552465089674584,-3.760711912485277 -38.55248405444847,-3.7607357398990833 -38.552631032536205,-3.760920007457351</coordinates>
                </LineString>
            </Placemark>
            <Placemark id="dt_mvw_sv_eixo_svb_l.fid--4079df0f_18eae1488d1_1dd8">
                <ExtendedData>
                    <SchemaData schemaUrl="#dt_mvw_sv_eixo_svb_l_1">
                        <SimpleData name="id">602</SimpleData>
                        <SimpleData name="idoriginal">569</SimpleData>
                        <SimpleData name="classifvia">Via Coletora</SimpleData>
                    </SchemaData>
                </ExtendedData>
                <LineString>
                    <coordinates>-38.531521375820475,-3.8163507557222887 -38.530130416468225,-3.817254068042769 -38.53003170396235,-3.8173287815271055 -38.52996650656915,-3.817397905049437 -38.5298746068791,-3.8174846124178115 -38.5298112853262,-3.8175275688290515 -38.529746100436,-3.817572393328546 -38.52821986482905,-3.8185670067762683 -38.528100686446656,-3.8186177826560432 -38.52800236596326,-3.818656607472565 -38.52790405037389,-3.818686460127826 -38.52116072978931,-3.8205870019836743</coordinates>
                </LineString>
            </Placemark>
            <Placemark id="dt_mvw_sv_eixo_svb_l.fid--4079df0f_18eae1488d1_1dd9">
                <ExtendedData>
                    <SchemaData schemaUrl="#dt_mvw_sv_eixo_svb_l_1">
                        <SimpleData name="id">603</SimpleData>
                        <SimpleData name="idoriginal">570</SimpleData>
                        <SimpleData name="classifvia">Via Coletora</SimpleData>
                    </SchemaData>
                </ExtendedData>
                <LineString>
                    <coordinates>-38.591386662243146,-3.7492808417169434 -38.59135773450139,-3.749392659061252 -38.5914174999577,-3.7494962348637926 -38.59146076399057,-3.7496018733374763 -38.59320294741897,-3.7528705142026633</coordinates>
                </LineString>
            </Placemark>
            <Placemark id="dt_mvw_sv_eixo_svb_l.fid--4079df0f_18eae1488d1_1dda">
                <ExtendedData>
                    <SchemaData schemaUrl="#dt_mvw_sv_eixo_svb_l_1">
                        <SimpleData name="id">604</SimpleData>
                        <SimpleData name="idoriginal">573</SimpleData>
                        <SimpleData name="classifvia">Via Coletora</SimpleData>
                    </SchemaData>
                </ExtendedData>
                <LineString>
                    <coordinates>-38.59534684777308,-3.71673728327715 -38.59735944424307,-3.7161513162341553 -38.59741498654526,-3.716161564771246 -38.59830700313534,-3.7163241394894277 -38.59894607395486,-3.71570090021869 -38.59902844060562,-3.715679827517339 -38.600780474954604,-3.715160468838703</coordinates>
                </LineString>
            </Placemark>
            <Placemark id="dt_mvw_sv_eixo_svb_l.fid--4079df0f_18eae1488d1_1ddb">
                <ExtendedData>
                    <SchemaData schemaUrl="#dt_mvw_sv_eixo_svb_l_1">
                        <SimpleData name="id">605</SimpleData>
                        <SimpleData name="idoriginal">574</SimpleData>
                        <SimpleData name="classifvia">Via Coletora</SimpleData>
                    </SchemaData>
                </ExtendedData>
                <LineString>
                    <coordinates>-38.56055695763497,-3.8301457597452977 -38.56050739480201,-3.8301712810083153 -38.55300315823313,-3.832474844519174 -38.55282598481598,-3.8325192162919315 -38.55275426773245,-3.8325445873291946 -38.54650092943355,-3.8344421943516145 -38.54630437106035,-3.8345028010175293 -38.546224993376036,-3.834525525304131 -38.54613805808066,-3.834544451635892 -38.5460586816352,-3.834563381487981 -38.54597175033815,-3.8345747189667203 -38.545918839883115,-3.834574690799929 -38.54583947344509,-3.8345746485431835 -38.545756325578914,-3.8345783986837203 -38.545650499908994,-3.834585931154471 -38.54556356660566,-3.834601062514763 -38.54549553243529,-3.834612409518639 -38.545419935402286,-3.8346313418160882 -38.5405130923834,-3.8358692442193623</coordinates>
                </LineString>
            </Placemark>
            <Placemark id="dt_mvw_sv_eixo_svb_l.fid--4079df0f_18eae1488d1_1ddc">
                <ExtendedData>
                    <SchemaData schemaUrl="#dt_mvw_sv_eixo_svb_l_1">
                        <SimpleData name="id">669</SimpleData>
                        <SimpleData name="idoriginal">636</SimpleData>
                        <SimpleData name="classifvia">Via Coletora</SimpleData>
                    </SchemaData>
                </ExtendedData>
                <LineString>
                    <coordinates>-38.47949481449841,-3.8020043673640758 -38.479588610830504,-3.8019918511015165 -38.48304341534418,-3.801165453409621</coordinates>
                </LineString>
            </Placemark>
            <Placemark id="dt_mvw_sv_eixo_svb_l.fid--4079df0f_18eae1488d1_1ddd">
                <ExtendedData>
                    <SchemaData schemaUrl="#dt_mvw_sv_eixo_svb_l_1">
                        <SimpleData name="id">609</SimpleData>
                        <SimpleData name="idoriginal">578</SimpleData>
                        <SimpleData name="classifvia">Via Coletora</SimpleData>
                    </SchemaData>
                </ExtendedData>
                <LineString>
                    <coordinates>-38.54295840417336,-3.8130690363067927 -38.54306466400424,-3.813195122191226 -38.54667434299869,-3.8173991972974157 -38.546746008637434,-3.8174898548764675 -38.546796362299624,-3.8175762006365206 -38.54684968016909,-3.817662548455872 -38.54690002373197,-3.8177667539307 -38.54693554948012,-3.817862021458209 -38.5469681024785,-3.8179721705985186 -38.54698286801742,-3.8180823103313863 -38.5469887628493,-3.818147796802273 -38.5469976039152,-3.8182490037863253 -38.54702106778727,-3.8187312144410686 -38.54702991353584,-3.8188234918117043 -38.5470477982357,-3.818943858693517 -38.547065525625435,-3.8190599530691434 -38.54709808334896,-3.8191611721026244 -38.547133615399346,-3.8192445339710366 -38.54716915137977,-3.8193189662252616 -38.54720765620217,-3.819387446971525 -38.54724912367511,-3.8194589053283274 -38.547281711065345,-3.81950357063561 -38.54859907781901,-3.8214546958268367 -38.54866069035897,-3.821535676960093 -38.54870806149099,-3.8216404584522086 -38.548745942930694,-3.82175475897562 -38.5487980476264,-3.8218785900479046 -38.54882169837089,-3.8219976443447545 -38.54883585692563,-3.822130978951881 -38.54884529264557,-3.8222262173882333 -38.548944171381045,-3.8235976321456357</coordinates>
                </LineString>
            </Placemark>
            <Placemark id="dt_mvw_sv_eixo_svb_l.fid--4079df0f_18eae1488d1_1dde">
                <ExtendedData>
                    <SchemaData schemaUrl="#dt_mvw_sv_eixo_svb_l_1">
                        <SimpleData name="id">610</SimpleData>
                        <SimpleData name="idoriginal">579</SimpleData>
                        <SimpleData name="classifvia">Via Coletora</SimpleData>
                    </SchemaData>
                </ExtendedData>
                <LineString>
                    <coordinates>-38.57180379817211,-3.8236095651120605 -38.56935248571737,-3.826006393599441</coordinates>
                </LineString>
            </Placemark>
            <Placemark id="dt_mvw_sv_eixo_svb_l.fid--4079df0f_18eae1488d1_1ddf">
                <ExtendedData>
                    <SchemaData schemaUrl="#dt_mvw_sv_eixo_svb_l_1">
                        <SimpleData name="id">611</SimpleData>
                        <SimpleData name="idoriginal">580</SimpleData>
                        <SimpleData name="classifvia">Via Coletora</SimpleData>
                    </SchemaData>
                </ExtendedData>
                <LineString>
                    <coordinates>-38.48597974132356,-3.8282988970606313 -38.48604245599533,-3.8282989347923126 -38.486153394470364,-3.828330483781295 -38.486240210595746,-3.8283644401465895 -38.48634389571861,-3.8284250460680225 -38.486404173154135,-3.828468673088574 -38.48646926234526,-3.828531677210008 -38.486515062615425,-3.828582561209902 -38.48655603378374,-3.8286407070366835 -38.486596999929894,-3.828708539965209 -38.48663555043514,-3.828781215233126 -38.48667649709865,-3.8288805304050086 -38.48712988043694,-3.8300550974740903 -38.48716359113325,-3.830154408768015 -38.487197298953085,-3.8302585633736896 -38.487226181990245,-3.8303627146027757 -38.4872622924995,-3.830483822967448 -38.48729842101131,-3.830573448604634 -38.487327480635024,-3.83068307074399 -38.48770619376096,-3.8316439380300387 -38.48773267712584,-3.8317287145559304 -38.48777604612818,-3.8318110793187055 -38.48781699953224,-3.8319007078414 -38.4879567245257,-3.8322010857830926 -38.487951899725275,-3.8322010828883433 -38.48799526087076,-3.8322979780620914 -38.48807247527687,-3.832475909331863 -38.48901790266777,-3.8348907050113965 -38.489071969558914,-3.8350439649719212 -38.4891030024615,-3.835198483345615 -38.48910288833677,-3.8353906756219636 -38.48910282053713,-3.8355048493458512 -38.48907811293566,-3.8356190078273076 -38.48901546165283,-3.835794036561105 -38.48897733189117,-3.835878993092894 -38.488938594082576,-3.8359479894376247 -38.48890370935362,-3.8360025762281307 -38.48742557975308,-3.8382232540496273 -38.487362837145554,-3.8383035261773903 -38.48726980059024,-3.8384293604693323 -38.48671784730034,-3.8391265642961065 -38.48663563956486,-3.839219847156885 -38.486555596317444,-3.839308790128394 -38.486466904103885,-3.8393998989757008 -38.486391197619724,-3.839467139133214 -38.485919117965466,-3.839914633206252</coordinates>
                </LineString>
            </Placemark>
            <Placemark id="dt_mvw_sv_eixo_svb_l.fid--4079df0f_18eae1488d1_1de0">
                <ExtendedData>
                    <SchemaData schemaUrl="#dt_mvw_sv_eixo_svb_l_1">
                        <SimpleData name="id">612</SimpleData>
                        <SimpleData name="idoriginal">581</SimpleData>
                        <SimpleData name="classifvia">Via Coletora</SimpleData>
                    </SchemaData>
                </ExtendedData>
                <LineString>
                    <coordinates>-38.569676584474585,-3.7960020480132903 -38.562601041706614,-3.7981624033693495 -38.562563762122,-3.79817821650449 -38.562512145692345,-3.7981969012711 -38.56246052563666,-3.79822278233962 -38.562428979931546,-3.7982385988752596 -38.56238309153971,-3.79827024019292</coordinates>
                </LineString>
            </Placemark>
            <Placemark id="dt_mvw_sv_eixo_svb_l.fid--4079df0f_18eae1488d1_1de1">
                <ExtendedData>
                    <SchemaData schemaUrl="#dt_mvw_sv_eixo_svb_l_1">
                        <SimpleData name="id">613</SimpleData>
                        <SimpleData name="idoriginal">582</SimpleData>
                        <SimpleData name="classifvia">Via Coletora</SimpleData>
                    </SchemaData>
                </ExtendedData>
                <LineString>
                    <coordinates>-38.445975926365385,-3.7560416961861924 -38.448445369065126,-3.75726286898961 -38.45108229946258,-3.7585587840768486</coordinates>
                </LineString>
            </Placemark>
            <Placemark id="dt_mvw_sv_eixo_svb_l.fid--4079df0f_18eae1488d1_1de2">
                <ExtendedData>
                    <SchemaData schemaUrl="#dt_mvw_sv_eixo_svb_l_1">
                        <SimpleData name="id">614</SimpleData>
                        <SimpleData name="idoriginal">583</SimpleData>
                        <SimpleData name="classifvia">Via Coletora</SimpleData>
                    </SchemaData>
                </ExtendedData>
                <LineString>
                    <coordinates>-38.592870926838614,-3.708952638934729 -38.58994353562109,-3.709804901829315</coordinates>
                </LineString>
            </Placemark>
            <Placemark id="dt_mvw_sv_eixo_svb_l.fid--4079df0f_18eae1488d1_1de3">
                <ExtendedData>
                    <SchemaData schemaUrl="#dt_mvw_sv_eixo_svb_l_1">
                        <SimpleData name="id">615</SimpleData>
                        <SimpleData name="idoriginal">584</SimpleData>
                        <SimpleData name="classifvia">Via Coletora</SimpleData>
                    </SchemaData>
                </ExtendedData>
                <LineString>
                    <coordinates>-38.579982060513636,-3.718292860038451 -38.5808165937077,-3.7274982223916218</coordinates>
                </LineString>
            </Placemark>
            <Placemark id="dt_mvw_sv_eixo_svb_l.fid--4079df0f_18eae1488d1_1de4">
                <ExtendedData>
                    <SchemaData schemaUrl="#dt_mvw_sv_eixo_svb_l_1">
                        <SimpleData name="id">616</SimpleData>
                        <SimpleData name="idoriginal">585</SimpleData>
                        <SimpleData name="classifvia">Via Coletora</SimpleData>
                    </SchemaData>
                </ExtendedData>
                <LineString>
                    <coordinates>-38.59013355754595,-3.7143381560739277 -38.5925321045842,-3.72260445043364 -38.59355412025451,-3.7261271644829734</coordinates>
                </LineString>
            </Placemark>
            <Placemark id="dt_mvw_sv_eixo_svb_l.fid--4079df0f_18eae1488d1_1de5">
                <ExtendedData>
                    <SchemaData schemaUrl="#dt_mvw_sv_eixo_svb_l_1">
                        <SimpleData name="id">617</SimpleData>
                        <SimpleData name="idoriginal">586</SimpleData>
                        <SimpleData name="classifvia">Via Coletora</SimpleData>
                    </SchemaData>
                </ExtendedData>
                <LineString>
                    <coordinates>-38.47466884529053,-3.747419712663376 -38.47472446388279,-3.7475969262516986 -38.47630140323707,-3.7526019735622382</coordinates>
                </LineString>
            </Placemark>
            <Placemark id="dt_mvw_sv_eixo_svb_l.fid--4079df0f_18eae1488d1_1de6">
                <ExtendedData>
                    <SchemaData schemaUrl="#dt_mvw_sv_eixo_svb_l_1">
                        <SimpleData name="id">618</SimpleData>
                        <SimpleData name="idoriginal">587</SimpleData>
                        <SimpleData name="classifvia">Via Coletora</SimpleData>
                    </SchemaData>
                </ExtendedData>
                <LineString>
                    <coordinates>-38.595699636441715,-3.7481401879113214 -38.59569348170706,-3.7481894463242926 -38.59570112955512,-3.7482279350312093 -38.59571337545366,-3.7482695050370176 -38.59574094961832,-3.7483187790793657 -38.59577006138414,-3.7483572782246672 -38.59580837420206,-3.7483911633730735 -38.5958420960387,-3.7484065728636735 -38.59588348481252,-3.748418907229597 -38.595921809649234,-3.748426622408752 -38.5959662666029,-3.7484343399329187 -38.59600305596493,-3.748448211747537 -38.59603122302709,-3.7484627090169234 -38.596068492188685,-3.7484905009441456 -38.59611176589476,-3.7485376166666504 -38.59611897619057,-3.748550903542902 -38.59612858318605,-3.7485810973566576 -38.59613698019851,-3.748628196931481</coordinates>
                </LineString>
            </Placemark>
            <Placemark id="dt_mvw_sv_eixo_svb_l.fid--4079df0f_18eae1488d1_1de7">
                <ExtendedData>
                    <SchemaData schemaUrl="#dt_mvw_sv_eixo_svb_l_1">
                        <SimpleData name="id">619</SimpleData>
                        <SimpleData name="idoriginal">588</SimpleData>
                        <SimpleData name="classifvia">Via Coletora</SimpleData>
                    </SchemaData>
                </ExtendedData>
                <LineString>
                    <coordinates>-38.61091629438884,-3.795088744480184 -38.615091323283345,-3.793723291862126 -38.61528707180603,-3.793669940655903 -38.61950403352621,-3.792306799481705 -38.61959551257065,-3.7922761245613827 -38.6196696817842,-3.792248580366754 -38.619754846851116,-3.7921989796843527 -38.6198125359019,-3.7921741862459704 -38.61992517575289,-3.792102536326861</coordinates>
                </LineString>
            </Placemark>
            <Placemark id="dt_mvw_sv_eixo_svb_l.fid--4079df0f_18eae1488d1_1de8">
                <ExtendedData>
                    <SchemaData schemaUrl="#dt_mvw_sv_eixo_svb_l_1">
                        <SimpleData name="id">620</SimpleData>
                        <SimpleData name="idoriginal">589</SimpleData>
                        <SimpleData name="classifvia">Via Coletora</SimpleData>
                    </SchemaData>
                </ExtendedData>
                <LineString>
                    <coordinates>-38.609381233497956,-3.7756626664111206 -38.609406842096206,-3.7754960271374185 -38.609458002902805,-3.7752941477080895 -38.60958579034017,-3.775037819186965 -38.609652857523606,-3.774954524760925 -38.61377067293058,-3.769848384271965</coordinates>
                </LineString>
            </Placemark>
            <Placemark id="dt_mvw_sv_eixo_svb_l.fid--4079df0f_18eae1488d1_1de9">
                <ExtendedData>
                    <SchemaData schemaUrl="#dt_mvw_sv_eixo_svb_l_1">
                        <SimpleData name="id">621</SimpleData>
                        <SimpleData name="idoriginal">590</SimpleData>
                        <SimpleData name="classifvia">Via Coletora</SimpleData>
                    </SchemaData>
                </ExtendedData>
                <LineString>
                    <coordinates>-38.57354771458963,-3.808379951306754 -38.57345476854693,-3.808417503903779 -38.56753361367914,-3.810380519876439</coordinates>
                </LineString>
            </Placemark>
            <Placemark id="dt_mvw_sv_eixo_svb_l.fid--4079df0f_18eae1488d1_1dea">
                <ExtendedData>
                    <SchemaData schemaUrl="#dt_mvw_sv_eixo_svb_l_1">
                        <SimpleData name="id">622</SimpleData>
                        <SimpleData name="idoriginal">591</SimpleData>
                        <SimpleData name="classifvia">Via Coletora</SimpleData>
                    </SchemaData>
                </ExtendedData>
                <LineString>
                    <coordinates>-38.45146481178272,-3.8056360634251654 -38.45171278124834,-3.801060333782897 -38.451724692242905,-3.8009809499849543 -38.45174453371492,-3.800865844843406 -38.451762373532375,-3.8007884493471553 -38.45179207864051,-3.8007051068455326 -38.451853429648494,-3.8005959827063913 -38.45190493866754,-3.8005020068076183 -38.45193462996813,-3.8004404970321404 -38.45196434631794,-3.8003392918212606 -38.451976252943965,-3.8002678471009195 -38.45198026417998,-3.8001765491340693 -38.45197833462941,-3.8001011260572106 -38.45196454548884,-3.8000237104091967 -38.45194673293488,-3.7999734525293296 -38.45192699549834,-3.7999238204015127 -38.45188552981816,-3.7998483716539484</coordinates>
                </LineString>
            </Placemark>
            <Placemark id="dt_mvw_sv_eixo_svb_l.fid--4079df0f_18eae1488d1_1deb">
                <ExtendedData>
                    <SchemaData schemaUrl="#dt_mvw_sv_eixo_svb_l_1">
                        <SimpleData name="id">623</SimpleData>
                        <SimpleData name="idoriginal">592</SimpleData>
                        <SimpleData name="classifvia">Via Coletora</SimpleData>
                    </SchemaData>
                </ExtendedData>
                <LineString>
                    <coordinates>-38.61298397651277,-3.786847697653001 -38.61518240744234,-3.793687111066271 -38.61567384477214,-3.79523736555893 -38.61572338023187,-3.79535118459749 -38.61576348358792,-3.7954365500663396 -38.61583426972584,-3.795552749106339 -38.61606905992054,-3.7959337032198888 -38.61612979464345,-3.796061351487298 -38.61616842271296,-3.7961908398772297 -38.61618126307689,-3.796314767354591 -38.61617752159802,-3.7964442363659194 -38.61616686426916,-3.796499803426577 -38.615824210533056,-3.79862961375005</coordinates>
                </LineString>
            </Placemark>
            <Placemark id="dt_mvw_sv_eixo_svb_l.fid--4079df0f_18eae1488d1_1dec">
                <ExtendedData>
                    <SchemaData schemaUrl="#dt_mvw_sv_eixo_svb_l_1">
                        <SimpleData name="id">624</SimpleData>
                        <SimpleData name="idoriginal">593</SimpleData>
                        <SimpleData name="classifvia">Via Coletora</SimpleData>
                    </SchemaData>
                </ExtendedData>
                <LineString>
                    <coordinates>-38.51467663296325,-3.8404035443065943 -38.50889315748941,-3.842706071048158 -38.50882731906497,-3.84272963543851 -38.50874503184103,-3.8427413891385793 -38.50867215617306,-3.842737806666201 -38.50858635809703,-3.8427224155361928 -38.50851232092799,-3.8426940500278746 -38.50846296845864,-3.8426668792339296 -38.508404215901024,-3.842632621702241 -38.50833722948713,-3.842607800659004 -38.5082890175983,-3.8425953816327483 -38.50824388220442,-3.842593467208657 -38.50818181787165,-3.842595319696882 -38.50814232251602,-3.8425952968745856 -38.508117871628926,-3.8425990589479406 -38.50806708834121,-3.8426065824982807 -38.50804263352467,-3.8426160091184016 -38.50183271289591,-3.844986506370829</coordinates>
                </LineString>
            </Placemark>
            <Placemark id="dt_mvw_sv_eixo_svb_l.fid--4079df0f_18eae1488d1_1ded">
                <ExtendedData>
                    <SchemaData schemaUrl="#dt_mvw_sv_eixo_svb_l_1">
                        <SimpleData name="id">625</SimpleData>
                        <SimpleData name="idoriginal">594</SimpleData>
                        <SimpleData name="classifvia">Via Arterial I</SimpleData>
                    </SchemaData>
                </ExtendedData>
                <LineString>
                    <coordinates>-38.49906972632533,-3.7991742168795786 -38.50449652048401,-3.7871813717036233</coordinates>
                </LineString>
            </Placemark>
            <Placemark id="dt_mvw_sv_eixo_svb_l.fid--4079df0f_18eae1488d1_1dee">
                <ExtendedData>
                    <SchemaData schemaUrl="#dt_mvw_sv_eixo_svb_l_1">
                        <SimpleData name="id">628</SimpleData>
                        <SimpleData name="idoriginal">597</SimpleData>
                        <SimpleData name="classifvia">Via Coletora</SimpleData>
                    </SchemaData>
                </ExtendedData>
                <LineString>
                    <coordinates>-38.613803131134105,-3.770307512141373 -38.61366236171768,-3.7704789861457764 -38.610395175661644,-3.7745353682371365 -38.61032058412774,-3.7746280094256055 -38.61025663206809,-3.7747420421046094 -38.61019622645021,-3.774870333669884 -38.610153565228465,-3.7750057626288984 -38.61009309998034,-3.775262374427047 -38.610064610357206,-3.7754655330654923 -38.61009598134475,-3.775573987240548 -38.61013262563964,-3.7756599398491293 -38.61020242657457,-3.7758125548406203</coordinates>
                </LineString>
            </Placemark>
            <Placemark id="dt_mvw_sv_eixo_svb_l.fid--4079df0f_18eae1488d1_1def">
                <ExtendedData>
                    <SchemaData schemaUrl="#dt_mvw_sv_eixo_svb_l_1">
                        <SimpleData name="id">629</SimpleData>
                        <SimpleData name="idoriginal">598</SimpleData>
                        <SimpleData name="classifvia">Via Arterial I</SimpleData>
                    </SchemaData>
                </ExtendedData>
                <LineString>
                    <coordinates>-38.4945836576317,-3.807008005293819 -38.49324889969869,-3.810058908049382 -38.49321420112942,-3.8101362519621307</coordinates>
                </LineString>
            </Placemark>
            <Placemark id="dt_mvw_sv_eixo_svb_l.fid--4079df0f_18eae1488d1_1df0">
                <ExtendedData>
                    <SchemaData schemaUrl="#dt_mvw_sv_eixo_svb_l_1">
                        <SimpleData name="id">630</SimpleData>
                        <SimpleData name="idoriginal">599</SimpleData>
                        <SimpleData name="classifvia">Via Coletora</SimpleData>
                    </SchemaData>
                </ExtendedData>
                <LineString>
                    <coordinates>-38.594518849479535,-3.786639915633751 -38.59789471810809,-3.785575598450909 -38.59983131938218,-3.785023484781735 -38.59993934792064,-3.7849966609813754 -38.60390323707672,-3.78386791346832 -38.60796721090455,-3.7827164441167347 -38.60818833677338,-3.7827015769539587 -38.60833990780634,-3.782664227367364 -38.61291411714626,-3.781383169104778 -38.620190264523,-3.7793863610247524 -38.62338583003504,-3.77850513951754</coordinates>
                </LineString>
            </Placemark>
            <Placemark id="dt_mvw_sv_eixo_svb_l.fid--4079df0f_18eae1488d1_1df1">
                <ExtendedData>
                    <SchemaData schemaUrl="#dt_mvw_sv_eixo_svb_l_1">
                        <SimpleData name="id">631</SimpleData>
                        <SimpleData name="idoriginal">600</SimpleData>
                        <SimpleData name="classifvia">Via Coletora</SimpleData>
                    </SchemaData>
                </ExtendedData>
                <LineString>
                    <coordinates>-38.60807172468338,-3.7587771557122593 -38.60841170829993,-3.7586476969561335 -38.61173466602943,-3.7573406082458187</coordinates>
                </LineString>
            </Placemark>
            <Placemark id="dt_mvw_sv_eixo_svb_l.fid--4079df0f_18eae1488d1_1df2">
                <ExtendedData>
                    <SchemaData schemaUrl="#dt_mvw_sv_eixo_svb_l_1">
                        <SimpleData name="id">632</SimpleData>
                        <SimpleData name="idoriginal">601</SimpleData>
                        <SimpleData name="classifvia">Via Coletora</SimpleData>
                    </SchemaData>
                </ExtendedData>
                <LineString>
                    <coordinates>-38.60503498119303,-3.76474327337499 -38.60525575255505,-3.764600290249715 -38.60574423584997,-3.764274212177484 -38.60583115334776,-3.7642184142782074 -38.60588156344247,-3.7641905184782862 -38.605937186689545,-3.7641643698640603 -38.60599178620168,-3.764141166313539 -38.60958111318657,-3.762711173187944</coordinates>
                </LineString>
            </Placemark>
            <Placemark id="dt_mvw_sv_eixo_svb_l.fid--4079df0f_18eae1488d1_1df3">
                <ExtendedData>
                    <SchemaData schemaUrl="#dt_mvw_sv_eixo_svb_l_1">
                        <SimpleData name="id">633</SimpleData>
                        <SimpleData name="idoriginal">602</SimpleData>
                        <SimpleData name="classifvia">Via Coletora</SimpleData>
                    </SchemaData>
                </ExtendedData>
                <LineString>
                    <coordinates>-38.559091671736695,-3.8078485738952486 -38.557919351902754,-3.8066377845745865 -38.557877767923195,-3.8065867018963924 -38.557833881789165,-3.8065170506077632 -38.55781773708167,-3.8064450921121207 -38.557810840576224,-3.806368496889906 -38.55782012092246,-3.8063035149412587 -38.55784557843344,-3.806245503792781 -38.55787102715561,-3.8062060605562436</coordinates>
                </LineString>
            </Placemark>
            <Placemark id="dt_mvw_sv_eixo_svb_l.fid--4079df0f_18eae1488d1_1df4">
                <ExtendedData>
                    <SchemaData schemaUrl="#dt_mvw_sv_eixo_svb_l_1">
                        <SimpleData name="id">634</SimpleData>
                        <SimpleData name="idoriginal">603</SimpleData>
                        <SimpleData name="classifvia">Via Coletora</SimpleData>
                    </SchemaData>
                </ExtendedData>
                <LineString>
                    <coordinates>-38.60252987254496,-3.8050726011933502 -38.60390403485977,-3.8043373929600985 -38.60551158664579,-3.803486878681333 -38.605547353175055,-3.8034557847574537 -38.60558073951881,-3.8034175106602492 -38.60560697660792,-3.8033768402557877 -38.60563083894995,-3.803317024054901 -38.605628481609045,-3.8032595888551555 -38.60562849901243,-3.8032212994506738 -38.60560945142737,-3.8031758222227348 -38.60559754398774,-3.8031542790287305</coordinates>
                </LineString>
            </Placemark>
            <Placemark id="dt_mvw_sv_eixo_svb_l.fid--4079df0f_18eae1488d1_1df5">
                <ExtendedData>
                    <SchemaData schemaUrl="#dt_mvw_sv_eixo_svb_l_1">
                        <SimpleData name="id">635</SimpleData>
                        <SimpleData name="idoriginal">604</SimpleData>
                        <SimpleData name="classifvia">Via Coletora</SimpleData>
                    </SchemaData>
                </ExtendedData>
                <LineString>
                    <coordinates>-38.47642792243948,-3.7225412947920105 -38.47634723976908,-3.7225026574888322 -38.47627039800911,-3.722467881044849 -38.476185872171975,-3.722429241437442 -38.4761051842803,-3.7223983217562506 -38.47603601978154,-3.722378985654854 -38.475932266653714,-3.7223596289148784 -38.475709367837,-3.7223556373384663 -38.475605594181474,-3.7223710111798387 -38.47550180979302,-3.722405679358076 -38.475440305875736,-3.7224287965521556 -38.474544695952474,-3.7227022462415795 -38.47444091310337,-3.722733055709212 -38.47431792417517,-3.722748417891839 -38.47422953464409,-3.722744505921986 -38.47403354196805,-3.7227328118770355 -38.47390673734096,-3.7227018643859537 -38.47376457603486,-3.7226438946992872</coordinates>
                </LineString>
            </Placemark>
            <Placemark id="dt_mvw_sv_eixo_svb_l.fid--4079df0f_18eae1488d1_1df6">
                <ExtendedData>
                    <SchemaData schemaUrl="#dt_mvw_sv_eixo_svb_l_1">
                        <SimpleData name="id">636</SimpleData>
                        <SimpleData name="idoriginal">605</SimpleData>
                        <SimpleData name="classifvia">Via Coletora</SimpleData>
                    </SchemaData>
                </ExtendedData>
                <LineString>
                    <coordinates>-38.46765185250783,-3.7391992245261507 -38.46757060220813,-3.739173851664572 -38.46189070372078,-3.736367570002633</coordinates>
                </LineString>
            </Placemark>
            <Placemark id="dt_mvw_sv_eixo_svb_l.fid--4079df0f_18eae1488d1_1df7">
                <ExtendedData>
                    <SchemaData schemaUrl="#dt_mvw_sv_eixo_svb_l_1">
                        <SimpleData name="id">637</SimpleData>
                        <SimpleData name="idoriginal">606</SimpleData>
                        <SimpleData name="classifvia">Via Coletora</SimpleData>
                    </SchemaData>
                </ExtendedData>
                <LineString>
                    <coordinates>-38.59026903695522,-3.8176573801680753 -38.5905976260346,-3.8181303683968726 -38.597118344682016,-3.827759536228666</coordinates>
                </LineString>
            </Placemark>
            <Placemark id="dt_mvw_sv_eixo_svb_l.fid--4079df0f_18eae1488d1_1df8">
                <ExtendedData>
                    <SchemaData schemaUrl="#dt_mvw_sv_eixo_svb_l_1">
                        <SimpleData name="id">638</SimpleData>
                        <SimpleData name="idoriginal">607</SimpleData>
                        <SimpleData name="classifvia">Via Coletora</SimpleData>
                    </SchemaData>
                </ExtendedData>
                <LineString>
                    <coordinates>-38.56698565068946,-3.791254470677896 -38.56668433410188,-3.7918210313559713 -38.56663098227522,-3.7918793491393314</coordinates>
                </LineString>
            </Placemark>
            <Placemark id="dt_mvw_sv_eixo_svb_l.fid--4079df0f_18eae1488d1_1df9">
                <ExtendedData>
                    <SchemaData schemaUrl="#dt_mvw_sv_eixo_svb_l_1">
                        <SimpleData name="id">639</SimpleData>
                        <SimpleData name="idoriginal">608</SimpleData>
                        <SimpleData name="classifvia">Via Coletora</SimpleData>
                    </SchemaData>
                </ExtendedData>
                <LineString>
                    <coordinates>-38.49750275809476,-3.8169725475365808 -38.49640761877245,-3.8164904994160698 -38.49456518388316,-3.8156731832621267 -38.49206302365587,-3.8145583219618664</coordinates>
                </LineString>
            </Placemark>
            <Placemark id="dt_mvw_sv_eixo_svb_l.fid--4079df0f_18eae1488d1_1dfa">
                <ExtendedData>
                    <SchemaData schemaUrl="#dt_mvw_sv_eixo_svb_l_1">
                        <SimpleData name="id">640</SimpleData>
                        <SimpleData name="idoriginal">609</SimpleData>
                        <SimpleData name="classifvia">Via Coletora</SimpleData>
                    </SchemaData>
                </ExtendedData>
                <LineString>
                    <coordinates>-38.5014272547462,-3.862380211328237 -38.501247196845824,-3.8621811324907203 -38.500393804413584,-3.861223899872987 -38.500313372529554,-3.8611363973088064 -38.50024178778112,-3.8610241299859176 -38.50018997950701,-3.8609228472799844 -38.50012954962026,-3.8607810591948915 -38.50010367341232,-3.8606826851362808 -38.50009507621073,-3.860601678540451 -38.49919362950967,-3.8553245443856197</coordinates>
                </LineString>
            </Placemark>
            <Placemark id="dt_mvw_sv_eixo_svb_l.fid--4079df0f_18eae1488d1_1dfb">
                <ExtendedData>
                    <SchemaData schemaUrl="#dt_mvw_sv_eixo_svb_l_1">
                        <SimpleData name="id">641</SimpleData>
                        <SimpleData name="idoriginal">610</SimpleData>
                        <SimpleData name="classifvia">Via Coletora</SimpleData>
                    </SchemaData>
                </ExtendedData>
                <LineString>
                    <coordinates>-38.503297320454976,-3.821247794914373 -38.50436063262397,-3.8211647218240965 -38.5084350207802,-3.820819400410725 -38.508684988759676,-3.820790083446719 -38.51529024299459,-3.8201969242589433 -38.51751104075037,-3.818875350942697 -38.51917102511683,-3.8179411257355653 -38.51983129849286,-3.817600875546731 -38.520898828380766,-3.817537622333264</coordinates>
                </LineString>
            </Placemark>
            <Placemark id="dt_mvw_sv_eixo_svb_l.fid--4079df0f_18eae1488d1_1dfc">
                <ExtendedData>
                    <SchemaData schemaUrl="#dt_mvw_sv_eixo_svb_l_1">
                        <SimpleData name="id">642</SimpleData>
                        <SimpleData name="idoriginal">611</SimpleData>
                        <SimpleData name="classifvia">Via Coletora</SimpleData>
                    </SchemaData>
                </ExtendedData>
                <LineString>
                    <coordinates>-38.591565961186326,-3.7399647911693665 -38.59101123355709,-3.7439954997526983</coordinates>
                </LineString>
            </Placemark>
            <Placemark id="dt_mvw_sv_eixo_svb_l.fid--4079df0f_18eae1488d1_1dfd">
                <ExtendedData>
                    <SchemaData schemaUrl="#dt_mvw_sv_eixo_svb_l_1">
                        <SimpleData name="id">643</SimpleData>
                        <SimpleData name="idoriginal">643</SimpleData>
                        <SimpleData name="classifvia">Via Coletora</SimpleData>
                    </SchemaData>
                </ExtendedData>
                <LineString>
                    <coordinates>-38.55626834218067,-3.8143227265718767 -38.5577751871657,-3.8140224728097363</coordinates>
                </LineString>
            </Placemark>
            <Placemark id="dt_mvw_sv_eixo_svb_l.fid--4079df0f_18eae1488d1_1dfe">
                <ExtendedData>
                    <SchemaData schemaUrl="#dt_mvw_sv_eixo_svb_l_1">
                        <SimpleData name="id">670</SimpleData>
                        <SimpleData name="idoriginal">637</SimpleData>
                        <SimpleData name="classifvia">Via Coletora</SimpleData>
                    </SchemaData>
                </ExtendedData>
                <LineString>
                    <coordinates>-38.54182761621083,-3.7587462495154167 -38.54235284093101,-3.7598127560858607 -38.54242710349553,-3.7600119157318574</coordinates>
                </LineString>
            </Placemark>
            <Placemark id="dt_mvw_sv_eixo_svb_l.fid--4079df0f_18eae1488d1_1dff">
                <ExtendedData>
                    <SchemaData schemaUrl="#dt_mvw_sv_eixo_svb_l_1">
                        <SimpleData name="id">644</SimpleData>
                        <SimpleData name="idoriginal">612</SimpleData>
                        <SimpleData name="classifvia">Via Arterial I</SimpleData>
                    </SchemaData>
                </ExtendedData>
                <LineString>
                    <coordinates>-38.6011710463244,-3.766932081311917 -38.600767179738945,-3.766753934200401 -38.5991963945817,-3.766039222075479 -38.59900736021546,-3.765968922733194 -38.59880536610026,-3.765919420679707 -38.59861372745429,-3.7658803252605897 -38.59842725344071,-3.7658750381033577 -38.5981345850202,-3.765882703898866 -38.59795327846,-3.7659034237604856 -38.59778880450764,-3.7659268939537425 -38.597677423551396,-3.76595544732354 -38.59756603542356,-3.765999603511567 -38.597444278716345,-3.7660619579509524 -38.59734842297556,-3.766121724144967 -38.59726033140239,-3.766194496055766 -38.597185192931114,-3.7662594727827847 -38.59711781909163,-3.7663348549952493 -38.597065983164875,-3.7664154448856686 -38.59700896233766,-3.7665064347269372 -38.59697266119213,-3.7665974337098405 -38.59693376041341,-3.7667092357349534 -38.59691041117998,-3.766795039781056 -38.596900003103585,-3.7668990533779123 -38.59689212058756,-3.766985805345515 -38.596899852459664,-3.7670690235844626 -38.59690757356296,-3.767175645835166 -38.5969308395175,-3.767269273176912 -38.59748122431886,-3.7700232413471095</coordinates>
                </LineString>
            </Placemark>
            <Placemark id="dt_mvw_sv_eixo_svb_l.fid--4079df0f_18eae1488d1_1e00">
                <ExtendedData>
                    <SchemaData schemaUrl="#dt_mvw_sv_eixo_svb_l_1">
                        <SimpleData name="id">645</SimpleData>
                        <SimpleData name="idoriginal">613</SimpleData>
                        <SimpleData name="classifvia">Via Coletora</SimpleData>
                    </SchemaData>
                </ExtendedData>
                <LineString>
                    <coordinates>-38.47962295828709,-3.81299073436791 -38.474550227560115,-3.817185283051125</coordinates>
                </LineString>
            </Placemark>
            <Placemark id="dt_mvw_sv_eixo_svb_l.fid--4079df0f_18eae1488d1_1e01">
                <ExtendedData>
                    <SchemaData schemaUrl="#dt_mvw_sv_eixo_svb_l_1">
                        <SimpleData name="id">646</SimpleData>
                        <SimpleData name="idoriginal">614</SimpleData>
                        <SimpleData name="classifvia">Via Coletora</SimpleData>
                    </SchemaData>
                </ExtendedData>
                <LineString>
                    <coordinates>-38.4744205315664,-3.7253183081820778 -38.474383372324745,-3.7254691337524863 -38.474334520127954,-3.725598402696156 -38.469592384265965,-3.735362788956568 -38.46948514018803,-3.7355739500517844 -38.46888705023835,-3.736790965096328 -38.467644792910846,-3.739421261036557 -38.46764475427222,-3.7394853129252055</coordinates>
                </LineString>
            </Placemark>
            <Placemark id="dt_mvw_sv_eixo_svb_l.fid--4079df0f_18eae1488d1_1e02">
                <ExtendedData>
                    <SchemaData schemaUrl="#dt_mvw_sv_eixo_svb_l_1">
                        <SimpleData name="id">647</SimpleData>
                        <SimpleData name="idoriginal">615</SimpleData>
                        <SimpleData name="classifvia">Via Coletora</SimpleData>
                    </SchemaData>
                </ExtendedData>
                <LineString>
                    <coordinates>-38.58504820513242,-3.728691442836929 -38.58938063072949,-3.727365098995195 -38.59751335139068,-3.7249945191433516 -38.60438271054272,-3.7229881771614832</coordinates>
                </LineString>
            </Placemark>
            <Placemark id="dt_mvw_sv_eixo_svb_l.fid--4079df0f_18eae1488d1_1e03">
                <ExtendedData>
                    <SchemaData schemaUrl="#dt_mvw_sv_eixo_svb_l_1">
                        <SimpleData name="id">648</SimpleData>
                        <SimpleData name="idoriginal">616</SimpleData>
                        <SimpleData name="classifvia">Via Coletora</SimpleData>
                    </SchemaData>
                </ExtendedData>
                <LineString>
                    <coordinates>-38.50775057863488,-3.817832947224334 -38.508856726791436,-3.817714183217343 -38.50894336277147,-3.8177018075600953 -38.50903666532293,-3.8176856125381504 -38.509150915817024,-3.8176608273615154 -38.50925785705724,-3.817632135525174 -38.50930451239811,-3.8176168695439947 -38.51656074044173,-3.815039606000166</coordinates>
                </LineString>
            </Placemark>
            <Placemark id="dt_mvw_sv_eixo_svb_l.fid--4079df0f_18eae1488d1_1e04">
                <ExtendedData>
                    <SchemaData schemaUrl="#dt_mvw_sv_eixo_svb_l_1">
                        <SimpleData name="id">649</SimpleData>
                        <SimpleData name="idoriginal">617</SimpleData>
                        <SimpleData name="classifvia">Via Coletora</SimpleData>
                    </SchemaData>
                </ExtendedData>
                <LineString>
                    <coordinates>-38.47164415197552,-3.821794322506761 -38.46826631180656,-3.8223186813548238 -38.46816506367188,-3.8223281482396048 -38.46809861905938,-3.8223344596521938 -38.46802268300266,-3.822340765650785 -38.46797206216747,-3.8223407341765774 -38.46576145349716,-3.8224693094129245</coordinates>
                </LineString>
            </Placemark>
            <Placemark id="dt_mvw_sv_eixo_svb_l.fid--4079df0f_18eae1488d1_1e05">
                <ExtendedData>
                    <SchemaData schemaUrl="#dt_mvw_sv_eixo_svb_l_1">
                        <SimpleData name="id">650</SimpleData>
                        <SimpleData name="idoriginal">618</SimpleData>
                        <SimpleData name="classifvia">Via Coletora</SimpleData>
                    </SchemaData>
                </ExtendedData>
                <LineString>
                    <coordinates>-38.49776778337257,-3.855541515876847 -38.50220054051191,-3.854770686876719 -38.50580925734666,-3.854137002160488</coordinates>
                </LineString>
            </Placemark>
            <Placemark id="dt_mvw_sv_eixo_svb_l.fid--4079df0f_18eae1488d1_1e06">
                <ExtendedData>
                    <SchemaData schemaUrl="#dt_mvw_sv_eixo_svb_l_1">
                        <SimpleData name="id">651</SimpleData>
                        <SimpleData name="idoriginal">619</SimpleData>
                        <SimpleData name="classifvia">Via Coletora</SimpleData>
                    </SchemaData>
                </ExtendedData>
                <LineString>
                    <coordinates>-38.528477173150314,-3.8184915071349277 -38.529331859673086,-3.8211614819211843 -38.52934578394077,-3.821212854424959 -38.52935738811999,-3.8212548863212072 -38.52987745491577,-3.823370898710256 -38.53004795450523,-3.8241736662772525 -38.5300642634118,-3.824245483602377 -38.53007853194804,-3.824311144986551 -38.53075774122783,-3.827097595555098 -38.53077821272909,-3.8271774210068887 -38.53079099946372,-3.827241793882402 -38.53080122080112,-3.827308740239556 -38.53081144855263,-3.8273628131337865 -38.53098437901134,-3.828462596480726</coordinates>
                </LineString>
            </Placemark>
            <Placemark id="dt_mvw_sv_eixo_svb_l.fid--4079df0f_18eae1488d1_1e07">
                <ExtendedData>
                    <SchemaData schemaUrl="#dt_mvw_sv_eixo_svb_l_1">
                        <SimpleData name="id">652</SimpleData>
                        <SimpleData name="idoriginal">620</SimpleData>
                        <SimpleData name="classifvia">Via Arterial I</SimpleData>
                    </SchemaData>
                </ExtendedData>
                <LineString>
                    <coordinates>-38.49907567214804,-3.7991428296413887 -38.4989660806296,-3.799427613109709 -38.49890523919513,-3.799508960868342 -38.49886062589067,-3.799561836104071 -38.49877952274544,-3.7996431735862415 -38.49869843602006,-3.799691957186265 -38.49847143686078,-3.799756931174257 -38.498333605601985,-3.799813820904787 -38.498211978985175,-3.7998829266139964 -38.4980741241746,-3.7999805078662177 -38.497964647477126,-3.800061828707619 -38.4978510901857,-3.800196046818885 -38.49777402275468,-3.800301801180998 -38.496992272878515,-3.8014427653307483 -38.496938529763916,-3.8015078906910094 -38.49688702380234,-3.8015707691426006 -38.49680643177165,-3.801631385429953 -38.49669672575697,-3.8017256848734475 -38.4966340347061,-3.8017863100814835 -38.49659596215395,-3.80183796297148 -38.49656459902859,-3.8018986080376544 -38.49643211936751,-3.8021559009956145 -38.49639850626832,-3.8022367648528106 -38.49636711573267,-3.802344590165968 -38.49634915368426,-3.80244568483363 -38.49627494288591,-3.802958714970809 -38.49625697167459,-3.8030755363842634 -38.49621021785706,-3.8031817426766463 -38.496151538737905,-3.80325884137603 -38.49609082612957,-3.8033542067065187 -38.4960159478243,-3.803473922057897 -38.49570609719634,-3.8039500768159717 -38.495345242444756,-3.8047572594604526 -38.49515961999564,-3.805552326416795 -38.494566315716874,-3.8070372753628887</coordinates>
                </LineString>
            </Placemark>
            <Placemark id="dt_mvw_sv_eixo_svb_l.fid--4079df0f_18eae1488d1_1e08">
                <ExtendedData>
                    <SchemaData schemaUrl="#dt_mvw_sv_eixo_svb_l_1">
                        <SimpleData name="id">653</SimpleData>
                        <SimpleData name="idoriginal">621</SimpleData>
                        <SimpleData name="classifvia">Via Coletora</SimpleData>
                    </SchemaData>
                </ExtendedData>
                <LineString>
                    <coordinates>-38.472735110684965,-3.8340171834814476 -38.47162521330631,-3.8348611907738044 -38.47151939890344,-3.8349374598619663 -38.471397067293566,-3.8350037619366937 -38.4712350751735,-3.8350667199708526</coordinates>
                </LineString>
            </Placemark>
            <Placemark id="dt_mvw_sv_eixo_svb_l.fid--4079df0f_18eae1488d1_1e09">
                <ExtendedData>
                    <SchemaData schemaUrl="#dt_mvw_sv_eixo_svb_l_1">
                        <SimpleData name="id">654</SimpleData>
                        <SimpleData name="idoriginal">622</SimpleData>
                        <SimpleData name="classifvia">Via Coletora</SimpleData>
                    </SchemaData>
                </ExtendedData>
                <LineString>
                    <coordinates>-38.47682218398321,-3.830891078286027 -38.47677810802529,-3.8308959675924927 -38.47673158483898,-3.8308996263172266 -38.47669117978092,-3.8309082051072862 -38.47663363206147,-3.8309241478628837 -38.47653934632855,-3.8309548185744373 -38.47644260600634,-3.831000236721743 -38.476370351518284,-3.83103952447893 -38.47628462002552,-3.8310984692307977 -38.47624664947772,-3.8311291744517706 -38.47282802068039,-3.8338599096511397</coordinates>
                </LineString>
            </Placemark>
            <Placemark id="dt_mvw_sv_eixo_svb_l.fid--4079df0f_18eae1488d1_1e0a">
                <ExtendedData>
                    <SchemaData schemaUrl="#dt_mvw_sv_eixo_svb_l_1">
                        <SimpleData name="id">655</SimpleData>
                        <SimpleData name="idoriginal">623</SimpleData>
                        <SimpleData name="classifvia">Via Coletora</SimpleData>
                    </SchemaData>
                </ExtendedData>
                <LineString>
                    <coordinates>-38.4781886074607,-3.8397475846848392 -38.47735282658218,-3.8402112872368233 -38.467355822684084,-3.8458836956625237</coordinates>
                </LineString>
            </Placemark>
            <Placemark id="dt_mvw_sv_eixo_svb_l.fid--4079df0f_18eae1488d1_1e0b">
                <ExtendedData>
                    <SchemaData schemaUrl="#dt_mvw_sv_eixo_svb_l_1">
                        <SimpleData name="id">656</SimpleData>
                        <SimpleData name="idoriginal">624</SimpleData>
                        <SimpleData name="classifvia">Via Coletora</SimpleData>
                    </SchemaData>
                </ExtendedData>
                <LineString>
                    <coordinates>-38.497749837252755,-3.8556475198335716 -38.497696336787385,-3.855380941181014 -38.49697779528633,-3.8513721029217463 -38.49696034435561,-3.8512859786357296 -38.49692016175129,-3.85116293315478 -38.4968537452138,-3.851004725270421 -38.49676805905466,-3.850876380951717 -38.49665735793355,-3.8507596291255246 -38.496533148023296,-3.8506646525494403 -38.496169203813075,-3.850486935456783 -38.49591197662995,-3.8503936392294014</coordinates>
                </LineString>
            </Placemark>
            <Placemark id="dt_mvw_sv_eixo_svb_l.fid--4079df0f_18eae1488d1_1e0c">
                <ExtendedData>
                    <SchemaData schemaUrl="#dt_mvw_sv_eixo_svb_l_1">
                        <SimpleData name="id">657</SimpleData>
                        <SimpleData name="idoriginal">625</SimpleData>
                        <SimpleData name="classifvia">Via Coletora</SimpleData>
                    </SchemaData>
                </ExtendedData>
                <LineString>
                    <coordinates>-38.5985492550882,-3.773249044528221 -38.59866268245658,-3.7732664316900797 -38.598820509970906,-3.773254123317627 -38.59902273551629,-3.7732269758880115 -38.600010581361225,-3.773086197450173 -38.60009196237384,-3.773078806749126 -38.60016840205747,-3.773088746862582 -38.60024237173724,-3.773111068806687 -38.60029414929856,-3.773130903915714 -38.60033852911081,-3.773150735610726 -38.60038537100872,-3.773175521629488 -38.60044453841145,-3.773212693239662 -38.60049876901908,-3.7732572938893507 -38.60054559735517,-3.7733117959734783 -38.601228070335196,-3.7742326344538215 -38.60127298637667,-3.7742805180908894 -38.60135738004999,-3.7743626079427077 -38.60144994613311,-3.7744405989193774 -38.60152890293156,-3.774495336426898 -38.601598336672495,-3.774535026070015 -38.601670940987134,-3.7745708122366106 -38.60174173850014,-3.7746009302091115 -38.601816620523614,-3.77463788674488 -38.6018765307282,-3.774658427416127 -38.60196912130801,-3.7746776160662026 -38.6020290358781,-3.774688582909315 -38.60213033997306,-3.774705346458555 -38.602206595602176,-3.774716320794012 -38.60587148088697,-3.775135533745915 -38.60611897951901,-3.775181156847544 -38.607256617176844,-3.7753990545462193 -38.607458794005396,-3.77544465826237 -38.60773767058551,-3.775483292926829 -38.6079259102736,-3.7755113854645206 -38.60931265623481,-3.7757086425775253 -38.61020506383266,-3.7758210708659816 -38.61161108699264,-3.7760042918674928 -38.61362282500793,-3.776246318331432 -38.61472161616454,-3.7763532341993935 -38.616372590643664,-3.776522008109035 -38.62150556366346,-3.7770518932515764</coordinates>
                </LineString>
            </Placemark>
            <Placemark id="dt_mvw_sv_eixo_svb_l.fid--4079df0f_18eae1488d1_1e0d">
                <ExtendedData>
                    <SchemaData schemaUrl="#dt_mvw_sv_eixo_svb_l_1">
                        <SimpleData name="id">658</SimpleData>
                        <SimpleData name="idoriginal">626</SimpleData>
                        <SimpleData name="classifvia">Via Coletora</SimpleData>
                    </SchemaData>
                </ExtendedData>
                <LineString>
                    <coordinates>-38.563981999653556,-3.83970874350043 -38.55963309210266,-3.8409639323529614 -38.55587478527518,-3.8421360558344557</coordinates>
                </LineString>
            </Placemark>
            <Placemark id="dt_mvw_sv_eixo_svb_l.fid--4079df0f_18eae1488d1_1e0e">
                <ExtendedData>
                    <SchemaData schemaUrl="#dt_mvw_sv_eixo_svb_l_1">
                        <SimpleData name="id">691</SimpleData>
                        <SimpleData name="idoriginal">660</SimpleData>
                        <SimpleData name="classifvia">Via Coletora</SimpleData>
                    </SchemaData>
                </ExtendedData>
                <LineString>
                    <coordinates>-38.61990334862316,-3.7920943246508854 -38.62019025073549,-3.791903309010345 -38.62030761396442,-3.791837900976997 -38.6204171524996,-3.7917777261616035 -38.62051103886499,-3.791735873228139 -38.62061013496289,-3.791704495934097 -38.6207092299134,-3.7916757373730863 -38.620787457781255,-3.791665298410572 -38.63050378003601,-3.79054695918445</coordinates>
                </LineString>
            </Placemark>
            <Placemark id="dt_mvw_sv_eixo_svb_l.fid--4079df0f_18eae1488d1_1e0f">
                <ExtendedData>
                    <SchemaData schemaUrl="#dt_mvw_sv_eixo_svb_l_1">
                        <SimpleData name="id">692</SimpleData>
                        <SimpleData name="idoriginal">661</SimpleData>
                        <SimpleData name="classifvia">Via Coletora</SimpleData>
                    </SchemaData>
                </ExtendedData>
                <LineString>
                    <coordinates>-38.495806046230726,-3.8559123909109276 -38.49218600728986,-3.856485688660559</coordinates>
                </LineString>
            </Placemark>
            <Placemark id="dt_mvw_sv_eixo_svb_l.fid--4079df0f_18eae1488d1_1e10">
                <ExtendedData>
                    <SchemaData schemaUrl="#dt_mvw_sv_eixo_svb_l_1">
                        <SimpleData name="id">837</SimpleData>
                        <SimpleData name="idoriginal">808</SimpleData>
                        <SimpleData name="classifvia">Via Coletora</SimpleData>
                    </SchemaData>
                </ExtendedData>
                <LineString>
                    <coordinates>-38.58299546018952,-3.7680546790769167 -38.580484582910444,-3.7632269697472585 -38.578882689023786,-3.760158676695213</coordinates>
                </LineString>
            </Placemark>
            <Placemark id="dt_mvw_sv_eixo_svb_l.fid--4079df0f_18eae1488d1_1e11">
                <ExtendedData>
                    <SchemaData schemaUrl="#dt_mvw_sv_eixo_svb_l_1">
                        <SimpleData name="id">659</SimpleData>
                        <SimpleData name="idoriginal">627</SimpleData>
                        <SimpleData name="classifvia">Via Coletora</SimpleData>
                    </SchemaData>
                </ExtendedData>
                <LineString>
                    <coordinates>-38.528578982915654,-3.803124195908656 -38.53173170086837,-3.803076019987133 -38.531811784026196,-3.8030732904299382 -38.53187806343716,-3.803073326512356 -38.53195538315394,-3.8030761417599006 -38.53201889762917,-3.803084495810434 -38.532065838092166,-3.8030872945153518 -38.53301450199778,-3.803209990545109 -38.53306972800001,-3.8032183354127147 -38.5331415283364,-3.8032183743969283 -38.533196758814796,-3.8032184043804063 -38.53326027779877,-3.8032184388591586 -38.54280714312322,-3.803109900109782 -38.54292865464886,-3.803107191537947 -38.54301703517728,-3.803087830956538 -38.54311369998707,-3.8030629284357715 -38.5431754232531,-3.803050868934685 -38.543269333440485,-3.8030148722693977 -38.543341149915385,-3.8029844101924426 -38.54341849736197,-3.8029484093205213 -38.543482029687574,-3.8029096279415437 -38.543548332533355,-3.8028652970894883 -38.54443288876588,-3.802221184650147 -38.544515761501074,-3.802163005868649 -38.54458483487772,-3.8020992688327744 -38.54464838018665,-3.8020355334702702 -38.544714701815025,-3.8019551651801606 -38.54477273492744,-3.8018747878904984 -38.54483078099464,-3.8017833225435447 -38.54486948377574,-3.801702935016321 -38.54490542609587,-3.80162255063264 -38.5456091213959,-3.7991318495804713 -38.5456423117771,-3.799034824686692 -38.545669956710185,-3.7989710702595 -38.545711425405074,-3.7988934572913897 -38.545739068879826,-3.7988324714201362 -38.545783298000366,-3.7987548645098843 -38.54584962514392,-3.798649537584062 -38.54589385134718,-3.7985774723912837 -38.54592977747431,-3.7985275835471057 -38.54598504397895,-3.798458297337298 -38.54603477230018,-3.798408415765326 -38.54609831422471,-3.7983640878061076 -38.546164607894234,-3.798336395687675 -38.546214320267694,-3.7983170143261784 -38.54884678163168,-3.7972822324428064</coordinates>
                </LineString>
            </Placemark>
            <Placemark id="dt_mvw_sv_eixo_svb_l.fid--4079df0f_18eae1488d1_1e12">
                <ExtendedData>
                    <SchemaData schemaUrl="#dt_mvw_sv_eixo_svb_l_1">
                        <SimpleData name="id">660</SimpleData>
                        <SimpleData name="idoriginal">628</SimpleData>
                        <SimpleData name="classifvia">Via Coletora</SimpleData>
                    </SchemaData>
                </ExtendedData>
                <LineString>
                    <coordinates>-38.4435661302386,-3.761003612342506 -38.44549573330387,-3.7619491010425037 -38.445661355305695,-3.761997871089284</coordinates>
                </LineString>
            </Placemark>
            <Placemark id="dt_mvw_sv_eixo_svb_l.fid--4079df0f_18eae1488d1_1e13">
                <ExtendedData>
                    <SchemaData schemaUrl="#dt_mvw_sv_eixo_svb_l_1">
                        <SimpleData name="id">661</SimpleData>
                        <SimpleData name="idoriginal">666</SimpleData>
                        <SimpleData name="classifvia">Via Coletora</SimpleData>
                    </SchemaData>
                </ExtendedData>
                <LineString>
                    <coordinates>-38.55554557857118,-3.8244371897624543 -38.555820038809735,-3.8253967462392278 -38.55609192251363,-3.82633388339507 -38.55624458958636,-3.8268300729096794 -38.55641840669248,-3.827388539214347 -38.556444691523616,-3.827508469003013 -38.556709532696644,-3.8283714560778987</coordinates>
                </LineString>
            </Placemark>
            <Placemark id="dt_mvw_sv_eixo_svb_l.fid--4079df0f_18eae1488d1_1e14">
                <ExtendedData>
                    <SchemaData schemaUrl="#dt_mvw_sv_eixo_svb_l_1">
                        <SimpleData name="id">662</SimpleData>
                        <SimpleData name="idoriginal">629</SimpleData>
                        <SimpleData name="classifvia">Via Coletora</SimpleData>
                    </SchemaData>
                </ExtendedData>
                <LineString>
                    <coordinates>-38.55786288877989,-3.8062121750324747 -38.55987012506003,-3.802979417937129 -38.55990441015277,-3.8029231543606024 -38.559930909368724,-3.802868450136387 -38.559952736009315,-3.802815306858427 -38.559979244792274,-3.802740278766742 -38.5603090581312,-3.8017619187064895 -38.560332409437905,-3.8016930763513295 -38.56037085637287,-3.8016090933035973 -38.56040518275594,-3.8015361255129267 -38.56045185050412,-3.801468672236947 -38.56051384899067,-3.801387028074529 -38.56161468255974,-3.8000105333332757 -38.561665165441,-3.7999510946714827 -38.561702488382224,-3.7998872439596156 -38.5617485985571,-3.7997991718592443 -38.56178153212132,-3.799739723780612 -38.56180130648157,-3.7996758641273742 -38.56181888171207,-3.7996230160084536 -38.562079008384664,-3.7987266124029753 -38.56210536894631,-3.798651744373356 -38.56213172728254,-3.7985812812147888 -38.56215588427658,-3.798526233521913 -38.56217346240687,-3.7984689800456266 -38.56219980297265,-3.7984337553927747 -38.56222834376246,-3.798385316765033 -38.562263461920615,-3.798343489261775 -38.56229638502082,-3.798306065514582 -38.56237538227534,-3.7982488432521992</coordinates>
                </LineString>
            </Placemark>
            <Placemark id="dt_mvw_sv_eixo_svb_l.fid--4079df0f_18eae1488d1_1e15">
                <ExtendedData>
                    <SchemaData schemaUrl="#dt_mvw_sv_eixo_svb_l_1">
                        <SimpleData name="id">663</SimpleData>
                        <SimpleData name="idoriginal">630</SimpleData>
                        <SimpleData name="classifvia">Via Coletora</SimpleData>
                    </SchemaData>
                </ExtendedData>
                <LineString>
                    <coordinates>-38.59687291788348,-3.7407022241052514 -38.596779794516834,-3.7425693422066666 -38.59677254903878,-3.7426447797070312 -38.596754615861194,-3.7427345986570444 -38.596726739234015,-3.7428304010584745 -38.596676987675835,-3.7429401668716755 -38.59662725144813,-3.743017994108483 -38.596567576328866,-3.7430918247241043 -38.596517852140416,-3.7431417054072447 -38.59646812593672,-3.7431975750701554 -38.59641632019283,-3.7432779195644907 -38.59638845630097,-3.7433457758751243 -38.59635461788675,-3.743437583946122 -38.596340672225594,-3.7435014541860943 -38.59632870600271,-3.743585287363547 -38.59597695398725,-3.7459593808778884 -38.59569618203824,-3.748155415754729</coordinates>
                </LineString>
            </Placemark>
            <Placemark id="dt_mvw_sv_eixo_svb_l.fid--4079df0f_18eae1488d1_1e16">
                <ExtendedData>
                    <SchemaData schemaUrl="#dt_mvw_sv_eixo_svb_l_1">
                        <SimpleData name="id">664</SimpleData>
                        <SimpleData name="idoriginal">631</SimpleData>
                        <SimpleData name="classifvia">Via Coletora</SimpleData>
                    </SchemaData>
                </ExtendedData>
                <LineString>
                    <coordinates>-38.490430715725786,-3.8292913151818997 -38.490343969569395,-3.829258001951249 -38.48801549498509,-3.82848104275057 -38.48794924875677,-3.8284619962272846 -38.487886155700664,-3.828446119706642 -38.4877820537931,-3.8284175475397264 -38.48770476149467,-3.8284048306098213 -38.48762747036022,-3.8283889455569122 -38.48755333311931,-3.8283762300349125 -38.48751232050633,-3.828369869669994 -38.48677313968748,-3.8282679613533905 -38.486591731672966,-3.8282488460118222 -38.48615471406749,-3.828307186355168</coordinates>
                </LineString>
            </Placemark>
            <Placemark id="dt_mvw_sv_eixo_svb_l.fid--4079df0f_18eae1488d1_1e17">
                <ExtendedData>
                    <SchemaData schemaUrl="#dt_mvw_sv_eixo_svb_l_1">
                        <SimpleData name="id">665</SimpleData>
                        <SimpleData name="idoriginal">632</SimpleData>
                        <SimpleData name="classifvia">Via Coletora</SimpleData>
                    </SchemaData>
                </ExtendedData>
                <LineString>
                    <coordinates>-38.51261244971164,-3.724050945714135 -38.51477796147859,-3.7308896246430963 -38.51577345315729,-3.7340730750230793 -38.51613374488192,-3.735243878588368 -38.51640355307358,-3.7360842064484685 -38.51667976938823,-3.7360627508291726 -38.51675613829019,-3.7363027558863036 -38.51755185599319,-3.738899854687812 -38.51802793333322,-3.7404529010737617 -38.518132478468914,-3.74079077153315 -38.51929747089939,-3.744426581088271 -38.51943844214306,-3.7471062368138335 -38.51947315457739,-3.747825439851656</coordinates>
                </LineString>
            </Placemark>
            <Placemark id="dt_mvw_sv_eixo_svb_l.fid--4079df0f_18eae1488d1_1e18">
                <ExtendedData>
                    <SchemaData schemaUrl="#dt_mvw_sv_eixo_svb_l_1">
                        <SimpleData name="id">666</SimpleData>
                        <SimpleData name="idoriginal">633</SimpleData>
                        <SimpleData name="classifvia">Via Coletora</SimpleData>
                    </SchemaData>
                </ExtendedData>
                <LineString>
                    <coordinates>-38.49486767742367,-3.783144047847284 -38.49543896353862,-3.785212324867523 -38.49610912108907,-3.787401127484547 -38.49659078985649,-3.789129003084433</coordinates>
                </LineString>
            </Placemark>
            <Placemark id="dt_mvw_sv_eixo_svb_l.fid--4079df0f_18eae1488d1_1e19">
                <ExtendedData>
                    <SchemaData schemaUrl="#dt_mvw_sv_eixo_svb_l_1">
                        <SimpleData name="id">667</SimpleData>
                        <SimpleData name="idoriginal">634</SimpleData>
                        <SimpleData name="classifvia">Via Coletora</SimpleData>
                    </SchemaData>
                </ExtendedData>
                <LineString>
                    <coordinates>-38.506723323662904,-3.751993430592355 -38.50679547254001,-3.752231944276144 -38.50709603677005,-3.753167691206117 -38.50766660729741,-3.7549472927862957 -38.50788666191364,-3.7556208945607192</coordinates>
                </LineString>
            </Placemark>
            <Placemark id="dt_mvw_sv_eixo_svb_l.fid--4079df0f_18eae1488d1_1e1a">
                <ExtendedData>
                    <SchemaData schemaUrl="#dt_mvw_sv_eixo_svb_l_1">
                        <SimpleData name="id">668</SimpleData>
                        <SimpleData name="idoriginal">635</SimpleData>
                        <SimpleData name="classifvia">Via Coletora</SimpleData>
                    </SchemaData>
                </ExtendedData>
                <LineString>
                    <coordinates>-38.55385876739075,-3.783789974550697 -38.55383275796211,-3.783742427546956 -38.55379730685909,-3.7836449652700797 -38.55279381952308,-3.7811181521165937 -38.550808093421324,-3.7761414926466053</coordinates>
                </LineString>
            </Placemark>
            <Placemark id="dt_mvw_sv_eixo_svb_l.fid--4079df0f_18eae1488d1_1e1b">
                <ExtendedData>
                    <SchemaData schemaUrl="#dt_mvw_sv_eixo_svb_l_1">
                        <SimpleData name="id">672</SimpleData>
                        <SimpleData name="idoriginal">639</SimpleData>
                        <SimpleData name="classifvia">Via Coletora</SimpleData>
                    </SchemaData>
                </ExtendedData>
                <LineString>
                    <coordinates>-38.51636190885405,-3.771751465509135 -38.516102326458096,-3.771699186899315 -38.51091672892647,-3.770692695506006</coordinates>
                </LineString>
            </Placemark>
            <Placemark id="dt_mvw_sv_eixo_svb_l.fid--4079df0f_18eae1488d1_1e1c">
                <ExtendedData>
                    <SchemaData schemaUrl="#dt_mvw_sv_eixo_svb_l_1">
                        <SimpleData name="id">673</SimpleData>
                        <SimpleData name="idoriginal">640</SimpleData>
                        <SimpleData name="classifvia">Via Coletora</SimpleData>
                    </SchemaData>
                </ExtendedData>
                <LineString>
                    <coordinates>-38.59210565887248,-3.7441886887377063 -38.59136699512867,-3.7493398064732735</coordinates>
                </LineString>
            </Placemark>
            <Placemark id="dt_mvw_sv_eixo_svb_l.fid--4079df0f_18eae1488d1_1e1d">
                <ExtendedData>
                    <SchemaData schemaUrl="#dt_mvw_sv_eixo_svb_l_1">
                        <SimpleData name="id">674</SimpleData>
                        <SimpleData name="idoriginal">641</SimpleData>
                        <SimpleData name="classifvia">Via Coletora</SimpleData>
                    </SchemaData>
                </ExtendedData>
                <LineString>
                    <coordinates>-38.54059717587873,-3.8032107184819823 -38.54256244610005,-3.8089223679699855</coordinates>
                </LineString>
            </Placemark>
            <Placemark id="dt_mvw_sv_eixo_svb_l.fid--4079df0f_18eae1488d1_1e1e">
                <ExtendedData>
                    <SchemaData schemaUrl="#dt_mvw_sv_eixo_svb_l_1">
                        <SimpleData name="id">675</SimpleData>
                        <SimpleData name="idoriginal">644</SimpleData>
                        <SimpleData name="classifvia">Via Coletora</SimpleData>
                    </SchemaData>
                </ExtendedData>
                <LineString>
                    <coordinates>-38.555909753643874,-3.7241043992080756 -38.55591776652322,-3.724161950397188 -38.55592412898432,-3.7242016889466085 -38.55593559549814,-3.7242465579467217 -38.55595343796484,-3.724304247488084 -38.555975109858544,-3.7243619394372 -38.555996785608485,-3.724411940526592 -38.556017264157646,-3.724450789308315 -38.55604149230028,-3.724503355151118 -38.556063157781146,-3.724573864884053 -38.55607333883842,-3.724636677948404 -38.55607330865373,-3.724696922386131 -38.55607073121736,-3.7247443472762423 -38.55605793049346,-3.7248161215482374 -38.55590821900316,-3.725394844170187</coordinates>
                </LineString>
            </Placemark>
            <Placemark id="dt_mvw_sv_eixo_svb_l.fid--4079df0f_18eae1488d1_1e1f">
                <ExtendedData>
                    <SchemaData schemaUrl="#dt_mvw_sv_eixo_svb_l_1">
                        <SimpleData name="id">676</SimpleData>
                        <SimpleData name="idoriginal">645</SimpleData>
                        <SimpleData name="classifvia">Via Coletora</SimpleData>
                    </SchemaData>
                </ExtendedData>
                <LineString>
                    <coordinates>-38.51888930712896,-3.799465251369405 -38.51447527361229,-3.8003917863567835</coordinates>
                </LineString>
            </Placemark>
            <Placemark id="dt_mvw_sv_eixo_svb_l.fid--4079df0f_18eae1488d1_1e20">
                <ExtendedData>
                    <SchemaData schemaUrl="#dt_mvw_sv_eixo_svb_l_1">
                        <SimpleData name="id">677</SimpleData>
                        <SimpleData name="idoriginal">646</SimpleData>
                        <SimpleData name="classifvia">Via Coletora</SimpleData>
                    </SchemaData>
                </ExtendedData>
                <LineString>
                    <coordinates>-38.464683123517545,-3.81347800403583 -38.46445915932303,-3.813521102122226 -38.46230171805223,-3.8139092636886764 -38.46219260819872,-3.8139293732016504 -38.46210933821128,-3.813946615942782 -38.462030864770604,-3.813972941826442 -38.459945110638785,-3.814588795044278 -38.4598934240219,-3.814603174954658 -38.459850353458066,-3.814611795773521 -38.459798666838985,-3.8146261756777604 -38.45932647698629,-3.8147477944083352 -38.45927479143391,-3.8147592917856117 -38.459220235543704,-3.8147707873490457 -38.45915419000802,-3.8147909236124447 -38.45910824657094,-3.814802424601445 -38.45862500551524,-3.8149291425696386 -38.458518257802886,-3.8149522228366988 -38.458377543985435,-3.814982218952865 -38.45800047165823,-3.8150440856796384 -38.45718366245191,-3.815104040055968 -38.456622947080966,-3.815158739643601 -38.45651413655272,-3.8151633189821936 -38.456430787554,-3.815174887891526 -38.45555332786567,-3.815255682849156 -38.455278822719976,-3.815307724809077 -38.45520416754645,-3.8153220902944955 -38.45200718057889,-3.8160220264671296 -38.4503733444654,-3.8163985924516153</coordinates>
                </LineString>
            </Placemark>
            <Placemark id="dt_mvw_sv_eixo_svb_l.fid--4079df0f_18eae1488d1_1e21">
                <ExtendedData>
                    <SchemaData schemaUrl="#dt_mvw_sv_eixo_svb_l_1">
                        <SimpleData name="id">678</SimpleData>
                        <SimpleData name="idoriginal">647</SimpleData>
                        <SimpleData name="classifvia">Via Coletora</SimpleData>
                    </SchemaData>
                </ExtendedData>
                <LineString>
                    <coordinates>-38.4797077945644,-3.8259058234452263 -38.47963582392933,-3.825818506648807 -38.479541499953044,-3.825733669915088 -38.47947695462474,-3.825688747285556 -38.47938757811084,-3.82563632897571 -38.47930812506524,-3.8256013714875112 -38.479218733517556,-3.825573888493665 -38.47911940346722,-3.825553879519552 -38.47903993086524,-3.825551337891283 -38.47896542146506,-3.825556279363892 -38.47890333220675,-3.8255562415211064 -38.4788511716375,-3.8255661839560546 -38.47538855596355,-3.8261230483171373 -38.4727125163544,-3.826630912705194 -38.47224555894605,-3.8267104168310615 -38.472178495043,-3.826722842836656 -38.47210646414125,-3.826735265768802 -38.47201704991224,-3.8267451847546137 -38.4718605717747,-3.8267675297103114 -38.47178854311794,-3.8267774594147745 -38.471716512210406,-3.82678988231262 -38.46954439652106,-3.827167891681538</coordinates>
                </LineString>
            </Placemark>
            <Placemark id="dt_mvw_sv_eixo_svb_l.fid--4079df0f_18eae1488d1_1e22">
                <ExtendedData>
                    <SchemaData schemaUrl="#dt_mvw_sv_eixo_svb_l_1">
                        <SimpleData name="id">679</SimpleData>
                        <SimpleData name="idoriginal">648</SimpleData>
                        <SimpleData name="classifvia">Via Coletora</SimpleData>
                    </SchemaData>
                </ExtendedData>
                <LineString>
                    <coordinates>-38.59831069511708,-3.7163495252523613 -38.598356474478756,-3.7165403763178544 -38.598773081670906,-3.7179896681778684 -38.59960027109452,-3.720808938470164</coordinates>
                </LineString>
            </Placemark>
            <Placemark id="dt_mvw_sv_eixo_svb_l.fid--4079df0f_18eae1488d1_1e23">
                <ExtendedData>
                    <SchemaData schemaUrl="#dt_mvw_sv_eixo_svb_l_1">
                        <SimpleData name="id">680</SimpleData>
                        <SimpleData name="idoriginal">649</SimpleData>
                        <SimpleData name="classifvia">Via Coletora</SimpleData>
                    </SchemaData>
                </ExtendedData>
                <LineString>
                    <coordinates>-38.596069010853576,-3.7086294257149546 -38.596297639972065,-3.709423165057186 -38.597065666101834,-3.7120698302397663</coordinates>
                </LineString>
            </Placemark>
            <Placemark id="dt_mvw_sv_eixo_svb_l.fid--4079df0f_18eae1488d1_1e24">
                <ExtendedData>
                    <SchemaData schemaUrl="#dt_mvw_sv_eixo_svb_l_1">
                        <SimpleData name="id">681</SimpleData>
                        <SimpleData name="idoriginal">650</SimpleData>
                        <SimpleData name="classifvia">Via Coletora</SimpleData>
                    </SchemaData>
                </ExtendedData>
                <LineString>
                    <coordinates>-38.61167637996667,-3.757416520624819 -38.61260629408886,-3.7594197307391517 -38.612627243920606,-3.7594609599904403 -38.61330105300464,-3.7610922026876796 -38.61333712620173,-3.761176820841861 -38.61336117362293,-3.7612372616858347 -38.6133828226354,-3.7612759468451715 -38.61395588184956,-3.762373243309547 -38.61398714778175,-3.762440938887928 -38.61427814042165,-3.763125139016708 -38.6143000519805,-3.7631746493889175 -38.61431928681578,-3.763230253391976 -38.6143361189646,-3.7632737710854727 -38.61434573266327,-3.763310033050694 -38.614531081307774,-3.7639128110227875 -38.61454310562018,-3.7639418225165224 -38.615397336050364,-3.765919372500125 -38.61542414611467,-3.7659877810821483 -38.61545060485324,-3.7660385545659154 -38.61547225359204,-3.7660796565422854 -38.61569354083049,-3.7665196870335698 -38.61572498417175,-3.766583355056498 -38.61574903611512,-3.7666341269764314 -38.61578511291215,-3.7667114940195736 -38.615816382292806,-3.7667719380168867 -38.61583562364303,-3.7668130389218137 -38.61646386393186,-3.768265534006336 -38.616485511706315,-3.7683090538022164 -38.61651437375793,-3.7683694967191004 -38.61696205499048,-3.7690398040895063 -38.61734010616638,-3.7695680255149355 -38.618043420688124,-3.7704733776913124 -38.618069883915126,-3.7705144822349057 -38.61810837646035,-3.770574929355036 -38.61951195851548,-3.7733010074687217 -38.62022938864281,-3.7746931254463245 -38.621447142279145,-3.7770019700850397</coordinates>
                </LineString>
            </Placemark>
            <Placemark id="dt_mvw_sv_eixo_svb_l.fid--4079df0f_18eae1488d1_1e25">
                <ExtendedData>
                    <SchemaData schemaUrl="#dt_mvw_sv_eixo_svb_l_1">
                        <SimpleData name="id">682</SimpleData>
                        <SimpleData name="idoriginal">651</SimpleData>
                        <SimpleData name="classifvia">Via Coletora</SimpleData>
                    </SchemaData>
                </ExtendedData>
                <LineString>
                    <coordinates>-38.59677071966218,-3.7216654974382513 -38.59952550147782,-3.7208645646719183 -38.602995960222714,-3.7198577263106603</coordinates>
                </LineString>
            </Placemark>
            <Placemark id="dt_mvw_sv_eixo_svb_l.fid--4079df0f_18eae1488d1_1e26">
                <ExtendedData>
                    <SchemaData schemaUrl="#dt_mvw_sv_eixo_svb_l_1">
                        <SimpleData name="id">683</SimpleData>
                        <SimpleData name="idoriginal">652</SimpleData>
                        <SimpleData name="classifvia">Via Coletora</SimpleData>
                    </SchemaData>
                </ExtendedData>
                <LineString>
                    <coordinates>-38.5610001326066,-3.834599395912588 -38.56098557827608,-3.8346399206367927 -38.560945185357994,-3.8346820535458197 -38.56090319007089,-3.834699866298518 -38.56086927279143,-3.8347095767651687 -38.556430917133575,-3.836066932398069 -38.55418317743932,-3.8367436914616753</coordinates>
                </LineString>
            </Placemark>
            <Placemark id="dt_mvw_sv_eixo_svb_l.fid--4079df0f_18eae1488d1_1e27">
                <ExtendedData>
                    <SchemaData schemaUrl="#dt_mvw_sv_eixo_svb_l_1">
                        <SimpleData name="id">684</SimpleData>
                        <SimpleData name="idoriginal">653</SimpleData>
                        <SimpleData name="classifvia">Via Coletora</SimpleData>
                    </SchemaData>
                </ExtendedData>
                <LineString>
                    <coordinates>-38.51019019038054,-3.8683143303332392 -38.51397865051983,-3.88147130634297</coordinates>
                </LineString>
            </Placemark>
            <Placemark id="dt_mvw_sv_eixo_svb_l.fid--4079df0f_18eae1488d1_1e28">
                <ExtendedData>
                    <SchemaData schemaUrl="#dt_mvw_sv_eixo_svb_l_1">
                        <SimpleData name="id">685</SimpleData>
                        <SimpleData name="idoriginal">654</SimpleData>
                        <SimpleData name="classifvia">Via Coletora</SimpleData>
                    </SchemaData>
                </ExtendedData>
                <LineString>
                    <coordinates>-38.50924188696948,-3.864627762176693 -38.50926265552978,-3.8647265052376425 -38.510104119514295,-3.867887531427985</coordinates>
                </LineString>
            </Placemark>
            <Placemark id="dt_mvw_sv_eixo_svb_l.fid--4079df0f_18eae1488d1_1e29">
                <ExtendedData>
                    <SchemaData schemaUrl="#dt_mvw_sv_eixo_svb_l_1">
                        <SimpleData name="id">686</SimpleData>
                        <SimpleData name="idoriginal">655</SimpleData>
                        <SimpleData name="classifvia">Via Coletora</SimpleData>
                    </SchemaData>
                </ExtendedData>
                <LineString>
                    <coordinates>-38.47640271892749,-3.7225298060268535 -38.476512385995946,-3.7226027728923716 -38.4765994650759,-3.7226757262878185 -38.47666396252553,-3.722738946108069 -38.47671071720498,-3.7227956752781837 -38.476754242252014,-3.722857262580171 -38.476789704535186,-3.7229107449822147 -38.47926957832805,-3.726631572885508</coordinates>
                </LineString>
            </Placemark>
            <Placemark id="dt_mvw_sv_eixo_svb_l.fid--4079df0f_18eae1488d1_1e2a">
                <ExtendedData>
                    <SchemaData schemaUrl="#dt_mvw_sv_eixo_svb_l_1">
                        <SimpleData name="id">687</SimpleData>
                        <SimpleData name="idoriginal">656</SimpleData>
                        <SimpleData name="classifvia">Via Coletora</SimpleData>
                    </SchemaData>
                </ExtendedData>
                <LineString>
                    <coordinates>-38.560596590023614,-3.801417058651976 -38.56585413232689,-3.8051723888363242 -38.56579891247343,-3.805207366259652 -38.56584822938487,-3.8053561629689434 -38.56786398633118,-3.8115357984183107 -38.567894739342755,-3.8116287283042998 -38.567921257775616,-3.8116882023833507 -38.56796817882891,-3.8117866444074027 -38.568000820255484,-3.811852273322743 -38.56804162487464,-3.811930207921094 -38.56809684820908,-3.81203340455269 -38.568127449680496,-3.812094931053151 -38.568153962003116,-3.81216670798908 -38.56816823897733,-3.812203621833041 -38.56818658873936,-3.8122630924405616 -38.569072441662854,-3.814912690800986</coordinates>
                </LineString>
            </Placemark>
            <Placemark id="dt_mvw_sv_eixo_svb_l.fid--4079df0f_18eae1488d1_1e2b">
                <ExtendedData>
                    <SchemaData schemaUrl="#dt_mvw_sv_eixo_svb_l_1">
                        <SimpleData name="id">688</SimpleData>
                        <SimpleData name="idoriginal">657</SimpleData>
                        <SimpleData name="classifvia">Via Coletora</SimpleData>
                    </SchemaData>
                </ExtendedData>
                <LineString>
                    <coordinates>-38.55385876739075,-3.783789974550697 -38.553830384019435,-3.7837566864354173</coordinates>
                </LineString>
            </Placemark>
            <Placemark id="dt_mvw_sv_eixo_svb_l.fid--4079df0f_18eae1488d1_1e2c">
                <ExtendedData>
                    <SchemaData schemaUrl="#dt_mvw_sv_eixo_svb_l_1">
                        <SimpleData name="id">689</SimpleData>
                        <SimpleData name="idoriginal">658</SimpleData>
                        <SimpleData name="classifvia">Via Coletora</SimpleData>
                    </SchemaData>
                </ExtendedData>
                <LineString>
                    <coordinates>-38.58848216579983,-3.8265038256407413 -38.588527138786134,-3.826540553801294 -38.58857810660568,-3.826587468763864 -38.58861673165589,-3.826629065228574 -38.58866225062729,-3.8266872963213907 -38.588688455791164,-3.82672611505613 -38.58870638501925,-3.8267538424018595 -38.58908337075082,-3.8276753629616147 -38.58977883356488,-3.8293029474976055 -38.590362232732005,-3.8308443434208908</coordinates>
                </LineString>
            </Placemark>
            <Placemark id="dt_mvw_sv_eixo_svb_l.fid--4079df0f_18eae1488d1_1e2d">
                <ExtendedData>
                    <SchemaData schemaUrl="#dt_mvw_sv_eixo_svb_l_1">
                        <SimpleData name="id">690</SimpleData>
                        <SimpleData name="idoriginal">659</SimpleData>
                        <SimpleData name="classifvia">Via Coletora</SimpleData>
                    </SchemaData>
                </ExtendedData>
                <LineString>
                    <coordinates>-38.59805007929581,-3.812766213386825 -38.59811666127338,-3.8127409136794865 -38.6053109721447,-3.808246432913764</coordinates>
                </LineString>
            </Placemark>
            <Placemark id="dt_mvw_sv_eixo_svb_l.fid--4079df0f_18eae1488d1_1e2e">
                <ExtendedData>
                    <SchemaData schemaUrl="#dt_mvw_sv_eixo_svb_l_1">
                        <SimpleData name="id">693</SimpleData>
                        <SimpleData name="idoriginal">662</SimpleData>
                        <SimpleData name="classifvia">Via Coletora</SimpleData>
                    </SchemaData>
                </ExtendedData>
                <LineString>
                    <coordinates>-38.4768712087087,-3.815358720998367 -38.4806659852917,-3.8199321888744824 -38.48070598468966,-3.8199809273659255 -38.48074478277023,-3.8200101797205 -38.48079449230949,-3.8200491816319513 -38.48083693096446,-3.8200760004556655 -38.481430368846404,-3.8204336480235592</coordinates>
                </LineString>
            </Placemark>
            <Placemark id="dt_mvw_sv_eixo_svb_l.fid--4079df0f_18eae1488d1_1e2f">
                <ExtendedData>
                    <SchemaData schemaUrl="#dt_mvw_sv_eixo_svb_l_1">
                        <SimpleData name="id">694</SimpleData>
                        <SimpleData name="idoriginal">663</SimpleData>
                        <SimpleData name="classifvia">Via Coletora</SimpleData>
                    </SchemaData>
                </ExtendedData>
                <LineString>
                    <coordinates>-38.48221947425442,-3.830320920021034 -38.476814558398104,-3.83089010722352</coordinates>
                </LineString>
            </Placemark>
            <Placemark id="dt_mvw_sv_eixo_svb_l.fid--4079df0f_18eae1488d1_1e30">
                <ExtendedData>
                    <SchemaData schemaUrl="#dt_mvw_sv_eixo_svb_l_1">
                        <SimpleData name="id">695</SimpleData>
                        <SimpleData name="idoriginal">664</SimpleData>
                        <SimpleData name="classifvia">Via Coletora</SimpleData>
                    </SchemaData>
                </ExtendedData>
                <LineString>
                    <coordinates>-38.550318251104805,-3.776531132086788 -38.55038101782093,-3.7764120555043195 -38.55042627874538,-3.776357578812535 -38.55051316425069,-3.7762831407790087 -38.55059641455962,-3.776239583926166 -38.55064165864729,-3.776217807136615 -38.554352700963236,-3.774933548485403</coordinates>
                </LineString>
            </Placemark>
            <Placemark id="dt_mvw_sv_eixo_svb_l.fid--4079df0f_18eae1488d1_1e31">
                <ExtendedData>
                    <SchemaData schemaUrl="#dt_mvw_sv_eixo_svb_l_1">
                        <SimpleData name="id">696</SimpleData>
                        <SimpleData name="idoriginal">665</SimpleData>
                        <SimpleData name="classifvia">Via Coletora</SimpleData>
                    </SchemaData>
                </ExtendedData>
                <LineString>
                    <coordinates>-38.557555113980015,-3.831151534953807 -38.55787156758163,-3.832214571788251 -38.557929698931105,-3.832351558890493 -38.55814589865602,-3.833161328043576 -38.55817496145844,-3.8332362133267717 -38.55880050809782,-3.835295778734509 -38.559352935640916,-3.8371465506701856 -38.559589383636364,-3.8379186057401617 -38.56043089757172,-3.8406804657079254</coordinates>
                </LineString>
            </Placemark>
            <Placemark id="dt_mvw_sv_eixo_svb_l.fid--4079df0f_18eae1488d1_1e32">
                <ExtendedData>
                    <SchemaData schemaUrl="#dt_mvw_sv_eixo_svb_l_1">
                        <SimpleData name="id">697</SimpleData>
                        <SimpleData name="idoriginal">668</SimpleData>
                        <SimpleData name="classifvia">Via Arterial II</SimpleData>
                    </SchemaData>
                </ExtendedData>
                <LineString>
                    <coordinates>-38.52639045585803,-3.732918736769211 -38.527350333826355,-3.7358302957764105 -38.52798440056105,-3.73770520346927 -38.52970918261081,-3.7428175044241687 -38.531312303226485,-3.747603966042486</coordinates>
                </LineString>
            </Placemark>
            <Placemark id="dt_mvw_sv_eixo_svb_l.fid--4079df0f_18eae1488d1_1e33">
                <ExtendedData>
                    <SchemaData schemaUrl="#dt_mvw_sv_eixo_svb_l_1">
                        <SimpleData name="id">698</SimpleData>
                        <SimpleData name="idoriginal">669</SimpleData>
                        <SimpleData name="classifvia">Via Coletora</SimpleData>
                    </SchemaData>
                </ExtendedData>
                <LineString>
                    <coordinates>-38.48599474913151,-3.828296582367207 -38.48592936700671,-3.8282909556991593 -38.4858775106224,-3.828290924493794 -38.484680722173806,-3.8282956234468584 -38.4832580802719,-3.8283123018737926 -38.48281928222034,-3.8283120363474437 -38.4825660519506,-3.8283009237465113 -38.48228883177443,-3.828250344036538</coordinates>
                </LineString>
            </Placemark>
            <Placemark id="dt_mvw_sv_eixo_svb_l.fid--4079df0f_18eae1488d1_1e34">
                <ExtendedData>
                    <SchemaData schemaUrl="#dt_mvw_sv_eixo_svb_l_1">
                        <SimpleData name="id">699</SimpleData>
                        <SimpleData name="idoriginal">670</SimpleData>
                        <SimpleData name="classifvia">Via Coletora</SimpleData>
                    </SchemaData>
                </ExtendedData>
                <LineString>
                    <coordinates>-38.48278606457091,-3.807037485372302 -38.484251201456274,-3.8063306206755874 -38.48431922045679,-3.80629915033684 -38.484384620938634,-3.80627424275199 -38.484434322465255,-3.8062585172308125 -38.48447653747882,-3.806241862888501 -38.496361101290624,-3.8023244914152277</coordinates>
                </LineString>
            </Placemark>
            <Placemark id="dt_mvw_sv_eixo_svb_l.fid--4079df0f_18eae1488d1_1e35">
                <ExtendedData>
                    <SchemaData schemaUrl="#dt_mvw_sv_eixo_svb_l_1">
                        <SimpleData name="id">700</SimpleData>
                        <SimpleData name="idoriginal">671</SimpleData>
                        <SimpleData name="classifvia">Via Coletora</SimpleData>
                    </SchemaData>
                </ExtendedData>
                <LineString>
                    <coordinates>-38.48267600503164,-3.807062605796929 -38.48125997856816,-3.807409412379079 -38.48118139050343,-3.807427116149937 -38.48112441575565,-3.807436943426407 -38.48107726618577,-3.80744283233815 -38.47890150100447,-3.8079251548838475</coordinates>
                </LineString>
            </Placemark>
            <Placemark id="dt_mvw_sv_eixo_svb_l.fid--4079df0f_18eae1488d1_1e36">
                <ExtendedData>
                    <SchemaData schemaUrl="#dt_mvw_sv_eixo_svb_l_1">
                        <SimpleData name="id">701</SimpleData>
                        <SimpleData name="idoriginal">672</SimpleData>
                        <SimpleData name="classifvia">Via Coletora</SimpleData>
                    </SchemaData>
                </ExtendedData>
                <LineString>
                    <coordinates>-38.54367166184322,-3.762703290457034 -38.54352010682612,-3.7625363099339104 -38.54303640413606,-3.7619242199594 -38.542987151040634,-3.7618470876020704 -38.54295013787962,-3.7617776936042095 -38.54292313263239,-3.761718359506189 -38.54290713764461,-3.7616680798017907 -38.54240178605418,-3.7600072254400025</coordinates>
                </LineString>
            </Placemark>
            <Placemark id="dt_mvw_sv_eixo_svb_l.fid--4079df0f_18eae1488d1_1e37">
                <ExtendedData>
                    <SchemaData schemaUrl="#dt_mvw_sv_eixo_svb_l_1">
                        <SimpleData name="id">702</SimpleData>
                        <SimpleData name="idoriginal">673</SimpleData>
                        <SimpleData name="classifvia">Via Coletora</SimpleData>
                    </SchemaData>
                </ExtendedData>
                <LineString>
                    <coordinates>-38.48809147903127,-3.7963345198416634 -38.48866820064503,-3.8011974309721324</coordinates>
                </LineString>
            </Placemark>
            <Placemark id="dt_mvw_sv_eixo_svb_l.fid--4079df0f_18eae1488d1_1e38">
                <ExtendedData>
                    <SchemaData schemaUrl="#dt_mvw_sv_eixo_svb_l_1">
                        <SimpleData name="id">703</SimpleData>
                        <SimpleData name="idoriginal">674</SimpleData>
                        <SimpleData name="classifvia">Via Coletora</SimpleData>
                    </SchemaData>
                </ExtendedData>
                <LineString>
                    <coordinates>-38.508466756942894,-3.792868821110764 -38.50818850950386,-3.792705219441624 -38.50656334683522,-3.791933271370005 -38.502885955487336,-3.790798500656486</coordinates>
                </LineString>
            </Placemark>
            <Placemark id="dt_mvw_sv_eixo_svb_l.fid--4079df0f_18eae1488d1_1e39">
                <ExtendedData>
                    <SchemaData schemaUrl="#dt_mvw_sv_eixo_svb_l_1">
                        <SimpleData name="id">704</SimpleData>
                        <SimpleData name="idoriginal">675</SimpleData>
                        <SimpleData name="classifvia">Via Coletora</SimpleData>
                    </SchemaData>
                </ExtendedData>
                <LineString>
                    <coordinates>-38.441096849729256,-3.766087014059182 -38.443172949221896,-3.7671040190727267</coordinates>
                </LineString>
            </Placemark>
            <Placemark id="dt_mvw_sv_eixo_svb_l.fid--4079df0f_18eae1488d1_1e3a">
                <ExtendedData>
                    <SchemaData schemaUrl="#dt_mvw_sv_eixo_svb_l_1">
                        <SimpleData name="id">705</SimpleData>
                        <SimpleData name="idoriginal">676</SimpleData>
                        <SimpleData name="classifvia">Via Coletora</SimpleData>
                    </SchemaData>
                </ExtendedData>
                <LineString>
                    <coordinates>-38.494958001181956,-3.764287750717322 -38.49263266674895,-3.7652592752491625 -38.49252143589145,-3.7653062241560087 -38.49240434504622,-3.7653649226168935 -38.49230774332244,-3.7654177563010807 -38.492217000836575,-3.765458839926427 -38.49214966615698,-3.765505813965418 -38.49210575290835,-3.765535171965616 -38.49201499848024,-3.7655968241355695 -38.49038268404745,-3.766754130675436 -38.49025178576004,-3.766839337676237 -38.490150741871034,-3.7669038168094517 -38.490017553952924,-3.766977497373541 -38.48989126076407,-3.767037352192065 -38.48977645149046,-3.7670879938906694 -38.48963543790009,-3.767143884760578 -38.48949767892759,-3.767182988353972 -38.489371397774725,-3.7672220981975717 -38.489206091993545,-3.767261185059094 -38.48907293157854,-3.7672887662372285 -38.48899028705394,-3.7672933275140594 -38.48891911632402,-3.7673048106628224 -38.48885713665919,-3.7673024689686385</coordinates>
                </LineString>
            </Placemark>
            <Placemark id="dt_mvw_sv_eixo_svb_l.fid--4079df0f_18eae1488d1_1e3b">
                <ExtendedData>
                    <SchemaData schemaUrl="#dt_mvw_sv_eixo_svb_l_1">
                        <SimpleData name="id">706</SimpleData>
                        <SimpleData name="idoriginal">852</SimpleData>
                        <SimpleData name="classifvia">Via Arterial II</SimpleData>
                    </SchemaData>
                </ExtendedData>
                <LineString>
                    <coordinates>-38.53562988618329,-3.7352207192506484 -38.535879144529744,-3.7357401189493418 -38.53726561285601,-3.73713552193032</coordinates>
                </LineString>
            </Placemark>
            <Placemark id="dt_mvw_sv_eixo_svb_l.fid--4079df0f_18eae1488d1_1e3c">
                <ExtendedData>
                    <SchemaData schemaUrl="#dt_mvw_sv_eixo_svb_l_1">
                        <SimpleData name="id">707</SimpleData>
                        <SimpleData name="idoriginal">677</SimpleData>
                        <SimpleData name="classifvia">Via Coletora</SimpleData>
                    </SchemaData>
                </ExtendedData>
                <LineString>
                    <coordinates>-38.4708675464828,-3.8164361356314007 -38.47198400549589,-3.823884713230354 -38.47200376518864,-3.8239951869034345 -38.47203657680997,-3.8241096542470023 -38.47206064876098,-3.824177897142238 -38.47222474872965,-3.8246820058428592 -38.47224667721778,-3.824764396316411 -38.47226416001694,-3.824852443512314 -38.472283845943814,-3.824922884311706 -38.472290398047335,-3.8249625046194007 -38.47260072795558,-3.8266061049241347</coordinates>
                </LineString>
            </Placemark>
            <Placemark id="dt_mvw_sv_eixo_svb_l.fid--4079df0f_18eae1488d1_1e3d">
                <ExtendedData>
                    <SchemaData schemaUrl="#dt_mvw_sv_eixo_svb_l_1">
                        <SimpleData name="id">708</SimpleData>
                        <SimpleData name="idoriginal">678</SimpleData>
                        <SimpleData name="classifvia">Via Coletora</SimpleData>
                    </SchemaData>
                </ExtendedData>
                <LineString>
                    <coordinates>-38.5019781462861,-3.8378301803853527 -38.502475019315,-3.8384891536825303 -38.50350325590121,-3.8398606434199083 -38.50463115594543,-3.841472001725973 -38.50469151569695,-3.841544497347798 -38.50473437671791,-3.8415896310269093 -38.50478336780115,-3.8416286166889497 -38.504850736787496,-3.8416717140916163 -38.50559012916243,-3.8421651918293165 -38.50564932812494,-3.8422103349609174 -38.50573301264742,-3.8422923989488718 -38.5057758666824,-3.8423498347965976 -38.5058105435306,-3.8424216186367057 -38.505835014482386,-3.842485194916523 -38.50612701589324,-3.8432549605318966</coordinates>
                </LineString>
            </Placemark>
            <Placemark id="dt_mvw_sv_eixo_svb_l.fid--4079df0f_18eae1488d1_1e3e">
                <ExtendedData>
                    <SchemaData schemaUrl="#dt_mvw_sv_eixo_svb_l_1">
                        <SimpleData name="id">709</SimpleData>
                        <SimpleData name="idoriginal">679</SimpleData>
                        <SimpleData name="classifvia">Via Arterial I</SimpleData>
                    </SchemaData>
                </ExtendedData>
                <LineString>
                    <coordinates>-38.53404755074959,-3.7453471538342558 -38.534864221075985,-3.74520523796499 -38.53492659491046,-3.745213812021421 -38.534986126185636,-3.745236620071162 -38.53504847971992,-3.7452850530658863 -38.535130680787084,-3.7453334961493585 -38.53518735299764,-3.745401854877546 -38.535238355163735,-3.745467363957428</coordinates>
                </LineString>
            </Placemark>
            <Placemark id="dt_mvw_sv_eixo_svb_l.fid--4079df0f_18eae1488d1_1e3f">
                <ExtendedData>
                    <SchemaData schemaUrl="#dt_mvw_sv_eixo_svb_l_1">
                        <SimpleData name="id">710</SimpleData>
                        <SimpleData name="idoriginal">708</SimpleData>
                        <SimpleData name="classifvia">Via Coletora</SimpleData>
                    </SchemaData>
                </ExtendedData>
                <LineString>
                    <coordinates>-38.465177338978336,-3.835218355414071 -38.46139486101456,-3.8329919736785247 -38.46132194308424,-3.832945179249685 -38.46123816137573,-3.832896819660096 -38.461233518212424,-3.8328765588757285 -38.46116527369705,-3.8328017185457885 -38.459740695988096,-3.8311613902471224 -38.45969593073056,-3.831110519239626 -38.4596414311511,-3.831053775891103 -38.459586920537,-3.831014631560157 -38.45948958479485,-3.830936350781521</coordinates>
                </LineString>
            </Placemark>
            <Placemark id="dt_mvw_sv_eixo_svb_l.fid--4079df0f_18eae1488d1_1e40">
                <ExtendedData>
                    <SchemaData schemaUrl="#dt_mvw_sv_eixo_svb_l_1">
                        <SimpleData name="id">711</SimpleData>
                        <SimpleData name="idoriginal">680</SimpleData>
                        <SimpleData name="classifvia">Via Coletora</SimpleData>
                    </SchemaData>
                </ExtendedData>
                <LineString>
                    <coordinates>-38.59511960570345,-3.708645030826485 -38.595235525433516,-3.708647412004861 -38.595358407459656,-3.7086335001927733 -38.59789837160623,-3.708368814780995 -38.59794259667965,-3.7083702675359387 -38.59796684441099,-3.708381738829209 -38.598003923939046,-3.7084104065659065 -38.598018180088665,-3.708433334015493 -38.59803243680514,-3.708453396287007 -38.59804241221232,-3.708477753898971 -38.598889686743775,-3.7104266942748234 -38.59894248474955,-3.7105454949566608 -38.59897012563962,-3.7106415399353523 -38.59901034758501,-3.7107426446003777 -38.59905055317603,-3.710881656820874 -38.59908574379301,-3.7109777052328465 -38.599128481025204,-3.7110838654761023 -38.599679414118654,-3.7124695399715915 -38.599718841186366,-3.712565811642786 -38.59974418734452,-3.712628104693983 -38.59976389287138,-3.7126932266353316 -38.59978077689936,-3.712764009251873 -38.599817376113734,-3.71288009648702 -38.599851172224376,-3.7129593792486237 -38.59988496706578,-3.713041493462653 -38.59990467770675,-3.7130952914895077 -38.60094753838192,-3.7154799563281307 -38.601688853816185,-3.717174818436554 -38.60172598308167,-3.717249467172448 -38.60177301722839,-3.7173340715680627 -38.60183244566384,-3.7174037548070045 -38.60190673251848,-3.717488371532663 -38.602348263741725,-3.71797730515113 -38.60240274168346,-3.7180370354193557 -38.60244730844151,-3.718099248761714 -38.60248939395747,-3.718171412158357 -38.60251909561001,-3.7182336192542156 -38.60255901554172,-3.718306686063247 -38.602591185425545,-3.7183912837098485 -38.60262087483859,-3.7184808558236693 -38.6031349975786,-3.7202216411632287 -38.60316826869666,-3.720294113583602 -38.60319044435532,-3.720355433300088 -38.60321817933234,-3.720397248367405 -38.60328751953807,-3.720494818309716 -38.60400925987502,-3.7215197370774633 -38.60405640210638,-3.7216061497510626 -38.60410354631878,-3.7216897751438363 -38.60414236142447,-3.7217789708673106 -38.60416452722644,-3.7218625854789464 -38.60418114792394,-3.721932263567108 -38.60438271054272,-3.7229881771614832</coordinates>
                </LineString>
            </Placemark>
            <Placemark id="dt_mvw_sv_eixo_svb_l.fid--4079df0f_18eae1488d1_1e41">
                <ExtendedData>
                    <SchemaData schemaUrl="#dt_mvw_sv_eixo_svb_l_1">
                        <SimpleData name="id">712</SimpleData>
                        <SimpleData name="idoriginal">681</SimpleData>
                        <SimpleData name="classifvia">Via Coletora</SimpleData>
                    </SchemaData>
                </ExtendedData>
                <LineString>
                    <coordinates>-38.60492086472169,-3.764805276444607 -38.60472246677788,-3.7649372043028735 -38.60457533473322,-3.765046779079999 -38.604463859411624,-3.765154132429617 -38.60440365645162,-3.765227945056255 -38.604350130383864,-3.7653196618142153 -38.604263142619345,-3.765485203857435 -38.60320864438196,-3.7678060861026395</coordinates>
                </LineString>
            </Placemark>
            <Placemark id="dt_mvw_sv_eixo_svb_l.fid--4079df0f_18eae1488d1_1e42">
                <ExtendedData>
                    <SchemaData schemaUrl="#dt_mvw_sv_eixo_svb_l_1">
                        <SimpleData name="id">713</SimpleData>
                        <SimpleData name="idoriginal">682</SimpleData>
                        <SimpleData name="classifvia">Via Coletora</SimpleData>
                    </SchemaData>
                </ExtendedData>
                <LineString>
                    <coordinates>-38.55010599946669,-3.796927390769932 -38.550049421552096,-3.7967420381520247 -38.55003214760083,-3.7966867542542286 -38.54937613637954,-3.7968854003751003 -38.549539510811314,-3.797394549002637 -38.550190804317786,-3.7971959003370364 -38.55010599946669,-3.796927390769932</coordinates>
                </LineString>
            </Placemark>
            <Placemark id="dt_mvw_sv_eixo_svb_l.fid--4079df0f_18eae1488d1_1e43">
                <ExtendedData>
                    <SchemaData schemaUrl="#dt_mvw_sv_eixo_svb_l_1">
                        <SimpleData name="id">714</SimpleData>
                        <SimpleData name="idoriginal">683</SimpleData>
                        <SimpleData name="classifvia">Via Coletora</SimpleData>
                    </SchemaData>
                </ExtendedData>
                <LineString>
                    <coordinates>-38.54942011311014,-3.7971054906999826 -38.548813613759116,-3.797291530765291</coordinates>
                </LineString>
            </Placemark>
            <Placemark id="dt_mvw_sv_eixo_svb_l.fid--4079df0f_18eae1488d1_1e44">
                <ExtendedData>
                    <SchemaData schemaUrl="#dt_mvw_sv_eixo_svb_l_1">
                        <SimpleData name="id">715</SimpleData>
                        <SimpleData name="idoriginal">684</SimpleData>
                        <SimpleData name="classifvia">Via Coletora</SimpleData>
                    </SchemaData>
                </ExtendedData>
                <LineString>
                    <coordinates>-38.55067825946368,-3.7967399581917842 -38.55010762457796,-3.7969245943880683</coordinates>
                </LineString>
            </Placemark>
            <Placemark id="dt_mvw_sv_eixo_svb_l.fid--4079df0f_18eae1488d1_1e45">
                <ExtendedData>
                    <SchemaData schemaUrl="#dt_mvw_sv_eixo_svb_l_1">
                        <SimpleData name="id">716</SimpleData>
                        <SimpleData name="idoriginal">685</SimpleData>
                        <SimpleData name="classifvia">Via Coletora</SimpleData>
                    </SchemaData>
                </ExtendedData>
                <LineString>
                    <coordinates>-38.54499421630405,-3.7540841681950723 -38.545055218888116,-3.7541276036037687 -38.54510605373205,-3.7541659271093275 -38.545154348965276,-3.7541991431896986 -38.54523823928525,-3.7542374839484096 -38.54531196514607,-3.75426305390572 -38.545375519300734,-3.754291171350257 -38.5454416170379,-3.754316737316245 -38.54552041886818,-3.754360181985236 -38.545594129591166,-3.754416389480973 -38.54566020754982,-3.754480252382227 -38.54570595128751,-3.7545287858896983</coordinates>
                </LineString>
            </Placemark>
            <Placemark id="dt_mvw_sv_eixo_svb_l.fid--4079df0f_18eae1488d1_1e46">
                <ExtendedData>
                    <SchemaData schemaUrl="#dt_mvw_sv_eixo_svb_l_1">
                        <SimpleData name="id">717</SimpleData>
                        <SimpleData name="idoriginal">686</SimpleData>
                        <SimpleData name="classifvia">Via Coletora</SimpleData>
                    </SchemaData>
                </ExtendedData>
                <LineString>
                    <coordinates>-38.474417459646105,-3.7253363804089688 -38.47442697497135,-3.7252376284358104 -38.47442513757271,-3.7251464663330034 -38.4744213985505,-3.7250723960878984 -38.47440820392512,-3.72499642101453 -38.47438177366933,-3.724914740022335 -38.47436100185403,-3.724857752082119 -38.47386217368654,-3.7235827975766598 -38.4738472390097,-3.7235427349524755 -38.473827328543834,-3.723485980356274 -38.47380244062026,-3.7234142020940726 -38.47379085177093,-3.723337425892 -38.47378758224129,-3.7232456339908637 -38.47378762682724,-3.7231705330659577 -38.47379431351516,-3.7231054499094407 -38.47381098118893,-3.7230253520484093 -38.47382264335027,-3.722978629663071 -38.47387761026283,-3.722789913514155</coordinates>
                </LineString>
            </Placemark>
            <Placemark id="dt_mvw_sv_eixo_svb_l.fid--4079df0f_18eae1488d1_1e47">
                <ExtendedData>
                    <SchemaData schemaUrl="#dt_mvw_sv_eixo_svb_l_1">
                        <SimpleData name="id">718</SimpleData>
                        <SimpleData name="idoriginal">687</SimpleData>
                        <SimpleData name="classifvia">Via Coletora</SimpleData>
                    </SchemaData>
                </ExtendedData>
                <LineString>
                    <coordinates>-38.496972481236654,-3.8016161576155167 -38.497310152660354,-3.802169963683587 -38.49801719240611,-3.8033635870422966 -38.49838425789348,-3.8039655986265353 -38.49842384236042,-3.80404729987371 -38.4984571782816,-3.80411433735654 -38.49849707557626,-3.804186574501374 -38.498526242879805,-3.8042473269955392 -38.49855123981812,-3.804305982049278 -38.498569985102186,-3.8043541623659585 -38.498765751627595,-3.8048883268090377 -38.49879540924922,-3.804953740199025 -38.49882666393589,-3.8050123993912415 -38.498876684512815,-3.8050836351288866 -38.49891420176555,-3.805133920900713 -38.498953809315005,-3.805175830326913 -38.49902678190675,-3.8052345133403076 -38.49906431490178,-3.80525757289942 -38.49910810319715,-3.805284824637785 -38.49914772474882,-3.8053036963827243 -38.499199858109726,-3.805328858466038 -38.49924573670373,-3.8053477343462747 -38.49928744734264,-3.805360324253456 -38.499335416381065,-3.805372918297934 -38.49938964487811,-3.8053813269575953 -38.499443873376656,-3.8053897356139554 -38.499500192844586,-3.805389768414301 -38.499562773657395,-3.8053835223006707 -38.49962326592041,-3.8053814630083704 -38.499690023832144,-3.8053668417532522 -38.50102560377393,-3.8050972427971383 -38.50109159801171,-3.80508623878197 -38.501185086633775,-3.8050752507184913 -38.50124741238113,-3.8050679255014455 -38.50130973495334,-3.805066121194102 -38.50136105765507,-3.8050679914403918 -38.5021920959294,-3.805088743495137 -38.50224158228646,-3.8050961335426585 -38.502274570953894,-3.8051053545039886 -38.50231122108948,-3.805121939464764 -38.50247798111419,-3.8051956508714113</coordinates>
                </LineString>
            </Placemark>
            <Placemark id="dt_mvw_sv_eixo_svb_l.fid--4079df0f_18eae1488d1_1e48">
                <ExtendedData>
                    <SchemaData schemaUrl="#dt_mvw_sv_eixo_svb_l_1">
                        <SimpleData name="id">719</SimpleData>
                        <SimpleData name="idoriginal">688</SimpleData>
                        <SimpleData name="classifvia">Via Coletora</SimpleData>
                    </SchemaData>
                </ExtendedData>
                <LineString>
                    <coordinates>-38.59321848115647,-3.7801175302351875 -38.59243638083553,-3.777356011416948 -38.592379117075886,-3.777115562202727 -38.59230666252744,-3.776870599469673 -38.59224468668301,-3.7766610642600575</coordinates>
                </LineString>
            </Placemark>
            <Placemark id="dt_mvw_sv_eixo_svb_l.fid--4079df0f_18eae1488d1_1e49">
                <ExtendedData>
                    <SchemaData schemaUrl="#dt_mvw_sv_eixo_svb_l_1">
                        <SimpleData name="id">720</SimpleData>
                        <SimpleData name="idoriginal">689</SimpleData>
                        <SimpleData name="classifvia">Via Coletora</SimpleData>
                    </SchemaData>
                </ExtendedData>
                <LineString>
                    <coordinates>-38.47621290065369,-3.789076902422076 -38.476092310446404,-3.7910307718020837 -38.47598595620674,-3.792278003044494 -38.475738748140365,-3.795268296359017 -38.47517983750898,-3.8016355187958606 -38.474624537288804,-3.8078958966389513</coordinates>
                </LineString>
            </Placemark>
            <Placemark id="dt_mvw_sv_eixo_svb_l.fid--4079df0f_18eae1488d1_1e4a">
                <ExtendedData>
                    <SchemaData schemaUrl="#dt_mvw_sv_eixo_svb_l_1">
                        <SimpleData name="id">721</SimpleData>
                        <SimpleData name="idoriginal">690</SimpleData>
                        <SimpleData name="classifvia">Via Arterial I</SimpleData>
                    </SchemaData>
                </ExtendedData>
                <LineString>
                    <coordinates>-38.57403964486555,-3.7604807400239153 -38.57461447153411,-3.761533610491756 -38.57651776438849,-3.7651692977615094 -38.5776132777084,-3.767249813600318 -38.57916002978373,-3.770237954169281 -38.57964382004448,-3.7711732447275756 -38.58171342114618,-3.7752004710084974</coordinates>
                </LineString>
            </Placemark>
            <Placemark id="dt_mvw_sv_eixo_svb_l.fid--4079df0f_18eae1488d1_1e4b">
                <ExtendedData>
                    <SchemaData schemaUrl="#dt_mvw_sv_eixo_svb_l_1">
                        <SimpleData name="id">722</SimpleData>
                        <SimpleData name="idoriginal">691</SimpleData>
                        <SimpleData name="classifvia">Via Coletora</SimpleData>
                    </SchemaData>
                </ExtendedData>
                <LineString>
                    <coordinates>-38.555032258053245,-3.8222529672364938 -38.55568829402001,-3.824398825889446</coordinates>
                </LineString>
            </Placemark>
            <Placemark id="dt_mvw_sv_eixo_svb_l.fid--4079df0f_18eae1488d1_1e4c">
                <ExtendedData>
                    <SchemaData schemaUrl="#dt_mvw_sv_eixo_svb_l_1">
                        <SimpleData name="id">723</SimpleData>
                        <SimpleData name="idoriginal">692</SimpleData>
                        <SimpleData name="classifvia">Via Coletora</SimpleData>
                    </SchemaData>
                </ExtendedData>
                <LineString>
                    <coordinates>-38.576552811616594,-3.7883412744588063 -38.57772093563629,-3.787225948183643 -38.57891912508892,-3.7860853008682644 -38.57927497418508,-3.7857401994929427 -38.58051030772287,-3.7845541965706797 -38.580484562242766,-3.784416272048445 -38.5805505686798,-3.7843350156517963 -38.58164634234429,-3.7832326213997414</coordinates>
                </LineString>
            </Placemark>
            <Placemark id="dt_mvw_sv_eixo_svb_l.fid--4079df0f_18eae1488d1_1e4d">
                <ExtendedData>
                    <SchemaData schemaUrl="#dt_mvw_sv_eixo_svb_l_1">
                        <SimpleData name="id">834</SimpleData>
                        <SimpleData name="idoriginal">805</SimpleData>
                        <SimpleData name="classifvia">Via Arterial II</SimpleData>
                    </SchemaData>
                </ExtendedData>
                <LineString>
                    <coordinates>-38.50353375677888,-3.7389184688752306 -38.49479349541232,-3.7417571184817753 -38.49113359577545,-3.742950647247101 -38.49093095537064,-3.7429715779621446 -38.49061649457727,-3.7430345403968714 -38.4901971866838,-3.743167604077525 -38.487925301242086,-3.7439248889825834</coordinates>
                </LineString>
            </Placemark>
            <Placemark id="dt_mvw_sv_eixo_svb_l.fid--4079df0f_18eae1488d1_1e4e">
                <ExtendedData>
                    <SchemaData schemaUrl="#dt_mvw_sv_eixo_svb_l_1">
                        <SimpleData name="id">724</SimpleData>
                        <SimpleData name="idoriginal">693</SimpleData>
                        <SimpleData name="classifvia">Via Coletora</SimpleData>
                    </SchemaData>
                </ExtendedData>
                <LineString>
                    <coordinates>-38.57720096008112,-3.728448612101841 -38.576872734191,-3.7305403267264756 -38.57680026546757,-3.7307807421031782 -38.57544580668883,-3.7341744527351746 -38.575419718810046,-3.7342280873590976 -38.57540015383404,-3.734266023865457 -38.57537668354273,-3.7342961075989836 -38.5753506069433,-3.734324881189864 -38.57532192598125,-3.7343510371944144 -38.57528672839714,-3.7343798063594944 -38.575254138944665,-3.73440334318766 -38.57519156571245,-3.734453034903936 -38.57513022075328,-3.7344929424779525 -38.57506172284978,-3.7350196254733032 -38.574981659382836,-3.735734184408187 -38.57479842062419,-3.737228909624787</coordinates>
                </LineString>
            </Placemark>
            <Placemark id="dt_mvw_sv_eixo_svb_l.fid--4079df0f_18eae1488d1_1e4f">
                <ExtendedData>
                    <SchemaData schemaUrl="#dt_mvw_sv_eixo_svb_l_1">
                        <SimpleData name="id">725</SimpleData>
                        <SimpleData name="idoriginal">694</SimpleData>
                        <SimpleData name="classifvia">Via Coletora</SimpleData>
                    </SchemaData>
                </ExtendedData>
                <LineString>
                    <coordinates>-38.55818753202371,-3.747506099805292 -38.561194105590175,-3.748145808398015</coordinates>
                </LineString>
            </Placemark>
            <Placemark id="dt_mvw_sv_eixo_svb_l.fid--4079df0f_18eae1488d1_1e50">
                <ExtendedData>
                    <SchemaData schemaUrl="#dt_mvw_sv_eixo_svb_l_1">
                        <SimpleData name="id">726</SimpleData>
                        <SimpleData name="idoriginal">695</SimpleData>
                        <SimpleData name="classifvia">Via Coletora</SimpleData>
                    </SchemaData>
                </ExtendedData>
                <LineString>
                    <coordinates>-38.4814352582867,-3.8237499217602893 -38.4819338441282,-3.8236641463001853 -38.48202634491112,-3.8236438157139228 -38.482130127090876,-3.823618961184277 -38.48254750965649,-3.823524075464259 -38.482606168436995,-3.8235105194687384 -38.482673852513535,-3.8234947041544447 -38.482725740507504,-3.8234879399977006 -38.482793419886704,-3.8234789202072084 -38.484052670912135,-3.823319331477249 -38.48423687637872,-3.823285297650333 -38.49078539892,-3.822468384133952 -38.49258568929019,-3.8222466788167466</coordinates>
                </LineString>
            </Placemark>
            <Placemark id="dt_mvw_sv_eixo_svb_l.fid--4079df0f_18eae1488d1_1e51">
                <ExtendedData>
                    <SchemaData schemaUrl="#dt_mvw_sv_eixo_svb_l_1">
                        <SimpleData name="id">727</SimpleData>
                        <SimpleData name="idoriginal">696</SimpleData>
                        <SimpleData name="classifvia">Via Coletora</SimpleData>
                    </SchemaData>
                </ExtendedData>
                <LineString>
                    <coordinates>-38.62018734488885,-3.7999850268689457 -38.617090903653796,-3.8027459367847722 -38.61701696358518,-3.802813044318031 -38.6169183811292,-3.802894276349071 -38.615698158980315,-3.8039241573522387 -38.615594572096555,-3.8040090176469263 -38.61550824056066,-3.804100816493228 -38.61544434784921,-3.8041856940239067 -38.61538218022101,-3.8042705728135022 -38.61532692020847,-3.8043467903870205 -38.61526475486227,-3.8044264707831688 -38.615183603654216,-3.8045113405646296 -38.61508347051117,-3.8045910039472677 -38.61223943830746,-3.8068127283220785</coordinates>
                </LineString>
            </Placemark>
            <Placemark id="dt_mvw_sv_eixo_svb_l.fid--4079df0f_18eae1488d1_1e52">
                <ExtendedData>
                    <SchemaData schemaUrl="#dt_mvw_sv_eixo_svb_l_1">
                        <SimpleData name="id">728</SimpleData>
                        <SimpleData name="idoriginal">697</SimpleData>
                        <SimpleData name="classifvia">Via Coletora</SimpleData>
                    </SchemaData>
                </ExtendedData>
                <LineString>
                    <coordinates>-38.567086213597854,-3.8094179737072147 -38.564361711876224,-3.810230818022433 -38.56427387020211,-3.8102559685107535 -38.56419104040171,-3.8102937193183926 -38.5641458583261,-3.8103188914513355 -38.564090632791995,-3.810356656264898 -38.5634175618916,-3.810785441871706</coordinates>
                </LineString>
            </Placemark>
            <Placemark id="dt_mvw_sv_eixo_svb_l.fid--4079df0f_18eae1488d1_1e53">
                <ExtendedData>
                    <SchemaData schemaUrl="#dt_mvw_sv_eixo_svb_l_1">
                        <SimpleData name="id">729</SimpleData>
                        <SimpleData name="idoriginal">752</SimpleData>
                        <SimpleData name="classifvia">Via Coletora</SimpleData>
                    </SchemaData>
                </ExtendedData>
                <LineString>
                    <coordinates>-38.565244718688,-3.757648293177529 -38.56494094264906,-3.7571588118875003 -38.56556473203798,-3.7568197656307425 -38.565577379762686,-3.756855097971289 -38.56613405080967,-3.757732960806026 -38.56554739486541,-3.7581243292152298 -38.565244718688,-3.757648293177529</coordinates>
                </LineString>
            </Placemark>
            <Placemark id="dt_mvw_sv_eixo_svb_l.fid--4079df0f_18eae1488d1_1e54">
                <ExtendedData>
                    <SchemaData schemaUrl="#dt_mvw_sv_eixo_svb_l_1">
                        <SimpleData name="id">730</SimpleData>
                        <SimpleData name="idoriginal">698</SimpleData>
                        <SimpleData name="classifvia">Via Coletora</SimpleData>
                    </SchemaData>
                </ExtendedData>
                <LineString>
                    <coordinates>-38.46515897912267,-3.835210018181987 -38.46610714952555,-3.8357725243392276 -38.4661858598919,-3.8358174776477467 -38.46624440307422,-3.8358616177187423 -38.46629806329975,-3.8359090217780296 -38.4663387116474,-3.835951517365186 -38.46638260697058,-3.83600381563386 -38.46642324856728,-3.8360561123580035 -38.46645900821857,-3.8361100388098266 -38.46685441757028,-3.8368051961540295 -38.46689297878367,-3.8368712488795307 -38.466932971113486,-3.836934431561237 -38.4669615412008,-3.836973205607782 -38.46702011338343,-3.837046448187699 -38.4670543997061,-3.8370880962509326 -38.467097254748644,-3.837146974804158 -38.46712011526654,-3.837169955612666 -38.46775670069815,-3.8378565011569594 -38.467794805874306,-3.8378981866076445 -38.46783392531603,-3.8379480139211855 -38.4678608171064,-3.83798045406327 -38.467896674832744,-3.838020105266053 -38.46792355950432,-3.838065154345582 -38.467952236190584,-3.838112006032527 -38.467979117958244,-3.8381606575939817 -38.46801316962933,-3.83822012157893 -38.46837825690388,-3.8389264098477933 -38.46877914357698,-3.839637946749198 -38.47093224941206,-3.8437925565771613</coordinates>
                </LineString>
            </Placemark>
            <Placemark id="dt_mvw_sv_eixo_svb_l.fid--4079df0f_18eae1488d1_1e55">
                <ExtendedData>
                    <SchemaData schemaUrl="#dt_mvw_sv_eixo_svb_l_1">
                        <SimpleData name="id">731</SimpleData>
                        <SimpleData name="idoriginal">699</SimpleData>
                        <SimpleData name="classifvia">Via Coletora</SimpleData>
                    </SchemaData>
                </ExtendedData>
                <LineString>
                    <coordinates>-38.547447690808575,-3.7667916860258925 -38.54618072622947,-3.7653185002508938 -38.54509156547829,-3.764190417012472 -38.54497284265192,-3.764081793878331 -38.54379730529503,-3.762863836886162</coordinates>
                </LineString>
            </Placemark>
            <Placemark id="dt_mvw_sv_eixo_svb_l.fid--4079df0f_18eae1488d1_1e56">
                <ExtendedData>
                    <SchemaData schemaUrl="#dt_mvw_sv_eixo_svb_l_1">
                        <SimpleData name="id">732</SimpleData>
                        <SimpleData name="idoriginal">700</SimpleData>
                        <SimpleData name="classifvia">Via Coletora</SimpleData>
                    </SchemaData>
                </ExtendedData>
                <LineString>
                    <coordinates>-38.540801325330676,-3.7490320392493612 -38.540831569334195,-3.7490798149833604 -38.540847402621154,-3.749121794316868 -38.540858914603305,-3.7491579820681347 -38.54087618714506,-3.7492028563194246 -38.54089346112292,-3.749246283737734 -38.54090065482058,-3.749270891094197 -38.54091216303167,-3.7493143154774655 -38.540922221422946,-3.749375106033277 -38.54092940983776,-3.7494098446748874 -38.54094236402309,-3.749444585857944 -38.54095099539123,-3.7494764306052626 -38.540965386491756,-3.7495198560123217 -38.54098986776679,-3.7495618398962036 -38.54100137900376,-3.7495994749731274 -38.541025858697935,-3.7496458008361904 -38.54104902224821,-3.7496865458556816</coordinates>
                </LineString>
            </Placemark>
            <Placemark id="dt_mvw_sv_eixo_svb_l.fid--4079df0f_18eae1488d1_1e57">
                <ExtendedData>
                    <SchemaData schemaUrl="#dt_mvw_sv_eixo_svb_l_1">
                        <SimpleData name="id">733</SimpleData>
                        <SimpleData name="idoriginal">701</SimpleData>
                        <SimpleData name="classifvia">Via Coletora</SimpleData>
                    </SchemaData>
                </ExtendedData>
                <LineString>
                    <coordinates>-38.495176364636585,-3.8222586104242207 -38.49497379140565,-3.8222149027388825 -38.49445470291726,-3.8220965448641366 -38.49437512254957,-3.8220765200688134 -38.49431000815171,-3.822065584801825 -38.49425031640232,-3.822061916932066 -38.492494528369335,-3.8218462856945057</coordinates>
                </LineString>
            </Placemark>
            <Placemark id="dt_mvw_sv_eixo_svb_l.fid--4079df0f_18eae1488d1_1e58">
                <ExtendedData>
                    <SchemaData schemaUrl="#dt_mvw_sv_eixo_svb_l_1">
                        <SimpleData name="id">734</SimpleData>
                        <SimpleData name="idoriginal">702</SimpleData>
                        <SimpleData name="classifvia">Via Coletora</SimpleData>
                    </SchemaData>
                </ExtendedData>
                <LineString>
                    <coordinates>-38.50799591071937,-3.85969983401547 -38.50805312941199,-3.859867682497097 -38.50869633475324,-3.862615888567096 -38.50924425141267,-3.8646584798514207</coordinates>
                </LineString>
            </Placemark>
            <Placemark id="dt_mvw_sv_eixo_svb_l.fid--4079df0f_18eae1488d1_1e59">
                <ExtendedData>
                    <SchemaData schemaUrl="#dt_mvw_sv_eixo_svb_l_1">
                        <SimpleData name="id">735</SimpleData>
                        <SimpleData name="idoriginal">703</SimpleData>
                        <SimpleData name="classifvia">Via Coletora</SimpleData>
                    </SchemaData>
                </ExtendedData>
                <LineString>
                    <coordinates>-38.58800009038009,-3.82632581165678 -38.58806753966156,-3.8263520628995353 -38.58811976034873,-3.826367382244354 -38.58818068767706,-3.826378336156403 -38.58823508293008,-3.826398026660267 -38.58828948027222,-3.8264133470438884 -38.58834169888257,-3.826433035999701 -38.588400443994786,-3.826457098213582 -38.588443955971776,-3.8264811530890186 -38.588495674670355,-3.826511084121168</coordinates>
                </LineString>
            </Placemark>
            <Placemark id="dt_mvw_sv_eixo_svb_l.fid--4079df0f_18eae1488d1_1e5a">
                <ExtendedData>
                    <SchemaData schemaUrl="#dt_mvw_sv_eixo_svb_l_1">
                        <SimpleData name="id">736</SimpleData>
                        <SimpleData name="idoriginal">704</SimpleData>
                        <SimpleData name="classifvia">Via Coletora</SimpleData>
                    </SchemaData>
                </ExtendedData>
                <LineString>
                    <coordinates>-38.58779108861555,-3.7175152052168565 -38.58423785507041,-3.71786508420715 -38.57926627922395,-3.718321231021889</coordinates>
                </LineString>
            </Placemark>
            <Placemark id="dt_mvw_sv_eixo_svb_l.fid--4079df0f_18eae1488d1_1e5b">
                <ExtendedData>
                    <SchemaData schemaUrl="#dt_mvw_sv_eixo_svb_l_1">
                        <SimpleData name="id">737</SimpleData>
                        <SimpleData name="idoriginal">853</SimpleData>
                        <SimpleData name="classifvia">Via Arterial II</SimpleData>
                    </SchemaData>
                </ExtendedData>
                <LineString>
                    <coordinates>-38.53422350571341,-3.730442676189847 -38.53450052675084,-3.7314010260994186 -38.534806768588886,-3.7324163430208466 -38.535081448636895,-3.7333896375014994 -38.53562988618329,-3.7352207192506484</coordinates>
                </LineString>
            </Placemark>
            <Placemark id="dt_mvw_sv_eixo_svb_l.fid--4079df0f_18eae1488d1_1e5c">
                <ExtendedData>
                    <SchemaData schemaUrl="#dt_mvw_sv_eixo_svb_l_1">
                        <SimpleData name="id">738</SimpleData>
                        <SimpleData name="idoriginal">705</SimpleData>
                        <SimpleData name="classifvia">Via Coletora</SimpleData>
                    </SchemaData>
                </ExtendedData>
                <LineString>
                    <coordinates>-38.47378630841489,-3.722652302642845 -38.47181983254978,-3.7217184119999915 -38.47173350715205,-3.721682410234182 -38.47165349369401,-3.7216569851157675 -38.47158401062589,-3.7216315678562224 -38.471491355675504,-3.7216145931025193 -38.47139447975017,-3.7216124214808337 -38.47129128433601,-3.7216123593917056 -38.47119018365041,-3.721631330922708 -38.471101716901764,-3.721654538270348 -38.470985861055155,-3.721694648143611 -38.47089106580251,-3.7217390004392454 -38.470808893459434,-3.7217981614077216</coordinates>
                </LineString>
            </Placemark>
            <Placemark id="dt_mvw_sv_eixo_svb_l.fid--4079df0f_18eae1488d1_1e5d">
                <ExtendedData>
                    <SchemaData schemaUrl="#dt_mvw_sv_eixo_svb_l_1">
                        <SimpleData name="id">739</SimpleData>
                        <SimpleData name="idoriginal">706</SimpleData>
                        <SimpleData name="classifvia">Via Coletora</SimpleData>
                    </SchemaData>
                </ExtendedData>
                <LineString>
                    <coordinates>-38.53860996869961,-3.791118165831491 -38.538636752927566,-3.7911964171010286 -38.53921073240319,-3.792876781239307 -38.53933512410536,-3.79337132479364 -38.539832361540455,-3.7956115948466196 -38.5398551928468,-3.7957100764498803 -38.53986822575692,-3.7957921409229582 -38.53987472015707,-3.7958742019040788 -38.53993029896192,-3.7964367719292866 -38.539956369335314,-3.79659105373891 -38.53996611109482,-3.796715786399728 -38.54000201357652,-3.7968241216278855 -38.54003465375461,-3.7969193255955247 -38.540090186764154,-3.796998130876158 -38.54015226283479,-3.797067092015953 -38.54427364522204,-3.802373305647205</coordinates>
                </LineString>
            </Placemark>
            <Placemark id="dt_mvw_sv_eixo_svb_l.fid--4079df0f_18eae1488d1_1e5e">
                <ExtendedData>
                    <SchemaData schemaUrl="#dt_mvw_sv_eixo_svb_l_1">
                        <SimpleData name="id">740</SimpleData>
                        <SimpleData name="idoriginal">707</SimpleData>
                        <SimpleData name="classifvia">Via Coletora</SimpleData>
                    </SchemaData>
                </ExtendedData>
                <LineString>
                    <coordinates>-38.59678342679287,-3.811578004641243 -38.5965197296009,-3.8117440756254344 -38.596417521236255,-3.81180968448699 -38.59550115110254,-3.8123452237545936</coordinates>
                </LineString>
            </Placemark>
            <Placemark id="dt_mvw_sv_eixo_svb_l.fid--4079df0f_18eae1488d1_1e5f">
                <ExtendedData>
                    <SchemaData schemaUrl="#dt_mvw_sv_eixo_svb_l_1">
                        <SimpleData name="id">741</SimpleData>
                        <SimpleData name="idoriginal">711</SimpleData>
                        <SimpleData name="classifvia">Via Coletora</SimpleData>
                    </SchemaData>
                </ExtendedData>
                <LineString>
                    <coordinates>-38.48595754572088,-3.8400160689656277 -38.48597964660541,-3.8400811802703725 -38.48619293104653,-3.840642214924346 -38.48622779674366,-3.84075853148415 -38.4862498891162,-3.8408379323982986 -38.48627039956175,-3.840918920257592 -38.48628141760763,-3.841006253495486 -38.48628770084613,-3.8410777063597097 -38.4864117134903,-3.8425769168291155 -38.486436892624496,-3.8427775914355693 -38.48646993765736,-3.8429207349528878 -38.486497692631346,-3.8430452116607254 -38.48654820975773,-3.8431798614040864 -38.486608832054024,-3.8433399177180454 -38.48699320225318,-3.8442429995307563 -38.48703622423629,-3.8443429926154025 -38.48706147637635,-3.844421747246677 -38.48708673459121,-3.844490342578567 -38.48711702381165,-3.844607200468015 -38.48715483264284,-3.844840902519034 -38.48759918393535,-3.8474237909591 -38.48761036376876,-3.8476855707955426 -38.48796636255704,-3.8546737990813127 -38.487979887739115,-3.8548012585079565 -38.48797074910937,-3.8549196005957254 -38.48795708234047,-3.8550288362882172 -38.48758372459792,-3.8573429597821494 -38.48754270309933,-3.8575714346517223 -38.487524483505304,-3.8577125306241355 -38.487519867414505,-3.8578490827411382 -38.48751519634647,-3.858090998039609 -38.48751451653959,-3.8591493372310564 -38.48750991745903,-3.8592585783720055 -38.48750984924986,-3.8593723743291495 -38.48745988412044,-3.859527106333179 -38.48697342493535,-3.861449738112994 -38.4869461590364,-3.861554413921788 -38.48693702826805,-3.8616591007142658 -38.486946038783415,-3.8617546943434937 -38.4869776695435,-3.8619322350977723 -38.48738896215371,-3.8642196049909026</coordinates>
                </LineString>
            </Placemark>
            <Placemark id="dt_mvw_sv_eixo_svb_l.fid--4079df0f_18eae1488d1_1e60">
                <ExtendedData>
                    <SchemaData schemaUrl="#dt_mvw_sv_eixo_svb_l_1">
                        <SimpleData name="id">742</SimpleData>
                        <SimpleData name="idoriginal">712</SimpleData>
                        <SimpleData name="classifvia">Via Coletora</SimpleData>
                    </SchemaData>
                </ExtendedData>
                <LineString>
                    <coordinates>-38.475931806319174,-3.850282941037416 -38.48283846623122,-3.8508535313244443</coordinates>
                </LineString>
            </Placemark>
            <Placemark id="dt_mvw_sv_eixo_svb_l.fid--4079df0f_18eae1488d1_1e61">
                <ExtendedData>
                    <SchemaData schemaUrl="#dt_mvw_sv_eixo_svb_l_1">
                        <SimpleData name="id">743</SimpleData>
                        <SimpleData name="idoriginal">713</SimpleData>
                        <SimpleData name="classifvia">Via Coletora</SimpleData>
                    </SchemaData>
                </ExtendedData>
                <LineString>
                    <coordinates>-38.496761291128436,-3.8016009186778237 -38.49655902591805,-3.8015099874380316 -38.493715747532086,-3.800252463210029</coordinates>
                </LineString>
            </Placemark>
            <Placemark id="dt_mvw_sv_eixo_svb_l.fid--4079df0f_18eae1488d1_1e62">
                <ExtendedData>
                    <SchemaData schemaUrl="#dt_mvw_sv_eixo_svb_l_1">
                        <SimpleData name="id">744</SimpleData>
                        <SimpleData name="idoriginal">714</SimpleData>
                        <SimpleData name="classifvia">Via Coletora</SimpleData>
                    </SchemaData>
                </ExtendedData>
                <LineString>
                    <coordinates>-38.56052094018209,-3.7262333836359196 -38.56052307940834,-3.7261887420545015 -38.56087730544603,-3.724940505797419 -38.56169524879227,-3.7218240568941447 -38.56227558154553,-3.719685185184858</coordinates>
                </LineString>
            </Placemark>
            <Placemark id="dt_mvw_sv_eixo_svb_l.fid--4079df0f_18eae1488d1_1e63">
                <ExtendedData>
                    <SchemaData schemaUrl="#dt_mvw_sv_eixo_svb_l_1">
                        <SimpleData name="id">745</SimpleData>
                        <SimpleData name="idoriginal">715</SimpleData>
                        <SimpleData name="classifvia">Via Arterial II</SimpleData>
                    </SchemaData>
                </ExtendedData>
                <LineString>
                    <coordinates>-38.519885461164364,-3.7208353302632795 -38.51814640586671,-3.7205973347402 -38.515129693448955,-3.72020126514964</coordinates>
                </LineString>
            </Placemark>
            <Placemark id="dt_mvw_sv_eixo_svb_l.fid--4079df0f_18eae1488d1_1e64">
                <ExtendedData>
                    <SchemaData schemaUrl="#dt_mvw_sv_eixo_svb_l_1">
                        <SimpleData name="id">746</SimpleData>
                        <SimpleData name="idoriginal">716</SimpleData>
                        <SimpleData name="classifvia">Via Coletora</SimpleData>
                    </SchemaData>
                </ExtendedData>
                <LineString>
                    <coordinates>-38.60189132142691,-3.723779702255055 -38.60197025302208,-3.7240575785980887 -38.60291563080113,-3.7274182316136004 -38.603732814725845,-3.7303309593894642</coordinates>
                </LineString>
            </Placemark>
            <Placemark id="dt_mvw_sv_eixo_svb_l.fid--4079df0f_18eae1488d1_1e65">
                <ExtendedData>
                    <SchemaData schemaUrl="#dt_mvw_sv_eixo_svb_l_1">
                        <SimpleData name="id">747</SimpleData>
                        <SimpleData name="idoriginal">717</SimpleData>
                        <SimpleData name="classifvia">Via Coletora</SimpleData>
                    </SchemaData>
                </ExtendedData>
                <LineString>
                    <coordinates>-38.59618071379059,-3.77931039380807 -38.59653854349021,-3.780606918764056 -38.59657304929601,-3.780759699655665 -38.59708237696291,-3.782657669397602 -38.59730234363442,-3.783441378674825 -38.597331647659,-3.7835620238594725 -38.59746705019729,-3.784160250400338 -38.597612742510925,-3.7848293160790365 -38.59763392822708,-3.784938604771221 -38.59781964276742,-3.785600502415199</coordinates>
                </LineString>
            </Placemark>
            <Placemark id="dt_mvw_sv_eixo_svb_l.fid--4079df0f_18eae1488d1_1e66">
                <ExtendedData>
                    <SchemaData schemaUrl="#dt_mvw_sv_eixo_svb_l_1">
                        <SimpleData name="id">748</SimpleData>
                        <SimpleData name="idoriginal">718</SimpleData>
                        <SimpleData name="classifvia">Via Coletora</SimpleData>
                    </SchemaData>
                </ExtendedData>
                <LineString>
                    <coordinates>-38.49116956597526,-3.8421868197704656 -38.486731683153955,-3.839140384782234</coordinates>
                </LineString>
            </Placemark>
            <Placemark id="dt_mvw_sv_eixo_svb_l.fid--4079df0f_18eae1488d1_1e67">
                <ExtendedData>
                    <SchemaData schemaUrl="#dt_mvw_sv_eixo_svb_l_1">
                        <SimpleData name="id">749</SimpleData>
                        <SimpleData name="idoriginal">719</SimpleData>
                        <SimpleData name="classifvia">Via Coletora</SimpleData>
                    </SchemaData>
                </ExtendedData>
                <LineString>
                    <coordinates>-38.60124722425339,-3.8039808009860163 -38.59533018073675,-3.806900571722845 -38.59521571927013,-3.8069668994098538 -38.59512415329407,-3.807012813049843 -38.59505038526439,-3.8070638417453435 -38.59413875048315,-3.8076808597731238</coordinates>
                </LineString>
            </Placemark>
            <Placemark id="dt_mvw_sv_eixo_svb_l.fid--4079df0f_18eae1488d1_1e68">
                <ExtendedData>
                    <SchemaData schemaUrl="#dt_mvw_sv_eixo_svb_l_1">
                        <SimpleData name="id">750</SimpleData>
                        <SimpleData name="idoriginal">720</SimpleData>
                        <SimpleData name="classifvia">Via Coletora</SimpleData>
                    </SchemaData>
                </ExtendedData>
                <LineString>
                    <coordinates>-38.46458415658499,-3.825993286409682 -38.46490311290296,-3.8250846111573282 -38.46551170262499,-3.8233494474407346 -38.46552891863447,-3.8232785712309516 -38.465548038629024,-3.8232153596148066 -38.465567157970824,-3.8231521475260477 -38.465582468258084,-3.8230774384205968 -38.465651622432596,-3.822735465638511 -38.46567458282144,-3.822632023065684 -38.465691800630964,-3.822559230997363 -38.46572047630597,-3.822469202949879 -38.465745321044736,-3.82240407904704 -38.466627238391666,-3.819932016969857 -38.46666399419365,-3.819835008221514 -38.46669650773417,-3.8197104971678897 -38.46671948915806,-3.8195725687410533 -38.466732932554855,-3.819430802668633 -38.46673492340747,-3.8192966928701035 -38.46672928023798,-3.8191664104920306 -38.46671598164929,-3.8190725245305153 -38.46668745103633,-3.818926900613971 -38.46666075319091,-3.8188306714667983 -38.466142670633495,-3.816918578033928 -38.46611397787912,-3.8168126802471716 -38.46608766540307,-3.8167332538027336 -38.46509474331152,-3.813654695947599</coordinates>
                </LineString>
            </Placemark>
            <Placemark id="dt_mvw_sv_eixo_svb_l.fid--4079df0f_18eae1488d1_1e69">
                <ExtendedData>
                    <SchemaData schemaUrl="#dt_mvw_sv_eixo_svb_l_1">
                        <SimpleData name="id">751</SimpleData>
                        <SimpleData name="idoriginal">721</SimpleData>
                        <SimpleData name="classifvia">Via Coletora</SimpleData>
                    </SchemaData>
                </ExtendedData>
                <LineString>
                    <coordinates>-38.488876219641774,-3.7672977532060212 -38.48862322357763,-3.767315306165025 -38.48840989568113,-3.767302580039985 -38.487510726750095,-3.7672298512493922 -38.48652201731487,-3.767142656337324 -38.484453181970196,-3.766973337594168 -38.483821048765236,-3.7669164899594074 -38.48370126949572,-3.7669049775308667 -38.483631536899935,-3.766891383110899 -38.48357980257394,-3.7668755401565233 -38.483519071870674,-3.766857433105142 -38.482586909484766,-3.7665604210192734</coordinates>
                </LineString>
            </Placemark>
            <Placemark id="dt_mvw_sv_eixo_svb_l.fid--4079df0f_18eae1488d1_1e6a">
                <ExtendedData>
                    <SchemaData schemaUrl="#dt_mvw_sv_eixo_svb_l_1">
                        <SimpleData name="id">774</SimpleData>
                        <SimpleData name="idoriginal">743</SimpleData>
                        <SimpleData name="classifvia">Via Coletora</SimpleData>
                    </SchemaData>
                </ExtendedData>
                <LineString>
                    <coordinates>-38.53425033454756,-3.8145418305801733 -38.5345190455359,-3.8142242103298583 -38.53460732793451,-3.814135668881757 -38.53468792504608,-3.814070233667799 -38.5355488319625,-3.813418077542487 -38.53558322679573,-3.8133900500720053 -38.535611180886264,-3.81335123259333 -38.53562409478336,-3.8133124064921495 -38.53563270654372,-3.8132800501639004 -38.53563702762706,-3.8132369045153864 -38.53563489639328,-3.8132045428482835 -38.535624166560716,-3.8131786481504335 -38.535613441359345,-3.8131441241441486 -38.53560272310485,-3.813096655936301 -38.535602739312836,-3.8130664521622775 -38.53561996008661,-3.813008212084334 -38.535626420504315,-3.8129823271713987 -38.53564577902924,-3.8129456617661095 -38.53566943011781,-3.8129176284728037 -38.53568878053716,-3.812896064953371 -38.53570812906544,-3.8128766591185363 -38.53573392369365,-3.8128594139804464 -38.54020445189154,-3.80970184430608 -38.540338600669884,-3.809619246837222 -38.540402087704855,-3.8095821098176725 -38.54044969765334,-3.8095622219730356 -38.54051978964452,-3.8095357086998165 -38.54057533602978,-3.809511842333226 -38.540712868395225,-3.8094707621477593 -38.54358039555792,-3.8086692656232763 -38.54367332873429,-3.808640994094877 -38.54380021822878,-3.808612530322995 -38.54394458861296,-3.808584285610703 -38.54402589831544,-3.808572667233901 -38.54413209576223,-3.808562727998235 -38.54558547149744,-3.8083941218569004 -38.545637518941945,-3.808388550873473 -38.54573232550491,-3.8083680721560684 -38.545767645255864,-3.8083606261413196 -38.54580668566771,-3.8083475830918783 -38.54805602806125,-3.8075039325604183 -38.54842185653114,-3.8073339532140675 -38.55314519873527,-3.804723007019424</coordinates>
                </LineString>
            </Placemark>
            <Placemark id="dt_mvw_sv_eixo_svb_l.fid--4079df0f_18eae1488d1_1e6b">
                <ExtendedData>
                    <SchemaData schemaUrl="#dt_mvw_sv_eixo_svb_l_1">
                        <SimpleData name="id">752</SimpleData>
                        <SimpleData name="idoriginal">722</SimpleData>
                        <SimpleData name="classifvia">Via Coletora</SimpleData>
                    </SchemaData>
                </ExtendedData>
                <LineString>
                    <coordinates>-38.57376796645219,-3.7853692622949318 -38.57377458112736,-3.7854125748544325 -38.573812712778974,-3.7854642306674555 -38.573839239023805,-3.7855008897010745 -38.57388399513478,-3.785575869511468 -38.57393537896393,-3.7856675094796723 -38.573985095698596,-3.7857758065009897 -38.57402818630105,-3.7858657765387553 -38.574317330580776,-3.7864977054308655 -38.57436602187623,-3.7866188027841607 -38.574417266671844,-3.786747617421484 -38.57445918758718,-3.7868670608903963 -38.57450110279533,-3.7869982125709982 -38.57454068761609,-3.7871246798162113 -38.5745872331609,-3.787326082576478 -38.57461766797324,-3.78746959288861 -38.57464092284431,-3.7876077598093065 -38.574661848463364,-3.787738901146229 -38.57468051242634,-3.7879506822895803 -38.57468742208982,-3.7881286490903814 -38.57503683109293,-3.796906391679324 -38.57504180437417,-3.7970113310023637 -38.57504682330512,-3.79708940681712 -38.575056839927825,-3.797156006263294 -38.5750878649713,-3.7974553064004355 -38.57509888849087,-3.7975178702528387 -38.575102880044604,-3.797575385769495 -38.5751088908112,-3.7976137306066624 -38.57511187497931,-3.7976762904924968 -38.57511786824742,-3.7977519689098473 -38.57534106429141,-3.803261537936986 -38.57533276508281,-3.803406113860123 -38.575353257343366,-3.8035672277007517 -38.575365551488666,-3.803666374485228 -38.57538607004012,-3.8037737874273465 -38.57541480364877,-3.8039101200358307 -38.57543943643427,-3.8040175350092147 -38.57546406315985,-3.804137341890182 -38.57550513744504,-3.8042778118859983 -38.5755380014797,-3.8043810996278866 -38.57558319936272,-3.8045009171576125 -38.5756532527094,-3.8046594918414525 -38.57582585383297,-3.8050644019901507 -38.57589602651136,-3.8052064209579797 -38.57594534552449,-3.805313847612484 -38.57600288897374,-3.805429540419174 -38.576064550709354,-3.8055369731585373 -38.5761508877644,-3.805665072566577 -38.57622489223536,-3.8057725118786854 -38.576315351644595,-3.8058840896077744 -38.576405811832494,-3.805995667823325 -38.57648394674003,-3.8060700617546708 -38.57657852851838,-3.806165118287213 -38.57666077164136,-3.8062519071287313 -38.57673479109631,-3.8063304298160037 -38.57750925630593,-3.8070345721146253 -38.57758327112218,-3.8071213568388362 -38.577653183788684,-3.8071833537412023 -38.57771486395577,-3.8072536091830522 -38.577747758523664,-3.807294933869374 -38.57882099088398,-3.8085223284273297</coordinates>
                </LineString>
            </Placemark>
            <Placemark id="dt_mvw_sv_eixo_svb_l.fid--4079df0f_18eae1488d1_1e6c">
                <ExtendedData>
                    <SchemaData schemaUrl="#dt_mvw_sv_eixo_svb_l_1">
                        <SimpleData name="id">753</SimpleData>
                        <SimpleData name="idoriginal">723</SimpleData>
                        <SimpleData name="classifvia">Via Coletora</SimpleData>
                    </SchemaData>
                </ExtendedData>
                <LineString>
                    <coordinates>-38.48764934341775,-3.7635052965154783 -38.48545678091713,-3.76332041398176 -38.48365905608074,-3.763197465443157 -38.48261310248354,-3.7629967692078115 -38.48250971275062,-3.7629890172523623 -38.47836190007782,-3.762633905649635</coordinates>
                </LineString>
            </Placemark>
            <Placemark id="dt_mvw_sv_eixo_svb_l.fid--4079df0f_18eae1488d1_1e6d">
                <ExtendedData>
                    <SchemaData schemaUrl="#dt_mvw_sv_eixo_svb_l_1">
                        <SimpleData name="id">754</SimpleData>
                        <SimpleData name="idoriginal">724</SimpleData>
                        <SimpleData name="classifvia">Via Coletora</SimpleData>
                    </SchemaData>
                </ExtendedData>
                <LineString>
                    <coordinates>-38.46762653766442,-3.7496095832453262 -38.46665486364147,-3.746532797303259</coordinates>
                </LineString>
            </Placemark>
            <Placemark id="dt_mvw_sv_eixo_svb_l.fid--4079df0f_18eae1488d1_1e6e">
                <ExtendedData>
                    <SchemaData schemaUrl="#dt_mvw_sv_eixo_svb_l_1">
                        <SimpleData name="id">755</SimpleData>
                        <SimpleData name="idoriginal">725</SimpleData>
                        <SimpleData name="classifvia">Via Coletora</SimpleData>
                    </SchemaData>
                </ExtendedData>
                <LineString>
                    <coordinates>-38.59663227477255,-3.8331516492672018 -38.596543534921814,-3.833026616568075 -38.59309973172884,-3.827936621216341 -38.58886111692645,-3.8216168838620264 -38.5862999341255,-3.8178065974038247 -38.58502729994174,-3.8159065475354765 -38.5846746837088,-3.8153767970341206 -38.58361240901103,-3.813798956052574 -38.583533053169084,-3.8136955700507276 -38.583486036149466,-3.8136158219204592 -38.58344195249569,-3.813550839069563 -38.58337434223987,-3.813485844788301 -38.57891340745689,-3.808661934034439</coordinates>
                </LineString>
            </Placemark>
            <Placemark id="dt_mvw_sv_eixo_svb_l.fid--4079df0f_18eae1488d1_1e6f">
                <ExtendedData>
                    <SchemaData schemaUrl="#dt_mvw_sv_eixo_svb_l_1">
                        <SimpleData name="id">756</SimpleData>
                        <SimpleData name="idoriginal">753</SimpleData>
                        <SimpleData name="classifvia">Via Arterial I</SimpleData>
                    </SchemaData>
                </ExtendedData>
                <LineString>
                    <coordinates>-38.57885024822614,-3.755941193642354 -38.57883586324529,-3.7561501788337783 -38.57878058401989,-3.758011365539001</coordinates>
                </LineString>
            </Placemark>
            <Placemark id="dt_mvw_sv_eixo_svb_l.fid--4079df0f_18eae1488d1_1e70">
                <ExtendedData>
                    <SchemaData schemaUrl="#dt_mvw_sv_eixo_svb_l_1">
                        <SimpleData name="id">757</SimpleData>
                        <SimpleData name="idoriginal">754</SimpleData>
                        <SimpleData name="classifvia">Via Coletora</SimpleData>
                    </SchemaData>
                </ExtendedData>
                <LineString>
                    <coordinates>-38.5576857850286,-3.813962607903475 -38.55769462353016,-3.8139981821335023 -38.557774135196375,-3.814388005664725 -38.55778445133429,-3.8144206162783267 -38.55779037151896,-3.8144371501726773 -38.55779331996122,-3.8144445619220204 -38.55779479456123,-3.814447526582877 -38.557800693718434,-3.8144579042322473 -38.557805118275915,-3.8144653167428655</coordinates>
                </LineString>
            </Placemark>
            <Placemark id="dt_mvw_sv_eixo_svb_l.fid--4079df0f_18eae1488d1_1e71">
                <ExtendedData>
                    <SchemaData schemaUrl="#dt_mvw_sv_eixo_svb_l_1">
                        <SimpleData name="id">758</SimpleData>
                        <SimpleData name="idoriginal">726</SimpleData>
                        <SimpleData name="classifvia">Via Coletora</SimpleData>
                    </SchemaData>
                </ExtendedData>
                <LineString>
                    <coordinates>-38.588400183742166,-3.8174428157815843 -38.58598624209875,-3.8198553928862196 -38.5855694003226,-3.820636303539599 -38.585297628905344,-3.821826258128184 -38.58323197137915,-3.8244481067272806 -38.58315503583432,-3.8245509943696105 -38.58311336109924,-3.8246088695629603 -38.58303963989221,-3.82468924417904 -38.58294027523037,-3.8248017700321557 -38.58244908767145,-3.82529861137868 -38.58238177799173,-3.8253693394116324 -38.582317680299106,-3.8254239873684757 -38.5821958942618,-3.825526852987634 -38.58209655120845,-3.8255943491046818 -38.580793882145926,-3.8265181313044496 -38.58072978740001,-3.826566346185 -38.58067531250898,-3.826595266969337 -38.58058238643708,-3.826640251459085 -38.58049266926591,-3.8266755878721197 -38.57431683270843,-3.828835184514096 -38.57416368901542,-3.8288848452167326 -38.57403307193628,-3.828916430544368 -38.57387543391135,-3.828948002842697 -38.57369977696415,-3.828988609171564 -38.57352861654075,-3.8290427820520847 -38.57336645884355,-3.829106002445886 -38.573213303868386,-3.8291782708290536 -38.57277461085355,-3.829401162804885 -38.57267099891963,-3.829464412336626 -38.572585414154894,-3.829500541719192 -38.572499816646584,-3.8295638007137947 -38.57239619345605,-3.8296496580675834 -38.57230158572689,-3.8297174338176876 -38.572170952765866,-3.82978066974695 -38.57204933976686,-3.8298167810194474 -38.57120251120066,-3.830155471808184</coordinates>
                </LineString>
            </Placemark>
            <Placemark id="dt_mvw_sv_eixo_svb_l.fid--4079df0f_18eae1488d1_1e72">
                <ExtendedData>
                    <SchemaData schemaUrl="#dt_mvw_sv_eixo_svb_l_1">
                        <SimpleData name="id">789</SimpleData>
                        <SimpleData name="idoriginal">761</SimpleData>
                        <SimpleData name="classifvia">Via Coletora</SimpleData>
                    </SchemaData>
                </ExtendedData>
                <LineString>
                    <coordinates>-38.48864535469153,-3.8012518977873486 -38.48863165068189,-3.801452601854312 -38.48840453768797,-3.804013185207859 -38.48839962298402,-3.8040865440693934 -38.4883873960842,-3.8041696795452906 -38.48837030280139,-3.804245476041393 -38.488343421918835,-3.804397073857179 -38.48833851370612,-3.8044606507988465 -38.48834091769063,-3.8045144506488127 -38.48835305732168,-3.8045780377373837 -38.48837013981822,-3.804644733094414 -38.48860531228958,-3.805507364823561 -38.48949040154591,-3.8082565430613524</coordinates>
                </LineString>
            </Placemark>
            <Placemark id="dt_mvw_sv_eixo_svb_l.fid--4079df0f_18eae1488d1_1e73">
                <ExtendedData>
                    <SchemaData schemaUrl="#dt_mvw_sv_eixo_svb_l_1">
                        <SimpleData name="id">790</SimpleData>
                        <SimpleData name="idoriginal">762</SimpleData>
                        <SimpleData name="classifvia">Via Coletora</SimpleData>
                    </SchemaData>
                </ExtendedData>
                <LineString>
                    <coordinates>-38.58994442325078,-3.811261928689585 -38.589978500900756,-3.8112985379711075 -38.59314244635306,-3.814585041700398</coordinates>
                </LineString>
            </Placemark>
            <Placemark id="dt_mvw_sv_eixo_svb_l.fid--4079df0f_18eae1488d1_1e74">
                <ExtendedData>
                    <SchemaData schemaUrl="#dt_mvw_sv_eixo_svb_l_1">
                        <SimpleData name="id">791</SimpleData>
                        <SimpleData name="idoriginal">763</SimpleData>
                        <SimpleData name="classifvia">Via Coletora</SimpleData>
                    </SchemaData>
                </ExtendedData>
                <LineString>
                    <coordinates>-38.53223012187376,-3.8031749523508247 -38.532252652754394,-3.8032732207720485 -38.535623880457734,-3.8131772295357576</coordinates>
                </LineString>
            </Placemark>
            <Placemark id="dt_mvw_sv_eixo_svb_l.fid--4079df0f_18eae1488d1_1e75">
                <ExtendedData>
                    <SchemaData schemaUrl="#dt_mvw_sv_eixo_svb_l_1">
                        <SimpleData name="id">792</SimpleData>
                        <SimpleData name="idoriginal">854</SimpleData>
                        <SimpleData name="classifvia">Via Coletora</SimpleData>
                    </SchemaData>
                </ExtendedData>
                <LineString>
                    <coordinates>-38.47256058334282,-3.7290522053031356 -38.470948808091876,-3.7283049038517504 -38.466792242020176,-3.726268968658783</coordinates>
                </LineString>
            </Placemark>
            <Placemark id="dt_mvw_sv_eixo_svb_l.fid--4079df0f_18eae1488d1_1e76">
                <ExtendedData>
                    <SchemaData schemaUrl="#dt_mvw_sv_eixo_svb_l_1">
                        <SimpleData name="id">759</SimpleData>
                        <SimpleData name="idoriginal">727</SimpleData>
                        <SimpleData name="classifvia">Via Coletora</SimpleData>
                    </SchemaData>
                </ExtendedData>
                <LineString>
                    <coordinates>-38.49481978706288,-3.8485235411374776 -38.49448834772837,-3.848548144709322 -38.49439159906638,-3.84854395395147 -38.494270152143095,-3.848531481122883 -38.49412196086986,-3.8484921248635806 -38.494049932187124,-3.848456947606647 -38.493967612795394,-3.84841969737651 -38.49390176411915,-3.84837832326654 -38.49384003617598,-3.8483307520405177 -38.49260783801865,-3.8473688615922237 -38.49254056343264,-3.8473171475642984 -38.492489909272045,-3.8472781632427124 -38.492111447710705,-3.8470138595782792 -38.492043365660976,-3.846962531164596 -38.4919937312657,-3.84691121376935 -38.491908644096725,-3.846821409979332 -38.49182780801703,-3.8467415806890646 -38.49177107615041,-3.846694533219221 -38.491699733550156,-3.8466541902992613 -38.491621705097266,-3.8466256504088516 -38.49155360368846,-3.846607089368854 -38.49146704777759,-3.846601338862154 -38.49140461209861,-3.8466013015181892 -38.49015721419542,-3.8466402525969436 -38.4901227051185,-3.846643584723384 -38.49006703804405,-3.846661432248532 -38.4900280658301,-3.8466837603688426 -38.489996885253625,-3.8467060926828593 -38.48997460510523,-3.846735135973927 -38.489946752293946,-3.84677646847828 -38.48992112908954,-3.846812215401235 -38.48989996510421,-3.8468367887737207 -38.48987435060419,-3.8468591244214156 -38.48985319193334,-3.8468747575804256 -38.48982869346397,-3.8468903887347468 -38.489806425337626,-3.8469004333532593 -38.48978415780771,-3.8469082429177375 -38.489754097307234,-3.8469182828584216 -38.4876533227638,-3.8475319166453144 -38.487430046534975,-3.847601283731477 -38.4860823907638,-3.847992291891493 -38.48592569163371,-3.8480293772778107 -38.48273166311339,-3.848755153877478</coordinates>
                </LineString>
            </Placemark>
            <Placemark id="dt_mvw_sv_eixo_svb_l.fid--4079df0f_18eae1488d1_1e77">
                <ExtendedData>
                    <SchemaData schemaUrl="#dt_mvw_sv_eixo_svb_l_1">
                        <SimpleData name="id">760</SimpleData>
                        <SimpleData name="idoriginal">728</SimpleData>
                        <SimpleData name="classifvia">Via Coletora</SimpleData>
                    </SchemaData>
                </ExtendedData>
                <LineString>
                    <coordinates>-38.59597098629897,-3.8336671938763383 -38.59549364438971,-3.8329721937792796 -38.59342474314592,-3.8299252855869605 -38.59249122245612,-3.828385388449273 -38.59160085776248,-3.8267503631013717 -38.59155615667136,-3.826666946276364 -38.59153020997717,-3.82662596550085 -38.59149684513248,-3.826581256867245 -38.58429850987478,-3.815833733873942 -38.5824760255339,-3.813123917120702 -38.582402754197524,-3.813027264334314 -38.58234321603668,-3.8129582234569557 -38.58229055331991,-3.812886884978511 -38.58223533436241,-3.8128173367103373 -38.578679919636095,-3.808958409089856</coordinates>
                </LineString>
            </Placemark>
            <Placemark id="dt_mvw_sv_eixo_svb_l.fid--4079df0f_18eae1488d1_1e78">
                <ExtendedData>
                    <SchemaData schemaUrl="#dt_mvw_sv_eixo_svb_l_1">
                        <SimpleData name="id">761</SimpleData>
                        <SimpleData name="idoriginal">729</SimpleData>
                        <SimpleData name="classifvia">Via Coletora</SimpleData>
                    </SchemaData>
                </ExtendedData>
                <LineString>
                    <coordinates>-38.51202811479007,-3.8415373895164544 -38.514507957364735,-3.8477589006221002</coordinates>
                </LineString>
            </Placemark>
            <Placemark id="dt_mvw_sv_eixo_svb_l.fid--4079df0f_18eae1488d1_1e79">
                <ExtendedData>
                    <SchemaData schemaUrl="#dt_mvw_sv_eixo_svb_l_1">
                        <SimpleData name="id">762</SimpleData>
                        <SimpleData name="idoriginal">730</SimpleData>
                        <SimpleData name="classifvia">Via Coletora</SimpleData>
                    </SchemaData>
                </ExtendedData>
                <LineString>
                    <coordinates>-38.49201220557715,-3.813511471781947 -38.492052679253256,-3.8143202746288356 -38.49205556872127,-3.8143760304493446 -38.49205551617157,-3.8144655300502652 -38.49204959189842,-3.8145583927124513 -38.49204078866349,-3.81461854313376 -38.49199381894065,-3.8149372177304905 -38.49198501741797,-3.814994433798403 -38.491979139610855,-3.8150501844224722 -38.49197764511157,-3.81510593764397 -38.49195111211932,-3.8154762728984504 -38.49194961244253,-3.8155408291726403 -38.491951029376445,-3.815617125055675 -38.49195683737916,-3.8156802184850314 -38.49202515976808,-3.816382493865446 -38.492026600685854,-3.816440079378576 -38.49203093982833,-3.81651637699322 -38.49203236968985,-3.8165706642991437 -38.49202794607087,-3.8166381536626 -38.49198954432178,-3.8173288079233147 -38.491989514143214,-3.817380160010245 -38.49198948999995,-3.817421241868276 -38.49199092868794,-3.8174593902415626 -38.49199236134001,-3.817507808843655 -38.492084860477505,-3.819284531405632 -38.492092667486986,-3.8193686745513 -38.49210571523687,-3.81944756244285 -38.492118775353546,-3.819505415948575 -38.49251066201016,-3.821715144766893 -38.492521095610755,-3.821786142856396 -38.492526299275596,-3.8218439912308013 -38.49252624518614,-3.8219360179653963 -38.492512928466596,-3.822314634799822</coordinates>
                </LineString>
            </Placemark>
            <Placemark id="dt_mvw_sv_eixo_svb_l.fid--4079df0f_18eae1488d1_1e7a">
                <ExtendedData>
                    <SchemaData schemaUrl="#dt_mvw_sv_eixo_svb_l_1">
                        <SimpleData name="id">763</SimpleData>
                        <SimpleData name="idoriginal">731</SimpleData>
                        <SimpleData name="classifvia">Via Coletora</SimpleData>
                    </SchemaData>
                </ExtendedData>
                <LineString>
                    <coordinates>-38.539258959595855,-3.790662622884295 -38.539226573618755,-3.7905866375304287 -38.53853704521639,-3.788548618113319 -38.537800466970324,-3.7863543275113396 -38.53777055389606,-3.7862585861521336 -38.53775152516326,-3.786184730697714 -38.5377352218687,-3.7861081412203297 -38.53771347931023,-3.7860151392429877 -38.53770536102853,-3.785913939526799 -38.53769181218651,-3.7857799163124186 -38.53767825529219,-3.7856623036252017 -38.53767012105702,-3.785591188539463 -38.53765762161742,-3.7855351577402914 -38.53764729096877,-3.785489666114783 -38.53763206797873,-3.785435272601639 -38.53761234374131,-3.7853450246236893 -38.5371169122042,-3.7836449410091504 -38.53710047822102,-3.783596856266239 -38.53708703398092,-3.7835547827938196 -38.5370780700421,-3.7835292381939905 -38.536542656402474,-3.782014929888319</coordinates>
                </LineString>
            </Placemark>
            <Placemark id="dt_mvw_sv_eixo_svb_l.fid--4079df0f_18eae1488d1_1e7b">
                <ExtendedData>
                    <SchemaData schemaUrl="#dt_mvw_sv_eixo_svb_l_1">
                        <SimpleData name="id">764</SimpleData>
                        <SimpleData name="idoriginal">732</SimpleData>
                        <SimpleData name="classifvia">Via Coletora</SimpleData>
                    </SchemaData>
                </ExtendedData>
                <LineString>
                    <coordinates>-38.56344110294806,-3.810777204064959 -38.5632923122586,-3.8108667349654435 -38.55774546746788,-3.814409909726682</coordinates>
                </LineString>
            </Placemark>
            <Placemark id="dt_mvw_sv_eixo_svb_l.fid--4079df0f_18eae1488d1_1e7c">
                <ExtendedData>
                    <SchemaData schemaUrl="#dt_mvw_sv_eixo_svb_l_1">
                        <SimpleData name="id">765</SimpleData>
                        <SimpleData name="idoriginal">733</SimpleData>
                        <SimpleData name="classifvia">Via Coletora</SimpleData>
                    </SchemaData>
                </ExtendedData>
                <LineString>
                    <coordinates>-38.55520317802077,-3.8115422905025778 -38.55321663872206,-3.8126710299834294 -38.553131822786995,-3.8127124620598054 -38.55305353744165,-3.8127386167043364 -38.552920898420396,-3.8127625599037724 -38.55281218639523,-3.8127646863451643 -38.55265130691531,-3.812740590138232 -38.552549138565695,-3.8127034263438824 -38.552438286615825,-3.8126400625787276 -38.55236004529514,-3.8125810820380184 -38.552310060697195,-3.812537396591052 -38.55225573979394,-3.8124718796689514</coordinates>
                </LineString>
            </Placemark>
            <Placemark id="dt_mvw_sv_eixo_svb_l.fid--4079df0f_18eae1488d1_1e7d">
                <ExtendedData>
                    <SchemaData schemaUrl="#dt_mvw_sv_eixo_svb_l_1">
                        <SimpleData name="id">766</SimpleData>
                        <SimpleData name="idoriginal">735</SimpleData>
                        <SimpleData name="classifvia">Via Coletora</SimpleData>
                    </SchemaData>
                </ExtendedData>
                <LineString>
                    <coordinates>-38.47505492958025,-3.734864299531471 -38.47652717314286,-3.7372464860217613 -38.476674799240804,-3.737493796754602 -38.476702877829645,-3.737570160110861 -38.47661581362048,-3.7377375849378924 -38.47604886370233,-3.7385125950172156 -38.475664702017156,-3.7390280181276805 -38.47535705366383,-3.7394714687918285 -38.47533579717083,-3.7395657724689713 -38.475379570271166,-3.7396067603839804 -38.47638342042375,-3.7405728496341237 -38.47642534265048,-3.740627195210766 -38.47645343983177,-3.7406588318740015 -38.47648377478175,-3.7407107965323734 -38.47652310030209,-3.7407740594203203 -38.47656955312864,-3.740860014510917 -38.476869851626354,-3.74132862255304 -38.47779330524852,-3.74278873782508</coordinates>
                </LineString>
            </Placemark>
            <Placemark id="dt_mvw_sv_eixo_svb_l.fid--4079df0f_18eae1488d1_1e7e">
                <ExtendedData>
                    <SchemaData schemaUrl="#dt_mvw_sv_eixo_svb_l_1">
                        <SimpleData name="id">767</SimpleData>
                        <SimpleData name="idoriginal">736</SimpleData>
                        <SimpleData name="classifvia">Via Coletora</SimpleData>
                    </SchemaData>
                </ExtendedData>
                <LineString>
                    <coordinates>-38.47788975743743,-3.742931803373165 -38.47794728791109,-3.743024038877891 -38.479640968346594,-3.745727146415216 -38.47972055371082,-3.745865644668671 -38.47977259019624,-3.7459564374227865 -38.47979860489693,-3.7460072181788906 -38.47981696895773,-3.7460426111102736 -38.47983992053421,-3.746091851713921 -38.479852160332705,-3.746119549362903 -38.479870518947756,-3.7461641722497667 -38.479884287499814,-3.7461980241156683 -38.47989958571334,-3.7462364913946575 -38.479914881378726,-3.746278035803015 -38.47992558680409,-3.746310347517031 -38.4799439399764,-3.7463642003593685 -38.47995923201257,-3.74641189807153 -38.47995120667155,-3.7465625099592867</coordinates>
                </LineString>
            </Placemark>
            <Placemark id="dt_mvw_sv_eixo_svb_l.fid--4079df0f_18eae1488d1_1e7f">
                <ExtendedData>
                    <SchemaData schemaUrl="#dt_mvw_sv_eixo_svb_l_1">
                        <SimpleData name="id">768</SimpleData>
                        <SimpleData name="idoriginal">737</SimpleData>
                        <SimpleData name="classifvia">Via Coletora</SimpleData>
                    </SchemaData>
                </ExtendedData>
                <LineString>
                    <coordinates>-38.46382870670544,-3.747347925369326 -38.46140787976038,-3.7461771133616955 -38.459970408386226,-3.7454542554155057 -38.458012777447536,-3.7444738233003028 -38.45773930821526,-3.7443559401962823 -38.452160678896625,-3.7416258449360376</coordinates>
                </LineString>
            </Placemark>
            <Placemark id="dt_mvw_sv_eixo_svb_l.fid--4079df0f_18eae1488d1_1e80">
                <ExtendedData>
                    <SchemaData schemaUrl="#dt_mvw_sv_eixo_svb_l_1">
                        <SimpleData name="id">769</SimpleData>
                        <SimpleData name="idoriginal">738</SimpleData>
                        <SimpleData name="classifvia">Via Coletora</SimpleData>
                    </SchemaData>
                </ExtendedData>
                <LineString>
                    <coordinates>-38.454213878282225,-3.7377405379739974 -38.459749406832664,-3.740498462118389 -38.45978771840998,-3.740701009198341 -38.46532299210779,-3.7433937731695273</coordinates>
                </LineString>
            </Placemark>
            <Placemark id="dt_mvw_sv_eixo_svb_l.fid--4079df0f_18eae1488d1_1e81">
                <ExtendedData>
                    <SchemaData schemaUrl="#dt_mvw_sv_eixo_svb_l_1">
                        <SimpleData name="id">770</SimpleData>
                        <SimpleData name="idoriginal">739</SimpleData>
                        <SimpleData name="classifvia">Via Coletora</SimpleData>
                    </SchemaData>
                </ExtendedData>
                <LineString>
                    <coordinates>-38.521695888214374,-3.747607446017427 -38.52180829740678,-3.7476548261619698 -38.52266944158805,-3.748020497493913 -38.52273377346463,-3.7480467255052936 -38.52281028166809,-3.748067721990498 -38.523991406968214,-3.7484668747739076</coordinates>
                </LineString>
            </Placemark>
            <Placemark id="dt_mvw_sv_eixo_svb_l.fid--4079df0f_18eae1488d1_1e82">
                <ExtendedData>
                    <SchemaData schemaUrl="#dt_mvw_sv_eixo_svb_l_1">
                        <SimpleData name="id">771</SimpleData>
                        <SimpleData name="idoriginal">740</SimpleData>
                        <SimpleData name="classifvia">Via Coletora</SimpleData>
                    </SchemaData>
                </ExtendedData>
                <LineString>
                    <coordinates>-38.55744548410123,-3.706402859300365 -38.55750016197952,-3.7066628659589713 -38.558150825917174,-3.7086880021997453 -38.558200927139154,-3.7088209443689073 -38.558554943392494,-3.7101525905665897 -38.558584608879556,-3.710332275481667 -38.558821941523625,-3.711140032416122</coordinates>
                </LineString>
            </Placemark>
            <Placemark id="dt_mvw_sv_eixo_svb_l.fid--4079df0f_18eae1488d1_1e83">
                <ExtendedData>
                    <SchemaData schemaUrl="#dt_mvw_sv_eixo_svb_l_1">
                        <SimpleData name="id">772</SimpleData>
                        <SimpleData name="idoriginal">741</SimpleData>
                        <SimpleData name="classifvia">Via Coletora</SimpleData>
                    </SchemaData>
                </ExtendedData>
                <LineString>
                    <coordinates>-38.55888311444933,-3.71129342830284 -38.560055273095074,-3.714828988476456 -38.560116421319954,-3.7150005347795507 -38.56057372993204,-3.7162417843061317 -38.56062840366581,-3.716471577566385 -38.56151723681155,-3.7191583794976966</coordinates>
                </LineString>
            </Placemark>
            <Placemark id="dt_mvw_sv_eixo_svb_l.fid--4079df0f_18eae1488d1_1e84">
                <ExtendedData>
                    <SchemaData schemaUrl="#dt_mvw_sv_eixo_svb_l_1">
                        <SimpleData name="id">773</SimpleData>
                        <SimpleData name="idoriginal">742</SimpleData>
                        <SimpleData name="classifvia">Via Coletora</SimpleData>
                    </SchemaData>
                </ExtendedData>
                <LineString>
                    <coordinates>-38.482668168751616,-3.81641450367702 -38.48392614871611,-3.815377862038492 -38.483965755864126,-3.815349266322656 -38.48400377407899,-3.815330209815941 -38.484046538865314,-3.815317515490692 -38.48427619876994,-3.815255644956385</coordinates>
                </LineString>
            </Placemark>
            <Placemark id="dt_mvw_sv_eixo_svb_l.fid--4079df0f_18eae1488d1_1e85">
                <ExtendedData>
                    <SchemaData schemaUrl="#dt_mvw_sv_eixo_svb_l_1">
                        <SimpleData name="id">775</SimpleData>
                        <SimpleData name="idoriginal">744</SimpleData>
                        <SimpleData name="classifvia">Via Coletora</SimpleData>
                    </SchemaData>
                </ExtendedData>
                <LineString>
                    <coordinates>-38.50678135341429,-3.7970524129969268 -38.50682816670866,-3.7970767587205434 -38.51367914734312,-3.8003123514389396 -38.51379060960582,-3.8003618685413554 -38.51389993744791,-3.8003874616559497 -38.51397621483683,-3.8004028235507623 -38.514076747739125,-3.800412695259591 -38.5141618308228,-3.8004259063423884 -38.514258458887795,-3.8004259608904216 -38.51433220504442,-3.8004208962432444 -38.51448286827547,-3.8003916138709046</coordinates>
                </LineString>
            </Placemark>
            <Placemark id="dt_mvw_sv_eixo_svb_l.fid--4079df0f_18eae1488d1_1e86">
                <ExtendedData>
                    <SchemaData schemaUrl="#dt_mvw_sv_eixo_svb_l_1">
                        <SimpleData name="id">776</SimpleData>
                        <SimpleData name="idoriginal">745</SimpleData>
                        <SimpleData name="classifvia">Via Coletora</SimpleData>
                    </SchemaData>
                </ExtendedData>
                <LineString>
                    <coordinates>-38.592992723437874,-3.752580917420839 -38.59295200219705,-3.7526110020971015 -38.59254150193255,-3.7528363576183237 -38.59124407216821,-3.753543801729213 -38.59109596931203,-3.753595653829438 -38.587369907464456,-3.755568184674582 -38.58722007912773,-3.755689976378437 -38.58436814670838,-3.757207065833067</coordinates>
                </LineString>
            </Placemark>
            <Placemark id="dt_mvw_sv_eixo_svb_l.fid--4079df0f_18eae1488d1_1e87">
                <ExtendedData>
                    <SchemaData schemaUrl="#dt_mvw_sv_eixo_svb_l_1">
                        <SimpleData name="id">835</SimpleData>
                        <SimpleData name="idoriginal">806</SimpleData>
                        <SimpleData name="classifvia">Via Coletora</SimpleData>
                    </SchemaData>
                </ExtendedData>
                <LineString>
                    <coordinates>-38.458029618375456,-3.753744473320256 -38.45941646245211,-3.7581104349596175 -38.45943504953812,-3.758169159636278</coordinates>
                </LineString>
            </Placemark>
            <Placemark id="dt_mvw_sv_eixo_svb_l.fid--4079df0f_18eae1488d1_1e88">
                <ExtendedData>
                    <SchemaData schemaUrl="#dt_mvw_sv_eixo_svb_l_1">
                        <SimpleData name="id">777</SimpleData>
                        <SimpleData name="idoriginal">746</SimpleData>
                        <SimpleData name="classifvia">Via Coletora</SimpleData>
                    </SchemaData>
                </ExtendedData>
                <LineString>
                    <coordinates>-38.59199388056396,-3.794209441732231 -38.592067390206395,-3.793840632438093 -38.59207340235878,-3.793812527119746 -38.59207941168613,-3.7937904447085145 -38.59209342340569,-3.793760334910647 -38.59211743369837,-3.793728222521321 -38.592249497613274,-3.793543572722935 -38.59227550725868,-3.7935134685954384 -38.592299513482224,-3.7934913946929396 -38.592319519451706,-3.793471326691364 -38.59234752498463,-3.7934492551497625 -38.59237953076896,-3.7934251772337526 -38.59241953517489,-3.793401103097815 -38.59244753505956,-3.793391077838824 -38.59249353278666,-3.793379052821368 -38.60091226763006,-3.7906966383208776 -38.60854489789437,-3.7882455387000724 -38.60876574035089,-3.78817277036778 -38.61531719886779,-3.7860530427403503 -38.615387727319934,-3.7860286591186725 -38.61545095818778,-3.786011596467739 -38.6155385093752,-3.785984779002371 -38.6230089410717,-3.7838519003577966 -38.62548134212225,-3.7831580934357536</coordinates>
                </LineString>
            </Placemark>
            <Placemark id="dt_mvw_sv_eixo_svb_l.fid--4079df0f_18eae1488d1_1e89">
                <ExtendedData>
                    <SchemaData schemaUrl="#dt_mvw_sv_eixo_svb_l_1">
                        <SimpleData name="id">778</SimpleData>
                        <SimpleData name="idoriginal">747</SimpleData>
                        <SimpleData name="classifvia">Via Coletora</SimpleData>
                    </SchemaData>
                </ExtendedData>
                <LineString>
                    <coordinates>-38.50280804395599,-3.821309942544908 -38.501108345927925,-3.82160769704521 -38.50101371491379,-3.8216189516268133 -38.500943871746735,-3.821621173233558 -38.500865015278336,-3.8216256509546422 -38.50078841871367,-3.821618820234737 -38.500747869395376,-3.8216120105379554 -38.50067803277143,-3.8216029218972167 -38.50061270607131,-3.8215870498405704 -38.50056765730164,-3.821568927758547 -38.500533869967015,-3.8215575978109495</coordinates>
                </LineString>
            </Placemark>
            <Placemark id="dt_mvw_sv_eixo_svb_l.fid--4079df0f_18eae1488d1_1e8a">
                <ExtendedData>
                    <SchemaData schemaUrl="#dt_mvw_sv_eixo_svb_l_1">
                        <SimpleData name="id">779</SimpleData>
                        <SimpleData name="idoriginal">748</SimpleData>
                        <SimpleData name="classifvia">Via Coletora</SimpleData>
                    </SchemaData>
                </ExtendedData>
                <LineString>
                    <coordinates>-38.56349072477414,-3.758784891454956 -38.565248687651355,-3.757653830144488</coordinates>
                </LineString>
            </Placemark>
            <Placemark id="dt_mvw_sv_eixo_svb_l.fid--4079df0f_18eae1488d1_1e8b">
                <ExtendedData>
                    <SchemaData schemaUrl="#dt_mvw_sv_eixo_svb_l_1">
                        <SimpleData name="id">780</SimpleData>
                        <SimpleData name="idoriginal">749</SimpleData>
                        <SimpleData name="classifvia">Via Coletora</SimpleData>
                    </SchemaData>
                </ExtendedData>
                <LineString>
                    <coordinates>-38.56826449670927,-3.7557311881531756 -38.569466158444875,-3.7549750664220567 -38.56954944363388,-3.754915780665342 -38.570046442028136,-3.7546139998999015 -38.57011006804524,-3.7545694484146477 -38.57017198601704,-3.7545245199771338 -38.57023390980146,-3.754467690977987 -38.57028458518751,-3.7544181519804063 -38.57461058569572,-3.7498079733255745</coordinates>
                </LineString>
            </Placemark>
            <Placemark id="dt_mvw_sv_eixo_svb_l.fid--4079df0f_18eae1488d1_1e8c">
                <ExtendedData>
                    <SchemaData schemaUrl="#dt_mvw_sv_eixo_svb_l_1">
                        <SimpleData name="id">781</SimpleData>
                        <SimpleData name="idoriginal">750</SimpleData>
                        <SimpleData name="classifvia">Via Coletora</SimpleData>
                    </SchemaData>
                </ExtendedData>
                <LineString>
                    <coordinates>-38.56585616842654,-3.7572735972266087 -38.567661908512086,-3.7560884592125667</coordinates>
                </LineString>
            </Placemark>
            <Placemark id="dt_mvw_sv_eixo_svb_l.fid--4079df0f_18eae1488d1_1e8d">
                <ExtendedData>
                    <SchemaData schemaUrl="#dt_mvw_sv_eixo_svb_l_1">
                        <SimpleData name="id">782</SimpleData>
                        <SimpleData name="idoriginal">751</SimpleData>
                        <SimpleData name="classifvia">Via Coletora</SimpleData>
                    </SchemaData>
                </ExtendedData>
                <LineString>
                    <coordinates>-38.56764044043189,-3.756091946269357 -38.567375114849824,-3.7556688601986665 -38.56796388563686,-3.7552917521827385 -38.56853028983504,-3.7561951080250005 -38.56794953569311,-3.7565817424221537 -38.56764044043189,-3.756091946269357</coordinates>
                </LineString>
            </Placemark>
            <Placemark id="dt_mvw_sv_eixo_svb_l.fid--4079df0f_18eae1488d1_1e8e">
                <ExtendedData>
                    <SchemaData schemaUrl="#dt_mvw_sv_eixo_svb_l_1">
                        <SimpleData name="id">783</SimpleData>
                        <SimpleData name="idoriginal">755</SimpleData>
                        <SimpleData name="classifvia">Via Coletora</SimpleData>
                    </SchemaData>
                </ExtendedData>
                <LineString>
                    <coordinates>-38.500546276147325,-3.8215610219668537 -38.49740523871515,-3.820541306882069 -38.49729943885912,-3.8205140943906075 -38.497198337203635,-3.820493967454915 -38.49711721599289,-3.82048801738439 -38.497047848189034,-3.8204867962433537 -38.49600976455169,-3.820460141186842</coordinates>
                </LineString>
            </Placemark>
            <Placemark id="dt_mvw_sv_eixo_svb_l.fid--4079df0f_18eae1488d1_1e8f">
                <ExtendedData>
                    <SchemaData schemaUrl="#dt_mvw_sv_eixo_svb_l_1">
                        <SimpleData name="id">784</SimpleData>
                        <SimpleData name="idoriginal">756</SimpleData>
                        <SimpleData name="classifvia">Via Coletora</SimpleData>
                    </SchemaData>
                </ExtendedData>
                <LineString>
                    <coordinates>-38.58853886278651,-3.714559916594072 -38.58846816349902,-3.7145681989486 -38.586892457588405,-3.7147283609913933 -38.58391413598396,-3.715014646733352 -38.581210872590894,-3.7152452022806144 -38.581119745325715,-3.715257198159169 -38.5810693838176,-3.7152668056825116 -38.581021419447836,-3.7152788220937745 -38.58096386348988,-3.715290833935798 -38.58091109802405,-3.715312479547228 -38.58084394706699,-3.7153317105546875 -38.5785730200867,-3.7161770603503665</coordinates>
                </LineString>
            </Placemark>
            <Placemark id="dt_mvw_sv_eixo_svb_l.fid--4079df0f_18eae1488d1_1e90">
                <ExtendedData>
                    <SchemaData schemaUrl="#dt_mvw_sv_eixo_svb_l_1">
                        <SimpleData name="id">785</SimpleData>
                        <SimpleData name="idoriginal">757</SimpleData>
                        <SimpleData name="classifvia">Via Coletora</SimpleData>
                    </SchemaData>
                </ExtendedData>
                <LineString>
                    <coordinates>-38.594072783336365,-3.71316892706236 -38.59341359429399,-3.713362920944585 -38.59220928649343,-3.713705922007925 -38.592064757005176,-3.7137557351642965 -38.59018868696253,-3.714302332489469 -38.59005319177052,-3.7143453475096955 -38.588658740151004,-3.7147626835436784</coordinates>
                </LineString>
            </Placemark>
            <Placemark id="dt_mvw_sv_eixo_svb_l.fid--4079df0f_18eae1488d1_1e91">
                <ExtendedData>
                    <SchemaData schemaUrl="#dt_mvw_sv_eixo_svb_l_1">
                        <SimpleData name="id">786</SimpleData>
                        <SimpleData name="idoriginal">758</SimpleData>
                        <SimpleData name="classifvia">Via Coletora</SimpleData>
                    </SchemaData>
                </ExtendedData>
                <LineString>
                    <coordinates>-38.52052420724677,-3.7536050640524126 -38.52025102470431,-3.7549394651696026 -38.52008358515124,-3.7557705830185575 -38.51991084172647,-3.756633764383158 -38.51964281884581,-3.7580176409216093</coordinates>
                </LineString>
            </Placemark>
            <Placemark id="dt_mvw_sv_eixo_svb_l.fid--4079df0f_18eae1488d1_1e92">
                <ExtendedData>
                    <SchemaData schemaUrl="#dt_mvw_sv_eixo_svb_l_1">
                        <SimpleData name="id">787</SimpleData>
                        <SimpleData name="idoriginal">759</SimpleData>
                        <SimpleData name="classifvia">Via Coletora</SimpleData>
                    </SchemaData>
                </ExtendedData>
                <LineString>
                    <coordinates>-38.552615816182964,-3.7088382160605615 -38.55287544114995,-3.7098488711169995 -38.552962868547745,-3.710178185044356 -38.55297850411365,-3.7103495929706014 -38.553139796070475,-3.7114427912412173 -38.553258603429036,-3.7122374263051228 -38.553281009119985,-3.712504696936766 -38.55333022912863,-3.7128858622427097 -38.55335039737406,-3.7129760830982246 -38.5533862678688,-3.7131818780659116 -38.5533862191366,-3.7132788541198374 -38.553430971996846,-3.713719333619834 -38.55343990993892,-3.713811804094285 -38.55345333781966,-3.713906532160815 -38.553939481141704,-3.717384471919908</coordinates>
                </LineString>
            </Placemark>
            <Placemark id="dt_mvw_sv_eixo_svb_l.fid--4079df0f_18eae1488d1_1e93">
                <ExtendedData>
                    <SchemaData schemaUrl="#dt_mvw_sv_eixo_svb_l_1">
                        <SimpleData name="id">788</SimpleData>
                        <SimpleData name="idoriginal">760</SimpleData>
                        <SimpleData name="classifvia">Via Coletora</SimpleData>
                    </SchemaData>
                </ExtendedData>
                <LineString>
                    <coordinates>-38.59611432746217,-3.74476835564416 -38.59409248936017,-3.7444953288188194 -38.593378243131696,-3.7443814352700677 -38.59104548301226,-3.744030688813695 -38.585251027885946,-3.74318699109946</coordinates>
                </LineString>
            </Placemark>
            <Placemark id="dt_mvw_sv_eixo_svb_l.fid--4079df0f_18eae1488d1_1e94">
                <ExtendedData>
                    <SchemaData schemaUrl="#dt_mvw_sv_eixo_svb_l_1">
                        <SimpleData name="id">793</SimpleData>
                        <SimpleData name="idoriginal">764</SimpleData>
                        <SimpleData name="classifvia">Via Coletora</SimpleData>
                    </SchemaData>
                </ExtendedData>
                <LineString>
                    <coordinates>-38.59066189287506,-3.8254422144664346 -38.58878914301638,-3.8268180512503527 -38.58865047155738,-3.8269237586084848 -38.5850731023067,-3.8295857655297247 -38.583654111183456,-3.8306699711651495 -38.58230150224809,-3.8316901119891122 -38.58222382127732,-3.8317407525134883 -38.582159739775385,-3.8317719078648294 -38.58208983627234,-3.8317972129122517 -38.58202576233058,-3.8318127748971804 -38.5819636340352,-3.831820541397169 -38.581917038949825,-3.8318224675599812 -38.581363210952844,-3.8318593368161062</coordinates>
                </LineString>
            </Placemark>
            <Placemark id="dt_mvw_sv_eixo_svb_l.fid--4079df0f_18eae1488d1_1e95">
                <ExtendedData>
                    <SchemaData schemaUrl="#dt_mvw_sv_eixo_svb_l_1">
                        <SimpleData name="id">794</SimpleData>
                        <SimpleData name="idoriginal">765</SimpleData>
                        <SimpleData name="classifvia">Via Coletora</SimpleData>
                    </SchemaData>
                </ExtendedData>
                <LineString>
                    <coordinates>-38.519639986947645,-3.8101492018354284 -38.52088362242971,-3.8146240408265983 -38.520902452169096,-3.8147497611101877 -38.52090946923942,-3.814875474792446 -38.52090704920379,-3.814979836288086 -38.52086645346106,-3.815787821481116 -38.52097077289543,-3.8195018339372595 -38.52101594268504,-3.819828177132244 -38.521091110446704,-3.8205795090824934 -38.52128244272128,-3.8234897872206055 -38.521319927554416,-3.8240223296080185 -38.52131979915654,-3.824253787747221 -38.521255022850454,-3.8252530369148676 -38.52123594802883,-3.825575549779236 -38.52135530042715,-3.82865685174433</coordinates>
                </LineString>
            </Placemark>
            <Placemark id="dt_mvw_sv_eixo_svb_l.fid--4079df0f_18eae1488d1_1e96">
                <ExtendedData>
                    <SchemaData schemaUrl="#dt_mvw_sv_eixo_svb_l_1">
                        <SimpleData name="id">795</SimpleData>
                        <SimpleData name="idoriginal">766</SimpleData>
                        <SimpleData name="classifvia">Via Coletora</SimpleData>
                    </SchemaData>
                </ExtendedData>
                <LineString>
                    <coordinates>-38.48668375443432,-3.7729969983624576 -38.48670512876031,-3.7730817112528534 -38.48781715779132,-3.776897998017587</coordinates>
                </LineString>
            </Placemark>
            <Placemark id="dt_mvw_sv_eixo_svb_l.fid--4079df0f_18eae1488d1_1e97">
                <ExtendedData>
                    <SchemaData schemaUrl="#dt_mvw_sv_eixo_svb_l_1">
                        <SimpleData name="id">796</SimpleData>
                        <SimpleData name="idoriginal">767</SimpleData>
                        <SimpleData name="classifvia">Via Coletora</SimpleData>
                    </SchemaData>
                </ExtendedData>
                <LineString>
                    <coordinates>-38.552266614472764,-3.8124798592509874 -38.55015588731881,-3.8097455104415743 -38.55008523487634,-3.8096573570318264 -38.55000969913323,-3.8095838867109584 -38.54994106243344,-3.8095150258239783 -38.54987771159549,-3.809451352645607 -38.549811914535915,-3.809402364819862 -38.549714442077125,-3.8093215403954384 -38.54959260140075,-3.8092211216514995 -38.54950245014502,-3.8091256149029094 -38.54945372184016,-3.809069292444534 -38.549414312575465,-3.8090169709937776 -38.54810909112189,-3.8073539954184796 -38.54805102578042,-3.8072372442680424 -38.548011298432634,-3.807154290462392 -38.54796239847688,-3.8070621167331984 -38.54789210201232,-3.806933072838848 -38.54781569791062,-3.806785596028056 -38.54776067440398,-3.806702634164232 -38.5476811845525,-3.8066043014181563 -38.54428558080863,-3.8024062020917024</coordinates>
                </LineString>
            </Placemark>
            <Placemark id="dt_mvw_sv_eixo_svb_l.fid--4079df0f_18eae1488d1_1e98">
                <ExtendedData>
                    <SchemaData schemaUrl="#dt_mvw_sv_eixo_svb_l_1">
                        <SimpleData name="id">797</SimpleData>
                        <SimpleData name="idoriginal">768</SimpleData>
                        <SimpleData name="classifvia">Via Coletora</SimpleData>
                    </SchemaData>
                </ExtendedData>
                <LineString>
                    <coordinates>-38.55716008158838,-3.828368500107688 -38.55716800976786,-3.8284132098722554 -38.55792617598907,-3.8308833938255016</coordinates>
                </LineString>
            </Placemark>
            <Placemark id="dt_mvw_sv_eixo_svb_l.fid--4079df0f_18eae1488d1_1e99">
                <ExtendedData>
                    <SchemaData schemaUrl="#dt_mvw_sv_eixo_svb_l_1">
                        <SimpleData name="id">798</SimpleData>
                        <SimpleData name="idoriginal">796</SimpleData>
                        <SimpleData name="classifvia">Via Coletora</SimpleData>
                    </SchemaData>
                </ExtendedData>
                <LineString>
                    <coordinates>-38.48427557776434,-3.8152024023798803 -38.48425511998323,-3.8150942120931446 -38.48381960936311,-3.812275621174723 -38.48381208781608,-3.812184339275334 -38.48377931275976,-3.8120930416876613 -38.48372887454372,-3.81197891486746 -38.48367084221726,-3.8118952086087847 -38.48363046549819,-3.8118470101130053 -38.482822405005315,-3.810871628324877</coordinates>
                </LineString>
            </Placemark>
            <Placemark id="dt_mvw_sv_eixo_svb_l.fid--4079df0f_18eae1488d1_1e9a">
                <ExtendedData>
                    <SchemaData schemaUrl="#dt_mvw_sv_eixo_svb_l_1">
                        <SimpleData name="id">799</SimpleData>
                        <SimpleData name="idoriginal">769</SimpleData>
                        <SimpleData name="classifvia">Via Coletora</SimpleData>
                    </SchemaData>
                </ExtendedData>
                <LineString>
                    <coordinates>-38.46740068341145,-3.7735779898682 -38.46657355174059,-3.773725714191233 -38.466493064346686,-3.7737377455993983 -38.46643280399144,-3.773740733793591 -38.46638610319634,-3.773742217932283 -38.46430736427544,-3.7738056036115513 -38.46421337409219,-3.773810384593248 -38.463996473158026,-3.7738223491686864 -38.46373135594369,-3.7738633208503805 -38.463552998941935,-3.7738995060864555 -38.46340596408251,-3.773947809880854 -38.46328784829753,-3.773996131560348 -38.46320106799662,-3.774032373927289 -38.463039571694324,-3.774083088238519 -38.46292628650756,-3.7741144745687065 -38.46282746864532,-3.7741313511082697 -38.462726242532156,-3.7741458070921063 -38.460614544102675,-3.774241886570343 -38.46052537188483,-3.7742490901778147 -38.460462709771065,-3.774256310283753 -38.4604217352864,-3.774265963927171 -38.45828739828561,-3.7747489031641077</coordinates>
                </LineString>
            </Placemark>
            <Placemark id="dt_mvw_sv_eixo_svb_l.fid--4079df0f_18eae1488d1_1e9b">
                <ExtendedData>
                    <SchemaData schemaUrl="#dt_mvw_sv_eixo_svb_l_1">
                        <SimpleData name="id">800</SimpleData>
                        <SimpleData name="idoriginal">770</SimpleData>
                        <SimpleData name="classifvia">Via Coletora</SimpleData>
                    </SchemaData>
                </ExtendedData>
                <LineString>
                    <coordinates>-38.549051141081215,-3.759644044872125 -38.550294937214645,-3.761098620943362 -38.55026902561059,-3.7612542324272207 -38.550269014214706,-3.7612764644068912 -38.55029298784425,-3.7613024138770674 -38.550579095170775,-3.761631209363824 -38.55067322388476,-3.7617298095161096 -38.55150331833263,-3.762658965446617 -38.551612447007564,-3.762778368302439 -38.55251195665322,-3.7637676141422394 -38.55255969376696,-3.7638214115443467 -38.552604537204246,-3.7638723005089787 -38.552645037548906,-3.7639260941811443 -38.552769977320644,-3.7640387682339074 -38.5532951381867,-3.764626496960682 -38.55339206573751,-3.7647224656482496 -38.554412171099635,-3.7658988366300243 -38.55457038725477,-3.7659061030322247 -38.554595837960804,-3.7658901498342217 -38.554625227463134,-3.765945248404394 -38.55528726975601,-3.7671292663568834 -38.55531572879663,-3.767182399176064 -38.55537466161807,-3.767329526864773 -38.555586032796676,-3.7679187951476836 -38.55586739939355,-3.7687457910604234</coordinates>
                </LineString>
            </Placemark>
            <Placemark id="dt_mvw_sv_eixo_svb_l.fid--4079df0f_18eae1488d1_1e9c">
                <ExtendedData>
                    <SchemaData schemaUrl="#dt_mvw_sv_eixo_svb_l_1">
                        <SimpleData name="id">801</SimpleData>
                        <SimpleData name="idoriginal">771</SimpleData>
                        <SimpleData name="classifvia">Via Coletora</SimpleData>
                    </SchemaData>
                </ExtendedData>
                <LineString>
                    <coordinates>-38.47922586805178,-3.738057144439537 -38.47914270491168,-3.7381697354215278 -38.47800856340004,-3.739730275231522</coordinates>
                </LineString>
            </Placemark>
            <Placemark id="dt_mvw_sv_eixo_svb_l.fid--4079df0f_18eae1488d1_1e9d">
                <ExtendedData>
                    <SchemaData schemaUrl="#dt_mvw_sv_eixo_svb_l_1">
                        <SimpleData name="id">802</SimpleData>
                        <SimpleData name="idoriginal">772</SimpleData>
                        <SimpleData name="classifvia">Via Coletora</SimpleData>
                    </SchemaData>
                </ExtendedData>
                <LineString>
                    <coordinates>-38.47173477944494,-3.84350837362424 -38.47289200121843,-3.8448857505988525 -38.47293754374062,-3.8449370805496526 -38.47300931113759,-3.8450119976922954 -38.473057622042795,-3.845052237433754 -38.47310041324044,-3.8450869268074346 -38.473152868951715,-3.845124395885417 -38.47427295175221,-3.84593262728786 -38.47433919814222,-3.8459859026562007 -38.47440102271834,-3.846043610872389 -38.47444738873951,-3.846090219582724 -38.47450258754274,-3.8461457059060122 -38.47454452979127,-3.846201184035195 -38.476368108943575,-3.848557303265129</coordinates>
                </LineString>
            </Placemark>
            <Placemark id="dt_mvw_sv_eixo_svb_l.fid--4079df0f_18eae1488d1_1e9e">
                <ExtendedData>
                    <SchemaData schemaUrl="#dt_mvw_sv_eixo_svb_l_1">
                        <SimpleData name="id">803</SimpleData>
                        <SimpleData name="idoriginal">773</SimpleData>
                        <SimpleData name="classifvia">Via Arterial I</SimpleData>
                    </SchemaData>
                </ExtendedData>
                <LineString>
                    <coordinates>-38.49703602066233,-3.7677945809403575 -38.49737833569908,-3.7685849273001155 -38.497404041203666,-3.7686456787543157 -38.49742460352729,-3.768697380896077 -38.49743745554756,-3.768729694981525 -38.49773122610528,-3.7694797128515605 -38.497750376734096,-3.7695354778453485 -38.497764485769295,-3.7695790750458404 -38.497779598402346,-3.7696328103048593 -38.4980074582253,-3.7704604782497975 -38.498026055689834,-3.7705183906794657 -38.49905880052805,-3.7737783759520847 -38.49909933669868,-3.77388280194726 -38.499135043315974,-3.773977074846011 -38.49918192461134,-3.7740713546960714 -38.49922657597098,-3.7741566569676674 -38.49927793902264,-3.7742307423861208 -38.49933376839989,-3.7743115627229904 -38.50004557014904,-3.7752822767167906 -38.50011843696177,-3.7753808833289866 -38.5001744828882,-3.775465399931789 -38.50021930866711,-3.775552726216848 -38.500261321955264,-3.775654131177165 -38.50029773686936,-3.7757358202902798 -38.500325729636735,-3.7758315853364297 -38.50079683016347,-3.777289048186803 -38.50082494091921,-3.7773703457674235 -38.500838981532446,-3.777437499194376 -38.500856539116874,-3.777508189029225 -38.5009446105938,-3.777890793919543 -38.500965689957724,-3.7779579514039425 -38.500979738661385,-3.778010969287193 -38.501002319303915,-3.778065564678443 -38.50102447120903,-3.7781175454167437 -38.501127851639076,-3.778355174555499 -38.50115749860901,-3.778427696014088 -38.50117964845938,-3.778484626361545 -38.50119932835706,-3.778548979210432 -38.50121900194632,-3.7786257055930155 -38.50123868260466,-3.778690058935327 -38.501799387349635,-3.780973725392355 -38.50384954067768,-3.7883949917043775</coordinates>
                </LineString>
            </Placemark>
            <Placemark id="dt_mvw_sv_eixo_svb_l.fid--4079df0f_18eae1488d1_1e9f">
                <ExtendedData>
                    <SchemaData schemaUrl="#dt_mvw_sv_eixo_svb_l_1">
                        <SimpleData name="id">832</SimpleData>
                        <SimpleData name="idoriginal">803</SimpleData>
                        <SimpleData name="classifvia">Via Coletora</SimpleData>
                    </SchemaData>
                </ExtendedData>
                <LineString>
                    <coordinates>-38.55821668734534,-3.7210694941048774 -38.558388928748556,-3.7210313211111656 -38.5584880001201,-3.7210191277701865 -38.558582499404054,-3.721008462326278 -38.55864803203429,-3.7210146170473357 -38.55873490002448,-3.7210238428870004 -38.558797379527164,-3.72104070848656 -38.5602402152175,-3.721421888496546 -38.56165802970368,-3.7218073370916205 -38.564095425429954,-3.7224532953337772 -38.56636483022487,-3.7230411659158955</coordinates>
                </LineString>
            </Placemark>
            <Placemark id="dt_mvw_sv_eixo_svb_l.fid--4079df0f_18eae1488d1_1ea0">
                <ExtendedData>
                    <SchemaData schemaUrl="#dt_mvw_sv_eixo_svb_l_1">
                        <SimpleData name="id">833</SimpleData>
                        <SimpleData name="idoriginal">804</SimpleData>
                        <SimpleData name="classifvia">Via Coletora</SimpleData>
                    </SchemaData>
                </ExtendedData>
                <LineString>
                    <coordinates>-38.54656966698134,-3.746726110898966 -38.545329778575805,-3.747851341756925 -38.54415405325806,-3.7489108574522443 -38.543315218376556,-3.7496838122458573 -38.54321984681235,-3.7497612514843763 -38.54283837681707,-3.7500368229918126 -38.542744713102614,-3.7501014355594973 -38.54264253765011,-3.75016747567083 -38.54255625841349,-3.7502198499764083 -38.5424518037699,-3.75030412197683 -38.542367781674,-3.7503792878499116 -38.54231555018739,-3.750429400786771 -38.5401949148702,-3.752365613259913 -38.54015500538776,-3.7523996393151804 -38.54010512143391,-3.752435662908965 -38.53998340023585,-3.7525337338308105 -38.53990161051946,-3.7525557209382896 -38.53981782283784,-3.752583715395297 -38.53927921033792,-3.7527216209198846 -38.53844410230149,-3.752914104346512 -38.53831443525003,-3.752948082195421 -38.538232641264244,-3.752978080349077 -38.53814684252478,-3.753038117866487 -38.538055063527224,-3.753090140988476 -38.53797923752519,-3.7531501832117464 -38.53791339020235,-3.7532002172624637 -38.53775174682294,-3.7533543440326382</coordinates>
                </LineString>
            </Placemark>
            <Placemark id="dt_mvw_sv_eixo_svb_l.fid--4079df0f_18eae1488d1_1ea1">
                <ExtendedData>
                    <SchemaData schemaUrl="#dt_mvw_sv_eixo_svb_l_1">
                        <SimpleData name="id">804</SimpleData>
                        <SimpleData name="idoriginal">774</SimpleData>
                        <SimpleData name="classifvia">Via Coletora</SimpleData>
                    </SchemaData>
                </ExtendedData>
                <LineString>
                    <coordinates>-38.454845298086376,-3.806329334936814 -38.45487472355133,-3.8063842852808403 -38.45528592540317,-3.8072600769069873 -38.45533749376567,-3.8073367199598454 -38.455373357536395,-3.8074065931422596 -38.45541820313686,-3.807467459296755 -38.45546753012389,-3.8075395943162955 -38.45550340164965,-3.8075959481712007 -38.4555280542022,-3.8076500416097256 -38.456191799764476,-3.8090513734590066 -38.4562299008225,-3.8091325145598103 -38.45625463525904,-3.8092213172084506 -38.45627252407595,-3.80932497756079 -38.456276950315605,-3.809424122779062 -38.45627016952318,-3.8095007288462286 -38.45625888469943,-3.8096021179105364 -38.45624089226574,-3.809715311853301 -38.45624083568399,-3.8098054415085745 -38.456254241687425,-3.8099000862992805 -38.45627215879747,-3.8099586820710116 -38.45630352076833,-3.8100488316273404 -38.45643604222721,-3.8103989289399336 -38.45647861692819,-3.810502604925504 -38.456514473065376,-3.810583744602271 -38.45655705560858,-3.8106761545643426 -38.45658619742584,-3.810727997529254 -38.45662655836647,-3.81078435420508 -38.45666017735719,-3.8108542259422253 -38.456698665367995,-3.8109322231133564 -38.45673003805858,-3.8110066000351517 -38.45675916293099,-3.8110854821416362 -38.45765274711298,-3.813449649155829 -38.4576755979793,-3.8135062250951703 -38.45769492746922,-3.813562798314208 -38.457710741876554,-3.8136105317009963 -38.45773006693901,-3.8136741755964034 -38.4577477655766,-3.813740157105057 -38.45776181746156,-3.813791424223508 -38.45804671237253,-3.8151537445670183 -38.45805060805975,-3.815230968578229 -38.45805449904323,-3.81530845846448 -38.45805244263736,-3.8154430994966737 -38.45803461537518,-3.815567830421539 -38.45800891236316,-3.8156727560946453 -38.45799506590592,-3.815740068750511 -38.45796537807202,-3.815821912303349 -38.45710969667101,-3.818172860063352 -38.457074927429794,-3.8182773670531813 -38.45705278157462,-3.8183755468450857 -38.4570495592464,-3.818483241180768 -38.45705580489293,-3.81858460632107 -38.457055749167836,-3.818673297565609 -38.45709667528649,-3.8188126953804744 -38.457134467882746,-3.8189172483640346 -38.45716597702186,-3.8189806188290354 -38.45797228357809,-3.8205017457441883 -38.45800936252868,-3.8205713424494667 -38.458056320025676,-3.8206732468767473 -38.458088452323814,-3.82073787065026 -38.45811068505831,-3.820802488649415 -38.45814033392111,-3.8208795346055835 -38.45816009720292,-3.820936696096962 -38.459207395161776,-3.8244697755840167</coordinates>
                </LineString>
            </Placemark>
            <Placemark id="dt_mvw_sv_eixo_svb_l.fid--4079df0f_18eae1488d1_1ea2">
                <ExtendedData>
                    <SchemaData schemaUrl="#dt_mvw_sv_eixo_svb_l_1">
                        <SimpleData name="id">805</SimpleData>
                        <SimpleData name="idoriginal">775</SimpleData>
                        <SimpleData name="classifvia">Via Coletora</SimpleData>
                    </SchemaData>
                </ExtendedData>
                <LineString>
                    <coordinates>-38.58131403940972,-3.7936612320136494 -38.58112370326848,-3.7936760693122515 -38.578308106942636,-3.793810274284695 -38.57611152215658,-3.793898224976943 -38.574969146032124,-3.7939445052223295</coordinates>
                </LineString>
            </Placemark>
            <Placemark id="dt_mvw_sv_eixo_svb_l.fid--4079df0f_18eae1488d1_1ea3">
                <ExtendedData>
                    <SchemaData schemaUrl="#dt_mvw_sv_eixo_svb_l_1">
                        <SimpleData name="id">806</SimpleData>
                        <SimpleData name="idoriginal">776</SimpleData>
                        <SimpleData name="classifvia">Via Coletora</SimpleData>
                    </SchemaData>
                </ExtendedData>
                <LineString>
                    <coordinates>-38.52315513074111,-3.809119709244695 -38.523188001253594,-3.809216534725773 -38.52439362854788,-3.813489941168869 -38.52562379380379,-3.817867418895333 -38.52566726817777,-3.8180257248654144 -38.52594882282698,-3.819189122025404</coordinates>
                </LineString>
            </Placemark>
            <Placemark id="dt_mvw_sv_eixo_svb_l.fid--4079df0f_18eae1488d1_1ea4">
                <ExtendedData>
                    <SchemaData schemaUrl="#dt_mvw_sv_eixo_svb_l_1">
                        <SimpleData name="id">807</SimpleData>
                        <SimpleData name="idoriginal">777</SimpleData>
                        <SimpleData name="classifvia">Via Coletora</SimpleData>
                    </SchemaData>
                </ExtendedData>
                <LineString>
                    <coordinates>-38.579312785870066,-3.780575564244529 -38.5790125757994,-3.7807699165446773 -38.57686368796241,-3.782159114138768 -38.576823523081586,-3.782249253678174 -38.57676428488736,-3.7822741622835143 -38.57669739023313,-3.7823278412164565 -38.57335492763202,-3.7847926059765866 -38.57324147462661,-3.784835527945171 -38.5730570196909,-3.784975398088877 -38.57301634374272,-3.7849990161677063 -38.57297781090685,-3.785016188227607 -38.572253750849264,-3.785276382129136 -38.56681405278666,-3.787277377914222</coordinates>
                </LineString>
            </Placemark>
            <Placemark id="dt_mvw_sv_eixo_svb_l.fid--4079df0f_18eae1488d1_1ea5">
                <ExtendedData>
                    <SchemaData schemaUrl="#dt_mvw_sv_eixo_svb_l_1">
                        <SimpleData name="id">808</SimpleData>
                        <SimpleData name="idoriginal">778</SimpleData>
                        <SimpleData name="classifvia">Via Coletora</SimpleData>
                    </SchemaData>
                </ExtendedData>
                <LineString>
                    <coordinates>-38.58745216115948,-3.7779446073772998 -38.58735822680048,-3.777979650434272 -38.58642326497574,-3.7782993840011474 -38.58632277922623,-3.7783322312591534 -38.586189922547646,-3.7783737328278932 -38.58610272753236,-3.7784074757798023 -38.5860277744751,-3.778428938866978 -38.58596505836148,-3.778447337198238 -38.58587633842741,-3.7784718652311966 -38.579346527484574,-3.78025320205072</coordinates>
                </LineString>
            </Placemark>
            <Placemark id="dt_mvw_sv_eixo_svb_l.fid--4079df0f_18eae1488d1_1ea6">
                <ExtendedData>
                    <SchemaData schemaUrl="#dt_mvw_sv_eixo_svb_l_1">
                        <SimpleData name="id">809</SimpleData>
                        <SimpleData name="idoriginal">779</SimpleData>
                        <SimpleData name="classifvia">Via Coletora</SimpleData>
                    </SchemaData>
                </ExtendedData>
                <LineString>
                    <coordinates>-38.59693123451036,-3.732307284810269 -38.59709731044917,-3.73222594084662 -38.59939524582745,-3.731590649236077 -38.5994188776981,-3.7315842268012274 -38.59953190070899,-3.731549800474717 -38.60375160365658,-3.73038771891743</coordinates>
                </LineString>
            </Placemark>
            <Placemark id="dt_mvw_sv_eixo_svb_l.fid--4079df0f_18eae1488d1_1ea7">
                <ExtendedData>
                    <SchemaData schemaUrl="#dt_mvw_sv_eixo_svb_l_1">
                        <SimpleData name="id">810</SimpleData>
                        <SimpleData name="idoriginal">780</SimpleData>
                        <SimpleData name="classifvia">Via Coletora</SimpleData>
                    </SchemaData>
                </ExtendedData>
                <LineString>
                    <coordinates>-38.5785730200867,-3.7161770603503665 -38.57845413606215,-3.7162447308711983 -38.57805395776067,-3.716416242155221 -38.57798753800985,-3.7164445498790846 -38.57793440399417,-3.716464528329404 -38.57655888796819,-3.7169732623990748 -38.57651148797402,-3.716986368003555 -38.57645755010812,-3.717002752209331 -38.57639544245076,-3.7170158502549575 -38.576341505498284,-3.7170289522307973 -38.57629246939829,-3.7170469798977126 -38.574251649217466,-3.7178000021386746 -38.57415751823088,-3.7178288334291776 -38.57407384264509,-3.7178602954552127 -38.57396924486305,-3.717907498138059 -38.573869872598024,-3.717962578502919 -38.57236069029331,-3.7187437123719587</coordinates>
                </LineString>
            </Placemark>
            <Placemark id="dt_mvw_sv_eixo_svb_l.fid--4079df0f_18eae1488d1_1ea8">
                <ExtendedData>
                    <SchemaData schemaUrl="#dt_mvw_sv_eixo_svb_l_1">
                        <SimpleData name="id">811</SimpleData>
                        <SimpleData name="idoriginal">781</SimpleData>
                        <SimpleData name="classifvia">Via Coletora</SimpleData>
                    </SchemaData>
                </ExtendedData>
                <LineString>
                    <coordinates>-38.55866332548684,-3.764533529729437 -38.55852977857711,-3.76461571982491 -38.555742083425095,-3.7661694092917597 -38.554974039772375,-3.7665964936721883 -38.55243827196207,-3.7680026610542474 -38.55186304210479,-3.76831919065388 -38.55165344213572,-3.7684356469748734 -38.55154137167549,-3.7685218262119777 -38.5507468496649,-3.7690244937197144 -38.5506721408451,-3.769073197516332 -38.550060504060475,-3.7694577580291493</coordinates>
                </LineString>
            </Placemark>
            <Placemark id="dt_mvw_sv_eixo_svb_l.fid--4079df0f_18eae1488d1_1ea9">
                <ExtendedData>
                    <SchemaData schemaUrl="#dt_mvw_sv_eixo_svb_l_1">
                        <SimpleData name="id">812</SimpleData>
                        <SimpleData name="idoriginal">782</SimpleData>
                        <SimpleData name="classifvia">Via Coletora</SimpleData>
                    </SchemaData>
                </ExtendedData>
                <LineString>
                    <coordinates>-38.56193154003297,-3.7054735720732 -38.56336814349053,-3.7098909489369984</coordinates>
                </LineString>
            </Placemark>
            <Placemark id="dt_mvw_sv_eixo_svb_l.fid--4079df0f_18eae1488d1_1eaa">
                <ExtendedData>
                    <SchemaData schemaUrl="#dt_mvw_sv_eixo_svb_l_1">
                        <SimpleData name="id">813</SimpleData>
                        <SimpleData name="idoriginal">783</SimpleData>
                        <SimpleData name="classifvia">Via Coletora</SimpleData>
                    </SchemaData>
                </ExtendedData>
                <LineString>
                    <coordinates>-38.5763641107796,-3.6983646435180946 -38.57640893850486,-3.6984728228102286 -38.577925372276304,-3.701680856068369 -38.57808852951298,-3.7020372178122 -38.578108188692205,-3.702147505686282 -38.57852465006274,-3.7030200996661713 -38.578975180103306,-3.703968831367352 -38.57996656876194,-3.706066744922614 -38.580030565129455,-3.7062020809704452 -38.580804676315154,-3.7078362938144225 -38.58139199229844,-3.7090760694077036</coordinates>
                </LineString>
            </Placemark>
            <Placemark id="dt_mvw_sv_eixo_svb_l.fid--4079df0f_18eae1488d1_1eab">
                <ExtendedData>
                    <SchemaData schemaUrl="#dt_mvw_sv_eixo_svb_l_1">
                        <SimpleData name="id">814</SimpleData>
                        <SimpleData name="idoriginal">784</SimpleData>
                        <SimpleData name="classifvia">Via Coletora</SimpleData>
                    </SchemaData>
                </ExtendedData>
                <LineString>
                    <coordinates>-38.52910544671904,-3.798067326816265 -38.53046473082079,-3.7999925898410005</coordinates>
                </LineString>
            </Placemark>
            <Placemark id="dt_mvw_sv_eixo_svb_l.fid--4079df0f_18eae1488d1_1eac">
                <ExtendedData>
                    <SchemaData schemaUrl="#dt_mvw_sv_eixo_svb_l_1">
                        <SimpleData name="id">815</SimpleData>
                        <SimpleData name="idoriginal">785</SimpleData>
                        <SimpleData name="classifvia">Via Coletora</SimpleData>
                    </SchemaData>
                </ExtendedData>
                <LineString>
                    <coordinates>-38.618697217354644,-3.785136447457185 -38.62053991579084,-3.7917399187335366</coordinates>
                </LineString>
            </Placemark>
            <Placemark id="dt_mvw_sv_eixo_svb_l.fid--4079df0f_18eae1488d1_1ead">
                <ExtendedData>
                    <SchemaData schemaUrl="#dt_mvw_sv_eixo_svb_l_1">
                        <SimpleData name="id">816</SimpleData>
                        <SimpleData name="idoriginal">786</SimpleData>
                        <SimpleData name="classifvia">Via Coletora</SimpleData>
                    </SchemaData>
                </ExtendedData>
                <LineString>
                    <coordinates>-38.605299944863695,-3.789224568759582 -38.60511422337308,-3.7886620716693415 -38.604906010688474,-3.7879539985323456 -38.60448350498472,-3.7865358675205663 -38.60429089566664,-3.785889952184059 -38.60424669246028,-3.785720986215466 -38.60421576369774,-3.785572032654051 -38.60420473898038,-3.785471993612754 -38.604198151041494,-3.785354172992878 -38.604191544286316,-3.7852763659605624 -38.60418500313262,-3.785054065467883</coordinates>
                </LineString>
            </Placemark>
            <Placemark id="dt_mvw_sv_eixo_svb_l.fid--4079df0f_18eae1488d1_1eae">
                <ExtendedData>
                    <SchemaData schemaUrl="#dt_mvw_sv_eixo_svb_l_1">
                        <SimpleData name="id">817</SimpleData>
                        <SimpleData name="idoriginal">787</SimpleData>
                        <SimpleData name="classifvia">Via Coletora</SimpleData>
                    </SchemaData>
                </ExtendedData>
                <LineString>
                    <coordinates>-38.50130994729776,-3.731995726552731 -38.501843200672376,-3.7336566386217704 -38.502263122380924,-3.7349675733049406</coordinates>
                </LineString>
            </Placemark>
            <Placemark id="dt_mvw_sv_eixo_svb_l.fid--4079df0f_18eae1488d1_1eaf">
                <ExtendedData>
                    <SchemaData schemaUrl="#dt_mvw_sv_eixo_svb_l_1">
                        <SimpleData name="id">818</SimpleData>
                        <SimpleData name="idoriginal">788</SimpleData>
                        <SimpleData name="classifvia">Via Coletora</SimpleData>
                    </SchemaData>
                </ExtendedData>
                <LineString>
                    <coordinates>-38.502263122380924,-3.7349675733049406 -38.50353163546009,-3.738915201706289 -38.503581912742995,-3.739065063313939 -38.50479890691168,-3.742850270402556 -38.505300204414695,-3.74443082560165 -38.50775497625487,-3.7520564603462216</coordinates>
                </LineString>
            </Placemark>
            <Placemark id="dt_mvw_sv_eixo_svb_l.fid--4079df0f_18eae1488d1_1eb0">
                <ExtendedData>
                    <SchemaData schemaUrl="#dt_mvw_sv_eixo_svb_l_1">
                        <SimpleData name="id">819</SimpleData>
                        <SimpleData name="idoriginal">789</SimpleData>
                        <SimpleData name="classifvia">Via Coletora</SimpleData>
                    </SchemaData>
                </ExtendedData>
                <LineString>
                    <coordinates>-38.451896113232046,-3.799856462194976 -38.4498572447112,-3.7960184306808955 -38.44981583968857,-3.79595521473609 -38.44977903320509,-3.795902790328182 -38.449751430296935,-3.795859618765832 -38.44971768463219,-3.795821067235174 -38.448415080747424,-3.794374285360485 -38.44828521287148,-3.7942452438177745 -38.44816136175186,-3.794158686073298 -38.448048073775894,-3.7940948928899263 -38.4479448364899,-3.7940536603391593 -38.447866278968355,-3.7940263013099633 -38.44776959172102,-3.7939958959393554 -38.447713689811295,-3.7939852402525176 -38.44763360870102,-3.7939776028461707 -38.447544463377675,-3.7939684429701908 -38.446948257634595,-3.7939390269749245 -38.446834936991166,-3.7939268172676135 -38.446732202594724,-3.793900959279644 -38.44663853210154,-3.7938781418186247 -38.446522219245466,-3.7938188978867884 -38.44641346856101,-3.79374903892854 -38.4463511543606,-3.793693971934408 -38.4462786634696,-3.7936317218704367 -38.44622279735202,-3.7935649311088127 -38.44618203236889,-3.7935133217585464 -38.44268883323489,-3.7887183636910757</coordinates>
                </LineString>
            </Placemark>
            <Placemark id="dt_mvw_sv_eixo_svb_l.fid--4079df0f_18eae1488d1_1eb1">
                <ExtendedData>
                    <SchemaData schemaUrl="#dt_mvw_sv_eixo_svb_l_1">
                        <SimpleData name="id">820</SimpleData>
                        <SimpleData name="idoriginal">790</SimpleData>
                        <SimpleData name="classifvia">Via Coletora</SimpleData>
                    </SchemaData>
                </ExtendedData>
                <LineString>
                    <coordinates>-38.592113609072726,-3.809048178136632 -38.59423602044655,-3.807611739611494</coordinates>
                </LineString>
            </Placemark>
            <Placemark id="dt_mvw_sv_eixo_svb_l.fid--4079df0f_18eae1488d1_1eb2">
                <ExtendedData>
                    <SchemaData schemaUrl="#dt_mvw_sv_eixo_svb_l_1">
                        <SimpleData name="id">821</SimpleData>
                        <SimpleData name="idoriginal">791</SimpleData>
                        <SimpleData name="classifvia">Via Coletora</SimpleData>
                    </SchemaData>
                </ExtendedData>
                <LineString>
                    <coordinates>-38.534398243306924,-3.8144826451135723 -38.53442799765621,-3.8145115515790398 -38.53568944422288,-3.81537996163487 -38.53576419983902,-3.8154397316135444 -38.53583724859564,-3.815513153077053 -38.53589160501947,-3.8155780318324655 -38.53593236472125,-3.815641196613204 -38.53595783483003,-3.815688994089666 -38.53641697293907,-3.816472920971501</coordinates>
                </LineString>
            </Placemark>
            <Placemark id="dt_mvw_sv_eixo_svb_l.fid--4079df0f_18eae1488d1_1eb3">
                <ExtendedData>
                    <SchemaData schemaUrl="#dt_mvw_sv_eixo_svb_l_1">
                        <SimpleData name="id">822</SimpleData>
                        <SimpleData name="idoriginal">792</SimpleData>
                        <SimpleData name="classifvia">Via Coletora</SimpleData>
                    </SchemaData>
                </ExtendedData>
                <LineString>
                    <coordinates>-38.61992346174691,-3.7921467631759915 -38.620673997962314,-3.7990237330017798</coordinates>
                </LineString>
            </Placemark>
            <Placemark id="dt_mvw_sv_eixo_svb_l.fid--4079df0f_18eae1488d1_1eb4">
                <ExtendedData>
                    <SchemaData schemaUrl="#dt_mvw_sv_eixo_svb_l_1">
                        <SimpleData name="id">823</SimpleData>
                        <SimpleData name="idoriginal">793</SimpleData>
                        <SimpleData name="classifvia">Via Coletora</SimpleData>
                    </SchemaData>
                </ExtendedData>
                <LineString>
                    <coordinates>-38.59318270969609,-3.709289358395564 -38.59328100490151,-3.709262675064566 -38.5939752195118,-3.7090676702956307 -38.59483531608157,-3.708806947163685 -38.59525921552699,-3.7086899472568535</coordinates>
                </LineString>
            </Placemark>
            <Placemark id="dt_mvw_sv_eixo_svb_l.fid--4079df0f_18eae1488d1_1eb5">
                <ExtendedData>
                    <SchemaData schemaUrl="#dt_mvw_sv_eixo_svb_l_1">
                        <SimpleData name="id">824</SimpleData>
                        <SimpleData name="idoriginal">794</SimpleData>
                        <SimpleData name="classifvia">Via Coletora</SimpleData>
                    </SchemaData>
                </ExtendedData>
                <LineString>
                    <coordinates>-38.53641697293907,-3.816472920971501 -38.537174985891745,-3.817859924544623 -38.53725237756173,-3.8180749899094506 -38.538379993966174,-3.820279521951677 -38.53846847663082,-3.820435182337831 -38.538573574613,-3.820574178634713 -38.53865102974052,-3.8206483215245663 -38.53874398592277,-3.820736307576884 -38.5388343612582,-3.8208030474896018 -38.53893580774919,-3.8208697933578755 -38.53905201886841,-3.820929136769647 -38.5391959029339,-3.8209959054635068 -38.53930657587922,-3.8210608035436016 -38.539400648039255,-3.821116430505522 -38.53948549612533,-3.821168346589658 -38.53975356729008,-3.8213376724851993 -38.539818123792315,-3.821380315456076 -38.53987898816044,-3.8214266614012895 -38.5399453844875,-3.821480420243615 -38.54084715194994,-3.8222388173089463 -38.54094746302482,-3.822327778010658 -38.54104186799451,-3.8224226627231297 -38.54111561219595,-3.8225145727526004 -38.54116870729704,-3.8225827634219556 -38.542653420553044,-3.8246942212624955</coordinates>
                </LineString>
            </Placemark>
            <Placemark id="dt_mvw_sv_eixo_svb_l.fid--4079df0f_18eae1488d1_1eb6">
                <ExtendedData>
                    <SchemaData schemaUrl="#dt_mvw_sv_eixo_svb_l_1">
                        <SimpleData name="id">825</SimpleData>
                        <SimpleData name="idoriginal">795</SimpleData>
                        <SimpleData name="classifvia">Via Coletora</SimpleData>
                    </SchemaData>
                </ExtendedData>
                <LineString>
                    <coordinates>-38.60498385920143,-3.7569252172553553 -38.60498042638275,-3.7569515494312995 -38.604969003778514,-3.756995052196411 -38.604948450762514,-3.7570568703257234 -38.60492675763413,-3.757118687936655 -38.60378723475479,-3.7599150110783723</coordinates>
                </LineString>
            </Placemark>
            <Placemark id="dt_mvw_sv_eixo_svb_l.fid--4079df0f_18eae1488d1_1eb7">
                <ExtendedData>
                    <SchemaData schemaUrl="#dt_mvw_sv_eixo_svb_l_1">
                        <SimpleData name="id">826</SimpleData>
                        <SimpleData name="idoriginal">797</SimpleData>
                        <SimpleData name="classifvia">Via Coletora</SimpleData>
                    </SchemaData>
                </ExtendedData>
                <LineString>
                    <coordinates>-38.54614132349729,-3.765290244000302 -38.54586654549862,-3.7653699534721747 -38.54444444195894,-3.7657975129304893</coordinates>
                </LineString>
            </Placemark>
            <Placemark id="dt_mvw_sv_eixo_svb_l.fid--4079df0f_18eae1488d1_1eb8">
                <ExtendedData>
                    <SchemaData schemaUrl="#dt_mvw_sv_eixo_svb_l_1">
                        <SimpleData name="id">827</SimpleData>
                        <SimpleData name="idoriginal">798</SimpleData>
                        <SimpleData name="classifvia">Via Coletora</SimpleData>
                    </SchemaData>
                </ExtendedData>
                <LineString>
                    <coordinates>-38.56526524767743,-3.8179924674416434 -38.566891442037914,-3.8224464682282466 -38.566921087696855,-3.8225299519676827 -38.56725963742883,-3.8233780356189215 -38.567333769982724,-3.823550972676848 -38.56741977447974,-3.823729877350227 -38.56749393185581,-3.8238521371501117 -38.56757105397195,-3.82398334110281 -38.567651757295366,-3.824095001115303 -38.567728892895104,-3.824199375675985 -38.56779416341889,-3.824282877403837 -38.56789206986028,-3.8244081297533183 -38.56800185870882,-3.8245184833519157 -38.569246543062924,-3.825794200017129 -38.569291048926075,-3.825844899713579 -38.56933851358386,-3.8259164682050057 -38.56936521183167,-3.825958215795968 -38.569388931942605,-3.8260178481486813 -38.569409692409,-3.8260595932189396 -38.57022068524768,-3.828210810219326 -38.570253898754984,-3.828290965871442 -38.570287111235594,-3.828374460762813 -38.57033030538942,-3.828447943423593 -38.57038346830253,-3.8285347871158786 -38.57044372065835,-3.8286259577093844 -38.57062650483457,-3.8288531099538305 -38.57066970672336,-3.828909896874547 -38.57071623459948,-3.8289666854652045 -38.57075610616064,-3.8290334879596717 -38.57079928977329,-3.829127005100026 -38.57082918197076,-3.8292004810590248 -38.57271383345659,-3.833941744614865 -38.572751746845654,-3.8340737708531325 -38.57276922767142,-3.834170585081313 -38.57277794228548,-3.834270327889605 -38.572774978889456,-3.8343553981098832 -38.57276033830499,-3.83442286088621 -38.572751584792236,-3.834508501791509 -38.57275738988884,-3.8345847756057974 -38.57276612552264,-3.8346434497645414 -38.572777787516046,-3.8346903916210184 -38.572801117140145,-3.834775474539231 -38.57283321526879,-3.834851761522884 -38.57287116364944,-3.834913383754298 -38.5729091141238,-3.834972072543552 -38.57345609071261,-3.8357358179874184 -38.57349730813006,-3.8357887560363846 -38.57353165213661,-3.8358416906460304 -38.57357056816009,-3.835915334608254 -38.573598039774716,-3.8359636638943098 -38.5736346635292,-3.8360396071792686 -38.57365983830974,-3.836099439555803 -38.573682721953894,-3.836159270786278 -38.57370330647981,-3.836235205577955 -38.57650663627424,-3.845344881035337</coordinates>
                </LineString>
            </Placemark>
            <Placemark id="dt_mvw_sv_eixo_svb_l.fid--4079df0f_18eae1488d1_1eb9">
                <ExtendedData>
                    <SchemaData schemaUrl="#dt_mvw_sv_eixo_svb_l_1">
                        <SimpleData name="id">828</SimpleData>
                        <SimpleData name="idoriginal">799</SimpleData>
                        <SimpleData name="classifvia">Via Coletora</SimpleData>
                    </SchemaData>
                </ExtendedData>
                <LineString>
                    <coordinates>-38.49490626653179,-3.789579181710484 -38.49498814059557,-3.791001286265898 -38.495081811511795,-3.793631471167131 -38.49514462940366,-3.7952864974300624</coordinates>
                </LineString>
            </Placemark>
            <Placemark id="dt_mvw_sv_eixo_svb_l.fid--4079df0f_18eae1488d1_1eba">
                <ExtendedData>
                    <SchemaData schemaUrl="#dt_mvw_sv_eixo_svb_l_1">
                        <SimpleData name="id">829</SimpleData>
                        <SimpleData name="idoriginal">800</SimpleData>
                        <SimpleData name="classifvia">Via Coletora</SimpleData>
                    </SchemaData>
                </ExtendedData>
                <LineString>
                    <coordinates>-38.59997092667889,-3.7774540833210137 -38.59699132312028,-3.7783016693780684 -38.59489362931775,-3.778899226932991 -38.5929990635885,-3.779439081288534 -38.59162920187218,-3.779816598662117 -38.5839237020269,-3.7820120717011534 -38.5837855474242,-3.782041771208934 -38.582700736517495,-3.782346878953421 -38.581386894815715,-3.7827256510531333</coordinates>
                </LineString>
            </Placemark>
            <Placemark id="dt_mvw_sv_eixo_svb_l.fid--4079df0f_18eae1488d1_1ebb">
                <ExtendedData>
                    <SchemaData schemaUrl="#dt_mvw_sv_eixo_svb_l_1">
                        <SimpleData name="id">830</SimpleData>
                        <SimpleData name="idoriginal">801</SimpleData>
                        <SimpleData name="classifvia">Via Coletora</SimpleData>
                    </SchemaData>
                </ExtendedData>
                <LineString>
                    <coordinates>-38.59487447911976,-3.7159420289464626 -38.59281735301182,-3.716557223312244 -38.59097894458,-3.717106166729684 -38.589669471125454,-3.717443286717927 -38.58955685317875,-3.7174616955062065 -38.5894557260671,-3.7174801096426178 -38.58936839062706,-3.7174916071369855 -38.589235090364554,-3.7175076983507958 -38.58912937585446,-3.7175076489784926 -38.5890006822078,-3.717500666350825 -38.58885590393075,-3.717489060433568 -38.588642239970625,-3.7174767259218475 -38.58776263158556,-3.7175173616758292</coordinates>
                </LineString>
            </Placemark>
            <Placemark id="dt_mvw_sv_eixo_svb_l.fid--4079df0f_18eae1488d1_1ebc">
                <ExtendedData>
                    <SchemaData schemaUrl="#dt_mvw_sv_eixo_svb_l_1">
                        <SimpleData name="id">831</SimpleData>
                        <SimpleData name="idoriginal">802</SimpleData>
                        <SimpleData name="classifvia">Via Coletora</SimpleData>
                    </SchemaData>
                </ExtendedData>
                <LineString>
                    <coordinates>-38.512667766254324,-3.752682948158752 -38.512651654063234,-3.75275603152873 -38.51248458935062,-3.753706804569826 -38.512484571410155,-3.7537069038386743</coordinates>
                </LineString>
            </Placemark>
            <Placemark id="dt_mvw_sv_eixo_svb_l.fid--4079df0f_18eae1488d1_1ebd">
                <ExtendedData>
                    <SchemaData schemaUrl="#dt_mvw_sv_eixo_svb_l_1">
                        <SimpleData name="id">836</SimpleData>
                        <SimpleData name="idoriginal">807</SimpleData>
                        <SimpleData name="classifvia">Via Coletora</SimpleData>
                    </SchemaData>
                </ExtendedData>
                <LineString>
                    <coordinates>-38.590744331583885,-3.8243181557506998 -38.59348079395337,-3.8223830861899493 -38.60077075487369,-3.8173265960078044</coordinates>
                </LineString>
            </Placemark>
            <Placemark id="dt_mvw_sv_eixo_svb_l.fid--4079df0f_18eae1488d1_1ebe">
                <ExtendedData>
                    <SchemaData schemaUrl="#dt_mvw_sv_eixo_svb_l_1">
                        <SimpleData name="id">838</SimpleData>
                        <SimpleData name="idoriginal">809</SimpleData>
                        <SimpleData name="classifvia">Via Coletora</SimpleData>
                    </SchemaData>
                </ExtendedData>
                <LineString>
                    <coordinates>-38.56691249161888,-3.822359138799749 -38.567572190485784,-3.8216250041818385 -38.56763059622576,-3.821569862473331 -38.56769243089742,-3.8215250668304277 -38.56776112516831,-3.821497515682269 -38.56838279358711,-3.8212736959507323 -38.568447456917966,-3.821254319488798 -38.568521534075295,-3.8212560474301416 -38.56857203522009,-3.8212695976359665 -38.568610745404186,-3.821294975579414 -38.56864945052405,-3.8213304966086623 -38.569621335404605,-3.822286978689444 -38.56967762298062,-3.8223365314504334 -38.56972979479375,-3.822375440400298 -38.569797115172236,-3.82242280993289 -38.56987454161939,-3.8224617315726745 -38.571323408466874,-3.8231548000962885 -38.57139578329089,-3.8231954096754976 -38.57144964329186,-3.8232258668810486 -38.57148835113863,-3.8232563160223467 -38.57153715518123,-3.823296913783671 -38.57158427600659,-3.8233375106996963 -38.574553378859,-3.8263546722417088 -38.574607672780225,-3.8264127299741313 -38.574648047452555,-3.826464134341137 -38.57468572204102,-3.8265290602351123 -38.57471800712887,-3.826599391746709 -38.574750283518064,-3.826688654897021 -38.57536939993517,-3.828451174221145</coordinates>
                </LineString>
            </Placemark>
            <Placemark id="dt_mvw_sv_eixo_svb_l.fid--4079df0f_18eae1488d1_1ebf">
                <ExtendedData>
                    <SchemaData schemaUrl="#dt_mvw_sv_eixo_svb_l_1">
                        <SimpleData name="id">839</SimpleData>
                        <SimpleData name="idoriginal">810</SimpleData>
                        <SimpleData name="classifvia">Via Coletora</SimpleData>
                    </SchemaData>
                </ExtendedData>
                <LineString>
                    <coordinates>-38.47082220418351,-3.7217778965391908 -38.469142639438836,-3.7229121934533893 -38.46804355244887,-3.723680715156571</coordinates>
                </LineString>
            </Placemark>
            <Placemark id="dt_mvw_sv_eixo_svb_l.fid--4079df0f_18eae1488d1_1ec0">
                <ExtendedData>
                    <SchemaData schemaUrl="#dt_mvw_sv_eixo_svb_l_1">
                        <SimpleData name="id">840</SimpleData>
                        <SimpleData name="idoriginal">811</SimpleData>
                        <SimpleData name="classifvia">Via Coletora</SimpleData>
                    </SchemaData>
                </ExtendedData>
                <LineString>
                    <coordinates>-38.59459315314192,-3.7866163829699424 -38.59461955514378,-3.7866932368535613 -38.59480301513456,-3.787261090406747 -38.594828012611245,-3.787367283346432 -38.595475728564494,-3.7900477120749496 -38.59551930808442,-3.7902090314408157 -38.59590844313195,-3.791466170813964 -38.595964400534996,-3.79161395231018 -38.59624042735173,-3.792125097762341 -38.59626655462422,-3.7922653699862154 -38.59709122682354,-3.7949952891861556 -38.59713092622661,-3.7951204555556495 -38.59729239301328,-3.795657022202565 -38.59733701717363,-3.7958054699734327 -38.59752837333691,-3.7966364776056856 -38.59753217172244,-3.7967505489731286 -38.59790342159046,-3.7979872561009276</coordinates>
                </LineString>
            </Placemark>
            <Placemark id="dt_mvw_sv_eixo_svb_l.fid--4079df0f_18eae1488d1_1ec1">
                <ExtendedData>
                    <SchemaData schemaUrl="#dt_mvw_sv_eixo_svb_l_1">
                        <SimpleData name="id">841</SimpleData>
                        <SimpleData name="idoriginal">812</SimpleData>
                        <SimpleData name="classifvia">Via Coletora</SimpleData>
                    </SchemaData>
                </ExtendedData>
                <LineString>
                    <coordinates>-38.46372073274713,-3.756657251307218 -38.463040485232575,-3.754550186882095</coordinates>
                </LineString>
            </Placemark>
            <Placemark id="dt_mvw_sv_eixo_svb_l.fid--4079df0f_18eae1488d1_1ec2">
                <ExtendedData>
                    <SchemaData schemaUrl="#dt_mvw_sv_eixo_svb_l_1">
                        <SimpleData name="id">842</SimpleData>
                        <SimpleData name="idoriginal">813</SimpleData>
                        <SimpleData name="classifvia">Via Coletora</SimpleData>
                    </SchemaData>
                </ExtendedData>
                <LineString>
                    <coordinates>-38.485175733084986,-3.8022322125840518 -38.486002501159696,-3.8017552185649977 -38.48616172985248,-3.80168105001947 -38.48636557600283,-3.8015873790491104 -38.486484480985375,-3.8015419751390116 -38.48660621148041,-3.801505099292552 -38.48672228020312,-3.8014682200495313 -38.48681569284777,-3.8014540649595068 -38.4869289265856,-3.801425710391434 -38.48703725244713,-3.801411405339876 -38.48858412433461,-3.8012017075916407 -38.488790716430394,-3.801250147727101 -38.48970289693814,-3.8015293136671504 -38.489767990141296,-3.8015407206518512 -38.489835913281425,-3.801552129781365 -38.489881200462825,-3.8015521566361863 -38.48992366145484,-3.801543655412886 -38.489963294181514,-3.8015323100630454 -38.49001707577222,-3.8015266575226687 -38.493811988926154,-3.8003165345347933 -38.49381765770803,-3.800302327036384</coordinates>
                </LineString>
            </Placemark>
            <Placemark id="dt_mvw_sv_eixo_svb_l.fid--4079df0f_18eae1488d1_1ec3">
                <ExtendedData>
                    <SchemaData schemaUrl="#dt_mvw_sv_eixo_svb_l_1">
                        <SimpleData name="id">843</SimpleData>
                        <SimpleData name="idoriginal">814</SimpleData>
                        <SimpleData name="classifvia">Via Coletora</SimpleData>
                    </SchemaData>
                </ExtendedData>
                <LineString>
                    <coordinates>-38.577156793640164,-3.8196438514914126 -38.57861913003817,-3.8178015623224577 -38.57866581181579,-3.8177464695961443 -38.578698763645804,-3.8177079051507397 -38.57874543869773,-3.817666591691047 -38.57878936974876,-3.817625276407842 -38.57883878673576,-3.8175894758118756 -38.58241515598724,-3.8150026000781736 -38.582525219180994,-3.8149148779161974 -38.58260512644287,-3.8148543819582024 -38.58265653212403,-3.8147804283320585 -38.58271489221724,-3.814727472619791 -38.583151264661964,-3.8141950518942145</coordinates>
                </LineString>
            </Placemark>
            <Placemark id="dt_mvw_sv_eixo_svb_l.fid--4079df0f_18eae1488d1_1ec4">
                <ExtendedData>
                    <SchemaData schemaUrl="#dt_mvw_sv_eixo_svb_l_1">
                        <SimpleData name="id">844</SimpleData>
                        <SimpleData name="idoriginal">815</SimpleData>
                        <SimpleData name="classifvia">Via Coletora</SimpleData>
                    </SchemaData>
                </ExtendedData>
                <LineString>
                    <coordinates>-38.60601347433311,-3.775750315931179 -38.60204377459073,-3.776871301948003</coordinates>
                </LineString>
            </Placemark>
            <Placemark id="dt_mvw_sv_eixo_svb_l.fid--4079df0f_18eae1488d1_1ec5">
                <ExtendedData>
                    <SchemaData schemaUrl="#dt_mvw_sv_eixo_svb_l_1">
                        <SimpleData name="id">845</SimpleData>
                        <SimpleData name="idoriginal">816</SimpleData>
                        <SimpleData name="classifvia">Via Coletora</SimpleData>
                    </SchemaData>
                </ExtendedData>
                <LineString>
                    <coordinates>-38.5961420345389,-3.748622478267252 -38.59740711310569,-3.755217912507617</coordinates>
                </LineString>
            </Placemark>
            <Placemark id="dt_mvw_sv_eixo_svb_l.fid--4079df0f_18eae1488d1_1ec6">
                <ExtendedData>
                    <SchemaData schemaUrl="#dt_mvw_sv_eixo_svb_l_1">
                        <SimpleData name="id">846</SimpleData>
                        <SimpleData name="idoriginal">817</SimpleData>
                        <SimpleData name="classifvia">Via Coletora</SimpleData>
                    </SchemaData>
                </ExtendedData>
                <LineString>
                    <coordinates>-38.51138064594449,-3.872677545967752 -38.51019330597102,-3.8730228740621087 -38.500105914542225,-3.875940008698776</coordinates>
                </LineString>
            </Placemark>
            <Placemark id="dt_mvw_sv_eixo_svb_l.fid--4079df0f_18eae1488d1_1ec7">
                <ExtendedData>
                    <SchemaData schemaUrl="#dt_mvw_sv_eixo_svb_l_1">
                        <SimpleData name="id">847</SimpleData>
                        <SimpleData name="idoriginal">818</SimpleData>
                        <SimpleData name="classifvia">Via Coletora</SimpleData>
                    </SchemaData>
                </ExtendedData>
                <LineString>
                    <coordinates>-38.51196176451242,-3.8287101414166274 -38.51166484094928,-3.8274313549937062 -38.51162303532964,-3.8273203433819556 -38.511567827549214,-3.82721773223402 -38.51148582052674,-3.8271218322645515 -38.51139375498725,-3.8270444244127666 -38.5112822085661,-3.8269897945410065 -38.51119681157666,-3.826964520856742 -38.51113318123171,-3.8269493498365423 -38.510969078981724,-3.826912260202818 -38.510890387068834,-3.8268769005778984 -38.51080165188331,-3.826833127545144 -38.51075143040701,-3.8267977846764167 -38.51068781853845,-3.8267489806695725 -38.51062253836683,-3.82668840433034 -38.510557265518194,-3.826616056618272 -38.51051375994414,-3.8265504483390433 -38.51047505453096,-3.8264841895755373 -38.51043657999015,-3.8264068123308994 -38.50931644252904,-3.823818015143364 -38.5092744478407,-3.8237132156620954 -38.509242986874625,-3.8236119216804356 -38.50921991856778,-3.8235317315285857 -38.509209438991896,-3.823485307400331 -38.508813530383826,-3.821820946851687 -38.50854532452985,-3.8208985877607935 -38.508480266588315,-3.820650796411635 -38.5074447742976,-3.816916226177517 -38.507421120675346,-3.8168024724684817 -38.50740933730965,-3.8167520556119543 -38.50740936940944,-3.816695715088282 -38.5074064589402,-3.8166215814949296 -38.50740650117553,-3.816547449127522 -38.507427211491986,-3.8164792595709662 -38.50745384473725,-3.816381420177864 -38.507483410410536,-3.8163191661676907 -38.50862948255974,-3.8133437602443556 -38.50864805062581,-3.813269360871242 -38.508670323470966,-3.813194963619515 -38.50868805621373,-3.813086664510022 -38.50868896756782,-3.812986626266321 -38.50867050512564,-3.812875000672673 -38.508648304109926,-3.812822900475719 -38.50862980998976,-3.8127670823726785 -38.50815470491812,-3.811474254329395</coordinates>
                </LineString>
            </Placemark>
            <Placemark id="dt_mvw_sv_eixo_svb_l.fid--4079df0f_18eae1488d1_1ec8">
                <ExtendedData>
                    <SchemaData schemaUrl="#dt_mvw_sv_eixo_svb_l_1">
                        <SimpleData name="id">848</SimpleData>
                        <SimpleData name="idoriginal">851</SimpleData>
                        <SimpleData name="classifvia">Via Arterial II</SimpleData>
                    </SchemaData>
                </ExtendedData>
                <LineString>
                    <coordinates>-38.54543735966626,-3.7669359154646 -38.54533348943606,-3.7669166862879697 -38.54422734382755,-3.7672674991588164 -38.543535530857895,-3.7674776505773084 -38.54219169396013,-3.76789249255439 -38.541461147364366,-3.7681239806682996 -38.54077900167008,-3.768337556531387 -38.540618069116476,-3.76838056340937 -38.540135220985974,-3.7685275210246214 -38.539964738228946,-3.7685760562442603 -38.53944256533762,-3.7687786486999526 -38.539273671022286,-3.7688452822048677 -38.538072643185004,-3.7693122938402857</coordinates>
                </LineString>
            </Placemark>
            <Placemark id="dt_mvw_sv_eixo_svb_l.fid--4079df0f_18eae1488d1_1ec9">
                <ExtendedData>
                    <SchemaData schemaUrl="#dt_mvw_sv_eixo_svb_l_1">
                        <SimpleData name="id">849</SimpleData>
                        <SimpleData name="idoriginal">819</SimpleData>
                        <SimpleData name="classifvia">Via Coletora</SimpleData>
                    </SchemaData>
                </ExtendedData>
                <LineString>
                    <coordinates>-38.59929908353344,-3.785227493601501 -38.60010448483066,-3.7879204945747142 -38.600935605552905,-3.790643135707259 -38.601146103788594,-3.791352406737337 -38.60120135682296,-3.791479112406294 -38.60160347965214,-3.7927398753286132 -38.60204296518797,-3.794107406504986 -38.602874378142324,-3.7967082640652348 -38.602732725135844,-3.796879481165033 -38.602720762839496,-3.79692743463028 -38.602720807277,-3.7969741323981556 -38.602800884787946,-3.7973414352372736 -38.60282642154647,-3.7974493551963664 -38.602851964722994,-3.7975418594341437 -38.60287411135955,-3.7976035311287486 -38.60290477943895,-3.7976806224763435 -38.602932041101745,-3.7977457225069204 -38.603982158155766,-3.800210331640249 -38.604016517755056,-3.8002794161016515 -38.60405087624207,-3.8003523379969373 -38.604108156467454,-3.800436781800015 -38.604201716604415,-3.8005711256484047 -38.60424390608257,-3.800631254033247 -38.604285907804766,-3.8007022607195613 -38.60431263036064,-3.8007598302972023 -38.60434317321079,-3.800819320348659 -38.60450181437804,-3.8012306921764907 -38.604528533465434,-3.8012959361479113 -38.6045571704485,-3.8013458322011484 -38.60459153362692,-3.801407242720603 -38.6046373583263,-3.801474414188268 -38.60468318303248,-3.80154158565415 -38.60479037803181,-3.801672536137115 -38.60482475235245,-3.801710923455641 -38.60485912254995,-3.8017569851709947 -38.60488203273438,-3.8017953672218474 -38.60491258065364,-3.801845264615558 -38.60560735546457,-3.803169491253601</coordinates>
                </LineString>
            </Placemark>
            <Placemark id="dt_mvw_sv_eixo_svb_l.fid--4079df0f_18eae1488d1_1eca">
                <ExtendedData>
                    <SchemaData schemaUrl="#dt_mvw_sv_eixo_svb_l_1">
                        <SimpleData name="id">850</SimpleData>
                        <SimpleData name="idoriginal">820</SimpleData>
                        <SimpleData name="classifvia">Via Coletora</SimpleData>
                    </SchemaData>
                </ExtendedData>
                <LineString>
                    <coordinates>-38.568404234184264,-3.792831922430771 -38.568699340096344,-3.7928728809626215 -38.57460831001004,-3.7938554872862875</coordinates>
                </LineString>
            </Placemark>
            <Placemark id="dt_mvw_sv_eixo_svb_l.fid--4079df0f_18eae1488d1_1ecb">
                <ExtendedData>
                    <SchemaData schemaUrl="#dt_mvw_sv_eixo_svb_l_1">
                        <SimpleData name="id">851</SimpleData>
                        <SimpleData name="idoriginal">821</SimpleData>
                        <SimpleData name="classifvia">Via Coletora</SimpleData>
                    </SchemaData>
                </ExtendedData>
                <LineString>
                    <coordinates>-38.46682462220465,-3.79836991275113 -38.461910838952285,-3.7979623077448394</coordinates>
                </LineString>
            </Placemark>
            <Placemark id="dt_mvw_sv_eixo_svb_l.fid--4079df0f_18eae1488d1_1ecc">
                <ExtendedData>
                    <SchemaData schemaUrl="#dt_mvw_sv_eixo_svb_l_1">
                        <SimpleData name="id">852</SimpleData>
                        <SimpleData name="idoriginal">822</SimpleData>
                        <SimpleData name="classifvia">Via Coletora</SimpleData>
                    </SchemaData>
                </ExtendedData>
                <LineString>
                    <coordinates>-38.45950621289667,-3.8309522177925084 -38.45896703499353,-3.830548399761184 -38.45831104705794,-3.8300426652296236 -38.45824770304336,-3.829999173517095 -38.4581472740006,-3.8299385883281523 -38.45808082446786,-3.8299168206790832 -38.45798810719264,-3.8298826213909316 -38.45790156451979,-3.8298608409756865 -38.45782429124449,-3.829846825297152 -38.45775319549401,-3.829840572956034 -38.45769755185005,-3.8298405376219993 -38.4570774256103,-3.829843729487902 -38.4569983156787,-3.82982840304045 -38.45694659384126,-3.8298115665004686 -38.45687662303303,-3.8297809697059146 -38.456839430194464,-3.8297539633576676 -38.456785380618456,-3.8297030028677788 -38.45674889964544,-3.8296464575777716 -38.456720033952266,-3.8295776965500514 -38.45670789598091,-3.829522694246905 -38.455944123162496,-3.8256400679568667 -38.45592769231374,-3.825569380038636 -38.4559082694866,-3.8254926745871995 -38.45587687940869,-3.8253919006886266 -38.4558559460879,-3.8253362472917423 -38.455829023399986,-3.8252760789226388 -38.455814066734796,-3.825242986252608 -38.455156974380486,-3.8237851553838955</coordinates>
                </LineString>
            </Placemark>
            <Placemark id="dt_mvw_sv_eixo_svb_l.fid--4079df0f_18eae1488d1_1ecd">
                <ExtendedData>
                    <SchemaData schemaUrl="#dt_mvw_sv_eixo_svb_l_1">
                        <SimpleData name="id">853</SimpleData>
                        <SimpleData name="idoriginal">823</SimpleData>
                        <SimpleData name="classifvia">Via Coletora</SimpleData>
                    </SchemaData>
                </ExtendedData>
                <LineString>
                    <coordinates>-38.4823422208635,-3.7664881870421465 -38.47737508642177,-3.7660925509257828</coordinates>
                </LineString>
            </Placemark>
            <Placemark id="dt_mvw_sv_eixo_svb_l.fid--4079df0f_18eae1488d1_1ece">
                <ExtendedData>
                    <SchemaData schemaUrl="#dt_mvw_sv_eixo_svb_l_1">
                        <SimpleData name="id">854</SimpleData>
                        <SimpleData name="idoriginal">824</SimpleData>
                        <SimpleData name="classifvia">Via Coletora</SimpleData>
                    </SchemaData>
                </ExtendedData>
                <LineString>
                    <coordinates>-38.54286271611001,-3.7595349657479273 -38.5423752483378,-3.7585381936132918</coordinates>
                </LineString>
            </Placemark>
            <Placemark id="dt_mvw_sv_eixo_svb_l.fid--4079df0f_18eae1488d1_1ecf">
                <ExtendedData>
                    <SchemaData schemaUrl="#dt_mvw_sv_eixo_svb_l_1">
                        <SimpleData name="id">855</SimpleData>
                        <SimpleData name="idoriginal">825</SimpleData>
                        <SimpleData name="classifvia">Via Coletora</SimpleData>
                    </SchemaData>
                </ExtendedData>
                <LineString>
                    <coordinates>-38.56045432839788,-3.7264017618790635 -38.56043820296445,-3.7264986179645034 -38.56033891645859,-3.7267783973103157 -38.557591182411656,-3.7341664433381268</coordinates>
                </LineString>
            </Placemark>
            <Placemark id="dt_mvw_sv_eixo_svb_l.fid--4079df0f_18eae1488d1_1ed0">
                <ExtendedData>
                    <SchemaData schemaUrl="#dt_mvw_sv_eixo_svb_l_1">
                        <SimpleData name="id">856</SimpleData>
                        <SimpleData name="idoriginal">826</SimpleData>
                        <SimpleData name="classifvia">Via Coletora</SimpleData>
                    </SchemaData>
                </ExtendedData>
                <LineString>
                    <coordinates>-38.55591392672142,-3.72411634718039 -38.55585080572354,-3.723661143327848 -38.55580586786996,-3.7233593798943634 -38.55576972730137,-3.7231240631088225 -38.55574883214945,-3.722911878933508 -38.555737841127346,-3.7228076395321104 -38.55562832648904,-3.721698198350392 -38.555491419681076,-3.719978612144902 -38.55534374765649,-3.7180995041364318</coordinates>
                </LineString>
            </Placemark>
            <Placemark id="dt_mvw_sv_eixo_svb_l.fid--4079df0f_18eae1488d1_1ed1">
                <ExtendedData>
                    <SchemaData schemaUrl="#dt_mvw_sv_eixo_svb_l_1">
                        <SimpleData name="id">857</SimpleData>
                        <SimpleData name="idoriginal">827</SimpleData>
                        <SimpleData name="classifvia">Via Arterial I</SimpleData>
                    </SchemaData>
                </ExtendedData>
                <LineString>
                    <coordinates>-38.54011590833174,-3.723083995709829 -38.54037765965371,-3.7239853736603235 -38.540547821713055,-3.7242650644295785 -38.54074490130814,-3.724984980261948</coordinates>
                </LineString>
            </Placemark>
            <Placemark id="dt_mvw_sv_eixo_svb_l.fid--4079df0f_18eae1488d1_1ed2">
                <ExtendedData>
                    <SchemaData schemaUrl="#dt_mvw_sv_eixo_svb_l_1">
                        <SimpleData name="id">858</SimpleData>
                        <SimpleData name="idoriginal">828</SimpleData>
                        <SimpleData name="classifvia">Via Arterial I</SimpleData>
                    </SchemaData>
                </ExtendedData>
                <LineString>
                    <coordinates>-38.54115933336339,-3.7227407980011398 -38.54174050309198,-3.7246489477249582</coordinates>
                </LineString>
            </Placemark>
            <Placemark id="dt_mvw_sv_eixo_svb_l.fid--4079df0f_18eae1488d1_1ed3">
                <ExtendedData>
                    <SchemaData schemaUrl="#dt_mvw_sv_eixo_svb_l_1">
                        <SimpleData name="id">859</SimpleData>
                        <SimpleData name="idoriginal">829</SimpleData>
                        <SimpleData name="classifvia">Via Coletora</SimpleData>
                    </SchemaData>
                </ExtendedData>
                <LineString>
                    <coordinates>-38.54958243428869,-3.7200971833705494 -38.54967470597722,-3.7203854527054907 -38.55106464418145,-3.724663641846723 -38.551144398283114,-3.724842294107382 -38.55128194129295,-3.7252431325204607 -38.551297584185704,-3.7253080237725475 -38.55131632995018,-3.725383472026518 -38.551327247231534,-3.7254620595775148 -38.55213591503573,-3.7318168426422553 -38.552311022093505,-3.7331409939538265</coordinates>
                </LineString>
            </Placemark>
            <Placemark id="dt_mvw_sv_eixo_svb_l.fid--4079df0f_18eae1488d1_1ed4">
                <ExtendedData>
                    <SchemaData schemaUrl="#dt_mvw_sv_eixo_svb_l_1">
                        <SimpleData name="id">860</SimpleData>
                        <SimpleData name="idoriginal">830</SimpleData>
                        <SimpleData name="classifvia">Via Coletora</SimpleData>
                    </SchemaData>
                </ExtendedData>
                <LineString>
                    <coordinates>-38.55863741032847,-3.7345557274573737 -38.558613916406316,-3.734669760526599 -38.55750138416556,-3.740050598462578 -38.556766905011564,-3.7435789841183054 -38.55635639770284,-3.745521899897663</coordinates>
                </LineString>
            </Placemark>
            <Placemark id="dt_mvw_sv_eixo_svb_l.fid--4079df0f_18eae1488d1_1ed5">
                <ExtendedData>
                    <SchemaData schemaUrl="#dt_mvw_sv_eixo_svb_l_1">
                        <SimpleData name="id">861</SimpleData>
                        <SimpleData name="idoriginal">831</SimpleData>
                        <SimpleData name="classifvia">Via Coletora</SimpleData>
                    </SchemaData>
                </ExtendedData>
                <LineString>
                    <coordinates>-38.63375600157732,-3.797505954863959 -38.63124080513784,-3.7978012214120986 -38.629145269472275,-3.798045384574279 -38.624828237182754,-3.798543022360675 -38.61982271498173,-3.7991081658069077 -38.61966553075673,-3.799298046478645</coordinates>
                </LineString>
            </Placemark>
            <Placemark id="dt_mvw_sv_eixo_svb_l.fid--4079df0f_18eae1488d1_1ed6">
                <ExtendedData>
                    <SchemaData schemaUrl="#dt_mvw_sv_eixo_svb_l_1">
                        <SimpleData name="id">862</SimpleData>
                        <SimpleData name="idoriginal">832</SimpleData>
                        <SimpleData name="classifvia">Via Coletora</SimpleData>
                    </SchemaData>
                </ExtendedData>
                <LineString>
                    <coordinates>-38.52832938682685,-3.8421371094867327 -38.52431256154171,-3.845447739347895 -38.52423232791694,-3.8455020542067 -38.52417817090217,-3.8455362507769864 -38.52395674762452,-3.8456816248666765 -38.52387651555933,-3.84573191330195 -38.52383038949381,-3.8457479939602326 -38.52374815889099,-3.845786201165137 -38.52351149990308,-3.8458887487220594 -38.5234613633638,-3.8459048271113407 -38.52341724076269,-3.8459229227670138 -38.52335908281294,-3.8459410100824956 -38.52333902730063,-3.8459490520823287 -38.52298130394775,-3.846051945892247 -38.522931168511775,-3.846066011291823 -38.52287501913517,-3.846078059886153 -38.522840926515435,-3.846088107425246 -38.52278878808525,-3.8460981448362745 -38.520243423383626,-3.8464702995154822 -38.52006051572041,-3.8464401428813435 -38.518910044967605,-3.846411069117104 -38.51879052869833,-3.846407843727269 -38.51871661541154,-3.846407801895243 -38.51864741776762,-3.8464124998402247 -38.51858136523523,-3.846417199560139 -38.51782603598564,-3.8465038734830586</coordinates>
                </LineString>
            </Placemark>
            <Placemark id="dt_mvw_sv_eixo_svb_l.fid--4079df0f_18eae1488d1_1ed7">
                <ExtendedData>
                    <SchemaData schemaUrl="#dt_mvw_sv_eixo_svb_l_1">
                        <SimpleData name="id">863</SimpleData>
                        <SimpleData name="idoriginal">833</SimpleData>
                        <SimpleData name="classifvia">Via Arterial I</SimpleData>
                    </SchemaData>
                </ExtendedData>
                <LineString>
                    <coordinates>-38.555952331165265,-3.768934085633514 -38.55623273675335,-3.769733176266168</coordinates>
                </LineString>
            </Placemark>
            <Placemark id="dt_mvw_sv_eixo_svb_l.fid--4079df0f_18eae1488d1_1ed8">
                <ExtendedData>
                    <SchemaData schemaUrl="#dt_mvw_sv_eixo_svb_l_1">
                        <SimpleData name="id">864</SimpleData>
                        <SimpleData name="idoriginal">834</SimpleData>
                        <SimpleData name="classifvia">Via Coletora</SimpleData>
                    </SchemaData>
                </ExtendedData>
                <LineString>
                    <coordinates>-38.50142125369697,-3.8084903535244767 -38.502650615218556,-3.8079050312610896 -38.502761616673844,-3.8078566841714205 -38.502828142965114,-3.807836485787398 -38.50289466742592,-3.8078183109740573 -38.5029390114839,-3.8078163130611404 -38.503007546916464,-3.807806233711689 -38.50443671148009,-3.8076387166003105 -38.504569937399175,-3.807622924493534 -38.504660267423496,-3.807598039730277 -38.50476866256029,-3.8075708979767096 -38.504847703522145,-3.8075460066833684 -38.50494029522959,-3.8075143221277483 -38.50503289666176,-3.8074667680414613 -38.505150341139164,-3.807407894084483 -38.50527821605444,-3.8073231549914692 -38.505366305044284,-3.8072687977618562 -38.50543858997961,-3.807212164026765 -38.50551539895261,-3.807141931319852 -38.50635615255532,-3.806354668718716 -38.506408109959445,-3.806309358501289 -38.50645329006257,-3.8062708454533523 -38.506502987067904,-3.8062300681618955 -38.50708448074772,-3.8057444807056444 -38.507129660792714,-3.8057059676138745 -38.50717031939934,-3.8056765198284555 -38.507238082035435,-3.805631218613096 -38.50732390845128,-3.8055859277473965 -38.507409729040546,-3.805549704771152 -38.50808273321485,-3.805284850855529</coordinates>
                </LineString>
            </Placemark>
            <Placemark id="dt_mvw_sv_eixo_svb_l.fid--4079df0f_18eae1488d1_1ed9">
                <ExtendedData>
                    <SchemaData schemaUrl="#dt_mvw_sv_eixo_svb_l_1">
                        <SimpleData name="id">865</SimpleData>
                        <SimpleData name="idoriginal">835</SimpleData>
                        <SimpleData name="classifvia">Via Coletora</SimpleData>
                    </SchemaData>
                </ExtendedData>
                <LineString>
                    <coordinates>-38.560660885413704,-3.7555024907423333 -38.56061389229643,-3.755451479446737 -38.557856967499,-3.7526881799981253 -38.55393577246999,-3.7483515837362993 -38.552037619660325,-3.746212039333795</coordinates>
                </LineString>
            </Placemark>
            <Placemark id="dt_mvw_sv_eixo_svb_l.fid--4079df0f_18eae1488d1_1eda">
                <ExtendedData>
                    <SchemaData schemaUrl="#dt_mvw_sv_eixo_svb_l_1">
                        <SimpleData name="id">866</SimpleData>
                        <SimpleData name="idoriginal">836</SimpleData>
                        <SimpleData name="classifvia">Via Coletora</SimpleData>
                    </SchemaData>
                </ExtendedData>
                <LineString>
                    <coordinates>-38.54930593127331,-3.7486823157492712 -38.55062375337165,-3.7474827086112907 -38.5521141890841,-3.7461465871525546 -38.554970635810974,-3.7435542362036127</coordinates>
                </LineString>
            </Placemark>
            <Placemark id="dt_mvw_sv_eixo_svb_l.fid--4079df0f_18eae1488d1_1edb">
                <ExtendedData>
                    <SchemaData schemaUrl="#dt_mvw_sv_eixo_svb_l_1">
                        <SimpleData name="id">867</SimpleData>
                        <SimpleData name="idoriginal">837</SimpleData>
                        <SimpleData name="classifvia">Via Coletora</SimpleData>
                    </SchemaData>
                </ExtendedData>
                <LineString>
                    <coordinates>-38.541034038569556,-3.749658145896347 -38.541090884540935,-3.749761015439297 -38.541150026661576,-3.7498273212056965 -38.5412205408852,-3.7499073450669234 -38.54498532061566,-3.7540700400194815 -38.54500632088191,-3.7540911482289805 -38.545019450083366,-3.754098187993301</coordinates>
                </LineString>
            </Placemark>
            <Placemark id="dt_mvw_sv_eixo_svb_l.fid--4079df0f_18eae1488d1_1edc">
                <ExtendedData>
                    <SchemaData schemaUrl="#dt_mvw_sv_eixo_svb_l_1">
                        <SimpleData name="id">868</SimpleData>
                        <SimpleData name="idoriginal">838</SimpleData>
                        <SimpleData name="classifvia">Via Coletora</SimpleData>
                    </SchemaData>
                </ExtendedData>
                <LineString>
                    <coordinates>-38.53590501118113,-3.7620674862291095 -38.536129558233704,-3.7619988371768778 -38.53981304786109,-3.760885733822983 -38.542411710319634,-3.76007867132686</coordinates>
                </LineString>
            </Placemark>
            <Placemark id="dt_mvw_sv_eixo_svb_l.fid--4079df0f_18eae1488d1_1edd">
                <ExtendedData>
                    <SchemaData schemaUrl="#dt_mvw_sv_eixo_svb_l_1">
                        <SimpleData name="id">869</SimpleData>
                        <SimpleData name="idoriginal">839</SimpleData>
                        <SimpleData name="classifvia">Via Coletora</SimpleData>
                    </SchemaData>
                </ExtendedData>
                <LineString>
                    <coordinates>-38.54346456145842,-3.7624633702614165 -38.54346452551952,-3.762532414845852 -38.54374984170443,-3.7634625089407936 -38.54485842483959,-3.767084527469553</coordinates>
                </LineString>
            </Placemark>
            <Placemark id="dt_mvw_sv_eixo_svb_l.fid--4079df0f_18eae1488d1_1ede">
                <ExtendedData>
                    <SchemaData schemaUrl="#dt_mvw_sv_eixo_svb_l_1">
                        <SimpleData name="id">870</SimpleData>
                        <SimpleData name="idoriginal">840</SimpleData>
                        <SimpleData name="classifvia">Via Coletora</SimpleData>
                    </SchemaData>
                </ExtendedData>
                <LineString>
                    <coordinates>-38.54984516364029,-3.7593149941294155 -38.55130938853415,-3.761018988477905 -38.55134741179091,-3.761074470774176 -38.55136456927273,-3.761128709064845 -38.55139277560999,-3.761179255807486 -38.551509444311556,-3.7613303753663447 -38.5515486995622,-3.7613784628080293 -38.5533540868404,-3.763418432429374 -38.555170204901174,-3.765426500810796 -38.55532471462065,-3.765431466520183 -38.555366070101556,-3.765451033050484 -38.555383082158016,-3.765492575766958</coordinates>
                </LineString>
            </Placemark>
            <Placemark id="dt_mvw_sv_eixo_svb_l.fid--4079df0f_18eae1488d1_1edf">
                <ExtendedData>
                    <SchemaData schemaUrl="#dt_mvw_sv_eixo_svb_l_1">
                        <SimpleData name="id">871</SimpleData>
                        <SimpleData name="idoriginal">841</SimpleData>
                        <SimpleData name="classifvia">Via Coletora</SimpleData>
                    </SchemaData>
                </ExtendedData>
                <LineString>
                    <coordinates>-38.54568964730922,-3.7545118078148434 -38.54736841063224,-3.7565469051882756 -38.54778276097699,-3.7570359804294893 -38.54959730224142,-3.7592445460017396</coordinates>
                </LineString>
            </Placemark>
            <Placemark id="dt_mvw_sv_eixo_svb_l.fid--4079df0f_18eae1488d1_1ee0">
                <ExtendedData>
                    <SchemaData schemaUrl="#dt_mvw_sv_eixo_svb_l_1">
                        <SimpleData name="id">872</SimpleData>
                        <SimpleData name="idoriginal">842</SimpleData>
                        <SimpleData name="classifvia">Via Coletora</SimpleData>
                    </SchemaData>
                </ExtendedData>
                <LineString>
                    <coordinates>-38.558437226427856,-3.758569571979507 -38.556414154758244,-3.7602159738952365</coordinates>
                </LineString>
            </Placemark>
            <Placemark id="dt_mvw_sv_eixo_svb_l.fid--4079df0f_18eae1488d1_1ee1">
                <ExtendedData>
                    <SchemaData schemaUrl="#dt_mvw_sv_eixo_svb_l_1">
                        <SimpleData name="id">873</SimpleData>
                        <SimpleData name="idoriginal">843</SimpleData>
                        <SimpleData name="classifvia">Via Coletora</SimpleData>
                    </SchemaData>
                </ExtendedData>
                <LineString>
                    <coordinates>-38.5980743905607,-3.812761500807157 -38.5980320423666,-3.812768566684684 -38.598003025273584,-3.8127724899648463 -38.59795205440067,-3.8127716785117145 -38.597913630005294,-3.812770873408142 -38.5978767711742,-3.812776367193874 -38.59781716555166,-3.8127936604768564 -38.59780069381881,-3.812803101167436 -38.59767675695528,-3.8128825634629635</coordinates>
                </LineString>
            </Placemark>
            <Placemark id="dt_mvw_sv_eixo_svb_l.fid--4079df0f_18eae1488d1_1ee2">
                <ExtendedData>
                    <SchemaData schemaUrl="#dt_mvw_sv_eixo_svb_l_1">
                        <SimpleData name="id">874</SimpleData>
                        <SimpleData name="idoriginal">844</SimpleData>
                        <SimpleData name="classifvia">Via Coletora</SimpleData>
                    </SchemaData>
                </ExtendedData>
                <LineString>
                    <coordinates>-38.60276660048422,-3.760236373386423 -38.60136837784809,-3.7605036364845734 -38.599160397234435,-3.760910514240369 -38.59841617399629,-3.761068648255158 -38.597181734174995,-3.7612904335753194 -38.595359648201295,-3.761668336919225 -38.594674695495314,-3.761844098848629</coordinates>
                </LineString>
            </Placemark>
            <Placemark id="dt_mvw_sv_eixo_svb_l.fid--4079df0f_18eae1488d1_1ee3">
                <ExtendedData>
                    <SchemaData schemaUrl="#dt_mvw_sv_eixo_svb_l_1">
                        <SimpleData name="id">875</SimpleData>
                        <SimpleData name="idoriginal">845</SimpleData>
                        <SimpleData name="classifvia">Via Coletora</SimpleData>
                    </SchemaData>
                </ExtendedData>
                <LineString>
                    <coordinates>-38.54449209164109,-3.7445880232489945 -38.54463028556502,-3.744723541022959 -38.54473477831251,-3.7448184071687605 -38.544856118198126,-3.7449403716043705 -38.546539646950166,-3.746623287918714 -38.54808825695594,-3.748181546483252 -38.550971649074704,-3.751069763777557 -38.55271322577875,-3.7528071083503383 -38.5534465104677,-3.7535633485910624 -38.55348714032118,-3.753608481423729 -38.553527337920805,-3.7536384594978607 -38.55357020977702,-3.7536729965187305 -38.55362847901291,-3.7537166608247654 -38.553692136877814,-3.7537672703001084 -38.553723134169616,-3.753793556586934 -38.553768515644805,-3.753833957523687 -38.55518416642185,-3.755241941655189 -38.55543880181738,-3.755495412740812 -38.55814623150879,-3.758177679256812 -38.55816490835948,-3.758196342770263 -38.55819954741651,-3.7582289128869415 -38.55914284892936,-3.759278816006033 -38.55916719539632,-3.7593032865753195 -38.5591962555524,-3.7593309159047643 -38.56035362673405,-3.7604905068180536 -38.560492681010714,-3.760641793605151 -38.560584503620696,-3.7607645115324564 -38.56067612297841,-3.7608921074233113 -38.56075117554593,-3.7610141490167965 -38.56081297303554,-3.761136183910723 -38.56085931996911,-3.761229373808134 -38.56091893082988,-3.7613641358297163 -38.560955336457546,-3.7614573207035193 -38.56098842609589,-3.7615549403566257 -38.56102481675202,-3.7616780718790452 -38.56105017592267,-3.7617723601688526 -38.561084436978796,-3.7619371554890737 -38.561098745239256,-3.7620414205750046 -38.56111305222439,-3.762146794656012 -38.56112737143141,-3.762297050789079 -38.56112952567636,-3.762406855659735 -38.56113169823469,-3.762480058964346 -38.5611227965547,-3.7626098220619344 -38.56110946573583,-3.762756753268999 -38.56110057570156,-3.762863224630963 -38.561079529968126,-3.7629785632334767 -38.56105404492129,-3.7630866428101992 -38.56103190734887,-3.763176470655893 -38.56100977771137,-3.763251880145249 -38.560978792823654,-3.7633627767949456 -38.560951115881274,-3.7634362600568148 -38.56090134731582,-3.7635582390533266 -38.55959435156609,-3.766682702005372</coordinates>
                </LineString>
            </Placemark>
            <Placemark id="dt_mvw_sv_eixo_svb_l.fid--4079df0f_18eae1488d1_1ee4">
                <ExtendedData>
                    <SchemaData schemaUrl="#dt_mvw_sv_eixo_svb_l_1">
                        <SimpleData name="id">876</SimpleData>
                        <SimpleData name="idoriginal">846</SimpleData>
                        <SimpleData name="classifvia">Via Arterial II</SimpleData>
                    </SchemaData>
                </ExtendedData>
                <LineString>
                    <coordinates>-38.54612510638481,-3.7679930660516665 -38.54521248415639,-3.7685841420542125 -38.54456494130172,-3.768996625594788 -38.544363309416,-3.769060355886074 -38.54406537026359,-3.769153200195912 -38.542727060093284,-3.769572696985127 -38.54195045096788,-3.769813437086898 -38.54180873334401,-3.769860784895281 -38.54130917009422,-3.7700009443153166 -38.54114504344441,-3.770039592243208 -38.54062911936559,-3.770201636132259 -38.54046379695241,-3.7702544245389107 -38.53909685007176,-3.7706589301871447 -38.53855986266542,-3.7708235545647035</coordinates>
                </LineString>
            </Placemark>
            <Placemark id="dt_mvw_sv_eixo_svb_l.fid--4079df0f_18eae1488d1_1ee5">
                <ExtendedData>
                    <SchemaData schemaUrl="#dt_mvw_sv_eixo_svb_l_1">
                        <SimpleData name="id">877</SimpleData>
                        <SimpleData name="idoriginal">847</SimpleData>
                        <SimpleData name="classifvia">Via Coletora</SimpleData>
                    </SchemaData>
                </ExtendedData>
                <LineString>
                    <coordinates>-38.60176766978979,-3.776174854224306 -38.599786140273764,-3.7767326807237502</coordinates>
                </LineString>
            </Placemark>
            <Placemark id="dt_mvw_sv_eixo_svb_l.fid--4079df0f_18eae1488d1_1ee6">
                <ExtendedData>
                    <SchemaData schemaUrl="#dt_mvw_sv_eixo_svb_l_1">
                        <SimpleData name="id">878</SimpleData>
                        <SimpleData name="idoriginal">848</SimpleData>
                        <SimpleData name="classifvia">Via Coletora</SimpleData>
                    </SchemaData>
                </ExtendedData>
                <LineString>
                    <coordinates>-38.55704253133489,-3.7571588483809943 -38.556281518226236,-3.757756868480498 -38.55511672045304,-3.7587038358027938 -38.55499781813449,-3.7588023586566983 -38.55255256194211,-3.760902935125952</coordinates>
                </LineString>
            </Placemark>
            <Placemark id="dt_mvw_sv_eixo_svb_l.fid--4079df0f_18eae1488d1_1ee7">
                <ExtendedData>
                    <SchemaData schemaUrl="#dt_mvw_sv_eixo_svb_l_1">
                        <SimpleData name="id">905</SimpleData>
                        <SimpleData name="idoriginal">875</SimpleData>
                        <SimpleData name="classifvia">Via Coletora</SimpleData>
                    </SchemaData>
                </ExtendedData>
                <LineString>
                    <coordinates>-38.50952566943933,-3.7216305075646607 -38.509584805181575,-3.721803436505256 -38.51034677802508,-3.7242109323310046 -38.512221033405986,-3.7301533100748454 -38.51432626064046,-3.736805361716701</coordinates>
                </LineString>
            </Placemark>
            <Placemark id="dt_mvw_sv_eixo_svb_l.fid--4079df0f_18eae1488d1_1ee8">
                <ExtendedData>
                    <SchemaData schemaUrl="#dt_mvw_sv_eixo_svb_l_1">
                        <SimpleData name="id">906</SimpleData>
                        <SimpleData name="idoriginal">876</SimpleData>
                        <SimpleData name="classifvia">Via Coletora</SimpleData>
                    </SchemaData>
                </ExtendedData>
                <LineString>
                    <coordinates>-38.46919943057856,-3.7549644075385338 -38.47049319836482,-3.7590563523626583</coordinates>
                </LineString>
            </Placemark>
            <Placemark id="dt_mvw_sv_eixo_svb_l.fid--4079df0f_18eae1488d1_1ee9">
                <ExtendedData>
                    <SchemaData schemaUrl="#dt_mvw_sv_eixo_svb_l_1">
                        <SimpleData name="id">907</SimpleData>
                        <SimpleData name="idoriginal">877</SimpleData>
                        <SimpleData name="classifvia">Via Coletora</SimpleData>
                    </SchemaData>
                </ExtendedData>
                <LineString>
                    <coordinates>-38.509950520935966,-3.8108218985711355 -38.51266269176412,-3.8101160649430046</coordinates>
                </LineString>
            </Placemark>
            <Placemark id="dt_mvw_sv_eixo_svb_l.fid--4079df0f_18eae1488d1_1eea">
                <ExtendedData>
                    <SchemaData schemaUrl="#dt_mvw_sv_eixo_svb_l_1">
                        <SimpleData name="id">879</SimpleData>
                        <SimpleData name="idoriginal">849</SimpleData>
                        <SimpleData name="classifvia">Via Coletora</SimpleData>
                    </SchemaData>
                </ExtendedData>
                <LineString>
                    <coordinates>-38.53875602608811,-3.7719626573918914 -38.53842324785008,-3.771916394267322 -38.53825686178334,-3.7718875152736664 -38.538110099959106,-3.7718643406265704 -38.53792790806156,-3.771815270469248 -38.53745701796776,-3.7716608290488587 -38.53728061131873,-3.771597353288186 -38.53707561832807,-3.771506515369945 -38.53694944454235,-3.7714488404827318 -38.536809514005334,-3.7713704409106814 -38.536653529687825,-3.7712758865976976 -38.53651586140772,-3.7711813420502343 -38.53633174688272,-3.771049374549892 -38.53275630851157,-3.7683772483198563 -38.53257400367858,-3.768234828914371 -38.53244101762297,-3.7681213868170778 -38.53232007507728,-3.768014019359786 -38.53220118889002,-3.767892485031723 -38.53199532468485,-3.767671166667233 -38.531872390702155,-3.7675334305242303 -38.53175553731904,-3.767365330085614 -38.53164875738421,-3.767209371403217</coordinates>
                </LineString>
            </Placemark>
            <Placemark id="dt_mvw_sv_eixo_svb_l.fid--4079df0f_18eae1488d1_1eeb">
                <ExtendedData>
                    <SchemaData schemaUrl="#dt_mvw_sv_eixo_svb_l_1">
                        <SimpleData name="id">880</SimpleData>
                        <SimpleData name="idoriginal">850</SimpleData>
                        <SimpleData name="classifvia">Via Coletora</SimpleData>
                    </SchemaData>
                </ExtendedData>
                <LineString>
                    <coordinates>-38.535930336380794,-3.762575329190773 -38.53461545302818,-3.7629808396694924 -38.53322671292558,-3.7634186847047983 -38.532372040391074,-3.763675733148508 -38.53047417969746,-3.764271865016433</coordinates>
                </LineString>
            </Placemark>
            <Placemark id="dt_mvw_sv_eixo_svb_l.fid--4079df0f_18eae1488d1_1eec">
                <ExtendedData>
                    <SchemaData schemaUrl="#dt_mvw_sv_eixo_svb_l_1">
                        <SimpleData name="id">881</SimpleData>
                        <SimpleData name="idoriginal">855</SimpleData>
                        <SimpleData name="classifvia">Via Arterial I</SimpleData>
                    </SchemaData>
                </ExtendedData>
                <LineString>
                    <coordinates>-38.53152131440123,-3.7671965984181743 -38.52843378936615,-3.768301183418844 -38.52826514242723,-3.7683640990762024 -38.5281573101215,-3.7684132540563557 -38.52799257980837,-3.768507635342243 -38.527823953630524,-3.768607922242942 -38.52768388885152,-3.7687050702771385 -38.527585832567766,-3.7687857207849134 -38.52746424055542,-3.768895870581648 -38.52739754090779,-3.768956863392744 -38.52532034142043,-3.7709979461025873 -38.525161770046395,-3.771143147614139 -38.52502904217251,-3.7712347656230074 -38.52487050077031,-3.7713246051536697 -38.52473094687605,-3.7713850766122605 -38.52463033232977,-3.7714220185199934 -38.524526931816496,-3.7714582905878156 -38.524437348455514,-3.7714789854766533 -38.524346041293455,-3.771504892145889 -38.52425990454878,-3.771516954476977 -38.52410140535563,-3.7715289770867697 -38.52399630361466,-3.7715289193963235 -38.523887352099194,-3.7715253576903467 -38.5238063857659,-3.7715236023825334 -38.523751273008116,-3.7715252829604453 -38.523694398296584,-3.771526989298931 -38.5227273092176,-3.7715819263705797 -38.522552631364185,-3.7715818569365296 -38.52241651226397,-3.771580044395897 -38.52231661818954,-3.77157306578902 -38.52216329888886,-3.7715539748804323 -38.52203927697075,-3.7715348733633856 -38.52194450955772,-3.7715192363825656 -38.52187735855316,-3.771505378929927 -38.52138362653675,-3.771392511499633 -38.52127685622993,-3.7713716818225866 -38.521180368831466,-3.7713543329667765 -38.5210908043783,-3.771340436347778 -38.52101328286562,-3.7713334966831997 -38.5208737266543,-3.771323020850399 -38.51699478409622,-3.771053014792403</coordinates>
                </LineString>
            </Placemark>
            <Placemark id="dt_mvw_sv_eixo_svb_l.fid--4079df0f_18eae1488d1_1eed">
                <ExtendedData>
                    <SchemaData schemaUrl="#dt_mvw_sv_eixo_svb_l_1">
                        <SimpleData name="id">882</SimpleData>
                        <SimpleData name="idoriginal">857</SimpleData>
                        <SimpleData name="classifvia">Via Arterial II</SimpleData>
                    </SchemaData>
                </ExtendedData>
                <LineString>
                    <coordinates>-38.532887136503966,-3.7341161253944377 -38.53413551917362,-3.735514903925922 -38.5343284493817,-3.7356852622285506 -38.536710839217875,-3.738325528377355 -38.538113843476076,-3.739871503110886 -38.53824999615747,-3.740001699551139 -38.53909823308095,-3.7409151534475487 -38.53927291521515,-3.7411226186210143 -38.542375428516706,-3.7445269162626467</coordinates>
                </LineString>
            </Placemark>
            <Placemark id="dt_mvw_sv_eixo_svb_l.fid--4079df0f_18eae1488d1_1eee">
                <ExtendedData>
                    <SchemaData schemaUrl="#dt_mvw_sv_eixo_svb_l_1">
                        <SimpleData name="id">883</SimpleData>
                        <SimpleData name="idoriginal">858</SimpleData>
                        <SimpleData name="classifvia">Via Arterial II</SimpleData>
                    </SchemaData>
                </ExtendedData>
                <LineString>
                    <coordinates>-38.53205115279922,-3.7311497528182818 -38.53231022626772,-3.7320196481054673 -38.532604320541665,-3.7330490438562003 -38.53290438597353,-3.73409852637597</coordinates>
                </LineString>
            </Placemark>
            <Placemark id="dt_mvw_sv_eixo_svb_l.fid--4079df0f_18eae1488d1_1eef">
                <ExtendedData>
                    <SchemaData schemaUrl="#dt_mvw_sv_eixo_svb_l_1">
                        <SimpleData name="id">884</SimpleData>
                        <SimpleData name="idoriginal">859</SimpleData>
                        <SimpleData name="classifvia">Via Coletora</SimpleData>
                    </SchemaData>
                </ExtendedData>
                <LineString>
                    <coordinates>-38.56518133182566,-3.781446367609057 -38.56422461912159,-3.7817338084290064 -38.56406887272608,-3.781785853560163 -38.56395267642516,-3.7818329546194054 -38.56385378275624,-3.7818800643885564 -38.56373183553705,-3.7819475401245137 -38.56360820907984,-3.7820244223125723 -38.56351919534508,-3.7820864299972063 -38.563449960045446,-3.7821385186696412 -38.56336341215244,-3.7822104555505716 -38.559636594384536,-3.785383967142862</coordinates>
                </LineString>
            </Placemark>
            <Placemark id="dt_mvw_sv_eixo_svb_l.fid--4079df0f_18eae1488d1_1ef0">
                <ExtendedData>
                    <SchemaData schemaUrl="#dt_mvw_sv_eixo_svb_l_1">
                        <SimpleData name="id">885</SimpleData>
                        <SimpleData name="idoriginal">860</SimpleData>
                        <SimpleData name="classifvia">Via Arterial II</SimpleData>
                    </SchemaData>
                </ExtendedData>
                <LineString>
                    <coordinates>-38.562250066590174,-3.773093699859195 -38.56256354915876,-3.773361458027231 -38.56416193919166,-3.774625641376675</coordinates>
                </LineString>
            </Placemark>
            <Placemark id="dt_mvw_sv_eixo_svb_l.fid--4079df0f_18eae1488d1_1ef1">
                <ExtendedData>
                    <SchemaData schemaUrl="#dt_mvw_sv_eixo_svb_l_1">
                        <SimpleData name="id">886</SimpleData>
                        <SimpleData name="idoriginal">861</SimpleData>
                        <SimpleData name="classifvia">Via Coletora</SimpleData>
                    </SchemaData>
                </ExtendedData>
                <LineString>
                    <coordinates>-38.559636594384536,-3.785383967142862 -38.55693913885602,-3.787922930346794 -38.556816531384754,-3.788032232670359 -38.556662144561294,-3.7881506321179708 -38.556473719998706,-3.7882621787948474 -38.55569654959056,-3.7885952237936067 -38.55567059881698,-3.7886160103877025</coordinates>
                </LineString>
            </Placemark>
            <Placemark id="dt_mvw_sv_eixo_svb_l.fid--4079df0f_18eae1488d1_1ef2">
                <ExtendedData>
                    <SchemaData schemaUrl="#dt_mvw_sv_eixo_svb_l_1">
                        <SimpleData name="id">887</SimpleData>
                        <SimpleData name="idoriginal">862</SimpleData>
                        <SimpleData name="classifvia">Via Coletora</SimpleData>
                    </SchemaData>
                </ExtendedData>
                <LineString>
                    <coordinates>-38.55567059881698,-3.7886160103877025 -38.55360195289758,-3.785133545230106 -38.553545462031614,-3.7850483606551357 -38.55348895845634,-3.784988012740839 -38.55340771764151,-3.7849347484475517 -38.5533264677483,-3.7848992249116553 -38.55321340611026,-3.7848849736390022 -38.55313920709768,-3.7848813873188187 -38.553065003766655,-3.7848848968905418 -38.55298018423703,-3.7849203345489637 -38.55290596270839,-3.7849593261407235 -38.552838809545044,-3.784994772924853</coordinates>
                </LineString>
            </Placemark>
            <Placemark id="dt_mvw_sv_eixo_svb_l.fid--4079df0f_18eae1488d1_1ef3">
                <ExtendedData>
                    <SchemaData schemaUrl="#dt_mvw_sv_eixo_svb_l_1">
                        <SimpleData name="id">888</SimpleData>
                        <SimpleData name="idoriginal">863</SimpleData>
                        <SimpleData name="classifvia">Via Arterial II</SimpleData>
                    </SchemaData>
                </ExtendedData>
                <LineString>
                    <coordinates>-38.50571576659231,-3.7244642104130983 -38.50597522244723,-3.7252913076058105 -38.50620032909134,-3.725971411708467 -38.50685657930024,-3.7279824333220404 -38.50757005758388,-3.7302218535949954 -38.50845568939537,-3.7329183452002486 -38.50846318920893,-3.733030430598774 -38.50879401858759,-3.733984891403929 -38.50908103651504,-3.734914063450214 -38.5094525320916,-3.736042797807564 -38.51017835218355,-3.7382880123398605 -38.5110393293611,-3.740979051314224 -38.51154708044541,-3.742539351253478 -38.51204996201872,-3.7440993824403397 -38.5127373123146,-3.746221251201015 -38.513766223632935,-3.749432898410485 -38.51415362192889,-3.7506038733604785 -38.514175284558604,-3.750668254644625 -38.51417049579075,-3.750730324540855 -38.51381633735198,-3.752751975656424</coordinates>
                </LineString>
            </Placemark>
            <Placemark id="dt_mvw_sv_eixo_svb_l.fid--4079df0f_18eae1488d1_1ef4">
                <ExtendedData>
                    <SchemaData schemaUrl="#dt_mvw_sv_eixo_svb_l_1">
                        <SimpleData name="id">889</SimpleData>
                        <SimpleData name="idoriginal">864</SimpleData>
                        <SimpleData name="classifvia">Via Arterial II</SimpleData>
                    </SchemaData>
                </ExtendedData>
                <LineString>
                    <coordinates>-38.529970102458364,-3.7318227296177757 -38.53027539521527,-3.7327672797391527 -38.53089276073897,-3.734713827317733 -38.53096530696787,-3.734860921264614 -38.53147459428761,-3.736461323592685 -38.53153692204121,-3.73673872905768 -38.53210218092387,-3.738534649428713 -38.532805305009745,-3.7406799078435133 -38.53422743275539,-3.7450865088675704</coordinates>
                </LineString>
            </Placemark>
            <Placemark id="dt_mvw_sv_eixo_svb_l.fid--4079df0f_18eae1488d1_1ef5">
                <ExtendedData>
                    <SchemaData schemaUrl="#dt_mvw_sv_eixo_svb_l_1">
                        <SimpleData name="id">890</SimpleData>
                        <SimpleData name="idoriginal">865</SimpleData>
                        <SimpleData name="classifvia">Via Arterial II</SimpleData>
                    </SchemaData>
                </ExtendedData>
                <LineString>
                    <coordinates>-38.52390814664156,-3.7369108548539507 -38.52280113584285,-3.737270275152665 -38.52075351897254,-3.7379014226827847 -38.519624871664,-3.7382583419995745 -38.517564531878975,-3.7389069838294593 -38.51446938753061,-3.7398832883621145 -38.51428524234603,-3.739933168340613 -38.51216227891338,-3.740612029876521 -38.51104499325611,-3.740963199626982 -38.50784460232043,-3.7419648548523274 -38.50484173338265,-3.7429129999199415 -38.50293044119022,-3.7435080199146955 -38.50275129865687,-3.743469110909316 -38.50092296494483,-3.7440859841314684</coordinates>
                </LineString>
            </Placemark>
            <Placemark id="dt_mvw_sv_eixo_svb_l.fid--4079df0f_18eae1488d1_1ef6">
                <ExtendedData>
                    <SchemaData schemaUrl="#dt_mvw_sv_eixo_svb_l_1">
                        <SimpleData name="id">891</SimpleData>
                        <SimpleData name="idoriginal">866</SimpleData>
                        <SimpleData name="classifvia">Via Arterial II</SimpleData>
                    </SchemaData>
                </ExtendedData>
                <LineString>
                    <coordinates>-38.515618445412954,-3.720304167889106 -38.51511165877439,-3.7203415861764175 -38.514308127315715,-3.720388264794457 -38.51358314336252,-3.7204373422779056 -38.51346582118261,-3.720465550493225 -38.51164846881835,-3.7208347195985545 -38.51141050109842,-3.720881850923943 -38.51081920127699,-3.7210134641554724 -38.510682308228304,-3.7210727118606024 -38.50950569612041,-3.721640514361163 -38.50540951920413,-3.723558369347419 -38.501650338985776,-3.7253243274462133</coordinates>
                </LineString>
            </Placemark>
            <Placemark id="dt_mvw_sv_eixo_svb_l.fid--4079df0f_18eae1488d1_1ef7">
                <ExtendedData>
                    <SchemaData schemaUrl="#dt_mvw_sv_eixo_svb_l_1">
                        <SimpleData name="id">892</SimpleData>
                        <SimpleData name="idoriginal">867</SimpleData>
                        <SimpleData name="classifvia">Via Coletora</SimpleData>
                    </SchemaData>
                </ExtendedData>
                <LineString>
                    <coordinates>-38.4712350751735,-3.8350667199708526 -38.46961048452612,-3.8356584470846613 -38.469562958158406,-3.835675114726833 -38.46950830307786,-3.835694162883297 -38.46947028139289,-3.8357084509728105 -38.46687701638722,-3.8367758072618234</coordinates>
                </LineString>
            </Placemark>
            <Placemark id="dt_mvw_sv_eixo_svb_l.fid--4079df0f_18eae1488d1_1ef8">
                <ExtendedData>
                    <SchemaData schemaUrl="#dt_mvw_sv_eixo_svb_l_1">
                        <SimpleData name="id">893</SimpleData>
                        <SimpleData name="idoriginal">868</SimpleData>
                        <SimpleData name="classifvia">Via Coletora</SimpleData>
                    </SchemaData>
                </ExtendedData>
                <LineString>
                    <coordinates>-38.497590046038624,-3.8685114315956595 -38.49738342402147,-3.8685418119069124 -38.495440991184864,-3.86885945732628 -38.495331618781925,-3.868878911126172 -38.49523439522458,-3.868903251300673 -38.49516634087032,-3.868915409773466 -38.490678382456245,-3.8702124648092457</coordinates>
                </LineString>
            </Placemark>
            <Placemark id="dt_mvw_sv_eixo_svb_l.fid--4079df0f_18eae1488d1_1ef9">
                <ExtendedData>
                    <SchemaData schemaUrl="#dt_mvw_sv_eixo_svb_l_1">
                        <SimpleData name="id">894</SimpleData>
                        <SimpleData name="idoriginal">869</SimpleData>
                        <SimpleData name="classifvia">Via Coletora</SimpleData>
                    </SchemaData>
                </ExtendedData>
                <LineString>
                    <coordinates>-38.46777988359003,-3.739448382119636 -38.46729446599201,-3.7396031424531895 -38.4671378026795,-3.7396628543395005 -38.46699437516376,-3.7397225742626263 -38.466892862409736,-3.739782319210698 -38.466800173520035,-3.7398420700297623 -38.466705274632936,-3.739908464748487 -38.46663685206586,-3.739968230346538 -38.46655739360297,-3.7400368493822995 -38.4664668878663,-3.7401342576218846 -38.46639182190273,-3.740236105612984 -38.46630302134807,-3.7403611958032204 -38.46626105630656,-3.7404453436295397 -38.466221293206765,-3.7405361375515116 -38.465833420077,-3.741416142534487 -38.465805701735086,-3.7414665162382574 -38.465788375796365,-3.741501257782226 -38.46576585662461,-3.741539471263813 -38.46524568262887,-3.742402482122329 -38.46521969294141,-3.7424563314631363 -38.465198901759166,-3.742498021091968 -38.465183294329286,-3.742551877289366 -38.465167673877346,-3.7426283222109573 -38.46515897048933,-3.7427117215901315 -38.46516066864713,-3.7427655883793105 -38.46517273431598,-3.7428437878035825 -38.46518654662853,-3.7428959244522524 -38.46532299210779,-3.7433937731695273</coordinates>
                </LineString>
            </Placemark>
            <Placemark id="dt_mvw_sv_eixo_svb_l.fid--4079df0f_18eae1488d1_1efa">
                <ExtendedData>
                    <SchemaData schemaUrl="#dt_mvw_sv_eixo_svb_l_1">
                        <SimpleData name="id">895</SimpleData>
                        <SimpleData name="idoriginal">870</SimpleData>
                        <SimpleData name="classifvia">Via Arterial I</SimpleData>
                    </SchemaData>
                </ExtendedData>
                <LineString>
                    <coordinates>-38.480028779541975,-3.838744387869996 -38.479905169971275,-3.8393150240961735 -38.47991676103163,-3.8397312495586777 -38.48005733330518,-3.840352893798999 -38.48028542200246,-3.8409896641457033 -38.48057449179664,-3.8415529035212095 -38.4808346389758,-3.8421523187123126 -38.48092445775724,-3.8425872158577823 -38.48096208267312,-3.8430295468979354 -38.480947698047295,-3.8433196547084734 -38.48088118160865,-3.8436572902599284 -38.480800488216694,-3.8439426011678366 -38.480686519077196,-3.8441676012474617 -38.4805727003064,-3.8444005763964353 -38.48047787731851,-3.8445527104662154 -38.480349883715334,-3.8447286045067988 -38.48024560771752,-3.844847440608556 -38.480089197621155,-3.84501856127856 -38.47988068580707,-3.8451896500527605</coordinates>
                </LineString>
            </Placemark>
            <Placemark id="dt_mvw_sv_eixo_svb_l.fid--4079df0f_18eae1488d1_1efb">
                <ExtendedData>
                    <SchemaData schemaUrl="#dt_mvw_sv_eixo_svb_l_1">
                        <SimpleData name="id">896</SimpleData>
                        <SimpleData name="idoriginal">871</SimpleData>
                        <SimpleData name="classifvia">Via Arterial I</SimpleData>
                    </SchemaData>
                </ExtendedData>
                <LineString>
                    <coordinates>-38.51186156389579,-3.785526031572259 -38.51096322265137,-3.7851222686838177 -38.50632279051381,-3.782409130641501 -38.50610456398261,-3.7821458788480857 -38.505712233987175,-3.780830017943465 -38.50543582453525,-3.7804790239099586 -38.505203049387305,-3.7802011451118465 -38.50479541616807,-3.7802009118737345 -38.50460614193216,-3.7802300401223787 -38.49892886004581,-3.7819239494694226 -38.49249306228285,-3.7836743743307637 -38.49221644519371,-3.7836888303821428 -38.4911536098225,-3.7838197685995634 -38.49089154249901,-3.7838488503398833 -38.49032371581441,-3.7839362248347608 -38.490032548937265,-3.7839360530788992 -38.48958120645244,-3.7839942592498854 -38.48722843601447,-3.7842570210327184 -38.486660558057714,-3.7844321016330333 -38.48600531213768,-3.7846363659116258 -38.48562677743267,-3.784665376711901 -38.485291926963974,-3.7846797958216603 -38.484520317875734,-3.7847085719021427 -38.4842873928902,-3.7846938148983815 -38.481084681388104,-3.7844872439030506 -38.480730035392355,-3.7843553672917873 -38.48014771096843,-3.784340398695728 -38.47963816130809,-3.784354710509383 -38.47576589457171,-3.7839430627941484 -38.474796184942484,-3.783913237583028 -38.47124409258103,-3.7836918004568423 -38.47035616091022,-3.7834866035390013 -38.469308302464384,-3.7829304730776174 -38.46856608001586,-3.78252071023332 -38.467809103931266,-3.7824325362431104 -38.46317073880753,-3.782502517379915 -38.462821295784224,-3.7825753906677413 -38.462515554412136,-3.7826044365889624 -38.46229716237281,-3.7826335372079045 -38.46011921378918,-3.782523098483736 -38.459649600709014,-3.7824111862992456 -38.4592099533939,-3.7821429907750606 -38.45891120795038,-3.7817647822892995 -38.45791135168346,-3.7800209757695793</coordinates>
                </LineString>
            </Placemark>
            <Placemark id="dt_mvw_sv_eixo_svb_l.fid--4079df0f_18eae1488d1_1efc">
                <ExtendedData>
                    <SchemaData schemaUrl="#dt_mvw_sv_eixo_svb_l_1">
                        <SimpleData name="id">897</SimpleData>
                        <SimpleData name="idoriginal">872</SimpleData>
                        <SimpleData name="classifvia">Via Arterial I</SimpleData>
                    </SchemaData>
                </ExtendedData>
                <LineString>
                    <coordinates>-38.51682360620916,-3.784565292419606 -38.51186156389579,-3.785526031572259</coordinates>
                </LineString>
            </Placemark>
            <Placemark id="dt_mvw_sv_eixo_svb_l.fid--4079df0f_18eae1488d1_1efd">
                <ExtendedData>
                    <SchemaData schemaUrl="#dt_mvw_sv_eixo_svb_l_1">
                        <SimpleData name="id">898</SimpleData>
                        <SimpleData name="idoriginal">873</SimpleData>
                        <SimpleData name="classifvia">Via Arterial I</SimpleData>
                    </SchemaData>
                </ExtendedData>
                <LineString>
                    <coordinates>-38.448404961403796,-3.8054595028933353 -38.444752115269395,-3.804923902319784 -38.44416086846168,-3.804841059919756 -38.443476722259376,-3.804997131021785 -38.443010512632576,-3.805202283933523 -38.44253854166036,-3.80552728190427 -38.44228829322686,-3.8057725239480327 -38.43941278308772,-3.8088047289714972 -38.439148919746465,-3.809043205987871 -38.43888720029933,-3.8091519659101256 -38.43858083051491,-3.809228657872891 -38.42520589253416,-3.81125662699206 -38.4246998151171,-3.811436553169824 -38.42425894663767,-3.81173123623222 -38.424046531224775,-3.8120916233039077 -38.423931923150626,-3.812632341269796 -38.42384880451482,-3.813950061350186 -38.423848553507014,-3.81432697910384 -38.4237177871611,-3.814621869938142 -38.421181164469395,-3.822658117485737 -38.42100136496429,-3.8230513008333955 -38.42072371424288,-3.8233297040204675 -38.419743988734886,-3.8239845481867065</coordinates>
                </LineString>
            </Placemark>
            <Placemark id="dt_mvw_sv_eixo_svb_l.fid--4079df0f_18eae1488d1_1efe">
                <ExtendedData>
                    <SchemaData schemaUrl="#dt_mvw_sv_eixo_svb_l_1">
                        <SimpleData name="id">899</SimpleData>
                        <SimpleData name="idoriginal">415</SimpleData>
                        <SimpleData name="classifvia">Via Arterial I</SimpleData>
                    </SchemaData>
                </ExtendedData>
                <LineString>
                    <coordinates>-38.5411202754889,-3.721572803517705 -38.534623399235876,-3.723698815917655</coordinates>
                </LineString>
            </Placemark>
            <Placemark id="dt_mvw_sv_eixo_svb_l.fid--4079df0f_18eae1488d1_1eff">
                <ExtendedData>
                    <SchemaData schemaUrl="#dt_mvw_sv_eixo_svb_l_1">
                        <SimpleData name="id">900</SimpleData>
                        <SimpleData name="idoriginal">457</SimpleData>
                        <SimpleData name="classifvia">Via Arterial I</SimpleData>
                    </SchemaData>
                </ExtendedData>
                <LineString>
                    <coordinates>-38.541242544306606,-3.7215135542144036 -38.54653726780544,-3.719792505745503</coordinates>
                </LineString>
            </Placemark>
            <Placemark id="dt_mvw_sv_eixo_svb_l.fid--4079df0f_18eae1488d1_1f00">
                <ExtendedData>
                    <SchemaData schemaUrl="#dt_mvw_sv_eixo_svb_l_1">
                        <SimpleData name="id">901</SimpleData>
                        <SimpleData name="idoriginal">492</SimpleData>
                        <SimpleData name="classifvia">Via Arterial I</SimpleData>
                    </SchemaData>
                </ExtendedData>
                <LineString>
                    <coordinates>-38.493186911819805,-3.7732204681889767 -38.493247267920296,-3.7733876577790197 -38.49390810210328,-3.775108031784413 -38.49437932206564,-3.7763392252624177 -38.49441024029537,-3.7764251212790434 -38.494433791858526,-3.776499167213156 -38.49471212847403,-3.777401695449736 -38.49474272635326,-3.777522514528534 -38.49476623901473,-3.7776575411552016 -38.49477088166946,-3.777787819700725 -38.49476608831424,-3.777918092260062 -38.494754239868996,-3.778010462720012 -38.494668967944364,-3.7785963385282164 -38.49465709891073,-3.778724238655794 -38.49465231163233,-3.7788426683030907 -38.49465932221805,-3.7789587360658956 -38.49467582923846,-3.7790734045750725 -38.49508345387767,-3.7818872120599853 -38.49509586041829,-3.782052499275508 -38.495089556899046,-3.782142458243851 -38.49507281563936,-3.7822658855348235 -38.4950498478643,-3.7823474658066543 -38.49487234154531,-3.7830076390966525</coordinates>
                </LineString>
            </Placemark>
            <Placemark id="dt_mvw_sv_eixo_svb_l.fid--4079df0f_18eae1488d1_1f01">
                <ExtendedData>
                    <SchemaData schemaUrl="#dt_mvw_sv_eixo_svb_l_1">
                        <SimpleData name="id">902</SimpleData>
                        <SimpleData name="idoriginal">503</SimpleData>
                        <SimpleData name="classifvia">Via Arterial I</SimpleData>
                    </SchemaData>
                </ExtendedData>
                <LineString>
                    <coordinates>-38.49209138881533,-3.7595573298742107 -38.49072404638284,-3.7612510736268736 -38.49065212188889,-3.7613319498066176 -38.49061071375703,-3.7613734783875863 -38.49057802504393,-3.7614018902514936 -38.48766871446694,-3.76386410093868</coordinates>
                </LineString>
            </Placemark>
            <Placemark id="dt_mvw_sv_eixo_svb_l.fid--4079df0f_18eae1488d1_1f02">
                <ExtendedData>
                    <SchemaData schemaUrl="#dt_mvw_sv_eixo_svb_l_1">
                        <SimpleData name="id">903</SimpleData>
                        <SimpleData name="idoriginal">117</SimpleData>
                        <SimpleData name="classifvia">Via Arterial I</SimpleData>
                    </SchemaData>
                </ExtendedData>
                <LineString>
                    <coordinates>-38.48834505685654,-3.7578301437020105 -38.48807850760207,-3.760216394100285 -38.487878208313404,-3.7620611038521306 -38.487674862317576,-3.7639345763997207 -38.48726192025107,-3.76887912683155 -38.487255812403895,-3.769024260512575 -38.4872768534378,-3.7690907940253195 -38.48789043881126,-3.7706947266264565</coordinates>
                </LineString>
            </Placemark>
            <Placemark id="dt_mvw_sv_eixo_svb_l.fid--4079df0f_18eae1488d1_1f03">
                <ExtendedData>
                    <SchemaData schemaUrl="#dt_mvw_sv_eixo_svb_l_1">
                        <SimpleData name="id">904</SimpleData>
                        <SimpleData name="idoriginal">874</SimpleData>
                        <SimpleData name="classifvia">Via Arterial I</SimpleData>
                    </SchemaData>
                </ExtendedData>
                <LineString>
                    <coordinates>-38.53329546455625,-3.8220344746867796 -38.53540151122917,-3.8214967235353163</coordinates>
                </LineString>
            </Placemark>
            <Placemark id="dt_mvw_sv_eixo_svb_l.fid--4079df0f_18eae1488d1_1f04">
                <ExtendedData>
                    <SchemaData schemaUrl="#dt_mvw_sv_eixo_svb_l_1">
                        <SimpleData name="id">908</SimpleData>
                        <SimpleData name="idoriginal">878</SimpleData>
                        <SimpleData name="classifvia">Via Coletora</SimpleData>
                    </SchemaData>
                </ExtendedData>
                <LineString>
                    <coordinates>-38.467141764896354,-3.832031622149997 -38.46680883170261,-3.8306947723704523 -38.46644120407682,-3.829388378065716 -38.4663201389263,-3.828900667625287 -38.46629479758177,-3.827825242889031</coordinates>
                </LineString>
            </Placemark>
            <Placemark id="dt_mvw_sv_eixo_svb_l.fid--4079df0f_18eae1488d1_1f05">
                <ExtendedData>
                    <SchemaData schemaUrl="#dt_mvw_sv_eixo_svb_l_1">
                        <SimpleData name="id">909</SimpleData>
                        <SimpleData name="idoriginal">879</SimpleData>
                        <SimpleData name="classifvia">Via Arterial I</SimpleData>
                    </SchemaData>
                </ExtendedData>
                <LineString>
                    <coordinates>-38.58227853160186,-3.757065177470334 -38.58282185567707,-3.75800058088651 -38.584423381933746,-3.7610267046740056 -38.587089806321366,-3.766122442250479 -38.58939218362769,-3.770633052491463 -38.58936465116368,-3.7707467662399776</coordinates>
                </LineString>
            </Placemark>
        </Folder>
    </Document>
</kml>
