{
  "features": [
    {
      "geometry": {
        "coordinates": [
          -38.5146380326,
          -3.9068252645
        ],
        "type": "Point"
      },
      "properties": {
        "arma": "",
        "bairro": "ANCURI",
        "cidade": "ITAITINGA",
        "data": "2026-06-23",
        "hora": "14:59:00",
        "id": "4448100.0",
        "idade": "",
        "local": "RUA S",
        "region": "rmf",
        "related_ids": [
          "4448100.0"
        ],
        "rua": "RUA S",
        "sexo": "",
        "tipo_evento": "HOMICIDIO DOLOSO",
        "vitimas": 1
      },
      "type": "Feature"
    },
    {
      "geometry": {
        "coordinates": [
          -38.6041502829,
          -3.7685296456
        ],
        "type": "Point"
      },
      "properties": {
        "arma": "",
        "bairro": "CONJUNTO CEARA I",
        "cidade": "FORTALEZA",
        "data": "2026-06-23",
        "hora": "17:17:00",
        "id": "4448086.0",
        "idade": "",
        "local": "AVENIDA A",
        "region": "fortaleza",
        "related_ids": [
          "4448086.0"
        ],
        "rua": "AVENIDA A",
        "sexo": "",
        "tipo_evento": "HOMICIDIO DOLOSO",
        "vitimas": 1
      },
      "type": "Feature"
    },
    {
      "geometry": {
        "coordinates": [
          -38.5711460039,
          -3.7234948777
        ],
        "type": "Point"
      },
      "properties": {
        "arma": "",
        "bairro": "FLORESTA",
        "cidade": "FORTALEZA",
        "data": "2026-06-23",
        "hora": "2:20:00",
        "id": "4449909.0",
        "idade": "",
        "local": "TRAVESSA VIA FÉRREA SOBRAL",
        "region": "fortaleza",
        "related_ids": [
          "4449909.0"
        ],
        "rua": "TRAVESSA VIA FÉRREA SOBRAL",
        "sexo": "",
        "tipo_evento": "HOMICIDIO DOLOSO",
        "vitimas": 1
      },
      "type": "Feature"
    },
    {
      "geometry": {
        "coordinates": [
          -39.340011775,
          -7.2355067626
        ],
        "type": "Point"
      },
      "properties": {
        "arma": "",
        "bairro": "",
        "cidade": "JUAZEIRO DO NORTE",
        "data": "2026-06-23",
        "hora": "7:34:00",
        "id": "4448128.0",
        "idade": "",
        "local": "MUTIRÃO",
        "region": "interior",
        "related_ids": [
          "4448128.0"
        ],
        "rua": "MUTIRÃO",
        "sexo": "",
        "tipo_evento": "HOMICIDIO DOLOSO",
        "vitimas": 1
      },
      "type": "Feature"
    },
    {
      "geometry": {
        "coordinates": [
          -38.527451275,
          -3.8148839962
        ],
        "type": "Point"
      },
      "properties": {
        "arma": "",
        "bairro": "PASSARE",
        "cidade": "FORTALEZA",
        "data": "2026-06-24",
        "hora": "16:01:00",
        "id": "4449341.0",
        "idade": "",
        "local": "RUA E",
        "region": "fortaleza",
        "related_ids": [
          "4449341.0"
        ],
        "rua": "RUA E",
        "sexo": "",
        "tipo_evento": "HOMICIDIO DOLOSO",
        "vitimas": 1
      },
      "type": "Feature"
    },
    {
      "geometry": {
        "coordinates": [
          -38.5035297327,
          -3.815554586
        ],
        "type": "Point"
      },
      "properties": {
        "arma": "",
        "bairro": "CAJAZEIRAS",
        "cidade": "FORTALEZA",
        "data": "2026-06-24",
        "hora": "18:06:00",
        "id": "4449334.0",
        "idade": "",
        "local": "RUA ESTUDANTE ANA KELLY",
        "region": "fortaleza",
        "related_ids": [
          "4449334.0"
        ],
        "rua": "RUA ESTUDANTE ANA KELLY",
        "sexo": "",
        "tipo_evento": "HOMICIDIO DOLOSO",
        "vitimas": 1
      },
      "type": "Feature"
    },
    {
      "geometry": {
        "coordinates": [
          -39.5543150327,
          -3.7389349602
        ],
        "type": "Point"
      },
      "properties": {
        "arma": "",
        "bairro": "ITAPAJE",
        "cidade": "ITAPAGE",
        "data": "2026-06-24",
        "hora": "20:30:00",
        "id": "4449946.0",
        "idade": "",
        "local": "RUA ABDON VIEIRA",
        "region": "interior",
        "related_ids": [
          "4449946.0"
        ],
        "rua": "RUA ABDON VIEIRA",
        "sexo": "",
        "tipo_evento": "HOMICIDIO DOLOSO",
        "vitimas": 1
      },
      "type": "Feature"
    },
    {
      "geometry": {
        "coordinates": [
          -39.4150168274,
          -7.2248511696
        ],
        "type": "Point"
      },
      "properties": {
        "arma": "",
        "bairro": "",
        "cidade": "CRATO",
        "data": "2026-06-24",
        "hora": "2:50:00",
        "id": "4449367.0",
        "idade": "",
        "local": "RUA JOSÉ DE SOUZA BRITO",
        "region": "interior",
        "related_ids": [
          "4449367.0"
        ],
        "rua": "RUA JOSÉ DE SOUZA BRITO",
        "sexo": "",
        "tipo_evento": "HOMICIDIO DOLOSO",
        "vitimas": 1
      },
      "type": "Feature"
    },
    {
      "geometry": {
        "coordinates": [
          -39.598607627,
          -3.493889763
        ],
        "type": "Point"
      },
      "properties": {
        "arma": "",
        "bairro": "",
        "cidade": "ITAPIPOCA",
        "data": "2026-06-24",
        "hora": "3:35:00",
        "id": "4449380.0",
        "idade": "",
        "local": "RUA VICENTE MOURA VIANA",
        "region": "rmf",
        "related_ids": [
          "4449380.0"
        ],
        "rua": "RUA VICENTE MOURA VIANA",
        "sexo": "",
        "tipo_evento": "HOMICIDIO DOLOSO",
        "vitimas": 1
      },
      "type": "Feature"
    },
    {
      "geometry": {
        "coordinates": [
          -39.3180147211,
          -7.2385339412
        ],
        "type": "Point"
      },
      "properties": {
        "arma": "",
        "bairro": "",
        "cidade": "JUAZEIRO DO NORTE",
        "data": "2026-06-24",
        "hora": "6:34:00",
        "id": "4449388.0",
        "idade": "",
        "local": "RUA DOUTOR BELÉM DE FIGUEREDO",
        "region": "interior",
        "related_ids": [
          "4449388.0"
        ],
        "rua": "RUA DOUTOR BELÉM DE FIGUEREDO",
        "sexo": "",
        "tipo_evento": "HOMICIDIO DOLOSO",
        "vitimas": 1
      },
      "type": "Feature"
    },
    {
      "geometry": {
        "coordinates": [
          -38.809648859,
          -4.3714358429
        ],
        "type": "Point"
      },
      "properties": {
        "arma": "",
        "bairro": "BATURITE",
        "cidade": "ARACOIABA",
        "data": "2026-06-25",
        "hora": "17:30:00",
        "id": "4449361.0",
        "idade": "",
        "local": "AVENIDA TIRADENTES",
        "region": "interior",
        "related_ids": [
          "4449361.0"
        ],
        "rua": "AVENIDA TIRADENTES",
        "sexo": "",
        "tipo_evento": "HOMICIDIO DOLOSO",
        "vitimas": 1
      },
      "type": "Feature"
    },
    {
      "geometry": {
        "coordinates": [
          -38.5007903885,
          -3.8608011826
        ],
        "type": "Point"
      },
      "properties": {
        "arma": "",
        "bairro": "ANCURI",
        "cidade": "FORTALEZA",
        "data": "2026-06-25",
        "hora": "8:14:00",
        "id": "4449337.0",
        "idade": "",
        "local": "TRAVESSA CAMPO VERDE",
        "region": "fortaleza",
        "related_ids": [
          "4449337.0"
        ],
        "rua": "TRAVESSA CAMPO VERDE",
        "sexo": "",
        "tipo_evento": "HOMICIDIO DOLOSO",
        "vitimas": 1
      },
      "type": "Feature"
    },
    {
      "geometry": {
        "coordinates": [
          -40.3559014615,
          -3.6975410898
        ],
        "type": "Point"
      },
      "properties": {
        "arma": "",
        "bairro": "",
        "cidade": "SOBRAL",
        "data": "2026-06-25",
        "hora": "8:20:00",
        "id": "4449420.0",
        "idade": "",
        "local": "RUA PINTOR LEMOS",
        "region": "interior",
        "related_ids": [
          "4449420.0"
        ],
        "rua": "RUA PINTOR LEMOS",
        "sexo": "",
        "tipo_evento": "HOMICIDIO DOLOSO",
        "vitimas": 1
      },
      "type": "Feature"
    },
    {
      "geometry": {
        "coordinates": [
          -41.1027042904,
          -3.6869174698
        ],
        "type": "Point"
      },
      "properties": {
        "arma": "",
        "bairro": "",
        "cidade": "VICOSA DO CEARA",
        "data": "2026-06-25",
        "hora": "9:30:00",
        "id": "4450005.0",
        "idade": "",
        "local": "RUA PROFESSOR JOSÉ FIRMINO DE OLIVEIRA",
        "region": "interior",
        "related_ids": [
          "4450005.0"
        ],
        "rua": "RUA PROFESSOR JOSÉ FIRMINO DE OLIVEIRA",
        "sexo": "",
        "tipo_evento": "HOMICIDIO DOLOSO",
        "vitimas": 1
      },
      "type": "Feature"
    },
    {
      "geometry": {
        "coordinates": [
          -39.7311218327,
          -5.1261110948
        ],
        "type": "Point"
      },
      "properties": {
        "arma": "",
        "bairro": "",
        "cidade": "BOA VIAGEM",
        "data": "2026-06-26",
        "hora": "15:30:00",
        "id": "4449362.0",
        "idade": "",
        "local": "RUA AGRONOMANDO RANGEL",
        "region": "interior",
        "related_ids": [
          "4449362.0"
        ],
        "rua": "RUA AGRONOMANDO RANGEL",
        "sexo": "",
        "tipo_evento": "HOMICIDIO DOLOSO",
        "vitimas": 1
      },
      "type": "Feature"
    },
    {
      "geometry": {
        "coordinates": [
          -38.3695759904,
          -4.1355621895
        ],
        "type": "Point"
      },
      "properties": {
        "arma": "",
        "bairro": "",
        "cidade": "CASCAVEL",
        "data": "2026-06-27",
        "hora": "18:00:00",
        "id": "4449324.0",
        "idade": "",
        "local": "ESTRADA ALAGADIÇO GRANDE",
        "region": "rmf",
        "related_ids": [
          "4449324.0"
        ],
        "rua": "ESTRADA ALAGADIÇO GRANDE",
        "sexo": "",
        "tipo_evento": "HOMICIDIO DOLOSO",
        "vitimas": 1
      },
      "type": "Feature"
    },
    {
      "geometry": {
        "coordinates": [
          -39.5790981615,
          -3.4884728607
        ],
        "type": "Point"
      },
      "properties": {
        "arma": "",
        "bairro": "",
        "cidade": "ITAPIPOCA",
        "data": "2026-06-28",
        "hora": "14:50:00",
        "id": "4449382.0",
        "idade": "",
        "local": "RUA OSVALDO CRUZ",
        "region": "rmf",
        "related_ids": [
          "4449382.0",
          "4449379.0"
        ],
        "rua": "RUA OSVALDO CRUZ",
        "sexo": "",
        "tipo_evento": "HOMICIDIO DOLOSO",
        "vitimas": 2
      },
      "type": "Feature"
    },
    {
      "geometry": {
        "coordinates": [
          -38.5752877327,
          -3.7161411963
        ],
        "type": "Point"
      },
      "properties": {
        "arma": "",
        "bairro": "FLORESTA",
        "cidade": "FORTALEZA",
        "data": "2026-06-28",
        "hora": "19:30:00",
        "id": "4449340.0",
        "idade": "",
        "local": "COMUNIDADE GRAÇA ARANHA",
        "region": "fortaleza",
        "related_ids": [
          "4449340.0"
        ],
        "rua": "COMUNIDADE GRAÇA ARANHA",
        "sexo": "",
        "tipo_evento": "HOMICIDIO DOLOSO",
        "vitimas": 1
      },
      "type": "Feature"
    },
    {
      "geometry": {
        "coordinates": [
          -39.7682966734,
          -5.1804154965
        ],
        "type": "Point"
      },
      "properties": {
        "arma": "",
        "bairro": "",
        "cidade": "BOA VIAGEM",
        "data": "2026-06-28",
        "hora": "3:10:00",
        "id": "4449365.0",
        "idade": "",
        "local": "FAZENDA VARZINHA",
        "region": "interior",
        "related_ids": [
          "4449365.0"
        ],
        "rua": "FAZENDA VARZINHA",
        "sexo": "",
        "tipo_evento": "HOMICIDIO DOLOSO",
        "vitimas": 1
      },
      "type": "Feature"
    },
    {
      "geometry": {
        "coordinates": [
          -38.4532333615,
          -5.4667634544
        ],
        "type": "Point"
      },
      "properties": {
        "arma": "",
        "bairro": "",
        "cidade": "JAGUARIBARA",
        "data": "2026-06-28",
        "hora": "3:30:00",
        "id": "4449386.0",
        "idade": "",
        "local": "RUA VL UM SETE",
        "region": "interior",
        "related_ids": [
          "4449386.0"
        ],
        "rua": "RUA VL UM SETE",
        "sexo": "",
        "tipo_evento": "HOMICIDIO DOLOSO",
        "vitimas": 1
      },
      "type": "Feature"
    },
    {
      "geometry": {
        "coordinates": [
          -39.3192955327,
          -7.2345774322
        ],
        "type": "Point"
      },
      "properties": {
        "arma": "",
        "bairro": "",
        "cidade": "JUAZEIRO DO NORTE",
        "data": "2026-06-28",
        "hora": "5:30:00",
        "id": "4449390.0",
        "idade": "",
        "local": "RUA SENHOR DO BONFIM",
        "region": "interior",
        "related_ids": [
          "4449390.0"
        ],
        "rua": "RUA SENHOR DO BONFIM",
        "sexo": "",
        "tipo_evento": "HOMICIDIO DOLOSO",
        "vitimas": 1
      },
      "type": "Feature"
    },
    {
      "geometry": {
        "coordinates": [
          -38.4513909155,
          -4.1613735138
        ],
        "type": "Point"
      },
      "properties": {
        "arma": "",
        "bairro": "",
        "cidade": "PACAJUS",
        "data": "2026-06-29",
        "hora": "13:00:00",
        "id": "4449920.0",
        "idade": "",
        "local": "RUA MARIA MENEZES MACHADO",
        "region": "rmf",
        "related_ids": [
          "4449920.0"
        ],
        "rua": "RUA MARIA MENEZES MACHADO",
        "sexo": "",
        "tipo_evento": "FEMINICÍDIO",
        "vitimas": 1
      },
      "type": "Feature"
    },
    {
      "geometry": {
        "coordinates": [
          -39.5857520333,
          -3.5093488413
        ],
        "type": "Point"
      },
      "properties": {
        "arma": "",
        "bairro": "",
        "cidade": "ITAPIPOCA",
        "data": "2026-06-29",
        "hora": "18:12:00",
        "id": "4449950.0",
        "idade": "",
        "local": "RUA MARIA VIDAL DOS SANTOS",
        "region": "rmf",
        "related_ids": [
          "4449950.0"
        ],
        "rua": "RUA MARIA VIDAL DOS SANTOS",
        "sexo": "",
        "tipo_evento": "HOMICIDIO DOLOSO",
        "vitimas": 1
      },
      "type": "Feature"
    },
    {
      "geometry": {
        "coordinates": [
          -37.9940150615,
          -4.9475932062
        ],
        "type": "Point"
      },
      "properties": {
        "arma": "",
        "bairro": "",
        "cidade": "RUSSAS",
        "data": "2026-06-29",
        "hora": "23:00:00",
        "id": "4449986.0",
        "idade": "",
        "local": "ESTRADA PARA PEIXES",
        "region": "interior",
        "related_ids": [
          "4449986.0"
        ],
        "rua": "ESTRADA PARA PEIXES",
        "sexo": "",
        "tipo_evento": "HOMICIDIO DOLOSO",
        "vitimas": 1
      },
      "type": "Feature"
    },
    {
      "geometry": {
        "coordinates": [
          -39.3348080038,
          -7.2339267321
        ],
        "type": "Point"
      },
      "properties": {
        "arma": "",
        "bairro": "",
        "cidade": "JUAZEIRO DO NORTE",
        "data": "2026-06-30",
        "hora": "0:00:00",
        "id": "4449960.0",
        "idade": "",
        "local": "RUA ENGENHEIRO JOSÉ WALTER",
        "region": "interior",
        "related_ids": [
          "4449960.0"
        ],
        "rua": "RUA ENGENHEIRO JOSÉ WALTER",
        "sexo": "",
        "tipo_evento": "HOMICIDIO DOLOSO",
        "vitimas": 1
      },
      "type": "Feature"
    },
    {
      "geometry": {
        "coordinates": [
          -38.562430975,
          -5.1370930663
        ],
        "type": "Point"
      },
      "properties": {
        "arma": "",
        "bairro": "",
        "cidade": "MORADA NOVA",
        "data": "2026-06-30",
        "hora": "8:00:00",
        "id": "4449968.0",
        "idade": "",
        "local": "ESTRADA VELHA DO JUAZEIRO",
        "region": "interior",
        "related_ids": [
          "4449968.0"
        ],
        "rua": "ESTRADA VELHA DO JUAZEIRO",
        "sexo": "",
        "tipo_evento": "HOMICIDIO DOLOSO",
        "vitimas": 1
      },
      "type": "Feature"
    },
    {
      "geometry": {
        "coordinates": [
          -40.483028975,
          -4.187056795
        ],
        "type": "Point"
      },
      "properties": {
        "arma": "",
        "bairro": "",
        "cidade": "VARJOTA",
        "data": "2026-07-01",
        "hora": "17:39:00",
        "id": "4450673.0",
        "idade": "",
        "local": "RUA SEBASTIÃO MAGALHÃES",
        "region": "interior",
        "related_ids": [
          "4450673.0"
        ],
        "rua": "RUA SEBASTIÃO MAGALHÃES",
        "sexo": "",
        "tipo_evento": "HOMICIDIO DOLOSO",
        "vitimas": 1
      },
      "type": "Feature"
    },
    {
      "geometry": {
        "coordinates": [
          -39.2687776818,
          -6.2583097788
        ],
        "type": "Point"
      },
      "properties": {
        "arma": "",
        "bairro": "",
        "cidade": "QUIXELO",
        "data": "2026-07-01",
        "hora": "19:00:00",
        "id": "4450665.0",
        "idade": "",
        "local": "RUA MANOEL VICTOR",
        "region": "interior",
        "related_ids": [
          "4450665.0"
        ],
        "rua": "RUA MANOEL VICTOR",
        "sexo": "",
        "tipo_evento": "HOMICIDIO DOLOSO",
        "vitimas": 1
      },
      "type": "Feature"
    },
    {
      "geometry": {
        "coordinates": [
          -39.2687776818,
          -6.2583097788
        ],
        "type": "Point"
      },
      "properties": {
        "arma": "",
        "bairro": "",
        "cidade": "QUIXELO",
        "data": "2026-07-01",
        "hora": "21:45:00",
        "id": "4450666.0",
        "idade": "",
        "local": "RUA MANOEL VICTOR",
        "region": "interior",
        "related_ids": [
          "4450666.0"
        ],
        "rua": "RUA MANOEL VICTOR",
        "sexo": "",
        "tipo_evento": "HOMICIDIO DOLOSO",
        "vitimas": 1
      },
      "type": "Feature"
    },
    {
      "geometry": {
        "coordinates": [
          -39.264875475,
          -5.9219909509
        ],
        "type": "Point"
      },
      "properties": {
        "arma": "",
        "bairro": "DEPUTADO IRAPUAN PINHEIRO",
        "cidade": "DEPUTADO IRAPUAN PINHEIRO",
        "data": "2026-07-01",
        "hora": "3:30:00",
        "id": "4450652.0",
        "idade": "",
        "local": "RUA RAIMUNDO ENEAS MOREIRA",
        "region": "interior",
        "related_ids": [
          "4450652.0"
        ],
        "rua": "RUA RAIMUNDO ENEAS MOREIRA",
        "sexo": "",
        "tipo_evento": "HOMICIDIO DOLOSO",
        "vitimas": 1
      },
      "type": "Feature"
    },
    {
      "geometry": {
        "coordinates": [
          -40.8837113615,
          -3.9264029851
        ],
        "type": "Point"
      },
      "properties": {
        "arma": "",
        "bairro": "",
        "cidade": "IBIAPINA",
        "data": "2026-07-02",
        "hora": "15:40:00",
        "id": "4450653.0",
        "idade": "",
        "local": "RUA DOUTOR JOSÉ AVELINO PORTELA",
        "region": "interior",
        "related_ids": [
          "4450653.0"
        ],
        "rua": "RUA DOUTOR JOSÉ AVELINO PORTELA",
        "sexo": "",
        "tipo_evento": "HOMICIDIO DOLOSO",
        "vitimas": 1
      },
      "type": "Feature"
    },
    {
      "geometry": {
        "coordinates": [
          -40.1189709422,
          -2.8978120459
        ],
        "type": "Point"
      },
      "properties": {
        "arma": "",
        "bairro": "",
        "cidade": "ACARAU",
        "data": "2026-07-03",
        "hora": "11:15:00",
        "id": "4450646.0",
        "idade": "",
        "local": "AVENIDA JOSÉ GIFFONE DA SILVEIRA",
        "region": "interior",
        "related_ids": [
          "4450646.0"
        ],
        "rua": "AVENIDA JOSÉ GIFFONE DA SILVEIRA",
        "sexo": "",
        "tipo_evento": "HOMICIDIO DOLOSO",
        "vitimas": 1
      },
      "type": "Feature"
    },
    {
      "geometry": {
        "coordinates": [
          -40.1729415467,
          -6.1650713846
        ],
        "type": "Point"
      },
      "properties": {
        "arma": "",
        "bairro": "",
        "cidade": "ARNEIROZ",
        "data": "2026-07-03",
        "hora": "14:00:00",
        "id": "4450647.0",
        "idade": "",
        "local": "UNNAMED ROAD",
        "region": "interior",
        "related_ids": [
          "4450647.0"
        ],
        "rua": "UNNAMED ROAD",
        "sexo": "",
        "tipo_evento": "HOMICIDIO DOLOSO",
        "vitimas": 1
      },
      "type": "Feature"
    },
    {
      "geometry": {
        "coordinates": [
          -38.4945987658,
          -3.7260029623
        ],
        "type": "Point"
      },
      "properties": {
        "arma": "",
        "bairro": "MEIRELES",
        "cidade": "FORTALEZA",
        "data": "2026-07-03",
        "hora": "1:30:00",
        "id": "4450635.0",
        "idade": "",
        "local": "AVENIDA BEIRA MAR",
        "region": "fortaleza",
        "related_ids": [
          "4450635.0"
        ],
        "rua": "AVENIDA BEIRA MAR",
        "sexo": "",
        "tipo_evento": "LESAO CORPORAL SEGUIDA DE MORTE",
        "vitimas": 1
      },
      "type": "Feature"
    },
    {
      "geometry": {
        "coordinates": [
          -40.7001697152,
          -6.2154148303
        ],
        "type": "Point"
      },
      "properties": {
        "arma": "",
        "bairro": "",
        "cidade": "PARAMBU",
        "data": "2026-07-04",
        "hora": "14:12:00",
        "id": "4450662.0",
        "idade": "",
        "local": "RUA ANTÔNIO DE MATOS",
        "region": "interior",
        "related_ids": [
          "4450662.0"
        ],
        "rua": "RUA ANTÔNIO DE MATOS",
        "sexo": "",
        "tipo_evento": "HOMICIDIO DOLOSO",
        "vitimas": 1
      },
      "type": "Feature"
    },
    {
      "geometry": {
        "coordinates": [
          -38.6082208586,
          -3.8291159112
        ],
        "type": "Point"
      },
      "properties": {
        "arma": "",
        "bairro": "BOM JARDIM",
        "cidade": "MARACANAU",
        "data": "2026-07-04",
        "hora": "18:00:00",
        "id": "4450644.0",
        "idade": "",
        "local": "RUA CÔNEGO DE CASTRO",
        "region": "rmf",
        "related_ids": [
          "4450644.0"
        ],
        "rua": "RUA CÔNEGO DE CASTRO",
        "sexo": "",
        "tipo_evento": "HOMICIDIO DOLOSO",
        "vitimas": 1
      },
      "type": "Feature"
    },
    {
      "geometry": {
        "coordinates": [
          -39.4255040096,
          -5.7990713203
        ],
        "type": "Point"
      },
      "properties": {
        "arma": "",
        "bairro": "",
        "cidade": "PIQUET CARNEIRO",
        "data": "2026-07-04",
        "hora": "1:45:00",
        "id": "4450664.0",
        "idade": "",
        "local": "RUA INÁCIO XANDOCA",
        "region": "interior",
        "related_ids": [
          "4450664.0"
        ],
        "rua": "RUA INÁCIO XANDOCA",
        "sexo": "",
        "tipo_evento": "HOMICIDIO DOLOSO",
        "vitimas": 1
      },
      "type": "Feature"
    },
    {
      "geometry": {
        "coordinates": [
          -38.4827479342,
          -4.0918197869
        ],
        "type": "Point"
      },
      "properties": {
        "arma": "",
        "bairro": "HORIZONTE",
        "cidade": "HORIZONTE",
        "data": "2026-07-04",
        "hora": "6:00:00",
        "id": "4450642.0",
        "idade": "",
        "local": "RUA JOSÉ ANSELMO DA CUNHA",
        "region": "rmf",
        "related_ids": [
          "4450642.0"
        ],
        "rua": "RUA JOSÉ ANSELMO DA CUNHA",
        "sexo": "",
        "tipo_evento": "FEMINICÍDIO",
        "vitimas": 1
      },
      "type": "Feature"
    },
    {
      "geometry": {
        "coordinates": [
          -40.6977563477,
          -6.2137822357
        ],
        "type": "Point"
      },
      "properties": {
        "arma": "",
        "bairro": "",
        "cidade": "PARAMBU",
        "data": "2026-07-04",
        "hora": "8:53:00",
        "id": "4450661.0",
        "idade": "",
        "local": "RUA SANTA ROSA",
        "region": "interior",
        "related_ids": [
          "4450661.0"
        ],
        "rua": "RUA SANTA ROSA",
        "sexo": "",
        "tipo_evento": "HOMICIDIO DOLOSO",
        "vitimas": 1
      },
      "type": "Feature"
    },
    {
      "geometry": {
        "coordinates": [
          -40.2880556038,
          -6.004989324
        ],
        "type": "Point"
      },
      "properties": {
        "arma": "",
        "bairro": "",
        "cidade": "TAUA",
        "data": "2026-07-05",
        "hora": "16:00:00",
        "id": "4450670.0",
        "idade": "",
        "local": "RUA ALFREDO FERREIRA VALE",
        "region": "interior",
        "related_ids": [
          "4450670.0",
          "4450669.0"
        ],
        "rua": "RUA ALFREDO FERREIRA VALE",
        "sexo": "",
        "tipo_evento": "HOMICIDIO DOLOSO",
        "vitimas": 2
      },
      "type": "Feature"
    },
    {
      "geometry": {
        "coordinates": [
          -39.3069658615,
          -4.3630342001
        ],
        "type": "Point"
      },
      "properties": {
        "arma": "",
        "bairro": "",
        "cidade": "CANINDE",
        "data": "2026-07-05",
        "hora": "17:00:00",
        "id": "4450649.0",
        "idade": "",
        "local": "RUA BARROS LEAL",
        "region": "interior",
        "related_ids": [
          "4450649.0"
        ],
        "rua": "RUA BARROS LEAL",
        "sexo": "",
        "tipo_evento": "HOMICIDIO DOLOSO",
        "vitimas": 1
      },
      "type": "Feature"
    },
    {
      "geometry": {
        "coordinates": [
          -38.4788578327,
          -3.8148532962
        ],
        "type": "Point"
      },
      "properties": {
        "arma": "",
        "bairro": "JOSE DE ALENCAR",
        "cidade": "FORTALEZA",
        "data": "2026-07-05",
        "hora": "19:24:00",
        "id": "4450636.0",
        "idade": "",
        "local": "RUA LUÍS ORIÁ",
        "region": "fortaleza",
        "related_ids": [
          "4450636.0"
        ],
        "rua": "RUA LUÍS ORIÁ",
        "sexo": "",
        "tipo_evento": "HOMICIDIO DOLOSO",
        "vitimas": 1
      },
      "type": "Feature"
    },
    {
      "geometry": {
        "coordinates": [
          -40.9171921415,
          -5.0574102728
        ],
        "type": "Point"
      },
      "properties": {
        "arma": "",
        "bairro": "",
        "cidade": "CRATEUS",
        "data": "2026-07-05",
        "hora": "1:30:00",
        "id": "4450651.0",
        "idade": "",
        "local": "RUA A",
        "region": "interior",
        "related_ids": [
          "4450651.0"
        ],
        "rua": "RUA A",
        "sexo": "",
        "tipo_evento": "HOMICIDIO DOLOSO",
        "vitimas": 1
      },
      "type": "Feature"
    },
    {
      "geometry": {
        "coordinates": [
          -40.700952575,
          -3.2403740266
        ],
        "type": "Point"
      },
      "properties": {
        "arma": "",
        "bairro": "",
        "cidade": "URUOCA",
        "data": "2026-07-06",
        "hora": "22:00:00",
        "id": "4450659.0",
        "idade": "",
        "local": "RUA RUFINO PEREIRA",
        "region": "interior",
        "related_ids": [
          "4450659.0"
        ],
        "rua": "RUA RUFINO PEREIRA",
        "sexo": "",
        "tipo_evento": "HOMICIDIO DOLOSO",
        "vitimas": 1
      },
      "type": "Feature"
    },
    {
      "geometry": {
        "coordinates": [
          -40.4752767469,
          -3.9527724731
        ],
        "type": "Point"
      },
      "properties": {
        "arma": "",
        "bairro": "CARIRE",
        "cidade": "CARIRE",
        "data": "2026-07-06",
        "hora": "4:10:00",
        "id": "4450650.0",
        "idade": "",
        "local": "RUA CEFISA AGUIAR",
        "region": "interior",
        "related_ids": [
          "4450650.0"
        ],
        "rua": "RUA CEFISA AGUIAR",
        "sexo": "",
        "tipo_evento": "HOMICIDIO DOLOSO",
        "vitimas": 1
      },
      "type": "Feature"
    },
    {
      "geometry": {
        "coordinates": [
          -39.3463889038,
          -6.4988462539
        ],
        "type": "Point"
      },
      "properties": {
        "arma": "",
        "bairro": "",
        "cidade": "IGUATU",
        "data": "2026-07-06",
        "hora": "6:00:00",
        "id": "4450655.0",
        "idade": "",
        "local": "SITIO BARRIGA",
        "region": "interior",
        "related_ids": [
          "4450655.0"
        ],
        "rua": "SITIO BARRIGA",
        "sexo": "",
        "tipo_evento": "HOMICIDIO DOLOSO",
        "vitimas": 1
      },
      "type": "Feature"
    },
    {
      "geometry": {
        "coordinates": [
          -39.354274756,
          -3.6792352726
        ],
        "type": "Point"
      },
      "properties": {
        "arma": "",
        "bairro": "UMIRIM",
        "cidade": "UMIRIM",
        "data": "2026-07-06",
        "hora": "8:40:00",
        "id": "4450671.0",
        "idade": "",
        "local": "RUA MAJOR ADELINO",
        "region": "interior",
        "related_ids": [
          "4450671.0",
          "4450672.0"
        ],
        "rua": "RUA MAJOR ADELINO",
        "sexo": "",
        "tipo_evento": "HOMICIDIO DOLOSO",
        "vitimas": 2
      },
      "type": "Feature"
    },
    {
      "geometry": {
        "coordinates": [
          -38.5278206327,
          -3.8369972722
        ],
        "type": "Point"
      },
      "properties": {
        "arma": "",
        "bairro": "CONJUNTO PALMEIRAS",
        "cidade": "FORTALEZA",
        "data": "2026-07-07",
        "hora": "11:24:00",
        "id": "4450641.0",
        "idade": "",
        "local": "RUA JOSÉ DO CRATO",
        "region": "fortaleza",
        "related_ids": [
          "4450641.0"
        ],
        "rua": "RUA JOSÉ DO CRATO",
        "sexo": "",
        "tipo_evento": "HOMICIDIO DOLOSO",
        "vitimas": 1
      },
      "type": "Feature"
    },
    {
      "geometry": {
        "coordinates": [
          -38.4736710327,
          -3.7875738854
        ],
        "type": "Point"
      },
      "properties": {
        "arma": "",
        "bairro": "EDSON QUEIROZ",
        "cidade": "FORTALEZA",
        "data": "2026-07-08",
        "hora": "10:00:00",
        "id": "4450637.0",
        "idade": "",
        "local": "RUA DOUTOR JURANDYR NUNES",
        "region": "fortaleza",
        "related_ids": [
          "4450637.0"
        ],
        "rua": "RUA DOUTOR JURANDYR NUNES",
        "sexo": "",
        "tipo_evento": "HOMICIDIO DOLOSO",
        "vitimas": 1
      },
      "type": "Feature"
    },
    {
      "geometry": {
        "coordinates": [
          -39.1404818847,
          -7.2483839822
        ],
        "type": "Point"
      },
      "properties": {
        "arma": "",
        "bairro": "",
        "cidade": "MISSAO VELHA",
        "data": "2026-07-08",
        "hora": "12:30:00",
        "id": "4450660.0",
        "idade": "",
        "local": "AVENIDA JOSÉ SOBREIRA DA CRUZ",
        "region": "interior",
        "related_ids": [
          "4450660.0"
        ],
        "rua": "AVENIDA JOSÉ SOBREIRA DA CRUZ",
        "sexo": "",
        "tipo_evento": "FEMINICÍDIO",
        "vitimas": 1
      },
      "type": "Feature"
    },
    {
      "geometry": {
        "coordinates": [
          -39.4536611904,
          -4.1713760929
        ],
        "type": "Point"
      },
      "properties": {
        "arma": "",
        "bairro": "",
        "cidade": "PARAMOTI",
        "data": "2026-07-08",
        "hora": "18:30:00",
        "id": "4456864.0",
        "idade": "",
        "local": "UNNAMED ROAD",
        "region": "interior",
        "related_ids": [
          "4456864.0"
        ],
        "rua": "UNNAMED ROAD",
        "sexo": "",
        "tipo_evento": "HOMICIDIO DOLOSO",
        "vitimas": 1
      },
      "type": "Feature"
    },
    {
      "geometry": {
        "coordinates": [
          -39.277030675,
          -7.2996521508
        ],
        "type": "Point"
      },
      "properties": {
        "arma": "",
        "bairro": "",
        "cidade": "BARBALHA",
        "data": "2026-07-08",
        "hora": "19:10:00",
        "id": "4450648.0",
        "idade": "",
        "local": "RUA P-07",
        "region": "interior",
        "related_ids": [
          "4450648.0"
        ],
        "rua": "RUA P-07",
        "sexo": "",
        "tipo_evento": "HOMICIDIO DOLOSO",
        "vitimas": 1
      },
      "type": "Feature"
    },
    {
      "geometry": {
        "coordinates": [
          -40.8894350955,
          -3.9317808801
        ],
        "type": "Point"
      },
      "properties": {
        "arma": "",
        "bairro": "",
        "cidade": "IBIAPINA",
        "data": "2026-07-08",
        "hora": "19:30:00",
        "id": "4450654.0",
        "idade": "",
        "local": "RUA DONA FILISMINA",
        "region": "interior",
        "related_ids": [
          "4450654.0"
        ],
        "rua": "RUA DONA FILISMINA",
        "sexo": "",
        "tipo_evento": "HOMICIDIO DOLOSO",
        "vitimas": 1
      },
      "type": "Feature"
    },
    {
      "geometry": {
        "coordinates": [
          -38.0746856347,
          -5.0973847849
        ],
        "type": "Point"
      },
      "properties": {
        "arma": "",
        "bairro": "",
        "cidade": "LIMOEIRO DO NORTE",
        "data": "2026-07-08",
        "hora": "20:30:00",
        "id": "4450658.0",
        "idade": "",
        "local": "CE-358",
        "region": "interior",
        "related_ids": [
          "4450658.0"
        ],
        "rua": "CE-358",
        "sexo": "",
        "tipo_evento": "HOMICIDIO DOLOSO",
        "vitimas": 1
      },
      "type": "Feature"
    },
    {
      "geometry": {
        "coordinates": [
          -40.3415047871,
          -3.6916438995
        ],
        "type": "Point"
      },
      "properties": {
        "arma": "",
        "bairro": "",
        "cidade": "SOBRAL",
        "data": "2026-07-08",
        "hora": "20:50:00",
        "id": "4450668.0",
        "idade": "",
        "local": "RUA VEREADOR FRANCISCO FELIX PORTO",
        "region": "interior",
        "related_ids": [
          "4450668.0"
        ],
        "rua": "RUA VEREADOR FRANCISCO FELIX PORTO",
        "sexo": "",
        "tipo_evento": "HOMICIDIO DOLOSO",
        "vitimas": 1
      },
      "type": "Feature"
    },
    {
      "geometry": {
        "coordinates": [
          -39.5465973274,
          -3.7351704928
        ],
        "type": "Point"
      },
      "properties": {
        "arma": "",
        "bairro": "ITAPAJE",
        "cidade": "ITAPAGE",
        "data": "2026-07-08",
        "hora": "22:00:00",
        "id": "4450656.0",
        "idade": "",
        "local": "PADRE LIMA",
        "region": "interior",
        "related_ids": [
          "4450656.0"
        ],
        "rua": "PADRE LIMA",
        "sexo": "",
        "tipo_evento": "HOMICIDIO DOLOSO",
        "vitimas": 1
      },
      "type": "Feature"
    },
    {
      "geometry": {
        "coordinates": [
          -38.6172242904,
          -3.7972478698
        ],
        "type": "Point"
      },
      "properties": {
        "arma": "",
        "bairro": "GRANJA LISBOA",
        "cidade": "FORTALEZA",
        "data": "2026-07-08",
        "hora": "23:45:00",
        "id": "4450638.0",
        "idade": "",
        "local": "RUA NS 03",
        "region": "fortaleza",
        "related_ids": [
          "4450638.0"
        ],
        "rua": "RUA NS 03",
        "sexo": "",
        "tipo_evento": "HOMICIDIO DOLOSO",
        "vitimas": 1
      },
      "type": "Feature"
    },
    {
      "geometry": {
        "coordinates": [
          -40.5622001615,
          -4.0711646906
        ],
        "type": "Point"
      },
      "properties": {
        "arma": "",
        "bairro": "",
        "cidade": "RERIUTABA",
        "data": "2026-07-09",
        "hora": "10:30:00",
        "id": "4450667.0",
        "idade": "",
        "local": "UNNAMED ROAD",
        "region": "interior",
        "related_ids": [
          "4450667.0"
        ],
        "rua": "UNNAMED ROAD",
        "sexo": "",
        "tipo_evento": "HOMICIDIO DOLOSO",
        "vitimas": 1
      },
      "type": "Feature"
    },
    {
      "geometry": {
        "coordinates": [
          -38.7531524327,
          -3.6401304676
        ],
        "type": "Point"
      },
      "properties": {
        "arma": "",
        "bairro": "",
        "cidade": "CAUCAIA",
        "data": "2026-07-09",
        "hora": "14:15:00",
        "id": "4450633.0",
        "idade": "",
        "local": "CE-090",
        "region": "rmf",
        "related_ids": [
          "4450633.0"
        ],
        "rua": "CE-090",
        "sexo": "",
        "tipo_evento": "HOMICIDIO DOLOSO",
        "vitimas": 1
      },
      "type": "Feature"
    },
    {
      "geometry": {
        "coordinates": [
          -38.5808313175,
          -3.8558217053
        ],
        "type": "Point"
      },
      "properties": {
        "arma": "",
        "bairro": "CANINDEZINHO",
        "cidade": "MARACANAU",
        "data": "2026-07-09",
        "hora": "19:41:00",
        "id": "4450643.0",
        "idade": "",
        "local": "RUA SÃO LUCAS",
        "region": "rmf",
        "related_ids": [
          "4450643.0"
        ],
        "rua": "RUA SÃO LUCAS",
        "sexo": "",
        "tipo_evento": "HOMICIDIO DOLOSO",
        "vitimas": 1
      },
      "type": "Feature"
    },
    {
      "geometry": {
        "coordinates": [
          -39.2997085462,
          -7.2443661336
        ],
        "type": "Point"
      },
      "properties": {
        "arma": "",
        "bairro": "",
        "cidade": "JUAZEIRO DO NORTE",
        "data": "2026-07-09",
        "hora": "1:00:00",
        "id": "4450657.0",
        "idade": "",
        "local": "AVENIDA PLÁCIDO ADERALDO CASTELO",
        "region": "interior",
        "related_ids": [
          "4450657.0"
        ],
        "rua": "AVENIDA PLÁCIDO ADERALDO CASTELO",
        "sexo": "",
        "tipo_evento": "HOMICIDIO DOLOSO",
        "vitimas": 1
      },
      "type": "Feature"
    },
    {
      "geometry": {
        "coordinates": [
          -38.583878175,
          -3.8583118871
        ],
        "type": "Point"
      },
      "properties": {
        "arma": "",
        "bairro": "CANINDEZINHO",
        "cidade": "MARACANAU",
        "data": "2026-07-09",
        "hora": "20:19:00",
        "id": "4450645.0",
        "idade": "",
        "local": "RUA JOSÉ DO VALE",
        "region": "rmf",
        "related_ids": [
          "4450645.0"
        ],
        "rua": "RUA JOSÉ DO VALE",
        "sexo": "",
        "tipo_evento": "HOMICIDIO DOLOSO",
        "vitimas": 1
      },
      "type": "Feature"
    },
    {
      "geometry": {
        "coordinates": [
          -38.7599391046,
          -3.6381159053
        ],
        "type": "Point"
      },
      "properties": {
        "arma": "",
        "bairro": "",
        "cidade": "CAUCAIA",
        "data": "2026-07-09",
        "hora": "23:00:00",
        "id": "4450634.0",
        "idade": "",
        "local": "RUA PRINCIPAL DA LAGOA DO BANANA",
        "region": "rmf",
        "related_ids": [
          "4450634.0"
        ],
        "rua": "RUA PRINCIPAL DA LAGOA DO BANANA",
        "sexo": "",
        "tipo_evento": "HOMICIDIO DOLOSO",
        "vitimas": 1
      },
      "type": "Feature"
    },
    {
      "geometry": {
        "coordinates": [
          -39.7260399982,
          -5.1112655327
        ],
        "type": "Point"
      },
      "properties": {
        "arma": "",
        "bairro": "",
        "cidade": "BOA VIAGEM",
        "data": "2026-07-10",
        "hora": "18:10:00",
        "id": "4453137.0",
        "idade": "",
        "local": "RUA DAVID CAPISTRANO",
        "region": "interior",
        "related_ids": [
          "4453137.0"
        ],
        "rua": "RUA DAVID CAPISTRANO",
        "sexo": "",
        "tipo_evento": "HOMICIDIO DOLOSO",
        "vitimas": 1
      },
      "type": "Feature"
    },
    {
      "geometry": {
        "coordinates": [
          -40.3008011189,
          -5.3888461689
        ],
        "type": "Point"
      },
      "properties": {
        "arma": "",
        "bairro": "",
        "cidade": "INDEPENDENCIA",
        "data": "2026-07-10",
        "hora": "7:00:00",
        "id": "4453147.0",
        "idade": "",
        "local": "AVENIDA JERÔNIMO ALVES",
        "region": "interior",
        "related_ids": [
          "4453147.0"
        ],
        "rua": "AVENIDA JERÔNIMO ALVES",
        "sexo": "",
        "tipo_evento": "HOMICIDIO DOLOSO",
        "vitimas": 1
      },
      "type": "Feature"
    },
    {
      "geometry": {
        "coordinates": [
          -40.6307970656,
          -4.3312733217
        ],
        "type": "Point"
      },
      "properties": {
        "arma": "",
        "bairro": "",
        "cidade": "IPU",
        "data": "2026-07-10",
        "hora": "9:00:00",
        "id": "4453150.0",
        "idade": "",
        "local": "ESTRADA IPÚ A BONITO",
        "region": "interior",
        "related_ids": [
          "4453150.0"
        ],
        "rua": "ESTRADA IPÚ A BONITO",
        "sexo": "",
        "tipo_evento": "HOMICIDIO DOLOSO",
        "vitimas": 1
      },
      "type": "Feature"
    },
    {
      "geometry": {
        "coordinates": [
          -39.4180512447,
          -5.8079846129
        ],
        "type": "Point"
      },
      "properties": {
        "arma": "",
        "bairro": "",
        "cidade": "PIQUET CARNEIRO",
        "data": "2026-07-11",
        "hora": "13:30:00",
        "id": "4495080.0",
        "idade": "",
        "local": "RUA COSMA MARIA DA CONCEIÇÃO",
        "region": "interior",
        "related_ids": [
          "4495080.0"
        ],
        "rua": "RUA COSMA MARIA DA CONCEIÇÃO",
        "sexo": "",
        "tipo_evento": "HOMICIDIO DOLOSO",
        "vitimas": 1
      },
      "type": "Feature"
    },
    {
      "geometry": {
        "coordinates": [
          -38.6535927904,
          -3.8592966646
        ],
        "type": "Point"
      },
      "properties": {
        "arma": "",
        "bairro": "MARACANAU",
        "cidade": "MARACANAU",
        "data": "2026-07-11",
        "hora": "17:55:00",
        "id": "4453175.0",
        "idade": "",
        "local": "RUA PEDRO ALVES DA CUNHA",
        "region": "rmf",
        "related_ids": [
          "4453175.0"
        ],
        "rua": "RUA PEDRO ALVES DA CUNHA",
        "sexo": "",
        "tipo_evento": "FEMINICÍDIO",
        "vitimas": 1
      },
      "type": "Feature"
    },
    {
      "geometry": {
        "coordinates": [
          -41.1491774327,
          -3.6344015673
        ],
        "type": "Point"
      },
      "properties": {
        "arma": "",
        "bairro": "",
        "cidade": "VICOSA DO CEARA",
        "data": "2026-07-11",
        "hora": "2:00:00",
        "id": "4453168.0",
        "idade": "",
        "local": "SITIO VAMBIRA",
        "region": "interior",
        "related_ids": [
          "4453168.0"
        ],
        "rua": "SITIO VAMBIRA",
        "sexo": "",
        "tipo_evento": "HOMICIDIO DOLOSO",
        "vitimas": 1
      },
      "type": "Feature"
    },
    {
      "geometry": {
        "coordinates": [
          -38.182085875,
          -5.0514573206
        ],
        "type": "Point"
      },
      "properties": {
        "arma": "",
        "bairro": "",
        "cidade": "LIMOEIRO DO NORTE",
        "data": "2026-07-11",
        "hora": "7:23:00",
        "id": "4453154.0",
        "idade": "",
        "local": "CAMINHO DA FAIXA",
        "region": "interior",
        "related_ids": [
          "4453154.0"
        ],
        "rua": "CAMINHO DA FAIXA",
        "sexo": "",
        "tipo_evento": "HOMICIDIO DOLOSO",
        "vitimas": 1
      },
      "type": "Feature"
    },
    {
      "geometry": {
        "coordinates": [
          -38.0641250038,
          -5.5977139614
        ],
        "type": "Point"
      },
      "properties": {
        "arma": "",
        "bairro": "",
        "cidade": "ALTO SANTO",
        "data": "2026-07-11",
        "hora": "9:20:00",
        "id": "4453134.0",
        "idade": "",
        "local": "ESTRADA RECREIO",
        "region": "interior",
        "related_ids": [
          "4453134.0"
        ],
        "rua": "ESTRADA RECREIO",
        "sexo": "",
        "tipo_evento": "HOMICIDIO DOLOSO",
        "vitimas": 1
      },
      "type": "Feature"
    },
    {
      "geometry": {
        "coordinates": [
          -39.2574443551,
          -6.2194078362
        ],
        "type": "Point"
      },
      "properties": {
        "arma": "",
        "bairro": "",
        "cidade": "QUIXELO",
        "data": "2026-07-12",
        "hora": "13:55:00",
        "id": "4453162.0",
        "idade": "",
        "local": "UNNAMED ROAD",
        "region": "interior",
        "related_ids": [
          "4453162.0"
        ],
        "rua": "UNNAMED ROAD",
        "sexo": "",
        "tipo_evento": "HOMICIDIO DOLOSO",
        "vitimas": 1
      },
      "type": "Feature"
    },
    {
      "geometry": {
        "coordinates": [
          -39.5655556039,
          -3.0883332969
        ],
        "type": "Point"
      },
      "properties": {
        "arma": "",
        "bairro": "",
        "cidade": "AMONTADA",
        "data": "2026-07-12",
        "hora": "4:20:00",
        "id": "4453135.0",
        "idade": "",
        "local": "RUA DO CEMITÉRIO",
        "region": "interior",
        "related_ids": [
          "4453135.0"
        ],
        "rua": "RUA DO CEMITÉRIO",
        "sexo": "",
        "tipo_evento": "HOMICIDIO DOLOSO",
        "vitimas": 1
      },
      "type": "Feature"
    },
    {
      "geometry": {
        "coordinates": [
          -38.4799120826,
          -3.8188360024
        ],
        "type": "Point"
      },
      "properties": {
        "arma": "",
        "bairro": "JOSE DE ALENCAR",
        "cidade": "FORTALEZA",
        "data": "2026-07-13",
        "hora": "18:47:00",
        "id": "4453125.0",
        "idade": "",
        "local": "RUA NENEN ARRUDA",
        "region": "fortaleza",
        "related_ids": [
          "4453125.0"
        ],
        "rua": "RUA NENEN ARRUDA",
        "sexo": "",
        "tipo_evento": "HOMICIDIO DOLOSO",
        "vitimas": 1
      },
      "type": "Feature"
    },
    {
      "geometry": {
        "coordinates": [
          -39.4622232211,
          -6.0999613728
        ],
        "type": "Point"
      },
      "properties": {
        "arma": "",
        "bairro": "ACOPIARA",
        "cidade": "ACOPIARA",
        "data": "2026-07-14",
        "hora": "18:50:00",
        "id": "4453133.0",
        "idade": "",
        "local": "AVENIDA JOSÉ DE MORAIS PINHO",
        "region": "interior",
        "related_ids": [
          "4453133.0"
        ],
        "rua": "AVENIDA JOSÉ DE MORAIS PINHO",
        "sexo": "",
        "tipo_evento": "HOMICIDIO DOLOSO",
        "vitimas": 1
      },
      "type": "Feature"
    },
    {
      "geometry": {
        "coordinates": [
          -38.7375000038,
          -6.8471902362
        ],
        "type": "Point"
      },
      "properties": {
        "arma": "",
        "bairro": "IPAUMIRIM",
        "cidade": "IPAUMIRIM",
        "data": "2026-07-14",
        "hora": "1:29:00",
        "id": "4453149.0",
        "idade": "",
        "local": "RUA GERVINA",
        "region": "interior",
        "related_ids": [
          "4453149.0",
          "4453148.0"
        ],
        "rua": "RUA GERVINA",
        "sexo": "",
        "tipo_evento": "HOMICIDIO DOLOSO",
        "vitimas": 2
      },
      "type": "Feature"
    },
    {
      "geometry": {
        "coordinates": [
          -39.706655975,
          -5.1233119229
        ],
        "type": "Point"
      },
      "properties": {
        "arma": "",
        "bairro": "",
        "cidade": "BOA VIAGEM",
        "data": "2026-07-14",
        "hora": "20:00:00",
        "id": "4453138.0",
        "idade": "",
        "local": "UNNAMED ROAD",
        "region": "interior",
        "related_ids": [
          "4453138.0"
        ],
        "rua": "UNNAMED ROAD",
        "sexo": "",
        "tipo_evento": "HOMICIDIO DOLOSO",
        "vitimas": 1
      },
      "type": "Feature"
    },
    {
      "geometry": {
        "coordinates": [
          -38.5630877904,
          -3.7049892898
        ],
        "type": "Point"
      },
      "properties": {
        "arma": "",
        "bairro": "CIRSTO REDENTOR",
        "cidade": "FORTALEZA",
        "data": "2026-07-14",
        "hora": "6:50:00",
        "id": "4453171.0",
        "idade": "",
        "local": "RUA SANTA ELISA",
        "region": "fortaleza",
        "related_ids": [
          "4453171.0"
        ],
        "rua": "RUA SANTA ELISA",
        "sexo": "",
        "tipo_evento": "HOMICIDIO DOLOSO",
        "vitimas": 1
      },
      "type": "Feature"
    },
    {
      "geometry": {
        "coordinates": [
          -39.416903248,
          -7.2313994383
        ],
        "type": "Point"
      },
      "properties": {
        "arma": "",
        "bairro": "",
        "cidade": "CRATO",
        "data": "2026-07-15",
        "hora": "15:20:00",
        "id": "4453142.0",
        "idade": "",
        "local": "RUA DOUTOR JOSÉ NILO",
        "region": "interior",
        "related_ids": [
          "4453142.0"
        ],
        "rua": "RUA DOUTOR JOSÉ NILO",
        "sexo": "",
        "tipo_evento": "HOMICIDIO DOLOSO",
        "vitimas": 1
      },
      "type": "Feature"
    },
    {
      "geometry": {
        "coordinates": [
          -40.7120937888,
          -4.5242718749
        ],
        "type": "Point"
      },
      "properties": {
        "arma": "",
        "bairro": "",
        "cidade": "IPUEIRAS",
        "data": "2026-07-15",
        "hora": "19:00:00",
        "id": "4453151.0",
        "idade": "",
        "local": "RUA AUDÁLIO LEITE MOREIRA",
        "region": "interior",
        "related_ids": [
          "4453151.0"
        ],
        "rua": "RUA AUDÁLIO LEITE MOREIRA",
        "sexo": "",
        "tipo_evento": "HOMICIDIO DOLOSO",
        "vitimas": 1
      },
      "type": "Feature"
    },
    {
      "geometry": {
        "coordinates": [
          -38.8868030387,
          -4.3300685295
        ],
        "type": "Point"
      },
      "properties": {
        "arma": "",
        "bairro": "BATURITE",
        "cidade": "BATURITE",
        "data": "2026-07-16",
        "hora": "18:45:00",
        "id": "4453136.0",
        "idade": "",
        "local": "TRAVESSA DOUTOR JOÃO RAMOS",
        "region": "interior",
        "related_ids": [
          "4453136.0"
        ],
        "rua": "TRAVESSA DOUTOR JOÃO RAMOS",
        "sexo": "",
        "tipo_evento": "HOMICIDIO DOLOSO",
        "vitimas": 1
      },
      "type": "Feature"
    },
    {
      "geometry": {
        "coordinates": [
          -38.4937541691,
          -3.8294905637
        ],
        "type": "Point"
      },
      "properties": {
        "arma": "",
        "bairro": "MESSEJANA",
        "cidade": "FORTALEZA",
        "data": "2026-07-16",
        "hora": "2:10:00",
        "id": "4453127.0",
        "idade": "",
        "local": "RUA PADRE PEDRO DE ALENCAR",
        "region": "fortaleza",
        "related_ids": [
          "4453127.0"
        ],
        "rua": "RUA PADRE PEDRO DE ALENCAR",
        "sexo": "",
        "tipo_evento": "HOMICIDIO DOLOSO",
        "vitimas": 1
      },
      "type": "Feature"
    },
    {
      "geometry": {
        "coordinates": [
          -39.7644112119,
          -3.5691568258
        ],
        "type": "Point"
      },
      "properties": {
        "arma": "",
        "bairro": "",
        "cidade": "ITAPIPOCA",
        "data": "2026-07-16",
        "hora": "9:59:00",
        "id": "4453157.0",
        "idade": "",
        "local": "RUA MARIA COELHO RODRIGUES",
        "region": "rmf",
        "related_ids": [
          "4453157.0"
        ],
        "rua": "RUA MARIA COELHO RODRIGUES",
        "sexo": "",
        "tipo_evento": "HOMICIDIO DOLOSO",
        "vitimas": 1
      },
      "type": "Feature"
    },
    {
      "geometry": {
        "coordinates": [
          -40.3658333054,
          -3.6919122766
        ],
        "type": "Point"
      },
      "properties": {
        "arma": "",
        "bairro": "",
        "cidade": "SOBRAL",
        "data": "2026-07-17",
        "hora": "17:40:00",
        "id": "4456874.0",
        "idade": "",
        "local": "AVENIDA SENADOR JOSÉ ERMÍRIO DE MORAES",
        "region": "interior",
        "related_ids": [
          "4456874.0"
        ],
        "rua": "AVENIDA SENADOR JOSÉ ERMÍRIO DE MORAES",
        "sexo": "",
        "tipo_evento": "HOMICIDIO DOLOSO",
        "vitimas": 1
      },
      "type": "Feature"
    },
    {
      "geometry": {
        "coordinates": [
          -40.9104543537,
          -3.9200160515
        ],
        "type": "Point"
      },
      "properties": {
        "arma": "",
        "bairro": "",
        "cidade": "IBIAPINA",
        "data": "2026-07-17",
        "hora": "19:00:00",
        "id": "4456842.0",
        "idade": "",
        "local": "ESTRADA BETÂNIA",
        "region": "interior",
        "related_ids": [
          "4456842.0"
        ],
        "rua": "ESTRADA BETÂNIA",
        "sexo": "",
        "tipo_evento": "HOMICIDIO DOLOSO",
        "vitimas": 1
      },
      "type": "Feature"
    },
    {
      "geometry": {
        "coordinates": [
          -40.9361687844,
          -4.0441586767
        ],
        "type": "Point"
      },
      "properties": {
        "arma": "",
        "bairro": "SAO BENEDITO",
        "cidade": "SAO BENEDITO",
        "data": "2026-07-17",
        "hora": "22:00:00",
        "id": "4456873.0",
        "idade": "",
        "local": "ESTRADA BARREIROS",
        "region": "interior",
        "related_ids": [
          "4456873.0"
        ],
        "rua": "ESTRADA BARREIROS",
        "sexo": "",
        "tipo_evento": "HOMICIDIO DOLOSO",
        "vitimas": 1
      },
      "type": "Feature"
    },
    {
      "geometry": {
        "coordinates": [
          -39.3427885342,
          -7.2313888928
        ],
        "type": "Point"
      },
      "properties": {
        "arma": "",
        "bairro": "",
        "cidade": "JUAZEIRO DO NORTE",
        "data": "2026-07-18",
        "hora": "12:00:00",
        "id": "4456854.0",
        "idade": "",
        "local": "RUA FRANCISCA DUARTE GOUVEIA",
        "region": "interior",
        "related_ids": [
          "4456854.0"
        ],
        "rua": "RUA FRANCISCA DUARTE GOUVEIA",
        "sexo": "",
        "tipo_evento": "HOMICIDIO DOLOSO",
        "vitimas": 1
      },
      "type": "Feature"
    },
    {
      "geometry": {
        "coordinates": [
          -39.5858654919,
          -3.679177403
        ],
        "type": "Point"
      },
      "properties": {
        "arma": "",
        "bairro": "",
        "cidade": "ITAPAGE",
        "data": "2026-07-18",
        "hora": "14:00:00",
        "id": "4456850.0",
        "idade": "",
        "local": "RUA MANOEL PINTO",
        "region": "interior",
        "related_ids": [
          "4456850.0"
        ],
        "rua": "RUA MANOEL PINTO",
        "sexo": "",
        "tipo_evento": "HOMICIDIO DOLOSO",
        "vitimas": 1
      },
      "type": "Feature"
    },
    {
      "geometry": {
        "coordinates": [
          -37.9711553824,
          -5.1002665348
        ],
        "type": "Point"
      },
      "properties": {
        "arma": "",
        "bairro": "",
        "cidade": "QUIXERE",
        "data": "2026-07-18",
        "hora": "14:10:00",
        "id": "4456871.0",
        "idade": "",
        "local": "CE-266",
        "region": "interior",
        "related_ids": [
          "4456871.0"
        ],
        "rua": "CE-266",
        "sexo": "",
        "tipo_evento": "HOMICIDIO DOLOSO",
        "vitimas": 1
      },
      "type": "Feature"
    },
    {
      "geometry": {
        "coordinates": [
          -39.419885763,
          -7.2393351762
        ],
        "type": "Point"
      },
      "properties": {
        "arma": "",
        "bairro": "",
        "cidade": "CRATO",
        "data": "2026-07-18",
        "hora": "21:10:00",
        "id": "4456838.0",
        "idade": "",
        "local": "RUA CÍCERO PINHEIRO",
        "region": "interior",
        "related_ids": [
          "4456838.0"
        ],
        "rua": "RUA CÍCERO PINHEIRO",
        "sexo": "",
        "tipo_evento": "HOMICIDIO DOLOSO",
        "vitimas": 1
      },
      "type": "Feature"
    },
    {
      "geometry": {
        "coordinates": [
          -39.2986826919,
          -7.3262539039
        ],
        "type": "Point"
      },
      "properties": {
        "arma": "",
        "bairro": "",
        "cidade": "BARBALHA",
        "data": "2026-07-18",
        "hora": "23:30:00",
        "id": "4456827.0",
        "idade": "",
        "local": "RUA ZUCA SAMPAIO",
        "region": "interior",
        "related_ids": [
          "4456827.0"
        ],
        "rua": "RUA ZUCA SAMPAIO",
        "sexo": "",
        "tipo_evento": "HOMICIDIO DOLOSO",
        "vitimas": 1
      },
      "type": "Feature"
    },
    {
      "geometry": {
        "coordinates": [
          -40.354745675,
          -3.6836993963
        ],
        "type": "Point"
      },
      "properties": {
        "arma": "",
        "bairro": "",
        "cidade": "SOBRAL",
        "data": "2026-07-19",
        "hora": "0:45:00",
        "id": "4457766.0",
        "idade": "",
        "local": "TRAVESSA CORONEL JOSÉ SILVESTRE",
        "region": "interior",
        "related_ids": [
          "4457766.0"
        ],
        "rua": "TRAVESSA CORONEL JOSÉ SILVESTRE",
        "sexo": "",
        "tipo_evento": "HOMICIDIO DOLOSO",
        "vitimas": 1
      },
      "type": "Feature"
    },
    {
      "geometry": {
        "coordinates": [
          -39.3036432904,
          -4.3596901022
        ],
        "type": "Point"
      },
      "properties": {
        "arma": "",
        "bairro": "",
        "cidade": "CANINDE",
        "data": "2026-07-19",
        "hora": "16:00:00",
        "id": "4456833.0",
        "idade": "",
        "local": "RUA APÓLO XI",
        "region": "interior",
        "related_ids": [
          "4456833.0"
        ],
        "rua": "RUA APÓLO XI",
        "sexo": "",
        "tipo_evento": "HOMICIDIO DOLOSO",
        "vitimas": 1
      },
      "type": "Feature"
    },
    {
      "geometry": {
        "coordinates": [
          -39.5878448615,
          -3.6901896963
        ],
        "type": "Point"
      },
      "properties": {
        "arma": "",
        "bairro": "ITAPAJE",
        "cidade": "ITAPAGE",
        "data": "2026-07-19",
        "hora": "17:00:00",
        "id": "4456849.0",
        "idade": "",
        "local": "RUA PENHA MESQUITA",
        "region": "interior",
        "related_ids": [
          "4456849.0"
        ],
        "rua": "RUA PENHA MESQUITA",
        "sexo": "",
        "tipo_evento": "HOMICIDIO DOLOSO",
        "vitimas": 1
      },
      "type": "Feature"
    },
    {
      "geometry": {
        "coordinates": [
          -39.2897238913,
          -5.1996104582
        ],
        "type": "Point"
      },
      "properties": {
        "arma": "",
        "bairro": "",
        "cidade": "QUIXERAMOBIM",
        "data": "2026-07-19",
        "hora": "17:30:00",
        "id": "4456870.0",
        "idade": "",
        "local": "RUA PROFESSOR JOSÉ REMÍGIO",
        "region": "interior",
        "related_ids": [
          "4456870.0"
        ],
        "rua": "RUA PROFESSOR JOSÉ REMÍGIO",
        "sexo": "",
        "tipo_evento": "HOMICIDIO DOLOSO",
        "vitimas": 1
      },
      "type": "Feature"
    },
    {
      "geometry": {
        "coordinates": [
          -39.5619658615,
          -3.0779913167
        ],
        "type": "Point"
      },
      "properties": {
        "arma": "",
        "bairro": "",
        "cidade": "AMONTADA",
        "data": "2026-07-20",
        "hora": "11:00:00",
        "id": "4456824.0",
        "idade": "",
        "local": "RUA TEREZA ANASTASIO",
        "region": "interior",
        "related_ids": [
          "4456824.0"
        ],
        "rua": "RUA TEREZA ANASTASIO",
        "sexo": "",
        "tipo_evento": "HOMICIDIO DOLOSO",
        "vitimas": 1
      },
      "type": "Feature"
    },
    {
      "geometry": {
        "coordinates": [
          -38.7158191823,
          -3.6794371003
        ],
        "type": "Point"
      },
      "properties": {
        "arma": "",
        "bairro": "",
        "cidade": "CAUCAIA",
        "data": "2026-07-21",
        "hora": "23:08:00",
        "id": "4457676.0",
        "idade": "",
        "local": "RUA SÃO JOÃO DEL REI",
        "region": "rmf",
        "related_ids": [
          "4457676.0"
        ],
        "rua": "RUA SÃO JOÃO DEL REI",
        "sexo": "",
        "tipo_evento": "HOMICIDIO DOLOSO",
        "vitimas": 1
      },
      "type": "Feature"
    },
    {
      "geometry": {
        "coordinates": [
          -39.3374116462,
          -7.2511733637
        ],
        "type": "Point"
      },
      "properties": {
        "arma": "",
        "bairro": "",
        "cidade": "JUAZEIRO DO NORTE",
        "data": "2026-07-21",
        "hora": "23:59:00",
        "id": "4456853.0",
        "idade": "",
        "local": "RUA TEN ALFREDO",
        "region": "interior",
        "related_ids": [
          "4456853.0"
        ],
        "rua": "RUA TEN ALFREDO",
        "sexo": "",
        "tipo_evento": "HOMICIDIO DOLOSO",
        "vitimas": 1
      },
      "type": "Feature"
    },
    {
      "geometry": {
        "coordinates": [
          -39.3112628245,
          -3.7904202878
        ],
        "type": "Point"
      },
      "properties": {
        "arma": "",
        "bairro": "",
        "cidade": "PENTECOSTE",
        "data": "2026-07-21",
        "hora": "8:00:00",
        "id": "4456865.0",
        "idade": "",
        "local": "POVOADO CERQUINHA",
        "region": "interior",
        "related_ids": [
          "4456865.0"
        ],
        "rua": "POVOADO CERQUINHA",
        "sexo": "",
        "tipo_evento": "HOMICIDIO DOLOSO",
        "vitimas": 1
      },
      "type": "Feature"
    },
    {
      "geometry": {
        "coordinates": [
          -39.278044875,
          -7.2988356832
        ],
        "type": "Point"
      },
      "properties": {
        "arma": "",
        "bairro": "",
        "cidade": "BARBALHA",
        "data": "2026-07-22",
        "hora": "19:20:00",
        "id": "4456828.0",
        "idade": "",
        "local": "RUA P-06",
        "region": "interior",
        "related_ids": [
          "4456828.0"
        ],
        "rua": "RUA P-06",
        "sexo": "",
        "tipo_evento": "HOMICIDIO DOLOSO",
        "vitimas": 1
      },
      "type": "Feature"
    },
    {
      "geometry": {
        "coordinates": [
          -38.5688778039,
          -3.7416760727
        ],
        "type": "Point"
      },
      "properties": {
        "arma": "",
        "bairro": "PICI",
        "cidade": "FORTALEZA",
        "data": "2026-07-22",
        "hora": "22:30:00",
        "id": "4495046.0",
        "idade": "",
        "local": "RUA PADRE GUERRA",
        "region": "fortaleza",
        "related_ids": [
          "4495046.0"
        ],
        "rua": "RUA PADRE GUERRA",
        "sexo": "",
        "tipo_evento": "HOMICIDIO DOLOSO",
        "vitimas": 1
      },
      "type": "Feature"
    },
    {
      "geometry": {
        "coordinates": [
          -37.8448175349,
          -5.2448350554
        ],
        "type": "Point"
      },
      "properties": {
        "arma": "",
        "bairro": "",
        "cidade": "LIMOEIRO DO NORTE",
        "data": "2026-07-22",
        "hora": "3:15:00",
        "id": "4456855.0",
        "idade": "",
        "local": "SITIO PITOMBEIRA",
        "region": "interior",
        "related_ids": [
          "4456855.0"
        ],
        "rua": "SITIO PITOMBEIRA",
        "sexo": "",
        "tipo_evento": "HOMICIDIO DOLOSO",
        "vitimas": 1
      },
      "type": "Feature"
    },
    {
      "geometry": {
        "coordinates": [
          -38.5292099539,
          -3.7207581302
        ],
        "type": "Point"
      },
      "properties": {
        "arma": "",
        "bairro": "MOURA BRASIL",
        "cidade": "FORTALEZA",
        "data": "2026-07-23",
        "hora": "10:45:00",
        "id": "4456806.0",
        "idade": "",
        "local": "AVENIDA PRESIDENTE CASTELO BRANCO",
        "region": "fortaleza",
        "related_ids": [
          "4456806.0"
        ],
        "rua": "AVENIDA PRESIDENTE CASTELO BRANCO",
        "sexo": "",
        "tipo_evento": "HOMICIDIO DOLOSO",
        "vitimas": 1
      },
      "type": "Feature"
    },
    {
      "geometry": {
        "coordinates": [
          -39.1441774327,
          -7.2524680637
        ],
        "type": "Point"
      },
      "properties": {
        "arma": "",
        "bairro": "",
        "cidade": "MISSAO VELHA",
        "data": "2026-07-23",
        "hora": "12:05:00",
        "id": "4456860.0",
        "idade": "",
        "local": "RUA JACOB BARBOSA MAGALHÃES",
        "region": "interior",
        "related_ids": [
          "4456860.0"
        ],
        "rua": "RUA JACOB BARBOSA MAGALHÃES",
        "sexo": "",
        "tipo_evento": "HOMICIDIO DOLOSO",
        "vitimas": 1
      },
      "type": "Feature"
    },
    {
      "geometry": {
        "coordinates": [
          -39.9867630038,
          -6.7739324393
        ],
        "type": "Point"
      },
      "properties": {
        "arma": "",
        "bairro": "ANTONINA DO NORTE",
        "cidade": "ANTONINA DO NORTE",
        "data": "2026-07-23",
        "hora": "4:40:00",
        "id": "4456825.0",
        "idade": "",
        "local": "RUA JOÃO BATISTA ARRAIS",
        "region": "interior",
        "related_ids": [
          "4456825.0"
        ],
        "rua": "RUA JOÃO BATISTA ARRAIS",
        "sexo": "",
        "tipo_evento": "HOMICIDIO DOLOSO",
        "vitimas": 1
      },
      "type": "Feature"
    },
    {
      "geometry": {
        "coordinates": [
          -39.5816881631,
          -3.6849357564
        ],
        "type": "Point"
      },
      "properties": {
        "arma": "",
        "bairro": "ITAPAJE",
        "cidade": "ITAPAGE",
        "data": "2026-07-24",
        "hora": "11:30:00",
        "id": "4457741.0",
        "idade": "",
        "local": "RUA FRANCISCO JOSÉ DE OLIVEIRA",
        "region": "interior",
        "related_ids": [
          "4457741.0"
        ],
        "rua": "RUA FRANCISCO JOSÉ DE OLIVEIRA",
        "sexo": "",
        "tipo_evento": "HOMICIDIO DOLOSO",
        "vitimas": 1
      },
      "type": "Feature"
    },
    {
      "geometry": {
        "coordinates": [
          -38.4805556054,
          -3.8197221961
        ],
        "type": "Point"
      },
      "properties": {
        "arma": "",
        "bairro": "JOSE DE ALENCAR",
        "cidade": "FORTALEZA",
        "data": "2026-07-24",
        "hora": "11:40:00",
        "id": "4457684.0",
        "idade": "",
        "local": "RUA ELIZEU ORIÁ",
        "region": "fortaleza",
        "related_ids": [
          "4457684.0"
        ],
        "rua": "RUA ELIZEU ORIÁ",
        "sexo": "",
        "tipo_evento": "HOMICIDIO DOLOSO",
        "vitimas": 1
      },
      "type": "Feature"
    },
    {
      "geometry": {
        "coordinates": [
          -39.9191345189,
          -5.0044230191
        ],
        "type": "Point"
      },
      "properties": {
        "arma": "",
        "bairro": "",
        "cidade": "BOA VIAGEM",
        "data": "2026-07-24",
        "hora": "19:00:00",
        "id": "4457715.0",
        "idade": "",
        "local": "FAZENDA MORADA NOVA",
        "region": "interior",
        "related_ids": [
          "4457715.0"
        ],
        "rua": "FAZENDA MORADA NOVA",
        "sexo": "",
        "tipo_evento": "HOMICIDIO DOLOSO",
        "vitimas": 1
      },
      "type": "Feature"
    },
    {
      "geometry": {
        "coordinates": [
          -38.6252563477,
          -3.8115917604
        ],
        "type": "Point"
      },
      "properties": {
        "arma": "",
        "bairro": "SIQUEIRA",
        "cidade": "MARACANAU",
        "data": "2026-07-24",
        "hora": "19:19:33",
        "id": "4457680.0",
        "idade": "",
        "local": "RUA SÃO FRANCISCO",
        "region": "rmf",
        "related_ids": [
          "4457680.0"
        ],
        "rua": "RUA SÃO FRANCISCO",
        "sexo": "",
        "tipo_evento": "HOMICIDIO DOLOSO",
        "vitimas": 1
      },
      "type": "Feature"
    },
    {
      "geometry": {
        "coordinates": [
          -39.4063500054,
          -7.2311574188
        ],
        "type": "Point"
      },
      "properties": {
        "arma": "",
        "bairro": "",
        "cidade": "CRATO",
        "data": "2026-07-24",
        "hora": "19:45:00",
        "id": "4495037.0",
        "idade": "",
        "local": "AVENIDA TEODORICO TELES",
        "region": "interior",
        "related_ids": [
          "4495037.0"
        ],
        "rua": "AVENIDA TEODORICO TELES",
        "sexo": "",
        "tipo_evento": "HOMICIDIO DOLOSO",
        "vitimas": 1
      },
      "type": "Feature"
    },
    {
      "geometry": {
        "coordinates": [
          -39.7302563477,
          -5.1335362942
        ],
        "type": "Point"
      },
      "properties": {
        "arma": "",
        "bairro": "",
        "cidade": "BOA VIAGEM",
        "data": "2026-07-24",
        "hora": "23:00:00",
        "id": "4457717.0",
        "idade": "",
        "local": "RUA ANA GONÇALVES",
        "region": "interior",
        "related_ids": [
          "4457717.0"
        ],
        "rua": "RUA ANA GONÇALVES",
        "sexo": "",
        "tipo_evento": "HOMICIDIO DOLOSO",
        "vitimas": 1
      },
      "type": "Feature"
    },
    {
      "geometry": {
        "coordinates": [
          -38.6216774342,
          -3.8941881042
        ],
        "type": "Point"
      },
      "properties": {
        "arma": "",
        "bairro": "MARACANAU",
        "cidade": "PACATUBA",
        "data": "2026-07-24",
        "hora": "5:30:00",
        "id": "4457699.0",
        "idade": "",
        "local": "RUA 15",
        "region": "rmf",
        "related_ids": [
          "4457699.0"
        ],
        "rua": "RUA 15",
        "sexo": "",
        "tipo_evento": "HOMICIDIO DOLOSO",
        "vitimas": 1
      },
      "type": "Feature"
    },
    {
      "geometry": {
        "coordinates": [
          -39.3947114765,
          -7.2241666928
        ],
        "type": "Point"
      },
      "properties": {
        "arma": "",
        "bairro": "",
        "cidade": "CRATO",
        "data": "2026-07-25",
        "hora": "0:52:00",
        "id": "4457724.0",
        "idade": "",
        "local": "RUA FERREA",
        "region": "interior",
        "related_ids": [
          "4457724.0"
        ],
        "rua": "RUA FERREA",
        "sexo": "",
        "tipo_evento": "HOMICIDIO DOLOSO",
        "vitimas": 1
      },
      "type": "Feature"
    },
    {
      "geometry": {
        "coordinates": [
          -38.5647401919,
          -3.9004995881
        ],
        "type": "Point"
      },
      "properties": {
        "arma": "",
        "bairro": "DIF III",
        "cidade": "PACATUBA",
        "data": "2026-07-25",
        "hora": "12:49:00",
        "id": "4495033.0",
        "idade": "",
        "local": "AVENIDA CAGECE",
        "region": "rmf",
        "related_ids": [
          "4495033.0"
        ],
        "rua": "AVENIDA CAGECE",
        "sexo": "",
        "tipo_evento": "HOMICIDIO DOLOSO",
        "vitimas": 1
      },
      "type": "Feature"
    },
    {
      "geometry": {
        "coordinates": [
          -39.3377670765,
          -7.2427032901
        ],
        "type": "Point"
      },
      "properties": {
        "arma": "",
        "bairro": "",
        "cidade": "JUAZEIRO DO NORTE",
        "data": "2026-07-25",
        "hora": "14:25:00",
        "id": "4457743.0",
        "idade": "",
        "local": "RUA ÁRVORE DE NATAL",
        "region": "interior",
        "related_ids": [
          "4457743.0"
        ],
        "rua": "RUA ÁRVORE DE NATAL",
        "sexo": "",
        "tipo_evento": "HOMICIDIO DOLOSO",
        "vitimas": 1
      },
      "type": "Feature"
    },
    {
      "geometry": {
        "coordinates": [
          -38.6904184054,
          -3.913631677
        ],
        "type": "Point"
      },
      "properties": {
        "arma": "",
        "bairro": "",
        "cidade": "MARANGUAPE",
        "data": "2026-07-25",
        "hora": "19:20:00",
        "id": "4457698.0",
        "idade": "",
        "local": "RUA LAURO CIRINO",
        "region": "rmf",
        "related_ids": [
          "4457698.0"
        ],
        "rua": "RUA LAURO CIRINO",
        "sexo": "",
        "tipo_evento": "HOMICIDIO DOLOSO",
        "vitimas": 1
      },
      "type": "Feature"
    },
    {
      "geometry": {
        "coordinates": [
          -39.7152505766,
          -5.1017235179
        ],
        "type": "Point"
      },
      "properties": {
        "arma": "",
        "bairro": "",
        "cidade": "BOA VIAGEM",
        "data": "2026-07-25",
        "hora": "20:00:00",
        "id": "4457716.0",
        "idade": "",
        "local": "RUA JOSÉ NATAL DE ARAÚJO",
        "region": "interior",
        "related_ids": [
          "4457716.0"
        ],
        "rua": "RUA JOSÉ NATAL DE ARAÚJO",
        "sexo": "",
        "tipo_evento": "HOMICIDIO DOLOSO",
        "vitimas": 1
      },
      "type": "Feature"
    },
    {
      "geometry": {
        "coordinates": [
          -39.8812496055,
          -6.1350595304
        ],
        "type": "Point"
      },
      "properties": {
        "arma": "",
        "bairro": "",
        "cidade": "CATARINA",
        "data": "2026-07-25",
        "hora": "21:00:00",
        "id": "4457722.0",
        "idade": "",
        "local": "RUA ANTÔNIO DOMINGUES",
        "region": "interior",
        "related_ids": [
          "4457722.0"
        ],
        "rua": "RUA ANTÔNIO DOMINGUES",
        "sexo": "",
        "tipo_evento": "HOMICIDIO DOLOSO",
        "vitimas": 1
      },
      "type": "Feature"
    },
    {
      "geometry": {
        "coordinates": [
          -39.316889663,
          -7.2298941186
        ],
        "type": "Point"
      },
      "properties": {
        "arma": "",
        "bairro": "",
        "cidade": "JUAZEIRO DO NORTE",
        "data": "2026-07-25",
        "hora": "23:40:00",
        "id": "4457742.0",
        "idade": "",
        "local": "RUA OZANA PEREIRA",
        "region": "interior",
        "related_ids": [
          "4457742.0"
        ],
        "rua": "RUA OZANA PEREIRA",
        "sexo": "",
        "tipo_evento": "HOMICIDIO DOLOSO",
        "vitimas": 1
      },
      "type": "Feature"
    },
    {
      "geometry": {
        "coordinates": [
          -38.4714834631,
          -3.9577378863
        ],
        "type": "Point"
      },
      "properties": {
        "arma": "",
        "bairro": "",
        "cidade": "AQUIRAZ",
        "data": "2026-07-25",
        "hora": "6:55:55",
        "id": "4457674.0",
        "idade": "",
        "local": "AVENIDA MANOEL FELICIANO DE LIMA",
        "region": "rmf",
        "related_ids": [
          "4457674.0"
        ],
        "rua": "AVENIDA MANOEL FELICIANO DE LIMA",
        "sexo": "",
        "tipo_evento": "HOMICIDIO DOLOSO",
        "vitimas": 1
      },
      "type": "Feature"
    },
    {
      "geometry": {
        "coordinates": [
          -38.4561931175,
          -5.4402695902
        ],
        "type": "Point"
      },
      "properties": {
        "arma": "",
        "bairro": "",
        "cidade": "JAGUARIBARA",
        "data": "2026-07-26",
        "hora": "22:00:00",
        "id": "4495026.0",
        "idade": "",
        "local": "CE-269",
        "region": "interior",
        "related_ids": [
          "4495026.0"
        ],
        "rua": "CE-269",
        "sexo": "",
        "tipo_evento": "HOMICIDIO DOLOSO",
        "vitimas": 1
      },
      "type": "Feature"
    },
    {
      "geometry": {
        "coordinates": [
          -38.483392975,
          -3.8322503816
        ],
        "type": "Point"
      },
      "properties": {
        "arma": "",
        "bairro": "MESSEJANA",
        "cidade": "FORTALEZA",
        "data": "2026-07-26",
        "hora": "23:27:00",
        "id": "4461968.0",
        "idade": "",
        "local": "RUA DOUTOR PERGENTINO MAIA",
        "region": "fortaleza",
        "related_ids": [
          "4461968.0"
        ],
        "rua": "RUA DOUTOR PERGENTINO MAIA",
        "sexo": "",
        "tipo_evento": "HOMICIDIO DOLOSO",
        "vitimas": 1
      },
      "type": "Feature"
    },
    {
      "geometry": {
        "coordinates": [
          -40.8431569072,
          -4.169148401
        ],
        "type": "Point"
      },
      "properties": {
        "arma": "",
        "bairro": "",
        "cidade": "GUARACIABA DO NORTE",
        "data": "2026-07-26",
        "hora": "3:20:00",
        "id": "4457728.0",
        "idade": "",
        "local": "UNNAMED ROAD",
        "region": "interior",
        "related_ids": [
          "4457728.0"
        ],
        "rua": "UNNAMED ROAD",
        "sexo": "",
        "tipo_evento": "HOMICIDIO DOLOSO",
        "vitimas": 1
      },
      "type": "Feature"
    },
    {
      "geometry": {
        "coordinates": [
          -38.5839210904,
          -3.8427992056
        ],
        "type": "Point"
      },
      "properties": {
        "arma": "",
        "bairro": "CANINDEZINHO",
        "cidade": "MARACANAU",
        "data": "2026-07-27",
        "hora": "10:00:00",
        "id": "4461989.0",
        "idade": "",
        "local": "RUA JOÃO CANDEIA",
        "region": "rmf",
        "related_ids": [
          "4461989.0"
        ],
        "rua": "RUA JOÃO CANDEIA",
        "sexo": "",
        "tipo_evento": "HOMICIDIO DOLOSO",
        "vitimas": 1
      },
      "type": "Feature"
    },
    {
      "geometry": {
        "coordinates": [
          -38.5124961711,
          -3.8274997278
        ],
        "type": "Point"
      },
      "properties": {
        "arma": "",
        "bairro": "BARROSO",
        "cidade": "FORTALEZA",
        "data": "2026-07-27",
        "hora": "12:00:00",
        "id": "4461967.0",
        "idade": "",
        "local": "RUA 03",
        "region": "fortaleza",
        "related_ids": [
          "4461967.0"
        ],
        "rua": "RUA 03",
        "sexo": "",
        "tipo_evento": "HOMICIDIO DOLOSO",
        "vitimas": 1
      },
      "type": "Feature"
    },
    {
      "geometry": {
        "coordinates": [
          -40.281655975,
          -6.0135684148
        ],
        "type": "Point"
      },
      "properties": {
        "arma": "",
        "bairro": "",
        "cidade": "TAUA",
        "data": "2026-07-27",
        "hora": "14:00:00",
        "id": "4462069.0",
        "idade": "",
        "local": "RUA PROJETADA SETENTA E UM",
        "region": "interior",
        "related_ids": [
          "4462069.0"
        ],
        "rua": "RUA PROJETADA SETENTA E UM",
        "sexo": "",
        "tipo_evento": "HOMICIDIO DOLOSO",
        "vitimas": 1
      },
      "type": "Feature"
    },
    {
      "geometry": {
        "coordinates": [
          -38.4965705039,
          -3.8141710708
        ],
        "type": "Point"
      },
      "properties": {
        "arma": "",
        "bairro": "MESSEJANA",
        "cidade": "FORTALEZA",
        "data": "2026-07-27",
        "hora": "16:00:00",
        "id": "4461975.0",
        "idade": "",
        "local": "RUA ALMEIDA REGO",
        "region": "fortaleza",
        "related_ids": [
          "4461975.0"
        ],
        "rua": "RUA ALMEIDA REGO",
        "sexo": "",
        "tipo_evento": "HOMICIDIO DOLOSO",
        "vitimas": 1
      },
      "type": "Feature"
    },
    {
      "geometry": {
        "coordinates": [
          -38.4969658615,
          -4.3030448971
        ],
        "type": "Point"
      },
      "properties": {
        "arma": "",
        "bairro": "CHOROZINHO",
        "cidade": "CHOROZINHO",
        "data": "2026-07-27",
        "hora": "1:57:00",
        "id": "4461964.0",
        "idade": "",
        "local": "RUA MANOEL DANTAS",
        "region": "rmf",
        "related_ids": [
          "4461964.0"
        ],
        "rua": "RUA MANOEL DANTAS",
        "sexo": "",
        "tipo_evento": "HOMICIDIO DOLOSO",
        "vitimas": 1
      },
      "type": "Feature"
    },
    {
      "geometry": {
        "coordinates": [
          -39.6141242615,
          -3.0855014703
        ],
        "type": "Point"
      },
      "properties": {
        "arma": "",
        "bairro": "",
        "cidade": "AMONTADA",
        "data": "2026-07-27",
        "hora": "22:00:00",
        "id": "4461998.0",
        "idade": "",
        "local": "ESTRADA SATURNO CAMPO GRANDE",
        "region": "interior",
        "related_ids": [
          "4461998.0"
        ],
        "rua": "ESTRADA SATURNO CAMPO GRANDE",
        "sexo": "",
        "tipo_evento": "HOMICIDIO DOLOSO",
        "vitimas": 1
      },
      "type": "Feature"
    },
    {
      "geometry": {
        "coordinates": [
          -39.5855877904,
          -3.6805020627
        ],
        "type": "Point"
      },
      "properties": {
        "arma": "",
        "bairro": "",
        "cidade": "ITAPAGE",
        "data": "2026-07-27",
        "hora": "2:50:00",
        "id": "4462036.0",
        "idade": "",
        "local": "RUA FRANCISCO ALVES SOBRINHO",
        "region": "interior",
        "related_ids": [
          "4462036.0"
        ],
        "rua": "RUA FRANCISCO ALVES SOBRINHO",
        "sexo": "",
        "tipo_evento": "HOMICIDIO DOLOSO",
        "vitimas": 1
      },
      "type": "Feature"
    },
    {
      "geometry": {
        "coordinates": [
          -40.5633333036,
          -3.3111218076
        ],
        "type": "Point"
      },
      "properties": {
        "arma": "",
        "bairro": "",
        "cidade": "URUOCA",
        "data": "2026-07-28",
        "hora": "4:20:00",
        "id": "4462072.0",
        "idade": "",
        "local": "RUA JOAQUIM ALBUQUERQUE SILVA",
        "region": "interior",
        "related_ids": [
          "4462072.0"
        ],
        "rua": "RUA JOAQUIM ALBUQUERQUE SILVA",
        "sexo": "",
        "tipo_evento": "HOMICIDIO DOLOSO",
        "vitimas": 1
      },
      "type": "Feature"
    },
    {
      "geometry": {
        "coordinates": [
          -38.4794444036,
          -3.8127773672
        ],
        "type": "Point"
      },
      "properties": {
        "arma": "",
        "bairro": "JOSE DE ALENCAR",
        "cidade": "FORTALEZA",
        "data": "2026-07-28",
        "hora": "6:00:00",
        "id": "4461976.0",
        "idade": "",
        "local": "AVENIDA MINISTRO JOSÉ AMÉRICO",
        "region": "fortaleza",
        "related_ids": [
          "4461976.0"
        ],
        "rua": "AVENIDA MINISTRO JOSÉ AMÉRICO",
        "sexo": "",
        "tipo_evento": "HOMICIDIO DOLOSO",
        "vitimas": 1
      },
      "type": "Feature"
    },
    {
      "geometry": {
        "coordinates": [
          -38.5616037003,
          -3.7054132934
        ],
        "type": "Point"
      },
      "properties": {
        "arma": "",
        "bairro": "CIRSTO REDENTOR",
        "cidade": "FORTALEZA",
        "data": "2026-07-28",
        "hora": "6:20:00",
        "id": "4461966.0",
        "idade": "",
        "local": "TRAVESSA CURA D'ARS",
        "region": "fortaleza",
        "related_ids": [
          "4461966.0"
        ],
        "rua": "TRAVESSA CURA D'ARS",
        "sexo": "",
        "tipo_evento": "HOMICIDIO DOLOSO",
        "vitimas": 1
      },
      "type": "Feature"
    },
    {
      "geometry": {
        "coordinates": [
          -38.9149892747,
          -4.5538354206
        ],
        "type": "Point"
      },
      "properties": {
        "arma": "",
        "bairro": "",
        "cidade": "ITAPIUNA",
        "data": "2026-07-28",
        "hora": "6:30:00",
        "id": "4462040.0",
        "idade": "",
        "local": "ESTRADA ALTO DA UMBURANA",
        "region": "interior",
        "related_ids": [
          "4462040.0"
        ],
        "rua": "ESTRADA ALTO DA UMBURANA",
        "sexo": "",
        "tipo_evento": "HOMICIDIO DOLOSO",
        "vitimas": 1
      },
      "type": "Feature"
    },
    {
      "geometry": {
        "coordinates": [
          -38.8222806501,
          -3.5899379627
        ],
        "type": "Point"
      },
      "properties": {
        "arma": "",
        "bairro": "",
        "cidade": "CAUCAIA",
        "data": "2026-07-29",
        "hora": "10:00:00",
        "id": "4461962.0",
        "idade": "",
        "local": "RUA ANTONIO BRASILEIRO",
        "region": "rmf",
        "related_ids": [
          "4461962.0"
        ],
        "rua": "RUA ANTONIO BRASILEIRO",
        "sexo": "",
        "tipo_evento": "LESAO CORPORAL SEGUIDA DE MORTE",
        "vitimas": 1
      },
      "type": "Feature"
    },
    {
      "geometry": {
        "coordinates": [
          -40.3850321901,
          -7.0927139125
        ],
        "type": "Point"
      },
      "properties": {
        "arma": "",
        "bairro": "",
        "cidade": "CAMPOS SALES",
        "data": "2026-07-29",
        "hora": "19:00:00",
        "id": "4462014.0",
        "idade": "",
        "local": "CE-187",
        "region": "interior",
        "related_ids": [
          "4462014.0"
        ],
        "rua": "CE-187",
        "sexo": "",
        "tipo_evento": "HOMICIDIO DOLOSO",
        "vitimas": 1
      },
      "type": "Feature"
    },
    {
      "geometry": {
        "coordinates": [
          -40.1667562901,
          -3.0530434425
        ],
        "type": "Point"
      },
      "properties": {
        "arma": "",
        "bairro": "",
        "cidade": "BELA CRUZ",
        "data": "2026-07-29",
        "hora": "1:00:00",
        "id": "4462007.0",
        "idade": "",
        "local": "RUA HUMAITÁ",
        "region": "interior",
        "related_ids": [
          "4462007.0"
        ],
        "rua": "RUA HUMAITÁ",
        "sexo": "",
        "tipo_evento": "HOMICIDIO DOLOSO",
        "vitimas": 1
      },
      "type": "Feature"
    },
    {
      "geometry": {
        "coordinates": [
          -38.2130456747,
          -4.1269638928
        ],
        "type": "Point"
      },
      "properties": {
        "arma": "",
        "bairro": "",
        "cidade": "CASCAVEL",
        "data": "2026-07-29",
        "hora": "20:15:00",
        "id": "4461963.0",
        "idade": "",
        "local": "ESTRADA DO ZÉ AFONSO",
        "region": "rmf",
        "related_ids": [
          "4461963.0"
        ],
        "rua": "ESTRADA DO ZÉ AFONSO",
        "sexo": "",
        "tipo_evento": "HOMICIDIO DOLOSO",
        "vitimas": 1
      },
      "type": "Feature"
    },
    {
      "geometry": {
        "coordinates": [
          -39.3726697324,
          -7.2316918058
        ],
        "type": "Point"
      },
      "properties": {
        "arma": "",
        "bairro": "",
        "cidade": "CRATO",
        "data": "2026-07-29",
        "hora": "22:00:00",
        "id": "4462021.0",
        "idade": "",
        "local": "RUA VEREADOR SEBASTIÃO MACIEL LOPES",
        "region": "interior",
        "related_ids": [
          "4462021.0"
        ],
        "rua": "RUA VEREADOR SEBASTIÃO MACIEL LOPES",
        "sexo": "",
        "tipo_evento": "HOMICIDIO DOLOSO",
        "vitimas": 1
      },
      "type": "Feature"
    },
    {
      "geometry": {
        "coordinates": [
          -38.514095475,
          -3.8300195718
        ],
        "type": "Point"
      },
      "properties": {
        "arma": "",
        "bairro": "JANGURURSSU",
        "cidade": "FORTALEZA",
        "data": "2026-07-30",
        "hora": "0:40:00",
        "id": "4461977.0",
        "idade": "",
        "local": "RUA 507 CJ SAO CRISTOVAO",
        "region": "fortaleza",
        "related_ids": [
          "4461977.0"
        ],
        "rua": "RUA 507 CJ SAO CRISTOVAO",
        "sexo": "",
        "tipo_evento": "HOMICIDIO DOLOSO",
        "vitimas": 1
      },
      "type": "Feature"
    },
    {
      "geometry": {
        "coordinates": [
          -40.9755053327,
          -3.7102094772
        ],
        "type": "Point"
      },
      "properties": {
        "arma": "",
        "bairro": "",
        "cidade": "TIANGUA",
        "data": "2026-07-30",
        "hora": "22:25:00",
        "id": "4462071.0",
        "idade": "",
        "local": "RUA TRINTA E UM DE MAIO",
        "region": "interior",
        "related_ids": [
          "4462071.0"
        ],
        "rua": "RUA TRINTA E UM DE MAIO",
        "sexo": "",
        "tipo_evento": "HOMICIDIO DOLOSO",
        "vitimas": 1
      },
      "type": "Feature"
    },
    {
      "geometry": {
        "coordinates": [
          -39.7481976138,
          -5.0993158904
        ],
        "type": "Point"
      },
      "properties": {
        "arma": "",
        "bairro": "",
        "cidade": "BOA VIAGEM",
        "data": "2026-07-30",
        "hora": "2:00:00",
        "id": "4462009.0",
        "idade": "",
        "local": "ESTRADA MÓR",
        "region": "interior",
        "related_ids": [
          "4462009.0"
        ],
        "rua": "ESTRADA MÓR",
        "sexo": "",
        "tipo_evento": "HOMICIDIO DOLOSO",
        "vitimas": 1
      },
      "type": "Feature"
    },
    {
      "geometry": {
        "coordinates": [
          -38.6371080054,
          -3.7408880544
        ],
        "type": "Point"
      },
      "properties": {
        "arma": "",
        "bairro": "ANTONIO BEZERRA",
        "cidade": "CAUCAIA",
        "data": "2026-07-31",
        "hora": "12:42:00",
        "id": "4495004.0",
        "idade": "",
        "local": "RUA JOSÉ DE ALENCAR",
        "region": "rmf",
        "related_ids": [
          "4495004.0"
        ],
        "rua": "RUA JOSÉ DE ALENCAR",
        "sexo": "",
        "tipo_evento": "HOMICIDIO DOLOSO",
        "vitimas": 1
      },
      "type": "Feature"
    },
    {
      "geometry": {
        "coordinates": [
          -40.6798111631,
          -3.0280707554
        ],
        "type": "Point"
      },
      "properties": {
        "arma": "",
        "bairro": "",
        "cidade": "GRANJA",
        "data": "2026-07-31",
        "hora": "23:00:00",
        "id": "4495003.0",
        "idade": "",
        "local": "UNNAMED ROAD",
        "region": "interior",
        "related_ids": [
          "4495003.0"
        ],
        "rua": "UNNAMED ROAD",
        "sexo": "",
        "tipo_evento": "HOMICIDIO DOLOSO",
        "vitimas": 1
      },
      "type": "Feature"
    },
    {
      "geometry": {
        "coordinates": [
          -40.7122550054,
          -4.3362072975
        ],
        "type": "Point"
      },
      "properties": {
        "arma": "",
        "bairro": "",
        "cidade": "IPU",
        "data": "2026-07-31",
        "hora": "2:00:00",
        "id": "4495005.0",
        "idade": "",
        "local": "RUA FRANÇA",
        "region": "interior",
        "related_ids": [
          "4495005.0"
        ],
        "rua": "RUA FRANÇA",
        "sexo": "",
        "tipo_evento": "HOMICIDIO DOLOSO",
        "vitimas": 1
      },
      "type": "Feature"
    },
    {
      "geometry": {
        "coordinates": [
          -38.4641793343,
          -3.8282169765
        ],
        "type": "Point"
      },
      "properties": {
        "arma": "",
        "bairro": "LAGOA REDONDA",
        "cidade": "FORTALEZA",
        "data": "2026-08-01",
        "hora": "13:44:00",
        "id": "4463267.0",
        "idade": "",
        "local": "RUA MORONI BING TORGAN",
        "region": "fortaleza",
        "related_ids": [
          "4463267.0"
        ],
        "rua": "RUA MORONI BING TORGAN",
        "sexo": "",
        "tipo_evento": "HOMICIDIO DOLOSO",
        "vitimas": 1
      },
      "type": "Feature"
    },
    {
      "geometry": {
        "coordinates": [
          -39.2739259477,
          -3.7908188694
        ],
        "type": "Point"
      },
      "properties": {
        "arma": "",
        "bairro": "",
        "cidade": "PENTECOSTE",
        "data": "2026-08-01",
        "hora": "19:45:00",
        "id": "4463280.0",
        "idade": "",
        "local": "AVENIDA TABELIÃO FRANCISCO ALVES",
        "region": "interior",
        "related_ids": [
          "4463280.0"
        ],
        "rua": "AVENIDA TABELIÃO FRANCISCO ALVES",
        "sexo": "",
        "tipo_evento": "HOMICIDIO DOLOSO",
        "vitimas": 1
      },
      "type": "Feature"
    },
    {
      "geometry": {
        "coordinates": [
          -39.2661815631,
          -5.9215556077
        ],
        "type": "Point"
      },
      "properties": {
        "arma": "",
        "bairro": "DEPUTADO IRAPUAN PINHEIRO",
        "cidade": "DEPUTADO IRAPUAN PINHEIRO",
        "data": "2026-08-01",
        "hora": "21:00:00",
        "id": "4506175.0",
        "idade": "",
        "local": "RUA ANTÔNIO CLÁUDIO PINHEIRO",
        "region": "interior",
        "related_ids": [
          "4506175.0"
        ],
        "rua": "RUA ANTÔNIO CLÁUDIO PINHEIRO",
        "sexo": "",
        "tipo_evento": "HOMICIDIO DOLOSO",
        "vitimas": 1
      },
      "type": "Feature"
    },
    {
      "geometry": {
        "coordinates": [
          -39.2969444054,
          -6.7886217468
        ],
        "type": "Point"
      },
      "properties": {
        "arma": "",
        "bairro": "VARZEA ALEGRE",
        "cidade": "VARZEA ALEGRE",
        "data": "2026-08-01",
        "hora": "6:45:00",
        "id": "4463283.0",
        "idade": "",
        "local": "TRAVESSA DONA LILI",
        "region": "interior",
        "related_ids": [
          "4463283.0"
        ],
        "rua": "TRAVESSA DONA LILI",
        "sexo": "",
        "tipo_evento": "HOMICIDIO DOLOSO",
        "vitimas": 1
      },
      "type": "Feature"
    },
    {
      "geometry": {
        "coordinates": [
          -38.5169444039,
          -4.1183118936
        ],
        "type": "Point"
      },
      "properties": {
        "arma": "",
        "bairro": "",
        "cidade": "HORIZONTE",
        "data": "2026-08-02",
        "hora": "10:35:00",
        "id": "4463269.0",
        "idade": "",
        "local": "RUA JOSE MARCELO DE SOUSA",
        "region": "rmf",
        "related_ids": [
          "4463269.0"
        ],
        "rua": "RUA JOSE MARCELO DE SOUSA",
        "sexo": "",
        "tipo_evento": "HOMICIDIO DOLOSO",
        "vitimas": 1
      },
      "type": "Feature"
    },
    {
      "geometry": {
        "coordinates": [
          -38.5696284039,
          -3.7187481713
        ],
        "type": "Point"
      },
      "properties": {
        "arma": "",
        "bairro": "ALVARO WEYNE",
        "cidade": "FORTALEZA",
        "data": "2026-08-02",
        "hora": "12:00:00",
        "id": "4506131.0",
        "idade": "",
        "local": "COELHO NETO",
        "region": "fortaleza",
        "related_ids": [
          "4506131.0"
        ],
        "rua": "COELHO NETO",
        "sexo": "",
        "tipo_evento": "HOMICIDIO DOLOSO",
        "vitimas": 1
      },
      "type": "Feature"
    },
    {
      "geometry": {
        "coordinates": [
          -39.4187534038,
          -7.241460236
        ],
        "type": "Point"
      },
      "properties": {
        "arma": "",
        "bairro": "",
        "cidade": "CRATO",
        "data": "2026-08-02",
        "hora": "22:00:00",
        "id": "4463275.0",
        "idade": "",
        "local": "RUA DELMIRO GOUVÊIA",
        "region": "interior",
        "related_ids": [
          "4463275.0"
        ],
        "rua": "RUA DELMIRO GOUVÊIA",
        "sexo": "",
        "tipo_evento": "HOMICIDIO DOLOSO",
        "vitimas": 1
      },
      "type": "Feature"
    },
    {
      "geometry": {
        "coordinates": [
          -38.6505397327,
          -3.8581417006
        ],
        "type": "Point"
      },
      "properties": {
        "arma": "",
        "bairro": "MARACANAU",
        "cidade": "MARACANAU",
        "data": "2026-08-02",
        "hora": "22:16:00",
        "id": "4463270.0",
        "idade": "",
        "local": "RUA JOSEFINA LIBERATO RODRIGUES",
        "region": "rmf",
        "related_ids": [
          "4463270.0"
        ],
        "rua": "RUA JOSEFINA LIBERATO RODRIGUES",
        "sexo": "",
        "tipo_evento": "HOMICIDIO DOLOSO",
        "vitimas": 1
      },
      "type": "Feature"
    },
    {
      "geometry": {
        "coordinates": [
          -39.3024215462,
          -4.3587096
        ],
        "type": "Point"
      },
      "properties": {
        "arma": "",
        "bairro": "",
        "cidade": "CANINDE",
        "data": "2026-08-02",
        "hora": "2:30:00",
        "id": "4463274.0",
        "idade": "",
        "local": "AVENIDA LUCIANO MAGALHÃES",
        "region": "interior",
        "related_ids": [
          "4463274.0"
        ],
        "rua": "AVENIDA LUCIANO MAGALHÃES",
        "sexo": "",
        "tipo_evento": "HOMICIDIO DOLOSO",
        "vitimas": 1
      },
      "type": "Feature"
    },
    {
      "geometry": {
        "coordinates": [
          -38.7552518289,
          -4.3234387556
        ],
        "type": "Point"
      },
      "properties": {
        "arma": "",
        "bairro": "",
        "cidade": "REDENCAO",
        "data": "2026-08-02",
        "hora": "5:00:00",
        "id": "4463281.0",
        "idade": "",
        "local": "CE-060",
        "region": "rmf",
        "related_ids": [
          "4463281.0"
        ],
        "rua": "CE-060",
        "sexo": "",
        "tipo_evento": "HOMICIDIO DOLOSO",
        "vitimas": 1
      },
      "type": "Feature"
    },
    {
      "geometry": {
        "coordinates": [
          -39.2554167038,
          -7.6343995261
        ],
        "type": "Point"
      },
      "properties": {
        "arma": "",
        "bairro": "JARDIM",
        "cidade": "JARDIM",
        "data": "2026-08-03",
        "hora": "0:30:00",
        "id": "4463278.0",
        "idade": "",
        "local": "ESTRADA SÍTIO LARGINHA",
        "region": "interior",
        "related_ids": [
          "4463278.0"
        ],
        "rua": "ESTRADA SÍTIO LARGINHA",
        "sexo": "",
        "tipo_evento": "HOMICIDIO DOLOSO",
        "vitimas": 1
      },
      "type": "Feature"
    },
    {
      "geometry": {
        "coordinates": [
          -38.4825107327,
          -4.0960468873
        ],
        "type": "Point"
      },
      "properties": {
        "arma": "",
        "bairro": "HORIZONTE",
        "cidade": "HORIZONTE",
        "data": "2026-08-03",
        "hora": "18:32:00",
        "id": "4463268.0",
        "idade": "",
        "local": "RUA GILBERTO GOMES",
        "region": "rmf",
        "related_ids": [
          "4463268.0"
        ],
        "rua": "RUA GILBERTO GOMES",
        "sexo": "",
        "tipo_evento": "HOMICIDIO DOLOSO",
        "vitimas": 1
      },
      "type": "Feature"
    },
    {
      "geometry": {
        "coordinates": [
          -39.2771390327,
          -7.1997757601
        ],
        "type": "Point"
      },
      "properties": {
        "arma": "",
        "bairro": "JUAZEIRO DO NORTE",
        "cidade": "JUAZEIRO DO NORTE",
        "data": "2026-08-03",
        "hora": "22:30:00",
        "id": "4463279.0",
        "idade": "",
        "local": "RUA ANA MARIA DE OLIVEIRA",
        "region": "interior",
        "related_ids": [
          "4463279.0"
        ],
        "rua": "RUA ANA MARIA DE OLIVEIRA",
        "sexo": "",
        "tipo_evento": "HOMICIDIO DOLOSO",
        "vitimas": 1
      },
      "type": "Feature"
    },
    {
      "geometry": {
        "coordinates": [
          -39.3966794003,
          -7.1785932548
        ],
        "type": "Point"
      },
      "properties": {
        "arma": "",
        "bairro": "",
        "cidade": "CRATO",
        "data": "2026-08-03",
        "hora": "23:00:00",
        "id": "4463276.0",
        "idade": "",
        "local": "RUA PROJETADA 8",
        "region": "interior",
        "related_ids": [
          "4463276.0"
        ],
        "rua": "RUA PROJETADA 8",
        "sexo": "",
        "tipo_evento": "FEMINICÍDIO",
        "vitimas": 1
      },
      "type": "Feature"
    },
    {
      "geometry": {
        "coordinates": [
          -38.221100375,
          -4.0199678886
        ],
        "type": "Point"
      },
      "properties": {
        "arma": "",
        "bairro": "",
        "cidade": "CASCAVEL",
        "data": "2026-08-03",
        "hora": "6:19:00",
        "id": "4463265.0",
        "idade": "",
        "local": "RUA CHAGAS BALBINO",
        "region": "rmf",
        "related_ids": [
          "4463265.0"
        ],
        "rua": "RUA CHAGAS BALBINO",
        "sexo": "",
        "tipo_evento": "HOMICIDIO DOLOSO",
        "vitimas": 1
      },
      "type": "Feature"
    },
    {
      "geometry": {
        "coordinates": [
          -38.6832901429,
          -3.9332900223
        ],
        "type": "Point"
      },
      "properties": {
        "arma": "",
        "bairro": "",
        "cidade": "MARANGUAPE",
        "data": "2026-08-04",
        "hora": "16:00:00",
        "id": "4463271.0",
        "idade": "",
        "local": "ESTRADA SEM NOME",
        "region": "rmf",
        "related_ids": [
          "4463271.0"
        ],
        "rua": "ESTRADA SEM NOME",
        "sexo": "",
        "tipo_evento": "HOMICIDIO DOLOSO",
        "vitimas": 1
      },
      "type": "Feature"
    },
    {
      "geometry": {
        "coordinates": [
          -38.6832901429,
          -3.9332900223
        ],
        "type": "Point"
      },
      "properties": {
        "arma": "",
        "bairro": "",
        "cidade": "MARANGUAPE",
        "data": "2026-08-04",
        "hora": "20:06:01",
        "id": "4506157.0",
        "idade": "",
        "local": "ESTRADA SEM NOME",
        "region": "rmf",
        "related_ids": [
          "4506157.0"
        ],
        "rua": "ESTRADA SEM NOME",
        "sexo": "",
        "tipo_evento": "HOMICIDIO DOLOSO",
        "vitimas": 1
      },
      "type": "Feature"
    },
    {
      "geometry": {
        "coordinates": [
          -39.9638996327,
          -4.0713567906
        ],
        "type": "Point"
      },
      "properties": {
        "arma": "",
        "bairro": "",
        "cidade": "SOBRAL",
        "data": "2026-08-04",
        "hora": "2:00:00",
        "id": "4463282.0",
        "idade": "",
        "local": "RUA POLICÁRPO",
        "region": "interior",
        "related_ids": [
          "4463282.0"
        ],
        "rua": "RUA POLICÁRPO",
        "sexo": "",
        "tipo_evento": "HOMICIDIO DOLOSO",
        "vitimas": 1
      },
      "type": "Feature"
    },
    {
      "geometry": {
        "coordinates": [
          -38.3780507639,
          -5.0952555975
        ],
        "type": "Point"
      },
      "properties": {
        "arma": "",
        "bairro": "",
        "cidade": "MORADA NOVA",
        "data": "2026-08-05",
        "hora": "10:00:00",
        "id": "4506187.0",
        "idade": "",
        "local": "VILA BEZERRA",
        "region": "interior",
        "related_ids": [
          "4506187.0"
        ],
        "rua": "VILA BEZERRA",
        "sexo": "",
        "tipo_evento": "HOMICIDIO DOLOSO",
        "vitimas": 1
      },
      "type": "Feature"
    },
    {
      "geometry": {
        "coordinates": [
          -38.5608607054,
          -3.8067333065
        ],
        "type": "Point"
      },
      "properties": {
        "arma": "",
        "bairro": "MONDUBIM",
        "cidade": "FORTALEZA",
        "data": "2026-08-05",
        "hora": "13:50:24",
        "id": "4506141.0",
        "idade": "",
        "local": "RUA BENJAMIM BRASIL",
        "region": "fortaleza",
        "related_ids": [
          "4506141.0"
        ],
        "rua": "RUA BENJAMIM BRASIL",
        "sexo": "",
        "tipo_evento": "HOMICIDIO DOLOSO",
        "vitimas": 1
      },
      "type": "Feature"
    },
    {
      "geometry": {
        "coordinates": [
          -38.4899092054,
          -3.8199292661
        ],
        "type": "Point"
      },
      "properties": {
        "arma": "",
        "bairro": "MESSEJANA",
        "cidade": "FORTALEZA",
        "data": "2026-08-05",
        "hora": "21:00:00",
        "id": "4506137.0",
        "idade": "",
        "local": "CONJUNTO SÃO BERNARDO",
        "region": "fortaleza",
        "related_ids": [
          "4506137.0",
          "4506133.0"
        ],
        "rua": "CONJUNTO SÃO BERNARDO",
        "sexo": "",
        "tipo_evento": "HOMICIDIO DOLOSO",
        "vitimas": 2
      },
      "type": "Feature"
    },
    {
      "geometry": {
        "coordinates": [
          -38.6738313327,
          -3.7441961903
        ],
        "type": "Point"
      },
      "properties": {
        "arma": "",
        "bairro": "PARQUE SOLEDADE",
        "cidade": "CAUCAIA",
        "data": "2026-08-06",
        "hora": "0:38:58",
        "id": "4506126.0",
        "idade": "",
        "local": "RUA SÃO JOÃO",
        "region": "rmf",
        "related_ids": [
          "4506126.0"
        ],
        "rua": "RUA SÃO JOÃO",
        "sexo": "",
        "tipo_evento": "HOMICIDIO DOLOSO",
        "vitimas": 1
      },
      "type": "Feature"
    },
    {
      "geometry": {
        "coordinates": [
          -39.739989275,
          -5.1302350514
        ],
        "type": "Point"
      },
      "properties": {
        "arma": "",
        "bairro": "",
        "cidade": "BOA VIAGEM",
        "data": "2026-08-06",
        "hora": "13:30:00",
        "id": "4506166.0",
        "idade": "",
        "local": "RUA FRANCISCO TIBIRÍÇA FAÇANHA",
        "region": "interior",
        "related_ids": [
          "4506166.0"
        ],
        "rua": "RUA FRANCISCO TIBIRÍÇA FAÇANHA",
        "sexo": "",
        "tipo_evento": "HOMICIDIO DOLOSO",
        "vitimas": 1
      },
      "type": "Feature"
    },
    {
      "geometry": {
        "coordinates": [
          -38.0523161615,
          -4.2625179965
        ],
        "type": "Point"
      },
      "properties": {
        "arma": "",
        "bairro": "",
        "cidade": "BEBERIBE",
        "data": "2026-08-06",
        "hora": "23:00:00",
        "id": "4506164.0",
        "idade": "",
        "local": "RUA LUÍS BARBOSA",
        "region": "rmf",
        "related_ids": [
          "4506164.0"
        ],
        "rua": "RUA LUÍS BARBOSA",
        "sexo": "",
        "tipo_evento": "HOMICIDIO DOLOSO",
        "vitimas": 1
      },
      "type": "Feature"
    },
    {
      "geometry": {
        "coordinates": [
          -38.0677778054,
          -5.0718909608
        ],
        "type": "Point"
      },
      "properties": {
        "arma": "",
        "bairro": "",
        "cidade": "RUSSAS",
        "data": "2026-08-07",
        "hora": "21:48:00",
        "id": "4506194.0",
        "idade": "",
        "local": "RUA JOSÉ ALVES MAIA",
        "region": "interior",
        "related_ids": [
          "4506194.0"
        ],
        "rua": "RUA JOSÉ ALVES MAIA",
        "sexo": "",
        "tipo_evento": "HOMICIDIO DOLOSO",
        "vitimas": 1
      },
      "type": "Feature"
    },
    {
      "geometry": {
        "coordinates": [
          -38.5433333054,
          -3.7219015714
        ],
        "type": "Point"
      },
      "properties": {
        "arma": "",
        "bairro": "JACARECANGA",
        "cidade": "FORTALEZA",
        "data": "2026-08-07",
        "hora": "8:56:00",
        "id": "4513332.0",
        "idade": "",
        "local": "AVENIDA FRANCISCO SÁ",
        "region": "fortaleza",
        "related_ids": [
          "4513332.0",
          "4506134.0"
        ],
        "rua": "AVENIDA FRANCISCO SÁ",
        "sexo": "",
        "tipo_evento": "HOMICIDIO DOLOSO",
        "vitimas": 2
      },
      "type": "Feature"
    },
    {
      "geometry": {
        "coordinates": [
          -39.1188328342,
          -7.5360375031
        ],
        "type": "Point"
      },
      "properties": {
        "arma": "",
        "bairro": "PORTEIRAS",
        "cidade": "PORTEIRAS",
        "data": "2026-08-08",
        "hora": "20:00:00",
        "id": "4506190.0",
        "idade": "",
        "local": "RUA PRINCESA ISABEL",
        "region": "interior",
        "related_ids": [
          "4506190.0"
        ],
        "rua": "RUA PRINCESA ISABEL",
        "sexo": "",
        "tipo_evento": "HOMICIDIO DOLOSO",
        "vitimas": 1
      },
      "type": "Feature"
    },
    {
      "geometry": {
        "coordinates": [
          -40.6030014766,
          -5.8127308731
        ],
        "type": "Point"
      },
      "properties": {
        "arma": "",
        "bairro": "",
        "cidade": "QUITERIANOPOLIS",
        "data": "2026-08-08",
        "hora": "2:00:00",
        "id": "4506191.0",
        "idade": "",
        "local": "SITIO RAMADÃ",
        "region": "interior",
        "related_ids": [
          "4506191.0"
        ],
        "rua": "SITIO RAMADÃ",
        "sexo": "",
        "tipo_evento": "HOMICIDIO DOLOSO",
        "vitimas": 1
      },
      "type": "Feature"
    },
    {
      "geometry": {
        "coordinates": [
          -40.3363907462,
          -3.7047094301
        ],
        "type": "Point"
      },
      "properties": {
        "arma": "",
        "bairro": "",
        "cidade": "SOBRAL",
        "data": "2026-08-09",
        "hora": "13:50:00",
        "id": "4506196.0",
        "idade": "",
        "local": "RUA SINHÁ SABÓIA",
        "region": "interior",
        "related_ids": [
          "4506196.0"
        ],
        "rua": "RUA SINHÁ SABÓIA",
        "sexo": "",
        "tipo_evento": "HOMICIDIO DOLOSO",
        "vitimas": 1
      },
      "type": "Feature"
    },
    {
      "geometry": {
        "coordinates": [
          -38.4616526202,
          -3.8077771289
        ],
        "type": "Point"
      },
      "properties": {
        "arma": "",
        "bairro": "JOSE DE ALENCAR",
        "cidade": "FORTALEZA",
        "data": "2026-08-09",
        "hora": "1:30:00",
        "id": "4506138.0",
        "idade": "",
        "local": "AVENIDA ODILON GUIMARÃES",
        "region": "fortaleza",
        "related_ids": [
          "4506138.0"
        ],
        "rua": "AVENIDA ODILON GUIMARÃES",
        "sexo": "",
        "tipo_evento": "HOMICIDIO DOLOSO",
        "vitimas": 1
      },
      "type": "Feature"
    },
    {
      "geometry": {
        "coordinates": [
          -37.9993195092,
          -5.0826964664
        ],
        "type": "Point"
      },
      "properties": {
        "arma": "",
        "bairro": "",
        "cidade": "LIMOEIRO DO NORTE",
        "data": "2026-08-09",
        "hora": "9:20:00",
        "id": "4506192.0",
        "idade": "",
        "local": "ESTRADA PARÁ QUIXERE",
        "region": "interior",
        "related_ids": [
          "4506192.0"
        ],
        "rua": "ESTRADA PARÁ QUIXERE",
        "sexo": "",
        "tipo_evento": "HOMICIDIO DOLOSO",
        "vitimas": 1
      },
      "type": "Feature"
    },
    {
      "geometry": {
        "coordinates": [
          -39.2875022038,
          -7.219399049
        ],
        "type": "Point"
      },
      "properties": {
        "arma": "",
        "bairro": "JUAZEIRO DO NORTE",
        "cidade": "JUAZEIRO DO NORTE",
        "data": "2026-08-10",
        "hora": "0:00:00",
        "id": "4506184.0",
        "idade": "",
        "local": "RUA FOTÓGRAFO PACÍFICO ALVES FREITAS",
        "region": "interior",
        "related_ids": [
          "4506184.0"
        ],
        "rua": "RUA FOTÓGRAFO PACÍFICO ALVES FREITAS",
        "sexo": "",
        "tipo_evento": "FEMINICÍDIO",
        "vitimas": 1
      },
      "type": "Feature"
    },
    {
      "geometry": {
        "coordinates": [
          -40.8694875039,
          -2.9014132122
        ],
        "type": "Point"
      },
      "properties": {
        "arma": "",
        "bairro": "",
        "cidade": "CAMOCIM",
        "data": "2026-08-10",
        "hora": "0:00:00",
        "id": "4506170.0",
        "idade": "",
        "local": "RUA JOSÉ BERNARDINO MELO",
        "region": "interior",
        "related_ids": [
          "4506170.0"
        ],
        "rua": "RUA JOSÉ BERNARDINO MELO",
        "sexo": "",
        "tipo_evento": "HOMICIDIO DOLOSO",
        "vitimas": 1
      },
      "type": "Feature"
    },
    {
      "geometry": {
        "coordinates": [
          -38.4533440327,
          -4.1702563949
        ],
        "type": "Point"
      },
      "properties": {
        "arma": "",
        "bairro": "PACAJUS",
        "cidade": "PACAJUS",
        "data": "2026-08-10",
        "hora": "0:00:00",
        "id": "4505368.0",
        "idade": "",
        "local": "RUA CARLITO LOPES",
        "region": "rmf",
        "related_ids": [
          "4505368.0"
        ],
        "rua": "RUA CARLITO LOPES",
        "sexo": "",
        "tipo_evento": "HOMICIDIO DOLOSO",
        "vitimas": 1
      },
      "type": "Feature"
    },
    {
      "geometry": {
        "coordinates": [
          -40.2664935249,
          -6.0652045673
        ],
        "type": "Point"
      },
      "properties": {
        "arma": "",
        "bairro": "",
        "cidade": "TAUA",
        "data": "2026-08-10",
        "hora": "16:00:00",
        "id": "4506198.0",
        "idade": "",
        "local": "CE-176",
        "region": "interior",
        "related_ids": [
          "4506198.0"
        ],
        "rua": "CE-176",
        "sexo": "",
        "tipo_evento": "HOMICIDIO DOLOSO",
        "vitimas": 1
      },
      "type": "Feature"
    },
    {
      "geometry": {
        "coordinates": [
          -38.4391720683,
          -3.7749732323
        ],
        "type": "Point"
      },
      "properties": {
        "arma": "",
        "bairro": "PRAIA DO FURUTO II",
        "cidade": "FORTALEZA",
        "data": "2026-08-11",
        "hora": "20:41:00",
        "id": "4506145.0",
        "idade": "",
        "local": "RUA FONTELE E DIAS",
        "region": "fortaleza",
        "related_ids": [
          "4506145.0"
        ],
        "rua": "RUA FONTELE E DIAS",
        "sexo": "",
        "tipo_evento": "HOMICIDIO DOLOSO",
        "vitimas": 1
      },
      "type": "Feature"
    },
    {
      "geometry": {
        "coordinates": [
          -38.5233365199,
          -3.8647191569
        ],
        "type": "Point"
      },
      "properties": {
        "arma": "",
        "bairro": "ANCURI",
        "cidade": "FORTALEZA",
        "data": "2026-08-11",
        "hora": "4:09:00",
        "id": "4506154.0",
        "idade": "",
        "local": "RODOVIA ANEL VIARIO DE FORTALEZA",
        "region": "fortaleza",
        "related_ids": [
          "4506154.0"
        ],
        "rua": "RODOVIA ANEL VIARIO DE FORTALEZA",
        "sexo": "",
        "tipo_evento": "HOMICIDIO DOLOSO",
        "vitimas": 1
      },
      "type": "Feature"
    },
    {
      "geometry": {
        "coordinates": [
          -39.7307664615,
          -4.8508119239
        ],
        "type": "Point"
      },
      "properties": {
        "arma": "",
        "bairro": "",
        "cidade": "BOA VIAGEM",
        "data": "2026-08-11",
        "hora": "6:00:00",
        "id": "4506167.0",
        "idade": "",
        "local": "UNNAMED ROAD",
        "region": "interior",
        "related_ids": [
          "4506167.0"
        ],
        "rua": "UNNAMED ROAD",
        "sexo": "",
        "tipo_evento": "HOMICIDIO DOLOSO",
        "vitimas": 1
      },
      "type": "Feature"
    },
    {
      "geometry": {
        "coordinates": [
          -38.5383440327,
          -3.8394122819
        ],
        "type": "Point"
      },
      "properties": {
        "arma": "",
        "bairro": "PREFEITO JOSE WALTER",
        "cidade": "FORTALEZA",
        "data": "2026-08-13",
        "hora": "13:24:00",
        "id": "4506140.0",
        "idade": "",
        "local": "UNNAMED ROAD",
        "region": "fortaleza",
        "related_ids": [
          "4506140.0"
        ],
        "rua": "UNNAMED ROAD",
        "sexo": "",
        "tipo_evento": "HOMICIDIO DOLOSO",
        "vitimas": 1
      },
      "type": "Feature"
    },
    {
      "geometry": {
        "coordinates": [
          -39.8223551899,
          -5.2344295729
        ],
        "type": "Point"
      },
      "properties": {
        "arma": "",
        "bairro": "",
        "cidade": "BOA VIAGEM",
        "data": "2026-08-13",
        "hora": "21:40:00",
        "id": "4506169.0",
        "idade": "",
        "local": "FAZENDA ANTÔNIO",
        "region": "interior",
        "related_ids": [
          "4506169.0"
        ],
        "rua": "FAZENDA ANTÔNIO",
        "sexo": "",
        "tipo_evento": "HOMICIDIO DOLOSO",
        "vitimas": 1
      },
      "type": "Feature"
    },
    {
      "geometry": {
        "coordinates": [
          -40.2106942446,
          -3.4634382182
        ],
        "type": "Point"
      },
      "properties": {
        "arma": "",
        "bairro": "SANTANA DO ACARAU",
        "cidade": "SANTANA DO ACARAU",
        "data": "2026-08-13",
        "hora": "7:30:00",
        "id": "4506195.0",
        "idade": "",
        "local": "RUA MANOEL JOAQUIM",
        "region": "interior",
        "related_ids": [
          "4506195.0"
        ],
        "rua": "RUA MANOEL JOAQUIM",
        "sexo": "",
        "tipo_evento": "HOMICIDIO DOLOSO",
        "vitimas": 1
      },
      "type": "Feature"
    },
    {
      "geometry": {
        "coordinates": [
          -39.8461540208,
          -3.2018908363
        ],
        "type": "Point"
      },
      "properties": {
        "arma": "",
        "bairro": "",
        "cidade": "AMONTADA",
        "data": "2026-08-14",
        "hora": "0:08:00",
        "id": "4506160.0",
        "idade": "",
        "local": "ESTRADA NASCENTE PATOS",
        "region": "interior",
        "related_ids": [
          "4506160.0"
        ],
        "rua": "ESTRADA NASCENTE PATOS",
        "sexo": "",
        "tipo_evento": "HOMICIDIO DOLOSO",
        "vitimas": 1
      },
      "type": "Feature"
    },
    {
      "geometry": {
        "coordinates": [
          -39.5488674477,
          -3.7399357603
        ],
        "type": "Point"
      },
      "properties": {
        "arma": "",
        "bairro": "ITAPAJE",
        "cidade": "ITAPAGE",
        "data": "2026-08-14",
        "hora": "21:15:00",
        "id": "4506180.0",
        "idade": "",
        "local": "RUA ANTÔNIO CUSTÓDIO DE MESQUITA",
        "region": "interior",
        "related_ids": [
          "4506180.0",
          "4506179.0"
        ],
        "rua": "RUA ANTÔNIO CUSTÓDIO DE MESQUITA",
        "sexo": "",
        "tipo_evento": "HOMICIDIO DOLOSO",
        "vitimas": 2
      },
      "type": "Feature"
    },
    {
      "geometry": {
        "coordinates": [
          -38.4747112766,
          -3.9363782925
        ],
        "type": "Point"
      },
      "properties": {
        "arma": "",
        "bairro": "",
        "cidade": "AQUIRAZ",
        "data": "2026-08-14",
        "hora": "7:00:00",
        "id": "4506124.0",
        "idade": "",
        "local": "UNNAMED ROAD",
        "region": "rmf",
        "related_ids": [
          "4506124.0"
        ],
        "rua": "UNNAMED ROAD",
        "sexo": "",
        "tipo_evento": "HOMICIDIO DOLOSO",
        "vitimas": 1
      },
      "type": "Feature"
    },
    {
      "geometry": {
        "coordinates": [
          -38.6331617343,
          -3.7500344669
        ],
        "type": "Point"
      },
      "properties": {
        "arma": "",
        "bairro": "ANTONIO BEZERRA",
        "cidade": "CAUCAIA",
        "data": "2026-08-14",
        "hora": "7:30:00",
        "id": "4506125.0",
        "idade": "",
        "local": "RODOVIA PRESIDENTE JUSCELINO KUBITSCHEK",
        "region": "rmf",
        "related_ids": [
          "4506125.0"
        ],
        "rua": "RODOVIA PRESIDENTE JUSCELINO KUBITSCHEK",
        "sexo": "",
        "tipo_evento": "HOMICIDIO DOLOSO",
        "vitimas": 1
      },
      "type": "Feature"
    },
    {
      "geometry": {
        "coordinates": [
          -38.5280642766,
          -3.8524089961
        ],
        "type": "Point"
      },
      "properties": {
        "arma": "",
        "bairro": "CONJUNTO PALMEIRAS",
        "cidade": "FORTALEZA",
        "data": "2026-08-14",
        "hora": "8:09:00",
        "id": "4506136.0",
        "idade": "",
        "local": "RUA PATATIVA DO ASSARÉ",
        "region": "fortaleza",
        "related_ids": [
          "4506136.0"
        ],
        "rua": "RUA PATATIVA DO ASSARÉ",
        "sexo": "",
        "tipo_evento": "HOMICIDIO DOLOSO",
        "vitimas": 1
      },
      "type": "Feature"
    },
    {
      "geometry": {
        "coordinates": [
          -38.5688889054,
          -3.7091238708
        ],
        "type": "Point"
      },
      "properties": {
        "arma": "",
        "bairro": "CIRSTO REDENTOR",
        "cidade": "FORTALEZA",
        "data": "2026-08-15",
        "hora": "13:17:00",
        "id": "4506132.0",
        "idade": "",
        "local": "RUA ALVES DE LIMA",
        "region": "fortaleza",
        "related_ids": [
          "4506132.0"
        ],
        "rua": "RUA ALVES DE LIMA",
        "sexo": "",
        "tipo_evento": "HOMICIDIO DOLOSO",
        "vitimas": 1
      },
      "type": "Feature"
    },
    {
      "geometry": {
        "coordinates": [
          -38.5113674477,
          -3.7991238751
        ],
        "type": "Point"
      },
      "properties": {
        "arma": "",
        "bairro": "CAJAZEIRAS",
        "cidade": "FORTALEZA",
        "data": "2026-08-15",
        "hora": "5:11:00",
        "id": "4506143.0",
        "idade": "",
        "local": "RUA PADRE PAULINO",
        "region": "fortaleza",
        "related_ids": [
          "4506143.0"
        ],
        "rua": "RUA PADRE PAULINO",
        "sexo": "",
        "tipo_evento": "HOMICIDIO DOLOSO",
        "vitimas": 1
      },
      "type": "Feature"
    },
    {
      "geometry": {
        "coordinates": [
          -38.477108975,
          -3.7215289652
        ],
        "type": "Point"
      },
      "properties": {
        "arma": "",
        "bairro": "CAIS DO PORTO",
        "cidade": "FORTALEZA",
        "data": "2026-08-16",
        "hora": "22:33:00",
        "id": "4506146.0",
        "idade": "",
        "local": "RUA MANUEL DIAS BRANCO",
        "region": "fortaleza",
        "related_ids": [
          "4506146.0"
        ],
        "rua": "RUA MANUEL DIAS BRANCO",
        "sexo": "",
        "tipo_evento": "HOMICIDIO DOLOSO",
        "vitimas": 1
      },
      "type": "Feature"
    },
    {
      "geometry": {
        "coordinates": [
          -39.7280556054,
          -5.1172115088
        ],
        "type": "Point"
      },
      "properties": {
        "arma": "",
        "bairro": "",
        "cidade": "BOA VIAGEM",
        "data": "2026-08-16",
        "hora": "4:30:00",
        "id": "4506165.0",
        "idade": "",
        "local": "RUA DOUTOR SÓLON XIMENES ARAGÃO",
        "region": "interior",
        "related_ids": [
          "4506165.0"
        ],
        "rua": "RUA DOUTOR SÓLON XIMENES ARAGÃO",
        "sexo": "",
        "tipo_evento": "HOMICIDIO DOLOSO",
        "vitimas": 1
      },
      "type": "Feature"
    },
    {
      "geometry": {
        "coordinates": [
          -41.0100107327,
          -3.730256384
        ],
        "type": "Point"
      },
      "properties": {
        "arma": "",
        "bairro": "TIANGUA",
        "cidade": "TIANGUA",
        "data": "2026-08-16",
        "hora": "9:00:00",
        "id": "4506199.0",
        "idade": "",
        "local": "RUA EXPEDITO COELHO DE MORAIS",
        "region": "interior",
        "related_ids": [
          "4506199.0"
        ],
        "rua": "RUA EXPEDITO COELHO DE MORAIS",
        "sexo": "",
        "tipo_evento": "HOMICIDIO DOLOSO",
        "vitimas": 1
      },
      "type": "Feature"
    },
    {
      "geometry": {
        "coordinates": [
          -40.9154505363,
          -3.8702756914
        ],
        "type": "Point"
      },
      "properties": {
        "arma": "",
        "bairro": "",
        "cidade": "UBAJARA",
        "data": "2026-08-17",
        "hora": "10:30:00",
        "id": "4506201.0",
        "idade": "",
        "local": "CE-187",
        "region": "interior",
        "related_ids": [
          "4506201.0"
        ],
        "rua": "CE-187",
        "sexo": "",
        "tipo_evento": "HOMICIDIO DOLOSO",
        "vitimas": 1
      },
      "type": "Feature"
    },
    {
      "geometry": {
        "coordinates": [
          -40.9883440327,
          -3.729978584
        ],
        "type": "Point"
      },
      "properties": {
        "arma": "",
        "bairro": "",
        "cidade": "TIANGUA",
        "data": "2026-08-17",
        "hora": "14:30:00",
        "id": "4506200.0",
        "idade": "",
        "local": "PRAÇA",
        "region": "interior",
        "related_ids": [
          "4506200.0"
        ],
        "rua": "PRAÇA",
        "sexo": "",
        "tipo_evento": "HOMICIDIO DOLOSO",
        "vitimas": 1
      },
      "type": "Feature"
    },
    {
      "geometry": {
        "coordinates": [
          -38.241655975,
          -4.1313674939
        ],
        "type": "Point"
      },
      "properties": {
        "arma": "",
        "bairro": "",
        "cidade": "CASCAVEL",
        "data": "2026-08-17",
        "hora": "23:01:00",
        "id": "4506129.0",
        "idade": "",
        "local": "RUA CORONEL BIA",
        "region": "rmf",
        "related_ids": [
          "4506129.0"
        ],
        "rua": "RUA CORONEL BIA",
        "sexo": "",
        "tipo_evento": "HOMICIDIO DOLOSO",
        "vitimas": 1
      },
      "type": "Feature"
    },
    {
      "geometry": {
        "coordinates": [
          -38.0716309359,
          -5.1818933154
        ],
        "type": "Point"
      },
      "properties": {
        "arma": "",
        "bairro": "LIMOEIRO DO NORTE",
        "cidade": "LIMOEIRO DO NORTE",
        "data": "2026-08-17",
        "hora": "6:00:00",
        "id": "4506185.0",
        "idade": "",
        "local": "ESTRADA PASTA-MORROS",
        "region": "interior",
        "related_ids": [
          "4506185.0"
        ],
        "rua": "ESTRADA PASTA-MORROS",
        "sexo": "",
        "tipo_evento": "HOMICIDIO DOLOSO",
        "vitimas": 1
      },
      "type": "Feature"
    },
    {
      "geometry": {
        "coordinates": [
          -40.747489275,
          -4.1597007947
        ],
        "type": "Point"
      },
      "properties": {
        "arma": "",
        "bairro": "",
        "cidade": "GUARACIABA DO NORTE",
        "data": "2026-08-17",
        "hora": "7:00:00",
        "id": "4506177.0",
        "idade": "",
        "local": "RUA TANCREDO DE SOUZA CARVALHO",
        "region": "interior",
        "related_ids": [
          "4506177.0",
          "4506176.0"
        ],
        "rua": "RUA TANCREDO DE SOUZA CARVALHO",
        "sexo": "",
        "tipo_evento": "HOMICIDIO DOLOSO",
        "vitimas": 2
      },
      "type": "Feature"
    },
    {
      "geometry": {
        "coordinates": [
          -41.2753566099,
          -2.8951107294
        ],
        "type": "Point"
      },
      "properties": {
        "arma": "",
        "bairro": "",
        "cidade": "BARROQUINHA",
        "data": "2026-08-18",
        "hora": "2:45:00",
        "id": "4506163.0",
        "idade": "",
        "local": "RUA COMÉRCIO",
        "region": "interior",
        "related_ids": [
          "4506163.0"
        ],
        "rua": "RUA COMÉRCIO",
        "sexo": "",
        "tipo_evento": "HOMICIDIO DOLOSO",
        "vitimas": 1
      },
      "type": "Feature"
    },
    {
      "geometry": {
        "coordinates": [
          -39.4170707192,
          -7.2250578745
        ],
        "type": "Point"
      },
      "properties": {
        "arma": "",
        "bairro": "",
        "cidade": "CRATO",
        "data": "2026-08-19",
        "hora": "0:30:00",
        "id": "4513376.0",
        "idade": "",
        "local": "AVENIDA JOAQUIM PINHEIRO BEZERRA DE MENEZES",
        "region": "interior",
        "related_ids": [
          "4513376.0"
        ],
        "rua": "AVENIDA JOAQUIM PINHEIRO BEZERRA DE MENEZES",
        "sexo": "",
        "tipo_evento": "HOMICIDIO DOLOSO",
        "vitimas": 1
      },
      "type": "Feature"
    },
    {
      "geometry": {
        "coordinates": [
          -38.5314989039,
          -3.8615463916
        ],
        "type": "Point"
      },
      "properties": {
        "arma": "",
        "bairro": "CONJUNTO PALMEIRAS",
        "cidade": "FORTALEZA",
        "data": "2026-08-19",
        "hora": "10:00:00",
        "id": "4513345.0",
        "idade": "",
        "local": "RODOVIA QUARTO ANEL VIÁRIO",
        "region": "fortaleza",
        "related_ids": [
          "4513345.0"
        ],
        "rua": "RODOVIA QUARTO ANEL VIÁRIO",
        "sexo": "",
        "tipo_evento": "HOMICIDIO DOLOSO",
        "vitimas": 1
      },
      "type": "Feature"
    },
    {
      "geometry": {
        "coordinates": [
          -38.4931705361,
          -3.8058960197
        ],
        "type": "Point"
      },
      "properties": {
        "arma": "",
        "bairro": "PARQUE IRACEMA",
        "cidade": "FORTALEZA",
        "data": "2026-08-19",
        "hora": "13:13:00",
        "id": "4513344.0",
        "idade": "",
        "local": "RUA JOSÉ RIBAMAR SOARES AGUIAR",
        "region": "fortaleza",
        "related_ids": [
          "4513344.0"
        ],
        "rua": "RUA JOSÉ RIBAMAR SOARES AGUIAR",
        "sexo": "",
        "tipo_evento": "HOMICIDIO DOLOSO",
        "vitimas": 1
      },
      "type": "Feature"
    },
    {
      "geometry": {
        "coordinates": [
          -39.3826021989,
          -7.3680957866
        ],
        "type": "Point"
      },
      "properties": {
        "arma": "",
        "bairro": "",
        "cidade": "BARBALHA",
        "data": "2026-08-19",
        "hora": "5:00:00",
        "id": "4506162.0",
        "idade": "",
        "local": "CE-386",
        "region": "interior",
        "related_ids": [
          "4506162.0"
        ],
        "rua": "CE-386",
        "sexo": "",
        "tipo_evento": "ROUBO SEGUIDO DE MORTE (LATROCINIO)",
        "vitimas": 1
      },
      "type": "Feature"
    },
    {
      "geometry": {
        "coordinates": [
          -38.104155975,
          -5.1494123382
        ],
        "type": "Point"
      },
      "properties": {
        "arma": "",
        "bairro": "",
        "cidade": "LIMOEIRO DO NORTE",
        "data": "2026-08-20",
        "hora": "15:00:00",
        "id": "4506186.0",
        "idade": "",
        "local": "RUA IARLEY LEITÃO CAETANO",
        "region": "interior",
        "related_ids": [
          "4506186.0"
        ],
        "rua": "RUA IARLEY LEITÃO CAETANO",
        "sexo": "",
        "tipo_evento": "FEMINICÍDIO",
        "vitimas": 1
      },
      "type": "Feature"
    },
    {
      "geometry": {
        "coordinates": [
          -38.5582447615,
          -3.8341436768
        ],
        "type": "Point"
      },
      "properties": {
        "arma": "",
        "bairro": "PREFEITO JOSE WALTER",
        "cidade": "FORTALEZA",
        "data": "2026-08-20",
        "hora": "21:49:49",
        "id": "4513346.0",
        "idade": "",
        "local": "AVENIDA E",
        "region": "fortaleza",
        "related_ids": [
          "4513346.0"
        ],
        "rua": "AVENIDA E",
        "sexo": "",
        "tipo_evento": "HOMICIDIO DOLOSO",
        "vitimas": 1
      },
      "type": "Feature"
    },
    {
      "geometry": {
        "coordinates": [
          -39.5578567615,
          -3.0871421969
        ],
        "type": "Point"
      },
      "properties": {
        "arma": "",
        "bairro": "",
        "cidade": "AMONTADA",
        "data": "2026-08-20",
        "hora": "2:00:00",
        "id": "4506161.0",
        "idade": "",
        "local": "ESTRADA DE CAETANOS DE CIMA",
        "region": "interior",
        "related_ids": [
          "4506161.0"
        ],
        "rua": "ESTRADA DE CAETANOS DE CIMA",
        "sexo": "",
        "tipo_evento": "HOMICIDIO DOLOSO",
        "vitimas": 1
      },
      "type": "Feature"
    },
    {
      "geometry": {
        "coordinates": [
          -38.5341152039,
          -3.7451201197
        ],
        "type": "Point"
      },
      "properties": {
        "arma": "",
        "bairro": "FATIMA",
        "cidade": "FORTALEZA",
        "data": "2026-08-20",
        "hora": "7:58:45",
        "id": "4506135.0",
        "idade": "",
        "local": "AVENIDA TREZE DE MAIO",
        "region": "fortaleza",
        "related_ids": [
          "4506135.0"
        ],
        "rua": "AVENIDA TREZE DE MAIO",
        "sexo": "",
        "tipo_evento": "HOMICIDIO DOLOSO",
        "vitimas": 1
      },
      "type": "Feature"
    },
    {
      "geometry": {
        "type": "Point",
        "coordinates": [
          -40.04072230765557,
          -3.0564432857
        ]
      },
      "properties": {
        "arma": "",
        "bairro": "",
        "cidade": "ACARAU",
        "data": "2026-08-21",
        "hora": "7:30:00",
        "id": "4506159.0",
        "idade": "",
        "local": "RUA VOLTA DO RIO",
        "region": "interior",
        "related_ids": [
          "4506159.0"
        ],
        "rua": "RUA VOLTA DO RIO",
        "sexo": "",
        "tipo_evento": "HOMICIDIO DOLOSO",
        "vitimas": 1,
        "geo_sanitized": true,
        "geo_sanitized_reason": "outside_ceara",
        "declared_city_norm": "ACARAU",
        "actual_city_norm_from_original_point": "",
        "original_coordinates": [
          -39.9570480569,
          -2.8573785806
        ]
      },
      "type": "Feature"
    },
    {
      "geometry": {
        "coordinates": [
          -38.5522661217,
          -3.7218795666
        ],
        "type": "Point"
      },
      "properties": {
        "arma": "",
        "bairro": "CARLITO PAMPLONA",
        "cidade": "FORTALEZA",
        "data": "2026-08-22",
        "hora": "11:09:32",
        "id": "4513324.0",
        "idade": "",
        "local": "RUA AMETISTA",
        "region": "fortaleza",
        "related_ids": [
          "4513324.0"
        ],
        "rua": "RUA AMETISTA",
        "sexo": "",
        "tipo_evento": "HOMICIDIO DOLOSO",
        "vitimas": 1
      },
      "type": "Feature"
    },
    {
      "geometry": {
        "coordinates": [
          -40.9375215039,
          -4.0632904978
        ],
        "type": "Point"
      },
      "properties": {
        "arma": "",
        "bairro": "SAO BENEDITO",
        "cidade": "CARNAUBAL",
        "data": "2026-08-22",
        "hora": "15:30:00",
        "id": "4506172.0",
        "idade": "",
        "local": "ESTRADA FAZENDINHA",
        "region": "interior",
        "related_ids": [
          "4506172.0"
        ],
        "rua": "ESTRADA FAZENDINHA",
        "sexo": "",
        "tipo_evento": "HOMICIDIO DOLOSO",
        "vitimas": 1
      },
      "type": "Feature"
    },
    {
      "geometry": {
        "coordinates": [
          -38.4563795459,
          -3.8240251044
        ],
        "type": "Point"
      },
      "properties": {
        "arma": "",
        "bairro": "LAGOA REDONDA",
        "cidade": "FORTALEZA",
        "data": "2026-08-22",
        "hora": "19:20:57",
        "id": "4506144.0",
        "idade": "",
        "local": "AVENIDA PROFESSOR JOSÉ ARTHUR DE CARVALHO",
        "region": "fortaleza",
        "related_ids": [
          "4506144.0"
        ],
        "rua": "AVENIDA PROFESSOR JOSÉ ARTHUR DE CARVALHO",
        "sexo": "",
        "tipo_evento": "HOMICIDIO DOLOSO",
        "vitimas": 1
      },
      "type": "Feature"
    },
    {
      "geometry": {
        "coordinates": [
          -40.7276086993,
          -3.8386142319
        ],
        "type": "Point"
      },
      "properties": {
        "arma": "",
        "bairro": "",
        "cidade": "MUCAMBO",
        "data": "2026-08-22",
        "hora": "22:38:00",
        "id": "4513394.0",
        "idade": "",
        "local": "",
        "region": "interior",
        "related_ids": [
          "4513394.0"
        ],
        "rua": "",
        "sexo": "",
        "tipo_evento": "HOMICIDIO DOLOSO",
        "vitimas": 1
      },
      "type": "Feature"
    },
    {
      "geometry": {
        "coordinates": [
          -40.4588824615,
          -2.8963502819
        ],
        "type": "Point"
      },
      "properties": {
        "arma": "",
        "bairro": "JIJOCA DE JERICOACOARA",
        "cidade": "JIJOCA DE JERICOACOARA",
        "data": "2026-08-22",
        "hora": "3:30:00",
        "id": "4506181.0",
        "idade": "",
        "local": "RUA RAIMUNDO BASTOS",
        "region": "interior",
        "related_ids": [
          "4506181.0"
        ],
        "rua": "RUA RAIMUNDO BASTOS",
        "sexo": "",
        "tipo_evento": "HOMICIDIO DOLOSO",
        "vitimas": 1
      },
      "type": "Feature"
    },
    {
      "geometry": {
        "coordinates": [
          -38.5728882576,
          -3.8786461783
        ],
        "type": "Point"
      },
      "properties": {
        "arma": "",
        "bairro": "PLANALTO AYRTON SENNA",
        "cidade": "PACATUBA",
        "data": "2026-08-23",
        "hora": "13:46:53",
        "id": "4513355.0",
        "idade": "",
        "local": "",
        "region": "rmf",
        "related_ids": [
          "4513355.0"
        ],
        "rua": "",
        "sexo": "",
        "tipo_evento": "HOMICIDIO DOLOSO",
        "vitimas": 1
      },
      "type": "Feature"
    },
    {
      "geometry": {
        "coordinates": [
          -40.872007689,
          -4.5333599824
        ],
        "type": "Point"
      },
      "properties": {
        "arma": "",
        "bairro": "IPUEIRAS",
        "cidade": "IPUEIRAS",
        "data": "2026-08-23",
        "hora": "17:30:00",
        "id": "4513384.0",
        "idade": "",
        "local": "",
        "region": "interior",
        "related_ids": [
          "4513384.0"
        ],
        "rua": "",
        "sexo": "",
        "tipo_evento": "HOMICIDIO DOLOSO",
        "vitimas": 1
      },
      "type": "Feature"
    },
    {
      "geometry": {
        "coordinates": [
          -38.5263033615,
          -3.8126996758
        ],
        "type": "Point"
      },
      "properties": {
        "arma": "",
        "bairro": "PASSARE",
        "cidade": "FORTALEZA",
        "data": "2026-08-23",
        "hora": "7:19:00",
        "id": "4506142.0",
        "idade": "",
        "local": "RUA REGINA DE FÁTIMA",
        "region": "fortaleza",
        "related_ids": [
          "4506142.0"
        ],
        "rua": "RUA REGINA DE FÁTIMA",
        "sexo": "",
        "tipo_evento": "HOMICIDIO DOLOSO",
        "vitimas": 1
      },
      "type": "Feature"
    },
    {
      "geometry": {
        "coordinates": [
          -38.8307070327,
          -3.5484457799
        ],
        "type": "Point"
      },
      "properties": {
        "arma": "",
        "bairro": "",
        "cidade": "SAO GONCALO DO AMARANTE",
        "data": "2026-08-24",
        "hora": "15:00:00",
        "id": "4513356.0",
        "idade": "",
        "local": "RUA RAIMUNDO LAUREANO SAMPAIO",
        "region": "rmf",
        "related_ids": [
          "4513356.0"
        ],
        "rua": "RUA RAIMUNDO LAUREANO SAMPAIO",
        "sexo": "",
        "tipo_evento": "HOMICIDIO DOLOSO",
        "vitimas": 1
      },
      "type": "Feature"
    },
    {
      "geometry": {
        "coordinates": [
          -39.2338542144,
          -7.1854895402
        ],
        "type": "Point"
      },
      "properties": {
        "arma": "",
        "bairro": "",
        "cidade": "JUAZEIRO DO NORTE",
        "data": "2026-08-24",
        "hora": "19:36:00",
        "id": "4513390.0",
        "idade": "",
        "local": "",
        "region": "interior",
        "related_ids": [
          "4513390.0"
        ],
        "rua": "",
        "sexo": "",
        "tipo_evento": "HOMICIDIO DOLOSO",
        "vitimas": 1
      },
      "type": "Feature"
    },
    {
      "geometry": {
        "coordinates": [
          -39.1449403447,
          -3.4553872738
        ],
        "type": "Point"
      },
      "properties": {
        "arma": "",
        "bairro": "PARAIPABA",
        "cidade": "PARAIPABA",
        "data": "2026-08-24",
        "hora": "20:00:00",
        "id": "4513395.0",
        "idade": "",
        "local": "",
        "region": "rmf",
        "related_ids": [
          "4513395.0"
        ],
        "rua": "",
        "sexo": "",
        "tipo_evento": "HOMICIDIO DOLOSO",
        "vitimas": 1
      },
      "type": "Feature"
    },
    {
      "geometry": {
        "coordinates": [
          -38.5180144092,
          -3.8418420914
        ],
        "type": "Point"
      },
      "properties": {
        "arma": "",
        "bairro": "JANGURURSSU",
        "cidade": "FORTALEZA",
        "data": "2026-08-24",
        "hora": "23:26:01",
        "id": "4513336.0",
        "idade": "",
        "local": "RUA SANTA PRUDENCÍANA",
        "region": "fortaleza",
        "related_ids": [
          "4513336.0"
        ],
        "rua": "RUA SANTA PRUDENCÍANA",
        "sexo": "",
        "tipo_evento": "HOMICIDIO DOLOSO",
        "vitimas": 1
      },
      "type": "Feature"
    },
    {
      "geometry": {
        "coordinates": [
          -40.4125000039,
          -3.9430127823
        ],
        "type": "Point"
      },
      "properties": {
        "arma": "",
        "bairro": "",
        "cidade": "CARIRE",
        "data": "2026-08-25",
        "hora": "12:00:00",
        "id": "4513373.0",
        "idade": "",
        "local": "",
        "region": "interior",
        "related_ids": [
          "4513373.0"
        ],
        "rua": "",
        "sexo": "",
        "tipo_evento": "HOMICIDIO DOLOSO",
        "vitimas": 1
      },
      "type": "Feature"
    },
    {
      "geometry": {
        "coordinates": [
          -38.6701042904,
          -3.7071758643
        ],
        "type": "Point"
      },
      "properties": {
        "arma": "",
        "bairro": "IPARANA",
        "cidade": "CAUCAIA",
        "data": "2026-08-25",
        "hora": "14:44:19",
        "id": "4513315.0",
        "idade": "",
        "local": "RUA CURITIBA",
        "region": "rmf",
        "related_ids": [
          "4513315.0"
        ],
        "rua": "RUA CURITIBA",
        "sexo": "",
        "tipo_evento": "HOMICIDIO DOLOSO",
        "vitimas": 1
      },
      "type": "Feature"
    },
    {
      "geometry": {
        "coordinates": [
          -38.1866881615,
          -4.0568908861
        ],
        "type": "Point"
      },
      "properties": {
        "arma": "",
        "bairro": "",
        "cidade": "CASCAVEL",
        "data": "2026-08-25",
        "hora": "21:40:00",
        "id": "4513319.0",
        "idade": "",
        "local": "RUA PONTA DA AREIA",
        "region": "rmf",
        "related_ids": [
          "4513319.0"
        ],
        "rua": "RUA PONTA DA AREIA",
        "sexo": "",
        "tipo_evento": "HOMICIDIO DOLOSO",
        "vitimas": 1
      },
      "type": "Feature"
    },
    {
      "geometry": {
        "coordinates": [
          -40.7133440327,
          -4.4052243099
        ],
        "type": "Point"
      },
      "properties": {
        "arma": "",
        "bairro": "",
        "cidade": "IPU",
        "data": "2026-08-25",
        "hora": "5:00:00",
        "id": "4513383.0",
        "idade": "",
        "local": "RODOVIA GOVERNADOR CÉSAR CALS DE OLIVEIRA FILHO",
        "region": "interior",
        "related_ids": [
          "4513383.0"
        ],
        "rua": "RODOVIA GOVERNADOR CÉSAR CALS DE OLIVEIRA FILHO",
        "sexo": "",
        "tipo_evento": "HOMICIDIO DOLOSO",
        "vitimas": 1
      },
      "type": "Feature"
    },
    {
      "geometry": {
        "coordinates": [
          -40.2205403631,
          -2.977139136
        ],
        "type": "Point"
      },
      "properties": {
        "arma": "",
        "bairro": "",
        "cidade": "BELA CRUZ",
        "data": "2026-08-27",
        "hora": "18:00:00",
        "id": "4513365.0",
        "idade": "",
        "local": "",
        "region": "interior",
        "related_ids": [
          "4513365.0"
        ],
        "rua": "",
        "sexo": "",
        "tipo_evento": "HOMICIDIO DOLOSO",
        "vitimas": 1
      },
      "type": "Feature"
    },
    {
      "geometry": {
        "coordinates": [
          -38.9702885288,
          -3.6005502462
        ],
        "type": "Point"
      },
      "properties": {
        "arma": "",
        "bairro": "",
        "cidade": "SAO GONCALO DO AMARANTE",
        "data": "2026-08-27",
        "hora": "19:21:00",
        "id": "4513357.0",
        "idade": "",
        "local": "ROTA DO SOL POENTE",
        "region": "rmf",
        "related_ids": [
          "4513357.0"
        ],
        "rua": "ROTA DO SOL POENTE",
        "sexo": "",
        "tipo_evento": "HOMICIDIO DOLOSO",
        "vitimas": 1
      },
      "type": "Feature"
    },
    {
      "geometry": {
        "coordinates": [
          -38.4742029039,
          -3.8208959011
        ],
        "type": "Point"
      },
      "properties": {
        "arma": "",
        "bairro": "CURIO",
        "cidade": "FORTALEZA",
        "data": "2026-08-27",
        "hora": "20:00:00",
        "id": "4513338.0",
        "idade": "",
        "local": "RUA CAIO FACÓ",
        "region": "fortaleza",
        "related_ids": [
          "4513338.0"
        ],
        "rua": "RUA CAIO FACÓ",
        "sexo": "",
        "tipo_evento": "HOMICIDIO DOLOSO",
        "vitimas": 1
      },
      "type": "Feature"
    },
    {
      "geometry": {
        "coordinates": [
          -39.4696832862,
          -5.7930202382
        ],
        "type": "Point"
      },
      "properties": {
        "arma": "",
        "bairro": "",
        "cidade": "PIQUET CARNEIRO",
        "data": "2026-08-28",
        "hora": "12:00:00",
        "id": "4513398.0",
        "idade": "",
        "local": "",
        "region": "interior",
        "related_ids": [
          "4513398.0"
        ],
        "rua": "",
        "sexo": "",
        "tipo_evento": "HOMICIDIO DOLOSO",
        "vitimas": 1
      },
      "type": "Feature"
    },
    {
      "geometry": {
        "coordinates": [
          -40.3445540208,
          -3.6925871102
        ],
        "type": "Point"
      },
      "properties": {
        "arma": "",
        "bairro": "",
        "cidade": "SOBRAL",
        "data": "2026-08-28",
        "hora": "21:30:00",
        "id": "4513409.0",
        "idade": "",
        "local": "RUA VEREADOR FRANCISCO FÉLIX PORTO",
        "region": "interior",
        "related_ids": [
          "4513409.0"
        ],
        "rua": "RUA VEREADOR FRANCISCO FÉLIX PORTO",
        "sexo": "",
        "tipo_evento": "HOMICIDIO DOLOSO",
        "vitimas": 1
      },
      "type": "Feature"
    },
    {
      "geometry": {
        "coordinates": [
          -38.5873806766,
          -3.8084640859
        ],
        "type": "Point"
      },
      "properties": {
        "arma": "",
        "bairro": "MANOEL SATIRO",
        "cidade": "FORTALEZA",
        "data": "2026-08-28",
        "hora": "22:00:00",
        "id": "4513326.0",
        "idade": "",
        "local": "RUA 104",
        "region": "fortaleza",
        "related_ids": [
          "4513326.0",
          "4513347.0"
        ],
        "rua": "RUA 104",
        "sexo": "",
        "tipo_evento": "HOMICIDIO DOLOSO",
        "vitimas": 2
      },
      "type": "Feature"
    },
    {
      "geometry": {
        "coordinates": [
          -40.7683669518,
          -4.1596447178
        ],
        "type": "Point"
      },
      "properties": {
        "arma": "",
        "bairro": "",
        "cidade": "GUARACIABA DO NORTE",
        "data": "2026-08-28",
        "hora": "3:15:00",
        "id": "4513380.0",
        "idade": "",
        "local": "",
        "region": "interior",
        "related_ids": [
          "4513380.0"
        ],
        "rua": "",
        "sexo": "",
        "tipo_evento": "HOMICIDIO DOLOSO",
        "vitimas": 1
      },
      "type": "Feature"
    },
    {
      "geometry": {
        "coordinates": [
          -40.8766667039,
          -2.9119336821
        ],
        "type": "Point"
      },
      "properties": {
        "arma": "",
        "bairro": "",
        "cidade": "CAMOCIM",
        "data": "2026-08-29",
        "hora": "16:30:00",
        "id": "4513371.0",
        "idade": "",
        "local": "RUA BENITO TAVARES",
        "region": "interior",
        "related_ids": [
          "4513371.0"
        ],
        "rua": "RUA BENITO TAVARES",
        "sexo": "",
        "tipo_evento": "HOMICIDIO DOLOSO",
        "vitimas": 1
      },
      "type": "Feature"
    },
    {
      "geometry": {
        "coordinates": [
          -41.0058350343,
          -3.731542378
        ],
        "type": "Point"
      },
      "properties": {
        "arma": "",
        "bairro": "TIANGUA",
        "cidade": "TIANGUA",
        "data": "2026-08-29",
        "hora": "16:55:00",
        "id": "4513413.0",
        "idade": "",
        "local": "RUA DO MEIO",
        "region": "interior",
        "related_ids": [
          "4513413.0"
        ],
        "rua": "RUA DO MEIO",
        "sexo": "",
        "tipo_evento": "HOMICIDIO DOLOSO",
        "vitimas": 1
      },
      "type": "Feature"
    },
    {
      "geometry": {
        "coordinates": [
          -38.1116988904,
          -4.1558011939
        ],
        "type": "Point"
      },
      "properties": {
        "arma": "",
        "bairro": "",
        "cidade": "BEBERIBE",
        "data": "2026-08-29",
        "hora": "18:30:00",
        "id": "4513364.0",
        "idade": "",
        "local": "",
        "region": "rmf",
        "related_ids": [
          "4513364.0"
        ],
        "rua": "",
        "sexo": "",
        "tipo_evento": "HOMICIDIO DOLOSO",
        "vitimas": 1
      },
      "type": "Feature"
    },
    {
      "geometry": {
        "coordinates": [
          -39.1341717017,
          -4.8449867611
        ],
        "type": "Point"
      },
      "properties": {
        "arma": "",
        "bairro": "",
        "cidade": "CHORO",
        "data": "2026-08-29",
        "hora": "21:10:00",
        "id": "4513375.0",
        "idade": "",
        "local": "TRAVESSA MILTON JUCA",
        "region": "interior",
        "related_ids": [
          "4513375.0"
        ],
        "rua": "TRAVESSA MILTON JUCA",
        "sexo": "",
        "tipo_evento": "HOMICIDIO DOLOSO",
        "vitimas": 1
      },
      "type": "Feature"
    },
    {
      "geometry": {
        "coordinates": [
          -38.5420739477,
          -3.9794682782
        ],
        "type": "Point"
      },
      "properties": {
        "arma": "",
        "bairro": "ITAITINGA",
        "cidade": "ITAITINGA",
        "data": "2026-08-29",
        "hora": "23:21:00",
        "id": "4513350.0",
        "idade": "",
        "local": "RUA LOURIVAI TAVARES",
        "region": "rmf",
        "related_ids": [
          "4513350.0"
        ],
        "rua": "RUA LOURIVAI TAVARES",
        "sexo": "",
        "tipo_evento": "HOMICIDIO DOLOSO",
        "vitimas": 1
      },
      "type": "Feature"
    },
    {
      "geometry": {
        "coordinates": [
          -40.8805556039,
          -4.0052242828
        ],
        "type": "Point"
      },
      "properties": {
        "arma": "",
        "bairro": "",
        "cidade": "SAO BENEDITO",
        "data": "2026-08-29",
        "hora": "9:00:00",
        "id": "4513406.0",
        "idade": "",
        "local": "",
        "region": "interior",
        "related_ids": [
          "4513406.0"
        ],
        "rua": "",
        "sexo": "",
        "tipo_evento": "HOMICIDIO DOLOSO",
        "vitimas": 1
      },
      "type": "Feature"
    },
    {
      "geometry": {
        "coordinates": [
          -41.0033263455,
          -3.7266629338
        ],
        "type": "Point"
      },
      "properties": {
        "arma": "",
        "bairro": "TIANGUA",
        "cidade": "TIANGUA",
        "data": "2026-08-30",
        "hora": "10:30:00",
        "id": "4513414.0",
        "idade": "",
        "local": "RUA 13 DE JUNHO",
        "region": "interior",
        "related_ids": [
          "4513414.0"
        ],
        "rua": "RUA 13 DE JUNHO",
        "sexo": "",
        "tipo_evento": "HOMICIDIO DOLOSO",
        "vitimas": 1
      },
      "type": "Feature"
    },
    {
      "geometry": {
        "coordinates": [
          -39.408905975,
          -5.8097393204
        ],
        "type": "Point"
      },
      "properties": {
        "arma": "",
        "bairro": "",
        "cidade": "PIQUET CARNEIRO",
        "data": "2026-08-30",
        "hora": "3:20:00",
        "id": "4513397.0",
        "idade": "",
        "local": "",
        "region": "interior",
        "related_ids": [
          "4513397.0"
        ],
        "rua": "",
        "sexo": "",
        "tipo_evento": "HOMICIDIO DOLOSO",
        "vitimas": 1
      },
      "type": "Feature"
    },
    {
      "geometry": {
        "coordinates": [
          -41.2727870959,
          -2.8929419134
        ],
        "type": "Point"
      },
      "properties": {
        "arma": "",
        "bairro": "",
        "cidade": "BARROQUINHA",
        "data": "2026-08-30",
        "hora": "7:45:00",
        "id": "4513362.0",
        "idade": "",
        "local": "RUA GONÇALA",
        "region": "interior",
        "related_ids": [
          "4513362.0"
        ],
        "rua": "RUA GONÇALA",
        "sexo": "",
        "tipo_evento": "HOMICIDIO DOLOSO",
        "vitimas": 1
      },
      "type": "Feature"
    },
    {
      "geometry": {
        "coordinates": [
          -39.2973440327,
          -6.7826943932
        ],
        "type": "Point"
      },
      "properties": {
        "arma": "",
        "bairro": "VARZEA ALEGRE",
        "cidade": "VARZEA ALEGRE",
        "data": "2026-08-30",
        "hora": "9:40:00",
        "id": "4513418.0",
        "idade": "",
        "local": "RUA MARIA NELI CARDOSO",
        "region": "interior",
        "related_ids": [
          "4513418.0"
        ],
        "rua": "RUA MARIA NELI CARDOSO",
        "sexo": "",
        "tipo_evento": "HOMICIDIO DOLOSO",
        "vitimas": 1
      },
      "type": "Feature"
    },
    {
      "geometry": {
        "coordinates": [
          -40.3767110327,
          -3.6668498757
        ],
        "type": "Point"
      },
      "properties": {
        "arma": "",
        "bairro": "",
        "cidade": "SOBRAL",
        "data": "2026-08-31",
        "hora": "1:20:00",
        "id": "4513408.0",
        "idade": "",
        "local": "RUA JANDÁIA",
        "region": "interior",
        "related_ids": [
          "4513408.0"
        ],
        "rua": "RUA JANDÁIA",
        "sexo": "",
        "tipo_evento": "HOMICIDIO DOLOSO",
        "vitimas": 1
      },
      "type": "Feature"
    },
    {
      "geometry": {
        "coordinates": [
          -40.6166206998,
          -4.059504935
        ],
        "type": "Point"
      },
      "properties": {
        "arma": "",
        "bairro": "",
        "cidade": "RERIUTABA",
        "data": "2026-08-31",
        "hora": "7:30:00",
        "id": "4513403.0",
        "idade": "",
        "local": "",
        "region": "interior",
        "related_ids": [
          "4513403.0"
        ],
        "rua": "",
        "sexo": "",
        "tipo_evento": "HOMICIDIO DOLOSO",
        "vitimas": 1
      },
      "type": "Feature"
    },
    {
      "geometry": {
        "coordinates": [
          -40.8725863302,
          -3.7347683516
        ],
        "type": "Point"
      },
      "properties": {
        "arma": "",
        "bairro": "",
        "cidade": "FRECHEIRINHA",
        "data": "2026-08-31",
        "hora": "9:30:00",
        "id": "4513379.0",
        "idade": "",
        "local": "",
        "region": "interior",
        "related_ids": [
          "4513379.0"
        ],
        "rua": "",
        "sexo": "",
        "tipo_evento": "HOMICIDIO DOLOSO",
        "vitimas": 1
      },
      "type": "Feature"
    },
    {
      "geometry": {
        "coordinates": [
          -38.5169938768,
          -3.8120195532
        ],
        "type": "Point"
      },
      "properties": {
        "arma": "",
        "bairro": "PASSARE",
        "cidade": "FORTALEZA",
        "data": "2026-09-01",
        "hora": "10:02:29",
        "id": "4549350.0",
        "idade": "",
        "local": "RUA PARNAMIRIM",
        "region": "fortaleza",
        "related_ids": [
          "4549350.0"
        ],
        "rua": "RUA PARNAMIRIM",
        "sexo": "",
        "tipo_evento": "HOMICIDIO DOLOSO",
        "vitimas": 1
      },
      "type": "Feature"
    },
    {
      "geometry": {
        "coordinates": [
          -38.466656075,
          -3.8300724913
        ],
        "type": "Point"
      },
      "properties": {
        "arma": "",
        "bairro": "LAGOA REDONDA",
        "cidade": "FORTALEZA",
        "data": "2026-09-01",
        "hora": "10:28:50",
        "id": "4549351.0",
        "idade": "",
        "local": "RUA ISABEL FERREIRA",
        "region": "fortaleza",
        "related_ids": [
          "4549351.0"
        ],
        "rua": "RUA ISABEL FERREIRA",
        "sexo": "",
        "tipo_evento": "HOMICIDIO DOLOSO",
        "vitimas": 1
      },
      "type": "Feature"
    },
    {
      "geometry": {
        "coordinates": [
          -40.3692374087,
          -3.6978385133
        ],
        "type": "Point"
      },
      "properties": {
        "arma": "",
        "bairro": "",
        "cidade": "SOBRAL",
        "data": "2026-09-01",
        "hora": "12:43:00",
        "id": "4549352.0",
        "idade": "",
        "local": "AREA SEM NOME",
        "region": "interior",
        "related_ids": [
          "4549352.0"
        ],
        "rua": "AREA SEM NOME",
        "sexo": "",
        "tipo_evento": "HOMICIDIO DOLOSO",
        "vitimas": 1
      },
      "type": "Feature"
    },
    {
      "geometry": {
        "coordinates": [
          -38.495822575,
          -4.1727670954
        ],
        "type": "Point"
      },
      "properties": {
        "arma": "",
        "bairro": "PACAJUS",
        "cidade": "PACAJUS",
        "data": "2026-09-01",
        "hora": "1:40:00",
        "id": "4549349.0",
        "idade": "",
        "local": "",
        "region": "rmf",
        "related_ids": [
          "4549349.0"
        ],
        "rua": "",
        "sexo": "",
        "tipo_evento": "HOMICIDIO DOLOSO",
        "vitimas": 1
      },
      "type": "Feature"
    },
    {
      "geometry": {
        "coordinates": [
          -38.1707701404,
          -4.958206718
        ],
        "type": "Point"
      },
      "properties": {
        "arma": "",
        "bairro": "",
        "cidade": "RUSSAS",
        "data": "2026-09-01",
        "hora": "20:00:00",
        "id": "4549353.0",
        "idade": "",
        "local": "",
        "region": "interior",
        "related_ids": [
          "4549353.0"
        ],
        "rua": "",
        "sexo": "",
        "tipo_evento": "HOMICIDIO DOLOSO",
        "vitimas": 1
      },
      "type": "Feature"
    },
    {
      "geometry": {
        "coordinates": [
          -38.635562175,
          -3.7413191843
        ],
        "type": "Point"
      },
      "properties": {
        "arma": "",
        "bairro": "ANTONIO BEZERRA",
        "cidade": "CAUCAIA",
        "data": "2026-09-01",
        "hora": "22:34:26",
        "id": "4549354.0",
        "idade": "",
        "local": "",
        "region": "rmf",
        "related_ids": [
          "4549354.0"
        ],
        "rua": "",
        "sexo": "",
        "tipo_evento": "HOMICIDIO DOLOSO",
        "vitimas": 1
      },
      "type": "Feature"
    },
    {
      "geometry": {
        "coordinates": [
          -38.625070076,
          -3.7414362079
        ],
        "type": "Point"
      },
      "properties": {
        "arma": "",
        "bairro": "ANTONIO BEZERRA",
        "cidade": "CAUCAIA",
        "data": "2026-09-02",
        "hora": "10:51:37",
        "id": "4549356.0",
        "idade": "",
        "local": "RUA MAJOR FONTENELE",
        "region": "rmf",
        "related_ids": [
          "4549356.0"
        ],
        "rua": "RUA MAJOR FONTENELE",
        "sexo": "",
        "tipo_evento": "HOMICIDIO DOLOSO",
        "vitimas": 1
      },
      "type": "Feature"
    },
    {
      "geometry": {
        "coordinates": [
          -39.408322575,
          -7.2252245746
        ],
        "type": "Point"
      },
      "properties": {
        "arma": "",
        "bairro": "",
        "cidade": "CRATO",
        "data": "2026-09-02",
        "hora": "17:05:00",
        "id": "4549357.0",
        "idade": "",
        "local": "RUA DOUTOR RAIMUNDO NORÕES DE MILFONT",
        "region": "interior",
        "related_ids": [
          "4549357.0"
        ],
        "rua": "RUA DOUTOR RAIMUNDO NORÕES DE MILFONT",
        "sexo": "",
        "tipo_evento": "HOMICIDIO DOLOSO",
        "vitimas": 1
      },
      "type": "Feature"
    },
    {
      "geometry": {
        "coordinates": [
          -40.701378175,
          -5.8438568749
        ],
        "type": "Point"
      },
      "properties": {
        "arma": "",
        "bairro": "",
        "cidade": "QUITERIANOPOLIS",
        "data": "2026-09-02",
        "hora": "1:00:00",
        "id": "4549355.0",
        "idade": "",
        "local": "RUA PADRE MOACIR",
        "region": "interior",
        "related_ids": [
          "4549355.0"
        ],
        "rua": "RUA PADRE MOACIR",
        "sexo": "",
        "tipo_evento": "HOMICIDIO DOLOSO",
        "vitimas": 1
      },
      "type": "Feature"
    },
    {
      "geometry": {
        "coordinates": [
          -39.6783333038,
          -7.0952777929
        ],
        "type": "Point"
      },
      "properties": {
        "arma": "",
        "bairro": "NOVA OLINDA",
        "cidade": "NOVA OLINDA",
        "data": "2026-09-02",
        "hora": "20:00:00",
        "id": "4549358.0",
        "idade": "",
        "local": "RUA JOSÉ ALVES DE LIMA",
        "region": "interior",
        "related_ids": [
          "4549358.0"
        ],
        "rua": "RUA JOSÉ ALVES DE LIMA",
        "sexo": "",
        "tipo_evento": "HOMICIDIO DOLOSO",
        "vitimas": 1
      },
      "type": "Feature"
    },
    {
      "geometry": {
        "coordinates": [
          -41.005267075,
          -3.7341559902
        ],
        "type": "Point"
      },
      "properties": {
        "arma": "",
        "bairro": "TIANGUA",
        "cidade": "TIANGUA",
        "data": "2026-09-02",
        "hora": "22:55:00",
        "id": "4549359.0",
        "idade": "",
        "local": "RUA DIVA MARIA DO NASCIMENTO",
        "region": "interior",
        "related_ids": [
          "4549359.0"
        ],
        "rua": "RUA DIVA MARIA DO NASCIMENTO",
        "sexo": "",
        "tipo_evento": "HOMICIDIO DOLOSO",
        "vitimas": 1
      },
      "type": "Feature"
    },
    {
      "geometry": {
        "coordinates": [
          -38.4701225039,
          -3.8234568714
        ],
        "type": "Point"
      },
      "properties": {
        "arma": "",
        "bairro": "LAGOA REDONDA",
        "cidade": "FORTALEZA",
        "data": "2026-09-03",
        "hora": "17:15:00",
        "id": "4549361.0",
        "idade": "",
        "local": "RUA NENÊ ARRUDA",
        "region": "fortaleza",
        "related_ids": [
          "4549361.0"
        ],
        "rua": "RUA NENÊ ARRUDA",
        "sexo": "",
        "tipo_evento": "HOMICIDIO DOLOSO",
        "vitimas": 1
      },
      "type": "Feature"
    },
    {
      "geometry": {
        "coordinates": [
          -38.7663312615,
          -3.7253304716
        ],
        "type": "Point"
      },
      "properties": {
        "arma": "",
        "bairro": "",
        "cidade": "CAUCAIA",
        "data": "2026-09-03",
        "hora": "21:38:00",
        "id": "4549362.0",
        "idade": "",
        "local": "RUA JOSÉ ROCHA CRISÓSTOMO",
        "region": "rmf",
        "related_ids": [
          "4549362.0"
        ],
        "rua": "RUA JOSÉ ROCHA CRISÓSTOMO",
        "sexo": "",
        "tipo_evento": "HOMICIDIO DOLOSO",
        "vitimas": 1
      },
      "type": "Feature"
    },
    {
      "geometry": {
        "coordinates": [
          -38.5922949103,
          -3.8277029051
        ],
        "type": "Point"
      },
      "properties": {
        "arma": "",
        "bairro": "MONDUBIM",
        "cidade": "FORTALEZA",
        "data": "2026-09-03",
        "hora": "9:51:00",
        "id": "4549360.0",
        "idade": "",
        "local": "",
        "region": "fortaleza",
        "related_ids": [
          "4549360.0"
        ],
        "rua": "",
        "sexo": "",
        "tipo_evento": "HOMICIDIO DOLOSO",
        "vitimas": 1
      },
      "type": "Feature"
    },
    {
      "geometry": {
        "coordinates": [
          -38.4740306576,
          -3.8221381707
        ],
        "type": "Point"
      },
      "properties": {
        "arma": "",
        "bairro": "CURIO",
        "cidade": "FORTALEZA",
        "data": "2026-09-04",
        "hora": "10:53:53",
        "id": "4675408.0",
        "idade": "",
        "local": "RUA CAMPO LARGO",
        "region": "fortaleza",
        "related_ids": [
          "4675408.0"
        ],
        "rua": "RUA CAMPO LARGO",
        "sexo": "",
        "tipo_evento": "HOMICIDIO DOLOSO",
        "vitimas": 1
      },
      "type": "Feature"
    },
    {
      "geometry": {
        "coordinates": [
          -39.5907471742,
          -3.6850766612
        ],
        "type": "Point"
      },
      "properties": {
        "arma": "",
        "bairro": "",
        "cidade": "ITAPAGE",
        "data": "2026-09-04",
        "hora": "22:30:00",
        "id": "4675412.0",
        "idade": "",
        "local": "RUA JOAQUIM L MAGALHÃES",
        "region": "interior",
        "related_ids": [
          "4675412.0"
        ],
        "rua": "RUA JOAQUIM L MAGALHÃES",
        "sexo": "",
        "tipo_evento": "HOMICIDIO DOLOSO",
        "vitimas": 1
      },
      "type": "Feature"
    },
    {
      "geometry": {
        "coordinates": [
          -39.5891667054,
          -3.6847436096
        ],
        "type": "Point"
      },
      "properties": {
        "arma": "",
        "bairro": "",
        "cidade": "ITAPAGE",
        "data": "2026-09-05",
        "hora": "11:40:00",
        "id": "4675413.0",
        "idade": "",
        "local": "COMUNIDADE SÃO FRANCISCO - ITAPAJÉ",
        "region": "interior",
        "related_ids": [
          "4675413.0"
        ],
        "rua": "COMUNIDADE SÃO FRANCISCO - ITAPAJÉ",
        "sexo": "",
        "tipo_evento": "HOMICIDIO DOLOSO",
        "vitimas": 1
      },
      "type": "Feature"
    },
    {
      "geometry": {
        "coordinates": [
          -39.2766980054,
          -7.1968372814
        ],
        "type": "Point"
      },
      "properties": {
        "arma": "",
        "bairro": "JUAZEIRO DO NORTE",
        "cidade": "JUAZEIRO DO NORTE",
        "data": "2026-09-05",
        "hora": "19:00:00",
        "id": "4675414.0",
        "idade": "",
        "local": "RUA ENGENHEIRO JOÃO FRANCISCO LANDIM TAVARES",
        "region": "interior",
        "related_ids": [
          "4675414.0"
        ],
        "rua": "RUA ENGENHEIRO JOÃO FRANCISCO LANDIM TAVARES",
        "sexo": "",
        "tipo_evento": "HOMICIDIO DOLOSO",
        "vitimas": 1
      },
      "type": "Feature"
    },
    {
      "geometry": {
        "coordinates": [
          -39.002361992,
          -7.5305652415
        ],
        "type": "Point"
      },
      "properties": {
        "arma": "",
        "bairro": "",
        "cidade": "BREJO SANTO",
        "data": "2026-09-05",
        "hora": "19:58:00",
        "id": "4675409.0",
        "idade": "",
        "local": "RODOVIA SANTOS DUMONT",
        "region": "interior",
        "related_ids": [
          "4675409.0"
        ],
        "rua": "RODOVIA SANTOS DUMONT",
        "sexo": "",
        "tipo_evento": "HOMICIDIO DOLOSO",
        "vitimas": 1
      },
      "type": "Feature"
    },
    {
      "geometry": {
        "coordinates": [
          -39.2941239477,
          -6.3697351936
        ],
        "type": "Point"
      },
      "properties": {
        "arma": "",
        "bairro": "IGUATU",
        "cidade": "IGUATU",
        "data": "2026-09-06",
        "hora": "16:00:00",
        "id": "4675411.0",
        "idade": "",
        "local": "RUA MANOEL ALEXANDRE DE SOUZA",
        "region": "interior",
        "related_ids": [
          "4675411.0"
        ],
        "rua": "RUA MANOEL ALEXANDRE DE SOUZA",
        "sexo": "",
        "tipo_evento": "HOMICIDIO DOLOSO",
        "vitimas": 1
      },
      "type": "Feature"
    },
    {
      "geometry": {
        "coordinates": [
          -38.0191686446,
          -4.9785999185
        ],
        "type": "Point"
      },
      "properties": {
        "arma": "",
        "bairro": "",
        "cidade": "RUSSAS",
        "data": "2026-09-06",
        "hora": "20:08:00",
        "id": "4675416.0",
        "idade": "",
        "local": "RODOVIA SANTOS DUMONT",
        "region": "interior",
        "related_ids": [
          "4675416.0"
        ],
        "rua": "RODOVIA SANTOS DUMONT",
        "sexo": "",
        "tipo_evento": "HOMICIDIO DOLOSO",
        "vitimas": 1
      },
      "type": "Feature"
    },
    {
      "geometry": {
        "coordinates": [
          -39.3056247342,
          -6.3552939307
        ],
        "type": "Point"
      },
      "properties": {
        "arma": "",
        "bairro": "IGUATU",
        "cidade": "IGUATU",
        "data": "2026-09-06",
        "hora": "5:10:00",
        "id": "4675410.0",
        "idade": "",
        "local": "RUA CESÁRIO ASSUNÇÃO",
        "region": "interior",
        "related_ids": [
          "4675410.0"
        ],
        "rua": "RUA CESÁRIO ASSUNÇÃO",
        "sexo": "",
        "tipo_evento": "HOMICIDIO DOLOSO",
        "vitimas": 1
      },
      "type": "Feature"
    },
    {
      "geometry": {
        "coordinates": [
          -39.4202778054,
          -5.7988248506
        ],
        "type": "Point"
      },
      "properties": {
        "arma": "",
        "bairro": "",
        "cidade": "PIQUET CARNEIRO",
        "data": "2026-09-07",
        "hora": "3:00:00",
        "id": "4675415.0",
        "idade": "",
        "local": "TRAVESSA BERNARDINO GOMES SILVA",
        "region": "interior",
        "related_ids": [
          "4675415.0"
        ],
        "rua": "TRAVESSA BERNARDINO GOMES SILVA",
        "sexo": "",
        "tipo_evento": "HOMICIDIO DOLOSO",
        "vitimas": 1
      },
      "type": "Feature"
    },
    {
      "geometry": {
        "coordinates": [
          -39.3313889038,
          -7.2402245763
        ],
        "type": "Point"
      },
      "properties": {
        "arma": "",
        "bairro": "",
        "cidade": "JUAZEIRO DO NORTE",
        "data": "2026-09-08",
        "hora": "10:00:00",
        "id": "4675660.0",
        "idade": "",
        "local": "RUA JOSÉ BEZERRA DA SILVA",
        "region": "interior",
        "related_ids": [
          "4675660.0"
        ],
        "rua": "RUA JOSÉ BEZERRA DA SILVA",
        "sexo": "",
        "tipo_evento": "HOMICIDIO DOLOSO",
        "vitimas": 1
      },
      "type": "Feature"
    },
    {
      "geometry": {
        "coordinates": [
          -40.3508257462,
          -3.6990038833
        ],
        "type": "Point"
      },
      "properties": {
        "arma": "",
        "bairro": "",
        "cidade": "SOBRAL",
        "data": "2026-09-08",
        "hora": "15:00:00",
        "id": "4675664.0",
        "idade": "",
        "local": "COMUNIDADE DOS GAVIÕES",
        "region": "interior",
        "related_ids": [
          "4675664.0"
        ],
        "rua": "COMUNIDADE DOS GAVIÕES",
        "sexo": "",
        "tipo_evento": "HOMICIDIO DOLOSO",
        "vitimas": 1
      },
      "type": "Feature"
    },
    {
      "geometry": {
        "coordinates": [
          -40.3387140597,
          -3.7433270249
        ],
        "type": "Point"
      },
      "properties": {
        "arma": "",
        "bairro": "",
        "cidade": "SOBRAL",
        "data": "2026-09-08",
        "hora": "15:20:00",
        "id": "4675663.0",
        "idade": "",
        "local": "RODOVIA MOÉSIO LOIOLA DE MELO JÚNIOR",
        "region": "interior",
        "related_ids": [
          "4675663.0"
        ],
        "rua": "RODOVIA MOÉSIO LOIOLA DE MELO JÚNIOR",
        "sexo": "",
        "tipo_evento": "HOMICIDIO DOLOSO",
        "vitimas": 1
      },
      "type": "Feature"
    },
    {
      "geometry": {
        "coordinates": [
          -38.5868489812,
          -3.7435872888
        ],
        "type": "Point"
      },
      "properties": {
        "arma": "",
        "bairro": "ANTONIO BEZERRA",
        "cidade": "FORTALEZA",
        "data": "2026-09-08",
        "hora": "19:08:28",
        "id": "4675657.0",
        "idade": "",
        "local": "RUA RUI MONTE",
        "region": "fortaleza",
        "related_ids": [
          "4675657.0"
        ],
        "rua": "RUA RUI MONTE",
        "sexo": "",
        "tipo_evento": "HOMICIDIO DOLOSO",
        "vitimas": 1
      },
      "type": "Feature"
    },
    {
      "geometry": {
        "coordinates": [
          -38.8493313327,
          -4.9558643288
        ],
        "type": "Point"
      },
      "properties": {
        "arma": "",
        "bairro": "",
        "cidade": "QUIXADA",
        "data": "2026-09-08",
        "hora": "21:45:00",
        "id": "4675662.0",
        "idade": "",
        "local": "ESTRADA SEM NOME",
        "region": "interior",
        "related_ids": [
          "4675662.0"
        ],
        "rua": "ESTRADA SEM NOME",
        "sexo": "",
        "tipo_evento": "HOMICIDIO DOLOSO",
        "vitimas": 1
      },
      "type": "Feature"
    },
    {
      "geometry": {
        "coordinates": [
          -40.279155975,
          -6.0263782244
        ],
        "type": "Point"
      },
      "properties": {
        "arma": "",
        "bairro": "",
        "cidade": "TAUA",
        "data": "2026-09-09",
        "hora": "18:20:00",
        "id": "4675665.0",
        "idade": "",
        "local": "",
        "region": "interior",
        "related_ids": [
          "4675665.0"
        ],
        "rua": "",
        "sexo": "",
        "tipo_evento": "HOMICIDIO DOLOSO",
        "vitimas": 1
      },
      "type": "Feature"
    },
    {
      "geometry": {
        "coordinates": [
          -39.5405663288,
          -3.7435843351
        ],
        "type": "Point"
      },
      "properties": {
        "arma": "",
        "bairro": "ITAPAJE",
        "cidade": "ITAPAGE",
        "data": "2026-09-09",
        "hora": "23:00:00",
        "id": "4675658.0",
        "idade": "",
        "local": "RODOVIA BR-222",
        "region": "interior",
        "related_ids": [
          "4675658.0"
        ],
        "rua": "RODOVIA BR-222",
        "sexo": "",
        "tipo_evento": "HOMICIDIO DOLOSO",
        "vitimas": 1
      },
      "type": "Feature"
    },
    {
      "geometry": {
        "coordinates": [
          -39.6477778039,
          -3.2018908363
        ],
        "type": "Point"
      },
      "properties": {
        "arma": "",
        "bairro": "",
        "cidade": "ITAPIPOCA",
        "data": "2026-09-09",
        "hora": "2:00:00",
        "id": "4675659.0",
        "idade": "",
        "local": "",
        "region": "rmf",
        "related_ids": [
          "4675659.0"
        ],
        "rua": "",
        "sexo": "",
        "tipo_evento": "HOMICIDIO DOLOSO",
        "vitimas": 1
      },
      "type": "Feature"
    },
    {
      "geometry": {
        "coordinates": [
          -39.4210455772,
          -5.8086942712
        ],
        "type": "Point"
      },
      "properties": {
        "arma": "",
        "bairro": "",
        "cidade": "PIQUET CARNEIRO",
        "data": "2026-09-09",
        "hora": "4:30:00",
        "id": "4675661.0",
        "idade": "",
        "local": "RUA PERIMETRAL",
        "region": "interior",
        "related_ids": [
          "4675661.0"
        ],
        "rua": "RUA PERIMETRAL",
        "sexo": "",
        "tipo_evento": "HOMICIDIO DOLOSO",
        "vitimas": 1
      },
      "type": "Feature"
    },
    {
      "geometry": {
        "coordinates": [
          -38.6663579462,
          -3.7449229903
        ],
        "type": "Point"
      },
      "properties": {
        "arma": "",
        "bairro": "PARQUE SOLEDADE",
        "cidade": "CAUCAIA",
        "data": "2026-09-10",
        "hora": "19:59:52",
        "id": "4675901.0",
        "idade": "",
        "local": "RUA 114",
        "region": "rmf",
        "related_ids": [
          "4675901.0"
        ],
        "rua": "RUA 114",
        "sexo": "",
        "tipo_evento": "HOMICIDIO DOLOSO",
        "vitimas": 1
      },
      "type": "Feature"
    },
    {
      "geometry": {
        "coordinates": [
          -38.4952676039,
          -3.8198730861
        ],
        "type": "Point"
      },
      "properties": {
        "arma": "",
        "bairro": "MESSEJANA",
        "cidade": "FORTALEZA",
        "data": "2026-09-10",
        "hora": "21:29:39",
        "id": "4675903.0",
        "idade": "",
        "local": "TRAVESSA CHICÓ MENDES DA CONQUISTA",
        "region": "fortaleza",
        "related_ids": [
          "4675903.0"
        ],
        "rua": "TRAVESSA CHICÓ MENDES DA CONQUISTA",
        "sexo": "",
        "tipo_evento": "HOMICIDIO DOLOSO",
        "vitimas": 1
      },
      "type": "Feature"
    },
    {
      "geometry": {
        "coordinates": [
          -39.3065360192,
          -7.2086169607
        ],
        "type": "Point"
      },
      "properties": {
        "arma": "",
        "bairro": "JUAZEIRO DO NORTE",
        "cidade": "JUAZEIRO DO NORTE",
        "data": "2026-09-10",
        "hora": "23:10:00",
        "id": "4675904.0",
        "idade": "",
        "local": "RUA FORMOSA",
        "region": "interior",
        "related_ids": [
          "4675904.0"
        ],
        "rua": "RUA FORMOSA",
        "sexo": "",
        "tipo_evento": "HOMICIDIO DOLOSO",
        "vitimas": 1
      },
      "type": "Feature"
    },
    {
      "geometry": {
        "coordinates": [
          -40.3586079142,
          -3.6911044412
        ],
        "type": "Point"
      },
      "properties": {
        "arma": "",
        "bairro": "",
        "cidade": "SOBRAL",
        "data": "2026-09-10",
        "hora": "7:40:00",
        "id": "4675905.0",
        "idade": "",
        "local": "RUA TABELIÃO ILDEFONSO CAVALCANTE",
        "region": "interior",
        "related_ids": [
          "4675905.0"
        ],
        "rua": "RUA TABELIÃO ILDEFONSO CAVALCANTE",
        "sexo": "",
        "tipo_evento": "HOMICIDIO DOLOSO",
        "vitimas": 1
      },
      "type": "Feature"
    },
    {
      "geometry": {
        "coordinates": [
          -38.7125289799,
          -3.636837252
        ],
        "type": "Point"
      },
      "properties": {
        "arma": "",
        "bairro": "",
        "cidade": "CAUCAIA",
        "data": "2026-09-10",
        "hora": "9:00:00",
        "id": "4675900.0",
        "idade": "",
        "local": "AVENIDA TABUBA CUMBUCO",
        "region": "rmf",
        "related_ids": [
          "4675900.0"
        ],
        "rua": "AVENIDA TABUBA CUMBUCO",
        "sexo": "",
        "tipo_evento": "HOMICIDIO DOLOSO",
        "vitimas": 1
      },
      "type": "Feature"
    },
    {
      "geometry": {
        "coordinates": [
          -39.2969879202,
          -6.7959360449
        ],
        "type": "Point"
      },
      "properties": {
        "arma": "",
        "bairro": "VARZEA ALEGRE",
        "cidade": "VARZEA ALEGRE",
        "data": "2026-09-11",
        "hora": "15:30:00",
        "id": "4676165.0",
        "idade": "",
        "local": "",
        "region": "interior",
        "related_ids": [
          "4676165.0"
        ],
        "rua": "",
        "sexo": "",
        "tipo_evento": "HOMICIDIO DOLOSO",
        "vitimas": 1
      },
      "type": "Feature"
    },
    {
      "geometry": {
        "coordinates": [
          -40.9938889054,
          -3.7121900773
        ],
        "type": "Point"
      },
      "properties": {
        "arma": "",
        "bairro": "TIANGUA",
        "cidade": "TIANGUA",
        "data": "2026-09-11",
        "hora": "20:33:00",
        "id": "4676163.0",
        "idade": "",
        "local": "VILA PASCOAL",
        "region": "interior",
        "related_ids": [
          "4676163.0"
        ],
        "rua": "VILA PASCOAL",
        "sexo": "",
        "tipo_evento": "HOMICIDIO DOLOSO",
        "vitimas": 1
      },
      "type": "Feature"
    },
    {
      "geometry": {
        "coordinates": [
          -38.027494641000004,
          -4.9907905921
        ],
        "type": "Point"
      },
      "properties": {
        "arma": "",
        "bairro": "",
        "cidade": "RUSSAS",
        "data": "2026-09-11",
        "hora": "4:35:00",
        "id": "4676161.0",
        "idade": "",
        "local": "",
        "region": "interior",
        "related_ids": [
          "4676161.0",
          "4676162.0"
        ],
        "rua": "",
        "sexo": "",
        "tipo_evento": "HOMICIDIO DOLOSO",
        "vitimas": 2
      },
      "type": "Feature"
    },
    {
      "geometry": {
        "coordinates": [
          -40.6985681901,
          -4.3132798034
        ],
        "type": "Point"
      },
      "properties": {
        "arma": "",
        "bairro": "",
        "cidade": "IPU",
        "data": "2026-09-11",
        "hora": "9:00:00",
        "id": "4676158.0",
        "idade": "",
        "local": "",
        "region": "interior",
        "related_ids": [
          "4676158.0"
        ],
        "rua": "",
        "sexo": "",
        "tipo_evento": "HOMICIDIO DOLOSO",
        "vitimas": 1
      },
      "type": "Feature"
    },
    {
      "geometry": {
        "coordinates": [
          -38.5290066343,
          -3.7543189555
        ],
        "type": "Point"
      },
      "properties": {
        "arma": "",
        "bairro": "FATIMA",
        "cidade": "FORTALEZA",
        "data": "2026-09-12",
        "hora": "12:11:45",
        "id": "4676155.0",
        "idade": "",
        "local": "AVENIDA DEPUTADO OSWALDO STUDART",
        "region": "fortaleza",
        "related_ids": [
          "4676155.0"
        ],
        "rua": "AVENIDA DEPUTADO OSWALDO STUDART",
        "sexo": "",
        "tipo_evento": "HOMICIDIO DOLOSO",
        "vitimas": 1
      },
      "type": "Feature"
    },
    {
      "geometry": {
        "coordinates": [
          -40.6505090054,
          -5.1798560247
        ],
        "type": "Point"
      },
      "properties": {
        "arma": "",
        "bairro": "",
        "cidade": "CRATEUS",
        "data": "2026-09-12",
        "hora": "15:20:00",
        "id": "4676156.0",
        "idade": "",
        "local": "RUA LUIZ LOPES VERAS",
        "region": "interior",
        "related_ids": [
          "4676156.0"
        ],
        "rua": "RUA LUIZ LOPES VERAS",
        "sexo": "",
        "tipo_evento": "HOMICIDIO DOLOSO",
        "vitimas": 1
      },
      "type": "Feature"
    },
    {
      "geometry": {
        "coordinates": [
          -39.1388722054,
          -7.249196362
        ],
        "type": "Point"
      },
      "properties": {
        "arma": "",
        "bairro": "",
        "cidade": "MISSAO VELHA",
        "data": "2026-09-12",
        "hora": "6:00:00",
        "id": "4676160.0",
        "idade": "",
        "local": "RUA ONZE DE JULHO",
        "region": "interior",
        "related_ids": [
          "4676160.0"
        ],
        "rua": "RUA ONZE DE JULHO",
        "sexo": "",
        "tipo_evento": "HOMICIDIO DOLOSO",
        "vitimas": 1
      },
      "type": "Feature"
    },
    {
      "geometry": {
        "coordinates": [
          -41.0027253327,
          -3.7242607024
        ],
        "type": "Point"
      },
      "properties": {
        "arma": "",
        "bairro": "TIANGUA",
        "cidade": "TIANGUA",
        "data": "2026-09-13",
        "hora": "20:30:00",
        "id": "4676164.0",
        "idade": "",
        "local": "RUA ROSA ALBUQUERQUE",
        "region": "interior",
        "related_ids": [
          "4676164.0"
        ],
        "rua": "RUA ROSA ALBUQUERQUE",
        "sexo": "",
        "tipo_evento": "HOMICIDIO DOLOSO",
        "vitimas": 1
      },
      "type": "Feature"
    },
    {
      "geometry": {
        "coordinates": [
          -38.6241452477,
          -3.7444122784
        ],
        "type": "Point"
      },
      "properties": {
        "arma": "",
        "bairro": "ANTONIO BEZERRA",
        "cidade": "CAUCAIA",
        "data": "2026-09-13",
        "hora": "2:31:00",
        "id": "4676154.0",
        "idade": "",
        "local": "TRAVESSA SANTA RITA",
        "region": "rmf",
        "related_ids": [
          "4676154.0"
        ],
        "rua": "TRAVESSA SANTA RITA",
        "sexo": "",
        "tipo_evento": "HOMICIDIO DOLOSO",
        "vitimas": 1
      },
      "type": "Feature"
    },
    {
      "geometry": {
        "coordinates": [
          -38.8549262765,
          -6.403781346
        ],
        "type": "Point"
      },
      "properties": {
        "arma": "",
        "bairro": "",
        "cidade": "ICO",
        "data": "2026-09-13",
        "hora": "3:31:00",
        "id": "4676157.0",
        "idade": "",
        "local": "RUA AURORA BARRETO",
        "region": "interior",
        "related_ids": [
          "4676157.0"
        ],
        "rua": "RUA AURORA BARRETO",
        "sexo": "",
        "tipo_evento": "HOMICIDIO DOLOSO",
        "vitimas": 1
      },
      "type": "Feature"
    },
    {
      "geometry": {
        "coordinates": [
          -39.2894818477,
          -7.2214112053
        ],
        "type": "Point"
      },
      "properties": {
        "arma": "",
        "bairro": "JUAZEIRO DO NORTE",
        "cidade": "JUAZEIRO DO NORTE",
        "data": "2026-09-13",
        "hora": "7:40:00",
        "id": "4676159.0",
        "idade": "",
        "local": "RUA NOVA FAZENDA",
        "region": "interior",
        "related_ids": [
          "4676159.0"
        ],
        "rua": "RUA NOVA FAZENDA",
        "sexo": "",
        "tipo_evento": "HOMICIDIO DOLOSO",
        "vitimas": 1
      },
      "type": "Feature"
    },
    {
      "geometry": {
        "coordinates": [
          -38.4877594039,
          -3.8256435715
        ],
        "type": "Point"
      },
      "properties": {
        "arma": "",
        "bairro": "MESSEJANA",
        "cidade": "FORTALEZA",
        "data": "2026-09-14",
        "hora": "0:00:00",
        "id": "4676509.0",
        "idade": "",
        "local": "RUA MUNIZ FREIRE",
        "region": "fortaleza",
        "related_ids": [
          "4676509.0"
        ],
        "rua": "RUA MUNIZ FREIRE",
        "sexo": "",
        "tipo_evento": "HOMICIDIO DOLOSO",
        "vitimas": 1
      },
      "type": "Feature"
    },
    {
      "geometry": {
        "coordinates": [
          -38.7370336039,
          -3.631058489
        ],
        "type": "Point"
      },
      "properties": {
        "arma": "",
        "bairro": "",
        "cidade": "CAUCAIA",
        "data": "2026-09-14",
        "hora": "0:00:00",
        "id": "4676508.0",
        "idade": "",
        "local": "",
        "region": "rmf",
        "related_ids": [
          "4676508.0"
        ],
        "rua": "",
        "sexo": "",
        "tipo_evento": "FEMINICÍDIO",
        "vitimas": 1
      },
      "type": "Feature"
    },
    {
      "geometry": {
        "coordinates": [
          -39.7142435039,
          -5.4673311145
        ],
        "type": "Point"
      },
      "properties": {
        "arma": "",
        "bairro": "",
        "cidade": "PEDRA BRANCA",
        "data": "2026-09-14",
        "hora": "0:00:00",
        "id": "4676510.0",
        "idade": "",
        "local": "RUA MARIA ALVES DE MESQUITA",
        "region": "interior",
        "related_ids": [
          "4676510.0"
        ],
        "rua": "RUA MARIA ALVES DE MESQUITA",
        "sexo": "",
        "tipo_evento": "HOMICIDIO DOLOSO",
        "vitimas": 1
      },
      "type": "Feature"
    },
    {
      "geometry": {
        "coordinates": [
          -39.308044875,
          -7.3161217342
        ],
        "type": "Point"
      },
      "properties": {
        "arma": "",
        "bairro": "",
        "cidade": "BARBALHA",
        "data": "2026-09-15",
        "hora": "0:00:00",
        "id": "4676830.0",
        "idade": "",
        "local": "RUA ENGENHEIRO MARÇO AURÉLIO NASCIMENTO SANTA",
        "region": "interior",
        "related_ids": [
          "4676830.0"
        ],
        "rua": "RUA ENGENHEIRO MARÇO AURÉLIO NASCIMENTO SANTA",
        "sexo": "",
        "tipo_evento": "HOMICIDIO DOLOSO",
        "vitimas": 1
      },
      "type": "Feature"
    },
    {
      "geometry": {
        "coordinates": [
          -39.5241452462,
          -5.8227351002
        ],
        "type": "Point"
      },
      "properties": {
        "arma": "",
        "bairro": "",
        "cidade": "PIQUET CARNEIRO",
        "data": "2026-09-15",
        "hora": "17:00:00",
        "id": "4676832.0",
        "idade": "",
        "local": "CE-166",
        "region": "interior",
        "related_ids": [
          "4676832.0"
        ],
        "rua": "CE-166",
        "sexo": "",
        "tipo_evento": "HOMICIDIO DOLOSO",
        "vitimas": 1
      },
      "type": "Feature"
    },
    {
      "geometry": {
        "coordinates": [
          -40.7232633327,
          -4.1882455952
        ],
        "type": "Point"
      },
      "properties": {
        "arma": "",
        "bairro": "",
        "cidade": "GUARACIABA DO NORTE",
        "data": "2026-09-15",
        "hora": "19:19:00",
        "id": "4676831.0",
        "idade": "",
        "local": "",
        "region": "interior",
        "related_ids": [
          "4676831.0"
        ],
        "rua": "",
        "sexo": "",
        "tipo_evento": "FEMINICÍDIO",
        "vitimas": 1
      },
      "type": "Feature"
    },
    {
      "geometry": {
        "coordinates": [
          -39.7980663327,
          -4.9147008163
        ],
        "type": "Point"
      },
      "properties": {
        "arma": "",
        "bairro": "",
        "cidade": "BOA VIAGEM",
        "data": "2026-09-16",
        "hora": "0:30:00",
        "id": "4677185.0",
        "idade": "",
        "local": "",
        "region": "interior",
        "related_ids": [
          "4677185.0"
        ],
        "rua": "",
        "sexo": "",
        "tipo_evento": "HOMICIDIO DOLOSO",
        "vitimas": 1
      },
      "type": "Feature"
    },
    {
      "geometry": {
        "coordinates": [
          -38.7049361416,
          -3.7433377878
        ],
        "type": "Point"
      },
      "properties": {
        "arma": "",
        "bairro": "",
        "cidade": "CAUCAIA",
        "data": "2026-09-16",
        "hora": "10:28:53",
        "id": "4677183.0",
        "idade": "",
        "local": "RUA CORONEL ALFREDO MIRANDA",
        "region": "rmf",
        "related_ids": [
          "4677183.0"
        ],
        "rua": "RUA CORONEL ALFREDO MIRANDA",
        "sexo": "",
        "tipo_evento": "HOMICIDIO DOLOSO",
        "vitimas": 1
      },
      "type": "Feature"
    },
    {
      "geometry": {
        "coordinates": [
          -38.4750449948,
          -3.8219013046
        ],
        "type": "Point"
      },
      "properties": {
        "arma": "",
        "bairro": "CURIO",
        "cidade": "FORTALEZA",
        "data": "2026-09-16",
        "hora": "15:39:50",
        "id": "4677184.0",
        "idade": "",
        "local": "RUA VILA NOVA DO CAJUEIRO",
        "region": "fortaleza",
        "related_ids": [
          "4677184.0"
        ],
        "rua": "RUA VILA NOVA DO CAJUEIRO",
        "sexo": "",
        "tipo_evento": "HOMICIDIO DOLOSO",
        "vitimas": 1
      },
      "type": "Feature"
    },
    {
      "geometry": {
        "coordinates": [
          -40.8048885898,
          -4.176732119
        ],
        "type": "Point"
      },
      "properties": {
        "arma": "",
        "bairro": "",
        "cidade": "GUARACIABA DO NORTE",
        "data": "2026-09-16",
        "hora": "16:00:00",
        "id": "4677186.0",
        "idade": "",
        "local": "",
        "region": "interior",
        "related_ids": [
          "4677186.0"
        ],
        "rua": "",
        "sexo": "",
        "tipo_evento": "HOMICIDIO DOLOSO",
        "vitimas": 1
      },
      "type": "Feature"
    },
    {
      "geometry": {
        "coordinates": [
          -39.4324443579,
          -5.9278089189
        ],
        "type": "Point"
      },
      "properties": {
        "arma": "",
        "bairro": "",
        "cidade": "PIQUET CARNEIRO",
        "data": "2026-09-17",
        "hora": "20:00:00",
        "id": "4677551.0",
        "idade": "",
        "local": "RUA MANOEL BENTO",
        "region": "interior",
        "related_ids": [
          "4677551.0"
        ],
        "rua": "RUA MANOEL BENTO",
        "sexo": "",
        "tipo_evento": "HOMICIDIO DOLOSO",
        "vitimas": 1
      },
      "type": "Feature"
    },
    {
      "geometry": {
        "coordinates": [
          -38.4688958284,
          -3.8215897226
        ],
        "type": "Point"
      },
      "properties": {
        "arma": "",
        "bairro": "LAGOA REDONDA",
        "cidade": "FORTALEZA",
        "data": "2026-09-17",
        "hora": "20:40:01",
        "id": "4677550.0",
        "idade": "",
        "local": "RUA SANTA ISABEL",
        "region": "fortaleza",
        "related_ids": [
          "4677550.0"
        ],
        "rua": "RUA SANTA ISABEL",
        "sexo": "",
        "tipo_evento": "HOMICIDIO DOLOSO",
        "vitimas": 1
      },
      "type": "Feature"
    },
    {
      "geometry": {
        "coordinates": [
          -38.5818572766,
          -3.8760132918
        ],
        "type": "Point"
      },
      "properties": {
        "arma": "",
        "bairro": "PLANALTO AYRTON SENNA",
        "cidade": "MARACANAU",
        "data": "2026-09-18",
        "hora": "10:10:00",
        "id": "4677968.0",
        "idade": "",
        "local": "RUA 7 DE SETEMBRO",
        "region": "rmf",
        "related_ids": [
          "4677968.0"
        ],
        "rua": "RUA 7 DE SETEMBRO",
        "sexo": "",
        "tipo_evento": "HOMICIDIO DOLOSO",
        "vitimas": 1
      },
      "type": "Feature"
    },
    {
      "geometry": {
        "coordinates": [
          -41.0008440343,
          -3.7269229839
        ],
        "type": "Point"
      },
      "properties": {
        "arma": "",
        "bairro": "TIANGUA",
        "cidade": "TIANGUA",
        "data": "2026-09-18",
        "hora": "19:30:00",
        "id": "4677976.0",
        "idade": "",
        "local": "RUA ANTÃO PROCÓPIO DO NASCIMENTO",
        "region": "interior",
        "related_ids": [
          "4677976.0"
        ],
        "rua": "RUA ANTÃO PROCÓPIO DO NASCIMENTO",
        "sexo": "",
        "tipo_evento": "HOMICIDIO DOLOSO",
        "vitimas": 1
      },
      "type": "Feature"
    },
    {
      "geometry": {
        "coordinates": [
          -39.9658547631,
          -3.5705341804
        ],
        "type": "Point"
      },
      "properties": {
        "arma": "",
        "bairro": "MIRAIMA",
        "cidade": "MIRAIMA",
        "data": "2026-09-18",
        "hora": "3:30:00",
        "id": "4677972.0",
        "idade": "",
        "local": "RUA VALDEVINO MENDES",
        "region": "interior",
        "related_ids": [
          "4677972.0",
          "4677971.0"
        ],
        "rua": "RUA VALDEVINO MENDES",
        "sexo": "",
        "tipo_evento": "HOMICIDIO DOLOSO",
        "vitimas": 2
      },
      "type": "Feature"
    },
    {
      "geometry": {
        "coordinates": [
          -38.5102989876,
          -3.8533943915
        ],
        "type": "Point"
      },
      "properties": {
        "arma": "",
        "bairro": "JANGURURSSU",
        "cidade": "FORTALEZA",
        "data": "2026-09-18",
        "hora": "7:06:00",
        "id": "4677962.0",
        "idade": "",
        "local": "RUA VERDE 43",
        "region": "fortaleza",
        "related_ids": [
          "4677962.0"
        ],
        "rua": "RUA VERDE 43",
        "sexo": "",
        "tipo_evento": "HOMICIDIO DOLOSO",
        "vitimas": 1
      },
      "type": "Feature"
    },
    {
      "geometry": {
        "coordinates": [
          -40.2667267343,
          -3.3784621558
        ],
        "type": "Point"
      },
      "properties": {
        "arma": "",
        "bairro": "",
        "cidade": "SANTANA DO ACARAU",
        "data": "2026-09-18",
        "hora": "8:00:00",
        "id": "4677974.0",
        "idade": "",
        "local": "",
        "region": "interior",
        "related_ids": [
          "4677974.0"
        ],
        "rua": "",
        "sexo": "",
        "tipo_evento": "HOMICIDIO DOLOSO",
        "vitimas": 1
      },
      "type": "Feature"
    },
    {
      "geometry": {
        "coordinates": [
          -38.5306546327,
          -3.8400901819
        ],
        "type": "Point"
      },
      "properties": {
        "arma": "",
        "bairro": "CONJUNTO PALMEIRAS",
        "cidade": "FORTALEZA",
        "data": "2026-09-20",
        "hora": "13:57:00",
        "id": "4677964.0",
        "idade": "",
        "local": "AVENIDA VALPARAÍSO",
        "region": "fortaleza",
        "related_ids": [
          "4677964.0"
        ],
        "rua": "AVENIDA VALPARAÍSO",
        "sexo": "",
        "tipo_evento": "HOMICIDIO DOLOSO",
        "vitimas": 1
      },
      "type": "Feature"
    },
    {
      "geometry": {
        "coordinates": [
          -38.5916720137,
          -3.7349279093
        ],
        "type": "Point"
      },
      "properties": {
        "arma": "",
        "bairro": "ANTONIO BEZERRA",
        "cidade": "FORTALEZA",
        "data": "2026-09-20",
        "hora": "16:34:00",
        "id": "4677967.0",
        "idade": "",
        "local": "RUA JOSÉ ACIOLY",
        "region": "fortaleza",
        "related_ids": [
          "4677967.0"
        ],
        "rua": "RUA JOSÉ ACIOLY",
        "sexo": "",
        "tipo_evento": "HOMICIDIO DOLOSO",
        "vitimas": 1
      },
      "type": "Feature"
    },
    {
      "geometry": {
        "coordinates": [
          -40.0243977039,
          -4.7667218952
        ],
        "type": "Point"
      },
      "properties": {
        "arma": "",
        "bairro": "",
        "cidade": "MONSENHOR TABOSA",
        "data": "2026-09-20",
        "hora": "17:30:00",
        "id": "4677973.0",
        "idade": "",
        "local": "",
        "region": "interior",
        "related_ids": [
          "4677973.0"
        ],
        "rua": "",
        "sexo": "",
        "tipo_evento": "HOMICIDIO DOLOSO",
        "vitimas": 1
      },
      "type": "Feature"
    },
    {
      "geometry": {
        "coordinates": [
          -38.502552075,
          -3.8732946831
        ],
        "type": "Point"
      },
      "properties": {
        "arma": "",
        "bairro": "PEDRAS",
        "cidade": "FORTALEZA",
        "data": "2026-09-20",
        "hora": "21:18:00",
        "id": "4677965.0",
        "idade": "",
        "local": "RUA UBATUBA",
        "region": "fortaleza",
        "related_ids": [
          "4677965.0"
        ],
        "rua": "RUA UBATUBA",
        "sexo": "",
        "tipo_evento": "HOMICIDIO DOLOSO",
        "vitimas": 1
      },
      "type": "Feature"
    },
    {
      "geometry": {
        "coordinates": [
          -40.9211188818,
          -3.6687001379
        ],
        "type": "Point"
      },
      "properties": {
        "arma": "",
        "bairro": "",
        "cidade": "TIANGUA",
        "data": "2026-09-20",
        "hora": "5:30:00",
        "id": "4677975.0",
        "idade": "",
        "local": "",
        "region": "interior",
        "related_ids": [
          "4677975.0"
        ],
        "rua": "",
        "sexo": "",
        "tipo_evento": "HOMICIDIO DOLOSO",
        "vitimas": 1
      },
      "type": "Feature"
    }
  ],
  "metadata": {
    "cutoff_date": "2026-06-23",
    "days": 90,
    "latest_available_date": "2026-09-20",
    "reference_date": "2026-09-20",
    "region": "all",
    "total": 317,
    "geo_sanitization": {
      "input": 317,
      "kept": 316,
      "corrected_to_declared_city": 1,
      "discarded": 0,
      "city_mismatch": 0,
      "outside_ceara": 1
    }
  },
  "type": "FeatureCollection"
}