{
  "features": [
    {
      "geometry": {
        "coordinates": [
          [
            [
              -38.490084,
              -3.823661
            ],
            [
              -38.49015,
              -3.823667
            ],
            [
              -38.490529,
              -3.82669
            ],
            [
              -38.490451,
              -3.826757
            ],
            [
              -38.486044,
              -3.827311
            ],
            [
              -38.486021,
              -3.827225
            ],
            [
              -38.485831,
              -3.825632
            ],
            [
              -38.485621,
              -3.824281
            ],
            [
              -38.485648,
              -3.824221
            ],
            [
              -38.485713,
              -3.82419
            ],
            [
              -38.487818,
              -3.823928
            ],
            [
              -38.490084,
              -3.823661
            ]
          ]
        ],
        "type": "Polygon"
      },
      "properties": {
        "bairro": "MESSEJANA",
        "faction": "CV",
        "generated_at": "2026-09-24T14:42:49.820787",
        "geometry_type": "Polygon",
        "is_centroid": false,
        "is_tactical": true,
        "local_street_pressure": 17.115,
        "municipality": "Fortaleza",
        "name": "Levada",
        "nearby_streets": [
          "LEVADA",
          "RUA MUNIZ FREIRE",
          "RUA DOUTOR JOAQUIM BENTO"
        ],
        "nearby_streets_count": 67,
        "node_id": 1,
        "parent_area": "MESSEJANA",
        "parent_risk_level": "crítico",
        "parent_risk_score": 94.7,
        "parent_status": "CRÍTICO",
        "peak_hour_end": 21,
        "peak_hour_share": 0.1277,
        "peak_hour_start": 16,
        "peak_hours": "Entre 16hs e 21hs",
        "peak_time_label": "Quarta-feira, entre 16hs e 21hs",
        "peak_weekday": "Quarta-feira",
        "peak_weekday_share": 0.234,
        "rank": 1,
        "region": "fortaleza",
        "risk_score": 91.494,
        "score": 91.494,
        "source_geometry_type": "Polygon",
        "temporal_horizon_days": 30,
        "temporal_reference_date": "2026-12-09",
        "temporal_sample_size": 47
      },
      "type": "Feature"
    },
    {
      "geometry": {
        "coordinates": [
          [
            [
              -38.492026,
              -3.817426
            ],
            [
              -38.492037,
              -3.818218
            ],
            [
              -38.492154,
              -3.819856
            ],
            [
              -38.492422,
              -3.821184
            ],
            [
              -38.489635,
              -3.821461
            ],
            [
              -38.489657,
              -3.821546
            ],
            [
              -38.488632,
              -3.821654
            ],
            [
              -38.488696,
              -3.819967
            ],
            [
              -38.488571,
              -3.819156
            ],
            [
              -38.488509,
              -3.818607
            ],
            [
              -38.488419,
              -3.817639
            ],
            [
              -38.488516,
              -3.817559
            ],
            [
              -38.488969,
              -3.817585
            ],
            [
              -38.488977,
              -3.817238
            ],
            [
              -38.489165,
              -3.817235
            ],
            [
              -38.489157,
              -3.817074
            ],
            [
              -38.489465,
              -3.817243
            ],
            [
              -38.490163,
              -3.817302
            ],
            [
              -38.490187,
              -3.817912
            ],
            [
              -38.490607,
              -3.817858
            ],
            [
              -38.491018,
              -3.817772
            ],
            [
              -38.491504,
              -3.817648
            ],
            [
              -38.491498,
              -3.817545
            ],
            [
              -38.492026,
              -3.817426
            ]
          ]
        ],
        "type": "Polygon"
      },
      "properties": {
        "bairro": "MESSEJANA",
        "faction": "MASSA",
        "generated_at": "2026-09-24T14:42:49.820787",
        "geometry_type": "Polygon",
        "is_centroid": false,
        "is_tactical": true,
        "local_street_pressure": 15.448,
        "municipality": "Fortaleza",
        "name": "Conjunto São Bernardo",
        "nearby_streets": [
          "CONJUNTO SÃO BERNARDO",
          "RUA CECÍLIA MEIRELES",
          "RUA NICOLAU COELHO"
        ],
        "nearby_streets_count": 63,
        "node_id": 2,
        "parent_area": "MESSEJANA",
        "parent_risk_level": "crítico",
        "parent_risk_score": 94.7,
        "parent_status": "CRÍTICO",
        "peak_hour_end": 21,
        "peak_hour_share": 0.1277,
        "peak_hour_start": 16,
        "peak_hours": "Entre 16hs e 21hs",
        "peak_time_label": "Quarta-feira, entre 16hs e 21hs",
        "peak_weekday": "Quarta-feira",
        "peak_weekday_share": 0.234,
        "rank": 2,
        "region": "fortaleza",
        "risk_score": 89.688,
        "score": 89.688,
        "source_geometry_type": "Polygon",
        "temporal_horizon_days": 30,
        "temporal_reference_date": "2026-12-09",
        "temporal_sample_size": 47
      },
      "type": "Feature"
    },
    {
      "geometry": {
        "coordinates": [
          [
            [
              -38.492218,
              -3.818126
            ],
            [
              -38.493187,
              -3.818556
            ],
            [
              -38.493142,
              -3.818656
            ],
            [
              -38.492166,
              -3.818226
            ],
            [
              -38.492218,
              -3.818126
            ]
          ]
        ],
        "type": "Polygon"
      },
      "properties": {
        "bairro": "MESSEJANA",
        "faction": "MASSA",
        "generated_at": "2026-09-24T14:42:49.820787",
        "geometry_type": "Polygon",
        "is_centroid": false,
        "is_tactical": true,
        "local_street_pressure": 15.543,
        "municipality": "Fortaleza",
        "name": "Comunidade da Portelinha- Messejana",
        "nearby_streets": [
          "COMUNIDADE DA PORTELINHA- MESSEJANA",
          "RUA NICOLAU COELHO",
          "RUA VILAMAR DAMASCENO"
        ],
        "nearby_streets_count": 57,
        "node_id": 3,
        "parent_area": "MESSEJANA",
        "parent_risk_level": "crítico",
        "parent_risk_score": 94.7,
        "parent_status": "CRÍTICO",
        "peak_hour_end": 21,
        "peak_hour_share": 0.1277,
        "peak_hour_start": 16,
        "peak_hours": "Entre 16hs e 21hs",
        "peak_time_label": "Quarta-feira, entre 16hs e 21hs",
        "peak_weekday": "Quarta-feira",
        "peak_weekday_share": 0.234,
        "rank": 3,
        "region": "fortaleza",
        "risk_score": 87.848,
        "score": 87.848,
        "source_geometry_type": "Polygon",
        "temporal_horizon_days": 30,
        "temporal_reference_date": "2026-12-09",
        "temporal_sample_size": 47
      },
      "type": "Feature"
    },
    {
      "geometry": {
        "coordinates": [
          [
            [
              -38.494503,
              -3.822045
            ],
            [
              -38.493784,
              -3.821926
            ],
            [
              -38.493711,
              -3.82191
            ],
            [
              -38.49259,
              -3.821783
            ],
            [
              -38.492278,
              -3.820207
            ],
            [
              -38.49494,
              -3.81985
            ],
            [
              -38.494811,
              -3.820568
            ],
            [
              -38.493966,
              -3.820487
            ],
            [
              -38.493848,
              -3.821231
            ],
            [
              -38.494672,
              -3.821374
            ],
            [
              -38.494503,
              -3.822045
            ]
          ]
        ],
        "type": "Polygon"
      },
      "properties": {
        "bairro": "MESSEJANA",
        "faction": "MASSA",
        "generated_at": "2026-09-24T14:42:49.820787",
        "geometry_type": "Polygon",
        "is_centroid": false,
        "is_tactical": true,
        "local_street_pressure": 14.735,
        "municipality": "Fortaleza",
        "name": "Comunidade da Conquista",
        "nearby_streets": [
          "RUA LETÍCIA",
          "COMUNIDADE DA CONQUISTA",
          "RUA VILAMAR DAMASCENO"
        ],
        "nearby_streets_count": 54,
        "node_id": 4,
        "parent_area": "MESSEJANA",
        "parent_risk_level": "crítico",
        "parent_risk_score": 94.7,
        "parent_status": "CRÍTICO",
        "peak_hour_end": 21,
        "peak_hour_share": 0.1277,
        "peak_hour_start": 16,
        "peak_hours": "Entre 16hs e 21hs",
        "peak_time_label": "Quarta-feira, entre 16hs e 21hs",
        "peak_weekday": "Quarta-feira",
        "peak_weekday_share": 0.234,
        "rank": 4,
        "region": "fortaleza",
        "risk_score": 87.499,
        "score": 87.499,
        "source_geometry_type": "Polygon",
        "temporal_horizon_days": 30,
        "temporal_reference_date": "2026-12-09",
        "temporal_sample_size": 47
      },
      "type": "Feature"
    },
    {
      "geometry": {
        "coordinates": [
          [
            [
              -38.489511,
              -3.829305
            ],
            [
              -38.488698,
              -3.829426
            ],
            [
              -38.488652,
              -3.829139
            ],
            [
              -38.488604,
              -3.828909
            ],
            [
              -38.488599,
              -3.828778
            ],
            [
              -38.488615,
              -3.828699
            ],
            [
              -38.489482,
              -3.828969
            ],
            [
              -38.489511,
              -3.829305
            ]
          ]
        ],
        "type": "Polygon"
      },
      "properties": {
        "bairro": "MESSEJANA",
        "faction": "CV",
        "generated_at": "2026-09-24T14:42:49.820787",
        "geometry_type": "Polygon",
        "is_centroid": false,
        "is_tactical": true,
        "local_street_pressure": 14.746,
        "municipality": "Fortaleza",
        "name": "Beco da Maravilha",
        "nearby_streets": [
          "BECO DA MARAVILHA",
          "RUA DOUTOR JOAQUIM BENTO",
          "RUA SANTO EXPEDITO"
        ],
        "nearby_streets_count": 58,
        "node_id": 5,
        "parent_area": "MESSEJANA",
        "parent_risk_level": "crítico",
        "parent_risk_score": 94.7,
        "parent_status": "CRÍTICO",
        "peak_hour_end": 21,
        "peak_hour_share": 0.1277,
        "peak_hour_start": 16,
        "peak_hours": "Entre 16hs e 21hs",
        "peak_time_label": "Quarta-feira, entre 16hs e 21hs",
        "peak_weekday": "Quarta-feira",
        "peak_weekday_share": 0.234,
        "rank": 5,
        "region": "fortaleza",
        "risk_score": 87.056,
        "score": 87.056,
        "source_geometry_type": "Polygon",
        "temporal_horizon_days": 30,
        "temporal_reference_date": "2026-12-09",
        "temporal_sample_size": 47
      },
      "type": "Feature"
    },
    {
      "geometry": {
        "coordinates": [
          [
            [
              -38.495497,
              -3.816115
            ],
            [
              -38.495138,
              -3.816854
            ],
            [
              -38.494752,
              -3.816575
            ],
            [
              -38.494516,
              -3.81687
            ],
            [
              -38.494467,
              -3.817635
            ],
            [
              -38.493775,
              -3.817314
            ],
            [
              -38.493463,
              -3.817929
            ],
            [
              -38.492422,
              -3.817478
            ],
            [
              -38.492148,
              -3.818092
            ],
            [
              -38.492061,
              -3.818054
            ],
            [
              -38.492047,
              -3.817396
            ],
            [
              -38.491984,
              -3.817253
            ],
            [
              -38.492027,
              -3.816565
            ],
            [
              -38.491925,
              -3.815633
            ],
            [
              -38.491968,
              -3.814986
            ],
            [
              -38.492091,
              -3.814585
            ],
            [
              -38.495497,
              -3.816115
            ]
          ]
        ],
        "type": "Polygon"
      },
      "properties": {
        "bairro": "MESSEJANA",
        "faction": "MASSA",
        "generated_at": "2026-09-24T14:42:49.820787",
        "geometry_type": "Polygon",
        "is_centroid": false,
        "is_tactical": true,
        "local_street_pressure": 13.836,
        "municipality": "Fortaleza",
        "name": "Parque Iracema I",
        "nearby_streets": [
          "PARQUE IRACEMA I",
          "COMUNIDADE DA PORTELINHA- MESSEJANA",
          "RUA NICOLAU COELHO"
        ],
        "nearby_streets_count": 54,
        "node_id": 6,
        "parent_area": "MESSEJANA",
        "parent_risk_level": "crítico",
        "parent_risk_score": 94.7,
        "parent_status": "CRÍTICO",
        "peak_hour_end": 21,
        "peak_hour_share": 0.1277,
        "peak_hour_start": 16,
        "peak_hours": "Entre 16hs e 21hs",
        "peak_time_label": "Quarta-feira, entre 16hs e 21hs",
        "peak_weekday": "Quarta-feira",
        "peak_weekday_share": 0.234,
        "rank": 6,
        "region": "fortaleza",
        "risk_score": 87.042,
        "score": 87.042,
        "source_geometry_type": "Polygon",
        "temporal_horizon_days": 30,
        "temporal_reference_date": "2026-12-09",
        "temporal_sample_size": 47
      },
      "type": "Feature"
    },
    {
      "geometry": {
        "coordinates": [
          [
            [
              -38.5034373,
              -3.8232045
            ],
            [
              -38.5036519,
              -3.8242322
            ],
            [
              -38.4999827,
              -3.8252813
            ],
            [
              -38.4993818,
              -3.8252813
            ],
            [
              -38.4990385,
              -3.8251528
            ],
            [
              -38.4981373,
              -3.8220698
            ],
            [
              -38.4951118,
              -3.8224123
            ],
            [
              -38.4958413,
              -3.8207852
            ],
            [
              -38.5034373,
              -3.8232045
            ]
          ]
        ],
        "type": "Polygon"
      },
      "properties": {
        "bairro": "MESSEJANA",
        "faction": "CV",
        "generated_at": "2026-09-24T14:42:49.820787",
        "geometry_type": "Polygon",
        "is_centroid": false,
        "is_tactical": true,
        "local_street_pressure": 12.249,
        "municipality": "Fortaleza",
        "name": "LAGOA SECA",
        "nearby_streets": [
          "LAGOA SECA",
          "RUA JURITI",
          "TRAVESSA CHICÓ MENDES DA CONQUISTA"
        ],
        "nearby_streets_count": 55,
        "node_id": 7,
        "parent_area": "MESSEJANA",
        "parent_risk_level": "crítico",
        "parent_risk_score": 94.7,
        "parent_status": "CRÍTICO",
        "peak_hour_end": 21,
        "peak_hour_share": 0.1277,
        "peak_hour_start": 16,
        "peak_hours": "Entre 16hs e 21hs",
        "peak_time_label": "Quarta-feira, entre 16hs e 21hs",
        "peak_weekday": "Quarta-feira",
        "peak_weekday_share": 0.234,
        "rank": 7,
        "region": "fortaleza",
        "risk_score": 86.534,
        "score": 86.534,
        "source_geometry_type": "Polygon",
        "temporal_horizon_days": 30,
        "temporal_reference_date": "2026-12-09",
        "temporal_sample_size": 47
      },
      "type": "Feature"
    },
    {
      "geometry": {
        "coordinates": [
          [
            [
              -38.493423,
              -3.837638
            ],
            [
              -38.493472,
              -3.83785
            ],
            [
              -38.49351,
              -3.8381
            ],
            [
              -38.493514,
              -3.838212
            ],
            [
              -38.493486,
              -3.838505
            ],
            [
              -38.492942,
              -3.838179
            ],
            [
              -38.491706,
              -3.837278
            ],
            [
              -38.490604,
              -3.836575
            ],
            [
              -38.490925,
              -3.835726
            ],
            [
              -38.490376,
              -3.835197
            ],
            [
              -38.491931,
              -3.833699
            ],
            [
              -38.492167,
              -3.833913
            ],
            [
              -38.492414,
              -3.834512
            ],
            [
              -38.492929,
              -3.836321
            ],
            [
              -38.493423,
              -3.837638
            ]
          ]
        ],
        "type": "Polygon"
      },
      "properties": {
        "bairro": "MESSEJANA",
        "faction": "CV",
        "generated_at": "2026-09-24T14:42:49.820787",
        "geometry_type": "Polygon",
        "is_centroid": false,
        "is_tactical": true,
        "local_street_pressure": 10.177,
        "municipality": "Fortaleza",
        "name": "Cemitério",
        "nearby_streets": [
          "RUA COPÉRNICO",
          "CEMITÉRIO",
          "TRAVESSA MARIO BARCELOS"
        ],
        "nearby_streets_count": 42,
        "node_id": 8,
        "parent_area": "MESSEJANA",
        "parent_risk_level": "crítico",
        "parent_risk_score": 94.7,
        "parent_status": "CRÍTICO",
        "peak_hour_end": 21,
        "peak_hour_share": 0.1277,
        "peak_hour_start": 16,
        "peak_hours": "Entre 16hs e 21hs",
        "peak_time_label": "Quarta-feira, entre 16hs e 21hs",
        "peak_weekday": "Quarta-feira",
        "peak_weekday_share": 0.234,
        "rank": 8,
        "region": "fortaleza",
        "risk_score": 83.201,
        "score": 83.201,
        "source_geometry_type": "Polygon",
        "temporal_horizon_days": 30,
        "temporal_reference_date": "2026-12-09",
        "temporal_sample_size": 47
      },
      "type": "Feature"
    },
    {
      "geometry": {
        "coordinates": [
          [
            [
              -38.477486,
              -3.846943
            ],
            [
              -38.477369,
              -3.8471
            ],
            [
              -38.477174,
              -3.847271
            ],
            [
              -38.477053,
              -3.847154
            ],
            [
              -38.476739,
              -3.847301
            ],
            [
              -38.476567,
              -3.84741
            ],
            [
              -38.476144,
              -3.84778
            ],
            [
              -38.475906,
              -3.848007
            ],
            [
              -38.475664,
              -3.848355
            ],
            [
              -38.475407,
              -3.84775
            ],
            [
              -38.475192,
              -3.847884
            ],
            [
              -38.475047,
              -3.847793
            ],
            [
              -38.474903,
              -3.847879
            ],
            [
              -38.474967,
              -3.84813
            ],
            [
              -38.475149,
              -3.848114
            ],
            [
              -38.475149,
              -3.848302
            ],
            [
              -38.475047,
              -3.848318
            ],
            [
              -38.474833,
              -3.848216
            ],
            [
              -38.474661,
              -3.84827
            ],
            [
              -38.47457,
              -3.848104
            ],
            [
              -38.474283,
              -3.848243
            ],
            [
              -38.474128,
              -3.847997
            ],
            [
              -38.475469,
              -3.847312
            ],
            [
              -38.4746,
              -3.846332
            ],
            [
              -38.474112,
              -3.846541
            ],
            [
              -38.47438,
              -3.847092
            ],
            [
              -38.473591,
              -3.847408
            ],
            [
              -38.473827,
              -3.848023
            ],
            [
              -38.470564,
              -3.849437
            ],
            [
              -38.47021,
              -3.848431
            ],
            [
              -38.472463,
              -3.847339
            ],
            [
              -38.472012,
              -3.846322
            ],
            [
              -38.469802,
              -3.847392
            ],
            [
              -38.469451,
              -3.846326
            ],
            [
              -38.471597,
              -3.845336
            ],
            [
              -38.471543,
              -3.84524
            ],
            [
              -38.472745,
              -3.844646
            ],
            [
              -38.471568,
              -3.843356
            ],
            [
              -38.47251,
              -3.84288
            ],
            [
              -38.473323,
              -3.842469
            ],
            [
              -38.473978,
              -3.843935
            ],
            [
              -38.475812,
              -3.843089
            ],
            [
              -38.476338,
              -3.844278
            ],
            [
              -38.47504,
              -3.844888
            ],
            [
              -38.475351,
              -3.845455
            ],
            [
              -38.475973,
              -3.84523
            ],
            [
              -38.476252,
              -3.845894
            ],
            [
              -38.476885,
              -3.845637
            ],
            [
              -38.477486,
              -3.846943
            ]
          ]
        ],
        "type": "Polygon"
      },
      "properties": {
        "bairro": "COAÇU",
        "faction": "CV",
        "generated_at": "2026-09-24T14:42:49.820787",
        "geometry_type": "Polygon",
        "is_centroid": false,
        "is_tactical": true,
        "local_street_pressure": 3.062,
        "municipality": "Messejana",
        "name": "Santa Rosa- Messejana",
        "nearby_streets": [
          "SANTA ROSA- MESSEJANA",
          "RUA ZUMBI",
          "COMUNIDADE PÔR DO SOL"
        ],
        "nearby_streets_count": 9,
        "node_id": 9,
        "parent_area": "COAÇU",
        "parent_risk_level": "crítico",
        "parent_risk_score": 94.7,
        "parent_status": "CRÍTICO",
        "peak_hour_end": 17,
        "peak_hour_share": 0.5,
        "peak_hour_start": 12,
        "peak_hours": "Entre 12hs e 17hs",
        "peak_time_label": "Sexta-feira, entre 12hs e 17hs",
        "peak_weekday": "Sexta-feira",
        "peak_weekday_share": 0.75,
        "rank": 9,
        "region": "fortaleza",
        "risk_score": 78.168,
        "score": 78.168,
        "source_geometry_type": "Polygon",
        "temporal_horizon_days": 30,
        "temporal_reference_date": "2026-12-09",
        "temporal_sample_size": 4
      },
      "type": "Feature"
    },
    {
      "geometry": {
        "coordinates": [
          [
            [
              -38.493274,
              -3.842321
            ],
            [
              -38.490823,
              -3.842412
            ],
            [
              -38.490943,
              -3.842106
            ],
            [
              -38.490222,
              -3.84162
            ],
            [
              -38.490654,
              -3.841015
            ],
            [
              -38.492172,
              -3.842034
            ],
            [
              -38.492313,
              -3.841828
            ],
            [
              -38.492689,
              -3.842073
            ],
            [
              -38.49259,
              -3.842235
            ],
            [
              -38.492708,
              -3.842256
            ],
            [
              -38.493272,
              -3.842248
            ],
            [
              -38.493274,
              -3.842321
            ]
          ]
        ],
        "type": "Polygon"
      },
      "properties": {
        "bairro": "PARQUE SANTA MARIA",
        "faction": "CV",
        "generated_at": "2026-09-24T14:42:49.820787",
        "geometry_type": "Polygon",
        "is_centroid": false,
        "is_tactical": true,
        "local_street_pressure": 3.594,
        "municipality": "Messejana",
        "name": "Comunidade do Serrote - Messejana",
        "nearby_streets": [
          "COMUNIDADE DO SERROTE - MESSEJANA",
          "RUA COPÉRNICO",
          "CEMITÉRIO"
        ],
        "nearby_streets_count": 13,
        "node_id": 10,
        "parent_area": "PARQUE SANTA MARIA",
        "parent_risk_level": "crítico",
        "parent_risk_score": 94.7,
        "parent_status": "CRÍTICO",
        "rank": 10,
        "region": "fortaleza",
        "risk_score": 75.498,
        "score": 75.498,
        "source_geometry_type": "Polygon"
      },
      "type": "Feature"
    },
    {
      "geometry": {
        "coordinates": [
          [
            [
              -38.590028,
              -3.742756
            ],
            [
              -38.589409,
              -3.747202
            ],
            [
              -38.588567,
              -3.747084
            ],
            [
              -38.587746,
              -3.746795
            ],
            [
              -38.587953,
              -3.746297
            ],
            [
              -38.587753,
              -3.746185
            ],
            [
              -38.588111,
              -3.745484
            ],
            [
              -38.586888,
              -3.744927
            ],
            [
              -38.587124,
              -3.744456
            ],
            [
              -38.587215,
              -3.743921
            ],
            [
              -38.587376,
              -3.742331
            ],
            [
              -38.587392,
              -3.742202
            ],
            [
              -38.587958,
              -3.742245
            ],
            [
              -38.587952,
              -3.742325
            ],
            [
              -38.588868,
              -3.742442
            ],
            [
              -38.588848,
              -3.742581
            ],
            [
              -38.590028,
              -3.742756
            ]
          ]
        ],
        "type": "Polygon"
      },
      "properties": {
        "bairro": "ANTÔNIO BEZERRA",
        "faction": "CV",
        "generated_at": "2026-09-24T14:42:49.820787",
        "geometry_type": "Polygon",
        "is_centroid": false,
        "is_tactical": true,
        "local_street_pressure": 12.121,
        "municipality": "Fortaleza",
        "name": "Rua da Feira - Antonio Bezerra",
        "nearby_streets": [
          "RUA DA FEIRA - ANTONIO BEZERRA",
          "RUA RUI MONTE",
          "RUA PROFESSOR JOAQUIM NOGUEIRA"
        ],
        "nearby_streets_count": 50,
        "node_id": 13,
        "parent_area": "ANTÔNIO BEZERRA",
        "parent_risk_level": "moderado",
        "parent_risk_score": 41.4,
        "parent_status": "MODERADO",
        "peak_hour_end": 2,
        "peak_hour_share": 0.125,
        "peak_hour_start": 21,
        "peak_hours": "Entre 21hs e 02hs",
        "peak_time_label": "Segunda-feira, entre 21hs e 02hs",
        "peak_weekday": "Segunda-feira",
        "peak_weekday_share": 0.1875,
        "rank": 11,
        "region": "fortaleza",
        "risk_score": 47.327,
        "score": 47.327,
        "source_geometry_type": "Polygon",
        "temporal_horizon_days": 30,
        "temporal_reference_date": "2026-12-09",
        "temporal_sample_size": 16
      },
      "type": "Feature"
    },
    {
      "geometry": {
        "coordinates": [
          [
            [
              -38.594919,
              -3.736325
            ],
            [
              -38.593018,
              -3.736998
            ],
            [
              -38.592436,
              -3.737118
            ],
            [
              -38.59096,
              -3.73757
            ],
            [
              -38.590433,
              -3.737726
            ],
            [
              -38.59007,
              -3.735532
            ],
            [
              -38.590669,
              -3.735423
            ],
            [
              -38.591111,
              -3.734727
            ],
            [
              -38.594919,
              -3.736325
            ]
          ]
        ],
        "type": "Polygon"
      },
      "properties": {
        "bairro": "ANTÔNIO BEZERRA",
        "faction": "CV",
        "generated_at": "2026-09-24T14:42:49.820787",
        "geometry_type": "Polygon",
        "is_centroid": false,
        "is_tactical": true,
        "local_street_pressure": 12.313,
        "municipality": "Fortaleza",
        "name": "Anario Braga",
        "nearby_streets": [
          "RUA PANAMÁ",
          "ANARIO BRAGA",
          "RUA JOSÉ ACIOLY"
        ],
        "nearby_streets_count": 49,
        "node_id": 14,
        "parent_area": "ANTÔNIO BEZERRA",
        "parent_risk_level": "moderado",
        "parent_risk_score": 41.4,
        "parent_status": "MODERADO",
        "peak_hour_end": 2,
        "peak_hour_share": 0.125,
        "peak_hour_start": 21,
        "peak_hours": "Entre 21hs e 02hs",
        "peak_time_label": "Segunda-feira, entre 21hs e 02hs",
        "peak_weekday": "Segunda-feira",
        "peak_weekday_share": 0.1875,
        "rank": 12,
        "region": "fortaleza",
        "risk_score": 47.115,
        "score": 47.115,
        "source_geometry_type": "Polygon",
        "temporal_horizon_days": 30,
        "temporal_reference_date": "2026-12-09",
        "temporal_sample_size": 16
      },
      "type": "Feature"
    },
    {
      "geometry": {
        "coordinates": [
          [
            [
              -38.597477,
              -3.746044
            ],
            [
              -38.597365,
              -3.747585
            ],
            [
              -38.596619,
              -3.747563
            ],
            [
              -38.596501,
              -3.747579
            ],
            [
              -38.596426,
              -3.747638
            ],
            [
              -38.596099,
              -3.747842
            ],
            [
              -38.596029,
              -3.747922
            ],
            [
              -38.595922,
              -3.747976
            ],
            [
              -38.595782,
              -3.747986
            ],
            [
              -38.595535,
              -3.74797
            ],
            [
              -38.595557,
              -3.747836
            ],
            [
              -38.595443,
              -3.747816
            ],
            [
              -38.595458,
              -3.74758
            ],
            [
              -38.595571,
              -3.747591
            ],
            [
              -38.595619,
              -3.746896
            ],
            [
              -38.595408,
              -3.746934
            ],
            [
              -38.59542,
              -3.747206
            ],
            [
              -38.595217,
              -3.747197
            ],
            [
              -38.595157,
              -3.746892
            ],
            [
              -38.595096,
              -3.746664
            ],
            [
              -38.593688,
              -3.746965
            ],
            [
              -38.594042,
              -3.744541
            ],
            [
              -38.594711,
              -3.744612
            ],
            [
              -38.594884,
              -3.743545
            ],
            [
              -38.59679,
              -3.743816
            ],
            [
              -38.596751,
              -3.744103
            ],
            [
              -38.596641,
              -3.744091
            ],
            [
              -38.596421,
              -3.745476
            ],
            [
              -38.596651,
              -3.745502
            ],
            [
              -38.596836,
              -3.745526
            ],
            [
              -38.596792,
              -3.745999
            ],
            [
              -38.597477,
              -3.746044
            ]
          ]
        ],
        "type": "Polygon"
      },
      "properties": {
        "bairro": "ANTÔNIO BEZERRA",
        "faction": "CV",
        "generated_at": "2026-09-24T14:42:49.820787",
        "geometry_type": "Polygon",
        "is_centroid": false,
        "is_tactical": true,
        "local_street_pressure": 11.409,
        "municipality": "Fortaleza",
        "name": "Comunidade do Aterro/Ocupação",
        "nearby_streets": [
          "COMUNIDADE DO ATERRO/OCUPAÇÃO",
          "AREA SEM NOME",
          "PORTELINHA (ALTO DO BODE)"
        ],
        "nearby_streets_count": 52,
        "node_id": 15,
        "parent_area": "ANTÔNIO BEZERRA",
        "parent_risk_level": "moderado",
        "parent_risk_score": 41.4,
        "parent_status": "MODERADO",
        "peak_hour_end": 2,
        "peak_hour_share": 0.125,
        "peak_hour_start": 21,
        "peak_hours": "Entre 21hs e 02hs",
        "peak_time_label": "Segunda-feira, entre 21hs e 02hs",
        "peak_weekday": "Segunda-feira",
        "peak_weekday_share": 0.1875,
        "rank": 13,
        "region": "fortaleza",
        "risk_score": 46.556,
        "score": 46.556,
        "source_geometry_type": "Polygon",
        "temporal_horizon_days": 30,
        "temporal_reference_date": "2026-12-09",
        "temporal_sample_size": 16
      },
      "type": "Feature"
    },
    {
      "geometry": {
        "coordinates": [
          [
            [
              -38.467212,
              -3.822448
            ],
            [
              -38.46689,
              -3.823588
            ],
            [
              -38.465598,
              -3.823546
            ],
            [
              -38.465469,
              -3.823564
            ],
            [
              -38.464734,
              -3.823321
            ],
            [
              -38.465343,
              -3.821862
            ],
            [
              -38.465997,
              -3.821734
            ],
            [
              -38.466311,
              -3.821667
            ],
            [
              -38.466398,
              -3.821644
            ],
            [
              -38.466464,
              -3.821577
            ],
            [
              -38.466559,
              -3.821445
            ],
            [
              -38.46656,
              -3.821255
            ],
            [
              -38.466748,
              -3.821239
            ],
            [
              -38.466916,
              -3.821263
            ],
            [
              -38.467062,
              -3.821292
            ],
            [
              -38.467212,
              -3.822448
            ]
          ]
        ],
        "type": "Polygon"
      },
      "properties": {
        "bairro": "LAGOA REDONDA",
        "faction": "CV",
        "generated_at": "2026-09-24T14:42:49.820787",
        "geometry_type": "Polygon",
        "is_centroid": false,
        "is_tactical": true,
        "local_street_pressure": 15.696,
        "municipality": "Fortaleza",
        "name": "Favela Do Abc",
        "nearby_streets": [
          "FAVELA DO ABC",
          "RUA SANTA ISABEL",
          "RUA PAULO DE TASSO RAMOS"
        ],
        "nearby_streets_count": 62,
        "node_id": 16,
        "parent_area": "LAGOA REDONDA",
        "parent_risk_level": "moderado",
        "parent_risk_score": 35.3,
        "parent_status": "MODERADO",
        "peak_hour_end": 5,
        "peak_hour_share": 0.1111,
        "peak_hour_start": 0,
        "peak_hours": "Entre 00hs e 05hs",
        "peak_time_label": "Segunda-feira, entre 00hs e 05hs",
        "peak_weekday": "Segunda-feira",
        "peak_weekday_share": 0.2593,
        "rank": 14,
        "region": "fortaleza",
        "risk_score": 45.785,
        "score": 45.785,
        "source_geometry_type": "Polygon",
        "temporal_horizon_days": 30,
        "temporal_reference_date": "2026-12-09",
        "temporal_sample_size": 27
      },
      "type": "Feature"
    },
    {
      "geometry": {
        "coordinates": [
          [
            [
              -38.464254,
              -3.827215
            ],
            [
              -38.465257,
              -3.827526
            ],
            [
              -38.466258,
              -3.827855
            ],
            [
              -38.466269,
              -3.828108
            ],
            [
              -38.465687,
              -3.829438
            ],
            [
              -38.463313,
              -3.829668
            ],
            [
              -38.463229,
              -3.829636
            ],
            [
              -38.464254,
              -3.827215
            ]
          ]
        ],
        "type": "Polygon"
      },
      "properties": {
        "bairro": "LAGOA REDONDA",
        "faction": "CV",
        "generated_at": "2026-09-24T14:42:49.820787",
        "geometry_type": "Polygon",
        "is_centroid": false,
        "is_tactical": true,
        "local_street_pressure": 15.234,
        "municipality": "Fortaleza",
        "name": "11 De Novembro",
        "nearby_streets": [
          "11 DE NOVEMBRO",
          "RUA MORONI BING TORGAN",
          "AREA SEM NOME"
        ],
        "nearby_streets_count": 51,
        "node_id": 17,
        "parent_area": "LAGOA REDONDA",
        "parent_risk_level": "moderado",
        "parent_risk_score": 35.3,
        "parent_status": "MODERADO",
        "peak_hour_end": 5,
        "peak_hour_share": 0.1111,
        "peak_hour_start": 0,
        "peak_hours": "Entre 00hs e 05hs",
        "peak_time_label": "Segunda-feira, entre 00hs e 05hs",
        "peak_weekday": "Segunda-feira",
        "peak_weekday_share": 0.2593,
        "rank": 15,
        "region": "fortaleza",
        "risk_score": 45.413,
        "score": 45.413,
        "source_geometry_type": "Polygon",
        "temporal_horizon_days": 30,
        "temporal_reference_date": "2026-12-09",
        "temporal_sample_size": 27
      },
      "type": "Feature"
    },
    {
      "geometry": {
        "coordinates": [
          [
            [
              -38.465717,
              -3.829507
            ],
            [
              -38.466151,
              -3.830082
            ],
            [
              -38.46634,
              -3.830008
            ],
            [
              -38.466478,
              -3.829972
            ],
            [
              -38.466578,
              -3.829972
            ],
            [
              -38.467146,
              -3.83207
            ],
            [
              -38.465529,
              -3.832978
            ],
            [
              -38.464865,
              -3.832127
            ],
            [
              -38.463536,
              -3.830205
            ],
            [
              -38.463898,
              -3.829962
            ],
            [
              -38.463743,
              -3.829713
            ],
            [
              -38.465717,
              -3.829507
            ]
          ]
        ],
        "type": "Polygon"
      },
      "properties": {
        "bairro": "LAGOA REDONDA",
        "faction": "CV",
        "generated_at": "2026-09-24T14:42:49.820787",
        "geometry_type": "Polygon",
        "is_centroid": false,
        "is_tactical": true,
        "local_street_pressure": 13.923,
        "municipality": "Fortaleza",
        "name": "Caixa D’água",
        "nearby_streets": [
          "CAIXA D’ÁGUA",
          "RUA ISABEL FERREIRA",
          "11 DE NOVEMBRO"
        ],
        "nearby_streets_count": 50,
        "node_id": 18,
        "parent_area": "LAGOA REDONDA",
        "parent_risk_level": "moderado",
        "parent_risk_score": 35.3,
        "parent_status": "MODERADO",
        "peak_hour_end": 5,
        "peak_hour_share": 0.1111,
        "peak_hour_start": 0,
        "peak_hours": "Entre 00hs e 05hs",
        "peak_time_label": "Segunda-feira, entre 00hs e 05hs",
        "peak_weekday": "Segunda-feira",
        "peak_weekday_share": 0.2593,
        "rank": 16,
        "region": "fortaleza",
        "risk_score": 44.425,
        "score": 44.425,
        "source_geometry_type": "Polygon",
        "temporal_horizon_days": 30,
        "temporal_reference_date": "2026-12-09",
        "temporal_sample_size": 27
      },
      "type": "Feature"
    },
    {
      "geometry": {
        "coordinates": [
          [
            [
              -38.46667,
              -3.829944
            ],
            [
              -38.468355,
              -3.829569
            ],
            [
              -38.468215,
              -3.828723
            ],
            [
              -38.468636,
              -3.828728
            ],
            [
              -38.468849,
              -3.829596
            ],
            [
              -38.469028,
              -3.829575
            ],
            [
              -38.469071,
              -3.830025
            ],
            [
              -38.46918,
              -3.830015
            ],
            [
              -38.469242,
              -3.830358
            ],
            [
              -38.469261,
              -3.830461
            ],
            [
              -38.469254,
              -3.830548
            ],
            [
              -38.469212,
              -3.830647
            ],
            [
              -38.468562,
              -3.830962
            ],
            [
              -38.468207,
              -3.831203
            ],
            [
              -38.467939,
              -3.831454
            ],
            [
              -38.467164,
              -3.831999
            ],
            [
              -38.46667,
              -3.829944
            ]
          ]
        ],
        "type": "Polygon"
      },
      "properties": {
        "bairro": "LAGOA REDONDA",
        "faction": "CV",
        "generated_at": "2026-09-24T14:42:49.820787",
        "geometry_type": "Polygon",
        "is_centroid": false,
        "is_tactical": true,
        "local_street_pressure": 14.28,
        "municipality": "Fortaleza",
        "name": "Arco Verde",
        "nearby_streets": [
          "ARCO VERDE",
          "RUA ISABEL FERREIRA",
          "CAIXA D’ÁGUA"
        ],
        "nearby_streets_count": 55,
        "node_id": 19,
        "parent_area": "LAGOA REDONDA",
        "parent_risk_level": "moderado",
        "parent_risk_score": 35.3,
        "parent_status": "MODERADO",
        "peak_hour_end": 5,
        "peak_hour_share": 0.1111,
        "peak_hour_start": 0,
        "peak_hours": "Entre 00hs e 05hs",
        "peak_time_label": "Segunda-feira, entre 00hs e 05hs",
        "peak_weekday": "Segunda-feira",
        "peak_weekday_share": 0.2593,
        "rank": 17,
        "region": "fortaleza",
        "risk_score": 44.325,
        "score": 44.325,
        "source_geometry_type": "Polygon",
        "temporal_horizon_days": 30,
        "temporal_reference_date": "2026-12-09",
        "temporal_sample_size": 27
      },
      "type": "Feature"
    },
    {
      "geometry": {
        "coordinates": [
          [
            [
              -38.464085,
              -3.824016
            ],
            [
              -38.465026,
              -3.824319
            ],
            [
              -38.464468,
              -3.82594
            ],
            [
              -38.46325,
              -3.825552
            ],
            [
              -38.463345,
              -3.825369
            ],
            [
              -38.463397,
              -3.825394
            ],
            [
              -38.464085,
              -3.824016
            ]
          ]
        ],
        "type": "Polygon"
      },
      "properties": {
        "bairro": "LAGOA REDONDA",
        "faction": "CV",
        "generated_at": "2026-09-24T14:42:49.820787",
        "geometry_type": "Polygon",
        "is_centroid": false,
        "is_tactical": true,
        "local_street_pressure": 14.5,
        "municipality": "Fortaleza",
        "name": "AP",
        "nearby_streets": [
          "AP",
          "FINAL FELIZ",
          "RUA SETE"
        ],
        "nearby_streets_count": 50,
        "node_id": 20,
        "parent_area": "LAGOA REDONDA",
        "parent_risk_level": "moderado",
        "parent_risk_score": 35.3,
        "parent_status": "MODERADO",
        "peak_hour_end": 5,
        "peak_hour_share": 0.1111,
        "peak_hour_start": 0,
        "peak_hours": "Entre 00hs e 05hs",
        "peak_time_label": "Segunda-feira, entre 00hs e 05hs",
        "peak_weekday": "Segunda-feira",
        "peak_weekday_share": 0.2593,
        "rank": 18,
        "region": "fortaleza",
        "risk_score": 44.234,
        "score": 44.234,
        "source_geometry_type": "Polygon",
        "temporal_horizon_days": 30,
        "temporal_reference_date": "2026-12-09",
        "temporal_sample_size": 27
      },
      "type": "Feature"
    },
    {
      "geometry": {
        "coordinates": [
          [
            [
              -38.463156,
              -3.825717
            ],
            [
              -38.464266,
              -3.826057
            ],
            [
              -38.463968,
              -3.826365
            ],
            [
              -38.463418,
              -3.827031
            ],
            [
              -38.463995,
              -3.827459
            ],
            [
              -38.46341,
              -3.82887
            ],
            [
              -38.462115,
              -3.828169
            ],
            [
              -38.462015,
              -3.828123
            ],
            [
              -38.461955,
              -3.828095
            ],
            [
              -38.46194,
              -3.828112
            ],
            [
              -38.461842,
              -3.828055
            ],
            [
              -38.462442,
              -3.827078
            ],
            [
              -38.463156,
              -3.825717
            ]
          ]
        ],
        "type": "Polygon"
      },
      "properties": {
        "bairro": "LAGOA REDONDA",
        "faction": "CV",
        "generated_at": "2026-09-24T14:42:49.820787",
        "geometry_type": "Polygon",
        "is_centroid": false,
        "is_tactical": true,
        "local_street_pressure": 13.985,
        "municipality": "Fortaleza",
        "name": "Favela Do Pó",
        "nearby_streets": [
          "FAVELA DO PÓ",
          "RUA SETE",
          "RUA MORONI BING TORGAN"
        ],
        "nearby_streets_count": 44,
        "node_id": 21,
        "parent_area": "LAGOA REDONDA",
        "parent_risk_level": "moderado",
        "parent_risk_score": 35.3,
        "parent_status": "MODERADO",
        "peak_hour_end": 5,
        "peak_hour_share": 0.1111,
        "peak_hour_start": 0,
        "peak_hours": "Entre 00hs e 05hs",
        "peak_time_label": "Segunda-feira, entre 00hs e 05hs",
        "peak_weekday": "Segunda-feira",
        "peak_weekday_share": 0.2593,
        "rank": 19,
        "region": "fortaleza",
        "risk_score": 43.952,
        "score": 43.952,
        "source_geometry_type": "Polygon",
        "temporal_horizon_days": 30,
        "temporal_reference_date": "2026-12-09",
        "temporal_sample_size": 27
      },
      "type": "Feature"
    },
    {
      "geometry": {
        "coordinates": [
          [
            [
              -38.464512,
              -3.823286
            ],
            [
              -38.464217,
              -3.823955
            ],
            [
              -38.464066,
              -3.8239
            ],
            [
              -38.46315,
              -3.825558
            ],
            [
              -38.460937,
              -3.824852
            ],
            [
              -38.461833,
              -3.823858
            ],
            [
              -38.461779,
              -3.823838
            ],
            [
              -38.461919,
              -3.823684
            ],
            [
              -38.461959,
              -3.823703
            ],
            [
              -38.462195,
              -3.823433
            ],
            [
              -38.46228,
              -3.823417
            ],
            [
              -38.462365,
              -3.823433
            ],
            [
              -38.462506,
              -3.823537
            ],
            [
              -38.463159,
              -3.822634
            ],
            [
              -38.463344,
              -3.822704
            ],
            [
              -38.46392,
              -3.821942
            ],
            [
              -38.464247,
              -3.822121
            ],
            [
              -38.463726,
              -3.823012
            ],
            [
              -38.464512,
              -3.823286
            ]
          ]
        ],
        "type": "Polygon"
      },
      "properties": {
        "bairro": "LAGOA REDONDA",
        "faction": "CV",
        "generated_at": "2026-09-24T14:42:49.820787",
        "geometry_type": "Polygon",
        "is_centroid": false,
        "is_tactical": true,
        "local_street_pressure": 12.967,
        "municipality": "Fortaleza",
        "name": "Final Feliz",
        "nearby_streets": [
          "FINAL FELIZ",
          "AP",
          "RUA SETE"
        ],
        "nearby_streets_count": 47,
        "node_id": 22,
        "parent_area": "LAGOA REDONDA",
        "parent_risk_level": "moderado",
        "parent_risk_score": 35.3,
        "parent_status": "MODERADO",
        "peak_hour_end": 5,
        "peak_hour_share": 0.1111,
        "peak_hour_start": 0,
        "peak_hours": "Entre 00hs e 05hs",
        "peak_time_label": "Segunda-feira, entre 00hs e 05hs",
        "peak_weekday": "Segunda-feira",
        "peak_weekday_share": 0.2593,
        "rank": 20,
        "region": "fortaleza",
        "risk_score": 43.142,
        "score": 43.142,
        "source_geometry_type": "Polygon",
        "temporal_horizon_days": 30,
        "temporal_reference_date": "2026-12-09",
        "temporal_sample_size": 27
      },
      "type": "Feature"
    },
    {
      "geometry": {
        "coordinates": [
          [
            [
              -38.522032,
              -3.846303
            ],
            [
              -38.523298,
              -3.846075
            ],
            [
              -38.523843,
              -3.84583
            ],
            [
              -38.52435,
              -3.845536
            ],
            [
              -38.526903,
              -3.848733
            ],
            [
              -38.52524,
              -3.850157
            ],
            [
              -38.523534,
              -3.851586
            ],
            [
              -38.523389,
              -3.851356
            ],
            [
              -38.522032,
              -3.846303
            ]
          ]
        ],
        "type": "Polygon"
      },
      "properties": {
        "bairro": "CONJUNTO PALMEIRAS",
        "faction": "CV",
        "generated_at": "2026-09-24T14:42:49.820787",
        "geometry_type": "Polygon",
        "is_centroid": false,
        "is_tactical": true,
        "local_street_pressure": 12.845,
        "municipality": "Fortaleza",
        "name": "ÁREA DE GUERRA",
        "nearby_streets": [
          "ÁREA DE GUERRA",
          "RUA CODÓ",
          "RUA DA FEIRA"
        ],
        "nearby_streets_count": 46,
        "node_id": 23,
        "parent_area": "CONJUNTO PALMEIRAS",
        "parent_risk_level": "moderado",
        "parent_risk_score": 32.4,
        "parent_status": "MODERADO",
        "peak_hour_end": 16,
        "peak_hour_share": 0.1765,
        "peak_hour_start": 11,
        "peak_hours": "Entre 11hs e 16hs",
        "peak_time_label": "Terca-feira, entre 11hs e 16hs",
        "peak_weekday": "Terca-feira",
        "peak_weekday_share": 0.2353,
        "rank": 21,
        "region": "fortaleza",
        "risk_score": 42.36,
        "score": 42.36,
        "source_geometry_type": "Polygon",
        "temporal_horizon_days": 30,
        "temporal_reference_date": "2026-12-09",
        "temporal_sample_size": 17
      },
      "type": "Feature"
    },
    {
      "geometry": {
        "coordinates": [
          [
            [
              -38.528362,
              -3.841992
            ],
            [
              -38.523914,
              -3.84564
            ],
            [
              -38.523506,
              -3.845844
            ],
            [
              -38.522487,
              -3.844559
            ],
            [
              -38.524933,
              -3.84244
            ],
            [
              -38.527137,
              -3.840642
            ],
            [
              -38.528362,
              -3.841992
            ]
          ]
        ],
        "type": "Polygon"
      },
      "properties": {
        "bairro": "CONJUNTO PALMEIRAS",
        "faction": "CV",
        "generated_at": "2026-09-24T14:42:49.820787",
        "geometry_type": "Polygon",
        "is_centroid": false,
        "is_tactical": true,
        "local_street_pressure": 12.968,
        "municipality": "Fortaleza",
        "name": "Palmeiras1",
        "nearby_streets": [
          "PALMEIRAS1",
          "CJ PALMEIRAS L",
          "RUA DA FEIRA"
        ],
        "nearby_streets_count": 49,
        "node_id": 24,
        "parent_area": "CONJUNTO PALMEIRAS",
        "parent_risk_level": "moderado",
        "parent_risk_score": 32.4,
        "parent_status": "MODERADO",
        "peak_hour_end": 16,
        "peak_hour_share": 0.1765,
        "peak_hour_start": 11,
        "peak_hours": "Entre 11hs e 16hs",
        "peak_time_label": "Terca-feira, entre 11hs e 16hs",
        "peak_weekday": "Terca-feira",
        "peak_weekday_share": 0.2353,
        "rank": 22,
        "region": "fortaleza",
        "risk_score": 41.828,
        "score": 41.828,
        "source_geometry_type": "Polygon",
        "temporal_horizon_days": 30,
        "temporal_reference_date": "2026-12-09",
        "temporal_sample_size": 17
      },
      "type": "Feature"
    },
    {
      "geometry": {
        "coordinates": [
          [
            [
              -38.526795,
              -3.837222
            ],
            [
              -38.52965,
              -3.834678
            ],
            [
              -38.529935,
              -3.834943
            ],
            [
              -38.529668,
              -3.835316
            ],
            [
              -38.530682,
              -3.836191
            ],
            [
              -38.530837,
              -3.835982
            ],
            [
              -38.530989,
              -3.836074
            ],
            [
              -38.53092,
              -3.836255
            ],
            [
              -38.531466,
              -3.8368
            ],
            [
              -38.531726,
              -3.83661
            ],
            [
              -38.531895,
              -3.836835
            ],
            [
              -38.531747,
              -3.836914
            ],
            [
              -38.531951,
              -3.83727
            ],
            [
              -38.532818,
              -3.838252
            ],
            [
              -38.528362,
              -3.841992
            ],
            [
              -38.527569,
              -3.841111
            ],
            [
              -38.526348,
              -3.839733
            ],
            [
              -38.525402,
              -3.838668
            ],
            [
              -38.526795,
              -3.837222
            ]
          ]
        ],
        "type": "Polygon"
      },
      "properties": {
        "bairro": "CONJUNTO PALMEIRAS",
        "faction": "CV",
        "generated_at": "2026-09-24T14:42:49.820787",
        "geometry_type": "Polygon",
        "is_centroid": false,
        "is_tactical": true,
        "local_street_pressure": 10.847,
        "municipality": "Fortaleza",
        "name": "Palmeiras 2",
        "nearby_streets": [
          "PALMEIRAS 2",
          "RUA JOSÉ DO CRATO",
          "AVENIDA VALPARAÍSO"
        ],
        "nearby_streets_count": 45,
        "node_id": 25,
        "parent_area": "CONJUNTO PALMEIRAS",
        "parent_risk_level": "moderado",
        "parent_risk_score": 32.4,
        "parent_status": "MODERADO",
        "peak_hour_end": 16,
        "peak_hour_share": 0.1765,
        "peak_hour_start": 11,
        "peak_hours": "Entre 11hs e 16hs",
        "peak_time_label": "Terca-feira, entre 11hs e 16hs",
        "peak_weekday": "Terca-feira",
        "peak_weekday_share": 0.2353,
        "rank": 23,
        "region": "fortaleza",
        "risk_score": 41.819,
        "score": 41.819,
        "source_geometry_type": "Polygon",
        "temporal_horizon_days": 30,
        "temporal_reference_date": "2026-12-09",
        "temporal_sample_size": 17
      },
      "type": "Feature"
    },
    {
      "geometry": {
        "coordinates": [
          [
            [
              -38.528362,
              -3.842153
            ],
            [
              -38.530467,
              -3.844644
            ],
            [
              -38.529173,
              -3.845624
            ],
            [
              -38.530037,
              -3.846811
            ],
            [
              -38.528646,
              -3.847934
            ],
            [
              -38.528241,
              -3.847499
            ],
            [
              -38.528063,
              -3.847153
            ],
            [
              -38.527899,
              -3.84693
            ],
            [
              -38.527787,
              -3.846786
            ],
            [
              -38.527006,
              -3.845855
            ],
            [
              -38.526511,
              -3.845261
            ],
            [
              -38.525858,
              -3.84457
            ],
            [
              -38.525733,
              -3.844377
            ],
            [
              -38.528362,
              -3.842153
            ]
          ]
        ],
        "type": "Polygon"
      },
      "properties": {
        "bairro": "CONJUNTO PALMEIRAS",
        "faction": "CV",
        "generated_at": "2026-09-24T14:42:49.820787",
        "geometry_type": "Polygon",
        "is_centroid": false,
        "is_tactical": true,
        "local_street_pressure": 12.453,
        "municipality": "Fortaleza",
        "name": "Cj Palmeiras l",
        "nearby_streets": [
          "CJ PALMEIRAS L",
          "RUA DA FEIRA",
          "CANAL - CONJ. PALMEIRAS I"
        ],
        "nearby_streets_count": 42,
        "node_id": 26,
        "parent_area": "CONJUNTO PALMEIRAS",
        "parent_risk_level": "moderado",
        "parent_risk_score": 32.4,
        "parent_status": "MODERADO",
        "peak_hour_end": 16,
        "peak_hour_share": 0.1765,
        "peak_hour_start": 11,
        "peak_hours": "Entre 11hs e 16hs",
        "peak_time_label": "Terca-feira, entre 11hs e 16hs",
        "peak_weekday": "Terca-feira",
        "peak_weekday_share": 0.2353,
        "rank": 24,
        "region": "fortaleza",
        "risk_score": 41.647,
        "score": 41.647,
        "source_geometry_type": "Polygon",
        "temporal_horizon_days": 30,
        "temporal_reference_date": "2026-12-09",
        "temporal_sample_size": 17
      },
      "type": "Feature"
    },
    {
      "geometry": {
        "coordinates": [
          [
            [
              -38.526932,
              -3.848806
            ],
            [
              -38.525668,
              -3.847206
            ],
            [
              -38.524393,
              -3.84551
            ],
            [
              -38.525733,
              -3.844377
            ],
            [
              -38.527006,
              -3.845855
            ],
            [
              -38.528022,
              -3.847127
            ],
            [
              -38.52835,
              -3.847624
            ],
            [
              -38.526932,
              -3.848806
            ]
          ]
        ],
        "type": "Polygon"
      },
      "properties": {
        "bairro": "CONJUNTO PALMEIRAS",
        "faction": "CV",
        "generated_at": "2026-09-24T14:42:49.820787",
        "geometry_type": "Polygon",
        "is_centroid": false,
        "is_tactical": true,
        "local_street_pressure": 12.72,
        "municipality": "Fortaleza",
        "name": "Rua da Feira",
        "nearby_streets": [
          "RUA DA FEIRA",
          "CJ PALMEIRAS L",
          "ÁREA DE GUERRA"
        ],
        "nearby_streets_count": 43,
        "node_id": 27,
        "parent_area": "CONJUNTO PALMEIRAS",
        "parent_risk_level": "moderado",
        "parent_risk_score": 32.4,
        "parent_status": "MODERADO",
        "peak_hour_end": 16,
        "peak_hour_share": 0.1765,
        "peak_hour_start": 11,
        "peak_hours": "Entre 11hs e 16hs",
        "peak_time_label": "Terca-feira, entre 11hs e 16hs",
        "peak_weekday": "Terca-feira",
        "peak_weekday_share": 0.2353,
        "rank": 25,
        "region": "fortaleza",
        "risk_score": 41.098,
        "score": 41.098,
        "source_geometry_type": "Polygon",
        "temporal_horizon_days": 30,
        "temporal_reference_date": "2026-12-09",
        "temporal_sample_size": 17
      },
      "type": "Feature"
    },
    {
      "geometry": {
        "coordinates": [
          [
            [
              -38.461842,
              -3.828055
            ],
            [
              -38.46194,
              -3.828112
            ],
            [
              -38.461955,
              -3.828095
            ],
            [
              -38.462015,
              -3.828123
            ],
            [
              -38.462037,
              -3.82819
            ],
            [
              -38.463378,
              -3.828953
            ],
            [
              -38.462158,
              -3.831297
            ],
            [
              -38.461271,
              -3.832903
            ],
            [
              -38.460992,
              -3.832505
            ],
            [
              -38.460841,
              -3.8323
            ],
            [
              -38.460615,
              -3.83205
            ],
            [
              -38.460078,
              -3.831439
            ],
            [
              -38.459874,
              -3.831209
            ],
            [
              -38.459691,
              -3.830993
            ],
            [
              -38.460037,
              -3.830571
            ],
            [
              -38.460873,
              -3.829556
            ],
            [
              -38.460941,
              -3.829582
            ],
            [
              -38.461842,
              -3.828055
            ]
          ]
        ],
        "type": "Polygon"
      },
      "properties": {
        "bairro": "LAGOA REDONDA",
        "faction": "CV",
        "generated_at": "2026-09-24T14:42:49.820787",
        "geometry_type": "Polygon",
        "is_centroid": false,
        "is_tactical": true,
        "local_street_pressure": 10.49,
        "municipality": "Fortaleza",
        "name": "Comunidade Do Brooklyn",
        "nearby_streets": [
          "COMUNIDADE DO BROOKLYN",
          "FAVELA DO PÓ",
          "RUA MORONI BING TORGAN"
        ],
        "nearby_streets_count": 37,
        "node_id": 28,
        "parent_area": "LAGOA REDONDA",
        "parent_risk_level": "moderado",
        "parent_risk_score": 35.3,
        "parent_status": "MODERADO",
        "peak_hour_end": 5,
        "peak_hour_share": 0.1111,
        "peak_hour_start": 0,
        "peak_hours": "Entre 00hs e 05hs",
        "peak_time_label": "Segunda-feira, entre 00hs e 05hs",
        "peak_weekday": "Segunda-feira",
        "peak_weekday_share": 0.2593,
        "rank": 26,
        "region": "fortaleza",
        "risk_score": 40.891,
        "score": 40.891,
        "source_geometry_type": "Polygon",
        "temporal_horizon_days": 30,
        "temporal_reference_date": "2026-12-09",
        "temporal_sample_size": 27
      },
      "type": "Feature"
    },
    {
      "geometry": {
        "coordinates": [
          [
            [
              -38.598446,
              -3.735409
            ],
            [
              -38.598433,
              -3.735696
            ],
            [
              -38.598302,
              -3.73659
            ],
            [
              -38.598225,
              -3.736928
            ],
            [
              -38.597899,
              -3.73735
            ],
            [
              -38.597817,
              -3.737356
            ],
            [
              -38.597405,
              -3.737183
            ],
            [
              -38.597337,
              -3.737176
            ],
            [
              -38.597233,
              -3.73716
            ],
            [
              -38.596917,
              -3.737034
            ],
            [
              -38.596928,
              -3.737002
            ],
            [
              -38.596892,
              -3.736989
            ],
            [
              -38.596874,
              -3.736973
            ],
            [
              -38.595244,
              -3.736304
            ],
            [
              -38.595265,
              -3.736142
            ],
            [
              -38.596099,
              -3.735965
            ],
            [
              -38.59613,
              -3.735838
            ],
            [
              -38.596548,
              -3.734801
            ],
            [
              -38.597203,
              -3.735089
            ],
            [
              -38.597557,
              -3.735239
            ],
            [
              -38.597837,
              -3.735332
            ],
            [
              -38.597977,
              -3.735563
            ],
            [
              -38.598117,
              -3.735569
            ],
            [
              -38.598446,
              -3.735409
            ]
          ]
        ],
        "type": "Polygon"
      },
      "properties": {
        "bairro": "ANTÔNIO BEZERRA",
        "faction": "CV",
        "generated_at": "2026-09-24T14:42:49.820787",
        "geometry_type": "Polygon",
        "is_centroid": false,
        "is_tactical": true,
        "local_street_pressure": 6.572,
        "municipality": "Quintino Cunha",
        "name": "Comunidade do Sossego - Quintino Cunha",
        "nearby_streets": [
          "COMUNIDADE DO SOSSEGO - QUINTINO CUNHA",
          "RUA ANÁRIO BRAGA",
          "COMUNIDADE DOS PLÁSTICOS - QUINTINO CUNHA"
        ],
        "nearby_streets_count": 15,
        "node_id": 29,
        "parent_area": "ANTÔNIO BEZERRA",
        "parent_risk_level": "moderado",
        "parent_risk_score": 41.4,
        "parent_status": "MODERADO",
        "peak_hour_end": 2,
        "peak_hour_share": 0.125,
        "peak_hour_start": 21,
        "peak_hours": "Entre 21hs e 02hs",
        "peak_time_label": "Segunda-feira, entre 21hs e 02hs",
        "peak_weekday": "Segunda-feira",
        "peak_weekday_share": 0.1875,
        "rank": 27,
        "region": "fortaleza",
        "risk_score": 40.647,
        "score": 40.647,
        "source_geometry_type": "Polygon",
        "temporal_horizon_days": 30,
        "temporal_reference_date": "2026-12-09",
        "temporal_sample_size": 16
      },
      "type": "Feature"
    },
    {
      "geometry": {
        "coordinates": [
          [
            [
              -38.521868,
              -3.846307
            ],
            [
              -38.52357,
              -3.8526
            ],
            [
              -38.523854,
              -3.85333
            ],
            [
              -38.523847,
              -3.853693
            ],
            [
              -38.523794,
              -3.854003
            ],
            [
              -38.523775,
              -3.854377
            ],
            [
              -38.523656,
              -3.854983
            ],
            [
              -38.522793,
              -3.855367
            ],
            [
              -38.521591,
              -3.851369
            ],
            [
              -38.52042,
              -3.846857
            ],
            [
              -38.520362,
              -3.84653
            ],
            [
              -38.521313,
              -3.846387
            ],
            [
              -38.521385,
              -3.846409
            ],
            [
              -38.521868,
              -3.846307
            ]
          ]
        ],
        "type": "Polygon"
      },
      "properties": {
        "bairro": "CONJUNTO PALMEIRAS",
        "faction": "CV",
        "generated_at": "2026-09-24T14:42:49.820787",
        "geometry_type": "Polygon",
        "is_centroid": false,
        "is_tactical": true,
        "local_street_pressure": 11.421,
        "municipality": "Fortaleza",
        "name": "Rua Codó",
        "nearby_streets": [
          "RUA CODÓ",
          "JAGATÁ",
          "FAVELINHA"
        ],
        "nearby_streets_count": 42,
        "node_id": 30,
        "parent_area": "CONJUNTO PALMEIRAS",
        "parent_risk_level": "moderado",
        "parent_risk_score": 32.4,
        "parent_status": "MODERADO",
        "peak_hour_end": 16,
        "peak_hour_share": 0.1765,
        "peak_hour_start": 11,
        "peak_hours": "Entre 11hs e 16hs",
        "peak_time_label": "Terca-feira, entre 11hs e 16hs",
        "peak_weekday": "Terca-feira",
        "peak_weekday_share": 0.2353,
        "rank": 28,
        "region": "fortaleza",
        "risk_score": 40.566,
        "score": 40.566,
        "source_geometry_type": "Polygon",
        "temporal_horizon_days": 30,
        "temporal_reference_date": "2026-12-09",
        "temporal_sample_size": 17
      },
      "type": "Feature"
    },
    {
      "geometry": {
        "coordinates": [
          [
            [
              -38.462614,
              -3.833749
            ],
            [
              -38.463256,
              -3.83406
            ],
            [
              -38.463732,
              -3.833244
            ],
            [
              -38.463362,
              -3.832998
            ],
            [
              -38.463555,
              -3.832649
            ],
            [
              -38.464703,
              -3.833269
            ],
            [
              -38.46513,
              -3.832526
            ],
            [
              -38.465521,
              -3.833058
            ],
            [
              -38.465869,
              -3.83285
            ],
            [
              -38.465934,
              -3.833001
            ],
            [
              -38.466014,
              -3.833197
            ],
            [
              -38.466192,
              -3.833476
            ],
            [
              -38.466284,
              -3.833458
            ],
            [
              -38.46634,
              -3.833582
            ],
            [
              -38.466178,
              -3.833764
            ],
            [
              -38.466026,
              -3.833904
            ],
            [
              -38.466028,
              -3.833993
            ],
            [
              -38.466045,
              -3.834082
            ],
            [
              -38.466129,
              -3.834198
            ],
            [
              -38.466245,
              -3.83426
            ],
            [
              -38.466348,
              -3.83428
            ],
            [
              -38.46647,
              -3.834255
            ],
            [
              -38.466596,
              -3.834483
            ],
            [
              -38.466501,
              -3.834845
            ],
            [
              -38.466218,
              -3.834749
            ],
            [
              -38.465574,
              -3.834349
            ],
            [
              -38.465039,
              -3.835164
            ],
            [
              -38.464,
              -3.834518
            ],
            [
              -38.463497,
              -3.835285
            ],
            [
              -38.463024,
              -3.834984
            ],
            [
              -38.462972,
              -3.835069
            ],
            [
              -38.462347,
              -3.834688
            ],
            [
              -38.462144,
              -3.834564
            ],
            [
              -38.462168,
              -3.834493
            ],
            [
              -38.462614,
              -3.833749
            ]
          ]
        ],
        "type": "Polygon"
      },
      "properties": {
        "bairro": "LAGOA REDONDA",
        "faction": "CV",
        "generated_at": "2026-09-24T14:42:49.820787",
        "geometry_type": "Polygon",
        "is_centroid": false,
        "is_tactical": true,
        "local_street_pressure": 10.396,
        "municipality": "Fortaleza",
        "name": "Comunidade Carandiru",
        "nearby_streets": [
          "COMUNIDADE CARANDIRU",
          "CAIXA D’ÁGUA",
          "SERROTE - CURIÓ"
        ],
        "nearby_streets_count": 41,
        "node_id": 31,
        "parent_area": "LAGOA REDONDA",
        "parent_risk_level": "moderado",
        "parent_risk_score": 35.3,
        "parent_status": "MODERADO",
        "peak_hour_end": 5,
        "peak_hour_share": 0.1111,
        "peak_hour_start": 0,
        "peak_hours": "Entre 00hs e 05hs",
        "peak_time_label": "Segunda-feira, entre 00hs e 05hs",
        "peak_weekday": "Segunda-feira",
        "peak_weekday_share": 0.2593,
        "rank": 29,
        "region": "fortaleza",
        "risk_score": 40.543,
        "score": 40.543,
        "source_geometry_type": "Polygon",
        "temporal_horizon_days": 30,
        "temporal_reference_date": "2026-12-09",
        "temporal_sample_size": 27
      },
      "type": "Feature"
    },
    {
      "geometry": {
        "coordinates": [
          [
            [
              -38.526932,
              -3.848806
            ],
            [
              -38.527238,
              -3.849175
            ],
            [
              -38.525969,
              -3.850243
            ],
            [
              -38.525635,
              -3.849869
            ],
            [
              -38.526932,
              -3.848806
            ]
          ]
        ],
        "type": "Polygon"
      },
      "properties": {
        "bairro": "CONJUNTO PALMEIRAS",
        "faction": "CV",
        "generated_at": "2026-09-24T14:42:49.820787",
        "geometry_type": "Polygon",
        "is_centroid": false,
        "is_tactical": true,
        "local_street_pressure": 12.147,
        "municipality": "Fortaleza",
        "name": "Favelinha do Palmeiras",
        "nearby_streets": [
          "FAVELINHA DO PALMEIRAS",
          "RUA DA FEIRA",
          "FAVELINHA"
        ],
        "nearby_streets_count": 40,
        "node_id": 32,
        "parent_area": "CONJUNTO PALMEIRAS",
        "parent_risk_level": "moderado",
        "parent_risk_score": 32.4,
        "parent_status": "MODERADO",
        "peak_hour_end": 16,
        "peak_hour_share": 0.1765,
        "peak_hour_start": 11,
        "peak_hours": "Entre 11hs e 16hs",
        "peak_time_label": "Terca-feira, entre 11hs e 16hs",
        "peak_weekday": "Terca-feira",
        "peak_weekday_share": 0.2353,
        "rank": 30,
        "region": "fortaleza",
        "risk_score": 39.518,
        "score": 39.518,
        "source_geometry_type": "Polygon",
        "temporal_horizon_days": 30,
        "temporal_reference_date": "2026-12-09",
        "temporal_sample_size": 17
      },
      "type": "Feature"
    },
    {
      "geometry": {
        "coordinates": [
          [
            [
              -38.51933,
              -3.850515
            ],
            [
              -38.521032,
              -3.849802
            ],
            [
              -38.521293,
              -3.850603
            ],
            [
              -38.521455,
              -3.851242
            ],
            [
              -38.521759,
              -3.852333
            ],
            [
              -38.522047,
              -3.853481
            ],
            [
              -38.52211,
              -3.853694
            ],
            [
              -38.522317,
              -3.854295
            ],
            [
              -38.522537,
              -3.854938
            ],
            [
              -38.522663,
              -3.855401
            ],
            [
              -38.521808,
              -3.855843
            ],
            [
              -38.521481,
              -3.854811
            ],
            [
              -38.521075,
              -3.854922
            ],
            [
              -38.51933,
              -3.850515
            ]
          ]
        ],
        "type": "Polygon"
      },
      "properties": {
        "bairro": "CONJUNTO PALMEIRAS",
        "faction": "CV",
        "generated_at": "2026-09-24T14:42:49.820787",
        "geometry_type": "Polygon",
        "is_centroid": false,
        "is_tactical": true,
        "local_street_pressure": 11.069,
        "municipality": "Fortaleza",
        "name": "Jagatá",
        "nearby_streets": [
          "JAGATÁ",
          "FAVELINHA",
          "RUA CODÓ"
        ],
        "nearby_streets_count": 43,
        "node_id": 33,
        "parent_area": "CONJUNTO PALMEIRAS",
        "parent_risk_level": "moderado",
        "parent_risk_score": 32.4,
        "parent_status": "MODERADO",
        "peak_hour_end": 16,
        "peak_hour_share": 0.1765,
        "peak_hour_start": 11,
        "peak_hours": "Entre 11hs e 16hs",
        "peak_time_label": "Terca-feira, entre 11hs e 16hs",
        "peak_weekday": "Terca-feira",
        "peak_weekday_share": 0.2353,
        "rank": 31,
        "region": "fortaleza",
        "risk_score": 39.498,
        "score": 39.498,
        "source_geometry_type": "Polygon",
        "temporal_horizon_days": 30,
        "temporal_reference_date": "2026-12-09",
        "temporal_sample_size": 17
      },
      "type": "Feature"
    },
    {
      "geometry": {
        "coordinates": [
          [
            [
              -38.526154,
              -3.851385
            ],
            [
              -38.525952,
              -3.851578
            ],
            [
              -38.525577,
              -3.851893
            ],
            [
              -38.525469,
              -3.851956
            ],
            [
              -38.525244,
              -3.852167
            ],
            [
              -38.525125,
              -3.852195
            ],
            [
              -38.524542,
              -3.852674
            ],
            [
              -38.524212,
              -3.853
            ],
            [
              -38.523941,
              -3.853205
            ],
            [
              -38.523886,
              -3.853124
            ],
            [
              -38.524132,
              -3.852897
            ],
            [
              -38.525101,
              -3.852069
            ],
            [
              -38.524867,
              -3.851747
            ],
            [
              -38.524957,
              -3.851654
            ],
            [
              -38.52496,
              -3.8516
            ],
            [
              -38.525732,
              -3.85091
            ],
            [
              -38.525901,
              -3.851114
            ],
            [
              -38.525979,
              -3.851186
            ],
            [
              -38.526154,
              -3.851385
            ]
          ]
        ],
        "type": "Polygon"
      },
      "properties": {
        "bairro": "CONJUNTO PALMEIRAS",
        "faction": "CV",
        "generated_at": "2026-09-24T14:42:49.820787",
        "geometry_type": "Polygon",
        "is_centroid": false,
        "is_tactical": true,
        "local_street_pressure": 11.564,
        "municipality": "Fortaleza",
        "name": "Favelinha",
        "nearby_streets": [
          "FAVELINHA",
          "LOTEAMENTO",
          "FAVELINHA DO PALMEIRAS"
        ],
        "nearby_streets_count": 40,
        "node_id": 34,
        "parent_area": "CONJUNTO PALMEIRAS",
        "parent_risk_level": "moderado",
        "parent_risk_score": 32.4,
        "parent_status": "MODERADO",
        "peak_hour_end": 16,
        "peak_hour_share": 0.1765,
        "peak_hour_start": 11,
        "peak_hours": "Entre 11hs e 16hs",
        "peak_time_label": "Terca-feira, entre 11hs e 16hs",
        "peak_weekday": "Terca-feira",
        "peak_weekday_share": 0.2353,
        "rank": 32,
        "region": "fortaleza",
        "risk_score": 38.923,
        "score": 38.923,
        "source_geometry_type": "Polygon",
        "temporal_horizon_days": 30,
        "temporal_reference_date": "2026-12-09",
        "temporal_sample_size": 17
      },
      "type": "Feature"
    },
    {
      "geometry": {
        "coordinates": [
          [
            [
              -38.526941,
              -3.854837
            ],
            [
              -38.523779,
              -3.854594
            ],
            [
              -38.523901,
              -3.853434
            ],
            [
              -38.524551,
              -3.853422
            ],
            [
              -38.524587,
              -3.852909
            ],
            [
              -38.525192,
              -3.852355
            ],
            [
              -38.526164,
              -3.852444
            ],
            [
              -38.526152,
              -3.852943
            ],
            [
              -38.52757,
              -3.853051
            ],
            [
              -38.527528,
              -3.853626
            ],
            [
              -38.528211,
              -3.853659
            ],
            [
              -38.52785,
              -3.854868
            ],
            [
              -38.526941,
              -3.854837
            ]
          ]
        ],
        "type": "Polygon"
      },
      "properties": {
        "bairro": "CONJUNTO PALMEIRAS",
        "faction": "CV",
        "generated_at": "2026-09-24T14:42:49.820787",
        "geometry_type": "Polygon",
        "is_centroid": false,
        "is_tactical": true,
        "local_street_pressure": 10.317,
        "municipality": "Fortaleza",
        "name": "Loteamento",
        "nearby_streets": [
          "LOTEAMENTO",
          "FAVELINHA",
          "RUA PATATIVA DO ASSARÉ"
        ],
        "nearby_streets_count": 38,
        "node_id": 35,
        "parent_area": "CONJUNTO PALMEIRAS",
        "parent_risk_level": "moderado",
        "parent_risk_score": 32.4,
        "parent_status": "MODERADO",
        "peak_hour_end": 16,
        "peak_hour_share": 0.1765,
        "peak_hour_start": 11,
        "peak_hours": "Entre 11hs e 16hs",
        "peak_time_label": "Terca-feira, entre 11hs e 16hs",
        "peak_weekday": "Terca-feira",
        "peak_weekday_share": 0.2353,
        "rank": 33,
        "region": "fortaleza",
        "risk_score": 38.544,
        "score": 38.544,
        "source_geometry_type": "Polygon",
        "temporal_horizon_days": 30,
        "temporal_reference_date": "2026-12-09",
        "temporal_sample_size": 17
      },
      "type": "Feature"
    },
    {
      "geometry": {
        "coordinates": [
          [
            [
              -38.457804,
              -3.825304
            ],
            [
              -38.457483,
              -3.825374
            ],
            [
              -38.457654,
              -3.826503
            ],
            [
              -38.457365,
              -3.826589
            ],
            [
              -38.457429,
              -3.827017
            ],
            [
              -38.4581,
              -3.826974
            ],
            [
              -38.458158,
              -3.827847
            ],
            [
              -38.45766,
              -3.82789
            ],
            [
              -38.457611,
              -3.827724
            ],
            [
              -38.456335,
              -3.827991
            ],
            [
              -38.4562,
              -3.827242
            ],
            [
              -38.456318,
              -3.82721
            ],
            [
              -38.456013,
              -3.825727
            ],
            [
              -38.455825,
              -3.825615
            ],
            [
              -38.455251,
              -3.826005
            ],
            [
              -38.454582,
              -3.824502
            ],
            [
              -38.455183,
              -3.824106
            ],
            [
              -38.455258,
              -3.824229
            ],
            [
              -38.455661,
              -3.825112
            ],
            [
              -38.456288,
              -3.824845
            ],
            [
              -38.456809,
              -3.824834
            ],
            [
              -38.457501,
              -3.824631
            ],
            [
              -38.457804,
              -3.825304
            ]
          ]
        ],
        "type": "Polygon"
      },
      "properties": {
        "bairro": "LAGOA REDONDA",
        "faction": "CV",
        "generated_at": "2026-09-24T14:42:49.820787",
        "geometry_type": "Polygon",
        "is_centroid": false,
        "is_tactical": true,
        "local_street_pressure": 7.688,
        "municipality": "Fortaleza",
        "name": "Palmeirinha",
        "nearby_streets": [
          "PALMEIRINHA",
          "AVENIDA PROFESSOR JOSÉ ARTHUR DE CARVALHO",
          "COMUNIDADE ISABELZINHA"
        ],
        "nearby_streets_count": 24,
        "node_id": 36,
        "parent_area": "LAGOA REDONDA",
        "parent_risk_level": "moderado",
        "parent_risk_score": 35.3,
        "parent_status": "MODERADO",
        "peak_hour_end": 5,
        "peak_hour_share": 0.1111,
        "peak_hour_start": 0,
        "peak_hours": "Entre 00hs e 05hs",
        "peak_time_label": "Segunda-feira, entre 00hs e 05hs",
        "peak_weekday": "Segunda-feira",
        "peak_weekday_share": 0.2593,
        "rank": 34,
        "region": "fortaleza",
        "risk_score": 37.68,
        "score": 37.68,
        "source_geometry_type": "Polygon",
        "temporal_horizon_days": 30,
        "temporal_reference_date": "2026-12-09",
        "temporal_sample_size": 27
      },
      "type": "Feature"
    },
    {
      "geometry": {
        "coordinates": [
          [
            [
              [
                -38.456927,
                -3.821189
              ],
              [
                -38.458006,
                -3.820642
              ],
              [
                -38.458234,
                -3.821354
              ],
              [
                -38.457227,
                -3.8218
              ],
              [
                -38.456927,
                -3.821189
              ]
            ]
          ],
          [
            [
              [
                -38.458234,
                -3.821354
              ],
              [
                -38.45899,
                -3.820994
              ],
              [
                -38.459778,
                -3.822478
              ],
              [
                -38.458816,
                -3.823265
              ],
              [
                -38.458697,
                -3.822928
              ],
              [
                -38.458109,
                -3.823085
              ],
              [
                -38.457873,
                -3.822352
              ],
              [
                -38.45821,
                -3.822192
              ],
              [
                -38.458187,
                -3.822081
              ],
              [
                -38.458413,
                -3.821941
              ],
              [
                -38.458234,
                -3.821354
              ]
            ]
          ],
          [
            [
              [
                -38.455984,
                -3.821763
              ],
              [
                -38.456085,
                -3.821939
              ],
              [
                -38.455629,
                -3.822212
              ],
              [
                -38.455663,
                -3.822374
              ],
              [
                -38.45579,
                -3.822503
              ],
              [
                -38.455876,
                -3.822717
              ],
              [
                -38.456284,
                -3.822609
              ],
              [
                -38.456438,
                -3.823116
              ],
              [
                -38.456388,
                -3.823428
              ],
              [
                -38.456661,
                -3.823535
              ],
              [
                -38.456641,
                -3.824027
              ],
              [
                -38.454855,
                -3.823539
              ],
              [
                -38.454615,
                -3.822455
              ],
              [
                -38.455984,
                -3.821763
              ]
            ]
          ]
        ],
        "type": "MultiPolygon"
      },
      "properties": {
        "bairro": "LAGOA REDONDA",
        "faction": "CV",
        "generated_at": "2026-09-24T14:42:49.820787",
        "geometry_type": "MultiPolygon",
        "is_centroid": false,
        "is_tactical": true,
        "local_street_pressure": 7.732,
        "municipality": "Fortaleza",
        "name": "Comunidade Isabelzinha",
        "nearby_streets": [
          "COMUNIDADE ISABELZINHA",
          "AVENIDA PROFESSOR JOSÉ ARTHUR DE CARVALHO",
          "PALMEIRINHA"
        ],
        "nearby_streets_count": 31,
        "node_id": 37,
        "parent_area": "LAGOA REDONDA",
        "parent_risk_level": "moderado",
        "parent_risk_score": 35.3,
        "parent_status": "MODERADO",
        "peak_hour_end": 5,
        "peak_hour_share": 0.1111,
        "peak_hour_start": 0,
        "peak_hours": "Entre 00hs e 05hs",
        "peak_time_label": "Segunda-feira, entre 00hs e 05hs",
        "peak_weekday": "Segunda-feira",
        "peak_weekday_share": 0.2593,
        "rank": 35,
        "region": "fortaleza",
        "risk_score": 37.657,
        "score": 37.657,
        "source_geometry_type": "MultiPolygon",
        "temporal_horizon_days": 30,
        "temporal_reference_date": "2026-12-09",
        "temporal_sample_size": 27
      },
      "type": "Feature"
    },
    {
      "geometry": {
        "coordinates": [
          [
            [
              -38.528451,
              -3.842125
            ],
            [
              -38.531059,
              -3.839971
            ],
            [
              -38.532438,
              -3.842223
            ],
            [
              -38.532376,
              -3.842294
            ],
            [
              -38.532711,
              -3.84267
            ],
            [
              -38.532893,
              -3.843216
            ],
            [
              -38.530772,
              -3.844894
            ],
            [
              -38.528451,
              -3.842125
            ]
          ]
        ],
        "type": "Polygon"
      },
      "properties": {
        "bairro": "CONJUNTO PALMEIRAS",
        "faction": "CV",
        "generated_at": "2026-09-24T14:42:49.820787",
        "geometry_type": "Polygon",
        "is_centroid": false,
        "is_tactical": true,
        "local_street_pressure": 8.65,
        "municipality": "Conj. Palmeiras I",
        "name": "Beira Rio - Conj. Palmeiras I",
        "nearby_streets": [
          "BEIRA RIO - CONJ. PALMEIRAS I",
          "RUA VALPARAÍSO",
          "AVENIDA VALPARAÍSO"
        ],
        "nearby_streets_count": 21,
        "node_id": 38,
        "parent_area": "CONJUNTO PALMEIRAS",
        "parent_risk_level": "moderado",
        "parent_risk_score": 32.4,
        "parent_status": "MODERADO",
        "peak_hour_end": 16,
        "peak_hour_share": 0.1765,
        "peak_hour_start": 11,
        "peak_hours": "Entre 11hs e 16hs",
        "peak_time_label": "Terca-feira, entre 11hs e 16hs",
        "peak_weekday": "Terca-feira",
        "peak_weekday_share": 0.2353,
        "rank": 36,
        "region": "fortaleza",
        "risk_score": 37.319,
        "score": 37.319,
        "source_geometry_type": "Polygon",
        "temporal_horizon_days": 30,
        "temporal_reference_date": "2026-12-09",
        "temporal_sample_size": 17
      },
      "type": "Feature"
    },
    {
      "geometry": {
        "coordinates": [
          [
            [
              -38.529176,
              -3.845701
            ],
            [
              -38.530467,
              -3.844644
            ],
            [
              -38.531593,
              -3.846001
            ],
            [
              -38.531526,
              -3.846069
            ],
            [
              -38.531719,
              -3.846313
            ],
            [
              -38.530355,
              -3.847388
            ],
            [
              -38.53017,
              -3.84721
            ],
            [
              -38.530313,
              -3.847096
            ],
            [
              -38.529176,
              -3.845701
            ]
          ]
        ],
        "type": "Polygon"
      },
      "properties": {
        "bairro": "CONJUNTO PALMEIRAS",
        "faction": "CV",
        "generated_at": "2026-09-24T14:42:49.820787",
        "geometry_type": "Polygon",
        "is_centroid": false,
        "is_tactical": true,
        "local_street_pressure": 9.295,
        "municipality": "Conj. Palmeiras I",
        "name": "Canal - Conj. Palmeiras I",
        "nearby_streets": [
          "CANAL - CONJ. PALMEIRAS I",
          "BECO - CONJ. PALMEIRAS",
          "PISSAREIRA - CONJ. PALMEIRAS I"
        ],
        "nearby_streets_count": 22,
        "node_id": 39,
        "parent_area": "CONJUNTO PALMEIRAS",
        "parent_risk_level": "moderado",
        "parent_risk_score": 32.4,
        "parent_status": "MODERADO",
        "peak_hour_end": 16,
        "peak_hour_share": 0.1765,
        "peak_hour_start": 11,
        "peak_hours": "Entre 11hs e 16hs",
        "peak_time_label": "Terca-feira, entre 11hs e 16hs",
        "peak_weekday": "Terca-feira",
        "peak_weekday_share": 0.2353,
        "rank": 37,
        "region": "fortaleza",
        "risk_score": 36.896,
        "score": 36.896,
        "source_geometry_type": "Polygon",
        "temporal_horizon_days": 30,
        "temporal_reference_date": "2026-12-09",
        "temporal_sample_size": 17
      },
      "type": "Feature"
    },
    {
      "geometry": {
        "coordinates": [
          [
            [
              -38.530037,
              -3.846811
            ],
            [
              -38.530279,
              -3.847098
            ],
            [
              -38.53017,
              -3.84721
            ],
            [
              -38.530355,
              -3.847388
            ],
            [
              -38.530471,
              -3.847664
            ],
            [
              -38.530768,
              -3.847587
            ],
            [
              -38.530832,
              -3.847776
            ],
            [
              -38.530292,
              -3.847915
            ],
            [
              -38.53028,
              -3.848043
            ],
            [
              -38.530413,
              -3.848211
            ],
            [
              -38.530576,
              -3.84832
            ],
            [
              -38.530127,
              -3.848651
            ],
            [
              -38.53004,
              -3.848479
            ],
            [
              -38.529821,
              -3.848516
            ],
            [
              -38.529767,
              -3.848399
            ],
            [
              -38.527891,
              -3.849912
            ],
            [
              -38.527278,
              -3.849122
            ],
            [
              -38.530037,
              -3.846811
            ]
          ]
        ],
        "type": "Polygon"
      },
      "properties": {
        "bairro": "CONJUNTO PALMEIRAS",
        "faction": "CV",
        "generated_at": "2026-09-24T14:42:49.820787",
        "geometry_type": "Polygon",
        "is_centroid": false,
        "is_tactical": true,
        "local_street_pressure": 9.082,
        "municipality": "Conj. Palmeiras I",
        "name": "Pissareira - Conj. Palmeiras I",
        "nearby_streets": [
          "PISSAREIRA - CONJ. PALMEIRAS I",
          "AREA SEM NOME",
          "CANAL - CONJ. PALMEIRAS I"
        ],
        "nearby_streets_count": 22,
        "node_id": 40,
        "parent_area": "CONJUNTO PALMEIRAS",
        "parent_risk_level": "moderado",
        "parent_risk_score": 32.4,
        "parent_status": "MODERADO",
        "peak_hour_end": 16,
        "peak_hour_share": 0.1765,
        "peak_hour_start": 11,
        "peak_hours": "Entre 11hs e 16hs",
        "peak_time_label": "Terca-feira, entre 11hs e 16hs",
        "peak_weekday": "Terca-feira",
        "peak_weekday_share": 0.2353,
        "rank": 38,
        "region": "fortaleza",
        "risk_score": 36.735,
        "score": 36.735,
        "source_geometry_type": "Polygon",
        "temporal_horizon_days": 30,
        "temporal_reference_date": "2026-12-09",
        "temporal_sample_size": 17
      },
      "type": "Feature"
    },
    {
      "geometry": {
        "coordinates": [
          [
            [
              -38.460914,
              -3.833812
            ],
            [
              -38.462168,
              -3.834493
            ],
            [
              -38.462144,
              -3.834564
            ],
            [
              -38.462347,
              -3.834688
            ],
            [
              -38.462079,
              -3.83512
            ],
            [
              -38.46257,
              -3.835409
            ],
            [
              -38.46237,
              -3.835758
            ],
            [
              -38.463006,
              -3.836146
            ],
            [
              -38.462615,
              -3.836798
            ],
            [
              -38.461562,
              -3.836134
            ],
            [
              -38.461309,
              -3.836546
            ],
            [
              -38.460882,
              -3.836329
            ],
            [
              -38.460753,
              -3.836434
            ],
            [
              -38.460602,
              -3.836527
            ],
            [
              -38.4604,
              -3.836568
            ],
            [
              -38.460198,
              -3.83657
            ],
            [
              -38.460186,
              -3.836635
            ],
            [
              -38.460108,
              -3.836637
            ],
            [
              -38.460095,
              -3.836571
            ],
            [
              -38.459846,
              -3.83657
            ],
            [
              -38.459802,
              -3.836896
            ],
            [
              -38.45964,
              -3.83729
            ],
            [
              -38.45939,
              -3.837186
            ],
            [
              -38.459324,
              -3.837313
            ],
            [
              -38.459176,
              -3.837255
            ],
            [
              -38.45923,
              -3.837093
            ],
            [
              -38.459132,
              -3.837069
            ],
            [
              -38.459299,
              -3.83665
            ],
            [
              -38.459557,
              -3.836096
            ],
            [
              -38.459613,
              -3.835834
            ],
            [
              -38.459539,
              -3.835817
            ],
            [
              -38.45957,
              -3.835757
            ],
            [
              -38.459753,
              -3.835224
            ],
            [
              -38.459898,
              -3.834847
            ],
            [
              -38.460241,
              -3.834266
            ],
            [
              -38.459836,
              -3.834081
            ],
            [
              -38.460177,
              -3.833452
            ],
            [
              -38.460914,
              -3.833812
            ]
          ]
        ],
        "type": "Polygon"
      },
      "properties": {
        "bairro": "LAGOA REDONDA",
        "faction": "CV",
        "generated_at": "2026-09-24T14:42:49.820787",
        "geometry_type": "Polygon",
        "is_centroid": false,
        "is_tactical": true,
        "local_street_pressure": 5.959,
        "municipality": "Curió",
        "name": "Serrote - Curió",
        "nearby_streets": [
          "SERROTE - CURIÓ",
          "COMUNIDADE CARANDIRU",
          "COMUNIDADE DO BROOKLYN"
        ],
        "nearby_streets_count": 21,
        "node_id": 41,
        "parent_area": "LAGOA REDONDA",
        "parent_risk_level": "moderado",
        "parent_risk_score": 35.3,
        "parent_status": "MODERADO",
        "peak_hour_end": 5,
        "peak_hour_share": 0.1111,
        "peak_hour_start": 0,
        "peak_hours": "Entre 00hs e 05hs",
        "peak_time_label": "Segunda-feira, entre 00hs e 05hs",
        "peak_weekday": "Segunda-feira",
        "peak_weekday_share": 0.2593,
        "rank": 39,
        "region": "fortaleza",
        "risk_score": 35.996,
        "score": 35.996,
        "source_geometry_type": "Polygon",
        "temporal_horizon_days": 30,
        "temporal_reference_date": "2026-12-09",
        "temporal_sample_size": 27
      },
      "type": "Feature"
    },
    {
      "geometry": {
        "coordinates": [
          [
            [
              -38.530816,
              -3.844955
            ],
            [
              -38.532893,
              -3.843216
            ],
            [
              -38.533132,
              -3.843549
            ],
            [
              -38.533012,
              -3.843655
            ],
            [
              -38.533079,
              -3.843741
            ],
            [
              -38.533023,
              -3.843777
            ],
            [
              -38.533232,
              -3.844036
            ],
            [
              -38.533189,
              -3.84406
            ],
            [
              -38.533496,
              -3.844421
            ],
            [
              -38.532814,
              -3.84503
            ],
            [
              -38.533097,
              -3.845338
            ],
            [
              -38.532082,
              -3.846203
            ],
            [
              -38.531776,
              -3.845853
            ],
            [
              -38.531642,
              -3.845961
            ],
            [
              -38.530816,
              -3.844955
            ]
          ]
        ],
        "type": "Polygon"
      },
      "properties": {
        "bairro": "CONJUNTO PALMEIRAS",
        "faction": "CV",
        "generated_at": "2026-09-24T14:42:49.820787",
        "geometry_type": "Polygon",
        "is_centroid": false,
        "is_tactical": true,
        "local_street_pressure": 8.077,
        "municipality": "Conj. Palmeiras",
        "name": "Beco - Conj. Palmeiras",
        "nearby_streets": [
          "BECO - CONJ. PALMEIRAS",
          "CANAL - CONJ. PALMEIRAS I",
          "BEIRA RIO - CONJ. PALMEIRAS I"
        ],
        "nearby_streets_count": 21,
        "node_id": 42,
        "parent_area": "CONJUNTO PALMEIRAS",
        "parent_risk_level": "moderado",
        "parent_risk_score": 32.4,
        "parent_status": "MODERADO",
        "peak_hour_end": 16,
        "peak_hour_share": 0.1765,
        "peak_hour_start": 11,
        "peak_hours": "Entre 11hs e 16hs",
        "peak_time_label": "Terca-feira, entre 11hs e 16hs",
        "peak_weekday": "Terca-feira",
        "peak_weekday_share": 0.2353,
        "rank": 40,
        "region": "fortaleza",
        "risk_score": 35.676,
        "score": 35.676,
        "source_geometry_type": "Polygon",
        "temporal_horizon_days": 30,
        "temporal_reference_date": "2026-12-09",
        "temporal_sample_size": 17
      },
      "type": "Feature"
    },
    {
      "geometry": {
        "coordinates": [
          [
            [
              -38.52746,
              -3.833362
            ],
            [
              -38.52751,
              -3.833265
            ],
            [
              -38.527701,
              -3.833045
            ],
            [
              -38.527776,
              -3.833086
            ],
            [
              -38.527893,
              -3.833204
            ],
            [
              -38.527959,
              -3.833223
            ],
            [
              -38.528305,
              -3.833211
            ],
            [
              -38.52848,
              -3.833403
            ],
            [
              -38.528245,
              -3.83367
            ],
            [
              -38.528633,
              -3.834039
            ],
            [
              -38.52871,
              -3.833962
            ],
            [
              -38.529063,
              -3.834346
            ],
            [
              -38.528911,
              -3.834536
            ],
            [
              -38.529102,
              -3.834754
            ],
            [
              -38.529077,
              -3.83485
            ],
            [
              -38.528978,
              -3.83504
            ],
            [
              -38.528783,
              -3.835224
            ],
            [
              -38.528535,
              -3.835043
            ],
            [
              -38.526727,
              -3.836732
            ],
            [
              -38.525387,
              -3.835304
            ],
            [
              -38.52746,
              -3.833362
            ]
          ]
        ],
        "type": "Polygon"
      },
      "properties": {
        "bairro": "CONJUNTO PALMEIRAS",
        "faction": "CV",
        "generated_at": "2026-09-24T14:42:49.820787",
        "geometry_type": "Polygon",
        "is_centroid": false,
        "is_tactical": true,
        "local_street_pressure": 7.128,
        "municipality": "São Cristóvão",
        "name": "Sorriso - São Cristóvão",
        "nearby_streets": [
          "SORRISO - SÃO CRISTÓVÃO",
          "RUA JOSÉ DO CRATO",
          "RUA ABENÇOADA"
        ],
        "nearby_streets_count": 22,
        "node_id": 43,
        "parent_area": "CONJUNTO PALMEIRAS",
        "parent_risk_level": "moderado",
        "parent_risk_score": 32.4,
        "parent_status": "MODERADO",
        "peak_hour_end": 16,
        "peak_hour_share": 0.1765,
        "peak_hour_start": 11,
        "peak_hours": "Entre 11hs e 16hs",
        "peak_time_label": "Terca-feira, entre 11hs e 16hs",
        "peak_weekday": "Terca-feira",
        "peak_weekday_share": 0.2353,
        "rank": 41,
        "region": "fortaleza",
        "risk_score": 35.07,
        "score": 35.07,
        "source_geometry_type": "Polygon",
        "temporal_horizon_days": 30,
        "temporal_reference_date": "2026-12-09",
        "temporal_sample_size": 17
      },
      "type": "Feature"
    },
    {
      "geometry": {
        "coordinates": [
          [
            [
              -38.448989,
              -3.808656
            ],
            [
              -38.449072,
              -3.808087
            ],
            [
              -38.449423,
              -3.808067
            ],
            [
              -38.449494,
              -3.80798
            ],
            [
              -38.45004,
              -3.808001
            ],
            [
              -38.449987,
              -3.808347
            ],
            [
              -38.452079,
              -3.80847
            ],
            [
              -38.452151,
              -3.80917
            ],
            [
              -38.45311,
              -3.809176
            ],
            [
              -38.453204,
              -3.809942
            ],
            [
              -38.452844,
              -3.809994
            ],
            [
              -38.452854,
              -3.810266
            ],
            [
              -38.452682,
              -3.810308
            ],
            [
              -38.452731,
              -3.810615
            ],
            [
              -38.45256,
              -3.810714
            ],
            [
              -38.452448,
              -3.810136
            ],
            [
              -38.452149,
              -3.810138
            ],
            [
              -38.452094,
              -3.810086
            ],
            [
              -38.4518,
              -3.810153
            ],
            [
              -38.452007,
              -3.810841
            ],
            [
              -38.451416,
              -3.811063
            ],
            [
              -38.451227,
              -3.809255
            ],
            [
              -38.448989,
              -3.808656
            ]
          ]
        ],
        "type": "Polygon"
      },
      "properties": {
        "bairro": "LAGOA REDONDA",
        "faction": "CV",
        "generated_at": "2026-09-24T14:42:49.820787",
        "geometry_type": "Polygon",
        "is_centroid": false,
        "is_tactical": true,
        "local_street_pressure": 2.532,
        "municipality": "Fortaleza",
        "name": "Beco do 12",
        "nearby_streets": [
          "BECO DO 12",
          "ALDEIA",
          "BARRO DURO"
        ],
        "nearby_streets_count": 11,
        "node_id": 44,
        "parent_area": "LAGOA REDONDA",
        "parent_risk_level": "moderado",
        "parent_risk_score": 35.3,
        "parent_status": "MODERADO",
        "peak_hour_end": 5,
        "peak_hour_share": 0.1111,
        "peak_hour_start": 0,
        "peak_hours": "Entre 00hs e 05hs",
        "peak_time_label": "Segunda-feira, entre 00hs e 05hs",
        "peak_weekday": "Segunda-feira",
        "peak_weekday_share": 0.2593,
        "rank": 42,
        "region": "fortaleza",
        "risk_score": 32.031,
        "score": 32.031,
        "source_geometry_type": "Polygon",
        "temporal_horizon_days": 30,
        "temporal_reference_date": "2026-12-09",
        "temporal_sample_size": 27
      },
      "type": "Feature"
    }
  ],
  "metadata": {
    "generated_at": "2026-09-24T14:42:49.820787",
    "region": "capital",
    "source": "Sentinela Micronodes Dynamic Overlay",
    "threshold_min_score": 31.0,
    "total": 44
  },
  "type": "FeatureCollection"
}