snapshot_generated_at,data_limit,source,scope,rank,name,name_normalized,region,territorial_level,risk_score,risk_level,confidence_pct,confidence_label,expressiveness_pct,expressiveness_label,recent_cvli_14d,recent_cvli_30d,historical_cvli,neural_score,tension_score,inclusion_score,calm_penalty,territorial_support_pct,historical_support_pct,live_support_pct,score_z,peer_percentile,dynamic_window_days,base_window_days,historical_fallback,trend,top_driver_1,top_driver_1_strength_pct,top_driver_2,top_driver_2_strength_pct,top_driver_3,top_driver_3_strength_pct,explainability_summary,leitura_rapida_gestor,por_que_importa_gestor,confianca_limites_gestor,expressividade_previsao_gestor,proxima_acao_gestor
2026-06-09T13:50:17,2026-06-08,src/core/orchestrator.py:get_combined_risk,cities_general_top30,1,MARACANAU,MARACANAU,rmf,cidade,85.33,crítico,53.9,muito baixa,99.3,muito alta,0,0,626.0,100.0,100.0,0.0,46.7,100.0,100.0,0.0,4.03,100.0,30,14,True,stable,Sinal neural do ST-GAT,100.0,Tensão territorial,100.0,Fallback histórico ativado,55.0,Sinal neural do ST-GAT: 100.0% | Tensão territorial: 100.0% | Fallback histórico ativado: 55.0%,"MARACANAU aparece na posição 1 de 69, com risco 85.3 e nível crítico; é prioridade imediata de acompanhamento.","O peso principal vem de sinal neural do st-gat, com suporte territorial de 100.0% e 0 registros recentes na janela de 30 dias.",Leitura mais fraca; parte do peso vem de fallback histórico e deve ser confirmada em campo.,O território está bem destacado no ranking frente aos pares.,"Verificar eventos recentes, pressão territorial e coerência com inteligência local antes da próxima atualização do ranking."
2026-06-09T13:50:17,2026-06-08,src/core/orchestrator.py:get_combined_risk,cities_general_top30,2,CAUCAIA,CAUCAIA,rmf,cidade,83.75,crítico,54.1,muito baixa,98.0,muito alta,0,0,612.0,96.8,100.0,0.0,46.7,100.0,100.0,0.0,3.93,98.5,30,14,True,stable,Tensão territorial,100.0,Sinal neural do ST-GAT,96.8,Fallback histórico ativado,55.0,Tensão territorial: 100.0% | Sinal neural do ST-GAT: 96.8% | Fallback histórico ativado: 55.0%,"CAUCAIA aparece na posição 2 de 69, com risco 83.8 e nível crítico; é prioridade imediata de acompanhamento.","O peso principal vem de tensão territorial, com suporte territorial de 100.0% e 0 registros recentes na janela de 30 dias.",Leitura mais fraca; parte do peso vem de fallback histórico e deve ser confirmada em campo.,O território está bem destacado no ranking frente aos pares.,"Verificar eventos recentes, pressão territorial e coerência com inteligência local antes da próxima atualização do ranking."
2026-06-09T13:50:17,2026-06-08,src/core/orchestrator.py:get_combined_risk,cities_general_top30,3,TIANGUA,TIANGUA,interior,cidade,67.23,alto,84.2,moderada,92.3,muito alta,2,2,77.0,59.1,100.0,100.0,33.3,100.0,100.0,100.0,2.93,97.1,14,14,False,stable,Atividade recente e vizinhança,100.0,Tensão territorial,100.0,Sinal neural do ST-GAT,59.1,Atividade recente e vizinhança: 100.0% | Tensão territorial: 100.0% | Sinal neural do ST-GAT: 59.1%,"TIANGUA aparece na posição 3 de 69, com risco 67.2 e nível alto; é prioridade imediata de acompanhamento.","O peso principal vem de atividade recente e vizinhança, com suporte territorial de 100.0% e 2 registros recentes na janela de 30 dias.","Leitura consistente, mas ainda pede validação operacional pontual.",O território está bem destacado no ranking frente aos pares.,"Verificar eventos recentes, pressão territorial e coerência com inteligência local antes da próxima atualização do ranking."
2026-06-09T13:50:17,2026-06-08,src/core/orchestrator.py:get_combined_risk,cities_general_top30,4,JUAZEIRO DO NORTE,JUAZEIRO DO NORTE,interior,cidade,59.17,alto,77.9,moderada,89.1,muito alta,1,1,136.0,100.0,100.0,50.0,33.3,100.0,100.0,100.0,2.44,95.6,14,14,False,stable,Sinal neural do ST-GAT,100.0,Tensão territorial,100.0,Atividade recente e vizinhança,50.0,Sinal neural do ST-GAT: 100.0% | Tensão territorial: 100.0% | Atividade recente e vizinhança: 50.0%,"JUAZEIRO DO NORTE aparece na posição 4 de 69, com risco 59.2 e nível alto; é prioridade imediata de acompanhamento.","O peso principal vem de sinal neural do st-gat, com suporte territorial de 100.0% e 1 registros recentes na janela de 30 dias.","Leitura consistente, mas ainda pede validação operacional pontual.",O território está bem destacado no ranking frente aos pares.,"Verificar eventos recentes, pressão territorial e coerência com inteligência local antes da próxima atualização do ranking."
2026-06-09T13:50:17,2026-06-08,src/core/orchestrator.py:get_combined_risk,cities_general_top30,5,ITAPAJE,ITAPAJE,interior,cidade,50.0,moderado,80.9,moderada,85.5,muito alta,2,3,44.0,0.0,100.0,100.0,46.7,100.0,60.0,100.0,1.88,94.1,14,14,False,stable,Atividade recente e vizinhança,100.0,Tensão territorial,100.0,CVLI recente na janela de 30 dias,60.0,Atividade recente e vizinhança: 100.0% | Tensão territorial: 100.0% | CVLI recente na janela de 30 dias: 60.0%,"ITAPAJE aparece na posição 5 de 69, com risco 50.0 e nível moderado; é prioridade imediata de acompanhamento.","O peso principal vem de atividade recente e vizinhança, com suporte territorial de 100.0% e 3 registros recentes na janela de 30 dias.","Leitura consistente, mas ainda pede validação operacional pontual.",O território está bem destacado no ranking frente aos pares.,"Verificar eventos recentes, pressão territorial e coerência com inteligência local antes da próxima atualização do ranking."
2026-06-09T13:50:17,2026-06-08,src/core/orchestrator.py:get_combined_risk,cities_general_top30,6,ITAPIUNA,ITAPIUNA,interior,cidade,48.41,moderado,78.7,moderada,84.1,alta,1,1,20.0,65.7,100.0,50.0,40.0,100.0,0.0,100.0,1.79,92.6,14,14,False,stable,Tensão territorial,100.0,Sinal neural do ST-GAT,65.7,Atividade recente e vizinhança,50.0,Tensão territorial: 100.0% | Sinal neural do ST-GAT: 65.7% | Atividade recente e vizinhança: 50.0%,"ITAPIUNA aparece na posição 6 de 69, com risco 48.4 e nível moderado; é prioridade alta de acompanhamento.","O peso principal vem de tensão territorial, com suporte territorial de 100.0% e 1 registros recentes na janela de 30 dias.","Leitura consistente, mas ainda pede validação operacional pontual.","O território se diferencia do bloco intermediário, mas sem isolamento absoluto.","Verificar eventos recentes, pressão territorial e coerência com inteligência local antes da próxima atualização do ranking."
2026-06-09T13:50:17,2026-06-08,src/core/orchestrator.py:get_combined_risk,cities_general_top30,7,GROAIRAS,GROAIRAS,interior,cidade,37.09,moderado,75.8,moderada,80.0,alta,1,1,46.0,26.4,100.0,50.0,46.7,100.0,65.0,100.0,1.1,91.2,14,14,False,stable,Tensão territorial,100.0,Atividade recente e vizinhança,50.0,Sinal neural do ST-GAT,26.4,Tensão territorial: 100.0% | Atividade recente e vizinhança: 50.0% | Sinal neural do ST-GAT: 26.4%,"GROAIRAS aparece na posição 7 de 69, com risco 37.1 e nível moderado; é prioridade alta de acompanhamento.","O peso principal vem de tensão territorial, com suporte territorial de 100.0% e 1 registros recentes na janela de 30 dias.","Leitura consistente, mas ainda pede validação operacional pontual.","O território se diferencia do bloco intermediário, mas sem isolamento absoluto.","Verificar eventos recentes, pressão territorial e coerência com inteligência local antes da próxima atualização do ranking."
2026-06-09T13:50:17,2026-06-08,src/core/orchestrator.py:get_combined_risk,cities_general_top30,8,IGUATU,IGUATU,interior,cidade,25.45,baixo,67.7,baixa,75.7,alta,0,0,81.0,57.6,100.0,0.0,46.7,100.0,100.0,0.0,0.4,89.7,14,14,False,stable,Tensão territorial,100.0,Sinal neural do ST-GAT,57.6,Atividade recente e vizinhança,0.0,Tensão territorial: 100.0% | Sinal neural do ST-GAT: 57.6% | Atividade recente e vizinhança: 0.0%,"IGUATU aparece na posição 8 de 69, com risco 25.4 e nível baixo; é prioridade alta de acompanhamento.","O peso principal vem de tensão territorial, com suporte territorial de 100.0% e 0 registros recentes na janela de 30 dias.",Leitura sensível a ruído; requer conferência adicional antes de decisão forte.,"O território se diferencia do bloco intermediário, mas sem isolamento absoluto.","Verificar eventos recentes, pressão territorial e coerência com inteligência local antes da próxima atualização do ranking."
2026-06-09T13:50:17,2026-06-08,src/core/orchestrator.py:get_combined_risk,cities_general_top30,9,BATURITE,BATURITE,interior,cidade,25.45,baixo,67.7,baixa,74.8,alta,0,0,61.0,57.6,100.0,0.0,46.7,100.0,100.0,0.0,0.4,88.2,14,14,False,stable,Tensão territorial,100.0,Sinal neural do ST-GAT,57.6,Atividade recente e vizinhança,0.0,Tensão territorial: 100.0% | Sinal neural do ST-GAT: 57.6% | Atividade recente e vizinhança: 0.0%,"BATURITE aparece na posição 9 de 69, com risco 25.4 e nível baixo; é prioridade alta de acompanhamento.","O peso principal vem de tensão territorial, com suporte territorial de 100.0% e 0 registros recentes na janela de 30 dias.",Leitura sensível a ruído; requer conferência adicional antes de decisão forte.,"O território se diferencia do bloco intermediário, mas sem isolamento absoluto.","Verificar eventos recentes, pressão territorial e coerência com inteligência local antes da próxima atualização do ranking."
2026-06-09T13:50:17,2026-06-08,src/core/orchestrator.py:get_combined_risk,cities_general_top30,10,SOBRAL,SOBRAL,interior,cidade,24.99,baixo,67.7,baixa,73.8,alta,0,0,64.0,55.8,100.0,0.0,46.7,100.0,100.0,0.0,0.37,86.8,14,14,False,stable,Tensão territorial,100.0,Sinal neural do ST-GAT,55.8,Atividade recente e vizinhança,0.0,Tensão territorial: 100.0% | Sinal neural do ST-GAT: 55.8% | Atividade recente e vizinhança: 0.0%,"SOBRAL aparece na posição 10 de 69, com risco 25.0 e nível baixo; é prioridade alta de acompanhamento.","O peso principal vem de tensão territorial, com suporte territorial de 100.0% e 0 registros recentes na janela de 30 dias.",Leitura sensível a ruído; requer conferência adicional antes de decisão forte.,"O território se diferencia do bloco intermediário, mas sem isolamento absoluto.","Verificar eventos recentes, pressão territorial e coerência com inteligência local antes da próxima atualização do ranking."
2026-06-09T13:50:17,2026-06-08,src/core/orchestrator.py:get_combined_risk,cities_general_top30,11,URUBURETAMA,URUBURETAMA,interior,cidade,21.85,baixo,40.9,muito baixa,72.0,alta,0,0,23.0,78.6,7.5,0.0,46.7,7.5,7.5,0.0,0.18,85.3,14,14,False,stable,Sinal neural do ST-GAT,78.6,Tensão territorial,7.5,Atividade recente e vizinhança,0.0,Sinal neural do ST-GAT: 78.6% | Tensão territorial: 7.5% | Atividade recente e vizinhança: 0.0%,"URUBURETAMA aparece na posição 11 de 69, com risco 21.9 e nível baixo; é território de atenção tática.","O peso principal vem de sinal neural do st-gat, com suporte territorial de 7.5% e 0 registros recentes na janela de 30 dias.",Leitura sensível a ruído; requer conferência adicional antes de decisão forte.,"O território se diferencia do bloco intermediário, mas sem isolamento absoluto.","Verificar eventos recentes, pressão territorial e coerência com inteligência local antes da próxima atualização do ranking."
2026-06-09T13:50:17,2026-06-08,src/core/orchestrator.py:get_combined_risk,cities_general_top30,12,MIRAIMA,MIRAIMA,interior,cidade,21.39,baixo,38.7,muito baixa,71.0,alta,0,0,15.0,79.7,0.0,0.0,46.7,0.0,0.0,0.0,0.15,83.8,14,14,False,stable,Sinal neural do ST-GAT,79.7,Tensão territorial,0.0,Atividade recente e vizinhança,0.0,Sinal neural do ST-GAT: 79.7% | Tensão territorial: 0.0% | Atividade recente e vizinhança: 0.0%,"MIRAIMA aparece na posição 12 de 69, com risco 21.4 e nível baixo; é território de atenção tática.","O peso principal vem de sinal neural do st-gat, com suporte territorial de 0.0% e 0 registros recentes na janela de 30 dias.",Leitura sensível a ruído; requer conferência adicional antes de decisão forte.,"O território se diferencia do bloco intermediário, mas sem isolamento absoluto.","Verificar eventos recentes, pressão territorial e coerência com inteligência local antes da próxima atualização do ranking."
2026-06-09T13:50:17,2026-06-08,src/core/orchestrator.py:get_combined_risk,cities_general_top30,13,SANTANA DO ACARAU,SANTANA DO ACARAU,interior,cidade,21.13,baixo,38.5,muito baixa,70.1,alta,0,0,9.0,78.7,0.0,0.0,46.7,0.0,0.0,0.0,0.13,82.4,14,14,False,stable,Sinal neural do ST-GAT,78.7,Tensão territorial,0.0,Atividade recente e vizinhança,0.0,Sinal neural do ST-GAT: 78.7% | Tensão territorial: 0.0% | Atividade recente e vizinhança: 0.0%,"SANTANA DO ACARAU aparece na posição 13 de 69, com risco 21.1 e nível baixo; é território de atenção tática.","O peso principal vem de sinal neural do st-gat, com suporte territorial de 0.0% e 0 registros recentes na janela de 30 dias.",Leitura sensível a ruído; requer conferência adicional antes de decisão forte.,"O território se diferencia do bloco intermediário, mas sem isolamento absoluto.","Verificar eventos recentes, pressão territorial e coerência com inteligência local antes da próxima atualização do ranking."
2026-06-09T13:50:17,2026-06-08,src/core/orchestrator.py:get_combined_risk,cities_general_top30,14,ACOPIARA,ACOPIARA,interior,cidade,21.05,baixo,38.5,muito baixa,69.2,moderada,0,0,14.0,78.4,0.0,0.0,46.7,0.0,0.0,0.0,0.13,80.9,14,14,False,stable,Sinal neural do ST-GAT,78.4,Tensão territorial,0.0,Atividade recente e vizinhança,0.0,Sinal neural do ST-GAT: 78.4% | Tensão territorial: 0.0% | Atividade recente e vizinhança: 0.0%,"ACOPIARA aparece na posição 14 de 69, com risco 21.1 e nível baixo; é território de atenção tática.","O peso principal vem de sinal neural do st-gat, com suporte territorial de 0.0% e 0 registros recentes na janela de 30 dias.",Leitura sensível a ruído; requer conferência adicional antes de decisão forte.,O território está próximo de pares vizinhos e pode oscilar no próximo ciclo.,"Verificar eventos recentes, pressão territorial e coerência com inteligência local antes da próxima atualização do ranking."
2026-06-09T13:50:17,2026-06-08,src/core/orchestrator.py:get_combined_risk,cities_general_top30,15,CEDRO,CEDRO,interior,cidade,21.05,baixo,38.5,muito baixa,68.3,moderada,0,0,10.0,78.4,0.0,0.0,46.7,0.0,0.0,0.0,0.13,79.4,14,14,False,stable,Sinal neural do ST-GAT,78.4,Tensão territorial,0.0,Atividade recente e vizinhança,0.0,Sinal neural do ST-GAT: 78.4% | Tensão territorial: 0.0% | Atividade recente e vizinhança: 0.0%,"CEDRO aparece na posição 15 de 69, com risco 21.1 e nível baixo; é território de atenção tática.","O peso principal vem de sinal neural do st-gat, com suporte territorial de 0.0% e 0 registros recentes na janela de 30 dias.",Leitura sensível a ruído; requer conferência adicional antes de decisão forte.,O território está próximo de pares vizinhos e pode oscilar no próximo ciclo.,"Verificar eventos recentes, pressão territorial e coerência com inteligência local antes da próxima atualização do ranking."
2026-06-09T13:50:17,2026-06-08,src/core/orchestrator.py:get_combined_risk,cities_general_top30,16,LIMOEIRO DO NORTE,LIMOEIRO DO NORTE,interior,cidade,20.45,baixo,49.2,muito baixa,67.2,moderada,0,0,40.0,57.6,50.0,0.0,46.7,50.0,50.0,0.0,0.09,77.9,14,14,False,stable,Sinal neural do ST-GAT,57.6,Tensão territorial,50.0,Atividade recente e vizinhança,0.0,Sinal neural do ST-GAT: 57.6% | Tensão territorial: 50.0% | Atividade recente e vizinhança: 0.0%,"LIMOEIRO DO NORTE aparece na posição 16 de 69, com risco 20.4 e nível baixo; é território de atenção tática.","O peso principal vem de sinal neural do st-gat, com suporte territorial de 50.0% e 0 registros recentes na janela de 30 dias.",Leitura sensível a ruído; requer conferência adicional antes de decisão forte.,O território está próximo de pares vizinhos e pode oscilar no próximo ciclo.,"Verificar eventos recentes, pressão territorial e coerência com inteligência local antes da próxima atualização do ranking."
2026-06-09T13:50:17,2026-06-08,src/core/orchestrator.py:get_combined_risk,cities_general_top30,17,JIJOCA DE JERICOACOARA,JIJOCA DE JERICOACOARA,interior,cidade,19.35,baixo,37.8,muito baixa,66.0,moderada,0,0,18.0,72.1,0.0,0.0,46.7,0.0,0.0,0.0,0.03,76.5,14,14,False,stable,Sinal neural do ST-GAT,72.1,Tensão territorial,0.0,Atividade recente e vizinhança,0.0,Sinal neural do ST-GAT: 72.1% | Tensão territorial: 0.0% | Atividade recente e vizinhança: 0.0%,"JIJOCA DE JERICOACOARA aparece na posição 17 de 69, com risco 19.4 e nível baixo; é território de atenção tática.","O peso principal vem de sinal neural do st-gat, com suporte territorial de 0.0% e 0 registros recentes na janela de 30 dias.",Leitura sensível a ruído; requer conferência adicional antes de decisão forte.,O território está próximo de pares vizinhos e pode oscilar no próximo ciclo.,"Verificar eventos recentes, pressão territorial e coerência com inteligência local antes da próxima atualização do ranking."
2026-06-09T13:50:17,2026-06-08,src/core/orchestrator.py:get_combined_risk,cities_general_top30,18,ARATUBA,ARATUBA,interior,cidade,18.45,baixo,44.8,muito baixa,64.9,moderada,0,0,32.0,57.6,30.0,0.0,46.7,30.0,30.0,0.0,-0.03,75.0,14,14,False,stable,Sinal neural do ST-GAT,57.6,Tensão territorial,30.0,Atividade recente e vizinhança,0.0,Sinal neural do ST-GAT: 57.6% | Tensão territorial: 30.0% | Atividade recente e vizinhança: 0.0%,"ARATUBA aparece na posição 18 de 69, com risco 18.4 e nível baixo; é território de atenção tática.","O peso principal vem de sinal neural do st-gat, com suporte territorial de 30.0% e 0 registros recentes na janela de 30 dias.",Leitura sensível a ruído; requer conferência adicional antes de decisão forte.,O território está próximo de pares vizinhos e pode oscilar no próximo ciclo.,"Verificar eventos recentes, pressão territorial e coerência com inteligência local antes da próxima atualização do ranking."
2026-06-09T13:50:17,2026-06-08,src/core/orchestrator.py:get_combined_risk,cities_general_top30,19,EUSEBIO,EUSEBIO,rmf,cidade,18.32,baixo,36.1,muito baixa,63.9,moderada,0,1,34.0,6.0,0.0,0.0,46.7,50.0,35.0,50.0,-0.04,73.5,30,14,True,stable,Fallback histórico ativado,55.0,CVLI recente na janela de 30 dias,20.0,Sinal neural do ST-GAT,6.0,Fallback histórico ativado: 55.0% | CVLI recente na janela de 30 dias: 20.0% | Sinal neural do ST-GAT: 6.0%,"EUSEBIO aparece na posição 19 de 69, com risco 18.3 e nível baixo; é território de atenção tática.","O peso principal vem de fallback histórico ativado, com suporte territorial de 50.0% e 1 registros recentes na janela de 30 dias.",Leitura mais fraca; parte do peso vem de fallback histórico e deve ser confirmada em campo.,O território está próximo de pares vizinhos e pode oscilar no próximo ciclo.,"Verificar eventos recentes, pressão territorial e coerência com inteligência local antes da próxima atualização do ranking."
2026-06-09T13:50:17,2026-06-08,src/core/orchestrator.py:get_combined_risk,cities_general_top30,20,ITAITINGA,ITAITINGA,rmf,cidade,17.08,baixo,22.1,muito baixa,62.7,moderada,0,0,26.0,3.5,0.0,0.0,46.7,15.0,15.0,0.0,-0.11,72.1,30,14,True,stable,Fallback histórico ativado,55.0,Sinal neural do ST-GAT,3.5,Tensão territorial,0.0,Fallback histórico ativado: 55.0% | Sinal neural do ST-GAT: 3.5% | Tensão territorial: 0.0%,"ITAITINGA aparece na posição 20 de 69, com risco 17.1 e nível baixo; é território de atenção tática.","O peso principal vem de fallback histórico ativado, com suporte territorial de 15.0% e 0 registros recentes na janela de 30 dias.",Leitura mais fraca; parte do peso vem de fallback histórico e deve ser confirmada em campo.,O território está próximo de pares vizinhos e pode oscilar no próximo ciclo.,"Verificar eventos recentes, pressão territorial e coerência com inteligência local antes da próxima atualização do ranking."
2026-06-09T13:50:17,2026-06-08,src/core/orchestrator.py:get_combined_risk,cities_general_top30,21,PACATUBA,PACATUBA,rmf,cidade,16.36,baixo,47.0,muito baixa,61.6,moderada,0,1,58.0,2.0,0.0,0.0,46.7,95.0,95.0,50.0,-0.16,70.6,30,14,True,stable,Fallback histórico ativado,55.0,CVLI recente na janela de 30 dias,20.0,Sinal neural do ST-GAT,2.0,Fallback histórico ativado: 55.0% | CVLI recente na janela de 30 dias: 20.0% | Sinal neural do ST-GAT: 2.0%,"PACATUBA aparece na posição 21 de 69, com risco 16.4 e nível baixo; é território de atenção tática.","O peso principal vem de fallback histórico ativado, com suporte territorial de 95.0% e 1 registros recentes na janela de 30 dias.",Leitura mais fraca; parte do peso vem de fallback histórico e deve ser confirmada em campo.,O território está próximo de pares vizinhos e pode oscilar no próximo ciclo.,"Verificar eventos recentes, pressão territorial e coerência com inteligência local antes da próxima atualização do ranking."
2026-06-09T13:50:17,2026-06-08,src/core/orchestrator.py:get_combined_risk,cities_general_top30,22,NOVA OLINDA,NOVA OLINDA,interior,cidade,16.2,baixo,38.6,muito baixa,60.7,moderada,0,0,23.0,57.6,7.5,0.0,46.7,7.5,7.5,0.0,-0.16,69.1,14,14,False,stable,Sinal neural do ST-GAT,57.6,Tensão territorial,7.5,Atividade recente e vizinhança,0.0,Sinal neural do ST-GAT: 57.6% | Tensão territorial: 7.5% | Atividade recente e vizinhança: 0.0%,"NOVA OLINDA aparece na posição 22 de 69, com risco 16.2 e nível baixo; é território de atenção tática.","O peso principal vem de sinal neural do st-gat, com suporte territorial de 7.5% e 0 registros recentes na janela de 30 dias.",Leitura sensível a ruído; requer conferência adicional antes de decisão forte.,O território está próximo de pares vizinhos e pode oscilar no próximo ciclo.,"Verificar eventos recentes, pressão territorial e coerência com inteligência local antes da próxima atualização do ranking."
2026-06-09T13:50:17,2026-06-08,src/core/orchestrator.py:get_combined_risk,cities_general_top30,23,VICOSA DO CEARA,VICOSA DO CEARA,interior,cidade,15.95,baixo,37.8,muito baixa,59.7,moderada,0,0,22.0,57.6,5.0,0.0,46.7,5.0,5.0,0.0,-0.18,67.6,14,14,False,stable,Sinal neural do ST-GAT,57.6,Tensão territorial,5.0,Atividade recente e vizinhança,0.0,Sinal neural do ST-GAT: 57.6% | Tensão territorial: 5.0% | Atividade recente e vizinhança: 0.0%,"VICOSA DO CEARA aparece na posição 23 de 69, com risco 15.9 e nível baixo; é território de atenção tática.","O peso principal vem de sinal neural do st-gat, com suporte territorial de 5.0% e 0 registros recentes na janela de 30 dias.",Leitura sensível a ruído; requer conferência adicional antes de decisão forte.,O território está próximo de pares vizinhos e pode oscilar no próximo ciclo.,"Verificar eventos recentes, pressão territorial e coerência com inteligência local antes da próxima atualização do ranking."
2026-06-09T13:50:17,2026-06-08,src/core/orchestrator.py:get_combined_risk,cities_general_top30,24,CAPISTRANO,CAPISTRANO,interior,cidade,15.7,baixo,37.0,muito baixa,58.8,moderada,0,0,21.0,57.6,2.5,0.0,46.7,2.5,2.5,0.0,-0.2,66.2,14,14,False,stable,Sinal neural do ST-GAT,57.6,Tensão territorial,2.5,Atividade recente e vizinhança,0.0,Sinal neural do ST-GAT: 57.6% | Tensão territorial: 2.5% | Atividade recente e vizinhança: 0.0%,"CAPISTRANO aparece na posição 24 de 69, com risco 15.7 e nível baixo; é território de atenção tática.","O peso principal vem de sinal neural do st-gat, com suporte territorial de 2.5% e 0 registros recentes na janela de 30 dias.",Leitura sensível a ruído; requer conferência adicional antes de decisão forte.,O território está próximo de pares vizinhos e pode oscilar no próximo ciclo.,"Verificar eventos recentes, pressão territorial e coerência com inteligência local antes da próxima atualização do ranking."
2026-06-09T13:50:17,2026-06-08,src/core/orchestrator.py:get_combined_risk,cities_general_top30,25,PINDORETAMA,PINDORETAMA,rmf,cidade,15.61,baixo,31.8,muito baixa,57.9,moderada,0,0,42.0,0.6,0.0,0.0,46.7,55.0,55.0,0.0,-0.2,64.7,30,14,True,stable,Fallback histórico ativado,55.0,Sinal neural do ST-GAT,0.6,Tensão territorial,0.0,Fallback histórico ativado: 55.0% | Sinal neural do ST-GAT: 0.6% | Tensão territorial: 0.0%,"PINDORETAMA aparece na posição 25 de 69, com risco 15.6 e nível baixo; é território de atenção tática.","O peso principal vem de fallback histórico ativado, com suporte territorial de 55.0% e 0 registros recentes na janela de 30 dias.",Leitura mais fraca; parte do peso vem de fallback histórico e deve ser confirmada em campo.,O território está próximo de pares vizinhos e pode oscilar no próximo ciclo.,"Verificar eventos recentes, pressão territorial e coerência com inteligência local antes da próxima atualização do ranking."
2026-06-09T13:50:17,2026-06-08,src/core/orchestrator.py:get_combined_risk,cities_general_top30,26,PARAIPABA,PARAIPABA,rmf,cidade,15.61,baixo,24.9,muito baixa,57.0,moderada,0,0,31.0,0.6,0.0,0.0,46.7,27.5,27.5,0.0,-0.2,63.2,30,14,True,stable,Fallback histórico ativado,55.0,Sinal neural do ST-GAT,0.6,Tensão territorial,0.0,Fallback histórico ativado: 55.0% | Sinal neural do ST-GAT: 0.6% | Tensão territorial: 0.0%,"PARAIPABA aparece na posição 26 de 69, com risco 15.6 e nível baixo; é território de atenção tática.","O peso principal vem de fallback histórico ativado, com suporte territorial de 27.5% e 0 registros recentes na janela de 30 dias.",Leitura mais fraca; parte do peso vem de fallback histórico e deve ser confirmada em campo.,O território está próximo de pares vizinhos e pode oscilar no próximo ciclo.,"Verificar eventos recentes, pressão territorial e coerência com inteligência local antes da próxima atualização do ranking."
2026-06-09T13:50:17,2026-06-08,src/core/orchestrator.py:get_combined_risk,cities_general_top30,27,SAO LUIS DO CURU,SAO LUIS DO CURU,rmf,cidade,15.61,baixo,19.9,muito baixa,56.1,moderada,0,0,23.0,0.6,0.0,0.0,46.7,7.5,7.5,0.0,-0.2,61.8,30,14,True,stable,Fallback histórico ativado,55.0,Sinal neural do ST-GAT,0.6,Tensão territorial,0.0,Fallback histórico ativado: 55.0% | Sinal neural do ST-GAT: 0.6% | Tensão territorial: 0.0%,"SAO LUIS DO CURU aparece na posição 27 de 69, com risco 15.6 e nível baixo; é território de atenção tática.","O peso principal vem de fallback histórico ativado, com suporte territorial de 7.5% e 0 registros recentes na janela de 30 dias.",Leitura mais fraca; parte do peso vem de fallback histórico e deve ser confirmada em campo.,O território está próximo de pares vizinhos e pode oscilar no próximo ciclo.,"Verificar eventos recentes, pressão territorial e coerência com inteligência local antes da próxima atualização do ranking."
2026-06-09T13:50:17,2026-06-08,src/core/orchestrator.py:get_combined_risk,cities_general_top30,28,PACAJUS,PACAJUS,rmf,cidade,15.61,baixo,43.1,muito baixa,55.2,moderada,0,0,104.0,0.6,0.0,0.0,46.7,100.0,100.0,0.0,-0.2,60.3,30,14,True,stable,Fallback histórico ativado,55.0,Sinal neural do ST-GAT,0.6,Tensão territorial,0.0,Fallback histórico ativado: 55.0% | Sinal neural do ST-GAT: 0.6% | Tensão territorial: 0.0%,"PACAJUS aparece na posição 28 de 69, com risco 15.6 e nível baixo; é território de atenção tática.","O peso principal vem de fallback histórico ativado, com suporte territorial de 100.0% e 0 registros recentes na janela de 30 dias.",Leitura mais fraca; parte do peso vem de fallback histórico e deve ser confirmada em campo.,O território está próximo de pares vizinhos e pode oscilar no próximo ciclo.,"Verificar eventos recentes, pressão territorial e coerência com inteligência local antes da próxima atualização do ranking."
2026-06-09T13:50:17,2026-06-08,src/core/orchestrator.py:get_combined_risk,cities_general_top30,29,GENERAL SAMPAIO,GENERAL SAMPAIO,interior,cidade,15.45,baixo,36.3,muito baixa,54.3,moderada,0,0,14.0,57.6,0.0,0.0,46.7,0.0,0.0,0.0,-0.21,58.8,14,14,False,stable,Sinal neural do ST-GAT,57.6,Tensão territorial,0.0,Atividade recente e vizinhança,0.0,Sinal neural do ST-GAT: 57.6% | Tensão territorial: 0.0% | Atividade recente e vizinhança: 0.0%,"GENERAL SAMPAIO aparece na posição 29 de 69, com risco 15.4 e nível baixo; é território de atenção tática.","O peso principal vem de sinal neural do st-gat, com suporte territorial de 0.0% e 0 registros recentes na janela de 30 dias.",Leitura sensível a ruído; requer conferência adicional antes de decisão forte.,O território está próximo de pares vizinhos e pode oscilar no próximo ciclo.,"Verificar eventos recentes, pressão territorial e coerência com inteligência local antes da próxima atualização do ranking."
2026-06-09T13:50:17,2026-06-08,src/core/orchestrator.py:get_combined_risk,cities_general_top30,30,GRACA,GRACA,interior,cidade,15.45,baixo,36.3,muito baixa,53.4,moderada,0,0,14.0,57.6,0.0,0.0,46.7,0.0,0.0,0.0,-0.21,57.4,14,14,False,stable,Sinal neural do ST-GAT,57.6,Tensão territorial,0.0,Atividade recente e vizinhança,0.0,Sinal neural do ST-GAT: 57.6% | Tensão territorial: 0.0% | Atividade recente e vizinhança: 0.0%,"GRACA aparece na posição 30 de 69, com risco 15.4 e nível baixo; é território de atenção tática.","O peso principal vem de sinal neural do st-gat, com suporte territorial de 0.0% e 0 registros recentes na janela de 30 dias.",Leitura sensível a ruído; requer conferência adicional antes de decisão forte.,O território está próximo de pares vizinhos e pode oscilar no próximo ciclo.,"Verificar eventos recentes, pressão territorial e coerência com inteligência local antes da próxima atualização do ranking."
2026-06-09T13:50:17,2026-06-08,src/core/orchestrator.py:get_combined_risk,cities_rmf_top20,1,MARACANAU,MARACANAU,rmf,cidade,85.33,crítico,53.9,muito baixa,93.5,muito alta,0,0,626.0,100.0,100.0,0.0,46.7,100.0,100.0,0.0,2.81,100.0,30,14,True,stable,Sinal neural do ST-GAT,100.0,Tensão territorial,100.0,Fallback histórico ativado,55.0,Sinal neural do ST-GAT: 100.0% | Tensão territorial: 100.0% | Fallback histórico ativado: 55.0%,"MARACANAU aparece na posição 1 de 19, com risco 85.3 e nível crítico; é prioridade imediata de acompanhamento.","O peso principal vem de sinal neural do st-gat, com suporte territorial de 100.0% e 0 registros recentes na janela de 30 dias.",Leitura mais fraca; parte do peso vem de fallback histórico e deve ser confirmada em campo.,O território está bem destacado no ranking frente aos pares.,"Verificar eventos recentes, pressão territorial e coerência com inteligência local antes da próxima atualização do ranking."
2026-06-09T13:50:17,2026-06-08,src/core/orchestrator.py:get_combined_risk,cities_rmf_top20,2,CAUCAIA,CAUCAIA,rmf,cidade,83.75,crítico,54.1,muito baixa,89.8,muito alta,0,0,612.0,96.8,100.0,0.0,46.7,100.0,100.0,0.0,2.74,94.4,30,14,True,stable,Tensão territorial,100.0,Sinal neural do ST-GAT,96.8,Fallback histórico ativado,55.0,Tensão territorial: 100.0% | Sinal neural do ST-GAT: 96.8% | Fallback histórico ativado: 55.0%,"CAUCAIA aparece na posição 2 de 19, com risco 83.8 e nível crítico; é prioridade imediata de acompanhamento.","O peso principal vem de tensão territorial, com suporte territorial de 100.0% e 0 registros recentes na janela de 30 dias.",Leitura mais fraca; parte do peso vem de fallback histórico e deve ser confirmada em campo.,O território está bem destacado no ranking frente aos pares.,"Verificar eventos recentes, pressão territorial e coerência com inteligência local antes da próxima atualização do ranking."
2026-06-09T13:50:17,2026-06-08,src/core/orchestrator.py:get_combined_risk,cities_rmf_top20,3,EUSEBIO,EUSEBIO,rmf,cidade,18.32,baixo,36.1,muito baixa,73.7,alta,0,1,34.0,6.0,0.0,0.0,46.7,50.0,35.0,50.0,0.08,88.9,30,14,True,stable,Fallback histórico ativado,55.0,CVLI recente na janela de 30 dias,20.0,Sinal neural do ST-GAT,6.0,Fallback histórico ativado: 55.0% | CVLI recente na janela de 30 dias: 20.0% | Sinal neural do ST-GAT: 6.0%,"EUSEBIO aparece na posição 3 de 19, com risco 18.3 e nível baixo; é prioridade imediata de acompanhamento.","O peso principal vem de fallback histórico ativado, com suporte territorial de 50.0% e 1 registros recentes na janela de 30 dias.",Leitura mais fraca; parte do peso vem de fallback histórico e deve ser confirmada em campo.,"O território se diferencia do bloco intermediário, mas sem isolamento absoluto.","Verificar eventos recentes, pressão territorial e coerência com inteligência local antes da próxima atualização do ranking."
2026-06-09T13:50:17,2026-06-08,src/core/orchestrator.py:get_combined_risk,cities_rmf_top20,4,ITAITINGA,ITAITINGA,rmf,cidade,17.08,baixo,22.1,muito baixa,70.1,alta,0,0,26.0,3.5,0.0,0.0,46.7,15.0,15.0,0.0,0.03,83.3,30,14,True,stable,Fallback histórico ativado,55.0,Sinal neural do ST-GAT,3.5,Tensão territorial,0.0,Fallback histórico ativado: 55.0% | Sinal neural do ST-GAT: 3.5% | Tensão territorial: 0.0%,"ITAITINGA aparece na posição 4 de 19, com risco 17.1 e nível baixo; é prioridade imediata de acompanhamento.","O peso principal vem de fallback histórico ativado, com suporte territorial de 15.0% e 0 registros recentes na janela de 30 dias.",Leitura mais fraca; parte do peso vem de fallback histórico e deve ser confirmada em campo.,"O território se diferencia do bloco intermediário, mas sem isolamento absoluto.","Verificar eventos recentes, pressão territorial e coerência com inteligência local antes da próxima atualização do ranking."
2026-06-09T13:50:17,2026-06-08,src/core/orchestrator.py:get_combined_risk,cities_rmf_top20,5,PACATUBA,PACATUBA,rmf,cidade,16.36,baixo,47.0,muito baixa,66.7,moderada,0,1,58.0,2.0,0.0,0.0,46.7,95.0,95.0,50.0,0.0,77.8,30,14,True,stable,Fallback histórico ativado,55.0,CVLI recente na janela de 30 dias,20.0,Sinal neural do ST-GAT,2.0,Fallback histórico ativado: 55.0% | CVLI recente na janela de 30 dias: 20.0% | Sinal neural do ST-GAT: 2.0%,"PACATUBA aparece na posição 5 de 19, com risco 16.4 e nível baixo; é prioridade imediata de acompanhamento.","O peso principal vem de fallback histórico ativado, com suporte territorial de 95.0% e 1 registros recentes na janela de 30 dias.",Leitura mais fraca; parte do peso vem de fallback histórico e deve ser confirmada em campo.,O território está próximo de pares vizinhos e pode oscilar no próximo ciclo.,"Verificar eventos recentes, pressão territorial e coerência com inteligência local antes da próxima atualização do ranking."
2026-06-09T13:50:17,2026-06-08,src/core/orchestrator.py:get_combined_risk,cities_rmf_top20,6,PINDORETAMA,PINDORETAMA,rmf,cidade,15.61,baixo,31.8,muito baixa,63.2,moderada,0,0,42.0,0.6,0.0,0.0,46.7,55.0,55.0,0.0,-0.03,72.2,30,14,True,stable,Fallback histórico ativado,55.0,Sinal neural do ST-GAT,0.6,Tensão territorial,0.0,Fallback histórico ativado: 55.0% | Sinal neural do ST-GAT: 0.6% | Tensão territorial: 0.0%,"PINDORETAMA aparece na posição 6 de 19, com risco 15.6 e nível baixo; é prioridade alta de acompanhamento.","O peso principal vem de fallback histórico ativado, com suporte territorial de 55.0% e 0 registros recentes na janela de 30 dias.",Leitura mais fraca; parte do peso vem de fallback histórico e deve ser confirmada em campo.,O território está próximo de pares vizinhos e pode oscilar no próximo ciclo.,"Verificar eventos recentes, pressão territorial e coerência com inteligência local antes da próxima atualização do ranking."
2026-06-09T13:50:17,2026-06-08,src/core/orchestrator.py:get_combined_risk,cities_rmf_top20,7,PARAIPABA,PARAIPABA,rmf,cidade,15.61,baixo,24.9,muito baixa,59.9,moderada,0,0,31.0,0.6,0.0,0.0,46.7,27.5,27.5,0.0,-0.03,66.7,30,14,True,stable,Fallback histórico ativado,55.0,Sinal neural do ST-GAT,0.6,Tensão territorial,0.0,Fallback histórico ativado: 55.0% | Sinal neural do ST-GAT: 0.6% | Tensão territorial: 0.0%,"PARAIPABA aparece na posição 7 de 19, com risco 15.6 e nível baixo; é prioridade alta de acompanhamento.","O peso principal vem de fallback histórico ativado, com suporte territorial de 27.5% e 0 registros recentes na janela de 30 dias.",Leitura mais fraca; parte do peso vem de fallback histórico e deve ser confirmada em campo.,O território está próximo de pares vizinhos e pode oscilar no próximo ciclo.,"Verificar eventos recentes, pressão territorial e coerência com inteligência local antes da próxima atualização do ranking."
2026-06-09T13:50:17,2026-06-08,src/core/orchestrator.py:get_combined_risk,cities_rmf_top20,8,SAO LUIS DO CURU,SAO LUIS DO CURU,rmf,cidade,15.61,baixo,19.9,muito baixa,56.5,moderada,0,0,23.0,0.6,0.0,0.0,46.7,7.5,7.5,0.0,-0.03,61.1,30,14,True,stable,Fallback histórico ativado,55.0,Sinal neural do ST-GAT,0.6,Tensão territorial,0.0,Fallback histórico ativado: 55.0% | Sinal neural do ST-GAT: 0.6% | Tensão territorial: 0.0%,"SAO LUIS DO CURU aparece na posição 8 de 19, com risco 15.6 e nível baixo; é prioridade alta de acompanhamento.","O peso principal vem de fallback histórico ativado, com suporte territorial de 7.5% e 0 registros recentes na janela de 30 dias.",Leitura mais fraca; parte do peso vem de fallback histórico e deve ser confirmada em campo.,O território está próximo de pares vizinhos e pode oscilar no próximo ciclo.,"Verificar eventos recentes, pressão territorial e coerência com inteligência local antes da próxima atualização do ranking."
2026-06-09T13:50:17,2026-06-08,src/core/orchestrator.py:get_combined_risk,cities_rmf_top20,9,PACAJUS,PACAJUS,rmf,cidade,15.61,baixo,43.1,muito baixa,53.2,moderada,0,0,104.0,0.6,0.0,0.0,46.7,100.0,100.0,0.0,-0.03,55.6,30,14,True,stable,Fallback histórico ativado,55.0,Sinal neural do ST-GAT,0.6,Tensão territorial,0.0,Fallback histórico ativado: 55.0% | Sinal neural do ST-GAT: 0.6% | Tensão territorial: 0.0%,"PACAJUS aparece na posição 9 de 19, com risco 15.6 e nível baixo; é prioridade alta de acompanhamento.","O peso principal vem de fallback histórico ativado, com suporte territorial de 100.0% e 0 registros recentes na janela de 30 dias.",Leitura mais fraca; parte do peso vem de fallback histórico e deve ser confirmada em campo.,O território está próximo de pares vizinhos e pode oscilar no próximo ciclo.,"Verificar eventos recentes, pressão territorial e coerência com inteligência local antes da próxima atualização do ranking."
2026-06-09T13:50:17,2026-06-08,src/core/orchestrator.py:get_combined_risk,cities_rmf_top20,10,HORIZONTE,HORIZONTE,rmf,cidade,15.33,baixo,43.0,muito baixa,49.8,baixa,0,0,128.0,0.0,0.0,0.0,46.7,100.0,100.0,0.0,-0.04,50.0,30,14,True,stable,Fallback histórico ativado,55.0,Sinal neural do ST-GAT,0.0,Tensão territorial,0.0,Fallback histórico ativado: 55.0% | Sinal neural do ST-GAT: 0.0% | Tensão territorial: 0.0%,"HORIZONTE aparece na posição 10 de 19, com risco 15.3 e nível baixo; é prioridade alta de acompanhamento.","O peso principal vem de fallback histórico ativado, com suporte territorial de 100.0% e 0 registros recentes na janela de 30 dias.",Leitura mais fraca; parte do peso vem de fallback histórico e deve ser confirmada em campo.,O território está próximo de pares vizinhos e pode oscilar no próximo ciclo.,"Verificar eventos recentes, pressão territorial e coerência com inteligência local antes da próxima atualização do ranking."
2026-06-09T13:50:17,2026-06-08,src/core/orchestrator.py:get_combined_risk,cities_rmf_top20,11,TRAIRI,TRAIRI,rmf,cidade,11.86,baixo,69.3,baixa,45.8,baixa,1,5,17.0,19.7,0.0,50.0,30.0,100.0,0.0,100.0,-0.18,44.4,30,14,True,stable,CVLI recente na janela de 30 dias,100.0,Fallback histórico ativado,55.0,Atividade recente e vizinhança,50.0,CVLI recente na janela de 30 dias: 100.0% | Fallback histórico ativado: 55.0% | Atividade recente e vizinhança: 50.0%,"TRAIRI aparece na posição 11 de 19, com risco 11.9 e nível baixo; é território de atenção tática.","O peso principal vem de cvli recente na janela de 30 dias, com suporte territorial de 100.0% e 5 registros recentes na janela de 30 dias.",Leitura mais fraca; parte do peso vem de fallback histórico e deve ser confirmada em campo.,O território está próximo de pares vizinhos e pode oscilar no próximo ciclo.,"Verificar eventos recentes, pressão territorial e coerência com inteligência local antes da próxima atualização do ranking."
2026-06-09T13:50:17,2026-06-08,src/core/orchestrator.py:get_combined_risk,cities_rmf_top20,12,AQUIRAZ,AQUIRAZ,rmf,cidade,0.0,baixo,18.1,muito baixa,40.1,baixa,0,0,20.0,0.6,0.0,0.0,46.7,0.0,0.0,0.0,-0.67,38.9,30,14,True,stable,Fallback histórico ativado,55.0,Sinal neural do ST-GAT,0.6,Tensão territorial,0.0,Fallback histórico ativado: 55.0% | Sinal neural do ST-GAT: 0.6% | Tensão territorial: 0.0%,"AQUIRAZ aparece na posição 12 de 19, com risco 0.0 e nível baixo; é território de atenção tática.","O peso principal vem de fallback histórico ativado, com suporte territorial de 0.0% e 0 registros recentes na janela de 30 dias.",Leitura mais fraca; parte do peso vem de fallback histórico e deve ser confirmada em campo.,O território está próximo de pares vizinhos e pode oscilar no próximo ciclo.,"Verificar eventos recentes, pressão territorial e coerência com inteligência local antes da próxima atualização do ranking."
2026-06-09T13:50:17,2026-06-08,src/core/orchestrator.py:get_combined_risk,cities_rmf_top20,13,PARACURU,PARACURU,rmf,cidade,0.0,baixo,18.1,muito baixa,36.8,baixa,0,0,19.0,0.6,0.0,0.0,46.7,0.0,0.0,0.0,-0.67,33.3,30,14,True,stable,Fallback histórico ativado,55.0,Sinal neural do ST-GAT,0.6,Tensão territorial,0.0,Fallback histórico ativado: 55.0% | Sinal neural do ST-GAT: 0.6% | Tensão territorial: 0.0%,"PARACURU aparece na posição 13 de 19, com risco 0.0 e nível baixo; é território de atenção tática.","O peso principal vem de fallback histórico ativado, com suporte territorial de 0.0% e 0 registros recentes na janela de 30 dias.",Leitura mais fraca; parte do peso vem de fallback histórico e deve ser confirmada em campo.,O território está próximo de pares vizinhos e pode oscilar no próximo ciclo.,"Verificar eventos recentes, pressão territorial e coerência com inteligência local antes da próxima atualização do ranking."
2026-06-09T13:50:17,2026-06-08,src/core/orchestrator.py:get_combined_risk,cities_rmf_top20,14,MARANGUAPE,MARANGUAPE,rmf,cidade,0.0,baixo,18.1,muito baixa,33.5,baixa,0,0,9.0,0.6,0.0,0.0,46.7,0.0,0.0,0.0,-0.67,27.8,30,14,True,stable,Fallback histórico ativado,55.0,Sinal neural do ST-GAT,0.6,Tensão territorial,0.0,Fallback histórico ativado: 55.0% | Sinal neural do ST-GAT: 0.6% | Tensão territorial: 0.0%,"MARANGUAPE aparece na posição 14 de 19, com risco 0.0 e nível baixo; é território de atenção tática.","O peso principal vem de fallback histórico ativado, com suporte territorial de 0.0% e 0 registros recentes na janela de 30 dias.",Leitura mais fraca; parte do peso vem de fallback histórico e deve ser confirmada em campo.,O território está próximo de pares vizinhos e pode oscilar no próximo ciclo.,"Verificar eventos recentes, pressão territorial e coerência com inteligência local antes da próxima atualização do ranking."
2026-06-09T13:50:17,2026-06-08,src/core/orchestrator.py:get_combined_risk,cities_rmf_top20,15,GUAIUBA,GUAIUBA,rmf,cidade,0.0,baixo,35.7,muito baixa,30.1,baixa,0,1,13.0,2.0,0.0,0.0,46.7,50.0,0.0,50.0,-0.67,22.2,30,14,True,stable,Fallback histórico ativado,55.0,CVLI recente na janela de 30 dias,20.0,Sinal neural do ST-GAT,2.0,Fallback histórico ativado: 55.0% | CVLI recente na janela de 30 dias: 20.0% | Sinal neural do ST-GAT: 2.0%,"GUAIUBA aparece na posição 15 de 19, com risco 0.0 e nível baixo; é território de atenção tática.","O peso principal vem de fallback histórico ativado, com suporte territorial de 50.0% e 1 registros recentes na janela de 30 dias.",Leitura mais fraca; parte do peso vem de fallback histórico e deve ser confirmada em campo.,O território está próximo de pares vizinhos e pode oscilar no próximo ciclo.,"Verificar eventos recentes, pressão territorial e coerência com inteligência local antes da próxima atualização do ranking."
2026-06-09T13:50:17,2026-06-08,src/core/orchestrator.py:get_combined_risk,cities_rmf_top20,16,CHOROZINHO,CHOROZINHO,rmf,cidade,0.0,baixo,18.1,muito baixa,26.8,baixa,0,0,15.0,0.6,0.0,0.0,46.7,0.0,0.0,0.0,-0.67,16.7,30,14,True,stable,Fallback histórico ativado,55.0,Sinal neural do ST-GAT,0.6,Tensão territorial,0.0,Fallback histórico ativado: 55.0% | Sinal neural do ST-GAT: 0.6% | Tensão territorial: 0.0%,"CHOROZINHO aparece na posição 16 de 19, com risco 0.0 e nível baixo; é território de atenção tática.","O peso principal vem de fallback histórico ativado, com suporte territorial de 0.0% e 0 registros recentes na janela de 30 dias.",Leitura mais fraca; parte do peso vem de fallback histórico e deve ser confirmada em campo.,O território está próximo de pares vizinhos e pode oscilar no próximo ciclo.,"Verificar eventos recentes, pressão territorial e coerência com inteligência local antes da próxima atualização do ranking."
2026-06-09T13:50:17,2026-06-08,src/core/orchestrator.py:get_combined_risk,cities_rmf_top20,17,CASCAVEL,CASCAVEL,rmf,cidade,0.0,baixo,18.1,muito baixa,23.5,baixa,0,0,2.0,0.6,0.0,0.0,46.7,0.0,0.0,0.0,-0.67,11.1,30,14,True,stable,Fallback histórico ativado,55.0,Sinal neural do ST-GAT,0.6,Tensão territorial,0.0,Fallback histórico ativado: 55.0% | Sinal neural do ST-GAT: 0.6% | Tensão territorial: 0.0%,"CASCAVEL aparece na posição 17 de 19, com risco 0.0 e nível baixo; é território de atenção tática.","O peso principal vem de fallback histórico ativado, com suporte territorial de 0.0% e 0 registros recentes na janela de 30 dias.",Leitura mais fraca; parte do peso vem de fallback histórico e deve ser confirmada em campo.,O território está próximo de pares vizinhos e pode oscilar no próximo ciclo.,"Verificar eventos recentes, pressão territorial e coerência com inteligência local antes da próxima atualização do ranking."
2026-06-09T13:50:17,2026-06-08,src/core/orchestrator.py:get_combined_risk,cities_rmf_top20,18,SAO GONCALO DO AMARANTE,SAO GONCALO DO AMARANTE,rmf,cidade,0.0,baixo,18.0,muito baixa,20.2,baixa,0,0,1.0,0.0,0.0,0.0,46.7,0.0,0.0,0.0,-0.67,5.6,30,14,True,stable,Fallback histórico ativado,55.0,Sinal neural do ST-GAT,0.0,Tensão territorial,0.0,Fallback histórico ativado: 55.0% | Sinal neural do ST-GAT: 0.0% | Tensão territorial: 0.0%,"SAO GONCALO DO AMARANTE aparece na posição 18 de 19, com risco 0.0 e nível baixo; é território de atenção tática.","O peso principal vem de fallback histórico ativado, com suporte territorial de 0.0% e 0 registros recentes na janela de 30 dias.",Leitura mais fraca; parte do peso vem de fallback histórico e deve ser confirmada em campo.,O território está próximo de pares vizinhos e pode oscilar no próximo ciclo.,"Verificar eventos recentes, pressão territorial e coerência com inteligência local antes da próxima atualização do ranking."
2026-06-09T13:50:17,2026-06-08,src/core/orchestrator.py:get_combined_risk,cities_rmf_top20,19,BEBERIBE,BEBERIBE,rmf,cidade,0.0,baixo,18.1,muito baixa,16.8,baixa,0,0,1.0,0.6,0.0,0.0,46.7,0.0,0.0,0.0,-0.67,0.0,30,14,True,stable,Fallback histórico ativado,55.0,Sinal neural do ST-GAT,0.6,Tensão territorial,0.0,Fallback histórico ativado: 55.0% | Sinal neural do ST-GAT: 0.6% | Tensão territorial: 0.0%,"BEBERIBE aparece na posição 19 de 19, com risco 0.0 e nível baixo; é território de atenção tática.","O peso principal vem de fallback histórico ativado, com suporte territorial de 0.0% e 0 registros recentes na janela de 30 dias.",Leitura mais fraca; parte do peso vem de fallback histórico e deve ser confirmada em campo.,O território está próximo de pares vizinhos e pode oscilar no próximo ciclo.,"Verificar eventos recentes, pressão territorial e coerência com inteligência local antes da próxima atualização do ranking."
2026-06-09T13:50:17,2026-06-08,src/core/orchestrator.py:get_combined_risk,cities_interior_top30,1,TIANGUA,TIANGUA,interior,cidade,67.23,alto,84.2,moderada,99.0,muito alta,2,2,77.0,59.1,100.0,100.0,33.3,100.0,100.0,100.0,3.97,100.0,14,14,False,stable,Atividade recente e vizinhança,100.0,Tensão territorial,100.0,Sinal neural do ST-GAT,59.1,Atividade recente e vizinhança: 100.0% | Tensão territorial: 100.0% | Sinal neural do ST-GAT: 59.1%,"TIANGUA aparece na posição 1 de 50, com risco 67.2 e nível alto; é prioridade imediata de acompanhamento.","O peso principal vem de atividade recente e vizinhança, com suporte territorial de 100.0% e 2 registros recentes na janela de 30 dias.","Leitura consistente, mas ainda pede validação operacional pontual.",O território está bem destacado no ranking frente aos pares.,"Verificar eventos recentes, pressão territorial e coerência com inteligência local antes da próxima atualização do ranking."
2026-06-09T13:50:17,2026-06-08,src/core/orchestrator.py:get_combined_risk,cities_interior_top30,2,JUAZEIRO DO NORTE,JUAZEIRO DO NORTE,interior,cidade,59.17,alto,77.9,moderada,94.6,muito alta,1,1,136.0,100.0,100.0,50.0,33.3,100.0,100.0,100.0,3.29,98.0,14,14,False,stable,Sinal neural do ST-GAT,100.0,Tensão territorial,100.0,Atividade recente e vizinhança,50.0,Sinal neural do ST-GAT: 100.0% | Tensão territorial: 100.0% | Atividade recente e vizinhança: 50.0%,"JUAZEIRO DO NORTE aparece na posição 2 de 50, com risco 59.2 e nível alto; é prioridade imediata de acompanhamento.","O peso principal vem de sinal neural do st-gat, com suporte territorial de 100.0% e 1 registros recentes na janela de 30 dias.","Leitura consistente, mas ainda pede validação operacional pontual.",O território está bem destacado no ranking frente aos pares.,"Verificar eventos recentes, pressão territorial e coerência com inteligência local antes da próxima atualização do ranking."
2026-06-09T13:50:17,2026-06-08,src/core/orchestrator.py:get_combined_risk,cities_interior_top30,3,ITAPAJE,ITAPAJE,interior,cidade,50.0,moderado,80.9,moderada,89.6,muito alta,2,3,44.0,0.0,100.0,100.0,46.7,100.0,60.0,100.0,2.52,95.9,14,14,False,stable,Atividade recente e vizinhança,100.0,Tensão territorial,100.0,CVLI recente na janela de 30 dias,60.0,Atividade recente e vizinhança: 100.0% | Tensão territorial: 100.0% | CVLI recente na janela de 30 dias: 60.0%,"ITAPAJE aparece na posição 3 de 50, com risco 50.0 e nível moderado; é prioridade imediata de acompanhamento.","O peso principal vem de atividade recente e vizinhança, com suporte territorial de 100.0% e 3 registros recentes na janela de 30 dias.","Leitura consistente, mas ainda pede validação operacional pontual.",O território está bem destacado no ranking frente aos pares.,"Verificar eventos recentes, pressão territorial e coerência com inteligência local antes da próxima atualização do ranking."
2026-06-09T13:50:17,2026-06-08,src/core/orchestrator.py:get_combined_risk,cities_interior_top30,4,ITAPIUNA,ITAPIUNA,interior,cidade,48.41,moderado,78.7,moderada,87.8,muito alta,1,1,20.0,65.7,100.0,50.0,40.0,100.0,0.0,100.0,2.39,93.9,14,14,False,stable,Tensão territorial,100.0,Sinal neural do ST-GAT,65.7,Atividade recente e vizinhança,50.0,Tensão territorial: 100.0% | Sinal neural do ST-GAT: 65.7% | Atividade recente e vizinhança: 50.0%,"ITAPIUNA aparece na posição 4 de 50, com risco 48.4 e nível moderado; é prioridade imediata de acompanhamento.","O peso principal vem de tensão territorial, com suporte territorial de 100.0% e 1 registros recentes na janela de 30 dias.","Leitura consistente, mas ainda pede validação operacional pontual.",O território está bem destacado no ranking frente aos pares.,"Verificar eventos recentes, pressão territorial e coerência com inteligência local antes da próxima atualização do ranking."
2026-06-09T13:50:17,2026-06-08,src/core/orchestrator.py:get_combined_risk,cities_interior_top30,5,GROAIRAS,GROAIRAS,interior,cidade,37.09,moderado,75.8,moderada,82.0,alta,1,1,46.0,26.4,100.0,50.0,46.7,100.0,65.0,100.0,1.44,91.8,14,14,False,stable,Tensão territorial,100.0,Atividade recente e vizinhança,50.0,Sinal neural do ST-GAT,26.4,Tensão territorial: 100.0% | Atividade recente e vizinhança: 50.0% | Sinal neural do ST-GAT: 26.4%,"GROAIRAS aparece na posição 5 de 50, com risco 37.1 e nível moderado; é prioridade imediata de acompanhamento.","O peso principal vem de tensão territorial, com suporte territorial de 100.0% e 1 registros recentes na janela de 30 dias.","Leitura consistente, mas ainda pede validação operacional pontual.","O território se diferencia do bloco intermediário, mas sem isolamento absoluto.","Verificar eventos recentes, pressão territorial e coerência com inteligência local antes da próxima atualização do ranking."
2026-06-09T13:50:17,2026-06-08,src/core/orchestrator.py:get_combined_risk,cities_interior_top30,6,IGUATU,IGUATU,interior,cidade,25.45,baixo,67.7,baixa,76.1,alta,0,0,81.0,57.6,100.0,0.0,46.7,100.0,100.0,0.0,0.47,89.8,14,14,False,stable,Tensão territorial,100.0,Sinal neural do ST-GAT,57.6,Atividade recente e vizinhança,0.0,Tensão territorial: 100.0% | Sinal neural do ST-GAT: 57.6% | Atividade recente e vizinhança: 0.0%,"IGUATU aparece na posição 6 de 50, com risco 25.4 e nível baixo; é prioridade alta de acompanhamento.","O peso principal vem de tensão territorial, com suporte territorial de 100.0% e 0 registros recentes na janela de 30 dias.",Leitura sensível a ruído; requer conferência adicional antes de decisão forte.,"O território se diferencia do bloco intermediário, mas sem isolamento absoluto.","Verificar eventos recentes, pressão territorial e coerência com inteligência local antes da próxima atualização do ranking."
2026-06-09T13:50:17,2026-06-08,src/core/orchestrator.py:get_combined_risk,cities_interior_top30,7,BATURITE,BATURITE,interior,cidade,25.45,baixo,67.7,baixa,74.9,alta,0,0,61.0,57.6,100.0,0.0,46.7,100.0,100.0,0.0,0.47,87.8,14,14,False,stable,Tensão territorial,100.0,Sinal neural do ST-GAT,57.6,Atividade recente e vizinhança,0.0,Tensão territorial: 100.0% | Sinal neural do ST-GAT: 57.6% | Atividade recente e vizinhança: 0.0%,"BATURITE aparece na posição 7 de 50, com risco 25.4 e nível baixo; é prioridade alta de acompanhamento.","O peso principal vem de tensão territorial, com suporte territorial de 100.0% e 0 registros recentes na janela de 30 dias.",Leitura sensível a ruído; requer conferência adicional antes de decisão forte.,"O território se diferencia do bloco intermediário, mas sem isolamento absoluto.","Verificar eventos recentes, pressão territorial e coerência com inteligência local antes da próxima atualização do ranking."
2026-06-09T13:50:17,2026-06-08,src/core/orchestrator.py:get_combined_risk,cities_interior_top30,8,SOBRAL,SOBRAL,interior,cidade,24.99,baixo,67.7,baixa,73.5,alta,0,0,64.0,55.8,100.0,0.0,46.7,100.0,100.0,0.0,0.43,85.7,14,14,False,stable,Tensão territorial,100.0,Sinal neural do ST-GAT,55.8,Atividade recente e vizinhança,0.0,Tensão territorial: 100.0% | Sinal neural do ST-GAT: 55.8% | Atividade recente e vizinhança: 0.0%,"SOBRAL aparece na posição 8 de 50, com risco 25.0 e nível baixo; é prioridade alta de acompanhamento.","O peso principal vem de tensão territorial, com suporte territorial de 100.0% e 0 registros recentes na janela de 30 dias.",Leitura sensível a ruído; requer conferência adicional antes de decisão forte.,"O território se diferencia do bloco intermediário, mas sem isolamento absoluto.","Verificar eventos recentes, pressão territorial e coerência com inteligência local antes da próxima atualização do ranking."
2026-06-09T13:50:17,2026-06-08,src/core/orchestrator.py:get_combined_risk,cities_interior_top30,9,URUBURETAMA,URUBURETAMA,interior,cidade,21.85,baixo,40.9,muito baixa,71.0,alta,0,0,23.0,78.6,7.5,0.0,46.7,7.5,7.5,0.0,0.16,83.7,14,14,False,stable,Sinal neural do ST-GAT,78.6,Tensão territorial,7.5,Atividade recente e vizinhança,0.0,Sinal neural do ST-GAT: 78.6% | Tensão territorial: 7.5% | Atividade recente e vizinhança: 0.0%,"URUBURETAMA aparece na posição 9 de 50, com risco 21.9 e nível baixo; é prioridade alta de acompanhamento.","O peso principal vem de sinal neural do st-gat, com suporte territorial de 7.5% e 0 registros recentes na janela de 30 dias.",Leitura sensível a ruído; requer conferência adicional antes de decisão forte.,"O território se diferencia do bloco intermediário, mas sem isolamento absoluto.","Verificar eventos recentes, pressão territorial e coerência com inteligência local antes da próxima atualização do ranking."
2026-06-09T13:50:17,2026-06-08,src/core/orchestrator.py:get_combined_risk,cities_interior_top30,10,MIRAIMA,MIRAIMA,interior,cidade,21.39,baixo,38.7,muito baixa,69.6,moderada,0,0,15.0,79.7,0.0,0.0,46.7,0.0,0.0,0.0,0.13,81.6,14,14,False,stable,Sinal neural do ST-GAT,79.7,Tensão territorial,0.0,Atividade recente e vizinhança,0.0,Sinal neural do ST-GAT: 79.7% | Tensão territorial: 0.0% | Atividade recente e vizinhança: 0.0%,"MIRAIMA aparece na posição 10 de 50, com risco 21.4 e nível baixo; é prioridade alta de acompanhamento.","O peso principal vem de sinal neural do st-gat, com suporte territorial de 0.0% e 0 registros recentes na janela de 30 dias.",Leitura sensível a ruído; requer conferência adicional antes de decisão forte.,O território está próximo de pares vizinhos e pode oscilar no próximo ciclo.,"Verificar eventos recentes, pressão territorial e coerência com inteligência local antes da próxima atualização do ranking."
2026-06-09T13:50:17,2026-06-08,src/core/orchestrator.py:get_combined_risk,cities_interior_top30,11,SANTANA DO ACARAU,SANTANA DO ACARAU,interior,cidade,21.13,baixo,38.5,muito baixa,68.3,moderada,0,0,9.0,78.7,0.0,0.0,46.7,0.0,0.0,0.0,0.1,79.6,14,14,False,stable,Sinal neural do ST-GAT,78.7,Tensão territorial,0.0,Atividade recente e vizinhança,0.0,Sinal neural do ST-GAT: 78.7% | Tensão territorial: 0.0% | Atividade recente e vizinhança: 0.0%,"SANTANA DO ACARAU aparece na posição 11 de 50, com risco 21.1 e nível baixo; é território de atenção tática.","O peso principal vem de sinal neural do st-gat, com suporte territorial de 0.0% e 0 registros recentes na janela de 30 dias.",Leitura sensível a ruído; requer conferência adicional antes de decisão forte.,O território está próximo de pares vizinhos e pode oscilar no próximo ciclo.,"Verificar eventos recentes, pressão territorial e coerência com inteligência local antes da próxima atualização do ranking."
2026-06-09T13:50:17,2026-06-08,src/core/orchestrator.py:get_combined_risk,cities_interior_top30,12,ACOPIARA,ACOPIARA,interior,cidade,21.05,baixo,38.5,muito baixa,67.0,moderada,0,0,14.0,78.4,0.0,0.0,46.7,0.0,0.0,0.0,0.1,77.6,14,14,False,stable,Sinal neural do ST-GAT,78.4,Tensão territorial,0.0,Atividade recente e vizinhança,0.0,Sinal neural do ST-GAT: 78.4% | Tensão territorial: 0.0% | Atividade recente e vizinhança: 0.0%,"ACOPIARA aparece na posição 12 de 50, com risco 21.1 e nível baixo; é território de atenção tática.","O peso principal vem de sinal neural do st-gat, com suporte territorial de 0.0% e 0 registros recentes na janela de 30 dias.",Leitura sensível a ruído; requer conferência adicional antes de decisão forte.,O território está próximo de pares vizinhos e pode oscilar no próximo ciclo.,"Verificar eventos recentes, pressão territorial e coerência com inteligência local antes da próxima atualização do ranking."
2026-06-09T13:50:17,2026-06-08,src/core/orchestrator.py:get_combined_risk,cities_interior_top30,13,CEDRO,CEDRO,interior,cidade,21.05,baixo,38.5,muito baixa,65.8,moderada,0,0,10.0,78.4,0.0,0.0,46.7,0.0,0.0,0.0,0.1,75.5,14,14,False,stable,Sinal neural do ST-GAT,78.4,Tensão territorial,0.0,Atividade recente e vizinhança,0.0,Sinal neural do ST-GAT: 78.4% | Tensão territorial: 0.0% | Atividade recente e vizinhança: 0.0%,"CEDRO aparece na posição 13 de 50, com risco 21.1 e nível baixo; é território de atenção tática.","O peso principal vem de sinal neural do st-gat, com suporte territorial de 0.0% e 0 registros recentes na janela de 30 dias.",Leitura sensível a ruído; requer conferência adicional antes de decisão forte.,O território está próximo de pares vizinhos e pode oscilar no próximo ciclo.,"Verificar eventos recentes, pressão territorial e coerência com inteligência local antes da próxima atualização do ranking."
2026-06-09T13:50:17,2026-06-08,src/core/orchestrator.py:get_combined_risk,cities_interior_top30,14,LIMOEIRO DO NORTE,LIMOEIRO DO NORTE,interior,cidade,20.45,baixo,49.2,muito baixa,64.3,moderada,0,0,40.0,57.6,50.0,0.0,46.7,50.0,50.0,0.0,0.05,73.5,14,14,False,stable,Sinal neural do ST-GAT,57.6,Tensão territorial,50.0,Atividade recente e vizinhança,0.0,Sinal neural do ST-GAT: 57.6% | Tensão territorial: 50.0% | Atividade recente e vizinhança: 0.0%,"LIMOEIRO DO NORTE aparece na posição 14 de 50, com risco 20.4 e nível baixo; é território de atenção tática.","O peso principal vem de sinal neural do st-gat, com suporte territorial de 50.0% e 0 registros recentes na janela de 30 dias.",Leitura sensível a ruído; requer conferência adicional antes de decisão forte.,O território está próximo de pares vizinhos e pode oscilar no próximo ciclo.,"Verificar eventos recentes, pressão territorial e coerência com inteligência local antes da próxima atualização do ranking."
2026-06-09T13:50:17,2026-06-08,src/core/orchestrator.py:get_combined_risk,cities_interior_top30,15,JIJOCA DE JERICOACOARA,JIJOCA DE JERICOACOARA,interior,cidade,19.35,baixo,37.8,muito baixa,62.6,moderada,0,0,18.0,72.1,0.0,0.0,46.7,0.0,0.0,0.0,-0.05,71.4,14,14,False,stable,Sinal neural do ST-GAT,72.1,Tensão territorial,0.0,Atividade recente e vizinhança,0.0,Sinal neural do ST-GAT: 72.1% | Tensão territorial: 0.0% | Atividade recente e vizinhança: 0.0%,"JIJOCA DE JERICOACOARA aparece na posição 15 de 50, com risco 19.4 e nível baixo; é território de atenção tática.","O peso principal vem de sinal neural do st-gat, com suporte territorial de 0.0% e 0 registros recentes na janela de 30 dias.",Leitura sensível a ruído; requer conferência adicional antes de decisão forte.,O território está próximo de pares vizinhos e pode oscilar no próximo ciclo.,"Verificar eventos recentes, pressão territorial e coerência com inteligência local antes da próxima atualização do ranking."
2026-06-09T13:50:17,2026-06-08,src/core/orchestrator.py:get_combined_risk,cities_interior_top30,16,ARATUBA,ARATUBA,interior,cidade,18.45,baixo,44.8,muito baixa,61.1,moderada,0,0,32.0,57.6,30.0,0.0,46.7,30.0,30.0,0.0,-0.12,69.4,14,14,False,stable,Sinal neural do ST-GAT,57.6,Tensão territorial,30.0,Atividade recente e vizinhança,0.0,Sinal neural do ST-GAT: 57.6% | Tensão territorial: 30.0% | Atividade recente e vizinhança: 0.0%,"ARATUBA aparece na posição 16 de 50, com risco 18.4 e nível baixo; é território de atenção tática.","O peso principal vem de sinal neural do st-gat, com suporte territorial de 30.0% e 0 registros recentes na janela de 30 dias.",Leitura sensível a ruído; requer conferência adicional antes de decisão forte.,O território está próximo de pares vizinhos e pode oscilar no próximo ciclo.,"Verificar eventos recentes, pressão territorial e coerência com inteligência local antes da próxima atualização do ranking."
2026-06-09T13:50:17,2026-06-08,src/core/orchestrator.py:get_combined_risk,cities_interior_top30,17,NOVA OLINDA,NOVA OLINDA,interior,cidade,16.2,baixo,38.6,muito baixa,58.9,moderada,0,0,23.0,57.6,7.5,0.0,46.7,7.5,7.5,0.0,-0.31,67.3,14,14,False,stable,Sinal neural do ST-GAT,57.6,Tensão territorial,7.5,Atividade recente e vizinhança,0.0,Sinal neural do ST-GAT: 57.6% | Tensão territorial: 7.5% | Atividade recente e vizinhança: 0.0%,"NOVA OLINDA aparece na posição 17 de 50, com risco 16.2 e nível baixo; é território de atenção tática.","O peso principal vem de sinal neural do st-gat, com suporte territorial de 7.5% e 0 registros recentes na janela de 30 dias.",Leitura sensível a ruído; requer conferência adicional antes de decisão forte.,O território está próximo de pares vizinhos e pode oscilar no próximo ciclo.,"Verificar eventos recentes, pressão territorial e coerência com inteligência local antes da próxima atualização do ranking."
2026-06-09T13:50:17,2026-06-08,src/core/orchestrator.py:get_combined_risk,cities_interior_top30,18,VICOSA DO CEARA,VICOSA DO CEARA,interior,cidade,15.95,baixo,37.8,muito baixa,57.6,moderada,0,0,22.0,57.6,5.0,0.0,46.7,5.0,5.0,0.0,-0.33,65.3,14,14,False,stable,Sinal neural do ST-GAT,57.6,Tensão territorial,5.0,Atividade recente e vizinhança,0.0,Sinal neural do ST-GAT: 57.6% | Tensão territorial: 5.0% | Atividade recente e vizinhança: 0.0%,"VICOSA DO CEARA aparece na posição 18 de 50, com risco 15.9 e nível baixo; é território de atenção tática.","O peso principal vem de sinal neural do st-gat, com suporte territorial de 5.0% e 0 registros recentes na janela de 30 dias.",Leitura sensível a ruído; requer conferência adicional antes de decisão forte.,O território está próximo de pares vizinhos e pode oscilar no próximo ciclo.,"Verificar eventos recentes, pressão territorial e coerência com inteligência local antes da próxima atualização do ranking."
2026-06-09T13:50:17,2026-06-08,src/core/orchestrator.py:get_combined_risk,cities_interior_top30,19,CAPISTRANO,CAPISTRANO,interior,cidade,15.7,baixo,37.0,muito baixa,56.3,moderada,0,0,21.0,57.6,2.5,0.0,46.7,2.5,2.5,0.0,-0.35,63.3,14,14,False,stable,Sinal neural do ST-GAT,57.6,Tensão territorial,2.5,Atividade recente e vizinhança,0.0,Sinal neural do ST-GAT: 57.6% | Tensão territorial: 2.5% | Atividade recente e vizinhança: 0.0%,"CAPISTRANO aparece na posição 19 de 50, com risco 15.7 e nível baixo; é território de atenção tática.","O peso principal vem de sinal neural do st-gat, com suporte territorial de 2.5% e 0 registros recentes na janela de 30 dias.",Leitura sensível a ruído; requer conferência adicional antes de decisão forte.,O território está próximo de pares vizinhos e pode oscilar no próximo ciclo.,"Verificar eventos recentes, pressão territorial e coerência com inteligência local antes da próxima atualização do ranking."
2026-06-09T13:50:17,2026-06-08,src/core/orchestrator.py:get_combined_risk,cities_interior_top30,20,GENERAL SAMPAIO,GENERAL SAMPAIO,interior,cidade,15.45,baixo,36.3,muito baixa,54.9,moderada,0,0,14.0,57.6,0.0,0.0,46.7,0.0,0.0,0.0,-0.37,61.2,14,14,False,stable,Sinal neural do ST-GAT,57.6,Tensão territorial,0.0,Atividade recente e vizinhança,0.0,Sinal neural do ST-GAT: 57.6% | Tensão territorial: 0.0% | Atividade recente e vizinhança: 0.0%,"GENERAL SAMPAIO aparece na posição 20 de 50, com risco 15.4 e nível baixo; é território de atenção tática.","O peso principal vem de sinal neural do st-gat, com suporte territorial de 0.0% e 0 registros recentes na janela de 30 dias.",Leitura sensível a ruído; requer conferência adicional antes de decisão forte.,O território está próximo de pares vizinhos e pode oscilar no próximo ciclo.,"Verificar eventos recentes, pressão territorial e coerência com inteligência local antes da próxima atualização do ranking."
2026-06-09T13:50:17,2026-06-08,src/core/orchestrator.py:get_combined_risk,cities_interior_top30,21,GRACA,GRACA,interior,cidade,15.45,baixo,36.3,muito baixa,53.7,moderada,0,0,14.0,57.6,0.0,0.0,46.7,0.0,0.0,0.0,-0.37,59.2,14,14,False,stable,Sinal neural do ST-GAT,57.6,Tensão territorial,0.0,Atividade recente e vizinhança,0.0,Sinal neural do ST-GAT: 57.6% | Tensão territorial: 0.0% | Atividade recente e vizinhança: 0.0%,"GRACA aparece na posição 21 de 50, com risco 15.4 e nível baixo; é território de atenção tática.","O peso principal vem de sinal neural do st-gat, com suporte territorial de 0.0% e 0 registros recentes na janela de 30 dias.",Leitura sensível a ruído; requer conferência adicional antes de decisão forte.,O território está próximo de pares vizinhos e pode oscilar no próximo ciclo.,"Verificar eventos recentes, pressão territorial e coerência com inteligência local antes da próxima atualização do ranking."
2026-06-09T13:50:17,2026-06-08,src/core/orchestrator.py:get_combined_risk,cities_interior_top30,22,CARIRIACU,CARIRIACU,interior,cidade,15.45,baixo,36.3,muito baixa,52.5,moderada,0,0,14.0,57.6,0.0,0.0,46.7,0.0,0.0,0.0,-0.37,57.1,14,14,False,stable,Sinal neural do ST-GAT,57.6,Tensão territorial,0.0,Atividade recente e vizinhança,0.0,Sinal neural do ST-GAT: 57.6% | Tensão territorial: 0.0% | Atividade recente e vizinhança: 0.0%,"CARIRIACU aparece na posição 22 de 50, com risco 15.4 e nível baixo; é território de atenção tática.","O peso principal vem de sinal neural do st-gat, com suporte territorial de 0.0% e 0 registros recentes na janela de 30 dias.",Leitura sensível a ruído; requer conferência adicional antes de decisão forte.,O território está próximo de pares vizinhos e pode oscilar no próximo ciclo.,"Verificar eventos recentes, pressão territorial e coerência com inteligência local antes da próxima atualização do ranking."
2026-06-09T13:50:17,2026-06-08,src/core/orchestrator.py:get_combined_risk,cities_interior_top30,23,ACARAPE,ACARAPE,interior,cidade,15.45,baixo,36.3,muito baixa,51.3,moderada,0,0,11.0,57.6,0.0,0.0,46.7,0.0,0.0,0.0,-0.37,55.1,14,14,False,stable,Sinal neural do ST-GAT,57.6,Tensão territorial,0.0,Atividade recente e vizinhança,0.0,Sinal neural do ST-GAT: 57.6% | Tensão territorial: 0.0% | Atividade recente e vizinhança: 0.0%,"ACARAPE aparece na posição 23 de 50, com risco 15.4 e nível baixo; é território de atenção tática.","O peso principal vem de sinal neural do st-gat, com suporte territorial de 0.0% e 0 registros recentes na janela de 30 dias.",Leitura sensível a ruído; requer conferência adicional antes de decisão forte.,O território está próximo de pares vizinhos e pode oscilar no próximo ciclo.,"Verificar eventos recentes, pressão territorial e coerência com inteligência local antes da próxima atualização do ranking."
2026-06-09T13:50:17,2026-06-08,src/core/orchestrator.py:get_combined_risk,cities_interior_top30,24,OROS,OROS,interior,cidade,15.45,baixo,36.3,muito baixa,50.1,moderada,0,0,12.0,57.6,0.0,0.0,46.7,0.0,0.0,0.0,-0.37,53.1,14,14,False,stable,Sinal neural do ST-GAT,57.6,Tensão territorial,0.0,Atividade recente e vizinhança,0.0,Sinal neural do ST-GAT: 57.6% | Tensão territorial: 0.0% | Atividade recente e vizinhança: 0.0%,"OROS aparece na posição 24 de 50, com risco 15.4 e nível baixo; é território de atenção tática.","O peso principal vem de sinal neural do st-gat, com suporte territorial de 0.0% e 0 registros recentes na janela de 30 dias.",Leitura sensível a ruído; requer conferência adicional antes de decisão forte.,O território está próximo de pares vizinhos e pode oscilar no próximo ciclo.,"Verificar eventos recentes, pressão territorial e coerência com inteligência local antes da próxima atualização do ranking."
2026-06-09T13:50:17,2026-06-08,src/core/orchestrator.py:get_combined_risk,cities_interior_top30,25,MILAGRES,MILAGRES,interior,cidade,15.45,baixo,36.3,muito baixa,48.8,baixa,0,0,12.0,57.6,0.0,0.0,46.7,0.0,0.0,0.0,-0.37,51.0,14,14,False,stable,Sinal neural do ST-GAT,57.6,Tensão territorial,0.0,Atividade recente e vizinhança,0.0,Sinal neural do ST-GAT: 57.6% | Tensão territorial: 0.0% | Atividade recente e vizinhança: 0.0%,"MILAGRES aparece na posição 25 de 50, com risco 15.4 e nível baixo; é território de atenção tática.","O peso principal vem de sinal neural do st-gat, com suporte territorial de 0.0% e 0 registros recentes na janela de 30 dias.",Leitura sensível a ruído; requer conferência adicional antes de decisão forte.,O território está próximo de pares vizinhos e pode oscilar no próximo ciclo.,"Verificar eventos recentes, pressão territorial e coerência com inteligência local antes da próxima atualização do ranking."
2026-06-09T13:50:17,2026-06-08,src/core/orchestrator.py:get_combined_risk,cities_interior_top30,26,BANABUIU,BANABUIU,interior,cidade,15.45,baixo,36.3,muito baixa,47.6,baixa,0,0,11.0,57.6,0.0,0.0,46.7,0.0,0.0,0.0,-0.37,49.0,14,14,False,stable,Sinal neural do ST-GAT,57.6,Tensão territorial,0.0,Atividade recente e vizinhança,0.0,Sinal neural do ST-GAT: 57.6% | Tensão territorial: 0.0% | Atividade recente e vizinhança: 0.0%,"BANABUIU aparece na posição 26 de 50, com risco 15.4 e nível baixo; é território de atenção tática.","O peso principal vem de sinal neural do st-gat, com suporte territorial de 0.0% e 0 registros recentes na janela de 30 dias.",Leitura sensível a ruído; requer conferência adicional antes de decisão forte.,O território está próximo de pares vizinhos e pode oscilar no próximo ciclo.,"Verificar eventos recentes, pressão territorial e coerência com inteligência local antes da próxima atualização do ranking."
2026-06-09T13:50:17,2026-06-08,src/core/orchestrator.py:get_combined_risk,cities_interior_top30,27,ITAREMA,ITAREMA,interior,cidade,15.45,baixo,36.3,muito baixa,46.4,baixa,0,0,10.0,57.6,0.0,0.0,46.7,0.0,0.0,0.0,-0.37,46.9,14,14,False,stable,Sinal neural do ST-GAT,57.6,Tensão territorial,0.0,Atividade recente e vizinhança,0.0,Sinal neural do ST-GAT: 57.6% | Tensão territorial: 0.0% | Atividade recente e vizinhança: 0.0%,"ITAREMA aparece na posição 27 de 50, com risco 15.4 e nível baixo; é território de atenção tática.","O peso principal vem de sinal neural do st-gat, com suporte territorial de 0.0% e 0 registros recentes na janela de 30 dias.",Leitura sensível a ruído; requer conferência adicional antes de decisão forte.,O território está próximo de pares vizinhos e pode oscilar no próximo ciclo.,"Verificar eventos recentes, pressão territorial e coerência com inteligência local antes da próxima atualização do ranking."
2026-06-09T13:50:17,2026-06-08,src/core/orchestrator.py:get_combined_risk,cities_interior_top30,28,TURURU,TURURU,interior,cidade,15.45,baixo,36.3,muito baixa,45.2,baixa,0,0,8.0,57.6,0.0,0.0,46.7,0.0,0.0,0.0,-0.37,44.9,14,14,False,stable,Sinal neural do ST-GAT,57.6,Tensão territorial,0.0,Atividade recente e vizinhança,0.0,Sinal neural do ST-GAT: 57.6% | Tensão territorial: 0.0% | Atividade recente e vizinhança: 0.0%,"TURURU aparece na posição 28 de 50, com risco 15.4 e nível baixo; é território de atenção tática.","O peso principal vem de sinal neural do st-gat, com suporte territorial de 0.0% e 0 registros recentes na janela de 30 dias.",Leitura sensível a ruído; requer conferência adicional antes de decisão forte.,O território está próximo de pares vizinhos e pode oscilar no próximo ciclo.,"Verificar eventos recentes, pressão territorial e coerência com inteligência local antes da próxima atualização do ranking."
2026-06-09T13:50:17,2026-06-08,src/core/orchestrator.py:get_combined_risk,cities_interior_top30,29,UMIRIM,UMIRIM,interior,cidade,15.45,baixo,36.3,muito baixa,44.0,baixa,0,0,12.0,57.6,0.0,0.0,46.7,0.0,0.0,0.0,-0.37,42.9,14,14,False,stable,Sinal neural do ST-GAT,57.6,Tensão territorial,0.0,Atividade recente e vizinhança,0.0,Sinal neural do ST-GAT: 57.6% | Tensão territorial: 0.0% | Atividade recente e vizinhança: 0.0%,"UMIRIM aparece na posição 29 de 50, com risco 15.4 e nível baixo; é território de atenção tática.","O peso principal vem de sinal neural do st-gat, com suporte territorial de 0.0% e 0 registros recentes na janela de 30 dias.",Leitura sensível a ruído; requer conferência adicional antes de decisão forte.,O território está próximo de pares vizinhos e pode oscilar no próximo ciclo.,"Verificar eventos recentes, pressão territorial e coerência com inteligência local antes da próxima atualização do ranking."
2026-06-09T13:50:17,2026-06-08,src/core/orchestrator.py:get_combined_risk,cities_interior_top30,30,ASSARE,ASSARE,interior,cidade,15.45,baixo,36.3,muito baixa,42.7,baixa,0,0,12.0,57.6,0.0,0.0,46.7,0.0,0.0,0.0,-0.37,40.8,14,14,False,stable,Sinal neural do ST-GAT,57.6,Tensão territorial,0.0,Atividade recente e vizinhança,0.0,Sinal neural do ST-GAT: 57.6% | Tensão territorial: 0.0% | Atividade recente e vizinhança: 0.0%,"ASSARE aparece na posição 30 de 50, com risco 15.4 e nível baixo; é território de atenção tática.","O peso principal vem de sinal neural do st-gat, com suporte territorial de 0.0% e 0 registros recentes na janela de 30 dias.",Leitura sensível a ruído; requer conferência adicional antes de decisão forte.,O território está próximo de pares vizinhos e pode oscilar no próximo ciclo.,"Verificar eventos recentes, pressão territorial e coerência com inteligência local antes da próxima atualização do ranking."
2026-06-09T13:50:17,2026-06-08,src/core/orchestrator.py:get_combined_risk,fortaleza_bairros_top30,1,PARQUE DOIS IRMAOS,PARQUE DOIS IRMAOS,fortaleza,bairro,71.33,crítico,65.9,baixa,98.8,muito alta,1,1,33.0,100.0,100.0,50.0,36.7,100.0,32.5,100.0,3.92,100.0,14,14,True,stable,Sinal neural do ST-GAT,100.0,Tensão territorial,100.0,Fallback histórico ativado,55.0,Sinal neural do ST-GAT: 100.0% | Tensão territorial: 100.0% | Fallback histórico ativado: 55.0%,"PARQUE DOIS IRMAOS aparece na posição 1 de 109, com risco 71.3 e nível crítico; é prioridade imediata de acompanhamento.","O peso principal vem de sinal neural do st-gat, com suporte territorial de 100.0% e 1 registros recentes na janela de 30 dias.",Leitura mais fraca; parte do peso vem de fallback histórico e deve ser confirmada em campo.,O território está bem destacado no ranking frente aos pares.,"Verificar eventos recentes, pressão territorial e coerência com inteligência local antes da próxima atualização do ranking."
2026-06-09T13:50:17,2026-06-08,src/core/orchestrator.py:get_combined_risk,fortaleza_bairros_top30,2,ALVARO WEYNE,ALVARO WEYNE,fortaleza,bairro,59.07,alto,66.9,baixa,94.4,muito alta,1,1,27.0,76.8,100.0,50.0,43.3,100.0,17.5,100.0,3.12,99.1,14,14,True,stable,Tensão territorial,100.0,Sinal neural do ST-GAT,76.8,Fallback histórico ativado,55.0,Tensão territorial: 100.0% | Sinal neural do ST-GAT: 76.8% | Fallback histórico ativado: 55.0%,"ALVARO WEYNE aparece na posição 2 de 109, com risco 59.1 e nível alto; é prioridade imediata de acompanhamento.","O peso principal vem de tensão territorial, com suporte territorial de 100.0% e 1 registros recentes na janela de 30 dias.",Leitura mais fraca; parte do peso vem de fallback histórico e deve ser confirmada em campo.,O território está bem destacado no ranking frente aos pares.,"Verificar eventos recentes, pressão territorial e coerência com inteligência local antes da próxima atualização do ranking."
2026-06-09T13:50:17,2026-06-08,src/core/orchestrator.py:get_combined_risk,fortaleza_bairros_top30,3,BARRA DO CEARA,BARRA DO CEARA,fortaleza,bairro,56.95,alto,60.7,baixa,93.2,muito alta,0,1,137.0,43.2,100.0,0.0,46.7,100.0,100.0,50.0,2.98,98.1,14,14,True,stable,Tensão territorial,100.0,Fallback histórico ativado,55.0,Sinal neural do ST-GAT,43.2,Tensão territorial: 100.0% | Fallback histórico ativado: 55.0% | Sinal neural do ST-GAT: 43.2%,"BARRA DO CEARA aparece na posição 3 de 109, com risco 57.0 e nível alto; é prioridade imediata de acompanhamento.","O peso principal vem de tensão territorial, com suporte territorial de 100.0% e 1 registros recentes na janela de 30 dias.",Leitura mais fraca; parte do peso vem de fallback histórico e deve ser confirmada em campo.,O território está bem destacado no ranking frente aos pares.,"Verificar eventos recentes, pressão territorial e coerência com inteligência local antes da próxima atualização do ranking."
2026-06-09T13:50:17,2026-06-08,src/core/orchestrator.py:get_combined_risk,fortaleza_bairros_top30,4,BARROSO,BARROSO,fortaleza,bairro,50.15,moderado,55.4,baixa,90.5,muito alta,0,0,72.0,29.6,100.0,0.0,46.7,100.0,100.0,0.0,2.54,97.2,14,14,True,stable,Tensão territorial,100.0,Fallback histórico ativado,55.0,Sinal neural do ST-GAT,29.6,Tensão territorial: 100.0% | Fallback histórico ativado: 55.0% | Sinal neural do ST-GAT: 29.6%,"BARROSO aparece na posição 4 de 109, com risco 50.1 e nível moderado; é prioridade imediata de acompanhamento.","O peso principal vem de tensão territorial, com suporte territorial de 100.0% e 0 registros recentes na janela de 30 dias.",Leitura mais fraca; parte do peso vem de fallback histórico e deve ser confirmada em campo.,O território está bem destacado no ranking frente aos pares.,"Verificar eventos recentes, pressão territorial e coerência com inteligência local antes da próxima atualização do ranking."
2026-06-09T13:50:17,2026-06-08,src/core/orchestrator.py:get_combined_risk,fortaleza_bairros_top30,5,JOSE DE ALENCAR,JOSE DE ALENCAR,fortaleza,bairro,47.49,moderado,65.6,baixa,89.1,muito alta,0,2,44.0,64.3,100.0,0.0,46.7,100.0,60.0,100.0,2.37,96.3,14,14,True,stable,Tensão territorial,100.0,Sinal neural do ST-GAT,64.3,Fallback histórico ativado,55.0,Tensão territorial: 100.0% | Sinal neural do ST-GAT: 64.3% | Fallback histórico ativado: 55.0%,"JOSE DE ALENCAR aparece na posição 5 de 109, com risco 47.5 e nível moderado; é prioridade imediata de acompanhamento.","O peso principal vem de tensão territorial, com suporte territorial de 100.0% e 2 registros recentes na janela de 30 dias.",Leitura mais fraca; parte do peso vem de fallback histórico e deve ser confirmada em campo.,O território está bem destacado no ranking frente aos pares.,"Verificar eventos recentes, pressão territorial e coerência com inteligência local antes da próxima atualização do ranking."
2026-06-09T13:50:17,2026-06-08,src/core/orchestrator.py:get_combined_risk,fortaleza_bairros_top30,6,MONDUBIM,MONDUBIM,fortaleza,bairro,40.04,moderado,54.5,muito baixa,86.3,muito alta,0,0,92.0,9.4,100.0,0.0,46.7,100.0,100.0,0.0,1.88,95.4,14,14,True,stable,Tensão territorial,100.0,Fallback histórico ativado,55.0,Sinal neural do ST-GAT,9.4,Tensão territorial: 100.0% | Fallback histórico ativado: 55.0% | Sinal neural do ST-GAT: 9.4%,"MONDUBIM aparece na posição 6 de 109, com risco 40.0 e nível moderado; é prioridade alta de acompanhamento.","O peso principal vem de tensão territorial, com suporte territorial de 100.0% e 0 registros recentes na janela de 30 dias.",Leitura mais fraca; parte do peso vem de fallback histórico e deve ser confirmada em campo.,O território está bem destacado no ranking frente aos pares.,"Verificar eventos recentes, pressão territorial e coerência com inteligência local antes da próxima atualização do ranking."
2026-06-09T13:50:17,2026-06-08,src/core/orchestrator.py:get_combined_risk,fortaleza_bairros_top30,7,ALTO ALEGRE,ALTO ALEGRE,fortaleza,bairro,39.89,moderado,54.5,muito baixa,85.6,muito alta,0,0,125.0,9.1,100.0,0.0,46.7,100.0,100.0,0.0,1.87,94.4,14,14,True,stable,Tensão territorial,100.0,Fallback histórico ativado,55.0,Sinal neural do ST-GAT,9.1,Tensão territorial: 100.0% | Fallback histórico ativado: 55.0% | Sinal neural do ST-GAT: 9.1%,"ALTO ALEGRE aparece na posição 7 de 109, com risco 39.9 e nível moderado; é prioridade alta de acompanhamento.","O peso principal vem de tensão territorial, com suporte territorial de 100.0% e 0 registros recentes na janela de 30 dias.",Leitura mais fraca; parte do peso vem de fallback histórico e deve ser confirmada em campo.,O território está bem destacado no ranking frente aos pares.,"Verificar eventos recentes, pressão territorial e coerência com inteligência local antes da próxima atualização do ranking."
2026-06-09T13:50:17,2026-06-08,src/core/orchestrator.py:get_combined_risk,fortaleza_bairros_top30,8,JOAO,JOAO,fortaleza,bairro,39.82,moderado,44.0,muito baixa,85.1,muito alta,0,1,10.0,69.0,50.0,0.0,46.7,50.0,0.0,50.0,1.87,93.5,14,14,True,stable,Sinal neural do ST-GAT,69.0,Fallback histórico ativado,55.0,Tensão territorial,50.0,Sinal neural do ST-GAT: 69.0% | Fallback histórico ativado: 55.0% | Tensão territorial: 50.0%,"JOAO aparece na posição 8 de 109, com risco 39.8 e nível moderado; é prioridade alta de acompanhamento.","O peso principal vem de sinal neural do st-gat, com suporte territorial de 50.0% e 1 registros recentes na janela de 30 dias.",Leitura mais fraca; parte do peso vem de fallback histórico e deve ser confirmada em campo.,O território está bem destacado no ranking frente aos pares.,"Verificar eventos recentes, pressão territorial e coerência com inteligência local antes da próxima atualização do ranking."
2026-06-09T13:50:17,2026-06-08,src/core/orchestrator.py:get_combined_risk,fortaleza_bairros_top30,9,JOSE WALTER,JOSE WALTER,fortaleza,bairro,38.74,moderado,54.3,muito baixa,84.2,alta,0,0,102.0,6.8,100.0,0.0,46.7,100.0,100.0,0.0,1.79,92.6,14,14,True,stable,Tensão territorial,100.0,Fallback histórico ativado,55.0,Sinal neural do ST-GAT,6.8,Tensão territorial: 100.0% | Fallback histórico ativado: 55.0% | Sinal neural do ST-GAT: 6.8%,"JOSE WALTER aparece na posição 9 de 109, com risco 38.7 e nível moderado; é prioridade alta de acompanhamento.","O peso principal vem de tensão territorial, com suporte territorial de 100.0% e 0 registros recentes na janela de 30 dias.",Leitura mais fraca; parte do peso vem de fallback histórico e deve ser confirmada em campo.,"O território se diferencia do bloco intermediário, mas sem isolamento absoluto.","Verificar eventos recentes, pressão territorial e coerência com inteligência local antes da próxima atualização do ranking."
2026-06-09T13:50:17,2026-06-08,src/core/orchestrator.py:get_combined_risk,fortaleza_bairros_top30,10,SIQUEIRA,SIQUEIRA,fortaleza,bairro,37.47,moderado,54.1,muito baixa,83.2,alta,0,0,103.0,4.3,100.0,0.0,46.7,100.0,100.0,0.0,1.71,91.7,14,14,True,stable,Tensão territorial,100.0,Fallback histórico ativado,55.0,Sinal neural do ST-GAT,4.3,Tensão territorial: 100.0% | Fallback histórico ativado: 55.0% | Sinal neural do ST-GAT: 4.3%,"SIQUEIRA aparece na posição 10 de 109, com risco 37.5 e nível moderado; é prioridade alta de acompanhamento.","O peso principal vem de tensão territorial, com suporte territorial de 100.0% e 0 registros recentes na janela de 30 dias.",Leitura mais fraca; parte do peso vem de fallback histórico e deve ser confirmada em campo.,"O território se diferencia do bloco intermediário, mas sem isolamento absoluto.","Verificar eventos recentes, pressão territorial e coerência com inteligência local antes da próxima atualização do ranking."
2026-06-09T13:50:17,2026-06-08,src/core/orchestrator.py:get_combined_risk,fortaleza_bairros_top30,11,PLANALTO AYRTON SENNA,PLANALTO AYRTON SENNA,fortaleza,bairro,37.43,moderado,54.1,muito baixa,82.6,alta,0,0,94.0,4.2,100.0,0.0,46.7,100.0,100.0,0.0,1.71,90.7,14,14,True,stable,Tensão territorial,100.0,Fallback histórico ativado,55.0,Sinal neural do ST-GAT,4.2,Tensão territorial: 100.0% | Fallback histórico ativado: 55.0% | Sinal neural do ST-GAT: 4.2%,"PLANALTO AYRTON SENNA aparece na posição 11 de 109, com risco 37.4 e nível moderado; é território de atenção tática.","O peso principal vem de tensão territorial, com suporte territorial de 100.0% e 0 registros recentes na janela de 30 dias.",Leitura mais fraca; parte do peso vem de fallback histórico e deve ser confirmada em campo.,"O território se diferencia do bloco intermediário, mas sem isolamento absoluto.","Verificar eventos recentes, pressão territorial e coerência com inteligência local antes da próxima atualização do ranking."
2026-06-09T13:50:17,2026-06-08,src/core/orchestrator.py:get_combined_risk,fortaleza_bairros_top30,12,MESSEJANA,MESSEJANA,fortaleza,bairro,37.27,moderado,54.1,muito baixa,82.0,alta,0,0,116.0,3.9,100.0,0.0,46.7,100.0,100.0,0.0,1.7,89.8,14,14,True,stable,Tensão territorial,100.0,Fallback histórico ativado,55.0,Sinal neural do ST-GAT,3.9,Tensão territorial: 100.0% | Fallback histórico ativado: 55.0% | Sinal neural do ST-GAT: 3.9%,"MESSEJANA aparece na posição 12 de 109, com risco 37.3 e nível moderado; é território de atenção tática.","O peso principal vem de tensão territorial, com suporte territorial de 100.0% e 0 registros recentes na janela de 30 dias.",Leitura mais fraca; parte do peso vem de fallback histórico e deve ser confirmada em campo.,"O território se diferencia do bloco intermediário, mas sem isolamento absoluto.","Verificar eventos recentes, pressão territorial e coerência com inteligência local antes da próxima atualização do ranking."
2026-06-09T13:50:17,2026-06-08,src/core/orchestrator.py:get_combined_risk,fortaleza_bairros_top30,13,GRANJA LISBOA,GRANJA LISBOA,fortaleza,bairro,37.1,moderado,54.1,muito baixa,81.4,alta,0,0,110.0,3.5,100.0,0.0,46.7,100.0,100.0,0.0,1.69,88.9,14,14,True,stable,Tensão territorial,100.0,Fallback histórico ativado,55.0,Sinal neural do ST-GAT,3.5,Tensão territorial: 100.0% | Fallback histórico ativado: 55.0% | Sinal neural do ST-GAT: 3.5%,"GRANJA LISBOA aparece na posição 13 de 109, com risco 37.1 e nível moderado; é território de atenção tática.","O peso principal vem de tensão territorial, com suporte territorial de 100.0% e 0 registros recentes na janela de 30 dias.",Leitura mais fraca; parte do peso vem de fallback histórico e deve ser confirmada em campo.,"O território se diferencia do bloco intermediário, mas sem isolamento absoluto.","Verificar eventos recentes, pressão territorial e coerência com inteligência local antes da próxima atualização do ranking."
2026-06-09T13:50:17,2026-06-08,src/core/orchestrator.py:get_combined_risk,fortaleza_bairros_top30,14,PEDRAS,PEDRAS,fortaleza,bairro,36.3,moderado,54.0,muito baixa,80.6,alta,0,0,81.0,1.9,100.0,0.0,46.7,100.0,100.0,0.0,1.64,88.0,14,14,True,stable,Tensão territorial,100.0,Fallback histórico ativado,55.0,Sinal neural do ST-GAT,1.9,Tensão territorial: 100.0% | Fallback histórico ativado: 55.0% | Sinal neural do ST-GAT: 1.9%,"PEDRAS aparece na posição 14 de 109, com risco 36.3 e nível moderado; é território de atenção tática.","O peso principal vem de tensão territorial, com suporte territorial de 100.0% e 0 registros recentes na janela de 30 dias.",Leitura mais fraca; parte do peso vem de fallback histórico e deve ser confirmada em campo.,"O território se diferencia do bloco intermediário, mas sem isolamento absoluto.","Verificar eventos recentes, pressão territorial e coerência com inteligência local antes da próxima atualização do ranking."
2026-06-09T13:50:17,2026-06-08,src/core/orchestrator.py:get_combined_risk,fortaleza_bairros_top30,15,CAJAZEIRAS,CAJAZEIRAS,fortaleza,bairro,31.7,moderado,65.5,baixa,78.6,alta,0,2,35.0,32.7,100.0,0.0,46.7,100.0,37.5,100.0,1.33,87.0,14,14,True,stable,Tensão territorial,100.0,Fallback histórico ativado,55.0,CVLI recente na janela de 30 dias,40.0,Tensão territorial: 100.0% | Fallback histórico ativado: 55.0% | CVLI recente na janela de 30 dias: 40.0%,"CAJAZEIRAS aparece na posição 15 de 109, com risco 31.7 e nível moderado; é território de atenção tática.","O peso principal vem de tensão territorial, com suporte territorial de 100.0% e 2 registros recentes na janela de 30 dias.",Leitura mais fraca; parte do peso vem de fallback histórico e deve ser confirmada em campo.,"O território se diferencia do bloco intermediário, mas sem isolamento absoluto.","Verificar eventos recentes, pressão territorial e coerência com inteligência local antes da próxima atualização do ranking."
2026-06-09T13:50:17,2026-06-08,src/core/orchestrator.py:get_combined_risk,fortaleza_bairros_top30,16,PASSARE,PASSARE,fortaleza,bairro,27.84,baixo,55.3,baixa,76.9,alta,0,0,65.0,25.0,100.0,0.0,46.7,100.0,100.0,0.0,1.08,86.1,14,14,True,stable,Tensão territorial,100.0,Fallback histórico ativado,55.0,Sinal neural do ST-GAT,25.0,Tensão territorial: 100.0% | Fallback histórico ativado: 55.0% | Sinal neural do ST-GAT: 25.0%,"PASSARE aparece na posição 16 de 109, com risco 27.8 e nível baixo; é território de atenção tática.","O peso principal vem de tensão territorial, com suporte territorial de 100.0% e 0 registros recentes na janela de 30 dias.",Leitura mais fraca; parte do peso vem de fallback histórico e deve ser confirmada em campo.,"O território se diferencia do bloco intermediário, mas sem isolamento absoluto.","Verificar eventos recentes, pressão territorial e coerência com inteligência local antes da próxima atualização do ranking."
2026-06-09T13:50:17,2026-06-08,src/core/orchestrator.py:get_combined_risk,fortaleza_bairros_top30,17,ANCURI,ANCURI,fortaleza,bairro,24.62,baixo,41.6,muito baixa,75.3,alta,0,1,35.0,38.6,50.0,0.0,46.7,50.0,37.5,50.0,0.87,85.2,14,14,True,stable,Fallback histórico ativado,55.0,Tensão territorial,50.0,Sinal neural do ST-GAT,38.6,Fallback histórico ativado: 55.0% | Tensão territorial: 50.0% | Sinal neural do ST-GAT: 38.6%,"ANCURI aparece na posição 17 de 109, com risco 24.6 e nível baixo; é território de atenção tática.","O peso principal vem de fallback histórico ativado, com suporte territorial de 50.0% e 1 registros recentes na janela de 30 dias.",Leitura mais fraca; parte do peso vem de fallback histórico e deve ser confirmada em campo.,"O território se diferencia do bloco intermediário, mas sem isolamento absoluto.","Verificar eventos recentes, pressão territorial e coerência com inteligência local antes da próxima atualização do ranking."
2026-06-09T13:50:17,2026-06-08,src/core/orchestrator.py:get_combined_risk,fortaleza_bairros_top30,18,LAGOA REDONDA,LAGOA REDONDA,fortaleza,bairro,23.95,baixo,54.9,muito baixa,74.6,alta,0,0,60.0,17.2,100.0,0.0,46.7,100.0,100.0,0.0,0.83,84.3,14,14,True,stable,Tensão territorial,100.0,Fallback histórico ativado,55.0,Sinal neural do ST-GAT,17.2,Tensão territorial: 100.0% | Fallback histórico ativado: 55.0% | Sinal neural do ST-GAT: 17.2%,"LAGOA REDONDA aparece na posição 18 de 109, com risco 23.9 e nível baixo; é território de atenção tática.","O peso principal vem de tensão territorial, com suporte territorial de 100.0% e 0 registros recentes na janela de 30 dias.",Leitura mais fraca; parte do peso vem de fallback histórico e deve ser confirmada em campo.,"O território se diferencia do bloco intermediário, mas sem isolamento absoluto.","Verificar eventos recentes, pressão territorial e coerência com inteligência local antes da próxima atualização do ranking."
2026-06-09T13:50:17,2026-06-08,src/core/orchestrator.py:get_combined_risk,fortaleza_bairros_top30,19,ALDEOTA,ALDEOTA,fortaleza,bairro,22.24,baixo,23.8,muito baixa,73.4,alta,0,0,12.0,53.8,0.0,0.0,46.7,0.0,0.0,0.0,0.72,83.3,14,14,True,stable,Fallback histórico ativado,55.0,Sinal neural do ST-GAT,53.8,Tensão territorial,0.0,Fallback histórico ativado: 55.0% | Sinal neural do ST-GAT: 53.8% | Tensão territorial: 0.0%,"ALDEOTA aparece na posição 19 de 109, com risco 22.2 e nível baixo; é território de atenção tática.","O peso principal vem de fallback histórico ativado, com suporte territorial de 0.0% e 0 registros recentes na janela de 30 dias.",Leitura mais fraca; parte do peso vem de fallback histórico e deve ser confirmada em campo.,"O território se diferencia do bloco intermediário, mas sem isolamento absoluto.","Verificar eventos recentes, pressão territorial e coerência com inteligência local antes da próxima atualização do ranking."
2026-06-09T13:50:17,2026-06-08,src/core/orchestrator.py:get_combined_risk,fortaleza_bairros_top30,20,JARDIM DAS OLIVEIRAS,JARDIM DAS OLIVEIRAS,fortaleza,bairro,22.03,baixo,46.1,muito baixa,72.8,alta,0,0,50.0,23.4,75.0,0.0,46.7,75.0,75.0,0.0,0.7,82.4,14,14,True,stable,Tensão territorial,75.0,Fallback histórico ativado,55.0,Sinal neural do ST-GAT,23.4,Tensão territorial: 75.0% | Fallback histórico ativado: 55.0% | Sinal neural do ST-GAT: 23.4%,"JARDIM DAS OLIVEIRAS aparece na posição 20 de 109, com risco 22.0 e nível baixo; é território de atenção tática.","O peso principal vem de tensão territorial, com suporte territorial de 75.0% e 0 registros recentes na janela de 30 dias.",Leitura mais fraca; parte do peso vem de fallback histórico e deve ser confirmada em campo.,"O território se diferencia do bloco intermediário, mas sem isolamento absoluto.","Verificar eventos recentes, pressão territorial e coerência com inteligência local antes da próxima atualização do ranking."
2026-06-09T13:50:17,2026-06-08,src/core/orchestrator.py:get_combined_risk,fortaleza_bairros_top30,21,CONJUNTO PALMEIRAS,CONJUNTO PALMEIRAS,fortaleza,bairro,21.39,baixo,49.5,muito baixa,72.1,alta,0,0,54.0,18.1,85.0,0.0,46.7,85.0,85.0,0.0,0.66,81.5,14,14,True,stable,Tensão territorial,85.0,Fallback histórico ativado,55.0,Sinal neural do ST-GAT,18.1,Tensão territorial: 85.0% | Fallback histórico ativado: 55.0% | Sinal neural do ST-GAT: 18.1%,"CONJUNTO PALMEIRAS aparece na posição 21 de 109, com risco 21.4 e nível baixo; é território de atenção tática.","O peso principal vem de tensão territorial, com suporte territorial de 85.0% e 0 registros recentes na janela de 30 dias.",Leitura mais fraca; parte do peso vem de fallback histórico e deve ser confirmada em campo.,"O território se diferencia do bloco intermediário, mas sem isolamento absoluto.","Verificar eventos recentes, pressão territorial e coerência com inteligência local antes da próxima atualização do ranking."
2026-06-09T13:50:17,2026-06-08,src/core/orchestrator.py:get_combined_risk,fortaleza_bairros_top30,22,CIDADE DOS FUNCIONARIOS,CIDADE DOS FUNCIONARIOS,fortaleza,bairro,20.38,baixo,25.9,muito baixa,71.2,alta,0,0,24.0,50.1,0.0,0.0,46.7,10.0,10.0,0.0,0.6,80.6,14,14,True,stable,Fallback histórico ativado,55.0,Sinal neural do ST-GAT,50.1,Tensão territorial,0.0,Fallback histórico ativado: 55.0% | Sinal neural do ST-GAT: 50.1% | Tensão territorial: 0.0%,"CIDADE DOS FUNCIONARIOS aparece na posição 22 de 109, com risco 20.4 e nível baixo; é território de atenção tática.","O peso principal vem de fallback histórico ativado, com suporte territorial de 10.0% e 0 registros recentes na janela de 30 dias.",Leitura mais fraca; parte do peso vem de fallback histórico e deve ser confirmada em campo.,"O território se diferencia do bloco intermediário, mas sem isolamento absoluto.","Verificar eventos recentes, pressão territorial e coerência com inteligência local antes da próxima atualização do ranking."
2026-06-09T13:50:17,2026-06-08,src/core/orchestrator.py:get_combined_risk,fortaleza_bairros_top30,23,CANINDEZINHO,CANINDEZINHO,fortaleza,bairro,19.98,baixo,44.2,muito baixa,70.5,alta,0,0,48.0,21.3,70.0,0.0,46.7,70.0,70.0,0.0,0.57,79.6,14,14,True,stable,Tensão territorial,70.0,Fallback histórico ativado,55.0,Sinal neural do ST-GAT,21.3,Tensão territorial: 70.0% | Fallback histórico ativado: 55.0% | Sinal neural do ST-GAT: 21.3%,"CANINDEZINHO aparece na posição 23 de 109, com risco 20.0 e nível baixo; é território de atenção tática.","O peso principal vem de tensão territorial, com suporte territorial de 70.0% e 0 registros recentes na janela de 30 dias.",Leitura mais fraca; parte do peso vem de fallback histórico e deve ser confirmada em campo.,"O território se diferencia do bloco intermediário, mas sem isolamento absoluto.","Verificar eventos recentes, pressão territorial e coerência com inteligência local antes da próxima atualização do ranking."
2026-06-09T13:50:17,2026-06-08,src/core/orchestrator.py:get_combined_risk,fortaleza_bairros_top30,24,QUINTINO CUNHA,QUINTINO CUNHA,fortaleza,bairro,19.98,baixo,54.5,muito baixa,70.0,alta,0,0,68.0,9.3,100.0,0.0,46.7,100.0,100.0,0.0,0.57,78.7,14,14,True,stable,Tensão territorial,100.0,Fallback histórico ativado,55.0,Sinal neural do ST-GAT,9.3,Tensão territorial: 100.0% | Fallback histórico ativado: 55.0% | Sinal neural do ST-GAT: 9.3%,"QUINTINO CUNHA aparece na posição 24 de 109, com risco 20.0 e nível baixo; é território de atenção tática.","O peso principal vem de tensão territorial, com suporte territorial de 100.0% e 0 registros recentes na janela de 30 dias.",Leitura mais fraca; parte do peso vem de fallback histórico e deve ser confirmada em campo.,"O território se diferencia do bloco intermediário, mas sem isolamento absoluto.","Verificar eventos recentes, pressão territorial e coerência com inteligência local antes da próxima atualização do ranking."
2026-06-09T13:50:17,2026-06-08,src/core/orchestrator.py:get_combined_risk,fortaleza_bairros_top30,25,ENGENHEIRO LUCIANO CAVALCANTE,ENGENHEIRO LUCIANO CAVALCANTE,fortaleza,bairro,19.22,baixo,41.9,muito baixa,69.2,moderada,0,1,11.0,27.8,50.0,0.0,46.7,50.0,0.0,50.0,0.52,77.8,14,14,True,stable,Fallback histórico ativado,55.0,Tensão territorial,50.0,Sinal neural do ST-GAT,27.8,Fallback histórico ativado: 55.0% | Tensão territorial: 50.0% | Sinal neural do ST-GAT: 27.8%,"ENGENHEIRO LUCIANO CAVALCANTE aparece na posição 25 de 109, com risco 19.2 e nível baixo; é território de atenção tática.","O peso principal vem de fallback histórico ativado, com suporte territorial de 50.0% e 1 registros recentes na janela de 30 dias.",Leitura mais fraca; parte do peso vem de fallback histórico e deve ser confirmada em campo.,O território está próximo de pares vizinhos e pode oscilar no próximo ciclo.,"Verificar eventos recentes, pressão territorial e coerência com inteligência local antes da próxima atualização do ranking."
2026-06-09T13:50:17,2026-06-08,src/core/orchestrator.py:get_combined_risk,fortaleza_bairros_top30,26,VICENTE PINZON,VICENTE PINZON,fortaleza,bairro,19.16,baixo,51.9,muito baixa,68.6,moderada,0,0,57.0,10.7,92.5,0.0,46.7,92.5,92.5,0.0,0.52,76.9,14,14,True,stable,Tensão territorial,92.5,Fallback histórico ativado,55.0,Sinal neural do ST-GAT,10.7,Tensão territorial: 92.5% | Fallback histórico ativado: 55.0% | Sinal neural do ST-GAT: 10.7%,"VICENTE PINZON aparece na posição 26 de 109, com risco 19.2 e nível baixo; é território de atenção tática.","O peso principal vem de tensão territorial, com suporte territorial de 92.5% e 0 registros recentes na janela de 30 dias.",Leitura mais fraca; parte do peso vem de fallback histórico e deve ser confirmada em campo.,O território está próximo de pares vizinhos e pode oscilar no próximo ciclo.,"Verificar eventos recentes, pressão territorial e coerência com inteligência local antes da próxima atualização do ranking."
2026-06-09T13:50:17,2026-06-08,src/core/orchestrator.py:get_combined_risk,fortaleza_bairros_top30,27,BOM JARDIM,BOM JARDIM,fortaleza,bairro,17.91,baixo,49.2,muito baixa,67.6,moderada,0,0,54.0,11.2,85.0,0.0,46.7,85.0,85.0,0.0,0.43,75.9,14,14,True,stable,Tensão territorial,85.0,Fallback histórico ativado,55.0,Sinal neural do ST-GAT,11.2,Tensão territorial: 85.0% | Fallback histórico ativado: 55.0% | Sinal neural do ST-GAT: 11.2%,"BOM JARDIM aparece na posição 27 de 109, com risco 17.9 e nível baixo; é território de atenção tática.","O peso principal vem de tensão territorial, com suporte territorial de 85.0% e 0 registros recentes na janela de 30 dias.",Leitura mais fraca; parte do peso vem de fallback histórico e deve ser confirmada em campo.,O território está próximo de pares vizinhos e pode oscilar no próximo ciclo.,"Verificar eventos recentes, pressão territorial e coerência com inteligência local antes da próxima atualização do ranking."
2026-06-09T13:50:17,2026-06-08,src/core/orchestrator.py:get_combined_risk,fortaleza_bairros_top30,28,PICI,PICI,fortaleza,bairro,17.01,baixo,49.1,muito baixa,66.8,moderada,0,0,54.0,9.4,85.0,0.0,46.7,85.0,85.0,0.0,0.38,75.0,14,14,True,stable,Tensão territorial,85.0,Fallback histórico ativado,55.0,Sinal neural do ST-GAT,9.4,Tensão territorial: 85.0% | Fallback histórico ativado: 55.0% | Sinal neural do ST-GAT: 9.4%,"PICI aparece na posição 28 de 109, com risco 17.0 e nível baixo; é território de atenção tática.","O peso principal vem de tensão territorial, com suporte territorial de 85.0% e 0 registros recentes na janela de 30 dias.",Leitura mais fraca; parte do peso vem de fallback histórico e deve ser confirmada em campo.,O território está próximo de pares vizinhos e pode oscilar no próximo ciclo.,"Verificar eventos recentes, pressão territorial e coerência com inteligência local antes da próxima atualização do ranking."
2026-06-09T13:50:17,2026-06-08,src/core/orchestrator.py:get_combined_risk,fortaleza_bairros_top30,29,SAO BENTO,SAO BENTO,fortaleza,bairro,16.32,baixo,41.9,muito baixa,66.0,moderada,0,1,19.0,22.0,50.0,0.0,46.7,50.0,0.0,50.0,0.33,74.1,14,14,True,stable,Fallback histórico ativado,55.0,Tensão territorial,50.0,Sinal neural do ST-GAT,22.0,Fallback histórico ativado: 55.0% | Tensão territorial: 50.0% | Sinal neural do ST-GAT: 22.0%,"SAO BENTO aparece na posição 29 de 109, com risco 16.3 e nível baixo; é território de atenção tática.","O peso principal vem de fallback histórico ativado, com suporte territorial de 50.0% e 1 registros recentes na janela de 30 dias.",Leitura mais fraca; parte do peso vem de fallback histórico e deve ser confirmada em campo.,O território está próximo de pares vizinhos e pode oscilar no próximo ciclo.,"Verificar eventos recentes, pressão territorial e coerência com inteligência local antes da próxima atualização do ranking."
2026-06-09T13:50:17,2026-06-08,src/core/orchestrator.py:get_combined_risk,fortaleza_bairros_top30,30,GRANJA PORTUGAL,GRANJA PORTUGAL,fortaleza,bairro,15.88,baixo,51.4,muito baixa,65.3,moderada,0,0,57.0,4.1,92.5,0.0,46.7,92.5,92.5,0.0,0.3,73.1,14,14,True,stable,Tensão territorial,92.5,Fallback histórico ativado,55.0,Sinal neural do ST-GAT,4.1,Tensão territorial: 92.5% | Fallback histórico ativado: 55.0% | Sinal neural do ST-GAT: 4.1%,"GRANJA PORTUGAL aparece na posição 30 de 109, com risco 15.9 e nível baixo; é território de atenção tática.","O peso principal vem de tensão territorial, com suporte territorial de 92.5% e 0 registros recentes na janela de 30 dias.",Leitura mais fraca; parte do peso vem de fallback histórico e deve ser confirmada em campo.,O território está próximo de pares vizinhos e pode oscilar no próximo ciclo.,"Verificar eventos recentes, pressão territorial e coerência com inteligência local antes da próxima atualização do ranking."
