snapshot_generated_at,data_limit,source,scope,rank,name,name_normalized,region,territorial_level,risk_score,risk_level,confidence_pct,confidence_label,expressiveness_pct,expressiveness_label,recent_cvli_14d,recent_cvli_30d,historical_cvli,neural_score,tension_score,inclusion_score,calm_penalty,territorial_support_pct,historical_support_pct,live_support_pct,score_z,peer_percentile,dynamic_window_days,base_window_days,historical_fallback,trend,top_driver_1,top_driver_1_strength_pct,top_driver_2,top_driver_2_strength_pct,top_driver_3,top_driver_3_strength_pct,explainability_summary,leitura_rapida_gestor,por_que_importa_gestor,confianca_limites_gestor,expressividade_previsao_gestor,proxima_acao_gestor
2026-06-04T20:48:29,2026-06-02,src/core/orchestrator.py:get_combined_risk,cities_general_top30,1,MARACANAU,MARACANAU,rmf,cidade,85.33,crítico,53.9,muito baixa,99.4,muito alta,0,0,629.0,100.0,100.0,0.0,46.7,100.0,100.0,0.0,4.05,100.0,30,14,True,stable,Sinal neural do ST-GAT,100.0,Tensão territorial,100.0,Fallback histórico ativado,55.0,Sinal neural do ST-GAT: 100.0% | Tensão territorial: 100.0% | Fallback histórico ativado: 55.0%,"MARACANAU aparece na posição 1 de 69, com risco 85.3 e nível crítico; é prioridade imediata de acompanhamento.","O peso principal vem de sinal neural do st-gat, com suporte territorial de 100.0% e 0 registros recentes na janela de 30 dias.",Leitura mais fraca; parte do peso vem de fallback histórico e deve ser confirmada em campo.,O território está bem destacado no ranking frente aos pares.,"Verificar eventos recentes, pressão territorial e coerência com inteligência local antes da próxima atualização do ranking."
2026-06-04T20:48:29,2026-06-02,src/core/orchestrator.py:get_combined_risk,cities_general_top30,2,CAUCAIA,CAUCAIA,rmf,cidade,83.46,crítico,54.1,muito baixa,98.0,muito alta,0,0,611.0,96.2,100.0,0.0,46.7,100.0,100.0,0.0,3.94,98.5,30,14,True,stable,Tensão territorial,100.0,Sinal neural do ST-GAT,96.2,Fallback histórico ativado,55.0,Tensão territorial: 100.0% | Sinal neural do ST-GAT: 96.2% | Fallback histórico ativado: 55.0%,"CAUCAIA aparece na posição 2 de 69, com risco 83.5 e nível crítico; é prioridade imediata de acompanhamento.","O peso principal vem de tensão territorial, com suporte territorial de 100.0% e 0 registros recentes na janela de 30 dias.",Leitura mais fraca; parte do peso vem de fallback histórico e deve ser confirmada em campo.,O território está bem destacado no ranking frente aos pares.,"Verificar eventos recentes, pressão territorial e coerência com inteligência local antes da próxima atualização do ranking."
2026-06-04T20:48:29,2026-06-02,src/core/orchestrator.py:get_combined_risk,cities_general_top30,3,ITAPAJE,ITAPAJE,interior,cidade,65.95,alto,88.4,alta,92.0,muito alta,3,3,45.0,53.6,100.0,100.0,30.0,100.0,62.5,100.0,2.86,97.1,14,14,False,stable,Atividade recente e vizinhança,100.0,Tensão territorial,100.0,CVLI recente na janela de 30 dias,60.0,Atividade recente e vizinhança: 100.0% | Tensão territorial: 100.0% | CVLI recente na janela de 30 dias: 60.0%,"ITAPAJE aparece na posição 3 de 69, com risco 66.0 e nível alto; é prioridade imediata de acompanhamento.","O peso principal vem de atividade recente e vizinhança, com suporte territorial de 100.0% e 3 registros recentes na janela de 30 dias.",Leitura com boa sustentação dos sinais atuais.,O território está bem destacado no ranking frente aos pares.,"Verificar eventos recentes, pressão territorial e coerência com inteligência local antes da próxima atualização do ranking."
2026-06-04T20:48:29,2026-06-02,src/core/orchestrator.py:get_combined_risk,cities_general_top30,4,GROAIRAS,GROAIRAS,interior,cidade,52.7,alto,78.8,moderada,87.1,muito alta,1,1,48.0,82.8,100.0,50.0,43.3,100.0,70.0,100.0,2.04,95.6,14,14,False,stable,Tensão territorial,100.0,Sinal neural do ST-GAT,82.8,Atividade recente e vizinhança,50.0,Tensão territorial: 100.0% | Sinal neural do ST-GAT: 82.8% | Atividade recente e vizinhança: 50.0%,"GROAIRAS aparece na posição 4 de 69, com risco 52.7 e nível alto; é prioridade imediata de acompanhamento.","O peso principal vem de tensão territorial, com suporte territorial de 100.0% e 1 registros recentes na janela de 30 dias.","Leitura consistente, mas ainda pede validação operacional pontual.",O território está bem destacado no ranking frente aos pares.,"Verificar eventos recentes, pressão territorial e coerência com inteligência local antes da próxima atualização do ranking."
2026-06-04T20:48:29,2026-06-02,src/core/orchestrator.py:get_combined_risk,cities_general_top30,5,TIANGUA,TIANGUA,interior,cidade,40.71,moderado,77.1,moderada,82.7,alta,1,1,77.0,39.9,100.0,50.0,46.7,100.0,100.0,100.0,1.3,94.1,14,14,False,stable,Tensão territorial,100.0,Atividade recente e vizinhança,50.0,Sinal neural do ST-GAT,39.9,Tensão territorial: 100.0% | Atividade recente e vizinhança: 50.0% | Sinal neural do ST-GAT: 39.9%,"TIANGUA aparece na posição 5 de 69, com risco 40.7 e nível moderado; é prioridade imediata de acompanhamento.","O peso principal vem de tensão territorial, com suporte territorial de 100.0% e 1 registros recentes na janela de 30 dias.","Leitura consistente, mas ainda pede validação operacional pontual.","O território se diferencia do bloco intermediário, mas sem isolamento absoluto.","Verificar eventos recentes, pressão territorial e coerência com inteligência local antes da próxima atualização do ranking."
2026-06-04T20:48:29,2026-06-02,src/core/orchestrator.py:get_combined_risk,cities_general_top30,6,VARZEA ALEGRE,VARZEA ALEGRE,interior,cidade,38.31,moderado,76.3,moderada,81.1,alta,1,1,16.0,31.0,100.0,50.0,46.7,100.0,0.0,100.0,1.15,92.6,14,14,False,stable,Tensão territorial,100.0,Atividade recente e vizinhança,50.0,Sinal neural do ST-GAT,31.0,Tensão territorial: 100.0% | Atividade recente e vizinhança: 50.0% | Sinal neural do ST-GAT: 31.0%,"VARZEA ALEGRE aparece na posição 6 de 69, com risco 38.3 e nível moderado; é prioridade alta de acompanhamento.","O peso principal vem de tensão territorial, com suporte territorial de 100.0% e 1 registros recentes na janela de 30 dias.","Leitura consistente, mas ainda pede validação operacional pontual.","O território se diferencia do bloco intermediário, mas sem isolamento absoluto.","Verificar eventos recentes, pressão territorial e coerência com inteligência local antes da próxima atualização do ranking."
2026-06-04T20:48:29,2026-06-02,src/core/orchestrator.py:get_combined_risk,cities_general_top30,7,SOBRAL,SOBRAL,interior,cidade,36.83,moderado,65.9,baixa,79.8,alta,0,0,64.0,100.0,100.0,0.0,46.7,100.0,100.0,0.0,1.06,91.2,14,14,False,stable,Sinal neural do ST-GAT,100.0,Tensão territorial,100.0,Atividade recente e vizinhança,0.0,Sinal neural do ST-GAT: 100.0% | Tensão territorial: 100.0% | Atividade recente e vizinhança: 0.0%,"SOBRAL aparece na posição 7 de 69, com risco 36.8 e nível moderado; é prioridade alta de acompanhamento.","O peso principal vem de sinal neural do st-gat, com suporte territorial de 100.0% e 0 registros recentes na janela de 30 dias.",Leitura sensível a ruído; requer conferência adicional antes de decisão forte.,"O território se diferencia do bloco intermediário, mas sem isolamento absoluto.","Verificar eventos recentes, pressão territorial e coerência com inteligência local antes da próxima atualização do ranking."
2026-06-04T20:48:29,2026-06-02,src/core/orchestrator.py:get_combined_risk,cities_general_top30,8,ALTO SANTO,ALTO SANTO,interior,cidade,35.22,moderado,75.0,moderada,78.4,alta,1,1,22.0,19.5,100.0,50.0,46.7,100.0,5.0,100.0,0.96,89.7,14,14,False,stable,Tensão territorial,100.0,Atividade recente e vizinhança,50.0,CVLI recente na janela de 30 dias,20.0,Tensão territorial: 100.0% | Atividade recente e vizinhança: 50.0% | CVLI recente na janela de 30 dias: 20.0%,"ALTO SANTO aparece na posição 8 de 69, com risco 35.2 e nível moderado; é prioridade alta de acompanhamento.","O peso principal vem de tensão territorial, com suporte territorial de 100.0% e 1 registros recentes na janela de 30 dias.","Leitura consistente, mas ainda pede validação operacional pontual.","O território se diferencia do bloco intermediário, mas sem isolamento absoluto.","Verificar eventos recentes, pressão territorial e coerência com inteligência local antes da próxima atualização do ranking."
2026-06-04T20:48:29,2026-06-02,src/core/orchestrator.py:get_combined_risk,cities_general_top30,9,LIMOEIRO DO NORTE,LIMOEIRO DO NORTE,interior,cidade,27.91,baixo,53.3,muito baixa,75.4,alta,0,0,40.0,85.4,50.0,0.0,46.7,50.0,50.0,0.0,0.51,88.2,14,14,False,stable,Sinal neural do ST-GAT,85.4,Tensão territorial,50.0,Atividade recente e vizinhança,0.0,Sinal neural do ST-GAT: 85.4% | Tensão territorial: 50.0% | Atividade recente e vizinhança: 0.0%,"LIMOEIRO DO NORTE aparece na posição 9 de 69, com risco 27.9 e nível baixo; é prioridade alta de acompanhamento.","O peso principal vem de sinal neural do st-gat, com suporte territorial de 50.0% e 0 registros recentes na janela de 30 dias.",Leitura sensível a ruído; requer conferência adicional antes de decisão forte.,"O território se diferencia do bloco intermediário, mas sem isolamento absoluto.","Verificar eventos recentes, pressão territorial e coerência com inteligência local antes da próxima atualização do ranking."
2026-06-04T20:48:29,2026-06-02,src/core/orchestrator.py:get_combined_risk,cities_general_top30,10,URUBURETAMA,URUBURETAMA,interior,cidade,27.5,baixo,43.2,muito baixa,74.4,alta,0,0,23.0,99.7,7.5,0.0,46.7,7.5,7.5,0.0,0.48,86.8,14,14,False,stable,Sinal neural do ST-GAT,99.7,Tensão territorial,7.5,Atividade recente e vizinhança,0.0,Sinal neural do ST-GAT: 99.7% | Tensão territorial: 7.5% | Atividade recente e vizinhança: 0.0%,"URUBURETAMA aparece na posição 10 de 69, com risco 27.5 e nível baixo; é prioridade alta de acompanhamento.","O peso principal vem de sinal neural do st-gat, com suporte territorial de 7.5% e 0 registros recentes na janela de 30 dias.",Leitura sensível a ruído; requer conferência adicional antes de decisão forte.,"O território se diferencia do bloco intermediário, mas sem isolamento absoluto.","Verificar eventos recentes, pressão territorial e coerência com inteligência local antes da próxima atualização do ranking."
2026-06-04T20:48:29,2026-06-02,src/core/orchestrator.py:get_combined_risk,cities_general_top30,11,FORQUILHA,FORQUILHA,interior,cidade,26.83,baixo,40.9,muito baixa,73.3,alta,0,0,12.0,100.0,0.0,0.0,46.7,0.0,0.0,0.0,0.44,85.3,14,14,False,stable,Sinal neural do ST-GAT,100.0,Tensão territorial,0.0,Atividade recente e vizinhança,0.0,Sinal neural do ST-GAT: 100.0% | Tensão territorial: 0.0% | Atividade recente e vizinhança: 0.0%,"FORQUILHA aparece na posição 11 de 69, com risco 26.8 e nível baixo; é território de atenção tática.","O peso principal vem de sinal neural do st-gat, com suporte territorial de 0.0% e 0 registros recentes na janela de 30 dias.",Leitura sensível a ruído; requer conferência adicional antes de decisão forte.,"O território se diferencia do bloco intermediário, mas sem isolamento absoluto.","Verificar eventos recentes, pressão territorial e coerência com inteligência local antes da próxima atualização do ranking."
2026-06-04T20:48:29,2026-06-02,src/core/orchestrator.py:get_combined_risk,cities_general_top30,12,MIRAIMA,MIRAIMA,interior,cidade,26.75,baixo,40.8,muito baixa,72.4,alta,0,0,15.0,99.7,0.0,0.0,46.7,0.0,0.0,0.0,0.44,83.8,14,14,False,stable,Sinal neural do ST-GAT,99.7,Tensão territorial,0.0,Atividade recente e vizinhança,0.0,Sinal neural do ST-GAT: 99.7% | Tensão territorial: 0.0% | Atividade recente e vizinhança: 0.0%,"MIRAIMA aparece na posição 12 de 69, com risco 26.8 e nível baixo; é território de atenção tática.","O peso principal vem de sinal neural do st-gat, com suporte territorial de 0.0% e 0 registros recentes na janela de 30 dias.",Leitura sensível a ruído; requer conferência adicional antes de decisão forte.,"O território se diferencia do bloco intermediário, mas sem isolamento absoluto.","Verificar eventos recentes, pressão territorial e coerência com inteligência local antes da próxima atualização do ranking."
2026-06-04T20:48:29,2026-06-02,src/core/orchestrator.py:get_combined_risk,cities_general_top30,13,SANTANA DO ACARAU,SANTANA DO ACARAU,interior,cidade,26.75,baixo,40.8,muito baixa,71.5,alta,0,0,9.0,99.7,0.0,0.0,46.7,0.0,0.0,0.0,0.44,82.4,14,14,False,stable,Sinal neural do ST-GAT,99.7,Tensão territorial,0.0,Atividade recente e vizinhança,0.0,Sinal neural do ST-GAT: 99.7% | Tensão territorial: 0.0% | Atividade recente e vizinhança: 0.0%,"SANTANA DO ACARAU aparece na posição 13 de 69, com risco 26.8 e nível baixo; é território de atenção tática.","O peso principal vem de sinal neural do st-gat, com suporte territorial de 0.0% e 0 registros recentes na janela de 30 dias.",Leitura sensível a ruído; requer conferência adicional antes de decisão forte.,"O território se diferencia do bloco intermediário, mas sem isolamento absoluto.","Verificar eventos recentes, pressão territorial e coerência com inteligência local antes da próxima atualização do ranking."
2026-06-04T20:48:29,2026-06-02,src/core/orchestrator.py:get_combined_risk,cities_general_top30,14,ACOPIARA,ACOPIARA,interior,cidade,26.73,baixo,40.8,muito baixa,70.6,alta,0,0,14.0,99.6,0.0,0.0,46.7,0.0,0.0,0.0,0.44,80.9,14,14,False,stable,Sinal neural do ST-GAT,99.6,Tensão territorial,0.0,Atividade recente e vizinhança,0.0,Sinal neural do ST-GAT: 99.6% | Tensão territorial: 0.0% | Atividade recente e vizinhança: 0.0%,"ACOPIARA aparece na posição 14 de 69, com risco 26.7 e nível baixo; é território de atenção tática.","O peso principal vem de sinal neural do st-gat, com suporte territorial de 0.0% e 0 registros recentes na janela de 30 dias.",Leitura sensível a ruído; requer conferência adicional antes de decisão forte.,"O território se diferencia do bloco intermediário, mas sem isolamento absoluto.","Verificar eventos recentes, pressão territorial e coerência com inteligência local antes da próxima atualização do ranking."
2026-06-04T20:48:29,2026-06-02,src/core/orchestrator.py:get_combined_risk,cities_general_top30,15,CEDRO,CEDRO,interior,cidade,26.73,baixo,40.8,muito baixa,69.7,moderada,0,0,10.0,99.6,0.0,0.0,46.7,0.0,0.0,0.0,0.44,79.4,14,14,False,stable,Sinal neural do ST-GAT,99.6,Tensão territorial,0.0,Atividade recente e vizinhança,0.0,Sinal neural do ST-GAT: 99.6% | Tensão territorial: 0.0% | Atividade recente e vizinhança: 0.0%,"CEDRO aparece na posição 15 de 69, com risco 26.7 e nível baixo; é território de atenção tática.","O peso principal vem de sinal neural do st-gat, com suporte territorial de 0.0% e 0 registros recentes na janela de 30 dias.",Leitura sensível a ruído; requer conferência adicional antes de decisão forte.,O território está próximo de pares vizinhos e pode oscilar no próximo ciclo.,"Verificar eventos recentes, pressão territorial e coerência com inteligência local antes da próxima atualização do ranking."
2026-06-04T20:48:29,2026-06-02,src/core/orchestrator.py:get_combined_risk,cities_general_top30,16,IGUATU,IGUATU,interior,cidade,25.85,baixo,67.7,baixa,68.6,moderada,0,0,81.0,59.0,100.0,0.0,46.7,100.0,100.0,0.0,0.38,77.9,14,14,False,stable,Tensão territorial,100.0,Sinal neural do ST-GAT,59.0,Atividade recente e vizinhança,0.0,Tensão territorial: 100.0% | Sinal neural do ST-GAT: 59.0% | Atividade recente e vizinhança: 0.0%,"IGUATU aparece na posição 16 de 69, com risco 25.9 e nível baixo; é território de atenção tática.","O peso principal vem de tensão territorial, com suporte territorial de 100.0% e 0 registros recentes na janela de 30 dias.",Leitura sensível a ruído; requer conferência adicional antes de decisão forte.,O território está próximo de pares vizinhos e pode oscilar no próximo ciclo.,"Verificar eventos recentes, pressão territorial e coerência com inteligência local antes da próxima atualização do ranking."
2026-06-04T20:48:29,2026-06-02,src/core/orchestrator.py:get_combined_risk,cities_general_top30,17,BATURITE,BATURITE,interior,cidade,25.85,baixo,67.7,baixa,67.7,moderada,0,0,62.0,59.0,100.0,0.0,46.7,100.0,100.0,0.0,0.38,76.5,14,14,False,stable,Tensão territorial,100.0,Sinal neural do ST-GAT,59.0,Atividade recente e vizinhança,0.0,Tensão territorial: 100.0% | Sinal neural do ST-GAT: 59.0% | Atividade recente e vizinhança: 0.0%,"BATURITE aparece na posição 17 de 69, com risco 25.9 e nível baixo; é território de atenção tática.","O peso principal vem de tensão territorial, com suporte territorial de 100.0% e 0 registros recentes na janela de 30 dias.",Leitura sensível a ruído; requer conferência adicional antes de decisão forte.,O território está próximo de pares vizinhos e pode oscilar no próximo ciclo.,"Verificar eventos recentes, pressão territorial e coerência com inteligência local antes da próxima atualização do ranking."
2026-06-04T20:48:29,2026-06-02,src/core/orchestrator.py:get_combined_risk,cities_general_top30,18,JUAZEIRO DO NORTE,JUAZEIRO DO NORTE,interior,cidade,25.39,baixo,67.7,baixa,66.7,moderada,0,0,135.0,57.3,100.0,0.0,46.7,100.0,100.0,0.0,0.35,75.0,14,14,False,stable,Tensão territorial,100.0,Sinal neural do ST-GAT,57.3,Atividade recente e vizinhança,0.0,Tensão territorial: 100.0% | Sinal neural do ST-GAT: 57.3% | Atividade recente e vizinhança: 0.0%,"JUAZEIRO DO NORTE aparece na posição 18 de 69, com risco 25.4 e nível baixo; é território de atenção tática.","O peso principal vem de tensão territorial, com suporte territorial de 100.0% e 0 registros recentes na janela de 30 dias.",Leitura sensível a ruído; requer conferência adicional antes de decisão forte.,O território está próximo de pares vizinhos e pode oscilar no próximo ciclo.,"Verificar eventos recentes, pressão territorial e coerência com inteligência local antes da próxima atualização do ranking."
2026-06-04T20:48:29,2026-06-02,src/core/orchestrator.py:get_combined_risk,cities_general_top30,19,JIJOCA DE JERICOACOARA,JIJOCA DE JERICOACOARA,interior,cidade,24.6,baixo,40.0,muito baixa,65.6,moderada,0,0,18.0,91.7,0.0,0.0,46.7,0.0,0.0,0.0,0.3,73.5,14,14,False,stable,Sinal neural do ST-GAT,91.7,Tensão territorial,0.0,Atividade recente e vizinhança,0.0,Sinal neural do ST-GAT: 91.7% | Tensão territorial: 0.0% | Atividade recente e vizinhança: 0.0%,"JIJOCA DE JERICOACOARA aparece na posição 19 de 69, com risco 24.6 e nível baixo; é território de atenção tática.","O peso principal vem de sinal neural do st-gat, com suporte territorial de 0.0% e 0 registros recentes na janela de 30 dias.",Leitura sensível a ruído; requer conferência adicional antes de decisão forte.,O território está próximo de pares vizinhos e pode oscilar no próximo ciclo.,"Verificar eventos recentes, pressão territorial e coerência com inteligência local antes da próxima atualização do ranking."
2026-06-04T20:48:29,2026-06-02,src/core/orchestrator.py:get_combined_risk,cities_general_top30,20,POTENGI,POTENGI,interior,cidade,20.0,baixo,65.4,baixa,63.4,moderada,1,1,6.0,0.0,0.0,50.0,46.7,100.0,0.0,100.0,0.02,72.1,14,14,False,stable,Atividade recente e vizinhança,50.0,CVLI recente na janela de 30 dias,20.0,Sinal neural do ST-GAT,0.0,Atividade recente e vizinhança: 50.0% | CVLI recente na janela de 30 dias: 20.0% | Sinal neural do ST-GAT: 0.0%,"POTENGI aparece na posição 20 de 69, com risco 20.0 e nível baixo; é território de atenção tática.","O peso principal vem de atividade recente e vizinhança, com suporte territorial de 100.0% e 1 registros recentes na janela de 30 dias.",Leitura sensível a ruído; requer conferência adicional antes de decisão forte.,O território está próximo de pares vizinhos e pode oscilar no próximo ciclo.,"Verificar eventos recentes, pressão territorial e coerência com inteligência local antes da próxima atualização do ranking."
2026-06-04T20:48:29,2026-06-02,src/core/orchestrator.py:get_combined_risk,cities_general_top30,21,ARATUBA,ARATUBA,interior,cidade,18.85,baixo,45.0,muito baixa,62.1,moderada,0,0,32.0,59.0,30.0,0.0,46.7,30.0,30.0,0.0,-0.05,70.6,14,14,False,stable,Sinal neural do ST-GAT,59.0,Tensão territorial,30.0,Atividade recente e vizinhança,0.0,Sinal neural do ST-GAT: 59.0% | Tensão territorial: 30.0% | Atividade recente e vizinhança: 0.0%,"ARATUBA aparece na posição 21 de 69, com risco 18.9 e nível baixo; é território de atenção tática.","O peso principal vem de sinal neural do st-gat, com suporte territorial de 30.0% e 0 registros recentes na janela de 30 dias.",Leitura sensível a ruído; requer conferência adicional antes de decisão forte.,O território está próximo de pares vizinhos e pode oscilar no próximo ciclo.,"Verificar eventos recentes, pressão territorial e coerência com inteligência local antes da próxima atualização do ranking."
2026-06-04T20:48:29,2026-06-02,src/core/orchestrator.py:get_combined_risk,cities_general_top30,22,CRATO,CRATO,interior,cidade,18.8,baixo,37.6,muito baixa,61.2,moderada,0,0,6.0,70.0,0.0,0.0,46.7,0.0,0.0,0.0,-0.05,69.1,14,14,False,stable,Sinal neural do ST-GAT,70.0,Tensão territorial,0.0,Atividade recente e vizinhança,0.0,Sinal neural do ST-GAT: 70.0% | Tensão territorial: 0.0% | Atividade recente e vizinhança: 0.0%,"CRATO aparece na posição 22 de 69, com risco 18.8 e nível baixo; é território de atenção tática.","O peso principal vem de sinal neural do st-gat, com suporte territorial de 0.0% e 0 registros recentes na janela de 30 dias.",Leitura sensível a ruído; requer conferência adicional antes de decisão forte.,O território está próximo de pares vizinhos e pode oscilar no próximo ciclo.,"Verificar eventos recentes, pressão territorial e coerência com inteligência local antes da próxima atualização do ranking."
2026-06-04T20:48:29,2026-06-02,src/core/orchestrator.py:get_combined_risk,cities_general_top30,23,ITAITINGA,ITAITINGA,rmf,cidade,17.47,baixo,36.0,muito baixa,59.9,moderada,0,1,26.0,4.3,0.0,0.0,46.7,50.0,15.0,50.0,-0.14,67.6,30,14,True,stable,Fallback histórico ativado,55.0,CVLI recente na janela de 30 dias,20.0,Sinal neural do ST-GAT,4.3,Fallback histórico ativado: 55.0% | CVLI recente na janela de 30 dias: 20.0% | Sinal neural do ST-GAT: 4.3%,"ITAITINGA aparece na posição 23 de 69, com risco 17.5 e nível baixo; é território de atenção tática.","O peso principal vem de fallback histórico ativado, com suporte territorial de 50.0% e 1 registros recentes na janela de 30 dias.",Leitura mais fraca; parte do peso vem de fallback histórico e deve ser confirmada em campo.,O território está próximo de pares vizinhos e pode oscilar no próximo ciclo.,"Verificar eventos recentes, pressão territorial e coerência com inteligência local antes da próxima atualização do ranking."
2026-06-04T20:48:29,2026-06-02,src/core/orchestrator.py:get_combined_risk,cities_general_top30,24,PACATUBA,PACATUBA,rmf,cidade,16.97,baixo,47.1,muito baixa,58.9,moderada,0,1,58.0,3.3,0.0,0.0,46.7,95.0,95.0,50.0,-0.17,66.2,30,14,True,stable,Fallback histórico ativado,55.0,CVLI recente na janela de 30 dias,20.0,Sinal neural do ST-GAT,3.3,Fallback histórico ativado: 55.0% | CVLI recente na janela de 30 dias: 20.0% | Sinal neural do ST-GAT: 3.3%,"PACATUBA aparece na posição 24 de 69, com risco 17.0 e nível baixo; é território de atenção tática.","O peso principal vem de fallback histórico ativado, com suporte territorial de 95.0% e 1 registros recentes na janela de 30 dias.",Leitura mais fraca; parte do peso vem de fallback histórico e deve ser confirmada em campo.,O território está próximo de pares vizinhos e pode oscilar no próximo ciclo.,"Verificar eventos recentes, pressão territorial e coerência com inteligência local antes da próxima atualização do ranking."
2026-06-04T20:48:29,2026-06-02,src/core/orchestrator.py:get_combined_risk,cities_general_top30,25,NOVA OLINDA,NOVA OLINDA,interior,cidade,16.6,baixo,38.8,muito baixa,57.9,moderada,0,0,23.0,59.0,7.5,0.0,46.7,7.5,7.5,0.0,-0.19,64.7,14,14,False,stable,Sinal neural do ST-GAT,59.0,Tensão territorial,7.5,Atividade recente e vizinhança,0.0,Sinal neural do ST-GAT: 59.0% | Tensão territorial: 7.5% | Atividade recente e vizinhança: 0.0%,"NOVA OLINDA aparece na posição 25 de 69, com risco 16.6 e nível baixo; é território de atenção tática.","O peso principal vem de sinal neural do st-gat, com suporte territorial de 7.5% e 0 registros recentes na janela de 30 dias.",Leitura sensível a ruído; requer conferência adicional antes de decisão forte.,O território está próximo de pares vizinhos e pode oscilar no próximo ciclo.,"Verificar eventos recentes, pressão territorial e coerência com inteligência local antes da próxima atualização do ranking."
2026-06-04T20:48:29,2026-06-02,src/core/orchestrator.py:get_combined_risk,cities_general_top30,26,VICOSA DO CEARA,VICOSA DO CEARA,interior,cidade,16.35,baixo,38.0,muito baixa,56.9,moderada,0,0,22.0,59.0,5.0,0.0,46.7,5.0,5.0,0.0,-0.21,63.2,14,14,False,stable,Sinal neural do ST-GAT,59.0,Tensão territorial,5.0,Atividade recente e vizinhança,0.0,Sinal neural do ST-GAT: 59.0% | Tensão territorial: 5.0% | Atividade recente e vizinhança: 0.0%,"VICOSA DO CEARA aparece na posição 26 de 69, com risco 16.4 e nível baixo; é território de atenção tática.","O peso principal vem de sinal neural do st-gat, com suporte territorial de 5.0% e 0 registros recentes na janela de 30 dias.",Leitura sensível a ruído; requer conferência adicional antes de decisão forte.,O território está próximo de pares vizinhos e pode oscilar no próximo ciclo.,"Verificar eventos recentes, pressão territorial e coerência com inteligência local antes da próxima atualização do ranking."
2026-06-04T20:48:29,2026-06-02,src/core/orchestrator.py:get_combined_risk,cities_general_top30,27,CAPISTRANO,CAPISTRANO,interior,cidade,16.1,baixo,37.2,muito baixa,56.0,moderada,0,0,21.0,59.0,2.5,0.0,46.7,2.5,2.5,0.0,-0.22,61.8,14,14,False,stable,Sinal neural do ST-GAT,59.0,Tensão territorial,2.5,Atividade recente e vizinhança,0.0,Sinal neural do ST-GAT: 59.0% | Tensão territorial: 2.5% | Atividade recente e vizinhança: 0.0%,"CAPISTRANO aparece na posição 27 de 69, com risco 16.1 e nível baixo; é território de atenção tática.","O peso principal vem de sinal neural do st-gat, com suporte territorial de 2.5% e 0 registros recentes na janela de 30 dias.",Leitura sensível a ruído; requer conferência adicional antes de decisão forte.,O território está próximo de pares vizinhos e pode oscilar no próximo ciclo.,"Verificar eventos recentes, pressão territorial e coerência com inteligência local antes da próxima atualização do ranking."
2026-06-04T20:48:29,2026-06-02,src/core/orchestrator.py:get_combined_risk,cities_general_top30,28,GENERAL SAMPAIO,GENERAL SAMPAIO,interior,cidade,15.85,baixo,36.4,muito baixa,55.0,moderada,0,0,14.0,59.0,0.0,0.0,46.7,0.0,0.0,0.0,-0.24,60.3,14,14,False,stable,Sinal neural do ST-GAT,59.0,Tensão territorial,0.0,Atividade recente e vizinhança,0.0,Sinal neural do ST-GAT: 59.0% | Tensão territorial: 0.0% | Atividade recente e vizinhança: 0.0%,"GENERAL SAMPAIO aparece na posição 28 de 69, com risco 15.8 e nível baixo; é território de atenção tática.","O peso principal vem de sinal neural do st-gat, com suporte territorial de 0.0% e 0 registros recentes na janela de 30 dias.",Leitura sensível a ruído; requer conferência adicional antes de decisão forte.,O território está próximo de pares vizinhos e pode oscilar no próximo ciclo.,"Verificar eventos recentes, pressão territorial e coerência com inteligência local antes da próxima atualização do ranking."
2026-06-04T20:48:29,2026-06-02,src/core/orchestrator.py:get_combined_risk,cities_general_top30,29,GRACA,GRACA,interior,cidade,15.85,baixo,36.4,muito baixa,54.1,moderada,0,0,14.0,59.0,0.0,0.0,46.7,0.0,0.0,0.0,-0.24,58.8,14,14,False,stable,Sinal neural do ST-GAT,59.0,Tensão territorial,0.0,Atividade recente e vizinhança,0.0,Sinal neural do ST-GAT: 59.0% | Tensão territorial: 0.0% | Atividade recente e vizinhança: 0.0%,"GRACA aparece na posição 29 de 69, com risco 15.8 e nível baixo; é território de atenção tática.","O peso principal vem de sinal neural do st-gat, com suporte territorial de 0.0% e 0 registros recentes na janela de 30 dias.",Leitura sensível a ruído; requer conferência adicional antes de decisão forte.,O território está próximo de pares vizinhos e pode oscilar no próximo ciclo.,"Verificar eventos recentes, pressão territorial e coerência com inteligência local antes da próxima atualização do ranking."
2026-06-04T20:48:29,2026-06-02,src/core/orchestrator.py:get_combined_risk,cities_general_top30,30,CARIRIACU,CARIRIACU,interior,cidade,15.85,baixo,36.4,muito baixa,53.3,moderada,0,0,14.0,59.0,0.0,0.0,46.7,0.0,0.0,0.0,-0.24,57.4,14,14,False,stable,Sinal neural do ST-GAT,59.0,Tensão territorial,0.0,Atividade recente e vizinhança,0.0,Sinal neural do ST-GAT: 59.0% | Tensão territorial: 0.0% | Atividade recente e vizinhança: 0.0%,"CARIRIACU aparece na posição 30 de 69, com risco 15.8 e nível baixo; é território de atenção tática.","O peso principal vem de sinal neural do st-gat, com suporte territorial de 0.0% e 0 registros recentes na janela de 30 dias.",Leitura sensível a ruído; requer conferência adicional antes de decisão forte.,O território está próximo de pares vizinhos e pode oscilar no próximo ciclo.,"Verificar eventos recentes, pressão territorial e coerência com inteligência local antes da próxima atualização do ranking."
2026-06-04T20:48:29,2026-06-02,src/core/orchestrator.py:get_combined_risk,cities_rmf_top20,1,MARACANAU,MARACANAU,rmf,cidade,85.33,crítico,53.9,muito baixa,93.5,muito alta,0,0,629.0,100.0,100.0,0.0,46.7,100.0,100.0,0.0,2.82,100.0,30,14,True,stable,Sinal neural do ST-GAT,100.0,Tensão territorial,100.0,Fallback histórico ativado,55.0,Sinal neural do ST-GAT: 100.0% | Tensão territorial: 100.0% | Fallback histórico ativado: 55.0%,"MARACANAU aparece na posição 1 de 19, com risco 85.3 e nível crítico; é prioridade imediata de acompanhamento.","O peso principal vem de sinal neural do st-gat, com suporte territorial de 100.0% e 0 registros recentes na janela de 30 dias.",Leitura mais fraca; parte do peso vem de fallback histórico e deve ser confirmada em campo.,O território está bem destacado no ranking frente aos pares.,"Verificar eventos recentes, pressão territorial e coerência com inteligência local antes da próxima atualização do ranking."
2026-06-04T20:48:29,2026-06-02,src/core/orchestrator.py:get_combined_risk,cities_rmf_top20,2,CAUCAIA,CAUCAIA,rmf,cidade,83.46,crítico,54.1,muito baixa,89.8,muito alta,0,0,611.0,96.2,100.0,0.0,46.7,100.0,100.0,0.0,2.74,94.4,30,14,True,stable,Tensão territorial,100.0,Sinal neural do ST-GAT,96.2,Fallback histórico ativado,55.0,Tensão territorial: 100.0% | Sinal neural do ST-GAT: 96.2% | Fallback histórico ativado: 55.0%,"CAUCAIA aparece na posição 2 de 19, com risco 83.5 e nível crítico; é prioridade imediata de acompanhamento.","O peso principal vem de tensão territorial, com suporte territorial de 100.0% e 0 registros recentes na janela de 30 dias.",Leitura mais fraca; parte do peso vem de fallback histórico e deve ser confirmada em campo.,O território está bem destacado no ranking frente aos pares.,"Verificar eventos recentes, pressão territorial e coerência com inteligência local antes da próxima atualização do ranking."
2026-06-04T20:48:29,2026-06-02,src/core/orchestrator.py:get_combined_risk,cities_rmf_top20,3,ITAITINGA,ITAITINGA,rmf,cidade,17.47,baixo,36.0,muito baixa,73.7,alta,0,1,26.0,4.3,0.0,0.0,46.7,50.0,15.0,50.0,0.08,88.9,30,14,True,stable,Fallback histórico ativado,55.0,CVLI recente na janela de 30 dias,20.0,Sinal neural do ST-GAT,4.3,Fallback histórico ativado: 55.0% | CVLI recente na janela de 30 dias: 20.0% | Sinal neural do ST-GAT: 4.3%,"ITAITINGA aparece na posição 3 de 19, com risco 17.5 e nível baixo; é prioridade imediata de acompanhamento.","O peso principal vem de fallback histórico ativado, com suporte territorial de 50.0% e 1 registros recentes na janela de 30 dias.",Leitura mais fraca; parte do peso vem de fallback histórico e deve ser confirmada em campo.,"O território se diferencia do bloco intermediário, mas sem isolamento absoluto.","Verificar eventos recentes, pressão territorial e coerência com inteligência local antes da próxima atualização do ranking."
2026-06-04T20:48:29,2026-06-02,src/core/orchestrator.py:get_combined_risk,cities_rmf_top20,4,PACATUBA,PACATUBA,rmf,cidade,16.97,baixo,47.1,muito baixa,70.3,alta,0,1,58.0,3.3,0.0,0.0,46.7,95.0,95.0,50.0,0.06,83.3,30,14,True,stable,Fallback histórico ativado,55.0,CVLI recente na janela de 30 dias,20.0,Sinal neural do ST-GAT,3.3,Fallback histórico ativado: 55.0% | CVLI recente na janela de 30 dias: 20.0% | Sinal neural do ST-GAT: 3.3%,"PACATUBA aparece na posição 4 de 19, com risco 17.0 e nível baixo; é prioridade imediata de acompanhamento.","O peso principal vem de fallback histórico ativado, com suporte territorial de 95.0% e 1 registros recentes na janela de 30 dias.",Leitura mais fraca; parte do peso vem de fallback histórico e deve ser confirmada em campo.,"O território se diferencia do bloco intermediário, mas sem isolamento absoluto.","Verificar eventos recentes, pressão territorial e coerência com inteligência local antes da próxima atualização do ranking."
2026-06-04T20:48:29,2026-06-02,src/core/orchestrator.py:get_combined_risk,cities_rmf_top20,5,HORIZONTE,HORIZONTE,rmf,cidade,15.37,baixo,43.0,muito baixa,66.6,moderada,0,0,128.0,0.1,0.0,0.0,46.7,100.0,100.0,0.0,-0.01,77.8,30,14,True,stable,Fallback histórico ativado,55.0,Sinal neural do ST-GAT,0.1,Tensão territorial,0.0,Fallback histórico ativado: 55.0% | Sinal neural do ST-GAT: 0.1% | Tensão territorial: 0.0%,"HORIZONTE aparece na posição 5 de 19, com risco 15.4 e nível baixo; é prioridade imediata de acompanhamento.","O peso principal vem de fallback histórico ativado, com suporte territorial de 100.0% e 0 registros recentes na janela de 30 dias.",Leitura mais fraca; parte do peso vem de fallback histórico e deve ser confirmada em campo.,O território está próximo de pares vizinhos e pode oscilar no próximo ciclo.,"Verificar eventos recentes, pressão territorial e coerência com inteligência local antes da próxima atualização do ranking."
2026-06-04T20:48:29,2026-06-02,src/core/orchestrator.py:get_combined_risk,cities_rmf_top20,6,PACAJUS,PACAJUS,rmf,cidade,15.34,baixo,43.0,muito baixa,63.3,moderada,0,0,104.0,0.0,0.0,0.0,46.7,100.0,100.0,0.0,-0.01,72.2,30,14,True,stable,Fallback histórico ativado,55.0,Sinal neural do ST-GAT,0.0,Tensão territorial,0.0,Fallback histórico ativado: 55.0% | Sinal neural do ST-GAT: 0.0% | Tensão territorial: 0.0%,"PACAJUS aparece na posição 6 de 19, com risco 15.3 e nível baixo; é prioridade alta de acompanhamento.","O peso principal vem de fallback histórico ativado, com suporte territorial de 100.0% e 0 registros recentes na janela de 30 dias.",Leitura mais fraca; parte do peso vem de fallback histórico e deve ser confirmada em campo.,O território está próximo de pares vizinhos e pode oscilar no próximo ciclo.,"Verificar eventos recentes, pressão territorial e coerência com inteligência local antes da próxima atualização do ranking."
2026-06-04T20:48:29,2026-06-02,src/core/orchestrator.py:get_combined_risk,cities_rmf_top20,7,PINDORETAMA,PINDORETAMA,rmf,cidade,15.34,baixo,31.8,muito baixa,60.0,moderada,0,0,42.0,0.0,0.0,0.0,46.7,55.0,55.0,0.0,-0.01,66.7,30,14,True,stable,Fallback histórico ativado,55.0,Sinal neural do ST-GAT,0.0,Tensão territorial,0.0,Fallback histórico ativado: 55.0% | Sinal neural do ST-GAT: 0.0% | Tensão territorial: 0.0%,"PINDORETAMA aparece na posição 7 de 19, com risco 15.3 e nível baixo; é prioridade alta de acompanhamento.","O peso principal vem de fallback histórico ativado, com suporte territorial de 55.0% e 0 registros recentes na janela de 30 dias.",Leitura mais fraca; parte do peso vem de fallback histórico e deve ser confirmada em campo.,O território está próximo de pares vizinhos e pode oscilar no próximo ciclo.,"Verificar eventos recentes, pressão territorial e coerência com inteligência local antes da próxima atualização do ranking."
2026-06-04T20:48:29,2026-06-02,src/core/orchestrator.py:get_combined_risk,cities_rmf_top20,8,EUSEBIO,EUSEBIO,rmf,cidade,15.34,baixo,27.4,muito baixa,56.6,moderada,0,0,35.0,0.0,0.0,0.0,46.7,37.5,37.5,0.0,-0.01,61.1,30,14,True,stable,Fallback histórico ativado,55.0,Sinal neural do ST-GAT,0.0,Tensão territorial,0.0,Fallback histórico ativado: 55.0% | Sinal neural do ST-GAT: 0.0% | Tensão territorial: 0.0%,"EUSEBIO aparece na posição 8 de 19, com risco 15.3 e nível baixo; é prioridade alta de acompanhamento.","O peso principal vem de fallback histórico ativado, com suporte territorial de 37.5% e 0 registros recentes na janela de 30 dias.",Leitura mais fraca; parte do peso vem de fallback histórico e deve ser confirmada em campo.,O território está próximo de pares vizinhos e pode oscilar no próximo ciclo.,"Verificar eventos recentes, pressão territorial e coerência com inteligência local antes da próxima atualização do ranking."
2026-06-04T20:48:29,2026-06-02,src/core/orchestrator.py:get_combined_risk,cities_rmf_top20,9,SAO LUIS DO CURU,SAO LUIS DO CURU,rmf,cidade,15.34,baixo,19.9,muito baixa,53.3,moderada,0,0,23.0,0.0,0.0,0.0,46.7,7.5,7.5,0.0,-0.01,55.6,30,14,True,stable,Fallback histórico ativado,55.0,Sinal neural do ST-GAT,0.0,Tensão territorial,0.0,Fallback histórico ativado: 55.0% | Sinal neural do ST-GAT: 0.0% | Tensão territorial: 0.0%,"SAO LUIS DO CURU aparece na posição 9 de 19, com risco 15.3 e nível baixo; é prioridade alta de acompanhamento.","O peso principal vem de fallback histórico ativado, com suporte territorial de 7.5% e 0 registros recentes na janela de 30 dias.",Leitura mais fraca; parte do peso vem de fallback histórico e deve ser confirmada em campo.,O território está próximo de pares vizinhos e pode oscilar no próximo ciclo.,"Verificar eventos recentes, pressão territorial e coerência com inteligência local antes da próxima atualização do ranking."
2026-06-04T20:48:29,2026-06-02,src/core/orchestrator.py:get_combined_risk,cities_rmf_top20,10,PARAIPABA,PARAIPABA,rmf,cidade,15.33,baixo,24.9,muito baixa,50.0,moderada,0,0,31.0,0.0,0.0,0.0,46.7,27.5,27.5,0.0,-0.01,50.0,30,14,True,stable,Fallback histórico ativado,55.0,Sinal neural do ST-GAT,0.0,Tensão territorial,0.0,Fallback histórico ativado: 55.0% | Sinal neural do ST-GAT: 0.0% | Tensão territorial: 0.0%,"PARAIPABA aparece na posição 10 de 19, com risco 15.3 e nível baixo; é prioridade alta de acompanhamento.","O peso principal vem de fallback histórico ativado, com suporte territorial de 27.5% e 0 registros recentes na janela de 30 dias.",Leitura mais fraca; parte do peso vem de fallback histórico e deve ser confirmada em campo.,O território está próximo de pares vizinhos e pode oscilar no próximo ciclo.,"Verificar eventos recentes, pressão territorial e coerência com inteligência local antes da próxima atualização do ranking."
2026-06-04T20:48:29,2026-06-02,src/core/orchestrator.py:get_combined_risk,cities_rmf_top20,11,AQUIRAZ,AQUIRAZ,rmf,cidade,0.0,baixo,18.0,muito baixa,43.6,baixa,0,0,20.0,0.0,0.0,0.0,46.7,0.0,0.0,0.0,-0.63,44.4,30,14,True,stable,Fallback histórico ativado,55.0,Sinal neural do ST-GAT,0.0,Tensão territorial,0.0,Fallback histórico ativado: 55.0% | Sinal neural do ST-GAT: 0.0% | Tensão territorial: 0.0%,"AQUIRAZ aparece na posição 11 de 19, com risco 0.0 e nível baixo; é território de atenção tática.","O peso principal vem de fallback histórico ativado, com suporte territorial de 0.0% e 0 registros recentes na janela de 30 dias.",Leitura mais fraca; parte do peso vem de fallback histórico e deve ser confirmada em campo.,O território está próximo de pares vizinhos e pode oscilar no próximo ciclo.,"Verificar eventos recentes, pressão territorial e coerência com inteligência local antes da próxima atualização do ranking."
2026-06-04T20:48:29,2026-06-02,src/core/orchestrator.py:get_combined_risk,cities_rmf_top20,12,PARACURU,PARACURU,rmf,cidade,0.0,baixo,18.0,muito baixa,40.3,baixa,0,0,19.0,0.0,0.0,0.0,46.7,0.0,0.0,0.0,-0.63,38.9,30,14,True,stable,Fallback histórico ativado,55.0,Sinal neural do ST-GAT,0.0,Tensão territorial,0.0,Fallback histórico ativado: 55.0% | Sinal neural do ST-GAT: 0.0% | Tensão territorial: 0.0%,"PARACURU aparece na posição 12 de 19, com risco 0.0 e nível baixo; é território de atenção tática.","O peso principal vem de fallback histórico ativado, com suporte territorial de 0.0% e 0 registros recentes na janela de 30 dias.",Leitura mais fraca; parte do peso vem de fallback histórico e deve ser confirmada em campo.,O território está próximo de pares vizinhos e pode oscilar no próximo ciclo.,"Verificar eventos recentes, pressão territorial e coerência com inteligência local antes da próxima atualização do ranking."
2026-06-04T20:48:29,2026-06-02,src/core/orchestrator.py:get_combined_risk,cities_rmf_top20,13,MARANGUAPE,MARANGUAPE,rmf,cidade,0.0,baixo,18.0,muito baixa,37.0,baixa,0,0,9.0,0.0,0.0,0.0,46.7,0.0,0.0,0.0,-0.63,33.3,30,14,True,stable,Fallback histórico ativado,55.0,Sinal neural do ST-GAT,0.0,Tensão territorial,0.0,Fallback histórico ativado: 55.0% | Sinal neural do ST-GAT: 0.0% | Tensão territorial: 0.0%,"MARANGUAPE aparece na posição 13 de 19, com risco 0.0 e nível baixo; é território de atenção tática.","O peso principal vem de fallback histórico ativado, com suporte territorial de 0.0% e 0 registros recentes na janela de 30 dias.",Leitura mais fraca; parte do peso vem de fallback histórico e deve ser confirmada em campo.,O território está próximo de pares vizinhos e pode oscilar no próximo ciclo.,"Verificar eventos recentes, pressão territorial e coerência com inteligência local antes da próxima atualização do ranking."
2026-06-04T20:48:29,2026-06-02,src/core/orchestrator.py:get_combined_risk,cities_rmf_top20,14,GUAIUBA,GUAIUBA,rmf,cidade,0.0,baixo,18.0,muito baixa,33.7,baixa,0,0,14.0,0.0,0.0,0.0,46.7,0.0,0.0,0.0,-0.63,27.8,30,14,True,stable,Fallback histórico ativado,55.0,Sinal neural do ST-GAT,0.0,Tensão territorial,0.0,Fallback histórico ativado: 55.0% | Sinal neural do ST-GAT: 0.0% | Tensão territorial: 0.0%,"GUAIUBA aparece na posição 14 de 19, com risco 0.0 e nível baixo; é território de atenção tática.","O peso principal vem de fallback histórico ativado, com suporte territorial de 0.0% e 0 registros recentes na janela de 30 dias.",Leitura mais fraca; parte do peso vem de fallback histórico e deve ser confirmada em campo.,O território está próximo de pares vizinhos e pode oscilar no próximo ciclo.,"Verificar eventos recentes, pressão territorial e coerência com inteligência local antes da próxima atualização do ranking."
2026-06-04T20:48:29,2026-06-02,src/core/orchestrator.py:get_combined_risk,cities_rmf_top20,15,TRAIRI,TRAIRI,rmf,cidade,0.0,baixo,63.9,baixa,30.3,baixa,0,5,17.0,8.5,0.0,0.0,46.7,100.0,0.0,100.0,-0.63,22.2,30,14,True,stable,CVLI recente na janela de 30 dias,100.0,Fallback histórico ativado,55.0,Sinal neural do ST-GAT,8.5,CVLI recente na janela de 30 dias: 100.0% | Fallback histórico ativado: 55.0% | Sinal neural do ST-GAT: 8.5%,"TRAIRI aparece na posição 15 de 19, com risco 0.0 e nível baixo; é território de atenção tática.","O peso principal vem de cvli recente na janela de 30 dias, com suporte territorial de 100.0% e 5 registros recentes na janela de 30 dias.",Leitura mais fraca; parte do peso vem de fallback histórico e deve ser confirmada em campo.,O território está próximo de pares vizinhos e pode oscilar no próximo ciclo.,"Verificar eventos recentes, pressão territorial e coerência com inteligência local antes da próxima atualização do ranking."
2026-06-04T20:48:29,2026-06-02,src/core/orchestrator.py:get_combined_risk,cities_rmf_top20,16,CHOROZINHO,CHOROZINHO,rmf,cidade,0.0,baixo,18.0,muito baixa,27.0,baixa,0,0,15.0,0.0,0.0,0.0,46.7,0.0,0.0,0.0,-0.63,16.7,30,14,True,stable,Fallback histórico ativado,55.0,Sinal neural do ST-GAT,0.0,Tensão territorial,0.0,Fallback histórico ativado: 55.0% | Sinal neural do ST-GAT: 0.0% | Tensão territorial: 0.0%,"CHOROZINHO aparece na posição 16 de 19, com risco 0.0 e nível baixo; é território de atenção tática.","O peso principal vem de fallback histórico ativado, com suporte territorial de 0.0% e 0 registros recentes na janela de 30 dias.",Leitura mais fraca; parte do peso vem de fallback histórico e deve ser confirmada em campo.,O território está próximo de pares vizinhos e pode oscilar no próximo ciclo.,"Verificar eventos recentes, pressão territorial e coerência com inteligência local antes da próxima atualização do ranking."
2026-06-04T20:48:29,2026-06-02,src/core/orchestrator.py:get_combined_risk,cities_rmf_top20,17,CASCAVEL,CASCAVEL,rmf,cidade,0.0,baixo,18.0,muito baixa,23.6,baixa,0,0,2.0,0.0,0.0,0.0,46.7,0.0,0.0,0.0,-0.63,11.1,30,14,True,stable,Fallback histórico ativado,55.0,Sinal neural do ST-GAT,0.0,Tensão territorial,0.0,Fallback histórico ativado: 55.0% | Sinal neural do ST-GAT: 0.0% | Tensão territorial: 0.0%,"CASCAVEL aparece na posição 17 de 19, com risco 0.0 e nível baixo; é território de atenção tática.","O peso principal vem de fallback histórico ativado, com suporte territorial de 0.0% e 0 registros recentes na janela de 30 dias.",Leitura mais fraca; parte do peso vem de fallback histórico e deve ser confirmada em campo.,O território está próximo de pares vizinhos e pode oscilar no próximo ciclo.,"Verificar eventos recentes, pressão territorial e coerência com inteligência local antes da próxima atualização do ranking."
2026-06-04T20:48:29,2026-06-02,src/core/orchestrator.py:get_combined_risk,cities_rmf_top20,18,SAO GONCALO DO AMARANTE,SAO GONCALO DO AMARANTE,rmf,cidade,0.0,baixo,18.0,muito baixa,20.3,baixa,0,0,1.0,0.0,0.0,0.0,46.7,0.0,0.0,0.0,-0.63,5.6,30,14,True,stable,Fallback histórico ativado,55.0,Sinal neural do ST-GAT,0.0,Tensão territorial,0.0,Fallback histórico ativado: 55.0% | Sinal neural do ST-GAT: 0.0% | Tensão territorial: 0.0%,"SAO GONCALO DO AMARANTE aparece na posição 18 de 19, com risco 0.0 e nível baixo; é território de atenção tática.","O peso principal vem de fallback histórico ativado, com suporte territorial de 0.0% e 0 registros recentes na janela de 30 dias.",Leitura mais fraca; parte do peso vem de fallback histórico e deve ser confirmada em campo.,O território está próximo de pares vizinhos e pode oscilar no próximo ciclo.,"Verificar eventos recentes, pressão territorial e coerência com inteligência local antes da próxima atualização do ranking."
2026-06-04T20:48:29,2026-06-02,src/core/orchestrator.py:get_combined_risk,cities_rmf_top20,19,BEBERIBE,BEBERIBE,rmf,cidade,0.0,baixo,18.0,muito baixa,17.0,baixa,0,0,1.0,0.0,0.0,0.0,46.7,0.0,0.0,0.0,-0.63,0.0,30,14,True,stable,Fallback histórico ativado,55.0,Sinal neural do ST-GAT,0.0,Tensão territorial,0.0,Fallback histórico ativado: 55.0% | Sinal neural do ST-GAT: 0.0% | Tensão territorial: 0.0%,"BEBERIBE aparece na posição 19 de 19, com risco 0.0 e nível baixo; é território de atenção tática.","O peso principal vem de fallback histórico ativado, com suporte territorial de 0.0% e 0 registros recentes na janela de 30 dias.",Leitura mais fraca; parte do peso vem de fallback histórico e deve ser confirmada em campo.,O território está próximo de pares vizinhos e pode oscilar no próximo ciclo.,"Verificar eventos recentes, pressão territorial e coerência com inteligência local antes da próxima atualização do ranking."
2026-06-04T20:48:29,2026-06-02,src/core/orchestrator.py:get_combined_risk,cities_interior_top30,1,ITAPAJE,ITAPAJE,interior,cidade,65.95,alto,88.4,alta,99.6,muito alta,3,3,45.0,53.6,100.0,100.0,30.0,100.0,62.5,100.0,4.08,100.0,14,14,False,stable,Atividade recente e vizinhança,100.0,Tensão territorial,100.0,CVLI recente na janela de 30 dias,60.0,Atividade recente e vizinhança: 100.0% | Tensão territorial: 100.0% | CVLI recente na janela de 30 dias: 60.0%,"ITAPAJE aparece na posição 1 de 50, com risco 66.0 e nível alto; é prioridade imediata de acompanhamento.","O peso principal vem de atividade recente e vizinhança, com suporte territorial de 100.0% e 3 registros recentes na janela de 30 dias.",Leitura com boa sustentação dos sinais atuais.,O território está bem destacado no ranking frente aos pares.,"Verificar eventos recentes, pressão territorial e coerência com inteligência local antes da próxima atualização do ranking."
2026-06-04T20:48:29,2026-06-02,src/core/orchestrator.py:get_combined_risk,cities_interior_top30,2,GROAIRAS,GROAIRAS,interior,cidade,52.7,alto,78.8,moderada,92.6,muito alta,1,1,48.0,82.8,100.0,50.0,43.3,100.0,70.0,100.0,2.87,98.0,14,14,False,stable,Tensão territorial,100.0,Sinal neural do ST-GAT,82.8,Atividade recente e vizinhança,50.0,Tensão territorial: 100.0% | Sinal neural do ST-GAT: 82.8% | Atividade recente e vizinhança: 50.0%,"GROAIRAS aparece na posição 2 de 50, com risco 52.7 e nível alto; é prioridade imediata de acompanhamento.","O peso principal vem de tensão territorial, com suporte territorial de 100.0% e 1 registros recentes na janela de 30 dias.","Leitura consistente, mas ainda pede validação operacional pontual.",O território está bem destacado no ranking frente aos pares.,"Verificar eventos recentes, pressão territorial e coerência com inteligência local antes da próxima atualização do ranking."
2026-06-04T20:48:29,2026-06-02,src/core/orchestrator.py:get_combined_risk,cities_interior_top30,3,TIANGUA,TIANGUA,interior,cidade,40.71,moderado,77.1,moderada,86.1,muito alta,1,1,77.0,39.9,100.0,50.0,46.7,100.0,100.0,100.0,1.78,95.9,14,14,False,stable,Tensão territorial,100.0,Atividade recente e vizinhança,50.0,Sinal neural do ST-GAT,39.9,Tensão territorial: 100.0% | Atividade recente e vizinhança: 50.0% | Sinal neural do ST-GAT: 39.9%,"TIANGUA aparece na posição 3 de 50, com risco 40.7 e nível moderado; é prioridade imediata de acompanhamento.","O peso principal vem de tensão territorial, com suporte territorial de 100.0% e 1 registros recentes na janela de 30 dias.","Leitura consistente, mas ainda pede validação operacional pontual.",O território está bem destacado no ranking frente aos pares.,"Verificar eventos recentes, pressão territorial e coerência com inteligência local antes da próxima atualização do ranking."
2026-06-04T20:48:29,2026-06-02,src/core/orchestrator.py:get_combined_risk,cities_interior_top30,4,VARZEA ALEGRE,VARZEA ALEGRE,interior,cidade,38.31,moderado,76.3,moderada,83.8,alta,1,1,16.0,31.0,100.0,50.0,46.7,100.0,0.0,100.0,1.56,93.9,14,14,False,stable,Tensão territorial,100.0,Atividade recente e vizinhança,50.0,Sinal neural do ST-GAT,31.0,Tensão territorial: 100.0% | Atividade recente e vizinhança: 50.0% | Sinal neural do ST-GAT: 31.0%,"VARZEA ALEGRE aparece na posição 4 de 50, com risco 38.3 e nível moderado; é prioridade imediata de acompanhamento.","O peso principal vem de tensão territorial, com suporte territorial de 100.0% e 1 registros recentes na janela de 30 dias.","Leitura consistente, mas ainda pede validação operacional pontual.","O território se diferencia do bloco intermediário, mas sem isolamento absoluto.","Verificar eventos recentes, pressão territorial e coerência com inteligência local antes da próxima atualização do ranking."
2026-06-04T20:48:29,2026-06-02,src/core/orchestrator.py:get_combined_risk,cities_interior_top30,5,SOBRAL,SOBRAL,interior,cidade,36.83,moderado,65.9,baixa,81.9,alta,0,0,64.0,100.0,100.0,0.0,46.7,100.0,100.0,0.0,1.42,91.8,14,14,False,stable,Sinal neural do ST-GAT,100.0,Tensão territorial,100.0,Atividade recente e vizinhança,0.0,Sinal neural do ST-GAT: 100.0% | Tensão territorial: 100.0% | Atividade recente e vizinhança: 0.0%,"SOBRAL aparece na posição 5 de 50, com risco 36.8 e nível moderado; é prioridade imediata de acompanhamento.","O peso principal vem de sinal neural do st-gat, com suporte territorial de 100.0% e 0 registros recentes na janela de 30 dias.",Leitura sensível a ruído; requer conferência adicional antes de decisão forte.,"O território se diferencia do bloco intermediário, mas sem isolamento absoluto.","Verificar eventos recentes, pressão territorial e coerência com inteligência local antes da próxima atualização do ranking."
2026-06-04T20:48:29,2026-06-02,src/core/orchestrator.py:get_combined_risk,cities_interior_top30,6,ALTO SANTO,ALTO SANTO,interior,cidade,35.22,moderado,75.0,moderada,80.0,alta,1,1,22.0,19.5,100.0,50.0,46.7,100.0,5.0,100.0,1.28,89.8,14,14,False,stable,Tensão territorial,100.0,Atividade recente e vizinhança,50.0,CVLI recente na janela de 30 dias,20.0,Tensão territorial: 100.0% | Atividade recente e vizinhança: 50.0% | CVLI recente na janela de 30 dias: 20.0%,"ALTO SANTO aparece na posição 6 de 50, com risco 35.2 e nível moderado; é prioridade alta de acompanhamento.","O peso principal vem de tensão territorial, com suporte territorial de 100.0% e 1 registros recentes na janela de 30 dias.","Leitura consistente, mas ainda pede validação operacional pontual.","O território se diferencia do bloco intermediário, mas sem isolamento absoluto.","Verificar eventos recentes, pressão territorial e coerência com inteligência local antes da próxima atualização do ranking."
2026-06-04T20:48:29,2026-06-02,src/core/orchestrator.py:get_combined_risk,cities_interior_top30,7,LIMOEIRO DO NORTE,LIMOEIRO DO NORTE,interior,cidade,27.91,baixo,53.3,muito baixa,75.6,alta,0,0,40.0,85.4,50.0,0.0,46.7,50.0,50.0,0.0,0.61,87.8,14,14,False,stable,Sinal neural do ST-GAT,85.4,Tensão territorial,50.0,Atividade recente e vizinhança,0.0,Sinal neural do ST-GAT: 85.4% | Tensão territorial: 50.0% | Atividade recente e vizinhança: 0.0%,"LIMOEIRO DO NORTE aparece na posição 7 de 50, com risco 27.9 e nível baixo; é prioridade alta de acompanhamento.","O peso principal vem de sinal neural do st-gat, com suporte territorial de 50.0% e 0 registros recentes na janela de 30 dias.",Leitura sensível a ruído; requer conferência adicional antes de decisão forte.,"O território se diferencia do bloco intermediário, mas sem isolamento absoluto.","Verificar eventos recentes, pressão territorial e coerência com inteligência local antes da próxima atualização do ranking."
2026-06-04T20:48:29,2026-06-02,src/core/orchestrator.py:get_combined_risk,cities_interior_top30,8,URUBURETAMA,URUBURETAMA,interior,cidade,27.5,baixo,43.2,muito baixa,74.2,alta,0,0,23.0,99.7,7.5,0.0,46.7,7.5,7.5,0.0,0.57,85.7,14,14,False,stable,Sinal neural do ST-GAT,99.7,Tensão territorial,7.5,Atividade recente e vizinhança,0.0,Sinal neural do ST-GAT: 99.7% | Tensão territorial: 7.5% | Atividade recente e vizinhança: 0.0%,"URUBURETAMA aparece na posição 8 de 50, com risco 27.5 e nível baixo; é prioridade alta de acompanhamento.","O peso principal vem de sinal neural do st-gat, com suporte territorial de 7.5% e 0 registros recentes na janela de 30 dias.",Leitura sensível a ruído; requer conferência adicional antes de decisão forte.,"O território se diferencia do bloco intermediário, mas sem isolamento absoluto.","Verificar eventos recentes, pressão territorial e coerência com inteligência local antes da próxima atualização do ranking."
2026-06-04T20:48:29,2026-06-02,src/core/orchestrator.py:get_combined_risk,cities_interior_top30,9,FORQUILHA,FORQUILHA,interior,cidade,26.83,baixo,40.9,muito baixa,72.7,alta,0,0,12.0,100.0,0.0,0.0,46.7,0.0,0.0,0.0,0.51,83.7,14,14,False,stable,Sinal neural do ST-GAT,100.0,Tensão territorial,0.0,Atividade recente e vizinhança,0.0,Sinal neural do ST-GAT: 100.0% | Tensão territorial: 0.0% | Atividade recente e vizinhança: 0.0%,"FORQUILHA aparece na posição 9 de 50, com risco 26.8 e nível baixo; é prioridade alta de acompanhamento.","O peso principal vem de sinal neural do st-gat, com suporte territorial de 0.0% e 0 registros recentes na janela de 30 dias.",Leitura sensível a ruído; requer conferência adicional antes de decisão forte.,"O território se diferencia do bloco intermediário, mas sem isolamento absoluto.","Verificar eventos recentes, pressão territorial e coerência com inteligência local antes da próxima atualização do ranking."
2026-06-04T20:48:29,2026-06-02,src/core/orchestrator.py:get_combined_risk,cities_interior_top30,10,MIRAIMA,MIRAIMA,interior,cidade,26.75,baixo,40.8,muito baixa,71.4,alta,0,0,15.0,99.7,0.0,0.0,46.7,0.0,0.0,0.0,0.5,81.6,14,14,False,stable,Sinal neural do ST-GAT,99.7,Tensão territorial,0.0,Atividade recente e vizinhança,0.0,Sinal neural do ST-GAT: 99.7% | Tensão territorial: 0.0% | Atividade recente e vizinhança: 0.0%,"MIRAIMA aparece na posição 10 de 50, com risco 26.8 e nível baixo; é prioridade alta de acompanhamento.","O peso principal vem de sinal neural do st-gat, com suporte territorial de 0.0% e 0 registros recentes na janela de 30 dias.",Leitura sensível a ruído; requer conferência adicional antes de decisão forte.,"O território se diferencia do bloco intermediário, mas sem isolamento absoluto.","Verificar eventos recentes, pressão territorial e coerência com inteligência local antes da próxima atualização do ranking."
2026-06-04T20:48:29,2026-06-02,src/core/orchestrator.py:get_combined_risk,cities_interior_top30,11,SANTANA DO ACARAU,SANTANA DO ACARAU,interior,cidade,26.75,baixo,40.8,muito baixa,70.2,alta,0,0,9.0,99.7,0.0,0.0,46.7,0.0,0.0,0.0,0.5,79.6,14,14,False,stable,Sinal neural do ST-GAT,99.7,Tensão territorial,0.0,Atividade recente e vizinhança,0.0,Sinal neural do ST-GAT: 99.7% | Tensão territorial: 0.0% | Atividade recente e vizinhança: 0.0%,"SANTANA DO ACARAU aparece na posição 11 de 50, com risco 26.8 e nível baixo; é território de atenção tática.","O peso principal vem de sinal neural do st-gat, com suporte territorial de 0.0% e 0 registros recentes na janela de 30 dias.",Leitura sensível a ruído; requer conferência adicional antes de decisão forte.,"O território se diferencia do bloco intermediário, mas sem isolamento absoluto.","Verificar eventos recentes, pressão territorial e coerência com inteligência local antes da próxima atualização do ranking."
2026-06-04T20:48:29,2026-06-02,src/core/orchestrator.py:get_combined_risk,cities_interior_top30,12,ACOPIARA,ACOPIARA,interior,cidade,26.73,baixo,40.8,muito baixa,69.0,moderada,0,0,14.0,99.6,0.0,0.0,46.7,0.0,0.0,0.0,0.5,77.6,14,14,False,stable,Sinal neural do ST-GAT,99.6,Tensão territorial,0.0,Atividade recente e vizinhança,0.0,Sinal neural do ST-GAT: 99.6% | Tensão territorial: 0.0% | Atividade recente e vizinhança: 0.0%,"ACOPIARA aparece na posição 12 de 50, com risco 26.7 e nível baixo; é território de atenção tática.","O peso principal vem de sinal neural do st-gat, com suporte territorial de 0.0% e 0 registros recentes na janela de 30 dias.",Leitura sensível a ruído; requer conferência adicional antes de decisão forte.,O território está próximo de pares vizinhos e pode oscilar no próximo ciclo.,"Verificar eventos recentes, pressão territorial e coerência com inteligência local antes da próxima atualização do ranking."
2026-06-04T20:48:29,2026-06-02,src/core/orchestrator.py:get_combined_risk,cities_interior_top30,13,CEDRO,CEDRO,interior,cidade,26.73,baixo,40.8,muito baixa,67.7,moderada,0,0,10.0,99.6,0.0,0.0,46.7,0.0,0.0,0.0,0.5,75.5,14,14,False,stable,Sinal neural do ST-GAT,99.6,Tensão territorial,0.0,Atividade recente e vizinhança,0.0,Sinal neural do ST-GAT: 99.6% | Tensão territorial: 0.0% | Atividade recente e vizinhança: 0.0%,"CEDRO aparece na posição 13 de 50, com risco 26.7 e nível baixo; é território de atenção tática.","O peso principal vem de sinal neural do st-gat, com suporte territorial de 0.0% e 0 registros recentes na janela de 30 dias.",Leitura sensível a ruído; requer conferência adicional antes de decisão forte.,O território está próximo de pares vizinhos e pode oscilar no próximo ciclo.,"Verificar eventos recentes, pressão territorial e coerência com inteligência local antes da próxima atualização do ranking."
2026-06-04T20:48:29,2026-06-02,src/core/orchestrator.py:get_combined_risk,cities_interior_top30,14,IGUATU,IGUATU,interior,cidade,25.85,baixo,67.7,baixa,66.1,moderada,0,0,81.0,59.0,100.0,0.0,46.7,100.0,100.0,0.0,0.42,73.5,14,14,False,stable,Tensão territorial,100.0,Sinal neural do ST-GAT,59.0,Atividade recente e vizinhança,0.0,Tensão territorial: 100.0% | Sinal neural do ST-GAT: 59.0% | Atividade recente e vizinhança: 0.0%,"IGUATU aparece na posição 14 de 50, com risco 25.9 e nível baixo; é território de atenção tática.","O peso principal vem de tensão territorial, com suporte territorial de 100.0% e 0 registros recentes na janela de 30 dias.",Leitura sensível a ruído; requer conferência adicional antes de decisão forte.,O território está próximo de pares vizinhos e pode oscilar no próximo ciclo.,"Verificar eventos recentes, pressão territorial e coerência com inteligência local antes da próxima atualização do ranking."
2026-06-04T20:48:29,2026-06-02,src/core/orchestrator.py:get_combined_risk,cities_interior_top30,15,BATURITE,BATURITE,interior,cidade,25.85,baixo,67.7,baixa,64.9,moderada,0,0,62.0,59.0,100.0,0.0,46.7,100.0,100.0,0.0,0.42,71.4,14,14,False,stable,Tensão territorial,100.0,Sinal neural do ST-GAT,59.0,Atividade recente e vizinhança,0.0,Tensão territorial: 100.0% | Sinal neural do ST-GAT: 59.0% | Atividade recente e vizinhança: 0.0%,"BATURITE aparece na posição 15 de 50, com risco 25.9 e nível baixo; é território de atenção tática.","O peso principal vem de tensão territorial, com suporte territorial de 100.0% e 0 registros recentes na janela de 30 dias.",Leitura sensível a ruído; requer conferência adicional antes de decisão forte.,O território está próximo de pares vizinhos e pode oscilar no próximo ciclo.,"Verificar eventos recentes, pressão territorial e coerência com inteligência local antes da próxima atualização do ranking."
2026-06-04T20:48:29,2026-06-02,src/core/orchestrator.py:get_combined_risk,cities_interior_top30,16,JUAZEIRO DO NORTE,JUAZEIRO DO NORTE,interior,cidade,25.39,baixo,67.7,baixa,63.5,moderada,0,0,135.0,57.3,100.0,0.0,46.7,100.0,100.0,0.0,0.38,69.4,14,14,False,stable,Tensão territorial,100.0,Sinal neural do ST-GAT,57.3,Atividade recente e vizinhança,0.0,Tensão territorial: 100.0% | Sinal neural do ST-GAT: 57.3% | Atividade recente e vizinhança: 0.0%,"JUAZEIRO DO NORTE aparece na posição 16 de 50, com risco 25.4 e nível baixo; é território de atenção tática.","O peso principal vem de tensão territorial, com suporte territorial de 100.0% e 0 registros recentes na janela de 30 dias.",Leitura sensível a ruído; requer conferência adicional antes de decisão forte.,O território está próximo de pares vizinhos e pode oscilar no próximo ciclo.,"Verificar eventos recentes, pressão territorial e coerência com inteligência local antes da próxima atualização do ranking."
2026-06-04T20:48:29,2026-06-02,src/core/orchestrator.py:get_combined_risk,cities_interior_top30,17,JIJOCA DE JERICOACOARA,JIJOCA DE JERICOACOARA,interior,cidade,24.6,baixo,40.0,muito baixa,61.8,moderada,0,0,18.0,91.7,0.0,0.0,46.7,0.0,0.0,0.0,0.31,67.3,14,14,False,stable,Sinal neural do ST-GAT,91.7,Tensão territorial,0.0,Atividade recente e vizinhança,0.0,Sinal neural do ST-GAT: 91.7% | Tensão territorial: 0.0% | Atividade recente e vizinhança: 0.0%,"JIJOCA DE JERICOACOARA aparece na posição 17 de 50, com risco 24.6 e nível baixo; é território de atenção tática.","O peso principal vem de sinal neural do st-gat, com suporte territorial de 0.0% e 0 registros recentes na janela de 30 dias.",Leitura sensível a ruído; requer conferência adicional antes de decisão forte.,O território está próximo de pares vizinhos e pode oscilar no próximo ciclo.,"Verificar eventos recentes, pressão territorial e coerência com inteligência local antes da próxima atualização do ranking."
2026-06-04T20:48:29,2026-06-02,src/core/orchestrator.py:get_combined_risk,cities_interior_top30,18,POTENGI,POTENGI,interior,cidade,20.0,baixo,65.4,baixa,58.6,moderada,1,1,6.0,0.0,0.0,50.0,46.7,100.0,0.0,100.0,-0.11,65.3,14,14,False,stable,Atividade recente e vizinhança,50.0,CVLI recente na janela de 30 dias,20.0,Sinal neural do ST-GAT,0.0,Atividade recente e vizinhança: 50.0% | CVLI recente na janela de 30 dias: 20.0% | Sinal neural do ST-GAT: 0.0%,"POTENGI aparece na posição 18 de 50, com risco 20.0 e nível baixo; é território de atenção tática.","O peso principal vem de atividade recente e vizinhança, com suporte territorial de 100.0% e 1 registros recentes na janela de 30 dias.",Leitura sensível a ruído; requer conferência adicional antes de decisão forte.,O território está próximo de pares vizinhos e pode oscilar no próximo ciclo.,"Verificar eventos recentes, pressão territorial e coerência com inteligência local antes da próxima atualização do ranking."
2026-06-04T20:48:29,2026-06-02,src/core/orchestrator.py:get_combined_risk,cities_interior_top30,19,ARATUBA,ARATUBA,interior,cidade,18.85,baixo,45.0,muito baixa,56.9,moderada,0,0,32.0,59.0,30.0,0.0,46.7,30.0,30.0,0.0,-0.22,63.3,14,14,False,stable,Sinal neural do ST-GAT,59.0,Tensão territorial,30.0,Atividade recente e vizinhança,0.0,Sinal neural do ST-GAT: 59.0% | Tensão territorial: 30.0% | Atividade recente e vizinhança: 0.0%,"ARATUBA aparece na posição 19 de 50, com risco 18.9 e nível baixo; é território de atenção tática.","O peso principal vem de sinal neural do st-gat, com suporte territorial de 30.0% e 0 registros recentes na janela de 30 dias.",Leitura sensível a ruído; requer conferência adicional antes de decisão forte.,O território está próximo de pares vizinhos e pode oscilar no próximo ciclo.,"Verificar eventos recentes, pressão territorial e coerência com inteligência local antes da próxima atualização do ranking."
2026-06-04T20:48:29,2026-06-02,src/core/orchestrator.py:get_combined_risk,cities_interior_top30,20,CRATO,CRATO,interior,cidade,18.8,baixo,37.6,muito baixa,55.6,moderada,0,0,6.0,70.0,0.0,0.0,46.7,0.0,0.0,0.0,-0.22,61.2,14,14,False,stable,Sinal neural do ST-GAT,70.0,Tensão territorial,0.0,Atividade recente e vizinhança,0.0,Sinal neural do ST-GAT: 70.0% | Tensão territorial: 0.0% | Atividade recente e vizinhança: 0.0%,"CRATO aparece na posição 20 de 50, com risco 18.8 e nível baixo; é território de atenção tática.","O peso principal vem de sinal neural do st-gat, com suporte territorial de 0.0% e 0 registros recentes na janela de 30 dias.",Leitura sensível a ruído; requer conferência adicional antes de decisão forte.,O território está próximo de pares vizinhos e pode oscilar no próximo ciclo.,"Verificar eventos recentes, pressão territorial e coerência com inteligência local antes da próxima atualização do ranking."
2026-06-04T20:48:29,2026-06-02,src/core/orchestrator.py:get_combined_risk,cities_interior_top30,21,NOVA OLINDA,NOVA OLINDA,interior,cidade,16.6,baixo,38.8,muito baixa,53.5,moderada,0,0,23.0,59.0,7.5,0.0,46.7,7.5,7.5,0.0,-0.42,59.2,14,14,False,stable,Sinal neural do ST-GAT,59.0,Tensão territorial,7.5,Atividade recente e vizinhança,0.0,Sinal neural do ST-GAT: 59.0% | Tensão territorial: 7.5% | Atividade recente e vizinhança: 0.0%,"NOVA OLINDA aparece na posição 21 de 50, com risco 16.6 e nível baixo; é território de atenção tática.","O peso principal vem de sinal neural do st-gat, com suporte territorial de 7.5% e 0 registros recentes na janela de 30 dias.",Leitura sensível a ruído; requer conferência adicional antes de decisão forte.,O território está próximo de pares vizinhos e pode oscilar no próximo ciclo.,"Verificar eventos recentes, pressão territorial e coerência com inteligência local antes da próxima atualização do ranking."
2026-06-04T20:48:29,2026-06-02,src/core/orchestrator.py:get_combined_risk,cities_interior_top30,22,VICOSA DO CEARA,VICOSA DO CEARA,interior,cidade,16.35,baixo,38.0,muito baixa,52.1,moderada,0,0,22.0,59.0,5.0,0.0,46.7,5.0,5.0,0.0,-0.45,57.1,14,14,False,stable,Sinal neural do ST-GAT,59.0,Tensão territorial,5.0,Atividade recente e vizinhança,0.0,Sinal neural do ST-GAT: 59.0% | Tensão territorial: 5.0% | Atividade recente e vizinhança: 0.0%,"VICOSA DO CEARA aparece na posição 22 de 50, com risco 16.4 e nível baixo; é território de atenção tática.","O peso principal vem de sinal neural do st-gat, com suporte territorial de 5.0% e 0 registros recentes na janela de 30 dias.",Leitura sensível a ruído; requer conferência adicional antes de decisão forte.,O território está próximo de pares vizinhos e pode oscilar no próximo ciclo.,"Verificar eventos recentes, pressão territorial e coerência com inteligência local antes da próxima atualização do ranking."
2026-06-04T20:48:29,2026-06-02,src/core/orchestrator.py:get_combined_risk,cities_interior_top30,23,CAPISTRANO,CAPISTRANO,interior,cidade,16.1,baixo,37.2,muito baixa,50.8,moderada,0,0,21.0,59.0,2.5,0.0,46.7,2.5,2.5,0.0,-0.47,55.1,14,14,False,stable,Sinal neural do ST-GAT,59.0,Tensão territorial,2.5,Atividade recente e vizinhança,0.0,Sinal neural do ST-GAT: 59.0% | Tensão territorial: 2.5% | Atividade recente e vizinhança: 0.0%,"CAPISTRANO aparece na posição 23 de 50, com risco 16.1 e nível baixo; é território de atenção tática.","O peso principal vem de sinal neural do st-gat, com suporte territorial de 2.5% e 0 registros recentes na janela de 30 dias.",Leitura sensível a ruído; requer conferência adicional antes de decisão forte.,O território está próximo de pares vizinhos e pode oscilar no próximo ciclo.,"Verificar eventos recentes, pressão territorial e coerência com inteligência local antes da próxima atualização do ranking."
2026-06-04T20:48:29,2026-06-02,src/core/orchestrator.py:get_combined_risk,cities_interior_top30,24,GENERAL SAMPAIO,GENERAL SAMPAIO,interior,cidade,15.85,baixo,36.4,muito baixa,49.5,baixa,0,0,14.0,59.0,0.0,0.0,46.7,0.0,0.0,0.0,-0.49,53.1,14,14,False,stable,Sinal neural do ST-GAT,59.0,Tensão territorial,0.0,Atividade recente e vizinhança,0.0,Sinal neural do ST-GAT: 59.0% | Tensão territorial: 0.0% | Atividade recente e vizinhança: 0.0%,"GENERAL SAMPAIO aparece na posição 24 de 50, com risco 15.8 e nível baixo; é território de atenção tática.","O peso principal vem de sinal neural do st-gat, com suporte territorial de 0.0% e 0 registros recentes na janela de 30 dias.",Leitura sensível a ruído; requer conferência adicional antes de decisão forte.,O território está próximo de pares vizinhos e pode oscilar no próximo ciclo.,"Verificar eventos recentes, pressão territorial e coerência com inteligência local antes da próxima atualização do ranking."
2026-06-04T20:48:29,2026-06-02,src/core/orchestrator.py:get_combined_risk,cities_interior_top30,25,GRACA,GRACA,interior,cidade,15.85,baixo,36.4,muito baixa,48.2,baixa,0,0,14.0,59.0,0.0,0.0,46.7,0.0,0.0,0.0,-0.49,51.0,14,14,False,stable,Sinal neural do ST-GAT,59.0,Tensão territorial,0.0,Atividade recente e vizinhança,0.0,Sinal neural do ST-GAT: 59.0% | Tensão territorial: 0.0% | Atividade recente e vizinhança: 0.0%,"GRACA aparece na posição 25 de 50, com risco 15.8 e nível baixo; é território de atenção tática.","O peso principal vem de sinal neural do st-gat, com suporte territorial de 0.0% e 0 registros recentes na janela de 30 dias.",Leitura sensível a ruído; requer conferência adicional antes de decisão forte.,O território está próximo de pares vizinhos e pode oscilar no próximo ciclo.,"Verificar eventos recentes, pressão territorial e coerência com inteligência local antes da próxima atualização do ranking."
2026-06-04T20:48:29,2026-06-02,src/core/orchestrator.py:get_combined_risk,cities_interior_top30,26,CARIRIACU,CARIRIACU,interior,cidade,15.85,baixo,36.4,muito baixa,47.0,baixa,0,0,14.0,59.0,0.0,0.0,46.7,0.0,0.0,0.0,-0.49,49.0,14,14,False,stable,Sinal neural do ST-GAT,59.0,Tensão territorial,0.0,Atividade recente e vizinhança,0.0,Sinal neural do ST-GAT: 59.0% | Tensão territorial: 0.0% | Atividade recente e vizinhança: 0.0%,"CARIRIACU aparece na posição 26 de 50, com risco 15.8 e nível baixo; é território de atenção tática.","O peso principal vem de sinal neural do st-gat, com suporte territorial de 0.0% e 0 registros recentes na janela de 30 dias.",Leitura sensível a ruído; requer conferência adicional antes de decisão forte.,O território está próximo de pares vizinhos e pode oscilar no próximo ciclo.,"Verificar eventos recentes, pressão territorial e coerência com inteligência local antes da próxima atualização do ranking."
2026-06-04T20:48:29,2026-06-02,src/core/orchestrator.py:get_combined_risk,cities_interior_top30,27,ACARAPE,ACARAPE,interior,cidade,15.85,baixo,36.4,muito baixa,45.8,baixa,0,0,11.0,59.0,0.0,0.0,46.7,0.0,0.0,0.0,-0.49,46.9,14,14,False,stable,Sinal neural do ST-GAT,59.0,Tensão territorial,0.0,Atividade recente e vizinhança,0.0,Sinal neural do ST-GAT: 59.0% | Tensão territorial: 0.0% | Atividade recente e vizinhança: 0.0%,"ACARAPE aparece na posição 27 de 50, com risco 15.8 e nível baixo; é território de atenção tática.","O peso principal vem de sinal neural do st-gat, com suporte territorial de 0.0% e 0 registros recentes na janela de 30 dias.",Leitura sensível a ruído; requer conferência adicional antes de decisão forte.,O território está próximo de pares vizinhos e pode oscilar no próximo ciclo.,"Verificar eventos recentes, pressão territorial e coerência com inteligência local antes da próxima atualização do ranking."
2026-06-04T20:48:29,2026-06-02,src/core/orchestrator.py:get_combined_risk,cities_interior_top30,28,ITAPIUNA,ITAPIUNA,interior,cidade,15.85,baixo,36.4,muito baixa,44.6,baixa,0,0,20.0,59.0,0.0,0.0,46.7,0.0,0.0,0.0,-0.49,44.9,14,14,False,stable,Sinal neural do ST-GAT,59.0,Tensão territorial,0.0,Atividade recente e vizinhança,0.0,Sinal neural do ST-GAT: 59.0% | Tensão territorial: 0.0% | Atividade recente e vizinhança: 0.0%,"ITAPIUNA aparece na posição 28 de 50, com risco 15.8 e nível baixo; é território de atenção tática.","O peso principal vem de sinal neural do st-gat, com suporte territorial de 0.0% e 0 registros recentes na janela de 30 dias.",Leitura sensível a ruído; requer conferência adicional antes de decisão forte.,O território está próximo de pares vizinhos e pode oscilar no próximo ciclo.,"Verificar eventos recentes, pressão territorial e coerência com inteligência local antes da próxima atualização do ranking."
2026-06-04T20:48:29,2026-06-02,src/core/orchestrator.py:get_combined_risk,cities_interior_top30,29,OROS,OROS,interior,cidade,15.85,baixo,36.4,muito baixa,43.4,baixa,0,0,13.0,59.0,0.0,0.0,46.7,0.0,0.0,0.0,-0.49,42.9,14,14,False,stable,Sinal neural do ST-GAT,59.0,Tensão territorial,0.0,Atividade recente e vizinhança,0.0,Sinal neural do ST-GAT: 59.0% | Tensão territorial: 0.0% | Atividade recente e vizinhança: 0.0%,"OROS aparece na posição 29 de 50, com risco 15.8 e nível baixo; é território de atenção tática.","O peso principal vem de sinal neural do st-gat, com suporte territorial de 0.0% e 0 registros recentes na janela de 30 dias.",Leitura sensível a ruído; requer conferência adicional antes de decisão forte.,O território está próximo de pares vizinhos e pode oscilar no próximo ciclo.,"Verificar eventos recentes, pressão territorial e coerência com inteligência local antes da próxima atualização do ranking."
2026-06-04T20:48:29,2026-06-02,src/core/orchestrator.py:get_combined_risk,cities_interior_top30,30,BANABUIU,BANABUIU,interior,cidade,15.85,baixo,36.4,muito baixa,42.1,baixa,0,0,11.0,59.0,0.0,0.0,46.7,0.0,0.0,0.0,-0.49,40.8,14,14,False,stable,Sinal neural do ST-GAT,59.0,Tensão territorial,0.0,Atividade recente e vizinhança,0.0,Sinal neural do ST-GAT: 59.0% | Tensão territorial: 0.0% | Atividade recente e vizinhança: 0.0%,"BANABUIU aparece na posição 30 de 50, com risco 15.8 e nível baixo; é território de atenção tática.","O peso principal vem de sinal neural do st-gat, com suporte territorial de 0.0% e 0 registros recentes na janela de 30 dias.",Leitura sensível a ruído; requer conferência adicional antes de decisão forte.,O território está próximo de pares vizinhos e pode oscilar no próximo ciclo.,"Verificar eventos recentes, pressão territorial e coerência com inteligência local antes da próxima atualização do ranking."
2026-06-04T20:48:29,2026-06-02,src/core/orchestrator.py:get_combined_risk,fortaleza_bairros_top30,1,BARRA DO CEARA,BARRA DO CEARA,fortaleza,bairro,87.57,crítico,66.3,baixa,100.0,muito alta,1,1,136.0,93.8,100.0,50.0,43.3,100.0,100.0,100.0,4.84,100.0,14,14,True,stable,Tensão territorial,100.0,Sinal neural do ST-GAT,93.8,Fallback histórico ativado,55.0,Tensão territorial: 100.0% | Sinal neural do ST-GAT: 93.8% | Fallback histórico ativado: 55.0%,"BARRA DO CEARA aparece na posição 1 de 109, com risco 87.6 e nível crítico; é prioridade imediata de acompanhamento.","O peso principal vem de tensão territorial, com suporte territorial de 100.0% e 1 registros recentes na janela de 30 dias.",Leitura mais fraca; parte do peso vem de fallback histórico e deve ser confirmada em campo.,O território está bem destacado no ranking frente aos pares.,"Verificar eventos recentes, pressão territorial e coerência com inteligência local antes da próxima atualização do ranking."
2026-06-04T20:48:29,2026-06-02,src/core/orchestrator.py:get_combined_risk,fortaleza_bairros_top30,2,BONSUCESSO,BONSUCESSO,fortaleza,bairro,70.67,alto,65.9,baixa,97.1,muito alta,1,1,48.0,100.0,100.0,50.0,43.3,100.0,70.0,100.0,3.68,99.1,14,14,True,stable,Sinal neural do ST-GAT,100.0,Tensão territorial,100.0,Fallback histórico ativado,55.0,Sinal neural do ST-GAT: 100.0% | Tensão territorial: 100.0% | Fallback histórico ativado: 55.0%,"BONSUCESSO aparece na posição 2 de 109, com risco 70.7 e nível alto; é prioridade imediata de acompanhamento.","O peso principal vem de sinal neural do st-gat, com suporte territorial de 100.0% e 1 registros recentes na janela de 30 dias.",Leitura mais fraca; parte do peso vem de fallback histórico e deve ser confirmada em campo.,O território está bem destacado no ranking frente aos pares.,"Verificar eventos recentes, pressão territorial e coerência com inteligência local antes da próxima atualização do ranking."
2026-06-04T20:48:29,2026-06-02,src/core/orchestrator.py:get_combined_risk,fortaleza_bairros_top30,3,ANCURI,ANCURI,fortaleza,bairro,53.12,alto,65.2,baixa,90.7,muito alta,0,2,34.0,75.6,100.0,0.0,46.7,100.0,35.0,100.0,2.48,98.1,14,14,True,stable,Tensão territorial,100.0,Sinal neural do ST-GAT,75.6,Fallback histórico ativado,55.0,Tensão territorial: 100.0% | Sinal neural do ST-GAT: 75.6% | Fallback histórico ativado: 55.0%,"ANCURI aparece na posição 3 de 109, com risco 53.1 e nível alto; é prioridade imediata de acompanhamento.","O peso principal vem de tensão territorial, com suporte territorial de 100.0% e 2 registros recentes na janela de 30 dias.",Leitura mais fraca; parte do peso vem de fallback histórico e deve ser confirmada em campo.,O território está bem destacado no ranking frente aos pares.,"Verificar eventos recentes, pressão territorial e coerência com inteligência local antes da próxima atualização do ranking."
2026-06-04T20:48:29,2026-06-02,src/core/orchestrator.py:get_combined_risk,fortaleza_bairros_top30,4,MONDUBIM,MONDUBIM,fortaleza,bairro,51.27,alto,55.5,baixa,89.6,muito alta,0,0,92.0,31.9,100.0,0.0,46.7,100.0,100.0,0.0,2.35,97.2,14,14,True,stable,Tensão territorial,100.0,Fallback histórico ativado,55.0,Sinal neural do ST-GAT,31.9,Tensão territorial: 100.0% | Fallback histórico ativado: 55.0% | Sinal neural do ST-GAT: 31.9%,"MONDUBIM aparece na posição 4 de 109, com risco 51.3 e nível alto; é prioridade imediata de acompanhamento.","O peso principal vem de tensão territorial, com suporte territorial de 100.0% e 0 registros recentes na janela de 30 dias.",Leitura mais fraca; parte do peso vem de fallback histórico e deve ser confirmada em campo.,O território está bem destacado no ranking frente aos pares.,"Verificar eventos recentes, pressão territorial e coerência com inteligência local antes da próxima atualização do ranking."
2026-06-04T20:48:29,2026-06-02,src/core/orchestrator.py:get_combined_risk,fortaleza_bairros_top30,5,JOSE WALTER,JOSE WALTER,fortaleza,bairro,48.85,moderado,55.3,baixa,88.3,muito alta,0,0,102.0,27.0,100.0,0.0,46.7,100.0,100.0,0.0,2.18,96.3,14,14,True,stable,Tensão territorial,100.0,Fallback histórico ativado,55.0,Sinal neural do ST-GAT,27.0,Tensão territorial: 100.0% | Fallback histórico ativado: 55.0% | Sinal neural do ST-GAT: 27.0%,"JOSE WALTER aparece na posição 5 de 109, com risco 48.9 e nível moderado; é prioridade imediata de acompanhamento.","O peso principal vem de tensão territorial, com suporte territorial de 100.0% e 0 registros recentes na janela de 30 dias.",Leitura mais fraca; parte do peso vem de fallback histórico e deve ser confirmada em campo.,O território está bem destacado no ranking frente aos pares.,"Verificar eventos recentes, pressão territorial e coerência com inteligência local antes da próxima atualização do ranking."
2026-06-04T20:48:29,2026-06-02,src/core/orchestrator.py:get_combined_risk,fortaleza_bairros_top30,6,MESSEJANA,MESSEJANA,fortaleza,bairro,47.28,moderado,55.2,baixa,87.2,muito alta,0,0,115.0,23.9,100.0,0.0,46.7,100.0,100.0,0.0,2.08,95.4,14,14,True,stable,Tensão territorial,100.0,Fallback histórico ativado,55.0,Sinal neural do ST-GAT,23.9,Tensão territorial: 100.0% | Fallback histórico ativado: 55.0% | Sinal neural do ST-GAT: 23.9%,"MESSEJANA aparece na posição 6 de 109, com risco 47.3 e nível moderado; é prioridade alta de acompanhamento.","O peso principal vem de tensão territorial, com suporte territorial de 100.0% e 0 registros recentes na janela de 30 dias.",Leitura mais fraca; parte do peso vem de fallback histórico e deve ser confirmada em campo.,O território está bem destacado no ranking frente aos pares.,"Verificar eventos recentes, pressão territorial e coerência com inteligência local antes da próxima atualização do ranking."
2026-06-04T20:48:29,2026-06-02,src/core/orchestrator.py:get_combined_risk,fortaleza_bairros_top30,7,BARROSO,BARROSO,fortaleza,bairro,44.83,moderado,55.0,baixa,85.8,muito alta,0,0,72.0,19.0,100.0,0.0,46.7,100.0,100.0,0.0,1.91,94.4,14,14,True,stable,Tensão territorial,100.0,Fallback histórico ativado,55.0,Sinal neural do ST-GAT,19.0,Tensão territorial: 100.0% | Fallback histórico ativado: 55.0% | Sinal neural do ST-GAT: 19.0%,"BARROSO aparece na posição 7 de 109, com risco 44.8 e nível moderado; é prioridade alta de acompanhamento.","O peso principal vem de tensão territorial, com suporte territorial de 100.0% e 0 registros recentes na janela de 30 dias.",Leitura mais fraca; parte do peso vem de fallback histórico e deve ser confirmada em campo.,O território está bem destacado no ranking frente aos pares.,"Verificar eventos recentes, pressão territorial e coerência com inteligência local antes da próxima atualização do ranking."
2026-06-04T20:48:29,2026-06-02,src/core/orchestrator.py:get_combined_risk,fortaleza_bairros_top30,8,SAO BENTO,SAO BENTO,fortaleza,bairro,44.8,moderado,65.8,baixa,85.2,muito alta,1,1,19.0,48.3,100.0,50.0,43.3,100.0,0.0,100.0,1.91,93.5,14,14,True,stable,Tensão territorial,100.0,Fallback histórico ativado,55.0,Atividade recente e vizinhança,50.0,Tensão territorial: 100.0% | Fallback histórico ativado: 55.0% | Atividade recente e vizinhança: 50.0%,"SAO BENTO aparece na posição 8 de 109, com risco 44.8 e nível moderado; é prioridade alta de acompanhamento.","O peso principal vem de tensão territorial, com suporte territorial de 100.0% e 1 registros recentes na janela de 30 dias.",Leitura mais fraca; parte do peso vem de fallback histórico e deve ser confirmada em campo.,O território está bem destacado no ranking frente aos pares.,"Verificar eventos recentes, pressão territorial e coerência com inteligência local antes da próxima atualização do ranking."
2026-06-04T20:48:29,2026-06-02,src/core/orchestrator.py:get_combined_risk,fortaleza_bairros_top30,9,ALTO ALEGRE,ALTO ALEGRE,fortaleza,bairro,43.5,moderado,54.9,muito baixa,84.3,alta,0,0,125.0,16.3,100.0,0.0,46.7,100.0,100.0,0.0,1.82,92.6,14,14,True,stable,Tensão territorial,100.0,Fallback histórico ativado,55.0,Sinal neural do ST-GAT,16.3,Tensão territorial: 100.0% | Fallback histórico ativado: 55.0% | Sinal neural do ST-GAT: 16.3%,"ALTO ALEGRE aparece na posição 9 de 109, com risco 43.5 e nível moderado; é prioridade alta de acompanhamento.","O peso principal vem de tensão territorial, com suporte territorial de 100.0% e 0 registros recentes na janela de 30 dias.",Leitura mais fraca; parte do peso vem de fallback histórico e deve ser confirmada em campo.,"O território se diferencia do bloco intermediário, mas sem isolamento absoluto.","Verificar eventos recentes, pressão territorial e coerência com inteligência local antes da próxima atualização do ranking."
2026-06-04T20:48:29,2026-06-02,src/core/orchestrator.py:get_combined_risk,fortaleza_bairros_top30,10,PLANALTO AYRTON SENNA,PLANALTO AYRTON SENNA,fortaleza,bairro,42.74,moderado,54.8,muito baixa,83.5,alta,0,0,94.0,14.8,100.0,0.0,46.7,100.0,100.0,0.0,1.76,91.7,14,14,True,stable,Tensão territorial,100.0,Fallback histórico ativado,55.0,Sinal neural do ST-GAT,14.8,Tensão territorial: 100.0% | Fallback histórico ativado: 55.0% | Sinal neural do ST-GAT: 14.8%,"PLANALTO AYRTON SENNA aparece na posição 10 de 109, com risco 42.7 e nível moderado; é prioridade alta de acompanhamento.","O peso principal vem de tensão territorial, com suporte territorial de 100.0% e 0 registros recentes na janela de 30 dias.",Leitura mais fraca; parte do peso vem de fallback histórico e deve ser confirmada em campo.,"O território se diferencia do bloco intermediário, mas sem isolamento absoluto.","Verificar eventos recentes, pressão territorial e coerência com inteligência local antes da próxima atualização do ranking."
2026-06-04T20:48:29,2026-06-02,src/core/orchestrator.py:get_combined_risk,fortaleza_bairros_top30,11,SIQUEIRA,SIQUEIRA,fortaleza,bairro,42.13,moderado,54.7,muito baixa,82.7,alta,0,0,103.0,13.6,100.0,0.0,46.7,100.0,100.0,0.0,1.72,90.7,14,14,True,stable,Tensão territorial,100.0,Fallback histórico ativado,55.0,Sinal neural do ST-GAT,13.6,Tensão territorial: 100.0% | Fallback histórico ativado: 55.0% | Sinal neural do ST-GAT: 13.6%,"SIQUEIRA aparece na posição 11 de 109, com risco 42.1 e nível moderado; é território de atenção tática.","O peso principal vem de tensão territorial, com suporte territorial de 100.0% e 0 registros recentes na janela de 30 dias.",Leitura mais fraca; parte do peso vem de fallback histórico e deve ser confirmada em campo.,"O território se diferencia do bloco intermediário, mas sem isolamento absoluto.","Verificar eventos recentes, pressão territorial e coerência com inteligência local antes da próxima atualização do ranking."
2026-06-04T20:48:29,2026-06-02,src/core/orchestrator.py:get_combined_risk,fortaleza_bairros_top30,12,GRANJA LISBOA,GRANJA LISBOA,fortaleza,bairro,40.38,moderado,54.5,muito baixa,81.6,alta,0,0,110.0,10.1,100.0,0.0,46.7,100.0,100.0,0.0,1.6,89.8,14,14,True,stable,Tensão territorial,100.0,Fallback histórico ativado,55.0,Sinal neural do ST-GAT,10.1,Tensão territorial: 100.0% | Fallback histórico ativado: 55.0% | Sinal neural do ST-GAT: 10.1%,"GRANJA LISBOA aparece na posição 12 de 109, com risco 40.4 e nível moderado; é território de atenção tática.","O peso principal vem de tensão territorial, com suporte territorial de 100.0% e 0 registros recentes na janela de 30 dias.",Leitura mais fraca; parte do peso vem de fallback histórico e deve ser confirmada em campo.,"O território se diferencia do bloco intermediário, mas sem isolamento absoluto.","Verificar eventos recentes, pressão territorial e coerência com inteligência local antes da próxima atualização do ranking."
2026-06-04T20:48:29,2026-06-02,src/core/orchestrator.py:get_combined_risk,fortaleza_bairros_top30,13,PEDRAS,PEDRAS,fortaleza,bairro,35.33,moderado,53.9,muito baixa,79.4,alta,0,0,81.0,0.0,100.0,0.0,46.7,100.0,100.0,0.0,1.26,88.9,14,14,True,stable,Tensão territorial,100.0,Fallback histórico ativado,55.0,Sinal neural do ST-GAT,0.0,Tensão territorial: 100.0% | Fallback histórico ativado: 55.0% | Sinal neural do ST-GAT: 0.0%,"PEDRAS aparece na posição 13 de 109, com risco 35.3 e nível moderado; é território de atenção tática.","O peso principal vem de tensão territorial, com suporte territorial de 100.0% e 0 registros recentes na janela de 30 dias.",Leitura mais fraca; parte do peso vem de fallback histórico e deve ser confirmada em campo.,"O território se diferencia do bloco intermediário, mas sem isolamento absoluto.","Verificar eventos recentes, pressão territorial e coerência com inteligência local antes da próxima atualização do ranking."
2026-06-04T20:48:29,2026-06-02,src/core/orchestrator.py:get_combined_risk,fortaleza_bairros_top30,14,PASSARE,PASSARE,fortaleza,bairro,29.39,baixo,55.4,baixa,76.9,alta,0,0,65.0,28.1,100.0,0.0,46.7,100.0,100.0,0.0,0.85,88.0,14,14,True,stable,Tensão territorial,100.0,Fallback histórico ativado,55.0,Sinal neural do ST-GAT,28.1,Tensão territorial: 100.0% | Fallback histórico ativado: 55.0% | Sinal neural do ST-GAT: 28.1%,"PASSARE aparece na posição 14 de 109, com risco 29.4 e nível baixo; é território de atenção tática.","O peso principal vem de tensão territorial, com suporte territorial de 100.0% e 0 registros recentes na janela de 30 dias.",Leitura mais fraca; parte do peso vem de fallback histórico e deve ser confirmada em campo.,"O território se diferencia do bloco intermediário, mas sem isolamento absoluto.","Verificar eventos recentes, pressão territorial e coerência com inteligência local antes da próxima atualização do ranking."
2026-06-04T20:48:29,2026-06-02,src/core/orchestrator.py:get_combined_risk,fortaleza_bairros_top30,15,CURIO,CURIO,fortaleza,bairro,28.71,baixo,41.1,muito baixa,76.1,alta,0,1,26.0,46.8,50.0,0.0,46.7,50.0,15.0,50.0,0.8,87.0,14,14,True,stable,Fallback histórico ativado,55.0,Tensão territorial,50.0,Sinal neural do ST-GAT,46.8,Fallback histórico ativado: 55.0% | Tensão territorial: 50.0% | Sinal neural do ST-GAT: 46.8%,"CURIO aparece na posição 15 de 109, com risco 28.7 e nível baixo; é território de atenção tática.","O peso principal vem de fallback histórico ativado, com suporte territorial de 50.0% e 1 registros recentes na janela de 30 dias.",Leitura mais fraca; parte do peso vem de fallback histórico e deve ser confirmada em campo.,"O território se diferencia do bloco intermediário, mas sem isolamento absoluto.","Verificar eventos recentes, pressão territorial e coerência com inteligência local antes da próxima atualização do ranking."
2026-06-04T20:48:29,2026-06-02,src/core/orchestrator.py:get_combined_risk,fortaleza_bairros_top30,16,VICENTE PINZON,VICENTE PINZON,fortaleza,bairro,27.69,baixo,52.6,muito baixa,75.2,alta,0,0,57.0,27.7,92.5,0.0,46.7,92.5,92.5,0.0,0.73,86.1,14,14,True,stable,Tensão territorial,92.5,Fallback histórico ativado,55.0,Sinal neural do ST-GAT,27.7,Tensão territorial: 92.5% | Fallback histórico ativado: 55.0% | Sinal neural do ST-GAT: 27.7%,"VICENTE PINZON aparece na posição 16 de 109, com risco 27.7 e nível baixo; é território de atenção tática.","O peso principal vem de tensão territorial, com suporte territorial de 92.5% e 0 registros recentes na janela de 30 dias.",Leitura mais fraca; parte do peso vem de fallback histórico e deve ser confirmada em campo.,"O território se diferencia do bloco intermediário, mas sem isolamento absoluto.","Verificar eventos recentes, pressão territorial e coerência com inteligência local antes da próxima atualização do ranking."
2026-06-04T20:48:29,2026-06-02,src/core/orchestrator.py:get_combined_risk,fortaleza_bairros_top30,17,QUINTINO CUNHA,QUINTINO CUNHA,fortaleza,bairro,27.33,baixo,55.2,baixa,74.5,alta,0,0,68.0,24.0,100.0,0.0,46.7,100.0,100.0,0.0,0.71,85.2,14,14,True,stable,Tensão territorial,100.0,Fallback histórico ativado,55.0,Sinal neural do ST-GAT,24.0,Tensão territorial: 100.0% | Fallback histórico ativado: 55.0% | Sinal neural do ST-GAT: 24.0%,"QUINTINO CUNHA aparece na posição 17 de 109, com risco 27.3 e nível baixo; é território de atenção tática.","O peso principal vem de tensão territorial, com suporte territorial de 100.0% e 0 registros recentes na janela de 30 dias.",Leitura mais fraca; parte do peso vem de fallback histórico e deve ser confirmada em campo.,"O território se diferencia do bloco intermediário, mas sem isolamento absoluto.","Verificar eventos recentes, pressão territorial e coerência com inteligência local antes da próxima atualização do ranking."
2026-06-04T20:48:29,2026-06-02,src/core/orchestrator.py:get_combined_risk,fortaleza_bairros_top30,18,PARQUE IRACEMA,PARQUE IRACEMA,fortaleza,bairro,27.05,baixo,24.9,muito baixa,73.9,alta,0,0,11.0,63.4,0.0,0.0,46.7,0.0,0.0,0.0,0.69,84.3,14,14,True,stable,Sinal neural do ST-GAT,63.4,Fallback histórico ativado,55.0,Tensão territorial,0.0,Sinal neural do ST-GAT: 63.4% | Fallback histórico ativado: 55.0% | Tensão territorial: 0.0%,"PARQUE IRACEMA aparece na posição 18 de 109, com risco 27.1 e nível baixo; é território de atenção tática.","O peso principal vem de sinal neural do st-gat, com suporte territorial de 0.0% e 0 registros recentes na janela de 30 dias.",Leitura mais fraca; parte do peso vem de fallback histórico e deve ser confirmada em campo.,"O território se diferencia do bloco intermediário, mas sem isolamento absoluto.","Verificar eventos recentes, pressão territorial e coerência com inteligência local antes da próxima atualização do ranking."
2026-06-04T20:48:29,2026-06-02,src/core/orchestrator.py:get_combined_risk,fortaleza_bairros_top30,19,JARDIM DAS OLIVEIRAS,JARDIM DAS OLIVEIRAS,fortaleza,bairro,25.73,baixo,46.3,muito baixa,72.8,alta,0,0,50.0,30.8,75.0,0.0,46.7,75.0,75.0,0.0,0.6,83.3,14,14,True,stable,Tensão territorial,75.0,Fallback histórico ativado,55.0,Sinal neural do ST-GAT,30.8,Tensão territorial: 75.0% | Fallback histórico ativado: 55.0% | Sinal neural do ST-GAT: 30.8%,"JARDIM DAS OLIVEIRAS aparece na posição 19 de 109, com risco 25.7 e nível baixo; é território de atenção tática.","O peso principal vem de tensão territorial, com suporte territorial de 75.0% e 0 registros recentes na janela de 30 dias.",Leitura mais fraca; parte do peso vem de fallback histórico e deve ser confirmada em campo.,"O território se diferencia do bloco intermediário, mas sem isolamento absoluto.","Verificar eventos recentes, pressão territorial e coerência com inteligência local antes da próxima atualização do ranking."
2026-06-04T20:48:29,2026-06-02,src/core/orchestrator.py:get_combined_risk,fortaleza_bairros_top30,20,JOSE DE ALENCAR,JOSE DE ALENCAR,fortaleza,bairro,25.46,baixo,41.6,muito baixa,72.2,alta,0,0,45.0,35.2,62.5,0.0,46.7,62.5,62.5,0.0,0.58,82.4,14,14,True,stable,Tensão territorial,62.5,Fallback histórico ativado,55.0,Sinal neural do ST-GAT,35.2,Tensão territorial: 62.5% | Fallback histórico ativado: 55.0% | Sinal neural do ST-GAT: 35.2%,"JOSE DE ALENCAR aparece na posição 20 de 109, com risco 25.5 e nível baixo; é território de atenção tática.","O peso principal vem de tensão territorial, com suporte territorial de 62.5% e 0 registros recentes na janela de 30 dias.",Leitura mais fraca; parte do peso vem de fallback histórico e deve ser confirmada em campo.,"O território se diferencia do bloco intermediário, mas sem isolamento absoluto.","Verificar eventos recentes, pressão territorial e coerência com inteligência local antes da próxima atualização do ranking."
2026-06-04T20:48:29,2026-06-02,src/core/orchestrator.py:get_combined_risk,fortaleza_bairros_top30,21,GRANJA PORTUGAL,GRANJA PORTUGAL,fortaleza,bairro,25.42,baixo,52.5,muito baixa,71.7,alta,0,0,57.0,23.2,92.5,0.0,46.7,92.5,92.5,0.0,0.58,81.5,14,14,True,stable,Tensão territorial,92.5,Fallback histórico ativado,55.0,Sinal neural do ST-GAT,23.2,Tensão territorial: 92.5% | Fallback histórico ativado: 55.0% | Sinal neural do ST-GAT: 23.2%,"GRANJA PORTUGAL aparece na posição 21 de 109, com risco 25.4 e nível baixo; é território de atenção tática.","O peso principal vem de tensão territorial, com suporte territorial de 92.5% e 0 registros recentes na janela de 30 dias.",Leitura mais fraca; parte do peso vem de fallback histórico e deve ser confirmada em campo.,"O território se diferencia do bloco intermediário, mas sem isolamento absoluto.","Verificar eventos recentes, pressão territorial e coerência com inteligência local antes da próxima atualização do ranking."
2026-06-04T20:48:29,2026-06-02,src/core/orchestrator.py:get_combined_risk,fortaleza_bairros_top30,22,LAGOA REDONDA,LAGOA REDONDA,fortaleza,bairro,24.93,baixo,55.0,baixa,71.0,alta,0,0,60.0,19.2,100.0,0.0,46.7,100.0,100.0,0.0,0.54,80.6,14,14,True,stable,Tensão territorial,100.0,Fallback histórico ativado,55.0,Sinal neural do ST-GAT,19.2,Tensão territorial: 100.0% | Fallback histórico ativado: 55.0% | Sinal neural do ST-GAT: 19.2%,"LAGOA REDONDA aparece na posição 22 de 109, com risco 24.9 e nível baixo; é território de atenção tática.","O peso principal vem de tensão territorial, com suporte territorial de 100.0% e 0 registros recentes na janela de 30 dias.",Leitura mais fraca; parte do peso vem de fallback histórico e deve ser confirmada em campo.,"O território se diferencia do bloco intermediário, mas sem isolamento absoluto.","Verificar eventos recentes, pressão territorial e coerência com inteligência local antes da próxima atualização do ranking."
2026-06-04T20:48:29,2026-06-02,src/core/orchestrator.py:get_combined_risk,fortaleza_bairros_top30,23,PICI,PICI,fortaleza,bairro,24.65,baixo,49.8,muito baixa,70.3,alta,0,0,54.0,24.6,85.0,0.0,46.7,85.0,85.0,0.0,0.52,79.6,14,14,True,stable,Tensão territorial,85.0,Fallback histórico ativado,55.0,Sinal neural do ST-GAT,24.6,Tensão territorial: 85.0% | Fallback histórico ativado: 55.0% | Sinal neural do ST-GAT: 24.6%,"PICI aparece na posição 23 de 109, com risco 24.6 e nível baixo; é território de atenção tática.","O peso principal vem de tensão territorial, com suporte territorial de 85.0% e 0 registros recentes na janela de 30 dias.",Leitura mais fraca; parte do peso vem de fallback histórico e deve ser confirmada em campo.,"O território se diferencia do bloco intermediário, mas sem isolamento absoluto.","Verificar eventos recentes, pressão territorial e coerência com inteligência local antes da próxima atualização do ranking."
2026-06-04T20:48:29,2026-06-02,src/core/orchestrator.py:get_combined_risk,fortaleza_bairros_top30,24,CAJAZEIRAS,CAJAZEIRAS,fortaleza,bairro,24.35,baixo,64.9,baixa,69.6,moderada,0,2,35.0,18.0,100.0,0.0,46.7,100.0,37.5,100.0,0.5,78.7,14,14,True,stable,Tensão territorial,100.0,Fallback histórico ativado,55.0,CVLI recente na janela de 30 dias,40.0,Tensão territorial: 100.0% | Fallback histórico ativado: 55.0% | CVLI recente na janela de 30 dias: 40.0%,"CAJAZEIRAS aparece na posição 24 de 109, com risco 24.4 e nível baixo; é território de atenção tática.","O peso principal vem de tensão territorial, com suporte territorial de 100.0% e 2 registros recentes na janela de 30 dias.",Leitura mais fraca; parte do peso vem de fallback histórico e deve ser confirmada em campo.,O território está próximo de pares vizinhos e pode oscilar no próximo ciclo.,"Verificar eventos recentes, pressão territorial e coerência com inteligência local antes da próxima atualização do ranking."
2026-06-04T20:48:29,2026-06-02,src/core/orchestrator.py:get_combined_risk,fortaleza_bairros_top30,25,PARQUE DOIS IRMAOS,PARQUE DOIS IRMAOS,fortaleza,bairro,24.11,baixo,31.6,muito baixa,69.0,moderada,0,0,33.0,44.5,32.5,0.0,46.7,32.5,32.5,0.0,0.49,77.8,14,14,True,stable,Fallback histórico ativado,55.0,Sinal neural do ST-GAT,44.5,Tensão territorial,32.5,Fallback histórico ativado: 55.0% | Sinal neural do ST-GAT: 44.5% | Tensão territorial: 32.5%,"PARQUE DOIS IRMAOS aparece na posição 25 de 109, com risco 24.1 e nível baixo; é território de atenção tática.","O peso principal vem de fallback histórico ativado, com suporte territorial de 32.5% e 0 registros recentes na janela de 30 dias.",Leitura mais fraca; parte do peso vem de fallback histórico e deve ser confirmada em campo.,O território está próximo de pares vizinhos e pode oscilar no próximo ciclo.,"Verificar eventos recentes, pressão territorial e coerência com inteligência local antes da próxima atualização do ranking."
2026-06-04T20:48:29,2026-06-02,src/core/orchestrator.py:get_combined_risk,fortaleza_bairros_top30,26,BOM JARDIM,BOM JARDIM,fortaleza,bairro,24.01,baixo,49.7,muito baixa,68.4,moderada,0,0,54.0,23.4,85.0,0.0,46.7,85.0,85.0,0.0,0.48,76.9,14,14,True,stable,Tensão territorial,85.0,Fallback histórico ativado,55.0,Sinal neural do ST-GAT,23.4,Tensão territorial: 85.0% | Fallback histórico ativado: 55.0% | Sinal neural do ST-GAT: 23.4%,"BOM JARDIM aparece na posição 26 de 109, com risco 24.0 e nível baixo; é território de atenção tática.","O peso principal vem de tensão territorial, com suporte territorial de 85.0% e 0 registros recentes na janela de 30 dias.",Leitura mais fraca; parte do peso vem de fallback histórico e deve ser confirmada em campo.,O território está próximo de pares vizinhos e pode oscilar no próximo ciclo.,"Verificar eventos recentes, pressão territorial e coerência com inteligência local antes da próxima atualização do ranking."
2026-06-04T20:48:29,2026-06-02,src/core/orchestrator.py:get_combined_risk,fortaleza_bairros_top30,27,ALDEOTA,ALDEOTA,fortaleza,bairro,23.47,baixo,24.1,muito baixa,67.7,moderada,0,0,12.0,56.3,0.0,0.0,46.7,0.0,0.0,0.0,0.44,75.9,14,14,True,stable,Sinal neural do ST-GAT,56.3,Fallback histórico ativado,55.0,Tensão territorial,0.0,Sinal neural do ST-GAT: 56.3% | Fallback histórico ativado: 55.0% | Tensão territorial: 0.0%,"ALDEOTA aparece na posição 27 de 109, com risco 23.5 e nível baixo; é território de atenção tática.","O peso principal vem de sinal neural do st-gat, com suporte territorial de 0.0% e 0 registros recentes na janela de 30 dias.",Leitura mais fraca; parte do peso vem de fallback histórico e deve ser confirmada em campo.,O território está próximo de pares vizinhos e pode oscilar no próximo ciclo.,"Verificar eventos recentes, pressão territorial e coerência com inteligência local antes da próxima atualização do ranking."
2026-06-04T20:48:29,2026-06-02,src/core/orchestrator.py:get_combined_risk,fortaleza_bairros_top30,28,ANTONIO BEZERRA,ANTONIO BEZERRA,fortaleza,bairro,23.08,baixo,43.4,muito baixa,67.0,moderada,0,0,47.0,28.5,67.5,0.0,46.7,67.5,67.5,0.0,0.42,75.0,14,14,True,stable,Tensão territorial,67.5,Fallback histórico ativado,55.0,Sinal neural do ST-GAT,28.5,Tensão territorial: 67.5% | Fallback histórico ativado: 55.0% | Sinal neural do ST-GAT: 28.5%,"ANTONIO BEZERRA aparece na posição 28 de 109, com risco 23.1 e nível baixo; é território de atenção tática.","O peso principal vem de tensão territorial, com suporte territorial de 67.5% e 0 registros recentes na janela de 30 dias.",Leitura mais fraca; parte do peso vem de fallback histórico e deve ser confirmada em campo.,O território está próximo de pares vizinhos e pode oscilar no próximo ciclo.,"Verificar eventos recentes, pressão territorial e coerência com inteligência local antes da próxima atualização do ranking."
2026-06-04T20:48:29,2026-06-02,src/core/orchestrator.py:get_combined_risk,fortaleza_bairros_top30,29,CARLITO PAMPLONA,CARLITO PAMPLONA,fortaleza,bairro,21.09,baixo,44.3,muito baixa,65.8,moderada,0,0,48.0,23.5,70.0,0.0,46.7,70.0,70.0,0.0,0.28,74.1,14,14,True,stable,Tensão territorial,70.0,Fallback histórico ativado,55.0,Sinal neural do ST-GAT,23.5,Tensão territorial: 70.0% | Fallback histórico ativado: 55.0% | Sinal neural do ST-GAT: 23.5%,"CARLITO PAMPLONA aparece na posição 29 de 109, com risco 21.1 e nível baixo; é território de atenção tática.","O peso principal vem de tensão territorial, com suporte territorial de 70.0% e 0 registros recentes na janela de 30 dias.",Leitura mais fraca; parte do peso vem de fallback histórico e deve ser confirmada em campo.,O território está próximo de pares vizinhos e pode oscilar no próximo ciclo.,"Verificar eventos recentes, pressão territorial e coerência com inteligência local antes da próxima atualização do ranking."
2026-06-04T20:48:29,2026-06-02,src/core/orchestrator.py:get_combined_risk,fortaleza_bairros_top30,30,MANOEL SATIRO,MANOEL SATIRO,fortaleza,bairro,20.48,baixo,39.7,muito baixa,65.0,moderada,0,0,43.0,27.3,57.5,0.0,46.7,57.5,57.5,0.0,0.24,73.1,14,14,True,stable,Tensão territorial,57.5,Fallback histórico ativado,55.0,Sinal neural do ST-GAT,27.3,Tensão territorial: 57.5% | Fallback histórico ativado: 55.0% | Sinal neural do ST-GAT: 27.3%,"MANOEL SATIRO aparece na posição 30 de 109, com risco 20.5 e nível baixo; é território de atenção tática.","O peso principal vem de tensão territorial, com suporte territorial de 57.5% e 0 registros recentes na janela de 30 dias.",Leitura mais fraca; parte do peso vem de fallback histórico e deve ser confirmada em campo.,O território está próximo de pares vizinhos e pode oscilar no próximo ciclo.,"Verificar eventos recentes, pressão territorial e coerência com inteligência local antes da próxima atualização do ranking."
