snapshot_generated_at,data_limit,source,scope,rank,name,name_normalized,region,territorial_level,risk_score,risk_level,confidence_pct,confidence_label,expressiveness_pct,expressiveness_label,recent_cvli_14d,recent_cvli_30d,historical_cvli,neural_score,tension_score,inclusion_score,calm_penalty,territorial_support_pct,historical_support_pct,live_support_pct,score_z,peer_percentile,dynamic_window_days,base_window_days,historical_fallback,trend,top_driver_1,top_driver_1_strength_pct,top_driver_2,top_driver_2_strength_pct,top_driver_3,top_driver_3_strength_pct,explainability_summary,leitura_rapida_gestor,por_que_importa_gestor,confianca_limites_gestor,expressividade_previsao_gestor,proxima_acao_gestor
2026-05-23T07:44:49,2026-05-20,src/core/orchestrator.py:get_combined_risk,cities_general_top30,1,MARACANAU,MARACANAU,rmf,cidade,85.33,crítico,53.9,muito baixa,97.7,muito alta,0,0,654.0,100.0,100.0,0.0,46.7,100.0,100.0,0.0,3.68,100.0,30,14,True,stable,Sinal neural do ST-GAT,100.0,Tensão territorial,100.0,Fallback histórico ativado,55.0,Sinal neural do ST-GAT: 100.0% | Tensão territorial: 100.0% | Fallback histórico ativado: 55.0%,"MARACANAU aparece na posição 1 de 69, com risco 85.3 e nível crítico; é prioridade imediata de acompanhamento.","O peso principal vem de sinal neural do st-gat, com suporte territorial de 100.0% e 0 registros recentes na janela de 30 dias.",Leitura mais fraca; parte do peso vem de fallback histórico e deve ser confirmada em campo.,O território está bem destacado no ranking frente aos pares.,"Verificar eventos recentes, pressão territorial e coerência com inteligência local antes da próxima atualização do ranking."
2026-05-23T07:44:49,2026-05-20,src/core/orchestrator.py:get_combined_risk,cities_general_top30,2,CAUCAIA,CAUCAIA,rmf,cidade,83.55,crítico,54.1,muito baixa,96.3,muito alta,0,0,652.0,96.4,100.0,0.0,46.7,100.0,100.0,0.0,3.58,98.5,30,14,True,stable,Tensão territorial,100.0,Sinal neural do ST-GAT,96.4,Fallback histórico ativado,55.0,Tensão territorial: 100.0% | Sinal neural do ST-GAT: 96.4% | Fallback histórico ativado: 55.0%,"CAUCAIA aparece na posição 2 de 69, com risco 83.5 e nível crítico; é prioridade imediata de acompanhamento.","O peso principal vem de tensão territorial, com suporte territorial de 100.0% e 0 registros recentes na janela de 30 dias.",Leitura mais fraca; parte do peso vem de fallback histórico e deve ser confirmada em campo.,O território está bem destacado no ranking frente aos pares.,"Verificar eventos recentes, pressão territorial e coerência com inteligência local antes da próxima atualização do ranking."
2026-05-23T07:44:49,2026-05-20,src/core/orchestrator.py:get_combined_risk,cities_general_top30,3,ITAPAJE,ITAPAJE,interior,cidade,78.62,crítico,89.2,alta,94.1,muito alta,2,2,45.0,94.4,100.0,100.0,26.7,100.0,62.5,100.0,3.31,97.1,14,14,False,stable,Atividade recente e vizinhança,100.0,Tensão territorial,100.0,Sinal neural do ST-GAT,94.4,Atividade recente e vizinhança: 100.0% | Tensão territorial: 100.0% | Sinal neural do ST-GAT: 94.4%,"ITAPAJE aparece na posição 3 de 69, com risco 78.6 e nível crítico; é prioridade imediata de acompanhamento.","O peso principal vem de atividade recente e vizinhança, com suporte territorial de 100.0% e 2 registros recentes na janela de 30 dias.",Leitura com boa sustentação dos sinais atuais.,O território está bem destacado no ranking frente aos pares.,"Verificar eventos recentes, pressão territorial e coerência com inteligência local antes da próxima atualização do ranking."
2026-05-23T07:44:49,2026-05-20,src/core/orchestrator.py:get_combined_risk,cities_general_top30,4,VARZEA ALEGRE,VARZEA ALEGRE,interior,cidade,59.75,alto,77.9,moderada,88.2,muito alta,1,1,17.0,100.0,100.0,50.0,30.0,100.0,0.0,100.0,2.25,95.6,14,14,False,stable,Sinal neural do ST-GAT,100.0,Tensão territorial,100.0,Atividade recente e vizinhança,50.0,Sinal neural do ST-GAT: 100.0% | Tensão territorial: 100.0% | Atividade recente e vizinhança: 50.0%,"VARZEA ALEGRE aparece na posição 4 de 69, com risco 59.8 e nível alto; é prioridade imediata de acompanhamento.","O peso principal vem de sinal neural do st-gat, com suporte territorial de 100.0% e 1 registros recentes na janela de 30 dias.","Leitura consistente, mas ainda pede validação operacional pontual.",O território está bem destacado no ranking frente aos pares.,"Verificar eventos recentes, pressão territorial e coerência com inteligência local antes da próxima atualização do ranking."
2026-05-23T07:44:49,2026-05-20,src/core/orchestrator.py:get_combined_risk,cities_general_top30,5,TIANGUA,TIANGUA,interior,cidade,57.42,alto,78.6,moderada,86.7,muito alta,1,1,78.0,88.7,100.0,50.0,23.3,100.0,100.0,100.0,2.12,94.1,14,14,False,stable,Tensão territorial,100.0,Sinal neural do ST-GAT,88.7,Atividade recente e vizinhança,50.0,Tensão territorial: 100.0% | Sinal neural do ST-GAT: 88.7% | Atividade recente e vizinhança: 50.0%,"TIANGUA aparece na posição 5 de 69, com risco 57.4 e nível alto; é prioridade imediata de acompanhamento.","O peso principal vem de tensão territorial, com suporte territorial de 100.0% e 1 registros recentes na janela de 30 dias.","Leitura consistente, mas ainda pede validação operacional pontual.",O território está bem destacado no ranking frente aos pares.,"Verificar eventos recentes, pressão territorial e coerência com inteligência local antes da próxima atualização do ranking."
2026-05-23T07:44:49,2026-05-20,src/core/orchestrator.py:get_combined_risk,cities_general_top30,6,ALTO SANTO,ALTO SANTO,interior,cidade,52.23,alto,78.9,moderada,84.4,alta,1,1,22.0,76.2,100.0,50.0,33.3,100.0,5.0,100.0,1.84,92.6,14,14,False,stable,Tensão territorial,100.0,Sinal neural do ST-GAT,76.2,Atividade recente e vizinhança,50.0,Tensão territorial: 100.0% | Sinal neural do ST-GAT: 76.2% | Atividade recente e vizinhança: 50.0%,"ALTO SANTO aparece na posição 6 de 69, com risco 52.2 e nível alto; é prioridade alta de acompanhamento.","O peso principal vem de tensão territorial, com suporte territorial de 100.0% e 1 registros recentes na janela de 30 dias.","Leitura consistente, mas ainda pede validação operacional pontual.","O território se diferencia do bloco intermediário, mas sem isolamento absoluto.","Verificar eventos recentes, pressão territorial e coerência com inteligência local antes da próxima atualização do ranking."
2026-05-23T07:44:49,2026-05-20,src/core/orchestrator.py:get_combined_risk,cities_general_top30,7,JUAZEIRO DO NORTE,JUAZEIRO DO NORTE,interior,cidade,50.0,moderado,75.9,moderada,82.9,alta,2,2,134.0,0.0,100.0,100.0,46.7,100.0,100.0,100.0,1.71,91.2,14,14,False,stable,Atividade recente e vizinhança,100.0,Tensão territorial,100.0,CVLI recente na janela de 30 dias,40.0,Atividade recente e vizinhança: 100.0% | Tensão territorial: 100.0% | CVLI recente na janela de 30 dias: 40.0%,"JUAZEIRO DO NORTE aparece na posição 7 de 69, com risco 50.0 e nível moderado; é prioridade alta de acompanhamento.","O peso principal vem de atividade recente e vizinhança, com suporte territorial de 100.0% e 2 registros recentes na janela de 30 dias.","Leitura consistente, mas ainda pede validação operacional pontual.","O território se diferencia do bloco intermediário, mas sem isolamento absoluto.","Verificar eventos recentes, pressão territorial e coerência com inteligência local antes da próxima atualização do ranking."
2026-05-23T07:44:49,2026-05-20,src/core/orchestrator.py:get_combined_risk,cities_general_top30,8,CARIRE,CARIRE,interior,cidade,38.84,moderado,76.5,moderada,79.0,alta,1,1,24.0,32.9,100.0,50.0,46.7,100.0,10.0,100.0,1.09,89.7,14,14,False,stable,Tensão territorial,100.0,Atividade recente e vizinhança,50.0,Sinal neural do ST-GAT,32.9,Tensão territorial: 100.0% | Atividade recente e vizinhança: 50.0% | Sinal neural do ST-GAT: 32.9%,"CARIRE aparece na posição 8 de 69, com risco 38.8 e nível moderado; é prioridade alta de acompanhamento.","O peso principal vem de tensão territorial, com suporte territorial de 100.0% e 1 registros recentes na janela de 30 dias.","Leitura consistente, mas ainda pede validação operacional pontual.","O território se diferencia do bloco intermediário, mas sem isolamento absoluto.","Verificar eventos recentes, pressão territorial e coerência com inteligência local antes da próxima atualização do ranking."
2026-05-23T07:44:49,2026-05-20,src/core/orchestrator.py:get_combined_risk,cities_general_top30,9,SOBRAL,SOBRAL,interior,cidade,26.31,baixo,67.7,baixa,74.8,alta,0,0,67.0,60.8,100.0,0.0,46.7,100.0,100.0,0.0,0.39,88.2,14,14,False,stable,Tensão territorial,100.0,Sinal neural do ST-GAT,60.8,Atividade recente e vizinhança,0.0,Tensão territorial: 100.0% | Sinal neural do ST-GAT: 60.8% | Atividade recente e vizinhança: 0.0%,"SOBRAL aparece na posição 9 de 69, com risco 26.3 e nível baixo; é prioridade alta de acompanhamento.","O peso principal vem de tensão territorial, com suporte territorial de 100.0% e 0 registros recentes na janela de 30 dias.",Leitura sensível a ruído; requer conferência adicional antes de decisão forte.,"O território se diferencia do bloco intermediário, mas sem isolamento absoluto.","Verificar eventos recentes, pressão territorial e coerência com inteligência local antes da próxima atualização do ranking."
2026-05-23T07:44:49,2026-05-20,src/core/orchestrator.py:get_combined_risk,cities_general_top30,10,LIMOEIRO DO NORTE,LIMOEIRO DO NORTE,interior,cidade,25.07,baixo,51.9,muito baixa,73.6,alta,0,0,40.0,74.8,50.0,0.0,46.7,50.0,50.0,0.0,0.32,86.8,14,14,False,stable,Sinal neural do ST-GAT,74.8,Tensão territorial,50.0,Atividade recente e vizinhança,0.0,Sinal neural do ST-GAT: 74.8% | Tensão territorial: 50.0% | Atividade recente e vizinhança: 0.0%,"LIMOEIRO DO NORTE aparece na posição 10 de 69, com risco 25.1 e nível baixo; é prioridade alta de acompanhamento.","O peso principal vem de sinal neural do st-gat, com suporte territorial de 50.0% e 0 registros recentes na janela de 30 dias.",Leitura sensível a ruído; requer conferência adicional antes de decisão forte.,"O território se diferencia do bloco intermediário, mas sem isolamento absoluto.","Verificar eventos recentes, pressão territorial e coerência com inteligência local antes da próxima atualização do ranking."
2026-05-23T07:44:49,2026-05-20,src/core/orchestrator.py:get_combined_risk,cities_general_top30,11,IGUATU,IGUATU,interior,cidade,23.12,baixo,67.8,baixa,72.2,alta,0,0,81.0,48.9,100.0,0.0,46.7,100.0,100.0,0.0,0.21,85.3,14,14,False,stable,Tensão territorial,100.0,Sinal neural do ST-GAT,48.9,Atividade recente e vizinhança,0.0,Tensão territorial: 100.0% | Sinal neural do ST-GAT: 48.9% | Atividade recente e vizinhança: 0.0%,"IGUATU aparece na posição 11 de 69, com risco 23.1 e nível baixo; é território de atenção tática.","O peso principal vem de tensão territorial, com suporte territorial de 100.0% e 0 registros recentes na janela de 30 dias.",Leitura sensível a ruído; requer conferência adicional antes de decisão forte.,"O território se diferencia do bloco intermediário, mas sem isolamento absoluto.","Verificar eventos recentes, pressão territorial e coerência com inteligência local antes da próxima atualização do ranking."
2026-05-23T07:44:49,2026-05-20,src/core/orchestrator.py:get_combined_risk,cities_general_top30,12,BATURITE,BATURITE,interior,cidade,23.12,baixo,67.8,baixa,71.3,alta,0,0,64.0,48.9,100.0,0.0,46.7,100.0,100.0,0.0,0.21,83.8,14,14,False,stable,Tensão territorial,100.0,Sinal neural do ST-GAT,48.9,Atividade recente e vizinhança,0.0,Tensão territorial: 100.0% | Sinal neural do ST-GAT: 48.9% | Atividade recente e vizinhança: 0.0%,"BATURITE aparece na posição 12 de 69, com risco 23.1 e nível baixo; é território de atenção tática.","O peso principal vem de tensão territorial, com suporte territorial de 100.0% e 0 registros recentes na janela de 30 dias.",Leitura sensível a ruído; requer conferência adicional antes de decisão forte.,"O território se diferencia do bloco intermediário, mas sem isolamento absoluto.","Verificar eventos recentes, pressão territorial e coerência com inteligência local antes da próxima atualização do ranking."
2026-05-23T07:44:49,2026-05-20,src/core/orchestrator.py:get_combined_risk,cities_general_top30,13,TRAIRI,TRAIRI,rmf,cidade,21.58,baixo,75.2,moderada,70.0,alta,5,5,16.0,23.8,0.0,100.0,3.3,100.0,0.0,100.0,0.13,82.4,30,14,True,stable,Atividade recente e vizinhança,100.0,CVLI recente na janela de 30 dias,100.0,Fallback histórico ativado,55.0,Atividade recente e vizinhança: 100.0% | CVLI recente na janela de 30 dias: 100.0% | Fallback histórico ativado: 55.0%,"TRAIRI aparece na posição 13 de 69, com risco 21.6 e nível baixo; é território de atenção tática.","O peso principal vem de atividade recente e vizinhança, com suporte territorial de 100.0% e 5 registros recentes na janela de 30 dias.","Leitura consistente, mas ainda pede validação operacional pontual.","O território se diferencia do bloco intermediário, mas sem isolamento absoluto.","Verificar eventos recentes, pressão territorial e coerência com inteligência local antes da próxima atualização do ranking."
2026-05-23T07:44:49,2026-05-20,src/core/orchestrator.py:get_combined_risk,cities_general_top30,14,JIJOCA DE JERICOACOARA,JIJOCA DE JERICOACOARA,interior,cidade,20.07,baixo,38.1,muito baixa,68.7,moderada,0,0,18.0,74.8,0.0,0.0,46.7,0.0,0.0,0.0,0.04,80.9,14,14,False,stable,Sinal neural do ST-GAT,74.8,Tensão territorial,0.0,Atividade recente e vizinhança,0.0,Sinal neural do ST-GAT: 74.8% | Tensão territorial: 0.0% | Atividade recente e vizinhança: 0.0%,"JIJOCA DE JERICOACOARA aparece na posição 14 de 69, com risco 20.1 e nível baixo; é território de atenção tática.","O peso principal vem de sinal neural do st-gat, com suporte territorial de 0.0% e 0 registros recentes na janela de 30 dias.",Leitura sensível a ruído; requer conferência adicional antes de decisão forte.,O território está próximo de pares vizinhos e pode oscilar no próximo ciclo.,"Verificar eventos recentes, pressão territorial e coerência com inteligência local antes da próxima atualização do ranking."
2026-05-23T07:44:49,2026-05-20,src/core/orchestrator.py:get_combined_risk,cities_general_top30,15,ACOPIARA,ACOPIARA,interior,cidade,20.07,baixo,38.1,muito baixa,67.8,moderada,0,0,14.0,74.8,0.0,0.0,46.7,0.0,0.0,0.0,0.04,79.4,14,14,False,stable,Sinal neural do ST-GAT,74.8,Tensão territorial,0.0,Atividade recente e vizinhança,0.0,Sinal neural do ST-GAT: 74.8% | Tensão territorial: 0.0% | Atividade recente e vizinhança: 0.0%,"ACOPIARA aparece na posição 15 de 69, com risco 20.1 e nível baixo; é território de atenção tática.","O peso principal vem de sinal neural do st-gat, com suporte territorial de 0.0% e 0 registros recentes na janela de 30 dias.",Leitura sensível a ruído; requer conferência adicional antes de decisão forte.,O território está próximo de pares vizinhos e pode oscilar no próximo ciclo.,"Verificar eventos recentes, pressão territorial e coerência com inteligência local antes da próxima atualização do ranking."
2026-05-23T07:44:49,2026-05-20,src/core/orchestrator.py:get_combined_risk,cities_general_top30,16,SANTANA DO ACARAU,SANTANA DO ACARAU,interior,cidade,20.07,baixo,38.1,muito baixa,66.9,moderada,0,0,9.0,74.8,0.0,0.0,46.7,0.0,0.0,0.0,0.04,77.9,14,14,False,stable,Sinal neural do ST-GAT,74.8,Tensão territorial,0.0,Atividade recente e vizinhança,0.0,Sinal neural do ST-GAT: 74.8% | Tensão territorial: 0.0% | Atividade recente e vizinhança: 0.0%,"SANTANA DO ACARAU aparece na posição 16 de 69, com risco 20.1 e nível baixo; é território de atenção tática.","O peso principal vem de sinal neural do st-gat, com suporte territorial de 0.0% e 0 registros recentes na janela de 30 dias.",Leitura sensível a ruído; requer conferência adicional antes de decisão forte.,O território está próximo de pares vizinhos e pode oscilar no próximo ciclo.,"Verificar eventos recentes, pressão territorial e coerência com inteligência local antes da próxima atualização do ranking."
2026-05-23T07:44:49,2026-05-20,src/core/orchestrator.py:get_combined_risk,cities_general_top30,17,CEDRO,CEDRO,interior,cidade,20.07,baixo,38.1,muito baixa,66.1,moderada,0,0,10.0,74.8,0.0,0.0,46.7,0.0,0.0,0.0,0.04,76.5,14,14,False,stable,Sinal neural do ST-GAT,74.8,Tensão territorial,0.0,Atividade recente e vizinhança,0.0,Sinal neural do ST-GAT: 74.8% | Tensão territorial: 0.0% | Atividade recente e vizinhança: 0.0%,"CEDRO aparece na posição 17 de 69, com risco 20.1 e nível baixo; é território de atenção tática.","O peso principal vem de sinal neural do st-gat, com suporte territorial de 0.0% e 0 registros recentes na janela de 30 dias.",Leitura sensível a ruído; requer conferência adicional antes de decisão forte.,O território está próximo de pares vizinhos e pode oscilar no próximo ciclo.,"Verificar eventos recentes, pressão territorial e coerência com inteligência local antes da próxima atualização do ranking."
2026-05-23T07:44:49,2026-05-20,src/core/orchestrator.py:get_combined_risk,cities_general_top30,18,CRATO,CRATO,interior,cidade,20.07,baixo,38.1,muito baixa,65.2,moderada,0,0,6.0,74.8,0.0,0.0,46.7,0.0,0.0,0.0,0.04,75.0,14,14,False,stable,Sinal neural do ST-GAT,74.8,Tensão territorial,0.0,Atividade recente e vizinhança,0.0,Sinal neural do ST-GAT: 74.8% | Tensão territorial: 0.0% | Atividade recente e vizinhança: 0.0%,"CRATO aparece na posição 18 de 69, com risco 20.1 e nível baixo; é território de atenção tática.","O peso principal vem de sinal neural do st-gat, com suporte territorial de 0.0% e 0 registros recentes na janela de 30 dias.",Leitura sensível a ruído; requer conferência adicional antes de decisão forte.,O território está próximo de pares vizinhos e pode oscilar no próximo ciclo.,"Verificar eventos recentes, pressão territorial e coerência com inteligência local antes da próxima atualização do ranking."
2026-05-23T07:44:49,2026-05-20,src/core/orchestrator.py:get_combined_risk,cities_general_top30,19,GROAIRAS,GROAIRAS,interior,cidade,19.87,baixo,55.2,baixa,64.2,moderada,0,0,47.0,48.9,67.5,0.0,46.7,67.5,67.5,0.0,0.03,73.5,14,14,False,stable,Tensão territorial,67.5,Sinal neural do ST-GAT,48.9,Atividade recente e vizinhança,0.0,Tensão territorial: 67.5% | Sinal neural do ST-GAT: 48.9% | Atividade recente e vizinhança: 0.0%,"GROAIRAS aparece na posição 19 de 69, com risco 19.9 e nível baixo; é território de atenção tática.","O peso principal vem de tensão territorial, com suporte territorial de 67.5% e 0 registros recentes na janela de 30 dias.",Leitura sensível a ruído; requer conferência adicional antes de decisão forte.,O território está próximo de pares vizinhos e pode oscilar no próximo ciclo.,"Verificar eventos recentes, pressão territorial e coerência com inteligência local antes da próxima atualização do ranking."
2026-05-23T07:44:49,2026-05-20,src/core/orchestrator.py:get_combined_risk,cities_general_top30,20,IRACEMA,IRACEMA,interior,cidade,19.6,baixo,37.9,muito baixa,63.3,moderada,0,0,15.0,73.0,0.0,0.0,46.7,0.0,0.0,0.0,0.02,72.1,14,14,False,stable,Sinal neural do ST-GAT,73.0,Tensão territorial,0.0,Atividade recente e vizinhança,0.0,Sinal neural do ST-GAT: 73.0% | Tensão territorial: 0.0% | Atividade recente e vizinhança: 0.0%,"IRACEMA aparece na posição 20 de 69, com risco 19.6 e nível baixo; é território de atenção tática.","O peso principal vem de sinal neural do st-gat, com suporte territorial de 0.0% e 0 registros recentes na janela de 30 dias.",Leitura sensível a ruído; requer conferência adicional antes de decisão forte.,O território está próximo de pares vizinhos e pode oscilar no próximo ciclo.,"Verificar eventos recentes, pressão territorial e coerência com inteligência local antes da próxima atualização do ranking."
2026-05-23T07:44:49,2026-05-20,src/core/orchestrator.py:get_combined_risk,cities_general_top30,21,URUBURETAMA,URUBURETAMA,interior,cidade,19.55,baixo,40.0,muito baixa,62.4,moderada,0,0,23.0,70.1,7.5,0.0,46.7,7.5,7.5,0.0,0.01,70.6,14,14,False,stable,Sinal neural do ST-GAT,70.1,Tensão territorial,7.5,Atividade recente e vizinhança,0.0,Sinal neural do ST-GAT: 70.1% | Tensão territorial: 7.5% | Atividade recente e vizinhança: 0.0%,"URUBURETAMA aparece na posição 21 de 69, com risco 19.6 e nível baixo; é território de atenção tática.","O peso principal vem de sinal neural do st-gat, com suporte territorial de 7.5% e 0 registros recentes na janela de 30 dias.",Leitura sensível a ruído; requer conferência adicional antes de decisão forte.,O território está próximo de pares vizinhos e pode oscilar no próximo ciclo.,"Verificar eventos recentes, pressão territorial e coerência com inteligência local antes da próxima atualização do ranking."
2026-05-23T07:44:49,2026-05-20,src/core/orchestrator.py:get_combined_risk,cities_general_top30,22,OROS,OROS,interior,cidade,18.91,baixo,37.7,muito baixa,61.4,moderada,0,0,13.0,70.5,0.0,0.0,46.7,0.0,0.0,0.0,-0.02,69.1,14,14,False,stable,Sinal neural do ST-GAT,70.5,Tensão territorial,0.0,Atividade recente e vizinhança,0.0,Sinal neural do ST-GAT: 70.5% | Tensão territorial: 0.0% | Atividade recente e vizinhança: 0.0%,"OROS aparece na posição 22 de 69, com risco 18.9 e nível baixo; é território de atenção tática.","O peso principal vem de sinal neural do st-gat, com suporte territorial de 0.0% e 0 registros recentes na janela de 30 dias.",Leitura sensível a ruído; requer conferência adicional antes de decisão forte.,O território está próximo de pares vizinhos e pode oscilar no próximo ciclo.,"Verificar eventos recentes, pressão territorial e coerência com inteligência local antes da próxima atualização do ranking."
2026-05-23T07:44:49,2026-05-20,src/core/orchestrator.py:get_combined_risk,cities_general_top30,23,AURORA,AURORA,interior,cidade,18.89,baixo,37.6,muito baixa,60.4,moderada,0,0,8.0,70.4,0.0,0.0,46.7,0.0,0.0,0.0,-0.02,67.6,14,14,False,stable,Sinal neural do ST-GAT,70.4,Tensão territorial,0.0,Atividade recente e vizinhança,0.0,Sinal neural do ST-GAT: 70.4% | Tensão territorial: 0.0% | Atividade recente e vizinhança: 0.0%,"AURORA aparece na posição 23 de 69, com risco 18.9 e nível baixo; é território de atenção tática.","O peso principal vem de sinal neural do st-gat, com suporte territorial de 0.0% e 0 registros recentes na janela de 30 dias.",Leitura sensível a ruído; requer conferência adicional antes de decisão forte.,O território está próximo de pares vizinhos e pode oscilar no próximo ciclo.,"Verificar eventos recentes, pressão territorial e coerência com inteligência local antes da próxima atualização do ranking."
2026-05-23T07:44:49,2026-05-20,src/core/orchestrator.py:get_combined_risk,cities_general_top30,24,HORIZONTE,HORIZONTE,rmf,cidade,17.41,baixo,43.5,muito baixa,59.2,moderada,0,0,128.0,4.1,0.0,0.0,46.7,100.0,100.0,0.0,-0.11,66.2,30,14,True,stable,Fallback histórico ativado,55.0,Sinal neural do ST-GAT,4.1,Tensão territorial,0.0,Fallback histórico ativado: 55.0% | Sinal neural do ST-GAT: 4.1% | Tensão territorial: 0.0%,"HORIZONTE aparece na posição 24 de 69, com risco 17.4 e nível baixo; é território de atenção tática.","O peso principal vem de fallback histórico ativado, com suporte territorial de 100.0% e 0 registros recentes na janela de 30 dias.",Leitura mais fraca; parte do peso vem de fallback histórico e deve ser confirmada em campo.,O território está próximo de pares vizinhos e pode oscilar no próximo ciclo.,"Verificar eventos recentes, pressão territorial e coerência com inteligência local antes da próxima atualização do ranking."
2026-05-23T07:44:49,2026-05-20,src/core/orchestrator.py:get_combined_risk,cities_general_top30,25,ITAITINGA,ITAITINGA,rmf,cidade,16.79,baixo,35.8,muito baixa,58.1,moderada,0,1,26.0,2.9,0.0,0.0,46.7,50.0,15.0,50.0,-0.14,64.7,30,14,True,stable,Fallback histórico ativado,55.0,CVLI recente na janela de 30 dias,20.0,Sinal neural do ST-GAT,2.9,Fallback histórico ativado: 55.0% | CVLI recente na janela de 30 dias: 20.0% | Sinal neural do ST-GAT: 2.9%,"ITAITINGA aparece na posição 25 de 69, com risco 16.8 e nível baixo; é território de atenção tática.","O peso principal vem de fallback histórico ativado, com suporte territorial de 50.0% e 1 registros recentes na janela de 30 dias.",Leitura mais fraca; parte do peso vem de fallback histórico e deve ser confirmada em campo.,O território está próximo de pares vizinhos e pode oscilar no próximo ciclo.,"Verificar eventos recentes, pressão territorial e coerência com inteligência local antes da próxima atualização do ranking."
2026-05-23T07:44:49,2026-05-20,src/core/orchestrator.py:get_combined_risk,cities_general_top30,26,FORQUILHA,FORQUILHA,interior,cidade,16.31,baixo,36.6,muito baixa,57.1,moderada,0,0,12.0,60.8,0.0,0.0,46.7,0.0,0.0,0.0,-0.17,63.2,14,14,False,stable,Sinal neural do ST-GAT,60.8,Tensão territorial,0.0,Atividade recente e vizinhança,0.0,Sinal neural do ST-GAT: 60.8% | Tensão territorial: 0.0% | Atividade recente e vizinhança: 0.0%,"FORQUILHA aparece na posição 26 de 69, com risco 16.3 e nível baixo; é território de atenção tática.","O peso principal vem de sinal neural do st-gat, com suporte territorial de 0.0% e 0 registros recentes na janela de 30 dias.",Leitura sensível a ruído; requer conferência adicional antes de decisão forte.,O território está próximo de pares vizinhos e pode oscilar no próximo ciclo.,"Verificar eventos recentes, pressão territorial e coerência com inteligência local antes da próxima atualização do ranking."
2026-05-23T07:44:49,2026-05-20,src/core/orchestrator.py:get_combined_risk,cities_general_top30,27,ARATUBA,ARATUBA,interior,cidade,16.12,baixo,43.7,muito baixa,56.2,moderada,0,0,32.0,48.9,30.0,0.0,46.7,30.0,30.0,0.0,-0.18,61.8,14,14,False,stable,Sinal neural do ST-GAT,48.9,Tensão territorial,30.0,Atividade recente e vizinhança,0.0,Sinal neural do ST-GAT: 48.9% | Tensão territorial: 30.0% | Atividade recente e vizinhança: 0.0%,"ARATUBA aparece na posição 27 de 69, com risco 16.1 e nível baixo; é território de atenção tática.","O peso principal vem de sinal neural do st-gat, com suporte territorial de 30.0% e 0 registros recentes na janela de 30 dias.",Leitura sensível a ruído; requer conferência adicional antes de decisão forte.,O território está próximo de pares vizinhos e pode oscilar no próximo ciclo.,"Verificar eventos recentes, pressão territorial e coerência com inteligência local antes da próxima atualização do ranking."
2026-05-23T07:44:49,2026-05-20,src/core/orchestrator.py:get_combined_risk,cities_general_top30,28,PARAIPABA,PARAIPABA,rmf,cidade,15.87,baixo,25.0,muito baixa,55.3,moderada,0,0,31.0,1.1,0.0,0.0,46.7,27.5,27.5,0.0,-0.19,60.3,30,14,True,stable,Fallback histórico ativado,55.0,Sinal neural do ST-GAT,1.1,Tensão territorial,0.0,Fallback histórico ativado: 55.0% | Sinal neural do ST-GAT: 1.1% | Tensão territorial: 0.0%,"PARAIPABA aparece na posição 28 de 69, com risco 15.9 e nível baixo; é território de atenção tática.","O peso principal vem de fallback histórico ativado, com suporte territorial de 27.5% e 0 registros recentes na janela de 30 dias.",Leitura mais fraca; parte do peso vem de fallback histórico e deve ser confirmada em campo.,O território está próximo de pares vizinhos e pode oscilar no próximo ciclo.,"Verificar eventos recentes, pressão territorial e coerência com inteligência local antes da próxima atualização do ranking."
2026-05-23T07:44:49,2026-05-20,src/core/orchestrator.py:get_combined_risk,cities_general_top30,29,EUSEBIO,EUSEBIO,rmf,cidade,15.45,baixo,28.0,muito baixa,54.2,moderada,0,0,36.0,0.2,0.0,0.0,46.7,40.0,40.0,0.0,-0.22,58.8,30,14,True,stable,Fallback histórico ativado,55.0,Sinal neural do ST-GAT,0.2,Tensão territorial,0.0,Fallback histórico ativado: 55.0% | Sinal neural do ST-GAT: 0.2% | Tensão territorial: 0.0%,"EUSEBIO aparece na posição 29 de 69, com risco 15.4 e nível baixo; é território de atenção tática.","O peso principal vem de fallback histórico ativado, com suporte territorial de 40.0% e 0 registros recentes na janela de 30 dias.",Leitura mais fraca; parte do peso vem de fallback histórico e deve ser confirmada em campo.,O território está próximo de pares vizinhos e pode oscilar no próximo ciclo.,"Verificar eventos recentes, pressão territorial e coerência com inteligência local antes da próxima atualização do ranking."
2026-05-23T07:44:49,2026-05-20,src/core/orchestrator.py:get_combined_risk,cities_general_top30,30,PACATUBA,PACATUBA,rmf,cidade,15.45,baixo,41.8,muito baixa,53.4,moderada,0,0,58.0,0.2,0.0,0.0,46.7,95.0,95.0,0.0,-0.22,57.4,30,14,True,stable,Fallback histórico ativado,55.0,Sinal neural do ST-GAT,0.2,Tensão territorial,0.0,Fallback histórico ativado: 55.0% | Sinal neural do ST-GAT: 0.2% | Tensão territorial: 0.0%,"PACATUBA aparece na posição 30 de 69, com risco 15.4 e nível baixo; é território de atenção tática.","O peso principal vem de fallback histórico ativado, com suporte territorial de 95.0% e 0 registros recentes na janela de 30 dias.",Leitura mais fraca; parte do peso vem de fallback histórico e deve ser confirmada em campo.,O território está próximo de pares vizinhos e pode oscilar no próximo ciclo.,"Verificar eventos recentes, pressão territorial e coerência com inteligência local antes da próxima atualização do ranking."
2026-05-23T07:44:49,2026-05-20,src/core/orchestrator.py:get_combined_risk,cities_rmf_top20,1,MARACANAU,MARACANAU,rmf,cidade,85.33,crítico,53.9,muito baixa,93.4,muito alta,0,0,654.0,100.0,100.0,0.0,46.7,100.0,100.0,0.0,2.8,100.0,30,14,True,stable,Sinal neural do ST-GAT,100.0,Tensão territorial,100.0,Fallback histórico ativado,55.0,Sinal neural do ST-GAT: 100.0% | Tensão territorial: 100.0% | Fallback histórico ativado: 55.0%,"MARACANAU aparece na posição 1 de 19, com risco 85.3 e nível crítico; é prioridade imediata de acompanhamento.","O peso principal vem de sinal neural do st-gat, com suporte territorial de 100.0% e 0 registros recentes na janela de 30 dias.",Leitura mais fraca; parte do peso vem de fallback histórico e deve ser confirmada em campo.,O território está bem destacado no ranking frente aos pares.,"Verificar eventos recentes, pressão territorial e coerência com inteligência local antes da próxima atualização do ranking."
2026-05-23T07:44:49,2026-05-20,src/core/orchestrator.py:get_combined_risk,cities_rmf_top20,2,CAUCAIA,CAUCAIA,rmf,cidade,83.55,crítico,54.1,muito baixa,89.7,muito alta,0,0,652.0,96.4,100.0,0.0,46.7,100.0,100.0,0.0,2.72,94.4,30,14,True,stable,Tensão territorial,100.0,Sinal neural do ST-GAT,96.4,Fallback histórico ativado,55.0,Tensão territorial: 100.0% | Sinal neural do ST-GAT: 96.4% | Fallback histórico ativado: 55.0%,"CAUCAIA aparece na posição 2 de 19, com risco 83.5 e nível crítico; é prioridade imediata de acompanhamento.","O peso principal vem de tensão territorial, com suporte territorial de 100.0% e 0 registros recentes na janela de 30 dias.",Leitura mais fraca; parte do peso vem de fallback histórico e deve ser confirmada em campo.,O território está bem destacado no ranking frente aos pares.,"Verificar eventos recentes, pressão territorial e coerência com inteligência local antes da próxima atualização do ranking."
2026-05-23T07:44:49,2026-05-20,src/core/orchestrator.py:get_combined_risk,cities_rmf_top20,3,TRAIRI,TRAIRI,rmf,cidade,21.58,baixo,75.2,moderada,74.3,alta,5,5,16.0,23.8,0.0,100.0,3.3,100.0,0.0,100.0,0.2,88.9,30,14,True,stable,Atividade recente e vizinhança,100.0,CVLI recente na janela de 30 dias,100.0,Fallback histórico ativado,55.0,Atividade recente e vizinhança: 100.0% | CVLI recente na janela de 30 dias: 100.0% | Fallback histórico ativado: 55.0%,"TRAIRI aparece na posição 3 de 19, com risco 21.6 e nível baixo; é prioridade imediata de acompanhamento.","O peso principal vem de atividade recente e vizinhança, com suporte territorial de 100.0% e 5 registros recentes na janela de 30 dias.","Leitura consistente, mas ainda pede validação operacional pontual.","O território se diferencia do bloco intermediário, mas sem isolamento absoluto.","Verificar eventos recentes, pressão territorial e coerência com inteligência local antes da próxima atualização do ranking."
2026-05-23T07:44:49,2026-05-20,src/core/orchestrator.py:get_combined_risk,cities_rmf_top20,4,HORIZONTE,HORIZONTE,rmf,cidade,17.41,baixo,43.5,muito baixa,70.1,alta,0,0,128.0,4.1,0.0,0.0,46.7,100.0,100.0,0.0,0.03,83.3,30,14,True,stable,Fallback histórico ativado,55.0,Sinal neural do ST-GAT,4.1,Tensão territorial,0.0,Fallback histórico ativado: 55.0% | Sinal neural do ST-GAT: 4.1% | Tensão territorial: 0.0%,"HORIZONTE aparece na posição 4 de 19, com risco 17.4 e nível baixo; é prioridade imediata de acompanhamento.","O peso principal vem de fallback histórico ativado, com suporte territorial de 100.0% e 0 registros recentes na janela de 30 dias.",Leitura mais fraca; parte do peso vem de fallback histórico e deve ser confirmada em campo.,"O território se diferencia do bloco intermediário, mas sem isolamento absoluto.","Verificar eventos recentes, pressão territorial e coerência com inteligência local antes da próxima atualização do ranking."
2026-05-23T07:44:49,2026-05-20,src/core/orchestrator.py:get_combined_risk,cities_rmf_top20,5,ITAITINGA,ITAITINGA,rmf,cidade,16.79,baixo,35.8,muito baixa,66.7,moderada,0,1,26.0,2.9,0.0,0.0,46.7,50.0,15.0,50.0,0.0,77.8,30,14,True,stable,Fallback histórico ativado,55.0,CVLI recente na janela de 30 dias,20.0,Sinal neural do ST-GAT,2.9,Fallback histórico ativado: 55.0% | CVLI recente na janela de 30 dias: 20.0% | Sinal neural do ST-GAT: 2.9%,"ITAITINGA aparece na posição 5 de 19, com risco 16.8 e nível baixo; é prioridade imediata de acompanhamento.","O peso principal vem de fallback histórico ativado, com suporte territorial de 50.0% e 1 registros recentes na janela de 30 dias.",Leitura mais fraca; parte do peso vem de fallback histórico e deve ser confirmada em campo.,O território está próximo de pares vizinhos e pode oscilar no próximo ciclo.,"Verificar eventos recentes, pressão territorial e coerência com inteligência local antes da próxima atualização do ranking."
2026-05-23T07:44:49,2026-05-20,src/core/orchestrator.py:get_combined_risk,cities_rmf_top20,6,PARAIPABA,PARAIPABA,rmf,cidade,15.87,baixo,25.0,muito baixa,63.2,moderada,0,0,31.0,1.1,0.0,0.0,46.7,27.5,27.5,0.0,-0.03,72.2,30,14,True,stable,Fallback histórico ativado,55.0,Sinal neural do ST-GAT,1.1,Tensão territorial,0.0,Fallback histórico ativado: 55.0% | Sinal neural do ST-GAT: 1.1% | Tensão territorial: 0.0%,"PARAIPABA aparece na posição 6 de 19, com risco 15.9 e nível baixo; é prioridade alta de acompanhamento.","O peso principal vem de fallback histórico ativado, com suporte territorial de 27.5% e 0 registros recentes na janela de 30 dias.",Leitura mais fraca; parte do peso vem de fallback histórico e deve ser confirmada em campo.,O território está próximo de pares vizinhos e pode oscilar no próximo ciclo.,"Verificar eventos recentes, pressão territorial e coerência com inteligência local antes da próxima atualização do ranking."
2026-05-23T07:44:49,2026-05-20,src/core/orchestrator.py:get_combined_risk,cities_rmf_top20,7,EUSEBIO,EUSEBIO,rmf,cidade,15.45,baixo,28.0,muito baixa,59.8,moderada,0,0,36.0,0.2,0.0,0.0,46.7,40.0,40.0,0.0,-0.05,66.7,30,14,True,stable,Fallback histórico ativado,55.0,Sinal neural do ST-GAT,0.2,Tensão territorial,0.0,Fallback histórico ativado: 55.0% | Sinal neural do ST-GAT: 0.2% | Tensão territorial: 0.0%,"EUSEBIO aparece na posição 7 de 19, com risco 15.4 e nível baixo; é prioridade alta de acompanhamento.","O peso principal vem de fallback histórico ativado, com suporte territorial de 40.0% e 0 registros recentes na janela de 30 dias.",Leitura mais fraca; parte do peso vem de fallback histórico e deve ser confirmada em campo.,O território está próximo de pares vizinhos e pode oscilar no próximo ciclo.,"Verificar eventos recentes, pressão territorial e coerência com inteligência local antes da próxima atualização do ranking."
2026-05-23T07:44:49,2026-05-20,src/core/orchestrator.py:get_combined_risk,cities_rmf_top20,8,PACATUBA,PACATUBA,rmf,cidade,15.45,baixo,41.8,muito baixa,56.4,moderada,0,0,58.0,0.2,0.0,0.0,46.7,95.0,95.0,0.0,-0.05,61.1,30,14,True,stable,Fallback histórico ativado,55.0,Sinal neural do ST-GAT,0.2,Tensão territorial,0.0,Fallback histórico ativado: 55.0% | Sinal neural do ST-GAT: 0.2% | Tensão territorial: 0.0%,"PACATUBA aparece na posição 8 de 19, com risco 15.4 e nível baixo; é prioridade alta de acompanhamento.","O peso principal vem de fallback histórico ativado, com suporte territorial de 95.0% e 0 registros recentes na janela de 30 dias.",Leitura mais fraca; parte do peso vem de fallback histórico e deve ser confirmada em campo.,O território está próximo de pares vizinhos e pode oscilar no próximo ciclo.,"Verificar eventos recentes, pressão territorial e coerência com inteligência local antes da próxima atualização do ranking."
2026-05-23T07:44:49,2026-05-20,src/core/orchestrator.py:get_combined_risk,cities_rmf_top20,9,SAO LUIS DO CURU,SAO LUIS DO CURU,rmf,cidade,15.45,baixo,21.2,muito baixa,53.1,moderada,0,0,25.0,0.2,0.0,0.0,46.7,12.5,12.5,0.0,-0.05,55.6,30,14,True,stable,Fallback histórico ativado,55.0,Sinal neural do ST-GAT,0.2,Tensão territorial,0.0,Fallback histórico ativado: 55.0% | Sinal neural do ST-GAT: 0.2% | Tensão territorial: 0.0%,"SAO LUIS DO CURU aparece na posição 9 de 19, com risco 15.4 e nível baixo; é prioridade alta de acompanhamento.","O peso principal vem de fallback histórico ativado, com suporte territorial de 12.5% e 0 registros recentes na janela de 30 dias.",Leitura mais fraca; parte do peso vem de fallback histórico e deve ser confirmada em campo.,O território está próximo de pares vizinhos e pode oscilar no próximo ciclo.,"Verificar eventos recentes, pressão territorial e coerência com inteligência local antes da próxima atualização do ranking."
2026-05-23T07:44:49,2026-05-20,src/core/orchestrator.py:get_combined_risk,cities_rmf_top20,10,PACAJUS,PACAJUS,rmf,cidade,15.45,baixo,43.0,muito baixa,49.8,baixa,0,0,104.0,0.2,0.0,0.0,46.7,100.0,100.0,0.0,-0.05,50.0,30,14,True,stable,Fallback histórico ativado,55.0,Sinal neural do ST-GAT,0.2,Tensão territorial,0.0,Fallback histórico ativado: 55.0% | Sinal neural do ST-GAT: 0.2% | Tensão territorial: 0.0%,"PACAJUS aparece na posição 10 de 19, com risco 15.4 e nível baixo; é prioridade alta de acompanhamento.","O peso principal vem de fallback histórico ativado, com suporte territorial de 100.0% e 0 registros recentes na janela de 30 dias.",Leitura mais fraca; parte do peso vem de fallback histórico e deve ser confirmada em campo.,O território está próximo de pares vizinhos e pode oscilar no próximo ciclo.,"Verificar eventos recentes, pressão territorial e coerência com inteligência local antes da próxima atualização do ranking."
2026-05-23T07:44:49,2026-05-20,src/core/orchestrator.py:get_combined_risk,cities_rmf_top20,11,PINDORETAMA,PINDORETAMA,rmf,cidade,15.45,baixo,31.8,muito baixa,46.4,baixa,0,0,42.0,0.2,0.0,0.0,46.7,55.0,55.0,0.0,-0.05,44.4,30,14,True,stable,Fallback histórico ativado,55.0,Sinal neural do ST-GAT,0.2,Tensão territorial,0.0,Fallback histórico ativado: 55.0% | Sinal neural do ST-GAT: 0.2% | Tensão territorial: 0.0%,"PINDORETAMA aparece na posição 11 de 19, com risco 15.4 e nível baixo; é território de atenção tática.","O peso principal vem de fallback histórico ativado, com suporte territorial de 55.0% e 0 registros recentes na janela de 30 dias.",Leitura mais fraca; parte do peso vem de fallback histórico e deve ser confirmada em campo.,O território está próximo de pares vizinhos e pode oscilar no próximo ciclo.,"Verificar eventos recentes, pressão territorial e coerência com inteligência local antes da próxima atualização do ranking."
2026-05-23T07:44:49,2026-05-20,src/core/orchestrator.py:get_combined_risk,cities_rmf_top20,12,AQUIRAZ,AQUIRAZ,rmf,cidade,0.0,baixo,18.0,muito baixa,40.1,baixa,0,0,20.0,0.2,0.0,0.0,46.7,0.0,0.0,0.0,-0.68,38.9,30,14,True,stable,Fallback histórico ativado,55.0,Sinal neural do ST-GAT,0.2,Tensão territorial,0.0,Fallback histórico ativado: 55.0% | Sinal neural do ST-GAT: 0.2% | Tensão territorial: 0.0%,"AQUIRAZ aparece na posição 12 de 19, com risco 0.0 e nível baixo; é território de atenção tática.","O peso principal vem de fallback histórico ativado, com suporte territorial de 0.0% e 0 registros recentes na janela de 30 dias.",Leitura mais fraca; parte do peso vem de fallback histórico e deve ser confirmada em campo.,O território está próximo de pares vizinhos e pode oscilar no próximo ciclo.,"Verificar eventos recentes, pressão territorial e coerência com inteligência local antes da próxima atualização do ranking."
2026-05-23T07:44:49,2026-05-20,src/core/orchestrator.py:get_combined_risk,cities_rmf_top20,13,PARACURU,PARACURU,rmf,cidade,0.0,baixo,18.0,muito baixa,36.7,baixa,0,0,19.0,0.0,0.0,0.0,46.7,0.0,0.0,0.0,-0.68,33.3,30,14,True,stable,Fallback histórico ativado,55.0,Sinal neural do ST-GAT,0.0,Tensão territorial,0.0,Fallback histórico ativado: 55.0% | Sinal neural do ST-GAT: 0.0% | Tensão territorial: 0.0%,"PARACURU aparece na posição 13 de 19, com risco 0.0 e nível baixo; é território de atenção tática.","O peso principal vem de fallback histórico ativado, com suporte territorial de 0.0% e 0 registros recentes na janela de 30 dias.",Leitura mais fraca; parte do peso vem de fallback histórico e deve ser confirmada em campo.,O território está próximo de pares vizinhos e pode oscilar no próximo ciclo.,"Verificar eventos recentes, pressão territorial e coerência com inteligência local antes da próxima atualização do ranking."
2026-05-23T07:44:49,2026-05-20,src/core/orchestrator.py:get_combined_risk,cities_rmf_top20,14,MARANGUAPE,MARANGUAPE,rmf,cidade,0.0,baixo,18.0,muito baixa,33.4,baixa,0,0,9.0,0.2,0.0,0.0,46.7,0.0,0.0,0.0,-0.68,27.8,30,14,True,stable,Fallback histórico ativado,55.0,Sinal neural do ST-GAT,0.2,Tensão territorial,0.0,Fallback histórico ativado: 55.0% | Sinal neural do ST-GAT: 0.2% | Tensão territorial: 0.0%,"MARANGUAPE aparece na posição 14 de 19, com risco 0.0 e nível baixo; é território de atenção tática.","O peso principal vem de fallback histórico ativado, com suporte territorial de 0.0% e 0 registros recentes na janela de 30 dias.",Leitura mais fraca; parte do peso vem de fallback histórico e deve ser confirmada em campo.,O território está próximo de pares vizinhos e pode oscilar no próximo ciclo.,"Verificar eventos recentes, pressão territorial e coerência com inteligência local antes da próxima atualização do ranking."
2026-05-23T07:44:49,2026-05-20,src/core/orchestrator.py:get_combined_risk,cities_rmf_top20,15,GUAIUBA,GUAIUBA,rmf,cidade,0.0,baixo,18.0,muito baixa,30.0,baixa,0,0,15.0,0.2,0.0,0.0,46.7,0.0,0.0,0.0,-0.68,22.2,30,14,True,stable,Fallback histórico ativado,55.0,Sinal neural do ST-GAT,0.2,Tensão territorial,0.0,Fallback histórico ativado: 55.0% | Sinal neural do ST-GAT: 0.2% | Tensão territorial: 0.0%,"GUAIUBA aparece na posição 15 de 19, com risco 0.0 e nível baixo; é território de atenção tática.","O peso principal vem de fallback histórico ativado, com suporte territorial de 0.0% e 0 registros recentes na janela de 30 dias.",Leitura mais fraca; parte do peso vem de fallback histórico e deve ser confirmada em campo.,O território está próximo de pares vizinhos e pode oscilar no próximo ciclo.,"Verificar eventos recentes, pressão territorial e coerência com inteligência local antes da próxima atualização do ranking."
2026-05-23T07:44:49,2026-05-20,src/core/orchestrator.py:get_combined_risk,cities_rmf_top20,16,CHOROZINHO,CHOROZINHO,rmf,cidade,0.0,baixo,18.0,muito baixa,26.7,baixa,0,0,15.0,0.2,0.0,0.0,46.7,0.0,0.0,0.0,-0.68,16.7,30,14,True,stable,Fallback histórico ativado,55.0,Sinal neural do ST-GAT,0.2,Tensão territorial,0.0,Fallback histórico ativado: 55.0% | Sinal neural do ST-GAT: 0.2% | Tensão territorial: 0.0%,"CHOROZINHO aparece na posição 16 de 19, com risco 0.0 e nível baixo; é território de atenção tática.","O peso principal vem de fallback histórico ativado, com suporte territorial de 0.0% e 0 registros recentes na janela de 30 dias.",Leitura mais fraca; parte do peso vem de fallback histórico e deve ser confirmada em campo.,O território está próximo de pares vizinhos e pode oscilar no próximo ciclo.,"Verificar eventos recentes, pressão territorial e coerência com inteligência local antes da próxima atualização do ranking."
2026-05-23T07:44:49,2026-05-20,src/core/orchestrator.py:get_combined_risk,cities_rmf_top20,17,CASCAVEL,CASCAVEL,rmf,cidade,0.0,baixo,18.1,muito baixa,23.4,baixa,0,0,2.0,0.5,0.0,0.0,46.7,0.0,0.0,0.0,-0.68,11.1,30,14,True,stable,Fallback histórico ativado,55.0,Sinal neural do ST-GAT,0.5,Tensão territorial,0.0,Fallback histórico ativado: 55.0% | Sinal neural do ST-GAT: 0.5% | Tensão territorial: 0.0%,"CASCAVEL aparece na posição 17 de 19, com risco 0.0 e nível baixo; é território de atenção tática.","O peso principal vem de fallback histórico ativado, com suporte territorial de 0.0% e 0 registros recentes na janela de 30 dias.",Leitura mais fraca; parte do peso vem de fallback histórico e deve ser confirmada em campo.,O território está próximo de pares vizinhos e pode oscilar no próximo ciclo.,"Verificar eventos recentes, pressão territorial e coerência com inteligência local antes da próxima atualização do ranking."
2026-05-23T07:44:49,2026-05-20,src/core/orchestrator.py:get_combined_risk,cities_rmf_top20,18,SAO GONCALO DO AMARANTE,SAO GONCALO DO AMARANTE,rmf,cidade,0.0,baixo,18.0,muito baixa,20.1,baixa,0,0,1.0,0.2,0.0,0.0,46.7,0.0,0.0,0.0,-0.68,5.6,30,14,True,stable,Fallback histórico ativado,55.0,Sinal neural do ST-GAT,0.2,Tensão territorial,0.0,Fallback histórico ativado: 55.0% | Sinal neural do ST-GAT: 0.2% | Tensão territorial: 0.0%,"SAO GONCALO DO AMARANTE aparece na posição 18 de 19, com risco 0.0 e nível baixo; é território de atenção tática.","O peso principal vem de fallback histórico ativado, com suporte territorial de 0.0% e 0 registros recentes na janela de 30 dias.",Leitura mais fraca; parte do peso vem de fallback histórico e deve ser confirmada em campo.,O território está próximo de pares vizinhos e pode oscilar no próximo ciclo.,"Verificar eventos recentes, pressão territorial e coerência com inteligência local antes da próxima atualização do ranking."
2026-05-23T07:44:49,2026-05-20,src/core/orchestrator.py:get_combined_risk,cities_rmf_top20,19,BEBERIBE,BEBERIBE,rmf,cidade,0.0,baixo,18.0,muito baixa,16.7,baixa,0,0,1.0,0.4,0.0,0.0,46.7,0.0,0.0,0.0,-0.68,0.0,30,14,True,stable,Fallback histórico ativado,55.0,Sinal neural do ST-GAT,0.4,Tensão territorial,0.0,Fallback histórico ativado: 55.0% | Sinal neural do ST-GAT: 0.4% | Tensão territorial: 0.0%,"BEBERIBE aparece na posição 19 de 19, com risco 0.0 e nível baixo; é território de atenção tática.","O peso principal vem de fallback histórico ativado, com suporte territorial de 0.0% e 0 registros recentes na janela de 30 dias.",Leitura mais fraca; parte do peso vem de fallback histórico e deve ser confirmada em campo.,O território está próximo de pares vizinhos e pode oscilar no próximo ciclo.,"Verificar eventos recentes, pressão territorial e coerência com inteligência local antes da próxima atualização do ranking."
2026-05-23T07:44:49,2026-05-20,src/core/orchestrator.py:get_combined_risk,cities_interior_top30,1,ITAPAJE,ITAPAJE,interior,cidade,78.62,crítico,89.2,alta,99.3,muito alta,2,2,45.0,94.4,100.0,100.0,26.7,100.0,62.5,100.0,4.01,100.0,14,14,False,stable,Atividade recente e vizinhança,100.0,Tensão territorial,100.0,Sinal neural do ST-GAT,94.4,Atividade recente e vizinhança: 100.0% | Tensão territorial: 100.0% | Sinal neural do ST-GAT: 94.4%,"ITAPAJE aparece na posição 1 de 50, com risco 78.6 e nível crítico; é prioridade imediata de acompanhamento.","O peso principal vem de atividade recente e vizinhança, com suporte territorial de 100.0% e 2 registros recentes na janela de 30 dias.",Leitura com boa sustentação dos sinais atuais.,O território está bem destacado no ranking frente aos pares.,"Verificar eventos recentes, pressão territorial e coerência com inteligência local antes da próxima atualização do ranking."
2026-05-23T07:44:49,2026-05-20,src/core/orchestrator.py:get_combined_risk,cities_interior_top30,2,VARZEA ALEGRE,VARZEA ALEGRE,interior,cidade,59.75,alto,77.9,moderada,91.8,muito alta,1,1,17.0,100.0,100.0,50.0,30.0,100.0,0.0,100.0,2.71,98.0,14,14,False,stable,Sinal neural do ST-GAT,100.0,Tensão territorial,100.0,Atividade recente e vizinhança,50.0,Sinal neural do ST-GAT: 100.0% | Tensão territorial: 100.0% | Atividade recente e vizinhança: 50.0%,"VARZEA ALEGRE aparece na posição 2 de 50, com risco 59.8 e nível alto; é prioridade imediata de acompanhamento.","O peso principal vem de sinal neural do st-gat, com suporte territorial de 100.0% e 1 registros recentes na janela de 30 dias.","Leitura consistente, mas ainda pede validação operacional pontual.",O território está bem destacado no ranking frente aos pares.,"Verificar eventos recentes, pressão territorial e coerência com inteligência local antes da próxima atualização do ranking."
2026-05-23T07:44:49,2026-05-20,src/core/orchestrator.py:get_combined_risk,cities_interior_top30,3,TIANGUA,TIANGUA,interior,cidade,57.42,alto,78.6,moderada,89.8,muito alta,1,1,78.0,88.7,100.0,50.0,23.3,100.0,100.0,100.0,2.55,95.9,14,14,False,stable,Tensão territorial,100.0,Sinal neural do ST-GAT,88.7,Atividade recente e vizinhança,50.0,Tensão territorial: 100.0% | Sinal neural do ST-GAT: 88.7% | Atividade recente e vizinhança: 50.0%,"TIANGUA aparece na posição 3 de 50, com risco 57.4 e nível alto; é prioridade imediata de acompanhamento.","O peso principal vem de tensão territorial, com suporte territorial de 100.0% e 1 registros recentes na janela de 30 dias.","Leitura consistente, mas ainda pede validação operacional pontual.",O território está bem destacado no ranking frente aos pares.,"Verificar eventos recentes, pressão territorial e coerência com inteligência local antes da próxima atualização do ranking."
2026-05-23T07:44:49,2026-05-20,src/core/orchestrator.py:get_combined_risk,cities_interior_top30,4,ALTO SANTO,ALTO SANTO,interior,cidade,52.23,alto,78.9,moderada,86.9,muito alta,1,1,22.0,76.2,100.0,50.0,33.3,100.0,5.0,100.0,2.2,93.9,14,14,False,stable,Tensão territorial,100.0,Sinal neural do ST-GAT,76.2,Atividade recente e vizinhança,50.0,Tensão territorial: 100.0% | Sinal neural do ST-GAT: 76.2% | Atividade recente e vizinhança: 50.0%,"ALTO SANTO aparece na posição 4 de 50, com risco 52.2 e nível alto; é prioridade imediata de acompanhamento.","O peso principal vem de tensão territorial, com suporte territorial de 100.0% e 1 registros recentes na janela de 30 dias.","Leitura consistente, mas ainda pede validação operacional pontual.",O território está bem destacado no ranking frente aos pares.,"Verificar eventos recentes, pressão territorial e coerência com inteligência local antes da próxima atualização do ranking."
2026-05-23T07:44:49,2026-05-20,src/core/orchestrator.py:get_combined_risk,cities_interior_top30,5,JUAZEIRO DO NORTE,JUAZEIRO DO NORTE,interior,cidade,50.0,moderado,75.9,moderada,84.9,alta,2,2,134.0,0.0,100.0,100.0,46.7,100.0,100.0,100.0,2.04,91.8,14,14,False,stable,Atividade recente e vizinhança,100.0,Tensão territorial,100.0,CVLI recente na janela de 30 dias,40.0,Atividade recente e vizinhança: 100.0% | Tensão territorial: 100.0% | CVLI recente na janela de 30 dias: 40.0%,"JUAZEIRO DO NORTE aparece na posição 5 de 50, com risco 50.0 e nível moderado; é prioridade imediata de acompanhamento.","O peso principal vem de atividade recente e vizinhança, com suporte territorial de 100.0% e 2 registros recentes na janela de 30 dias.","Leitura consistente, mas ainda pede validação operacional pontual.","O território se diferencia do bloco intermediário, mas sem isolamento absoluto.","Verificar eventos recentes, pressão territorial e coerência com inteligência local antes da próxima atualização do ranking."
2026-05-23T07:44:49,2026-05-20,src/core/orchestrator.py:get_combined_risk,cities_interior_top30,6,CARIRE,CARIRE,interior,cidade,38.84,moderado,76.5,moderada,80.0,alta,1,1,24.0,32.9,100.0,50.0,46.7,100.0,10.0,100.0,1.28,89.8,14,14,False,stable,Tensão territorial,100.0,Atividade recente e vizinhança,50.0,Sinal neural do ST-GAT,32.9,Tensão territorial: 100.0% | Atividade recente e vizinhança: 50.0% | Sinal neural do ST-GAT: 32.9%,"CARIRE aparece na posição 6 de 50, com risco 38.8 e nível moderado; é prioridade alta de acompanhamento.","O peso principal vem de tensão territorial, com suporte territorial de 100.0% e 1 registros recentes na janela de 30 dias.","Leitura consistente, mas ainda pede validação operacional pontual.","O território se diferencia do bloco intermediário, mas sem isolamento absoluto.","Verificar eventos recentes, pressão territorial e coerência com inteligência local antes da próxima atualização do ranking."
2026-05-23T07:44:49,2026-05-20,src/core/orchestrator.py:get_combined_risk,cities_interior_top30,7,SOBRAL,SOBRAL,interior,cidade,26.31,baixo,67.7,baixa,74.7,alta,0,0,67.0,60.8,100.0,0.0,46.7,100.0,100.0,0.0,0.41,87.8,14,14,False,stable,Tensão territorial,100.0,Sinal neural do ST-GAT,60.8,Atividade recente e vizinhança,0.0,Tensão territorial: 100.0% | Sinal neural do ST-GAT: 60.8% | Atividade recente e vizinhança: 0.0%,"SOBRAL aparece na posição 7 de 50, com risco 26.3 e nível baixo; é prioridade alta de acompanhamento.","O peso principal vem de tensão territorial, com suporte territorial de 100.0% e 0 registros recentes na janela de 30 dias.",Leitura sensível a ruído; requer conferência adicional antes de decisão forte.,"O território se diferencia do bloco intermediário, mas sem isolamento absoluto.","Verificar eventos recentes, pressão territorial e coerência com inteligência local antes da próxima atualização do ranking."
2026-05-23T07:44:49,2026-05-20,src/core/orchestrator.py:get_combined_risk,cities_interior_top30,8,LIMOEIRO DO NORTE,LIMOEIRO DO NORTE,interior,cidade,25.07,baixo,51.9,muito baixa,73.0,alta,0,0,40.0,74.8,50.0,0.0,46.7,50.0,50.0,0.0,0.33,85.7,14,14,False,stable,Sinal neural do ST-GAT,74.8,Tensão territorial,50.0,Atividade recente e vizinhança,0.0,Sinal neural do ST-GAT: 74.8% | Tensão territorial: 50.0% | Atividade recente e vizinhança: 0.0%,"LIMOEIRO DO NORTE aparece na posição 8 de 50, com risco 25.1 e nível baixo; é prioridade alta de acompanhamento.","O peso principal vem de sinal neural do st-gat, com suporte territorial de 50.0% e 0 registros recentes na janela de 30 dias.",Leitura sensível a ruído; requer conferência adicional antes de decisão forte.,"O território se diferencia do bloco intermediário, mas sem isolamento absoluto.","Verificar eventos recentes, pressão territorial e coerência com inteligência local antes da próxima atualização do ranking."
2026-05-23T07:44:49,2026-05-20,src/core/orchestrator.py:get_combined_risk,cities_interior_top30,9,IGUATU,IGUATU,interior,cidade,23.12,baixo,67.8,baixa,71.1,alta,0,0,81.0,48.9,100.0,0.0,46.7,100.0,100.0,0.0,0.19,83.7,14,14,False,stable,Tensão territorial,100.0,Sinal neural do ST-GAT,48.9,Atividade recente e vizinhança,0.0,Tensão territorial: 100.0% | Sinal neural do ST-GAT: 48.9% | Atividade recente e vizinhança: 0.0%,"IGUATU aparece na posição 9 de 50, com risco 23.1 e nível baixo; é prioridade alta de acompanhamento.","O peso principal vem de tensão territorial, com suporte territorial de 100.0% e 0 registros recentes na janela de 30 dias.",Leitura sensível a ruído; requer conferência adicional antes de decisão forte.,"O território se diferencia do bloco intermediário, mas sem isolamento absoluto.","Verificar eventos recentes, pressão territorial e coerência com inteligência local antes da próxima atualização do ranking."
2026-05-23T07:44:49,2026-05-20,src/core/orchestrator.py:get_combined_risk,cities_interior_top30,10,BATURITE,BATURITE,interior,cidade,23.12,baixo,67.8,baixa,69.9,moderada,0,0,64.0,48.9,100.0,0.0,46.7,100.0,100.0,0.0,0.19,81.6,14,14,False,stable,Tensão territorial,100.0,Sinal neural do ST-GAT,48.9,Atividade recente e vizinhança,0.0,Tensão territorial: 100.0% | Sinal neural do ST-GAT: 48.9% | Atividade recente e vizinhança: 0.0%,"BATURITE aparece na posição 10 de 50, com risco 23.1 e nível baixo; é prioridade alta de acompanhamento.","O peso principal vem de tensão territorial, com suporte territorial de 100.0% e 0 registros recentes na janela de 30 dias.",Leitura sensível a ruído; requer conferência adicional antes de decisão forte.,O território está próximo de pares vizinhos e pode oscilar no próximo ciclo.,"Verificar eventos recentes, pressão territorial e coerência com inteligência local antes da próxima atualização do ranking."
2026-05-23T07:44:49,2026-05-20,src/core/orchestrator.py:get_combined_risk,cities_interior_top30,11,JIJOCA DE JERICOACOARA,JIJOCA DE JERICOACOARA,interior,cidade,20.07,baixo,38.1,muito baixa,67.7,moderada,0,0,18.0,74.8,0.0,0.0,46.7,0.0,0.0,0.0,-0.02,79.6,14,14,False,stable,Sinal neural do ST-GAT,74.8,Tensão territorial,0.0,Atividade recente e vizinhança,0.0,Sinal neural do ST-GAT: 74.8% | Tensão territorial: 0.0% | Atividade recente e vizinhança: 0.0%,"JIJOCA DE JERICOACOARA aparece na posição 11 de 50, com risco 20.1 e nível baixo; é território de atenção tática.","O peso principal vem de sinal neural do st-gat, com suporte territorial de 0.0% e 0 registros recentes na janela de 30 dias.",Leitura sensível a ruído; requer conferência adicional antes de decisão forte.,O território está próximo de pares vizinhos e pode oscilar no próximo ciclo.,"Verificar eventos recentes, pressão territorial e coerência com inteligência local antes da próxima atualização do ranking."
2026-05-23T07:44:49,2026-05-20,src/core/orchestrator.py:get_combined_risk,cities_interior_top30,12,ACOPIARA,ACOPIARA,interior,cidade,20.07,baixo,38.1,muito baixa,66.5,moderada,0,0,14.0,74.8,0.0,0.0,46.7,0.0,0.0,0.0,-0.02,77.6,14,14,False,stable,Sinal neural do ST-GAT,74.8,Tensão territorial,0.0,Atividade recente e vizinhança,0.0,Sinal neural do ST-GAT: 74.8% | Tensão territorial: 0.0% | Atividade recente e vizinhança: 0.0%,"ACOPIARA aparece na posição 12 de 50, com risco 20.1 e nível baixo; é território de atenção tática.","O peso principal vem de sinal neural do st-gat, com suporte territorial de 0.0% e 0 registros recentes na janela de 30 dias.",Leitura sensível a ruído; requer conferência adicional antes de decisão forte.,O território está próximo de pares vizinhos e pode oscilar no próximo ciclo.,"Verificar eventos recentes, pressão territorial e coerência com inteligência local antes da próxima atualização do ranking."
2026-05-23T07:44:49,2026-05-20,src/core/orchestrator.py:get_combined_risk,cities_interior_top30,13,SANTANA DO ACARAU,SANTANA DO ACARAU,interior,cidade,20.07,baixo,38.1,muito baixa,65.2,moderada,0,0,9.0,74.8,0.0,0.0,46.7,0.0,0.0,0.0,-0.02,75.5,14,14,False,stable,Sinal neural do ST-GAT,74.8,Tensão territorial,0.0,Atividade recente e vizinhança,0.0,Sinal neural do ST-GAT: 74.8% | Tensão territorial: 0.0% | Atividade recente e vizinhança: 0.0%,"SANTANA DO ACARAU aparece na posição 13 de 50, com risco 20.1 e nível baixo; é território de atenção tática.","O peso principal vem de sinal neural do st-gat, com suporte territorial de 0.0% e 0 registros recentes na janela de 30 dias.",Leitura sensível a ruído; requer conferência adicional antes de decisão forte.,O território está próximo de pares vizinhos e pode oscilar no próximo ciclo.,"Verificar eventos recentes, pressão territorial e coerência com inteligência local antes da próxima atualização do ranking."
2026-05-23T07:44:49,2026-05-20,src/core/orchestrator.py:get_combined_risk,cities_interior_top30,14,CEDRO,CEDRO,interior,cidade,20.07,baixo,38.1,muito baixa,64.0,moderada,0,0,10.0,74.8,0.0,0.0,46.7,0.0,0.0,0.0,-0.02,73.5,14,14,False,stable,Sinal neural do ST-GAT,74.8,Tensão territorial,0.0,Atividade recente e vizinhança,0.0,Sinal neural do ST-GAT: 74.8% | Tensão territorial: 0.0% | Atividade recente e vizinhança: 0.0%,"CEDRO aparece na posição 14 de 50, com risco 20.1 e nível baixo; é território de atenção tática.","O peso principal vem de sinal neural do st-gat, com suporte territorial de 0.0% e 0 registros recentes na janela de 30 dias.",Leitura sensível a ruído; requer conferência adicional antes de decisão forte.,O território está próximo de pares vizinhos e pode oscilar no próximo ciclo.,"Verificar eventos recentes, pressão territorial e coerência com inteligência local antes da próxima atualização do ranking."
2026-05-23T07:44:49,2026-05-20,src/core/orchestrator.py:get_combined_risk,cities_interior_top30,15,CRATO,CRATO,interior,cidade,20.07,baixo,38.1,muito baixa,62.8,moderada,0,0,6.0,74.8,0.0,0.0,46.7,0.0,0.0,0.0,-0.02,71.4,14,14,False,stable,Sinal neural do ST-GAT,74.8,Tensão territorial,0.0,Atividade recente e vizinhança,0.0,Sinal neural do ST-GAT: 74.8% | Tensão territorial: 0.0% | Atividade recente e vizinhança: 0.0%,"CRATO aparece na posição 15 de 50, com risco 20.1 e nível baixo; é território de atenção tática.","O peso principal vem de sinal neural do st-gat, com suporte territorial de 0.0% e 0 registros recentes na janela de 30 dias.",Leitura sensível a ruído; requer conferência adicional antes de decisão forte.,O território está próximo de pares vizinhos e pode oscilar no próximo ciclo.,"Verificar eventos recentes, pressão territorial e coerência com inteligência local antes da próxima atualização do ranking."
2026-05-23T07:44:49,2026-05-20,src/core/orchestrator.py:get_combined_risk,cities_interior_top30,16,GROAIRAS,GROAIRAS,interior,cidade,19.87,baixo,55.2,baixa,61.5,moderada,0,0,47.0,48.9,67.5,0.0,46.7,67.5,67.5,0.0,-0.03,69.4,14,14,False,stable,Tensão territorial,67.5,Sinal neural do ST-GAT,48.9,Atividade recente e vizinhança,0.0,Tensão territorial: 67.5% | Sinal neural do ST-GAT: 48.9% | Atividade recente e vizinhança: 0.0%,"GROAIRAS aparece na posição 16 de 50, com risco 19.9 e nível baixo; é território de atenção tática.","O peso principal vem de tensão territorial, com suporte territorial de 67.5% e 0 registros recentes na janela de 30 dias.",Leitura sensível a ruído; requer conferência adicional antes de decisão forte.,O território está próximo de pares vizinhos e pode oscilar no próximo ciclo.,"Verificar eventos recentes, pressão territorial e coerência com inteligência local antes da próxima atualização do ranking."
2026-05-23T07:44:49,2026-05-20,src/core/orchestrator.py:get_combined_risk,cities_interior_top30,17,IRACEMA,IRACEMA,interior,cidade,19.6,baixo,37.9,muito baixa,60.1,moderada,0,0,15.0,73.0,0.0,0.0,46.7,0.0,0.0,0.0,-0.05,67.3,14,14,False,stable,Sinal neural do ST-GAT,73.0,Tensão territorial,0.0,Atividade recente e vizinhança,0.0,Sinal neural do ST-GAT: 73.0% | Tensão territorial: 0.0% | Atividade recente e vizinhança: 0.0%,"IRACEMA aparece na posição 17 de 50, com risco 19.6 e nível baixo; é território de atenção tática.","O peso principal vem de sinal neural do st-gat, com suporte territorial de 0.0% e 0 registros recentes na janela de 30 dias.",Leitura sensível a ruído; requer conferência adicional antes de decisão forte.,O território está próximo de pares vizinhos e pode oscilar no próximo ciclo.,"Verificar eventos recentes, pressão territorial e coerência com inteligência local antes da próxima atualização do ranking."
2026-05-23T07:44:49,2026-05-20,src/core/orchestrator.py:get_combined_risk,cities_interior_top30,18,URUBURETAMA,URUBURETAMA,interior,cidade,19.55,baixo,40.0,muito baixa,58.9,moderada,0,0,23.0,70.1,7.5,0.0,46.7,7.5,7.5,0.0,-0.05,65.3,14,14,False,stable,Sinal neural do ST-GAT,70.1,Tensão territorial,7.5,Atividade recente e vizinhança,0.0,Sinal neural do ST-GAT: 70.1% | Tensão territorial: 7.5% | Atividade recente e vizinhança: 0.0%,"URUBURETAMA aparece na posição 18 de 50, com risco 19.6 e nível baixo; é território de atenção tática.","O peso principal vem de sinal neural do st-gat, com suporte territorial de 7.5% e 0 registros recentes na janela de 30 dias.",Leitura sensível a ruído; requer conferência adicional antes de decisão forte.,O território está próximo de pares vizinhos e pode oscilar no próximo ciclo.,"Verificar eventos recentes, pressão territorial e coerência com inteligência local antes da próxima atualização do ranking."
2026-05-23T07:44:49,2026-05-20,src/core/orchestrator.py:get_combined_risk,cities_interior_top30,19,OROS,OROS,interior,cidade,18.91,baixo,37.7,muito baixa,57.5,moderada,0,0,13.0,70.5,0.0,0.0,46.7,0.0,0.0,0.0,-0.1,63.3,14,14,False,stable,Sinal neural do ST-GAT,70.5,Tensão territorial,0.0,Atividade recente e vizinhança,0.0,Sinal neural do ST-GAT: 70.5% | Tensão territorial: 0.0% | Atividade recente e vizinhança: 0.0%,"OROS aparece na posição 19 de 50, com risco 18.9 e nível baixo; é território de atenção tática.","O peso principal vem de sinal neural do st-gat, com suporte territorial de 0.0% e 0 registros recentes na janela de 30 dias.",Leitura sensível a ruído; requer conferência adicional antes de decisão forte.,O território está próximo de pares vizinhos e pode oscilar no próximo ciclo.,"Verificar eventos recentes, pressão territorial e coerência com inteligência local antes da próxima atualização do ranking."
2026-05-23T07:44:49,2026-05-20,src/core/orchestrator.py:get_combined_risk,cities_interior_top30,20,AURORA,AURORA,interior,cidade,18.89,baixo,37.6,muito baixa,56.3,moderada,0,0,8.0,70.4,0.0,0.0,46.7,0.0,0.0,0.0,-0.1,61.2,14,14,False,stable,Sinal neural do ST-GAT,70.4,Tensão territorial,0.0,Atividade recente e vizinhança,0.0,Sinal neural do ST-GAT: 70.4% | Tensão territorial: 0.0% | Atividade recente e vizinhança: 0.0%,"AURORA aparece na posição 20 de 50, com risco 18.9 e nível baixo; é território de atenção tática.","O peso principal vem de sinal neural do st-gat, com suporte territorial de 0.0% e 0 registros recentes na janela de 30 dias.",Leitura sensível a ruído; requer conferência adicional antes de decisão forte.,O território está próximo de pares vizinhos e pode oscilar no próximo ciclo.,"Verificar eventos recentes, pressão territorial e coerência com inteligência local antes da próxima atualização do ranking."
2026-05-23T07:44:49,2026-05-20,src/core/orchestrator.py:get_combined_risk,cities_interior_top30,21,FORQUILHA,FORQUILHA,interior,cidade,16.31,baixo,36.6,muito baixa,54.2,moderada,0,0,12.0,60.8,0.0,0.0,46.7,0.0,0.0,0.0,-0.27,59.2,14,14,False,stable,Sinal neural do ST-GAT,60.8,Tensão territorial,0.0,Atividade recente e vizinhança,0.0,Sinal neural do ST-GAT: 60.8% | Tensão territorial: 0.0% | Atividade recente e vizinhança: 0.0%,"FORQUILHA aparece na posição 21 de 50, com risco 16.3 e nível baixo; é território de atenção tática.","O peso principal vem de sinal neural do st-gat, com suporte territorial de 0.0% e 0 registros recentes na janela de 30 dias.",Leitura sensível a ruído; requer conferência adicional antes de decisão forte.,O território está próximo de pares vizinhos e pode oscilar no próximo ciclo.,"Verificar eventos recentes, pressão territorial e coerência com inteligência local antes da próxima atualização do ranking."
2026-05-23T07:44:49,2026-05-20,src/core/orchestrator.py:get_combined_risk,cities_interior_top30,22,ARATUBA,ARATUBA,interior,cidade,16.12,baixo,43.7,muito baixa,52.9,moderada,0,0,32.0,48.9,30.0,0.0,46.7,30.0,30.0,0.0,-0.29,57.1,14,14,False,stable,Sinal neural do ST-GAT,48.9,Tensão territorial,30.0,Atividade recente e vizinhança,0.0,Sinal neural do ST-GAT: 48.9% | Tensão territorial: 30.0% | Atividade recente e vizinhança: 0.0%,"ARATUBA aparece na posição 22 de 50, com risco 16.1 e nível baixo; é território de atenção tática.","O peso principal vem de sinal neural do st-gat, com suporte territorial de 30.0% e 0 registros recentes na janela de 30 dias.",Leitura sensível a ruído; requer conferência adicional antes de decisão forte.,O território está próximo de pares vizinhos e pode oscilar no próximo ciclo.,"Verificar eventos recentes, pressão territorial e coerência com inteligência local antes da próxima atualização do ranking."
2026-05-23T07:44:49,2026-05-20,src/core/orchestrator.py:get_combined_risk,cities_interior_top30,23,VICOSA DO CEARA,VICOSA DO CEARA,interior,cidade,14.87,baixo,40.5,muito baixa,51.3,moderada,0,0,27.0,48.9,17.5,0.0,46.7,17.5,17.5,0.0,-0.37,55.1,14,14,False,stable,Sinal neural do ST-GAT,48.9,Tensão territorial,17.5,Atividade recente e vizinhança,0.0,Sinal neural do ST-GAT: 48.9% | Tensão territorial: 17.5% | Atividade recente e vizinhança: 0.0%,"VICOSA DO CEARA aparece na posição 23 de 50, com risco 14.9 e nível baixo; é território de atenção tática.","O peso principal vem de sinal neural do st-gat, com suporte territorial de 17.5% e 0 registros recentes na janela de 30 dias.",Leitura sensível a ruído; requer conferência adicional antes de decisão forte.,O território está próximo de pares vizinhos e pode oscilar no próximo ciclo.,"Verificar eventos recentes, pressão territorial e coerência com inteligência local antes da próxima atualização do ranking."
2026-05-23T07:44:49,2026-05-20,src/core/orchestrator.py:get_combined_risk,cities_interior_top30,24,NOVA OLINDA,NOVA OLINDA,interior,cidade,13.87,baixo,37.6,muito baixa,49.7,baixa,0,0,23.0,48.9,7.5,0.0,46.7,7.5,7.5,0.0,-0.44,53.1,14,14,False,stable,Sinal neural do ST-GAT,48.9,Tensão territorial,7.5,Atividade recente e vizinhança,0.0,Sinal neural do ST-GAT: 48.9% | Tensão territorial: 7.5% | Atividade recente e vizinhança: 0.0%,"NOVA OLINDA aparece na posição 24 de 50, com risco 13.9 e nível baixo; é território de atenção tática.","O peso principal vem de sinal neural do st-gat, com suporte territorial de 7.5% e 0 registros recentes na janela de 30 dias.",Leitura sensível a ruído; requer conferência adicional antes de decisão forte.,O território está próximo de pares vizinhos e pode oscilar no próximo ciclo.,"Verificar eventos recentes, pressão territorial e coerência com inteligência local antes da próxima atualização do ranking."
2026-05-23T07:44:49,2026-05-20,src/core/orchestrator.py:get_combined_risk,cities_interior_top30,25,MIRAIMA,MIRAIMA,interior,cidade,13.63,baixo,35.5,muito baixa,48.4,baixa,0,0,15.0,50.8,0.0,0.0,46.7,0.0,0.0,0.0,-0.46,51.0,14,14,False,stable,Sinal neural do ST-GAT,50.8,Tensão territorial,0.0,Atividade recente e vizinhança,0.0,Sinal neural do ST-GAT: 50.8% | Tensão territorial: 0.0% | Atividade recente e vizinhança: 0.0%,"MIRAIMA aparece na posição 25 de 50, com risco 13.6 e nível baixo; é território de atenção tática.","O peso principal vem de sinal neural do st-gat, com suporte territorial de 0.0% e 0 registros recentes na janela de 30 dias.",Leitura sensível a ruído; requer conferência adicional antes de decisão forte.,O território está próximo de pares vizinhos e pode oscilar no próximo ciclo.,"Verificar eventos recentes, pressão territorial e coerência com inteligência local antes da próxima atualização do ranking."
2026-05-23T07:44:49,2026-05-20,src/core/orchestrator.py:get_combined_risk,cities_interior_top30,26,CAPISTRANO,CAPISTRANO,interior,cidade,13.37,baixo,36.1,muito baixa,47.1,baixa,0,0,21.0,48.9,2.5,0.0,46.7,2.5,2.5,0.0,-0.48,49.0,14,14,False,stable,Sinal neural do ST-GAT,48.9,Tensão territorial,2.5,Atividade recente e vizinhança,0.0,Sinal neural do ST-GAT: 48.9% | Tensão territorial: 2.5% | Atividade recente e vizinhança: 0.0%,"CAPISTRANO aparece na posição 26 de 50, com risco 13.4 e nível baixo; é território de atenção tática.","O peso principal vem de sinal neural do st-gat, com suporte territorial de 2.5% e 0 registros recentes na janela de 30 dias.",Leitura sensível a ruído; requer conferência adicional antes de decisão forte.,O território está próximo de pares vizinhos e pode oscilar no próximo ciclo.,"Verificar eventos recentes, pressão territorial e coerência com inteligência local antes da próxima atualização do ranking."
2026-05-23T07:44:49,2026-05-20,src/core/orchestrator.py:get_combined_risk,cities_interior_top30,27,GENERAL SAMPAIO,GENERAL SAMPAIO,interior,cidade,13.12,baixo,35.3,muito baixa,45.8,baixa,0,0,14.0,48.9,0.0,0.0,46.7,0.0,0.0,0.0,-0.49,46.9,14,14,False,stable,Sinal neural do ST-GAT,48.9,Tensão territorial,0.0,Atividade recente e vizinhança,0.0,Sinal neural do ST-GAT: 48.9% | Tensão territorial: 0.0% | Atividade recente e vizinhança: 0.0%,"GENERAL SAMPAIO aparece na posição 27 de 50, com risco 13.1 e nível baixo; é território de atenção tática.","O peso principal vem de sinal neural do st-gat, com suporte territorial de 0.0% e 0 registros recentes na janela de 30 dias.",Leitura sensível a ruído; requer conferência adicional antes de decisão forte.,O território está próximo de pares vizinhos e pode oscilar no próximo ciclo.,"Verificar eventos recentes, pressão territorial e coerência com inteligência local antes da próxima atualização do ranking."
2026-05-23T07:44:49,2026-05-20,src/core/orchestrator.py:get_combined_risk,cities_interior_top30,28,GRACA,GRACA,interior,cidade,13.12,baixo,35.3,muito baixa,44.6,baixa,0,0,14.0,48.9,0.0,0.0,46.7,0.0,0.0,0.0,-0.49,44.9,14,14,False,stable,Sinal neural do ST-GAT,48.9,Tensão territorial,0.0,Atividade recente e vizinhança,0.0,Sinal neural do ST-GAT: 48.9% | Tensão territorial: 0.0% | Atividade recente e vizinhança: 0.0%,"GRACA aparece na posição 28 de 50, com risco 13.1 e nível baixo; é território de atenção tática.","O peso principal vem de sinal neural do st-gat, com suporte territorial de 0.0% e 0 registros recentes na janela de 30 dias.",Leitura sensível a ruído; requer conferência adicional antes de decisão forte.,O território está próximo de pares vizinhos e pode oscilar no próximo ciclo.,"Verificar eventos recentes, pressão territorial e coerência com inteligência local antes da próxima atualização do ranking."
2026-05-23T07:44:49,2026-05-20,src/core/orchestrator.py:get_combined_risk,cities_interior_top30,29,CARIRIACU,CARIRIACU,interior,cidade,13.12,baixo,35.3,muito baixa,43.4,baixa,0,0,14.0,48.9,0.0,0.0,46.7,0.0,0.0,0.0,-0.49,42.9,14,14,False,stable,Sinal neural do ST-GAT,48.9,Tensão territorial,0.0,Atividade recente e vizinhança,0.0,Sinal neural do ST-GAT: 48.9% | Tensão territorial: 0.0% | Atividade recente e vizinhança: 0.0%,"CARIRIACU aparece na posição 29 de 50, com risco 13.1 e nível baixo; é território de atenção tática.","O peso principal vem de sinal neural do st-gat, com suporte territorial de 0.0% e 0 registros recentes na janela de 30 dias.",Leitura sensível a ruído; requer conferência adicional antes de decisão forte.,O território está próximo de pares vizinhos e pode oscilar no próximo ciclo.,"Verificar eventos recentes, pressão territorial e coerência com inteligência local antes da próxima atualização do ranking."
2026-05-23T07:44:49,2026-05-20,src/core/orchestrator.py:get_combined_risk,cities_interior_top30,30,ACARAPE,ACARAPE,interior,cidade,13.12,baixo,35.3,muito baixa,42.1,baixa,0,0,11.0,48.9,0.0,0.0,46.7,0.0,0.0,0.0,-0.49,40.8,14,14,False,stable,Sinal neural do ST-GAT,48.9,Tensão territorial,0.0,Atividade recente e vizinhança,0.0,Sinal neural do ST-GAT: 48.9% | Tensão territorial: 0.0% | Atividade recente e vizinhança: 0.0%,"ACARAPE aparece na posição 30 de 50, com risco 13.1 e nível baixo; é território de atenção tática.","O peso principal vem de sinal neural do st-gat, com suporte territorial de 0.0% e 0 registros recentes na janela de 30 dias.",Leitura sensível a ruído; requer conferência adicional antes de decisão forte.,O território está próximo de pares vizinhos e pode oscilar no próximo ciclo.,"Verificar eventos recentes, pressão territorial e coerência com inteligência local antes da próxima atualização do ranking."
2026-05-23T07:44:49,2026-05-20,src/core/orchestrator.py:get_combined_risk,fortaleza_bairros_top30,1,AEROLANDIA,AEROLANDIA,fortaleza,bairro,78.33,crítico,83.0,moderada,100.0,muito alta,3,3,54.0,100.0,100.0,100.0,16.7,100.0,85.0,100.0,4.67,100.0,14,14,True,stable,Atividade recente e vizinhança,100.0,Sinal neural do ST-GAT,100.0,Tensão territorial,100.0,Atividade recente e vizinhança: 100.0% | Sinal neural do ST-GAT: 100.0% | Tensão territorial: 100.0%,"AEROLANDIA aparece na posição 1 de 122, com risco 78.3 e nível crítico; é prioridade imediata de acompanhamento.","O peso principal vem de atividade recente e vizinhança, com suporte territorial de 100.0% e 3 registros recentes na janela de 30 dias.","Leitura consistente, mas ainda pede validação operacional pontual.",O território está bem destacado no ranking frente aos pares.,"Verificar eventos recentes, pressão territorial e coerência com inteligência local antes da próxima atualização do ranking."
2026-05-23T07:44:49,2026-05-20,src/core/orchestrator.py:get_combined_risk,fortaleza_bairros_top30,2,MESSEJANA,MESSEJANA,fortaleza,bairro,62.92,alto,55.7,baixa,96.6,muito alta,0,0,81.0,55.2,100.0,0.0,46.7,100.0,100.0,0.0,3.56,99.2,14,14,True,stable,Tensão territorial,100.0,Sinal neural do ST-GAT,55.2,Fallback histórico ativado,55.0,Tensão territorial: 100.0% | Sinal neural do ST-GAT: 55.2% | Fallback histórico ativado: 55.0%,"MESSEJANA aparece na posição 2 de 122, com risco 62.9 e nível alto; é prioridade imediata de acompanhamento.","O peso principal vem de tensão territorial, com suporte territorial de 100.0% e 0 registros recentes na janela de 30 dias.",Leitura mais fraca; parte do peso vem de fallback histórico e deve ser confirmada em campo.,O território está bem destacado no ranking frente aos pares.,"Verificar eventos recentes, pressão territorial e coerência com inteligência local antes da próxima atualização do ranking."
2026-05-23T07:44:49,2026-05-20,src/core/orchestrator.py:get_combined_risk,fortaleza_bairros_top30,3,BARRA DO CEARA,BARRA DO CEARA,fortaleza,bairro,50.78,moderado,55.5,baixa,91.9,muito alta,0,0,106.0,30.9,100.0,0.0,46.7,100.0,100.0,0.0,2.69,98.3,14,14,True,stable,Tensão territorial,100.0,Fallback histórico ativado,55.0,Sinal neural do ST-GAT,30.9,Tensão territorial: 100.0% | Fallback histórico ativado: 55.0% | Sinal neural do ST-GAT: 30.9%,"BARRA DO CEARA aparece na posição 3 de 122, com risco 50.8 e nível moderado; é prioridade imediata de acompanhamento.","O peso principal vem de tensão territorial, com suporte territorial de 100.0% e 0 registros recentes na janela de 30 dias.",Leitura mais fraca; parte do peso vem de fallback histórico e deve ser confirmada em campo.,O território está bem destacado no ranking frente aos pares.,"Verificar eventos recentes, pressão territorial e coerência com inteligência local antes da próxima atualização do ranking."
2026-05-23T07:44:49,2026-05-20,src/core/orchestrator.py:get_combined_risk,fortaleza_bairros_top30,4,SIQUEIRA,SIQUEIRA,fortaleza,bairro,47.03,moderado,55.2,baixa,90.1,muito alta,0,0,82.0,23.4,100.0,0.0,46.7,100.0,100.0,0.0,2.42,97.5,14,14,True,stable,Tensão territorial,100.0,Fallback histórico ativado,55.0,Sinal neural do ST-GAT,23.4,Tensão territorial: 100.0% | Fallback histórico ativado: 55.0% | Sinal neural do ST-GAT: 23.4%,"SIQUEIRA aparece na posição 4 de 122, com risco 47.0 e nível moderado; é prioridade imediata de acompanhamento.","O peso principal vem de tensão territorial, com suporte territorial de 100.0% e 0 registros recentes na janela de 30 dias.",Leitura mais fraca; parte do peso vem de fallback histórico e deve ser confirmada em campo.,O território está bem destacado no ranking frente aos pares.,"Verificar eventos recentes, pressão territorial e coerência com inteligência local antes da próxima atualização do ranking."
2026-05-23T07:44:49,2026-05-20,src/core/orchestrator.py:get_combined_risk,fortaleza_bairros_top30,5,BARROSO,BARROSO,fortaleza,bairro,46.05,moderado,65.1,baixa,89.3,muito alta,0,2,111.0,21.4,100.0,0.0,46.7,100.0,100.0,100.0,2.35,96.7,14,14,True,stable,Tensão territorial,100.0,Fallback histórico ativado,55.0,CVLI recente na janela de 30 dias,40.0,Tensão territorial: 100.0% | Fallback histórico ativado: 55.0% | CVLI recente na janela de 30 dias: 40.0%,"BARROSO aparece na posição 5 de 122, com risco 46.0 e nível moderado; é prioridade imediata de acompanhamento.","O peso principal vem de tensão territorial, com suporte territorial de 100.0% e 2 registros recentes na janela de 30 dias.",Leitura mais fraca; parte do peso vem de fallback histórico e deve ser confirmada em campo.,O território está bem destacado no ranking frente aos pares.,"Verificar eventos recentes, pressão territorial e coerência com inteligência local antes da próxima atualização do ranking."
2026-05-23T07:44:49,2026-05-20,src/core/orchestrator.py:get_combined_risk,fortaleza_bairros_top30,6,GRANJA LISBOA,GRANJA LISBOA,fortaleza,bairro,45.95,moderado,55.1,baixa,88.8,muito alta,0,0,89.0,21.2,100.0,0.0,46.7,100.0,100.0,0.0,2.35,95.9,14,14,True,stable,Tensão territorial,100.0,Fallback histórico ativado,55.0,Sinal neural do ST-GAT,21.2,Tensão territorial: 100.0% | Fallback histórico ativado: 55.0% | Sinal neural do ST-GAT: 21.2%,"GRANJA LISBOA aparece na posição 6 de 122, com risco 46.0 e nível moderado; é prioridade alta de acompanhamento.","O peso principal vem de tensão territorial, com suporte territorial de 100.0% e 0 registros recentes na janela de 30 dias.",Leitura mais fraca; parte do peso vem de fallback histórico e deve ser confirmada em campo.,O território está bem destacado no ranking frente aos pares.,"Verificar eventos recentes, pressão territorial e coerência com inteligência local antes da próxima atualização do ranking."
2026-05-23T07:44:49,2026-05-20,src/core/orchestrator.py:get_combined_risk,fortaleza_bairros_top30,7,CRISTO REDENTOR,CRISTO REDENTOR,fortaleza,bairro,44.78,moderado,55.0,baixa,87.9,muito alta,0,0,77.0,18.9,100.0,0.0,46.7,100.0,100.0,0.0,2.26,95.0,14,14,True,stable,Tensão territorial,100.0,Fallback histórico ativado,55.0,Sinal neural do ST-GAT,18.9,Tensão territorial: 100.0% | Fallback histórico ativado: 55.0% | Sinal neural do ST-GAT: 18.9%,"CRISTO REDENTOR aparece na posição 7 de 122, com risco 44.8 e nível moderado; é prioridade alta de acompanhamento.","O peso principal vem de tensão territorial, com suporte territorial de 100.0% e 0 registros recentes na janela de 30 dias.",Leitura mais fraca; parte do peso vem de fallback histórico e deve ser confirmada em campo.,O território está bem destacado no ranking frente aos pares.,"Verificar eventos recentes, pressão territorial e coerência com inteligência local antes da próxima atualização do ranking."
2026-05-23T07:44:49,2026-05-20,src/core/orchestrator.py:get_combined_risk,fortaleza_bairros_top30,8,CURIO,CURIO,fortaleza,bairro,42.54,moderado,55.7,baixa,86.6,muito alta,0,0,68.0,54.4,100.0,0.0,46.7,100.0,100.0,0.0,2.1,94.2,14,14,True,stable,Tensão territorial,100.0,Fallback histórico ativado,55.0,Sinal neural do ST-GAT,54.4,Tensão territorial: 100.0% | Fallback histórico ativado: 55.0% | Sinal neural do ST-GAT: 54.4%,"CURIO aparece na posição 8 de 122, com risco 42.5 e nível moderado; é prioridade alta de acompanhamento.","O peso principal vem de tensão territorial, com suporte territorial de 100.0% e 0 registros recentes na janela de 30 dias.",Leitura mais fraca; parte do peso vem de fallback histórico e deve ser confirmada em campo.,O território está bem destacado no ranking frente aos pares.,"Verificar eventos recentes, pressão territorial e coerência com inteligência local antes da próxima atualização do ranking."
2026-05-23T07:44:49,2026-05-20,src/core/orchestrator.py:get_combined_risk,fortaleza_bairros_top30,9,JANGURUSSU,JANGURUSSU,fortaleza,bairro,42.11,moderado,54.7,muito baixa,86.0,muito alta,0,0,104.0,13.6,100.0,0.0,46.7,100.0,100.0,0.0,2.07,93.4,14,14,True,stable,Tensão territorial,100.0,Fallback histórico ativado,55.0,Sinal neural do ST-GAT,13.6,Tensão territorial: 100.0% | Fallback histórico ativado: 55.0% | Sinal neural do ST-GAT: 13.6%,"JANGURUSSU aparece na posição 9 de 122, com risco 42.1 e nível moderado; é prioridade alta de acompanhamento.","O peso principal vem de tensão territorial, com suporte territorial de 100.0% e 0 registros recentes na janela de 30 dias.",Leitura mais fraca; parte do peso vem de fallback histórico e deve ser confirmada em campo.,O território está bem destacado no ranking frente aos pares.,"Verificar eventos recentes, pressão territorial e coerência com inteligência local antes da próxima atualização do ranking."
2026-05-23T07:44:49,2026-05-20,src/core/orchestrator.py:get_combined_risk,fortaleza_bairros_top30,10,PLANALTO AYRTON SENNA,PLANALTO AYRTON SENNA,fortaleza,bairro,41.91,moderado,54.7,muito baixa,85.4,muito alta,0,0,93.0,13.1,100.0,0.0,46.7,100.0,100.0,0.0,2.06,92.6,14,14,True,stable,Tensão territorial,100.0,Fallback histórico ativado,55.0,Sinal neural do ST-GAT,13.1,Tensão territorial: 100.0% | Fallback histórico ativado: 55.0% | Sinal neural do ST-GAT: 13.1%,"PLANALTO AYRTON SENNA aparece na posição 10 de 122, com risco 41.9 e nível moderado; é prioridade alta de acompanhamento.","O peso principal vem de tensão territorial, com suporte territorial de 100.0% e 0 registros recentes na janela de 30 dias.",Leitura mais fraca; parte do peso vem de fallback histórico e deve ser confirmada em campo.,O território está bem destacado no ranking frente aos pares.,"Verificar eventos recentes, pressão territorial e coerência com inteligência local antes da próxima atualização do ranking."
2026-05-23T07:44:49,2026-05-20,src/core/orchestrator.py:get_combined_risk,fortaleza_bairros_top30,11,ALTO ALEGRE,ALTO ALEGRE,fortaleza,bairro,41.87,moderado,54.7,muito baixa,84.9,alta,0,0,129.0,13.1,100.0,0.0,46.7,100.0,100.0,0.0,2.05,91.7,14,14,True,stable,Tensão territorial,100.0,Fallback histórico ativado,55.0,Sinal neural do ST-GAT,13.1,Tensão territorial: 100.0% | Fallback histórico ativado: 55.0% | Sinal neural do ST-GAT: 13.1%,"ALTO ALEGRE aparece na posição 11 de 122, com risco 41.9 e nível moderado; é território de atenção tática.","O peso principal vem de tensão territorial, com suporte territorial de 100.0% e 0 registros recentes na janela de 30 dias.",Leitura mais fraca; parte do peso vem de fallback histórico e deve ser confirmada em campo.,"O território se diferencia do bloco intermediário, mas sem isolamento absoluto.","Verificar eventos recentes, pressão territorial e coerência com inteligência local antes da próxima atualização do ranking."
2026-05-23T07:44:49,2026-05-20,src/core/orchestrator.py:get_combined_risk,fortaleza_bairros_top30,12,PEDRAS,PEDRAS,fortaleza,bairro,41.64,moderado,54.7,muito baixa,84.3,alta,0,0,80.0,12.6,100.0,0.0,46.7,100.0,100.0,0.0,2.04,90.9,14,14,True,stable,Tensão territorial,100.0,Fallback histórico ativado,55.0,Sinal neural do ST-GAT,12.6,Tensão territorial: 100.0% | Fallback histórico ativado: 55.0% | Sinal neural do ST-GAT: 12.6%,"PEDRAS aparece na posição 12 de 122, com risco 41.6 e nível moderado; é território de atenção tática.","O peso principal vem de tensão territorial, com suporte territorial de 100.0% e 0 registros recentes na janela de 30 dias.",Leitura mais fraca; parte do peso vem de fallback histórico e deve ser confirmada em campo.,"O território se diferencia do bloco intermediário, mas sem isolamento absoluto.","Verificar eventos recentes, pressão territorial e coerência com inteligência local antes da próxima atualização do ranking."
2026-05-23T07:44:49,2026-05-20,src/core/orchestrator.py:get_combined_risk,fortaleza_bairros_top30,13,ANCURI,ANCURI,fortaleza,bairro,41.4,moderado,69.7,baixa,83.8,alta,1,2,75.0,35.5,100.0,50.0,13.3,100.0,100.0,100.0,2.02,90.1,14,14,True,stable,Tensão territorial,100.0,Fallback histórico ativado,55.0,Atividade recente e vizinhança,50.0,Tensão territorial: 100.0% | Fallback histórico ativado: 55.0% | Atividade recente e vizinhança: 50.0%,"ANCURI aparece na posição 13 de 122, com risco 41.4 e nível moderado; é território de atenção tática.","O peso principal vem de tensão territorial, com suporte territorial de 100.0% e 2 registros recentes na janela de 30 dias.",Leitura mais fraca; parte do peso vem de fallback histórico e deve ser confirmada em campo.,"O território se diferencia do bloco intermediário, mas sem isolamento absoluto.","Verificar eventos recentes, pressão territorial e coerência com inteligência local antes da próxima atualização do ranking."
2026-05-23T07:44:49,2026-05-20,src/core/orchestrator.py:get_combined_risk,fortaleza_bairros_top30,14,CONJUNTO PALMEIRAS,CONJUNTO PALMEIRAS,fortaleza,bairro,32.26,moderado,63.5,baixa,80.1,alta,1,1,58.0,23.2,100.0,50.0,43.3,100.0,95.0,100.0,1.36,89.3,14,14,True,stable,Tensão territorial,100.0,Fallback histórico ativado,55.0,Atividade recente e vizinhança,50.0,Tensão territorial: 100.0% | Fallback histórico ativado: 55.0% | Atividade recente e vizinhança: 50.0%,"CONJUNTO PALMEIRAS aparece na posição 14 de 122, com risco 32.3 e nível moderado; é território de atenção tática.","O peso principal vem de tensão territorial, com suporte territorial de 100.0% e 1 registros recentes na janela de 30 dias.",Leitura mais fraca; parte do peso vem de fallback histórico e deve ser confirmada em campo.,"O território se diferencia do bloco intermediário, mas sem isolamento absoluto.","Verificar eventos recentes, pressão territorial e coerência com inteligência local antes da próxima atualização do ranking."
2026-05-23T07:44:49,2026-05-20,src/core/orchestrator.py:get_combined_risk,fortaleza_bairros_top30,15,PARQUE IRACEMA,PARQUE IRACEMA,fortaleza,bairro,30.46,baixo,29.6,muito baixa,79.0,alta,0,0,26.0,64.3,15.0,0.0,46.7,15.0,15.0,0.0,1.23,88.4,14,14,True,stable,Sinal neural do ST-GAT,64.3,Fallback histórico ativado,55.0,Tensão territorial,15.0,Sinal neural do ST-GAT: 64.3% | Fallback histórico ativado: 55.0% | Tensão territorial: 15.0%,"PARQUE IRACEMA aparece na posição 15 de 122, com risco 30.5 e nível baixo; é território de atenção tática.","O peso principal vem de sinal neural do st-gat, com suporte territorial de 15.0% e 0 registros recentes na janela de 30 dias.",Leitura mais fraca; parte do peso vem de fallback histórico e deve ser confirmada em campo.,"O território se diferencia do bloco intermediário, mas sem isolamento absoluto.","Verificar eventos recentes, pressão territorial e coerência com inteligência local antes da próxima atualização do ranking."
2026-05-23T07:44:49,2026-05-20,src/core/orchestrator.py:get_combined_risk,fortaleza_bairros_top30,16,PRAIA DO FUTURO,PRAIA DO FUTURO,fortaleza,bairro,26.3,baixo,49.0,muito baixa,77.1,alta,0,0,53.0,28.9,82.5,0.0,46.7,82.5,82.5,0.0,0.94,87.6,14,14,True,stable,Tensão territorial,82.5,Fallback histórico ativado,55.0,Sinal neural do ST-GAT,28.9,Tensão territorial: 82.5% | Fallback histórico ativado: 55.0% | Sinal neural do ST-GAT: 28.9%,"PRAIA DO FUTURO aparece na posição 16 de 122, com risco 26.3 e nível baixo; é território de atenção tática.","O peso principal vem de tensão territorial, com suporte territorial de 82.5% e 0 registros recentes na janela de 30 dias.",Leitura mais fraca; parte do peso vem de fallback histórico e deve ser confirmada em campo.,"O território se diferencia do bloco intermediário, mas sem isolamento absoluto.","Verificar eventos recentes, pressão territorial e coerência com inteligência local antes da próxima atualização do ranking."
2026-05-23T07:44:49,2026-05-20,src/core/orchestrator.py:get_combined_risk,fortaleza_bairros_top30,17,ANTONIO BEZERRA,ANTONIO BEZERRA,fortaleza,bairro,25.79,baixo,48.1,muito baixa,76.4,alta,0,0,52.0,28.9,80.0,0.0,46.7,80.0,80.0,0.0,0.9,86.8,14,14,True,stable,Tensão territorial,80.0,Fallback histórico ativado,55.0,Sinal neural do ST-GAT,28.9,Tensão territorial: 80.0% | Fallback histórico ativado: 55.0% | Sinal neural do ST-GAT: 28.9%,"ANTONIO BEZERRA aparece na posição 17 de 122, com risco 25.8 e nível baixo; é território de atenção tática.","O peso principal vem de tensão territorial, com suporte territorial de 80.0% e 0 registros recentes na janela de 30 dias.",Leitura mais fraca; parte do peso vem de fallback histórico e deve ser confirmada em campo.,"O território se diferencia do bloco intermediário, mas sem isolamento absoluto.","Verificar eventos recentes, pressão territorial e coerência com inteligência local antes da próxima atualização do ranking."
2026-05-23T07:44:49,2026-05-20,src/core/orchestrator.py:get_combined_risk,fortaleza_bairros_top30,18,VICENTE PINZON,VICENTE PINZON,fortaleza,bairro,25.74,baixo,52.5,muito baixa,75.9,alta,0,0,57.0,23.8,92.5,0.0,46.7,92.5,92.5,0.0,0.9,86.0,14,14,True,stable,Tensão territorial,92.5,Fallback histórico ativado,55.0,Sinal neural do ST-GAT,23.8,Tensão territorial: 92.5% | Fallback histórico ativado: 55.0% | Sinal neural do ST-GAT: 23.8%,"VICENTE PINZON aparece na posição 18 de 122, com risco 25.7 e nível baixo; é território de atenção tática.","O peso principal vem de tensão territorial, com suporte territorial de 92.5% e 0 registros recentes na janela de 30 dias.",Leitura mais fraca; parte do peso vem de fallback histórico e deve ser confirmada em campo.,"O território se diferencia do bloco intermediário, mas sem isolamento absoluto.","Verificar eventos recentes, pressão territorial e coerência com inteligência local antes da próxima atualização do ranking."
2026-05-23T07:44:49,2026-05-20,src/core/orchestrator.py:get_combined_risk,fortaleza_bairros_top30,19,BOM JARDIM,BOM JARDIM,fortaleza,bairro,25.34,baixo,60.0,baixa,75.2,alta,0,1,76.0,20.0,100.0,0.0,46.7,100.0,100.0,50.0,0.87,85.1,14,14,True,stable,Tensão territorial,100.0,Fallback histórico ativado,55.0,Sinal neural do ST-GAT,20.0,Tensão territorial: 100.0% | Fallback histórico ativado: 55.0% | Sinal neural do ST-GAT: 20.0%,"BOM JARDIM aparece na posição 19 de 122, com risco 25.3 e nível baixo; é território de atenção tática.","O peso principal vem de tensão territorial, com suporte territorial de 100.0% e 1 registros recentes na janela de 30 dias.",Leitura mais fraca; parte do peso vem de fallback histórico e deve ser confirmada em campo.,"O território se diferencia do bloco intermediário, mas sem isolamento absoluto.","Verificar eventos recentes, pressão territorial e coerência com inteligência local antes da próxima atualização do ranking."
2026-05-23T07:44:49,2026-05-20,src/core/orchestrator.py:get_combined_risk,fortaleza_bairros_top30,20,PIRAMBU,PIRAMBU,fortaleza,bairro,24.67,baixo,43.5,muito baixa,74.5,alta,0,0,47.0,31.7,67.5,0.0,46.7,67.5,67.5,0.0,0.82,84.3,14,14,True,stable,Tensão territorial,67.5,Fallback histórico ativado,55.0,Sinal neural do ST-GAT,31.7,Tensão territorial: 67.5% | Fallback histórico ativado: 55.0% | Sinal neural do ST-GAT: 31.7%,"PIRAMBU aparece na posição 20 de 122, com risco 24.7 e nível baixo; é território de atenção tática.","O peso principal vem de tensão territorial, com suporte territorial de 67.5% e 0 registros recentes na janela de 30 dias.",Leitura mais fraca; parte do peso vem de fallback histórico e deve ser confirmada em campo.,"O território se diferencia do bloco intermediário, mas sem isolamento absoluto.","Verificar eventos recentes, pressão territorial e coerência com inteligência local antes da próxima atualização do ranking."
2026-05-23T07:44:49,2026-05-20,src/core/orchestrator.py:get_combined_risk,fortaleza_bairros_top30,21,JARDIM DAS OLIVEIRAS,JARDIM DAS OLIVEIRAS,fortaleza,bairro,23.88,baixo,53.2,muito baixa,73.8,alta,0,0,58.0,19.1,95.0,0.0,46.7,95.0,95.0,0.0,0.76,83.5,14,14,True,stable,Tensão territorial,95.0,Fallback histórico ativado,55.0,Sinal neural do ST-GAT,19.1,Tensão territorial: 95.0% | Fallback histórico ativado: 55.0% | Sinal neural do ST-GAT: 19.1%,"JARDIM DAS OLIVEIRAS aparece na posição 21 de 122, com risco 23.9 e nível baixo; é território de atenção tática.","O peso principal vem de tensão territorial, com suporte territorial de 95.0% e 0 registros recentes na janela de 30 dias.",Leitura mais fraca; parte do peso vem de fallback histórico e deve ser confirmada em campo.,"O território se diferencia do bloco intermediário, mas sem isolamento absoluto.","Verificar eventos recentes, pressão territorial e coerência com inteligência local antes da próxima atualização do ranking."
2026-05-23T07:44:49,2026-05-20,src/core/orchestrator.py:get_combined_risk,fortaleza_bairros_top30,22,GRANJA PORTUGAL,GRANJA PORTUGAL,fortaleza,bairro,23.7,baixo,54.0,muito baixa,73.2,alta,0,0,59.0,17.7,97.5,0.0,46.7,97.5,97.5,0.0,0.75,82.6,14,14,True,stable,Tensão territorial,97.5,Fallback histórico ativado,55.0,Sinal neural do ST-GAT,17.7,Tensão territorial: 97.5% | Fallback histórico ativado: 55.0% | Sinal neural do ST-GAT: 17.7%,"GRANJA PORTUGAL aparece na posição 22 de 122, com risco 23.7 e nível baixo; é território de atenção tática.","O peso principal vem de tensão territorial, com suporte territorial de 97.5% e 0 registros recentes na janela de 30 dias.",Leitura mais fraca; parte do peso vem de fallback histórico e deve ser confirmada em campo.,"O território se diferencia do bloco intermediário, mas sem isolamento absoluto.","Verificar eventos recentes, pressão territorial e coerência com inteligência local antes da próxima atualização do ranking."
2026-05-23T07:44:49,2026-05-20,src/core/orchestrator.py:get_combined_risk,fortaleza_bairros_top30,23,JOSE WALTER,JOSE WALTER,fortaleza,bairro,22.44,baixo,54.7,muito baixa,72.2,alta,0,0,77.0,14.2,100.0,0.0,46.7,100.0,100.0,0.0,0.66,81.8,14,14,True,stable,Tensão territorial,100.0,Fallback histórico ativado,55.0,Sinal neural do ST-GAT,14.2,Tensão territorial: 100.0% | Fallback histórico ativado: 55.0% | Sinal neural do ST-GAT: 14.2%,"JOSE WALTER aparece na posição 23 de 122, com risco 22.4 e nível baixo; é território de atenção tática.","O peso principal vem de tensão territorial, com suporte territorial de 100.0% e 0 registros recentes na janela de 30 dias.",Leitura mais fraca; parte do peso vem de fallback histórico e deve ser confirmada em campo.,"O território se diferencia do bloco intermediário, mas sem isolamento absoluto.","Verificar eventos recentes, pressão territorial e coerência com inteligência local antes da próxima atualização do ranking."
2026-05-23T07:44:49,2026-05-20,src/core/orchestrator.py:get_combined_risk,fortaleza_bairros_top30,24,PARQUE SAO JOSE,PARQUE SAO JOSE,fortaleza,bairro,21.78,baixo,48.7,muito baixa,71.5,alta,0,0,53.0,19.9,82.5,0.0,46.7,82.5,82.5,0.0,0.61,81.0,14,14,True,stable,Tensão territorial,82.5,Fallback histórico ativado,55.0,Sinal neural do ST-GAT,19.9,Tensão territorial: 82.5% | Fallback histórico ativado: 55.0% | Sinal neural do ST-GAT: 19.9%,"PARQUE SAO JOSE aparece na posição 24 de 122, com risco 21.8 e nível baixo; é território de atenção tática.","O peso principal vem de tensão territorial, com suporte territorial de 82.5% e 0 registros recentes na janela de 30 dias.",Leitura mais fraca; parte do peso vem de fallback histórico e deve ser confirmada em campo.,"O território se diferencia do bloco intermediário, mas sem isolamento absoluto.","Verificar eventos recentes, pressão territorial e coerência com inteligência local antes da próxima atualização do ranking."
2026-05-23T07:44:49,2026-05-20,src/core/orchestrator.py:get_combined_risk,fortaleza_bairros_top30,25,MONDUBIM,MONDUBIM,fortaleza,bairro,19.74,baixo,44.2,muito baixa,70.4,alta,0,0,48.0,20.8,70.0,0.0,46.7,70.0,70.0,0.0,0.46,80.2,14,14,True,stable,Tensão territorial,70.0,Fallback histórico ativado,55.0,Sinal neural do ST-GAT,20.8,Tensão territorial: 70.0% | Fallback histórico ativado: 55.0% | Sinal neural do ST-GAT: 20.8%,"MONDUBIM aparece na posição 25 de 122, com risco 19.7 e nível baixo; é território de atenção tática.","O peso principal vem de tensão territorial, com suporte territorial de 70.0% e 0 registros recentes na janela de 30 dias.",Leitura mais fraca; parte do peso vem de fallback histórico e deve ser confirmada em campo.,"O território se diferencia do bloco intermediário, mas sem isolamento absoluto.","Verificar eventos recentes, pressão territorial e coerência com inteligência local antes da próxima atualização do ranking."
2026-05-23T07:44:49,2026-05-20,src/core/orchestrator.py:get_combined_risk,fortaleza_bairros_top30,26,QUINTINO CUNHA,QUINTINO CUNHA,fortaleza,bairro,14.39,baixo,33.1,muito baixa,68.0,moderada,0,0,36.0,22.1,40.0,0.0,46.7,40.0,40.0,0.0,0.08,79.3,14,14,True,stable,Fallback histórico ativado,55.0,Tensão territorial,40.0,Sinal neural do ST-GAT,22.1,Fallback histórico ativado: 55.0% | Tensão territorial: 40.0% | Sinal neural do ST-GAT: 22.1%,"QUINTINO CUNHA aparece na posição 26 de 122, com risco 14.4 e nível baixo; é território de atenção tática.","O peso principal vem de fallback histórico ativado, com suporte territorial de 40.0% e 0 registros recentes na janela de 30 dias.",Leitura mais fraca; parte do peso vem de fallback histórico e deve ser confirmada em campo.,O território está próximo de pares vizinhos e pode oscilar no próximo ciclo.,"Verificar eventos recentes, pressão territorial e coerência com inteligência local antes da próxima atualização do ranking."
2026-05-23T07:44:49,2026-05-20,src/core/orchestrator.py:get_combined_risk,fortaleza_bairros_top30,27,CARLITO PAMPLONA,CARLITO PAMPLONA,fortaleza,bairro,14.15,baixo,33.1,muito baixa,67.4,moderada,0,0,36.0,21.6,40.0,0.0,46.7,40.0,40.0,0.0,0.06,78.5,14,14,True,stable,Fallback histórico ativado,55.0,Tensão territorial,40.0,Sinal neural do ST-GAT,21.6,Fallback histórico ativado: 55.0% | Tensão territorial: 40.0% | Sinal neural do ST-GAT: 21.6%,"CARLITO PAMPLONA aparece na posição 27 de 122, com risco 14.2 e nível baixo; é território de atenção tática.","O peso principal vem de fallback histórico ativado, com suporte territorial de 40.0% e 0 registros recentes na janela de 30 dias.",Leitura mais fraca; parte do peso vem de fallback histórico e deve ser confirmada em campo.,O território está próximo de pares vizinhos e pode oscilar no próximo ciclo.,"Verificar eventos recentes, pressão territorial e coerência com inteligência local antes da próxima atualização do ranking."
2026-05-23T07:44:49,2026-05-20,src/core/orchestrator.py:get_combined_risk,fortaleza_bairros_top30,28,PASSARE,PASSARE,fortaleza,bairro,13.94,baixo,42.8,muito baixa,66.9,moderada,0,0,47.0,10.2,67.5,0.0,46.7,67.5,67.5,0.0,0.05,77.7,14,14,True,stable,Tensão territorial,67.5,Fallback histórico ativado,55.0,Sinal neural do ST-GAT,10.2,Tensão territorial: 67.5% | Fallback histórico ativado: 55.0% | Sinal neural do ST-GAT: 10.2%,"PASSARE aparece na posição 28 de 122, com risco 13.9 e nível baixo; é território de atenção tática.","O peso principal vem de tensão territorial, com suporte territorial de 67.5% e 0 registros recentes na janela de 30 dias.",Leitura mais fraca; parte do peso vem de fallback histórico e deve ser confirmada em campo.,O território está próximo de pares vizinhos e pode oscilar no próximo ciclo.,"Verificar eventos recentes, pressão territorial e coerência com inteligência local antes da próxima atualização do ranking."
2026-05-23T07:44:49,2026-05-20,src/core/orchestrator.py:get_combined_risk,fortaleza_bairros_top30,29,PARQUE SANTA MARIA,PARQUE SANTA MARIA,fortaleza,bairro,13.93,baixo,36.8,muito baixa,66.4,moderada,0,0,40.0,17.2,50.0,0.0,46.7,50.0,50.0,0.0,0.05,76.9,14,14,True,stable,Fallback histórico ativado,55.0,Tensão territorial,50.0,Sinal neural do ST-GAT,17.2,Fallback histórico ativado: 55.0% | Tensão territorial: 50.0% | Sinal neural do ST-GAT: 17.2%,"PARQUE SANTA MARIA aparece na posição 29 de 122, com risco 13.9 e nível baixo; é território de atenção tática.","O peso principal vem de fallback histórico ativado, com suporte territorial de 50.0% e 0 registros recentes na janela de 30 dias.",Leitura mais fraca; parte do peso vem de fallback histórico e deve ser confirmada em campo.,O território está próximo de pares vizinhos e pode oscilar no próximo ciclo.,"Verificar eventos recentes, pressão territorial e coerência com inteligência local antes da próxima atualização do ranking."
2026-05-23T07:44:49,2026-05-20,src/core/orchestrator.py:get_combined_risk,fortaleza_bairros_top30,30,PARQUE DOIS IRMAOS,PARQUE DOIS IRMAOS,fortaleza,bairro,13.27,baixo,35.9,muito baixa,65.6,moderada,0,0,39.0,16.9,47.5,0.0,46.7,47.5,47.5,0.0,0.0,76.0,14,14,True,stable,Fallback histórico ativado,55.0,Tensão territorial,47.5,Sinal neural do ST-GAT,16.9,Fallback histórico ativado: 55.0% | Tensão territorial: 47.5% | Sinal neural do ST-GAT: 16.9%,"PARQUE DOIS IRMAOS aparece na posição 30 de 122, com risco 13.3 e nível baixo; é território de atenção tática.","O peso principal vem de fallback histórico ativado, com suporte territorial de 47.5% e 0 registros recentes na janela de 30 dias.",Leitura mais fraca; parte do peso vem de fallback histórico e deve ser confirmada em campo.,O território está próximo de pares vizinhos e pode oscilar no próximo ciclo.,"Verificar eventos recentes, pressão territorial e coerência com inteligência local antes da próxima atualização do ranking."
