snapshot_generated_at,data_limit,source,scope,rank,name,name_normalized,region,territorial_level,risk_score,risk_level,confidence_pct,confidence_label,expressiveness_pct,expressiveness_label,recent_cvli_14d,recent_cvli_30d,historical_cvli,neural_score,tension_score,inclusion_score,calm_penalty,territorial_support_pct,historical_support_pct,live_support_pct,score_z,peer_percentile,dynamic_window_days,base_window_days,historical_fallback,trend,top_driver_1,top_driver_1_strength_pct,top_driver_2,top_driver_2_strength_pct,top_driver_3,top_driver_3_strength_pct,explainability_summary,leitura_rapida_gestor,por_que_importa_gestor,confianca_limites_gestor,expressividade_previsao_gestor,proxima_acao_gestor
2026-06-11T08:11:26,2026-06-08,src/core/orchestrator.py:get_combined_risk,cities_general_top30,1,CAUCAIA,CAUCAIA,rmf,cidade,79.56,crítico,54.6,muito baixa,95.4,muito alta,0,0,612.0,88.4,100.0,0.0,46.7,100.0,100.0,0.0,3.21,100.0,30,14,True,stable,Tensão territorial,100.0,Sinal neural do ST-GAT,88.4,Fallback histórico ativado,55.0,Tensão territorial: 100.0% | Sinal neural do ST-GAT: 88.4% | Fallback histórico ativado: 55.0%,"CAUCAIA aparece na posição 1 de 69, com risco 79.6 e nível crítico; é prioridade imediata de acompanhamento.","O peso principal vem de tensão territorial, com suporte territorial de 100.0% e 0 registros recentes na janela de 30 dias.",Leitura mais fraca; parte do peso vem de fallback histórico e deve ser confirmada em campo.,O território está bem destacado no ranking frente aos pares.,"Verificar eventos recentes, pressão territorial e coerência com inteligência local antes da próxima atualização do ranking."
2026-06-11T08:11:26,2026-06-08,src/core/orchestrator.py:get_combined_risk,cities_general_top30,2,TIANGUA,TIANGUA,interior,cidade,77.9,crítico,89.4,alta,94.0,muito alta,2,2,77.0,95.7,100.0,100.0,33.3,100.0,100.0,100.0,3.11,98.5,14,14,False,stable,Atividade recente e vizinhança,100.0,Tensão territorial,100.0,Sinal neural do ST-GAT,95.7,Atividade recente e vizinhança: 100.0% | Tensão territorial: 100.0% | Sinal neural do ST-GAT: 95.7%,"TIANGUA aparece na posição 2 de 69, com risco 77.9 e nível crítico; é prioridade imediata de acompanhamento.","O peso principal vem de atividade recente e vizinhança, com suporte territorial de 100.0% e 2 registros recentes na janela de 30 dias.",Leitura com boa sustentação dos sinais atuais.,O território está bem destacado no ranking frente aos pares.,"Verificar eventos recentes, pressão territorial e coerência com inteligência local antes da próxima atualização do ranking."
2026-06-11T08:11:26,2026-06-08,src/core/orchestrator.py:get_combined_risk,cities_general_top30,3,ITAPAJE,ITAPAJE,interior,cidade,72.38,crítico,92.7,alta,91.6,muito alta,2,3,44.0,83.4,100.0,100.0,46.7,100.0,60.0,100.0,2.79,97.1,14,14,False,stable,Atividade recente e vizinhança,100.0,Tensão territorial,100.0,Sinal neural do ST-GAT,83.4,Atividade recente e vizinhança: 100.0% | Tensão territorial: 100.0% | Sinal neural do ST-GAT: 83.4%,"ITAPAJE aparece na posição 3 de 69, com risco 72.4 e nível crítico; é prioridade imediata de acompanhamento.","O peso principal vem de atividade recente e vizinhança, com suporte territorial de 100.0% e 3 registros recentes na janela de 30 dias.",Leitura com boa sustentação dos sinais atuais.,O território está bem destacado no ranking frente aos pares.,"Verificar eventos recentes, pressão territorial e coerência com inteligência local antes da próxima atualização do ranking."
2026-06-11T08:11:26,2026-06-08,src/core/orchestrator.py:get_combined_risk,cities_general_top30,4,MARACANAU,MARACANAU,rmf,cidade,68.4,alto,55.5,baixa,89.6,muito alta,0,0,626.0,66.1,100.0,0.0,46.7,100.0,100.0,0.0,2.56,95.6,30,14,True,stable,Tensão territorial,100.0,Sinal neural do ST-GAT,66.1,Fallback histórico ativado,55.0,Tensão territorial: 100.0% | Sinal neural do ST-GAT: 66.1% | Fallback histórico ativado: 55.0%,"MARACANAU aparece na posição 4 de 69, com risco 68.4 e nível alto; é prioridade imediata de acompanhamento.","O peso principal vem de tensão territorial, com suporte territorial de 100.0% e 0 registros recentes na janela de 30 dias.",Leitura mais fraca; parte do peso vem de fallback histórico e deve ser confirmada em campo.,O território está bem destacado no ranking frente aos pares.,"Verificar eventos recentes, pressão territorial e coerência com inteligência local antes da próxima atualização do ranking."
2026-06-11T08:11:26,2026-06-08,src/core/orchestrator.py:get_combined_risk,cities_general_top30,5,JUAZEIRO DO NORTE,JUAZEIRO DO NORTE,interior,cidade,59.17,alto,77.9,moderada,86.1,muito alta,1,1,136.0,100.0,100.0,50.0,33.3,100.0,100.0,100.0,2.02,94.1,14,14,False,stable,Sinal neural do ST-GAT,100.0,Tensão territorial,100.0,Atividade recente e vizinhança,50.0,Sinal neural do ST-GAT: 100.0% | Tensão territorial: 100.0% | Atividade recente e vizinhança: 50.0%,"JUAZEIRO DO NORTE aparece na posição 5 de 69, com risco 59.2 e nível alto; é prioridade imediata de acompanhamento.","O peso principal vem de sinal neural do st-gat, com suporte territorial de 100.0% e 1 registros recentes na janela de 30 dias.","Leitura consistente, mas ainda pede validação operacional pontual.",O território está bem destacado no ranking frente aos pares.,"Verificar eventos recentes, pressão territorial e coerência com inteligência local antes da próxima atualização do ranking."
2026-06-11T08:11:26,2026-06-08,src/core/orchestrator.py:get_combined_risk,cities_general_top30,6,ITAPIUNA,ITAPIUNA,interior,cidade,56.21,alto,78.3,moderada,84.4,alta,1,1,20.0,93.6,100.0,50.0,40.0,100.0,0.0,100.0,1.84,92.6,14,14,False,stable,Tensão territorial,100.0,Sinal neural do ST-GAT,93.6,Atividade recente e vizinhança,50.0,Tensão territorial: 100.0% | Sinal neural do ST-GAT: 93.6% | Atividade recente e vizinhança: 50.0%,"ITAPIUNA aparece na posição 6 de 69, com risco 56.2 e nível alto; é prioridade alta de acompanhamento.","O peso principal vem de tensão territorial, com suporte territorial de 100.0% e 1 registros recentes na janela de 30 dias.","Leitura consistente, mas ainda pede validação operacional pontual.","O território se diferencia do bloco intermediário, mas sem isolamento absoluto.","Verificar eventos recentes, pressão territorial e coerência com inteligência local antes da próxima atualização do ranking."
2026-06-11T08:11:26,2026-06-08,src/core/orchestrator.py:get_combined_risk,cities_general_top30,7,GROAIRAS,GROAIRAS,interior,cidade,53.06,alto,78.7,moderada,82.7,alta,1,1,46.0,85.9,100.0,50.0,46.7,100.0,65.0,100.0,1.66,91.2,14,14,False,stable,Tensão territorial,100.0,Sinal neural do ST-GAT,85.9,Atividade recente e vizinhança,50.0,Tensão territorial: 100.0% | Sinal neural do ST-GAT: 85.9% | Atividade recente e vizinhança: 50.0%,"GROAIRAS aparece na posição 7 de 69, com risco 53.1 e nível alto; é prioridade alta de acompanhamento.","O peso principal vem de tensão territorial, com suporte territorial de 100.0% e 1 registros recentes na janela de 30 dias.","Leitura consistente, mas ainda pede validação operacional pontual.","O território se diferencia do bloco intermediário, mas sem isolamento absoluto.","Verificar eventos recentes, pressão territorial e coerência com inteligência local antes da próxima atualização do ranking."
2026-06-11T08:11:26,2026-06-08,src/core/orchestrator.py:get_combined_risk,cities_general_top30,8,TRAIRI,TRAIRI,rmf,cidade,52.0,alto,75.8,moderada,81.5,alta,1,5,17.0,100.0,0.0,50.0,30.0,100.0,0.0,100.0,1.6,89.7,30,14,True,stable,CVLI recente na janela de 30 dias,100.0,Sinal neural do ST-GAT,100.0,Fallback histórico ativado,55.0,CVLI recente na janela de 30 dias: 100.0% | Sinal neural do ST-GAT: 100.0% | Fallback histórico ativado: 55.0%,"TRAIRI aparece na posição 8 de 69, com risco 52.0 e nível alto; é prioridade alta de acompanhamento.","O peso principal vem de cvli recente na janela de 30 dias, com suporte territorial de 100.0% e 5 registros recentes na janela de 30 dias.","Leitura consistente, mas ainda pede validação operacional pontual.","O território se diferencia do bloco intermediário, mas sem isolamento absoluto.","Verificar eventos recentes, pressão territorial e coerência com inteligência local antes da próxima atualização do ranking."
2026-06-11T08:11:26,2026-06-08,src/core/orchestrator.py:get_combined_risk,cities_general_top30,9,SOBRAL,SOBRAL,interior,cidade,32.66,moderado,66.8,baixa,75.2,alta,0,0,64.0,84.5,100.0,0.0,46.7,100.0,100.0,0.0,0.47,88.2,14,14,False,stable,Tensão territorial,100.0,Sinal neural do ST-GAT,84.5,Atividade recente e vizinhança,0.0,Tensão territorial: 100.0% | Sinal neural do ST-GAT: 84.5% | Atividade recente e vizinhança: 0.0%,"SOBRAL aparece na posição 9 de 69, com risco 32.7 e nível moderado; é prioridade alta de acompanhamento.","O peso principal vem de tensão territorial, com suporte territorial de 100.0% e 0 registros recentes na janela de 30 dias.",Leitura sensível a ruído; requer conferência adicional antes de decisão forte.,"O território se diferencia do bloco intermediário, mas sem isolamento absoluto.","Verificar eventos recentes, pressão territorial e coerência com inteligência local antes da próxima atualização do ranking."
2026-06-11T08:11:26,2026-06-08,src/core/orchestrator.py:get_combined_risk,cities_general_top30,10,IGUATU,IGUATU,interior,cidade,32.3,moderado,66.9,baixa,74.2,alta,0,0,81.0,83.1,100.0,0.0,46.7,100.0,100.0,0.0,0.45,86.8,14,14,False,stable,Tensão territorial,100.0,Sinal neural do ST-GAT,83.1,Atividade recente e vizinhança,0.0,Tensão territorial: 100.0% | Sinal neural do ST-GAT: 83.1% | Atividade recente e vizinhança: 0.0%,"IGUATU aparece na posição 10 de 69, com risco 32.3 e nível moderado; é prioridade alta de acompanhamento.","O peso principal vem de tensão territorial, com suporte territorial de 100.0% e 0 registros recentes na janela de 30 dias.",Leitura sensível a ruído; requer conferência adicional antes de decisão forte.,"O território se diferencia do bloco intermediário, mas sem isolamento absoluto.","Verificar eventos recentes, pressão territorial e coerência com inteligência local antes da próxima atualização do ranking."
2026-06-11T08:11:26,2026-06-08,src/core/orchestrator.py:get_combined_risk,cities_general_top30,11,BATURITE,BATURITE,interior,cidade,32.3,moderado,66.9,baixa,73.3,alta,0,0,61.0,83.1,100.0,0.0,46.7,100.0,100.0,0.0,0.45,85.3,14,14,False,stable,Tensão territorial,100.0,Sinal neural do ST-GAT,83.1,Atividade recente e vizinhança,0.0,Tensão territorial: 100.0% | Sinal neural do ST-GAT: 83.1% | Atividade recente e vizinhança: 0.0%,"BATURITE aparece na posição 11 de 69, com risco 32.3 e nível moderado; é território de atenção tática.","O peso principal vem de tensão territorial, com suporte territorial de 100.0% e 0 registros recentes na janela de 30 dias.",Leitura sensível a ruído; requer conferência adicional antes de decisão forte.,"O território se diferencia do bloco intermediário, mas sem isolamento absoluto.","Verificar eventos recentes, pressão territorial e coerência com inteligência local antes da próxima atualização do ranking."
2026-06-11T08:11:26,2026-06-08,src/core/orchestrator.py:get_combined_risk,cities_general_top30,12,EUSEBIO,EUSEBIO,rmf,cidade,28.83,baixo,38.4,muito baixa,71.5,alta,0,1,34.0,27.0,0.0,0.0,46.7,50.0,35.0,50.0,0.25,83.8,30,14,True,stable,Fallback histórico ativado,55.0,Sinal neural do ST-GAT,27.0,CVLI recente na janela de 30 dias,20.0,Fallback histórico ativado: 55.0% | Sinal neural do ST-GAT: 27.0% | CVLI recente na janela de 30 dias: 20.0%,"EUSEBIO aparece na posição 12 de 69, com risco 28.8 e nível baixo; é território de atenção tática.","O peso principal vem de fallback histórico ativado, com suporte territorial de 50.0% e 1 registros recentes na janela de 30 dias.",Leitura mais fraca; parte do peso vem de fallback histórico e deve ser confirmada em campo.,"O território se diferencia do bloco intermediário, mas sem isolamento absoluto.","Verificar eventos recentes, pressão territorial e coerência com inteligência local antes da próxima atualização do ranking."
2026-06-11T08:11:26,2026-06-08,src/core/orchestrator.py:get_combined_risk,cities_general_top30,13,LIMOEIRO DO NORTE,LIMOEIRO DO NORTE,interior,cidade,27.3,baixo,53.0,muito baixa,70.2,alta,0,0,40.0,83.1,50.0,0.0,46.7,50.0,50.0,0.0,0.16,82.4,14,14,False,stable,Sinal neural do ST-GAT,83.1,Tensão territorial,50.0,Atividade recente e vizinhança,0.0,Sinal neural do ST-GAT: 83.1% | Tensão territorial: 50.0% | Atividade recente e vizinhança: 0.0%,"LIMOEIRO DO NORTE aparece na posição 13 de 69, com risco 27.3 e nível baixo; é território de atenção tática.","O peso principal vem de sinal neural do st-gat, com suporte territorial de 50.0% e 0 registros recentes na janela de 30 dias.",Leitura sensível a ruído; requer conferência adicional antes de decisão forte.,"O território se diferencia do bloco intermediário, mas sem isolamento absoluto.","Verificar eventos recentes, pressão territorial e coerência com inteligência local antes da próxima atualização do ranking."
2026-06-11T08:11:26,2026-06-08,src/core/orchestrator.py:get_combined_risk,cities_general_top30,14,VARZEA ALEGRE,VARZEA ALEGRE,interior,cidade,25.93,baixo,57.3,baixa,68.9,moderada,0,1,16.0,78.0,50.0,0.0,46.7,50.0,0.0,50.0,0.08,80.9,14,14,False,stable,Sinal neural do ST-GAT,78.0,Tensão territorial,50.0,CVLI recente na janela de 30 dias,20.0,Sinal neural do ST-GAT: 78.0% | Tensão territorial: 50.0% | CVLI recente na janela de 30 dias: 20.0%,"VARZEA ALEGRE aparece na posição 14 de 69, com risco 25.9 e nível baixo; é território de atenção tática.","O peso principal vem de sinal neural do st-gat, com suporte territorial de 50.0% e 1 registros recentes na janela de 30 dias.",Leitura sensível a ruído; requer conferência adicional antes de decisão forte.,O território está próximo de pares vizinhos e pode oscilar no próximo ciclo.,"Verificar eventos recentes, pressão territorial e coerência com inteligência local antes da próxima atualização do ranking."
2026-06-11T08:11:26,2026-06-08,src/core/orchestrator.py:get_combined_risk,cities_general_top30,15,ALTO SANTO,ALTO SANTO,interior,cidade,25.92,baixo,57.3,baixa,68.0,moderada,0,1,22.0,78.0,50.0,0.0,46.7,50.0,5.0,50.0,0.08,79.4,14,14,False,stable,Sinal neural do ST-GAT,78.0,Tensão territorial,50.0,CVLI recente na janela de 30 dias,20.0,Sinal neural do ST-GAT: 78.0% | Tensão territorial: 50.0% | CVLI recente na janela de 30 dias: 20.0%,"ALTO SANTO aparece na posição 15 de 69, com risco 25.9 e nível baixo; é território de atenção tática.","O peso principal vem de sinal neural do st-gat, com suporte territorial de 50.0% e 1 registros recentes na janela de 30 dias.",Leitura sensível a ruído; requer conferência adicional antes de decisão forte.,O território está próximo de pares vizinhos e pode oscilar no próximo ciclo.,"Verificar eventos recentes, pressão territorial e coerência com inteligência local antes da próxima atualização do ranking."
2026-06-11T08:11:26,2026-06-08,src/core/orchestrator.py:get_combined_risk,cities_general_top30,16,ARATUBA,ARATUBA,interior,cidade,25.3,baixo,48.0,muito baixa,66.9,moderada,0,0,32.0,83.1,30.0,0.0,46.7,30.0,30.0,0.0,0.04,77.9,14,14,False,stable,Sinal neural do ST-GAT,83.1,Tensão territorial,30.0,Atividade recente e vizinhança,0.0,Sinal neural do ST-GAT: 83.1% | Tensão territorial: 30.0% | Atividade recente e vizinhança: 0.0%,"ARATUBA aparece na posição 16 de 69, com risco 25.3 e nível baixo; é território de atenção tática.","O peso principal vem de sinal neural do st-gat, com suporte territorial de 30.0% e 0 registros recentes na janela de 30 dias.",Leitura sensível a ruído; requer conferência adicional antes de decisão forte.,O território está próximo de pares vizinhos e pode oscilar no próximo ciclo.,"Verificar eventos recentes, pressão territorial e coerência com inteligência local antes da próxima atualização do ranking."
2026-06-11T08:11:26,2026-06-08,src/core/orchestrator.py:get_combined_risk,cities_general_top30,17,HORIZONTE,HORIZONTE,rmf,cidade,24.81,baixo,45.1,muito baixa,65.9,moderada,0,0,128.0,18.9,0.0,0.0,46.7,100.0,100.0,0.0,0.01,76.5,30,14,True,stable,Fallback histórico ativado,55.0,Sinal neural do ST-GAT,18.9,Tensão territorial,0.0,Fallback histórico ativado: 55.0% | Sinal neural do ST-GAT: 18.9% | Tensão territorial: 0.0%,"HORIZONTE aparece na posição 17 de 69, com risco 24.8 e nível baixo; é território de atenção tática.","O peso principal vem de fallback histórico ativado, com suporte territorial de 100.0% e 0 registros recentes na janela de 30 dias.",Leitura mais fraca; parte do peso vem de fallback histórico e deve ser confirmada em campo.,O território está próximo de pares vizinhos e pode oscilar no próximo ciclo.,"Verificar eventos recentes, pressão territorial e coerência com inteligência local antes da próxima atualização do ranking."
2026-06-11T08:11:26,2026-06-08,src/core/orchestrator.py:get_combined_risk,cities_general_top30,18,URUBURETAMA,URUBURETAMA,interior,cidade,23.09,baixo,41.4,muito baixa,64.6,moderada,0,0,23.0,83.2,7.5,0.0,46.7,7.5,7.5,0.0,-0.09,75.0,14,14,False,stable,Sinal neural do ST-GAT,83.2,Tensão territorial,7.5,Atividade recente e vizinhança,0.0,Sinal neural do ST-GAT: 83.2% | Tensão territorial: 7.5% | Atividade recente e vizinhança: 0.0%,"URUBURETAMA aparece na posição 18 de 69, com risco 23.1 e nível baixo; é território de atenção tática.","O peso principal vem de sinal neural do st-gat, com suporte territorial de 7.5% e 0 registros recentes na janela de 30 dias.",Leitura sensível a ruído; requer conferência adicional antes de decisão forte.,O território está próximo de pares vizinhos e pode oscilar no próximo ciclo.,"Verificar eventos recentes, pressão territorial e coerência com inteligência local antes da próxima atualização do ranking."
2026-06-11T08:11:26,2026-06-08,src/core/orchestrator.py:get_combined_risk,cities_general_top30,19,NOVA OLINDA,NOVA OLINDA,interior,cidade,23.05,baixo,41.4,muito baixa,63.7,moderada,0,0,23.0,83.1,7.5,0.0,46.7,7.5,7.5,0.0,-0.09,73.5,14,14,False,stable,Sinal neural do ST-GAT,83.1,Tensão territorial,7.5,Atividade recente e vizinhança,0.0,Sinal neural do ST-GAT: 83.1% | Tensão territorial: 7.5% | Atividade recente e vizinhança: 0.0%,"NOVA OLINDA aparece na posição 19 de 69, com risco 23.1 e nível baixo; é território de atenção tática.","O peso principal vem de sinal neural do st-gat, com suporte territorial de 7.5% e 0 registros recentes na janela de 30 dias.",Leitura sensível a ruído; requer conferência adicional antes de decisão forte.,O território está próximo de pares vizinhos e pode oscilar no próximo ciclo.,"Verificar eventos recentes, pressão territorial e coerência com inteligência local antes da próxima atualização do ranking."
2026-06-11T08:11:26,2026-06-08,src/core/orchestrator.py:get_combined_risk,cities_general_top30,20,VICOSA DO CEARA,VICOSA DO CEARA,interior,cidade,22.8,baixo,40.6,muito baixa,62.7,moderada,0,0,22.0,83.1,5.0,0.0,46.7,5.0,5.0,0.0,-0.11,72.1,14,14,False,stable,Sinal neural do ST-GAT,83.1,Tensão territorial,5.0,Atividade recente e vizinhança,0.0,Sinal neural do ST-GAT: 83.1% | Tensão territorial: 5.0% | Atividade recente e vizinhança: 0.0%,"VICOSA DO CEARA aparece na posição 20 de 69, com risco 22.8 e nível baixo; é território de atenção tática.","O peso principal vem de sinal neural do st-gat, com suporte territorial de 5.0% e 0 registros recentes na janela de 30 dias.",Leitura sensível a ruído; requer conferência adicional antes de decisão forte.,O território está próximo de pares vizinhos e pode oscilar no próximo ciclo.,"Verificar eventos recentes, pressão territorial e coerência com inteligência local antes da próxima atualização do ranking."
2026-06-11T08:11:26,2026-06-08,src/core/orchestrator.py:get_combined_risk,cities_general_top30,21,CARIRE,CARIRE,interior,cidade,22.69,baixo,40.6,muito baixa,61.8,moderada,0,0,22.0,82.7,5.0,0.0,46.7,5.0,5.0,0.0,-0.11,70.6,14,14,False,stable,Sinal neural do ST-GAT,82.7,Tensão territorial,5.0,Atividade recente e vizinhança,0.0,Sinal neural do ST-GAT: 82.7% | Tensão territorial: 5.0% | Atividade recente e vizinhança: 0.0%,"CARIRE aparece na posição 21 de 69, com risco 22.7 e nível baixo; é território de atenção tática.","O peso principal vem de sinal neural do st-gat, com suporte territorial de 5.0% e 0 registros recentes na janela de 30 dias.",Leitura sensível a ruído; requer conferência adicional antes de decisão forte.,O território está próximo de pares vizinhos e pode oscilar no próximo ciclo.,"Verificar eventos recentes, pressão territorial e coerência com inteligência local antes da próxima atualização do ranking."
2026-06-11T08:11:26,2026-06-08,src/core/orchestrator.py:get_combined_risk,cities_general_top30,22,FORQUILHA,FORQUILHA,interior,cidade,22.66,baixo,39.2,muito baixa,60.9,moderada,0,0,12.0,84.5,0.0,0.0,46.7,0.0,0.0,0.0,-0.12,69.1,14,14,False,stable,Sinal neural do ST-GAT,84.5,Tensão territorial,0.0,Atividade recente e vizinhança,0.0,Sinal neural do ST-GAT: 84.5% | Tensão territorial: 0.0% | Atividade recente e vizinhança: 0.0%,"FORQUILHA aparece na posição 22 de 69, com risco 22.7 e nível baixo; é território de atenção tática.","O peso principal vem de sinal neural do st-gat, com suporte territorial de 0.0% e 0 registros recentes na janela de 30 dias.",Leitura sensível a ruído; requer conferência adicional antes de decisão forte.,O território está próximo de pares vizinhos e pode oscilar no próximo ciclo.,"Verificar eventos recentes, pressão territorial e coerência com inteligência local antes da próxima atualização do ranking."
2026-06-11T08:11:26,2026-06-08,src/core/orchestrator.py:get_combined_risk,cities_general_top30,23,CAPISTRANO,CAPISTRANO,interior,cidade,22.55,baixo,39.8,muito baixa,60.0,moderada,0,0,21.0,83.1,2.5,0.0,46.7,2.5,2.5,0.0,-0.12,67.6,14,14,False,stable,Sinal neural do ST-GAT,83.1,Tensão territorial,2.5,Atividade recente e vizinhança,0.0,Sinal neural do ST-GAT: 83.1% | Tensão territorial: 2.5% | Atividade recente e vizinhança: 0.0%,"CAPISTRANO aparece na posição 23 de 69, com risco 22.6 e nível baixo; é território de atenção tática.","O peso principal vem de sinal neural do st-gat, com suporte territorial de 2.5% e 0 registros recentes na janela de 30 dias.",Leitura sensível a ruído; requer conferência adicional antes de decisão forte.,O território está próximo de pares vizinhos e pode oscilar no próximo ciclo.,"Verificar eventos recentes, pressão territorial e coerência com inteligência local antes da próxima atualização do ranking."
2026-06-11T08:11:26,2026-06-08,src/core/orchestrator.py:get_combined_risk,cities_general_top30,24,SANTANA DO ACARAU,SANTANA DO ACARAU,interior,cidade,22.37,baixo,39.1,muito baixa,59.1,moderada,0,0,9.0,83.4,0.0,0.0,46.7,0.0,0.0,0.0,-0.13,66.2,14,14,False,stable,Sinal neural do ST-GAT,83.4,Tensão territorial,0.0,Atividade recente e vizinhança,0.0,Sinal neural do ST-GAT: 83.4% | Tensão territorial: 0.0% | Atividade recente e vizinhança: 0.0%,"SANTANA DO ACARAU aparece na posição 24 de 69, com risco 22.4 e nível baixo; é território de atenção tática.","O peso principal vem de sinal neural do st-gat, com suporte territorial de 0.0% e 0 registros recentes na janela de 30 dias.",Leitura sensível a ruído; requer conferência adicional antes de decisão forte.,O território está próximo de pares vizinhos e pode oscilar no próximo ciclo.,"Verificar eventos recentes, pressão territorial e coerência com inteligência local antes da próxima atualização do ranking."
2026-06-11T08:11:26,2026-06-08,src/core/orchestrator.py:get_combined_risk,cities_general_top30,25,ACOPIARA,ACOPIARA,interior,cidade,22.31,baixo,39.0,muito baixa,58.2,moderada,0,0,14.0,83.2,0.0,0.0,46.7,0.0,0.0,0.0,-0.14,64.7,14,14,False,stable,Sinal neural do ST-GAT,83.2,Tensão territorial,0.0,Atividade recente e vizinhança,0.0,Sinal neural do ST-GAT: 83.2% | Tensão territorial: 0.0% | Atividade recente e vizinhança: 0.0%,"ACOPIARA aparece na posição 25 de 69, com risco 22.3 e nível baixo; é território de atenção tática.","O peso principal vem de sinal neural do st-gat, com suporte territorial de 0.0% e 0 registros recentes na janela de 30 dias.",Leitura sensível a ruído; requer conferência adicional antes de decisão forte.,O território está próximo de pares vizinhos e pode oscilar no próximo ciclo.,"Verificar eventos recentes, pressão territorial e coerência com inteligência local antes da próxima atualização do ranking."
2026-06-11T08:11:26,2026-06-08,src/core/orchestrator.py:get_combined_risk,cities_general_top30,26,CEDRO,CEDRO,interior,cidade,22.31,baixo,39.0,muito baixa,57.3,moderada,0,0,10.0,83.2,0.0,0.0,46.7,0.0,0.0,0.0,-0.14,63.2,14,14,False,stable,Sinal neural do ST-GAT,83.2,Tensão territorial,0.0,Atividade recente e vizinhança,0.0,Sinal neural do ST-GAT: 83.2% | Tensão territorial: 0.0% | Atividade recente e vizinhança: 0.0%,"CEDRO aparece na posição 26 de 69, com risco 22.3 e nível baixo; é território de atenção tática.","O peso principal vem de sinal neural do st-gat, com suporte territorial de 0.0% e 0 registros recentes na janela de 30 dias.",Leitura sensível a ruído; requer conferência adicional antes de decisão forte.,O território está próximo de pares vizinhos e pode oscilar no próximo ciclo.,"Verificar eventos recentes, pressão territorial e coerência com inteligência local antes da próxima atualização do ranking."
2026-06-11T08:11:26,2026-06-08,src/core/orchestrator.py:get_combined_risk,cities_general_top30,27,CARIRIACU,CARIRIACU,interior,cidade,22.3,baixo,39.0,muito baixa,56.4,moderada,0,0,14.0,83.1,0.0,0.0,46.7,0.0,0.0,0.0,-0.14,61.8,14,14,False,stable,Sinal neural do ST-GAT,83.1,Tensão territorial,0.0,Atividade recente e vizinhança,0.0,Sinal neural do ST-GAT: 83.1% | Tensão territorial: 0.0% | Atividade recente e vizinhança: 0.0%,"CARIRIACU aparece na posição 27 de 69, com risco 22.3 e nível baixo; é território de atenção tática.","O peso principal vem de sinal neural do st-gat, com suporte territorial de 0.0% e 0 registros recentes na janela de 30 dias.",Leitura sensível a ruído; requer conferência adicional antes de decisão forte.,O território está próximo de pares vizinhos e pode oscilar no próximo ciclo.,"Verificar eventos recentes, pressão territorial e coerência com inteligência local antes da próxima atualização do ranking."
2026-06-11T08:11:26,2026-06-08,src/core/orchestrator.py:get_combined_risk,cities_general_top30,28,GRACA,GRACA,interior,cidade,22.3,baixo,39.0,muito baixa,55.5,moderada,0,0,14.0,83.1,0.0,0.0,46.7,0.0,0.0,0.0,-0.14,60.3,14,14,False,stable,Sinal neural do ST-GAT,83.1,Tensão territorial,0.0,Atividade recente e vizinhança,0.0,Sinal neural do ST-GAT: 83.1% | Tensão territorial: 0.0% | Atividade recente e vizinhança: 0.0%,"GRACA aparece na posição 28 de 69, com risco 22.3 e nível baixo; é território de atenção tática.","O peso principal vem de sinal neural do st-gat, com suporte territorial de 0.0% e 0 registros recentes na janela de 30 dias.",Leitura sensível a ruído; requer conferência adicional antes de decisão forte.,O território está próximo de pares vizinhos e pode oscilar no próximo ciclo.,"Verificar eventos recentes, pressão territorial e coerência com inteligência local antes da próxima atualização do ranking."
2026-06-11T08:11:26,2026-06-08,src/core/orchestrator.py:get_combined_risk,cities_general_top30,29,GENERAL SAMPAIO,GENERAL SAMPAIO,interior,cidade,22.3,baixo,39.0,muito baixa,54.6,moderada,0,0,14.0,83.1,0.0,0.0,46.7,0.0,0.0,0.0,-0.14,58.8,14,14,False,stable,Sinal neural do ST-GAT,83.1,Tensão territorial,0.0,Atividade recente e vizinhança,0.0,Sinal neural do ST-GAT: 83.1% | Tensão territorial: 0.0% | Atividade recente e vizinhança: 0.0%,"GENERAL SAMPAIO aparece na posição 29 de 69, com risco 22.3 e nível baixo; é território de atenção tática.","O peso principal vem de sinal neural do st-gat, com suporte territorial de 0.0% e 0 registros recentes na janela de 30 dias.",Leitura sensível a ruído; requer conferência adicional antes de decisão forte.,O território está próximo de pares vizinhos e pode oscilar no próximo ciclo.,"Verificar eventos recentes, pressão territorial e coerência com inteligência local antes da próxima atualização do ranking."
2026-06-11T08:11:26,2026-06-08,src/core/orchestrator.py:get_combined_risk,cities_general_top30,30,OROS,OROS,interior,cidade,22.3,baixo,39.0,muito baixa,53.8,moderada,0,0,12.0,83.1,0.0,0.0,46.7,0.0,0.0,0.0,-0.14,57.4,14,14,False,stable,Sinal neural do ST-GAT,83.1,Tensão territorial,0.0,Atividade recente e vizinhança,0.0,Sinal neural do ST-GAT: 83.1% | Tensão territorial: 0.0% | Atividade recente e vizinhança: 0.0%,"OROS aparece na posição 30 de 69, com risco 22.3 e nível baixo; é território de atenção tática.","O peso principal vem de sinal neural do st-gat, com suporte territorial de 0.0% e 0 registros recentes na janela de 30 dias.",Leitura sensível a ruído; requer conferência adicional antes de decisão forte.,O território está próximo de pares vizinhos e pode oscilar no próximo ciclo.,"Verificar eventos recentes, pressão territorial e coerência com inteligência local antes da próxima atualização do ranking."
2026-06-11T08:11:26,2026-06-08,src/core/orchestrator.py:get_combined_risk,cities_rmf_top20,1,CAUCAIA,CAUCAIA,rmf,cidade,79.56,crítico,54.6,muito baixa,92.5,muito alta,0,0,612.0,88.4,100.0,0.0,46.7,100.0,100.0,0.0,2.61,100.0,30,14,True,stable,Tensão territorial,100.0,Sinal neural do ST-GAT,88.4,Fallback histórico ativado,55.0,Tensão territorial: 100.0% | Sinal neural do ST-GAT: 88.4% | Fallback histórico ativado: 55.0%,"CAUCAIA aparece na posição 1 de 19, com risco 79.6 e nível crítico; é prioridade imediata de acompanhamento.","O peso principal vem de tensão territorial, com suporte territorial de 100.0% e 0 registros recentes na janela de 30 dias.",Leitura mais fraca; parte do peso vem de fallback histórico e deve ser confirmada em campo.,O território está bem destacado no ranking frente aos pares.,"Verificar eventos recentes, pressão territorial e coerência com inteligência local antes da próxima atualização do ranking."
2026-06-11T08:11:26,2026-06-08,src/core/orchestrator.py:get_combined_risk,cities_rmf_top20,2,MARACANAU,MARACANAU,rmf,cidade,68.4,alto,55.5,baixa,86.8,muito alta,0,0,626.0,66.1,100.0,0.0,46.7,100.0,100.0,0.0,2.12,94.4,30,14,True,stable,Tensão territorial,100.0,Sinal neural do ST-GAT,66.1,Fallback histórico ativado,55.0,Tensão territorial: 100.0% | Sinal neural do ST-GAT: 66.1% | Fallback histórico ativado: 55.0%,"MARACANAU aparece na posição 2 de 19, com risco 68.4 e nível alto; é prioridade imediata de acompanhamento.","O peso principal vem de tensão territorial, com suporte territorial de 100.0% e 0 registros recentes na janela de 30 dias.",Leitura mais fraca; parte do peso vem de fallback histórico e deve ser confirmada em campo.,O território está bem destacado no ranking frente aos pares.,"Verificar eventos recentes, pressão territorial e coerência com inteligência local antes da próxima atualização do ranking."
2026-06-11T08:11:26,2026-06-08,src/core/orchestrator.py:get_combined_risk,cities_rmf_top20,3,TRAIRI,TRAIRI,rmf,cidade,52.0,alto,75.8,moderada,80.1,alta,1,5,17.0,100.0,0.0,50.0,30.0,100.0,0.0,100.0,1.41,88.9,30,14,True,stable,CVLI recente na janela de 30 dias,100.0,Sinal neural do ST-GAT,100.0,Fallback histórico ativado,55.0,CVLI recente na janela de 30 dias: 100.0% | Sinal neural do ST-GAT: 100.0% | Fallback histórico ativado: 55.0%,"TRAIRI aparece na posição 3 de 19, com risco 52.0 e nível alto; é prioridade imediata de acompanhamento.","O peso principal vem de cvli recente na janela de 30 dias, com suporte territorial de 100.0% e 5 registros recentes na janela de 30 dias.","Leitura consistente, mas ainda pede validação operacional pontual.","O território se diferencia do bloco intermediário, mas sem isolamento absoluto.","Verificar eventos recentes, pressão territorial e coerência com inteligência local antes da próxima atualização do ranking."
2026-06-11T08:11:26,2026-06-08,src/core/orchestrator.py:get_combined_risk,cities_rmf_top20,4,EUSEBIO,EUSEBIO,rmf,cidade,28.83,baixo,38.4,muito baixa,71.9,alta,0,1,34.0,27.0,0.0,0.0,46.7,50.0,35.0,50.0,0.4,83.3,30,14,True,stable,Fallback histórico ativado,55.0,Sinal neural do ST-GAT,27.0,CVLI recente na janela de 30 dias,20.0,Fallback histórico ativado: 55.0% | Sinal neural do ST-GAT: 27.0% | CVLI recente na janela de 30 dias: 20.0%,"EUSEBIO aparece na posição 4 de 19, com risco 28.8 e nível baixo; é prioridade imediata de acompanhamento.","O peso principal vem de fallback histórico ativado, com suporte territorial de 50.0% e 1 registros recentes na janela de 30 dias.",Leitura mais fraca; parte do peso vem de fallback histórico e deve ser confirmada em campo.,"O território se diferencia do bloco intermediário, mas sem isolamento absoluto.","Verificar eventos recentes, pressão territorial e coerência com inteligência local antes da próxima atualização do ranking."
2026-06-11T08:11:26,2026-06-08,src/core/orchestrator.py:get_combined_risk,cities_rmf_top20,5,HORIZONTE,HORIZONTE,rmf,cidade,24.81,baixo,45.1,muito baixa,67.8,moderada,0,0,128.0,18.9,0.0,0.0,46.7,100.0,100.0,0.0,0.22,77.8,30,14,True,stable,Fallback histórico ativado,55.0,Sinal neural do ST-GAT,18.9,Tensão territorial,0.0,Fallback histórico ativado: 55.0% | Sinal neural do ST-GAT: 18.9% | Tensão territorial: 0.0%,"HORIZONTE aparece na posição 5 de 19, com risco 24.8 e nível baixo; é prioridade imediata de acompanhamento.","O peso principal vem de fallback histórico ativado, com suporte territorial de 100.0% e 0 registros recentes na janela de 30 dias.",Leitura mais fraca; parte do peso vem de fallback histórico e deve ser confirmada em campo.,O território está próximo de pares vizinhos e pode oscilar no próximo ciclo.,"Verificar eventos recentes, pressão territorial e coerência com inteligência local antes da próxima atualização do ranking."
2026-06-11T08:11:26,2026-06-08,src/core/orchestrator.py:get_combined_risk,cities_rmf_top20,6,SAO LUIS DO CURU,SAO LUIS DO CURU,rmf,cidade,20.1,baixo,20.9,muito baixa,63.4,moderada,0,0,23.0,9.5,0.0,0.0,46.7,7.5,7.5,0.0,0.02,72.2,30,14,True,stable,Fallback histórico ativado,55.0,Sinal neural do ST-GAT,9.5,Tensão territorial,0.0,Fallback histórico ativado: 55.0% | Sinal neural do ST-GAT: 9.5% | Tensão territorial: 0.0%,"SAO LUIS DO CURU aparece na posição 6 de 19, com risco 20.1 e nível baixo; é prioridade alta de acompanhamento.","O peso principal vem de fallback histórico ativado, com suporte territorial de 7.5% e 0 registros recentes na janela de 30 dias.",Leitura mais fraca; parte do peso vem de fallback histórico e deve ser confirmada em campo.,O território está próximo de pares vizinhos e pode oscilar no próximo ciclo.,"Verificar eventos recentes, pressão territorial e coerência com inteligência local antes da próxima atualização do ranking."
2026-06-11T08:11:26,2026-06-08,src/core/orchestrator.py:get_combined_risk,cities_rmf_top20,7,PACAJUS,PACAJUS,rmf,cidade,20.1,baixo,44.0,muito baixa,60.1,moderada,0,0,104.0,9.5,0.0,0.0,46.7,100.0,100.0,0.0,0.02,66.7,30,14,True,stable,Fallback histórico ativado,55.0,Sinal neural do ST-GAT,9.5,Tensão territorial,0.0,Fallback histórico ativado: 55.0% | Sinal neural do ST-GAT: 9.5% | Tensão territorial: 0.0%,"PACAJUS aparece na posição 7 de 19, com risco 20.1 e nível baixo; é prioridade alta de acompanhamento.","O peso principal vem de fallback histórico ativado, com suporte territorial de 100.0% e 0 registros recentes na janela de 30 dias.",Leitura mais fraca; parte do peso vem de fallback histórico e deve ser confirmada em campo.,O território está próximo de pares vizinhos e pode oscilar no próximo ciclo.,"Verificar eventos recentes, pressão territorial e coerência com inteligência local antes da próxima atualização do ranking."
2026-06-11T08:11:26,2026-06-08,src/core/orchestrator.py:get_combined_risk,cities_rmf_top20,8,PINDORETAMA,PINDORETAMA,rmf,cidade,20.1,baixo,32.8,muito baixa,56.8,moderada,0,0,42.0,9.5,0.0,0.0,46.7,55.0,55.0,0.0,0.02,61.1,30,14,True,stable,Fallback histórico ativado,55.0,Sinal neural do ST-GAT,9.5,Tensão territorial,0.0,Fallback histórico ativado: 55.0% | Sinal neural do ST-GAT: 9.5% | Tensão territorial: 0.0%,"PINDORETAMA aparece na posição 8 de 19, com risco 20.1 e nível baixo; é prioridade alta de acompanhamento.","O peso principal vem de fallback histórico ativado, com suporte territorial de 55.0% e 0 registros recentes na janela de 30 dias.",Leitura mais fraca; parte do peso vem de fallback histórico e deve ser confirmada em campo.,O território está próximo de pares vizinhos e pode oscilar no próximo ciclo.,"Verificar eventos recentes, pressão territorial e coerência com inteligência local antes da próxima atualização do ranking."
2026-06-11T08:11:26,2026-06-08,src/core/orchestrator.py:get_combined_risk,cities_rmf_top20,9,PARAIPABA,PARAIPABA,rmf,cidade,20.1,baixo,25.9,muito baixa,53.5,moderada,0,0,31.0,9.5,0.0,0.0,46.7,27.5,27.5,0.0,0.02,55.6,30,14,True,stable,Fallback histórico ativado,55.0,Sinal neural do ST-GAT,9.5,Tensão territorial,0.0,Fallback histórico ativado: 55.0% | Sinal neural do ST-GAT: 9.5% | Tensão territorial: 0.0%,"PARAIPABA aparece na posição 9 de 19, com risco 20.1 e nível baixo; é prioridade alta de acompanhamento.","O peso principal vem de fallback histórico ativado, com suporte territorial de 27.5% e 0 registros recentes na janela de 30 dias.",Leitura mais fraca; parte do peso vem de fallback histórico e deve ser confirmada em campo.,O território está próximo de pares vizinhos e pode oscilar no próximo ciclo.,"Verificar eventos recentes, pressão territorial e coerência com inteligência local antes da próxima atualização do ranking."
2026-06-11T08:11:26,2026-06-08,src/core/orchestrator.py:get_combined_risk,cities_rmf_top20,10,ITAITINGA,ITAITINGA,rmf,cidade,18.83,baixo,22.5,muito baixa,49.8,baixa,0,0,26.0,7.0,0.0,0.0,46.7,15.0,15.0,0.0,-0.04,50.0,30,14,True,stable,Fallback histórico ativado,55.0,Sinal neural do ST-GAT,7.0,Tensão territorial,0.0,Fallback histórico ativado: 55.0% | Sinal neural do ST-GAT: 7.0% | Tensão territorial: 0.0%,"ITAITINGA aparece na posição 10 de 19, com risco 18.8 e nível baixo; é prioridade alta de acompanhamento.","O peso principal vem de fallback histórico ativado, com suporte territorial de 15.0% e 0 registros recentes na janela de 30 dias.",Leitura mais fraca; parte do peso vem de fallback histórico e deve ser confirmada em campo.,O território está próximo de pares vizinhos e pode oscilar no próximo ciclo.,"Verificar eventos recentes, pressão territorial e coerência com inteligência local antes da próxima atualização do ranking."
2026-06-11T08:11:26,2026-06-08,src/core/orchestrator.py:get_combined_risk,cities_rmf_top20,11,PACATUBA,PACATUBA,rmf,cidade,15.33,baixo,46.8,muito baixa,45.7,baixa,0,1,58.0,0.0,0.0,0.0,46.7,95.0,95.0,50.0,-0.19,44.4,30,14,True,stable,Fallback histórico ativado,55.0,CVLI recente na janela de 30 dias,20.0,Sinal neural do ST-GAT,0.0,Fallback histórico ativado: 55.0% | CVLI recente na janela de 30 dias: 20.0% | Sinal neural do ST-GAT: 0.0%,"PACATUBA aparece na posição 11 de 19, com risco 15.3 e nível baixo; é território de atenção tática.","O peso principal vem de fallback histórico ativado, com suporte territorial de 95.0% e 1 registros recentes na janela de 30 dias.",Leitura mais fraca; parte do peso vem de fallback histórico e deve ser confirmada em campo.,O território está próximo de pares vizinhos e pode oscilar no próximo ciclo.,"Verificar eventos recentes, pressão territorial e coerência com inteligência local antes da próxima atualização do ranking."
2026-06-11T08:11:26,2026-06-08,src/core/orchestrator.py:get_combined_risk,cities_rmf_top20,12,SAO GONCALO DO AMARANTE,SAO GONCALO DO AMARANTE,rmf,cidade,4.81,baixo,20.1,muito baixa,40.2,baixa,0,0,1.0,18.9,0.0,0.0,46.7,0.0,0.0,0.0,-0.65,38.9,30,14,True,stable,Fallback histórico ativado,55.0,Sinal neural do ST-GAT,18.9,Tensão territorial,0.0,Fallback histórico ativado: 55.0% | Sinal neural do ST-GAT: 18.9% | Tensão territorial: 0.0%,"SAO GONCALO DO AMARANTE aparece na posição 12 de 19, com risco 4.8 e nível baixo; é território de atenção tática.","O peso principal vem de fallback histórico ativado, com suporte territorial de 0.0% e 0 registros recentes na janela de 30 dias.",Leitura mais fraca; parte do peso vem de fallback histórico e deve ser confirmada em campo.,O território está próximo de pares vizinhos e pode oscilar no próximo ciclo.,"Verificar eventos recentes, pressão territorial e coerência com inteligência local antes da próxima atualização do ranking."
2026-06-11T08:11:26,2026-06-08,src/core/orchestrator.py:get_combined_risk,cities_rmf_top20,13,BEBERIBE,BEBERIBE,rmf,cidade,0.1,baixo,19.0,muito baixa,35.9,baixa,0,0,1.0,9.5,0.0,0.0,46.7,0.0,0.0,0.0,-0.85,33.3,30,14,True,stable,Fallback histórico ativado,55.0,Sinal neural do ST-GAT,9.5,Tensão territorial,0.0,Fallback histórico ativado: 55.0% | Sinal neural do ST-GAT: 9.5% | Tensão territorial: 0.0%,"BEBERIBE aparece na posição 13 de 19, com risco 0.1 e nível baixo; é território de atenção tática.","O peso principal vem de fallback histórico ativado, com suporte territorial de 0.0% e 0 registros recentes na janela de 30 dias.",Leitura mais fraca; parte do peso vem de fallback histórico e deve ser confirmada em campo.,O território está próximo de pares vizinhos e pode oscilar no próximo ciclo.,"Verificar eventos recentes, pressão territorial e coerência com inteligência local antes da próxima atualização do ranking."
2026-06-11T08:11:26,2026-06-08,src/core/orchestrator.py:get_combined_risk,cities_rmf_top20,14,CASCAVEL,CASCAVEL,rmf,cidade,0.1,baixo,19.0,muito baixa,32.6,baixa,0,0,2.0,9.5,0.0,0.0,46.7,0.0,0.0,0.0,-0.85,27.8,30,14,True,stable,Fallback histórico ativado,55.0,Sinal neural do ST-GAT,9.5,Tensão territorial,0.0,Fallback histórico ativado: 55.0% | Sinal neural do ST-GAT: 9.5% | Tensão territorial: 0.0%,"CASCAVEL aparece na posição 14 de 19, com risco 0.1 e nível baixo; é território de atenção tática.","O peso principal vem de fallback histórico ativado, com suporte territorial de 0.0% e 0 registros recentes na janela de 30 dias.",Leitura mais fraca; parte do peso vem de fallback histórico e deve ser confirmada em campo.,O território está próximo de pares vizinhos e pode oscilar no próximo ciclo.,"Verificar eventos recentes, pressão territorial e coerência com inteligência local antes da próxima atualização do ranking."
2026-06-11T08:11:26,2026-06-08,src/core/orchestrator.py:get_combined_risk,cities_rmf_top20,15,MARANGUAPE,MARANGUAPE,rmf,cidade,0.1,baixo,19.0,muito baixa,29.2,baixa,0,0,9.0,9.5,0.0,0.0,46.7,0.0,0.0,0.0,-0.85,22.2,30,14,True,stable,Fallback histórico ativado,55.0,Sinal neural do ST-GAT,9.5,Tensão territorial,0.0,Fallback histórico ativado: 55.0% | Sinal neural do ST-GAT: 9.5% | Tensão territorial: 0.0%,"MARANGUAPE aparece na posição 15 de 19, com risco 0.1 e nível baixo; é território de atenção tática.","O peso principal vem de fallback histórico ativado, com suporte territorial de 0.0% e 0 registros recentes na janela de 30 dias.",Leitura mais fraca; parte do peso vem de fallback histórico e deve ser confirmada em campo.,O território está próximo de pares vizinhos e pode oscilar no próximo ciclo.,"Verificar eventos recentes, pressão territorial e coerência com inteligência local antes da próxima atualização do ranking."
2026-06-11T08:11:26,2026-06-08,src/core/orchestrator.py:get_combined_risk,cities_rmf_top20,16,PARACURU,PARACURU,rmf,cidade,0.1,baixo,19.0,muito baixa,25.9,baixa,0,0,19.0,9.5,0.0,0.0,46.7,0.0,0.0,0.0,-0.85,16.7,30,14,True,stable,Fallback histórico ativado,55.0,Sinal neural do ST-GAT,9.5,Tensão territorial,0.0,Fallback histórico ativado: 55.0% | Sinal neural do ST-GAT: 9.5% | Tensão territorial: 0.0%,"PARACURU aparece na posição 16 de 19, com risco 0.1 e nível baixo; é território de atenção tática.","O peso principal vem de fallback histórico ativado, com suporte territorial de 0.0% e 0 registros recentes na janela de 30 dias.",Leitura mais fraca; parte do peso vem de fallback histórico e deve ser confirmada em campo.,O território está próximo de pares vizinhos e pode oscilar no próximo ciclo.,"Verificar eventos recentes, pressão territorial e coerência com inteligência local antes da próxima atualização do ranking."
2026-06-11T08:11:26,2026-06-08,src/core/orchestrator.py:get_combined_risk,cities_rmf_top20,17,AQUIRAZ,AQUIRAZ,rmf,cidade,0.1,baixo,19.0,muito baixa,22.6,baixa,0,0,20.0,9.5,0.0,0.0,46.7,0.0,0.0,0.0,-0.85,11.1,30,14,True,stable,Fallback histórico ativado,55.0,Sinal neural do ST-GAT,9.5,Tensão territorial,0.0,Fallback histórico ativado: 55.0% | Sinal neural do ST-GAT: 9.5% | Tensão territorial: 0.0%,"AQUIRAZ aparece na posição 17 de 19, com risco 0.1 e nível baixo; é território de atenção tática.","O peso principal vem de fallback histórico ativado, com suporte territorial de 0.0% e 0 registros recentes na janela de 30 dias.",Leitura mais fraca; parte do peso vem de fallback histórico e deve ser confirmada em campo.,O território está próximo de pares vizinhos e pode oscilar no próximo ciclo.,"Verificar eventos recentes, pressão territorial e coerência com inteligência local antes da próxima atualização do ranking."
2026-06-11T08:11:26,2026-06-08,src/core/orchestrator.py:get_combined_risk,cities_rmf_top20,18,CHOROZINHO,CHOROZINHO,rmf,cidade,0.1,baixo,19.0,muito baixa,19.3,baixa,0,0,15.0,9.5,0.0,0.0,46.7,0.0,0.0,0.0,-0.85,5.6,30,14,True,stable,Fallback histórico ativado,55.0,Sinal neural do ST-GAT,9.5,Tensão territorial,0.0,Fallback histórico ativado: 55.0% | Sinal neural do ST-GAT: 9.5% | Tensão territorial: 0.0%,"CHOROZINHO aparece na posição 18 de 19, com risco 0.1 e nível baixo; é território de atenção tática.","O peso principal vem de fallback histórico ativado, com suporte territorial de 0.0% e 0 registros recentes na janela de 30 dias.",Leitura mais fraca; parte do peso vem de fallback histórico e deve ser confirmada em campo.,O território está próximo de pares vizinhos e pode oscilar no próximo ciclo.,"Verificar eventos recentes, pressão territorial e coerência com inteligência local antes da próxima atualização do ranking."
2026-06-11T08:11:26,2026-06-08,src/core/orchestrator.py:get_combined_risk,cities_rmf_top20,19,GUAIUBA,GUAIUBA,rmf,cidade,0.0,baixo,35.5,muito baixa,15.9,baixa,0,1,13.0,0.0,0.0,0.0,46.7,50.0,0.0,50.0,-0.86,0.0,30,14,True,stable,Fallback histórico ativado,55.0,CVLI recente na janela de 30 dias,20.0,Sinal neural do ST-GAT,0.0,Fallback histórico ativado: 55.0% | CVLI recente na janela de 30 dias: 20.0% | Sinal neural do ST-GAT: 0.0%,"GUAIUBA aparece na posição 19 de 19, com risco 0.0 e nível baixo; é território de atenção tática.","O peso principal vem de fallback histórico ativado, com suporte territorial de 50.0% e 1 registros recentes na janela de 30 dias.",Leitura mais fraca; parte do peso vem de fallback histórico e deve ser confirmada em campo.,O território está próximo de pares vizinhos e pode oscilar no próximo ciclo.,"Verificar eventos recentes, pressão territorial e coerência com inteligência local antes da próxima atualização do ranking."
2026-06-11T08:11:26,2026-06-08,src/core/orchestrator.py:get_combined_risk,cities_interior_top30,1,TIANGUA,TIANGUA,interior,cidade,77.9,crítico,89.4,alta,97.9,muito alta,2,2,77.0,95.7,100.0,100.0,33.3,100.0,100.0,100.0,3.72,100.0,14,14,False,stable,Atividade recente e vizinhança,100.0,Tensão territorial,100.0,Sinal neural do ST-GAT,95.7,Atividade recente e vizinhança: 100.0% | Tensão territorial: 100.0% | Sinal neural do ST-GAT: 95.7%,"TIANGUA aparece na posição 1 de 50, com risco 77.9 e nível crítico; é prioridade imediata de acompanhamento.","O peso principal vem de atividade recente e vizinhança, com suporte territorial de 100.0% e 2 registros recentes na janela de 30 dias.",Leitura com boa sustentação dos sinais atuais.,O território está bem destacado no ranking frente aos pares.,"Verificar eventos recentes, pressão territorial e coerência com inteligência local antes da próxima atualização do ranking."
2026-06-11T08:11:26,2026-06-08,src/core/orchestrator.py:get_combined_risk,cities_interior_top30,2,ITAPAJE,ITAPAJE,interior,cidade,72.38,crítico,92.7,alta,94.7,muito alta,2,3,44.0,83.4,100.0,100.0,46.7,100.0,60.0,100.0,3.32,98.0,14,14,False,stable,Atividade recente e vizinhança,100.0,Tensão territorial,100.0,Sinal neural do ST-GAT,83.4,Atividade recente e vizinhança: 100.0% | Tensão territorial: 100.0% | Sinal neural do ST-GAT: 83.4%,"ITAPAJE aparece na posição 2 de 50, com risco 72.4 e nível crítico; é prioridade imediata de acompanhamento.","O peso principal vem de atividade recente e vizinhança, com suporte territorial de 100.0% e 3 registros recentes na janela de 30 dias.",Leitura com boa sustentação dos sinais atuais.,O território está bem destacado no ranking frente aos pares.,"Verificar eventos recentes, pressão territorial e coerência com inteligência local antes da próxima atualização do ranking."
2026-06-11T08:11:26,2026-06-08,src/core/orchestrator.py:get_combined_risk,cities_interior_top30,3,JUAZEIRO DO NORTE,JUAZEIRO DO NORTE,interior,cidade,59.17,alto,77.9,moderada,88.9,muito alta,1,1,136.0,100.0,100.0,50.0,33.3,100.0,100.0,100.0,2.37,95.9,14,14,False,stable,Sinal neural do ST-GAT,100.0,Tensão territorial,100.0,Atividade recente e vizinhança,50.0,Sinal neural do ST-GAT: 100.0% | Tensão territorial: 100.0% | Atividade recente e vizinhança: 50.0%,"JUAZEIRO DO NORTE aparece na posição 3 de 50, com risco 59.2 e nível alto; é prioridade imediata de acompanhamento.","O peso principal vem de sinal neural do st-gat, com suporte territorial de 100.0% e 1 registros recentes na janela de 30 dias.","Leitura consistente, mas ainda pede validação operacional pontual.",O território está bem destacado no ranking frente aos pares.,"Verificar eventos recentes, pressão territorial e coerência com inteligência local antes da próxima atualização do ranking."
2026-06-11T08:11:26,2026-06-08,src/core/orchestrator.py:get_combined_risk,cities_interior_top30,4,ITAPIUNA,ITAPIUNA,interior,cidade,56.21,alto,78.3,moderada,86.7,muito alta,1,1,20.0,93.6,100.0,50.0,40.0,100.0,0.0,100.0,2.15,93.9,14,14,False,stable,Tensão territorial,100.0,Sinal neural do ST-GAT,93.6,Atividade recente e vizinhança,50.0,Tensão territorial: 100.0% | Sinal neural do ST-GAT: 93.6% | Atividade recente e vizinhança: 50.0%,"ITAPIUNA aparece na posição 4 de 50, com risco 56.2 e nível alto; é prioridade imediata de acompanhamento.","O peso principal vem de tensão territorial, com suporte territorial de 100.0% e 1 registros recentes na janela de 30 dias.","Leitura consistente, mas ainda pede validação operacional pontual.",O território está bem destacado no ranking frente aos pares.,"Verificar eventos recentes, pressão territorial e coerência com inteligência local antes da próxima atualização do ranking."
2026-06-11T08:11:26,2026-06-08,src/core/orchestrator.py:get_combined_risk,cities_interior_top30,5,GROAIRAS,GROAIRAS,interior,cidade,53.06,alto,78.7,moderada,84.3,alta,1,1,46.0,85.9,100.0,50.0,46.7,100.0,65.0,100.0,1.92,91.8,14,14,False,stable,Tensão territorial,100.0,Sinal neural do ST-GAT,85.9,Atividade recente e vizinhança,50.0,Tensão territorial: 100.0% | Sinal neural do ST-GAT: 85.9% | Atividade recente e vizinhança: 50.0%,"GROAIRAS aparece na posição 5 de 50, com risco 53.1 e nível alto; é prioridade imediata de acompanhamento.","O peso principal vem de tensão territorial, com suporte territorial de 100.0% e 1 registros recentes na janela de 30 dias.","Leitura consistente, mas ainda pede validação operacional pontual.","O território se diferencia do bloco intermediário, mas sem isolamento absoluto.","Verificar eventos recentes, pressão territorial e coerência com inteligência local antes da próxima atualização do ranking."
2026-06-11T08:11:26,2026-06-08,src/core/orchestrator.py:get_combined_risk,cities_interior_top30,6,SOBRAL,SOBRAL,interior,cidade,32.66,moderado,66.8,baixa,76.0,alta,0,0,64.0,84.5,100.0,0.0,46.7,100.0,100.0,0.0,0.44,89.8,14,14,False,stable,Tensão territorial,100.0,Sinal neural do ST-GAT,84.5,Atividade recente e vizinhança,0.0,Tensão territorial: 100.0% | Sinal neural do ST-GAT: 84.5% | Atividade recente e vizinhança: 0.0%,"SOBRAL aparece na posição 6 de 50, com risco 32.7 e nível moderado; é prioridade alta de acompanhamento.","O peso principal vem de tensão territorial, com suporte territorial de 100.0% e 0 registros recentes na janela de 30 dias.",Leitura sensível a ruído; requer conferência adicional antes de decisão forte.,"O território se diferencia do bloco intermediário, mas sem isolamento absoluto.","Verificar eventos recentes, pressão territorial e coerência com inteligência local antes da próxima atualização do ranking."
2026-06-11T08:11:26,2026-06-08,src/core/orchestrator.py:get_combined_risk,cities_interior_top30,7,IGUATU,IGUATU,interior,cidade,32.3,moderado,66.9,baixa,74.7,alta,0,0,81.0,83.1,100.0,0.0,46.7,100.0,100.0,0.0,0.42,87.8,14,14,False,stable,Tensão territorial,100.0,Sinal neural do ST-GAT,83.1,Atividade recente e vizinhança,0.0,Tensão territorial: 100.0% | Sinal neural do ST-GAT: 83.1% | Atividade recente e vizinhança: 0.0%,"IGUATU aparece na posição 7 de 50, com risco 32.3 e nível moderado; é prioridade alta de acompanhamento.","O peso principal vem de tensão territorial, com suporte territorial de 100.0% e 0 registros recentes na janela de 30 dias.",Leitura sensível a ruído; requer conferência adicional antes de decisão forte.,"O território se diferencia do bloco intermediário, mas sem isolamento absoluto.","Verificar eventos recentes, pressão territorial e coerência com inteligência local antes da próxima atualização do ranking."
2026-06-11T08:11:26,2026-06-08,src/core/orchestrator.py:get_combined_risk,cities_interior_top30,8,BATURITE,BATURITE,interior,cidade,32.3,moderado,66.9,baixa,73.4,alta,0,0,61.0,83.1,100.0,0.0,46.7,100.0,100.0,0.0,0.42,85.7,14,14,False,stable,Tensão territorial,100.0,Sinal neural do ST-GAT,83.1,Atividade recente e vizinhança,0.0,Tensão territorial: 100.0% | Sinal neural do ST-GAT: 83.1% | Atividade recente e vizinhança: 0.0%,"BATURITE aparece na posição 8 de 50, com risco 32.3 e nível moderado; é prioridade alta de acompanhamento.","O peso principal vem de tensão territorial, com suporte territorial de 100.0% e 0 registros recentes na janela de 30 dias.",Leitura sensível a ruído; requer conferência adicional antes de decisão forte.,"O território se diferencia do bloco intermediário, mas sem isolamento absoluto.","Verificar eventos recentes, pressão territorial e coerência com inteligência local antes da próxima atualização do ranking."
2026-06-11T08:11:26,2026-06-08,src/core/orchestrator.py:get_combined_risk,cities_interior_top30,9,LIMOEIRO DO NORTE,LIMOEIRO DO NORTE,interior,cidade,27.3,baixo,53.0,muito baixa,70.5,alta,0,0,40.0,83.1,50.0,0.0,46.7,50.0,50.0,0.0,0.06,83.7,14,14,False,stable,Sinal neural do ST-GAT,83.1,Tensão territorial,50.0,Atividade recente e vizinhança,0.0,Sinal neural do ST-GAT: 83.1% | Tensão territorial: 50.0% | Atividade recente e vizinhança: 0.0%,"LIMOEIRO DO NORTE aparece na posição 9 de 50, com risco 27.3 e nível baixo; é prioridade alta de acompanhamento.","O peso principal vem de sinal neural do st-gat, com suporte territorial de 50.0% e 0 registros recentes na janela de 30 dias.",Leitura sensível a ruído; requer conferência adicional antes de decisão forte.,"O território se diferencia do bloco intermediário, mas sem isolamento absoluto.","Verificar eventos recentes, pressão territorial e coerência com inteligência local antes da próxima atualização do ranking."
2026-06-11T08:11:26,2026-06-08,src/core/orchestrator.py:get_combined_risk,cities_interior_top30,10,VARZEA ALEGRE,VARZEA ALEGRE,interior,cidade,25.93,baixo,57.3,baixa,68.8,moderada,0,1,16.0,78.0,50.0,0.0,46.7,50.0,0.0,50.0,-0.04,81.6,14,14,False,stable,Sinal neural do ST-GAT,78.0,Tensão territorial,50.0,CVLI recente na janela de 30 dias,20.0,Sinal neural do ST-GAT: 78.0% | Tensão territorial: 50.0% | CVLI recente na janela de 30 dias: 20.0%,"VARZEA ALEGRE aparece na posição 10 de 50, com risco 25.9 e nível baixo; é prioridade alta de acompanhamento.","O peso principal vem de sinal neural do st-gat, com suporte territorial de 50.0% e 1 registros recentes na janela de 30 dias.",Leitura sensível a ruído; requer conferência adicional antes de decisão forte.,O território está próximo de pares vizinhos e pode oscilar no próximo ciclo.,"Verificar eventos recentes, pressão territorial e coerência com inteligência local antes da próxima atualização do ranking."
2026-06-11T08:11:26,2026-06-08,src/core/orchestrator.py:get_combined_risk,cities_interior_top30,11,ALTO SANTO,ALTO SANTO,interior,cidade,25.92,baixo,57.3,baixa,67.6,moderada,0,1,22.0,78.0,50.0,0.0,46.7,50.0,5.0,50.0,-0.04,79.6,14,14,False,stable,Sinal neural do ST-GAT,78.0,Tensão territorial,50.0,CVLI recente na janela de 30 dias,20.0,Sinal neural do ST-GAT: 78.0% | Tensão territorial: 50.0% | CVLI recente na janela de 30 dias: 20.0%,"ALTO SANTO aparece na posição 11 de 50, com risco 25.9 e nível baixo; é território de atenção tática.","O peso principal vem de sinal neural do st-gat, com suporte territorial de 50.0% e 1 registros recentes na janela de 30 dias.",Leitura sensível a ruído; requer conferência adicional antes de decisão forte.,O território está próximo de pares vizinhos e pode oscilar no próximo ciclo.,"Verificar eventos recentes, pressão territorial e coerência com inteligência local antes da próxima atualização do ranking."
2026-06-11T08:11:26,2026-06-08,src/core/orchestrator.py:get_combined_risk,cities_interior_top30,12,ARATUBA,ARATUBA,interior,cidade,25.3,baixo,48.0,muito baixa,66.1,moderada,0,0,32.0,83.1,30.0,0.0,46.7,30.0,30.0,0.0,-0.09,77.6,14,14,False,stable,Sinal neural do ST-GAT,83.1,Tensão territorial,30.0,Atividade recente e vizinhança,0.0,Sinal neural do ST-GAT: 83.1% | Tensão territorial: 30.0% | Atividade recente e vizinhança: 0.0%,"ARATUBA aparece na posição 12 de 50, com risco 25.3 e nível baixo; é território de atenção tática.","O peso principal vem de sinal neural do st-gat, com suporte territorial de 30.0% e 0 registros recentes na janela de 30 dias.",Leitura sensível a ruído; requer conferência adicional antes de decisão forte.,O território está próximo de pares vizinhos e pode oscilar no próximo ciclo.,"Verificar eventos recentes, pressão territorial e coerência com inteligência local antes da próxima atualização do ranking."
2026-06-11T08:11:26,2026-06-08,src/core/orchestrator.py:get_combined_risk,cities_interior_top30,13,URUBURETAMA,URUBURETAMA,interior,cidade,23.09,baixo,41.4,muito baixa,64.1,moderada,0,0,23.0,83.2,7.5,0.0,46.7,7.5,7.5,0.0,-0.25,75.5,14,14,False,stable,Sinal neural do ST-GAT,83.2,Tensão territorial,7.5,Atividade recente e vizinhança,0.0,Sinal neural do ST-GAT: 83.2% | Tensão territorial: 7.5% | Atividade recente e vizinhança: 0.0%,"URUBURETAMA aparece na posição 13 de 50, com risco 23.1 e nível baixo; é território de atenção tática.","O peso principal vem de sinal neural do st-gat, com suporte territorial de 7.5% e 0 registros recentes na janela de 30 dias.",Leitura sensível a ruído; requer conferência adicional antes de decisão forte.,O território está próximo de pares vizinhos e pode oscilar no próximo ciclo.,"Verificar eventos recentes, pressão territorial e coerência com inteligência local antes da próxima atualização do ranking."
2026-06-11T08:11:26,2026-06-08,src/core/orchestrator.py:get_combined_risk,cities_interior_top30,14,NOVA OLINDA,NOVA OLINDA,interior,cidade,23.05,baixo,41.4,muito baixa,62.9,moderada,0,0,23.0,83.1,7.5,0.0,46.7,7.5,7.5,0.0,-0.25,73.5,14,14,False,stable,Sinal neural do ST-GAT,83.1,Tensão territorial,7.5,Atividade recente e vizinhança,0.0,Sinal neural do ST-GAT: 83.1% | Tensão territorial: 7.5% | Atividade recente e vizinhança: 0.0%,"NOVA OLINDA aparece na posição 14 de 50, com risco 23.1 e nível baixo; é território de atenção tática.","O peso principal vem de sinal neural do st-gat, com suporte territorial de 7.5% e 0 registros recentes na janela de 30 dias.",Leitura sensível a ruído; requer conferência adicional antes de decisão forte.,O território está próximo de pares vizinhos e pode oscilar no próximo ciclo.,"Verificar eventos recentes, pressão territorial e coerência com inteligência local antes da próxima atualização do ranking."
2026-06-11T08:11:26,2026-06-08,src/core/orchestrator.py:get_combined_risk,cities_interior_top30,15,VICOSA DO CEARA,VICOSA DO CEARA,interior,cidade,22.8,baixo,40.6,muito baixa,61.5,moderada,0,0,22.0,83.1,5.0,0.0,46.7,5.0,5.0,0.0,-0.27,71.4,14,14,False,stable,Sinal neural do ST-GAT,83.1,Tensão territorial,5.0,Atividade recente e vizinhança,0.0,Sinal neural do ST-GAT: 83.1% | Tensão territorial: 5.0% | Atividade recente e vizinhança: 0.0%,"VICOSA DO CEARA aparece na posição 15 de 50, com risco 22.8 e nível baixo; é território de atenção tática.","O peso principal vem de sinal neural do st-gat, com suporte territorial de 5.0% e 0 registros recentes na janela de 30 dias.",Leitura sensível a ruído; requer conferência adicional antes de decisão forte.,O território está próximo de pares vizinhos e pode oscilar no próximo ciclo.,"Verificar eventos recentes, pressão territorial e coerência com inteligência local antes da próxima atualização do ranking."
2026-06-11T08:11:26,2026-06-08,src/core/orchestrator.py:get_combined_risk,cities_interior_top30,16,CARIRE,CARIRE,interior,cidade,22.69,baixo,40.6,muito baixa,60.3,moderada,0,0,22.0,82.7,5.0,0.0,46.7,5.0,5.0,0.0,-0.28,69.4,14,14,False,stable,Sinal neural do ST-GAT,82.7,Tensão territorial,5.0,Atividade recente e vizinhança,0.0,Sinal neural do ST-GAT: 82.7% | Tensão territorial: 5.0% | Atividade recente e vizinhança: 0.0%,"CARIRE aparece na posição 16 de 50, com risco 22.7 e nível baixo; é território de atenção tática.","O peso principal vem de sinal neural do st-gat, com suporte territorial de 5.0% e 0 registros recentes na janela de 30 dias.",Leitura sensível a ruído; requer conferência adicional antes de decisão forte.,O território está próximo de pares vizinhos e pode oscilar no próximo ciclo.,"Verificar eventos recentes, pressão territorial e coerência com inteligência local antes da próxima atualização do ranking."
2026-06-11T08:11:26,2026-06-08,src/core/orchestrator.py:get_combined_risk,cities_interior_top30,17,FORQUILHA,FORQUILHA,interior,cidade,22.66,baixo,39.2,muito baixa,59.0,moderada,0,0,12.0,84.5,0.0,0.0,46.7,0.0,0.0,0.0,-0.28,67.3,14,14,False,stable,Sinal neural do ST-GAT,84.5,Tensão territorial,0.0,Atividade recente e vizinhança,0.0,Sinal neural do ST-GAT: 84.5% | Tensão territorial: 0.0% | Atividade recente e vizinhança: 0.0%,"FORQUILHA aparece na posição 17 de 50, com risco 22.7 e nível baixo; é território de atenção tática.","O peso principal vem de sinal neural do st-gat, com suporte territorial de 0.0% e 0 registros recentes na janela de 30 dias.",Leitura sensível a ruído; requer conferência adicional antes de decisão forte.,O território está próximo de pares vizinhos e pode oscilar no próximo ciclo.,"Verificar eventos recentes, pressão territorial e coerência com inteligência local antes da próxima atualização do ranking."
2026-06-11T08:11:26,2026-06-08,src/core/orchestrator.py:get_combined_risk,cities_interior_top30,18,CAPISTRANO,CAPISTRANO,interior,cidade,22.55,baixo,39.8,muito baixa,57.8,moderada,0,0,21.0,83.1,2.5,0.0,46.7,2.5,2.5,0.0,-0.29,65.3,14,14,False,stable,Sinal neural do ST-GAT,83.1,Tensão territorial,2.5,Atividade recente e vizinhança,0.0,Sinal neural do ST-GAT: 83.1% | Tensão territorial: 2.5% | Atividade recente e vizinhança: 0.0%,"CAPISTRANO aparece na posição 18 de 50, com risco 22.6 e nível baixo; é território de atenção tática.","O peso principal vem de sinal neural do st-gat, com suporte territorial de 2.5% e 0 registros recentes na janela de 30 dias.",Leitura sensível a ruído; requer conferência adicional antes de decisão forte.,O território está próximo de pares vizinhos e pode oscilar no próximo ciclo.,"Verificar eventos recentes, pressão territorial e coerência com inteligência local antes da próxima atualização do ranking."
2026-06-11T08:11:26,2026-06-08,src/core/orchestrator.py:get_combined_risk,cities_interior_top30,19,SANTANA DO ACARAU,SANTANA DO ACARAU,interior,cidade,22.37,baixo,39.1,muito baixa,56.5,moderada,0,0,9.0,83.4,0.0,0.0,46.7,0.0,0.0,0.0,-0.3,63.3,14,14,False,stable,Sinal neural do ST-GAT,83.4,Tensão territorial,0.0,Atividade recente e vizinhança,0.0,Sinal neural do ST-GAT: 83.4% | Tensão territorial: 0.0% | Atividade recente e vizinhança: 0.0%,"SANTANA DO ACARAU aparece na posição 19 de 50, com risco 22.4 e nível baixo; é território de atenção tática.","O peso principal vem de sinal neural do st-gat, com suporte territorial de 0.0% e 0 registros recentes na janela de 30 dias.",Leitura sensível a ruído; requer conferência adicional antes de decisão forte.,O território está próximo de pares vizinhos e pode oscilar no próximo ciclo.,"Verificar eventos recentes, pressão territorial e coerência com inteligência local antes da próxima atualização do ranking."
2026-06-11T08:11:26,2026-06-08,src/core/orchestrator.py:get_combined_risk,cities_interior_top30,20,ACOPIARA,ACOPIARA,interior,cidade,22.31,baixo,39.0,muito baixa,55.3,moderada,0,0,14.0,83.2,0.0,0.0,46.7,0.0,0.0,0.0,-0.31,61.2,14,14,False,stable,Sinal neural do ST-GAT,83.2,Tensão territorial,0.0,Atividade recente e vizinhança,0.0,Sinal neural do ST-GAT: 83.2% | Tensão territorial: 0.0% | Atividade recente e vizinhança: 0.0%,"ACOPIARA aparece na posição 20 de 50, com risco 22.3 e nível baixo; é território de atenção tática.","O peso principal vem de sinal neural do st-gat, com suporte territorial de 0.0% e 0 registros recentes na janela de 30 dias.",Leitura sensível a ruído; requer conferência adicional antes de decisão forte.,O território está próximo de pares vizinhos e pode oscilar no próximo ciclo.,"Verificar eventos recentes, pressão territorial e coerência com inteligência local antes da próxima atualização do ranking."
2026-06-11T08:11:26,2026-06-08,src/core/orchestrator.py:get_combined_risk,cities_interior_top30,21,CEDRO,CEDRO,interior,cidade,22.31,baixo,39.0,muito baixa,54.1,moderada,0,0,10.0,83.2,0.0,0.0,46.7,0.0,0.0,0.0,-0.31,59.2,14,14,False,stable,Sinal neural do ST-GAT,83.2,Tensão territorial,0.0,Atividade recente e vizinhança,0.0,Sinal neural do ST-GAT: 83.2% | Tensão territorial: 0.0% | Atividade recente e vizinhança: 0.0%,"CEDRO aparece na posição 21 de 50, com risco 22.3 e nível baixo; é território de atenção tática.","O peso principal vem de sinal neural do st-gat, com suporte territorial de 0.0% e 0 registros recentes na janela de 30 dias.",Leitura sensível a ruído; requer conferência adicional antes de decisão forte.,O território está próximo de pares vizinhos e pode oscilar no próximo ciclo.,"Verificar eventos recentes, pressão territorial e coerência com inteligência local antes da próxima atualização do ranking."
2026-06-11T08:11:26,2026-06-08,src/core/orchestrator.py:get_combined_risk,cities_interior_top30,22,CARIRIACU,CARIRIACU,interior,cidade,22.3,baixo,39.0,muito baixa,52.8,moderada,0,0,14.0,83.1,0.0,0.0,46.7,0.0,0.0,0.0,-0.31,57.1,14,14,False,stable,Sinal neural do ST-GAT,83.1,Tensão territorial,0.0,Atividade recente e vizinhança,0.0,Sinal neural do ST-GAT: 83.1% | Tensão territorial: 0.0% | Atividade recente e vizinhança: 0.0%,"CARIRIACU aparece na posição 22 de 50, com risco 22.3 e nível baixo; é território de atenção tática.","O peso principal vem de sinal neural do st-gat, com suporte territorial de 0.0% e 0 registros recentes na janela de 30 dias.",Leitura sensível a ruído; requer conferência adicional antes de decisão forte.,O território está próximo de pares vizinhos e pode oscilar no próximo ciclo.,"Verificar eventos recentes, pressão territorial e coerência com inteligência local antes da próxima atualização do ranking."
2026-06-11T08:11:26,2026-06-08,src/core/orchestrator.py:get_combined_risk,cities_interior_top30,23,GRACA,GRACA,interior,cidade,22.3,baixo,39.0,muito baixa,51.6,moderada,0,0,14.0,83.1,0.0,0.0,46.7,0.0,0.0,0.0,-0.31,55.1,14,14,False,stable,Sinal neural do ST-GAT,83.1,Tensão territorial,0.0,Atividade recente e vizinhança,0.0,Sinal neural do ST-GAT: 83.1% | Tensão territorial: 0.0% | Atividade recente e vizinhança: 0.0%,"GRACA aparece na posição 23 de 50, com risco 22.3 e nível baixo; é território de atenção tática.","O peso principal vem de sinal neural do st-gat, com suporte territorial de 0.0% e 0 registros recentes na janela de 30 dias.",Leitura sensível a ruído; requer conferência adicional antes de decisão forte.,O território está próximo de pares vizinhos e pode oscilar no próximo ciclo.,"Verificar eventos recentes, pressão territorial e coerência com inteligência local antes da próxima atualização do ranking."
2026-06-11T08:11:26,2026-06-08,src/core/orchestrator.py:get_combined_risk,cities_interior_top30,24,GENERAL SAMPAIO,GENERAL SAMPAIO,interior,cidade,22.3,baixo,39.0,muito baixa,50.4,moderada,0,0,14.0,83.1,0.0,0.0,46.7,0.0,0.0,0.0,-0.31,53.1,14,14,False,stable,Sinal neural do ST-GAT,83.1,Tensão territorial,0.0,Atividade recente e vizinhança,0.0,Sinal neural do ST-GAT: 83.1% | Tensão territorial: 0.0% | Atividade recente e vizinhança: 0.0%,"GENERAL SAMPAIO aparece na posição 24 de 50, com risco 22.3 e nível baixo; é território de atenção tática.","O peso principal vem de sinal neural do st-gat, com suporte territorial de 0.0% e 0 registros recentes na janela de 30 dias.",Leitura sensível a ruído; requer conferência adicional antes de decisão forte.,O território está próximo de pares vizinhos e pode oscilar no próximo ciclo.,"Verificar eventos recentes, pressão territorial e coerência com inteligência local antes da próxima atualização do ranking."
2026-06-11T08:11:26,2026-06-08,src/core/orchestrator.py:get_combined_risk,cities_interior_top30,25,OROS,OROS,interior,cidade,22.3,baixo,39.0,muito baixa,49.1,baixa,0,0,12.0,83.1,0.0,0.0,46.7,0.0,0.0,0.0,-0.31,51.0,14,14,False,stable,Sinal neural do ST-GAT,83.1,Tensão territorial,0.0,Atividade recente e vizinhança,0.0,Sinal neural do ST-GAT: 83.1% | Tensão territorial: 0.0% | Atividade recente e vizinhança: 0.0%,"OROS aparece na posição 25 de 50, com risco 22.3 e nível baixo; é território de atenção tática.","O peso principal vem de sinal neural do st-gat, com suporte territorial de 0.0% e 0 registros recentes na janela de 30 dias.",Leitura sensível a ruído; requer conferência adicional antes de decisão forte.,O território está próximo de pares vizinhos e pode oscilar no próximo ciclo.,"Verificar eventos recentes, pressão territorial e coerência com inteligência local antes da próxima atualização do ranking."
2026-06-11T08:11:26,2026-06-08,src/core/orchestrator.py:get_combined_risk,cities_interior_top30,26,ACARAPE,ACARAPE,interior,cidade,22.3,baixo,39.0,muito baixa,47.9,baixa,0,0,11.0,83.1,0.0,0.0,46.7,0.0,0.0,0.0,-0.31,49.0,14,14,False,stable,Sinal neural do ST-GAT,83.1,Tensão territorial,0.0,Atividade recente e vizinhança,0.0,Sinal neural do ST-GAT: 83.1% | Tensão territorial: 0.0% | Atividade recente e vizinhança: 0.0%,"ACARAPE aparece na posição 26 de 50, com risco 22.3 e nível baixo; é território de atenção tática.","O peso principal vem de sinal neural do st-gat, com suporte territorial de 0.0% e 0 registros recentes na janela de 30 dias.",Leitura sensível a ruído; requer conferência adicional antes de decisão forte.,O território está próximo de pares vizinhos e pode oscilar no próximo ciclo.,"Verificar eventos recentes, pressão territorial e coerência com inteligência local antes da próxima atualização do ranking."
2026-06-11T08:11:26,2026-06-08,src/core/orchestrator.py:get_combined_risk,cities_interior_top30,27,MILAGRES,MILAGRES,interior,cidade,22.3,baixo,39.0,muito baixa,46.7,baixa,0,0,12.0,83.1,0.0,0.0,46.7,0.0,0.0,0.0,-0.31,46.9,14,14,False,stable,Sinal neural do ST-GAT,83.1,Tensão territorial,0.0,Atividade recente e vizinhança,0.0,Sinal neural do ST-GAT: 83.1% | Tensão territorial: 0.0% | Atividade recente e vizinhança: 0.0%,"MILAGRES aparece na posição 27 de 50, com risco 22.3 e nível baixo; é território de atenção tática.","O peso principal vem de sinal neural do st-gat, com suporte territorial de 0.0% e 0 registros recentes na janela de 30 dias.",Leitura sensível a ruído; requer conferência adicional antes de decisão forte.,O território está próximo de pares vizinhos e pode oscilar no próximo ciclo.,"Verificar eventos recentes, pressão territorial e coerência com inteligência local antes da próxima atualização do ranking."
2026-06-11T08:11:26,2026-06-08,src/core/orchestrator.py:get_combined_risk,cities_interior_top30,28,BANABUIU,BANABUIU,interior,cidade,22.3,baixo,39.0,muito baixa,45.5,baixa,0,0,11.0,83.1,0.0,0.0,46.7,0.0,0.0,0.0,-0.31,44.9,14,14,False,stable,Sinal neural do ST-GAT,83.1,Tensão territorial,0.0,Atividade recente e vizinhança,0.0,Sinal neural do ST-GAT: 83.1% | Tensão territorial: 0.0% | Atividade recente e vizinhança: 0.0%,"BANABUIU aparece na posição 28 de 50, com risco 22.3 e nível baixo; é território de atenção tática.","O peso principal vem de sinal neural do st-gat, com suporte territorial de 0.0% e 0 registros recentes na janela de 30 dias.",Leitura sensível a ruído; requer conferência adicional antes de decisão forte.,O território está próximo de pares vizinhos e pode oscilar no próximo ciclo.,"Verificar eventos recentes, pressão territorial e coerência com inteligência local antes da próxima atualização do ranking."
2026-06-11T08:11:26,2026-06-08,src/core/orchestrator.py:get_combined_risk,cities_interior_top30,29,ITAREMA,ITAREMA,interior,cidade,22.3,baixo,39.0,muito baixa,44.3,baixa,0,0,10.0,83.1,0.0,0.0,46.7,0.0,0.0,0.0,-0.31,42.9,14,14,False,stable,Sinal neural do ST-GAT,83.1,Tensão territorial,0.0,Atividade recente e vizinhança,0.0,Sinal neural do ST-GAT: 83.1% | Tensão territorial: 0.0% | Atividade recente e vizinhança: 0.0%,"ITAREMA aparece na posição 29 de 50, com risco 22.3 e nível baixo; é território de atenção tática.","O peso principal vem de sinal neural do st-gat, com suporte territorial de 0.0% e 0 registros recentes na janela de 30 dias.",Leitura sensível a ruído; requer conferência adicional antes de decisão forte.,O território está próximo de pares vizinhos e pode oscilar no próximo ciclo.,"Verificar eventos recentes, pressão territorial e coerência com inteligência local antes da próxima atualização do ranking."
2026-06-11T08:11:26,2026-06-08,src/core/orchestrator.py:get_combined_risk,cities_interior_top30,30,ITAICABA,ITAICABA,interior,cidade,22.3,baixo,39.0,muito baixa,43.0,baixa,0,0,12.0,83.1,0.0,0.0,46.7,0.0,0.0,0.0,-0.31,40.8,14,14,False,stable,Sinal neural do ST-GAT,83.1,Tensão territorial,0.0,Atividade recente e vizinhança,0.0,Sinal neural do ST-GAT: 83.1% | Tensão territorial: 0.0% | Atividade recente e vizinhança: 0.0%,"ITAICABA aparece na posição 30 de 50, com risco 22.3 e nível baixo; é território de atenção tática.","O peso principal vem de sinal neural do st-gat, com suporte territorial de 0.0% e 0 registros recentes na janela de 30 dias.",Leitura sensível a ruído; requer conferência adicional antes de decisão forte.,O território está próximo de pares vizinhos e pode oscilar no próximo ciclo.,"Verificar eventos recentes, pressão territorial e coerência com inteligência local antes da próxima atualização do ranking."
2026-06-11T08:11:26,2026-06-08,src/core/orchestrator.py:get_combined_risk,fortaleza_bairros_top30,1,BARRA DO CEARA,BARRA DO CEARA,fortaleza,bairro,79.75,crítico,59.4,baixa,94.5,muito alta,0,1,137.0,92.2,100.0,0.0,63.3,100.0,100.0,50.0,3.01,100.0,30,120,True,stable,Tensão territorial,100.0,Sinal neural do ST-GAT,92.2,Fallback histórico ativado,55.0,Tensão territorial: 100.0% | Sinal neural do ST-GAT: 92.2% | Fallback histórico ativado: 55.0%,"BARRA DO CEARA aparece na posição 1 de 109, com risco 79.8 e nível crítico; é prioridade imediata de acompanhamento.","O peso principal vem de tensão territorial, com suporte territorial de 100.0% e 1 registros recentes na janela de 30 dias.",Leitura mais fraca; parte do peso vem de fallback histórico e deve ser confirmada em campo.,O território está bem destacado no ranking frente aos pares.,"Verificar eventos recentes, pressão territorial e coerência com inteligência local antes da próxima atualização do ranking."
2026-06-11T08:11:26,2026-06-08,src/core/orchestrator.py:get_combined_risk,fortaleza_bairros_top30,2,MONDUBIM,MONDUBIM,fortaleza,bairro,74.18,crítico,54.6,muito baixa,92.6,muito alta,0,0,92.0,88.4,100.0,0.0,100.0,100.0,100.0,0.0,2.73,99.1,30,120,True,stable,Tensão territorial,100.0,Sinal neural do ST-GAT,88.4,Fallback histórico ativado,55.0,Tensão territorial: 100.0% | Sinal neural do ST-GAT: 88.4% | Fallback histórico ativado: 55.0%,"MONDUBIM aparece na posição 2 de 109, com risco 74.2 e nível crítico; é prioridade imediata de acompanhamento.","O peso principal vem de tensão territorial, com suporte territorial de 100.0% e 0 registros recentes na janela de 30 dias.",Leitura mais fraca; parte do peso vem de fallback histórico e deve ser confirmada em campo.,O território está bem destacado no ranking frente aos pares.,"Verificar eventos recentes, pressão territorial e coerência com inteligência local antes da próxima atualização do ranking."
2026-06-11T08:11:26,2026-06-08,src/core/orchestrator.py:get_combined_risk,fortaleza_bairros_top30,3,JOSE WALTER,JOSE WALTER,fortaleza,bairro,70.15,alto,55.0,baixa,91.0,muito alta,0,0,102.0,80.3,100.0,0.0,100.0,100.0,100.0,0.0,2.52,98.1,30,120,True,stable,Tensão territorial,100.0,Sinal neural do ST-GAT,80.3,Fallback histórico ativado,55.0,Tensão territorial: 100.0% | Sinal neural do ST-GAT: 80.3% | Fallback histórico ativado: 55.0%,"JOSE WALTER aparece na posição 3 de 109, com risco 70.2 e nível alto; é prioridade imediata de acompanhamento.","O peso principal vem de tensão territorial, com suporte territorial de 100.0% e 0 registros recentes na janela de 30 dias.",Leitura mais fraca; parte do peso vem de fallback histórico e deve ser confirmada em campo.,O território está bem destacado no ranking frente aos pares.,"Verificar eventos recentes, pressão territorial e coerência com inteligência local antes da próxima atualização do ranking."
2026-06-11T08:11:26,2026-06-08,src/core/orchestrator.py:get_combined_risk,fortaleza_bairros_top30,4,MESSEJANA,MESSEJANA,fortaleza,bairro,59.91,alto,55.7,baixa,87.9,muito alta,0,0,116.0,59.8,100.0,0.0,100.0,100.0,100.0,0.0,2.0,97.2,30,120,True,stable,Tensão territorial,100.0,Sinal neural do ST-GAT,59.8,Fallback histórico ativado,55.0,Tensão territorial: 100.0% | Sinal neural do ST-GAT: 59.8% | Fallback histórico ativado: 55.0%,"MESSEJANA aparece na posição 4 de 109, com risco 59.9 e nível alto; é prioridade imediata de acompanhamento.","O peso principal vem de tensão territorial, com suporte territorial de 100.0% e 0 registros recentes na janela de 30 dias.",Leitura mais fraca; parte do peso vem de fallback histórico e deve ser confirmada em campo.,O território está bem destacado no ranking frente aos pares.,"Verificar eventos recentes, pressão territorial e coerência com inteligência local antes da próxima atualização do ranking."
2026-06-11T08:11:26,2026-06-08,src/core/orchestrator.py:get_combined_risk,fortaleza_bairros_top30,5,CAJAZEIRAS,CAJAZEIRAS,fortaleza,bairro,59.19,alto,64.2,baixa,87.2,muito alta,0,2,35.0,94.4,100.0,0.0,80.0,100.0,37.5,100.0,1.97,96.3,30,120,True,stable,Tensão territorial,100.0,Sinal neural do ST-GAT,94.4,Fallback histórico ativado,55.0,Tensão territorial: 100.0% | Sinal neural do ST-GAT: 94.4% | Fallback histórico ativado: 55.0%,"CAJAZEIRAS aparece na posição 5 de 109, com risco 59.2 e nível alto; é prioridade imediata de acompanhamento.","O peso principal vem de tensão territorial, com suporte territorial de 100.0% e 2 registros recentes na janela de 30 dias.",Leitura mais fraca; parte do peso vem de fallback histórico e deve ser confirmada em campo.,O território está bem destacado no ranking frente aos pares.,"Verificar eventos recentes, pressão territorial e coerência com inteligência local antes da próxima atualização do ranking."
2026-06-11T08:11:26,2026-06-08,src/core/orchestrator.py:get_combined_risk,fortaleza_bairros_top30,6,PLANALTO AYRTON SENNA,PLANALTO AYRTON SENNA,fortaleza,bairro,58.93,alto,55.7,baixa,86.6,muito alta,0,0,94.0,57.9,100.0,0.0,100.0,100.0,100.0,0.0,1.95,95.4,30,120,True,stable,Tensão territorial,100.0,Sinal neural do ST-GAT,57.9,Fallback histórico ativado,55.0,Tensão territorial: 100.0% | Sinal neural do ST-GAT: 57.9% | Fallback histórico ativado: 55.0%,"PLANALTO AYRTON SENNA aparece na posição 6 de 109, com risco 58.9 e nível alto; é prioridade alta de acompanhamento.","O peso principal vem de tensão territorial, com suporte territorial de 100.0% e 0 registros recentes na janela de 30 dias.",Leitura mais fraca; parte do peso vem de fallback histórico e deve ser confirmada em campo.,O território está bem destacado no ranking frente aos pares.,"Verificar eventos recentes, pressão territorial e coerência com inteligência local antes da próxima atualização do ranking."
2026-06-11T08:11:26,2026-06-08,src/core/orchestrator.py:get_combined_risk,fortaleza_bairros_top30,7,GRANJA LISBOA,GRANJA LISBOA,fortaleza,bairro,58.22,alto,55.7,baixa,85.8,muito alta,0,0,110.0,56.4,100.0,0.0,100.0,100.0,100.0,0.0,1.92,94.4,30,120,True,stable,Tensão territorial,100.0,Sinal neural do ST-GAT,56.4,Fallback histórico ativado,55.0,Tensão territorial: 100.0% | Sinal neural do ST-GAT: 56.4% | Fallback histórico ativado: 55.0%,"GRANJA LISBOA aparece na posição 7 de 109, com risco 58.2 e nível alto; é prioridade alta de acompanhamento.","O peso principal vem de tensão territorial, com suporte territorial de 100.0% e 0 registros recentes na janela de 30 dias.",Leitura mais fraca; parte do peso vem de fallback histórico e deve ser confirmada em campo.,O território está bem destacado no ranking frente aos pares.,"Verificar eventos recentes, pressão territorial e coerência com inteligência local antes da próxima atualização do ranking."
2026-06-11T08:11:26,2026-06-08,src/core/orchestrator.py:get_combined_risk,fortaleza_bairros_top30,8,LAGOA REDONDA,LAGOA REDONDA,fortaleza,bairro,57.91,alto,54.1,muito baixa,85.2,muito alta,0,0,60.0,95.8,100.0,0.0,100.0,100.0,100.0,0.0,1.9,93.5,30,120,True,stable,Tensão territorial,100.0,Sinal neural do ST-GAT,95.8,Fallback histórico ativado,55.0,Tensão territorial: 100.0% | Sinal neural do ST-GAT: 95.8% | Fallback histórico ativado: 55.0%,"LAGOA REDONDA aparece na posição 8 de 109, com risco 57.9 e nível alto; é prioridade alta de acompanhamento.","O peso principal vem de tensão territorial, com suporte territorial de 100.0% e 0 registros recentes na janela de 30 dias.",Leitura mais fraca; parte do peso vem de fallback histórico e deve ser confirmada em campo.,O território está bem destacado no ranking frente aos pares.,"Verificar eventos recentes, pressão territorial e coerência com inteligência local antes da próxima atualização do ranking."
2026-06-11T08:11:26,2026-06-08,src/core/orchestrator.py:get_combined_risk,fortaleza_bairros_top30,9,BARROSO,BARROSO,fortaleza,bairro,56.99,alto,55.7,baixa,84.5,alta,0,0,72.0,54.0,100.0,0.0,100.0,100.0,100.0,0.0,1.86,92.6,30,120,True,stable,Tensão territorial,100.0,Fallback histórico ativado,55.0,Sinal neural do ST-GAT,54.0,Tensão territorial: 100.0% | Fallback histórico ativado: 55.0% | Sinal neural do ST-GAT: 54.0%,"BARROSO aparece na posição 9 de 109, com risco 57.0 e nível alto; é prioridade alta de acompanhamento.","O peso principal vem de tensão territorial, com suporte territorial de 100.0% e 0 registros recentes na janela de 30 dias.",Leitura mais fraca; parte do peso vem de fallback histórico e deve ser confirmada em campo.,"O território se diferencia do bloco intermediário, mas sem isolamento absoluto.","Verificar eventos recentes, pressão territorial e coerência com inteligência local antes da próxima atualização do ranking."
2026-06-11T08:11:26,2026-06-08,src/core/orchestrator.py:get_combined_risk,fortaleza_bairros_top30,10,QUINTINO CUNHA,QUINTINO CUNHA,fortaleza,bairro,55.47,alto,54.5,muito baixa,83.6,alta,0,0,68.0,90.9,100.0,0.0,100.0,100.0,100.0,0.0,1.78,91.7,30,120,True,stable,Tensão territorial,100.0,Sinal neural do ST-GAT,90.9,Fallback histórico ativado,55.0,Tensão territorial: 100.0% | Sinal neural do ST-GAT: 90.9% | Fallback histórico ativado: 55.0%,"QUINTINO CUNHA aparece na posição 10 de 109, com risco 55.5 e nível alto; é prioridade alta de acompanhamento.","O peso principal vem de tensão territorial, com suporte territorial de 100.0% e 0 registros recentes na janela de 30 dias.",Leitura mais fraca; parte do peso vem de fallback histórico e deve ser confirmada em campo.,"O território se diferencia do bloco intermediário, mas sem isolamento absoluto.","Verificar eventos recentes, pressão territorial e coerência com inteligência local antes da próxima atualização do ranking."
2026-06-11T08:11:26,2026-06-08,src/core/orchestrator.py:get_combined_risk,fortaleza_bairros_top30,11,ALTO ALEGRE,ALTO ALEGRE,fortaleza,bairro,54.75,alto,55.8,baixa,82.8,alta,0,0,125.0,49.5,100.0,0.0,100.0,100.0,100.0,0.0,1.74,90.7,30,120,True,stable,Tensão territorial,100.0,Fallback histórico ativado,55.0,Sinal neural do ST-GAT,49.5,Tensão territorial: 100.0% | Fallback histórico ativado: 55.0% | Sinal neural do ST-GAT: 49.5%,"ALTO ALEGRE aparece na posição 11 de 109, com risco 54.8 e nível alto; é território relevante para monitoramento.","O peso principal vem de tensão territorial, com suporte territorial de 100.0% e 0 registros recentes na janela de 30 dias.",Leitura mais fraca; parte do peso vem de fallback histórico e deve ser confirmada em campo.,"O território se diferencia do bloco intermediário, mas sem isolamento absoluto.","Verificar eventos recentes, pressão territorial e coerência com inteligência local antes da próxima atualização do ranking."
2026-06-11T08:11:26,2026-06-08,src/core/orchestrator.py:get_combined_risk,fortaleza_bairros_top30,12,SIQUEIRA,SIQUEIRA,fortaleza,bairro,53.72,alto,55.7,baixa,82.0,alta,0,0,103.0,47.4,100.0,0.0,100.0,100.0,100.0,0.0,1.69,89.8,30,120,True,stable,Tensão territorial,100.0,Fallback histórico ativado,55.0,Sinal neural do ST-GAT,47.4,Tensão territorial: 100.0% | Fallback histórico ativado: 55.0% | Sinal neural do ST-GAT: 47.4%,"SIQUEIRA aparece na posição 12 de 109, com risco 53.7 e nível alto; é território relevante para monitoramento.","O peso principal vem de tensão territorial, com suporte territorial de 100.0% e 0 registros recentes na janela de 30 dias.",Leitura mais fraca; parte do peso vem de fallback histórico e deve ser confirmada em campo.,"O território se diferencia do bloco intermediário, mas sem isolamento absoluto.","Verificar eventos recentes, pressão territorial e coerência com inteligência local antes da próxima atualização do ranking."
2026-06-11T08:11:26,2026-06-08,src/core/orchestrator.py:get_combined_risk,fortaleza_bairros_top30,13,BONSUCESSO,BONSUCESSO,fortaleza,bairro,53.41,alto,51.7,muito baixa,81.4,alta,0,1,48.0,91.5,70.0,0.0,63.3,70.0,70.0,50.0,1.67,88.9,30,120,True,stable,Sinal neural do ST-GAT,91.5,Tensão territorial,70.0,Fallback histórico ativado,55.0,Sinal neural do ST-GAT: 91.5% | Tensão territorial: 70.0% | Fallback histórico ativado: 55.0%,"BONSUCESSO aparece na posição 13 de 109, com risco 53.4 e nível alto; é território relevante para monitoramento.","O peso principal vem de sinal neural do st-gat, com suporte territorial de 70.0% e 1 registros recentes na janela de 30 dias.",Leitura mais fraca; parte do peso vem de fallback histórico e deve ser confirmada em campo.,"O território se diferencia do bloco intermediário, mas sem isolamento absoluto.","Verificar eventos recentes, pressão territorial e coerência com inteligência local antes da próxima atualização do ranking."
2026-06-11T08:11:26,2026-06-08,src/core/orchestrator.py:get_combined_risk,fortaleza_bairros_top30,14,PEDRAS,PEDRAS,fortaleza,bairro,52.23,alto,55.7,baixa,80.6,alta,0,0,81.0,44.5,100.0,0.0,100.0,100.0,100.0,0.0,1.61,88.0,30,120,True,stable,Tensão territorial,100.0,Fallback histórico ativado,55.0,Sinal neural do ST-GAT,44.5,Tensão territorial: 100.0% | Fallback histórico ativado: 55.0% | Sinal neural do ST-GAT: 44.5%,"PEDRAS aparece na posição 14 de 109, com risco 52.2 e nível alto; é território relevante para monitoramento.","O peso principal vem de tensão territorial, com suporte territorial de 100.0% e 0 registros recentes na janela de 30 dias.",Leitura mais fraca; parte do peso vem de fallback histórico e deve ser confirmada em campo.,"O território se diferencia do bloco intermediário, mas sem isolamento absoluto.","Verificar eventos recentes, pressão territorial e coerência com inteligência local antes da próxima atualização do ranking."
2026-06-11T08:11:26,2026-06-08,src/core/orchestrator.py:get_combined_risk,fortaleza_bairros_top30,15,JOSE DE ALENCAR,JOSE DE ALENCAR,fortaleza,bairro,50.46,moderado,65.4,baixa,79.5,alta,0,2,44.0,70.9,100.0,0.0,50.0,100.0,60.0,100.0,1.52,87.0,30,120,True,stable,Tensão territorial,100.0,Sinal neural do ST-GAT,70.9,Fallback histórico ativado,55.0,Tensão territorial: 100.0% | Sinal neural do ST-GAT: 70.9% | Fallback histórico ativado: 55.0%,"JOSE DE ALENCAR aparece na posição 15 de 109, com risco 50.5 e nível moderado; é território de atenção tática.","O peso principal vem de tensão territorial, com suporte territorial de 100.0% e 2 registros recentes na janela de 30 dias.",Leitura mais fraca; parte do peso vem de fallback histórico e deve ser confirmada em campo.,"O território se diferencia do bloco intermediário, mas sem isolamento absoluto.","Verificar eventos recentes, pressão territorial e coerência com inteligência local antes da próxima atualização do ranking."
2026-06-11T08:11:26,2026-06-08,src/core/orchestrator.py:get_combined_risk,fortaleza_bairros_top30,16,PARQUE DOIS IRMAOS,PARQUE DOIS IRMAOS,fortaleza,bairro,47.99,moderado,66.2,baixa,78.4,alta,1,1,33.0,53.3,100.0,50.0,36.7,100.0,32.5,100.0,1.4,86.1,30,120,True,stable,Tensão territorial,100.0,Fallback histórico ativado,55.0,Sinal neural do ST-GAT,53.3,Tensão territorial: 100.0% | Fallback histórico ativado: 55.0% | Sinal neural do ST-GAT: 53.3%,"PARQUE DOIS IRMAOS aparece na posição 16 de 109, com risco 48.0 e nível moderado; é território de atenção tática.","O peso principal vem de tensão territorial, com suporte territorial de 100.0% e 1 registros recentes na janela de 30 dias.",Leitura mais fraca; parte do peso vem de fallback histórico e deve ser confirmada em campo.,"O território se diferencia do bloco intermediário, mas sem isolamento absoluto.","Verificar eventos recentes, pressão territorial e coerência com inteligência local antes da próxima atualização do ranking."
2026-06-11T08:11:26,2026-06-08,src/core/orchestrator.py:get_combined_risk,fortaleza_bairros_top30,17,CENTRO,CENTRO,fortaleza,bairro,47.74,moderado,42.7,muito baixa,77.8,alta,0,0,40.0,95.5,50.0,0.0,100.0,50.0,50.0,0.0,1.39,85.2,30,120,True,stable,Sinal neural do ST-GAT,95.5,Fallback histórico ativado,55.0,Tensão territorial,50.0,Sinal neural do ST-GAT: 95.5% | Fallback histórico ativado: 55.0% | Tensão territorial: 50.0%,"CENTRO aparece na posição 17 de 109, com risco 47.7 e nível moderado; é território de atenção tática.","O peso principal vem de sinal neural do st-gat, com suporte territorial de 50.0% e 0 registros recentes na janela de 30 dias.",Leitura mais fraca; parte do peso vem de fallback histórico e deve ser confirmada em campo.,"O território se diferencia do bloco intermediário, mas sem isolamento absoluto.","Verificar eventos recentes, pressão territorial e coerência com inteligência local antes da próxima atualização do ranking."
2026-06-11T08:11:26,2026-06-08,src/core/orchestrator.py:get_combined_risk,fortaleza_bairros_top30,18,GRANJA PORTUGAL,GRANJA PORTUGAL,fortaleza,bairro,45.68,moderado,52.2,muito baixa,76.7,alta,0,0,57.0,74.4,92.5,0.0,100.0,92.5,92.5,0.0,1.28,84.3,30,120,True,stable,Tensão territorial,92.5,Sinal neural do ST-GAT,74.4,Fallback histórico ativado,55.0,Tensão territorial: 92.5% | Sinal neural do ST-GAT: 74.4% | Fallback histórico ativado: 55.0%,"GRANJA PORTUGAL aparece na posição 18 de 109, com risco 45.7 e nível moderado; é território de atenção tática.","O peso principal vem de tensão territorial, com suporte territorial de 92.5% e 0 registros recentes na janela de 30 dias.",Leitura mais fraca; parte do peso vem de fallback histórico e deve ser confirmada em campo.,"O território se diferencia do bloco intermediário, mas sem isolamento absoluto.","Verificar eventos recentes, pressão territorial e coerência com inteligência local antes da próxima atualização do ranking."
2026-06-11T08:11:26,2026-06-08,src/core/orchestrator.py:get_combined_risk,fortaleza_bairros_top30,19,ANCURI,ANCURI,fortaleza,bairro,44.72,moderado,46.0,muito baixa,75.9,alta,0,1,35.0,82.8,50.0,0.0,66.7,50.0,37.5,50.0,1.23,83.3,30,120,True,stable,Sinal neural do ST-GAT,82.8,Fallback histórico ativado,55.0,Tensão territorial,50.0,Sinal neural do ST-GAT: 82.8% | Fallback histórico ativado: 55.0% | Tensão territorial: 50.0%,"ANCURI aparece na posição 19 de 109, com risco 44.7 e nível moderado; é território de atenção tática.","O peso principal vem de sinal neural do st-gat, com suporte territorial de 50.0% e 1 registros recentes na janela de 30 dias.",Leitura mais fraca; parte do peso vem de fallback histórico e deve ser confirmada em campo.,"O território se diferencia do bloco intermediário, mas sem isolamento absoluto.","Verificar eventos recentes, pressão territorial e coerência com inteligência local antes da próxima atualização do ranking."
2026-06-11T08:11:26,2026-06-08,src/core/orchestrator.py:get_combined_risk,fortaleza_bairros_top30,20,CURIO,CURIO,fortaleza,bairro,43.0,moderado,33.5,muito baixa,74.9,alta,0,0,26.0,100.0,15.0,0.0,100.0,15.0,15.0,0.0,1.15,82.4,30,120,True,stable,Sinal neural do ST-GAT,100.0,Fallback histórico ativado,55.0,Tensão territorial,15.0,Sinal neural do ST-GAT: 100.0% | Fallback histórico ativado: 55.0% | Tensão territorial: 15.0%,"CURIO aparece na posição 20 de 109, com risco 43.0 e nível moderado; é território de atenção tática.","O peso principal vem de sinal neural do st-gat, com suporte territorial de 15.0% e 0 registros recentes na janela de 30 dias.",Leitura mais fraca; parte do peso vem de fallback histórico e deve ser confirmada em campo.,"O território se diferencia do bloco intermediário, mas sem isolamento absoluto.","Verificar eventos recentes, pressão territorial e coerência com inteligência local antes da próxima atualização do ranking."
2026-06-11T08:11:26,2026-06-08,src/core/orchestrator.py:get_combined_risk,fortaleza_bairros_top30,21,ALVARO WEYNE,ALVARO WEYNE,fortaleza,bairro,42.53,moderado,65.4,baixa,74.3,alta,1,1,27.0,43.7,100.0,50.0,43.3,100.0,17.5,100.0,1.12,81.5,30,120,True,stable,Tensão territorial,100.0,Fallback histórico ativado,55.0,Atividade recente e vizinhança,50.0,Tensão territorial: 100.0% | Fallback histórico ativado: 55.0% | Atividade recente e vizinhança: 50.0%,"ALVARO WEYNE aparece na posição 21 de 109, com risco 42.5 e nível moderado; é território de atenção tática.","O peso principal vem de tensão territorial, com suporte territorial de 100.0% e 1 registros recentes na janela de 30 dias.",Leitura mais fraca; parte do peso vem de fallback histórico e deve ser confirmada em campo.,"O território se diferencia do bloco intermediário, mas sem isolamento absoluto.","Verificar eventos recentes, pressão territorial e coerência com inteligência local antes da próxima atualização do ranking."
2026-06-11T08:11:26,2026-06-08,src/core/orchestrator.py:get_combined_risk,fortaleza_bairros_top30,22,PASSARE,PASSARE,fortaleza,bairro,40.9,moderado,55.6,baixa,73.4,alta,0,0,65.0,61.8,100.0,0.0,100.0,100.0,100.0,0.0,1.04,80.6,30,120,True,stable,Tensão territorial,100.0,Sinal neural do ST-GAT,61.8,Fallback histórico ativado,55.0,Tensão territorial: 100.0% | Sinal neural do ST-GAT: 61.8% | Fallback histórico ativado: 55.0%,"PASSARE aparece na posição 22 de 109, com risco 40.9 e nível moderado; é território de atenção tática.","O peso principal vem de tensão territorial, com suporte territorial de 100.0% e 0 registros recentes na janela de 30 dias.",Leitura mais fraca; parte do peso vem de fallback histórico e deve ser confirmada em campo.,"O território se diferencia do bloco intermediário, mas sem isolamento absoluto.","Verificar eventos recentes, pressão territorial e coerência com inteligência local antes da próxima atualização do ranking."
2026-06-11T08:11:26,2026-06-08,src/core/orchestrator.py:get_combined_risk,fortaleza_bairros_top30,23,VICENTE PINZON,VICENTE PINZON,fortaleza,bairro,40.65,moderado,52.6,muito baixa,72.7,alta,0,0,57.0,64.3,92.5,0.0,100.0,92.5,92.5,0.0,1.03,79.6,30,120,True,stable,Tensão territorial,92.5,Sinal neural do ST-GAT,64.3,Fallback histórico ativado,55.0,Tensão territorial: 92.5% | Sinal neural do ST-GAT: 64.3% | Fallback histórico ativado: 55.0%,"VICENTE PINZON aparece na posição 23 de 109, com risco 40.6 e nível moderado; é território de atenção tática.","O peso principal vem de tensão territorial, com suporte territorial de 92.5% e 0 registros recentes na janela de 30 dias.",Leitura mais fraca; parte do peso vem de fallback histórico e deve ser confirmada em campo.,"O território se diferencia do bloco intermediário, mas sem isolamento absoluto.","Verificar eventos recentes, pressão territorial e coerência com inteligência local antes da próxima atualização do ranking."
2026-06-11T08:11:26,2026-06-08,src/core/orchestrator.py:get_combined_risk,fortaleza_bairros_top30,24,BOM JARDIM,BOM JARDIM,fortaleza,bairro,35.82,moderado,49.9,muito baixa,71.0,alta,0,0,54.0,57.6,85.0,0.0,100.0,85.0,85.0,0.0,0.78,78.7,30,120,True,stable,Tensão territorial,85.0,Sinal neural do ST-GAT,57.6,Fallback histórico ativado,55.0,Tensão territorial: 85.0% | Sinal neural do ST-GAT: 57.6% | Fallback histórico ativado: 55.0%,"BOM JARDIM aparece na posição 24 de 109, com risco 35.8 e nível moderado; é território de atenção tática.","O peso principal vem de tensão territorial, com suporte territorial de 85.0% e 0 registros recentes na janela de 30 dias.",Leitura mais fraca; parte do peso vem de fallback histórico e deve ser confirmada em campo.,"O território se diferencia do bloco intermediário, mas sem isolamento absoluto.","Verificar eventos recentes, pressão territorial e coerência com inteligência local antes da próxima atualização do ranking."
2026-06-11T08:11:26,2026-06-08,src/core/orchestrator.py:get_combined_risk,fortaleza_bairros_top30,25,SAO BENTO,SAO BENTO,fortaleza,bairro,34.66,moderado,42.9,muito baixa,70.2,alta,0,1,19.0,62.0,50.0,0.0,63.3,50.0,0.0,50.0,0.72,77.8,30,120,True,stable,Sinal neural do ST-GAT,62.0,Fallback histórico ativado,55.0,Tensão territorial,50.0,Sinal neural do ST-GAT: 62.0% | Fallback histórico ativado: 55.0% | Tensão territorial: 50.0%,"SAO BENTO aparece na posição 25 de 109, com risco 34.7 e nível moderado; é território de atenção tática.","O peso principal vem de sinal neural do st-gat, com suporte territorial de 50.0% e 1 registros recentes na janela de 30 dias.",Leitura mais fraca; parte do peso vem de fallback histórico e deve ser confirmada em campo.,"O território se diferencia do bloco intermediário, mas sem isolamento absoluto.","Verificar eventos recentes, pressão territorial e coerência com inteligência local antes da próxima atualização do ranking."
2026-06-11T08:11:26,2026-06-08,src/core/orchestrator.py:get_combined_risk,fortaleza_bairros_top30,26,ANTONIO BEZERRA,ANTONIO BEZERRA,fortaleza,bairro,32.3,moderado,42.8,muito baixa,69.0,moderada,0,0,47.0,57.6,67.5,0.0,100.0,67.5,67.5,0.0,0.6,76.9,30,120,True,stable,Tensão territorial,67.5,Sinal neural do ST-GAT,57.6,Fallback histórico ativado,55.0,Tensão territorial: 67.5% | Sinal neural do ST-GAT: 57.6% | Fallback histórico ativado: 55.0%,"ANTONIO BEZERRA aparece na posição 26 de 109, com risco 32.3 e nível moderado; é território de atenção tática.","O peso principal vem de tensão territorial, com suporte territorial de 67.5% e 0 registros recentes na janela de 30 dias.",Leitura mais fraca; parte do peso vem de fallback histórico e deve ser confirmada em campo.,O território está próximo de pares vizinhos e pode oscilar no próximo ciclo.,"Verificar eventos recentes, pressão territorial e coerência com inteligência local antes da próxima atualização do ranking."
2026-06-11T08:11:26,2026-06-08,src/core/orchestrator.py:get_combined_risk,fortaleza_bairros_top30,27,CAMBEBA,CAMBEBA,fortaleza,bairro,30.36,baixo,26.8,muito baixa,68.0,moderada,0,0,10.0,80.7,0.0,0.0,100.0,0.0,0.0,0.0,0.51,75.9,30,120,True,stable,Sinal neural do ST-GAT,80.7,Fallback histórico ativado,55.0,Tensão territorial,0.0,Sinal neural do ST-GAT: 80.7% | Fallback histórico ativado: 55.0% | Tensão territorial: 0.0%,"CAMBEBA aparece na posição 27 de 109, com risco 30.4 e nível baixo; é território de atenção tática.","O peso principal vem de sinal neural do st-gat, com suporte territorial de 0.0% e 0 registros recentes na janela de 30 dias.",Leitura mais fraca; parte do peso vem de fallback histórico e deve ser confirmada em campo.,O território está próximo de pares vizinhos e pode oscilar no próximo ciclo.,"Verificar eventos recentes, pressão territorial e coerência com inteligência local antes da próxima atualização do ranking."
2026-06-11T08:11:26,2026-06-08,src/core/orchestrator.py:get_combined_risk,fortaleza_bairros_top30,28,FLORESTA,FLORESTA,fortaleza,bairro,30.28,baixo,30.7,muito baixa,67.4,moderada,0,0,26.0,74.6,15.0,0.0,100.0,15.0,15.0,0.0,0.5,75.0,30,120,True,stable,Sinal neural do ST-GAT,74.6,Fallback histórico ativado,55.0,Tensão territorial,15.0,Sinal neural do ST-GAT: 74.6% | Fallback histórico ativado: 55.0% | Tensão territorial: 15.0%,"FLORESTA aparece na posição 28 de 109, com risco 30.3 e nível baixo; é território de atenção tática.","O peso principal vem de sinal neural do st-gat, com suporte territorial de 15.0% e 0 registros recentes na janela de 30 dias.",Leitura mais fraca; parte do peso vem de fallback histórico e deve ser confirmada em campo.,O território está próximo de pares vizinhos e pode oscilar no próximo ciclo.,"Verificar eventos recentes, pressão territorial e coerência com inteligência local antes da próxima atualização do ranking."
2026-06-11T08:11:26,2026-06-08,src/core/orchestrator.py:get_combined_risk,fortaleza_bairros_top30,29,VILA VELHA,VILA VELHA,fortaleza,bairro,29.42,baixo,39.9,muito baixa,66.7,moderada,0,0,44.0,54.8,60.0,0.0,100.0,60.0,60.0,0.0,0.46,74.1,30,120,True,stable,Tensão territorial,60.0,Fallback histórico ativado,55.0,Sinal neural do ST-GAT,54.8,Tensão territorial: 60.0% | Fallback histórico ativado: 55.0% | Sinal neural do ST-GAT: 54.8%,"VILA VELHA aparece na posição 29 de 109, com risco 29.4 e nível baixo; é território de atenção tática.","O peso principal vem de tensão territorial, com suporte territorial de 60.0% e 0 registros recentes na janela de 30 dias.",Leitura mais fraca; parte do peso vem de fallback histórico e deve ser confirmada em campo.,O território está próximo de pares vizinhos e pode oscilar no próximo ciclo.,"Verificar eventos recentes, pressão territorial e coerência com inteligência local antes da próxima atualização do ranking."
2026-06-11T08:11:26,2026-06-08,src/core/orchestrator.py:get_combined_risk,fortaleza_bairros_top30,30,TABAPUA,TABAPUA,fortaleza,bairro,26.73,baixo,29.9,muito baixa,65.4,moderada,0,0,26.0,67.5,15.0,0.0,100.0,15.0,15.0,0.0,0.32,73.1,30,120,True,stable,Sinal neural do ST-GAT,67.5,Fallback histórico ativado,55.0,Tensão territorial,15.0,Sinal neural do ST-GAT: 67.5% | Fallback histórico ativado: 55.0% | Tensão territorial: 15.0%,"TABAPUA aparece na posição 30 de 109, com risco 26.7 e nível baixo; é território de atenção tática.","O peso principal vem de sinal neural do st-gat, com suporte territorial de 15.0% e 0 registros recentes na janela de 30 dias.",Leitura mais fraca; parte do peso vem de fallback histórico e deve ser confirmada em campo.,O território está próximo de pares vizinhos e pode oscilar no próximo ciclo.,"Verificar eventos recentes, pressão territorial e coerência com inteligência local antes da próxima atualização do ranking."
