snapshot_generated_at,data_limit,source,scope,rank,name,name_normalized,region,territorial_level,risk_score,risk_level,confidence_pct,confidence_label,expressiveness_pct,expressiveness_label,recent_cvli_14d,recent_cvli_30d,historical_cvli,neural_score,tension_score,inclusion_score,calm_penalty,territorial_support_pct,historical_support_pct,live_support_pct,score_z,peer_percentile,dynamic_window_days,base_window_days,historical_fallback,trend,top_driver_1,top_driver_1_strength_pct,top_driver_2,top_driver_2_strength_pct,top_driver_3,top_driver_3_strength_pct,explainability_summary,leitura_rapida_gestor,por_que_importa_gestor,confianca_limites_gestor,expressividade_previsao_gestor,proxima_acao_gestor
2026-06-12T16:15:52,2026-06-12,src/core/orchestrator.py:get_combined_risk,cities_general_top30,1,CAUCAIA,CAUCAIA,rmf,cidade,92.5,crítico,95.0,alta,97.0,muito alta,3,3,612.0,100.0,100.0,100.0,30.0,100.0,100.0,100.0,3.54,100.0,30,14,False,stable,Atividade recente e vizinhança,100.0,Sinal neural do ST-GAT,100.0,Tensão territorial,100.0,Atividade recente e vizinhança: 100.0% | Sinal neural do ST-GAT: 100.0% | Tensão territorial: 100.0%,"CAUCAIA aparece na posição 1 de 69, com risco 92.5 e nível crítico; é prioridade imediata de acompanhamento.","O peso principal vem de atividade recente e vizinhança, com suporte territorial de 100.0% e 3 registros recentes na janela de 30 dias.",Leitura com boa sustentação dos sinais atuais.,O território está bem destacado no ranking frente aos pares.,"Verificar eventos recentes, pressão territorial e coerência com inteligência local antes da próxima atualização do ranking."
2026-06-12T16:15:52,2026-06-12,src/core/orchestrator.py:get_combined_risk,cities_general_top30,2,JUAZEIRO DO NORTE,JUAZEIRO DO NORTE,interior,cidade,81.5,crítico,90.0,alta,93.3,muito alta,2,2,136.0,100.0,100.0,100.0,20.0,100.0,100.0,100.0,2.97,98.5,14,14,False,stable,Atividade recente e vizinhança,100.0,Sinal neural do ST-GAT,100.0,Tensão territorial,100.0,Atividade recente e vizinhança: 100.0% | Sinal neural do ST-GAT: 100.0% | Tensão territorial: 100.0%,"JUAZEIRO DO NORTE aparece na posição 2 de 69, com risco 81.5 e nível crítico; é prioridade imediata de acompanhamento.","O peso principal vem de atividade recente e vizinhança, com suporte territorial de 100.0% e 2 registros recentes na janela de 30 dias.",Leitura com boa sustentação dos sinais atuais.,O território está bem destacado no ranking frente aos pares.,"Verificar eventos recentes, pressão territorial e coerência com inteligência local antes da próxima atualização do ranking."
2026-06-12T16:15:52,2026-06-12,src/core/orchestrator.py:get_combined_risk,cities_general_top30,3,FORQUILHA,FORQUILHA,interior,cidade,62.09,alto,78.2,moderada,87.7,muito alta,1,1,13.0,96.5,100.0,50.0,10.0,100.0,0.0,100.0,1.97,97.1,14,14,False,stable,Tensão territorial,100.0,Sinal neural do ST-GAT,96.5,Atividade recente e vizinhança,50.0,Tensão territorial: 100.0% | Sinal neural do ST-GAT: 96.5% | Atividade recente e vizinhança: 50.0%,"FORQUILHA aparece na posição 3 de 69, com risco 62.1 e nível alto; é prioridade imediata de acompanhamento.","O peso principal vem de tensão territorial, com suporte territorial de 100.0% e 1 registros recentes na janela de 30 dias.","Leitura consistente, mas ainda pede validação operacional pontual.",O território está bem destacado no ranking frente aos pares.,"Verificar eventos recentes, pressão territorial e coerência com inteligência local antes da próxima atualização do ranking."
2026-06-12T16:15:52,2026-06-12,src/core/orchestrator.py:get_combined_risk,cities_general_top30,4,SOLONOPOLE,SOLONOPOLE,interior,cidade,60.82,alto,78.5,moderada,86.5,muito alta,1,1,20.0,91.1,100.0,50.0,6.7,100.0,0.0,100.0,1.9,95.6,14,14,False,stable,Tensão territorial,100.0,Sinal neural do ST-GAT,91.1,Atividade recente e vizinhança,50.0,Tensão territorial: 100.0% | Sinal neural do ST-GAT: 91.1% | Atividade recente e vizinhança: 50.0%,"SOLONOPOLE aparece na posição 4 de 69, com risco 60.8 e nível alto; é prioridade imediata de acompanhamento.","O peso principal vem de tensão territorial, com suporte territorial de 100.0% e 1 registros recentes na janela de 30 dias.","Leitura consistente, mas ainda pede validação operacional pontual.",O território está bem destacado no ranking frente aos pares.,"Verificar eventos recentes, pressão territorial e coerência com inteligência local antes da próxima atualização do ranking."
2026-06-12T16:15:52,2026-06-12,src/core/orchestrator.py:get_combined_risk,cities_general_top30,5,TRAIRI,TRAIRI,rmf,cidade,60.52,alto,87.7,alta,85.5,muito alta,3,5,17.0,44.8,0.0,100.0,16.7,100.0,0.0,100.0,1.89,94.1,30,14,False,stable,Atividade recente e vizinhança,100.0,CVLI recente na janela de 30 dias,100.0,Sinal neural do ST-GAT,44.8,Atividade recente e vizinhança: 100.0% | CVLI recente na janela de 30 dias: 100.0% | Sinal neural do ST-GAT: 44.8%,"TRAIRI aparece na posição 5 de 69, com risco 60.5 e nível alto; é prioridade imediata de acompanhamento.","O peso principal vem de atividade recente e vizinhança, com suporte territorial de 100.0% e 5 registros recentes na janela de 30 dias.",Leitura com boa sustentação dos sinais atuais.,O território está bem destacado no ranking frente aos pares.,"Verificar eventos recentes, pressão territorial e coerência com inteligência local antes da próxima atualização do ranking."
2026-06-12T16:15:52,2026-06-12,src/core/orchestrator.py:get_combined_risk,cities_general_top30,6,GRACA,GRACA,interior,cidade,60.24,alto,78.4,moderada,84.5,alta,1,1,15.0,92.6,100.0,50.0,13.3,100.0,0.0,100.0,1.87,92.6,14,14,False,stable,Tensão territorial,100.0,Sinal neural do ST-GAT,92.6,Atividade recente e vizinhança,50.0,Tensão territorial: 100.0% | Sinal neural do ST-GAT: 92.6% | Atividade recente e vizinhança: 50.0%,"GRACA aparece na posição 6 de 69, com risco 60.2 e nível alto; é prioridade alta de acompanhamento.","O peso principal vem de tensão territorial, com suporte territorial de 100.0% e 1 registros recentes na janela de 30 dias.","Leitura consistente, mas ainda pede validação operacional pontual.","O território se diferencia do bloco intermediário, mas sem isolamento absoluto.","Verificar eventos recentes, pressão territorial e coerência com inteligência local antes da próxima atualização do ranking."
2026-06-12T16:15:52,2026-06-12,src/core/orchestrator.py:get_combined_risk,cities_general_top30,7,ITAPIUNA,ITAPIUNA,interior,cidade,55.85,alto,78.2,moderada,82.6,alta,1,1,20.0,96.3,100.0,50.0,46.7,100.0,0.0,100.0,1.64,91.2,14,14,False,stable,Tensão territorial,100.0,Sinal neural do ST-GAT,96.3,Atividade recente e vizinhança,50.0,Tensão territorial: 100.0% | Sinal neural do ST-GAT: 96.3% | Atividade recente e vizinhança: 50.0%,"ITAPIUNA aparece na posição 7 de 69, com risco 55.9 e nível alto; é prioridade alta de acompanhamento.","O peso principal vem de tensão territorial, com suporte territorial de 100.0% e 1 registros recentes na janela de 30 dias.","Leitura consistente, mas ainda pede validação operacional pontual.","O território se diferencia do bloco intermediário, mas sem isolamento absoluto.","Verificar eventos recentes, pressão territorial e coerência com inteligência local antes da próxima atualização do ranking."
2026-06-12T16:15:52,2026-06-12,src/core/orchestrator.py:get_combined_risk,cities_general_top30,8,TIANGUA,TIANGUA,interior,cidade,55.7,alto,78.2,moderada,81.7,alta,1,1,77.0,95.8,100.0,50.0,46.7,100.0,100.0,100.0,1.64,89.7,14,14,False,stable,Tensão territorial,100.0,Sinal neural do ST-GAT,95.8,Atividade recente e vizinhança,50.0,Tensão territorial: 100.0% | Sinal neural do ST-GAT: 95.8% | Atividade recente e vizinhança: 50.0%,"TIANGUA aparece na posição 8 de 69, com risco 55.7 e nível alto; é prioridade alta de acompanhamento.","O peso principal vem de tensão territorial, com suporte territorial de 100.0% e 1 registros recentes na janela de 30 dias.","Leitura consistente, mas ainda pede validação operacional pontual.","O território se diferencia do bloco intermediário, mas sem isolamento absoluto.","Verificar eventos recentes, pressão territorial e coerência com inteligência local antes da próxima atualização do ranking."
2026-06-12T16:15:52,2026-06-12,src/core/orchestrator.py:get_combined_risk,cities_general_top30,9,GROAIRAS,GROAIRAS,interior,cidade,52.87,alto,78.7,moderada,80.1,alta,1,1,46.0,85.2,100.0,50.0,46.7,100.0,65.0,100.0,1.49,88.2,14,14,False,stable,Tensão territorial,100.0,Sinal neural do ST-GAT,85.2,Atividade recente e vizinhança,50.0,Tensão territorial: 100.0% | Sinal neural do ST-GAT: 85.2% | Atividade recente e vizinhança: 50.0%,"GROAIRAS aparece na posição 9 de 69, com risco 52.9 e nível alto; é prioridade alta de acompanhamento.","O peso principal vem de tensão territorial, com suporte territorial de 100.0% e 1 registros recentes na janela de 30 dias.","Leitura consistente, mas ainda pede validação operacional pontual.","O território se diferencia do bloco intermediário, mas sem isolamento absoluto.","Verificar eventos recentes, pressão territorial e coerência com inteligência local antes da próxima atualização do ranking."
2026-06-12T16:15:52,2026-06-12,src/core/orchestrator.py:get_combined_risk,cities_general_top30,10,ITAPAJE,ITAPAJE,interior,cidade,51.52,alto,78.8,moderada,78.9,alta,1,1,44.0,80.2,100.0,50.0,46.7,100.0,60.0,100.0,1.42,86.8,14,14,False,stable,Tensão territorial,100.0,Sinal neural do ST-GAT,80.2,Atividade recente e vizinhança,50.0,Tensão territorial: 100.0% | Sinal neural do ST-GAT: 80.2% | Atividade recente e vizinhança: 50.0%,"ITAPAJE aparece na posição 10 de 69, com risco 51.5 e nível alto; é prioridade alta de acompanhamento.","O peso principal vem de tensão territorial, com suporte territorial de 100.0% e 1 registros recentes na janela de 30 dias.","Leitura consistente, mas ainda pede validação operacional pontual.","O território se diferencia do bloco intermediário, mas sem isolamento absoluto.","Verificar eventos recentes, pressão territorial e coerência com inteligência local antes da próxima atualização do ranking."
2026-06-12T16:15:52,2026-06-12,src/core/orchestrator.py:get_combined_risk,cities_general_top30,11,EUSEBIO,EUSEBIO,rmf,cidade,31.27,moderado,71.4,moderada,73.0,alta,1,2,34.0,25.1,0.0,50.0,20.0,100.0,35.0,100.0,0.38,85.3,30,14,False,stable,Atividade recente e vizinhança,50.0,CVLI recente na janela de 30 dias,40.0,Sinal neural do ST-GAT,25.1,Atividade recente e vizinhança: 50.0% | CVLI recente na janela de 30 dias: 40.0% | Sinal neural do ST-GAT: 25.1%,"EUSEBIO aparece na posição 11 de 69, com risco 31.3 e nível moderado; é território de atenção tática.","O peso principal vem de atividade recente e vizinhança, com suporte territorial de 100.0% e 2 registros recentes na janela de 30 dias.","Leitura consistente, mas ainda pede validação operacional pontual.","O território se diferencia do bloco intermediário, mas sem isolamento absoluto.","Verificar eventos recentes, pressão territorial e coerência com inteligência local antes da próxima atualização do ranking."
2026-06-12T16:15:52,2026-06-12,src/core/orchestrator.py:get_combined_risk,cities_general_top30,12,PARAIPABA,PARAIPABA,rmf,cidade,30.34,baixo,66.4,baixa,71.9,alta,1,1,32.0,22.6,0.0,50.0,16.7,100.0,30.0,100.0,0.33,83.8,30,14,False,stable,Atividade recente e vizinhança,50.0,Sinal neural do ST-GAT,22.6,CVLI recente na janela de 30 dias,20.0,Atividade recente e vizinhança: 50.0% | Sinal neural do ST-GAT: 22.6% | CVLI recente na janela de 30 dias: 20.0%,"PARAIPABA aparece na posição 12 de 69, com risco 30.3 e nível baixo; é território de atenção tática.","O peso principal vem de atividade recente e vizinhança, com suporte territorial de 100.0% e 1 registros recentes na janela de 30 dias.",Leitura sensível a ruído; requer conferência adicional antes de decisão forte.,"O território se diferencia do bloco intermediário, mas sem isolamento absoluto.","Verificar eventos recentes, pressão territorial e coerência com inteligência local antes da próxima atualização do ranking."
2026-06-12T16:15:52,2026-06-12,src/core/orchestrator.py:get_combined_risk,cities_general_top30,13,ITAITINGA,ITAITINGA,rmf,cidade,25.75,baixo,66.1,baixa,69.9,moderada,1,1,26.0,11.9,0.0,50.0,6.7,100.0,15.0,100.0,0.09,82.4,30,14,False,stable,Atividade recente e vizinhança,50.0,CVLI recente na janela de 30 dias,20.0,Sinal neural do ST-GAT,11.9,Atividade recente e vizinhança: 50.0% | CVLI recente na janela de 30 dias: 20.0% | Sinal neural do ST-GAT: 11.9%,"ITAITINGA aparece na posição 13 de 69, com risco 25.8 e nível baixo; é território de atenção tática.","O peso principal vem de atividade recente e vizinhança, com suporte territorial de 100.0% e 1 registros recentes na janela de 30 dias.",Leitura sensível a ruído; requer conferência adicional antes de decisão forte.,O território está próximo de pares vizinhos e pode oscilar no próximo ciclo.,"Verificar eventos recentes, pressão territorial e coerência com inteligência local antes da próxima atualização do ranking."
2026-06-12T16:15:52,2026-06-12,src/core/orchestrator.py:get_combined_risk,cities_general_top30,14,IGUATU,IGUATU,interior,cidade,24.81,baixo,45.4,muito baixa,68.7,moderada,0,0,81.0,85.0,20.0,0.0,46.7,20.0,100.0,0.0,0.04,80.9,14,14,False,stable,Sinal neural do ST-GAT,85.0,Tensão territorial,20.0,Atividade recente e vizinhança,0.0,Sinal neural do ST-GAT: 85.0% | Tensão territorial: 20.0% | Atividade recente e vizinhança: 0.0%,"IGUATU aparece na posição 14 de 69, com risco 24.8 e nível baixo; é território de atenção tática.","O peso principal vem de sinal neural do st-gat, com suporte territorial de 20.0% e 0 registros recentes na janela de 30 dias.",Leitura sensível a ruído; requer conferência adicional antes de decisão forte.,O território está próximo de pares vizinhos e pode oscilar no próximo ciclo.,"Verificar eventos recentes, pressão territorial e coerência com inteligência local antes da próxima atualização do ranking."
2026-06-12T16:15:52,2026-06-12,src/core/orchestrator.py:get_combined_risk,cities_general_top30,15,BATURITE,BATURITE,interior,cidade,24.81,baixo,45.4,muito baixa,67.8,moderada,0,0,61.0,85.0,20.0,0.0,46.7,20.0,100.0,0.0,0.04,79.4,14,14,False,stable,Sinal neural do ST-GAT,85.0,Tensão territorial,20.0,Atividade recente e vizinhança,0.0,Sinal neural do ST-GAT: 85.0% | Tensão territorial: 20.0% | Atividade recente e vizinhança: 0.0%,"BATURITE aparece na posição 15 de 69, com risco 24.8 e nível baixo; é território de atenção tática.","O peso principal vem de sinal neural do st-gat, com suporte territorial de 20.0% e 0 registros recentes na janela de 30 dias.",Leitura sensível a ruído; requer conferência adicional antes de decisão forte.,O território está próximo de pares vizinhos e pode oscilar no próximo ciclo.,"Verificar eventos recentes, pressão territorial e coerência com inteligência local antes da próxima atualização do ranking."
2026-06-12T16:15:52,2026-06-12,src/core/orchestrator.py:get_combined_risk,cities_general_top30,16,SOBRAL,SOBRAL,interior,cidade,24.34,baixo,45.2,muito baixa,66.8,moderada,0,0,64.0,83.2,20.0,0.0,46.7,20.0,100.0,0.0,0.02,77.9,14,14,False,stable,Sinal neural do ST-GAT,83.2,Tensão territorial,20.0,Atividade recente e vizinhança,0.0,Sinal neural do ST-GAT: 83.2% | Tensão territorial: 20.0% | Atividade recente e vizinhança: 0.0%,"SOBRAL aparece na posição 16 de 69, com risco 24.3 e nível baixo; é território de atenção tática.","O peso principal vem de sinal neural do st-gat, com suporte territorial de 20.0% e 0 registros recentes na janela de 30 dias.",Leitura sensível a ruído; requer conferência adicional antes de decisão forte.,O território está próximo de pares vizinhos e pode oscilar no próximo ciclo.,"Verificar eventos recentes, pressão territorial e coerência com inteligência local antes da próxima atualização do ranking."
2026-06-12T16:15:52,2026-06-12,src/core/orchestrator.py:get_combined_risk,cities_general_top30,17,LIMOEIRO DO NORTE,LIMOEIRO DO NORTE,interior,cidade,23.81,baixo,42.4,muito baixa,65.9,moderada,0,0,40.0,85.0,10.0,0.0,46.7,10.0,50.0,0.0,-0.01,76.5,14,14,False,stable,Sinal neural do ST-GAT,85.0,Tensão territorial,10.0,Atividade recente e vizinhança,0.0,Sinal neural do ST-GAT: 85.0% | Tensão territorial: 10.0% | Atividade recente e vizinhança: 0.0%,"LIMOEIRO DO NORTE aparece na posição 17 de 69, com risco 23.8 e nível baixo; é território de atenção tática.","O peso principal vem de sinal neural do st-gat, com suporte territorial de 10.0% e 0 registros recentes na janela de 30 dias.",Leitura sensível a ruído; requer conferência adicional antes de decisão forte.,O território está próximo de pares vizinhos e pode oscilar no próximo ciclo.,"Verificar eventos recentes, pressão territorial e coerência com inteligência local antes da próxima atualização do ranking."
2026-06-12T16:15:52,2026-06-12,src/core/orchestrator.py:get_combined_risk,cities_general_top30,18,ARATUBA,ARATUBA,interior,cidade,23.41,baixo,41.1,muito baixa,64.9,moderada,0,0,32.0,85.0,6.0,0.0,46.7,6.0,30.0,0.0,-0.03,75.0,14,14,False,stable,Sinal neural do ST-GAT,85.0,Tensão territorial,6.0,Atividade recente e vizinhança,0.0,Sinal neural do ST-GAT: 85.0% | Tensão territorial: 6.0% | Atividade recente e vizinhança: 0.0%,"ARATUBA aparece na posição 18 de 69, com risco 23.4 e nível baixo; é território de atenção tática.","O peso principal vem de sinal neural do st-gat, com suporte territorial de 6.0% e 0 registros recentes na janela de 30 dias.",Leitura sensível a ruído; requer conferência adicional antes de decisão forte.,O território está próximo de pares vizinhos e pode oscilar no próximo ciclo.,"Verificar eventos recentes, pressão territorial e coerência com inteligência local antes da próxima atualização do ranking."
2026-06-12T16:15:52,2026-06-12,src/core/orchestrator.py:get_combined_risk,cities_general_top30,19,URUBURETAMA,URUBURETAMA,interior,cidade,23.25,baixo,39.8,muito baixa,63.9,moderada,0,0,23.0,86.1,1.5,0.0,46.7,1.5,7.5,0.0,-0.04,73.5,14,14,False,stable,Sinal neural do ST-GAT,86.1,Tensão territorial,1.5,Atividade recente e vizinhança,0.0,Sinal neural do ST-GAT: 86.1% | Tensão territorial: 1.5% | Atividade recente e vizinhança: 0.0%,"URUBURETAMA aparece na posição 19 de 69, com risco 23.2 e nível baixo; é território de atenção tática.","O peso principal vem de sinal neural do st-gat, com suporte territorial de 1.5% e 0 registros recentes na janela de 30 dias.",Leitura sensível a ruído; requer conferência adicional antes de decisão forte.,O território está próximo de pares vizinhos e pode oscilar no próximo ciclo.,"Verificar eventos recentes, pressão territorial e coerência com inteligência local antes da próxima atualização do ranking."
2026-06-12T16:15:52,2026-06-12,src/core/orchestrator.py:get_combined_risk,cities_general_top30,20,CARIRE,CARIRE,interior,cidade,23.19,baixo,39.7,muito baixa,63.1,moderada,0,0,22.0,86.0,1.0,0.0,46.7,1.0,5.0,0.0,-0.04,72.1,14,14,False,stable,Sinal neural do ST-GAT,86.0,Tensão territorial,1.0,Atividade recente e vizinhança,0.0,Sinal neural do ST-GAT: 86.0% | Tensão territorial: 1.0% | Atividade recente e vizinhança: 0.0%,"CARIRE aparece na posição 20 de 69, com risco 23.2 e nível baixo; é território de atenção tática.","O peso principal vem de sinal neural do st-gat, com suporte territorial de 1.0% e 0 registros recentes na janela de 30 dias.",Leitura sensível a ruído; requer conferência adicional antes de decisão forte.,O território está próximo de pares vizinhos e pode oscilar no próximo ciclo.,"Verificar eventos recentes, pressão territorial e coerência com inteligência local antes da próxima atualização do ranking."
2026-06-12T16:15:52,2026-06-12,src/core/orchestrator.py:get_combined_risk,cities_general_top30,21,MIRAIMA,MIRAIMA,interior,cidade,23.17,baixo,39.4,muito baixa,62.2,moderada,0,0,15.0,86.3,0.0,0.0,46.7,0.0,0.0,0.0,-0.04,70.6,14,14,False,stable,Sinal neural do ST-GAT,86.3,Tensão territorial,0.0,Atividade recente e vizinhança,0.0,Sinal neural do ST-GAT: 86.3% | Tensão territorial: 0.0% | Atividade recente e vizinhança: 0.0%,"MIRAIMA aparece na posição 21 de 69, com risco 23.2 e nível baixo; é território de atenção tática.","O peso principal vem de sinal neural do st-gat, com suporte territorial de 0.0% e 0 registros recentes na janela de 30 dias.",Leitura sensível a ruído; requer conferência adicional antes de decisão forte.,O território está próximo de pares vizinhos e pode oscilar no próximo ciclo.,"Verificar eventos recentes, pressão territorial e coerência com inteligência local antes da próxima atualização do ranking."
2026-06-12T16:15:52,2026-06-12,src/core/orchestrator.py:get_combined_risk,cities_general_top30,22,SANTANA DO ACARAU,SANTANA DO ACARAU,interior,cidade,23.04,baixo,39.3,muito baixa,61.2,moderada,0,0,9.0,85.9,0.0,0.0,46.7,0.0,0.0,0.0,-0.05,69.1,14,14,False,stable,Sinal neural do ST-GAT,85.9,Tensão territorial,0.0,Atividade recente e vizinhança,0.0,Sinal neural do ST-GAT: 85.9% | Tensão territorial: 0.0% | Atividade recente e vizinhança: 0.0%,"SANTANA DO ACARAU aparece na posição 22 de 69, com risco 23.0 e nível baixo; é território de atenção tática.","O peso principal vem de sinal neural do st-gat, com suporte territorial de 0.0% e 0 registros recentes na janela de 30 dias.",Leitura sensível a ruído; requer conferência adicional antes de decisão forte.,O território está próximo de pares vizinhos e pode oscilar no próximo ciclo.,"Verificar eventos recentes, pressão territorial e coerência com inteligência local antes da próxima atualização do ranking."
2026-06-12T16:15:52,2026-06-12,src/core/orchestrator.py:get_combined_risk,cities_general_top30,23,NOVA OLINDA,NOVA OLINDA,interior,cidade,22.96,baixo,39.7,muito baixa,60.3,moderada,0,0,23.0,85.0,1.5,0.0,46.7,1.5,7.5,0.0,-0.05,67.6,14,14,False,stable,Sinal neural do ST-GAT,85.0,Tensão territorial,1.5,Atividade recente e vizinhança,0.0,Sinal neural do ST-GAT: 85.0% | Tensão territorial: 1.5% | Atividade recente e vizinhança: 0.0%,"NOVA OLINDA aparece na posição 23 de 69, com risco 23.0 e nível baixo; é território de atenção tática.","O peso principal vem de sinal neural do st-gat, com suporte territorial de 1.5% e 0 registros recentes na janela de 30 dias.",Leitura sensível a ruído; requer conferência adicional antes de decisão forte.,O território está próximo de pares vizinhos e pode oscilar no próximo ciclo.,"Verificar eventos recentes, pressão territorial e coerência com inteligência local antes da próxima atualização do ranking."
2026-06-12T16:15:52,2026-06-12,src/core/orchestrator.py:get_combined_risk,cities_general_top30,24,VICOSA DO CEARA,VICOSA DO CEARA,interior,cidade,22.91,baixo,39.6,muito baixa,59.5,moderada,0,0,22.0,85.0,1.0,0.0,46.7,1.0,5.0,0.0,-0.06,66.2,14,14,False,stable,Sinal neural do ST-GAT,85.0,Tensão territorial,1.0,Atividade recente e vizinhança,0.0,Sinal neural do ST-GAT: 85.0% | Tensão territorial: 1.0% | Atividade recente e vizinhança: 0.0%,"VICOSA DO CEARA aparece na posição 24 de 69, com risco 22.9 e nível baixo; é território de atenção tática.","O peso principal vem de sinal neural do st-gat, com suporte territorial de 1.0% e 0 registros recentes na janela de 30 dias.",Leitura sensível a ruído; requer conferência adicional antes de decisão forte.,O território está próximo de pares vizinhos e pode oscilar no próximo ciclo.,"Verificar eventos recentes, pressão territorial e coerência com inteligência local antes da próxima atualização do ranking."
2026-06-12T16:15:52,2026-06-12,src/core/orchestrator.py:get_combined_risk,cities_general_top30,25,CAPISTRANO,CAPISTRANO,interior,cidade,22.86,baixo,39.4,muito baixa,58.5,moderada,0,0,21.0,85.0,0.5,0.0,46.7,0.5,2.5,0.0,-0.06,64.7,14,14,False,stable,Sinal neural do ST-GAT,85.0,Tensão territorial,0.5,Atividade recente e vizinhança,0.0,Sinal neural do ST-GAT: 85.0% | Tensão territorial: 0.5% | Atividade recente e vizinhança: 0.0%,"CAPISTRANO aparece na posição 25 de 69, com risco 22.9 e nível baixo; é território de atenção tática.","O peso principal vem de sinal neural do st-gat, com suporte territorial de 0.5% e 0 registros recentes na janela de 30 dias.",Leitura sensível a ruído; requer conferência adicional antes de decisão forte.,O território está próximo de pares vizinhos e pode oscilar no próximo ciclo.,"Verificar eventos recentes, pressão territorial e coerência com inteligência local antes da próxima atualização do ranking."
2026-06-12T16:15:52,2026-06-12,src/core/orchestrator.py:get_combined_risk,cities_general_top30,26,ACOPIARA,ACOPIARA,interior,cidade,22.85,baixo,39.2,muito baixa,57.6,moderada,0,0,14.0,85.2,0.0,0.0,46.7,0.0,0.0,0.0,-0.06,63.2,14,14,False,stable,Sinal neural do ST-GAT,85.2,Tensão territorial,0.0,Atividade recente e vizinhança,0.0,Sinal neural do ST-GAT: 85.2% | Tensão territorial: 0.0% | Atividade recente e vizinhança: 0.0%,"ACOPIARA aparece na posição 26 de 69, com risco 22.9 e nível baixo; é território de atenção tática.","O peso principal vem de sinal neural do st-gat, com suporte territorial de 0.0% e 0 registros recentes na janela de 30 dias.",Leitura sensível a ruído; requer conferência adicional antes de decisão forte.,O território está próximo de pares vizinhos e pode oscilar no próximo ciclo.,"Verificar eventos recentes, pressão territorial e coerência com inteligência local antes da próxima atualização do ranking."
2026-06-12T16:15:52,2026-06-12,src/core/orchestrator.py:get_combined_risk,cities_general_top30,27,CEDRO,CEDRO,interior,cidade,22.85,baixo,39.2,muito baixa,56.8,moderada,0,0,10.0,85.2,0.0,0.0,46.7,0.0,0.0,0.0,-0.06,61.8,14,14,False,stable,Sinal neural do ST-GAT,85.2,Tensão territorial,0.0,Atividade recente e vizinhança,0.0,Sinal neural do ST-GAT: 85.2% | Tensão territorial: 0.0% | Atividade recente e vizinhança: 0.0%,"CEDRO aparece na posição 27 de 69, com risco 22.9 e nível baixo; é território de atenção tática.","O peso principal vem de sinal neural do st-gat, com suporte territorial de 0.0% e 0 registros recentes na janela de 30 dias.",Leitura sensível a ruído; requer conferência adicional antes de decisão forte.,O território está próximo de pares vizinhos e pode oscilar no próximo ciclo.,"Verificar eventos recentes, pressão territorial e coerência com inteligência local antes da próxima atualização do ranking."
2026-06-12T16:15:52,2026-06-12,src/core/orchestrator.py:get_combined_risk,cities_general_top30,28,JIJOCA DE JERICOACOARA,JIJOCA DE JERICOACOARA,interior,cidade,22.81,baixo,39.2,muito baixa,55.9,moderada,0,0,18.0,85.0,0.0,0.0,46.7,0.0,0.0,0.0,-0.06,60.3,14,14,False,stable,Sinal neural do ST-GAT,85.0,Tensão territorial,0.0,Atividade recente e vizinhança,0.0,Sinal neural do ST-GAT: 85.0% | Tensão territorial: 0.0% | Atividade recente e vizinhança: 0.0%,"JIJOCA DE JERICOACOARA aparece na posição 28 de 69, com risco 22.8 e nível baixo; é território de atenção tática.","O peso principal vem de sinal neural do st-gat, com suporte territorial de 0.0% e 0 registros recentes na janela de 30 dias.",Leitura sensível a ruído; requer conferência adicional antes de decisão forte.,O território está próximo de pares vizinhos e pode oscilar no próximo ciclo.,"Verificar eventos recentes, pressão territorial e coerência com inteligência local antes da próxima atualização do ranking."
2026-06-12T16:15:52,2026-06-12,src/core/orchestrator.py:get_combined_risk,cities_general_top30,29,CARIRIACU,CARIRIACU,interior,cidade,22.81,baixo,39.2,muito baixa,55.0,moderada,0,0,14.0,85.0,0.0,0.0,46.7,0.0,0.0,0.0,-0.06,58.8,14,14,False,stable,Sinal neural do ST-GAT,85.0,Tensão territorial,0.0,Atividade recente e vizinhança,0.0,Sinal neural do ST-GAT: 85.0% | Tensão territorial: 0.0% | Atividade recente e vizinhança: 0.0%,"CARIRIACU aparece na posição 29 de 69, com risco 22.8 e nível baixo; é território de atenção tática.","O peso principal vem de sinal neural do st-gat, com suporte territorial de 0.0% e 0 registros recentes na janela de 30 dias.",Leitura sensível a ruído; requer conferência adicional antes de decisão forte.,O território está próximo de pares vizinhos e pode oscilar no próximo ciclo.,"Verificar eventos recentes, pressão territorial e coerência com inteligência local antes da próxima atualização do ranking."
2026-06-12T16:15:52,2026-06-12,src/core/orchestrator.py:get_combined_risk,cities_general_top30,30,GENERAL SAMPAIO,GENERAL SAMPAIO,interior,cidade,22.81,baixo,39.2,muito baixa,54.1,moderada,0,0,14.0,85.0,0.0,0.0,46.7,0.0,0.0,0.0,-0.06,57.4,14,14,False,stable,Sinal neural do ST-GAT,85.0,Tensão territorial,0.0,Atividade recente e vizinhança,0.0,Sinal neural do ST-GAT: 85.0% | Tensão territorial: 0.0% | Atividade recente e vizinhança: 0.0%,"GENERAL SAMPAIO aparece na posição 30 de 69, com risco 22.8 e nível baixo; é território de atenção tática.","O peso principal vem de sinal neural do st-gat, com suporte territorial de 0.0% e 0 registros recentes na janela de 30 dias.",Leitura sensível a ruído; requer conferência adicional antes de decisão forte.,O território está próximo de pares vizinhos e pode oscilar no próximo ciclo.,"Verificar eventos recentes, pressão territorial e coerência com inteligência local antes da próxima atualização do ranking."
2026-06-12T16:15:52,2026-06-12,src/core/orchestrator.py:get_combined_risk,cities_rmf_top20,1,CAUCAIA,CAUCAIA,rmf,cidade,92.5,crítico,95.0,alta,95.4,muito alta,3,3,612.0,100.0,100.0,100.0,30.0,100.0,100.0,100.0,3.21,100.0,30,14,False,stable,Atividade recente e vizinhança,100.0,Sinal neural do ST-GAT,100.0,Tensão territorial,100.0,Atividade recente e vizinhança: 100.0% | Sinal neural do ST-GAT: 100.0% | Tensão territorial: 100.0%,"CAUCAIA aparece na posição 1 de 19, com risco 92.5 e nível crítico; é prioridade imediata de acompanhamento.","O peso principal vem de atividade recente e vizinhança, com suporte territorial de 100.0% e 3 registros recentes na janela de 30 dias.",Leitura com boa sustentação dos sinais atuais.,O território está bem destacado no ranking frente aos pares.,"Verificar eventos recentes, pressão territorial e coerência com inteligência local antes da próxima atualização do ranking."
2026-06-12T16:15:52,2026-06-12,src/core/orchestrator.py:get_combined_risk,cities_rmf_top20,2,TRAIRI,TRAIRI,rmf,cidade,60.52,alto,87.7,alta,85.8,muito alta,3,5,17.0,44.8,0.0,100.0,16.7,100.0,0.0,100.0,1.91,94.4,30,14,False,stable,Atividade recente e vizinhança,100.0,CVLI recente na janela de 30 dias,100.0,Sinal neural do ST-GAT,44.8,Atividade recente e vizinhança: 100.0% | CVLI recente na janela de 30 dias: 100.0% | Sinal neural do ST-GAT: 44.8%,"TRAIRI aparece na posição 2 de 19, com risco 60.5 e nível alto; é prioridade imediata de acompanhamento.","O peso principal vem de atividade recente e vizinhança, com suporte territorial de 100.0% e 5 registros recentes na janela de 30 dias.",Leitura com boa sustentação dos sinais atuais.,O território está bem destacado no ranking frente aos pares.,"Verificar eventos recentes, pressão territorial e coerência com inteligência local antes da próxima atualização do ranking."
2026-06-12T16:15:52,2026-06-12,src/core/orchestrator.py:get_combined_risk,cities_rmf_top20,3,EUSEBIO,EUSEBIO,rmf,cidade,31.27,moderado,71.4,moderada,76.8,alta,1,2,34.0,25.1,0.0,50.0,20.0,100.0,35.0,100.0,0.73,88.9,30,14,False,stable,Atividade recente e vizinhança,50.0,CVLI recente na janela de 30 dias,40.0,Sinal neural do ST-GAT,25.1,Atividade recente e vizinhança: 50.0% | CVLI recente na janela de 30 dias: 40.0% | Sinal neural do ST-GAT: 25.1%,"EUSEBIO aparece na posição 3 de 19, com risco 31.3 e nível moderado; é prioridade imediata de acompanhamento.","O peso principal vem de atividade recente e vizinhança, com suporte territorial de 100.0% e 2 registros recentes na janela de 30 dias.","Leitura consistente, mas ainda pede validação operacional pontual.","O território se diferencia do bloco intermediário, mas sem isolamento absoluto.","Verificar eventos recentes, pressão territorial e coerência com inteligência local antes da próxima atualização do ranking."
2026-06-12T16:15:52,2026-06-12,src/core/orchestrator.py:get_combined_risk,cities_rmf_top20,4,PARAIPABA,PARAIPABA,rmf,cidade,30.34,baixo,66.4,baixa,73.3,alta,1,1,32.0,22.6,0.0,50.0,16.7,100.0,30.0,100.0,0.69,83.3,30,14,False,stable,Atividade recente e vizinhança,50.0,Sinal neural do ST-GAT,22.6,CVLI recente na janela de 30 dias,20.0,Atividade recente e vizinhança: 50.0% | Sinal neural do ST-GAT: 22.6% | CVLI recente na janela de 30 dias: 20.0%,"PARAIPABA aparece na posição 4 de 19, com risco 30.3 e nível baixo; é prioridade imediata de acompanhamento.","O peso principal vem de atividade recente e vizinhança, com suporte territorial de 100.0% e 1 registros recentes na janela de 30 dias.",Leitura sensível a ruído; requer conferência adicional antes de decisão forte.,"O território se diferencia do bloco intermediário, mas sem isolamento absoluto.","Verificar eventos recentes, pressão territorial e coerência com inteligência local antes da próxima atualização do ranking."
2026-06-12T16:15:52,2026-06-12,src/core/orchestrator.py:get_combined_risk,cities_rmf_top20,5,ITAITINGA,ITAITINGA,rmf,cidade,25.75,baixo,66.1,baixa,69.1,moderada,1,1,26.0,11.9,0.0,50.0,6.7,100.0,15.0,100.0,0.5,77.8,30,14,False,stable,Atividade recente e vizinhança,50.0,CVLI recente na janela de 30 dias,20.0,Sinal neural do ST-GAT,11.9,Atividade recente e vizinhança: 50.0% | CVLI recente na janela de 30 dias: 20.0% | Sinal neural do ST-GAT: 11.9%,"ITAITINGA aparece na posição 5 de 19, com risco 25.8 e nível baixo; é prioridade imediata de acompanhamento.","O peso principal vem de atividade recente e vizinhança, com suporte territorial de 100.0% e 1 registros recentes na janela de 30 dias.",Leitura sensível a ruído; requer conferência adicional antes de decisão forte.,O território está próximo de pares vizinhos e pode oscilar no próximo ciclo.,"Verificar eventos recentes, pressão territorial e coerência com inteligência local antes da próxima atualização do ranking."
2026-06-12T16:15:52,2026-06-12,src/core/orchestrator.py:get_combined_risk,cities_rmf_top20,6,MARACANAU,MARACANAU,rmf,cidade,12.56,baixo,38.4,muito baixa,63.2,moderada,0,0,626.0,27.6,20.0,0.0,46.7,20.0,100.0,0.0,-0.03,72.2,30,14,False,stable,Sinal neural do ST-GAT,27.6,Tensão territorial,20.0,Atividade recente e vizinhança,0.0,Sinal neural do ST-GAT: 27.6% | Tensão territorial: 20.0% | Atividade recente e vizinhança: 0.0%,"MARACANAU aparece na posição 6 de 19, com risco 12.6 e nível baixo; é prioridade alta de acompanhamento.","O peso principal vem de sinal neural do st-gat, com suporte territorial de 20.0% e 0 registros recentes na janela de 30 dias.",Leitura sensível a ruído; requer conferência adicional antes de decisão forte.,O território está próximo de pares vizinhos e pode oscilar no próximo ciclo.,"Verificar eventos recentes, pressão territorial e coerência com inteligência local antes da próxima atualização do ranking."
2026-06-12T16:15:52,2026-06-12,src/core/orchestrator.py:get_combined_risk,cities_rmf_top20,7,HORIZONTE,HORIZONTE,rmf,cidade,0.81,baixo,35.2,muito baixa,57.6,moderada,0,0,128.0,2.1,0.0,0.0,46.7,20.0,100.0,0.0,-0.51,66.7,30,14,False,stable,Sinal neural do ST-GAT,2.1,Tensão territorial,0.0,Atividade recente e vizinhança,0.0,Sinal neural do ST-GAT: 2.1% | Tensão territorial: 0.0% | Atividade recente e vizinhança: 0.0%,"HORIZONTE aparece na posição 7 de 19, com risco 0.8 e nível baixo; é prioridade alta de acompanhamento.","O peso principal vem de sinal neural do st-gat, com suporte territorial de 20.0% e 0 registros recentes na janela de 30 dias.",Leitura sensível a ruído; requer conferência adicional antes de decisão forte.,O território está próximo de pares vizinhos e pode oscilar no próximo ciclo.,"Verificar eventos recentes, pressão territorial e coerência com inteligência local antes da próxima atualização do ranking."
2026-06-12T16:15:52,2026-06-12,src/core/orchestrator.py:get_combined_risk,cities_rmf_top20,8,SAO GONCALO DO AMARANTE,SAO GONCALO DO AMARANTE,rmf,cidade,0.81,baixo,30.2,muito baixa,54.2,moderada,0,0,1.0,2.1,0.0,0.0,46.7,0.0,0.0,0.0,-0.51,61.1,30,14,False,stable,Sinal neural do ST-GAT,2.1,Tensão territorial,0.0,Atividade recente e vizinhança,0.0,Sinal neural do ST-GAT: 2.1% | Tensão territorial: 0.0% | Atividade recente e vizinhança: 0.0%,"SAO GONCALO DO AMARANTE aparece na posição 8 de 19, com risco 0.8 e nível baixo; é prioridade alta de acompanhamento.","O peso principal vem de sinal neural do st-gat, com suporte territorial de 0.0% e 0 registros recentes na janela de 30 dias.",Leitura sensível a ruído; requer conferência adicional antes de decisão forte.,O território está próximo de pares vizinhos e pode oscilar no próximo ciclo.,"Verificar eventos recentes, pressão territorial e coerência com inteligência local antes da próxima atualização do ranking."
2026-06-12T16:15:52,2026-06-12,src/core/orchestrator.py:get_combined_risk,cities_rmf_top20,9,PACATUBA,PACATUBA,rmf,cidade,0.03,baixo,47.5,muito baixa,50.8,moderada,0,1,58.0,0.1,0.0,0.0,46.7,50.0,95.0,50.0,-0.54,55.6,30,14,False,stable,CVLI recente na janela de 30 dias,20.0,Sinal neural do ST-GAT,0.1,Tensão territorial,0.0,CVLI recente na janela de 30 dias: 20.0% | Sinal neural do ST-GAT: 0.1% | Tensão territorial: 0.0%,"PACATUBA aparece na posição 9 de 19, com risco 0.0 e nível baixo; é prioridade alta de acompanhamento.","O peso principal vem de cvli recente na janela de 30 dias, com suporte territorial de 50.0% e 1 registros recentes na janela de 30 dias.",Leitura sensível a ruído; requer conferência adicional antes de decisão forte.,O território está próximo de pares vizinhos e pode oscilar no próximo ciclo.,"Verificar eventos recentes, pressão territorial e coerência com inteligência local antes da próxima atualização do ranking."
2026-06-12T16:15:52,2026-06-12,src/core/orchestrator.py:get_combined_risk,cities_rmf_top20,10,GUAIUBA,GUAIUBA,rmf,cidade,0.03,baixo,47.5,muito baixa,47.4,baixa,0,1,13.0,0.1,0.0,0.0,46.7,50.0,0.0,50.0,-0.54,50.0,30,14,False,stable,CVLI recente na janela de 30 dias,20.0,Sinal neural do ST-GAT,0.1,Tensão territorial,0.0,CVLI recente na janela de 30 dias: 20.0% | Sinal neural do ST-GAT: 0.1% | Tensão territorial: 0.0%,"GUAIUBA aparece na posição 10 de 19, com risco 0.0 e nível baixo; é prioridade alta de acompanhamento.","O peso principal vem de cvli recente na janela de 30 dias, com suporte territorial de 50.0% e 1 registros recentes na janela de 30 dias.",Leitura sensível a ruído; requer conferência adicional antes de decisão forte.,O território está próximo de pares vizinhos e pode oscilar no próximo ciclo.,"Verificar eventos recentes, pressão territorial e coerência com inteligência local antes da próxima atualização do ranking."
2026-06-12T16:15:52,2026-06-12,src/core/orchestrator.py:get_combined_risk,cities_rmf_top20,11,CHOROZINHO,CHOROZINHO,rmf,cidade,0.0,baixo,30.0,muito baixa,44.0,baixa,0,0,15.0,0.0,0.0,0.0,46.7,0.0,0.0,0.0,-0.54,44.4,30,14,False,stable,Sinal neural do ST-GAT,0.0,Tensão territorial,0.0,Atividade recente e vizinhança,0.0,Sinal neural do ST-GAT: 0.0% | Tensão territorial: 0.0% | Atividade recente e vizinhança: 0.0%,"CHOROZINHO aparece na posição 11 de 19, com risco 0.0 e nível baixo; é território de atenção tática.","O peso principal vem de sinal neural do st-gat, com suporte territorial de 0.0% e 0 registros recentes na janela de 30 dias.",Leitura sensível a ruído; requer conferência adicional antes de decisão forte.,O território está próximo de pares vizinhos e pode oscilar no próximo ciclo.,"Verificar eventos recentes, pressão territorial e coerência com inteligência local antes da próxima atualização do ranking."
2026-06-12T16:15:52,2026-06-12,src/core/orchestrator.py:get_combined_risk,cities_rmf_top20,12,SAO LUIS DO CURU,SAO LUIS DO CURU,rmf,cidade,0.0,baixo,30.4,muito baixa,40.7,baixa,0,0,23.0,0.0,0.0,0.0,46.7,1.5,7.5,0.0,-0.54,38.9,30,14,False,stable,Sinal neural do ST-GAT,0.0,Tensão territorial,0.0,Atividade recente e vizinhança,0.0,Sinal neural do ST-GAT: 0.0% | Tensão territorial: 0.0% | Atividade recente e vizinhança: 0.0%,"SAO LUIS DO CURU aparece na posição 12 de 19, com risco 0.0 e nível baixo; é território de atenção tática.","O peso principal vem de sinal neural do st-gat, com suporte territorial de 1.5% e 0 registros recentes na janela de 30 dias.",Leitura sensível a ruído; requer conferência adicional antes de decisão forte.,O território está próximo de pares vizinhos e pode oscilar no próximo ciclo.,"Verificar eventos recentes, pressão territorial e coerência com inteligência local antes da próxima atualização do ranking."
2026-06-12T16:15:52,2026-06-12,src/core/orchestrator.py:get_combined_risk,cities_rmf_top20,13,MARANGUAPE,MARANGUAPE,rmf,cidade,0.0,baixo,30.0,muito baixa,37.4,baixa,0,0,9.0,0.0,0.0,0.0,46.7,0.0,0.0,0.0,-0.54,33.3,30,14,False,stable,Sinal neural do ST-GAT,0.0,Tensão territorial,0.0,Atividade recente e vizinhança,0.0,Sinal neural do ST-GAT: 0.0% | Tensão territorial: 0.0% | Atividade recente e vizinhança: 0.0%,"MARANGUAPE aparece na posição 13 de 19, com risco 0.0 e nível baixo; é território de atenção tática.","O peso principal vem de sinal neural do st-gat, com suporte territorial de 0.0% e 0 registros recentes na janela de 30 dias.",Leitura sensível a ruído; requer conferência adicional antes de decisão forte.,O território está próximo de pares vizinhos e pode oscilar no próximo ciclo.,"Verificar eventos recentes, pressão territorial e coerência com inteligência local antes da próxima atualização do ranking."
2026-06-12T16:15:52,2026-06-12,src/core/orchestrator.py:get_combined_risk,cities_rmf_top20,14,PARACURU,PARACURU,rmf,cidade,0.0,baixo,30.0,muito baixa,34.1,baixa,0,0,19.0,0.0,0.0,0.0,46.7,0.0,0.0,0.0,-0.54,27.8,30,14,False,stable,Sinal neural do ST-GAT,0.0,Tensão territorial,0.0,Atividade recente e vizinhança,0.0,Sinal neural do ST-GAT: 0.0% | Tensão territorial: 0.0% | Atividade recente e vizinhança: 0.0%,"PARACURU aparece na posição 14 de 19, com risco 0.0 e nível baixo; é território de atenção tática.","O peso principal vem de sinal neural do st-gat, com suporte territorial de 0.0% e 0 registros recentes na janela de 30 dias.",Leitura sensível a ruído; requer conferência adicional antes de decisão forte.,O território está próximo de pares vizinhos e pode oscilar no próximo ciclo.,"Verificar eventos recentes, pressão territorial e coerência com inteligência local antes da próxima atualização do ranking."
2026-06-12T16:15:52,2026-06-12,src/core/orchestrator.py:get_combined_risk,cities_rmf_top20,15,AQUIRAZ,AQUIRAZ,rmf,cidade,0.0,baixo,30.0,muito baixa,30.7,baixa,0,0,20.0,0.0,0.0,0.0,46.7,0.0,0.0,0.0,-0.54,22.2,30,14,False,stable,Sinal neural do ST-GAT,0.0,Tensão territorial,0.0,Atividade recente e vizinhança,0.0,Sinal neural do ST-GAT: 0.0% | Tensão territorial: 0.0% | Atividade recente e vizinhança: 0.0%,"AQUIRAZ aparece na posição 15 de 19, com risco 0.0 e nível baixo; é território de atenção tática.","O peso principal vem de sinal neural do st-gat, com suporte territorial de 0.0% e 0 registros recentes na janela de 30 dias.",Leitura sensível a ruído; requer conferência adicional antes de decisão forte.,O território está próximo de pares vizinhos e pode oscilar no próximo ciclo.,"Verificar eventos recentes, pressão territorial e coerência com inteligência local antes da próxima atualização do ranking."
2026-06-12T16:15:52,2026-06-12,src/core/orchestrator.py:get_combined_risk,cities_rmf_top20,16,PACAJUS,PACAJUS,rmf,cidade,0.0,baixo,35.0,muito baixa,27.4,baixa,0,0,104.0,0.0,0.0,0.0,46.7,20.0,100.0,0.0,-0.54,16.7,30,14,False,stable,Sinal neural do ST-GAT,0.0,Tensão territorial,0.0,Atividade recente e vizinhança,0.0,Sinal neural do ST-GAT: 0.0% | Tensão territorial: 0.0% | Atividade recente e vizinhança: 0.0%,"PACAJUS aparece na posição 16 de 19, com risco 0.0 e nível baixo; é território de atenção tática.","O peso principal vem de sinal neural do st-gat, com suporte territorial de 20.0% e 0 registros recentes na janela de 30 dias.",Leitura sensível a ruído; requer conferência adicional antes de decisão forte.,O território está próximo de pares vizinhos e pode oscilar no próximo ciclo.,"Verificar eventos recentes, pressão territorial e coerência com inteligência local antes da próxima atualização do ranking."
2026-06-12T16:15:52,2026-06-12,src/core/orchestrator.py:get_combined_risk,cities_rmf_top20,17,PINDORETAMA,PINDORETAMA,rmf,cidade,0.0,baixo,32.8,muito baixa,24.0,baixa,0,0,42.0,0.0,0.0,0.0,46.7,11.0,55.0,0.0,-0.54,11.1,30,14,False,stable,Sinal neural do ST-GAT,0.0,Tensão territorial,0.0,Atividade recente e vizinhança,0.0,Sinal neural do ST-GAT: 0.0% | Tensão territorial: 0.0% | Atividade recente e vizinhança: 0.0%,"PINDORETAMA aparece na posição 17 de 19, com risco 0.0 e nível baixo; é território de atenção tática.","O peso principal vem de sinal neural do st-gat, com suporte territorial de 11.0% e 0 registros recentes na janela de 30 dias.",Leitura sensível a ruído; requer conferência adicional antes de decisão forte.,O território está próximo de pares vizinhos e pode oscilar no próximo ciclo.,"Verificar eventos recentes, pressão territorial e coerência com inteligência local antes da próxima atualização do ranking."
2026-06-12T16:15:52,2026-06-12,src/core/orchestrator.py:get_combined_risk,cities_rmf_top20,18,BEBERIBE,BEBERIBE,rmf,cidade,0.0,baixo,30.0,muito baixa,20.7,baixa,0,0,1.0,0.0,0.0,0.0,46.7,0.0,0.0,0.0,-0.54,5.6,30,14,False,stable,Sinal neural do ST-GAT,0.0,Tensão territorial,0.0,Atividade recente e vizinhança,0.0,Sinal neural do ST-GAT: 0.0% | Tensão territorial: 0.0% | Atividade recente e vizinhança: 0.0%,"BEBERIBE aparece na posição 18 de 19, com risco 0.0 e nível baixo; é território de atenção tática.","O peso principal vem de sinal neural do st-gat, com suporte territorial de 0.0% e 0 registros recentes na janela de 30 dias.",Leitura sensível a ruído; requer conferência adicional antes de decisão forte.,O território está próximo de pares vizinhos e pode oscilar no próximo ciclo.,"Verificar eventos recentes, pressão territorial e coerência com inteligência local antes da próxima atualização do ranking."
2026-06-12T16:15:52,2026-06-12,src/core/orchestrator.py:get_combined_risk,cities_rmf_top20,19,CASCAVEL,CASCAVEL,rmf,cidade,0.0,baixo,30.0,muito baixa,17.4,baixa,0,0,2.0,0.0,0.0,0.0,46.7,0.0,0.0,0.0,-0.54,0.0,30,14,False,stable,Sinal neural do ST-GAT,0.0,Tensão territorial,0.0,Atividade recente e vizinhança,0.0,Sinal neural do ST-GAT: 0.0% | Tensão territorial: 0.0% | Atividade recente e vizinhança: 0.0%,"CASCAVEL aparece na posição 19 de 19, com risco 0.0 e nível baixo; é território de atenção tática.","O peso principal vem de sinal neural do st-gat, com suporte territorial de 0.0% e 0 registros recentes na janela de 30 dias.",Leitura sensível a ruído; requer conferência adicional antes de decisão forte.,O território está próximo de pares vizinhos e pode oscilar no próximo ciclo.,"Verificar eventos recentes, pressão territorial e coerência com inteligência local antes da próxima atualização do ranking."
2026-06-12T16:15:52,2026-06-12,src/core/orchestrator.py:get_combined_risk,cities_interior_top30,1,JUAZEIRO DO NORTE,JUAZEIRO DO NORTE,interior,cidade,81.5,crítico,90.0,alta,97.0,muito alta,2,2,136.0,100.0,100.0,100.0,20.0,100.0,100.0,100.0,3.54,100.0,14,14,False,stable,Atividade recente e vizinhança,100.0,Sinal neural do ST-GAT,100.0,Tensão territorial,100.0,Atividade recente e vizinhança: 100.0% | Sinal neural do ST-GAT: 100.0% | Tensão territorial: 100.0%,"JUAZEIRO DO NORTE aparece na posição 1 de 50, com risco 81.5 e nível crítico; é prioridade imediata de acompanhamento.","O peso principal vem de atividade recente e vizinhança, com suporte territorial de 100.0% e 2 registros recentes na janela de 30 dias.",Leitura com boa sustentação dos sinais atuais.,O território está bem destacado no ranking frente aos pares.,"Verificar eventos recentes, pressão territorial e coerência com inteligência local antes da próxima atualização do ranking."
2026-06-12T16:15:52,2026-06-12,src/core/orchestrator.py:get_combined_risk,cities_interior_top30,2,FORQUILHA,FORQUILHA,interior,cidade,62.09,alto,78.2,moderada,89.6,muito alta,1,1,13.0,96.5,100.0,50.0,10.0,100.0,0.0,100.0,2.25,98.0,14,14,False,stable,Tensão territorial,100.0,Sinal neural do ST-GAT,96.5,Atividade recente e vizinhança,50.0,Tensão territorial: 100.0% | Sinal neural do ST-GAT: 96.5% | Atividade recente e vizinhança: 50.0%,"FORQUILHA aparece na posição 2 de 50, com risco 62.1 e nível alto; é prioridade imediata de acompanhamento.","O peso principal vem de tensão territorial, com suporte territorial de 100.0% e 1 registros recentes na janela de 30 dias.","Leitura consistente, mas ainda pede validação operacional pontual.",O território está bem destacado no ranking frente aos pares.,"Verificar eventos recentes, pressão territorial e coerência com inteligência local antes da próxima atualização do ranking."
2026-06-12T16:15:52,2026-06-12,src/core/orchestrator.py:get_combined_risk,cities_interior_top30,3,SOLONOPOLE,SOLONOPOLE,interior,cidade,60.82,alto,78.5,moderada,88.0,muito alta,1,1,20.0,91.1,100.0,50.0,6.7,100.0,0.0,100.0,2.17,95.9,14,14,False,stable,Tensão territorial,100.0,Sinal neural do ST-GAT,91.1,Atividade recente e vizinhança,50.0,Tensão territorial: 100.0% | Sinal neural do ST-GAT: 91.1% | Atividade recente e vizinhança: 50.0%,"SOLONOPOLE aparece na posição 3 de 50, com risco 60.8 e nível alto; é prioridade imediata de acompanhamento.","O peso principal vem de tensão territorial, com suporte territorial de 100.0% e 1 registros recentes na janela de 30 dias.","Leitura consistente, mas ainda pede validação operacional pontual.",O território está bem destacado no ranking frente aos pares.,"Verificar eventos recentes, pressão territorial e coerência com inteligência local antes da próxima atualização do ranking."
2026-06-12T16:15:52,2026-06-12,src/core/orchestrator.py:get_combined_risk,cities_interior_top30,4,GRACA,GRACA,interior,cidade,60.24,alto,78.4,moderada,86.6,muito alta,1,1,15.0,92.6,100.0,50.0,13.3,100.0,0.0,100.0,2.13,93.9,14,14,False,stable,Tensão territorial,100.0,Sinal neural do ST-GAT,92.6,Atividade recente e vizinhança,50.0,Tensão territorial: 100.0% | Sinal neural do ST-GAT: 92.6% | Atividade recente e vizinhança: 50.0%,"GRACA aparece na posição 4 de 50, com risco 60.2 e nível alto; é prioridade imediata de acompanhamento.","O peso principal vem de tensão territorial, com suporte territorial de 100.0% e 1 registros recentes na janela de 30 dias.","Leitura consistente, mas ainda pede validação operacional pontual.",O território está bem destacado no ranking frente aos pares.,"Verificar eventos recentes, pressão territorial e coerência com inteligência local antes da próxima atualização do ranking."
2026-06-12T16:15:52,2026-06-12,src/core/orchestrator.py:get_combined_risk,cities_interior_top30,5,ITAPIUNA,ITAPIUNA,interior,cidade,55.85,alto,78.2,moderada,83.9,alta,1,1,20.0,96.3,100.0,50.0,46.7,100.0,0.0,100.0,1.84,91.8,14,14,False,stable,Tensão territorial,100.0,Sinal neural do ST-GAT,96.3,Atividade recente e vizinhança,50.0,Tensão territorial: 100.0% | Sinal neural do ST-GAT: 96.3% | Atividade recente e vizinhança: 50.0%,"ITAPIUNA aparece na posição 5 de 50, com risco 55.9 e nível alto; é prioridade imediata de acompanhamento.","O peso principal vem de tensão territorial, com suporte territorial de 100.0% e 1 registros recentes na janela de 30 dias.","Leitura consistente, mas ainda pede validação operacional pontual.","O território se diferencia do bloco intermediário, mas sem isolamento absoluto.","Verificar eventos recentes, pressão territorial e coerência com inteligência local antes da próxima atualização do ranking."
2026-06-12T16:15:52,2026-06-12,src/core/orchestrator.py:get_combined_risk,cities_interior_top30,6,TIANGUA,TIANGUA,interior,cidade,55.7,alto,78.2,moderada,82.7,alta,1,1,77.0,95.8,100.0,50.0,46.7,100.0,100.0,100.0,1.83,89.8,14,14,False,stable,Tensão territorial,100.0,Sinal neural do ST-GAT,95.8,Atividade recente e vizinhança,50.0,Tensão territorial: 100.0% | Sinal neural do ST-GAT: 95.8% | Atividade recente e vizinhança: 50.0%,"TIANGUA aparece na posição 6 de 50, com risco 55.7 e nível alto; é prioridade alta de acompanhamento.","O peso principal vem de tensão territorial, com suporte territorial de 100.0% e 1 registros recentes na janela de 30 dias.","Leitura consistente, mas ainda pede validação operacional pontual.","O território se diferencia do bloco intermediário, mas sem isolamento absoluto.","Verificar eventos recentes, pressão territorial e coerência com inteligência local antes da próxima atualização do ranking."
2026-06-12T16:15:52,2026-06-12,src/core/orchestrator.py:get_combined_risk,cities_interior_top30,7,GROAIRAS,GROAIRAS,interior,cidade,52.87,alto,78.7,moderada,80.6,alta,1,1,46.0,85.2,100.0,50.0,46.7,100.0,65.0,100.0,1.64,87.8,14,14,False,stable,Tensão territorial,100.0,Sinal neural do ST-GAT,85.2,Atividade recente e vizinhança,50.0,Tensão territorial: 100.0% | Sinal neural do ST-GAT: 85.2% | Atividade recente e vizinhança: 50.0%,"GROAIRAS aparece na posição 7 de 50, com risco 52.9 e nível alto; é prioridade alta de acompanhamento.","O peso principal vem de tensão territorial, com suporte territorial de 100.0% e 1 registros recentes na janela de 30 dias.","Leitura consistente, mas ainda pede validação operacional pontual.","O território se diferencia do bloco intermediário, mas sem isolamento absoluto.","Verificar eventos recentes, pressão territorial e coerência com inteligência local antes da próxima atualização do ranking."
2026-06-12T16:15:52,2026-06-12,src/core/orchestrator.py:get_combined_risk,cities_interior_top30,8,ITAPAJE,ITAPAJE,interior,cidade,51.52,alto,78.8,moderada,78.9,alta,1,1,44.0,80.2,100.0,50.0,46.7,100.0,60.0,100.0,1.55,85.7,14,14,False,stable,Tensão territorial,100.0,Sinal neural do ST-GAT,80.2,Atividade recente e vizinhança,50.0,Tensão territorial: 100.0% | Sinal neural do ST-GAT: 80.2% | Atividade recente e vizinhança: 50.0%,"ITAPAJE aparece na posição 8 de 50, com risco 51.5 e nível alto; é prioridade alta de acompanhamento.","O peso principal vem de tensão territorial, com suporte territorial de 100.0% e 1 registros recentes na janela de 30 dias.","Leitura consistente, mas ainda pede validação operacional pontual.","O território se diferencia do bloco intermediário, mas sem isolamento absoluto.","Verificar eventos recentes, pressão territorial e coerência com inteligência local antes da próxima atualização do ranking."
2026-06-12T16:15:52,2026-06-12,src/core/orchestrator.py:get_combined_risk,cities_interior_top30,9,IGUATU,IGUATU,interior,cidade,24.81,baixo,45.4,muito baixa,69.2,moderada,0,0,81.0,85.0,20.0,0.0,46.7,20.0,100.0,0.0,-0.21,83.7,14,14,False,stable,Sinal neural do ST-GAT,85.0,Tensão territorial,20.0,Atividade recente e vizinhança,0.0,Sinal neural do ST-GAT: 85.0% | Tensão territorial: 20.0% | Atividade recente e vizinhança: 0.0%,"IGUATU aparece na posição 9 de 50, com risco 24.8 e nível baixo; é prioridade alta de acompanhamento.","O peso principal vem de sinal neural do st-gat, com suporte territorial de 20.0% e 0 registros recentes na janela de 30 dias.",Leitura sensível a ruído; requer conferência adicional antes de decisão forte.,O território está próximo de pares vizinhos e pode oscilar no próximo ciclo.,"Verificar eventos recentes, pressão territorial e coerência com inteligência local antes da próxima atualização do ranking."
2026-06-12T16:15:52,2026-06-12,src/core/orchestrator.py:get_combined_risk,cities_interior_top30,10,BATURITE,BATURITE,interior,cidade,24.81,baixo,45.4,muito baixa,67.9,moderada,0,0,61.0,85.0,20.0,0.0,46.7,20.0,100.0,0.0,-0.21,81.6,14,14,False,stable,Sinal neural do ST-GAT,85.0,Tensão territorial,20.0,Atividade recente e vizinhança,0.0,Sinal neural do ST-GAT: 85.0% | Tensão territorial: 20.0% | Atividade recente e vizinhança: 0.0%,"BATURITE aparece na posição 10 de 50, com risco 24.8 e nível baixo; é prioridade alta de acompanhamento.","O peso principal vem de sinal neural do st-gat, com suporte territorial de 20.0% e 0 registros recentes na janela de 30 dias.",Leitura sensível a ruído; requer conferência adicional antes de decisão forte.,O território está próximo de pares vizinhos e pode oscilar no próximo ciclo.,"Verificar eventos recentes, pressão territorial e coerência com inteligência local antes da próxima atualização do ranking."
2026-06-12T16:15:52,2026-06-12,src/core/orchestrator.py:get_combined_risk,cities_interior_top30,11,SOBRAL,SOBRAL,interior,cidade,24.34,baixo,45.2,muito baixa,66.6,moderada,0,0,64.0,83.2,20.0,0.0,46.7,20.0,100.0,0.0,-0.24,79.6,14,14,False,stable,Sinal neural do ST-GAT,83.2,Tensão territorial,20.0,Atividade recente e vizinhança,0.0,Sinal neural do ST-GAT: 83.2% | Tensão territorial: 20.0% | Atividade recente e vizinhança: 0.0%,"SOBRAL aparece na posição 11 de 50, com risco 24.3 e nível baixo; é território de atenção tática.","O peso principal vem de sinal neural do st-gat, com suporte territorial de 20.0% e 0 registros recentes na janela de 30 dias.",Leitura sensível a ruído; requer conferência adicional antes de decisão forte.,O território está próximo de pares vizinhos e pode oscilar no próximo ciclo.,"Verificar eventos recentes, pressão territorial e coerência com inteligência local antes da próxima atualização do ranking."
2026-06-12T16:15:52,2026-06-12,src/core/orchestrator.py:get_combined_risk,cities_interior_top30,12,LIMOEIRO DO NORTE,LIMOEIRO DO NORTE,interior,cidade,23.81,baixo,42.4,muito baixa,65.2,moderada,0,0,40.0,85.0,10.0,0.0,46.7,10.0,50.0,0.0,-0.28,77.6,14,14,False,stable,Sinal neural do ST-GAT,85.0,Tensão territorial,10.0,Atividade recente e vizinhança,0.0,Sinal neural do ST-GAT: 85.0% | Tensão territorial: 10.0% | Atividade recente e vizinhança: 0.0%,"LIMOEIRO DO NORTE aparece na posição 12 de 50, com risco 23.8 e nível baixo; é território de atenção tática.","O peso principal vem de sinal neural do st-gat, com suporte territorial de 10.0% e 0 registros recentes na janela de 30 dias.",Leitura sensível a ruído; requer conferência adicional antes de decisão forte.,O território está próximo de pares vizinhos e pode oscilar no próximo ciclo.,"Verificar eventos recentes, pressão territorial e coerência com inteligência local antes da próxima atualização do ranking."
2026-06-12T16:15:52,2026-06-12,src/core/orchestrator.py:get_combined_risk,cities_interior_top30,13,ARATUBA,ARATUBA,interior,cidade,23.41,baixo,41.1,muito baixa,63.8,moderada,0,0,32.0,85.0,6.0,0.0,46.7,6.0,30.0,0.0,-0.3,75.5,14,14,False,stable,Sinal neural do ST-GAT,85.0,Tensão territorial,6.0,Atividade recente e vizinhança,0.0,Sinal neural do ST-GAT: 85.0% | Tensão territorial: 6.0% | Atividade recente e vizinhança: 0.0%,"ARATUBA aparece na posição 13 de 50, com risco 23.4 e nível baixo; é território de atenção tática.","O peso principal vem de sinal neural do st-gat, com suporte territorial de 6.0% e 0 registros recentes na janela de 30 dias.",Leitura sensível a ruído; requer conferência adicional antes de decisão forte.,O território está próximo de pares vizinhos e pode oscilar no próximo ciclo.,"Verificar eventos recentes, pressão territorial e coerência com inteligência local antes da próxima atualização do ranking."
2026-06-12T16:15:52,2026-06-12,src/core/orchestrator.py:get_combined_risk,cities_interior_top30,14,URUBURETAMA,URUBURETAMA,interior,cidade,23.25,baixo,39.8,muito baixa,62.6,moderada,0,0,23.0,86.1,1.5,0.0,46.7,1.5,7.5,0.0,-0.31,73.5,14,14,False,stable,Sinal neural do ST-GAT,86.1,Tensão territorial,1.5,Atividade recente e vizinhança,0.0,Sinal neural do ST-GAT: 86.1% | Tensão territorial: 1.5% | Atividade recente e vizinhança: 0.0%,"URUBURETAMA aparece na posição 14 de 50, com risco 23.2 e nível baixo; é território de atenção tática.","O peso principal vem de sinal neural do st-gat, com suporte territorial de 1.5% e 0 registros recentes na janela de 30 dias.",Leitura sensível a ruído; requer conferência adicional antes de decisão forte.,O território está próximo de pares vizinhos e pode oscilar no próximo ciclo.,"Verificar eventos recentes, pressão territorial e coerência com inteligência local antes da próxima atualização do ranking."
2026-06-12T16:15:52,2026-06-12,src/core/orchestrator.py:get_combined_risk,cities_interior_top30,15,CARIRE,CARIRE,interior,cidade,23.19,baixo,39.7,muito baixa,61.3,moderada,0,0,22.0,86.0,1.0,0.0,46.7,1.0,5.0,0.0,-0.32,71.4,14,14,False,stable,Sinal neural do ST-GAT,86.0,Tensão territorial,1.0,Atividade recente e vizinhança,0.0,Sinal neural do ST-GAT: 86.0% | Tensão territorial: 1.0% | Atividade recente e vizinhança: 0.0%,"CARIRE aparece na posição 15 de 50, com risco 23.2 e nível baixo; é território de atenção tática.","O peso principal vem de sinal neural do st-gat, com suporte territorial de 1.0% e 0 registros recentes na janela de 30 dias.",Leitura sensível a ruído; requer conferência adicional antes de decisão forte.,O território está próximo de pares vizinhos e pode oscilar no próximo ciclo.,"Verificar eventos recentes, pressão territorial e coerência com inteligência local antes da próxima atualização do ranking."
2026-06-12T16:15:52,2026-06-12,src/core/orchestrator.py:get_combined_risk,cities_interior_top30,16,MIRAIMA,MIRAIMA,interior,cidade,23.17,baixo,39.4,muito baixa,60.1,moderada,0,0,15.0,86.3,0.0,0.0,46.7,0.0,0.0,0.0,-0.32,69.4,14,14,False,stable,Sinal neural do ST-GAT,86.3,Tensão territorial,0.0,Atividade recente e vizinhança,0.0,Sinal neural do ST-GAT: 86.3% | Tensão territorial: 0.0% | Atividade recente e vizinhança: 0.0%,"MIRAIMA aparece na posição 16 de 50, com risco 23.2 e nível baixo; é território de atenção tática.","O peso principal vem de sinal neural do st-gat, com suporte territorial de 0.0% e 0 registros recentes na janela de 30 dias.",Leitura sensível a ruído; requer conferência adicional antes de decisão forte.,O território está próximo de pares vizinhos e pode oscilar no próximo ciclo.,"Verificar eventos recentes, pressão territorial e coerência com inteligência local antes da próxima atualização do ranking."
2026-06-12T16:15:52,2026-06-12,src/core/orchestrator.py:get_combined_risk,cities_interior_top30,17,SANTANA DO ACARAU,SANTANA DO ACARAU,interior,cidade,23.04,baixo,39.3,muito baixa,58.8,moderada,0,0,9.0,85.9,0.0,0.0,46.7,0.0,0.0,0.0,-0.33,67.3,14,14,False,stable,Sinal neural do ST-GAT,85.9,Tensão territorial,0.0,Atividade recente e vizinhança,0.0,Sinal neural do ST-GAT: 85.9% | Tensão territorial: 0.0% | Atividade recente e vizinhança: 0.0%,"SANTANA DO ACARAU aparece na posição 17 de 50, com risco 23.0 e nível baixo; é território de atenção tática.","O peso principal vem de sinal neural do st-gat, com suporte territorial de 0.0% e 0 registros recentes na janela de 30 dias.",Leitura sensível a ruído; requer conferência adicional antes de decisão forte.,O território está próximo de pares vizinhos e pode oscilar no próximo ciclo.,"Verificar eventos recentes, pressão territorial e coerência com inteligência local antes da próxima atualização do ranking."
2026-06-12T16:15:52,2026-06-12,src/core/orchestrator.py:get_combined_risk,cities_interior_top30,18,NOVA OLINDA,NOVA OLINDA,interior,cidade,22.96,baixo,39.7,muito baixa,57.6,moderada,0,0,23.0,85.0,1.5,0.0,46.7,1.5,7.5,0.0,-0.33,65.3,14,14,False,stable,Sinal neural do ST-GAT,85.0,Tensão territorial,1.5,Atividade recente e vizinhança,0.0,Sinal neural do ST-GAT: 85.0% | Tensão territorial: 1.5% | Atividade recente e vizinhança: 0.0%,"NOVA OLINDA aparece na posição 18 de 50, com risco 23.0 e nível baixo; é território de atenção tática.","O peso principal vem de sinal neural do st-gat, com suporte territorial de 1.5% e 0 registros recentes na janela de 30 dias.",Leitura sensível a ruído; requer conferência adicional antes de decisão forte.,O território está próximo de pares vizinhos e pode oscilar no próximo ciclo.,"Verificar eventos recentes, pressão territorial e coerência com inteligência local antes da próxima atualização do ranking."
2026-06-12T16:15:52,2026-06-12,src/core/orchestrator.py:get_combined_risk,cities_interior_top30,19,VICOSA DO CEARA,VICOSA DO CEARA,interior,cidade,22.91,baixo,39.6,muito baixa,56.4,moderada,0,0,22.0,85.0,1.0,0.0,46.7,1.0,5.0,0.0,-0.34,63.3,14,14,False,stable,Sinal neural do ST-GAT,85.0,Tensão territorial,1.0,Atividade recente e vizinhança,0.0,Sinal neural do ST-GAT: 85.0% | Tensão territorial: 1.0% | Atividade recente e vizinhança: 0.0%,"VICOSA DO CEARA aparece na posição 19 de 50, com risco 22.9 e nível baixo; é território de atenção tática.","O peso principal vem de sinal neural do st-gat, com suporte territorial de 1.0% e 0 registros recentes na janela de 30 dias.",Leitura sensível a ruído; requer conferência adicional antes de decisão forte.,O território está próximo de pares vizinhos e pode oscilar no próximo ciclo.,"Verificar eventos recentes, pressão territorial e coerência com inteligência local antes da próxima atualização do ranking."
2026-06-12T16:15:52,2026-06-12,src/core/orchestrator.py:get_combined_risk,cities_interior_top30,20,CAPISTRANO,CAPISTRANO,interior,cidade,22.86,baixo,39.4,muito baixa,55.1,moderada,0,0,21.0,85.0,0.5,0.0,46.7,0.5,2.5,0.0,-0.34,61.2,14,14,False,stable,Sinal neural do ST-GAT,85.0,Tensão territorial,0.5,Atividade recente e vizinhança,0.0,Sinal neural do ST-GAT: 85.0% | Tensão territorial: 0.5% | Atividade recente e vizinhança: 0.0%,"CAPISTRANO aparece na posição 20 de 50, com risco 22.9 e nível baixo; é território de atenção tática.","O peso principal vem de sinal neural do st-gat, com suporte territorial de 0.5% e 0 registros recentes na janela de 30 dias.",Leitura sensível a ruído; requer conferência adicional antes de decisão forte.,O território está próximo de pares vizinhos e pode oscilar no próximo ciclo.,"Verificar eventos recentes, pressão territorial e coerência com inteligência local antes da próxima atualização do ranking."
2026-06-12T16:15:52,2026-06-12,src/core/orchestrator.py:get_combined_risk,cities_interior_top30,21,ACOPIARA,ACOPIARA,interior,cidade,22.85,baixo,39.2,muito baixa,53.9,moderada,0,0,14.0,85.2,0.0,0.0,46.7,0.0,0.0,0.0,-0.34,59.2,14,14,False,stable,Sinal neural do ST-GAT,85.2,Tensão territorial,0.0,Atividade recente e vizinhança,0.0,Sinal neural do ST-GAT: 85.2% | Tensão territorial: 0.0% | Atividade recente e vizinhança: 0.0%,"ACOPIARA aparece na posição 21 de 50, com risco 22.9 e nível baixo; é território de atenção tática.","O peso principal vem de sinal neural do st-gat, com suporte territorial de 0.0% e 0 registros recentes na janela de 30 dias.",Leitura sensível a ruído; requer conferência adicional antes de decisão forte.,O território está próximo de pares vizinhos e pode oscilar no próximo ciclo.,"Verificar eventos recentes, pressão territorial e coerência com inteligência local antes da próxima atualização do ranking."
2026-06-12T16:15:52,2026-06-12,src/core/orchestrator.py:get_combined_risk,cities_interior_top30,22,CEDRO,CEDRO,interior,cidade,22.85,baixo,39.2,muito baixa,52.6,moderada,0,0,10.0,85.2,0.0,0.0,46.7,0.0,0.0,0.0,-0.34,57.1,14,14,False,stable,Sinal neural do ST-GAT,85.2,Tensão territorial,0.0,Atividade recente e vizinhança,0.0,Sinal neural do ST-GAT: 85.2% | Tensão territorial: 0.0% | Atividade recente e vizinhança: 0.0%,"CEDRO aparece na posição 22 de 50, com risco 22.9 e nível baixo; é território de atenção tática.","O peso principal vem de sinal neural do st-gat, com suporte territorial de 0.0% e 0 registros recentes na janela de 30 dias.",Leitura sensível a ruído; requer conferência adicional antes de decisão forte.,O território está próximo de pares vizinhos e pode oscilar no próximo ciclo.,"Verificar eventos recentes, pressão territorial e coerência com inteligência local antes da próxima atualização do ranking."
2026-06-12T16:15:52,2026-06-12,src/core/orchestrator.py:get_combined_risk,cities_interior_top30,23,JIJOCA DE JERICOACOARA,JIJOCA DE JERICOACOARA,interior,cidade,22.81,baixo,39.2,muito baixa,51.4,moderada,0,0,18.0,85.0,0.0,0.0,46.7,0.0,0.0,0.0,-0.34,55.1,14,14,False,stable,Sinal neural do ST-GAT,85.0,Tensão territorial,0.0,Atividade recente e vizinhança,0.0,Sinal neural do ST-GAT: 85.0% | Tensão territorial: 0.0% | Atividade recente e vizinhança: 0.0%,"JIJOCA DE JERICOACOARA aparece na posição 23 de 50, com risco 22.8 e nível baixo; é território de atenção tática.","O peso principal vem de sinal neural do st-gat, com suporte territorial de 0.0% e 0 registros recentes na janela de 30 dias.",Leitura sensível a ruído; requer conferência adicional antes de decisão forte.,O território está próximo de pares vizinhos e pode oscilar no próximo ciclo.,"Verificar eventos recentes, pressão territorial e coerência com inteligência local antes da próxima atualização do ranking."
2026-06-12T16:15:52,2026-06-12,src/core/orchestrator.py:get_combined_risk,cities_interior_top30,24,CARIRIACU,CARIRIACU,interior,cidade,22.81,baixo,39.2,muito baixa,50.2,moderada,0,0,14.0,85.0,0.0,0.0,46.7,0.0,0.0,0.0,-0.34,53.1,14,14,False,stable,Sinal neural do ST-GAT,85.0,Tensão territorial,0.0,Atividade recente e vizinhança,0.0,Sinal neural do ST-GAT: 85.0% | Tensão territorial: 0.0% | Atividade recente e vizinhança: 0.0%,"CARIRIACU aparece na posição 24 de 50, com risco 22.8 e nível baixo; é território de atenção tática.","O peso principal vem de sinal neural do st-gat, com suporte territorial de 0.0% e 0 registros recentes na janela de 30 dias.",Leitura sensível a ruído; requer conferência adicional antes de decisão forte.,O território está próximo de pares vizinhos e pode oscilar no próximo ciclo.,"Verificar eventos recentes, pressão territorial e coerência com inteligência local antes da próxima atualização do ranking."
2026-06-12T16:15:52,2026-06-12,src/core/orchestrator.py:get_combined_risk,cities_interior_top30,25,GENERAL SAMPAIO,GENERAL SAMPAIO,interior,cidade,22.81,baixo,39.2,muito baixa,48.9,baixa,0,0,14.0,85.0,0.0,0.0,46.7,0.0,0.0,0.0,-0.34,51.0,14,14,False,stable,Sinal neural do ST-GAT,85.0,Tensão territorial,0.0,Atividade recente e vizinhança,0.0,Sinal neural do ST-GAT: 85.0% | Tensão territorial: 0.0% | Atividade recente e vizinhança: 0.0%,"GENERAL SAMPAIO aparece na posição 25 de 50, com risco 22.8 e nível baixo; é território de atenção tática.","O peso principal vem de sinal neural do st-gat, com suporte territorial de 0.0% e 0 registros recentes na janela de 30 dias.",Leitura sensível a ruído; requer conferência adicional antes de decisão forte.,O território está próximo de pares vizinhos e pode oscilar no próximo ciclo.,"Verificar eventos recentes, pressão territorial e coerência com inteligência local antes da próxima atualização do ranking."
2026-06-12T16:15:52,2026-06-12,src/core/orchestrator.py:get_combined_risk,cities_interior_top30,26,OROS,OROS,interior,cidade,22.81,baixo,39.2,muito baixa,47.7,baixa,0,0,12.0,85.0,0.0,0.0,46.7,0.0,0.0,0.0,-0.34,49.0,14,14,False,stable,Sinal neural do ST-GAT,85.0,Tensão territorial,0.0,Atividade recente e vizinhança,0.0,Sinal neural do ST-GAT: 85.0% | Tensão territorial: 0.0% | Atividade recente e vizinhança: 0.0%,"OROS aparece na posição 26 de 50, com risco 22.8 e nível baixo; é território de atenção tática.","O peso principal vem de sinal neural do st-gat, com suporte territorial de 0.0% e 0 registros recentes na janela de 30 dias.",Leitura sensível a ruído; requer conferência adicional antes de decisão forte.,O território está próximo de pares vizinhos e pode oscilar no próximo ciclo.,"Verificar eventos recentes, pressão territorial e coerência com inteligência local antes da próxima atualização do ranking."
2026-06-12T16:15:52,2026-06-12,src/core/orchestrator.py:get_combined_risk,cities_interior_top30,27,ACARAPE,ACARAPE,interior,cidade,22.81,baixo,39.2,muito baixa,46.5,baixa,0,0,11.0,85.0,0.0,0.0,46.7,0.0,0.0,0.0,-0.34,46.9,14,14,False,stable,Sinal neural do ST-GAT,85.0,Tensão territorial,0.0,Atividade recente e vizinhança,0.0,Sinal neural do ST-GAT: 85.0% | Tensão territorial: 0.0% | Atividade recente e vizinhança: 0.0%,"ACARAPE aparece na posição 27 de 50, com risco 22.8 e nível baixo; é território de atenção tática.","O peso principal vem de sinal neural do st-gat, com suporte territorial de 0.0% e 0 registros recentes na janela de 30 dias.",Leitura sensível a ruído; requer conferência adicional antes de decisão forte.,O território está próximo de pares vizinhos e pode oscilar no próximo ciclo.,"Verificar eventos recentes, pressão territorial e coerência com inteligência local antes da próxima atualização do ranking."
2026-06-12T16:15:52,2026-06-12,src/core/orchestrator.py:get_combined_risk,cities_interior_top30,28,MILAGRES,MILAGRES,interior,cidade,22.81,baixo,39.2,muito baixa,45.3,baixa,0,0,12.0,85.0,0.0,0.0,46.7,0.0,0.0,0.0,-0.34,44.9,14,14,False,stable,Sinal neural do ST-GAT,85.0,Tensão territorial,0.0,Atividade recente e vizinhança,0.0,Sinal neural do ST-GAT: 85.0% | Tensão territorial: 0.0% | Atividade recente e vizinhança: 0.0%,"MILAGRES aparece na posição 28 de 50, com risco 22.8 e nível baixo; é território de atenção tática.","O peso principal vem de sinal neural do st-gat, com suporte territorial de 0.0% e 0 registros recentes na janela de 30 dias.",Leitura sensível a ruído; requer conferência adicional antes de decisão forte.,O território está próximo de pares vizinhos e pode oscilar no próximo ciclo.,"Verificar eventos recentes, pressão territorial e coerência com inteligência local antes da próxima atualização do ranking."
2026-06-12T16:15:52,2026-06-12,src/core/orchestrator.py:get_combined_risk,cities_interior_top30,29,BANABUIU,BANABUIU,interior,cidade,22.81,baixo,39.2,muito baixa,44.1,baixa,0,0,11.0,85.0,0.0,0.0,46.7,0.0,0.0,0.0,-0.34,42.9,14,14,False,stable,Sinal neural do ST-GAT,85.0,Tensão territorial,0.0,Atividade recente e vizinhança,0.0,Sinal neural do ST-GAT: 85.0% | Tensão territorial: 0.0% | Atividade recente e vizinhança: 0.0%,"BANABUIU aparece na posição 29 de 50, com risco 22.8 e nível baixo; é território de atenção tática.","O peso principal vem de sinal neural do st-gat, com suporte territorial de 0.0% e 0 registros recentes na janela de 30 dias.",Leitura sensível a ruído; requer conferência adicional antes de decisão forte.,O território está próximo de pares vizinhos e pode oscilar no próximo ciclo.,"Verificar eventos recentes, pressão territorial e coerência com inteligência local antes da próxima atualização do ranking."
2026-06-12T16:15:52,2026-06-12,src/core/orchestrator.py:get_combined_risk,cities_interior_top30,30,ITAREMA,ITAREMA,interior,cidade,22.81,baixo,39.2,muito baixa,42.8,baixa,0,0,10.0,85.0,0.0,0.0,46.7,0.0,0.0,0.0,-0.34,40.8,14,14,False,stable,Sinal neural do ST-GAT,85.0,Tensão territorial,0.0,Atividade recente e vizinhança,0.0,Sinal neural do ST-GAT: 85.0% | Tensão territorial: 0.0% | Atividade recente e vizinhança: 0.0%,"ITAREMA aparece na posição 30 de 50, com risco 22.8 e nível baixo; é território de atenção tática.","O peso principal vem de sinal neural do st-gat, com suporte territorial de 0.0% e 0 registros recentes na janela de 30 dias.",Leitura sensível a ruído; requer conferência adicional antes de decisão forte.,O território está próximo de pares vizinhos e pode oscilar no próximo ciclo.,"Verificar eventos recentes, pressão territorial e coerência com inteligência local antes da próxima atualização do ranking."
2026-06-12T16:15:52,2026-06-12,src/core/orchestrator.py:get_combined_risk,fortaleza_bairros_top30,1,ANCURI,ANCURI,fortaleza,bairro,90.57,crítico,92.7,alta,100.0,muito alta,2,3,36.0,83.9,100.0,100.0,6.7,100.0,40.0,100.0,5.44,100.0,30,120,False,stable,Atividade recente e vizinhança,100.0,Tensão territorial,100.0,Sinal neural do ST-GAT,83.9,Atividade recente e vizinhança: 100.0% | Tensão territorial: 100.0% | Sinal neural do ST-GAT: 83.9%,"ANCURI aparece na posição 1 de 109, com risco 90.6 e nível crítico; é prioridade imediata de acompanhamento.","O peso principal vem de atividade recente e vizinhança, com suporte territorial de 100.0% e 3 registros recentes na janela de 30 dias.",Leitura com boa sustentação dos sinais atuais.,O território está bem destacado no ranking frente aos pares.,"Verificar eventos recentes, pressão territorial e coerência com inteligência local antes da próxima atualização do ranking."
2026-06-12T16:15:52,2026-06-12,src/core/orchestrator.py:get_combined_risk,fortaleza_bairros_top30,2,ALVARO WEYNE,ALVARO WEYNE,fortaleza,bairro,81.9,crítico,90.9,alta,99.5,muito alta,2,3,28.0,70.9,100.0,100.0,20.0,100.0,20.0,100.0,4.85,99.1,30,120,False,stable,Atividade recente e vizinhança,100.0,Tensão territorial,100.0,Sinal neural do ST-GAT,70.9,Atividade recente e vizinhança: 100.0% | Tensão territorial: 100.0% | Sinal neural do ST-GAT: 70.9%,"ALVARO WEYNE aparece na posição 2 de 109, com risco 81.9 e nível crítico; é prioridade imediata de acompanhamento.","O peso principal vem de atividade recente e vizinhança, com suporte territorial de 100.0% e 3 registros recentes na janela de 30 dias.",Leitura com boa sustentação dos sinais atuais.,O território está bem destacado no ranking frente aos pares.,"Verificar eventos recentes, pressão territorial e coerência com inteligência local antes da próxima atualização do ranking."
2026-06-12T16:15:52,2026-06-12,src/core/orchestrator.py:get_combined_risk,fortaleza_bairros_top30,3,BARRA DO CEARA,BARRA DO CEARA,fortaleza,bairro,75.0,crítico,82.9,moderada,98.9,muito alta,1,2,137.0,100.0,100.0,50.0,20.0,100.0,100.0,100.0,4.37,98.1,30,120,False,stable,Sinal neural do ST-GAT,100.0,Tensão territorial,100.0,Atividade recente e vizinhança,50.0,Sinal neural do ST-GAT: 100.0% | Tensão territorial: 100.0% | Atividade recente e vizinhança: 50.0%,"BARRA DO CEARA aparece na posição 3 de 109, com risco 75.0 e nível crítico; é prioridade imediata de acompanhamento.","O peso principal vem de sinal neural do st-gat, com suporte territorial de 100.0% e 2 registros recentes na janela de 30 dias.","Leitura consistente, mas ainda pede validação operacional pontual.",O território está bem destacado no ranking frente aos pares.,"Verificar eventos recentes, pressão territorial e coerência com inteligência local antes da próxima atualização do ranking."
2026-06-12T16:15:52,2026-06-12,src/core/orchestrator.py:get_combined_risk,fortaleza_bairros_top30,4,MESSEJANA,MESSEJANA,fortaleza,bairro,55.58,alto,78.6,moderada,92.9,muito alta,1,1,116.0,62.6,100.0,50.0,36.7,100.0,100.0,100.0,3.04,97.2,30,120,False,stable,Tensão territorial,100.0,Sinal neural do ST-GAT,62.6,Atividade recente e vizinhança,50.0,Tensão territorial: 100.0% | Sinal neural do ST-GAT: 62.6% | Atividade recente e vizinhança: 50.0%,"MESSEJANA aparece na posição 4 de 109, com risco 55.6 e nível alto; é prioridade imediata de acompanhamento.","O peso principal vem de tensão territorial, com suporte territorial de 100.0% e 1 registros recentes na janela de 30 dias.","Leitura consistente, mas ainda pede validação operacional pontual.",O território está bem destacado no ranking frente aos pares.,"Verificar eventos recentes, pressão territorial e coerência com inteligência local antes da próxima atualização do ranking."
2026-06-12T16:15:52,2026-06-12,src/core/orchestrator.py:get_combined_risk,fortaleza_bairros_top30,5,AUTRAN NUNES,AUTRAN NUNES,fortaleza,bairro,51.01,alto,77.9,moderada,90.8,muito alta,1,1,17.0,49.4,100.0,50.0,30.0,100.0,0.0,100.0,2.72,96.3,30,120,False,stable,Tensão territorial,100.0,Atividade recente e vizinhança,50.0,Sinal neural do ST-GAT,49.4,Tensão territorial: 100.0% | Atividade recente e vizinhança: 50.0% | Sinal neural do ST-GAT: 49.4%,"AUTRAN NUNES aparece na posição 5 de 109, com risco 51.0 e nível alto; é prioridade imediata de acompanhamento.","O peso principal vem de tensão territorial, com suporte territorial de 100.0% e 1 registros recentes na janela de 30 dias.","Leitura consistente, mas ainda pede validação operacional pontual.",O território está bem destacado no ranking frente aos pares.,"Verificar eventos recentes, pressão territorial e coerência com inteligência local antes da próxima atualização do ranking."
2026-06-12T16:15:52,2026-06-12,src/core/orchestrator.py:get_combined_risk,fortaleza_bairros_top30,6,CANINDEZINHO,CANINDEZINHO,fortaleza,bairro,42.94,moderado,75.8,moderada,87.6,muito alta,1,1,49.0,26.3,100.0,50.0,3.3,100.0,72.5,100.0,2.17,95.4,30,120,False,stable,Tensão territorial,100.0,Atividade recente e vizinhança,50.0,Sinal neural do ST-GAT,26.3,Tensão territorial: 100.0% | Atividade recente e vizinhança: 50.0% | Sinal neural do ST-GAT: 26.3%,"CANINDEZINHO aparece na posição 6 de 109, com risco 42.9 e nível moderado; é prioridade alta de acompanhamento.","O peso principal vem de tensão territorial, com suporte territorial de 100.0% e 1 registros recentes na janela de 30 dias.","Leitura consistente, mas ainda pede validação operacional pontual.",O território está bem destacado no ranking frente aos pares.,"Verificar eventos recentes, pressão territorial e coerência com inteligência local antes da próxima atualização do ranking."
2026-06-12T16:15:52,2026-06-12,src/core/orchestrator.py:get_combined_risk,fortaleza_bairros_top30,7,BONSUCESSO,BONSUCESSO,fortaleza,bairro,25.52,baixo,55.6,baixa,81.3,alta,0,1,48.0,66.5,50.0,0.0,76.7,50.0,70.0,50.0,0.97,94.4,30,120,False,stable,Sinal neural do ST-GAT,66.5,Tensão territorial,50.0,CVLI recente na janela de 30 dias,20.0,Sinal neural do ST-GAT: 66.5% | Tensão territorial: 50.0% | CVLI recente na janela de 30 dias: 20.0%,"BONSUCESSO aparece na posição 7 de 109, com risco 25.5 e nível baixo; é prioridade alta de acompanhamento.","O peso principal vem de sinal neural do st-gat, com suporte territorial de 50.0% e 1 registros recentes na janela de 30 dias.",Leitura sensível a ruído; requer conferência adicional antes de decisão forte.,"O território se diferencia do bloco intermediário, mas sem isolamento absoluto.","Verificar eventos recentes, pressão territorial e coerência com inteligência local antes da próxima atualização do ranking."
2026-06-12T16:15:52,2026-06-12,src/core/orchestrator.py:get_combined_risk,fortaleza_bairros_top30,8,JOSE DE ALENCAR,JOSE DE ALENCAR,fortaleza,bairro,24.06,baixo,77.7,moderada,80.3,alta,0,2,44.0,41.2,100.0,0.0,63.3,100.0,60.0,100.0,0.87,93.5,30,120,False,stable,Tensão territorial,100.0,Sinal neural do ST-GAT,41.2,CVLI recente na janela de 30 dias,40.0,Tensão territorial: 100.0% | Sinal neural do ST-GAT: 41.2% | CVLI recente na janela de 30 dias: 40.0%,"JOSE DE ALENCAR aparece na posição 8 de 109, com risco 24.1 e nível baixo; é prioridade alta de acompanhamento.","O peso principal vem de tensão territorial, com suporte territorial de 100.0% e 2 registros recentes na janela de 30 dias.","Leitura consistente, mas ainda pede validação operacional pontual.","O território se diferencia do bloco intermediário, mas sem isolamento absoluto.","Verificar eventos recentes, pressão territorial e coerência com inteligência local antes da próxima atualização do ranking."
2026-06-12T16:15:52,2026-06-12,src/core/orchestrator.py:get_combined_risk,fortaleza_bairros_top30,9,LAGOA REDONDA,LAGOA REDONDA,fortaleza,bairro,21.32,baixo,44.5,muito baixa,78.8,alta,0,0,60.0,77.3,20.0,0.0,100.0,20.0,100.0,0.0,0.68,92.6,30,120,False,stable,Sinal neural do ST-GAT,77.3,Tensão territorial,20.0,Atividade recente e vizinhança,0.0,Sinal neural do ST-GAT: 77.3% | Tensão territorial: 20.0% | Atividade recente e vizinhança: 0.0%,"LAGOA REDONDA aparece na posição 9 de 109, com risco 21.3 e nível baixo; é prioridade alta de acompanhamento.","O peso principal vem de sinal neural do st-gat, com suporte territorial de 20.0% e 0 registros recentes na janela de 30 dias.",Leitura sensível a ruído; requer conferência adicional antes de decisão forte.,"O território se diferencia do bloco intermediário, mas sem isolamento absoluto.","Verificar eventos recentes, pressão territorial e coerência com inteligência local antes da próxima atualização do ranking."
2026-06-12T16:15:52,2026-06-12,src/core/orchestrator.py:get_combined_risk,fortaleza_bairros_top30,10,CENTRO,CENTRO,fortaleza,bairro,20.51,baixo,41.6,muito baixa,78.0,alta,0,0,40.0,78.1,10.0,0.0,100.0,10.0,50.0,0.0,0.62,91.7,30,120,False,stable,Sinal neural do ST-GAT,78.1,Tensão territorial,10.0,Atividade recente e vizinhança,0.0,Sinal neural do ST-GAT: 78.1% | Tensão territorial: 10.0% | Atividade recente e vizinhança: 0.0%,"CENTRO aparece na posição 10 de 109, com risco 20.5 e nível baixo; é prioridade alta de acompanhamento.","O peso principal vem de sinal neural do st-gat, com suporte territorial de 10.0% e 0 registros recentes na janela de 30 dias.",Leitura sensível a ruído; requer conferência adicional antes de decisão forte.,"O território se diferencia do bloco intermediário, mas sem isolamento absoluto.","Verificar eventos recentes, pressão territorial e coerência com inteligência local antes da próxima atualização do ranking."
2026-06-12T16:15:52,2026-06-12,src/core/orchestrator.py:get_combined_risk,fortaleza_bairros_top30,11,CAJAZEIRAS,CAJAZEIRAS,fortaleza,bairro,18.71,baixo,53.2,muito baixa,76.8,alta,0,1,35.0,51.4,50.0,0.0,93.3,50.0,37.5,50.0,0.5,90.7,30,120,False,stable,Sinal neural do ST-GAT,51.4,Tensão territorial,50.0,CVLI recente na janela de 30 dias,20.0,Sinal neural do ST-GAT: 51.4% | Tensão territorial: 50.0% | CVLI recente na janela de 30 dias: 20.0%,"CAJAZEIRAS aparece na posição 11 de 109, com risco 18.7 e nível baixo; é território de atenção tática.","O peso principal vem de sinal neural do st-gat, com suporte territorial de 50.0% e 1 registros recentes na janela de 30 dias.",Leitura sensível a ruído; requer conferência adicional antes de decisão forte.,"O território se diferencia do bloco intermediário, mas sem isolamento absoluto.","Verificar eventos recentes, pressão territorial e coerência com inteligência local antes da próxima atualização do ranking."
2026-06-12T16:15:52,2026-06-12,src/core/orchestrator.py:get_combined_risk,fortaleza_bairros_top30,12,PARQUE DOIS IRMAOS,PARQUE DOIS IRMAOS,fortaleza,bairro,17.37,baixo,53.8,muito baixa,75.8,alta,0,1,33.0,33.0,50.0,0.0,50.0,50.0,32.5,50.0,0.41,89.8,30,120,False,stable,Tensão territorial,50.0,Sinal neural do ST-GAT,33.0,CVLI recente na janela de 30 dias,20.0,Tensão territorial: 50.0% | Sinal neural do ST-GAT: 33.0% | CVLI recente na janela de 30 dias: 20.0%,"PARQUE DOIS IRMAOS aparece na posição 12 de 109, com risco 17.4 e nível baixo; é território de atenção tática.","O peso principal vem de tensão territorial, com suporte territorial de 50.0% e 1 registros recentes na janela de 30 dias.",Leitura sensível a ruído; requer conferência adicional antes de decisão forte.,"O território se diferencia do bloco intermediário, mas sem isolamento absoluto.","Verificar eventos recentes, pressão territorial e coerência com inteligência local antes da próxima atualização do ranking."
2026-06-12T16:15:52,2026-06-12,src/core/orchestrator.py:get_combined_risk,fortaleza_bairros_top30,13,JOSE WALTER,JOSE WALTER,fortaleza,bairro,16.36,baixo,42.2,muito baixa,75.0,alta,0,0,102.0,57.4,20.0,0.0,100.0,20.0,100.0,0.0,0.34,88.9,30,120,False,stable,Sinal neural do ST-GAT,57.4,Tensão territorial,20.0,Atividade recente e vizinhança,0.0,Sinal neural do ST-GAT: 57.4% | Tensão territorial: 20.0% | Atividade recente e vizinhança: 0.0%,"JOSE WALTER aparece na posição 13 de 109, com risco 16.4 e nível baixo; é território de atenção tática.","O peso principal vem de sinal neural do st-gat, com suporte territorial de 20.0% e 0 registros recentes na janela de 30 dias.",Leitura sensível a ruído; requer conferência adicional antes de decisão forte.,"O território se diferencia do bloco intermediário, mas sem isolamento absoluto.","Verificar eventos recentes, pressão territorial e coerência com inteligência local antes da próxima atualização do ranking."
2026-06-12T16:15:52,2026-06-12,src/core/orchestrator.py:get_combined_risk,fortaleza_bairros_top30,14,QUINTINO CUNHA,QUINTINO CUNHA,fortaleza,bairro,16.35,baixo,42.2,muito baixa,74.4,alta,0,0,68.0,57.4,20.0,0.0,100.0,20.0,100.0,0.0,0.34,88.0,30,120,False,stable,Sinal neural do ST-GAT,57.4,Tensão territorial,20.0,Atividade recente e vizinhança,0.0,Sinal neural do ST-GAT: 57.4% | Tensão territorial: 20.0% | Atividade recente e vizinhança: 0.0%,"QUINTINO CUNHA aparece na posição 14 de 109, com risco 16.4 e nível baixo; é território de atenção tática.","O peso principal vem de sinal neural do st-gat, com suporte territorial de 20.0% e 0 registros recentes na janela de 30 dias.",Leitura sensível a ruído; requer conferência adicional antes de decisão forte.,"O território se diferencia do bloco intermediário, mas sem isolamento absoluto.","Verificar eventos recentes, pressão territorial e coerência com inteligência local antes da próxima atualização do ranking."
2026-06-12T16:15:52,2026-06-12,src/core/orchestrator.py:get_combined_risk,fortaleza_bairros_top30,15,CURIO,CURIO,fortaleza,bairro,16.01,baixo,37.8,muito baixa,73.7,alta,0,0,26.0,62.8,3.0,0.0,100.0,3.0,15.0,0.0,0.31,87.0,30,120,False,stable,Sinal neural do ST-GAT,62.8,Tensão territorial,3.0,Atividade recente e vizinhança,0.0,Sinal neural do ST-GAT: 62.8% | Tensão territorial: 3.0% | Atividade recente e vizinhança: 0.0%,"CURIO aparece na posição 15 de 109, com risco 16.0 e nível baixo; é território de atenção tática.","O peso principal vem de sinal neural do st-gat, com suporte territorial de 3.0% e 0 registros recentes na janela de 30 dias.",Leitura sensível a ruído; requer conferência adicional antes de decisão forte.,"O território se diferencia do bloco intermediário, mas sem isolamento absoluto.","Verificar eventos recentes, pressão territorial e coerência com inteligência local antes da próxima atualização do ranking."
2026-06-12T16:15:52,2026-06-12,src/core/orchestrator.py:get_combined_risk,fortaleza_bairros_top30,16,SAO BENTO,SAO BENTO,fortaleza,bairro,15.89,baixo,53.7,muito baixa,73.1,alta,0,1,19.0,35.3,50.0,0.0,76.7,50.0,0.0,50.0,0.31,86.1,30,120,False,stable,Tensão territorial,50.0,Sinal neural do ST-GAT,35.3,CVLI recente na janela de 30 dias,20.0,Tensão territorial: 50.0% | Sinal neural do ST-GAT: 35.3% | CVLI recente na janela de 30 dias: 20.0%,"SAO BENTO aparece na posição 16 de 109, com risco 15.9 e nível baixo; é território de atenção tática.","O peso principal vem de tensão territorial, com suporte territorial de 50.0% e 1 registros recentes na janela de 30 dias.",Leitura sensível a ruído; requer conferência adicional antes de decisão forte.,"O território se diferencia do bloco intermediário, mas sem isolamento absoluto.","Verificar eventos recentes, pressão territorial e coerência com inteligência local antes da próxima atualização do ranking."
2026-06-12T16:15:52,2026-06-12,src/core/orchestrator.py:get_combined_risk,fortaleza_bairros_top30,17,JOAO,JOAO,fortaleza,bairro,14.49,baixo,53.9,muito baixa,72.1,alta,0,1,10.0,27.8,50.0,0.0,63.3,50.0,0.0,50.0,0.21,85.2,30,120,False,stable,Tensão territorial,50.0,Sinal neural do ST-GAT,27.8,CVLI recente na janela de 30 dias,20.0,Tensão territorial: 50.0% | Sinal neural do ST-GAT: 27.8% | CVLI recente na janela de 30 dias: 20.0%,"JOAO aparece na posição 17 de 109, com risco 14.5 e nível baixo; é território de atenção tática.","O peso principal vem de tensão territorial, com suporte territorial de 50.0% e 1 registros recentes na janela de 30 dias.",Leitura sensível a ruído; requer conferência adicional antes de decisão forte.,"O território se diferencia do bloco intermediário, mas sem isolamento absoluto.","Verificar eventos recentes, pressão territorial e coerência com inteligência local antes da próxima atualização do ranking."
2026-06-12T16:15:52,2026-06-12,src/core/orchestrator.py:get_combined_risk,fortaleza_bairros_top30,18,GRANJA PORTUGAL,GRANJA PORTUGAL,fortaleza,bairro,13.92,baixo,40.7,muito baixa,71.4,alta,0,0,57.0,48.3,18.5,0.0,100.0,18.5,92.5,0.0,0.17,84.3,30,120,False,stable,Sinal neural do ST-GAT,48.3,Tensão territorial,18.5,Atividade recente e vizinhança,0.0,Sinal neural do ST-GAT: 48.3% | Tensão territorial: 18.5% | Atividade recente e vizinhança: 0.0%,"GRANJA PORTUGAL aparece na posição 18 de 109, com risco 13.9 e nível baixo; é território de atenção tática.","O peso principal vem de sinal neural do st-gat, com suporte territorial de 18.5% e 0 registros recentes na janela de 30 dias.",Leitura sensível a ruído; requer conferência adicional antes de decisão forte.,"O território se diferencia do bloco intermediário, mas sem isolamento absoluto.","Verificar eventos recentes, pressão territorial e coerência com inteligência local antes da próxima atualização do ranking."
2026-06-12T16:15:52,2026-06-12,src/core/orchestrator.py:get_combined_risk,fortaleza_bairros_top30,19,MONDUBIM,MONDUBIM,fortaleza,bairro,13.26,baixo,40.7,muito baixa,70.6,alta,0,0,92.0,45.0,20.0,0.0,100.0,20.0,100.0,0.0,0.13,83.3,30,120,False,stable,Sinal neural do ST-GAT,45.0,Tensão territorial,20.0,Atividade recente e vizinhança,0.0,Sinal neural do ST-GAT: 45.0% | Tensão territorial: 20.0% | Atividade recente e vizinhança: 0.0%,"MONDUBIM aparece na posição 19 de 109, com risco 13.3 e nível baixo; é território de atenção tática.","O peso principal vem de sinal neural do st-gat, com suporte territorial de 20.0% e 0 registros recentes na janela de 30 dias.",Leitura sensível a ruído; requer conferência adicional antes de decisão forte.,"O território se diferencia do bloco intermediário, mas sem isolamento absoluto.","Verificar eventos recentes, pressão territorial e coerência com inteligência local antes da próxima atualização do ranking."
2026-06-12T16:15:52,2026-06-12,src/core/orchestrator.py:get_combined_risk,fortaleza_bairros_top30,20,BOM JARDIM,BOM JARDIM,fortaleza,bairro,12.68,baixo,39.8,muito baixa,69.8,moderada,0,0,54.0,43.9,17.0,0.0,100.0,17.0,85.0,0.0,0.09,82.4,30,120,False,stable,Sinal neural do ST-GAT,43.9,Tensão territorial,17.0,Atividade recente e vizinhança,0.0,Sinal neural do ST-GAT: 43.9% | Tensão territorial: 17.0% | Atividade recente e vizinhança: 0.0%,"BOM JARDIM aparece na posição 20 de 109, com risco 12.7 e nível baixo; é território de atenção tática.","O peso principal vem de sinal neural do st-gat, com suporte territorial de 17.0% e 0 registros recentes na janela de 30 dias.",Leitura sensível a ruído; requer conferência adicional antes de decisão forte.,O território está próximo de pares vizinhos e pode oscilar no próximo ciclo.,"Verificar eventos recentes, pressão territorial e coerência com inteligência local antes da próxima atualização do ranking."
2026-06-12T16:15:52,2026-06-12,src/core/orchestrator.py:get_combined_risk,fortaleza_bairros_top30,21,FLORESTA,FLORESTA,fortaleza,bairro,12.48,baixo,36.2,muito baixa,69.2,moderada,0,0,26.0,48.7,3.0,0.0,100.0,3.0,15.0,0.0,0.07,81.5,30,120,False,stable,Sinal neural do ST-GAT,48.7,Tensão territorial,3.0,Atividade recente e vizinhança,0.0,Sinal neural do ST-GAT: 48.7% | Tensão territorial: 3.0% | Atividade recente e vizinhança: 0.0%,"FLORESTA aparece na posição 21 de 109, com risco 12.5 e nível baixo; é território de atenção tática.","O peso principal vem de sinal neural do st-gat, com suporte territorial de 3.0% e 0 registros recentes na janela de 30 dias.",Leitura sensível a ruído; requer conferência adicional antes de decisão forte.,O território está próximo de pares vizinhos e pode oscilar no próximo ciclo.,"Verificar eventos recentes, pressão territorial e coerência com inteligência local antes da próxima atualização do ranking."
2026-06-12T16:15:52,2026-06-12,src/core/orchestrator.py:get_combined_risk,fortaleza_bairros_top30,22,VICENTE PINZON,VICENTE PINZON,fortaleza,bairro,12.04,baixo,39.8,muito baixa,68.6,moderada,0,0,57.0,40.8,18.5,0.0,100.0,18.5,92.5,0.0,0.04,80.6,30,120,False,stable,Sinal neural do ST-GAT,40.8,Tensão territorial,18.5,Atividade recente e vizinhança,0.0,Sinal neural do ST-GAT: 40.8% | Tensão territorial: 18.5% | Atividade recente e vizinhança: 0.0%,"VICENTE PINZON aparece na posição 22 de 109, com risco 12.0 e nível baixo; é território de atenção tática.","O peso principal vem de sinal neural do st-gat, com suporte territorial de 18.5% e 0 registros recentes na janela de 30 dias.",Leitura sensível a ruído; requer conferência adicional antes de decisão forte.,O território está próximo de pares vizinhos e pode oscilar no próximo ciclo.,"Verificar eventos recentes, pressão territorial e coerência com inteligência local antes da próxima atualização do ranking."
2026-06-12T16:15:52,2026-06-12,src/core/orchestrator.py:get_combined_risk,fortaleza_bairros_top30,23,BARROSO,BARROSO,fortaleza,bairro,11.69,baixo,39.9,muito baixa,67.8,moderada,0,0,72.0,38.8,20.0,0.0,100.0,20.0,100.0,0.0,0.02,79.6,30,120,False,stable,Sinal neural do ST-GAT,38.8,Tensão territorial,20.0,Atividade recente e vizinhança,0.0,Sinal neural do ST-GAT: 38.8% | Tensão territorial: 20.0% | Atividade recente e vizinhança: 0.0%,"BARROSO aparece na posição 23 de 109, com risco 11.7 e nível baixo; é território de atenção tática.","O peso principal vem de sinal neural do st-gat, com suporte territorial de 20.0% e 0 registros recentes na janela de 30 dias.",Leitura sensível a ruído; requer conferência adicional antes de decisão forte.,O território está próximo de pares vizinhos e pode oscilar no próximo ciclo.,"Verificar eventos recentes, pressão territorial e coerência com inteligência local antes da próxima atualização do ranking."
2026-06-12T16:15:52,2026-06-12,src/core/orchestrator.py:get_combined_risk,fortaleza_bairros_top30,24,CAMBEBA,CAMBEBA,fortaleza,bairro,11.52,baixo,35.0,muito baixa,67.2,moderada,0,0,10.0,46.1,0.0,0.0,100.0,0.0,0.0,0.0,0.01,78.7,30,120,False,stable,Sinal neural do ST-GAT,46.1,Tensão territorial,0.0,Atividade recente e vizinhança,0.0,Sinal neural do ST-GAT: 46.1% | Tensão territorial: 0.0% | Atividade recente e vizinhança: 0.0%,"CAMBEBA aparece na posição 24 de 109, com risco 11.5 e nível baixo; é território de atenção tática.","O peso principal vem de sinal neural do st-gat, com suporte territorial de 0.0% e 0 registros recentes na janela de 30 dias.",Leitura sensível a ruído; requer conferência adicional antes de decisão forte.,O território está próximo de pares vizinhos e pode oscilar no próximo ciclo.,"Verificar eventos recentes, pressão territorial e coerência com inteligência local antes da próxima atualização do ranking."
2026-06-12T16:15:52,2026-06-12,src/core/orchestrator.py:get_combined_risk,fortaleza_bairros_top30,25,GRANJA LISBOA,GRANJA LISBOA,fortaleza,bairro,11.23,baixo,39.7,muito baixa,66.6,moderada,0,0,110.0,36.9,20.0,0.0,100.0,20.0,100.0,0.0,-0.01,77.8,30,120,False,stable,Sinal neural do ST-GAT,36.9,Tensão territorial,20.0,Atividade recente e vizinhança,0.0,Sinal neural do ST-GAT: 36.9% | Tensão territorial: 20.0% | Atividade recente e vizinhança: 0.0%,"GRANJA LISBOA aparece na posição 25 de 109, com risco 11.2 e nível baixo; é território de atenção tática.","O peso principal vem de sinal neural do st-gat, com suporte territorial de 20.0% e 0 registros recentes na janela de 30 dias.",Leitura sensível a ruído; requer conferência adicional antes de decisão forte.,O território está próximo de pares vizinhos e pode oscilar no próximo ciclo.,"Verificar eventos recentes, pressão territorial e coerência com inteligência local antes da próxima atualização do ranking."
2026-06-12T16:15:52,2026-06-12,src/core/orchestrator.py:get_combined_risk,fortaleza_bairros_top30,26,BENFICA,BENFICA,fortaleza,bairro,10.93,baixo,34.7,muito baixa,66.0,moderada,0,0,7.0,43.7,0.0,0.0,100.0,0.0,0.0,0.0,-0.04,76.9,30,120,False,stable,Sinal neural do ST-GAT,43.7,Tensão territorial,0.0,Atividade recente e vizinhança,0.0,Sinal neural do ST-GAT: 43.7% | Tensão territorial: 0.0% | Atividade recente e vizinhança: 0.0%,"BENFICA aparece na posição 26 de 109, com risco 10.9 e nível baixo; é território de atenção tática.","O peso principal vem de sinal neural do st-gat, com suporte territorial de 0.0% e 0 registros recentes na janela de 30 dias.",Leitura sensível a ruído; requer conferência adicional antes de decisão forte.,O território está próximo de pares vizinhos e pode oscilar no próximo ciclo.,"Verificar eventos recentes, pressão territorial e coerência com inteligência local antes da próxima atualização do ranking."
2026-06-12T16:15:52,2026-06-12,src/core/orchestrator.py:get_combined_risk,fortaleza_bairros_top30,27,PASSARE,PASSARE,fortaleza,bairro,10.77,baixo,39.5,muito baixa,65.3,moderada,0,0,65.0,35.1,20.0,0.0,100.0,20.0,100.0,0.0,-0.05,75.9,30,120,False,stable,Sinal neural do ST-GAT,35.1,Tensão territorial,20.0,Atividade recente e vizinhança,0.0,Sinal neural do ST-GAT: 35.1% | Tensão territorial: 20.0% | Atividade recente e vizinhança: 0.0%,"PASSARE aparece na posição 27 de 109, com risco 10.8 e nível baixo; é território de atenção tática.","O peso principal vem de sinal neural do st-gat, com suporte territorial de 20.0% e 0 registros recentes na janela de 30 dias.",Leitura sensível a ruído; requer conferência adicional antes de decisão forte.,O território está próximo de pares vizinhos e pode oscilar no próximo ciclo.,"Verificar eventos recentes, pressão territorial e coerência com inteligência local antes da próxima atualização do ranking."
2026-06-12T16:15:52,2026-06-12,src/core/orchestrator.py:get_combined_risk,fortaleza_bairros_top30,28,PEDRAS,PEDRAS,fortaleza,bairro,10.73,baixo,39.4,muito baixa,64.8,moderada,0,0,81.0,34.9,20.0,0.0,100.0,20.0,100.0,0.0,-0.05,75.0,30,120,False,stable,Sinal neural do ST-GAT,34.9,Tensão territorial,20.0,Atividade recente e vizinhança,0.0,Sinal neural do ST-GAT: 34.9% | Tensão territorial: 20.0% | Atividade recente e vizinhança: 0.0%,"PEDRAS aparece na posição 28 de 109, com risco 10.7 e nível baixo; é território de atenção tática.","O peso principal vem de sinal neural do st-gat, com suporte territorial de 20.0% e 0 registros recentes na janela de 30 dias.",Leitura sensível a ruído; requer conferência adicional antes de decisão forte.,O território está próximo de pares vizinhos e pode oscilar no próximo ciclo.,"Verificar eventos recentes, pressão territorial e coerência com inteligência local antes da próxima atualização do ranking."
2026-06-12T16:15:52,2026-06-12,src/core/orchestrator.py:get_combined_risk,fortaleza_bairros_top30,29,TABAPUA,TABAPUA,fortaleza,bairro,10.53,baixo,35.4,muito baixa,64.2,moderada,0,0,26.0,40.9,3.0,0.0,100.0,3.0,15.0,0.0,-0.06,74.1,30,120,False,stable,Sinal neural do ST-GAT,40.9,Tensão territorial,3.0,Atividade recente e vizinhança,0.0,Sinal neural do ST-GAT: 40.9% | Tensão territorial: 3.0% | Atividade recente e vizinhança: 0.0%,"TABAPUA aparece na posição 29 de 109, com risco 10.5 e nível baixo; é território de atenção tática.","O peso principal vem de sinal neural do st-gat, com suporte territorial de 3.0% e 0 registros recentes na janela de 30 dias.",Leitura sensível a ruído; requer conferência adicional antes de decisão forte.,O território está próximo de pares vizinhos e pode oscilar no próximo ciclo.,"Verificar eventos recentes, pressão territorial e coerência com inteligência local antes da próxima atualização do ranking."
2026-06-12T16:15:52,2026-06-12,src/core/orchestrator.py:get_combined_risk,fortaleza_bairros_top30,30,SIQUEIRA,SIQUEIRA,fortaleza,bairro,10.3,baixo,39.2,muito baixa,63.5,moderada,0,0,103.0,33.2,20.0,0.0,100.0,20.0,100.0,0.0,-0.08,73.1,30,120,False,stable,Sinal neural do ST-GAT,33.2,Tensão territorial,20.0,Atividade recente e vizinhança,0.0,Sinal neural do ST-GAT: 33.2% | Tensão territorial: 20.0% | Atividade recente e vizinhança: 0.0%,"SIQUEIRA aparece na posição 30 de 109, com risco 10.3 e nível baixo; é território de atenção tática.","O peso principal vem de sinal neural do st-gat, com suporte territorial de 20.0% e 0 registros recentes na janela de 30 dias.",Leitura sensível a ruído; requer conferência adicional antes de decisão forte.,O território está próximo de pares vizinhos e pode oscilar no próximo ciclo.,"Verificar eventos recentes, pressão territorial e coerência com inteligência local antes da próxima atualização do ranking."
