snapshot_generated_at,data_limit,source,scope,rank,name,name_normalized,region,territorial_level,risk_score,risk_level,confidence_pct,confidence_label,expressiveness_pct,expressiveness_label,recent_cvli_14d,recent_cvli_30d,historical_cvli,neural_score,tension_score,inclusion_score,calm_penalty,territorial_support_pct,historical_support_pct,live_support_pct,score_z,peer_percentile,dynamic_window_days,base_window_days,historical_fallback,trend,top_driver_1,top_driver_1_strength_pct,top_driver_2,top_driver_2_strength_pct,top_driver_3,top_driver_3_strength_pct,explainability_summary,leitura_rapida_gestor,por_que_importa_gestor,confianca_limites_gestor,expressividade_previsao_gestor,proxima_acao_gestor
2026-06-16T16:06:07,2026-06-15,src/core/orchestrator.py:get_combined_risk,cities_general_top30,1,CAUCAIA,CAUCAIA,rmf,cidade,100.0,crítico,99.0,alta,97.9,muito alta,3,5,946.0,100.0,100.0,100.0,0.0,100.0,100.0,100.0,3.74,100.0,14,14,False,stable,Sinal Poisson do ranking operacional,100.0,Tensão territorial,100.0,Atividade recente e vizinhança,100.0,Sinal Poisson do ranking operacional: 100.0% | Tensão territorial: 100.0% | Atividade recente e vizinhança: 100.0%,"CAUCAIA aparece na posição 1 de 69, com risco 100.0 e nível crítico; é prioridade imediata de acompanhamento.","O peso principal vem de sinal poisson do ranking operacional, com suporte territorial de 100.0% e 5 registros recentes na janela de 30 dias.",Leitura com boa sustentação dos sinais atuais.,O território está bem destacado no ranking frente aos pares.,"Verificar eventos recentes, pressão territorial e coerência com inteligência local antes da próxima atualização do ranking."
2026-06-16T16:06:07,2026-06-15,src/core/orchestrator.py:get_combined_risk,cities_general_top30,2,SOBRAL,SOBRAL,interior,cidade,95.97,crítico,99.0,alta,96.2,muito alta,3,4,386.0,98.4,100.0,100.0,13.3,100.0,100.0,100.0,3.56,98.5,14,14,False,stable,Tensão territorial,100.0,Atividade recente e vizinhança,100.0,Sinal Poisson do ranking operacional,98.4,Tensão territorial: 100.0% | Atividade recente e vizinhança: 100.0% | Sinal Poisson do ranking operacional: 98.4%,"SOBRAL aparece na posição 2 de 69, com risco 96.0 e nível crítico; é prioridade imediata de acompanhamento.","O peso principal vem de tensão territorial, com suporte territorial de 100.0% e 4 registros recentes na janela de 30 dias.",Leitura com boa sustentação dos sinais atuais.,O território está bem destacado no ranking frente aos pares.,"Verificar eventos recentes, pressão territorial e coerência com inteligência local antes da próxima atualização do ranking."
2026-06-16T16:06:07,2026-06-15,src/core/orchestrator.py:get_combined_risk,cities_general_top30,3,JUAZEIRO DO NORTE,JUAZEIRO DO NORTE,interior,cidade,95.45,crítico,99.0,alta,95.2,muito alta,2,4,318.0,100.0,100.0,100.0,20.0,100.0,100.0,100.0,3.54,97.1,14,14,False,stable,Sinal Poisson do ranking operacional,100.0,Tensão territorial,100.0,Atividade recente e vizinhança,100.0,Sinal Poisson do ranking operacional: 100.0% | Tensão territorial: 100.0% | Atividade recente e vizinhança: 100.0%,"JUAZEIRO DO NORTE aparece na posição 3 de 69, com risco 95.5 e nível crítico; é prioridade imediata de acompanhamento.","O peso principal vem de sinal poisson do ranking operacional, com suporte territorial de 100.0% e 4 registros recentes na janela de 30 dias.",Leitura com boa sustentação dos sinais atuais.,O território está bem destacado no ranking frente aos pares.,"Verificar eventos recentes, pressão territorial e coerência com inteligência local antes da próxima atualização do ranking."
2026-06-16T16:06:07,2026-06-15,src/core/orchestrator.py:get_combined_risk,cities_general_top30,4,ITAPIPOCA,ITAPIPOCA,interior,cidade,51.8,alto,89.6,alta,85.0,muito alta,2,4,195.0,26.5,100.0,100.0,6.7,100.0,100.0,100.0,1.58,95.6,14,14,False,stable,Tensão territorial,100.0,Atividade recente e vizinhança,100.0,CVLI recente na janela de 30 dias,80.0,Tensão territorial: 100.0% | Atividade recente e vizinhança: 100.0% | CVLI recente na janela de 30 dias: 80.0%,"ITAPIPOCA aparece na posição 4 de 69, com risco 51.8 e nível alto; é prioridade imediata de acompanhamento.","O peso principal vem de tensão territorial, com suporte territorial de 100.0% e 4 registros recentes na janela de 30 dias.",Leitura com boa sustentação dos sinais atuais.,O território está bem destacado no ranking frente aos pares.,"Verificar eventos recentes, pressão territorial e coerência com inteligência local antes da próxima atualização do ranking."
2026-06-16T16:06:07,2026-06-15,src/core/orchestrator.py:get_combined_risk,cities_general_top30,5,MORADA NOVA,MORADA NOVA,interior,cidade,50.03,moderado,84.2,moderada,83.7,alta,2,3,150.0,24.0,100.0,100.0,10.0,100.0,100.0,100.0,1.51,94.1,14,14,False,stable,Tensão territorial,100.0,Atividade recente e vizinhança,100.0,CVLI recente na janela de 30 dias,60.0,Tensão territorial: 100.0% | Atividade recente e vizinhança: 100.0% | CVLI recente na janela de 30 dias: 60.0%,"MORADA NOVA aparece na posição 5 de 69, com risco 50.0 e nível moderado; é prioridade imediata de acompanhamento.","O peso principal vem de tensão territorial, com suporte territorial de 100.0% e 3 registros recentes na janela de 30 dias.","Leitura consistente, mas ainda pede validação operacional pontual.","O território se diferencia do bloco intermediário, mas sem isolamento absoluto.","Verificar eventos recentes, pressão territorial e coerência com inteligência local antes da próxima atualização do ranking."
2026-06-16T16:06:07,2026-06-15,src/core/orchestrator.py:get_combined_risk,cities_general_top30,6,BOA VIAGEM,BOA VIAGEM,interior,cidade,47.01,moderado,83.5,moderada,82.1,alta,2,3,118.0,18.9,100.0,100.0,6.7,100.0,100.0,100.0,1.37,92.6,14,14,False,stable,Tensão territorial,100.0,Atividade recente e vizinhança,100.0,CVLI recente na janela de 30 dias,60.0,Tensão territorial: 100.0% | Atividade recente e vizinhança: 100.0% | CVLI recente na janela de 30 dias: 60.0%,"BOA VIAGEM aparece na posição 6 de 69, com risco 47.0 e nível moderado; é prioridade alta de acompanhamento.","O peso principal vem de tensão territorial, com suporte territorial de 100.0% e 3 registros recentes na janela de 30 dias.","Leitura consistente, mas ainda pede validação operacional pontual.","O território se diferencia do bloco intermediário, mas sem isolamento absoluto.","Verificar eventos recentes, pressão territorial e coerência com inteligência local antes da próxima atualização do ranking."
2026-06-16T16:06:07,2026-06-15,src/core/orchestrator.py:get_combined_risk,cities_general_top30,7,AMONTADA,AMONTADA,interior,cidade,45.15,moderado,88.3,alta,80.9,alta,2,5,141.0,17.0,100.0,100.0,23.3,100.0,100.0,100.0,1.29,91.2,14,14,False,stable,Tensão territorial,100.0,Atividade recente e vizinhança,100.0,CVLI recente na janela de 30 dias,100.0,Tensão territorial: 100.0% | Atividade recente e vizinhança: 100.0% | CVLI recente na janela de 30 dias: 100.0%,"AMONTADA aparece na posição 7 de 69, com risco 45.1 e nível moderado; é prioridade alta de acompanhamento.","O peso principal vem de tensão territorial, com suporte territorial de 100.0% e 5 registros recentes na janela de 30 dias.",Leitura com boa sustentação dos sinais atuais.,"O território se diferencia do bloco intermediário, mas sem isolamento absoluto.","Verificar eventos recentes, pressão territorial e coerência com inteligência local antes da próxima atualização do ranking."
2026-06-16T16:06:07,2026-06-15,src/core/orchestrator.py:get_combined_risk,cities_general_top30,8,LIMOEIRO DO NORTE,LIMOEIRO DO NORTE,interior,cidade,44.17,moderado,82.9,moderada,79.8,alta,2,3,100.0,14.4,100.0,100.0,6.7,100.0,100.0,100.0,1.24,89.7,14,14,False,stable,Tensão territorial,100.0,Atividade recente e vizinhança,100.0,CVLI recente na janela de 30 dias,60.0,Tensão territorial: 100.0% | Atividade recente e vizinhança: 100.0% | CVLI recente na janela de 30 dias: 60.0%,"LIMOEIRO DO NORTE aparece na posição 8 de 69, com risco 44.2 e nível moderado; é prioridade alta de acompanhamento.","O peso principal vem de tensão territorial, com suporte territorial de 100.0% e 3 registros recentes na janela de 30 dias.","Leitura consistente, mas ainda pede validação operacional pontual.","O território se diferencia do bloco intermediário, mas sem isolamento absoluto.","Verificar eventos recentes, pressão territorial e coerência com inteligência local antes da próxima atualização do ranking."
2026-06-16T16:06:07,2026-06-15,src/core/orchestrator.py:get_combined_risk,cities_general_top30,9,ITAPIUNA,ITAPIUNA,interior,cidade,38.01,moderado,81.6,moderada,77.6,alta,2,3,45.0,4.9,100.0,100.0,16.7,100.0,62.5,100.0,0.97,88.2,14,14,False,stable,Tensão territorial,100.0,Atividade recente e vizinhança,100.0,CVLI recente na janela de 30 dias,60.0,Tensão territorial: 100.0% | Atividade recente e vizinhança: 100.0% | CVLI recente na janela de 30 dias: 60.0%,"ITAPIUNA aparece na posição 9 de 69, com risco 38.0 e nível moderado; é prioridade alta de acompanhamento.","O peso principal vem de tensão territorial, com suporte territorial de 100.0% e 3 registros recentes na janela de 30 dias.","Leitura consistente, mas ainda pede validação operacional pontual.","O território se diferencia do bloco intermediário, mas sem isolamento absoluto.","Verificar eventos recentes, pressão territorial e coerência com inteligência local antes da próxima atualização do ranking."
2026-06-16T16:06:07,2026-06-15,src/core/orchestrator.py:get_combined_risk,cities_general_top30,10,CRATO,CRATO,interior,cidade,36.28,moderado,80.6,moderada,76.4,alta,1,2,181.0,24.6,100.0,50.0,40.0,100.0,100.0,100.0,0.89,86.8,14,14,False,stable,Tensão territorial,100.0,Atividade recente e vizinhança,50.0,CVLI recente na janela de 30 dias,40.0,Tensão territorial: 100.0% | Atividade recente e vizinhança: 50.0% | CVLI recente na janela de 30 dias: 40.0%,"CRATO aparece na posição 10 de 69, com risco 36.3 e nível moderado; é prioridade alta de acompanhamento.","O peso principal vem de tensão territorial, com suporte territorial de 100.0% e 2 registros recentes na janela de 30 dias.","Leitura consistente, mas ainda pede validação operacional pontual.","O território se diferencia do bloco intermediário, mas sem isolamento absoluto.","Verificar eventos recentes, pressão territorial e coerência com inteligência local antes da próxima atualização do ranking."
2026-06-16T16:06:07,2026-06-15,src/core/orchestrator.py:get_combined_risk,cities_general_top30,11,QUIXADA,QUIXADA,interior,cidade,35.33,moderado,75.1,moderada,75.3,alta,1,1,147.0,20.0,100.0,50.0,3.3,100.0,100.0,100.0,0.85,85.3,14,14,False,stable,Tensão territorial,100.0,Atividade recente e vizinhança,50.0,CVLI recente na janela de 30 dias,20.0,Tensão territorial: 100.0% | Atividade recente e vizinhança: 50.0% | CVLI recente na janela de 30 dias: 20.0%,"QUIXADA aparece na posição 11 de 69, com risco 35.3 e nível moderado; é território de atenção tática.","O peso principal vem de tensão territorial, com suporte territorial de 100.0% e 1 registros recentes na janela de 30 dias.","Leitura consistente, mas ainda pede validação operacional pontual.","O território se diferencia do bloco intermediário, mas sem isolamento absoluto.","Verificar eventos recentes, pressão territorial e coerência com inteligência local antes da próxima atualização do ranking."
2026-06-16T16:06:07,2026-06-15,src/core/orchestrator.py:get_combined_risk,cities_general_top30,12,RUSSAS,RUSSAS,interior,cidade,32.98,moderado,84.7,moderada,73.8,alta,1,3,112.0,16.5,100.0,50.0,6.7,100.0,100.0,100.0,0.74,83.8,14,14,False,stable,Tensão territorial,100.0,CVLI recente na janela de 30 dias,60.0,Atividade recente e vizinhança,50.0,Tensão territorial: 100.0% | CVLI recente na janela de 30 dias: 60.0% | Atividade recente e vizinhança: 50.0%,"RUSSAS aparece na posição 12 de 69, com risco 33.0 e nível moderado; é território de atenção tática.","O peso principal vem de tensão territorial, com suporte territorial de 100.0% e 3 registros recentes na janela de 30 dias.","Leitura consistente, mas ainda pede validação operacional pontual.","O território se diferencia do bloco intermediário, mas sem isolamento absoluto.","Verificar eventos recentes, pressão territorial e coerência com inteligência local antes da próxima atualização do ranking."
2026-06-16T16:06:07,2026-06-15,src/core/orchestrator.py:get_combined_risk,cities_general_top30,13,TRAIRI,TRAIRI,rmf,cidade,28.93,baixo,86.3,alta,72.1,alta,2,5,150.0,6.7,0.0,100.0,26.7,100.0,100.0,100.0,0.56,82.4,14,14,False,stable,Atividade recente e vizinhança,100.0,CVLI recente na janela de 30 dias,100.0,Sinal Poisson do ranking operacional,6.7,Atividade recente e vizinhança: 100.0% | CVLI recente na janela de 30 dias: 100.0% | Sinal Poisson do ranking operacional: 6.7%,"TRAIRI aparece na posição 13 de 69, com risco 28.9 e nível baixo; é território de atenção tática.","O peso principal vem de atividade recente e vizinhança, com suporte territorial de 100.0% e 5 registros recentes na janela de 30 dias.",Leitura com boa sustentação dos sinais atuais.,"O território se diferencia do bloco intermediário, mas sem isolamento absoluto.","Verificar eventos recentes, pressão territorial e coerência com inteligência local antes da próxima atualização do ranking."
2026-06-16T16:06:07,2026-06-15,src/core/orchestrator.py:get_combined_risk,cities_general_top30,14,FORQUILHA,FORQUILHA,interior,cidade,28.36,baixo,73.9,moderada,71.1,alta,1,1,90.0,9.7,100.0,50.0,20.0,100.0,100.0,100.0,0.54,80.9,14,14,False,stable,Tensão territorial,100.0,Atividade recente e vizinhança,50.0,CVLI recente na janela de 30 dias,20.0,Tensão territorial: 100.0% | Atividade recente e vizinhança: 50.0% | CVLI recente na janela de 30 dias: 20.0%,"FORQUILHA aparece na posição 14 de 69, com risco 28.4 e nível baixo; é território de atenção tática.","O peso principal vem de tensão territorial, com suporte territorial de 100.0% e 1 registros recentes na janela de 30 dias.","Leitura consistente, mas ainda pede validação operacional pontual.","O território se diferencia do bloco intermediário, mas sem isolamento absoluto.","Verificar eventos recentes, pressão territorial e coerência com inteligência local antes da próxima atualização do ranking."
2026-06-16T16:06:07,2026-06-15,src/core/orchestrator.py:get_combined_risk,cities_general_top30,15,PEDRA BRANCA,PEDRA BRANCA,interior,cidade,25.76,baixo,73.5,moderada,69.7,moderada,1,1,57.0,5.8,100.0,50.0,36.7,100.0,92.5,100.0,0.42,79.4,14,14,False,stable,Tensão territorial,100.0,Atividade recente e vizinhança,50.0,CVLI recente na janela de 30 dias,20.0,Tensão territorial: 100.0% | Atividade recente e vizinhança: 50.0% | CVLI recente na janela de 30 dias: 20.0%,"PEDRA BRANCA aparece na posição 15 de 69, com risco 25.8 e nível baixo; é território de atenção tática.","O peso principal vem de tensão territorial, com suporte territorial de 100.0% e 1 registros recentes na janela de 30 dias.","Leitura consistente, mas ainda pede validação operacional pontual.",O território está próximo de pares vizinhos e pode oscilar no próximo ciclo.,"Verificar eventos recentes, pressão territorial e coerência com inteligência local antes da próxima atualização do ranking."
2026-06-16T16:06:07,2026-06-15,src/core/orchestrator.py:get_combined_risk,cities_general_top30,16,VICOSA DO CEARA,VICOSA DO CEARA,interior,cidade,25.34,baixo,73.3,moderada,68.7,moderada,1,1,43.0,4.6,100.0,50.0,13.3,100.0,57.5,100.0,0.4,77.9,14,14,False,stable,Tensão territorial,100.0,Atividade recente e vizinhança,50.0,CVLI recente na janela de 30 dias,20.0,Tensão territorial: 100.0% | Atividade recente e vizinhança: 50.0% | CVLI recente na janela de 30 dias: 20.0%,"VICOSA DO CEARA aparece na posição 16 de 69, com risco 25.3 e nível baixo; é território de atenção tática.","O peso principal vem de tensão territorial, com suporte territorial de 100.0% e 1 registros recentes na janela de 30 dias.","Leitura consistente, mas ainda pede validação operacional pontual.",O território está próximo de pares vizinhos e pode oscilar no próximo ciclo.,"Verificar eventos recentes, pressão territorial e coerência com inteligência local antes da próxima atualização do ranking."
2026-06-16T16:06:07,2026-06-15,src/core/orchestrator.py:get_combined_risk,cities_general_top30,17,SENADOR POMPEU,SENADOR POMPEU,interior,cidade,24.35,baixo,73.1,moderada,67.6,moderada,1,1,35.0,3.1,100.0,50.0,23.3,100.0,37.5,100.0,0.36,76.5,14,14,False,stable,Tensão territorial,100.0,Atividade recente e vizinhança,50.0,CVLI recente na janela de 30 dias,20.0,Tensão territorial: 100.0% | Atividade recente e vizinhança: 50.0% | CVLI recente na janela de 30 dias: 20.0%,"SENADOR POMPEU aparece na posição 17 de 69, com risco 24.4 e nível baixo; é território de atenção tática.","O peso principal vem de tensão territorial, com suporte territorial de 100.0% e 1 registros recentes na janela de 30 dias.","Leitura consistente, mas ainda pede validação operacional pontual.",O território está próximo de pares vizinhos e pode oscilar no próximo ciclo.,"Verificar eventos recentes, pressão territorial e coerência com inteligência local antes da próxima atualização do ranking."
2026-06-16T16:06:07,2026-06-15,src/core/orchestrator.py:get_combined_risk,cities_general_top30,18,IRAUCUBA,IRAUCUBA,interior,cidade,24.08,baixo,73.1,moderada,66.7,moderada,1,1,35.0,2.8,100.0,50.0,36.7,100.0,37.5,100.0,0.35,75.0,14,14,False,stable,Tensão territorial,100.0,Atividade recente e vizinhança,50.0,CVLI recente na janela de 30 dias,20.0,Tensão territorial: 100.0% | Atividade recente e vizinhança: 50.0% | CVLI recente na janela de 30 dias: 20.0%,"IRAUCUBA aparece na posição 18 de 69, com risco 24.1 e nível baixo; é território de atenção tática.","O peso principal vem de tensão territorial, com suporte territorial de 100.0% e 1 registros recentes na janela de 30 dias.","Leitura consistente, mas ainda pede validação operacional pontual.",O território está próximo de pares vizinhos e pode oscilar no próximo ciclo.,"Verificar eventos recentes, pressão territorial e coerência com inteligência local antes da próxima atualização do ranking."
2026-06-16T16:06:07,2026-06-15,src/core/orchestrator.py:get_combined_risk,cities_general_top30,19,GRACA,GRACA,interior,cidade,23.99,baixo,73.1,moderada,65.7,moderada,1,1,26.0,2.5,100.0,50.0,23.3,100.0,15.0,100.0,0.34,73.5,14,14,False,stable,Tensão territorial,100.0,Atividade recente e vizinhança,50.0,CVLI recente na janela de 30 dias,20.0,Tensão territorial: 100.0% | Atividade recente e vizinhança: 50.0% | CVLI recente na janela de 30 dias: 20.0%,"GRACA aparece na posição 19 de 69, com risco 24.0 e nível baixo; é território de atenção tática.","O peso principal vem de tensão territorial, com suporte territorial de 100.0% e 1 registros recentes na janela de 30 dias.","Leitura consistente, mas ainda pede validação operacional pontual.",O território está próximo de pares vizinhos e pode oscilar no próximo ciclo.,"Verificar eventos recentes, pressão territorial e coerência com inteligência local antes da próxima atualização do ranking."
2026-06-16T16:06:07,2026-06-15,src/core/orchestrator.py:get_combined_risk,cities_general_top30,20,NOVO ORIENTE,NOVO ORIENTE,interior,cidade,23.49,baixo,73.0,moderada,64.8,moderada,1,1,28.0,1.7,100.0,50.0,33.3,100.0,20.0,100.0,0.32,72.1,14,14,False,stable,Tensão territorial,100.0,Atividade recente e vizinhança,50.0,CVLI recente na janela de 30 dias,20.0,Tensão territorial: 100.0% | Atividade recente e vizinhança: 50.0% | CVLI recente na janela de 30 dias: 20.0%,"NOVO ORIENTE aparece na posição 20 de 69, com risco 23.5 e nível baixo; é território de atenção tática.","O peso principal vem de tensão territorial, com suporte territorial de 100.0% e 1 registros recentes na janela de 30 dias.","Leitura consistente, mas ainda pede validação operacional pontual.",O território está próximo de pares vizinhos e pode oscilar no próximo ciclo.,"Verificar eventos recentes, pressão territorial e coerência com inteligência local antes da próxima atualização do ranking."
2026-06-16T16:06:07,2026-06-15,src/core/orchestrator.py:get_combined_risk,cities_general_top30,21,CASCAVEL,CASCAVEL,rmf,cidade,18.37,baixo,66.0,baixa,62.8,moderada,1,1,173.0,9.4,0.0,50.0,10.0,100.0,100.0,100.0,0.09,70.6,14,14,False,stable,Atividade recente e vizinhança,50.0,CVLI recente na janela de 30 dias,20.0,Sinal Poisson do ranking operacional,9.4,Atividade recente e vizinhança: 50.0% | CVLI recente na janela de 30 dias: 20.0% | Sinal Poisson do ranking operacional: 9.4%,"CASCAVEL aparece na posição 21 de 69, com risco 18.4 e nível baixo; é território de atenção tática.","O peso principal vem de atividade recente e vizinhança, com suporte territorial de 100.0% e 1 registros recentes na janela de 30 dias.",Leitura sensível a ruído; requer conferência adicional antes de decisão forte.,O território está próximo de pares vizinhos e pode oscilar no próximo ciclo.,"Verificar eventos recentes, pressão territorial e coerência com inteligência local antes da próxima atualização do ranking."
2026-06-16T16:06:07,2026-06-15,src/core/orchestrator.py:get_combined_risk,cities_general_top30,22,SAO GONCALO DO AMARANTE,SAO GONCALO DO AMARANTE,rmf,cidade,16.73,baixo,65.9,baixa,61.5,moderada,1,1,127.0,7.3,0.0,50.0,30.0,100.0,100.0,100.0,0.02,69.1,14,14,False,stable,Atividade recente e vizinhança,50.0,CVLI recente na janela de 30 dias,20.0,Sinal Poisson do ranking operacional,7.3,Atividade recente e vizinhança: 50.0% | CVLI recente na janela de 30 dias: 20.0% | Sinal Poisson do ranking operacional: 7.3%,"SAO GONCALO DO AMARANTE aparece na posição 22 de 69, com risco 16.7 e nível baixo; é território de atenção tática.","O peso principal vem de atividade recente e vizinhança, com suporte territorial de 100.0% e 1 registros recentes na janela de 30 dias.",Leitura sensível a ruído; requer conferência adicional antes de decisão forte.,O território está próximo de pares vizinhos e pode oscilar no próximo ciclo.,"Verificar eventos recentes, pressão territorial e coerência com inteligência local antes da próxima atualização do ranking."
2026-06-16T16:06:07,2026-06-15,src/core/orchestrator.py:get_combined_risk,cities_general_top30,23,ITAITINGA,ITAITINGA,rmf,cidade,16.66,baixo,65.9,baixa,60.6,moderada,1,1,83.0,6.8,0.0,50.0,16.7,100.0,100.0,100.0,0.01,67.6,14,14,False,stable,Atividade recente e vizinhança,50.0,CVLI recente na janela de 30 dias,20.0,Sinal Poisson do ranking operacional,6.8,Atividade recente e vizinhança: 50.0% | CVLI recente na janela de 30 dias: 20.0% | Sinal Poisson do ranking operacional: 6.8%,"ITAITINGA aparece na posição 23 de 69, com risco 16.7 e nível baixo; é território de atenção tática.","O peso principal vem de atividade recente e vizinhança, com suporte territorial de 100.0% e 1 registros recentes na janela de 30 dias.",Leitura sensível a ruído; requer conferência adicional antes de decisão forte.,O território está próximo de pares vizinhos e pode oscilar no próximo ciclo.,"Verificar eventos recentes, pressão territorial e coerência com inteligência local antes da próxima atualização do ranking."
2026-06-16T16:06:07,2026-06-15,src/core/orchestrator.py:get_combined_risk,cities_general_top30,24,PINDORETAMA,PINDORETAMA,rmf,cidade,16.02,baixo,65.8,baixa,59.6,moderada,1,1,36.0,5.7,0.0,50.0,13.3,100.0,40.0,100.0,-0.01,66.2,14,14,False,stable,Atividade recente e vizinhança,50.0,CVLI recente na janela de 30 dias,20.0,Sinal Poisson do ranking operacional,5.7,Atividade recente e vizinhança: 50.0% | CVLI recente na janela de 30 dias: 20.0% | Sinal Poisson do ranking operacional: 5.7%,"PINDORETAMA aparece na posição 24 de 69, com risco 16.0 e nível baixo; é território de atenção tática.","O peso principal vem de atividade recente e vizinhança, com suporte territorial de 100.0% e 1 registros recentes na janela de 30 dias.",Leitura sensível a ruído; requer conferência adicional antes de decisão forte.,O território está próximo de pares vizinhos e pode oscilar no próximo ciclo.,"Verificar eventos recentes, pressão territorial e coerência com inteligência local antes da próxima atualização do ranking."
2026-06-16T16:06:07,2026-06-15,src/core/orchestrator.py:get_combined_risk,cities_general_top30,25,TAUA,TAUA,interior,cidade,16.01,baixo,80.8,moderada,58.7,moderada,1,4,52.0,5.7,0.0,50.0,16.7,100.0,80.0,100.0,-0.02,64.7,14,14,False,stable,CVLI recente na janela de 30 dias,80.0,Atividade recente e vizinhança,50.0,Sinal Poisson do ranking operacional,5.7,CVLI recente na janela de 30 dias: 80.0% | Atividade recente e vizinhança: 50.0% | Sinal Poisson do ranking operacional: 5.7%,"TAUA aparece na posição 25 de 69, com risco 16.0 e nível baixo; é território de atenção tática.","O peso principal vem de cvli recente na janela de 30 dias, com suporte territorial de 100.0% e 4 registros recentes na janela de 30 dias.","Leitura consistente, mas ainda pede validação operacional pontual.",O território está próximo de pares vizinhos e pode oscilar no próximo ciclo.,"Verificar eventos recentes, pressão territorial e coerência com inteligência local antes da próxima atualização do ranking."
2026-06-16T16:06:07,2026-06-15,src/core/orchestrator.py:get_combined_risk,cities_general_top30,26,EUSEBIO,EUSEBIO,rmf,cidade,15.96,baixo,70.8,moderada,57.8,moderada,1,2,76.0,5.9,0.0,50.0,30.0,100.0,100.0,100.0,-0.02,63.2,14,14,False,stable,Atividade recente e vizinhança,50.0,CVLI recente na janela de 30 dias,40.0,Sinal Poisson do ranking operacional,5.9,Atividade recente e vizinhança: 50.0% | CVLI recente na janela de 30 dias: 40.0% | Sinal Poisson do ranking operacional: 5.9%,"EUSEBIO aparece na posição 26 de 69, com risco 16.0 e nível baixo; é território de atenção tática.","O peso principal vem de atividade recente e vizinhança, com suporte territorial de 100.0% e 2 registros recentes na janela de 30 dias.","Leitura consistente, mas ainda pede validação operacional pontual.",O território está próximo de pares vizinhos e pode oscilar no próximo ciclo.,"Verificar eventos recentes, pressão territorial e coerência com inteligência local antes da próxima atualização do ranking."
2026-06-16T16:06:07,2026-06-15,src/core/orchestrator.py:get_combined_risk,cities_general_top30,27,PARAIPABA,PARAIPABA,rmf,cidade,15.6,baixo,70.8,moderada,56.9,moderada,1,2,49.0,5.3,0.0,50.0,26.7,100.0,72.5,100.0,-0.03,61.8,14,14,False,stable,Atividade recente e vizinhança,50.0,CVLI recente na janela de 30 dias,40.0,Sinal Poisson do ranking operacional,5.3,Atividade recente e vizinhança: 50.0% | CVLI recente na janela de 30 dias: 40.0% | Sinal Poisson do ranking operacional: 5.3%,"PARAIPABA aparece na posição 27 de 69, com risco 15.6 e nível baixo; é território de atenção tática.","O peso principal vem de atividade recente e vizinhança, com suporte territorial de 100.0% e 2 registros recentes na janela de 30 dias.","Leitura consistente, mas ainda pede validação operacional pontual.",O território está próximo de pares vizinhos e pode oscilar no próximo ciclo.,"Verificar eventos recentes, pressão territorial e coerência com inteligência local antes da próxima atualização do ranking."
2026-06-16T16:06:07,2026-06-15,src/core/orchestrator.py:get_combined_risk,cities_general_top30,28,MARACANAU,MARACANAU,rmf,cidade,13.8,baixo,38.5,muito baixa,55.6,moderada,0,0,656.0,27.9,20.0,0.0,100.0,20.0,100.0,0.0,-0.11,60.3,14,14,False,stable,Sinal Poisson do ranking operacional,27.9,Tensão territorial,20.0,Atividade recente e vizinhança,0.0,Sinal Poisson do ranking operacional: 27.9% | Tensão territorial: 20.0% | Atividade recente e vizinhança: 0.0%,"MARACANAU aparece na posição 28 de 69, com risco 13.8 e nível baixo; é território de atenção tática.","O peso principal vem de sinal poisson do ranking operacional, com suporte territorial de 20.0% e 0 registros recentes na janela de 30 dias.",Leitura sensível a ruído; requer conferência adicional antes de decisão forte.,O território está próximo de pares vizinhos e pode oscilar no próximo ciclo.,"Verificar eventos recentes, pressão territorial e coerência com inteligência local antes da próxima atualização do ranking."
2026-06-16T16:06:07,2026-06-15,src/core/orchestrator.py:get_combined_risk,cities_general_top30,29,TIANGUA,TIANGUA,interior,cidade,12.8,baixo,53.7,muito baixa,54.5,moderada,0,1,127.0,15.0,50.0,0.0,56.7,50.0,100.0,50.0,-0.16,58.8,14,14,False,stable,Tensão territorial,50.0,CVLI recente na janela de 30 dias,20.0,Sinal Poisson do ranking operacional,15.0,Tensão territorial: 50.0% | CVLI recente na janela de 30 dias: 20.0% | Sinal Poisson do ranking operacional: 15.0%,"TIANGUA aparece na posição 29 de 69, com risco 12.8 e nível baixo; é território de atenção tática.","O peso principal vem de tensão territorial, com suporte territorial de 50.0% e 1 registros recentes na janela de 30 dias.",Leitura sensível a ruído; requer conferência adicional antes de decisão forte.,O território está próximo de pares vizinhos e pode oscilar no próximo ciclo.,"Verificar eventos recentes, pressão territorial e coerência com inteligência local antes da próxima atualização do ranking."
2026-06-16T16:06:07,2026-06-15,src/core/orchestrator.py:get_combined_risk,cities_general_top30,30,ACOPIARA,ACOPIARA,interior,cidade,12.22,baixo,76.1,moderada,53.6,moderada,0,2,46.0,4.3,100.0,0.0,56.7,100.0,65.0,100.0,-0.18,57.4,14,14,False,stable,Tensão territorial,100.0,CVLI recente na janela de 30 dias,40.0,Sinal Poisson do ranking operacional,4.3,Tensão territorial: 100.0% | CVLI recente na janela de 30 dias: 40.0% | Sinal Poisson do ranking operacional: 4.3%,"ACOPIARA aparece na posição 30 de 69, com risco 12.2 e nível baixo; é território de atenção tática.","O peso principal vem de tensão territorial, com suporte territorial de 100.0% e 2 registros recentes na janela de 30 dias.","Leitura consistente, mas ainda pede validação operacional pontual.",O território está próximo de pares vizinhos e pode oscilar no próximo ciclo.,"Verificar eventos recentes, pressão territorial e coerência com inteligência local antes da próxima atualização do ranking."
2026-06-16T16:06:07,2026-06-15,src/core/orchestrator.py:get_combined_risk,cities_rmf_top20,1,CAUCAIA,CAUCAIA,rmf,cidade,100.0,crítico,99.0,alta,98.8,muito alta,3,5,946.0,100.0,100.0,100.0,0.0,100.0,100.0,100.0,3.91,100.0,14,14,False,stable,Sinal Poisson do ranking operacional,100.0,Tensão territorial,100.0,Atividade recente e vizinhança,100.0,Sinal Poisson do ranking operacional: 100.0% | Tensão territorial: 100.0% | Atividade recente e vizinhança: 100.0%,"CAUCAIA aparece na posição 1 de 19, com risco 100.0 e nível crítico; é prioridade imediata de acompanhamento.","O peso principal vem de sinal poisson do ranking operacional, com suporte territorial de 100.0% e 5 registros recentes na janela de 30 dias.",Leitura com boa sustentação dos sinais atuais.,O território está bem destacado no ranking frente aos pares.,"Verificar eventos recentes, pressão territorial e coerência com inteligência local antes da próxima atualização do ranking."
2026-06-16T16:06:07,2026-06-15,src/core/orchestrator.py:get_combined_risk,cities_rmf_top20,2,TRAIRI,TRAIRI,rmf,cidade,28.93,baixo,86.3,alta,80.0,alta,2,5,150.0,6.7,0.0,100.0,26.7,100.0,100.0,100.0,0.7,94.4,14,14,False,stable,Atividade recente e vizinhança,100.0,CVLI recente na janela de 30 dias,100.0,Sinal Poisson do ranking operacional,6.7,Atividade recente e vizinhança: 100.0% | CVLI recente na janela de 30 dias: 100.0% | Sinal Poisson do ranking operacional: 6.7%,"TRAIRI aparece na posição 2 de 19, com risco 28.9 e nível baixo; é prioridade imediata de acompanhamento.","O peso principal vem de atividade recente e vizinhança, com suporte territorial de 100.0% e 5 registros recentes na janela de 30 dias.",Leitura com boa sustentação dos sinais atuais.,"O território se diferencia do bloco intermediário, mas sem isolamento absoluto.","Verificar eventos recentes, pressão territorial e coerência com inteligência local antes da próxima atualização do ranking."
2026-06-16T16:06:07,2026-06-15,src/core/orchestrator.py:get_combined_risk,cities_rmf_top20,3,CASCAVEL,CASCAVEL,rmf,cidade,18.37,baixo,66.0,baixa,74.4,alta,1,1,173.0,9.4,0.0,50.0,10.0,100.0,100.0,100.0,0.22,88.9,14,14,False,stable,Atividade recente e vizinhança,50.0,CVLI recente na janela de 30 dias,20.0,Sinal Poisson do ranking operacional,9.4,Atividade recente e vizinhança: 50.0% | CVLI recente na janela de 30 dias: 20.0% | Sinal Poisson do ranking operacional: 9.4%,"CASCAVEL aparece na posição 3 de 19, com risco 18.4 e nível baixo; é prioridade imediata de acompanhamento.","O peso principal vem de atividade recente e vizinhança, com suporte territorial de 100.0% e 1 registros recentes na janela de 30 dias.",Leitura sensível a ruído; requer conferência adicional antes de decisão forte.,"O território se diferencia do bloco intermediário, mas sem isolamento absoluto.","Verificar eventos recentes, pressão territorial e coerência com inteligência local antes da próxima atualização do ranking."
2026-06-16T16:06:07,2026-06-15,src/core/orchestrator.py:get_combined_risk,cities_rmf_top20,4,SAO GONCALO DO AMARANTE,SAO GONCALO DO AMARANTE,rmf,cidade,16.73,baixo,65.9,baixa,70.7,alta,1,1,127.0,7.3,0.0,50.0,30.0,100.0,100.0,100.0,0.15,83.3,14,14,False,stable,Atividade recente e vizinhança,50.0,CVLI recente na janela de 30 dias,20.0,Sinal Poisson do ranking operacional,7.3,Atividade recente e vizinhança: 50.0% | CVLI recente na janela de 30 dias: 20.0% | Sinal Poisson do ranking operacional: 7.3%,"SAO GONCALO DO AMARANTE aparece na posição 4 de 19, com risco 16.7 e nível baixo; é prioridade imediata de acompanhamento.","O peso principal vem de atividade recente e vizinhança, com suporte territorial de 100.0% e 1 registros recentes na janela de 30 dias.",Leitura sensível a ruído; requer conferência adicional antes de decisão forte.,"O território se diferencia do bloco intermediário, mas sem isolamento absoluto.","Verificar eventos recentes, pressão territorial e coerência com inteligência local antes da próxima atualização do ranking."
2026-06-16T16:06:07,2026-06-15,src/core/orchestrator.py:get_combined_risk,cities_rmf_top20,5,ITAITINGA,ITAITINGA,rmf,cidade,16.66,baixo,65.9,baixa,67.4,moderada,1,1,83.0,6.8,0.0,50.0,16.7,100.0,100.0,100.0,0.15,77.8,14,14,False,stable,Atividade recente e vizinhança,50.0,CVLI recente na janela de 30 dias,20.0,Sinal Poisson do ranking operacional,6.8,Atividade recente e vizinhança: 50.0% | CVLI recente na janela de 30 dias: 20.0% | Sinal Poisson do ranking operacional: 6.8%,"ITAITINGA aparece na posição 5 de 19, com risco 16.7 e nível baixo; é prioridade imediata de acompanhamento.","O peso principal vem de atividade recente e vizinhança, com suporte territorial de 100.0% e 1 registros recentes na janela de 30 dias.",Leitura sensível a ruído; requer conferência adicional antes de decisão forte.,O território está próximo de pares vizinhos e pode oscilar no próximo ciclo.,"Verificar eventos recentes, pressão territorial e coerência com inteligência local antes da próxima atualização do ranking."
2026-06-16T16:06:07,2026-06-15,src/core/orchestrator.py:get_combined_risk,cities_rmf_top20,6,PINDORETAMA,PINDORETAMA,rmf,cidade,16.02,baixo,65.8,baixa,63.9,moderada,1,1,36.0,5.7,0.0,50.0,13.3,100.0,40.0,100.0,0.12,72.2,14,14,False,stable,Atividade recente e vizinhança,50.0,CVLI recente na janela de 30 dias,20.0,Sinal Poisson do ranking operacional,5.7,Atividade recente e vizinhança: 50.0% | CVLI recente na janela de 30 dias: 20.0% | Sinal Poisson do ranking operacional: 5.7%,"PINDORETAMA aparece na posição 6 de 19, com risco 16.0 e nível baixo; é prioridade alta de acompanhamento.","O peso principal vem de atividade recente e vizinhança, com suporte territorial de 100.0% e 1 registros recentes na janela de 30 dias.",Leitura sensível a ruído; requer conferência adicional antes de decisão forte.,O território está próximo de pares vizinhos e pode oscilar no próximo ciclo.,"Verificar eventos recentes, pressão territorial e coerência com inteligência local antes da próxima atualização do ranking."
2026-06-16T16:06:07,2026-06-15,src/core/orchestrator.py:get_combined_risk,cities_rmf_top20,7,EUSEBIO,EUSEBIO,rmf,cidade,15.96,baixo,70.8,moderada,60.6,moderada,1,2,76.0,5.9,0.0,50.0,30.0,100.0,100.0,100.0,0.12,66.7,14,14,False,stable,Atividade recente e vizinhança,50.0,CVLI recente na janela de 30 dias,40.0,Sinal Poisson do ranking operacional,5.9,Atividade recente e vizinhança: 50.0% | CVLI recente na janela de 30 dias: 40.0% | Sinal Poisson do ranking operacional: 5.9%,"EUSEBIO aparece na posição 7 de 19, com risco 16.0 e nível baixo; é prioridade alta de acompanhamento.","O peso principal vem de atividade recente e vizinhança, com suporte territorial de 100.0% e 2 registros recentes na janela de 30 dias.","Leitura consistente, mas ainda pede validação operacional pontual.",O território está próximo de pares vizinhos e pode oscilar no próximo ciclo.,"Verificar eventos recentes, pressão territorial e coerência com inteligência local antes da próxima atualização do ranking."
2026-06-16T16:06:07,2026-06-15,src/core/orchestrator.py:get_combined_risk,cities_rmf_top20,8,PARAIPABA,PARAIPABA,rmf,cidade,15.6,baixo,70.8,moderada,57.1,moderada,1,2,49.0,5.3,0.0,50.0,26.7,100.0,72.5,100.0,0.1,61.1,14,14,False,stable,Atividade recente e vizinhança,50.0,CVLI recente na janela de 30 dias,40.0,Sinal Poisson do ranking operacional,5.3,Atividade recente e vizinhança: 50.0% | CVLI recente na janela de 30 dias: 40.0% | Sinal Poisson do ranking operacional: 5.3%,"PARAIPABA aparece na posição 8 de 19, com risco 15.6 e nível baixo; é prioridade alta de acompanhamento.","O peso principal vem de atividade recente e vizinhança, com suporte territorial de 100.0% e 2 registros recentes na janela de 30 dias.","Leitura consistente, mas ainda pede validação operacional pontual.",O território está próximo de pares vizinhos e pode oscilar no próximo ciclo.,"Verificar eventos recentes, pressão territorial e coerência com inteligência local antes da próxima atualização do ranking."
2026-06-16T16:06:07,2026-06-15,src/core/orchestrator.py:get_combined_risk,cities_rmf_top20,9,MARACANAU,MARACANAU,rmf,cidade,13.8,baixo,38.5,muito baixa,53.4,moderada,0,0,656.0,27.9,20.0,0.0,100.0,20.0,100.0,0.0,0.02,55.6,14,14,False,stable,Sinal Poisson do ranking operacional,27.9,Tensão territorial,20.0,Atividade recente e vizinhança,0.0,Sinal Poisson do ranking operacional: 27.9% | Tensão territorial: 20.0% | Atividade recente e vizinhança: 0.0%,"MARACANAU aparece na posição 9 de 19, com risco 13.8 e nível baixo; é prioridade alta de acompanhamento.","O peso principal vem de sinal poisson do ranking operacional, com suporte territorial de 20.0% e 0 registros recentes na janela de 30 dias.",Leitura sensível a ruído; requer conferência adicional antes de decisão forte.,O território está próximo de pares vizinhos e pode oscilar no próximo ciclo.,"Verificar eventos recentes, pressão territorial e coerência com inteligência local antes da próxima atualização do ranking."
2026-06-16T16:06:07,2026-06-15,src/core/orchestrator.py:get_combined_risk,cities_rmf_top20,10,MARANGUAPE,MARANGUAPE,rmf,cidade,5.42,baixo,36.4,muito baixa,48.3,baixa,0,0,293.0,12.8,0.0,0.0,100.0,20.0,100.0,0.0,-0.36,50.0,14,14,False,stable,Sinal Poisson do ranking operacional,12.8,Tensão territorial,0.0,Atividade recente e vizinhança,0.0,Sinal Poisson do ranking operacional: 12.8% | Tensão territorial: 0.0% | Atividade recente e vizinhança: 0.0%,"MARANGUAPE aparece na posição 10 de 19, com risco 5.4 e nível baixo; é prioridade alta de acompanhamento.","O peso principal vem de sinal poisson do ranking operacional, com suporte territorial de 20.0% e 0 registros recentes na janela de 30 dias.",Leitura sensível a ruído; requer conferência adicional antes de decisão forte.,O território está próximo de pares vizinhos e pode oscilar no próximo ciclo.,"Verificar eventos recentes, pressão territorial e coerência com inteligência local antes da próxima atualização do ranking."
2026-06-16T16:06:07,2026-06-15,src/core/orchestrator.py:get_combined_risk,cities_rmf_top20,11,PACATUBA,PACATUBA,rmf,cidade,2.65,baixo,48.1,muito baixa,44.3,baixa,0,1,195.0,6.0,0.0,0.0,90.0,50.0,100.0,50.0,-0.49,44.4,14,14,False,stable,CVLI recente na janela de 30 dias,20.0,Sinal Poisson do ranking operacional,6.0,Tensão territorial,0.0,CVLI recente na janela de 30 dias: 20.0% | Sinal Poisson do ranking operacional: 6.0% | Tensão territorial: 0.0%,"PACATUBA aparece na posição 11 de 19, com risco 2.6 e nível baixo; é território de atenção tática.","O peso principal vem de cvli recente na janela de 30 dias, com suporte territorial de 50.0% e 1 registros recentes na janela de 30 dias.",Leitura sensível a ruído; requer conferência adicional antes de decisão forte.,O território está próximo de pares vizinhos e pode oscilar no próximo ciclo.,"Verificar eventos recentes, pressão territorial e coerência com inteligência local antes da próxima atualização do ranking."
2026-06-16T16:06:07,2026-06-15,src/core/orchestrator.py:get_combined_risk,cities_rmf_top20,12,PACAJUS,PACAJUS,rmf,cidade,1.1,baixo,35.3,muito baixa,40.7,baixa,0,0,136.0,2.6,0.0,0.0,100.0,20.0,100.0,0.0,-0.56,38.9,14,14,False,stable,Sinal Poisson do ranking operacional,2.6,Tensão territorial,0.0,Atividade recente e vizinhança,0.0,Sinal Poisson do ranking operacional: 2.6% | Tensão territorial: 0.0% | Atividade recente e vizinhança: 0.0%,"PACAJUS aparece na posição 12 de 19, com risco 1.1 e nível baixo; é território de atenção tática.","O peso principal vem de sinal poisson do ranking operacional, com suporte territorial de 20.0% e 0 registros recentes na janela de 30 dias.",Leitura sensível a ruído; requer conferência adicional antes de decisão forte.,O território está próximo de pares vizinhos e pode oscilar no próximo ciclo.,"Verificar eventos recentes, pressão territorial e coerência com inteligência local antes da próxima atualização do ranking."
2026-06-16T16:06:07,2026-06-15,src/core/orchestrator.py:get_combined_risk,cities_rmf_top20,13,HORIZONTE,HORIZONTE,rmf,cidade,0.77,baixo,35.2,muito baixa,37.2,baixa,0,0,147.0,1.8,0.0,0.0,100.0,20.0,100.0,0.0,-0.57,33.3,14,14,False,stable,Sinal Poisson do ranking operacional,1.8,Tensão territorial,0.0,Atividade recente e vizinhança,0.0,Sinal Poisson do ranking operacional: 1.8% | Tensão territorial: 0.0% | Atividade recente e vizinhança: 0.0%,"HORIZONTE aparece na posição 13 de 19, com risco 0.8 e nível baixo; é território de atenção tática.","O peso principal vem de sinal poisson do ranking operacional, com suporte territorial de 20.0% e 0 registros recentes na janela de 30 dias.",Leitura sensível a ruído; requer conferência adicional antes de decisão forte.,O território está próximo de pares vizinhos e pode oscilar no próximo ciclo.,"Verificar eventos recentes, pressão territorial e coerência com inteligência local antes da próxima atualização do ranking."
2026-06-16T16:06:07,2026-06-15,src/core/orchestrator.py:get_combined_risk,cities_rmf_top20,14,PARACURU,PARACURU,rmf,cidade,0.76,baixo,35.2,muito baixa,33.9,baixa,0,0,80.0,1.8,0.0,0.0,100.0,20.0,100.0,0.0,-0.57,27.8,14,14,False,stable,Sinal Poisson do ranking operacional,1.8,Tensão territorial,0.0,Atividade recente e vizinhança,0.0,Sinal Poisson do ranking operacional: 1.8% | Tensão territorial: 0.0% | Atividade recente e vizinhança: 0.0%,"PARACURU aparece na posição 14 de 19, com risco 0.8 e nível baixo; é território de atenção tática.","O peso principal vem de sinal poisson do ranking operacional, com suporte territorial de 20.0% e 0 registros recentes na janela de 30 dias.",Leitura sensível a ruído; requer conferência adicional antes de decisão forte.,O território está próximo de pares vizinhos e pode oscilar no próximo ciclo.,"Verificar eventos recentes, pressão territorial e coerência com inteligência local antes da próxima atualização do ranking."
2026-06-16T16:06:07,2026-06-15,src/core/orchestrator.py:get_combined_risk,cities_rmf_top20,15,AQUIRAZ,AQUIRAZ,rmf,cidade,0.61,baixo,35.2,muito baixa,30.5,baixa,0,0,157.0,1.5,0.0,0.0,100.0,20.0,100.0,0.0,-0.58,22.2,14,14,False,stable,Sinal Poisson do ranking operacional,1.5,Tensão territorial,0.0,Atividade recente e vizinhança,0.0,Sinal Poisson do ranking operacional: 1.5% | Tensão territorial: 0.0% | Atividade recente e vizinhança: 0.0%,"AQUIRAZ aparece na posição 15 de 19, com risco 0.6 e nível baixo; é território de atenção tática.","O peso principal vem de sinal poisson do ranking operacional, com suporte territorial de 20.0% e 0 registros recentes na janela de 30 dias.",Leitura sensível a ruído; requer conferência adicional antes de decisão forte.,O território está próximo de pares vizinhos e pode oscilar no próximo ciclo.,"Verificar eventos recentes, pressão territorial e coerência com inteligência local antes da próxima atualização do ranking."
2026-06-16T16:06:07,2026-06-15,src/core/orchestrator.py:get_combined_risk,cities_rmf_top20,16,GUAIUBA,GUAIUBA,rmf,cidade,0.59,baixo,47.6,muito baixa,27.2,baixa,0,1,68.0,1.3,0.0,0.0,90.0,50.0,100.0,50.0,-0.58,16.7,14,14,False,stable,CVLI recente na janela de 30 dias,20.0,Sinal Poisson do ranking operacional,1.3,Tensão territorial,0.0,CVLI recente na janela de 30 dias: 20.0% | Sinal Poisson do ranking operacional: 1.3% | Tensão territorial: 0.0%,"GUAIUBA aparece na posição 16 de 19, com risco 0.6 e nível baixo; é território de atenção tática.","O peso principal vem de cvli recente na janela de 30 dias, com suporte territorial de 50.0% e 1 registros recentes na janela de 30 dias.",Leitura sensível a ruído; requer conferência adicional antes de decisão forte.,O território está próximo de pares vizinhos e pode oscilar no próximo ciclo.,"Verificar eventos recentes, pressão territorial e coerência com inteligência local antes da próxima atualização do ranking."
2026-06-16T16:06:07,2026-06-15,src/core/orchestrator.py:get_combined_risk,cities_rmf_top20,17,BEBERIBE,BEBERIBE,rmf,cidade,0.5,baixo,35.1,muito baixa,23.9,baixa,0,0,72.0,1.2,0.0,0.0,100.0,20.0,100.0,0.0,-0.58,11.1,14,14,False,stable,Sinal Poisson do ranking operacional,1.2,Tensão territorial,0.0,Atividade recente e vizinhança,0.0,Sinal Poisson do ranking operacional: 1.2% | Tensão territorial: 0.0% | Atividade recente e vizinhança: 0.0%,"BEBERIBE aparece na posição 17 de 19, com risco 0.5 e nível baixo; é território de atenção tática.","O peso principal vem de sinal poisson do ranking operacional, com suporte territorial de 20.0% e 0 registros recentes na janela de 30 dias.",Leitura sensível a ruído; requer conferência adicional antes de decisão forte.,O território está próximo de pares vizinhos e pode oscilar no próximo ciclo.,"Verificar eventos recentes, pressão territorial e coerência com inteligência local antes da próxima atualização do ranking."
2026-06-16T16:06:07,2026-06-15,src/core/orchestrator.py:get_combined_risk,cities_rmf_top20,18,SAO LUIS DO CURU,SAO LUIS DO CURU,rmf,cidade,0.01,baixo,30.8,muito baixa,20.5,baixa,0,0,26.0,0.0,0.0,0.0,100.0,3.0,15.0,0.0,-0.6,5.6,14,14,False,stable,Sinal Poisson do ranking operacional,0.0,Tensão territorial,0.0,Atividade recente e vizinhança,0.0,Sinal Poisson do ranking operacional: 0.0% | Tensão territorial: 0.0% | Atividade recente e vizinhança: 0.0%,"SAO LUIS DO CURU aparece na posição 18 de 19, com risco 0.0 e nível baixo; é território de atenção tática.","O peso principal vem de sinal poisson do ranking operacional, com suporte territorial de 3.0% e 0 registros recentes na janela de 30 dias.",Leitura sensível a ruído; requer conferência adicional antes de decisão forte.,O território está próximo de pares vizinhos e pode oscilar no próximo ciclo.,"Verificar eventos recentes, pressão territorial e coerência com inteligência local antes da próxima atualização do ranking."
2026-06-16T16:06:07,2026-06-15,src/core/orchestrator.py:get_combined_risk,cities_rmf_top20,19,CHOROZINHO,CHOROZINHO,rmf,cidade,0.0,baixo,31.9,muito baixa,17.1,baixa,0,0,35.0,0.0,0.0,0.0,100.0,7.5,37.5,0.0,-0.61,0.0,14,14,False,stable,Sinal Poisson do ranking operacional,0.0,Tensão territorial,0.0,Atividade recente e vizinhança,0.0,Sinal Poisson do ranking operacional: 0.0% | Tensão territorial: 0.0% | Atividade recente e vizinhança: 0.0%,"CHOROZINHO aparece na posição 19 de 19, com risco 0.0 e nível baixo; é território de atenção tática.","O peso principal vem de sinal poisson do ranking operacional, com suporte territorial de 7.5% e 0 registros recentes na janela de 30 dias.",Leitura sensível a ruído; requer conferência adicional antes de decisão forte.,O território está próximo de pares vizinhos e pode oscilar no próximo ciclo.,"Verificar eventos recentes, pressão territorial e coerência com inteligência local antes da próxima atualização do ranking."
2026-06-16T16:06:07,2026-06-15,src/core/orchestrator.py:get_combined_risk,cities_interior_top30,1,SOBRAL,SOBRAL,interior,cidade,95.97,crítico,99.0,alta,96.9,muito alta,3,4,386.0,98.4,100.0,100.0,13.3,100.0,100.0,100.0,3.51,100.0,14,14,False,stable,Tensão territorial,100.0,Atividade recente e vizinhança,100.0,Sinal Poisson do ranking operacional,98.4,Tensão territorial: 100.0% | Atividade recente e vizinhança: 100.0% | Sinal Poisson do ranking operacional: 98.4%,"SOBRAL aparece na posição 1 de 50, com risco 96.0 e nível crítico; é prioridade imediata de acompanhamento.","O peso principal vem de tensão territorial, com suporte territorial de 100.0% e 4 registros recentes na janela de 30 dias.",Leitura com boa sustentação dos sinais atuais.,O território está bem destacado no ranking frente aos pares.,"Verificar eventos recentes, pressão territorial e coerência com inteligência local antes da próxima atualização do ranking."
2026-06-16T16:06:07,2026-06-15,src/core/orchestrator.py:get_combined_risk,cities_interior_top30,2,JUAZEIRO DO NORTE,JUAZEIRO DO NORTE,interior,cidade,95.45,crítico,99.0,alta,95.5,muito alta,2,4,318.0,100.0,100.0,100.0,20.0,100.0,100.0,100.0,3.49,98.0,14,14,False,stable,Sinal Poisson do ranking operacional,100.0,Tensão territorial,100.0,Atividade recente e vizinhança,100.0,Sinal Poisson do ranking operacional: 100.0% | Tensão territorial: 100.0% | Atividade recente e vizinhança: 100.0%,"JUAZEIRO DO NORTE aparece na posição 2 de 50, com risco 95.5 e nível crítico; é prioridade imediata de acompanhamento.","O peso principal vem de sinal poisson do ranking operacional, com suporte territorial de 100.0% e 4 registros recentes na janela de 30 dias.",Leitura com boa sustentação dos sinais atuais.,O território está bem destacado no ranking frente aos pares.,"Verificar eventos recentes, pressão territorial e coerência com inteligência local antes da próxima atualização do ranking."
2026-06-16T16:06:07,2026-06-15,src/core/orchestrator.py:get_combined_risk,cities_interior_top30,3,ITAPIPOCA,ITAPIPOCA,interior,cidade,51.8,alto,89.6,alta,84.9,alta,2,4,195.0,26.5,100.0,100.0,6.7,100.0,100.0,100.0,1.54,95.9,14,14,False,stable,Tensão territorial,100.0,Atividade recente e vizinhança,100.0,CVLI recente na janela de 30 dias,80.0,Tensão territorial: 100.0% | Atividade recente e vizinhança: 100.0% | CVLI recente na janela de 30 dias: 80.0%,"ITAPIPOCA aparece na posição 3 de 50, com risco 51.8 e nível alto; é prioridade imediata de acompanhamento.","O peso principal vem de tensão territorial, com suporte territorial de 100.0% e 4 registros recentes na janela de 30 dias.",Leitura com boa sustentação dos sinais atuais.,"O território se diferencia do bloco intermediário, mas sem isolamento absoluto.","Verificar eventos recentes, pressão territorial e coerência com inteligência local antes da próxima atualização do ranking."
2026-06-16T16:06:07,2026-06-15,src/core/orchestrator.py:get_combined_risk,cities_interior_top30,4,MORADA NOVA,MORADA NOVA,interior,cidade,50.03,moderado,84.2,moderada,83.3,alta,2,3,150.0,24.0,100.0,100.0,10.0,100.0,100.0,100.0,1.46,93.9,14,14,False,stable,Tensão territorial,100.0,Atividade recente e vizinhança,100.0,CVLI recente na janela de 30 dias,60.0,Tensão territorial: 100.0% | Atividade recente e vizinhança: 100.0% | CVLI recente na janela de 30 dias: 60.0%,"MORADA NOVA aparece na posição 4 de 50, com risco 50.0 e nível moderado; é prioridade imediata de acompanhamento.","O peso principal vem de tensão territorial, com suporte territorial de 100.0% e 3 registros recentes na janela de 30 dias.","Leitura consistente, mas ainda pede validação operacional pontual.","O território se diferencia do bloco intermediário, mas sem isolamento absoluto.","Verificar eventos recentes, pressão territorial e coerência com inteligência local antes da próxima atualização do ranking."
2026-06-16T16:06:07,2026-06-15,src/core/orchestrator.py:get_combined_risk,cities_interior_top30,5,BOA VIAGEM,BOA VIAGEM,interior,cidade,47.01,moderado,83.5,moderada,81.4,alta,2,3,118.0,18.9,100.0,100.0,6.7,100.0,100.0,100.0,1.32,91.8,14,14,False,stable,Tensão territorial,100.0,Atividade recente e vizinhança,100.0,CVLI recente na janela de 30 dias,60.0,Tensão territorial: 100.0% | Atividade recente e vizinhança: 100.0% | CVLI recente na janela de 30 dias: 60.0%,"BOA VIAGEM aparece na posição 5 de 50, com risco 47.0 e nível moderado; é prioridade imediata de acompanhamento.","O peso principal vem de tensão territorial, com suporte territorial de 100.0% e 3 registros recentes na janela de 30 dias.","Leitura consistente, mas ainda pede validação operacional pontual.","O território se diferencia do bloco intermediário, mas sem isolamento absoluto.","Verificar eventos recentes, pressão territorial e coerência com inteligência local antes da próxima atualização do ranking."
2026-06-16T16:06:07,2026-06-15,src/core/orchestrator.py:get_combined_risk,cities_interior_top30,6,AMONTADA,AMONTADA,interior,cidade,45.15,moderado,88.3,alta,79.8,alta,2,5,141.0,17.0,100.0,100.0,23.3,100.0,100.0,100.0,1.24,89.8,14,14,False,stable,Tensão territorial,100.0,Atividade recente e vizinhança,100.0,CVLI recente na janela de 30 dias,100.0,Tensão territorial: 100.0% | Atividade recente e vizinhança: 100.0% | CVLI recente na janela de 30 dias: 100.0%,"AMONTADA aparece na posição 6 de 50, com risco 45.1 e nível moderado; é prioridade alta de acompanhamento.","O peso principal vem de tensão territorial, com suporte territorial de 100.0% e 5 registros recentes na janela de 30 dias.",Leitura com boa sustentação dos sinais atuais.,"O território se diferencia do bloco intermediário, mas sem isolamento absoluto.","Verificar eventos recentes, pressão territorial e coerência com inteligência local antes da próxima atualização do ranking."
2026-06-16T16:06:07,2026-06-15,src/core/orchestrator.py:get_combined_risk,cities_interior_top30,7,LIMOEIRO DO NORTE,LIMOEIRO DO NORTE,interior,cidade,44.17,moderado,82.9,moderada,78.4,alta,2,3,100.0,14.4,100.0,100.0,6.7,100.0,100.0,100.0,1.19,87.8,14,14,False,stable,Tensão territorial,100.0,Atividade recente e vizinhança,100.0,CVLI recente na janela de 30 dias,60.0,Tensão territorial: 100.0% | Atividade recente e vizinhança: 100.0% | CVLI recente na janela de 30 dias: 60.0%,"LIMOEIRO DO NORTE aparece na posição 7 de 50, com risco 44.2 e nível moderado; é prioridade alta de acompanhamento.","O peso principal vem de tensão territorial, com suporte territorial de 100.0% e 3 registros recentes na janela de 30 dias.","Leitura consistente, mas ainda pede validação operacional pontual.","O território se diferencia do bloco intermediário, mas sem isolamento absoluto.","Verificar eventos recentes, pressão territorial e coerência com inteligência local antes da próxima atualização do ranking."
2026-06-16T16:06:07,2026-06-15,src/core/orchestrator.py:get_combined_risk,cities_interior_top30,8,ITAPIUNA,ITAPIUNA,interior,cidade,38.01,moderado,81.6,moderada,75.8,alta,2,3,45.0,4.9,100.0,100.0,16.7,100.0,62.5,100.0,0.92,85.7,14,14,False,stable,Tensão territorial,100.0,Atividade recente e vizinhança,100.0,CVLI recente na janela de 30 dias,60.0,Tensão territorial: 100.0% | Atividade recente e vizinhança: 100.0% | CVLI recente na janela de 30 dias: 60.0%,"ITAPIUNA aparece na posição 8 de 50, com risco 38.0 e nível moderado; é prioridade alta de acompanhamento.","O peso principal vem de tensão territorial, com suporte territorial de 100.0% e 3 registros recentes na janela de 30 dias.","Leitura consistente, mas ainda pede validação operacional pontual.","O território se diferencia do bloco intermediário, mas sem isolamento absoluto.","Verificar eventos recentes, pressão territorial e coerência com inteligência local antes da próxima atualização do ranking."
2026-06-16T16:06:07,2026-06-15,src/core/orchestrator.py:get_combined_risk,cities_interior_top30,9,CRATO,CRATO,interior,cidade,36.28,moderado,80.6,moderada,74.3,alta,1,2,181.0,24.6,100.0,50.0,40.0,100.0,100.0,100.0,0.84,83.7,14,14,False,stable,Tensão territorial,100.0,Atividade recente e vizinhança,50.0,CVLI recente na janela de 30 dias,40.0,Tensão territorial: 100.0% | Atividade recente e vizinhança: 50.0% | CVLI recente na janela de 30 dias: 40.0%,"CRATO aparece na posição 9 de 50, com risco 36.3 e nível moderado; é prioridade alta de acompanhamento.","O peso principal vem de tensão territorial, com suporte territorial de 100.0% e 2 registros recentes na janela de 30 dias.","Leitura consistente, mas ainda pede validação operacional pontual.","O território se diferencia do bloco intermediário, mas sem isolamento absoluto.","Verificar eventos recentes, pressão territorial e coerência com inteligência local antes da próxima atualização do ranking."
2026-06-16T16:06:07,2026-06-15,src/core/orchestrator.py:get_combined_risk,cities_interior_top30,10,QUIXADA,QUIXADA,interior,cidade,35.33,moderado,75.1,moderada,72.8,alta,1,1,147.0,20.0,100.0,50.0,3.3,100.0,100.0,100.0,0.8,81.6,14,14,False,stable,Tensão territorial,100.0,Atividade recente e vizinhança,50.0,CVLI recente na janela de 30 dias,20.0,Tensão territorial: 100.0% | Atividade recente e vizinhança: 50.0% | CVLI recente na janela de 30 dias: 20.0%,"QUIXADA aparece na posição 10 de 50, com risco 35.3 e nível moderado; é prioridade alta de acompanhamento.","O peso principal vem de tensão territorial, com suporte territorial de 100.0% e 1 registros recentes na janela de 30 dias.","Leitura consistente, mas ainda pede validação operacional pontual.","O território se diferencia do bloco intermediário, mas sem isolamento absoluto.","Verificar eventos recentes, pressão territorial e coerência com inteligência local antes da próxima atualização do ranking."
2026-06-16T16:06:07,2026-06-15,src/core/orchestrator.py:get_combined_risk,cities_interior_top30,11,RUSSAS,RUSSAS,interior,cidade,32.98,moderado,84.7,moderada,71.1,alta,1,3,112.0,16.5,100.0,50.0,6.7,100.0,100.0,100.0,0.69,79.6,14,14,False,stable,Tensão territorial,100.0,CVLI recente na janela de 30 dias,60.0,Atividade recente e vizinhança,50.0,Tensão territorial: 100.0% | CVLI recente na janela de 30 dias: 60.0% | Atividade recente e vizinhança: 50.0%,"RUSSAS aparece na posição 11 de 50, com risco 33.0 e nível moderado; é território de atenção tática.","O peso principal vem de tensão territorial, com suporte territorial de 100.0% e 3 registros recentes na janela de 30 dias.","Leitura consistente, mas ainda pede validação operacional pontual.","O território se diferencia do bloco intermediário, mas sem isolamento absoluto.","Verificar eventos recentes, pressão territorial e coerência com inteligência local antes da próxima atualização do ranking."
2026-06-16T16:06:07,2026-06-15,src/core/orchestrator.py:get_combined_risk,cities_interior_top30,12,FORQUILHA,FORQUILHA,interior,cidade,28.36,baixo,73.9,moderada,68.9,moderada,1,1,90.0,9.7,100.0,50.0,20.0,100.0,100.0,100.0,0.49,77.6,14,14,False,stable,Tensão territorial,100.0,Atividade recente e vizinhança,50.0,CVLI recente na janela de 30 dias,20.0,Tensão territorial: 100.0% | Atividade recente e vizinhança: 50.0% | CVLI recente na janela de 30 dias: 20.0%,"FORQUILHA aparece na posição 12 de 50, com risco 28.4 e nível baixo; é território de atenção tática.","O peso principal vem de tensão territorial, com suporte territorial de 100.0% e 1 registros recentes na janela de 30 dias.","Leitura consistente, mas ainda pede validação operacional pontual.",O território está próximo de pares vizinhos e pode oscilar no próximo ciclo.,"Verificar eventos recentes, pressão territorial e coerência com inteligência local antes da próxima atualização do ranking."
2026-06-16T16:06:07,2026-06-15,src/core/orchestrator.py:get_combined_risk,cities_interior_top30,13,PEDRA BRANCA,PEDRA BRANCA,interior,cidade,25.76,baixo,73.5,moderada,67.1,moderada,1,1,57.0,5.8,100.0,50.0,36.7,100.0,92.5,100.0,0.37,75.5,14,14,False,stable,Tensão territorial,100.0,Atividade recente e vizinhança,50.0,CVLI recente na janela de 30 dias,20.0,Tensão territorial: 100.0% | Atividade recente e vizinhança: 50.0% | CVLI recente na janela de 30 dias: 20.0%,"PEDRA BRANCA aparece na posição 13 de 50, com risco 25.8 e nível baixo; é território de atenção tática.","O peso principal vem de tensão territorial, com suporte territorial de 100.0% e 1 registros recentes na janela de 30 dias.","Leitura consistente, mas ainda pede validação operacional pontual.",O território está próximo de pares vizinhos e pode oscilar no próximo ciclo.,"Verificar eventos recentes, pressão territorial e coerência com inteligência local antes da próxima atualização do ranking."
2026-06-16T16:06:07,2026-06-15,src/core/orchestrator.py:get_combined_risk,cities_interior_top30,14,VICOSA DO CEARA,VICOSA DO CEARA,interior,cidade,25.34,baixo,73.3,moderada,65.8,moderada,1,1,43.0,4.6,100.0,50.0,13.3,100.0,57.5,100.0,0.35,73.5,14,14,False,stable,Tensão territorial,100.0,Atividade recente e vizinhança,50.0,CVLI recente na janela de 30 dias,20.0,Tensão territorial: 100.0% | Atividade recente e vizinhança: 50.0% | CVLI recente na janela de 30 dias: 20.0%,"VICOSA DO CEARA aparece na posição 14 de 50, com risco 25.3 e nível baixo; é território de atenção tática.","O peso principal vem de tensão territorial, com suporte territorial de 100.0% e 1 registros recentes na janela de 30 dias.","Leitura consistente, mas ainda pede validação operacional pontual.",O território está próximo de pares vizinhos e pode oscilar no próximo ciclo.,"Verificar eventos recentes, pressão territorial e coerência com inteligência local antes da próxima atualização do ranking."
2026-06-16T16:06:07,2026-06-15,src/core/orchestrator.py:get_combined_risk,cities_interior_top30,15,SENADOR POMPEU,SENADOR POMPEU,interior,cidade,24.35,baixo,73.1,moderada,64.3,moderada,1,1,35.0,3.1,100.0,50.0,23.3,100.0,37.5,100.0,0.31,71.4,14,14,False,stable,Tensão territorial,100.0,Atividade recente e vizinhança,50.0,CVLI recente na janela de 30 dias,20.0,Tensão territorial: 100.0% | Atividade recente e vizinhança: 50.0% | CVLI recente na janela de 30 dias: 20.0%,"SENADOR POMPEU aparece na posição 15 de 50, com risco 24.4 e nível baixo; é território de atenção tática.","O peso principal vem de tensão territorial, com suporte territorial de 100.0% e 1 registros recentes na janela de 30 dias.","Leitura consistente, mas ainda pede validação operacional pontual.",O território está próximo de pares vizinhos e pode oscilar no próximo ciclo.,"Verificar eventos recentes, pressão territorial e coerência com inteligência local antes da próxima atualização do ranking."
2026-06-16T16:06:07,2026-06-15,src/core/orchestrator.py:get_combined_risk,cities_interior_top30,16,IRAUCUBA,IRAUCUBA,interior,cidade,24.08,baixo,73.1,moderada,63.1,moderada,1,1,35.0,2.8,100.0,50.0,36.7,100.0,37.5,100.0,0.3,69.4,14,14,False,stable,Tensão territorial,100.0,Atividade recente e vizinhança,50.0,CVLI recente na janela de 30 dias,20.0,Tensão territorial: 100.0% | Atividade recente e vizinhança: 50.0% | CVLI recente na janela de 30 dias: 20.0%,"IRAUCUBA aparece na posição 16 de 50, com risco 24.1 e nível baixo; é território de atenção tática.","O peso principal vem de tensão territorial, com suporte territorial de 100.0% e 1 registros recentes na janela de 30 dias.","Leitura consistente, mas ainda pede validação operacional pontual.",O território está próximo de pares vizinhos e pode oscilar no próximo ciclo.,"Verificar eventos recentes, pressão territorial e coerência com inteligência local antes da próxima atualização do ranking."
2026-06-16T16:06:07,2026-06-15,src/core/orchestrator.py:get_combined_risk,cities_interior_top30,17,GRACA,GRACA,interior,cidade,23.99,baixo,73.1,moderada,61.8,moderada,1,1,26.0,2.5,100.0,50.0,23.3,100.0,15.0,100.0,0.29,67.3,14,14,False,stable,Tensão territorial,100.0,Atividade recente e vizinhança,50.0,CVLI recente na janela de 30 dias,20.0,Tensão territorial: 100.0% | Atividade recente e vizinhança: 50.0% | CVLI recente na janela de 30 dias: 20.0%,"GRACA aparece na posição 17 de 50, com risco 24.0 e nível baixo; é território de atenção tática.","O peso principal vem de tensão territorial, com suporte territorial de 100.0% e 1 registros recentes na janela de 30 dias.","Leitura consistente, mas ainda pede validação operacional pontual.",O território está próximo de pares vizinhos e pode oscilar no próximo ciclo.,"Verificar eventos recentes, pressão territorial e coerência com inteligência local antes da próxima atualização do ranking."
2026-06-16T16:06:07,2026-06-15,src/core/orchestrator.py:get_combined_risk,cities_interior_top30,18,NOVO ORIENTE,NOVO ORIENTE,interior,cidade,23.49,baixo,73.0,moderada,60.5,moderada,1,1,28.0,1.7,100.0,50.0,33.3,100.0,20.0,100.0,0.27,65.3,14,14,False,stable,Tensão territorial,100.0,Atividade recente e vizinhança,50.0,CVLI recente na janela de 30 dias,20.0,Tensão territorial: 100.0% | Atividade recente e vizinhança: 50.0% | CVLI recente na janela de 30 dias: 20.0%,"NOVO ORIENTE aparece na posição 18 de 50, com risco 23.5 e nível baixo; é território de atenção tática.","O peso principal vem de tensão territorial, com suporte territorial de 100.0% e 1 registros recentes na janela de 30 dias.","Leitura consistente, mas ainda pede validação operacional pontual.",O território está próximo de pares vizinhos e pode oscilar no próximo ciclo.,"Verificar eventos recentes, pressão territorial e coerência com inteligência local antes da próxima atualização do ranking."
2026-06-16T16:06:07,2026-06-15,src/core/orchestrator.py:get_combined_risk,cities_interior_top30,19,TAUA,TAUA,interior,cidade,16.01,baixo,80.8,moderada,57.7,moderada,1,4,52.0,5.7,0.0,50.0,16.7,100.0,80.0,100.0,-0.07,63.3,14,14,False,stable,CVLI recente na janela de 30 dias,80.0,Atividade recente e vizinhança,50.0,Sinal Poisson do ranking operacional,5.7,CVLI recente na janela de 30 dias: 80.0% | Atividade recente e vizinhança: 50.0% | Sinal Poisson do ranking operacional: 5.7%,"TAUA aparece na posição 19 de 50, com risco 16.0 e nível baixo; é território de atenção tática.","O peso principal vem de cvli recente na janela de 30 dias, com suporte territorial de 100.0% e 4 registros recentes na janela de 30 dias.","Leitura consistente, mas ainda pede validação operacional pontual.",O território está próximo de pares vizinhos e pode oscilar no próximo ciclo.,"Verificar eventos recentes, pressão territorial e coerência com inteligência local antes da próxima atualização do ranking."
2026-06-16T16:06:07,2026-06-15,src/core/orchestrator.py:get_combined_risk,cities_interior_top30,20,TIANGUA,TIANGUA,interior,cidade,12.8,baixo,53.7,muito baixa,55.7,moderada,0,1,127.0,15.0,50.0,0.0,56.7,50.0,100.0,50.0,-0.21,61.2,14,14,False,stable,Tensão territorial,50.0,CVLI recente na janela de 30 dias,20.0,Sinal Poisson do ranking operacional,15.0,Tensão territorial: 50.0% | CVLI recente na janela de 30 dias: 20.0% | Sinal Poisson do ranking operacional: 15.0%,"TIANGUA aparece na posição 20 de 50, com risco 12.8 e nível baixo; é território de atenção tática.","O peso principal vem de tensão territorial, com suporte territorial de 50.0% e 1 registros recentes na janela de 30 dias.",Leitura sensível a ruído; requer conferência adicional antes de decisão forte.,O território está próximo de pares vizinhos e pode oscilar no próximo ciclo.,"Verificar eventos recentes, pressão territorial e coerência com inteligência local antes da próxima atualização do ranking."
2026-06-16T16:06:07,2026-06-15,src/core/orchestrator.py:get_combined_risk,cities_interior_top30,21,ACOPIARA,ACOPIARA,interior,cidade,12.22,baixo,76.1,moderada,54.4,moderada,0,2,46.0,4.3,100.0,0.0,56.7,100.0,65.0,100.0,-0.24,59.2,14,14,False,stable,Tensão territorial,100.0,CVLI recente na janela de 30 dias,40.0,Sinal Poisson do ranking operacional,4.3,Tensão territorial: 100.0% | CVLI recente na janela de 30 dias: 40.0% | Sinal Poisson do ranking operacional: 4.3%,"ACOPIARA aparece na posição 21 de 50, com risco 12.2 e nível baixo; é território de atenção tática.","O peso principal vem de tensão territorial, com suporte territorial de 100.0% e 2 registros recentes na janela de 30 dias.","Leitura consistente, mas ainda pede validação operacional pontual.",O território está próximo de pares vizinhos e pode oscilar no próximo ciclo.,"Verificar eventos recentes, pressão territorial e coerência com inteligência local antes da próxima atualização do ranking."
2026-06-16T16:06:07,2026-06-15,src/core/orchestrator.py:get_combined_risk,cities_interior_top30,22,ICAPUI,ICAPUI,interior,cidade,11.46,baixo,76.1,moderada,53.0,moderada,0,2,32.0,2.9,100.0,0.0,63.3,100.0,30.0,100.0,-0.27,57.1,14,14,False,stable,Tensão territorial,100.0,CVLI recente na janela de 30 dias,40.0,Sinal Poisson do ranking operacional,2.9,Tensão territorial: 100.0% | CVLI recente na janela de 30 dias: 40.0% | Sinal Poisson do ranking operacional: 2.9%,"ICAPUI aparece na posição 22 de 50, com risco 11.5 e nível baixo; é território de atenção tática.","O peso principal vem de tensão territorial, com suporte territorial de 100.0% e 2 registros recentes na janela de 30 dias.","Leitura consistente, mas ainda pede validação operacional pontual.",O território está próximo de pares vizinhos e pode oscilar no próximo ciclo.,"Verificar eventos recentes, pressão territorial e coerência com inteligência local antes da próxima atualização do ranking."
2026-06-16T16:06:07,2026-06-15,src/core/orchestrator.py:get_combined_risk,cities_interior_top30,23,ITAPAJE,ITAPAJE,interior,cidade,9.69,baixo,53.5,muito baixa,51.4,moderada,0,1,97.0,9.7,50.0,0.0,73.3,50.0,100.0,50.0,-0.35,55.1,14,14,False,stable,Tensão territorial,50.0,CVLI recente na janela de 30 dias,20.0,Sinal Poisson do ranking operacional,9.7,Tensão territorial: 50.0% | CVLI recente na janela de 30 dias: 20.0% | Sinal Poisson do ranking operacional: 9.7%,"ITAPAJE aparece na posição 23 de 50, com risco 9.7 e nível baixo; é território de atenção tática.","O peso principal vem de tensão territorial, com suporte territorial de 50.0% e 1 registros recentes na janela de 30 dias.",Leitura sensível a ruído; requer conferência adicional antes de decisão forte.,O território está próximo de pares vizinhos e pode oscilar no próximo ciclo.,"Verificar eventos recentes, pressão territorial e coerência com inteligência local antes da próxima atualização do ranking."
2026-06-16T16:06:07,2026-06-15,src/core/orchestrator.py:get_combined_risk,cities_interior_top30,24,CARIRE,CARIRE,interior,cidade,6.55,baixo,53.1,muito baixa,49.5,baixa,0,1,53.0,3.2,50.0,0.0,73.3,50.0,82.5,50.0,-0.49,53.1,14,14,False,stable,Tensão territorial,50.0,CVLI recente na janela de 30 dias,20.0,Sinal Poisson do ranking operacional,3.2,Tensão territorial: 50.0% | CVLI recente na janela de 30 dias: 20.0% | Sinal Poisson do ranking operacional: 3.2%,"CARIRE aparece na posição 24 de 50, com risco 6.5 e nível baixo; é território de atenção tática.","O peso principal vem de tensão territorial, com suporte territorial de 50.0% e 1 registros recentes na janela de 30 dias.",Leitura sensível a ruído; requer conferência adicional antes de decisão forte.,O território está próximo de pares vizinhos e pode oscilar no próximo ciclo.,"Verificar eventos recentes, pressão territorial e coerência com inteligência local antes da próxima atualização do ranking."
2026-06-16T16:06:07,2026-06-15,src/core/orchestrator.py:get_combined_risk,cities_interior_top30,25,GROAIRAS,GROAIRAS,interior,cidade,5.86,baixo,53.1,muito baixa,48.1,baixa,0,1,48.0,1.9,50.0,0.0,86.7,50.0,70.0,50.0,-0.52,51.0,14,14,False,stable,Tensão territorial,50.0,CVLI recente na janela de 30 dias,20.0,Sinal Poisson do ranking operacional,1.9,Tensão territorial: 50.0% | CVLI recente na janela de 30 dias: 20.0% | Sinal Poisson do ranking operacional: 1.9%,"GROAIRAS aparece na posição 25 de 50, com risco 5.9 e nível baixo; é território de atenção tática.","O peso principal vem de tensão territorial, com suporte territorial de 50.0% e 1 registros recentes na janela de 30 dias.",Leitura sensível a ruído; requer conferência adicional antes de decisão forte.,O território está próximo de pares vizinhos e pode oscilar no próximo ciclo.,"Verificar eventos recentes, pressão territorial e coerência com inteligência local antes da próxima atualização do ranking."
2026-06-16T16:06:07,2026-06-15,src/core/orchestrator.py:get_combined_risk,cities_interior_top30,26,ARACATI,ARACATI,interior,cidade,4.88,baixo,37.5,muito baixa,46.7,baixa,0,0,96.0,6.8,20.0,0.0,100.0,20.0,100.0,0.0,-0.56,49.0,14,14,False,stable,Tensão territorial,20.0,Sinal Poisson do ranking operacional,6.8,Atividade recente e vizinhança,0.0,Tensão territorial: 20.0% | Sinal Poisson do ranking operacional: 6.8% | Atividade recente e vizinhança: 0.0%,"ARACATI aparece na posição 26 de 50, com risco 4.9 e nível baixo; é território de atenção tática.","O peso principal vem de tensão territorial, com suporte territorial de 20.0% e 0 registros recentes na janela de 30 dias.",Leitura sensível a ruído; requer conferência adicional antes de decisão forte.,O território está próximo de pares vizinhos e pode oscilar no próximo ciclo.,"Verificar eventos recentes, pressão territorial e coerência com inteligência local antes da próxima atualização do ranking."
2026-06-16T16:06:07,2026-06-15,src/core/orchestrator.py:get_combined_risk,cities_interior_top30,27,SAO BENEDITO,SAO BENEDITO,interior,cidade,4.68,baixo,37.5,muito baixa,45.4,baixa,0,0,89.0,6.3,20.0,0.0,100.0,20.0,100.0,0.0,-0.57,46.9,14,14,False,stable,Tensão territorial,20.0,Sinal Poisson do ranking operacional,6.3,Atividade recente e vizinhança,0.0,Tensão territorial: 20.0% | Sinal Poisson do ranking operacional: 6.3% | Atividade recente e vizinhança: 0.0%,"SAO BENEDITO aparece na posição 27 de 50, com risco 4.7 e nível baixo; é território de atenção tática.","O peso principal vem de tensão territorial, com suporte territorial de 20.0% e 0 registros recentes na janela de 30 dias.",Leitura sensível a ruído; requer conferência adicional antes de decisão forte.,O território está próximo de pares vizinhos e pode oscilar no próximo ciclo.,"Verificar eventos recentes, pressão territorial e coerência com inteligência local antes da próxima atualização do ranking."
2026-06-16T16:06:07,2026-06-15,src/core/orchestrator.py:get_combined_risk,cities_interior_top30,28,IGUATU,IGUATU,interior,cidade,4.66,baixo,37.5,muito baixa,44.2,baixa,0,0,92.0,6.3,20.0,0.0,100.0,20.0,100.0,0.0,-0.57,44.9,14,14,False,stable,Tensão territorial,20.0,Sinal Poisson do ranking operacional,6.3,Atividade recente e vizinhança,0.0,Tensão territorial: 20.0% | Sinal Poisson do ranking operacional: 6.3% | Atividade recente e vizinhança: 0.0%,"IGUATU aparece na posição 28 de 50, com risco 4.7 e nível baixo; é território de atenção tática.","O peso principal vem de tensão territorial, com suporte territorial de 20.0% e 0 registros recentes na janela de 30 dias.",Leitura sensível a ruído; requer conferência adicional antes de decisão forte.,O território está próximo de pares vizinhos e pode oscilar no próximo ciclo.,"Verificar eventos recentes, pressão territorial e coerência com inteligência local antes da próxima atualização do ranking."
2026-06-16T16:06:07,2026-06-15,src/core/orchestrator.py:get_combined_risk,cities_interior_top30,29,CAMOCIM,CAMOCIM,interior,cidade,4.42,baixo,37.5,muito baixa,42.9,baixa,0,0,77.0,5.7,20.0,0.0,100.0,20.0,100.0,0.0,-0.58,42.9,14,14,False,stable,Tensão territorial,20.0,Sinal Poisson do ranking operacional,5.7,Atividade recente e vizinhança,0.0,Tensão territorial: 20.0% | Sinal Poisson do ranking operacional: 5.7% | Atividade recente e vizinhança: 0.0%,"CAMOCIM aparece na posição 29 de 50, com risco 4.4 e nível baixo; é território de atenção tática.","O peso principal vem de tensão territorial, com suporte territorial de 20.0% e 0 registros recentes na janela de 30 dias.",Leitura sensível a ruído; requer conferência adicional antes de decisão forte.,O território está próximo de pares vizinhos e pode oscilar no próximo ciclo.,"Verificar eventos recentes, pressão territorial e coerência com inteligência local antes da próxima atualização do ranking."
2026-06-16T16:06:07,2026-06-15,src/core/orchestrator.py:get_combined_risk,cities_interior_top30,30,ITAREMA,ITAREMA,interior,cidade,4.41,baixo,37.5,muito baixa,41.7,baixa,0,0,126.0,5.7,20.0,0.0,100.0,20.0,100.0,0.0,-0.58,40.8,14,14,False,stable,Tensão territorial,20.0,Sinal Poisson do ranking operacional,5.7,Atividade recente e vizinhança,0.0,Tensão territorial: 20.0% | Sinal Poisson do ranking operacional: 5.7% | Atividade recente e vizinhança: 0.0%,"ITAREMA aparece na posição 30 de 50, com risco 4.4 e nível baixo; é território de atenção tática.","O peso principal vem de tensão territorial, com suporte territorial de 20.0% e 0 registros recentes na janela de 30 dias.",Leitura sensível a ruído; requer conferência adicional antes de decisão forte.,O território está próximo de pares vizinhos e pode oscilar no próximo ciclo.,"Verificar eventos recentes, pressão territorial e coerência com inteligência local antes da próxima atualização do ranking."
2026-06-16T16:06:07,2026-06-15,src/core/orchestrator.py:get_combined_risk,fortaleza_bairros_top30,1,BARRA DO CEARA,BARRA DO CEARA,fortaleza,bairro,80.67,crítico,82.9,moderada,100.0,muito alta,1,2,135.0,100.0,100.0,50.0,30.0,100.0,100.0,100.0,5.72,100.0,90,90,False,stable,Sinal Poisson do ranking operacional,100.0,Tensão territorial,100.0,Atividade recente e vizinhança,50.0,Sinal Poisson do ranking operacional: 100.0% | Tensão territorial: 100.0% | Atividade recente e vizinhança: 50.0%,"BARRA DO CEARA aparece na posição 1 de 101, com risco 80.7 e nível crítico; é prioridade imediata de acompanhamento.","O peso principal vem de sinal poisson do ranking operacional, com suporte territorial de 100.0% e 2 registros recentes na janela de 30 dias.","Leitura consistente, mas ainda pede validação operacional pontual.",O território está bem destacado no ranking frente aos pares.,"Verificar eventos recentes, pressão territorial e coerência com inteligência local antes da próxima atualização do ranking."
2026-06-16T16:06:07,2026-06-15,src/core/orchestrator.py:get_combined_risk,fortaleza_bairros_top30,2,PLANALTO AYRTON SENNA,PLANALTO AYRTON SENNA,fortaleza,bairro,58.04,alto,80.9,moderada,98.5,muito alta,2,2,95.0,35.9,100.0,100.0,3.3,100.0,100.0,100.0,3.97,99.0,90,90,False,stable,Tensão territorial,100.0,Atividade recente e vizinhança,100.0,CVLI recente na janela de 30 dias,40.0,Tensão territorial: 100.0% | Atividade recente e vizinhança: 100.0% | CVLI recente na janela de 30 dias: 40.0%,"PLANALTO AYRTON SENNA aparece na posição 2 de 101, com risco 58.0 e nível alto; é prioridade imediata de acompanhamento.","O peso principal vem de tensão territorial, com suporte territorial de 100.0% e 2 registros recentes na janela de 30 dias.","Leitura consistente, mas ainda pede validação operacional pontual.",O território está bem destacado no ranking frente aos pares.,"Verificar eventos recentes, pressão territorial e coerência com inteligência local antes da próxima atualização do ranking."
2026-06-16T16:06:07,2026-06-15,src/core/orchestrator.py:get_combined_risk,fortaleza_bairros_top30,3,MESSEJANA,MESSEJANA,fortaleza,bairro,53.61,alto,58.9,baixa,96.2,muito alta,0,1,116.0,89.4,50.0,0.0,46.7,50.0,100.0,50.0,3.63,98.0,90,90,False,stable,Sinal Poisson do ranking operacional,89.4,Tensão territorial,50.0,CVLI recente na janela de 30 dias,20.0,Sinal Poisson do ranking operacional: 89.4% | Tensão territorial: 50.0% | CVLI recente na janela de 30 dias: 20.0%,"MESSEJANA aparece na posição 3 de 101, com risco 53.6 e nível alto; é prioridade imediata de acompanhamento.","O peso principal vem de sinal poisson do ranking operacional, com suporte territorial de 50.0% e 1 registros recentes na janela de 30 dias.",Leitura sensível a ruído; requer conferência adicional antes de decisão forte.,O território está bem destacado no ranking frente aos pares.,"Verificar eventos recentes, pressão territorial e coerência com inteligência local antes da próxima atualização do ranking."
2026-06-16T16:06:07,2026-06-15,src/core/orchestrator.py:get_combined_risk,fortaleza_bairros_top30,4,ALVARO WEYNE,ALVARO WEYNE,fortaleza,bairro,42.49,moderado,82.7,moderada,91.5,muito alta,2,3,28.0,12.9,100.0,100.0,30.0,100.0,20.0,100.0,2.78,97.0,90,90,False,stable,Tensão territorial,100.0,Atividade recente e vizinhança,100.0,CVLI recente na janela de 30 dias,60.0,Tensão territorial: 100.0% | Atividade recente e vizinhança: 100.0% | CVLI recente na janela de 30 dias: 60.0%,"ALVARO WEYNE aparece na posição 4 de 101, com risco 42.5 e nível moderado; é prioridade imediata de acompanhamento.","O peso principal vem de tensão territorial, com suporte territorial de 100.0% e 3 registros recentes na janela de 30 dias.","Leitura consistente, mas ainda pede validação operacional pontual.",O território está bem destacado no ranking frente aos pares.,"Verificar eventos recentes, pressão territorial e coerência com inteligência local antes da próxima atualização do ranking."
2026-06-16T16:06:07,2026-06-15,src/core/orchestrator.py:get_combined_risk,fortaleza_bairros_top30,5,LAGOA REDONDA,LAGOA REDONDA,fortaleza,bairro,37.55,moderado,75.4,moderada,89.1,muito alta,1,1,56.0,23.1,100.0,50.0,0.0,100.0,90.0,100.0,2.4,96.0,90,90,False,stable,Tensão territorial,100.0,Atividade recente e vizinhança,50.0,Sinal Poisson do ranking operacional,23.1,Tensão territorial: 100.0% | Atividade recente e vizinhança: 50.0% | Sinal Poisson do ranking operacional: 23.1%,"LAGOA REDONDA aparece na posição 5 de 101, com risco 37.5 e nível moderado; é prioridade imediata de acompanhamento.","O peso principal vem de tensão territorial, com suporte territorial de 100.0% e 1 registros recentes na janela de 30 dias.","Leitura consistente, mas ainda pede validação operacional pontual.",O território está bem destacado no ranking frente aos pares.,"Verificar eventos recentes, pressão territorial e coerência com inteligência local antes da próxima atualização do ranking."
2026-06-16T16:06:07,2026-06-15,src/core/orchestrator.py:get_combined_risk,fortaleza_bairros_top30,6,CENTRO,CENTRO,fortaleza,bairro,30.74,baixo,74.3,moderada,86.0,muito alta,1,1,40.0,12.7,100.0,50.0,0.0,100.0,50.0,100.0,1.87,95.0,90,90,False,stable,Tensão territorial,100.0,Atividade recente e vizinhança,50.0,CVLI recente na janela de 30 dias,20.0,Tensão territorial: 100.0% | Atividade recente e vizinhança: 50.0% | CVLI recente na janela de 30 dias: 20.0%,"CENTRO aparece na posição 6 de 101, com risco 30.7 e nível baixo; é prioridade alta de acompanhamento.","O peso principal vem de tensão territorial, com suporte territorial de 100.0% e 1 registros recentes na janela de 30 dias.","Leitura consistente, mas ainda pede validação operacional pontual.",O território está bem destacado no ranking frente aos pares.,"Verificar eventos recentes, pressão territorial e coerência com inteligência local antes da próxima atualização do ranking."
2026-06-16T16:06:07,2026-06-15,src/core/orchestrator.py:get_combined_risk,fortaleza_bairros_top30,7,GRANJA LISBOA,GRANJA LISBOA,fortaleza,bairro,28.86,baixo,42.9,muito baixa,84.7,alta,0,0,110.0,63.6,20.0,0.0,100.0,20.0,100.0,0.0,1.73,94.0,90,90,False,stable,Sinal Poisson do ranking operacional,63.6,Tensão territorial,20.0,Atividade recente e vizinhança,0.0,Sinal Poisson do ranking operacional: 63.6% | Tensão territorial: 20.0% | Atividade recente e vizinhança: 0.0%,"GRANJA LISBOA aparece na posição 7 de 101, com risco 28.9 e nível baixo; é prioridade alta de acompanhamento.","O peso principal vem de sinal poisson do ranking operacional, com suporte territorial de 20.0% e 0 registros recentes na janela de 30 dias.",Leitura sensível a ruído; requer conferência adicional antes de decisão forte.,"O território se diferencia do bloco intermediário, mas sem isolamento absoluto.","Verificar eventos recentes, pressão territorial e coerência com inteligência local antes da próxima atualização do ranking."
2026-06-16T16:06:07,2026-06-15,src/core/orchestrator.py:get_combined_risk,fortaleza_bairros_top30,8,CANINDEZINHO,CANINDEZINHO,fortaleza,bairro,28.41,baixo,73.9,moderada,83.9,alta,1,1,45.0,9.5,100.0,50.0,13.3,100.0,62.5,100.0,1.69,93.0,90,90,False,stable,Tensão territorial,100.0,Atividade recente e vizinhança,50.0,CVLI recente na janela de 30 dias,20.0,Tensão territorial: 100.0% | Atividade recente e vizinhança: 50.0% | CVLI recente na janela de 30 dias: 20.0%,"CANINDEZINHO aparece na posição 8 de 101, com risco 28.4 e nível baixo; é prioridade alta de acompanhamento.","O peso principal vem de tensão territorial, com suporte territorial de 100.0% e 1 registros recentes na janela de 30 dias.","Leitura consistente, mas ainda pede validação operacional pontual.","O território se diferencia do bloco intermediário, mas sem isolamento absoluto.","Verificar eventos recentes, pressão territorial e coerência com inteligência local antes da próxima atualização do ranking."
2026-06-16T16:06:07,2026-06-15,src/core/orchestrator.py:get_combined_risk,fortaleza_bairros_top30,9,JOSE WALTER,JOSE WALTER,fortaleza,bairro,24.1,baixo,41.6,muito baixa,81.7,alta,0,0,102.0,52.3,20.0,0.0,100.0,20.0,100.0,0.0,1.36,92.0,90,90,False,stable,Sinal Poisson do ranking operacional,52.3,Tensão territorial,20.0,Atividade recente e vizinhança,0.0,Sinal Poisson do ranking operacional: 52.3% | Tensão territorial: 20.0% | Atividade recente e vizinhança: 0.0%,"JOSE WALTER aparece na posição 9 de 101, com risco 24.1 e nível baixo; é prioridade alta de acompanhamento.","O peso principal vem de sinal poisson do ranking operacional, com suporte territorial de 20.0% e 0 registros recentes na janela de 30 dias.",Leitura sensível a ruído; requer conferência adicional antes de decisão forte.,"O território se diferencia do bloco intermediário, mas sem isolamento absoluto.","Verificar eventos recentes, pressão territorial e coerência com inteligência local antes da próxima atualização do ranking."
2026-06-16T16:06:07,2026-06-15,src/core/orchestrator.py:get_combined_risk,fortaleza_bairros_top30,10,JOSE DE ALENCAR,JOSE DE ALENCAR,fortaleza,bairro,17.91,baixo,76.9,moderada,78.8,alta,0,2,44.0,16.4,100.0,0.0,73.3,100.0,60.0,100.0,0.88,91.0,90,90,False,stable,Tensão territorial,100.0,CVLI recente na janela de 30 dias,40.0,Sinal Poisson do ranking operacional,16.4,Tensão territorial: 100.0% | CVLI recente na janela de 30 dias: 40.0% | Sinal Poisson do ranking operacional: 16.4%,"JOSE DE ALENCAR aparece na posição 10 de 101, com risco 17.9 e nível baixo; é prioridade alta de acompanhamento.","O peso principal vem de tensão territorial, com suporte territorial de 100.0% e 2 registros recentes na janela de 30 dias.","Leitura consistente, mas ainda pede validação operacional pontual.","O território se diferencia do bloco intermediário, mas sem isolamento absoluto.","Verificar eventos recentes, pressão territorial e coerência com inteligência local antes da próxima atualização do ranking."
2026-06-16T16:06:07,2026-06-15,src/core/orchestrator.py:get_combined_risk,fortaleza_bairros_top30,11,SIQUEIRA,SIQUEIRA,fortaleza,bairro,14.33,baixo,38.6,muito baixa,76.9,alta,0,0,78.0,29.2,20.0,0.0,100.0,20.0,100.0,0.0,0.61,90.0,90,90,False,stable,Sinal Poisson do ranking operacional,29.2,Tensão territorial,20.0,Atividade recente e vizinhança,0.0,Sinal Poisson do ranking operacional: 29.2% | Tensão territorial: 20.0% | Atividade recente e vizinhança: 0.0%,"SIQUEIRA aparece na posição 11 de 101, com risco 14.3 e nível baixo; é território de atenção tática.","O peso principal vem de sinal poisson do ranking operacional, com suporte territorial de 20.0% e 0 registros recentes na janela de 30 dias.",Leitura sensível a ruído; requer conferência adicional antes de decisão forte.,"O território se diferencia do bloco intermediário, mas sem isolamento absoluto.","Verificar eventos recentes, pressão territorial e coerência com inteligência local antes da próxima atualização do ranking."
2026-06-16T16:06:07,2026-06-15,src/core/orchestrator.py:get_combined_risk,fortaleza_bairros_top30,12,BARROSO,BARROSO,fortaleza,bairro,13.3,baixo,38.3,muito baixa,75.9,alta,0,0,72.0,26.8,20.0,0.0,100.0,20.0,100.0,0.0,0.53,89.0,90,90,False,stable,Sinal Poisson do ranking operacional,26.8,Tensão territorial,20.0,Atividade recente e vizinhança,0.0,Sinal Poisson do ranking operacional: 26.8% | Tensão territorial: 20.0% | Atividade recente e vizinhança: 0.0%,"BARROSO aparece na posição 12 de 101, com risco 13.3 e nível baixo; é território de atenção tática.","O peso principal vem de sinal poisson do ranking operacional, com suporte territorial de 20.0% e 0 registros recentes na janela de 30 dias.",Leitura sensível a ruído; requer conferência adicional antes de decisão forte.,"O território se diferencia do bloco intermediário, mas sem isolamento absoluto.","Verificar eventos recentes, pressão territorial e coerência com inteligência local antes da próxima atualização do ranking."
2026-06-16T16:06:07,2026-06-15,src/core/orchestrator.py:get_combined_risk,fortaleza_bairros_top30,13,BONSUCESSO,BONSUCESSO,fortaleza,bairro,12.39,baixo,53.8,muito baixa,75.0,alta,0,1,48.0,16.3,50.0,0.0,86.7,50.0,70.0,50.0,0.46,88.0,90,90,False,stable,Tensão territorial,50.0,CVLI recente na janela de 30 dias,20.0,Sinal Poisson do ranking operacional,16.3,Tensão territorial: 50.0% | CVLI recente na janela de 30 dias: 20.0% | Sinal Poisson do ranking operacional: 16.3%,"BONSUCESSO aparece na posição 13 de 101, com risco 12.4 e nível baixo; é território de atenção tática.","O peso principal vem de tensão territorial, com suporte territorial de 50.0% e 1 registros recentes na janela de 30 dias.",Leitura sensível a ruído; requer conferência adicional antes de decisão forte.,"O território se diferencia do bloco intermediário, mas sem isolamento absoluto.","Verificar eventos recentes, pressão territorial e coerência com inteligência local antes da próxima atualização do ranking."
2026-06-16T16:06:07,2026-06-15,src/core/orchestrator.py:get_combined_risk,fortaleza_bairros_top30,14,MONDUBIM,MONDUBIM,fortaleza,bairro,12.16,baixo,37.9,muito baixa,74.3,alta,0,0,92.0,24.0,20.0,0.0,100.0,20.0,100.0,0.0,0.44,87.0,90,90,False,stable,Sinal Poisson do ranking operacional,24.0,Tensão territorial,20.0,Atividade recente e vizinhança,0.0,Sinal Poisson do ranking operacional: 24.0% | Tensão territorial: 20.0% | Atividade recente e vizinhança: 0.0%,"MONDUBIM aparece na posição 14 de 101, com risco 12.2 e nível baixo; é território de atenção tática.","O peso principal vem de sinal poisson do ranking operacional, com suporte territorial de 20.0% e 0 registros recentes na janela de 30 dias.",Leitura sensível a ruído; requer conferência adicional antes de decisão forte.,"O território se diferencia do bloco intermediário, mas sem isolamento absoluto.","Verificar eventos recentes, pressão territorial e coerência com inteligência local antes da próxima atualização do ranking."
2026-06-16T16:06:07,2026-06-15,src/core/orchestrator.py:get_combined_risk,fortaleza_bairros_top30,15,GRANJA PORTUGAL,GRANJA PORTUGAL,fortaleza,bairro,11.47,baixo,37.4,muito baixa,73.5,alta,0,0,57.0,22.8,18.5,0.0,100.0,18.5,92.5,0.0,0.39,86.0,90,90,False,stable,Sinal Poisson do ranking operacional,22.8,Tensão territorial,18.5,Atividade recente e vizinhança,0.0,Sinal Poisson do ranking operacional: 22.8% | Tensão territorial: 18.5% | Atividade recente e vizinhança: 0.0%,"GRANJA PORTUGAL aparece na posição 15 de 101, com risco 11.5 e nível baixo; é território de atenção tática.","O peso principal vem de sinal poisson do ranking operacional, com suporte territorial de 18.5% e 0 registros recentes na janela de 30 dias.",Leitura sensível a ruído; requer conferência adicional antes de decisão forte.,"O território se diferencia do bloco intermediário, mas sem isolamento absoluto.","Verificar eventos recentes, pressão territorial e coerência com inteligência local antes da próxima atualização do ranking."
2026-06-16T16:06:07,2026-06-15,src/core/orchestrator.py:get_combined_risk,fortaleza_bairros_top30,16,PASSARE,PASSARE,fortaleza,bairro,11.09,baixo,37.4,muito baixa,72.7,alta,0,0,65.0,21.5,20.0,0.0,100.0,20.0,100.0,0.0,0.36,85.0,90,90,False,stable,Sinal Poisson do ranking operacional,21.5,Tensão territorial,20.0,Atividade recente e vizinhança,0.0,Sinal Poisson do ranking operacional: 21.5% | Tensão territorial: 20.0% | Atividade recente e vizinhança: 0.0%,"PASSARE aparece na posição 16 de 101, com risco 11.1 e nível baixo; é território de atenção tática.","O peso principal vem de sinal poisson do ranking operacional, com suporte territorial de 20.0% e 0 registros recentes na janela de 30 dias.",Leitura sensível a ruído; requer conferência adicional antes de decisão forte.,"O território se diferencia do bloco intermediário, mas sem isolamento absoluto.","Verificar eventos recentes, pressão territorial e coerência com inteligência local antes da próxima atualização do ranking."
2026-06-16T16:06:07,2026-06-15,src/core/orchestrator.py:get_combined_risk,fortaleza_bairros_top30,17,PARQUE DOIS IRMAOS,PARQUE DOIS IRMAOS,fortaleza,bairro,9.49,baixo,53.5,muito baixa,71.5,alta,0,1,33.0,8.7,50.0,0.0,60.0,50.0,32.5,50.0,0.23,84.0,90,90,False,stable,Tensão territorial,50.0,CVLI recente na janela de 30 dias,20.0,Sinal Poisson do ranking operacional,8.7,Tensão territorial: 50.0% | CVLI recente na janela de 30 dias: 20.0% | Sinal Poisson do ranking operacional: 8.7%,"PARQUE DOIS IRMAOS aparece na posição 17 de 101, com risco 9.5 e nível baixo; é território de atenção tática.","O peso principal vem de tensão territorial, com suporte territorial de 50.0% e 1 registros recentes na janela de 30 dias.",Leitura sensível a ruído; requer conferência adicional antes de decisão forte.,"O território se diferencia do bloco intermediário, mas sem isolamento absoluto.","Verificar eventos recentes, pressão territorial e coerência com inteligência local antes da próxima atualização do ranking."
2026-06-16T16:06:07,2026-06-15,src/core/orchestrator.py:get_combined_risk,fortaleza_bairros_top30,18,PICI,PICI,fortaleza,bairro,8.88,baixo,36.1,muito baixa,70.7,alta,0,0,54.0,17.0,17.0,0.0,100.0,17.0,85.0,0.0,0.19,83.0,90,90,False,stable,Sinal Poisson do ranking operacional,17.0,Tensão territorial,17.0,Atividade recente e vizinhança,0.0,Sinal Poisson do ranking operacional: 17.0% | Tensão territorial: 17.0% | Atividade recente e vizinhança: 0.0%,"PICI aparece na posição 18 de 101, com risco 8.9 e nível baixo; é território de atenção tática.","O peso principal vem de sinal poisson do ranking operacional, com suporte territorial de 17.0% e 0 registros recentes na janela de 30 dias.",Leitura sensível a ruído; requer conferência adicional antes de decisão forte.,"O território se diferencia do bloco intermediário, mas sem isolamento absoluto.","Verificar eventos recentes, pressão territorial e coerência com inteligência local antes da próxima atualização do ranking."
2026-06-16T16:06:07,2026-06-15,src/core/orchestrator.py:get_combined_risk,fortaleza_bairros_top30,19,FARIAS BRITO,FARIAS BRITO,fortaleza,bairro,8.22,baixo,53.4,muito baixa,69.9,moderada,0,1,25.0,7.1,50.0,0.0,86.7,50.0,12.5,50.0,0.14,82.0,90,90,False,stable,Tensão territorial,50.0,CVLI recente na janela de 30 dias,20.0,Sinal Poisson do ranking operacional,7.1,Tensão territorial: 50.0% | CVLI recente na janela de 30 dias: 20.0% | Sinal Poisson do ranking operacional: 7.1%,"FARIAS BRITO aparece na posição 19 de 101, com risco 8.2 e nível baixo; é território de atenção tática.","O peso principal vem de tensão territorial, com suporte territorial de 50.0% e 1 registros recentes na janela de 30 dias.",Leitura sensível a ruído; requer conferência adicional antes de decisão forte.,O território está próximo de pares vizinhos e pode oscilar no próximo ciclo.,"Verificar eventos recentes, pressão territorial e coerência com inteligência local antes da próxima atualização do ranking."
2026-06-16T16:06:07,2026-06-15,src/core/orchestrator.py:get_combined_risk,fortaleza_bairros_top30,20,VARJOTA,VARJOTA,fortaleza,bairro,7.93,baixo,37.5,muito baixa,69.1,moderada,0,0,62.0,14.0,20.0,0.0,100.0,20.0,100.0,0.0,0.11,81.0,90,90,False,stable,Tensão territorial,20.0,Sinal Poisson do ranking operacional,14.0,Atividade recente e vizinhança,0.0,Tensão territorial: 20.0% | Sinal Poisson do ranking operacional: 14.0% | Atividade recente e vizinhança: 0.0%,"VARJOTA aparece na posição 20 de 101, com risco 7.9 e nível baixo; é território de atenção tática.","O peso principal vem de tensão territorial, com suporte territorial de 20.0% e 0 registros recentes na janela de 30 dias.",Leitura sensível a ruído; requer conferência adicional antes de decisão forte.,O território está próximo de pares vizinhos e pode oscilar no próximo ciclo.,"Verificar eventos recentes, pressão territorial e coerência com inteligência local antes da próxima atualização do ranking."
2026-06-16T16:06:07,2026-06-15,src/core/orchestrator.py:get_combined_risk,fortaleza_bairros_top30,21,QUINTINO CUNHA,QUINTINO CUNHA,fortaleza,bairro,7.93,baixo,37.5,muito baixa,68.5,moderada,0,0,67.0,14.0,20.0,0.0,100.0,20.0,100.0,0.0,0.11,80.0,90,90,False,stable,Tensão territorial,20.0,Sinal Poisson do ranking operacional,14.0,Atividade recente e vizinhança,0.0,Tensão territorial: 20.0% | Sinal Poisson do ranking operacional: 14.0% | Atividade recente e vizinhança: 0.0%,"QUINTINO CUNHA aparece na posição 21 de 101, com risco 7.9 e nível baixo; é território de atenção tática.","O peso principal vem de tensão territorial, com suporte territorial de 20.0% e 0 registros recentes na janela de 30 dias.",Leitura sensível a ruído; requer conferência adicional antes de decisão forte.,O território está próximo de pares vizinhos e pode oscilar no próximo ciclo.,"Verificar eventos recentes, pressão territorial e coerência com inteligência local antes da próxima atualização do ranking."
2026-06-16T16:06:07,2026-06-15,src/core/orchestrator.py:get_combined_risk,fortaleza_bairros_top30,22,ANCURI,ANCURI,fortaleza,bairro,7.46,baixo,53.3,muito baixa,67.8,moderada,0,1,31.0,5.5,50.0,0.0,90.0,50.0,27.5,50.0,0.08,79.0,90,90,False,stable,Tensão territorial,50.0,CVLI recente na janela de 30 dias,20.0,Sinal Poisson do ranking operacional,5.5,Tensão territorial: 50.0% | CVLI recente na janela de 30 dias: 20.0% | Sinal Poisson do ranking operacional: 5.5%,"ANCURI aparece na posição 22 de 101, com risco 7.5 e nível baixo; é território de atenção tática.","O peso principal vem de tensão territorial, com suporte territorial de 50.0% e 1 registros recentes na janela de 30 dias.",Leitura sensível a ruído; requer conferência adicional antes de decisão forte.,O território está próximo de pares vizinhos e pode oscilar no próximo ciclo.,"Verificar eventos recentes, pressão territorial e coerência com inteligência local antes da próxima atualização do ranking."
2026-06-16T16:06:07,2026-06-15,src/core/orchestrator.py:get_combined_risk,fortaleza_bairros_top30,23,BOM JARDIM,BOM JARDIM,fortaleza,bairro,7.06,baixo,35.5,muito baixa,67.0,moderada,0,0,50.0,13.2,15.0,0.0,100.0,15.0,75.0,0.0,0.05,78.0,90,90,False,stable,Tensão territorial,15.0,Sinal Poisson do ranking operacional,13.2,Atividade recente e vizinhança,0.0,Tensão territorial: 15.0% | Sinal Poisson do ranking operacional: 13.2% | Atividade recente e vizinhança: 0.0%,"BOM JARDIM aparece na posição 23 de 101, com risco 7.1 e nível baixo; é território de atenção tática.","O peso principal vem de tensão territorial, com suporte territorial de 15.0% e 0 registros recentes na janela de 30 dias.",Leitura sensível a ruído; requer conferência adicional antes de decisão forte.,O território está próximo de pares vizinhos e pode oscilar no próximo ciclo.,"Verificar eventos recentes, pressão territorial e coerência com inteligência local antes da próxima atualização do ranking."
2026-06-16T16:06:07,2026-06-15,src/core/orchestrator.py:get_combined_risk,fortaleza_bairros_top30,24,JOAO,JOAO,fortaleza,bairro,6.0,baixo,53.1,muito baixa,66.0,moderada,0,1,10.0,2.1,50.0,0.0,73.3,50.0,0.0,50.0,-0.03,77.0,90,90,False,stable,Tensão territorial,50.0,CVLI recente na janela de 30 dias,20.0,Sinal Poisson do ranking operacional,2.1,Tensão territorial: 50.0% | CVLI recente na janela de 30 dias: 20.0% | Sinal Poisson do ranking operacional: 2.1%,"JOAO aparece na posição 24 de 101, com risco 6.0 e nível baixo; é território de atenção tática.","O peso principal vem de tensão territorial, com suporte territorial de 50.0% e 1 registros recentes na janela de 30 dias.",Leitura sensível a ruído; requer conferência adicional antes de decisão forte.,O território está próximo de pares vizinhos e pode oscilar no próximo ciclo.,"Verificar eventos recentes, pressão territorial e coerência com inteligência local antes da próxima atualização do ranking."
2026-06-16T16:06:07,2026-06-15,src/core/orchestrator.py:get_combined_risk,fortaleza_bairros_top30,25,JARDIM DAS OLIVEIRAS,JARDIM DAS OLIVEIRAS,fortaleza,bairro,5.37,baixo,35.6,muito baixa,65.2,moderada,0,0,50.0,9.1,15.0,0.0,100.0,15.0,75.0,0.0,-0.08,76.0,90,90,False,stable,Tensão territorial,15.0,Sinal Poisson do ranking operacional,9.1,Atividade recente e vizinhança,0.0,Tensão territorial: 15.0% | Sinal Poisson do ranking operacional: 9.1% | Atividade recente e vizinhança: 0.0%,"JARDIM DAS OLIVEIRAS aparece na posição 25 de 101, com risco 5.4 e nível baixo; é território de atenção tática.","O peso principal vem de tensão territorial, com suporte territorial de 15.0% e 0 registros recentes na janela de 30 dias.",Leitura sensível a ruído; requer conferência adicional antes de decisão forte.,O território está próximo de pares vizinhos e pode oscilar no próximo ciclo.,"Verificar eventos recentes, pressão territorial e coerência com inteligência local antes da próxima atualização do ranking."
2026-06-16T16:06:07,2026-06-15,src/core/orchestrator.py:get_combined_risk,fortaleza_bairros_top30,26,CARLITO PAMPLONA,CARLITO PAMPLONA,fortaleza,bairro,5.34,baixo,35.3,muito baixa,64.6,moderada,0,0,48.0,9.3,14.0,0.0,100.0,14.0,70.0,0.0,-0.08,75.0,90,90,False,stable,Tensão territorial,14.0,Sinal Poisson do ranking operacional,9.3,Atividade recente e vizinhança,0.0,Tensão territorial: 14.0% | Sinal Poisson do ranking operacional: 9.3% | Atividade recente e vizinhança: 0.0%,"CARLITO PAMPLONA aparece na posição 26 de 101, com risco 5.3 e nível baixo; é território de atenção tática.","O peso principal vem de tensão territorial, com suporte territorial de 14.0% e 0 registros recentes na janela de 30 dias.",Leitura sensível a ruído; requer conferência adicional antes de decisão forte.,O território está próximo de pares vizinhos e pode oscilar no próximo ciclo.,"Verificar eventos recentes, pressão territorial e coerência com inteligência local antes da próxima atualização do ranking."
2026-06-16T16:06:07,2026-06-15,src/core/orchestrator.py:get_combined_risk,fortaleza_bairros_top30,27,VICENTE PINZON,VICENTE PINZON,fortaleza,bairro,5.22,baixo,37.0,muito baixa,63.9,moderada,0,0,57.0,8.0,18.5,0.0,100.0,18.5,92.5,0.0,-0.09,74.0,90,90,False,stable,Tensão territorial,18.5,Sinal Poisson do ranking operacional,8.0,Atividade recente e vizinhança,0.0,Tensão territorial: 18.5% | Sinal Poisson do ranking operacional: 8.0% | Atividade recente e vizinhança: 0.0%,"VICENTE PINZON aparece na posição 27 de 101, com risco 5.2 e nível baixo; é território de atenção tática.","O peso principal vem de tensão territorial, com suporte territorial de 18.5% e 0 registros recentes na janela de 30 dias.",Leitura sensível a ruído; requer conferência adicional antes de decisão forte.,O território está próximo de pares vizinhos e pode oscilar no próximo ciclo.,"Verificar eventos recentes, pressão territorial e coerência com inteligência local antes da próxima atualização do ranking."
2026-06-16T16:06:07,2026-06-15,src/core/orchestrator.py:get_combined_risk,fortaleza_bairros_top30,28,ANTONIO BEZERRA,ANTONIO BEZERRA,fortaleza,bairro,5.08,baixo,33.6,muito baixa,63.3,moderada,0,0,40.0,9.6,10.0,0.0,100.0,10.0,50.0,0.0,-0.11,73.0,90,90,False,stable,Tensão territorial,10.0,Sinal Poisson do ranking operacional,9.6,Atividade recente e vizinhança,0.0,Tensão territorial: 10.0% | Sinal Poisson do ranking operacional: 9.6% | Atividade recente e vizinhança: 0.0%,"ANTONIO BEZERRA aparece na posição 28 de 101, com risco 5.1 e nível baixo; é território de atenção tática.","O peso principal vem de tensão territorial, com suporte territorial de 10.0% e 0 registros recentes na janela de 30 dias.",Leitura sensível a ruído; requer conferência adicional antes de decisão forte.,O território está próximo de pares vizinhos e pode oscilar no próximo ciclo.,"Verificar eventos recentes, pressão territorial e coerência com inteligência local antes da próxima atualização do ranking."
2026-06-16T16:06:07,2026-06-15,src/core/orchestrator.py:get_combined_risk,fortaleza_bairros_top30,29,PAUPINA,PAUPINA,fortaleza,bairro,4.9,baixo,33.6,muito baixa,62.6,moderada,0,0,40.0,9.2,10.0,0.0,100.0,10.0,50.0,0.0,-0.12,72.0,90,90,False,stable,Tensão territorial,10.0,Sinal Poisson do ranking operacional,9.2,Atividade recente e vizinhança,0.0,Tensão territorial: 10.0% | Sinal Poisson do ranking operacional: 9.2% | Atividade recente e vizinhança: 0.0%,"PAUPINA aparece na posição 29 de 101, com risco 4.9 e nível baixo; é território de atenção tática.","O peso principal vem de tensão territorial, com suporte territorial de 10.0% e 0 registros recentes na janela de 30 dias.",Leitura sensível a ruído; requer conferência adicional antes de decisão forte.,O território está próximo de pares vizinhos e pode oscilar no próximo ciclo.,"Verificar eventos recentes, pressão territorial e coerência com inteligência local antes da próxima atualização do ranking."
2026-06-16T16:06:07,2026-06-15,src/core/orchestrator.py:get_combined_risk,fortaleza_bairros_top30,30,CONJUNTO PALMEIRAS,CONJUNTO PALMEIRAS,fortaleza,bairro,4.6,baixo,35.1,muito baixa,61.9,moderada,0,0,47.0,7.7,13.5,0.0,100.0,13.5,67.5,0.0,-0.14,71.0,90,90,False,stable,Tensão territorial,13.5,Sinal Poisson do ranking operacional,7.7,Atividade recente e vizinhança,0.0,Tensão territorial: 13.5% | Sinal Poisson do ranking operacional: 7.7% | Atividade recente e vizinhança: 0.0%,"CONJUNTO PALMEIRAS aparece na posição 30 de 101, com risco 4.6 e nível baixo; é território de atenção tática.","O peso principal vem de tensão territorial, com suporte territorial de 13.5% e 0 registros recentes na janela de 30 dias.",Leitura sensível a ruído; requer conferência adicional antes de decisão forte.,O território está próximo de pares vizinhos e pode oscilar no próximo ciclo.,"Verificar eventos recentes, pressão territorial e coerência com inteligência local antes da próxima atualização do ranking."
