snapshot_generated_at,data_limit,source,scope,rank,name,name_normalized,region,territorial_level,risk_score,risk_level,confidence_pct,confidence_label,expressiveness_pct,expressiveness_label,recent_cvli_14d,recent_cvli_30d,historical_cvli,neural_score,tension_score,inclusion_score,calm_penalty,territorial_support_pct,historical_support_pct,live_support_pct,score_z,peer_percentile,dynamic_window_days,base_window_days,historical_fallback,trend,top_driver_1,top_driver_1_strength_pct,top_driver_2,top_driver_2_strength_pct,top_driver_3,top_driver_3_strength_pct,explainability_summary,leitura_rapida_gestor,por_que_importa_gestor,confianca_limites_gestor,expressividade_previsao_gestor,proxima_acao_gestor
2026-06-16T16:29:24,2026-06-15,src/core/orchestrator.py:get_combined_risk,cities_general_top30,1,CAUCAIA,CAUCAIA,rmf,cidade,100.0,crítico,99.0,alta,97.6,muito alta,3,5,946.0,100.0,100.0,100.0,0.0,100.0,100.0,100.0,3.67,100.0,14,14,False,stable,Sinal Poisson do ranking operacional,100.0,Tensão territorial,100.0,Atividade recente e vizinhança,100.0,Sinal Poisson do ranking operacional: 100.0% | Tensão territorial: 100.0% | Atividade recente e vizinhança: 100.0%,"CAUCAIA aparece na posição 1 de 69, com risco 100.0 e nível crítico; é prioridade imediata de acompanhamento.","O peso principal vem de sinal poisson do ranking operacional, com suporte territorial de 100.0% e 5 registros recentes na janela de 30 dias.",Leitura com boa sustentação dos sinais atuais.,O território está bem destacado no ranking frente aos pares.,"Verificar eventos recentes, pressão territorial e coerência com inteligência local antes da próxima atualização do ranking."
2026-06-16T16:29:24,2026-06-15,src/core/orchestrator.py:get_combined_risk,cities_general_top30,2,SOBRAL,SOBRAL,interior,cidade,95.51,crítico,99.0,alta,95.7,muito alta,3,4,386.0,97.7,100.0,100.0,13.3,100.0,100.0,100.0,3.47,98.5,14,14,False,stable,Tensão territorial,100.0,Atividade recente e vizinhança,100.0,Sinal Poisson do ranking operacional,97.7,Tensão territorial: 100.0% | Atividade recente e vizinhança: 100.0% | Sinal Poisson do ranking operacional: 97.7%,"SOBRAL aparece na posição 2 de 69, com risco 95.5 e nível crítico; é prioridade imediata de acompanhamento.","O peso principal vem de tensão territorial, com suporte territorial de 100.0% e 4 registros recentes na janela de 30 dias.",Leitura com boa sustentação dos sinais atuais.,O território está bem destacado no ranking frente aos pares.,"Verificar eventos recentes, pressão territorial e coerência com inteligência local antes da próxima atualização do ranking."
2026-06-16T16:29:24,2026-06-15,src/core/orchestrator.py:get_combined_risk,cities_general_top30,3,JUAZEIRO DO NORTE,JUAZEIRO DO NORTE,interior,cidade,95.45,crítico,99.0,alta,94.9,muito alta,2,4,318.0,100.0,100.0,100.0,20.0,100.0,100.0,100.0,3.46,97.1,14,14,False,stable,Sinal Poisson do ranking operacional,100.0,Tensão territorial,100.0,Atividade recente e vizinhança,100.0,Sinal Poisson do ranking operacional: 100.0% | Tensão territorial: 100.0% | Atividade recente e vizinhança: 100.0%,"JUAZEIRO DO NORTE aparece na posição 3 de 69, com risco 95.5 e nível crítico; é prioridade imediata de acompanhamento.","O peso principal vem de sinal poisson do ranking operacional, com suporte territorial de 100.0% e 4 registros recentes na janela de 30 dias.",Leitura com boa sustentação dos sinais atuais.,O território está bem destacado no ranking frente aos pares.,"Verificar eventos recentes, pressão territorial e coerência com inteligência local antes da próxima atualização do ranking."
2026-06-16T16:29:24,2026-06-15,src/core/orchestrator.py:get_combined_risk,cities_general_top30,4,ITAPIPOCA,ITAPIPOCA,interior,cidade,55.02,alto,90.3,alta,85.4,muito alta,2,4,195.0,31.5,100.0,100.0,6.7,100.0,100.0,100.0,1.68,95.6,14,14,False,stable,Tensão territorial,100.0,Atividade recente e vizinhança,100.0,CVLI recente na janela de 30 dias,80.0,Tensão territorial: 100.0% | Atividade recente e vizinhança: 100.0% | CVLI recente na janela de 30 dias: 80.0%,"ITAPIPOCA aparece na posição 4 de 69, com risco 55.0 e nível alto; é prioridade imediata de acompanhamento.","O peso principal vem de tensão territorial, com suporte territorial de 100.0% e 4 registros recentes na janela de 30 dias.",Leitura com boa sustentação dos sinais atuais.,O território está bem destacado no ranking frente aos pares.,"Verificar eventos recentes, pressão territorial e coerência com inteligência local antes da próxima atualização do ranking."
2026-06-16T16:29:24,2026-06-15,src/core/orchestrator.py:get_combined_risk,cities_general_top30,5,MORADA NOVA,MORADA NOVA,interior,cidade,52.6,alto,84.8,moderada,84.0,alta,2,3,150.0,28.1,100.0,100.0,10.0,100.0,100.0,100.0,1.57,94.1,14,14,False,stable,Tensão territorial,100.0,Atividade recente e vizinhança,100.0,CVLI recente na janela de 30 dias,60.0,Tensão territorial: 100.0% | Atividade recente e vizinhança: 100.0% | CVLI recente na janela de 30 dias: 60.0%,"MORADA NOVA aparece na posição 5 de 69, com risco 52.6 e nível alto; é prioridade imediata de acompanhamento.","O peso principal vem de tensão territorial, com suporte territorial de 100.0% e 3 registros recentes na janela de 30 dias.","Leitura consistente, mas ainda pede validação operacional pontual.","O território se diferencia do bloco intermediário, mas sem isolamento absoluto.","Verificar eventos recentes, pressão territorial e coerência com inteligência local antes da próxima atualização do ranking."
2026-06-16T16:29:24,2026-06-15,src/core/orchestrator.py:get_combined_risk,cities_general_top30,6,BOA VIAGEM,BOA VIAGEM,interior,cidade,49.21,moderado,84.0,moderada,82.4,alta,2,3,118.0,22.4,100.0,100.0,6.7,100.0,100.0,100.0,1.43,92.6,14,14,False,stable,Tensão territorial,100.0,Atividade recente e vizinhança,100.0,CVLI recente na janela de 30 dias,60.0,Tensão territorial: 100.0% | Atividade recente e vizinhança: 100.0% | CVLI recente na janela de 30 dias: 60.0%,"BOA VIAGEM aparece na posição 6 de 69, com risco 49.2 e nível moderado; é prioridade alta de acompanhamento.","O peso principal vem de tensão territorial, com suporte territorial de 100.0% e 3 registros recentes na janela de 30 dias.","Leitura consistente, mas ainda pede validação operacional pontual.","O território se diferencia do bloco intermediário, mas sem isolamento absoluto.","Verificar eventos recentes, pressão territorial e coerência com inteligência local antes da próxima atualização do ranking."
2026-06-16T16:29:24,2026-06-15,src/core/orchestrator.py:get_combined_risk,cities_general_top30,7,AMONTADA,AMONTADA,interior,cidade,47.42,moderado,88.8,alta,81.2,alta,2,5,141.0,20.8,100.0,100.0,23.3,100.0,100.0,100.0,1.35,91.2,14,14,False,stable,Tensão territorial,100.0,Atividade recente e vizinhança,100.0,CVLI recente na janela de 30 dias,100.0,Tensão territorial: 100.0% | Atividade recente e vizinhança: 100.0% | CVLI recente na janela de 30 dias: 100.0%,"AMONTADA aparece na posição 7 de 69, com risco 47.4 e nível moderado; é prioridade alta de acompanhamento.","O peso principal vem de tensão territorial, com suporte territorial de 100.0% e 5 registros recentes na janela de 30 dias.",Leitura com boa sustentação dos sinais atuais.,"O território se diferencia do bloco intermediário, mas sem isolamento absoluto.","Verificar eventos recentes, pressão territorial e coerência com inteligência local antes da próxima atualização do ranking."
2026-06-16T16:29:24,2026-06-15,src/core/orchestrator.py:get_combined_risk,cities_general_top30,8,LIMOEIRO DO NORTE,LIMOEIRO DO NORTE,interior,cidade,45.95,moderado,83.3,moderada,80.0,alta,2,3,100.0,17.3,100.0,100.0,6.7,100.0,100.0,100.0,1.28,89.7,14,14,False,stable,Tensão territorial,100.0,Atividade recente e vizinhança,100.0,CVLI recente na janela de 30 dias,60.0,Tensão territorial: 100.0% | Atividade recente e vizinhança: 100.0% | CVLI recente na janela de 30 dias: 60.0%,"LIMOEIRO DO NORTE aparece na posição 8 de 69, com risco 46.0 e nível moderado; é prioridade alta de acompanhamento.","O peso principal vem de tensão territorial, com suporte territorial de 100.0% e 3 registros recentes na janela de 30 dias.","Leitura consistente, mas ainda pede validação operacional pontual.","O território se diferencia do bloco intermediário, mas sem isolamento absoluto.","Verificar eventos recentes, pressão territorial e coerência com inteligência local antes da próxima atualização do ranking."
2026-06-16T16:29:24,2026-06-15,src/core/orchestrator.py:get_combined_risk,cities_general_top30,9,ITAPIUNA,ITAPIUNA,interior,cidade,39.13,moderado,81.8,moderada,77.6,alta,2,3,45.0,6.8,100.0,100.0,16.7,100.0,62.5,100.0,0.98,88.2,14,14,False,stable,Tensão territorial,100.0,Atividade recente e vizinhança,100.0,CVLI recente na janela de 30 dias,60.0,Tensão territorial: 100.0% | Atividade recente e vizinhança: 100.0% | CVLI recente na janela de 30 dias: 60.0%,"ITAPIUNA aparece na posição 9 de 69, com risco 39.1 e nível moderado; é prioridade alta de acompanhamento.","O peso principal vem de tensão territorial, com suporte territorial de 100.0% e 3 registros recentes na janela de 30 dias.","Leitura consistente, mas ainda pede validação operacional pontual.","O território se diferencia do bloco intermediário, mas sem isolamento absoluto.","Verificar eventos recentes, pressão territorial e coerência com inteligência local antes da próxima atualização do ranking."
2026-06-16T16:29:24,2026-06-15,src/core/orchestrator.py:get_combined_risk,cities_general_top30,10,CRATO,CRATO,interior,cidade,37.92,moderado,80.9,moderada,76.5,alta,1,2,181.0,27.6,100.0,50.0,40.0,100.0,100.0,100.0,0.93,86.8,14,14,False,stable,Tensão territorial,100.0,Atividade recente e vizinhança,50.0,CVLI recente na janela de 30 dias,40.0,Tensão territorial: 100.0% | Atividade recente e vizinhança: 50.0% | CVLI recente na janela de 30 dias: 40.0%,"CRATO aparece na posição 10 de 69, com risco 37.9 e nível moderado; é prioridade alta de acompanhamento.","O peso principal vem de tensão territorial, com suporte territorial de 100.0% e 2 registros recentes na janela de 30 dias.","Leitura consistente, mas ainda pede validação operacional pontual.","O território se diferencia do bloco intermediário, mas sem isolamento absoluto.","Verificar eventos recentes, pressão territorial e coerência com inteligência local antes da próxima atualização do ranking."
2026-06-16T16:29:24,2026-06-15,src/core/orchestrator.py:get_combined_risk,cities_general_top30,11,QUIXADA,QUIXADA,interior,cidade,37.66,moderado,75.5,moderada,75.6,alta,1,1,147.0,23.6,100.0,50.0,3.3,100.0,100.0,100.0,0.92,85.3,14,14,False,stable,Tensão territorial,100.0,Atividade recente e vizinhança,50.0,Sinal Poisson do ranking operacional,23.6,Tensão territorial: 100.0% | Atividade recente e vizinhança: 50.0% | Sinal Poisson do ranking operacional: 23.6%,"QUIXADA aparece na posição 11 de 69, com risco 37.7 e nível moderado; é território de atenção tática.","O peso principal vem de tensão territorial, com suporte territorial de 100.0% e 1 registros recentes na janela de 30 dias.","Leitura consistente, mas ainda pede validação operacional pontual.","O território se diferencia do bloco intermediário, mas sem isolamento absoluto.","Verificar eventos recentes, pressão territorial e coerência com inteligência local antes da próxima atualização do ranking."
2026-06-16T16:29:24,2026-06-15,src/core/orchestrator.py:get_combined_risk,cities_general_top30,12,RUSSAS,RUSSAS,interior,cidade,35.1,moderado,85.1,alta,74.1,alta,1,3,112.0,19.9,100.0,50.0,6.7,100.0,100.0,100.0,0.8,83.8,14,14,False,stable,Tensão territorial,100.0,CVLI recente na janela de 30 dias,60.0,Atividade recente e vizinhança,50.0,Tensão territorial: 100.0% | CVLI recente na janela de 30 dias: 60.0% | Atividade recente e vizinhança: 50.0%,"RUSSAS aparece na posição 12 de 69, com risco 35.1 e nível moderado; é território de atenção tática.","O peso principal vem de tensão territorial, com suporte territorial de 100.0% e 3 registros recentes na janela de 30 dias.",Leitura com boa sustentação dos sinais atuais.,"O território se diferencia do bloco intermediário, mas sem isolamento absoluto.","Verificar eventos recentes, pressão territorial e coerência com inteligência local antes da próxima atualização do ranking."
2026-06-16T16:29:24,2026-06-15,src/core/orchestrator.py:get_combined_risk,cities_general_top30,13,FORQUILHA,FORQUILHA,interior,cidade,29.55,baixo,74.1,moderada,72.1,alta,1,1,90.0,11.7,100.0,50.0,20.0,100.0,100.0,100.0,0.56,82.4,14,14,False,stable,Tensão territorial,100.0,Atividade recente e vizinhança,50.0,CVLI recente na janela de 30 dias,20.0,Tensão territorial: 100.0% | Atividade recente e vizinhança: 50.0% | CVLI recente na janela de 30 dias: 20.0%,"FORQUILHA aparece na posição 13 de 69, com risco 29.6 e nível baixo; é território de atenção tática.","O peso principal vem de tensão territorial, com suporte territorial de 100.0% e 1 registros recentes na janela de 30 dias.","Leitura consistente, mas ainda pede validação operacional pontual.","O território se diferencia do bloco intermediário, mas sem isolamento absoluto.","Verificar eventos recentes, pressão territorial e coerência com inteligência local antes da próxima atualização do ranking."
2026-06-16T16:29:24,2026-06-15,src/core/orchestrator.py:get_combined_risk,cities_general_top30,14,TRAIRI,TRAIRI,rmf,cidade,28.72,baixo,86.3,alta,71.0,alta,2,5,150.0,6.3,0.0,100.0,26.7,100.0,100.0,100.0,0.52,80.9,14,14,False,stable,Atividade recente e vizinhança,100.0,CVLI recente na janela de 30 dias,100.0,Sinal Poisson do ranking operacional,6.3,Atividade recente e vizinhança: 100.0% | CVLI recente na janela de 30 dias: 100.0% | Sinal Poisson do ranking operacional: 6.3%,"TRAIRI aparece na posição 14 de 69, com risco 28.7 e nível baixo; é território de atenção tática.","O peso principal vem de atividade recente e vizinhança, com suporte territorial de 100.0% e 5 registros recentes na janela de 30 dias.",Leitura com boa sustentação dos sinais atuais.,"O território se diferencia do bloco intermediário, mas sem isolamento absoluto.","Verificar eventos recentes, pressão territorial e coerência com inteligência local antes da próxima atualização do ranking."
2026-06-16T16:29:24,2026-06-15,src/core/orchestrator.py:get_combined_risk,cities_general_top30,15,PEDRA BRANCA,PEDRA BRANCA,interior,cidade,26.89,baixo,73.7,moderada,69.8,moderada,1,1,57.0,7.7,100.0,50.0,36.7,100.0,92.5,100.0,0.44,79.4,14,14,False,stable,Tensão territorial,100.0,Atividade recente e vizinhança,50.0,CVLI recente na janela de 30 dias,20.0,Tensão territorial: 100.0% | Atividade recente e vizinhança: 50.0% | CVLI recente na janela de 30 dias: 20.0%,"PEDRA BRANCA aparece na posição 15 de 69, com risco 26.9 e nível baixo; é território de atenção tática.","O peso principal vem de tensão territorial, com suporte territorial de 100.0% e 1 registros recentes na janela de 30 dias.","Leitura consistente, mas ainda pede validação operacional pontual.",O território está próximo de pares vizinhos e pode oscilar no próximo ciclo.,"Verificar eventos recentes, pressão territorial e coerência com inteligência local antes da próxima atualização do ranking."
2026-06-16T16:29:24,2026-06-15,src/core/orchestrator.py:get_combined_risk,cities_general_top30,16,VICOSA DO CEARA,VICOSA DO CEARA,interior,cidade,26.38,baixo,73.5,moderada,68.7,moderada,1,1,43.0,6.3,100.0,50.0,13.3,100.0,57.5,100.0,0.42,77.9,14,14,False,stable,Tensão territorial,100.0,Atividade recente e vizinhança,50.0,CVLI recente na janela de 30 dias,20.0,Tensão territorial: 100.0% | Atividade recente e vizinhança: 50.0% | CVLI recente na janela de 30 dias: 20.0%,"VICOSA DO CEARA aparece na posição 16 de 69, com risco 26.4 e nível baixo; é território de atenção tática.","O peso principal vem de tensão territorial, com suporte territorial de 100.0% e 1 registros recentes na janela de 30 dias.","Leitura consistente, mas ainda pede validação operacional pontual.",O território está próximo de pares vizinhos e pode oscilar no próximo ciclo.,"Verificar eventos recentes, pressão territorial e coerência com inteligência local antes da próxima atualização do ranking."
2026-06-16T16:29:24,2026-06-15,src/core/orchestrator.py:get_combined_risk,cities_general_top30,17,SENADOR POMPEU,SENADOR POMPEU,interior,cidade,25.27,baixo,73.3,moderada,67.7,moderada,1,1,35.0,4.6,100.0,50.0,23.3,100.0,37.5,100.0,0.37,76.5,14,14,False,stable,Tensão territorial,100.0,Atividade recente e vizinhança,50.0,CVLI recente na janela de 30 dias,20.0,Tensão territorial: 100.0% | Atividade recente e vizinhança: 50.0% | CVLI recente na janela de 30 dias: 20.0%,"SENADOR POMPEU aparece na posição 17 de 69, com risco 25.3 e nível baixo; é território de atenção tática.","O peso principal vem de tensão territorial, com suporte territorial de 100.0% e 1 registros recentes na janela de 30 dias.","Leitura consistente, mas ainda pede validação operacional pontual.",O território está próximo de pares vizinhos e pode oscilar no próximo ciclo.,"Verificar eventos recentes, pressão territorial e coerência com inteligência local antes da próxima atualização do ranking."
2026-06-16T16:29:24,2026-06-15,src/core/orchestrator.py:get_combined_risk,cities_general_top30,18,GRACA,GRACA,interior,cidade,24.95,baixo,73.3,moderada,66.7,moderada,1,1,26.0,4.1,100.0,50.0,23.3,100.0,15.0,100.0,0.36,75.0,14,14,False,stable,Tensão territorial,100.0,Atividade recente e vizinhança,50.0,CVLI recente na janela de 30 dias,20.0,Tensão territorial: 100.0% | Atividade recente e vizinhança: 50.0% | CVLI recente na janela de 30 dias: 20.0%,"GRACA aparece na posição 18 de 69, com risco 24.9 e nível baixo; é território de atenção tática.","O peso principal vem de tensão territorial, com suporte territorial de 100.0% e 1 registros recentes na janela de 30 dias.","Leitura consistente, mas ainda pede validação operacional pontual.",O território está próximo de pares vizinhos e pode oscilar no próximo ciclo.,"Verificar eventos recentes, pressão territorial e coerência com inteligência local antes da próxima atualização do ranking."
2026-06-16T16:29:24,2026-06-15,src/core/orchestrator.py:get_combined_risk,cities_general_top30,19,IRAUCUBA,IRAUCUBA,interior,cidade,24.79,baixo,73.2,moderada,65.8,moderada,1,1,35.0,4.0,100.0,50.0,36.7,100.0,37.5,100.0,0.35,73.5,14,14,False,stable,Tensão territorial,100.0,Atividade recente e vizinhança,50.0,CVLI recente na janela de 30 dias,20.0,Tensão territorial: 100.0% | Atividade recente e vizinhança: 50.0% | CVLI recente na janela de 30 dias: 20.0%,"IRAUCUBA aparece na posição 19 de 69, com risco 24.8 e nível baixo; é território de atenção tática.","O peso principal vem de tensão territorial, com suporte territorial de 100.0% e 1 registros recentes na janela de 30 dias.","Leitura consistente, mas ainda pede validação operacional pontual.",O território está próximo de pares vizinhos e pode oscilar no próximo ciclo.,"Verificar eventos recentes, pressão territorial e coerência com inteligência local antes da próxima atualização do ranking."
2026-06-16T16:29:24,2026-06-15,src/core/orchestrator.py:get_combined_risk,cities_general_top30,20,NOVO ORIENTE,NOVO ORIENTE,interior,cidade,24.16,baixo,73.1,moderada,64.8,moderada,1,1,28.0,2.9,100.0,50.0,33.3,100.0,20.0,100.0,0.32,72.1,14,14,False,stable,Tensão territorial,100.0,Atividade recente e vizinhança,50.0,CVLI recente na janela de 30 dias,20.0,Tensão territorial: 100.0% | Atividade recente e vizinhança: 50.0% | CVLI recente na janela de 30 dias: 20.0%,"NOVO ORIENTE aparece na posição 20 de 69, com risco 24.2 e nível baixo; é território de atenção tática.","O peso principal vem de tensão territorial, com suporte territorial de 100.0% e 1 registros recentes na janela de 30 dias.","Leitura consistente, mas ainda pede validação operacional pontual.",O território está próximo de pares vizinhos e pode oscilar no próximo ciclo.,"Verificar eventos recentes, pressão territorial e coerência com inteligência local antes da próxima atualização do ranking."
2026-06-16T16:29:24,2026-06-15,src/core/orchestrator.py:get_combined_risk,cities_general_top30,21,CASCAVEL,CASCAVEL,rmf,cidade,18.0,baixo,66.0,baixa,62.6,moderada,1,1,173.0,8.8,0.0,50.0,10.0,100.0,100.0,100.0,0.05,70.6,14,14,False,stable,Atividade recente e vizinhança,50.0,CVLI recente na janela de 30 dias,20.0,Sinal Poisson do ranking operacional,8.8,Atividade recente e vizinhança: 50.0% | CVLI recente na janela de 30 dias: 20.0% | Sinal Poisson do ranking operacional: 8.8%,"CASCAVEL aparece na posição 21 de 69, com risco 18.0 e nível baixo; é território de atenção tática.","O peso principal vem de atividade recente e vizinhança, com suporte territorial de 100.0% e 1 registros recentes na janela de 30 dias.",Leitura sensível a ruído; requer conferência adicional antes de decisão forte.,O território está próximo de pares vizinhos e pode oscilar no próximo ciclo.,"Verificar eventos recentes, pressão territorial e coerência com inteligência local antes da próxima atualização do ranking."
2026-06-16T16:29:24,2026-06-15,src/core/orchestrator.py:get_combined_risk,cities_general_top30,22,TAUA,TAUA,interior,cidade,17.83,baixo,81.0,moderada,61.7,moderada,1,4,52.0,8.7,0.0,50.0,16.7,100.0,80.0,100.0,0.04,69.1,14,14,False,stable,CVLI recente na janela de 30 dias,80.0,Atividade recente e vizinhança,50.0,Sinal Poisson do ranking operacional,8.7,CVLI recente na janela de 30 dias: 80.0% | Atividade recente e vizinhança: 50.0% | Sinal Poisson do ranking operacional: 8.7%,"TAUA aparece na posição 22 de 69, com risco 17.8 e nível baixo; é território de atenção tática.","O peso principal vem de cvli recente na janela de 30 dias, com suporte territorial de 100.0% e 4 registros recentes na janela de 30 dias.","Leitura consistente, mas ainda pede validação operacional pontual.",O território está próximo de pares vizinhos e pode oscilar no próximo ciclo.,"Verificar eventos recentes, pressão territorial e coerência com inteligência local antes da próxima atualização do ranking."
2026-06-16T16:29:24,2026-06-15,src/core/orchestrator.py:get_combined_risk,cities_general_top30,23,SAO GONCALO DO AMARANTE,SAO GONCALO DO AMARANTE,rmf,cidade,16.87,baixo,65.9,baixa,60.6,moderada,1,1,127.0,7.5,0.0,50.0,30.0,100.0,100.0,100.0,-0.0,67.6,14,14,False,stable,Atividade recente e vizinhança,50.0,CVLI recente na janela de 30 dias,20.0,Sinal Poisson do ranking operacional,7.5,Atividade recente e vizinhança: 50.0% | CVLI recente na janela de 30 dias: 20.0% | Sinal Poisson do ranking operacional: 7.5%,"SAO GONCALO DO AMARANTE aparece na posição 23 de 69, com risco 16.9 e nível baixo; é território de atenção tática.","O peso principal vem de atividade recente e vizinhança, com suporte territorial de 100.0% e 1 registros recentes na janela de 30 dias.",Leitura sensível a ruído; requer conferência adicional antes de decisão forte.,O território está próximo de pares vizinhos e pode oscilar no próximo ciclo.,"Verificar eventos recentes, pressão territorial e coerência com inteligência local antes da próxima atualização do ranking."
2026-06-16T16:29:24,2026-06-15,src/core/orchestrator.py:get_combined_risk,cities_general_top30,24,ITAITINGA,ITAITINGA,rmf,cidade,16.74,baixo,65.9,baixa,59.7,moderada,1,1,83.0,6.9,0.0,50.0,16.7,100.0,100.0,100.0,-0.01,66.2,14,14,False,stable,Atividade recente e vizinhança,50.0,CVLI recente na janela de 30 dias,20.0,Sinal Poisson do ranking operacional,6.9,Atividade recente e vizinhança: 50.0% | CVLI recente na janela de 30 dias: 20.0% | Sinal Poisson do ranking operacional: 6.9%,"ITAITINGA aparece na posição 24 de 69, com risco 16.7 e nível baixo; é território de atenção tática.","O peso principal vem de atividade recente e vizinhança, com suporte territorial de 100.0% e 1 registros recentes na janela de 30 dias.",Leitura sensível a ruído; requer conferência adicional antes de decisão forte.,O território está próximo de pares vizinhos e pode oscilar no próximo ciclo.,"Verificar eventos recentes, pressão territorial e coerência com inteligência local antes da próxima atualização do ranking."
2026-06-16T16:29:24,2026-06-15,src/core/orchestrator.py:get_combined_risk,cities_general_top30,25,EUSEBIO,EUSEBIO,rmf,cidade,16.27,baixo,70.8,moderada,58.7,moderada,1,2,76.0,6.5,0.0,50.0,30.0,100.0,100.0,100.0,-0.03,64.7,14,14,False,stable,Atividade recente e vizinhança,50.0,CVLI recente na janela de 30 dias,40.0,Sinal Poisson do ranking operacional,6.5,Atividade recente e vizinhança: 50.0% | CVLI recente na janela de 30 dias: 40.0% | Sinal Poisson do ranking operacional: 6.5%,"EUSEBIO aparece na posição 25 de 69, com risco 16.3 e nível baixo; é território de atenção tática.","O peso principal vem de atividade recente e vizinhança, com suporte territorial de 100.0% e 2 registros recentes na janela de 30 dias.","Leitura consistente, mas ainda pede validação operacional pontual.",O território está próximo de pares vizinhos e pode oscilar no próximo ciclo.,"Verificar eventos recentes, pressão territorial e coerência com inteligência local antes da próxima atualização do ranking."
2026-06-16T16:29:24,2026-06-15,src/core/orchestrator.py:get_combined_risk,cities_general_top30,26,PINDORETAMA,PINDORETAMA,rmf,cidade,16.21,baixo,65.8,baixa,57.8,moderada,1,1,36.0,6.0,0.0,50.0,13.3,100.0,40.0,100.0,-0.03,63.2,14,14,False,stable,Atividade recente e vizinhança,50.0,CVLI recente na janela de 30 dias,20.0,Sinal Poisson do ranking operacional,6.0,Atividade recente e vizinhança: 50.0% | CVLI recente na janela de 30 dias: 20.0% | Sinal Poisson do ranking operacional: 6.0%,"PINDORETAMA aparece na posição 26 de 69, com risco 16.2 e nível baixo; é território de atenção tática.","O peso principal vem de atividade recente e vizinhança, com suporte territorial de 100.0% e 1 registros recentes na janela de 30 dias.",Leitura sensível a ruído; requer conferência adicional antes de decisão forte.,O território está próximo de pares vizinhos e pode oscilar no próximo ciclo.,"Verificar eventos recentes, pressão territorial e coerência com inteligência local antes da próxima atualização do ranking."
2026-06-16T16:29:24,2026-06-15,src/core/orchestrator.py:get_combined_risk,cities_general_top30,27,PARAIPABA,PARAIPABA,rmf,cidade,15.86,baixo,70.8,moderada,56.9,moderada,1,2,49.0,5.7,0.0,50.0,26.7,100.0,72.5,100.0,-0.05,61.8,14,14,False,stable,Atividade recente e vizinhança,50.0,CVLI recente na janela de 30 dias,40.0,Sinal Poisson do ranking operacional,5.7,Atividade recente e vizinhança: 50.0% | CVLI recente na janela de 30 dias: 40.0% | Sinal Poisson do ranking operacional: 5.7%,"PARAIPABA aparece na posição 27 de 69, com risco 15.9 e nível baixo; é território de atenção tática.","O peso principal vem de atividade recente e vizinhança, com suporte territorial de 100.0% e 2 registros recentes na janela de 30 dias.","Leitura consistente, mas ainda pede validação operacional pontual.",O território está próximo de pares vizinhos e pode oscilar no próximo ciclo.,"Verificar eventos recentes, pressão territorial e coerência com inteligência local antes da próxima atualização do ranking."
2026-06-16T16:29:24,2026-06-15,src/core/orchestrator.py:get_combined_risk,cities_general_top30,28,MARACANAU,MARACANAU,rmf,cidade,15.06,baixo,38.9,muito baixa,55.8,moderada,0,0,656.0,30.9,20.0,0.0,100.0,20.0,100.0,0.0,-0.08,60.3,14,14,False,stable,Sinal Poisson do ranking operacional,30.9,Tensão territorial,20.0,Atividade recente e vizinhança,0.0,Sinal Poisson do ranking operacional: 30.9% | Tensão territorial: 20.0% | Atividade recente e vizinhança: 0.0%,"MARACANAU aparece na posição 28 de 69, com risco 15.1 e nível baixo; é território de atenção tática.","O peso principal vem de sinal poisson do ranking operacional, com suporte territorial de 20.0% e 0 registros recentes na janela de 30 dias.",Leitura sensível a ruído; requer conferência adicional antes de decisão forte.,O território está próximo de pares vizinhos e pode oscilar no próximo ciclo.,"Verificar eventos recentes, pressão territorial e coerência com inteligência local antes da próxima atualização do ranking."
2026-06-16T16:29:24,2026-06-15,src/core/orchestrator.py:get_combined_risk,cities_general_top30,29,TIANGUA,TIANGUA,interior,cidade,13.71,baixo,53.8,muito baixa,54.6,moderada,0,1,127.0,16.7,50.0,0.0,56.7,50.0,100.0,50.0,-0.14,58.8,14,14,False,stable,Tensão territorial,50.0,CVLI recente na janela de 30 dias,20.0,Sinal Poisson do ranking operacional,16.7,Tensão territorial: 50.0% | CVLI recente na janela de 30 dias: 20.0% | Sinal Poisson do ranking operacional: 16.7%,"TIANGUA aparece na posição 29 de 69, com risco 13.7 e nível baixo; é território de atenção tática.","O peso principal vem de tensão territorial, com suporte territorial de 50.0% e 1 registros recentes na janela de 30 dias.",Leitura sensível a ruído; requer conferência adicional antes de decisão forte.,O território está próximo de pares vizinhos e pode oscilar no próximo ciclo.,"Verificar eventos recentes, pressão territorial e coerência com inteligência local antes da próxima atualização do ranking."
2026-06-16T16:29:24,2026-06-15,src/core/orchestrator.py:get_combined_risk,cities_general_top30,30,ACOPIARA,ACOPIARA,interior,cidade,12.84,baixo,76.2,moderada,53.6,moderada,0,2,46.0,5.4,100.0,0.0,56.7,100.0,65.0,100.0,-0.18,57.4,14,14,False,stable,Tensão territorial,100.0,CVLI recente na janela de 30 dias,40.0,Sinal Poisson do ranking operacional,5.4,Tensão territorial: 100.0% | CVLI recente na janela de 30 dias: 40.0% | Sinal Poisson do ranking operacional: 5.4%,"ACOPIARA aparece na posição 30 de 69, com risco 12.8 e nível baixo; é território de atenção tática.","O peso principal vem de tensão territorial, com suporte territorial de 100.0% e 2 registros recentes na janela de 30 dias.","Leitura consistente, mas ainda pede validação operacional pontual.",O território está próximo de pares vizinhos e pode oscilar no próximo ciclo.,"Verificar eventos recentes, pressão territorial e coerência com inteligência local antes da próxima atualização do ranking."
2026-06-16T16:29:24,2026-06-15,src/core/orchestrator.py:get_combined_risk,cities_rmf_top20,1,CAUCAIA,CAUCAIA,rmf,cidade,100.0,crítico,99.0,alta,98.8,muito alta,3,5,946.0,100.0,100.0,100.0,0.0,100.0,100.0,100.0,3.91,100.0,14,14,False,stable,Sinal Poisson do ranking operacional,100.0,Tensão territorial,100.0,Atividade recente e vizinhança,100.0,Sinal Poisson do ranking operacional: 100.0% | Tensão territorial: 100.0% | Atividade recente e vizinhança: 100.0%,"CAUCAIA aparece na posição 1 de 19, com risco 100.0 e nível crítico; é prioridade imediata de acompanhamento.","O peso principal vem de sinal poisson do ranking operacional, com suporte territorial de 100.0% e 5 registros recentes na janela de 30 dias.",Leitura com boa sustentação dos sinais atuais.,O território está bem destacado no ranking frente aos pares.,"Verificar eventos recentes, pressão territorial e coerência com inteligência local antes da próxima atualização do ranking."
2026-06-16T16:29:24,2026-06-15,src/core/orchestrator.py:get_combined_risk,cities_rmf_top20,2,TRAIRI,TRAIRI,rmf,cidade,28.72,baixo,86.3,alta,79.9,alta,2,5,150.0,6.3,0.0,100.0,26.7,100.0,100.0,100.0,0.68,94.4,14,14,False,stable,Atividade recente e vizinhança,100.0,CVLI recente na janela de 30 dias,100.0,Sinal Poisson do ranking operacional,6.3,Atividade recente e vizinhança: 100.0% | CVLI recente na janela de 30 dias: 100.0% | Sinal Poisson do ranking operacional: 6.3%,"TRAIRI aparece na posição 2 de 19, com risco 28.7 e nível baixo; é prioridade imediata de acompanhamento.","O peso principal vem de atividade recente e vizinhança, com suporte territorial de 100.0% e 5 registros recentes na janela de 30 dias.",Leitura com boa sustentação dos sinais atuais.,"O território se diferencia do bloco intermediário, mas sem isolamento absoluto.","Verificar eventos recentes, pressão territorial e coerência com inteligência local antes da próxima atualização do ranking."
2026-06-16T16:29:24,2026-06-15,src/core/orchestrator.py:get_combined_risk,cities_rmf_top20,3,CASCAVEL,CASCAVEL,rmf,cidade,18.0,baixo,66.0,baixa,74.3,alta,1,1,173.0,8.8,0.0,50.0,10.0,100.0,100.0,100.0,0.2,88.9,14,14,False,stable,Atividade recente e vizinhança,50.0,CVLI recente na janela de 30 dias,20.0,Sinal Poisson do ranking operacional,8.8,Atividade recente e vizinhança: 50.0% | CVLI recente na janela de 30 dias: 20.0% | Sinal Poisson do ranking operacional: 8.8%,"CASCAVEL aparece na posição 3 de 19, com risco 18.0 e nível baixo; é prioridade imediata de acompanhamento.","O peso principal vem de atividade recente e vizinhança, com suporte territorial de 100.0% e 1 registros recentes na janela de 30 dias.",Leitura sensível a ruído; requer conferência adicional antes de decisão forte.,"O território se diferencia do bloco intermediário, mas sem isolamento absoluto.","Verificar eventos recentes, pressão territorial e coerência com inteligência local antes da próxima atualização do ranking."
2026-06-16T16:29:24,2026-06-15,src/core/orchestrator.py:get_combined_risk,cities_rmf_top20,4,SAO GONCALO DO AMARANTE,SAO GONCALO DO AMARANTE,rmf,cidade,16.87,baixo,65.9,baixa,70.7,alta,1,1,127.0,7.5,0.0,50.0,30.0,100.0,100.0,100.0,0.15,83.3,14,14,False,stable,Atividade recente e vizinhança,50.0,CVLI recente na janela de 30 dias,20.0,Sinal Poisson do ranking operacional,7.5,Atividade recente e vizinhança: 50.0% | CVLI recente na janela de 30 dias: 20.0% | Sinal Poisson do ranking operacional: 7.5%,"SAO GONCALO DO AMARANTE aparece na posição 4 de 19, com risco 16.9 e nível baixo; é prioridade imediata de acompanhamento.","O peso principal vem de atividade recente e vizinhança, com suporte territorial de 100.0% e 1 registros recentes na janela de 30 dias.",Leitura sensível a ruído; requer conferência adicional antes de decisão forte.,"O território se diferencia do bloco intermediário, mas sem isolamento absoluto.","Verificar eventos recentes, pressão territorial e coerência com inteligência local antes da próxima atualização do ranking."
2026-06-16T16:29:24,2026-06-15,src/core/orchestrator.py:get_combined_risk,cities_rmf_top20,5,ITAITINGA,ITAITINGA,rmf,cidade,16.74,baixo,65.9,baixa,67.4,moderada,1,1,83.0,6.9,0.0,50.0,16.7,100.0,100.0,100.0,0.14,77.8,14,14,False,stable,Atividade recente e vizinhança,50.0,CVLI recente na janela de 30 dias,20.0,Sinal Poisson do ranking operacional,6.9,Atividade recente e vizinhança: 50.0% | CVLI recente na janela de 30 dias: 20.0% | Sinal Poisson do ranking operacional: 6.9%,"ITAITINGA aparece na posição 5 de 19, com risco 16.7 e nível baixo; é prioridade imediata de acompanhamento.","O peso principal vem de atividade recente e vizinhança, com suporte territorial de 100.0% e 1 registros recentes na janela de 30 dias.",Leitura sensível a ruído; requer conferência adicional antes de decisão forte.,O território está próximo de pares vizinhos e pode oscilar no próximo ciclo.,"Verificar eventos recentes, pressão territorial e coerência com inteligência local antes da próxima atualização do ranking."
2026-06-16T16:29:24,2026-06-15,src/core/orchestrator.py:get_combined_risk,cities_rmf_top20,6,EUSEBIO,EUSEBIO,rmf,cidade,16.27,baixo,70.8,moderada,63.9,moderada,1,2,76.0,6.5,0.0,50.0,30.0,100.0,100.0,100.0,0.12,72.2,14,14,False,stable,Atividade recente e vizinhança,50.0,CVLI recente na janela de 30 dias,40.0,Sinal Poisson do ranking operacional,6.5,Atividade recente e vizinhança: 50.0% | CVLI recente na janela de 30 dias: 40.0% | Sinal Poisson do ranking operacional: 6.5%,"EUSEBIO aparece na posição 6 de 19, com risco 16.3 e nível baixo; é prioridade alta de acompanhamento.","O peso principal vem de atividade recente e vizinhança, com suporte territorial de 100.0% e 2 registros recentes na janela de 30 dias.","Leitura consistente, mas ainda pede validação operacional pontual.",O território está próximo de pares vizinhos e pode oscilar no próximo ciclo.,"Verificar eventos recentes, pressão territorial e coerência com inteligência local antes da próxima atualização do ranking."
2026-06-16T16:29:24,2026-06-15,src/core/orchestrator.py:get_combined_risk,cities_rmf_top20,7,PINDORETAMA,PINDORETAMA,rmf,cidade,16.21,baixo,65.8,baixa,60.6,moderada,1,1,36.0,6.0,0.0,50.0,13.3,100.0,40.0,100.0,0.12,66.7,14,14,False,stable,Atividade recente e vizinhança,50.0,CVLI recente na janela de 30 dias,20.0,Sinal Poisson do ranking operacional,6.0,Atividade recente e vizinhança: 50.0% | CVLI recente na janela de 30 dias: 20.0% | Sinal Poisson do ranking operacional: 6.0%,"PINDORETAMA aparece na posição 7 de 19, com risco 16.2 e nível baixo; é prioridade alta de acompanhamento.","O peso principal vem de atividade recente e vizinhança, com suporte territorial de 100.0% e 1 registros recentes na janela de 30 dias.",Leitura sensível a ruído; requer conferência adicional antes de decisão forte.,O território está próximo de pares vizinhos e pode oscilar no próximo ciclo.,"Verificar eventos recentes, pressão territorial e coerência com inteligência local antes da próxima atualização do ranking."
2026-06-16T16:29:24,2026-06-15,src/core/orchestrator.py:get_combined_risk,cities_rmf_top20,8,PARAIPABA,PARAIPABA,rmf,cidade,15.86,baixo,70.8,moderada,57.2,moderada,1,2,49.0,5.7,0.0,50.0,26.7,100.0,72.5,100.0,0.1,61.1,14,14,False,stable,Atividade recente e vizinhança,50.0,CVLI recente na janela de 30 dias,40.0,Sinal Poisson do ranking operacional,5.7,Atividade recente e vizinhança: 50.0% | CVLI recente na janela de 30 dias: 40.0% | Sinal Poisson do ranking operacional: 5.7%,"PARAIPABA aparece na posição 8 de 19, com risco 15.9 e nível baixo; é prioridade alta de acompanhamento.","O peso principal vem de atividade recente e vizinhança, com suporte territorial de 100.0% e 2 registros recentes na janela de 30 dias.","Leitura consistente, mas ainda pede validação operacional pontual.",O território está próximo de pares vizinhos e pode oscilar no próximo ciclo.,"Verificar eventos recentes, pressão territorial e coerência com inteligência local antes da próxima atualização do ranking."
2026-06-16T16:29:24,2026-06-15,src/core/orchestrator.py:get_combined_risk,cities_rmf_top20,9,MARACANAU,MARACANAU,rmf,cidade,15.06,baixo,38.9,muito baixa,53.7,moderada,0,0,656.0,30.9,20.0,0.0,100.0,20.0,100.0,0.0,0.07,55.6,14,14,False,stable,Sinal Poisson do ranking operacional,30.9,Tensão territorial,20.0,Atividade recente e vizinhança,0.0,Sinal Poisson do ranking operacional: 30.9% | Tensão territorial: 20.0% | Atividade recente e vizinhança: 0.0%,"MARACANAU aparece na posição 9 de 19, com risco 15.1 e nível baixo; é prioridade alta de acompanhamento.","O peso principal vem de sinal poisson do ranking operacional, com suporte territorial de 20.0% e 0 registros recentes na janela de 30 dias.",Leitura sensível a ruído; requer conferência adicional antes de decisão forte.,O território está próximo de pares vizinhos e pode oscilar no próximo ciclo.,"Verificar eventos recentes, pressão territorial e coerência com inteligência local antes da próxima atualização do ranking."
2026-06-16T16:29:24,2026-06-15,src/core/orchestrator.py:get_combined_risk,cities_rmf_top20,10,MARANGUAPE,MARANGUAPE,rmf,cidade,7.03,baixo,36.8,muito baixa,48.6,baixa,0,0,293.0,16.6,0.0,0.0,100.0,20.0,100.0,0.0,-0.3,50.0,14,14,False,stable,Sinal Poisson do ranking operacional,16.6,Tensão territorial,0.0,Atividade recente e vizinhança,0.0,Sinal Poisson do ranking operacional: 16.6% | Tensão territorial: 0.0% | Atividade recente e vizinhança: 0.0%,"MARANGUAPE aparece na posição 10 de 19, com risco 7.0 e nível baixo; é prioridade alta de acompanhamento.","O peso principal vem de sinal poisson do ranking operacional, com suporte territorial de 20.0% e 0 registros recentes na janela de 30 dias.",Leitura sensível a ruído; requer conferência adicional antes de decisão forte.,O território está próximo de pares vizinhos e pode oscilar no próximo ciclo.,"Verificar eventos recentes, pressão territorial e coerência com inteligência local antes da próxima atualização do ranking."
2026-06-16T16:29:24,2026-06-15,src/core/orchestrator.py:get_combined_risk,cities_rmf_top20,11,PACATUBA,PACATUBA,rmf,cidade,3.09,baixo,48.3,muito baixa,44.4,baixa,0,1,195.0,6.9,0.0,0.0,90.0,50.0,100.0,50.0,-0.48,44.4,14,14,False,stable,CVLI recente na janela de 30 dias,20.0,Sinal Poisson do ranking operacional,6.9,Tensão territorial,0.0,CVLI recente na janela de 30 dias: 20.0% | Sinal Poisson do ranking operacional: 6.9% | Tensão territorial: 0.0%,"PACATUBA aparece na posição 11 de 19, com risco 3.1 e nível baixo; é território de atenção tática.","O peso principal vem de cvli recente na janela de 30 dias, com suporte territorial de 50.0% e 1 registros recentes na janela de 30 dias.",Leitura sensível a ruído; requer conferência adicional antes de decisão forte.,O território está próximo de pares vizinhos e pode oscilar no próximo ciclo.,"Verificar eventos recentes, pressão territorial e coerência com inteligência local antes da próxima atualização do ranking."
2026-06-16T16:29:24,2026-06-15,src/core/orchestrator.py:get_combined_risk,cities_rmf_top20,12,PACAJUS,PACAJUS,rmf,cidade,1.22,baixo,35.3,muito baixa,40.6,baixa,0,0,136.0,2.9,0.0,0.0,100.0,20.0,100.0,0.0,-0.56,38.9,14,14,False,stable,Sinal Poisson do ranking operacional,2.9,Tensão territorial,0.0,Atividade recente e vizinhança,0.0,Sinal Poisson do ranking operacional: 2.9% | Tensão territorial: 0.0% | Atividade recente e vizinhança: 0.0%,"PACAJUS aparece na posição 12 de 19, com risco 1.2 e nível baixo; é território de atenção tática.","O peso principal vem de sinal poisson do ranking operacional, com suporte territorial de 20.0% e 0 registros recentes na janela de 30 dias.",Leitura sensível a ruído; requer conferência adicional antes de decisão forte.,O território está próximo de pares vizinhos e pode oscilar no próximo ciclo.,"Verificar eventos recentes, pressão territorial e coerência com inteligência local antes da próxima atualização do ranking."
2026-06-16T16:29:24,2026-06-15,src/core/orchestrator.py:get_combined_risk,cities_rmf_top20,13,PARACURU,PARACURU,rmf,cidade,0.98,baixo,35.3,muito baixa,37.2,baixa,0,0,80.0,2.3,0.0,0.0,100.0,20.0,100.0,0.0,-0.57,33.3,14,14,False,stable,Sinal Poisson do ranking operacional,2.3,Tensão territorial,0.0,Atividade recente e vizinhança,0.0,Sinal Poisson do ranking operacional: 2.3% | Tensão territorial: 0.0% | Atividade recente e vizinhança: 0.0%,"PARACURU aparece na posição 13 de 19, com risco 1.0 e nível baixo; é território de atenção tática.","O peso principal vem de sinal poisson do ranking operacional, com suporte territorial de 20.0% e 0 registros recentes na janela de 30 dias.",Leitura sensível a ruído; requer conferência adicional antes de decisão forte.,O território está próximo de pares vizinhos e pode oscilar no próximo ciclo.,"Verificar eventos recentes, pressão territorial e coerência com inteligência local antes da próxima atualização do ranking."
2026-06-16T16:29:24,2026-06-15,src/core/orchestrator.py:get_combined_risk,cities_rmf_top20,14,GUAIUBA,GUAIUBA,rmf,cidade,0.66,baixo,47.7,muito baixa,33.9,baixa,0,1,68.0,1.5,0.0,0.0,90.0,50.0,100.0,50.0,-0.59,27.8,14,14,False,stable,CVLI recente na janela de 30 dias,20.0,Sinal Poisson do ranking operacional,1.5,Tensão territorial,0.0,CVLI recente na janela de 30 dias: 20.0% | Sinal Poisson do ranking operacional: 1.5% | Tensão territorial: 0.0%,"GUAIUBA aparece na posição 14 de 19, com risco 0.7 e nível baixo; é território de atenção tática.","O peso principal vem de cvli recente na janela de 30 dias, com suporte territorial de 50.0% e 1 registros recentes na janela de 30 dias.",Leitura sensível a ruído; requer conferência adicional antes de decisão forte.,O território está próximo de pares vizinhos e pode oscilar no próximo ciclo.,"Verificar eventos recentes, pressão territorial e coerência com inteligência local antes da próxima atualização do ranking."
2026-06-16T16:29:24,2026-06-15,src/core/orchestrator.py:get_combined_risk,cities_rmf_top20,15,HORIZONTE,HORIZONTE,rmf,cidade,0.63,baixo,35.2,muito baixa,30.5,baixa,0,0,147.0,1.5,0.0,0.0,100.0,20.0,100.0,0.0,-0.59,22.2,14,14,False,stable,Sinal Poisson do ranking operacional,1.5,Tensão territorial,0.0,Atividade recente e vizinhança,0.0,Sinal Poisson do ranking operacional: 1.5% | Tensão territorial: 0.0% | Atividade recente e vizinhança: 0.0%,"HORIZONTE aparece na posição 15 de 19, com risco 0.6 e nível baixo; é território de atenção tática.","O peso principal vem de sinal poisson do ranking operacional, com suporte territorial de 20.0% e 0 registros recentes na janela de 30 dias.",Leitura sensível a ruído; requer conferência adicional antes de decisão forte.,O território está próximo de pares vizinhos e pode oscilar no próximo ciclo.,"Verificar eventos recentes, pressão territorial e coerência com inteligência local antes da próxima atualização do ranking."
2026-06-16T16:29:24,2026-06-15,src/core/orchestrator.py:get_combined_risk,cities_rmf_top20,16,BEBERIBE,BEBERIBE,rmf,cidade,0.62,baixo,35.2,muito baixa,27.2,baixa,0,0,72.0,1.5,0.0,0.0,100.0,20.0,100.0,0.0,-0.59,16.7,14,14,False,stable,Sinal Poisson do ranking operacional,1.5,Tensão territorial,0.0,Atividade recente e vizinhança,0.0,Sinal Poisson do ranking operacional: 1.5% | Tensão territorial: 0.0% | Atividade recente e vizinhança: 0.0%,"BEBERIBE aparece na posição 16 de 19, com risco 0.6 e nível baixo; é território de atenção tática.","O peso principal vem de sinal poisson do ranking operacional, com suporte territorial de 20.0% e 0 registros recentes na janela de 30 dias.",Leitura sensível a ruído; requer conferência adicional antes de decisão forte.,O território está próximo de pares vizinhos e pode oscilar no próximo ciclo.,"Verificar eventos recentes, pressão territorial e coerência com inteligência local antes da próxima atualização do ranking."
2026-06-16T16:29:24,2026-06-15,src/core/orchestrator.py:get_combined_risk,cities_rmf_top20,17,AQUIRAZ,AQUIRAZ,rmf,cidade,0.4,baixo,35.1,muito baixa,23.8,baixa,0,0,157.0,0.9,0.0,0.0,100.0,20.0,100.0,0.0,-0.6,11.1,14,14,False,stable,Sinal Poisson do ranking operacional,0.9,Tensão territorial,0.0,Atividade recente e vizinhança,0.0,Sinal Poisson do ranking operacional: 0.9% | Tensão territorial: 0.0% | Atividade recente e vizinhança: 0.0%,"AQUIRAZ aparece na posição 17 de 19, com risco 0.4 e nível baixo; é território de atenção tática.","O peso principal vem de sinal poisson do ranking operacional, com suporte territorial de 20.0% e 0 registros recentes na janela de 30 dias.",Leitura sensível a ruído; requer conferência adicional antes de decisão forte.,O território está próximo de pares vizinhos e pode oscilar no próximo ciclo.,"Verificar eventos recentes, pressão territorial e coerência com inteligência local antes da próxima atualização do ranking."
2026-06-16T16:29:24,2026-06-15,src/core/orchestrator.py:get_combined_risk,cities_rmf_top20,18,SAO LUIS DO CURU,SAO LUIS DO CURU,rmf,cidade,0.06,baixo,30.8,muito baixa,20.4,baixa,0,0,26.0,0.1,0.0,0.0,100.0,3.0,15.0,0.0,-0.61,5.6,14,14,False,stable,Sinal Poisson do ranking operacional,0.1,Tensão territorial,0.0,Atividade recente e vizinhança,0.0,Sinal Poisson do ranking operacional: 0.1% | Tensão territorial: 0.0% | Atividade recente e vizinhança: 0.0%,"SAO LUIS DO CURU aparece na posição 18 de 19, com risco 0.1 e nível baixo; é território de atenção tática.","O peso principal vem de sinal poisson do ranking operacional, com suporte territorial de 3.0% e 0 registros recentes na janela de 30 dias.",Leitura sensível a ruído; requer conferência adicional antes de decisão forte.,O território está próximo de pares vizinhos e pode oscilar no próximo ciclo.,"Verificar eventos recentes, pressão territorial e coerência com inteligência local antes da próxima atualização do ranking."
2026-06-16T16:29:24,2026-06-15,src/core/orchestrator.py:get_combined_risk,cities_rmf_top20,19,CHOROZINHO,CHOROZINHO,rmf,cidade,0.0,baixo,31.9,muito baixa,17.0,baixa,0,0,35.0,0.0,0.0,0.0,100.0,7.5,37.5,0.0,-0.62,0.0,14,14,False,stable,Sinal Poisson do ranking operacional,0.0,Tensão territorial,0.0,Atividade recente e vizinhança,0.0,Sinal Poisson do ranking operacional: 0.0% | Tensão territorial: 0.0% | Atividade recente e vizinhança: 0.0%,"CHOROZINHO aparece na posição 19 de 19, com risco 0.0 e nível baixo; é território de atenção tática.","O peso principal vem de sinal poisson do ranking operacional, com suporte territorial de 7.5% e 0 registros recentes na janela de 30 dias.",Leitura sensível a ruído; requer conferência adicional antes de decisão forte.,O território está próximo de pares vizinhos e pode oscilar no próximo ciclo.,"Verificar eventos recentes, pressão territorial e coerência com inteligência local antes da próxima atualização do ranking."
2026-06-16T16:29:24,2026-06-15,src/core/orchestrator.py:get_combined_risk,cities_interior_top30,1,SOBRAL,SOBRAL,interior,cidade,95.51,crítico,99.0,alta,96.3,muito alta,3,4,386.0,97.7,100.0,100.0,13.3,100.0,100.0,100.0,3.4,100.0,14,14,False,stable,Tensão territorial,100.0,Atividade recente e vizinhança,100.0,Sinal Poisson do ranking operacional,97.7,Tensão territorial: 100.0% | Atividade recente e vizinhança: 100.0% | Sinal Poisson do ranking operacional: 97.7%,"SOBRAL aparece na posição 1 de 50, com risco 95.5 e nível crítico; é prioridade imediata de acompanhamento.","O peso principal vem de tensão territorial, com suporte territorial de 100.0% e 4 registros recentes na janela de 30 dias.",Leitura com boa sustentação dos sinais atuais.,O território está bem destacado no ranking frente aos pares.,"Verificar eventos recentes, pressão territorial e coerência com inteligência local antes da próxima atualização do ranking."
2026-06-16T16:29:24,2026-06-15,src/core/orchestrator.py:get_combined_risk,cities_interior_top30,2,JUAZEIRO DO NORTE,JUAZEIRO DO NORTE,interior,cidade,95.45,crítico,99.0,alta,95.1,muito alta,2,4,318.0,100.0,100.0,100.0,20.0,100.0,100.0,100.0,3.4,98.0,14,14,False,stable,Sinal Poisson do ranking operacional,100.0,Tensão territorial,100.0,Atividade recente e vizinhança,100.0,Sinal Poisson do ranking operacional: 100.0% | Tensão territorial: 100.0% | Atividade recente e vizinhança: 100.0%,"JUAZEIRO DO NORTE aparece na posição 2 de 50, com risco 95.5 e nível crítico; é prioridade imediata de acompanhamento.","O peso principal vem de sinal poisson do ranking operacional, com suporte territorial de 100.0% e 4 registros recentes na janela de 30 dias.",Leitura com boa sustentação dos sinais atuais.,O território está bem destacado no ranking frente aos pares.,"Verificar eventos recentes, pressão territorial e coerência com inteligência local antes da próxima atualização do ranking."
2026-06-16T16:29:24,2026-06-15,src/core/orchestrator.py:get_combined_risk,cities_interior_top30,3,ITAPIPOCA,ITAPIPOCA,interior,cidade,55.02,alto,90.3,alta,85.3,muito alta,2,4,195.0,31.5,100.0,100.0,6.7,100.0,100.0,100.0,1.62,95.9,14,14,False,stable,Tensão territorial,100.0,Atividade recente e vizinhança,100.0,CVLI recente na janela de 30 dias,80.0,Tensão territorial: 100.0% | Atividade recente e vizinhança: 100.0% | CVLI recente na janela de 30 dias: 80.0%,"ITAPIPOCA aparece na posição 3 de 50, com risco 55.0 e nível alto; é prioridade imediata de acompanhamento.","O peso principal vem de tensão territorial, com suporte territorial de 100.0% e 4 registros recentes na janela de 30 dias.",Leitura com boa sustentação dos sinais atuais.,O território está bem destacado no ranking frente aos pares.,"Verificar eventos recentes, pressão territorial e coerência com inteligência local antes da próxima atualização do ranking."
2026-06-16T16:29:24,2026-06-15,src/core/orchestrator.py:get_combined_risk,cities_interior_top30,4,MORADA NOVA,MORADA NOVA,interior,cidade,52.6,alto,84.8,moderada,83.6,alta,2,3,150.0,28.1,100.0,100.0,10.0,100.0,100.0,100.0,1.51,93.9,14,14,False,stable,Tensão territorial,100.0,Atividade recente e vizinhança,100.0,CVLI recente na janela de 30 dias,60.0,Tensão territorial: 100.0% | Atividade recente e vizinhança: 100.0% | CVLI recente na janela de 30 dias: 60.0%,"MORADA NOVA aparece na posição 4 de 50, com risco 52.6 e nível alto; é prioridade imediata de acompanhamento.","O peso principal vem de tensão territorial, com suporte territorial de 100.0% e 3 registros recentes na janela de 30 dias.","Leitura consistente, mas ainda pede validação operacional pontual.","O território se diferencia do bloco intermediário, mas sem isolamento absoluto.","Verificar eventos recentes, pressão territorial e coerência com inteligência local antes da próxima atualização do ranking."
2026-06-16T16:29:24,2026-06-15,src/core/orchestrator.py:get_combined_risk,cities_interior_top30,5,BOA VIAGEM,BOA VIAGEM,interior,cidade,49.21,moderado,84.0,moderada,81.6,alta,2,3,118.0,22.4,100.0,100.0,6.7,100.0,100.0,100.0,1.36,91.8,14,14,False,stable,Tensão territorial,100.0,Atividade recente e vizinhança,100.0,CVLI recente na janela de 30 dias,60.0,Tensão territorial: 100.0% | Atividade recente e vizinhança: 100.0% | CVLI recente na janela de 30 dias: 60.0%,"BOA VIAGEM aparece na posição 5 de 50, com risco 49.2 e nível moderado; é prioridade imediata de acompanhamento.","O peso principal vem de tensão territorial, com suporte territorial de 100.0% e 3 registros recentes na janela de 30 dias.","Leitura consistente, mas ainda pede validação operacional pontual.","O território se diferencia do bloco intermediário, mas sem isolamento absoluto.","Verificar eventos recentes, pressão territorial e coerência com inteligência local antes da próxima atualização do ranking."
2026-06-16T16:29:24,2026-06-15,src/core/orchestrator.py:get_combined_risk,cities_interior_top30,6,AMONTADA,AMONTADA,interior,cidade,47.42,moderado,88.8,alta,80.1,alta,2,5,141.0,20.8,100.0,100.0,23.3,100.0,100.0,100.0,1.29,89.8,14,14,False,stable,Tensão territorial,100.0,Atividade recente e vizinhança,100.0,CVLI recente na janela de 30 dias,100.0,Tensão territorial: 100.0% | Atividade recente e vizinhança: 100.0% | CVLI recente na janela de 30 dias: 100.0%,"AMONTADA aparece na posição 6 de 50, com risco 47.4 e nível moderado; é prioridade alta de acompanhamento.","O peso principal vem de tensão territorial, com suporte territorial de 100.0% e 5 registros recentes na janela de 30 dias.",Leitura com boa sustentação dos sinais atuais.,"O território se diferencia do bloco intermediário, mas sem isolamento absoluto.","Verificar eventos recentes, pressão territorial e coerência com inteligência local antes da próxima atualização do ranking."
2026-06-16T16:29:24,2026-06-15,src/core/orchestrator.py:get_combined_risk,cities_interior_top30,7,LIMOEIRO DO NORTE,LIMOEIRO DO NORTE,interior,cidade,45.95,moderado,83.3,moderada,78.5,alta,2,3,100.0,17.3,100.0,100.0,6.7,100.0,100.0,100.0,1.22,87.8,14,14,False,stable,Tensão territorial,100.0,Atividade recente e vizinhança,100.0,CVLI recente na janela de 30 dias,60.0,Tensão territorial: 100.0% | Atividade recente e vizinhança: 100.0% | CVLI recente na janela de 30 dias: 60.0%,"LIMOEIRO DO NORTE aparece na posição 7 de 50, com risco 46.0 e nível moderado; é prioridade alta de acompanhamento.","O peso principal vem de tensão territorial, com suporte territorial de 100.0% e 3 registros recentes na janela de 30 dias.","Leitura consistente, mas ainda pede validação operacional pontual.","O território se diferencia do bloco intermediário, mas sem isolamento absoluto.","Verificar eventos recentes, pressão territorial e coerência com inteligência local antes da próxima atualização do ranking."
2026-06-16T16:29:24,2026-06-15,src/core/orchestrator.py:get_combined_risk,cities_interior_top30,8,ITAPIUNA,ITAPIUNA,interior,cidade,39.13,moderado,81.8,moderada,75.8,alta,2,3,45.0,6.8,100.0,100.0,16.7,100.0,62.5,100.0,0.92,85.7,14,14,False,stable,Tensão territorial,100.0,Atividade recente e vizinhança,100.0,CVLI recente na janela de 30 dias,60.0,Tensão territorial: 100.0% | Atividade recente e vizinhança: 100.0% | CVLI recente na janela de 30 dias: 60.0%,"ITAPIUNA aparece na posição 8 de 50, com risco 39.1 e nível moderado; é prioridade alta de acompanhamento.","O peso principal vem de tensão territorial, com suporte territorial de 100.0% e 3 registros recentes na janela de 30 dias.","Leitura consistente, mas ainda pede validação operacional pontual.","O território se diferencia do bloco intermediário, mas sem isolamento absoluto.","Verificar eventos recentes, pressão territorial e coerência com inteligência local antes da próxima atualização do ranking."
2026-06-16T16:29:24,2026-06-15,src/core/orchestrator.py:get_combined_risk,cities_interior_top30,9,CRATO,CRATO,interior,cidade,37.92,moderado,80.9,moderada,74.4,alta,1,2,181.0,27.6,100.0,50.0,40.0,100.0,100.0,100.0,0.87,83.7,14,14,False,stable,Tensão territorial,100.0,Atividade recente e vizinhança,50.0,CVLI recente na janela de 30 dias,40.0,Tensão territorial: 100.0% | Atividade recente e vizinhança: 50.0% | CVLI recente na janela de 30 dias: 40.0%,"CRATO aparece na posição 9 de 50, com risco 37.9 e nível moderado; é prioridade alta de acompanhamento.","O peso principal vem de tensão territorial, com suporte territorial de 100.0% e 2 registros recentes na janela de 30 dias.","Leitura consistente, mas ainda pede validação operacional pontual.","O território se diferencia do bloco intermediário, mas sem isolamento absoluto.","Verificar eventos recentes, pressão territorial e coerência com inteligência local antes da próxima atualização do ranking."
2026-06-16T16:29:24,2026-06-15,src/core/orchestrator.py:get_combined_risk,cities_interior_top30,10,QUIXADA,QUIXADA,interior,cidade,37.66,moderado,75.5,moderada,73.1,alta,1,1,147.0,23.6,100.0,50.0,3.3,100.0,100.0,100.0,0.86,81.6,14,14,False,stable,Tensão territorial,100.0,Atividade recente e vizinhança,50.0,Sinal Poisson do ranking operacional,23.6,Tensão territorial: 100.0% | Atividade recente e vizinhança: 50.0% | Sinal Poisson do ranking operacional: 23.6%,"QUIXADA aparece na posição 10 de 50, com risco 37.7 e nível moderado; é prioridade alta de acompanhamento.","O peso principal vem de tensão territorial, com suporte territorial de 100.0% e 1 registros recentes na janela de 30 dias.","Leitura consistente, mas ainda pede validação operacional pontual.","O território se diferencia do bloco intermediário, mas sem isolamento absoluto.","Verificar eventos recentes, pressão territorial e coerência com inteligência local antes da próxima atualização do ranking."
2026-06-16T16:29:24,2026-06-15,src/core/orchestrator.py:get_combined_risk,cities_interior_top30,11,RUSSAS,RUSSAS,interior,cidade,35.1,moderado,85.1,alta,71.3,alta,1,3,112.0,19.9,100.0,50.0,6.7,100.0,100.0,100.0,0.74,79.6,14,14,False,stable,Tensão territorial,100.0,CVLI recente na janela de 30 dias,60.0,Atividade recente e vizinhança,50.0,Tensão territorial: 100.0% | CVLI recente na janela de 30 dias: 60.0% | Atividade recente e vizinhança: 50.0%,"RUSSAS aparece na posição 11 de 50, com risco 35.1 e nível moderado; é território de atenção tática.","O peso principal vem de tensão territorial, com suporte territorial de 100.0% e 3 registros recentes na janela de 30 dias.",Leitura com boa sustentação dos sinais atuais.,"O território se diferencia do bloco intermediário, mas sem isolamento absoluto.","Verificar eventos recentes, pressão territorial e coerência com inteligência local antes da próxima atualização do ranking."
2026-06-16T16:29:24,2026-06-15,src/core/orchestrator.py:get_combined_risk,cities_interior_top30,12,FORQUILHA,FORQUILHA,interior,cidade,29.55,baixo,74.1,moderada,69.0,moderada,1,1,90.0,11.7,100.0,50.0,20.0,100.0,100.0,100.0,0.5,77.6,14,14,False,stable,Tensão territorial,100.0,Atividade recente e vizinhança,50.0,CVLI recente na janela de 30 dias,20.0,Tensão territorial: 100.0% | Atividade recente e vizinhança: 50.0% | CVLI recente na janela de 30 dias: 20.0%,"FORQUILHA aparece na posição 12 de 50, com risco 29.6 e nível baixo; é território de atenção tática.","O peso principal vem de tensão territorial, com suporte territorial de 100.0% e 1 registros recentes na janela de 30 dias.","Leitura consistente, mas ainda pede validação operacional pontual.",O território está próximo de pares vizinhos e pode oscilar no próximo ciclo.,"Verificar eventos recentes, pressão territorial e coerência com inteligência local antes da próxima atualização do ranking."
2026-06-16T16:29:24,2026-06-15,src/core/orchestrator.py:get_combined_risk,cities_interior_top30,13,PEDRA BRANCA,PEDRA BRANCA,interior,cidade,26.89,baixo,73.7,moderada,67.1,moderada,1,1,57.0,7.7,100.0,50.0,36.7,100.0,92.5,100.0,0.38,75.5,14,14,False,stable,Tensão territorial,100.0,Atividade recente e vizinhança,50.0,CVLI recente na janela de 30 dias,20.0,Tensão territorial: 100.0% | Atividade recente e vizinhança: 50.0% | CVLI recente na janela de 30 dias: 20.0%,"PEDRA BRANCA aparece na posição 13 de 50, com risco 26.9 e nível baixo; é território de atenção tática.","O peso principal vem de tensão territorial, com suporte territorial de 100.0% e 1 registros recentes na janela de 30 dias.","Leitura consistente, mas ainda pede validação operacional pontual.",O território está próximo de pares vizinhos e pode oscilar no próximo ciclo.,"Verificar eventos recentes, pressão territorial e coerência com inteligência local antes da próxima atualização do ranking."
2026-06-16T16:29:24,2026-06-15,src/core/orchestrator.py:get_combined_risk,cities_interior_top30,14,VICOSA DO CEARA,VICOSA DO CEARA,interior,cidade,26.38,baixo,73.5,moderada,65.8,moderada,1,1,43.0,6.3,100.0,50.0,13.3,100.0,57.5,100.0,0.36,73.5,14,14,False,stable,Tensão territorial,100.0,Atividade recente e vizinhança,50.0,CVLI recente na janela de 30 dias,20.0,Tensão territorial: 100.0% | Atividade recente e vizinhança: 50.0% | CVLI recente na janela de 30 dias: 20.0%,"VICOSA DO CEARA aparece na posição 14 de 50, com risco 26.4 e nível baixo; é território de atenção tática.","O peso principal vem de tensão territorial, com suporte territorial de 100.0% e 1 registros recentes na janela de 30 dias.","Leitura consistente, mas ainda pede validação operacional pontual.",O território está próximo de pares vizinhos e pode oscilar no próximo ciclo.,"Verificar eventos recentes, pressão territorial e coerência com inteligência local antes da próxima atualização do ranking."
2026-06-16T16:29:24,2026-06-15,src/core/orchestrator.py:get_combined_risk,cities_interior_top30,15,SENADOR POMPEU,SENADOR POMPEU,interior,cidade,25.27,baixo,73.3,moderada,64.3,moderada,1,1,35.0,4.6,100.0,50.0,23.3,100.0,37.5,100.0,0.31,71.4,14,14,False,stable,Tensão territorial,100.0,Atividade recente e vizinhança,50.0,CVLI recente na janela de 30 dias,20.0,Tensão territorial: 100.0% | Atividade recente e vizinhança: 50.0% | CVLI recente na janela de 30 dias: 20.0%,"SENADOR POMPEU aparece na posição 15 de 50, com risco 25.3 e nível baixo; é território de atenção tática.","O peso principal vem de tensão territorial, com suporte territorial de 100.0% e 1 registros recentes na janela de 30 dias.","Leitura consistente, mas ainda pede validação operacional pontual.",O território está próximo de pares vizinhos e pode oscilar no próximo ciclo.,"Verificar eventos recentes, pressão territorial e coerência com inteligência local antes da próxima atualização do ranking."
2026-06-16T16:29:24,2026-06-15,src/core/orchestrator.py:get_combined_risk,cities_interior_top30,16,GRACA,GRACA,interior,cidade,24.95,baixo,73.3,moderada,63.1,moderada,1,1,26.0,4.1,100.0,50.0,23.3,100.0,15.0,100.0,0.3,69.4,14,14,False,stable,Tensão territorial,100.0,Atividade recente e vizinhança,50.0,CVLI recente na janela de 30 dias,20.0,Tensão territorial: 100.0% | Atividade recente e vizinhança: 50.0% | CVLI recente na janela de 30 dias: 20.0%,"GRACA aparece na posição 16 de 50, com risco 24.9 e nível baixo; é território de atenção tática.","O peso principal vem de tensão territorial, com suporte territorial de 100.0% e 1 registros recentes na janela de 30 dias.","Leitura consistente, mas ainda pede validação operacional pontual.",O território está próximo de pares vizinhos e pode oscilar no próximo ciclo.,"Verificar eventos recentes, pressão territorial e coerência com inteligência local antes da próxima atualização do ranking."
2026-06-16T16:29:24,2026-06-15,src/core/orchestrator.py:get_combined_risk,cities_interior_top30,17,IRAUCUBA,IRAUCUBA,interior,cidade,24.79,baixo,73.2,moderada,61.8,moderada,1,1,35.0,4.0,100.0,50.0,36.7,100.0,37.5,100.0,0.29,67.3,14,14,False,stable,Tensão territorial,100.0,Atividade recente e vizinhança,50.0,CVLI recente na janela de 30 dias,20.0,Tensão territorial: 100.0% | Atividade recente e vizinhança: 50.0% | CVLI recente na janela de 30 dias: 20.0%,"IRAUCUBA aparece na posição 17 de 50, com risco 24.8 e nível baixo; é território de atenção tática.","O peso principal vem de tensão territorial, com suporte territorial de 100.0% e 1 registros recentes na janela de 30 dias.","Leitura consistente, mas ainda pede validação operacional pontual.",O território está próximo de pares vizinhos e pode oscilar no próximo ciclo.,"Verificar eventos recentes, pressão territorial e coerência com inteligência local antes da próxima atualização do ranking."
2026-06-16T16:29:24,2026-06-15,src/core/orchestrator.py:get_combined_risk,cities_interior_top30,18,NOVO ORIENTE,NOVO ORIENTE,interior,cidade,24.16,baixo,73.1,moderada,60.4,moderada,1,1,28.0,2.9,100.0,50.0,33.3,100.0,20.0,100.0,0.26,65.3,14,14,False,stable,Tensão territorial,100.0,Atividade recente e vizinhança,50.0,CVLI recente na janela de 30 dias,20.0,Tensão territorial: 100.0% | Atividade recente e vizinhança: 50.0% | CVLI recente na janela de 30 dias: 20.0%,"NOVO ORIENTE aparece na posição 18 de 50, com risco 24.2 e nível baixo; é território de atenção tática.","O peso principal vem de tensão territorial, com suporte territorial de 100.0% e 1 registros recentes na janela de 30 dias.","Leitura consistente, mas ainda pede validação operacional pontual.",O território está próximo de pares vizinhos e pode oscilar no próximo ciclo.,"Verificar eventos recentes, pressão territorial e coerência com inteligência local antes da próxima atualização do ranking."
2026-06-16T16:29:24,2026-06-15,src/core/orchestrator.py:get_combined_risk,cities_interior_top30,19,TAUA,TAUA,interior,cidade,17.83,baixo,81.0,moderada,57.9,moderada,1,4,52.0,8.7,0.0,50.0,16.7,100.0,80.0,100.0,-0.01,63.3,14,14,False,stable,CVLI recente na janela de 30 dias,80.0,Atividade recente e vizinhança,50.0,Sinal Poisson do ranking operacional,8.7,CVLI recente na janela de 30 dias: 80.0% | Atividade recente e vizinhança: 50.0% | Sinal Poisson do ranking operacional: 8.7%,"TAUA aparece na posição 19 de 50, com risco 17.8 e nível baixo; é território de atenção tática.","O peso principal vem de cvli recente na janela de 30 dias, com suporte territorial de 100.0% e 4 registros recentes na janela de 30 dias.","Leitura consistente, mas ainda pede validação operacional pontual.",O território está próximo de pares vizinhos e pode oscilar no próximo ciclo.,"Verificar eventos recentes, pressão territorial e coerência com inteligência local antes da próxima atualização do ranking."
2026-06-16T16:29:24,2026-06-15,src/core/orchestrator.py:get_combined_risk,cities_interior_top30,20,TIANGUA,TIANGUA,interior,cidade,13.71,baixo,53.8,muito baixa,55.8,moderada,0,1,127.0,16.7,50.0,0.0,56.7,50.0,100.0,50.0,-0.2,61.2,14,14,False,stable,Tensão territorial,50.0,CVLI recente na janela de 30 dias,20.0,Sinal Poisson do ranking operacional,16.7,Tensão territorial: 50.0% | CVLI recente na janela de 30 dias: 20.0% | Sinal Poisson do ranking operacional: 16.7%,"TIANGUA aparece na posição 20 de 50, com risco 13.7 e nível baixo; é território de atenção tática.","O peso principal vem de tensão territorial, com suporte territorial de 50.0% e 1 registros recentes na janela de 30 dias.",Leitura sensível a ruído; requer conferência adicional antes de decisão forte.,O território está próximo de pares vizinhos e pode oscilar no próximo ciclo.,"Verificar eventos recentes, pressão territorial e coerência com inteligência local antes da próxima atualização do ranking."
2026-06-16T16:29:24,2026-06-15,src/core/orchestrator.py:get_combined_risk,cities_interior_top30,21,ACOPIARA,ACOPIARA,interior,cidade,12.84,baixo,76.2,moderada,54.4,moderada,0,2,46.0,5.4,100.0,0.0,56.7,100.0,65.0,100.0,-0.23,59.2,14,14,False,stable,Tensão territorial,100.0,CVLI recente na janela de 30 dias,40.0,Sinal Poisson do ranking operacional,5.4,Tensão territorial: 100.0% | CVLI recente na janela de 30 dias: 40.0% | Sinal Poisson do ranking operacional: 5.4%,"ACOPIARA aparece na posição 21 de 50, com risco 12.8 e nível baixo; é território de atenção tática.","O peso principal vem de tensão territorial, com suporte territorial de 100.0% e 2 registros recentes na janela de 30 dias.","Leitura consistente, mas ainda pede validação operacional pontual.",O território está próximo de pares vizinhos e pode oscilar no próximo ciclo.,"Verificar eventos recentes, pressão territorial e coerência com inteligência local antes da próxima atualização do ranking."
2026-06-16T16:29:24,2026-06-15,src/core/orchestrator.py:get_combined_risk,cities_interior_top30,22,ICAPUI,ICAPUI,interior,cidade,11.92,baixo,76.1,moderada,52.9,moderada,0,2,32.0,3.8,100.0,0.0,63.3,100.0,30.0,100.0,-0.27,57.1,14,14,False,stable,Tensão territorial,100.0,CVLI recente na janela de 30 dias,40.0,Sinal Poisson do ranking operacional,3.8,Tensão territorial: 100.0% | CVLI recente na janela de 30 dias: 40.0% | Sinal Poisson do ranking operacional: 3.8%,"ICAPUI aparece na posição 22 de 50, com risco 11.9 e nível baixo; é território de atenção tática.","O peso principal vem de tensão territorial, com suporte territorial de 100.0% e 2 registros recentes na janela de 30 dias.","Leitura consistente, mas ainda pede validação operacional pontual.",O território está próximo de pares vizinhos e pode oscilar no próximo ciclo.,"Verificar eventos recentes, pressão territorial e coerência com inteligência local antes da próxima atualização do ranking."
2026-06-16T16:29:24,2026-06-15,src/core/orchestrator.py:get_combined_risk,cities_interior_top30,23,ITAPAJE,ITAPAJE,interior,cidade,10.63,baixo,53.6,muito baixa,51.5,moderada,0,1,97.0,11.7,50.0,0.0,73.3,50.0,100.0,50.0,-0.33,55.1,14,14,False,stable,Tensão territorial,50.0,CVLI recente na janela de 30 dias,20.0,Sinal Poisson do ranking operacional,11.7,Tensão territorial: 50.0% | CVLI recente na janela de 30 dias: 20.0% | Sinal Poisson do ranking operacional: 11.7%,"ITAPAJE aparece na posição 23 de 50, com risco 10.6 e nível baixo; é território de atenção tática.","O peso principal vem de tensão territorial, com suporte territorial de 50.0% e 1 registros recentes na janela de 30 dias.",Leitura sensível a ruído; requer conferência adicional antes de decisão forte.,O território está próximo de pares vizinhos e pode oscilar no próximo ciclo.,"Verificar eventos recentes, pressão territorial e coerência com inteligência local antes da próxima atualização do ranking."
2026-06-16T16:29:24,2026-06-15,src/core/orchestrator.py:get_combined_risk,cities_interior_top30,24,CARIRE,CARIRE,interior,cidade,6.97,baixo,53.2,muito baixa,49.5,baixa,0,1,53.0,4.1,50.0,0.0,73.3,50.0,82.5,50.0,-0.49,53.1,14,14,False,stable,Tensão territorial,50.0,CVLI recente na janela de 30 dias,20.0,Sinal Poisson do ranking operacional,4.1,Tensão territorial: 50.0% | CVLI recente na janela de 30 dias: 20.0% | Sinal Poisson do ranking operacional: 4.1%,"CARIRE aparece na posição 24 de 50, com risco 7.0 e nível baixo; é território de atenção tática.","O peso principal vem de tensão territorial, com suporte territorial de 50.0% e 1 registros recentes na janela de 30 dias.",Leitura sensível a ruído; requer conferência adicional antes de decisão forte.,O território está próximo de pares vizinhos e pode oscilar no próximo ciclo.,"Verificar eventos recentes, pressão territorial e coerência com inteligência local antes da próxima atualização do ranking."
2026-06-16T16:29:24,2026-06-15,src/core/orchestrator.py:get_combined_risk,cities_interior_top30,25,GROAIRAS,GROAIRAS,interior,cidade,6.03,baixo,53.1,muito baixa,48.0,baixa,0,1,48.0,2.3,50.0,0.0,86.7,50.0,70.0,50.0,-0.53,51.0,14,14,False,stable,Tensão territorial,50.0,CVLI recente na janela de 30 dias,20.0,Sinal Poisson do ranking operacional,2.3,Tensão territorial: 50.0% | CVLI recente na janela de 30 dias: 20.0% | Sinal Poisson do ranking operacional: 2.3%,"GROAIRAS aparece na posição 25 de 50, com risco 6.0 e nível baixo; é território de atenção tática.","O peso principal vem de tensão territorial, com suporte territorial de 50.0% e 1 registros recentes na janela de 30 dias.",Leitura sensível a ruído; requer conferência adicional antes de decisão forte.,O território está próximo de pares vizinhos e pode oscilar no próximo ciclo.,"Verificar eventos recentes, pressão territorial e coerência com inteligência local antes da próxima atualização do ranking."
2026-06-16T16:29:24,2026-06-15,src/core/orchestrator.py:get_combined_risk,cities_interior_top30,26,ARACATI,ARACATI,interior,cidade,5.15,baixo,37.5,muito baixa,46.7,baixa,0,0,96.0,7.5,20.0,0.0,100.0,20.0,100.0,0.0,-0.57,49.0,14,14,False,stable,Tensão territorial,20.0,Sinal Poisson do ranking operacional,7.5,Atividade recente e vizinhança,0.0,Tensão territorial: 20.0% | Sinal Poisson do ranking operacional: 7.5% | Atividade recente e vizinhança: 0.0%,"ARACATI aparece na posição 26 de 50, com risco 5.2 e nível baixo; é território de atenção tática.","O peso principal vem de tensão territorial, com suporte territorial de 20.0% e 0 registros recentes na janela de 30 dias.",Leitura sensível a ruído; requer conferência adicional antes de decisão forte.,O território está próximo de pares vizinhos e pode oscilar no próximo ciclo.,"Verificar eventos recentes, pressão territorial e coerência com inteligência local antes da próxima atualização do ranking."
2026-06-16T16:29:24,2026-06-15,src/core/orchestrator.py:get_combined_risk,cities_interior_top30,27,SAO BENEDITO,SAO BENEDITO,interior,cidade,4.85,baixo,37.5,muito baixa,45.3,baixa,0,0,89.0,6.7,20.0,0.0,100.0,20.0,100.0,0.0,-0.58,46.9,14,14,False,stable,Tensão territorial,20.0,Sinal Poisson do ranking operacional,6.7,Atividade recente e vizinhança,0.0,Tensão territorial: 20.0% | Sinal Poisson do ranking operacional: 6.7% | Atividade recente e vizinhança: 0.0%,"SAO BENEDITO aparece na posição 27 de 50, com risco 4.8 e nível baixo; é território de atenção tática.","O peso principal vem de tensão territorial, com suporte territorial de 20.0% e 0 registros recentes na janela de 30 dias.",Leitura sensível a ruído; requer conferência adicional antes de decisão forte.,O território está próximo de pares vizinhos e pode oscilar no próximo ciclo.,"Verificar eventos recentes, pressão territorial e coerência com inteligência local antes da próxima atualização do ranking."
2026-06-16T16:29:24,2026-06-15,src/core/orchestrator.py:get_combined_risk,cities_interior_top30,28,IGUATU,IGUATU,interior,cidade,4.84,baixo,37.5,muito baixa,44.1,baixa,0,0,92.0,6.7,20.0,0.0,100.0,20.0,100.0,0.0,-0.58,44.9,14,14,False,stable,Tensão territorial,20.0,Sinal Poisson do ranking operacional,6.7,Atividade recente e vizinhança,0.0,Tensão territorial: 20.0% | Sinal Poisson do ranking operacional: 6.7% | Atividade recente e vizinhança: 0.0%,"IGUATU aparece na posição 28 de 50, com risco 4.8 e nível baixo; é território de atenção tática.","O peso principal vem de tensão territorial, com suporte territorial de 20.0% e 0 registros recentes na janela de 30 dias.",Leitura sensível a ruído; requer conferência adicional antes de decisão forte.,O território está próximo de pares vizinhos e pode oscilar no próximo ciclo.,"Verificar eventos recentes, pressão territorial e coerência com inteligência local antes da próxima atualização do ranking."
2026-06-16T16:29:24,2026-06-15,src/core/orchestrator.py:get_combined_risk,cities_interior_top30,29,BARBALHA,BARBALHA,interior,cidade,4.63,baixo,37.5,muito baixa,42.9,baixa,0,0,71.0,6.2,20.0,0.0,100.0,20.0,100.0,0.0,-0.59,42.9,14,14,False,stable,Tensão territorial,20.0,Sinal Poisson do ranking operacional,6.2,Atividade recente e vizinhança,0.0,Tensão territorial: 20.0% | Sinal Poisson do ranking operacional: 6.2% | Atividade recente e vizinhança: 0.0%,"BARBALHA aparece na posição 29 de 50, com risco 4.6 e nível baixo; é território de atenção tática.","O peso principal vem de tensão territorial, com suporte territorial de 20.0% e 0 registros recentes na janela de 30 dias.",Leitura sensível a ruído; requer conferência adicional antes de decisão forte.,O território está próximo de pares vizinhos e pode oscilar no próximo ciclo.,"Verificar eventos recentes, pressão territorial e coerência com inteligência local antes da próxima atualização do ranking."
2026-06-16T16:29:24,2026-06-15,src/core/orchestrator.py:get_combined_risk,cities_interior_top30,30,ITAREMA,ITAREMA,interior,cidade,4.58,baixo,37.5,muito baixa,41.6,baixa,0,0,126.0,6.1,20.0,0.0,100.0,20.0,100.0,0.0,-0.6,40.8,14,14,False,stable,Tensão territorial,20.0,Sinal Poisson do ranking operacional,6.1,Atividade recente e vizinhança,0.0,Tensão territorial: 20.0% | Sinal Poisson do ranking operacional: 6.1% | Atividade recente e vizinhança: 0.0%,"ITAREMA aparece na posição 30 de 50, com risco 4.6 e nível baixo; é território de atenção tática.","O peso principal vem de tensão territorial, com suporte territorial de 20.0% e 0 registros recentes na janela de 30 dias.",Leitura sensível a ruído; requer conferência adicional antes de decisão forte.,O território está próximo de pares vizinhos e pode oscilar no próximo ciclo.,"Verificar eventos recentes, pressão territorial e coerência com inteligência local antes da próxima atualização do ranking."
2026-06-16T16:29:24,2026-06-15,src/core/orchestrator.py:get_combined_risk,fortaleza_bairros_top30,1,BARRA DO CEARA,BARRA DO CEARA,fortaleza,bairro,80.67,crítico,82.9,moderada,100.0,muito alta,1,2,135.0,100.0,100.0,50.0,30.0,100.0,100.0,100.0,5.87,100.0,90,90,False,stable,Sinal Poisson do ranking operacional,100.0,Tensão territorial,100.0,Atividade recente e vizinhança,50.0,Sinal Poisson do ranking operacional: 100.0% | Tensão territorial: 100.0% | Atividade recente e vizinhança: 50.0%,"BARRA DO CEARA aparece na posição 1 de 101, com risco 80.7 e nível crítico; é prioridade imediata de acompanhamento.","O peso principal vem de sinal poisson do ranking operacional, com suporte territorial de 100.0% e 2 registros recentes na janela de 30 dias.","Leitura consistente, mas ainda pede validação operacional pontual.",O território está bem destacado no ranking frente aos pares.,"Verificar eventos recentes, pressão territorial e coerência com inteligência local antes da próxima atualização do ranking."
2026-06-16T16:29:24,2026-06-15,src/core/orchestrator.py:get_combined_risk,fortaleza_bairros_top30,2,PLANALTO AYRTON SENNA,PLANALTO AYRTON SENNA,fortaleza,bairro,62.5,alto,81.9,moderada,99.4,muito alta,2,2,95.0,42.8,100.0,100.0,3.3,100.0,100.0,100.0,4.43,99.0,90,90,False,stable,Tensão territorial,100.0,Atividade recente e vizinhança,100.0,Sinal Poisson do ranking operacional,42.8,Tensão territorial: 100.0% | Atividade recente e vizinhança: 100.0% | Sinal Poisson do ranking operacional: 42.8%,"PLANALTO AYRTON SENNA aparece na posição 2 de 101, com risco 62.5 e nível alto; é prioridade imediata de acompanhamento.","O peso principal vem de tensão territorial, com suporte territorial de 100.0% e 2 registros recentes na janela de 30 dias.","Leitura consistente, mas ainda pede validação operacional pontual.",O território está bem destacado no ranking frente aos pares.,"Verificar eventos recentes, pressão territorial e coerência com inteligência local antes da próxima atualização do ranking."
2026-06-16T16:29:24,2026-06-15,src/core/orchestrator.py:get_combined_risk,fortaleza_bairros_top30,3,MESSEJANA,MESSEJANA,fortaleza,bairro,45.36,moderado,56.8,baixa,93.5,muito alta,0,1,116.0,74.2,50.0,0.0,46.7,50.0,100.0,50.0,3.06,98.0,90,90,False,stable,Sinal Poisson do ranking operacional,74.2,Tensão territorial,50.0,CVLI recente na janela de 30 dias,20.0,Sinal Poisson do ranking operacional: 74.2% | Tensão territorial: 50.0% | CVLI recente na janela de 30 dias: 20.0%,"MESSEJANA aparece na posição 3 de 101, com risco 45.4 e nível moderado; é prioridade imediata de acompanhamento.","O peso principal vem de sinal poisson do ranking operacional, com suporte territorial de 50.0% e 1 registros recentes na janela de 30 dias.",Leitura sensível a ruído; requer conferência adicional antes de decisão forte.,O território está bem destacado no ranking frente aos pares.,"Verificar eventos recentes, pressão territorial e coerência com inteligência local antes da próxima atualização do ranking."
2026-06-16T16:29:24,2026-06-15,src/core/orchestrator.py:get_combined_risk,fortaleza_bairros_top30,4,ALVARO WEYNE,ALVARO WEYNE,fortaleza,bairro,40.68,moderado,82.2,moderada,91.1,muito alta,2,3,28.0,9.8,100.0,100.0,30.0,100.0,20.0,100.0,2.69,97.0,90,90,False,stable,Tensão territorial,100.0,Atividade recente e vizinhança,100.0,CVLI recente na janela de 30 dias,60.0,Tensão territorial: 100.0% | Atividade recente e vizinhança: 100.0% | CVLI recente na janela de 30 dias: 60.0%,"ALVARO WEYNE aparece na posição 4 de 101, com risco 40.7 e nível moderado; é prioridade imediata de acompanhamento.","O peso principal vem de tensão territorial, com suporte territorial de 100.0% e 3 registros recentes na janela de 30 dias.","Leitura consistente, mas ainda pede validação operacional pontual.",O território está bem destacado no ranking frente aos pares.,"Verificar eventos recentes, pressão territorial e coerência com inteligência local antes da próxima atualização do ranking."
2026-06-16T16:29:24,2026-06-15,src/core/orchestrator.py:get_combined_risk,fortaleza_bairros_top30,5,LAGOA REDONDA,LAGOA REDONDA,fortaleza,bairro,34.9,moderado,75.0,moderada,88.3,muito alta,1,1,56.0,19.1,100.0,50.0,0.0,100.0,90.0,100.0,2.23,96.0,90,90,False,stable,Tensão territorial,100.0,Atividade recente e vizinhança,50.0,CVLI recente na janela de 30 dias,20.0,Tensão territorial: 100.0% | Atividade recente e vizinhança: 50.0% | CVLI recente na janela de 30 dias: 20.0%,"LAGOA REDONDA aparece na posição 5 de 101, com risco 34.9 e nível moderado; é prioridade imediata de acompanhamento.","O peso principal vem de tensão territorial, com suporte territorial de 100.0% e 1 registros recentes na janela de 30 dias.","Leitura consistente, mas ainda pede validação operacional pontual.",O território está bem destacado no ranking frente aos pares.,"Verificar eventos recentes, pressão territorial e coerência com inteligência local antes da próxima atualização do ranking."
2026-06-16T16:29:24,2026-06-15,src/core/orchestrator.py:get_combined_risk,fortaleza_bairros_top30,6,CANINDEZINHO,CANINDEZINHO,fortaleza,bairro,30.58,baixo,74.3,moderada,86.1,muito alta,1,1,45.0,13.0,100.0,50.0,13.3,100.0,62.5,100.0,1.89,95.0,90,90,False,stable,Tensão territorial,100.0,Atividade recente e vizinhança,50.0,CVLI recente na janela de 30 dias,20.0,Tensão territorial: 100.0% | Atividade recente e vizinhança: 50.0% | CVLI recente na janela de 30 dias: 20.0%,"CANINDEZINHO aparece na posição 6 de 101, com risco 30.6 e nível baixo; é prioridade alta de acompanhamento.","O peso principal vem de tensão territorial, com suporte territorial de 100.0% e 1 registros recentes na janela de 30 dias.","Leitura consistente, mas ainda pede validação operacional pontual.",O território está bem destacado no ranking frente aos pares.,"Verificar eventos recentes, pressão territorial e coerência com inteligência local antes da próxima atualização do ranking."
2026-06-16T16:29:24,2026-06-15,src/core/orchestrator.py:get_combined_risk,fortaleza_bairros_top30,7,CENTRO,CENTRO,fortaleza,bairro,30.54,baixo,74.2,moderada,85.5,muito alta,1,1,40.0,12.4,100.0,50.0,0.0,100.0,50.0,100.0,1.89,94.0,90,90,False,stable,Tensão territorial,100.0,Atividade recente e vizinhança,50.0,CVLI recente na janela de 30 dias,20.0,Tensão territorial: 100.0% | Atividade recente e vizinhança: 50.0% | CVLI recente na janela de 30 dias: 20.0%,"CENTRO aparece na posição 7 de 101, com risco 30.5 e nível baixo; é prioridade alta de acompanhamento.","O peso principal vem de tensão territorial, com suporte territorial de 100.0% e 1 registros recentes na janela de 30 dias.","Leitura consistente, mas ainda pede validação operacional pontual.",O território está bem destacado no ranking frente aos pares.,"Verificar eventos recentes, pressão territorial e coerência com inteligência local antes da próxima atualização do ranking."
2026-06-16T16:29:24,2026-06-15,src/core/orchestrator.py:get_combined_risk,fortaleza_bairros_top30,8,GRANJA LISBOA,GRANJA LISBOA,fortaleza,bairro,20.4,baixo,40.5,muito baixa,81.0,alta,0,0,110.0,43.6,20.0,0.0,100.0,20.0,100.0,0.0,1.08,93.0,90,90,False,stable,Sinal Poisson do ranking operacional,43.6,Tensão territorial,20.0,Atividade recente e vizinhança,0.0,Sinal Poisson do ranking operacional: 43.6% | Tensão territorial: 20.0% | Atividade recente e vizinhança: 0.0%,"GRANJA LISBOA aparece na posição 8 de 101, com risco 20.4 e nível baixo; é prioridade alta de acompanhamento.","O peso principal vem de sinal poisson do ranking operacional, com suporte territorial de 20.0% e 0 registros recentes na janela de 30 dias.",Leitura sensível a ruído; requer conferência adicional antes de decisão forte.,"O território se diferencia do bloco intermediário, mas sem isolamento absoluto.","Verificar eventos recentes, pressão territorial e coerência com inteligência local antes da próxima atualização do ranking."
2026-06-16T16:29:24,2026-06-15,src/core/orchestrator.py:get_combined_risk,fortaleza_bairros_top30,9,JOSE WALTER,JOSE WALTER,fortaleza,bairro,17.52,baixo,39.7,muito baixa,79.3,alta,0,0,102.0,36.7,20.0,0.0,100.0,20.0,100.0,0.0,0.85,92.0,90,90,False,stable,Sinal Poisson do ranking operacional,36.7,Tensão territorial,20.0,Atividade recente e vizinhança,0.0,Sinal Poisson do ranking operacional: 36.7% | Tensão territorial: 20.0% | Atividade recente e vizinhança: 0.0%,"JOSE WALTER aparece na posição 9 de 101, com risco 17.5 e nível baixo; é prioridade alta de acompanhamento.","O peso principal vem de sinal poisson do ranking operacional, com suporte territorial de 20.0% e 0 registros recentes na janela de 30 dias.",Leitura sensível a ruído; requer conferência adicional antes de decisão forte.,"O território se diferencia do bloco intermediário, mas sem isolamento absoluto.","Verificar eventos recentes, pressão territorial e coerência com inteligência local antes da próxima atualização do ranking."
2026-06-16T16:29:24,2026-06-15,src/core/orchestrator.py:get_combined_risk,fortaleza_bairros_top30,10,ITAPERI,ITAPERI,fortaleza,bairro,17.46,baixo,37.4,muito baixa,78.7,alta,0,0,11.0,1.9,0.0,66.7,100.0,0.0,0.0,0.0,0.85,91.0,90,90,False,stable,Atividade recente e vizinhança,66.7,Sinal Poisson do ranking operacional,1.9,Tensão territorial,0.0,Atividade recente e vizinhança: 66.7% | Sinal Poisson do ranking operacional: 1.9% | Tensão territorial: 0.0%,"ITAPERI aparece na posição 10 de 101, com risco 17.5 e nível baixo; é prioridade alta de acompanhamento.","O peso principal vem de atividade recente e vizinhança, com suporte territorial de 0.0% e 0 registros recentes na janela de 30 dias.",Leitura sensível a ruído; requer conferência adicional antes de decisão forte.,"O território se diferencia do bloco intermediário, mas sem isolamento absoluto.","Verificar eventos recentes, pressão territorial e coerência com inteligência local antes da próxima atualização do ranking."
2026-06-16T16:29:24,2026-06-15,src/core/orchestrator.py:get_combined_risk,fortaleza_bairros_top30,11,PARQUE DOIS IRMAOS,PARQUE DOIS IRMAOS,fortaleza,bairro,15.54,baixo,54.8,muito baixa,77.3,alta,0,1,33.0,7.9,50.0,26.0,60.0,50.0,32.5,50.0,0.7,90.0,90,90,False,stable,Tensão territorial,50.0,Atividade recente e vizinhança,26.0,CVLI recente na janela de 30 dias,20.0,Tensão territorial: 50.0% | Atividade recente e vizinhança: 26.0% | CVLI recente na janela de 30 dias: 20.0%,"PARQUE DOIS IRMAOS aparece na posição 11 de 101, com risco 15.5 e nível baixo; é território de atenção tática.","O peso principal vem de tensão territorial, com suporte territorial de 50.0% e 1 registros recentes na janela de 30 dias.",Leitura sensível a ruído; requer conferência adicional antes de decisão forte.,"O território se diferencia do bloco intermediário, mas sem isolamento absoluto.","Verificar eventos recentes, pressão territorial e coerência com inteligência local antes da próxima atualização do ranking."
2026-06-16T16:29:24,2026-06-15,src/core/orchestrator.py:get_combined_risk,fortaleza_bairros_top30,12,JOSE DE ALENCAR,JOSE DE ALENCAR,fortaleza,bairro,15.44,baixo,76.6,moderada,76.7,alta,0,2,44.0,11.3,100.0,0.0,73.3,100.0,60.0,100.0,0.69,89.0,90,90,False,stable,Tensão territorial,100.0,CVLI recente na janela de 30 dias,40.0,Sinal Poisson do ranking operacional,11.3,Tensão territorial: 100.0% | CVLI recente na janela de 30 dias: 40.0% | Sinal Poisson do ranking operacional: 11.3%,"JOSE DE ALENCAR aparece na posição 12 de 101, com risco 15.4 e nível baixo; é território de atenção tática.","O peso principal vem de tensão territorial, com suporte territorial de 100.0% e 2 registros recentes na janela de 30 dias.","Leitura consistente, mas ainda pede validação operacional pontual.","O território se diferencia do bloco intermediário, mas sem isolamento absoluto.","Verificar eventos recentes, pressão territorial e coerência com inteligência local antes da próxima atualização do ranking."
2026-06-16T16:29:24,2026-06-15,src/core/orchestrator.py:get_combined_risk,fortaleza_bairros_top30,13,SERRINHA,SERRINHA,fortaleza,bairro,14.65,baixo,36.4,muito baixa,75.8,alta,0,0,23.0,3.4,1.5,52.3,100.0,1.5,7.5,0.0,0.63,88.0,90,90,False,stable,Atividade recente e vizinhança,52.3,Sinal Poisson do ranking operacional,3.4,Tensão territorial,1.5,Atividade recente e vizinhança: 52.3% | Sinal Poisson do ranking operacional: 3.4% | Tensão territorial: 1.5%,"SERRINHA aparece na posição 13 de 101, com risco 14.7 e nível baixo; é território de atenção tática.","O peso principal vem de atividade recente e vizinhança, com suporte territorial de 1.5% e 0 registros recentes na janela de 30 dias.",Leitura sensível a ruído; requer conferência adicional antes de decisão forte.,"O território se diferencia do bloco intermediário, mas sem isolamento absoluto.","Verificar eventos recentes, pressão territorial e coerência com inteligência local antes da próxima atualização do ranking."
2026-06-16T16:29:24,2026-06-15,src/core/orchestrator.py:get_combined_risk,fortaleza_bairros_top30,14,MONDUBIM,MONDUBIM,fortaleza,bairro,14.01,baixo,38.5,muito baixa,75.0,alta,0,0,92.0,28.4,20.0,0.0,100.0,20.0,100.0,0.0,0.57,87.0,90,90,False,stable,Sinal Poisson do ranking operacional,28.4,Tensão territorial,20.0,Atividade recente e vizinhança,0.0,Sinal Poisson do ranking operacional: 28.4% | Tensão territorial: 20.0% | Atividade recente e vizinhança: 0.0%,"MONDUBIM aparece na posição 14 de 101, com risco 14.0 e nível baixo; é território de atenção tática.","O peso principal vem de sinal poisson do ranking operacional, com suporte territorial de 20.0% e 0 registros recentes na janela de 30 dias.",Leitura sensível a ruído; requer conferência adicional antes de decisão forte.,"O território se diferencia do bloco intermediário, mas sem isolamento absoluto.","Verificar eventos recentes, pressão territorial e coerência com inteligência local antes da próxima atualização do ranking."
2026-06-16T16:29:24,2026-06-15,src/core/orchestrator.py:get_combined_risk,fortaleza_bairros_top30,15,SIQUEIRA,SIQUEIRA,fortaleza,bairro,11.77,baixo,37.7,muito baixa,73.5,alta,0,0,78.0,23.1,20.0,0.0,100.0,20.0,100.0,0.0,0.4,86.0,90,90,False,stable,Sinal Poisson do ranking operacional,23.1,Tensão territorial,20.0,Atividade recente e vizinhança,0.0,Sinal Poisson do ranking operacional: 23.1% | Tensão territorial: 20.0% | Atividade recente e vizinhança: 0.0%,"SIQUEIRA aparece na posição 15 de 101, com risco 11.8 e nível baixo; é território de atenção tática.","O peso principal vem de sinal poisson do ranking operacional, com suporte territorial de 20.0% e 0 registros recentes na janela de 30 dias.",Leitura sensível a ruído; requer conferência adicional antes de decisão forte.,"O território se diferencia do bloco intermediário, mas sem isolamento absoluto.","Verificar eventos recentes, pressão territorial e coerência com inteligência local antes da próxima atualização do ranking."
2026-06-16T16:29:24,2026-06-15,src/core/orchestrator.py:get_combined_risk,fortaleza_bairros_top30,16,BONSUCESSO,BONSUCESSO,fortaleza,bairro,10.01,baixo,53.6,muito baixa,72.2,alta,0,1,48.0,11.1,50.0,0.0,86.7,50.0,70.0,50.0,0.26,85.0,90,90,False,stable,Tensão territorial,50.0,CVLI recente na janela de 30 dias,20.0,Sinal Poisson do ranking operacional,11.1,Tensão territorial: 50.0% | CVLI recente na janela de 30 dias: 20.0% | Sinal Poisson do ranking operacional: 11.1%,"BONSUCESSO aparece na posição 16 de 101, com risco 10.0 e nível baixo; é território de atenção tática.","O peso principal vem de tensão territorial, com suporte territorial de 50.0% e 1 registros recentes na janela de 30 dias.",Leitura sensível a ruído; requer conferência adicional antes de decisão forte.,"O território se diferencia do bloco intermediário, mas sem isolamento absoluto.","Verificar eventos recentes, pressão territorial e coerência com inteligência local antes da próxima atualização do ranking."
2026-06-16T16:29:24,2026-06-15,src/core/orchestrator.py:get_combined_risk,fortaleza_bairros_top30,17,BARROSO,BARROSO,fortaleza,bairro,9.82,baixo,37.3,muito baixa,71.6,alta,0,0,72.0,18.5,20.0,0.0,100.0,20.0,100.0,0.0,0.24,84.0,90,90,False,stable,Tensão territorial,20.0,Sinal Poisson do ranking operacional,18.5,Atividade recente e vizinhança,0.0,Tensão territorial: 20.0% | Sinal Poisson do ranking operacional: 18.5% | Atividade recente e vizinhança: 0.0%,"BARROSO aparece na posição 17 de 101, com risco 9.8 e nível baixo; é território de atenção tática.","O peso principal vem de tensão territorial, com suporte territorial de 20.0% e 0 registros recentes na janela de 30 dias.",Leitura sensível a ruído; requer conferência adicional antes de decisão forte.,"O território se diferencia do bloco intermediário, mas sem isolamento absoluto.","Verificar eventos recentes, pressão territorial e coerência com inteligência local antes da próxima atualização do ranking."
2026-06-16T16:29:24,2026-06-15,src/core/orchestrator.py:get_combined_risk,fortaleza_bairros_top30,18,VARJOTA,VARJOTA,fortaleza,bairro,9.02,baixo,37.4,muito baixa,70.7,alta,0,0,62.0,16.6,20.0,0.0,100.0,20.0,100.0,0.0,0.18,83.0,90,90,False,stable,Tensão territorial,20.0,Sinal Poisson do ranking operacional,16.6,Atividade recente e vizinhança,0.0,Tensão territorial: 20.0% | Sinal Poisson do ranking operacional: 16.6% | Atividade recente e vizinhança: 0.0%,"VARJOTA aparece na posição 18 de 101, com risco 9.0 e nível baixo; é território de atenção tática.","O peso principal vem de tensão territorial, com suporte territorial de 20.0% e 0 registros recentes na janela de 30 dias.",Leitura sensível a ruído; requer conferência adicional antes de decisão forte.,"O território se diferencia do bloco intermediário, mas sem isolamento absoluto.","Verificar eventos recentes, pressão territorial e coerência com inteligência local antes da próxima atualização do ranking."
2026-06-16T16:29:24,2026-06-15,src/core/orchestrator.py:get_combined_risk,fortaleza_bairros_top30,19,QUINTINO CUNHA,QUINTINO CUNHA,fortaleza,bairro,8.64,baixo,37.4,muito baixa,69.9,moderada,0,0,67.0,15.7,20.0,0.0,100.0,20.0,100.0,0.0,0.15,82.0,90,90,False,stable,Tensão territorial,20.0,Sinal Poisson do ranking operacional,15.7,Atividade recente e vizinhança,0.0,Tensão territorial: 20.0% | Sinal Poisson do ranking operacional: 15.7% | Atividade recente e vizinhança: 0.0%,"QUINTINO CUNHA aparece na posição 19 de 101, com risco 8.6 e nível baixo; é território de atenção tática.","O peso principal vem de tensão territorial, com suporte territorial de 20.0% e 0 registros recentes na janela de 30 dias.",Leitura sensível a ruído; requer conferência adicional antes de decisão forte.,O território está próximo de pares vizinhos e pode oscilar no próximo ciclo.,"Verificar eventos recentes, pressão territorial e coerência com inteligência local antes da próxima atualização do ranking."
2026-06-16T16:29:24,2026-06-15,src/core/orchestrator.py:get_combined_risk,fortaleza_bairros_top30,20,PASSARE,PASSARE,fortaleza,bairro,8.52,baixo,37.4,muito baixa,69.3,moderada,0,0,65.0,15.4,20.0,0.0,100.0,20.0,100.0,0.0,0.14,81.0,90,90,False,stable,Tensão territorial,20.0,Sinal Poisson do ranking operacional,15.4,Atividade recente e vizinhança,0.0,Tensão territorial: 20.0% | Sinal Poisson do ranking operacional: 15.4% | Atividade recente e vizinhança: 0.0%,"PASSARE aparece na posição 20 de 101, com risco 8.5 e nível baixo; é território de atenção tática.","O peso principal vem de tensão territorial, com suporte territorial de 20.0% e 0 registros recentes na janela de 30 dias.",Leitura sensível a ruído; requer conferência adicional antes de decisão forte.,O território está próximo de pares vizinhos e pode oscilar no próximo ciclo.,"Verificar eventos recentes, pressão territorial e coerência com inteligência local antes da próxima atualização do ranking."
2026-06-16T16:29:24,2026-06-15,src/core/orchestrator.py:get_combined_risk,fortaleza_bairros_top30,21,ITAOCA,ITAOCA,fortaleza,bairro,8.51,baixo,33.6,muito baixa,68.7,moderada,0,0,8.0,0.8,0.0,32.6,100.0,0.0,0.0,0.0,0.14,80.0,90,90,False,stable,Atividade recente e vizinhança,32.6,Sinal Poisson do ranking operacional,0.8,Tensão territorial,0.0,Atividade recente e vizinhança: 32.6% | Sinal Poisson do ranking operacional: 0.8% | Tensão territorial: 0.0%,"ITAOCA aparece na posição 21 de 101, com risco 8.5 e nível baixo; é território de atenção tática.","O peso principal vem de atividade recente e vizinhança, com suporte territorial de 0.0% e 0 registros recentes na janela de 30 dias.",Leitura sensível a ruído; requer conferência adicional antes de decisão forte.,O território está próximo de pares vizinhos e pode oscilar no próximo ciclo.,"Verificar eventos recentes, pressão territorial e coerência com inteligência local antes da próxima atualização do ranking."
2026-06-16T16:29:24,2026-06-15,src/core/orchestrator.py:get_combined_risk,fortaleza_bairros_top30,22,MARAPONGA,MARAPONGA,fortaleza,bairro,8.25,baixo,33.4,muito baixa,68.0,moderada,0,0,14.0,1.8,0.0,30.0,100.0,0.0,0.0,0.0,0.12,79.0,90,90,False,stable,Atividade recente e vizinhança,30.0,Sinal Poisson do ranking operacional,1.8,Tensão territorial,0.0,Atividade recente e vizinhança: 30.0% | Sinal Poisson do ranking operacional: 1.8% | Tensão territorial: 0.0%,"MARAPONGA aparece na posição 22 de 101, com risco 8.2 e nível baixo; é território de atenção tática.","O peso principal vem de atividade recente e vizinhança, com suporte territorial de 0.0% e 0 registros recentes na janela de 30 dias.",Leitura sensível a ruído; requer conferência adicional antes de decisão forte.,O território está próximo de pares vizinhos e pode oscilar no próximo ciclo.,"Verificar eventos recentes, pressão territorial e coerência com inteligência local antes da próxima atualização do ranking."
2026-06-16T16:29:24,2026-06-15,src/core/orchestrator.py:get_combined_risk,fortaleza_bairros_top30,23,PARANGABA,PARANGABA,fortaleza,bairro,8.15,baixo,33.3,muito baixa,67.3,moderada,0,0,15.0,1.9,0.0,29.3,100.0,0.0,0.0,0.0,0.11,78.0,90,90,False,stable,Atividade recente e vizinhança,29.3,Sinal Poisson do ranking operacional,1.9,Tensão territorial,0.0,Atividade recente e vizinhança: 29.3% | Sinal Poisson do ranking operacional: 1.9% | Tensão territorial: 0.0%,"PARANGABA aparece na posição 23 de 101, com risco 8.2 e nível baixo; é território de atenção tática.","O peso principal vem de atividade recente e vizinhança, com suporte territorial de 0.0% e 0 registros recentes na janela de 30 dias.",Leitura sensível a ruído; requer conferência adicional antes de decisão forte.,O território está próximo de pares vizinhos e pode oscilar no próximo ciclo.,"Verificar eventos recentes, pressão territorial e coerência com inteligência local antes da próxima atualização do ranking."
2026-06-16T16:29:24,2026-06-15,src/core/orchestrator.py:get_combined_risk,fortaleza_bairros_top30,24,ANCURI,ANCURI,fortaleza,bairro,7.61,baixo,53.3,muito baixa,66.5,moderada,0,1,31.0,5.9,50.0,0.0,90.0,50.0,27.5,50.0,0.07,77.0,90,90,False,stable,Tensão territorial,50.0,CVLI recente na janela de 30 dias,20.0,Sinal Poisson do ranking operacional,5.9,Tensão territorial: 50.0% | CVLI recente na janela de 30 dias: 20.0% | Sinal Poisson do ranking operacional: 5.9%,"ANCURI aparece na posição 24 de 101, com risco 7.6 e nível baixo; é território de atenção tática.","O peso principal vem de tensão territorial, com suporte territorial de 50.0% e 1 registros recentes na janela de 30 dias.",Leitura sensível a ruído; requer conferência adicional antes de decisão forte.,O território está próximo de pares vizinhos e pode oscilar no próximo ciclo.,"Verificar eventos recentes, pressão territorial e coerência com inteligência local antes da próxima atualização do ranking."
2026-06-16T16:29:24,2026-06-15,src/core/orchestrator.py:get_combined_risk,fortaleza_bairros_top30,25,JARDIM CEARENSE,JARDIM CEARENSE,fortaleza,bairro,7.33,baixo,33.2,muito baixa,65.8,moderada,0,0,3.0,0.1,0.0,29.1,100.0,0.0,0.0,0.0,0.04,76.0,90,90,False,stable,Atividade recente e vizinhança,29.1,Sinal Poisson do ranking operacional,0.1,Tensão territorial,0.0,Atividade recente e vizinhança: 29.1% | Sinal Poisson do ranking operacional: 0.1% | Tensão territorial: 0.0%,"JARDIM CEARENSE aparece na posição 25 de 101, com risco 7.3 e nível baixo; é território de atenção tática.","O peso principal vem de atividade recente e vizinhança, com suporte territorial de 0.0% e 0 registros recentes na janela de 30 dias.",Leitura sensível a ruído; requer conferência adicional antes de decisão forte.,O território está próximo de pares vizinhos e pode oscilar no próximo ciclo.,"Verificar eventos recentes, pressão territorial e coerência com inteligência local antes da próxima atualização do ranking."
2026-06-16T16:29:24,2026-06-15,src/core/orchestrator.py:get_combined_risk,fortaleza_bairros_top30,26,GRANJA PORTUGAL,GRANJA PORTUGAL,fortaleza,bairro,7.2,baixo,36.9,muito baixa,65.2,moderada,0,0,57.0,12.7,18.5,0.0,100.0,18.5,92.5,0.0,0.03,75.0,90,90,False,stable,Tensão territorial,18.5,Sinal Poisson do ranking operacional,12.7,Atividade recente e vizinhança,0.0,Tensão territorial: 18.5% | Sinal Poisson do ranking operacional: 12.7% | Atividade recente e vizinhança: 0.0%,"GRANJA PORTUGAL aparece na posição 26 de 101, com risco 7.2 e nível baixo; é território de atenção tática.","O peso principal vem de tensão territorial, com suporte territorial de 18.5% e 0 registros recentes na janela de 30 dias.",Leitura sensível a ruído; requer conferência adicional antes de decisão forte.,O território está próximo de pares vizinhos e pode oscilar no próximo ciclo.,"Verificar eventos recentes, pressão territorial e coerência com inteligência local antes da próxima atualização do ranking."
2026-06-16T16:29:24,2026-06-15,src/core/orchestrator.py:get_combined_risk,fortaleza_bairros_top30,27,FARIAS BRITO,FARIAS BRITO,fortaleza,bairro,7.19,baixo,53.2,muito baixa,64.6,moderada,0,1,25.0,4.8,50.0,0.0,86.7,50.0,12.5,50.0,0.03,74.0,90,90,False,stable,Tensão territorial,50.0,CVLI recente na janela de 30 dias,20.0,Sinal Poisson do ranking operacional,4.8,Tensão territorial: 50.0% | CVLI recente na janela de 30 dias: 20.0% | Sinal Poisson do ranking operacional: 4.8%,"FARIAS BRITO aparece na posição 27 de 101, com risco 7.2 e nível baixo; é território de atenção tática.","O peso principal vem de tensão territorial, com suporte territorial de 50.0% e 1 registros recentes na janela de 30 dias.",Leitura sensível a ruído; requer conferência adicional antes de decisão forte.,O território está próximo de pares vizinhos e pode oscilar no próximo ciclo.,"Verificar eventos recentes, pressão territorial e coerência com inteligência local antes da próxima atualização do ranking."
2026-06-16T16:29:24,2026-06-15,src/core/orchestrator.py:get_combined_risk,fortaleza_bairros_top30,28,VICENTE PINZON,VICENTE PINZON,fortaleza,bairro,6.82,baixo,37.0,muito baixa,63.8,moderada,0,0,57.0,11.8,18.5,0.0,100.0,18.5,92.5,0.0,0.0,73.0,90,90,False,stable,Tensão territorial,18.5,Sinal Poisson do ranking operacional,11.8,Atividade recente e vizinhança,0.0,Tensão territorial: 18.5% | Sinal Poisson do ranking operacional: 11.8% | Atividade recente e vizinhança: 0.0%,"VICENTE PINZON aparece na posição 28 de 101, com risco 6.8 e nível baixo; é território de atenção tática.","O peso principal vem de tensão territorial, com suporte territorial de 18.5% e 0 registros recentes na janela de 30 dias.",Leitura sensível a ruído; requer conferência adicional antes de decisão forte.,O território está próximo de pares vizinhos e pode oscilar no próximo ciclo.,"Verificar eventos recentes, pressão territorial e coerência com inteligência local antes da próxima atualização do ranking."
2026-06-16T16:29:24,2026-06-15,src/core/orchestrator.py:get_combined_risk,fortaleza_bairros_top30,29,PICI,PICI,fortaleza,bairro,6.53,baixo,36.4,muito baixa,63.1,moderada,0,0,54.0,11.4,17.0,0.0,100.0,17.0,85.0,0.0,-0.02,72.0,90,90,False,stable,Tensão territorial,17.0,Sinal Poisson do ranking operacional,11.4,Atividade recente e vizinhança,0.0,Tensão territorial: 17.0% | Sinal Poisson do ranking operacional: 11.4% | Atividade recente e vizinhança: 0.0%,"PICI aparece na posição 29 de 101, com risco 6.5 e nível baixo; é território de atenção tática.","O peso principal vem de tensão territorial, com suporte territorial de 17.0% e 0 registros recentes na janela de 30 dias.",Leitura sensível a ruído; requer conferência adicional antes de decisão forte.,O território está próximo de pares vizinhos e pode oscilar no próximo ciclo.,"Verificar eventos recentes, pressão territorial e coerência com inteligência local antes da próxima atualização do ranking."
2026-06-16T16:29:24,2026-06-15,src/core/orchestrator.py:get_combined_risk,fortaleza_bairros_top30,30,AEROPORTO,AEROPORTO,fortaleza,bairro,6.38,baixo,32.6,muito baixa,62.5,moderada,0,0,14.0,1.8,0.0,22.4,100.0,0.0,0.0,0.0,-0.03,71.0,90,90,False,stable,Atividade recente e vizinhança,22.4,Sinal Poisson do ranking operacional,1.8,Tensão territorial,0.0,Atividade recente e vizinhança: 22.4% | Sinal Poisson do ranking operacional: 1.8% | Tensão territorial: 0.0%,"AEROPORTO aparece na posição 30 de 101, com risco 6.4 e nível baixo; é território de atenção tática.","O peso principal vem de atividade recente e vizinhança, com suporte territorial de 0.0% e 0 registros recentes na janela de 30 dias.",Leitura sensível a ruído; requer conferência adicional antes de decisão forte.,O território está próximo de pares vizinhos e pode oscilar no próximo ciclo.,"Verificar eventos recentes, pressão territorial e coerência com inteligência local antes da próxima atualização do ranking."
