snapshot_generated_at,data_limit,source,scope,rank,name,name_normalized,region,territorial_level,risk_score,risk_level,confidence_pct,confidence_label,expressiveness_pct,expressiveness_label,recent_cvli_14d,recent_cvli_30d,historical_cvli,neural_score,tension_score,inclusion_score,calm_penalty,territorial_support_pct,historical_support_pct,live_support_pct,score_z,peer_percentile,dynamic_window_days,base_window_days,historical_fallback,trend,top_driver_1,top_driver_1_strength_pct,top_driver_2,top_driver_2_strength_pct,top_driver_3,top_driver_3_strength_pct,explainability_summary,leitura_rapida_gestor,por_que_importa_gestor,confianca_limites_gestor,expressividade_previsao_gestor,proxima_acao_gestor
2026-06-26T14:26:29,2026-06-23,src/core/orchestrator.py:get_combined_risk,cities_general_top30,1,CAUCAIA,CAUCAIA,rmf,cidade,94.69,crítico,99.0,alta,98.7,muito alta,3,6,947.0,100.0,100.0,100.0,23.3,100.0,100.0,100.0,3.89,100.0,14,14,False,stable,Sinal Poisson do ranking operacional,100.0,Tensão territorial,100.0,Atividade recente e vizinhança,100.0,Sinal Poisson do ranking operacional: 100.0% | Tensão territorial: 100.0% | Atividade recente e vizinhança: 100.0%,"CAUCAIA aparece na posição 1 de 69, com risco 94.7 e nível crítico; é prioridade imediata de acompanhamento.","O peso principal vem de sinal poisson do ranking operacional, com suporte territorial de 100.0% e 6 registros recentes na janela de 30 dias.",Leitura com boa sustentação dos sinais atuais.,O território está bem destacado no ranking frente aos pares.,"Verificar eventos recentes, pressão territorial e coerência com inteligência local antes da próxima atualização do ranking."
2026-06-26T14:26:29,2026-06-23,src/core/orchestrator.py:get_combined_risk,cities_general_top30,2,JUAZEIRO DO NORTE,JUAZEIRO DO NORTE,interior,cidade,87.5,crítico,92.9,alta,96.1,muito alta,1,4,319.0,100.0,100.0,50.0,0.0,100.0,100.0,100.0,3.53,98.5,14,14,False,stable,Sinal Poisson do ranking operacional,100.0,Tensão territorial,100.0,CVLI recente na janela de 30 dias,80.0,Sinal Poisson do ranking operacional: 100.0% | Tensão territorial: 100.0% | CVLI recente na janela de 30 dias: 80.0%,"JUAZEIRO DO NORTE aparece na posição 2 de 69, com risco 87.5 e nível crítico; é prioridade imediata de acompanhamento.","O peso principal vem de sinal poisson do ranking operacional, com suporte territorial de 100.0% e 4 registros recentes na janela de 30 dias.",Leitura com boa sustentação dos sinais atuais.,O território está bem destacado no ranking frente aos pares.,"Verificar eventos recentes, pressão territorial e coerência com inteligência local antes da próxima atualização do ranking."
2026-06-26T14:26:29,2026-06-23,src/core/orchestrator.py:get_combined_risk,cities_general_top30,3,SOBRAL,SOBRAL,interior,cidade,73.24,crítico,88.5,alta,91.9,muito alta,1,3,386.0,90.8,100.0,50.0,40.0,100.0,100.0,100.0,2.83,97.1,14,14,False,stable,Tensão territorial,100.0,Sinal Poisson do ranking operacional,90.8,CVLI recente na janela de 30 dias,60.0,Tensão territorial: 100.0% | Sinal Poisson do ranking operacional: 90.8% | CVLI recente na janela de 30 dias: 60.0%,"SOBRAL aparece na posição 3 de 69, com risco 73.2 e nível crítico; é prioridade imediata de acompanhamento.","O peso principal vem de tensão territorial, com suporte territorial de 100.0% e 3 registros recentes na janela de 30 dias.",Leitura com boa sustentação dos sinais atuais.,O território está bem destacado no ranking frente aos pares.,"Verificar eventos recentes, pressão territorial e coerência com inteligência local antes da próxima atualização do ranking."
2026-06-26T14:26:29,2026-06-23,src/core/orchestrator.py:get_combined_risk,cities_general_top30,4,MARACANAU,MARACANAU,rmf,cidade,56.22,alto,78.4,moderada,87.0,muito alta,1,1,657.0,57.2,100.0,50.0,26.7,100.0,100.0,100.0,2.0,95.6,14,14,False,stable,Tensão territorial,100.0,Sinal Poisson do ranking operacional,57.2,Atividade recente e vizinhança,50.0,Tensão territorial: 100.0% | Sinal Poisson do ranking operacional: 57.2% | Atividade recente e vizinhança: 50.0%,"MARACANAU aparece na posição 4 de 69, com risco 56.2 e nível alto; é prioridade imediata de acompanhamento.","O peso principal vem de tensão territorial, com suporte territorial de 100.0% e 1 registros recentes na janela de 30 dias.","Leitura consistente, mas ainda pede validação operacional pontual.",O território está bem destacado no ranking frente aos pares.,"Verificar eventos recentes, pressão territorial e coerência com inteligência local antes da próxima atualização do ranking."
2026-06-26T14:26:29,2026-06-23,src/core/orchestrator.py:get_combined_risk,cities_general_top30,5,BOA VIAGEM,BOA VIAGEM,interior,cidade,45.17,moderado,83.4,moderada,83.5,alta,2,3,118.0,17.7,100.0,100.0,33.3,100.0,100.0,100.0,1.46,94.1,14,14,False,stable,Tensão territorial,100.0,Atividade recente e vizinhança,100.0,CVLI recente na janela de 30 dias,60.0,Tensão territorial: 100.0% | Atividade recente e vizinhança: 100.0% | CVLI recente na janela de 30 dias: 60.0%,"BOA VIAGEM aparece na posição 5 de 69, com risco 45.2 e nível moderado; é prioridade imediata de acompanhamento.","O peso principal vem de tensão territorial, com suporte territorial de 100.0% e 3 registros recentes na janela de 30 dias.","Leitura consistente, mas ainda pede validação operacional pontual.","O território se diferencia do bloco intermediário, mas sem isolamento absoluto.","Verificar eventos recentes, pressão territorial e coerência com inteligência local antes da próxima atualização do ranking."
2026-06-26T14:26:29,2026-06-23,src/core/orchestrator.py:get_combined_risk,cities_general_top30,6,ACOPIARA,ACOPIARA,interior,cidade,39.6,moderado,86.9,alta,81.2,alta,2,4,48.0,7.6,100.0,100.0,20.0,100.0,70.0,100.0,1.18,92.6,14,14,False,stable,Tensão territorial,100.0,Atividade recente e vizinhança,100.0,CVLI recente na janela de 30 dias,80.0,Tensão territorial: 100.0% | Atividade recente e vizinhança: 100.0% | CVLI recente na janela de 30 dias: 80.0%,"ACOPIARA aparece na posição 6 de 69, com risco 39.6 e nível moderado; é prioridade alta de acompanhamento.","O peso principal vem de tensão territorial, com suporte territorial de 100.0% e 4 registros recentes na janela de 30 dias.",Leitura com boa sustentação dos sinais atuais.,"O território se diferencia do bloco intermediário, mas sem isolamento absoluto.","Verificar eventos recentes, pressão territorial e coerência com inteligência local antes da próxima atualização do ranking."
2026-06-26T14:26:29,2026-06-23,src/core/orchestrator.py:get_combined_risk,cities_general_top30,7,ITAPIPOCA,ITAPIPOCA,interior,cidade,38.4,moderado,85.9,alta,80.1,alta,1,3,195.0,27.7,100.0,50.0,33.3,100.0,100.0,100.0,1.12,91.2,14,14,False,stable,Tensão territorial,100.0,CVLI recente na janela de 30 dias,60.0,Atividade recente e vizinhança,50.0,Tensão territorial: 100.0% | CVLI recente na janela de 30 dias: 60.0% | Atividade recente e vizinhança: 50.0%,"ITAPIPOCA aparece na posição 7 de 69, com risco 38.4 e nível moderado; é prioridade alta de acompanhamento.","O peso principal vem de tensão territorial, com suporte territorial de 100.0% e 3 registros recentes na janela de 30 dias.",Leitura com boa sustentação dos sinais atuais.,"O território se diferencia do bloco intermediário, mas sem isolamento absoluto.","Verificar eventos recentes, pressão territorial e coerência com inteligência local antes da próxima atualização do ranking."
2026-06-26T14:26:29,2026-06-23,src/core/orchestrator.py:get_combined_risk,cities_general_top30,8,MORADA NOVA,MORADA NOVA,interior,cidade,36.61,moderado,85.6,alta,78.8,alta,1,3,150.0,24.9,100.0,50.0,36.7,100.0,100.0,100.0,1.04,89.7,14,14,False,stable,Tensão territorial,100.0,CVLI recente na janela de 30 dias,60.0,Atividade recente e vizinhança,50.0,Tensão territorial: 100.0% | CVLI recente na janela de 30 dias: 60.0% | Atividade recente e vizinhança: 50.0%,"MORADA NOVA aparece na posição 8 de 69, com risco 36.6 e nível moderado; é prioridade alta de acompanhamento.","O peso principal vem de tensão territorial, com suporte territorial de 100.0% e 3 registros recentes na janela de 30 dias.",Leitura com boa sustentação dos sinais atuais.,"O território se diferencia do bloco intermediário, mas sem isolamento absoluto.","Verificar eventos recentes, pressão territorial e coerência com inteligência local antes da próxima atualização do ranking."
2026-06-26T14:26:29,2026-06-23,src/core/orchestrator.py:get_combined_risk,cities_general_top30,9,TIANGUA,TIANGUA,interior,cidade,34.72,moderado,80.1,moderada,77.5,alta,1,2,128.0,20.0,100.0,50.0,16.7,100.0,100.0,100.0,0.94,88.2,14,14,False,stable,Tensão territorial,100.0,Atividade recente e vizinhança,50.0,CVLI recente na janela de 30 dias,40.0,Tensão territorial: 100.0% | Atividade recente e vizinhança: 50.0% | CVLI recente na janela de 30 dias: 40.0%,"TIANGUA aparece na posição 9 de 69, com risco 34.7 e nível moderado; é prioridade alta de acompanhamento.","O peso principal vem de tensão territorial, com suporte territorial de 100.0% e 2 registros recentes na janela de 30 dias.","Leitura consistente, mas ainda pede validação operacional pontual.","O território se diferencia do bloco intermediário, mas sem isolamento absoluto.","Verificar eventos recentes, pressão territorial e coerência com inteligência local antes da próxima atualização do ranking."
2026-06-26T14:26:29,2026-06-23,src/core/orchestrator.py:get_combined_risk,cities_general_top30,10,QUIXADA,QUIXADA,interior,cidade,33.27,moderado,74.9,moderada,76.3,alta,1,1,147.0,18.5,100.0,50.0,30.0,100.0,100.0,100.0,0.87,86.8,14,14,False,stable,Tensão territorial,100.0,Atividade recente e vizinhança,50.0,CVLI recente na janela de 30 dias,20.0,Tensão territorial: 100.0% | Atividade recente e vizinhança: 50.0% | CVLI recente na janela de 30 dias: 20.0%,"QUIXADA aparece na posição 10 de 69, com risco 33.3 e nível moderado; é prioridade alta de acompanhamento.","O peso principal vem de tensão territorial, com suporte territorial de 100.0% e 1 registros recentes na janela de 30 dias.","Leitura consistente, mas ainda pede validação operacional pontual.","O território se diferencia do bloco intermediário, mas sem isolamento absoluto.","Verificar eventos recentes, pressão territorial e coerência com inteligência local antes da próxima atualização do ranking."
2026-06-26T14:26:29,2026-06-23,src/core/orchestrator.py:get_combined_risk,cities_general_top30,11,RUSSAS,RUSSAS,interior,cidade,31.66,moderado,74.6,moderada,75.0,alta,1,1,112.0,15.9,100.0,50.0,33.3,100.0,100.0,100.0,0.79,85.3,14,14,False,stable,Tensão territorial,100.0,Atividade recente e vizinhança,50.0,CVLI recente na janela de 30 dias,20.0,Tensão territorial: 100.0% | Atividade recente e vizinhança: 50.0% | CVLI recente na janela de 30 dias: 20.0%,"RUSSAS aparece na posição 11 de 69, com risco 31.7 e nível moderado; é território de atenção tática.","O peso principal vem de tensão territorial, com suporte territorial de 100.0% e 1 registros recentes na janela de 30 dias.","Leitura consistente, mas ainda pede validação operacional pontual.","O território se diferencia do bloco intermediário, mas sem isolamento absoluto.","Verificar eventos recentes, pressão territorial e coerência com inteligência local antes da próxima atualização do ranking."
2026-06-26T14:26:29,2026-06-23,src/core/orchestrator.py:get_combined_risk,cities_general_top30,12,TRAIRI,TRAIRI,rmf,cidade,31.26,moderado,86.5,alta,74.0,alta,2,5,152.0,9.7,0.0,100.0,3.3,100.0,100.0,100.0,0.77,83.8,14,14,False,stable,Atividade recente e vizinhança,100.0,CVLI recente na janela de 30 dias,100.0,Sinal Poisson do ranking operacional,9.7,Atividade recente e vizinhança: 100.0% | CVLI recente na janela de 30 dias: 100.0% | Sinal Poisson do ranking operacional: 9.7%,"TRAIRI aparece na posição 12 de 69, com risco 31.3 e nível moderado; é território de atenção tática.","O peso principal vem de atividade recente e vizinhança, com suporte territorial de 100.0% e 5 registros recentes na janela de 30 dias.",Leitura com boa sustentação dos sinais atuais.,"O território se diferencia do bloco intermediário, mas sem isolamento absoluto.","Verificar eventos recentes, pressão territorial e coerência com inteligência local antes da próxima atualização do ranking."
2026-06-26T14:26:29,2026-06-23,src/core/orchestrator.py:get_combined_risk,cities_general_top30,13,LIMOEIRO DO NORTE,LIMOEIRO DO NORTE,interior,cidade,31.06,moderado,79.5,moderada,73.1,alta,1,2,100.0,14.9,100.0,50.0,33.3,100.0,100.0,100.0,0.76,82.4,14,14,False,stable,Tensão territorial,100.0,Atividade recente e vizinhança,50.0,CVLI recente na janela de 30 dias,40.0,Tensão territorial: 100.0% | Atividade recente e vizinhança: 50.0% | CVLI recente na janela de 30 dias: 40.0%,"LIMOEIRO DO NORTE aparece na posição 13 de 69, com risco 31.1 e nível moderado; é território de atenção tática.","O peso principal vem de tensão territorial, com suporte territorial de 100.0% e 2 registros recentes na janela de 30 dias.","Leitura consistente, mas ainda pede validação operacional pontual.","O território se diferencia do bloco intermediário, mas sem isolamento absoluto.","Verificar eventos recentes, pressão territorial e coerência com inteligência local antes da próxima atualização do ranking."
2026-06-26T14:26:29,2026-06-23,src/core/orchestrator.py:get_combined_risk,cities_general_top30,14,ITAITINGA,ITAITINGA,rmf,cidade,31.04,moderado,76.5,moderada,72.2,alta,2,2,84.0,9.3,0.0,100.0,0.0,100.0,100.0,100.0,0.76,80.9,14,14,False,stable,Atividade recente e vizinhança,100.0,CVLI recente na janela de 30 dias,40.0,Sinal Poisson do ranking operacional,9.3,Atividade recente e vizinhança: 100.0% | CVLI recente na janela de 30 dias: 40.0% | Sinal Poisson do ranking operacional: 9.3%,"ITAITINGA aparece na posição 14 de 69, com risco 31.0 e nível moderado; é território de atenção tática.","O peso principal vem de atividade recente e vizinhança, com suporte territorial de 100.0% e 2 registros recentes na janela de 30 dias.","Leitura consistente, mas ainda pede validação operacional pontual.","O território se diferencia do bloco intermediário, mas sem isolamento absoluto.","Verificar eventos recentes, pressão territorial e coerência com inteligência local antes da próxima atualização do ranking."
2026-06-26T14:26:29,2026-06-23,src/core/orchestrator.py:get_combined_risk,cities_general_top30,15,SAO BENEDITO,SAO BENEDITO,interior,cidade,30.97,baixo,74.3,moderada,71.3,alta,1,1,90.0,13.2,100.0,50.0,3.3,100.0,100.0,100.0,0.76,79.4,14,14,False,stable,Tensão territorial,100.0,Atividade recente e vizinhança,50.0,CVLI recente na janela de 30 dias,20.0,Tensão territorial: 100.0% | Atividade recente e vizinhança: 50.0% | CVLI recente na janela de 30 dias: 20.0%,"SAO BENEDITO aparece na posição 15 de 69, com risco 31.0 e nível baixo; é território de atenção tática.","O peso principal vem de tensão territorial, com suporte territorial de 100.0% e 1 registros recentes na janela de 30 dias.","Leitura consistente, mas ainda pede validação operacional pontual.","O território se diferencia do bloco intermediário, mas sem isolamento absoluto.","Verificar eventos recentes, pressão territorial e coerência com inteligência local antes da próxima atualização do ranking."
2026-06-26T14:26:29,2026-06-23,src/core/orchestrator.py:get_combined_risk,cities_general_top30,16,IGUATU,IGUATU,interior,cidade,30.37,baixo,74.2,moderada,70.2,alta,1,1,93.0,12.3,100.0,50.0,3.3,100.0,100.0,100.0,0.73,77.9,14,14,False,stable,Tensão territorial,100.0,Atividade recente e vizinhança,50.0,CVLI recente na janela de 30 dias,20.0,Tensão territorial: 100.0% | Atividade recente e vizinhança: 50.0% | CVLI recente na janela de 30 dias: 20.0%,"IGUATU aparece na posição 16 de 69, com risco 30.4 e nível baixo; é território de atenção tática.","O peso principal vem de tensão territorial, com suporte territorial de 100.0% e 1 registros recentes na janela de 30 dias.","Leitura consistente, mas ainda pede validação operacional pontual.","O território se diferencia do bloco intermediário, mas sem isolamento absoluto.","Verificar eventos recentes, pressão territorial e coerência com inteligência local antes da próxima atualização do ranking."
2026-06-26T14:26:29,2026-06-23,src/core/orchestrator.py:get_combined_risk,cities_general_top30,17,IRAUCUBA,IRAUCUBA,interior,cidade,26.25,baixo,78.5,moderada,68.4,moderada,1,2,36.0,6.0,100.0,50.0,10.0,100.0,40.0,100.0,0.53,76.5,14,14,False,stable,Tensão territorial,100.0,Atividade recente e vizinhança,50.0,CVLI recente na janela de 30 dias,40.0,Tensão territorial: 100.0% | Atividade recente e vizinhança: 50.0% | CVLI recente na janela de 30 dias: 40.0%,"IRAUCUBA aparece na posição 17 de 69, com risco 26.2 e nível baixo; é território de atenção tática.","O peso principal vem de tensão territorial, com suporte territorial de 100.0% e 2 registros recentes na janela de 30 dias.","Leitura consistente, mas ainda pede validação operacional pontual.",O território está próximo de pares vizinhos e pode oscilar no próximo ciclo.,"Verificar eventos recentes, pressão territorial e coerência com inteligência local antes da próxima atualização do ranking."
2026-06-26T14:26:29,2026-06-23,src/core/orchestrator.py:get_combined_risk,cities_general_top30,18,ITAPIUNA,ITAPIUNA,interior,cidade,25.61,baixo,83.4,moderada,67.4,moderada,1,3,45.0,5.6,100.0,50.0,43.3,100.0,62.5,100.0,0.5,75.0,14,14,False,stable,Tensão territorial,100.0,CVLI recente na janela de 30 dias,60.0,Atividade recente e vizinhança,50.0,Tensão territorial: 100.0% | CVLI recente na janela de 30 dias: 60.0% | Atividade recente e vizinhança: 50.0%,"ITAPIUNA aparece na posição 18 de 69, com risco 25.6 e nível baixo; é território de atenção tática.","O peso principal vem de tensão territorial, com suporte territorial de 100.0% e 3 registros recentes na janela de 30 dias.","Leitura consistente, mas ainda pede validação operacional pontual.",O território está próximo de pares vizinhos e pode oscilar no próximo ciclo.,"Verificar eventos recentes, pressão territorial e coerência com inteligência local antes da próxima atualização do ranking."
2026-06-26T14:26:29,2026-06-23,src/core/orchestrator.py:get_combined_risk,cities_general_top30,19,VICOSA DO CEARA,VICOSA DO CEARA,interior,cidade,25.07,baixo,73.3,moderada,66.4,moderada,1,1,43.0,4.6,100.0,50.0,40.0,100.0,57.5,100.0,0.47,73.5,14,14,False,stable,Tensão territorial,100.0,Atividade recente e vizinhança,50.0,CVLI recente na janela de 30 dias,20.0,Tensão territorial: 100.0% | Atividade recente e vizinhança: 50.0% | CVLI recente na janela de 30 dias: 20.0%,"VICOSA DO CEARA aparece na posição 19 de 69, com risco 25.1 e nível baixo; é território de atenção tática.","O peso principal vem de tensão territorial, com suporte territorial de 100.0% e 1 registros recentes na janela de 30 dias.","Leitura consistente, mas ainda pede validação operacional pontual.",O território está próximo de pares vizinhos e pode oscilar no próximo ciclo.,"Verificar eventos recentes, pressão territorial e coerência com inteligência local antes da próxima atualização do ranking."
2026-06-26T14:26:29,2026-06-23,src/core/orchestrator.py:get_combined_risk,cities_general_top30,20,NOVA OLINDA,NOVA OLINDA,interior,cidade,24.68,baixo,73.2,moderada,65.4,moderada,1,1,27.0,3.6,100.0,50.0,23.3,100.0,17.5,100.0,0.45,72.1,14,14,False,stable,Tensão territorial,100.0,Atividade recente e vizinhança,50.0,CVLI recente na janela de 30 dias,20.0,Tensão territorial: 100.0% | Atividade recente e vizinhança: 50.0% | CVLI recente na janela de 30 dias: 20.0%,"NOVA OLINDA aparece na posição 20 de 69, com risco 24.7 e nível baixo; é território de atenção tática.","O peso principal vem de tensão territorial, com suporte territorial de 100.0% e 1 registros recentes na janela de 30 dias.","Leitura consistente, mas ainda pede validação operacional pontual.",O território está próximo de pares vizinhos e pode oscilar no próximo ciclo.,"Verificar eventos recentes, pressão territorial e coerência com inteligência local antes da próxima atualização do ranking."
2026-06-26T14:26:29,2026-06-23,src/core/orchestrator.py:get_combined_risk,cities_general_top30,21,SANTA QUITERIA,SANTA QUITERIA,interior,cidade,24.51,baixo,73.2,moderada,64.5,moderada,1,1,24.0,3.4,100.0,50.0,23.3,100.0,10.0,100.0,0.44,70.6,14,14,False,stable,Tensão territorial,100.0,Atividade recente e vizinhança,50.0,CVLI recente na janela de 30 dias,20.0,Tensão territorial: 100.0% | Atividade recente e vizinhança: 50.0% | CVLI recente na janela de 30 dias: 20.0%,"SANTA QUITERIA aparece na posição 21 de 69, com risco 24.5 e nível baixo; é território de atenção tática.","O peso principal vem de tensão territorial, com suporte territorial de 100.0% e 1 registros recentes na janela de 30 dias.","Leitura consistente, mas ainda pede validação operacional pontual.",O território está próximo de pares vizinhos e pode oscilar no próximo ciclo.,"Verificar eventos recentes, pressão territorial e coerência com inteligência local antes da próxima atualização do ranking."
2026-06-26T14:26:29,2026-06-23,src/core/orchestrator.py:get_combined_risk,cities_general_top30,22,CRATO,CRATO,interior,cidade,22.06,baixo,77.2,moderada,63.0,moderada,0,2,181.0,24.2,100.0,0.0,66.7,100.0,100.0,100.0,0.32,69.1,14,14,False,stable,Tensão territorial,100.0,CVLI recente na janela de 30 dias,40.0,Sinal Poisson do ranking operacional,24.2,Tensão territorial: 100.0% | CVLI recente na janela de 30 dias: 40.0% | Sinal Poisson do ranking operacional: 24.2%,"CRATO aparece na posição 22 de 69, com risco 22.1 e nível baixo; é território de atenção tática.","O peso principal vem de tensão territorial, com suporte territorial de 100.0% e 2 registros recentes na janela de 30 dias.","Leitura consistente, mas ainda pede validação operacional pontual.",O território está próximo de pares vizinhos e pode oscilar no próximo ciclo.,"Verificar eventos recentes, pressão territorial e coerência com inteligência local antes da próxima atualização do ranking."
2026-06-26T14:26:29,2026-06-23,src/core/orchestrator.py:get_combined_risk,cities_general_top30,23,AMONTADA,AMONTADA,interior,cidade,20.19,baixo,87.0,alta,61.7,moderada,0,4,141.0,19.0,100.0,0.0,50.0,100.0,100.0,100.0,0.23,67.6,14,14,False,stable,Tensão territorial,100.0,CVLI recente na janela de 30 dias,80.0,Sinal Poisson do ranking operacional,19.0,Tensão territorial: 100.0% | CVLI recente na janela de 30 dias: 80.0% | Sinal Poisson do ranking operacional: 19.0%,"AMONTADA aparece na posição 23 de 69, com risco 20.2 e nível baixo; é território de atenção tática.","O peso principal vem de tensão territorial, com suporte territorial de 100.0% e 4 registros recentes na janela de 30 dias.",Leitura com boa sustentação dos sinais atuais.,O território está próximo de pares vizinhos e pode oscilar no próximo ciclo.,"Verificar eventos recentes, pressão territorial e coerência com inteligência local antes da próxima atualização do ranking."
2026-06-26T14:26:29,2026-06-23,src/core/orchestrator.py:get_combined_risk,cities_general_top30,24,CASCAVEL,CASCAVEL,rmf,cidade,16.71,baixo,65.9,baixa,60.0,moderada,1,1,173.0,7.4,0.0,50.0,36.7,100.0,100.0,100.0,0.06,66.2,14,14,False,stable,Atividade recente e vizinhança,50.0,CVLI recente na janela de 30 dias,20.0,Sinal Poisson do ranking operacional,7.4,Atividade recente e vizinhança: 50.0% | CVLI recente na janela de 30 dias: 20.0% | Sinal Poisson do ranking operacional: 7.4%,"CASCAVEL aparece na posição 24 de 69, com risco 16.7 e nível baixo; é território de atenção tática.","O peso principal vem de atividade recente e vizinhança, com suporte territorial de 100.0% e 1 registros recentes na janela de 30 dias.",Leitura sensível a ruído; requer conferência adicional antes de decisão forte.,O território está próximo de pares vizinhos e pode oscilar no próximo ciclo.,"Verificar eventos recentes, pressão territorial e coerência com inteligência local antes da próxima atualização do ranking."
2026-06-26T14:26:29,2026-06-23,src/core/orchestrator.py:get_combined_risk,cities_general_top30,25,TAUA,TAUA,interior,cidade,15.51,baixo,65.8,baixa,58.8,moderada,1,1,52.0,5.5,0.0,50.0,43.3,100.0,80.0,100.0,0.0,64.7,14,14,False,stable,Atividade recente e vizinhança,50.0,CVLI recente na janela de 30 dias,20.0,Sinal Poisson do ranking operacional,5.5,Atividade recente e vizinhança: 50.0% | CVLI recente na janela de 30 dias: 20.0% | Sinal Poisson do ranking operacional: 5.5%,"TAUA aparece na posição 25 de 69, com risco 15.5 e nível baixo; é território de atenção tática.","O peso principal vem de atividade recente e vizinhança, com suporte territorial de 100.0% e 1 registros recentes na janela de 30 dias.",Leitura sensível a ruído; requer conferência adicional antes de decisão forte.,O território está próximo de pares vizinhos e pode oscilar no próximo ciclo.,"Verificar eventos recentes, pressão territorial e coerência com inteligência local antes da próxima atualização do ranking."
2026-06-26T14:26:29,2026-06-23,src/core/orchestrator.py:get_combined_risk,cities_general_top30,26,PINDORETAMA,PINDORETAMA,rmf,cidade,15.12,baixo,65.7,baixa,57.8,moderada,1,1,36.0,4.7,0.0,50.0,40.0,100.0,40.0,100.0,-0.02,63.2,14,14,False,stable,Atividade recente e vizinhança,50.0,CVLI recente na janela de 30 dias,20.0,Sinal Poisson do ranking operacional,4.7,Atividade recente e vizinhança: 50.0% | CVLI recente na janela de 30 dias: 20.0% | Sinal Poisson do ranking operacional: 4.7%,"PINDORETAMA aparece na posição 26 de 69, com risco 15.1 e nível baixo; é território de atenção tática.","O peso principal vem de atividade recente e vizinhança, com suporte territorial de 100.0% e 1 registros recentes na janela de 30 dias.",Leitura sensível a ruído; requer conferência adicional antes de decisão forte.,O território está próximo de pares vizinhos e pode oscilar no próximo ciclo.,"Verificar eventos recentes, pressão territorial e coerência com inteligência local antes da próxima atualização do ranking."
2026-06-26T14:26:29,2026-06-23,src/core/orchestrator.py:get_combined_risk,cities_general_top30,27,ICAPUI,ICAPUI,interior,cidade,10.96,baixo,76.0,moderada,56.0,moderada,0,2,32.0,2.2,100.0,0.0,90.0,100.0,30.0,100.0,-0.22,61.8,14,14,False,stable,Tensão territorial,100.0,CVLI recente na janela de 30 dias,40.0,Sinal Poisson do ranking operacional,2.2,Tensão territorial: 100.0% | CVLI recente na janela de 30 dias: 40.0% | Sinal Poisson do ranking operacional: 2.2%,"ICAPUI aparece na posição 27 de 69, com risco 11.0 e nível baixo; é território de atenção tática.","O peso principal vem de tensão territorial, com suporte territorial de 100.0% e 2 registros recentes na janela de 30 dias.","Leitura consistente, mas ainda pede validação operacional pontual.",O território está próximo de pares vizinhos e pode oscilar no próximo ciclo.,"Verificar eventos recentes, pressão territorial e coerência com inteligência local antes da próxima atualização do ranking."
2026-06-26T14:26:29,2026-06-23,src/core/orchestrator.py:get_combined_risk,cities_general_top30,28,FORQUILHA,FORQUILHA,interior,cidade,10.12,baixo,53.5,muito baixa,54.9,moderada,0,1,90.0,9.4,50.0,0.0,46.7,50.0,100.0,50.0,-0.26,60.3,14,14,False,stable,Tensão territorial,50.0,CVLI recente na janela de 30 dias,20.0,Sinal Poisson do ranking operacional,9.4,Tensão territorial: 50.0% | CVLI recente na janela de 30 dias: 20.0% | Sinal Poisson do ranking operacional: 9.4%,"FORQUILHA aparece na posição 28 de 69, com risco 10.1 e nível baixo; é território de atenção tática.","O peso principal vem de tensão territorial, com suporte territorial de 50.0% e 1 registros recentes na janela de 30 dias.",Leitura sensível a ruído; requer conferência adicional antes de decisão forte.,O território está próximo de pares vizinhos e pode oscilar no próximo ciclo.,"Verificar eventos recentes, pressão territorial e coerência com inteligência local antes da próxima atualização do ranking."
2026-06-26T14:26:29,2026-06-23,src/core/orchestrator.py:get_combined_risk,cities_general_top30,29,MARANGUAPE,MARANGUAPE,rmf,cidade,8.02,baixo,37.1,muito baixa,53.5,moderada,0,0,293.0,19.0,0.0,0.0,100.0,20.0,100.0,0.0,-0.37,58.8,14,14,False,stable,Sinal Poisson do ranking operacional,19.0,Tensão territorial,0.0,Atividade recente e vizinhança,0.0,Sinal Poisson do ranking operacional: 19.0% | Tensão territorial: 0.0% | Atividade recente e vizinhança: 0.0%,"MARANGUAPE aparece na posição 29 de 69, com risco 8.0 e nível baixo; é território de atenção tática.","O peso principal vem de sinal poisson do ranking operacional, com suporte territorial de 20.0% e 0 registros recentes na janela de 30 dias.",Leitura sensível a ruído; requer conferência adicional antes de decisão forte.,O território está próximo de pares vizinhos e pode oscilar no próximo ciclo.,"Verificar eventos recentes, pressão territorial e coerência com inteligência local antes da próxima atualização do ranking."
2026-06-26T14:26:29,2026-06-23,src/core/orchestrator.py:get_combined_risk,cities_general_top30,30,PEDRA BRANCA,PEDRA BRANCA,interior,cidade,7.92,baixo,53.3,muito baixa,52.7,moderada,0,1,57.0,5.8,50.0,0.0,63.3,50.0,92.5,50.0,-0.37,57.4,14,14,False,stable,Tensão territorial,50.0,CVLI recente na janela de 30 dias,20.0,Sinal Poisson do ranking operacional,5.8,Tensão territorial: 50.0% | CVLI recente na janela de 30 dias: 20.0% | Sinal Poisson do ranking operacional: 5.8%,"PEDRA BRANCA aparece na posição 30 de 69, com risco 7.9 e nível baixo; é território de atenção tática.","O peso principal vem de tensão territorial, com suporte territorial de 50.0% e 1 registros recentes na janela de 30 dias.",Leitura sensível a ruído; requer conferência adicional antes de decisão forte.,O território está próximo de pares vizinhos e pode oscilar no próximo ciclo.,"Verificar eventos recentes, pressão territorial e coerência com inteligência local antes da próxima atualização do ranking."
2026-06-26T14:26:29,2026-06-23,src/core/orchestrator.py:get_combined_risk,cities_rmf_top20,1,CAUCAIA,CAUCAIA,rmf,cidade,94.69,crítico,99.0,alta,96.2,muito alta,3,6,947.0,100.0,100.0,100.0,23.3,100.0,100.0,100.0,3.37,100.0,14,14,False,stable,Sinal Poisson do ranking operacional,100.0,Tensão territorial,100.0,Atividade recente e vizinhança,100.0,Sinal Poisson do ranking operacional: 100.0% | Tensão territorial: 100.0% | Atividade recente e vizinhança: 100.0%,"CAUCAIA aparece na posição 1 de 19, com risco 94.7 e nível crítico; é prioridade imediata de acompanhamento.","O peso principal vem de sinal poisson do ranking operacional, com suporte territorial de 100.0% e 6 registros recentes na janela de 30 dias.",Leitura com boa sustentação dos sinais atuais.,O território está bem destacado no ranking frente aos pares.,"Verificar eventos recentes, pressão territorial e coerência com inteligência local antes da próxima atualização do ranking."
2026-06-26T14:26:29,2026-06-23,src/core/orchestrator.py:get_combined_risk,cities_rmf_top20,2,MARACANAU,MARACANAU,rmf,cidade,56.22,alto,78.4,moderada,85.1,muito alta,1,1,657.0,57.2,100.0,50.0,26.7,100.0,100.0,100.0,1.76,94.4,14,14,False,stable,Tensão territorial,100.0,Sinal Poisson do ranking operacional,57.2,Atividade recente e vizinhança,50.0,Tensão territorial: 100.0% | Sinal Poisson do ranking operacional: 57.2% | Atividade recente e vizinhança: 50.0%,"MARACANAU aparece na posição 2 de 19, com risco 56.2 e nível alto; é prioridade imediata de acompanhamento.","O peso principal vem de tensão territorial, com suporte territorial de 100.0% e 1 registros recentes na janela de 30 dias.","Leitura consistente, mas ainda pede validação operacional pontual.",O território está bem destacado no ranking frente aos pares.,"Verificar eventos recentes, pressão territorial e coerência com inteligência local antes da próxima atualização do ranking."
2026-06-26T14:26:29,2026-06-23,src/core/orchestrator.py:get_combined_risk,cities_rmf_top20,3,TRAIRI,TRAIRI,rmf,cidade,31.26,moderado,86.5,alta,76.8,alta,2,5,152.0,9.7,0.0,100.0,3.3,100.0,100.0,100.0,0.71,88.9,14,14,False,stable,Atividade recente e vizinhança,100.0,CVLI recente na janela de 30 dias,100.0,Sinal Poisson do ranking operacional,9.7,Atividade recente e vizinhança: 100.0% | CVLI recente na janela de 30 dias: 100.0% | Sinal Poisson do ranking operacional: 9.7%,"TRAIRI aparece na posição 3 de 19, com risco 31.3 e nível moderado; é prioridade imediata de acompanhamento.","O peso principal vem de atividade recente e vizinhança, com suporte territorial de 100.0% e 5 registros recentes na janela de 30 dias.",Leitura com boa sustentação dos sinais atuais.,"O território se diferencia do bloco intermediário, mas sem isolamento absoluto.","Verificar eventos recentes, pressão territorial e coerência com inteligência local antes da próxima atualização do ranking."
2026-06-26T14:26:29,2026-06-23,src/core/orchestrator.py:get_combined_risk,cities_rmf_top20,4,ITAITINGA,ITAITINGA,rmf,cidade,31.04,moderado,76.5,moderada,73.3,alta,2,2,84.0,9.3,0.0,100.0,0.0,100.0,100.0,100.0,0.7,83.3,14,14,False,stable,Atividade recente e vizinhança,100.0,CVLI recente na janela de 30 dias,40.0,Sinal Poisson do ranking operacional,9.3,Atividade recente e vizinhança: 100.0% | CVLI recente na janela de 30 dias: 40.0% | Sinal Poisson do ranking operacional: 9.3%,"ITAITINGA aparece na posição 4 de 19, com risco 31.0 e nível moderado; é prioridade imediata de acompanhamento.","O peso principal vem de atividade recente e vizinhança, com suporte territorial de 100.0% e 2 registros recentes na janela de 30 dias.","Leitura consistente, mas ainda pede validação operacional pontual.","O território se diferencia do bloco intermediário, mas sem isolamento absoluto.","Verificar eventos recentes, pressão territorial e coerência com inteligência local antes da próxima atualização do ranking."
2026-06-26T14:26:29,2026-06-23,src/core/orchestrator.py:get_combined_risk,cities_rmf_top20,5,CASCAVEL,CASCAVEL,rmf,cidade,16.71,baixo,65.9,baixa,67.2,moderada,1,1,173.0,7.4,0.0,50.0,36.7,100.0,100.0,100.0,0.1,77.8,14,14,False,stable,Atividade recente e vizinhança,50.0,CVLI recente na janela de 30 dias,20.0,Sinal Poisson do ranking operacional,7.4,Atividade recente e vizinhança: 50.0% | CVLI recente na janela de 30 dias: 20.0% | Sinal Poisson do ranking operacional: 7.4%,"CASCAVEL aparece na posição 5 de 19, com risco 16.7 e nível baixo; é prioridade imediata de acompanhamento.","O peso principal vem de atividade recente e vizinhança, com suporte territorial de 100.0% e 1 registros recentes na janela de 30 dias.",Leitura sensível a ruído; requer conferência adicional antes de decisão forte.,O território está próximo de pares vizinhos e pode oscilar no próximo ciclo.,"Verificar eventos recentes, pressão territorial e coerência com inteligência local antes da próxima atualização do ranking."
2026-06-26T14:26:29,2026-06-23,src/core/orchestrator.py:get_combined_risk,cities_rmf_top20,6,PINDORETAMA,PINDORETAMA,rmf,cidade,15.12,baixo,65.7,baixa,63.5,moderada,1,1,36.0,4.7,0.0,50.0,40.0,100.0,40.0,100.0,0.03,72.2,14,14,False,stable,Atividade recente e vizinhança,50.0,CVLI recente na janela de 30 dias,20.0,Sinal Poisson do ranking operacional,4.7,Atividade recente e vizinhança: 50.0% | CVLI recente na janela de 30 dias: 20.0% | Sinal Poisson do ranking operacional: 4.7%,"PINDORETAMA aparece na posição 6 de 19, com risco 15.1 e nível baixo; é prioridade alta de acompanhamento.","O peso principal vem de atividade recente e vizinhança, com suporte territorial de 100.0% e 1 registros recentes na janela de 30 dias.",Leitura sensível a ruído; requer conferência adicional antes de decisão forte.,O território está próximo de pares vizinhos e pode oscilar no próximo ciclo.,"Verificar eventos recentes, pressão territorial e coerência com inteligência local antes da próxima atualização do ranking."
2026-06-26T14:26:29,2026-06-23,src/core/orchestrator.py:get_combined_risk,cities_rmf_top20,7,MARANGUAPE,MARANGUAPE,rmf,cidade,8.02,baixo,37.1,muito baixa,58.8,moderada,0,0,293.0,19.0,0.0,0.0,100.0,20.0,100.0,0.0,-0.26,66.7,14,14,False,stable,Sinal Poisson do ranking operacional,19.0,Tensão territorial,0.0,Atividade recente e vizinhança,0.0,Sinal Poisson do ranking operacional: 19.0% | Tensão territorial: 0.0% | Atividade recente e vizinhança: 0.0%,"MARANGUAPE aparece na posição 7 de 19, com risco 8.0 e nível baixo; é prioridade alta de acompanhamento.","O peso principal vem de sinal poisson do ranking operacional, com suporte territorial de 20.0% e 0 registros recentes na janela de 30 dias.",Leitura sensível a ruído; requer conferência adicional antes de decisão forte.,O território está próximo de pares vizinhos e pode oscilar no próximo ciclo.,"Verificar eventos recentes, pressão territorial e coerência com inteligência local antes da próxima atualização do ranking."
2026-06-26T14:26:29,2026-06-23,src/core/orchestrator.py:get_combined_risk,cities_rmf_top20,8,PARACURU,PARACURU,rmf,cidade,3.79,baixo,48.3,muito baixa,54.5,moderada,0,1,81.0,7.0,0.0,0.0,46.7,50.0,100.0,50.0,-0.44,61.1,14,14,False,stable,CVLI recente na janela de 30 dias,20.0,Sinal Poisson do ranking operacional,7.0,Tensão territorial,0.0,CVLI recente na janela de 30 dias: 20.0% | Sinal Poisson do ranking operacional: 7.0% | Tensão territorial: 0.0%,"PARACURU aparece na posição 8 de 19, com risco 3.8 e nível baixo; é prioridade alta de acompanhamento.","O peso principal vem de cvli recente na janela de 30 dias, com suporte territorial de 50.0% e 1 registros recentes na janela de 30 dias.",Leitura sensível a ruído; requer conferência adicional antes de decisão forte.,O território está próximo de pares vizinhos e pode oscilar no próximo ciclo.,"Verificar eventos recentes, pressão territorial e coerência com inteligência local antes da próxima atualização do ranking."
2026-06-26T14:26:29,2026-06-23,src/core/orchestrator.py:get_combined_risk,cities_rmf_top20,9,SAO GONCALO DO AMARANTE,SAO GONCALO DO AMARANTE,rmf,cidade,3.3,baixo,48.2,muito baixa,51.1,moderada,0,1,127.0,6.3,0.0,0.0,56.7,50.0,100.0,50.0,-0.46,55.6,14,14,False,stable,CVLI recente na janela de 30 dias,20.0,Sinal Poisson do ranking operacional,6.3,Tensão territorial,0.0,CVLI recente na janela de 30 dias: 20.0% | Sinal Poisson do ranking operacional: 6.3% | Tensão territorial: 0.0%,"SAO GONCALO DO AMARANTE aparece na posição 9 de 19, com risco 3.3 e nível baixo; é prioridade alta de acompanhamento.","O peso principal vem de cvli recente na janela de 30 dias, com suporte territorial de 50.0% e 1 registros recentes na janela de 30 dias.",Leitura sensível a ruído; requer conferência adicional antes de decisão forte.,O território está próximo de pares vizinhos e pode oscilar no próximo ciclo.,"Verificar eventos recentes, pressão territorial e coerência com inteligência local antes da próxima atualização do ranking."
2026-06-26T14:26:29,2026-06-23,src/core/orchestrator.py:get_combined_risk,cities_rmf_top20,10,PACATUBA,PACATUBA,rmf,cidade,2.99,baixo,35.8,muito baixa,47.7,baixa,0,0,195.0,7.1,0.0,0.0,100.0,20.0,100.0,0.0,-0.48,50.0,14,14,False,stable,Sinal Poisson do ranking operacional,7.1,Tensão territorial,0.0,Atividade recente e vizinhança,0.0,Sinal Poisson do ranking operacional: 7.1% | Tensão territorial: 0.0% | Atividade recente e vizinhança: 0.0%,"PACATUBA aparece na posição 10 de 19, com risco 3.0 e nível baixo; é prioridade alta de acompanhamento.","O peso principal vem de sinal poisson do ranking operacional, com suporte territorial de 20.0% e 0 registros recentes na janela de 30 dias.",Leitura sensível a ruído; requer conferência adicional antes de decisão forte.,O território está próximo de pares vizinhos e pode oscilar no próximo ciclo.,"Verificar eventos recentes, pressão territorial e coerência com inteligência local antes da próxima atualização do ranking."
2026-06-26T14:26:29,2026-06-23,src/core/orchestrator.py:get_combined_risk,cities_rmf_top20,11,EUSEBIO,EUSEBIO,rmf,cidade,2.8,baixo,48.1,muito baixa,44.3,baixa,0,1,76.0,5.4,0.0,0.0,56.7,50.0,100.0,50.0,-0.48,44.4,14,14,False,stable,CVLI recente na janela de 30 dias,20.0,Sinal Poisson do ranking operacional,5.4,Tensão territorial,0.0,CVLI recente na janela de 30 dias: 20.0% | Sinal Poisson do ranking operacional: 5.4% | Tensão territorial: 0.0%,"EUSEBIO aparece na posição 11 de 19, com risco 2.8 e nível baixo; é território de atenção tática.","O peso principal vem de cvli recente na janela de 30 dias, com suporte territorial de 50.0% e 1 registros recentes na janela de 30 dias.",Leitura sensível a ruído; requer conferência adicional antes de decisão forte.,O território está próximo de pares vizinhos e pode oscilar no próximo ciclo.,"Verificar eventos recentes, pressão territorial e coerência com inteligência local antes da próxima atualização do ranking."
2026-06-26T14:26:29,2026-06-23,src/core/orchestrator.py:get_combined_risk,cities_rmf_top20,12,PARAIPABA,PARAIPABA,rmf,cidade,2.43,baixo,48.0,muito baixa,40.9,baixa,0,1,49.0,4.6,0.0,0.0,53.3,50.0,72.5,50.0,-0.5,38.9,14,14,False,stable,CVLI recente na janela de 30 dias,20.0,Sinal Poisson do ranking operacional,4.6,Tensão territorial,0.0,CVLI recente na janela de 30 dias: 20.0% | Sinal Poisson do ranking operacional: 4.6% | Tensão territorial: 0.0%,"PARAIPABA aparece na posição 12 de 19, com risco 2.4 e nível baixo; é território de atenção tática.","O peso principal vem de cvli recente na janela de 30 dias, com suporte territorial de 50.0% e 1 registros recentes na janela de 30 dias.",Leitura sensível a ruído; requer conferência adicional antes de decisão forte.,O território está próximo de pares vizinhos e pode oscilar no próximo ciclo.,"Verificar eventos recentes, pressão territorial e coerência com inteligência local antes da próxima atualização do ranking."
2026-06-26T14:26:29,2026-06-23,src/core/orchestrator.py:get_combined_risk,cities_rmf_top20,13,PACAJUS,PACAJUS,rmf,cidade,1.39,baixo,35.4,muito baixa,37.4,baixa,0,0,136.0,3.3,0.0,0.0,100.0,20.0,100.0,0.0,-0.54,33.3,14,14,False,stable,Sinal Poisson do ranking operacional,3.3,Tensão territorial,0.0,Atividade recente e vizinhança,0.0,Sinal Poisson do ranking operacional: 3.3% | Tensão territorial: 0.0% | Atividade recente e vizinhança: 0.0%,"PACAJUS aparece na posição 13 de 19, com risco 1.4 e nível baixo; é território de atenção tática.","O peso principal vem de sinal poisson do ranking operacional, com suporte territorial de 20.0% e 0 registros recentes na janela de 30 dias.",Leitura sensível a ruído; requer conferência adicional antes de decisão forte.,O território está próximo de pares vizinhos e pode oscilar no próximo ciclo.,"Verificar eventos recentes, pressão territorial e coerência com inteligência local antes da próxima atualização do ranking."
2026-06-26T14:26:29,2026-06-23,src/core/orchestrator.py:get_combined_risk,cities_rmf_top20,14,BEBERIBE,BEBERIBE,rmf,cidade,0.71,baixo,35.2,muito baixa,33.9,baixa,0,0,72.0,1.7,0.0,0.0,100.0,20.0,100.0,0.0,-0.57,27.8,14,14,False,stable,Sinal Poisson do ranking operacional,1.7,Tensão territorial,0.0,Atividade recente e vizinhança,0.0,Sinal Poisson do ranking operacional: 1.7% | Tensão territorial: 0.0% | Atividade recente e vizinhança: 0.0%,"BEBERIBE aparece na posição 14 de 19, com risco 0.7 e nível baixo; é território de atenção tática.","O peso principal vem de sinal poisson do ranking operacional, com suporte territorial de 20.0% e 0 registros recentes na janela de 30 dias.",Leitura sensível a ruído; requer conferência adicional antes de decisão forte.,O território está próximo de pares vizinhos e pode oscilar no próximo ciclo.,"Verificar eventos recentes, pressão territorial e coerência com inteligência local antes da próxima atualização do ranking."
2026-06-26T14:26:29,2026-06-23,src/core/orchestrator.py:get_combined_risk,cities_rmf_top20,15,HORIZONTE,HORIZONTE,rmf,cidade,0.58,baixo,35.1,muito baixa,30.6,baixa,0,0,147.0,1.4,0.0,0.0,100.0,20.0,100.0,0.0,-0.58,22.2,14,14,False,stable,Sinal Poisson do ranking operacional,1.4,Tensão territorial,0.0,Atividade recente e vizinhança,0.0,Sinal Poisson do ranking operacional: 1.4% | Tensão territorial: 0.0% | Atividade recente e vizinhança: 0.0%,"HORIZONTE aparece na posição 15 de 19, com risco 0.6 e nível baixo; é território de atenção tática.","O peso principal vem de sinal poisson do ranking operacional, com suporte territorial de 20.0% e 0 registros recentes na janela de 30 dias.",Leitura sensível a ruído; requer conferência adicional antes de decisão forte.,O território está próximo de pares vizinhos e pode oscilar no próximo ciclo.,"Verificar eventos recentes, pressão territorial e coerência com inteligência local antes da próxima atualização do ranking."
2026-06-26T14:26:29,2026-06-23,src/core/orchestrator.py:get_combined_risk,cities_rmf_top20,16,GUAIUBA,GUAIUBA,rmf,cidade,0.49,baixo,35.1,muito baixa,27.2,baixa,0,0,68.0,1.2,0.0,0.0,100.0,20.0,100.0,0.0,-0.58,16.7,14,14,False,stable,Sinal Poisson do ranking operacional,1.2,Tensão territorial,0.0,Atividade recente e vizinhança,0.0,Sinal Poisson do ranking operacional: 1.2% | Tensão territorial: 0.0% | Atividade recente e vizinhança: 0.0%,"GUAIUBA aparece na posição 16 de 19, com risco 0.5 e nível baixo; é território de atenção tática.","O peso principal vem de sinal poisson do ranking operacional, com suporte territorial de 20.0% e 0 registros recentes na janela de 30 dias.",Leitura sensível a ruído; requer conferência adicional antes de decisão forte.,O território está próximo de pares vizinhos e pode oscilar no próximo ciclo.,"Verificar eventos recentes, pressão territorial e coerência com inteligência local antes da próxima atualização do ranking."
2026-06-26T14:26:29,2026-06-23,src/core/orchestrator.py:get_combined_risk,cities_rmf_top20,17,AQUIRAZ,AQUIRAZ,rmf,cidade,0.45,baixo,35.1,muito baixa,23.9,baixa,0,0,157.0,1.1,0.0,0.0,100.0,20.0,100.0,0.0,-0.58,11.1,14,14,False,stable,Sinal Poisson do ranking operacional,1.1,Tensão territorial,0.0,Atividade recente e vizinhança,0.0,Sinal Poisson do ranking operacional: 1.1% | Tensão territorial: 0.0% | Atividade recente e vizinhança: 0.0%,"AQUIRAZ aparece na posição 17 de 19, com risco 0.5 e nível baixo; é território de atenção tática.","O peso principal vem de sinal poisson do ranking operacional, com suporte territorial de 20.0% e 0 registros recentes na janela de 30 dias.",Leitura sensível a ruído; requer conferência adicional antes de decisão forte.,O território está próximo de pares vizinhos e pode oscilar no próximo ciclo.,"Verificar eventos recentes, pressão territorial e coerência com inteligência local antes da próxima atualização do ranking."
2026-06-26T14:26:29,2026-06-23,src/core/orchestrator.py:get_combined_risk,cities_rmf_top20,18,SAO LUIS DO CURU,SAO LUIS DO CURU,rmf,cidade,0.06,baixo,30.8,muito baixa,20.5,baixa,0,0,26.0,0.2,0.0,0.0,100.0,3.0,15.0,0.0,-0.6,5.6,14,14,False,stable,Sinal Poisson do ranking operacional,0.2,Tensão territorial,0.0,Atividade recente e vizinhança,0.0,Sinal Poisson do ranking operacional: 0.2% | Tensão territorial: 0.0% | Atividade recente e vizinhança: 0.0%,"SAO LUIS DO CURU aparece na posição 18 de 19, com risco 0.1 e nível baixo; é território de atenção tática.","O peso principal vem de sinal poisson do ranking operacional, com suporte territorial de 3.0% e 0 registros recentes na janela de 30 dias.",Leitura sensível a ruído; requer conferência adicional antes de decisão forte.,O território está próximo de pares vizinhos e pode oscilar no próximo ciclo.,"Verificar eventos recentes, pressão territorial e coerência com inteligência local antes da próxima atualização do ranking."
2026-06-26T14:26:29,2026-06-23,src/core/orchestrator.py:get_combined_risk,cities_rmf_top20,19,CHOROZINHO,CHOROZINHO,rmf,cidade,0.0,baixo,31.9,muito baixa,17.1,baixa,0,0,35.0,0.0,0.0,0.0,100.0,7.5,37.5,0.0,-0.6,0.0,14,14,False,stable,Sinal Poisson do ranking operacional,0.0,Tensão territorial,0.0,Atividade recente e vizinhança,0.0,Sinal Poisson do ranking operacional: 0.0% | Tensão territorial: 0.0% | Atividade recente e vizinhança: 0.0%,"CHOROZINHO aparece na posição 19 de 19, com risco 0.0 e nível baixo; é território de atenção tática.","O peso principal vem de sinal poisson do ranking operacional, com suporte territorial de 7.5% e 0 registros recentes na janela de 30 dias.",Leitura sensível a ruído; requer conferência adicional antes de decisão forte.,O território está próximo de pares vizinhos e pode oscilar no próximo ciclo.,"Verificar eventos recentes, pressão territorial e coerência com inteligência local antes da próxima atualização do ranking."
2026-06-26T14:26:29,2026-06-23,src/core/orchestrator.py:get_combined_risk,cities_interior_top30,1,JUAZEIRO DO NORTE,JUAZEIRO DO NORTE,interior,cidade,87.5,crítico,92.9,alta,98.2,muito alta,1,4,319.0,100.0,100.0,50.0,0.0,100.0,100.0,100.0,3.79,100.0,14,14,False,stable,Sinal Poisson do ranking operacional,100.0,Tensão territorial,100.0,CVLI recente na janela de 30 dias,80.0,Sinal Poisson do ranking operacional: 100.0% | Tensão territorial: 100.0% | CVLI recente na janela de 30 dias: 80.0%,"JUAZEIRO DO NORTE aparece na posição 1 de 50, com risco 87.5 e nível crítico; é prioridade imediata de acompanhamento.","O peso principal vem de sinal poisson do ranking operacional, com suporte territorial de 100.0% e 4 registros recentes na janela de 30 dias.",Leitura com boa sustentação dos sinais atuais.,O território está bem destacado no ranking frente aos pares.,"Verificar eventos recentes, pressão territorial e coerência com inteligência local antes da próxima atualização do ranking."
2026-06-26T14:26:29,2026-06-23,src/core/orchestrator.py:get_combined_risk,cities_interior_top30,2,SOBRAL,SOBRAL,interior,cidade,73.24,crítico,88.5,alta,93.4,muito alta,1,3,386.0,90.8,100.0,50.0,40.0,100.0,100.0,100.0,3.04,98.0,14,14,False,stable,Tensão territorial,100.0,Sinal Poisson do ranking operacional,90.8,CVLI recente na janela de 30 dias,60.0,Tensão territorial: 100.0% | Sinal Poisson do ranking operacional: 90.8% | CVLI recente na janela de 30 dias: 60.0%,"SOBRAL aparece na posição 2 de 50, com risco 73.2 e nível crítico; é prioridade imediata de acompanhamento.","O peso principal vem de tensão territorial, com suporte territorial de 100.0% e 3 registros recentes na janela de 30 dias.",Leitura com boa sustentação dos sinais atuais.,O território está bem destacado no ranking frente aos pares.,"Verificar eventos recentes, pressão territorial e coerência com inteligência local antes da próxima atualização do ranking."
2026-06-26T14:26:29,2026-06-23,src/core/orchestrator.py:get_combined_risk,cities_interior_top30,3,BOA VIAGEM,BOA VIAGEM,interior,cidade,45.17,moderado,83.4,moderada,85.0,muito alta,2,3,118.0,17.7,100.0,100.0,33.3,100.0,100.0,100.0,1.55,95.9,14,14,False,stable,Tensão territorial,100.0,Atividade recente e vizinhança,100.0,CVLI recente na janela de 30 dias,60.0,Tensão territorial: 100.0% | Atividade recente e vizinhança: 100.0% | CVLI recente na janela de 30 dias: 60.0%,"BOA VIAGEM aparece na posição 3 de 50, com risco 45.2 e nível moderado; é prioridade imediata de acompanhamento.","O peso principal vem de tensão territorial, com suporte territorial de 100.0% e 3 registros recentes na janela de 30 dias.","Leitura consistente, mas ainda pede validação operacional pontual.",O território está bem destacado no ranking frente aos pares.,"Verificar eventos recentes, pressão territorial e coerência com inteligência local antes da próxima atualização do ranking."
2026-06-26T14:26:29,2026-06-23,src/core/orchestrator.py:get_combined_risk,cities_interior_top30,4,ACOPIARA,ACOPIARA,interior,cidade,39.6,moderado,86.9,alta,82.4,alta,2,4,48.0,7.6,100.0,100.0,20.0,100.0,70.0,100.0,1.25,93.9,14,14,False,stable,Tensão territorial,100.0,Atividade recente e vizinhança,100.0,CVLI recente na janela de 30 dias,80.0,Tensão territorial: 100.0% | Atividade recente e vizinhança: 100.0% | CVLI recente na janela de 30 dias: 80.0%,"ACOPIARA aparece na posição 4 de 50, com risco 39.6 e nível moderado; é prioridade imediata de acompanhamento.","O peso principal vem de tensão territorial, com suporte territorial de 100.0% e 4 registros recentes na janela de 30 dias.",Leitura com boa sustentação dos sinais atuais.,"O território se diferencia do bloco intermediário, mas sem isolamento absoluto.","Verificar eventos recentes, pressão territorial e coerência com inteligência local antes da próxima atualização do ranking."
2026-06-26T14:26:29,2026-06-23,src/core/orchestrator.py:get_combined_risk,cities_interior_top30,5,ITAPIPOCA,ITAPIPOCA,interior,cidade,38.4,moderado,85.9,alta,80.8,alta,1,3,195.0,27.7,100.0,50.0,33.3,100.0,100.0,100.0,1.19,91.8,14,14,False,stable,Tensão territorial,100.0,CVLI recente na janela de 30 dias,60.0,Atividade recente e vizinhança,50.0,Tensão territorial: 100.0% | CVLI recente na janela de 30 dias: 60.0% | Atividade recente e vizinhança: 50.0%,"ITAPIPOCA aparece na posição 5 de 50, com risco 38.4 e nível moderado; é prioridade imediata de acompanhamento.","O peso principal vem de tensão territorial, com suporte territorial de 100.0% e 3 registros recentes na janela de 30 dias.",Leitura com boa sustentação dos sinais atuais.,"O território se diferencia do bloco intermediário, mas sem isolamento absoluto.","Verificar eventos recentes, pressão territorial e coerência com inteligência local antes da próxima atualização do ranking."
2026-06-26T14:26:29,2026-06-23,src/core/orchestrator.py:get_combined_risk,cities_interior_top30,6,MORADA NOVA,MORADA NOVA,interior,cidade,36.61,moderado,85.6,alta,79.1,alta,1,3,150.0,24.9,100.0,50.0,36.7,100.0,100.0,100.0,1.1,89.8,14,14,False,stable,Tensão territorial,100.0,CVLI recente na janela de 30 dias,60.0,Atividade recente e vizinhança,50.0,Tensão territorial: 100.0% | CVLI recente na janela de 30 dias: 60.0% | Atividade recente e vizinhança: 50.0%,"MORADA NOVA aparece na posição 6 de 50, com risco 36.6 e nível moderado; é prioridade alta de acompanhamento.","O peso principal vem de tensão territorial, com suporte territorial de 100.0% e 3 registros recentes na janela de 30 dias.",Leitura com boa sustentação dos sinais atuais.,"O território se diferencia do bloco intermediário, mas sem isolamento absoluto.","Verificar eventos recentes, pressão territorial e coerência com inteligência local antes da próxima atualização do ranking."
2026-06-26T14:26:29,2026-06-23,src/core/orchestrator.py:get_combined_risk,cities_interior_top30,7,TIANGUA,TIANGUA,interior,cidade,34.72,moderado,80.1,moderada,77.5,alta,1,2,128.0,20.0,100.0,50.0,16.7,100.0,100.0,100.0,1.0,87.8,14,14,False,stable,Tensão territorial,100.0,Atividade recente e vizinhança,50.0,CVLI recente na janela de 30 dias,40.0,Tensão territorial: 100.0% | Atividade recente e vizinhança: 50.0% | CVLI recente na janela de 30 dias: 40.0%,"TIANGUA aparece na posição 7 de 50, com risco 34.7 e nível moderado; é prioridade alta de acompanhamento.","O peso principal vem de tensão territorial, com suporte territorial de 100.0% e 2 registros recentes na janela de 30 dias.","Leitura consistente, mas ainda pede validação operacional pontual.","O território se diferencia do bloco intermediário, mas sem isolamento absoluto.","Verificar eventos recentes, pressão territorial e coerência com inteligência local antes da próxima atualização do ranking."
2026-06-26T14:26:29,2026-06-23,src/core/orchestrator.py:get_combined_risk,cities_interior_top30,8,QUIXADA,QUIXADA,interior,cidade,33.27,moderado,74.9,moderada,75.8,alta,1,1,147.0,18.5,100.0,50.0,30.0,100.0,100.0,100.0,0.92,85.7,14,14,False,stable,Tensão territorial,100.0,Atividade recente e vizinhança,50.0,CVLI recente na janela de 30 dias,20.0,Tensão territorial: 100.0% | Atividade recente e vizinhança: 50.0% | CVLI recente na janela de 30 dias: 20.0%,"QUIXADA aparece na posição 8 de 50, com risco 33.3 e nível moderado; é prioridade alta de acompanhamento.","O peso principal vem de tensão territorial, com suporte territorial de 100.0% e 1 registros recentes na janela de 30 dias.","Leitura consistente, mas ainda pede validação operacional pontual.","O território se diferencia do bloco intermediário, mas sem isolamento absoluto.","Verificar eventos recentes, pressão territorial e coerência com inteligência local antes da próxima atualização do ranking."
2026-06-26T14:26:29,2026-06-23,src/core/orchestrator.py:get_combined_risk,cities_interior_top30,9,RUSSAS,RUSSAS,interior,cidade,31.66,moderado,74.6,moderada,74.2,alta,1,1,112.0,15.9,100.0,50.0,33.3,100.0,100.0,100.0,0.83,83.7,14,14,False,stable,Tensão territorial,100.0,Atividade recente e vizinhança,50.0,CVLI recente na janela de 30 dias,20.0,Tensão territorial: 100.0% | Atividade recente e vizinhança: 50.0% | CVLI recente na janela de 30 dias: 20.0%,"RUSSAS aparece na posição 9 de 50, com risco 31.7 e nível moderado; é prioridade alta de acompanhamento.","O peso principal vem de tensão territorial, com suporte territorial de 100.0% e 1 registros recentes na janela de 30 dias.","Leitura consistente, mas ainda pede validação operacional pontual.","O território se diferencia do bloco intermediário, mas sem isolamento absoluto.","Verificar eventos recentes, pressão territorial e coerência com inteligência local antes da próxima atualização do ranking."
2026-06-26T14:26:29,2026-06-23,src/core/orchestrator.py:get_combined_risk,cities_interior_top30,10,LIMOEIRO DO NORTE,LIMOEIRO DO NORTE,interior,cidade,31.06,moderado,79.5,moderada,72.8,alta,1,2,100.0,14.9,100.0,50.0,33.3,100.0,100.0,100.0,0.8,81.6,14,14,False,stable,Tensão territorial,100.0,Atividade recente e vizinhança,50.0,CVLI recente na janela de 30 dias,40.0,Tensão territorial: 100.0% | Atividade recente e vizinhança: 50.0% | CVLI recente na janela de 30 dias: 40.0%,"LIMOEIRO DO NORTE aparece na posição 10 de 50, com risco 31.1 e nível moderado; é prioridade alta de acompanhamento.","O peso principal vem de tensão territorial, com suporte territorial de 100.0% e 2 registros recentes na janela de 30 dias.","Leitura consistente, mas ainda pede validação operacional pontual.","O território se diferencia do bloco intermediário, mas sem isolamento absoluto.","Verificar eventos recentes, pressão territorial e coerência com inteligência local antes da próxima atualização do ranking."
2026-06-26T14:26:29,2026-06-23,src/core/orchestrator.py:get_combined_risk,cities_interior_top30,11,SAO BENEDITO,SAO BENEDITO,interior,cidade,30.97,baixo,74.3,moderada,71.6,alta,1,1,90.0,13.2,100.0,50.0,3.3,100.0,100.0,100.0,0.8,79.6,14,14,False,stable,Tensão territorial,100.0,Atividade recente e vizinhança,50.0,CVLI recente na janela de 30 dias,20.0,Tensão territorial: 100.0% | Atividade recente e vizinhança: 50.0% | CVLI recente na janela de 30 dias: 20.0%,"SAO BENEDITO aparece na posição 11 de 50, com risco 31.0 e nível baixo; é território de atenção tática.","O peso principal vem de tensão territorial, com suporte territorial de 100.0% e 1 registros recentes na janela de 30 dias.","Leitura consistente, mas ainda pede validação operacional pontual.","O território se diferencia do bloco intermediário, mas sem isolamento absoluto.","Verificar eventos recentes, pressão territorial e coerência com inteligência local antes da próxima atualização do ranking."
2026-06-26T14:26:29,2026-06-23,src/core/orchestrator.py:get_combined_risk,cities_interior_top30,12,IGUATU,IGUATU,interior,cidade,30.37,baixo,74.2,moderada,70.2,alta,1,1,93.0,12.3,100.0,50.0,3.3,100.0,100.0,100.0,0.76,77.6,14,14,False,stable,Tensão territorial,100.0,Atividade recente e vizinhança,50.0,CVLI recente na janela de 30 dias,20.0,Tensão territorial: 100.0% | Atividade recente e vizinhança: 50.0% | CVLI recente na janela de 30 dias: 20.0%,"IGUATU aparece na posição 12 de 50, com risco 30.4 e nível baixo; é território de atenção tática.","O peso principal vem de tensão territorial, com suporte territorial de 100.0% e 1 registros recentes na janela de 30 dias.","Leitura consistente, mas ainda pede validação operacional pontual.","O território se diferencia do bloco intermediário, mas sem isolamento absoluto.","Verificar eventos recentes, pressão territorial e coerência com inteligência local antes da próxima atualização do ranking."
2026-06-26T14:26:29,2026-06-23,src/core/orchestrator.py:get_combined_risk,cities_interior_top30,13,IRAUCUBA,IRAUCUBA,interior,cidade,26.25,baixo,78.5,moderada,67.9,moderada,1,2,36.0,6.0,100.0,50.0,10.0,100.0,40.0,100.0,0.55,75.5,14,14,False,stable,Tensão territorial,100.0,Atividade recente e vizinhança,50.0,CVLI recente na janela de 30 dias,40.0,Tensão territorial: 100.0% | Atividade recente e vizinhança: 50.0% | CVLI recente na janela de 30 dias: 40.0%,"IRAUCUBA aparece na posição 13 de 50, com risco 26.2 e nível baixo; é território de atenção tática.","O peso principal vem de tensão territorial, com suporte territorial de 100.0% e 2 registros recentes na janela de 30 dias.","Leitura consistente, mas ainda pede validação operacional pontual.",O território está próximo de pares vizinhos e pode oscilar no próximo ciclo.,"Verificar eventos recentes, pressão territorial e coerência com inteligência local antes da próxima atualização do ranking."
2026-06-26T14:26:29,2026-06-23,src/core/orchestrator.py:get_combined_risk,cities_interior_top30,14,ITAPIUNA,ITAPIUNA,interior,cidade,25.61,baixo,83.4,moderada,66.6,moderada,1,3,45.0,5.6,100.0,50.0,43.3,100.0,62.5,100.0,0.51,73.5,14,14,False,stable,Tensão territorial,100.0,CVLI recente na janela de 30 dias,60.0,Atividade recente e vizinhança,50.0,Tensão territorial: 100.0% | CVLI recente na janela de 30 dias: 60.0% | Atividade recente e vizinhança: 50.0%,"ITAPIUNA aparece na posição 14 de 50, com risco 25.6 e nível baixo; é território de atenção tática.","O peso principal vem de tensão territorial, com suporte territorial de 100.0% e 3 registros recentes na janela de 30 dias.","Leitura consistente, mas ainda pede validação operacional pontual.",O território está próximo de pares vizinhos e pode oscilar no próximo ciclo.,"Verificar eventos recentes, pressão territorial e coerência com inteligência local antes da próxima atualização do ranking."
2026-06-26T14:26:29,2026-06-23,src/core/orchestrator.py:get_combined_risk,cities_interior_top30,15,VICOSA DO CEARA,VICOSA DO CEARA,interior,cidade,25.07,baixo,73.3,moderada,65.2,moderada,1,1,43.0,4.6,100.0,50.0,40.0,100.0,57.5,100.0,0.48,71.4,14,14,False,stable,Tensão territorial,100.0,Atividade recente e vizinhança,50.0,CVLI recente na janela de 30 dias,20.0,Tensão territorial: 100.0% | Atividade recente e vizinhança: 50.0% | CVLI recente na janela de 30 dias: 20.0%,"VICOSA DO CEARA aparece na posição 15 de 50, com risco 25.1 e nível baixo; é território de atenção tática.","O peso principal vem de tensão territorial, com suporte territorial de 100.0% e 1 registros recentes na janela de 30 dias.","Leitura consistente, mas ainda pede validação operacional pontual.",O território está próximo de pares vizinhos e pode oscilar no próximo ciclo.,"Verificar eventos recentes, pressão territorial e coerência com inteligência local antes da próxima atualização do ranking."
2026-06-26T14:26:29,2026-06-23,src/core/orchestrator.py:get_combined_risk,cities_interior_top30,16,NOVA OLINDA,NOVA OLINDA,interior,cidade,24.68,baixo,73.2,moderada,63.9,moderada,1,1,27.0,3.6,100.0,50.0,23.3,100.0,17.5,100.0,0.46,69.4,14,14,False,stable,Tensão territorial,100.0,Atividade recente e vizinhança,50.0,CVLI recente na janela de 30 dias,20.0,Tensão territorial: 100.0% | Atividade recente e vizinhança: 50.0% | CVLI recente na janela de 30 dias: 20.0%,"NOVA OLINDA aparece na posição 16 de 50, com risco 24.7 e nível baixo; é território de atenção tática.","O peso principal vem de tensão territorial, com suporte territorial de 100.0% e 1 registros recentes na janela de 30 dias.","Leitura consistente, mas ainda pede validação operacional pontual.",O território está próximo de pares vizinhos e pode oscilar no próximo ciclo.,"Verificar eventos recentes, pressão territorial e coerência com inteligência local antes da próxima atualização do ranking."
2026-06-26T14:26:29,2026-06-23,src/core/orchestrator.py:get_combined_risk,cities_interior_top30,17,SANTA QUITERIA,SANTA QUITERIA,interior,cidade,24.51,baixo,73.2,moderada,62.6,moderada,1,1,24.0,3.4,100.0,50.0,23.3,100.0,10.0,100.0,0.45,67.3,14,14,False,stable,Tensão territorial,100.0,Atividade recente e vizinhança,50.0,CVLI recente na janela de 30 dias,20.0,Tensão territorial: 100.0% | Atividade recente e vizinhança: 50.0% | CVLI recente na janela de 30 dias: 20.0%,"SANTA QUITERIA aparece na posição 17 de 50, com risco 24.5 e nível baixo; é território de atenção tática.","O peso principal vem de tensão territorial, com suporte territorial de 100.0% e 1 registros recentes na janela de 30 dias.","Leitura consistente, mas ainda pede validação operacional pontual.",O território está próximo de pares vizinhos e pode oscilar no próximo ciclo.,"Verificar eventos recentes, pressão territorial e coerência com inteligência local antes da próxima atualização do ranking."
2026-06-26T14:26:29,2026-06-23,src/core/orchestrator.py:get_combined_risk,cities_interior_top30,18,CRATO,CRATO,interior,cidade,22.06,baixo,77.2,moderada,60.7,moderada,0,2,181.0,24.2,100.0,0.0,66.7,100.0,100.0,100.0,0.32,65.3,14,14,False,stable,Tensão territorial,100.0,CVLI recente na janela de 30 dias,40.0,Sinal Poisson do ranking operacional,24.2,Tensão territorial: 100.0% | CVLI recente na janela de 30 dias: 40.0% | Sinal Poisson do ranking operacional: 24.2%,"CRATO aparece na posição 18 de 50, com risco 22.1 e nível baixo; é território de atenção tática.","O peso principal vem de tensão territorial, com suporte territorial de 100.0% e 2 registros recentes na janela de 30 dias.","Leitura consistente, mas ainda pede validação operacional pontual.",O território está próximo de pares vizinhos e pode oscilar no próximo ciclo.,"Verificar eventos recentes, pressão territorial e coerência com inteligência local antes da próxima atualização do ranking."
2026-06-26T14:26:29,2026-06-23,src/core/orchestrator.py:get_combined_risk,cities_interior_top30,19,AMONTADA,AMONTADA,interior,cidade,20.19,baixo,87.0,alta,59.1,moderada,0,4,141.0,19.0,100.0,0.0,50.0,100.0,100.0,100.0,0.23,63.3,14,14,False,stable,Tensão territorial,100.0,CVLI recente na janela de 30 dias,80.0,Sinal Poisson do ranking operacional,19.0,Tensão territorial: 100.0% | CVLI recente na janela de 30 dias: 80.0% | Sinal Poisson do ranking operacional: 19.0%,"AMONTADA aparece na posição 19 de 50, com risco 20.2 e nível baixo; é território de atenção tática.","O peso principal vem de tensão territorial, com suporte territorial de 100.0% e 4 registros recentes na janela de 30 dias.",Leitura com boa sustentação dos sinais atuais.,O território está próximo de pares vizinhos e pode oscilar no próximo ciclo.,"Verificar eventos recentes, pressão territorial e coerência com inteligência local antes da próxima atualização do ranking."
2026-06-26T14:26:29,2026-06-23,src/core/orchestrator.py:get_combined_risk,cities_interior_top30,20,TAUA,TAUA,interior,cidade,15.51,baixo,65.8,baixa,56.6,moderada,1,1,52.0,5.5,0.0,50.0,43.3,100.0,80.0,100.0,-0.02,61.2,14,14,False,stable,Atividade recente e vizinhança,50.0,CVLI recente na janela de 30 dias,20.0,Sinal Poisson do ranking operacional,5.5,Atividade recente e vizinhança: 50.0% | CVLI recente na janela de 30 dias: 20.0% | Sinal Poisson do ranking operacional: 5.5%,"TAUA aparece na posição 20 de 50, com risco 15.5 e nível baixo; é território de atenção tática.","O peso principal vem de atividade recente e vizinhança, com suporte territorial de 100.0% e 1 registros recentes na janela de 30 dias.",Leitura sensível a ruído; requer conferência adicional antes de decisão forte.,O território está próximo de pares vizinhos e pode oscilar no próximo ciclo.,"Verificar eventos recentes, pressão territorial e coerência com inteligência local antes da próxima atualização do ranking."
2026-06-26T14:26:29,2026-06-23,src/core/orchestrator.py:get_combined_risk,cities_interior_top30,21,ICAPUI,ICAPUI,interior,cidade,10.96,baixo,76.0,moderada,54.3,moderada,0,2,32.0,2.2,100.0,0.0,90.0,100.0,30.0,100.0,-0.26,59.2,14,14,False,stable,Tensão territorial,100.0,CVLI recente na janela de 30 dias,40.0,Sinal Poisson do ranking operacional,2.2,Tensão territorial: 100.0% | CVLI recente na janela de 30 dias: 40.0% | Sinal Poisson do ranking operacional: 2.2%,"ICAPUI aparece na posição 21 de 50, com risco 11.0 e nível baixo; é território de atenção tática.","O peso principal vem de tensão territorial, com suporte territorial de 100.0% e 2 registros recentes na janela de 30 dias.","Leitura consistente, mas ainda pede validação operacional pontual.",O território está próximo de pares vizinhos e pode oscilar no próximo ciclo.,"Verificar eventos recentes, pressão territorial e coerência com inteligência local antes da próxima atualização do ranking."
2026-06-26T14:26:29,2026-06-23,src/core/orchestrator.py:get_combined_risk,cities_interior_top30,22,FORQUILHA,FORQUILHA,interior,cidade,10.12,baixo,53.5,muito baixa,52.8,moderada,0,1,90.0,9.4,50.0,0.0,46.7,50.0,100.0,50.0,-0.31,57.1,14,14,False,stable,Tensão territorial,50.0,CVLI recente na janela de 30 dias,20.0,Sinal Poisson do ranking operacional,9.4,Tensão territorial: 50.0% | CVLI recente na janela de 30 dias: 20.0% | Sinal Poisson do ranking operacional: 9.4%,"FORQUILHA aparece na posição 22 de 50, com risco 10.1 e nível baixo; é território de atenção tática.","O peso principal vem de tensão territorial, com suporte territorial de 50.0% e 1 registros recentes na janela de 30 dias.",Leitura sensível a ruído; requer conferência adicional antes de decisão forte.,O território está próximo de pares vizinhos e pode oscilar no próximo ciclo.,"Verificar eventos recentes, pressão territorial e coerência com inteligência local antes da próxima atualização do ranking."
2026-06-26T14:26:29,2026-06-23,src/core/orchestrator.py:get_combined_risk,cities_interior_top30,23,PEDRA BRANCA,PEDRA BRANCA,interior,cidade,7.92,baixo,53.3,muito baixa,51.0,moderada,0,1,57.0,5.8,50.0,0.0,63.3,50.0,92.5,50.0,-0.43,55.1,14,14,False,stable,Tensão territorial,50.0,CVLI recente na janela de 30 dias,20.0,Sinal Poisson do ranking operacional,5.8,Tensão territorial: 50.0% | CVLI recente na janela de 30 dias: 20.0% | Sinal Poisson do ranking operacional: 5.8%,"PEDRA BRANCA aparece na posição 23 de 50, com risco 7.9 e nível baixo; é território de atenção tática.","O peso principal vem de tensão territorial, com suporte territorial de 50.0% e 1 registros recentes na janela de 30 dias.",Leitura sensível a ruído; requer conferência adicional antes de decisão forte.,O território está próximo de pares vizinhos e pode oscilar no próximo ciclo.,"Verificar eventos recentes, pressão territorial e coerência com inteligência local antes da próxima atualização do ranking."
2026-06-26T14:26:29,2026-06-23,src/core/orchestrator.py:get_combined_risk,cities_interior_top30,24,SENADOR POMPEU,SENADOR POMPEU,interior,cidade,6.95,baixo,53.2,muito baixa,49.6,baixa,0,1,35.0,3.6,50.0,0.0,50.0,50.0,37.5,50.0,-0.48,53.1,14,14,False,stable,Tensão territorial,50.0,CVLI recente na janela de 30 dias,20.0,Sinal Poisson do ranking operacional,3.6,Tensão territorial: 50.0% | CVLI recente na janela de 30 dias: 20.0% | Sinal Poisson do ranking operacional: 3.6%,"SENADOR POMPEU aparece na posição 24 de 50, com risco 7.0 e nível baixo; é território de atenção tática.","O peso principal vem de tensão territorial, com suporte territorial de 50.0% e 1 registros recentes na janela de 30 dias.",Leitura sensível a ruído; requer conferência adicional antes de decisão forte.,O território está próximo de pares vizinhos e pode oscilar no próximo ciclo.,"Verificar eventos recentes, pressão territorial e coerência com inteligência local antes da próxima atualização do ranking."
2026-06-26T14:26:29,2026-06-23,src/core/orchestrator.py:get_combined_risk,cities_interior_top30,25,GRACA,GRACA,interior,cidade,6.69,baixo,53.1,muito baixa,48.2,baixa,0,1,26.0,3.2,50.0,0.0,50.0,50.0,15.0,50.0,-0.49,51.0,14,14,False,stable,Tensão territorial,50.0,CVLI recente na janela de 30 dias,20.0,Sinal Poisson do ranking operacional,3.2,Tensão territorial: 50.0% | CVLI recente na janela de 30 dias: 20.0% | Sinal Poisson do ranking operacional: 3.2%,"GRACA aparece na posição 25 de 50, com risco 6.7 e nível baixo; é território de atenção tática.","O peso principal vem de tensão territorial, com suporte territorial de 50.0% e 1 registros recentes na janela de 30 dias.",Leitura sensível a ruído; requer conferência adicional antes de decisão forte.,O território está próximo de pares vizinhos e pode oscilar no próximo ciclo.,"Verificar eventos recentes, pressão territorial e coerência com inteligência local antes da próxima atualização do ranking."
2026-06-26T14:26:29,2026-06-23,src/core/orchestrator.py:get_combined_risk,cities_interior_top30,26,NOVO ORIENTE,NOVO ORIENTE,interior,cidade,6.06,baixo,53.1,muito baixa,46.9,baixa,0,1,28.0,2.1,50.0,0.0,60.0,50.0,20.0,50.0,-0.52,49.0,14,14,False,stable,Tensão territorial,50.0,CVLI recente na janela de 30 dias,20.0,Sinal Poisson do ranking operacional,2.1,Tensão territorial: 50.0% | CVLI recente na janela de 30 dias: 20.0% | Sinal Poisson do ranking operacional: 2.1%,"NOVO ORIENTE aparece na posição 26 de 50, com risco 6.1 e nível baixo; é território de atenção tática.","O peso principal vem de tensão territorial, com suporte territorial de 50.0% e 1 registros recentes na janela de 30 dias.",Leitura sensível a ruído; requer conferência adicional antes de decisão forte.,O território está próximo de pares vizinhos e pode oscilar no próximo ciclo.,"Verificar eventos recentes, pressão territorial e coerência com inteligência local antes da próxima atualização do ranking."
2026-06-26T14:26:29,2026-06-23,src/core/orchestrator.py:get_combined_risk,cities_interior_top30,27,ITAPAJE,ITAPAJE,interior,cidade,5.65,baixo,37.5,muito baixa,45.5,baixa,0,0,97.0,8.6,20.0,0.0,100.0,20.0,100.0,0.0,-0.55,46.9,14,14,False,stable,Tensão territorial,20.0,Sinal Poisson do ranking operacional,8.6,Atividade recente e vizinhança,0.0,Tensão territorial: 20.0% | Sinal Poisson do ranking operacional: 8.6% | Atividade recente e vizinhança: 0.0%,"ITAPAJE aparece na posição 27 de 50, com risco 5.7 e nível baixo; é território de atenção tática.","O peso principal vem de tensão territorial, com suporte territorial de 20.0% e 0 registros recentes na janela de 30 dias.",Leitura sensível a ruído; requer conferência adicional antes de decisão forte.,O território está próximo de pares vizinhos e pode oscilar no próximo ciclo.,"Verificar eventos recentes, pressão territorial e coerência com inteligência local antes da próxima atualização do ranking."
2026-06-26T14:26:29,2026-06-23,src/core/orchestrator.py:get_combined_risk,cities_interior_top30,28,ARACATI,ARACATI,interior,cidade,4.97,baixo,37.5,muito baixa,44.1,baixa,0,0,96.0,7.0,20.0,0.0,100.0,20.0,100.0,0.0,-0.58,44.9,14,14,False,stable,Tensão territorial,20.0,Sinal Poisson do ranking operacional,7.0,Atividade recente e vizinhança,0.0,Tensão territorial: 20.0% | Sinal Poisson do ranking operacional: 7.0% | Atividade recente e vizinhança: 0.0%,"ARACATI aparece na posição 28 de 50, com risco 5.0 e nível baixo; é território de atenção tática.","O peso principal vem de tensão territorial, com suporte territorial de 20.0% e 0 registros recentes na janela de 30 dias.",Leitura sensível a ruído; requer conferência adicional antes de decisão forte.,O território está próximo de pares vizinhos e pode oscilar no próximo ciclo.,"Verificar eventos recentes, pressão territorial e coerência com inteligência local antes da próxima atualização do ranking."
2026-06-26T14:26:29,2026-06-23,src/core/orchestrator.py:get_combined_risk,cities_interior_top30,29,ITAREMA,ITAREMA,interior,cidade,4.44,baixo,37.5,muito baixa,42.8,baixa,0,0,126.0,5.8,20.0,0.0,100.0,20.0,100.0,0.0,-0.61,42.9,14,14,False,stable,Tensão territorial,20.0,Sinal Poisson do ranking operacional,5.8,Atividade recente e vizinhança,0.0,Tensão territorial: 20.0% | Sinal Poisson do ranking operacional: 5.8% | Atividade recente e vizinhança: 0.0%,"ITAREMA aparece na posição 29 de 50, com risco 4.4 e nível baixo; é território de atenção tática.","O peso principal vem de tensão territorial, com suporte territorial de 20.0% e 0 registros recentes na janela de 30 dias.",Leitura sensível a ruído; requer conferência adicional antes de decisão forte.,O território está próximo de pares vizinhos e pode oscilar no próximo ciclo.,"Verificar eventos recentes, pressão territorial e coerência com inteligência local antes da próxima atualização do ranking."
2026-06-26T14:26:29,2026-06-23,src/core/orchestrator.py:get_combined_risk,cities_interior_top30,30,CAMOCIM,CAMOCIM,interior,cidade,4.35,baixo,37.5,muito baixa,41.5,baixa,0,0,77.0,5.6,20.0,0.0,100.0,20.0,100.0,0.0,-0.61,40.8,14,14,False,stable,Tensão territorial,20.0,Sinal Poisson do ranking operacional,5.6,Atividade recente e vizinhança,0.0,Tensão territorial: 20.0% | Sinal Poisson do ranking operacional: 5.6% | Atividade recente e vizinhança: 0.0%,"CAMOCIM aparece na posição 30 de 50, com risco 4.3 e nível baixo; é território de atenção tática.","O peso principal vem de tensão territorial, com suporte territorial de 20.0% e 0 registros recentes na janela de 30 dias.",Leitura sensível a ruído; requer conferência adicional antes de decisão forte.,O território está próximo de pares vizinhos e pode oscilar no próximo ciclo.,"Verificar eventos recentes, pressão territorial e coerência com inteligência local antes da próxima atualização do ranking."
2026-06-26T14:26:29,2026-06-23,src/core/orchestrator.py:get_combined_risk,fortaleza_bairros_top30,1,MESSEJANA,MESSEJANA,fortaleza,bairro,68.68,alto,83.9,moderada,100.0,muito alta,1,2,117.0,75.4,100.0,50.0,16.7,100.0,100.0,100.0,4.23,100.0,90,90,False,stable,Tensão territorial,100.0,Sinal Poisson do ranking operacional,75.4,Atividade recente e vizinhança,50.0,Tensão territorial: 100.0% | Sinal Poisson do ranking operacional: 75.4% | Atividade recente e vizinhança: 50.0%,"MESSEJANA aparece na posição 1 de 101, com risco 68.7 e nível alto; é prioridade imediata de acompanhamento.","O peso principal vem de tensão territorial, com suporte territorial de 100.0% e 2 registros recentes na janela de 30 dias.","Leitura consistente, mas ainda pede validação operacional pontual.",O território está bem destacado no ranking frente aos pares.,"Verificar eventos recentes, pressão territorial e coerência com inteligência local antes da próxima atualização do ranking."
2026-06-26T14:26:29,2026-06-23,src/core/orchestrator.py:get_combined_risk,fortaleza_bairros_top30,2,PLANALTO AYRTON SENNA,PLANALTO AYRTON SENNA,fortaleza,bairro,63.59,alto,82.8,moderada,98.0,muito alta,2,2,95.0,49.2,100.0,100.0,30.0,100.0,100.0,100.0,3.88,99.0,90,90,False,stable,Tensão territorial,100.0,Atividade recente e vizinhança,100.0,Sinal Poisson do ranking operacional,49.2,Tensão territorial: 100.0% | Atividade recente e vizinhança: 100.0% | Sinal Poisson do ranking operacional: 49.2%,"PLANALTO AYRTON SENNA aparece na posição 2 de 101, com risco 63.6 e nível alto; é prioridade imediata de acompanhamento.","O peso principal vem de tensão territorial, com suporte territorial de 100.0% e 2 registros recentes na janela de 30 dias.","Leitura consistente, mas ainda pede validação operacional pontual.",O território está bem destacado no ranking frente aos pares.,"Verificar eventos recentes, pressão territorial e coerência com inteligência local antes da próxima atualização do ranking."
2026-06-26T14:26:29,2026-06-23,src/core/orchestrator.py:get_combined_risk,fortaleza_bairros_top30,3,GRANJA LISBOA,GRANJA LISBOA,fortaleza,bairro,63.08,alto,78.7,moderada,97.2,muito alta,1,1,111.0,65.5,100.0,50.0,13.3,100.0,100.0,100.0,3.84,98.0,90,90,False,stable,Tensão territorial,100.0,Sinal Poisson do ranking operacional,65.5,Atividade recente e vizinhança,50.0,Tensão territorial: 100.0% | Sinal Poisson do ranking operacional: 65.5% | Atividade recente e vizinhança: 50.0%,"GRANJA LISBOA aparece na posição 3 de 101, com risco 63.1 e nível alto; é prioridade imediata de acompanhamento.","O peso principal vem de tensão territorial, com suporte territorial de 100.0% e 1 registros recentes na janela de 30 dias.","Leitura consistente, mas ainda pede validação operacional pontual.",O território está bem destacado no ranking frente aos pares.,"Verificar eventos recentes, pressão territorial e coerência com inteligência local antes da próxima atualização do ranking."
2026-06-26T14:26:29,2026-06-23,src/core/orchestrator.py:get_combined_risk,fortaleza_bairros_top30,4,BARRA DO CEARA,BARRA DO CEARA,fortaleza,bairro,57.11,alto,60.3,baixa,94.7,muito alta,0,1,135.0,100.0,50.0,0.0,56.7,50.0,100.0,50.0,3.43,97.0,90,90,False,stable,Sinal Poisson do ranking operacional,100.0,Tensão territorial,50.0,CVLI recente na janela de 30 dias,20.0,Sinal Poisson do ranking operacional: 100.0% | Tensão territorial: 50.0% | CVLI recente na janela de 30 dias: 20.0%,"BARRA DO CEARA aparece na posição 4 de 101, com risco 57.1 e nível alto; é prioridade imediata de acompanhamento.","O peso principal vem de sinal poisson do ranking operacional, com suporte territorial de 50.0% e 1 registros recentes na janela de 30 dias.",Leitura sensível a ruído; requer conferência adicional antes de decisão forte.,O território está bem destacado no ranking frente aos pares.,"Verificar eventos recentes, pressão territorial e coerência com inteligência local antes da próxima atualização do ranking."
2026-06-26T14:26:29,2026-06-23,src/core/orchestrator.py:get_combined_risk,fortaleza_bairros_top30,5,JOSE WALTER,JOSE WALTER,fortaleza,bairro,52.12,alto,78.2,moderada,92.4,muito alta,1,1,103.0,53.7,100.0,50.0,43.3,100.0,100.0,100.0,3.09,96.0,90,90,False,stable,Tensão territorial,100.0,Sinal Poisson do ranking operacional,53.7,Atividade recente e vizinhança,50.0,Tensão territorial: 100.0% | Sinal Poisson do ranking operacional: 53.7% | Atividade recente e vizinhança: 50.0%,"JOSE WALTER aparece na posição 5 de 101, com risco 52.1 e nível alto; é prioridade imediata de acompanhamento.","O peso principal vem de tensão territorial, com suporte territorial de 100.0% e 1 registros recentes na janela de 30 dias.","Leitura consistente, mas ainda pede validação operacional pontual.",O território está bem destacado no ranking frente aos pares.,"Verificar eventos recentes, pressão territorial e coerência com inteligência local antes da próxima atualização do ranking."
2026-06-26T14:26:29,2026-06-23,src/core/orchestrator.py:get_combined_risk,fortaleza_bairros_top30,6,LAGOA REDONDA,LAGOA REDONDA,fortaleza,bairro,34.41,moderado,75.1,moderada,86.0,muito alta,1,1,56.0,20.2,100.0,50.0,26.7,100.0,90.0,100.0,1.87,95.0,90,90,False,stable,Tensão territorial,100.0,Atividade recente e vizinhança,50.0,Sinal Poisson do ranking operacional,20.2,Tensão territorial: 100.0% | Atividade recente e vizinhança: 50.0% | Sinal Poisson do ranking operacional: 20.2%,"LAGOA REDONDA aparece na posição 6 de 101, com risco 34.4 e nível moderado; é prioridade alta de acompanhamento.","O peso principal vem de tensão territorial, com suporte territorial de 100.0% e 1 registros recentes na janela de 30 dias.","Leitura consistente, mas ainda pede validação operacional pontual.",O território está bem destacado no ranking frente aos pares.,"Verificar eventos recentes, pressão territorial e coerência com inteligência local antes da próxima atualização do ranking."
2026-06-26T14:26:29,2026-06-23,src/core/orchestrator.py:get_combined_risk,fortaleza_bairros_top30,7,VICENTE PINZON,VICENTE PINZON,fortaleza,bairro,34.14,moderado,75.1,moderada,85.3,muito alta,1,1,58.0,20.0,100.0,50.0,30.0,100.0,95.0,100.0,1.85,94.0,90,90,False,stable,Tensão territorial,100.0,Atividade recente e vizinhança,50.0,Sinal Poisson do ranking operacional,20.0,Tensão territorial: 100.0% | Atividade recente e vizinhança: 50.0% | Sinal Poisson do ranking operacional: 20.0%,"VICENTE PINZON aparece na posição 7 de 101, com risco 34.1 e nível moderado; é prioridade alta de acompanhamento.","O peso principal vem de tensão territorial, com suporte territorial de 100.0% e 1 registros recentes na janela de 30 dias.","Leitura consistente, mas ainda pede validação operacional pontual.",O território está bem destacado no ranking frente aos pares.,"Verificar eventos recentes, pressão territorial e coerência com inteligência local antes da próxima atualização do ranking."
2026-06-26T14:26:29,2026-06-23,src/core/orchestrator.py:get_combined_risk,fortaleza_bairros_top30,8,CENTRO,CENTRO,fortaleza,bairro,30.2,baixo,74.3,moderada,83.4,alta,1,1,40.0,13.1,100.0,50.0,26.7,100.0,50.0,100.0,1.58,93.0,90,90,False,stable,Tensão territorial,100.0,Atividade recente e vizinhança,50.0,CVLI recente na janela de 30 dias,20.0,Tensão territorial: 100.0% | Atividade recente e vizinhança: 50.0% | CVLI recente na janela de 30 dias: 20.0%,"CENTRO aparece na posição 8 de 101, com risco 30.2 e nível baixo; é prioridade alta de acompanhamento.","O peso principal vem de tensão territorial, com suporte territorial de 100.0% e 1 registros recentes na janela de 30 dias.","Leitura consistente, mas ainda pede validação operacional pontual.","O território se diferencia do bloco intermediário, mas sem isolamento absoluto.","Verificar eventos recentes, pressão territorial e coerência com inteligência local antes da próxima atualização do ranking."
2026-06-26T14:26:29,2026-06-23,src/core/orchestrator.py:get_combined_risk,fortaleza_bairros_top30,9,CANINDEZINHO,CANINDEZINHO,fortaleza,bairro,30.14,baixo,74.4,moderada,82.7,alta,1,1,45.0,13.7,100.0,50.0,40.0,100.0,62.5,100.0,1.57,92.0,90,90,False,stable,Tensão territorial,100.0,Atividade recente e vizinhança,50.0,CVLI recente na janela de 30 dias,20.0,Tensão territorial: 100.0% | Atividade recente e vizinhança: 50.0% | CVLI recente na janela de 30 dias: 20.0%,"CANINDEZINHO aparece na posição 9 de 101, com risco 30.1 e nível baixo; é prioridade alta de acompanhamento.","O peso principal vem de tensão territorial, com suporte territorial de 100.0% e 1 registros recentes na janela de 30 dias.","Leitura consistente, mas ainda pede validação operacional pontual.","O território se diferencia do bloco intermediário, mas sem isolamento absoluto.","Verificar eventos recentes, pressão territorial e coerência com inteligência local antes da próxima atualização do ranking."
2026-06-26T14:26:29,2026-06-23,src/core/orchestrator.py:get_combined_risk,fortaleza_bairros_top30,10,FARIAS BRITO,FARIAS BRITO,fortaleza,bairro,28.42,baixo,73.9,moderada,81.6,alta,1,1,26.0,9.4,100.0,50.0,10.0,100.0,15.0,100.0,1.45,91.0,90,90,False,stable,Tensão territorial,100.0,Atividade recente e vizinhança,50.0,CVLI recente na janela de 30 dias,20.0,Tensão territorial: 100.0% | Atividade recente e vizinhança: 50.0% | CVLI recente na janela de 30 dias: 20.0%,"FARIAS BRITO aparece na posição 10 de 101, com risco 28.4 e nível baixo; é prioridade alta de acompanhamento.","O peso principal vem de tensão territorial, com suporte territorial de 100.0% e 1 registros recentes na janela de 30 dias.","Leitura consistente, mas ainda pede validação operacional pontual.","O território se diferencia do bloco intermediário, mas sem isolamento absoluto.","Verificar eventos recentes, pressão territorial e coerência com inteligência local antes da próxima atualização do ranking."
2026-06-26T14:26:29,2026-06-23,src/core/orchestrator.py:get_combined_risk,fortaleza_bairros_top30,11,CONJUNTO CEARA,CONJUNTO CEARA,fortaleza,bairro,27.95,baixo,73.8,moderada,80.8,alta,1,1,25.0,8.4,100.0,50.0,0.0,100.0,12.5,100.0,1.42,90.0,90,90,False,stable,Tensão territorial,100.0,Atividade recente e vizinhança,50.0,CVLI recente na janela de 30 dias,20.0,Tensão territorial: 100.0% | Atividade recente e vizinhança: 50.0% | CVLI recente na janela de 30 dias: 20.0%,"CONJUNTO CEARA aparece na posição 11 de 101, com risco 27.9 e nível baixo; é território de atenção tática.","O peso principal vem de tensão territorial, com suporte territorial de 100.0% e 1 registros recentes na janela de 30 dias.","Leitura consistente, mas ainda pede validação operacional pontual.","O território se diferencia do bloco intermediário, mas sem isolamento absoluto.","Verificar eventos recentes, pressão territorial e coerência com inteligência local antes da próxima atualização do ranking."
2026-06-26T14:26:29,2026-06-23,src/core/orchestrator.py:get_combined_risk,fortaleza_bairros_top30,12,JOAO,JOAO,fortaleza,bairro,25.75,baixo,73.4,moderada,79.5,alta,1,1,11.0,5.1,100.0,50.0,3.3,100.0,0.0,100.0,1.27,89.0,90,90,False,stable,Tensão territorial,100.0,Atividade recente e vizinhança,50.0,CVLI recente na janela de 30 dias,20.0,Tensão territorial: 100.0% | Atividade recente e vizinhança: 50.0% | CVLI recente na janela de 30 dias: 20.0%,"JOAO aparece na posição 12 de 101, com risco 25.8 e nível baixo; é território de atenção tática.","O peso principal vem de tensão territorial, com suporte territorial de 100.0% e 1 registros recentes na janela de 30 dias.","Leitura consistente, mas ainda pede validação operacional pontual.","O território se diferencia do bloco intermediário, mas sem isolamento absoluto.","Verificar eventos recentes, pressão territorial e coerência com inteligência local antes da próxima atualização do ranking."
2026-06-26T14:26:29,2026-06-23,src/core/orchestrator.py:get_combined_risk,fortaleza_bairros_top30,13,MONDUBIM,MONDUBIM,fortaleza,bairro,14.98,baixo,38.9,muito baixa,75.3,alta,0,0,92.0,30.7,20.0,0.0,100.0,20.0,100.0,0.0,0.53,88.0,90,90,False,stable,Sinal Poisson do ranking operacional,30.7,Tensão territorial,20.0,Atividade recente e vizinhança,0.0,Sinal Poisson do ranking operacional: 30.7% | Tensão territorial: 20.0% | Atividade recente e vizinhança: 0.0%,"MONDUBIM aparece na posição 13 de 101, com risco 15.0 e nível baixo; é território de atenção tática.","O peso principal vem de sinal poisson do ranking operacional, com suporte territorial de 20.0% e 0 registros recentes na janela de 30 dias.",Leitura sensível a ruído; requer conferência adicional antes de decisão forte.,"O território se diferencia do bloco intermediário, mas sem isolamento absoluto.","Verificar eventos recentes, pressão territorial e coerência com inteligência local antes da próxima atualização do ranking."
2026-06-26T14:26:29,2026-06-23,src/core/orchestrator.py:get_combined_risk,fortaleza_bairros_top30,14,ALVARO WEYNE,ALVARO WEYNE,fortaleza,bairro,14.54,baixo,81.4,moderada,74.6,alta,0,3,28.0,8.7,100.0,0.0,56.7,100.0,20.0,100.0,0.5,87.0,90,90,False,stable,Tensão territorial,100.0,CVLI recente na janela de 30 dias,60.0,Sinal Poisson do ranking operacional,8.7,Tensão territorial: 100.0% | CVLI recente na janela de 30 dias: 60.0% | Sinal Poisson do ranking operacional: 8.7%,"ALVARO WEYNE aparece na posição 14 de 101, com risco 14.5 e nível baixo; é território de atenção tática.","O peso principal vem de tensão territorial, com suporte territorial de 100.0% e 3 registros recentes na janela de 30 dias.","Leitura consistente, mas ainda pede validação operacional pontual.","O território se diferencia do bloco intermediário, mas sem isolamento absoluto.","Verificar eventos recentes, pressão territorial e coerência com inteligência local antes da próxima atualização do ranking."
2026-06-26T14:26:29,2026-06-23,src/core/orchestrator.py:get_combined_risk,fortaleza_bairros_top30,15,SIQUEIRA,SIQUEIRA,fortaleza,bairro,12.56,baixo,38.0,muito baixa,73.3,alta,0,0,78.0,25.0,20.0,0.0,100.0,20.0,100.0,0.0,0.36,86.0,90,90,False,stable,Sinal Poisson do ranking operacional,25.0,Tensão territorial,20.0,Atividade recente e vizinhança,0.0,Sinal Poisson do ranking operacional: 25.0% | Tensão territorial: 20.0% | Atividade recente e vizinhança: 0.0%,"SIQUEIRA aparece na posição 15 de 101, com risco 12.6 e nível baixo; é território de atenção tática.","O peso principal vem de sinal poisson do ranking operacional, com suporte territorial de 20.0% e 0 registros recentes na janela de 30 dias.",Leitura sensível a ruído; requer conferência adicional antes de decisão forte.,"O território se diferencia do bloco intermediário, mas sem isolamento absoluto.","Verificar eventos recentes, pressão territorial e coerência com inteligência local antes da próxima atualização do ranking."
2026-06-26T14:26:29,2026-06-23,src/core/orchestrator.py:get_combined_risk,fortaleza_bairros_top30,16,BARROSO,BARROSO,fortaleza,bairro,10.46,baixo,37.2,muito baixa,72.0,alta,0,0,72.0,20.0,20.0,0.0,100.0,20.0,100.0,0.0,0.21,85.0,90,90,False,stable,Sinal Poisson do ranking operacional,20.0,Tensão territorial,20.0,Atividade recente e vizinhança,0.0,Sinal Poisson do ranking operacional: 20.0% | Tensão territorial: 20.0% | Atividade recente e vizinhança: 0.0%,"BARROSO aparece na posição 16 de 101, com risco 10.5 e nível baixo; é território de atenção tática.","O peso principal vem de sinal poisson do ranking operacional, com suporte territorial de 20.0% e 0 registros recentes na janela de 30 dias.",Leitura sensível a ruído; requer conferência adicional antes de decisão forte.,"O território se diferencia do bloco intermediário, mas sem isolamento absoluto.","Verificar eventos recentes, pressão territorial e coerência com inteligência local antes da próxima atualização do ranking."
2026-06-26T14:26:29,2026-06-23,src/core/orchestrator.py:get_combined_risk,fortaleza_bairros_top30,17,QUINTINO CUNHA,QUINTINO CUNHA,fortaleza,bairro,9.18,baixo,37.4,muito baixa,71.0,alta,0,0,67.0,17.0,20.0,0.0,100.0,20.0,100.0,0.0,0.13,84.0,90,90,False,stable,Tensão territorial,20.0,Sinal Poisson do ranking operacional,17.0,Atividade recente e vizinhança,0.0,Tensão territorial: 20.0% | Sinal Poisson do ranking operacional: 17.0% | Atividade recente e vizinhança: 0.0%,"QUINTINO CUNHA aparece na posição 17 de 101, com risco 9.2 e nível baixo; é território de atenção tática.","O peso principal vem de tensão territorial, com suporte territorial de 20.0% e 0 registros recentes na janela de 30 dias.",Leitura sensível a ruído; requer conferência adicional antes de decisão forte.,"O território se diferencia do bloco intermediário, mas sem isolamento absoluto.","Verificar eventos recentes, pressão territorial e coerência com inteligência local antes da próxima atualização do ranking."
2026-06-26T14:26:29,2026-06-23,src/core/orchestrator.py:get_combined_risk,fortaleza_bairros_top30,18,PASSARE,PASSARE,fortaleza,bairro,9.05,baixo,37.4,muito baixa,70.4,alta,0,0,65.0,16.7,20.0,0.0,100.0,20.0,100.0,0.0,0.12,83.0,90,90,False,stable,Tensão territorial,20.0,Sinal Poisson do ranking operacional,16.7,Atividade recente e vizinhança,0.0,Tensão territorial: 20.0% | Sinal Poisson do ranking operacional: 16.7% | Atividade recente e vizinhança: 0.0%,"PASSARE aparece na posição 18 de 101, com risco 9.1 e nível baixo; é território de atenção tática.","O peso principal vem de tensão territorial, com suporte territorial de 20.0% e 0 registros recentes na janela de 30 dias.",Leitura sensível a ruído; requer conferência adicional antes de decisão forte.,"O território se diferencia do bloco intermediário, mas sem isolamento absoluto.","Verificar eventos recentes, pressão territorial e coerência com inteligência local antes da próxima atualização do ranking."
2026-06-26T14:26:29,2026-06-23,src/core/orchestrator.py:get_combined_risk,fortaleza_bairros_top30,19,VARJOTA,VARJOTA,fortaleza,bairro,8.27,baixo,37.5,muito baixa,69.5,moderada,0,0,62.0,14.8,20.0,0.0,100.0,20.0,100.0,0.0,0.06,82.0,90,90,False,stable,Tensão territorial,20.0,Sinal Poisson do ranking operacional,14.8,Atividade recente e vizinhança,0.0,Tensão territorial: 20.0% | Sinal Poisson do ranking operacional: 14.8% | Atividade recente e vizinhança: 0.0%,"VARJOTA aparece na posição 19 de 101, com risco 8.3 e nível baixo; é território de atenção tática.","O peso principal vem de tensão territorial, com suporte territorial de 20.0% e 0 registros recentes na janela de 30 dias.",Leitura sensível a ruído; requer conferência adicional antes de decisão forte.,O território está próximo de pares vizinhos e pode oscilar no próximo ciclo.,"Verificar eventos recentes, pressão territorial e coerência com inteligência local antes da próxima atualização do ranking."
2026-06-26T14:26:29,2026-06-23,src/core/orchestrator.py:get_combined_risk,fortaleza_bairros_top30,20,PARQUE DOIS IRMAOS,PARQUE DOIS IRMAOS,fortaleza,bairro,8.22,baixo,53.4,muito baixa,68.9,moderada,0,1,33.0,7.1,50.0,0.0,86.7,50.0,32.5,50.0,0.06,81.0,90,90,False,stable,Tensão territorial,50.0,CVLI recente na janela de 30 dias,20.0,Sinal Poisson do ranking operacional,7.1,Tensão territorial: 50.0% | CVLI recente na janela de 30 dias: 20.0% | Sinal Poisson do ranking operacional: 7.1%,"PARQUE DOIS IRMAOS aparece na posição 20 de 101, com risco 8.2 e nível baixo; é território de atenção tática.","O peso principal vem de tensão territorial, com suporte territorial de 50.0% e 1 registros recentes na janela de 30 dias.",Leitura sensível a ruído; requer conferência adicional antes de decisão forte.,O território está próximo de pares vizinhos e pode oscilar no próximo ciclo.,"Verificar eventos recentes, pressão territorial e coerência com inteligência local antes da próxima atualização do ranking."
2026-06-26T14:26:29,2026-06-23,src/core/orchestrator.py:get_combined_risk,fortaleza_bairros_top30,21,GRANJA PORTUGAL,GRANJA PORTUGAL,fortaleza,bairro,7.64,baixo,36.9,muito baixa,68.1,moderada,0,0,57.0,13.7,18.5,0.0,100.0,18.5,92.5,0.0,0.02,80.0,90,90,False,stable,Tensão territorial,18.5,Sinal Poisson do ranking operacional,13.7,Atividade recente e vizinhança,0.0,Tensão territorial: 18.5% | Sinal Poisson do ranking operacional: 13.7% | Atividade recente e vizinhança: 0.0%,"GRANJA PORTUGAL aparece na posição 21 de 101, com risco 7.6 e nível baixo; é território de atenção tática.","O peso principal vem de tensão territorial, com suporte territorial de 18.5% e 0 registros recentes na janela de 30 dias.",Leitura sensível a ruído; requer conferência adicional antes de decisão forte.,O território está próximo de pares vizinhos e pode oscilar no próximo ciclo.,"Verificar eventos recentes, pressão territorial e coerência com inteligência local antes da próxima atualização do ranking."
2026-06-26T14:26:29,2026-06-23,src/core/orchestrator.py:get_combined_risk,fortaleza_bairros_top30,22,PICI,PICI,fortaleza,bairro,6.92,baixo,36.3,muito baixa,67.3,moderada,0,0,54.0,12.4,17.0,0.0,100.0,17.0,85.0,0.0,-0.03,79.0,90,90,False,stable,Tensão territorial,17.0,Sinal Poisson do ranking operacional,12.4,Atividade recente e vizinhança,0.0,Tensão territorial: 17.0% | Sinal Poisson do ranking operacional: 12.4% | Atividade recente e vizinhança: 0.0%,"PICI aparece na posição 22 de 101, com risco 6.9 e nível baixo; é território de atenção tática.","O peso principal vem de tensão territorial, com suporte territorial de 17.0% e 0 registros recentes na janela de 30 dias.",Leitura sensível a ruído; requer conferência adicional antes de decisão forte.,O território está próximo de pares vizinhos e pode oscilar no próximo ciclo.,"Verificar eventos recentes, pressão territorial e coerência com inteligência local antes da próxima atualização do ranking."
2026-06-26T14:26:29,2026-06-23,src/core/orchestrator.py:get_combined_risk,fortaleza_bairros_top30,23,PRAIA DE IRACEMA,PRAIA DE IRACEMA,fortaleza,bairro,6.43,baixo,53.1,muito baixa,66.5,moderada,0,1,8.0,2.7,50.0,0.0,56.7,50.0,0.0,50.0,-0.06,78.0,90,90,False,stable,Tensão territorial,50.0,CVLI recente na janela de 30 dias,20.0,Sinal Poisson do ranking operacional,2.7,Tensão territorial: 50.0% | CVLI recente na janela de 30 dias: 20.0% | Sinal Poisson do ranking operacional: 2.7%,"PRAIA DE IRACEMA aparece na posição 23 de 101, com risco 6.4 e nível baixo; é território de atenção tática.","O peso principal vem de tensão territorial, com suporte territorial de 50.0% e 1 registros recentes na janela de 30 dias.",Leitura sensível a ruído; requer conferência adicional antes de decisão forte.,O território está próximo de pares vizinhos e pode oscilar no próximo ciclo.,"Verificar eventos recentes, pressão territorial e coerência com inteligência local antes da próxima atualização do ranking."
2026-06-26T14:26:29,2026-06-23,src/core/orchestrator.py:get_combined_risk,fortaleza_bairros_top30,24,BONSUCESSO,BONSUCESSO,fortaleza,bairro,6.27,baixo,35.2,muito baixa,65.8,moderada,0,0,48.0,11.5,14.0,0.0,100.0,14.0,70.0,0.0,-0.07,77.0,90,90,False,stable,Tensão territorial,14.0,Sinal Poisson do ranking operacional,11.5,Atividade recente e vizinhança,0.0,Tensão territorial: 14.0% | Sinal Poisson do ranking operacional: 11.5% | Atividade recente e vizinhança: 0.0%,"BONSUCESSO aparece na posição 24 de 101, com risco 6.3 e nível baixo; é território de atenção tática.","O peso principal vem de tensão territorial, com suporte territorial de 14.0% e 0 registros recentes na janela de 30 dias.",Leitura sensível a ruído; requer conferência adicional antes de decisão forte.,O território está próximo de pares vizinhos e pode oscilar no próximo ciclo.,"Verificar eventos recentes, pressão territorial e coerência com inteligência local antes da próxima atualização do ranking."
2026-06-26T14:26:29,2026-06-23,src/core/orchestrator.py:get_combined_risk,fortaleza_bairros_top30,25,BOM JARDIM,BOM JARDIM,fortaleza,bairro,6.08,baixo,35.6,muito baixa,65.2,moderada,0,0,50.0,10.8,15.0,0.0,100.0,15.0,75.0,0.0,-0.09,76.0,90,90,False,stable,Tensão territorial,15.0,Sinal Poisson do ranking operacional,10.8,Atividade recente e vizinhança,0.0,Tensão territorial: 15.0% | Sinal Poisson do ranking operacional: 10.8% | Atividade recente e vizinhança: 0.0%,"BOM JARDIM aparece na posição 25 de 101, com risco 6.1 e nível baixo; é território de atenção tática.","O peso principal vem de tensão territorial, com suporte territorial de 15.0% e 0 registros recentes na janela de 30 dias.",Leitura sensível a ruído; requer conferência adicional antes de decisão forte.,O território está próximo de pares vizinhos e pode oscilar no próximo ciclo.,"Verificar eventos recentes, pressão territorial e coerência com inteligência local antes da próxima atualização do ranking."
2026-06-26T14:26:29,2026-06-23,src/core/orchestrator.py:get_combined_risk,fortaleza_bairros_top30,26,JARDIM DAS OLIVEIRAS,JARDIM DAS OLIVEIRAS,fortaleza,bairro,5.96,baixo,35.6,muito baixa,64.5,moderada,0,0,50.0,10.6,15.0,0.0,100.0,15.0,75.0,0.0,-0.1,75.0,90,90,False,stable,Tensão territorial,15.0,Sinal Poisson do ranking operacional,10.6,Atividade recente e vizinhança,0.0,Tensão territorial: 15.0% | Sinal Poisson do ranking operacional: 10.6% | Atividade recente e vizinhança: 0.0%,"JARDIM DAS OLIVEIRAS aparece na posição 26 de 101, com risco 6.0 e nível baixo; é território de atenção tática.","O peso principal vem de tensão territorial, com suporte territorial de 15.0% e 0 registros recentes na janela de 30 dias.",Leitura sensível a ruído; requer conferência adicional antes de decisão forte.,O território está próximo de pares vizinhos e pode oscilar no próximo ciclo.,"Verificar eventos recentes, pressão territorial e coerência com inteligência local antes da próxima atualização do ranking."
2026-06-26T14:26:29,2026-06-23,src/core/orchestrator.py:get_combined_risk,fortaleza_bairros_top30,27,CARLITO PAMPLONA,CARLITO PAMPLONA,fortaleza,bairro,5.61,baixo,35.2,muito baixa,63.8,moderada,0,0,48.0,10.0,14.0,0.0,100.0,14.0,70.0,0.0,-0.12,74.0,90,90,False,stable,Tensão territorial,14.0,Sinal Poisson do ranking operacional,10.0,Atividade recente e vizinhança,0.0,Tensão territorial: 14.0% | Sinal Poisson do ranking operacional: 10.0% | Atividade recente e vizinhança: 0.0%,"CARLITO PAMPLONA aparece na posição 27 de 101, com risco 5.6 e nível baixo; é território de atenção tática.","O peso principal vem de tensão territorial, com suporte territorial de 14.0% e 0 registros recentes na janela de 30 dias.",Leitura sensível a ruído; requer conferência adicional antes de decisão forte.,O território está próximo de pares vizinhos e pode oscilar no próximo ciclo.,"Verificar eventos recentes, pressão territorial e coerência com inteligência local antes da próxima atualização do ranking."
2026-06-26T14:26:29,2026-06-23,src/core/orchestrator.py:get_combined_risk,fortaleza_bairros_top30,28,JOSE DE ALENCAR,JOSE DE ALENCAR,fortaleza,bairro,5.47,baixo,34.4,muito baixa,63.2,moderada,0,0,44.0,10.1,12.0,0.0,100.0,12.0,60.0,0.0,-0.13,73.0,90,90,False,stable,Tensão territorial,12.0,Sinal Poisson do ranking operacional,10.1,Atividade recente e vizinhança,0.0,Tensão territorial: 12.0% | Sinal Poisson do ranking operacional: 10.1% | Atividade recente e vizinhança: 0.0%,"JOSE DE ALENCAR aparece na posição 28 de 101, com risco 5.5 e nível baixo; é território de atenção tática.","O peso principal vem de tensão territorial, com suporte territorial de 12.0% e 0 registros recentes na janela de 30 dias.",Leitura sensível a ruído; requer conferência adicional antes de decisão forte.,O território está próximo de pares vizinhos e pode oscilar no próximo ciclo.,"Verificar eventos recentes, pressão territorial e coerência com inteligência local antes da próxima atualização do ranking."
2026-06-26T14:26:29,2026-06-23,src/core/orchestrator.py:get_combined_risk,fortaleza_bairros_top30,29,CONJUNTO PALMEIRAS,CONJUNTO PALMEIRAS,fortaleza,bairro,5.39,baixo,35.0,muito baixa,62.6,moderada,0,0,47.0,9.6,13.5,0.0,100.0,13.5,67.5,0.0,-0.14,72.0,90,90,False,stable,Tensão territorial,13.5,Sinal Poisson do ranking operacional,9.6,Atividade recente e vizinhança,0.0,Tensão territorial: 13.5% | Sinal Poisson do ranking operacional: 9.6% | Atividade recente e vizinhança: 0.0%,"CONJUNTO PALMEIRAS aparece na posição 29 de 101, com risco 5.4 e nível baixo; é território de atenção tática.","O peso principal vem de tensão territorial, com suporte territorial de 13.5% e 0 registros recentes na janela de 30 dias.",Leitura sensível a ruído; requer conferência adicional antes de decisão forte.,O território está próximo de pares vizinhos e pode oscilar no próximo ciclo.,"Verificar eventos recentes, pressão territorial e coerência com inteligência local antes da próxima atualização do ranking."
2026-06-26T14:26:29,2026-06-23,src/core/orchestrator.py:get_combined_risk,fortaleza_bairros_top30,30,EDSON QUEIROZ,EDSON QUEIROZ,fortaleza,bairro,4.71,baixo,34.3,muito baixa,61.7,moderada,0,0,43.0,8.4,11.5,0.0,100.0,11.5,57.5,0.0,-0.18,71.0,90,90,False,stable,Tensão territorial,11.5,Sinal Poisson do ranking operacional,8.4,Atividade recente e vizinhança,0.0,Tensão territorial: 11.5% | Sinal Poisson do ranking operacional: 8.4% | Atividade recente e vizinhança: 0.0%,"EDSON QUEIROZ aparece na posição 30 de 101, com risco 4.7 e nível baixo; é território de atenção tática.","O peso principal vem de tensão territorial, com suporte territorial de 11.5% e 0 registros recentes na janela de 30 dias.",Leitura sensível a ruído; requer conferência adicional antes de decisão forte.,O território está próximo de pares vizinhos e pode oscilar no próximo ciclo.,"Verificar eventos recentes, pressão territorial e coerência com inteligência local antes da próxima atualização do ranking."
