snapshot_generated_at,data_limit,source,scope,rank,name,name_normalized,region,territorial_level,risk_score,risk_level,confidence_pct,confidence_label,expressiveness_pct,expressiveness_label,recent_cvli_14d,recent_cvli_30d,historical_cvli,neural_score,tension_score,inclusion_score,calm_penalty,territorial_support_pct,historical_support_pct,live_support_pct,score_z,peer_percentile,dynamic_window_days,base_window_days,historical_fallback,trend,top_driver_1,top_driver_1_strength_pct,top_driver_2,top_driver_2_strength_pct,top_driver_3,top_driver_3_strength_pct,explainability_summary,leitura_rapida_gestor,por_que_importa_gestor,confianca_limites_gestor,expressividade_previsao_gestor,proxima_acao_gestor
2026-06-23T14:59:06,2026-06-18,src/core/orchestrator.py:get_combined_risk,cities_general_top30,1,CAUCAIA,CAUCAIA,rmf,cidade,97.72,crítico,99.0,alta,98.3,muito alta,2,5,946.0,100.0,100.0,100.0,10.0,100.0,100.0,100.0,3.81,100.0,14,14,False,stable,Sinal Poisson do ranking operacional,100.0,Tensão territorial,100.0,Atividade recente e vizinhança,100.0,Sinal Poisson do ranking operacional: 100.0% | Tensão territorial: 100.0% | Atividade recente e vizinhança: 100.0%,"CAUCAIA aparece na posição 1 de 69, com risco 97.7 e nível crítico; é prioridade imediata de acompanhamento.","O peso principal vem de sinal poisson do ranking operacional, com suporte territorial de 100.0% e 5 registros recentes na janela de 30 dias.",Leitura com boa sustentação dos sinais atuais.,O território está bem destacado no ranking frente aos pares.,"Verificar eventos recentes, pressão territorial e coerência com inteligência local antes da próxima atualização do ranking."
2026-06-23T14:59:06,2026-06-18,src/core/orchestrator.py:get_combined_risk,cities_general_top30,2,SOBRAL,SOBRAL,interior,cidade,94.69,crítico,95.0,alta,96.7,muito alta,2,3,386.0,100.0,100.0,100.0,23.3,100.0,100.0,100.0,3.67,98.5,14,14,False,stable,Sinal Poisson do ranking operacional,100.0,Tensão territorial,100.0,Atividade recente e vizinhança,100.0,Sinal Poisson do ranking operacional: 100.0% | Tensão territorial: 100.0% | Atividade recente e vizinhança: 100.0%,"SOBRAL aparece na posição 2 de 69, com risco 94.7 e nível crítico; é prioridade imediata de acompanhamento.","O peso principal vem de sinal poisson do ranking operacional, com suporte territorial de 100.0% e 3 registros recentes na janela de 30 dias.",Leitura com boa sustentação dos sinais atuais.,O território está bem destacado no ranking frente aos pares.,"Verificar eventos recentes, pressão territorial e coerência com inteligência local antes da próxima atualização do ranking."
2026-06-23T14:59:06,2026-06-18,src/core/orchestrator.py:get_combined_risk,cities_general_top30,3,JUAZEIRO DO NORTE,JUAZEIRO DO NORTE,interior,cidade,92.6,crítico,99.0,alta,95.4,muito alta,2,4,318.0,99.0,100.0,100.0,30.0,100.0,100.0,100.0,3.57,97.1,14,14,False,stable,Tensão territorial,100.0,Atividade recente e vizinhança,100.0,Sinal Poisson do ranking operacional,99.0,Tensão territorial: 100.0% | Atividade recente e vizinhança: 100.0% | Sinal Poisson do ranking operacional: 99.0%,"JUAZEIRO DO NORTE aparece na posição 3 de 69, com risco 92.6 e nível crítico; é prioridade imediata de acompanhamento.","O peso principal vem de tensão territorial, com suporte territorial de 100.0% e 4 registros recentes na janela de 30 dias.",Leitura com boa sustentação dos sinais atuais.,O território está bem destacado no ranking frente aos pares.,"Verificar eventos recentes, pressão territorial e coerência com inteligência local antes da próxima atualização do ranking."
2026-06-23T14:59:06,2026-06-18,src/core/orchestrator.py:get_combined_risk,cities_general_top30,4,ITAPIPOCA,ITAPIPOCA,interior,cidade,53.57,alto,85.1,alta,85.7,muito alta,2,3,195.0,30.3,100.0,100.0,16.7,100.0,100.0,100.0,1.74,95.6,14,14,False,stable,Tensão territorial,100.0,Atividade recente e vizinhança,100.0,CVLI recente na janela de 30 dias,60.0,Tensão territorial: 100.0% | Atividade recente e vizinhança: 100.0% | CVLI recente na janela de 30 dias: 60.0%,"ITAPIPOCA aparece na posição 4 de 69, com risco 53.6 e nível alto; é prioridade imediata de acompanhamento.","O peso principal vem de tensão territorial, com suporte territorial de 100.0% e 3 registros recentes na janela de 30 dias.",Leitura com boa sustentação dos sinais atuais.,O território está bem destacado no ranking frente aos pares.,"Verificar eventos recentes, pressão territorial e coerência com inteligência local antes da próxima atualização do ranking."
2026-06-23T14:59:06,2026-06-18,src/core/orchestrator.py:get_combined_risk,cities_general_top30,5,MORADA NOVA,MORADA NOVA,interior,cidade,51.5,alto,84.7,moderada,84.3,alta,2,3,150.0,27.3,100.0,100.0,20.0,100.0,100.0,100.0,1.64,94.1,14,14,False,stable,Tensão territorial,100.0,Atividade recente e vizinhança,100.0,CVLI recente na janela de 30 dias,60.0,Tensão territorial: 100.0% | Atividade recente e vizinhança: 100.0% | CVLI recente na janela de 30 dias: 60.0%,"MORADA NOVA aparece na posição 5 de 69, com risco 51.5 e nível alto; é prioridade imediata de acompanhamento.","O peso principal vem de tensão territorial, com suporte territorial de 100.0% e 3 registros recentes na janela de 30 dias.","Leitura consistente, mas ainda pede validação operacional pontual.","O território se diferencia do bloco intermediário, mas sem isolamento absoluto.","Verificar eventos recentes, pressão territorial e coerência com inteligência local antes da próxima atualização do ranking."
2026-06-23T14:59:06,2026-06-18,src/core/orchestrator.py:get_combined_risk,cities_general_top30,6,BOA VIAGEM,BOA VIAGEM,interior,cidade,47.62,moderado,83.8,moderada,82.6,alta,2,3,118.0,20.6,100.0,100.0,16.7,100.0,100.0,100.0,1.46,92.6,14,14,False,stable,Tensão territorial,100.0,Atividade recente e vizinhança,100.0,CVLI recente na janela de 30 dias,60.0,Tensão territorial: 100.0% | Atividade recente e vizinhança: 100.0% | CVLI recente na janela de 30 dias: 60.0%,"BOA VIAGEM aparece na posição 6 de 69, com risco 47.6 e nível moderado; é prioridade alta de acompanhamento.","O peso principal vem de tensão territorial, com suporte territorial de 100.0% e 3 registros recentes na janela de 30 dias.","Leitura consistente, mas ainda pede validação operacional pontual.","O território se diferencia do bloco intermediário, mas sem isolamento absoluto.","Verificar eventos recentes, pressão territorial e coerência com inteligência local antes da próxima atualização do ranking."
2026-06-23T14:59:06,2026-06-18,src/core/orchestrator.py:get_combined_risk,cities_general_top30,7,AMONTADA,AMONTADA,interior,cidade,46.4,moderado,88.7,alta,81.4,alta,2,4,141.0,19.9,100.0,100.0,33.3,100.0,100.0,100.0,1.4,91.2,14,14,False,stable,Tensão territorial,100.0,Atividade recente e vizinhança,100.0,CVLI recente na janela de 30 dias,80.0,Tensão territorial: 100.0% | Atividade recente e vizinhança: 100.0% | CVLI recente na janela de 30 dias: 80.0%,"AMONTADA aparece na posição 7 de 69, com risco 46.4 e nível moderado; é prioridade alta de acompanhamento.","O peso principal vem de tensão territorial, com suporte territorial de 100.0% e 4 registros recentes na janela de 30 dias.",Leitura com boa sustentação dos sinais atuais.,"O território se diferencia do bloco intermediário, mas sem isolamento absoluto.","Verificar eventos recentes, pressão territorial e coerência com inteligência local antes da próxima atualização do ranking."
2026-06-23T14:59:06,2026-06-18,src/core/orchestrator.py:get_combined_risk,cities_general_top30,8,ITAPIUNA,ITAPIUNA,interior,cidade,38.78,moderado,81.8,moderada,78.8,alta,2,3,45.0,6.4,100.0,100.0,26.7,100.0,62.5,100.0,1.04,89.7,14,14,False,stable,Tensão territorial,100.0,Atividade recente e vizinhança,100.0,CVLI recente na janela de 30 dias,60.0,Tensão territorial: 100.0% | Atividade recente e vizinhança: 100.0% | CVLI recente na janela de 30 dias: 60.0%,"ITAPIUNA aparece na posição 8 de 69, com risco 38.8 e nível moderado; é prioridade alta de acompanhamento.","O peso principal vem de tensão territorial, com suporte territorial de 100.0% e 3 registros recentes na janela de 30 dias.","Leitura consistente, mas ainda pede validação operacional pontual.","O território se diferencia do bloco intermediário, mas sem isolamento absoluto.","Verificar eventos recentes, pressão territorial e coerência com inteligência local antes da próxima atualização do ranking."
2026-06-23T14:59:06,2026-06-18,src/core/orchestrator.py:get_combined_risk,cities_general_top30,9,QUIXADA,QUIXADA,interior,cidade,36.68,moderado,75.4,moderada,77.4,alta,1,1,147.0,22.9,100.0,50.0,13.3,100.0,100.0,100.0,0.94,88.2,14,14,False,stable,Tensão territorial,100.0,Atividade recente e vizinhança,50.0,Sinal Poisson do ranking operacional,22.9,Tensão territorial: 100.0% | Atividade recente e vizinhança: 50.0% | Sinal Poisson do ranking operacional: 22.9%,"QUIXADA aparece na posição 9 de 69, com risco 36.7 e nível moderado; é prioridade alta de acompanhamento.","O peso principal vem de tensão territorial, com suporte territorial de 100.0% e 1 registros recentes na janela de 30 dias.","Leitura consistente, mas ainda pede validação operacional pontual.","O território se diferencia do bloco intermediário, mas sem isolamento absoluto.","Verificar eventos recentes, pressão territorial e coerência com inteligência local antes da próxima atualização do ranking."
2026-06-23T14:59:06,2026-06-18,src/core/orchestrator.py:get_combined_risk,cities_general_top30,10,RUSSAS,RUSSAS,interior,cidade,34.25,moderado,85.0,alta,76.1,alta,1,3,112.0,19.2,100.0,50.0,16.7,100.0,100.0,100.0,0.83,86.8,14,14,False,stable,Tensão territorial,100.0,CVLI recente na janela de 30 dias,60.0,Atividade recente e vizinhança,50.0,Tensão territorial: 100.0% | CVLI recente na janela de 30 dias: 60.0% | Atividade recente e vizinhança: 50.0%,"RUSSAS aparece na posição 10 de 69, com risco 34.2 e nível moderado; é prioridade alta de acompanhamento.","O peso principal vem de tensão territorial, com suporte territorial de 100.0% e 3 registros recentes na janela de 30 dias.",Leitura com boa sustentação dos sinais atuais.,"O território se diferencia do bloco intermediário, mas sem isolamento absoluto.","Verificar eventos recentes, pressão territorial e coerência com inteligência local antes da próxima atualização do ranking."
2026-06-23T14:59:06,2026-06-18,src/core/orchestrator.py:get_combined_risk,cities_general_top30,11,LIMOEIRO DO NORTE,LIMOEIRO DO NORTE,interior,cidade,32.79,moderado,84.7,moderada,74.8,alta,1,3,100.0,16.8,100.0,50.0,16.7,100.0,100.0,100.0,0.76,85.3,14,14,False,stable,Tensão territorial,100.0,CVLI recente na janela de 30 dias,60.0,Atividade recente e vizinhança,50.0,Tensão territorial: 100.0% | CVLI recente na janela de 30 dias: 60.0% | Atividade recente e vizinhança: 50.0%,"LIMOEIRO DO NORTE aparece na posição 11 de 69, com risco 32.8 e nível moderado; é território de atenção tática.","O peso principal vem de tensão territorial, com suporte territorial de 100.0% e 3 registros recentes na janela de 30 dias.","Leitura consistente, mas ainda pede validação operacional pontual.","O território se diferencia do bloco intermediário, mas sem isolamento absoluto.","Verificar eventos recentes, pressão territorial e coerência com inteligência local antes da próxima atualização do ranking."
2026-06-23T14:59:06,2026-06-18,src/core/orchestrator.py:get_combined_risk,cities_general_top30,12,FORQUILHA,FORQUILHA,interior,cidade,29.07,baixo,74.1,moderada,73.1,alta,1,1,90.0,11.3,100.0,50.0,30.0,100.0,100.0,100.0,0.59,83.8,14,14,False,stable,Tensão territorial,100.0,Atividade recente e vizinhança,50.0,CVLI recente na janela de 30 dias,20.0,Tensão territorial: 100.0% | Atividade recente e vizinhança: 50.0% | CVLI recente na janela de 30 dias: 20.0%,"FORQUILHA aparece na posição 12 de 69, com risco 29.1 e nível baixo; é território de atenção tática.","O peso principal vem de tensão territorial, com suporte territorial de 100.0% e 1 registros recentes na janela de 30 dias.","Leitura consistente, mas ainda pede validação operacional pontual.","O território se diferencia do bloco intermediário, mas sem isolamento absoluto.","Verificar eventos recentes, pressão territorial e coerência com inteligência local antes da próxima atualização do ranking."
2026-06-23T14:59:06,2026-06-18,src/core/orchestrator.py:get_combined_risk,cities_general_top30,13,CRATO,CRATO,interior,cidade,26.86,baixo,78.0,moderada,71.8,alta,0,2,181.0,28.3,100.0,6.7,50.0,100.0,100.0,100.0,0.48,82.4,14,14,False,stable,Tensão territorial,100.0,CVLI recente na janela de 30 dias,40.0,Sinal Poisson do ranking operacional,28.3,Tensão territorial: 100.0% | CVLI recente na janela de 30 dias: 40.0% | Sinal Poisson do ranking operacional: 28.3%,"CRATO aparece na posição 13 de 69, com risco 26.9 e nível baixo; é território de atenção tática.","O peso principal vem de tensão territorial, com suporte territorial de 100.0% e 2 registros recentes na janela de 30 dias.","Leitura consistente, mas ainda pede validação operacional pontual.","O território se diferencia do bloco intermediário, mas sem isolamento absoluto.","Verificar eventos recentes, pressão territorial e coerência com inteligência local antes da próxima atualização do ranking."
2026-06-23T14:59:06,2026-06-18,src/core/orchestrator.py:get_combined_risk,cities_general_top30,14,VICOSA DO CEARA,VICOSA DO CEARA,interior,cidade,26.03,baixo,73.5,moderada,70.7,alta,1,1,43.0,5.9,100.0,50.0,23.3,100.0,57.5,100.0,0.44,80.9,14,14,False,stable,Tensão territorial,100.0,Atividade recente e vizinhança,50.0,CVLI recente na janela de 30 dias,20.0,Tensão territorial: 100.0% | Atividade recente e vizinhança: 50.0% | CVLI recente na janela de 30 dias: 20.0%,"VICOSA DO CEARA aparece na posição 14 de 69, com risco 26.0 e nível baixo; é território de atenção tática.","O peso principal vem de tensão territorial, com suporte territorial de 100.0% e 1 registros recentes na janela de 30 dias.","Leitura consistente, mas ainda pede validação operacional pontual.","O território se diferencia do bloco intermediário, mas sem isolamento absoluto.","Verificar eventos recentes, pressão territorial e coerência com inteligência local antes da próxima atualização do ranking."
2026-06-23T14:59:06,2026-06-18,src/core/orchestrator.py:get_combined_risk,cities_general_top30,15,SENADOR POMPEU,SENADOR POMPEU,interior,cidade,24.91,baixo,73.3,moderada,69.5,moderada,1,1,35.0,4.2,100.0,50.0,33.3,100.0,37.5,100.0,0.39,79.4,14,14,False,stable,Tensão territorial,100.0,Atividade recente e vizinhança,50.0,CVLI recente na janela de 30 dias,20.0,Tensão territorial: 100.0% | Atividade recente e vizinhança: 50.0% | CVLI recente na janela de 30 dias: 20.0%,"SENADOR POMPEU aparece na posição 15 de 69, com risco 24.9 e nível baixo; é território de atenção tática.","O peso principal vem de tensão territorial, com suporte territorial de 100.0% e 1 registros recentes na janela de 30 dias.","Leitura consistente, mas ainda pede validação operacional pontual.",O território está próximo de pares vizinhos e pode oscilar no próximo ciclo.,"Verificar eventos recentes, pressão territorial e coerência com inteligência local antes da próxima atualização do ranking."
2026-06-23T14:59:06,2026-06-18,src/core/orchestrator.py:get_combined_risk,cities_general_top30,16,GRACA,GRACA,interior,cidade,24.61,baixo,73.2,moderada,68.5,moderada,1,1,26.0,3.7,100.0,50.0,33.3,100.0,15.0,100.0,0.38,77.9,14,14,False,stable,Tensão territorial,100.0,Atividade recente e vizinhança,50.0,CVLI recente na janela de 30 dias,20.0,Tensão territorial: 100.0% | Atividade recente e vizinhança: 50.0% | CVLI recente na janela de 30 dias: 20.0%,"GRACA aparece na posição 16 de 69, com risco 24.6 e nível baixo; é território de atenção tática.","O peso principal vem de tensão territorial, com suporte territorial de 100.0% e 1 registros recentes na janela de 30 dias.","Leitura consistente, mas ainda pede validação operacional pontual.",O território está próximo de pares vizinhos e pode oscilar no próximo ciclo.,"Verificar eventos recentes, pressão territorial e coerência com inteligência local antes da próxima atualização do ranking."
2026-06-23T14:59:06,2026-06-18,src/core/orchestrator.py:get_combined_risk,cities_general_top30,17,NOVO ORIENTE,NOVO ORIENTE,interior,cidade,23.87,baixo,73.1,moderada,67.5,moderada,1,1,28.0,2.5,100.0,50.0,43.3,100.0,20.0,100.0,0.34,76.5,14,14,False,stable,Tensão territorial,100.0,Atividade recente e vizinhança,50.0,CVLI recente na janela de 30 dias,20.0,Tensão territorial: 100.0% | Atividade recente e vizinhança: 50.0% | CVLI recente na janela de 30 dias: 20.0%,"NOVO ORIENTE aparece na posição 17 de 69, com risco 23.9 e nível baixo; é território de atenção tática.","O peso principal vem de tensão territorial, com suporte territorial de 100.0% e 1 registros recentes na janela de 30 dias.","Leitura consistente, mas ainda pede validação operacional pontual.",O território está próximo de pares vizinhos e pode oscilar no próximo ciclo.,"Verificar eventos recentes, pressão territorial e coerência com inteligência local antes da próxima atualização do ranking."
2026-06-23T14:59:06,2026-06-18,src/core/orchestrator.py:get_combined_risk,cities_general_top30,18,CASCAVEL,CASCAVEL,rmf,cidade,17.46,baixo,65.9,baixa,65.2,moderada,1,1,173.0,8.2,0.0,50.0,20.0,100.0,100.0,100.0,0.04,75.0,14,14,False,stable,Atividade recente e vizinhança,50.0,CVLI recente na janela de 30 dias,20.0,Sinal Poisson do ranking operacional,8.2,Atividade recente e vizinhança: 50.0% | CVLI recente na janela de 30 dias: 20.0% | Sinal Poisson do ranking operacional: 8.2%,"CASCAVEL aparece na posição 18 de 69, com risco 17.5 e nível baixo; é território de atenção tática.","O peso principal vem de atividade recente e vizinhança, com suporte territorial de 100.0% e 1 registros recentes na janela de 30 dias.",Leitura sensível a ruído; requer conferência adicional antes de decisão forte.,O território está próximo de pares vizinhos e pode oscilar no próximo ciclo.,"Verificar eventos recentes, pressão territorial e coerência com inteligência local antes da próxima atualização do ranking."
2026-06-23T14:59:06,2026-06-18,src/core/orchestrator.py:get_combined_risk,cities_general_top30,19,TAUA,TAUA,interior,cidade,17.43,baixo,80.9,moderada,64.3,moderada,1,4,52.0,8.4,0.0,50.0,26.7,100.0,80.0,100.0,0.04,73.5,14,14,False,stable,CVLI recente na janela de 30 dias,80.0,Atividade recente e vizinhança,50.0,Sinal Poisson do ranking operacional,8.4,CVLI recente na janela de 30 dias: 80.0% | Atividade recente e vizinhança: 50.0% | Sinal Poisson do ranking operacional: 8.4%,"TAUA aparece na posição 19 de 69, com risco 17.4 e nível baixo; é território de atenção tática.","O peso principal vem de cvli recente na janela de 30 dias, com suporte territorial de 100.0% e 4 registros recentes na janela de 30 dias.","Leitura consistente, mas ainda pede validação operacional pontual.",O território está próximo de pares vizinhos e pode oscilar no próximo ciclo.,"Verificar eventos recentes, pressão territorial e coerência com inteligência local antes da próxima atualização do ranking."
2026-06-23T14:59:06,2026-06-18,src/core/orchestrator.py:get_combined_risk,cities_general_top30,20,MARACANAU,MARACANAU,rmf,cidade,17.3,baixo,39.9,muito baixa,63.4,moderada,0,0,656.0,32.3,20.0,6.7,100.0,20.0,100.0,0.0,0.03,72.1,14,14,False,stable,Sinal Poisson do ranking operacional,32.3,Tensão territorial,20.0,Atividade recente e vizinhança,6.7,Sinal Poisson do ranking operacional: 32.3% | Tensão territorial: 20.0% | Atividade recente e vizinhança: 6.7%,"MARACANAU aparece na posição 20 de 69, com risco 17.3 e nível baixo; é território de atenção tática.","O peso principal vem de sinal poisson do ranking operacional, com suporte territorial de 20.0% e 0 registros recentes na janela de 30 dias.",Leitura sensível a ruído; requer conferência adicional antes de decisão forte.,O território está próximo de pares vizinhos e pode oscilar no próximo ciclo.,"Verificar eventos recentes, pressão territorial e coerência com inteligência local antes da próxima atualização do ranking."
2026-06-23T14:59:06,2026-06-18,src/core/orchestrator.py:get_combined_risk,cities_general_top30,21,SAO GONCALO DO AMARANTE,SAO GONCALO DO AMARANTE,rmf,cidade,16.39,baixo,65.9,baixa,62.3,moderada,1,1,127.0,7.0,0.0,50.0,40.0,100.0,100.0,100.0,-0.01,70.6,14,14,False,stable,Atividade recente e vizinhança,50.0,CVLI recente na janela de 30 dias,20.0,Sinal Poisson do ranking operacional,7.0,Atividade recente e vizinhança: 50.0% | CVLI recente na janela de 30 dias: 20.0% | Sinal Poisson do ranking operacional: 7.0%,"SAO GONCALO DO AMARANTE aparece na posição 21 de 69, com risco 16.4 e nível baixo; é território de atenção tática.","O peso principal vem de atividade recente e vizinhança, com suporte territorial de 100.0% e 1 registros recentes na janela de 30 dias.",Leitura sensível a ruído; requer conferência adicional antes de decisão forte.,O território está próximo de pares vizinhos e pode oscilar no próximo ciclo.,"Verificar eventos recentes, pressão territorial e coerência com inteligência local antes da próxima atualização do ranking."
2026-06-23T14:59:06,2026-06-18,src/core/orchestrator.py:get_combined_risk,cities_general_top30,22,ITAITINGA,ITAITINGA,rmf,cidade,16.32,baixo,65.8,baixa,61.4,moderada,1,1,83.0,6.5,0.0,50.0,26.7,100.0,100.0,100.0,-0.01,69.1,14,14,False,stable,Atividade recente e vizinhança,50.0,CVLI recente na janela de 30 dias,20.0,Sinal Poisson do ranking operacional,6.5,Atividade recente e vizinhança: 50.0% | CVLI recente na janela de 30 dias: 20.0% | Sinal Poisson do ranking operacional: 6.5%,"ITAITINGA aparece na posição 22 de 69, com risco 16.3 e nível baixo; é território de atenção tática.","O peso principal vem de atividade recente e vizinhança, com suporte territorial de 100.0% e 1 registros recentes na janela de 30 dias.",Leitura sensível a ruído; requer conferência adicional antes de decisão forte.,O território está próximo de pares vizinhos e pode oscilar no próximo ciclo.,"Verificar eventos recentes, pressão territorial e coerência com inteligência local antes da próxima atualização do ranking."
2026-06-23T14:59:06,2026-06-18,src/core/orchestrator.py:get_combined_risk,cities_general_top30,23,TRAIRI,TRAIRI,rmf,cidade,16.07,baixo,75.8,moderada,60.4,moderada,1,3,150.0,6.3,0.0,50.0,36.7,100.0,100.0,100.0,-0.03,67.6,14,14,False,stable,CVLI recente na janela de 30 dias,60.0,Atividade recente e vizinhança,50.0,Sinal Poisson do ranking operacional,6.3,CVLI recente na janela de 30 dias: 60.0% | Atividade recente e vizinhança: 50.0% | Sinal Poisson do ranking operacional: 6.3%,"TRAIRI aparece na posição 23 de 69, com risco 16.1 e nível baixo; é território de atenção tática.","O peso principal vem de cvli recente na janela de 30 dias, com suporte territorial de 100.0% e 3 registros recentes na janela de 30 dias.","Leitura consistente, mas ainda pede validação operacional pontual.",O território está próximo de pares vizinhos e pode oscilar no próximo ciclo.,"Verificar eventos recentes, pressão territorial e coerência com inteligência local antes da próxima atualização do ranking."
2026-06-23T14:59:06,2026-06-18,src/core/orchestrator.py:get_combined_risk,cities_general_top30,24,EUSEBIO,EUSEBIO,rmf,cidade,15.82,baixo,70.8,moderada,59.5,moderada,1,2,76.0,5.9,0.0,50.0,40.0,100.0,100.0,100.0,-0.04,66.2,14,14,False,stable,Atividade recente e vizinhança,50.0,CVLI recente na janela de 30 dias,40.0,Sinal Poisson do ranking operacional,5.9,Atividade recente e vizinhança: 50.0% | CVLI recente na janela de 30 dias: 40.0% | Sinal Poisson do ranking operacional: 5.9%,"EUSEBIO aparece na posição 24 de 69, com risco 15.8 e nível baixo; é território de atenção tática.","O peso principal vem de atividade recente e vizinhança, com suporte territorial de 100.0% e 2 registros recentes na janela de 30 dias.","Leitura consistente, mas ainda pede validação operacional pontual.",O território está próximo de pares vizinhos e pode oscilar no próximo ciclo.,"Verificar eventos recentes, pressão territorial e coerência com inteligência local antes da próxima atualização do ranking."
2026-06-23T14:59:06,2026-06-18,src/core/orchestrator.py:get_combined_risk,cities_general_top30,25,PINDORETAMA,PINDORETAMA,rmf,cidade,15.81,baixo,65.8,baixa,58.6,moderada,1,1,36.0,5.6,0.0,50.0,23.3,100.0,40.0,100.0,-0.04,64.7,14,14,False,stable,Atividade recente e vizinhança,50.0,CVLI recente na janela de 30 dias,20.0,Sinal Poisson do ranking operacional,5.6,Atividade recente e vizinhança: 50.0% | CVLI recente na janela de 30 dias: 20.0% | Sinal Poisson do ranking operacional: 5.6%,"PINDORETAMA aparece na posição 25 de 69, com risco 15.8 e nível baixo; é território de atenção tática.","O peso principal vem de atividade recente e vizinhança, com suporte territorial de 100.0% e 1 registros recentes na janela de 30 dias.",Leitura sensível a ruído; requer conferência adicional antes de decisão forte.,O território está próximo de pares vizinhos e pode oscilar no próximo ciclo.,"Verificar eventos recentes, pressão territorial e coerência com inteligência local antes da próxima atualização do ranking."
2026-06-23T14:59:06,2026-06-18,src/core/orchestrator.py:get_combined_risk,cities_general_top30,26,PARAIPABA,PARAIPABA,rmf,cidade,15.47,baixo,65.8,baixa,57.7,moderada,1,1,49.0,5.2,0.0,50.0,36.7,100.0,72.5,100.0,-0.05,63.2,14,14,False,stable,Atividade recente e vizinhança,50.0,CVLI recente na janela de 30 dias,20.0,Sinal Poisson do ranking operacional,5.2,Atividade recente e vizinhança: 50.0% | CVLI recente na janela de 30 dias: 20.0% | Sinal Poisson do ranking operacional: 5.2%,"PARAIPABA aparece na posição 26 de 69, com risco 15.5 e nível baixo; é território de atenção tática.","O peso principal vem de atividade recente e vizinhança, com suporte territorial de 100.0% e 1 registros recentes na janela de 30 dias.",Leitura sensível a ruído; requer conferência adicional antes de decisão forte.,O território está próximo de pares vizinhos e pode oscilar no próximo ciclo.,"Verificar eventos recentes, pressão territorial e coerência com inteligência local antes da próxima atualização do ranking."
2026-06-23T14:59:06,2026-06-18,src/core/orchestrator.py:get_combined_risk,cities_general_top30,27,TIANGUA,TIANGUA,interior,cidade,14.69,baixo,54.4,muito baixa,56.6,moderada,0,1,127.0,16.1,50.0,6.7,66.7,50.0,100.0,50.0,-0.09,61.8,14,14,False,stable,Tensão territorial,50.0,CVLI recente na janela de 30 dias,20.0,Sinal Poisson do ranking operacional,16.1,Tensão territorial: 50.0% | CVLI recente na janela de 30 dias: 20.0% | Sinal Poisson do ranking operacional: 16.1%,"TIANGUA aparece na posição 27 de 69, com risco 14.7 e nível baixo; é território de atenção tática.","O peso principal vem de tensão territorial, com suporte territorial de 50.0% e 1 registros recentes na janela de 30 dias.",Leitura sensível a ruído; requer conferência adicional antes de decisão forte.,O território está próximo de pares vizinhos e pode oscilar no próximo ciclo.,"Verificar eventos recentes, pressão territorial e coerência com inteligência local antes da próxima atualização do ranking."
2026-06-23T14:59:06,2026-06-18,src/core/orchestrator.py:get_combined_risk,cities_general_top30,28,ACOPIARA,ACOPIARA,interior,cidade,14.16,baixo,76.7,moderada,55.6,moderada,0,2,46.0,5.0,100.0,6.7,66.7,100.0,65.0,100.0,-0.12,60.3,14,14,False,stable,Tensão territorial,100.0,CVLI recente na janela de 30 dias,40.0,Atividade recente e vizinhança,6.7,Tensão territorial: 100.0% | CVLI recente na janela de 30 dias: 40.0% | Atividade recente e vizinhança: 6.7%,"ACOPIARA aparece na posição 28 de 69, com risco 14.2 e nível baixo; é território de atenção tática.","O peso principal vem de tensão territorial, com suporte territorial de 100.0% e 2 registros recentes na janela de 30 dias.","Leitura consistente, mas ainda pede validação operacional pontual.",O território está próximo de pares vizinhos e pode oscilar no próximo ciclo.,"Verificar eventos recentes, pressão territorial e coerência com inteligência local antes da próxima atualização do ranking."
2026-06-23T14:59:06,2026-06-18,src/core/orchestrator.py:get_combined_risk,cities_general_top30,29,ICAPUI,ICAPUI,interior,cidade,13.29,baixo,76.6,moderada,54.5,moderada,0,2,32.0,3.4,100.0,6.7,73.3,100.0,30.0,100.0,-0.16,58.8,14,14,False,stable,Tensão territorial,100.0,CVLI recente na janela de 30 dias,40.0,Atividade recente e vizinhança,6.7,Tensão territorial: 100.0% | CVLI recente na janela de 30 dias: 40.0% | Atividade recente e vizinhança: 6.7%,"ICAPUI aparece na posição 29 de 69, com risco 13.3 e nível baixo; é território de atenção tática.","O peso principal vem de tensão territorial, com suporte territorial de 100.0% e 2 registros recentes na janela de 30 dias.","Leitura consistente, mas ainda pede validação operacional pontual.",O território está próximo de pares vizinhos e pode oscilar no próximo ciclo.,"Verificar eventos recentes, pressão territorial e coerência com inteligência local antes da próxima atualização do ranking."
2026-06-23T14:59:06,2026-06-18,src/core/orchestrator.py:get_combined_risk,cities_general_top30,30,ITAPAJE,ITAPAJE,interior,cidade,11.72,baixo,54.2,muito baixa,53.3,moderada,0,1,97.0,11.0,50.0,6.7,83.3,50.0,100.0,50.0,-0.23,57.4,14,14,False,stable,Tensão territorial,50.0,CVLI recente na janela de 30 dias,20.0,Sinal Poisson do ranking operacional,11.0,Tensão territorial: 50.0% | CVLI recente na janela de 30 dias: 20.0% | Sinal Poisson do ranking operacional: 11.0%,"ITAPAJE aparece na posição 30 de 69, com risco 11.7 e nível baixo; é território de atenção tática.","O peso principal vem de tensão territorial, com suporte territorial de 50.0% e 1 registros recentes na janela de 30 dias.",Leitura sensível a ruído; requer conferência adicional antes de decisão forte.,O território está próximo de pares vizinhos e pode oscilar no próximo ciclo.,"Verificar eventos recentes, pressão territorial e coerência com inteligência local antes da próxima atualização do ranking."
2026-06-23T14:59:06,2026-06-18,src/core/orchestrator.py:get_combined_risk,cities_rmf_top20,1,CAUCAIA,CAUCAIA,rmf,cidade,97.72,crítico,99.0,alta,99.3,muito alta,2,5,946.0,100.0,100.0,100.0,10.0,100.0,100.0,100.0,4.03,100.0,14,14,False,stable,Sinal Poisson do ranking operacional,100.0,Tensão territorial,100.0,Atividade recente e vizinhança,100.0,Sinal Poisson do ranking operacional: 100.0% | Tensão territorial: 100.0% | Atividade recente e vizinhança: 100.0%,"CAUCAIA aparece na posição 1 de 19, com risco 97.7 e nível crítico; é prioridade imediata de acompanhamento.","O peso principal vem de sinal poisson do ranking operacional, com suporte territorial de 100.0% e 5 registros recentes na janela de 30 dias.",Leitura com boa sustentação dos sinais atuais.,O território está bem destacado no ranking frente aos pares.,"Verificar eventos recentes, pressão territorial e coerência com inteligência local antes da próxima atualização do ranking."
2026-06-23T14:59:06,2026-06-18,src/core/orchestrator.py:get_combined_risk,cities_rmf_top20,2,CASCAVEL,CASCAVEL,rmf,cidade,17.46,baixo,65.9,baixa,77.5,alta,1,1,173.0,8.2,0.0,50.0,20.0,100.0,100.0,100.0,0.18,94.4,14,14,False,stable,Atividade recente e vizinhança,50.0,CVLI recente na janela de 30 dias,20.0,Sinal Poisson do ranking operacional,8.2,Atividade recente e vizinhança: 50.0% | CVLI recente na janela de 30 dias: 20.0% | Sinal Poisson do ranking operacional: 8.2%,"CASCAVEL aparece na posição 2 de 19, com risco 17.5 e nível baixo; é prioridade imediata de acompanhamento.","O peso principal vem de atividade recente e vizinhança, com suporte territorial de 100.0% e 1 registros recentes na janela de 30 dias.",Leitura sensível a ruído; requer conferência adicional antes de decisão forte.,"O território se diferencia do bloco intermediário, mas sem isolamento absoluto.","Verificar eventos recentes, pressão territorial e coerência com inteligência local antes da próxima atualização do ranking."
2026-06-23T14:59:06,2026-06-18,src/core/orchestrator.py:get_combined_risk,cities_rmf_top20,3,MARACANAU,MARACANAU,rmf,cidade,17.3,baixo,39.9,muito baixa,74.2,alta,0,0,656.0,32.3,20.0,6.7,100.0,20.0,100.0,0.0,0.17,88.9,14,14,False,stable,Sinal Poisson do ranking operacional,32.3,Tensão territorial,20.0,Atividade recente e vizinhança,6.7,Sinal Poisson do ranking operacional: 32.3% | Tensão territorial: 20.0% | Atividade recente e vizinhança: 6.7%,"MARACANAU aparece na posição 3 de 19, com risco 17.3 e nível baixo; é prioridade imediata de acompanhamento.","O peso principal vem de sinal poisson do ranking operacional, com suporte territorial de 20.0% e 0 registros recentes na janela de 30 dias.",Leitura sensível a ruído; requer conferência adicional antes de decisão forte.,"O território se diferencia do bloco intermediário, mas sem isolamento absoluto.","Verificar eventos recentes, pressão territorial e coerência com inteligência local antes da próxima atualização do ranking."
2026-06-23T14:59:06,2026-06-18,src/core/orchestrator.py:get_combined_risk,cities_rmf_top20,4,SAO GONCALO DO AMARANTE,SAO GONCALO DO AMARANTE,rmf,cidade,16.39,baixo,65.9,baixa,70.6,alta,1,1,127.0,7.0,0.0,50.0,40.0,100.0,100.0,100.0,0.13,83.3,14,14,False,stable,Atividade recente e vizinhança,50.0,CVLI recente na janela de 30 dias,20.0,Sinal Poisson do ranking operacional,7.0,Atividade recente e vizinhança: 50.0% | CVLI recente na janela de 30 dias: 20.0% | Sinal Poisson do ranking operacional: 7.0%,"SAO GONCALO DO AMARANTE aparece na posição 4 de 19, com risco 16.4 e nível baixo; é prioridade imediata de acompanhamento.","O peso principal vem de atividade recente e vizinhança, com suporte territorial de 100.0% e 1 registros recentes na janela de 30 dias.",Leitura sensível a ruído; requer conferência adicional antes de decisão forte.,"O território se diferencia do bloco intermediário, mas sem isolamento absoluto.","Verificar eventos recentes, pressão territorial e coerência com inteligência local antes da próxima atualização do ranking."
2026-06-23T14:59:06,2026-06-18,src/core/orchestrator.py:get_combined_risk,cities_rmf_top20,5,ITAITINGA,ITAITINGA,rmf,cidade,16.32,baixo,65.8,baixa,67.3,moderada,1,1,83.0,6.5,0.0,50.0,26.7,100.0,100.0,100.0,0.13,77.8,14,14,False,stable,Atividade recente e vizinhança,50.0,CVLI recente na janela de 30 dias,20.0,Sinal Poisson do ranking operacional,6.5,Atividade recente e vizinhança: 50.0% | CVLI recente na janela de 30 dias: 20.0% | Sinal Poisson do ranking operacional: 6.5%,"ITAITINGA aparece na posição 5 de 19, com risco 16.3 e nível baixo; é prioridade imediata de acompanhamento.","O peso principal vem de atividade recente e vizinhança, com suporte territorial de 100.0% e 1 registros recentes na janela de 30 dias.",Leitura sensível a ruído; requer conferência adicional antes de decisão forte.,O território está próximo de pares vizinhos e pode oscilar no próximo ciclo.,"Verificar eventos recentes, pressão territorial e coerência com inteligência local antes da próxima atualização do ranking."
2026-06-23T14:59:06,2026-06-18,src/core/orchestrator.py:get_combined_risk,cities_rmf_top20,6,TRAIRI,TRAIRI,rmf,cidade,16.07,baixo,75.8,moderada,63.9,moderada,1,3,150.0,6.3,0.0,50.0,36.7,100.0,100.0,100.0,0.12,72.2,14,14,False,stable,CVLI recente na janela de 30 dias,60.0,Atividade recente e vizinhança,50.0,Sinal Poisson do ranking operacional,6.3,CVLI recente na janela de 30 dias: 60.0% | Atividade recente e vizinhança: 50.0% | Sinal Poisson do ranking operacional: 6.3%,"TRAIRI aparece na posição 6 de 19, com risco 16.1 e nível baixo; é prioridade alta de acompanhamento.","O peso principal vem de cvli recente na janela de 30 dias, com suporte territorial de 100.0% e 3 registros recentes na janela de 30 dias.","Leitura consistente, mas ainda pede validação operacional pontual.",O território está próximo de pares vizinhos e pode oscilar no próximo ciclo.,"Verificar eventos recentes, pressão territorial e coerência com inteligência local antes da próxima atualização do ranking."
2026-06-23T14:59:06,2026-06-18,src/core/orchestrator.py:get_combined_risk,cities_rmf_top20,7,EUSEBIO,EUSEBIO,rmf,cidade,15.82,baixo,70.8,moderada,60.5,moderada,1,2,76.0,5.9,0.0,50.0,40.0,100.0,100.0,100.0,0.1,66.7,14,14,False,stable,Atividade recente e vizinhança,50.0,CVLI recente na janela de 30 dias,40.0,Sinal Poisson do ranking operacional,5.9,Atividade recente e vizinhança: 50.0% | CVLI recente na janela de 30 dias: 40.0% | Sinal Poisson do ranking operacional: 5.9%,"EUSEBIO aparece na posição 7 de 19, com risco 15.8 e nível baixo; é prioridade alta de acompanhamento.","O peso principal vem de atividade recente e vizinhança, com suporte territorial de 100.0% e 2 registros recentes na janela de 30 dias.","Leitura consistente, mas ainda pede validação operacional pontual.",O território está próximo de pares vizinhos e pode oscilar no próximo ciclo.,"Verificar eventos recentes, pressão territorial e coerência com inteligência local antes da próxima atualização do ranking."
2026-06-23T14:59:06,2026-06-18,src/core/orchestrator.py:get_combined_risk,cities_rmf_top20,8,PINDORETAMA,PINDORETAMA,rmf,cidade,15.81,baixo,65.8,baixa,57.2,moderada,1,1,36.0,5.6,0.0,50.0,23.3,100.0,40.0,100.0,0.1,61.1,14,14,False,stable,Atividade recente e vizinhança,50.0,CVLI recente na janela de 30 dias,20.0,Sinal Poisson do ranking operacional,5.6,Atividade recente e vizinhança: 50.0% | CVLI recente na janela de 30 dias: 20.0% | Sinal Poisson do ranking operacional: 5.6%,"PINDORETAMA aparece na posição 8 de 19, com risco 15.8 e nível baixo; é prioridade alta de acompanhamento.","O peso principal vem de atividade recente e vizinhança, com suporte territorial de 100.0% e 1 registros recentes na janela de 30 dias.",Leitura sensível a ruído; requer conferência adicional antes de decisão forte.,O território está próximo de pares vizinhos e pode oscilar no próximo ciclo.,"Verificar eventos recentes, pressão territorial e coerência com inteligência local antes da próxima atualização do ranking."
2026-06-23T14:59:06,2026-06-18,src/core/orchestrator.py:get_combined_risk,cities_rmf_top20,9,PARAIPABA,PARAIPABA,rmf,cidade,15.47,baixo,65.8,baixa,53.8,moderada,1,1,49.0,5.2,0.0,50.0,36.7,100.0,72.5,100.0,0.09,55.6,14,14,False,stable,Atividade recente e vizinhança,50.0,CVLI recente na janela de 30 dias,20.0,Sinal Poisson do ranking operacional,5.2,Atividade recente e vizinhança: 50.0% | CVLI recente na janela de 30 dias: 20.0% | Sinal Poisson do ranking operacional: 5.2%,"PARAIPABA aparece na posição 9 de 19, com risco 15.5 e nível baixo; é prioridade alta de acompanhamento.","O peso principal vem de atividade recente e vizinhança, com suporte territorial de 100.0% e 1 registros recentes na janela de 30 dias.",Leitura sensível a ruído; requer conferência adicional antes de decisão forte.,O território está próximo de pares vizinhos e pode oscilar no próximo ciclo.,"Verificar eventos recentes, pressão territorial e coerência com inteligência local antes da próxima atualização do ranking."
2026-06-23T14:59:06,2026-06-18,src/core/orchestrator.py:get_combined_risk,cities_rmf_top20,10,MARANGUAPE,MARANGUAPE,rmf,cidade,9.02,baixo,37.2,muito baixa,48.9,baixa,0,0,293.0,17.4,0.0,6.7,100.0,20.0,100.0,0.0,-0.22,50.0,14,14,False,stable,Sinal Poisson do ranking operacional,17.4,Atividade recente e vizinhança,6.7,Tensão territorial,0.0,Sinal Poisson do ranking operacional: 17.4% | Atividade recente e vizinhança: 6.7% | Tensão territorial: 0.0%,"MARANGUAPE aparece na posição 10 de 19, com risco 9.0 e nível baixo; é prioridade alta de acompanhamento.","O peso principal vem de sinal poisson do ranking operacional, com suporte territorial de 20.0% e 0 registros recentes na janela de 30 dias.",Leitura sensível a ruído; requer conferência adicional antes de decisão forte.,O território está próximo de pares vizinhos e pode oscilar no próximo ciclo.,"Verificar eventos recentes, pressão territorial e coerência com inteligência local antes da próxima atualização do ranking."
2026-06-23T14:59:06,2026-06-18,src/core/orchestrator.py:get_combined_risk,cities_rmf_top20,11,PACATUBA,PACATUBA,rmf,cidade,4.47,baixo,35.7,muito baixa,44.5,baixa,0,0,195.0,6.6,0.0,6.7,100.0,20.0,100.0,0.0,-0.44,44.4,14,14,False,stable,Atividade recente e vizinhança,6.7,Sinal Poisson do ranking operacional,6.6,Tensão territorial,0.0,Atividade recente e vizinhança: 6.7% | Sinal Poisson do ranking operacional: 6.6% | Tensão territorial: 0.0%,"PACATUBA aparece na posição 11 de 19, com risco 4.5 e nível baixo; é território de atenção tática.","O peso principal vem de atividade recente e vizinhança, com suporte territorial de 20.0% e 0 registros recentes na janela de 30 dias.",Leitura sensível a ruído; requer conferência adicional antes de decisão forte.,O território está próximo de pares vizinhos e pode oscilar no próximo ciclo.,"Verificar eventos recentes, pressão territorial e coerência com inteligência local antes da próxima atualização do ranking."
2026-06-23T14:59:06,2026-06-18,src/core/orchestrator.py:get_combined_risk,cities_rmf_top20,12,PACAJUS,PACAJUS,rmf,cidade,2.94,baixo,35.8,muito baixa,40.9,baixa,0,0,136.0,3.0,0.0,6.7,100.0,20.0,100.0,0.0,-0.51,38.9,14,14,False,stable,Atividade recente e vizinhança,6.7,Sinal Poisson do ranking operacional,3.0,Tensão territorial,0.0,Atividade recente e vizinhança: 6.7% | Sinal Poisson do ranking operacional: 3.0% | Tensão territorial: 0.0%,"PACAJUS aparece na posição 12 de 19, com risco 2.9 e nível baixo; é território de atenção tática.","O peso principal vem de atividade recente e vizinhança, com suporte territorial de 20.0% e 0 registros recentes na janela de 30 dias.",Leitura sensível a ruído; requer conferência adicional antes de decisão forte.,O território está próximo de pares vizinhos e pode oscilar no próximo ciclo.,"Verificar eventos recentes, pressão territorial e coerência com inteligência local antes da próxima atualização do ranking."
2026-06-23T14:59:06,2026-06-18,src/core/orchestrator.py:get_combined_risk,cities_rmf_top20,13,PARACURU,PARACURU,rmf,cidade,2.7,baixo,35.8,muito baixa,37.5,baixa,0,0,80.0,2.4,0.0,6.7,100.0,20.0,100.0,0.0,-0.53,33.3,14,14,False,stable,Atividade recente e vizinhança,6.7,Sinal Poisson do ranking operacional,2.4,Tensão territorial,0.0,Atividade recente e vizinhança: 6.7% | Sinal Poisson do ranking operacional: 2.4% | Tensão territorial: 0.0%,"PARACURU aparece na posição 13 de 19, com risco 2.7 e nível baixo; é território de atenção tática.","O peso principal vem de atividade recente e vizinhança, com suporte territorial de 20.0% e 0 registros recentes na janela de 30 dias.",Leitura sensível a ruído; requer conferência adicional antes de decisão forte.,O território está próximo de pares vizinhos e pode oscilar no próximo ciclo.,"Verificar eventos recentes, pressão territorial e coerência com inteligência local antes da próxima atualização do ranking."
2026-06-23T14:59:06,2026-06-18,src/core/orchestrator.py:get_combined_risk,cities_rmf_top20,14,BEBERIBE,BEBERIBE,rmf,cidade,2.31,baixo,35.8,muito baixa,34.1,baixa,0,0,72.0,1.5,0.0,6.7,100.0,20.0,100.0,0.0,-0.54,27.8,14,14,False,stable,Atividade recente e vizinhança,6.7,Sinal Poisson do ranking operacional,1.5,Tensão territorial,0.0,Atividade recente e vizinhança: 6.7% | Sinal Poisson do ranking operacional: 1.5% | Tensão territorial: 0.0%,"BEBERIBE aparece na posição 14 de 19, com risco 2.3 e nível baixo; é território de atenção tática.","O peso principal vem de atividade recente e vizinhança, com suporte territorial de 20.0% e 0 registros recentes na janela de 30 dias.",Leitura sensível a ruído; requer conferência adicional antes de decisão forte.,O território está próximo de pares vizinhos e pode oscilar no próximo ciclo.,"Verificar eventos recentes, pressão territorial e coerência com inteligência local antes da próxima atualização do ranking."
2026-06-23T14:59:06,2026-06-18,src/core/orchestrator.py:get_combined_risk,cities_rmf_top20,15,HORIZONTE,HORIZONTE,rmf,cidade,2.2,baixo,35.8,muito baixa,30.7,baixa,0,0,147.0,1.3,0.0,6.7,100.0,20.0,100.0,0.0,-0.55,22.2,14,14,False,stable,Atividade recente e vizinhança,6.7,Sinal Poisson do ranking operacional,1.3,Tensão territorial,0.0,Atividade recente e vizinhança: 6.7% | Sinal Poisson do ranking operacional: 1.3% | Tensão territorial: 0.0%,"HORIZONTE aparece na posição 15 de 19, com risco 2.2 e nível baixo; é território de atenção tática.","O peso principal vem de atividade recente e vizinhança, com suporte territorial de 20.0% e 0 registros recentes na janela de 30 dias.",Leitura sensível a ruído; requer conferência adicional antes de decisão forte.,O território está próximo de pares vizinhos e pode oscilar no próximo ciclo.,"Verificar eventos recentes, pressão territorial e coerência com inteligência local antes da próxima atualização do ranking."
2026-06-23T14:59:06,2026-06-18,src/core/orchestrator.py:get_combined_risk,cities_rmf_top20,16,GUAIUBA,GUAIUBA,rmf,cidade,2.16,baixo,35.8,muito baixa,27.4,baixa,0,0,68.0,1.2,0.0,6.7,100.0,20.0,100.0,0.0,-0.55,16.7,14,14,False,stable,Atividade recente e vizinhança,6.7,Sinal Poisson do ranking operacional,1.2,Tensão territorial,0.0,Atividade recente e vizinhança: 6.7% | Sinal Poisson do ranking operacional: 1.2% | Tensão territorial: 0.0%,"GUAIUBA aparece na posição 16 de 19, com risco 2.2 e nível baixo; é território de atenção tática.","O peso principal vem de atividade recente e vizinhança, com suporte territorial de 20.0% e 0 registros recentes na janela de 30 dias.",Leitura sensível a ruído; requer conferência adicional antes de decisão forte.,O território está próximo de pares vizinhos e pode oscilar no próximo ciclo.,"Verificar eventos recentes, pressão territorial e coerência com inteligência local antes da próxima atualização do ranking."
2026-06-23T14:59:06,2026-06-18,src/core/orchestrator.py:get_combined_risk,cities_rmf_top20,17,AQUIRAZ,AQUIRAZ,rmf,cidade,2.08,baixo,35.8,muito baixa,24.0,baixa,0,0,157.0,1.0,0.0,6.7,100.0,20.0,100.0,0.0,-0.55,11.1,14,14,False,stable,Atividade recente e vizinhança,6.7,Sinal Poisson do ranking operacional,1.0,Tensão territorial,0.0,Atividade recente e vizinhança: 6.7% | Sinal Poisson do ranking operacional: 1.0% | Tensão territorial: 0.0%,"AQUIRAZ aparece na posição 17 de 19, com risco 2.1 e nível baixo; é território de atenção tática.","O peso principal vem de atividade recente e vizinhança, com suporte territorial de 20.0% e 0 registros recentes na janela de 30 dias.",Leitura sensível a ruído; requer conferência adicional antes de decisão forte.,O território está próximo de pares vizinhos e pode oscilar no próximo ciclo.,"Verificar eventos recentes, pressão territorial e coerência com inteligência local antes da próxima atualização do ranking."
2026-06-23T14:59:06,2026-06-18,src/core/orchestrator.py:get_combined_risk,cities_rmf_top20,18,SAO LUIS DO CURU,SAO LUIS DO CURU,rmf,cidade,1.73,baixo,31.5,muito baixa,20.6,baixa,0,0,26.0,0.1,0.0,6.7,100.0,3.0,15.0,0.0,-0.57,5.6,14,14,False,stable,Atividade recente e vizinhança,6.7,Sinal Poisson do ranking operacional,0.1,Tensão territorial,0.0,Atividade recente e vizinhança: 6.7% | Sinal Poisson do ranking operacional: 0.1% | Tensão territorial: 0.0%,"SAO LUIS DO CURU aparece na posição 18 de 19, com risco 1.7 e nível baixo; é território de atenção tática.","O peso principal vem de atividade recente e vizinhança, com suporte territorial de 3.0% e 0 registros recentes na janela de 30 dias.",Leitura sensível a ruído; requer conferência adicional antes de decisão forte.,O território está próximo de pares vizinhos e pode oscilar no próximo ciclo.,"Verificar eventos recentes, pressão territorial e coerência com inteligência local antes da próxima atualização do ranking."
2026-06-23T14:59:06,2026-06-18,src/core/orchestrator.py:get_combined_risk,cities_rmf_top20,19,CHOROZINHO,CHOROZINHO,rmf,cidade,1.67,baixo,32.6,muito baixa,17.2,baixa,0,0,35.0,0.0,0.0,6.7,100.0,7.5,37.5,0.0,-0.57,0.0,14,14,False,stable,Atividade recente e vizinhança,6.7,Sinal Poisson do ranking operacional,0.0,Tensão territorial,0.0,Atividade recente e vizinhança: 6.7% | Sinal Poisson do ranking operacional: 0.0% | Tensão territorial: 0.0%,"CHOROZINHO aparece na posição 19 de 19, com risco 1.7 e nível baixo; é território de atenção tática.","O peso principal vem de atividade recente e vizinhança, com suporte territorial de 7.5% e 0 registros recentes na janela de 30 dias.",Leitura sensível a ruído; requer conferência adicional antes de decisão forte.,O território está próximo de pares vizinhos e pode oscilar no próximo ciclo.,"Verificar eventos recentes, pressão territorial e coerência com inteligência local antes da próxima atualização do ranking."
2026-06-23T14:59:06,2026-06-18,src/core/orchestrator.py:get_combined_risk,cities_interior_top30,1,SOBRAL,SOBRAL,interior,cidade,94.69,crítico,95.0,alta,97.3,muito alta,2,3,386.0,100.0,100.0,100.0,23.3,100.0,100.0,100.0,3.61,100.0,14,14,False,stable,Sinal Poisson do ranking operacional,100.0,Tensão territorial,100.0,Atividade recente e vizinhança,100.0,Sinal Poisson do ranking operacional: 100.0% | Tensão territorial: 100.0% | Atividade recente e vizinhança: 100.0%,"SOBRAL aparece na posição 1 de 50, com risco 94.7 e nível crítico; é prioridade imediata de acompanhamento.","O peso principal vem de sinal poisson do ranking operacional, com suporte territorial de 100.0% e 3 registros recentes na janela de 30 dias.",Leitura com boa sustentação dos sinais atuais.,O território está bem destacado no ranking frente aos pares.,"Verificar eventos recentes, pressão territorial e coerência com inteligência local antes da próxima atualização do ranking."
2026-06-23T14:59:06,2026-06-18,src/core/orchestrator.py:get_combined_risk,cities_interior_top30,2,JUAZEIRO DO NORTE,JUAZEIRO DO NORTE,interior,cidade,92.6,crítico,99.0,alta,95.7,muito alta,2,4,318.0,99.0,100.0,100.0,30.0,100.0,100.0,100.0,3.51,98.0,14,14,False,stable,Tensão territorial,100.0,Atividade recente e vizinhança,100.0,Sinal Poisson do ranking operacional,99.0,Tensão territorial: 100.0% | Atividade recente e vizinhança: 100.0% | Sinal Poisson do ranking operacional: 99.0%,"JUAZEIRO DO NORTE aparece na posição 2 de 50, com risco 92.6 e nível crítico; é prioridade imediata de acompanhamento.","O peso principal vem de tensão territorial, com suporte territorial de 100.0% e 4 registros recentes na janela de 30 dias.",Leitura com boa sustentação dos sinais atuais.,O território está bem destacado no ranking frente aos pares.,"Verificar eventos recentes, pressão territorial e coerência com inteligência local antes da próxima atualização do ranking."
2026-06-23T14:59:06,2026-06-18,src/core/orchestrator.py:get_combined_risk,cities_interior_top30,3,ITAPIPOCA,ITAPIPOCA,interior,cidade,53.57,alto,85.1,alta,85.6,muito alta,2,3,195.0,30.3,100.0,100.0,16.7,100.0,100.0,100.0,1.68,95.9,14,14,False,stable,Tensão territorial,100.0,Atividade recente e vizinhança,100.0,CVLI recente na janela de 30 dias,60.0,Tensão territorial: 100.0% | Atividade recente e vizinhança: 100.0% | CVLI recente na janela de 30 dias: 60.0%,"ITAPIPOCA aparece na posição 3 de 50, com risco 53.6 e nível alto; é prioridade imediata de acompanhamento.","O peso principal vem de tensão territorial, com suporte territorial de 100.0% e 3 registros recentes na janela de 30 dias.",Leitura com boa sustentação dos sinais atuais.,O território está bem destacado no ranking frente aos pares.,"Verificar eventos recentes, pressão territorial e coerência com inteligência local antes da próxima atualização do ranking."
2026-06-23T14:59:06,2026-06-18,src/core/orchestrator.py:get_combined_risk,cities_interior_top30,4,MORADA NOVA,MORADA NOVA,interior,cidade,51.5,alto,84.7,moderada,83.9,alta,2,3,150.0,27.3,100.0,100.0,20.0,100.0,100.0,100.0,1.59,93.9,14,14,False,stable,Tensão territorial,100.0,Atividade recente e vizinhança,100.0,CVLI recente na janela de 30 dias,60.0,Tensão territorial: 100.0% | Atividade recente e vizinhança: 100.0% | CVLI recente na janela de 30 dias: 60.0%,"MORADA NOVA aparece na posição 4 de 50, com risco 51.5 e nível alto; é prioridade imediata de acompanhamento.","O peso principal vem de tensão territorial, com suporte territorial de 100.0% e 3 registros recentes na janela de 30 dias.","Leitura consistente, mas ainda pede validação operacional pontual.","O território se diferencia do bloco intermediário, mas sem isolamento absoluto.","Verificar eventos recentes, pressão territorial e coerência com inteligência local antes da próxima atualização do ranking."
2026-06-23T14:59:06,2026-06-18,src/core/orchestrator.py:get_combined_risk,cities_interior_top30,5,BOA VIAGEM,BOA VIAGEM,interior,cidade,47.62,moderado,83.8,moderada,81.8,alta,2,3,118.0,20.6,100.0,100.0,16.7,100.0,100.0,100.0,1.4,91.8,14,14,False,stable,Tensão territorial,100.0,Atividade recente e vizinhança,100.0,CVLI recente na janela de 30 dias,60.0,Tensão territorial: 100.0% | Atividade recente e vizinhança: 100.0% | CVLI recente na janela de 30 dias: 60.0%,"BOA VIAGEM aparece na posição 5 de 50, com risco 47.6 e nível moderado; é prioridade imediata de acompanhamento.","O peso principal vem de tensão territorial, com suporte territorial de 100.0% e 3 registros recentes na janela de 30 dias.","Leitura consistente, mas ainda pede validação operacional pontual.","O território se diferencia do bloco intermediário, mas sem isolamento absoluto.","Verificar eventos recentes, pressão territorial e coerência com inteligência local antes da próxima atualização do ranking."
2026-06-23T14:59:06,2026-06-18,src/core/orchestrator.py:get_combined_risk,cities_interior_top30,6,AMONTADA,AMONTADA,interior,cidade,46.4,moderado,88.7,alta,80.3,alta,2,4,141.0,19.9,100.0,100.0,33.3,100.0,100.0,100.0,1.35,89.8,14,14,False,stable,Tensão territorial,100.0,Atividade recente e vizinhança,100.0,CVLI recente na janela de 30 dias,80.0,Tensão territorial: 100.0% | Atividade recente e vizinhança: 100.0% | CVLI recente na janela de 30 dias: 80.0%,"AMONTADA aparece na posição 6 de 50, com risco 46.4 e nível moderado; é prioridade alta de acompanhamento.","O peso principal vem de tensão territorial, com suporte territorial de 100.0% e 4 registros recentes na janela de 30 dias.",Leitura com boa sustentação dos sinais atuais.,"O território se diferencia do bloco intermediário, mas sem isolamento absoluto.","Verificar eventos recentes, pressão territorial e coerência com inteligência local antes da próxima atualização do ranking."
2026-06-23T14:59:06,2026-06-18,src/core/orchestrator.py:get_combined_risk,cities_interior_top30,7,ITAPIUNA,ITAPIUNA,interior,cidade,38.78,moderado,81.8,moderada,77.4,alta,2,3,45.0,6.4,100.0,100.0,26.7,100.0,62.5,100.0,0.99,87.8,14,14,False,stable,Tensão territorial,100.0,Atividade recente e vizinhança,100.0,CVLI recente na janela de 30 dias,60.0,Tensão territorial: 100.0% | Atividade recente e vizinhança: 100.0% | CVLI recente na janela de 30 dias: 60.0%,"ITAPIUNA aparece na posição 7 de 50, com risco 38.8 e nível moderado; é prioridade alta de acompanhamento.","O peso principal vem de tensão territorial, com suporte territorial de 100.0% e 3 registros recentes na janela de 30 dias.","Leitura consistente, mas ainda pede validação operacional pontual.","O território se diferencia do bloco intermediário, mas sem isolamento absoluto.","Verificar eventos recentes, pressão territorial e coerência com inteligência local antes da próxima atualização do ranking."
2026-06-23T14:59:06,2026-06-18,src/core/orchestrator.py:get_combined_risk,cities_interior_top30,8,QUIXADA,QUIXADA,interior,cidade,36.68,moderado,75.4,moderada,75.7,alta,1,1,147.0,22.9,100.0,50.0,13.3,100.0,100.0,100.0,0.89,85.7,14,14,False,stable,Tensão territorial,100.0,Atividade recente e vizinhança,50.0,Sinal Poisson do ranking operacional,22.9,Tensão territorial: 100.0% | Atividade recente e vizinhança: 50.0% | Sinal Poisson do ranking operacional: 22.9%,"QUIXADA aparece na posição 8 de 50, com risco 36.7 e nível moderado; é prioridade alta de acompanhamento.","O peso principal vem de tensão territorial, com suporte territorial de 100.0% e 1 registros recentes na janela de 30 dias.","Leitura consistente, mas ainda pede validação operacional pontual.","O território se diferencia do bloco intermediário, mas sem isolamento absoluto.","Verificar eventos recentes, pressão territorial e coerência com inteligência local antes da próxima atualização do ranking."
2026-06-23T14:59:06,2026-06-18,src/core/orchestrator.py:get_combined_risk,cities_interior_top30,9,RUSSAS,RUSSAS,interior,cidade,34.25,moderado,85.0,alta,73.9,alta,1,3,112.0,19.2,100.0,50.0,16.7,100.0,100.0,100.0,0.78,83.7,14,14,False,stable,Tensão territorial,100.0,CVLI recente na janela de 30 dias,60.0,Atividade recente e vizinhança,50.0,Tensão territorial: 100.0% | CVLI recente na janela de 30 dias: 60.0% | Atividade recente e vizinhança: 50.0%,"RUSSAS aparece na posição 9 de 50, com risco 34.2 e nível moderado; é prioridade alta de acompanhamento.","O peso principal vem de tensão territorial, com suporte territorial de 100.0% e 3 registros recentes na janela de 30 dias.",Leitura com boa sustentação dos sinais atuais.,"O território se diferencia do bloco intermediário, mas sem isolamento absoluto.","Verificar eventos recentes, pressão territorial e coerência com inteligência local antes da próxima atualização do ranking."
2026-06-23T14:59:06,2026-06-18,src/core/orchestrator.py:get_combined_risk,cities_interior_top30,10,LIMOEIRO DO NORTE,LIMOEIRO DO NORTE,interior,cidade,32.79,moderado,84.7,moderada,72.4,alta,1,3,100.0,16.8,100.0,50.0,16.7,100.0,100.0,100.0,0.71,81.6,14,14,False,stable,Tensão territorial,100.0,CVLI recente na janela de 30 dias,60.0,Atividade recente e vizinhança,50.0,Tensão territorial: 100.0% | CVLI recente na janela de 30 dias: 60.0% | Atividade recente e vizinhança: 50.0%,"LIMOEIRO DO NORTE aparece na posição 10 de 50, com risco 32.8 e nível moderado; é prioridade alta de acompanhamento.","O peso principal vem de tensão territorial, com suporte territorial de 100.0% e 3 registros recentes na janela de 30 dias.","Leitura consistente, mas ainda pede validação operacional pontual.","O território se diferencia do bloco intermediário, mas sem isolamento absoluto.","Verificar eventos recentes, pressão territorial e coerência com inteligência local antes da próxima atualização do ranking."
2026-06-23T14:59:06,2026-06-18,src/core/orchestrator.py:get_combined_risk,cities_interior_top30,11,FORQUILHA,FORQUILHA,interior,cidade,29.07,baixo,74.1,moderada,70.3,alta,1,1,90.0,11.3,100.0,50.0,30.0,100.0,100.0,100.0,0.53,79.6,14,14,False,stable,Tensão territorial,100.0,Atividade recente e vizinhança,50.0,CVLI recente na janela de 30 dias,20.0,Tensão territorial: 100.0% | Atividade recente e vizinhança: 50.0% | CVLI recente na janela de 30 dias: 20.0%,"FORQUILHA aparece na posição 11 de 50, com risco 29.1 e nível baixo; é território de atenção tática.","O peso principal vem de tensão territorial, com suporte territorial de 100.0% e 1 registros recentes na janela de 30 dias.","Leitura consistente, mas ainda pede validação operacional pontual.","O território se diferencia do bloco intermediário, mas sem isolamento absoluto.","Verificar eventos recentes, pressão territorial e coerência com inteligência local antes da próxima atualização do ranking."
2026-06-23T14:59:06,2026-06-18,src/core/orchestrator.py:get_combined_risk,cities_interior_top30,12,CRATO,CRATO,interior,cidade,26.86,baixo,78.0,moderada,68.6,moderada,0,2,181.0,28.3,100.0,6.7,50.0,100.0,100.0,100.0,0.43,77.6,14,14,False,stable,Tensão territorial,100.0,CVLI recente na janela de 30 dias,40.0,Sinal Poisson do ranking operacional,28.3,Tensão territorial: 100.0% | CVLI recente na janela de 30 dias: 40.0% | Sinal Poisson do ranking operacional: 28.3%,"CRATO aparece na posição 12 de 50, com risco 26.9 e nível baixo; é território de atenção tática.","O peso principal vem de tensão territorial, com suporte territorial de 100.0% e 2 registros recentes na janela de 30 dias.","Leitura consistente, mas ainda pede validação operacional pontual.",O território está próximo de pares vizinhos e pode oscilar no próximo ciclo.,"Verificar eventos recentes, pressão territorial e coerência com inteligência local antes da próxima atualização do ranking."
2026-06-23T14:59:06,2026-06-18,src/core/orchestrator.py:get_combined_risk,cities_interior_top30,13,VICOSA DO CEARA,VICOSA DO CEARA,interior,cidade,26.03,baixo,73.5,moderada,67.2,moderada,1,1,43.0,5.9,100.0,50.0,23.3,100.0,57.5,100.0,0.39,75.5,14,14,False,stable,Tensão territorial,100.0,Atividade recente e vizinhança,50.0,CVLI recente na janela de 30 dias,20.0,Tensão territorial: 100.0% | Atividade recente e vizinhança: 50.0% | CVLI recente na janela de 30 dias: 20.0%,"VICOSA DO CEARA aparece na posição 13 de 50, com risco 26.0 e nível baixo; é território de atenção tática.","O peso principal vem de tensão territorial, com suporte territorial de 100.0% e 1 registros recentes na janela de 30 dias.","Leitura consistente, mas ainda pede validação operacional pontual.",O território está próximo de pares vizinhos e pode oscilar no próximo ciclo.,"Verificar eventos recentes, pressão territorial e coerência com inteligência local antes da próxima atualização do ranking."
2026-06-23T14:59:06,2026-06-18,src/core/orchestrator.py:get_combined_risk,cities_interior_top30,14,SENADOR POMPEU,SENADOR POMPEU,interior,cidade,24.91,baixo,73.3,moderada,65.7,moderada,1,1,35.0,4.2,100.0,50.0,33.3,100.0,37.5,100.0,0.34,73.5,14,14,False,stable,Tensão territorial,100.0,Atividade recente e vizinhança,50.0,CVLI recente na janela de 30 dias,20.0,Tensão territorial: 100.0% | Atividade recente e vizinhança: 50.0% | CVLI recente na janela de 30 dias: 20.0%,"SENADOR POMPEU aparece na posição 14 de 50, com risco 24.9 e nível baixo; é território de atenção tática.","O peso principal vem de tensão territorial, com suporte territorial de 100.0% e 1 registros recentes na janela de 30 dias.","Leitura consistente, mas ainda pede validação operacional pontual.",O território está próximo de pares vizinhos e pode oscilar no próximo ciclo.,"Verificar eventos recentes, pressão territorial e coerência com inteligência local antes da próxima atualização do ranking."
2026-06-23T14:59:06,2026-06-18,src/core/orchestrator.py:get_combined_risk,cities_interior_top30,15,GRACA,GRACA,interior,cidade,24.61,baixo,73.2,moderada,64.4,moderada,1,1,26.0,3.7,100.0,50.0,33.3,100.0,15.0,100.0,0.32,71.4,14,14,False,stable,Tensão territorial,100.0,Atividade recente e vizinhança,50.0,CVLI recente na janela de 30 dias,20.0,Tensão territorial: 100.0% | Atividade recente e vizinhança: 50.0% | CVLI recente na janela de 30 dias: 20.0%,"GRACA aparece na posição 15 de 50, com risco 24.6 e nível baixo; é território de atenção tática.","O peso principal vem de tensão territorial, com suporte territorial de 100.0% e 1 registros recentes na janela de 30 dias.","Leitura consistente, mas ainda pede validação operacional pontual.",O território está próximo de pares vizinhos e pode oscilar no próximo ciclo.,"Verificar eventos recentes, pressão territorial e coerência com inteligência local antes da próxima atualização do ranking."
2026-06-23T14:59:06,2026-06-18,src/core/orchestrator.py:get_combined_risk,cities_interior_top30,16,NOVO ORIENTE,NOVO ORIENTE,interior,cidade,23.87,baixo,73.1,moderada,63.0,moderada,1,1,28.0,2.5,100.0,50.0,43.3,100.0,20.0,100.0,0.29,69.4,14,14,False,stable,Tensão territorial,100.0,Atividade recente e vizinhança,50.0,CVLI recente na janela de 30 dias,20.0,Tensão territorial: 100.0% | Atividade recente e vizinhança: 50.0% | CVLI recente na janela de 30 dias: 20.0%,"NOVO ORIENTE aparece na posição 16 de 50, com risco 23.9 e nível baixo; é território de atenção tática.","O peso principal vem de tensão territorial, com suporte territorial de 100.0% e 1 registros recentes na janela de 30 dias.","Leitura consistente, mas ainda pede validação operacional pontual.",O território está próximo de pares vizinhos e pode oscilar no próximo ciclo.,"Verificar eventos recentes, pressão territorial e coerência com inteligência local antes da próxima atualização do ranking."
2026-06-23T14:59:06,2026-06-18,src/core/orchestrator.py:get_combined_risk,cities_interior_top30,17,TAUA,TAUA,interior,cidade,17.43,baixo,80.9,moderada,60.3,moderada,1,4,52.0,8.4,0.0,50.0,26.7,100.0,80.0,100.0,-0.01,67.3,14,14,False,stable,CVLI recente na janela de 30 dias,80.0,Atividade recente e vizinhança,50.0,Sinal Poisson do ranking operacional,8.4,CVLI recente na janela de 30 dias: 80.0% | Atividade recente e vizinhança: 50.0% | Sinal Poisson do ranking operacional: 8.4%,"TAUA aparece na posição 17 de 50, com risco 17.4 e nível baixo; é território de atenção tática.","O peso principal vem de cvli recente na janela de 30 dias, com suporte territorial de 100.0% e 4 registros recentes na janela de 30 dias.","Leitura consistente, mas ainda pede validação operacional pontual.",O território está próximo de pares vizinhos e pode oscilar no próximo ciclo.,"Verificar eventos recentes, pressão territorial e coerência com inteligência local antes da próxima atualização do ranking."
2026-06-23T14:59:06,2026-06-18,src/core/orchestrator.py:get_combined_risk,cities_interior_top30,18,TIANGUA,TIANGUA,interior,cidade,14.69,baixo,54.4,muito baixa,58.5,moderada,0,1,127.0,16.1,50.0,6.7,66.7,50.0,100.0,50.0,-0.14,65.3,14,14,False,stable,Tensão territorial,50.0,CVLI recente na janela de 30 dias,20.0,Sinal Poisson do ranking operacional,16.1,Tensão territorial: 50.0% | CVLI recente na janela de 30 dias: 20.0% | Sinal Poisson do ranking operacional: 16.1%,"TIANGUA aparece na posição 18 de 50, com risco 14.7 e nível baixo; é território de atenção tática.","O peso principal vem de tensão territorial, com suporte territorial de 50.0% e 1 registros recentes na janela de 30 dias.",Leitura sensível a ruído; requer conferência adicional antes de decisão forte.,O território está próximo de pares vizinhos e pode oscilar no próximo ciclo.,"Verificar eventos recentes, pressão territorial e coerência com inteligência local antes da próxima atualização do ranking."
2026-06-23T14:59:06,2026-06-18,src/core/orchestrator.py:get_combined_risk,cities_interior_top30,19,ACOPIARA,ACOPIARA,interior,cidade,14.16,baixo,76.7,moderada,57.2,moderada,0,2,46.0,5.0,100.0,6.7,66.7,100.0,65.0,100.0,-0.17,63.3,14,14,False,stable,Tensão territorial,100.0,CVLI recente na janela de 30 dias,40.0,Atividade recente e vizinhança,6.7,Tensão territorial: 100.0% | CVLI recente na janela de 30 dias: 40.0% | Atividade recente e vizinhança: 6.7%,"ACOPIARA aparece na posição 19 de 50, com risco 14.2 e nível baixo; é território de atenção tática.","O peso principal vem de tensão territorial, com suporte territorial de 100.0% e 2 registros recentes na janela de 30 dias.","Leitura consistente, mas ainda pede validação operacional pontual.",O território está próximo de pares vizinhos e pode oscilar no próximo ciclo.,"Verificar eventos recentes, pressão territorial e coerência com inteligência local antes da próxima atualização do ranking."
2026-06-23T14:59:06,2026-06-18,src/core/orchestrator.py:get_combined_risk,cities_interior_top30,20,ICAPUI,ICAPUI,interior,cidade,13.29,baixo,76.6,moderada,55.7,moderada,0,2,32.0,3.4,100.0,6.7,73.3,100.0,30.0,100.0,-0.21,61.2,14,14,False,stable,Tensão territorial,100.0,CVLI recente na janela de 30 dias,40.0,Atividade recente e vizinhança,6.7,Tensão territorial: 100.0% | CVLI recente na janela de 30 dias: 40.0% | Atividade recente e vizinhança: 6.7%,"ICAPUI aparece na posição 20 de 50, com risco 13.3 e nível baixo; é território de atenção tática.","O peso principal vem de tensão territorial, com suporte territorial de 100.0% e 2 registros recentes na janela de 30 dias.","Leitura consistente, mas ainda pede validação operacional pontual.",O território está próximo de pares vizinhos e pode oscilar no próximo ciclo.,"Verificar eventos recentes, pressão territorial e coerência com inteligência local antes da próxima atualização do ranking."
2026-06-23T14:59:06,2026-06-18,src/core/orchestrator.py:get_combined_risk,cities_interior_top30,21,ITAPAJE,ITAPAJE,interior,cidade,11.72,baixo,54.2,muito baixa,54.2,moderada,0,1,97.0,11.0,50.0,6.7,83.3,50.0,100.0,50.0,-0.28,59.2,14,14,False,stable,Tensão territorial,50.0,CVLI recente na janela de 30 dias,20.0,Sinal Poisson do ranking operacional,11.0,Tensão territorial: 50.0% | CVLI recente na janela de 30 dias: 20.0% | Sinal Poisson do ranking operacional: 11.0%,"ITAPAJE aparece na posição 21 de 50, com risco 11.7 e nível baixo; é território de atenção tática.","O peso principal vem de tensão territorial, com suporte territorial de 50.0% e 1 registros recentes na janela de 30 dias.",Leitura sensível a ruído; requer conferência adicional antes de decisão forte.,O território está próximo de pares vizinhos e pode oscilar no próximo ciclo.,"Verificar eventos recentes, pressão territorial e coerência com inteligência local antes da próxima atualização do ranking."
2026-06-23T14:59:06,2026-06-18,src/core/orchestrator.py:get_combined_risk,cities_interior_top30,22,PEDRA BRANCA,PEDRA BRANCA,interior,cidade,10.67,baixo,53.9,muito baixa,52.7,moderada,0,1,57.0,7.4,50.0,6.7,46.7,50.0,92.5,50.0,-0.33,57.1,14,14,False,stable,Tensão territorial,50.0,CVLI recente na janela de 30 dias,20.0,Sinal Poisson do ranking operacional,7.4,Tensão territorial: 50.0% | CVLI recente na janela de 30 dias: 20.0% | Sinal Poisson do ranking operacional: 7.4%,"PEDRA BRANCA aparece na posição 22 de 50, com risco 10.7 e nível baixo; é território de atenção tática.","O peso principal vem de tensão territorial, com suporte territorial de 50.0% e 1 registros recentes na janela de 30 dias.",Leitura sensível a ruído; requer conferência adicional antes de decisão forte.,O território está próximo de pares vizinhos e pode oscilar no próximo ciclo.,"Verificar eventos recentes, pressão territorial e coerência com inteligência local antes da próxima atualização do ranking."
2026-06-23T14:59:06,2026-06-18,src/core/orchestrator.py:get_combined_risk,cities_interior_top30,23,IRAUCUBA,IRAUCUBA,interior,cidade,8.68,baixo,53.7,muito baixa,51.0,moderada,0,1,35.0,3.7,50.0,6.7,46.7,50.0,37.5,50.0,-0.43,55.1,14,14,False,stable,Tensão territorial,50.0,CVLI recente na janela de 30 dias,20.0,Atividade recente e vizinhança,6.7,Tensão territorial: 50.0% | CVLI recente na janela de 30 dias: 20.0% | Atividade recente e vizinhança: 6.7%,"IRAUCUBA aparece na posição 23 de 50, com risco 8.7 e nível baixo; é território de atenção tática.","O peso principal vem de tensão territorial, com suporte territorial de 50.0% e 1 registros recentes na janela de 30 dias.",Leitura sensível a ruído; requer conferência adicional antes de decisão forte.,O território está próximo de pares vizinhos e pode oscilar no próximo ciclo.,"Verificar eventos recentes, pressão territorial e coerência com inteligência local antes da próxima atualização do ranking."
2026-06-23T14:59:06,2026-06-18,src/core/orchestrator.py:get_combined_risk,cities_interior_top30,24,CARIRE,CARIRE,interior,cidade,8.35,baixo,53.6,muito baixa,49.7,baixa,0,1,53.0,3.6,50.0,6.7,83.3,50.0,82.5,50.0,-0.44,53.1,14,14,False,stable,Tensão territorial,50.0,CVLI recente na janela de 30 dias,20.0,Atividade recente e vizinhança,6.7,Tensão territorial: 50.0% | CVLI recente na janela de 30 dias: 20.0% | Atividade recente e vizinhança: 6.7%,"CARIRE aparece na posição 24 de 50, com risco 8.3 e nível baixo; é território de atenção tática.","O peso principal vem de tensão territorial, com suporte territorial de 50.0% e 1 registros recentes na janela de 30 dias.",Leitura sensível a ruído; requer conferência adicional antes de decisão forte.,O território está próximo de pares vizinhos e pode oscilar no próximo ciclo.,"Verificar eventos recentes, pressão territorial e coerência com inteligência local antes da próxima atualização do ranking."
2026-06-23T14:59:06,2026-06-18,src/core/orchestrator.py:get_combined_risk,cities_interior_top30,25,GROAIRAS,GROAIRAS,interior,cidade,7.37,baixo,53.5,muito baixa,48.3,baixa,0,1,48.0,1.6,50.0,6.7,96.7,50.0,70.0,50.0,-0.49,51.0,14,14,False,stable,Tensão territorial,50.0,CVLI recente na janela de 30 dias,20.0,Atividade recente e vizinhança,6.7,Tensão territorial: 50.0% | CVLI recente na janela de 30 dias: 20.0% | Atividade recente e vizinhança: 6.7%,"GROAIRAS aparece na posição 25 de 50, com risco 7.4 e nível baixo; é território de atenção tática.","O peso principal vem de tensão territorial, com suporte territorial de 50.0% e 1 registros recentes na janela de 30 dias.",Leitura sensível a ruído; requer conferência adicional antes de decisão forte.,O território está próximo de pares vizinhos e pode oscilar no próximo ciclo.,"Verificar eventos recentes, pressão territorial e coerência com inteligência local antes da próxima atualização do ranking."
2026-06-23T14:59:06,2026-06-18,src/core/orchestrator.py:get_combined_risk,cities_interior_top30,26,ARACATI,ARACATI,interior,cidade,6.88,baixo,38.2,muito baixa,47.0,baixa,0,0,96.0,7.6,20.0,6.7,100.0,20.0,100.0,0.0,-0.51,49.0,14,14,False,stable,Tensão territorial,20.0,Sinal Poisson do ranking operacional,7.6,Atividade recente e vizinhança,6.7,Tensão territorial: 20.0% | Sinal Poisson do ranking operacional: 7.6% | Atividade recente e vizinhança: 6.7%,"ARACATI aparece na posição 26 de 50, com risco 6.9 e nível baixo; é território de atenção tática.","O peso principal vem de tensão territorial, com suporte territorial de 20.0% e 0 registros recentes na janela de 30 dias.",Leitura sensível a ruído; requer conferência adicional antes de decisão forte.,O território está próximo de pares vizinhos e pode oscilar no próximo ciclo.,"Verificar eventos recentes, pressão territorial e coerência com inteligência local antes da próxima atualização do ranking."
2026-06-23T14:59:06,2026-06-18,src/core/orchestrator.py:get_combined_risk,cities_interior_top30,27,SAO BENEDITO,SAO BENEDITO,interior,cidade,6.57,baixo,38.1,muito baixa,45.6,baixa,0,0,89.0,6.9,20.0,6.7,100.0,20.0,100.0,0.0,-0.52,46.9,14,14,False,stable,Tensão territorial,20.0,Sinal Poisson do ranking operacional,6.9,Atividade recente e vizinhança,6.7,Tensão territorial: 20.0% | Sinal Poisson do ranking operacional: 6.9% | Atividade recente e vizinhança: 6.7%,"SAO BENEDITO aparece na posição 27 de 50, com risco 6.6 e nível baixo; é território de atenção tática.","O peso principal vem de tensão territorial, com suporte territorial de 20.0% e 0 registros recentes na janela de 30 dias.",Leitura sensível a ruído; requer conferência adicional antes de decisão forte.,O território está próximo de pares vizinhos e pode oscilar no próximo ciclo.,"Verificar eventos recentes, pressão territorial e coerência com inteligência local antes da próxima atualização do ranking."
2026-06-23T14:59:06,2026-06-18,src/core/orchestrator.py:get_combined_risk,cities_interior_top30,28,IGUATU,IGUATU,interior,cidade,6.57,baixo,38.1,muito baixa,44.4,baixa,0,0,92.0,6.9,20.0,6.7,100.0,20.0,100.0,0.0,-0.52,44.9,14,14,False,stable,Tensão territorial,20.0,Sinal Poisson do ranking operacional,6.9,Atividade recente e vizinhança,6.7,Tensão territorial: 20.0% | Sinal Poisson do ranking operacional: 6.9% | Atividade recente e vizinhança: 6.7%,"IGUATU aparece na posição 28 de 50, com risco 6.6 e nível baixo; é território de atenção tática.","O peso principal vem de tensão territorial, com suporte territorial de 20.0% e 0 registros recentes na janela de 30 dias.",Leitura sensível a ruído; requer conferência adicional antes de decisão forte.,O território está próximo de pares vizinhos e pode oscilar no próximo ciclo.,"Verificar eventos recentes, pressão territorial e coerência com inteligência local antes da próxima atualização do ranking."
2026-06-23T14:59:06,2026-06-18,src/core/orchestrator.py:get_combined_risk,cities_interior_top30,29,BARBALHA,BARBALHA,interior,cidade,6.35,baixo,38.1,muito baixa,43.2,baixa,0,0,71.0,6.4,20.0,6.7,100.0,20.0,100.0,0.0,-0.53,42.9,14,14,False,stable,Tensão territorial,20.0,Atividade recente e vizinhança,6.7,Sinal Poisson do ranking operacional,6.4,Tensão territorial: 20.0% | Atividade recente e vizinhança: 6.7% | Sinal Poisson do ranking operacional: 6.4%,"BARBALHA aparece na posição 29 de 50, com risco 6.3 e nível baixo; é território de atenção tática.","O peso principal vem de tensão territorial, com suporte territorial de 20.0% e 0 registros recentes na janela de 30 dias.",Leitura sensível a ruído; requer conferência adicional antes de decisão forte.,O território está próximo de pares vizinhos e pode oscilar no próximo ciclo.,"Verificar eventos recentes, pressão territorial e coerência com inteligência local antes da próxima atualização do ranking."
2026-06-23T14:59:06,2026-06-18,src/core/orchestrator.py:get_combined_risk,cities_interior_top30,30,ITAREMA,ITAREMA,interior,cidade,6.3,baixo,38.1,muito baixa,41.9,baixa,0,0,126.0,6.2,20.0,6.7,100.0,20.0,100.0,0.0,-0.54,40.8,14,14,False,stable,Tensão territorial,20.0,Atividade recente e vizinhança,6.7,Sinal Poisson do ranking operacional,6.2,Tensão territorial: 20.0% | Atividade recente e vizinhança: 6.7% | Sinal Poisson do ranking operacional: 6.2%,"ITAREMA aparece na posição 30 de 50, com risco 6.3 e nível baixo; é território de atenção tática.","O peso principal vem de tensão territorial, com suporte territorial de 20.0% e 0 registros recentes na janela de 30 dias.",Leitura sensível a ruído; requer conferência adicional antes de decisão forte.,O território está próximo de pares vizinhos e pode oscilar no próximo ciclo.,"Verificar eventos recentes, pressão territorial e coerência com inteligência local antes da próxima atualização do ranking."
2026-06-23T14:59:06,2026-06-18,src/core/orchestrator.py:get_combined_risk,fortaleza_bairros_top30,1,BARRA DO CEARA,BARRA DO CEARA,fortaleza,bairro,78.4,crítico,82.9,moderada,100.0,muito alta,1,2,135.0,100.0,100.0,50.0,40.0,100.0,100.0,100.0,5.46,100.0,90,90,False,stable,Sinal Poisson do ranking operacional,100.0,Tensão territorial,100.0,Atividade recente e vizinhança,50.0,Sinal Poisson do ranking operacional: 100.0% | Tensão territorial: 100.0% | Atividade recente e vizinhança: 50.0%,"BARRA DO CEARA aparece na posição 1 de 101, com risco 78.4 e nível crítico; é prioridade imediata de acompanhamento.","O peso principal vem de sinal poisson do ranking operacional, com suporte territorial de 100.0% e 2 registros recentes na janela de 30 dias.","Leitura consistente, mas ainda pede validação operacional pontual.",O território está bem destacado no ranking frente aos pares.,"Verificar eventos recentes, pressão territorial e coerência com inteligência local antes da próxima atualização do ranking."
2026-06-23T14:59:06,2026-06-18,src/core/orchestrator.py:get_combined_risk,fortaleza_bairros_top30,2,PLANALTO AYRTON SENNA,PLANALTO AYRTON SENNA,fortaleza,bairro,61.09,alto,81.8,moderada,99.2,muito alta,2,2,95.0,42.1,100.0,100.0,13.3,100.0,100.0,100.0,4.12,99.0,90,90,False,stable,Tensão territorial,100.0,Atividade recente e vizinhança,100.0,Sinal Poisson do ranking operacional,42.1,Tensão territorial: 100.0% | Atividade recente e vizinhança: 100.0% | Sinal Poisson do ranking operacional: 42.1%,"PLANALTO AYRTON SENNA aparece na posição 2 de 101, com risco 61.1 e nível alto; é prioridade imediata de acompanhamento.","O peso principal vem de tensão territorial, com suporte territorial de 100.0% e 2 registros recentes na janela de 30 dias.","Leitura consistente, mas ainda pede validação operacional pontual.",O território está bem destacado no ranking frente aos pares.,"Verificar eventos recentes, pressão territorial e coerência com inteligência local antes da próxima atualização do ranking."
2026-06-23T14:59:06,2026-06-18,src/core/orchestrator.py:get_combined_risk,fortaleza_bairros_top30,3,MESSEJANA,MESSEJANA,fortaleza,bairro,50.68,moderado,61.5,baixa,94.7,muito alta,0,1,116.0,64.1,50.0,49.1,56.7,50.0,100.0,50.0,3.32,98.0,90,90,False,stable,Sinal Poisson do ranking operacional,64.1,Tensão territorial,50.0,Atividade recente e vizinhança,49.1,Sinal Poisson do ranking operacional: 64.1% | Tensão territorial: 50.0% | Atividade recente e vizinhança: 49.1%,"MESSEJANA aparece na posição 3 de 101, com risco 50.7 e nível moderado; é prioridade imediata de acompanhamento.","O peso principal vem de sinal poisson do ranking operacional, com suporte territorial de 50.0% e 1 registros recentes na janela de 30 dias.",Leitura sensível a ruído; requer conferência adicional antes de decisão forte.,O território está bem destacado no ranking frente aos pares.,"Verificar eventos recentes, pressão territorial e coerência com inteligência local antes da próxima atualização do ranking."
2026-06-23T14:59:06,2026-06-18,src/core/orchestrator.py:get_combined_risk,fortaleza_bairros_top30,4,ALVARO WEYNE,ALVARO WEYNE,fortaleza,bairro,40.25,moderado,82.2,moderada,90.3,muito alta,2,3,28.0,9.4,100.0,100.0,40.0,100.0,20.0,100.0,2.52,97.0,90,90,False,stable,Tensão territorial,100.0,Atividade recente e vizinhança,100.0,CVLI recente na janela de 30 dias,60.0,Tensão territorial: 100.0% | Atividade recente e vizinhança: 100.0% | CVLI recente na janela de 30 dias: 60.0%,"ALVARO WEYNE aparece na posição 4 de 101, com risco 40.2 e nível moderado; é prioridade imediata de acompanhamento.","O peso principal vem de tensão territorial, com suporte territorial de 100.0% e 3 registros recentes na janela de 30 dias.","Leitura consistente, mas ainda pede validação operacional pontual.",O território está bem destacado no ranking frente aos pares.,"Verificar eventos recentes, pressão territorial e coerência com inteligência local antes da próxima atualização do ranking."
2026-06-23T14:59:06,2026-06-18,src/core/orchestrator.py:get_combined_risk,fortaleza_bairros_top30,5,LAGOA REDONDA,LAGOA REDONDA,fortaleza,bairro,34.27,moderado,75.0,moderada,87.5,muito alta,1,1,56.0,18.8,100.0,50.0,10.0,100.0,90.0,100.0,2.06,96.0,90,90,False,stable,Tensão territorial,100.0,Atividade recente e vizinhança,50.0,CVLI recente na janela de 30 dias,20.0,Tensão territorial: 100.0% | Atividade recente e vizinhança: 50.0% | CVLI recente na janela de 30 dias: 20.0%,"LAGOA REDONDA aparece na posição 5 de 101, com risco 34.3 e nível moderado; é prioridade imediata de acompanhamento.","O peso principal vem de tensão territorial, com suporte territorial de 100.0% e 1 registros recentes na janela de 30 dias.","Leitura consistente, mas ainda pede validação operacional pontual.",O território está bem destacado no ranking frente aos pares.,"Verificar eventos recentes, pressão territorial e coerência com inteligência local antes da próxima atualização do ranking."
2026-06-23T14:59:06,2026-06-18,src/core/orchestrator.py:get_combined_risk,fortaleza_bairros_top30,6,JOSE DE ALENCAR,JOSE DE ALENCAR,fortaleza,bairro,31.68,moderado,79.0,moderada,85.9,muito alta,0,2,44.0,10.9,100.0,66.7,83.3,100.0,60.0,100.0,1.86,95.0,90,90,False,stable,Tensão territorial,100.0,Atividade recente e vizinhança,66.7,CVLI recente na janela de 30 dias,40.0,Tensão territorial: 100.0% | Atividade recente e vizinhança: 66.7% | CVLI recente na janela de 30 dias: 40.0%,"JOSE DE ALENCAR aparece na posição 6 de 101, com risco 31.7 e nível moderado; é prioridade alta de acompanhamento.","O peso principal vem de tensão territorial, com suporte territorial de 100.0% e 2 registros recentes na janela de 30 dias.","Leitura consistente, mas ainda pede validação operacional pontual.",O território está bem destacado no ranking frente aos pares.,"Verificar eventos recentes, pressão territorial e coerência com inteligência local antes da próxima atualização do ranking."
2026-06-23T14:59:06,2026-06-18,src/core/orchestrator.py:get_combined_risk,fortaleza_bairros_top30,7,CANINDEZINHO,CANINDEZINHO,fortaleza,bairro,30.93,baixo,74.4,moderada,85.0,muito alta,1,1,45.0,14.1,100.0,50.0,23.3,100.0,62.5,100.0,1.8,94.0,90,90,False,stable,Tensão territorial,100.0,Atividade recente e vizinhança,50.0,CVLI recente na janela de 30 dias,20.0,Tensão territorial: 100.0% | Atividade recente e vizinhança: 50.0% | CVLI recente na janela de 30 dias: 20.0%,"CANINDEZINHO aparece na posição 7 de 101, com risco 30.9 e nível baixo; é prioridade alta de acompanhamento.","O peso principal vem de tensão territorial, com suporte territorial de 100.0% e 1 registros recentes na janela de 30 dias.","Leitura consistente, mas ainda pede validação operacional pontual.",O território está bem destacado no ranking frente aos pares.,"Verificar eventos recentes, pressão territorial e coerência com inteligência local antes da próxima atualização do ranking."
2026-06-23T14:59:06,2026-06-18,src/core/orchestrator.py:get_combined_risk,fortaleza_bairros_top30,8,CENTRO,CENTRO,fortaleza,bairro,30.08,baixo,74.2,moderada,84.1,alta,1,1,40.0,12.1,100.0,50.0,10.0,100.0,50.0,100.0,1.73,93.0,90,90,False,stable,Tensão territorial,100.0,Atividade recente e vizinhança,50.0,CVLI recente na janela de 30 dias,20.0,Tensão territorial: 100.0% | Atividade recente e vizinhança: 50.0% | CVLI recente na janela de 30 dias: 20.0%,"CENTRO aparece na posição 8 de 101, com risco 30.1 e nível baixo; é prioridade alta de acompanhamento.","O peso principal vem de tensão territorial, com suporte territorial de 100.0% e 1 registros recentes na janela de 30 dias.","Leitura consistente, mas ainda pede validação operacional pontual.","O território se diferencia do bloco intermediário, mas sem isolamento absoluto.","Verificar eventos recentes, pressão territorial e coerência com inteligência local antes da próxima atualização do ranking."
2026-06-23T14:59:06,2026-06-18,src/core/orchestrator.py:get_combined_risk,fortaleza_bairros_top30,9,CURIO,CURIO,fortaleza,bairro,25.74,baixo,41.5,muito baixa,81.9,alta,0,0,26.0,4.9,3.0,93.5,100.0,3.0,15.0,0.0,1.4,92.0,90,90,False,stable,Atividade recente e vizinhança,93.5,Sinal Poisson do ranking operacional,4.9,Tensão territorial,3.0,Atividade recente e vizinhança: 93.5% | Sinal Poisson do ranking operacional: 4.9% | Tensão territorial: 3.0%,"CURIO aparece na posição 9 de 101, com risco 25.7 e nível baixo; é prioridade alta de acompanhamento.","O peso principal vem de atividade recente e vizinhança, com suporte territorial de 3.0% e 0 registros recentes na janela de 30 dias.",Leitura sensível a ruído; requer conferência adicional antes de decisão forte.,"O território se diferencia do bloco intermediário, mas sem isolamento absoluto.","Verificar eventos recentes, pressão territorial e coerência com inteligência local antes da próxima atualização do ranking."
2026-06-23T14:59:06,2026-06-18,src/core/orchestrator.py:get_combined_risk,fortaleza_bairros_top30,10,CAMBEBA,CAMBEBA,fortaleza,bairro,25.13,baixo,40.7,muito baixa,81.1,alta,0,0,10.0,1.7,0.0,97.6,100.0,0.0,0.0,0.0,1.35,91.0,90,90,False,stable,Atividade recente e vizinhança,97.6,Sinal Poisson do ranking operacional,1.7,Tensão territorial,0.0,Atividade recente e vizinhança: 97.6% | Sinal Poisson do ranking operacional: 1.7% | Tensão territorial: 0.0%,"CAMBEBA aparece na posição 10 de 101, com risco 25.1 e nível baixo; é prioridade alta de acompanhamento.","O peso principal vem de atividade recente e vizinhança, com suporte territorial de 0.0% e 0 registros recentes na janela de 30 dias.",Leitura sensível a ruído; requer conferência adicional antes de decisão forte.,"O território se diferencia do bloco intermediário, mas sem isolamento absoluto.","Verificar eventos recentes, pressão territorial e coerência com inteligência local antes da próxima atualização do ranking."
2026-06-23T14:59:06,2026-06-18,src/core/orchestrator.py:get_combined_risk,fortaleza_bairros_top30,11,GRANJA LISBOA,GRANJA LISBOA,fortaleza,bairro,20.84,baixo,40.7,muito baixa,78.9,alta,0,0,110.0,44.6,20.0,0.0,100.0,20.0,100.0,0.0,1.02,90.0,90,90,False,stable,Sinal Poisson do ranking operacional,44.6,Tensão territorial,20.0,Atividade recente e vizinhança,0.0,Sinal Poisson do ranking operacional: 44.6% | Tensão territorial: 20.0% | Atividade recente e vizinhança: 0.0%,"GRANJA LISBOA aparece na posição 11 de 101, com risco 20.8 e nível baixo; é território de atenção tática.","O peso principal vem de sinal poisson do ranking operacional, com suporte territorial de 20.0% e 0 registros recentes na janela de 30 dias.",Leitura sensível a ruído; requer conferência adicional antes de decisão forte.,"O território se diferencia do bloco intermediário, mas sem isolamento absoluto.","Verificar eventos recentes, pressão territorial e coerência com inteligência local antes da próxima atualização do ranking."
2026-06-23T14:59:06,2026-06-18,src/core/orchestrator.py:get_combined_risk,fortaleza_bairros_top30,12,JOSE WALTER,JOSE WALTER,fortaleza,bairro,17.89,baixo,39.8,muito baixa,77.2,alta,0,0,102.0,37.6,20.0,0.0,100.0,20.0,100.0,0.0,0.79,89.0,90,90,False,stable,Sinal Poisson do ranking operacional,37.6,Tensão territorial,20.0,Atividade recente e vizinhança,0.0,Sinal Poisson do ranking operacional: 37.6% | Tensão territorial: 20.0% | Atividade recente e vizinhança: 0.0%,"JOSE WALTER aparece na posição 12 de 101, com risco 17.9 e nível baixo; é território de atenção tática.","O peso principal vem de sinal poisson do ranking operacional, com suporte territorial de 20.0% e 0 registros recentes na janela de 30 dias.",Leitura sensível a ruído; requer conferência adicional antes de decisão forte.,"O território se diferencia do bloco intermediário, mas sem isolamento absoluto.","Verificar eventos recentes, pressão territorial e coerência com inteligência local antes da próxima atualização do ranking."
2026-06-23T14:59:06,2026-06-18,src/core/orchestrator.py:get_combined_risk,fortaleza_bairros_top30,13,ITAPERI,ITAPERI,fortaleza,bairro,17.3,baixo,37.3,muito baixa,76.4,alta,0,0,11.0,1.5,0.0,66.7,100.0,0.0,0.0,0.0,0.75,88.0,90,90,False,stable,Atividade recente e vizinhança,66.7,Sinal Poisson do ranking operacional,1.5,Tensão territorial,0.0,Atividade recente e vizinhança: 66.7% | Sinal Poisson do ranking operacional: 1.5% | Tensão territorial: 0.0%,"ITAPERI aparece na posição 13 de 101, com risco 17.3 e nível baixo; é território de atenção tática.","O peso principal vem de atividade recente e vizinhança, com suporte territorial de 0.0% e 0 registros recentes na janela de 30 dias.",Leitura sensível a ruído; requer conferência adicional antes de decisão forte.,"O território se diferencia do bloco intermediário, mas sem isolamento absoluto.","Verificar eventos recentes, pressão territorial e coerência com inteligência local antes da próxima atualização do ranking."
2026-06-23T14:59:06,2026-06-18,src/core/orchestrator.py:get_combined_risk,fortaleza_bairros_top30,14,PARQUE DOIS IRMAOS,PARQUE DOIS IRMAOS,fortaleza,bairro,15.2,baixo,54.8,muito baixa,75.0,alta,0,1,33.0,7.6,50.0,26.0,70.0,50.0,32.5,50.0,0.59,87.0,90,90,False,stable,Tensão territorial,50.0,Atividade recente e vizinhança,26.0,CVLI recente na janela de 30 dias,20.0,Tensão territorial: 50.0% | Atividade recente e vizinhança: 26.0% | CVLI recente na janela de 30 dias: 20.0%,"PARQUE DOIS IRMAOS aparece na posição 14 de 101, com risco 15.2 e nível baixo; é território de atenção tática.","O peso principal vem de tensão territorial, com suporte territorial de 50.0% e 1 registros recentes na janela de 30 dias.",Leitura sensível a ruído; requer conferência adicional antes de decisão forte.,"O território se diferencia do bloco intermediário, mas sem isolamento absoluto.","Verificar eventos recentes, pressão territorial e coerência com inteligência local antes da próxima atualização do ranking."
2026-06-23T14:59:06,2026-06-18,src/core/orchestrator.py:get_combined_risk,fortaleza_bairros_top30,15,SERRINHA,SERRINHA,fortaleza,bairro,14.68,baixo,36.4,muito baixa,74.2,alta,0,0,23.0,3.5,1.5,52.3,100.0,1.5,7.5,0.0,0.55,86.0,90,90,False,stable,Atividade recente e vizinhança,52.3,Sinal Poisson do ranking operacional,3.5,Tensão territorial,1.5,Atividade recente e vizinhança: 52.3% | Sinal Poisson do ranking operacional: 3.5% | Tensão territorial: 1.5%,"SERRINHA aparece na posição 15 de 101, com risco 14.7 e nível baixo; é território de atenção tática.","O peso principal vem de atividade recente e vizinhança, com suporte territorial de 1.5% e 0 registros recentes na janela de 30 dias.",Leitura sensível a ruído; requer conferência adicional antes de decisão forte.,"O território se diferencia do bloco intermediário, mas sem isolamento absoluto.","Verificar eventos recentes, pressão territorial e coerência com inteligência local antes da próxima atualização do ranking."
2026-06-23T14:59:06,2026-06-18,src/core/orchestrator.py:get_combined_risk,fortaleza_bairros_top30,16,MONDUBIM,MONDUBIM,fortaleza,bairro,14.29,baixo,38.6,muito baixa,73.5,alta,0,0,92.0,29.1,20.0,0.0,100.0,20.0,100.0,0.0,0.52,85.0,90,90,False,stable,Sinal Poisson do ranking operacional,29.1,Tensão territorial,20.0,Atividade recente e vizinhança,0.0,Sinal Poisson do ranking operacional: 29.1% | Tensão territorial: 20.0% | Atividade recente e vizinhança: 0.0%,"MONDUBIM aparece na posição 16 de 101, com risco 14.3 e nível baixo; é território de atenção tática.","O peso principal vem de sinal poisson do ranking operacional, com suporte territorial de 20.0% e 0 registros recentes na janela de 30 dias.",Leitura sensível a ruído; requer conferência adicional antes de decisão forte.,"O território se diferencia do bloco intermediário, mas sem isolamento absoluto.","Verificar eventos recentes, pressão territorial e coerência com inteligência local antes da próxima atualização do ranking."
2026-06-23T14:59:06,2026-06-18,src/core/orchestrator.py:get_combined_risk,fortaleza_bairros_top30,17,PARQUE IRACEMA,PARQUE IRACEMA,fortaleza,bairro,14.08,baixo,36.0,muito baixa,72.8,alta,0,0,11.0,1.3,0.0,54.2,100.0,0.0,0.0,0.0,0.5,84.0,90,90,False,stable,Atividade recente e vizinhança,54.2,Sinal Poisson do ranking operacional,1.3,Tensão territorial,0.0,Atividade recente e vizinhança: 54.2% | Sinal Poisson do ranking operacional: 1.3% | Tensão territorial: 0.0%,"PARQUE IRACEMA aparece na posição 17 de 101, com risco 14.1 e nível baixo; é território de atenção tática.","O peso principal vem de atividade recente e vizinhança, com suporte territorial de 0.0% e 0 registros recentes na janela de 30 dias.",Leitura sensível a ruído; requer conferência adicional antes de decisão forte.,"O território se diferencia do bloco intermediário, mas sem isolamento absoluto.","Verificar eventos recentes, pressão territorial e coerência com inteligência local antes da próxima atualização do ranking."
2026-06-23T14:59:06,2026-06-18,src/core/orchestrator.py:get_combined_risk,fortaleza_bairros_top30,18,SIQUEIRA,SIQUEIRA,fortaleza,bairro,12.0,baixo,37.8,muito baixa,71.4,alta,0,0,78.0,23.7,20.0,0.0,100.0,20.0,100.0,0.0,0.34,83.0,90,90,False,stable,Sinal Poisson do ranking operacional,23.7,Tensão territorial,20.0,Atividade recente e vizinhança,0.0,Sinal Poisson do ranking operacional: 23.7% | Tensão territorial: 20.0% | Atividade recente e vizinhança: 0.0%,"SIQUEIRA aparece na posição 18 de 101, com risco 12.0 e nível baixo; é território de atenção tática.","O peso principal vem de sinal poisson do ranking operacional, com suporte territorial de 20.0% e 0 registros recentes na janela de 30 dias.",Leitura sensível a ruído; requer conferência adicional antes de decisão forte.,"O território se diferencia do bloco intermediário, mas sem isolamento absoluto.","Verificar eventos recentes, pressão territorial e coerência com inteligência local antes da próxima atualização do ranking."
2026-06-23T14:59:06,2026-06-18,src/core/orchestrator.py:get_combined_risk,fortaleza_bairros_top30,19,BARROSO,BARROSO,fortaleza,bairro,10.0,baixo,37.2,muito baixa,70.1,alta,0,0,72.0,18.9,20.0,0.0,100.0,20.0,100.0,0.0,0.19,82.0,90,90,False,stable,Tensão territorial,20.0,Sinal Poisson do ranking operacional,18.9,Atividade recente e vizinhança,0.0,Tensão territorial: 20.0% | Sinal Poisson do ranking operacional: 18.9% | Atividade recente e vizinhança: 0.0%,"BARROSO aparece na posição 19 de 101, com risco 10.0 e nível baixo; é território de atenção tática.","O peso principal vem de tensão territorial, com suporte territorial de 20.0% e 0 registros recentes na janela de 30 dias.",Leitura sensível a ruído; requer conferência adicional antes de decisão forte.,"O território se diferencia do bloco intermediário, mas sem isolamento absoluto.","Verificar eventos recentes, pressão territorial e coerência com inteligência local antes da próxima atualização do ranking."
2026-06-23T14:59:06,2026-06-18,src/core/orchestrator.py:get_combined_risk,fortaleza_bairros_top30,20,BONSUCESSO,BONSUCESSO,fortaleza,bairro,9.69,baixo,53.6,muito baixa,69.4,moderada,0,1,48.0,10.9,50.0,0.0,96.7,50.0,70.0,50.0,0.16,81.0,90,90,False,stable,Tensão territorial,50.0,CVLI recente na janela de 30 dias,20.0,Sinal Poisson do ranking operacional,10.9,Tensão territorial: 50.0% | CVLI recente na janela de 30 dias: 20.0% | Sinal Poisson do ranking operacional: 10.9%,"BONSUCESSO aparece na posição 20 de 101, com risco 9.7 e nível baixo; é território de atenção tática.","O peso principal vem de tensão territorial, com suporte territorial de 50.0% e 1 registros recentes na janela de 30 dias.",Leitura sensível a ruído; requer conferência adicional antes de decisão forte.,O território está próximo de pares vizinhos e pode oscilar no próximo ciclo.,"Verificar eventos recentes, pressão territorial e coerência com inteligência local antes da próxima atualização do ranking."
2026-06-23T14:59:06,2026-06-18,src/core/orchestrator.py:get_combined_risk,fortaleza_bairros_top30,21,QUINTINO CUNHA,QUINTINO CUNHA,fortaleza,bairro,8.79,baixo,37.4,muito baixa,68.4,moderada,0,0,67.0,16.1,20.0,0.0,100.0,20.0,100.0,0.0,0.09,80.0,90,90,False,stable,Tensão territorial,20.0,Sinal Poisson do ranking operacional,16.1,Atividade recente e vizinhança,0.0,Tensão territorial: 20.0% | Sinal Poisson do ranking operacional: 16.1% | Atividade recente e vizinhança: 0.0%,"QUINTINO CUNHA aparece na posição 21 de 101, com risco 8.8 e nível baixo; é território de atenção tática.","O peso principal vem de tensão territorial, com suporte territorial de 20.0% e 0 registros recentes na janela de 30 dias.",Leitura sensível a ruído; requer conferência adicional antes de decisão forte.,O território está próximo de pares vizinhos e pode oscilar no próximo ciclo.,"Verificar eventos recentes, pressão territorial e coerência com inteligência local antes da próxima atualização do ranking."
2026-06-23T14:59:06,2026-06-18,src/core/orchestrator.py:get_combined_risk,fortaleza_bairros_top30,22,PASSARE,PASSARE,fortaleza,bairro,8.67,baixo,37.4,muito baixa,67.8,moderada,0,0,65.0,15.8,20.0,0.0,100.0,20.0,100.0,0.0,0.08,79.0,90,90,False,stable,Tensão territorial,20.0,Sinal Poisson do ranking operacional,15.8,Atividade recente e vizinhança,0.0,Tensão territorial: 20.0% | Sinal Poisson do ranking operacional: 15.8% | Atividade recente e vizinhança: 0.0%,"PASSARE aparece na posição 22 de 101, com risco 8.7 e nível baixo; é território de atenção tática.","O peso principal vem de tensão territorial, com suporte territorial de 20.0% e 0 registros recentes na janela de 30 dias.",Leitura sensível a ruído; requer conferência adicional antes de decisão forte.,O território está próximo de pares vizinhos e pode oscilar no próximo ciclo.,"Verificar eventos recentes, pressão territorial e coerência com inteligência local antes da próxima atualização do ranking."
2026-06-23T14:59:06,2026-06-18,src/core/orchestrator.py:get_combined_risk,fortaleza_bairros_top30,23,VARJOTA,VARJOTA,fortaleza,bairro,8.54,baixo,37.4,muito baixa,67.2,moderada,0,0,62.0,15.5,20.0,0.0,100.0,20.0,100.0,0.0,0.07,78.0,90,90,False,stable,Tensão territorial,20.0,Sinal Poisson do ranking operacional,15.5,Atividade recente e vizinhança,0.0,Tensão territorial: 20.0% | Sinal Poisson do ranking operacional: 15.5% | Atividade recente e vizinhança: 0.0%,"VARJOTA aparece na posição 23 de 101, com risco 8.5 e nível baixo; é território de atenção tática.","O peso principal vem de tensão territorial, com suporte territorial de 20.0% e 0 registros recentes na janela de 30 dias.",Leitura sensível a ruído; requer conferência adicional antes de decisão forte.,O território está próximo de pares vizinhos e pode oscilar no próximo ciclo.,"Verificar eventos recentes, pressão territorial e coerência com inteligência local antes da próxima atualização do ranking."
2026-06-23T14:59:06,2026-06-18,src/core/orchestrator.py:get_combined_risk,fortaleza_bairros_top30,24,ITAOCA,ITAOCA,fortaleza,bairro,8.52,baixo,33.6,muito baixa,66.5,moderada,0,0,8.0,0.8,0.0,32.6,100.0,0.0,0.0,0.0,0.07,77.0,90,90,False,stable,Atividade recente e vizinhança,32.6,Sinal Poisson do ranking operacional,0.8,Tensão territorial,0.0,Atividade recente e vizinhança: 32.6% | Sinal Poisson do ranking operacional: 0.8% | Tensão territorial: 0.0%,"ITAOCA aparece na posição 24 de 101, com risco 8.5 e nível baixo; é território de atenção tática.","O peso principal vem de atividade recente e vizinhança, com suporte territorial de 0.0% e 0 registros recentes na janela de 30 dias.",Leitura sensível a ruído; requer conferência adicional antes de decisão forte.,O território está próximo de pares vizinhos e pode oscilar no próximo ciclo.,"Verificar eventos recentes, pressão territorial e coerência com inteligência local antes da próxima atualização do ranking."
2026-06-23T14:59:06,2026-06-18,src/core/orchestrator.py:get_combined_risk,fortaleza_bairros_top30,25,MARAPONGA,MARAPONGA,fortaleza,bairro,8.27,baixo,33.4,muito baixa,65.9,moderada,0,0,14.0,1.8,0.0,30.0,100.0,0.0,0.0,0.0,0.05,76.0,90,90,False,stable,Atividade recente e vizinhança,30.0,Sinal Poisson do ranking operacional,1.8,Tensão territorial,0.0,Atividade recente e vizinhança: 30.0% | Sinal Poisson do ranking operacional: 1.8% | Tensão territorial: 0.0%,"MARAPONGA aparece na posição 25 de 101, com risco 8.3 e nível baixo; é território de atenção tática.","O peso principal vem de atividade recente e vizinhança, com suporte territorial de 0.0% e 0 registros recentes na janela de 30 dias.",Leitura sensível a ruído; requer conferência adicional antes de decisão forte.,O território está próximo de pares vizinhos e pode oscilar no próximo ciclo.,"Verificar eventos recentes, pressão territorial e coerência com inteligência local antes da próxima atualização do ranking."
2026-06-23T14:59:06,2026-06-18,src/core/orchestrator.py:get_combined_risk,fortaleza_bairros_top30,26,PARANGABA,PARANGABA,fortaleza,bairro,8.17,baixo,33.3,muito baixa,65.2,moderada,0,0,15.0,2.0,0.0,29.3,100.0,0.0,0.0,0.0,0.05,75.0,90,90,False,stable,Atividade recente e vizinhança,29.3,Sinal Poisson do ranking operacional,2.0,Tensão territorial,0.0,Atividade recente e vizinhança: 29.3% | Sinal Poisson do ranking operacional: 2.0% | Tensão territorial: 0.0%,"PARANGABA aparece na posição 26 de 101, com risco 8.2 e nível baixo; é território de atenção tática.","O peso principal vem de atividade recente e vizinhança, com suporte territorial de 0.0% e 0 registros recentes na janela de 30 dias.",Leitura sensível a ruído; requer conferência adicional antes de decisão forte.,O território está próximo de pares vizinhos e pode oscilar no próximo ciclo.,"Verificar eventos recentes, pressão territorial e coerência com inteligência local antes da próxima atualização do ranking."
2026-06-23T14:59:06,2026-06-18,src/core/orchestrator.py:get_combined_risk,fortaleza_bairros_top30,27,JARDIM CEARENSE,JARDIM CEARENSE,fortaleza,bairro,7.33,baixo,33.2,muito baixa,64.3,moderada,0,0,3.0,0.1,0.0,29.1,100.0,0.0,0.0,0.0,-0.02,74.0,90,90,False,stable,Atividade recente e vizinhança,29.1,Sinal Poisson do ranking operacional,0.1,Tensão territorial,0.0,Atividade recente e vizinhança: 29.1% | Sinal Poisson do ranking operacional: 0.1% | Tensão territorial: 0.0%,"JARDIM CEARENSE aparece na posição 27 de 101, com risco 7.3 e nível baixo; é território de atenção tática.","O peso principal vem de atividade recente e vizinhança, com suporte territorial de 0.0% e 0 registros recentes na janela de 30 dias.",Leitura sensível a ruído; requer conferência adicional antes de decisão forte.,O território está próximo de pares vizinhos e pode oscilar no próximo ciclo.,"Verificar eventos recentes, pressão territorial e coerência com inteligência local antes da próxima atualização do ranking."
2026-06-23T14:59:06,2026-06-18,src/core/orchestrator.py:get_combined_risk,fortaleza_bairros_top30,28,GRANJA PORTUGAL,GRANJA PORTUGAL,fortaleza,bairro,7.33,baixo,36.9,muito baixa,63.7,moderada,0,0,57.0,13.0,18.5,0.0,100.0,18.5,92.5,0.0,-0.02,73.0,90,90,False,stable,Tensão territorial,18.5,Sinal Poisson do ranking operacional,13.0,Atividade recente e vizinhança,0.0,Tensão territorial: 18.5% | Sinal Poisson do ranking operacional: 13.0% | Atividade recente e vizinhança: 0.0%,"GRANJA PORTUGAL aparece na posição 28 de 101, com risco 7.3 e nível baixo; é território de atenção tática.","O peso principal vem de tensão territorial, com suporte territorial de 18.5% e 0 registros recentes na janela de 30 dias.",Leitura sensível a ruído; requer conferência adicional antes de decisão forte.,O território está próximo de pares vizinhos e pode oscilar no próximo ciclo.,"Verificar eventos recentes, pressão territorial e coerência com inteligência local antes da próxima atualização do ranking."
2026-06-23T14:59:06,2026-06-18,src/core/orchestrator.py:get_combined_risk,fortaleza_bairros_top30,29,FARIAS BRITO,FARIAS BRITO,fortaleza,bairro,7.01,baixo,53.2,muito baixa,63.0,moderada,0,1,25.0,4.7,50.0,0.0,96.7,50.0,12.5,50.0,-0.04,72.0,90,90,False,stable,Tensão territorial,50.0,CVLI recente na janela de 30 dias,20.0,Sinal Poisson do ranking operacional,4.7,Tensão territorial: 50.0% | CVLI recente na janela de 30 dias: 20.0% | Sinal Poisson do ranking operacional: 4.7%,"FARIAS BRITO aparece na posição 29 de 101, com risco 7.0 e nível baixo; é território de atenção tática.","O peso principal vem de tensão territorial, com suporte territorial de 50.0% e 1 registros recentes na janela de 30 dias.",Leitura sensível a ruído; requer conferência adicional antes de decisão forte.,O território está próximo de pares vizinhos e pode oscilar no próximo ciclo.,"Verificar eventos recentes, pressão territorial e coerência com inteligência local antes da próxima atualização do ranking."
2026-06-23T14:59:06,2026-06-18,src/core/orchestrator.py:get_combined_risk,fortaleza_bairros_top30,30,VICENTE PINZON,VICENTE PINZON,fortaleza,bairro,6.94,baixo,37.0,muito baixa,62.4,moderada,0,0,57.0,12.0,18.5,0.0,100.0,18.5,92.5,0.0,-0.05,71.0,90,90,False,stable,Tensão territorial,18.5,Sinal Poisson do ranking operacional,12.0,Atividade recente e vizinhança,0.0,Tensão territorial: 18.5% | Sinal Poisson do ranking operacional: 12.0% | Atividade recente e vizinhança: 0.0%,"VICENTE PINZON aparece na posição 30 de 101, com risco 6.9 e nível baixo; é território de atenção tática.","O peso principal vem de tensão territorial, com suporte territorial de 18.5% e 0 registros recentes na janela de 30 dias.",Leitura sensível a ruído; requer conferência adicional antes de decisão forte.,O território está próximo de pares vizinhos e pode oscilar no próximo ciclo.,"Verificar eventos recentes, pressão territorial e coerência com inteligência local antes da próxima atualização do ranking."
