snapshot_generated_at,data_limit,source,scope,rank,name,name_normalized,region,territorial_level,risk_score,risk_level,confidence_pct,confidence_label,expressiveness_pct,expressiveness_label,recent_cvli_14d,recent_cvli_30d,historical_cvli,neural_score,tension_score,inclusion_score,calm_penalty,territorial_support_pct,historical_support_pct,live_support_pct,score_z,peer_percentile,dynamic_window_days,base_window_days,historical_fallback,trend,top_driver_1,top_driver_1_strength_pct,top_driver_2,top_driver_2_strength_pct,top_driver_3,top_driver_3_strength_pct,explainability_summary,leitura_rapida_gestor,por_que_importa_gestor,confianca_limites_gestor,expressividade_previsao_gestor,proxima_acao_gestor
2026-06-14T22:49:31,2026-06-12,src/core/orchestrator.py:get_combined_risk,cities_general_top30,1,SOBRAL,SOBRAL,interior,cidade,99.24,crítico,99.0,alta,99.3,muito alta,3,4,386.0,100.0,100.0,100.0,3.3,100.0,100.0,100.0,4.02,100.0,14,14,False,stable,Sinal Poisson do ranking operacional,100.0,Tensão territorial,100.0,Atividade recente e vizinhança,100.0,Sinal Poisson do ranking operacional: 100.0% | Tensão territorial: 100.0% | Atividade recente e vizinhança: 100.0%,"SOBRAL aparece na posição 1 de 69, com risco 99.2 e nível crítico; é prioridade imediata de acompanhamento.","O peso principal vem de sinal poisson do ranking operacional, com suporte territorial de 100.0% e 4 registros recentes na janela de 30 dias.",Leitura com boa sustentação dos sinais atuais.,O território está bem destacado no ranking frente aos pares.,"Verificar eventos recentes, pressão territorial e coerência com inteligência local antes da próxima atualização do ranking."
2026-06-14T22:49:31,2026-06-12,src/core/orchestrator.py:get_combined_risk,cities_general_top30,2,JUAZEIRO DO NORTE,JUAZEIRO DO NORTE,interior,cidade,96.05,crítico,99.0,alta,97.7,muito alta,2,4,318.0,97.3,100.0,100.0,10.0,100.0,100.0,100.0,3.87,98.5,14,14,False,stable,Tensão territorial,100.0,Atividade recente e vizinhança,100.0,Sinal Poisson do ranking operacional,97.3,Tensão territorial: 100.0% | Atividade recente e vizinhança: 100.0% | Sinal Poisson do ranking operacional: 97.3%,"JUAZEIRO DO NORTE aparece na posição 2 de 69, com risco 96.0 e nível crítico; é prioridade imediata de acompanhamento.","O peso principal vem de tensão territorial, com suporte territorial de 100.0% e 4 registros recentes na janela de 30 dias.",Leitura com boa sustentação dos sinais atuais.,O território está bem destacado no ranking frente aos pares.,"Verificar eventos recentes, pressão territorial e coerência com inteligência local antes da próxima atualização do ranking."
2026-06-14T22:49:31,2026-06-12,src/core/orchestrator.py:get_combined_risk,cities_general_top30,3,CAUCAIA,CAUCAIA,rmf,cidade,93.17,crítico,95.0,alta,96.2,muito alta,3,3,944.0,100.0,100.0,100.0,30.0,100.0,100.0,100.0,3.73,97.1,14,14,False,stable,Sinal Poisson do ranking operacional,100.0,Tensão territorial,100.0,Atividade recente e vizinhança,100.0,Sinal Poisson do ranking operacional: 100.0% | Tensão territorial: 100.0% | Atividade recente e vizinhança: 100.0%,"CAUCAIA aparece na posição 3 de 69, com risco 93.2 e nível crítico; é prioridade imediata de acompanhamento.","O peso principal vem de sinal poisson do ranking operacional, com suporte territorial de 100.0% e 3 registros recentes na janela de 30 dias.",Leitura com boa sustentação dos sinais atuais.,O território está bem destacado no ranking frente aos pares.,"Verificar eventos recentes, pressão territorial e coerência com inteligência local antes da próxima atualização do ranking."
2026-06-14T22:49:31,2026-06-12,src/core/orchestrator.py:get_combined_risk,cities_general_top30,4,AMONTADA,AMONTADA,interior,cidade,45.63,moderado,88.3,alta,84.4,alta,2,5,141.0,17.1,100.0,100.0,13.3,100.0,100.0,100.0,1.47,95.6,14,14,False,stable,Tensão territorial,100.0,Atividade recente e vizinhança,100.0,CVLI recente na janela de 30 dias,100.0,Tensão territorial: 100.0% | Atividade recente e vizinhança: 100.0% | CVLI recente na janela de 30 dias: 100.0%,"AMONTADA aparece na posição 4 de 69, com risco 45.6 e nível moderado; é prioridade imediata de acompanhamento.","O peso principal vem de tensão territorial, com suporte territorial de 100.0% e 5 registros recentes na janela de 30 dias.",Leitura com boa sustentação dos sinais atuais.,"O território se diferencia do bloco intermediário, mas sem isolamento absoluto.","Verificar eventos recentes, pressão territorial e coerência com inteligência local antes da próxima atualização do ranking."
2026-06-14T22:49:31,2026-06-12,src/core/orchestrator.py:get_combined_risk,cities_general_top30,5,ITAPIUNA,ITAPIUNA,interior,cidade,38.14,moderado,81.6,moderada,81.8,alta,2,3,45.0,5.0,100.0,100.0,6.7,100.0,62.5,100.0,1.12,94.1,14,14,False,stable,Tensão territorial,100.0,Atividade recente e vizinhança,100.0,CVLI recente na janela de 30 dias,60.0,Tensão territorial: 100.0% | Atividade recente e vizinhança: 100.0% | CVLI recente na janela de 30 dias: 60.0%,"ITAPIUNA aparece na posição 5 de 69, com risco 38.1 e nível moderado; é prioridade imediata de acompanhamento.","O peso principal vem de tensão territorial, com suporte territorial de 100.0% e 3 registros recentes na janela de 30 dias.","Leitura consistente, mas ainda pede validação operacional pontual.","O território se diferencia do bloco intermediário, mas sem isolamento absoluto.","Verificar eventos recentes, pressão territorial e coerência com inteligência local antes da próxima atualização do ranking."
2026-06-14T22:49:31,2026-06-12,src/core/orchestrator.py:get_combined_risk,cities_general_top30,6,CRATO,CRATO,interior,cidade,36.46,moderado,80.5,moderada,80.5,alta,1,2,181.0,24.0,100.0,50.0,30.0,100.0,100.0,100.0,1.04,92.6,14,14,False,stable,Tensão territorial,100.0,Atividade recente e vizinhança,50.0,CVLI recente na janela de 30 dias,40.0,Tensão territorial: 100.0% | Atividade recente e vizinhança: 50.0% | CVLI recente na janela de 30 dias: 40.0%,"CRATO aparece na posição 6 de 69, com risco 36.5 e nível moderado; é prioridade alta de acompanhamento.","O peso principal vem de tensão territorial, com suporte territorial de 100.0% e 2 registros recentes na janela de 30 dias.","Leitura consistente, mas ainda pede validação operacional pontual.","O território se diferencia do bloco intermediário, mas sem isolamento absoluto.","Verificar eventos recentes, pressão territorial e coerência com inteligência local antes da próxima atualização do ranking."
2026-06-14T22:49:31,2026-06-12,src/core/orchestrator.py:get_combined_risk,cities_general_top30,7,ITAPIPOCA,ITAPIPOCA,interior,cidade,36.43,moderado,90.4,alta,79.7,alta,1,4,194.0,23.0,100.0,50.0,20.0,100.0,100.0,100.0,1.03,91.2,14,14,False,stable,Tensão territorial,100.0,CVLI recente na janela de 30 dias,80.0,Atividade recente e vizinhança,50.0,Tensão territorial: 100.0% | CVLI recente na janela de 30 dias: 80.0% | Atividade recente e vizinhança: 50.0%,"ITAPIPOCA aparece na posição 7 de 69, com risco 36.4 e nível moderado; é prioridade alta de acompanhamento.","O peso principal vem de tensão territorial, com suporte territorial de 100.0% e 4 registros recentes na janela de 30 dias.",Leitura com boa sustentação dos sinais atuais.,"O território se diferencia do bloco intermediário, mas sem isolamento absoluto.","Verificar eventos recentes, pressão territorial e coerência com inteligência local antes da próxima atualização do ranking."
2026-06-14T22:49:31,2026-06-12,src/core/orchestrator.py:get_combined_risk,cities_general_top30,8,MORADA NOVA,MORADA NOVA,interior,cidade,34.17,moderado,80.0,moderada,78.3,alta,1,2,149.0,19.5,100.0,50.0,23.3,100.0,100.0,100.0,0.93,89.7,14,14,False,stable,Tensão territorial,100.0,Atividade recente e vizinhança,50.0,CVLI recente na janela de 30 dias,40.0,Tensão territorial: 100.0% | Atividade recente e vizinhança: 50.0% | CVLI recente na janela de 30 dias: 40.0%,"MORADA NOVA aparece na posição 8 de 69, com risco 34.2 e nível moderado; é prioridade alta de acompanhamento.","O peso principal vem de tensão territorial, com suporte territorial de 100.0% e 2 registros recentes na janela de 30 dias.","Leitura consistente, mas ainda pede validação operacional pontual.","O território se diferencia do bloco intermediário, mas sem isolamento absoluto.","Verificar eventos recentes, pressão territorial e coerência com inteligência local antes da próxima atualização do ranking."
2026-06-14T22:49:31,2026-06-12,src/core/orchestrator.py:get_combined_risk,cities_general_top30,9,TRAIRI,TRAIRI,rmf,cidade,30.24,baixo,86.4,alta,76.5,alta,3,5,150.0,8.6,0.0,100.0,16.7,100.0,100.0,100.0,0.74,88.2,14,14,False,stable,Atividade recente e vizinhança,100.0,CVLI recente na janela de 30 dias,100.0,Sinal Poisson do ranking operacional,8.6,Atividade recente e vizinhança: 100.0% | CVLI recente na janela de 30 dias: 100.0% | Sinal Poisson do ranking operacional: 8.6%,"TRAIRI aparece na posição 9 de 69, com risco 30.2 e nível baixo; é prioridade alta de acompanhamento.","O peso principal vem de atividade recente e vizinhança, com suporte territorial de 100.0% e 5 registros recentes na janela de 30 dias.",Leitura com boa sustentação dos sinais atuais.,"O território se diferencia do bloco intermediário, mas sem isolamento absoluto.","Verificar eventos recentes, pressão territorial e coerência com inteligência local antes da próxima atualização do ranking."
2026-06-14T22:49:31,2026-06-12,src/core/orchestrator.py:get_combined_risk,cities_general_top30,10,BOA VIAGEM,BOA VIAGEM,interior,cidade,29.63,baixo,74.3,moderada,75.5,alta,1,1,116.0,12.9,100.0,50.0,43.3,100.0,100.0,100.0,0.71,86.8,14,14,False,stable,Tensão territorial,100.0,Atividade recente e vizinhança,50.0,CVLI recente na janela de 30 dias,20.0,Tensão territorial: 100.0% | Atividade recente e vizinhança: 50.0% | CVLI recente na janela de 30 dias: 20.0%,"BOA VIAGEM aparece na posição 10 de 69, com risco 29.6 e nível baixo; é prioridade alta de acompanhamento.","O peso principal vem de tensão territorial, com suporte territorial de 100.0% e 1 registros recentes na janela de 30 dias.","Leitura consistente, mas ainda pede validação operacional pontual.","O território se diferencia do bloco intermediário, mas sem isolamento absoluto.","Verificar eventos recentes, pressão territorial e coerência com inteligência local antes da próxima atualização do ranking."
2026-06-14T22:49:31,2026-06-12,src/core/orchestrator.py:get_combined_risk,cities_general_top30,11,LIMOEIRO DO NORTE,LIMOEIRO DO NORTE,interior,cidade,29.52,baixo,79.2,moderada,74.6,alta,1,2,99.0,11.9,100.0,50.0,26.7,100.0,100.0,100.0,0.71,85.3,14,14,False,stable,Tensão territorial,100.0,Atividade recente e vizinhança,50.0,CVLI recente na janela de 30 dias,40.0,Tensão territorial: 100.0% | Atividade recente e vizinhança: 50.0% | CVLI recente na janela de 30 dias: 40.0%,"LIMOEIRO DO NORTE aparece na posição 11 de 69, com risco 29.5 e nível baixo; é território de atenção tática.","O peso principal vem de tensão territorial, com suporte territorial de 100.0% e 2 registros recentes na janela de 30 dias.","Leitura consistente, mas ainda pede validação operacional pontual.","O território se diferencia do bloco intermediário, mas sem isolamento absoluto.","Verificar eventos recentes, pressão territorial e coerência com inteligência local antes da próxima atualização do ranking."
2026-06-14T22:49:31,2026-06-12,src/core/orchestrator.py:get_combined_risk,cities_general_top30,12,FORQUILHA,FORQUILHA,interior,cidade,28.49,baixo,73.9,moderada,73.4,alta,1,1,90.0,9.6,100.0,50.0,10.0,100.0,100.0,100.0,0.66,83.8,14,14,False,stable,Tensão territorial,100.0,Atividade recente e vizinhança,50.0,CVLI recente na janela de 30 dias,20.0,Tensão territorial: 100.0% | Atividade recente e vizinhança: 50.0% | CVLI recente na janela de 30 dias: 20.0%,"FORQUILHA aparece na posição 12 de 69, com risco 28.5 e nível baixo; é território de atenção tática.","O peso principal vem de tensão territorial, com suporte territorial de 100.0% e 1 registros recentes na janela de 30 dias.","Leitura consistente, mas ainda pede validação operacional pontual.","O território se diferencia do bloco intermediário, mas sem isolamento absoluto.","Verificar eventos recentes, pressão territorial e coerência com inteligência local antes da próxima atualização do ranking."
2026-06-14T22:49:31,2026-06-12,src/core/orchestrator.py:get_combined_risk,cities_general_top30,13,PEDRA BRANCA,PEDRA BRANCA,interior,cidade,25.9,baixo,73.5,moderada,72.0,alta,1,1,57.0,5.8,100.0,50.0,26.7,100.0,92.5,100.0,0.53,82.4,14,14,False,stable,Tensão territorial,100.0,Atividade recente e vizinhança,50.0,CVLI recente na janela de 30 dias,20.0,Tensão territorial: 100.0% | Atividade recente e vizinhança: 50.0% | CVLI recente na janela de 30 dias: 20.0%,"PEDRA BRANCA aparece na posição 13 de 69, com risco 25.9 e nível baixo; é território de atenção tática.","O peso principal vem de tensão territorial, com suporte territorial de 100.0% e 1 registros recentes na janela de 30 dias.","Leitura consistente, mas ainda pede validação operacional pontual.","O território se diferencia do bloco intermediário, mas sem isolamento absoluto.","Verificar eventos recentes, pressão territorial e coerência com inteligência local antes da próxima atualização do ranking."
2026-06-14T22:49:31,2026-06-12,src/core/orchestrator.py:get_combined_risk,cities_general_top30,14,VICOSA DO CEARA,VICOSA DO CEARA,interior,cidade,25.48,baixo,73.3,moderada,71.0,alta,1,1,43.0,4.6,100.0,50.0,3.3,100.0,57.5,100.0,0.51,80.9,14,14,False,stable,Tensão territorial,100.0,Atividade recente e vizinhança,50.0,CVLI recente na janela de 30 dias,20.0,Tensão territorial: 100.0% | Atividade recente e vizinhança: 50.0% | CVLI recente na janela de 30 dias: 20.0%,"VICOSA DO CEARA aparece na posição 14 de 69, com risco 25.5 e nível baixo; é território de atenção tática.","O peso principal vem de tensão territorial, com suporte territorial de 100.0% e 1 registros recentes na janela de 30 dias.","Leitura consistente, mas ainda pede validação operacional pontual.","O território se diferencia do bloco intermediário, mas sem isolamento absoluto.","Verificar eventos recentes, pressão territorial e coerência com inteligência local antes da próxima atualização do ranking."
2026-06-14T22:49:31,2026-06-12,src/core/orchestrator.py:get_combined_risk,cities_general_top30,15,SENADOR POMPEU,SENADOR POMPEU,interior,cidade,24.55,baixo,73.2,moderada,69.9,moderada,1,1,35.0,3.3,100.0,50.0,13.3,100.0,37.5,100.0,0.47,79.4,14,14,False,stable,Tensão territorial,100.0,Atividade recente e vizinhança,50.0,CVLI recente na janela de 30 dias,20.0,Tensão territorial: 100.0% | Atividade recente e vizinhança: 50.0% | CVLI recente na janela de 30 dias: 20.0%,"SENADOR POMPEU aparece na posição 15 de 69, com risco 24.6 e nível baixo; é território de atenção tática.","O peso principal vem de tensão territorial, com suporte territorial de 100.0% e 1 registros recentes na janela de 30 dias.","Leitura consistente, mas ainda pede validação operacional pontual.",O território está próximo de pares vizinhos e pode oscilar no próximo ciclo.,"Verificar eventos recentes, pressão territorial e coerência com inteligência local antes da próxima atualização do ranking."
2026-06-14T22:49:31,2026-06-12,src/core/orchestrator.py:get_combined_risk,cities_general_top30,16,IRAUCUBA,IRAUCUBA,interior,cidade,24.21,baixo,73.1,moderada,68.9,moderada,1,1,35.0,2.9,100.0,50.0,26.7,100.0,37.5,100.0,0.45,77.9,14,14,False,stable,Tensão territorial,100.0,Atividade recente e vizinhança,50.0,CVLI recente na janela de 30 dias,20.0,Tensão territorial: 100.0% | Atividade recente e vizinhança: 50.0% | CVLI recente na janela de 30 dias: 20.0%,"IRAUCUBA aparece na posição 16 de 69, com risco 24.2 e nível baixo; é território de atenção tática.","O peso principal vem de tensão territorial, com suporte territorial de 100.0% e 1 registros recentes na janela de 30 dias.","Leitura consistente, mas ainda pede validação operacional pontual.",O território está próximo de pares vizinhos e pode oscilar no próximo ciclo.,"Verificar eventos recentes, pressão territorial e coerência com inteligência local antes da próxima atualização do ranking."
2026-06-14T22:49:31,2026-06-12,src/core/orchestrator.py:get_combined_risk,cities_general_top30,17,GRACA,GRACA,interior,cidade,24.19,baixo,73.1,moderada,68.1,moderada,1,1,26.0,2.7,100.0,50.0,13.3,100.0,15.0,100.0,0.45,76.5,14,14,False,stable,Tensão territorial,100.0,Atividade recente e vizinhança,50.0,CVLI recente na janela de 30 dias,20.0,Tensão territorial: 100.0% | Atividade recente e vizinhança: 50.0% | CVLI recente na janela de 30 dias: 20.0%,"GRACA aparece na posição 17 de 69, com risco 24.2 e nível baixo; é território de atenção tática.","O peso principal vem de tensão territorial, com suporte territorial de 100.0% e 1 registros recentes na janela de 30 dias.","Leitura consistente, mas ainda pede validação operacional pontual.",O território está próximo de pares vizinhos e pode oscilar no próximo ciclo.,"Verificar eventos recentes, pressão territorial e coerência com inteligência local antes da próxima atualização do ranking."
2026-06-14T22:49:31,2026-06-12,src/core/orchestrator.py:get_combined_risk,cities_general_top30,18,NOVO ORIENTE,NOVO ORIENTE,interior,cidade,23.62,baixo,73.0,moderada,67.0,moderada,1,1,28.0,1.9,100.0,50.0,23.3,100.0,20.0,100.0,0.42,75.0,14,14,False,stable,Tensão territorial,100.0,Atividade recente e vizinhança,50.0,CVLI recente na janela de 30 dias,20.0,Tensão territorial: 100.0% | Atividade recente e vizinhança: 50.0% | CVLI recente na janela de 30 dias: 20.0%,"NOVO ORIENTE aparece na posição 18 de 69, com risco 23.6 e nível baixo; é território de atenção tática.","O peso principal vem de tensão territorial, com suporte territorial de 100.0% e 1 registros recentes na janela de 30 dias.","Leitura consistente, mas ainda pede validação operacional pontual.",O território está próximo de pares vizinhos e pode oscilar no próximo ciclo.,"Verificar eventos recentes, pressão territorial e coerência com inteligência local antes da próxima atualização do ranking."
2026-06-14T22:49:31,2026-06-12,src/core/orchestrator.py:get_combined_risk,cities_general_top30,19,SAO GONCALO DO AMARANTE,SAO GONCALO DO AMARANTE,rmf,cidade,18.29,baixo,66.0,baixa,64.9,moderada,1,1,127.0,9.6,0.0,50.0,20.0,100.0,100.0,100.0,0.17,73.5,14,14,False,stable,Atividade recente e vizinhança,50.0,CVLI recente na janela de 30 dias,20.0,Sinal Poisson do ranking operacional,9.6,Atividade recente e vizinhança: 50.0% | CVLI recente na janela de 30 dias: 20.0% | Sinal Poisson do ranking operacional: 9.6%,"SAO GONCALO DO AMARANTE aparece na posição 19 de 69, com risco 18.3 e nível baixo; é território de atenção tática.","O peso principal vem de atividade recente e vizinhança, com suporte territorial de 100.0% e 1 registros recentes na janela de 30 dias.",Leitura sensível a ruído; requer conferência adicional antes de decisão forte.,O território está próximo de pares vizinhos e pode oscilar no próximo ciclo.,"Verificar eventos recentes, pressão territorial e coerência com inteligência local antes da próxima atualização do ranking."
2026-06-14T22:49:31,2026-06-12,src/core/orchestrator.py:get_combined_risk,cities_general_top30,20,ITAITINGA,ITAITINGA,rmf,cidade,18.29,baixo,66.0,baixa,64.1,moderada,1,1,83.0,9.1,0.0,50.0,6.7,100.0,100.0,100.0,0.17,72.1,14,14,False,stable,Atividade recente e vizinhança,50.0,CVLI recente na janela de 30 dias,20.0,Sinal Poisson do ranking operacional,9.1,Atividade recente e vizinhança: 50.0% | CVLI recente na janela de 30 dias: 20.0% | Sinal Poisson do ranking operacional: 9.1%,"ITAITINGA aparece na posição 20 de 69, com risco 18.3 e nível baixo; é território de atenção tática.","O peso principal vem de atividade recente e vizinhança, com suporte territorial de 100.0% e 1 registros recentes na janela de 30 dias.",Leitura sensível a ruído; requer conferência adicional antes de decisão forte.,O território está próximo de pares vizinhos e pode oscilar no próximo ciclo.,"Verificar eventos recentes, pressão territorial e coerência com inteligência local antes da próxima atualização do ranking."
2026-06-14T22:49:31,2026-06-12,src/core/orchestrator.py:get_combined_risk,cities_general_top30,21,EUSEBIO,EUSEBIO,rmf,cidade,17.29,baixo,70.9,moderada,63.0,moderada,1,2,76.0,7.9,0.0,50.0,20.0,100.0,100.0,100.0,0.12,70.6,14,14,False,stable,Atividade recente e vizinhança,50.0,CVLI recente na janela de 30 dias,40.0,Sinal Poisson do ranking operacional,7.9,Atividade recente e vizinhança: 50.0% | CVLI recente na janela de 30 dias: 40.0% | Sinal Poisson do ranking operacional: 7.9%,"EUSEBIO aparece na posição 21 de 69, com risco 17.3 e nível baixo; é território de atenção tática.","O peso principal vem de atividade recente e vizinhança, com suporte territorial de 100.0% e 2 registros recentes na janela de 30 dias.","Leitura consistente, mas ainda pede validação operacional pontual.",O território está próximo de pares vizinhos e pode oscilar no próximo ciclo.,"Verificar eventos recentes, pressão territorial e coerência com inteligência local antes da próxima atualização do ranking."
2026-06-14T22:49:31,2026-06-12,src/core/orchestrator.py:get_combined_risk,cities_general_top30,22,PARAIPABA,PARAIPABA,rmf,cidade,16.81,baixo,70.9,moderada,61.9,moderada,1,2,49.0,7.0,0.0,50.0,16.7,100.0,72.5,100.0,0.1,69.1,14,14,False,stable,Atividade recente e vizinhança,50.0,CVLI recente na janela de 30 dias,40.0,Sinal Poisson do ranking operacional,7.0,Atividade recente e vizinhança: 50.0% | CVLI recente na janela de 30 dias: 40.0% | Sinal Poisson do ranking operacional: 7.0%,"PARAIPABA aparece na posição 22 de 69, com risco 16.8 e nível baixo; é território de atenção tática.","O peso principal vem de atividade recente e vizinhança, com suporte territorial de 100.0% e 2 registros recentes na janela de 30 dias.","Leitura consistente, mas ainda pede validação operacional pontual.",O território está próximo de pares vizinhos e pode oscilar no próximo ciclo.,"Verificar eventos recentes, pressão territorial e coerência com inteligência local antes da próxima atualização do ranking."
2026-06-14T22:49:31,2026-06-12,src/core/orchestrator.py:get_combined_risk,cities_general_top30,23,TAUA,TAUA,interior,cidade,16.15,baixo,80.8,moderada,60.9,moderada,1,4,52.0,5.7,0.0,50.0,6.7,100.0,80.0,100.0,0.07,67.6,14,14,False,stable,CVLI recente na janela de 30 dias,80.0,Atividade recente e vizinhança,50.0,Sinal Poisson do ranking operacional,5.7,CVLI recente na janela de 30 dias: 80.0% | Atividade recente e vizinhança: 50.0% | Sinal Poisson do ranking operacional: 5.7%,"TAUA aparece na posição 23 de 69, com risco 16.1 e nível baixo; é território de atenção tática.","O peso principal vem de cvli recente na janela de 30 dias, com suporte territorial de 100.0% e 4 registros recentes na janela de 30 dias.","Leitura consistente, mas ainda pede validação operacional pontual.",O território está próximo de pares vizinhos e pode oscilar no próximo ciclo.,"Verificar eventos recentes, pressão territorial e coerência com inteligência local antes da próxima atualização do ranking."
2026-06-14T22:49:31,2026-06-12,src/core/orchestrator.py:get_combined_risk,cities_general_top30,24,MARACANAU,MARACANAU,rmf,cidade,16.01,baixo,39.2,muito baixa,60.0,moderada,0,0,656.0,33.2,20.0,0.0,100.0,20.0,100.0,0.0,0.06,66.2,14,14,False,stable,Sinal Poisson do ranking operacional,33.2,Tensão territorial,20.0,Atividade recente e vizinhança,0.0,Sinal Poisson do ranking operacional: 33.2% | Tensão territorial: 20.0% | Atividade recente e vizinhança: 0.0%,"MARACANAU aparece na posição 24 de 69, com risco 16.0 e nível baixo; é território de atenção tática.","O peso principal vem de sinal poisson do ranking operacional, com suporte territorial de 20.0% e 0 registros recentes na janela de 30 dias.",Leitura sensível a ruído; requer conferência adicional antes de decisão forte.,O território está próximo de pares vizinhos e pode oscilar no próximo ciclo.,"Verificar eventos recentes, pressão territorial e coerência com inteligência local antes da próxima atualização do ranking."
2026-06-14T22:49:31,2026-06-12,src/core/orchestrator.py:get_combined_risk,cities_general_top30,25,RUSSAS,RUSSAS,interior,cidade,15.4,baixo,76.6,moderada,59.0,moderada,0,2,111.0,11.2,100.0,0.0,73.3,100.0,100.0,100.0,0.03,64.7,14,14,False,stable,Tensão territorial,100.0,CVLI recente na janela de 30 dias,40.0,Sinal Poisson do ranking operacional,11.2,Tensão territorial: 100.0% | CVLI recente na janela de 30 dias: 40.0% | Sinal Poisson do ranking operacional: 11.2%,"RUSSAS aparece na posição 25 de 69, com risco 15.4 e nível baixo; é território de atenção tática.","O peso principal vem de tensão territorial, com suporte territorial de 100.0% e 2 registros recentes na janela de 30 dias.","Leitura consistente, mas ainda pede validação operacional pontual.",O território está próximo de pares vizinhos e pode oscilar no próximo ciclo.,"Verificar eventos recentes, pressão territorial e coerência com inteligência local antes da próxima atualização do ranking."
2026-06-14T22:49:31,2026-06-12,src/core/orchestrator.py:get_combined_risk,cities_general_top30,26,CANINDE,CANINDE,interior,cidade,14.77,baixo,65.7,baixa,57.9,moderada,1,1,85.0,4.1,0.0,50.0,43.3,100.0,100.0,100.0,0.0,63.2,14,14,False,stable,Atividade recente e vizinhança,50.0,CVLI recente na janela de 30 dias,20.0,Sinal Poisson do ranking operacional,4.1,Atividade recente e vizinhança: 50.0% | CVLI recente na janela de 30 dias: 20.0% | Sinal Poisson do ranking operacional: 4.1%,"CANINDE aparece na posição 26 de 69, com risco 14.8 e nível baixo; é território de atenção tática.","O peso principal vem de atividade recente e vizinhança, com suporte territorial de 100.0% e 1 registros recentes na janela de 30 dias.",Leitura sensível a ruído; requer conferência adicional antes de decisão forte.,O território está próximo de pares vizinhos e pode oscilar no próximo ciclo.,"Verificar eventos recentes, pressão territorial e coerência com inteligência local antes da próxima atualização do ranking."
2026-06-14T22:49:31,2026-06-12,src/core/orchestrator.py:get_combined_risk,cities_general_top30,27,TIANGUA,TIANGUA,interior,cidade,12.35,baixo,53.7,muito baixa,56.5,moderada,0,1,127.0,13.5,50.0,0.0,46.7,50.0,100.0,50.0,-0.11,61.8,14,14,False,stable,Tensão territorial,50.0,CVLI recente na janela de 30 dias,20.0,Sinal Poisson do ranking operacional,13.5,Tensão territorial: 50.0% | CVLI recente na janela de 30 dias: 20.0% | Sinal Poisson do ranking operacional: 13.5%,"TIANGUA aparece na posição 27 de 69, com risco 12.3 e nível baixo; é território de atenção tática.","O peso principal vem de tensão territorial, com suporte territorial de 50.0% e 1 registros recentes na janela de 30 dias.",Leitura sensível a ruído; requer conferência adicional antes de decisão forte.,O território está próximo de pares vizinhos e pode oscilar no próximo ciclo.,"Verificar eventos recentes, pressão territorial e coerência com inteligência local antes da próxima atualização do ranking."
2026-06-14T22:49:31,2026-06-12,src/core/orchestrator.py:get_combined_risk,cities_general_top30,28,ACOPIARA,ACOPIARA,interior,cidade,12.09,baixo,76.1,moderada,55.6,moderada,0,2,46.0,3.9,100.0,0.0,46.7,100.0,65.0,100.0,-0.12,60.3,14,14,False,stable,Tensão territorial,100.0,CVLI recente na janela de 30 dias,40.0,Sinal Poisson do ranking operacional,3.9,Tensão territorial: 100.0% | CVLI recente na janela de 30 dias: 40.0% | Sinal Poisson do ranking operacional: 3.9%,"ACOPIARA aparece na posição 28 de 69, com risco 12.1 e nível baixo; é território de atenção tática.","O peso principal vem de tensão territorial, com suporte territorial de 100.0% e 2 registros recentes na janela de 30 dias.","Leitura consistente, mas ainda pede validação operacional pontual.",O território está próximo de pares vizinhos e pode oscilar no próximo ciclo.,"Verificar eventos recentes, pressão territorial e coerência com inteligência local antes da próxima atualização do ranking."
2026-06-14T22:49:31,2026-06-12,src/core/orchestrator.py:get_combined_risk,cities_general_top30,29,ICAPUI,ICAPUI,interior,cidade,11.58,baixo,76.1,moderada,54.6,moderada,0,2,32.0,3.0,100.0,0.0,53.3,100.0,30.0,100.0,-0.15,58.8,14,14,False,stable,Tensão territorial,100.0,CVLI recente na janela de 30 dias,40.0,Sinal Poisson do ranking operacional,3.0,Tensão territorial: 100.0% | CVLI recente na janela de 30 dias: 40.0% | Sinal Poisson do ranking operacional: 3.0%,"ICAPUI aparece na posição 29 de 69, com risco 11.6 e nível baixo; é território de atenção tática.","O peso principal vem de tensão territorial, com suporte territorial de 100.0% e 2 registros recentes na janela de 30 dias.","Leitura consistente, mas ainda pede validação operacional pontual.",O território está próximo de pares vizinhos e pode oscilar no próximo ciclo.,"Verificar eventos recentes, pressão territorial e coerência com inteligência local antes da próxima atualização do ranking."
2026-06-14T22:49:31,2026-06-12,src/core/orchestrator.py:get_combined_risk,cities_general_top30,30,ITAPAJE,ITAPAJE,interior,cidade,10.1,baixo,53.5,muito baixa,53.4,moderada,0,1,97.0,10.1,50.0,0.0,63.3,50.0,100.0,50.0,-0.22,57.4,14,14,False,stable,Tensão territorial,50.0,CVLI recente na janela de 30 dias,20.0,Sinal Poisson do ranking operacional,10.1,Tensão territorial: 50.0% | CVLI recente na janela de 30 dias: 20.0% | Sinal Poisson do ranking operacional: 10.1%,"ITAPAJE aparece na posição 30 de 69, com risco 10.1 e nível baixo; é território de atenção tática.","O peso principal vem de tensão territorial, com suporte territorial de 50.0% e 1 registros recentes na janela de 30 dias.",Leitura sensível a ruído; requer conferência adicional antes de decisão forte.,O território está próximo de pares vizinhos e pode oscilar no próximo ciclo.,"Verificar eventos recentes, pressão territorial e coerência com inteligência local antes da próxima atualização do ranking."
2026-06-14T22:49:31,2026-06-12,src/core/orchestrator.py:get_combined_risk,cities_rmf_top20,1,CAUCAIA,CAUCAIA,rmf,cidade,93.17,crítico,95.0,alta,98.5,muito alta,3,3,944.0,100.0,100.0,100.0,30.0,100.0,100.0,100.0,3.85,100.0,14,14,False,stable,Sinal Poisson do ranking operacional,100.0,Tensão territorial,100.0,Atividade recente e vizinhança,100.0,Sinal Poisson do ranking operacional: 100.0% | Tensão territorial: 100.0% | Atividade recente e vizinhança: 100.0%,"CAUCAIA aparece na posição 1 de 19, com risco 93.2 e nível crítico; é prioridade imediata de acompanhamento.","O peso principal vem de sinal poisson do ranking operacional, com suporte territorial de 100.0% e 3 registros recentes na janela de 30 dias.",Leitura com boa sustentação dos sinais atuais.,O território está bem destacado no ranking frente aos pares.,"Verificar eventos recentes, pressão territorial e coerência com inteligência local antes da próxima atualização do ranking."
2026-06-14T22:49:31,2026-06-12,src/core/orchestrator.py:get_combined_risk,cities_rmf_top20,2,TRAIRI,TRAIRI,rmf,cidade,30.24,baixo,86.4,alta,80.8,alta,3,5,150.0,8.6,0.0,100.0,16.7,100.0,100.0,100.0,0.87,94.4,14,14,False,stable,Atividade recente e vizinhança,100.0,CVLI recente na janela de 30 dias,100.0,Sinal Poisson do ranking operacional,8.6,Atividade recente e vizinhança: 100.0% | CVLI recente na janela de 30 dias: 100.0% | Sinal Poisson do ranking operacional: 8.6%,"TRAIRI aparece na posição 2 de 19, com risco 30.2 e nível baixo; é prioridade imediata de acompanhamento.","O peso principal vem de atividade recente e vizinhança, com suporte territorial de 100.0% e 5 registros recentes na janela de 30 dias.",Leitura com boa sustentação dos sinais atuais.,"O território se diferencia do bloco intermediário, mas sem isolamento absoluto.","Verificar eventos recentes, pressão territorial e coerência com inteligência local antes da próxima atualização do ranking."
2026-06-14T22:49:31,2026-06-12,src/core/orchestrator.py:get_combined_risk,cities_rmf_top20,3,SAO GONCALO DO AMARANTE,SAO GONCALO DO AMARANTE,rmf,cidade,18.29,baixo,66.0,baixa,74.8,alta,1,1,127.0,9.6,0.0,50.0,20.0,100.0,100.0,100.0,0.3,88.9,14,14,False,stable,Atividade recente e vizinhança,50.0,CVLI recente na janela de 30 dias,20.0,Sinal Poisson do ranking operacional,9.6,Atividade recente e vizinhança: 50.0% | CVLI recente na janela de 30 dias: 20.0% | Sinal Poisson do ranking operacional: 9.6%,"SAO GONCALO DO AMARANTE aparece na posição 3 de 19, com risco 18.3 e nível baixo; é prioridade imediata de acompanhamento.","O peso principal vem de atividade recente e vizinhança, com suporte territorial de 100.0% e 1 registros recentes na janela de 30 dias.",Leitura sensível a ruído; requer conferência adicional antes de decisão forte.,"O território se diferencia do bloco intermediário, mas sem isolamento absoluto.","Verificar eventos recentes, pressão territorial e coerência com inteligência local antes da próxima atualização do ranking."
2026-06-14T22:49:31,2026-06-12,src/core/orchestrator.py:get_combined_risk,cities_rmf_top20,4,ITAITINGA,ITAITINGA,rmf,cidade,18.29,baixo,66.0,baixa,71.4,alta,1,1,83.0,9.1,0.0,50.0,6.7,100.0,100.0,100.0,0.3,83.3,14,14,False,stable,Atividade recente e vizinhança,50.0,CVLI recente na janela de 30 dias,20.0,Sinal Poisson do ranking operacional,9.1,Atividade recente e vizinhança: 50.0% | CVLI recente na janela de 30 dias: 20.0% | Sinal Poisson do ranking operacional: 9.1%,"ITAITINGA aparece na posição 4 de 19, com risco 18.3 e nível baixo; é prioridade imediata de acompanhamento.","O peso principal vem de atividade recente e vizinhança, com suporte territorial de 100.0% e 1 registros recentes na janela de 30 dias.",Leitura sensível a ruído; requer conferência adicional antes de decisão forte.,"O território se diferencia do bloco intermediário, mas sem isolamento absoluto.","Verificar eventos recentes, pressão territorial e coerência com inteligência local antes da próxima atualização do ranking."
2026-06-14T22:49:31,2026-06-12,src/core/orchestrator.py:get_combined_risk,cities_rmf_top20,5,EUSEBIO,EUSEBIO,rmf,cidade,17.29,baixo,70.9,moderada,67.9,moderada,1,2,76.0,7.9,0.0,50.0,20.0,100.0,100.0,100.0,0.25,77.8,14,14,False,stable,Atividade recente e vizinhança,50.0,CVLI recente na janela de 30 dias,40.0,Sinal Poisson do ranking operacional,7.9,Atividade recente e vizinhança: 50.0% | CVLI recente na janela de 30 dias: 40.0% | Sinal Poisson do ranking operacional: 7.9%,"EUSEBIO aparece na posição 5 de 19, com risco 17.3 e nível baixo; é prioridade imediata de acompanhamento.","O peso principal vem de atividade recente e vizinhança, com suporte territorial de 100.0% e 2 registros recentes na janela de 30 dias.","Leitura consistente, mas ainda pede validação operacional pontual.",O território está próximo de pares vizinhos e pode oscilar no próximo ciclo.,"Verificar eventos recentes, pressão territorial e coerência com inteligência local antes da próxima atualização do ranking."
2026-06-14T22:49:31,2026-06-12,src/core/orchestrator.py:get_combined_risk,cities_rmf_top20,6,PARAIPABA,PARAIPABA,rmf,cidade,16.81,baixo,70.9,moderada,64.4,moderada,1,2,49.0,7.0,0.0,50.0,16.7,100.0,72.5,100.0,0.23,72.2,14,14,False,stable,Atividade recente e vizinhança,50.0,CVLI recente na janela de 30 dias,40.0,Sinal Poisson do ranking operacional,7.0,Atividade recente e vizinhança: 50.0% | CVLI recente na janela de 30 dias: 40.0% | Sinal Poisson do ranking operacional: 7.0%,"PARAIPABA aparece na posição 6 de 19, com risco 16.8 e nível baixo; é prioridade alta de acompanhamento.","O peso principal vem de atividade recente e vizinhança, com suporte territorial de 100.0% e 2 registros recentes na janela de 30 dias.","Leitura consistente, mas ainda pede validação operacional pontual.",O território está próximo de pares vizinhos e pode oscilar no próximo ciclo.,"Verificar eventos recentes, pressão territorial e coerência com inteligência local antes da próxima atualização do ranking."
2026-06-14T22:49:31,2026-06-12,src/core/orchestrator.py:get_combined_risk,cities_rmf_top20,7,MARACANAU,MARACANAU,rmf,cidade,16.01,baixo,39.2,muito baixa,60.9,moderada,0,0,656.0,33.2,20.0,0.0,100.0,20.0,100.0,0.0,0.19,66.7,14,14,False,stable,Sinal Poisson do ranking operacional,33.2,Tensão territorial,20.0,Atividade recente e vizinhança,0.0,Sinal Poisson do ranking operacional: 33.2% | Tensão territorial: 20.0% | Atividade recente e vizinhança: 0.0%,"MARACANAU aparece na posição 7 de 19, com risco 16.0 e nível baixo; é prioridade alta de acompanhamento.","O peso principal vem de sinal poisson do ranking operacional, com suporte territorial de 20.0% e 0 registros recentes na janela de 30 dias.",Leitura sensível a ruído; requer conferência adicional antes de decisão forte.,O território está próximo de pares vizinhos e pode oscilar no próximo ciclo.,"Verificar eventos recentes, pressão territorial e coerência com inteligência local antes da próxima atualização do ranking."
2026-06-14T22:49:31,2026-06-12,src/core/orchestrator.py:get_combined_risk,cities_rmf_top20,8,MARANGUAPE,MARANGUAPE,rmf,cidade,6.43,baixo,36.7,muito baixa,55.4,moderada,0,0,293.0,15.2,0.0,0.0,100.0,20.0,100.0,0.0,-0.26,61.1,14,14,False,stable,Sinal Poisson do ranking operacional,15.2,Tensão territorial,0.0,Atividade recente e vizinhança,0.0,Sinal Poisson do ranking operacional: 15.2% | Tensão territorial: 0.0% | Atividade recente e vizinhança: 0.0%,"MARANGUAPE aparece na posição 8 de 19, com risco 6.4 e nível baixo; é prioridade alta de acompanhamento.","O peso principal vem de sinal poisson do ranking operacional, com suporte territorial de 20.0% e 0 registros recentes na janela de 30 dias.",Leitura sensível a ruído; requer conferência adicional antes de decisão forte.,O território está próximo de pares vizinhos e pode oscilar no próximo ciclo.,"Verificar eventos recentes, pressão territorial e coerência com inteligência local antes da próxima atualização do ranking."
2026-06-14T22:49:31,2026-06-12,src/core/orchestrator.py:get_combined_risk,cities_rmf_top20,9,PACATUBA,PACATUBA,rmf,cidade,3.77,baixo,48.4,muito baixa,51.5,moderada,0,1,195.0,8.1,0.0,0.0,80.0,50.0,100.0,50.0,-0.39,55.6,14,14,False,stable,CVLI recente na janela de 30 dias,20.0,Sinal Poisson do ranking operacional,8.1,Tensão territorial,0.0,CVLI recente na janela de 30 dias: 20.0% | Sinal Poisson do ranking operacional: 8.1% | Tensão territorial: 0.0%,"PACATUBA aparece na posição 9 de 19, com risco 3.8 e nível baixo; é prioridade alta de acompanhamento.","O peso principal vem de cvli recente na janela de 30 dias, com suporte territorial de 50.0% e 1 registros recentes na janela de 30 dias.",Leitura sensível a ruído; requer conferência adicional antes de decisão forte.,O território está próximo de pares vizinhos e pode oscilar no próximo ciclo.,"Verificar eventos recentes, pressão territorial e coerência com inteligência local antes da próxima atualização do ranking."
2026-06-14T22:49:31,2026-06-12,src/core/orchestrator.py:get_combined_risk,cities_rmf_top20,10,PACAJUS,PACAJUS,rmf,cidade,1.3,baixo,35.3,muito baixa,47.6,baixa,0,0,136.0,3.1,0.0,0.0,100.0,20.0,100.0,0.0,-0.51,50.0,14,14,False,stable,Sinal Poisson do ranking operacional,3.1,Tensão territorial,0.0,Atividade recente e vizinhança,0.0,Sinal Poisson do ranking operacional: 3.1% | Tensão territorial: 0.0% | Atividade recente e vizinhança: 0.0%,"PACAJUS aparece na posição 10 de 19, com risco 1.3 e nível baixo; é prioridade alta de acompanhamento.","O peso principal vem de sinal poisson do ranking operacional, com suporte territorial de 20.0% e 0 registros recentes na janela de 30 dias.",Leitura sensível a ruído; requer conferência adicional antes de decisão forte.,O território está próximo de pares vizinhos e pode oscilar no próximo ciclo.,"Verificar eventos recentes, pressão territorial e coerência com inteligência local antes da próxima atualização do ranking."
2026-06-14T22:49:31,2026-06-12,src/core/orchestrator.py:get_combined_risk,cities_rmf_top20,11,CASCAVEL,CASCAVEL,rmf,cidade,1.22,baixo,35.3,muito baixa,44.2,baixa,0,0,172.0,2.9,0.0,0.0,100.0,20.0,100.0,0.0,-0.51,44.4,14,14,False,stable,Sinal Poisson do ranking operacional,2.9,Tensão territorial,0.0,Atividade recente e vizinhança,0.0,Sinal Poisson do ranking operacional: 2.9% | Tensão territorial: 0.0% | Atividade recente e vizinhança: 0.0%,"CASCAVEL aparece na posição 11 de 19, com risco 1.2 e nível baixo; é território de atenção tática.","O peso principal vem de sinal poisson do ranking operacional, com suporte territorial de 20.0% e 0 registros recentes na janela de 30 dias.",Leitura sensível a ruído; requer conferência adicional antes de decisão forte.,O território está próximo de pares vizinhos e pode oscilar no próximo ciclo.,"Verificar eventos recentes, pressão territorial e coerência com inteligência local antes da próxima atualização do ranking."
2026-06-14T22:49:31,2026-06-12,src/core/orchestrator.py:get_combined_risk,cities_rmf_top20,12,GUAIUBA,GUAIUBA,rmf,cidade,1.05,baixo,47.7,muito baixa,40.9,baixa,0,1,68.0,2.2,0.0,0.0,80.0,50.0,100.0,50.0,-0.52,38.9,14,14,False,stable,CVLI recente na janela de 30 dias,20.0,Sinal Poisson do ranking operacional,2.2,Tensão territorial,0.0,CVLI recente na janela de 30 dias: 20.0% | Sinal Poisson do ranking operacional: 2.2% | Tensão territorial: 0.0%,"GUAIUBA aparece na posição 12 de 19, com risco 1.1 e nível baixo; é território de atenção tática.","O peso principal vem de cvli recente na janela de 30 dias, com suporte territorial de 50.0% e 1 registros recentes na janela de 30 dias.",Leitura sensível a ruído; requer conferência adicional antes de decisão forte.,O território está próximo de pares vizinhos e pode oscilar no próximo ciclo.,"Verificar eventos recentes, pressão territorial e coerência com inteligência local antes da próxima atualização do ranking."
2026-06-14T22:49:31,2026-06-12,src/core/orchestrator.py:get_combined_risk,cities_rmf_top20,13,HORIZONTE,HORIZONTE,rmf,cidade,0.92,baixo,35.2,muito baixa,37.5,baixa,0,0,147.0,2.2,0.0,0.0,100.0,20.0,100.0,0.0,-0.52,33.3,14,14,False,stable,Sinal Poisson do ranking operacional,2.2,Tensão territorial,0.0,Atividade recente e vizinhança,0.0,Sinal Poisson do ranking operacional: 2.2% | Tensão territorial: 0.0% | Atividade recente e vizinhança: 0.0%,"HORIZONTE aparece na posição 13 de 19, com risco 0.9 e nível baixo; é território de atenção tática.","O peso principal vem de sinal poisson do ranking operacional, com suporte territorial de 20.0% e 0 registros recentes na janela de 30 dias.",Leitura sensível a ruído; requer conferência adicional antes de decisão forte.,O território está próximo de pares vizinhos e pode oscilar no próximo ciclo.,"Verificar eventos recentes, pressão territorial e coerência com inteligência local antes da próxima atualização do ranking."
2026-06-14T22:49:31,2026-06-12,src/core/orchestrator.py:get_combined_risk,cities_rmf_top20,14,PARACURU,PARACURU,rmf,cidade,0.9,baixo,35.2,muito baixa,34.2,baixa,0,0,80.0,2.1,0.0,0.0,100.0,20.0,100.0,0.0,-0.52,27.8,14,14,False,stable,Sinal Poisson do ranking operacional,2.1,Tensão territorial,0.0,Atividade recente e vizinhança,0.0,Sinal Poisson do ranking operacional: 2.1% | Tensão territorial: 0.0% | Atividade recente e vizinhança: 0.0%,"PARACURU aparece na posição 14 de 19, com risco 0.9 e nível baixo; é território de atenção tática.","O peso principal vem de sinal poisson do ranking operacional, com suporte territorial de 20.0% e 0 registros recentes na janela de 30 dias.",Leitura sensível a ruído; requer conferência adicional antes de decisão forte.,O território está próximo de pares vizinhos e pode oscilar no próximo ciclo.,"Verificar eventos recentes, pressão territorial e coerência com inteligência local antes da próxima atualização do ranking."
2026-06-14T22:49:31,2026-06-12,src/core/orchestrator.py:get_combined_risk,cities_rmf_top20,15,AQUIRAZ,AQUIRAZ,rmf,cidade,0.73,baixo,35.2,muito baixa,30.8,baixa,0,0,157.0,1.7,0.0,0.0,100.0,20.0,100.0,0.0,-0.53,22.2,14,14,False,stable,Sinal Poisson do ranking operacional,1.7,Tensão territorial,0.0,Atividade recente e vizinhança,0.0,Sinal Poisson do ranking operacional: 1.7% | Tensão territorial: 0.0% | Atividade recente e vizinhança: 0.0%,"AQUIRAZ aparece na posição 15 de 19, com risco 0.7 e nível baixo; é território de atenção tática.","O peso principal vem de sinal poisson do ranking operacional, com suporte territorial de 20.0% e 0 registros recentes na janela de 30 dias.",Leitura sensível a ruído; requer conferência adicional antes de decisão forte.,O território está próximo de pares vizinhos e pode oscilar no próximo ciclo.,"Verificar eventos recentes, pressão territorial e coerência com inteligência local antes da próxima atualização do ranking."
2026-06-14T22:49:31,2026-06-12,src/core/orchestrator.py:get_combined_risk,cities_rmf_top20,16,BEBERIBE,BEBERIBE,rmf,cidade,0.6,baixo,35.2,muito baixa,27.4,baixa,0,0,72.0,1.4,0.0,0.0,100.0,20.0,100.0,0.0,-0.54,16.7,14,14,False,stable,Sinal Poisson do ranking operacional,1.4,Tensão territorial,0.0,Atividade recente e vizinhança,0.0,Sinal Poisson do ranking operacional: 1.4% | Tensão territorial: 0.0% | Atividade recente e vizinhança: 0.0%,"BEBERIBE aparece na posição 16 de 19, com risco 0.6 e nível baixo; é território de atenção tática.","O peso principal vem de sinal poisson do ranking operacional, com suporte territorial de 20.0% e 0 registros recentes na janela de 30 dias.",Leitura sensível a ruído; requer conferência adicional antes de decisão forte.,O território está próximo de pares vizinhos e pode oscilar no próximo ciclo.,"Verificar eventos recentes, pressão territorial e coerência com inteligência local antes da próxima atualização do ranking."
2026-06-14T22:49:31,2026-06-12,src/core/orchestrator.py:get_combined_risk,cities_rmf_top20,17,PINDORETAMA,PINDORETAMA,rmf,cidade,0.21,baixo,31.9,muito baixa,24.0,baixa,0,0,35.0,0.5,0.0,0.0,100.0,7.5,37.5,0.0,-0.56,11.1,14,14,False,stable,Sinal Poisson do ranking operacional,0.5,Tensão territorial,0.0,Atividade recente e vizinhança,0.0,Sinal Poisson do ranking operacional: 0.5% | Tensão territorial: 0.0% | Atividade recente e vizinhança: 0.0%,"PINDORETAMA aparece na posição 17 de 19, com risco 0.2 e nível baixo; é território de atenção tática.","O peso principal vem de sinal poisson do ranking operacional, com suporte territorial de 7.5% e 0 registros recentes na janela de 30 dias.",Leitura sensível a ruído; requer conferência adicional antes de decisão forte.,O território está próximo de pares vizinhos e pode oscilar no próximo ciclo.,"Verificar eventos recentes, pressão territorial e coerência com inteligência local antes da próxima atualização do ranking."
2026-06-14T22:49:31,2026-06-12,src/core/orchestrator.py:get_combined_risk,cities_rmf_top20,18,SAO LUIS DO CURU,SAO LUIS DO CURU,rmf,cidade,0.02,baixo,30.8,muito baixa,20.6,baixa,0,0,26.0,0.0,0.0,0.0,100.0,3.0,15.0,0.0,-0.57,5.6,14,14,False,stable,Sinal Poisson do ranking operacional,0.0,Tensão territorial,0.0,Atividade recente e vizinhança,0.0,Sinal Poisson do ranking operacional: 0.0% | Tensão territorial: 0.0% | Atividade recente e vizinhança: 0.0%,"SAO LUIS DO CURU aparece na posição 18 de 19, com risco 0.0 e nível baixo; é território de atenção tática.","O peso principal vem de sinal poisson do ranking operacional, com suporte territorial de 3.0% e 0 registros recentes na janela de 30 dias.",Leitura sensível a ruído; requer conferência adicional antes de decisão forte.,O território está próximo de pares vizinhos e pode oscilar no próximo ciclo.,"Verificar eventos recentes, pressão territorial e coerência com inteligência local antes da próxima atualização do ranking."
2026-06-14T22:49:31,2026-06-12,src/core/orchestrator.py:get_combined_risk,cities_rmf_top20,19,CHOROZINHO,CHOROZINHO,rmf,cidade,0.0,baixo,31.9,muito baixa,17.3,baixa,0,0,35.0,0.0,0.0,0.0,100.0,7.5,37.5,0.0,-0.57,0.0,14,14,False,stable,Sinal Poisson do ranking operacional,0.0,Tensão territorial,0.0,Atividade recente e vizinhança,0.0,Sinal Poisson do ranking operacional: 0.0% | Tensão territorial: 0.0% | Atividade recente e vizinhança: 0.0%,"CHOROZINHO aparece na posição 19 de 19, com risco 0.0 e nível baixo; é território de atenção tática.","O peso principal vem de sinal poisson do ranking operacional, com suporte territorial de 7.5% e 0 registros recentes na janela de 30 dias.",Leitura sensível a ruído; requer conferência adicional antes de decisão forte.,O território está próximo de pares vizinhos e pode oscilar no próximo ciclo.,"Verificar eventos recentes, pressão territorial e coerência com inteligência local antes da próxima atualização do ranking."
2026-06-14T22:49:31,2026-06-12,src/core/orchestrator.py:get_combined_risk,cities_interior_top30,1,SOBRAL,SOBRAL,interior,cidade,99.24,crítico,99.0,alta,99.2,muito alta,3,4,386.0,100.0,100.0,100.0,3.3,100.0,100.0,100.0,4.0,100.0,14,14,False,stable,Sinal Poisson do ranking operacional,100.0,Tensão territorial,100.0,Atividade recente e vizinhança,100.0,Sinal Poisson do ranking operacional: 100.0% | Tensão territorial: 100.0% | Atividade recente e vizinhança: 100.0%,"SOBRAL aparece na posição 1 de 50, com risco 99.2 e nível crítico; é prioridade imediata de acompanhamento.","O peso principal vem de sinal poisson do ranking operacional, com suporte territorial de 100.0% e 4 registros recentes na janela de 30 dias.",Leitura com boa sustentação dos sinais atuais.,O território está bem destacado no ranking frente aos pares.,"Verificar eventos recentes, pressão territorial e coerência com inteligência local antes da próxima atualização do ranking."
2026-06-14T22:49:31,2026-06-12,src/core/orchestrator.py:get_combined_risk,cities_interior_top30,2,JUAZEIRO DO NORTE,JUAZEIRO DO NORTE,interior,cidade,96.05,crítico,99.0,alta,97.2,muito alta,2,4,318.0,97.3,100.0,100.0,10.0,100.0,100.0,100.0,3.84,98.0,14,14,False,stable,Tensão territorial,100.0,Atividade recente e vizinhança,100.0,Sinal Poisson do ranking operacional,97.3,Tensão territorial: 100.0% | Atividade recente e vizinhança: 100.0% | Sinal Poisson do ranking operacional: 97.3%,"JUAZEIRO DO NORTE aparece na posição 2 de 50, com risco 96.0 e nível crítico; é prioridade imediata de acompanhamento.","O peso principal vem de tensão territorial, com suporte territorial de 100.0% e 4 registros recentes na janela de 30 dias.",Leitura com boa sustentação dos sinais atuais.,O território está bem destacado no ranking frente aos pares.,"Verificar eventos recentes, pressão territorial e coerência com inteligência local antes da próxima atualização do ranking."
2026-06-14T22:49:31,2026-06-12,src/core/orchestrator.py:get_combined_risk,cities_interior_top30,3,AMONTADA,AMONTADA,interior,cidade,45.63,moderado,88.3,alta,84.4,alta,2,5,141.0,17.1,100.0,100.0,13.3,100.0,100.0,100.0,1.43,95.9,14,14,False,stable,Tensão territorial,100.0,Atividade recente e vizinhança,100.0,CVLI recente na janela de 30 dias,100.0,Tensão territorial: 100.0% | Atividade recente e vizinhança: 100.0% | CVLI recente na janela de 30 dias: 100.0%,"AMONTADA aparece na posição 3 de 50, com risco 45.6 e nível moderado; é prioridade imediata de acompanhamento.","O peso principal vem de tensão territorial, com suporte territorial de 100.0% e 5 registros recentes na janela de 30 dias.",Leitura com boa sustentação dos sinais atuais.,"O território se diferencia do bloco intermediário, mas sem isolamento absoluto.","Verificar eventos recentes, pressão territorial e coerência com inteligência local antes da próxima atualização do ranking."
2026-06-14T22:49:31,2026-06-12,src/core/orchestrator.py:get_combined_risk,cities_interior_top30,4,ITAPIUNA,ITAPIUNA,interior,cidade,38.14,moderado,81.6,moderada,81.5,alta,2,3,45.0,5.0,100.0,100.0,6.7,100.0,62.5,100.0,1.07,93.9,14,14,False,stable,Tensão territorial,100.0,Atividade recente e vizinhança,100.0,CVLI recente na janela de 30 dias,60.0,Tensão territorial: 100.0% | Atividade recente e vizinhança: 100.0% | CVLI recente na janela de 30 dias: 60.0%,"ITAPIUNA aparece na posição 4 de 50, com risco 38.1 e nível moderado; é prioridade imediata de acompanhamento.","O peso principal vem de tensão territorial, com suporte territorial de 100.0% e 3 registros recentes na janela de 30 dias.","Leitura consistente, mas ainda pede validação operacional pontual.","O território se diferencia do bloco intermediário, mas sem isolamento absoluto.","Verificar eventos recentes, pressão territorial e coerência com inteligência local antes da próxima atualização do ranking."
2026-06-14T22:49:31,2026-06-12,src/core/orchestrator.py:get_combined_risk,cities_interior_top30,5,CRATO,CRATO,interior,cidade,36.46,moderado,80.5,moderada,79.8,alta,1,2,181.0,24.0,100.0,50.0,30.0,100.0,100.0,100.0,0.99,91.8,14,14,False,stable,Tensão territorial,100.0,Atividade recente e vizinhança,50.0,CVLI recente na janela de 30 dias,40.0,Tensão territorial: 100.0% | Atividade recente e vizinhança: 50.0% | CVLI recente na janela de 30 dias: 40.0%,"CRATO aparece na posição 5 de 50, com risco 36.5 e nível moderado; é prioridade imediata de acompanhamento.","O peso principal vem de tensão territorial, com suporte territorial de 100.0% e 2 registros recentes na janela de 30 dias.","Leitura consistente, mas ainda pede validação operacional pontual.","O território se diferencia do bloco intermediário, mas sem isolamento absoluto.","Verificar eventos recentes, pressão territorial e coerência com inteligência local antes da próxima atualização do ranking."
2026-06-14T22:49:31,2026-06-12,src/core/orchestrator.py:get_combined_risk,cities_interior_top30,6,ITAPIPOCA,ITAPIPOCA,interior,cidade,36.43,moderado,90.4,alta,78.6,alta,1,4,194.0,23.0,100.0,50.0,20.0,100.0,100.0,100.0,0.99,89.8,14,14,False,stable,Tensão territorial,100.0,CVLI recente na janela de 30 dias,80.0,Atividade recente e vizinhança,50.0,Tensão territorial: 100.0% | CVLI recente na janela de 30 dias: 80.0% | Atividade recente e vizinhança: 50.0%,"ITAPIPOCA aparece na posição 6 de 50, com risco 36.4 e nível moderado; é prioridade alta de acompanhamento.","O peso principal vem de tensão territorial, com suporte territorial de 100.0% e 4 registros recentes na janela de 30 dias.",Leitura com boa sustentação dos sinais atuais.,"O território se diferencia do bloco intermediário, mas sem isolamento absoluto.","Verificar eventos recentes, pressão territorial e coerência com inteligência local antes da próxima atualização do ranking."
2026-06-14T22:49:31,2026-06-12,src/core/orchestrator.py:get_combined_risk,cities_interior_top30,7,MORADA NOVA,MORADA NOVA,interior,cidade,34.17,moderado,80.0,moderada,76.9,alta,1,2,149.0,19.5,100.0,50.0,23.3,100.0,100.0,100.0,0.88,87.8,14,14,False,stable,Tensão territorial,100.0,Atividade recente e vizinhança,50.0,CVLI recente na janela de 30 dias,40.0,Tensão territorial: 100.0% | Atividade recente e vizinhança: 50.0% | CVLI recente na janela de 30 dias: 40.0%,"MORADA NOVA aparece na posição 7 de 50, com risco 34.2 e nível moderado; é prioridade alta de acompanhamento.","O peso principal vem de tensão territorial, com suporte territorial de 100.0% e 2 registros recentes na janela de 30 dias.","Leitura consistente, mas ainda pede validação operacional pontual.","O território se diferencia do bloco intermediário, mas sem isolamento absoluto.","Verificar eventos recentes, pressão territorial e coerência com inteligência local antes da próxima atualização do ranking."
2026-06-14T22:49:31,2026-06-12,src/core/orchestrator.py:get_combined_risk,cities_interior_top30,8,BOA VIAGEM,BOA VIAGEM,interior,cidade,29.63,baixo,74.3,moderada,74.6,alta,1,1,116.0,12.9,100.0,50.0,43.3,100.0,100.0,100.0,0.66,85.7,14,14,False,stable,Tensão territorial,100.0,Atividade recente e vizinhança,50.0,CVLI recente na janela de 30 dias,20.0,Tensão territorial: 100.0% | Atividade recente e vizinhança: 50.0% | CVLI recente na janela de 30 dias: 20.0%,"BOA VIAGEM aparece na posição 8 de 50, com risco 29.6 e nível baixo; é prioridade alta de acompanhamento.","O peso principal vem de tensão territorial, com suporte territorial de 100.0% e 1 registros recentes na janela de 30 dias.","Leitura consistente, mas ainda pede validação operacional pontual.","O território se diferencia do bloco intermediário, mas sem isolamento absoluto.","Verificar eventos recentes, pressão territorial e coerência com inteligência local antes da próxima atualização do ranking."
2026-06-14T22:49:31,2026-06-12,src/core/orchestrator.py:get_combined_risk,cities_interior_top30,9,LIMOEIRO DO NORTE,LIMOEIRO DO NORTE,interior,cidade,29.52,baixo,79.2,moderada,73.4,alta,1,2,99.0,11.9,100.0,50.0,26.7,100.0,100.0,100.0,0.66,83.7,14,14,False,stable,Tensão territorial,100.0,Atividade recente e vizinhança,50.0,CVLI recente na janela de 30 dias,40.0,Tensão territorial: 100.0% | Atividade recente e vizinhança: 50.0% | CVLI recente na janela de 30 dias: 40.0%,"LIMOEIRO DO NORTE aparece na posição 9 de 50, com risco 29.5 e nível baixo; é prioridade alta de acompanhamento.","O peso principal vem de tensão territorial, com suporte territorial de 100.0% e 2 registros recentes na janela de 30 dias.","Leitura consistente, mas ainda pede validação operacional pontual.","O território se diferencia do bloco intermediário, mas sem isolamento absoluto.","Verificar eventos recentes, pressão territorial e coerência com inteligência local antes da próxima atualização do ranking."
2026-06-14T22:49:31,2026-06-12,src/core/orchestrator.py:get_combined_risk,cities_interior_top30,10,FORQUILHA,FORQUILHA,interior,cidade,28.49,baixo,73.9,moderada,71.9,alta,1,1,90.0,9.6,100.0,50.0,10.0,100.0,100.0,100.0,0.61,81.6,14,14,False,stable,Tensão territorial,100.0,Atividade recente e vizinhança,50.0,CVLI recente na janela de 30 dias,20.0,Tensão territorial: 100.0% | Atividade recente e vizinhança: 50.0% | CVLI recente na janela de 30 dias: 20.0%,"FORQUILHA aparece na posição 10 de 50, com risco 28.5 e nível baixo; é prioridade alta de acompanhamento.","O peso principal vem de tensão territorial, com suporte territorial de 100.0% e 1 registros recentes na janela de 30 dias.","Leitura consistente, mas ainda pede validação operacional pontual.","O território se diferencia do bloco intermediário, mas sem isolamento absoluto.","Verificar eventos recentes, pressão territorial e coerência com inteligência local antes da próxima atualização do ranking."
2026-06-14T22:49:31,2026-06-12,src/core/orchestrator.py:get_combined_risk,cities_interior_top30,11,PEDRA BRANCA,PEDRA BRANCA,interior,cidade,25.9,baixo,73.5,moderada,70.1,alta,1,1,57.0,5.8,100.0,50.0,26.7,100.0,92.5,100.0,0.49,79.6,14,14,False,stable,Tensão territorial,100.0,Atividade recente e vizinhança,50.0,CVLI recente na janela de 30 dias,20.0,Tensão territorial: 100.0% | Atividade recente e vizinhança: 50.0% | CVLI recente na janela de 30 dias: 20.0%,"PEDRA BRANCA aparece na posição 11 de 50, com risco 25.9 e nível baixo; é território de atenção tática.","O peso principal vem de tensão territorial, com suporte territorial de 100.0% e 1 registros recentes na janela de 30 dias.","Leitura consistente, mas ainda pede validação operacional pontual.","O território se diferencia do bloco intermediário, mas sem isolamento absoluto.","Verificar eventos recentes, pressão territorial e coerência com inteligência local antes da próxima atualização do ranking."
2026-06-14T22:49:31,2026-06-12,src/core/orchestrator.py:get_combined_risk,cities_interior_top30,12,VICOSA DO CEARA,VICOSA DO CEARA,interior,cidade,25.48,baixo,73.3,moderada,68.8,moderada,1,1,43.0,4.6,100.0,50.0,3.3,100.0,57.5,100.0,0.47,77.6,14,14,False,stable,Tensão territorial,100.0,Atividade recente e vizinhança,50.0,CVLI recente na janela de 30 dias,20.0,Tensão territorial: 100.0% | Atividade recente e vizinhança: 50.0% | CVLI recente na janela de 30 dias: 20.0%,"VICOSA DO CEARA aparece na posição 12 de 50, com risco 25.5 e nível baixo; é território de atenção tática.","O peso principal vem de tensão territorial, com suporte territorial de 100.0% e 1 registros recentes na janela de 30 dias.","Leitura consistente, mas ainda pede validação operacional pontual.",O território está próximo de pares vizinhos e pode oscilar no próximo ciclo.,"Verificar eventos recentes, pressão territorial e coerência com inteligência local antes da próxima atualização do ranking."
2026-06-14T22:49:31,2026-06-12,src/core/orchestrator.py:get_combined_risk,cities_interior_top30,13,SENADOR POMPEU,SENADOR POMPEU,interior,cidade,24.55,baixo,73.2,moderada,67.3,moderada,1,1,35.0,3.3,100.0,50.0,13.3,100.0,37.5,100.0,0.42,75.5,14,14,False,stable,Tensão territorial,100.0,Atividade recente e vizinhança,50.0,CVLI recente na janela de 30 dias,20.0,Tensão territorial: 100.0% | Atividade recente e vizinhança: 50.0% | CVLI recente na janela de 30 dias: 20.0%,"SENADOR POMPEU aparece na posição 13 de 50, com risco 24.6 e nível baixo; é território de atenção tática.","O peso principal vem de tensão territorial, com suporte territorial de 100.0% e 1 registros recentes na janela de 30 dias.","Leitura consistente, mas ainda pede validação operacional pontual.",O território está próximo de pares vizinhos e pode oscilar no próximo ciclo.,"Verificar eventos recentes, pressão territorial e coerência com inteligência local antes da próxima atualização do ranking."
2026-06-14T22:49:31,2026-06-12,src/core/orchestrator.py:get_combined_risk,cities_interior_top30,14,IRAUCUBA,IRAUCUBA,interior,cidade,24.21,baixo,73.1,moderada,66.0,moderada,1,1,35.0,2.9,100.0,50.0,26.7,100.0,37.5,100.0,0.41,73.5,14,14,False,stable,Tensão territorial,100.0,Atividade recente e vizinhança,50.0,CVLI recente na janela de 30 dias,20.0,Tensão territorial: 100.0% | Atividade recente e vizinhança: 50.0% | CVLI recente na janela de 30 dias: 20.0%,"IRAUCUBA aparece na posição 14 de 50, com risco 24.2 e nível baixo; é território de atenção tática.","O peso principal vem de tensão territorial, com suporte territorial de 100.0% e 1 registros recentes na janela de 30 dias.","Leitura consistente, mas ainda pede validação operacional pontual.",O território está próximo de pares vizinhos e pode oscilar no próximo ciclo.,"Verificar eventos recentes, pressão territorial e coerência com inteligência local antes da próxima atualização do ranking."
2026-06-14T22:49:31,2026-06-12,src/core/orchestrator.py:get_combined_risk,cities_interior_top30,15,GRACA,GRACA,interior,cidade,24.19,baixo,73.1,moderada,64.8,moderada,1,1,26.0,2.7,100.0,50.0,13.3,100.0,15.0,100.0,0.4,71.4,14,14,False,stable,Tensão territorial,100.0,Atividade recente e vizinhança,50.0,CVLI recente na janela de 30 dias,20.0,Tensão territorial: 100.0% | Atividade recente e vizinhança: 50.0% | CVLI recente na janela de 30 dias: 20.0%,"GRACA aparece na posição 15 de 50, com risco 24.2 e nível baixo; é território de atenção tática.","O peso principal vem de tensão territorial, com suporte territorial de 100.0% e 1 registros recentes na janela de 30 dias.","Leitura consistente, mas ainda pede validação operacional pontual.",O território está próximo de pares vizinhos e pode oscilar no próximo ciclo.,"Verificar eventos recentes, pressão territorial e coerência com inteligência local antes da próxima atualização do ranking."
2026-06-14T22:49:31,2026-06-12,src/core/orchestrator.py:get_combined_risk,cities_interior_top30,16,NOVO ORIENTE,NOVO ORIENTE,interior,cidade,23.62,baixo,73.0,moderada,63.4,moderada,1,1,28.0,1.9,100.0,50.0,23.3,100.0,20.0,100.0,0.38,69.4,14,14,False,stable,Tensão territorial,100.0,Atividade recente e vizinhança,50.0,CVLI recente na janela de 30 dias,20.0,Tensão territorial: 100.0% | Atividade recente e vizinhança: 50.0% | CVLI recente na janela de 30 dias: 20.0%,"NOVO ORIENTE aparece na posição 16 de 50, com risco 23.6 e nível baixo; é território de atenção tática.","O peso principal vem de tensão territorial, com suporte territorial de 100.0% e 1 registros recentes na janela de 30 dias.","Leitura consistente, mas ainda pede validação operacional pontual.",O território está próximo de pares vizinhos e pode oscilar no próximo ciclo.,"Verificar eventos recentes, pressão territorial e coerência com inteligência local antes da próxima atualização do ranking."
2026-06-14T22:49:31,2026-06-12,src/core/orchestrator.py:get_combined_risk,cities_interior_top30,17,TAUA,TAUA,interior,cidade,16.15,baixo,80.8,moderada,60.5,moderada,1,4,52.0,5.7,0.0,50.0,6.7,100.0,80.0,100.0,0.02,67.3,14,14,False,stable,CVLI recente na janela de 30 dias,80.0,Atividade recente e vizinhança,50.0,Sinal Poisson do ranking operacional,5.7,CVLI recente na janela de 30 dias: 80.0% | Atividade recente e vizinhança: 50.0% | Sinal Poisson do ranking operacional: 5.7%,"TAUA aparece na posição 17 de 50, com risco 16.1 e nível baixo; é território de atenção tática.","O peso principal vem de cvli recente na janela de 30 dias, com suporte territorial de 100.0% e 4 registros recentes na janela de 30 dias.","Leitura consistente, mas ainda pede validação operacional pontual.",O território está próximo de pares vizinhos e pode oscilar no próximo ciclo.,"Verificar eventos recentes, pressão territorial e coerência com inteligência local antes da próxima atualização do ranking."
2026-06-14T22:49:31,2026-06-12,src/core/orchestrator.py:get_combined_risk,cities_interior_top30,18,RUSSAS,RUSSAS,interior,cidade,15.4,baixo,76.6,moderada,59.1,moderada,0,2,111.0,11.2,100.0,0.0,73.3,100.0,100.0,100.0,-0.02,65.3,14,14,False,stable,Tensão territorial,100.0,CVLI recente na janela de 30 dias,40.0,Sinal Poisson do ranking operacional,11.2,Tensão territorial: 100.0% | CVLI recente na janela de 30 dias: 40.0% | Sinal Poisson do ranking operacional: 11.2%,"RUSSAS aparece na posição 18 de 50, com risco 15.4 e nível baixo; é território de atenção tática.","O peso principal vem de tensão territorial, com suporte territorial de 100.0% e 2 registros recentes na janela de 30 dias.","Leitura consistente, mas ainda pede validação operacional pontual.",O território está próximo de pares vizinhos e pode oscilar no próximo ciclo.,"Verificar eventos recentes, pressão territorial e coerência com inteligência local antes da próxima atualização do ranking."
2026-06-14T22:49:31,2026-06-12,src/core/orchestrator.py:get_combined_risk,cities_interior_top30,19,CANINDE,CANINDE,interior,cidade,14.77,baixo,65.7,baixa,57.8,moderada,1,1,85.0,4.1,0.0,50.0,43.3,100.0,100.0,100.0,-0.05,63.3,14,14,False,stable,Atividade recente e vizinhança,50.0,CVLI recente na janela de 30 dias,20.0,Sinal Poisson do ranking operacional,4.1,Atividade recente e vizinhança: 50.0% | CVLI recente na janela de 30 dias: 20.0% | Sinal Poisson do ranking operacional: 4.1%,"CANINDE aparece na posição 19 de 50, com risco 14.8 e nível baixo; é território de atenção tática.","O peso principal vem de atividade recente e vizinhança, com suporte territorial de 100.0% e 1 registros recentes na janela de 30 dias.",Leitura sensível a ruído; requer conferência adicional antes de decisão forte.,O território está próximo de pares vizinhos e pode oscilar no próximo ciclo.,"Verificar eventos recentes, pressão territorial e coerência com inteligência local antes da próxima atualização do ranking."
2026-06-14T22:49:31,2026-06-12,src/core/orchestrator.py:get_combined_risk,cities_interior_top30,20,TIANGUA,TIANGUA,interior,cidade,12.35,baixo,53.7,muito baixa,55.9,moderada,0,1,127.0,13.5,50.0,0.0,46.7,50.0,100.0,50.0,-0.16,61.2,14,14,False,stable,Tensão territorial,50.0,CVLI recente na janela de 30 dias,20.0,Sinal Poisson do ranking operacional,13.5,Tensão territorial: 50.0% | CVLI recente na janela de 30 dias: 20.0% | Sinal Poisson do ranking operacional: 13.5%,"TIANGUA aparece na posição 20 de 50, com risco 12.3 e nível baixo; é território de atenção tática.","O peso principal vem de tensão territorial, com suporte territorial de 50.0% e 1 registros recentes na janela de 30 dias.",Leitura sensível a ruído; requer conferência adicional antes de decisão forte.,O território está próximo de pares vizinhos e pode oscilar no próximo ciclo.,"Verificar eventos recentes, pressão territorial e coerência com inteligência local antes da próxima atualização do ranking."
2026-06-14T22:49:31,2026-06-12,src/core/orchestrator.py:get_combined_risk,cities_interior_top30,21,ACOPIARA,ACOPIARA,interior,cidade,12.09,baixo,76.1,moderada,54.7,moderada,0,2,46.0,3.9,100.0,0.0,46.7,100.0,65.0,100.0,-0.17,59.2,14,14,False,stable,Tensão territorial,100.0,CVLI recente na janela de 30 dias,40.0,Sinal Poisson do ranking operacional,3.9,Tensão territorial: 100.0% | CVLI recente na janela de 30 dias: 40.0% | Sinal Poisson do ranking operacional: 3.9%,"ACOPIARA aparece na posição 21 de 50, com risco 12.1 e nível baixo; é território de atenção tática.","O peso principal vem de tensão territorial, com suporte territorial de 100.0% e 2 registros recentes na janela de 30 dias.","Leitura consistente, mas ainda pede validação operacional pontual.",O território está próximo de pares vizinhos e pode oscilar no próximo ciclo.,"Verificar eventos recentes, pressão territorial e coerência com inteligência local antes da próxima atualização do ranking."
2026-06-14T22:49:31,2026-06-12,src/core/orchestrator.py:get_combined_risk,cities_interior_top30,22,ICAPUI,ICAPUI,interior,cidade,11.58,baixo,76.1,moderada,53.3,moderada,0,2,32.0,3.0,100.0,0.0,53.3,100.0,30.0,100.0,-0.2,57.1,14,14,False,stable,Tensão territorial,100.0,CVLI recente na janela de 30 dias,40.0,Sinal Poisson do ranking operacional,3.0,Tensão territorial: 100.0% | CVLI recente na janela de 30 dias: 40.0% | Sinal Poisson do ranking operacional: 3.0%,"ICAPUI aparece na posição 22 de 50, com risco 11.6 e nível baixo; é território de atenção tática.","O peso principal vem de tensão territorial, com suporte territorial de 100.0% e 2 registros recentes na janela de 30 dias.","Leitura consistente, mas ainda pede validação operacional pontual.",O território está próximo de pares vizinhos e pode oscilar no próximo ciclo.,"Verificar eventos recentes, pressão territorial e coerência com inteligência local antes da próxima atualização do ranking."
2026-06-14T22:49:31,2026-06-12,src/core/orchestrator.py:get_combined_risk,cities_interior_top30,23,ITAPAJE,ITAPAJE,interior,cidade,10.1,baixo,53.5,muito baixa,51.8,moderada,0,1,97.0,10.1,50.0,0.0,63.3,50.0,100.0,50.0,-0.27,55.1,14,14,False,stable,Tensão territorial,50.0,CVLI recente na janela de 30 dias,20.0,Sinal Poisson do ranking operacional,10.1,Tensão territorial: 50.0% | CVLI recente na janela de 30 dias: 20.0% | Sinal Poisson do ranking operacional: 10.1%,"ITAPAJE aparece na posição 23 de 50, com risco 10.1 e nível baixo; é território de atenção tática.","O peso principal vem de tensão territorial, com suporte territorial de 50.0% e 1 registros recentes na janela de 30 dias.",Leitura sensível a ruído; requer conferência adicional antes de decisão forte.,O território está próximo de pares vizinhos e pode oscilar no próximo ciclo.,"Verificar eventos recentes, pressão territorial e coerência com inteligência local antes da próxima atualização do ranking."
2026-06-14T22:49:31,2026-06-12,src/core/orchestrator.py:get_combined_risk,cities_interior_top30,24,QUIXADA,QUIXADA,interior,cidade,7.14,baixo,37.5,muito baixa,49.9,baixa,0,0,146.0,12.2,20.0,0.0,100.0,20.0,100.0,0.0,-0.41,53.1,14,14,False,stable,Tensão territorial,20.0,Sinal Poisson do ranking operacional,12.2,Atividade recente e vizinhança,0.0,Tensão territorial: 20.0% | Sinal Poisson do ranking operacional: 12.2% | Atividade recente e vizinhança: 0.0%,"QUIXADA aparece na posição 24 de 50, com risco 7.1 e nível baixo; é território de atenção tática.","O peso principal vem de tensão territorial, com suporte territorial de 20.0% e 0 registros recentes na janela de 30 dias.",Leitura sensível a ruído; requer conferência adicional antes de decisão forte.,O território está próximo de pares vizinhos e pode oscilar no próximo ciclo.,"Verificar eventos recentes, pressão territorial e coerência com inteligência local antes da próxima atualização do ranking."
2026-06-14T22:49:31,2026-06-12,src/core/orchestrator.py:get_combined_risk,cities_interior_top30,25,CARIRE,CARIRE,interior,cidade,6.67,baixo,53.2,muito baixa,48.5,baixa,0,1,53.0,3.3,50.0,0.0,63.3,50.0,82.5,50.0,-0.43,51.0,14,14,False,stable,Tensão territorial,50.0,CVLI recente na janela de 30 dias,20.0,Sinal Poisson do ranking operacional,3.3,Tensão territorial: 50.0% | CVLI recente na janela de 30 dias: 20.0% | Sinal Poisson do ranking operacional: 3.3%,"CARIRE aparece na posição 25 de 50, com risco 6.7 e nível baixo; é território de atenção tática.","O peso principal vem de tensão territorial, com suporte territorial de 50.0% e 1 registros recentes na janela de 30 dias.",Leitura sensível a ruído; requer conferência adicional antes de decisão forte.,O território está próximo de pares vizinhos e pode oscilar no próximo ciclo.,"Verificar eventos recentes, pressão territorial e coerência com inteligência local antes da próxima atualização do ranking."
2026-06-14T22:49:31,2026-06-12,src/core/orchestrator.py:get_combined_risk,cities_interior_top30,26,GROAIRAS,GROAIRAS,interior,cidade,5.97,baixo,53.1,muito baixa,47.2,baixa,0,1,48.0,2.0,50.0,0.0,76.7,50.0,70.0,50.0,-0.47,49.0,14,14,False,stable,Tensão territorial,50.0,CVLI recente na janela de 30 dias,20.0,Sinal Poisson do ranking operacional,2.0,Tensão territorial: 50.0% | CVLI recente na janela de 30 dias: 20.0% | Sinal Poisson do ranking operacional: 2.0%,"GROAIRAS aparece na posição 26 de 50, com risco 6.0 e nível baixo; é território de atenção tática.","O peso principal vem de tensão territorial, com suporte territorial de 50.0% e 1 registros recentes na janela de 30 dias.",Leitura sensível a ruído; requer conferência adicional antes de decisão forte.,O território está próximo de pares vizinhos e pode oscilar no próximo ciclo.,"Verificar eventos recentes, pressão territorial e coerência com inteligência local antes da próxima atualização do ranking."
2026-06-14T22:49:31,2026-06-12,src/core/orchestrator.py:get_combined_risk,cities_interior_top30,27,IBARETAMA,IBARETAMA,interior,cidade,5.37,baixo,53.0,muito baixa,45.8,baixa,0,1,24.0,0.8,50.0,0.0,90.0,50.0,10.0,50.0,-0.5,46.9,14,14,False,stable,Tensão territorial,50.0,CVLI recente na janela de 30 dias,20.0,Sinal Poisson do ranking operacional,0.8,Tensão territorial: 50.0% | CVLI recente na janela de 30 dias: 20.0% | Sinal Poisson do ranking operacional: 0.8%,"IBARETAMA aparece na posição 27 de 50, com risco 5.4 e nível baixo; é território de atenção tática.","O peso principal vem de tensão territorial, com suporte territorial de 50.0% e 1 registros recentes na janela de 30 dias.",Leitura sensível a ruído; requer conferência adicional antes de decisão forte.,O território está próximo de pares vizinhos e pode oscilar no próximo ciclo.,"Verificar eventos recentes, pressão territorial e coerência com inteligência local antes da próxima atualização do ranking."
2026-06-14T22:49:31,2026-06-12,src/core/orchestrator.py:get_combined_risk,cities_interior_top30,28,ARACATI,ARACATI,interior,cidade,4.92,baixo,37.5,muito baixa,44.5,baixa,0,0,96.0,6.9,20.0,0.0,100.0,20.0,100.0,0.0,-0.52,44.9,14,14,False,stable,Tensão territorial,20.0,Sinal Poisson do ranking operacional,6.9,Atividade recente e vizinhança,0.0,Tensão territorial: 20.0% | Sinal Poisson do ranking operacional: 6.9% | Atividade recente e vizinhança: 0.0%,"ARACATI aparece na posição 28 de 50, com risco 4.9 e nível baixo; é território de atenção tática.","O peso principal vem de tensão territorial, com suporte territorial de 20.0% e 0 registros recentes na janela de 30 dias.",Leitura sensível a ruído; requer conferência adicional antes de decisão forte.,O território está próximo de pares vizinhos e pode oscilar no próximo ciclo.,"Verificar eventos recentes, pressão territorial e coerência com inteligência local antes da próxima atualização do ranking."
2026-06-14T22:49:31,2026-06-12,src/core/orchestrator.py:get_combined_risk,cities_interior_top30,29,SAO BENEDITO,SAO BENEDITO,interior,cidade,4.52,baixo,37.5,muito baixa,43.2,baixa,0,0,89.0,6.0,20.0,0.0,100.0,20.0,100.0,0.0,-0.54,42.9,14,14,False,stable,Tensão territorial,20.0,Sinal Poisson do ranking operacional,6.0,Atividade recente e vizinhança,0.0,Tensão territorial: 20.0% | Sinal Poisson do ranking operacional: 6.0% | Atividade recente e vizinhança: 0.0%,"SAO BENEDITO aparece na posição 29 de 50, com risco 4.5 e nível baixo; é território de atenção tática.","O peso principal vem de tensão territorial, com suporte territorial de 20.0% e 0 registros recentes na janela de 30 dias.",Leitura sensível a ruído; requer conferência adicional antes de decisão forte.,O território está próximo de pares vizinhos e pode oscilar no próximo ciclo.,"Verificar eventos recentes, pressão territorial e coerência com inteligência local antes da próxima atualização do ranking."
2026-06-14T22:49:31,2026-06-12,src/core/orchestrator.py:get_combined_risk,cities_interior_top30,30,IGUATU,IGUATU,interior,cidade,4.5,baixo,37.5,muito baixa,41.9,baixa,0,0,92.0,5.9,20.0,0.0,100.0,20.0,100.0,0.0,-0.54,40.8,14,14,False,stable,Tensão territorial,20.0,Sinal Poisson do ranking operacional,5.9,Atividade recente e vizinhança,0.0,Tensão territorial: 20.0% | Sinal Poisson do ranking operacional: 5.9% | Atividade recente e vizinhança: 0.0%,"IGUATU aparece na posição 30 de 50, com risco 4.5 e nível baixo; é território de atenção tática.","O peso principal vem de tensão territorial, com suporte territorial de 20.0% e 0 registros recentes na janela de 30 dias.",Leitura sensível a ruído; requer conferência adicional antes de decisão forte.,O território está próximo de pares vizinhos e pode oscilar no próximo ciclo.,"Verificar eventos recentes, pressão territorial e coerência com inteligência local antes da próxima atualização do ranking."
2026-06-14T22:49:31,2026-06-12,src/core/orchestrator.py:get_combined_risk,fortaleza_bairros_top30,1,BARRA DO CEARA,BARRA DO CEARA,fortaleza,bairro,82.95,crítico,82.9,moderada,100.0,muito alta,1,2,135.0,100.0,100.0,50.0,20.0,100.0,100.0,100.0,6.03,100.0,90,90,False,stable,Sinal Poisson do ranking operacional,100.0,Tensão territorial,100.0,Atividade recente e vizinhança,50.0,Sinal Poisson do ranking operacional: 100.0% | Tensão territorial: 100.0% | Atividade recente e vizinhança: 50.0%,"BARRA DO CEARA aparece na posição 1 de 101, com risco 83.0 e nível crítico; é prioridade imediata de acompanhamento.","O peso principal vem de sinal poisson do ranking operacional, com suporte territorial de 100.0% e 2 registros recentes na janela de 30 dias.","Leitura consistente, mas ainda pede validação operacional pontual.",O território está bem destacado no ranking frente aos pares.,"Verificar eventos recentes, pressão territorial e coerência com inteligência local antes da próxima atualização do ranking."
2026-06-14T22:49:31,2026-06-12,src/core/orchestrator.py:get_combined_risk,fortaleza_bairros_top30,2,MESSEJANA,MESSEJANA,fortaleza,bairro,78.33,crítico,78.0,moderada,99.4,muito alta,1,1,116.0,98.5,100.0,50.0,36.7,100.0,100.0,100.0,5.67,99.0,90,90,False,stable,Tensão territorial,100.0,Sinal Poisson do ranking operacional,98.5,Atividade recente e vizinhança,50.0,Tensão territorial: 100.0% | Sinal Poisson do ranking operacional: 98.5% | Atividade recente e vizinhança: 50.0%,"MESSEJANA aparece na posição 2 de 101, com risco 78.3 e nível crítico; é prioridade imediata de acompanhamento.","O peso principal vem de tensão territorial, com suporte territorial de 100.0% e 1 registros recentes na janela de 30 dias.","Leitura consistente, mas ainda pede validação operacional pontual.",O território está bem destacado no ranking frente aos pares.,"Verificar eventos recentes, pressão territorial e coerência com inteligência local antes da próxima atualização do ranking."
2026-06-14T22:49:31,2026-06-12,src/core/orchestrator.py:get_combined_risk,fortaleza_bairros_top30,3,ALVARO WEYNE,ALVARO WEYNE,fortaleza,bairro,42.49,moderado,82.6,moderada,92.5,muito alta,2,3,28.0,12.4,100.0,100.0,20.0,100.0,20.0,100.0,2.86,98.0,90,90,False,stable,Tensão territorial,100.0,Atividade recente e vizinhança,100.0,CVLI recente na janela de 30 dias,60.0,Tensão territorial: 100.0% | Atividade recente e vizinhança: 100.0% | CVLI recente na janela de 30 dias: 60.0%,"ALVARO WEYNE aparece na posição 3 de 101, com risco 42.5 e nível moderado; é prioridade imediata de acompanhamento.","O peso principal vem de tensão territorial, com suporte territorial de 100.0% e 3 registros recentes na janela de 30 dias.","Leitura consistente, mas ainda pede validação operacional pontual.",O território está bem destacado no ranking frente aos pares.,"Verificar eventos recentes, pressão territorial e coerência com inteligência local antes da próxima atualização do ranking."
2026-06-14T22:49:31,2026-06-12,src/core/orchestrator.py:get_combined_risk,fortaleza_bairros_top30,4,GRANJA LISBOA,GRANJA LISBOA,fortaleza,bairro,31.0,moderado,43.5,muito baixa,87.6,muito alta,0,0,110.0,68.6,20.0,0.0,100.0,20.0,100.0,0.0,1.96,97.0,90,90,False,stable,Sinal Poisson do ranking operacional,68.6,Tensão territorial,20.0,Atividade recente e vizinhança,0.0,Sinal Poisson do ranking operacional: 68.6% | Tensão territorial: 20.0% | Atividade recente e vizinhança: 0.0%,"GRANJA LISBOA aparece na posição 4 de 101, com risco 31.0 e nível moderado; é prioridade imediata de acompanhamento.","O peso principal vem de sinal poisson do ranking operacional, com suporte territorial de 20.0% e 0 registros recentes na janela de 30 dias.",Leitura sensível a ruído; requer conferência adicional antes de decisão forte.,O território está bem destacado no ranking frente aos pares.,"Verificar eventos recentes, pressão territorial e coerência com inteligência local antes da próxima atualização do ranking."
2026-06-14T22:49:31,2026-06-12,src/core/orchestrator.py:get_combined_risk,fortaleza_bairros_top30,5,CANINDEZINHO,CANINDEZINHO,fortaleza,bairro,29.7,baixo,74.1,moderada,86.5,muito alta,1,1,45.0,11.2,100.0,50.0,3.3,100.0,62.5,100.0,1.86,96.0,90,90,False,stable,Tensão territorial,100.0,Atividade recente e vizinhança,50.0,CVLI recente na janela de 30 dias,20.0,Tensão territorial: 100.0% | Atividade recente e vizinhança: 50.0% | CVLI recente na janela de 30 dias: 20.0%,"CANINDEZINHO aparece na posição 5 de 101, com risco 29.7 e nível baixo; é prioridade imediata de acompanhamento.","O peso principal vem de tensão territorial, com suporte territorial de 100.0% e 1 registros recentes na janela de 30 dias.","Leitura consistente, mas ainda pede validação operacional pontual.",O território está bem destacado no ranking frente aos pares.,"Verificar eventos recentes, pressão territorial e coerência com inteligência local antes da próxima atualização do ranking."
2026-06-14T22:49:31,2026-06-12,src/core/orchestrator.py:get_combined_risk,fortaleza_bairros_top30,6,JOSE WALTER,JOSE WALTER,fortaleza,bairro,25.87,baixo,42.1,muito baixa,84.5,alta,0,0,102.0,56.5,20.0,0.0,100.0,20.0,100.0,0.0,1.56,95.0,90,90,False,stable,Sinal Poisson do ranking operacional,56.5,Tensão territorial,20.0,Atividade recente e vizinhança,0.0,Sinal Poisson do ranking operacional: 56.5% | Tensão territorial: 20.0% | Atividade recente e vizinhança: 0.0%,"JOSE WALTER aparece na posição 6 de 101, com risco 25.9 e nível baixo; é prioridade alta de acompanhamento.","O peso principal vem de sinal poisson do ranking operacional, com suporte territorial de 20.0% e 0 registros recentes na janela de 30 dias.",Leitura sensível a ruído; requer conferência adicional antes de decisão forte.,"O território se diferencia do bloco intermediário, mas sem isolamento absoluto.","Verificar eventos recentes, pressão territorial e coerência com inteligência local antes da próxima atualização do ranking."
2026-06-14T22:49:31,2026-06-12,src/core/orchestrator.py:get_combined_risk,fortaleza_bairros_top30,7,JOSE DE ALENCAR,JOSE DE ALENCAR,fortaleza,bairro,19.33,baixo,77.0,moderada,81.4,alta,0,2,44.0,18.4,100.0,0.0,63.3,100.0,60.0,100.0,1.04,94.0,90,90,False,stable,Tensão territorial,100.0,CVLI recente na janela de 30 dias,40.0,Sinal Poisson do ranking operacional,18.4,Tensão territorial: 100.0% | CVLI recente na janela de 30 dias: 40.0% | Sinal Poisson do ranking operacional: 18.4%,"JOSE DE ALENCAR aparece na posição 7 de 101, com risco 19.3 e nível baixo; é prioridade alta de acompanhamento.","O peso principal vem de tensão territorial, com suporte territorial de 100.0% e 2 registros recentes na janela de 30 dias.","Leitura consistente, mas ainda pede validação operacional pontual.","O território se diferencia do bloco intermediário, mas sem isolamento absoluto.","Verificar eventos recentes, pressão territorial e coerência com inteligência local antes da próxima atualização do ranking."
2026-06-14T22:49:31,2026-06-12,src/core/orchestrator.py:get_combined_risk,fortaleza_bairros_top30,8,SIQUEIRA,SIQUEIRA,fortaleza,bairro,15.32,baixo,39.0,muito baixa,79.3,alta,0,0,78.0,31.5,20.0,0.0,100.0,20.0,100.0,0.0,0.73,93.0,90,90,False,stable,Sinal Poisson do ranking operacional,31.5,Tensão territorial,20.0,Atividade recente e vizinhança,0.0,Sinal Poisson do ranking operacional: 31.5% | Tensão territorial: 20.0% | Atividade recente e vizinhança: 0.0%,"SIQUEIRA aparece na posição 8 de 101, com risco 15.3 e nível baixo; é prioridade alta de acompanhamento.","O peso principal vem de sinal poisson do ranking operacional, com suporte territorial de 20.0% e 0 registros recentes na janela de 30 dias.",Leitura sensível a ruído; requer conferência adicional antes de decisão forte.,"O território se diferencia do bloco intermediário, mas sem isolamento absoluto.","Verificar eventos recentes, pressão territorial e coerência com inteligência local antes da próxima atualização do ranking."
2026-06-14T22:49:31,2026-06-12,src/core/orchestrator.py:get_combined_risk,fortaleza_bairros_top30,9,BARROSO,BARROSO,fortaleza,bairro,14.21,baixo,38.6,muito baixa,78.3,alta,0,0,72.0,28.9,20.0,0.0,100.0,20.0,100.0,0.0,0.64,92.0,90,90,False,stable,Sinal Poisson do ranking operacional,28.9,Tensão territorial,20.0,Atividade recente e vizinhança,0.0,Sinal Poisson do ranking operacional: 28.9% | Tensão territorial: 20.0% | Atividade recente e vizinhança: 0.0%,"BARROSO aparece na posição 9 de 101, com risco 14.2 e nível baixo; é prioridade alta de acompanhamento.","O peso principal vem de sinal poisson do ranking operacional, com suporte territorial de 20.0% e 0 registros recentes na janela de 30 dias.",Leitura sensível a ruído; requer conferência adicional antes de decisão forte.,"O território se diferencia do bloco intermediário, mas sem isolamento absoluto.","Verificar eventos recentes, pressão territorial e coerência com inteligência local antes da próxima atualização do ranking."
2026-06-14T22:49:31,2026-06-12,src/core/orchestrator.py:get_combined_risk,fortaleza_bairros_top30,10,PLANALTO AYRTON SENNA,PLANALTO AYRTON SENNA,fortaleza,bairro,14.14,baixo,38.6,muito baixa,77.7,alta,0,0,93.0,28.7,20.0,0.0,100.0,20.0,100.0,0.0,0.64,91.0,90,90,False,stable,Sinal Poisson do ranking operacional,28.7,Tensão territorial,20.0,Atividade recente e vizinhança,0.0,Sinal Poisson do ranking operacional: 28.7% | Tensão territorial: 20.0% | Atividade recente e vizinhança: 0.0%,"PLANALTO AYRTON SENNA aparece na posição 10 de 101, com risco 14.1 e nível baixo; é prioridade alta de acompanhamento.","O peso principal vem de sinal poisson do ranking operacional, com suporte territorial de 20.0% e 0 registros recentes na janela de 30 dias.",Leitura sensível a ruído; requer conferência adicional antes de decisão forte.,"O território se diferencia do bloco intermediário, mas sem isolamento absoluto.","Verificar eventos recentes, pressão territorial e coerência com inteligência local antes da próxima atualização do ranking."
2026-06-14T22:49:31,2026-06-12,src/core/orchestrator.py:get_combined_risk,fortaleza_bairros_top30,11,BONSUCESSO,BONSUCESSO,fortaleza,bairro,13.74,baixo,53.8,muito baixa,76.9,alta,0,1,48.0,18.4,50.0,0.0,76.7,50.0,70.0,50.0,0.61,90.0,90,90,False,stable,Tensão territorial,50.0,CVLI recente na janela de 30 dias,20.0,Sinal Poisson do ranking operacional,18.4,Tensão territorial: 50.0% | CVLI recente na janela de 30 dias: 20.0% | Sinal Poisson do ranking operacional: 18.4%,"BONSUCESSO aparece na posição 11 de 101, com risco 13.7 e nível baixo; é território de atenção tática.","O peso principal vem de tensão territorial, com suporte territorial de 50.0% e 1 registros recentes na janela de 30 dias.",Leitura sensível a ruído; requer conferência adicional antes de decisão forte.,"O território se diferencia do bloco intermediário, mas sem isolamento absoluto.","Verificar eventos recentes, pressão territorial e coerência com inteligência local antes da próxima atualização do ranking."
2026-06-14T22:49:31,2026-06-12,src/core/orchestrator.py:get_combined_risk,fortaleza_bairros_top30,12,MONDUBIM,MONDUBIM,fortaleza,bairro,12.97,baixo,38.2,muito baixa,76.0,alta,0,0,92.0,26.0,20.0,0.0,100.0,20.0,100.0,0.0,0.55,89.0,90,90,False,stable,Sinal Poisson do ranking operacional,26.0,Tensão territorial,20.0,Atividade recente e vizinhança,0.0,Sinal Poisson do ranking operacional: 26.0% | Tensão territorial: 20.0% | Atividade recente e vizinhança: 0.0%,"MONDUBIM aparece na posição 12 de 101, com risco 13.0 e nível baixo; é território de atenção tática.","O peso principal vem de sinal poisson do ranking operacional, com suporte territorial de 20.0% e 0 registros recentes na janela de 30 dias.",Leitura sensível a ruído; requer conferência adicional antes de decisão forte.,"O território se diferencia do bloco intermediário, mas sem isolamento absoluto.","Verificar eventos recentes, pressão territorial e coerência com inteligência local antes da próxima atualização do ranking."
2026-06-14T22:49:31,2026-06-12,src/core/orchestrator.py:get_combined_risk,fortaleza_bairros_top30,13,GRANJA PORTUGAL,GRANJA PORTUGAL,fortaleza,bairro,12.25,baixo,37.6,muito baixa,75.1,alta,0,0,57.0,24.6,18.5,0.0,100.0,18.5,92.5,0.0,0.49,88.0,90,90,False,stable,Sinal Poisson do ranking operacional,24.6,Tensão territorial,18.5,Atividade recente e vizinhança,0.0,Sinal Poisson do ranking operacional: 24.6% | Tensão territorial: 18.5% | Atividade recente e vizinhança: 0.0%,"GRANJA PORTUGAL aparece na posição 13 de 101, com risco 12.2 e nível baixo; é território de atenção tática.","O peso principal vem de sinal poisson do ranking operacional, com suporte territorial de 18.5% e 0 registros recentes na janela de 30 dias.",Leitura sensível a ruído; requer conferência adicional antes de decisão forte.,"O território se diferencia do bloco intermediário, mas sem isolamento absoluto.","Verificar eventos recentes, pressão territorial e coerência com inteligência local antes da próxima atualização do ranking."
2026-06-14T22:49:31,2026-06-12,src/core/orchestrator.py:get_combined_risk,fortaleza_bairros_top30,14,PASSARE,PASSARE,fortaleza,bairro,11.82,baixo,37.7,muito baixa,74.4,alta,0,0,65.0,23.2,20.0,0.0,100.0,20.0,100.0,0.0,0.45,87.0,90,90,False,stable,Sinal Poisson do ranking operacional,23.2,Tensão territorial,20.0,Atividade recente e vizinhança,0.0,Sinal Poisson do ranking operacional: 23.2% | Tensão territorial: 20.0% | Atividade recente e vizinhança: 0.0%,"PASSARE aparece na posição 14 de 101, com risco 11.8 e nível baixo; é território de atenção tática.","O peso principal vem de sinal poisson do ranking operacional, com suporte territorial de 20.0% e 0 registros recentes na janela de 30 dias.",Leitura sensível a ruído; requer conferência adicional antes de decisão forte.,"O território se diferencia do bloco intermediário, mas sem isolamento absoluto.","Verificar eventos recentes, pressão territorial e coerência com inteligência local antes da próxima atualização do ranking."
2026-06-14T22:49:31,2026-06-12,src/core/orchestrator.py:get_combined_risk,fortaleza_bairros_top30,15,PARQUE DOIS IRMAOS,PARQUE DOIS IRMAOS,fortaleza,bairro,10.34,baixo,53.5,muito baixa,73.2,alta,0,1,33.0,10.0,50.0,0.0,50.0,50.0,32.5,50.0,0.34,86.0,90,90,False,stable,Tensão territorial,50.0,CVLI recente na janela de 30 dias,20.0,Sinal Poisson do ranking operacional,10.0,Tensão territorial: 50.0% | CVLI recente na janela de 30 dias: 20.0% | Sinal Poisson do ranking operacional: 10.0%,"PARQUE DOIS IRMAOS aparece na posição 15 de 101, com risco 10.3 e nível baixo; é território de atenção tática.","O peso principal vem de tensão territorial, com suporte territorial de 50.0% e 1 registros recentes na janela de 30 dias.",Leitura sensível a ruído; requer conferência adicional antes de decisão forte.,"O território se diferencia do bloco intermediário, mas sem isolamento absoluto.","Verificar eventos recentes, pressão territorial e coerência com inteligência local antes da próxima atualização do ranking."
2026-06-14T22:49:31,2026-06-12,src/core/orchestrator.py:get_combined_risk,fortaleza_bairros_top30,16,PICI,PICI,fortaleza,bairro,9.46,baixo,36.3,muito baixa,72.3,alta,0,0,54.0,18.4,17.0,0.0,100.0,17.0,85.0,0.0,0.27,85.0,90,90,False,stable,Sinal Poisson do ranking operacional,18.4,Tensão territorial,17.0,Atividade recente e vizinhança,0.0,Sinal Poisson do ranking operacional: 18.4% | Tensão territorial: 17.0% | Atividade recente e vizinhança: 0.0%,"PICI aparece na posição 16 de 101, com risco 9.5 e nível baixo; é território de atenção tática.","O peso principal vem de sinal poisson do ranking operacional, com suporte territorial de 17.0% e 0 registros recentes na janela de 30 dias.",Leitura sensível a ruído; requer conferência adicional antes de decisão forte.,"O território se diferencia do bloco intermediário, mas sem isolamento absoluto.","Verificar eventos recentes, pressão territorial e coerência com inteligência local antes da próxima atualização do ranking."
2026-06-14T22:49:31,2026-06-12,src/core/orchestrator.py:get_combined_risk,fortaleza_bairros_top30,17,LAGOA REDONDA,LAGOA REDONDA,fortaleza,bairro,9.06,baixo,36.3,muito baixa,71.5,alta,0,0,55.0,17.3,17.5,0.0,100.0,17.5,87.5,0.0,0.24,84.0,90,90,False,stable,Tensão territorial,17.5,Sinal Poisson do ranking operacional,17.3,Atividade recente e vizinhança,0.0,Tensão territorial: 17.5% | Sinal Poisson do ranking operacional: 17.3% | Atividade recente e vizinhança: 0.0%,"LAGOA REDONDA aparece na posição 17 de 101, com risco 9.1 e nível baixo; é território de atenção tática.","O peso principal vem de tensão territorial, com suporte territorial de 17.5% e 0 registros recentes na janela de 30 dias.",Leitura sensível a ruído; requer conferência adicional antes de decisão forte.,"O território se diferencia do bloco intermediário, mas sem isolamento absoluto.","Verificar eventos recentes, pressão territorial e coerência com inteligência local antes da próxima atualização do ranking."
2026-06-14T22:49:31,2026-06-12,src/core/orchestrator.py:get_combined_risk,fortaleza_bairros_top30,18,CAJAZEIRAS,CAJAZEIRAS,fortaleza,bairro,8.91,baixo,53.5,muito baixa,70.9,alta,0,1,35.0,8.9,50.0,0.0,93.3,50.0,37.5,50.0,0.23,83.0,90,90,False,stable,Tensão territorial,50.0,CVLI recente na janela de 30 dias,20.0,Sinal Poisson do ranking operacional,8.9,Tensão territorial: 50.0% | CVLI recente na janela de 30 dias: 20.0% | Sinal Poisson do ranking operacional: 8.9%,"CAJAZEIRAS aparece na posição 18 de 101, com risco 8.9 e nível baixo; é território de atenção tática.","O peso principal vem de tensão territorial, com suporte territorial de 50.0% e 1 registros recentes na janela de 30 dias.",Leitura sensível a ruído; requer conferência adicional antes de decisão forte.,"O território se diferencia do bloco intermediário, mas sem isolamento absoluto.","Verificar eventos recentes, pressão territorial e coerência com inteligência local antes da próxima atualização do ranking."
2026-06-14T22:49:31,2026-06-12,src/core/orchestrator.py:get_combined_risk,fortaleza_bairros_top30,19,FARIAS BRITO,FARIAS BRITO,fortaleza,bairro,8.87,baixo,53.4,muito baixa,70.3,alta,0,1,25.0,8.1,50.0,0.0,76.7,50.0,12.5,50.0,0.22,82.0,90,90,False,stable,Tensão territorial,50.0,CVLI recente na janela de 30 dias,20.0,Sinal Poisson do ranking operacional,8.1,Tensão territorial: 50.0% | CVLI recente na janela de 30 dias: 20.0% | Sinal Poisson do ranking operacional: 8.1%,"FARIAS BRITO aparece na posição 19 de 101, com risco 8.9 e nível baixo; é território de atenção tática.","O peso principal vem de tensão territorial, com suporte territorial de 50.0% e 1 registros recentes na janela de 30 dias.",Leitura sensível a ruído; requer conferência adicional antes de decisão forte.,"O território se diferencia do bloco intermediário, mas sem isolamento absoluto.","Verificar eventos recentes, pressão territorial e coerência com inteligência local antes da próxima atualização do ranking."
2026-06-14T22:49:31,2026-06-12,src/core/orchestrator.py:get_combined_risk,fortaleza_bairros_top30,20,VARJOTA,VARJOTA,fortaleza,bairro,8.41,baixo,37.4,muito baixa,69.5,moderada,0,0,62.0,15.2,20.0,0.0,100.0,20.0,100.0,0.0,0.19,81.0,90,90,False,stable,Tensão territorial,20.0,Sinal Poisson do ranking operacional,15.2,Atividade recente e vizinhança,0.0,Tensão territorial: 20.0% | Sinal Poisson do ranking operacional: 15.2% | Atividade recente e vizinhança: 0.0%,"VARJOTA aparece na posição 20 de 101, com risco 8.4 e nível baixo; é território de atenção tática.","O peso principal vem de tensão territorial, com suporte territorial de 20.0% e 0 registros recentes na janela de 30 dias.",Leitura sensível a ruído; requer conferência adicional antes de decisão forte.,O território está próximo de pares vizinhos e pode oscilar no próximo ciclo.,"Verificar eventos recentes, pressão territorial e coerência com inteligência local antes da próxima atualização do ranking."
2026-06-14T22:49:31,2026-06-12,src/core/orchestrator.py:get_combined_risk,fortaleza_bairros_top30,21,QUINTINO CUNHA,QUINTINO CUNHA,fortaleza,bairro,8.4,baixo,37.4,muito baixa,68.9,moderada,0,0,67.0,15.2,20.0,0.0,100.0,20.0,100.0,0.0,0.19,80.0,90,90,False,stable,Tensão territorial,20.0,Sinal Poisson do ranking operacional,15.2,Atividade recente e vizinhança,0.0,Tensão territorial: 20.0% | Sinal Poisson do ranking operacional: 15.2% | Atividade recente e vizinhança: 0.0%,"QUINTINO CUNHA aparece na posição 21 de 101, com risco 8.4 e nível baixo; é território de atenção tática.","O peso principal vem de tensão territorial, com suporte territorial de 20.0% e 0 registros recentes na janela de 30 dias.",Leitura sensível a ruído; requer conferência adicional antes de decisão forte.,O território está próximo de pares vizinhos e pode oscilar no próximo ciclo.,"Verificar eventos recentes, pressão territorial e coerência com inteligência local antes da próxima atualização do ranking."
2026-06-14T22:49:31,2026-06-12,src/core/orchestrator.py:get_combined_risk,fortaleza_bairros_top30,22,ANCURI,ANCURI,fortaleza,bairro,7.99,baixo,53.3,muito baixa,68.1,moderada,0,1,31.0,6.4,50.0,0.0,80.0,50.0,27.5,50.0,0.15,79.0,90,90,False,stable,Tensão territorial,50.0,CVLI recente na janela de 30 dias,20.0,Sinal Poisson do ranking operacional,6.4,Tensão territorial: 50.0% | CVLI recente na janela de 30 dias: 20.0% | Sinal Poisson do ranking operacional: 6.4%,"ANCURI aparece na posição 22 de 101, com risco 8.0 e nível baixo; é território de atenção tática.","O peso principal vem de tensão territorial, com suporte territorial de 50.0% e 1 registros recentes na janela de 30 dias.",Leitura sensível a ruído; requer conferência adicional antes de decisão forte.,O território está próximo de pares vizinhos e pode oscilar no próximo ciclo.,"Verificar eventos recentes, pressão territorial e coerência com inteligência local antes da próxima atualização do ranking."
2026-06-14T22:49:31,2026-06-12,src/core/orchestrator.py:get_combined_risk,fortaleza_bairros_top30,23,BOM JARDIM,BOM JARDIM,fortaleza,bairro,7.51,baixo,35.4,muito baixa,67.4,moderada,0,0,50.0,14.2,15.0,0.0,100.0,15.0,75.0,0.0,0.12,78.0,90,90,False,stable,Tensão territorial,15.0,Sinal Poisson do ranking operacional,14.2,Atividade recente e vizinhança,0.0,Tensão territorial: 15.0% | Sinal Poisson do ranking operacional: 14.2% | Atividade recente e vizinhança: 0.0%,"BOM JARDIM aparece na posição 23 de 101, com risco 7.5 e nível baixo; é território de atenção tática.","O peso principal vem de tensão territorial, com suporte territorial de 15.0% e 0 registros recentes na janela de 30 dias.",Leitura sensível a ruído; requer conferência adicional antes de decisão forte.,O território está próximo de pares vizinhos e pode oscilar no próximo ciclo.,"Verificar eventos recentes, pressão territorial e coerência com inteligência local antes da próxima atualização do ranking."
2026-06-14T22:49:31,2026-06-12,src/core/orchestrator.py:get_combined_risk,fortaleza_bairros_top30,24,JOAO,JOAO,fortaleza,bairro,6.28,baixo,53.1,muito baixa,66.3,moderada,0,1,10.0,2.5,50.0,0.0,63.3,50.0,0.0,50.0,0.02,77.0,90,90,False,stable,Tensão territorial,50.0,CVLI recente na janela de 30 dias,20.0,Sinal Poisson do ranking operacional,2.5,Tensão territorial: 50.0% | CVLI recente na janela de 30 dias: 20.0% | Sinal Poisson do ranking operacional: 2.5%,"JOAO aparece na posição 24 de 101, com risco 6.3 e nível baixo; é território de atenção tática.","O peso principal vem de tensão territorial, com suporte territorial de 50.0% e 1 registros recentes na janela de 30 dias.",Leitura sensível a ruído; requer conferência adicional antes de decisão forte.,O território está próximo de pares vizinhos e pode oscilar no próximo ciclo.,"Verificar eventos recentes, pressão territorial e coerência com inteligência local antes da próxima atualização do ranking."
2026-06-14T22:49:31,2026-06-12,src/core/orchestrator.py:get_combined_risk,fortaleza_bairros_top30,25,JARDIM DAS OLIVEIRAS,JARDIM DAS OLIVEIRAS,fortaleza,bairro,5.68,baixo,35.6,muito baixa,65.5,moderada,0,0,50.0,9.9,15.0,0.0,100.0,15.0,75.0,0.0,-0.03,76.0,90,90,False,stable,Tensão territorial,15.0,Sinal Poisson do ranking operacional,9.9,Atividade recente e vizinhança,0.0,Tensão territorial: 15.0% | Sinal Poisson do ranking operacional: 9.9% | Atividade recente e vizinhança: 0.0%,"JARDIM DAS OLIVEIRAS aparece na posição 25 de 101, com risco 5.7 e nível baixo; é território de atenção tática.","O peso principal vem de tensão territorial, com suporte territorial de 15.0% e 0 registros recentes na janela de 30 dias.",Leitura sensível a ruído; requer conferência adicional antes de decisão forte.,O território está próximo de pares vizinhos e pode oscilar no próximo ciclo.,"Verificar eventos recentes, pressão territorial e coerência com inteligência local antes da próxima atualização do ranking."
2026-06-14T22:49:31,2026-06-12,src/core/orchestrator.py:get_combined_risk,fortaleza_bairros_top30,26,CARLITO PAMPLONA,CARLITO PAMPLONA,fortaleza,bairro,5.66,baixo,35.2,muito baixa,64.9,moderada,0,0,48.0,10.1,14.0,0.0,100.0,14.0,70.0,0.0,-0.03,75.0,90,90,False,stable,Tensão territorial,14.0,Sinal Poisson do ranking operacional,10.1,Atividade recente e vizinhança,0.0,Tensão territorial: 14.0% | Sinal Poisson do ranking operacional: 10.1% | Atividade recente e vizinhança: 0.0%,"CARLITO PAMPLONA aparece na posição 26 de 101, com risco 5.7 e nível baixo; é território de atenção tática.","O peso principal vem de tensão territorial, com suporte territorial de 14.0% e 0 registros recentes na janela de 30 dias.",Leitura sensível a ruído; requer conferência adicional antes de decisão forte.,O território está próximo de pares vizinhos e pode oscilar no próximo ciclo.,"Verificar eventos recentes, pressão territorial e coerência com inteligência local antes da próxima atualização do ranking."
2026-06-14T22:49:31,2026-06-12,src/core/orchestrator.py:get_combined_risk,fortaleza_bairros_top30,27,VICENTE PINZON,VICENTE PINZON,fortaleza,bairro,5.49,baixo,37.0,muito baixa,64.2,moderada,0,0,57.0,8.6,18.5,0.0,100.0,18.5,92.5,0.0,-0.04,74.0,90,90,False,stable,Tensão territorial,18.5,Sinal Poisson do ranking operacional,8.6,Atividade recente e vizinhança,0.0,Tensão territorial: 18.5% | Sinal Poisson do ranking operacional: 8.6% | Atividade recente e vizinhança: 0.0%,"VICENTE PINZON aparece na posição 27 de 101, com risco 5.5 e nível baixo; é território de atenção tática.","O peso principal vem de tensão territorial, com suporte territorial de 18.5% e 0 registros recentes na janela de 30 dias.",Leitura sensível a ruído; requer conferência adicional antes de decisão forte.,O território está próximo de pares vizinhos e pode oscilar no próximo ciclo.,"Verificar eventos recentes, pressão territorial e coerência com inteligência local antes da próxima atualização do ranking."
2026-06-14T22:49:31,2026-06-12,src/core/orchestrator.py:get_combined_risk,fortaleza_bairros_top30,28,ANTONIO BEZERRA,ANTONIO BEZERRA,fortaleza,bairro,5.4,baixo,33.7,muito baixa,63.6,moderada,0,0,40.0,10.4,10.0,0.0,100.0,10.0,50.0,0.0,-0.05,73.0,90,90,False,stable,Sinal Poisson do ranking operacional,10.4,Tensão territorial,10.0,Atividade recente e vizinhança,0.0,Sinal Poisson do ranking operacional: 10.4% | Tensão territorial: 10.0% | Atividade recente e vizinhança: 0.0%,"ANTONIO BEZERRA aparece na posição 28 de 101, com risco 5.4 e nível baixo; é território de atenção tática.","O peso principal vem de sinal poisson do ranking operacional, com suporte territorial de 10.0% e 0 registros recentes na janela de 30 dias.",Leitura sensível a ruído; requer conferência adicional antes de decisão forte.,O território está próximo de pares vizinhos e pode oscilar no próximo ciclo.,"Verificar eventos recentes, pressão territorial e coerência com inteligência local antes da próxima atualização do ranking."
2026-06-14T22:49:31,2026-06-12,src/core/orchestrator.py:get_combined_risk,fortaleza_bairros_top30,29,PAUPINA,PAUPINA,fortaleza,bairro,5.22,baixo,33.6,muito baixa,62.9,moderada,0,0,40.0,10.0,10.0,0.0,100.0,10.0,50.0,0.0,-0.06,72.0,90,90,False,stable,Tensão territorial,10.0,Sinal Poisson do ranking operacional,10.0,Atividade recente e vizinhança,0.0,Tensão territorial: 10.0% | Sinal Poisson do ranking operacional: 10.0% | Atividade recente e vizinhança: 0.0%,"PAUPINA aparece na posição 29 de 101, com risco 5.2 e nível baixo; é território de atenção tática.","O peso principal vem de tensão territorial, com suporte territorial de 10.0% e 0 registros recentes na janela de 30 dias.",Leitura sensível a ruído; requer conferência adicional antes de decisão forte.,O território está próximo de pares vizinhos e pode oscilar no próximo ciclo.,"Verificar eventos recentes, pressão territorial e coerência com inteligência local antes da próxima atualização do ranking."
2026-06-14T22:49:31,2026-06-12,src/core/orchestrator.py:get_combined_risk,fortaleza_bairros_top30,30,CONJUNTO PALMEIRAS,CONJUNTO PALMEIRAS,fortaleza,bairro,4.86,baixo,35.1,muito baixa,62.2,moderada,0,0,47.0,8.3,13.5,0.0,100.0,13.5,67.5,0.0,-0.09,71.0,90,90,False,stable,Tensão territorial,13.5,Sinal Poisson do ranking operacional,8.3,Atividade recente e vizinhança,0.0,Tensão territorial: 13.5% | Sinal Poisson do ranking operacional: 8.3% | Atividade recente e vizinhança: 0.0%,"CONJUNTO PALMEIRAS aparece na posição 30 de 101, com risco 4.9 e nível baixo; é território de atenção tática.","O peso principal vem de tensão territorial, com suporte territorial de 13.5% e 0 registros recentes na janela de 30 dias.",Leitura sensível a ruído; requer conferência adicional antes de decisão forte.,O território está próximo de pares vizinhos e pode oscilar no próximo ciclo.,"Verificar eventos recentes, pressão territorial e coerência com inteligência local antes da próxima atualização do ranking."
