snapshot_generated_at,data_limit,source,scope,rank,name,name_normalized,region,territorial_level,risk_score,risk_level,confidence_pct,confidence_label,expressiveness_pct,expressiveness_label,recent_cvli_14d,recent_cvli_30d,historical_cvli,neural_score,tension_score,inclusion_score,calm_penalty,territorial_support_pct,historical_support_pct,live_support_pct,score_z,peer_percentile,dynamic_window_days,base_window_days,historical_fallback,trend,top_driver_1,top_driver_1_strength_pct,top_driver_2,top_driver_2_strength_pct,top_driver_3,top_driver_3_strength_pct,explainability_summary,leitura_rapida_gestor,por_que_importa_gestor,confianca_limites_gestor,expressividade_previsao_gestor,proxima_acao_gestor
2026-05-22T14:13:25,2026-05-15,src/core/orchestrator.py:get_combined_risk,cities_general_top30,1,MARACANAU,MARACANAU,rmf,cidade,85.33,crítico,53.9,muito baixa,97.0,muito alta,0,0,654.0,100.0,100.0,0.0,46.7,100.0,100.0,0.0,3.53,100.0,30,14,True,stable,Sinal neural do ST-GAT,100.0,Tensão territorial,100.0,Fallback histórico ativado,55.0,Sinal neural do ST-GAT: 100.0% | Tensão territorial: 100.0% | Fallback histórico ativado: 55.0%,"MARACANAU aparece na posição 1 de 69, com risco 85.3 e nível crítico; é prioridade imediata de acompanhamento.","O peso principal vem de sinal neural do st-gat, com suporte territorial de 100.0% e 0 registros recentes na janela de 30 dias.",Leitura mais fraca; parte do peso vem de fallback histórico e deve ser confirmada em campo.,O território está bem destacado no ranking frente aos pares.,"Verificar eventos recentes, pressão territorial e coerência com inteligência local antes da próxima atualização do ranking."
2026-05-22T14:13:25,2026-05-15,src/core/orchestrator.py:get_combined_risk,cities_general_top30,2,CAUCAIA,CAUCAIA,rmf,cidade,83.36,crítico,59.1,baixa,95.6,muito alta,0,1,652.0,96.1,100.0,0.0,46.7,100.0,100.0,50.0,3.43,98.5,30,14,True,stable,Tensão territorial,100.0,Sinal neural do ST-GAT,96.1,Fallback histórico ativado,55.0,Tensão territorial: 100.0% | Sinal neural do ST-GAT: 96.1% | Fallback histórico ativado: 55.0%,"CAUCAIA aparece na posição 2 de 69, com risco 83.4 e nível crítico; é prioridade imediata de acompanhamento.","O peso principal vem de tensão territorial, com suporte territorial de 100.0% e 1 registros recentes na janela de 30 dias.",Leitura mais fraca; parte do peso vem de fallback histórico e deve ser confirmada em campo.,O território está bem destacado no ranking frente aos pares.,"Verificar eventos recentes, pressão territorial e coerência com inteligência local antes da próxima atualização do ranking."
2026-05-22T14:13:25,2026-05-15,src/core/orchestrator.py:get_combined_risk,cities_general_top30,3,ITAPAJE,ITAPAJE,interior,cidade,83.25,crítico,90.0,alta,94.7,muito alta,2,2,45.0,100.0,100.0,100.0,10.0,100.0,62.5,100.0,3.42,97.1,14,14,False,stable,Atividade recente e vizinhança,100.0,Sinal neural do ST-GAT,100.0,Tensão territorial,100.0,Atividade recente e vizinhança: 100.0% | Sinal neural do ST-GAT: 100.0% | Tensão territorial: 100.0%,"ITAPAJE aparece na posição 3 de 69, com risco 83.2 e nível crítico; é prioridade imediata de acompanhamento.","O peso principal vem de atividade recente e vizinhança, com suporte territorial de 100.0% e 2 registros recentes na janela de 30 dias.",Leitura com boa sustentação dos sinais atuais.,O território está bem destacado no ranking frente aos pares.,"Verificar eventos recentes, pressão territorial e coerência com inteligência local antes da próxima atualização do ranking."
2026-05-22T14:13:25,2026-05-15,src/core/orchestrator.py:get_combined_risk,cities_general_top30,4,VARZEA ALEGRE,VARZEA ALEGRE,interior,cidade,61.78,alto,78.1,moderada,88.2,muito alta,1,1,17.0,97.3,100.0,50.0,13.3,100.0,0.0,100.0,2.26,95.6,14,14,False,stable,Tensão territorial,100.0,Sinal neural do ST-GAT,97.3,Atividade recente e vizinhança,50.0,Tensão territorial: 100.0% | Sinal neural do ST-GAT: 97.3% | Atividade recente e vizinhança: 50.0%,"VARZEA ALEGRE aparece na posição 4 de 69, com risco 61.8 e nível alto; é prioridade imediata de acompanhamento.","O peso principal vem de tensão territorial, com suporte territorial de 100.0% e 1 registros recentes na janela de 30 dias.","Leitura consistente, mas ainda pede validação operacional pontual.",O território está bem destacado no ranking frente aos pares.,"Verificar eventos recentes, pressão territorial e coerência com inteligência local antes da próxima atualização do ranking."
2026-05-22T14:13:25,2026-05-15,src/core/orchestrator.py:get_combined_risk,cities_general_top30,5,TIANGUA,TIANGUA,interior,cidade,60.24,alto,78.5,moderada,86.9,muito alta,1,1,78.0,89.4,100.0,50.0,6.7,100.0,100.0,100.0,2.17,94.1,14,14,False,stable,Tensão territorial,100.0,Sinal neural do ST-GAT,89.4,Atividade recente e vizinhança,50.0,Tensão territorial: 100.0% | Sinal neural do ST-GAT: 89.4% | Atividade recente e vizinhança: 50.0%,"TIANGUA aparece na posição 5 de 69, com risco 60.2 e nível alto; é prioridade imediata de acompanhamento.","O peso principal vem de tensão territorial, com suporte territorial de 100.0% e 1 registros recentes na janela de 30 dias.","Leitura consistente, mas ainda pede validação operacional pontual.",O território está bem destacado no ranking frente aos pares.,"Verificar eventos recentes, pressão territorial e coerência com inteligência local antes da próxima atualização do ranking."
2026-05-22T14:13:25,2026-05-15,src/core/orchestrator.py:get_combined_risk,cities_general_top30,6,ALTO SANTO,ALTO SANTO,interior,cidade,50.95,moderado,78.7,moderada,83.6,alta,1,1,22.0,65.3,100.0,50.0,16.7,100.0,5.0,100.0,1.67,92.6,14,14,False,stable,Tensão territorial,100.0,Sinal neural do ST-GAT,65.3,Atividade recente e vizinhança,50.0,Tensão territorial: 100.0% | Sinal neural do ST-GAT: 65.3% | Atividade recente e vizinhança: 50.0%,"ALTO SANTO aparece na posição 6 de 69, com risco 51.0 e nível moderado; é prioridade alta de acompanhamento.","O peso principal vem de tensão territorial, com suporte territorial de 100.0% e 1 registros recentes na janela de 30 dias.","Leitura consistente, mas ainda pede validação operacional pontual.","O território se diferencia do bloco intermediário, mas sem isolamento absoluto.","Verificar eventos recentes, pressão territorial e coerência com inteligência local antes da próxima atualização do ranking."
2026-05-22T14:13:25,2026-05-15,src/core/orchestrator.py:get_combined_risk,cities_general_top30,7,JUAZEIRO DO NORTE,JUAZEIRO DO NORTE,interior,cidade,50.0,moderado,75.9,moderada,82.5,alta,2,2,134.0,0.0,100.0,100.0,46.7,100.0,100.0,100.0,1.62,91.2,14,14,False,stable,Atividade recente e vizinhança,100.0,Tensão territorial,100.0,CVLI recente na janela de 30 dias,40.0,Atividade recente e vizinhança: 100.0% | Tensão territorial: 100.0% | CVLI recente na janela de 30 dias: 40.0%,"JUAZEIRO DO NORTE aparece na posição 7 de 69, com risco 50.0 e nível moderado; é prioridade alta de acompanhamento.","O peso principal vem de atividade recente e vizinhança, com suporte territorial de 100.0% e 2 registros recentes na janela de 30 dias.","Leitura consistente, mas ainda pede validação operacional pontual.","O território se diferencia do bloco intermediário, mas sem isolamento absoluto.","Verificar eventos recentes, pressão territorial e coerência com inteligência local antes da próxima atualização do ranking."
2026-05-22T14:13:25,2026-05-15,src/core/orchestrator.py:get_combined_risk,cities_general_top30,8,CARIRE,CARIRE,interior,cidade,41.47,moderado,77.4,moderada,79.4,alta,1,1,24.0,42.7,100.0,50.0,46.7,100.0,10.0,100.0,1.16,89.7,14,14,False,stable,Tensão territorial,100.0,Atividade recente e vizinhança,50.0,Sinal neural do ST-GAT,42.7,Tensão territorial: 100.0% | Atividade recente e vizinhança: 50.0% | Sinal neural do ST-GAT: 42.7%,"CARIRE aparece na posição 8 de 69, com risco 41.5 e nível moderado; é prioridade alta de acompanhamento.","O peso principal vem de tensão territorial, com suporte territorial de 100.0% e 1 registros recentes na janela de 30 dias.","Leitura consistente, mas ainda pede validação operacional pontual.","O território se diferencia do bloco intermediário, mas sem isolamento absoluto.","Verificar eventos recentes, pressão territorial e coerência com inteligência local antes da próxima atualização do ranking."
2026-05-22T14:13:25,2026-05-15,src/core/orchestrator.py:get_combined_risk,cities_general_top30,9,LIMOEIRO DO NORTE,LIMOEIRO DO NORTE,interior,cidade,29.71,baixo,54.2,muito baixa,75.4,alta,0,0,40.0,92.1,50.0,0.0,46.7,50.0,50.0,0.0,0.52,88.2,14,14,False,stable,Sinal neural do ST-GAT,92.1,Tensão territorial,50.0,Atividade recente e vizinhança,0.0,Sinal neural do ST-GAT: 92.1% | Tensão territorial: 50.0% | Atividade recente e vizinhança: 0.0%,"LIMOEIRO DO NORTE aparece na posição 9 de 69, com risco 29.7 e nível baixo; é prioridade alta de acompanhamento.","O peso principal vem de sinal neural do st-gat, com suporte territorial de 50.0% e 0 registros recentes na janela de 30 dias.",Leitura sensível a ruído; requer conferência adicional antes de decisão forte.,"O território se diferencia do bloco intermediário, mas sem isolamento absoluto.","Verificar eventos recentes, pressão territorial e coerência com inteligência local antes da próxima atualização do ranking."
2026-05-22T14:13:25,2026-05-15,src/core/orchestrator.py:get_combined_risk,cities_general_top30,10,SOBRAL,SOBRAL,interior,cidade,28.46,baixo,67.5,baixa,74.2,alta,0,0,67.0,68.8,100.0,0.0,46.7,100.0,100.0,0.0,0.45,86.8,14,14,False,stable,Tensão territorial,100.0,Sinal neural do ST-GAT,68.8,Atividade recente e vizinhança,0.0,Tensão territorial: 100.0% | Sinal neural do ST-GAT: 68.8% | Atividade recente e vizinhança: 0.0%,"SOBRAL aparece na posição 10 de 69, com risco 28.5 e nível baixo; é prioridade alta de acompanhamento.","O peso principal vem de tensão territorial, com suporte territorial de 100.0% e 0 registros recentes na janela de 30 dias.",Leitura sensível a ruído; requer conferência adicional antes de decisão forte.,"O território se diferencia do bloco intermediário, mas sem isolamento absoluto.","Verificar eventos recentes, pressão territorial e coerência com inteligência local antes da próxima atualização do ranking."
2026-05-22T14:13:25,2026-05-15,src/core/orchestrator.py:get_combined_risk,cities_general_top30,11,ACOPIARA,ACOPIARA,interior,cidade,25.18,baixo,40.2,muito baixa,72.5,alta,0,0,14.0,93.8,0.0,0.0,46.7,0.0,0.0,0.0,0.27,85.3,14,14,False,stable,Sinal neural do ST-GAT,93.8,Tensão territorial,0.0,Atividade recente e vizinhança,0.0,Sinal neural do ST-GAT: 93.8% | Tensão territorial: 0.0% | Atividade recente e vizinhança: 0.0%,"ACOPIARA aparece na posição 11 de 69, com risco 25.2 e nível baixo; é território de atenção tática.","O peso principal vem de sinal neural do st-gat, com suporte territorial de 0.0% e 0 registros recentes na janela de 30 dias.",Leitura sensível a ruído; requer conferência adicional antes de decisão forte.,"O território se diferencia do bloco intermediário, mas sem isolamento absoluto.","Verificar eventos recentes, pressão territorial e coerência com inteligência local antes da próxima atualização do ranking."
2026-05-22T14:13:25,2026-05-15,src/core/orchestrator.py:get_combined_risk,cities_general_top30,12,CEDRO,CEDRO,interior,cidade,25.18,baixo,40.2,muito baixa,71.6,alta,0,0,10.0,93.8,0.0,0.0,46.7,0.0,0.0,0.0,0.27,83.8,14,14,False,stable,Sinal neural do ST-GAT,93.8,Tensão territorial,0.0,Atividade recente e vizinhança,0.0,Sinal neural do ST-GAT: 93.8% | Tensão territorial: 0.0% | Atividade recente e vizinhança: 0.0%,"CEDRO aparece na posição 12 de 69, com risco 25.2 e nível baixo; é território de atenção tática.","O peso principal vem de sinal neural do st-gat, com suporte territorial de 0.0% e 0 registros recentes na janela de 30 dias.",Leitura sensível a ruído; requer conferência adicional antes de decisão forte.,"O território se diferencia do bloco intermediário, mas sem isolamento absoluto.","Verificar eventos recentes, pressão territorial e coerência com inteligência local antes da próxima atualização do ranking."
2026-05-22T14:13:25,2026-05-15,src/core/orchestrator.py:get_combined_risk,cities_general_top30,13,AURORA,AURORA,interior,cidade,24.88,baixo,40.1,muito baixa,70.7,alta,0,0,8.0,92.7,0.0,0.0,46.7,0.0,0.0,0.0,0.26,82.4,14,14,False,stable,Sinal neural do ST-GAT,92.7,Tensão territorial,0.0,Atividade recente e vizinhança,0.0,Sinal neural do ST-GAT: 92.7% | Tensão territorial: 0.0% | Atividade recente e vizinhança: 0.0%,"AURORA aparece na posição 13 de 69, com risco 24.9 e nível baixo; é território de atenção tática.","O peso principal vem de sinal neural do st-gat, com suporte territorial de 0.0% e 0 registros recentes na janela de 30 dias.",Leitura sensível a ruído; requer conferência adicional antes de decisão forte.,"O território se diferencia do bloco intermediário, mas sem isolamento absoluto.","Verificar eventos recentes, pressão territorial e coerência com inteligência local antes da próxima atualização do ranking."
2026-05-22T14:13:25,2026-05-15,src/core/orchestrator.py:get_combined_risk,cities_general_top30,14,JIJOCA DE JERICOACOARA,JIJOCA DE JERICOACOARA,interior,cidade,24.71,baixo,40.0,muito baixa,69.7,moderada,0,0,18.0,92.1,0.0,0.0,46.7,0.0,0.0,0.0,0.25,80.9,14,14,False,stable,Sinal neural do ST-GAT,92.1,Tensão territorial,0.0,Atividade recente e vizinhança,0.0,Sinal neural do ST-GAT: 92.1% | Tensão territorial: 0.0% | Atividade recente e vizinhança: 0.0%,"JIJOCA DE JERICOACOARA aparece na posição 14 de 69, com risco 24.7 e nível baixo; é território de atenção tática.","O peso principal vem de sinal neural do st-gat, com suporte territorial de 0.0% e 0 registros recentes na janela de 30 dias.",Leitura sensível a ruído; requer conferência adicional antes de decisão forte.,O território está próximo de pares vizinhos e pode oscilar no próximo ciclo.,"Verificar eventos recentes, pressão territorial e coerência com inteligência local antes da próxima atualização do ranking."
2026-05-22T14:13:25,2026-05-15,src/core/orchestrator.py:get_combined_risk,cities_general_top30,15,OROS,OROS,interior,cidade,24.71,baixo,40.0,muito baixa,68.8,moderada,0,0,13.0,92.1,0.0,0.0,46.7,0.0,0.0,0.0,0.25,79.4,14,14,False,stable,Sinal neural do ST-GAT,92.1,Tensão territorial,0.0,Atividade recente e vizinhança,0.0,Sinal neural do ST-GAT: 92.1% | Tensão territorial: 0.0% | Atividade recente e vizinhança: 0.0%,"OROS aparece na posição 15 de 69, com risco 24.7 e nível baixo; é território de atenção tática.","O peso principal vem de sinal neural do st-gat, com suporte territorial de 0.0% e 0 registros recentes na janela de 30 dias.",Leitura sensível a ruído; requer conferência adicional antes de decisão forte.,O território está próximo de pares vizinhos e pode oscilar no próximo ciclo.,"Verificar eventos recentes, pressão territorial e coerência com inteligência local antes da próxima atualização do ranking."
2026-05-22T14:13:25,2026-05-15,src/core/orchestrator.py:get_combined_risk,cities_general_top30,16,IRACEMA,IRACEMA,interior,cidade,24.71,baixo,40.0,muito baixa,67.9,moderada,0,0,15.0,92.1,0.0,0.0,46.7,0.0,0.0,0.0,0.25,77.9,14,14,False,stable,Sinal neural do ST-GAT,92.1,Tensão territorial,0.0,Atividade recente e vizinhança,0.0,Sinal neural do ST-GAT: 92.1% | Tensão territorial: 0.0% | Atividade recente e vizinhança: 0.0%,"IRACEMA aparece na posição 16 de 69, com risco 24.7 e nível baixo; é território de atenção tática.","O peso principal vem de sinal neural do st-gat, com suporte territorial de 0.0% e 0 registros recentes na janela de 30 dias.",Leitura sensível a ruído; requer conferência adicional antes de decisão forte.,O território está próximo de pares vizinhos e pode oscilar no próximo ciclo.,"Verificar eventos recentes, pressão territorial e coerência com inteligência local antes da próxima atualização do ranking."
2026-05-22T14:13:25,2026-05-15,src/core/orchestrator.py:get_combined_risk,cities_general_top30,17,CRATO,CRATO,interior,cidade,24.71,baixo,40.0,muito baixa,67.1,moderada,0,0,6.0,92.1,0.0,0.0,46.7,0.0,0.0,0.0,0.25,76.5,14,14,False,stable,Sinal neural do ST-GAT,92.1,Tensão territorial,0.0,Atividade recente e vizinhança,0.0,Sinal neural do ST-GAT: 92.1% | Tensão territorial: 0.0% | Atividade recente e vizinhança: 0.0%,"CRATO aparece na posição 17 de 69, com risco 24.7 e nível baixo; é território de atenção tática.","O peso principal vem de sinal neural do st-gat, com suporte territorial de 0.0% e 0 registros recentes na janela de 30 dias.",Leitura sensível a ruído; requer conferência adicional antes de decisão forte.,O território está próximo de pares vizinhos e pode oscilar no próximo ciclo.,"Verificar eventos recentes, pressão territorial e coerência com inteligência local antes da próxima atualização do ranking."
2026-05-22T14:13:25,2026-05-15,src/core/orchestrator.py:get_combined_risk,cities_general_top30,18,IGUATU,IGUATU,interior,cidade,23.9,baixo,67.7,baixa,66.0,moderada,0,0,81.0,51.8,100.0,0.0,46.7,100.0,100.0,0.0,0.2,75.0,14,14,False,stable,Tensão territorial,100.0,Sinal neural do ST-GAT,51.8,Atividade recente e vizinhança,0.0,Tensão territorial: 100.0% | Sinal neural do ST-GAT: 51.8% | Atividade recente e vizinhança: 0.0%,"IGUATU aparece na posição 18 de 69, com risco 23.9 e nível baixo; é território de atenção tática.","O peso principal vem de tensão territorial, com suporte territorial de 100.0% e 0 registros recentes na janela de 30 dias.",Leitura sensível a ruído; requer conferência adicional antes de decisão forte.,O território está próximo de pares vizinhos e pode oscilar no próximo ciclo.,"Verificar eventos recentes, pressão territorial e coerência com inteligência local antes da próxima atualização do ranking."
2026-05-22T14:13:25,2026-05-15,src/core/orchestrator.py:get_combined_risk,cities_general_top30,19,BATURITE,BATURITE,interior,cidade,23.9,baixo,67.7,baixa,65.1,moderada,0,0,64.0,51.8,100.0,0.0,46.7,100.0,100.0,0.0,0.2,73.5,14,14,False,stable,Tensão territorial,100.0,Sinal neural do ST-GAT,51.8,Atividade recente e vizinhança,0.0,Tensão territorial: 100.0% | Sinal neural do ST-GAT: 51.8% | Atividade recente e vizinhança: 0.0%,"BATURITE aparece na posição 19 de 69, com risco 23.9 e nível baixo; é território de atenção tática.","O peso principal vem de tensão territorial, com suporte territorial de 100.0% e 0 registros recentes na janela de 30 dias.",Leitura sensível a ruído; requer conferência adicional antes de decisão forte.,O território está próximo de pares vizinhos e pode oscilar no próximo ciclo.,"Verificar eventos recentes, pressão territorial e coerência com inteligência local antes da próxima atualização do ranking."
2026-05-22T14:13:25,2026-05-15,src/core/orchestrator.py:get_combined_risk,cities_general_top30,20,ITAITINGA,ITAITINGA,rmf,cidade,23.7,baixo,53.7,muito baixa,64.2,moderada,1,1,26.0,4.1,0.0,50.0,33.3,100.0,15.0,100.0,0.19,72.1,30,14,True,stable,Fallback histórico ativado,55.0,Atividade recente e vizinhança,50.0,CVLI recente na janela de 30 dias,20.0,Fallback histórico ativado: 55.0% | Atividade recente e vizinhança: 50.0% | CVLI recente na janela de 30 dias: 20.0%,"ITAITINGA aparece na posição 20 de 69, com risco 23.7 e nível baixo; é território de atenção tática.","O peso principal vem de fallback histórico ativado, com suporte territorial de 100.0% e 1 registros recentes na janela de 30 dias.",Leitura mais fraca; parte do peso vem de fallback histórico e deve ser confirmada em campo.,O território está próximo de pares vizinhos e pode oscilar no próximo ciclo.,"Verificar eventos recentes, pressão territorial e coerência com inteligência local antes da próxima atualização do ranking."
2026-05-22T14:13:25,2026-05-15,src/core/orchestrator.py:get_combined_risk,cities_general_top30,21,GROAIRAS,GROAIRAS,interior,cidade,20.65,baixo,55.1,baixa,62.5,moderada,0,0,47.0,51.8,67.5,0.0,46.7,67.5,67.5,0.0,0.03,70.6,14,14,False,stable,Tensão territorial,67.5,Sinal neural do ST-GAT,51.8,Atividade recente e vizinhança,0.0,Tensão territorial: 67.5% | Sinal neural do ST-GAT: 51.8% | Atividade recente e vizinhança: 0.0%,"GROAIRAS aparece na posição 21 de 69, com risco 20.6 e nível baixo; é território de atenção tática.","O peso principal vem de tensão territorial, com suporte territorial de 67.5% e 0 registros recentes na janela de 30 dias.",Leitura sensível a ruído; requer conferência adicional antes de decisão forte.,O território está próximo de pares vizinhos e pode oscilar no próximo ciclo.,"Verificar eventos recentes, pressão territorial e coerência com inteligência local antes da próxima atualização do ranking."
2026-05-22T14:13:25,2026-05-15,src/core/orchestrator.py:get_combined_risk,cities_general_top30,22,FORQUILHA,FORQUILHA,interior,cidade,18.46,baixo,37.5,muito baixa,61.0,moderada,0,0,12.0,68.8,0.0,0.0,46.7,0.0,0.0,0.0,-0.09,69.1,14,14,False,stable,Sinal neural do ST-GAT,68.8,Tensão territorial,0.0,Atividade recente e vizinhança,0.0,Sinal neural do ST-GAT: 68.8% | Tensão territorial: 0.0% | Atividade recente e vizinhança: 0.0%,"FORQUILHA aparece na posição 22 de 69, com risco 18.5 e nível baixo; é território de atenção tática.","O peso principal vem de sinal neural do st-gat, com suporte territorial de 0.0% e 0 registros recentes na janela de 30 dias.",Leitura sensível a ruído; requer conferência adicional antes de decisão forte.,O território está próximo de pares vizinhos e pode oscilar no próximo ciclo.,"Verificar eventos recentes, pressão territorial e coerência com inteligência local antes da próxima atualização do ranking."
2026-05-22T14:13:25,2026-05-15,src/core/orchestrator.py:get_combined_risk,cities_general_top30,23,HORIZONTE,HORIZONTE,rmf,cidade,17.59,baixo,48.5,muito baixa,59.9,moderada,0,1,128.0,4.5,0.0,0.0,46.7,100.0,100.0,50.0,-0.14,67.6,30,14,True,stable,Fallback histórico ativado,55.0,CVLI recente na janela de 30 dias,20.0,Sinal neural do ST-GAT,4.5,Fallback histórico ativado: 55.0% | CVLI recente na janela de 30 dias: 20.0% | Sinal neural do ST-GAT: 4.5%,"HORIZONTE aparece na posição 23 de 69, com risco 17.6 e nível baixo; é território de atenção tática.","O peso principal vem de fallback histórico ativado, com suporte territorial de 100.0% e 1 registros recentes na janela de 30 dias.",Leitura mais fraca; parte do peso vem de fallback histórico e deve ser confirmada em campo.,O território está próximo de pares vizinhos e pode oscilar no próximo ciclo.,"Verificar eventos recentes, pressão territorial e coerência com inteligência local antes da próxima atualização do ranking."
2026-05-22T14:13:25,2026-05-15,src/core/orchestrator.py:get_combined_risk,cities_general_top30,24,ARATUBA,ARATUBA,interior,cidade,16.9,baixo,44.1,muito baixa,58.9,moderada,0,0,32.0,51.8,30.0,0.0,46.7,30.0,30.0,0.0,-0.18,66.2,14,14,False,stable,Sinal neural do ST-GAT,51.8,Tensão territorial,30.0,Atividade recente e vizinhança,0.0,Sinal neural do ST-GAT: 51.8% | Tensão territorial: 30.0% | Atividade recente e vizinhança: 0.0%,"ARATUBA aparece na posição 24 de 69, com risco 16.9 e nível baixo; é território de atenção tática.","O peso principal vem de sinal neural do st-gat, com suporte territorial de 30.0% e 0 registros recentes na janela de 30 dias.",Leitura sensível a ruído; requer conferência adicional antes de decisão forte.,O território está próximo de pares vizinhos e pode oscilar no próximo ciclo.,"Verificar eventos recentes, pressão territorial e coerência com inteligência local antes da próxima atualização do ranking."
2026-05-22T14:13:25,2026-05-15,src/core/orchestrator.py:get_combined_risk,cities_general_top30,25,VICOSA DO CEARA,VICOSA DO CEARA,interior,cidade,15.65,baixo,40.9,muito baixa,57.6,moderada,0,0,27.0,51.8,17.5,0.0,46.7,17.5,17.5,0.0,-0.24,64.7,14,14,False,stable,Sinal neural do ST-GAT,51.8,Tensão territorial,17.5,Atividade recente e vizinhança,0.0,Sinal neural do ST-GAT: 51.8% | Tensão territorial: 17.5% | Atividade recente e vizinhança: 0.0%,"VICOSA DO CEARA aparece na posição 25 de 69, com risco 15.7 e nível baixo; é território de atenção tática.","O peso principal vem de sinal neural do st-gat, com suporte territorial de 17.5% e 0 registros recentes na janela de 30 dias.",Leitura sensível a ruído; requer conferência adicional antes de decisão forte.,O território está próximo de pares vizinhos e pode oscilar no próximo ciclo.,"Verificar eventos recentes, pressão territorial e coerência com inteligência local antes da próxima atualização do ranking."
2026-05-22T14:13:25,2026-05-15,src/core/orchestrator.py:get_combined_risk,cities_general_top30,26,PARAIPABA,PARAIPABA,rmf,cidade,15.59,baixo,24.9,muito baixa,56.7,moderada,0,0,31.0,0.5,0.0,0.0,46.7,27.5,27.5,0.0,-0.25,63.2,30,14,True,stable,Fallback histórico ativado,55.0,Sinal neural do ST-GAT,0.5,Tensão territorial,0.0,Fallback histórico ativado: 55.0% | Sinal neural do ST-GAT: 0.5% | Tensão territorial: 0.0%,"PARAIPABA aparece na posição 26 de 69, com risco 15.6 e nível baixo; é território de atenção tática.","O peso principal vem de fallback histórico ativado, com suporte territorial de 27.5% e 0 registros recentes na janela de 30 dias.",Leitura mais fraca; parte do peso vem de fallback histórico e deve ser confirmada em campo.,O território está próximo de pares vizinhos e pode oscilar no próximo ciclo.,"Verificar eventos recentes, pressão territorial e coerência com inteligência local antes da próxima atualização do ranking."
2026-05-22T14:13:25,2026-05-15,src/core/orchestrator.py:get_combined_risk,cities_general_top30,27,EUSEBIO,EUSEBIO,rmf,cidade,15.47,baixo,28.0,muito baixa,55.9,moderada,0,0,36.0,0.3,0.0,0.0,46.7,40.0,40.0,0.0,-0.25,61.8,30,14,True,stable,Fallback histórico ativado,55.0,Sinal neural do ST-GAT,0.3,Tensão territorial,0.0,Fallback histórico ativado: 55.0% | Sinal neural do ST-GAT: 0.3% | Tensão territorial: 0.0%,"EUSEBIO aparece na posição 27 de 69, com risco 15.5 e nível baixo; é território de atenção tática.","O peso principal vem de fallback histórico ativado, com suporte territorial de 40.0% e 0 registros recentes na janela de 30 dias.",Leitura mais fraca; parte do peso vem de fallback histórico e deve ser confirmada em campo.,O território está próximo de pares vizinhos e pode oscilar no próximo ciclo.,"Verificar eventos recentes, pressão territorial e coerência com inteligência local antes da próxima atualização do ranking."
2026-05-22T14:13:25,2026-05-15,src/core/orchestrator.py:get_combined_risk,cities_general_top30,28,PACAJUS,PACAJUS,rmf,cidade,15.47,baixo,43.0,muito baixa,55.0,moderada,0,0,104.0,0.3,0.0,0.0,46.7,100.0,100.0,0.0,-0.25,60.3,30,14,True,stable,Fallback histórico ativado,55.0,Sinal neural do ST-GAT,0.3,Tensão territorial,0.0,Fallback histórico ativado: 55.0% | Sinal neural do ST-GAT: 0.3% | Tensão territorial: 0.0%,"PACAJUS aparece na posição 28 de 69, com risco 15.5 e nível baixo; é território de atenção tática.","O peso principal vem de fallback histórico ativado, com suporte territorial de 100.0% e 0 registros recentes na janela de 30 dias.",Leitura mais fraca; parte do peso vem de fallback histórico e deve ser confirmada em campo.,O território está próximo de pares vizinhos e pode oscilar no próximo ciclo.,"Verificar eventos recentes, pressão territorial e coerência com inteligência local antes da próxima atualização do ranking."
2026-05-22T14:13:25,2026-05-15,src/core/orchestrator.py:get_combined_risk,cities_general_top30,29,SAO LUIS DO CURU,SAO LUIS DO CURU,rmf,cidade,15.47,baixo,21.2,muito baixa,54.1,moderada,0,0,25.0,0.3,0.0,0.0,46.7,12.5,12.5,0.0,-0.25,58.8,30,14,True,stable,Fallback histórico ativado,55.0,Sinal neural do ST-GAT,0.3,Tensão territorial,0.0,Fallback histórico ativado: 55.0% | Sinal neural do ST-GAT: 0.3% | Tensão territorial: 0.0%,"SAO LUIS DO CURU aparece na posição 29 de 69, com risco 15.5 e nível baixo; é território de atenção tática.","O peso principal vem de fallback histórico ativado, com suporte territorial de 12.5% e 0 registros recentes na janela de 30 dias.",Leitura mais fraca; parte do peso vem de fallback histórico e deve ser confirmada em campo.,O território está próximo de pares vizinhos e pode oscilar no próximo ciclo.,"Verificar eventos recentes, pressão territorial e coerência com inteligência local antes da próxima atualização do ranking."
2026-05-22T14:13:25,2026-05-15,src/core/orchestrator.py:get_combined_risk,cities_general_top30,30,PINDORETAMA,PINDORETAMA,rmf,cidade,15.47,baixo,31.8,muito baixa,53.2,moderada,0,0,42.0,0.3,0.0,0.0,46.7,55.0,55.0,0.0,-0.25,57.4,30,14,True,stable,Fallback histórico ativado,55.0,Sinal neural do ST-GAT,0.3,Tensão territorial,0.0,Fallback histórico ativado: 55.0% | Sinal neural do ST-GAT: 0.3% | Tensão territorial: 0.0%,"PINDORETAMA aparece na posição 30 de 69, com risco 15.5 e nível baixo; é território de atenção tática.","O peso principal vem de fallback histórico ativado, com suporte territorial de 55.0% e 0 registros recentes na janela de 30 dias.",Leitura mais fraca; parte do peso vem de fallback histórico e deve ser confirmada em campo.,O território está próximo de pares vizinhos e pode oscilar no próximo ciclo.,"Verificar eventos recentes, pressão territorial e coerência com inteligência local antes da próxima atualização do ranking."
2026-05-22T14:13:25,2026-05-15,src/core/orchestrator.py:get_combined_risk,cities_rmf_top20,1,MARACANAU,MARACANAU,rmf,cidade,85.33,crítico,53.9,muito baixa,93.4,muito alta,0,0,654.0,100.0,100.0,0.0,46.7,100.0,100.0,0.0,2.79,100.0,30,14,True,stable,Sinal neural do ST-GAT,100.0,Tensão territorial,100.0,Fallback histórico ativado,55.0,Sinal neural do ST-GAT: 100.0% | Tensão territorial: 100.0% | Fallback histórico ativado: 55.0%,"MARACANAU aparece na posição 1 de 19, com risco 85.3 e nível crítico; é prioridade imediata de acompanhamento.","O peso principal vem de sinal neural do st-gat, com suporte territorial de 100.0% e 0 registros recentes na janela de 30 dias.",Leitura mais fraca; parte do peso vem de fallback histórico e deve ser confirmada em campo.,O território está bem destacado no ranking frente aos pares.,"Verificar eventos recentes, pressão territorial e coerência com inteligência local antes da próxima atualização do ranking."
2026-05-22T14:13:25,2026-05-15,src/core/orchestrator.py:get_combined_risk,cities_rmf_top20,2,CAUCAIA,CAUCAIA,rmf,cidade,83.36,crítico,59.1,baixa,89.7,muito alta,0,1,652.0,96.1,100.0,0.0,46.7,100.0,100.0,50.0,2.71,94.4,30,14,True,stable,Tensão territorial,100.0,Sinal neural do ST-GAT,96.1,Fallback histórico ativado,55.0,Tensão territorial: 100.0% | Sinal neural do ST-GAT: 96.1% | Fallback histórico ativado: 55.0%,"CAUCAIA aparece na posição 2 de 19, com risco 83.4 e nível crítico; é prioridade imediata de acompanhamento.","O peso principal vem de tensão territorial, com suporte territorial de 100.0% e 1 registros recentes na janela de 30 dias.",Leitura mais fraca; parte do peso vem de fallback histórico e deve ser confirmada em campo.,O território está bem destacado no ranking frente aos pares.,"Verificar eventos recentes, pressão territorial e coerência com inteligência local antes da próxima atualização do ranking."
2026-05-22T14:13:25,2026-05-15,src/core/orchestrator.py:get_combined_risk,cities_rmf_top20,3,ITAITINGA,ITAITINGA,rmf,cidade,23.7,baixo,53.7,muito baixa,74.7,alta,1,1,26.0,4.1,0.0,50.0,33.3,100.0,15.0,100.0,0.28,88.9,30,14,True,stable,Fallback histórico ativado,55.0,Atividade recente e vizinhança,50.0,CVLI recente na janela de 30 dias,20.0,Fallback histórico ativado: 55.0% | Atividade recente e vizinhança: 50.0% | CVLI recente na janela de 30 dias: 20.0%,"ITAITINGA aparece na posição 3 de 19, com risco 23.7 e nível baixo; é prioridade imediata de acompanhamento.","O peso principal vem de fallback histórico ativado, com suporte territorial de 100.0% e 1 registros recentes na janela de 30 dias.",Leitura mais fraca; parte do peso vem de fallback histórico e deve ser confirmada em campo.,"O território se diferencia do bloco intermediário, mas sem isolamento absoluto.","Verificar eventos recentes, pressão territorial e coerência com inteligência local antes da próxima atualização do ranking."
2026-05-22T14:13:25,2026-05-15,src/core/orchestrator.py:get_combined_risk,cities_rmf_top20,4,HORIZONTE,HORIZONTE,rmf,cidade,17.59,baixo,48.5,muito baixa,70.1,alta,0,1,128.0,4.5,0.0,0.0,46.7,100.0,100.0,50.0,0.03,83.3,30,14,True,stable,Fallback histórico ativado,55.0,CVLI recente na janela de 30 dias,20.0,Sinal neural do ST-GAT,4.5,Fallback histórico ativado: 55.0% | CVLI recente na janela de 30 dias: 20.0% | Sinal neural do ST-GAT: 4.5%,"HORIZONTE aparece na posição 4 de 19, com risco 17.6 e nível baixo; é prioridade imediata de acompanhamento.","O peso principal vem de fallback histórico ativado, com suporte territorial de 100.0% e 1 registros recentes na janela de 30 dias.",Leitura mais fraca; parte do peso vem de fallback histórico e deve ser confirmada em campo.,"O território se diferencia do bloco intermediário, mas sem isolamento absoluto.","Verificar eventos recentes, pressão territorial e coerência com inteligência local antes da próxima atualização do ranking."
2026-05-22T14:13:25,2026-05-15,src/core/orchestrator.py:get_combined_risk,cities_rmf_top20,5,PARAIPABA,PARAIPABA,rmf,cidade,15.59,baixo,24.9,muito baixa,66.5,moderada,0,0,31.0,0.5,0.0,0.0,46.7,27.5,27.5,0.0,-0.05,77.8,30,14,True,stable,Fallback histórico ativado,55.0,Sinal neural do ST-GAT,0.5,Tensão territorial,0.0,Fallback histórico ativado: 55.0% | Sinal neural do ST-GAT: 0.5% | Tensão territorial: 0.0%,"PARAIPABA aparece na posição 5 de 19, com risco 15.6 e nível baixo; é prioridade imediata de acompanhamento.","O peso principal vem de fallback histórico ativado, com suporte territorial de 27.5% e 0 registros recentes na janela de 30 dias.",Leitura mais fraca; parte do peso vem de fallback histórico e deve ser confirmada em campo.,O território está próximo de pares vizinhos e pode oscilar no próximo ciclo.,"Verificar eventos recentes, pressão territorial e coerência com inteligência local antes da próxima atualização do ranking."
2026-05-22T14:13:25,2026-05-15,src/core/orchestrator.py:get_combined_risk,cities_rmf_top20,6,EUSEBIO,EUSEBIO,rmf,cidade,15.47,baixo,28.0,muito baixa,63.1,moderada,0,0,36.0,0.3,0.0,0.0,46.7,40.0,40.0,0.0,-0.05,72.2,30,14,True,stable,Fallback histórico ativado,55.0,Sinal neural do ST-GAT,0.3,Tensão territorial,0.0,Fallback histórico ativado: 55.0% | Sinal neural do ST-GAT: 0.3% | Tensão territorial: 0.0%,"EUSEBIO aparece na posição 6 de 19, com risco 15.5 e nível baixo; é prioridade alta de acompanhamento.","O peso principal vem de fallback histórico ativado, com suporte territorial de 40.0% e 0 registros recentes na janela de 30 dias.",Leitura mais fraca; parte do peso vem de fallback histórico e deve ser confirmada em campo.,O território está próximo de pares vizinhos e pode oscilar no próximo ciclo.,"Verificar eventos recentes, pressão territorial e coerência com inteligência local antes da próxima atualização do ranking."
2026-05-22T14:13:25,2026-05-15,src/core/orchestrator.py:get_combined_risk,cities_rmf_top20,7,PACAJUS,PACAJUS,rmf,cidade,15.47,baixo,43.0,muito baixa,59.8,moderada,0,0,104.0,0.3,0.0,0.0,46.7,100.0,100.0,0.0,-0.05,66.7,30,14,True,stable,Fallback histórico ativado,55.0,Sinal neural do ST-GAT,0.3,Tensão territorial,0.0,Fallback histórico ativado: 55.0% | Sinal neural do ST-GAT: 0.3% | Tensão territorial: 0.0%,"PACAJUS aparece na posição 7 de 19, com risco 15.5 e nível baixo; é prioridade alta de acompanhamento.","O peso principal vem de fallback histórico ativado, com suporte territorial de 100.0% e 0 registros recentes na janela de 30 dias.",Leitura mais fraca; parte do peso vem de fallback histórico e deve ser confirmada em campo.,O território está próximo de pares vizinhos e pode oscilar no próximo ciclo.,"Verificar eventos recentes, pressão territorial e coerência com inteligência local antes da próxima atualização do ranking."
2026-05-22T14:13:25,2026-05-15,src/core/orchestrator.py:get_combined_risk,cities_rmf_top20,8,SAO LUIS DO CURU,SAO LUIS DO CURU,rmf,cidade,15.47,baixo,21.2,muito baixa,56.4,moderada,0,0,25.0,0.3,0.0,0.0,46.7,12.5,12.5,0.0,-0.05,61.1,30,14,True,stable,Fallback histórico ativado,55.0,Sinal neural do ST-GAT,0.3,Tensão territorial,0.0,Fallback histórico ativado: 55.0% | Sinal neural do ST-GAT: 0.3% | Tensão territorial: 0.0%,"SAO LUIS DO CURU aparece na posição 8 de 19, com risco 15.5 e nível baixo; é prioridade alta de acompanhamento.","O peso principal vem de fallback histórico ativado, com suporte territorial de 12.5% e 0 registros recentes na janela de 30 dias.",Leitura mais fraca; parte do peso vem de fallback histórico e deve ser confirmada em campo.,O território está próximo de pares vizinhos e pode oscilar no próximo ciclo.,"Verificar eventos recentes, pressão territorial e coerência com inteligência local antes da próxima atualização do ranking."
2026-05-22T14:13:25,2026-05-15,src/core/orchestrator.py:get_combined_risk,cities_rmf_top20,9,PINDORETAMA,PINDORETAMA,rmf,cidade,15.47,baixo,31.8,muito baixa,53.1,moderada,0,0,42.0,0.3,0.0,0.0,46.7,55.0,55.0,0.0,-0.05,55.6,30,14,True,stable,Fallback histórico ativado,55.0,Sinal neural do ST-GAT,0.3,Tensão territorial,0.0,Fallback histórico ativado: 55.0% | Sinal neural do ST-GAT: 0.3% | Tensão territorial: 0.0%,"PINDORETAMA aparece na posição 9 de 19, com risco 15.5 e nível baixo; é prioridade alta de acompanhamento.","O peso principal vem de fallback histórico ativado, com suporte territorial de 55.0% e 0 registros recentes na janela de 30 dias.",Leitura mais fraca; parte do peso vem de fallback histórico e deve ser confirmada em campo.,O território está próximo de pares vizinhos e pode oscilar no próximo ciclo.,"Verificar eventos recentes, pressão territorial e coerência com inteligência local antes da próxima atualização do ranking."
2026-05-22T14:13:25,2026-05-15,src/core/orchestrator.py:get_combined_risk,cities_rmf_top20,10,PACATUBA,PACATUBA,rmf,cidade,15.47,baixo,41.8,muito baixa,49.7,baixa,0,0,58.0,0.3,0.0,0.0,46.7,95.0,95.0,0.0,-0.05,50.0,30,14,True,stable,Fallback histórico ativado,55.0,Sinal neural do ST-GAT,0.3,Tensão territorial,0.0,Fallback histórico ativado: 55.0% | Sinal neural do ST-GAT: 0.3% | Tensão territorial: 0.0%,"PACATUBA aparece na posição 10 de 19, com risco 15.5 e nível baixo; é prioridade alta de acompanhamento.","O peso principal vem de fallback histórico ativado, com suporte territorial de 95.0% e 0 registros recentes na janela de 30 dias.",Leitura mais fraca; parte do peso vem de fallback histórico e deve ser confirmada em campo.,O território está próximo de pares vizinhos e pode oscilar no próximo ciclo.,"Verificar eventos recentes, pressão territorial e coerência com inteligência local antes da próxima atualização do ranking."
2026-05-22T14:13:25,2026-05-15,src/core/orchestrator.py:get_combined_risk,cities_rmf_top20,11,TRAIRI,TRAIRI,rmf,cidade,15.45,baixo,69.7,baixa,46.4,baixa,3,3,16.0,12.9,0.0,100.0,10.0,100.0,0.0,100.0,-0.05,44.4,30,14,True,stable,Atividade recente e vizinhança,100.0,CVLI recente na janela de 30 dias,60.0,Fallback histórico ativado,55.0,Atividade recente e vizinhança: 100.0% | CVLI recente na janela de 30 dias: 60.0% | Fallback histórico ativado: 55.0%,"TRAIRI aparece na posição 11 de 19, com risco 15.4 e nível baixo; é território de atenção tática.","O peso principal vem de atividade recente e vizinhança, com suporte territorial de 100.0% e 3 registros recentes na janela de 30 dias.",Leitura mais fraca; parte do peso vem de fallback histórico e deve ser confirmada em campo.,O território está próximo de pares vizinhos e pode oscilar no próximo ciclo.,"Verificar eventos recentes, pressão territorial e coerência com inteligência local antes da próxima atualização do ranking."
2026-05-22T14:13:25,2026-05-15,src/core/orchestrator.py:get_combined_risk,cities_rmf_top20,12,AQUIRAZ,AQUIRAZ,rmf,cidade,0.0,baixo,18.0,muito baixa,40.1,baixa,0,0,20.0,0.3,0.0,0.0,46.7,0.0,0.0,0.0,-0.68,38.9,30,14,True,stable,Fallback histórico ativado,55.0,Sinal neural do ST-GAT,0.3,Tensão territorial,0.0,Fallback histórico ativado: 55.0% | Sinal neural do ST-GAT: 0.3% | Tensão territorial: 0.0%,"AQUIRAZ aparece na posição 12 de 19, com risco 0.0 e nível baixo; é território de atenção tática.","O peso principal vem de fallback histórico ativado, com suporte territorial de 0.0% e 0 registros recentes na janela de 30 dias.",Leitura mais fraca; parte do peso vem de fallback histórico e deve ser confirmada em campo.,O território está próximo de pares vizinhos e pode oscilar no próximo ciclo.,"Verificar eventos recentes, pressão territorial e coerência com inteligência local antes da próxima atualização do ranking."
2026-05-22T14:13:25,2026-05-15,src/core/orchestrator.py:get_combined_risk,cities_rmf_top20,13,PARACURU,PARACURU,rmf,cidade,0.0,baixo,18.0,muito baixa,36.7,baixa,0,0,19.0,0.0,0.0,0.0,46.7,0.0,0.0,0.0,-0.68,33.3,30,14,True,stable,Fallback histórico ativado,55.0,Sinal neural do ST-GAT,0.0,Tensão territorial,0.0,Fallback histórico ativado: 55.0% | Sinal neural do ST-GAT: 0.0% | Tensão territorial: 0.0%,"PARACURU aparece na posição 13 de 19, com risco 0.0 e nível baixo; é território de atenção tática.","O peso principal vem de fallback histórico ativado, com suporte territorial de 0.0% e 0 registros recentes na janela de 30 dias.",Leitura mais fraca; parte do peso vem de fallback histórico e deve ser confirmada em campo.,O território está próximo de pares vizinhos e pode oscilar no próximo ciclo.,"Verificar eventos recentes, pressão territorial e coerência com inteligência local antes da próxima atualização do ranking."
2026-05-22T14:13:25,2026-05-15,src/core/orchestrator.py:get_combined_risk,cities_rmf_top20,14,MARANGUAPE,MARANGUAPE,rmf,cidade,0.0,baixo,18.0,muito baixa,33.4,baixa,0,0,9.0,0.3,0.0,0.0,46.7,0.0,0.0,0.0,-0.68,27.8,30,14,True,stable,Fallback histórico ativado,55.0,Sinal neural do ST-GAT,0.3,Tensão territorial,0.0,Fallback histórico ativado: 55.0% | Sinal neural do ST-GAT: 0.3% | Tensão territorial: 0.0%,"MARANGUAPE aparece na posição 14 de 19, com risco 0.0 e nível baixo; é território de atenção tática.","O peso principal vem de fallback histórico ativado, com suporte territorial de 0.0% e 0 registros recentes na janela de 30 dias.",Leitura mais fraca; parte do peso vem de fallback histórico e deve ser confirmada em campo.,O território está próximo de pares vizinhos e pode oscilar no próximo ciclo.,"Verificar eventos recentes, pressão territorial e coerência com inteligência local antes da próxima atualização do ranking."
2026-05-22T14:13:25,2026-05-15,src/core/orchestrator.py:get_combined_risk,cities_rmf_top20,15,GUAIUBA,GUAIUBA,rmf,cidade,0.0,baixo,18.0,muito baixa,30.0,baixa,0,0,15.0,0.3,0.0,0.0,46.7,0.0,0.0,0.0,-0.68,22.2,30,14,True,stable,Fallback histórico ativado,55.0,Sinal neural do ST-GAT,0.3,Tensão territorial,0.0,Fallback histórico ativado: 55.0% | Sinal neural do ST-GAT: 0.3% | Tensão territorial: 0.0%,"GUAIUBA aparece na posição 15 de 19, com risco 0.0 e nível baixo; é território de atenção tática.","O peso principal vem de fallback histórico ativado, com suporte territorial de 0.0% e 0 registros recentes na janela de 30 dias.",Leitura mais fraca; parte do peso vem de fallback histórico e deve ser confirmada em campo.,O território está próximo de pares vizinhos e pode oscilar no próximo ciclo.,"Verificar eventos recentes, pressão territorial e coerência com inteligência local antes da próxima atualização do ranking."
2026-05-22T14:13:25,2026-05-15,src/core/orchestrator.py:get_combined_risk,cities_rmf_top20,16,CHOROZINHO,CHOROZINHO,rmf,cidade,0.0,baixo,18.0,muito baixa,26.7,baixa,0,0,15.0,0.3,0.0,0.0,46.7,0.0,0.0,0.0,-0.68,16.7,30,14,True,stable,Fallback histórico ativado,55.0,Sinal neural do ST-GAT,0.3,Tensão territorial,0.0,Fallback histórico ativado: 55.0% | Sinal neural do ST-GAT: 0.3% | Tensão territorial: 0.0%,"CHOROZINHO aparece na posição 16 de 19, com risco 0.0 e nível baixo; é território de atenção tática.","O peso principal vem de fallback histórico ativado, com suporte territorial de 0.0% e 0 registros recentes na janela de 30 dias.",Leitura mais fraca; parte do peso vem de fallback histórico e deve ser confirmada em campo.,O território está próximo de pares vizinhos e pode oscilar no próximo ciclo.,"Verificar eventos recentes, pressão territorial e coerência com inteligência local antes da próxima atualização do ranking."
2026-05-22T14:13:25,2026-05-15,src/core/orchestrator.py:get_combined_risk,cities_rmf_top20,17,CASCAVEL,CASCAVEL,rmf,cidade,0.0,baixo,18.0,muito baixa,23.4,baixa,0,0,2.0,0.2,0.0,0.0,46.7,0.0,0.0,0.0,-0.68,11.1,30,14,True,stable,Fallback histórico ativado,55.0,Sinal neural do ST-GAT,0.2,Tensão territorial,0.0,Fallback histórico ativado: 55.0% | Sinal neural do ST-GAT: 0.2% | Tensão territorial: 0.0%,"CASCAVEL aparece na posição 17 de 19, com risco 0.0 e nível baixo; é território de atenção tática.","O peso principal vem de fallback histórico ativado, com suporte territorial de 0.0% e 0 registros recentes na janela de 30 dias.",Leitura mais fraca; parte do peso vem de fallback histórico e deve ser confirmada em campo.,O território está próximo de pares vizinhos e pode oscilar no próximo ciclo.,"Verificar eventos recentes, pressão territorial e coerência com inteligência local antes da próxima atualização do ranking."
2026-05-22T14:13:25,2026-05-15,src/core/orchestrator.py:get_combined_risk,cities_rmf_top20,18,SAO GONCALO DO AMARANTE,SAO GONCALO DO AMARANTE,rmf,cidade,0.0,baixo,18.0,muito baixa,20.1,baixa,0,0,1.0,0.3,0.0,0.0,46.7,0.0,0.0,0.0,-0.68,5.6,30,14,True,stable,Fallback histórico ativado,55.0,Sinal neural do ST-GAT,0.3,Tensão territorial,0.0,Fallback histórico ativado: 55.0% | Sinal neural do ST-GAT: 0.3% | Tensão territorial: 0.0%,"SAO GONCALO DO AMARANTE aparece na posição 18 de 19, com risco 0.0 e nível baixo; é território de atenção tática.","O peso principal vem de fallback histórico ativado, com suporte territorial de 0.0% e 0 registros recentes na janela de 30 dias.",Leitura mais fraca; parte do peso vem de fallback histórico e deve ser confirmada em campo.,O território está próximo de pares vizinhos e pode oscilar no próximo ciclo.,"Verificar eventos recentes, pressão territorial e coerência com inteligência local antes da próxima atualização do ranking."
2026-05-22T14:13:25,2026-05-15,src/core/orchestrator.py:get_combined_risk,cities_rmf_top20,19,BEBERIBE,BEBERIBE,rmf,cidade,0.0,baixo,18.0,muito baixa,16.7,baixa,0,0,1.0,0.2,0.0,0.0,46.7,0.0,0.0,0.0,-0.68,0.0,30,14,True,stable,Fallback histórico ativado,55.0,Sinal neural do ST-GAT,0.2,Tensão territorial,0.0,Fallback histórico ativado: 55.0% | Sinal neural do ST-GAT: 0.2% | Tensão territorial: 0.0%,"BEBERIBE aparece na posição 19 de 19, com risco 0.0 e nível baixo; é território de atenção tática.","O peso principal vem de fallback histórico ativado, com suporte territorial de 0.0% e 0 registros recentes na janela de 30 dias.",Leitura mais fraca; parte do peso vem de fallback histórico e deve ser confirmada em campo.,O território está próximo de pares vizinhos e pode oscilar no próximo ciclo.,"Verificar eventos recentes, pressão territorial e coerência com inteligência local antes da próxima atualização do ranking."
2026-05-22T14:13:25,2026-05-15,src/core/orchestrator.py:get_combined_risk,cities_interior_top30,1,ITAPAJE,ITAPAJE,interior,cidade,83.25,crítico,90.0,alta,99.4,muito alta,2,2,45.0,100.0,100.0,100.0,10.0,100.0,62.5,100.0,4.04,100.0,14,14,False,stable,Atividade recente e vizinhança,100.0,Sinal neural do ST-GAT,100.0,Tensão territorial,100.0,Atividade recente e vizinhança: 100.0% | Sinal neural do ST-GAT: 100.0% | Tensão territorial: 100.0%,"ITAPAJE aparece na posição 1 de 50, com risco 83.2 e nível crítico; é prioridade imediata de acompanhamento.","O peso principal vem de atividade recente e vizinhança, com suporte territorial de 100.0% e 2 registros recentes na janela de 30 dias.",Leitura com boa sustentação dos sinais atuais.,O território está bem destacado no ranking frente aos pares.,"Verificar eventos recentes, pressão territorial e coerência com inteligência local antes da próxima atualização do ranking."
2026-05-22T14:13:25,2026-05-15,src/core/orchestrator.py:get_combined_risk,cities_interior_top30,2,VARZEA ALEGRE,VARZEA ALEGRE,interior,cidade,61.78,alto,78.1,moderada,91.5,muito alta,1,1,17.0,97.3,100.0,50.0,13.3,100.0,0.0,100.0,2.64,98.0,14,14,False,stable,Tensão territorial,100.0,Sinal neural do ST-GAT,97.3,Atividade recente e vizinhança,50.0,Tensão territorial: 100.0% | Sinal neural do ST-GAT: 97.3% | Atividade recente e vizinhança: 50.0%,"VARZEA ALEGRE aparece na posição 2 de 50, com risco 61.8 e nível alto; é prioridade imediata de acompanhamento.","O peso principal vem de tensão territorial, com suporte territorial de 100.0% e 1 registros recentes na janela de 30 dias.","Leitura consistente, mas ainda pede validação operacional pontual.",O território está bem destacado no ranking frente aos pares.,"Verificar eventos recentes, pressão territorial e coerência com inteligência local antes da próxima atualização do ranking."
2026-05-22T14:13:25,2026-05-15,src/core/orchestrator.py:get_combined_risk,cities_interior_top30,3,TIANGUA,TIANGUA,interior,cidade,60.24,alto,78.5,moderada,89.7,muito alta,1,1,78.0,89.4,100.0,50.0,6.7,100.0,100.0,100.0,2.54,95.9,14,14,False,stable,Tensão territorial,100.0,Sinal neural do ST-GAT,89.4,Atividade recente e vizinhança,50.0,Tensão territorial: 100.0% | Sinal neural do ST-GAT: 89.4% | Atividade recente e vizinhança: 50.0%,"TIANGUA aparece na posição 3 de 50, com risco 60.2 e nível alto; é prioridade imediata de acompanhamento.","O peso principal vem de tensão territorial, com suporte territorial de 100.0% e 1 registros recentes na janela de 30 dias.","Leitura consistente, mas ainda pede validação operacional pontual.",O território está bem destacado no ranking frente aos pares.,"Verificar eventos recentes, pressão territorial e coerência com inteligência local antes da próxima atualização do ranking."
2026-05-22T14:13:25,2026-05-15,src/core/orchestrator.py:get_combined_risk,cities_interior_top30,4,ALTO SANTO,ALTO SANTO,interior,cidade,50.95,moderado,78.7,moderada,85.6,muito alta,1,1,22.0,65.3,100.0,50.0,16.7,100.0,5.0,100.0,1.93,93.9,14,14,False,stable,Tensão territorial,100.0,Sinal neural do ST-GAT,65.3,Atividade recente e vizinhança,50.0,Tensão territorial: 100.0% | Sinal neural do ST-GAT: 65.3% | Atividade recente e vizinhança: 50.0%,"ALTO SANTO aparece na posição 4 de 50, com risco 51.0 e nível moderado; é prioridade imediata de acompanhamento.","O peso principal vem de tensão territorial, com suporte territorial de 100.0% e 1 registros recentes na janela de 30 dias.","Leitura consistente, mas ainda pede validação operacional pontual.",O território está bem destacado no ranking frente aos pares.,"Verificar eventos recentes, pressão territorial e coerência com inteligência local antes da próxima atualização do ranking."
2026-05-22T14:13:25,2026-05-15,src/core/orchestrator.py:get_combined_risk,cities_interior_top30,5,JUAZEIRO DO NORTE,JUAZEIRO DO NORTE,interior,cidade,50.0,moderado,75.9,moderada,84.0,alta,2,2,134.0,0.0,100.0,100.0,46.7,100.0,100.0,100.0,1.87,91.8,14,14,False,stable,Atividade recente e vizinhança,100.0,Tensão territorial,100.0,CVLI recente na janela de 30 dias,40.0,Atividade recente e vizinhança: 100.0% | Tensão territorial: 100.0% | CVLI recente na janela de 30 dias: 40.0%,"JUAZEIRO DO NORTE aparece na posição 5 de 50, com risco 50.0 e nível moderado; é prioridade imediata de acompanhamento.","O peso principal vem de atividade recente e vizinhança, com suporte territorial de 100.0% e 2 registros recentes na janela de 30 dias.","Leitura consistente, mas ainda pede validação operacional pontual.","O território se diferencia do bloco intermediário, mas sem isolamento absoluto.","Verificar eventos recentes, pressão territorial e coerência com inteligência local antes da próxima atualização do ranking."
2026-05-22T14:13:25,2026-05-15,src/core/orchestrator.py:get_combined_risk,cities_interior_top30,6,CARIRE,CARIRE,interior,cidade,41.47,moderado,77.4,moderada,80.2,alta,1,1,24.0,42.7,100.0,50.0,46.7,100.0,10.0,100.0,1.31,89.8,14,14,False,stable,Tensão territorial,100.0,Atividade recente e vizinhança,50.0,Sinal neural do ST-GAT,42.7,Tensão territorial: 100.0% | Atividade recente e vizinhança: 50.0% | Sinal neural do ST-GAT: 42.7%,"CARIRE aparece na posição 6 de 50, com risco 41.5 e nível moderado; é prioridade alta de acompanhamento.","O peso principal vem de tensão territorial, com suporte territorial de 100.0% e 1 registros recentes na janela de 30 dias.","Leitura consistente, mas ainda pede validação operacional pontual.","O território se diferencia do bloco intermediário, mas sem isolamento absoluto.","Verificar eventos recentes, pressão territorial e coerência com inteligência local antes da próxima atualização do ranking."
2026-05-22T14:13:25,2026-05-15,src/core/orchestrator.py:get_combined_risk,cities_interior_top30,7,LIMOEIRO DO NORTE,LIMOEIRO DO NORTE,interior,cidade,29.71,baixo,54.2,muito baixa,75.3,alta,0,0,40.0,92.1,50.0,0.0,46.7,50.0,50.0,0.0,0.54,87.8,14,14,False,stable,Sinal neural do ST-GAT,92.1,Tensão territorial,50.0,Atividade recente e vizinhança,0.0,Sinal neural do ST-GAT: 92.1% | Tensão territorial: 50.0% | Atividade recente e vizinhança: 0.0%,"LIMOEIRO DO NORTE aparece na posição 7 de 50, com risco 29.7 e nível baixo; é prioridade alta de acompanhamento.","O peso principal vem de sinal neural do st-gat, com suporte territorial de 50.0% e 0 registros recentes na janela de 30 dias.",Leitura sensível a ruído; requer conferência adicional antes de decisão forte.,"O território se diferencia do bloco intermediário, mas sem isolamento absoluto.","Verificar eventos recentes, pressão territorial e coerência com inteligência local antes da próxima atualização do ranking."
2026-05-22T14:13:25,2026-05-15,src/core/orchestrator.py:get_combined_risk,cities_interior_top30,8,SOBRAL,SOBRAL,interior,cidade,28.46,baixo,67.5,baixa,73.6,alta,0,0,67.0,68.8,100.0,0.0,46.7,100.0,100.0,0.0,0.46,85.7,14,14,False,stable,Tensão territorial,100.0,Sinal neural do ST-GAT,68.8,Atividade recente e vizinhança,0.0,Tensão territorial: 100.0% | Sinal neural do ST-GAT: 68.8% | Atividade recente e vizinhança: 0.0%,"SOBRAL aparece na posição 8 de 50, com risco 28.5 e nível baixo; é prioridade alta de acompanhamento.","O peso principal vem de tensão territorial, com suporte territorial de 100.0% e 0 registros recentes na janela de 30 dias.",Leitura sensível a ruído; requer conferência adicional antes de decisão forte.,"O território se diferencia do bloco intermediário, mas sem isolamento absoluto.","Verificar eventos recentes, pressão territorial e coerência com inteligência local antes da próxima atualização do ranking."
2026-05-22T14:13:25,2026-05-15,src/core/orchestrator.py:get_combined_risk,cities_interior_top30,9,ACOPIARA,ACOPIARA,interior,cidade,25.18,baixo,40.2,muito baixa,71.4,alta,0,0,14.0,93.8,0.0,0.0,46.7,0.0,0.0,0.0,0.24,83.7,14,14,False,stable,Sinal neural do ST-GAT,93.8,Tensão territorial,0.0,Atividade recente e vizinhança,0.0,Sinal neural do ST-GAT: 93.8% | Tensão territorial: 0.0% | Atividade recente e vizinhança: 0.0%,"ACOPIARA aparece na posição 9 de 50, com risco 25.2 e nível baixo; é prioridade alta de acompanhamento.","O peso principal vem de sinal neural do st-gat, com suporte territorial de 0.0% e 0 registros recentes na janela de 30 dias.",Leitura sensível a ruído; requer conferência adicional antes de decisão forte.,"O território se diferencia do bloco intermediário, mas sem isolamento absoluto.","Verificar eventos recentes, pressão territorial e coerência com inteligência local antes da próxima atualização do ranking."
2026-05-22T14:13:25,2026-05-15,src/core/orchestrator.py:get_combined_risk,cities_interior_top30,10,CEDRO,CEDRO,interior,cidade,25.18,baixo,40.2,muito baixa,70.1,alta,0,0,10.0,93.8,0.0,0.0,46.7,0.0,0.0,0.0,0.24,81.6,14,14,False,stable,Sinal neural do ST-GAT,93.8,Tensão territorial,0.0,Atividade recente e vizinhança,0.0,Sinal neural do ST-GAT: 93.8% | Tensão territorial: 0.0% | Atividade recente e vizinhança: 0.0%,"CEDRO aparece na posição 10 de 50, com risco 25.2 e nível baixo; é prioridade alta de acompanhamento.","O peso principal vem de sinal neural do st-gat, com suporte territorial de 0.0% e 0 registros recentes na janela de 30 dias.",Leitura sensível a ruído; requer conferência adicional antes de decisão forte.,"O território se diferencia do bloco intermediário, mas sem isolamento absoluto.","Verificar eventos recentes, pressão territorial e coerência com inteligência local antes da próxima atualização do ranking."
2026-05-22T14:13:25,2026-05-15,src/core/orchestrator.py:get_combined_risk,cities_interior_top30,11,AURORA,AURORA,interior,cidade,24.88,baixo,40.1,muito baixa,68.8,moderada,0,0,8.0,92.7,0.0,0.0,46.7,0.0,0.0,0.0,0.22,79.6,14,14,False,stable,Sinal neural do ST-GAT,92.7,Tensão territorial,0.0,Atividade recente e vizinhança,0.0,Sinal neural do ST-GAT: 92.7% | Tensão territorial: 0.0% | Atividade recente e vizinhança: 0.0%,"AURORA aparece na posição 11 de 50, com risco 24.9 e nível baixo; é território de atenção tática.","O peso principal vem de sinal neural do st-gat, com suporte territorial de 0.0% e 0 registros recentes na janela de 30 dias.",Leitura sensível a ruído; requer conferência adicional antes de decisão forte.,O território está próximo de pares vizinhos e pode oscilar no próximo ciclo.,"Verificar eventos recentes, pressão territorial e coerência com inteligência local antes da próxima atualização do ranking."
2026-05-22T14:13:25,2026-05-15,src/core/orchestrator.py:get_combined_risk,cities_interior_top30,12,JIJOCA DE JERICOACOARA,JIJOCA DE JERICOACOARA,interior,cidade,24.71,baixo,40.0,muito baixa,67.6,moderada,0,0,18.0,92.1,0.0,0.0,46.7,0.0,0.0,0.0,0.21,77.6,14,14,False,stable,Sinal neural do ST-GAT,92.1,Tensão territorial,0.0,Atividade recente e vizinhança,0.0,Sinal neural do ST-GAT: 92.1% | Tensão territorial: 0.0% | Atividade recente e vizinhança: 0.0%,"JIJOCA DE JERICOACOARA aparece na posição 12 de 50, com risco 24.7 e nível baixo; é território de atenção tática.","O peso principal vem de sinal neural do st-gat, com suporte territorial de 0.0% e 0 registros recentes na janela de 30 dias.",Leitura sensível a ruído; requer conferência adicional antes de decisão forte.,O território está próximo de pares vizinhos e pode oscilar no próximo ciclo.,"Verificar eventos recentes, pressão territorial e coerência com inteligência local antes da próxima atualização do ranking."
2026-05-22T14:13:25,2026-05-15,src/core/orchestrator.py:get_combined_risk,cities_interior_top30,13,OROS,OROS,interior,cidade,24.71,baixo,40.0,muito baixa,66.3,moderada,0,0,13.0,92.1,0.0,0.0,46.7,0.0,0.0,0.0,0.21,75.5,14,14,False,stable,Sinal neural do ST-GAT,92.1,Tensão territorial,0.0,Atividade recente e vizinhança,0.0,Sinal neural do ST-GAT: 92.1% | Tensão territorial: 0.0% | Atividade recente e vizinhança: 0.0%,"OROS aparece na posição 13 de 50, com risco 24.7 e nível baixo; é território de atenção tática.","O peso principal vem de sinal neural do st-gat, com suporte territorial de 0.0% e 0 registros recentes na janela de 30 dias.",Leitura sensível a ruído; requer conferência adicional antes de decisão forte.,O território está próximo de pares vizinhos e pode oscilar no próximo ciclo.,"Verificar eventos recentes, pressão territorial e coerência com inteligência local antes da próxima atualização do ranking."
2026-05-22T14:13:25,2026-05-15,src/core/orchestrator.py:get_combined_risk,cities_interior_top30,14,IRACEMA,IRACEMA,interior,cidade,24.71,baixo,40.0,muito baixa,65.1,moderada,0,0,15.0,92.1,0.0,0.0,46.7,0.0,0.0,0.0,0.21,73.5,14,14,False,stable,Sinal neural do ST-GAT,92.1,Tensão territorial,0.0,Atividade recente e vizinhança,0.0,Sinal neural do ST-GAT: 92.1% | Tensão territorial: 0.0% | Atividade recente e vizinhança: 0.0%,"IRACEMA aparece na posição 14 de 50, com risco 24.7 e nível baixo; é território de atenção tática.","O peso principal vem de sinal neural do st-gat, com suporte territorial de 0.0% e 0 registros recentes na janela de 30 dias.",Leitura sensível a ruído; requer conferência adicional antes de decisão forte.,O território está próximo de pares vizinhos e pode oscilar no próximo ciclo.,"Verificar eventos recentes, pressão territorial e coerência com inteligência local antes da próxima atualização do ranking."
2026-05-22T14:13:25,2026-05-15,src/core/orchestrator.py:get_combined_risk,cities_interior_top30,15,CRATO,CRATO,interior,cidade,24.71,baixo,40.0,muito baixa,63.9,moderada,0,0,6.0,92.1,0.0,0.0,46.7,0.0,0.0,0.0,0.21,71.4,14,14,False,stable,Sinal neural do ST-GAT,92.1,Tensão territorial,0.0,Atividade recente e vizinhança,0.0,Sinal neural do ST-GAT: 92.1% | Tensão territorial: 0.0% | Atividade recente e vizinhança: 0.0%,"CRATO aparece na posição 15 de 50, com risco 24.7 e nível baixo; é território de atenção tática.","O peso principal vem de sinal neural do st-gat, com suporte territorial de 0.0% e 0 registros recentes na janela de 30 dias.",Leitura sensível a ruído; requer conferência adicional antes de decisão forte.,O território está próximo de pares vizinhos e pode oscilar no próximo ciclo.,"Verificar eventos recentes, pressão territorial e coerência com inteligência local antes da próxima atualização do ranking."
2026-05-22T14:13:25,2026-05-15,src/core/orchestrator.py:get_combined_risk,cities_interior_top30,16,IGUATU,IGUATU,interior,cidade,23.9,baixo,67.7,baixa,62.4,moderada,0,0,81.0,51.8,100.0,0.0,46.7,100.0,100.0,0.0,0.16,69.4,14,14,False,stable,Tensão territorial,100.0,Sinal neural do ST-GAT,51.8,Atividade recente e vizinhança,0.0,Tensão territorial: 100.0% | Sinal neural do ST-GAT: 51.8% | Atividade recente e vizinhança: 0.0%,"IGUATU aparece na posição 16 de 50, com risco 23.9 e nível baixo; é território de atenção tática.","O peso principal vem de tensão territorial, com suporte territorial de 100.0% e 0 registros recentes na janela de 30 dias.",Leitura sensível a ruído; requer conferência adicional antes de decisão forte.,O território está próximo de pares vizinhos e pode oscilar no próximo ciclo.,"Verificar eventos recentes, pressão territorial e coerência com inteligência local antes da próxima atualização do ranking."
2026-05-22T14:13:25,2026-05-15,src/core/orchestrator.py:get_combined_risk,cities_interior_top30,17,BATURITE,BATURITE,interior,cidade,23.9,baixo,67.7,baixa,61.1,moderada,0,0,64.0,51.8,100.0,0.0,46.7,100.0,100.0,0.0,0.16,67.3,14,14,False,stable,Tensão territorial,100.0,Sinal neural do ST-GAT,51.8,Atividade recente e vizinhança,0.0,Tensão territorial: 100.0% | Sinal neural do ST-GAT: 51.8% | Atividade recente e vizinhança: 0.0%,"BATURITE aparece na posição 17 de 50, com risco 23.9 e nível baixo; é território de atenção tática.","O peso principal vem de tensão territorial, com suporte territorial de 100.0% e 0 registros recentes na janela de 30 dias.",Leitura sensível a ruído; requer conferência adicional antes de decisão forte.,O território está próximo de pares vizinhos e pode oscilar no próximo ciclo.,"Verificar eventos recentes, pressão territorial e coerência com inteligência local antes da próxima atualização do ranking."
2026-05-22T14:13:25,2026-05-15,src/core/orchestrator.py:get_combined_risk,cities_interior_top30,18,GROAIRAS,GROAIRAS,interior,cidade,20.65,baixo,55.1,baixa,58.9,moderada,0,0,47.0,51.8,67.5,0.0,46.7,67.5,67.5,0.0,-0.05,65.3,14,14,False,stable,Tensão territorial,67.5,Sinal neural do ST-GAT,51.8,Atividade recente e vizinhança,0.0,Tensão territorial: 67.5% | Sinal neural do ST-GAT: 51.8% | Atividade recente e vizinhança: 0.0%,"GROAIRAS aparece na posição 18 de 50, com risco 20.6 e nível baixo; é território de atenção tática.","O peso principal vem de tensão territorial, com suporte territorial de 67.5% e 0 registros recentes na janela de 30 dias.",Leitura sensível a ruído; requer conferência adicional antes de decisão forte.,O território está próximo de pares vizinhos e pode oscilar no próximo ciclo.,"Verificar eventos recentes, pressão territorial e coerência com inteligência local antes da próxima atualização do ranking."
2026-05-22T14:13:25,2026-05-15,src/core/orchestrator.py:get_combined_risk,cities_interior_top30,19,FORQUILHA,FORQUILHA,interior,cidade,18.46,baixo,37.5,muito baixa,57.0,moderada,0,0,12.0,68.8,0.0,0.0,46.7,0.0,0.0,0.0,-0.2,63.3,14,14,False,stable,Sinal neural do ST-GAT,68.8,Tensão territorial,0.0,Atividade recente e vizinhança,0.0,Sinal neural do ST-GAT: 68.8% | Tensão territorial: 0.0% | Atividade recente e vizinhança: 0.0%,"FORQUILHA aparece na posição 19 de 50, com risco 18.5 e nível baixo; é território de atenção tática.","O peso principal vem de sinal neural do st-gat, com suporte territorial de 0.0% e 0 registros recentes na janela de 30 dias.",Leitura sensível a ruído; requer conferência adicional antes de decisão forte.,O território está próximo de pares vizinhos e pode oscilar no próximo ciclo.,"Verificar eventos recentes, pressão territorial e coerência com inteligência local antes da próxima atualização do ranking."
2026-05-22T14:13:25,2026-05-15,src/core/orchestrator.py:get_combined_risk,cities_interior_top30,20,ARATUBA,ARATUBA,interior,cidade,16.9,baixo,44.1,muito baixa,55.3,moderada,0,0,32.0,51.8,30.0,0.0,46.7,30.0,30.0,0.0,-0.3,61.2,14,14,False,stable,Sinal neural do ST-GAT,51.8,Tensão territorial,30.0,Atividade recente e vizinhança,0.0,Sinal neural do ST-GAT: 51.8% | Tensão territorial: 30.0% | Atividade recente e vizinhança: 0.0%,"ARATUBA aparece na posição 20 de 50, com risco 16.9 e nível baixo; é território de atenção tática.","O peso principal vem de sinal neural do st-gat, com suporte territorial de 30.0% e 0 registros recentes na janela de 30 dias.",Leitura sensível a ruído; requer conferência adicional antes de decisão forte.,O território está próximo de pares vizinhos e pode oscilar no próximo ciclo.,"Verificar eventos recentes, pressão territorial e coerência com inteligência local antes da próxima atualização do ranking."
2026-05-22T14:13:25,2026-05-15,src/core/orchestrator.py:get_combined_risk,cities_interior_top30,21,VICOSA DO CEARA,VICOSA DO CEARA,interior,cidade,15.65,baixo,40.9,muito baixa,53.7,moderada,0,0,27.0,51.8,17.5,0.0,46.7,17.5,17.5,0.0,-0.38,59.2,14,14,False,stable,Sinal neural do ST-GAT,51.8,Tensão territorial,17.5,Atividade recente e vizinhança,0.0,Sinal neural do ST-GAT: 51.8% | Tensão territorial: 17.5% | Atividade recente e vizinhança: 0.0%,"VICOSA DO CEARA aparece na posição 21 de 50, com risco 15.7 e nível baixo; é território de atenção tática.","O peso principal vem de sinal neural do st-gat, com suporte territorial de 17.5% e 0 registros recentes na janela de 30 dias.",Leitura sensível a ruído; requer conferência adicional antes de decisão forte.,O território está próximo de pares vizinhos e pode oscilar no próximo ciclo.,"Verificar eventos recentes, pressão territorial e coerência com inteligência local antes da próxima atualização do ranking."
2026-05-22T14:13:25,2026-05-15,src/core/orchestrator.py:get_combined_risk,cities_interior_top30,22,SANTANA DO ACARAU,SANTANA DO ACARAU,interior,cidade,15.2,baixo,36.2,muito baixa,52.3,moderada,0,0,9.0,56.7,0.0,0.0,46.7,0.0,0.0,0.0,-0.41,57.1,14,14,False,stable,Sinal neural do ST-GAT,56.7,Tensão territorial,0.0,Atividade recente e vizinhança,0.0,Sinal neural do ST-GAT: 56.7% | Tensão territorial: 0.0% | Atividade recente e vizinhança: 0.0%,"SANTANA DO ACARAU aparece na posição 22 de 50, com risco 15.2 e nível baixo; é território de atenção tática.","O peso principal vem de sinal neural do st-gat, com suporte territorial de 0.0% e 0 registros recentes na janela de 30 dias.",Leitura sensível a ruído; requer conferência adicional antes de decisão forte.,O território está próximo de pares vizinhos e pode oscilar no próximo ciclo.,"Verificar eventos recentes, pressão territorial e coerência com inteligência local antes da próxima atualização do ranking."
2026-05-22T14:13:25,2026-05-15,src/core/orchestrator.py:get_combined_risk,cities_interior_top30,23,NOVA OLINDA,NOVA OLINDA,interior,cidade,14.65,baixo,38.0,muito baixa,50.9,moderada,0,0,23.0,51.8,7.5,0.0,46.7,7.5,7.5,0.0,-0.44,55.1,14,14,False,stable,Sinal neural do ST-GAT,51.8,Tensão territorial,7.5,Atividade recente e vizinhança,0.0,Sinal neural do ST-GAT: 51.8% | Tensão territorial: 7.5% | Atividade recente e vizinhança: 0.0%,"NOVA OLINDA aparece na posição 23 de 50, com risco 14.7 e nível baixo; é território de atenção tática.","O peso principal vem de sinal neural do st-gat, com suporte territorial de 7.5% e 0 registros recentes na janela de 30 dias.",Leitura sensível a ruído; requer conferência adicional antes de decisão forte.,O território está próximo de pares vizinhos e pode oscilar no próximo ciclo.,"Verificar eventos recentes, pressão territorial e coerência com inteligência local antes da próxima atualização do ranking."
2026-05-22T14:13:25,2026-05-15,src/core/orchestrator.py:get_combined_risk,cities_interior_top30,24,CAPISTRANO,CAPISTRANO,interior,cidade,14.15,baixo,36.4,muito baixa,49.6,baixa,0,0,21.0,51.8,2.5,0.0,46.7,2.5,2.5,0.0,-0.48,53.1,14,14,False,stable,Sinal neural do ST-GAT,51.8,Tensão territorial,2.5,Atividade recente e vizinhança,0.0,Sinal neural do ST-GAT: 51.8% | Tensão territorial: 2.5% | Atividade recente e vizinhança: 0.0%,"CAPISTRANO aparece na posição 24 de 50, com risco 14.2 e nível baixo; é território de atenção tática.","O peso principal vem de sinal neural do st-gat, com suporte territorial de 2.5% e 0 registros recentes na janela de 30 dias.",Leitura sensível a ruído; requer conferência adicional antes de decisão forte.,O território está próximo de pares vizinhos e pode oscilar no próximo ciclo.,"Verificar eventos recentes, pressão territorial e coerência com inteligência local antes da próxima atualização do ranking."
2026-05-22T14:13:25,2026-05-15,src/core/orchestrator.py:get_combined_risk,cities_interior_top30,25,GENERAL SAMPAIO,GENERAL SAMPAIO,interior,cidade,13.9,baixo,35.6,muito baixa,48.2,baixa,0,0,14.0,51.8,0.0,0.0,46.7,0.0,0.0,0.0,-0.49,51.0,14,14,False,stable,Sinal neural do ST-GAT,51.8,Tensão territorial,0.0,Atividade recente e vizinhança,0.0,Sinal neural do ST-GAT: 51.8% | Tensão territorial: 0.0% | Atividade recente e vizinhança: 0.0%,"GENERAL SAMPAIO aparece na posição 25 de 50, com risco 13.9 e nível baixo; é território de atenção tática.","O peso principal vem de sinal neural do st-gat, com suporte territorial de 0.0% e 0 registros recentes na janela de 30 dias.",Leitura sensível a ruído; requer conferência adicional antes de decisão forte.,O território está próximo de pares vizinhos e pode oscilar no próximo ciclo.,"Verificar eventos recentes, pressão territorial e coerência com inteligência local antes da próxima atualização do ranking."
2026-05-22T14:13:25,2026-05-15,src/core/orchestrator.py:get_combined_risk,cities_interior_top30,26,GRACA,GRACA,interior,cidade,13.9,baixo,35.6,muito baixa,47.0,baixa,0,0,14.0,51.8,0.0,0.0,46.7,0.0,0.0,0.0,-0.49,49.0,14,14,False,stable,Sinal neural do ST-GAT,51.8,Tensão territorial,0.0,Atividade recente e vizinhança,0.0,Sinal neural do ST-GAT: 51.8% | Tensão territorial: 0.0% | Atividade recente e vizinhança: 0.0%,"GRACA aparece na posição 26 de 50, com risco 13.9 e nível baixo; é território de atenção tática.","O peso principal vem de sinal neural do st-gat, com suporte territorial de 0.0% e 0 registros recentes na janela de 30 dias.",Leitura sensível a ruído; requer conferência adicional antes de decisão forte.,O território está próximo de pares vizinhos e pode oscilar no próximo ciclo.,"Verificar eventos recentes, pressão territorial e coerência com inteligência local antes da próxima atualização do ranking."
2026-05-22T14:13:25,2026-05-15,src/core/orchestrator.py:get_combined_risk,cities_interior_top30,27,CARIRIACU,CARIRIACU,interior,cidade,13.9,baixo,35.6,muito baixa,45.8,baixa,0,0,14.0,51.8,0.0,0.0,46.7,0.0,0.0,0.0,-0.49,46.9,14,14,False,stable,Sinal neural do ST-GAT,51.8,Tensão territorial,0.0,Atividade recente e vizinhança,0.0,Sinal neural do ST-GAT: 51.8% | Tensão territorial: 0.0% | Atividade recente e vizinhança: 0.0%,"CARIRIACU aparece na posição 27 de 50, com risco 13.9 e nível baixo; é território de atenção tática.","O peso principal vem de sinal neural do st-gat, com suporte territorial de 0.0% e 0 registros recentes na janela de 30 dias.",Leitura sensível a ruído; requer conferência adicional antes de decisão forte.,O território está próximo de pares vizinhos e pode oscilar no próximo ciclo.,"Verificar eventos recentes, pressão territorial e coerência com inteligência local antes da próxima atualização do ranking."
2026-05-22T14:13:25,2026-05-15,src/core/orchestrator.py:get_combined_risk,cities_interior_top30,28,ACARAPE,ACARAPE,interior,cidade,13.9,baixo,35.6,muito baixa,44.6,baixa,0,0,11.0,51.8,0.0,0.0,46.7,0.0,0.0,0.0,-0.49,44.9,14,14,False,stable,Sinal neural do ST-GAT,51.8,Tensão territorial,0.0,Atividade recente e vizinhança,0.0,Sinal neural do ST-GAT: 51.8% | Tensão territorial: 0.0% | Atividade recente e vizinhança: 0.0%,"ACARAPE aparece na posição 28 de 50, com risco 13.9 e nível baixo; é território de atenção tática.","O peso principal vem de sinal neural do st-gat, com suporte territorial de 0.0% e 0 registros recentes na janela de 30 dias.",Leitura sensível a ruído; requer conferência adicional antes de decisão forte.,O território está próximo de pares vizinhos e pode oscilar no próximo ciclo.,"Verificar eventos recentes, pressão territorial e coerência com inteligência local antes da próxima atualização do ranking."
2026-05-22T14:13:25,2026-05-15,src/core/orchestrator.py:get_combined_risk,cities_interior_top30,29,ITAPIUNA,ITAPIUNA,interior,cidade,13.9,baixo,35.6,muito baixa,43.4,baixa,0,0,19.0,51.8,0.0,0.0,46.7,0.0,0.0,0.0,-0.49,42.9,14,14,False,stable,Sinal neural do ST-GAT,51.8,Tensão territorial,0.0,Atividade recente e vizinhança,0.0,Sinal neural do ST-GAT: 51.8% | Tensão territorial: 0.0% | Atividade recente e vizinhança: 0.0%,"ITAPIUNA aparece na posição 29 de 50, com risco 13.9 e nível baixo; é território de atenção tática.","O peso principal vem de sinal neural do st-gat, com suporte territorial de 0.0% e 0 registros recentes na janela de 30 dias.",Leitura sensível a ruído; requer conferência adicional antes de decisão forte.,O território está próximo de pares vizinhos e pode oscilar no próximo ciclo.,"Verificar eventos recentes, pressão territorial e coerência com inteligência local antes da próxima atualização do ranking."
2026-05-22T14:13:25,2026-05-15,src/core/orchestrator.py:get_combined_risk,cities_interior_top30,30,MILAGRES,MILAGRES,interior,cidade,13.9,baixo,35.6,muito baixa,42.1,baixa,0,0,12.0,51.8,0.0,0.0,46.7,0.0,0.0,0.0,-0.49,40.8,14,14,False,stable,Sinal neural do ST-GAT,51.8,Tensão territorial,0.0,Atividade recente e vizinhança,0.0,Sinal neural do ST-GAT: 51.8% | Tensão territorial: 0.0% | Atividade recente e vizinhança: 0.0%,"MILAGRES aparece na posição 30 de 50, com risco 13.9 e nível baixo; é território de atenção tática.","O peso principal vem de sinal neural do st-gat, com suporte territorial de 0.0% e 0 registros recentes na janela de 30 dias.",Leitura sensível a ruído; requer conferência adicional antes de decisão forte.,O território está próximo de pares vizinhos e pode oscilar no próximo ciclo.,"Verificar eventos recentes, pressão territorial e coerência com inteligência local antes da próxima atualização do ranking."
2026-05-22T14:13:25,2026-05-15,src/core/orchestrator.py:get_combined_risk,fortaleza_bairros_top30,1,AEROLANDIA,AEROLANDIA,fortaleza,bairro,76.97,crítico,84.0,moderada,100.0,muito alta,2,2,53.0,57.8,100.0,100.0,13.3,100.0,82.5,100.0,5.15,100.0,14,14,False,stable,Atividade recente e vizinhança,100.0,Tensão territorial,100.0,Sinal neural do ST-GAT,57.8,Atividade recente e vizinhança: 100.0% | Tensão territorial: 100.0% | Sinal neural do ST-GAT: 57.8%,"AEROLANDIA aparece na posição 1 de 122, com risco 77.0 e nível crítico; é prioridade imediata de acompanhamento.","O peso principal vem de atividade recente e vizinhança, com suporte territorial de 100.0% e 2 registros recentes na janela de 30 dias.","Leitura consistente, mas ainda pede validação operacional pontual.",O território está bem destacado no ranking frente aos pares.,"Verificar eventos recentes, pressão territorial e coerência com inteligência local antes da próxima atualização do ranking."
2026-05-22T14:13:25,2026-05-15,src/core/orchestrator.py:get_combined_risk,fortaleza_bairros_top30,2,BOM JARDIM,BOM JARDIM,fortaleza,bairro,70.0,alto,77.9,moderada,99.5,muito alta,1,1,76.0,100.0,100.0,50.0,40.0,100.0,100.0,100.0,4.52,99.2,14,14,False,stable,Sinal neural do ST-GAT,100.0,Tensão territorial,100.0,Atividade recente e vizinhança,50.0,Sinal neural do ST-GAT: 100.0% | Tensão territorial: 100.0% | Atividade recente e vizinhança: 50.0%,"BOM JARDIM aparece na posição 2 de 122, com risco 70.0 e nível alto; é prioridade imediata de acompanhamento.","O peso principal vem de sinal neural do st-gat, com suporte territorial de 100.0% e 1 registros recentes na janela de 30 dias.","Leitura consistente, mas ainda pede validação operacional pontual.",O território está bem destacado no ranking frente aos pares.,"Verificar eventos recentes, pressão territorial e coerência com inteligência local antes da próxima atualização do ranking."
2026-05-22T14:13:25,2026-05-15,src/core/orchestrator.py:get_combined_risk,fortaleza_bairros_top30,3,BARROSO,BARROSO,fortaleza,bairro,66.18,alto,83.7,moderada,99.0,muito alta,1,2,111.0,86.8,100.0,50.0,33.3,100.0,100.0,100.0,4.18,98.3,14,14,False,stable,Tensão territorial,100.0,Sinal neural do ST-GAT,86.8,Atividade recente e vizinhança,50.0,Tensão territorial: 100.0% | Sinal neural do ST-GAT: 86.8% | Atividade recente e vizinhança: 50.0%,"BARROSO aparece na posição 3 de 122, com risco 66.2 e nível alto; é prioridade imediata de acompanhamento.","O peso principal vem de tensão territorial, com suporte territorial de 100.0% e 2 registros recentes na janela de 30 dias.","Leitura consistente, mas ainda pede validação operacional pontual.",O território está bem destacado no ranking frente aos pares.,"Verificar eventos recentes, pressão territorial e coerência com inteligência local antes da próxima atualização do ranking."
2026-05-22T14:13:25,2026-05-15,src/core/orchestrator.py:get_combined_risk,fortaleza_bairros_top30,4,ANCURI,ANCURI,fortaleza,bairro,63.54,alto,78.8,moderada,97.4,muito alta,1,1,74.0,80.5,100.0,50.0,33.3,100.0,100.0,100.0,3.95,97.5,14,14,False,stable,Tensão territorial,100.0,Sinal neural do ST-GAT,80.5,Atividade recente e vizinhança,50.0,Tensão territorial: 100.0% | Sinal neural do ST-GAT: 80.5% | Atividade recente e vizinhança: 50.0%,"ANCURI aparece na posição 4 de 122, com risco 63.5 e nível alto; é prioridade imediata de acompanhamento.","O peso principal vem de tensão territorial, com suporte territorial de 100.0% e 1 registros recentes na janela de 30 dias.","Leitura consistente, mas ainda pede validação operacional pontual.",O território está bem destacado no ranking frente aos pares.,"Verificar eventos recentes, pressão territorial e coerência com inteligência local antes da próxima atualização do ranking."
2026-05-22T14:13:25,2026-05-15,src/core/orchestrator.py:get_combined_risk,fortaleza_bairros_top30,5,CONJUNTO PALMEIRAS,CONJUNTO PALMEIRAS,fortaleza,bairro,59.92,alto,78.8,moderada,95.4,muito alta,1,1,58.0,69.0,100.0,50.0,26.7,100.0,95.0,100.0,3.62,96.7,14,14,False,stable,Tensão territorial,100.0,Sinal neural do ST-GAT,69.0,Atividade recente e vizinhança,50.0,Tensão territorial: 100.0% | Sinal neural do ST-GAT: 69.0% | Atividade recente e vizinhança: 50.0%,"CONJUNTO PALMEIRAS aparece na posição 5 de 122, com risco 59.9 e nível alto; é prioridade imediata de acompanhamento.","O peso principal vem de tensão territorial, com suporte territorial de 100.0% e 1 registros recentes na janela de 30 dias.","Leitura consistente, mas ainda pede validação operacional pontual.",O território está bem destacado no ranking frente aos pares.,"Verificar eventos recentes, pressão territorial e coerência com inteligência local antes da próxima atualização do ranking."
2026-05-22T14:13:25,2026-05-15,src/core/orchestrator.py:get_combined_risk,fortaleza_bairros_top30,6,CURIO,CURIO,fortaleza,bairro,41.8,moderado,66.9,baixa,87.2,muito alta,0,0,68.0,82.9,100.0,0.0,46.7,100.0,100.0,0.0,2.01,95.9,14,14,False,stable,Tensão territorial,100.0,Sinal neural do ST-GAT,82.9,Atividade recente e vizinhança,0.0,Tensão territorial: 100.0% | Sinal neural do ST-GAT: 82.9% | Atividade recente e vizinhança: 0.0%,"CURIO aparece na posição 6 de 122, com risco 41.8 e nível moderado; é prioridade alta de acompanhamento.","O peso principal vem de tensão territorial, com suporte territorial de 100.0% e 0 registros recentes na janela de 30 dias.",Leitura sensível a ruído; requer conferência adicional antes de decisão forte.,O território está bem destacado no ranking frente aos pares.,"Verificar eventos recentes, pressão territorial e coerência com inteligência local antes da próxima atualização do ranking."
2026-05-22T14:13:25,2026-05-15,src/core/orchestrator.py:get_combined_risk,fortaleza_bairros_top30,7,MESSEJANA,MESSEJANA,fortaleza,bairro,41.63,moderado,66.9,baixa,86.6,muito alta,0,0,81.0,82.5,100.0,0.0,46.7,100.0,100.0,0.0,1.99,95.0,14,14,False,stable,Tensão territorial,100.0,Sinal neural do ST-GAT,82.5,Atividade recente e vizinhança,0.0,Tensão territorial: 100.0% | Sinal neural do ST-GAT: 82.5% | Atividade recente e vizinhança: 0.0%,"MESSEJANA aparece na posição 7 de 122, com risco 41.6 e nível moderado; é prioridade alta de acompanhamento.","O peso principal vem de tensão territorial, com suporte territorial de 100.0% e 0 registros recentes na janela de 30 dias.",Leitura sensível a ruído; requer conferência adicional antes de decisão forte.,O território está bem destacado no ranking frente aos pares.,"Verificar eventos recentes, pressão territorial e coerência com inteligência local antes da próxima atualização do ranking."
2026-05-22T14:13:25,2026-05-15,src/core/orchestrator.py:get_combined_risk,fortaleza_bairros_top30,8,PARQUE IRACEMA,PARQUE IRACEMA,fortaleza,bairro,35.71,moderado,44.4,muito baixa,83.5,alta,0,0,26.0,89.2,15.0,0.0,46.7,15.0,15.0,0.0,1.46,94.2,14,14,False,stable,Sinal neural do ST-GAT,89.2,Tensão territorial,15.0,Atividade recente e vizinhança,0.0,Sinal neural do ST-GAT: 89.2% | Tensão territorial: 15.0% | Atividade recente e vizinhança: 0.0%,"PARQUE IRACEMA aparece na posição 8 de 122, com risco 35.7 e nível moderado; é prioridade alta de acompanhamento.","O peso principal vem de sinal neural do st-gat, com suporte territorial de 15.0% e 0 registros recentes na janela de 30 dias.",Leitura sensível a ruído; requer conferência adicional antes de decisão forte.,"O território se diferencia do bloco intermediário, mas sem isolamento absoluto.","Verificar eventos recentes, pressão territorial e coerência com inteligência local antes da próxima atualização do ranking."
2026-05-22T14:13:25,2026-05-15,src/core/orchestrator.py:get_combined_risk,fortaleza_bairros_top30,9,GRANJA LISBOA,GRANJA LISBOA,fortaleza,bairro,27.16,baixo,67.7,baixa,79.4,alta,0,0,89.0,44.8,100.0,0.0,46.7,100.0,100.0,0.0,0.7,93.4,14,14,False,stable,Tensão territorial,100.0,Sinal neural do ST-GAT,44.8,Atividade recente e vizinhança,0.0,Tensão territorial: 100.0% | Sinal neural do ST-GAT: 44.8% | Atividade recente e vizinhança: 0.0%,"GRANJA LISBOA aparece na posição 9 de 122, com risco 27.2 e nível baixo; é prioridade alta de acompanhamento.","O peso principal vem de tensão territorial, com suporte territorial de 100.0% e 0 registros recentes na janela de 30 dias.",Leitura sensível a ruído; requer conferência adicional antes de decisão forte.,"O território se diferencia do bloco intermediário, mas sem isolamento absoluto.","Verificar eventos recentes, pressão territorial e coerência com inteligência local antes da próxima atualização do ranking."
2026-05-22T14:13:25,2026-05-15,src/core/orchestrator.py:get_combined_risk,fortaleza_bairros_top30,10,JANGURUSSU,JANGURUSSU,fortaleza,bairro,26.27,baixo,67.7,baixa,78.5,alta,0,0,104.0,42.4,100.0,0.0,46.7,100.0,100.0,0.0,0.62,92.6,14,14,False,stable,Tensão territorial,100.0,Sinal neural do ST-GAT,42.4,Atividade recente e vizinhança,0.0,Tensão territorial: 100.0% | Sinal neural do ST-GAT: 42.4% | Atividade recente e vizinhança: 0.0%,"JANGURUSSU aparece na posição 10 de 122, com risco 26.3 e nível baixo; é prioridade alta de acompanhamento.","O peso principal vem de tensão territorial, com suporte territorial de 100.0% e 0 registros recentes na janela de 30 dias.",Leitura sensível a ruído; requer conferência adicional antes de decisão forte.,"O território se diferencia do bloco intermediário, mas sem isolamento absoluto.","Verificar eventos recentes, pressão territorial e coerência com inteligência local antes da próxima atualização do ranking."
2026-05-22T14:13:25,2026-05-15,src/core/orchestrator.py:get_combined_risk,fortaleza_bairros_top30,11,VICENTE PINZON,VICENTE PINZON,fortaleza,bairro,25.68,baixo,64.9,baixa,77.7,alta,0,0,57.0,42.9,92.5,0.0,46.7,92.5,92.5,0.0,0.57,91.7,14,14,False,stable,Tensão territorial,92.5,Sinal neural do ST-GAT,42.9,Atividade recente e vizinhança,0.0,Tensão territorial: 92.5% | Sinal neural do ST-GAT: 42.9% | Atividade recente e vizinhança: 0.0%,"VICENTE PINZON aparece na posição 11 de 122, com risco 25.7 e nível baixo; é território de atenção tática.","O peso principal vem de tensão territorial, com suporte territorial de 92.5% e 0 registros recentes na janela de 30 dias.",Leitura sensível a ruído; requer conferência adicional antes de decisão forte.,"O território se diferencia do bloco intermediário, mas sem isolamento absoluto.","Verificar eventos recentes, pressão territorial e coerência com inteligência local antes da próxima atualização do ranking."
2026-05-22T14:13:25,2026-05-15,src/core/orchestrator.py:get_combined_risk,fortaleza_bairros_top30,12,JOSE WALTER,JOSE WALTER,fortaleza,bairro,25.54,baixo,67.7,baixa,77.2,alta,0,0,77.0,40.5,100.0,0.0,46.7,100.0,100.0,0.0,0.55,90.9,14,14,False,stable,Tensão territorial,100.0,Sinal neural do ST-GAT,40.5,Atividade recente e vizinhança,0.0,Tensão territorial: 100.0% | Sinal neural do ST-GAT: 40.5% | Atividade recente e vizinhança: 0.0%,"JOSE WALTER aparece na posição 12 de 122, com risco 25.5 e nível baixo; é território de atenção tática.","O peso principal vem de tensão territorial, com suporte territorial de 100.0% e 0 registros recentes na janela de 30 dias.",Leitura sensível a ruído; requer conferência adicional antes de decisão forte.,"O território se diferencia do bloco intermediário, mas sem isolamento absoluto.","Verificar eventos recentes, pressão territorial e coerência com inteligência local antes da próxima atualização do ranking."
2026-05-22T14:13:25,2026-05-15,src/core/orchestrator.py:get_combined_risk,fortaleza_bairros_top30,13,JARDIM DAS OLIVEIRAS,JARDIM DAS OLIVEIRAS,fortaleza,bairro,24.69,baixo,65.8,baixa,76.4,alta,0,0,58.0,39.6,95.0,0.0,46.7,95.0,95.0,0.0,0.48,90.1,14,14,False,stable,Tensão territorial,95.0,Sinal neural do ST-GAT,39.6,Atividade recente e vizinhança,0.0,Tensão territorial: 95.0% | Sinal neural do ST-GAT: 39.6% | Atividade recente e vizinhança: 0.0%,"JARDIM DAS OLIVEIRAS aparece na posição 13 de 122, com risco 24.7 e nível baixo; é território de atenção tática.","O peso principal vem de tensão territorial, com suporte territorial de 95.0% e 0 registros recentes na janela de 30 dias.",Leitura sensível a ruído; requer conferência adicional antes de decisão forte.,"O território se diferencia do bloco intermediário, mas sem isolamento absoluto.","Verificar eventos recentes, pressão territorial e coerência com inteligência local antes da próxima atualização do ranking."
2026-05-22T14:13:25,2026-05-15,src/core/orchestrator.py:get_combined_risk,fortaleza_bairros_top30,14,BARRA DO CEARA,BARRA DO CEARA,fortaleza,bairro,24.52,baixo,67.6,baixa,75.8,alta,0,0,106.0,37.9,100.0,0.0,46.7,100.0,100.0,0.0,0.46,89.3,14,14,False,stable,Tensão territorial,100.0,Sinal neural do ST-GAT,37.9,Atividade recente e vizinhança,0.0,Tensão territorial: 100.0% | Sinal neural do ST-GAT: 37.9% | Atividade recente e vizinhança: 0.0%,"BARRA DO CEARA aparece na posição 14 de 122, com risco 24.5 e nível baixo; é território de atenção tática.","O peso principal vem de tensão territorial, com suporte territorial de 100.0% e 0 registros recentes na janela de 30 dias.",Leitura sensível a ruído; requer conferência adicional antes de decisão forte.,"O território se diferencia do bloco intermediário, mas sem isolamento absoluto.","Verificar eventos recentes, pressão territorial e coerência com inteligência local antes da próxima atualização do ranking."
2026-05-22T14:13:25,2026-05-15,src/core/orchestrator.py:get_combined_risk,fortaleza_bairros_top30,15,ANTONIO BEZERRA,ANTONIO BEZERRA,fortaleza,bairro,24.09,baixo,60.2,baixa,75.1,alta,0,0,52.0,42.0,80.0,0.0,46.7,80.0,80.0,0.0,0.42,88.4,14,14,False,stable,Tensão territorial,80.0,Sinal neural do ST-GAT,42.0,Atividade recente e vizinhança,0.0,Tensão territorial: 80.0% | Sinal neural do ST-GAT: 42.0% | Atividade recente e vizinhança: 0.0%,"ANTONIO BEZERRA aparece na posição 15 de 122, com risco 24.1 e nível baixo; é território de atenção tática.","O peso principal vem de tensão territorial, com suporte territorial de 80.0% e 0 registros recentes na janela de 30 dias.",Leitura sensível a ruído; requer conferência adicional antes de decisão forte.,"O território se diferencia do bloco intermediário, mas sem isolamento absoluto.","Verificar eventos recentes, pressão territorial e coerência com inteligência local antes da próxima atualização do ranking."
2026-05-22T14:13:25,2026-05-15,src/core/orchestrator.py:get_combined_risk,fortaleza_bairros_top30,16,CRISTO REDENTOR,CRISTO REDENTOR,fortaleza,bairro,23.82,baixo,67.6,baixa,74.5,alta,0,0,77.0,36.0,100.0,0.0,46.7,100.0,100.0,0.0,0.4,87.6,14,14,False,stable,Tensão territorial,100.0,Sinal neural do ST-GAT,36.0,Atividade recente e vizinhança,0.0,Tensão territorial: 100.0% | Sinal neural do ST-GAT: 36.0% | Atividade recente e vizinhança: 0.0%,"CRISTO REDENTOR aparece na posição 16 de 122, com risco 23.8 e nível baixo; é território de atenção tática.","O peso principal vem de tensão territorial, com suporte territorial de 100.0% e 0 registros recentes na janela de 30 dias.",Leitura sensível a ruído; requer conferência adicional antes de decisão forte.,"O território se diferencia do bloco intermediário, mas sem isolamento absoluto.","Verificar eventos recentes, pressão territorial e coerência com inteligência local antes da próxima atualização do ranking."
2026-05-22T14:13:25,2026-05-15,src/core/orchestrator.py:get_combined_risk,fortaleza_bairros_top30,17,PRAIA DO FUTURO,PRAIA DO FUTURO,fortaleza,bairro,23.77,baixo,61.1,baixa,74.0,alta,0,0,53.0,40.5,82.5,0.0,46.7,82.5,82.5,0.0,0.4,86.8,14,14,False,stable,Tensão territorial,82.5,Sinal neural do ST-GAT,40.5,Atividade recente e vizinhança,0.0,Tensão territorial: 82.5% | Sinal neural do ST-GAT: 40.5% | Atividade recente e vizinhança: 0.0%,"PRAIA DO FUTURO aparece na posição 17 de 122, com risco 23.8 e nível baixo; é território de atenção tática.","O peso principal vem de tensão territorial, com suporte territorial de 82.5% e 0 registros recentes na janela de 30 dias.",Leitura sensível a ruído; requer conferência adicional antes de decisão forte.,"O território se diferencia do bloco intermediário, mas sem isolamento absoluto.","Verificar eventos recentes, pressão territorial e coerência com inteligência local antes da próxima atualização do ranking."
2026-05-22T14:13:25,2026-05-15,src/core/orchestrator.py:get_combined_risk,fortaleza_bairros_top30,18,GRANJA PORTUGAL,GRANJA PORTUGAL,fortaleza,bairro,23.55,baixo,66.7,baixa,73.4,alta,0,0,59.0,36.0,97.5,0.0,46.7,97.5,97.5,0.0,0.38,86.0,14,14,False,stable,Tensão territorial,97.5,Sinal neural do ST-GAT,36.0,Atividade recente e vizinhança,0.0,Tensão territorial: 97.5% | Sinal neural do ST-GAT: 36.0% | Atividade recente e vizinhança: 0.0%,"GRANJA PORTUGAL aparece na posição 18 de 122, com risco 23.6 e nível baixo; é território de atenção tática.","O peso principal vem de tensão territorial, com suporte territorial de 97.5% e 0 registros recentes na janela de 30 dias.",Leitura sensível a ruído; requer conferência adicional antes de decisão forte.,"O território se diferencia do bloco intermediário, mas sem isolamento absoluto.","Verificar eventos recentes, pressão territorial e coerência com inteligência local antes da próxima atualização do ranking."
2026-05-22T14:13:25,2026-05-15,src/core/orchestrator.py:get_combined_risk,fortaleza_bairros_top30,19,PARQUE SAO JOSE,PARQUE SAO JOSE,fortaleza,bairro,23.18,baixo,61.1,baixa,72.7,alta,0,0,53.0,39.0,82.5,0.0,46.7,82.5,82.5,0.0,0.34,85.1,14,14,False,stable,Tensão territorial,82.5,Sinal neural do ST-GAT,39.0,Atividade recente e vizinhança,0.0,Tensão territorial: 82.5% | Sinal neural do ST-GAT: 39.0% | Atividade recente e vizinhança: 0.0%,"PARQUE SAO JOSE aparece na posição 19 de 122, com risco 23.2 e nível baixo; é território de atenção tática.","O peso principal vem de tensão territorial, com suporte territorial de 82.5% e 0 registros recentes na janela de 30 dias.",Leitura sensível a ruído; requer conferência adicional antes de decisão forte.,"O território se diferencia do bloco intermediário, mas sem isolamento absoluto.","Verificar eventos recentes, pressão territorial e coerência com inteligência local antes da próxima atualização do ranking."
2026-05-22T14:13:25,2026-05-15,src/core/orchestrator.py:get_combined_risk,fortaleza_bairros_top30,20,CIDADE DOS FUNCIONARIOS,CIDADE DOS FUNCIONARIOS,fortaleza,bairro,22.44,baixo,36.4,muito baixa,71.9,alta,0,0,12.0,58.5,0.0,0.0,46.7,0.0,0.0,0.0,0.28,84.3,14,14,False,stable,Sinal neural do ST-GAT,58.5,Tensão territorial,0.0,Atividade recente e vizinhança,0.0,Sinal neural do ST-GAT: 58.5% | Tensão territorial: 0.0% | Atividade recente e vizinhança: 0.0%,"CIDADE DOS FUNCIONARIOS aparece na posição 20 de 122, com risco 22.4 e nível baixo; é território de atenção tática.","O peso principal vem de sinal neural do st-gat, com suporte territorial de 0.0% e 0 registros recentes na janela de 30 dias.",Leitura sensível a ruído; requer conferência adicional antes de decisão forte.,"O território se diferencia do bloco intermediário, mas sem isolamento absoluto.","Verificar eventos recentes, pressão territorial e coerência com inteligência local antes da próxima atualização do ranking."
2026-05-22T14:13:25,2026-05-15,src/core/orchestrator.py:get_combined_risk,fortaleza_bairros_top30,21,ALDEOTA,ALDEOTA,fortaleza,bairro,22.23,baixo,36.3,muito baixa,71.3,alta,0,0,11.0,58.0,0.0,0.0,46.7,0.0,0.0,0.0,0.26,83.5,14,14,False,stable,Sinal neural do ST-GAT,58.0,Tensão territorial,0.0,Atividade recente e vizinhança,0.0,Sinal neural do ST-GAT: 58.0% | Tensão territorial: 0.0% | Atividade recente e vizinhança: 0.0%,"ALDEOTA aparece na posição 21 de 122, com risco 22.2 e nível baixo; é território de atenção tática.","O peso principal vem de sinal neural do st-gat, com suporte territorial de 0.0% e 0 registros recentes na janela de 30 dias.",Leitura sensível a ruído; requer conferência adicional antes de decisão forte.,"O território se diferencia do bloco intermediário, mas sem isolamento absoluto.","Verificar eventos recentes, pressão territorial e coerência com inteligência local antes da próxima atualização do ranking."
2026-05-22T14:13:25,2026-05-15,src/core/orchestrator.py:get_combined_risk,fortaleza_bairros_top30,22,PLANALTO AYRTON SENNA,PLANALTO AYRTON SENNA,fortaleza,bairro,21.55,baixo,67.4,baixa,70.5,alta,0,0,93.0,30.1,100.0,0.0,46.7,100.0,100.0,0.0,0.2,82.6,14,14,False,stable,Tensão territorial,100.0,Sinal neural do ST-GAT,30.1,Atividade recente e vizinhança,0.0,Tensão territorial: 100.0% | Sinal neural do ST-GAT: 30.1% | Atividade recente e vizinhança: 0.0%,"PLANALTO AYRTON SENNA aparece na posição 22 de 122, com risco 21.6 e nível baixo; é território de atenção tática.","O peso principal vem de tensão territorial, com suporte territorial de 100.0% e 0 registros recentes na janela de 30 dias.",Leitura sensível a ruído; requer conferência adicional antes de decisão forte.,"O território se diferencia do bloco intermediário, mas sem isolamento absoluto.","Verificar eventos recentes, pressão territorial e coerência com inteligência local antes da próxima atualização do ranking."
2026-05-22T14:13:25,2026-05-15,src/core/orchestrator.py:get_combined_risk,fortaleza_bairros_top30,23,PEDRAS,PEDRAS,fortaleza,bairro,21.37,baixo,67.4,baixa,69.9,moderada,0,0,80.0,29.7,100.0,0.0,46.7,100.0,100.0,0.0,0.18,81.8,14,14,False,stable,Tensão territorial,100.0,Sinal neural do ST-GAT,29.7,Atividade recente e vizinhança,0.0,Tensão territorial: 100.0% | Sinal neural do ST-GAT: 29.7% | Atividade recente e vizinhança: 0.0%,"PEDRAS aparece na posição 23 de 122, com risco 21.4 e nível baixo; é território de atenção tática.","O peso principal vem de tensão territorial, com suporte territorial de 100.0% e 0 registros recentes na janela de 30 dias.",Leitura sensível a ruído; requer conferência adicional antes de decisão forte.,O território está próximo de pares vizinhos e pode oscilar no próximo ciclo.,"Verificar eventos recentes, pressão territorial e coerência com inteligência local antes da próxima atualização do ranking."
2026-05-22T14:13:25,2026-05-15,src/core/orchestrator.py:get_combined_risk,fortaleza_bairros_top30,24,MONDUBIM,MONDUBIM,fortaleza,bairro,21.34,baixo,56.4,baixa,69.5,moderada,0,0,48.0,37.4,70.0,0.0,46.7,70.0,70.0,0.0,0.18,81.0,14,14,False,stable,Tensão territorial,70.0,Sinal neural do ST-GAT,37.4,Atividade recente e vizinhança,0.0,Tensão territorial: 70.0% | Sinal neural do ST-GAT: 37.4% | Atividade recente e vizinhança: 0.0%,"MONDUBIM aparece na posição 24 de 122, com risco 21.3 e nível baixo; é território de atenção tática.","O peso principal vem de tensão territorial, com suporte territorial de 70.0% e 0 registros recentes na janela de 30 dias.",Leitura sensível a ruído; requer conferência adicional antes de decisão forte.,O território está próximo de pares vizinhos e pode oscilar no próximo ciclo.,"Verificar eventos recentes, pressão territorial e coerência com inteligência local antes da próxima atualização do ranking."
2026-05-22T14:13:25,2026-05-15,src/core/orchestrator.py:get_combined_risk,fortaleza_bairros_top30,25,PIRAMBU,PIRAMBU,fortaleza,bairro,20.59,baixo,55.5,baixa,68.7,moderada,0,0,47.0,36.1,67.5,0.0,46.7,67.5,67.5,0.0,0.11,80.2,14,14,False,stable,Tensão territorial,67.5,Sinal neural do ST-GAT,36.1,Atividade recente e vizinhança,0.0,Tensão territorial: 67.5% | Sinal neural do ST-GAT: 36.1% | Atividade recente e vizinhança: 0.0%,"PIRAMBU aparece na posição 25 de 122, com risco 20.6 e nível baixo; é território de atenção tática.","O peso principal vem de tensão territorial, com suporte territorial de 67.5% e 0 registros recentes na janela de 30 dias.",Leitura sensível a ruído; requer conferência adicional antes de decisão forte.,O território está próximo de pares vizinhos e pode oscilar no próximo ciclo.,"Verificar eventos recentes, pressão territorial e coerência com inteligência local antes da próxima atualização do ranking."
2026-05-22T14:13:25,2026-05-15,src/core/orchestrator.py:get_combined_risk,fortaleza_bairros_top30,26,ALTO ALEGRE,ALTO ALEGRE,fortaleza,bairro,20.44,baixo,67.3,baixa,68.0,moderada,0,0,129.0,27.2,100.0,0.0,46.7,100.0,100.0,0.0,0.1,79.3,14,14,False,stable,Tensão territorial,100.0,Sinal neural do ST-GAT,27.2,Atividade recente e vizinhança,0.0,Tensão territorial: 100.0% | Sinal neural do ST-GAT: 27.2% | Atividade recente e vizinhança: 0.0%,"ALTO ALEGRE aparece na posição 26 de 122, com risco 20.4 e nível baixo; é território de atenção tática.","O peso principal vem de tensão territorial, com suporte territorial de 100.0% e 0 registros recentes na janela de 30 dias.",Leitura sensível a ruído; requer conferência adicional antes de decisão forte.,O território está próximo de pares vizinhos e pode oscilar no próximo ciclo.,"Verificar eventos recentes, pressão territorial e coerência com inteligência local antes da próxima atualização do ranking."
2026-05-22T14:13:25,2026-05-15,src/core/orchestrator.py:get_combined_risk,fortaleza_bairros_top30,27,PARQUE SANTA MARIA,PARQUE SANTA MARIA,fortaleza,bairro,20.17,baixo,48.5,muito baixa,67.5,moderada,0,0,40.0,39.6,50.0,0.0,46.7,50.0,50.0,0.0,0.07,78.5,14,14,False,stable,Tensão territorial,50.0,Sinal neural do ST-GAT,39.6,Atividade recente e vizinhança,0.0,Tensão territorial: 50.0% | Sinal neural do ST-GAT: 39.6% | Atividade recente e vizinhança: 0.0%,"PARQUE SANTA MARIA aparece na posição 27 de 122, com risco 20.2 e nível baixo; é território de atenção tática.","O peso principal vem de tensão territorial, com suporte territorial de 50.0% e 0 registros recentes na janela de 30 dias.",Leitura sensível a ruído; requer conferência adicional antes de decisão forte.,O território está próximo de pares vizinhos e pode oscilar no próximo ciclo.,"Verificar eventos recentes, pressão territorial e coerência com inteligência local antes da próxima atualização do ranking."
2026-05-22T14:13:25,2026-05-15,src/core/orchestrator.py:get_combined_risk,fortaleza_bairros_top30,28,DOM LUSTOSA,DOM LUSTOSA,fortaleza,bairro,19.64,baixo,42.9,muito baixa,66.7,moderada,0,0,32.0,43.4,30.0,0.0,46.7,30.0,30.0,0.0,0.03,77.7,14,14,False,stable,Sinal neural do ST-GAT,43.4,Tensão territorial,30.0,Atividade recente e vizinhança,0.0,Sinal neural do ST-GAT: 43.4% | Tensão territorial: 30.0% | Atividade recente e vizinhança: 0.0%,"DOM LUSTOSA aparece na posição 28 de 122, com risco 19.6 e nível baixo; é território de atenção tática.","O peso principal vem de sinal neural do st-gat, com suporte territorial de 30.0% e 0 registros recentes na janela de 30 dias.",Leitura sensível a ruído; requer conferência adicional antes de decisão forte.,O território está próximo de pares vizinhos e pode oscilar no próximo ciclo.,"Verificar eventos recentes, pressão territorial e coerência com inteligência local antes da próxima atualização do ranking."
2026-05-22T14:13:25,2026-05-15,src/core/orchestrator.py:get_combined_risk,fortaleza_bairros_top30,29,QUINTINO CUNHA,QUINTINO CUNHA,fortaleza,bairro,19.53,baixo,44.4,muito baixa,66.2,moderada,0,0,36.0,40.5,40.0,0.0,46.7,40.0,40.0,0.0,0.02,76.9,14,14,False,stable,Sinal neural do ST-GAT,40.5,Tensão territorial,40.0,Atividade recente e vizinhança,0.0,Sinal neural do ST-GAT: 40.5% | Tensão territorial: 40.0% | Atividade recente e vizinhança: 0.0%,"QUINTINO CUNHA aparece na posição 29 de 122, com risco 19.5 e nível baixo; é território de atenção tática.","O peso principal vem de sinal neural do st-gat, com suporte territorial de 40.0% e 0 registros recentes na janela de 30 dias.",Leitura sensível a ruído; requer conferência adicional antes de decisão forte.,O território está próximo de pares vizinhos e pode oscilar no próximo ciclo.,"Verificar eventos recentes, pressão territorial e coerência com inteligência local antes da próxima atualização do ranking."
2026-05-22T14:13:25,2026-05-15,src/core/orchestrator.py:get_combined_risk,fortaleza_bairros_top30,30,CARLITO PAMPLONA,CARLITO PAMPLONA,fortaleza,bairro,19.46,baixo,44.4,muito baixa,65.6,moderada,0,0,36.0,40.3,40.0,0.0,46.7,40.0,40.0,0.0,0.01,76.0,14,14,False,stable,Sinal neural do ST-GAT,40.3,Tensão territorial,40.0,Atividade recente e vizinhança,0.0,Sinal neural do ST-GAT: 40.3% | Tensão territorial: 40.0% | Atividade recente e vizinhança: 0.0%,"CARLITO PAMPLONA aparece na posição 30 de 122, com risco 19.5 e nível baixo; é território de atenção tática.","O peso principal vem de sinal neural do st-gat, com suporte territorial de 40.0% e 0 registros recentes na janela de 30 dias.",Leitura sensível a ruído; requer conferência adicional antes de decisão forte.,O território está próximo de pares vizinhos e pode oscilar no próximo ciclo.,"Verificar eventos recentes, pressão territorial e coerência com inteligência local antes da próxima atualização do ranking."
