snapshot_generated_at,data_limit,source,scope,rank,name,name_normalized,region,territorial_level,risk_score,risk_level,confidence_pct,confidence_label,expressiveness_pct,expressiveness_label,recent_cvli_14d,recent_cvli_30d,historical_cvli,neural_score,tension_score,inclusion_score,calm_penalty,territorial_support_pct,historical_support_pct,live_support_pct,score_z,peer_percentile,dynamic_window_days,base_window_days,historical_fallback,trend,top_driver_1,top_driver_1_strength_pct,top_driver_2,top_driver_2_strength_pct,top_driver_3,top_driver_3_strength_pct,explainability_summary,leitura_rapida_gestor,por_que_importa_gestor,confianca_limites_gestor,expressividade_previsao_gestor,proxima_acao_gestor
2026-06-13T08:42:46,2026-06-12,src/core/orchestrator.py:get_combined_risk,cities_general_top30,1,CAUCAIA,CAUCAIA,rmf,cidade,92.5,crítico,95.0,alta,89.9,muito alta,3,3,944.0,100.0,100.0,100.0,30.0,100.0,100.0,100.0,2.05,100.0,14,14,False,stable,Atividade recente e vizinhança,100.0,Sinal principal do modelo,100.0,Tensão territorial,100.0,Atividade recente e vizinhança: 100.0% | Sinal principal do modelo: 100.0% | Tensão territorial: 100.0%,"CAUCAIA aparece na posição 1 de 69, com risco 92.5 e nível crítico; é prioridade imediata de acompanhamento.","O peso principal vem de atividade recente e vizinhança, com suporte territorial de 100.0% e 3 registros recentes na janela de 30 dias.",Leitura com boa sustentação dos sinais atuais.,O território está bem destacado no ranking frente aos pares.,"Verificar eventos recentes, pressão territorial e coerência com inteligência local antes da próxima atualização do ranking."
2026-06-13T08:42:46,2026-06-12,src/core/orchestrator.py:get_combined_risk,cities_general_top30,2,ITAPIUNA,ITAPIUNA,interior,cidade,83.53,crítico,94.9,alta,87.4,muito alta,3,3,45.0,99.1,100.0,100.0,6.7,100.0,62.5,100.0,1.73,98.5,14,14,False,stable,Atividade recente e vizinhança,100.0,Tensão territorial,100.0,Sinal principal do modelo,99.1,Atividade recente e vizinhança: 100.0% | Tensão territorial: 100.0% | Sinal principal do modelo: 99.1%,"ITAPIUNA aparece na posição 2 de 69, com risco 83.5 e nível crítico; é prioridade imediata de acompanhamento.","O peso principal vem de atividade recente e vizinhança, com suporte territorial de 100.0% e 3 registros recentes na janela de 30 dias.",Leitura com boa sustentação dos sinais atuais.,O território está bem destacado no ranking frente aos pares.,"Verificar eventos recentes, pressão territorial e coerência com inteligência local antes da próxima atualização do ranking."
2026-06-13T08:42:46,2026-06-12,src/core/orchestrator.py:get_combined_risk,cities_general_top30,3,JUAZEIRO DO NORTE,JUAZEIRO DO NORTE,interior,cidade,83.25,crítico,99.0,alta,86.5,muito alta,4,4,318.0,100.0,100.0,100.0,10.0,100.0,100.0,100.0,1.72,97.1,14,14,False,stable,Atividade recente e vizinhança,100.0,Sinal principal do modelo,100.0,Tensão territorial,100.0,Atividade recente e vizinhança: 100.0% | Sinal principal do modelo: 100.0% | Tensão territorial: 100.0%,"JUAZEIRO DO NORTE aparece na posição 3 de 69, com risco 83.2 e nível crítico; é prioridade imediata de acompanhamento.","O peso principal vem de atividade recente e vizinhança, com suporte territorial de 100.0% e 4 registros recentes na janela de 30 dias.",Leitura com boa sustentação dos sinais atuais.,O território está bem destacado no ranking frente aos pares.,"Verificar eventos recentes, pressão territorial e coerência com inteligência local antes da próxima atualização do ranking."
2026-06-13T08:42:46,2026-06-12,src/core/orchestrator.py:get_combined_risk,cities_general_top30,4,SOBRAL,SOBRAL,interior,cidade,82.63,crítico,99.0,alta,85.5,muito alta,4,4,386.0,94.8,100.0,100.0,3.3,100.0,100.0,100.0,1.7,95.6,14,14,False,stable,Atividade recente e vizinhança,100.0,Tensão territorial,100.0,Sinal principal do modelo,94.8,Atividade recente e vizinhança: 100.0% | Tensão territorial: 100.0% | Sinal principal do modelo: 94.8%,"SOBRAL aparece na posição 4 de 69, com risco 82.6 e nível crítico; é prioridade imediata de acompanhamento.","O peso principal vem de atividade recente e vizinhança, com suporte territorial de 100.0% e 4 registros recentes na janela de 30 dias.",Leitura com boa sustentação dos sinais atuais.,O território está bem destacado no ranking frente aos pares.,"Verificar eventos recentes, pressão territorial e coerência com inteligência local antes da próxima atualização do ranking."
2026-06-13T08:42:46,2026-06-12,src/core/orchestrator.py:get_combined_risk,cities_general_top30,5,AMONTADA,AMONTADA,interior,cidade,81.59,crítico,99.0,alta,84.4,alta,5,5,141.0,96.7,100.0,100.0,13.3,100.0,100.0,100.0,1.66,94.1,14,14,False,stable,Atividade recente e vizinhança,100.0,CVLI recente na janela de 30 dias,100.0,Tensão territorial,100.0,Atividade recente e vizinhança: 100.0% | CVLI recente na janela de 30 dias: 100.0% | Tensão territorial: 100.0%,"AMONTADA aparece na posição 5 de 69, com risco 81.6 e nível crítico; é prioridade imediata de acompanhamento.","O peso principal vem de atividade recente e vizinhança, com suporte territorial de 100.0% e 5 registros recentes na janela de 30 dias.",Leitura com boa sustentação dos sinais atuais.,"O território se diferencia do bloco intermediário, mas sem isolamento absoluto.","Verificar eventos recentes, pressão territorial e coerência com inteligência local antes da próxima atualização do ranking."
2026-06-13T08:42:46,2026-06-12,src/core/orchestrator.py:get_combined_risk,cities_general_top30,6,MORADA NOVA,MORADA NOVA,interior,cidade,80.51,crítico,89.8,alta,83.3,alta,2,2,149.0,98.7,100.0,100.0,23.3,100.0,100.0,100.0,1.62,92.6,14,14,False,stable,Atividade recente e vizinhança,100.0,Tensão territorial,100.0,Sinal principal do modelo,98.7,Atividade recente e vizinhança: 100.0% | Tensão territorial: 100.0% | Sinal principal do modelo: 98.7%,"MORADA NOVA aparece na posição 6 de 69, com risco 80.5 e nível crítico; é prioridade alta de acompanhamento.","O peso principal vem de atividade recente e vizinhança, com suporte territorial de 100.0% e 2 registros recentes na janela de 30 dias.",Leitura com boa sustentação dos sinais atuais.,"O território se diferencia do bloco intermediário, mas sem isolamento absoluto.","Verificar eventos recentes, pressão territorial e coerência com inteligência local antes da próxima atualização do ranking."
2026-06-13T08:42:46,2026-06-12,src/core/orchestrator.py:get_combined_risk,cities_general_top30,7,ITAPIPOCA,ITAPIPOCA,interior,cidade,80.19,crítico,99.0,alta,82.4,alta,3,4,194.0,95.8,100.0,100.0,20.0,100.0,100.0,100.0,1.61,91.2,14,14,False,stable,Atividade recente e vizinhança,100.0,Tensão territorial,100.0,Sinal principal do modelo,95.8,Atividade recente e vizinhança: 100.0% | Tensão territorial: 100.0% | Sinal principal do modelo: 95.8%,"ITAPIPOCA aparece na posição 7 de 69, com risco 80.2 e nível crítico; é prioridade alta de acompanhamento.","O peso principal vem de atividade recente e vizinhança, com suporte territorial de 100.0% e 4 registros recentes na janela de 30 dias.",Leitura com boa sustentação dos sinais atuais.,"O território se diferencia do bloco intermediário, mas sem isolamento absoluto.","Verificar eventos recentes, pressão territorial e coerência com inteligência local antes da próxima atualização do ranking."
2026-06-13T08:42:46,2026-06-12,src/core/orchestrator.py:get_combined_risk,cities_general_top30,8,CRATO,CRATO,interior,cidade,79.7,crítico,90.0,alta,81.5,alta,2,2,181.0,99.8,100.0,100.0,30.0,100.0,100.0,100.0,1.59,89.7,14,14,False,stable,Atividade recente e vizinhança,100.0,Tensão territorial,100.0,Sinal principal do modelo,99.8,Atividade recente e vizinhança: 100.0% | Tensão territorial: 100.0% | Sinal principal do modelo: 99.8%,"CRATO aparece na posição 8 de 69, com risco 79.7 e nível crítico; é prioridade alta de acompanhamento.","O peso principal vem de atividade recente e vizinhança, com suporte territorial de 100.0% e 2 registros recentes na janela de 30 dias.",Leitura com boa sustentação dos sinais atuais.,"O território se diferencia do bloco intermediário, mas sem isolamento absoluto.","Verificar eventos recentes, pressão territorial e coerência com inteligência local antes da próxima atualização do ranking."
2026-06-13T08:42:46,2026-06-12,src/core/orchestrator.py:get_combined_risk,cities_general_top30,9,LIMOEIRO DO NORTE,LIMOEIRO DO NORTE,interior,cidade,78.91,crítico,89.3,alta,80.4,alta,2,2,99.0,95.3,100.0,100.0,26.7,100.0,100.0,100.0,1.56,88.2,14,14,False,stable,Atividade recente e vizinhança,100.0,Tensão territorial,100.0,Sinal principal do modelo,95.3,Atividade recente e vizinhança: 100.0% | Tensão territorial: 100.0% | Sinal principal do modelo: 95.3%,"LIMOEIRO DO NORTE aparece na posição 9 de 69, com risco 78.9 e nível crítico; é prioridade alta de acompanhamento.","O peso principal vem de atividade recente e vizinhança, com suporte territorial de 100.0% e 2 registros recentes na janela de 30 dias.",Leitura com boa sustentação dos sinais atuais.,"O território se diferencia do bloco intermediário, mas sem isolamento absoluto.","Verificar eventos recentes, pressão territorial e coerência com inteligência local antes da próxima atualização do ranking."
2026-06-13T08:42:46,2026-06-12,src/core/orchestrator.py:get_combined_risk,cities_general_top30,10,ACOPIARA,ACOPIARA,interior,cidade,76.2,crítico,89.7,alta,79.1,alta,2,2,46.0,97.7,100.0,100.0,46.7,100.0,65.0,100.0,1.47,86.8,14,14,False,stable,Atividade recente e vizinhança,100.0,Tensão territorial,100.0,Sinal principal do modelo,97.7,Atividade recente e vizinhança: 100.0% | Tensão territorial: 100.0% | Sinal principal do modelo: 97.7%,"ACOPIARA aparece na posição 10 de 69, com risco 76.2 e nível crítico; é prioridade alta de acompanhamento.","O peso principal vem de atividade recente e vizinhança, com suporte territorial de 100.0% e 2 registros recentes na janela de 30 dias.",Leitura com boa sustentação dos sinais atuais.,"O território se diferencia do bloco intermediário, mas sem isolamento absoluto.","Verificar eventos recentes, pressão territorial e coerência com inteligência local antes da próxima atualização do ranking."
2026-06-13T08:42:46,2026-06-12,src/core/orchestrator.py:get_combined_risk,cities_general_top30,11,ICAPUI,ICAPUI,interior,cidade,75.32,crítico,89.2,alta,78.1,alta,2,2,32.0,94.4,100.0,100.0,46.7,100.0,30.0,100.0,1.43,85.3,14,14,False,stable,Atividade recente e vizinhança,100.0,Tensão territorial,100.0,Sinal principal do modelo,94.4,Atividade recente e vizinhança: 100.0% | Tensão territorial: 100.0% | Sinal principal do modelo: 94.4%,"ICAPUI aparece na posição 11 de 69, com risco 75.3 e nível crítico; é território relevante para monitoramento.","O peso principal vem de atividade recente e vizinhança, com suporte territorial de 100.0% e 2 registros recentes na janela de 30 dias.",Leitura com boa sustentação dos sinais atuais.,"O território se diferencia do bloco intermediário, mas sem isolamento absoluto.","Verificar eventos recentes, pressão territorial e coerência com inteligência local antes da próxima atualização do ranking."
2026-06-13T08:42:46,2026-06-12,src/core/orchestrator.py:get_combined_risk,cities_general_top30,12,RUSSAS,RUSSAS,interior,cidade,71.94,crítico,87.4,alta,76.6,alta,2,2,111.0,81.8,100.0,100.0,46.7,100.0,100.0,100.0,1.31,83.8,14,14,False,stable,Atividade recente e vizinhança,100.0,Tensão territorial,100.0,Sinal principal do modelo,81.8,Atividade recente e vizinhança: 100.0% | Tensão territorial: 100.0% | Sinal principal do modelo: 81.8%,"RUSSAS aparece na posição 12 de 69, com risco 71.9 e nível crítico; é território relevante para monitoramento.","O peso principal vem de atividade recente e vizinhança, com suporte territorial de 100.0% e 2 registros recentes na janela de 30 dias.",Leitura com boa sustentação dos sinais atuais.,"O território se diferencia do bloco intermediário, mas sem isolamento absoluto.","Verificar eventos recentes, pressão territorial e coerência com inteligência local antes da próxima atualização do ranking."
2026-06-13T08:42:46,2026-06-12,src/core/orchestrator.py:get_combined_risk,cities_general_top30,13,TRAIRI,TRAIRI,rmf,cidade,61.09,alto,87.7,alta,73.9,alta,3,5,150.0,46.0,0.0,100.0,16.7,100.0,100.0,100.0,0.92,82.4,14,14,False,stable,Atividade recente e vizinhança,100.0,CVLI recente na janela de 30 dias,100.0,Sinal principal do modelo,46.0,Atividade recente e vizinhança: 100.0% | CVLI recente na janela de 30 dias: 100.0% | Sinal principal do modelo: 46.0%,"TRAIRI aparece na posição 13 de 69, com risco 61.1 e nível alto; é território relevante para monitoramento.","O peso principal vem de atividade recente e vizinhança, com suporte territorial de 100.0% e 5 registros recentes na janela de 30 dias.",Leitura com boa sustentação dos sinais atuais.,"O território se diferencia do bloco intermediário, mas sem isolamento absoluto.","Verificar eventos recentes, pressão territorial e coerência com inteligência local antes da próxima atualização do ranking."
2026-06-13T08:42:46,2026-06-12,src/core/orchestrator.py:get_combined_risk,cities_general_top30,14,NOVO ORIENTE,NOVO ORIENTE,interior,cidade,59.39,alto,78.3,moderada,72.7,alta,1,1,28.0,95.0,100.0,50.0,23.3,100.0,20.0,100.0,0.86,80.9,14,14,False,stable,Tensão territorial,100.0,Sinal principal do modelo,95.0,Atividade recente e vizinhança,50.0,Tensão territorial: 100.0% | Sinal principal do modelo: 95.0% | Atividade recente e vizinhança: 50.0%,"NOVO ORIENTE aparece na posição 14 de 69, com risco 59.4 e nível alto; é território relevante para monitoramento.","O peso principal vem de tensão territorial, com suporte territorial de 100.0% e 1 registros recentes na janela de 30 dias.","Leitura consistente, mas ainda pede validação operacional pontual.","O território se diferencia do bloco intermediário, mas sem isolamento absoluto.","Verificar eventos recentes, pressão territorial e coerência com inteligência local antes da próxima atualização do ranking."
2026-06-13T08:42:46,2026-06-12,src/core/orchestrator.py:get_combined_risk,cities_general_top30,15,FORQUILHA,FORQUILHA,interior,cidade,59.18,alto,78.6,moderada,71.7,alta,1,1,90.0,87.8,100.0,50.0,10.0,100.0,100.0,100.0,0.85,79.4,14,14,False,stable,Tensão territorial,100.0,Sinal principal do modelo,87.8,Atividade recente e vizinhança,50.0,Tensão territorial: 100.0% | Sinal principal do modelo: 87.8% | Atividade recente e vizinhança: 50.0%,"FORQUILHA aparece na posição 15 de 69, com risco 59.2 e nível alto; é território relevante para monitoramento.","O peso principal vem de tensão territorial, com suporte territorial de 100.0% e 1 registros recentes na janela de 30 dias.","Leitura consistente, mas ainda pede validação operacional pontual.","O território se diferencia do bloco intermediário, mas sem isolamento absoluto.","Verificar eventos recentes, pressão territorial e coerência com inteligência local antes da próxima atualização do ranking."
2026-06-13T08:42:46,2026-06-12,src/core/orchestrator.py:get_combined_risk,cities_general_top30,16,IRAUCUBA,IRAUCUBA,interior,cidade,58.74,alto,78.3,moderada,70.8,alta,1,1,35.0,94.8,100.0,50.0,26.7,100.0,37.5,100.0,0.84,77.9,14,14,False,stable,Tensão territorial,100.0,Sinal principal do modelo,94.8,Atividade recente e vizinhança,50.0,Tensão territorial: 100.0% | Sinal principal do modelo: 94.8% | Atividade recente e vizinhança: 50.0%,"IRAUCUBA aparece na posição 16 de 69, com risco 58.7 e nível alto; é território relevante para monitoramento.","O peso principal vem de tensão territorial, com suporte territorial de 100.0% e 1 registros recentes na janela de 30 dias.","Leitura consistente, mas ainda pede validação operacional pontual.","O território se diferencia do bloco intermediário, mas sem isolamento absoluto.","Verificar eventos recentes, pressão territorial e coerência com inteligência local antes da próxima atualização do ranking."
2026-06-13T08:42:46,2026-06-12,src/core/orchestrator.py:get_combined_risk,cities_general_top30,17,SENADOR POMPEU,SENADOR POMPEU,interior,cidade,58.51,alto,78.6,moderada,69.9,moderada,1,1,35.0,87.3,100.0,50.0,13.3,100.0,37.5,100.0,0.83,76.5,14,14,False,stable,Tensão territorial,100.0,Sinal principal do modelo,87.3,Atividade recente e vizinhança,50.0,Tensão territorial: 100.0% | Sinal principal do modelo: 87.3% | Atividade recente e vizinhança: 50.0%,"SENADOR POMPEU aparece na posição 17 de 69, com risco 58.5 e nível alto; é território relevante para monitoramento.","O peso principal vem de tensão territorial, com suporte territorial de 100.0% e 1 registros recentes na janela de 30 dias.","Leitura consistente, mas ainda pede validação operacional pontual.",O território está próximo de pares vizinhos e pode oscilar no próximo ciclo.,"Verificar eventos recentes, pressão territorial e coerência com inteligência local antes da próxima atualização do ranking."
2026-06-13T08:42:46,2026-06-12,src/core/orchestrator.py:get_combined_risk,cities_general_top30,18,GRACA,GRACA,interior,cidade,58.5,alto,78.6,moderada,69.0,moderada,1,1,26.0,87.2,100.0,50.0,13.3,100.0,15.0,100.0,0.83,75.0,14,14,False,stable,Tensão territorial,100.0,Sinal principal do modelo,87.2,Atividade recente e vizinhança,50.0,Tensão territorial: 100.0% | Sinal principal do modelo: 87.2% | Atividade recente e vizinhança: 50.0%,"GRACA aparece na posição 18 de 69, com risco 58.5 e nível alto; é território relevante para monitoramento.","O peso principal vem de tensão territorial, com suporte territorial de 100.0% e 1 registros recentes na janela de 30 dias.","Leitura consistente, mas ainda pede validação operacional pontual.",O território está próximo de pares vizinhos e pode oscilar no próximo ciclo.,"Verificar eventos recentes, pressão territorial e coerência com inteligência local antes da próxima atualização do ranking."
2026-06-13T08:42:46,2026-06-12,src/core/orchestrator.py:get_combined_risk,cities_general_top30,19,PEDRA BRANCA,PEDRA BRANCA,interior,cidade,58.12,alto,78.4,moderada,68.0,moderada,1,1,57.0,92.7,100.0,50.0,26.7,100.0,92.5,100.0,0.82,73.5,14,14,False,stable,Tensão territorial,100.0,Sinal principal do modelo,92.7,Atividade recente e vizinhança,50.0,Tensão territorial: 100.0% | Sinal principal do modelo: 92.7% | Atividade recente e vizinhança: 50.0%,"PEDRA BRANCA aparece na posição 19 de 69, com risco 58.1 e nível alto; é território relevante para monitoramento.","O peso principal vem de tensão territorial, com suporte territorial de 100.0% e 1 registros recentes na janela de 30 dias.","Leitura consistente, mas ainda pede validação operacional pontual.",O território está próximo de pares vizinhos e pode oscilar no próximo ciclo.,"Verificar eventos recentes, pressão territorial e coerência com inteligência local antes da próxima atualização do ranking."
2026-06-13T08:42:46,2026-06-12,src/core/orchestrator.py:get_combined_risk,cities_general_top30,20,VICOSA DO CEARA,VICOSA DO CEARA,interior,cidade,55.96,alto,78.9,moderada,66.8,moderada,1,1,43.0,75.4,100.0,50.0,3.3,100.0,57.5,100.0,0.74,72.1,14,14,False,stable,Tensão territorial,100.0,Sinal principal do modelo,75.4,Atividade recente e vizinhança,50.0,Tensão territorial: 100.0% | Sinal principal do modelo: 75.4% | Atividade recente e vizinhança: 50.0%,"VICOSA DO CEARA aparece na posição 20 de 69, com risco 56.0 e nível alto; é território relevante para monitoramento.","O peso principal vem de tensão territorial, com suporte territorial de 100.0% e 1 registros recentes na janela de 30 dias.","Leitura consistente, mas ainda pede validação operacional pontual.",O território está próximo de pares vizinhos e pode oscilar no próximo ciclo.,"Verificar eventos recentes, pressão territorial e coerência com inteligência local antes da próxima atualização do ranking."
2026-06-13T08:42:46,2026-06-12,src/core/orchestrator.py:get_combined_risk,cities_general_top30,21,BOA VIAGEM,BOA VIAGEM,interior,cidade,55.7,alto,78.3,moderada,65.9,moderada,1,1,116.0,93.7,100.0,50.0,43.3,100.0,100.0,100.0,0.73,70.6,14,14,False,stable,Tensão territorial,100.0,Sinal principal do modelo,93.7,Atividade recente e vizinhança,50.0,Tensão territorial: 100.0% | Sinal principal do modelo: 93.7% | Atividade recente e vizinhança: 50.0%,"BOA VIAGEM aparece na posição 21 de 69, com risco 55.7 e nível alto; é território relevante para monitoramento.","O peso principal vem de tensão territorial, com suporte territorial de 100.0% e 1 registros recentes na janela de 30 dias.","Leitura consistente, mas ainda pede validação operacional pontual.",O território está próximo de pares vizinhos e pode oscilar no próximo ciclo.,"Verificar eventos recentes, pressão territorial e coerência com inteligência local antes da próxima atualização do ranking."
2026-06-13T08:42:46,2026-06-12,src/core/orchestrator.py:get_combined_risk,cities_general_top30,22,TIANGUA,TIANGUA,interior,cidade,54.26,alto,78.5,moderada,64.7,moderada,1,1,127.0,90.4,100.0,50.0,46.7,100.0,100.0,100.0,0.68,69.1,14,14,False,stable,Tensão territorial,100.0,Sinal principal do modelo,90.4,Atividade recente e vizinhança,50.0,Tensão territorial: 100.0% | Sinal principal do modelo: 90.4% | Atividade recente e vizinhança: 50.0%,"TIANGUA aparece na posição 22 de 69, com risco 54.3 e nível alto; é território relevante para monitoramento.","O peso principal vem de tensão territorial, com suporte territorial de 100.0% e 1 registros recentes na janela de 30 dias.","Leitura consistente, mas ainda pede validação operacional pontual.",O território está próximo de pares vizinhos e pode oscilar no próximo ciclo.,"Verificar eventos recentes, pressão territorial e coerência com inteligência local antes da próxima atualização do ranking."
2026-06-13T08:42:46,2026-06-12,src/core/orchestrator.py:get_combined_risk,cities_general_top30,23,CARIRE,CARIRE,interior,cidade,52.02,alto,78.8,moderada,63.4,moderada,1,1,53.0,82.1,100.0,50.0,46.7,100.0,82.5,100.0,0.6,67.6,14,14,False,stable,Tensão territorial,100.0,Sinal principal do modelo,82.1,Atividade recente e vizinhança,50.0,Tensão territorial: 100.0% | Sinal principal do modelo: 82.1% | Atividade recente e vizinhança: 50.0%,"CARIRE aparece na posição 23 de 69, com risco 52.0 e nível alto; é território relevante para monitoramento.","O peso principal vem de tensão territorial, com suporte territorial de 100.0% e 1 registros recentes na janela de 30 dias.","Leitura consistente, mas ainda pede validação operacional pontual.",O território está próximo de pares vizinhos e pode oscilar no próximo ciclo.,"Verificar eventos recentes, pressão territorial e coerência com inteligência local antes da próxima atualização do ranking."
2026-06-13T08:42:46,2026-06-12,src/core/orchestrator.py:get_combined_risk,cities_general_top30,24,GROAIRAS,GROAIRAS,interior,cidade,51.65,alto,78.8,moderada,62.5,moderada,1,1,48.0,80.7,100.0,50.0,46.7,100.0,70.0,100.0,0.58,66.2,14,14,False,stable,Tensão territorial,100.0,Sinal principal do modelo,80.7,Atividade recente e vizinhança,50.0,Tensão territorial: 100.0% | Sinal principal do modelo: 80.7% | Atividade recente e vizinhança: 50.0%,"GROAIRAS aparece na posição 24 de 69, com risco 51.6 e nível alto; é território relevante para monitoramento.","O peso principal vem de tensão territorial, com suporte territorial de 100.0% e 1 registros recentes na janela de 30 dias.","Leitura consistente, mas ainda pede validação operacional pontual.",O território está próximo de pares vizinhos e pode oscilar no próximo ciclo.,"Verificar eventos recentes, pressão territorial e coerência com inteligência local antes da próxima atualização do ranking."
2026-06-13T08:42:46,2026-06-12,src/core/orchestrator.py:get_combined_risk,cities_general_top30,25,IBARETAMA,IBARETAMA,interior,cidade,51.03,alto,78.9,moderada,61.5,moderada,1,1,24.0,78.4,100.0,50.0,46.7,100.0,10.0,100.0,0.56,64.7,14,14,False,stable,Tensão territorial,100.0,Sinal principal do modelo,78.4,Atividade recente e vizinhança,50.0,Tensão territorial: 100.0% | Sinal principal do modelo: 78.4% | Atividade recente e vizinhança: 50.0%,"IBARETAMA aparece na posição 25 de 69, com risco 51.0 e nível alto; é território relevante para monitoramento.","O peso principal vem de tensão territorial, com suporte territorial de 100.0% e 1 registros recentes na janela de 30 dias.","Leitura consistente, mas ainda pede validação operacional pontual.",O território está próximo de pares vizinhos e pode oscilar no próximo ciclo.,"Verificar eventos recentes, pressão territorial e coerência com inteligência local antes da próxima atualização do ranking."
2026-06-13T08:42:46,2026-06-12,src/core/orchestrator.py:get_combined_risk,cities_general_top30,26,ITAPAJE,ITAPAJE,interior,cidade,50.22,moderado,78.9,moderada,60.5,moderada,1,1,97.0,75.3,100.0,50.0,46.7,100.0,100.0,100.0,0.53,63.2,14,14,False,stable,Tensão territorial,100.0,Sinal principal do modelo,75.3,Atividade recente e vizinhança,50.0,Tensão territorial: 100.0% | Sinal principal do modelo: 75.3% | Atividade recente e vizinhança: 50.0%,"ITAPAJE aparece na posição 26 de 69, com risco 50.2 e nível moderado; é território de atenção tática.","O peso principal vem de tensão territorial, com suporte territorial de 100.0% e 1 registros recentes na janela de 30 dias.","Leitura consistente, mas ainda pede validação operacional pontual.",O território está próximo de pares vizinhos e pode oscilar no próximo ciclo.,"Verificar eventos recentes, pressão territorial e coerência com inteligência local antes da próxima atualização do ranking."
2026-06-13T08:42:46,2026-06-12,src/core/orchestrator.py:get_combined_risk,cities_general_top30,27,TAUA,TAUA,interior,cidade,43.25,moderado,86.5,alta,58.4,moderada,4,4,52.0,9.6,0.0,100.0,6.7,100.0,80.0,100.0,0.28,61.8,14,14,False,stable,Atividade recente e vizinhança,100.0,CVLI recente na janela de 30 dias,80.0,Sinal principal do modelo,9.6,Atividade recente e vizinhança: 100.0% | CVLI recente na janela de 30 dias: 80.0% | Sinal principal do modelo: 9.6%,"TAUA aparece na posição 27 de 69, com risco 43.2 e nível moderado; é território de atenção tática.","O peso principal vem de atividade recente e vizinhança, com suporte territorial de 100.0% e 4 registros recentes na janela de 30 dias.",Leitura com boa sustentação dos sinais atuais.,O território está próximo de pares vizinhos e pode oscilar no próximo ciclo.,"Verificar eventos recentes, pressão territorial e coerência com inteligência local antes da próxima atualização do ranking."
2026-06-13T08:42:46,2026-06-12,src/core/orchestrator.py:get_combined_risk,cities_general_top30,28,SAO GONCALO DO AMARANTE,SAO GONCALO DO AMARANTE,rmf,cidade,35.85,moderado,66.2,baixa,56.3,moderada,1,1,127.0,35.2,0.0,50.0,20.0,100.0,100.0,100.0,0.02,60.3,14,14,False,stable,Atividade recente e vizinhança,50.0,Sinal principal do modelo,35.2,CVLI recente na janela de 30 dias,20.0,Atividade recente e vizinhança: 50.0% | Sinal principal do modelo: 35.2% | CVLI recente na janela de 30 dias: 20.0%,"SAO GONCALO DO AMARANTE aparece na posição 28 de 69, com risco 35.9 e nível moderado; é território de atenção tática.","O peso principal vem de atividade recente e vizinhança, com suporte territorial de 100.0% e 1 registros recentes na janela de 30 dias.",Leitura sensível a ruído; requer conferência adicional antes de decisão forte.,O território está próximo de pares vizinhos e pode oscilar no próximo ciclo.,"Verificar eventos recentes, pressão territorial e coerência com inteligência local antes da próxima atualização do ranking."
2026-06-13T08:42:46,2026-06-12,src/core/orchestrator.py:get_combined_risk,cities_general_top30,29,EUSEBIO,EUSEBIO,rmf,cidade,31.51,moderado,71.4,moderada,54.6,moderada,1,2,76.0,25.6,0.0,50.0,20.0,100.0,100.0,100.0,-0.14,58.8,14,14,False,stable,Atividade recente e vizinhança,50.0,CVLI recente na janela de 30 dias,40.0,Sinal principal do modelo,25.6,Atividade recente e vizinhança: 50.0% | CVLI recente na janela de 30 dias: 40.0% | Sinal principal do modelo: 25.6%,"EUSEBIO aparece na posição 29 de 69, com risco 31.5 e nível moderado; é território de atenção tática.","O peso principal vem de atividade recente e vizinhança, com suporte territorial de 100.0% e 2 registros recentes na janela de 30 dias.","Leitura consistente, mas ainda pede validação operacional pontual.",O território está próximo de pares vizinhos e pode oscilar no próximo ciclo.,"Verificar eventos recentes, pressão territorial e coerência com inteligência local antes da próxima atualização do ranking."
2026-06-13T08:42:46,2026-06-12,src/core/orchestrator.py:get_combined_risk,cities_general_top30,30,PARAIPABA,PARAIPABA,rmf,cidade,28.66,baixo,71.3,moderada,53.3,moderada,1,2,49.0,18.9,0.0,50.0,16.7,100.0,72.5,100.0,-0.24,57.4,14,14,False,stable,Atividade recente e vizinhança,50.0,CVLI recente na janela de 30 dias,40.0,Sinal principal do modelo,18.9,Atividade recente e vizinhança: 50.0% | CVLI recente na janela de 30 dias: 40.0% | Sinal principal do modelo: 18.9%,"PARAIPABA aparece na posição 30 de 69, com risco 28.7 e nível baixo; é território de atenção tática.","O peso principal vem de atividade recente e vizinhança, com suporte territorial de 100.0% e 2 registros recentes na janela de 30 dias.","Leitura consistente, mas ainda pede validação operacional pontual.",O território está próximo de pares vizinhos e pode oscilar no próximo ciclo.,"Verificar eventos recentes, pressão territorial e coerência com inteligência local antes da próxima atualização do ranking."
2026-06-13T08:42:46,2026-06-12,src/core/orchestrator.py:get_combined_risk,cities_rmf_top20,1,CAUCAIA,CAUCAIA,rmf,cidade,92.5,crítico,95.0,alta,94.9,muito alta,3,3,944.0,100.0,100.0,100.0,30.0,100.0,100.0,100.0,3.1,100.0,14,14,False,stable,Atividade recente e vizinhança,100.0,Sinal principal do modelo,100.0,Tensão territorial,100.0,Atividade recente e vizinhança: 100.0% | Sinal principal do modelo: 100.0% | Tensão territorial: 100.0%,"CAUCAIA aparece na posição 1 de 19, com risco 92.5 e nível crítico; é prioridade imediata de acompanhamento.","O peso principal vem de atividade recente e vizinhança, com suporte territorial de 100.0% e 3 registros recentes na janela de 30 dias.",Leitura com boa sustentação dos sinais atuais.,O território está bem destacado no ranking frente aos pares.,"Verificar eventos recentes, pressão territorial e coerência com inteligência local antes da próxima atualização do ranking."
2026-06-13T08:42:46,2026-06-12,src/core/orchestrator.py:get_combined_risk,cities_rmf_top20,2,TRAIRI,TRAIRI,rmf,cidade,61.09,alto,87.7,alta,85.5,muito alta,3,5,150.0,46.0,0.0,100.0,16.7,100.0,100.0,100.0,1.84,94.4,14,14,False,stable,Atividade recente e vizinhança,100.0,CVLI recente na janela de 30 dias,100.0,Sinal principal do modelo,46.0,Atividade recente e vizinhança: 100.0% | CVLI recente na janela de 30 dias: 100.0% | Sinal principal do modelo: 46.0%,"TRAIRI aparece na posição 2 de 19, com risco 61.1 e nível alto; é prioridade imediata de acompanhamento.","O peso principal vem de atividade recente e vizinhança, com suporte territorial de 100.0% e 5 registros recentes na janela de 30 dias.",Leitura com boa sustentação dos sinais atuais.,O território está bem destacado no ranking frente aos pares.,"Verificar eventos recentes, pressão territorial e coerência com inteligência local antes da próxima atualização do ranking."
2026-06-13T08:42:46,2026-06-12,src/core/orchestrator.py:get_combined_risk,cities_rmf_top20,3,SAO GONCALO DO AMARANTE,SAO GONCALO DO AMARANTE,rmf,cidade,35.85,moderado,66.2,baixa,77.3,alta,1,1,127.0,35.2,0.0,50.0,20.0,100.0,100.0,100.0,0.82,88.9,14,14,False,stable,Atividade recente e vizinhança,50.0,Sinal principal do modelo,35.2,CVLI recente na janela de 30 dias,20.0,Atividade recente e vizinhança: 50.0% | Sinal principal do modelo: 35.2% | CVLI recente na janela de 30 dias: 20.0%,"SAO GONCALO DO AMARANTE aparece na posição 3 de 19, com risco 35.9 e nível moderado; é prioridade imediata de acompanhamento.","O peso principal vem de atividade recente e vizinhança, com suporte territorial de 100.0% e 1 registros recentes na janela de 30 dias.",Leitura sensível a ruído; requer conferência adicional antes de decisão forte.,"O território se diferencia do bloco intermediário, mas sem isolamento absoluto.","Verificar eventos recentes, pressão territorial e coerência com inteligência local antes da próxima atualização do ranking."
2026-06-13T08:42:46,2026-06-12,src/core/orchestrator.py:get_combined_risk,cities_rmf_top20,4,EUSEBIO,EUSEBIO,rmf,cidade,31.51,moderado,71.4,moderada,73.1,alta,1,2,76.0,25.6,0.0,50.0,20.0,100.0,100.0,100.0,0.65,83.3,14,14,False,stable,Atividade recente e vizinhança,50.0,CVLI recente na janela de 30 dias,40.0,Sinal principal do modelo,25.6,Atividade recente e vizinhança: 50.0% | CVLI recente na janela de 30 dias: 40.0% | Sinal principal do modelo: 25.6%,"EUSEBIO aparece na posição 4 de 19, com risco 31.5 e nível moderado; é prioridade imediata de acompanhamento.","O peso principal vem de atividade recente e vizinhança, com suporte territorial de 100.0% e 2 registros recentes na janela de 30 dias.","Leitura consistente, mas ainda pede validação operacional pontual.","O território se diferencia do bloco intermediário, mas sem isolamento absoluto.","Verificar eventos recentes, pressão territorial e coerência com inteligência local antes da próxima atualização do ranking."
2026-06-13T08:42:46,2026-06-12,src/core/orchestrator.py:get_combined_risk,cities_rmf_top20,5,PARAIPABA,PARAIPABA,rmf,cidade,28.66,baixo,71.3,moderada,69.2,moderada,1,2,49.0,18.9,0.0,50.0,16.7,100.0,72.5,100.0,0.53,77.8,14,14,False,stable,Atividade recente e vizinhança,50.0,CVLI recente na janela de 30 dias,40.0,Sinal principal do modelo,18.9,Atividade recente e vizinhança: 50.0% | CVLI recente na janela de 30 dias: 40.0% | Sinal principal do modelo: 18.9%,"PARAIPABA aparece na posição 5 de 19, com risco 28.7 e nível baixo; é prioridade imediata de acompanhamento.","O peso principal vem de atividade recente e vizinhança, com suporte territorial de 100.0% e 2 registros recentes na janela de 30 dias.","Leitura consistente, mas ainda pede validação operacional pontual.",O território está próximo de pares vizinhos e pode oscilar no próximo ciclo.,"Verificar eventos recentes, pressão territorial e coerência com inteligência local antes da próxima atualização do ranking."
2026-06-13T08:42:46,2026-06-12,src/core/orchestrator.py:get_combined_risk,cities_rmf_top20,6,ITAITINGA,ITAITINGA,rmf,cidade,26.33,baixo,66.1,baixa,65.4,moderada,1,1,83.0,13.1,0.0,50.0,6.7,100.0,100.0,100.0,0.44,72.2,14,14,False,stable,Atividade recente e vizinhança,50.0,CVLI recente na janela de 30 dias,20.0,Sinal principal do modelo,13.1,Atividade recente e vizinhança: 50.0% | CVLI recente na janela de 30 dias: 20.0% | Sinal principal do modelo: 13.1%,"ITAITINGA aparece na posição 6 de 19, com risco 26.3 e nível baixo; é prioridade alta de acompanhamento.","O peso principal vem de atividade recente e vizinhança, com suporte territorial de 100.0% e 1 registros recentes na janela de 30 dias.",Leitura sensível a ruído; requer conferência adicional antes de decisão forte.,O território está próximo de pares vizinhos e pode oscilar no próximo ciclo.,"Verificar eventos recentes, pressão territorial e coerência com inteligência local antes da próxima atualização do ranking."
2026-06-13T08:42:46,2026-06-12,src/core/orchestrator.py:get_combined_risk,cities_rmf_top20,7,MARACANAU,MARACANAU,rmf,cidade,12.74,baixo,38.5,muito baixa,59.5,moderada,0,0,656.0,28.0,20.0,0.0,46.7,20.0,100.0,0.0,-0.11,66.7,14,14,False,stable,Sinal principal do modelo,28.0,Tensão territorial,20.0,Atividade recente e vizinhança,0.0,Sinal principal do modelo: 28.0% | Tensão territorial: 20.0% | Atividade recente e vizinhança: 0.0%,"MARACANAU aparece na posição 7 de 19, com risco 12.7 e nível baixo; é prioridade alta de acompanhamento.","O peso principal vem de sinal principal do modelo, com suporte territorial de 20.0% e 0 registros recentes na janela de 30 dias.",Leitura sensível a ruído; requer conferência adicional antes de decisão forte.,O território está próximo de pares vizinhos e pode oscilar no próximo ciclo.,"Verificar eventos recentes, pressão territorial e coerência com inteligência local antes da próxima atualização do ranking."
2026-06-13T08:42:46,2026-06-12,src/core/orchestrator.py:get_combined_risk,cities_rmf_top20,8,HORIZONTE,HORIZONTE,rmf,cidade,2.54,baixo,35.7,muito baixa,54.2,moderada,0,0,147.0,6.6,0.0,0.0,46.7,20.0,100.0,0.0,-0.52,61.1,14,14,False,stable,Sinal principal do modelo,6.6,Tensão territorial,0.0,Atividade recente e vizinhança,0.0,Sinal principal do modelo: 6.6% | Tensão territorial: 0.0% | Atividade recente e vizinhança: 0.0%,"HORIZONTE aparece na posição 8 de 19, com risco 2.5 e nível baixo; é prioridade alta de acompanhamento.","O peso principal vem de sinal principal do modelo, com suporte territorial de 20.0% e 0 registros recentes na janela de 30 dias.",Leitura sensível a ruído; requer conferência adicional antes de decisão forte.,O território está próximo de pares vizinhos e pode oscilar no próximo ciclo.,"Verificar eventos recentes, pressão territorial e coerência com inteligência local antes da próxima atualização do ranking."
2026-06-13T08:42:46,2026-06-12,src/core/orchestrator.py:get_combined_risk,cities_rmf_top20,9,PINDORETAMA,PINDORETAMA,rmf,cidade,0.08,baixo,31.9,muito baixa,50.4,moderada,0,0,35.0,0.2,0.0,0.0,46.7,7.5,37.5,0.0,-0.61,55.6,14,14,False,stable,Sinal principal do modelo,0.2,Tensão territorial,0.0,Atividade recente e vizinhança,0.0,Sinal principal do modelo: 0.2% | Tensão territorial: 0.0% | Atividade recente e vizinhança: 0.0%,"PINDORETAMA aparece na posição 9 de 19, com risco 0.1 e nível baixo; é prioridade alta de acompanhamento.","O peso principal vem de sinal principal do modelo, com suporte territorial de 7.5% e 0 registros recentes na janela de 30 dias.",Leitura sensível a ruído; requer conferência adicional antes de decisão forte.,O território está próximo de pares vizinhos e pode oscilar no próximo ciclo.,"Verificar eventos recentes, pressão territorial e coerência com inteligência local antes da próxima atualização do ranking."
2026-06-13T08:42:46,2026-06-12,src/core/orchestrator.py:get_combined_risk,cities_rmf_top20,10,CHOROZINHO,CHOROZINHO,rmf,cidade,0.08,baixo,31.9,muito baixa,47.1,baixa,0,0,35.0,0.2,0.0,0.0,46.7,7.5,37.5,0.0,-0.61,50.0,14,14,False,stable,Sinal principal do modelo,0.2,Tensão territorial,0.0,Atividade recente e vizinhança,0.0,Sinal principal do modelo: 0.2% | Tensão territorial: 0.0% | Atividade recente e vizinhança: 0.0%,"CHOROZINHO aparece na posição 10 de 19, com risco 0.1 e nível baixo; é prioridade alta de acompanhamento.","O peso principal vem de sinal principal do modelo, com suporte territorial de 7.5% e 0 registros recentes na janela de 30 dias.",Leitura sensível a ruído; requer conferência adicional antes de decisão forte.,O território está próximo de pares vizinhos e pode oscilar no próximo ciclo.,"Verificar eventos recentes, pressão territorial e coerência com inteligência local antes da próxima atualização do ranking."
2026-06-13T08:42:46,2026-06-12,src/core/orchestrator.py:get_combined_risk,cities_rmf_top20,11,PACAJUS,PACAJUS,rmf,cidade,0.08,baixo,35.0,muito baixa,43.7,baixa,0,0,136.0,0.2,0.0,0.0,46.7,20.0,100.0,0.0,-0.61,44.4,14,14,False,stable,Sinal principal do modelo,0.2,Tensão territorial,0.0,Atividade recente e vizinhança,0.0,Sinal principal do modelo: 0.2% | Tensão territorial: 0.0% | Atividade recente e vizinhança: 0.0%,"PACAJUS aparece na posição 11 de 19, com risco 0.1 e nível baixo; é território de atenção tática.","O peso principal vem de sinal principal do modelo, com suporte territorial de 20.0% e 0 registros recentes na janela de 30 dias.",Leitura sensível a ruído; requer conferência adicional antes de decisão forte.,O território está próximo de pares vizinhos e pode oscilar no próximo ciclo.,"Verificar eventos recentes, pressão territorial e coerência com inteligência local antes da próxima atualização do ranking."
2026-06-13T08:42:46,2026-06-12,src/core/orchestrator.py:get_combined_risk,cities_rmf_top20,12,AQUIRAZ,AQUIRAZ,rmf,cidade,0.08,baixo,35.0,muito baixa,40.4,baixa,0,0,157.0,0.2,0.0,0.0,46.7,20.0,100.0,0.0,-0.61,38.9,14,14,False,stable,Sinal principal do modelo,0.2,Tensão territorial,0.0,Atividade recente e vizinhança,0.0,Sinal principal do modelo: 0.2% | Tensão territorial: 0.0% | Atividade recente e vizinhança: 0.0%,"AQUIRAZ aparece na posição 12 de 19, com risco 0.1 e nível baixo; é território de atenção tática.","O peso principal vem de sinal principal do modelo, com suporte territorial de 20.0% e 0 registros recentes na janela de 30 dias.",Leitura sensível a ruído; requer conferência adicional antes de decisão forte.,O território está próximo de pares vizinhos e pode oscilar no próximo ciclo.,"Verificar eventos recentes, pressão territorial e coerência com inteligência local antes da próxima atualização do ranking."
2026-06-13T08:42:46,2026-06-12,src/core/orchestrator.py:get_combined_risk,cities_rmf_top20,13,BEBERIBE,BEBERIBE,rmf,cidade,0.08,baixo,35.0,muito baixa,37.0,baixa,0,0,72.0,0.2,0.0,0.0,46.7,20.0,100.0,0.0,-0.61,33.3,14,14,False,stable,Sinal principal do modelo,0.2,Tensão territorial,0.0,Atividade recente e vizinhança,0.0,Sinal principal do modelo: 0.2% | Tensão territorial: 0.0% | Atividade recente e vizinhança: 0.0%,"BEBERIBE aparece na posição 13 de 19, com risco 0.1 e nível baixo; é território de atenção tática.","O peso principal vem de sinal principal do modelo, com suporte territorial de 20.0% e 0 registros recentes na janela de 30 dias.",Leitura sensível a ruído; requer conferência adicional antes de decisão forte.,O território está próximo de pares vizinhos e pode oscilar no próximo ciclo.,"Verificar eventos recentes, pressão territorial e coerência com inteligência local antes da próxima atualização do ranking."
2026-06-13T08:42:46,2026-06-12,src/core/orchestrator.py:get_combined_risk,cities_rmf_top20,14,CASCAVEL,CASCAVEL,rmf,cidade,0.08,baixo,35.0,muito baixa,33.7,baixa,0,0,172.0,0.2,0.0,0.0,46.7,20.0,100.0,0.0,-0.61,27.8,14,14,False,stable,Sinal principal do modelo,0.2,Tensão territorial,0.0,Atividade recente e vizinhança,0.0,Sinal principal do modelo: 0.2% | Tensão territorial: 0.0% | Atividade recente e vizinhança: 0.0%,"CASCAVEL aparece na posição 14 de 19, com risco 0.1 e nível baixo; é território de atenção tática.","O peso principal vem de sinal principal do modelo, com suporte territorial de 20.0% e 0 registros recentes na janela de 30 dias.",Leitura sensível a ruído; requer conferência adicional antes de decisão forte.,O território está próximo de pares vizinhos e pode oscilar no próximo ciclo.,"Verificar eventos recentes, pressão territorial e coerência com inteligência local antes da próxima atualização do ranking."
2026-06-13T08:42:46,2026-06-12,src/core/orchestrator.py:get_combined_risk,cities_rmf_top20,15,SAO LUIS DO CURU,SAO LUIS DO CURU,rmf,cidade,0.08,baixo,30.8,muito baixa,30.4,baixa,0,0,26.0,0.2,0.0,0.0,46.7,3.0,15.0,0.0,-0.61,22.2,14,14,False,stable,Sinal principal do modelo,0.2,Tensão territorial,0.0,Atividade recente e vizinhança,0.0,Sinal principal do modelo: 0.2% | Tensão territorial: 0.0% | Atividade recente e vizinhança: 0.0%,"SAO LUIS DO CURU aparece na posição 15 de 19, com risco 0.1 e nível baixo; é território de atenção tática.","O peso principal vem de sinal principal do modelo, com suporte territorial de 3.0% e 0 registros recentes na janela de 30 dias.",Leitura sensível a ruído; requer conferência adicional antes de decisão forte.,O território está próximo de pares vizinhos e pode oscilar no próximo ciclo.,"Verificar eventos recentes, pressão territorial e coerência com inteligência local antes da próxima atualização do ranking."
2026-06-13T08:42:46,2026-06-12,src/core/orchestrator.py:get_combined_risk,cities_rmf_top20,16,MARANGUAPE,MARANGUAPE,rmf,cidade,0.08,baixo,35.0,muito baixa,27.1,baixa,0,0,293.0,0.2,0.0,0.0,46.7,20.0,100.0,0.0,-0.61,16.7,14,14,False,stable,Sinal principal do modelo,0.2,Tensão territorial,0.0,Atividade recente e vizinhança,0.0,Sinal principal do modelo: 0.2% | Tensão territorial: 0.0% | Atividade recente e vizinhança: 0.0%,"MARANGUAPE aparece na posição 16 de 19, com risco 0.1 e nível baixo; é território de atenção tática.","O peso principal vem de sinal principal do modelo, com suporte territorial de 20.0% e 0 registros recentes na janela de 30 dias.",Leitura sensível a ruído; requer conferência adicional antes de decisão forte.,O território está próximo de pares vizinhos e pode oscilar no próximo ciclo.,"Verificar eventos recentes, pressão territorial e coerência com inteligência local antes da próxima atualização do ranking."
2026-06-13T08:42:46,2026-06-12,src/core/orchestrator.py:get_combined_risk,cities_rmf_top20,17,PARACURU,PARACURU,rmf,cidade,0.08,baixo,35.0,muito baixa,23.7,baixa,0,0,80.0,0.2,0.0,0.0,46.7,20.0,100.0,0.0,-0.61,11.1,14,14,False,stable,Sinal principal do modelo,0.2,Tensão territorial,0.0,Atividade recente e vizinhança,0.0,Sinal principal do modelo: 0.2% | Tensão territorial: 0.0% | Atividade recente e vizinhança: 0.0%,"PARACURU aparece na posição 17 de 19, com risco 0.1 e nível baixo; é território de atenção tática.","O peso principal vem de sinal principal do modelo, com suporte territorial de 20.0% e 0 registros recentes na janela de 30 dias.",Leitura sensível a ruído; requer conferência adicional antes de decisão forte.,O território está próximo de pares vizinhos e pode oscilar no próximo ciclo.,"Verificar eventos recentes, pressão territorial e coerência com inteligência local antes da próxima atualização do ranking."
2026-06-13T08:42:46,2026-06-12,src/core/orchestrator.py:get_combined_risk,cities_rmf_top20,18,GUAIUBA,GUAIUBA,rmf,cidade,0.0,baixo,47.5,muito baixa,20.4,baixa,0,1,68.0,0.0,0.0,0.0,46.7,50.0,100.0,50.0,-0.62,5.6,14,14,False,stable,CVLI recente na janela de 30 dias,20.0,Sinal principal do modelo,0.0,Tensão territorial,0.0,CVLI recente na janela de 30 dias: 20.0% | Sinal principal do modelo: 0.0% | Tensão territorial: 0.0%,"GUAIUBA aparece na posição 18 de 19, com risco 0.0 e nível baixo; é território de atenção tática.","O peso principal vem de cvli recente na janela de 30 dias, com suporte territorial de 50.0% e 1 registros recentes na janela de 30 dias.",Leitura sensível a ruído; requer conferência adicional antes de decisão forte.,O território está próximo de pares vizinhos e pode oscilar no próximo ciclo.,"Verificar eventos recentes, pressão territorial e coerência com inteligência local antes da próxima atualização do ranking."
2026-06-13T08:42:46,2026-06-12,src/core/orchestrator.py:get_combined_risk,cities_rmf_top20,19,PACATUBA,PACATUBA,rmf,cidade,0.0,baixo,47.5,muito baixa,17.0,baixa,0,1,195.0,0.0,0.0,0.0,46.7,50.0,100.0,50.0,-0.62,0.0,14,14,False,stable,CVLI recente na janela de 30 dias,20.0,Sinal principal do modelo,0.0,Tensão territorial,0.0,CVLI recente na janela de 30 dias: 20.0% | Sinal principal do modelo: 0.0% | Tensão territorial: 0.0%,"PACATUBA aparece na posição 19 de 19, com risco 0.0 e nível baixo; é território de atenção tática.","O peso principal vem de cvli recente na janela de 30 dias, com suporte territorial de 50.0% e 1 registros recentes na janela de 30 dias.",Leitura sensível a ruído; requer conferência adicional antes de decisão forte.,O território está próximo de pares vizinhos e pode oscilar no próximo ciclo.,"Verificar eventos recentes, pressão territorial e coerência com inteligência local antes da próxima atualização do ranking."
2026-06-13T08:42:46,2026-06-12,src/core/orchestrator.py:get_combined_risk,cities_interior_top30,1,ITAPIUNA,ITAPIUNA,interior,cidade,83.53,crítico,94.9,alta,87.8,muito alta,3,3,45.0,99.1,100.0,100.0,6.7,100.0,62.5,100.0,1.62,100.0,14,14,False,stable,Atividade recente e vizinhança,100.0,Tensão territorial,100.0,Sinal principal do modelo,99.1,Atividade recente e vizinhança: 100.0% | Tensão territorial: 100.0% | Sinal principal do modelo: 99.1%,"ITAPIUNA aparece na posição 1 de 50, com risco 83.5 e nível crítico; é prioridade imediata de acompanhamento.","O peso principal vem de atividade recente e vizinhança, com suporte territorial de 100.0% e 3 registros recentes na janela de 30 dias.",Leitura com boa sustentação dos sinais atuais.,O território está bem destacado no ranking frente aos pares.,"Verificar eventos recentes, pressão territorial e coerência com inteligência local antes da próxima atualização do ranking."
2026-06-13T08:42:46,2026-06-12,src/core/orchestrator.py:get_combined_risk,cities_interior_top30,2,JUAZEIRO DO NORTE,JUAZEIRO DO NORTE,interior,cidade,83.25,crítico,99.0,alta,86.5,muito alta,4,4,318.0,100.0,100.0,100.0,10.0,100.0,100.0,100.0,1.61,98.0,14,14,False,stable,Atividade recente e vizinhança,100.0,Sinal principal do modelo,100.0,Tensão territorial,100.0,Atividade recente e vizinhança: 100.0% | Sinal principal do modelo: 100.0% | Tensão territorial: 100.0%,"JUAZEIRO DO NORTE aparece na posição 2 de 50, com risco 83.2 e nível crítico; é prioridade imediata de acompanhamento.","O peso principal vem de atividade recente e vizinhança, com suporte territorial de 100.0% e 4 registros recentes na janela de 30 dias.",Leitura com boa sustentação dos sinais atuais.,O território está bem destacado no ranking frente aos pares.,"Verificar eventos recentes, pressão territorial e coerência com inteligência local antes da próxima atualização do ranking."
2026-06-13T08:42:46,2026-06-12,src/core/orchestrator.py:get_combined_risk,cities_interior_top30,3,SOBRAL,SOBRAL,interior,cidade,82.63,crítico,99.0,alta,85.2,muito alta,4,4,386.0,94.8,100.0,100.0,3.3,100.0,100.0,100.0,1.59,95.9,14,14,False,stable,Atividade recente e vizinhança,100.0,Tensão territorial,100.0,Sinal principal do modelo,94.8,Atividade recente e vizinhança: 100.0% | Tensão territorial: 100.0% | Sinal principal do modelo: 94.8%,"SOBRAL aparece na posição 3 de 50, com risco 82.6 e nível crítico; é prioridade imediata de acompanhamento.","O peso principal vem de atividade recente e vizinhança, com suporte territorial de 100.0% e 4 registros recentes na janela de 30 dias.",Leitura com boa sustentação dos sinais atuais.,O território está bem destacado no ranking frente aos pares.,"Verificar eventos recentes, pressão territorial e coerência com inteligência local antes da próxima atualização do ranking."
2026-06-13T08:42:46,2026-06-12,src/core/orchestrator.py:get_combined_risk,cities_interior_top30,4,AMONTADA,AMONTADA,interior,cidade,81.59,crítico,99.0,alta,83.8,alta,5,5,141.0,96.7,100.0,100.0,13.3,100.0,100.0,100.0,1.55,93.9,14,14,False,stable,Atividade recente e vizinhança,100.0,CVLI recente na janela de 30 dias,100.0,Tensão territorial,100.0,Atividade recente e vizinhança: 100.0% | CVLI recente na janela de 30 dias: 100.0% | Tensão territorial: 100.0%,"AMONTADA aparece na posição 4 de 50, com risco 81.6 e nível crítico; é prioridade imediata de acompanhamento.","O peso principal vem de atividade recente e vizinhança, com suporte territorial de 100.0% e 5 registros recentes na janela de 30 dias.",Leitura com boa sustentação dos sinais atuais.,"O território se diferencia do bloco intermediário, mas sem isolamento absoluto.","Verificar eventos recentes, pressão territorial e coerência com inteligência local antes da próxima atualização do ranking."
2026-06-13T08:42:46,2026-06-12,src/core/orchestrator.py:get_combined_risk,cities_interior_top30,5,MORADA NOVA,MORADA NOVA,interior,cidade,80.51,crítico,89.8,alta,82.3,alta,2,2,149.0,98.7,100.0,100.0,23.3,100.0,100.0,100.0,1.5,91.8,14,14,False,stable,Atividade recente e vizinhança,100.0,Tensão territorial,100.0,Sinal principal do modelo,98.7,Atividade recente e vizinhança: 100.0% | Tensão territorial: 100.0% | Sinal principal do modelo: 98.7%,"MORADA NOVA aparece na posição 5 de 50, com risco 80.5 e nível crítico; é prioridade imediata de acompanhamento.","O peso principal vem de atividade recente e vizinhança, com suporte territorial de 100.0% e 2 registros recentes na janela de 30 dias.",Leitura com boa sustentação dos sinais atuais.,"O território se diferencia do bloco intermediário, mas sem isolamento absoluto.","Verificar eventos recentes, pressão territorial e coerência com inteligência local antes da próxima atualização do ranking."
2026-06-13T08:42:46,2026-06-12,src/core/orchestrator.py:get_combined_risk,cities_interior_top30,6,ITAPIPOCA,ITAPIPOCA,interior,cidade,80.19,crítico,99.0,alta,81.0,alta,3,4,194.0,95.8,100.0,100.0,20.0,100.0,100.0,100.0,1.49,89.8,14,14,False,stable,Atividade recente e vizinhança,100.0,Tensão territorial,100.0,Sinal principal do modelo,95.8,Atividade recente e vizinhança: 100.0% | Tensão territorial: 100.0% | Sinal principal do modelo: 95.8%,"ITAPIPOCA aparece na posição 6 de 50, com risco 80.2 e nível crítico; é prioridade alta de acompanhamento.","O peso principal vem de atividade recente e vizinhança, com suporte territorial de 100.0% e 4 registros recentes na janela de 30 dias.",Leitura com boa sustentação dos sinais atuais.,"O território se diferencia do bloco intermediário, mas sem isolamento absoluto.","Verificar eventos recentes, pressão territorial e coerência com inteligência local antes da próxima atualização do ranking."
2026-06-13T08:42:46,2026-06-12,src/core/orchestrator.py:get_combined_risk,cities_interior_top30,7,CRATO,CRATO,interior,cidade,79.7,crítico,90.0,alta,79.7,alta,2,2,181.0,99.8,100.0,100.0,30.0,100.0,100.0,100.0,1.47,87.8,14,14,False,stable,Atividade recente e vizinhança,100.0,Tensão territorial,100.0,Sinal principal do modelo,99.8,Atividade recente e vizinhança: 100.0% | Tensão territorial: 100.0% | Sinal principal do modelo: 99.8%,"CRATO aparece na posição 7 de 50, com risco 79.7 e nível crítico; é prioridade alta de acompanhamento.","O peso principal vem de atividade recente e vizinhança, com suporte territorial de 100.0% e 2 registros recentes na janela de 30 dias.",Leitura com boa sustentação dos sinais atuais.,"O território se diferencia do bloco intermediário, mas sem isolamento absoluto.","Verificar eventos recentes, pressão territorial e coerência com inteligência local antes da próxima atualização do ranking."
2026-06-13T08:42:46,2026-06-12,src/core/orchestrator.py:get_combined_risk,cities_interior_top30,8,LIMOEIRO DO NORTE,LIMOEIRO DO NORTE,interior,cidade,78.91,crítico,89.3,alta,78.3,alta,2,2,99.0,95.3,100.0,100.0,26.7,100.0,100.0,100.0,1.44,85.7,14,14,False,stable,Atividade recente e vizinhança,100.0,Tensão territorial,100.0,Sinal principal do modelo,95.3,Atividade recente e vizinhança: 100.0% | Tensão territorial: 100.0% | Sinal principal do modelo: 95.3%,"LIMOEIRO DO NORTE aparece na posição 8 de 50, com risco 78.9 e nível crítico; é prioridade alta de acompanhamento.","O peso principal vem de atividade recente e vizinhança, com suporte territorial de 100.0% e 2 registros recentes na janela de 30 dias.",Leitura com boa sustentação dos sinais atuais.,"O território se diferencia do bloco intermediário, mas sem isolamento absoluto.","Verificar eventos recentes, pressão territorial e coerência com inteligência local antes da próxima atualização do ranking."
2026-06-13T08:42:46,2026-06-12,src/core/orchestrator.py:get_combined_risk,cities_interior_top30,9,ACOPIARA,ACOPIARA,interior,cidade,76.2,crítico,89.7,alta,76.6,alta,2,2,46.0,97.7,100.0,100.0,46.7,100.0,65.0,100.0,1.33,83.7,14,14,False,stable,Atividade recente e vizinhança,100.0,Tensão territorial,100.0,Sinal principal do modelo,97.7,Atividade recente e vizinhança: 100.0% | Tensão territorial: 100.0% | Sinal principal do modelo: 97.7%,"ACOPIARA aparece na posição 9 de 50, com risco 76.2 e nível crítico; é prioridade alta de acompanhamento.","O peso principal vem de atividade recente e vizinhança, com suporte territorial de 100.0% e 2 registros recentes na janela de 30 dias.",Leitura com boa sustentação dos sinais atuais.,"O território se diferencia do bloco intermediário, mas sem isolamento absoluto.","Verificar eventos recentes, pressão territorial e coerência com inteligência local antes da próxima atualização do ranking."
2026-06-13T08:42:46,2026-06-12,src/core/orchestrator.py:get_combined_risk,cities_interior_top30,10,ICAPUI,ICAPUI,interior,cidade,75.32,crítico,89.2,alta,75.2,alta,2,2,32.0,94.4,100.0,100.0,46.7,100.0,30.0,100.0,1.29,81.6,14,14,False,stable,Atividade recente e vizinhança,100.0,Tensão territorial,100.0,Sinal principal do modelo,94.4,Atividade recente e vizinhança: 100.0% | Tensão territorial: 100.0% | Sinal principal do modelo: 94.4%,"ICAPUI aparece na posição 10 de 50, com risco 75.3 e nível crítico; é prioridade alta de acompanhamento.","O peso principal vem de atividade recente e vizinhança, com suporte territorial de 100.0% e 2 registros recentes na janela de 30 dias.",Leitura com boa sustentação dos sinais atuais.,"O território se diferencia do bloco intermediário, mas sem isolamento absoluto.","Verificar eventos recentes, pressão territorial e coerência com inteligência local antes da próxima atualização do ranking."
2026-06-13T08:42:46,2026-06-12,src/core/orchestrator.py:get_combined_risk,cities_interior_top30,11,RUSSAS,RUSSAS,interior,cidade,71.94,crítico,87.4,alta,73.3,alta,2,2,111.0,81.8,100.0,100.0,46.7,100.0,100.0,100.0,1.16,79.6,14,14,False,stable,Atividade recente e vizinhança,100.0,Tensão territorial,100.0,Sinal principal do modelo,81.8,Atividade recente e vizinhança: 100.0% | Tensão territorial: 100.0% | Sinal principal do modelo: 81.8%,"RUSSAS aparece na posição 11 de 50, com risco 71.9 e nível crítico; é território relevante para monitoramento.","O peso principal vem de atividade recente e vizinhança, com suporte territorial de 100.0% e 2 registros recentes na janela de 30 dias.",Leitura com boa sustentação dos sinais atuais.,"O território se diferencia do bloco intermediário, mas sem isolamento absoluto.","Verificar eventos recentes, pressão territorial e coerência com inteligência local antes da próxima atualização do ranking."
2026-06-13T08:42:46,2026-06-12,src/core/orchestrator.py:get_combined_risk,cities_interior_top30,12,NOVO ORIENTE,NOVO ORIENTE,interior,cidade,59.39,alto,78.3,moderada,69.7,moderada,1,1,28.0,95.0,100.0,50.0,23.3,100.0,20.0,100.0,0.66,77.6,14,14,False,stable,Tensão territorial,100.0,Sinal principal do modelo,95.0,Atividade recente e vizinhança,50.0,Tensão territorial: 100.0% | Sinal principal do modelo: 95.0% | Atividade recente e vizinhança: 50.0%,"NOVO ORIENTE aparece na posição 12 de 50, com risco 59.4 e nível alto; é território relevante para monitoramento.","O peso principal vem de tensão territorial, com suporte territorial de 100.0% e 1 registros recentes na janela de 30 dias.","Leitura consistente, mas ainda pede validação operacional pontual.",O território está próximo de pares vizinhos e pode oscilar no próximo ciclo.,"Verificar eventos recentes, pressão territorial e coerência com inteligência local antes da próxima atualização do ranking."
2026-06-13T08:42:46,2026-06-12,src/core/orchestrator.py:get_combined_risk,cities_interior_top30,13,FORQUILHA,FORQUILHA,interior,cidade,59.18,alto,78.6,moderada,68.4,moderada,1,1,90.0,87.8,100.0,50.0,10.0,100.0,100.0,100.0,0.65,75.5,14,14,False,stable,Tensão territorial,100.0,Sinal principal do modelo,87.8,Atividade recente e vizinhança,50.0,Tensão territorial: 100.0% | Sinal principal do modelo: 87.8% | Atividade recente e vizinhança: 50.0%,"FORQUILHA aparece na posição 13 de 50, com risco 59.2 e nível alto; é território relevante para monitoramento.","O peso principal vem de tensão territorial, com suporte territorial de 100.0% e 1 registros recentes na janela de 30 dias.","Leitura consistente, mas ainda pede validação operacional pontual.",O território está próximo de pares vizinhos e pode oscilar no próximo ciclo.,"Verificar eventos recentes, pressão territorial e coerência com inteligência local antes da próxima atualização do ranking."
2026-06-13T08:42:46,2026-06-12,src/core/orchestrator.py:get_combined_risk,cities_interior_top30,14,IRAUCUBA,IRAUCUBA,interior,cidade,58.74,alto,78.3,moderada,67.1,moderada,1,1,35.0,94.8,100.0,50.0,26.7,100.0,37.5,100.0,0.63,73.5,14,14,False,stable,Tensão territorial,100.0,Sinal principal do modelo,94.8,Atividade recente e vizinhança,50.0,Tensão territorial: 100.0% | Sinal principal do modelo: 94.8% | Atividade recente e vizinhança: 50.0%,"IRAUCUBA aparece na posição 14 de 50, com risco 58.7 e nível alto; é território relevante para monitoramento.","O peso principal vem de tensão territorial, com suporte territorial de 100.0% e 1 registros recentes na janela de 30 dias.","Leitura consistente, mas ainda pede validação operacional pontual.",O território está próximo de pares vizinhos e pode oscilar no próximo ciclo.,"Verificar eventos recentes, pressão territorial e coerência com inteligência local antes da próxima atualização do ranking."
2026-06-13T08:42:46,2026-06-12,src/core/orchestrator.py:get_combined_risk,cities_interior_top30,15,SENADOR POMPEU,SENADOR POMPEU,interior,cidade,58.51,alto,78.6,moderada,65.8,moderada,1,1,35.0,87.3,100.0,50.0,13.3,100.0,37.5,100.0,0.62,71.4,14,14,False,stable,Tensão territorial,100.0,Sinal principal do modelo,87.3,Atividade recente e vizinhança,50.0,Tensão territorial: 100.0% | Sinal principal do modelo: 87.3% | Atividade recente e vizinhança: 50.0%,"SENADOR POMPEU aparece na posição 15 de 50, com risco 58.5 e nível alto; é território relevante para monitoramento.","O peso principal vem de tensão territorial, com suporte territorial de 100.0% e 1 registros recentes na janela de 30 dias.","Leitura consistente, mas ainda pede validação operacional pontual.",O território está próximo de pares vizinhos e pode oscilar no próximo ciclo.,"Verificar eventos recentes, pressão territorial e coerência com inteligência local antes da próxima atualização do ranking."
2026-06-13T08:42:46,2026-06-12,src/core/orchestrator.py:get_combined_risk,cities_interior_top30,16,GRACA,GRACA,interior,cidade,58.5,alto,78.6,moderada,64.6,moderada,1,1,26.0,87.2,100.0,50.0,13.3,100.0,15.0,100.0,0.62,69.4,14,14,False,stable,Tensão territorial,100.0,Sinal principal do modelo,87.2,Atividade recente e vizinhança,50.0,Tensão territorial: 100.0% | Sinal principal do modelo: 87.2% | Atividade recente e vizinhança: 50.0%,"GRACA aparece na posição 16 de 50, com risco 58.5 e nível alto; é território relevante para monitoramento.","O peso principal vem de tensão territorial, com suporte territorial de 100.0% e 1 registros recentes na janela de 30 dias.","Leitura consistente, mas ainda pede validação operacional pontual.",O território está próximo de pares vizinhos e pode oscilar no próximo ciclo.,"Verificar eventos recentes, pressão territorial e coerência com inteligência local antes da próxima atualização do ranking."
2026-06-13T08:42:46,2026-06-12,src/core/orchestrator.py:get_combined_risk,cities_interior_top30,17,PEDRA BRANCA,PEDRA BRANCA,interior,cidade,58.12,alto,78.4,moderada,63.3,moderada,1,1,57.0,92.7,100.0,50.0,26.7,100.0,92.5,100.0,0.61,67.3,14,14,False,stable,Tensão territorial,100.0,Sinal principal do modelo,92.7,Atividade recente e vizinhança,50.0,Tensão territorial: 100.0% | Sinal principal do modelo: 92.7% | Atividade recente e vizinhança: 50.0%,"PEDRA BRANCA aparece na posição 17 de 50, com risco 58.1 e nível alto; é território relevante para monitoramento.","O peso principal vem de tensão territorial, com suporte territorial de 100.0% e 1 registros recentes na janela de 30 dias.","Leitura consistente, mas ainda pede validação operacional pontual.",O território está próximo de pares vizinhos e pode oscilar no próximo ciclo.,"Verificar eventos recentes, pressão territorial e coerência com inteligência local antes da próxima atualização do ranking."
2026-06-13T08:42:46,2026-06-12,src/core/orchestrator.py:get_combined_risk,cities_interior_top30,18,VICOSA DO CEARA,VICOSA DO CEARA,interior,cidade,55.96,alto,78.9,moderada,61.7,moderada,1,1,43.0,75.4,100.0,50.0,3.3,100.0,57.5,100.0,0.52,65.3,14,14,False,stable,Tensão territorial,100.0,Sinal principal do modelo,75.4,Atividade recente e vizinhança,50.0,Tensão territorial: 100.0% | Sinal principal do modelo: 75.4% | Atividade recente e vizinhança: 50.0%,"VICOSA DO CEARA aparece na posição 18 de 50, com risco 56.0 e nível alto; é território relevante para monitoramento.","O peso principal vem de tensão territorial, com suporte territorial de 100.0% e 1 registros recentes na janela de 30 dias.","Leitura consistente, mas ainda pede validação operacional pontual.",O território está próximo de pares vizinhos e pode oscilar no próximo ciclo.,"Verificar eventos recentes, pressão territorial e coerência com inteligência local antes da próxima atualização do ranking."
2026-06-13T08:42:46,2026-06-12,src/core/orchestrator.py:get_combined_risk,cities_interior_top30,19,BOA VIAGEM,BOA VIAGEM,interior,cidade,55.7,alto,78.3,moderada,60.4,moderada,1,1,116.0,93.7,100.0,50.0,43.3,100.0,100.0,100.0,0.51,63.3,14,14,False,stable,Tensão territorial,100.0,Sinal principal do modelo,93.7,Atividade recente e vizinhança,50.0,Tensão territorial: 100.0% | Sinal principal do modelo: 93.7% | Atividade recente e vizinhança: 50.0%,"BOA VIAGEM aparece na posição 19 de 50, com risco 55.7 e nível alto; é território relevante para monitoramento.","O peso principal vem de tensão territorial, com suporte territorial de 100.0% e 1 registros recentes na janela de 30 dias.","Leitura consistente, mas ainda pede validação operacional pontual.",O território está próximo de pares vizinhos e pode oscilar no próximo ciclo.,"Verificar eventos recentes, pressão territorial e coerência com inteligência local antes da próxima atualização do ranking."
2026-06-13T08:42:46,2026-06-12,src/core/orchestrator.py:get_combined_risk,cities_interior_top30,20,TIANGUA,TIANGUA,interior,cidade,54.26,alto,78.5,moderada,58.9,moderada,1,1,127.0,90.4,100.0,50.0,46.7,100.0,100.0,100.0,0.45,61.2,14,14,False,stable,Tensão territorial,100.0,Sinal principal do modelo,90.4,Atividade recente e vizinhança,50.0,Tensão territorial: 100.0% | Sinal principal do modelo: 90.4% | Atividade recente e vizinhança: 50.0%,"TIANGUA aparece na posição 20 de 50, com risco 54.3 e nível alto; é território relevante para monitoramento.","O peso principal vem de tensão territorial, com suporte territorial de 100.0% e 1 registros recentes na janela de 30 dias.","Leitura consistente, mas ainda pede validação operacional pontual.",O território está próximo de pares vizinhos e pode oscilar no próximo ciclo.,"Verificar eventos recentes, pressão territorial e coerência com inteligência local antes da próxima atualização do ranking."
2026-06-13T08:42:46,2026-06-12,src/core/orchestrator.py:get_combined_risk,cities_interior_top30,21,CARIRE,CARIRE,interior,cidade,52.02,alto,78.8,moderada,57.3,moderada,1,1,53.0,82.1,100.0,50.0,46.7,100.0,82.5,100.0,0.36,59.2,14,14,False,stable,Tensão territorial,100.0,Sinal principal do modelo,82.1,Atividade recente e vizinhança,50.0,Tensão territorial: 100.0% | Sinal principal do modelo: 82.1% | Atividade recente e vizinhança: 50.0%,"CARIRE aparece na posição 21 de 50, com risco 52.0 e nível alto; é território relevante para monitoramento.","O peso principal vem de tensão territorial, com suporte territorial de 100.0% e 1 registros recentes na janela de 30 dias.","Leitura consistente, mas ainda pede validação operacional pontual.",O território está próximo de pares vizinhos e pode oscilar no próximo ciclo.,"Verificar eventos recentes, pressão territorial e coerência com inteligência local antes da próxima atualização do ranking."
2026-06-13T08:42:46,2026-06-12,src/core/orchestrator.py:get_combined_risk,cities_interior_top30,22,GROAIRAS,GROAIRAS,interior,cidade,51.65,alto,78.8,moderada,55.9,moderada,1,1,48.0,80.7,100.0,50.0,46.7,100.0,70.0,100.0,0.35,57.1,14,14,False,stable,Tensão territorial,100.0,Sinal principal do modelo,80.7,Atividade recente e vizinhança,50.0,Tensão territorial: 100.0% | Sinal principal do modelo: 80.7% | Atividade recente e vizinhança: 50.0%,"GROAIRAS aparece na posição 22 de 50, com risco 51.6 e nível alto; é território relevante para monitoramento.","O peso principal vem de tensão territorial, com suporte territorial de 100.0% e 1 registros recentes na janela de 30 dias.","Leitura consistente, mas ainda pede validação operacional pontual.",O território está próximo de pares vizinhos e pode oscilar no próximo ciclo.,"Verificar eventos recentes, pressão territorial e coerência com inteligência local antes da próxima atualização do ranking."
2026-06-13T08:42:46,2026-06-12,src/core/orchestrator.py:get_combined_risk,cities_interior_top30,23,IBARETAMA,IBARETAMA,interior,cidade,51.03,alto,78.9,moderada,54.6,moderada,1,1,24.0,78.4,100.0,50.0,46.7,100.0,10.0,100.0,0.32,55.1,14,14,False,stable,Tensão territorial,100.0,Sinal principal do modelo,78.4,Atividade recente e vizinhança,50.0,Tensão territorial: 100.0% | Sinal principal do modelo: 78.4% | Atividade recente e vizinhança: 50.0%,"IBARETAMA aparece na posição 23 de 50, com risco 51.0 e nível alto; é território relevante para monitoramento.","O peso principal vem de tensão territorial, com suporte territorial de 100.0% e 1 registros recentes na janela de 30 dias.","Leitura consistente, mas ainda pede validação operacional pontual.",O território está próximo de pares vizinhos e pode oscilar no próximo ciclo.,"Verificar eventos recentes, pressão territorial e coerência com inteligência local antes da próxima atualização do ranking."
2026-06-13T08:42:46,2026-06-12,src/core/orchestrator.py:get_combined_risk,cities_interior_top30,24,ITAPAJE,ITAPAJE,interior,cidade,50.22,moderado,78.9,moderada,53.2,moderada,1,1,97.0,75.3,100.0,50.0,46.7,100.0,100.0,100.0,0.29,53.1,14,14,False,stable,Tensão territorial,100.0,Sinal principal do modelo,75.3,Atividade recente e vizinhança,50.0,Tensão territorial: 100.0% | Sinal principal do modelo: 75.3% | Atividade recente e vizinhança: 50.0%,"ITAPAJE aparece na posição 24 de 50, com risco 50.2 e nível moderado; é território de atenção tática.","O peso principal vem de tensão territorial, com suporte territorial de 100.0% e 1 registros recentes na janela de 30 dias.","Leitura consistente, mas ainda pede validação operacional pontual.",O território está próximo de pares vizinhos e pode oscilar no próximo ciclo.,"Verificar eventos recentes, pressão territorial e coerência com inteligência local antes da próxima atualização do ranking."
2026-06-13T08:42:46,2026-06-12,src/core/orchestrator.py:get_combined_risk,cities_interior_top30,25,TAUA,TAUA,interior,cidade,43.25,moderado,86.5,alta,50.6,moderada,4,4,52.0,9.6,0.0,100.0,6.7,100.0,80.0,100.0,0.01,51.0,14,14,False,stable,Atividade recente e vizinhança,100.0,CVLI recente na janela de 30 dias,80.0,Sinal principal do modelo,9.6,Atividade recente e vizinhança: 100.0% | CVLI recente na janela de 30 dias: 80.0% | Sinal principal do modelo: 9.6%,"TAUA aparece na posição 25 de 50, com risco 43.2 e nível moderado; é território de atenção tática.","O peso principal vem de atividade recente e vizinhança, com suporte territorial de 100.0% e 4 registros recentes na janela de 30 dias.",Leitura com boa sustentação dos sinais atuais.,O território está próximo de pares vizinhos e pode oscilar no próximo ciclo.,"Verificar eventos recentes, pressão territorial e coerência com inteligência local antes da próxima atualização do ranking."
2026-06-13T08:42:46,2026-06-12,src/core/orchestrator.py:get_combined_risk,cities_interior_top30,26,CANINDE,CANINDE,interior,cidade,24.37,baixo,66.2,baixa,45.8,baixa,1,1,85.0,15.9,0.0,50.0,43.3,100.0,100.0,100.0,-0.75,49.0,14,14,False,stable,Atividade recente e vizinhança,50.0,CVLI recente na janela de 30 dias,20.0,Sinal principal do modelo,15.9,Atividade recente e vizinhança: 50.0% | CVLI recente na janela de 30 dias: 20.0% | Sinal principal do modelo: 15.9%,"CANINDE aparece na posição 26 de 50, com risco 24.4 e nível baixo; é território de atenção tática.","O peso principal vem de atividade recente e vizinhança, com suporte territorial de 100.0% e 1 registros recentes na janela de 30 dias.",Leitura sensível a ruído; requer conferência adicional antes de decisão forte.,O território está próximo de pares vizinhos e pode oscilar no próximo ciclo.,"Verificar eventos recentes, pressão territorial e coerência com inteligência local antes da próxima atualização do ranking."
2026-06-13T08:42:46,2026-06-12,src/core/orchestrator.py:get_combined_risk,cities_interior_top30,27,ARACATI,ARACATI,interior,cidade,24.09,baixo,45.1,muito baixa,44.5,baixa,0,0,96.0,82.3,20.0,0.0,46.7,20.0,100.0,0.0,-0.76,46.9,14,14,False,stable,Sinal principal do modelo,82.3,Tensão territorial,20.0,Atividade recente e vizinhança,0.0,Sinal principal do modelo: 82.3% | Tensão territorial: 20.0% | Atividade recente e vizinhança: 0.0%,"ARACATI aparece na posição 27 de 50, com risco 24.1 e nível baixo; é território de atenção tática.","O peso principal vem de sinal principal do modelo, com suporte territorial de 20.0% e 0 registros recentes na janela de 30 dias.",Leitura sensível a ruído; requer conferência adicional antes de decisão forte.,O território está próximo de pares vizinhos e pode oscilar no próximo ciclo.,"Verificar eventos recentes, pressão territorial e coerência com inteligência local antes da próxima atualização do ranking."
2026-06-13T08:42:46,2026-06-12,src/core/orchestrator.py:get_combined_risk,cities_interior_top30,28,ITAREMA,ITAREMA,interior,cidade,23.96,baixo,45.0,muito baixa,43.3,baixa,0,0,126.0,81.8,20.0,0.0,46.7,20.0,100.0,0.0,-0.76,44.9,14,14,False,stable,Sinal principal do modelo,81.8,Tensão territorial,20.0,Atividade recente e vizinhança,0.0,Sinal principal do modelo: 81.8% | Tensão territorial: 20.0% | Atividade recente e vizinhança: 0.0%,"ITAREMA aparece na posição 28 de 50, com risco 24.0 e nível baixo; é território de atenção tática.","O peso principal vem de sinal principal do modelo, com suporte territorial de 20.0% e 0 registros recentes na janela de 30 dias.",Leitura sensível a ruído; requer conferência adicional antes de decisão forte.,O território está próximo de pares vizinhos e pode oscilar no próximo ciclo.,"Verificar eventos recentes, pressão territorial e coerência com inteligência local antes da próxima atualização do ranking."
2026-06-13T08:42:46,2026-06-12,src/core/orchestrator.py:get_combined_risk,cities_interior_top30,29,PENTECOSTE,PENTECOSTE,interior,cidade,23.96,baixo,45.0,muito baixa,42.1,baixa,0,0,77.0,81.8,20.0,0.0,46.7,20.0,100.0,0.0,-0.76,42.9,14,14,False,stable,Sinal principal do modelo,81.8,Tensão territorial,20.0,Atividade recente e vizinhança,0.0,Sinal principal do modelo: 81.8% | Tensão territorial: 20.0% | Atividade recente e vizinhança: 0.0%,"PENTECOSTE aparece na posição 29 de 50, com risco 24.0 e nível baixo; é território de atenção tática.","O peso principal vem de sinal principal do modelo, com suporte territorial de 20.0% e 0 registros recentes na janela de 30 dias.",Leitura sensível a ruído; requer conferência adicional antes de decisão forte.,O território está próximo de pares vizinhos e pode oscilar no próximo ciclo.,"Verificar eventos recentes, pressão territorial e coerência com inteligência local antes da próxima atualização do ranking."
2026-06-13T08:42:46,2026-06-12,src/core/orchestrator.py:get_combined_risk,cities_interior_top30,30,IGUATU,IGUATU,interior,cidade,23.91,baixo,45.0,muito baixa,40.8,baixa,0,0,92.0,81.7,20.0,0.0,46.7,20.0,100.0,0.0,-0.77,40.8,14,14,False,stable,Sinal principal do modelo,81.7,Tensão territorial,20.0,Atividade recente e vizinhança,0.0,Sinal principal do modelo: 81.7% | Tensão territorial: 20.0% | Atividade recente e vizinhança: 0.0%,"IGUATU aparece na posição 30 de 50, com risco 23.9 e nível baixo; é território de atenção tática.","O peso principal vem de sinal principal do modelo, com suporte territorial de 20.0% e 0 registros recentes na janela de 30 dias.",Leitura sensível a ruído; requer conferência adicional antes de decisão forte.,O território está próximo de pares vizinhos e pode oscilar no próximo ciclo.,"Verificar eventos recentes, pressão territorial e coerência com inteligência local antes da próxima atualização do ranking."
2026-06-13T08:42:46,2026-06-12,src/core/orchestrator.py:get_combined_risk,fortaleza_bairros_top30,1,BARRA DO CEARA,BARRA DO CEARA,fortaleza,bairro,82.95,crítico,82.9,moderada,100.0,muito alta,1,2,135.0,100.0,100.0,50.0,20.0,100.0,100.0,100.0,6.03,100.0,90,90,False,stable,Sinal Poisson do ranking operacional,100.0,Tensão territorial,100.0,Atividade recente e vizinhança,50.0,Sinal Poisson do ranking operacional: 100.0% | Tensão territorial: 100.0% | Atividade recente e vizinhança: 50.0%,"BARRA DO CEARA aparece na posição 1 de 101, com risco 83.0 e nível crítico; é prioridade imediata de acompanhamento.","O peso principal vem de sinal poisson do ranking operacional, com suporte territorial de 100.0% e 2 registros recentes na janela de 30 dias.","Leitura consistente, mas ainda pede validação operacional pontual.",O território está bem destacado no ranking frente aos pares.,"Verificar eventos recentes, pressão territorial e coerência com inteligência local antes da próxima atualização do ranking."
2026-06-13T08:42:46,2026-06-12,src/core/orchestrator.py:get_combined_risk,fortaleza_bairros_top30,2,MESSEJANA,MESSEJANA,fortaleza,bairro,78.33,crítico,78.0,moderada,99.4,muito alta,1,1,116.0,98.5,100.0,50.0,36.7,100.0,100.0,100.0,5.67,99.0,90,90,False,stable,Tensão territorial,100.0,Sinal Poisson do ranking operacional,98.5,Atividade recente e vizinhança,50.0,Tensão territorial: 100.0% | Sinal Poisson do ranking operacional: 98.5% | Atividade recente e vizinhança: 50.0%,"MESSEJANA aparece na posição 2 de 101, com risco 78.3 e nível crítico; é prioridade imediata de acompanhamento.","O peso principal vem de tensão territorial, com suporte territorial de 100.0% e 1 registros recentes na janela de 30 dias.","Leitura consistente, mas ainda pede validação operacional pontual.",O território está bem destacado no ranking frente aos pares.,"Verificar eventos recentes, pressão territorial e coerência com inteligência local antes da próxima atualização do ranking."
2026-06-13T08:42:46,2026-06-12,src/core/orchestrator.py:get_combined_risk,fortaleza_bairros_top30,3,ALVARO WEYNE,ALVARO WEYNE,fortaleza,bairro,42.49,moderado,82.6,moderada,92.5,muito alta,2,3,28.0,12.4,100.0,100.0,20.0,100.0,20.0,100.0,2.86,98.0,90,90,False,stable,Tensão territorial,100.0,Atividade recente e vizinhança,100.0,CVLI recente na janela de 30 dias,60.0,Tensão territorial: 100.0% | Atividade recente e vizinhança: 100.0% | CVLI recente na janela de 30 dias: 60.0%,"ALVARO WEYNE aparece na posição 3 de 101, com risco 42.5 e nível moderado; é prioridade imediata de acompanhamento.","O peso principal vem de tensão territorial, com suporte territorial de 100.0% e 3 registros recentes na janela de 30 dias.","Leitura consistente, mas ainda pede validação operacional pontual.",O território está bem destacado no ranking frente aos pares.,"Verificar eventos recentes, pressão territorial e coerência com inteligência local antes da próxima atualização do ranking."
2026-06-13T08:42:46,2026-06-12,src/core/orchestrator.py:get_combined_risk,fortaleza_bairros_top30,4,GRANJA LISBOA,GRANJA LISBOA,fortaleza,bairro,31.0,moderado,43.5,muito baixa,87.6,muito alta,0,0,110.0,68.6,20.0,0.0,100.0,20.0,100.0,0.0,1.96,97.0,90,90,False,stable,Sinal Poisson do ranking operacional,68.6,Tensão territorial,20.0,Atividade recente e vizinhança,0.0,Sinal Poisson do ranking operacional: 68.6% | Tensão territorial: 20.0% | Atividade recente e vizinhança: 0.0%,"GRANJA LISBOA aparece na posição 4 de 101, com risco 31.0 e nível moderado; é prioridade imediata de acompanhamento.","O peso principal vem de sinal poisson do ranking operacional, com suporte territorial de 20.0% e 0 registros recentes na janela de 30 dias.",Leitura sensível a ruído; requer conferência adicional antes de decisão forte.,O território está bem destacado no ranking frente aos pares.,"Verificar eventos recentes, pressão territorial e coerência com inteligência local antes da próxima atualização do ranking."
2026-06-13T08:42:46,2026-06-12,src/core/orchestrator.py:get_combined_risk,fortaleza_bairros_top30,5,CANINDEZINHO,CANINDEZINHO,fortaleza,bairro,29.7,baixo,74.1,moderada,86.5,muito alta,1,1,45.0,11.2,100.0,50.0,3.3,100.0,62.5,100.0,1.86,96.0,90,90,False,stable,Tensão territorial,100.0,Atividade recente e vizinhança,50.0,CVLI recente na janela de 30 dias,20.0,Tensão territorial: 100.0% | Atividade recente e vizinhança: 50.0% | CVLI recente na janela de 30 dias: 20.0%,"CANINDEZINHO aparece na posição 5 de 101, com risco 29.7 e nível baixo; é prioridade imediata de acompanhamento.","O peso principal vem de tensão territorial, com suporte territorial de 100.0% e 1 registros recentes na janela de 30 dias.","Leitura consistente, mas ainda pede validação operacional pontual.",O território está bem destacado no ranking frente aos pares.,"Verificar eventos recentes, pressão territorial e coerência com inteligência local antes da próxima atualização do ranking."
2026-06-13T08:42:46,2026-06-12,src/core/orchestrator.py:get_combined_risk,fortaleza_bairros_top30,6,JOSE WALTER,JOSE WALTER,fortaleza,bairro,25.87,baixo,42.1,muito baixa,84.5,alta,0,0,102.0,56.5,20.0,0.0,100.0,20.0,100.0,0.0,1.56,95.0,90,90,False,stable,Sinal Poisson do ranking operacional,56.5,Tensão territorial,20.0,Atividade recente e vizinhança,0.0,Sinal Poisson do ranking operacional: 56.5% | Tensão territorial: 20.0% | Atividade recente e vizinhança: 0.0%,"JOSE WALTER aparece na posição 6 de 101, com risco 25.9 e nível baixo; é prioridade alta de acompanhamento.","O peso principal vem de sinal poisson do ranking operacional, com suporte territorial de 20.0% e 0 registros recentes na janela de 30 dias.",Leitura sensível a ruído; requer conferência adicional antes de decisão forte.,"O território se diferencia do bloco intermediário, mas sem isolamento absoluto.","Verificar eventos recentes, pressão territorial e coerência com inteligência local antes da próxima atualização do ranking."
2026-06-13T08:42:46,2026-06-12,src/core/orchestrator.py:get_combined_risk,fortaleza_bairros_top30,7,JOSE DE ALENCAR,JOSE DE ALENCAR,fortaleza,bairro,19.33,baixo,77.0,moderada,81.4,alta,0,2,44.0,18.4,100.0,0.0,63.3,100.0,60.0,100.0,1.04,94.0,90,90,False,stable,Tensão territorial,100.0,CVLI recente na janela de 30 dias,40.0,Sinal Poisson do ranking operacional,18.4,Tensão territorial: 100.0% | CVLI recente na janela de 30 dias: 40.0% | Sinal Poisson do ranking operacional: 18.4%,"JOSE DE ALENCAR aparece na posição 7 de 101, com risco 19.3 e nível baixo; é prioridade alta de acompanhamento.","O peso principal vem de tensão territorial, com suporte territorial de 100.0% e 2 registros recentes na janela de 30 dias.","Leitura consistente, mas ainda pede validação operacional pontual.","O território se diferencia do bloco intermediário, mas sem isolamento absoluto.","Verificar eventos recentes, pressão territorial e coerência com inteligência local antes da próxima atualização do ranking."
2026-06-13T08:42:46,2026-06-12,src/core/orchestrator.py:get_combined_risk,fortaleza_bairros_top30,8,SIQUEIRA,SIQUEIRA,fortaleza,bairro,15.32,baixo,39.0,muito baixa,79.3,alta,0,0,78.0,31.5,20.0,0.0,100.0,20.0,100.0,0.0,0.73,93.0,90,90,False,stable,Sinal Poisson do ranking operacional,31.5,Tensão territorial,20.0,Atividade recente e vizinhança,0.0,Sinal Poisson do ranking operacional: 31.5% | Tensão territorial: 20.0% | Atividade recente e vizinhança: 0.0%,"SIQUEIRA aparece na posição 8 de 101, com risco 15.3 e nível baixo; é prioridade alta de acompanhamento.","O peso principal vem de sinal poisson do ranking operacional, com suporte territorial de 20.0% e 0 registros recentes na janela de 30 dias.",Leitura sensível a ruído; requer conferência adicional antes de decisão forte.,"O território se diferencia do bloco intermediário, mas sem isolamento absoluto.","Verificar eventos recentes, pressão territorial e coerência com inteligência local antes da próxima atualização do ranking."
2026-06-13T08:42:46,2026-06-12,src/core/orchestrator.py:get_combined_risk,fortaleza_bairros_top30,9,BARROSO,BARROSO,fortaleza,bairro,14.21,baixo,38.6,muito baixa,78.3,alta,0,0,72.0,28.9,20.0,0.0,100.0,20.0,100.0,0.0,0.64,92.0,90,90,False,stable,Sinal Poisson do ranking operacional,28.9,Tensão territorial,20.0,Atividade recente e vizinhança,0.0,Sinal Poisson do ranking operacional: 28.9% | Tensão territorial: 20.0% | Atividade recente e vizinhança: 0.0%,"BARROSO aparece na posição 9 de 101, com risco 14.2 e nível baixo; é prioridade alta de acompanhamento.","O peso principal vem de sinal poisson do ranking operacional, com suporte territorial de 20.0% e 0 registros recentes na janela de 30 dias.",Leitura sensível a ruído; requer conferência adicional antes de decisão forte.,"O território se diferencia do bloco intermediário, mas sem isolamento absoluto.","Verificar eventos recentes, pressão territorial e coerência com inteligência local antes da próxima atualização do ranking."
2026-06-13T08:42:46,2026-06-12,src/core/orchestrator.py:get_combined_risk,fortaleza_bairros_top30,10,PLANALTO AYRTON SENNA,PLANALTO AYRTON SENNA,fortaleza,bairro,14.14,baixo,38.6,muito baixa,77.7,alta,0,0,93.0,28.7,20.0,0.0,100.0,20.0,100.0,0.0,0.64,91.0,90,90,False,stable,Sinal Poisson do ranking operacional,28.7,Tensão territorial,20.0,Atividade recente e vizinhança,0.0,Sinal Poisson do ranking operacional: 28.7% | Tensão territorial: 20.0% | Atividade recente e vizinhança: 0.0%,"PLANALTO AYRTON SENNA aparece na posição 10 de 101, com risco 14.1 e nível baixo; é prioridade alta de acompanhamento.","O peso principal vem de sinal poisson do ranking operacional, com suporte territorial de 20.0% e 0 registros recentes na janela de 30 dias.",Leitura sensível a ruído; requer conferência adicional antes de decisão forte.,"O território se diferencia do bloco intermediário, mas sem isolamento absoluto.","Verificar eventos recentes, pressão territorial e coerência com inteligência local antes da próxima atualização do ranking."
2026-06-13T08:42:46,2026-06-12,src/core/orchestrator.py:get_combined_risk,fortaleza_bairros_top30,11,BONSUCESSO,BONSUCESSO,fortaleza,bairro,13.74,baixo,53.8,muito baixa,76.9,alta,0,1,48.0,18.4,50.0,0.0,76.7,50.0,70.0,50.0,0.61,90.0,90,90,False,stable,Tensão territorial,50.0,CVLI recente na janela de 30 dias,20.0,Sinal Poisson do ranking operacional,18.4,Tensão territorial: 50.0% | CVLI recente na janela de 30 dias: 20.0% | Sinal Poisson do ranking operacional: 18.4%,"BONSUCESSO aparece na posição 11 de 101, com risco 13.7 e nível baixo; é território de atenção tática.","O peso principal vem de tensão territorial, com suporte territorial de 50.0% e 1 registros recentes na janela de 30 dias.",Leitura sensível a ruído; requer conferência adicional antes de decisão forte.,"O território se diferencia do bloco intermediário, mas sem isolamento absoluto.","Verificar eventos recentes, pressão territorial e coerência com inteligência local antes da próxima atualização do ranking."
2026-06-13T08:42:46,2026-06-12,src/core/orchestrator.py:get_combined_risk,fortaleza_bairros_top30,12,MONDUBIM,MONDUBIM,fortaleza,bairro,12.97,baixo,38.2,muito baixa,76.0,alta,0,0,92.0,26.0,20.0,0.0,100.0,20.0,100.0,0.0,0.55,89.0,90,90,False,stable,Sinal Poisson do ranking operacional,26.0,Tensão territorial,20.0,Atividade recente e vizinhança,0.0,Sinal Poisson do ranking operacional: 26.0% | Tensão territorial: 20.0% | Atividade recente e vizinhança: 0.0%,"MONDUBIM aparece na posição 12 de 101, com risco 13.0 e nível baixo; é território de atenção tática.","O peso principal vem de sinal poisson do ranking operacional, com suporte territorial de 20.0% e 0 registros recentes na janela de 30 dias.",Leitura sensível a ruído; requer conferência adicional antes de decisão forte.,"O território se diferencia do bloco intermediário, mas sem isolamento absoluto.","Verificar eventos recentes, pressão territorial e coerência com inteligência local antes da próxima atualização do ranking."
2026-06-13T08:42:46,2026-06-12,src/core/orchestrator.py:get_combined_risk,fortaleza_bairros_top30,13,GRANJA PORTUGAL,GRANJA PORTUGAL,fortaleza,bairro,12.25,baixo,37.6,muito baixa,75.1,alta,0,0,57.0,24.6,18.5,0.0,100.0,18.5,92.5,0.0,0.49,88.0,90,90,False,stable,Sinal Poisson do ranking operacional,24.6,Tensão territorial,18.5,Atividade recente e vizinhança,0.0,Sinal Poisson do ranking operacional: 24.6% | Tensão territorial: 18.5% | Atividade recente e vizinhança: 0.0%,"GRANJA PORTUGAL aparece na posição 13 de 101, com risco 12.2 e nível baixo; é território de atenção tática.","O peso principal vem de sinal poisson do ranking operacional, com suporte territorial de 18.5% e 0 registros recentes na janela de 30 dias.",Leitura sensível a ruído; requer conferência adicional antes de decisão forte.,"O território se diferencia do bloco intermediário, mas sem isolamento absoluto.","Verificar eventos recentes, pressão territorial e coerência com inteligência local antes da próxima atualização do ranking."
2026-06-13T08:42:46,2026-06-12,src/core/orchestrator.py:get_combined_risk,fortaleza_bairros_top30,14,PASSARE,PASSARE,fortaleza,bairro,11.82,baixo,37.7,muito baixa,74.4,alta,0,0,65.0,23.2,20.0,0.0,100.0,20.0,100.0,0.0,0.45,87.0,90,90,False,stable,Sinal Poisson do ranking operacional,23.2,Tensão territorial,20.0,Atividade recente e vizinhança,0.0,Sinal Poisson do ranking operacional: 23.2% | Tensão territorial: 20.0% | Atividade recente e vizinhança: 0.0%,"PASSARE aparece na posição 14 de 101, com risco 11.8 e nível baixo; é território de atenção tática.","O peso principal vem de sinal poisson do ranking operacional, com suporte territorial de 20.0% e 0 registros recentes na janela de 30 dias.",Leitura sensível a ruído; requer conferência adicional antes de decisão forte.,"O território se diferencia do bloco intermediário, mas sem isolamento absoluto.","Verificar eventos recentes, pressão territorial e coerência com inteligência local antes da próxima atualização do ranking."
2026-06-13T08:42:46,2026-06-12,src/core/orchestrator.py:get_combined_risk,fortaleza_bairros_top30,15,PARQUE DOIS IRMAOS,PARQUE DOIS IRMAOS,fortaleza,bairro,10.34,baixo,53.5,muito baixa,73.2,alta,0,1,33.0,10.0,50.0,0.0,50.0,50.0,32.5,50.0,0.34,86.0,90,90,False,stable,Tensão territorial,50.0,CVLI recente na janela de 30 dias,20.0,Sinal Poisson do ranking operacional,10.0,Tensão territorial: 50.0% | CVLI recente na janela de 30 dias: 20.0% | Sinal Poisson do ranking operacional: 10.0%,"PARQUE DOIS IRMAOS aparece na posição 15 de 101, com risco 10.3 e nível baixo; é território de atenção tática.","O peso principal vem de tensão territorial, com suporte territorial de 50.0% e 1 registros recentes na janela de 30 dias.",Leitura sensível a ruído; requer conferência adicional antes de decisão forte.,"O território se diferencia do bloco intermediário, mas sem isolamento absoluto.","Verificar eventos recentes, pressão territorial e coerência com inteligência local antes da próxima atualização do ranking."
2026-06-13T08:42:46,2026-06-12,src/core/orchestrator.py:get_combined_risk,fortaleza_bairros_top30,16,PICI,PICI,fortaleza,bairro,9.46,baixo,36.3,muito baixa,72.3,alta,0,0,54.0,18.4,17.0,0.0,100.0,17.0,85.0,0.0,0.27,85.0,90,90,False,stable,Sinal Poisson do ranking operacional,18.4,Tensão territorial,17.0,Atividade recente e vizinhança,0.0,Sinal Poisson do ranking operacional: 18.4% | Tensão territorial: 17.0% | Atividade recente e vizinhança: 0.0%,"PICI aparece na posição 16 de 101, com risco 9.5 e nível baixo; é território de atenção tática.","O peso principal vem de sinal poisson do ranking operacional, com suporte territorial de 17.0% e 0 registros recentes na janela de 30 dias.",Leitura sensível a ruído; requer conferência adicional antes de decisão forte.,"O território se diferencia do bloco intermediário, mas sem isolamento absoluto.","Verificar eventos recentes, pressão territorial e coerência com inteligência local antes da próxima atualização do ranking."
2026-06-13T08:42:46,2026-06-12,src/core/orchestrator.py:get_combined_risk,fortaleza_bairros_top30,17,LAGOA REDONDA,LAGOA REDONDA,fortaleza,bairro,9.06,baixo,36.3,muito baixa,71.5,alta,0,0,55.0,17.3,17.5,0.0,100.0,17.5,87.5,0.0,0.24,84.0,90,90,False,stable,Tensão territorial,17.5,Sinal Poisson do ranking operacional,17.3,Atividade recente e vizinhança,0.0,Tensão territorial: 17.5% | Sinal Poisson do ranking operacional: 17.3% | Atividade recente e vizinhança: 0.0%,"LAGOA REDONDA aparece na posição 17 de 101, com risco 9.1 e nível baixo; é território de atenção tática.","O peso principal vem de tensão territorial, com suporte territorial de 17.5% e 0 registros recentes na janela de 30 dias.",Leitura sensível a ruído; requer conferência adicional antes de decisão forte.,"O território se diferencia do bloco intermediário, mas sem isolamento absoluto.","Verificar eventos recentes, pressão territorial e coerência com inteligência local antes da próxima atualização do ranking."
2026-06-13T08:42:46,2026-06-12,src/core/orchestrator.py:get_combined_risk,fortaleza_bairros_top30,18,CAJAZEIRAS,CAJAZEIRAS,fortaleza,bairro,8.91,baixo,53.5,muito baixa,70.9,alta,0,1,35.0,8.9,50.0,0.0,93.3,50.0,37.5,50.0,0.23,83.0,90,90,False,stable,Tensão territorial,50.0,CVLI recente na janela de 30 dias,20.0,Sinal Poisson do ranking operacional,8.9,Tensão territorial: 50.0% | CVLI recente na janela de 30 dias: 20.0% | Sinal Poisson do ranking operacional: 8.9%,"CAJAZEIRAS aparece na posição 18 de 101, com risco 8.9 e nível baixo; é território de atenção tática.","O peso principal vem de tensão territorial, com suporte territorial de 50.0% e 1 registros recentes na janela de 30 dias.",Leitura sensível a ruído; requer conferência adicional antes de decisão forte.,"O território se diferencia do bloco intermediário, mas sem isolamento absoluto.","Verificar eventos recentes, pressão territorial e coerência com inteligência local antes da próxima atualização do ranking."
2026-06-13T08:42:46,2026-06-12,src/core/orchestrator.py:get_combined_risk,fortaleza_bairros_top30,19,FARIAS BRITO,FARIAS BRITO,fortaleza,bairro,8.87,baixo,53.4,muito baixa,70.3,alta,0,1,25.0,8.1,50.0,0.0,76.7,50.0,12.5,50.0,0.22,82.0,90,90,False,stable,Tensão territorial,50.0,CVLI recente na janela de 30 dias,20.0,Sinal Poisson do ranking operacional,8.1,Tensão territorial: 50.0% | CVLI recente na janela de 30 dias: 20.0% | Sinal Poisson do ranking operacional: 8.1%,"FARIAS BRITO aparece na posição 19 de 101, com risco 8.9 e nível baixo; é território de atenção tática.","O peso principal vem de tensão territorial, com suporte territorial de 50.0% e 1 registros recentes na janela de 30 dias.",Leitura sensível a ruído; requer conferência adicional antes de decisão forte.,"O território se diferencia do bloco intermediário, mas sem isolamento absoluto.","Verificar eventos recentes, pressão territorial e coerência com inteligência local antes da próxima atualização do ranking."
2026-06-13T08:42:46,2026-06-12,src/core/orchestrator.py:get_combined_risk,fortaleza_bairros_top30,20,VARJOTA,VARJOTA,fortaleza,bairro,8.41,baixo,37.4,muito baixa,69.5,moderada,0,0,62.0,15.2,20.0,0.0,100.0,20.0,100.0,0.0,0.19,81.0,90,90,False,stable,Tensão territorial,20.0,Sinal Poisson do ranking operacional,15.2,Atividade recente e vizinhança,0.0,Tensão territorial: 20.0% | Sinal Poisson do ranking operacional: 15.2% | Atividade recente e vizinhança: 0.0%,"VARJOTA aparece na posição 20 de 101, com risco 8.4 e nível baixo; é território de atenção tática.","O peso principal vem de tensão territorial, com suporte territorial de 20.0% e 0 registros recentes na janela de 30 dias.",Leitura sensível a ruído; requer conferência adicional antes de decisão forte.,O território está próximo de pares vizinhos e pode oscilar no próximo ciclo.,"Verificar eventos recentes, pressão territorial e coerência com inteligência local antes da próxima atualização do ranking."
2026-06-13T08:42:46,2026-06-12,src/core/orchestrator.py:get_combined_risk,fortaleza_bairros_top30,21,QUINTINO CUNHA,QUINTINO CUNHA,fortaleza,bairro,8.4,baixo,37.4,muito baixa,68.9,moderada,0,0,67.0,15.2,20.0,0.0,100.0,20.0,100.0,0.0,0.19,80.0,90,90,False,stable,Tensão territorial,20.0,Sinal Poisson do ranking operacional,15.2,Atividade recente e vizinhança,0.0,Tensão territorial: 20.0% | Sinal Poisson do ranking operacional: 15.2% | Atividade recente e vizinhança: 0.0%,"QUINTINO CUNHA aparece na posição 21 de 101, com risco 8.4 e nível baixo; é território de atenção tática.","O peso principal vem de tensão territorial, com suporte territorial de 20.0% e 0 registros recentes na janela de 30 dias.",Leitura sensível a ruído; requer conferência adicional antes de decisão forte.,O território está próximo de pares vizinhos e pode oscilar no próximo ciclo.,"Verificar eventos recentes, pressão territorial e coerência com inteligência local antes da próxima atualização do ranking."
2026-06-13T08:42:46,2026-06-12,src/core/orchestrator.py:get_combined_risk,fortaleza_bairros_top30,22,ANCURI,ANCURI,fortaleza,bairro,7.99,baixo,53.3,muito baixa,68.1,moderada,0,1,31.0,6.4,50.0,0.0,80.0,50.0,27.5,50.0,0.15,79.0,90,90,False,stable,Tensão territorial,50.0,CVLI recente na janela de 30 dias,20.0,Sinal Poisson do ranking operacional,6.4,Tensão territorial: 50.0% | CVLI recente na janela de 30 dias: 20.0% | Sinal Poisson do ranking operacional: 6.4%,"ANCURI aparece na posição 22 de 101, com risco 8.0 e nível baixo; é território de atenção tática.","O peso principal vem de tensão territorial, com suporte territorial de 50.0% e 1 registros recentes na janela de 30 dias.",Leitura sensível a ruído; requer conferência adicional antes de decisão forte.,O território está próximo de pares vizinhos e pode oscilar no próximo ciclo.,"Verificar eventos recentes, pressão territorial e coerência com inteligência local antes da próxima atualização do ranking."
2026-06-13T08:42:46,2026-06-12,src/core/orchestrator.py:get_combined_risk,fortaleza_bairros_top30,23,BOM JARDIM,BOM JARDIM,fortaleza,bairro,7.51,baixo,35.4,muito baixa,67.4,moderada,0,0,50.0,14.2,15.0,0.0,100.0,15.0,75.0,0.0,0.12,78.0,90,90,False,stable,Tensão territorial,15.0,Sinal Poisson do ranking operacional,14.2,Atividade recente e vizinhança,0.0,Tensão territorial: 15.0% | Sinal Poisson do ranking operacional: 14.2% | Atividade recente e vizinhança: 0.0%,"BOM JARDIM aparece na posição 23 de 101, com risco 7.5 e nível baixo; é território de atenção tática.","O peso principal vem de tensão territorial, com suporte territorial de 15.0% e 0 registros recentes na janela de 30 dias.",Leitura sensível a ruído; requer conferência adicional antes de decisão forte.,O território está próximo de pares vizinhos e pode oscilar no próximo ciclo.,"Verificar eventos recentes, pressão territorial e coerência com inteligência local antes da próxima atualização do ranking."
2026-06-13T08:42:46,2026-06-12,src/core/orchestrator.py:get_combined_risk,fortaleza_bairros_top30,24,JOAO,JOAO,fortaleza,bairro,6.28,baixo,53.1,muito baixa,66.3,moderada,0,1,10.0,2.5,50.0,0.0,63.3,50.0,0.0,50.0,0.02,77.0,90,90,False,stable,Tensão territorial,50.0,CVLI recente na janela de 30 dias,20.0,Sinal Poisson do ranking operacional,2.5,Tensão territorial: 50.0% | CVLI recente na janela de 30 dias: 20.0% | Sinal Poisson do ranking operacional: 2.5%,"JOAO aparece na posição 24 de 101, com risco 6.3 e nível baixo; é território de atenção tática.","O peso principal vem de tensão territorial, com suporte territorial de 50.0% e 1 registros recentes na janela de 30 dias.",Leitura sensível a ruído; requer conferência adicional antes de decisão forte.,O território está próximo de pares vizinhos e pode oscilar no próximo ciclo.,"Verificar eventos recentes, pressão territorial e coerência com inteligência local antes da próxima atualização do ranking."
2026-06-13T08:42:46,2026-06-12,src/core/orchestrator.py:get_combined_risk,fortaleza_bairros_top30,25,JARDIM DAS OLIVEIRAS,JARDIM DAS OLIVEIRAS,fortaleza,bairro,5.68,baixo,35.6,muito baixa,65.5,moderada,0,0,50.0,9.9,15.0,0.0,100.0,15.0,75.0,0.0,-0.03,76.0,90,90,False,stable,Tensão territorial,15.0,Sinal Poisson do ranking operacional,9.9,Atividade recente e vizinhança,0.0,Tensão territorial: 15.0% | Sinal Poisson do ranking operacional: 9.9% | Atividade recente e vizinhança: 0.0%,"JARDIM DAS OLIVEIRAS aparece na posição 25 de 101, com risco 5.7 e nível baixo; é território de atenção tática.","O peso principal vem de tensão territorial, com suporte territorial de 15.0% e 0 registros recentes na janela de 30 dias.",Leitura sensível a ruído; requer conferência adicional antes de decisão forte.,O território está próximo de pares vizinhos e pode oscilar no próximo ciclo.,"Verificar eventos recentes, pressão territorial e coerência com inteligência local antes da próxima atualização do ranking."
2026-06-13T08:42:46,2026-06-12,src/core/orchestrator.py:get_combined_risk,fortaleza_bairros_top30,26,CARLITO PAMPLONA,CARLITO PAMPLONA,fortaleza,bairro,5.66,baixo,35.2,muito baixa,64.9,moderada,0,0,48.0,10.1,14.0,0.0,100.0,14.0,70.0,0.0,-0.03,75.0,90,90,False,stable,Tensão territorial,14.0,Sinal Poisson do ranking operacional,10.1,Atividade recente e vizinhança,0.0,Tensão territorial: 14.0% | Sinal Poisson do ranking operacional: 10.1% | Atividade recente e vizinhança: 0.0%,"CARLITO PAMPLONA aparece na posição 26 de 101, com risco 5.7 e nível baixo; é território de atenção tática.","O peso principal vem de tensão territorial, com suporte territorial de 14.0% e 0 registros recentes na janela de 30 dias.",Leitura sensível a ruído; requer conferência adicional antes de decisão forte.,O território está próximo de pares vizinhos e pode oscilar no próximo ciclo.,"Verificar eventos recentes, pressão territorial e coerência com inteligência local antes da próxima atualização do ranking."
2026-06-13T08:42:46,2026-06-12,src/core/orchestrator.py:get_combined_risk,fortaleza_bairros_top30,27,VICENTE PINZON,VICENTE PINZON,fortaleza,bairro,5.49,baixo,37.0,muito baixa,64.2,moderada,0,0,57.0,8.6,18.5,0.0,100.0,18.5,92.5,0.0,-0.04,74.0,90,90,False,stable,Tensão territorial,18.5,Sinal Poisson do ranking operacional,8.6,Atividade recente e vizinhança,0.0,Tensão territorial: 18.5% | Sinal Poisson do ranking operacional: 8.6% | Atividade recente e vizinhança: 0.0%,"VICENTE PINZON aparece na posição 27 de 101, com risco 5.5 e nível baixo; é território de atenção tática.","O peso principal vem de tensão territorial, com suporte territorial de 18.5% e 0 registros recentes na janela de 30 dias.",Leitura sensível a ruído; requer conferência adicional antes de decisão forte.,O território está próximo de pares vizinhos e pode oscilar no próximo ciclo.,"Verificar eventos recentes, pressão territorial e coerência com inteligência local antes da próxima atualização do ranking."
2026-06-13T08:42:46,2026-06-12,src/core/orchestrator.py:get_combined_risk,fortaleza_bairros_top30,28,ANTONIO BEZERRA,ANTONIO BEZERRA,fortaleza,bairro,5.4,baixo,33.7,muito baixa,63.6,moderada,0,0,40.0,10.4,10.0,0.0,100.0,10.0,50.0,0.0,-0.05,73.0,90,90,False,stable,Sinal Poisson do ranking operacional,10.4,Tensão territorial,10.0,Atividade recente e vizinhança,0.0,Sinal Poisson do ranking operacional: 10.4% | Tensão territorial: 10.0% | Atividade recente e vizinhança: 0.0%,"ANTONIO BEZERRA aparece na posição 28 de 101, com risco 5.4 e nível baixo; é território de atenção tática.","O peso principal vem de sinal poisson do ranking operacional, com suporte territorial de 10.0% e 0 registros recentes na janela de 30 dias.",Leitura sensível a ruído; requer conferência adicional antes de decisão forte.,O território está próximo de pares vizinhos e pode oscilar no próximo ciclo.,"Verificar eventos recentes, pressão territorial e coerência com inteligência local antes da próxima atualização do ranking."
2026-06-13T08:42:46,2026-06-12,src/core/orchestrator.py:get_combined_risk,fortaleza_bairros_top30,29,PAUPINA,PAUPINA,fortaleza,bairro,5.22,baixo,33.6,muito baixa,62.9,moderada,0,0,40.0,10.0,10.0,0.0,100.0,10.0,50.0,0.0,-0.06,72.0,90,90,False,stable,Tensão territorial,10.0,Sinal Poisson do ranking operacional,10.0,Atividade recente e vizinhança,0.0,Tensão territorial: 10.0% | Sinal Poisson do ranking operacional: 10.0% | Atividade recente e vizinhança: 0.0%,"PAUPINA aparece na posição 29 de 101, com risco 5.2 e nível baixo; é território de atenção tática.","O peso principal vem de tensão territorial, com suporte territorial de 10.0% e 0 registros recentes na janela de 30 dias.",Leitura sensível a ruído; requer conferência adicional antes de decisão forte.,O território está próximo de pares vizinhos e pode oscilar no próximo ciclo.,"Verificar eventos recentes, pressão territorial e coerência com inteligência local antes da próxima atualização do ranking."
2026-06-13T08:42:46,2026-06-12,src/core/orchestrator.py:get_combined_risk,fortaleza_bairros_top30,30,CONJUNTO PALMEIRAS,CONJUNTO PALMEIRAS,fortaleza,bairro,4.86,baixo,35.1,muito baixa,62.2,moderada,0,0,47.0,8.3,13.5,0.0,100.0,13.5,67.5,0.0,-0.09,71.0,90,90,False,stable,Tensão territorial,13.5,Sinal Poisson do ranking operacional,8.3,Atividade recente e vizinhança,0.0,Tensão territorial: 13.5% | Sinal Poisson do ranking operacional: 8.3% | Atividade recente e vizinhança: 0.0%,"CONJUNTO PALMEIRAS aparece na posição 30 de 101, com risco 4.9 e nível baixo; é território de atenção tática.","O peso principal vem de tensão territorial, com suporte territorial de 13.5% e 0 registros recentes na janela de 30 dias.",Leitura sensível a ruído; requer conferência adicional antes de decisão forte.,O território está próximo de pares vizinhos e pode oscilar no próximo ciclo.,"Verificar eventos recentes, pressão territorial e coerência com inteligência local antes da próxima atualização do ranking."
