snapshot_generated_at,data_limit,source,scope,rank,name,name_normalized,region,territorial_level,risk_score,risk_level,confidence_pct,confidence_label,expressiveness_pct,expressiveness_label,recent_cvli_14d,recent_cvli_30d,historical_cvli,neural_score,tension_score,inclusion_score,calm_penalty,territorial_support_pct,historical_support_pct,live_support_pct,score_z,peer_percentile,dynamic_window_days,base_window_days,historical_fallback,trend,top_driver_1,top_driver_1_strength_pct,top_driver_2,top_driver_2_strength_pct,top_driver_3,top_driver_3_strength_pct,explainability_summary,leitura_rapida_gestor,por_que_importa_gestor,confianca_limites_gestor,expressividade_previsao_gestor,proxima_acao_gestor
2026-06-02T08:40:53,2026-05-31,src/core/orchestrator.py:get_combined_risk,cities_general_top30,1,MARACANAU,MARACANAU,rmf,cidade,85.33,crítico,53.9,muito baixa,99.7,muito alta,0,0,629.0,100.0,100.0,0.0,46.7,100.0,100.0,0.0,4.11,100.0,30,14,True,stable,Sinal neural do ST-GAT,100.0,Tensão territorial,100.0,Fallback histórico ativado,55.0,Sinal neural do ST-GAT: 100.0% | Tensão territorial: 100.0% | Fallback histórico ativado: 55.0%,"MARACANAU aparece na posição 1 de 69, com risco 85.3 e nível crítico; é prioridade imediata de acompanhamento.","O peso principal vem de sinal neural do st-gat, com suporte territorial de 100.0% e 0 registros recentes na janela de 30 dias.",Leitura mais fraca; parte do peso vem de fallback histórico e deve ser confirmada em campo.,O território está bem destacado no ranking frente aos pares.,"Verificar eventos recentes, pressão territorial e coerência com inteligência local antes da próxima atualização do ranking."
2026-06-02T08:40:53,2026-05-31,src/core/orchestrator.py:get_combined_risk,cities_general_top30,2,CAUCAIA,CAUCAIA,rmf,cidade,83.19,crítico,54.2,muito baixa,98.2,muito alta,0,0,611.0,95.7,100.0,0.0,46.7,100.0,100.0,0.0,3.98,98.5,30,14,True,stable,Tensão territorial,100.0,Sinal neural do ST-GAT,95.7,Fallback histórico ativado,55.0,Tensão territorial: 100.0% | Sinal neural do ST-GAT: 95.7% | Fallback histórico ativado: 55.0%,"CAUCAIA aparece na posição 2 de 69, com risco 83.2 e nível crítico; é prioridade imediata de acompanhamento.","O peso principal vem de tensão territorial, com suporte territorial de 100.0% e 0 registros recentes na janela de 30 dias.",Leitura mais fraca; parte do peso vem de fallback histórico e deve ser confirmada em campo.,O território está bem destacado no ranking frente aos pares.,"Verificar eventos recentes, pressão territorial e coerência com inteligência local antes da próxima atualização do ranking."
2026-06-02T08:40:53,2026-05-31,src/core/orchestrator.py:get_combined_risk,cities_general_top30,3,ITAPAJE,ITAPAJE,interior,cidade,61.79,alto,86.3,alta,90.9,muito alta,3,3,45.0,38.1,100.0,100.0,23.3,100.0,62.5,100.0,2.64,97.1,14,14,False,stable,Atividade recente e vizinhança,100.0,Tensão territorial,100.0,CVLI recente na janela de 30 dias,60.0,Atividade recente e vizinhança: 100.0% | Tensão territorial: 100.0% | CVLI recente na janela de 30 dias: 60.0%,"ITAPAJE aparece na posição 3 de 69, com risco 61.8 e nível alto; é prioridade imediata de acompanhamento.","O peso principal vem de atividade recente e vizinhança, com suporte territorial de 100.0% e 3 registros recentes na janela de 30 dias.",Leitura com boa sustentação dos sinais atuais.,O território está bem destacado no ranking frente aos pares.,"Verificar eventos recentes, pressão territorial e coerência com inteligência local antes da próxima atualização do ranking."
2026-06-02T08:40:53,2026-05-31,src/core/orchestrator.py:get_combined_risk,cities_general_top30,4,GROAIRAS,GROAIRAS,interior,cidade,57.52,alto,78.2,moderada,88.7,muito alta,1,1,48.0,96.3,100.0,50.0,36.7,100.0,70.0,100.0,2.37,95.6,14,14,False,stable,Tensão territorial,100.0,Sinal neural do ST-GAT,96.3,Atividade recente e vizinhança,50.0,Tensão territorial: 100.0% | Sinal neural do ST-GAT: 96.3% | Atividade recente e vizinhança: 50.0%,"GROAIRAS aparece na posição 4 de 69, com risco 57.5 e nível alto; é prioridade imediata de acompanhamento.","O peso principal vem de tensão territorial, com suporte territorial de 100.0% e 1 registros recentes na janela de 30 dias.","Leitura consistente, mas ainda pede validação operacional pontual.",O território está bem destacado no ranking frente aos pares.,"Verificar eventos recentes, pressão territorial e coerência com inteligência local antes da próxima atualização do ranking."
2026-06-02T08:40:53,2026-05-31,src/core/orchestrator.py:get_combined_risk,cities_general_top30,5,TIANGUA,TIANGUA,interior,cidade,41.68,moderado,77.4,moderada,83.1,alta,1,1,77.0,43.5,100.0,50.0,46.7,100.0,100.0,100.0,1.38,94.1,14,14,False,stable,Tensão territorial,100.0,Atividade recente e vizinhança,50.0,Sinal neural do ST-GAT,43.5,Tensão territorial: 100.0% | Atividade recente e vizinhança: 50.0% | Sinal neural do ST-GAT: 43.5%,"TIANGUA aparece na posição 5 de 69, com risco 41.7 e nível moderado; é prioridade imediata de acompanhamento.","O peso principal vem de tensão territorial, com suporte territorial de 100.0% e 1 registros recentes na janela de 30 dias.","Leitura consistente, mas ainda pede validação operacional pontual.","O território se diferencia do bloco intermediário, mas sem isolamento absoluto.","Verificar eventos recentes, pressão territorial e coerência com inteligência local antes da próxima atualização do ranking."
2026-06-02T08:40:53,2026-05-31,src/core/orchestrator.py:get_combined_risk,cities_general_top30,6,ALTO SANTO,ALTO SANTO,interior,cidade,40.42,moderado,77.0,moderada,81.8,alta,1,1,22.0,38.8,100.0,50.0,46.7,100.0,5.0,100.0,1.3,92.6,14,14,False,stable,Tensão territorial,100.0,Atividade recente e vizinhança,50.0,Sinal neural do ST-GAT,38.8,Tensão territorial: 100.0% | Atividade recente e vizinhança: 50.0% | Sinal neural do ST-GAT: 38.8%,"ALTO SANTO aparece na posição 6 de 69, com risco 40.4 e nível moderado; é prioridade alta de acompanhamento.","O peso principal vem de tensão territorial, com suporte territorial de 100.0% e 1 registros recentes na janela de 30 dias.","Leitura consistente, mas ainda pede validação operacional pontual.","O território se diferencia do bloco intermediário, mas sem isolamento absoluto.","Verificar eventos recentes, pressão territorial e coerência com inteligência local antes da próxima atualização do ranking."
2026-06-02T08:40:53,2026-05-31,src/core/orchestrator.py:get_combined_risk,cities_general_top30,7,VARZEA ALEGRE,VARZEA ALEGRE,interior,cidade,37.34,moderado,75.9,moderada,80.0,alta,1,1,16.0,27.3,100.0,50.0,46.7,100.0,0.0,100.0,1.1,91.2,14,14,False,stable,Tensão territorial,100.0,Atividade recente e vizinhança,50.0,Sinal neural do ST-GAT,27.3,Tensão territorial: 100.0% | Atividade recente e vizinhança: 50.0% | Sinal neural do ST-GAT: 27.3%,"VARZEA ALEGRE aparece na posição 7 de 69, com risco 37.3 e nível moderado; é prioridade alta de acompanhamento.","O peso principal vem de tensão territorial, com suporte territorial de 100.0% e 1 registros recentes na janela de 30 dias.","Leitura consistente, mas ainda pede validação operacional pontual.","O território se diferencia do bloco intermediário, mas sem isolamento absoluto.","Verificar eventos recentes, pressão territorial e coerência com inteligência local antes da próxima atualização do ranking."
2026-06-02T08:40:53,2026-05-31,src/core/orchestrator.py:get_combined_risk,cities_general_top30,8,SOBRAL,SOBRAL,interior,cidade,28.92,baixo,67.4,baixa,76.6,alta,0,0,64.0,70.5,100.0,0.0,46.7,100.0,100.0,0.0,0.58,89.7,14,14,False,stable,Tensão territorial,100.0,Sinal neural do ST-GAT,70.5,Atividade recente e vizinhança,0.0,Tensão territorial: 100.0% | Sinal neural do ST-GAT: 70.5% | Atividade recente e vizinhança: 0.0%,"SOBRAL aparece na posição 8 de 69, com risco 28.9 e nível baixo; é prioridade alta de acompanhamento.","O peso principal vem de tensão territorial, com suporte territorial de 100.0% e 0 registros recentes na janela de 30 dias.",Leitura sensível a ruído; requer conferência adicional antes de decisão forte.,"O território se diferencia do bloco intermediário, mas sem isolamento absoluto.","Verificar eventos recentes, pressão territorial e coerência com inteligência local antes da próxima atualização do ranking."
2026-06-02T08:40:53,2026-05-31,src/core/orchestrator.py:get_combined_risk,cities_general_top30,9,URUBURETAMA,URUBURETAMA,interior,cidade,27.58,baixo,43.2,muito baixa,75.3,alta,0,0,23.0,100.0,7.5,0.0,46.7,7.5,7.5,0.0,0.49,88.2,14,14,False,stable,Sinal neural do ST-GAT,100.0,Tensão territorial,7.5,Atividade recente e vizinhança,0.0,Sinal neural do ST-GAT: 100.0% | Tensão territorial: 7.5% | Atividade recente e vizinhança: 0.0%,"URUBURETAMA aparece na posição 9 de 69, com risco 27.6 e nível baixo; é prioridade alta de acompanhamento.","O peso principal vem de sinal neural do st-gat, com suporte territorial de 7.5% e 0 registros recentes na janela de 30 dias.",Leitura sensível a ruído; requer conferência adicional antes de decisão forte.,"O território se diferencia do bloco intermediário, mas sem isolamento absoluto.","Verificar eventos recentes, pressão territorial e coerência com inteligência local antes da próxima atualização do ranking."
2026-06-02T08:40:53,2026-05-31,src/core/orchestrator.py:get_combined_risk,cities_general_top30,10,LIMOEIRO DO NORTE,LIMOEIRO DO NORTE,interior,cidade,27.23,baixo,53.0,muito baixa,74.3,alta,0,0,40.0,82.8,50.0,0.0,46.7,50.0,50.0,0.0,0.47,86.8,14,14,False,stable,Sinal neural do ST-GAT,82.8,Tensão territorial,50.0,Atividade recente e vizinhança,0.0,Sinal neural do ST-GAT: 82.8% | Tensão territorial: 50.0% | Atividade recente e vizinhança: 0.0%,"LIMOEIRO DO NORTE aparece na posição 10 de 69, com risco 27.2 e nível baixo; é prioridade alta de acompanhamento.","O peso principal vem de sinal neural do st-gat, com suporte territorial de 50.0% e 0 registros recentes na janela de 30 dias.",Leitura sensível a ruído; requer conferência adicional antes de decisão forte.,"O território se diferencia do bloco intermediário, mas sem isolamento absoluto.","Verificar eventos recentes, pressão territorial e coerência com inteligência local antes da próxima atualização do ranking."
2026-06-02T08:40:53,2026-05-31,src/core/orchestrator.py:get_combined_risk,cities_general_top30,11,ACOPIARA,ACOPIARA,interior,cidade,26.83,baixo,40.9,muito baixa,73.3,alta,0,0,14.0,100.0,0.0,0.0,46.7,0.0,0.0,0.0,0.44,85.3,14,14,False,stable,Sinal neural do ST-GAT,100.0,Tensão territorial,0.0,Atividade recente e vizinhança,0.0,Sinal neural do ST-GAT: 100.0% | Tensão territorial: 0.0% | Atividade recente e vizinhança: 0.0%,"ACOPIARA aparece na posição 11 de 69, com risco 26.8 e nível baixo; é território de atenção tática.","O peso principal vem de sinal neural do st-gat, com suporte territorial de 0.0% e 0 registros recentes na janela de 30 dias.",Leitura sensível a ruído; requer conferência adicional antes de decisão forte.,"O território se diferencia do bloco intermediário, mas sem isolamento absoluto.","Verificar eventos recentes, pressão territorial e coerência com inteligência local antes da próxima atualização do ranking."
2026-06-02T08:40:53,2026-05-31,src/core/orchestrator.py:get_combined_risk,cities_general_top30,12,MIRAIMA,MIRAIMA,interior,cidade,26.83,baixo,40.9,muito baixa,72.4,alta,0,0,15.0,100.0,0.0,0.0,46.7,0.0,0.0,0.0,0.44,83.8,14,14,False,stable,Sinal neural do ST-GAT,100.0,Tensão territorial,0.0,Atividade recente e vizinhança,0.0,Sinal neural do ST-GAT: 100.0% | Tensão territorial: 0.0% | Atividade recente e vizinhança: 0.0%,"MIRAIMA aparece na posição 12 de 69, com risco 26.8 e nível baixo; é território de atenção tática.","O peso principal vem de sinal neural do st-gat, com suporte territorial de 0.0% e 0 registros recentes na janela de 30 dias.",Leitura sensível a ruído; requer conferência adicional antes de decisão forte.,"O território se diferencia do bloco intermediário, mas sem isolamento absoluto.","Verificar eventos recentes, pressão territorial e coerência com inteligência local antes da próxima atualização do ranking."
2026-06-02T08:40:53,2026-05-31,src/core/orchestrator.py:get_combined_risk,cities_general_top30,13,SANTANA DO ACARAU,SANTANA DO ACARAU,interior,cidade,26.83,baixo,40.9,muito baixa,71.6,alta,0,0,9.0,100.0,0.0,0.0,46.7,0.0,0.0,0.0,0.44,82.4,14,14,False,stable,Sinal neural do ST-GAT,100.0,Tensão territorial,0.0,Atividade recente e vizinhança,0.0,Sinal neural do ST-GAT: 100.0% | Tensão territorial: 0.0% | Atividade recente e vizinhança: 0.0%,"SANTANA DO ACARAU aparece na posição 13 de 69, com risco 26.8 e nível baixo; é território de atenção tática.","O peso principal vem de sinal neural do st-gat, com suporte territorial de 0.0% e 0 registros recentes na janela de 30 dias.",Leitura sensível a ruído; requer conferência adicional antes de decisão forte.,"O território se diferencia do bloco intermediário, mas sem isolamento absoluto.","Verificar eventos recentes, pressão territorial e coerência com inteligência local antes da próxima atualização do ranking."
2026-06-02T08:40:53,2026-05-31,src/core/orchestrator.py:get_combined_risk,cities_general_top30,14,CEDRO,CEDRO,interior,cidade,26.83,baixo,40.9,muito baixa,70.7,alta,0,0,10.0,100.0,0.0,0.0,46.7,0.0,0.0,0.0,0.44,80.9,14,14,False,stable,Sinal neural do ST-GAT,100.0,Tensão territorial,0.0,Atividade recente e vizinhança,0.0,Sinal neural do ST-GAT: 100.0% | Tensão territorial: 0.0% | Atividade recente e vizinhança: 0.0%,"CEDRO aparece na posição 14 de 69, com risco 26.8 e nível baixo; é território de atenção tática.","O peso principal vem de sinal neural do st-gat, com suporte territorial de 0.0% e 0 registros recentes na janela de 30 dias.",Leitura sensível a ruído; requer conferência adicional antes de decisão forte.,"O território se diferencia do bloco intermediário, mas sem isolamento absoluto.","Verificar eventos recentes, pressão territorial e coerência com inteligência local antes da próxima atualização do ranking."
2026-06-02T08:40:53,2026-05-31,src/core/orchestrator.py:get_combined_risk,cities_general_top30,15,JUAZEIRO DO NORTE,JUAZEIRO DO NORTE,interior,cidade,26.43,baixo,67.7,baixa,69.7,moderada,0,0,135.0,61.2,100.0,0.0,46.7,100.0,100.0,0.0,0.42,79.4,14,14,False,stable,Tensão territorial,100.0,Sinal neural do ST-GAT,61.2,Atividade recente e vizinhança,0.0,Tensão territorial: 100.0% | Sinal neural do ST-GAT: 61.2% | Atividade recente e vizinhança: 0.0%,"JUAZEIRO DO NORTE aparece na posição 15 de 69, com risco 26.4 e nível baixo; é território de atenção tática.","O peso principal vem de tensão territorial, com suporte territorial de 100.0% e 0 registros recentes na janela de 30 dias.",Leitura sensível a ruído; requer conferência adicional antes de decisão forte.,O território está próximo de pares vizinhos e pode oscilar no próximo ciclo.,"Verificar eventos recentes, pressão territorial e coerência com inteligência local antes da próxima atualização do ranking."
2026-06-02T08:40:53,2026-05-31,src/core/orchestrator.py:get_combined_risk,cities_general_top30,16,JIJOCA DE JERICOACOARA,JIJOCA DE JERICOACOARA,interior,cidade,25.76,baixo,40.4,muito baixa,68.6,moderada,0,0,18.0,96.0,0.0,0.0,46.7,0.0,0.0,0.0,0.38,77.9,14,14,False,stable,Sinal neural do ST-GAT,96.0,Tensão territorial,0.0,Atividade recente e vizinhança,0.0,Sinal neural do ST-GAT: 96.0% | Tensão territorial: 0.0% | Atividade recente e vizinhança: 0.0%,"JIJOCA DE JERICOACOARA aparece na posição 16 de 69, com risco 25.8 e nível baixo; é território de atenção tática.","O peso principal vem de sinal neural do st-gat, com suporte territorial de 0.0% e 0 registros recentes na janela de 30 dias.",Leitura sensível a ruído; requer conferência adicional antes de decisão forte.,O território está próximo de pares vizinhos e pode oscilar no próximo ciclo.,"Verificar eventos recentes, pressão territorial e coerência com inteligência local antes da próxima atualização do ranking."
2026-06-02T08:40:53,2026-05-31,src/core/orchestrator.py:get_combined_risk,cities_general_top30,17,IGUATU,IGUATU,interior,cidade,25.26,baixo,67.7,baixa,67.6,moderada,0,0,81.0,56.9,100.0,0.0,46.7,100.0,100.0,0.0,0.35,76.5,14,14,False,stable,Tensão territorial,100.0,Sinal neural do ST-GAT,56.9,Atividade recente e vizinhança,0.0,Tensão territorial: 100.0% | Sinal neural do ST-GAT: 56.9% | Atividade recente e vizinhança: 0.0%,"IGUATU aparece na posição 17 de 69, com risco 25.3 e nível baixo; é território de atenção tática.","O peso principal vem de tensão territorial, com suporte territorial de 100.0% e 0 registros recentes na janela de 30 dias.",Leitura sensível a ruído; requer conferência adicional antes de decisão forte.,O território está próximo de pares vizinhos e pode oscilar no próximo ciclo.,"Verificar eventos recentes, pressão territorial e coerência com inteligência local antes da próxima atualização do ranking."
2026-06-02T08:40:53,2026-05-31,src/core/orchestrator.py:get_combined_risk,cities_general_top30,18,BATURITE,BATURITE,interior,cidade,25.26,baixo,67.7,baixa,66.7,moderada,0,0,62.0,56.9,100.0,0.0,46.7,100.0,100.0,0.0,0.35,75.0,14,14,False,stable,Tensão territorial,100.0,Sinal neural do ST-GAT,56.9,Atividade recente e vizinhança,0.0,Tensão territorial: 100.0% | Sinal neural do ST-GAT: 56.9% | Atividade recente e vizinhança: 0.0%,"BATURITE aparece na posição 18 de 69, com risco 25.3 e nível baixo; é território de atenção tática.","O peso principal vem de tensão territorial, com suporte territorial de 100.0% e 0 registros recentes na janela de 30 dias.",Leitura sensível a ruído; requer conferência adicional antes de decisão forte.,O território está próximo de pares vizinhos e pode oscilar no próximo ciclo.,"Verificar eventos recentes, pressão territorial e coerência com inteligência local antes da próxima atualização do ranking."
2026-06-02T08:40:53,2026-05-31,src/core/orchestrator.py:get_combined_risk,cities_general_top30,19,PACATUBA,PACATUBA,rmf,cidade,23.5,baixo,53.8,muito baixa,65.2,moderada,1,1,58.0,5.0,0.0,50.0,40.0,100.0,95.0,100.0,0.24,73.5,30,14,True,stable,Fallback histórico ativado,55.0,Atividade recente e vizinhança,50.0,CVLI recente na janela de 30 dias,20.0,Fallback histórico ativado: 55.0% | Atividade recente e vizinhança: 50.0% | CVLI recente na janela de 30 dias: 20.0%,"PACATUBA aparece na posição 19 de 69, com risco 23.5 e nível baixo; é território de atenção tática.","O peso principal vem de fallback histórico ativado, com suporte territorial de 100.0% e 1 registros recentes na janela de 30 dias.",Leitura mais fraca; parte do peso vem de fallback histórico e deve ser confirmada em campo.,O território está próximo de pares vizinhos e pode oscilar no próximo ciclo.,"Verificar eventos recentes, pressão territorial e coerência com inteligência local antes da próxima atualização do ranking."
2026-06-02T08:40:53,2026-05-31,src/core/orchestrator.py:get_combined_risk,cities_general_top30,20,CRATO,CRATO,interior,cidade,20.23,baixo,38.2,muito baixa,63.4,moderada,0,0,6.0,75.4,0.0,0.0,46.7,0.0,0.0,0.0,0.03,72.1,14,14,False,stable,Sinal neural do ST-GAT,75.4,Tensão territorial,0.0,Atividade recente e vizinhança,0.0,Sinal neural do ST-GAT: 75.4% | Tensão territorial: 0.0% | Atividade recente e vizinhança: 0.0%,"CRATO aparece na posição 20 de 69, com risco 20.2 e nível baixo; é território de atenção tática.","O peso principal vem de sinal neural do st-gat, com suporte territorial de 0.0% e 0 registros recentes na janela de 30 dias.",Leitura sensível a ruído; requer conferência adicional antes de decisão forte.,O território está próximo de pares vizinhos e pode oscilar no próximo ciclo.,"Verificar eventos recentes, pressão territorial e coerência com inteligência local antes da próxima atualização do ranking."
2026-06-02T08:40:53,2026-05-31,src/core/orchestrator.py:get_combined_risk,cities_general_top30,21,POTENGI,POTENGI,interior,cidade,20.0,baixo,65.4,baixa,62.4,moderada,1,1,6.0,0.0,0.0,50.0,46.7,100.0,0.0,100.0,0.02,70.6,14,14,False,stable,Atividade recente e vizinhança,50.0,CVLI recente na janela de 30 dias,20.0,Sinal neural do ST-GAT,0.0,Atividade recente e vizinhança: 50.0% | CVLI recente na janela de 30 dias: 20.0% | Sinal neural do ST-GAT: 0.0%,"POTENGI aparece na posição 21 de 69, com risco 20.0 e nível baixo; é território de atenção tática.","O peso principal vem de atividade recente e vizinhança, com suporte territorial de 100.0% e 1 registros recentes na janela de 30 dias.",Leitura sensível a ruído; requer conferência adicional antes de decisão forte.,O território está próximo de pares vizinhos e pode oscilar no próximo ciclo.,"Verificar eventos recentes, pressão territorial e coerência com inteligência local antes da próxima atualização do ranking."
2026-06-02T08:40:53,2026-05-31,src/core/orchestrator.py:get_combined_risk,cities_general_top30,22,FORQUILHA,FORQUILHA,interior,cidade,18.92,baixo,37.7,muito baixa,61.2,moderada,0,0,12.0,70.5,0.0,0.0,46.7,0.0,0.0,0.0,-0.05,69.1,14,14,False,stable,Sinal neural do ST-GAT,70.5,Tensão territorial,0.0,Atividade recente e vizinhança,0.0,Sinal neural do ST-GAT: 70.5% | Tensão territorial: 0.0% | Atividade recente e vizinhança: 0.0%,"FORQUILHA aparece na posição 22 de 69, com risco 18.9 e nível baixo; é território de atenção tática.","O peso principal vem de sinal neural do st-gat, com suporte territorial de 0.0% e 0 registros recentes na janela de 30 dias.",Leitura sensível a ruído; requer conferência adicional antes de decisão forte.,O território está próximo de pares vizinhos e pode oscilar no próximo ciclo.,"Verificar eventos recentes, pressão territorial e coerência com inteligência local antes da próxima atualização do ranking."
2026-06-02T08:40:53,2026-05-31,src/core/orchestrator.py:get_combined_risk,cities_general_top30,23,ARATUBA,ARATUBA,interior,cidade,18.26,baixo,44.7,muito baixa,60.1,moderada,0,0,32.0,56.9,30.0,0.0,46.7,30.0,30.0,0.0,-0.09,67.6,14,14,False,stable,Sinal neural do ST-GAT,56.9,Tensão territorial,30.0,Atividade recente e vizinhança,0.0,Sinal neural do ST-GAT: 56.9% | Tensão territorial: 30.0% | Atividade recente e vizinhança: 0.0%,"ARATUBA aparece na posição 23 de 69, com risco 18.3 e nível baixo; é território de atenção tática.","O peso principal vem de sinal neural do st-gat, com suporte territorial de 30.0% e 0 registros recentes na janela de 30 dias.",Leitura sensível a ruído; requer conferência adicional antes de decisão forte.,O território está próximo de pares vizinhos e pode oscilar no próximo ciclo.,"Verificar eventos recentes, pressão territorial e coerência com inteligência local antes da próxima atualização do ranking."
2026-06-02T08:40:53,2026-05-31,src/core/orchestrator.py:get_combined_risk,cities_general_top30,24,ITAITINGA,ITAITINGA,rmf,cidade,17.44,baixo,36.0,muito baixa,59.0,moderada,0,1,26.0,4.2,0.0,0.0,46.7,50.0,15.0,50.0,-0.14,66.2,30,14,True,stable,Fallback histórico ativado,55.0,CVLI recente na janela de 30 dias,20.0,Sinal neural do ST-GAT,4.2,Fallback histórico ativado: 55.0% | CVLI recente na janela de 30 dias: 20.0% | Sinal neural do ST-GAT: 4.2%,"ITAITINGA aparece na posição 24 de 69, com risco 17.4 e nível baixo; é território de atenção tática.","O peso principal vem de fallback histórico ativado, com suporte territorial de 50.0% e 1 registros recentes na janela de 30 dias.",Leitura mais fraca; parte do peso vem de fallback histórico e deve ser confirmada em campo.,O território está próximo de pares vizinhos e pode oscilar no próximo ciclo.,"Verificar eventos recentes, pressão territorial e coerência com inteligência local antes da próxima atualização do ranking."
2026-06-02T08:40:53,2026-05-31,src/core/orchestrator.py:get_combined_risk,cities_general_top30,25,NOVA OLINDA,NOVA OLINDA,interior,cidade,16.01,baixo,38.5,muito baixa,57.7,moderada,0,0,23.0,56.9,7.5,0.0,46.7,7.5,7.5,0.0,-0.23,64.7,14,14,False,stable,Sinal neural do ST-GAT,56.9,Tensão territorial,7.5,Atividade recente e vizinhança,0.0,Sinal neural do ST-GAT: 56.9% | Tensão territorial: 7.5% | Atividade recente e vizinhança: 0.0%,"NOVA OLINDA aparece na posição 25 de 69, com risco 16.0 e nível baixo; é território de atenção tática.","O peso principal vem de sinal neural do st-gat, com suporte territorial de 7.5% e 0 registros recentes na janela de 30 dias.",Leitura sensível a ruído; requer conferência adicional antes de decisão forte.,O território está próximo de pares vizinhos e pode oscilar no próximo ciclo.,"Verificar eventos recentes, pressão territorial e coerência com inteligência local antes da próxima atualização do ranking."
2026-06-02T08:40:53,2026-05-31,src/core/orchestrator.py:get_combined_risk,cities_general_top30,26,PARAIPABA,PARAIPABA,rmf,cidade,15.81,baixo,25.0,muito baixa,56.7,moderada,0,0,31.0,1.0,0.0,0.0,46.7,27.5,27.5,0.0,-0.25,63.2,30,14,True,stable,Fallback histórico ativado,55.0,Sinal neural do ST-GAT,1.0,Tensão territorial,0.0,Fallback histórico ativado: 55.0% | Sinal neural do ST-GAT: 1.0% | Tensão territorial: 0.0%,"PARAIPABA aparece na posição 26 de 69, com risco 15.8 e nível baixo; é território de atenção tática.","O peso principal vem de fallback histórico ativado, com suporte territorial de 27.5% e 0 registros recentes na janela de 30 dias.",Leitura mais fraca; parte do peso vem de fallback histórico e deve ser confirmada em campo.,O território está próximo de pares vizinhos e pode oscilar no próximo ciclo.,"Verificar eventos recentes, pressão territorial e coerência com inteligência local antes da próxima atualização do ranking."
2026-06-02T08:40:53,2026-05-31,src/core/orchestrator.py:get_combined_risk,cities_general_top30,27,VICOSA DO CEARA,VICOSA DO CEARA,interior,cidade,15.76,baixo,37.8,muito baixa,55.9,moderada,0,0,22.0,56.9,5.0,0.0,46.7,5.0,5.0,0.0,-0.25,61.8,14,14,False,stable,Sinal neural do ST-GAT,56.9,Tensão territorial,5.0,Atividade recente e vizinhança,0.0,Sinal neural do ST-GAT: 56.9% | Tensão territorial: 5.0% | Atividade recente e vizinhança: 0.0%,"VICOSA DO CEARA aparece na posição 27 de 69, com risco 15.8 e nível baixo; é território de atenção tática.","O peso principal vem de sinal neural do st-gat, com suporte territorial de 5.0% e 0 registros recentes na janela de 30 dias.",Leitura sensível a ruído; requer conferência adicional antes de decisão forte.,O território está próximo de pares vizinhos e pode oscilar no próximo ciclo.,"Verificar eventos recentes, pressão territorial e coerência com inteligência local antes da próxima atualização do ranking."
2026-06-02T08:40:53,2026-05-31,src/core/orchestrator.py:get_combined_risk,cities_general_top30,28,HORIZONTE,HORIZONTE,rmf,cidade,15.58,baixo,43.1,muito baixa,54.9,moderada,0,0,128.0,0.5,0.0,0.0,46.7,100.0,100.0,0.0,-0.26,60.3,30,14,True,stable,Fallback histórico ativado,55.0,Sinal neural do ST-GAT,0.5,Tensão territorial,0.0,Fallback histórico ativado: 55.0% | Sinal neural do ST-GAT: 0.5% | Tensão territorial: 0.0%,"HORIZONTE aparece na posição 28 de 69, com risco 15.6 e nível baixo; é território de atenção tática.","O peso principal vem de fallback histórico ativado, com suporte territorial de 100.0% e 0 registros recentes na janela de 30 dias.",Leitura mais fraca; parte do peso vem de fallback histórico e deve ser confirmada em campo.,O território está próximo de pares vizinhos e pode oscilar no próximo ciclo.,"Verificar eventos recentes, pressão territorial e coerência com inteligência local antes da próxima atualização do ranking."
2026-06-02T08:40:53,2026-05-31,src/core/orchestrator.py:get_combined_risk,cities_general_top30,29,CAPISTRANO,CAPISTRANO,interior,cidade,15.51,baixo,37.0,muito baixa,54.0,moderada,0,0,21.0,56.9,2.5,0.0,46.7,2.5,2.5,0.0,-0.27,58.8,14,14,False,stable,Sinal neural do ST-GAT,56.9,Tensão territorial,2.5,Atividade recente e vizinhança,0.0,Sinal neural do ST-GAT: 56.9% | Tensão territorial: 2.5% | Atividade recente e vizinhança: 0.0%,"CAPISTRANO aparece na posição 29 de 69, com risco 15.5 e nível baixo; é território de atenção tática.","O peso principal vem de sinal neural do st-gat, com suporte territorial de 2.5% e 0 registros recentes na janela de 30 dias.",Leitura sensível a ruído; requer conferência adicional antes de decisão forte.,O território está próximo de pares vizinhos e pode oscilar no próximo ciclo.,"Verificar eventos recentes, pressão territorial e coerência com inteligência local antes da próxima atualização do ranking."
2026-06-02T08:40:53,2026-05-31,src/core/orchestrator.py:get_combined_risk,cities_general_top30,30,PACAJUS,PACAJUS,rmf,cidade,15.33,baixo,43.0,muito baixa,53.1,moderada,0,0,104.0,0.0,0.0,0.0,46.7,100.0,100.0,0.0,-0.28,57.4,30,14,True,stable,Fallback histórico ativado,55.0,Sinal neural do ST-GAT,0.0,Tensão territorial,0.0,Fallback histórico ativado: 55.0% | Sinal neural do ST-GAT: 0.0% | Tensão territorial: 0.0%,"PACAJUS aparece na posição 30 de 69, com risco 15.3 e nível baixo; é território de atenção tática.","O peso principal vem de fallback histórico ativado, com suporte territorial de 100.0% e 0 registros recentes na janela de 30 dias.",Leitura mais fraca; parte do peso vem de fallback histórico e deve ser confirmada em campo.,O território está próximo de pares vizinhos e pode oscilar no próximo ciclo.,"Verificar eventos recentes, pressão territorial e coerência com inteligência local antes da próxima atualização do ranking."
2026-06-02T08:40:53,2026-05-31,src/core/orchestrator.py:get_combined_risk,cities_rmf_top20,1,MARACANAU,MARACANAU,rmf,cidade,85.33,crítico,53.9,muito baixa,93.5,muito alta,0,0,629.0,100.0,100.0,0.0,46.7,100.0,100.0,0.0,2.8,100.0,30,14,True,stable,Sinal neural do ST-GAT,100.0,Tensão territorial,100.0,Fallback histórico ativado,55.0,Sinal neural do ST-GAT: 100.0% | Tensão territorial: 100.0% | Fallback histórico ativado: 55.0%,"MARACANAU aparece na posição 1 de 19, com risco 85.3 e nível crítico; é prioridade imediata de acompanhamento.","O peso principal vem de sinal neural do st-gat, com suporte territorial de 100.0% e 0 registros recentes na janela de 30 dias.",Leitura mais fraca; parte do peso vem de fallback histórico e deve ser confirmada em campo.,O território está bem destacado no ranking frente aos pares.,"Verificar eventos recentes, pressão territorial e coerência com inteligência local antes da próxima atualização do ranking."
2026-06-02T08:40:53,2026-05-31,src/core/orchestrator.py:get_combined_risk,cities_rmf_top20,2,CAUCAIA,CAUCAIA,rmf,cidade,83.19,crítico,54.2,muito baixa,89.7,muito alta,0,0,611.0,95.7,100.0,0.0,46.7,100.0,100.0,0.0,2.72,94.4,30,14,True,stable,Tensão territorial,100.0,Sinal neural do ST-GAT,95.7,Fallback histórico ativado,55.0,Tensão territorial: 100.0% | Sinal neural do ST-GAT: 95.7% | Fallback histórico ativado: 55.0%,"CAUCAIA aparece na posição 2 de 19, com risco 83.2 e nível crítico; é prioridade imediata de acompanhamento.","O peso principal vem de tensão territorial, com suporte territorial de 100.0% e 0 registros recentes na janela de 30 dias.",Leitura mais fraca; parte do peso vem de fallback histórico e deve ser confirmada em campo.,O território está bem destacado no ranking frente aos pares.,"Verificar eventos recentes, pressão territorial e coerência com inteligência local antes da próxima atualização do ranking."
2026-06-02T08:40:53,2026-05-31,src/core/orchestrator.py:get_combined_risk,cities_rmf_top20,3,PACATUBA,PACATUBA,rmf,cidade,23.5,baixo,53.8,muito baixa,74.7,alta,1,1,58.0,5.0,0.0,50.0,40.0,100.0,95.0,100.0,0.29,88.9,30,14,True,stable,Fallback histórico ativado,55.0,Atividade recente e vizinhança,50.0,CVLI recente na janela de 30 dias,20.0,Fallback histórico ativado: 55.0% | Atividade recente e vizinhança: 50.0% | CVLI recente na janela de 30 dias: 20.0%,"PACATUBA aparece na posição 3 de 19, com risco 23.5 e nível baixo; é prioridade imediata de acompanhamento.","O peso principal vem de fallback histórico ativado, com suporte territorial de 100.0% e 1 registros recentes na janela de 30 dias.",Leitura mais fraca; parte do peso vem de fallback histórico e deve ser confirmada em campo.,"O território se diferencia do bloco intermediário, mas sem isolamento absoluto.","Verificar eventos recentes, pressão territorial e coerência com inteligência local antes da próxima atualização do ranking."
2026-06-02T08:40:53,2026-05-31,src/core/orchestrator.py:get_combined_risk,cities_rmf_top20,4,ITAITINGA,ITAITINGA,rmf,cidade,17.44,baixo,36.0,muito baixa,70.2,alta,0,1,26.0,4.2,0.0,0.0,46.7,50.0,15.0,50.0,0.04,83.3,30,14,True,stable,Fallback histórico ativado,55.0,CVLI recente na janela de 30 dias,20.0,Sinal neural do ST-GAT,4.2,Fallback histórico ativado: 55.0% | CVLI recente na janela de 30 dias: 20.0% | Sinal neural do ST-GAT: 4.2%,"ITAITINGA aparece na posição 4 de 19, com risco 17.4 e nível baixo; é prioridade imediata de acompanhamento.","O peso principal vem de fallback histórico ativado, com suporte territorial de 50.0% e 1 registros recentes na janela de 30 dias.",Leitura mais fraca; parte do peso vem de fallback histórico e deve ser confirmada em campo.,"O território se diferencia do bloco intermediário, mas sem isolamento absoluto.","Verificar eventos recentes, pressão territorial e coerência com inteligência local antes da próxima atualização do ranking."
2026-06-02T08:40:53,2026-05-31,src/core/orchestrator.py:get_combined_risk,cities_rmf_top20,5,PARAIPABA,PARAIPABA,rmf,cidade,15.81,baixo,25.0,muito baixa,66.5,moderada,0,0,31.0,1.0,0.0,0.0,46.7,27.5,27.5,0.0,-0.03,77.8,30,14,True,stable,Fallback histórico ativado,55.0,Sinal neural do ST-GAT,1.0,Tensão territorial,0.0,Fallback histórico ativado: 55.0% | Sinal neural do ST-GAT: 1.0% | Tensão territorial: 0.0%,"PARAIPABA aparece na posição 5 de 19, com risco 15.8 e nível baixo; é prioridade imediata de acompanhamento.","O peso principal vem de fallback histórico ativado, com suporte territorial de 27.5% e 0 registros recentes na janela de 30 dias.",Leitura mais fraca; parte do peso vem de fallback histórico e deve ser confirmada em campo.,O território está próximo de pares vizinhos e pode oscilar no próximo ciclo.,"Verificar eventos recentes, pressão territorial e coerência com inteligência local antes da próxima atualização do ranking."
2026-06-02T08:40:53,2026-05-31,src/core/orchestrator.py:get_combined_risk,cities_rmf_top20,6,HORIZONTE,HORIZONTE,rmf,cidade,15.58,baixo,43.1,muito baixa,63.1,moderada,0,0,128.0,0.5,0.0,0.0,46.7,100.0,100.0,0.0,-0.04,72.2,30,14,True,stable,Fallback histórico ativado,55.0,Sinal neural do ST-GAT,0.5,Tensão territorial,0.0,Fallback histórico ativado: 55.0% | Sinal neural do ST-GAT: 0.5% | Tensão territorial: 0.0%,"HORIZONTE aparece na posição 6 de 19, com risco 15.6 e nível baixo; é prioridade alta de acompanhamento.","O peso principal vem de fallback histórico ativado, com suporte territorial de 100.0% e 0 registros recentes na janela de 30 dias.",Leitura mais fraca; parte do peso vem de fallback histórico e deve ser confirmada em campo.,O território está próximo de pares vizinhos e pode oscilar no próximo ciclo.,"Verificar eventos recentes, pressão territorial e coerência com inteligência local antes da próxima atualização do ranking."
2026-06-02T08:40:53,2026-05-31,src/core/orchestrator.py:get_combined_risk,cities_rmf_top20,7,PACAJUS,PACAJUS,rmf,cidade,15.33,baixo,43.0,muito baixa,59.8,moderada,0,0,104.0,0.0,0.0,0.0,46.7,100.0,100.0,0.0,-0.05,66.7,30,14,True,stable,Fallback histórico ativado,55.0,Sinal neural do ST-GAT,0.0,Tensão territorial,0.0,Fallback histórico ativado: 55.0% | Sinal neural do ST-GAT: 0.0% | Tensão territorial: 0.0%,"PACAJUS aparece na posição 7 de 19, com risco 15.3 e nível baixo; é prioridade alta de acompanhamento.","O peso principal vem de fallback histórico ativado, com suporte territorial de 100.0% e 0 registros recentes na janela de 30 dias.",Leitura mais fraca; parte do peso vem de fallback histórico e deve ser confirmada em campo.,O território está próximo de pares vizinhos e pode oscilar no próximo ciclo.,"Verificar eventos recentes, pressão territorial e coerência com inteligência local antes da próxima atualização do ranking."
2026-06-02T08:40:53,2026-05-31,src/core/orchestrator.py:get_combined_risk,cities_rmf_top20,8,PINDORETAMA,PINDORETAMA,rmf,cidade,15.33,baixo,31.8,muito baixa,56.4,moderada,0,0,42.0,0.0,0.0,0.0,46.7,55.0,55.0,0.0,-0.05,61.1,30,14,True,stable,Fallback histórico ativado,55.0,Sinal neural do ST-GAT,0.0,Tensão territorial,0.0,Fallback histórico ativado: 55.0% | Sinal neural do ST-GAT: 0.0% | Tensão territorial: 0.0%,"PINDORETAMA aparece na posição 8 de 19, com risco 15.3 e nível baixo; é prioridade alta de acompanhamento.","O peso principal vem de fallback histórico ativado, com suporte territorial de 55.0% e 0 registros recentes na janela de 30 dias.",Leitura mais fraca; parte do peso vem de fallback histórico e deve ser confirmada em campo.,O território está próximo de pares vizinhos e pode oscilar no próximo ciclo.,"Verificar eventos recentes, pressão territorial e coerência com inteligência local antes da próxima atualização do ranking."
2026-06-02T08:40:53,2026-05-31,src/core/orchestrator.py:get_combined_risk,cities_rmf_top20,9,EUSEBIO,EUSEBIO,rmf,cidade,15.33,baixo,27.4,muito baixa,53.1,moderada,0,0,35.0,0.0,0.0,0.0,46.7,37.5,37.5,0.0,-0.05,55.6,30,14,True,stable,Fallback histórico ativado,55.0,Sinal neural do ST-GAT,0.0,Tensão territorial,0.0,Fallback histórico ativado: 55.0% | Sinal neural do ST-GAT: 0.0% | Tensão territorial: 0.0%,"EUSEBIO aparece na posição 9 de 19, com risco 15.3 e nível baixo; é prioridade alta de acompanhamento.","O peso principal vem de fallback histórico ativado, com suporte territorial de 37.5% e 0 registros recentes na janela de 30 dias.",Leitura mais fraca; parte do peso vem de fallback histórico e deve ser confirmada em campo.,O território está próximo de pares vizinhos e pode oscilar no próximo ciclo.,"Verificar eventos recentes, pressão territorial e coerência com inteligência local antes da próxima atualização do ranking."
2026-06-02T08:40:53,2026-05-31,src/core/orchestrator.py:get_combined_risk,cities_rmf_top20,10,SAO LUIS DO CURU,SAO LUIS DO CURU,rmf,cidade,15.33,baixo,19.9,muito baixa,49.8,baixa,0,0,23.0,0.0,0.0,0.0,46.7,7.5,7.5,0.0,-0.05,50.0,30,14,True,stable,Fallback histórico ativado,55.0,Sinal neural do ST-GAT,0.0,Tensão territorial,0.0,Fallback histórico ativado: 55.0% | Sinal neural do ST-GAT: 0.0% | Tensão territorial: 0.0%,"SAO LUIS DO CURU aparece na posição 10 de 19, com risco 15.3 e nível baixo; é prioridade alta de acompanhamento.","O peso principal vem de fallback histórico ativado, com suporte territorial de 7.5% e 0 registros recentes na janela de 30 dias.",Leitura mais fraca; parte do peso vem de fallback histórico e deve ser confirmada em campo.,O território está próximo de pares vizinhos e pode oscilar no próximo ciclo.,"Verificar eventos recentes, pressão territorial e coerência com inteligência local antes da próxima atualização do ranking."
2026-06-02T08:40:53,2026-05-31,src/core/orchestrator.py:get_combined_risk,cities_rmf_top20,11,TRAIRI,TRAIRI,rmf,cidade,11.38,baixo,74.6,moderada,45.6,baixa,2,5,17.0,10.8,0.0,100.0,40.0,100.0,0.0,100.0,-0.21,44.4,30,14,True,stable,Atividade recente e vizinhança,100.0,CVLI recente na janela de 30 dias,100.0,Fallback histórico ativado,55.0,Atividade recente e vizinhança: 100.0% | CVLI recente na janela de 30 dias: 100.0% | Fallback histórico ativado: 55.0%,"TRAIRI aparece na posição 11 de 19, com risco 11.4 e nível baixo; é território de atenção tática.","O peso principal vem de atividade recente e vizinhança, com suporte territorial de 100.0% e 5 registros recentes na janela de 30 dias.","Leitura consistente, mas ainda pede validação operacional pontual.",O território está próximo de pares vizinhos e pode oscilar no próximo ciclo.,"Verificar eventos recentes, pressão territorial e coerência com inteligência local antes da próxima atualização do ranking."
2026-06-02T08:40:53,2026-05-31,src/core/orchestrator.py:get_combined_risk,cities_rmf_top20,12,AQUIRAZ,AQUIRAZ,rmf,cidade,0.0,baixo,18.0,muito baixa,40.1,baixa,0,0,20.0,0.0,0.0,0.0,46.7,0.0,0.0,0.0,-0.67,38.9,30,14,True,stable,Fallback histórico ativado,55.0,Sinal neural do ST-GAT,0.0,Tensão territorial,0.0,Fallback histórico ativado: 55.0% | Sinal neural do ST-GAT: 0.0% | Tensão territorial: 0.0%,"AQUIRAZ aparece na posição 12 de 19, com risco 0.0 e nível baixo; é território de atenção tática.","O peso principal vem de fallback histórico ativado, com suporte territorial de 0.0% e 0 registros recentes na janela de 30 dias.",Leitura mais fraca; parte do peso vem de fallback histórico e deve ser confirmada em campo.,O território está próximo de pares vizinhos e pode oscilar no próximo ciclo.,"Verificar eventos recentes, pressão territorial e coerência com inteligência local antes da próxima atualização do ranking."
2026-06-02T08:40:53,2026-05-31,src/core/orchestrator.py:get_combined_risk,cities_rmf_top20,13,PARACURU,PARACURU,rmf,cidade,0.0,baixo,18.0,muito baixa,36.8,baixa,0,0,19.0,0.0,0.0,0.0,46.7,0.0,0.0,0.0,-0.67,33.3,30,14,True,stable,Fallback histórico ativado,55.0,Sinal neural do ST-GAT,0.0,Tensão territorial,0.0,Fallback histórico ativado: 55.0% | Sinal neural do ST-GAT: 0.0% | Tensão territorial: 0.0%,"PARACURU aparece na posição 13 de 19, com risco 0.0 e nível baixo; é território de atenção tática.","O peso principal vem de fallback histórico ativado, com suporte territorial de 0.0% e 0 registros recentes na janela de 30 dias.",Leitura mais fraca; parte do peso vem de fallback histórico e deve ser confirmada em campo.,O território está próximo de pares vizinhos e pode oscilar no próximo ciclo.,"Verificar eventos recentes, pressão territorial e coerência com inteligência local antes da próxima atualização do ranking."
2026-06-02T08:40:53,2026-05-31,src/core/orchestrator.py:get_combined_risk,cities_rmf_top20,14,MARANGUAPE,MARANGUAPE,rmf,cidade,0.0,baixo,18.0,muito baixa,33.5,baixa,0,0,9.0,0.0,0.0,0.0,46.7,0.0,0.0,0.0,-0.67,27.8,30,14,True,stable,Fallback histórico ativado,55.0,Sinal neural do ST-GAT,0.0,Tensão territorial,0.0,Fallback histórico ativado: 55.0% | Sinal neural do ST-GAT: 0.0% | Tensão territorial: 0.0%,"MARANGUAPE aparece na posição 14 de 19, com risco 0.0 e nível baixo; é território de atenção tática.","O peso principal vem de fallback histórico ativado, com suporte territorial de 0.0% e 0 registros recentes na janela de 30 dias.",Leitura mais fraca; parte do peso vem de fallback histórico e deve ser confirmada em campo.,O território está próximo de pares vizinhos e pode oscilar no próximo ciclo.,"Verificar eventos recentes, pressão territorial e coerência com inteligência local antes da próxima atualização do ranking."
2026-06-02T08:40:53,2026-05-31,src/core/orchestrator.py:get_combined_risk,cities_rmf_top20,15,GUAIUBA,GUAIUBA,rmf,cidade,0.0,baixo,18.0,muito baixa,30.1,baixa,0,0,14.0,0.0,0.0,0.0,46.7,0.0,0.0,0.0,-0.67,22.2,30,14,True,stable,Fallback histórico ativado,55.0,Sinal neural do ST-GAT,0.0,Tensão territorial,0.0,Fallback histórico ativado: 55.0% | Sinal neural do ST-GAT: 0.0% | Tensão territorial: 0.0%,"GUAIUBA aparece na posição 15 de 19, com risco 0.0 e nível baixo; é território de atenção tática.","O peso principal vem de fallback histórico ativado, com suporte territorial de 0.0% e 0 registros recentes na janela de 30 dias.",Leitura mais fraca; parte do peso vem de fallback histórico e deve ser confirmada em campo.,O território está próximo de pares vizinhos e pode oscilar no próximo ciclo.,"Verificar eventos recentes, pressão territorial e coerência com inteligência local antes da próxima atualização do ranking."
2026-06-02T08:40:53,2026-05-31,src/core/orchestrator.py:get_combined_risk,cities_rmf_top20,16,CHOROZINHO,CHOROZINHO,rmf,cidade,0.0,baixo,18.0,muito baixa,26.8,baixa,0,0,15.0,0.0,0.0,0.0,46.7,0.0,0.0,0.0,-0.67,16.7,30,14,True,stable,Fallback histórico ativado,55.0,Sinal neural do ST-GAT,0.0,Tensão territorial,0.0,Fallback histórico ativado: 55.0% | Sinal neural do ST-GAT: 0.0% | Tensão territorial: 0.0%,"CHOROZINHO aparece na posição 16 de 19, com risco 0.0 e nível baixo; é território de atenção tática.","O peso principal vem de fallback histórico ativado, com suporte territorial de 0.0% e 0 registros recentes na janela de 30 dias.",Leitura mais fraca; parte do peso vem de fallback histórico e deve ser confirmada em campo.,O território está próximo de pares vizinhos e pode oscilar no próximo ciclo.,"Verificar eventos recentes, pressão territorial e coerência com inteligência local antes da próxima atualização do ranking."
2026-06-02T08:40:53,2026-05-31,src/core/orchestrator.py:get_combined_risk,cities_rmf_top20,17,CASCAVEL,CASCAVEL,rmf,cidade,0.0,baixo,18.0,muito baixa,23.4,baixa,0,0,2.0,0.1,0.0,0.0,46.7,0.0,0.0,0.0,-0.67,11.1,30,14,True,stable,Fallback histórico ativado,55.0,Sinal neural do ST-GAT,0.1,Tensão territorial,0.0,Fallback histórico ativado: 55.0% | Sinal neural do ST-GAT: 0.1% | Tensão territorial: 0.0%,"CASCAVEL aparece na posição 17 de 19, com risco 0.0 e nível baixo; é território de atenção tática.","O peso principal vem de fallback histórico ativado, com suporte territorial de 0.0% e 0 registros recentes na janela de 30 dias.",Leitura mais fraca; parte do peso vem de fallback histórico e deve ser confirmada em campo.,O território está próximo de pares vizinhos e pode oscilar no próximo ciclo.,"Verificar eventos recentes, pressão territorial e coerência com inteligência local antes da próxima atualização do ranking."
2026-06-02T08:40:53,2026-05-31,src/core/orchestrator.py:get_combined_risk,cities_rmf_top20,18,SAO GONCALO DO AMARANTE,SAO GONCALO DO AMARANTE,rmf,cidade,0.0,baixo,18.0,muito baixa,20.1,baixa,0,0,1.0,0.0,0.0,0.0,46.7,0.0,0.0,0.0,-0.67,5.6,30,14,True,stable,Fallback histórico ativado,55.0,Sinal neural do ST-GAT,0.0,Tensão territorial,0.0,Fallback histórico ativado: 55.0% | Sinal neural do ST-GAT: 0.0% | Tensão territorial: 0.0%,"SAO GONCALO DO AMARANTE aparece na posição 18 de 19, com risco 0.0 e nível baixo; é território de atenção tática.","O peso principal vem de fallback histórico ativado, com suporte territorial de 0.0% e 0 registros recentes na janela de 30 dias.",Leitura mais fraca; parte do peso vem de fallback histórico e deve ser confirmada em campo.,O território está próximo de pares vizinhos e pode oscilar no próximo ciclo.,"Verificar eventos recentes, pressão territorial e coerência com inteligência local antes da próxima atualização do ranking."
2026-06-02T08:40:53,2026-05-31,src/core/orchestrator.py:get_combined_risk,cities_rmf_top20,19,BEBERIBE,BEBERIBE,rmf,cidade,0.0,baixo,18.0,muito baixa,16.8,baixa,0,0,1.0,0.0,0.0,0.0,46.7,0.0,0.0,0.0,-0.67,0.0,30,14,True,stable,Fallback histórico ativado,55.0,Sinal neural do ST-GAT,0.0,Tensão territorial,0.0,Fallback histórico ativado: 55.0% | Sinal neural do ST-GAT: 0.0% | Tensão territorial: 0.0%,"BEBERIBE aparece na posição 19 de 19, com risco 0.0 e nível baixo; é território de atenção tática.","O peso principal vem de fallback histórico ativado, com suporte territorial de 0.0% e 0 registros recentes na janela de 30 dias.",Leitura mais fraca; parte do peso vem de fallback histórico e deve ser confirmada em campo.,O território está próximo de pares vizinhos e pode oscilar no próximo ciclo.,"Verificar eventos recentes, pressão territorial e coerência com inteligência local antes da próxima atualização do ranking."
2026-06-02T08:40:53,2026-05-31,src/core/orchestrator.py:get_combined_risk,cities_interior_top30,1,ITAPAJE,ITAPAJE,interior,cidade,61.79,alto,86.3,alta,98.2,muito alta,3,3,45.0,38.1,100.0,100.0,23.3,100.0,62.5,100.0,3.79,100.0,14,14,False,stable,Atividade recente e vizinhança,100.0,Tensão territorial,100.0,CVLI recente na janela de 30 dias,60.0,Atividade recente e vizinhança: 100.0% | Tensão territorial: 100.0% | CVLI recente na janela de 30 dias: 60.0%,"ITAPAJE aparece na posição 1 de 50, com risco 61.8 e nível alto; é prioridade imediata de acompanhamento.","O peso principal vem de atividade recente e vizinhança, com suporte territorial de 100.0% e 3 registros recentes na janela de 30 dias.",Leitura com boa sustentação dos sinais atuais.,O território está bem destacado no ranking frente aos pares.,"Verificar eventos recentes, pressão territorial e coerência com inteligência local antes da próxima atualização do ranking."
2026-06-02T08:40:53,2026-05-31,src/core/orchestrator.py:get_combined_risk,cities_interior_top30,2,GROAIRAS,GROAIRAS,interior,cidade,57.52,alto,78.2,moderada,95.1,muito alta,1,1,48.0,96.3,100.0,50.0,36.7,100.0,70.0,100.0,3.39,98.0,14,14,False,stable,Tensão territorial,100.0,Sinal neural do ST-GAT,96.3,Atividade recente e vizinhança,50.0,Tensão territorial: 100.0% | Sinal neural do ST-GAT: 96.3% | Atividade recente e vizinhança: 50.0%,"GROAIRAS aparece na posição 2 de 50, com risco 57.5 e nível alto; é prioridade imediata de acompanhamento.","O peso principal vem de tensão territorial, com suporte territorial de 100.0% e 1 registros recentes na janela de 30 dias.","Leitura consistente, mas ainda pede validação operacional pontual.",O território está bem destacado no ranking frente aos pares.,"Verificar eventos recentes, pressão territorial e coerência com inteligência local antes da próxima atualização do ranking."
2026-06-02T08:40:53,2026-05-31,src/core/orchestrator.py:get_combined_risk,cities_interior_top30,3,TIANGUA,TIANGUA,interior,cidade,41.68,moderado,77.4,moderada,86.8,muito alta,1,1,77.0,43.5,100.0,50.0,46.7,100.0,100.0,100.0,1.92,95.9,14,14,False,stable,Tensão territorial,100.0,Atividade recente e vizinhança,50.0,Sinal neural do ST-GAT,43.5,Tensão territorial: 100.0% | Atividade recente e vizinhança: 50.0% | Sinal neural do ST-GAT: 43.5%,"TIANGUA aparece na posição 3 de 50, com risco 41.7 e nível moderado; é prioridade imediata de acompanhamento.","O peso principal vem de tensão territorial, com suporte territorial de 100.0% e 1 registros recentes na janela de 30 dias.","Leitura consistente, mas ainda pede validação operacional pontual.",O território está bem destacado no ranking frente aos pares.,"Verificar eventos recentes, pressão territorial e coerência com inteligência local antes da próxima atualização do ranking."
2026-06-02T08:40:53,2026-05-31,src/core/orchestrator.py:get_combined_risk,cities_interior_top30,4,ALTO SANTO,ALTO SANTO,interior,cidade,40.42,moderado,77.0,moderada,85.0,muito alta,1,1,22.0,38.8,100.0,50.0,46.7,100.0,5.0,100.0,1.8,93.9,14,14,False,stable,Tensão territorial,100.0,Atividade recente e vizinhança,50.0,Sinal neural do ST-GAT,38.8,Tensão territorial: 100.0% | Atividade recente e vizinhança: 50.0% | Sinal neural do ST-GAT: 38.8%,"ALTO SANTO aparece na posição 4 de 50, com risco 40.4 e nível moderado; é prioridade imediata de acompanhamento.","O peso principal vem de tensão territorial, com suporte territorial de 100.0% e 1 registros recentes na janela de 30 dias.","Leitura consistente, mas ainda pede validação operacional pontual.",O território está bem destacado no ranking frente aos pares.,"Verificar eventos recentes, pressão territorial e coerência com inteligência local antes da próxima atualização do ranking."
2026-06-02T08:40:53,2026-05-31,src/core/orchestrator.py:get_combined_risk,cities_interior_top30,5,VARZEA ALEGRE,VARZEA ALEGRE,interior,cidade,37.34,moderado,75.9,moderada,82.4,alta,1,1,16.0,27.3,100.0,50.0,46.7,100.0,0.0,100.0,1.52,91.8,14,14,False,stable,Tensão territorial,100.0,Atividade recente e vizinhança,50.0,Sinal neural do ST-GAT,27.3,Tensão territorial: 100.0% | Atividade recente e vizinhança: 50.0% | Sinal neural do ST-GAT: 27.3%,"VARZEA ALEGRE aparece na posição 5 de 50, com risco 37.3 e nível moderado; é prioridade imediata de acompanhamento.","O peso principal vem de tensão territorial, com suporte territorial de 100.0% e 1 registros recentes na janela de 30 dias.","Leitura consistente, mas ainda pede validação operacional pontual.","O território se diferencia do bloco intermediário, mas sem isolamento absoluto.","Verificar eventos recentes, pressão territorial e coerência com inteligência local antes da próxima atualização do ranking."
2026-06-02T08:40:53,2026-05-31,src/core/orchestrator.py:get_combined_risk,cities_interior_top30,6,SOBRAL,SOBRAL,interior,cidade,28.92,baixo,67.4,baixa,77.4,alta,0,0,64.0,70.5,100.0,0.0,46.7,100.0,100.0,0.0,0.74,89.8,14,14,False,stable,Tensão territorial,100.0,Sinal neural do ST-GAT,70.5,Atividade recente e vizinhança,0.0,Tensão territorial: 100.0% | Sinal neural do ST-GAT: 70.5% | Atividade recente e vizinhança: 0.0%,"SOBRAL aparece na posição 6 de 50, com risco 28.9 e nível baixo; é prioridade alta de acompanhamento.","O peso principal vem de tensão territorial, com suporte territorial de 100.0% e 0 registros recentes na janela de 30 dias.",Leitura sensível a ruído; requer conferência adicional antes de decisão forte.,"O território se diferencia do bloco intermediário, mas sem isolamento absoluto.","Verificar eventos recentes, pressão territorial e coerência com inteligência local antes da próxima atualização do ranking."
2026-06-02T08:40:53,2026-05-31,src/core/orchestrator.py:get_combined_risk,cities_interior_top30,7,URUBURETAMA,URUBURETAMA,interior,cidade,27.58,baixo,43.2,muito baixa,75.6,alta,0,0,23.0,100.0,7.5,0.0,46.7,7.5,7.5,0.0,0.61,87.8,14,14,False,stable,Sinal neural do ST-GAT,100.0,Tensão territorial,7.5,Atividade recente e vizinhança,0.0,Sinal neural do ST-GAT: 100.0% | Tensão territorial: 7.5% | Atividade recente e vizinhança: 0.0%,"URUBURETAMA aparece na posição 7 de 50, com risco 27.6 e nível baixo; é prioridade alta de acompanhamento.","O peso principal vem de sinal neural do st-gat, com suporte territorial de 7.5% e 0 registros recentes na janela de 30 dias.",Leitura sensível a ruído; requer conferência adicional antes de decisão forte.,"O território se diferencia do bloco intermediário, mas sem isolamento absoluto.","Verificar eventos recentes, pressão territorial e coerência com inteligência local antes da próxima atualização do ranking."
2026-06-02T08:40:53,2026-05-31,src/core/orchestrator.py:get_combined_risk,cities_interior_top30,8,LIMOEIRO DO NORTE,LIMOEIRO DO NORTE,interior,cidade,27.23,baixo,53.0,muito baixa,74.2,alta,0,0,40.0,82.8,50.0,0.0,46.7,50.0,50.0,0.0,0.58,85.7,14,14,False,stable,Sinal neural do ST-GAT,82.8,Tensão territorial,50.0,Atividade recente e vizinhança,0.0,Sinal neural do ST-GAT: 82.8% | Tensão territorial: 50.0% | Atividade recente e vizinhança: 0.0%,"LIMOEIRO DO NORTE aparece na posição 8 de 50, com risco 27.2 e nível baixo; é prioridade alta de acompanhamento.","O peso principal vem de sinal neural do st-gat, com suporte territorial de 50.0% e 0 registros recentes na janela de 30 dias.",Leitura sensível a ruído; requer conferência adicional antes de decisão forte.,"O território se diferencia do bloco intermediário, mas sem isolamento absoluto.","Verificar eventos recentes, pressão territorial e coerência com inteligência local antes da próxima atualização do ranking."
2026-06-02T08:40:53,2026-05-31,src/core/orchestrator.py:get_combined_risk,cities_interior_top30,9,ACOPIARA,ACOPIARA,interior,cidade,26.83,baixo,40.9,muito baixa,72.8,alta,0,0,14.0,100.0,0.0,0.0,46.7,0.0,0.0,0.0,0.54,83.7,14,14,False,stable,Sinal neural do ST-GAT,100.0,Tensão territorial,0.0,Atividade recente e vizinhança,0.0,Sinal neural do ST-GAT: 100.0% | Tensão territorial: 0.0% | Atividade recente e vizinhança: 0.0%,"ACOPIARA aparece na posição 9 de 50, com risco 26.8 e nível baixo; é prioridade alta de acompanhamento.","O peso principal vem de sinal neural do st-gat, com suporte territorial de 0.0% e 0 registros recentes na janela de 30 dias.",Leitura sensível a ruído; requer conferência adicional antes de decisão forte.,"O território se diferencia do bloco intermediário, mas sem isolamento absoluto.","Verificar eventos recentes, pressão territorial e coerência com inteligência local antes da próxima atualização do ranking."
2026-06-02T08:40:53,2026-05-31,src/core/orchestrator.py:get_combined_risk,cities_interior_top30,10,MIRAIMA,MIRAIMA,interior,cidade,26.83,baixo,40.9,muito baixa,71.6,alta,0,0,15.0,100.0,0.0,0.0,46.7,0.0,0.0,0.0,0.54,81.6,14,14,False,stable,Sinal neural do ST-GAT,100.0,Tensão territorial,0.0,Atividade recente e vizinhança,0.0,Sinal neural do ST-GAT: 100.0% | Tensão territorial: 0.0% | Atividade recente e vizinhança: 0.0%,"MIRAIMA aparece na posição 10 de 50, com risco 26.8 e nível baixo; é prioridade alta de acompanhamento.","O peso principal vem de sinal neural do st-gat, com suporte territorial de 0.0% e 0 registros recentes na janela de 30 dias.",Leitura sensível a ruído; requer conferência adicional antes de decisão forte.,"O território se diferencia do bloco intermediário, mas sem isolamento absoluto.","Verificar eventos recentes, pressão territorial e coerência com inteligência local antes da próxima atualização do ranking."
2026-06-02T08:40:53,2026-05-31,src/core/orchestrator.py:get_combined_risk,cities_interior_top30,11,SANTANA DO ACARAU,SANTANA DO ACARAU,interior,cidade,26.83,baixo,40.9,muito baixa,70.4,alta,0,0,9.0,100.0,0.0,0.0,46.7,0.0,0.0,0.0,0.54,79.6,14,14,False,stable,Sinal neural do ST-GAT,100.0,Tensão territorial,0.0,Atividade recente e vizinhança,0.0,Sinal neural do ST-GAT: 100.0% | Tensão territorial: 0.0% | Atividade recente e vizinhança: 0.0%,"SANTANA DO ACARAU aparece na posição 11 de 50, com risco 26.8 e nível baixo; é território de atenção tática.","O peso principal vem de sinal neural do st-gat, com suporte territorial de 0.0% e 0 registros recentes na janela de 30 dias.",Leitura sensível a ruído; requer conferência adicional antes de decisão forte.,"O território se diferencia do bloco intermediário, mas sem isolamento absoluto.","Verificar eventos recentes, pressão territorial e coerência com inteligência local antes da próxima atualização do ranking."
2026-06-02T08:40:53,2026-05-31,src/core/orchestrator.py:get_combined_risk,cities_interior_top30,12,CEDRO,CEDRO,interior,cidade,26.83,baixo,40.9,muito baixa,69.2,moderada,0,0,10.0,100.0,0.0,0.0,46.7,0.0,0.0,0.0,0.54,77.6,14,14,False,stable,Sinal neural do ST-GAT,100.0,Tensão territorial,0.0,Atividade recente e vizinhança,0.0,Sinal neural do ST-GAT: 100.0% | Tensão territorial: 0.0% | Atividade recente e vizinhança: 0.0%,"CEDRO aparece na posição 12 de 50, com risco 26.8 e nível baixo; é território de atenção tática.","O peso principal vem de sinal neural do st-gat, com suporte territorial de 0.0% e 0 registros recentes na janela de 30 dias.",Leitura sensível a ruído; requer conferência adicional antes de decisão forte.,O território está próximo de pares vizinhos e pode oscilar no próximo ciclo.,"Verificar eventos recentes, pressão territorial e coerência com inteligência local antes da próxima atualização do ranking."
2026-06-02T08:40:53,2026-05-31,src/core/orchestrator.py:get_combined_risk,cities_interior_top30,13,JUAZEIRO DO NORTE,JUAZEIRO DO NORTE,interior,cidade,26.43,baixo,67.7,baixa,67.7,moderada,0,0,135.0,61.2,100.0,0.0,46.7,100.0,100.0,0.0,0.51,75.5,14,14,False,stable,Tensão territorial,100.0,Sinal neural do ST-GAT,61.2,Atividade recente e vizinhança,0.0,Tensão territorial: 100.0% | Sinal neural do ST-GAT: 61.2% | Atividade recente e vizinhança: 0.0%,"JUAZEIRO DO NORTE aparece na posição 13 de 50, com risco 26.4 e nível baixo; é território de atenção tática.","O peso principal vem de tensão territorial, com suporte territorial de 100.0% e 0 registros recentes na janela de 30 dias.",Leitura sensível a ruído; requer conferência adicional antes de decisão forte.,O território está próximo de pares vizinhos e pode oscilar no próximo ciclo.,"Verificar eventos recentes, pressão territorial e coerência com inteligência local antes da próxima atualização do ranking."
2026-06-02T08:40:53,2026-05-31,src/core/orchestrator.py:get_combined_risk,cities_interior_top30,14,JIJOCA DE JERICOACOARA,JIJOCA DE JERICOACOARA,interior,cidade,25.76,baixo,40.4,muito baixa,66.2,moderada,0,0,18.0,96.0,0.0,0.0,46.7,0.0,0.0,0.0,0.44,73.5,14,14,False,stable,Sinal neural do ST-GAT,96.0,Tensão territorial,0.0,Atividade recente e vizinhança,0.0,Sinal neural do ST-GAT: 96.0% | Tensão territorial: 0.0% | Atividade recente e vizinhança: 0.0%,"JIJOCA DE JERICOACOARA aparece na posição 14 de 50, com risco 25.8 e nível baixo; é território de atenção tática.","O peso principal vem de sinal neural do st-gat, com suporte territorial de 0.0% e 0 registros recentes na janela de 30 dias.",Leitura sensível a ruído; requer conferência adicional antes de decisão forte.,O território está próximo de pares vizinhos e pode oscilar no próximo ciclo.,"Verificar eventos recentes, pressão territorial e coerência com inteligência local antes da próxima atualização do ranking."
2026-06-02T08:40:53,2026-05-31,src/core/orchestrator.py:get_combined_risk,cities_interior_top30,15,IGUATU,IGUATU,interior,cidade,25.26,baixo,67.7,baixa,64.7,moderada,0,0,81.0,56.9,100.0,0.0,46.7,100.0,100.0,0.0,0.4,71.4,14,14,False,stable,Tensão territorial,100.0,Sinal neural do ST-GAT,56.9,Atividade recente e vizinhança,0.0,Tensão territorial: 100.0% | Sinal neural do ST-GAT: 56.9% | Atividade recente e vizinhança: 0.0%,"IGUATU aparece na posição 15 de 50, com risco 25.3 e nível baixo; é território de atenção tática.","O peso principal vem de tensão territorial, com suporte territorial de 100.0% e 0 registros recentes na janela de 30 dias.",Leitura sensível a ruído; requer conferência adicional antes de decisão forte.,O território está próximo de pares vizinhos e pode oscilar no próximo ciclo.,"Verificar eventos recentes, pressão territorial e coerência com inteligência local antes da próxima atualização do ranking."
2026-06-02T08:40:53,2026-05-31,src/core/orchestrator.py:get_combined_risk,cities_interior_top30,16,BATURITE,BATURITE,interior,cidade,25.26,baixo,67.7,baixa,63.5,moderada,0,0,62.0,56.9,100.0,0.0,46.7,100.0,100.0,0.0,0.4,69.4,14,14,False,stable,Tensão territorial,100.0,Sinal neural do ST-GAT,56.9,Atividade recente e vizinhança,0.0,Tensão territorial: 100.0% | Sinal neural do ST-GAT: 56.9% | Atividade recente e vizinhança: 0.0%,"BATURITE aparece na posição 16 de 50, com risco 25.3 e nível baixo; é território de atenção tática.","O peso principal vem de tensão territorial, com suporte territorial de 100.0% e 0 registros recentes na janela de 30 dias.",Leitura sensível a ruído; requer conferência adicional antes de decisão forte.,O território está próximo de pares vizinhos e pode oscilar no próximo ciclo.,"Verificar eventos recentes, pressão territorial e coerência com inteligência local antes da próxima atualização do ranking."
2026-06-02T08:40:53,2026-05-31,src/core/orchestrator.py:get_combined_risk,cities_interior_top30,17,CRATO,CRATO,interior,cidade,20.23,baixo,38.2,muito baixa,60.0,moderada,0,0,6.0,75.4,0.0,0.0,46.7,0.0,0.0,0.0,-0.07,67.3,14,14,False,stable,Sinal neural do ST-GAT,75.4,Tensão territorial,0.0,Atividade recente e vizinhança,0.0,Sinal neural do ST-GAT: 75.4% | Tensão territorial: 0.0% | Atividade recente e vizinhança: 0.0%,"CRATO aparece na posição 17 de 50, com risco 20.2 e nível baixo; é território de atenção tática.","O peso principal vem de sinal neural do st-gat, com suporte territorial de 0.0% e 0 registros recentes na janela de 30 dias.",Leitura sensível a ruído; requer conferência adicional antes de decisão forte.,O território está próximo de pares vizinhos e pode oscilar no próximo ciclo.,"Verificar eventos recentes, pressão territorial e coerência com inteligência local antes da próxima atualização do ranking."
2026-06-02T08:40:53,2026-05-31,src/core/orchestrator.py:get_combined_risk,cities_interior_top30,18,POTENGI,POTENGI,interior,cidade,20.0,baixo,65.4,baixa,58.7,moderada,1,1,6.0,0.0,0.0,50.0,46.7,100.0,0.0,100.0,-0.09,65.3,14,14,False,stable,Atividade recente e vizinhança,50.0,CVLI recente na janela de 30 dias,20.0,Sinal neural do ST-GAT,0.0,Atividade recente e vizinhança: 50.0% | CVLI recente na janela de 30 dias: 20.0% | Sinal neural do ST-GAT: 0.0%,"POTENGI aparece na posição 18 de 50, com risco 20.0 e nível baixo; é território de atenção tática.","O peso principal vem de atividade recente e vizinhança, com suporte territorial de 100.0% e 1 registros recentes na janela de 30 dias.",Leitura sensível a ruído; requer conferência adicional antes de decisão forte.,O território está próximo de pares vizinhos e pode oscilar no próximo ciclo.,"Verificar eventos recentes, pressão territorial e coerência com inteligência local antes da próxima atualização do ranking."
2026-06-02T08:40:53,2026-05-31,src/core/orchestrator.py:get_combined_risk,cities_interior_top30,19,FORQUILHA,FORQUILHA,interior,cidade,18.92,baixo,37.7,muito baixa,57.1,moderada,0,0,12.0,70.5,0.0,0.0,46.7,0.0,0.0,0.0,-0.19,63.3,14,14,False,stable,Sinal neural do ST-GAT,70.5,Tensão territorial,0.0,Atividade recente e vizinhança,0.0,Sinal neural do ST-GAT: 70.5% | Tensão territorial: 0.0% | Atividade recente e vizinhança: 0.0%,"FORQUILHA aparece na posição 19 de 50, com risco 18.9 e nível baixo; é território de atenção tática.","O peso principal vem de sinal neural do st-gat, com suporte territorial de 0.0% e 0 registros recentes na janela de 30 dias.",Leitura sensível a ruído; requer conferência adicional antes de decisão forte.,O território está próximo de pares vizinhos e pode oscilar no próximo ciclo.,"Verificar eventos recentes, pressão territorial e coerência com inteligência local antes da próxima atualização do ranking."
2026-06-02T08:40:53,2026-05-31,src/core/orchestrator.py:get_combined_risk,cities_interior_top30,20,ARATUBA,ARATUBA,interior,cidade,18.26,baixo,44.7,muito baixa,55.5,moderada,0,0,32.0,56.9,30.0,0.0,46.7,30.0,30.0,0.0,-0.25,61.2,14,14,False,stable,Sinal neural do ST-GAT,56.9,Tensão territorial,30.0,Atividade recente e vizinhança,0.0,Sinal neural do ST-GAT: 56.9% | Tensão territorial: 30.0% | Atividade recente e vizinhança: 0.0%,"ARATUBA aparece na posição 20 de 50, com risco 18.3 e nível baixo; é território de atenção tática.","O peso principal vem de sinal neural do st-gat, com suporte territorial de 30.0% e 0 registros recentes na janela de 30 dias.",Leitura sensível a ruído; requer conferência adicional antes de decisão forte.,O território está próximo de pares vizinhos e pode oscilar no próximo ciclo.,"Verificar eventos recentes, pressão territorial e coerência com inteligência local antes da próxima atualização do ranking."
2026-06-02T08:40:53,2026-05-31,src/core/orchestrator.py:get_combined_risk,cities_interior_top30,21,NOVA OLINDA,NOVA OLINDA,interior,cidade,16.01,baixo,38.5,muito baixa,53.3,moderada,0,0,23.0,56.9,7.5,0.0,46.7,7.5,7.5,0.0,-0.46,59.2,14,14,False,stable,Sinal neural do ST-GAT,56.9,Tensão territorial,7.5,Atividade recente e vizinhança,0.0,Sinal neural do ST-GAT: 56.9% | Tensão territorial: 7.5% | Atividade recente e vizinhança: 0.0%,"NOVA OLINDA aparece na posição 21 de 50, com risco 16.0 e nível baixo; é território de atenção tática.","O peso principal vem de sinal neural do st-gat, com suporte territorial de 7.5% e 0 registros recentes na janela de 30 dias.",Leitura sensível a ruído; requer conferência adicional antes de decisão forte.,O território está próximo de pares vizinhos e pode oscilar no próximo ciclo.,"Verificar eventos recentes, pressão territorial e coerência com inteligência local antes da próxima atualização do ranking."
2026-06-02T08:40:53,2026-05-31,src/core/orchestrator.py:get_combined_risk,cities_interior_top30,22,VICOSA DO CEARA,VICOSA DO CEARA,interior,cidade,15.76,baixo,37.8,muito baixa,51.9,moderada,0,0,22.0,56.9,5.0,0.0,46.7,5.0,5.0,0.0,-0.48,57.1,14,14,False,stable,Sinal neural do ST-GAT,56.9,Tensão territorial,5.0,Atividade recente e vizinhança,0.0,Sinal neural do ST-GAT: 56.9% | Tensão territorial: 5.0% | Atividade recente e vizinhança: 0.0%,"VICOSA DO CEARA aparece na posição 22 de 50, com risco 15.8 e nível baixo; é território de atenção tática.","O peso principal vem de sinal neural do st-gat, com suporte territorial de 5.0% e 0 registros recentes na janela de 30 dias.",Leitura sensível a ruído; requer conferência adicional antes de decisão forte.,O território está próximo de pares vizinhos e pode oscilar no próximo ciclo.,"Verificar eventos recentes, pressão territorial e coerência com inteligência local antes da próxima atualização do ranking."
2026-06-02T08:40:53,2026-05-31,src/core/orchestrator.py:get_combined_risk,cities_interior_top30,23,CAPISTRANO,CAPISTRANO,interior,cidade,15.51,baixo,37.0,muito baixa,50.6,moderada,0,0,21.0,56.9,2.5,0.0,46.7,2.5,2.5,0.0,-0.51,55.1,14,14,False,stable,Sinal neural do ST-GAT,56.9,Tensão territorial,2.5,Atividade recente e vizinhança,0.0,Sinal neural do ST-GAT: 56.9% | Tensão territorial: 2.5% | Atividade recente e vizinhança: 0.0%,"CAPISTRANO aparece na posição 23 de 50, com risco 15.5 e nível baixo; é território de atenção tática.","O peso principal vem de sinal neural do st-gat, com suporte territorial de 2.5% e 0 registros recentes na janela de 30 dias.",Leitura sensível a ruído; requer conferência adicional antes de decisão forte.,O território está próximo de pares vizinhos e pode oscilar no próximo ciclo.,"Verificar eventos recentes, pressão territorial e coerência com inteligência local antes da próxima atualização do ranking."
2026-06-02T08:40:53,2026-05-31,src/core/orchestrator.py:get_combined_risk,cities_interior_top30,24,UBAJARA,UBAJARA,interior,cidade,15.26,baixo,36.2,muito baixa,49.3,baixa,0,0,6.0,56.9,0.0,0.0,46.7,0.0,0.0,0.0,-0.53,53.1,14,14,False,stable,Sinal neural do ST-GAT,56.9,Tensão territorial,0.0,Atividade recente e vizinhança,0.0,Sinal neural do ST-GAT: 56.9% | Tensão territorial: 0.0% | Atividade recente e vizinhança: 0.0%,"UBAJARA aparece na posição 24 de 50, com risco 15.3 e nível baixo; é território de atenção tática.","O peso principal vem de sinal neural do st-gat, com suporte territorial de 0.0% e 0 registros recentes na janela de 30 dias.",Leitura sensível a ruído; requer conferência adicional antes de decisão forte.,O território está próximo de pares vizinhos e pode oscilar no próximo ciclo.,"Verificar eventos recentes, pressão territorial e coerência com inteligência local antes da próxima atualização do ranking."
2026-06-02T08:40:53,2026-05-31,src/core/orchestrator.py:get_combined_risk,cities_interior_top30,25,GENERAL SAMPAIO,GENERAL SAMPAIO,interior,cidade,15.26,baixo,36.2,muito baixa,48.1,baixa,0,0,14.0,56.9,0.0,0.0,46.7,0.0,0.0,0.0,-0.53,51.0,14,14,False,stable,Sinal neural do ST-GAT,56.9,Tensão territorial,0.0,Atividade recente e vizinhança,0.0,Sinal neural do ST-GAT: 56.9% | Tensão territorial: 0.0% | Atividade recente e vizinhança: 0.0%,"GENERAL SAMPAIO aparece na posição 25 de 50, com risco 15.3 e nível baixo; é território de atenção tática.","O peso principal vem de sinal neural do st-gat, com suporte territorial de 0.0% e 0 registros recentes na janela de 30 dias.",Leitura sensível a ruído; requer conferência adicional antes de decisão forte.,O território está próximo de pares vizinhos e pode oscilar no próximo ciclo.,"Verificar eventos recentes, pressão territorial e coerência com inteligência local antes da próxima atualização do ranking."
2026-06-02T08:40:53,2026-05-31,src/core/orchestrator.py:get_combined_risk,cities_interior_top30,26,GRACA,GRACA,interior,cidade,15.26,baixo,36.2,muito baixa,46.9,baixa,0,0,14.0,56.9,0.0,0.0,46.7,0.0,0.0,0.0,-0.53,49.0,14,14,False,stable,Sinal neural do ST-GAT,56.9,Tensão territorial,0.0,Atividade recente e vizinhança,0.0,Sinal neural do ST-GAT: 56.9% | Tensão territorial: 0.0% | Atividade recente e vizinhança: 0.0%,"GRACA aparece na posição 26 de 50, com risco 15.3 e nível baixo; é território de atenção tática.","O peso principal vem de sinal neural do st-gat, com suporte territorial de 0.0% e 0 registros recentes na janela de 30 dias.",Leitura sensível a ruído; requer conferência adicional antes de decisão forte.,O território está próximo de pares vizinhos e pode oscilar no próximo ciclo.,"Verificar eventos recentes, pressão territorial e coerência com inteligência local antes da próxima atualização do ranking."
2026-06-02T08:40:53,2026-05-31,src/core/orchestrator.py:get_combined_risk,cities_interior_top30,27,CARIRIACU,CARIRIACU,interior,cidade,15.26,baixo,36.2,muito baixa,45.6,baixa,0,0,14.0,56.9,0.0,0.0,46.7,0.0,0.0,0.0,-0.53,46.9,14,14,False,stable,Sinal neural do ST-GAT,56.9,Tensão territorial,0.0,Atividade recente e vizinhança,0.0,Sinal neural do ST-GAT: 56.9% | Tensão territorial: 0.0% | Atividade recente e vizinhança: 0.0%,"CARIRIACU aparece na posição 27 de 50, com risco 15.3 e nível baixo; é território de atenção tática.","O peso principal vem de sinal neural do st-gat, com suporte territorial de 0.0% e 0 registros recentes na janela de 30 dias.",Leitura sensível a ruído; requer conferência adicional antes de decisão forte.,O território está próximo de pares vizinhos e pode oscilar no próximo ciclo.,"Verificar eventos recentes, pressão territorial e coerência com inteligência local antes da próxima atualização do ranking."
2026-06-02T08:40:53,2026-05-31,src/core/orchestrator.py:get_combined_risk,cities_interior_top30,28,ACARAPE,ACARAPE,interior,cidade,15.26,baixo,36.2,muito baixa,44.4,baixa,0,0,11.0,56.9,0.0,0.0,46.7,0.0,0.0,0.0,-0.53,44.9,14,14,False,stable,Sinal neural do ST-GAT,56.9,Tensão territorial,0.0,Atividade recente e vizinhança,0.0,Sinal neural do ST-GAT: 56.9% | Tensão territorial: 0.0% | Atividade recente e vizinhança: 0.0%,"ACARAPE aparece na posição 28 de 50, com risco 15.3 e nível baixo; é território de atenção tática.","O peso principal vem de sinal neural do st-gat, com suporte territorial de 0.0% e 0 registros recentes na janela de 30 dias.",Leitura sensível a ruído; requer conferência adicional antes de decisão forte.,O território está próximo de pares vizinhos e pode oscilar no próximo ciclo.,"Verificar eventos recentes, pressão territorial e coerência com inteligência local antes da próxima atualização do ranking."
2026-06-02T08:40:53,2026-05-31,src/core/orchestrator.py:get_combined_risk,cities_interior_top30,29,ITAPIUNA,ITAPIUNA,interior,cidade,15.26,baixo,36.2,muito baixa,43.2,baixa,0,0,20.0,56.9,0.0,0.0,46.7,0.0,0.0,0.0,-0.53,42.9,14,14,False,stable,Sinal neural do ST-GAT,56.9,Tensão territorial,0.0,Atividade recente e vizinhança,0.0,Sinal neural do ST-GAT: 56.9% | Tensão territorial: 0.0% | Atividade recente e vizinhança: 0.0%,"ITAPIUNA aparece na posição 29 de 50, com risco 15.3 e nível baixo; é território de atenção tática.","O peso principal vem de sinal neural do st-gat, com suporte territorial de 0.0% e 0 registros recentes na janela de 30 dias.",Leitura sensível a ruído; requer conferência adicional antes de decisão forte.,O território está próximo de pares vizinhos e pode oscilar no próximo ciclo.,"Verificar eventos recentes, pressão territorial e coerência com inteligência local antes da próxima atualização do ranking."
2026-06-02T08:40:53,2026-05-31,src/core/orchestrator.py:get_combined_risk,cities_interior_top30,30,OROS,OROS,interior,cidade,15.26,baixo,36.2,muito baixa,41.9,baixa,0,0,13.0,56.9,0.0,0.0,46.7,0.0,0.0,0.0,-0.53,40.8,14,14,False,stable,Sinal neural do ST-GAT,56.9,Tensão territorial,0.0,Atividade recente e vizinhança,0.0,Sinal neural do ST-GAT: 56.9% | Tensão territorial: 0.0% | Atividade recente e vizinhança: 0.0%,"OROS aparece na posição 30 de 50, com risco 15.3 e nível baixo; é território de atenção tática.","O peso principal vem de sinal neural do st-gat, com suporte territorial de 0.0% e 0 registros recentes na janela de 30 dias.",Leitura sensível a ruído; requer conferência adicional antes de decisão forte.,O território está próximo de pares vizinhos e pode oscilar no próximo ciclo.,"Verificar eventos recentes, pressão territorial e coerência com inteligência local antes da próxima atualização do ranking."
2026-06-02T08:40:53,2026-05-31,src/core/orchestrator.py:get_combined_risk,fortaleza_bairros_top30,1,BARRA DO CEARA,BARRA DO CEARA,fortaleza,bairro,94.34,crítico,72.4,moderada,100.0,muito alta,1,1,136.0,96.0,100.0,100.0,36.7,100.0,100.0,100.0,5.18,100.0,14,14,True,stable,Atividade recente e vizinhança,100.0,Tensão territorial,100.0,Sinal neural do ST-GAT,96.0,Atividade recente e vizinhança: 100.0% | Tensão territorial: 100.0% | Sinal neural do ST-GAT: 96.0%,"BARRA DO CEARA aparece na posição 1 de 109, com risco 94.3 e nível crítico; é prioridade imediata de acompanhamento.","O peso principal vem de atividade recente e vizinhança, com suporte territorial de 100.0% e 1 registros recentes na janela de 30 dias.","Leitura consistente, mas ainda pede validação operacional pontual.",O território está bem destacado no ranking frente aos pares.,"Verificar eventos recentes, pressão territorial e coerência com inteligência local antes da próxima atualização do ranking."
2026-06-02T08:40:53,2026-05-31,src/core/orchestrator.py:get_combined_risk,fortaleza_bairros_top30,2,BONSUCESSO,BONSUCESSO,fortaleza,bairro,71.33,crítico,65.9,baixa,97.3,muito alta,1,1,48.0,100.0,100.0,50.0,36.7,100.0,70.0,100.0,3.72,99.1,14,14,True,stable,Sinal neural do ST-GAT,100.0,Tensão territorial,100.0,Fallback histórico ativado,55.0,Sinal neural do ST-GAT: 100.0% | Tensão territorial: 100.0% | Fallback histórico ativado: 55.0%,"BONSUCESSO aparece na posição 2 de 109, com risco 71.3 e nível crítico; é prioridade imediata de acompanhamento.","O peso principal vem de sinal neural do st-gat, com suporte territorial de 100.0% e 1 registros recentes na janela de 30 dias.",Leitura mais fraca; parte do peso vem de fallback histórico e deve ser confirmada em campo.,O território está bem destacado no ranking frente aos pares.,"Verificar eventos recentes, pressão territorial e coerência com inteligência local antes da próxima atualização do ranking."
2026-06-02T08:40:53,2026-05-31,src/core/orchestrator.py:get_combined_risk,fortaleza_bairros_top30,3,SAO BENTO,SAO BENTO,fortaleza,bairro,54.06,alto,66.7,baixa,91.5,muito alta,1,1,19.0,65.5,100.0,50.0,36.7,100.0,0.0,100.0,2.63,98.1,14,14,True,stable,Tensão territorial,100.0,Sinal neural do ST-GAT,65.5,Fallback histórico ativado,55.0,Tensão territorial: 100.0% | Sinal neural do ST-GAT: 65.5% | Fallback histórico ativado: 55.0%,"SAO BENTO aparece na posição 3 de 109, com risco 54.1 e nível alto; é prioridade imediata de acompanhamento.","O peso principal vem de tensão territorial, com suporte territorial de 100.0% e 1 registros recentes na janela de 30 dias.",Leitura mais fraca; parte do peso vem de fallback histórico e deve ser confirmada em campo.,O território está bem destacado no ranking frente aos pares.,"Verificar eventos recentes, pressão territorial e coerência com inteligência local antes da próxima atualização do ranking."
2026-06-02T08:40:53,2026-05-31,src/core/orchestrator.py:get_combined_risk,fortaleza_bairros_top30,4,ANCURI,ANCURI,fortaleza,bairro,51.85,alto,71.6,moderada,90.3,muito alta,1,2,34.0,61.7,100.0,50.0,40.0,100.0,35.0,100.0,2.49,97.2,14,14,True,stable,Tensão territorial,100.0,Sinal neural do ST-GAT,61.7,Fallback histórico ativado,55.0,Tensão territorial: 100.0% | Sinal neural do ST-GAT: 61.7% | Fallback histórico ativado: 55.0%,"ANCURI aparece na posição 4 de 109, com risco 51.9 e nível alto; é prioridade imediata de acompanhamento.","O peso principal vem de tensão territorial, com suporte territorial de 100.0% e 2 registros recentes na janela de 30 dias.","Leitura consistente, mas ainda pede validação operacional pontual.",O território está bem destacado no ranking frente aos pares.,"Verificar eventos recentes, pressão territorial e coerência com inteligência local antes da próxima atualização do ranking."
2026-06-02T08:40:53,2026-05-31,src/core/orchestrator.py:get_combined_risk,fortaleza_bairros_top30,5,JOSE WALTER,JOSE WALTER,fortaleza,bairro,46.32,moderado,55.1,baixa,88.0,muito alta,0,0,102.0,22.0,100.0,0.0,46.7,100.0,100.0,0.0,2.14,96.3,14,14,True,stable,Tensão territorial,100.0,Fallback histórico ativado,55.0,Sinal neural do ST-GAT,22.0,Tensão territorial: 100.0% | Fallback histórico ativado: 55.0% | Sinal neural do ST-GAT: 22.0%,"JOSE WALTER aparece na posição 5 de 109, com risco 46.3 e nível moderado; é prioridade imediata de acompanhamento.","O peso principal vem de tensão territorial, com suporte territorial de 100.0% e 0 registros recentes na janela de 30 dias.",Leitura mais fraca; parte do peso vem de fallback histórico e deve ser confirmada em campo.,O território está bem destacado no ranking frente aos pares.,"Verificar eventos recentes, pressão territorial e coerência com inteligência local antes da próxima atualização do ranking."
2026-06-02T08:40:53,2026-05-31,src/core/orchestrator.py:get_combined_risk,fortaleza_bairros_top30,6,MONDUBIM,MONDUBIM,fortaleza,bairro,45.57,moderado,55.1,baixa,87.3,muito alta,0,0,92.0,20.5,100.0,0.0,46.7,100.0,100.0,0.0,2.09,95.4,14,14,True,stable,Tensão territorial,100.0,Fallback histórico ativado,55.0,Sinal neural do ST-GAT,20.5,Tensão territorial: 100.0% | Fallback histórico ativado: 55.0% | Sinal neural do ST-GAT: 20.5%,"MONDUBIM aparece na posição 6 de 109, com risco 45.6 e nível moderado; é prioridade alta de acompanhamento.","O peso principal vem de tensão territorial, com suporte territorial de 100.0% e 0 registros recentes na janela de 30 dias.",Leitura mais fraca; parte do peso vem de fallback histórico e deve ser confirmada em campo.,O território está bem destacado no ranking frente aos pares.,"Verificar eventos recentes, pressão territorial e coerência com inteligência local antes da próxima atualização do ranking."
2026-06-02T08:40:53,2026-05-31,src/core/orchestrator.py:get_combined_risk,fortaleza_bairros_top30,7,MESSEJANA,MESSEJANA,fortaleza,bairro,44.1,moderado,54.9,muito baixa,86.2,muito alta,0,0,115.0,17.5,100.0,0.0,46.7,100.0,100.0,0.0,2.0,94.4,14,14,True,stable,Tensão territorial,100.0,Fallback histórico ativado,55.0,Sinal neural do ST-GAT,17.5,Tensão territorial: 100.0% | Fallback histórico ativado: 55.0% | Sinal neural do ST-GAT: 17.5%,"MESSEJANA aparece na posição 7 de 109, com risco 44.1 e nível moderado; é prioridade alta de acompanhamento.","O peso principal vem de tensão territorial, com suporte territorial de 100.0% e 0 registros recentes na janela de 30 dias.",Leitura mais fraca; parte do peso vem de fallback histórico e deve ser confirmada em campo.,O território está bem destacado no ranking frente aos pares.,"Verificar eventos recentes, pressão territorial e coerência com inteligência local antes da próxima atualização do ranking."
2026-06-02T08:40:53,2026-05-31,src/core/orchestrator.py:get_combined_risk,fortaleza_bairros_top30,8,SIQUEIRA,SIQUEIRA,fortaleza,bairro,40.44,moderado,59.5,baixa,84.6,alta,0,1,103.0,10.2,100.0,0.0,46.7,100.0,100.0,50.0,1.77,93.5,14,14,True,stable,Tensão territorial,100.0,Fallback histórico ativado,55.0,CVLI recente na janela de 30 dias,20.0,Tensão territorial: 100.0% | Fallback histórico ativado: 55.0% | CVLI recente na janela de 30 dias: 20.0%,"SIQUEIRA aparece na posição 8 de 109, com risco 40.4 e nível moderado; é prioridade alta de acompanhamento.","O peso principal vem de tensão territorial, com suporte territorial de 100.0% e 1 registros recentes na janela de 30 dias.",Leitura mais fraca; parte do peso vem de fallback histórico e deve ser confirmada em campo.,"O território se diferencia do bloco intermediário, mas sem isolamento absoluto.","Verificar eventos recentes, pressão territorial e coerência com inteligência local antes da próxima atualização do ranking."
2026-06-02T08:40:53,2026-05-31,src/core/orchestrator.py:get_combined_risk,fortaleza_bairros_top30,9,ALTO ALEGRE,ALTO ALEGRE,fortaleza,bairro,39.23,moderado,54.4,muito baixa,83.7,alta,0,0,125.0,7.8,100.0,0.0,46.7,100.0,100.0,0.0,1.69,92.6,14,14,True,stable,Tensão territorial,100.0,Fallback histórico ativado,55.0,Sinal neural do ST-GAT,7.8,Tensão territorial: 100.0% | Fallback histórico ativado: 55.0% | Sinal neural do ST-GAT: 7.8%,"ALTO ALEGRE aparece na posição 9 de 109, com risco 39.2 e nível moderado; é prioridade alta de acompanhamento.","O peso principal vem de tensão territorial, com suporte territorial de 100.0% e 0 registros recentes na janela de 30 dias.",Leitura mais fraca; parte do peso vem de fallback histórico e deve ser confirmada em campo.,"O território se diferencia do bloco intermediário, mas sem isolamento absoluto.","Verificar eventos recentes, pressão territorial e coerência com inteligência local antes da próxima atualização do ranking."
2026-06-02T08:40:53,2026-05-31,src/core/orchestrator.py:get_combined_risk,fortaleza_bairros_top30,10,PLANALTO AYRTON SENNA,PLANALTO AYRTON SENNA,fortaleza,bairro,38.7,moderado,54.3,muito baixa,83.0,alta,0,0,94.0,6.7,100.0,0.0,46.7,100.0,100.0,0.0,1.66,91.7,14,14,True,stable,Tensão territorial,100.0,Fallback histórico ativado,55.0,Sinal neural do ST-GAT,6.7,Tensão territorial: 100.0% | Fallback histórico ativado: 55.0% | Sinal neural do ST-GAT: 6.7%,"PLANALTO AYRTON SENNA aparece na posição 10 de 109, com risco 38.7 e nível moderado; é prioridade alta de acompanhamento.","O peso principal vem de tensão territorial, com suporte territorial de 100.0% e 0 registros recentes na janela de 30 dias.",Leitura mais fraca; parte do peso vem de fallback histórico e deve ser confirmada em campo.,"O território se diferencia do bloco intermediário, mas sem isolamento absoluto.","Verificar eventos recentes, pressão territorial e coerência com inteligência local antes da próxima atualização do ranking."
2026-06-02T08:40:53,2026-05-31,src/core/orchestrator.py:get_combined_risk,fortaleza_bairros_top30,11,BARROSO,BARROSO,fortaleza,bairro,37.21,moderado,54.1,muito baixa,81.9,alta,0,0,72.0,3.8,100.0,0.0,46.7,100.0,100.0,0.0,1.56,90.7,14,14,True,stable,Tensão territorial,100.0,Fallback histórico ativado,55.0,Sinal neural do ST-GAT,3.8,Tensão territorial: 100.0% | Fallback histórico ativado: 55.0% | Sinal neural do ST-GAT: 3.8%,"BARROSO aparece na posição 11 de 109, com risco 37.2 e nível moderado; é território de atenção tática.","O peso principal vem de tensão territorial, com suporte territorial de 100.0% e 0 registros recentes na janela de 30 dias.",Leitura mais fraca; parte do peso vem de fallback histórico e deve ser confirmada em campo.,"O território se diferencia do bloco intermediário, mas sem isolamento absoluto.","Verificar eventos recentes, pressão territorial e coerência com inteligência local antes da próxima atualização do ranking."
2026-06-02T08:40:53,2026-05-31,src/core/orchestrator.py:get_combined_risk,fortaleza_bairros_top30,12,GRANJA LISBOA,GRANJA LISBOA,fortaleza,bairro,36.06,moderado,54.0,muito baixa,81.0,alta,0,0,110.0,1.5,100.0,0.0,46.7,100.0,100.0,0.0,1.49,89.8,14,14,True,stable,Tensão territorial,100.0,Fallback histórico ativado,55.0,Sinal neural do ST-GAT,1.5,Tensão territorial: 100.0% | Fallback histórico ativado: 55.0% | Sinal neural do ST-GAT: 1.5%,"GRANJA LISBOA aparece na posição 12 de 109, com risco 36.1 e nível moderado; é território de atenção tática.","O peso principal vem de tensão territorial, com suporte territorial de 100.0% e 0 registros recentes na janela de 30 dias.",Leitura mais fraca; parte do peso vem de fallback histórico e deve ser confirmada em campo.,"O território se diferencia do bloco intermediário, mas sem isolamento absoluto.","Verificar eventos recentes, pressão territorial e coerência com inteligência local antes da próxima atualização do ranking."
2026-06-02T08:40:53,2026-05-31,src/core/orchestrator.py:get_combined_risk,fortaleza_bairros_top30,13,PEDRAS,PEDRAS,fortaleza,bairro,35.66,moderado,53.9,muito baixa,80.4,alta,0,0,81.0,0.7,100.0,0.0,46.7,100.0,100.0,0.0,1.46,88.9,14,14,True,stable,Tensão territorial,100.0,Fallback histórico ativado,55.0,Sinal neural do ST-GAT,0.7,Tensão territorial: 100.0% | Fallback histórico ativado: 55.0% | Sinal neural do ST-GAT: 0.7%,"PEDRAS aparece na posição 13 de 109, com risco 35.7 e nível moderado; é território de atenção tática.","O peso principal vem de tensão territorial, com suporte territorial de 100.0% e 0 registros recentes na janela de 30 dias.",Leitura mais fraca; parte do peso vem de fallback histórico e deve ser confirmada em campo.,"O território se diferencia do bloco intermediário, mas sem isolamento absoluto.","Verificar eventos recentes, pressão territorial e coerência com inteligência local antes da próxima atualização do ranking."
2026-06-02T08:40:53,2026-05-31,src/core/orchestrator.py:get_combined_risk,fortaleza_bairros_top30,14,PASSARE,PASSARE,fortaleza,bairro,24.55,baixo,55.0,baixa,76.4,alta,0,0,65.0,18.4,100.0,0.0,46.7,100.0,100.0,0.0,0.76,88.0,14,14,True,stable,Tensão territorial,100.0,Fallback histórico ativado,55.0,Sinal neural do ST-GAT,18.4,Tensão territorial: 100.0% | Fallback histórico ativado: 55.0% | Sinal neural do ST-GAT: 18.4%,"PASSARE aparece na posição 14 de 109, com risco 24.6 e nível baixo; é território de atenção tática.","O peso principal vem de tensão territorial, com suporte territorial de 100.0% e 0 registros recentes na janela de 30 dias.",Leitura mais fraca; parte do peso vem de fallback histórico e deve ser confirmada em campo.,"O território se diferencia do bloco intermediário, mas sem isolamento absoluto.","Verificar eventos recentes, pressão territorial e coerência com inteligência local antes da próxima atualização do ranking."
2026-06-02T08:40:53,2026-05-31,src/core/orchestrator.py:get_combined_risk,fortaleza_bairros_top30,15,CURIO,CURIO,fortaleza,bairro,23.37,baixo,41.7,muito baixa,75.5,alta,0,1,26.0,36.1,50.0,0.0,46.7,50.0,15.0,50.0,0.68,87.0,14,14,True,stable,Fallback histórico ativado,55.0,Tensão territorial,50.0,Sinal neural do ST-GAT,36.1,Fallback histórico ativado: 55.0% | Tensão territorial: 50.0% | Sinal neural do ST-GAT: 36.1%,"CURIO aparece na posição 15 de 109, com risco 23.4 e nível baixo; é território de atenção tática.","O peso principal vem de fallback histórico ativado, com suporte territorial de 50.0% e 1 registros recentes na janela de 30 dias.",Leitura mais fraca; parte do peso vem de fallback histórico e deve ser confirmada em campo.,"O território se diferencia do bloco intermediário, mas sem isolamento absoluto.","Verificar eventos recentes, pressão territorial e coerência com inteligência local antes da próxima atualização do ranking."
2026-06-02T08:40:53,2026-05-31,src/core/orchestrator.py:get_combined_risk,fortaleza_bairros_top30,16,VICENTE PINZON,VICENTE PINZON,fortaleza,bairro,22.83,baixo,52.2,muito baixa,74.8,alta,0,0,57.0,18.0,92.5,0.0,46.7,92.5,92.5,0.0,0.65,86.1,14,14,True,stable,Tensão territorial,92.5,Fallback histórico ativado,55.0,Sinal neural do ST-GAT,18.0,Tensão territorial: 92.5% | Fallback histórico ativado: 55.0% | Sinal neural do ST-GAT: 18.0%,"VICENTE PINZON aparece na posição 16 de 109, com risco 22.8 e nível baixo; é território de atenção tática.","O peso principal vem de tensão territorial, com suporte territorial de 92.5% e 0 registros recentes na janela de 30 dias.",Leitura mais fraca; parte do peso vem de fallback histórico e deve ser confirmada em campo.,"O território se diferencia do bloco intermediário, mas sem isolamento absoluto.","Verificar eventos recentes, pressão territorial e coerência com inteligência local antes da próxima atualização do ranking."
2026-06-02T08:40:53,2026-05-31,src/core/orchestrator.py:get_combined_risk,fortaleza_bairros_top30,17,QUINTINO CUNHA,QUINTINO CUNHA,fortaleza,bairro,22.51,baixo,54.8,muito baixa,74.1,alta,0,0,68.0,14.4,100.0,0.0,46.7,100.0,100.0,0.0,0.63,85.2,14,14,True,stable,Tensão territorial,100.0,Fallback histórico ativado,55.0,Sinal neural do ST-GAT,14.4,Tensão territorial: 100.0% | Fallback histórico ativado: 55.0% | Sinal neural do ST-GAT: 14.4%,"QUINTINO CUNHA aparece na posição 17 de 109, com risco 22.5 e nível baixo; é território de atenção tática.","O peso principal vem de tensão territorial, com suporte territorial de 100.0% e 0 registros recentes na janela de 30 dias.",Leitura mais fraca; parte do peso vem de fallback histórico e deve ser confirmada em campo.,"O território se diferencia do bloco intermediário, mas sem isolamento absoluto.","Verificar eventos recentes, pressão territorial e coerência com inteligência local antes da próxima atualização do ranking."
2026-06-02T08:40:53,2026-05-31,src/core/orchestrator.py:get_combined_risk,fortaleza_bairros_top30,18,CAJAZEIRAS,CAJAZEIRAS,fortaleza,bairro,22.21,baixo,64.7,baixa,73.5,alta,0,2,35.0,13.8,100.0,0.0,46.7,100.0,37.5,100.0,0.61,84.3,14,14,True,stable,Tensão territorial,100.0,Fallback histórico ativado,55.0,CVLI recente na janela de 30 dias,40.0,Tensão territorial: 100.0% | Fallback histórico ativado: 55.0% | CVLI recente na janela de 30 dias: 40.0%,"CAJAZEIRAS aparece na posição 18 de 109, com risco 22.2 e nível baixo; é território de atenção tática.","O peso principal vem de tensão territorial, com suporte territorial de 100.0% e 2 registros recentes na janela de 30 dias.",Leitura mais fraca; parte do peso vem de fallback histórico e deve ser confirmada em campo.,"O território se diferencia do bloco intermediário, mas sem isolamento absoluto.","Verificar eventos recentes, pressão territorial e coerência com inteligência local antes da próxima atualização do ranking."
2026-06-02T08:40:53,2026-05-31,src/core/orchestrator.py:get_combined_risk,fortaleza_bairros_top30,19,VILA VELHA,VILA VELHA,fortaleza,bairro,21.42,baixo,42.6,muito baixa,72.7,alta,0,0,44.0,18.1,60.0,50.2,46.7,60.0,60.0,0.0,0.56,83.3,14,14,True,stable,Tensão territorial,60.0,Fallback histórico ativado,55.0,Atividade recente e vizinhança,50.2,Tensão territorial: 60.0% | Fallback histórico ativado: 55.0% | Atividade recente e vizinhança: 50.2%,"VILA VELHA aparece na posição 19 de 109, com risco 21.4 e nível baixo; é território de atenção tática.","O peso principal vem de tensão territorial, com suporte territorial de 60.0% e 0 registros recentes na janela de 30 dias.",Leitura mais fraca; parte do peso vem de fallback histórico e deve ser confirmada em campo.,"O território se diferencia do bloco intermediário, mas sem isolamento absoluto.","Verificar eventos recentes, pressão territorial e coerência com inteligência local antes da próxima atualização do ranking."
2026-06-02T08:40:53,2026-05-31,src/core/orchestrator.py:get_combined_risk,fortaleza_bairros_top30,20,GRANJA PORTUGAL,GRANJA PORTUGAL,fortaleza,bairro,21.01,baixo,52.1,muito baixa,72.0,alta,0,0,57.0,14.3,92.5,0.0,46.7,92.5,92.5,0.0,0.53,82.4,14,14,True,stable,Tensão territorial,92.5,Fallback histórico ativado,55.0,Sinal neural do ST-GAT,14.3,Tensão territorial: 92.5% | Fallback histórico ativado: 55.0% | Sinal neural do ST-GAT: 14.3%,"GRANJA PORTUGAL aparece na posição 20 de 109, com risco 21.0 e nível baixo; é território de atenção tática.","O peso principal vem de tensão territorial, com suporte territorial de 92.5% e 0 registros recentes na janela de 30 dias.",Leitura mais fraca; parte do peso vem de fallback histórico e deve ser confirmada em campo.,"O território se diferencia do bloco intermediário, mas sem isolamento absoluto.","Verificar eventos recentes, pressão territorial e coerência com inteligência local antes da próxima atualização do ranking."
2026-06-02T08:40:53,2026-05-31,src/core/orchestrator.py:get_combined_risk,fortaleza_bairros_top30,21,BOM JARDIM,BOM JARDIM,fortaleza,bairro,19.42,baixo,49.3,muito baixa,71.0,alta,0,0,54.0,14.2,85.0,0.0,46.7,85.0,85.0,0.0,0.43,81.5,14,14,True,stable,Tensão territorial,85.0,Fallback histórico ativado,55.0,Sinal neural do ST-GAT,14.2,Tensão territorial: 85.0% | Fallback histórico ativado: 55.0% | Sinal neural do ST-GAT: 14.2%,"BOM JARDIM aparece na posição 21 de 109, com risco 19.4 e nível baixo; é território de atenção tática.","O peso principal vem de tensão territorial, com suporte territorial de 85.0% e 0 registros recentes na janela de 30 dias.",Leitura mais fraca; parte do peso vem de fallback histórico e deve ser confirmada em campo.,"O território se diferencia do bloco intermediário, mas sem isolamento absoluto.","Verificar eventos recentes, pressão territorial e coerência com inteligência local antes da próxima atualização do ranking."
2026-06-02T08:40:53,2026-05-31,src/core/orchestrator.py:get_combined_risk,fortaleza_bairros_top30,22,JARDIM DAS OLIVEIRAS,JARDIM DAS OLIVEIRAS,fortaleza,bairro,19.37,baixo,45.9,muito baixa,70.4,alta,0,0,50.0,18.1,75.0,0.0,46.7,75.0,75.0,0.0,0.43,80.6,14,14,True,stable,Tensão territorial,75.0,Fallback histórico ativado,55.0,Sinal neural do ST-GAT,18.1,Tensão territorial: 75.0% | Fallback histórico ativado: 55.0% | Sinal neural do ST-GAT: 18.1%,"JARDIM DAS OLIVEIRAS aparece na posição 22 de 109, com risco 19.4 e nível baixo; é território de atenção tática.","O peso principal vem de tensão territorial, com suporte territorial de 75.0% e 0 registros recentes na janela de 30 dias.",Leitura mais fraca; parte do peso vem de fallback histórico e deve ser confirmada em campo.,"O território se diferencia do bloco intermediário, mas sem isolamento absoluto.","Verificar eventos recentes, pressão territorial e coerência com inteligência local antes da próxima atualização do ranking."
2026-06-02T08:40:53,2026-05-31,src/core/orchestrator.py:get_combined_risk,fortaleza_bairros_top30,23,PICI,PICI,fortaleza,bairro,19.04,baixo,49.3,muito baixa,69.7,moderada,0,0,54.0,13.4,85.0,0.0,46.7,85.0,85.0,0.0,0.41,79.6,14,14,True,stable,Tensão territorial,85.0,Fallback histórico ativado,55.0,Sinal neural do ST-GAT,13.4,Tensão territorial: 85.0% | Fallback histórico ativado: 55.0% | Sinal neural do ST-GAT: 13.4%,"PICI aparece na posição 23 de 109, com risco 19.0 e nível baixo; é território de atenção tática.","O peso principal vem de tensão territorial, com suporte territorial de 85.0% e 0 registros recentes na janela de 30 dias.",Leitura mais fraca; parte do peso vem de fallback histórico e deve ser confirmada em campo.,O território está próximo de pares vizinhos e pode oscilar no próximo ciclo.,"Verificar eventos recentes, pressão territorial e coerência com inteligência local antes da próxima atualização do ranking."
2026-06-02T08:40:53,2026-05-31,src/core/orchestrator.py:get_combined_risk,fortaleza_bairros_top30,24,LAGOA REDONDA,LAGOA REDONDA,fortaleza,bairro,19.03,baixo,54.4,muito baixa,69.2,moderada,0,0,60.0,7.4,100.0,0.0,46.7,100.0,100.0,0.0,0.41,78.7,14,14,True,stable,Tensão territorial,100.0,Fallback histórico ativado,55.0,Sinal neural do ST-GAT,7.4,Tensão territorial: 100.0% | Fallback histórico ativado: 55.0% | Sinal neural do ST-GAT: 7.4%,"LAGOA REDONDA aparece na posição 24 de 109, com risco 19.0 e nível baixo; é território de atenção tática.","O peso principal vem de tensão territorial, com suporte territorial de 100.0% e 0 registros recentes na janela de 30 dias.",Leitura mais fraca; parte do peso vem de fallback histórico e deve ser confirmada em campo.,O território está próximo de pares vizinhos e pode oscilar no próximo ciclo.,"Verificar eventos recentes, pressão territorial e coerência com inteligência local antes da próxima atualização do ranking."
2026-06-02T08:40:53,2026-05-31,src/core/orchestrator.py:get_combined_risk,fortaleza_bairros_top30,25,PARQUE DOIS IRMAOS,PARQUE DOIS IRMAOS,fortaleza,bairro,17.64,baixo,29.7,muito baixa,68.2,moderada,0,0,33.0,31.6,32.5,0.0,46.7,32.5,32.5,0.0,0.32,77.8,14,14,True,stable,Fallback histórico ativado,55.0,Tensão territorial,32.5,Sinal neural do ST-GAT,31.6,Fallback histórico ativado: 55.0% | Tensão territorial: 32.5% | Sinal neural do ST-GAT: 31.6%,"PARQUE DOIS IRMAOS aparece na posição 25 de 109, com risco 17.6 e nível baixo; é território de atenção tática.","O peso principal vem de fallback histórico ativado, com suporte territorial de 32.5% e 0 registros recentes na janela de 30 dias.",Leitura mais fraca; parte do peso vem de fallback histórico e deve ser confirmada em campo.,O território está próximo de pares vizinhos e pode oscilar no próximo ciclo.,"Verificar eventos recentes, pressão territorial e coerência com inteligência local antes da próxima atualização do ranking."
2026-06-02T08:40:53,2026-05-31,src/core/orchestrator.py:get_combined_risk,fortaleza_bairros_top30,26,ANTONIO BEZERRA,ANTONIO BEZERRA,fortaleza,bairro,17.49,baixo,43.2,muito baixa,67.6,moderada,0,0,47.0,17.3,67.5,0.0,46.7,67.5,67.5,0.0,0.31,76.9,14,14,True,stable,Tensão territorial,67.5,Fallback histórico ativado,55.0,Sinal neural do ST-GAT,17.3,Tensão territorial: 67.5% | Fallback histórico ativado: 55.0% | Sinal neural do ST-GAT: 17.3%,"ANTONIO BEZERRA aparece na posição 26 de 109, com risco 17.5 e nível baixo; é território de atenção tática.","O peso principal vem de tensão territorial, com suporte territorial de 67.5% e 0 registros recentes na janela de 30 dias.",Leitura mais fraca; parte do peso vem de fallback histórico e deve ser confirmada em campo.,O território está próximo de pares vizinhos e pode oscilar no próximo ciclo.,"Verificar eventos recentes, pressão territorial e coerência com inteligência local antes da próxima atualização do ranking."
2026-06-02T08:40:53,2026-05-31,src/core/orchestrator.py:get_combined_risk,fortaleza_bairros_top30,27,JOSE DE ALENCAR,JOSE DE ALENCAR,fortaleza,bairro,16.84,baixo,41.4,muito baixa,66.8,moderada,0,0,45.0,18.0,62.5,0.0,46.7,62.5,62.5,0.0,0.27,75.9,14,14,True,stable,Tensão territorial,62.5,Fallback histórico ativado,55.0,Sinal neural do ST-GAT,18.0,Tensão territorial: 62.5% | Fallback histórico ativado: 55.0% | Sinal neural do ST-GAT: 18.0%,"JOSE DE ALENCAR aparece na posição 27 de 109, com risco 16.8 e nível baixo; é território de atenção tática.","O peso principal vem de tensão territorial, com suporte territorial de 62.5% e 0 registros recentes na janela de 30 dias.",Leitura mais fraca; parte do peso vem de fallback histórico e deve ser confirmada em campo.,O território está próximo de pares vizinhos e pode oscilar no próximo ciclo.,"Verificar eventos recentes, pressão territorial e coerência com inteligência local antes da próxima atualização do ranking."
2026-06-02T08:40:53,2026-05-31,src/core/orchestrator.py:get_combined_risk,fortaleza_bairros_top30,28,CARLITO PAMPLONA,CARLITO PAMPLONA,fortaleza,bairro,16.05,baixo,43.9,muito baixa,66.1,moderada,0,0,48.0,13.4,70.0,0.0,46.7,70.0,70.0,0.0,0.22,75.0,14,14,True,stable,Tensão territorial,70.0,Fallback histórico ativado,55.0,Sinal neural do ST-GAT,13.4,Tensão territorial: 70.0% | Fallback histórico ativado: 55.0% | Sinal neural do ST-GAT: 13.4%,"CARLITO PAMPLONA aparece na posição 28 de 109, com risco 16.1 e nível baixo; é território de atenção tática.","O peso principal vem de tensão territorial, com suporte territorial de 70.0% e 0 registros recentes na janela de 30 dias.",Leitura mais fraca; parte do peso vem de fallback histórico e deve ser confirmada em campo.,O território está próximo de pares vizinhos e pode oscilar no próximo ciclo.,"Verificar eventos recentes, pressão territorial e coerência com inteligência local antes da próxima atualização do ranking."
2026-06-02T08:40:53,2026-05-31,src/core/orchestrator.py:get_combined_risk,fortaleza_bairros_top30,29,ALDEOTA,ALDEOTA,fortaleza,bairro,16.0,baixo,22.5,muito baixa,65.5,moderada,0,0,12.0,41.3,0.0,0.0,46.7,0.0,0.0,0.0,0.22,74.1,14,14,True,stable,Fallback histórico ativado,55.0,Sinal neural do ST-GAT,41.3,Tensão territorial,0.0,Fallback histórico ativado: 55.0% | Sinal neural do ST-GAT: 41.3% | Tensão territorial: 0.0%,"ALDEOTA aparece na posição 29 de 109, com risco 16.0 e nível baixo; é território de atenção tática.","O peso principal vem de fallback histórico ativado, com suporte territorial de 0.0% e 0 registros recentes na janela de 30 dias.",Leitura mais fraca; parte do peso vem de fallback histórico e deve ser confirmada em campo.,O território está próximo de pares vizinhos e pode oscilar no próximo ciclo.,"Verificar eventos recentes, pressão territorial e coerência com inteligência local antes da próxima atualização do ranking."
2026-06-02T08:40:53,2026-05-31,src/core/orchestrator.py:get_combined_risk,fortaleza_bairros_top30,30,CONJUNTO PALMEIRAS,CONJUNTO PALMEIRAS,fortaleza,bairro,15.79,baixo,53.9,muito baixa,64.8,moderada,0,1,54.0,6.9,85.0,0.0,46.7,85.0,85.0,50.0,0.2,73.1,14,14,True,stable,Tensão territorial,85.0,Fallback histórico ativado,55.0,CVLI recente na janela de 30 dias,20.0,Tensão territorial: 85.0% | Fallback histórico ativado: 55.0% | CVLI recente na janela de 30 dias: 20.0%,"CONJUNTO PALMEIRAS aparece na posição 30 de 109, com risco 15.8 e nível baixo; é território de atenção tática.","O peso principal vem de tensão territorial, com suporte territorial de 85.0% e 1 registros recentes na janela de 30 dias.",Leitura mais fraca; parte do peso vem de fallback histórico e deve ser confirmada em campo.,O território está próximo de pares vizinhos e pode oscilar no próximo ciclo.,"Verificar eventos recentes, pressão territorial e coerência com inteligência local antes da próxima atualização do ranking."
