snapshot_generated_at,data_limit,source,scope,rank,name,name_normalized,region,territorial_level,risk_score,risk_level,confidence_pct,confidence_label,expressiveness_pct,expressiveness_label,recent_cvli_14d,recent_cvli_30d,historical_cvli,neural_score,tension_score,inclusion_score,calm_penalty,territorial_support_pct,historical_support_pct,live_support_pct,score_z,peer_percentile,dynamic_window_days,base_window_days,historical_fallback,trend,top_driver_1,top_driver_1_strength_pct,top_driver_2,top_driver_2_strength_pct,top_driver_3,top_driver_3_strength_pct,explainability_summary,leitura_rapida_gestor,por_que_importa_gestor,confianca_limites_gestor,expressividade_previsao_gestor,proxima_acao_gestor
2026-06-11T08:48:06,2026-06-08,src/core/orchestrator.py:get_combined_risk,cities_general_top30,1,TIANGUA,TIANGUA,interior,cidade,77.9,crítico,89.4,alta,97.1,muito alta,2,2,77.0,95.7,100.0,100.0,33.3,100.0,100.0,100.0,3.56,100.0,14,14,False,stable,Atividade recente e vizinhança,100.0,Tensão territorial,100.0,Sinal neural do ST-GAT,95.7,Atividade recente e vizinhança: 100.0% | Tensão territorial: 100.0% | Sinal neural do ST-GAT: 95.7%,"TIANGUA aparece na posição 1 de 69, com risco 77.9 e nível crítico; é prioridade imediata de acompanhamento.","O peso principal vem de atividade recente e vizinhança, com suporte territorial de 100.0% e 2 registros recentes na janela de 30 dias.",Leitura com boa sustentação dos sinais atuais.,O território está bem destacado no ranking frente aos pares.,"Verificar eventos recentes, pressão territorial e coerência com inteligência local antes da próxima atualização do ranking."
2026-06-11T08:48:06,2026-06-08,src/core/orchestrator.py:get_combined_risk,cities_general_top30,2,ITAPAJE,ITAPAJE,interior,cidade,72.38,crítico,92.7,alta,94.5,muito alta,2,3,44.0,83.4,100.0,100.0,46.7,100.0,60.0,100.0,3.21,98.5,14,14,False,stable,Atividade recente e vizinhança,100.0,Tensão territorial,100.0,Sinal neural do ST-GAT,83.4,Atividade recente e vizinhança: 100.0% | Tensão territorial: 100.0% | Sinal neural do ST-GAT: 83.4%,"ITAPAJE aparece na posição 2 de 69, com risco 72.4 e nível crítico; é prioridade imediata de acompanhamento.","O peso principal vem de atividade recente e vizinhança, com suporte territorial de 100.0% e 3 registros recentes na janela de 30 dias.",Leitura com boa sustentação dos sinais atuais.,O território está bem destacado no ranking frente aos pares.,"Verificar eventos recentes, pressão territorial e coerência com inteligência local antes da próxima atualização do ranking."
2026-06-11T08:48:06,2026-06-08,src/core/orchestrator.py:get_combined_risk,cities_general_top30,3,TRAIRI,TRAIRI,rmf,cidade,62.5,alto,87.8,alta,90.7,muito alta,1,5,17.0,100.0,0.0,50.0,30.0,100.0,0.0,100.0,2.59,97.1,30,14,False,stable,CVLI recente na janela de 30 dias,100.0,Sinal neural do ST-GAT,100.0,Atividade recente e vizinhança,50.0,CVLI recente na janela de 30 dias: 100.0% | Sinal neural do ST-GAT: 100.0% | Atividade recente e vizinhança: 50.0%,"TRAIRI aparece na posição 3 de 69, com risco 62.5 e nível alto; é prioridade imediata de acompanhamento.","O peso principal vem de cvli recente na janela de 30 dias, com suporte territorial de 100.0% e 5 registros recentes na janela de 30 dias.",Leitura com boa sustentação dos sinais atuais.,O território está bem destacado no ranking frente aos pares.,"Verificar eventos recentes, pressão territorial e coerência com inteligência local antes da próxima atualização do ranking."
2026-06-11T08:48:06,2026-06-08,src/core/orchestrator.py:get_combined_risk,cities_general_top30,4,JUAZEIRO DO NORTE,JUAZEIRO DO NORTE,interior,cidade,59.17,alto,77.9,moderada,88.8,muito alta,1,1,136.0,100.0,100.0,50.0,33.3,100.0,100.0,100.0,2.38,95.6,14,14,False,stable,Sinal neural do ST-GAT,100.0,Tensão territorial,100.0,Atividade recente e vizinhança,50.0,Sinal neural do ST-GAT: 100.0% | Tensão territorial: 100.0% | Atividade recente e vizinhança: 50.0%,"JUAZEIRO DO NORTE aparece na posição 4 de 69, com risco 59.2 e nível alto; é prioridade imediata de acompanhamento.","O peso principal vem de sinal neural do st-gat, com suporte territorial de 100.0% e 1 registros recentes na janela de 30 dias.","Leitura consistente, mas ainda pede validação operacional pontual.",O território está bem destacado no ranking frente aos pares.,"Verificar eventos recentes, pressão territorial e coerência com inteligência local antes da próxima atualização do ranking."
2026-06-11T08:48:06,2026-06-08,src/core/orchestrator.py:get_combined_risk,cities_general_top30,5,ITAPIUNA,ITAPIUNA,interior,cidade,56.21,alto,78.3,moderada,87.0,muito alta,1,1,20.0,93.6,100.0,50.0,40.0,100.0,0.0,100.0,2.19,94.1,14,14,False,stable,Tensão territorial,100.0,Sinal neural do ST-GAT,93.6,Atividade recente e vizinhança,50.0,Tensão territorial: 100.0% | Sinal neural do ST-GAT: 93.6% | Atividade recente e vizinhança: 50.0%,"ITAPIUNA aparece na posição 5 de 69, com risco 56.2 e nível alto; é prioridade imediata de acompanhamento.","O peso principal vem de tensão territorial, com suporte territorial de 100.0% e 1 registros recentes na janela de 30 dias.","Leitura consistente, mas ainda pede validação operacional pontual.",O território está bem destacado no ranking frente aos pares.,"Verificar eventos recentes, pressão territorial e coerência com inteligência local antes da próxima atualização do ranking."
2026-06-11T08:48:06,2026-06-08,src/core/orchestrator.py:get_combined_risk,cities_general_top30,6,GROAIRAS,GROAIRAS,interior,cidade,53.06,alto,78.7,moderada,85.1,muito alta,1,1,46.0,85.9,100.0,50.0,46.7,100.0,65.0,100.0,1.99,92.6,14,14,False,stable,Tensão territorial,100.0,Sinal neural do ST-GAT,85.9,Atividade recente e vizinhança,50.0,Tensão territorial: 100.0% | Sinal neural do ST-GAT: 85.9% | Atividade recente e vizinhança: 50.0%,"GROAIRAS aparece na posição 6 de 69, com risco 53.1 e nível alto; é prioridade alta de acompanhamento.","O peso principal vem de tensão territorial, com suporte territorial de 100.0% e 1 registros recentes na janela de 30 dias.","Leitura consistente, mas ainda pede validação operacional pontual.",O território está bem destacado no ranking frente aos pares.,"Verificar eventos recentes, pressão territorial e coerência com inteligência local antes da próxima atualização do ranking."
2026-06-11T08:48:06,2026-06-08,src/core/orchestrator.py:get_combined_risk,cities_general_top30,7,CAUCAIA,CAUCAIA,rmf,cidade,35.91,moderado,45.8,muito baixa,79.1,alta,0,0,612.0,88.4,20.0,0.0,46.7,20.0,100.0,0.0,0.91,91.2,30,14,False,stable,Sinal neural do ST-GAT,88.4,Tensão territorial,20.0,Atividade recente e vizinhança,0.0,Sinal neural do ST-GAT: 88.4% | Tensão territorial: 20.0% | Atividade recente e vizinhança: 0.0%,"CAUCAIA aparece na posição 7 de 69, com risco 35.9 e nível moderado; é prioridade alta de acompanhamento.","O peso principal vem de sinal neural do st-gat, com suporte territorial de 20.0% e 0 registros recentes na janela de 30 dias.",Leitura sensível a ruído; requer conferência adicional antes de decisão forte.,"O território se diferencia do bloco intermediário, mas sem isolamento absoluto.","Verificar eventos recentes, pressão territorial e coerência com inteligência local antes da próxima atualização do ranking."
2026-06-11T08:48:06,2026-06-08,src/core/orchestrator.py:get_combined_risk,cities_general_top30,8,MARACANAU,MARACANAU,rmf,cidade,27.35,baixo,43.2,muito baixa,75.6,alta,0,0,626.0,66.1,20.0,0.0,46.7,20.0,100.0,0.0,0.37,89.7,30,14,False,stable,Sinal neural do ST-GAT,66.1,Tensão territorial,20.0,Atividade recente e vizinhança,0.0,Sinal neural do ST-GAT: 66.1% | Tensão territorial: 20.0% | Atividade recente e vizinhança: 0.0%,"MARACANAU aparece na posição 8 de 69, com risco 27.4 e nível baixo; é prioridade alta de acompanhamento.","O peso principal vem de sinal neural do st-gat, com suporte territorial de 20.0% e 0 registros recentes na janela de 30 dias.",Leitura sensível a ruído; requer conferência adicional antes de decisão forte.,"O território se diferencia do bloco intermediário, mas sem isolamento absoluto.","Verificar eventos recentes, pressão territorial e coerência com inteligência local antes da próxima atualização do ranking."
2026-06-11T08:48:06,2026-06-08,src/core/orchestrator.py:get_combined_risk,cities_general_top30,9,VARZEA ALEGRE,VARZEA ALEGRE,interior,cidade,25.93,baixo,57.3,baixa,74.3,alta,0,1,16.0,78.0,50.0,0.0,46.7,50.0,0.0,50.0,0.28,88.2,14,14,False,stable,Sinal neural do ST-GAT,78.0,Tensão territorial,50.0,CVLI recente na janela de 30 dias,20.0,Sinal neural do ST-GAT: 78.0% | Tensão territorial: 50.0% | CVLI recente na janela de 30 dias: 20.0%,"VARZEA ALEGRE aparece na posição 9 de 69, com risco 25.9 e nível baixo; é prioridade alta de acompanhamento.","O peso principal vem de sinal neural do st-gat, com suporte territorial de 50.0% e 1 registros recentes na janela de 30 dias.",Leitura sensível a ruído; requer conferência adicional antes de decisão forte.,"O território se diferencia do bloco intermediário, mas sem isolamento absoluto.","Verificar eventos recentes, pressão territorial e coerência com inteligência local antes da próxima atualização do ranking."
2026-06-11T08:48:06,2026-06-08,src/core/orchestrator.py:get_combined_risk,cities_general_top30,10,ALTO SANTO,ALTO SANTO,interior,cidade,25.92,baixo,57.3,baixa,73.4,alta,0,1,22.0,78.0,50.0,0.0,46.7,50.0,5.0,50.0,0.28,86.8,14,14,False,stable,Sinal neural do ST-GAT,78.0,Tensão territorial,50.0,CVLI recente na janela de 30 dias,20.0,Sinal neural do ST-GAT: 78.0% | Tensão territorial: 50.0% | CVLI recente na janela de 30 dias: 20.0%,"ALTO SANTO aparece na posição 10 de 69, com risco 25.9 e nível baixo; é prioridade alta de acompanhamento.","O peso principal vem de sinal neural do st-gat, com suporte territorial de 50.0% e 1 registros recentes na janela de 30 dias.",Leitura sensível a ruído; requer conferência adicional antes de decisão forte.,"O território se diferencia do bloco intermediário, mas sem isolamento absoluto.","Verificar eventos recentes, pressão territorial e coerência com inteligência local antes da próxima atualização do ranking."
2026-06-11T08:48:06,2026-06-08,src/core/orchestrator.py:get_combined_risk,cities_general_top30,11,SOBRAL,SOBRAL,interior,cidade,24.66,baixo,45.3,muito baixa,72.1,alta,0,0,64.0,84.5,20.0,0.0,46.7,20.0,100.0,0.0,0.2,85.3,14,14,False,stable,Sinal neural do ST-GAT,84.5,Tensão territorial,20.0,Atividade recente e vizinhança,0.0,Sinal neural do ST-GAT: 84.5% | Tensão territorial: 20.0% | Atividade recente e vizinhança: 0.0%,"SOBRAL aparece na posição 11 de 69, com risco 24.7 e nível baixo; é território de atenção tática.","O peso principal vem de sinal neural do st-gat, com suporte territorial de 20.0% e 0 registros recentes na janela de 30 dias.",Leitura sensível a ruído; requer conferência adicional antes de decisão forte.,"O território se diferencia do bloco intermediário, mas sem isolamento absoluto.","Verificar eventos recentes, pressão territorial e coerência com inteligência local antes da próxima atualização do ranking."
2026-06-11T08:48:06,2026-06-08,src/core/orchestrator.py:get_combined_risk,cities_general_top30,12,IGUATU,IGUATU,interior,cidade,24.3,baixo,45.2,muito baixa,71.1,alta,0,0,81.0,83.1,20.0,0.0,46.7,20.0,100.0,0.0,0.18,83.8,14,14,False,stable,Sinal neural do ST-GAT,83.1,Tensão territorial,20.0,Atividade recente e vizinhança,0.0,Sinal neural do ST-GAT: 83.1% | Tensão territorial: 20.0% | Atividade recente e vizinhança: 0.0%,"IGUATU aparece na posição 12 de 69, com risco 24.3 e nível baixo; é território de atenção tática.","O peso principal vem de sinal neural do st-gat, com suporte territorial de 20.0% e 0 registros recentes na janela de 30 dias.",Leitura sensível a ruído; requer conferência adicional antes de decisão forte.,"O território se diferencia do bloco intermediário, mas sem isolamento absoluto.","Verificar eventos recentes, pressão territorial e coerência com inteligência local antes da próxima atualização do ranking."
2026-06-11T08:48:06,2026-06-08,src/core/orchestrator.py:get_combined_risk,cities_general_top30,13,BATURITE,BATURITE,interior,cidade,24.3,baixo,45.2,muito baixa,70.3,alta,0,0,61.0,83.1,20.0,0.0,46.7,20.0,100.0,0.0,0.18,82.4,14,14,False,stable,Sinal neural do ST-GAT,83.1,Tensão territorial,20.0,Atividade recente e vizinhança,0.0,Sinal neural do ST-GAT: 83.1% | Tensão territorial: 20.0% | Atividade recente e vizinhança: 0.0%,"BATURITE aparece na posição 13 de 69, com risco 24.3 e nível baixo; é território de atenção tática.","O peso principal vem de sinal neural do st-gat, com suporte territorial de 20.0% e 0 registros recentes na janela de 30 dias.",Leitura sensível a ruído; requer conferência adicional antes de decisão forte.,"O território se diferencia do bloco intermediário, mas sem isolamento absoluto.","Verificar eventos recentes, pressão territorial e coerência com inteligência local antes da próxima atualização do ranking."
2026-06-11T08:48:06,2026-06-08,src/core/orchestrator.py:get_combined_risk,cities_general_top30,14,LIMOEIRO DO NORTE,LIMOEIRO DO NORTE,interior,cidade,23.3,baixo,42.2,muito baixa,69.1,moderada,0,0,40.0,83.1,10.0,0.0,46.7,10.0,50.0,0.0,0.11,80.9,14,14,False,stable,Sinal neural do ST-GAT,83.1,Tensão territorial,10.0,Atividade recente e vizinhança,0.0,Sinal neural do ST-GAT: 83.1% | Tensão territorial: 10.0% | Atividade recente e vizinhança: 0.0%,"LIMOEIRO DO NORTE aparece na posição 14 de 69, com risco 23.3 e nível baixo; é território de atenção tática.","O peso principal vem de sinal neural do st-gat, com suporte territorial de 10.0% e 0 registros recentes na janela de 30 dias.",Leitura sensível a ruído; requer conferência adicional antes de decisão forte.,O território está próximo de pares vizinhos e pode oscilar no próximo ciclo.,"Verificar eventos recentes, pressão territorial e coerência com inteligência local antes da próxima atualização do ranking."
2026-06-11T08:48:06,2026-06-08,src/core/orchestrator.py:get_combined_risk,cities_general_top30,15,ARATUBA,ARATUBA,interior,cidade,22.9,baixo,40.9,muito baixa,68.1,moderada,0,0,32.0,83.1,6.0,0.0,46.7,6.0,30.0,0.0,0.09,79.4,14,14,False,stable,Sinal neural do ST-GAT,83.1,Tensão territorial,6.0,Atividade recente e vizinhança,0.0,Sinal neural do ST-GAT: 83.1% | Tensão territorial: 6.0% | Atividade recente e vizinhança: 0.0%,"ARATUBA aparece na posição 15 de 69, com risco 22.9 e nível baixo; é território de atenção tática.","O peso principal vem de sinal neural do st-gat, com suporte territorial de 6.0% e 0 registros recentes na janela de 30 dias.",Leitura sensível a ruído; requer conferência adicional antes de decisão forte.,O território está próximo de pares vizinhos e pode oscilar no próximo ciclo.,"Verificar eventos recentes, pressão territorial e coerência com inteligência local antes da próxima atualização do ranking."
2026-06-11T08:48:06,2026-06-08,src/core/orchestrator.py:get_combined_risk,cities_general_top30,16,FORQUILHA,FORQUILHA,interior,cidade,22.66,baixo,39.2,muito baixa,67.1,moderada,0,0,12.0,84.5,0.0,0.0,46.7,0.0,0.0,0.0,0.07,77.9,14,14,False,stable,Sinal neural do ST-GAT,84.5,Tensão territorial,0.0,Atividade recente e vizinhança,0.0,Sinal neural do ST-GAT: 84.5% | Tensão territorial: 0.0% | Atividade recente e vizinhança: 0.0%,"FORQUILHA aparece na posição 16 de 69, com risco 22.7 e nível baixo; é território de atenção tática.","O peso principal vem de sinal neural do st-gat, com suporte territorial de 0.0% e 0 registros recentes na janela de 30 dias.",Leitura sensível a ruído; requer conferência adicional antes de decisão forte.,O território está próximo de pares vizinhos e pode oscilar no próximo ciclo.,"Verificar eventos recentes, pressão territorial e coerência com inteligência local antes da próxima atualização do ranking."
2026-06-11T08:48:06,2026-06-08,src/core/orchestrator.py:get_combined_risk,cities_general_top30,17,URUBURETAMA,URUBURETAMA,interior,cidade,22.49,baixo,39.5,muito baixa,66.2,moderada,0,0,23.0,83.2,1.5,0.0,46.7,1.5,7.5,0.0,0.06,76.5,14,14,False,stable,Sinal neural do ST-GAT,83.2,Tensão territorial,1.5,Atividade recente e vizinhança,0.0,Sinal neural do ST-GAT: 83.2% | Tensão territorial: 1.5% | Atividade recente e vizinhança: 0.0%,"URUBURETAMA aparece na posição 17 de 69, com risco 22.5 e nível baixo; é território de atenção tática.","O peso principal vem de sinal neural do st-gat, com suporte territorial de 1.5% e 0 registros recentes na janela de 30 dias.",Leitura sensível a ruído; requer conferência adicional antes de decisão forte.,O território está próximo de pares vizinhos e pode oscilar no próximo ciclo.,"Verificar eventos recentes, pressão territorial e coerência com inteligência local antes da próxima atualização do ranking."
2026-06-11T08:48:06,2026-06-08,src/core/orchestrator.py:get_combined_risk,cities_general_top30,18,NOVA OLINDA,NOVA OLINDA,interior,cidade,22.45,baixo,39.5,muito baixa,65.3,moderada,0,0,23.0,83.1,1.5,0.0,46.7,1.5,7.5,0.0,0.06,75.0,14,14,False,stable,Sinal neural do ST-GAT,83.1,Tensão territorial,1.5,Atividade recente e vizinhança,0.0,Sinal neural do ST-GAT: 83.1% | Tensão territorial: 1.5% | Atividade recente e vizinhança: 0.0%,"NOVA OLINDA aparece na posição 18 de 69, com risco 22.4 e nível baixo; é território de atenção tática.","O peso principal vem de sinal neural do st-gat, com suporte territorial de 1.5% e 0 registros recentes na janela de 30 dias.",Leitura sensível a ruído; requer conferência adicional antes de decisão forte.,O território está próximo de pares vizinhos e pode oscilar no próximo ciclo.,"Verificar eventos recentes, pressão territorial e coerência com inteligência local antes da próxima atualização do ranking."
2026-06-11T08:48:06,2026-06-08,src/core/orchestrator.py:get_combined_risk,cities_general_top30,19,VICOSA DO CEARA,VICOSA DO CEARA,interior,cidade,22.4,baixo,39.3,muito baixa,64.4,moderada,0,0,22.0,83.1,1.0,0.0,46.7,1.0,5.0,0.0,0.06,73.5,14,14,False,stable,Sinal neural do ST-GAT,83.1,Tensão territorial,1.0,Atividade recente e vizinhança,0.0,Sinal neural do ST-GAT: 83.1% | Tensão territorial: 1.0% | Atividade recente e vizinhança: 0.0%,"VICOSA DO CEARA aparece na posição 19 de 69, com risco 22.4 e nível baixo; é território de atenção tática.","O peso principal vem de sinal neural do st-gat, com suporte territorial de 1.0% e 0 registros recentes na janela de 30 dias.",Leitura sensível a ruído; requer conferência adicional antes de decisão forte.,O território está próximo de pares vizinhos e pode oscilar no próximo ciclo.,"Verificar eventos recentes, pressão territorial e coerência com inteligência local antes da próxima atualização do ranking."
2026-06-11T08:48:06,2026-06-08,src/core/orchestrator.py:get_combined_risk,cities_general_top30,20,SANTANA DO ACARAU,SANTANA DO ACARAU,interior,cidade,22.37,baixo,39.1,muito baixa,63.5,moderada,0,0,9.0,83.4,0.0,0.0,46.7,0.0,0.0,0.0,0.06,72.1,14,14,False,stable,Sinal neural do ST-GAT,83.4,Tensão territorial,0.0,Atividade recente e vizinhança,0.0,Sinal neural do ST-GAT: 83.4% | Tensão territorial: 0.0% | Atividade recente e vizinhança: 0.0%,"SANTANA DO ACARAU aparece na posição 20 de 69, com risco 22.4 e nível baixo; é território de atenção tática.","O peso principal vem de sinal neural do st-gat, com suporte territorial de 0.0% e 0 registros recentes na janela de 30 dias.",Leitura sensível a ruído; requer conferência adicional antes de decisão forte.,O território está próximo de pares vizinhos e pode oscilar no próximo ciclo.,"Verificar eventos recentes, pressão territorial e coerência com inteligência local antes da próxima atualização do ranking."
2026-06-11T08:48:06,2026-06-08,src/core/orchestrator.py:get_combined_risk,cities_general_top30,21,CAPISTRANO,CAPISTRANO,interior,cidade,22.35,baixo,39.2,muito baixa,62.6,moderada,0,0,21.0,83.1,0.5,0.0,46.7,0.5,2.5,0.0,0.05,70.6,14,14,False,stable,Sinal neural do ST-GAT,83.1,Tensão territorial,0.5,Atividade recente e vizinhança,0.0,Sinal neural do ST-GAT: 83.1% | Tensão territorial: 0.5% | Atividade recente e vizinhança: 0.0%,"CAPISTRANO aparece na posição 21 de 69, com risco 22.4 e nível baixo; é território de atenção tática.","O peso principal vem de sinal neural do st-gat, com suporte territorial de 0.5% e 0 registros recentes na janela de 30 dias.",Leitura sensível a ruído; requer conferência adicional antes de decisão forte.,O território está próximo de pares vizinhos e pode oscilar no próximo ciclo.,"Verificar eventos recentes, pressão territorial e coerência com inteligência local antes da próxima atualização do ranking."
2026-06-11T08:48:06,2026-06-08,src/core/orchestrator.py:get_combined_risk,cities_general_top30,22,ACOPIARA,ACOPIARA,interior,cidade,22.31,baixo,39.0,muito baixa,61.7,moderada,0,0,14.0,83.2,0.0,0.0,46.7,0.0,0.0,0.0,0.05,69.1,14,14,False,stable,Sinal neural do ST-GAT,83.2,Tensão territorial,0.0,Atividade recente e vizinhança,0.0,Sinal neural do ST-GAT: 83.2% | Tensão territorial: 0.0% | Atividade recente e vizinhança: 0.0%,"ACOPIARA aparece na posição 22 de 69, com risco 22.3 e nível baixo; é território de atenção tática.","O peso principal vem de sinal neural do st-gat, com suporte territorial de 0.0% e 0 registros recentes na janela de 30 dias.",Leitura sensível a ruído; requer conferência adicional antes de decisão forte.,O território está próximo de pares vizinhos e pode oscilar no próximo ciclo.,"Verificar eventos recentes, pressão territorial e coerência com inteligência local antes da próxima atualização do ranking."
2026-06-11T08:48:06,2026-06-08,src/core/orchestrator.py:get_combined_risk,cities_general_top30,23,CEDRO,CEDRO,interior,cidade,22.31,baixo,39.0,muito baixa,60.8,moderada,0,0,10.0,83.2,0.0,0.0,46.7,0.0,0.0,0.0,0.05,67.6,14,14,False,stable,Sinal neural do ST-GAT,83.2,Tensão territorial,0.0,Atividade recente e vizinhança,0.0,Sinal neural do ST-GAT: 83.2% | Tensão territorial: 0.0% | Atividade recente e vizinhança: 0.0%,"CEDRO aparece na posição 23 de 69, com risco 22.3 e nível baixo; é território de atenção tática.","O peso principal vem de sinal neural do st-gat, com suporte territorial de 0.0% e 0 registros recentes na janela de 30 dias.",Leitura sensível a ruído; requer conferência adicional antes de decisão forte.,O território está próximo de pares vizinhos e pode oscilar no próximo ciclo.,"Verificar eventos recentes, pressão territorial e coerência com inteligência local antes da próxima atualização do ranking."
2026-06-11T08:48:06,2026-06-08,src/core/orchestrator.py:get_combined_risk,cities_general_top30,24,CARIRIACU,CARIRIACU,interior,cidade,22.3,baixo,39.0,muito baixa,60.0,moderada,0,0,14.0,83.1,0.0,0.0,46.7,0.0,0.0,0.0,0.05,66.2,14,14,False,stable,Sinal neural do ST-GAT,83.1,Tensão territorial,0.0,Atividade recente e vizinhança,0.0,Sinal neural do ST-GAT: 83.1% | Tensão territorial: 0.0% | Atividade recente e vizinhança: 0.0%,"CARIRIACU aparece na posição 24 de 69, com risco 22.3 e nível baixo; é território de atenção tática.","O peso principal vem de sinal neural do st-gat, com suporte territorial de 0.0% e 0 registros recentes na janela de 30 dias.",Leitura sensível a ruído; requer conferência adicional antes de decisão forte.,O território está próximo de pares vizinhos e pode oscilar no próximo ciclo.,"Verificar eventos recentes, pressão territorial e coerência com inteligência local antes da próxima atualização do ranking."
2026-06-11T08:48:06,2026-06-08,src/core/orchestrator.py:get_combined_risk,cities_general_top30,25,GRACA,GRACA,interior,cidade,22.3,baixo,39.0,muito baixa,59.1,moderada,0,0,14.0,83.1,0.0,0.0,46.7,0.0,0.0,0.0,0.05,64.7,14,14,False,stable,Sinal neural do ST-GAT,83.1,Tensão territorial,0.0,Atividade recente e vizinhança,0.0,Sinal neural do ST-GAT: 83.1% | Tensão territorial: 0.0% | Atividade recente e vizinhança: 0.0%,"GRACA aparece na posição 25 de 69, com risco 22.3 e nível baixo; é território de atenção tática.","O peso principal vem de sinal neural do st-gat, com suporte territorial de 0.0% e 0 registros recentes na janela de 30 dias.",Leitura sensível a ruído; requer conferência adicional antes de decisão forte.,O território está próximo de pares vizinhos e pode oscilar no próximo ciclo.,"Verificar eventos recentes, pressão territorial e coerência com inteligência local antes da próxima atualização do ranking."
2026-06-11T08:48:06,2026-06-08,src/core/orchestrator.py:get_combined_risk,cities_general_top30,26,GENERAL SAMPAIO,GENERAL SAMPAIO,interior,cidade,22.3,baixo,39.0,muito baixa,58.2,moderada,0,0,14.0,83.1,0.0,0.0,46.7,0.0,0.0,0.0,0.05,63.2,14,14,False,stable,Sinal neural do ST-GAT,83.1,Tensão territorial,0.0,Atividade recente e vizinhança,0.0,Sinal neural do ST-GAT: 83.1% | Tensão territorial: 0.0% | Atividade recente e vizinhança: 0.0%,"GENERAL SAMPAIO aparece na posição 26 de 69, com risco 22.3 e nível baixo; é território de atenção tática.","O peso principal vem de sinal neural do st-gat, com suporte territorial de 0.0% e 0 registros recentes na janela de 30 dias.",Leitura sensível a ruído; requer conferência adicional antes de decisão forte.,O território está próximo de pares vizinhos e pode oscilar no próximo ciclo.,"Verificar eventos recentes, pressão territorial e coerência com inteligência local antes da próxima atualização do ranking."
2026-06-11T08:48:06,2026-06-08,src/core/orchestrator.py:get_combined_risk,cities_general_top30,27,OROS,OROS,interior,cidade,22.3,baixo,39.0,muito baixa,57.3,moderada,0,0,12.0,83.1,0.0,0.0,46.7,0.0,0.0,0.0,0.05,61.8,14,14,False,stable,Sinal neural do ST-GAT,83.1,Tensão territorial,0.0,Atividade recente e vizinhança,0.0,Sinal neural do ST-GAT: 83.1% | Tensão territorial: 0.0% | Atividade recente e vizinhança: 0.0%,"OROS aparece na posição 27 de 69, com risco 22.3 e nível baixo; é território de atenção tática.","O peso principal vem de sinal neural do st-gat, com suporte territorial de 0.0% e 0 registros recentes na janela de 30 dias.",Leitura sensível a ruído; requer conferência adicional antes de decisão forte.,O território está próximo de pares vizinhos e pode oscilar no próximo ciclo.,"Verificar eventos recentes, pressão territorial e coerência com inteligência local antes da próxima atualização do ranking."
2026-06-11T08:48:06,2026-06-08,src/core/orchestrator.py:get_combined_risk,cities_general_top30,28,ACARAPE,ACARAPE,interior,cidade,22.3,baixo,39.0,muito baixa,56.4,moderada,0,0,11.0,83.1,0.0,0.0,46.7,0.0,0.0,0.0,0.05,60.3,14,14,False,stable,Sinal neural do ST-GAT,83.1,Tensão territorial,0.0,Atividade recente e vizinhança,0.0,Sinal neural do ST-GAT: 83.1% | Tensão territorial: 0.0% | Atividade recente e vizinhança: 0.0%,"ACARAPE aparece na posição 28 de 69, com risco 22.3 e nível baixo; é território de atenção tática.","O peso principal vem de sinal neural do st-gat, com suporte territorial de 0.0% e 0 registros recentes na janela de 30 dias.",Leitura sensível a ruído; requer conferência adicional antes de decisão forte.,O território está próximo de pares vizinhos e pode oscilar no próximo ciclo.,"Verificar eventos recentes, pressão territorial e coerência com inteligência local antes da próxima atualização do ranking."
2026-06-11T08:48:06,2026-06-08,src/core/orchestrator.py:get_combined_risk,cities_general_top30,29,MILAGRES,MILAGRES,interior,cidade,22.3,baixo,39.0,muito baixa,55.5,moderada,0,0,12.0,83.1,0.0,0.0,46.7,0.0,0.0,0.0,0.05,58.8,14,14,False,stable,Sinal neural do ST-GAT,83.1,Tensão territorial,0.0,Atividade recente e vizinhança,0.0,Sinal neural do ST-GAT: 83.1% | Tensão territorial: 0.0% | Atividade recente e vizinhança: 0.0%,"MILAGRES aparece na posição 29 de 69, com risco 22.3 e nível baixo; é território de atenção tática.","O peso principal vem de sinal neural do st-gat, com suporte territorial de 0.0% e 0 registros recentes na janela de 30 dias.",Leitura sensível a ruído; requer conferência adicional antes de decisão forte.,O território está próximo de pares vizinhos e pode oscilar no próximo ciclo.,"Verificar eventos recentes, pressão territorial e coerência com inteligência local antes da próxima atualização do ranking."
2026-06-11T08:48:06,2026-06-08,src/core/orchestrator.py:get_combined_risk,cities_general_top30,30,BANABUIU,BANABUIU,interior,cidade,22.3,baixo,39.0,muito baixa,54.7,moderada,0,0,11.0,83.1,0.0,0.0,46.7,0.0,0.0,0.0,0.05,57.4,14,14,False,stable,Sinal neural do ST-GAT,83.1,Tensão territorial,0.0,Atividade recente e vizinhança,0.0,Sinal neural do ST-GAT: 83.1% | Tensão territorial: 0.0% | Atividade recente e vizinhança: 0.0%,"BANABUIU aparece na posição 30 de 69, com risco 22.3 e nível baixo; é território de atenção tática.","O peso principal vem de sinal neural do st-gat, com suporte territorial de 0.0% e 0 registros recentes na janela de 30 dias.",Leitura sensível a ruído; requer conferência adicional antes de decisão forte.,O território está próximo de pares vizinhos e pode oscilar no próximo ciclo.,"Verificar eventos recentes, pressão territorial e coerência com inteligência local antes da próxima atualização do ranking."
2026-06-11T08:48:06,2026-06-08,src/core/orchestrator.py:get_combined_risk,cities_rmf_top20,1,TRAIRI,TRAIRI,rmf,cidade,62.5,alto,87.8,alta,96.6,muito alta,1,5,17.0,100.0,0.0,50.0,30.0,100.0,0.0,100.0,3.45,100.0,30,14,False,stable,CVLI recente na janela de 30 dias,100.0,Sinal neural do ST-GAT,100.0,Atividade recente e vizinhança,50.0,CVLI recente na janela de 30 dias: 100.0% | Sinal neural do ST-GAT: 100.0% | Atividade recente e vizinhança: 50.0%,"TRAIRI aparece na posição 1 de 19, com risco 62.5 e nível alto; é prioridade imediata de acompanhamento.","O peso principal vem de cvli recente na janela de 30 dias, com suporte territorial de 100.0% e 5 registros recentes na janela de 30 dias.",Leitura com boa sustentação dos sinais atuais.,O território está bem destacado no ranking frente aos pares.,"Verificar eventos recentes, pressão territorial e coerência com inteligência local antes da próxima atualização do ranking."
2026-06-11T08:48:06,2026-06-08,src/core/orchestrator.py:get_combined_risk,cities_rmf_top20,2,CAUCAIA,CAUCAIA,rmf,cidade,35.91,moderado,45.8,muito baixa,84.8,alta,0,0,612.0,88.4,20.0,0.0,46.7,20.0,100.0,0.0,1.7,94.4,30,14,False,stable,Sinal neural do ST-GAT,88.4,Tensão territorial,20.0,Atividade recente e vizinhança,0.0,Sinal neural do ST-GAT: 88.4% | Tensão territorial: 20.0% | Atividade recente e vizinhança: 0.0%,"CAUCAIA aparece na posição 2 de 19, com risco 35.9 e nível moderado; é prioridade imediata de acompanhamento.","O peso principal vem de sinal neural do st-gat, com suporte territorial de 20.0% e 0 registros recentes na janela de 30 dias.",Leitura sensível a ruído; requer conferência adicional antes de decisão forte.,"O território se diferencia do bloco intermediário, mas sem isolamento absoluto.","Verificar eventos recentes, pressão territorial e coerência com inteligência local antes da próxima atualização do ranking."
2026-06-11T08:48:06,2026-06-08,src/core/orchestrator.py:get_combined_risk,cities_rmf_top20,3,MARACANAU,MARACANAU,rmf,cidade,27.35,baixo,43.2,muito baixa,78.8,alta,0,0,626.0,66.1,20.0,0.0,46.7,20.0,100.0,0.0,1.14,88.9,30,14,False,stable,Sinal neural do ST-GAT,66.1,Tensão territorial,20.0,Atividade recente e vizinhança,0.0,Sinal neural do ST-GAT: 66.1% | Tensão territorial: 20.0% | Atividade recente e vizinhança: 0.0%,"MARACANAU aparece na posição 3 de 19, com risco 27.4 e nível baixo; é prioridade imediata de acompanhamento.","O peso principal vem de sinal neural do st-gat, com suporte territorial de 20.0% e 0 registros recentes na janela de 30 dias.",Leitura sensível a ruído; requer conferência adicional antes de decisão forte.,"O território se diferencia do bloco intermediário, mas sem isolamento absoluto.","Verificar eventos recentes, pressão territorial e coerência com inteligência local antes da próxima atualização do ranking."
2026-06-11T08:48:06,2026-06-08,src/core/orchestrator.py:get_combined_risk,cities_rmf_top20,4,EUSEBIO,EUSEBIO,rmf,cidade,10.35,baixo,50.4,muito baixa,70.1,alta,0,1,34.0,27.0,0.0,0.0,46.7,50.0,35.0,50.0,0.02,83.3,30,14,False,stable,Sinal neural do ST-GAT,27.0,CVLI recente na janela de 30 dias,20.0,Tensão territorial,0.0,Sinal neural do ST-GAT: 27.0% | CVLI recente na janela de 30 dias: 20.0% | Tensão territorial: 0.0%,"EUSEBIO aparece na posição 4 de 19, com risco 10.3 e nível baixo; é prioridade imediata de acompanhamento.","O peso principal vem de sinal neural do st-gat, com suporte territorial de 50.0% e 1 registros recentes na janela de 30 dias.",Leitura sensível a ruído; requer conferência adicional antes de decisão forte.,"O território se diferencia do bloco intermediário, mas sem isolamento absoluto.","Verificar eventos recentes, pressão territorial e coerência com inteligência local antes da próxima atualização do ranking."
2026-06-11T08:48:06,2026-06-08,src/core/orchestrator.py:get_combined_risk,cities_rmf_top20,5,HORIZONTE,HORIZONTE,rmf,cidade,7.26,baixo,37.1,muito baixa,65.8,moderada,0,0,128.0,18.9,0.0,0.0,46.7,20.0,100.0,0.0,-0.18,77.8,30,14,False,stable,Sinal neural do ST-GAT,18.9,Tensão territorial,0.0,Atividade recente e vizinhança,0.0,Sinal neural do ST-GAT: 18.9% | Tensão territorial: 0.0% | Atividade recente e vizinhança: 0.0%,"HORIZONTE aparece na posição 5 de 19, com risco 7.3 e nível baixo; é prioridade imediata de acompanhamento.","O peso principal vem de sinal neural do st-gat, com suporte territorial de 20.0% e 0 registros recentes na janela de 30 dias.",Leitura sensível a ruído; requer conferência adicional antes de decisão forte.,O território está próximo de pares vizinhos e pode oscilar no próximo ciclo.,"Verificar eventos recentes, pressão territorial e coerência com inteligência local antes da próxima atualização do ranking."
2026-06-11T08:48:06,2026-06-08,src/core/orchestrator.py:get_combined_risk,cities_rmf_top20,6,SAO GONCALO DO AMARANTE,SAO GONCALO DO AMARANTE,rmf,cidade,7.26,baixo,32.1,muito baixa,62.5,moderada,0,0,1.0,18.9,0.0,0.0,46.7,0.0,0.0,0.0,-0.18,72.2,30,14,False,stable,Sinal neural do ST-GAT,18.9,Tensão territorial,0.0,Atividade recente e vizinhança,0.0,Sinal neural do ST-GAT: 18.9% | Tensão territorial: 0.0% | Atividade recente e vizinhança: 0.0%,"SAO GONCALO DO AMARANTE aparece na posição 6 de 19, com risco 7.3 e nível baixo; é prioridade alta de acompanhamento.","O peso principal vem de sinal neural do st-gat, com suporte territorial de 0.0% e 0 registros recentes na janela de 30 dias.",Leitura sensível a ruído; requer conferência adicional antes de decisão forte.,O território está próximo de pares vizinhos e pode oscilar no próximo ciclo.,"Verificar eventos recentes, pressão territorial e coerência com inteligência local antes da próxima atualização do ranking."
2026-06-11T08:48:06,2026-06-08,src/core/orchestrator.py:get_combined_risk,cities_rmf_top20,7,BEBERIBE,BEBERIBE,rmf,cidade,3.65,baixo,31.0,muito baixa,58.0,moderada,0,0,1.0,9.5,0.0,0.0,46.7,0.0,0.0,0.0,-0.42,66.7,30,14,False,stable,Sinal neural do ST-GAT,9.5,Tensão territorial,0.0,Atividade recente e vizinhança,0.0,Sinal neural do ST-GAT: 9.5% | Tensão territorial: 0.0% | Atividade recente e vizinhança: 0.0%,"BEBERIBE aparece na posição 7 de 19, com risco 3.6 e nível baixo; é prioridade alta de acompanhamento.","O peso principal vem de sinal neural do st-gat, com suporte territorial de 0.0% e 0 registros recentes na janela de 30 dias.",Leitura sensível a ruído; requer conferência adicional antes de decisão forte.,O território está próximo de pares vizinhos e pode oscilar no próximo ciclo.,"Verificar eventos recentes, pressão territorial e coerência com inteligência local antes da próxima atualização do ranking."
2026-06-11T08:48:06,2026-06-08,src/core/orchestrator.py:get_combined_risk,cities_rmf_top20,8,CASCAVEL,CASCAVEL,rmf,cidade,3.65,baixo,31.0,muito baixa,54.7,moderada,0,0,2.0,9.5,0.0,0.0,46.7,0.0,0.0,0.0,-0.42,61.1,30,14,False,stable,Sinal neural do ST-GAT,9.5,Tensão territorial,0.0,Atividade recente e vizinhança,0.0,Sinal neural do ST-GAT: 9.5% | Tensão territorial: 0.0% | Atividade recente e vizinhança: 0.0%,"CASCAVEL aparece na posição 8 de 19, com risco 3.6 e nível baixo; é prioridade alta de acompanhamento.","O peso principal vem de sinal neural do st-gat, com suporte territorial de 0.0% e 0 registros recentes na janela de 30 dias.",Leitura sensível a ruído; requer conferência adicional antes de decisão forte.,O território está próximo de pares vizinhos e pode oscilar no próximo ciclo.,"Verificar eventos recentes, pressão territorial e coerência com inteligência local antes da próxima atualização do ranking."
2026-06-11T08:48:06,2026-06-08,src/core/orchestrator.py:get_combined_risk,cities_rmf_top20,9,SAO LUIS DO CURU,SAO LUIS DO CURU,rmf,cidade,3.65,baixo,31.4,muito baixa,51.4,moderada,0,0,23.0,9.5,0.0,0.0,46.7,1.5,7.5,0.0,-0.42,55.6,30,14,False,stable,Sinal neural do ST-GAT,9.5,Tensão territorial,0.0,Atividade recente e vizinhança,0.0,Sinal neural do ST-GAT: 9.5% | Tensão territorial: 0.0% | Atividade recente e vizinhança: 0.0%,"SAO LUIS DO CURU aparece na posição 9 de 19, com risco 3.6 e nível baixo; é prioridade alta de acompanhamento.","O peso principal vem de sinal neural do st-gat, com suporte territorial de 1.5% e 0 registros recentes na janela de 30 dias.",Leitura sensível a ruído; requer conferência adicional antes de decisão forte.,O território está próximo de pares vizinhos e pode oscilar no próximo ciclo.,"Verificar eventos recentes, pressão territorial e coerência com inteligência local antes da próxima atualização do ranking."
2026-06-11T08:48:06,2026-06-08,src/core/orchestrator.py:get_combined_risk,cities_rmf_top20,10,MARANGUAPE,MARANGUAPE,rmf,cidade,3.65,baixo,31.0,muito baixa,48.0,baixa,0,0,9.0,9.5,0.0,0.0,46.7,0.0,0.0,0.0,-0.42,50.0,30,14,False,stable,Sinal neural do ST-GAT,9.5,Tensão territorial,0.0,Atividade recente e vizinhança,0.0,Sinal neural do ST-GAT: 9.5% | Tensão territorial: 0.0% | Atividade recente e vizinhança: 0.0%,"MARANGUAPE aparece na posição 10 de 19, com risco 3.6 e nível baixo; é prioridade alta de acompanhamento.","O peso principal vem de sinal neural do st-gat, com suporte territorial de 0.0% e 0 registros recentes na janela de 30 dias.",Leitura sensível a ruído; requer conferência adicional antes de decisão forte.,O território está próximo de pares vizinhos e pode oscilar no próximo ciclo.,"Verificar eventos recentes, pressão territorial e coerência com inteligência local antes da próxima atualização do ranking."
2026-06-11T08:48:06,2026-06-08,src/core/orchestrator.py:get_combined_risk,cities_rmf_top20,11,PACAJUS,PACAJUS,rmf,cidade,3.65,baixo,36.0,muito baixa,44.6,baixa,0,0,104.0,9.5,0.0,0.0,46.7,20.0,100.0,0.0,-0.42,44.4,30,14,False,stable,Sinal neural do ST-GAT,9.5,Tensão territorial,0.0,Atividade recente e vizinhança,0.0,Sinal neural do ST-GAT: 9.5% | Tensão territorial: 0.0% | Atividade recente e vizinhança: 0.0%,"PACAJUS aparece na posição 11 de 19, com risco 3.6 e nível baixo; é território de atenção tática.","O peso principal vem de sinal neural do st-gat, com suporte territorial de 20.0% e 0 registros recentes na janela de 30 dias.",Leitura sensível a ruído; requer conferência adicional antes de decisão forte.,O território está próximo de pares vizinhos e pode oscilar no próximo ciclo.,"Verificar eventos recentes, pressão territorial e coerência com inteligência local antes da próxima atualização do ranking."
2026-06-11T08:48:06,2026-06-08,src/core/orchestrator.py:get_combined_risk,cities_rmf_top20,12,PARACURU,PARACURU,rmf,cidade,3.65,baixo,31.0,muito baixa,41.3,baixa,0,0,19.0,9.5,0.0,0.0,46.7,0.0,0.0,0.0,-0.42,38.9,30,14,False,stable,Sinal neural do ST-GAT,9.5,Tensão territorial,0.0,Atividade recente e vizinhança,0.0,Sinal neural do ST-GAT: 9.5% | Tensão territorial: 0.0% | Atividade recente e vizinhança: 0.0%,"PARACURU aparece na posição 12 de 19, com risco 3.6 e nível baixo; é território de atenção tática.","O peso principal vem de sinal neural do st-gat, com suporte territorial de 0.0% e 0 registros recentes na janela de 30 dias.",Leitura sensível a ruído; requer conferência adicional antes de decisão forte.,O território está próximo de pares vizinhos e pode oscilar no próximo ciclo.,"Verificar eventos recentes, pressão territorial e coerência com inteligência local antes da próxima atualização do ranking."
2026-06-11T08:48:06,2026-06-08,src/core/orchestrator.py:get_combined_risk,cities_rmf_top20,13,AQUIRAZ,AQUIRAZ,rmf,cidade,3.65,baixo,31.0,muito baixa,38.0,baixa,0,0,20.0,9.5,0.0,0.0,46.7,0.0,0.0,0.0,-0.42,33.3,30,14,False,stable,Sinal neural do ST-GAT,9.5,Tensão territorial,0.0,Atividade recente e vizinhança,0.0,Sinal neural do ST-GAT: 9.5% | Tensão territorial: 0.0% | Atividade recente e vizinhança: 0.0%,"AQUIRAZ aparece na posição 13 de 19, com risco 3.6 e nível baixo; é território de atenção tática.","O peso principal vem de sinal neural do st-gat, com suporte territorial de 0.0% e 0 registros recentes na janela de 30 dias.",Leitura sensível a ruído; requer conferência adicional antes de decisão forte.,O território está próximo de pares vizinhos e pode oscilar no próximo ciclo.,"Verificar eventos recentes, pressão territorial e coerência com inteligência local antes da próxima atualização do ranking."
2026-06-11T08:48:06,2026-06-08,src/core/orchestrator.py:get_combined_risk,cities_rmf_top20,14,CHOROZINHO,CHOROZINHO,rmf,cidade,3.65,baixo,31.0,muito baixa,34.7,baixa,0,0,15.0,9.5,0.0,0.0,46.7,0.0,0.0,0.0,-0.42,27.8,30,14,False,stable,Sinal neural do ST-GAT,9.5,Tensão territorial,0.0,Atividade recente e vizinhança,0.0,Sinal neural do ST-GAT: 9.5% | Tensão territorial: 0.0% | Atividade recente e vizinhança: 0.0%,"CHOROZINHO aparece na posição 14 de 19, com risco 3.6 e nível baixo; é território de atenção tática.","O peso principal vem de sinal neural do st-gat, com suporte territorial de 0.0% e 0 registros recentes na janela de 30 dias.",Leitura sensível a ruído; requer conferência adicional antes de decisão forte.,O território está próximo de pares vizinhos e pode oscilar no próximo ciclo.,"Verificar eventos recentes, pressão territorial e coerência com inteligência local antes da próxima atualização do ranking."
2026-06-11T08:48:06,2026-06-08,src/core/orchestrator.py:get_combined_risk,cities_rmf_top20,15,PINDORETAMA,PINDORETAMA,rmf,cidade,3.65,baixo,33.8,muito baixa,31.3,baixa,0,0,42.0,9.5,0.0,0.0,46.7,11.0,55.0,0.0,-0.42,22.2,30,14,False,stable,Sinal neural do ST-GAT,9.5,Tensão territorial,0.0,Atividade recente e vizinhança,0.0,Sinal neural do ST-GAT: 9.5% | Tensão territorial: 0.0% | Atividade recente e vizinhança: 0.0%,"PINDORETAMA aparece na posição 15 de 19, com risco 3.6 e nível baixo; é território de atenção tática.","O peso principal vem de sinal neural do st-gat, com suporte territorial de 11.0% e 0 registros recentes na janela de 30 dias.",Leitura sensível a ruído; requer conferência adicional antes de decisão forte.,O território está próximo de pares vizinhos e pode oscilar no próximo ciclo.,"Verificar eventos recentes, pressão territorial e coerência com inteligência local antes da próxima atualização do ranking."
2026-06-11T08:48:06,2026-06-08,src/core/orchestrator.py:get_combined_risk,cities_rmf_top20,16,PARAIPABA,PARAIPABA,rmf,cidade,3.65,baixo,32.4,muito baixa,28.0,baixa,0,0,31.0,9.5,0.0,0.0,46.7,5.5,27.5,0.0,-0.42,16.7,30,14,False,stable,Sinal neural do ST-GAT,9.5,Tensão territorial,0.0,Atividade recente e vizinhança,0.0,Sinal neural do ST-GAT: 9.5% | Tensão territorial: 0.0% | Atividade recente e vizinhança: 0.0%,"PARAIPABA aparece na posição 16 de 19, com risco 3.6 e nível baixo; é território de atenção tática.","O peso principal vem de sinal neural do st-gat, com suporte territorial de 5.5% e 0 registros recentes na janela de 30 dias.",Leitura sensível a ruído; requer conferência adicional antes de decisão forte.,O território está próximo de pares vizinhos e pode oscilar no próximo ciclo.,"Verificar eventos recentes, pressão territorial e coerência com inteligência local antes da próxima atualização do ranking."
2026-06-11T08:48:06,2026-06-08,src/core/orchestrator.py:get_combined_risk,cities_rmf_top20,17,ITAITINGA,ITAITINGA,rmf,cidade,2.68,baixo,31.5,muito baixa,24.4,baixa,0,0,26.0,7.0,0.0,0.0,46.7,3.0,15.0,0.0,-0.48,11.1,30,14,False,stable,Sinal neural do ST-GAT,7.0,Tensão territorial,0.0,Atividade recente e vizinhança,0.0,Sinal neural do ST-GAT: 7.0% | Tensão territorial: 0.0% | Atividade recente e vizinhança: 0.0%,"ITAITINGA aparece na posição 17 de 19, com risco 2.7 e nível baixo; é território de atenção tática.","O peso principal vem de sinal neural do st-gat, com suporte territorial de 3.0% e 0 registros recentes na janela de 30 dias.",Leitura sensível a ruído; requer conferência adicional antes de decisão forte.,O território está próximo de pares vizinhos e pode oscilar no próximo ciclo.,"Verificar eventos recentes, pressão territorial e coerência com inteligência local antes da próxima atualização do ranking."
2026-06-11T08:48:06,2026-06-08,src/core/orchestrator.py:get_combined_risk,cities_rmf_top20,18,GUAIUBA,GUAIUBA,rmf,cidade,0.0,baixo,47.5,muito baixa,20.2,baixa,0,1,13.0,0.0,0.0,0.0,46.7,50.0,0.0,50.0,-0.66,5.6,30,14,False,stable,CVLI recente na janela de 30 dias,20.0,Sinal neural do ST-GAT,0.0,Tensão territorial,0.0,CVLI recente na janela de 30 dias: 20.0% | Sinal neural do ST-GAT: 0.0% | Tensão territorial: 0.0%,"GUAIUBA aparece na posição 18 de 19, com risco 0.0 e nível baixo; é território de atenção tática.","O peso principal vem de cvli recente na janela de 30 dias, com suporte territorial de 50.0% e 1 registros recentes na janela de 30 dias.",Leitura sensível a ruído; requer conferência adicional antes de decisão forte.,O território está próximo de pares vizinhos e pode oscilar no próximo ciclo.,"Verificar eventos recentes, pressão territorial e coerência com inteligência local antes da próxima atualização do ranking."
2026-06-11T08:48:06,2026-06-08,src/core/orchestrator.py:get_combined_risk,cities_rmf_top20,19,PACATUBA,PACATUBA,rmf,cidade,0.0,baixo,47.5,muito baixa,16.8,baixa,0,1,58.0,0.0,0.0,0.0,46.7,50.0,95.0,50.0,-0.66,0.0,30,14,False,stable,CVLI recente na janela de 30 dias,20.0,Sinal neural do ST-GAT,0.0,Tensão territorial,0.0,CVLI recente na janela de 30 dias: 20.0% | Sinal neural do ST-GAT: 0.0% | Tensão territorial: 0.0%,"PACATUBA aparece na posição 19 de 19, com risco 0.0 e nível baixo; é território de atenção tática.","O peso principal vem de cvli recente na janela de 30 dias, com suporte territorial de 50.0% e 1 registros recentes na janela de 30 dias.",Leitura sensível a ruído; requer conferência adicional antes de decisão forte.,O território está próximo de pares vizinhos e pode oscilar no próximo ciclo.,"Verificar eventos recentes, pressão territorial e coerência com inteligência local antes da próxima atualização do ranking."
2026-06-11T08:48:06,2026-06-08,src/core/orchestrator.py:get_combined_risk,cities_interior_top30,1,TIANGUA,TIANGUA,interior,cidade,77.9,crítico,89.4,alta,98.2,muito alta,2,2,77.0,95.7,100.0,100.0,33.3,100.0,100.0,100.0,3.78,100.0,14,14,False,stable,Atividade recente e vizinhança,100.0,Tensão territorial,100.0,Sinal neural do ST-GAT,95.7,Atividade recente e vizinhança: 100.0% | Tensão territorial: 100.0% | Sinal neural do ST-GAT: 95.7%,"TIANGUA aparece na posição 1 de 50, com risco 77.9 e nível crítico; é prioridade imediata de acompanhamento.","O peso principal vem de atividade recente e vizinhança, com suporte territorial de 100.0% e 2 registros recentes na janela de 30 dias.",Leitura com boa sustentação dos sinais atuais.,O território está bem destacado no ranking frente aos pares.,"Verificar eventos recentes, pressão territorial e coerência com inteligência local antes da próxima atualização do ranking."
2026-06-11T08:48:06,2026-06-08,src/core/orchestrator.py:get_combined_risk,cities_interior_top30,2,ITAPAJE,ITAPAJE,interior,cidade,72.38,crítico,92.7,alta,95.0,muito alta,2,3,44.0,83.4,100.0,100.0,46.7,100.0,60.0,100.0,3.38,98.0,14,14,False,stable,Atividade recente e vizinhança,100.0,Tensão territorial,100.0,Sinal neural do ST-GAT,83.4,Atividade recente e vizinhança: 100.0% | Tensão territorial: 100.0% | Sinal neural do ST-GAT: 83.4%,"ITAPAJE aparece na posição 2 de 50, com risco 72.4 e nível crítico; é prioridade imediata de acompanhamento.","O peso principal vem de atividade recente e vizinhança, com suporte territorial de 100.0% e 3 registros recentes na janela de 30 dias.",Leitura com boa sustentação dos sinais atuais.,O território está bem destacado no ranking frente aos pares.,"Verificar eventos recentes, pressão territorial e coerência com inteligência local antes da próxima atualização do ranking."
2026-06-11T08:48:06,2026-06-08,src/core/orchestrator.py:get_combined_risk,cities_interior_top30,3,JUAZEIRO DO NORTE,JUAZEIRO DO NORTE,interior,cidade,59.17,alto,77.9,moderada,89.2,muito alta,1,1,136.0,100.0,100.0,50.0,33.3,100.0,100.0,100.0,2.42,95.9,14,14,False,stable,Sinal neural do ST-GAT,100.0,Tensão territorial,100.0,Atividade recente e vizinhança,50.0,Sinal neural do ST-GAT: 100.0% | Tensão territorial: 100.0% | Atividade recente e vizinhança: 50.0%,"JUAZEIRO DO NORTE aparece na posição 3 de 50, com risco 59.2 e nível alto; é prioridade imediata de acompanhamento.","O peso principal vem de sinal neural do st-gat, com suporte territorial de 100.0% e 1 registros recentes na janela de 30 dias.","Leitura consistente, mas ainda pede validação operacional pontual.",O território está bem destacado no ranking frente aos pares.,"Verificar eventos recentes, pressão territorial e coerência com inteligência local antes da próxima atualização do ranking."
2026-06-11T08:48:06,2026-06-08,src/core/orchestrator.py:get_combined_risk,cities_interior_top30,4,ITAPIUNA,ITAPIUNA,interior,cidade,56.21,alto,78.3,moderada,86.9,muito alta,1,1,20.0,93.6,100.0,50.0,40.0,100.0,0.0,100.0,2.21,93.9,14,14,False,stable,Tensão territorial,100.0,Sinal neural do ST-GAT,93.6,Atividade recente e vizinhança,50.0,Tensão territorial: 100.0% | Sinal neural do ST-GAT: 93.6% | Atividade recente e vizinhança: 50.0%,"ITAPIUNA aparece na posição 4 de 50, com risco 56.2 e nível alto; é prioridade imediata de acompanhamento.","O peso principal vem de tensão territorial, com suporte territorial de 100.0% e 1 registros recentes na janela de 30 dias.","Leitura consistente, mas ainda pede validação operacional pontual.",O território está bem destacado no ranking frente aos pares.,"Verificar eventos recentes, pressão territorial e coerência com inteligência local antes da próxima atualização do ranking."
2026-06-11T08:48:06,2026-06-08,src/core/orchestrator.py:get_combined_risk,cities_interior_top30,5,GROAIRAS,GROAIRAS,interior,cidade,53.06,alto,78.7,moderada,84.6,alta,1,1,46.0,85.9,100.0,50.0,46.7,100.0,65.0,100.0,1.98,91.8,14,14,False,stable,Tensão territorial,100.0,Sinal neural do ST-GAT,85.9,Atividade recente e vizinhança,50.0,Tensão territorial: 100.0% | Sinal neural do ST-GAT: 85.9% | Atividade recente e vizinhança: 50.0%,"GROAIRAS aparece na posição 5 de 50, com risco 53.1 e nível alto; é prioridade imediata de acompanhamento.","O peso principal vem de tensão territorial, com suporte territorial de 100.0% e 1 registros recentes na janela de 30 dias.","Leitura consistente, mas ainda pede validação operacional pontual.","O território se diferencia do bloco intermediário, mas sem isolamento absoluto.","Verificar eventos recentes, pressão territorial e coerência com inteligência local antes da próxima atualização do ranking."
2026-06-11T08:48:06,2026-06-08,src/core/orchestrator.py:get_combined_risk,cities_interior_top30,6,VARZEA ALEGRE,VARZEA ALEGRE,interior,cidade,25.93,baixo,57.3,baixa,73.9,alta,0,1,16.0,78.0,50.0,0.0,46.7,50.0,0.0,50.0,0.0,89.8,14,14,False,stable,Sinal neural do ST-GAT,78.0,Tensão territorial,50.0,CVLI recente na janela de 30 dias,20.0,Sinal neural do ST-GAT: 78.0% | Tensão territorial: 50.0% | CVLI recente na janela de 30 dias: 20.0%,"VARZEA ALEGRE aparece na posição 6 de 50, com risco 25.9 e nível baixo; é prioridade alta de acompanhamento.","O peso principal vem de sinal neural do st-gat, com suporte territorial de 50.0% e 1 registros recentes na janela de 30 dias.",Leitura sensível a ruído; requer conferência adicional antes de decisão forte.,"O território se diferencia do bloco intermediário, mas sem isolamento absoluto.","Verificar eventos recentes, pressão territorial e coerência com inteligência local antes da próxima atualização do ranking."
2026-06-11T08:48:06,2026-06-08,src/core/orchestrator.py:get_combined_risk,cities_interior_top30,7,ALTO SANTO,ALTO SANTO,interior,cidade,25.92,baixo,57.3,baixa,72.7,alta,0,1,22.0,78.0,50.0,0.0,46.7,50.0,5.0,50.0,0.0,87.8,14,14,False,stable,Sinal neural do ST-GAT,78.0,Tensão territorial,50.0,CVLI recente na janela de 30 dias,20.0,Sinal neural do ST-GAT: 78.0% | Tensão territorial: 50.0% | CVLI recente na janela de 30 dias: 20.0%,"ALTO SANTO aparece na posição 7 de 50, com risco 25.9 e nível baixo; é prioridade alta de acompanhamento.","O peso principal vem de sinal neural do st-gat, com suporte territorial de 50.0% e 1 registros recentes na janela de 30 dias.",Leitura sensível a ruído; requer conferência adicional antes de decisão forte.,"O território se diferencia do bloco intermediário, mas sem isolamento absoluto.","Verificar eventos recentes, pressão territorial e coerência com inteligência local antes da próxima atualização do ranking."
2026-06-11T08:48:06,2026-06-08,src/core/orchestrator.py:get_combined_risk,cities_interior_top30,8,SOBRAL,SOBRAL,interior,cidade,24.66,baixo,45.3,muito baixa,71.0,alta,0,0,64.0,84.5,20.0,0.0,46.7,20.0,100.0,0.0,-0.09,85.7,14,14,False,stable,Sinal neural do ST-GAT,84.5,Tensão territorial,20.0,Atividade recente e vizinhança,0.0,Sinal neural do ST-GAT: 84.5% | Tensão territorial: 20.0% | Atividade recente e vizinhança: 0.0%,"SOBRAL aparece na posição 8 de 50, com risco 24.7 e nível baixo; é prioridade alta de acompanhamento.","O peso principal vem de sinal neural do st-gat, com suporte territorial de 20.0% e 0 registros recentes na janela de 30 dias.",Leitura sensível a ruído; requer conferência adicional antes de decisão forte.,"O território se diferencia do bloco intermediário, mas sem isolamento absoluto.","Verificar eventos recentes, pressão territorial e coerência com inteligência local antes da próxima atualização do ranking."
2026-06-11T08:48:06,2026-06-08,src/core/orchestrator.py:get_combined_risk,cities_interior_top30,9,IGUATU,IGUATU,interior,cidade,24.3,baixo,45.2,muito baixa,69.7,moderada,0,0,81.0,83.1,20.0,0.0,46.7,20.0,100.0,0.0,-0.11,83.7,14,14,False,stable,Sinal neural do ST-GAT,83.1,Tensão territorial,20.0,Atividade recente e vizinhança,0.0,Sinal neural do ST-GAT: 83.1% | Tensão territorial: 20.0% | Atividade recente e vizinhança: 0.0%,"IGUATU aparece na posição 9 de 50, com risco 24.3 e nível baixo; é prioridade alta de acompanhamento.","O peso principal vem de sinal neural do st-gat, com suporte territorial de 20.0% e 0 registros recentes na janela de 30 dias.",Leitura sensível a ruído; requer conferência adicional antes de decisão forte.,O território está próximo de pares vizinhos e pode oscilar no próximo ciclo.,"Verificar eventos recentes, pressão territorial e coerência com inteligência local antes da próxima atualização do ranking."
2026-06-11T08:48:06,2026-06-08,src/core/orchestrator.py:get_combined_risk,cities_interior_top30,10,BATURITE,BATURITE,interior,cidade,24.3,baixo,45.2,muito baixa,68.4,moderada,0,0,61.0,83.1,20.0,0.0,46.7,20.0,100.0,0.0,-0.11,81.6,14,14,False,stable,Sinal neural do ST-GAT,83.1,Tensão territorial,20.0,Atividade recente e vizinhança,0.0,Sinal neural do ST-GAT: 83.1% | Tensão territorial: 20.0% | Atividade recente e vizinhança: 0.0%,"BATURITE aparece na posição 10 de 50, com risco 24.3 e nível baixo; é prioridade alta de acompanhamento.","O peso principal vem de sinal neural do st-gat, com suporte territorial de 20.0% e 0 registros recentes na janela de 30 dias.",Leitura sensível a ruído; requer conferência adicional antes de decisão forte.,O território está próximo de pares vizinhos e pode oscilar no próximo ciclo.,"Verificar eventos recentes, pressão territorial e coerência com inteligência local antes da próxima atualização do ranking."
2026-06-11T08:48:06,2026-06-08,src/core/orchestrator.py:get_combined_risk,cities_interior_top30,11,LIMOEIRO DO NORTE,LIMOEIRO DO NORTE,interior,cidade,23.3,baixo,42.2,muito baixa,66.9,moderada,0,0,40.0,83.1,10.0,0.0,46.7,10.0,50.0,0.0,-0.19,79.6,14,14,False,stable,Sinal neural do ST-GAT,83.1,Tensão territorial,10.0,Atividade recente e vizinhança,0.0,Sinal neural do ST-GAT: 83.1% | Tensão territorial: 10.0% | Atividade recente e vizinhança: 0.0%,"LIMOEIRO DO NORTE aparece na posição 11 de 50, com risco 23.3 e nível baixo; é território de atenção tática.","O peso principal vem de sinal neural do st-gat, com suporte territorial de 10.0% e 0 registros recentes na janela de 30 dias.",Leitura sensível a ruído; requer conferência adicional antes de decisão forte.,O território está próximo de pares vizinhos e pode oscilar no próximo ciclo.,"Verificar eventos recentes, pressão territorial e coerência com inteligência local antes da próxima atualização do ranking."
2026-06-11T08:48:06,2026-06-08,src/core/orchestrator.py:get_combined_risk,cities_interior_top30,12,ARATUBA,ARATUBA,interior,cidade,22.9,baixo,40.9,muito baixa,65.5,moderada,0,0,32.0,83.1,6.0,0.0,46.7,6.0,30.0,0.0,-0.22,77.6,14,14,False,stable,Sinal neural do ST-GAT,83.1,Tensão territorial,6.0,Atividade recente e vizinhança,0.0,Sinal neural do ST-GAT: 83.1% | Tensão territorial: 6.0% | Atividade recente e vizinhança: 0.0%,"ARATUBA aparece na posição 12 de 50, com risco 22.9 e nível baixo; é território de atenção tática.","O peso principal vem de sinal neural do st-gat, com suporte territorial de 6.0% e 0 registros recentes na janela de 30 dias.",Leitura sensível a ruído; requer conferência adicional antes de decisão forte.,O território está próximo de pares vizinhos e pode oscilar no próximo ciclo.,"Verificar eventos recentes, pressão territorial e coerência com inteligência local antes da próxima atualização do ranking."
2026-06-11T08:48:06,2026-06-08,src/core/orchestrator.py:get_combined_risk,cities_interior_top30,13,FORQUILHA,FORQUILHA,interior,cidade,22.66,baixo,39.2,muito baixa,64.2,moderada,0,0,12.0,84.5,0.0,0.0,46.7,0.0,0.0,0.0,-0.23,75.5,14,14,False,stable,Sinal neural do ST-GAT,84.5,Tensão territorial,0.0,Atividade recente e vizinhança,0.0,Sinal neural do ST-GAT: 84.5% | Tensão territorial: 0.0% | Atividade recente e vizinhança: 0.0%,"FORQUILHA aparece na posição 13 de 50, com risco 22.7 e nível baixo; é território de atenção tática.","O peso principal vem de sinal neural do st-gat, com suporte territorial de 0.0% e 0 registros recentes na janela de 30 dias.",Leitura sensível a ruído; requer conferência adicional antes de decisão forte.,O território está próximo de pares vizinhos e pode oscilar no próximo ciclo.,"Verificar eventos recentes, pressão territorial e coerência com inteligência local antes da próxima atualização do ranking."
2026-06-11T08:48:06,2026-06-08,src/core/orchestrator.py:get_combined_risk,cities_interior_top30,14,URUBURETAMA,URUBURETAMA,interior,cidade,22.49,baixo,39.5,muito baixa,62.9,moderada,0,0,23.0,83.2,1.5,0.0,46.7,1.5,7.5,0.0,-0.25,73.5,14,14,False,stable,Sinal neural do ST-GAT,83.2,Tensão territorial,1.5,Atividade recente e vizinhança,0.0,Sinal neural do ST-GAT: 83.2% | Tensão territorial: 1.5% | Atividade recente e vizinhança: 0.0%,"URUBURETAMA aparece na posição 14 de 50, com risco 22.5 e nível baixo; é território de atenção tática.","O peso principal vem de sinal neural do st-gat, com suporte territorial de 1.5% e 0 registros recentes na janela de 30 dias.",Leitura sensível a ruído; requer conferência adicional antes de decisão forte.,O território está próximo de pares vizinhos e pode oscilar no próximo ciclo.,"Verificar eventos recentes, pressão territorial e coerência com inteligência local antes da próxima atualização do ranking."
2026-06-11T08:48:06,2026-06-08,src/core/orchestrator.py:get_combined_risk,cities_interior_top30,15,NOVA OLINDA,NOVA OLINDA,interior,cidade,22.45,baixo,39.5,muito baixa,61.6,moderada,0,0,23.0,83.1,1.5,0.0,46.7,1.5,7.5,0.0,-0.25,71.4,14,14,False,stable,Sinal neural do ST-GAT,83.1,Tensão territorial,1.5,Atividade recente e vizinhança,0.0,Sinal neural do ST-GAT: 83.1% | Tensão territorial: 1.5% | Atividade recente e vizinhança: 0.0%,"NOVA OLINDA aparece na posição 15 de 50, com risco 22.4 e nível baixo; é território de atenção tática.","O peso principal vem de sinal neural do st-gat, com suporte territorial de 1.5% e 0 registros recentes na janela de 30 dias.",Leitura sensível a ruído; requer conferência adicional antes de decisão forte.,O território está próximo de pares vizinhos e pode oscilar no próximo ciclo.,"Verificar eventos recentes, pressão territorial e coerência com inteligência local antes da próxima atualização do ranking."
2026-06-11T08:48:06,2026-06-08,src/core/orchestrator.py:get_combined_risk,cities_interior_top30,16,VICOSA DO CEARA,VICOSA DO CEARA,interior,cidade,22.4,baixo,39.3,muito baixa,60.4,moderada,0,0,22.0,83.1,1.0,0.0,46.7,1.0,5.0,0.0,-0.25,69.4,14,14,False,stable,Sinal neural do ST-GAT,83.1,Tensão territorial,1.0,Atividade recente e vizinhança,0.0,Sinal neural do ST-GAT: 83.1% | Tensão territorial: 1.0% | Atividade recente e vizinhança: 0.0%,"VICOSA DO CEARA aparece na posição 16 de 50, com risco 22.4 e nível baixo; é território de atenção tática.","O peso principal vem de sinal neural do st-gat, com suporte territorial de 1.0% e 0 registros recentes na janela de 30 dias.",Leitura sensível a ruído; requer conferência adicional antes de decisão forte.,O território está próximo de pares vizinhos e pode oscilar no próximo ciclo.,"Verificar eventos recentes, pressão territorial e coerência com inteligência local antes da próxima atualização do ranking."
2026-06-11T08:48:06,2026-06-08,src/core/orchestrator.py:get_combined_risk,cities_interior_top30,17,SANTANA DO ACARAU,SANTANA DO ACARAU,interior,cidade,22.37,baixo,39.1,muito baixa,59.2,moderada,0,0,9.0,83.4,0.0,0.0,46.7,0.0,0.0,0.0,-0.25,67.3,14,14,False,stable,Sinal neural do ST-GAT,83.4,Tensão territorial,0.0,Atividade recente e vizinhança,0.0,Sinal neural do ST-GAT: 83.4% | Tensão territorial: 0.0% | Atividade recente e vizinhança: 0.0%,"SANTANA DO ACARAU aparece na posição 17 de 50, com risco 22.4 e nível baixo; é território de atenção tática.","O peso principal vem de sinal neural do st-gat, com suporte territorial de 0.0% e 0 registros recentes na janela de 30 dias.",Leitura sensível a ruído; requer conferência adicional antes de decisão forte.,O território está próximo de pares vizinhos e pode oscilar no próximo ciclo.,"Verificar eventos recentes, pressão territorial e coerência com inteligência local antes da próxima atualização do ranking."
2026-06-11T08:48:06,2026-06-08,src/core/orchestrator.py:get_combined_risk,cities_interior_top30,18,CAPISTRANO,CAPISTRANO,interior,cidade,22.35,baixo,39.2,muito baixa,58.0,moderada,0,0,21.0,83.1,0.5,0.0,46.7,0.5,2.5,0.0,-0.26,65.3,14,14,False,stable,Sinal neural do ST-GAT,83.1,Tensão territorial,0.5,Atividade recente e vizinhança,0.0,Sinal neural do ST-GAT: 83.1% | Tensão territorial: 0.5% | Atividade recente e vizinhança: 0.0%,"CAPISTRANO aparece na posição 18 de 50, com risco 22.4 e nível baixo; é território de atenção tática.","O peso principal vem de sinal neural do st-gat, com suporte territorial de 0.5% e 0 registros recentes na janela de 30 dias.",Leitura sensível a ruído; requer conferência adicional antes de decisão forte.,O território está próximo de pares vizinhos e pode oscilar no próximo ciclo.,"Verificar eventos recentes, pressão territorial e coerência com inteligência local antes da próxima atualização do ranking."
2026-06-11T08:48:06,2026-06-08,src/core/orchestrator.py:get_combined_risk,cities_interior_top30,19,ACOPIARA,ACOPIARA,interior,cidade,22.31,baixo,39.0,muito baixa,56.7,moderada,0,0,14.0,83.2,0.0,0.0,46.7,0.0,0.0,0.0,-0.26,63.3,14,14,False,stable,Sinal neural do ST-GAT,83.2,Tensão territorial,0.0,Atividade recente e vizinhança,0.0,Sinal neural do ST-GAT: 83.2% | Tensão territorial: 0.0% | Atividade recente e vizinhança: 0.0%,"ACOPIARA aparece na posição 19 de 50, com risco 22.3 e nível baixo; é território de atenção tática.","O peso principal vem de sinal neural do st-gat, com suporte territorial de 0.0% e 0 registros recentes na janela de 30 dias.",Leitura sensível a ruído; requer conferência adicional antes de decisão forte.,O território está próximo de pares vizinhos e pode oscilar no próximo ciclo.,"Verificar eventos recentes, pressão territorial e coerência com inteligência local antes da próxima atualização do ranking."
2026-06-11T08:48:06,2026-06-08,src/core/orchestrator.py:get_combined_risk,cities_interior_top30,20,CEDRO,CEDRO,interior,cidade,22.31,baixo,39.0,muito baixa,55.5,moderada,0,0,10.0,83.2,0.0,0.0,46.7,0.0,0.0,0.0,-0.26,61.2,14,14,False,stable,Sinal neural do ST-GAT,83.2,Tensão territorial,0.0,Atividade recente e vizinhança,0.0,Sinal neural do ST-GAT: 83.2% | Tensão territorial: 0.0% | Atividade recente e vizinhança: 0.0%,"CEDRO aparece na posição 20 de 50, com risco 22.3 e nível baixo; é território de atenção tática.","O peso principal vem de sinal neural do st-gat, com suporte territorial de 0.0% e 0 registros recentes na janela de 30 dias.",Leitura sensível a ruído; requer conferência adicional antes de decisão forte.,O território está próximo de pares vizinhos e pode oscilar no próximo ciclo.,"Verificar eventos recentes, pressão territorial e coerência com inteligência local antes da próxima atualização do ranking."
2026-06-11T08:48:06,2026-06-08,src/core/orchestrator.py:get_combined_risk,cities_interior_top30,21,CARIRIACU,CARIRIACU,interior,cidade,22.3,baixo,39.0,muito baixa,54.3,moderada,0,0,14.0,83.1,0.0,0.0,46.7,0.0,0.0,0.0,-0.26,59.2,14,14,False,stable,Sinal neural do ST-GAT,83.1,Tensão territorial,0.0,Atividade recente e vizinhança,0.0,Sinal neural do ST-GAT: 83.1% | Tensão territorial: 0.0% | Atividade recente e vizinhança: 0.0%,"CARIRIACU aparece na posição 21 de 50, com risco 22.3 e nível baixo; é território de atenção tática.","O peso principal vem de sinal neural do st-gat, com suporte territorial de 0.0% e 0 registros recentes na janela de 30 dias.",Leitura sensível a ruído; requer conferência adicional antes de decisão forte.,O território está próximo de pares vizinhos e pode oscilar no próximo ciclo.,"Verificar eventos recentes, pressão territorial e coerência com inteligência local antes da próxima atualização do ranking."
2026-06-11T08:48:06,2026-06-08,src/core/orchestrator.py:get_combined_risk,cities_interior_top30,22,GRACA,GRACA,interior,cidade,22.3,baixo,39.0,muito baixa,53.0,moderada,0,0,14.0,83.1,0.0,0.0,46.7,0.0,0.0,0.0,-0.26,57.1,14,14,False,stable,Sinal neural do ST-GAT,83.1,Tensão territorial,0.0,Atividade recente e vizinhança,0.0,Sinal neural do ST-GAT: 83.1% | Tensão territorial: 0.0% | Atividade recente e vizinhança: 0.0%,"GRACA aparece na posição 22 de 50, com risco 22.3 e nível baixo; é território de atenção tática.","O peso principal vem de sinal neural do st-gat, com suporte territorial de 0.0% e 0 registros recentes na janela de 30 dias.",Leitura sensível a ruído; requer conferência adicional antes de decisão forte.,O território está próximo de pares vizinhos e pode oscilar no próximo ciclo.,"Verificar eventos recentes, pressão territorial e coerência com inteligência local antes da próxima atualização do ranking."
2026-06-11T08:48:06,2026-06-08,src/core/orchestrator.py:get_combined_risk,cities_interior_top30,23,GENERAL SAMPAIO,GENERAL SAMPAIO,interior,cidade,22.3,baixo,39.0,muito baixa,51.8,moderada,0,0,14.0,83.1,0.0,0.0,46.7,0.0,0.0,0.0,-0.26,55.1,14,14,False,stable,Sinal neural do ST-GAT,83.1,Tensão territorial,0.0,Atividade recente e vizinhança,0.0,Sinal neural do ST-GAT: 83.1% | Tensão territorial: 0.0% | Atividade recente e vizinhança: 0.0%,"GENERAL SAMPAIO aparece na posição 23 de 50, com risco 22.3 e nível baixo; é território de atenção tática.","O peso principal vem de sinal neural do st-gat, com suporte territorial de 0.0% e 0 registros recentes na janela de 30 dias.",Leitura sensível a ruído; requer conferência adicional antes de decisão forte.,O território está próximo de pares vizinhos e pode oscilar no próximo ciclo.,"Verificar eventos recentes, pressão territorial e coerência com inteligência local antes da próxima atualização do ranking."
2026-06-11T08:48:06,2026-06-08,src/core/orchestrator.py:get_combined_risk,cities_interior_top30,24,OROS,OROS,interior,cidade,22.3,baixo,39.0,muito baixa,50.6,moderada,0,0,12.0,83.1,0.0,0.0,46.7,0.0,0.0,0.0,-0.26,53.1,14,14,False,stable,Sinal neural do ST-GAT,83.1,Tensão territorial,0.0,Atividade recente e vizinhança,0.0,Sinal neural do ST-GAT: 83.1% | Tensão territorial: 0.0% | Atividade recente e vizinhança: 0.0%,"OROS aparece na posição 24 de 50, com risco 22.3 e nível baixo; é território de atenção tática.","O peso principal vem de sinal neural do st-gat, com suporte territorial de 0.0% e 0 registros recentes na janela de 30 dias.",Leitura sensível a ruído; requer conferência adicional antes de decisão forte.,O território está próximo de pares vizinhos e pode oscilar no próximo ciclo.,"Verificar eventos recentes, pressão territorial e coerência com inteligência local antes da próxima atualização do ranking."
2026-06-11T08:48:06,2026-06-08,src/core/orchestrator.py:get_combined_risk,cities_interior_top30,25,ACARAPE,ACARAPE,interior,cidade,22.3,baixo,39.0,muito baixa,49.4,baixa,0,0,11.0,83.1,0.0,0.0,46.7,0.0,0.0,0.0,-0.26,51.0,14,14,False,stable,Sinal neural do ST-GAT,83.1,Tensão territorial,0.0,Atividade recente e vizinhança,0.0,Sinal neural do ST-GAT: 83.1% | Tensão territorial: 0.0% | Atividade recente e vizinhança: 0.0%,"ACARAPE aparece na posição 25 de 50, com risco 22.3 e nível baixo; é território de atenção tática.","O peso principal vem de sinal neural do st-gat, com suporte territorial de 0.0% e 0 registros recentes na janela de 30 dias.",Leitura sensível a ruído; requer conferência adicional antes de decisão forte.,O território está próximo de pares vizinhos e pode oscilar no próximo ciclo.,"Verificar eventos recentes, pressão territorial e coerência com inteligência local antes da próxima atualização do ranking."
2026-06-11T08:48:06,2026-06-08,src/core/orchestrator.py:get_combined_risk,cities_interior_top30,26,MILAGRES,MILAGRES,interior,cidade,22.3,baixo,39.0,muito baixa,48.2,baixa,0,0,12.0,83.1,0.0,0.0,46.7,0.0,0.0,0.0,-0.26,49.0,14,14,False,stable,Sinal neural do ST-GAT,83.1,Tensão territorial,0.0,Atividade recente e vizinhança,0.0,Sinal neural do ST-GAT: 83.1% | Tensão territorial: 0.0% | Atividade recente e vizinhança: 0.0%,"MILAGRES aparece na posição 26 de 50, com risco 22.3 e nível baixo; é território de atenção tática.","O peso principal vem de sinal neural do st-gat, com suporte territorial de 0.0% e 0 registros recentes na janela de 30 dias.",Leitura sensível a ruído; requer conferência adicional antes de decisão forte.,O território está próximo de pares vizinhos e pode oscilar no próximo ciclo.,"Verificar eventos recentes, pressão territorial e coerência com inteligência local antes da próxima atualização do ranking."
2026-06-11T08:48:06,2026-06-08,src/core/orchestrator.py:get_combined_risk,cities_interior_top30,27,BANABUIU,BANABUIU,interior,cidade,22.3,baixo,39.0,muito baixa,46.9,baixa,0,0,11.0,83.1,0.0,0.0,46.7,0.0,0.0,0.0,-0.26,46.9,14,14,False,stable,Sinal neural do ST-GAT,83.1,Tensão territorial,0.0,Atividade recente e vizinhança,0.0,Sinal neural do ST-GAT: 83.1% | Tensão territorial: 0.0% | Atividade recente e vizinhança: 0.0%,"BANABUIU aparece na posição 27 de 50, com risco 22.3 e nível baixo; é território de atenção tática.","O peso principal vem de sinal neural do st-gat, com suporte territorial de 0.0% e 0 registros recentes na janela de 30 dias.",Leitura sensível a ruído; requer conferência adicional antes de decisão forte.,O território está próximo de pares vizinhos e pode oscilar no próximo ciclo.,"Verificar eventos recentes, pressão territorial e coerência com inteligência local antes da próxima atualização do ranking."
2026-06-11T08:48:06,2026-06-08,src/core/orchestrator.py:get_combined_risk,cities_interior_top30,28,ITAREMA,ITAREMA,interior,cidade,22.3,baixo,39.0,muito baixa,45.7,baixa,0,0,10.0,83.1,0.0,0.0,46.7,0.0,0.0,0.0,-0.26,44.9,14,14,False,stable,Sinal neural do ST-GAT,83.1,Tensão territorial,0.0,Atividade recente e vizinhança,0.0,Sinal neural do ST-GAT: 83.1% | Tensão territorial: 0.0% | Atividade recente e vizinhança: 0.0%,"ITAREMA aparece na posição 28 de 50, com risco 22.3 e nível baixo; é território de atenção tática.","O peso principal vem de sinal neural do st-gat, com suporte territorial de 0.0% e 0 registros recentes na janela de 30 dias.",Leitura sensível a ruído; requer conferência adicional antes de decisão forte.,O território está próximo de pares vizinhos e pode oscilar no próximo ciclo.,"Verificar eventos recentes, pressão territorial e coerência com inteligência local antes da próxima atualização do ranking."
2026-06-11T08:48:06,2026-06-08,src/core/orchestrator.py:get_combined_risk,cities_interior_top30,29,ITAICABA,ITAICABA,interior,cidade,22.3,baixo,39.0,muito baixa,44.5,baixa,0,0,12.0,83.1,0.0,0.0,46.7,0.0,0.0,0.0,-0.26,42.9,14,14,False,stable,Sinal neural do ST-GAT,83.1,Tensão territorial,0.0,Atividade recente e vizinhança,0.0,Sinal neural do ST-GAT: 83.1% | Tensão territorial: 0.0% | Atividade recente e vizinhança: 0.0%,"ITAICABA aparece na posição 29 de 50, com risco 22.3 e nível baixo; é território de atenção tática.","O peso principal vem de sinal neural do st-gat, com suporte territorial de 0.0% e 0 registros recentes na janela de 30 dias.",Leitura sensível a ruído; requer conferência adicional antes de decisão forte.,O território está próximo de pares vizinhos e pode oscilar no próximo ciclo.,"Verificar eventos recentes, pressão territorial e coerência com inteligência local antes da próxima atualização do ranking."
2026-06-11T08:48:06,2026-06-08,src/core/orchestrator.py:get_combined_risk,cities_interior_top30,30,PEREIRO,PEREIRO,interior,cidade,22.3,baixo,39.0,muito baixa,43.2,baixa,0,0,11.0,83.1,0.0,0.0,46.7,0.0,0.0,0.0,-0.26,40.8,14,14,False,stable,Sinal neural do ST-GAT,83.1,Tensão territorial,0.0,Atividade recente e vizinhança,0.0,Sinal neural do ST-GAT: 83.1% | Tensão territorial: 0.0% | Atividade recente e vizinhança: 0.0%,"PEREIRO aparece na posição 30 de 50, com risco 22.3 e nível baixo; é território de atenção tática.","O peso principal vem de sinal neural do st-gat, com suporte territorial de 0.0% e 0 registros recentes na janela de 30 dias.",Leitura sensível a ruído; requer conferência adicional antes de decisão forte.,O território está próximo de pares vizinhos e pode oscilar no próximo ciclo.,"Verificar eventos recentes, pressão territorial e coerência com inteligência local antes da próxima atualização do ranking."
2026-06-11T08:48:06,2026-06-08,src/core/orchestrator.py:get_combined_risk,fortaleza_bairros_top30,1,PARQUE DOIS IRMAOS,PARQUE DOIS IRMAOS,fortaleza,bairro,51.77,alto,78.2,moderada,100.0,muito alta,1,1,33.0,53.3,100.0,50.0,36.7,100.0,32.5,100.0,4.28,100.0,30,120,False,stable,Tensão territorial,100.0,Sinal neural do ST-GAT,53.3,Atividade recente e vizinhança,50.0,Tensão territorial: 100.0% | Sinal neural do ST-GAT: 53.3% | Atividade recente e vizinhança: 50.0%,"PARQUE DOIS IRMAOS aparece na posição 1 de 109, com risco 51.8 e nível alto; é prioridade imediata de acompanhamento.","O peso principal vem de tensão territorial, com suporte territorial de 100.0% e 1 registros recentes na janela de 30 dias.","Leitura consistente, mas ainda pede validação operacional pontual.",O território está bem destacado no ranking frente aos pares.,"Verificar eventos recentes, pressão territorial e coerência com inteligência local antes da próxima atualização do ranking."
2026-06-11T08:48:06,2026-06-08,src/core/orchestrator.py:get_combined_risk,fortaleza_bairros_top30,2,ALVARO WEYNE,ALVARO WEYNE,fortaleza,bairro,47.12,moderado,77.4,moderada,97.5,muito alta,1,1,27.0,43.7,100.0,50.0,43.3,100.0,17.5,100.0,3.77,99.1,30,120,False,stable,Tensão territorial,100.0,Atividade recente e vizinhança,50.0,Sinal neural do ST-GAT,43.7,Tensão territorial: 100.0% | Atividade recente e vizinhança: 50.0% | Sinal neural do ST-GAT: 43.7%,"ALVARO WEYNE aparece na posição 2 de 109, com risco 47.1 e nível moderado; é prioridade imediata de acompanhamento.","O peso principal vem de tensão territorial, com suporte territorial de 100.0% e 1 registros recentes na janela de 30 dias.","Leitura consistente, mas ainda pede validação operacional pontual.",O território está bem destacado no ranking frente aos pares.,"Verificar eventos recentes, pressão territorial e coerência com inteligência local antes da próxima atualização do ranking."
2026-06-11T08:48:06,2026-06-08,src/core/orchestrator.py:get_combined_risk,fortaleza_bairros_top30,3,CAJAZEIRAS,CAJAZEIRAS,fortaleza,bairro,38.32,moderado,76.2,moderada,92.3,muito alta,0,2,35.0,94.4,100.0,0.0,80.0,100.0,37.5,100.0,2.8,98.1,30,120,False,stable,Tensão territorial,100.0,Sinal neural do ST-GAT,94.4,CVLI recente na janela de 30 dias,40.0,Tensão territorial: 100.0% | Sinal neural do ST-GAT: 94.4% | CVLI recente na janela de 30 dias: 40.0%,"CAJAZEIRAS aparece na posição 3 de 109, com risco 38.3 e nível moderado; é prioridade imediata de acompanhamento.","O peso principal vem de tensão territorial, com suporte territorial de 100.0% e 2 registros recentes na janela de 30 dias.","Leitura consistente, mas ainda pede validação operacional pontual.",O território está bem destacado no ranking frente aos pares.,"Verificar eventos recentes, pressão territorial e coerência com inteligência local antes da próxima atualização do ranking."
2026-06-11T08:48:06,2026-06-08,src/core/orchestrator.py:get_combined_risk,fortaleza_bairros_top30,4,JOSE DE ALENCAR,JOSE DE ALENCAR,fortaleza,bairro,36.59,moderado,77.4,moderada,90.8,muito alta,0,2,44.0,70.9,100.0,0.0,50.0,100.0,60.0,100.0,2.6,97.2,30,120,False,stable,Tensão territorial,100.0,Sinal neural do ST-GAT,70.9,CVLI recente na janela de 30 dias,40.0,Tensão territorial: 100.0% | Sinal neural do ST-GAT: 70.9% | CVLI recente na janela de 30 dias: 40.0%,"JOSE DE ALENCAR aparece na posição 4 de 109, com risco 36.6 e nível moderado; é prioridade imediata de acompanhamento.","O peso principal vem de tensão territorial, com suporte territorial de 100.0% e 2 registros recentes na janela de 30 dias.","Leitura consistente, mas ainda pede validação operacional pontual.",O território está bem destacado no ranking frente aos pares.,"Verificar eventos recentes, pressão territorial e coerência com inteligência local antes da próxima atualização do ranking."
2026-06-11T08:48:06,2026-06-08,src/core/orchestrator.py:get_combined_risk,fortaleza_bairros_top30,5,BARRA DO CEARA,BARRA DO CEARA,fortaleza,bairro,36.49,moderado,59.2,baixa,90.2,muito alta,0,1,137.0,92.2,50.0,0.0,63.3,50.0,100.0,50.0,2.59,96.3,30,120,False,stable,Sinal neural do ST-GAT,92.2,Tensão territorial,50.0,CVLI recente na janela de 30 dias,20.0,Sinal neural do ST-GAT: 92.2% | Tensão territorial: 50.0% | CVLI recente na janela de 30 dias: 20.0%,"BARRA DO CEARA aparece na posição 5 de 109, com risco 36.5 e nível moderado; é prioridade imediata de acompanhamento.","O peso principal vem de sinal neural do st-gat, com suporte territorial de 50.0% e 1 registros recentes na janela de 30 dias.",Leitura sensível a ruído; requer conferência adicional antes de decisão forte.,O território está bem destacado no ranking frente aos pares.,"Verificar eventos recentes, pressão territorial e coerência com inteligência local antes da próxima atualização do ranking."
2026-06-11T08:48:06,2026-06-08,src/core/orchestrator.py:get_combined_risk,fortaleza_bairros_top30,6,BONSUCESSO,BONSUCESSO,fortaleza,bairro,36.26,moderado,59.2,baixa,89.6,muito alta,0,1,48.0,91.5,50.0,0.0,63.3,50.0,70.0,50.0,2.57,95.4,30,120,False,stable,Sinal neural do ST-GAT,91.5,Tensão territorial,50.0,CVLI recente na janela de 30 dias,20.0,Sinal neural do ST-GAT: 91.5% | Tensão territorial: 50.0% | CVLI recente na janela de 30 dias: 20.0%,"BONSUCESSO aparece na posição 6 de 109, com risco 36.3 e nível moderado; é prioridade alta de acompanhamento.","O peso principal vem de sinal neural do st-gat, com suporte territorial de 50.0% e 1 registros recentes na janela de 30 dias.",Leitura sensível a ruído; requer conferência adicional antes de decisão forte.,O território está bem destacado no ranking frente aos pares.,"Verificar eventos recentes, pressão territorial e coerência com inteligência local antes da próxima atualização do ranking."
2026-06-11T08:48:06,2026-06-08,src/core/orchestrator.py:get_combined_risk,fortaleza_bairros_top30,7,ANCURI,ANCURI,fortaleza,bairro,32.59,moderado,58.0,baixa,87.0,muito alta,0,1,35.0,82.8,50.0,0.0,66.7,50.0,37.5,50.0,2.16,94.4,30,120,False,stable,Sinal neural do ST-GAT,82.8,Tensão territorial,50.0,CVLI recente na janela de 30 dias,20.0,Sinal neural do ST-GAT: 82.8% | Tensão territorial: 50.0% | CVLI recente na janela de 30 dias: 20.0%,"ANCURI aparece na posição 7 de 109, com risco 32.6 e nível moderado; é prioridade alta de acompanhamento.","O peso principal vem de sinal neural do st-gat, com suporte territorial de 50.0% e 1 registros recentes na janela de 30 dias.",Leitura sensível a ruído; requer conferência adicional antes de decisão forte.,O território está bem destacado no ranking frente aos pares.,"Verificar eventos recentes, pressão territorial e coerência com inteligência local antes da próxima atualização do ranking."
2026-06-11T08:48:06,2026-06-08,src/core/orchestrator.py:get_combined_risk,fortaleza_bairros_top30,8,SAO BENTO,SAO BENTO,fortaleza,bairro,26.18,baixo,54.9,muito baixa,83.1,alta,0,1,19.0,62.0,50.0,0.0,63.3,50.0,0.0,50.0,1.46,93.5,30,120,False,stable,Sinal neural do ST-GAT,62.0,Tensão territorial,50.0,CVLI recente na janela de 30 dias,20.0,Sinal neural do ST-GAT: 62.0% | Tensão territorial: 50.0% | CVLI recente na janela de 30 dias: 20.0%,"SAO BENTO aparece na posição 8 de 109, com risco 26.2 e nível baixo; é prioridade alta de acompanhamento.","O peso principal vem de sinal neural do st-gat, com suporte territorial de 50.0% e 1 registros recentes na janela de 30 dias.",Leitura sensível a ruído; requer conferência adicional antes de decisão forte.,"O território se diferencia do bloco intermediário, mas sem isolamento absoluto.","Verificar eventos recentes, pressão territorial e coerência com inteligência local antes da próxima atualização do ranking."
2026-06-11T08:48:06,2026-06-08,src/core/orchestrator.py:get_combined_risk,fortaleza_bairros_top30,9,LAGOA REDONDA,LAGOA REDONDA,fortaleza,bairro,25.96,baixo,46.6,muito baixa,82.4,alta,0,0,60.0,95.8,20.0,0.0,100.0,20.0,100.0,0.0,1.43,92.6,30,120,False,stable,Sinal neural do ST-GAT,95.8,Tensão territorial,20.0,Atividade recente e vizinhança,0.0,Sinal neural do ST-GAT: 95.8% | Tensão territorial: 20.0% | Atividade recente e vizinhança: 0.0%,"LAGOA REDONDA aparece na posição 9 de 109, com risco 26.0 e nível baixo; é prioridade alta de acompanhamento.","O peso principal vem de sinal neural do st-gat, com suporte territorial de 20.0% e 0 registros recentes na janela de 30 dias.",Leitura sensível a ruído; requer conferência adicional antes de decisão forte.,"O território se diferencia do bloco intermediário, mas sem isolamento absoluto.","Verificar eventos recentes, pressão territorial e coerência com inteligência local antes da próxima atualização do ranking."
2026-06-11T08:48:06,2026-06-08,src/core/orchestrator.py:get_combined_risk,fortaleza_bairros_top30,10,CURIO,CURIO,fortaleza,bairro,25.3,baixo,41.8,muito baixa,81.5,alta,0,0,26.0,100.0,3.0,0.0,100.0,3.0,15.0,0.0,1.36,91.7,30,120,False,stable,Sinal neural do ST-GAT,100.0,Tensão territorial,3.0,Atividade recente e vizinhança,0.0,Sinal neural do ST-GAT: 100.0% | Tensão territorial: 3.0% | Atividade recente e vizinhança: 0.0%,"CURIO aparece na posição 10 de 109, com risco 25.3 e nível baixo; é prioridade alta de acompanhamento.","O peso principal vem de sinal neural do st-gat, com suporte territorial de 3.0% e 0 registros recentes na janela de 30 dias.",Leitura sensível a ruído; requer conferência adicional antes de decisão forte.,"O território se diferencia do bloco intermediário, mas sem isolamento absoluto.","Verificar eventos recentes, pressão territorial e coerência com inteligência local antes da próxima atualização do ranking."
2026-06-11T08:48:06,2026-06-08,src/core/orchestrator.py:get_combined_risk,fortaleza_bairros_top30,11,CENTRO,CENTRO,fortaleza,bairro,24.87,baixo,43.5,muito baixa,80.7,alta,0,0,40.0,95.5,10.0,0.0,100.0,10.0,50.0,0.0,1.31,90.7,30,120,False,stable,Sinal neural do ST-GAT,95.5,Tensão territorial,10.0,Atividade recente e vizinhança,0.0,Sinal neural do ST-GAT: 95.5% | Tensão territorial: 10.0% | Atividade recente e vizinhança: 0.0%,"CENTRO aparece na posição 11 de 109, com risco 24.9 e nível baixo; é território de atenção tática.","O peso principal vem de sinal neural do st-gat, com suporte territorial de 10.0% e 0 registros recentes na janela de 30 dias.",Leitura sensível a ruído; requer conferência adicional antes de decisão forte.,"O território se diferencia do bloco intermediário, mas sem isolamento absoluto.","Verificar eventos recentes, pressão territorial e coerência com inteligência local antes da próxima atualização do ranking."
2026-06-11T08:48:06,2026-06-08,src/core/orchestrator.py:get_combined_risk,fortaleza_bairros_top30,12,QUINTINO CUNHA,QUINTINO CUNHA,fortaleza,bairro,24.74,baixo,46.0,muito baixa,80.1,alta,0,0,68.0,90.9,20.0,0.0,100.0,20.0,100.0,0.0,1.3,89.8,30,120,False,stable,Sinal neural do ST-GAT,90.9,Tensão territorial,20.0,Atividade recente e vizinhança,0.0,Sinal neural do ST-GAT: 90.9% | Tensão territorial: 20.0% | Atividade recente e vizinhança: 0.0%,"QUINTINO CUNHA aparece na posição 12 de 109, com risco 24.7 e nível baixo; é território de atenção tática.","O peso principal vem de sinal neural do st-gat, com suporte territorial de 20.0% e 0 registros recentes na janela de 30 dias.",Leitura sensível a ruído; requer conferência adicional antes de decisão forte.,"O território se diferencia do bloco intermediário, mas sem isolamento absoluto.","Verificar eventos recentes, pressão territorial e coerência com inteligência local antes da próxima atualização do ranking."
2026-06-11T08:48:06,2026-06-08,src/core/orchestrator.py:get_combined_risk,fortaleza_bairros_top30,13,MONDUBIM,MONDUBIM,fortaleza,bairro,24.09,baixo,45.7,muito baixa,79.2,alta,0,0,92.0,88.4,20.0,0.0,100.0,20.0,100.0,0.0,1.23,88.9,30,120,False,stable,Sinal neural do ST-GAT,88.4,Tensão territorial,20.0,Atividade recente e vizinhança,0.0,Sinal neural do ST-GAT: 88.4% | Tensão territorial: 20.0% | Atividade recente e vizinhança: 0.0%,"MONDUBIM aparece na posição 13 de 109, com risco 24.1 e nível baixo; é território de atenção tática.","O peso principal vem de sinal neural do st-gat, com suporte territorial de 20.0% e 0 registros recentes na janela de 30 dias.",Leitura sensível a ruído; requer conferência adicional antes de decisão forte.,"O território se diferencia do bloco intermediário, mas sem isolamento absoluto.","Verificar eventos recentes, pressão territorial e coerência com inteligência local antes da próxima atualização do ranking."
2026-06-11T08:48:06,2026-06-08,src/core/orchestrator.py:get_combined_risk,fortaleza_bairros_top30,14,JOSE WALTER,JOSE WALTER,fortaleza,bairro,22.08,baixo,44.8,muito baixa,77.6,alta,0,0,102.0,80.3,20.0,0.0,100.0,20.0,100.0,0.0,1.0,88.0,30,120,False,stable,Sinal neural do ST-GAT,80.3,Tensão territorial,20.0,Atividade recente e vizinhança,0.0,Sinal neural do ST-GAT: 80.3% | Tensão territorial: 20.0% | Atividade recente e vizinhança: 0.0%,"JOSE WALTER aparece na posição 14 de 109, com risco 22.1 e nível baixo; é território de atenção tática.","O peso principal vem de sinal neural do st-gat, com suporte territorial de 20.0% e 0 registros recentes na janela de 30 dias.",Leitura sensível a ruído; requer conferência adicional antes de decisão forte.,"O território se diferencia do bloco intermediário, mas sem isolamento absoluto.","Verificar eventos recentes, pressão territorial e coerência com inteligência local antes da próxima atualização do ranking."
2026-06-11T08:48:06,2026-06-08,src/core/orchestrator.py:get_combined_risk,fortaleza_bairros_top30,15,JOAO,JOAO,fortaleza,bairro,21.27,baixo,53.3,muito baixa,76.6,alta,0,1,10.0,43.4,50.0,0.0,50.0,50.0,0.0,50.0,0.91,87.0,30,120,False,stable,Tensão territorial,50.0,Sinal neural do ST-GAT,43.4,CVLI recente na janela de 30 dias,20.0,Tensão territorial: 50.0% | Sinal neural do ST-GAT: 43.4% | CVLI recente na janela de 30 dias: 20.0%,"JOAO aparece na posição 15 de 109, com risco 21.3 e nível baixo; é território de atenção tática.","O peso principal vem de tensão territorial, com suporte territorial de 50.0% e 1 registros recentes na janela de 30 dias.",Leitura sensível a ruído; requer conferência adicional antes de decisão forte.,"O território se diferencia do bloco intermediário, mas sem isolamento absoluto.","Verificar eventos recentes, pressão territorial e coerência com inteligência local antes da próxima atualização do ranking."
2026-06-11T08:48:06,2026-06-08,src/core/orchestrator.py:get_combined_risk,fortaleza_bairros_top30,16,GRANJA PORTUGAL,GRANJA PORTUGAL,fortaleza,bairro,20.44,baixo,43.7,muito baixa,75.6,alta,0,0,57.0,74.4,18.5,0.0,100.0,18.5,92.5,0.0,0.82,86.1,30,120,False,stable,Sinal neural do ST-GAT,74.4,Tensão territorial,18.5,Atividade recente e vizinhança,0.0,Sinal neural do ST-GAT: 74.4% | Tensão territorial: 18.5% | Atividade recente e vizinhança: 0.0%,"GRANJA PORTUGAL aparece na posição 16 de 109, com risco 20.4 e nível baixo; é território de atenção tática.","O peso principal vem de sinal neural do st-gat, com suporte territorial de 18.5% e 0 registros recentes na janela de 30 dias.",Leitura sensível a ruído; requer conferência adicional antes de decisão forte.,"O território se diferencia do bloco intermediário, mas sem isolamento absoluto.","Verificar eventos recentes, pressão territorial e coerência com inteligência local antes da próxima atualização do ranking."
2026-06-11T08:48:06,2026-06-08,src/core/orchestrator.py:get_combined_risk,fortaleza_bairros_top30,17,CAMBEBA,CAMBEBA,fortaleza,bairro,20.18,baixo,38.8,muito baixa,74.9,alta,0,0,10.0,80.7,0.0,0.0,100.0,0.0,0.0,0.0,0.79,85.2,30,120,False,stable,Sinal neural do ST-GAT,80.7,Tensão territorial,0.0,Atividade recente e vizinhança,0.0,Sinal neural do ST-GAT: 80.7% | Tensão territorial: 0.0% | Atividade recente e vizinhança: 0.0%,"CAMBEBA aparece na posição 17 de 109, com risco 20.2 e nível baixo; é território de atenção tática.","O peso principal vem de sinal neural do st-gat, com suporte territorial de 0.0% e 0 registros recentes na janela de 30 dias.",Leitura sensível a ruído; requer conferência adicional antes de decisão forte.,"O território se diferencia do bloco intermediário, mas sem isolamento absoluto.","Verificar eventos recentes, pressão territorial e coerência com inteligência local antes da próxima atualização do ranking."
2026-06-11T08:48:06,2026-06-08,src/core/orchestrator.py:get_combined_risk,fortaleza_bairros_top30,18,FLORESTA,FLORESTA,fortaleza,bairro,18.94,baixo,39.1,muito baixa,73.7,alta,0,0,26.0,74.6,3.0,0.0,100.0,3.0,15.0,0.0,0.66,84.3,30,120,False,stable,Sinal neural do ST-GAT,74.6,Tensão territorial,3.0,Atividade recente e vizinhança,0.0,Sinal neural do ST-GAT: 74.6% | Tensão territorial: 3.0% | Atividade recente e vizinhança: 0.0%,"FLORESTA aparece na posição 18 de 109, com risco 18.9 e nível baixo; é território de atenção tática.","O peso principal vem de sinal neural do st-gat, com suporte territorial de 3.0% e 0 registros recentes na janela de 30 dias.",Leitura sensível a ruído; requer conferência adicional antes de decisão forte.,"O território se diferencia do bloco intermediário, mas sem isolamento absoluto.","Verificar eventos recentes, pressão territorial e coerência com inteligência local antes da próxima atualização do ranking."
2026-06-11T08:48:06,2026-06-08,src/core/orchestrator.py:get_combined_risk,fortaleza_bairros_top30,19,VICENTE PINZON,VICENTE PINZON,fortaleza,bairro,17.93,baixo,42.6,muito baixa,72.6,alta,0,0,57.0,64.3,18.5,0.0,100.0,18.5,92.5,0.0,0.55,83.3,30,120,False,stable,Sinal neural do ST-GAT,64.3,Tensão territorial,18.5,Atividade recente e vizinhança,0.0,Sinal neural do ST-GAT: 64.3% | Tensão territorial: 18.5% | Atividade recente e vizinhança: 0.0%,"VICENTE PINZON aparece na posição 19 de 109, com risco 17.9 e nível baixo; é território de atenção tática.","O peso principal vem de sinal neural do st-gat, com suporte territorial de 18.5% e 0 registros recentes na janela de 30 dias.",Leitura sensível a ruído; requer conferência adicional antes de decisão forte.,"O território se diferencia do bloco intermediário, mas sem isolamento absoluto.","Verificar eventos recentes, pressão territorial e coerência com inteligência local antes da próxima atualização do ranking."
2026-06-11T08:48:06,2026-06-08,src/core/orchestrator.py:get_combined_risk,fortaleza_bairros_top30,20,PASSARE,PASSARE,fortaleza,bairro,17.45,baixo,42.7,muito baixa,71.8,alta,0,0,65.0,61.8,20.0,0.0,100.0,20.0,100.0,0.0,0.49,82.4,30,120,False,stable,Sinal neural do ST-GAT,61.8,Tensão territorial,20.0,Atividade recente e vizinhança,0.0,Sinal neural do ST-GAT: 61.8% | Tensão territorial: 20.0% | Atividade recente e vizinhança: 0.0%,"PASSARE aparece na posição 20 de 109, com risco 17.4 e nível baixo; é território de atenção tática.","O peso principal vem de sinal neural do st-gat, com suporte territorial de 20.0% e 0 registros recentes na janela de 30 dias.",Leitura sensível a ruído; requer conferência adicional antes de decisão forte.,"O território se diferencia do bloco intermediário, mas sem isolamento absoluto.","Verificar eventos recentes, pressão territorial e coerência com inteligência local antes da próxima atualização do ranking."
2026-06-11T08:48:06,2026-06-08,src/core/orchestrator.py:get_combined_risk,fortaleza_bairros_top30,21,TABAPUA,TABAPUA,fortaleza,bairro,17.17,baixo,38.3,muito baixa,71.1,alta,0,0,26.0,67.5,3.0,0.0,100.0,3.0,15.0,0.0,0.46,81.5,30,120,False,stable,Sinal neural do ST-GAT,67.5,Tensão territorial,3.0,Atividade recente e vizinhança,0.0,Sinal neural do ST-GAT: 67.5% | Tensão territorial: 3.0% | Atividade recente e vizinhança: 0.0%,"TABAPUA aparece na posição 21 de 109, com risco 17.2 e nível baixo; é território de atenção tática.","O peso principal vem de sinal neural do st-gat, com suporte territorial de 3.0% e 0 registros recentes na janela de 30 dias.",Leitura sensível a ruído; requer conferência adicional antes de decisão forte.,"O território se diferencia do bloco intermediário, mas sem isolamento absoluto.","Verificar eventos recentes, pressão territorial e coerência com inteligência local antes da próxima atualização do ranking."
2026-06-11T08:48:06,2026-06-08,src/core/orchestrator.py:get_combined_risk,fortaleza_bairros_top30,22,MESSEJANA,MESSEJANA,fortaleza,bairro,16.96,baixo,42.5,muito baixa,70.5,alta,0,0,116.0,59.8,20.0,0.0,100.0,20.0,100.0,0.0,0.44,80.6,30,120,False,stable,Sinal neural do ST-GAT,59.8,Tensão territorial,20.0,Atividade recente e vizinhança,0.0,Sinal neural do ST-GAT: 59.8% | Tensão territorial: 20.0% | Atividade recente e vizinhança: 0.0%,"MESSEJANA aparece na posição 22 de 109, com risco 17.0 e nível baixo; é território de atenção tática.","O peso principal vem de sinal neural do st-gat, com suporte territorial de 20.0% e 0 registros recentes na janela de 30 dias.",Leitura sensível a ruído; requer conferência adicional antes de decisão forte.,"O território se diferencia do bloco intermediário, mas sem isolamento absoluto.","Verificar eventos recentes, pressão territorial e coerência com inteligência local antes da próxima atualização do ranking."
2026-06-11T08:48:06,2026-06-08,src/core/orchestrator.py:get_combined_risk,fortaleza_bairros_top30,23,PARQUE LEBLON,PARQUE LEBLON,fortaleza,bairro,16.54,baixo,37.2,muito baixa,69.6,moderada,0,0,7.0,66.2,0.0,0.0,100.0,0.0,0.0,0.0,0.39,79.6,30,120,False,stable,Sinal neural do ST-GAT,66.2,Tensão territorial,0.0,Atividade recente e vizinhança,0.0,Sinal neural do ST-GAT: 66.2% | Tensão territorial: 0.0% | Atividade recente e vizinhança: 0.0%,"PARQUE LEBLON aparece na posição 23 de 109, com risco 16.5 e nível baixo; é território de atenção tática.","O peso principal vem de sinal neural do st-gat, com suporte territorial de 0.0% e 0 registros recentes na janela de 30 dias.",Leitura sensível a ruído; requer conferência adicional antes de decisão forte.,O território está próximo de pares vizinhos e pode oscilar no próximo ciclo.,"Verificar eventos recentes, pressão territorial e coerência com inteligência local antes da próxima atualização do ranking."
2026-06-11T08:48:06,2026-06-08,src/core/orchestrator.py:get_combined_risk,fortaleza_bairros_top30,24,PLANALTO AYRTON SENNA,PLANALTO AYRTON SENNA,fortaleza,bairro,16.46,baixo,42.3,muito baixa,69.1,moderada,0,0,94.0,57.9,20.0,0.0,100.0,20.0,100.0,0.0,0.38,78.7,30,120,False,stable,Sinal neural do ST-GAT,57.9,Tensão territorial,20.0,Atividade recente e vizinhança,0.0,Sinal neural do ST-GAT: 57.9% | Tensão territorial: 20.0% | Atividade recente e vizinhança: 0.0%,"PLANALTO AYRTON SENNA aparece na posição 24 de 109, com risco 16.5 e nível baixo; é território de atenção tática.","O peso principal vem de sinal neural do st-gat, com suporte territorial de 20.0% e 0 registros recentes na janela de 30 dias.",Leitura sensível a ruído; requer conferência adicional antes de decisão forte.,O território está próximo de pares vizinhos e pode oscilar no próximo ciclo.,"Verificar eventos recentes, pressão territorial e coerência com inteligência local antes da próxima atualização do ranking."
2026-06-11T08:48:06,2026-06-08,src/core/orchestrator.py:get_combined_risk,fortaleza_bairros_top30,25,BOM JARDIM,BOM JARDIM,fortaleza,bairro,16.11,baixo,41.4,muito baixa,68.3,moderada,0,0,54.0,57.6,17.0,0.0,100.0,17.0,85.0,0.0,0.35,77.8,30,120,False,stable,Sinal neural do ST-GAT,57.6,Tensão territorial,17.0,Atividade recente e vizinhança,0.0,Sinal neural do ST-GAT: 57.6% | Tensão territorial: 17.0% | Atividade recente e vizinhança: 0.0%,"BOM JARDIM aparece na posição 25 de 109, com risco 16.1 e nível baixo; é território de atenção tática.","O peso principal vem de sinal neural do st-gat, com suporte territorial de 17.0% e 0 registros recentes na janela de 30 dias.",Leitura sensível a ruído; requer conferência adicional antes de decisão forte.,O território está próximo de pares vizinhos e pode oscilar no próximo ciclo.,"Verificar eventos recentes, pressão territorial e coerência com inteligência local antes da próxima atualização do ranking."
2026-06-11T08:48:06,2026-06-08,src/core/orchestrator.py:get_combined_risk,fortaleza_bairros_top30,26,GRANJA LISBOA,GRANJA LISBOA,fortaleza,bairro,16.11,baixo,42.1,muito baixa,67.8,moderada,0,0,110.0,56.4,20.0,0.0,100.0,20.0,100.0,0.0,0.35,76.9,30,120,False,stable,Sinal neural do ST-GAT,56.4,Tensão territorial,20.0,Atividade recente e vizinhança,0.0,Sinal neural do ST-GAT: 56.4% | Tensão territorial: 20.0% | Atividade recente e vizinhança: 0.0%,"GRANJA LISBOA aparece na posição 26 de 109, com risco 16.1 e nível baixo; é território de atenção tática.","O peso principal vem de sinal neural do st-gat, com suporte territorial de 20.0% e 0 registros recentes na janela de 30 dias.",Leitura sensível a ruído; requer conferência adicional antes de decisão forte.,O território está próximo de pares vizinhos e pode oscilar no próximo ciclo.,"Verificar eventos recentes, pressão territorial e coerência com inteligência local antes da próxima atualização do ranking."
2026-06-11T08:48:06,2026-06-08,src/core/orchestrator.py:get_combined_risk,fortaleza_bairros_top30,27,ANTONIO BEZERRA,ANTONIO BEZERRA,fortaleza,bairro,15.75,baixo,40.4,muito baixa,67.0,moderada,0,0,47.0,57.6,13.5,0.0,100.0,13.5,67.5,0.0,0.31,75.9,30,120,False,stable,Sinal neural do ST-GAT,57.6,Tensão territorial,13.5,Atividade recente e vizinhança,0.0,Sinal neural do ST-GAT: 57.6% | Tensão territorial: 13.5% | Atividade recente e vizinhança: 0.0%,"ANTONIO BEZERRA aparece na posição 27 de 109, com risco 15.8 e nível baixo; é território de atenção tática.","O peso principal vem de sinal neural do st-gat, com suporte territorial de 13.5% e 0 registros recentes na janela de 30 dias.",Leitura sensível a ruído; requer conferência adicional antes de decisão forte.,O território está próximo de pares vizinhos e pode oscilar no próximo ciclo.,"Verificar eventos recentes, pressão territorial e coerência com inteligência local antes da próxima atualização do ranking."
2026-06-11T08:48:06,2026-06-08,src/core/orchestrator.py:get_combined_risk,fortaleza_bairros_top30,28,BENFICA,BENFICA,fortaleza,bairro,15.62,baixo,36.8,muito baixa,66.4,moderada,0,0,7.0,62.5,0.0,0.0,100.0,0.0,0.0,0.0,0.29,75.0,30,120,False,stable,Sinal neural do ST-GAT,62.5,Tensão territorial,0.0,Atividade recente e vizinhança,0.0,Sinal neural do ST-GAT: 62.5% | Tensão territorial: 0.0% | Atividade recente e vizinhança: 0.0%,"BENFICA aparece na posição 28 de 109, com risco 15.6 e nível baixo; é território de atenção tática.","O peso principal vem de sinal neural do st-gat, com suporte territorial de 0.0% e 0 registros recentes na janela de 30 dias.",Leitura sensível a ruído; requer conferência adicional antes de decisão forte.,O território está próximo de pares vizinhos e pode oscilar no próximo ciclo.,"Verificar eventos recentes, pressão territorial e coerência com inteligência local antes da próxima atualização do ranking."
2026-06-11T08:48:06,2026-06-08,src/core/orchestrator.py:get_combined_risk,fortaleza_bairros_top30,29,BARROSO,BARROSO,fortaleza,bairro,15.49,baixo,41.8,muito baixa,65.8,moderada,0,0,72.0,54.0,20.0,0.0,100.0,20.0,100.0,0.0,0.28,74.1,30,120,False,stable,Sinal neural do ST-GAT,54.0,Tensão territorial,20.0,Atividade recente e vizinhança,0.0,Sinal neural do ST-GAT: 54.0% | Tensão territorial: 20.0% | Atividade recente e vizinhança: 0.0%,"BARROSO aparece na posição 29 de 109, com risco 15.5 e nível baixo; é território de atenção tática.","O peso principal vem de sinal neural do st-gat, com suporte territorial de 20.0% e 0 registros recentes na janela de 30 dias.",Leitura sensível a ruído; requer conferência adicional antes de decisão forte.,O território está próximo de pares vizinhos e pode oscilar no próximo ciclo.,"Verificar eventos recentes, pressão territorial e coerência com inteligência local antes da próxima atualização do ranking."
2026-06-11T08:48:06,2026-06-08,src/core/orchestrator.py:get_combined_risk,fortaleza_bairros_top30,30,VILA VELHA,VILA VELHA,fortaleza,bairro,14.91,baixo,39.6,muito baixa,64.9,moderada,0,0,44.0,54.8,12.0,0.0,100.0,12.0,60.0,0.0,0.21,73.1,30,120,False,stable,Sinal neural do ST-GAT,54.8,Tensão territorial,12.0,Atividade recente e vizinhança,0.0,Sinal neural do ST-GAT: 54.8% | Tensão territorial: 12.0% | Atividade recente e vizinhança: 0.0%,"VILA VELHA aparece na posição 30 de 109, com risco 14.9 e nível baixo; é território de atenção tática.","O peso principal vem de sinal neural do st-gat, com suporte territorial de 12.0% e 0 registros recentes na janela de 30 dias.",Leitura sensível a ruído; requer conferência adicional antes de decisão forte.,O território está próximo de pares vizinhos e pode oscilar no próximo ciclo.,"Verificar eventos recentes, pressão territorial e coerência com inteligência local antes da próxima atualização do ranking."
