snapshot_generated_at,data_limit,source,scope,rank,name,name_normalized,region,territorial_level,risk_score,risk_level,confidence_pct,confidence_label,expressiveness_pct,expressiveness_label,recent_cvli_14d,recent_cvli_30d,historical_cvli,neural_score,tension_score,inclusion_score,calm_penalty,territorial_support_pct,historical_support_pct,live_support_pct,score_z,peer_percentile,dynamic_window_days,base_window_days,historical_fallback,trend,top_driver_1,top_driver_1_strength_pct,top_driver_2,top_driver_2_strength_pct,top_driver_3,top_driver_3_strength_pct,explainability_summary,leitura_rapida_gestor,por_que_importa_gestor,confianca_limites_gestor,expressividade_previsao_gestor,proxima_acao_gestor
2026-05-27T15:26:41,2026-05-26,src/core/orchestrator.py:get_combined_risk,cities_general_top30,1,MARACANAU,MARACANAU,rmf,cidade,85.33,crítico,53.9,muito baixa,99.0,muito alta,0,0,629.0,100.0,100.0,0.0,46.7,100.0,100.0,0.0,3.96,100.0,30,14,True,stable,Sinal neural do ST-GAT,100.0,Tensão territorial,100.0,Fallback histórico ativado,55.0,Sinal neural do ST-GAT: 100.0% | Tensão territorial: 100.0% | Fallback histórico ativado: 55.0%,"MARACANAU aparece na posição 1 de 69, com risco 85.3 e nível crítico; é prioridade imediata de acompanhamento.","O peso principal vem de sinal neural do st-gat, com suporte territorial de 100.0% e 0 registros recentes na janela de 30 dias.",Leitura mais fraca; parte do peso vem de fallback histórico e deve ser confirmada em campo.,O território está bem destacado no ranking frente aos pares.,"Verificar eventos recentes, pressão territorial e coerência com inteligência local antes da próxima atualização do ranking."
2026-05-27T15:26:41,2026-05-26,src/core/orchestrator.py:get_combined_risk,cities_general_top30,2,CAUCAIA,CAUCAIA,rmf,cidade,83.52,crítico,54.1,muito baixa,97.6,muito alta,0,0,611.0,96.4,100.0,0.0,46.7,100.0,100.0,0.0,3.85,98.5,30,14,True,stable,Tensão territorial,100.0,Sinal neural do ST-GAT,96.4,Fallback histórico ativado,55.0,Tensão territorial: 100.0% | Sinal neural do ST-GAT: 96.4% | Fallback histórico ativado: 55.0%,"CAUCAIA aparece na posição 2 de 69, com risco 83.5 e nível crítico; é prioridade imediata de acompanhamento.","O peso principal vem de tensão territorial, com suporte territorial de 100.0% e 0 registros recentes na janela de 30 dias.",Leitura mais fraca; parte do peso vem de fallback histórico e deve ser confirmada em campo.,O território está bem destacado no ranking frente aos pares.,"Verificar eventos recentes, pressão territorial e coerência com inteligência local antes da próxima atualização do ranking."
2026-05-27T15:26:41,2026-05-26,src/core/orchestrator.py:get_combined_risk,cities_general_top30,3,ITAPAJE,ITAPAJE,interior,cidade,65.14,alto,87.2,alta,91.5,muito alta,3,3,45.0,44.7,100.0,100.0,6.7,100.0,62.5,100.0,2.76,97.1,14,14,False,stable,Atividade recente e vizinhança,100.0,Tensão territorial,100.0,CVLI recente na janela de 30 dias,60.0,Atividade recente e vizinhança: 100.0% | Tensão territorial: 100.0% | CVLI recente na janela de 30 dias: 60.0%,"ITAPAJE aparece na posição 3 de 69, com risco 65.1 e nível alto; é prioridade imediata de acompanhamento.","O peso principal vem de atividade recente e vizinhança, com suporte territorial de 100.0% e 3 registros recentes na janela de 30 dias.",Leitura com boa sustentação dos sinais atuais.,O território está bem destacado no ranking frente aos pares.,"Verificar eventos recentes, pressão territorial e coerência com inteligência local antes da próxima atualização do ranking."
2026-05-27T15:26:41,2026-05-26,src/core/orchestrator.py:get_combined_risk,cities_general_top30,4,TIANGUA,TIANGUA,interior,cidade,57.42,alto,77.9,moderada,88.4,muito alta,1,1,76.0,100.0,100.0,50.0,43.3,100.0,100.0,100.0,2.3,95.6,14,14,False,stable,Sinal neural do ST-GAT,100.0,Tensão territorial,100.0,Atividade recente e vizinhança,50.0,Sinal neural do ST-GAT: 100.0% | Tensão territorial: 100.0% | Atividade recente e vizinhança: 50.0%,"TIANGUA aparece na posição 4 de 69, com risco 57.4 e nível alto; é prioridade imediata de acompanhamento.","O peso principal vem de sinal neural do st-gat, com suporte territorial de 100.0% e 1 registros recentes na janela de 30 dias.","Leitura consistente, mas ainda pede validação operacional pontual.",O território está bem destacado no ranking frente aos pares.,"Verificar eventos recentes, pressão territorial e coerência com inteligência local antes da próxima atualização do ranking."
2026-05-27T15:26:41,2026-05-26,src/core/orchestrator.py:get_combined_risk,cities_general_top30,5,VARZEA ALEGRE,VARZEA ALEGRE,interior,cidade,45.67,moderado,78.4,moderada,84.2,alta,1,1,16.0,58.4,100.0,50.0,46.7,100.0,0.0,100.0,1.61,94.1,14,14,False,stable,Tensão territorial,100.0,Sinal neural do ST-GAT,58.4,Atividade recente e vizinhança,50.0,Tensão territorial: 100.0% | Sinal neural do ST-GAT: 58.4% | Atividade recente e vizinhança: 50.0%,"VARZEA ALEGRE aparece na posição 5 de 69, com risco 45.7 e nível moderado; é prioridade imediata de acompanhamento.","O peso principal vem de tensão territorial, com suporte territorial de 100.0% e 1 registros recentes na janela de 30 dias.","Leitura consistente, mas ainda pede validação operacional pontual.","O território se diferencia do bloco intermediário, mas sem isolamento absoluto.","Verificar eventos recentes, pressão territorial e coerência com inteligência local antes da próxima atualização do ranking."
2026-05-27T15:26:41,2026-05-26,src/core/orchestrator.py:get_combined_risk,cities_general_top30,6,GROAIRAS,GROAIRAS,interior,cidade,43.39,moderado,77.3,moderada,82.6,alta,1,1,48.0,42.5,100.0,50.0,20.0,100.0,70.0,100.0,1.47,92.6,14,14,False,stable,Tensão territorial,100.0,Atividade recente e vizinhança,50.0,Sinal neural do ST-GAT,42.5,Tensão territorial: 100.0% | Atividade recente e vizinhança: 50.0% | Sinal neural do ST-GAT: 42.5%,"GROAIRAS aparece na posição 6 de 69, com risco 43.4 e nível moderado; é prioridade alta de acompanhamento.","O peso principal vem de tensão territorial, com suporte territorial de 100.0% e 1 registros recentes na janela de 30 dias.","Leitura consistente, mas ainda pede validação operacional pontual.","O território se diferencia do bloco intermediário, mas sem isolamento absoluto.","Verificar eventos recentes, pressão territorial e coerência com inteligência local antes da próxima atualização do ranking."
2026-05-27T15:26:41,2026-05-26,src/core/orchestrator.py:get_combined_risk,cities_general_top30,7,ALTO SANTO,ALTO SANTO,interior,cidade,35.73,moderado,75.2,moderada,79.6,alta,1,1,22.0,21.3,100.0,50.0,46.7,100.0,5.0,100.0,1.02,91.2,14,14,False,stable,Tensão territorial,100.0,Atividade recente e vizinhança,50.0,Sinal neural do ST-GAT,21.3,Tensão territorial: 100.0% | Atividade recente e vizinhança: 50.0% | Sinal neural do ST-GAT: 21.3%,"ALTO SANTO aparece na posição 7 de 69, com risco 35.7 e nível moderado; é prioridade alta de acompanhamento.","O peso principal vem de tensão territorial, com suporte territorial de 100.0% e 1 registros recentes na janela de 30 dias.","Leitura consistente, mas ainda pede validação operacional pontual.","O território se diferencia do bloco intermediário, mas sem isolamento absoluto.","Verificar eventos recentes, pressão territorial e coerência com inteligência local antes da próxima atualização do ranking."
2026-05-27T15:26:41,2026-05-26,src/core/orchestrator.py:get_combined_risk,cities_general_top30,8,SOBRAL,SOBRAL,interior,cidade,32.7,moderado,66.8,baixa,77.8,alta,0,0,64.0,84.6,100.0,0.0,46.7,100.0,100.0,0.0,0.84,89.7,14,14,False,stable,Tensão territorial,100.0,Sinal neural do ST-GAT,84.6,Atividade recente e vizinhança,0.0,Tensão territorial: 100.0% | Sinal neural do ST-GAT: 84.6% | Atividade recente e vizinhança: 0.0%,"SOBRAL aparece na posição 8 de 69, com risco 32.7 e nível moderado; é prioridade alta de acompanhamento.","O peso principal vem de tensão territorial, com suporte territorial de 100.0% e 0 registros recentes na janela de 30 dias.",Leitura sensível a ruído; requer conferência adicional antes de decisão forte.,"O território se diferencia do bloco intermediário, mas sem isolamento absoluto.","Verificar eventos recentes, pressão territorial e coerência com inteligência local antes da próxima atualização do ranking."
2026-05-27T15:26:41,2026-05-26,src/core/orchestrator.py:get_combined_risk,cities_general_top30,9,CARIRE,CARIRE,interior,cidade,30.91,baixo,73.2,moderada,76.4,alta,1,1,22.0,3.4,100.0,50.0,46.7,100.0,5.0,100.0,0.73,88.2,14,14,False,stable,Tensão territorial,100.0,Atividade recente e vizinhança,50.0,CVLI recente na janela de 30 dias,20.0,Tensão territorial: 100.0% | Atividade recente e vizinhança: 50.0% | CVLI recente na janela de 30 dias: 20.0%,"CARIRE aparece na posição 9 de 69, com risco 30.9 e nível baixo; é prioridade alta de acompanhamento.","O peso principal vem de tensão territorial, com suporte territorial de 100.0% e 1 registros recentes na janela de 30 dias.","Leitura consistente, mas ainda pede validação operacional pontual.","O território se diferencia do bloco intermediário, mas sem isolamento absoluto.","Verificar eventos recentes, pressão territorial e coerência com inteligência local antes da próxima atualização do ranking."
2026-05-27T15:26:41,2026-05-26,src/core/orchestrator.py:get_combined_risk,cities_general_top30,10,POTENGI,POTENGI,interior,cidade,28.36,baixo,66.3,baixa,74.9,alta,1,1,6.0,29.9,0.0,50.0,40.0,100.0,0.0,100.0,0.58,86.8,14,14,False,stable,Atividade recente e vizinhança,50.0,Sinal neural do ST-GAT,29.9,CVLI recente na janela de 30 dias,20.0,Atividade recente e vizinhança: 50.0% | Sinal neural do ST-GAT: 29.9% | CVLI recente na janela de 30 dias: 20.0%,"POTENGI aparece na posição 10 de 69, com risco 28.4 e nível baixo; é prioridade alta de acompanhamento.","O peso principal vem de atividade recente e vizinhança, com suporte territorial de 100.0% e 1 registros recentes na janela de 30 dias.",Leitura sensível a ruído; requer conferência adicional antes de decisão forte.,"O território se diferencia do bloco intermediário, mas sem isolamento absoluto.","Verificar eventos recentes, pressão territorial e coerência com inteligência local antes da próxima atualização do ranking."
2026-05-27T15:26:41,2026-05-26,src/core/orchestrator.py:get_combined_risk,cities_general_top30,11,LIMOEIRO DO NORTE,LIMOEIRO DO NORTE,interior,cidade,28.25,baixo,53.5,muito baixa,73.9,alta,0,0,40.0,86.7,50.0,0.0,46.7,50.0,50.0,0.0,0.57,85.3,14,14,False,stable,Sinal neural do ST-GAT,86.7,Tensão territorial,50.0,Atividade recente e vizinhança,0.0,Sinal neural do ST-GAT: 86.7% | Tensão territorial: 50.0% | Atividade recente e vizinhança: 0.0%,"LIMOEIRO DO NORTE aparece na posição 11 de 69, com risco 28.2 e nível baixo; é território de atenção tática.","O peso principal vem de sinal neural do st-gat, com suporte territorial de 50.0% e 0 registros recentes na janela de 30 dias.",Leitura sensível a ruído; requer conferência adicional antes de decisão forte.,"O território se diferencia do bloco intermediário, mas sem isolamento absoluto.","Verificar eventos recentes, pressão territorial e coerência com inteligência local antes da próxima atualização do ranking."
2026-05-27T15:26:41,2026-05-26,src/core/orchestrator.py:get_combined_risk,cities_general_top30,12,URUBURETAMA,URUBURETAMA,interior,cidade,25.17,baixo,42.3,muito baixa,72.2,alta,0,0,23.0,91.0,7.5,0.0,46.7,7.5,7.5,0.0,0.39,83.8,14,14,False,stable,Sinal neural do ST-GAT,91.0,Tensão territorial,7.5,Atividade recente e vizinhança,0.0,Sinal neural do ST-GAT: 91.0% | Tensão territorial: 7.5% | Atividade recente e vizinhança: 0.0%,"URUBURETAMA aparece na posição 12 de 69, com risco 25.2 e nível baixo; é território de atenção tática.","O peso principal vem de sinal neural do st-gat, com suporte territorial de 7.5% e 0 registros recentes na janela de 30 dias.",Leitura sensível a ruído; requer conferência adicional antes de decisão forte.,"O território se diferencia do bloco intermediário, mas sem isolamento absoluto.","Verificar eventos recentes, pressão territorial e coerência com inteligência local antes da próxima atualização do ranking."
2026-05-27T15:26:41,2026-05-26,src/core/orchestrator.py:get_combined_risk,cities_general_top30,13,JIJOCA DE JERICOACOARA,JIJOCA DE JERICOACOARA,interior,cidade,24.42,baixo,39.9,muito baixa,71.1,alta,0,0,18.0,91.0,0.0,0.0,46.7,0.0,0.0,0.0,0.35,82.4,14,14,False,stable,Sinal neural do ST-GAT,91.0,Tensão territorial,0.0,Atividade recente e vizinhança,0.0,Sinal neural do ST-GAT: 91.0% | Tensão territorial: 0.0% | Atividade recente e vizinhança: 0.0%,"JIJOCA DE JERICOACOARA aparece na posição 13 de 69, com risco 24.4 e nível baixo; é território de atenção tática.","O peso principal vem de sinal neural do st-gat, com suporte territorial de 0.0% e 0 registros recentes na janela de 30 dias.",Leitura sensível a ruído; requer conferência adicional antes de decisão forte.,"O território se diferencia do bloco intermediário, mas sem isolamento absoluto.","Verificar eventos recentes, pressão territorial e coerência com inteligência local antes da próxima atualização do ranking."
2026-05-27T15:26:41,2026-05-26,src/core/orchestrator.py:get_combined_risk,cities_general_top30,14,ACOPIARA,ACOPIARA,interior,cidade,24.42,baixo,39.9,muito baixa,70.2,alta,0,0,14.0,91.0,0.0,0.0,46.7,0.0,0.0,0.0,0.35,80.9,14,14,False,stable,Sinal neural do ST-GAT,91.0,Tensão territorial,0.0,Atividade recente e vizinhança,0.0,Sinal neural do ST-GAT: 91.0% | Tensão territorial: 0.0% | Atividade recente e vizinhança: 0.0%,"ACOPIARA aparece na posição 14 de 69, com risco 24.4 e nível baixo; é território de atenção tática.","O peso principal vem de sinal neural do st-gat, com suporte territorial de 0.0% e 0 registros recentes na janela de 30 dias.",Leitura sensível a ruído; requer conferência adicional antes de decisão forte.,"O território se diferencia do bloco intermediário, mas sem isolamento absoluto.","Verificar eventos recentes, pressão territorial e coerência com inteligência local antes da próxima atualização do ranking."
2026-05-27T15:26:41,2026-05-26,src/core/orchestrator.py:get_combined_risk,cities_general_top30,15,MIRAIMA,MIRAIMA,interior,cidade,24.42,baixo,39.9,muito baixa,69.3,moderada,0,0,15.0,91.0,0.0,0.0,46.7,0.0,0.0,0.0,0.35,79.4,14,14,False,stable,Sinal neural do ST-GAT,91.0,Tensão territorial,0.0,Atividade recente e vizinhança,0.0,Sinal neural do ST-GAT: 91.0% | Tensão territorial: 0.0% | Atividade recente e vizinhança: 0.0%,"MIRAIMA aparece na posição 15 de 69, com risco 24.4 e nível baixo; é território de atenção tática.","O peso principal vem de sinal neural do st-gat, com suporte territorial de 0.0% e 0 registros recentes na janela de 30 dias.",Leitura sensível a ruído; requer conferência adicional antes de decisão forte.,O território está próximo de pares vizinhos e pode oscilar no próximo ciclo.,"Verificar eventos recentes, pressão territorial e coerência com inteligência local antes da próxima atualização do ranking."
2026-05-27T15:26:41,2026-05-26,src/core/orchestrator.py:get_combined_risk,cities_general_top30,16,SANTANA DO ACARAU,SANTANA DO ACARAU,interior,cidade,24.42,baixo,39.9,muito baixa,68.4,moderada,0,0,9.0,91.0,0.0,0.0,46.7,0.0,0.0,0.0,0.35,77.9,14,14,False,stable,Sinal neural do ST-GAT,91.0,Tensão territorial,0.0,Atividade recente e vizinhança,0.0,Sinal neural do ST-GAT: 91.0% | Tensão territorial: 0.0% | Atividade recente e vizinhança: 0.0%,"SANTANA DO ACARAU aparece na posição 16 de 69, com risco 24.4 e nível baixo; é território de atenção tática.","O peso principal vem de sinal neural do st-gat, com suporte territorial de 0.0% e 0 registros recentes na janela de 30 dias.",Leitura sensível a ruído; requer conferência adicional antes de decisão forte.,O território está próximo de pares vizinhos e pode oscilar no próximo ciclo.,"Verificar eventos recentes, pressão territorial e coerência com inteligência local antes da próxima atualização do ranking."
2026-05-27T15:26:41,2026-05-26,src/core/orchestrator.py:get_combined_risk,cities_general_top30,17,CEDRO,CEDRO,interior,cidade,24.42,baixo,39.9,muito baixa,67.6,moderada,0,0,10.0,91.0,0.0,0.0,46.7,0.0,0.0,0.0,0.35,76.5,14,14,False,stable,Sinal neural do ST-GAT,91.0,Tensão territorial,0.0,Atividade recente e vizinhança,0.0,Sinal neural do ST-GAT: 91.0% | Tensão territorial: 0.0% | Atividade recente e vizinhança: 0.0%,"CEDRO aparece na posição 17 de 69, com risco 24.4 e nível baixo; é território de atenção tática.","O peso principal vem de sinal neural do st-gat, com suporte territorial de 0.0% e 0 registros recentes na janela de 30 dias.",Leitura sensível a ruído; requer conferência adicional antes de decisão forte.,O território está próximo de pares vizinhos e pode oscilar no próximo ciclo.,"Verificar eventos recentes, pressão territorial e coerência com inteligência local antes da próxima atualização do ranking."
2026-05-27T15:26:41,2026-05-26,src/core/orchestrator.py:get_combined_risk,cities_general_top30,18,PACATUBA,PACATUBA,rmf,cidade,23.65,baixo,53.6,muito baixa,66.4,moderada,1,1,58.0,2.0,0.0,50.0,23.3,100.0,95.0,100.0,0.3,75.0,30,14,True,stable,Fallback histórico ativado,55.0,Atividade recente e vizinhança,50.0,CVLI recente na janela de 30 dias,20.0,Fallback histórico ativado: 55.0% | Atividade recente e vizinhança: 50.0% | CVLI recente na janela de 30 dias: 20.0%,"PACATUBA aparece na posição 18 de 69, com risco 23.6 e nível baixo; é território de atenção tática.","O peso principal vem de fallback histórico ativado, com suporte territorial de 100.0% e 1 registros recentes na janela de 30 dias.",Leitura mais fraca; parte do peso vem de fallback histórico e deve ser confirmada em campo.,O território está próximo de pares vizinhos e pode oscilar no próximo ciclo.,"Verificar eventos recentes, pressão territorial e coerência com inteligência local antes da próxima atualização do ranking."
2026-05-27T15:26:41,2026-05-26,src/core/orchestrator.py:get_combined_risk,cities_general_top30,19,CRATO,CRATO,interior,cidade,22.71,baixo,39.2,muito baixa,65.3,moderada,0,0,6.0,84.6,0.0,0.0,46.7,0.0,0.0,0.0,0.24,73.5,14,14,False,stable,Sinal neural do ST-GAT,84.6,Tensão territorial,0.0,Atividade recente e vizinhança,0.0,Sinal neural do ST-GAT: 84.6% | Tensão territorial: 0.0% | Atividade recente e vizinhança: 0.0%,"CRATO aparece na posição 19 de 69, com risco 22.7 e nível baixo; é território de atenção tática.","O peso principal vem de sinal neural do st-gat, com suporte territorial de 0.0% e 0 registros recentes na janela de 30 dias.",Leitura sensível a ruído; requer conferência adicional antes de decisão forte.,O território está próximo de pares vizinhos e pode oscilar no próximo ciclo.,"Verificar eventos recentes, pressão territorial e coerência com inteligência local antes da próxima atualização do ranking."
2026-05-27T15:26:41,2026-05-26,src/core/orchestrator.py:get_combined_risk,cities_general_top30,20,FORQUILHA,FORQUILHA,interior,cidade,22.7,baixo,39.2,muito baixa,64.4,moderada,0,0,12.0,84.6,0.0,0.0,46.7,0.0,0.0,0.0,0.24,72.1,14,14,False,stable,Sinal neural do ST-GAT,84.6,Tensão territorial,0.0,Atividade recente e vizinhança,0.0,Sinal neural do ST-GAT: 84.6% | Tensão territorial: 0.0% | Atividade recente e vizinhança: 0.0%,"FORQUILHA aparece na posição 20 de 69, com risco 22.7 e nível baixo; é território de atenção tática.","O peso principal vem de sinal neural do st-gat, com suporte territorial de 0.0% e 0 registros recentes na janela de 30 dias.",Leitura sensível a ruído; requer conferência adicional antes de decisão forte.,O território está próximo de pares vizinhos e pode oscilar no próximo ciclo.,"Verificar eventos recentes, pressão territorial e coerência com inteligência local antes da próxima atualização do ranking."
2026-05-27T15:26:41,2026-05-26,src/core/orchestrator.py:get_combined_risk,cities_general_top30,21,OROS,OROS,interior,cidade,22.06,baixo,38.9,muito baixa,63.3,moderada,0,0,13.0,82.2,0.0,0.0,46.7,0.0,0.0,0.0,0.21,70.6,14,14,False,stable,Sinal neural do ST-GAT,82.2,Tensão territorial,0.0,Atividade recente e vizinhança,0.0,Sinal neural do ST-GAT: 82.2% | Tensão territorial: 0.0% | Atividade recente e vizinhança: 0.0%,"OROS aparece na posição 21 de 69, com risco 22.1 e nível baixo; é território de atenção tática.","O peso principal vem de sinal neural do st-gat, com suporte territorial de 0.0% e 0 registros recentes na janela de 30 dias.",Leitura sensível a ruído; requer conferência adicional antes de decisão forte.,O território está próximo de pares vizinhos e pode oscilar no próximo ciclo.,"Verificar eventos recentes, pressão territorial e coerência com inteligência local antes da próxima atualização do ranking."
2026-05-27T15:26:41,2026-05-26,src/core/orchestrator.py:get_combined_risk,cities_general_top30,22,IGUATU,IGUATU,interior,cidade,21.5,baixo,67.7,baixa,62.3,moderada,0,0,81.0,42.9,100.0,0.0,46.7,100.0,100.0,0.0,0.17,69.1,14,14,False,stable,Tensão territorial,100.0,Sinal neural do ST-GAT,42.9,Atividade recente e vizinhança,0.0,Tensão territorial: 100.0% | Sinal neural do ST-GAT: 42.9% | Atividade recente e vizinhança: 0.0%,"IGUATU aparece na posição 22 de 69, com risco 21.5 e nível baixo; é território de atenção tática.","O peso principal vem de tensão territorial, com suporte territorial de 100.0% e 0 registros recentes na janela de 30 dias.",Leitura sensível a ruído; requer conferência adicional antes de decisão forte.,O território está próximo de pares vizinhos e pode oscilar no próximo ciclo.,"Verificar eventos recentes, pressão territorial e coerência com inteligência local antes da próxima atualização do ranking."
2026-05-27T15:26:41,2026-05-26,src/core/orchestrator.py:get_combined_risk,cities_general_top30,23,BATURITE,BATURITE,interior,cidade,21.5,baixo,67.7,baixa,61.4,moderada,0,0,62.0,42.9,100.0,0.0,46.7,100.0,100.0,0.0,0.17,67.6,14,14,False,stable,Tensão territorial,100.0,Sinal neural do ST-GAT,42.9,Atividade recente e vizinhança,0.0,Tensão territorial: 100.0% | Sinal neural do ST-GAT: 42.9% | Atividade recente e vizinhança: 0.0%,"BATURITE aparece na posição 23 de 69, com risco 21.5 e nível baixo; é território de atenção tática.","O peso principal vem de tensão territorial, com suporte territorial de 100.0% e 0 registros recentes na janela de 30 dias.",Leitura sensível a ruído; requer conferência adicional antes de decisão forte.,O território está próximo de pares vizinhos e pode oscilar no próximo ciclo.,"Verificar eventos recentes, pressão territorial e coerência com inteligência local antes da próxima atualização do ranking."
2026-05-27T15:26:41,2026-05-26,src/core/orchestrator.py:get_combined_risk,cities_general_top30,24,IRACEMA,IRACEMA,interior,cidade,20.12,baixo,38.1,muito baixa,60.2,moderada,0,0,15.0,75.0,0.0,0.0,46.7,0.0,0.0,0.0,0.09,66.2,14,14,False,stable,Sinal neural do ST-GAT,75.0,Tensão territorial,0.0,Atividade recente e vizinhança,0.0,Sinal neural do ST-GAT: 75.0% | Tensão territorial: 0.0% | Atividade recente e vizinhança: 0.0%,"IRACEMA aparece na posição 24 de 69, com risco 20.1 e nível baixo; é território de atenção tática.","O peso principal vem de sinal neural do st-gat, com suporte territorial de 0.0% e 0 registros recentes na janela de 30 dias.",Leitura sensível a ruído; requer conferência adicional antes de decisão forte.,O território está próximo de pares vizinhos e pode oscilar no próximo ciclo.,"Verificar eventos recentes, pressão territorial e coerência com inteligência local antes da próxima atualização do ranking."
2026-05-27T15:26:41,2026-05-26,src/core/orchestrator.py:get_combined_risk,cities_general_top30,25,ITAITINGA,ITAITINGA,rmf,cidade,16.88,baixo,35.8,muito baixa,58.3,moderada,0,1,26.0,3.1,0.0,0.0,46.7,50.0,15.0,50.0,-0.1,64.7,30,14,True,stable,Fallback histórico ativado,55.0,CVLI recente na janela de 30 dias,20.0,Sinal neural do ST-GAT,3.1,Fallback histórico ativado: 55.0% | CVLI recente na janela de 30 dias: 20.0% | Sinal neural do ST-GAT: 3.1%,"ITAITINGA aparece na posição 25 de 69, com risco 16.9 e nível baixo; é território de atenção tática.","O peso principal vem de fallback histórico ativado, com suporte territorial de 50.0% e 1 registros recentes na janela de 30 dias.",Leitura mais fraca; parte do peso vem de fallback histórico e deve ser confirmada em campo.,O território está próximo de pares vizinhos e pode oscilar no próximo ciclo.,"Verificar eventos recentes, pressão territorial e coerência com inteligência local antes da próxima atualização do ranking."
2026-05-27T15:26:41,2026-05-26,src/core/orchestrator.py:get_combined_risk,cities_general_top30,26,HORIZONTE,HORIZONTE,rmf,cidade,16.64,baixo,43.3,muito baixa,57.4,moderada,0,0,128.0,2.6,0.0,0.0,46.7,100.0,100.0,0.0,-0.12,63.2,30,14,True,stable,Fallback histórico ativado,55.0,Sinal neural do ST-GAT,2.6,Tensão territorial,0.0,Fallback histórico ativado: 55.0% | Sinal neural do ST-GAT: 2.6% | Tensão territorial: 0.0%,"HORIZONTE aparece na posição 26 de 69, com risco 16.6 e nível baixo; é território de atenção tática.","O peso principal vem de fallback histórico ativado, com suporte territorial de 100.0% e 0 registros recentes na janela de 30 dias.",Leitura mais fraca; parte do peso vem de fallback histórico e deve ser confirmada em campo.,O território está próximo de pares vizinhos e pode oscilar no próximo ciclo.,"Verificar eventos recentes, pressão territorial e coerência com inteligência local antes da próxima atualização do ranking."
2026-05-27T15:26:41,2026-05-26,src/core/orchestrator.py:get_combined_risk,cities_general_top30,27,TRAIRI,TRAIRI,rmf,cidade,16.08,baixo,74.9,moderada,56.4,moderada,2,5,16.0,16.8,0.0,100.0,23.3,100.0,0.0,100.0,-0.15,61.8,30,14,True,stable,Atividade recente e vizinhança,100.0,CVLI recente na janela de 30 dias,100.0,Fallback histórico ativado,55.0,Atividade recente e vizinhança: 100.0% | CVLI recente na janela de 30 dias: 100.0% | Fallback histórico ativado: 55.0%,"TRAIRI aparece na posição 27 de 69, com risco 16.1 e nível baixo; é território de atenção tática.","O peso principal vem de atividade recente e vizinhança, com suporte territorial de 100.0% e 5 registros recentes na janela de 30 dias.","Leitura consistente, mas ainda pede validação operacional pontual.",O território está próximo de pares vizinhos e pode oscilar no próximo ciclo.,"Verificar eventos recentes, pressão territorial e coerência com inteligência local antes da próxima atualização do ranking."
2026-05-27T15:26:41,2026-05-26,src/core/orchestrator.py:get_combined_risk,cities_general_top30,28,PARAIPABA,PARAIPABA,rmf,cidade,15.71,baixo,25.0,muito baixa,55.4,moderada,0,0,31.0,0.7,0.0,0.0,46.7,27.5,27.5,0.0,-0.17,60.3,30,14,True,stable,Fallback histórico ativado,55.0,Sinal neural do ST-GAT,0.7,Tensão territorial,0.0,Fallback histórico ativado: 55.0% | Sinal neural do ST-GAT: 0.7% | Tensão territorial: 0.0%,"PARAIPABA aparece na posição 28 de 69, com risco 15.7 e nível baixo; é território de atenção tática.","O peso principal vem de fallback histórico ativado, com suporte territorial de 27.5% e 0 registros recentes na janela de 30 dias.",Leitura mais fraca; parte do peso vem de fallback histórico e deve ser confirmada em campo.,O território está próximo de pares vizinhos e pode oscilar no próximo ciclo.,"Verificar eventos recentes, pressão territorial e coerência com inteligência local antes da próxima atualização do ranking."
2026-05-27T15:26:41,2026-05-26,src/core/orchestrator.py:get_combined_risk,cities_general_top30,29,PACAJUS,PACAJUS,rmf,cidade,15.37,baixo,43.0,muito baixa,54.4,moderada,0,0,104.0,0.1,0.0,0.0,46.7,100.0,100.0,0.0,-0.19,58.8,30,14,True,stable,Fallback histórico ativado,55.0,Sinal neural do ST-GAT,0.1,Tensão territorial,0.0,Fallback histórico ativado: 55.0% | Sinal neural do ST-GAT: 0.1% | Tensão territorial: 0.0%,"PACAJUS aparece na posição 29 de 69, com risco 15.4 e nível baixo; é território de atenção tática.","O peso principal vem de fallback histórico ativado, com suporte territorial de 100.0% e 0 registros recentes na janela de 30 dias.",Leitura mais fraca; parte do peso vem de fallback histórico e deve ser confirmada em campo.,O território está próximo de pares vizinhos e pode oscilar no próximo ciclo.,"Verificar eventos recentes, pressão territorial e coerência com inteligência local antes da próxima atualização do ranking."
2026-05-27T15:26:41,2026-05-26,src/core/orchestrator.py:get_combined_risk,cities_general_top30,30,PINDORETAMA,PINDORETAMA,rmf,cidade,15.37,baixo,31.8,muito baixa,53.5,moderada,0,0,42.0,0.1,0.0,0.0,46.7,55.0,55.0,0.0,-0.19,57.4,30,14,True,stable,Fallback histórico ativado,55.0,Sinal neural do ST-GAT,0.1,Tensão territorial,0.0,Fallback histórico ativado: 55.0% | Sinal neural do ST-GAT: 0.1% | Tensão territorial: 0.0%,"PINDORETAMA aparece na posição 30 de 69, com risco 15.4 e nível baixo; é território de atenção tática.","O peso principal vem de fallback histórico ativado, com suporte territorial de 55.0% e 0 registros recentes na janela de 30 dias.",Leitura mais fraca; parte do peso vem de fallback histórico e deve ser confirmada em campo.,O território está próximo de pares vizinhos e pode oscilar no próximo ciclo.,"Verificar eventos recentes, pressão territorial e coerência com inteligência local antes da próxima atualização do ranking."
2026-05-27T15:26:41,2026-05-26,src/core/orchestrator.py:get_combined_risk,cities_rmf_top20,1,MARACANAU,MARACANAU,rmf,cidade,85.33,crítico,53.9,muito baixa,93.4,muito alta,0,0,629.0,100.0,100.0,0.0,46.7,100.0,100.0,0.0,2.79,100.0,30,14,True,stable,Sinal neural do ST-GAT,100.0,Tensão territorial,100.0,Fallback histórico ativado,55.0,Sinal neural do ST-GAT: 100.0% | Tensão territorial: 100.0% | Fallback histórico ativado: 55.0%,"MARACANAU aparece na posição 1 de 19, com risco 85.3 e nível crítico; é prioridade imediata de acompanhamento.","O peso principal vem de sinal neural do st-gat, com suporte territorial de 100.0% e 0 registros recentes na janela de 30 dias.",Leitura mais fraca; parte do peso vem de fallback histórico e deve ser confirmada em campo.,O território está bem destacado no ranking frente aos pares.,"Verificar eventos recentes, pressão territorial e coerência com inteligência local antes da próxima atualização do ranking."
2026-05-27T15:26:41,2026-05-26,src/core/orchestrator.py:get_combined_risk,cities_rmf_top20,2,CAUCAIA,CAUCAIA,rmf,cidade,83.52,crítico,54.1,muito baixa,89.7,muito alta,0,0,611.0,96.4,100.0,0.0,46.7,100.0,100.0,0.0,2.72,94.4,30,14,True,stable,Tensão territorial,100.0,Sinal neural do ST-GAT,96.4,Fallback histórico ativado,55.0,Tensão territorial: 100.0% | Sinal neural do ST-GAT: 96.4% | Fallback histórico ativado: 55.0%,"CAUCAIA aparece na posição 2 de 19, com risco 83.5 e nível crítico; é prioridade imediata de acompanhamento.","O peso principal vem de tensão territorial, com suporte territorial de 100.0% e 0 registros recentes na janela de 30 dias.",Leitura mais fraca; parte do peso vem de fallback histórico e deve ser confirmada em campo.,O território está bem destacado no ranking frente aos pares.,"Verificar eventos recentes, pressão territorial e coerência com inteligência local antes da próxima atualização do ranking."
2026-05-27T15:26:41,2026-05-26,src/core/orchestrator.py:get_combined_risk,cities_rmf_top20,3,PACATUBA,PACATUBA,rmf,cidade,23.65,baixo,53.6,muito baixa,74.7,alta,1,1,58.0,2.0,0.0,50.0,23.3,100.0,95.0,100.0,0.28,88.9,30,14,True,stable,Fallback histórico ativado,55.0,Atividade recente e vizinhança,50.0,CVLI recente na janela de 30 dias,20.0,Fallback histórico ativado: 55.0% | Atividade recente e vizinhança: 50.0% | CVLI recente na janela de 30 dias: 20.0%,"PACATUBA aparece na posição 3 de 19, com risco 23.6 e nível baixo; é prioridade imediata de acompanhamento.","O peso principal vem de fallback histórico ativado, com suporte territorial de 100.0% e 1 registros recentes na janela de 30 dias.",Leitura mais fraca; parte do peso vem de fallback histórico e deve ser confirmada em campo.,"O território se diferencia do bloco intermediário, mas sem isolamento absoluto.","Verificar eventos recentes, pressão territorial e coerência com inteligência local antes da próxima atualização do ranking."
2026-05-27T15:26:41,2026-05-26,src/core/orchestrator.py:get_combined_risk,cities_rmf_top20,4,ITAITINGA,ITAITINGA,rmf,cidade,16.88,baixo,35.8,muito baixa,70.0,alta,0,1,26.0,3.1,0.0,0.0,46.7,50.0,15.0,50.0,0.0,83.3,30,14,True,stable,Fallback histórico ativado,55.0,CVLI recente na janela de 30 dias,20.0,Sinal neural do ST-GAT,3.1,Fallback histórico ativado: 55.0% | CVLI recente na janela de 30 dias: 20.0% | Sinal neural do ST-GAT: 3.1%,"ITAITINGA aparece na posição 4 de 19, com risco 16.9 e nível baixo; é prioridade imediata de acompanhamento.","O peso principal vem de fallback histórico ativado, com suporte territorial de 50.0% e 1 registros recentes na janela de 30 dias.",Leitura mais fraca; parte do peso vem de fallback histórico e deve ser confirmada em campo.,"O território se diferencia do bloco intermediário, mas sem isolamento absoluto.","Verificar eventos recentes, pressão territorial e coerência com inteligência local antes da próxima atualização do ranking."
2026-05-27T15:26:41,2026-05-26,src/core/orchestrator.py:get_combined_risk,cities_rmf_top20,5,HORIZONTE,HORIZONTE,rmf,cidade,16.64,baixo,43.3,muito baixa,66.6,moderada,0,0,128.0,2.6,0.0,0.0,46.7,100.0,100.0,0.0,-0.01,77.8,30,14,True,stable,Fallback histórico ativado,55.0,Sinal neural do ST-GAT,2.6,Tensão territorial,0.0,Fallback histórico ativado: 55.0% | Sinal neural do ST-GAT: 2.6% | Tensão territorial: 0.0%,"HORIZONTE aparece na posição 5 de 19, com risco 16.6 e nível baixo; é prioridade imediata de acompanhamento.","O peso principal vem de fallback histórico ativado, com suporte territorial de 100.0% e 0 registros recentes na janela de 30 dias.",Leitura mais fraca; parte do peso vem de fallback histórico e deve ser confirmada em campo.,O território está próximo de pares vizinhos e pode oscilar no próximo ciclo.,"Verificar eventos recentes, pressão territorial e coerência com inteligência local antes da próxima atualização do ranking."
2026-05-27T15:26:41,2026-05-26,src/core/orchestrator.py:get_combined_risk,cities_rmf_top20,6,TRAIRI,TRAIRI,rmf,cidade,16.08,baixo,74.9,moderada,63.2,moderada,2,5,16.0,16.8,0.0,100.0,23.3,100.0,0.0,100.0,-0.03,72.2,30,14,True,stable,Atividade recente e vizinhança,100.0,CVLI recente na janela de 30 dias,100.0,Fallback histórico ativado,55.0,Atividade recente e vizinhança: 100.0% | CVLI recente na janela de 30 dias: 100.0% | Fallback histórico ativado: 55.0%,"TRAIRI aparece na posição 6 de 19, com risco 16.1 e nível baixo; é prioridade alta de acompanhamento.","O peso principal vem de atividade recente e vizinhança, com suporte territorial de 100.0% e 5 registros recentes na janela de 30 dias.","Leitura consistente, mas ainda pede validação operacional pontual.",O território está próximo de pares vizinhos e pode oscilar no próximo ciclo.,"Verificar eventos recentes, pressão territorial e coerência com inteligência local antes da próxima atualização do ranking."
2026-05-27T15:26:41,2026-05-26,src/core/orchestrator.py:get_combined_risk,cities_rmf_top20,7,PARAIPABA,PARAIPABA,rmf,cidade,15.71,baixo,25.0,muito baixa,59.8,moderada,0,0,31.0,0.7,0.0,0.0,46.7,27.5,27.5,0.0,-0.04,66.7,30,14,True,stable,Fallback histórico ativado,55.0,Sinal neural do ST-GAT,0.7,Tensão territorial,0.0,Fallback histórico ativado: 55.0% | Sinal neural do ST-GAT: 0.7% | Tensão territorial: 0.0%,"PARAIPABA aparece na posição 7 de 19, com risco 15.7 e nível baixo; é prioridade alta de acompanhamento.","O peso principal vem de fallback histórico ativado, com suporte territorial de 27.5% e 0 registros recentes na janela de 30 dias.",Leitura mais fraca; parte do peso vem de fallback histórico e deve ser confirmada em campo.,O território está próximo de pares vizinhos e pode oscilar no próximo ciclo.,"Verificar eventos recentes, pressão territorial e coerência com inteligência local antes da próxima atualização do ranking."
2026-05-27T15:26:41,2026-05-26,src/core/orchestrator.py:get_combined_risk,cities_rmf_top20,8,PACAJUS,PACAJUS,rmf,cidade,15.37,baixo,43.0,muito baixa,56.4,moderada,0,0,104.0,0.1,0.0,0.0,46.7,100.0,100.0,0.0,-0.06,61.1,30,14,True,stable,Fallback histórico ativado,55.0,Sinal neural do ST-GAT,0.1,Tensão territorial,0.0,Fallback histórico ativado: 55.0% | Sinal neural do ST-GAT: 0.1% | Tensão territorial: 0.0%,"PACAJUS aparece na posição 8 de 19, com risco 15.4 e nível baixo; é prioridade alta de acompanhamento.","O peso principal vem de fallback histórico ativado, com suporte territorial de 100.0% e 0 registros recentes na janela de 30 dias.",Leitura mais fraca; parte do peso vem de fallback histórico e deve ser confirmada em campo.,O território está próximo de pares vizinhos e pode oscilar no próximo ciclo.,"Verificar eventos recentes, pressão territorial e coerência com inteligência local antes da próxima atualização do ranking."
2026-05-27T15:26:41,2026-05-26,src/core/orchestrator.py:get_combined_risk,cities_rmf_top20,9,PINDORETAMA,PINDORETAMA,rmf,cidade,15.37,baixo,31.8,muito baixa,53.1,moderada,0,0,42.0,0.1,0.0,0.0,46.7,55.0,55.0,0.0,-0.06,55.6,30,14,True,stable,Fallback histórico ativado,55.0,Sinal neural do ST-GAT,0.1,Tensão territorial,0.0,Fallback histórico ativado: 55.0% | Sinal neural do ST-GAT: 0.1% | Tensão territorial: 0.0%,"PINDORETAMA aparece na posição 9 de 19, com risco 15.4 e nível baixo; é prioridade alta de acompanhamento.","O peso principal vem de fallback histórico ativado, com suporte territorial de 55.0% e 0 registros recentes na janela de 30 dias.",Leitura mais fraca; parte do peso vem de fallback histórico e deve ser confirmada em campo.,O território está próximo de pares vizinhos e pode oscilar no próximo ciclo.,"Verificar eventos recentes, pressão territorial e coerência com inteligência local antes da próxima atualização do ranking."
2026-05-27T15:26:41,2026-05-26,src/core/orchestrator.py:get_combined_risk,cities_rmf_top20,10,EUSEBIO,EUSEBIO,rmf,cidade,15.37,baixo,27.4,muito baixa,49.7,baixa,0,0,35.0,0.1,0.0,0.0,46.7,37.5,37.5,0.0,-0.06,50.0,30,14,True,stable,Fallback histórico ativado,55.0,Sinal neural do ST-GAT,0.1,Tensão territorial,0.0,Fallback histórico ativado: 55.0% | Sinal neural do ST-GAT: 0.1% | Tensão territorial: 0.0%,"EUSEBIO aparece na posição 10 de 19, com risco 15.4 e nível baixo; é prioridade alta de acompanhamento.","O peso principal vem de fallback histórico ativado, com suporte territorial de 37.5% e 0 registros recentes na janela de 30 dias.",Leitura mais fraca; parte do peso vem de fallback histórico e deve ser confirmada em campo.,O território está próximo de pares vizinhos e pode oscilar no próximo ciclo.,"Verificar eventos recentes, pressão territorial e coerência com inteligência local antes da próxima atualização do ranking."
2026-05-27T15:26:41,2026-05-26,src/core/orchestrator.py:get_combined_risk,cities_rmf_top20,11,SAO LUIS DO CURU,SAO LUIS DO CURU,rmf,cidade,15.37,baixo,19.9,muito baixa,46.4,baixa,0,0,23.0,0.1,0.0,0.0,46.7,7.5,7.5,0.0,-0.06,44.4,30,14,True,stable,Fallback histórico ativado,55.0,Sinal neural do ST-GAT,0.1,Tensão territorial,0.0,Fallback histórico ativado: 55.0% | Sinal neural do ST-GAT: 0.1% | Tensão territorial: 0.0%,"SAO LUIS DO CURU aparece na posição 11 de 19, com risco 15.4 e nível baixo; é território de atenção tática.","O peso principal vem de fallback histórico ativado, com suporte territorial de 7.5% e 0 registros recentes na janela de 30 dias.",Leitura mais fraca; parte do peso vem de fallback histórico e deve ser confirmada em campo.,O território está próximo de pares vizinhos e pode oscilar no próximo ciclo.,"Verificar eventos recentes, pressão territorial e coerência com inteligência local antes da próxima atualização do ranking."
2026-05-27T15:26:41,2026-05-26,src/core/orchestrator.py:get_combined_risk,cities_rmf_top20,12,AQUIRAZ,AQUIRAZ,rmf,cidade,0.0,baixo,18.0,muito baixa,40.1,baixa,0,0,20.0,0.1,0.0,0.0,46.7,0.0,0.0,0.0,-0.68,38.9,30,14,True,stable,Fallback histórico ativado,55.0,Sinal neural do ST-GAT,0.1,Tensão territorial,0.0,Fallback histórico ativado: 55.0% | Sinal neural do ST-GAT: 0.1% | Tensão territorial: 0.0%,"AQUIRAZ aparece na posição 12 de 19, com risco 0.0 e nível baixo; é território de atenção tática.","O peso principal vem de fallback histórico ativado, com suporte territorial de 0.0% e 0 registros recentes na janela de 30 dias.",Leitura mais fraca; parte do peso vem de fallback histórico e deve ser confirmada em campo.,O território está próximo de pares vizinhos e pode oscilar no próximo ciclo.,"Verificar eventos recentes, pressão territorial e coerência com inteligência local antes da próxima atualização do ranking."
2026-05-27T15:26:41,2026-05-26,src/core/orchestrator.py:get_combined_risk,cities_rmf_top20,13,PARACURU,PARACURU,rmf,cidade,0.0,baixo,18.0,muito baixa,36.7,baixa,0,0,19.0,0.1,0.0,0.0,46.7,0.0,0.0,0.0,-0.68,33.3,30,14,True,stable,Fallback histórico ativado,55.0,Sinal neural do ST-GAT,0.1,Tensão territorial,0.0,Fallback histórico ativado: 55.0% | Sinal neural do ST-GAT: 0.1% | Tensão territorial: 0.0%,"PARACURU aparece na posição 13 de 19, com risco 0.0 e nível baixo; é território de atenção tática.","O peso principal vem de fallback histórico ativado, com suporte territorial de 0.0% e 0 registros recentes na janela de 30 dias.",Leitura mais fraca; parte do peso vem de fallback histórico e deve ser confirmada em campo.,O território está próximo de pares vizinhos e pode oscilar no próximo ciclo.,"Verificar eventos recentes, pressão territorial e coerência com inteligência local antes da próxima atualização do ranking."
2026-05-27T15:26:41,2026-05-26,src/core/orchestrator.py:get_combined_risk,cities_rmf_top20,14,MARANGUAPE,MARANGUAPE,rmf,cidade,0.0,baixo,18.0,muito baixa,33.4,baixa,0,0,9.0,0.1,0.0,0.0,46.7,0.0,0.0,0.0,-0.68,27.8,30,14,True,stable,Fallback histórico ativado,55.0,Sinal neural do ST-GAT,0.1,Tensão territorial,0.0,Fallback histórico ativado: 55.0% | Sinal neural do ST-GAT: 0.1% | Tensão territorial: 0.0%,"MARANGUAPE aparece na posição 14 de 19, com risco 0.0 e nível baixo; é território de atenção tática.","O peso principal vem de fallback histórico ativado, com suporte territorial de 0.0% e 0 registros recentes na janela de 30 dias.",Leitura mais fraca; parte do peso vem de fallback histórico e deve ser confirmada em campo.,O território está próximo de pares vizinhos e pode oscilar no próximo ciclo.,"Verificar eventos recentes, pressão territorial e coerência com inteligência local antes da próxima atualização do ranking."
2026-05-27T15:26:41,2026-05-26,src/core/orchestrator.py:get_combined_risk,cities_rmf_top20,15,GUAIUBA,GUAIUBA,rmf,cidade,0.0,baixo,18.0,muito baixa,30.0,baixa,0,0,14.0,0.1,0.0,0.0,46.7,0.0,0.0,0.0,-0.68,22.2,30,14,True,stable,Fallback histórico ativado,55.0,Sinal neural do ST-GAT,0.1,Tensão territorial,0.0,Fallback histórico ativado: 55.0% | Sinal neural do ST-GAT: 0.1% | Tensão territorial: 0.0%,"GUAIUBA aparece na posição 15 de 19, com risco 0.0 e nível baixo; é território de atenção tática.","O peso principal vem de fallback histórico ativado, com suporte territorial de 0.0% e 0 registros recentes na janela de 30 dias.",Leitura mais fraca; parte do peso vem de fallback histórico e deve ser confirmada em campo.,O território está próximo de pares vizinhos e pode oscilar no próximo ciclo.,"Verificar eventos recentes, pressão territorial e coerência com inteligência local antes da próxima atualização do ranking."
2026-05-27T15:26:41,2026-05-26,src/core/orchestrator.py:get_combined_risk,cities_rmf_top20,16,CHOROZINHO,CHOROZINHO,rmf,cidade,0.0,baixo,18.0,muito baixa,26.7,baixa,0,0,15.0,0.1,0.0,0.0,46.7,0.0,0.0,0.0,-0.68,16.7,30,14,True,stable,Fallback histórico ativado,55.0,Sinal neural do ST-GAT,0.1,Tensão territorial,0.0,Fallback histórico ativado: 55.0% | Sinal neural do ST-GAT: 0.1% | Tensão territorial: 0.0%,"CHOROZINHO aparece na posição 16 de 19, com risco 0.0 e nível baixo; é território de atenção tática.","O peso principal vem de fallback histórico ativado, com suporte territorial de 0.0% e 0 registros recentes na janela de 30 dias.",Leitura mais fraca; parte do peso vem de fallback histórico e deve ser confirmada em campo.,O território está próximo de pares vizinhos e pode oscilar no próximo ciclo.,"Verificar eventos recentes, pressão territorial e coerência com inteligência local antes da próxima atualização do ranking."
2026-05-27T15:26:41,2026-05-26,src/core/orchestrator.py:get_combined_risk,cities_rmf_top20,17,CASCAVEL,CASCAVEL,rmf,cidade,0.0,baixo,18.0,muito baixa,23.4,baixa,0,0,2.0,0.3,0.0,0.0,46.7,0.0,0.0,0.0,-0.68,11.1,30,14,True,stable,Fallback histórico ativado,55.0,Sinal neural do ST-GAT,0.3,Tensão territorial,0.0,Fallback histórico ativado: 55.0% | Sinal neural do ST-GAT: 0.3% | Tensão territorial: 0.0%,"CASCAVEL aparece na posição 17 de 19, com risco 0.0 e nível baixo; é território de atenção tática.","O peso principal vem de fallback histórico ativado, com suporte territorial de 0.0% e 0 registros recentes na janela de 30 dias.",Leitura mais fraca; parte do peso vem de fallback histórico e deve ser confirmada em campo.,O território está próximo de pares vizinhos e pode oscilar no próximo ciclo.,"Verificar eventos recentes, pressão territorial e coerência com inteligência local antes da próxima atualização do ranking."
2026-05-27T15:26:41,2026-05-26,src/core/orchestrator.py:get_combined_risk,cities_rmf_top20,18,SAO GONCALO DO AMARANTE,SAO GONCALO DO AMARANTE,rmf,cidade,0.0,baixo,18.0,muito baixa,20.1,baixa,0,0,1.0,0.1,0.0,0.0,46.7,0.0,0.0,0.0,-0.68,5.6,30,14,True,stable,Fallback histórico ativado,55.0,Sinal neural do ST-GAT,0.1,Tensão territorial,0.0,Fallback histórico ativado: 55.0% | Sinal neural do ST-GAT: 0.1% | Tensão territorial: 0.0%,"SAO GONCALO DO AMARANTE aparece na posição 18 de 19, com risco 0.0 e nível baixo; é território de atenção tática.","O peso principal vem de fallback histórico ativado, com suporte territorial de 0.0% e 0 registros recentes na janela de 30 dias.",Leitura mais fraca; parte do peso vem de fallback histórico e deve ser confirmada em campo.,O território está próximo de pares vizinhos e pode oscilar no próximo ciclo.,"Verificar eventos recentes, pressão territorial e coerência com inteligência local antes da próxima atualização do ranking."
2026-05-27T15:26:41,2026-05-26,src/core/orchestrator.py:get_combined_risk,cities_rmf_top20,19,BEBERIBE,BEBERIBE,rmf,cidade,0.0,baixo,18.0,muito baixa,16.7,baixa,0,0,1.0,0.0,0.0,0.0,46.7,0.0,0.0,0.0,-0.68,0.0,30,14,True,stable,Fallback histórico ativado,55.0,Sinal neural do ST-GAT,0.0,Tensão territorial,0.0,Fallback histórico ativado: 55.0% | Sinal neural do ST-GAT: 0.0% | Tensão territorial: 0.0%,"BEBERIBE aparece na posição 19 de 19, com risco 0.0 e nível baixo; é território de atenção tática.","O peso principal vem de fallback histórico ativado, com suporte territorial de 0.0% e 0 registros recentes na janela de 30 dias.",Leitura mais fraca; parte do peso vem de fallback histórico e deve ser confirmada em campo.,O território está próximo de pares vizinhos e pode oscilar no próximo ciclo.,"Verificar eventos recentes, pressão territorial e coerência com inteligência local antes da próxima atualização do ranking."
2026-05-27T15:26:41,2026-05-26,src/core/orchestrator.py:get_combined_risk,cities_interior_top30,1,ITAPAJE,ITAPAJE,interior,cidade,65.14,alto,87.2,alta,97.3,muito alta,3,3,45.0,44.7,100.0,100.0,6.7,100.0,62.5,100.0,3.61,100.0,14,14,False,stable,Atividade recente e vizinhança,100.0,Tensão territorial,100.0,CVLI recente na janela de 30 dias,60.0,Atividade recente e vizinhança: 100.0% | Tensão territorial: 100.0% | CVLI recente na janela de 30 dias: 60.0%,"ITAPAJE aparece na posição 1 de 50, com risco 65.1 e nível alto; é prioridade imediata de acompanhamento.","O peso principal vem de atividade recente e vizinhança, com suporte territorial de 100.0% e 3 registros recentes na janela de 30 dias.",Leitura com boa sustentação dos sinais atuais.,O território está bem destacado no ranking frente aos pares.,"Verificar eventos recentes, pressão territorial e coerência com inteligência local antes da próxima atualização do ranking."
2026-05-27T15:26:41,2026-05-26,src/core/orchestrator.py:get_combined_risk,cities_interior_top30,2,TIANGUA,TIANGUA,interior,cidade,57.42,alto,77.9,moderada,93.2,muito alta,1,1,76.0,100.0,100.0,50.0,43.3,100.0,100.0,100.0,3.0,98.0,14,14,False,stable,Sinal neural do ST-GAT,100.0,Tensão territorial,100.0,Atividade recente e vizinhança,50.0,Sinal neural do ST-GAT: 100.0% | Tensão territorial: 100.0% | Atividade recente e vizinhança: 50.0%,"TIANGUA aparece na posição 2 de 50, com risco 57.4 e nível alto; é prioridade imediata de acompanhamento.","O peso principal vem de sinal neural do st-gat, com suporte territorial de 100.0% e 1 registros recentes na janela de 30 dias.","Leitura consistente, mas ainda pede validação operacional pontual.",O território está bem destacado no ranking frente aos pares.,"Verificar eventos recentes, pressão territorial e coerência com inteligência local antes da próxima atualização do ranking."
2026-05-27T15:26:41,2026-05-26,src/core/orchestrator.py:get_combined_risk,cities_interior_top30,3,VARZEA ALEGRE,VARZEA ALEGRE,interior,cidade,45.67,moderado,78.4,moderada,87.5,muito alta,1,1,16.0,58.4,100.0,50.0,46.7,100.0,0.0,100.0,2.08,95.9,14,14,False,stable,Tensão territorial,100.0,Sinal neural do ST-GAT,58.4,Atividade recente e vizinhança,50.0,Tensão territorial: 100.0% | Sinal neural do ST-GAT: 58.4% | Atividade recente e vizinhança: 50.0%,"VARZEA ALEGRE aparece na posição 3 de 50, com risco 45.7 e nível moderado; é prioridade imediata de acompanhamento.","O peso principal vem de tensão territorial, com suporte territorial de 100.0% e 1 registros recentes na janela de 30 dias.","Leitura consistente, mas ainda pede validação operacional pontual.",O território está bem destacado no ranking frente aos pares.,"Verificar eventos recentes, pressão territorial e coerência com inteligência local antes da próxima atualização do ranking."
2026-05-27T15:26:41,2026-05-26,src/core/orchestrator.py:get_combined_risk,cities_interior_top30,4,GROAIRAS,GROAIRAS,interior,cidade,43.39,moderado,77.3,moderada,85.5,muito alta,1,1,48.0,42.5,100.0,50.0,20.0,100.0,70.0,100.0,1.9,93.9,14,14,False,stable,Tensão territorial,100.0,Atividade recente e vizinhança,50.0,Sinal neural do ST-GAT,42.5,Tensão territorial: 100.0% | Atividade recente e vizinhança: 50.0% | Sinal neural do ST-GAT: 42.5%,"GROAIRAS aparece na posição 4 de 50, com risco 43.4 e nível moderado; é prioridade imediata de acompanhamento.","O peso principal vem de tensão territorial, com suporte territorial de 100.0% e 1 registros recentes na janela de 30 dias.","Leitura consistente, mas ainda pede validação operacional pontual.",O território está bem destacado no ranking frente aos pares.,"Verificar eventos recentes, pressão territorial e coerência com inteligência local antes da próxima atualização do ranking."
2026-05-27T15:26:41,2026-05-26,src/core/orchestrator.py:get_combined_risk,cities_interior_top30,5,ALTO SANTO,ALTO SANTO,interior,cidade,35.73,moderado,75.2,moderada,81.3,alta,1,1,22.0,21.3,100.0,50.0,46.7,100.0,5.0,100.0,1.3,91.8,14,14,False,stable,Tensão territorial,100.0,Atividade recente e vizinhança,50.0,Sinal neural do ST-GAT,21.3,Tensão territorial: 100.0% | Atividade recente e vizinhança: 50.0% | Sinal neural do ST-GAT: 21.3%,"ALTO SANTO aparece na posição 5 de 50, com risco 35.7 e nível moderado; é prioridade imediata de acompanhamento.","O peso principal vem de tensão territorial, com suporte territorial de 100.0% e 1 registros recentes na janela de 30 dias.","Leitura consistente, mas ainda pede validação operacional pontual.","O território se diferencia do bloco intermediário, mas sem isolamento absoluto.","Verificar eventos recentes, pressão territorial e coerência com inteligência local antes da próxima atualização do ranking."
2026-05-27T15:26:41,2026-05-26,src/core/orchestrator.py:get_combined_risk,cities_interior_top30,6,SOBRAL,SOBRAL,interior,cidade,32.7,moderado,66.8,baixa,79.0,alta,0,0,64.0,84.6,100.0,0.0,46.7,100.0,100.0,0.0,1.06,89.8,14,14,False,stable,Tensão territorial,100.0,Sinal neural do ST-GAT,84.6,Atividade recente e vizinhança,0.0,Tensão territorial: 100.0% | Sinal neural do ST-GAT: 84.6% | Atividade recente e vizinhança: 0.0%,"SOBRAL aparece na posição 6 de 50, com risco 32.7 e nível moderado; é prioridade alta de acompanhamento.","O peso principal vem de tensão territorial, com suporte territorial de 100.0% e 0 registros recentes na janela de 30 dias.",Leitura sensível a ruído; requer conferência adicional antes de decisão forte.,"O território se diferencia do bloco intermediário, mas sem isolamento absoluto.","Verificar eventos recentes, pressão territorial e coerência com inteligência local antes da próxima atualização do ranking."
2026-05-27T15:26:41,2026-05-26,src/core/orchestrator.py:get_combined_risk,cities_interior_top30,7,CARIRE,CARIRE,interior,cidade,30.91,baixo,73.2,moderada,77.1,alta,1,1,22.0,3.4,100.0,50.0,46.7,100.0,5.0,100.0,0.92,87.8,14,14,False,stable,Tensão territorial,100.0,Atividade recente e vizinhança,50.0,CVLI recente na janela de 30 dias,20.0,Tensão territorial: 100.0% | Atividade recente e vizinhança: 50.0% | CVLI recente na janela de 30 dias: 20.0%,"CARIRE aparece na posição 7 de 50, com risco 30.9 e nível baixo; é prioridade alta de acompanhamento.","O peso principal vem de tensão territorial, com suporte territorial de 100.0% e 1 registros recentes na janela de 30 dias.","Leitura consistente, mas ainda pede validação operacional pontual.","O território se diferencia do bloco intermediário, mas sem isolamento absoluto.","Verificar eventos recentes, pressão territorial e coerência com inteligência local antes da próxima atualização do ranking."
2026-05-27T15:26:41,2026-05-26,src/core/orchestrator.py:get_combined_risk,cities_interior_top30,8,POTENGI,POTENGI,interior,cidade,28.36,baixo,66.3,baixa,74.9,alta,1,1,6.0,29.9,0.0,50.0,40.0,100.0,0.0,100.0,0.71,85.7,14,14,False,stable,Atividade recente e vizinhança,50.0,Sinal neural do ST-GAT,29.9,CVLI recente na janela de 30 dias,20.0,Atividade recente e vizinhança: 50.0% | Sinal neural do ST-GAT: 29.9% | CVLI recente na janela de 30 dias: 20.0%,"POTENGI aparece na posição 8 de 50, com risco 28.4 e nível baixo; é prioridade alta de acompanhamento.","O peso principal vem de atividade recente e vizinhança, com suporte territorial de 100.0% e 1 registros recentes na janela de 30 dias.",Leitura sensível a ruído; requer conferência adicional antes de decisão forte.,"O território se diferencia do bloco intermediário, mas sem isolamento absoluto.","Verificar eventos recentes, pressão territorial e coerência com inteligência local antes da próxima atualização do ranking."
2026-05-27T15:26:41,2026-05-26,src/core/orchestrator.py:get_combined_risk,cities_interior_top30,9,LIMOEIRO DO NORTE,LIMOEIRO DO NORTE,interior,cidade,28.25,baixo,53.5,muito baixa,73.6,alta,0,0,40.0,86.7,50.0,0.0,46.7,50.0,50.0,0.0,0.71,83.7,14,14,False,stable,Sinal neural do ST-GAT,86.7,Tensão territorial,50.0,Atividade recente e vizinhança,0.0,Sinal neural do ST-GAT: 86.7% | Tensão territorial: 50.0% | Atividade recente e vizinhança: 0.0%,"LIMOEIRO DO NORTE aparece na posição 9 de 50, com risco 28.2 e nível baixo; é prioridade alta de acompanhamento.","O peso principal vem de sinal neural do st-gat, com suporte territorial de 50.0% e 0 registros recentes na janela de 30 dias.",Leitura sensível a ruído; requer conferência adicional antes de decisão forte.,"O território se diferencia do bloco intermediário, mas sem isolamento absoluto.","Verificar eventos recentes, pressão territorial e coerência com inteligência local antes da próxima atualização do ranking."
2026-05-27T15:26:41,2026-05-26,src/core/orchestrator.py:get_combined_risk,cities_interior_top30,10,URUBURETAMA,URUBURETAMA,interior,cidade,25.17,baixo,42.3,muito baixa,71.2,alta,0,0,23.0,91.0,7.5,0.0,46.7,7.5,7.5,0.0,0.46,81.6,14,14,False,stable,Sinal neural do ST-GAT,91.0,Tensão territorial,7.5,Atividade recente e vizinhança,0.0,Sinal neural do ST-GAT: 91.0% | Tensão territorial: 7.5% | Atividade recente e vizinhança: 0.0%,"URUBURETAMA aparece na posição 10 de 50, com risco 25.2 e nível baixo; é prioridade alta de acompanhamento.","O peso principal vem de sinal neural do st-gat, com suporte territorial de 7.5% e 0 registros recentes na janela de 30 dias.",Leitura sensível a ruído; requer conferência adicional antes de decisão forte.,"O território se diferencia do bloco intermediário, mas sem isolamento absoluto.","Verificar eventos recentes, pressão territorial e coerência com inteligência local antes da próxima atualização do ranking."
2026-05-27T15:26:41,2026-05-26,src/core/orchestrator.py:get_combined_risk,cities_interior_top30,11,JIJOCA DE JERICOACOARA,JIJOCA DE JERICOACOARA,interior,cidade,24.42,baixo,39.9,muito baixa,69.7,moderada,0,0,18.0,91.0,0.0,0.0,46.7,0.0,0.0,0.0,0.4,79.6,14,14,False,stable,Sinal neural do ST-GAT,91.0,Tensão territorial,0.0,Atividade recente e vizinhança,0.0,Sinal neural do ST-GAT: 91.0% | Tensão territorial: 0.0% | Atividade recente e vizinhança: 0.0%,"JIJOCA DE JERICOACOARA aparece na posição 11 de 50, com risco 24.4 e nível baixo; é território de atenção tática.","O peso principal vem de sinal neural do st-gat, com suporte territorial de 0.0% e 0 registros recentes na janela de 30 dias.",Leitura sensível a ruído; requer conferência adicional antes de decisão forte.,O território está próximo de pares vizinhos e pode oscilar no próximo ciclo.,"Verificar eventos recentes, pressão territorial e coerência com inteligência local antes da próxima atualização do ranking."
2026-05-27T15:26:41,2026-05-26,src/core/orchestrator.py:get_combined_risk,cities_interior_top30,12,ACOPIARA,ACOPIARA,interior,cidade,24.42,baixo,39.9,muito baixa,68.5,moderada,0,0,14.0,91.0,0.0,0.0,46.7,0.0,0.0,0.0,0.4,77.6,14,14,False,stable,Sinal neural do ST-GAT,91.0,Tensão territorial,0.0,Atividade recente e vizinhança,0.0,Sinal neural do ST-GAT: 91.0% | Tensão territorial: 0.0% | Atividade recente e vizinhança: 0.0%,"ACOPIARA aparece na posição 12 de 50, com risco 24.4 e nível baixo; é território de atenção tática.","O peso principal vem de sinal neural do st-gat, com suporte territorial de 0.0% e 0 registros recentes na janela de 30 dias.",Leitura sensível a ruído; requer conferência adicional antes de decisão forte.,O território está próximo de pares vizinhos e pode oscilar no próximo ciclo.,"Verificar eventos recentes, pressão territorial e coerência com inteligência local antes da próxima atualização do ranking."
2026-05-27T15:26:41,2026-05-26,src/core/orchestrator.py:get_combined_risk,cities_interior_top30,13,MIRAIMA,MIRAIMA,interior,cidade,24.42,baixo,39.9,muito baixa,67.2,moderada,0,0,15.0,91.0,0.0,0.0,46.7,0.0,0.0,0.0,0.4,75.5,14,14,False,stable,Sinal neural do ST-GAT,91.0,Tensão territorial,0.0,Atividade recente e vizinhança,0.0,Sinal neural do ST-GAT: 91.0% | Tensão territorial: 0.0% | Atividade recente e vizinhança: 0.0%,"MIRAIMA aparece na posição 13 de 50, com risco 24.4 e nível baixo; é território de atenção tática.","O peso principal vem de sinal neural do st-gat, com suporte territorial de 0.0% e 0 registros recentes na janela de 30 dias.",Leitura sensível a ruído; requer conferência adicional antes de decisão forte.,O território está próximo de pares vizinhos e pode oscilar no próximo ciclo.,"Verificar eventos recentes, pressão territorial e coerência com inteligência local antes da próxima atualização do ranking."
2026-05-27T15:26:41,2026-05-26,src/core/orchestrator.py:get_combined_risk,cities_interior_top30,14,SANTANA DO ACARAU,SANTANA DO ACARAU,interior,cidade,24.42,baixo,39.9,muito baixa,66.0,moderada,0,0,9.0,91.0,0.0,0.0,46.7,0.0,0.0,0.0,0.4,73.5,14,14,False,stable,Sinal neural do ST-GAT,91.0,Tensão territorial,0.0,Atividade recente e vizinhança,0.0,Sinal neural do ST-GAT: 91.0% | Tensão territorial: 0.0% | Atividade recente e vizinhança: 0.0%,"SANTANA DO ACARAU aparece na posição 14 de 50, com risco 24.4 e nível baixo; é território de atenção tática.","O peso principal vem de sinal neural do st-gat, com suporte territorial de 0.0% e 0 registros recentes na janela de 30 dias.",Leitura sensível a ruído; requer conferência adicional antes de decisão forte.,O território está próximo de pares vizinhos e pode oscilar no próximo ciclo.,"Verificar eventos recentes, pressão territorial e coerência com inteligência local antes da próxima atualização do ranking."
2026-05-27T15:26:41,2026-05-26,src/core/orchestrator.py:get_combined_risk,cities_interior_top30,15,CEDRO,CEDRO,interior,cidade,24.42,baixo,39.9,muito baixa,64.8,moderada,0,0,10.0,91.0,0.0,0.0,46.7,0.0,0.0,0.0,0.4,71.4,14,14,False,stable,Sinal neural do ST-GAT,91.0,Tensão territorial,0.0,Atividade recente e vizinhança,0.0,Sinal neural do ST-GAT: 91.0% | Tensão territorial: 0.0% | Atividade recente e vizinhança: 0.0%,"CEDRO aparece na posição 15 de 50, com risco 24.4 e nível baixo; é território de atenção tática.","O peso principal vem de sinal neural do st-gat, com suporte territorial de 0.0% e 0 registros recentes na janela de 30 dias.",Leitura sensível a ruído; requer conferência adicional antes de decisão forte.,O território está próximo de pares vizinhos e pode oscilar no próximo ciclo.,"Verificar eventos recentes, pressão territorial e coerência com inteligência local antes da próxima atualização do ranking."
2026-05-27T15:26:41,2026-05-26,src/core/orchestrator.py:get_combined_risk,cities_interior_top30,16,CRATO,CRATO,interior,cidade,22.71,baixo,39.2,muito baixa,62.9,moderada,0,0,6.0,84.6,0.0,0.0,46.7,0.0,0.0,0.0,0.27,69.4,14,14,False,stable,Sinal neural do ST-GAT,84.6,Tensão territorial,0.0,Atividade recente e vizinhança,0.0,Sinal neural do ST-GAT: 84.6% | Tensão territorial: 0.0% | Atividade recente e vizinhança: 0.0%,"CRATO aparece na posição 16 de 50, com risco 22.7 e nível baixo; é território de atenção tática.","O peso principal vem de sinal neural do st-gat, com suporte territorial de 0.0% e 0 registros recentes na janela de 30 dias.",Leitura sensível a ruído; requer conferência adicional antes de decisão forte.,O território está próximo de pares vizinhos e pode oscilar no próximo ciclo.,"Verificar eventos recentes, pressão territorial e coerência com inteligência local antes da próxima atualização do ranking."
2026-05-27T15:26:41,2026-05-26,src/core/orchestrator.py:get_combined_risk,cities_interior_top30,17,FORQUILHA,FORQUILHA,interior,cidade,22.7,baixo,39.2,muito baixa,61.7,moderada,0,0,12.0,84.6,0.0,0.0,46.7,0.0,0.0,0.0,0.27,67.3,14,14,False,stable,Sinal neural do ST-GAT,84.6,Tensão territorial,0.0,Atividade recente e vizinhança,0.0,Sinal neural do ST-GAT: 84.6% | Tensão territorial: 0.0% | Atividade recente e vizinhança: 0.0%,"FORQUILHA aparece na posição 17 de 50, com risco 22.7 e nível baixo; é território de atenção tática.","O peso principal vem de sinal neural do st-gat, com suporte territorial de 0.0% e 0 registros recentes na janela de 30 dias.",Leitura sensível a ruído; requer conferência adicional antes de decisão forte.,O território está próximo de pares vizinhos e pode oscilar no próximo ciclo.,"Verificar eventos recentes, pressão territorial e coerência com inteligência local antes da próxima atualização do ranking."
2026-05-27T15:26:41,2026-05-26,src/core/orchestrator.py:get_combined_risk,cities_interior_top30,18,OROS,OROS,interior,cidade,22.06,baixo,38.9,muito baixa,60.2,moderada,0,0,13.0,82.2,0.0,0.0,46.7,0.0,0.0,0.0,0.22,65.3,14,14,False,stable,Sinal neural do ST-GAT,82.2,Tensão territorial,0.0,Atividade recente e vizinhança,0.0,Sinal neural do ST-GAT: 82.2% | Tensão territorial: 0.0% | Atividade recente e vizinhança: 0.0%,"OROS aparece na posição 18 de 50, com risco 22.1 e nível baixo; é território de atenção tática.","O peso principal vem de sinal neural do st-gat, com suporte territorial de 0.0% e 0 registros recentes na janela de 30 dias.",Leitura sensível a ruído; requer conferência adicional antes de decisão forte.,O território está próximo de pares vizinhos e pode oscilar no próximo ciclo.,"Verificar eventos recentes, pressão territorial e coerência com inteligência local antes da próxima atualização do ranking."
2026-05-27T15:26:41,2026-05-26,src/core/orchestrator.py:get_combined_risk,cities_interior_top30,19,IGUATU,IGUATU,interior,cidade,21.5,baixo,67.7,baixa,58.8,moderada,0,0,81.0,42.9,100.0,0.0,46.7,100.0,100.0,0.0,0.17,63.3,14,14,False,stable,Tensão territorial,100.0,Sinal neural do ST-GAT,42.9,Atividade recente e vizinhança,0.0,Tensão territorial: 100.0% | Sinal neural do ST-GAT: 42.9% | Atividade recente e vizinhança: 0.0%,"IGUATU aparece na posição 19 de 50, com risco 21.5 e nível baixo; é território de atenção tática.","O peso principal vem de tensão territorial, com suporte territorial de 100.0% e 0 registros recentes na janela de 30 dias.",Leitura sensível a ruído; requer conferência adicional antes de decisão forte.,O território está próximo de pares vizinhos e pode oscilar no próximo ciclo.,"Verificar eventos recentes, pressão territorial e coerência com inteligência local antes da próxima atualização do ranking."
2026-05-27T15:26:41,2026-05-26,src/core/orchestrator.py:get_combined_risk,cities_interior_top30,20,BATURITE,BATURITE,interior,cidade,21.5,baixo,67.7,baixa,57.6,moderada,0,0,62.0,42.9,100.0,0.0,46.7,100.0,100.0,0.0,0.17,61.2,14,14,False,stable,Tensão territorial,100.0,Sinal neural do ST-GAT,42.9,Atividade recente e vizinhança,0.0,Tensão territorial: 100.0% | Sinal neural do ST-GAT: 42.9% | Atividade recente e vizinhança: 0.0%,"BATURITE aparece na posição 20 de 50, com risco 21.5 e nível baixo; é território de atenção tática.","O peso principal vem de tensão territorial, com suporte territorial de 100.0% e 0 registros recentes na janela de 30 dias.",Leitura sensível a ruído; requer conferência adicional antes de decisão forte.,O território está próximo de pares vizinhos e pode oscilar no próximo ciclo.,"Verificar eventos recentes, pressão territorial e coerência com inteligência local antes da próxima atualização do ranking."
2026-05-27T15:26:41,2026-05-26,src/core/orchestrator.py:get_combined_risk,cities_interior_top30,21,IRACEMA,IRACEMA,interior,cidade,20.12,baixo,38.1,muito baixa,55.8,moderada,0,0,15.0,75.0,0.0,0.0,46.7,0.0,0.0,0.0,0.07,59.2,14,14,False,stable,Sinal neural do ST-GAT,75.0,Tensão territorial,0.0,Atividade recente e vizinhança,0.0,Sinal neural do ST-GAT: 75.0% | Tensão territorial: 0.0% | Atividade recente e vizinhança: 0.0%,"IRACEMA aparece na posição 21 de 50, com risco 20.1 e nível baixo; é território de atenção tática.","O peso principal vem de sinal neural do st-gat, com suporte territorial de 0.0% e 0 registros recentes na janela de 30 dias.",Leitura sensível a ruído; requer conferência adicional antes de decisão forte.,O território está próximo de pares vizinhos e pode oscilar no próximo ciclo.,"Verificar eventos recentes, pressão territorial e coerência com inteligência local antes da próxima atualização do ranking."
2026-05-27T15:26:41,2026-05-26,src/core/orchestrator.py:get_combined_risk,cities_interior_top30,22,JUAZEIRO DO NORTE,JUAZEIRO DO NORTE,interior,cidade,14.95,baixo,67.0,baixa,52.6,moderada,0,0,134.0,18.5,100.0,0.0,46.7,100.0,100.0,0.0,-0.34,57.1,14,14,False,stable,Tensão territorial,100.0,Sinal neural do ST-GAT,18.5,Atividade recente e vizinhança,0.0,Tensão territorial: 100.0% | Sinal neural do ST-GAT: 18.5% | Atividade recente e vizinhança: 0.0%,"JUAZEIRO DO NORTE aparece na posição 22 de 50, com risco 14.9 e nível baixo; é território de atenção tática.","O peso principal vem de tensão territorial, com suporte territorial de 100.0% e 0 registros recentes na janela de 30 dias.",Leitura sensível a ruído; requer conferência adicional antes de decisão forte.,O território está próximo de pares vizinhos e pode oscilar no próximo ciclo.,"Verificar eventos recentes, pressão territorial e coerência com inteligência local antes da próxima atualização do ranking."
2026-05-27T15:26:41,2026-05-26,src/core/orchestrator.py:get_combined_risk,cities_interior_top30,23,ARATUBA,ARATUBA,interior,cidade,14.5,baixo,42.8,muito baixa,51.3,moderada,0,0,32.0,42.9,30.0,0.0,46.7,30.0,30.0,0.0,-0.38,55.1,14,14,False,stable,Sinal neural do ST-GAT,42.9,Tensão territorial,30.0,Atividade recente e vizinhança,0.0,Sinal neural do ST-GAT: 42.9% | Tensão territorial: 30.0% | Atividade recente e vizinhança: 0.0%,"ARATUBA aparece na posição 23 de 50, com risco 14.5 e nível baixo; é território de atenção tática.","O peso principal vem de sinal neural do st-gat, com suporte territorial de 30.0% e 0 registros recentes na janela de 30 dias.",Leitura sensível a ruído; requer conferência adicional antes de decisão forte.,O território está próximo de pares vizinhos e pode oscilar no próximo ciclo.,"Verificar eventos recentes, pressão territorial e coerência com inteligência local antes da próxima atualização do ranking."
2026-05-27T15:26:41,2026-05-26,src/core/orchestrator.py:get_combined_risk,cities_interior_top30,24,NOVA OLINDA,NOVA OLINDA,interior,cidade,12.25,baixo,37.0,muito baixa,49.2,baixa,0,0,23.0,42.9,7.5,0.0,46.7,7.5,7.5,0.0,-0.55,53.1,14,14,False,stable,Sinal neural do ST-GAT,42.9,Tensão territorial,7.5,Atividade recente e vizinhança,0.0,Sinal neural do ST-GAT: 42.9% | Tensão territorial: 7.5% | Atividade recente e vizinhança: 0.0%,"NOVA OLINDA aparece na posição 24 de 50, com risco 12.2 e nível baixo; é território de atenção tática.","O peso principal vem de sinal neural do st-gat, com suporte territorial de 7.5% e 0 registros recentes na janela de 30 dias.",Leitura sensível a ruído; requer conferência adicional antes de decisão forte.,O território está próximo de pares vizinhos e pode oscilar no próximo ciclo.,"Verificar eventos recentes, pressão territorial e coerência com inteligência local antes da próxima atualização do ranking."
2026-05-27T15:26:41,2026-05-26,src/core/orchestrator.py:get_combined_risk,cities_interior_top30,25,VICOSA DO CEARA,VICOSA DO CEARA,interior,cidade,12.0,baixo,36.2,muito baixa,47.8,baixa,0,0,22.0,42.9,5.0,0.0,46.7,5.0,5.0,0.0,-0.57,51.0,14,14,False,stable,Sinal neural do ST-GAT,42.9,Tensão territorial,5.0,Atividade recente e vizinhança,0.0,Sinal neural do ST-GAT: 42.9% | Tensão territorial: 5.0% | Atividade recente e vizinhança: 0.0%,"VICOSA DO CEARA aparece na posição 25 de 50, com risco 12.0 e nível baixo; é território de atenção tática.","O peso principal vem de sinal neural do st-gat, com suporte territorial de 5.0% e 0 registros recentes na janela de 30 dias.",Leitura sensível a ruído; requer conferência adicional antes de decisão forte.,O território está próximo de pares vizinhos e pode oscilar no próximo ciclo.,"Verificar eventos recentes, pressão territorial e coerência com inteligência local antes da próxima atualização do ranking."
2026-05-27T15:26:41,2026-05-26,src/core/orchestrator.py:get_combined_risk,cities_interior_top30,26,CAPISTRANO,CAPISTRANO,interior,cidade,11.75,baixo,35.4,muito baixa,46.6,baixa,0,0,21.0,42.9,2.5,0.0,46.7,2.5,2.5,0.0,-0.59,49.0,14,14,False,stable,Sinal neural do ST-GAT,42.9,Tensão territorial,2.5,Atividade recente e vizinhança,0.0,Sinal neural do ST-GAT: 42.9% | Tensão territorial: 2.5% | Atividade recente e vizinhança: 0.0%,"CAPISTRANO aparece na posição 26 de 50, com risco 11.8 e nível baixo; é território de atenção tática.","O peso principal vem de sinal neural do st-gat, com suporte territorial de 2.5% e 0 registros recentes na janela de 30 dias.",Leitura sensível a ruído; requer conferência adicional antes de decisão forte.,O território está próximo de pares vizinhos e pode oscilar no próximo ciclo.,"Verificar eventos recentes, pressão territorial e coerência com inteligência local antes da próxima atualização do ranking."
2026-05-27T15:26:41,2026-05-26,src/core/orchestrator.py:get_combined_risk,cities_interior_top30,27,GENERAL SAMPAIO,GENERAL SAMPAIO,interior,cidade,11.5,baixo,34.7,muito baixa,45.2,baixa,0,0,14.0,42.9,0.0,0.0,46.7,0.0,0.0,0.0,-0.61,46.9,14,14,False,stable,Sinal neural do ST-GAT,42.9,Tensão territorial,0.0,Atividade recente e vizinhança,0.0,Sinal neural do ST-GAT: 42.9% | Tensão territorial: 0.0% | Atividade recente e vizinhança: 0.0%,"GENERAL SAMPAIO aparece na posição 27 de 50, com risco 11.5 e nível baixo; é território de atenção tática.","O peso principal vem de sinal neural do st-gat, com suporte territorial de 0.0% e 0 registros recentes na janela de 30 dias.",Leitura sensível a ruído; requer conferência adicional antes de decisão forte.,O território está próximo de pares vizinhos e pode oscilar no próximo ciclo.,"Verificar eventos recentes, pressão territorial e coerência com inteligência local antes da próxima atualização do ranking."
2026-05-27T15:26:41,2026-05-26,src/core/orchestrator.py:get_combined_risk,cities_interior_top30,28,GRACA,GRACA,interior,cidade,11.5,baixo,34.7,muito baixa,44.0,baixa,0,0,14.0,42.9,0.0,0.0,46.7,0.0,0.0,0.0,-0.61,44.9,14,14,False,stable,Sinal neural do ST-GAT,42.9,Tensão territorial,0.0,Atividade recente e vizinhança,0.0,Sinal neural do ST-GAT: 42.9% | Tensão territorial: 0.0% | Atividade recente e vizinhança: 0.0%,"GRACA aparece na posição 28 de 50, com risco 11.5 e nível baixo; é território de atenção tática.","O peso principal vem de sinal neural do st-gat, com suporte territorial de 0.0% e 0 registros recentes na janela de 30 dias.",Leitura sensível a ruído; requer conferência adicional antes de decisão forte.,O território está próximo de pares vizinhos e pode oscilar no próximo ciclo.,"Verificar eventos recentes, pressão territorial e coerência com inteligência local antes da próxima atualização do ranking."
2026-05-27T15:26:41,2026-05-26,src/core/orchestrator.py:get_combined_risk,cities_interior_top30,29,CARIRIACU,CARIRIACU,interior,cidade,11.5,baixo,34.7,muito baixa,42.8,baixa,0,0,14.0,42.9,0.0,0.0,46.7,0.0,0.0,0.0,-0.61,42.9,14,14,False,stable,Sinal neural do ST-GAT,42.9,Tensão territorial,0.0,Atividade recente e vizinhança,0.0,Sinal neural do ST-GAT: 42.9% | Tensão territorial: 0.0% | Atividade recente e vizinhança: 0.0%,"CARIRIACU aparece na posição 29 de 50, com risco 11.5 e nível baixo; é território de atenção tática.","O peso principal vem de sinal neural do st-gat, com suporte territorial de 0.0% e 0 registros recentes na janela de 30 dias.",Leitura sensível a ruído; requer conferência adicional antes de decisão forte.,O território está próximo de pares vizinhos e pode oscilar no próximo ciclo.,"Verificar eventos recentes, pressão territorial e coerência com inteligência local antes da próxima atualização do ranking."
2026-05-27T15:26:41,2026-05-26,src/core/orchestrator.py:get_combined_risk,cities_interior_top30,30,ACARAPE,ACARAPE,interior,cidade,11.5,baixo,34.7,muito baixa,41.5,baixa,0,0,11.0,42.9,0.0,0.0,46.7,0.0,0.0,0.0,-0.61,40.8,14,14,False,stable,Sinal neural do ST-GAT,42.9,Tensão territorial,0.0,Atividade recente e vizinhança,0.0,Sinal neural do ST-GAT: 42.9% | Tensão territorial: 0.0% | Atividade recente e vizinhança: 0.0%,"ACARAPE aparece na posição 30 de 50, com risco 11.5 e nível baixo; é território de atenção tática.","O peso principal vem de sinal neural do st-gat, com suporte territorial de 0.0% e 0 registros recentes na janela de 30 dias.",Leitura sensível a ruído; requer conferência adicional antes de decisão forte.,O território está próximo de pares vizinhos e pode oscilar no próximo ciclo.,"Verificar eventos recentes, pressão territorial e coerência com inteligência local antes da próxima atualização do ranking."
2026-05-27T15:26:41,2026-05-26,src/core/orchestrator.py:get_combined_risk,fortaleza_bairros_top30,1,BARRA DO CEARA,BARRA DO CEARA,fortaleza,bairro,93.0,crítico,65.9,baixa,100.0,muito alta,1,1,136.0,100.0,100.0,50.0,20.0,100.0,100.0,100.0,4.9,100.0,14,14,True,stable,Sinal neural do ST-GAT,100.0,Tensão territorial,100.0,Fallback histórico ativado,55.0,Sinal neural do ST-GAT: 100.0% | Tensão territorial: 100.0% | Fallback histórico ativado: 55.0%,"BARRA DO CEARA aparece na posição 1 de 109, com risco 93.0 e nível crítico; é prioridade imediata de acompanhamento.","O peso principal vem de sinal neural do st-gat, com suporte territorial de 100.0% e 1 registros recentes na janela de 30 dias.",Leitura mais fraca; parte do peso vem de fallback histórico e deve ser confirmada em campo.,O território está bem destacado no ranking frente aos pares.,"Verificar eventos recentes, pressão territorial e coerência com inteligência local antes da próxima atualização do ranking."
2026-05-27T15:26:41,2026-05-26,src/core/orchestrator.py:get_combined_risk,fortaleza_bairros_top30,2,BONSUCESSO,BONSUCESSO,fortaleza,bairro,69.88,alto,66.3,baixa,96.2,muito alta,1,1,48.0,93.8,100.0,50.0,20.0,100.0,70.0,100.0,3.48,99.1,14,14,True,stable,Tensão territorial,100.0,Sinal neural do ST-GAT,93.8,Fallback histórico ativado,55.0,Tensão territorial: 100.0% | Sinal neural do ST-GAT: 93.8% | Fallback histórico ativado: 55.0%,"BONSUCESSO aparece na posição 2 de 109, com risco 69.9 e nível alto; é prioridade imediata de acompanhamento.","O peso principal vem de tensão territorial, com suporte territorial de 100.0% e 1 registros recentes na janela de 30 dias.",Leitura mais fraca; parte do peso vem de fallback histórico e deve ser confirmada em campo.,O território está bem destacado no ranking frente aos pares.,"Verificar eventos recentes, pressão territorial e coerência com inteligência local antes da próxima atualização do ranking."
2026-05-27T15:26:41,2026-05-26,src/core/orchestrator.py:get_combined_risk,fortaleza_bairros_top30,3,SAO BENTO,SAO BENTO,fortaleza,bairro,61.94,alto,66.9,baixa,93.2,muito alta,1,1,19.0,77.9,100.0,50.0,20.0,100.0,0.0,100.0,3.0,98.1,14,14,True,stable,Tensão territorial,100.0,Sinal neural do ST-GAT,77.9,Fallback histórico ativado,55.0,Tensão territorial: 100.0% | Sinal neural do ST-GAT: 77.9% | Fallback histórico ativado: 55.0%,"SAO BENTO aparece na posição 3 de 109, com risco 61.9 e nível alto; é prioridade imediata de acompanhamento.","O peso principal vem de tensão territorial, com suporte territorial de 100.0% e 1 registros recentes na janela de 30 dias.",Leitura mais fraca; parte do peso vem de fallback histórico e deve ser confirmada em campo.,O território está bem destacado no ranking frente aos pares.,"Verificar eventos recentes, pressão territorial e coerência com inteligência local antes da próxima atualização do ranking."
2026-05-27T15:26:41,2026-05-26,src/core/orchestrator.py:get_combined_risk,fortaleza_bairros_top30,4,CAJAZEIRAS,CAJAZEIRAS,fortaleza,bairro,52.81,alto,71.6,moderada,90.0,muito alta,1,2,35.0,62.9,100.0,50.0,36.7,100.0,37.5,100.0,2.44,97.2,14,14,True,stable,Tensão territorial,100.0,Sinal neural do ST-GAT,62.9,Fallback histórico ativado,55.0,Tensão territorial: 100.0% | Sinal neural do ST-GAT: 62.9% | Fallback histórico ativado: 55.0%,"CAJAZEIRAS aparece na posição 4 de 109, com risco 52.8 e nível alto; é prioridade imediata de acompanhamento.","O peso principal vem de tensão territorial, com suporte territorial de 100.0% e 2 registros recentes na janela de 30 dias.","Leitura consistente, mas ainda pede validação operacional pontual.",O território está bem destacado no ranking frente aos pares.,"Verificar eventos recentes, pressão territorial e coerência com inteligência local antes da próxima atualização do ranking."
2026-05-27T15:26:41,2026-05-26,src/core/orchestrator.py:get_combined_risk,fortaleza_bairros_top30,5,ANCURI,ANCURI,fortaleza,bairro,52.16,alto,71.5,moderada,89.3,muito alta,1,2,34.0,59.0,100.0,50.0,23.3,100.0,35.0,100.0,2.4,96.3,14,14,True,stable,Tensão territorial,100.0,Sinal neural do ST-GAT,59.0,Fallback histórico ativado,55.0,Tensão territorial: 100.0% | Sinal neural do ST-GAT: 59.0% | Fallback histórico ativado: 55.0%,"ANCURI aparece na posição 5 de 109, com risco 52.2 e nível alto; é prioridade imediata de acompanhamento.","O peso principal vem de tensão territorial, com suporte territorial de 100.0% e 2 registros recentes na janela de 30 dias.","Leitura consistente, mas ainda pede validação operacional pontual.",O território está bem destacado no ranking frente aos pares.,"Verificar eventos recentes, pressão territorial e coerência com inteligência local antes da próxima atualização do ranking."
2026-05-27T15:26:41,2026-05-26,src/core/orchestrator.py:get_combined_risk,fortaleza_bairros_top30,6,MONDUBIM,MONDUBIM,fortaleza,bairro,46.06,moderado,55.1,baixa,86.9,muito alta,0,0,92.0,21.4,100.0,0.0,46.7,100.0,100.0,0.0,2.02,95.4,14,14,True,stable,Tensão territorial,100.0,Fallback histórico ativado,55.0,Sinal neural do ST-GAT,21.4,Tensão territorial: 100.0% | Fallback histórico ativado: 55.0% | Sinal neural do ST-GAT: 21.4%,"MONDUBIM aparece na posição 6 de 109, com risco 46.1 e nível moderado; é prioridade alta de acompanhamento.","O peso principal vem de tensão territorial, com suporte territorial de 100.0% e 0 registros recentes na janela de 30 dias.",Leitura mais fraca; parte do peso vem de fallback histórico e deve ser confirmada em campo.,O território está bem destacado no ranking frente aos pares.,"Verificar eventos recentes, pressão territorial e coerência com inteligência local antes da próxima atualização do ranking."
2026-05-27T15:26:41,2026-05-26,src/core/orchestrator.py:get_combined_risk,fortaleza_bairros_top30,7,PEDRAS,PEDRAS,fortaleza,bairro,41.36,moderado,54.6,muito baixa,85.0,muito alta,0,0,81.0,12.0,100.0,0.0,46.7,100.0,100.0,0.0,1.73,94.4,14,14,True,stable,Tensão territorial,100.0,Fallback histórico ativado,55.0,Sinal neural do ST-GAT,12.0,Tensão territorial: 100.0% | Fallback histórico ativado: 55.0% | Sinal neural do ST-GAT: 12.0%,"PEDRAS aparece na posição 7 de 109, com risco 41.4 e nível moderado; é prioridade alta de acompanhamento.","O peso principal vem de tensão territorial, com suporte territorial de 100.0% e 0 registros recentes na janela de 30 dias.",Leitura mais fraca; parte do peso vem de fallback histórico e deve ser confirmada em campo.,O território está bem destacado no ranking frente aos pares.,"Verificar eventos recentes, pressão territorial e coerência com inteligência local antes da próxima atualização do ranking."
2026-05-27T15:26:41,2026-05-26,src/core/orchestrator.py:get_combined_risk,fortaleza_bairros_top30,8,JOSE WALTER,JOSE WALTER,fortaleza,bairro,41.27,moderado,54.6,muito baixa,84.4,alta,0,0,102.0,11.9,100.0,0.0,46.7,100.0,100.0,0.0,1.73,93.5,14,14,True,stable,Tensão territorial,100.0,Fallback histórico ativado,55.0,Sinal neural do ST-GAT,11.9,Tensão territorial: 100.0% | Fallback histórico ativado: 55.0% | Sinal neural do ST-GAT: 11.9%,"JOSE WALTER aparece na posição 8 de 109, com risco 41.3 e nível moderado; é prioridade alta de acompanhamento.","O peso principal vem de tensão territorial, com suporte territorial de 100.0% e 0 registros recentes na janela de 30 dias.",Leitura mais fraca; parte do peso vem de fallback histórico e deve ser confirmada em campo.,"O território se diferencia do bloco intermediário, mas sem isolamento absoluto.","Verificar eventos recentes, pressão territorial e coerência com inteligência local antes da próxima atualização do ranking."
2026-05-27T15:26:41,2026-05-26,src/core/orchestrator.py:get_combined_risk,fortaleza_bairros_top30,9,BARROSO,BARROSO,fortaleza,bairro,41.1,moderado,54.6,muito baixa,83.8,alta,0,0,72.0,11.5,100.0,0.0,46.7,100.0,100.0,0.0,1.72,92.6,14,14,True,stable,Tensão territorial,100.0,Fallback histórico ativado,55.0,Sinal neural do ST-GAT,11.5,Tensão territorial: 100.0% | Fallback histórico ativado: 55.0% | Sinal neural do ST-GAT: 11.5%,"BARROSO aparece na posição 9 de 109, com risco 41.1 e nível moderado; é prioridade alta de acompanhamento.","O peso principal vem de tensão territorial, com suporte territorial de 100.0% e 0 registros recentes na janela de 30 dias.",Leitura mais fraca; parte do peso vem de fallback histórico e deve ser confirmada em campo.,"O território se diferencia do bloco intermediário, mas sem isolamento absoluto.","Verificar eventos recentes, pressão territorial e coerência com inteligência local antes da próxima atualização do ranking."
2026-05-27T15:26:41,2026-05-26,src/core/orchestrator.py:get_combined_risk,fortaleza_bairros_top30,10,MESSEJANA,MESSEJANA,fortaleza,bairro,40.77,moderado,54.6,muito baixa,83.2,alta,0,0,115.0,10.9,100.0,0.0,46.7,100.0,100.0,0.0,1.7,91.7,14,14,True,stable,Tensão territorial,100.0,Fallback histórico ativado,55.0,Sinal neural do ST-GAT,10.9,Tensão territorial: 100.0% | Fallback histórico ativado: 55.0% | Sinal neural do ST-GAT: 10.9%,"MESSEJANA aparece na posição 10 de 109, com risco 40.8 e nível moderado; é prioridade alta de acompanhamento.","O peso principal vem de tensão territorial, com suporte territorial de 100.0% e 0 registros recentes na janela de 30 dias.",Leitura mais fraca; parte do peso vem de fallback histórico e deve ser confirmada em campo.,"O território se diferencia do bloco intermediário, mas sem isolamento absoluto.","Verificar eventos recentes, pressão territorial e coerência com inteligência local antes da próxima atualização do ranking."
2026-05-27T15:26:41,2026-05-26,src/core/orchestrator.py:get_combined_risk,fortaleza_bairros_top30,11,PLANALTO AYRTON SENNA,PLANALTO AYRTON SENNA,fortaleza,bairro,40.14,moderado,54.5,muito baixa,82.4,alta,0,0,94.0,9.6,100.0,0.0,46.7,100.0,100.0,0.0,1.66,90.7,14,14,True,stable,Tensão territorial,100.0,Fallback histórico ativado,55.0,Sinal neural do ST-GAT,9.6,Tensão territorial: 100.0% | Fallback histórico ativado: 55.0% | Sinal neural do ST-GAT: 9.6%,"PLANALTO AYRTON SENNA aparece na posição 11 de 109, com risco 40.1 e nível moderado; é território de atenção tática.","O peso principal vem de tensão territorial, com suporte territorial de 100.0% e 0 registros recentes na janela de 30 dias.",Leitura mais fraca; parte do peso vem de fallback histórico e deve ser confirmada em campo.,"O território se diferencia do bloco intermediário, mas sem isolamento absoluto.","Verificar eventos recentes, pressão territorial e coerência com inteligência local antes da próxima atualização do ranking."
2026-05-27T15:26:41,2026-05-26,src/core/orchestrator.py:get_combined_risk,fortaleza_bairros_top30,12,ALTO ALEGRE,ALTO ALEGRE,fortaleza,bairro,39.17,moderado,54.4,muito baixa,81.6,alta,0,0,125.0,7.7,100.0,0.0,46.7,100.0,100.0,0.0,1.6,89.8,14,14,True,stable,Tensão territorial,100.0,Fallback histórico ativado,55.0,Sinal neural do ST-GAT,7.7,Tensão territorial: 100.0% | Fallback histórico ativado: 55.0% | Sinal neural do ST-GAT: 7.7%,"ALTO ALEGRE aparece na posição 12 de 109, com risco 39.2 e nível moderado; é território de atenção tática.","O peso principal vem de tensão territorial, com suporte territorial de 100.0% e 0 registros recentes na janela de 30 dias.",Leitura mais fraca; parte do peso vem de fallback histórico e deve ser confirmada em campo.,"O território se diferencia do bloco intermediário, mas sem isolamento absoluto.","Verificar eventos recentes, pressão territorial e coerência com inteligência local antes da próxima atualização do ranking."
2026-05-27T15:26:41,2026-05-26,src/core/orchestrator.py:get_combined_risk,fortaleza_bairros_top30,13,GRANJA LISBOA,GRANJA LISBOA,fortaleza,bairro,38.28,moderado,54.3,muito baixa,80.8,alta,0,0,110.0,5.9,100.0,0.0,46.7,100.0,100.0,0.0,1.54,88.9,14,14,True,stable,Tensão territorial,100.0,Fallback histórico ativado,55.0,Sinal neural do ST-GAT,5.9,Tensão territorial: 100.0% | Fallback histórico ativado: 55.0% | Sinal neural do ST-GAT: 5.9%,"GRANJA LISBOA aparece na posição 13 de 109, com risco 38.3 e nível moderado; é território de atenção tática.","O peso principal vem de tensão territorial, com suporte territorial de 100.0% e 0 registros recentes na janela de 30 dias.",Leitura mais fraca; parte do peso vem de fallback histórico e deve ser confirmada em campo.,"O território se diferencia do bloco intermediário, mas sem isolamento absoluto.","Verificar eventos recentes, pressão territorial e coerência com inteligência local antes da próxima atualização do ranking."
2026-05-27T15:26:41,2026-05-26,src/core/orchestrator.py:get_combined_risk,fortaleza_bairros_top30,14,SIQUEIRA,SIQUEIRA,fortaleza,bairro,35.33,moderado,58.9,baixa,79.3,alta,0,1,103.0,0.0,100.0,0.0,46.7,100.0,100.0,50.0,1.36,88.0,14,14,True,stable,Tensão territorial,100.0,Fallback histórico ativado,55.0,CVLI recente na janela de 30 dias,20.0,Tensão territorial: 100.0% | Fallback histórico ativado: 55.0% | CVLI recente na janela de 30 dias: 20.0%,"SIQUEIRA aparece na posição 14 de 109, com risco 35.3 e nível moderado; é território de atenção tática.","O peso principal vem de tensão territorial, com suporte territorial de 100.0% e 1 registros recentes na janela de 30 dias.",Leitura mais fraca; parte do peso vem de fallback histórico e deve ser confirmada em campo.,"O território se diferencia do bloco intermediário, mas sem isolamento absoluto.","Verificar eventos recentes, pressão territorial e coerência com inteligência local antes da próxima atualização do ranking."
2026-05-27T15:26:41,2026-05-26,src/core/orchestrator.py:get_combined_risk,fortaleza_bairros_top30,15,LAGOA REDONDA,LAGOA REDONDA,fortaleza,bairro,24.88,baixo,55.0,baixa,75.7,alta,0,0,60.0,19.1,100.0,0.0,46.7,100.0,100.0,0.0,0.72,87.0,14,14,True,stable,Tensão territorial,100.0,Fallback histórico ativado,55.0,Sinal neural do ST-GAT,19.1,Tensão territorial: 100.0% | Fallback histórico ativado: 55.0% | Sinal neural do ST-GAT: 19.1%,"LAGOA REDONDA aparece na posição 15 de 109, com risco 24.9 e nível baixo; é território de atenção tática.","O peso principal vem de tensão territorial, com suporte territorial de 100.0% e 0 registros recentes na janela de 30 dias.",Leitura mais fraca; parte do peso vem de fallback histórico e deve ser confirmada em campo.,"O território se diferencia do bloco intermediário, mas sem isolamento absoluto.","Verificar eventos recentes, pressão territorial e coerência com inteligência local antes da próxima atualização do ranking."
2026-05-27T15:26:41,2026-05-26,src/core/orchestrator.py:get_combined_risk,fortaleza_bairros_top30,16,ENGENHEIRO LUCIANO CAVALCANTE,ENGENHEIRO LUCIANO CAVALCANTE,fortaleza,bairro,24.08,baixo,41.6,muito baixa,74.9,alta,0,1,11.0,37.5,50.0,0.0,46.7,50.0,0.0,50.0,0.67,86.1,14,14,True,stable,Fallback histórico ativado,55.0,Tensão territorial,50.0,Sinal neural do ST-GAT,37.5,Fallback histórico ativado: 55.0% | Tensão territorial: 50.0% | Sinal neural do ST-GAT: 37.5%,"ENGENHEIRO LUCIANO CAVALCANTE aparece na posição 16 de 109, com risco 24.1 e nível baixo; é território de atenção tática.","O peso principal vem de fallback histórico ativado, com suporte territorial de 50.0% e 1 registros recentes na janela de 30 dias.",Leitura mais fraca; parte do peso vem de fallback histórico e deve ser confirmada em campo.,"O território se diferencia do bloco intermediário, mas sem isolamento absoluto.","Verificar eventos recentes, pressão territorial e coerência com inteligência local antes da próxima atualização do ranking."
2026-05-27T15:26:41,2026-05-26,src/core/orchestrator.py:get_combined_risk,fortaleza_bairros_top30,17,BOM JARDIM,BOM JARDIM,fortaleza,bairro,23.82,baixo,49.7,muito baixa,74.3,alta,0,0,54.0,23.0,85.0,0.0,46.7,85.0,85.0,0.0,0.66,85.2,14,14,True,stable,Tensão territorial,85.0,Fallback histórico ativado,55.0,Sinal neural do ST-GAT,23.0,Tensão territorial: 85.0% | Fallback histórico ativado: 55.0% | Sinal neural do ST-GAT: 23.0%,"BOM JARDIM aparece na posição 17 de 109, com risco 23.8 e nível baixo; é território de atenção tática.","O peso principal vem de tensão territorial, com suporte territorial de 85.0% e 0 registros recentes na janela de 30 dias.",Leitura mais fraca; parte do peso vem de fallback histórico e deve ser confirmada em campo.,"O território se diferencia do bloco intermediário, mas sem isolamento absoluto.","Verificar eventos recentes, pressão territorial e coerência com inteligência local antes da próxima atualização do ranking."
2026-05-27T15:26:41,2026-05-26,src/core/orchestrator.py:get_combined_risk,fortaleza_bairros_top30,18,QUINTINO CUNHA,QUINTINO CUNHA,fortaleza,bairro,23.08,baixo,54.8,muito baixa,73.5,alta,0,0,68.0,15.5,100.0,0.0,46.7,100.0,100.0,0.0,0.61,84.3,14,14,True,stable,Tensão territorial,100.0,Fallback histórico ativado,55.0,Sinal neural do ST-GAT,15.5,Tensão territorial: 100.0% | Fallback histórico ativado: 55.0% | Sinal neural do ST-GAT: 15.5%,"QUINTINO CUNHA aparece na posição 18 de 109, com risco 23.1 e nível baixo; é território de atenção tática.","O peso principal vem de tensão territorial, com suporte territorial de 100.0% e 0 registros recentes na janela de 30 dias.",Leitura mais fraca; parte do peso vem de fallback histórico e deve ser confirmada em campo.,"O território se diferencia do bloco intermediário, mas sem isolamento absoluto.","Verificar eventos recentes, pressão territorial e coerência com inteligência local antes da próxima atualização do ranking."
2026-05-27T15:26:41,2026-05-26,src/core/orchestrator.py:get_combined_risk,fortaleza_bairros_top30,19,VICENTE PINZON,VICENTE PINZON,fortaleza,bairro,22.6,baixo,52.2,muito baixa,72.8,alta,0,0,57.0,17.5,92.5,0.0,46.7,92.5,92.5,0.0,0.58,83.3,14,14,True,stable,Tensão territorial,92.5,Fallback histórico ativado,55.0,Sinal neural do ST-GAT,17.5,Tensão territorial: 92.5% | Fallback histórico ativado: 55.0% | Sinal neural do ST-GAT: 17.5%,"VICENTE PINZON aparece na posição 19 de 109, com risco 22.6 e nível baixo; é território de atenção tática.","O peso principal vem de tensão territorial, com suporte territorial de 92.5% e 0 registros recentes na janela de 30 dias.",Leitura mais fraca; parte do peso vem de fallback histórico e deve ser confirmada em campo.,"O território se diferencia do bloco intermediário, mas sem isolamento absoluto.","Verificar eventos recentes, pressão territorial e coerência com inteligência local antes da próxima atualização do ranking."
2026-05-27T15:26:41,2026-05-26,src/core/orchestrator.py:get_combined_risk,fortaleza_bairros_top30,20,PASSARE,PASSARE,fortaleza,bairro,21.44,baixo,54.6,muito baixa,71.9,alta,0,0,65.0,12.2,100.0,0.0,46.7,100.0,100.0,0.0,0.51,82.4,14,14,True,stable,Tensão territorial,100.0,Fallback histórico ativado,55.0,Sinal neural do ST-GAT,12.2,Tensão territorial: 100.0% | Fallback histórico ativado: 55.0% | Sinal neural do ST-GAT: 12.2%,"PASSARE aparece na posição 20 de 109, com risco 21.4 e nível baixo; é território de atenção tática.","O peso principal vem de tensão territorial, com suporte territorial de 100.0% e 0 registros recentes na janela de 30 dias.",Leitura mais fraca; parte do peso vem de fallback histórico e deve ser confirmada em campo.,"O território se diferencia do bloco intermediário, mas sem isolamento absoluto.","Verificar eventos recentes, pressão territorial e coerência com inteligência local antes da próxima atualização do ranking."
2026-05-27T15:26:41,2026-05-26,src/core/orchestrator.py:get_combined_risk,fortaleza_bairros_top30,21,GRANJA PORTUGAL,GRANJA PORTUGAL,fortaleza,bairro,20.75,baixo,52.0,muito baixa,71.2,alta,0,0,57.0,13.8,92.5,0.0,46.7,92.5,92.5,0.0,0.47,81.5,14,14,True,stable,Tensão territorial,92.5,Fallback histórico ativado,55.0,Sinal neural do ST-GAT,13.8,Tensão territorial: 92.5% | Fallback histórico ativado: 55.0% | Sinal neural do ST-GAT: 13.8%,"GRANJA PORTUGAL aparece na posição 21 de 109, com risco 20.8 e nível baixo; é território de atenção tática.","O peso principal vem de tensão territorial, com suporte territorial de 92.5% e 0 registros recentes na janela de 30 dias.",Leitura mais fraca; parte do peso vem de fallback histórico e deve ser confirmada em campo.,"O território se diferencia do bloco intermediário, mas sem isolamento absoluto.","Verificar eventos recentes, pressão territorial e coerência com inteligência local antes da próxima atualização do ranking."
2026-05-27T15:26:41,2026-05-26,src/core/orchestrator.py:get_combined_risk,fortaleza_bairros_top30,22,PARQUE IRACEMA,PARQUE IRACEMA,fortaleza,bairro,20.4,baixo,23.4,muito baixa,70.5,alta,0,0,11.0,50.1,0.0,0.0,46.7,0.0,0.0,0.0,0.45,80.6,14,14,True,stable,Fallback histórico ativado,55.0,Sinal neural do ST-GAT,50.1,Tensão territorial,0.0,Fallback histórico ativado: 55.0% | Sinal neural do ST-GAT: 50.1% | Tensão territorial: 0.0%,"PARQUE IRACEMA aparece na posição 22 de 109, com risco 20.4 e nível baixo; é território de atenção tática.","O peso principal vem de fallback histórico ativado, com suporte territorial de 0.0% e 0 registros recentes na janela de 30 dias.",Leitura mais fraca; parte do peso vem de fallback histórico e deve ser confirmada em campo.,"O território se diferencia do bloco intermediário, mas sem isolamento absoluto.","Verificar eventos recentes, pressão territorial e coerência com inteligência local antes da próxima atualização do ranking."
2026-05-27T15:26:41,2026-05-26,src/core/orchestrator.py:get_combined_risk,fortaleza_bairros_top30,23,CAMBEBA,CAMBEBA,fortaleza,bairro,19.99,baixo,41.8,muito baixa,69.8,moderada,0,1,10.0,29.3,50.0,0.0,46.7,50.0,0.0,50.0,0.42,79.6,14,14,True,stable,Fallback histórico ativado,55.0,Tensão territorial,50.0,Sinal neural do ST-GAT,29.3,Fallback histórico ativado: 55.0% | Tensão territorial: 50.0% | Sinal neural do ST-GAT: 29.3%,"CAMBEBA aparece na posição 23 de 109, com risco 20.0 e nível baixo; é território de atenção tática.","O peso principal vem de fallback histórico ativado, com suporte territorial de 50.0% e 1 registros recentes na janela de 30 dias.",Leitura mais fraca; parte do peso vem de fallback histórico e deve ser confirmada em campo.,O território está próximo de pares vizinhos e pode oscilar no próximo ciclo.,"Verificar eventos recentes, pressão territorial e coerência com inteligência local antes da próxima atualização do ranking."
2026-05-27T15:26:41,2026-05-26,src/core/orchestrator.py:get_combined_risk,fortaleza_bairros_top30,24,JARDIM DAS OLIVEIRAS,JARDIM DAS OLIVEIRAS,fortaleza,bairro,19.17,baixo,45.9,muito baixa,69.0,moderada,0,0,50.0,17.7,75.0,0.0,46.7,75.0,75.0,0.0,0.37,78.7,14,14,True,stable,Tensão territorial,75.0,Fallback histórico ativado,55.0,Sinal neural do ST-GAT,17.7,Tensão territorial: 75.0% | Fallback histórico ativado: 55.0% | Sinal neural do ST-GAT: 17.7%,"JARDIM DAS OLIVEIRAS aparece na posição 24 de 109, com risco 19.2 e nível baixo; é território de atenção tática.","O peso principal vem de tensão territorial, com suporte territorial de 75.0% e 0 registros recentes na janela de 30 dias.",Leitura mais fraca; parte do peso vem de fallback histórico e deve ser confirmada em campo.,O território está próximo de pares vizinhos e pode oscilar no próximo ciclo.,"Verificar eventos recentes, pressão territorial e coerência com inteligência local antes da próxima atualização do ranking."
2026-05-27T15:26:41,2026-05-26,src/core/orchestrator.py:get_combined_risk,fortaleza_bairros_top30,25,PICI,PICI,fortaleza,bairro,19.07,baixo,49.3,muito baixa,68.4,moderada,0,0,54.0,13.5,85.0,0.0,46.7,85.0,85.0,0.0,0.37,77.8,14,14,True,stable,Tensão territorial,85.0,Fallback histórico ativado,55.0,Sinal neural do ST-GAT,13.5,Tensão territorial: 85.0% | Fallback histórico ativado: 55.0% | Sinal neural do ST-GAT: 13.5%,"PICI aparece na posição 25 de 109, com risco 19.1 e nível baixo; é território de atenção tática.","O peso principal vem de tensão territorial, com suporte territorial de 85.0% e 0 registros recentes na janela de 30 dias.",Leitura mais fraca; parte do peso vem de fallback histórico e deve ser confirmada em campo.,O território está próximo de pares vizinhos e pode oscilar no próximo ciclo.,"Verificar eventos recentes, pressão territorial e coerência com inteligência local antes da próxima atualização do ranking."
2026-05-27T15:26:41,2026-05-26,src/core/orchestrator.py:get_combined_risk,fortaleza_bairros_top30,26,ALDEOTA,ALDEOTA,fortaleza,bairro,18.78,baixo,23.1,muito baixa,67.8,moderada,0,0,12.0,46.9,0.0,0.0,46.7,0.0,0.0,0.0,0.35,76.9,14,14,True,stable,Fallback histórico ativado,55.0,Sinal neural do ST-GAT,46.9,Tensão territorial,0.0,Fallback histórico ativado: 55.0% | Sinal neural do ST-GAT: 46.9% | Tensão territorial: 0.0%,"ALDEOTA aparece na posição 26 de 109, com risco 18.8 e nível baixo; é território de atenção tática.","O peso principal vem de fallback histórico ativado, com suporte territorial de 0.0% e 0 registros recentes na janela de 30 dias.",Leitura mais fraca; parte do peso vem de fallback histórico e deve ser confirmada em campo.,O território está próximo de pares vizinhos e pode oscilar no próximo ciclo.,"Verificar eventos recentes, pressão territorial e coerência com inteligência local antes da próxima atualização do ranking."
2026-05-27T15:26:41,2026-05-26,src/core/orchestrator.py:get_combined_risk,fortaleza_bairros_top30,27,PAUPINA,PAUPINA,fortaleza,bairro,18.41,baixo,38.7,muito baixa,67.1,moderada,0,0,42.0,24.1,55.0,0.0,46.7,55.0,55.0,0.0,0.33,75.9,14,14,True,stable,Fallback histórico ativado,55.0,Tensão territorial,55.0,Sinal neural do ST-GAT,24.1,Fallback histórico ativado: 55.0% | Tensão territorial: 55.0% | Sinal neural do ST-GAT: 24.1%,"PAUPINA aparece na posição 27 de 109, com risco 18.4 e nível baixo; é território de atenção tática.","O peso principal vem de fallback histórico ativado, com suporte territorial de 55.0% e 0 registros recentes na janela de 30 dias.",Leitura mais fraca; parte do peso vem de fallback histórico e deve ser confirmada em campo.,O território está próximo de pares vizinhos e pode oscilar no próximo ciclo.,"Verificar eventos recentes, pressão territorial e coerência com inteligência local antes da próxima atualização do ranking."
2026-05-27T15:26:41,2026-05-26,src/core/orchestrator.py:get_combined_risk,fortaleza_bairros_top30,28,ANTONIO BEZERRA,ANTONIO BEZERRA,fortaleza,bairro,17.88,baixo,43.2,muito baixa,66.4,moderada,0,0,47.0,18.1,67.5,0.0,46.7,67.5,67.5,0.0,0.29,75.0,14,14,True,stable,Tensão territorial,67.5,Fallback histórico ativado,55.0,Sinal neural do ST-GAT,18.1,Tensão territorial: 67.5% | Fallback histórico ativado: 55.0% | Sinal neural do ST-GAT: 18.1%,"ANTONIO BEZERRA aparece na posição 28 de 109, com risco 17.9 e nível baixo; é território de atenção tática.","O peso principal vem de tensão territorial, com suporte territorial de 67.5% e 0 registros recentes na janela de 30 dias.",Leitura mais fraca; parte do peso vem de fallback histórico e deve ser confirmada em campo.,O território está próximo de pares vizinhos e pode oscilar no próximo ciclo.,"Verificar eventos recentes, pressão territorial e coerência com inteligência local antes da próxima atualização do ranking."
2026-05-27T15:26:41,2026-05-26,src/core/orchestrator.py:get_combined_risk,fortaleza_bairros_top30,29,CARLITO PAMPLONA,CARLITO PAMPLONA,fortaleza,bairro,16.97,baixo,44.0,muito baixa,65.6,moderada,0,0,48.0,15.3,70.0,0.0,46.7,70.0,70.0,0.0,0.24,74.1,14,14,True,stable,Tensão territorial,70.0,Fallback histórico ativado,55.0,Sinal neural do ST-GAT,15.3,Tensão territorial: 70.0% | Fallback histórico ativado: 55.0% | Sinal neural do ST-GAT: 15.3%,"CARLITO PAMPLONA aparece na posição 29 de 109, com risco 17.0 e nível baixo; é território de atenção tática.","O peso principal vem de tensão territorial, com suporte territorial de 70.0% e 0 registros recentes na janela de 30 dias.",Leitura mais fraca; parte do peso vem de fallback histórico e deve ser confirmada em campo.,O território está próximo de pares vizinhos e pode oscilar no próximo ciclo.,"Verificar eventos recentes, pressão territorial e coerência com inteligência local antes da próxima atualização do ranking."
2026-05-27T15:26:41,2026-05-26,src/core/orchestrator.py:get_combined_risk,fortaleza_bairros_top30,30,JOAO,JOAO,fortaleza,bairro,16.54,baixo,22.6,muito baixa,64.9,moderada,0,0,10.0,42.4,0.0,0.0,46.7,0.0,0.0,0.0,0.21,73.1,14,14,True,stable,Fallback histórico ativado,55.0,Sinal neural do ST-GAT,42.4,Tensão territorial,0.0,Fallback histórico ativado: 55.0% | Sinal neural do ST-GAT: 42.4% | Tensão territorial: 0.0%,"JOAO aparece na posição 30 de 109, com risco 16.5 e nível baixo; é território de atenção tática.","O peso principal vem de fallback histórico ativado, com suporte territorial de 0.0% e 0 registros recentes na janela de 30 dias.",Leitura mais fraca; parte do peso vem de fallback histórico e deve ser confirmada em campo.,O território está próximo de pares vizinhos e pode oscilar no próximo ciclo.,"Verificar eventos recentes, pressão territorial e coerência com inteligência local antes da próxima atualização do ranking."
