snapshot_generated_at,data_limit,source,scope,rank,name,name_normalized,region,territorial_level,risk_score,risk_level,confidence_pct,confidence_label,expressiveness_pct,expressiveness_label,recent_cvli_14d,recent_cvli_30d,historical_cvli,neural_score,tension_score,inclusion_score,calm_penalty,territorial_support_pct,historical_support_pct,live_support_pct,score_z,peer_percentile,dynamic_window_days,base_window_days,historical_fallback,trend,top_driver_1,top_driver_1_strength_pct,top_driver_2,top_driver_2_strength_pct,top_driver_3,top_driver_3_strength_pct,explainability_summary,leitura_rapida_gestor,por_que_importa_gestor,confianca_limites_gestor,expressividade_previsao_gestor,proxima_acao_gestor
2026-06-12T15:38:21,2026-06-12,src/core/orchestrator.py:get_combined_risk,cities_general_top30,1,TRAIRI,TRAIRI,rmf,cidade,59.17,alto,82.8,moderada,93.0,muito alta,1,3,17.0,100.0,0.0,50.0,43.3,100.0,0.0,100.0,2.72,100.0,30,14,False,stable,Sinal neural do ST-GAT,100.0,CVLI recente na janela de 30 dias,60.0,Atividade recente e vizinhança,50.0,Sinal neural do ST-GAT: 100.0% | CVLI recente na janela de 30 dias: 60.0% | Atividade recente e vizinhança: 50.0%,"TRAIRI aparece na posição 1 de 69, com risco 59.2 e nível alto; é prioridade imediata de acompanhamento.","O peso principal vem de sinal neural do st-gat, com suporte territorial de 100.0% e 3 registros recentes na janela de 30 dias.","Leitura consistente, mas ainda pede validação operacional pontual.",O território está bem destacado no ranking frente aos pares.,"Verificar eventos recentes, pressão territorial e coerência com inteligência local antes da próxima atualização do ranking."
2026-06-12T15:38:21,2026-06-12,src/core/orchestrator.py:get_combined_risk,cities_general_top30,2,JUAZEIRO DO NORTE,JUAZEIRO DO NORTE,interior,cidade,56.83,alto,77.9,moderada,91.3,muito alta,1,1,136.0,100.0,100.0,50.0,46.7,100.0,100.0,100.0,2.55,98.5,14,14,False,stable,Sinal neural do ST-GAT,100.0,Tensão territorial,100.0,Atividade recente e vizinhança,50.0,Sinal neural do ST-GAT: 100.0% | Tensão territorial: 100.0% | Atividade recente e vizinhança: 50.0%,"JUAZEIRO DO NORTE aparece na posição 2 de 69, com risco 56.8 e nível alto; é prioridade imediata de acompanhamento.","O peso principal vem de sinal neural do st-gat, com suporte territorial de 100.0% e 1 registros recentes na janela de 30 dias.","Leitura consistente, mas ainda pede validação operacional pontual.",O território está bem destacado no ranking frente aos pares.,"Verificar eventos recentes, pressão territorial e coerência com inteligência local antes da próxima atualização do ranking."
2026-06-12T15:38:21,2026-06-12,src/core/orchestrator.py:get_combined_risk,cities_general_top30,3,ITAPIUNA,ITAPIUNA,interior,cidade,56.55,alto,78.0,moderada,90.4,muito alta,1,1,20.0,98.9,100.0,50.0,46.7,100.0,0.0,100.0,2.53,97.1,14,14,False,stable,Tensão territorial,100.0,Sinal neural do ST-GAT,98.9,Atividade recente e vizinhança,50.0,Tensão territorial: 100.0% | Sinal neural do ST-GAT: 98.9% | Atividade recente e vizinhança: 50.0%,"ITAPIUNA aparece na posição 3 de 69, com risco 56.5 e nível alto; é prioridade imediata de acompanhamento.","O peso principal vem de tensão territorial, com suporte territorial de 100.0% e 1 registros recentes na janela de 30 dias.","Leitura consistente, mas ainda pede validação operacional pontual.",O território está bem destacado no ranking frente aos pares.,"Verificar eventos recentes, pressão territorial e coerência com inteligência local antes da próxima atualização do ranking."
2026-06-12T15:38:21,2026-06-12,src/core/orchestrator.py:get_combined_risk,cities_general_top30,4,TIANGUA,TIANGUA,interior,cidade,56.49,alto,78.0,moderada,89.5,muito alta,1,1,77.0,98.7,100.0,50.0,46.7,100.0,100.0,100.0,2.52,95.6,14,14,False,stable,Tensão territorial,100.0,Sinal neural do ST-GAT,98.7,Atividade recente e vizinhança,50.0,Tensão territorial: 100.0% | Sinal neural do ST-GAT: 98.7% | Atividade recente e vizinhança: 50.0%,"TIANGUA aparece na posição 4 de 69, com risco 56.5 e nível alto; é prioridade imediata de acompanhamento.","O peso principal vem de tensão territorial, com suporte territorial de 100.0% e 1 registros recentes na janela de 30 dias.","Leitura consistente, mas ainda pede validação operacional pontual.",O território está bem destacado no ranking frente aos pares.,"Verificar eventos recentes, pressão territorial e coerência com inteligência local antes da próxima atualização do ranking."
2026-06-12T15:38:21,2026-06-12,src/core/orchestrator.py:get_combined_risk,cities_general_top30,5,GROAIRAS,GROAIRAS,interior,cidade,54.09,alto,78.5,moderada,87.7,muito alta,1,1,46.0,89.8,100.0,50.0,46.7,100.0,65.0,100.0,2.35,94.1,14,14,False,stable,Tensão territorial,100.0,Sinal neural do ST-GAT,89.8,Atividade recente e vizinhança,50.0,Tensão territorial: 100.0% | Sinal neural do ST-GAT: 89.8% | Atividade recente e vizinhança: 50.0%,"GROAIRAS aparece na posição 5 de 69, com risco 54.1 e nível alto; é prioridade imediata de acompanhamento.","O peso principal vem de tensão territorial, com suporte territorial de 100.0% e 1 registros recentes na janela de 30 dias.","Leitura consistente, mas ainda pede validação operacional pontual.",O território está bem destacado no ranking frente aos pares.,"Verificar eventos recentes, pressão territorial e coerência com inteligência local antes da próxima atualização do ranking."
2026-06-12T15:38:21,2026-06-12,src/core/orchestrator.py:get_combined_risk,cities_general_top30,6,ITAPAJE,ITAPAJE,interior,cidade,52.64,alto,78.7,moderada,86.3,muito alta,1,1,44.0,84.4,100.0,50.0,46.7,100.0,60.0,100.0,2.24,92.6,14,14,False,stable,Tensão territorial,100.0,Sinal neural do ST-GAT,84.4,Atividade recente e vizinhança,50.0,Tensão territorial: 100.0% | Sinal neural do ST-GAT: 84.4% | Atividade recente e vizinhança: 50.0%,"ITAPAJE aparece na posição 6 de 69, com risco 52.6 e nível alto; é prioridade alta de acompanhamento.","O peso principal vem de tensão territorial, com suporte territorial de 100.0% e 1 registros recentes na janela de 30 dias.","Leitura consistente, mas ainda pede validação operacional pontual.",O território está bem destacado no ranking frente aos pares.,"Verificar eventos recentes, pressão territorial e coerência com inteligência local antes da próxima atualização do ranking."
2026-06-12T15:38:21,2026-06-12,src/core/orchestrator.py:get_combined_risk,cities_general_top30,7,CAUCAIA,CAUCAIA,rmf,cidade,37.74,moderado,46.3,muito baixa,80.3,alta,0,0,612.0,93.2,20.0,0.0,46.7,20.0,100.0,0.0,1.15,91.2,30,14,False,stable,Sinal neural do ST-GAT,93.2,Tensão territorial,20.0,Atividade recente e vizinhança,0.0,Sinal neural do ST-GAT: 93.2% | Tensão territorial: 20.0% | Atividade recente e vizinhança: 0.0%,"CAUCAIA aparece na posição 7 de 69, com risco 37.7 e nível moderado; é prioridade alta de acompanhamento.","O peso principal vem de sinal neural do st-gat, com suporte territorial de 20.0% e 0 registros recentes na janela de 30 dias.",Leitura sensível a ruído; requer conferência adicional antes de decisão forte.,"O território se diferencia do bloco intermediário, mas sem isolamento absoluto.","Verificar eventos recentes, pressão territorial e coerência com inteligência local antes da próxima atualização do ranking."
2026-06-12T15:38:21,2026-06-12,src/core/orchestrator.py:get_combined_risk,cities_general_top30,8,MARACANAU,MARACANAU,rmf,cidade,31.51,moderado,44.5,muito baixa,77.2,alta,0,0,626.0,77.0,20.0,0.0,46.7,20.0,100.0,0.0,0.7,89.7,30,14,False,stable,Sinal neural do ST-GAT,77.0,Tensão territorial,20.0,Atividade recente e vizinhança,0.0,Sinal neural do ST-GAT: 77.0% | Tensão territorial: 20.0% | Atividade recente e vizinhança: 0.0%,"MARACANAU aparece na posição 8 de 69, com risco 31.5 e nível moderado; é prioridade alta de acompanhamento.","O peso principal vem de sinal neural do st-gat, com suporte territorial de 20.0% e 0 registros recentes na janela de 30 dias.",Leitura sensível a ruído; requer conferência adicional antes de decisão forte.,"O território se diferencia do bloco intermediário, mas sem isolamento absoluto.","Verificar eventos recentes, pressão territorial e coerência com inteligência local antes da próxima atualização do ranking."
2026-06-12T15:38:21,2026-06-12,src/core/orchestrator.py:get_combined_risk,cities_general_top30,9,FORQUILHA,FORQUILHA,interior,cidade,25.87,baixo,40.5,muito baixa,74.3,alta,0,0,13.0,96.4,0.0,0.0,46.7,0.0,0.0,0.0,0.29,88.2,14,14,False,stable,Sinal neural do ST-GAT,96.4,Tensão territorial,0.0,Atividade recente e vizinhança,0.0,Sinal neural do ST-GAT: 96.4% | Tensão territorial: 0.0% | Atividade recente e vizinhança: 0.0%,"FORQUILHA aparece na posição 9 de 69, com risco 25.9 e nível baixo; é prioridade alta de acompanhamento.","O peso principal vem de sinal neural do st-gat, com suporte territorial de 0.0% e 0 registros recentes na janela de 30 dias.",Leitura sensível a ruído; requer conferência adicional antes de decisão forte.,"O território se diferencia do bloco intermediário, mas sem isolamento absoluto.","Verificar eventos recentes, pressão territorial e coerência com inteligência local antes da próxima atualização do ranking."
2026-06-12T15:38:21,2026-06-12,src/core/orchestrator.py:get_combined_risk,cities_general_top30,10,IGUATU,IGUATU,interior,cidade,25.5,baixo,45.7,muito baixa,73.3,alta,0,0,81.0,87.6,20.0,0.0,46.7,20.0,100.0,0.0,0.26,86.8,14,14,False,stable,Sinal neural do ST-GAT,87.6,Tensão territorial,20.0,Atividade recente e vizinhança,0.0,Sinal neural do ST-GAT: 87.6% | Tensão territorial: 20.0% | Atividade recente e vizinhança: 0.0%,"IGUATU aparece na posição 10 de 69, com risco 25.5 e nível baixo; é prioridade alta de acompanhamento.","O peso principal vem de sinal neural do st-gat, com suporte territorial de 20.0% e 0 registros recentes na janela de 30 dias.",Leitura sensível a ruído; requer conferência adicional antes de decisão forte.,"O território se diferencia do bloco intermediário, mas sem isolamento absoluto.","Verificar eventos recentes, pressão territorial e coerência com inteligência local antes da próxima atualização do ranking."
2026-06-12T15:38:21,2026-06-12,src/core/orchestrator.py:get_combined_risk,cities_general_top30,11,BATURITE,BATURITE,interior,cidade,25.5,baixo,45.7,muito baixa,72.4,alta,0,0,61.0,87.6,20.0,0.0,46.7,20.0,100.0,0.0,0.26,85.3,14,14,False,stable,Sinal neural do ST-GAT,87.6,Tensão territorial,20.0,Atividade recente e vizinhança,0.0,Sinal neural do ST-GAT: 87.6% | Tensão territorial: 20.0% | Atividade recente e vizinhança: 0.0%,"BATURITE aparece na posição 11 de 69, com risco 25.5 e nível baixo; é território de atenção tática.","O peso principal vem de sinal neural do st-gat, com suporte territorial de 20.0% e 0 registros recentes na janela de 30 dias.",Leitura sensível a ruído; requer conferência adicional antes de decisão forte.,"O território se diferencia do bloco intermediário, mas sem isolamento absoluto.","Verificar eventos recentes, pressão territorial e coerência com inteligência local antes da próxima atualização do ranking."
2026-06-12T15:38:21,2026-06-12,src/core/orchestrator.py:get_combined_risk,cities_general_top30,12,SOBRAL,SOBRAL,interior,cidade,25.3,baixo,45.6,muito baixa,71.5,alta,0,0,64.0,86.8,20.0,0.0,46.7,20.0,100.0,0.0,0.24,83.8,14,14,False,stable,Sinal neural do ST-GAT,86.8,Tensão territorial,20.0,Atividade recente e vizinhança,0.0,Sinal neural do ST-GAT: 86.8% | Tensão territorial: 20.0% | Atividade recente e vizinhança: 0.0%,"SOBRAL aparece na posição 12 de 69, com risco 25.3 e nível baixo; é território de atenção tática.","O peso principal vem de sinal neural do st-gat, com suporte territorial de 20.0% e 0 registros recentes na janela de 30 dias.",Leitura sensível a ruído; requer conferência adicional antes de decisão forte.,"O território se diferencia do bloco intermediário, mas sem isolamento absoluto.","Verificar eventos recentes, pressão territorial e coerência com inteligência local antes da próxima atualização do ranking."
2026-06-12T15:38:21,2026-06-12,src/core/orchestrator.py:get_combined_risk,cities_general_top30,13,SOLONOPOLE,SOLONOPOLE,interior,cidade,25.13,baixo,40.2,muito baixa,70.6,alta,0,0,20.0,93.7,0.0,0.0,46.7,0.0,0.0,0.0,0.23,82.4,14,14,False,stable,Sinal neural do ST-GAT,93.7,Tensão territorial,0.0,Atividade recente e vizinhança,0.0,Sinal neural do ST-GAT: 93.7% | Tensão territorial: 0.0% | Atividade recente e vizinhança: 0.0%,"SOLONOPOLE aparece na posição 13 de 69, com risco 25.1 e nível baixo; é território de atenção tática.","O peso principal vem de sinal neural do st-gat, com suporte territorial de 0.0% e 0 registros recentes na janela de 30 dias.",Leitura sensível a ruído; requer conferência adicional antes de decisão forte.,"O território se diferencia do bloco intermediário, mas sem isolamento absoluto.","Verificar eventos recentes, pressão territorial e coerência com inteligência local antes da próxima atualização do ranking."
2026-06-12T15:38:21,2026-06-12,src/core/orchestrator.py:get_combined_risk,cities_general_top30,14,GRACA,GRACA,interior,cidade,25.13,baixo,40.2,muito baixa,69.7,moderada,0,0,15.0,93.7,0.0,0.0,46.7,0.0,0.0,0.0,0.23,80.9,14,14,False,stable,Sinal neural do ST-GAT,93.7,Tensão territorial,0.0,Atividade recente e vizinhança,0.0,Sinal neural do ST-GAT: 93.7% | Tensão territorial: 0.0% | Atividade recente e vizinhança: 0.0%,"GRACA aparece na posição 14 de 69, com risco 25.1 e nível baixo; é território de atenção tática.","O peso principal vem de sinal neural do st-gat, com suporte territorial de 0.0% e 0 registros recentes na janela de 30 dias.",Leitura sensível a ruído; requer conferência adicional antes de decisão forte.,O território está próximo de pares vizinhos e pode oscilar no próximo ciclo.,"Verificar eventos recentes, pressão territorial e coerência com inteligência local antes da próxima atualização do ranking."
2026-06-12T15:38:21,2026-06-12,src/core/orchestrator.py:get_combined_risk,cities_general_top30,15,LIMOEIRO DO NORTE,LIMOEIRO DO NORTE,interior,cidade,24.5,baixo,42.7,muito baixa,68.5,moderada,0,0,40.0,87.6,10.0,0.0,46.7,10.0,50.0,0.0,0.19,79.4,14,14,False,stable,Sinal neural do ST-GAT,87.6,Tensão territorial,10.0,Atividade recente e vizinhança,0.0,Sinal neural do ST-GAT: 87.6% | Tensão territorial: 10.0% | Atividade recente e vizinhança: 0.0%,"LIMOEIRO DO NORTE aparece na posição 15 de 69, com risco 24.5 e nível baixo; é território de atenção tática.","O peso principal vem de sinal neural do st-gat, com suporte territorial de 10.0% e 0 registros recentes na janela de 30 dias.",Leitura sensível a ruído; requer conferência adicional antes de decisão forte.,O território está próximo de pares vizinhos e pode oscilar no próximo ciclo.,"Verificar eventos recentes, pressão territorial e coerência com inteligência local antes da próxima atualização do ranking."
2026-06-12T15:38:21,2026-06-12,src/core/orchestrator.py:get_combined_risk,cities_general_top30,16,ARATUBA,ARATUBA,interior,cidade,24.1,baixo,41.4,muito baixa,67.5,moderada,0,0,32.0,87.6,6.0,0.0,46.7,6.0,30.0,0.0,0.16,77.9,14,14,False,stable,Sinal neural do ST-GAT,87.6,Tensão territorial,6.0,Atividade recente e vizinhança,0.0,Sinal neural do ST-GAT: 87.6% | Tensão territorial: 6.0% | Atividade recente e vizinhança: 0.0%,"ARATUBA aparece na posição 16 de 69, com risco 24.1 e nível baixo; é território de atenção tática.","O peso principal vem de sinal neural do st-gat, com suporte territorial de 6.0% e 0 registros recentes na janela de 30 dias.",Leitura sensível a ruído; requer conferência adicional antes de decisão forte.,O território está próximo de pares vizinhos e pode oscilar no próximo ciclo.,"Verificar eventos recentes, pressão territorial e coerência com inteligência local antes da próxima atualização do ranking."
2026-06-12T15:38:21,2026-06-12,src/core/orchestrator.py:get_combined_risk,cities_general_top30,17,URUBURETAMA,URUBURETAMA,interior,cidade,23.86,baixo,40.1,muito baixa,66.6,moderada,0,0,23.0,88.4,1.5,0.0,46.7,1.5,7.5,0.0,0.14,76.5,14,14,False,stable,Sinal neural do ST-GAT,88.4,Tensão territorial,1.5,Atividade recente e vizinhança,0.0,Sinal neural do ST-GAT: 88.4% | Tensão territorial: 1.5% | Atividade recente e vizinhança: 0.0%,"URUBURETAMA aparece na posição 17 de 69, com risco 23.9 e nível baixo; é território de atenção tática.","O peso principal vem de sinal neural do st-gat, com suporte territorial de 1.5% e 0 registros recentes na janela de 30 dias.",Leitura sensível a ruído; requer conferência adicional antes de decisão forte.,O território está próximo de pares vizinhos e pode oscilar no próximo ciclo.,"Verificar eventos recentes, pressão territorial e coerência com inteligência local antes da próxima atualização do ranking."
2026-06-12T15:38:21,2026-06-12,src/core/orchestrator.py:get_combined_risk,cities_general_top30,18,CARIRE,CARIRE,interior,cidade,23.74,baixo,39.9,muito baixa,65.6,moderada,0,0,22.0,88.1,1.0,0.0,46.7,1.0,5.0,0.0,0.13,75.0,14,14,False,stable,Sinal neural do ST-GAT,88.1,Tensão territorial,1.0,Atividade recente e vizinhança,0.0,Sinal neural do ST-GAT: 88.1% | Tensão territorial: 1.0% | Atividade recente e vizinhança: 0.0%,"CARIRE aparece na posição 18 de 69, com risco 23.7 e nível baixo; é território de atenção tática.","O peso principal vem de sinal neural do st-gat, com suporte territorial de 1.0% e 0 registros recentes na janela de 30 dias.",Leitura sensível a ruído; requer conferência adicional antes de decisão forte.,O território está próximo de pares vizinhos e pode oscilar no próximo ciclo.,"Verificar eventos recentes, pressão territorial e coerência com inteligência local antes da próxima atualização do ranking."
2026-06-12T15:38:21,2026-06-12,src/core/orchestrator.py:get_combined_risk,cities_general_top30,19,MIRAIMA,MIRAIMA,interior,cidade,23.71,baixo,39.6,muito baixa,64.7,moderada,0,0,15.0,88.4,0.0,0.0,46.7,0.0,0.0,0.0,0.13,73.5,14,14,False,stable,Sinal neural do ST-GAT,88.4,Tensão territorial,0.0,Atividade recente e vizinhança,0.0,Sinal neural do ST-GAT: 88.4% | Tensão territorial: 0.0% | Atividade recente e vizinhança: 0.0%,"MIRAIMA aparece na posição 19 de 69, com risco 23.7 e nível baixo; é território de atenção tática.","O peso principal vem de sinal neural do st-gat, com suporte territorial de 0.0% e 0 registros recentes na janela de 30 dias.",Leitura sensível a ruído; requer conferência adicional antes de decisão forte.,O território está próximo de pares vizinhos e pode oscilar no próximo ciclo.,"Verificar eventos recentes, pressão territorial e coerência com inteligência local antes da próxima atualização do ranking."
2026-06-12T15:38:21,2026-06-12,src/core/orchestrator.py:get_combined_risk,cities_general_top30,20,NOVA OLINDA,NOVA OLINDA,interior,cidade,23.65,baixo,40.0,muito baixa,63.9,moderada,0,0,23.0,87.6,1.5,0.0,46.7,1.5,7.5,0.0,0.12,72.1,14,14,False,stable,Sinal neural do ST-GAT,87.6,Tensão territorial,1.5,Atividade recente e vizinhança,0.0,Sinal neural do ST-GAT: 87.6% | Tensão territorial: 1.5% | Atividade recente e vizinhança: 0.0%,"NOVA OLINDA aparece na posição 20 de 69, com risco 23.6 e nível baixo; é território de atenção tática.","O peso principal vem de sinal neural do st-gat, com suporte territorial de 1.5% e 0 registros recentes na janela de 30 dias.",Leitura sensível a ruído; requer conferência adicional antes de decisão forte.,O território está próximo de pares vizinhos e pode oscilar no próximo ciclo.,"Verificar eventos recentes, pressão territorial e coerência com inteligência local antes da próxima atualização do ranking."
2026-06-12T15:38:21,2026-06-12,src/core/orchestrator.py:get_combined_risk,cities_general_top30,21,SANTANA DO ACARAU,SANTANA DO ACARAU,interior,cidade,23.61,baixo,39.6,muito baixa,62.9,moderada,0,0,9.0,88.0,0.0,0.0,46.7,0.0,0.0,0.0,0.12,70.6,14,14,False,stable,Sinal neural do ST-GAT,88.0,Tensão territorial,0.0,Atividade recente e vizinhança,0.0,Sinal neural do ST-GAT: 88.0% | Tensão territorial: 0.0% | Atividade recente e vizinhança: 0.0%,"SANTANA DO ACARAU aparece na posição 21 de 69, com risco 23.6 e nível baixo; é território de atenção tática.","O peso principal vem de sinal neural do st-gat, com suporte territorial de 0.0% e 0 registros recentes na janela de 30 dias.",Leitura sensível a ruído; requer conferência adicional antes de decisão forte.,O território está próximo de pares vizinhos e pode oscilar no próximo ciclo.,"Verificar eventos recentes, pressão territorial e coerência com inteligência local antes da próxima atualização do ranking."
2026-06-12T15:38:21,2026-06-12,src/core/orchestrator.py:get_combined_risk,cities_general_top30,22,VICOSA DO CEARA,VICOSA DO CEARA,interior,cidade,23.6,baixo,39.8,muito baixa,62.0,moderada,0,0,22.0,87.6,1.0,0.0,46.7,1.0,5.0,0.0,0.12,69.1,14,14,False,stable,Sinal neural do ST-GAT,87.6,Tensão territorial,1.0,Atividade recente e vizinhança,0.0,Sinal neural do ST-GAT: 87.6% | Tensão territorial: 1.0% | Atividade recente e vizinhança: 0.0%,"VICOSA DO CEARA aparece na posição 22 de 69, com risco 23.6 e nível baixo; é território de atenção tática.","O peso principal vem de sinal neural do st-gat, com suporte territorial de 1.0% e 0 registros recentes na janela de 30 dias.",Leitura sensível a ruído; requer conferência adicional antes de decisão forte.,O território está próximo de pares vizinhos e pode oscilar no próximo ciclo.,"Verificar eventos recentes, pressão territorial e coerência com inteligência local antes da próxima atualização do ranking."
2026-06-12T15:38:21,2026-06-12,src/core/orchestrator.py:get_combined_risk,cities_general_top30,23,CAPISTRANO,CAPISTRANO,interior,cidade,23.55,baixo,39.7,muito baixa,61.1,moderada,0,0,21.0,87.6,0.5,0.0,46.7,0.5,2.5,0.0,0.12,67.6,14,14,False,stable,Sinal neural do ST-GAT,87.6,Tensão territorial,0.5,Atividade recente e vizinhança,0.0,Sinal neural do ST-GAT: 87.6% | Tensão territorial: 0.5% | Atividade recente e vizinhança: 0.0%,"CAPISTRANO aparece na posição 23 de 69, com risco 23.6 e nível baixo; é território de atenção tática.","O peso principal vem de sinal neural do st-gat, com suporte territorial de 0.5% e 0 registros recentes na janela de 30 dias.",Leitura sensível a ruído; requer conferência adicional antes de decisão forte.,O território está próximo de pares vizinhos e pode oscilar no próximo ciclo.,"Verificar eventos recentes, pressão territorial e coerência com inteligência local antes da próxima atualização do ranking."
2026-06-12T15:38:21,2026-06-12,src/core/orchestrator.py:get_combined_risk,cities_general_top30,24,ACOPIARA,ACOPIARA,interior,cidade,23.51,baixo,39.5,muito baixa,60.3,moderada,0,0,14.0,87.6,0.0,0.0,46.7,0.0,0.0,0.0,0.11,66.2,14,14,False,stable,Sinal neural do ST-GAT,87.6,Tensão territorial,0.0,Atividade recente e vizinhança,0.0,Sinal neural do ST-GAT: 87.6% | Tensão territorial: 0.0% | Atividade recente e vizinhança: 0.0%,"ACOPIARA aparece na posição 24 de 69, com risco 23.5 e nível baixo; é território de atenção tática.","O peso principal vem de sinal neural do st-gat, com suporte territorial de 0.0% e 0 registros recentes na janela de 30 dias.",Leitura sensível a ruído; requer conferência adicional antes de decisão forte.,O território está próximo de pares vizinhos e pode oscilar no próximo ciclo.,"Verificar eventos recentes, pressão territorial e coerência com inteligência local antes da próxima atualização do ranking."
2026-06-12T15:38:21,2026-06-12,src/core/orchestrator.py:get_combined_risk,cities_general_top30,25,CEDRO,CEDRO,interior,cidade,23.51,baixo,39.5,muito baixa,59.4,moderada,0,0,10.0,87.6,0.0,0.0,46.7,0.0,0.0,0.0,0.11,64.7,14,14,False,stable,Sinal neural do ST-GAT,87.6,Tensão territorial,0.0,Atividade recente e vizinhança,0.0,Sinal neural do ST-GAT: 87.6% | Tensão territorial: 0.0% | Atividade recente e vizinhança: 0.0%,"CEDRO aparece na posição 25 de 69, com risco 23.5 e nível baixo; é território de atenção tática.","O peso principal vem de sinal neural do st-gat, com suporte territorial de 0.0% e 0 registros recentes na janela de 30 dias.",Leitura sensível a ruído; requer conferência adicional antes de decisão forte.,O território está próximo de pares vizinhos e pode oscilar no próximo ciclo.,"Verificar eventos recentes, pressão territorial e coerência com inteligência local antes da próxima atualização do ranking."
2026-06-12T15:38:21,2026-06-12,src/core/orchestrator.py:get_combined_risk,cities_general_top30,26,JIJOCA DE JERICOACOARA,JIJOCA DE JERICOACOARA,interior,cidade,23.5,baixo,39.5,muito baixa,58.5,moderada,0,0,18.0,87.6,0.0,0.0,46.7,0.0,0.0,0.0,0.11,63.2,14,14,False,stable,Sinal neural do ST-GAT,87.6,Tensão territorial,0.0,Atividade recente e vizinhança,0.0,Sinal neural do ST-GAT: 87.6% | Tensão territorial: 0.0% | Atividade recente e vizinhança: 0.0%,"JIJOCA DE JERICOACOARA aparece na posição 26 de 69, com risco 23.5 e nível baixo; é território de atenção tática.","O peso principal vem de sinal neural do st-gat, com suporte territorial de 0.0% e 0 registros recentes na janela de 30 dias.",Leitura sensível a ruído; requer conferência adicional antes de decisão forte.,O território está próximo de pares vizinhos e pode oscilar no próximo ciclo.,"Verificar eventos recentes, pressão territorial e coerência com inteligência local antes da próxima atualização do ranking."
2026-06-12T15:38:21,2026-06-12,src/core/orchestrator.py:get_combined_risk,cities_general_top30,27,CARIRIACU,CARIRIACU,interior,cidade,23.5,baixo,39.5,muito baixa,57.6,moderada,0,0,14.0,87.6,0.0,0.0,46.7,0.0,0.0,0.0,0.11,61.8,14,14,False,stable,Sinal neural do ST-GAT,87.6,Tensão territorial,0.0,Atividade recente e vizinhança,0.0,Sinal neural do ST-GAT: 87.6% | Tensão territorial: 0.0% | Atividade recente e vizinhança: 0.0%,"CARIRIACU aparece na posição 27 de 69, com risco 23.5 e nível baixo; é território de atenção tática.","O peso principal vem de sinal neural do st-gat, com suporte territorial de 0.0% e 0 registros recentes na janela de 30 dias.",Leitura sensível a ruído; requer conferência adicional antes de decisão forte.,O território está próximo de pares vizinhos e pode oscilar no próximo ciclo.,"Verificar eventos recentes, pressão territorial e coerência com inteligência local antes da próxima atualização do ranking."
2026-06-12T15:38:21,2026-06-12,src/core/orchestrator.py:get_combined_risk,cities_general_top30,28,GENERAL SAMPAIO,GENERAL SAMPAIO,interior,cidade,23.5,baixo,39.5,muito baixa,56.7,moderada,0,0,14.0,87.6,0.0,0.0,46.7,0.0,0.0,0.0,0.11,60.3,14,14,False,stable,Sinal neural do ST-GAT,87.6,Tensão territorial,0.0,Atividade recente e vizinhança,0.0,Sinal neural do ST-GAT: 87.6% | Tensão territorial: 0.0% | Atividade recente e vizinhança: 0.0%,"GENERAL SAMPAIO aparece na posição 28 de 69, com risco 23.5 e nível baixo; é território de atenção tática.","O peso principal vem de sinal neural do st-gat, com suporte territorial de 0.0% e 0 registros recentes na janela de 30 dias.",Leitura sensível a ruído; requer conferência adicional antes de decisão forte.,O território está próximo de pares vizinhos e pode oscilar no próximo ciclo.,"Verificar eventos recentes, pressão territorial e coerência com inteligência local antes da próxima atualização do ranking."
2026-06-12T15:38:21,2026-06-12,src/core/orchestrator.py:get_combined_risk,cities_general_top30,29,OROS,OROS,interior,cidade,23.5,baixo,39.5,muito baixa,55.8,moderada,0,0,12.0,87.6,0.0,0.0,46.7,0.0,0.0,0.0,0.11,58.8,14,14,False,stable,Sinal neural do ST-GAT,87.6,Tensão territorial,0.0,Atividade recente e vizinhança,0.0,Sinal neural do ST-GAT: 87.6% | Tensão territorial: 0.0% | Atividade recente e vizinhança: 0.0%,"OROS aparece na posição 29 de 69, com risco 23.5 e nível baixo; é território de atenção tática.","O peso principal vem de sinal neural do st-gat, com suporte territorial de 0.0% e 0 registros recentes na janela de 30 dias.",Leitura sensível a ruído; requer conferência adicional antes de decisão forte.,O território está próximo de pares vizinhos e pode oscilar no próximo ciclo.,"Verificar eventos recentes, pressão territorial e coerência com inteligência local antes da próxima atualização do ranking."
2026-06-12T15:38:21,2026-06-12,src/core/orchestrator.py:get_combined_risk,cities_general_top30,30,ACARAPE,ACARAPE,interior,cidade,23.5,baixo,39.5,muito baixa,55.0,moderada,0,0,11.0,87.6,0.0,0.0,46.7,0.0,0.0,0.0,0.11,57.4,14,14,False,stable,Sinal neural do ST-GAT,87.6,Tensão territorial,0.0,Atividade recente e vizinhança,0.0,Sinal neural do ST-GAT: 87.6% | Tensão territorial: 0.0% | Atividade recente e vizinhança: 0.0%,"ACARAPE aparece na posição 30 de 69, com risco 23.5 e nível baixo; é território de atenção tática.","O peso principal vem de sinal neural do st-gat, com suporte territorial de 0.0% e 0 registros recentes na janela de 30 dias.",Leitura sensível a ruído; requer conferência adicional antes de decisão forte.,O território está próximo de pares vizinhos e pode oscilar no próximo ciclo.,"Verificar eventos recentes, pressão territorial e coerência com inteligência local antes da próxima atualização do ranking."
2026-06-12T15:38:21,2026-06-12,src/core/orchestrator.py:get_combined_risk,cities_rmf_top20,1,TRAIRI,TRAIRI,rmf,cidade,59.17,alto,82.8,moderada,95.7,muito alta,1,3,17.0,100.0,0.0,50.0,43.3,100.0,0.0,100.0,3.27,100.0,30,14,False,stable,Sinal neural do ST-GAT,100.0,CVLI recente na janela de 30 dias,60.0,Atividade recente e vizinhança,50.0,Sinal neural do ST-GAT: 100.0% | CVLI recente na janela de 30 dias: 60.0% | Atividade recente e vizinhança: 50.0%,"TRAIRI aparece na posição 1 de 19, com risco 59.2 e nível alto; é prioridade imediata de acompanhamento.","O peso principal vem de sinal neural do st-gat, com suporte territorial de 100.0% e 3 registros recentes na janela de 30 dias.","Leitura consistente, mas ainda pede validação operacional pontual.",O território está bem destacado no ranking frente aos pares.,"Verificar eventos recentes, pressão territorial e coerência com inteligência local antes da próxima atualização do ranking."
2026-06-12T15:38:21,2026-06-12,src/core/orchestrator.py:get_combined_risk,cities_rmf_top20,2,CAUCAIA,CAUCAIA,rmf,cidade,37.74,moderado,46.3,muito baixa,85.3,muito alta,0,0,612.0,93.2,20.0,0.0,46.7,20.0,100.0,0.0,1.8,94.4,30,14,False,stable,Sinal neural do ST-GAT,93.2,Tensão territorial,20.0,Atividade recente e vizinhança,0.0,Sinal neural do ST-GAT: 93.2% | Tensão territorial: 20.0% | Atividade recente e vizinhança: 0.0%,"CAUCAIA aparece na posição 2 de 19, com risco 37.7 e nível moderado; é prioridade imediata de acompanhamento.","O peso principal vem de sinal neural do st-gat, com suporte territorial de 20.0% e 0 registros recentes na janela de 30 dias.",Leitura sensível a ruído; requer conferência adicional antes de decisão forte.,O território está bem destacado no ranking frente aos pares.,"Verificar eventos recentes, pressão territorial e coerência com inteligência local antes da próxima atualização do ranking."
2026-06-12T15:38:21,2026-06-12,src/core/orchestrator.py:get_combined_risk,cities_rmf_top20,3,MARACANAU,MARACANAU,rmf,cidade,31.51,moderado,44.5,muito baixa,80.0,alta,0,0,626.0,77.0,20.0,0.0,46.7,20.0,100.0,0.0,1.38,88.9,30,14,False,stable,Sinal neural do ST-GAT,77.0,Tensão territorial,20.0,Atividade recente e vizinhança,0.0,Sinal neural do ST-GAT: 77.0% | Tensão territorial: 20.0% | Atividade recente e vizinhança: 0.0%,"MARACANAU aparece na posição 3 de 19, com risco 31.5 e nível moderado; é prioridade imediata de acompanhamento.","O peso principal vem de sinal neural do st-gat, com suporte territorial de 20.0% e 0 registros recentes na janela de 30 dias.",Leitura sensível a ruído; requer conferência adicional antes de decisão forte.,"O território se diferencia do bloco intermediário, mas sem isolamento absoluto.","Verificar eventos recentes, pressão territorial e coerência com inteligência local antes da próxima atualização do ranking."
2026-06-12T15:38:21,2026-06-12,src/core/orchestrator.py:get_combined_risk,cities_rmf_top20,4,HORIZONTE,HORIZONTE,rmf,cidade,10.6,baixo,38.0,muito baixa,69.7,moderada,0,0,128.0,27.6,0.0,0.0,46.7,20.0,100.0,0.0,-0.05,83.3,30,14,False,stable,Sinal neural do ST-GAT,27.6,Tensão territorial,0.0,Atividade recente e vizinhança,0.0,Sinal neural do ST-GAT: 27.6% | Tensão territorial: 0.0% | Atividade recente e vizinhança: 0.0%,"HORIZONTE aparece na posição 4 de 19, com risco 10.6 e nível baixo; é prioridade imediata de acompanhamento.","O peso principal vem de sinal neural do st-gat, com suporte territorial de 20.0% e 0 registros recentes na janela de 30 dias.",Leitura sensível a ruído; requer conferência adicional antes de decisão forte.,O território está próximo de pares vizinhos e pode oscilar no próximo ciclo.,"Verificar eventos recentes, pressão territorial e coerência com inteligência local antes da próxima atualização do ranking."
2026-06-12T15:38:21,2026-06-12,src/core/orchestrator.py:get_combined_risk,cities_rmf_top20,5,SAO GONCALO DO AMARANTE,SAO GONCALO DO AMARANTE,rmf,cidade,9.68,baixo,32.7,muito baixa,66.1,moderada,0,0,1.0,25.2,0.0,0.0,46.7,0.0,0.0,0.0,-0.11,77.8,30,14,False,stable,Sinal neural do ST-GAT,25.2,Tensão territorial,0.0,Atividade recente e vizinhança,0.0,Sinal neural do ST-GAT: 25.2% | Tensão territorial: 0.0% | Atividade recente e vizinhança: 0.0%,"SAO GONCALO DO AMARANTE aparece na posição 5 de 19, com risco 9.7 e nível baixo; é prioridade imediata de acompanhamento.","O peso principal vem de sinal neural do st-gat, com suporte territorial de 0.0% e 0 registros recentes na janela de 30 dias.",Leitura sensível a ruído; requer conferência adicional antes de decisão forte.,O território está próximo de pares vizinhos e pode oscilar no próximo ciclo.,"Verificar eventos recentes, pressão territorial e coerência com inteligência local antes da próxima atualização do ranking."
2026-06-12T15:38:21,2026-06-12,src/core/orchestrator.py:get_combined_risk,cities_rmf_top20,6,ITAITINGA,ITAITINGA,rmf,cidade,6.11,baixo,32.5,muito baixa,61.6,moderada,0,0,26.0,15.9,0.0,0.0,46.7,3.0,15.0,0.0,-0.35,72.2,30,14,False,stable,Sinal neural do ST-GAT,15.9,Tensão territorial,0.0,Atividade recente e vizinhança,0.0,Sinal neural do ST-GAT: 15.9% | Tensão territorial: 0.0% | Atividade recente e vizinhança: 0.0%,"ITAITINGA aparece na posição 6 de 19, com risco 6.1 e nível baixo; é prioridade alta de acompanhamento.","O peso principal vem de sinal neural do st-gat, com suporte territorial de 3.0% e 0 registros recentes na janela de 30 dias.",Leitura sensível a ruído; requer conferência adicional antes de decisão forte.,O território está próximo de pares vizinhos e pode oscilar no próximo ciclo.,"Verificar eventos recentes, pressão territorial e coerência com inteligência local antes da próxima atualização do ranking."
2026-06-12T15:38:21,2026-06-12,src/core/orchestrator.py:get_combined_risk,cities_rmf_top20,7,SAO LUIS DO CURU,SAO LUIS DO CURU,rmf,cidade,5.87,baixo,32.0,muito baixa,58.2,moderada,0,0,23.0,15.3,0.0,0.0,46.7,1.5,7.5,0.0,-0.37,66.7,30,14,False,stable,Sinal neural do ST-GAT,15.3,Tensão territorial,0.0,Atividade recente e vizinhança,0.0,Sinal neural do ST-GAT: 15.3% | Tensão territorial: 0.0% | Atividade recente e vizinhança: 0.0%,"SAO LUIS DO CURU aparece na posição 7 de 19, com risco 5.9 e nível baixo; é prioridade alta de acompanhamento.","O peso principal vem de sinal neural do st-gat, com suporte territorial de 1.5% e 0 registros recentes na janela de 30 dias.",Leitura sensível a ruído; requer conferência adicional antes de decisão forte.,O território está próximo de pares vizinhos e pode oscilar no próximo ciclo.,"Verificar eventos recentes, pressão territorial e coerência com inteligência local antes da próxima atualização do ranking."
2026-06-12T15:38:21,2026-06-12,src/core/orchestrator.py:get_combined_risk,cities_rmf_top20,8,PACAJUS,PACAJUS,rmf,cidade,5.87,baixo,36.7,muito baixa,54.9,moderada,0,0,104.0,15.3,0.0,0.0,46.7,20.0,100.0,0.0,-0.37,61.1,30,14,False,stable,Sinal neural do ST-GAT,15.3,Tensão territorial,0.0,Atividade recente e vizinhança,0.0,Sinal neural do ST-GAT: 15.3% | Tensão territorial: 0.0% | Atividade recente e vizinhança: 0.0%,"PACAJUS aparece na posição 8 de 19, com risco 5.9 e nível baixo; é prioridade alta de acompanhamento.","O peso principal vem de sinal neural do st-gat, com suporte territorial de 20.0% e 0 registros recentes na janela de 30 dias.",Leitura sensível a ruído; requer conferência adicional antes de decisão forte.,O território está próximo de pares vizinhos e pode oscilar no próximo ciclo.,"Verificar eventos recentes, pressão territorial e coerência com inteligência local antes da próxima atualização do ranking."
2026-06-12T15:38:21,2026-06-12,src/core/orchestrator.py:get_combined_risk,cities_rmf_top20,9,PINDORETAMA,PINDORETAMA,rmf,cidade,5.87,baixo,34.4,muito baixa,51.6,moderada,0,0,42.0,15.3,0.0,0.0,46.7,11.0,55.0,0.0,-0.37,55.6,30,14,False,stable,Sinal neural do ST-GAT,15.3,Tensão territorial,0.0,Atividade recente e vizinhança,0.0,Sinal neural do ST-GAT: 15.3% | Tensão territorial: 0.0% | Atividade recente e vizinhança: 0.0%,"PINDORETAMA aparece na posição 9 de 19, com risco 5.9 e nível baixo; é prioridade alta de acompanhamento.","O peso principal vem de sinal neural do st-gat, com suporte territorial de 11.0% e 0 registros recentes na janela de 30 dias.",Leitura sensível a ruído; requer conferência adicional antes de decisão forte.,O território está próximo de pares vizinhos e pode oscilar no próximo ciclo.,"Verificar eventos recentes, pressão territorial e coerência com inteligência local antes da próxima atualização do ranking."
2026-06-12T15:38:21,2026-06-12,src/core/orchestrator.py:get_combined_risk,cities_rmf_top20,10,PARAIPABA,PARAIPABA,rmf,cidade,5.87,baixo,33.2,muito baixa,48.2,baixa,0,0,32.0,15.3,0.0,0.0,46.7,6.0,30.0,0.0,-0.37,50.0,30,14,False,stable,Sinal neural do ST-GAT,15.3,Tensão territorial,0.0,Atividade recente e vizinhança,0.0,Sinal neural do ST-GAT: 15.3% | Tensão territorial: 0.0% | Atividade recente e vizinhança: 0.0%,"PARAIPABA aparece na posição 10 de 19, com risco 5.9 e nível baixo; é prioridade alta de acompanhamento.","O peso principal vem de sinal neural do st-gat, com suporte territorial de 6.0% e 0 registros recentes na janela de 30 dias.",Leitura sensível a ruído; requer conferência adicional antes de decisão forte.,O território está próximo de pares vizinhos e pode oscilar no próximo ciclo.,"Verificar eventos recentes, pressão territorial e coerência com inteligência local antes da próxima atualização do ranking."
2026-06-12T15:38:21,2026-06-12,src/core/orchestrator.py:get_combined_risk,cities_rmf_top20,11,PARACURU,PARACURU,rmf,cidade,5.87,baixo,31.7,muito baixa,44.9,baixa,0,0,19.0,15.3,0.0,0.0,46.7,0.0,0.0,0.0,-0.37,44.4,30,14,False,stable,Sinal neural do ST-GAT,15.3,Tensão territorial,0.0,Atividade recente e vizinhança,0.0,Sinal neural do ST-GAT: 15.3% | Tensão territorial: 0.0% | Atividade recente e vizinhança: 0.0%,"PARACURU aparece na posição 11 de 19, com risco 5.9 e nível baixo; é território de atenção tática.","O peso principal vem de sinal neural do st-gat, com suporte territorial de 0.0% e 0 registros recentes na janela de 30 dias.",Leitura sensível a ruído; requer conferência adicional antes de decisão forte.,O território está próximo de pares vizinhos e pode oscilar no próximo ciclo.,"Verificar eventos recentes, pressão territorial e coerência com inteligência local antes da próxima atualização do ranking."
2026-06-12T15:38:21,2026-06-12,src/core/orchestrator.py:get_combined_risk,cities_rmf_top20,12,AQUIRAZ,AQUIRAZ,rmf,cidade,5.87,baixo,31.7,muito baixa,41.6,baixa,0,0,20.0,15.3,0.0,0.0,46.7,0.0,0.0,0.0,-0.37,38.9,30,14,False,stable,Sinal neural do ST-GAT,15.3,Tensão territorial,0.0,Atividade recente e vizinhança,0.0,Sinal neural do ST-GAT: 15.3% | Tensão territorial: 0.0% | Atividade recente e vizinhança: 0.0%,"AQUIRAZ aparece na posição 12 de 19, com risco 5.9 e nível baixo; é território de atenção tática.","O peso principal vem de sinal neural do st-gat, com suporte territorial de 0.0% e 0 registros recentes na janela de 30 dias.",Leitura sensível a ruído; requer conferência adicional antes de decisão forte.,O território está próximo de pares vizinhos e pode oscilar no próximo ciclo.,"Verificar eventos recentes, pressão territorial e coerência com inteligência local antes da próxima atualização do ranking."
2026-06-12T15:38:21,2026-06-12,src/core/orchestrator.py:get_combined_risk,cities_rmf_top20,13,MARANGUAPE,MARANGUAPE,rmf,cidade,5.87,baixo,31.7,muito baixa,38.2,baixa,0,0,9.0,15.3,0.0,0.0,46.7,0.0,0.0,0.0,-0.37,33.3,30,14,False,stable,Sinal neural do ST-GAT,15.3,Tensão territorial,0.0,Atividade recente e vizinhança,0.0,Sinal neural do ST-GAT: 15.3% | Tensão territorial: 0.0% | Atividade recente e vizinhança: 0.0%,"MARANGUAPE aparece na posição 13 de 19, com risco 5.9 e nível baixo; é território de atenção tática.","O peso principal vem de sinal neural do st-gat, com suporte territorial de 0.0% e 0 registros recentes na janela de 30 dias.",Leitura sensível a ruído; requer conferência adicional antes de decisão forte.,O território está próximo de pares vizinhos e pode oscilar no próximo ciclo.,"Verificar eventos recentes, pressão territorial e coerência com inteligência local antes da próxima atualização do ranking."
2026-06-12T15:38:21,2026-06-12,src/core/orchestrator.py:get_combined_risk,cities_rmf_top20,14,CHOROZINHO,CHOROZINHO,rmf,cidade,5.87,baixo,31.7,muito baixa,34.9,baixa,0,0,15.0,15.3,0.0,0.0,46.7,0.0,0.0,0.0,-0.37,27.8,30,14,False,stable,Sinal neural do ST-GAT,15.3,Tensão territorial,0.0,Atividade recente e vizinhança,0.0,Sinal neural do ST-GAT: 15.3% | Tensão territorial: 0.0% | Atividade recente e vizinhança: 0.0%,"CHOROZINHO aparece na posição 14 de 19, com risco 5.9 e nível baixo; é território de atenção tática.","O peso principal vem de sinal neural do st-gat, com suporte territorial de 0.0% e 0 registros recentes na janela de 30 dias.",Leitura sensível a ruído; requer conferência adicional antes de decisão forte.,O território está próximo de pares vizinhos e pode oscilar no próximo ciclo.,"Verificar eventos recentes, pressão territorial e coerência com inteligência local antes da próxima atualização do ranking."
2026-06-12T15:38:21,2026-06-12,src/core/orchestrator.py:get_combined_risk,cities_rmf_top20,15,BEBERIBE,BEBERIBE,rmf,cidade,5.87,baixo,31.7,muito baixa,31.5,baixa,0,0,1.0,15.3,0.0,0.0,46.7,0.0,0.0,0.0,-0.37,22.2,30,14,False,stable,Sinal neural do ST-GAT,15.3,Tensão territorial,0.0,Atividade recente e vizinhança,0.0,Sinal neural do ST-GAT: 15.3% | Tensão territorial: 0.0% | Atividade recente e vizinhança: 0.0%,"BEBERIBE aparece na posição 15 de 19, com risco 5.9 e nível baixo; é território de atenção tática.","O peso principal vem de sinal neural do st-gat, com suporte territorial de 0.0% e 0 registros recentes na janela de 30 dias.",Leitura sensível a ruído; requer conferência adicional antes de decisão forte.,O território está próximo de pares vizinhos e pode oscilar no próximo ciclo.,"Verificar eventos recentes, pressão territorial e coerência com inteligência local antes da próxima atualização do ranking."
2026-06-12T15:38:21,2026-06-12,src/core/orchestrator.py:get_combined_risk,cities_rmf_top20,16,CASCAVEL,CASCAVEL,rmf,cidade,5.87,baixo,31.7,muito baixa,28.2,baixa,0,0,2.0,15.3,0.0,0.0,46.7,0.0,0.0,0.0,-0.37,16.7,30,14,False,stable,Sinal neural do ST-GAT,15.3,Tensão territorial,0.0,Atividade recente e vizinhança,0.0,Sinal neural do ST-GAT: 15.3% | Tensão territorial: 0.0% | Atividade recente e vizinhança: 0.0%,"CASCAVEL aparece na posição 16 de 19, com risco 5.9 e nível baixo; é território de atenção tática.","O peso principal vem de sinal neural do st-gat, com suporte territorial de 0.0% e 0 registros recentes na janela de 30 dias.",Leitura sensível a ruído; requer conferência adicional antes de decisão forte.,O território está próximo de pares vizinhos e pode oscilar no próximo ciclo.,"Verificar eventos recentes, pressão territorial e coerência com inteligência local antes da próxima atualização do ranking."
2026-06-12T15:38:21,2026-06-12,src/core/orchestrator.py:get_combined_risk,cities_rmf_top20,17,EUSEBIO,EUSEBIO,rmf,cidade,1.33,baixo,47.9,muito baixa,23.4,baixa,0,1,34.0,3.5,0.0,0.0,46.7,50.0,35.0,50.0,-0.68,11.1,30,14,False,stable,CVLI recente na janela de 30 dias,20.0,Sinal neural do ST-GAT,3.5,Tensão territorial,0.0,CVLI recente na janela de 30 dias: 20.0% | Sinal neural do ST-GAT: 3.5% | Tensão territorial: 0.0%,"EUSEBIO aparece na posição 17 de 19, com risco 1.3 e nível baixo; é território de atenção tática.","O peso principal vem de cvli recente na janela de 30 dias, com suporte territorial de 50.0% e 1 registros recentes na janela de 30 dias.",Leitura sensível a ruído; requer conferência adicional antes de decisão forte.,O território está próximo de pares vizinhos e pode oscilar no próximo ciclo.,"Verificar eventos recentes, pressão territorial e coerência com inteligência local antes da próxima atualização do ranking."
2026-06-12T15:38:21,2026-06-12,src/core/orchestrator.py:get_combined_risk,cities_rmf_top20,18,GUAIUBA,GUAIUBA,rmf,cidade,0.0,baixo,47.5,muito baixa,19.7,baixa,0,1,13.0,0.0,0.0,0.0,46.7,50.0,0.0,50.0,-0.77,5.6,30,14,False,stable,CVLI recente na janela de 30 dias,20.0,Sinal neural do ST-GAT,0.0,Tensão territorial,0.0,CVLI recente na janela de 30 dias: 20.0% | Sinal neural do ST-GAT: 0.0% | Tensão territorial: 0.0%,"GUAIUBA aparece na posição 18 de 19, com risco 0.0 e nível baixo; é território de atenção tática.","O peso principal vem de cvli recente na janela de 30 dias, com suporte territorial de 50.0% e 1 registros recentes na janela de 30 dias.",Leitura sensível a ruído; requer conferência adicional antes de decisão forte.,O território está próximo de pares vizinhos e pode oscilar no próximo ciclo.,"Verificar eventos recentes, pressão territorial e coerência com inteligência local antes da próxima atualização do ranking."
2026-06-12T15:38:21,2026-06-12,src/core/orchestrator.py:get_combined_risk,cities_rmf_top20,19,PACATUBA,PACATUBA,rmf,cidade,0.0,baixo,47.5,muito baixa,16.3,baixa,0,1,58.0,0.0,0.0,0.0,46.7,50.0,95.0,50.0,-0.77,0.0,30,14,False,stable,CVLI recente na janela de 30 dias,20.0,Sinal neural do ST-GAT,0.0,Tensão territorial,0.0,CVLI recente na janela de 30 dias: 20.0% | Sinal neural do ST-GAT: 0.0% | Tensão territorial: 0.0%,"PACATUBA aparece na posição 19 de 19, com risco 0.0 e nível baixo; é território de atenção tática.","O peso principal vem de cvli recente na janela de 30 dias, com suporte territorial de 50.0% e 1 registros recentes na janela de 30 dias.",Leitura sensível a ruído; requer conferência adicional antes de decisão forte.,O território está próximo de pares vizinhos e pode oscilar no próximo ciclo.,"Verificar eventos recentes, pressão territorial e coerência com inteligência local antes da próxima atualização do ranking."
2026-06-12T15:38:21,2026-06-12,src/core/orchestrator.py:get_combined_risk,cities_interior_top30,1,JUAZEIRO DO NORTE,JUAZEIRO DO NORTE,interior,cidade,56.83,alto,77.9,moderada,93.6,muito alta,1,1,136.0,100.0,100.0,50.0,46.7,100.0,100.0,100.0,2.84,100.0,14,14,False,stable,Sinal neural do ST-GAT,100.0,Tensão territorial,100.0,Atividade recente e vizinhança,50.0,Sinal neural do ST-GAT: 100.0% | Tensão territorial: 100.0% | Atividade recente e vizinhança: 50.0%,"JUAZEIRO DO NORTE aparece na posição 1 de 50, com risco 56.8 e nível alto; é prioridade imediata de acompanhamento.","O peso principal vem de sinal neural do st-gat, com suporte territorial de 100.0% e 1 registros recentes na janela de 30 dias.","Leitura consistente, mas ainda pede validação operacional pontual.",O território está bem destacado no ranking frente aos pares.,"Verificar eventos recentes, pressão territorial e coerência com inteligência local antes da próxima atualização do ranking."
2026-06-12T15:38:21,2026-06-12,src/core/orchestrator.py:get_combined_risk,cities_interior_top30,2,ITAPIUNA,ITAPIUNA,interior,cidade,56.55,alto,78.0,moderada,92.3,muito alta,1,1,20.0,98.9,100.0,50.0,46.7,100.0,0.0,100.0,2.81,98.0,14,14,False,stable,Tensão territorial,100.0,Sinal neural do ST-GAT,98.9,Atividade recente e vizinhança,50.0,Tensão territorial: 100.0% | Sinal neural do ST-GAT: 98.9% | Atividade recente e vizinhança: 50.0%,"ITAPIUNA aparece na posição 2 de 50, com risco 56.5 e nível alto; é prioridade imediata de acompanhamento.","O peso principal vem de tensão territorial, com suporte territorial de 100.0% e 1 registros recentes na janela de 30 dias.","Leitura consistente, mas ainda pede validação operacional pontual.",O território está bem destacado no ranking frente aos pares.,"Verificar eventos recentes, pressão territorial e coerência com inteligência local antes da próxima atualização do ranking."
2026-06-12T15:38:21,2026-06-12,src/core/orchestrator.py:get_combined_risk,cities_interior_top30,3,TIANGUA,TIANGUA,interior,cidade,56.49,alto,78.0,moderada,91.0,muito alta,1,1,77.0,98.7,100.0,50.0,46.7,100.0,100.0,100.0,2.81,95.9,14,14,False,stable,Tensão territorial,100.0,Sinal neural do ST-GAT,98.7,Atividade recente e vizinhança,50.0,Tensão territorial: 100.0% | Sinal neural do ST-GAT: 98.7% | Atividade recente e vizinhança: 50.0%,"TIANGUA aparece na posição 3 de 50, com risco 56.5 e nível alto; é prioridade imediata de acompanhamento.","O peso principal vem de tensão territorial, com suporte territorial de 100.0% e 1 registros recentes na janela de 30 dias.","Leitura consistente, mas ainda pede validação operacional pontual.",O território está bem destacado no ranking frente aos pares.,"Verificar eventos recentes, pressão territorial e coerência com inteligência local antes da próxima atualização do ranking."
2026-06-12T15:38:21,2026-06-12,src/core/orchestrator.py:get_combined_risk,cities_interior_top30,4,GROAIRAS,GROAIRAS,interior,cidade,54.09,alto,78.5,moderada,88.8,muito alta,1,1,46.0,89.8,100.0,50.0,46.7,100.0,65.0,100.0,2.59,93.9,14,14,False,stable,Tensão territorial,100.0,Sinal neural do ST-GAT,89.8,Atividade recente e vizinhança,50.0,Tensão territorial: 100.0% | Sinal neural do ST-GAT: 89.8% | Atividade recente e vizinhança: 50.0%,"GROAIRAS aparece na posição 4 de 50, com risco 54.1 e nível alto; é prioridade imediata de acompanhamento.","O peso principal vem de tensão territorial, com suporte territorial de 100.0% e 1 registros recentes na janela de 30 dias.","Leitura consistente, mas ainda pede validação operacional pontual.",O território está bem destacado no ranking frente aos pares.,"Verificar eventos recentes, pressão territorial e coerência com inteligência local antes da próxima atualização do ranking."
2026-06-12T15:38:21,2026-06-12,src/core/orchestrator.py:get_combined_risk,cities_interior_top30,5,ITAPAJE,ITAPAJE,interior,cidade,52.64,alto,78.7,moderada,86.9,muito alta,1,1,44.0,84.4,100.0,50.0,46.7,100.0,60.0,100.0,2.45,91.8,14,14,False,stable,Tensão territorial,100.0,Sinal neural do ST-GAT,84.4,Atividade recente e vizinhança,50.0,Tensão territorial: 100.0% | Sinal neural do ST-GAT: 84.4% | Atividade recente e vizinhança: 50.0%,"ITAPAJE aparece na posição 5 de 50, com risco 52.6 e nível alto; é prioridade imediata de acompanhamento.","O peso principal vem de tensão territorial, com suporte territorial de 100.0% e 1 registros recentes na janela de 30 dias.","Leitura consistente, mas ainda pede validação operacional pontual.",O território está bem destacado no ranking frente aos pares.,"Verificar eventos recentes, pressão territorial e coerência com inteligência local antes da próxima atualização do ranking."
2026-06-12T15:38:21,2026-06-12,src/core/orchestrator.py:get_combined_risk,cities_interior_top30,6,FORQUILHA,FORQUILHA,interior,cidade,25.87,baixo,40.5,muito baixa,73.8,alta,0,0,13.0,96.4,0.0,0.0,46.7,0.0,0.0,0.0,-0.01,89.8,14,14,False,stable,Sinal neural do ST-GAT,96.4,Tensão territorial,0.0,Atividade recente e vizinhança,0.0,Sinal neural do ST-GAT: 96.4% | Tensão territorial: 0.0% | Atividade recente e vizinhança: 0.0%,"FORQUILHA aparece na posição 6 de 50, com risco 25.9 e nível baixo; é prioridade alta de acompanhamento.","O peso principal vem de sinal neural do st-gat, com suporte territorial de 0.0% e 0 registros recentes na janela de 30 dias.",Leitura sensível a ruído; requer conferência adicional antes de decisão forte.,"O território se diferencia do bloco intermediário, mas sem isolamento absoluto.","Verificar eventos recentes, pressão territorial e coerência com inteligência local antes da próxima atualização do ranking."
2026-06-12T15:38:21,2026-06-12,src/core/orchestrator.py:get_combined_risk,cities_interior_top30,7,IGUATU,IGUATU,interior,cidade,25.5,baixo,45.7,muito baixa,72.5,alta,0,0,81.0,87.6,20.0,0.0,46.7,20.0,100.0,0.0,-0.05,87.8,14,14,False,stable,Sinal neural do ST-GAT,87.6,Tensão territorial,20.0,Atividade recente e vizinhança,0.0,Sinal neural do ST-GAT: 87.6% | Tensão territorial: 20.0% | Atividade recente e vizinhança: 0.0%,"IGUATU aparece na posição 7 de 50, com risco 25.5 e nível baixo; é prioridade alta de acompanhamento.","O peso principal vem de sinal neural do st-gat, com suporte territorial de 20.0% e 0 registros recentes na janela de 30 dias.",Leitura sensível a ruído; requer conferência adicional antes de decisão forte.,"O território se diferencia do bloco intermediário, mas sem isolamento absoluto.","Verificar eventos recentes, pressão territorial e coerência com inteligência local antes da próxima atualização do ranking."
2026-06-12T15:38:21,2026-06-12,src/core/orchestrator.py:get_combined_risk,cities_interior_top30,8,BATURITE,BATURITE,interior,cidade,25.5,baixo,45.7,muito baixa,71.2,alta,0,0,61.0,87.6,20.0,0.0,46.7,20.0,100.0,0.0,-0.05,85.7,14,14,False,stable,Sinal neural do ST-GAT,87.6,Tensão territorial,20.0,Atividade recente e vizinhança,0.0,Sinal neural do ST-GAT: 87.6% | Tensão territorial: 20.0% | Atividade recente e vizinhança: 0.0%,"BATURITE aparece na posição 8 de 50, com risco 25.5 e nível baixo; é prioridade alta de acompanhamento.","O peso principal vem de sinal neural do st-gat, com suporte territorial de 20.0% e 0 registros recentes na janela de 30 dias.",Leitura sensível a ruído; requer conferência adicional antes de decisão forte.,"O território se diferencia do bloco intermediário, mas sem isolamento absoluto.","Verificar eventos recentes, pressão territorial e coerência com inteligência local antes da próxima atualização do ranking."
2026-06-12T15:38:21,2026-06-12,src/core/orchestrator.py:get_combined_risk,cities_interior_top30,9,SOBRAL,SOBRAL,interior,cidade,25.3,baixo,45.6,muito baixa,69.9,moderada,0,0,64.0,86.8,20.0,0.0,46.7,20.0,100.0,0.0,-0.06,83.7,14,14,False,stable,Sinal neural do ST-GAT,86.8,Tensão territorial,20.0,Atividade recente e vizinhança,0.0,Sinal neural do ST-GAT: 86.8% | Tensão territorial: 20.0% | Atividade recente e vizinhança: 0.0%,"SOBRAL aparece na posição 9 de 50, com risco 25.3 e nível baixo; é prioridade alta de acompanhamento.","O peso principal vem de sinal neural do st-gat, com suporte territorial de 20.0% e 0 registros recentes na janela de 30 dias.",Leitura sensível a ruído; requer conferência adicional antes de decisão forte.,O território está próximo de pares vizinhos e pode oscilar no próximo ciclo.,"Verificar eventos recentes, pressão territorial e coerência com inteligência local antes da próxima atualização do ranking."
2026-06-12T15:38:21,2026-06-12,src/core/orchestrator.py:get_combined_risk,cities_interior_top30,10,SOLONOPOLE,SOLONOPOLE,interior,cidade,25.13,baixo,40.2,muito baixa,68.6,moderada,0,0,20.0,93.7,0.0,0.0,46.7,0.0,0.0,0.0,-0.08,81.6,14,14,False,stable,Sinal neural do ST-GAT,93.7,Tensão territorial,0.0,Atividade recente e vizinhança,0.0,Sinal neural do ST-GAT: 93.7% | Tensão territorial: 0.0% | Atividade recente e vizinhança: 0.0%,"SOLONOPOLE aparece na posição 10 de 50, com risco 25.1 e nível baixo; é prioridade alta de acompanhamento.","O peso principal vem de sinal neural do st-gat, com suporte territorial de 0.0% e 0 registros recentes na janela de 30 dias.",Leitura sensível a ruído; requer conferência adicional antes de decisão forte.,O território está próximo de pares vizinhos e pode oscilar no próximo ciclo.,"Verificar eventos recentes, pressão territorial e coerência com inteligência local antes da próxima atualização do ranking."
2026-06-12T15:38:21,2026-06-12,src/core/orchestrator.py:get_combined_risk,cities_interior_top30,11,GRACA,GRACA,interior,cidade,25.13,baixo,40.2,muito baixa,67.4,moderada,0,0,15.0,93.7,0.0,0.0,46.7,0.0,0.0,0.0,-0.08,79.6,14,14,False,stable,Sinal neural do ST-GAT,93.7,Tensão territorial,0.0,Atividade recente e vizinhança,0.0,Sinal neural do ST-GAT: 93.7% | Tensão territorial: 0.0% | Atividade recente e vizinhança: 0.0%,"GRACA aparece na posição 11 de 50, com risco 25.1 e nível baixo; é território de atenção tática.","O peso principal vem de sinal neural do st-gat, com suporte territorial de 0.0% e 0 registros recentes na janela de 30 dias.",Leitura sensível a ruído; requer conferência adicional antes de decisão forte.,O território está próximo de pares vizinhos e pode oscilar no próximo ciclo.,"Verificar eventos recentes, pressão territorial e coerência com inteligência local antes da próxima atualização do ranking."
2026-06-12T15:38:21,2026-06-12,src/core/orchestrator.py:get_combined_risk,cities_interior_top30,12,LIMOEIRO DO NORTE,LIMOEIRO DO NORTE,interior,cidade,24.5,baixo,42.7,muito baixa,65.9,moderada,0,0,40.0,87.6,10.0,0.0,46.7,10.0,50.0,0.0,-0.14,77.6,14,14,False,stable,Sinal neural do ST-GAT,87.6,Tensão territorial,10.0,Atividade recente e vizinhança,0.0,Sinal neural do ST-GAT: 87.6% | Tensão territorial: 10.0% | Atividade recente e vizinhança: 0.0%,"LIMOEIRO DO NORTE aparece na posição 12 de 50, com risco 24.5 e nível baixo; é território de atenção tática.","O peso principal vem de sinal neural do st-gat, com suporte territorial de 10.0% e 0 registros recentes na janela de 30 dias.",Leitura sensível a ruído; requer conferência adicional antes de decisão forte.,O território está próximo de pares vizinhos e pode oscilar no próximo ciclo.,"Verificar eventos recentes, pressão territorial e coerência com inteligência local antes da próxima atualização do ranking."
2026-06-12T15:38:21,2026-06-12,src/core/orchestrator.py:get_combined_risk,cities_interior_top30,13,ARATUBA,ARATUBA,interior,cidade,24.1,baixo,41.4,muito baixa,64.5,moderada,0,0,32.0,87.6,6.0,0.0,46.7,6.0,30.0,0.0,-0.18,75.5,14,14,False,stable,Sinal neural do ST-GAT,87.6,Tensão territorial,6.0,Atividade recente e vizinhança,0.0,Sinal neural do ST-GAT: 87.6% | Tensão territorial: 6.0% | Atividade recente e vizinhança: 0.0%,"ARATUBA aparece na posição 13 de 50, com risco 24.1 e nível baixo; é território de atenção tática.","O peso principal vem de sinal neural do st-gat, com suporte territorial de 6.0% e 0 registros recentes na janela de 30 dias.",Leitura sensível a ruído; requer conferência adicional antes de decisão forte.,O território está próximo de pares vizinhos e pode oscilar no próximo ciclo.,"Verificar eventos recentes, pressão territorial e coerência com inteligência local antes da próxima atualização do ranking."
2026-06-12T15:38:21,2026-06-12,src/core/orchestrator.py:get_combined_risk,cities_interior_top30,14,URUBURETAMA,URUBURETAMA,interior,cidade,23.86,baixo,40.1,muito baixa,63.2,moderada,0,0,23.0,88.4,1.5,0.0,46.7,1.5,7.5,0.0,-0.2,73.5,14,14,False,stable,Sinal neural do ST-GAT,88.4,Tensão territorial,1.5,Atividade recente e vizinhança,0.0,Sinal neural do ST-GAT: 88.4% | Tensão territorial: 1.5% | Atividade recente e vizinhança: 0.0%,"URUBURETAMA aparece na posição 14 de 50, com risco 23.9 e nível baixo; é território de atenção tática.","O peso principal vem de sinal neural do st-gat, com suporte territorial de 1.5% e 0 registros recentes na janela de 30 dias.",Leitura sensível a ruído; requer conferência adicional antes de decisão forte.,O território está próximo de pares vizinhos e pode oscilar no próximo ciclo.,"Verificar eventos recentes, pressão territorial e coerência com inteligência local antes da próxima atualização do ranking."
2026-06-12T15:38:21,2026-06-12,src/core/orchestrator.py:get_combined_risk,cities_interior_top30,15,CARIRE,CARIRE,interior,cidade,23.74,baixo,39.9,muito baixa,61.8,moderada,0,0,22.0,88.1,1.0,0.0,46.7,1.0,5.0,0.0,-0.21,71.4,14,14,False,stable,Sinal neural do ST-GAT,88.1,Tensão territorial,1.0,Atividade recente e vizinhança,0.0,Sinal neural do ST-GAT: 88.1% | Tensão territorial: 1.0% | Atividade recente e vizinhança: 0.0%,"CARIRE aparece na posição 15 de 50, com risco 23.7 e nível baixo; é território de atenção tática.","O peso principal vem de sinal neural do st-gat, com suporte territorial de 1.0% e 0 registros recentes na janela de 30 dias.",Leitura sensível a ruído; requer conferência adicional antes de decisão forte.,O território está próximo de pares vizinhos e pode oscilar no próximo ciclo.,"Verificar eventos recentes, pressão territorial e coerência com inteligência local antes da próxima atualização do ranking."
2026-06-12T15:38:21,2026-06-12,src/core/orchestrator.py:get_combined_risk,cities_interior_top30,16,MIRAIMA,MIRAIMA,interior,cidade,23.71,baixo,39.6,muito baixa,60.6,moderada,0,0,15.0,88.4,0.0,0.0,46.7,0.0,0.0,0.0,-0.21,69.4,14,14,False,stable,Sinal neural do ST-GAT,88.4,Tensão territorial,0.0,Atividade recente e vizinhança,0.0,Sinal neural do ST-GAT: 88.4% | Tensão territorial: 0.0% | Atividade recente e vizinhança: 0.0%,"MIRAIMA aparece na posição 16 de 50, com risco 23.7 e nível baixo; é território de atenção tática.","O peso principal vem de sinal neural do st-gat, com suporte territorial de 0.0% e 0 registros recentes na janela de 30 dias.",Leitura sensível a ruído; requer conferência adicional antes de decisão forte.,O território está próximo de pares vizinhos e pode oscilar no próximo ciclo.,"Verificar eventos recentes, pressão territorial e coerência com inteligência local antes da próxima atualização do ranking."
2026-06-12T15:38:21,2026-06-12,src/core/orchestrator.py:get_combined_risk,cities_interior_top30,17,NOVA OLINDA,NOVA OLINDA,interior,cidade,23.65,baixo,40.0,muito baixa,59.3,moderada,0,0,23.0,87.6,1.5,0.0,46.7,1.5,7.5,0.0,-0.22,67.3,14,14,False,stable,Sinal neural do ST-GAT,87.6,Tensão territorial,1.5,Atividade recente e vizinhança,0.0,Sinal neural do ST-GAT: 87.6% | Tensão territorial: 1.5% | Atividade recente e vizinhança: 0.0%,"NOVA OLINDA aparece na posição 17 de 50, com risco 23.6 e nível baixo; é território de atenção tática.","O peso principal vem de sinal neural do st-gat, com suporte territorial de 1.5% e 0 registros recentes na janela de 30 dias.",Leitura sensível a ruído; requer conferência adicional antes de decisão forte.,O território está próximo de pares vizinhos e pode oscilar no próximo ciclo.,"Verificar eventos recentes, pressão territorial e coerência com inteligência local antes da próxima atualização do ranking."
2026-06-12T15:38:21,2026-06-12,src/core/orchestrator.py:get_combined_risk,cities_interior_top30,18,SANTANA DO ACARAU,SANTANA DO ACARAU,interior,cidade,23.61,baixo,39.6,muito baixa,58.1,moderada,0,0,9.0,88.0,0.0,0.0,46.7,0.0,0.0,0.0,-0.22,65.3,14,14,False,stable,Sinal neural do ST-GAT,88.0,Tensão territorial,0.0,Atividade recente e vizinhança,0.0,Sinal neural do ST-GAT: 88.0% | Tensão territorial: 0.0% | Atividade recente e vizinhança: 0.0%,"SANTANA DO ACARAU aparece na posição 18 de 50, com risco 23.6 e nível baixo; é território de atenção tática.","O peso principal vem de sinal neural do st-gat, com suporte territorial de 0.0% e 0 registros recentes na janela de 30 dias.",Leitura sensível a ruído; requer conferência adicional antes de decisão forte.,O território está próximo de pares vizinhos e pode oscilar no próximo ciclo.,"Verificar eventos recentes, pressão territorial e coerência com inteligência local antes da próxima atualização do ranking."
2026-06-12T15:38:21,2026-06-12,src/core/orchestrator.py:get_combined_risk,cities_interior_top30,19,VICOSA DO CEARA,VICOSA DO CEARA,interior,cidade,23.6,baixo,39.8,muito baixa,56.9,moderada,0,0,22.0,87.6,1.0,0.0,46.7,1.0,5.0,0.0,-0.22,63.3,14,14,False,stable,Sinal neural do ST-GAT,87.6,Tensão territorial,1.0,Atividade recente e vizinhança,0.0,Sinal neural do ST-GAT: 87.6% | Tensão territorial: 1.0% | Atividade recente e vizinhança: 0.0%,"VICOSA DO CEARA aparece na posição 19 de 50, com risco 23.6 e nível baixo; é território de atenção tática.","O peso principal vem de sinal neural do st-gat, com suporte territorial de 1.0% e 0 registros recentes na janela de 30 dias.",Leitura sensível a ruído; requer conferência adicional antes de decisão forte.,O território está próximo de pares vizinhos e pode oscilar no próximo ciclo.,"Verificar eventos recentes, pressão territorial e coerência com inteligência local antes da próxima atualização do ranking."
2026-06-12T15:38:21,2026-06-12,src/core/orchestrator.py:get_combined_risk,cities_interior_top30,20,CAPISTRANO,CAPISTRANO,interior,cidade,23.55,baixo,39.7,muito baixa,55.6,moderada,0,0,21.0,87.6,0.5,0.0,46.7,0.5,2.5,0.0,-0.23,61.2,14,14,False,stable,Sinal neural do ST-GAT,87.6,Tensão territorial,0.5,Atividade recente e vizinhança,0.0,Sinal neural do ST-GAT: 87.6% | Tensão territorial: 0.5% | Atividade recente e vizinhança: 0.0%,"CAPISTRANO aparece na posição 20 de 50, com risco 23.6 e nível baixo; é território de atenção tática.","O peso principal vem de sinal neural do st-gat, com suporte territorial de 0.5% e 0 registros recentes na janela de 30 dias.",Leitura sensível a ruído; requer conferência adicional antes de decisão forte.,O território está próximo de pares vizinhos e pode oscilar no próximo ciclo.,"Verificar eventos recentes, pressão territorial e coerência com inteligência local antes da próxima atualização do ranking."
2026-06-12T15:38:21,2026-06-12,src/core/orchestrator.py:get_combined_risk,cities_interior_top30,21,ACOPIARA,ACOPIARA,interior,cidade,23.51,baixo,39.5,muito baixa,54.4,moderada,0,0,14.0,87.6,0.0,0.0,46.7,0.0,0.0,0.0,-0.23,59.2,14,14,False,stable,Sinal neural do ST-GAT,87.6,Tensão territorial,0.0,Atividade recente e vizinhança,0.0,Sinal neural do ST-GAT: 87.6% | Tensão territorial: 0.0% | Atividade recente e vizinhança: 0.0%,"ACOPIARA aparece na posição 21 de 50, com risco 23.5 e nível baixo; é território de atenção tática.","O peso principal vem de sinal neural do st-gat, com suporte territorial de 0.0% e 0 registros recentes na janela de 30 dias.",Leitura sensível a ruído; requer conferência adicional antes de decisão forte.,O território está próximo de pares vizinhos e pode oscilar no próximo ciclo.,"Verificar eventos recentes, pressão territorial e coerência com inteligência local antes da próxima atualização do ranking."
2026-06-12T15:38:21,2026-06-12,src/core/orchestrator.py:get_combined_risk,cities_interior_top30,22,CEDRO,CEDRO,interior,cidade,23.51,baixo,39.5,muito baixa,53.2,moderada,0,0,10.0,87.6,0.0,0.0,46.7,0.0,0.0,0.0,-0.23,57.1,14,14,False,stable,Sinal neural do ST-GAT,87.6,Tensão territorial,0.0,Atividade recente e vizinhança,0.0,Sinal neural do ST-GAT: 87.6% | Tensão territorial: 0.0% | Atividade recente e vizinhança: 0.0%,"CEDRO aparece na posição 22 de 50, com risco 23.5 e nível baixo; é território de atenção tática.","O peso principal vem de sinal neural do st-gat, com suporte territorial de 0.0% e 0 registros recentes na janela de 30 dias.",Leitura sensível a ruído; requer conferência adicional antes de decisão forte.,O território está próximo de pares vizinhos e pode oscilar no próximo ciclo.,"Verificar eventos recentes, pressão territorial e coerência com inteligência local antes da próxima atualização do ranking."
2026-06-12T15:38:21,2026-06-12,src/core/orchestrator.py:get_combined_risk,cities_interior_top30,23,JIJOCA DE JERICOACOARA,JIJOCA DE JERICOACOARA,interior,cidade,23.5,baixo,39.5,muito baixa,52.0,moderada,0,0,18.0,87.6,0.0,0.0,46.7,0.0,0.0,0.0,-0.23,55.1,14,14,False,stable,Sinal neural do ST-GAT,87.6,Tensão territorial,0.0,Atividade recente e vizinhança,0.0,Sinal neural do ST-GAT: 87.6% | Tensão territorial: 0.0% | Atividade recente e vizinhança: 0.0%,"JIJOCA DE JERICOACOARA aparece na posição 23 de 50, com risco 23.5 e nível baixo; é território de atenção tática.","O peso principal vem de sinal neural do st-gat, com suporte territorial de 0.0% e 0 registros recentes na janela de 30 dias.",Leitura sensível a ruído; requer conferência adicional antes de decisão forte.,O território está próximo de pares vizinhos e pode oscilar no próximo ciclo.,"Verificar eventos recentes, pressão territorial e coerência com inteligência local antes da próxima atualização do ranking."
2026-06-12T15:38:21,2026-06-12,src/core/orchestrator.py:get_combined_risk,cities_interior_top30,24,CARIRIACU,CARIRIACU,interior,cidade,23.5,baixo,39.5,muito baixa,50.8,moderada,0,0,14.0,87.6,0.0,0.0,46.7,0.0,0.0,0.0,-0.23,53.1,14,14,False,stable,Sinal neural do ST-GAT,87.6,Tensão territorial,0.0,Atividade recente e vizinhança,0.0,Sinal neural do ST-GAT: 87.6% | Tensão territorial: 0.0% | Atividade recente e vizinhança: 0.0%,"CARIRIACU aparece na posição 24 de 50, com risco 23.5 e nível baixo; é território de atenção tática.","O peso principal vem de sinal neural do st-gat, com suporte territorial de 0.0% e 0 registros recentes na janela de 30 dias.",Leitura sensível a ruído; requer conferência adicional antes de decisão forte.,O território está próximo de pares vizinhos e pode oscilar no próximo ciclo.,"Verificar eventos recentes, pressão territorial e coerência com inteligência local antes da próxima atualização do ranking."
2026-06-12T15:38:21,2026-06-12,src/core/orchestrator.py:get_combined_risk,cities_interior_top30,25,GENERAL SAMPAIO,GENERAL SAMPAIO,interior,cidade,23.5,baixo,39.5,muito baixa,49.5,baixa,0,0,14.0,87.6,0.0,0.0,46.7,0.0,0.0,0.0,-0.23,51.0,14,14,False,stable,Sinal neural do ST-GAT,87.6,Tensão territorial,0.0,Atividade recente e vizinhança,0.0,Sinal neural do ST-GAT: 87.6% | Tensão territorial: 0.0% | Atividade recente e vizinhança: 0.0%,"GENERAL SAMPAIO aparece na posição 25 de 50, com risco 23.5 e nível baixo; é território de atenção tática.","O peso principal vem de sinal neural do st-gat, com suporte territorial de 0.0% e 0 registros recentes na janela de 30 dias.",Leitura sensível a ruído; requer conferência adicional antes de decisão forte.,O território está próximo de pares vizinhos e pode oscilar no próximo ciclo.,"Verificar eventos recentes, pressão territorial e coerência com inteligência local antes da próxima atualização do ranking."
2026-06-12T15:38:21,2026-06-12,src/core/orchestrator.py:get_combined_risk,cities_interior_top30,26,OROS,OROS,interior,cidade,23.5,baixo,39.5,muito baixa,48.3,baixa,0,0,12.0,87.6,0.0,0.0,46.7,0.0,0.0,0.0,-0.23,49.0,14,14,False,stable,Sinal neural do ST-GAT,87.6,Tensão territorial,0.0,Atividade recente e vizinhança,0.0,Sinal neural do ST-GAT: 87.6% | Tensão territorial: 0.0% | Atividade recente e vizinhança: 0.0%,"OROS aparece na posição 26 de 50, com risco 23.5 e nível baixo; é território de atenção tática.","O peso principal vem de sinal neural do st-gat, com suporte territorial de 0.0% e 0 registros recentes na janela de 30 dias.",Leitura sensível a ruído; requer conferência adicional antes de decisão forte.,O território está próximo de pares vizinhos e pode oscilar no próximo ciclo.,"Verificar eventos recentes, pressão territorial e coerência com inteligência local antes da próxima atualização do ranking."
2026-06-12T15:38:21,2026-06-12,src/core/orchestrator.py:get_combined_risk,cities_interior_top30,27,ACARAPE,ACARAPE,interior,cidade,23.5,baixo,39.5,muito baixa,47.0,baixa,0,0,11.0,87.6,0.0,0.0,46.7,0.0,0.0,0.0,-0.23,46.9,14,14,False,stable,Sinal neural do ST-GAT,87.6,Tensão territorial,0.0,Atividade recente e vizinhança,0.0,Sinal neural do ST-GAT: 87.6% | Tensão territorial: 0.0% | Atividade recente e vizinhança: 0.0%,"ACARAPE aparece na posição 27 de 50, com risco 23.5 e nível baixo; é território de atenção tática.","O peso principal vem de sinal neural do st-gat, com suporte territorial de 0.0% e 0 registros recentes na janela de 30 dias.",Leitura sensível a ruído; requer conferência adicional antes de decisão forte.,O território está próximo de pares vizinhos e pode oscilar no próximo ciclo.,"Verificar eventos recentes, pressão territorial e coerência com inteligência local antes da próxima atualização do ranking."
2026-06-12T15:38:21,2026-06-12,src/core/orchestrator.py:get_combined_risk,cities_interior_top30,28,MILAGRES,MILAGRES,interior,cidade,23.5,baixo,39.5,muito baixa,45.8,baixa,0,0,12.0,87.6,0.0,0.0,46.7,0.0,0.0,0.0,-0.23,44.9,14,14,False,stable,Sinal neural do ST-GAT,87.6,Tensão territorial,0.0,Atividade recente e vizinhança,0.0,Sinal neural do ST-GAT: 87.6% | Tensão territorial: 0.0% | Atividade recente e vizinhança: 0.0%,"MILAGRES aparece na posição 28 de 50, com risco 23.5 e nível baixo; é território de atenção tática.","O peso principal vem de sinal neural do st-gat, com suporte territorial de 0.0% e 0 registros recentes na janela de 30 dias.",Leitura sensível a ruído; requer conferência adicional antes de decisão forte.,O território está próximo de pares vizinhos e pode oscilar no próximo ciclo.,"Verificar eventos recentes, pressão territorial e coerência com inteligência local antes da próxima atualização do ranking."
2026-06-12T15:38:21,2026-06-12,src/core/orchestrator.py:get_combined_risk,cities_interior_top30,29,BANABUIU,BANABUIU,interior,cidade,23.5,baixo,39.5,muito baixa,44.6,baixa,0,0,11.0,87.6,0.0,0.0,46.7,0.0,0.0,0.0,-0.23,42.9,14,14,False,stable,Sinal neural do ST-GAT,87.6,Tensão territorial,0.0,Atividade recente e vizinhança,0.0,Sinal neural do ST-GAT: 87.6% | Tensão territorial: 0.0% | Atividade recente e vizinhança: 0.0%,"BANABUIU aparece na posição 29 de 50, com risco 23.5 e nível baixo; é território de atenção tática.","O peso principal vem de sinal neural do st-gat, com suporte territorial de 0.0% e 0 registros recentes na janela de 30 dias.",Leitura sensível a ruído; requer conferência adicional antes de decisão forte.,O território está próximo de pares vizinhos e pode oscilar no próximo ciclo.,"Verificar eventos recentes, pressão territorial e coerência com inteligência local antes da próxima atualização do ranking."
2026-06-12T15:38:21,2026-06-12,src/core/orchestrator.py:get_combined_risk,cities_interior_top30,30,ITAREMA,ITAREMA,interior,cidade,23.5,baixo,39.5,muito baixa,43.4,baixa,0,0,10.0,87.6,0.0,0.0,46.7,0.0,0.0,0.0,-0.23,40.8,14,14,False,stable,Sinal neural do ST-GAT,87.6,Tensão territorial,0.0,Atividade recente e vizinhança,0.0,Sinal neural do ST-GAT: 87.6% | Tensão territorial: 0.0% | Atividade recente e vizinhança: 0.0%,"ITAREMA aparece na posição 30 de 50, com risco 23.5 e nível baixo; é território de atenção tática.","O peso principal vem de sinal neural do st-gat, com suporte territorial de 0.0% e 0 registros recentes na janela de 30 dias.",Leitura sensível a ruído; requer conferência adicional antes de decisão forte.,O território está próximo de pares vizinhos e pode oscilar no próximo ciclo.,"Verificar eventos recentes, pressão territorial e coerência com inteligência local antes da próxima atualização do ranking."
2026-06-12T15:38:21,2026-06-12,src/core/orchestrator.py:get_combined_risk,fortaleza_bairros_top30,1,BONSUCESSO,BONSUCESSO,fortaleza,bairro,31.19,moderado,58.3,baixa,96.2,muito alta,0,1,48.0,84.9,50.0,0.0,76.7,50.0,70.0,50.0,3.37,100.0,30,120,False,stable,Sinal neural do ST-GAT,84.9,Tensão territorial,50.0,CVLI recente na janela de 30 dias,20.0,Sinal neural do ST-GAT: 84.9% | Tensão territorial: 50.0% | CVLI recente na janela de 30 dias: 20.0%,"BONSUCESSO aparece na posição 1 de 109, com risco 31.2 e nível moderado; é prioridade imediata de acompanhamento.","O peso principal vem de sinal neural do st-gat, com suporte territorial de 50.0% e 1 registros recentes na janela de 30 dias.",Leitura sensível a ruído; requer conferência adicional antes de decisão forte.,O território está bem destacado no ranking frente aos pares.,"Verificar eventos recentes, pressão territorial e coerência com inteligência local antes da próxima atualização do ranking."
2026-06-12T15:38:21,2026-06-12,src/core/orchestrator.py:get_combined_risk,fortaleza_bairros_top30,2,JOSE DE ALENCAR,JOSE DE ALENCAR,fortaleza,bairro,30.58,baixo,77.7,moderada,95.2,muito alta,0,2,44.0,60.2,100.0,0.0,63.3,100.0,60.0,100.0,3.27,99.1,30,120,False,stable,Tensão territorial,100.0,Sinal neural do ST-GAT,60.2,CVLI recente na janela de 30 dias,40.0,Tensão territorial: 100.0% | Sinal neural do ST-GAT: 60.2% | CVLI recente na janela de 30 dias: 40.0%,"JOSE DE ALENCAR aparece na posição 2 de 109, com risco 30.6 e nível baixo; é prioridade imediata de acompanhamento.","O peso principal vem de tensão territorial, com suporte territorial de 100.0% e 2 registros recentes na janela de 30 dias.","Leitura consistente, mas ainda pede validação operacional pontual.",O território está bem destacado no ranking frente aos pares.,"Verificar eventos recentes, pressão territorial e coerência com inteligência local antes da próxima atualização do ranking."
2026-06-12T15:38:21,2026-06-12,src/core/orchestrator.py:get_combined_risk,fortaleza_bairros_top30,3,BARRA DO CEARA,BARRA DO CEARA,fortaleza,bairro,28.16,baixo,56.9,baixa,92.6,muito alta,0,1,137.0,75.1,50.0,0.0,76.7,50.0,100.0,50.0,2.87,98.1,30,120,False,stable,Sinal neural do ST-GAT,75.1,Tensão territorial,50.0,CVLI recente na janela de 30 dias,20.0,Sinal neural do ST-GAT: 75.1% | Tensão territorial: 50.0% | CVLI recente na janela de 30 dias: 20.0%,"BARRA DO CEARA aparece na posição 3 de 109, com risco 28.2 e nível baixo; é prioridade imediata de acompanhamento.","O peso principal vem de sinal neural do st-gat, com suporte territorial de 50.0% e 1 registros recentes na janela de 30 dias.",Leitura sensível a ruído; requer conferência adicional antes de decisão forte.,O território está bem destacado no ranking frente aos pares.,"Verificar eventos recentes, pressão territorial e coerência com inteligência local antes da próxima atualização do ranking."
2026-06-12T15:38:21,2026-06-12,src/core/orchestrator.py:get_combined_risk,fortaleza_bairros_top30,4,LAGOA REDONDA,LAGOA REDONDA,fortaleza,bairro,27.0,baixo,47.0,muito baixa,91.2,muito alta,0,0,60.0,100.0,20.0,0.0,100.0,20.0,100.0,0.0,2.67,97.2,30,120,False,stable,Sinal neural do ST-GAT,100.0,Tensão territorial,20.0,Atividade recente e vizinhança,0.0,Sinal neural do ST-GAT: 100.0% | Tensão territorial: 20.0% | Atividade recente e vizinhança: 0.0%,"LAGOA REDONDA aparece na posição 4 de 109, com risco 27.0 e nível baixo; é prioridade imediata de acompanhamento.","O peso principal vem de sinal neural do st-gat, com suporte territorial de 20.0% e 0 registros recentes na janela de 30 dias.",Leitura sensível a ruído; requer conferência adicional antes de decisão forte.,O território está bem destacado no ranking frente aos pares.,"Verificar eventos recentes, pressão territorial e coerência com inteligência local antes da próxima atualização do ranking."
2026-06-12T15:38:21,2026-06-12,src/core/orchestrator.py:get_combined_risk,fortaleza_bairros_top30,5,CENTRO,CENTRO,fortaleza,bairro,25.63,baixo,43.8,muito baixa,89.5,muito alta,0,0,40.0,98.5,10.0,0.0,100.0,10.0,50.0,0.0,2.45,96.3,30,120,False,stable,Sinal neural do ST-GAT,98.5,Tensão territorial,10.0,Atividade recente e vizinhança,0.0,Sinal neural do ST-GAT: 98.5% | Tensão territorial: 10.0% | Atividade recente e vizinhança: 0.0%,"CENTRO aparece na posição 5 de 109, com risco 25.6 e nível baixo; é prioridade imediata de acompanhamento.","O peso principal vem de sinal neural do st-gat, com suporte territorial de 10.0% e 0 registros recentes na janela de 30 dias.",Leitura sensível a ruído; requer conferência adicional antes de decisão forte.,O território está bem destacado no ranking frente aos pares.,"Verificar eventos recentes, pressão territorial e coerência com inteligência local antes da próxima atualização do ranking."
2026-06-12T15:38:21,2026-06-12,src/core/orchestrator.py:get_combined_risk,fortaleza_bairros_top30,6,ANCURI,ANCURI,fortaleza,bairro,24.98,baixo,55.7,baixa,88.5,muito alta,0,1,36.0,66.6,50.0,0.0,80.0,50.0,40.0,50.0,2.34,95.4,30,120,False,stable,Sinal neural do ST-GAT,66.6,Tensão territorial,50.0,CVLI recente na janela de 30 dias,20.0,Sinal neural do ST-GAT: 66.6% | Tensão territorial: 50.0% | CVLI recente na janela de 30 dias: 20.0%,"ANCURI aparece na posição 6 de 109, com risco 25.0 e nível baixo; é prioridade alta de acompanhamento.","O peso principal vem de sinal neural do st-gat, com suporte territorial de 50.0% e 1 registros recentes na janela de 30 dias.",Leitura sensível a ruído; requer conferência adicional antes de decisão forte.,O território está bem destacado no ranking frente aos pares.,"Verificar eventos recentes, pressão territorial e coerência com inteligência local antes da próxima atualização do ranking."
2026-06-12T15:38:21,2026-06-12,src/core/orchestrator.py:get_combined_risk,fortaleza_bairros_top30,7,CAJAZEIRAS,CAJAZEIRAS,fortaleza,bairro,23.81,baixo,56.2,baixa,86.9,muito alta,0,1,35.0,70.5,50.0,0.0,93.3,50.0,37.5,50.0,2.14,94.4,30,120,False,stable,Sinal neural do ST-GAT,70.5,Tensão territorial,50.0,CVLI recente na janela de 30 dias,20.0,Sinal neural do ST-GAT: 70.5% | Tensão territorial: 50.0% | CVLI recente na janela de 30 dias: 20.0%,"CAJAZEIRAS aparece na posição 7 de 109, com risco 23.8 e nível baixo; é prioridade alta de acompanhamento.","O peso principal vem de sinal neural do st-gat, com suporte territorial de 50.0% e 1 registros recentes na janela de 30 dias.",Leitura sensível a ruído; requer conferência adicional antes de decisão forte.,O território está bem destacado no ranking frente aos pares.,"Verificar eventos recentes, pressão territorial e coerência com inteligência local antes da próxima atualização do ranking."
2026-06-12T15:38:21,2026-06-12,src/core/orchestrator.py:get_combined_risk,fortaleza_bairros_top30,8,PARQUE DOIS IRMAOS,PARQUE DOIS IRMAOS,fortaleza,bairro,22.54,baixo,53.1,muito baixa,85.4,muito alta,0,1,33.0,46.8,50.0,0.0,50.0,50.0,32.5,50.0,1.93,93.5,30,120,False,stable,Tensão territorial,50.0,Sinal neural do ST-GAT,46.8,CVLI recente na janela de 30 dias,20.0,Tensão territorial: 50.0% | Sinal neural do ST-GAT: 46.8% | CVLI recente na janela de 30 dias: 20.0%,"PARQUE DOIS IRMAOS aparece na posição 8 de 109, com risco 22.5 e nível baixo; é prioridade alta de acompanhamento.","O peso principal vem de tensão territorial, com suporte territorial de 50.0% e 1 registros recentes na janela de 30 dias.",Leitura sensível a ruído; requer conferência adicional antes de decisão forte.,O território está bem destacado no ranking frente aos pares.,"Verificar eventos recentes, pressão territorial e coerência com inteligência local antes da próxima atualização do ranking."
2026-06-12T15:38:21,2026-06-12,src/core/orchestrator.py:get_combined_risk,fortaleza_bairros_top30,9,QUINTINO CUNHA,QUINTINO CUNHA,fortaleza,bairro,20.52,baixo,44.1,muito baixa,83.2,alta,0,0,68.0,74.1,20.0,0.0,100.0,20.0,100.0,0.0,1.6,92.6,30,120,False,stable,Sinal neural do ST-GAT,74.1,Tensão territorial,20.0,Atividade recente e vizinhança,0.0,Sinal neural do ST-GAT: 74.1% | Tensão territorial: 20.0% | Atividade recente e vizinhança: 0.0%,"QUINTINO CUNHA aparece na posição 9 de 109, com risco 20.5 e nível baixo; é prioridade alta de acompanhamento.","O peso principal vem de sinal neural do st-gat, com suporte territorial de 20.0% e 0 registros recentes na janela de 30 dias.",Leitura sensível a ruído; requer conferência adicional antes de decisão forte.,"O território se diferencia do bloco intermediário, mas sem isolamento absoluto.","Verificar eventos recentes, pressão territorial e coerência com inteligência local antes da próxima atualização do ranking."
2026-06-12T15:38:21,2026-06-12,src/core/orchestrator.py:get_combined_risk,fortaleza_bairros_top30,10,SAO BENTO,SAO BENTO,fortaleza,bairro,20.32,baixo,53.0,muito baixa,82.5,alta,0,1,19.0,49.7,50.0,0.0,76.7,50.0,0.0,50.0,1.56,91.7,30,120,False,stable,Tensão territorial,50.0,Sinal neural do ST-GAT,49.7,CVLI recente na janela de 30 dias,20.0,Tensão territorial: 50.0% | Sinal neural do ST-GAT: 49.7% | CVLI recente na janela de 30 dias: 20.0%,"SAO BENTO aparece na posição 10 de 109, com risco 20.3 e nível baixo; é prioridade alta de acompanhamento.","O peso principal vem de tensão territorial, com suporte territorial de 50.0% e 1 registros recentes na janela de 30 dias.",Leitura sensível a ruído; requer conferência adicional antes de decisão forte.,"O território se diferencia do bloco intermediário, mas sem isolamento absoluto.","Verificar eventos recentes, pressão territorial e coerência com inteligência local antes da próxima atualização do ranking."
2026-06-12T15:38:21,2026-06-12,src/core/orchestrator.py:get_combined_risk,fortaleza_bairros_top30,11,JOSE WALTER,JOSE WALTER,fortaleza,bairro,20.1,baixo,43.9,muito baixa,81.7,alta,0,0,102.0,72.4,20.0,0.0,100.0,20.0,100.0,0.0,1.53,90.7,30,120,False,stable,Sinal neural do ST-GAT,72.4,Tensão territorial,20.0,Atividade recente e vizinhança,0.0,Sinal neural do ST-GAT: 72.4% | Tensão territorial: 20.0% | Atividade recente e vizinhança: 0.0%,"JOSE WALTER aparece na posição 11 de 109, com risco 20.1 e nível baixo; é território de atenção tática.","O peso principal vem de sinal neural do st-gat, com suporte territorial de 20.0% e 0 registros recentes na janela de 30 dias.",Leitura sensível a ruído; requer conferência adicional antes de decisão forte.,"O território se diferencia do bloco intermediário, mas sem isolamento absoluto.","Verificar eventos recentes, pressão territorial e coerência com inteligência local antes da próxima atualização do ranking."
2026-06-12T15:38:21,2026-06-12,src/core/orchestrator.py:get_combined_risk,fortaleza_bairros_top30,12,CURIO,CURIO,fortaleza,bairro,19.6,baixo,39.3,muito baixa,80.8,alta,0,0,26.0,77.2,3.0,0.0,100.0,3.0,15.0,0.0,1.44,89.8,30,120,False,stable,Sinal neural do ST-GAT,77.2,Tensão territorial,3.0,Atividade recente e vizinhança,0.0,Sinal neural do ST-GAT: 77.2% | Tensão territorial: 3.0% | Atividade recente e vizinhança: 0.0%,"CURIO aparece na posição 12 de 109, com risco 19.6 e nível baixo; é território de atenção tática.","O peso principal vem de sinal neural do st-gat, com suporte territorial de 3.0% e 0 registros recentes na janela de 30 dias.",Leitura sensível a ruído; requer conferência adicional antes de decisão forte.,"O território se diferencia do bloco intermediário, mas sem isolamento absoluto.","Verificar eventos recentes, pressão territorial e coerência com inteligência local antes da próxima atualização do ranking."
2026-06-12T15:38:21,2026-06-12,src/core/orchestrator.py:get_combined_risk,fortaleza_bairros_top30,13,ALVARO WEYNE,ALVARO WEYNE,fortaleza,bairro,17.66,baixo,53.7,muito baixa,78.7,alta,0,1,28.0,35.3,50.0,0.0,56.7,50.0,20.0,50.0,1.12,88.9,30,120,False,stable,Tensão territorial,50.0,Sinal neural do ST-GAT,35.3,CVLI recente na janela de 30 dias,20.0,Tensão territorial: 50.0% | Sinal neural do ST-GAT: 35.3% | CVLI recente na janela de 30 dias: 20.0%,"ALVARO WEYNE aparece na posição 13 de 109, com risco 17.7 e nível baixo; é território de atenção tática.","O peso principal vem de tensão territorial, com suporte territorial de 50.0% e 1 registros recentes na janela de 30 dias.",Leitura sensível a ruído; requer conferência adicional antes de decisão forte.,"O território se diferencia do bloco intermediário, mas sem isolamento absoluto.","Verificar eventos recentes, pressão territorial e coerência com inteligência local antes da próxima atualização do ranking."
2026-06-12T15:38:21,2026-06-12,src/core/orchestrator.py:get_combined_risk,fortaleza_bairros_top30,14,GRANJA PORTUGAL,GRANJA PORTUGAL,fortaleza,bairro,17.31,baixo,42.3,muito baixa,77.9,alta,0,0,57.0,61.8,18.5,0.0,100.0,18.5,92.5,0.0,1.06,88.0,30,120,False,stable,Sinal neural do ST-GAT,61.8,Tensão territorial,18.5,Atividade recente e vizinhança,0.0,Sinal neural do ST-GAT: 61.8% | Tensão territorial: 18.5% | Atividade recente e vizinhança: 0.0%,"GRANJA PORTUGAL aparece na posição 14 de 109, com risco 17.3 e nível baixo; é território de atenção tática.","O peso principal vem de sinal neural do st-gat, com suporte territorial de 18.5% e 0 registros recentes na janela de 30 dias.",Leitura sensível a ruído; requer conferência adicional antes de decisão forte.,"O território se diferencia do bloco intermediário, mas sem isolamento absoluto.","Verificar eventos recentes, pressão territorial e coerência com inteligência local antes da próxima atualização do ranking."
2026-06-12T15:38:21,2026-06-12,src/core/orchestrator.py:get_combined_risk,fortaleza_bairros_top30,15,JOAO,JOAO,fortaleza,bairro,17.27,baixo,53.7,muito baixa,77.3,alta,0,1,10.0,35.9,50.0,0.0,63.3,50.0,0.0,50.0,1.06,87.0,30,120,False,stable,Tensão territorial,50.0,Sinal neural do ST-GAT,35.9,CVLI recente na janela de 30 dias,20.0,Tensão territorial: 50.0% | Sinal neural do ST-GAT: 35.9% | CVLI recente na janela de 30 dias: 20.0%,"JOAO aparece na posição 15 de 109, com risco 17.3 e nível baixo; é território de atenção tática.","O peso principal vem de tensão territorial, com suporte territorial de 50.0% e 1 registros recentes na janela de 30 dias.",Leitura sensível a ruído; requer conferência adicional antes de decisão forte.,"O território se diferencia do bloco intermediário, mas sem isolamento absoluto.","Verificar eventos recentes, pressão territorial e coerência com inteligência local antes da próxima atualização do ranking."
2026-06-12T15:38:21,2026-06-12,src/core/orchestrator.py:get_combined_risk,fortaleza_bairros_top30,16,MONDUBIM,MONDUBIM,fortaleza,bairro,16.5,baixo,42.3,muito baixa,76.1,alta,0,0,92.0,58.0,20.0,0.0,100.0,20.0,100.0,0.0,0.93,86.1,30,120,False,stable,Sinal neural do ST-GAT,58.0,Tensão territorial,20.0,Atividade recente e vizinhança,0.0,Sinal neural do ST-GAT: 58.0% | Tensão territorial: 20.0% | Atividade recente e vizinhança: 0.0%,"MONDUBIM aparece na posição 16 de 109, com risco 16.5 e nível baixo; é território de atenção tática.","O peso principal vem de sinal neural do st-gat, com suporte territorial de 20.0% e 0 registros recentes na janela de 30 dias.",Leitura sensível a ruído; requer conferência adicional antes de decisão forte.,"O território se diferencia do bloco intermediário, mas sem isolamento absoluto.","Verificar eventos recentes, pressão territorial e coerência com inteligência local antes da próxima atualização do ranking."
2026-06-12T15:38:21,2026-06-12,src/core/orchestrator.py:get_combined_risk,fortaleza_bairros_top30,17,BOM JARDIM,BOM JARDIM,fortaleza,bairro,16.03,baixo,41.4,muito baixa,75.2,alta,0,0,54.0,57.3,17.0,0.0,100.0,17.0,85.0,0.0,0.85,85.2,30,120,False,stable,Sinal neural do ST-GAT,57.3,Tensão territorial,17.0,Atividade recente e vizinhança,0.0,Sinal neural do ST-GAT: 57.3% | Tensão territorial: 17.0% | Atividade recente e vizinhança: 0.0%,"BOM JARDIM aparece na posição 17 de 109, com risco 16.0 e nível baixo; é território de atenção tática.","O peso principal vem de sinal neural do st-gat, com suporte territorial de 17.0% e 0 registros recentes na janela de 30 dias.",Leitura sensível a ruído; requer conferência adicional antes de decisão forte.,"O território se diferencia do bloco intermediário, mas sem isolamento absoluto.","Verificar eventos recentes, pressão territorial e coerência com inteligência local antes da próxima atualização do ranking."
2026-06-12T15:38:21,2026-06-12,src/core/orchestrator.py:get_combined_risk,fortaleza_bairros_top30,18,FLORESTA,FLORESTA,fortaleza,bairro,15.94,baixo,37.7,muito baixa,74.6,alta,0,0,26.0,62.6,3.0,0.0,100.0,3.0,15.0,0.0,0.84,84.3,30,120,False,stable,Sinal neural do ST-GAT,62.6,Tensão territorial,3.0,Atividade recente e vizinhança,0.0,Sinal neural do ST-GAT: 62.6% | Tensão territorial: 3.0% | Atividade recente e vizinhança: 0.0%,"FLORESTA aparece na posição 18 de 109, com risco 15.9 e nível baixo; é território de atenção tática.","O peso principal vem de sinal neural do st-gat, com suporte territorial de 3.0% e 0 registros recentes na janela de 30 dias.",Leitura sensível a ruído; requer conferência adicional antes de decisão forte.,"O território se diferencia do bloco intermediário, mas sem isolamento absoluto.","Verificar eventos recentes, pressão territorial e coerência com inteligência local antes da próxima atualização do ranking."
2026-06-12T15:38:21,2026-06-12,src/core/orchestrator.py:get_combined_risk,fortaleza_bairros_top30,19,MESSEJANA,MESSEJANA,fortaleza,bairro,15.52,baixo,41.8,muito baixa,73.7,alta,0,0,116.0,54.1,20.0,0.0,100.0,20.0,100.0,0.0,0.77,83.3,30,120,False,stable,Sinal neural do ST-GAT,54.1,Tensão territorial,20.0,Atividade recente e vizinhança,0.0,Sinal neural do ST-GAT: 54.1% | Tensão territorial: 20.0% | Atividade recente e vizinhança: 0.0%,"MESSEJANA aparece na posição 19 de 109, com risco 15.5 e nível baixo; é território de atenção tática.","O peso principal vem de sinal neural do st-gat, com suporte territorial de 20.0% e 0 registros recentes na janela de 30 dias.",Leitura sensível a ruído; requer conferência adicional antes de decisão forte.,"O território se diferencia do bloco intermediário, mas sem isolamento absoluto.","Verificar eventos recentes, pressão territorial e coerência com inteligência local antes da próxima atualização do ranking."
2026-06-12T15:38:21,2026-06-12,src/core/orchestrator.py:get_combined_risk,fortaleza_bairros_top30,20,VICENTE PINZON,VICENTE PINZON,fortaleza,bairro,15.2,baixo,41.3,muito baixa,72.9,alta,0,0,57.0,53.4,18.5,0.0,100.0,18.5,92.5,0.0,0.71,82.4,30,120,False,stable,Sinal neural do ST-GAT,53.4,Tensão territorial,18.5,Atividade recente e vizinhança,0.0,Sinal neural do ST-GAT: 53.4% | Tensão territorial: 18.5% | Atividade recente e vizinhança: 0.0%,"VICENTE PINZON aparece na posição 20 de 109, com risco 15.2 e nível baixo; é território de atenção tática.","O peso principal vem de sinal neural do st-gat, com suporte territorial de 18.5% e 0 registros recentes na janela de 30 dias.",Leitura sensível a ruído; requer conferência adicional antes de decisão forte.,"O território se diferencia do bloco intermediário, mas sem isolamento absoluto.","Verificar eventos recentes, pressão territorial e coerência com inteligência local antes da próxima atualização do ranking."
2026-06-12T15:38:21,2026-06-12,src/core/orchestrator.py:get_combined_risk,fortaleza_bairros_top30,21,BARROSO,BARROSO,fortaleza,bairro,14.99,baixo,41.6,muito baixa,72.2,alta,0,0,72.0,52.0,20.0,0.0,100.0,20.0,100.0,0.0,0.68,81.5,30,120,False,stable,Sinal neural do ST-GAT,52.0,Tensão territorial,20.0,Atividade recente e vizinhança,0.0,Sinal neural do ST-GAT: 52.0% | Tensão territorial: 20.0% | Atividade recente e vizinhança: 0.0%,"BARROSO aparece na posição 21 de 109, com risco 15.0 e nível baixo; é território de atenção tática.","O peso principal vem de sinal neural do st-gat, com suporte territorial de 20.0% e 0 registros recentes na janela de 30 dias.",Leitura sensível a ruído; requer conferência adicional antes de decisão forte.,"O território se diferencia do bloco intermediário, mas sem isolamento absoluto.","Verificar eventos recentes, pressão territorial e coerência com inteligência local antes da próxima atualização do ranking."
2026-06-12T15:38:21,2026-06-12,src/core/orchestrator.py:get_combined_risk,fortaleza_bairros_top30,22,BENFICA,BENFICA,fortaleza,bairro,14.38,baixo,36.2,muito baixa,71.1,alta,0,0,7.0,57.5,0.0,0.0,100.0,0.0,0.0,0.0,0.58,80.6,30,120,False,stable,Sinal neural do ST-GAT,57.5,Tensão territorial,0.0,Atividade recente e vizinhança,0.0,Sinal neural do ST-GAT: 57.5% | Tensão territorial: 0.0% | Atividade recente e vizinhança: 0.0%,"BENFICA aparece na posição 22 de 109, com risco 14.4 e nível baixo; é território de atenção tática.","O peso principal vem de sinal neural do st-gat, com suporte territorial de 0.0% e 0 registros recentes na janela de 30 dias.",Leitura sensível a ruído; requer conferência adicional antes de decisão forte.,"O território se diferencia do bloco intermediário, mas sem isolamento absoluto.","Verificar eventos recentes, pressão territorial e coerência com inteligência local antes da próxima atualização do ranking."
2026-06-12T15:38:21,2026-06-12,src/core/orchestrator.py:get_combined_risk,fortaleza_bairros_top30,23,CAMBEBA,CAMBEBA,fortaleza,bairro,14.0,baixo,36.1,muito baixa,70.2,alta,0,0,10.0,56.0,0.0,0.0,100.0,0.0,0.0,0.0,0.51,79.6,30,120,False,stable,Sinal neural do ST-GAT,56.0,Tensão territorial,0.0,Atividade recente e vizinhança,0.0,Sinal neural do ST-GAT: 56.0% | Tensão territorial: 0.0% | Atividade recente e vizinhança: 0.0%,"CAMBEBA aparece na posição 23 de 109, com risco 14.0 e nível baixo; é território de atenção tática.","O peso principal vem de sinal neural do st-gat, com suporte territorial de 0.0% e 0 registros recentes na janela de 30 dias.",Leitura sensível a ruído; requer conferência adicional antes de decisão forte.,"O território se diferencia do bloco intermediário, mas sem isolamento absoluto.","Verificar eventos recentes, pressão territorial e coerência com inteligência local antes da próxima atualização do ranking."
2026-06-12T15:38:21,2026-06-12,src/core/orchestrator.py:get_combined_risk,fortaleza_bairros_top30,24,PASSARE,PASSARE,fortaleza,bairro,13.48,baixo,40.8,muito baixa,69.3,moderada,0,0,65.0,45.9,20.0,0.0,100.0,20.0,100.0,0.0,0.43,78.7,30,120,False,stable,Sinal neural do ST-GAT,45.9,Tensão territorial,20.0,Atividade recente e vizinhança,0.0,Sinal neural do ST-GAT: 45.9% | Tensão territorial: 20.0% | Atividade recente e vizinhança: 0.0%,"PASSARE aparece na posição 24 de 109, com risco 13.5 e nível baixo; é território de atenção tática.","O peso principal vem de sinal neural do st-gat, com suporte territorial de 20.0% e 0 registros recentes na janela de 30 dias.",Leitura sensível a ruído; requer conferência adicional antes de decisão forte.,O território está próximo de pares vizinhos e pode oscilar no próximo ciclo.,"Verificar eventos recentes, pressão territorial e coerência com inteligência local antes da próxima atualização do ranking."
2026-06-12T15:38:21,2026-06-12,src/core/orchestrator.py:get_combined_risk,fortaleza_bairros_top30,25,GRANJA LISBOA,GRANJA LISBOA,fortaleza,bairro,13.29,baixo,40.7,muito baixa,68.6,moderada,0,0,110.0,45.2,20.0,0.0,100.0,20.0,100.0,0.0,0.39,77.8,30,120,False,stable,Sinal neural do ST-GAT,45.2,Tensão territorial,20.0,Atividade recente e vizinhança,0.0,Sinal neural do ST-GAT: 45.2% | Tensão territorial: 20.0% | Atividade recente e vizinhança: 0.0%,"GRANJA LISBOA aparece na posição 25 de 109, com risco 13.3 e nível baixo; é território de atenção tática.","O peso principal vem de sinal neural do st-gat, com suporte territorial de 20.0% e 0 registros recentes na janela de 30 dias.",Leitura sensível a ruído; requer conferência adicional antes de decisão forte.,O território está próximo de pares vizinhos e pode oscilar no próximo ciclo.,"Verificar eventos recentes, pressão territorial e coerência com inteligência local antes da próxima atualização do ranking."
2026-06-12T15:38:21,2026-06-12,src/core/orchestrator.py:get_combined_risk,fortaleza_bairros_top30,26,TABAPUA,TABAPUA,fortaleza,bairro,13.07,baixo,36.5,muito baixa,67.9,moderada,0,0,26.0,51.1,3.0,0.0,100.0,3.0,15.0,0.0,0.36,76.9,30,120,False,stable,Sinal neural do ST-GAT,51.1,Tensão territorial,3.0,Atividade recente e vizinhança,0.0,Sinal neural do ST-GAT: 51.1% | Tensão territorial: 3.0% | Atividade recente e vizinhança: 0.0%,"TABAPUA aparece na posição 26 de 109, com risco 13.1 e nível baixo; é território de atenção tática.","O peso principal vem de sinal neural do st-gat, com suporte territorial de 3.0% e 0 registros recentes na janela de 30 dias.",Leitura sensível a ruído; requer conferência adicional antes de decisão forte.,O território está próximo de pares vizinhos e pode oscilar no próximo ciclo.,"Verificar eventos recentes, pressão territorial e coerência com inteligência local antes da próxima atualização do ranking."
2026-06-12T15:38:21,2026-06-12,src/core/orchestrator.py:get_combined_risk,fortaleza_bairros_top30,27,PAPICU,PAPICU,fortaleza,bairro,12.84,baixo,36.5,muito baixa,67.1,moderada,0,0,27.0,49.9,3.5,0.0,100.0,3.5,17.5,0.0,0.32,75.9,30,120,False,stable,Sinal neural do ST-GAT,49.9,Tensão territorial,3.5,Atividade recente e vizinhança,0.0,Sinal neural do ST-GAT: 49.9% | Tensão territorial: 3.5% | Atividade recente e vizinhança: 0.0%,"PAPICU aparece na posição 27 de 109, com risco 12.8 e nível baixo; é território de atenção tática.","O peso principal vem de sinal neural do st-gat, com suporte territorial de 3.5% e 0 registros recentes na janela de 30 dias.",Leitura sensível a ruído; requer conferência adicional antes de decisão forte.,O território está próximo de pares vizinhos e pode oscilar no próximo ciclo.,"Verificar eventos recentes, pressão territorial e coerência com inteligência local antes da próxima atualização do ranking."
2026-06-12T15:38:21,2026-06-12,src/core/orchestrator.py:get_combined_risk,fortaleza_bairros_top30,28,VILA VELHA,VILA VELHA,fortaleza,bairro,12.74,baixo,38.7,muito baixa,66.5,moderada,0,0,44.0,46.2,12.0,0.0,100.0,12.0,60.0,0.0,0.3,75.0,30,120,False,stable,Sinal neural do ST-GAT,46.2,Tensão territorial,12.0,Atividade recente e vizinhança,0.0,Sinal neural do ST-GAT: 46.2% | Tensão territorial: 12.0% | Atividade recente e vizinhança: 0.0%,"VILA VELHA aparece na posição 28 de 109, com risco 12.7 e nível baixo; é território de atenção tática.","O peso principal vem de sinal neural do st-gat, com suporte territorial de 12.0% e 0 registros recentes na janela de 30 dias.",Leitura sensível a ruído; requer conferência adicional antes de decisão forte.,O território está próximo de pares vizinhos e pode oscilar no próximo ciclo.,"Verificar eventos recentes, pressão territorial e coerência com inteligência local antes da próxima atualização do ranking."
2026-06-12T15:38:21,2026-06-12,src/core/orchestrator.py:get_combined_risk,fortaleza_bairros_top30,29,SIQUEIRA,SIQUEIRA,fortaleza,bairro,12.17,baixo,40.2,muito baixa,65.5,moderada,0,0,103.0,40.7,20.0,0.0,100.0,20.0,100.0,0.0,0.21,74.1,30,120,False,stable,Sinal neural do ST-GAT,40.7,Tensão territorial,20.0,Atividade recente e vizinhança,0.0,Sinal neural do ST-GAT: 40.7% | Tensão territorial: 20.0% | Atividade recente e vizinhança: 0.0%,"SIQUEIRA aparece na posição 29 de 109, com risco 12.2 e nível baixo; é território de atenção tática.","O peso principal vem de sinal neural do st-gat, com suporte territorial de 20.0% e 0 registros recentes na janela de 30 dias.",Leitura sensível a ruído; requer conferência adicional antes de decisão forte.,O território está próximo de pares vizinhos e pode oscilar no próximo ciclo.,"Verificar eventos recentes, pressão territorial e coerência com inteligência local antes da próxima atualização do ranking."
2026-06-12T15:38:21,2026-06-12,src/core/orchestrator.py:get_combined_risk,fortaleza_bairros_top30,30,PARQUE LEBLON,PARQUE LEBLON,fortaleza,bairro,12.14,baixo,35.3,muito baixa,64.8,moderada,0,0,7.0,48.6,0.0,0.0,100.0,0.0,0.0,0.0,0.2,73.1,30,120,False,stable,Sinal neural do ST-GAT,48.6,Tensão territorial,0.0,Atividade recente e vizinhança,0.0,Sinal neural do ST-GAT: 48.6% | Tensão territorial: 0.0% | Atividade recente e vizinhança: 0.0%,"PARQUE LEBLON aparece na posição 30 de 109, com risco 12.1 e nível baixo; é território de atenção tática.","O peso principal vem de sinal neural do st-gat, com suporte territorial de 0.0% e 0 registros recentes na janela de 30 dias.",Leitura sensível a ruído; requer conferência adicional antes de decisão forte.,O território está próximo de pares vizinhos e pode oscilar no próximo ciclo.,"Verificar eventos recentes, pressão territorial e coerência com inteligência local antes da próxima atualização do ranking."
