snapshot_generated_at,data_limit,source,scope,rank,name,name_normalized,region,territorial_level,risk_score,risk_level,confidence_pct,confidence_label,expressiveness_pct,expressiveness_label,recent_cvli_14d,recent_cvli_30d,historical_cvli,neural_score,tension_score,inclusion_score,calm_penalty,territorial_support_pct,historical_support_pct,live_support_pct,score_z,peer_percentile,dynamic_window_days,base_window_days,historical_fallback,trend,top_driver_1,top_driver_1_strength_pct,top_driver_2,top_driver_2_strength_pct,top_driver_3,top_driver_3_strength_pct,explainability_summary,leitura_rapida_gestor,por_que_importa_gestor,confianca_limites_gestor,expressividade_previsao_gestor,proxima_acao_gestor
2026-05-26T08:42:21,2026-05-25,src/core/orchestrator.py:get_combined_risk,cities_general_top30,1,MARACANAU,MARACANAU,rmf,cidade,85.33,crítico,53.9,muito baixa,97.9,muito alta,0,0,629.0,100.0,100.0,0.0,46.7,100.0,100.0,0.0,3.74,100.0,30,14,True,stable,Sinal neural do ST-GAT,100.0,Tensão territorial,100.0,Fallback histórico ativado,55.0,Sinal neural do ST-GAT: 100.0% | Tensão territorial: 100.0% | Fallback histórico ativado: 55.0%,"MARACANAU aparece na posição 1 de 69, com risco 85.3 e nível crítico; é prioridade imediata de acompanhamento.","O peso principal vem de sinal neural do st-gat, com suporte territorial de 100.0% e 0 registros recentes na janela de 30 dias.",Leitura mais fraca; parte do peso vem de fallback histórico e deve ser confirmada em campo.,O território está bem destacado no ranking frente aos pares.,"Verificar eventos recentes, pressão territorial e coerência com inteligência local antes da próxima atualização do ranking."
2026-05-26T08:42:21,2026-05-25,src/core/orchestrator.py:get_combined_risk,cities_general_top30,2,CAUCAIA,CAUCAIA,rmf,cidade,83.32,crítico,54.1,muito baixa,96.5,muito alta,0,0,611.0,96.0,100.0,0.0,46.7,100.0,100.0,0.0,3.63,98.5,30,14,True,stable,Tensão territorial,100.0,Sinal neural do ST-GAT,96.0,Fallback histórico ativado,55.0,Tensão territorial: 100.0% | Sinal neural do ST-GAT: 96.0% | Fallback histórico ativado: 55.0%,"CAUCAIA aparece na posição 2 de 69, com risco 83.3 e nível crítico; é prioridade imediata de acompanhamento.","O peso principal vem de tensão territorial, com suporte territorial de 100.0% e 0 registros recentes na janela de 30 dias.",Leitura mais fraca; parte do peso vem de fallback histórico e deve ser confirmada em campo.,O território está bem destacado no ranking frente aos pares.,"Verificar eventos recentes, pressão territorial e coerência com inteligência local antes da próxima atualização do ranking."
2026-05-26T08:42:21,2026-05-25,src/core/orchestrator.py:get_combined_risk,cities_general_top30,3,ITAPAJE,ITAPAJE,interior,cidade,75.89,crítico,91.5,alta,93.7,muito alta,3,3,45.0,75.2,100.0,100.0,3.3,100.0,62.5,100.0,3.22,97.1,14,14,False,stable,Atividade recente e vizinhança,100.0,Tensão territorial,100.0,Sinal neural do ST-GAT,75.2,Atividade recente e vizinhança: 100.0% | Tensão territorial: 100.0% | Sinal neural do ST-GAT: 75.2%,"ITAPAJE aparece na posição 3 de 69, com risco 75.9 e nível crítico; é prioridade imediata de acompanhamento.","O peso principal vem de atividade recente e vizinhança, com suporte territorial de 100.0% e 3 registros recentes na janela de 30 dias.",Leitura com boa sustentação dos sinais atuais.,O território está bem destacado no ranking frente aos pares.,"Verificar eventos recentes, pressão territorial e coerência com inteligência local antes da próxima atualização do ranking."
2026-05-26T08:42:21,2026-05-25,src/core/orchestrator.py:get_combined_risk,cities_general_top30,4,TIANGUA,TIANGUA,interior,cidade,58.0,alto,77.9,moderada,88.1,muito alta,1,1,76.0,100.0,100.0,50.0,40.0,100.0,100.0,100.0,2.23,95.6,14,14,False,stable,Sinal neural do ST-GAT,100.0,Tensão territorial,100.0,Atividade recente e vizinhança,50.0,Sinal neural do ST-GAT: 100.0% | Tensão territorial: 100.0% | Atividade recente e vizinhança: 50.0%,"TIANGUA aparece na posição 4 de 69, com risco 58.0 e nível alto; é prioridade imediata de acompanhamento.","O peso principal vem de sinal neural do st-gat, com suporte territorial de 100.0% e 1 registros recentes na janela de 30 dias.","Leitura consistente, mas ainda pede validação operacional pontual.",O território está bem destacado no ranking frente aos pares.,"Verificar eventos recentes, pressão territorial e coerência com inteligência local antes da próxima atualização do ranking."
2026-05-26T08:42:21,2026-05-25,src/core/orchestrator.py:get_combined_risk,cities_general_top30,5,VARZEA ALEGRE,VARZEA ALEGRE,interior,cidade,49.2,moderado,78.9,moderada,84.8,alta,1,1,16.0,71.5,100.0,50.0,46.7,100.0,0.0,100.0,1.74,94.1,14,14,False,stable,Tensão territorial,100.0,Sinal neural do ST-GAT,71.5,Atividade recente e vizinhança,50.0,Tensão territorial: 100.0% | Sinal neural do ST-GAT: 71.5% | Atividade recente e vizinhança: 50.0%,"VARZEA ALEGRE aparece na posição 5 de 69, com risco 49.2 e nível moderado; é prioridade imediata de acompanhamento.","O peso principal vem de tensão territorial, com suporte territorial de 100.0% e 1 registros recentes na janela de 30 dias.","Leitura consistente, mas ainda pede validação operacional pontual.","O território se diferencia do bloco intermediário, mas sem isolamento absoluto.","Verificar eventos recentes, pressão territorial e coerência com inteligência local antes da próxima atualização do ranking."
2026-05-26T08:42:21,2026-05-25,src/core/orchestrator.py:get_combined_risk,cities_general_top30,6,ALTO SANTO,ALTO SANTO,interior,cidade,42.28,moderado,77.6,moderada,82.1,alta,1,1,22.0,45.8,100.0,50.0,46.7,100.0,5.0,100.0,1.36,92.6,14,14,False,stable,Tensão territorial,100.0,Atividade recente e vizinhança,50.0,Sinal neural do ST-GAT,45.8,Tensão territorial: 100.0% | Atividade recente e vizinhança: 50.0% | Sinal neural do ST-GAT: 45.8%,"ALTO SANTO aparece na posição 6 de 69, com risco 42.3 e nível moderado; é prioridade alta de acompanhamento.","O peso principal vem de tensão territorial, com suporte territorial de 100.0% e 1 registros recentes na janela de 30 dias.","Leitura consistente, mas ainda pede validação operacional pontual.","O território se diferencia do bloco intermediário, mas sem isolamento absoluto.","Verificar eventos recentes, pressão territorial e coerência com inteligência local antes da próxima atualização do ranking."
2026-05-26T08:42:21,2026-05-25,src/core/orchestrator.py:get_combined_risk,cities_general_top30,7,GROAIRAS,GROAIRAS,interior,cidade,41.01,moderado,76.6,moderada,80.9,alta,1,1,48.0,34.3,100.0,50.0,16.7,100.0,70.0,100.0,1.29,91.2,14,14,False,stable,Tensão territorial,100.0,Atividade recente e vizinhança,50.0,Sinal neural do ST-GAT,34.3,Tensão territorial: 100.0% | Atividade recente e vizinhança: 50.0% | Sinal neural do ST-GAT: 34.3%,"GROAIRAS aparece na posição 7 de 69, com risco 41.0 e nível moderado; é prioridade alta de acompanhamento.","O peso principal vem de tensão territorial, com suporte territorial de 100.0% e 1 registros recentes na janela de 30 dias.","Leitura consistente, mas ainda pede validação operacional pontual.","O território se diferencia do bloco intermediário, mas sem isolamento absoluto.","Verificar eventos recentes, pressão territorial e coerência com inteligência local antes da próxima atualização do ranking."
2026-05-26T08:42:21,2026-05-25,src/core/orchestrator.py:get_combined_risk,cities_general_top30,8,POTENGI,POTENGI,interior,cidade,33.04,moderado,65.7,baixa,77.9,alta,1,1,6.0,45.6,0.0,50.0,36.7,100.0,0.0,100.0,0.85,89.7,14,14,False,stable,Atividade recente e vizinhança,50.0,Sinal neural do ST-GAT,45.6,CVLI recente na janela de 30 dias,20.0,Atividade recente e vizinhança: 50.0% | Sinal neural do ST-GAT: 45.6% | CVLI recente na janela de 30 dias: 20.0%,"POTENGI aparece na posição 8 de 69, com risco 33.0 e nível moderado; é prioridade alta de acompanhamento.","O peso principal vem de atividade recente e vizinhança, com suporte territorial de 100.0% e 1 registros recentes na janela de 30 dias.",Leitura sensível a ruído; requer conferência adicional antes de decisão forte.,"O território se diferencia do bloco intermediário, mas sem isolamento absoluto.","Verificar eventos recentes, pressão territorial e coerência com inteligência local antes da próxima atualização do ranking."
2026-05-26T08:42:21,2026-05-25,src/core/orchestrator.py:get_combined_risk,cities_general_top30,9,CARIRE,CARIRE,interior,cidade,31.07,moderado,73.2,moderada,76.5,alta,1,1,22.0,4.0,100.0,50.0,46.7,100.0,5.0,100.0,0.74,88.2,14,14,False,stable,Tensão territorial,100.0,Atividade recente e vizinhança,50.0,CVLI recente na janela de 30 dias,20.0,Tensão territorial: 100.0% | Atividade recente e vizinhança: 50.0% | CVLI recente na janela de 30 dias: 20.0%,"CARIRE aparece na posição 9 de 69, com risco 31.1 e nível moderado; é prioridade alta de acompanhamento.","O peso principal vem de tensão territorial, com suporte territorial de 100.0% e 1 registros recentes na janela de 30 dias.","Leitura consistente, mas ainda pede validação operacional pontual.","O território se diferencia do bloco intermediário, mas sem isolamento absoluto.","Verificar eventos recentes, pressão territorial e coerência com inteligência local antes da próxima atualização do ranking."
2026-05-26T08:42:21,2026-05-25,src/core/orchestrator.py:get_combined_risk,cities_general_top30,10,LIMOEIRO DO NORTE,LIMOEIRO DO NORTE,interior,cidade,29.65,baixo,54.2,muito baixa,75.3,alta,0,0,40.0,91.9,50.0,0.0,46.7,50.0,50.0,0.0,0.67,86.8,14,14,False,stable,Sinal neural do ST-GAT,91.9,Tensão territorial,50.0,Atividade recente e vizinhança,0.0,Sinal neural do ST-GAT: 91.9% | Tensão territorial: 50.0% | Atividade recente e vizinhança: 0.0%,"LIMOEIRO DO NORTE aparece na posição 10 de 69, com risco 29.6 e nível baixo; é prioridade alta de acompanhamento.","O peso principal vem de sinal neural do st-gat, com suporte territorial de 50.0% e 0 registros recentes na janela de 30 dias.",Leitura sensível a ruído; requer conferência adicional antes de decisão forte.,"O território se diferencia do bloco intermediário, mas sem isolamento absoluto.","Verificar eventos recentes, pressão territorial e coerência com inteligência local antes da próxima atualização do ranking."
2026-05-26T08:42:21,2026-05-25,src/core/orchestrator.py:get_combined_risk,cities_general_top30,11,SOBRAL,SOBRAL,interior,cidade,26.96,baixo,67.6,baixa,73.7,alta,0,0,64.0,63.2,100.0,0.0,46.7,100.0,100.0,0.0,0.52,85.3,14,14,False,stable,Tensão territorial,100.0,Sinal neural do ST-GAT,63.2,Atividade recente e vizinhança,0.0,Tensão territorial: 100.0% | Sinal neural do ST-GAT: 63.2% | Atividade recente e vizinhança: 0.0%,"SOBRAL aparece na posição 11 de 69, com risco 27.0 e nível baixo; é território de atenção tática.","O peso principal vem de tensão territorial, com suporte territorial de 100.0% e 0 registros recentes na janela de 30 dias.",Leitura sensível a ruído; requer conferência adicional antes de decisão forte.,"O território se diferencia do bloco intermediário, mas sem isolamento absoluto.","Verificar eventos recentes, pressão territorial e coerência com inteligência local antes da próxima atualização do ranking."
2026-05-26T08:42:21,2026-05-25,src/core/orchestrator.py:get_combined_risk,cities_general_top30,12,URUBURETAMA,URUBURETAMA,interior,cidade,25.96,baixo,42.6,muito baixa,72.5,alta,0,0,23.0,94.0,7.5,0.0,46.7,7.5,7.5,0.0,0.46,83.8,14,14,False,stable,Sinal neural do ST-GAT,94.0,Tensão territorial,7.5,Atividade recente e vizinhança,0.0,Sinal neural do ST-GAT: 94.0% | Tensão territorial: 7.5% | Atividade recente e vizinhança: 0.0%,"URUBURETAMA aparece na posição 12 de 69, com risco 26.0 e nível baixo; é território de atenção tática.","O peso principal vem de sinal neural do st-gat, com suporte territorial de 7.5% e 0 registros recentes na janela de 30 dias.",Leitura sensível a ruído; requer conferência adicional antes de decisão forte.,"O território se diferencia do bloco intermediário, mas sem isolamento absoluto.","Verificar eventos recentes, pressão territorial e coerência com inteligência local antes da próxima atualização do ranking."
2026-05-26T08:42:21,2026-05-25,src/core/orchestrator.py:get_combined_risk,cities_general_top30,13,OROS,OROS,interior,cidade,25.51,baixo,40.3,muito baixa,71.5,alta,0,0,13.0,95.1,0.0,0.0,46.7,0.0,0.0,0.0,0.44,82.4,14,14,False,stable,Sinal neural do ST-GAT,95.1,Tensão territorial,0.0,Atividade recente e vizinhança,0.0,Sinal neural do ST-GAT: 95.1% | Tensão territorial: 0.0% | Atividade recente e vizinhança: 0.0%,"OROS aparece na posição 13 de 69, com risco 25.5 e nível baixo; é território de atenção tática.","O peso principal vem de sinal neural do st-gat, com suporte territorial de 0.0% e 0 registros recentes na janela de 30 dias.",Leitura sensível a ruído; requer conferência adicional antes de decisão forte.,"O território se diferencia do bloco intermediário, mas sem isolamento absoluto.","Verificar eventos recentes, pressão territorial e coerência com inteligência local antes da próxima atualização do ranking."
2026-05-26T08:42:21,2026-05-25,src/core/orchestrator.py:get_combined_risk,cities_general_top30,14,JIJOCA DE JERICOACOARA,JIJOCA DE JERICOACOARA,interior,cidade,25.21,baixo,40.2,muito baixa,70.6,alta,0,0,18.0,94.0,0.0,0.0,46.7,0.0,0.0,0.0,0.42,80.9,14,14,False,stable,Sinal neural do ST-GAT,94.0,Tensão territorial,0.0,Atividade recente e vizinhança,0.0,Sinal neural do ST-GAT: 94.0% | Tensão territorial: 0.0% | Atividade recente e vizinhança: 0.0%,"JIJOCA DE JERICOACOARA aparece na posição 14 de 69, com risco 25.2 e nível baixo; é território de atenção tática.","O peso principal vem de sinal neural do st-gat, com suporte territorial de 0.0% e 0 registros recentes na janela de 30 dias.",Leitura sensível a ruído; requer conferência adicional antes de decisão forte.,"O território se diferencia do bloco intermediário, mas sem isolamento absoluto.","Verificar eventos recentes, pressão territorial e coerência com inteligência local antes da próxima atualização do ranking."
2026-05-26T08:42:21,2026-05-25,src/core/orchestrator.py:get_combined_risk,cities_general_top30,15,ACOPIARA,ACOPIARA,interior,cidade,25.21,baixo,40.2,muito baixa,69.7,moderada,0,0,14.0,94.0,0.0,0.0,46.7,0.0,0.0,0.0,0.42,79.4,14,14,False,stable,Sinal neural do ST-GAT,94.0,Tensão territorial,0.0,Atividade recente e vizinhança,0.0,Sinal neural do ST-GAT: 94.0% | Tensão territorial: 0.0% | Atividade recente e vizinhança: 0.0%,"ACOPIARA aparece na posição 15 de 69, com risco 25.2 e nível baixo; é território de atenção tática.","O peso principal vem de sinal neural do st-gat, com suporte territorial de 0.0% e 0 registros recentes na janela de 30 dias.",Leitura sensível a ruído; requer conferência adicional antes de decisão forte.,O território está próximo de pares vizinhos e pode oscilar no próximo ciclo.,"Verificar eventos recentes, pressão territorial e coerência com inteligência local antes da próxima atualização do ranking."
2026-05-26T08:42:21,2026-05-25,src/core/orchestrator.py:get_combined_risk,cities_general_top30,16,MIRAIMA,MIRAIMA,interior,cidade,25.21,baixo,40.2,muito baixa,68.8,moderada,0,0,15.0,94.0,0.0,0.0,46.7,0.0,0.0,0.0,0.42,77.9,14,14,False,stable,Sinal neural do ST-GAT,94.0,Tensão territorial,0.0,Atividade recente e vizinhança,0.0,Sinal neural do ST-GAT: 94.0% | Tensão territorial: 0.0% | Atividade recente e vizinhança: 0.0%,"MIRAIMA aparece na posição 16 de 69, com risco 25.2 e nível baixo; é território de atenção tática.","O peso principal vem de sinal neural do st-gat, com suporte territorial de 0.0% e 0 registros recentes na janela de 30 dias.",Leitura sensível a ruído; requer conferência adicional antes de decisão forte.,O território está próximo de pares vizinhos e pode oscilar no próximo ciclo.,"Verificar eventos recentes, pressão territorial e coerência com inteligência local antes da próxima atualização do ranking."
2026-05-26T08:42:21,2026-05-25,src/core/orchestrator.py:get_combined_risk,cities_general_top30,17,SANTANA DO ACARAU,SANTANA DO ACARAU,interior,cidade,25.21,baixo,40.2,muito baixa,67.9,moderada,0,0,9.0,94.0,0.0,0.0,46.7,0.0,0.0,0.0,0.42,76.5,14,14,False,stable,Sinal neural do ST-GAT,94.0,Tensão territorial,0.0,Atividade recente e vizinhança,0.0,Sinal neural do ST-GAT: 94.0% | Tensão territorial: 0.0% | Atividade recente e vizinhança: 0.0%,"SANTANA DO ACARAU aparece na posição 17 de 69, com risco 25.2 e nível baixo; é território de atenção tática.","O peso principal vem de sinal neural do st-gat, com suporte territorial de 0.0% e 0 registros recentes na janela de 30 dias.",Leitura sensível a ruído; requer conferência adicional antes de decisão forte.,O território está próximo de pares vizinhos e pode oscilar no próximo ciclo.,"Verificar eventos recentes, pressão territorial e coerência com inteligência local antes da próxima atualização do ranking."
2026-05-26T08:42:21,2026-05-25,src/core/orchestrator.py:get_combined_risk,cities_general_top30,18,CEDRO,CEDRO,interior,cidade,25.21,baixo,40.2,muito baixa,67.0,moderada,0,0,10.0,94.0,0.0,0.0,46.7,0.0,0.0,0.0,0.42,75.0,14,14,False,stable,Sinal neural do ST-GAT,94.0,Tensão territorial,0.0,Atividade recente e vizinhança,0.0,Sinal neural do ST-GAT: 94.0% | Tensão territorial: 0.0% | Atividade recente e vizinhança: 0.0%,"CEDRO aparece na posição 18 de 69, com risco 25.2 e nível baixo; é território de atenção tática.","O peso principal vem de sinal neural do st-gat, com suporte territorial de 0.0% e 0 registros recentes na janela de 30 dias.",Leitura sensível a ruído; requer conferência adicional antes de decisão forte.,O território está próximo de pares vizinhos e pode oscilar no próximo ciclo.,"Verificar eventos recentes, pressão territorial e coerência com inteligência local antes da próxima atualização do ranking."
2026-05-26T08:42:21,2026-05-25,src/core/orchestrator.py:get_combined_risk,cities_general_top30,19,PACATUBA,PACATUBA,rmf,cidade,23.93,baixo,53.6,muito baixa,65.8,moderada,1,1,58.0,1.9,0.0,50.0,20.0,100.0,95.0,100.0,0.35,73.5,30,14,True,stable,Fallback histórico ativado,55.0,Atividade recente e vizinhança,50.0,CVLI recente na janela de 30 dias,20.0,Fallback histórico ativado: 55.0% | Atividade recente e vizinhança: 50.0% | CVLI recente na janela de 30 dias: 20.0%,"PACATUBA aparece na posição 19 de 69, com risco 23.9 e nível baixo; é território de atenção tática.","O peso principal vem de fallback histórico ativado, com suporte territorial de 100.0% e 1 registros recentes na janela de 30 dias.",Leitura mais fraca; parte do peso vem de fallback histórico e deve ser confirmada em campo.,O território está próximo de pares vizinhos e pode oscilar no próximo ciclo.,"Verificar eventos recentes, pressão territorial e coerência com inteligência local antes da próxima atualização do ranking."
2026-05-26T08:42:21,2026-05-25,src/core/orchestrator.py:get_combined_risk,cities_general_top30,20,CRATO,CRATO,interior,cidade,23.58,baixo,39.5,muito baixa,64.8,moderada,0,0,6.0,87.9,0.0,0.0,46.7,0.0,0.0,0.0,0.33,72.1,14,14,False,stable,Sinal neural do ST-GAT,87.9,Tensão territorial,0.0,Atividade recente e vizinhança,0.0,Sinal neural do ST-GAT: 87.9% | Tensão territorial: 0.0% | Atividade recente e vizinhança: 0.0%,"CRATO aparece na posição 20 de 69, com risco 23.6 e nível baixo; é território de atenção tática.","O peso principal vem de sinal neural do st-gat, com suporte territorial de 0.0% e 0 registros recentes na janela de 30 dias.",Leitura sensível a ruído; requer conferência adicional antes de decisão forte.,O território está próximo de pares vizinhos e pode oscilar no próximo ciclo.,"Verificar eventos recentes, pressão territorial e coerência com inteligência local antes da próxima atualização do ranking."
2026-05-26T08:42:21,2026-05-25,src/core/orchestrator.py:get_combined_risk,cities_general_top30,21,IRACEMA,IRACEMA,interior,cidade,22.82,baixo,39.2,muito baixa,63.7,moderada,0,0,15.0,85.1,0.0,0.0,46.7,0.0,0.0,0.0,0.29,70.6,14,14,False,stable,Sinal neural do ST-GAT,85.1,Tensão territorial,0.0,Atividade recente e vizinhança,0.0,Sinal neural do ST-GAT: 85.1% | Tensão territorial: 0.0% | Atividade recente e vizinhança: 0.0%,"IRACEMA aparece na posição 21 de 69, com risco 22.8 e nível baixo; é território de atenção tática.","O peso principal vem de sinal neural do st-gat, com suporte territorial de 0.0% e 0 registros recentes na janela de 30 dias.",Leitura sensível a ruído; requer conferência adicional antes de decisão forte.,O território está próximo de pares vizinhos e pode oscilar no próximo ciclo.,"Verificar eventos recentes, pressão territorial e coerência com inteligência local antes da próxima atualização do ranking."
2026-05-26T08:42:21,2026-05-25,src/core/orchestrator.py:get_combined_risk,cities_general_top30,22,IGUATU,IGUATU,interior,cidade,18.13,baixo,67.4,baixa,61.6,moderada,0,0,81.0,30.3,100.0,0.0,46.7,100.0,100.0,0.0,0.03,69.1,14,14,False,stable,Tensão territorial,100.0,Sinal neural do ST-GAT,30.3,Atividade recente e vizinhança,0.0,Tensão territorial: 100.0% | Sinal neural do ST-GAT: 30.3% | Atividade recente e vizinhança: 0.0%,"IGUATU aparece na posição 22 de 69, com risco 18.1 e nível baixo; é território de atenção tática.","O peso principal vem de tensão territorial, com suporte territorial de 100.0% e 0 registros recentes na janela de 30 dias.",Leitura sensível a ruído; requer conferência adicional antes de decisão forte.,O território está próximo de pares vizinhos e pode oscilar no próximo ciclo.,"Verificar eventos recentes, pressão territorial e coerência com inteligência local antes da próxima atualização do ranking."
2026-05-26T08:42:21,2026-05-25,src/core/orchestrator.py:get_combined_risk,cities_general_top30,23,BATURITE,BATURITE,interior,cidade,18.13,baixo,67.4,baixa,60.7,moderada,0,0,62.0,30.3,100.0,0.0,46.7,100.0,100.0,0.0,0.03,67.6,14,14,False,stable,Tensão territorial,100.0,Sinal neural do ST-GAT,30.3,Atividade recente e vizinhança,0.0,Tensão territorial: 100.0% | Sinal neural do ST-GAT: 30.3% | Atividade recente e vizinhança: 0.0%,"BATURITE aparece na posição 23 de 69, com risco 18.1 e nível baixo; é território de atenção tática.","O peso principal vem de tensão territorial, com suporte territorial de 100.0% e 0 registros recentes na janela de 30 dias.",Leitura sensível a ruído; requer conferência adicional antes de decisão forte.,O território está próximo de pares vizinhos e pode oscilar no próximo ciclo.,"Verificar eventos recentes, pressão territorial e coerência com inteligência local antes da próxima atualização do ranking."
2026-05-26T08:42:21,2026-05-25,src/core/orchestrator.py:get_combined_risk,cities_general_top30,24,FORQUILHA,FORQUILHA,interior,cidade,16.96,baixo,36.9,muito baixa,59.6,moderada,0,0,12.0,63.2,0.0,0.0,46.7,0.0,0.0,0.0,-0.03,66.2,14,14,False,stable,Sinal neural do ST-GAT,63.2,Tensão territorial,0.0,Atividade recente e vizinhança,0.0,Sinal neural do ST-GAT: 63.2% | Tensão territorial: 0.0% | Atividade recente e vizinhança: 0.0%,"FORQUILHA aparece na posição 24 de 69, com risco 17.0 e nível baixo; é território de atenção tática.","O peso principal vem de sinal neural do st-gat, com suporte territorial de 0.0% e 0 registros recentes na janela de 30 dias.",Leitura sensível a ruído; requer conferência adicional antes de decisão forte.,O território está próximo de pares vizinhos e pode oscilar no próximo ciclo.,"Verificar eventos recentes, pressão territorial e coerência com inteligência local antes da próxima atualização do ranking."
2026-05-26T08:42:21,2026-05-25,src/core/orchestrator.py:get_combined_risk,cities_general_top30,25,HORIZONTE,HORIZONTE,rmf,cidade,16.86,baixo,43.3,muito baixa,58.6,moderada,0,0,128.0,3.1,0.0,0.0,46.7,100.0,100.0,0.0,-0.04,64.7,30,14,True,stable,Fallback histórico ativado,55.0,Sinal neural do ST-GAT,3.1,Tensão territorial,0.0,Fallback histórico ativado: 55.0% | Sinal neural do ST-GAT: 3.1% | Tensão territorial: 0.0%,"HORIZONTE aparece na posição 25 de 69, com risco 16.9 e nível baixo; é território de atenção tática.","O peso principal vem de fallback histórico ativado, com suporte territorial de 100.0% e 0 registros recentes na janela de 30 dias.",Leitura mais fraca; parte do peso vem de fallback histórico e deve ser confirmada em campo.,O território está próximo de pares vizinhos e pode oscilar no próximo ciclo.,"Verificar eventos recentes, pressão territorial e coerência com inteligência local antes da próxima atualização do ranking."
2026-05-26T08:42:21,2026-05-25,src/core/orchestrator.py:get_combined_risk,cities_general_top30,26,ITAITINGA,ITAITINGA,rmf,cidade,16.74,baixo,35.8,muito baixa,57.7,moderada,0,1,26.0,2.8,0.0,0.0,46.7,50.0,15.0,50.0,-0.05,63.2,30,14,True,stable,Fallback histórico ativado,55.0,CVLI recente na janela de 30 dias,20.0,Sinal neural do ST-GAT,2.8,Fallback histórico ativado: 55.0% | CVLI recente na janela de 30 dias: 20.0% | Sinal neural do ST-GAT: 2.8%,"ITAITINGA aparece na posição 26 de 69, com risco 16.7 e nível baixo; é território de atenção tática.","O peso principal vem de fallback histórico ativado, com suporte territorial de 50.0% e 1 registros recentes na janela de 30 dias.",Leitura mais fraca; parte do peso vem de fallback histórico e deve ser confirmada em campo.,O território está próximo de pares vizinhos e pode oscilar no próximo ciclo.,"Verificar eventos recentes, pressão territorial e coerência com inteligência local antes da próxima atualização do ranking."
2026-05-26T08:42:21,2026-05-25,src/core/orchestrator.py:get_combined_risk,cities_general_top30,27,PARAIPABA,PARAIPABA,rmf,cidade,16.07,baixo,25.0,muito baixa,56.7,moderada,0,0,31.0,1.5,0.0,0.0,46.7,27.5,27.5,0.0,-0.08,61.8,30,14,True,stable,Fallback histórico ativado,55.0,Sinal neural do ST-GAT,1.5,Tensão territorial,0.0,Fallback histórico ativado: 55.0% | Sinal neural do ST-GAT: 1.5% | Tensão territorial: 0.0%,"PARAIPABA aparece na posição 27 de 69, com risco 16.1 e nível baixo; é território de atenção tática.","O peso principal vem de fallback histórico ativado, com suporte territorial de 27.5% e 0 registros recentes na janela de 30 dias.",Leitura mais fraca; parte do peso vem de fallback histórico e deve ser confirmada em campo.,O território está próximo de pares vizinhos e pode oscilar no próximo ciclo.,"Verificar eventos recentes, pressão territorial e coerência com inteligência local antes da próxima atualização do ranking."
2026-05-26T08:42:21,2026-05-25,src/core/orchestrator.py:get_combined_risk,cities_general_top30,28,TRAIRI,TRAIRI,rmf,cidade,15.44,baixo,74.8,moderada,55.6,moderada,3,5,16.0,14.9,0.0,100.0,20.0,100.0,0.0,100.0,-0.12,60.3,30,14,True,stable,Atividade recente e vizinhança,100.0,CVLI recente na janela de 30 dias,100.0,Fallback histórico ativado,55.0,Atividade recente e vizinhança: 100.0% | CVLI recente na janela de 30 dias: 100.0% | Fallback histórico ativado: 55.0%,"TRAIRI aparece na posição 28 de 69, com risco 15.4 e nível baixo; é território de atenção tática.","O peso principal vem de atividade recente e vizinhança, com suporte territorial de 100.0% e 5 registros recentes na janela de 30 dias.","Leitura consistente, mas ainda pede validação operacional pontual.",O território está próximo de pares vizinhos e pode oscilar no próximo ciclo.,"Verificar eventos recentes, pressão territorial e coerência com inteligência local antes da próxima atualização do ranking."
2026-05-26T08:42:21,2026-05-25,src/core/orchestrator.py:get_combined_risk,cities_general_top30,29,EUSEBIO,EUSEBIO,rmf,cidade,15.33,baixo,27.4,muito baixa,54.7,moderada,0,0,35.0,0.0,0.0,0.0,46.7,37.5,37.5,0.0,-0.12,58.8,30,14,True,stable,Fallback histórico ativado,55.0,Sinal neural do ST-GAT,0.0,Tensão territorial,0.0,Fallback histórico ativado: 55.0% | Sinal neural do ST-GAT: 0.0% | Tensão territorial: 0.0%,"EUSEBIO aparece na posição 29 de 69, com risco 15.3 e nível baixo; é território de atenção tática.","O peso principal vem de fallback histórico ativado, com suporte territorial de 37.5% e 0 registros recentes na janela de 30 dias.",Leitura mais fraca; parte do peso vem de fallback histórico e deve ser confirmada em campo.,O território está próximo de pares vizinhos e pode oscilar no próximo ciclo.,"Verificar eventos recentes, pressão territorial e coerência com inteligência local antes da próxima atualização do ranking."
2026-05-26T08:42:21,2026-05-25,src/core/orchestrator.py:get_combined_risk,cities_general_top30,30,SAO LUIS DO CURU,SAO LUIS DO CURU,rmf,cidade,15.33,baixo,19.9,muito baixa,53.8,moderada,0,0,23.0,0.0,0.0,0.0,46.7,7.5,7.5,0.0,-0.12,57.4,30,14,True,stable,Fallback histórico ativado,55.0,Sinal neural do ST-GAT,0.0,Tensão territorial,0.0,Fallback histórico ativado: 55.0% | Sinal neural do ST-GAT: 0.0% | Tensão territorial: 0.0%,"SAO LUIS DO CURU aparece na posição 30 de 69, com risco 15.3 e nível baixo; é território de atenção tática.","O peso principal vem de fallback histórico ativado, com suporte territorial de 7.5% e 0 registros recentes na janela de 30 dias.",Leitura mais fraca; parte do peso vem de fallback histórico e deve ser confirmada em campo.,O território está próximo de pares vizinhos e pode oscilar no próximo ciclo.,"Verificar eventos recentes, pressão territorial e coerência com inteligência local antes da próxima atualização do ranking."
2026-05-26T08:42:21,2026-05-25,src/core/orchestrator.py:get_combined_risk,cities_rmf_top20,1,MARACANAU,MARACANAU,rmf,cidade,85.33,crítico,53.9,muito baixa,93.4,muito alta,0,0,629.0,100.0,100.0,0.0,46.7,100.0,100.0,0.0,2.79,100.0,30,14,True,stable,Sinal neural do ST-GAT,100.0,Tensão territorial,100.0,Fallback histórico ativado,55.0,Sinal neural do ST-GAT: 100.0% | Tensão territorial: 100.0% | Fallback histórico ativado: 55.0%,"MARACANAU aparece na posição 1 de 19, com risco 85.3 e nível crítico; é prioridade imediata de acompanhamento.","O peso principal vem de sinal neural do st-gat, com suporte territorial de 100.0% e 0 registros recentes na janela de 30 dias.",Leitura mais fraca; parte do peso vem de fallback histórico e deve ser confirmada em campo.,O território está bem destacado no ranking frente aos pares.,"Verificar eventos recentes, pressão territorial e coerência com inteligência local antes da próxima atualização do ranking."
2026-05-26T08:42:21,2026-05-25,src/core/orchestrator.py:get_combined_risk,cities_rmf_top20,2,CAUCAIA,CAUCAIA,rmf,cidade,83.32,crítico,54.1,muito baixa,89.7,muito alta,0,0,611.0,96.0,100.0,0.0,46.7,100.0,100.0,0.0,2.71,94.4,30,14,True,stable,Tensão territorial,100.0,Sinal neural do ST-GAT,96.0,Fallback histórico ativado,55.0,Tensão territorial: 100.0% | Sinal neural do ST-GAT: 96.0% | Fallback histórico ativado: 55.0%,"CAUCAIA aparece na posição 2 de 19, com risco 83.3 e nível crítico; é prioridade imediata de acompanhamento.","O peso principal vem de tensão territorial, com suporte territorial de 100.0% e 0 registros recentes na janela de 30 dias.",Leitura mais fraca; parte do peso vem de fallback histórico e deve ser confirmada em campo.,O território está bem destacado no ranking frente aos pares.,"Verificar eventos recentes, pressão territorial e coerência com inteligência local antes da próxima atualização do ranking."
2026-05-26T08:42:21,2026-05-25,src/core/orchestrator.py:get_combined_risk,cities_rmf_top20,3,PACATUBA,PACATUBA,rmf,cidade,23.93,baixo,53.6,muito baixa,74.7,alta,1,1,58.0,1.9,0.0,50.0,20.0,100.0,95.0,100.0,0.29,88.9,30,14,True,stable,Fallback histórico ativado,55.0,Atividade recente e vizinhança,50.0,CVLI recente na janela de 30 dias,20.0,Fallback histórico ativado: 55.0% | Atividade recente e vizinhança: 50.0% | CVLI recente na janela de 30 dias: 20.0%,"PACATUBA aparece na posição 3 de 19, com risco 23.9 e nível baixo; é prioridade imediata de acompanhamento.","O peso principal vem de fallback histórico ativado, com suporte territorial de 100.0% e 1 registros recentes na janela de 30 dias.",Leitura mais fraca; parte do peso vem de fallback histórico e deve ser confirmada em campo.,"O território se diferencia do bloco intermediário, mas sem isolamento absoluto.","Verificar eventos recentes, pressão territorial e coerência com inteligência local antes da próxima atualização do ranking."
2026-05-26T08:42:21,2026-05-25,src/core/orchestrator.py:get_combined_risk,cities_rmf_top20,4,HORIZONTE,HORIZONTE,rmf,cidade,16.86,baixo,43.3,muito baixa,70.0,alta,0,0,128.0,3.1,0.0,0.0,46.7,100.0,100.0,0.0,0.0,83.3,30,14,True,stable,Fallback histórico ativado,55.0,Sinal neural do ST-GAT,3.1,Tensão territorial,0.0,Fallback histórico ativado: 55.0% | Sinal neural do ST-GAT: 3.1% | Tensão territorial: 0.0%,"HORIZONTE aparece na posição 4 de 19, com risco 16.9 e nível baixo; é prioridade imediata de acompanhamento.","O peso principal vem de fallback histórico ativado, com suporte territorial de 100.0% e 0 registros recentes na janela de 30 dias.",Leitura mais fraca; parte do peso vem de fallback histórico e deve ser confirmada em campo.,"O território se diferencia do bloco intermediário, mas sem isolamento absoluto.","Verificar eventos recentes, pressão territorial e coerência com inteligência local antes da próxima atualização do ranking."
2026-05-26T08:42:21,2026-05-25,src/core/orchestrator.py:get_combined_risk,cities_rmf_top20,5,ITAITINGA,ITAITINGA,rmf,cidade,16.74,baixo,35.8,muito baixa,66.7,moderada,0,1,26.0,2.8,0.0,0.0,46.7,50.0,15.0,50.0,-0.0,77.8,30,14,True,stable,Fallback histórico ativado,55.0,CVLI recente na janela de 30 dias,20.0,Sinal neural do ST-GAT,2.8,Fallback histórico ativado: 55.0% | CVLI recente na janela de 30 dias: 20.0% | Sinal neural do ST-GAT: 2.8%,"ITAITINGA aparece na posição 5 de 19, com risco 16.7 e nível baixo; é prioridade imediata de acompanhamento.","O peso principal vem de fallback histórico ativado, com suporte territorial de 50.0% e 1 registros recentes na janela de 30 dias.",Leitura mais fraca; parte do peso vem de fallback histórico e deve ser confirmada em campo.,O território está próximo de pares vizinhos e pode oscilar no próximo ciclo.,"Verificar eventos recentes, pressão territorial e coerência com inteligência local antes da próxima atualização do ranking."
2026-05-26T08:42:21,2026-05-25,src/core/orchestrator.py:get_combined_risk,cities_rmf_top20,6,PARAIPABA,PARAIPABA,rmf,cidade,16.07,baixo,25.0,muito baixa,63.2,moderada,0,0,31.0,1.5,0.0,0.0,46.7,27.5,27.5,0.0,-0.03,72.2,30,14,True,stable,Fallback histórico ativado,55.0,Sinal neural do ST-GAT,1.5,Tensão territorial,0.0,Fallback histórico ativado: 55.0% | Sinal neural do ST-GAT: 1.5% | Tensão territorial: 0.0%,"PARAIPABA aparece na posição 6 de 19, com risco 16.1 e nível baixo; é prioridade alta de acompanhamento.","O peso principal vem de fallback histórico ativado, com suporte territorial de 27.5% e 0 registros recentes na janela de 30 dias.",Leitura mais fraca; parte do peso vem de fallback histórico e deve ser confirmada em campo.,O território está próximo de pares vizinhos e pode oscilar no próximo ciclo.,"Verificar eventos recentes, pressão territorial e coerência com inteligência local antes da próxima atualização do ranking."
2026-05-26T08:42:21,2026-05-25,src/core/orchestrator.py:get_combined_risk,cities_rmf_top20,7,TRAIRI,TRAIRI,rmf,cidade,15.44,baixo,74.8,moderada,59.8,moderada,3,5,16.0,14.9,0.0,100.0,20.0,100.0,0.0,100.0,-0.06,66.7,30,14,True,stable,Atividade recente e vizinhança,100.0,CVLI recente na janela de 30 dias,100.0,Fallback histórico ativado,55.0,Atividade recente e vizinhança: 100.0% | CVLI recente na janela de 30 dias: 100.0% | Fallback histórico ativado: 55.0%,"TRAIRI aparece na posição 7 de 19, com risco 15.4 e nível baixo; é prioridade alta de acompanhamento.","O peso principal vem de atividade recente e vizinhança, com suporte territorial de 100.0% e 5 registros recentes na janela de 30 dias.","Leitura consistente, mas ainda pede validação operacional pontual.",O território está próximo de pares vizinhos e pode oscilar no próximo ciclo.,"Verificar eventos recentes, pressão territorial e coerência com inteligência local antes da próxima atualização do ranking."
2026-05-26T08:42:21,2026-05-25,src/core/orchestrator.py:get_combined_risk,cities_rmf_top20,8,EUSEBIO,EUSEBIO,rmf,cidade,15.33,baixo,27.4,muito baixa,56.4,moderada,0,0,35.0,0.0,0.0,0.0,46.7,37.5,37.5,0.0,-0.06,61.1,30,14,True,stable,Fallback histórico ativado,55.0,Sinal neural do ST-GAT,0.0,Tensão territorial,0.0,Fallback histórico ativado: 55.0% | Sinal neural do ST-GAT: 0.0% | Tensão territorial: 0.0%,"EUSEBIO aparece na posição 8 de 19, com risco 15.3 e nível baixo; é prioridade alta de acompanhamento.","O peso principal vem de fallback histórico ativado, com suporte territorial de 37.5% e 0 registros recentes na janela de 30 dias.",Leitura mais fraca; parte do peso vem de fallback histórico e deve ser confirmada em campo.,O território está próximo de pares vizinhos e pode oscilar no próximo ciclo.,"Verificar eventos recentes, pressão territorial e coerência com inteligência local antes da próxima atualização do ranking."
2026-05-26T08:42:21,2026-05-25,src/core/orchestrator.py:get_combined_risk,cities_rmf_top20,9,SAO LUIS DO CURU,SAO LUIS DO CURU,rmf,cidade,15.33,baixo,19.9,muito baixa,53.1,moderada,0,0,23.0,0.0,0.0,0.0,46.7,7.5,7.5,0.0,-0.06,55.6,30,14,True,stable,Fallback histórico ativado,55.0,Sinal neural do ST-GAT,0.0,Tensão territorial,0.0,Fallback histórico ativado: 55.0% | Sinal neural do ST-GAT: 0.0% | Tensão territorial: 0.0%,"SAO LUIS DO CURU aparece na posição 9 de 19, com risco 15.3 e nível baixo; é prioridade alta de acompanhamento.","O peso principal vem de fallback histórico ativado, com suporte territorial de 7.5% e 0 registros recentes na janela de 30 dias.",Leitura mais fraca; parte do peso vem de fallback histórico e deve ser confirmada em campo.,O território está próximo de pares vizinhos e pode oscilar no próximo ciclo.,"Verificar eventos recentes, pressão territorial e coerência com inteligência local antes da próxima atualização do ranking."
2026-05-26T08:42:21,2026-05-25,src/core/orchestrator.py:get_combined_risk,cities_rmf_top20,10,PACAJUS,PACAJUS,rmf,cidade,15.33,baixo,43.0,muito baixa,49.7,baixa,0,0,104.0,0.0,0.0,0.0,46.7,100.0,100.0,0.0,-0.06,50.0,30,14,True,stable,Fallback histórico ativado,55.0,Sinal neural do ST-GAT,0.0,Tensão territorial,0.0,Fallback histórico ativado: 55.0% | Sinal neural do ST-GAT: 0.0% | Tensão territorial: 0.0%,"PACAJUS aparece na posição 10 de 19, com risco 15.3 e nível baixo; é prioridade alta de acompanhamento.","O peso principal vem de fallback histórico ativado, com suporte territorial de 100.0% e 0 registros recentes na janela de 30 dias.",Leitura mais fraca; parte do peso vem de fallback histórico e deve ser confirmada em campo.,O território está próximo de pares vizinhos e pode oscilar no próximo ciclo.,"Verificar eventos recentes, pressão territorial e coerência com inteligência local antes da próxima atualização do ranking."
2026-05-26T08:42:21,2026-05-25,src/core/orchestrator.py:get_combined_risk,cities_rmf_top20,11,PINDORETAMA,PINDORETAMA,rmf,cidade,15.33,baixo,31.8,muito baixa,46.4,baixa,0,0,42.0,0.0,0.0,0.0,46.7,55.0,55.0,0.0,-0.06,44.4,30,14,True,stable,Fallback histórico ativado,55.0,Sinal neural do ST-GAT,0.0,Tensão territorial,0.0,Fallback histórico ativado: 55.0% | Sinal neural do ST-GAT: 0.0% | Tensão territorial: 0.0%,"PINDORETAMA aparece na posição 11 de 19, com risco 15.3 e nível baixo; é território de atenção tática.","O peso principal vem de fallback histórico ativado, com suporte territorial de 55.0% e 0 registros recentes na janela de 30 dias.",Leitura mais fraca; parte do peso vem de fallback histórico e deve ser confirmada em campo.,O território está próximo de pares vizinhos e pode oscilar no próximo ciclo.,"Verificar eventos recentes, pressão territorial e coerência com inteligência local antes da próxima atualização do ranking."
2026-05-26T08:42:21,2026-05-25,src/core/orchestrator.py:get_combined_risk,cities_rmf_top20,12,AQUIRAZ,AQUIRAZ,rmf,cidade,0.0,baixo,18.0,muito baixa,40.1,baixa,0,0,20.0,0.0,0.0,0.0,46.7,0.0,0.0,0.0,-0.68,38.9,30,14,True,stable,Fallback histórico ativado,55.0,Sinal neural do ST-GAT,0.0,Tensão territorial,0.0,Fallback histórico ativado: 55.0% | Sinal neural do ST-GAT: 0.0% | Tensão territorial: 0.0%,"AQUIRAZ aparece na posição 12 de 19, com risco 0.0 e nível baixo; é território de atenção tática.","O peso principal vem de fallback histórico ativado, com suporte territorial de 0.0% e 0 registros recentes na janela de 30 dias.",Leitura mais fraca; parte do peso vem de fallback histórico e deve ser confirmada em campo.,O território está próximo de pares vizinhos e pode oscilar no próximo ciclo.,"Verificar eventos recentes, pressão territorial e coerência com inteligência local antes da próxima atualização do ranking."
2026-05-26T08:42:21,2026-05-25,src/core/orchestrator.py:get_combined_risk,cities_rmf_top20,13,PARACURU,PARACURU,rmf,cidade,0.0,baixo,18.0,muito baixa,36.7,baixa,0,0,19.0,0.0,0.0,0.0,46.7,0.0,0.0,0.0,-0.68,33.3,30,14,True,stable,Fallback histórico ativado,55.0,Sinal neural do ST-GAT,0.0,Tensão territorial,0.0,Fallback histórico ativado: 55.0% | Sinal neural do ST-GAT: 0.0% | Tensão territorial: 0.0%,"PARACURU aparece na posição 13 de 19, com risco 0.0 e nível baixo; é território de atenção tática.","O peso principal vem de fallback histórico ativado, com suporte territorial de 0.0% e 0 registros recentes na janela de 30 dias.",Leitura mais fraca; parte do peso vem de fallback histórico e deve ser confirmada em campo.,O território está próximo de pares vizinhos e pode oscilar no próximo ciclo.,"Verificar eventos recentes, pressão territorial e coerência com inteligência local antes da próxima atualização do ranking."
2026-05-26T08:42:21,2026-05-25,src/core/orchestrator.py:get_combined_risk,cities_rmf_top20,14,MARANGUAPE,MARANGUAPE,rmf,cidade,0.0,baixo,18.0,muito baixa,33.4,baixa,0,0,9.0,0.0,0.0,0.0,46.7,0.0,0.0,0.0,-0.68,27.8,30,14,True,stable,Fallback histórico ativado,55.0,Sinal neural do ST-GAT,0.0,Tensão territorial,0.0,Fallback histórico ativado: 55.0% | Sinal neural do ST-GAT: 0.0% | Tensão territorial: 0.0%,"MARANGUAPE aparece na posição 14 de 19, com risco 0.0 e nível baixo; é território de atenção tática.","O peso principal vem de fallback histórico ativado, com suporte territorial de 0.0% e 0 registros recentes na janela de 30 dias.",Leitura mais fraca; parte do peso vem de fallback histórico e deve ser confirmada em campo.,O território está próximo de pares vizinhos e pode oscilar no próximo ciclo.,"Verificar eventos recentes, pressão territorial e coerência com inteligência local antes da próxima atualização do ranking."
2026-05-26T08:42:21,2026-05-25,src/core/orchestrator.py:get_combined_risk,cities_rmf_top20,15,GUAIUBA,GUAIUBA,rmf,cidade,0.0,baixo,18.0,muito baixa,30.0,baixa,0,0,14.0,0.0,0.0,0.0,46.7,0.0,0.0,0.0,-0.68,22.2,30,14,True,stable,Fallback histórico ativado,55.0,Sinal neural do ST-GAT,0.0,Tensão territorial,0.0,Fallback histórico ativado: 55.0% | Sinal neural do ST-GAT: 0.0% | Tensão territorial: 0.0%,"GUAIUBA aparece na posição 15 de 19, com risco 0.0 e nível baixo; é território de atenção tática.","O peso principal vem de fallback histórico ativado, com suporte territorial de 0.0% e 0 registros recentes na janela de 30 dias.",Leitura mais fraca; parte do peso vem de fallback histórico e deve ser confirmada em campo.,O território está próximo de pares vizinhos e pode oscilar no próximo ciclo.,"Verificar eventos recentes, pressão territorial e coerência com inteligência local antes da próxima atualização do ranking."
2026-05-26T08:42:21,2026-05-25,src/core/orchestrator.py:get_combined_risk,cities_rmf_top20,16,CHOROZINHO,CHOROZINHO,rmf,cidade,0.0,baixo,18.0,muito baixa,26.7,baixa,0,0,15.0,0.0,0.0,0.0,46.7,0.0,0.0,0.0,-0.68,16.7,30,14,True,stable,Fallback histórico ativado,55.0,Sinal neural do ST-GAT,0.0,Tensão territorial,0.0,Fallback histórico ativado: 55.0% | Sinal neural do ST-GAT: 0.0% | Tensão territorial: 0.0%,"CHOROZINHO aparece na posição 16 de 19, com risco 0.0 e nível baixo; é território de atenção tática.","O peso principal vem de fallback histórico ativado, com suporte territorial de 0.0% e 0 registros recentes na janela de 30 dias.",Leitura mais fraca; parte do peso vem de fallback histórico e deve ser confirmada em campo.,O território está próximo de pares vizinhos e pode oscilar no próximo ciclo.,"Verificar eventos recentes, pressão territorial e coerência com inteligência local antes da próxima atualização do ranking."
2026-05-26T08:42:21,2026-05-25,src/core/orchestrator.py:get_combined_risk,cities_rmf_top20,17,CASCAVEL,CASCAVEL,rmf,cidade,0.0,baixo,18.0,muito baixa,23.4,baixa,0,0,2.0,0.3,0.0,0.0,46.7,0.0,0.0,0.0,-0.68,11.1,30,14,True,stable,Fallback histórico ativado,55.0,Sinal neural do ST-GAT,0.3,Tensão territorial,0.0,Fallback histórico ativado: 55.0% | Sinal neural do ST-GAT: 0.3% | Tensão territorial: 0.0%,"CASCAVEL aparece na posição 17 de 19, com risco 0.0 e nível baixo; é território de atenção tática.","O peso principal vem de fallback histórico ativado, com suporte territorial de 0.0% e 0 registros recentes na janela de 30 dias.",Leitura mais fraca; parte do peso vem de fallback histórico e deve ser confirmada em campo.,O território está próximo de pares vizinhos e pode oscilar no próximo ciclo.,"Verificar eventos recentes, pressão territorial e coerência com inteligência local antes da próxima atualização do ranking."
2026-05-26T08:42:21,2026-05-25,src/core/orchestrator.py:get_combined_risk,cities_rmf_top20,18,SAO GONCALO DO AMARANTE,SAO GONCALO DO AMARANTE,rmf,cidade,0.0,baixo,18.0,muito baixa,20.1,baixa,0,0,1.0,0.0,0.0,0.0,46.7,0.0,0.0,0.0,-0.68,5.6,30,14,True,stable,Fallback histórico ativado,55.0,Sinal neural do ST-GAT,0.0,Tensão territorial,0.0,Fallback histórico ativado: 55.0% | Sinal neural do ST-GAT: 0.0% | Tensão territorial: 0.0%,"SAO GONCALO DO AMARANTE aparece na posição 18 de 19, com risco 0.0 e nível baixo; é território de atenção tática.","O peso principal vem de fallback histórico ativado, com suporte territorial de 0.0% e 0 registros recentes na janela de 30 dias.",Leitura mais fraca; parte do peso vem de fallback histórico e deve ser confirmada em campo.,O território está próximo de pares vizinhos e pode oscilar no próximo ciclo.,"Verificar eventos recentes, pressão territorial e coerência com inteligência local antes da próxima atualização do ranking."
2026-05-26T08:42:21,2026-05-25,src/core/orchestrator.py:get_combined_risk,cities_rmf_top20,19,BEBERIBE,BEBERIBE,rmf,cidade,0.0,baixo,18.0,muito baixa,16.7,baixa,0,0,1.0,0.1,0.0,0.0,46.7,0.0,0.0,0.0,-0.68,0.0,30,14,True,stable,Fallback histórico ativado,55.0,Sinal neural do ST-GAT,0.1,Tensão territorial,0.0,Fallback histórico ativado: 55.0% | Sinal neural do ST-GAT: 0.1% | Tensão territorial: 0.0%,"BEBERIBE aparece na posição 19 de 19, com risco 0.0 e nível baixo; é território de atenção tática.","O peso principal vem de fallback histórico ativado, com suporte territorial de 0.0% e 0 registros recentes na janela de 30 dias.",Leitura mais fraca; parte do peso vem de fallback histórico e deve ser confirmada em campo.,O território está próximo de pares vizinhos e pode oscilar no próximo ciclo.,"Verificar eventos recentes, pressão territorial e coerência com inteligência local antes da próxima atualização do ranking."
2026-05-26T08:42:21,2026-05-25,src/core/orchestrator.py:get_combined_risk,cities_interior_top30,1,ITAPAJE,ITAPAJE,interior,cidade,75.89,crítico,91.5,alta,98.6,muito alta,3,3,45.0,75.2,100.0,100.0,3.3,100.0,62.5,100.0,3.88,100.0,14,14,False,stable,Atividade recente e vizinhança,100.0,Tensão territorial,100.0,Sinal neural do ST-GAT,75.2,Atividade recente e vizinhança: 100.0% | Tensão territorial: 100.0% | Sinal neural do ST-GAT: 75.2%,"ITAPAJE aparece na posição 1 de 50, com risco 75.9 e nível crítico; é prioridade imediata de acompanhamento.","O peso principal vem de atividade recente e vizinhança, com suporte territorial de 100.0% e 3 registros recentes na janela de 30 dias.",Leitura com boa sustentação dos sinais atuais.,O território está bem destacado no ranking frente aos pares.,"Verificar eventos recentes, pressão territorial e coerência com inteligência local antes da próxima atualização do ranking."
2026-05-26T08:42:21,2026-05-25,src/core/orchestrator.py:get_combined_risk,cities_interior_top30,2,TIANGUA,TIANGUA,interior,cidade,58.0,alto,77.9,moderada,91.7,muito alta,1,1,76.0,100.0,100.0,50.0,40.0,100.0,100.0,100.0,2.68,98.0,14,14,False,stable,Sinal neural do ST-GAT,100.0,Tensão territorial,100.0,Atividade recente e vizinhança,50.0,Sinal neural do ST-GAT: 100.0% | Tensão territorial: 100.0% | Atividade recente e vizinhança: 50.0%,"TIANGUA aparece na posição 2 de 50, com risco 58.0 e nível alto; é prioridade imediata de acompanhamento.","O peso principal vem de sinal neural do st-gat, com suporte territorial de 100.0% e 1 registros recentes na janela de 30 dias.","Leitura consistente, mas ainda pede validação operacional pontual.",O território está bem destacado no ranking frente aos pares.,"Verificar eventos recentes, pressão territorial e coerência com inteligência local antes da próxima atualização do ranking."
2026-05-26T08:42:21,2026-05-25,src/core/orchestrator.py:get_combined_risk,cities_interior_top30,3,VARZEA ALEGRE,VARZEA ALEGRE,interior,cidade,49.2,moderado,78.9,moderada,87.6,muito alta,1,1,16.0,71.5,100.0,50.0,46.7,100.0,0.0,100.0,2.09,95.9,14,14,False,stable,Tensão territorial,100.0,Sinal neural do ST-GAT,71.5,Atividade recente e vizinhança,50.0,Tensão territorial: 100.0% | Sinal neural do ST-GAT: 71.5% | Atividade recente e vizinhança: 50.0%,"VARZEA ALEGRE aparece na posição 3 de 50, com risco 49.2 e nível moderado; é prioridade imediata de acompanhamento.","O peso principal vem de tensão territorial, com suporte territorial de 100.0% e 1 registros recentes na janela de 30 dias.","Leitura consistente, mas ainda pede validação operacional pontual.",O território está bem destacado no ranking frente aos pares.,"Verificar eventos recentes, pressão territorial e coerência com inteligência local antes da próxima atualização do ranking."
2026-05-26T08:42:21,2026-05-25,src/core/orchestrator.py:get_combined_risk,cities_interior_top30,4,ALTO SANTO,ALTO SANTO,interior,cidade,42.28,moderado,77.6,moderada,84.2,alta,1,1,22.0,45.8,100.0,50.0,46.7,100.0,5.0,100.0,1.63,93.9,14,14,False,stable,Tensão territorial,100.0,Atividade recente e vizinhança,50.0,Sinal neural do ST-GAT,45.8,Tensão territorial: 100.0% | Atividade recente e vizinhança: 50.0% | Sinal neural do ST-GAT: 45.8%,"ALTO SANTO aparece na posição 4 de 50, com risco 42.3 e nível moderado; é prioridade imediata de acompanhamento.","O peso principal vem de tensão territorial, com suporte territorial de 100.0% e 1 registros recentes na janela de 30 dias.","Leitura consistente, mas ainda pede validação operacional pontual.","O território se diferencia do bloco intermediário, mas sem isolamento absoluto.","Verificar eventos recentes, pressão territorial e coerência com inteligência local antes da próxima atualização do ranking."
2026-05-26T08:42:21,2026-05-25,src/core/orchestrator.py:get_combined_risk,cities_interior_top30,5,GROAIRAS,GROAIRAS,interior,cidade,41.01,moderado,76.6,moderada,82.5,alta,1,1,48.0,34.3,100.0,50.0,16.7,100.0,70.0,100.0,1.54,91.8,14,14,False,stable,Tensão territorial,100.0,Atividade recente e vizinhança,50.0,Sinal neural do ST-GAT,34.3,Tensão territorial: 100.0% | Atividade recente e vizinhança: 50.0% | Sinal neural do ST-GAT: 34.3%,"GROAIRAS aparece na posição 5 de 50, com risco 41.0 e nível moderado; é prioridade imediata de acompanhamento.","O peso principal vem de tensão territorial, com suporte territorial de 100.0% e 1 registros recentes na janela de 30 dias.","Leitura consistente, mas ainda pede validação operacional pontual.","O território se diferencia do bloco intermediário, mas sem isolamento absoluto.","Verificar eventos recentes, pressão territorial e coerência com inteligência local antes da próxima atualização do ranking."
2026-05-26T08:42:21,2026-05-25,src/core/orchestrator.py:get_combined_risk,cities_interior_top30,6,POTENGI,POTENGI,interior,cidade,33.04,moderado,65.7,baixa,78.7,alta,1,1,6.0,45.6,0.0,50.0,36.7,100.0,0.0,100.0,1.01,89.8,14,14,False,stable,Atividade recente e vizinhança,50.0,Sinal neural do ST-GAT,45.6,CVLI recente na janela de 30 dias,20.0,Atividade recente e vizinhança: 50.0% | Sinal neural do ST-GAT: 45.6% | CVLI recente na janela de 30 dias: 20.0%,"POTENGI aparece na posição 6 de 50, com risco 33.0 e nível moderado; é prioridade alta de acompanhamento.","O peso principal vem de atividade recente e vizinhança, com suporte territorial de 100.0% e 1 registros recentes na janela de 30 dias.",Leitura sensível a ruído; requer conferência adicional antes de decisão forte.,"O território se diferencia do bloco intermediário, mas sem isolamento absoluto.","Verificar eventos recentes, pressão territorial e coerência com inteligência local antes da próxima atualização do ranking."
2026-05-26T08:42:21,2026-05-25,src/core/orchestrator.py:get_combined_risk,cities_interior_top30,7,CARIRE,CARIRE,interior,cidade,31.07,moderado,73.2,moderada,76.9,alta,1,1,22.0,4.0,100.0,50.0,46.7,100.0,5.0,100.0,0.88,87.8,14,14,False,stable,Tensão territorial,100.0,Atividade recente e vizinhança,50.0,CVLI recente na janela de 30 dias,20.0,Tensão territorial: 100.0% | Atividade recente e vizinhança: 50.0% | CVLI recente na janela de 30 dias: 20.0%,"CARIRE aparece na posição 7 de 50, com risco 31.1 e nível moderado; é prioridade alta de acompanhamento.","O peso principal vem de tensão territorial, com suporte territorial de 100.0% e 1 registros recentes na janela de 30 dias.","Leitura consistente, mas ainda pede validação operacional pontual.","O território se diferencia do bloco intermediário, mas sem isolamento absoluto.","Verificar eventos recentes, pressão territorial e coerência com inteligência local antes da próxima atualização do ranking."
2026-05-26T08:42:21,2026-05-25,src/core/orchestrator.py:get_combined_risk,cities_interior_top30,8,LIMOEIRO DO NORTE,LIMOEIRO DO NORTE,interior,cidade,29.65,baixo,54.2,muito baixa,75.2,alta,0,0,40.0,91.9,50.0,0.0,46.7,50.0,50.0,0.0,0.79,85.7,14,14,False,stable,Sinal neural do ST-GAT,91.9,Tensão territorial,50.0,Atividade recente e vizinhança,0.0,Sinal neural do ST-GAT: 91.9% | Tensão territorial: 50.0% | Atividade recente e vizinhança: 0.0%,"LIMOEIRO DO NORTE aparece na posição 8 de 50, com risco 29.6 e nível baixo; é prioridade alta de acompanhamento.","O peso principal vem de sinal neural do st-gat, com suporte territorial de 50.0% e 0 registros recentes na janela de 30 dias.",Leitura sensível a ruído; requer conferência adicional antes de decisão forte.,"O território se diferencia do bloco intermediário, mas sem isolamento absoluto.","Verificar eventos recentes, pressão territorial e coerência com inteligência local antes da próxima atualização do ranking."
2026-05-26T08:42:21,2026-05-25,src/core/orchestrator.py:get_combined_risk,cities_interior_top30,9,SOBRAL,SOBRAL,interior,cidade,26.96,baixo,67.6,baixa,73.1,alta,0,0,64.0,63.2,100.0,0.0,46.7,100.0,100.0,0.0,0.61,83.7,14,14,False,stable,Tensão territorial,100.0,Sinal neural do ST-GAT,63.2,Atividade recente e vizinhança,0.0,Tensão territorial: 100.0% | Sinal neural do ST-GAT: 63.2% | Atividade recente e vizinhança: 0.0%,"SOBRAL aparece na posição 9 de 50, com risco 27.0 e nível baixo; é prioridade alta de acompanhamento.","O peso principal vem de tensão territorial, com suporte territorial de 100.0% e 0 registros recentes na janela de 30 dias.",Leitura sensível a ruído; requer conferência adicional antes de decisão forte.,"O território se diferencia do bloco intermediário, mas sem isolamento absoluto.","Verificar eventos recentes, pressão territorial e coerência com inteligência local antes da próxima atualização do ranking."
2026-05-26T08:42:21,2026-05-25,src/core/orchestrator.py:get_combined_risk,cities_interior_top30,10,URUBURETAMA,URUBURETAMA,interior,cidade,25.96,baixo,42.6,muito baixa,71.5,alta,0,0,23.0,94.0,7.5,0.0,46.7,7.5,7.5,0.0,0.54,81.6,14,14,False,stable,Sinal neural do ST-GAT,94.0,Tensão territorial,7.5,Atividade recente e vizinhança,0.0,Sinal neural do ST-GAT: 94.0% | Tensão territorial: 7.5% | Atividade recente e vizinhança: 0.0%,"URUBURETAMA aparece na posição 10 de 50, com risco 26.0 e nível baixo; é prioridade alta de acompanhamento.","O peso principal vem de sinal neural do st-gat, com suporte territorial de 7.5% e 0 registros recentes na janela de 30 dias.",Leitura sensível a ruído; requer conferência adicional antes de decisão forte.,"O território se diferencia do bloco intermediário, mas sem isolamento absoluto.","Verificar eventos recentes, pressão territorial e coerência com inteligência local antes da próxima atualização do ranking."
2026-05-26T08:42:21,2026-05-25,src/core/orchestrator.py:get_combined_risk,cities_interior_top30,11,OROS,OROS,interior,cidade,25.51,baixo,40.3,muito baixa,70.2,alta,0,0,13.0,95.1,0.0,0.0,46.7,0.0,0.0,0.0,0.51,79.6,14,14,False,stable,Sinal neural do ST-GAT,95.1,Tensão territorial,0.0,Atividade recente e vizinhança,0.0,Sinal neural do ST-GAT: 95.1% | Tensão territorial: 0.0% | Atividade recente e vizinhança: 0.0%,"OROS aparece na posição 11 de 50, com risco 25.5 e nível baixo; é território de atenção tática.","O peso principal vem de sinal neural do st-gat, com suporte territorial de 0.0% e 0 registros recentes na janela de 30 dias.",Leitura sensível a ruído; requer conferência adicional antes de decisão forte.,"O território se diferencia do bloco intermediário, mas sem isolamento absoluto.","Verificar eventos recentes, pressão territorial e coerência com inteligência local antes da próxima atualização do ranking."
2026-05-26T08:42:21,2026-05-25,src/core/orchestrator.py:get_combined_risk,cities_interior_top30,12,JIJOCA DE JERICOACOARA,JIJOCA DE JERICOACOARA,interior,cidade,25.21,baixo,40.2,muito baixa,68.9,moderada,0,0,18.0,94.0,0.0,0.0,46.7,0.0,0.0,0.0,0.49,77.6,14,14,False,stable,Sinal neural do ST-GAT,94.0,Tensão territorial,0.0,Atividade recente e vizinhança,0.0,Sinal neural do ST-GAT: 94.0% | Tensão territorial: 0.0% | Atividade recente e vizinhança: 0.0%,"JIJOCA DE JERICOACOARA aparece na posição 12 de 50, com risco 25.2 e nível baixo; é território de atenção tática.","O peso principal vem de sinal neural do st-gat, com suporte territorial de 0.0% e 0 registros recentes na janela de 30 dias.",Leitura sensível a ruído; requer conferência adicional antes de decisão forte.,O território está próximo de pares vizinhos e pode oscilar no próximo ciclo.,"Verificar eventos recentes, pressão territorial e coerência com inteligência local antes da próxima atualização do ranking."
2026-05-26T08:42:21,2026-05-25,src/core/orchestrator.py:get_combined_risk,cities_interior_top30,13,ACOPIARA,ACOPIARA,interior,cidade,25.21,baixo,40.2,muito baixa,67.6,moderada,0,0,14.0,94.0,0.0,0.0,46.7,0.0,0.0,0.0,0.49,75.5,14,14,False,stable,Sinal neural do ST-GAT,94.0,Tensão territorial,0.0,Atividade recente e vizinhança,0.0,Sinal neural do ST-GAT: 94.0% | Tensão territorial: 0.0% | Atividade recente e vizinhança: 0.0%,"ACOPIARA aparece na posição 13 de 50, com risco 25.2 e nível baixo; é território de atenção tática.","O peso principal vem de sinal neural do st-gat, com suporte territorial de 0.0% e 0 registros recentes na janela de 30 dias.",Leitura sensível a ruído; requer conferência adicional antes de decisão forte.,O território está próximo de pares vizinhos e pode oscilar no próximo ciclo.,"Verificar eventos recentes, pressão territorial e coerência com inteligência local antes da próxima atualização do ranking."
2026-05-26T08:42:21,2026-05-25,src/core/orchestrator.py:get_combined_risk,cities_interior_top30,14,MIRAIMA,MIRAIMA,interior,cidade,25.21,baixo,40.2,muito baixa,66.4,moderada,0,0,15.0,94.0,0.0,0.0,46.7,0.0,0.0,0.0,0.49,73.5,14,14,False,stable,Sinal neural do ST-GAT,94.0,Tensão territorial,0.0,Atividade recente e vizinhança,0.0,Sinal neural do ST-GAT: 94.0% | Tensão territorial: 0.0% | Atividade recente e vizinhança: 0.0%,"MIRAIMA aparece na posição 14 de 50, com risco 25.2 e nível baixo; é território de atenção tática.","O peso principal vem de sinal neural do st-gat, com suporte territorial de 0.0% e 0 registros recentes na janela de 30 dias.",Leitura sensível a ruído; requer conferência adicional antes de decisão forte.,O território está próximo de pares vizinhos e pode oscilar no próximo ciclo.,"Verificar eventos recentes, pressão territorial e coerência com inteligência local antes da próxima atualização do ranking."
2026-05-26T08:42:21,2026-05-25,src/core/orchestrator.py:get_combined_risk,cities_interior_top30,15,SANTANA DO ACARAU,SANTANA DO ACARAU,interior,cidade,25.21,baixo,40.2,muito baixa,65.2,moderada,0,0,9.0,94.0,0.0,0.0,46.7,0.0,0.0,0.0,0.49,71.4,14,14,False,stable,Sinal neural do ST-GAT,94.0,Tensão territorial,0.0,Atividade recente e vizinhança,0.0,Sinal neural do ST-GAT: 94.0% | Tensão territorial: 0.0% | Atividade recente e vizinhança: 0.0%,"SANTANA DO ACARAU aparece na posição 15 de 50, com risco 25.2 e nível baixo; é território de atenção tática.","O peso principal vem de sinal neural do st-gat, com suporte territorial de 0.0% e 0 registros recentes na janela de 30 dias.",Leitura sensível a ruído; requer conferência adicional antes de decisão forte.,O território está próximo de pares vizinhos e pode oscilar no próximo ciclo.,"Verificar eventos recentes, pressão territorial e coerência com inteligência local antes da próxima atualização do ranking."
2026-05-26T08:42:21,2026-05-25,src/core/orchestrator.py:get_combined_risk,cities_interior_top30,16,CEDRO,CEDRO,interior,cidade,25.21,baixo,40.2,muito baixa,64.0,moderada,0,0,10.0,94.0,0.0,0.0,46.7,0.0,0.0,0.0,0.49,69.4,14,14,False,stable,Sinal neural do ST-GAT,94.0,Tensão territorial,0.0,Atividade recente e vizinhança,0.0,Sinal neural do ST-GAT: 94.0% | Tensão territorial: 0.0% | Atividade recente e vizinhança: 0.0%,"CEDRO aparece na posição 16 de 50, com risco 25.2 e nível baixo; é território de atenção tática.","O peso principal vem de sinal neural do st-gat, com suporte territorial de 0.0% e 0 registros recentes na janela de 30 dias.",Leitura sensível a ruído; requer conferência adicional antes de decisão forte.,O território está próximo de pares vizinhos e pode oscilar no próximo ciclo.,"Verificar eventos recentes, pressão territorial e coerência com inteligência local antes da próxima atualização do ranking."
2026-05-26T08:42:21,2026-05-25,src/core/orchestrator.py:get_combined_risk,cities_interior_top30,17,CRATO,CRATO,interior,cidade,23.58,baixo,39.5,muito baixa,62.2,moderada,0,0,6.0,87.9,0.0,0.0,46.7,0.0,0.0,0.0,0.38,67.3,14,14,False,stable,Sinal neural do ST-GAT,87.9,Tensão territorial,0.0,Atividade recente e vizinhança,0.0,Sinal neural do ST-GAT: 87.9% | Tensão territorial: 0.0% | Atividade recente e vizinhança: 0.0%,"CRATO aparece na posição 17 de 50, com risco 23.6 e nível baixo; é território de atenção tática.","O peso principal vem de sinal neural do st-gat, com suporte territorial de 0.0% e 0 registros recentes na janela de 30 dias.",Leitura sensível a ruído; requer conferência adicional antes de decisão forte.,O território está próximo de pares vizinhos e pode oscilar no próximo ciclo.,"Verificar eventos recentes, pressão territorial e coerência com inteligência local antes da próxima atualização do ranking."
2026-05-26T08:42:21,2026-05-25,src/core/orchestrator.py:get_combined_risk,cities_interior_top30,18,IRACEMA,IRACEMA,interior,cidade,22.82,baixo,39.2,muito baixa,60.8,moderada,0,0,15.0,85.1,0.0,0.0,46.7,0.0,0.0,0.0,0.33,65.3,14,14,False,stable,Sinal neural do ST-GAT,85.1,Tensão territorial,0.0,Atividade recente e vizinhança,0.0,Sinal neural do ST-GAT: 85.1% | Tensão territorial: 0.0% | Atividade recente e vizinhança: 0.0%,"IRACEMA aparece na posição 18 de 50, com risco 22.8 e nível baixo; é território de atenção tática.","O peso principal vem de sinal neural do st-gat, com suporte territorial de 0.0% e 0 registros recentes na janela de 30 dias.",Leitura sensível a ruído; requer conferência adicional antes de decisão forte.,O território está próximo de pares vizinhos e pode oscilar no próximo ciclo.,"Verificar eventos recentes, pressão territorial e coerência com inteligência local antes da próxima atualização do ranking."
2026-05-26T08:42:21,2026-05-25,src/core/orchestrator.py:get_combined_risk,cities_interior_top30,19,IGUATU,IGUATU,interior,cidade,18.13,baixo,67.4,baixa,58.1,moderada,0,0,81.0,30.3,100.0,0.0,46.7,100.0,100.0,0.0,0.02,63.3,14,14,False,stable,Tensão territorial,100.0,Sinal neural do ST-GAT,30.3,Atividade recente e vizinhança,0.0,Tensão territorial: 100.0% | Sinal neural do ST-GAT: 30.3% | Atividade recente e vizinhança: 0.0%,"IGUATU aparece na posição 19 de 50, com risco 18.1 e nível baixo; é território de atenção tática.","O peso principal vem de tensão territorial, com suporte territorial de 100.0% e 0 registros recentes na janela de 30 dias.",Leitura sensível a ruído; requer conferência adicional antes de decisão forte.,O território está próximo de pares vizinhos e pode oscilar no próximo ciclo.,"Verificar eventos recentes, pressão territorial e coerência com inteligência local antes da próxima atualização do ranking."
2026-05-26T08:42:21,2026-05-25,src/core/orchestrator.py:get_combined_risk,cities_interior_top30,20,BATURITE,BATURITE,interior,cidade,18.13,baixo,67.4,baixa,56.8,moderada,0,0,62.0,30.3,100.0,0.0,46.7,100.0,100.0,0.0,0.02,61.2,14,14,False,stable,Tensão territorial,100.0,Sinal neural do ST-GAT,30.3,Atividade recente e vizinhança,0.0,Tensão territorial: 100.0% | Sinal neural do ST-GAT: 30.3% | Atividade recente e vizinhança: 0.0%,"BATURITE aparece na posição 20 de 50, com risco 18.1 e nível baixo; é território de atenção tática.","O peso principal vem de tensão territorial, com suporte territorial de 100.0% e 0 registros recentes na janela de 30 dias.",Leitura sensível a ruído; requer conferência adicional antes de decisão forte.,O território está próximo de pares vizinhos e pode oscilar no próximo ciclo.,"Verificar eventos recentes, pressão territorial e coerência com inteligência local antes da próxima atualização do ranking."
2026-05-26T08:42:21,2026-05-25,src/core/orchestrator.py:get_combined_risk,cities_interior_top30,21,FORQUILHA,FORQUILHA,interior,cidade,16.96,baixo,36.9,muito baixa,55.2,moderada,0,0,12.0,63.2,0.0,0.0,46.7,0.0,0.0,0.0,-0.06,59.2,14,14,False,stable,Sinal neural do ST-GAT,63.2,Tensão territorial,0.0,Atividade recente e vizinhança,0.0,Sinal neural do ST-GAT: 63.2% | Tensão territorial: 0.0% | Atividade recente e vizinhança: 0.0%,"FORQUILHA aparece na posição 21 de 50, com risco 17.0 e nível baixo; é território de atenção tática.","O peso principal vem de sinal neural do st-gat, com suporte territorial de 0.0% e 0 registros recentes na janela de 30 dias.",Leitura sensível a ruído; requer conferência adicional antes de decisão forte.,O território está próximo de pares vizinhos e pode oscilar no próximo ciclo.,"Verificar eventos recentes, pressão territorial e coerência com inteligência local antes da próxima atualização do ranking."
2026-05-26T08:42:21,2026-05-25,src/core/orchestrator.py:get_combined_risk,cities_interior_top30,22,JUAZEIRO DO NORTE,JUAZEIRO DO NORTE,interior,cidade,13.49,baixo,66.7,baixa,52.8,moderada,0,0,134.0,13.0,100.0,0.0,46.7,100.0,100.0,0.0,-0.29,57.1,14,14,False,stable,Tensão territorial,100.0,Sinal neural do ST-GAT,13.0,Atividade recente e vizinhança,0.0,Tensão territorial: 100.0% | Sinal neural do ST-GAT: 13.0% | Atividade recente e vizinhança: 0.0%,"JUAZEIRO DO NORTE aparece na posição 22 de 50, com risco 13.5 e nível baixo; é território de atenção tática.","O peso principal vem de tensão territorial, com suporte territorial de 100.0% e 0 registros recentes na janela de 30 dias.",Leitura sensível a ruído; requer conferência adicional antes de decisão forte.,O território está próximo de pares vizinhos e pode oscilar no próximo ciclo.,"Verificar eventos recentes, pressão territorial e coerência com inteligência local antes da próxima atualização do ranking."
2026-05-26T08:42:21,2026-05-25,src/core/orchestrator.py:get_combined_risk,cities_interior_top30,23,ARATUBA,ARATUBA,interior,cidade,11.13,baixo,40.8,muito baixa,50.9,moderada,0,0,32.0,30.3,30.0,0.0,46.7,30.0,30.0,0.0,-0.45,55.1,14,14,False,stable,Sinal neural do ST-GAT,30.3,Tensão territorial,30.0,Atividade recente e vizinhança,0.0,Sinal neural do ST-GAT: 30.3% | Tensão territorial: 30.0% | Atividade recente e vizinhança: 0.0%,"ARATUBA aparece na posição 23 de 50, com risco 11.1 e nível baixo; é território de atenção tática.","O peso principal vem de sinal neural do st-gat, com suporte territorial de 30.0% e 0 registros recentes na janela de 30 dias.",Leitura sensível a ruído; requer conferência adicional antes de decisão forte.,O território está próximo de pares vizinhos e pode oscilar no próximo ciclo.,"Verificar eventos recentes, pressão territorial e coerência com inteligência local antes da próxima atualização do ranking."
2026-05-26T08:42:21,2026-05-25,src/core/orchestrator.py:get_combined_risk,cities_interior_top30,24,AURORA,AURORA,interior,cidade,8.99,baixo,33.6,muito baixa,49.0,baixa,0,0,8.0,33.5,0.0,0.0,46.7,0.0,0.0,0.0,-0.59,53.1,14,14,False,stable,Sinal neural do ST-GAT,33.5,Tensão territorial,0.0,Atividade recente e vizinhança,0.0,Sinal neural do ST-GAT: 33.5% | Tensão territorial: 0.0% | Atividade recente e vizinhança: 0.0%,"AURORA aparece na posição 24 de 50, com risco 9.0 e nível baixo; é território de atenção tática.","O peso principal vem de sinal neural do st-gat, com suporte territorial de 0.0% e 0 registros recentes na janela de 30 dias.",Leitura sensível a ruído; requer conferência adicional antes de decisão forte.,O território está próximo de pares vizinhos e pode oscilar no próximo ciclo.,"Verificar eventos recentes, pressão territorial e coerência com inteligência local antes da próxima atualização do ranking."
2026-05-26T08:42:21,2026-05-25,src/core/orchestrator.py:get_combined_risk,cities_interior_top30,25,NOVA OLINDA,NOVA OLINDA,interior,cidade,8.88,baixo,35.6,muito baixa,47.7,baixa,0,0,23.0,30.3,7.5,0.0,46.7,7.5,7.5,0.0,-0.6,51.0,14,14,False,stable,Sinal neural do ST-GAT,30.3,Tensão territorial,7.5,Atividade recente e vizinhança,0.0,Sinal neural do ST-GAT: 30.3% | Tensão territorial: 7.5% | Atividade recente e vizinhança: 0.0%,"NOVA OLINDA aparece na posição 25 de 50, com risco 8.9 e nível baixo; é território de atenção tática.","O peso principal vem de sinal neural do st-gat, com suporte territorial de 7.5% e 0 registros recentes na janela de 30 dias.",Leitura sensível a ruído; requer conferência adicional antes de decisão forte.,O território está próximo de pares vizinhos e pode oscilar no próximo ciclo.,"Verificar eventos recentes, pressão territorial e coerência com inteligência local antes da próxima atualização do ranking."
2026-05-26T08:42:21,2026-05-25,src/core/orchestrator.py:get_combined_risk,cities_interior_top30,26,VICOSA DO CEARA,VICOSA DO CEARA,interior,cidade,8.63,baixo,34.8,muito baixa,46.4,baixa,0,0,22.0,30.3,5.0,0.0,46.7,5.0,5.0,0.0,-0.62,49.0,14,14,False,stable,Sinal neural do ST-GAT,30.3,Tensão territorial,5.0,Atividade recente e vizinhança,0.0,Sinal neural do ST-GAT: 30.3% | Tensão territorial: 5.0% | Atividade recente e vizinhança: 0.0%,"VICOSA DO CEARA aparece na posição 26 de 50, com risco 8.6 e nível baixo; é território de atenção tática.","O peso principal vem de sinal neural do st-gat, com suporte territorial de 5.0% e 0 registros recentes na janela de 30 dias.",Leitura sensível a ruído; requer conferência adicional antes de decisão forte.,O território está próximo de pares vizinhos e pode oscilar no próximo ciclo.,"Verificar eventos recentes, pressão territorial e coerência com inteligência local antes da próxima atualização do ranking."
2026-05-26T08:42:21,2026-05-25,src/core/orchestrator.py:get_combined_risk,cities_interior_top30,27,CAPISTRANO,CAPISTRANO,interior,cidade,8.38,baixo,34.1,muito baixa,45.1,baixa,0,0,21.0,30.3,2.5,0.0,46.7,2.5,2.5,0.0,-0.64,46.9,14,14,False,stable,Sinal neural do ST-GAT,30.3,Tensão territorial,2.5,Atividade recente e vizinhança,0.0,Sinal neural do ST-GAT: 30.3% | Tensão territorial: 2.5% | Atividade recente e vizinhança: 0.0%,"CAPISTRANO aparece na posição 27 de 50, com risco 8.4 e nível baixo; é território de atenção tática.","O peso principal vem de sinal neural do st-gat, com suporte territorial de 2.5% e 0 registros recentes na janela de 30 dias.",Leitura sensível a ruído; requer conferência adicional antes de decisão forte.,O território está próximo de pares vizinhos e pode oscilar no próximo ciclo.,"Verificar eventos recentes, pressão territorial e coerência com inteligência local antes da próxima atualização do ranking."
2026-05-26T08:42:21,2026-05-25,src/core/orchestrator.py:get_combined_risk,cities_interior_top30,28,GENERAL SAMPAIO,GENERAL SAMPAIO,interior,cidade,8.13,baixo,33.3,muito baixa,43.8,baixa,0,0,14.0,30.3,0.0,0.0,46.7,0.0,0.0,0.0,-0.65,44.9,14,14,False,stable,Sinal neural do ST-GAT,30.3,Tensão territorial,0.0,Atividade recente e vizinhança,0.0,Sinal neural do ST-GAT: 30.3% | Tensão territorial: 0.0% | Atividade recente e vizinhança: 0.0%,"GENERAL SAMPAIO aparece na posição 28 de 50, com risco 8.1 e nível baixo; é território de atenção tática.","O peso principal vem de sinal neural do st-gat, com suporte territorial de 0.0% e 0 registros recentes na janela de 30 dias.",Leitura sensível a ruído; requer conferência adicional antes de decisão forte.,O território está próximo de pares vizinhos e pode oscilar no próximo ciclo.,"Verificar eventos recentes, pressão territorial e coerência com inteligência local antes da próxima atualização do ranking."
2026-05-26T08:42:21,2026-05-25,src/core/orchestrator.py:get_combined_risk,cities_interior_top30,29,GRACA,GRACA,interior,cidade,8.13,baixo,33.3,muito baixa,42.6,baixa,0,0,14.0,30.3,0.0,0.0,46.7,0.0,0.0,0.0,-0.65,42.9,14,14,False,stable,Sinal neural do ST-GAT,30.3,Tensão territorial,0.0,Atividade recente e vizinhança,0.0,Sinal neural do ST-GAT: 30.3% | Tensão territorial: 0.0% | Atividade recente e vizinhança: 0.0%,"GRACA aparece na posição 29 de 50, com risco 8.1 e nível baixo; é território de atenção tática.","O peso principal vem de sinal neural do st-gat, com suporte territorial de 0.0% e 0 registros recentes na janela de 30 dias.",Leitura sensível a ruído; requer conferência adicional antes de decisão forte.,O território está próximo de pares vizinhos e pode oscilar no próximo ciclo.,"Verificar eventos recentes, pressão territorial e coerência com inteligência local antes da próxima atualização do ranking."
2026-05-26T08:42:21,2026-05-25,src/core/orchestrator.py:get_combined_risk,cities_interior_top30,30,CARIRIACU,CARIRIACU,interior,cidade,8.13,baixo,33.3,muito baixa,41.4,baixa,0,0,14.0,30.3,0.0,0.0,46.7,0.0,0.0,0.0,-0.65,40.8,14,14,False,stable,Sinal neural do ST-GAT,30.3,Tensão territorial,0.0,Atividade recente e vizinhança,0.0,Sinal neural do ST-GAT: 30.3% | Tensão territorial: 0.0% | Atividade recente e vizinhança: 0.0%,"CARIRIACU aparece na posição 30 de 50, com risco 8.1 e nível baixo; é território de atenção tática.","O peso principal vem de sinal neural do st-gat, com suporte territorial de 0.0% e 0 registros recentes na janela de 30 dias.",Leitura sensível a ruído; requer conferência adicional antes de decisão forte.,O território está próximo de pares vizinhos e pode oscilar no próximo ciclo.,"Verificar eventos recentes, pressão territorial e coerência com inteligência local antes da próxima atualização do ranking."
2026-05-26T08:42:21,2026-05-25,src/core/orchestrator.py:get_combined_risk,fortaleza_bairros_top30,1,BARRA DO CEARA,BARRA DO CEARA,fortaleza,bairro,80.93,crítico,66.9,baixa,99.8,muito alta,1,1,136.0,75.2,100.0,50.0,16.7,100.0,100.0,100.0,4.13,100.0,14,14,True,stable,Tensão territorial,100.0,Sinal neural do ST-GAT,75.2,Fallback histórico ativado,55.0,Tensão territorial: 100.0% | Sinal neural do ST-GAT: 75.2% | Fallback histórico ativado: 55.0%,"BARRA DO CEARA aparece na posição 1 de 109, com risco 80.9 e nível crítico; é prioridade imediata de acompanhamento.","O peso principal vem de tensão territorial, com suporte territorial de 100.0% e 1 registros recentes na janela de 30 dias.",Leitura mais fraca; parte do peso vem de fallback histórico e deve ser confirmada em campo.,O território está bem destacado no ranking frente aos pares.,"Verificar eventos recentes, pressão territorial e coerência com inteligência local antes da próxima atualização do ranking."
2026-05-26T08:42:21,2026-05-25,src/core/orchestrator.py:get_combined_risk,fortaleza_bairros_top30,2,CAJAZEIRAS,CAJAZEIRAS,fortaleza,bairro,71.67,crítico,70.9,moderada,96.5,muito alta,1,2,35.0,100.0,100.0,50.0,33.3,100.0,37.5,100.0,3.55,99.1,14,14,True,stable,Sinal neural do ST-GAT,100.0,Tensão territorial,100.0,Fallback histórico ativado,55.0,Sinal neural do ST-GAT: 100.0% | Tensão territorial: 100.0% | Fallback histórico ativado: 55.0%,"CAJAZEIRAS aparece na posição 2 de 109, com risco 71.7 e nível crítico; é prioridade imediata de acompanhamento.","O peso principal vem de sinal neural do st-gat, com suporte territorial de 100.0% e 2 registros recentes na janela de 30 dias.","Leitura consistente, mas ainda pede validação operacional pontual.",O território está bem destacado no ranking frente aos pares.,"Verificar eventos recentes, pressão territorial e coerência com inteligência local antes da próxima atualização do ranking."
2026-05-26T08:42:21,2026-05-25,src/core/orchestrator.py:get_combined_risk,fortaleza_bairros_top30,3,BONSUCESSO,BONSUCESSO,fortaleza,bairro,60.7,alto,66.9,baixa,92.5,muito alta,1,1,48.0,74.7,100.0,50.0,16.7,100.0,70.0,100.0,2.85,98.1,14,14,True,stable,Tensão territorial,100.0,Sinal neural do ST-GAT,74.7,Fallback histórico ativado,55.0,Tensão territorial: 100.0% | Sinal neural do ST-GAT: 74.7% | Fallback histórico ativado: 55.0%,"BONSUCESSO aparece na posição 3 de 109, com risco 60.7 e nível alto; é prioridade imediata de acompanhamento.","O peso principal vem de tensão territorial, com suporte territorial de 100.0% e 1 registros recentes na janela de 30 dias.",Leitura mais fraca; parte do peso vem de fallback histórico e deve ser confirmada em campo.,O território está bem destacado no ranking frente aos pares.,"Verificar eventos recentes, pressão territorial e coerência com inteligência local antes da próxima atualização do ranking."
2026-05-26T08:42:21,2026-05-25,src/core/orchestrator.py:get_combined_risk,fortaleza_bairros_top30,4,ANCURI,ANCURI,fortaleza,bairro,53.63,alto,71.6,moderada,89.9,muito alta,1,2,34.0,61.3,100.0,50.0,20.0,100.0,35.0,100.0,2.4,97.2,14,14,True,stable,Tensão territorial,100.0,Sinal neural do ST-GAT,61.3,Fallback histórico ativado,55.0,Tensão territorial: 100.0% | Sinal neural do ST-GAT: 61.3% | Fallback histórico ativado: 55.0%,"ANCURI aparece na posição 4 de 109, com risco 53.6 e nível alto; é prioridade imediata de acompanhamento.","O peso principal vem de tensão territorial, com suporte territorial de 100.0% e 2 registros recentes na janela de 30 dias.","Leitura consistente, mas ainda pede validação operacional pontual.",O território está bem destacado no ranking frente aos pares.,"Verificar eventos recentes, pressão territorial e coerência com inteligência local antes da próxima atualização do ranking."
2026-05-26T08:42:21,2026-05-25,src/core/orchestrator.py:get_combined_risk,fortaleza_bairros_top30,5,SAO BENTO,SAO BENTO,fortaleza,bairro,52.98,alto,66.5,baixa,89.1,muito alta,1,1,19.0,59.3,100.0,50.0,16.7,100.0,0.0,100.0,2.36,96.3,14,14,True,stable,Tensão territorial,100.0,Sinal neural do ST-GAT,59.3,Fallback histórico ativado,55.0,Tensão territorial: 100.0% | Sinal neural do ST-GAT: 59.3% | Fallback histórico ativado: 55.0%,"SAO BENTO aparece na posição 5 de 109, com risco 53.0 e nível alto; é prioridade imediata de acompanhamento.","O peso principal vem de tensão territorial, com suporte territorial de 100.0% e 1 registros recentes na janela de 30 dias.",Leitura mais fraca; parte do peso vem de fallback histórico e deve ser confirmada em campo.,O território está bem destacado no ranking frente aos pares.,"Verificar eventos recentes, pressão territorial e coerência com inteligência local antes da próxima atualização do ranking."
2026-05-26T08:42:21,2026-05-25,src/core/orchestrator.py:get_combined_risk,fortaleza_bairros_top30,6,MONDUBIM,MONDUBIM,fortaleza,bairro,48.67,moderado,55.3,baixa,87.3,muito alta,0,0,92.0,26.7,100.0,0.0,46.7,100.0,100.0,0.0,2.09,95.4,14,14,True,stable,Tensão territorial,100.0,Fallback histórico ativado,55.0,Sinal neural do ST-GAT,26.7,Tensão territorial: 100.0% | Fallback histórico ativado: 55.0% | Sinal neural do ST-GAT: 26.7%,"MONDUBIM aparece na posição 6 de 109, com risco 48.7 e nível moderado; é prioridade alta de acompanhamento.","O peso principal vem de tensão territorial, com suporte territorial de 100.0% e 0 registros recentes na janela de 30 dias.",Leitura mais fraca; parte do peso vem de fallback histórico e deve ser confirmada em campo.,O território está bem destacado no ranking frente aos pares.,"Verificar eventos recentes, pressão territorial e coerência com inteligência local antes da próxima atualização do ranking."
2026-05-26T08:42:21,2026-05-25,src/core/orchestrator.py:get_combined_risk,fortaleza_bairros_top30,7,MESSEJANA,MESSEJANA,fortaleza,bairro,47.53,moderado,55.2,baixa,86.3,muito alta,0,0,115.0,24.4,100.0,0.0,46.7,100.0,100.0,0.0,2.02,94.4,14,14,True,stable,Tensão territorial,100.0,Fallback histórico ativado,55.0,Sinal neural do ST-GAT,24.4,Tensão territorial: 100.0% | Fallback histórico ativado: 55.0% | Sinal neural do ST-GAT: 24.4%,"MESSEJANA aparece na posição 7 de 109, com risco 47.5 e nível moderado; é prioridade alta de acompanhamento.","O peso principal vem de tensão territorial, com suporte territorial de 100.0% e 0 registros recentes na janela de 30 dias.",Leitura mais fraca; parte do peso vem de fallback histórico e deve ser confirmada em campo.,O território está bem destacado no ranking frente aos pares.,"Verificar eventos recentes, pressão territorial e coerência com inteligência local antes da próxima atualização do ranking."
2026-05-26T08:42:21,2026-05-25,src/core/orchestrator.py:get_combined_risk,fortaleza_bairros_top30,8,PEDRAS,PEDRAS,fortaleza,bairro,46.36,moderado,55.1,baixa,85.4,muito alta,0,0,81.0,22.1,100.0,0.0,46.7,100.0,100.0,0.0,1.94,93.5,14,14,True,stable,Tensão territorial,100.0,Fallback histórico ativado,55.0,Sinal neural do ST-GAT,22.1,Tensão territorial: 100.0% | Fallback histórico ativado: 55.0% | Sinal neural do ST-GAT: 22.1%,"PEDRAS aparece na posição 8 de 109, com risco 46.4 e nível moderado; é prioridade alta de acompanhamento.","O peso principal vem de tensão territorial, com suporte territorial de 100.0% e 0 registros recentes na janela de 30 dias.",Leitura mais fraca; parte do peso vem de fallback histórico e deve ser confirmada em campo.,O território está bem destacado no ranking frente aos pares.,"Verificar eventos recentes, pressão territorial e coerência com inteligência local antes da próxima atualização do ranking."
2026-05-26T08:42:21,2026-05-25,src/core/orchestrator.py:get_combined_risk,fortaleza_bairros_top30,9,BARROSO,BARROSO,fortaleza,bairro,44.67,moderado,55.0,baixa,84.4,alta,0,0,72.0,18.7,100.0,0.0,46.7,100.0,100.0,0.0,1.84,92.6,14,14,True,stable,Tensão territorial,100.0,Fallback histórico ativado,55.0,Sinal neural do ST-GAT,18.7,Tensão territorial: 100.0% | Fallback histórico ativado: 55.0% | Sinal neural do ST-GAT: 18.7%,"BARROSO aparece na posição 9 de 109, com risco 44.7 e nível moderado; é prioridade alta de acompanhamento.","O peso principal vem de tensão territorial, com suporte territorial de 100.0% e 0 registros recentes na janela de 30 dias.",Leitura mais fraca; parte do peso vem de fallback histórico e deve ser confirmada em campo.,"O território se diferencia do bloco intermediário, mas sem isolamento absoluto.","Verificar eventos recentes, pressão territorial e coerência com inteligência local antes da próxima atualização do ranking."
2026-05-26T08:42:21,2026-05-25,src/core/orchestrator.py:get_combined_risk,fortaleza_bairros_top30,10,PLANALTO AYRTON SENNA,PLANALTO AYRTON SENNA,fortaleza,bairro,44.37,moderado,54.9,muito baixa,83.7,alta,0,0,94.0,18.1,100.0,0.0,46.7,100.0,100.0,0.0,1.82,91.7,14,14,True,stable,Tensão territorial,100.0,Fallback histórico ativado,55.0,Sinal neural do ST-GAT,18.1,Tensão territorial: 100.0% | Fallback histórico ativado: 55.0% | Sinal neural do ST-GAT: 18.1%,"PLANALTO AYRTON SENNA aparece na posição 10 de 109, com risco 44.4 e nível moderado; é prioridade alta de acompanhamento.","O peso principal vem de tensão territorial, com suporte territorial de 100.0% e 0 registros recentes na janela de 30 dias.",Leitura mais fraca; parte do peso vem de fallback histórico e deve ser confirmada em campo.,"O território se diferencia do bloco intermediário, mas sem isolamento absoluto.","Verificar eventos recentes, pressão territorial e coerência com inteligência local antes da próxima atualização do ranking."
2026-05-26T08:42:21,2026-05-25,src/core/orchestrator.py:get_combined_risk,fortaleza_bairros_top30,11,JOSE WALTER,JOSE WALTER,fortaleza,bairro,43.23,moderado,54.8,muito baixa,82.8,alta,0,0,102.0,15.8,100.0,0.0,46.7,100.0,100.0,0.0,1.75,90.7,14,14,True,stable,Tensão territorial,100.0,Fallback histórico ativado,55.0,Sinal neural do ST-GAT,15.8,Tensão territorial: 100.0% | Fallback histórico ativado: 55.0% | Sinal neural do ST-GAT: 15.8%,"JOSE WALTER aparece na posição 11 de 109, com risco 43.2 e nível moderado; é território de atenção tática.","O peso principal vem de tensão territorial, com suporte territorial de 100.0% e 0 registros recentes na janela de 30 dias.",Leitura mais fraca; parte do peso vem de fallback histórico e deve ser confirmada em campo.,"O território se diferencia do bloco intermediário, mas sem isolamento absoluto.","Verificar eventos recentes, pressão territorial e coerência com inteligência local antes da próxima atualização do ranking."
2026-05-26T08:42:21,2026-05-25,src/core/orchestrator.py:get_combined_risk,fortaleza_bairros_top30,12,ALTO ALEGRE,ALTO ALEGRE,fortaleza,bairro,42.79,moderado,54.8,muito baixa,82.1,alta,0,0,125.0,14.9,100.0,0.0,46.7,100.0,100.0,0.0,1.72,89.8,14,14,True,stable,Tensão territorial,100.0,Fallback histórico ativado,55.0,Sinal neural do ST-GAT,14.9,Tensão territorial: 100.0% | Fallback histórico ativado: 55.0% | Sinal neural do ST-GAT: 14.9%,"ALTO ALEGRE aparece na posição 12 de 109, com risco 42.8 e nível moderado; é território de atenção tática.","O peso principal vem de tensão territorial, com suporte territorial de 100.0% e 0 registros recentes na janela de 30 dias.",Leitura mais fraca; parte do peso vem de fallback histórico e deve ser confirmada em campo.,"O território se diferencia do bloco intermediário, mas sem isolamento absoluto.","Verificar eventos recentes, pressão territorial e coerência com inteligência local antes da próxima atualização do ranking."
2026-05-26T08:42:21,2026-05-25,src/core/orchestrator.py:get_combined_risk,fortaleza_bairros_top30,13,SIQUEIRA,SIQUEIRA,fortaleza,bairro,40.75,moderado,59.6,baixa,81.0,alta,0,1,103.0,10.8,100.0,0.0,46.7,100.0,100.0,50.0,1.59,88.9,14,14,True,stable,Tensão territorial,100.0,Fallback histórico ativado,55.0,CVLI recente na janela de 30 dias,20.0,Tensão territorial: 100.0% | Fallback histórico ativado: 55.0% | CVLI recente na janela de 30 dias: 20.0%,"SIQUEIRA aparece na posição 13 de 109, com risco 40.8 e nível moderado; é território de atenção tática.","O peso principal vem de tensão territorial, com suporte territorial de 100.0% e 1 registros recentes na janela de 30 dias.",Leitura mais fraca; parte do peso vem de fallback histórico e deve ser confirmada em campo.,"O território se diferencia do bloco intermediário, mas sem isolamento absoluto.","Verificar eventos recentes, pressão territorial e coerência com inteligência local antes da próxima atualização do ranking."
2026-05-26T08:42:21,2026-05-25,src/core/orchestrator.py:get_combined_risk,fortaleza_bairros_top30,14,GRANJA LISBOA,GRANJA LISBOA,fortaleza,bairro,35.33,moderado,53.9,muito baixa,78.8,alta,0,0,110.0,0.0,100.0,0.0,46.7,100.0,100.0,0.0,1.25,88.0,14,14,True,stable,Tensão territorial,100.0,Fallback histórico ativado,55.0,Sinal neural do ST-GAT,0.0,Tensão territorial: 100.0% | Fallback histórico ativado: 55.0% | Sinal neural do ST-GAT: 0.0%,"GRANJA LISBOA aparece na posição 14 de 109, com risco 35.3 e nível moderado; é território de atenção tática.","O peso principal vem de tensão territorial, com suporte territorial de 100.0% e 0 registros recentes na janela de 30 dias.",Leitura mais fraca; parte do peso vem de fallback histórico e deve ser confirmada em campo.,"O território se diferencia do bloco intermediário, mas sem isolamento absoluto.","Verificar eventos recentes, pressão territorial e coerência com inteligência local antes da próxima atualização do ranking."
2026-05-26T08:42:21,2026-05-25,src/core/orchestrator.py:get_combined_risk,fortaleza_bairros_top30,15,ENGENHEIRO LUCIANO CAVALCANTE,ENGENHEIRO LUCIANO CAVALCANTE,fortaleza,bairro,30.33,baixo,40.9,muito baixa,76.7,alta,0,1,11.0,50.0,50.0,0.0,46.7,50.0,0.0,50.0,0.93,87.0,14,14,True,stable,Fallback histórico ativado,55.0,Tensão territorial,50.0,Sinal neural do ST-GAT,50.0,Fallback histórico ativado: 55.0% | Tensão territorial: 50.0% | Sinal neural do ST-GAT: 50.0%,"ENGENHEIRO LUCIANO CAVALCANTE aparece na posição 15 de 109, com risco 30.3 e nível baixo; é território de atenção tática.","O peso principal vem de fallback histórico ativado, com suporte territorial de 50.0% e 1 registros recentes na janela de 30 dias.",Leitura mais fraca; parte do peso vem de fallback histórico e deve ser confirmada em campo.,"O território se diferencia do bloco intermediário, mas sem isolamento absoluto.","Verificar eventos recentes, pressão territorial e coerência com inteligência local antes da próxima atualização do ranking."
2026-05-26T08:42:21,2026-05-25,src/core/orchestrator.py:get_combined_risk,fortaleza_bairros_top30,16,BOM JARDIM,BOM JARDIM,fortaleza,bairro,29.04,baixo,50.0,muito baixa,75.7,alta,0,0,54.0,33.4,85.0,0.0,46.7,85.0,85.0,0.0,0.85,86.1,14,14,True,stable,Tensão territorial,85.0,Fallback histórico ativado,55.0,Sinal neural do ST-GAT,33.4,Tensão territorial: 85.0% | Fallback histórico ativado: 55.0% | Sinal neural do ST-GAT: 33.4%,"BOM JARDIM aparece na posição 16 de 109, com risco 29.0 e nível baixo; é território de atenção tática.","O peso principal vem de tensão territorial, com suporte territorial de 85.0% e 0 registros recentes na janela de 30 dias.",Leitura mais fraca; parte do peso vem de fallback histórico e deve ser confirmada em campo.,"O território se diferencia do bloco intermediário, mas sem isolamento absoluto.","Verificar eventos recentes, pressão territorial e coerência com inteligência local antes da próxima atualização do ranking."
2026-05-26T08:42:21,2026-05-25,src/core/orchestrator.py:get_combined_risk,fortaleza_bairros_top30,17,PASSARE,PASSARE,fortaleza,bairro,27.19,baixo,55.2,baixa,74.6,alta,0,0,65.0,23.7,100.0,0.0,46.7,100.0,100.0,0.0,0.73,85.2,14,14,True,stable,Tensão territorial,100.0,Fallback histórico ativado,55.0,Sinal neural do ST-GAT,23.7,Tensão territorial: 100.0% | Fallback histórico ativado: 55.0% | Sinal neural do ST-GAT: 23.7%,"PASSARE aparece na posição 17 de 109, com risco 27.2 e nível baixo; é território de atenção tática.","O peso principal vem de tensão territorial, com suporte territorial de 100.0% e 0 registros recentes na janela de 30 dias.",Leitura mais fraca; parte do peso vem de fallback histórico e deve ser confirmada em campo.,"O território se diferencia do bloco intermediário, mas sem isolamento absoluto.","Verificar eventos recentes, pressão territorial e coerência com inteligência local antes da próxima atualização do ranking."
2026-05-26T08:42:21,2026-05-25,src/core/orchestrator.py:get_combined_risk,fortaleza_bairros_top30,18,PARQUE IRACEMA,PARQUE IRACEMA,fortaleza,bairro,26.03,baixo,24.7,muito baixa,73.7,alta,0,0,11.0,61.4,0.0,0.0,46.7,0.0,0.0,0.0,0.66,84.3,14,14,True,stable,Sinal neural do ST-GAT,61.4,Fallback histórico ativado,55.0,Tensão territorial,0.0,Sinal neural do ST-GAT: 61.4% | Fallback histórico ativado: 55.0% | Tensão territorial: 0.0%,"PARQUE IRACEMA aparece na posição 18 de 109, com risco 26.0 e nível baixo; é território de atenção tática.","O peso principal vem de sinal neural do st-gat, com suporte territorial de 0.0% e 0 registros recentes na janela de 30 dias.",Leitura mais fraca; parte do peso vem de fallback histórico e deve ser confirmada em campo.,"O território se diferencia do bloco intermediário, mas sem isolamento absoluto.","Verificar eventos recentes, pressão territorial e coerência com inteligência local antes da próxima atualização do ranking."
2026-05-26T08:42:21,2026-05-25,src/core/orchestrator.py:get_combined_risk,fortaleza_bairros_top30,19,GRANJA PORTUGAL,GRANJA PORTUGAL,fortaleza,bairro,25.83,baixo,52.5,muito baixa,73.1,alta,0,0,57.0,24.0,92.5,0.0,46.7,92.5,92.5,0.0,0.65,83.3,14,14,True,stable,Tensão territorial,92.5,Fallback histórico ativado,55.0,Sinal neural do ST-GAT,24.0,Tensão territorial: 92.5% | Fallback histórico ativado: 55.0% | Sinal neural do ST-GAT: 24.0%,"GRANJA PORTUGAL aparece na posição 19 de 109, com risco 25.8 e nível baixo; é território de atenção tática.","O peso principal vem de tensão territorial, com suporte territorial de 92.5% e 0 registros recentes na janela de 30 dias.",Leitura mais fraca; parte do peso vem de fallback histórico e deve ser confirmada em campo.,"O território se diferencia do bloco intermediário, mas sem isolamento absoluto.","Verificar eventos recentes, pressão territorial e coerência com inteligência local antes da próxima atualização do ranking."
2026-05-26T08:42:21,2026-05-25,src/core/orchestrator.py:get_combined_risk,fortaleza_bairros_top30,20,QUINTINO CUNHA,QUINTINO CUNHA,fortaleza,bairro,25.14,baixo,55.0,baixa,72.3,alta,0,0,68.0,19.6,100.0,0.0,46.7,100.0,100.0,0.0,0.6,82.4,14,14,True,stable,Tensão territorial,100.0,Fallback histórico ativado,55.0,Sinal neural do ST-GAT,19.6,Tensão territorial: 100.0% | Fallback histórico ativado: 55.0% | Sinal neural do ST-GAT: 19.6%,"QUINTINO CUNHA aparece na posição 20 de 109, com risco 25.1 e nível baixo; é território de atenção tática.","O peso principal vem de tensão territorial, com suporte territorial de 100.0% e 0 registros recentes na janela de 30 dias.",Leitura mais fraca; parte do peso vem de fallback histórico e deve ser confirmada em campo.,"O território se diferencia do bloco intermediário, mas sem isolamento absoluto.","Verificar eventos recentes, pressão territorial e coerência com inteligência local antes da próxima atualização do ranking."
2026-05-26T08:42:21,2026-05-25,src/core/orchestrator.py:get_combined_risk,fortaleza_bairros_top30,21,VICENTE PINZON,VICENTE PINZON,fortaleza,bairro,24.24,baixo,52.4,muito baixa,71.5,alta,0,0,57.0,20.8,92.5,0.0,46.7,92.5,92.5,0.0,0.54,81.5,14,14,True,stable,Tensão territorial,92.5,Fallback histórico ativado,55.0,Sinal neural do ST-GAT,20.8,Tensão territorial: 92.5% | Fallback histórico ativado: 55.0% | Sinal neural do ST-GAT: 20.8%,"VICENTE PINZON aparece na posição 21 de 109, com risco 24.2 e nível baixo; é território de atenção tática.","O peso principal vem de tensão territorial, com suporte territorial de 92.5% e 0 registros recentes na janela de 30 dias.",Leitura mais fraca; parte do peso vem de fallback histórico e deve ser confirmada em campo.,"O território se diferencia do bloco intermediário, mas sem isolamento absoluto.","Verificar eventos recentes, pressão territorial e coerência com inteligência local antes da próxima atualização do ranking."
2026-05-26T08:42:21,2026-05-25,src/core/orchestrator.py:get_combined_risk,fortaleza_bairros_top30,22,LAGOA REDONDA,LAGOA REDONDA,fortaleza,bairro,24.02,baixo,54.9,muito baixa,70.9,alta,0,0,60.0,17.4,100.0,0.0,46.7,100.0,100.0,0.0,0.53,80.6,14,14,True,stable,Tensão territorial,100.0,Fallback histórico ativado,55.0,Sinal neural do ST-GAT,17.4,Tensão territorial: 100.0% | Fallback histórico ativado: 55.0% | Sinal neural do ST-GAT: 17.4%,"LAGOA REDONDA aparece na posição 22 de 109, com risco 24.0 e nível baixo; é território de atenção tática.","O peso principal vem de tensão territorial, com suporte territorial de 100.0% e 0 registros recentes na janela de 30 dias.",Leitura mais fraca; parte do peso vem de fallback histórico e deve ser confirmada em campo.,"O território se diferencia do bloco intermediário, mas sem isolamento absoluto.","Verificar eventos recentes, pressão territorial e coerência com inteligência local antes da próxima atualização do ranking."
2026-05-26T08:42:21,2026-05-25,src/core/orchestrator.py:get_combined_risk,fortaleza_bairros_top30,23,CAMBEBA,CAMBEBA,fortaleza,bairro,23.32,baixo,41.7,muito baixa,70.1,alta,0,1,10.0,36.0,50.0,0.0,46.7,50.0,0.0,50.0,0.49,79.6,14,14,True,stable,Fallback histórico ativado,55.0,Tensão territorial,50.0,Sinal neural do ST-GAT,36.0,Fallback histórico ativado: 55.0% | Tensão territorial: 50.0% | Sinal neural do ST-GAT: 36.0%,"CAMBEBA aparece na posição 23 de 109, com risco 23.3 e nível baixo; é território de atenção tática.","O peso principal vem de fallback histórico ativado, com suporte territorial de 50.0% e 1 registros recentes na janela de 30 dias.",Leitura mais fraca; parte do peso vem de fallback histórico e deve ser confirmada em campo.,"O território se diferencia do bloco intermediário, mas sem isolamento absoluto.","Verificar eventos recentes, pressão territorial e coerência com inteligência local antes da próxima atualização do ranking."
2026-05-26T08:42:21,2026-05-25,src/core/orchestrator.py:get_combined_risk,fortaleza_bairros_top30,24,PAUPINA,PAUPINA,fortaleza,bairro,22.25,baixo,38.7,muito baixa,69.2,moderada,0,0,42.0,31.8,55.0,0.0,46.7,55.0,55.0,0.0,0.42,78.7,14,14,True,stable,Fallback histórico ativado,55.0,Tensão territorial,55.0,Sinal neural do ST-GAT,31.8,Fallback histórico ativado: 55.0% | Tensão territorial: 55.0% | Sinal neural do ST-GAT: 31.8%,"PAUPINA aparece na posição 24 de 109, com risco 22.2 e nível baixo; é território de atenção tática.","O peso principal vem de fallback histórico ativado, com suporte territorial de 55.0% e 0 registros recentes na janela de 30 dias.",Leitura mais fraca; parte do peso vem de fallback histórico e deve ser confirmada em campo.,O território está próximo de pares vizinhos e pode oscilar no próximo ciclo.,"Verificar eventos recentes, pressão territorial e coerência com inteligência local antes da próxima atualização do ranking."
2026-05-26T08:42:21,2026-05-25,src/core/orchestrator.py:get_combined_risk,fortaleza_bairros_top30,25,ALDEOTA,ALDEOTA,fortaleza,bairro,22.15,baixo,23.8,muito baixa,68.7,moderada,0,0,12.0,53.6,0.0,0.0,46.7,0.0,0.0,0.0,0.41,77.8,14,14,True,stable,Fallback histórico ativado,55.0,Sinal neural do ST-GAT,53.6,Tensão territorial,0.0,Fallback histórico ativado: 55.0% | Sinal neural do ST-GAT: 53.6% | Tensão territorial: 0.0%,"ALDEOTA aparece na posição 25 de 109, com risco 22.1 e nível baixo; é território de atenção tática.","O peso principal vem de fallback histórico ativado, com suporte territorial de 0.0% e 0 registros recentes na janela de 30 dias.",Leitura mais fraca; parte do peso vem de fallback histórico e deve ser confirmada em campo.,O território está próximo de pares vizinhos e pode oscilar no próximo ciclo.,"Verificar eventos recentes, pressão territorial e coerência com inteligência local antes da próxima atualização do ranking."
2026-05-26T08:42:21,2026-05-25,src/core/orchestrator.py:get_combined_risk,fortaleza_bairros_top30,26,PICI,PICI,fortaleza,bairro,21.97,baixo,49.6,muito baixa,68.1,moderada,0,0,54.0,19.3,85.0,0.0,46.7,85.0,85.0,0.0,0.4,76.9,14,14,True,stable,Tensão territorial,85.0,Fallback histórico ativado,55.0,Sinal neural do ST-GAT,19.3,Tensão territorial: 85.0% | Fallback histórico ativado: 55.0% | Sinal neural do ST-GAT: 19.3%,"PICI aparece na posição 26 de 109, com risco 22.0 e nível baixo; é território de atenção tática.","O peso principal vem de tensão territorial, com suporte territorial de 85.0% e 0 registros recentes na janela de 30 dias.",Leitura mais fraca; parte do peso vem de fallback histórico e deve ser confirmada em campo.,O território está próximo de pares vizinhos e pode oscilar no próximo ciclo.,"Verificar eventos recentes, pressão territorial e coerência com inteligência local antes da próxima atualização do ranking."
2026-05-26T08:42:21,2026-05-25,src/core/orchestrator.py:get_combined_risk,fortaleza_bairros_top30,27,JARDIM DAS OLIVEIRAS,JARDIM DAS OLIVEIRAS,fortaleza,bairro,21.93,baixo,46.1,muito baixa,67.5,moderada,0,0,50.0,23.2,75.0,0.0,46.7,75.0,75.0,0.0,0.4,75.9,14,14,True,stable,Tensão territorial,75.0,Fallback histórico ativado,55.0,Sinal neural do ST-GAT,23.2,Tensão territorial: 75.0% | Fallback histórico ativado: 55.0% | Sinal neural do ST-GAT: 23.2%,"JARDIM DAS OLIVEIRAS aparece na posição 27 de 109, com risco 21.9 e nível baixo; é território de atenção tática.","O peso principal vem de tensão territorial, com suporte territorial de 75.0% e 0 registros recentes na janela de 30 dias.",Leitura mais fraca; parte do peso vem de fallback histórico e deve ser confirmada em campo.,O território está próximo de pares vizinhos e pode oscilar no próximo ciclo.,"Verificar eventos recentes, pressão territorial e coerência com inteligência local antes da próxima atualização do ranking."
2026-05-26T08:42:21,2026-05-25,src/core/orchestrator.py:get_combined_risk,fortaleza_bairros_top30,28,CONJUNTO PALMEIRAS,CONJUNTO PALMEIRAS,fortaleza,bairro,21.86,baixo,54.6,muito baixa,66.9,moderada,0,1,54.0,19.1,85.0,0.0,46.7,85.0,85.0,50.0,0.39,75.0,14,14,True,stable,Tensão territorial,85.0,Fallback histórico ativado,55.0,CVLI recente na janela de 30 dias,20.0,Tensão territorial: 85.0% | Fallback histórico ativado: 55.0% | CVLI recente na janela de 30 dias: 20.0%,"CONJUNTO PALMEIRAS aparece na posição 28 de 109, com risco 21.9 e nível baixo; é território de atenção tática.","O peso principal vem de tensão territorial, com suporte territorial de 85.0% e 1 registros recentes na janela de 30 dias.",Leitura mais fraca; parte do peso vem de fallback histórico e deve ser confirmada em campo.,O território está próximo de pares vizinhos e pode oscilar no próximo ciclo.,"Verificar eventos recentes, pressão territorial e coerência com inteligência local antes da próxima atualização do ranking."
2026-05-26T08:42:21,2026-05-25,src/core/orchestrator.py:get_combined_risk,fortaleza_bairros_top30,29,CIDADE DOS FUNCIONARIOS,CIDADE DOS FUNCIONARIOS,fortaleza,bairro,21.14,baixo,26.1,muito baixa,66.1,moderada,0,0,24.0,51.6,0.0,0.0,46.7,10.0,10.0,0.0,0.35,74.1,14,14,True,stable,Fallback histórico ativado,55.0,Sinal neural do ST-GAT,51.6,Tensão territorial,0.0,Fallback histórico ativado: 55.0% | Sinal neural do ST-GAT: 51.6% | Tensão territorial: 0.0%,"CIDADE DOS FUNCIONARIOS aparece na posição 29 de 109, com risco 21.1 e nível baixo; é território de atenção tática.","O peso principal vem de fallback histórico ativado, com suporte territorial de 10.0% e 0 registros recentes na janela de 30 dias.",Leitura mais fraca; parte do peso vem de fallback histórico e deve ser confirmada em campo.,O território está próximo de pares vizinhos e pode oscilar no próximo ciclo.,"Verificar eventos recentes, pressão territorial e coerência com inteligência local antes da próxima atualização do ranking."
2026-05-26T08:42:21,2026-05-25,src/core/orchestrator.py:get_combined_risk,fortaleza_bairros_top30,30,DEMOCRITO ROCHA,DEMOCRITO ROCHA,fortaleza,bairro,20.54,baixo,41.8,muito baixa,65.4,moderada,0,1,8.0,30.4,50.0,0.0,46.7,50.0,0.0,50.0,0.31,73.1,14,14,True,stable,Fallback histórico ativado,55.0,Tensão territorial,50.0,Sinal neural do ST-GAT,30.4,Fallback histórico ativado: 55.0% | Tensão territorial: 50.0% | Sinal neural do ST-GAT: 30.4%,"DEMOCRITO ROCHA aparece na posição 30 de 109, com risco 20.5 e nível baixo; é território de atenção tática.","O peso principal vem de fallback histórico ativado, com suporte territorial de 50.0% e 1 registros recentes na janela de 30 dias.",Leitura mais fraca; parte do peso vem de fallback histórico e deve ser confirmada em campo.,O território está próximo de pares vizinhos e pode oscilar no próximo ciclo.,"Verificar eventos recentes, pressão territorial e coerência com inteligência local antes da próxima atualização do ranking."
