snapshot_generated_at,data_limit,source,scope,rank,name,name_normalized,region,territorial_level,risk_score,risk_level,confidence_pct,confidence_label,expressiveness_pct,expressiveness_label,recent_cvli_14d,recent_cvli_30d,historical_cvli,neural_score,tension_score,inclusion_score,calm_penalty,territorial_support_pct,historical_support_pct,live_support_pct,score_z,peer_percentile,dynamic_window_days,base_window_days,historical_fallback,trend,top_driver_1,top_driver_1_strength_pct,top_driver_2,top_driver_2_strength_pct,top_driver_3,top_driver_3_strength_pct,explainability_summary,leitura_rapida_gestor,por_que_importa_gestor,confianca_limites_gestor,expressividade_previsao_gestor,proxima_acao_gestor
2026-05-25T14:14:54,2026-05-25,src/core/orchestrator.py:get_combined_risk,cities_general_top30,1,MARACANAU,MARACANAU,rmf,cidade,85.33,crítico,53.9,muito baixa,98.2,muito alta,0,0,639.0,100.0,100.0,0.0,46.7,100.0,100.0,0.0,3.79,100.0,30,14,True,stable,Sinal neural do ST-GAT,100.0,Tensão territorial,100.0,Fallback histórico ativado,55.0,Sinal neural do ST-GAT: 100.0% | Tensão territorial: 100.0% | Fallback histórico ativado: 55.0%,"MARACANAU aparece na posição 1 de 69, com risco 85.3 e nível crítico; é prioridade imediata de acompanhamento.","O peso principal vem de sinal neural do st-gat, com suporte territorial de 100.0% e 0 registros recentes na janela de 30 dias.",Leitura mais fraca; parte do peso vem de fallback histórico e deve ser confirmada em campo.,O território está bem destacado no ranking frente aos pares.,"Verificar eventos recentes, pressão territorial e coerência com inteligência local antes da próxima atualização do ranking."
2026-05-25T14:14:54,2026-05-25,src/core/orchestrator.py:get_combined_risk,cities_general_top30,2,CAUCAIA,CAUCAIA,rmf,cidade,83.32,crítico,54.1,muito baixa,96.7,muito alta,0,0,620.0,96.0,100.0,0.0,46.7,100.0,100.0,0.0,3.67,98.5,30,14,True,stable,Tensão territorial,100.0,Sinal neural do ST-GAT,96.0,Fallback histórico ativado,55.0,Tensão territorial: 100.0% | Sinal neural do ST-GAT: 96.0% | Fallback histórico ativado: 55.0%,"CAUCAIA aparece na posição 2 de 69, com risco 83.3 e nível crítico; é prioridade imediata de acompanhamento.","O peso principal vem de tensão territorial, com suporte territorial de 100.0% e 0 registros recentes na janela de 30 dias.",Leitura mais fraca; parte do peso vem de fallback histórico e deve ser confirmada em campo.,O território está bem destacado no ranking frente aos pares.,"Verificar eventos recentes, pressão territorial e coerência com inteligência local antes da próxima atualização do ranking."
2026-05-25T14:14:54,2026-05-25,src/core/orchestrator.py:get_combined_risk,cities_general_top30,3,ITAPAJE,ITAPAJE,interior,cidade,72.48,crítico,90.1,alta,92.8,muito alta,3,3,46.0,65.3,100.0,100.0,3.3,100.0,65.0,100.0,3.03,97.1,14,14,False,stable,Atividade recente e vizinhança,100.0,Tensão territorial,100.0,Sinal neural do ST-GAT,65.3,Atividade recente e vizinhança: 100.0% | Tensão territorial: 100.0% | Sinal neural do ST-GAT: 65.3%,"ITAPAJE aparece na posição 3 de 69, com risco 72.5 e nível crítico; é prioridade imediata de acompanhamento.","O peso principal vem de atividade recente e vizinhança, com suporte territorial de 100.0% e 3 registros recentes na janela de 30 dias.",Leitura com boa sustentação dos sinais atuais.,O território está bem destacado no ranking frente aos pares.,"Verificar eventos recentes, pressão territorial e coerência com inteligência local antes da próxima atualização do ranking."
2026-05-25T14:14:54,2026-05-25,src/core/orchestrator.py:get_combined_risk,cities_general_top30,4,TIANGUA,TIANGUA,interior,cidade,54.42,alto,78.6,moderada,86.8,muito alta,1,1,78.0,87.2,100.0,50.0,40.0,100.0,100.0,100.0,1.97,95.6,14,14,False,stable,Tensão territorial,100.0,Sinal neural do ST-GAT,87.2,Atividade recente e vizinhança,50.0,Tensão territorial: 100.0% | Sinal neural do ST-GAT: 87.2% | Atividade recente e vizinhança: 50.0%,"TIANGUA aparece na posição 4 de 69, com risco 54.4 e nível alto; é prioridade imediata de acompanhamento.","O peso principal vem de tensão territorial, com suporte territorial de 100.0% e 1 registros recentes na janela de 30 dias.","Leitura consistente, mas ainda pede validação operacional pontual.",O território está bem destacado no ranking frente aos pares.,"Verificar eventos recentes, pressão territorial e coerência com inteligência local antes da próxima atualização do ranking."
2026-05-25T14:14:54,2026-05-25,src/core/orchestrator.py:get_combined_risk,cities_general_top30,5,GROAIRAS,GROAIRAS,interior,cidade,50.86,moderado,78.7,moderada,84.9,alta,1,1,48.0,65.0,100.0,50.0,16.7,100.0,70.0,100.0,1.76,94.1,14,14,False,stable,Tensão territorial,100.0,Sinal neural do ST-GAT,65.0,Atividade recente e vizinhança,50.0,Tensão territorial: 100.0% | Sinal neural do ST-GAT: 65.0% | Atividade recente e vizinhança: 50.0%,"GROAIRAS aparece na posição 5 de 69, com risco 50.9 e nível moderado; é prioridade imediata de acompanhamento.","O peso principal vem de tensão territorial, com suporte territorial de 100.0% e 1 registros recentes na janela de 30 dias.","Leitura consistente, mas ainda pede validação operacional pontual.","O território se diferencia do bloco intermediário, mas sem isolamento absoluto.","Verificar eventos recentes, pressão territorial e coerência com inteligência local antes da próxima atualização do ranking."
2026-05-25T14:14:54,2026-05-25,src/core/orchestrator.py:get_combined_risk,cities_general_top30,6,VARZEA ALEGRE,VARZEA ALEGRE,interior,cidade,47.53,moderado,78.7,moderada,83.0,alta,1,1,17.0,65.3,100.0,50.0,46.7,100.0,0.0,100.0,1.56,92.6,14,14,False,stable,Tensão territorial,100.0,Sinal neural do ST-GAT,65.3,Atividade recente e vizinhança,50.0,Tensão territorial: 100.0% | Sinal neural do ST-GAT: 65.3% | Atividade recente e vizinhança: 50.0%,"VARZEA ALEGRE aparece na posição 6 de 69, com risco 47.5 e nível moderado; é prioridade alta de acompanhamento.","O peso principal vem de tensão territorial, com suporte territorial de 100.0% e 1 registros recentes na janela de 30 dias.","Leitura consistente, mas ainda pede validação operacional pontual.","O território se diferencia do bloco intermediário, mas sem isolamento absoluto.","Verificar eventos recentes, pressão territorial e coerência com inteligência local antes da próxima atualização do ranking."
2026-05-25T14:14:54,2026-05-25,src/core/orchestrator.py:get_combined_risk,cities_general_top30,7,ALTO SANTO,ALTO SANTO,interior,cidade,42.57,moderado,77.7,moderada,80.8,alta,1,1,22.0,46.8,100.0,50.0,46.7,100.0,5.0,100.0,1.27,91.2,14,14,False,stable,Tensão territorial,100.0,Atividade recente e vizinhança,50.0,Sinal neural do ST-GAT,46.8,Tensão territorial: 100.0% | Atividade recente e vizinhança: 50.0% | Sinal neural do ST-GAT: 46.8%,"ALTO SANTO aparece na posição 7 de 69, com risco 42.6 e nível moderado; é prioridade alta de acompanhamento.","O peso principal vem de tensão territorial, com suporte territorial de 100.0% e 1 registros recentes na janela de 30 dias.","Leitura consistente, mas ainda pede validação operacional pontual.","O território se diferencia do bloco intermediário, mas sem isolamento absoluto.","Verificar eventos recentes, pressão territorial e coerência com inteligência local antes da próxima atualização do ranking."
2026-05-25T14:14:54,2026-05-25,src/core/orchestrator.py:get_combined_risk,cities_general_top30,8,SOBRAL,SOBRAL,interior,cidade,35.53,moderado,66.2,baixa,77.9,alta,0,0,67.0,95.1,100.0,0.0,46.7,100.0,100.0,0.0,0.85,89.7,14,14,False,stable,Tensão territorial,100.0,Sinal neural do ST-GAT,95.1,Atividade recente e vizinhança,0.0,Tensão territorial: 100.0% | Sinal neural do ST-GAT: 95.1% | Atividade recente e vizinhança: 0.0%,"SOBRAL aparece na posição 8 de 69, com risco 35.5 e nível moderado; é prioridade alta de acompanhamento.","O peso principal vem de tensão territorial, com suporte territorial de 100.0% e 0 registros recentes na janela de 30 dias.",Leitura sensível a ruído; requer conferência adicional antes de decisão forte.,"O território se diferencia do bloco intermediário, mas sem isolamento absoluto.","Verificar eventos recentes, pressão territorial e coerência com inteligência local antes da próxima atualização do ranking."
2026-05-25T14:14:54,2026-05-25,src/core/orchestrator.py:get_combined_risk,cities_general_top30,9,CARIRE,CARIRE,interior,cidade,32.7,moderado,74.0,moderada,76.2,alta,1,1,24.0,10.1,100.0,50.0,46.7,100.0,10.0,100.0,0.68,88.2,14,14,False,stable,Tensão territorial,100.0,Atividade recente e vizinhança,50.0,CVLI recente na janela de 30 dias,20.0,Tensão territorial: 100.0% | Atividade recente e vizinhança: 50.0% | CVLI recente na janela de 30 dias: 20.0%,"CARIRE aparece na posição 9 de 69, com risco 32.7 e nível moderado; é prioridade alta de acompanhamento.","O peso principal vem de tensão territorial, com suporte territorial de 100.0% e 1 registros recentes na janela de 30 dias.","Leitura consistente, mas ainda pede validação operacional pontual.","O território se diferencia do bloco intermediário, mas sem isolamento absoluto.","Verificar eventos recentes, pressão territorial e coerência com inteligência local antes da próxima atualização do ranking."
2026-05-25T14:14:54,2026-05-25,src/core/orchestrator.py:get_combined_risk,cities_general_top30,10,LIMOEIRO DO NORTE,LIMOEIRO DO NORTE,interior,cidade,31.24,moderado,55.0,baixa,75.0,alta,0,0,40.0,97.8,50.0,0.0,46.7,50.0,50.0,0.0,0.6,86.8,14,14,False,stable,Sinal neural do ST-GAT,97.8,Tensão territorial,50.0,Atividade recente e vizinhança,0.0,Sinal neural do ST-GAT: 97.8% | Tensão territorial: 50.0% | Atividade recente e vizinhança: 0.0%,"LIMOEIRO DO NORTE aparece na posição 10 de 69, com risco 31.2 e nível moderado; é prioridade alta de acompanhamento.","O peso principal vem de sinal neural do st-gat, com suporte territorial de 50.0% e 0 registros recentes na janela de 30 dias.",Leitura sensível a ruído; requer conferência adicional antes de decisão forte.,"O território se diferencia do bloco intermediário, mas sem isolamento absoluto.","Verificar eventos recentes, pressão territorial e coerência com inteligência local antes da próxima atualização do ranking."
2026-05-25T14:14:54,2026-05-25,src/core/orchestrator.py:get_combined_risk,cities_general_top30,11,URUBURETAMA,URUBURETAMA,interior,cidade,27.37,baixo,43.1,muito baixa,73.0,alta,0,0,23.0,99.2,7.5,0.0,46.7,7.5,7.5,0.0,0.37,85.3,14,14,False,stable,Sinal neural do ST-GAT,99.2,Tensão territorial,7.5,Atividade recente e vizinhança,0.0,Sinal neural do ST-GAT: 99.2% | Tensão territorial: 7.5% | Atividade recente e vizinhança: 0.0%,"URUBURETAMA aparece na posição 11 de 69, com risco 27.4 e nível baixo; é território de atenção tática.","O peso principal vem de sinal neural do st-gat, com suporte territorial de 7.5% e 0 registros recentes na janela de 30 dias.",Leitura sensível a ruído; requer conferência adicional antes de decisão forte.,"O território se diferencia do bloco intermediário, mas sem isolamento absoluto.","Verificar eventos recentes, pressão territorial e coerência com inteligência local antes da próxima atualização do ranking."
2026-05-25T14:14:54,2026-05-25,src/core/orchestrator.py:get_combined_risk,cities_general_top30,12,OROS,OROS,interior,cidade,26.83,baixo,40.9,muito baixa,71.9,alta,0,0,13.0,100.0,0.0,0.0,46.7,0.0,0.0,0.0,0.34,83.8,14,14,False,stable,Sinal neural do ST-GAT,100.0,Tensão territorial,0.0,Atividade recente e vizinhança,0.0,Sinal neural do ST-GAT: 100.0% | Tensão territorial: 0.0% | Atividade recente e vizinhança: 0.0%,"OROS aparece na posição 12 de 69, com risco 26.8 e nível baixo; é território de atenção tática.","O peso principal vem de sinal neural do st-gat, com suporte territorial de 0.0% e 0 registros recentes na janela de 30 dias.",Leitura sensível a ruído; requer conferência adicional antes de decisão forte.,"O território se diferencia do bloco intermediário, mas sem isolamento absoluto.","Verificar eventos recentes, pressão territorial e coerência com inteligência local antes da próxima atualização do ranking."
2026-05-25T14:14:54,2026-05-25,src/core/orchestrator.py:get_combined_risk,cities_general_top30,13,JIJOCA DE JERICOACOARA,JIJOCA DE JERICOACOARA,interior,cidade,26.62,baixo,40.8,muito baixa,71.0,alta,0,0,18.0,99.2,0.0,0.0,46.7,0.0,0.0,0.0,0.33,82.4,14,14,False,stable,Sinal neural do ST-GAT,99.2,Tensão territorial,0.0,Atividade recente e vizinhança,0.0,Sinal neural do ST-GAT: 99.2% | Tensão territorial: 0.0% | Atividade recente e vizinhança: 0.0%,"JIJOCA DE JERICOACOARA aparece na posição 13 de 69, com risco 26.6 e nível baixo; é território de atenção tática.","O peso principal vem de sinal neural do st-gat, com suporte territorial de 0.0% e 0 registros recentes na janela de 30 dias.",Leitura sensível a ruído; requer conferência adicional antes de decisão forte.,"O território se diferencia do bloco intermediário, mas sem isolamento absoluto.","Verificar eventos recentes, pressão territorial e coerência com inteligência local antes da próxima atualização do ranking."
2026-05-25T14:14:54,2026-05-25,src/core/orchestrator.py:get_combined_risk,cities_general_top30,14,ACOPIARA,ACOPIARA,interior,cidade,26.62,baixo,40.8,muito baixa,70.1,alta,0,0,14.0,99.2,0.0,0.0,46.7,0.0,0.0,0.0,0.33,80.9,14,14,False,stable,Sinal neural do ST-GAT,99.2,Tensão territorial,0.0,Atividade recente e vizinhança,0.0,Sinal neural do ST-GAT: 99.2% | Tensão territorial: 0.0% | Atividade recente e vizinhança: 0.0%,"ACOPIARA aparece na posição 14 de 69, com risco 26.6 e nível baixo; é território de atenção tática.","O peso principal vem de sinal neural do st-gat, com suporte territorial de 0.0% e 0 registros recentes na janela de 30 dias.",Leitura sensível a ruído; requer conferência adicional antes de decisão forte.,"O território se diferencia do bloco intermediário, mas sem isolamento absoluto.","Verificar eventos recentes, pressão territorial e coerência com inteligência local antes da próxima atualização do ranking."
2026-05-25T14:14:54,2026-05-25,src/core/orchestrator.py:get_combined_risk,cities_general_top30,15,MIRAIMA,MIRAIMA,interior,cidade,26.62,baixo,40.8,muito baixa,69.2,moderada,0,0,15.0,99.2,0.0,0.0,46.7,0.0,0.0,0.0,0.33,79.4,14,14,False,stable,Sinal neural do ST-GAT,99.2,Tensão territorial,0.0,Atividade recente e vizinhança,0.0,Sinal neural do ST-GAT: 99.2% | Tensão territorial: 0.0% | Atividade recente e vizinhança: 0.0%,"MIRAIMA aparece na posição 15 de 69, com risco 26.6 e nível baixo; é território de atenção tática.","O peso principal vem de sinal neural do st-gat, com suporte territorial de 0.0% e 0 registros recentes na janela de 30 dias.",Leitura sensível a ruído; requer conferência adicional antes de decisão forte.,O território está próximo de pares vizinhos e pode oscilar no próximo ciclo.,"Verificar eventos recentes, pressão territorial e coerência com inteligência local antes da próxima atualização do ranking."
2026-05-25T14:14:54,2026-05-25,src/core/orchestrator.py:get_combined_risk,cities_general_top30,16,SANTANA DO ACARAU,SANTANA DO ACARAU,interior,cidade,26.62,baixo,40.8,muito baixa,68.3,moderada,0,0,9.0,99.2,0.0,0.0,46.7,0.0,0.0,0.0,0.33,77.9,14,14,False,stable,Sinal neural do ST-GAT,99.2,Tensão territorial,0.0,Atividade recente e vizinhança,0.0,Sinal neural do ST-GAT: 99.2% | Tensão territorial: 0.0% | Atividade recente e vizinhança: 0.0%,"SANTANA DO ACARAU aparece na posição 16 de 69, com risco 26.6 e nível baixo; é território de atenção tática.","O peso principal vem de sinal neural do st-gat, com suporte territorial de 0.0% e 0 registros recentes na janela de 30 dias.",Leitura sensível a ruído; requer conferência adicional antes de decisão forte.,O território está próximo de pares vizinhos e pode oscilar no próximo ciclo.,"Verificar eventos recentes, pressão territorial e coerência com inteligência local antes da próxima atualização do ranking."
2026-05-25T14:14:54,2026-05-25,src/core/orchestrator.py:get_combined_risk,cities_general_top30,17,CEDRO,CEDRO,interior,cidade,26.62,baixo,40.8,muito baixa,67.5,moderada,0,0,10.0,99.2,0.0,0.0,46.7,0.0,0.0,0.0,0.33,76.5,14,14,False,stable,Sinal neural do ST-GAT,99.2,Tensão territorial,0.0,Atividade recente e vizinhança,0.0,Sinal neural do ST-GAT: 99.2% | Tensão territorial: 0.0% | Atividade recente e vizinhança: 0.0%,"CEDRO aparece na posição 17 de 69, com risco 26.6 e nível baixo; é território de atenção tática.","O peso principal vem de sinal neural do st-gat, com suporte territorial de 0.0% e 0 registros recentes na janela de 30 dias.",Leitura sensível a ruído; requer conferência adicional antes de decisão forte.,O território está próximo de pares vizinhos e pode oscilar no próximo ciclo.,"Verificar eventos recentes, pressão territorial e coerência com inteligência local antes da próxima atualização do ranking."
2026-05-25T14:14:54,2026-05-25,src/core/orchestrator.py:get_combined_risk,cities_general_top30,18,IGUATU,IGUATU,interior,cidade,26.03,baixo,67.7,baixa,66.4,moderada,0,0,81.0,59.8,100.0,0.0,46.7,100.0,100.0,0.0,0.29,75.0,14,14,False,stable,Tensão territorial,100.0,Sinal neural do ST-GAT,59.8,Atividade recente e vizinhança,0.0,Tensão territorial: 100.0% | Sinal neural do ST-GAT: 59.8% | Atividade recente e vizinhança: 0.0%,"IGUATU aparece na posição 18 de 69, com risco 26.0 e nível baixo; é território de atenção tática.","O peso principal vem de tensão territorial, com suporte territorial de 100.0% e 0 registros recentes na janela de 30 dias.",Leitura sensível a ruído; requer conferência adicional antes de decisão forte.,O território está próximo de pares vizinhos e pode oscilar no próximo ciclo.,"Verificar eventos recentes, pressão territorial e coerência com inteligência local antes da próxima atualização do ranking."
2026-05-25T14:14:54,2026-05-25,src/core/orchestrator.py:get_combined_risk,cities_general_top30,19,BATURITE,BATURITE,interior,cidade,26.03,baixo,67.7,baixa,65.5,moderada,0,0,64.0,59.8,100.0,0.0,46.7,100.0,100.0,0.0,0.29,73.5,14,14,False,stable,Tensão territorial,100.0,Sinal neural do ST-GAT,59.8,Atividade recente e vizinhança,0.0,Tensão territorial: 100.0% | Sinal neural do ST-GAT: 59.8% | Atividade recente e vizinhança: 0.0%,"BATURITE aparece na posição 19 de 69, com risco 26.0 e nível baixo; é território de atenção tática.","O peso principal vem de tensão territorial, com suporte territorial de 100.0% e 0 registros recentes na janela de 30 dias.",Leitura sensível a ruído; requer conferência adicional antes de decisão forte.,O território está próximo de pares vizinhos e pode oscilar no próximo ciclo.,"Verificar eventos recentes, pressão territorial e coerência com inteligência local antes da próxima atualização do ranking."
2026-05-25T14:14:54,2026-05-25,src/core/orchestrator.py:get_combined_risk,cities_general_top30,20,CRATO,CRATO,interior,cidade,25.59,baixo,40.4,muito baixa,64.5,moderada,0,0,6.0,95.4,0.0,0.0,46.7,0.0,0.0,0.0,0.26,72.1,14,14,False,stable,Sinal neural do ST-GAT,95.4,Tensão territorial,0.0,Atividade recente e vizinhança,0.0,Sinal neural do ST-GAT: 95.4% | Tensão territorial: 0.0% | Atividade recente e vizinhança: 0.0%,"CRATO aparece na posição 20 de 69, com risco 25.6 e nível baixo; é território de atenção tática.","O peso principal vem de sinal neural do st-gat, com suporte territorial de 0.0% e 0 registros recentes na janela de 30 dias.",Leitura sensível a ruído; requer conferência adicional antes de decisão forte.,O território está próximo de pares vizinhos e pode oscilar no próximo ciclo.,"Verificar eventos recentes, pressão territorial e coerência com inteligência local antes da próxima atualização do ranking."
2026-05-25T14:14:54,2026-05-25,src/core/orchestrator.py:get_combined_risk,cities_general_top30,21,FORQUILHA,FORQUILHA,interior,cidade,25.53,baixo,40.3,muito baixa,63.6,moderada,0,0,12.0,95.1,0.0,0.0,46.7,0.0,0.0,0.0,0.26,70.6,14,14,False,stable,Sinal neural do ST-GAT,95.1,Tensão territorial,0.0,Atividade recente e vizinhança,0.0,Sinal neural do ST-GAT: 95.1% | Tensão territorial: 0.0% | Atividade recente e vizinhança: 0.0%,"FORQUILHA aparece na posição 21 de 69, com risco 25.5 e nível baixo; é território de atenção tática.","O peso principal vem de sinal neural do st-gat, com suporte territorial de 0.0% e 0 registros recentes na janela de 30 dias.",Leitura sensível a ruído; requer conferência adicional antes de decisão forte.,O território está próximo de pares vizinhos e pode oscilar no próximo ciclo.,"Verificar eventos recentes, pressão territorial e coerência com inteligência local antes da próxima atualização do ranking."
2026-05-25T14:14:54,2026-05-25,src/core/orchestrator.py:get_combined_risk,cities_general_top30,22,IRACEMA,IRACEMA,interior,cidade,24.77,baixo,40.0,muito baixa,62.5,moderada,0,0,15.0,92.3,0.0,0.0,46.7,0.0,0.0,0.0,0.22,69.1,14,14,False,stable,Sinal neural do ST-GAT,92.3,Tensão territorial,0.0,Atividade recente e vizinhança,0.0,Sinal neural do ST-GAT: 92.3% | Tensão territorial: 0.0% | Atividade recente e vizinhança: 0.0%,"IRACEMA aparece na posição 22 de 69, com risco 24.8 e nível baixo; é território de atenção tática.","O peso principal vem de sinal neural do st-gat, com suporte territorial de 0.0% e 0 registros recentes na janela de 30 dias.",Leitura sensível a ruído; requer conferência adicional antes de decisão forte.,O território está próximo de pares vizinhos e pode oscilar no próximo ciclo.,"Verificar eventos recentes, pressão territorial e coerência com inteligência local antes da próxima atualização do ranking."
2026-05-25T14:14:54,2026-05-25,src/core/orchestrator.py:get_combined_risk,cities_general_top30,23,PACATUBA,PACATUBA,rmf,cidade,23.93,baixo,53.6,muito baixa,61.4,moderada,1,1,59.0,1.9,0.0,50.0,20.0,100.0,97.5,100.0,0.17,67.6,30,14,True,stable,Fallback histórico ativado,55.0,Atividade recente e vizinhança,50.0,CVLI recente na janela de 30 dias,20.0,Fallback histórico ativado: 55.0% | Atividade recente e vizinhança: 50.0% | CVLI recente na janela de 30 dias: 20.0%,"PACATUBA aparece na posição 23 de 69, com risco 23.9 e nível baixo; é território de atenção tática.","O peso principal vem de fallback histórico ativado, com suporte territorial de 100.0% e 1 registros recentes na janela de 30 dias.",Leitura mais fraca; parte do peso vem de fallback histórico e deve ser confirmada em campo.,O território está próximo de pares vizinhos e pode oscilar no próximo ciclo.,"Verificar eventos recentes, pressão territorial e coerência com inteligência local antes da próxima atualização do ranking."
2026-05-25T14:14:54,2026-05-25,src/core/orchestrator.py:get_combined_risk,cities_general_top30,24,ARATUBA,ARATUBA,interior,cidade,19.03,baixo,45.1,muito baixa,59.1,moderada,0,0,32.0,59.8,30.0,0.0,46.7,30.0,30.0,0.0,-0.12,66.2,14,14,False,stable,Sinal neural do ST-GAT,59.8,Tensão territorial,30.0,Atividade recente e vizinhança,0.0,Sinal neural do ST-GAT: 59.8% | Tensão territorial: 30.0% | Atividade recente e vizinhança: 0.0%,"ARATUBA aparece na posição 24 de 69, com risco 19.0 e nível baixo; é território de atenção tática.","O peso principal vem de sinal neural do st-gat, com suporte territorial de 30.0% e 0 registros recentes na janela de 30 dias.",Leitura sensível a ruído; requer conferência adicional antes de decisão forte.,O território está próximo de pares vizinhos e pode oscilar no próximo ciclo.,"Verificar eventos recentes, pressão territorial e coerência com inteligência local antes da próxima atualização do ranking."
2026-05-25T14:14:54,2026-05-25,src/core/orchestrator.py:get_combined_risk,cities_general_top30,25,VICOSA DO CEARA,VICOSA DO CEARA,interior,cidade,17.78,baixo,41.8,muito baixa,57.9,moderada,0,0,27.0,59.8,17.5,0.0,46.7,17.5,17.5,0.0,-0.2,64.7,14,14,False,stable,Sinal neural do ST-GAT,59.8,Tensão territorial,17.5,Atividade recente e vizinhança,0.0,Sinal neural do ST-GAT: 59.8% | Tensão territorial: 17.5% | Atividade recente e vizinhança: 0.0%,"VICOSA DO CEARA aparece na posição 25 de 69, com risco 17.8 e nível baixo; é território de atenção tática.","O peso principal vem de sinal neural do st-gat, com suporte territorial de 17.5% e 0 registros recentes na janela de 30 dias.",Leitura sensível a ruído; requer conferência adicional antes de decisão forte.,O território está próximo de pares vizinhos e pode oscilar no próximo ciclo.,"Verificar eventos recentes, pressão territorial e coerência com inteligência local antes da próxima atualização do ranking."
2026-05-25T14:14:54,2026-05-25,src/core/orchestrator.py:get_combined_risk,cities_general_top30,26,HORIZONTE,HORIZONTE,rmf,cidade,16.86,baixo,43.3,muito baixa,56.7,moderada,0,0,128.0,3.1,0.0,0.0,46.7,100.0,100.0,0.0,-0.25,63.2,30,14,True,stable,Fallback histórico ativado,55.0,Sinal neural do ST-GAT,3.1,Tensão territorial,0.0,Fallback histórico ativado: 55.0% | Sinal neural do ST-GAT: 3.1% | Tensão territorial: 0.0%,"HORIZONTE aparece na posição 26 de 69, com risco 16.9 e nível baixo; é território de atenção tática.","O peso principal vem de fallback histórico ativado, com suporte territorial de 100.0% e 0 registros recentes na janela de 30 dias.",Leitura mais fraca; parte do peso vem de fallback histórico e deve ser confirmada em campo.,O território está próximo de pares vizinhos e pode oscilar no próximo ciclo.,"Verificar eventos recentes, pressão territorial e coerência com inteligência local antes da próxima atualização do ranking."
2026-05-25T14:14:54,2026-05-25,src/core/orchestrator.py:get_combined_risk,cities_general_top30,27,AURORA,AURORA,interior,cidade,16.83,baixo,36.8,muito baixa,55.9,moderada,0,0,8.0,62.7,0.0,0.0,46.7,0.0,0.0,0.0,-0.25,61.8,14,14,False,stable,Sinal neural do ST-GAT,62.7,Tensão territorial,0.0,Atividade recente e vizinhança,0.0,Sinal neural do ST-GAT: 62.7% | Tensão territorial: 0.0% | Atividade recente e vizinhança: 0.0%,"AURORA aparece na posição 27 de 69, com risco 16.8 e nível baixo; é território de atenção tática.","O peso principal vem de sinal neural do st-gat, com suporte territorial de 0.0% e 0 registros recentes na janela de 30 dias.",Leitura sensível a ruído; requer conferência adicional antes de decisão forte.,O território está próximo de pares vizinhos e pode oscilar no próximo ciclo.,"Verificar eventos recentes, pressão territorial e coerência com inteligência local antes da próxima atualização do ranking."
2026-05-25T14:14:54,2026-05-25,src/core/orchestrator.py:get_combined_risk,cities_general_top30,28,NOVA OLINDA,NOVA OLINDA,interior,cidade,16.78,baixo,38.8,muito baixa,55.0,moderada,0,0,23.0,59.8,7.5,0.0,46.7,7.5,7.5,0.0,-0.25,60.3,14,14,False,stable,Sinal neural do ST-GAT,59.8,Tensão territorial,7.5,Atividade recente e vizinhança,0.0,Sinal neural do ST-GAT: 59.8% | Tensão territorial: 7.5% | Atividade recente e vizinhança: 0.0%,"NOVA OLINDA aparece na posição 28 de 69, com risco 16.8 e nível baixo; é território de atenção tática.","O peso principal vem de sinal neural do st-gat, com suporte territorial de 7.5% e 0 registros recentes na janela de 30 dias.",Leitura sensível a ruído; requer conferência adicional antes de decisão forte.,O território está próximo de pares vizinhos e pode oscilar no próximo ciclo.,"Verificar eventos recentes, pressão territorial e coerência com inteligência local antes da próxima atualização do ranking."
2026-05-25T14:14:54,2026-05-25,src/core/orchestrator.py:get_combined_risk,cities_general_top30,29,ITAITINGA,ITAITINGA,rmf,cidade,16.74,baixo,35.8,muito baixa,54.0,moderada,0,1,26.0,2.8,0.0,0.0,46.7,50.0,15.0,50.0,-0.26,58.8,30,14,True,stable,Fallback histórico ativado,55.0,CVLI recente na janela de 30 dias,20.0,Sinal neural do ST-GAT,2.8,Fallback histórico ativado: 55.0% | CVLI recente na janela de 30 dias: 20.0% | Sinal neural do ST-GAT: 2.8%,"ITAITINGA aparece na posição 29 de 69, com risco 16.7 e nível baixo; é território de atenção tática.","O peso principal vem de fallback histórico ativado, com suporte territorial de 50.0% e 1 registros recentes na janela de 30 dias.",Leitura mais fraca; parte do peso vem de fallback histórico e deve ser confirmada em campo.,O território está próximo de pares vizinhos e pode oscilar no próximo ciclo.,"Verificar eventos recentes, pressão territorial e coerência com inteligência local antes da próxima atualização do ranking."
2026-05-25T14:14:54,2026-05-25,src/core/orchestrator.py:get_combined_risk,cities_general_top30,30,CAPISTRANO,CAPISTRANO,interior,cidade,16.28,baixo,37.3,muito baixa,53.1,moderada,0,0,21.0,59.8,2.5,0.0,46.7,2.5,2.5,0.0,-0.28,57.4,14,14,False,stable,Sinal neural do ST-GAT,59.8,Tensão territorial,2.5,Atividade recente e vizinhança,0.0,Sinal neural do ST-GAT: 59.8% | Tensão territorial: 2.5% | Atividade recente e vizinhança: 0.0%,"CAPISTRANO aparece na posição 30 de 69, com risco 16.3 e nível baixo; é território de atenção tática.","O peso principal vem de sinal neural do st-gat, com suporte territorial de 2.5% e 0 registros recentes na janela de 30 dias.",Leitura sensível a ruído; requer conferência adicional antes de decisão forte.,O território está próximo de pares vizinhos e pode oscilar no próximo ciclo.,"Verificar eventos recentes, pressão territorial e coerência com inteligência local antes da próxima atualização do ranking."
2026-05-25T14:14:54,2026-05-25,src/core/orchestrator.py:get_combined_risk,cities_rmf_top20,1,MARACANAU,MARACANAU,rmf,cidade,85.33,crítico,53.9,muito baixa,93.4,muito alta,0,0,639.0,100.0,100.0,0.0,46.7,100.0,100.0,0.0,2.79,100.0,30,14,True,stable,Sinal neural do ST-GAT,100.0,Tensão territorial,100.0,Fallback histórico ativado,55.0,Sinal neural do ST-GAT: 100.0% | Tensão territorial: 100.0% | Fallback histórico ativado: 55.0%,"MARACANAU aparece na posição 1 de 19, com risco 85.3 e nível crítico; é prioridade imediata de acompanhamento.","O peso principal vem de sinal neural do st-gat, com suporte territorial de 100.0% e 0 registros recentes na janela de 30 dias.",Leitura mais fraca; parte do peso vem de fallback histórico e deve ser confirmada em campo.,O território está bem destacado no ranking frente aos pares.,"Verificar eventos recentes, pressão territorial e coerência com inteligência local antes da próxima atualização do ranking."
2026-05-25T14:14:54,2026-05-25,src/core/orchestrator.py:get_combined_risk,cities_rmf_top20,2,CAUCAIA,CAUCAIA,rmf,cidade,83.32,crítico,54.1,muito baixa,89.7,muito alta,0,0,620.0,96.0,100.0,0.0,46.7,100.0,100.0,0.0,2.71,94.4,30,14,True,stable,Tensão territorial,100.0,Sinal neural do ST-GAT,96.0,Fallback histórico ativado,55.0,Tensão territorial: 100.0% | Sinal neural do ST-GAT: 96.0% | Fallback histórico ativado: 55.0%,"CAUCAIA aparece na posição 2 de 19, com risco 83.3 e nível crítico; é prioridade imediata de acompanhamento.","O peso principal vem de tensão territorial, com suporte territorial de 100.0% e 0 registros recentes na janela de 30 dias.",Leitura mais fraca; parte do peso vem de fallback histórico e deve ser confirmada em campo.,O território está bem destacado no ranking frente aos pares.,"Verificar eventos recentes, pressão territorial e coerência com inteligência local antes da próxima atualização do ranking."
2026-05-25T14:14:54,2026-05-25,src/core/orchestrator.py:get_combined_risk,cities_rmf_top20,3,PACATUBA,PACATUBA,rmf,cidade,23.93,baixo,53.6,muito baixa,74.7,alta,1,1,59.0,1.9,0.0,50.0,20.0,100.0,97.5,100.0,0.29,88.9,30,14,True,stable,Fallback histórico ativado,55.0,Atividade recente e vizinhança,50.0,CVLI recente na janela de 30 dias,20.0,Fallback histórico ativado: 55.0% | Atividade recente e vizinhança: 50.0% | CVLI recente na janela de 30 dias: 20.0%,"PACATUBA aparece na posição 3 de 19, com risco 23.9 e nível baixo; é prioridade imediata de acompanhamento.","O peso principal vem de fallback histórico ativado, com suporte territorial de 100.0% e 1 registros recentes na janela de 30 dias.",Leitura mais fraca; parte do peso vem de fallback histórico e deve ser confirmada em campo.,"O território se diferencia do bloco intermediário, mas sem isolamento absoluto.","Verificar eventos recentes, pressão territorial e coerência com inteligência local antes da próxima atualização do ranking."
2026-05-25T14:14:54,2026-05-25,src/core/orchestrator.py:get_combined_risk,cities_rmf_top20,4,HORIZONTE,HORIZONTE,rmf,cidade,16.86,baixo,43.3,muito baixa,70.0,alta,0,0,128.0,3.1,0.0,0.0,46.7,100.0,100.0,0.0,0.0,83.3,30,14,True,stable,Fallback histórico ativado,55.0,Sinal neural do ST-GAT,3.1,Tensão territorial,0.0,Fallback histórico ativado: 55.0% | Sinal neural do ST-GAT: 3.1% | Tensão territorial: 0.0%,"HORIZONTE aparece na posição 4 de 19, com risco 16.9 e nível baixo; é prioridade imediata de acompanhamento.","O peso principal vem de fallback histórico ativado, com suporte territorial de 100.0% e 0 registros recentes na janela de 30 dias.",Leitura mais fraca; parte do peso vem de fallback histórico e deve ser confirmada em campo.,"O território se diferencia do bloco intermediário, mas sem isolamento absoluto.","Verificar eventos recentes, pressão territorial e coerência com inteligência local antes da próxima atualização do ranking."
2026-05-25T14:14:54,2026-05-25,src/core/orchestrator.py:get_combined_risk,cities_rmf_top20,5,ITAITINGA,ITAITINGA,rmf,cidade,16.74,baixo,35.8,muito baixa,66.7,moderada,0,1,26.0,2.8,0.0,0.0,46.7,50.0,15.0,50.0,-0.0,77.8,30,14,True,stable,Fallback histórico ativado,55.0,CVLI recente na janela de 30 dias,20.0,Sinal neural do ST-GAT,2.8,Fallback histórico ativado: 55.0% | CVLI recente na janela de 30 dias: 20.0% | Sinal neural do ST-GAT: 2.8%,"ITAITINGA aparece na posição 5 de 19, com risco 16.7 e nível baixo; é prioridade imediata de acompanhamento.","O peso principal vem de fallback histórico ativado, com suporte territorial de 50.0% e 1 registros recentes na janela de 30 dias.",Leitura mais fraca; parte do peso vem de fallback histórico e deve ser confirmada em campo.,O território está próximo de pares vizinhos e pode oscilar no próximo ciclo.,"Verificar eventos recentes, pressão territorial e coerência com inteligência local antes da próxima atualização do ranking."
2026-05-25T14:14:54,2026-05-25,src/core/orchestrator.py:get_combined_risk,cities_rmf_top20,6,PARAIPABA,PARAIPABA,rmf,cidade,16.07,baixo,25.0,muito baixa,63.2,moderada,0,0,31.0,1.5,0.0,0.0,46.7,27.5,27.5,0.0,-0.03,72.2,30,14,True,stable,Fallback histórico ativado,55.0,Sinal neural do ST-GAT,1.5,Tensão territorial,0.0,Fallback histórico ativado: 55.0% | Sinal neural do ST-GAT: 1.5% | Tensão territorial: 0.0%,"PARAIPABA aparece na posição 6 de 19, com risco 16.1 e nível baixo; é prioridade alta de acompanhamento.","O peso principal vem de fallback histórico ativado, com suporte territorial de 27.5% e 0 registros recentes na janela de 30 dias.",Leitura mais fraca; parte do peso vem de fallback histórico e deve ser confirmada em campo.,O território está próximo de pares vizinhos e pode oscilar no próximo ciclo.,"Verificar eventos recentes, pressão territorial e coerência com inteligência local antes da próxima atualização do ranking."
2026-05-25T14:14:54,2026-05-25,src/core/orchestrator.py:get_combined_risk,cities_rmf_top20,7,TRAIRI,TRAIRI,rmf,cidade,15.44,baixo,74.8,moderada,59.8,moderada,3,5,16.0,14.9,0.0,100.0,20.0,100.0,0.0,100.0,-0.06,66.7,30,14,True,stable,Atividade recente e vizinhança,100.0,CVLI recente na janela de 30 dias,100.0,Fallback histórico ativado,55.0,Atividade recente e vizinhança: 100.0% | CVLI recente na janela de 30 dias: 100.0% | Fallback histórico ativado: 55.0%,"TRAIRI aparece na posição 7 de 19, com risco 15.4 e nível baixo; é prioridade alta de acompanhamento.","O peso principal vem de atividade recente e vizinhança, com suporte territorial de 100.0% e 5 registros recentes na janela de 30 dias.","Leitura consistente, mas ainda pede validação operacional pontual.",O território está próximo de pares vizinhos e pode oscilar no próximo ciclo.,"Verificar eventos recentes, pressão territorial e coerência com inteligência local antes da próxima atualização do ranking."
2026-05-25T14:14:54,2026-05-25,src/core/orchestrator.py:get_combined_risk,cities_rmf_top20,8,PACAJUS,PACAJUS,rmf,cidade,15.33,baixo,43.0,muito baixa,56.4,moderada,0,0,104.0,0.0,0.0,0.0,46.7,100.0,100.0,0.0,-0.06,61.1,30,14,True,stable,Fallback histórico ativado,55.0,Sinal neural do ST-GAT,0.0,Tensão territorial,0.0,Fallback histórico ativado: 55.0% | Sinal neural do ST-GAT: 0.0% | Tensão territorial: 0.0%,"PACAJUS aparece na posição 8 de 19, com risco 15.3 e nível baixo; é prioridade alta de acompanhamento.","O peso principal vem de fallback histórico ativado, com suporte territorial de 100.0% e 0 registros recentes na janela de 30 dias.",Leitura mais fraca; parte do peso vem de fallback histórico e deve ser confirmada em campo.,O território está próximo de pares vizinhos e pode oscilar no próximo ciclo.,"Verificar eventos recentes, pressão territorial e coerência com inteligência local antes da próxima atualização do ranking."
2026-05-25T14:14:54,2026-05-25,src/core/orchestrator.py:get_combined_risk,cities_rmf_top20,9,PINDORETAMA,PINDORETAMA,rmf,cidade,15.33,baixo,31.8,muito baixa,53.1,moderada,0,0,42.0,0.0,0.0,0.0,46.7,55.0,55.0,0.0,-0.06,55.6,30,14,True,stable,Fallback histórico ativado,55.0,Sinal neural do ST-GAT,0.0,Tensão territorial,0.0,Fallback histórico ativado: 55.0% | Sinal neural do ST-GAT: 0.0% | Tensão territorial: 0.0%,"PINDORETAMA aparece na posição 9 de 19, com risco 15.3 e nível baixo; é prioridade alta de acompanhamento.","O peso principal vem de fallback histórico ativado, com suporte territorial de 55.0% e 0 registros recentes na janela de 30 dias.",Leitura mais fraca; parte do peso vem de fallback histórico e deve ser confirmada em campo.,O território está próximo de pares vizinhos e pode oscilar no próximo ciclo.,"Verificar eventos recentes, pressão territorial e coerência com inteligência local antes da próxima atualização do ranking."
2026-05-25T14:14:54,2026-05-25,src/core/orchestrator.py:get_combined_risk,cities_rmf_top20,10,EUSEBIO,EUSEBIO,rmf,cidade,15.33,baixo,28.0,muito baixa,49.7,baixa,0,0,36.0,0.0,0.0,0.0,46.7,40.0,40.0,0.0,-0.06,50.0,30,14,True,stable,Fallback histórico ativado,55.0,Sinal neural do ST-GAT,0.0,Tensão territorial,0.0,Fallback histórico ativado: 55.0% | Sinal neural do ST-GAT: 0.0% | Tensão territorial: 0.0%,"EUSEBIO aparece na posição 10 de 19, com risco 15.3 e nível baixo; é prioridade alta de acompanhamento.","O peso principal vem de fallback histórico ativado, com suporte territorial de 40.0% e 0 registros recentes na janela de 30 dias.",Leitura mais fraca; parte do peso vem de fallback histórico e deve ser confirmada em campo.,O território está próximo de pares vizinhos e pode oscilar no próximo ciclo.,"Verificar eventos recentes, pressão territorial e coerência com inteligência local antes da próxima atualização do ranking."
2026-05-25T14:14:54,2026-05-25,src/core/orchestrator.py:get_combined_risk,cities_rmf_top20,11,SAO LUIS DO CURU,SAO LUIS DO CURU,rmf,cidade,15.33,baixo,21.1,muito baixa,46.4,baixa,0,0,25.0,0.0,0.0,0.0,46.7,12.5,12.5,0.0,-0.06,44.4,30,14,True,stable,Fallback histórico ativado,55.0,Sinal neural do ST-GAT,0.0,Tensão territorial,0.0,Fallback histórico ativado: 55.0% | Sinal neural do ST-GAT: 0.0% | Tensão territorial: 0.0%,"SAO LUIS DO CURU aparece na posição 11 de 19, com risco 15.3 e nível baixo; é território de atenção tática.","O peso principal vem de fallback histórico ativado, com suporte territorial de 12.5% e 0 registros recentes na janela de 30 dias.",Leitura mais fraca; parte do peso vem de fallback histórico e deve ser confirmada em campo.,O território está próximo de pares vizinhos e pode oscilar no próximo ciclo.,"Verificar eventos recentes, pressão territorial e coerência com inteligência local antes da próxima atualização do ranking."
2026-05-25T14:14:54,2026-05-25,src/core/orchestrator.py:get_combined_risk,cities_rmf_top20,12,AQUIRAZ,AQUIRAZ,rmf,cidade,0.0,baixo,18.0,muito baixa,40.1,baixa,0,0,20.0,0.0,0.0,0.0,46.7,0.0,0.0,0.0,-0.68,38.9,30,14,True,stable,Fallback histórico ativado,55.0,Sinal neural do ST-GAT,0.0,Tensão territorial,0.0,Fallback histórico ativado: 55.0% | Sinal neural do ST-GAT: 0.0% | Tensão territorial: 0.0%,"AQUIRAZ aparece na posição 12 de 19, com risco 0.0 e nível baixo; é território de atenção tática.","O peso principal vem de fallback histórico ativado, com suporte territorial de 0.0% e 0 registros recentes na janela de 30 dias.",Leitura mais fraca; parte do peso vem de fallback histórico e deve ser confirmada em campo.,O território está próximo de pares vizinhos e pode oscilar no próximo ciclo.,"Verificar eventos recentes, pressão territorial e coerência com inteligência local antes da próxima atualização do ranking."
2026-05-25T14:14:54,2026-05-25,src/core/orchestrator.py:get_combined_risk,cities_rmf_top20,13,PARACURU,PARACURU,rmf,cidade,0.0,baixo,18.0,muito baixa,36.7,baixa,0,0,19.0,0.0,0.0,0.0,46.7,0.0,0.0,0.0,-0.68,33.3,30,14,True,stable,Fallback histórico ativado,55.0,Sinal neural do ST-GAT,0.0,Tensão territorial,0.0,Fallback histórico ativado: 55.0% | Sinal neural do ST-GAT: 0.0% | Tensão territorial: 0.0%,"PARACURU aparece na posição 13 de 19, com risco 0.0 e nível baixo; é território de atenção tática.","O peso principal vem de fallback histórico ativado, com suporte territorial de 0.0% e 0 registros recentes na janela de 30 dias.",Leitura mais fraca; parte do peso vem de fallback histórico e deve ser confirmada em campo.,O território está próximo de pares vizinhos e pode oscilar no próximo ciclo.,"Verificar eventos recentes, pressão territorial e coerência com inteligência local antes da próxima atualização do ranking."
2026-05-25T14:14:54,2026-05-25,src/core/orchestrator.py:get_combined_risk,cities_rmf_top20,14,MARANGUAPE,MARANGUAPE,rmf,cidade,0.0,baixo,18.0,muito baixa,33.4,baixa,0,0,9.0,0.0,0.0,0.0,46.7,0.0,0.0,0.0,-0.68,27.8,30,14,True,stable,Fallback histórico ativado,55.0,Sinal neural do ST-GAT,0.0,Tensão territorial,0.0,Fallback histórico ativado: 55.0% | Sinal neural do ST-GAT: 0.0% | Tensão territorial: 0.0%,"MARANGUAPE aparece na posição 14 de 19, com risco 0.0 e nível baixo; é território de atenção tática.","O peso principal vem de fallback histórico ativado, com suporte territorial de 0.0% e 0 registros recentes na janela de 30 dias.",Leitura mais fraca; parte do peso vem de fallback histórico e deve ser confirmada em campo.,O território está próximo de pares vizinhos e pode oscilar no próximo ciclo.,"Verificar eventos recentes, pressão territorial e coerência com inteligência local antes da próxima atualização do ranking."
2026-05-25T14:14:54,2026-05-25,src/core/orchestrator.py:get_combined_risk,cities_rmf_top20,15,GUAIUBA,GUAIUBA,rmf,cidade,0.0,baixo,18.0,muito baixa,30.0,baixa,0,0,15.0,0.0,0.0,0.0,46.7,0.0,0.0,0.0,-0.68,22.2,30,14,True,stable,Fallback histórico ativado,55.0,Sinal neural do ST-GAT,0.0,Tensão territorial,0.0,Fallback histórico ativado: 55.0% | Sinal neural do ST-GAT: 0.0% | Tensão territorial: 0.0%,"GUAIUBA aparece na posição 15 de 19, com risco 0.0 e nível baixo; é território de atenção tática.","O peso principal vem de fallback histórico ativado, com suporte territorial de 0.0% e 0 registros recentes na janela de 30 dias.",Leitura mais fraca; parte do peso vem de fallback histórico e deve ser confirmada em campo.,O território está próximo de pares vizinhos e pode oscilar no próximo ciclo.,"Verificar eventos recentes, pressão territorial e coerência com inteligência local antes da próxima atualização do ranking."
2026-05-25T14:14:54,2026-05-25,src/core/orchestrator.py:get_combined_risk,cities_rmf_top20,16,CHOROZINHO,CHOROZINHO,rmf,cidade,0.0,baixo,18.0,muito baixa,26.7,baixa,0,0,15.0,0.0,0.0,0.0,46.7,0.0,0.0,0.0,-0.68,16.7,30,14,True,stable,Fallback histórico ativado,55.0,Sinal neural do ST-GAT,0.0,Tensão territorial,0.0,Fallback histórico ativado: 55.0% | Sinal neural do ST-GAT: 0.0% | Tensão territorial: 0.0%,"CHOROZINHO aparece na posição 16 de 19, com risco 0.0 e nível baixo; é território de atenção tática.","O peso principal vem de fallback histórico ativado, com suporte territorial de 0.0% e 0 registros recentes na janela de 30 dias.",Leitura mais fraca; parte do peso vem de fallback histórico e deve ser confirmada em campo.,O território está próximo de pares vizinhos e pode oscilar no próximo ciclo.,"Verificar eventos recentes, pressão territorial e coerência com inteligência local antes da próxima atualização do ranking."
2026-05-25T14:14:54,2026-05-25,src/core/orchestrator.py:get_combined_risk,cities_rmf_top20,17,CASCAVEL,CASCAVEL,rmf,cidade,0.0,baixo,18.0,muito baixa,23.4,baixa,0,0,2.0,0.3,0.0,0.0,46.7,0.0,0.0,0.0,-0.68,11.1,30,14,True,stable,Fallback histórico ativado,55.0,Sinal neural do ST-GAT,0.3,Tensão territorial,0.0,Fallback histórico ativado: 55.0% | Sinal neural do ST-GAT: 0.3% | Tensão territorial: 0.0%,"CASCAVEL aparece na posição 17 de 19, com risco 0.0 e nível baixo; é território de atenção tática.","O peso principal vem de fallback histórico ativado, com suporte territorial de 0.0% e 0 registros recentes na janela de 30 dias.",Leitura mais fraca; parte do peso vem de fallback histórico e deve ser confirmada em campo.,O território está próximo de pares vizinhos e pode oscilar no próximo ciclo.,"Verificar eventos recentes, pressão territorial e coerência com inteligência local antes da próxima atualização do ranking."
2026-05-25T14:14:54,2026-05-25,src/core/orchestrator.py:get_combined_risk,cities_rmf_top20,18,SAO GONCALO DO AMARANTE,SAO GONCALO DO AMARANTE,rmf,cidade,0.0,baixo,18.0,muito baixa,20.1,baixa,0,0,1.0,0.0,0.0,0.0,46.7,0.0,0.0,0.0,-0.68,5.6,30,14,True,stable,Fallback histórico ativado,55.0,Sinal neural do ST-GAT,0.0,Tensão territorial,0.0,Fallback histórico ativado: 55.0% | Sinal neural do ST-GAT: 0.0% | Tensão territorial: 0.0%,"SAO GONCALO DO AMARANTE aparece na posição 18 de 19, com risco 0.0 e nível baixo; é território de atenção tática.","O peso principal vem de fallback histórico ativado, com suporte territorial de 0.0% e 0 registros recentes na janela de 30 dias.",Leitura mais fraca; parte do peso vem de fallback histórico e deve ser confirmada em campo.,O território está próximo de pares vizinhos e pode oscilar no próximo ciclo.,"Verificar eventos recentes, pressão territorial e coerência com inteligência local antes da próxima atualização do ranking."
2026-05-25T14:14:54,2026-05-25,src/core/orchestrator.py:get_combined_risk,cities_rmf_top20,19,BEBERIBE,BEBERIBE,rmf,cidade,0.0,baixo,18.0,muito baixa,16.7,baixa,0,0,1.0,0.1,0.0,0.0,46.7,0.0,0.0,0.0,-0.68,0.0,30,14,True,stable,Fallback histórico ativado,55.0,Sinal neural do ST-GAT,0.1,Tensão territorial,0.0,Fallback histórico ativado: 55.0% | Sinal neural do ST-GAT: 0.1% | Tensão territorial: 0.0%,"BEBERIBE aparece na posição 19 de 19, com risco 0.0 e nível baixo; é território de atenção tática.","O peso principal vem de fallback histórico ativado, com suporte territorial de 0.0% e 0 registros recentes na janela de 30 dias.",Leitura mais fraca; parte do peso vem de fallback histórico e deve ser confirmada em campo.,O território está próximo de pares vizinhos e pode oscilar no próximo ciclo.,"Verificar eventos recentes, pressão territorial e coerência com inteligência local antes da próxima atualização do ranking."
2026-05-25T14:14:54,2026-05-25,src/core/orchestrator.py:get_combined_risk,cities_interior_top30,1,ITAPAJE,ITAPAJE,interior,cidade,72.48,crítico,90.1,alta,99.0,muito alta,3,3,46.0,65.3,100.0,100.0,3.3,100.0,65.0,100.0,3.96,100.0,14,14,False,stable,Atividade recente e vizinhança,100.0,Tensão territorial,100.0,Sinal neural do ST-GAT,65.3,Atividade recente e vizinhança: 100.0% | Tensão territorial: 100.0% | Sinal neural do ST-GAT: 65.3%,"ITAPAJE aparece na posição 1 de 50, com risco 72.5 e nível crítico; é prioridade imediata de acompanhamento.","O peso principal vem de atividade recente e vizinhança, com suporte territorial de 100.0% e 3 registros recentes na janela de 30 dias.",Leitura com boa sustentação dos sinais atuais.,O território está bem destacado no ranking frente aos pares.,"Verificar eventos recentes, pressão territorial e coerência com inteligência local antes da próxima atualização do ranking."
2026-05-25T14:14:54,2026-05-25,src/core/orchestrator.py:get_combined_risk,cities_interior_top30,2,TIANGUA,TIANGUA,interior,cidade,54.42,alto,78.6,moderada,90.9,muito alta,1,1,78.0,87.2,100.0,50.0,40.0,100.0,100.0,100.0,2.52,98.0,14,14,False,stable,Tensão territorial,100.0,Sinal neural do ST-GAT,87.2,Atividade recente e vizinhança,50.0,Tensão territorial: 100.0% | Sinal neural do ST-GAT: 87.2% | Atividade recente e vizinhança: 50.0%,"TIANGUA aparece na posição 2 de 50, com risco 54.4 e nível alto; é prioridade imediata de acompanhamento.","O peso principal vem de tensão territorial, com suporte territorial de 100.0% e 1 registros recentes na janela de 30 dias.","Leitura consistente, mas ainda pede validação operacional pontual.",O território está bem destacado no ranking frente aos pares.,"Verificar eventos recentes, pressão territorial e coerência com inteligência local antes da próxima atualização do ranking."
2026-05-25T14:14:54,2026-05-25,src/core/orchestrator.py:get_combined_risk,cities_interior_top30,3,GROAIRAS,GROAIRAS,interior,cidade,50.86,moderado,78.7,moderada,88.3,muito alta,1,1,48.0,65.0,100.0,50.0,16.7,100.0,70.0,100.0,2.24,95.9,14,14,False,stable,Tensão territorial,100.0,Sinal neural do ST-GAT,65.0,Atividade recente e vizinhança,50.0,Tensão territorial: 100.0% | Sinal neural do ST-GAT: 65.0% | Atividade recente e vizinhança: 50.0%,"GROAIRAS aparece na posição 3 de 50, com risco 50.9 e nível moderado; é prioridade imediata de acompanhamento.","O peso principal vem de tensão territorial, com suporte territorial de 100.0% e 1 registros recentes na janela de 30 dias.","Leitura consistente, mas ainda pede validação operacional pontual.",O território está bem destacado no ranking frente aos pares.,"Verificar eventos recentes, pressão territorial e coerência com inteligência local antes da próxima atualização do ranking."
2026-05-25T14:14:54,2026-05-25,src/core/orchestrator.py:get_combined_risk,cities_interior_top30,4,VARZEA ALEGRE,VARZEA ALEGRE,interior,cidade,47.53,moderado,78.7,moderada,85.8,muito alta,1,1,17.0,65.3,100.0,50.0,46.7,100.0,0.0,100.0,1.97,93.9,14,14,False,stable,Tensão territorial,100.0,Sinal neural do ST-GAT,65.3,Atividade recente e vizinhança,50.0,Tensão territorial: 100.0% | Sinal neural do ST-GAT: 65.3% | Atividade recente e vizinhança: 50.0%,"VARZEA ALEGRE aparece na posição 4 de 50, com risco 47.5 e nível moderado; é prioridade imediata de acompanhamento.","O peso principal vem de tensão territorial, com suporte territorial de 100.0% e 1 registros recentes na janela de 30 dias.","Leitura consistente, mas ainda pede validação operacional pontual.",O território está bem destacado no ranking frente aos pares.,"Verificar eventos recentes, pressão territorial e coerência com inteligência local antes da próxima atualização do ranking."
2026-05-25T14:14:54,2026-05-25,src/core/orchestrator.py:get_combined_risk,cities_interior_top30,5,ALTO SANTO,ALTO SANTO,interior,cidade,42.57,moderado,77.7,moderada,82.7,alta,1,1,22.0,46.8,100.0,50.0,46.7,100.0,5.0,100.0,1.58,91.8,14,14,False,stable,Tensão territorial,100.0,Atividade recente e vizinhança,50.0,Sinal neural do ST-GAT,46.8,Tensão territorial: 100.0% | Atividade recente e vizinhança: 50.0% | Sinal neural do ST-GAT: 46.8%,"ALTO SANTO aparece na posição 5 de 50, com risco 42.6 e nível moderado; é prioridade imediata de acompanhamento.","O peso principal vem de tensão territorial, com suporte territorial de 100.0% e 1 registros recentes na janela de 30 dias.","Leitura consistente, mas ainda pede validação operacional pontual.","O território se diferencia do bloco intermediário, mas sem isolamento absoluto.","Verificar eventos recentes, pressão territorial e coerência com inteligência local antes da próxima atualização do ranking."
2026-05-25T14:14:54,2026-05-25,src/core/orchestrator.py:get_combined_risk,cities_interior_top30,6,SOBRAL,SOBRAL,interior,cidade,35.53,moderado,66.2,baixa,78.8,alta,0,0,67.0,95.1,100.0,0.0,46.7,100.0,100.0,0.0,1.02,89.8,14,14,False,stable,Tensão territorial,100.0,Sinal neural do ST-GAT,95.1,Atividade recente e vizinhança,0.0,Tensão territorial: 100.0% | Sinal neural do ST-GAT: 95.1% | Atividade recente e vizinhança: 0.0%,"SOBRAL aparece na posição 6 de 50, com risco 35.5 e nível moderado; é prioridade alta de acompanhamento.","O peso principal vem de tensão territorial, com suporte territorial de 100.0% e 0 registros recentes na janela de 30 dias.",Leitura sensível a ruído; requer conferência adicional antes de decisão forte.,"O território se diferencia do bloco intermediário, mas sem isolamento absoluto.","Verificar eventos recentes, pressão territorial e coerência com inteligência local antes da próxima atualização do ranking."
2026-05-25T14:14:54,2026-05-25,src/core/orchestrator.py:get_combined_risk,cities_interior_top30,7,CARIRE,CARIRE,interior,cidade,32.7,moderado,74.0,moderada,76.5,alta,1,1,24.0,10.1,100.0,50.0,46.7,100.0,10.0,100.0,0.79,87.8,14,14,False,stable,Tensão territorial,100.0,Atividade recente e vizinhança,50.0,CVLI recente na janela de 30 dias,20.0,Tensão territorial: 100.0% | Atividade recente e vizinhança: 50.0% | CVLI recente na janela de 30 dias: 20.0%,"CARIRE aparece na posição 7 de 50, com risco 32.7 e nível moderado; é prioridade alta de acompanhamento.","O peso principal vem de tensão territorial, com suporte territorial de 100.0% e 1 registros recentes na janela de 30 dias.","Leitura consistente, mas ainda pede validação operacional pontual.","O território se diferencia do bloco intermediário, mas sem isolamento absoluto.","Verificar eventos recentes, pressão territorial e coerência com inteligência local antes da próxima atualização do ranking."
2026-05-25T14:14:54,2026-05-25,src/core/orchestrator.py:get_combined_risk,cities_interior_top30,8,LIMOEIRO DO NORTE,LIMOEIRO DO NORTE,interior,cidade,31.24,moderado,55.0,baixa,74.7,alta,0,0,40.0,97.8,50.0,0.0,46.7,50.0,50.0,0.0,0.68,85.7,14,14,False,stable,Sinal neural do ST-GAT,97.8,Tensão territorial,50.0,Atividade recente e vizinhança,0.0,Sinal neural do ST-GAT: 97.8% | Tensão territorial: 50.0% | Atividade recente e vizinhança: 0.0%,"LIMOEIRO DO NORTE aparece na posição 8 de 50, com risco 31.2 e nível moderado; é prioridade alta de acompanhamento.","O peso principal vem de sinal neural do st-gat, com suporte territorial de 50.0% e 0 registros recentes na janela de 30 dias.",Leitura sensível a ruído; requer conferência adicional antes de decisão forte.,"O território se diferencia do bloco intermediário, mas sem isolamento absoluto.","Verificar eventos recentes, pressão territorial e coerência com inteligência local antes da próxima atualização do ranking."
2026-05-25T14:14:54,2026-05-25,src/core/orchestrator.py:get_combined_risk,cities_interior_top30,9,URUBURETAMA,URUBURETAMA,interior,cidade,27.37,baixo,43.1,muito baixa,72.0,alta,0,0,23.0,99.2,7.5,0.0,46.7,7.5,7.5,0.0,0.37,83.7,14,14,False,stable,Sinal neural do ST-GAT,99.2,Tensão territorial,7.5,Atividade recente e vizinhança,0.0,Sinal neural do ST-GAT: 99.2% | Tensão territorial: 7.5% | Atividade recente e vizinhança: 0.0%,"URUBURETAMA aparece na posição 9 de 50, com risco 27.4 e nível baixo; é prioridade alta de acompanhamento.","O peso principal vem de sinal neural do st-gat, com suporte territorial de 7.5% e 0 registros recentes na janela de 30 dias.",Leitura sensível a ruído; requer conferência adicional antes de decisão forte.,"O território se diferencia do bloco intermediário, mas sem isolamento absoluto.","Verificar eventos recentes, pressão territorial e coerência com inteligência local antes da próxima atualização do ranking."
2026-05-25T14:14:54,2026-05-25,src/core/orchestrator.py:get_combined_risk,cities_interior_top30,10,OROS,OROS,interior,cidade,26.83,baixo,40.9,muito baixa,70.5,alta,0,0,13.0,100.0,0.0,0.0,46.7,0.0,0.0,0.0,0.33,81.6,14,14,False,stable,Sinal neural do ST-GAT,100.0,Tensão territorial,0.0,Atividade recente e vizinhança,0.0,Sinal neural do ST-GAT: 100.0% | Tensão territorial: 0.0% | Atividade recente e vizinhança: 0.0%,"OROS aparece na posição 10 de 50, com risco 26.8 e nível baixo; é prioridade alta de acompanhamento.","O peso principal vem de sinal neural do st-gat, com suporte territorial de 0.0% e 0 registros recentes na janela de 30 dias.",Leitura sensível a ruído; requer conferência adicional antes de decisão forte.,"O território se diferencia do bloco intermediário, mas sem isolamento absoluto.","Verificar eventos recentes, pressão territorial e coerência com inteligência local antes da próxima atualização do ranking."
2026-05-25T14:14:54,2026-05-25,src/core/orchestrator.py:get_combined_risk,cities_interior_top30,11,JIJOCA DE JERICOACOARA,JIJOCA DE JERICOACOARA,interior,cidade,26.62,baixo,40.8,muito baixa,69.2,moderada,0,0,18.0,99.2,0.0,0.0,46.7,0.0,0.0,0.0,0.31,79.6,14,14,False,stable,Sinal neural do ST-GAT,99.2,Tensão territorial,0.0,Atividade recente e vizinhança,0.0,Sinal neural do ST-GAT: 99.2% | Tensão territorial: 0.0% | Atividade recente e vizinhança: 0.0%,"JIJOCA DE JERICOACOARA aparece na posição 11 de 50, com risco 26.6 e nível baixo; é território de atenção tática.","O peso principal vem de sinal neural do st-gat, com suporte territorial de 0.0% e 0 registros recentes na janela de 30 dias.",Leitura sensível a ruído; requer conferência adicional antes de decisão forte.,O território está próximo de pares vizinhos e pode oscilar no próximo ciclo.,"Verificar eventos recentes, pressão territorial e coerência com inteligência local antes da próxima atualização do ranking."
2026-05-25T14:14:54,2026-05-25,src/core/orchestrator.py:get_combined_risk,cities_interior_top30,12,ACOPIARA,ACOPIARA,interior,cidade,26.62,baixo,40.8,muito baixa,68.0,moderada,0,0,14.0,99.2,0.0,0.0,46.7,0.0,0.0,0.0,0.31,77.6,14,14,False,stable,Sinal neural do ST-GAT,99.2,Tensão territorial,0.0,Atividade recente e vizinhança,0.0,Sinal neural do ST-GAT: 99.2% | Tensão territorial: 0.0% | Atividade recente e vizinhança: 0.0%,"ACOPIARA aparece na posição 12 de 50, com risco 26.6 e nível baixo; é território de atenção tática.","O peso principal vem de sinal neural do st-gat, com suporte territorial de 0.0% e 0 registros recentes na janela de 30 dias.",Leitura sensível a ruído; requer conferência adicional antes de decisão forte.,O território está próximo de pares vizinhos e pode oscilar no próximo ciclo.,"Verificar eventos recentes, pressão territorial e coerência com inteligência local antes da próxima atualização do ranking."
2026-05-25T14:14:54,2026-05-25,src/core/orchestrator.py:get_combined_risk,cities_interior_top30,13,MIRAIMA,MIRAIMA,interior,cidade,26.62,baixo,40.8,muito baixa,66.8,moderada,0,0,15.0,99.2,0.0,0.0,46.7,0.0,0.0,0.0,0.31,75.5,14,14,False,stable,Sinal neural do ST-GAT,99.2,Tensão territorial,0.0,Atividade recente e vizinhança,0.0,Sinal neural do ST-GAT: 99.2% | Tensão territorial: 0.0% | Atividade recente e vizinhança: 0.0%,"MIRAIMA aparece na posição 13 de 50, com risco 26.6 e nível baixo; é território de atenção tática.","O peso principal vem de sinal neural do st-gat, com suporte territorial de 0.0% e 0 registros recentes na janela de 30 dias.",Leitura sensível a ruído; requer conferência adicional antes de decisão forte.,O território está próximo de pares vizinhos e pode oscilar no próximo ciclo.,"Verificar eventos recentes, pressão territorial e coerência com inteligência local antes da próxima atualização do ranking."
2026-05-25T14:14:54,2026-05-25,src/core/orchestrator.py:get_combined_risk,cities_interior_top30,14,SANTANA DO ACARAU,SANTANA DO ACARAU,interior,cidade,26.62,baixo,40.8,muito baixa,65.6,moderada,0,0,9.0,99.2,0.0,0.0,46.7,0.0,0.0,0.0,0.31,73.5,14,14,False,stable,Sinal neural do ST-GAT,99.2,Tensão territorial,0.0,Atividade recente e vizinhança,0.0,Sinal neural do ST-GAT: 99.2% | Tensão territorial: 0.0% | Atividade recente e vizinhança: 0.0%,"SANTANA DO ACARAU aparece na posição 14 de 50, com risco 26.6 e nível baixo; é território de atenção tática.","O peso principal vem de sinal neural do st-gat, com suporte territorial de 0.0% e 0 registros recentes na janela de 30 dias.",Leitura sensível a ruído; requer conferência adicional antes de decisão forte.,O território está próximo de pares vizinhos e pode oscilar no próximo ciclo.,"Verificar eventos recentes, pressão territorial e coerência com inteligência local antes da próxima atualização do ranking."
2026-05-25T14:14:54,2026-05-25,src/core/orchestrator.py:get_combined_risk,cities_interior_top30,15,CEDRO,CEDRO,interior,cidade,26.62,baixo,40.8,muito baixa,64.3,moderada,0,0,10.0,99.2,0.0,0.0,46.7,0.0,0.0,0.0,0.31,71.4,14,14,False,stable,Sinal neural do ST-GAT,99.2,Tensão territorial,0.0,Atividade recente e vizinhança,0.0,Sinal neural do ST-GAT: 99.2% | Tensão territorial: 0.0% | Atividade recente e vizinhança: 0.0%,"CEDRO aparece na posição 15 de 50, com risco 26.6 e nível baixo; é território de atenção tática.","O peso principal vem de sinal neural do st-gat, com suporte territorial de 0.0% e 0 registros recentes na janela de 30 dias.",Leitura sensível a ruído; requer conferência adicional antes de decisão forte.,O território está próximo de pares vizinhos e pode oscilar no próximo ciclo.,"Verificar eventos recentes, pressão territorial e coerência com inteligência local antes da próxima atualização do ranking."
2026-05-25T14:14:54,2026-05-25,src/core/orchestrator.py:get_combined_risk,cities_interior_top30,16,IGUATU,IGUATU,interior,cidade,26.03,baixo,67.7,baixa,62.9,moderada,0,0,81.0,59.8,100.0,0.0,46.7,100.0,100.0,0.0,0.26,69.4,14,14,False,stable,Tensão territorial,100.0,Sinal neural do ST-GAT,59.8,Atividade recente e vizinhança,0.0,Tensão territorial: 100.0% | Sinal neural do ST-GAT: 59.8% | Atividade recente e vizinhança: 0.0%,"IGUATU aparece na posição 16 de 50, com risco 26.0 e nível baixo; é território de atenção tática.","O peso principal vem de tensão territorial, com suporte territorial de 100.0% e 0 registros recentes na janela de 30 dias.",Leitura sensível a ruído; requer conferência adicional antes de decisão forte.,O território está próximo de pares vizinhos e pode oscilar no próximo ciclo.,"Verificar eventos recentes, pressão territorial e coerência com inteligência local antes da próxima atualização do ranking."
2026-05-25T14:14:54,2026-05-25,src/core/orchestrator.py:get_combined_risk,cities_interior_top30,17,BATURITE,BATURITE,interior,cidade,26.03,baixo,67.7,baixa,61.6,moderada,0,0,64.0,59.8,100.0,0.0,46.7,100.0,100.0,0.0,0.26,67.3,14,14,False,stable,Tensão territorial,100.0,Sinal neural do ST-GAT,59.8,Atividade recente e vizinhança,0.0,Tensão territorial: 100.0% | Sinal neural do ST-GAT: 59.8% | Atividade recente e vizinhança: 0.0%,"BATURITE aparece na posição 17 de 50, com risco 26.0 e nível baixo; é território de atenção tática.","O peso principal vem de tensão territorial, com suporte territorial de 100.0% e 0 registros recentes na janela de 30 dias.",Leitura sensível a ruído; requer conferência adicional antes de decisão forte.,O território está próximo de pares vizinhos e pode oscilar no próximo ciclo.,"Verificar eventos recentes, pressão territorial e coerência com inteligência local antes da próxima atualização do ranking."
2026-05-25T14:14:54,2026-05-25,src/core/orchestrator.py:get_combined_risk,cities_interior_top30,18,CRATO,CRATO,interior,cidade,25.59,baixo,40.4,muito baixa,60.3,moderada,0,0,6.0,95.4,0.0,0.0,46.7,0.0,0.0,0.0,0.23,65.3,14,14,False,stable,Sinal neural do ST-GAT,95.4,Tensão territorial,0.0,Atividade recente e vizinhança,0.0,Sinal neural do ST-GAT: 95.4% | Tensão territorial: 0.0% | Atividade recente e vizinhança: 0.0%,"CRATO aparece na posição 18 de 50, com risco 25.6 e nível baixo; é território de atenção tática.","O peso principal vem de sinal neural do st-gat, com suporte territorial de 0.0% e 0 registros recentes na janela de 30 dias.",Leitura sensível a ruído; requer conferência adicional antes de decisão forte.,O território está próximo de pares vizinhos e pode oscilar no próximo ciclo.,"Verificar eventos recentes, pressão territorial e coerência com inteligência local antes da próxima atualização do ranking."
2026-05-25T14:14:54,2026-05-25,src/core/orchestrator.py:get_combined_risk,cities_interior_top30,19,FORQUILHA,FORQUILHA,interior,cidade,25.53,baixo,40.3,muito baixa,59.0,moderada,0,0,12.0,95.1,0.0,0.0,46.7,0.0,0.0,0.0,0.22,63.3,14,14,False,stable,Sinal neural do ST-GAT,95.1,Tensão territorial,0.0,Atividade recente e vizinhança,0.0,Sinal neural do ST-GAT: 95.1% | Tensão territorial: 0.0% | Atividade recente e vizinhança: 0.0%,"FORQUILHA aparece na posição 19 de 50, com risco 25.5 e nível baixo; é território de atenção tática.","O peso principal vem de sinal neural do st-gat, com suporte territorial de 0.0% e 0 registros recentes na janela de 30 dias.",Leitura sensível a ruído; requer conferência adicional antes de decisão forte.,O território está próximo de pares vizinhos e pode oscilar no próximo ciclo.,"Verificar eventos recentes, pressão territorial e coerência com inteligência local antes da próxima atualização do ranking."
2026-05-25T14:14:54,2026-05-25,src/core/orchestrator.py:get_combined_risk,cities_interior_top30,20,IRACEMA,IRACEMA,interior,cidade,24.77,baixo,40.0,muito baixa,57.5,moderada,0,0,15.0,92.3,0.0,0.0,46.7,0.0,0.0,0.0,0.16,61.2,14,14,False,stable,Sinal neural do ST-GAT,92.3,Tensão territorial,0.0,Atividade recente e vizinhança,0.0,Sinal neural do ST-GAT: 92.3% | Tensão territorial: 0.0% | Atividade recente e vizinhança: 0.0%,"IRACEMA aparece na posição 20 de 50, com risco 24.8 e nível baixo; é território de atenção tática.","O peso principal vem de sinal neural do st-gat, com suporte territorial de 0.0% e 0 registros recentes na janela de 30 dias.",Leitura sensível a ruído; requer conferência adicional antes de decisão forte.,O território está próximo de pares vizinhos e pode oscilar no próximo ciclo.,"Verificar eventos recentes, pressão territorial e coerência com inteligência local antes da próxima atualização do ranking."
2026-05-25T14:14:54,2026-05-25,src/core/orchestrator.py:get_combined_risk,cities_interior_top30,21,ARATUBA,ARATUBA,interior,cidade,19.03,baixo,45.1,muito baixa,54.1,moderada,0,0,32.0,59.8,30.0,0.0,46.7,30.0,30.0,0.0,-0.3,59.2,14,14,False,stable,Sinal neural do ST-GAT,59.8,Tensão territorial,30.0,Atividade recente e vizinhança,0.0,Sinal neural do ST-GAT: 59.8% | Tensão territorial: 30.0% | Atividade recente e vizinhança: 0.0%,"ARATUBA aparece na posição 21 de 50, com risco 19.0 e nível baixo; é território de atenção tática.","O peso principal vem de sinal neural do st-gat, com suporte territorial de 30.0% e 0 registros recentes na janela de 30 dias.",Leitura sensível a ruído; requer conferência adicional antes de decisão forte.,O território está próximo de pares vizinhos e pode oscilar no próximo ciclo.,"Verificar eventos recentes, pressão territorial e coerência com inteligência local antes da próxima atualização do ranking."
2026-05-25T14:14:54,2026-05-25,src/core/orchestrator.py:get_combined_risk,cities_interior_top30,22,VICOSA DO CEARA,VICOSA DO CEARA,interior,cidade,17.78,baixo,41.8,muito baixa,52.4,moderada,0,0,27.0,59.8,17.5,0.0,46.7,17.5,17.5,0.0,-0.39,57.1,14,14,False,stable,Sinal neural do ST-GAT,59.8,Tensão territorial,17.5,Atividade recente e vizinhança,0.0,Sinal neural do ST-GAT: 59.8% | Tensão territorial: 17.5% | Atividade recente e vizinhança: 0.0%,"VICOSA DO CEARA aparece na posição 22 de 50, com risco 17.8 e nível baixo; é território de atenção tática.","O peso principal vem de sinal neural do st-gat, com suporte territorial de 17.5% e 0 registros recentes na janela de 30 dias.",Leitura sensível a ruído; requer conferência adicional antes de decisão forte.,O território está próximo de pares vizinhos e pode oscilar no próximo ciclo.,"Verificar eventos recentes, pressão territorial e coerência com inteligência local antes da próxima atualização do ranking."
2026-05-25T14:14:54,2026-05-25,src/core/orchestrator.py:get_combined_risk,cities_interior_top30,23,AURORA,AURORA,interior,cidade,16.83,baixo,36.8,muito baixa,50.8,moderada,0,0,8.0,62.7,0.0,0.0,46.7,0.0,0.0,0.0,-0.47,55.1,14,14,False,stable,Sinal neural do ST-GAT,62.7,Tensão territorial,0.0,Atividade recente e vizinhança,0.0,Sinal neural do ST-GAT: 62.7% | Tensão territorial: 0.0% | Atividade recente e vizinhança: 0.0%,"AURORA aparece na posição 23 de 50, com risco 16.8 e nível baixo; é território de atenção tática.","O peso principal vem de sinal neural do st-gat, com suporte territorial de 0.0% e 0 registros recentes na janela de 30 dias.",Leitura sensível a ruído; requer conferência adicional antes de decisão forte.,O território está próximo de pares vizinhos e pode oscilar no próximo ciclo.,"Verificar eventos recentes, pressão territorial e coerência com inteligência local antes da próxima atualização do ranking."
2026-05-25T14:14:54,2026-05-25,src/core/orchestrator.py:get_combined_risk,cities_interior_top30,24,NOVA OLINDA,NOVA OLINDA,interior,cidade,16.78,baixo,38.8,muito baixa,49.6,baixa,0,0,23.0,59.8,7.5,0.0,46.7,7.5,7.5,0.0,-0.47,53.1,14,14,False,stable,Sinal neural do ST-GAT,59.8,Tensão territorial,7.5,Atividade recente e vizinhança,0.0,Sinal neural do ST-GAT: 59.8% | Tensão territorial: 7.5% | Atividade recente e vizinhança: 0.0%,"NOVA OLINDA aparece na posição 24 de 50, com risco 16.8 e nível baixo; é território de atenção tática.","O peso principal vem de sinal neural do st-gat, com suporte territorial de 7.5% e 0 registros recentes na janela de 30 dias.",Leitura sensível a ruído; requer conferência adicional antes de decisão forte.,O território está próximo de pares vizinhos e pode oscilar no próximo ciclo.,"Verificar eventos recentes, pressão territorial e coerência com inteligência local antes da próxima atualização do ranking."
2026-05-25T14:14:54,2026-05-25,src/core/orchestrator.py:get_combined_risk,cities_interior_top30,25,CAPISTRANO,CAPISTRANO,interior,cidade,16.28,baixo,37.3,muito baixa,48.1,baixa,0,0,21.0,59.8,2.5,0.0,46.7,2.5,2.5,0.0,-0.51,51.0,14,14,False,stable,Sinal neural do ST-GAT,59.8,Tensão territorial,2.5,Atividade recente e vizinhança,0.0,Sinal neural do ST-GAT: 59.8% | Tensão territorial: 2.5% | Atividade recente e vizinhança: 0.0%,"CAPISTRANO aparece na posição 25 de 50, com risco 16.3 e nível baixo; é território de atenção tática.","O peso principal vem de sinal neural do st-gat, com suporte territorial de 2.5% e 0 registros recentes na janela de 30 dias.",Leitura sensível a ruído; requer conferência adicional antes de decisão forte.,O território está próximo de pares vizinhos e pode oscilar no próximo ciclo.,"Verificar eventos recentes, pressão territorial e coerência com inteligência local antes da próxima atualização do ranking."
2026-05-25T14:14:54,2026-05-25,src/core/orchestrator.py:get_combined_risk,cities_interior_top30,26,GENERAL SAMPAIO,GENERAL SAMPAIO,interior,cidade,16.03,baixo,36.5,muito baixa,46.8,baixa,0,0,14.0,59.8,0.0,0.0,46.7,0.0,0.0,0.0,-0.53,49.0,14,14,False,stable,Sinal neural do ST-GAT,59.8,Tensão territorial,0.0,Atividade recente e vizinhança,0.0,Sinal neural do ST-GAT: 59.8% | Tensão territorial: 0.0% | Atividade recente e vizinhança: 0.0%,"GENERAL SAMPAIO aparece na posição 26 de 50, com risco 16.0 e nível baixo; é território de atenção tática.","O peso principal vem de sinal neural do st-gat, com suporte territorial de 0.0% e 0 registros recentes na janela de 30 dias.",Leitura sensível a ruído; requer conferência adicional antes de decisão forte.,O território está próximo de pares vizinhos e pode oscilar no próximo ciclo.,"Verificar eventos recentes, pressão territorial e coerência com inteligência local antes da próxima atualização do ranking."
2026-05-25T14:14:54,2026-05-25,src/core/orchestrator.py:get_combined_risk,cities_interior_top30,27,GRACA,GRACA,interior,cidade,16.03,baixo,36.5,muito baixa,45.6,baixa,0,0,14.0,59.8,0.0,0.0,46.7,0.0,0.0,0.0,-0.53,46.9,14,14,False,stable,Sinal neural do ST-GAT,59.8,Tensão territorial,0.0,Atividade recente e vizinhança,0.0,Sinal neural do ST-GAT: 59.8% | Tensão territorial: 0.0% | Atividade recente e vizinhança: 0.0%,"GRACA aparece na posição 27 de 50, com risco 16.0 e nível baixo; é território de atenção tática.","O peso principal vem de sinal neural do st-gat, com suporte territorial de 0.0% e 0 registros recentes na janela de 30 dias.",Leitura sensível a ruído; requer conferência adicional antes de decisão forte.,O território está próximo de pares vizinhos e pode oscilar no próximo ciclo.,"Verificar eventos recentes, pressão territorial e coerência com inteligência local antes da próxima atualização do ranking."
2026-05-25T14:14:54,2026-05-25,src/core/orchestrator.py:get_combined_risk,cities_interior_top30,28,CARIRIACU,CARIRIACU,interior,cidade,16.03,baixo,36.5,muito baixa,44.4,baixa,0,0,14.0,59.8,0.0,0.0,46.7,0.0,0.0,0.0,-0.53,44.9,14,14,False,stable,Sinal neural do ST-GAT,59.8,Tensão territorial,0.0,Atividade recente e vizinhança,0.0,Sinal neural do ST-GAT: 59.8% | Tensão territorial: 0.0% | Atividade recente e vizinhança: 0.0%,"CARIRIACU aparece na posição 28 de 50, com risco 16.0 e nível baixo; é território de atenção tática.","O peso principal vem de sinal neural do st-gat, com suporte territorial de 0.0% e 0 registros recentes na janela de 30 dias.",Leitura sensível a ruído; requer conferência adicional antes de decisão forte.,O território está próximo de pares vizinhos e pode oscilar no próximo ciclo.,"Verificar eventos recentes, pressão territorial e coerência com inteligência local antes da próxima atualização do ranking."
2026-05-25T14:14:54,2026-05-25,src/core/orchestrator.py:get_combined_risk,cities_interior_top30,29,ACARAPE,ACARAPE,interior,cidade,16.03,baixo,36.5,muito baixa,43.2,baixa,0,0,11.0,59.8,0.0,0.0,46.7,0.0,0.0,0.0,-0.53,42.9,14,14,False,stable,Sinal neural do ST-GAT,59.8,Tensão territorial,0.0,Atividade recente e vizinhança,0.0,Sinal neural do ST-GAT: 59.8% | Tensão territorial: 0.0% | Atividade recente e vizinhança: 0.0%,"ACARAPE aparece na posição 29 de 50, com risco 16.0 e nível baixo; é território de atenção tática.","O peso principal vem de sinal neural do st-gat, com suporte territorial de 0.0% e 0 registros recentes na janela de 30 dias.",Leitura sensível a ruído; requer conferência adicional antes de decisão forte.,O território está próximo de pares vizinhos e pode oscilar no próximo ciclo.,"Verificar eventos recentes, pressão territorial e coerência com inteligência local antes da próxima atualização do ranking."
2026-05-25T14:14:54,2026-05-25,src/core/orchestrator.py:get_combined_risk,cities_interior_top30,30,ITAPIUNA,ITAPIUNA,interior,cidade,16.03,baixo,36.5,muito baixa,41.9,baixa,0,0,19.0,59.8,0.0,0.0,46.7,0.0,0.0,0.0,-0.53,40.8,14,14,False,stable,Sinal neural do ST-GAT,59.8,Tensão territorial,0.0,Atividade recente e vizinhança,0.0,Sinal neural do ST-GAT: 59.8% | Tensão territorial: 0.0% | Atividade recente e vizinhança: 0.0%,"ITAPIUNA aparece na posição 30 de 50, com risco 16.0 e nível baixo; é território de atenção tática.","O peso principal vem de sinal neural do st-gat, com suporte territorial de 0.0% e 0 registros recentes na janela de 30 dias.",Leitura sensível a ruído; requer conferência adicional antes de decisão forte.,O território está próximo de pares vizinhos e pode oscilar no próximo ciclo.,"Verificar eventos recentes, pressão territorial e coerência com inteligência local antes da próxima atualização do ranking."
2026-05-25T14:14:54,2026-05-25,src/core/orchestrator.py:get_combined_risk,fortaleza_bairros_top30,1,BARRA DO CEARA,BARRA DO CEARA,fortaleza,bairro,80.61,crítico,66.9,baixa,99.8,muito alta,1,1,136.0,74.5,100.0,50.0,16.7,100.0,100.0,100.0,4.12,100.0,14,14,True,stable,Tensão territorial,100.0,Sinal neural do ST-GAT,74.5,Fallback histórico ativado,55.0,Tensão territorial: 100.0% | Sinal neural do ST-GAT: 74.5% | Fallback histórico ativado: 55.0%,"BARRA DO CEARA aparece na posição 1 de 109, com risco 80.6 e nível crítico; é prioridade imediata de acompanhamento.","O peso principal vem de tensão territorial, com suporte territorial de 100.0% e 1 registros recentes na janela de 30 dias.",Leitura mais fraca; parte do peso vem de fallback histórico e deve ser confirmada em campo.,O território está bem destacado no ranking frente aos pares.,"Verificar eventos recentes, pressão territorial e coerência com inteligência local antes da próxima atualização do ranking."
2026-05-25T14:14:54,2026-05-25,src/core/orchestrator.py:get_combined_risk,fortaleza_bairros_top30,2,CAJAZEIRAS,CAJAZEIRAS,fortaleza,bairro,71.67,crítico,70.9,moderada,96.5,muito alta,1,2,35.0,100.0,100.0,50.0,33.3,100.0,37.5,100.0,3.55,99.1,14,14,True,stable,Sinal neural do ST-GAT,100.0,Tensão territorial,100.0,Fallback histórico ativado,55.0,Sinal neural do ST-GAT: 100.0% | Tensão territorial: 100.0% | Fallback histórico ativado: 55.0%,"CAJAZEIRAS aparece na posição 2 de 109, com risco 71.7 e nível crítico; é prioridade imediata de acompanhamento.","O peso principal vem de sinal neural do st-gat, com suporte territorial de 100.0% e 2 registros recentes na janela de 30 dias.","Leitura consistente, mas ainda pede validação operacional pontual.",O território está bem destacado no ranking frente aos pares.,"Verificar eventos recentes, pressão territorial e coerência com inteligência local antes da próxima atualização do ranking."
2026-05-25T14:14:54,2026-05-25,src/core/orchestrator.py:get_combined_risk,fortaleza_bairros_top30,3,BONSUCESSO,BONSUCESSO,fortaleza,bairro,58.58,alto,66.8,baixa,91.9,muito alta,1,1,48.0,70.5,100.0,50.0,16.7,100.0,70.0,100.0,2.73,98.1,14,14,True,stable,Tensão territorial,100.0,Sinal neural do ST-GAT,70.5,Fallback histórico ativado,55.0,Tensão territorial: 100.0% | Sinal neural do ST-GAT: 70.5% | Fallback histórico ativado: 55.0%,"BONSUCESSO aparece na posição 3 de 109, com risco 58.6 e nível alto; é prioridade imediata de acompanhamento.","O peso principal vem de tensão territorial, com suporte territorial de 100.0% e 1 registros recentes na janela de 30 dias.",Leitura mais fraca; parte do peso vem de fallback histórico e deve ser confirmada em campo.,O território está bem destacado no ranking frente aos pares.,"Verificar eventos recentes, pressão territorial e coerência com inteligência local antes da próxima atualização do ranking."
2026-05-25T14:14:54,2026-05-25,src/core/orchestrator.py:get_combined_risk,fortaleza_bairros_top30,4,ANCURI,ANCURI,fortaleza,bairro,52.91,alto,71.5,moderada,89.7,muito alta,1,2,34.0,59.8,100.0,50.0,20.0,100.0,35.0,100.0,2.37,97.2,14,14,True,stable,Tensão territorial,100.0,Sinal neural do ST-GAT,59.8,Fallback histórico ativado,55.0,Tensão territorial: 100.0% | Sinal neural do ST-GAT: 59.8% | Fallback histórico ativado: 55.0%,"ANCURI aparece na posição 4 de 109, com risco 52.9 e nível alto; é prioridade imediata de acompanhamento.","O peso principal vem de tensão territorial, com suporte territorial de 100.0% e 2 registros recentes na janela de 30 dias.","Leitura consistente, mas ainda pede validação operacional pontual.",O território está bem destacado no ranking frente aos pares.,"Verificar eventos recentes, pressão territorial e coerência com inteligência local antes da próxima atualização do ranking."
2026-05-25T14:14:54,2026-05-25,src/core/orchestrator.py:get_combined_risk,fortaleza_bairros_top30,5,SAO BENTO,SAO BENTO,fortaleza,bairro,52.57,alto,66.4,baixa,89.0,muito alta,1,1,19.0,58.5,100.0,50.0,16.7,100.0,0.0,100.0,2.35,96.3,14,14,True,stable,Tensão territorial,100.0,Sinal neural do ST-GAT,58.5,Fallback histórico ativado,55.0,Tensão territorial: 100.0% | Sinal neural do ST-GAT: 58.5% | Fallback histórico ativado: 55.0%,"SAO BENTO aparece na posição 5 de 109, com risco 52.6 e nível alto; é prioridade imediata de acompanhamento.","O peso principal vem de tensão territorial, com suporte territorial de 100.0% e 1 registros recentes na janela de 30 dias.",Leitura mais fraca; parte do peso vem de fallback histórico e deve ser confirmada em campo.,O território está bem destacado no ranking frente aos pares.,"Verificar eventos recentes, pressão territorial e coerência com inteligência local antes da próxima atualização do ranking."
2026-05-25T14:14:54,2026-05-25,src/core/orchestrator.py:get_combined_risk,fortaleza_bairros_top30,6,MESSEJANA,MESSEJANA,fortaleza,bairro,49.12,moderado,55.3,baixa,87.4,muito alta,0,0,115.0,27.6,100.0,0.0,46.7,100.0,100.0,0.0,2.13,95.4,14,14,True,stable,Tensão territorial,100.0,Fallback histórico ativado,55.0,Sinal neural do ST-GAT,27.6,Tensão territorial: 100.0% | Fallback histórico ativado: 55.0% | Sinal neural do ST-GAT: 27.6%,"MESSEJANA aparece na posição 6 de 109, com risco 49.1 e nível moderado; é prioridade alta de acompanhamento.","O peso principal vem de tensão territorial, com suporte territorial de 100.0% e 0 registros recentes na janela de 30 dias.",Leitura mais fraca; parte do peso vem de fallback histórico e deve ser confirmada em campo.,O território está bem destacado no ranking frente aos pares.,"Verificar eventos recentes, pressão territorial e coerência com inteligência local antes da próxima atualização do ranking."
2026-05-25T14:14:54,2026-05-25,src/core/orchestrator.py:get_combined_risk,fortaleza_bairros_top30,7,MONDUBIM,MONDUBIM,fortaleza,bairro,48.98,moderado,55.3,baixa,86.8,muito alta,0,0,92.0,27.3,100.0,0.0,46.7,100.0,100.0,0.0,2.12,94.4,14,14,True,stable,Tensão territorial,100.0,Fallback histórico ativado,55.0,Sinal neural do ST-GAT,27.3,Tensão territorial: 100.0% | Fallback histórico ativado: 55.0% | Sinal neural do ST-GAT: 27.3%,"MONDUBIM aparece na posição 7 de 109, com risco 49.0 e nível moderado; é prioridade alta de acompanhamento.","O peso principal vem de tensão territorial, com suporte territorial de 100.0% e 0 registros recentes na janela de 30 dias.",Leitura mais fraca; parte do peso vem de fallback histórico e deve ser confirmada em campo.,O território está bem destacado no ranking frente aos pares.,"Verificar eventos recentes, pressão territorial e coerência com inteligência local antes da próxima atualização do ranking."
2026-05-25T14:14:54,2026-05-25,src/core/orchestrator.py:get_combined_risk,fortaleza_bairros_top30,8,PEDRAS,PEDRAS,fortaleza,bairro,46.89,moderado,55.2,baixa,85.6,muito alta,0,0,81.0,23.1,100.0,0.0,46.7,100.0,100.0,0.0,1.99,93.5,14,14,True,stable,Tensão territorial,100.0,Fallback histórico ativado,55.0,Sinal neural do ST-GAT,23.1,Tensão territorial: 100.0% | Fallback histórico ativado: 55.0% | Sinal neural do ST-GAT: 23.1%,"PEDRAS aparece na posição 8 de 109, com risco 46.9 e nível moderado; é prioridade alta de acompanhamento.","O peso principal vem de tensão territorial, com suporte territorial de 100.0% e 0 registros recentes na janela de 30 dias.",Leitura mais fraca; parte do peso vem de fallback histórico e deve ser confirmada em campo.,O território está bem destacado no ranking frente aos pares.,"Verificar eventos recentes, pressão territorial e coerência com inteligência local antes da próxima atualização do ranking."
2026-05-25T14:14:54,2026-05-25,src/core/orchestrator.py:get_combined_risk,fortaleza_bairros_top30,9,BARROSO,BARROSO,fortaleza,bairro,45.61,moderado,55.1,baixa,84.7,alta,0,0,72.0,20.6,100.0,0.0,46.7,100.0,100.0,0.0,1.91,92.6,14,14,True,stable,Tensão territorial,100.0,Fallback histórico ativado,55.0,Sinal neural do ST-GAT,20.6,Tensão territorial: 100.0% | Fallback histórico ativado: 55.0% | Sinal neural do ST-GAT: 20.6%,"BARROSO aparece na posição 9 de 109, com risco 45.6 e nível moderado; é prioridade alta de acompanhamento.","O peso principal vem de tensão territorial, com suporte territorial de 100.0% e 0 registros recentes na janela de 30 dias.",Leitura mais fraca; parte do peso vem de fallback histórico e deve ser confirmada em campo.,"O território se diferencia do bloco intermediário, mas sem isolamento absoluto.","Verificar eventos recentes, pressão territorial e coerência com inteligência local antes da próxima atualização do ranking."
2026-05-25T14:14:54,2026-05-25,src/core/orchestrator.py:get_combined_risk,fortaleza_bairros_top30,10,PLANALTO AYRTON SENNA,PLANALTO AYRTON SENNA,fortaleza,bairro,44.41,moderado,55.0,baixa,83.8,alta,0,0,95.0,18.2,100.0,0.0,46.7,100.0,100.0,0.0,1.83,91.7,14,14,True,stable,Tensão territorial,100.0,Fallback histórico ativado,55.0,Sinal neural do ST-GAT,18.2,Tensão territorial: 100.0% | Fallback histórico ativado: 55.0% | Sinal neural do ST-GAT: 18.2%,"PLANALTO AYRTON SENNA aparece na posição 10 de 109, com risco 44.4 e nível moderado; é prioridade alta de acompanhamento.","O peso principal vem de tensão territorial, com suporte territorial de 100.0% e 0 registros recentes na janela de 30 dias.",Leitura mais fraca; parte do peso vem de fallback histórico e deve ser confirmada em campo.,"O território se diferencia do bloco intermediário, mas sem isolamento absoluto.","Verificar eventos recentes, pressão territorial e coerência com inteligência local antes da próxima atualização do ranking."
2026-05-25T14:14:54,2026-05-25,src/core/orchestrator.py:get_combined_risk,fortaleza_bairros_top30,11,JOSE WALTER,JOSE WALTER,fortaleza,bairro,43.77,moderado,54.9,muito baixa,83.0,alta,0,0,102.0,16.9,100.0,0.0,46.7,100.0,100.0,0.0,1.79,90.7,14,14,True,stable,Tensão territorial,100.0,Fallback histórico ativado,55.0,Sinal neural do ST-GAT,16.9,Tensão territorial: 100.0% | Fallback histórico ativado: 55.0% | Sinal neural do ST-GAT: 16.9%,"JOSE WALTER aparece na posição 11 de 109, com risco 43.8 e nível moderado; é território de atenção tática.","O peso principal vem de tensão territorial, com suporte territorial de 100.0% e 0 registros recentes na janela de 30 dias.",Leitura mais fraca; parte do peso vem de fallback histórico e deve ser confirmada em campo.,"O território se diferencia do bloco intermediário, mas sem isolamento absoluto.","Verificar eventos recentes, pressão territorial e coerência com inteligência local antes da próxima atualização do ranking."
2026-05-25T14:14:54,2026-05-25,src/core/orchestrator.py:get_combined_risk,fortaleza_bairros_top30,12,ALTO ALEGRE,ALTO ALEGRE,fortaleza,bairro,42.6,moderado,54.8,muito baixa,82.1,alta,0,0,125.0,14.5,100.0,0.0,46.7,100.0,100.0,0.0,1.71,89.8,14,14,True,stable,Tensão territorial,100.0,Fallback histórico ativado,55.0,Sinal neural do ST-GAT,14.5,Tensão territorial: 100.0% | Fallback histórico ativado: 55.0% | Sinal neural do ST-GAT: 14.5%,"ALTO ALEGRE aparece na posição 12 de 109, com risco 42.6 e nível moderado; é território de atenção tática.","O peso principal vem de tensão territorial, com suporte territorial de 100.0% e 0 registros recentes na janela de 30 dias.",Leitura mais fraca; parte do peso vem de fallback histórico e deve ser confirmada em campo.,"O território se diferencia do bloco intermediário, mas sem isolamento absoluto.","Verificar eventos recentes, pressão territorial e coerência com inteligência local antes da próxima atualização do ranking."
2026-05-25T14:14:54,2026-05-25,src/core/orchestrator.py:get_combined_risk,fortaleza_bairros_top30,13,SIQUEIRA,SIQUEIRA,fortaleza,bairro,38.41,moderado,59.3,baixa,80.3,alta,0,1,103.0,6.2,100.0,0.0,46.7,100.0,100.0,50.0,1.45,88.9,14,14,True,stable,Tensão territorial,100.0,Fallback histórico ativado,55.0,CVLI recente na janela de 30 dias,20.0,Tensão territorial: 100.0% | Fallback histórico ativado: 55.0% | CVLI recente na janela de 30 dias: 20.0%,"SIQUEIRA aparece na posição 13 de 109, com risco 38.4 e nível moderado; é território de atenção tática.","O peso principal vem de tensão territorial, com suporte territorial de 100.0% e 1 registros recentes na janela de 30 dias.",Leitura mais fraca; parte do peso vem de fallback histórico e deve ser confirmada em campo.,"O território se diferencia do bloco intermediário, mas sem isolamento absoluto.","Verificar eventos recentes, pressão territorial e coerência com inteligência local antes da próxima atualização do ranking."
2026-05-25T14:14:54,2026-05-25,src/core/orchestrator.py:get_combined_risk,fortaleza_bairros_top30,14,GRANJA LISBOA,GRANJA LISBOA,fortaleza,bairro,35.33,moderado,53.9,muito baixa,78.8,alta,0,0,110.0,0.0,100.0,0.0,46.7,100.0,100.0,0.0,1.26,88.0,14,14,True,stable,Tensão territorial,100.0,Fallback histórico ativado,55.0,Sinal neural do ST-GAT,0.0,Tensão territorial: 100.0% | Fallback histórico ativado: 55.0% | Sinal neural do ST-GAT: 0.0%,"GRANJA LISBOA aparece na posição 14 de 109, com risco 35.3 e nível moderado; é território de atenção tática.","O peso principal vem de tensão territorial, com suporte territorial de 100.0% e 0 registros recentes na janela de 30 dias.",Leitura mais fraca; parte do peso vem de fallback histórico e deve ser confirmada em campo.,"O território se diferencia do bloco intermediário, mas sem isolamento absoluto.","Verificar eventos recentes, pressão territorial e coerência com inteligência local antes da próxima atualização do ranking."
2026-05-25T14:14:54,2026-05-25,src/core/orchestrator.py:get_combined_risk,fortaleza_bairros_top30,15,ENGENHEIRO LUCIANO CAVALCANTE,ENGENHEIRO LUCIANO CAVALCANTE,fortaleza,bairro,30.56,baixo,41.0,muito baixa,76.8,alta,0,1,11.0,50.5,50.0,0.0,46.7,50.0,0.0,50.0,0.95,87.0,14,14,True,stable,Fallback histórico ativado,55.0,Sinal neural do ST-GAT,50.5,Tensão territorial,50.0,Fallback histórico ativado: 55.0% | Sinal neural do ST-GAT: 50.5% | Tensão territorial: 50.0%,"ENGENHEIRO LUCIANO CAVALCANTE aparece na posição 15 de 109, com risco 30.6 e nível baixo; é território de atenção tática.","O peso principal vem de fallback histórico ativado, com suporte territorial de 50.0% e 1 registros recentes na janela de 30 dias.",Leitura mais fraca; parte do peso vem de fallback histórico e deve ser confirmada em campo.,"O território se diferencia do bloco intermediário, mas sem isolamento absoluto.","Verificar eventos recentes, pressão territorial e coerência com inteligência local antes da próxima atualização do ranking."
2026-05-25T14:14:54,2026-05-25,src/core/orchestrator.py:get_combined_risk,fortaleza_bairros_top30,16,PASSARE,PASSARE,fortaleza,bairro,28.35,baixo,55.3,baixa,75.6,alta,0,0,65.0,26.0,100.0,0.0,46.7,100.0,100.0,0.0,0.81,86.1,14,14,True,stable,Tensão territorial,100.0,Fallback histórico ativado,55.0,Sinal neural do ST-GAT,26.0,Tensão territorial: 100.0% | Fallback histórico ativado: 55.0% | Sinal neural do ST-GAT: 26.0%,"PASSARE aparece na posição 16 de 109, com risco 28.4 e nível baixo; é território de atenção tática.","O peso principal vem de tensão territorial, com suporte territorial de 100.0% e 0 registros recentes na janela de 30 dias.",Leitura mais fraca; parte do peso vem de fallback histórico e deve ser confirmada em campo.,"O território se diferencia do bloco intermediário, mas sem isolamento absoluto.","Verificar eventos recentes, pressão territorial e coerência com inteligência local antes da próxima atualização do ranking."
2026-05-25T14:14:54,2026-05-25,src/core/orchestrator.py:get_combined_risk,fortaleza_bairros_top30,17,PARQUE IRACEMA,PARQUE IRACEMA,fortaleza,bairro,27.15,baixo,24.9,muito baixa,74.7,alta,0,0,11.0,63.6,0.0,0.0,46.7,0.0,0.0,0.0,0.74,85.2,14,14,True,stable,Sinal neural do ST-GAT,63.6,Fallback histórico ativado,55.0,Tensão territorial,0.0,Sinal neural do ST-GAT: 63.6% | Fallback histórico ativado: 55.0% | Tensão territorial: 0.0%,"PARQUE IRACEMA aparece na posição 17 de 109, com risco 27.1 e nível baixo; é território de atenção tática.","O peso principal vem de sinal neural do st-gat, com suporte territorial de 0.0% e 0 registros recentes na janela de 30 dias.",Leitura mais fraca; parte do peso vem de fallback histórico e deve ser confirmada em campo.,"O território se diferencia do bloco intermediário, mas sem isolamento absoluto.","Verificar eventos recentes, pressão territorial e coerência com inteligência local antes da próxima atualização do ranking."
2026-05-25T14:14:54,2026-05-25,src/core/orchestrator.py:get_combined_risk,fortaleza_bairros_top30,18,BOM JARDIM,BOM JARDIM,fortaleza,bairro,25.46,baixo,50.7,muito baixa,73.6,alta,0,0,55.0,25.2,87.5,0.0,46.7,87.5,87.5,0.0,0.63,84.3,14,14,True,stable,Tensão territorial,87.5,Fallback histórico ativado,55.0,Sinal neural do ST-GAT,25.2,Tensão territorial: 87.5% | Fallback histórico ativado: 55.0% | Sinal neural do ST-GAT: 25.2%,"BOM JARDIM aparece na posição 18 de 109, com risco 25.5 e nível baixo; é território de atenção tática.","O peso principal vem de tensão territorial, com suporte territorial de 87.5% e 0 registros recentes na janela de 30 dias.",Leitura mais fraca; parte do peso vem de fallback histórico e deve ser confirmada em campo.,"O território se diferencia do bloco intermediário, mas sem isolamento absoluto.","Verificar eventos recentes, pressão territorial e coerência com inteligência local antes da próxima atualização do ranking."
2026-05-25T14:14:54,2026-05-25,src/core/orchestrator.py:get_combined_risk,fortaleza_bairros_top30,19,GRANJA PORTUGAL,GRANJA PORTUGAL,fortaleza,bairro,25.41,baixo,52.5,muito baixa,73.0,alta,0,0,57.0,23.2,92.5,0.0,46.7,92.5,92.5,0.0,0.63,83.3,14,14,True,stable,Tensão territorial,92.5,Fallback histórico ativado,55.0,Sinal neural do ST-GAT,23.2,Tensão territorial: 92.5% | Fallback histórico ativado: 55.0% | Sinal neural do ST-GAT: 23.2%,"GRANJA PORTUGAL aparece na posição 19 de 109, com risco 25.4 e nível baixo; é território de atenção tática.","O peso principal vem de tensão territorial, com suporte territorial de 92.5% e 0 registros recentes na janela de 30 dias.",Leitura mais fraca; parte do peso vem de fallback histórico e deve ser confirmada em campo.,"O território se diferencia do bloco intermediário, mas sem isolamento absoluto.","Verificar eventos recentes, pressão territorial e coerência com inteligência local antes da próxima atualização do ranking."
2026-05-25T14:14:54,2026-05-25,src/core/orchestrator.py:get_combined_risk,fortaleza_bairros_top30,20,LAGOA REDONDA,LAGOA REDONDA,fortaleza,bairro,24.71,baixo,55.0,baixa,72.2,alta,0,0,60.0,18.8,100.0,0.0,46.7,100.0,100.0,0.0,0.58,82.4,14,14,True,stable,Tensão territorial,100.0,Fallback histórico ativado,55.0,Sinal neural do ST-GAT,18.8,Tensão territorial: 100.0% | Fallback histórico ativado: 55.0% | Sinal neural do ST-GAT: 18.8%,"LAGOA REDONDA aparece na posição 20 de 109, com risco 24.7 e nível baixo; é território de atenção tática.","O peso principal vem de tensão territorial, com suporte territorial de 100.0% e 0 registros recentes na janela de 30 dias.",Leitura mais fraca; parte do peso vem de fallback histórico e deve ser confirmada em campo.,"O território se diferencia do bloco intermediário, mas sem isolamento absoluto.","Verificar eventos recentes, pressão territorial e coerência com inteligência local antes da próxima atualização do ranking."
2026-05-25T14:14:54,2026-05-25,src/core/orchestrator.py:get_combined_risk,fortaleza_bairros_top30,21,QUINTINO CUNHA,QUINTINO CUNHA,fortaleza,bairro,24.64,baixo,55.0,baixa,71.7,alta,0,0,68.0,18.6,100.0,0.0,46.7,100.0,100.0,0.0,0.58,81.5,14,14,True,stable,Tensão territorial,100.0,Fallback histórico ativado,55.0,Sinal neural do ST-GAT,18.6,Tensão territorial: 100.0% | Fallback histórico ativado: 55.0% | Sinal neural do ST-GAT: 18.6%,"QUINTINO CUNHA aparece na posição 21 de 109, com risco 24.6 e nível baixo; é território de atenção tática.","O peso principal vem de tensão territorial, com suporte territorial de 100.0% e 0 registros recentes na janela de 30 dias.",Leitura mais fraca; parte do peso vem de fallback histórico e deve ser confirmada em campo.,"O território se diferencia do bloco intermediário, mas sem isolamento absoluto.","Verificar eventos recentes, pressão territorial e coerência com inteligência local antes da próxima atualização do ranking."
2026-05-25T14:14:54,2026-05-25,src/core/orchestrator.py:get_combined_risk,fortaleza_bairros_top30,22,VICENTE PINZON,VICENTE PINZON,fortaleza,bairro,23.98,baixo,52.3,muito baixa,70.9,alta,0,0,57.0,20.3,92.5,0.0,46.7,92.5,92.5,0.0,0.54,80.6,14,14,True,stable,Tensão territorial,92.5,Fallback histórico ativado,55.0,Sinal neural do ST-GAT,20.3,Tensão territorial: 92.5% | Fallback histórico ativado: 55.0% | Sinal neural do ST-GAT: 20.3%,"VICENTE PINZON aparece na posição 22 de 109, com risco 24.0 e nível baixo; é território de atenção tática.","O peso principal vem de tensão territorial, com suporte territorial de 92.5% e 0 registros recentes na janela de 30 dias.",Leitura mais fraca; parte do peso vem de fallback histórico e deve ser confirmada em campo.,"O território se diferencia do bloco intermediário, mas sem isolamento absoluto.","Verificar eventos recentes, pressão territorial e coerência com inteligência local antes da próxima atualização do ranking."
2026-05-25T14:14:54,2026-05-25,src/core/orchestrator.py:get_combined_risk,fortaleza_bairros_top30,23,CAMBEBA,CAMBEBA,fortaleza,bairro,23.76,baixo,41.7,muito baixa,70.3,alta,0,1,10.0,36.9,50.0,0.0,46.7,50.0,0.0,50.0,0.52,79.6,14,14,True,stable,Fallback histórico ativado,55.0,Tensão territorial,50.0,Sinal neural do ST-GAT,36.9,Fallback histórico ativado: 55.0% | Tensão territorial: 50.0% | Sinal neural do ST-GAT: 36.9%,"CAMBEBA aparece na posição 23 de 109, com risco 23.8 e nível baixo; é território de atenção tática.","O peso principal vem de fallback histórico ativado, com suporte territorial de 50.0% e 1 registros recentes na janela de 30 dias.",Leitura mais fraca; parte do peso vem de fallback histórico e deve ser confirmada em campo.,"O território se diferencia do bloco intermediário, mas sem isolamento absoluto.","Verificar eventos recentes, pressão territorial e coerência com inteligência local antes da próxima atualização do ranking."
2026-05-25T14:14:54,2026-05-25,src/core/orchestrator.py:get_combined_risk,fortaleza_bairros_top30,24,PAUPINA,PAUPINA,fortaleza,bairro,23.15,baixo,38.7,muito baixa,69.5,moderada,0,0,42.0,33.6,55.0,0.0,46.7,55.0,55.0,0.0,0.49,78.7,14,14,True,stable,Fallback histórico ativado,55.0,Tensão territorial,55.0,Sinal neural do ST-GAT,33.6,Fallback histórico ativado: 55.0% | Tensão territorial: 55.0% | Sinal neural do ST-GAT: 33.6%,"PAUPINA aparece na posição 24 de 109, com risco 23.1 e nível baixo; é território de atenção tática.","O peso principal vem de fallback histórico ativado, com suporte territorial de 55.0% e 0 registros recentes na janela de 30 dias.",Leitura mais fraca; parte do peso vem de fallback histórico e deve ser confirmada em campo.,O território está próximo de pares vizinhos e pode oscilar no próximo ciclo.,"Verificar eventos recentes, pressão territorial e coerência com inteligência local antes da próxima atualização do ranking."
2026-05-25T14:14:54,2026-05-25,src/core/orchestrator.py:get_combined_risk,fortaleza_bairros_top30,25,JARDIM DAS OLIVEIRAS,JARDIM DAS OLIVEIRAS,fortaleza,bairro,22.54,baixo,46.1,muito baixa,68.8,moderada,0,0,50.0,24.4,75.0,0.0,46.7,75.0,75.0,0.0,0.45,77.8,14,14,True,stable,Tensão territorial,75.0,Fallback histórico ativado,55.0,Sinal neural do ST-GAT,24.4,Tensão territorial: 75.0% | Fallback histórico ativado: 55.0% | Sinal neural do ST-GAT: 24.4%,"JARDIM DAS OLIVEIRAS aparece na posição 25 de 109, com risco 22.5 e nível baixo; é território de atenção tática.","O peso principal vem de tensão territorial, com suporte territorial de 75.0% e 0 registros recentes na janela de 30 dias.",Leitura mais fraca; parte do peso vem de fallback histórico e deve ser confirmada em campo.,O território está próximo de pares vizinhos e pode oscilar no próximo ciclo.,"Verificar eventos recentes, pressão territorial e coerência com inteligência local antes da próxima atualização do ranking."
2026-05-25T14:14:54,2026-05-25,src/core/orchestrator.py:get_combined_risk,fortaleza_bairros_top30,26,ALDEOTA,ALDEOTA,fortaleza,bairro,21.83,baixo,23.8,muito baixa,68.1,moderada,0,0,13.0,53.0,0.0,0.0,46.7,0.0,0.0,0.0,0.4,76.9,14,14,True,stable,Fallback histórico ativado,55.0,Sinal neural do ST-GAT,53.0,Tensão territorial,0.0,Fallback histórico ativado: 55.0% | Sinal neural do ST-GAT: 53.0% | Tensão territorial: 0.0%,"ALDEOTA aparece na posição 26 de 109, com risco 21.8 e nível baixo; é território de atenção tática.","O peso principal vem de fallback histórico ativado, com suporte territorial de 0.0% e 0 registros recentes na janela de 30 dias.",Leitura mais fraca; parte do peso vem de fallback histórico e deve ser confirmada em campo.,O território está próximo de pares vizinhos e pode oscilar no próximo ciclo.,"Verificar eventos recentes, pressão territorial e coerência com inteligência local antes da próxima atualização do ranking."
2026-05-25T14:14:54,2026-05-25,src/core/orchestrator.py:get_combined_risk,fortaleza_bairros_top30,27,PICI,PICI,fortaleza,bairro,21.62,baixo,49.6,muito baixa,67.4,moderada,0,0,54.0,18.6,85.0,0.0,46.7,85.0,85.0,0.0,0.39,75.9,14,14,True,stable,Tensão territorial,85.0,Fallback histórico ativado,55.0,Sinal neural do ST-GAT,18.6,Tensão territorial: 85.0% | Fallback histórico ativado: 55.0% | Sinal neural do ST-GAT: 18.6%,"PICI aparece na posição 27 de 109, com risco 21.6 e nível baixo; é território de atenção tática.","O peso principal vem de tensão territorial, com suporte territorial de 85.0% e 0 registros recentes na janela de 30 dias.",Leitura mais fraca; parte do peso vem de fallback histórico e deve ser confirmada em campo.,O território está próximo de pares vizinhos e pode oscilar no próximo ciclo.,"Verificar eventos recentes, pressão territorial e coerência com inteligência local antes da próxima atualização do ranking."
2026-05-25T14:14:54,2026-05-25,src/core/orchestrator.py:get_combined_risk,fortaleza_bairros_top30,28,CONJUNTO PALMEIRAS,CONJUNTO PALMEIRAS,fortaleza,bairro,21.62,baixo,54.6,muito baixa,66.9,moderada,0,1,54.0,18.6,85.0,0.0,46.7,85.0,85.0,50.0,0.39,75.0,14,14,True,stable,Tensão territorial,85.0,Fallback histórico ativado,55.0,CVLI recente na janela de 30 dias,20.0,Tensão territorial: 85.0% | Fallback histórico ativado: 55.0% | CVLI recente na janela de 30 dias: 20.0%,"CONJUNTO PALMEIRAS aparece na posição 28 de 109, com risco 21.6 e nível baixo; é território de atenção tática.","O peso principal vem de tensão territorial, com suporte territorial de 85.0% e 1 registros recentes na janela de 30 dias.",Leitura mais fraca; parte do peso vem de fallback histórico e deve ser confirmada em campo.,O território está próximo de pares vizinhos e pode oscilar no próximo ciclo.,"Verificar eventos recentes, pressão territorial e coerência com inteligência local antes da próxima atualização do ranking."
2026-05-25T14:14:54,2026-05-25,src/core/orchestrator.py:get_combined_risk,fortaleza_bairros_top30,29,CIDADE DOS FUNCIONARIOS,CIDADE DOS FUNCIONARIOS,fortaleza,bairro,21.46,baixo,26.2,muito baixa,66.3,moderada,0,0,24.0,52.2,0.0,0.0,46.7,10.0,10.0,0.0,0.38,74.1,14,14,True,stable,Fallback histórico ativado,55.0,Sinal neural do ST-GAT,52.2,Tensão territorial,0.0,Fallback histórico ativado: 55.0% | Sinal neural do ST-GAT: 52.2% | Tensão territorial: 0.0%,"CIDADE DOS FUNCIONARIOS aparece na posição 29 de 109, com risco 21.5 e nível baixo; é território de atenção tática.","O peso principal vem de fallback histórico ativado, com suporte territorial de 10.0% e 0 registros recentes na janela de 30 dias.",Leitura mais fraca; parte do peso vem de fallback histórico e deve ser confirmada em campo.,O território está próximo de pares vizinhos e pode oscilar no próximo ciclo.,"Verificar eventos recentes, pressão territorial e coerência com inteligência local antes da próxima atualização do ranking."
2026-05-25T14:14:54,2026-05-25,src/core/orchestrator.py:get_combined_risk,fortaleza_bairros_top30,30,CENTRO,CENTRO,fortaleza,bairro,19.51,baixo,36.9,muito baixa,65.1,moderada,0,0,40.0,28.3,50.0,0.0,46.7,50.0,50.0,0.0,0.26,73.1,14,14,True,stable,Fallback histórico ativado,55.0,Tensão territorial,50.0,Sinal neural do ST-GAT,28.3,Fallback histórico ativado: 55.0% | Tensão territorial: 50.0% | Sinal neural do ST-GAT: 28.3%,"CENTRO aparece na posição 30 de 109, com risco 19.5 e nível baixo; é território de atenção tática.","O peso principal vem de fallback histórico ativado, com suporte territorial de 50.0% e 0 registros recentes na janela de 30 dias.",Leitura mais fraca; parte do peso vem de fallback histórico e deve ser confirmada em campo.,O território está próximo de pares vizinhos e pode oscilar no próximo ciclo.,"Verificar eventos recentes, pressão territorial e coerência com inteligência local antes da próxima atualização do ranking."
