snapshot_generated_at,data_limit,source,scope,rank,name,name_normalized,region,territorial_level,risk_score,risk_level,confidence_pct,confidence_label,expressiveness_pct,expressiveness_label,recent_cvli_14d,recent_cvli_30d,historical_cvli,neural_score,tension_score,inclusion_score,calm_penalty,territorial_support_pct,historical_support_pct,live_support_pct,score_z,peer_percentile,dynamic_window_days,base_window_days,historical_fallback,trend,top_driver_1,top_driver_1_strength_pct,top_driver_2,top_driver_2_strength_pct,top_driver_3,top_driver_3_strength_pct,explainability_summary,leitura_rapida_gestor,por_que_importa_gestor,confianca_limites_gestor,expressividade_previsao_gestor,proxima_acao_gestor
2026-05-25T14:09:46,2026-05-25,src/core/orchestrator.py:get_combined_risk,cities_general_top30,1,MARACANAU,MARACANAU,rmf,cidade,85.33,crítico,53.9,muito baixa,99.0,muito alta,0,0,639.0,100.0,100.0,0.0,46.7,100.0,100.0,0.0,3.95,100.0,30,14,True,stable,Sinal neural do ST-GAT,100.0,Tensão territorial,100.0,Fallback histórico ativado,55.0,Sinal neural do ST-GAT: 100.0% | Tensão territorial: 100.0% | Fallback histórico ativado: 55.0%,"MARACANAU aparece na posição 1 de 69, com risco 85.3 e nível crítico; é prioridade imediata de acompanhamento.","O peso principal vem de sinal neural do st-gat, com suporte territorial de 100.0% e 0 registros recentes na janela de 30 dias.",Leitura mais fraca; parte do peso vem de fallback histórico e deve ser confirmada em campo.,O território está bem destacado no ranking frente aos pares.,"Verificar eventos recentes, pressão territorial e coerência com inteligência local antes da próxima atualização do ranking."
2026-05-25T14:09:46,2026-05-25,src/core/orchestrator.py:get_combined_risk,cities_general_top30,2,CAUCAIA,CAUCAIA,rmf,cidade,83.3,crítico,54.1,muito baixa,97.5,muito alta,0,0,637.0,95.9,100.0,0.0,46.7,100.0,100.0,0.0,3.83,98.5,30,14,True,stable,Tensão territorial,100.0,Sinal neural do ST-GAT,95.9,Fallback histórico ativado,55.0,Tensão territorial: 100.0% | Sinal neural do ST-GAT: 95.9% | Fallback histórico ativado: 55.0%,"CAUCAIA aparece na posição 2 de 69, com risco 83.3 e nível crítico; é prioridade imediata de acompanhamento.","O peso principal vem de tensão territorial, com suporte territorial de 100.0% e 0 registros recentes na janela de 30 dias.",Leitura mais fraca; parte do peso vem de fallback histórico e deve ser confirmada em campo.,O território está bem destacado no ranking frente aos pares.,"Verificar eventos recentes, pressão territorial e coerência com inteligência local antes da próxima atualização do ranking."
2026-05-25T14:09:46,2026-05-25,src/core/orchestrator.py:get_combined_risk,cities_general_top30,3,ITAPAJE,ITAPAJE,interior,cidade,69.11,alto,85.7,alta,92.5,muito alta,2,2,46.0,69.7,100.0,100.0,43.3,100.0,65.0,100.0,2.96,97.1,14,14,False,stable,Atividade recente e vizinhança,100.0,Tensão territorial,100.0,Sinal neural do ST-GAT,69.7,Atividade recente e vizinhança: 100.0% | Tensão territorial: 100.0% | Sinal neural do ST-GAT: 69.7%,"ITAPAJE aparece na posição 3 de 69, com risco 69.1 e nível alto; é prioridade imediata de acompanhamento.","O peso principal vem de atividade recente e vizinhança, com suporte territorial de 100.0% e 2 registros recentes na janela de 30 dias.",Leitura com boa sustentação dos sinais atuais.,O território está bem destacado no ranking frente aos pares.,"Verificar eventos recentes, pressão territorial e coerência com inteligência local antes da próxima atualização do ranking."
2026-05-25T14:09:46,2026-05-25,src/core/orchestrator.py:get_combined_risk,cities_general_top30,4,TIANGUA,TIANGUA,interior,cidade,54.09,alto,78.7,moderada,87.1,muito alta,1,1,78.0,86.0,100.0,50.0,40.0,100.0,100.0,100.0,2.04,95.6,14,14,False,stable,Tensão territorial,100.0,Sinal neural do ST-GAT,86.0,Atividade recente e vizinhança,50.0,Tensão territorial: 100.0% | Sinal neural do ST-GAT: 86.0% | Atividade recente e vizinhança: 50.0%,"TIANGUA aparece na posição 4 de 69, com risco 54.1 e nível alto; é prioridade imediata de acompanhamento.","O peso principal vem de tensão territorial, com suporte territorial de 100.0% e 1 registros recentes na janela de 30 dias.","Leitura consistente, mas ainda pede validação operacional pontual.",O território está bem destacado no ranking frente aos pares.,"Verificar eventos recentes, pressão territorial e coerência com inteligência local antes da próxima atualização do ranking."
2026-05-25T14:09:46,2026-05-25,src/core/orchestrator.py:get_combined_risk,cities_general_top30,5,VARZEA ALEGRE,VARZEA ALEGRE,interior,cidade,47.21,moderado,78.7,moderada,84.2,alta,1,1,17.0,64.1,100.0,50.0,46.7,100.0,0.0,100.0,1.61,94.1,14,14,False,stable,Tensão territorial,100.0,Sinal neural do ST-GAT,64.1,Atividade recente e vizinhança,50.0,Tensão territorial: 100.0% | Sinal neural do ST-GAT: 64.1% | Atividade recente e vizinhança: 50.0%,"VARZEA ALEGRE aparece na posição 5 de 69, com risco 47.2 e nível moderado; é prioridade imediata de acompanhamento.","O peso principal vem de tensão territorial, com suporte territorial de 100.0% e 1 registros recentes na janela de 30 dias.","Leitura consistente, mas ainda pede validação operacional pontual.","O território se diferencia do bloco intermediário, mas sem isolamento absoluto.","Verificar eventos recentes, pressão territorial e coerência com inteligência local antes da próxima atualização do ranking."
2026-05-25T14:09:46,2026-05-25,src/core/orchestrator.py:get_combined_risk,cities_general_top30,6,ALTO SANTO,ALTO SANTO,interior,cidade,42.79,moderado,77.8,moderada,82.0,alta,1,1,22.0,47.7,100.0,50.0,46.7,100.0,5.0,100.0,1.34,92.6,14,14,False,stable,Tensão territorial,100.0,Atividade recente e vizinhança,50.0,Sinal neural do ST-GAT,47.7,Tensão territorial: 100.0% | Atividade recente e vizinhança: 50.0% | Sinal neural do ST-GAT: 47.7%,"ALTO SANTO aparece na posição 6 de 69, com risco 42.8 e nível moderado; é prioridade alta de acompanhamento.","O peso principal vem de tensão territorial, com suporte territorial de 100.0% e 1 registros recentes na janela de 30 dias.","Leitura consistente, mas ainda pede validação operacional pontual.","O território se diferencia do bloco intermediário, mas sem isolamento absoluto.","Verificar eventos recentes, pressão territorial e coerência com inteligência local antes da próxima atualização do ranking."
2026-05-25T14:09:46,2026-05-25,src/core/orchestrator.py:get_combined_risk,cities_general_top30,7,CARIRE,CARIRE,interior,cidade,34.84,moderado,74.9,moderada,78.8,alta,1,1,24.0,18.0,100.0,50.0,46.7,100.0,10.0,100.0,0.86,91.2,14,14,False,stable,Tensão territorial,100.0,Atividade recente e vizinhança,50.0,CVLI recente na janela de 30 dias,20.0,Tensão territorial: 100.0% | Atividade recente e vizinhança: 50.0% | CVLI recente na janela de 30 dias: 20.0%,"CARIRE aparece na posição 7 de 69, com risco 34.8 e nível moderado; é prioridade alta de acompanhamento.","O peso principal vem de tensão territorial, com suporte territorial de 100.0% e 1 registros recentes na janela de 30 dias.","Leitura consistente, mas ainda pede validação operacional pontual.","O território se diferencia do bloco intermediário, mas sem isolamento absoluto.","Verificar eventos recentes, pressão territorial e coerência com inteligência local antes da próxima atualização do ranking."
2026-05-25T14:09:46,2026-05-25,src/core/orchestrator.py:get_combined_risk,cities_general_top30,8,SOBRAL,SOBRAL,interior,cidade,32.48,moderado,66.9,baixa,77.2,alta,0,0,67.0,83.8,100.0,0.0,46.7,100.0,100.0,0.0,0.71,89.7,14,14,False,stable,Tensão territorial,100.0,Sinal neural do ST-GAT,83.8,Atividade recente e vizinhança,0.0,Tensão territorial: 100.0% | Sinal neural do ST-GAT: 83.8% | Atividade recente e vizinhança: 0.0%,"SOBRAL aparece na posição 8 de 69, com risco 32.5 e nível moderado; é prioridade alta de acompanhamento.","O peso principal vem de tensão territorial, com suporte territorial de 100.0% e 0 registros recentes na janela de 30 dias.",Leitura sensível a ruído; requer conferência adicional antes de decisão forte.,"O território se diferencia do bloco intermediário, mas sem isolamento absoluto.","Verificar eventos recentes, pressão territorial e coerência com inteligência local antes da próxima atualização do ranking."
2026-05-25T14:09:46,2026-05-25,src/core/orchestrator.py:get_combined_risk,cities_general_top30,9,LIMOEIRO DO NORTE,LIMOEIRO DO NORTE,interior,cidade,31.67,moderado,55.2,baixa,76.1,alta,0,0,40.0,99.4,50.0,0.0,46.7,50.0,50.0,0.0,0.66,88.2,14,14,False,stable,Sinal neural do ST-GAT,99.4,Tensão territorial,50.0,Atividade recente e vizinhança,0.0,Sinal neural do ST-GAT: 99.4% | Tensão territorial: 50.0% | Atividade recente e vizinhança: 0.0%,"LIMOEIRO DO NORTE aparece na posição 9 de 69, com risco 31.7 e nível moderado; é prioridade alta de acompanhamento.","O peso principal vem de sinal neural do st-gat, com suporte territorial de 50.0% e 0 registros recentes na janela de 30 dias.",Leitura sensível a ruído; requer conferência adicional antes de decisão forte.,"O território se diferencia do bloco intermediário, mas sem isolamento absoluto.","Verificar eventos recentes, pressão territorial e coerência com inteligência local antes da próxima atualização do ranking."
2026-05-25T14:09:46,2026-05-25,src/core/orchestrator.py:get_combined_risk,cities_general_top30,10,URUBURETAMA,URUBURETAMA,interior,cidade,27.58,baixo,43.2,muito baixa,74.1,alta,0,0,23.0,100.0,7.5,0.0,46.7,7.5,7.5,0.0,0.41,86.8,14,14,False,stable,Sinal neural do ST-GAT,100.0,Tensão territorial,7.5,Atividade recente e vizinhança,0.0,Sinal neural do ST-GAT: 100.0% | Tensão territorial: 7.5% | Atividade recente e vizinhança: 0.0%,"URUBURETAMA aparece na posição 10 de 69, com risco 27.6 e nível baixo; é prioridade alta de acompanhamento.","O peso principal vem de sinal neural do st-gat, com suporte territorial de 7.5% e 0 registros recentes na janela de 30 dias.",Leitura sensível a ruído; requer conferência adicional antes de decisão forte.,"O território se diferencia do bloco intermediário, mas sem isolamento absoluto.","Verificar eventos recentes, pressão territorial e coerência com inteligência local antes da próxima atualização do ranking."
2026-05-25T14:09:46,2026-05-25,src/core/orchestrator.py:get_combined_risk,cities_general_top30,11,IGUATU,IGUATU,interior,cidade,26.9,baixo,67.6,baixa,73.0,alta,0,0,81.0,63.0,100.0,0.0,46.7,100.0,100.0,0.0,0.37,85.3,14,14,False,stable,Tensão territorial,100.0,Sinal neural do ST-GAT,63.0,Atividade recente e vizinhança,0.0,Tensão territorial: 100.0% | Sinal neural do ST-GAT: 63.0% | Atividade recente e vizinhança: 0.0%,"IGUATU aparece na posição 11 de 69, com risco 26.9 e nível baixo; é território de atenção tática.","O peso principal vem de tensão territorial, com suporte territorial de 100.0% e 0 registros recentes na janela de 30 dias.",Leitura sensível a ruído; requer conferência adicional antes de decisão forte.,"O território se diferencia do bloco intermediário, mas sem isolamento absoluto.","Verificar eventos recentes, pressão territorial e coerência com inteligência local antes da próxima atualização do ranking."
2026-05-25T14:09:46,2026-05-25,src/core/orchestrator.py:get_combined_risk,cities_general_top30,12,BATURITE,BATURITE,interior,cidade,26.9,baixo,67.6,baixa,72.1,alta,0,0,64.0,63.0,100.0,0.0,46.7,100.0,100.0,0.0,0.37,83.8,14,14,False,stable,Tensão territorial,100.0,Sinal neural do ST-GAT,63.0,Atividade recente e vizinhança,0.0,Tensão territorial: 100.0% | Sinal neural do ST-GAT: 63.0% | Atividade recente e vizinhança: 0.0%,"BATURITE aparece na posição 12 de 69, com risco 26.9 e nível baixo; é território de atenção tática.","O peso principal vem de tensão territorial, com suporte territorial de 100.0% e 0 registros recentes na janela de 30 dias.",Leitura sensível a ruído; requer conferência adicional antes de decisão forte.,"O território se diferencia do bloco intermediário, mas sem isolamento absoluto.","Verificar eventos recentes, pressão territorial e coerência com inteligência local antes da próxima atualização do ranking."
2026-05-25T14:09:46,2026-05-25,src/core/orchestrator.py:get_combined_risk,cities_general_top30,13,JIJOCA DE JERICOACOARA,JIJOCA DE JERICOACOARA,interior,cidade,26.83,baixo,40.9,muito baixa,71.2,alta,0,0,18.0,100.0,0.0,0.0,46.7,0.0,0.0,0.0,0.36,82.4,14,14,False,stable,Sinal neural do ST-GAT,100.0,Tensão territorial,0.0,Atividade recente e vizinhança,0.0,Sinal neural do ST-GAT: 100.0% | Tensão territorial: 0.0% | Atividade recente e vizinhança: 0.0%,"JIJOCA DE JERICOACOARA aparece na posição 13 de 69, com risco 26.8 e nível baixo; é território de atenção tática.","O peso principal vem de sinal neural do st-gat, com suporte territorial de 0.0% e 0 registros recentes na janela de 30 dias.",Leitura sensível a ruído; requer conferência adicional antes de decisão forte.,"O território se diferencia do bloco intermediário, mas sem isolamento absoluto.","Verificar eventos recentes, pressão territorial e coerência com inteligência local antes da próxima atualização do ranking."
2026-05-25T14:09:46,2026-05-25,src/core/orchestrator.py:get_combined_risk,cities_general_top30,14,ACOPIARA,ACOPIARA,interior,cidade,26.83,baixo,40.9,muito baixa,70.3,alta,0,0,14.0,100.0,0.0,0.0,46.7,0.0,0.0,0.0,0.36,80.9,14,14,False,stable,Sinal neural do ST-GAT,100.0,Tensão territorial,0.0,Atividade recente e vizinhança,0.0,Sinal neural do ST-GAT: 100.0% | Tensão territorial: 0.0% | Atividade recente e vizinhança: 0.0%,"ACOPIARA aparece na posição 14 de 69, com risco 26.8 e nível baixo; é território de atenção tática.","O peso principal vem de sinal neural do st-gat, com suporte territorial de 0.0% e 0 registros recentes na janela de 30 dias.",Leitura sensível a ruído; requer conferência adicional antes de decisão forte.,"O território se diferencia do bloco intermediário, mas sem isolamento absoluto.","Verificar eventos recentes, pressão territorial e coerência com inteligência local antes da próxima atualização do ranking."
2026-05-25T14:09:46,2026-05-25,src/core/orchestrator.py:get_combined_risk,cities_general_top30,15,MIRAIMA,MIRAIMA,interior,cidade,26.83,baixo,40.9,muito baixa,69.4,moderada,0,0,15.0,100.0,0.0,0.0,46.7,0.0,0.0,0.0,0.36,79.4,14,14,False,stable,Sinal neural do ST-GAT,100.0,Tensão territorial,0.0,Atividade recente e vizinhança,0.0,Sinal neural do ST-GAT: 100.0% | Tensão territorial: 0.0% | Atividade recente e vizinhança: 0.0%,"MIRAIMA aparece na posição 15 de 69, com risco 26.8 e nível baixo; é território de atenção tática.","O peso principal vem de sinal neural do st-gat, com suporte territorial de 0.0% e 0 registros recentes na janela de 30 dias.",Leitura sensível a ruído; requer conferência adicional antes de decisão forte.,O território está próximo de pares vizinhos e pode oscilar no próximo ciclo.,"Verificar eventos recentes, pressão territorial e coerência com inteligência local antes da próxima atualização do ranking."
2026-05-25T14:09:46,2026-05-25,src/core/orchestrator.py:get_combined_risk,cities_general_top30,16,SANTANA DO ACARAU,SANTANA DO ACARAU,interior,cidade,26.83,baixo,40.9,muito baixa,68.5,moderada,0,0,9.0,100.0,0.0,0.0,46.7,0.0,0.0,0.0,0.36,77.9,14,14,False,stable,Sinal neural do ST-GAT,100.0,Tensão territorial,0.0,Atividade recente e vizinhança,0.0,Sinal neural do ST-GAT: 100.0% | Tensão territorial: 0.0% | Atividade recente e vizinhança: 0.0%,"SANTANA DO ACARAU aparece na posição 16 de 69, com risco 26.8 e nível baixo; é território de atenção tática.","O peso principal vem de sinal neural do st-gat, com suporte territorial de 0.0% e 0 registros recentes na janela de 30 dias.",Leitura sensível a ruído; requer conferência adicional antes de decisão forte.,O território está próximo de pares vizinhos e pode oscilar no próximo ciclo.,"Verificar eventos recentes, pressão territorial e coerência com inteligência local antes da próxima atualização do ranking."
2026-05-25T14:09:46,2026-05-25,src/core/orchestrator.py:get_combined_risk,cities_general_top30,17,CEDRO,CEDRO,interior,cidade,26.83,baixo,40.9,muito baixa,67.7,moderada,0,0,10.0,100.0,0.0,0.0,46.7,0.0,0.0,0.0,0.36,76.5,14,14,False,stable,Sinal neural do ST-GAT,100.0,Tensão territorial,0.0,Atividade recente e vizinhança,0.0,Sinal neural do ST-GAT: 100.0% | Tensão territorial: 0.0% | Atividade recente e vizinhança: 0.0%,"CEDRO aparece na posição 17 de 69, com risco 26.8 e nível baixo; é território de atenção tática.","O peso principal vem de sinal neural do st-gat, com suporte territorial de 0.0% e 0 registros recentes na janela de 30 dias.",Leitura sensível a ruído; requer conferência adicional antes de decisão forte.,O território está próximo de pares vizinhos e pode oscilar no próximo ciclo.,"Verificar eventos recentes, pressão territorial e coerência com inteligência local antes da próxima atualização do ranking."
2026-05-25T14:09:46,2026-05-25,src/core/orchestrator.py:get_combined_risk,cities_general_top30,18,OROS,OROS,interior,cidade,26.6,baixo,40.8,muito baixa,66.7,moderada,0,0,13.0,99.1,0.0,0.0,46.7,0.0,0.0,0.0,0.35,75.0,14,14,False,stable,Sinal neural do ST-GAT,99.1,Tensão territorial,0.0,Atividade recente e vizinhança,0.0,Sinal neural do ST-GAT: 99.1% | Tensão territorial: 0.0% | Atividade recente e vizinhança: 0.0%,"OROS aparece na posição 18 de 69, com risco 26.6 e nível baixo; é território de atenção tática.","O peso principal vem de sinal neural do st-gat, com suporte territorial de 0.0% e 0 registros recentes na janela de 30 dias.",Leitura sensível a ruído; requer conferência adicional antes de decisão forte.,O território está próximo de pares vizinhos e pode oscilar no próximo ciclo.,"Verificar eventos recentes, pressão territorial e coerência com inteligência local antes da próxima atualização do ranking."
2026-05-25T14:09:46,2026-05-25,src/core/orchestrator.py:get_combined_risk,cities_general_top30,19,CRATO,CRATO,interior,cidade,25.74,baixo,40.4,muito baixa,65.5,moderada,0,0,6.0,95.9,0.0,0.0,46.7,0.0,0.0,0.0,0.3,73.5,14,14,False,stable,Sinal neural do ST-GAT,95.9,Tensão territorial,0.0,Atividade recente e vizinhança,0.0,Sinal neural do ST-GAT: 95.9% | Tensão territorial: 0.0% | Atividade recente e vizinhança: 0.0%,"CRATO aparece na posição 19 de 69, com risco 25.7 e nível baixo; é território de atenção tática.","O peso principal vem de sinal neural do st-gat, com suporte territorial de 0.0% e 0 registros recentes na janela de 30 dias.",Leitura sensível a ruído; requer conferência adicional antes de decisão forte.,O território está próximo de pares vizinhos e pode oscilar no próximo ciclo.,"Verificar eventos recentes, pressão territorial e coerência com inteligência local antes da próxima atualização do ranking."
2026-05-25T14:09:46,2026-05-25,src/core/orchestrator.py:get_combined_risk,cities_general_top30,20,IRACEMA,IRACEMA,interior,cidade,24.88,baixo,40.1,muito baixa,64.4,moderada,0,0,15.0,92.7,0.0,0.0,46.7,0.0,0.0,0.0,0.25,72.1,14,14,False,stable,Sinal neural do ST-GAT,92.7,Tensão territorial,0.0,Atividade recente e vizinhança,0.0,Sinal neural do ST-GAT: 92.7% | Tensão territorial: 0.0% | Atividade recente e vizinhança: 0.0%,"IRACEMA aparece na posição 20 de 69, com risco 24.9 e nível baixo; é território de atenção tática.","O peso principal vem de sinal neural do st-gat, com suporte territorial de 0.0% e 0 registros recentes na janela de 30 dias.",Leitura sensível a ruído; requer conferência adicional antes de decisão forte.,O território está próximo de pares vizinhos e pode oscilar no próximo ciclo.,"Verificar eventos recentes, pressão territorial e coerência com inteligência local antes da próxima atualização do ranking."
2026-05-25T14:09:46,2026-05-25,src/core/orchestrator.py:get_combined_risk,cities_general_top30,21,GROAIRAS,GROAIRAS,interior,cidade,23.5,baixo,55.6,baixa,63.1,moderada,0,0,48.0,61.5,70.0,0.0,46.7,70.0,70.0,0.0,0.16,70.6,14,14,False,stable,Tensão territorial,70.0,Sinal neural do ST-GAT,61.5,Atividade recente e vizinhança,0.0,Tensão territorial: 70.0% | Sinal neural do ST-GAT: 61.5% | Atividade recente e vizinhança: 0.0%,"GROAIRAS aparece na posição 21 de 69, com risco 23.5 e nível baixo; é território de atenção tática.","O peso principal vem de tensão territorial, com suporte territorial de 70.0% e 0 registros recentes na janela de 30 dias.",Leitura sensível a ruído; requer conferência adicional antes de decisão forte.,O território está próximo de pares vizinhos e pode oscilar no próximo ciclo.,"Verificar eventos recentes, pressão territorial e coerência com inteligência local antes da próxima atualização do ranking."
2026-05-25T14:09:46,2026-05-25,src/core/orchestrator.py:get_combined_risk,cities_general_top30,22,FORQUILHA,FORQUILHA,interior,cidade,22.48,baixo,39.1,muito baixa,61.9,moderada,0,0,12.0,83.8,0.0,0.0,46.7,0.0,0.0,0.0,0.1,69.1,14,14,False,stable,Sinal neural do ST-GAT,83.8,Tensão territorial,0.0,Atividade recente e vizinhança,0.0,Sinal neural do ST-GAT: 83.8% | Tensão territorial: 0.0% | Atividade recente e vizinhança: 0.0%,"FORQUILHA aparece na posição 22 de 69, com risco 22.5 e nível baixo; é território de atenção tática.","O peso principal vem de sinal neural do st-gat, com suporte territorial de 0.0% e 0 registros recentes na janela de 30 dias.",Leitura sensível a ruído; requer conferência adicional antes de decisão forte.,O território está próximo de pares vizinhos e pode oscilar no próximo ciclo.,"Verificar eventos recentes, pressão territorial e coerência com inteligência local antes da próxima atualização do ranking."
2026-05-25T14:09:46,2026-05-25,src/core/orchestrator.py:get_combined_risk,cities_general_top30,23,ARATUBA,ARATUBA,interior,cidade,19.9,baixo,45.5,muito baixa,60.3,moderada,0,0,32.0,63.0,30.0,0.0,46.7,30.0,30.0,0.0,-0.06,67.6,14,14,False,stable,Sinal neural do ST-GAT,63.0,Tensão territorial,30.0,Atividade recente e vizinhança,0.0,Sinal neural do ST-GAT: 63.0% | Tensão territorial: 30.0% | Atividade recente e vizinhança: 0.0%,"ARATUBA aparece na posição 23 de 69, com risco 19.9 e nível baixo; é território de atenção tática.","O peso principal vem de sinal neural do st-gat, com suporte territorial de 30.0% e 0 registros recentes na janela de 30 dias.",Leitura sensível a ruído; requer conferência adicional antes de decisão forte.,O território está próximo de pares vizinhos e pode oscilar no próximo ciclo.,"Verificar eventos recentes, pressão territorial e coerência com inteligência local antes da próxima atualização do ranking."
2026-05-25T14:09:46,2026-05-25,src/core/orchestrator.py:get_combined_risk,cities_general_top30,24,VICOSA DO CEARA,VICOSA DO CEARA,interior,cidade,18.65,baixo,42.2,muito baixa,59.1,moderada,0,0,27.0,63.0,17.5,0.0,46.7,17.5,17.5,0.0,-0.14,66.2,14,14,False,stable,Sinal neural do ST-GAT,63.0,Tensão territorial,17.5,Atividade recente e vizinhança,0.0,Sinal neural do ST-GAT: 63.0% | Tensão territorial: 17.5% | Atividade recente e vizinhança: 0.0%,"VICOSA DO CEARA aparece na posição 24 de 69, com risco 18.6 e nível baixo; é território de atenção tática.","O peso principal vem de sinal neural do st-gat, com suporte territorial de 17.5% e 0 registros recentes na janela de 30 dias.",Leitura sensível a ruído; requer conferência adicional antes de decisão forte.,O território está próximo de pares vizinhos e pode oscilar no próximo ciclo.,"Verificar eventos recentes, pressão territorial e coerência com inteligência local antes da próxima atualização do ranking."
2026-05-25T14:09:46,2026-05-25,src/core/orchestrator.py:get_combined_risk,cities_general_top30,25,AURORA,AURORA,interior,cidade,17.8,baixo,37.2,muito baixa,57.9,moderada,0,0,8.0,66.3,0.0,0.0,46.7,0.0,0.0,0.0,-0.19,64.7,14,14,False,stable,Sinal neural do ST-GAT,66.3,Tensão territorial,0.0,Atividade recente e vizinhança,0.0,Sinal neural do ST-GAT: 66.3% | Tensão territorial: 0.0% | Atividade recente e vizinhança: 0.0%,"AURORA aparece na posição 25 de 69, com risco 17.8 e nível baixo; é território de atenção tática.","O peso principal vem de sinal neural do st-gat, com suporte territorial de 0.0% e 0 registros recentes na janela de 30 dias.",Leitura sensível a ruído; requer conferência adicional antes de decisão forte.,O território está próximo de pares vizinhos e pode oscilar no próximo ciclo.,"Verificar eventos recentes, pressão territorial e coerência com inteligência local antes da próxima atualização do ranking."
2026-05-25T14:09:46,2026-05-25,src/core/orchestrator.py:get_combined_risk,cities_general_top30,26,NOVA OLINDA,NOVA OLINDA,interior,cidade,17.65,baixo,39.2,muito baixa,57.0,moderada,0,0,23.0,63.0,7.5,0.0,46.7,7.5,7.5,0.0,-0.2,63.2,14,14,False,stable,Sinal neural do ST-GAT,63.0,Tensão territorial,7.5,Atividade recente e vizinhança,0.0,Sinal neural do ST-GAT: 63.0% | Tensão territorial: 7.5% | Atividade recente e vizinhança: 0.0%,"NOVA OLINDA aparece na posição 26 de 69, com risco 17.6 e nível baixo; é território de atenção tática.","O peso principal vem de sinal neural do st-gat, com suporte territorial de 7.5% e 0 registros recentes na janela de 30 dias.",Leitura sensível a ruído; requer conferência adicional antes de decisão forte.,O território está próximo de pares vizinhos e pode oscilar no próximo ciclo.,"Verificar eventos recentes, pressão territorial e coerência com inteligência local antes da próxima atualização do ranking."
2026-05-25T14:09:46,2026-05-25,src/core/orchestrator.py:get_combined_risk,cities_general_top30,27,CAPISTRANO,CAPISTRANO,interior,cidade,17.15,baixo,37.6,muito baixa,56.0,moderada,0,0,21.0,63.0,2.5,0.0,46.7,2.5,2.5,0.0,-0.23,61.8,14,14,False,stable,Sinal neural do ST-GAT,63.0,Tensão territorial,2.5,Atividade recente e vizinhança,0.0,Sinal neural do ST-GAT: 63.0% | Tensão territorial: 2.5% | Atividade recente e vizinhança: 0.0%,"CAPISTRANO aparece na posição 27 de 69, com risco 17.1 e nível baixo; é território de atenção tática.","O peso principal vem de sinal neural do st-gat, com suporte territorial de 2.5% e 0 registros recentes na janela de 30 dias.",Leitura sensível a ruído; requer conferência adicional antes de decisão forte.,O território está próximo de pares vizinhos e pode oscilar no próximo ciclo.,"Verificar eventos recentes, pressão territorial e coerência com inteligência local antes da próxima atualização do ranking."
2026-05-25T14:09:46,2026-05-25,src/core/orchestrator.py:get_combined_risk,cities_general_top30,28,IBARETAMA,IBARETAMA,interior,cidade,16.9,baixo,36.8,muito baixa,55.0,moderada,0,0,6.0,63.0,0.0,0.0,46.7,0.0,0.0,0.0,-0.24,60.3,14,14,False,stable,Sinal neural do ST-GAT,63.0,Tensão territorial,0.0,Atividade recente e vizinhança,0.0,Sinal neural do ST-GAT: 63.0% | Tensão territorial: 0.0% | Atividade recente e vizinhança: 0.0%,"IBARETAMA aparece na posição 28 de 69, com risco 16.9 e nível baixo; é território de atenção tática.","O peso principal vem de sinal neural do st-gat, com suporte territorial de 0.0% e 0 registros recentes na janela de 30 dias.",Leitura sensível a ruído; requer conferência adicional antes de decisão forte.,O território está próximo de pares vizinhos e pode oscilar no próximo ciclo.,"Verificar eventos recentes, pressão territorial e coerência com inteligência local antes da próxima atualização do ranking."
2026-05-25T14:09:46,2026-05-25,src/core/orchestrator.py:get_combined_risk,cities_general_top30,29,GENERAL SAMPAIO,GENERAL SAMPAIO,interior,cidade,16.9,baixo,36.8,muito baixa,54.1,moderada,0,0,14.0,63.0,0.0,0.0,46.7,0.0,0.0,0.0,-0.24,58.8,14,14,False,stable,Sinal neural do ST-GAT,63.0,Tensão territorial,0.0,Atividade recente e vizinhança,0.0,Sinal neural do ST-GAT: 63.0% | Tensão territorial: 0.0% | Atividade recente e vizinhança: 0.0%,"GENERAL SAMPAIO aparece na posição 29 de 69, com risco 16.9 e nível baixo; é território de atenção tática.","O peso principal vem de sinal neural do st-gat, com suporte territorial de 0.0% e 0 registros recentes na janela de 30 dias.",Leitura sensível a ruído; requer conferência adicional antes de decisão forte.,O território está próximo de pares vizinhos e pode oscilar no próximo ciclo.,"Verificar eventos recentes, pressão territorial e coerência com inteligência local antes da próxima atualização do ranking."
2026-05-25T14:09:46,2026-05-25,src/core/orchestrator.py:get_combined_risk,cities_general_top30,30,GRACA,GRACA,interior,cidade,16.9,baixo,36.8,muito baixa,53.3,moderada,0,0,14.0,63.0,0.0,0.0,46.7,0.0,0.0,0.0,-0.24,57.4,14,14,False,stable,Sinal neural do ST-GAT,63.0,Tensão territorial,0.0,Atividade recente e vizinhança,0.0,Sinal neural do ST-GAT: 63.0% | Tensão territorial: 0.0% | Atividade recente e vizinhança: 0.0%,"GRACA aparece na posição 30 de 69, com risco 16.9 e nível baixo; é território de atenção tática.","O peso principal vem de sinal neural do st-gat, com suporte territorial de 0.0% e 0 registros recentes na janela de 30 dias.",Leitura sensível a ruído; requer conferência adicional antes de decisão forte.,O território está próximo de pares vizinhos e pode oscilar no próximo ciclo.,"Verificar eventos recentes, pressão territorial e coerência com inteligência local antes da próxima atualização do ranking."
2026-05-25T14:09:46,2026-05-25,src/core/orchestrator.py:get_combined_risk,cities_rmf_top20,1,MARACANAU,MARACANAU,rmf,cidade,85.33,crítico,53.9,muito baixa,93.5,muito alta,0,0,639.0,100.0,100.0,0.0,46.7,100.0,100.0,0.0,2.82,100.0,30,14,True,stable,Sinal neural do ST-GAT,100.0,Tensão territorial,100.0,Fallback histórico ativado,55.0,Sinal neural do ST-GAT: 100.0% | Tensão territorial: 100.0% | Fallback histórico ativado: 55.0%,"MARACANAU aparece na posição 1 de 19, com risco 85.3 e nível crítico; é prioridade imediata de acompanhamento.","O peso principal vem de sinal neural do st-gat, com suporte territorial de 100.0% e 0 registros recentes na janela de 30 dias.",Leitura mais fraca; parte do peso vem de fallback histórico e deve ser confirmada em campo.,O território está bem destacado no ranking frente aos pares.,"Verificar eventos recentes, pressão territorial e coerência com inteligência local antes da próxima atualização do ranking."
2026-05-25T14:09:46,2026-05-25,src/core/orchestrator.py:get_combined_risk,cities_rmf_top20,2,CAUCAIA,CAUCAIA,rmf,cidade,83.3,crítico,54.1,muito baixa,89.8,muito alta,0,0,637.0,95.9,100.0,0.0,46.7,100.0,100.0,0.0,2.73,94.4,30,14,True,stable,Tensão territorial,100.0,Sinal neural do ST-GAT,95.9,Fallback histórico ativado,55.0,Tensão territorial: 100.0% | Sinal neural do ST-GAT: 95.9% | Fallback histórico ativado: 55.0%,"CAUCAIA aparece na posição 2 de 19, com risco 83.3 e nível crítico; é prioridade imediata de acompanhamento.","O peso principal vem de tensão territorial, com suporte territorial de 100.0% e 0 registros recentes na janela de 30 dias.",Leitura mais fraca; parte do peso vem de fallback histórico e deve ser confirmada em campo.,O território está bem destacado no ranking frente aos pares.,"Verificar eventos recentes, pressão territorial e coerência com inteligência local antes da próxima atualização do ranking."
2026-05-25T14:09:46,2026-05-25,src/core/orchestrator.py:get_combined_risk,cities_rmf_top20,3,ITAITINGA,ITAITINGA,rmf,cidade,16.87,baixo,35.8,muito baixa,73.4,alta,0,1,26.0,3.1,0.0,0.0,46.7,50.0,15.0,50.0,0.02,88.9,30,14,True,stable,Fallback histórico ativado,55.0,CVLI recente na janela de 30 dias,20.0,Sinal neural do ST-GAT,3.1,Fallback histórico ativado: 55.0% | CVLI recente na janela de 30 dias: 20.0% | Sinal neural do ST-GAT: 3.1%,"ITAITINGA aparece na posição 3 de 19, com risco 16.9 e nível baixo; é prioridade imediata de acompanhamento.","O peso principal vem de fallback histórico ativado, com suporte territorial de 50.0% e 1 registros recentes na janela de 30 dias.",Leitura mais fraca; parte do peso vem de fallback histórico e deve ser confirmada em campo.,"O território se diferencia do bloco intermediário, mas sem isolamento absoluto.","Verificar eventos recentes, pressão territorial e coerência com inteligência local antes da próxima atualização do ranking."
2026-05-25T14:09:46,2026-05-25,src/core/orchestrator.py:get_combined_risk,cities_rmf_top20,4,HORIZONTE,HORIZONTE,rmf,cidade,16.86,baixo,43.3,muito baixa,70.1,alta,0,0,128.0,3.1,0.0,0.0,46.7,100.0,100.0,0.0,0.02,83.3,30,14,True,stable,Fallback histórico ativado,55.0,Sinal neural do ST-GAT,3.1,Tensão territorial,0.0,Fallback histórico ativado: 55.0% | Sinal neural do ST-GAT: 3.1% | Tensão territorial: 0.0%,"HORIZONTE aparece na posição 4 de 19, com risco 16.9 e nível baixo; é prioridade imediata de acompanhamento.","O peso principal vem de fallback histórico ativado, com suporte territorial de 100.0% e 0 registros recentes na janela de 30 dias.",Leitura mais fraca; parte do peso vem de fallback histórico e deve ser confirmada em campo.,"O território se diferencia do bloco intermediário, mas sem isolamento absoluto.","Verificar eventos recentes, pressão territorial e coerência com inteligência local antes da próxima atualização do ranking."
2026-05-25T14:09:46,2026-05-25,src/core/orchestrator.py:get_combined_risk,cities_rmf_top20,5,PARAIPABA,PARAIPABA,rmf,cidade,16.05,baixo,25.0,muito baixa,66.6,moderada,0,0,31.0,1.4,0.0,0.0,46.7,27.5,27.5,0.0,-0.01,77.8,30,14,True,stable,Fallback histórico ativado,55.0,Sinal neural do ST-GAT,1.4,Tensão territorial,0.0,Fallback histórico ativado: 55.0% | Sinal neural do ST-GAT: 1.4% | Tensão territorial: 0.0%,"PARAIPABA aparece na posição 5 de 19, com risco 16.1 e nível baixo; é prioridade imediata de acompanhamento.","O peso principal vem de fallback histórico ativado, com suporte territorial de 27.5% e 0 registros recentes na janela de 30 dias.",Leitura mais fraca; parte do peso vem de fallback histórico e deve ser confirmada em campo.,O território está próximo de pares vizinhos e pode oscilar no próximo ciclo.,"Verificar eventos recentes, pressão territorial e coerência com inteligência local antes da próxima atualização do ranking."
2026-05-25T14:09:46,2026-05-25,src/core/orchestrator.py:get_combined_risk,cities_rmf_top20,6,TRAIRI,TRAIRI,rmf,cidade,15.63,baixo,74.8,moderada,63.2,moderada,3,5,16.0,15.3,0.0,100.0,20.0,100.0,0.0,100.0,-0.03,72.2,30,14,True,stable,Atividade recente e vizinhança,100.0,CVLI recente na janela de 30 dias,100.0,Fallback histórico ativado,55.0,Atividade recente e vizinhança: 100.0% | CVLI recente na janela de 30 dias: 100.0% | Fallback histórico ativado: 55.0%,"TRAIRI aparece na posição 6 de 19, com risco 15.6 e nível baixo; é prioridade alta de acompanhamento.","O peso principal vem de atividade recente e vizinhança, com suporte territorial de 100.0% e 5 registros recentes na janela de 30 dias.","Leitura consistente, mas ainda pede validação operacional pontual.",O território está próximo de pares vizinhos e pode oscilar no próximo ciclo.,"Verificar eventos recentes, pressão territorial e coerência com inteligência local antes da próxima atualização do ranking."
2026-05-25T14:09:46,2026-05-25,src/core/orchestrator.py:get_combined_risk,cities_rmf_top20,7,PACAJUS,PACAJUS,rmf,cidade,15.33,baixo,43.0,muito baixa,59.8,moderada,0,0,104.0,0.0,0.0,0.0,46.7,100.0,100.0,0.0,-0.04,66.7,30,14,True,stable,Fallback histórico ativado,55.0,Sinal neural do ST-GAT,0.0,Tensão territorial,0.0,Fallback histórico ativado: 55.0% | Sinal neural do ST-GAT: 0.0% | Tensão territorial: 0.0%,"PACAJUS aparece na posição 7 de 19, com risco 15.3 e nível baixo; é prioridade alta de acompanhamento.","O peso principal vem de fallback histórico ativado, com suporte territorial de 100.0% e 0 registros recentes na janela de 30 dias.",Leitura mais fraca; parte do peso vem de fallback histórico e deve ser confirmada em campo.,O território está próximo de pares vizinhos e pode oscilar no próximo ciclo.,"Verificar eventos recentes, pressão territorial e coerência com inteligência local antes da próxima atualização do ranking."
2026-05-25T14:09:46,2026-05-25,src/core/orchestrator.py:get_combined_risk,cities_rmf_top20,8,PACATUBA,PACATUBA,rmf,cidade,15.33,baixo,42.4,muito baixa,56.5,moderada,0,0,59.0,0.0,0.0,0.0,46.7,97.5,97.5,0.0,-0.04,61.1,30,14,True,stable,Fallback histórico ativado,55.0,Sinal neural do ST-GAT,0.0,Tensão territorial,0.0,Fallback histórico ativado: 55.0% | Sinal neural do ST-GAT: 0.0% | Tensão territorial: 0.0%,"PACATUBA aparece na posição 8 de 19, com risco 15.3 e nível baixo; é prioridade alta de acompanhamento.","O peso principal vem de fallback histórico ativado, com suporte territorial de 97.5% e 0 registros recentes na janela de 30 dias.",Leitura mais fraca; parte do peso vem de fallback histórico e deve ser confirmada em campo.,O território está próximo de pares vizinhos e pode oscilar no próximo ciclo.,"Verificar eventos recentes, pressão territorial e coerência com inteligência local antes da próxima atualização do ranking."
2026-05-25T14:09:46,2026-05-25,src/core/orchestrator.py:get_combined_risk,cities_rmf_top20,9,PINDORETAMA,PINDORETAMA,rmf,cidade,15.33,baixo,31.8,muito baixa,53.2,moderada,0,0,42.0,0.0,0.0,0.0,46.7,55.0,55.0,0.0,-0.04,55.6,30,14,True,stable,Fallback histórico ativado,55.0,Sinal neural do ST-GAT,0.0,Tensão territorial,0.0,Fallback histórico ativado: 55.0% | Sinal neural do ST-GAT: 0.0% | Tensão territorial: 0.0%,"PINDORETAMA aparece na posição 9 de 19, com risco 15.3 e nível baixo; é prioridade alta de acompanhamento.","O peso principal vem de fallback histórico ativado, com suporte territorial de 55.0% e 0 registros recentes na janela de 30 dias.",Leitura mais fraca; parte do peso vem de fallback histórico e deve ser confirmada em campo.,O território está próximo de pares vizinhos e pode oscilar no próximo ciclo.,"Verificar eventos recentes, pressão territorial e coerência com inteligência local antes da próxima atualização do ranking."
2026-05-25T14:09:46,2026-05-25,src/core/orchestrator.py:get_combined_risk,cities_rmf_top20,10,EUSEBIO,EUSEBIO,rmf,cidade,15.33,baixo,28.0,muito baixa,49.8,baixa,0,0,36.0,0.0,0.0,0.0,46.7,40.0,40.0,0.0,-0.04,50.0,30,14,True,stable,Fallback histórico ativado,55.0,Sinal neural do ST-GAT,0.0,Tensão territorial,0.0,Fallback histórico ativado: 55.0% | Sinal neural do ST-GAT: 0.0% | Tensão territorial: 0.0%,"EUSEBIO aparece na posição 10 de 19, com risco 15.3 e nível baixo; é prioridade alta de acompanhamento.","O peso principal vem de fallback histórico ativado, com suporte territorial de 40.0% e 0 registros recentes na janela de 30 dias.",Leitura mais fraca; parte do peso vem de fallback histórico e deve ser confirmada em campo.,O território está próximo de pares vizinhos e pode oscilar no próximo ciclo.,"Verificar eventos recentes, pressão territorial e coerência com inteligência local antes da próxima atualização do ranking."
2026-05-25T14:09:46,2026-05-25,src/core/orchestrator.py:get_combined_risk,cities_rmf_top20,11,SAO LUIS DO CURU,SAO LUIS DO CURU,rmf,cidade,15.33,baixo,21.1,muito baixa,46.4,baixa,0,0,25.0,0.0,0.0,0.0,46.7,12.5,12.5,0.0,-0.04,44.4,30,14,True,stable,Fallback histórico ativado,55.0,Sinal neural do ST-GAT,0.0,Tensão territorial,0.0,Fallback histórico ativado: 55.0% | Sinal neural do ST-GAT: 0.0% | Tensão territorial: 0.0%,"SAO LUIS DO CURU aparece na posição 11 de 19, com risco 15.3 e nível baixo; é território de atenção tática.","O peso principal vem de fallback histórico ativado, com suporte territorial de 12.5% e 0 registros recentes na janela de 30 dias.",Leitura mais fraca; parte do peso vem de fallback histórico e deve ser confirmada em campo.,O território está próximo de pares vizinhos e pode oscilar no próximo ciclo.,"Verificar eventos recentes, pressão territorial e coerência com inteligência local antes da próxima atualização do ranking."
2026-05-25T14:09:46,2026-05-25,src/core/orchestrator.py:get_combined_risk,cities_rmf_top20,12,AQUIRAZ,AQUIRAZ,rmf,cidade,0.0,baixo,18.0,muito baixa,40.1,baixa,0,0,20.0,0.0,0.0,0.0,46.7,0.0,0.0,0.0,-0.67,38.9,30,14,True,stable,Fallback histórico ativado,55.0,Sinal neural do ST-GAT,0.0,Tensão territorial,0.0,Fallback histórico ativado: 55.0% | Sinal neural do ST-GAT: 0.0% | Tensão territorial: 0.0%,"AQUIRAZ aparece na posição 12 de 19, com risco 0.0 e nível baixo; é território de atenção tática.","O peso principal vem de fallback histórico ativado, com suporte territorial de 0.0% e 0 registros recentes na janela de 30 dias.",Leitura mais fraca; parte do peso vem de fallback histórico e deve ser confirmada em campo.,O território está próximo de pares vizinhos e pode oscilar no próximo ciclo.,"Verificar eventos recentes, pressão territorial e coerência com inteligência local antes da próxima atualização do ranking."
2026-05-25T14:09:46,2026-05-25,src/core/orchestrator.py:get_combined_risk,cities_rmf_top20,13,PARACURU,PARACURU,rmf,cidade,0.0,baixo,18.0,muito baixa,36.8,baixa,0,0,19.0,0.0,0.0,0.0,46.7,0.0,0.0,0.0,-0.67,33.3,30,14,True,stable,Fallback histórico ativado,55.0,Sinal neural do ST-GAT,0.0,Tensão territorial,0.0,Fallback histórico ativado: 55.0% | Sinal neural do ST-GAT: 0.0% | Tensão territorial: 0.0%,"PARACURU aparece na posição 13 de 19, com risco 0.0 e nível baixo; é território de atenção tática.","O peso principal vem de fallback histórico ativado, com suporte territorial de 0.0% e 0 registros recentes na janela de 30 dias.",Leitura mais fraca; parte do peso vem de fallback histórico e deve ser confirmada em campo.,O território está próximo de pares vizinhos e pode oscilar no próximo ciclo.,"Verificar eventos recentes, pressão territorial e coerência com inteligência local antes da próxima atualização do ranking."
2026-05-25T14:09:46,2026-05-25,src/core/orchestrator.py:get_combined_risk,cities_rmf_top20,14,MARANGUAPE,MARANGUAPE,rmf,cidade,0.0,baixo,18.0,muito baixa,33.5,baixa,0,0,9.0,0.0,0.0,0.0,46.7,0.0,0.0,0.0,-0.67,27.8,30,14,True,stable,Fallback histórico ativado,55.0,Sinal neural do ST-GAT,0.0,Tensão territorial,0.0,Fallback histórico ativado: 55.0% | Sinal neural do ST-GAT: 0.0% | Tensão territorial: 0.0%,"MARANGUAPE aparece na posição 14 de 19, com risco 0.0 e nível baixo; é território de atenção tática.","O peso principal vem de fallback histórico ativado, com suporte territorial de 0.0% e 0 registros recentes na janela de 30 dias.",Leitura mais fraca; parte do peso vem de fallback histórico e deve ser confirmada em campo.,O território está próximo de pares vizinhos e pode oscilar no próximo ciclo.,"Verificar eventos recentes, pressão territorial e coerência com inteligência local antes da próxima atualização do ranking."
2026-05-25T14:09:46,2026-05-25,src/core/orchestrator.py:get_combined_risk,cities_rmf_top20,15,GUAIUBA,GUAIUBA,rmf,cidade,0.0,baixo,18.0,muito baixa,30.1,baixa,0,0,15.0,0.0,0.0,0.0,46.7,0.0,0.0,0.0,-0.67,22.2,30,14,True,stable,Fallback histórico ativado,55.0,Sinal neural do ST-GAT,0.0,Tensão territorial,0.0,Fallback histórico ativado: 55.0% | Sinal neural do ST-GAT: 0.0% | Tensão territorial: 0.0%,"GUAIUBA aparece na posição 15 de 19, com risco 0.0 e nível baixo; é território de atenção tática.","O peso principal vem de fallback histórico ativado, com suporte territorial de 0.0% e 0 registros recentes na janela de 30 dias.",Leitura mais fraca; parte do peso vem de fallback histórico e deve ser confirmada em campo.,O território está próximo de pares vizinhos e pode oscilar no próximo ciclo.,"Verificar eventos recentes, pressão territorial e coerência com inteligência local antes da próxima atualização do ranking."
2026-05-25T14:09:46,2026-05-25,src/core/orchestrator.py:get_combined_risk,cities_rmf_top20,16,CHOROZINHO,CHOROZINHO,rmf,cidade,0.0,baixo,18.0,muito baixa,26.8,baixa,0,0,15.0,0.0,0.0,0.0,46.7,0.0,0.0,0.0,-0.67,16.7,30,14,True,stable,Fallback histórico ativado,55.0,Sinal neural do ST-GAT,0.0,Tensão territorial,0.0,Fallback histórico ativado: 55.0% | Sinal neural do ST-GAT: 0.0% | Tensão territorial: 0.0%,"CHOROZINHO aparece na posição 16 de 19, com risco 0.0 e nível baixo; é território de atenção tática.","O peso principal vem de fallback histórico ativado, com suporte territorial de 0.0% e 0 registros recentes na janela de 30 dias.",Leitura mais fraca; parte do peso vem de fallback histórico e deve ser confirmada em campo.,O território está próximo de pares vizinhos e pode oscilar no próximo ciclo.,"Verificar eventos recentes, pressão territorial e coerência com inteligência local antes da próxima atualização do ranking."
2026-05-25T14:09:46,2026-05-25,src/core/orchestrator.py:get_combined_risk,cities_rmf_top20,17,CASCAVEL,CASCAVEL,rmf,cidade,0.0,baixo,18.0,muito baixa,23.5,baixa,0,0,2.0,0.4,0.0,0.0,46.7,0.0,0.0,0.0,-0.67,11.1,30,14,True,stable,Fallback histórico ativado,55.0,Sinal neural do ST-GAT,0.4,Tensão territorial,0.0,Fallback histórico ativado: 55.0% | Sinal neural do ST-GAT: 0.4% | Tensão territorial: 0.0%,"CASCAVEL aparece na posição 17 de 19, com risco 0.0 e nível baixo; é território de atenção tática.","O peso principal vem de fallback histórico ativado, com suporte territorial de 0.0% e 0 registros recentes na janela de 30 dias.",Leitura mais fraca; parte do peso vem de fallback histórico e deve ser confirmada em campo.,O território está próximo de pares vizinhos e pode oscilar no próximo ciclo.,"Verificar eventos recentes, pressão territorial e coerência com inteligência local antes da próxima atualização do ranking."
2026-05-25T14:09:46,2026-05-25,src/core/orchestrator.py:get_combined_risk,cities_rmf_top20,18,SAO GONCALO DO AMARANTE,SAO GONCALO DO AMARANTE,rmf,cidade,0.0,baixo,18.0,muito baixa,20.2,baixa,0,0,1.0,0.0,0.0,0.0,46.7,0.0,0.0,0.0,-0.67,5.6,30,14,True,stable,Fallback histórico ativado,55.0,Sinal neural do ST-GAT,0.0,Tensão territorial,0.0,Fallback histórico ativado: 55.0% | Sinal neural do ST-GAT: 0.0% | Tensão territorial: 0.0%,"SAO GONCALO DO AMARANTE aparece na posição 18 de 19, com risco 0.0 e nível baixo; é território de atenção tática.","O peso principal vem de fallback histórico ativado, com suporte territorial de 0.0% e 0 registros recentes na janela de 30 dias.",Leitura mais fraca; parte do peso vem de fallback histórico e deve ser confirmada em campo.,O território está próximo de pares vizinhos e pode oscilar no próximo ciclo.,"Verificar eventos recentes, pressão territorial e coerência com inteligência local antes da próxima atualização do ranking."
2026-05-25T14:09:46,2026-05-25,src/core/orchestrator.py:get_combined_risk,cities_rmf_top20,19,BEBERIBE,BEBERIBE,rmf,cidade,0.0,baixo,18.0,muito baixa,16.8,baixa,0,0,1.0,0.2,0.0,0.0,46.7,0.0,0.0,0.0,-0.67,0.0,30,14,True,stable,Fallback histórico ativado,55.0,Sinal neural do ST-GAT,0.2,Tensão territorial,0.0,Fallback histórico ativado: 55.0% | Sinal neural do ST-GAT: 0.2% | Tensão territorial: 0.0%,"BEBERIBE aparece na posição 19 de 19, com risco 0.0 e nível baixo; é território de atenção tática.","O peso principal vem de fallback histórico ativado, com suporte territorial de 0.0% e 0 registros recentes na janela de 30 dias.",Leitura mais fraca; parte do peso vem de fallback histórico e deve ser confirmada em campo.,O território está próximo de pares vizinhos e pode oscilar no próximo ciclo.,"Verificar eventos recentes, pressão territorial e coerência com inteligência local antes da próxima atualização do ranking."
2026-05-25T14:09:46,2026-05-25,src/core/orchestrator.py:get_combined_risk,cities_interior_top30,1,ITAPAJE,ITAPAJE,interior,cidade,69.11,alto,85.7,alta,99.7,muito alta,2,2,46.0,69.7,100.0,100.0,43.3,100.0,65.0,100.0,4.11,100.0,14,14,False,stable,Atividade recente e vizinhança,100.0,Tensão territorial,100.0,Sinal neural do ST-GAT,69.7,Atividade recente e vizinhança: 100.0% | Tensão territorial: 100.0% | Sinal neural do ST-GAT: 69.7%,"ITAPAJE aparece na posição 1 de 50, com risco 69.1 e nível alto; é prioridade imediata de acompanhamento.","O peso principal vem de atividade recente e vizinhança, com suporte territorial de 100.0% e 2 registros recentes na janela de 30 dias.",Leitura com boa sustentação dos sinais atuais.,O território está bem destacado no ranking frente aos pares.,"Verificar eventos recentes, pressão territorial e coerência com inteligência local antes da próxima atualização do ranking."
2026-05-25T14:09:46,2026-05-25,src/core/orchestrator.py:get_combined_risk,cities_interior_top30,2,TIANGUA,TIANGUA,interior,cidade,54.09,alto,78.7,moderada,92.1,muito alta,1,1,78.0,86.0,100.0,50.0,40.0,100.0,100.0,100.0,2.78,98.0,14,14,False,stable,Tensão territorial,100.0,Sinal neural do ST-GAT,86.0,Atividade recente e vizinhança,50.0,Tensão territorial: 100.0% | Sinal neural do ST-GAT: 86.0% | Atividade recente e vizinhança: 50.0%,"TIANGUA aparece na posição 2 de 50, com risco 54.1 e nível alto; é prioridade imediata de acompanhamento.","O peso principal vem de tensão territorial, com suporte territorial de 100.0% e 1 registros recentes na janela de 30 dias.","Leitura consistente, mas ainda pede validação operacional pontual.",O território está bem destacado no ranking frente aos pares.,"Verificar eventos recentes, pressão territorial e coerência com inteligência local antes da próxima atualização do ranking."
2026-05-25T14:09:46,2026-05-25,src/core/orchestrator.py:get_combined_risk,cities_interior_top30,3,VARZEA ALEGRE,VARZEA ALEGRE,interior,cidade,47.21,moderado,78.7,moderada,88.0,muito alta,1,1,17.0,64.1,100.0,50.0,46.7,100.0,0.0,100.0,2.17,95.9,14,14,False,stable,Tensão territorial,100.0,Sinal neural do ST-GAT,64.1,Atividade recente e vizinhança,50.0,Tensão territorial: 100.0% | Sinal neural do ST-GAT: 64.1% | Atividade recente e vizinhança: 50.0%,"VARZEA ALEGRE aparece na posição 3 de 50, com risco 47.2 e nível moderado; é prioridade imediata de acompanhamento.","O peso principal vem de tensão territorial, com suporte territorial de 100.0% e 1 registros recentes na janela de 30 dias.","Leitura consistente, mas ainda pede validação operacional pontual.",O território está bem destacado no ranking frente aos pares.,"Verificar eventos recentes, pressão territorial e coerência com inteligência local antes da próxima atualização do ranking."
2026-05-25T14:09:46,2026-05-25,src/core/orchestrator.py:get_combined_risk,cities_interior_top30,4,ALTO SANTO,ALTO SANTO,interior,cidade,42.79,moderado,77.8,moderada,84.9,alta,1,1,22.0,47.7,100.0,50.0,46.7,100.0,5.0,100.0,1.78,93.9,14,14,False,stable,Tensão territorial,100.0,Atividade recente e vizinhança,50.0,Sinal neural do ST-GAT,47.7,Tensão territorial: 100.0% | Atividade recente e vizinhança: 50.0% | Sinal neural do ST-GAT: 47.7%,"ALTO SANTO aparece na posição 4 de 50, com risco 42.8 e nível moderado; é prioridade imediata de acompanhamento.","O peso principal vem de tensão territorial, com suporte territorial de 100.0% e 1 registros recentes na janela de 30 dias.","Leitura consistente, mas ainda pede validação operacional pontual.","O território se diferencia do bloco intermediário, mas sem isolamento absoluto.","Verificar eventos recentes, pressão territorial e coerência com inteligência local antes da próxima atualização do ranking."
2026-05-25T14:09:46,2026-05-25,src/core/orchestrator.py:get_combined_risk,cities_interior_top30,5,CARIRE,CARIRE,interior,cidade,34.84,moderado,74.9,moderada,80.3,alta,1,1,24.0,18.0,100.0,50.0,46.7,100.0,10.0,100.0,1.08,91.8,14,14,False,stable,Tensão territorial,100.0,Atividade recente e vizinhança,50.0,CVLI recente na janela de 30 dias,20.0,Tensão territorial: 100.0% | Atividade recente e vizinhança: 50.0% | CVLI recente na janela de 30 dias: 20.0%,"CARIRE aparece na posição 5 de 50, com risco 34.8 e nível moderado; é prioridade imediata de acompanhamento.","O peso principal vem de tensão territorial, com suporte territorial de 100.0% e 1 registros recentes na janela de 30 dias.","Leitura consistente, mas ainda pede validação operacional pontual.","O território se diferencia do bloco intermediário, mas sem isolamento absoluto.","Verificar eventos recentes, pressão territorial e coerência com inteligência local antes da próxima atualização do ranking."
2026-05-25T14:09:46,2026-05-25,src/core/orchestrator.py:get_combined_risk,cities_interior_top30,6,SOBRAL,SOBRAL,interior,cidade,32.48,moderado,66.9,baixa,78.1,alta,0,0,67.0,83.8,100.0,0.0,46.7,100.0,100.0,0.0,0.87,89.8,14,14,False,stable,Tensão territorial,100.0,Sinal neural do ST-GAT,83.8,Atividade recente e vizinhança,0.0,Tensão territorial: 100.0% | Sinal neural do ST-GAT: 83.8% | Atividade recente e vizinhança: 0.0%,"SOBRAL aparece na posição 6 de 50, com risco 32.5 e nível moderado; é prioridade alta de acompanhamento.","O peso principal vem de tensão territorial, com suporte territorial de 100.0% e 0 registros recentes na janela de 30 dias.",Leitura sensível a ruído; requer conferência adicional antes de decisão forte.,"O território se diferencia do bloco intermediário, mas sem isolamento absoluto.","Verificar eventos recentes, pressão territorial e coerência com inteligência local antes da próxima atualização do ranking."
2026-05-25T14:09:46,2026-05-25,src/core/orchestrator.py:get_combined_risk,cities_interior_top30,7,LIMOEIRO DO NORTE,LIMOEIRO DO NORTE,interior,cidade,31.67,moderado,55.2,baixa,76.5,alta,0,0,40.0,99.4,50.0,0.0,46.7,50.0,50.0,0.0,0.8,87.8,14,14,False,stable,Sinal neural do ST-GAT,99.4,Tensão territorial,50.0,Atividade recente e vizinhança,0.0,Sinal neural do ST-GAT: 99.4% | Tensão territorial: 50.0% | Atividade recente e vizinhança: 0.0%,"LIMOEIRO DO NORTE aparece na posição 7 de 50, com risco 31.7 e nível moderado; é prioridade alta de acompanhamento.","O peso principal vem de sinal neural do st-gat, com suporte territorial de 50.0% e 0 registros recentes na janela de 30 dias.",Leitura sensível a ruído; requer conferência adicional antes de decisão forte.,"O território se diferencia do bloco intermediário, mas sem isolamento absoluto.","Verificar eventos recentes, pressão territorial e coerência com inteligência local antes da próxima atualização do ranking."
2026-05-25T14:09:46,2026-05-25,src/core/orchestrator.py:get_combined_risk,cities_interior_top30,8,URUBURETAMA,URUBURETAMA,interior,cidade,27.58,baixo,43.2,muito baixa,73.5,alta,0,0,23.0,100.0,7.5,0.0,46.7,7.5,7.5,0.0,0.44,85.7,14,14,False,stable,Sinal neural do ST-GAT,100.0,Tensão territorial,7.5,Atividade recente e vizinhança,0.0,Sinal neural do ST-GAT: 100.0% | Tensão territorial: 7.5% | Atividade recente e vizinhança: 0.0%,"URUBURETAMA aparece na posição 8 de 50, com risco 27.6 e nível baixo; é prioridade alta de acompanhamento.","O peso principal vem de sinal neural do st-gat, com suporte territorial de 7.5% e 0 registros recentes na janela de 30 dias.",Leitura sensível a ruído; requer conferência adicional antes de decisão forte.,"O território se diferencia do bloco intermediário, mas sem isolamento absoluto.","Verificar eventos recentes, pressão territorial e coerência com inteligência local antes da próxima atualização do ranking."
2026-05-25T14:09:46,2026-05-25,src/core/orchestrator.py:get_combined_risk,cities_interior_top30,9,IGUATU,IGUATU,interior,cidade,26.9,baixo,67.6,baixa,72.0,alta,0,0,81.0,63.0,100.0,0.0,46.7,100.0,100.0,0.0,0.38,83.7,14,14,False,stable,Tensão territorial,100.0,Sinal neural do ST-GAT,63.0,Atividade recente e vizinhança,0.0,Tensão territorial: 100.0% | Sinal neural do ST-GAT: 63.0% | Atividade recente e vizinhança: 0.0%,"IGUATU aparece na posição 9 de 50, com risco 26.9 e nível baixo; é prioridade alta de acompanhamento.","O peso principal vem de tensão territorial, com suporte territorial de 100.0% e 0 registros recentes na janela de 30 dias.",Leitura sensível a ruído; requer conferência adicional antes de decisão forte.,"O território se diferencia do bloco intermediário, mas sem isolamento absoluto.","Verificar eventos recentes, pressão territorial e coerência com inteligência local antes da próxima atualização do ranking."
2026-05-25T14:09:46,2026-05-25,src/core/orchestrator.py:get_combined_risk,cities_interior_top30,10,BATURITE,BATURITE,interior,cidade,26.9,baixo,67.6,baixa,70.8,alta,0,0,64.0,63.0,100.0,0.0,46.7,100.0,100.0,0.0,0.38,81.6,14,14,False,stable,Tensão territorial,100.0,Sinal neural do ST-GAT,63.0,Atividade recente e vizinhança,0.0,Tensão territorial: 100.0% | Sinal neural do ST-GAT: 63.0% | Atividade recente e vizinhança: 0.0%,"BATURITE aparece na posição 10 de 50, com risco 26.9 e nível baixo; é prioridade alta de acompanhamento.","O peso principal vem de tensão territorial, com suporte territorial de 100.0% e 0 registros recentes na janela de 30 dias.",Leitura sensível a ruído; requer conferência adicional antes de decisão forte.,"O território se diferencia do bloco intermediário, mas sem isolamento absoluto.","Verificar eventos recentes, pressão territorial e coerência com inteligência local antes da próxima atualização do ranking."
2026-05-25T14:09:46,2026-05-25,src/core/orchestrator.py:get_combined_risk,cities_interior_top30,11,JIJOCA DE JERICOACOARA,JIJOCA DE JERICOACOARA,interior,cidade,26.83,baixo,40.9,muito baixa,69.6,moderada,0,0,18.0,100.0,0.0,0.0,46.7,0.0,0.0,0.0,0.37,79.6,14,14,False,stable,Sinal neural do ST-GAT,100.0,Tensão territorial,0.0,Atividade recente e vizinhança,0.0,Sinal neural do ST-GAT: 100.0% | Tensão territorial: 0.0% | Atividade recente e vizinhança: 0.0%,"JIJOCA DE JERICOACOARA aparece na posição 11 de 50, com risco 26.8 e nível baixo; é território de atenção tática.","O peso principal vem de sinal neural do st-gat, com suporte territorial de 0.0% e 0 registros recentes na janela de 30 dias.",Leitura sensível a ruído; requer conferência adicional antes de decisão forte.,O território está próximo de pares vizinhos e pode oscilar no próximo ciclo.,"Verificar eventos recentes, pressão territorial e coerência com inteligência local antes da próxima atualização do ranking."
2026-05-25T14:09:46,2026-05-25,src/core/orchestrator.py:get_combined_risk,cities_interior_top30,12,ACOPIARA,ACOPIARA,interior,cidade,26.83,baixo,40.9,muito baixa,68.4,moderada,0,0,14.0,100.0,0.0,0.0,46.7,0.0,0.0,0.0,0.37,77.6,14,14,False,stable,Sinal neural do ST-GAT,100.0,Tensão territorial,0.0,Atividade recente e vizinhança,0.0,Sinal neural do ST-GAT: 100.0% | Tensão territorial: 0.0% | Atividade recente e vizinhança: 0.0%,"ACOPIARA aparece na posição 12 de 50, com risco 26.8 e nível baixo; é território de atenção tática.","O peso principal vem de sinal neural do st-gat, com suporte territorial de 0.0% e 0 registros recentes na janela de 30 dias.",Leitura sensível a ruído; requer conferência adicional antes de decisão forte.,O território está próximo de pares vizinhos e pode oscilar no próximo ciclo.,"Verificar eventos recentes, pressão territorial e coerência com inteligência local antes da próxima atualização do ranking."
2026-05-25T14:09:46,2026-05-25,src/core/orchestrator.py:get_combined_risk,cities_interior_top30,13,MIRAIMA,MIRAIMA,interior,cidade,26.83,baixo,40.9,muito baixa,67.1,moderada,0,0,15.0,100.0,0.0,0.0,46.7,0.0,0.0,0.0,0.37,75.5,14,14,False,stable,Sinal neural do ST-GAT,100.0,Tensão territorial,0.0,Atividade recente e vizinhança,0.0,Sinal neural do ST-GAT: 100.0% | Tensão territorial: 0.0% | Atividade recente e vizinhança: 0.0%,"MIRAIMA aparece na posição 13 de 50, com risco 26.8 e nível baixo; é território de atenção tática.","O peso principal vem de sinal neural do st-gat, com suporte territorial de 0.0% e 0 registros recentes na janela de 30 dias.",Leitura sensível a ruído; requer conferência adicional antes de decisão forte.,O território está próximo de pares vizinhos e pode oscilar no próximo ciclo.,"Verificar eventos recentes, pressão territorial e coerência com inteligência local antes da próxima atualização do ranking."
2026-05-25T14:09:46,2026-05-25,src/core/orchestrator.py:get_combined_risk,cities_interior_top30,14,SANTANA DO ACARAU,SANTANA DO ACARAU,interior,cidade,26.83,baixo,40.9,muito baixa,65.9,moderada,0,0,9.0,100.0,0.0,0.0,46.7,0.0,0.0,0.0,0.37,73.5,14,14,False,stable,Sinal neural do ST-GAT,100.0,Tensão territorial,0.0,Atividade recente e vizinhança,0.0,Sinal neural do ST-GAT: 100.0% | Tensão territorial: 0.0% | Atividade recente e vizinhança: 0.0%,"SANTANA DO ACARAU aparece na posição 14 de 50, com risco 26.8 e nível baixo; é território de atenção tática.","O peso principal vem de sinal neural do st-gat, com suporte territorial de 0.0% e 0 registros recentes na janela de 30 dias.",Leitura sensível a ruído; requer conferência adicional antes de decisão forte.,O território está próximo de pares vizinhos e pode oscilar no próximo ciclo.,"Verificar eventos recentes, pressão territorial e coerência com inteligência local antes da próxima atualização do ranking."
2026-05-25T14:09:46,2026-05-25,src/core/orchestrator.py:get_combined_risk,cities_interior_top30,15,CEDRO,CEDRO,interior,cidade,26.83,baixo,40.9,muito baixa,64.6,moderada,0,0,10.0,100.0,0.0,0.0,46.7,0.0,0.0,0.0,0.37,71.4,14,14,False,stable,Sinal neural do ST-GAT,100.0,Tensão territorial,0.0,Atividade recente e vizinhança,0.0,Sinal neural do ST-GAT: 100.0% | Tensão territorial: 0.0% | Atividade recente e vizinhança: 0.0%,"CEDRO aparece na posição 15 de 50, com risco 26.8 e nível baixo; é território de atenção tática.","O peso principal vem de sinal neural do st-gat, com suporte territorial de 0.0% e 0 registros recentes na janela de 30 dias.",Leitura sensível a ruído; requer conferência adicional antes de decisão forte.,O território está próximo de pares vizinhos e pode oscilar no próximo ciclo.,"Verificar eventos recentes, pressão territorial e coerência com inteligência local antes da próxima atualização do ranking."
2026-05-25T14:09:46,2026-05-25,src/core/orchestrator.py:get_combined_risk,cities_interior_top30,16,OROS,OROS,interior,cidade,26.6,baixo,40.8,muito baixa,63.3,moderada,0,0,13.0,99.1,0.0,0.0,46.7,0.0,0.0,0.0,0.35,69.4,14,14,False,stable,Sinal neural do ST-GAT,99.1,Tensão territorial,0.0,Atividade recente e vizinhança,0.0,Sinal neural do ST-GAT: 99.1% | Tensão territorial: 0.0% | Atividade recente e vizinhança: 0.0%,"OROS aparece na posição 16 de 50, com risco 26.6 e nível baixo; é território de atenção tática.","O peso principal vem de sinal neural do st-gat, com suporte territorial de 0.0% e 0 registros recentes na janela de 30 dias.",Leitura sensível a ruído; requer conferência adicional antes de decisão forte.,O território está próximo de pares vizinhos e pode oscilar no próximo ciclo.,"Verificar eventos recentes, pressão territorial e coerência com inteligência local antes da próxima atualização do ranking."
2026-05-25T14:09:46,2026-05-25,src/core/orchestrator.py:get_combined_risk,cities_interior_top30,17,CRATO,CRATO,interior,cidade,25.74,baixo,40.4,muito baixa,61.7,moderada,0,0,6.0,95.9,0.0,0.0,46.7,0.0,0.0,0.0,0.28,67.3,14,14,False,stable,Sinal neural do ST-GAT,95.9,Tensão territorial,0.0,Atividade recente e vizinhança,0.0,Sinal neural do ST-GAT: 95.9% | Tensão territorial: 0.0% | Atividade recente e vizinhança: 0.0%,"CRATO aparece na posição 17 de 50, com risco 25.7 e nível baixo; é território de atenção tática.","O peso principal vem de sinal neural do st-gat, com suporte territorial de 0.0% e 0 registros recentes na janela de 30 dias.",Leitura sensível a ruído; requer conferência adicional antes de decisão forte.,O território está próximo de pares vizinhos e pode oscilar no próximo ciclo.,"Verificar eventos recentes, pressão territorial e coerência com inteligência local antes da próxima atualização do ranking."
2026-05-25T14:09:46,2026-05-25,src/core/orchestrator.py:get_combined_risk,cities_interior_top30,18,IRACEMA,IRACEMA,interior,cidade,24.88,baixo,40.1,muito baixa,60.1,moderada,0,0,15.0,92.7,0.0,0.0,46.7,0.0,0.0,0.0,0.2,65.3,14,14,False,stable,Sinal neural do ST-GAT,92.7,Tensão territorial,0.0,Atividade recente e vizinhança,0.0,Sinal neural do ST-GAT: 92.7% | Tensão territorial: 0.0% | Atividade recente e vizinhança: 0.0%,"IRACEMA aparece na posição 18 de 50, com risco 24.9 e nível baixo; é território de atenção tática.","O peso principal vem de sinal neural do st-gat, com suporte territorial de 0.0% e 0 registros recentes na janela de 30 dias.",Leitura sensível a ruído; requer conferência adicional antes de decisão forte.,O território está próximo de pares vizinhos e pode oscilar no próximo ciclo.,"Verificar eventos recentes, pressão territorial e coerência com inteligência local antes da próxima atualização do ranking."
2026-05-25T14:09:46,2026-05-25,src/core/orchestrator.py:get_combined_risk,cities_interior_top30,19,GROAIRAS,GROAIRAS,interior,cidade,23.5,baixo,55.6,baixa,58.4,moderada,0,0,48.0,61.5,70.0,0.0,46.7,70.0,70.0,0.0,0.08,63.3,14,14,False,stable,Tensão territorial,70.0,Sinal neural do ST-GAT,61.5,Atividade recente e vizinhança,0.0,Tensão territorial: 70.0% | Sinal neural do ST-GAT: 61.5% | Atividade recente e vizinhança: 0.0%,"GROAIRAS aparece na posição 19 de 50, com risco 23.5 e nível baixo; é território de atenção tática.","O peso principal vem de tensão territorial, com suporte territorial de 70.0% e 0 registros recentes na janela de 30 dias.",Leitura sensível a ruído; requer conferência adicional antes de decisão forte.,O território está próximo de pares vizinhos e pode oscilar no próximo ciclo.,"Verificar eventos recentes, pressão territorial e coerência com inteligência local antes da próxima atualização do ranking."
2026-05-25T14:09:46,2026-05-25,src/core/orchestrator.py:get_combined_risk,cities_interior_top30,20,FORQUILHA,FORQUILHA,interior,cidade,22.48,baixo,39.1,muito baixa,56.7,moderada,0,0,12.0,83.8,0.0,0.0,46.7,0.0,0.0,0.0,-0.01,61.2,14,14,False,stable,Sinal neural do ST-GAT,83.8,Tensão territorial,0.0,Atividade recente e vizinhança,0.0,Sinal neural do ST-GAT: 83.8% | Tensão territorial: 0.0% | Atividade recente e vizinhança: 0.0%,"FORQUILHA aparece na posição 20 de 50, com risco 22.5 e nível baixo; é território de atenção tática.","O peso principal vem de sinal neural do st-gat, com suporte territorial de 0.0% e 0 registros recentes na janela de 30 dias.",Leitura sensível a ruído; requer conferência adicional antes de decisão forte.,O território está próximo de pares vizinhos e pode oscilar no próximo ciclo.,"Verificar eventos recentes, pressão territorial e coerência com inteligência local antes da próxima atualização do ranking."
2026-05-25T14:09:46,2026-05-25,src/core/orchestrator.py:get_combined_risk,cities_interior_top30,21,ARATUBA,ARATUBA,interior,cidade,19.9,baixo,45.5,muito baixa,54.4,moderada,0,0,32.0,63.0,30.0,0.0,46.7,30.0,30.0,0.0,-0.24,59.2,14,14,False,stable,Sinal neural do ST-GAT,63.0,Tensão territorial,30.0,Atividade recente e vizinhança,0.0,Sinal neural do ST-GAT: 63.0% | Tensão territorial: 30.0% | Atividade recente e vizinhança: 0.0%,"ARATUBA aparece na posição 21 de 50, com risco 19.9 e nível baixo; é território de atenção tática.","O peso principal vem de sinal neural do st-gat, com suporte territorial de 30.0% e 0 registros recentes na janela de 30 dias.",Leitura sensível a ruído; requer conferência adicional antes de decisão forte.,O território está próximo de pares vizinhos e pode oscilar no próximo ciclo.,"Verificar eventos recentes, pressão territorial e coerência com inteligência local antes da próxima atualização do ranking."
2026-05-25T14:09:46,2026-05-25,src/core/orchestrator.py:get_combined_risk,cities_interior_top30,22,VICOSA DO CEARA,VICOSA DO CEARA,interior,cidade,18.65,baixo,42.2,muito baixa,52.6,moderada,0,0,27.0,63.0,17.5,0.0,46.7,17.5,17.5,0.0,-0.35,57.1,14,14,False,stable,Sinal neural do ST-GAT,63.0,Tensão territorial,17.5,Atividade recente e vizinhança,0.0,Sinal neural do ST-GAT: 63.0% | Tensão territorial: 17.5% | Atividade recente e vizinhança: 0.0%,"VICOSA DO CEARA aparece na posição 22 de 50, com risco 18.6 e nível baixo; é território de atenção tática.","O peso principal vem de sinal neural do st-gat, com suporte territorial de 17.5% e 0 registros recentes na janela de 30 dias.",Leitura sensível a ruído; requer conferência adicional antes de decisão forte.,O território está próximo de pares vizinhos e pode oscilar no próximo ciclo.,"Verificar eventos recentes, pressão territorial e coerência com inteligência local antes da próxima atualização do ranking."
2026-05-25T14:09:46,2026-05-25,src/core/orchestrator.py:get_combined_risk,cities_interior_top30,23,AURORA,AURORA,interior,cidade,17.8,baixo,37.2,muito baixa,51.0,moderada,0,0,8.0,66.3,0.0,0.0,46.7,0.0,0.0,0.0,-0.42,55.1,14,14,False,stable,Sinal neural do ST-GAT,66.3,Tensão territorial,0.0,Atividade recente e vizinhança,0.0,Sinal neural do ST-GAT: 66.3% | Tensão territorial: 0.0% | Atividade recente e vizinhança: 0.0%,"AURORA aparece na posição 23 de 50, com risco 17.8 e nível baixo; é território de atenção tática.","O peso principal vem de sinal neural do st-gat, com suporte territorial de 0.0% e 0 registros recentes na janela de 30 dias.",Leitura sensível a ruído; requer conferência adicional antes de decisão forte.,O território está próximo de pares vizinhos e pode oscilar no próximo ciclo.,"Verificar eventos recentes, pressão territorial e coerência com inteligência local antes da próxima atualização do ranking."
2026-05-25T14:09:46,2026-05-25,src/core/orchestrator.py:get_combined_risk,cities_interior_top30,24,NOVA OLINDA,NOVA OLINDA,interior,cidade,17.65,baixo,39.2,muito baixa,49.8,baixa,0,0,23.0,63.0,7.5,0.0,46.7,7.5,7.5,0.0,-0.44,53.1,14,14,False,stable,Sinal neural do ST-GAT,63.0,Tensão territorial,7.5,Atividade recente e vizinhança,0.0,Sinal neural do ST-GAT: 63.0% | Tensão territorial: 7.5% | Atividade recente e vizinhança: 0.0%,"NOVA OLINDA aparece na posição 24 de 50, com risco 17.6 e nível baixo; é território de atenção tática.","O peso principal vem de sinal neural do st-gat, com suporte territorial de 7.5% e 0 registros recentes na janela de 30 dias.",Leitura sensível a ruído; requer conferência adicional antes de decisão forte.,O território está próximo de pares vizinhos e pode oscilar no próximo ciclo.,"Verificar eventos recentes, pressão territorial e coerência com inteligência local antes da próxima atualização do ranking."
2026-05-25T14:09:46,2026-05-25,src/core/orchestrator.py:get_combined_risk,cities_interior_top30,25,CAPISTRANO,CAPISTRANO,interior,cidade,17.15,baixo,37.6,muito baixa,48.3,baixa,0,0,21.0,63.0,2.5,0.0,46.7,2.5,2.5,0.0,-0.48,51.0,14,14,False,stable,Sinal neural do ST-GAT,63.0,Tensão territorial,2.5,Atividade recente e vizinhança,0.0,Sinal neural do ST-GAT: 63.0% | Tensão territorial: 2.5% | Atividade recente e vizinhança: 0.0%,"CAPISTRANO aparece na posição 25 de 50, com risco 17.1 e nível baixo; é território de atenção tática.","O peso principal vem de sinal neural do st-gat, com suporte territorial de 2.5% e 0 registros recentes na janela de 30 dias.",Leitura sensível a ruído; requer conferência adicional antes de decisão forte.,O território está próximo de pares vizinhos e pode oscilar no próximo ciclo.,"Verificar eventos recentes, pressão territorial e coerência com inteligência local antes da próxima atualização do ranking."
2026-05-25T14:09:46,2026-05-25,src/core/orchestrator.py:get_combined_risk,cities_interior_top30,26,IBARETAMA,IBARETAMA,interior,cidade,16.9,baixo,36.8,muito baixa,47.0,baixa,0,0,6.0,63.0,0.0,0.0,46.7,0.0,0.0,0.0,-0.5,49.0,14,14,False,stable,Sinal neural do ST-GAT,63.0,Tensão territorial,0.0,Atividade recente e vizinhança,0.0,Sinal neural do ST-GAT: 63.0% | Tensão territorial: 0.0% | Atividade recente e vizinhança: 0.0%,"IBARETAMA aparece na posição 26 de 50, com risco 16.9 e nível baixo; é território de atenção tática.","O peso principal vem de sinal neural do st-gat, com suporte territorial de 0.0% e 0 registros recentes na janela de 30 dias.",Leitura sensível a ruído; requer conferência adicional antes de decisão forte.,O território está próximo de pares vizinhos e pode oscilar no próximo ciclo.,"Verificar eventos recentes, pressão territorial e coerência com inteligência local antes da próxima atualização do ranking."
2026-05-25T14:09:46,2026-05-25,src/core/orchestrator.py:get_combined_risk,cities_interior_top30,27,GENERAL SAMPAIO,GENERAL SAMPAIO,interior,cidade,16.9,baixo,36.8,muito baixa,45.7,baixa,0,0,14.0,63.0,0.0,0.0,46.7,0.0,0.0,0.0,-0.5,46.9,14,14,False,stable,Sinal neural do ST-GAT,63.0,Tensão territorial,0.0,Atividade recente e vizinhança,0.0,Sinal neural do ST-GAT: 63.0% | Tensão territorial: 0.0% | Atividade recente e vizinhança: 0.0%,"GENERAL SAMPAIO aparece na posição 27 de 50, com risco 16.9 e nível baixo; é território de atenção tática.","O peso principal vem de sinal neural do st-gat, com suporte territorial de 0.0% e 0 registros recentes na janela de 30 dias.",Leitura sensível a ruído; requer conferência adicional antes de decisão forte.,O território está próximo de pares vizinhos e pode oscilar no próximo ciclo.,"Verificar eventos recentes, pressão territorial e coerência com inteligência local antes da próxima atualização do ranking."
2026-05-25T14:09:46,2026-05-25,src/core/orchestrator.py:get_combined_risk,cities_interior_top30,28,GRACA,GRACA,interior,cidade,16.9,baixo,36.8,muito baixa,44.5,baixa,0,0,14.0,63.0,0.0,0.0,46.7,0.0,0.0,0.0,-0.5,44.9,14,14,False,stable,Sinal neural do ST-GAT,63.0,Tensão territorial,0.0,Atividade recente e vizinhança,0.0,Sinal neural do ST-GAT: 63.0% | Tensão territorial: 0.0% | Atividade recente e vizinhança: 0.0%,"GRACA aparece na posição 28 de 50, com risco 16.9 e nível baixo; é território de atenção tática.","O peso principal vem de sinal neural do st-gat, com suporte territorial de 0.0% e 0 registros recentes na janela de 30 dias.",Leitura sensível a ruído; requer conferência adicional antes de decisão forte.,O território está próximo de pares vizinhos e pode oscilar no próximo ciclo.,"Verificar eventos recentes, pressão territorial e coerência com inteligência local antes da próxima atualização do ranking."
2026-05-25T14:09:46,2026-05-25,src/core/orchestrator.py:get_combined_risk,cities_interior_top30,29,CARIRIACU,CARIRIACU,interior,cidade,16.9,baixo,36.8,muito baixa,43.3,baixa,0,0,14.0,63.0,0.0,0.0,46.7,0.0,0.0,0.0,-0.5,42.9,14,14,False,stable,Sinal neural do ST-GAT,63.0,Tensão territorial,0.0,Atividade recente e vizinhança,0.0,Sinal neural do ST-GAT: 63.0% | Tensão territorial: 0.0% | Atividade recente e vizinhança: 0.0%,"CARIRIACU aparece na posição 29 de 50, com risco 16.9 e nível baixo; é território de atenção tática.","O peso principal vem de sinal neural do st-gat, com suporte territorial de 0.0% e 0 registros recentes na janela de 30 dias.",Leitura sensível a ruído; requer conferência adicional antes de decisão forte.,O território está próximo de pares vizinhos e pode oscilar no próximo ciclo.,"Verificar eventos recentes, pressão territorial e coerência com inteligência local antes da próxima atualização do ranking."
2026-05-25T14:09:46,2026-05-25,src/core/orchestrator.py:get_combined_risk,cities_interior_top30,30,ACARAPE,ACARAPE,interior,cidade,16.9,baixo,36.8,muito baixa,42.1,baixa,0,0,11.0,63.0,0.0,0.0,46.7,0.0,0.0,0.0,-0.5,40.8,14,14,False,stable,Sinal neural do ST-GAT,63.0,Tensão territorial,0.0,Atividade recente e vizinhança,0.0,Sinal neural do ST-GAT: 63.0% | Tensão territorial: 0.0% | Atividade recente e vizinhança: 0.0%,"ACARAPE aparece na posição 30 de 50, com risco 16.9 e nível baixo; é território de atenção tática.","O peso principal vem de sinal neural do st-gat, com suporte territorial de 0.0% e 0 registros recentes na janela de 30 dias.",Leitura sensível a ruído; requer conferência adicional antes de decisão forte.,O território está próximo de pares vizinhos e pode oscilar no próximo ciclo.,"Verificar eventos recentes, pressão territorial e coerência com inteligência local antes da próxima atualização do ranking."
2026-05-25T14:09:46,2026-05-25,src/core/orchestrator.py:get_combined_risk,fortaleza_bairros_top30,1,CAJAZEIRAS,CAJAZEIRAS,fortaleza,bairro,71.67,crítico,70.9,moderada,100.0,muito alta,1,2,68.0,100.0,100.0,50.0,33.3,100.0,100.0,100.0,4.2,100.0,14,14,True,stable,Sinal neural do ST-GAT,100.0,Tensão territorial,100.0,Fallback histórico ativado,55.0,Sinal neural do ST-GAT: 100.0% | Tensão territorial: 100.0% | Fallback histórico ativado: 55.0%,"CAJAZEIRAS aparece na posição 1 de 109, com risco 71.7 e nível crítico; é prioridade imediata de acompanhamento.","O peso principal vem de sinal neural do st-gat, com suporte territorial de 100.0% e 2 registros recentes na janela de 30 dias.","Leitura consistente, mas ainda pede validação operacional pontual.",O território está bem destacado no ranking frente aos pares.,"Verificar eventos recentes, pressão territorial e coerência com inteligência local antes da próxima atualização do ranking."
2026-05-25T14:09:46,2026-05-25,src/core/orchestrator.py:get_combined_risk,fortaleza_bairros_top30,2,MESSEJANA,MESSEJANA,fortaleza,bairro,48.15,moderado,55.3,baixa,91.0,muito alta,0,0,228.0,25.6,100.0,0.0,46.7,100.0,100.0,0.0,2.4,99.1,14,14,True,stable,Tensão territorial,100.0,Fallback histórico ativado,55.0,Sinal neural do ST-GAT,25.6,Tensão territorial: 100.0% | Fallback histórico ativado: 55.0% | Sinal neural do ST-GAT: 25.6%,"MESSEJANA aparece na posição 2 de 109, com risco 48.1 e nível moderado; é prioridade imediata de acompanhamento.","O peso principal vem de tensão territorial, com suporte territorial de 100.0% e 0 registros recentes na janela de 30 dias.",Leitura mais fraca; parte do peso vem de fallback histórico e deve ser confirmada em campo.,O território está bem destacado no ranking frente aos pares.,"Verificar eventos recentes, pressão territorial e coerência com inteligência local antes da próxima atualização do ranking."
2026-05-25T14:09:46,2026-05-25,src/core/orchestrator.py:get_combined_risk,fortaleza_bairros_top30,3,PASSARE,PASSARE,fortaleza,bairro,47.85,moderado,55.3,baixa,90.3,muito alta,0,0,130.0,25.0,100.0,0.0,46.7,100.0,100.0,0.0,2.38,98.1,14,14,True,stable,Tensão territorial,100.0,Fallback histórico ativado,55.0,Sinal neural do ST-GAT,25.0,Tensão territorial: 100.0% | Fallback histórico ativado: 55.0% | Sinal neural do ST-GAT: 25.0%,"PASSARE aparece na posição 3 de 109, com risco 47.9 e nível moderado; é prioridade imediata de acompanhamento.","O peso principal vem de tensão territorial, com suporte territorial de 100.0% e 0 registros recentes na janela de 30 dias.",Leitura mais fraca; parte do peso vem de fallback histórico e deve ser confirmada em campo.,O território está bem destacado no ranking frente aos pares.,"Verificar eventos recentes, pressão territorial e coerência com inteligência local antes da próxima atualização do ranking."
2026-05-25T14:09:46,2026-05-25,src/core/orchestrator.py:get_combined_risk,fortaleza_bairros_top30,4,MONDUBIM,MONDUBIM,fortaleza,bairro,46.97,moderado,55.2,baixa,89.4,muito alta,0,0,184.0,23.3,100.0,0.0,46.7,100.0,100.0,0.0,2.31,97.2,14,14,True,stable,Tensão territorial,100.0,Fallback histórico ativado,55.0,Sinal neural do ST-GAT,23.3,Tensão territorial: 100.0% | Fallback histórico ativado: 55.0% | Sinal neural do ST-GAT: 23.3%,"MONDUBIM aparece na posição 4 de 109, com risco 47.0 e nível moderado; é prioridade imediata de acompanhamento.","O peso principal vem de tensão territorial, com suporte territorial de 100.0% e 0 registros recentes na janela de 30 dias.",Leitura mais fraca; parte do peso vem de fallback histórico e deve ser confirmada em campo.,O território está bem destacado no ranking frente aos pares.,"Verificar eventos recentes, pressão territorial e coerência com inteligência local antes da próxima atualização do ranking."
2026-05-25T14:09:46,2026-05-25,src/core/orchestrator.py:get_combined_risk,fortaleza_bairros_top30,5,BARRA DO CEARA,BARRA DO CEARA,fortaleza,bairro,46.27,moderado,55.1,baixa,88.6,muito alta,0,0,268.0,21.9,100.0,0.0,46.7,100.0,100.0,0.0,2.26,96.3,14,14,True,stable,Tensão territorial,100.0,Fallback histórico ativado,55.0,Sinal neural do ST-GAT,21.9,Tensão territorial: 100.0% | Fallback histórico ativado: 55.0% | Sinal neural do ST-GAT: 21.9%,"BARRA DO CEARA aparece na posição 5 de 109, com risco 46.3 e nível moderado; é prioridade imediata de acompanhamento.","O peso principal vem de tensão territorial, com suporte territorial de 100.0% e 0 registros recentes na janela de 30 dias.",Leitura mais fraca; parte do peso vem de fallback histórico e deve ser confirmada em campo.,O território está bem destacado no ranking frente aos pares.,"Verificar eventos recentes, pressão territorial e coerência com inteligência local antes da próxima atualização do ranking."
2026-05-25T14:09:46,2026-05-25,src/core/orchestrator.py:get_combined_risk,fortaleza_bairros_top30,6,QUINTINO CUNHA,QUINTINO CUNHA,fortaleza,bairro,44.88,moderado,55.0,baixa,87.6,muito alta,0,0,133.0,19.1,100.0,0.0,46.7,100.0,100.0,0.0,2.15,95.4,14,14,True,stable,Tensão territorial,100.0,Fallback histórico ativado,55.0,Sinal neural do ST-GAT,19.1,Tensão territorial: 100.0% | Fallback histórico ativado: 55.0% | Sinal neural do ST-GAT: 19.1%,"QUINTINO CUNHA aparece na posição 6 de 109, com risco 44.9 e nível moderado; é prioridade alta de acompanhamento.","O peso principal vem de tensão territorial, com suporte territorial de 100.0% e 0 registros recentes na janela de 30 dias.",Leitura mais fraca; parte do peso vem de fallback histórico e deve ser confirmada em campo.,O território está bem destacado no ranking frente aos pares.,"Verificar eventos recentes, pressão territorial e coerência com inteligência local antes da próxima atualização do ranking."
2026-05-25T14:09:46,2026-05-25,src/core/orchestrator.py:get_combined_risk,fortaleza_bairros_top30,7,PLANALTO AYRTON SENNA,PLANALTO AYRTON SENNA,fortaleza,bairro,44.84,moderado,55.0,baixa,86.9,muito alta,0,0,187.0,19.0,100.0,0.0,46.7,100.0,100.0,0.0,2.15,94.4,14,14,True,stable,Tensão territorial,100.0,Fallback histórico ativado,55.0,Sinal neural do ST-GAT,19.0,Tensão territorial: 100.0% | Fallback histórico ativado: 55.0% | Sinal neural do ST-GAT: 19.0%,"PLANALTO AYRTON SENNA aparece na posição 7 de 109, com risco 44.8 e nível moderado; é prioridade alta de acompanhamento.","O peso principal vem de tensão territorial, com suporte territorial de 100.0% e 0 registros recentes na janela de 30 dias.",Leitura mais fraca; parte do peso vem de fallback histórico e deve ser confirmada em campo.,O território está bem destacado no ranking frente aos pares.,"Verificar eventos recentes, pressão territorial e coerência com inteligência local antes da próxima atualização do ranking."
2026-05-25T14:09:46,2026-05-25,src/core/orchestrator.py:get_combined_risk,fortaleza_bairros_top30,8,JOSE WALTER,JOSE WALTER,fortaleza,bairro,44.55,moderado,55.0,baixa,86.3,muito alta,0,0,204.0,18.4,100.0,0.0,46.7,100.0,100.0,0.0,2.13,93.5,14,14,True,stable,Tensão territorial,100.0,Fallback histórico ativado,55.0,Sinal neural do ST-GAT,18.4,Tensão territorial: 100.0% | Fallback histórico ativado: 55.0% | Sinal neural do ST-GAT: 18.4%,"JOSE WALTER aparece na posição 8 de 109, com risco 44.5 e nível moderado; é prioridade alta de acompanhamento.","O peso principal vem de tensão territorial, com suporte territorial de 100.0% e 0 registros recentes na janela de 30 dias.",Leitura mais fraca; parte do peso vem de fallback histórico e deve ser confirmada em campo.,O território está bem destacado no ranking frente aos pares.,"Verificar eventos recentes, pressão territorial e coerência com inteligência local antes da próxima atualização do ranking."
2026-05-25T14:09:46,2026-05-25,src/core/orchestrator.py:get_combined_risk,fortaleza_bairros_top30,9,BARROSO,BARROSO,fortaleza,bairro,41.81,moderado,54.7,muito baixa,84.8,alta,0,0,141.0,13.0,100.0,0.0,46.7,100.0,100.0,0.0,1.92,92.6,14,14,True,stable,Tensão territorial,100.0,Fallback histórico ativado,55.0,Sinal neural do ST-GAT,13.0,Tensão territorial: 100.0% | Fallback histórico ativado: 55.0% | Sinal neural do ST-GAT: 13.0%,"BARROSO aparece na posição 9 de 109, com risco 41.8 e nível moderado; é prioridade alta de acompanhamento.","O peso principal vem de tensão territorial, com suporte territorial de 100.0% e 0 registros recentes na janela de 30 dias.",Leitura mais fraca; parte do peso vem de fallback histórico e deve ser confirmada em campo.,"O território se diferencia do bloco intermediário, mas sem isolamento absoluto.","Verificar eventos recentes, pressão territorial e coerência com inteligência local antes da próxima atualização do ranking."
2026-05-25T14:09:46,2026-05-25,src/core/orchestrator.py:get_combined_risk,fortaleza_bairros_top30,10,SIQUEIRA,SIQUEIRA,fortaleza,bairro,36.33,moderado,59.0,baixa,82.2,alta,0,1,180.0,2.0,100.0,0.0,46.7,100.0,100.0,50.0,1.5,91.7,14,14,True,stable,Tensão territorial,100.0,Fallback histórico ativado,55.0,CVLI recente na janela de 30 dias,20.0,Tensão territorial: 100.0% | Fallback histórico ativado: 55.0% | CVLI recente na janela de 30 dias: 20.0%,"SIQUEIRA aparece na posição 10 de 109, com risco 36.3 e nível moderado; é prioridade alta de acompanhamento.","O peso principal vem de tensão territorial, com suporte territorial de 100.0% e 1 registros recentes na janela de 30 dias.",Leitura mais fraca; parte do peso vem de fallback histórico e deve ser confirmada em campo.,"O território se diferencia do bloco intermediário, mas sem isolamento absoluto.","Verificar eventos recentes, pressão territorial e coerência com inteligência local antes da próxima atualização do ranking."
2026-05-25T14:09:46,2026-05-25,src/core/orchestrator.py:get_combined_risk,fortaleza_bairros_top30,11,GRANJA LISBOA,GRANJA LISBOA,fortaleza,bairro,35.33,moderado,53.9,muito baixa,81.2,alta,0,0,217.0,0.0,100.0,0.0,46.7,100.0,100.0,0.0,1.42,90.7,14,14,True,stable,Tensão territorial,100.0,Fallback histórico ativado,55.0,Sinal neural do ST-GAT,0.0,Tensão territorial: 100.0% | Fallback histórico ativado: 55.0% | Sinal neural do ST-GAT: 0.0%,"GRANJA LISBOA aparece na posição 11 de 109, com risco 35.3 e nível moderado; é território de atenção tática.","O peso principal vem de tensão territorial, com suporte territorial de 100.0% e 0 registros recentes na janela de 30 dias.",Leitura mais fraca; parte do peso vem de fallback histórico e deve ser confirmada em campo.,"O território se diferencia do bloco intermediário, mas sem isolamento absoluto.","Verificar eventos recentes, pressão territorial e coerência com inteligência local antes da próxima atualização do ranking."
2026-05-25T14:09:46,2026-05-25,src/core/orchestrator.py:get_combined_risk,fortaleza_bairros_top30,12,ENGENHEIRO LUCIANO CAVALCANTE,ENGENHEIRO LUCIANO CAVALCANTE,fortaleza,bairro,29.14,baixo,41.1,muito baixa,78.4,alta,0,1,21.0,47.6,50.0,0.0,46.7,50.0,2.5,50.0,0.95,89.8,14,14,True,stable,Fallback histórico ativado,55.0,Tensão territorial,50.0,Sinal neural do ST-GAT,47.6,Fallback histórico ativado: 55.0% | Tensão territorial: 50.0% | Sinal neural do ST-GAT: 47.6%,"ENGENHEIRO LUCIANO CAVALCANTE aparece na posição 12 de 109, com risco 29.1 e nível baixo; é território de atenção tática.","O peso principal vem de fallback histórico ativado, com suporte territorial de 50.0% e 1 registros recentes na janela de 30 dias.",Leitura mais fraca; parte do peso vem de fallback histórico e deve ser confirmada em campo.,"O território se diferencia do bloco intermediário, mas sem isolamento absoluto.","Verificar eventos recentes, pressão territorial e coerência com inteligência local antes da próxima atualização do ranking."
2026-05-25T14:09:46,2026-05-25,src/core/orchestrator.py:get_combined_risk,fortaleza_bairros_top30,13,PARQUE IRACEMA,PARQUE IRACEMA,fortaleza,bairro,28.95,baixo,26.7,muito baixa,77.8,alta,0,0,22.0,65.2,5.0,0.0,46.7,5.0,5.0,0.0,0.94,88.9,14,14,True,stable,Sinal neural do ST-GAT,65.2,Fallback histórico ativado,55.0,Tensão territorial,5.0,Sinal neural do ST-GAT: 65.2% | Fallback histórico ativado: 55.0% | Tensão territorial: 5.0%,"PARQUE IRACEMA aparece na posição 13 de 109, com risco 28.9 e nível baixo; é território de atenção tática.","O peso principal vem de sinal neural do st-gat, com suporte territorial de 5.0% e 0 registros recentes na janela de 30 dias.",Leitura mais fraca; parte do peso vem de fallback histórico e deve ser confirmada em campo.,"O território se diferencia do bloco intermediário, mas sem isolamento absoluto.","Verificar eventos recentes, pressão territorial e coerência com inteligência local antes da próxima atualização do ranking."
2026-05-25T14:09:46,2026-05-25,src/core/orchestrator.py:get_combined_risk,fortaleza_bairros_top30,14,BOM JARDIM,BOM JARDIM,fortaleza,bairro,28.26,baixo,55.3,baixa,77.0,alta,0,0,104.0,25.8,100.0,0.0,46.7,100.0,100.0,0.0,0.88,88.0,14,14,True,stable,Tensão territorial,100.0,Fallback histórico ativado,55.0,Sinal neural do ST-GAT,25.8,Tensão territorial: 100.0% | Fallback histórico ativado: 55.0% | Sinal neural do ST-GAT: 25.8%,"BOM JARDIM aparece na posição 14 de 109, com risco 28.3 e nível baixo; é território de atenção tática.","O peso principal vem de tensão territorial, com suporte territorial de 100.0% e 0 registros recentes na janela de 30 dias.",Leitura mais fraca; parte do peso vem de fallback histórico e deve ser confirmada em campo.,"O território se diferencia do bloco intermediário, mas sem isolamento absoluto.","Verificar eventos recentes, pressão territorial e coerência com inteligência local antes da próxima atualização do ranking."
2026-05-25T14:09:46,2026-05-25,src/core/orchestrator.py:get_combined_risk,fortaleza_bairros_top30,15,MANOEL SATIRO,MANOEL SATIRO,fortaleza,bairro,26.55,baixo,55.1,baixa,75.8,alta,0,0,86.0,22.4,100.0,0.0,46.7,100.0,100.0,0.0,0.75,87.0,14,14,True,stable,Tensão territorial,100.0,Fallback histórico ativado,55.0,Sinal neural do ST-GAT,22.4,Tensão territorial: 100.0% | Fallback histórico ativado: 55.0% | Sinal neural do ST-GAT: 22.4%,"MANOEL SATIRO aparece na posição 15 de 109, com risco 26.6 e nível baixo; é território de atenção tática.","O peso principal vem de tensão territorial, com suporte territorial de 100.0% e 0 registros recentes na janela de 30 dias.",Leitura mais fraca; parte do peso vem de fallback histórico e deve ser confirmada em campo.,"O território se diferencia do bloco intermediário, mas sem isolamento absoluto.","Verificar eventos recentes, pressão territorial e coerência com inteligência local antes da próxima atualização do ranking."
2026-05-25T14:09:46,2026-05-25,src/core/orchestrator.py:get_combined_risk,fortaleza_bairros_top30,16,GRANJA PORTUGAL,GRANJA PORTUGAL,fortaleza,bairro,26.54,baixo,55.1,baixa,75.3,alta,0,0,114.0,22.4,100.0,0.0,46.7,100.0,100.0,0.0,0.75,86.1,14,14,True,stable,Tensão territorial,100.0,Fallback histórico ativado,55.0,Sinal neural do ST-GAT,22.4,Tensão territorial: 100.0% | Fallback histórico ativado: 55.0% | Sinal neural do ST-GAT: 22.4%,"GRANJA PORTUGAL aparece na posição 16 de 109, com risco 26.5 e nível baixo; é território de atenção tática.","O peso principal vem de tensão territorial, com suporte territorial de 100.0% e 0 registros recentes na janela de 30 dias.",Leitura mais fraca; parte do peso vem de fallback histórico e deve ser confirmada em campo.,"O território se diferencia do bloco intermediário, mas sem isolamento absoluto.","Verificar eventos recentes, pressão territorial e coerência com inteligência local antes da próxima atualização do ranking."
2026-05-25T14:09:46,2026-05-25,src/core/orchestrator.py:get_combined_risk,fortaleza_bairros_top30,17,CENTRO,CENTRO,fortaleza,bairro,26.46,baixo,55.1,baixa,74.7,alta,0,0,79.0,22.3,100.0,0.0,46.7,100.0,100.0,0.0,0.75,85.2,14,14,True,stable,Tensão territorial,100.0,Fallback histórico ativado,55.0,Sinal neural do ST-GAT,22.3,Tensão territorial: 100.0% | Fallback histórico ativado: 55.0% | Sinal neural do ST-GAT: 22.3%,"CENTRO aparece na posição 17 de 109, com risco 26.5 e nível baixo; é território de atenção tática.","O peso principal vem de tensão territorial, com suporte territorial de 100.0% e 0 registros recentes na janela de 30 dias.",Leitura mais fraca; parte do peso vem de fallback histórico e deve ser confirmada em campo.,"O território se diferencia do bloco intermediário, mas sem isolamento absoluto.","Verificar eventos recentes, pressão territorial e coerência com inteligência local antes da próxima atualização do ranking."
2026-05-25T14:09:46,2026-05-25,src/core/orchestrator.py:get_combined_risk,fortaleza_bairros_top30,18,VICENTE PINZON,VICENTE PINZON,fortaleza,bairro,26.02,baixo,55.1,baixa,74.0,alta,0,0,114.0,21.4,100.0,0.0,46.7,100.0,100.0,0.0,0.71,84.3,14,14,True,stable,Tensão territorial,100.0,Fallback histórico ativado,55.0,Sinal neural do ST-GAT,21.4,Tensão territorial: 100.0% | Fallback histórico ativado: 55.0% | Sinal neural do ST-GAT: 21.4%,"VICENTE PINZON aparece na posição 18 de 109, com risco 26.0 e nível baixo; é território de atenção tática.","O peso principal vem de tensão territorial, com suporte territorial de 100.0% e 0 registros recentes na janela de 30 dias.",Leitura mais fraca; parte do peso vem de fallback histórico e deve ser confirmada em campo.,"O território se diferencia do bloco intermediário, mas sem isolamento absoluto.","Verificar eventos recentes, pressão territorial e coerência com inteligência local antes da próxima atualização do ranking."
2026-05-25T14:09:46,2026-05-25,src/core/orchestrator.py:get_combined_risk,fortaleza_bairros_top30,19,ANTONIO BEZERRA,ANTONIO BEZERRA,fortaleza,bairro,25.94,baixo,55.1,baixa,73.4,alta,0,0,86.0,21.2,100.0,0.0,46.7,100.0,100.0,0.0,0.71,83.3,14,14,True,stable,Tensão territorial,100.0,Fallback histórico ativado,55.0,Sinal neural do ST-GAT,21.2,Tensão territorial: 100.0% | Fallback histórico ativado: 55.0% | Sinal neural do ST-GAT: 21.2%,"ANTONIO BEZERRA aparece na posição 19 de 109, com risco 25.9 e nível baixo; é território de atenção tática.","O peso principal vem de tensão territorial, com suporte territorial de 100.0% e 0 registros recentes na janela de 30 dias.",Leitura mais fraca; parte do peso vem de fallback histórico e deve ser confirmada em campo.,"O território se diferencia do bloco intermediário, mas sem isolamento absoluto.","Verificar eventos recentes, pressão territorial e coerência com inteligência local antes da próxima atualização do ranking."
2026-05-25T14:09:46,2026-05-25,src/core/orchestrator.py:get_combined_risk,fortaleza_bairros_top30,20,JARDIM DAS OLIVEIRAS,JARDIM DAS OLIVEIRAS,fortaleza,bairro,25.88,baixo,55.1,baixa,72.8,alta,0,0,100.0,21.1,100.0,0.0,46.7,100.0,100.0,0.0,0.7,82.4,14,14,True,stable,Tensão territorial,100.0,Fallback histórico ativado,55.0,Sinal neural do ST-GAT,21.1,Tensão territorial: 100.0% | Fallback histórico ativado: 55.0% | Sinal neural do ST-GAT: 21.1%,"JARDIM DAS OLIVEIRAS aparece na posição 20 de 109, com risco 25.9 e nível baixo; é território de atenção tática.","O peso principal vem de tensão territorial, com suporte territorial de 100.0% e 0 registros recentes na janela de 30 dias.",Leitura mais fraca; parte do peso vem de fallback histórico e deve ser confirmada em campo.,"O território se diferencia do bloco intermediário, mas sem isolamento absoluto.","Verificar eventos recentes, pressão territorial e coerência com inteligência local antes da próxima atualização do ranking."
2026-05-25T14:09:46,2026-05-25,src/core/orchestrator.py:get_combined_risk,fortaleza_bairros_top30,21,VILA VELHA,VILA VELHA,fortaleza,bairro,25.82,baixo,55.1,baixa,72.2,alta,0,0,87.0,21.0,100.0,0.0,46.7,100.0,100.0,0.0,0.7,81.5,14,14,True,stable,Tensão territorial,100.0,Fallback histórico ativado,55.0,Sinal neural do ST-GAT,21.0,Tensão territorial: 100.0% | Fallback histórico ativado: 55.0% | Sinal neural do ST-GAT: 21.0%,"VILA VELHA aparece na posição 21 de 109, com risco 25.8 e nível baixo; é território de atenção tática.","O peso principal vem de tensão territorial, com suporte territorial de 100.0% e 0 registros recentes na janela de 30 dias.",Leitura mais fraca; parte do peso vem de fallback histórico e deve ser confirmada em campo.,"O território se diferencia do bloco intermediário, mas sem isolamento absoluto.","Verificar eventos recentes, pressão territorial e coerência com inteligência local antes da próxima atualização do ranking."
2026-05-25T14:09:46,2026-05-25,src/core/orchestrator.py:get_combined_risk,fortaleza_bairros_top30,22,PAUPINA,PAUPINA,fortaleza,bairro,25.56,baixo,55.1,baixa,71.6,alta,0,0,82.0,20.5,100.0,0.0,46.7,100.0,100.0,0.0,0.68,80.6,14,14,True,stable,Tensão territorial,100.0,Fallback histórico ativado,55.0,Sinal neural do ST-GAT,20.5,Tensão territorial: 100.0% | Fallback histórico ativado: 55.0% | Sinal neural do ST-GAT: 20.5%,"PAUPINA aparece na posição 22 de 109, com risco 25.6 e nível baixo; é território de atenção tática.","O peso principal vem de tensão territorial, com suporte territorial de 100.0% e 0 registros recentes na janela de 30 dias.",Leitura mais fraca; parte do peso vem de fallback histórico e deve ser confirmada em campo.,"O território se diferencia do bloco intermediário, mas sem isolamento absoluto.","Verificar eventos recentes, pressão territorial e coerência com inteligência local antes da próxima atualização do ranking."
2026-05-25T14:09:46,2026-05-25,src/core/orchestrator.py:get_combined_risk,fortaleza_bairros_top30,23,PIRAMBU,PIRAMBU,fortaleza,bairro,25.49,baixo,55.1,baixa,71.0,alta,0,0,63.0,20.3,100.0,0.0,46.7,100.0,100.0,0.0,0.67,79.6,14,14,True,stable,Tensão territorial,100.0,Fallback histórico ativado,55.0,Sinal neural do ST-GAT,20.3,Tensão territorial: 100.0% | Fallback histórico ativado: 55.0% | Sinal neural do ST-GAT: 20.3%,"PIRAMBU aparece na posição 23 de 109, com risco 25.5 e nível baixo; é território de atenção tática.","O peso principal vem de tensão territorial, com suporte territorial de 100.0% e 0 registros recentes na janela de 30 dias.",Leitura mais fraca; parte do peso vem de fallback histórico e deve ser confirmada em campo.,"O território se diferencia do bloco intermediário, mas sem isolamento absoluto.","Verificar eventos recentes, pressão territorial e coerência com inteligência local antes da próxima atualização do ranking."
2026-05-25T14:09:46,2026-05-25,src/core/orchestrator.py:get_combined_risk,fortaleza_bairros_top30,24,CARLITO PAMPLONA,CARLITO PAMPLONA,fortaleza,bairro,25.45,baixo,55.0,baixa,70.4,alta,0,0,96.0,20.2,100.0,0.0,46.7,100.0,100.0,0.0,0.67,78.7,14,14,True,stable,Tensão territorial,100.0,Fallback histórico ativado,55.0,Sinal neural do ST-GAT,20.2,Tensão territorial: 100.0% | Fallback histórico ativado: 55.0% | Sinal neural do ST-GAT: 20.2%,"CARLITO PAMPLONA aparece na posição 24 de 109, com risco 25.4 e nível baixo; é território de atenção tática.","O peso principal vem de tensão territorial, com suporte territorial de 100.0% e 0 registros recentes na janela de 30 dias.",Leitura mais fraca; parte do peso vem de fallback histórico e deve ser confirmada em campo.,"O território se diferencia do bloco intermediário, mas sem isolamento absoluto.","Verificar eventos recentes, pressão territorial e coerência com inteligência local antes da próxima atualização do ranking."
2026-05-25T14:09:46,2026-05-25,src/core/orchestrator.py:get_combined_risk,fortaleza_bairros_top30,25,JACARECANGA,JACARECANGA,fortaleza,bairro,25.33,baixo,55.0,baixa,69.8,moderada,0,0,61.0,20.0,100.0,0.0,46.7,100.0,100.0,0.0,0.66,77.8,14,14,True,stable,Tensão territorial,100.0,Fallback histórico ativado,55.0,Sinal neural do ST-GAT,20.0,Tensão territorial: 100.0% | Fallback histórico ativado: 55.0% | Sinal neural do ST-GAT: 20.0%,"JACARECANGA aparece na posição 25 de 109, com risco 25.3 e nível baixo; é território de atenção tática.","O peso principal vem de tensão territorial, com suporte territorial de 100.0% e 0 registros recentes na janela de 30 dias.",Leitura mais fraca; parte do peso vem de fallback histórico e deve ser confirmada em campo.,O território está próximo de pares vizinhos e pode oscilar no próximo ciclo.,"Verificar eventos recentes, pressão territorial e coerência com inteligência local antes da próxima atualização do ranking."
2026-05-25T14:09:46,2026-05-25,src/core/orchestrator.py:get_combined_risk,fortaleza_bairros_top30,26,PICI,PICI,fortaleza,bairro,25.14,baixo,55.0,baixa,69.2,moderada,0,0,108.0,19.6,100.0,0.0,46.7,100.0,100.0,0.0,0.64,76.9,14,14,True,stable,Tensão territorial,100.0,Fallback histórico ativado,55.0,Sinal neural do ST-GAT,19.6,Tensão territorial: 100.0% | Fallback histórico ativado: 55.0% | Sinal neural do ST-GAT: 19.6%,"PICI aparece na posição 26 de 109, com risco 25.1 e nível baixo; é território de atenção tática.","O peso principal vem de tensão territorial, com suporte territorial de 100.0% e 0 registros recentes na janela de 30 dias.",Leitura mais fraca; parte do peso vem de fallback histórico e deve ser confirmada em campo.,O território está próximo de pares vizinhos e pode oscilar no próximo ciclo.,"Verificar eventos recentes, pressão territorial e coerência com inteligência local antes da próxima atualização do ranking."
2026-05-25T14:09:46,2026-05-25,src/core/orchestrator.py:get_combined_risk,fortaleza_bairros_top30,27,BONSUCESSO,BONSUCESSO,fortaleza,bairro,24.83,baixo,55.0,baixa,68.5,moderada,0,0,94.0,19.0,100.0,0.0,46.7,100.0,100.0,0.0,0.62,75.9,14,14,True,stable,Tensão territorial,100.0,Fallback histórico ativado,55.0,Sinal neural do ST-GAT,19.0,Tensão territorial: 100.0% | Fallback histórico ativado: 55.0% | Sinal neural do ST-GAT: 19.0%,"BONSUCESSO aparece na posição 27 de 109, com risco 24.8 e nível baixo; é território de atenção tática.","O peso principal vem de tensão territorial, com suporte territorial de 100.0% e 0 registros recentes na janela de 30 dias.",Leitura mais fraca; parte do peso vem de fallback histórico e deve ser confirmada em campo.,O território está próximo de pares vizinhos e pode oscilar no próximo ciclo.,"Verificar eventos recentes, pressão territorial e coerência com inteligência local antes da próxima atualização do ranking."
2026-05-25T14:09:46,2026-05-25,src/core/orchestrator.py:get_combined_risk,fortaleza_bairros_top30,28,CURIO,CURIO,fortaleza,bairro,23.55,baixo,52.1,muito baixa,67.5,moderada,0,1,51.0,25.4,77.5,0.0,46.7,77.5,77.5,50.0,0.52,75.0,14,14,True,stable,Tensão territorial,77.5,Fallback histórico ativado,55.0,Sinal neural do ST-GAT,25.4,Tensão territorial: 77.5% | Fallback histórico ativado: 55.0% | Sinal neural do ST-GAT: 25.4%,"CURIO aparece na posição 28 de 109, com risco 23.6 e nível baixo; é território de atenção tática.","O peso principal vem de tensão territorial, com suporte territorial de 77.5% e 1 registros recentes na janela de 30 dias.",Leitura mais fraca; parte do peso vem de fallback histórico e deve ser confirmada em campo.,O território está próximo de pares vizinhos e pode oscilar no próximo ciclo.,"Verificar eventos recentes, pressão territorial e coerência com inteligência local antes da próxima atualização do ranking."
2026-05-25T14:09:46,2026-05-25,src/core/orchestrator.py:get_combined_risk,fortaleza_bairros_top30,29,ANCURI,ANCURI,fortaleza,bairro,23.31,baixo,59.8,baixa,66.9,moderada,0,1,64.0,16.0,100.0,0.0,46.7,100.0,100.0,50.0,0.5,74.1,14,14,True,stable,Tensão territorial,100.0,Fallback histórico ativado,55.0,CVLI recente na janela de 30 dias,20.0,Tensão territorial: 100.0% | Fallback histórico ativado: 55.0% | CVLI recente na janela de 30 dias: 20.0%,"ANCURI aparece na posição 29 de 109, com risco 23.3 e nível baixo; é território de atenção tática.","O peso principal vem de tensão territorial, com suporte territorial de 100.0% e 1 registros recentes na janela de 30 dias.",Leitura mais fraca; parte do peso vem de fallback histórico e deve ser confirmada em campo.,O território está próximo de pares vizinhos e pode oscilar no próximo ciclo.,"Verificar eventos recentes, pressão territorial e coerência com inteligência local antes da próxima atualização do ranking."
2026-05-25T14:09:46,2026-05-25,src/core/orchestrator.py:get_combined_risk,fortaleza_bairros_top30,30,PAPICU,PAPICU,fortaleza,bairro,22.96,baixo,49.7,muito baixa,66.2,moderada,0,0,54.0,21.3,85.0,0.0,46.7,85.0,85.0,0.0,0.48,73.1,14,14,True,stable,Tensão territorial,85.0,Fallback histórico ativado,55.0,Sinal neural do ST-GAT,21.3,Tensão territorial: 85.0% | Fallback histórico ativado: 55.0% | Sinal neural do ST-GAT: 21.3%,"PAPICU aparece na posição 30 de 109, com risco 23.0 e nível baixo; é território de atenção tática.","O peso principal vem de tensão territorial, com suporte territorial de 85.0% e 0 registros recentes na janela de 30 dias.",Leitura mais fraca; parte do peso vem de fallback histórico e deve ser confirmada em campo.,O território está próximo de pares vizinhos e pode oscilar no próximo ciclo.,"Verificar eventos recentes, pressão territorial e coerência com inteligência local antes da próxima atualização do ranking."
