{
  "type": "FeatureCollection",
  "features": [
    {
      "type": "Feature",
      "properties": {
        "id": "CARIRE_Z4",
        "bairro": "CARIRE",
        "indice_risco": 95.0,
        "rank": 1,
        "status": "CRITICO",
        "natureza": "CV",
        "gap_index": 30.0,
        "is_macro": false,
        "is_elite": true,
        "raio": "500m"
      },
      "geometry": {
        "type": "Polygon",
        "coordinates": [
          [
            [
              -40.6622391,
              -3.8370457
            ],
            [
              -40.66226076872998,
              -3.837486777131483
            ],
            [
              -40.66232556623819,
              -3.837923606449073
            ],
            [
              -40.662432868489205,
              -3.838351981047645
            ],
            [
              -40.6625816421037,
              -3.838767775445643
            ],
            [
              -40.66277045431043,
              -3.839166985315717
            ],
            [
              -40.662997486744636,
              -3.839545766048588
            ],
            [
              -40.66326055295987,
              -3.839900469778736
            ],
            [
              -40.663557119484665,
              -3.840227680515339
            ],
            [
              -40.663884330221265,
              -3.840524247040132
            ],
            [
              -40.66423903395141,
              -3.840787313255361
            ],
            [
              -40.664617814684284,
              -3.841014345689568
            ],
            [
              -40.66501702455436,
              -3.841203157896301
            ],
            [
              -40.665432818952354,
              -3.841351931510795
            ],
            [
              -40.66586119355093,
              -3.841459233761815
            ],
            [
              -40.66629802286852,
              -3.841524031270025
            ],
            [
              -40.6667391,
              -3.8415457
            ],
            [
              -40.667180177131485,
              -3.841524031270025
            ],
            [
              -40.66761700644907,
              -3.841459233761815
            ],
            [
              -40.66804538104765,
              -3.841351931510795
            ],
            [
              -40.66846117544564,
              -3.841203157896301
            ],
            [
              -40.66886038531572,
              -3.841014345689568
            ],
            [
              -40.66923916604859,
              -3.840787313255361
            ],
            [
              -40.66959386977874,
              -3.840524247040132
            ],
            [
              -40.66992108051534,
              -3.840227680515339
            ],
            [
              -40.67021764704013,
              -3.839900469778736
            ],
            [
              -40.670480713255365,
              -3.839545766048588
            ],
            [
              -40.67070774568957,
              -3.839166985315717
            ],
            [
              -40.6708965578963,
              -3.838767775445643
            ],
            [
              -40.6710453315108,
              -3.838351981047645
            ],
            [
              -40.671152633761814,
              -3.837923606449073
            ],
            [
              -40.67121743127002,
              -3.837486777131483
            ],
            [
              -40.6712391,
              -3.8370457
            ],
            [
              -40.67121743127002,
              -3.836604622868517
            ],
            [
              -40.671152633761814,
              -3.836167793550927
            ],
            [
              -40.6710453315108,
              -3.835739418952355
            ],
            [
              -40.6708965578963,
              -3.835323624554357
            ],
            [
              -40.67070774568957,
              -3.834924414684283
            ],
            [
              -40.670480713255365,
              -3.834545633951412
            ],
            [
              -40.67021764704013,
              -3.834190930221264
            ],
            [
              -40.66992108051534,
              -3.833863719484661
            ],
            [
              -40.66959386977874,
              -3.833567152959868
            ],
            [
              -40.66923916604859,
              -3.833304086744639
            ],
            [
              -40.66886038531572,
              -3.833077054310432
            ],
            [
              -40.66846117544564,
              -3.832888242103699
            ],
            [
              -40.66804538104765,
              -3.832739468489205
            ],
            [
              -40.66761700644907,
              -3.832632166238185
            ],
            [
              -40.667180177131485,
              -3.832567368729975
            ],
            [
              -40.6667391,
              -3.8325457
            ],
            [
              -40.66629802286852,
              -3.832567368729975
            ],
            [
              -40.66586119355093,
              -3.832632166238185
            ],
            [
              -40.665432818952354,
              -3.832739468489205
            ],
            [
              -40.66501702455436,
              -3.832888242103699
            ],
            [
              -40.664617814684284,
              -3.833077054310432
            ],
            [
              -40.66423903395141,
              -3.833304086744639
            ],
            [
              -40.663884330221265,
              -3.833567152959868
            ],
            [
              -40.663557119484665,
              -3.833863719484661
            ],
            [
              -40.66326055295987,
              -3.834190930221264
            ],
            [
              -40.662997486744636,
              -3.834545633951412
            ],
            [
              -40.66277045431043,
              -3.834924414684283
            ],
            [
              -40.6625816421037,
              -3.835323624554357
            ],
            [
              -40.662432868489205,
              -3.835739418952355
            ],
            [
              -40.66232556623819,
              -3.836167793550927
            ],
            [
              -40.66226076872998,
              -3.836604622868517
            ],
            [
              -40.6622391,
              -3.8370457
            ]
          ]
        ]
      }
    },
    {
      "type": "Feature",
      "properties": {
        "id": "BARROSO_Z5",
        "bairro": "BARROSO",
        "indice_risco": 81.4,
        "rank": 2,
        "status": "CRITICO",
        "natureza": "CV",
        "gap_index": 20.0,
        "is_macro": false,
        "is_elite": true,
        "raio": "500m"
      },
      "geometry": {
        "type": "Polygon",
        "coordinates": [
          [
            [
              -38.5059475,
              -3.8225414
            ],
            [
              -38.505969168729976,
              -3.822982477131483
            ],
            [
              -38.506033966238185,
              -3.823419306449073
            ],
            [
              -38.5061412684892,
              -3.823847681047645
            ],
            [
              -38.5062900421037,
              -3.824263475445643
            ],
            [
              -38.50647885431043,
              -3.824662685315717
            ],
            [
              -38.50670588674463,
              -3.825041466048588
            ],
            [
              -38.506968952959866,
              -3.825396169778736
            ],
            [
              -38.50726551948466,
              -3.825723380515339
            ],
            [
              -38.50759273022126,
              -3.826019947040132
            ],
            [
              -38.50794743395141,
              -3.826283013255361
            ],
            [
              -38.50832621468428,
              -3.826510045689568
            ],
            [
              -38.508725424554356,
              -3.826698857896301
            ],
            [
              -38.50914121895235,
              -3.826847631510795
            ],
            [
              -38.50956959355093,
              -3.826954933761815
            ],
            [
              -38.510006422868514,
              -3.827019731270025
            ],
            [
              -38.5104475,
              -3.8270414
            ],
            [
              -38.51088857713148,
              -3.827019731270025
            ],
            [
              -38.51132540644907,
              -3.826954933761815
            ],
            [
              -38.511753781047645,
              -3.826847631510795
            ],
            [
              -38.51216957544564,
              -3.826698857896301
            ],
            [
              -38.512568785315715,
              -3.826510045689568
            ],
            [
              -38.51294756604859,
              -3.826283013255361
            ],
            [
              -38.513302269778734,
              -3.826019947040132
            ],
            [
              -38.513629480515334,
              -3.825723380515339
            ],
            [
              -38.51392604704013,
              -3.825396169778736
            ],
            [
              -38.51418911325536,
              -3.825041466048588
            ],
            [
              -38.514416145689566,
              -3.824662685315717
            ],
            [
              -38.514604957896296,
              -3.824263475445643
            ],
            [
              -38.514753731510794,
              -3.823847681047645
            ],
            [
              -38.51486103376181,
              -3.823419306449073
            ],
            [
              -38.51492583127002,
              -3.822982477131483
            ],
            [
              -38.5149475,
              -3.8225414
            ],
            [
              -38.51492583127002,
              -3.822100322868517
            ],
            [
              -38.51486103376181,
              -3.821663493550927
            ],
            [
              -38.514753731510794,
              -3.821235118952355
            ],
            [
              -38.514604957896296,
              -3.820819324554357
            ],
            [
              -38.514416145689566,
              -3.820420114684283
            ],
            [
              -38.51418911325536,
              -3.820041333951412
            ],
            [
              -38.51392604704013,
              -3.819686630221264
            ],
            [
              -38.513629480515334,
              -3.819359419484661
            ],
            [
              -38.513302269778734,
              -3.819062852959868
            ],
            [
              -38.51294756604859,
              -3.818799786744639
            ],
            [
              -38.512568785315715,
              -3.818572754310432
            ],
            [
              -38.51216957544564,
              -3.818383942103699
            ],
            [
              -38.511753781047645,
              -3.818235168489205
            ],
            [
              -38.51132540644907,
              -3.818127866238185
            ],
            [
              -38.51088857713148,
              -3.818063068729975
            ],
            [
              -38.5104475,
              -3.8180414
            ],
            [
              -38.510006422868514,
              -3.818063068729975
            ],
            [
              -38.50956959355093,
              -3.818127866238185
            ],
            [
              -38.50914121895235,
              -3.818235168489205
            ],
            [
              -38.508725424554356,
              -3.818383942103699
            ],
            [
              -38.50832621468428,
              -3.818572754310432
            ],
            [
              -38.50794743395141,
              -3.818799786744639
            ],
            [
              -38.50759273022126,
              -3.819062852959868
            ],
            [
              -38.50726551948466,
              -3.819359419484661
            ],
            [
              -38.506968952959866,
              -3.819686630221264
            ],
            [
              -38.50670588674463,
              -3.820041333951412
            ],
            [
              -38.50647885431043,
              -3.820420114684283
            ],
            [
              -38.5062900421037,
              -3.820819324554357
            ],
            [
              -38.5061412684892,
              -3.821235118952355
            ],
            [
              -38.506033966238185,
              -3.821663493550927
            ],
            [
              -38.505969168729976,
              -3.822100322868517
            ],
            [
              -38.5059475,
              -3.8225414
            ]
          ]
        ]
      }
    },
    {
      "type": "Feature",
      "properties": {
        "id": "BARROSO_Z4",
        "bairro": "BARROSO",
        "indice_risco": 81.4,
        "rank": 3,
        "status": "CRITICO",
        "natureza": "CV",
        "gap_index": 20.0,
        "is_macro": false,
        "is_elite": true,
        "raio": "500m"
      },
      "geometry": {
        "type": "Polygon",
        "coordinates": [
          [
            [
              -38.5052474,
              -3.8226007
            ],
            [
              -38.50526906872998,
              -3.823041777131483
            ],
            [
              -38.50533386623819,
              -3.823478606449073
            ],
            [
              -38.505441168489206,
              -3.823906981047645
            ],
            [
              -38.505589942103704,
              -3.824322775445643
            ],
            [
              -38.505778754310434,
              -3.824721985315717
            ],
            [
              -38.50600578674464,
              -3.825100766048589
            ],
            [
              -38.50626885295987,
              -3.825455469778737
            ],
            [
              -38.506565419484666,
              -3.825782680515339
            ],
            [
              -38.506892630221266,
              -3.826079247040132
            ],
            [
              -38.50724733395141,
              -3.826342313255362
            ],
            [
              -38.507626114684285,
              -3.826569345689568
            ],
            [
              -38.50802532455436,
              -3.826758157896301
            ],
            [
              -38.508441118952355,
              -3.826906931510795
            ],
            [
              -38.50886949355093,
              -3.827014233761815
            ],
            [
              -38.50930632286852,
              -3.827079031270025
            ],
            [
              -38.5097474,
              -3.8271007
            ],
            [
              -38.510188477131486,
              -3.827079031270025
            ],
            [
              -38.51062530644907,
              -3.827014233761815
            ],
            [
              -38.51105368104765,
              -3.826906931510795
            ],
            [
              -38.511469475445644,
              -3.826758157896301
            ],
            [
              -38.51186868531572,
              -3.826569345689568
            ],
            [
              -38.51224746604859,
              -3.826342313255362
            ],
            [
              -38.51260216977874,
              -3.826079247040132
            ],
            [
              -38.51292938051534,
              -3.825782680515339
            ],
            [
              -38.513225947040134,
              -3.825455469778737
            ],
            [
              -38.513489013255366,
              -3.825100766048589
            ],
            [
              -38.51371604568957,
              -3.824721985315717
            ],
            [
              -38.5139048578963,
              -3.824322775445643
            ],
            [
              -38.5140536315108,
              -3.823906981047645
            ],
            [
              -38.514160933761815,
              -3.823478606449073
            ],
            [
              -38.514225731270024,
              -3.823041777131483
            ],
            [
              -38.5142474,
              -3.8226007
            ],
            [
              -38.514225731270024,
              -3.822159622868517
            ],
            [
              -38.514160933761815,
              -3.821722793550927
            ],
            [
              -38.5140536315108,
              -3.821294418952355
            ],
            [
              -38.5139048578963,
              -3.820878624554357
            ],
            [
              -38.51371604568957,
              -3.820479414684283
            ],
            [
              -38.513489013255366,
              -3.820100633951412
            ],
            [
              -38.513225947040134,
              -3.819745930221264
            ],
            [
              -38.51292938051534,
              -3.819418719484661
            ],
            [
              -38.51260216977874,
              -3.819122152959868
            ],
            [
              -38.51224746604859,
              -3.818859086744639
            ],
            [
              -38.51186868531572,
              -3.818632054310433
            ],
            [
              -38.511469475445644,
              -3.8184432421037
            ],
            [
              -38.51105368104765,
              -3.818294468489205
            ],
            [
              -38.51062530644907,
              -3.818187166238185
            ],
            [
              -38.510188477131486,
              -3.818122368729975
            ],
            [
              -38.5097474,
              -3.8181007
            ],
            [
              -38.50930632286852,
              -3.818122368729975
            ],
            [
              -38.50886949355093,
              -3.818187166238185
            ],
            [
              -38.508441118952355,
              -3.818294468489205
            ],
            [
              -38.50802532455436,
              -3.8184432421037
            ],
            [
              -38.507626114684285,
              -3.818632054310433
            ],
            [
              -38.50724733395141,
              -3.818859086744639
            ],
            [
              -38.506892630221266,
              -3.819122152959868
            ],
            [
              -38.506565419484666,
              -3.819418719484661
            ],
            [
              -38.50626885295987,
              -3.819745930221264
            ],
            [
              -38.50600578674464,
              -3.820100633951412
            ],
            [
              -38.505778754310434,
              -3.820479414684283
            ],
            [
              -38.505589942103704,
              -3.820878624554357
            ],
            [
              -38.505441168489206,
              -3.821294418952355
            ],
            [
              -38.50533386623819,
              -3.821722793550927
            ],
            [
              -38.50526906872998,
              -3.822159622868517
            ],
            [
              -38.5052474,
              -3.8226007
            ]
          ]
        ]
      }
    },
    {
      "type": "Feature",
      "properties": {
        "id": "BARROSO_Z3",
        "bairro": "BARROSO",
        "indice_risco": 81.4,
        "rank": 4,
        "status": "CRITICO",
        "natureza": "CV",
        "gap_index": 20.0,
        "is_macro": false,
        "is_elite": true,
        "raio": "500m"
      },
      "geometry": {
        "type": "Polygon",
        "coordinates": [
          [
            [
              -38.5026653,
              -3.8228284
            ],
            [
              -38.502686968729975,
              -3.823269477131483
            ],
            [
              -38.502751766238184,
              -3.823706306449073
            ],
            [
              -38.5028590684892,
              -3.824134681047645
            ],
            [
              -38.5030078421037,
              -3.824550475445643
            ],
            [
              -38.50319665431043,
              -3.824949685315717
            ],
            [
              -38.50342368674463,
              -3.825328466048588
            ],
            [
              -38.503686752959865,
              -3.825683169778737
            ],
            [
              -38.50398331948466,
              -3.826010380515339
            ],
            [
              -38.50431053022126,
              -3.826306947040132
            ],
            [
              -38.50466523395141,
              -3.826570013255362
            ],
            [
              -38.50504401468428,
              -3.826797045689568
            ],
            [
              -38.505443224554355,
              -3.826985857896301
            ],
            [
              -38.50585901895235,
              -3.827134631510795
            ],
            [
              -38.50628739355093,
              -3.827241933761815
            ],
            [
              -38.50672422286851,
              -3.827306731270025
            ],
            [
              -38.5071653,
              -3.8273284
            ],
            [
              -38.50760637713148,
              -3.827306731270025
            ],
            [
              -38.50804320644907,
              -3.827241933761815
            ],
            [
              -38.508471581047644,
              -3.827134631510795
            ],
            [
              -38.50888737544564,
              -3.826985857896301
            ],
            [
              -38.509286585315714,
              -3.826797045689568
            ],
            [
              -38.50966536604859,
              -3.826570013255362
            ],
            [
              -38.51002006977873,
              -3.826306947040132
            ],
            [
              -38.51034728051533,
              -3.826010380515339
            ],
            [
              -38.51064384704013,
              -3.825683169778737
            ],
            [
              -38.51090691325536,
              -3.825328466048588
            ],
            [
              -38.511133945689565,
              -3.824949685315717
            ],
            [
              -38.511322757896295,
              -3.824550475445643
            ],
            [
              -38.51147153151079,
              -3.824134681047645
            ],
            [
              -38.51157883376181,
              -3.823706306449073
            ],
            [
              -38.51164363127002,
              -3.823269477131483
            ],
            [
              -38.5116653,
              -3.8228284
            ],
            [
              -38.51164363127002,
              -3.822387322868517
            ],
            [
              -38.51157883376181,
              -3.821950493550927
            ],
            [
              -38.51147153151079,
              -3.821522118952355
            ],
            [
              -38.511322757896295,
              -3.821106324554357
            ],
            [
              -38.511133945689565,
              -3.820707114684283
            ],
            [
              -38.51090691325536,
              -3.820328333951412
            ],
            [
              -38.51064384704013,
              -3.819973630221264
            ],
            [
              -38.51034728051533,
              -3.819646419484661
            ],
            [
              -38.51002006977873,
              -3.819349852959868
            ],
            [
              -38.50966536604859,
              -3.819086786744639
            ],
            [
              -38.509286585315714,
              -3.818859754310433
            ],
            [
              -38.50888737544564,
              -3.8186709421037
            ],
            [
              -38.508471581047644,
              -3.818522168489205
            ],
            [
              -38.50804320644907,
              -3.818414866238185
            ],
            [
              -38.50760637713148,
              -3.818350068729975
            ],
            [
              -38.5071653,
              -3.8183284
            ],
            [
              -38.50672422286851,
              -3.818350068729975
            ],
            [
              -38.50628739355093,
              -3.818414866238185
            ],
            [
              -38.50585901895235,
              -3.818522168489205
            ],
            [
              -38.505443224554355,
              -3.8186709421037
            ],
            [
              -38.50504401468428,
              -3.818859754310433
            ],
            [
              -38.50466523395141,
              -3.819086786744639
            ],
            [
              -38.50431053022126,
              -3.819349852959868
            ],
            [
              -38.50398331948466,
              -3.819646419484661
            ],
            [
              -38.503686752959865,
              -3.819973630221264
            ],
            [
              -38.50342368674463,
              -3.820328333951412
            ],
            [
              -38.50319665431043,
              -3.820707114684283
            ],
            [
              -38.5030078421037,
              -3.821106324554357
            ],
            [
              -38.5028590684892,
              -3.821522118952355
            ],
            [
              -38.502751766238184,
              -3.821950493550927
            ],
            [
              -38.502686968729975,
              -3.822387322868517
            ],
            [
              -38.5026653,
              -3.8228284
            ]
          ]
        ]
      }
    },
    {
      "type": "Feature",
      "properties": {
        "id": "ANCURI_Z1",
        "bairro": "ANCURI",
        "indice_risco": 67.9,
        "rank": 5,
        "status": "ALTO",
        "natureza": "CV",
        "gap_index": 0.0,
        "is_macro": false,
        "is_elite": true,
        "raio": "500m"
      },
      "geometry": {
        "type": "Polygon",
        "coordinates": [
          [
            [
              -38.5044218,
              -3.8635239
            ],
            [
              -38.50444346872998,
              -3.863964977131483
            ],
            [
              -38.50450826623819,
              -3.864401806449073
            ],
            [
              -38.50461556848921,
              -3.864830181047645
            ],
            [
              -38.504764342103705,
              -3.865245975445643
            ],
            [
              -38.504953154310435,
              -3.865645185315717
            ],
            [
              -38.50518018674464,
              -3.866023966048588
            ],
            [
              -38.50544325295987,
              -3.866378669778737
            ],
            [
              -38.50573981948467,
              -3.866705880515339
            ],
            [
              -38.50606703022127,
              -3.867002447040132
            ],
            [
              -38.50642173395141,
              -3.867265513255361
            ],
            [
              -38.506800514684286,
              -3.867492545689568
            ],
            [
              -38.50719972455436,
              -3.867681357896301
            ],
            [
              -38.507615518952356,
              -3.867830131510795
            ],
            [
              -38.50804389355093,
              -3.867937433761815
            ],
            [
              -38.50848072286852,
              -3.868002231270025
            ],
            [
              -38.5089218,
              -3.8680239
            ],
            [
              -38.50936287713149,
              -3.868002231270025
            ],
            [
              -38.50979970644907,
              -3.867937433761815
            ],
            [
              -38.51022808104765,
              -3.867830131510795
            ],
            [
              -38.510643875445645,
              -3.867681357896301
            ],
            [
              -38.51104308531572,
              -3.867492545689568
            ],
            [
              -38.51142186604859,
              -3.867265513255361
            ],
            [
              -38.51177656977874,
              -3.867002447040132
            ],
            [
              -38.51210378051534,
              -3.866705880515339
            ],
            [
              -38.512400347040135,
              -3.866378669778737
            ],
            [
              -38.51266341325537,
              -3.866023966048588
            ],
            [
              -38.51289044568957,
              -3.865645185315717
            ],
            [
              -38.5130792578963,
              -3.865245975445643
            ],
            [
              -38.5132280315108,
              -3.864830181047645
            ],
            [
              -38.513335333761816,
              -3.864401806449073
            ],
            [
              -38.513400131270025,
              -3.863964977131483
            ],
            [
              -38.5134218,
              -3.8635239
            ],
            [
              -38.513400131270025,
              -3.863082822868517
            ],
            [
              -38.513335333761816,
              -3.862645993550927
            ],
            [
              -38.5132280315108,
              -3.862217618952355
            ],
            [
              -38.5130792578963,
              -3.861801824554357
            ],
            [
              -38.51289044568957,
              -3.861402614684283
            ],
            [
              -38.51266341325537,
              -3.861023833951412
            ],
            [
              -38.512400347040135,
              -3.860669130221264
            ],
            [
              -38.51210378051534,
              -3.860341919484661
            ],
            [
              -38.51177656977874,
              -3.860045352959868
            ],
            [
              -38.51142186604859,
              -3.859782286744639
            ],
            [
              -38.51104308531572,
              -3.859555254310433
            ],
            [
              -38.510643875445645,
              -3.8593664421037
            ],
            [
              -38.51022808104765,
              -3.859217668489205
            ],
            [
              -38.50979970644907,
              -3.859110366238185
            ],
            [
              -38.50936287713149,
              -3.859045568729975
            ],
            [
              -38.5089218,
              -3.8590239
            ],
            [
              -38.50848072286852,
              -3.859045568729975
            ],
            [
              -38.50804389355093,
              -3.859110366238185
            ],
            [
              -38.507615518952356,
              -3.859217668489205
            ],
            [
              -38.50719972455436,
              -3.8593664421037
            ],
            [
              -38.506800514684286,
              -3.859555254310433
            ],
            [
              -38.50642173395141,
              -3.859782286744639
            ],
            [
              -38.50606703022127,
              -3.860045352959868
            ],
            [
              -38.50573981948467,
              -3.860341919484661
            ],
            [
              -38.50544325295987,
              -3.860669130221264
            ],
            [
              -38.50518018674464,
              -3.861023833951412
            ],
            [
              -38.504953154310435,
              -3.861402614684283
            ],
            [
              -38.504764342103705,
              -3.861801824554357
            ],
            [
              -38.50461556848921,
              -3.862217618952355
            ],
            [
              -38.50450826623819,
              -3.862645993550927
            ],
            [
              -38.50444346872998,
              -3.863082822868517
            ],
            [
              -38.5044218,
              -3.8635239
            ]
          ]
        ]
      }
    },
    {
      "type": "Feature",
      "properties": {
        "id": "ANCURI_Z5",
        "bairro": "ANCURI",
        "indice_risco": 67.9,
        "rank": 6,
        "status": "ALTO",
        "natureza": "CV",
        "gap_index": 0.0,
        "is_macro": false,
        "is_elite": true,
        "raio": "500m"
      },
      "geometry": {
        "type": "Polygon",
        "coordinates": [
          [
            [
              -38.5025331,
              -3.8626389
            ],
            [
              -38.50255476872998,
              -3.863079977131483
            ],
            [
              -38.50261956623819,
              -3.863516806449073
            ],
            [
              -38.502726868489205,
              -3.863945181047645
            ],
            [
              -38.5028756421037,
              -3.864360975445643
            ],
            [
              -38.50306445431043,
              -3.864760185315717
            ],
            [
              -38.50329148674464,
              -3.865138966048588
            ],
            [
              -38.50355455295987,
              -3.865493669778736
            ],
            [
              -38.503851119484665,
              -3.865820880515339
            ],
            [
              -38.504178330221265,
              -3.866117447040132
            ],
            [
              -38.50453303395141,
              -3.866380513255361
            ],
            [
              -38.504911814684284,
              -3.866607545689567
            ],
            [
              -38.50531102455436,
              -3.8667963578963
            ],
            [
              -38.505726818952354,
              -3.866945131510795
            ],
            [
              -38.50615519355093,
              -3.867052433761815
            ],
            [
              -38.50659202286852,
              -3.867117231270025
            ],
            [
              -38.5070331,
              -3.8671389
            ],
            [
              -38.507474177131485,
              -3.867117231270025
            ],
            [
              -38.50791100644907,
              -3.867052433761815
            ],
            [
              -38.50833938104765,
              -3.866945131510795
            ],
            [
              -38.50875517544564,
              -3.8667963578963
            ],
            [
              -38.50915438531572,
              -3.866607545689567
            ],
            [
              -38.50953316604859,
              -3.866380513255361
            ],
            [
              -38.50988786977874,
              -3.866117447040132
            ],
            [
              -38.51021508051534,
              -3.865820880515339
            ],
            [
              -38.51051164704013,
              -3.865493669778736
            ],
            [
              -38.510774713255365,
              -3.865138966048588
            ],
            [
              -38.51100174568957,
              -3.864760185315717
            ],
            [
              -38.5111905578963,
              -3.864360975445643
            ],
            [
              -38.5113393315108,
              -3.863945181047645
            ],
            [
              -38.511446633761814,
              -3.863516806449073
            ],
            [
              -38.51151143127002,
              -3.863079977131483
            ],
            [
              -38.5115331,
              -3.8626389
            ],
            [
              -38.51151143127002,
              -3.862197822868517
            ],
            [
              -38.511446633761814,
              -3.861760993550927
            ],
            [
              -38.5113393315108,
              -3.861332618952355
            ],
            [
              -38.5111905578963,
              -3.860916824554357
            ],
            [
              -38.51100174568957,
              -3.860517614684283
            ],
            [
              -38.510774713255365,
              -3.860138833951412
            ],
            [
              -38.51051164704013,
              -3.859784130221263
            ],
            [
              -38.51021508051534,
              -3.859456919484661
            ],
            [
              -38.50988786977874,
              -3.859160352959868
            ],
            [
              -38.50953316604859,
              -3.858897286744638
            ],
            [
              -38.50915438531572,
              -3.858670254310432
            ],
            [
              -38.50875517544564,
              -3.858481442103699
            ],
            [
              -38.50833938104765,
              -3.858332668489205
            ],
            [
              -38.50791100644907,
              -3.858225366238185
            ],
            [
              -38.507474177131485,
              -3.858160568729975
            ],
            [
              -38.5070331,
              -3.8581389
            ],
            [
              -38.50659202286852,
              -3.858160568729975
            ],
            [
              -38.50615519355093,
              -3.858225366238185
            ],
            [
              -38.505726818952354,
              -3.858332668489205
            ],
            [
              -38.50531102455436,
              -3.858481442103699
            ],
            [
              -38.504911814684284,
              -3.858670254310432
            ],
            [
              -38.50453303395141,
              -3.858897286744638
            ],
            [
              -38.504178330221265,
              -3.859160352959868
            ],
            [
              -38.503851119484665,
              -3.859456919484661
            ],
            [
              -38.50355455295987,
              -3.859784130221263
            ],
            [
              -38.50329148674464,
              -3.860138833951412
            ],
            [
              -38.50306445431043,
              -3.860517614684283
            ],
            [
              -38.5028756421037,
              -3.860916824554357
            ],
            [
              -38.502726868489205,
              -3.861332618952355
            ],
            [
              -38.50261956623819,
              -3.861760993550927
            ],
            [
              -38.50255476872998,
              -3.862197822868517
            ],
            [
              -38.5025331,
              -3.8626389
            ]
          ]
        ]
      }
    },
    {
      "type": "Feature",
      "properties": {
        "id": "ANCURI_Z4",
        "bairro": "ANCURI",
        "indice_risco": 67.9,
        "rank": 7,
        "status": "ALTO",
        "natureza": "CV",
        "gap_index": 0.0,
        "is_macro": false,
        "is_elite": true,
        "raio": "500m"
      },
      "geometry": {
        "type": "Polygon",
        "coordinates": [
          [
            [
              -38.499406,
              -3.8628108
            ],
            [
              -38.49942766872998,
              -3.863251877131483
            ],
            [
              -38.49949246623819,
              -3.863688706449073
            ],
            [
              -38.499599768489205,
              -3.864117081047645
            ],
            [
              -38.4997485421037,
              -3.864532875445643
            ],
            [
              -38.49993735431043,
              -3.864932085315717
            ],
            [
              -38.500164386744636,
              -3.865310866048588
            ],
            [
              -38.50042745295987,
              -3.865665569778737
            ],
            [
              -38.500724019484664,
              -3.865992780515339
            ],
            [
              -38.501051230221265,
              -3.866289347040132
            ],
            [
              -38.50140593395141,
              -3.866552413255361
            ],
            [
              -38.501784714684284,
              -3.866779445689568
            ],
            [
              -38.50218392455436,
              -3.866968257896301
            ],
            [
              -38.502599718952354,
              -3.867117031510795
            ],
            [
              -38.50302809355093,
              -3.867224333761815
            ],
            [
              -38.50346492286852,
              -3.867289131270025
            ],
            [
              -38.503906,
              -3.8673108
            ],
            [
              -38.504347077131484,
              -3.867289131270025
            ],
            [
              -38.50478390644907,
              -3.867224333761815
            ],
            [
              -38.50521228104765,
              -3.867117031510795
            ],
            [
              -38.50562807544564,
              -3.866968257896301
            ],
            [
              -38.50602728531572,
              -3.866779445689568
            ],
            [
              -38.50640606604859,
              -3.866552413255361
            ],
            [
              -38.50676076977874,
              -3.866289347040132
            ],
            [
              -38.50708798051534,
              -3.865992780515339
            ],
            [
              -38.50738454704013,
              -3.865665569778737
            ],
            [
              -38.507647613255365,
              -3.865310866048588
            ],
            [
              -38.50787464568957,
              -3.864932085315717
            ],
            [
              -38.5080634578963,
              -3.864532875445643
            ],
            [
              -38.5082122315108,
              -3.864117081047645
            ],
            [
              -38.508319533761814,
              -3.863688706449073
            ],
            [
              -38.50838433127002,
              -3.863251877131483
            ],
            [
              -38.508406,
              -3.8628108
            ],
            [
              -38.50838433127002,
              -3.862369722868517
            ],
            [
              -38.508319533761814,
              -3.861932893550927
            ],
            [
              -38.5082122315108,
              -3.861504518952355
            ],
            [
              -38.5080634578963,
              -3.861088724554357
            ],
            [
              -38.50787464568957,
              -3.860689514684283
            ],
            [
              -38.507647613255365,
              -3.860310733951412
            ],
            [
              -38.50738454704013,
              -3.859956030221264
            ],
            [
              -38.50708798051534,
              -3.859628819484661
            ],
            [
              -38.50676076977874,
              -3.859332252959868
            ],
            [
              -38.50640606604859,
              -3.859069186744639
            ],
            [
              -38.50602728531572,
              -3.858842154310433
            ],
            [
              -38.50562807544564,
              -3.858653342103699
            ],
            [
              -38.50521228104765,
              -3.858504568489205
            ],
            [
              -38.50478390644907,
              -3.858397266238185
            ],
            [
              -38.504347077131484,
              -3.858332468729975
            ],
            [
              -38.503906,
              -3.8583108
            ],
            [
              -38.50346492286852,
              -3.858332468729975
            ],
            [
              -38.50302809355093,
              -3.858397266238185
            ],
            [
              -38.502599718952354,
              -3.858504568489205
            ],
            [
              -38.50218392455436,
              -3.858653342103699
            ],
            [
              -38.501784714684284,
              -3.858842154310433
            ],
            [
              -38.50140593395141,
              -3.859069186744639
            ],
            [
              -38.501051230221265,
              -3.859332252959868
            ],
            [
              -38.500724019484664,
              -3.859628819484661
            ],
            [
              -38.50042745295987,
              -3.859956030221264
            ],
            [
              -38.500164386744636,
              -3.860310733951412
            ],
            [
              -38.49993735431043,
              -3.860689514684283
            ],
            [
              -38.4997485421037,
              -3.861088724554357
            ],
            [
              -38.499599768489205,
              -3.861504518952355
            ],
            [
              -38.49949246623819,
              -3.861932893550927
            ],
            [
              -38.49942766872998,
              -3.862369722868517
            ],
            [
              -38.499406,
              -3.8628108
            ]
          ]
        ]
      }
    },
    {
      "type": "Feature",
      "properties": {
        "id": "ANCURI_Z3",
        "bairro": "ANCURI",
        "indice_risco": 67.9,
        "rank": 8,
        "status": "ALTO",
        "natureza": "CV",
        "gap_index": 0.0,
        "is_macro": false,
        "is_elite": true,
        "raio": "500m"
      },
      "geometry": {
        "type": "Polygon",
        "coordinates": [
          [
            [
              -38.4979312,
              -3.859881
            ],
            [
              -38.497952868729975,
              -3.860322077131483
            ],
            [
              -38.498017666238184,
              -3.860758906449073
            ],
            [
              -38.4981249684892,
              -3.861187281047645
            ],
            [
              -38.4982737421037,
              -3.861603075445643
            ],
            [
              -38.49846255431043,
              -3.862002285315717
            ],
            [
              -38.49868958674463,
              -3.862381066048588
            ],
            [
              -38.498952652959865,
              -3.862735769778737
            ],
            [
              -38.49924921948466,
              -3.863062980515339
            ],
            [
              -38.49957643022126,
              -3.863359547040132
            ],
            [
              -38.49993113395141,
              -3.863622613255361
            ],
            [
              -38.50030991468428,
              -3.863849645689568
            ],
            [
              -38.500709124554355,
              -3.864038457896301
            ],
            [
              -38.50112491895235,
              -3.864187231510795
            ],
            [
              -38.50155329355093,
              -3.864294533761815
            ],
            [
              -38.50199012286851,
              -3.864359331270025
            ],
            [
              -38.5024312,
              -3.864381
            ],
            [
              -38.50287227713148,
              -3.864359331270025
            ],
            [
              -38.503309106449066,
              -3.864294533761815
            ],
            [
              -38.503737481047644,
              -3.864187231510795
            ],
            [
              -38.50415327544564,
              -3.864038457896301
            ],
            [
              -38.50455248531571,
              -3.863849645689568
            ],
            [
              -38.50493126604859,
              -3.863622613255361
            ],
            [
              -38.50528596977873,
              -3.863359547040132
            ],
            [
              -38.50561318051533,
              -3.863062980515339
            ],
            [
              -38.50590974704013,
              -3.862735769778737
            ],
            [
              -38.50617281325536,
              -3.862381066048588
            ],
            [
              -38.506399845689565,
              -3.862002285315717
            ],
            [
              -38.506588657896295,
              -3.861603075445643
            ],
            [
              -38.50673743151079,
              -3.861187281047645
            ],
            [
              -38.50684473376181,
              -3.860758906449073
            ],
            [
              -38.50690953127002,
              -3.860322077131483
            ],
            [
              -38.5069312,
              -3.859881
            ],
            [
              -38.50690953127002,
              -3.859439922868517
            ],
            [
              -38.50684473376181,
              -3.859003093550927
            ],
            [
              -38.50673743151079,
              -3.858574718952355
            ],
            [
              -38.506588657896295,
              -3.858158924554357
            ],
            [
              -38.506399845689565,
              -3.857759714684283
            ],
            [
              -38.50617281325536,
              -3.857380933951412
            ],
            [
              -38.50590974704013,
              -3.857026230221264
            ],
            [
              -38.50561318051533,
              -3.856699019484661
            ],
            [
              -38.50528596977873,
              -3.856402452959868
            ],
            [
              -38.50493126604859,
              -3.856139386744639
            ],
            [
              -38.50455248531571,
              -3.855912354310433
            ],
            [
              -38.50415327544564,
              -3.855723542103699
            ],
            [
              -38.503737481047644,
              -3.855574768489205
            ],
            [
              -38.503309106449066,
              -3.855467466238185
            ],
            [
              -38.50287227713148,
              -3.855402668729975
            ],
            [
              -38.5024312,
              -3.855381
            ],
            [
              -38.50199012286851,
              -3.855402668729975
            ],
            [
              -38.50155329355093,
              -3.855467466238185
            ],
            [
              -38.50112491895235,
              -3.855574768489205
            ],
            [
              -38.500709124554355,
              -3.855723542103699
            ],
            [
              -38.50030991468428,
              -3.855912354310433
            ],
            [
              -38.49993113395141,
              -3.856139386744639
            ],
            [
              -38.49957643022126,
              -3.856402452959868
            ],
            [
              -38.49924921948466,
              -3.856699019484661
            ],
            [
              -38.498952652959865,
              -3.857026230221264
            ],
            [
              -38.49868958674463,
              -3.857380933951412
            ],
            [
              -38.49846255431043,
              -3.857759714684283
            ],
            [
              -38.4982737421037,
              -3.858158924554357
            ],
            [
              -38.4981249684892,
              -3.858574718952355
            ],
            [
              -38.498017666238184,
              -3.859003093550927
            ],
            [
              -38.497952868729975,
              -3.859439922868517
            ],
            [
              -38.4979312,
              -3.859881
            ]
          ]
        ]
      }
    },
    {
      "type": "Feature",
      "properties": {
        "id": "ANCURI_Z2",
        "bairro": "ANCURI",
        "indice_risco": 67.9,
        "rank": 9,
        "status": "ALTO",
        "natureza": "CV",
        "gap_index": 0.0,
        "is_macro": false,
        "is_elite": true,
        "raio": "500m"
      },
      "geometry": {
        "type": "Polygon",
        "coordinates": [
          [
            [
              -38.4994272,
              -3.865338
            ],
            [
              -38.49944886872998,
              -3.865779077131483
            ],
            [
              -38.49951366623819,
              -3.866215906449073
            ],
            [
              -38.499620968489204,
              -3.866644281047645
            ],
            [
              -38.4997697421037,
              -3.867060075445643
            ],
            [
              -38.49995855431043,
              -3.867459285315717
            ],
            [
              -38.500185586744635,
              -3.867838066048588
            ],
            [
              -38.50044865295987,
              -3.868192769778736
            ],
            [
              -38.50074521948466,
              -3.868519980515339
            ],
            [
              -38.501072430221264,
              -3.868816547040132
            ],
            [
              -38.50142713395141,
              -3.869079613255361
            ],
            [
              -38.50180591468428,
              -3.869306645689568
            ],
            [
              -38.50220512455436,
              -3.869495457896301
            ],
            [
              -38.50262091895235,
              -3.869644231510795
            ],
            [
              -38.50304929355093,
              -3.869751533761815
            ],
            [
              -38.503486122868516,
              -3.869816331270025
            ],
            [
              -38.5039272,
              -3.869838
            ],
            [
              -38.50436827713148,
              -3.869816331270025
            ],
            [
              -38.50480510644907,
              -3.869751533761815
            ],
            [
              -38.50523348104765,
              -3.869644231510795
            ],
            [
              -38.50564927544564,
              -3.869495457896301
            ],
            [
              -38.506048485315716,
              -3.869306645689568
            ],
            [
              -38.50642726604859,
              -3.869079613255361
            ],
            [
              -38.506781969778736,
              -3.868816547040132
            ],
            [
              -38.507109180515336,
              -3.868519980515339
            ],
            [
              -38.50740574704013,
              -3.868192769778736
            ],
            [
              -38.507668813255364,
              -3.867838066048588
            ],
            [
              -38.50789584568957,
              -3.867459285315717
            ],
            [
              -38.5080846578963,
              -3.867060075445643
            ],
            [
              -38.508233431510796,
              -3.866644281047645
            ],
            [
              -38.50834073376181,
              -3.866215906449073
            ],
            [
              -38.50840553127002,
              -3.865779077131483
            ],
            [
              -38.5084272,
              -3.865338
            ],
            [
              -38.50840553127002,
              -3.864896922868517
            ],
            [
              -38.50834073376181,
              -3.864460093550927
            ],
            [
              -38.508233431510796,
              -3.864031718952355
            ],
            [
              -38.5080846578963,
              -3.863615924554357
            ],
            [
              -38.50789584568957,
              -3.863216714684283
            ],
            [
              -38.507668813255364,
              -3.862837933951412
            ],
            [
              -38.50740574704013,
              -3.862483230221263
            ],
            [
              -38.507109180515336,
              -3.862156019484661
            ],
            [
              -38.506781969778736,
              -3.861859452959868
            ],
            [
              -38.50642726604859,
              -3.861596386744639
            ],
            [
              -38.506048485315716,
              -3.861369354310432
            ],
            [
              -38.50564927544564,
              -3.861180542103699
            ],
            [
              -38.50523348104765,
              -3.861031768489205
            ],
            [
              -38.50480510644907,
              -3.860924466238185
            ],
            [
              -38.50436827713148,
              -3.860859668729975
            ],
            [
              -38.5039272,
              -3.860838
            ],
            [
              -38.503486122868516,
              -3.860859668729975
            ],
            [
              -38.50304929355093,
              -3.860924466238185
            ],
            [
              -38.50262091895235,
              -3.861031768489205
            ],
            [
              -38.50220512455436,
              -3.861180542103699
            ],
            [
              -38.50180591468428,
              -3.861369354310432
            ],
            [
              -38.50142713395141,
              -3.861596386744639
            ],
            [
              -38.501072430221264,
              -3.861859452959868
            ],
            [
              -38.50074521948466,
              -3.862156019484661
            ],
            [
              -38.50044865295987,
              -3.862483230221263
            ],
            [
              -38.500185586744635,
              -3.862837933951412
            ],
            [
              -38.49995855431043,
              -3.863216714684283
            ],
            [
              -38.4997697421037,
              -3.863615924554357
            ],
            [
              -38.499620968489204,
              -3.864031718952355
            ],
            [
              -38.49951366623819,
              -3.864460093550927
            ],
            [
              -38.49944886872998,
              -3.864896922868517
            ],
            [
              -38.4994272,
              -3.865338
            ]
          ]
        ]
      }
    },
    {
      "type": "Feature",
      "properties": {
        "id": "LAVRAS DA MANGABEIRA_Z2",
        "bairro": "LAVRAS DA MANGABEIRA",
        "indice_risco": 54.3,
        "rank": 10,
        "status": "MODERADO",
        "natureza": "NEUTRO",
        "gap_index": 10.0,
        "is_macro": false,
        "is_elite": true,
        "raio": "500m"
      },
      "geometry": {
        "type": "Polygon",
        "coordinates": [
          [
            [
              -38.961371,
              -6.7548684
            ],
            [
              -38.96139266872998,
              -6.755309477131483
            ],
            [
              -38.96145746623819,
              -6.755746306449073
            ],
            [
              -38.961564768489204,
              -6.756174681047646
            ],
            [
              -38.9617135421037,
              -6.756590475445643
            ],
            [
              -38.96190235431043,
              -6.756989685315717
            ],
            [
              -38.962129386744635,
              -6.757368466048589
            ],
            [
              -38.96239245295987,
              -6.757723169778736
            ],
            [
              -38.962689019484664,
              -6.75805038051534
            ],
            [
              -38.963016230221264,
              -6.758346947040133
            ],
            [
              -38.96337093395141,
              -6.758610013255362
            ],
            [
              -38.96374971468428,
              -6.758837045689568
            ],
            [
              -38.96414892455436,
              -6.759025857896301
            ],
            [
              -38.96456471895235,
              -6.759174631510795
            ],
            [
              -38.96499309355093,
              -6.759281933761815
            ],
            [
              -38.965429922868516,
              -6.759346731270025
            ],
            [
              -38.965871,
              -6.7593684
            ],
            [
              -38.966312077131484,
              -6.759346731270025
            ],
            [
              -38.96674890644907,
              -6.759281933761815
            ],
            [
              -38.96717728104765,
              -6.759174631510795
            ],
            [
              -38.96759307544564,
              -6.759025857896301
            ],
            [
              -38.96799228531572,
              -6.758837045689568
            ],
            [
              -38.96837106604859,
              -6.758610013255362
            ],
            [
              -38.968725769778736,
              -6.758346947040133
            ],
            [
              -38.969052980515336,
              -6.75805038051534
            ],
            [
              -38.96934954704013,
              -6.757723169778736
            ],
            [
              -38.969612613255364,
              -6.757368466048589
            ],
            [
              -38.96983964568957,
              -6.756989685315717
            ],
            [
              -38.9700284578963,
              -6.756590475445643
            ],
            [
              -38.970177231510796,
              -6.756174681047646
            ],
            [
              -38.97028453376181,
              -6.755746306449073
            ],
            [
              -38.97034933127002,
              -6.755309477131483
            ],
            [
              -38.970371,
              -6.7548684
            ],
            [
              -38.97034933127002,
              -6.754427322868517
            ],
            [
              -38.97028453376181,
              -6.753990493550928
            ],
            [
              -38.970177231510796,
              -6.753562118952355
            ],
            [
              -38.9700284578963,
              -6.753146324554358
            ],
            [
              -38.96983964568957,
              -6.752747114684284
            ],
            [
              -38.969612613255364,
              -6.752368333951412
            ],
            [
              -38.96934954704013,
              -6.752013630221264
            ],
            [
              -38.969052980515336,
              -6.751686419484661
            ],
            [
              -38.968725769778736,
              -6.751389852959868
            ],
            [
              -38.96837106604859,
              -6.751126786744639
            ],
            [
              -38.96799228531572,
              -6.750899754310432
            ],
            [
              -38.96759307544564,
              -6.7507109421037
            ],
            [
              -38.96717728104765,
              -6.750562168489205
            ],
            [
              -38.96674890644907,
              -6.750454866238186
            ],
            [
              -38.966312077131484,
              -6.750390068729976
            ],
            [
              -38.965871,
              -6.7503684
            ],
            [
              -38.965429922868516,
              -6.750390068729976
            ],
            [
              -38.96499309355093,
              -6.750454866238186
            ],
            [
              -38.96456471895235,
              -6.750562168489205
            ],
            [
              -38.96414892455436,
              -6.7507109421037
            ],
            [
              -38.96374971468428,
              -6.750899754310432
            ],
            [
              -38.96337093395141,
              -6.751126786744639
            ],
            [
              -38.963016230221264,
              -6.751389852959868
            ],
            [
              -38.962689019484664,
              -6.751686419484661
            ],
            [
              -38.96239245295987,
              -6.752013630221264
            ],
            [
              -38.962129386744635,
              -6.752368333951412
            ],
            [
              -38.96190235431043,
              -6.752747114684284
            ],
            [
              -38.9617135421037,
              -6.753146324554358
            ],
            [
              -38.961564768489204,
              -6.753562118952355
            ],
            [
              -38.96145746623819,
              -6.753990493550928
            ],
            [
              -38.96139266872998,
              -6.754427322868517
            ],
            [
              -38.961371,
              -6.7548684
            ]
          ]
        ]
      }
    },
    {
      "type": "Feature",
      "properties": {
        "id": "LAVRAS DA MANGABEIRA_Z4",
        "bairro": "LAVRAS DA MANGABEIRA",
        "indice_risco": 54.3,
        "rank": 11,
        "status": "MODERADO",
        "natureza": "NEUTRO",
        "gap_index": 10.0,
        "is_macro": false,
        "is_elite": true,
        "raio": "500m"
      },
      "geometry": {
        "type": "Polygon",
        "coordinates": [
          [
            [
              -38.9582337,
              -6.7481794
            ],
            [
              -38.95825536872998,
              -6.748620477131483
            ],
            [
              -38.95832016623819,
              -6.749057306449072
            ],
            [
              -38.958427468489205,
              -6.749485681047645
            ],
            [
              -38.9585762421037,
              -6.749901475445642
            ],
            [
              -38.95876505431043,
              -6.750300685315716
            ],
            [
              -38.95899208674464,
              -6.750679466048588
            ],
            [
              -38.95925515295987,
              -6.751034169778736
            ],
            [
              -38.959551719484665,
              -6.751361380515339
            ],
            [
              -38.959878930221265,
              -6.751657947040132
            ],
            [
              -38.96023363395141,
              -6.751921013255362
            ],
            [
              -38.960612414684284,
              -6.752148045689568
            ],
            [
              -38.96101162455436,
              -6.7523368578963
            ],
            [
              -38.961427418952354,
              -6.752485631510795
            ],
            [
              -38.96185579355093,
              -6.752592933761814
            ],
            [
              -38.96229262286852,
              -6.752657731270024
            ],
            [
              -38.9627337,
              -6.7526794
            ],
            [
              -38.963174777131485,
              -6.752657731270024
            ],
            [
              -38.96361160644907,
              -6.752592933761814
            ],
            [
              -38.96403998104765,
              -6.752485631510795
            ],
            [
              -38.96445577544564,
              -6.7523368578963
            ],
            [
              -38.96485498531572,
              -6.752148045689568
            ],
            [
              -38.96523376604859,
              -6.751921013255362
            ],
            [
              -38.96558846977874,
              -6.751657947040132
            ],
            [
              -38.96591568051534,
              -6.751361380515339
            ],
            [
              -38.96621224704013,
              -6.751034169778736
            ],
            [
              -38.966475313255366,
              -6.750679466048588
            ],
            [
              -38.96670234568957,
              -6.750300685315716
            ],
            [
              -38.9668911578963,
              -6.749901475445642
            ],
            [
              -38.9670399315108,
              -6.749485681047645
            ],
            [
              -38.967147233761814,
              -6.749057306449072
            ],
            [
              -38.96721203127002,
              -6.748620477131483
            ],
            [
              -38.9672337,
              -6.7481794
            ],
            [
              -38.96721203127002,
              -6.747738322868517
            ],
            [
              -38.967147233761814,
              -6.747301493550927
            ],
            [
              -38.9670399315108,
              -6.746873118952355
            ],
            [
              -38.9668911578963,
              -6.746457324554357
            ],
            [
              -38.96670234568957,
              -6.746058114684283
            ],
            [
              -38.966475313255366,
              -6.745679333951411
            ],
            [
              -38.96621224704013,
              -6.745324630221264
            ],
            [
              -38.96591568051534,
              -6.74499741948466
            ],
            [
              -38.96558846977874,
              -6.744700852959867
            ],
            [
              -38.96523376604859,
              -6.744437786744638
            ],
            [
              -38.96485498531572,
              -6.744210754310432
            ],
            [
              -38.96445577544564,
              -6.744021942103699
            ],
            [
              -38.96403998104765,
              -6.743873168489205
            ],
            [
              -38.96361160644907,
              -6.743765866238185
            ],
            [
              -38.963174777131485,
              -6.743701068729975
            ],
            [
              -38.9627337,
              -6.7436794
            ],
            [
              -38.96229262286852,
              -6.743701068729975
            ],
            [
              -38.96185579355093,
              -6.743765866238185
            ],
            [
              -38.961427418952354,
              -6.743873168489205
            ],
            [
              -38.96101162455436,
              -6.744021942103699
            ],
            [
              -38.960612414684284,
              -6.744210754310432
            ],
            [
              -38.96023363395141,
              -6.744437786744638
            ],
            [
              -38.959878930221265,
              -6.744700852959867
            ],
            [
              -38.959551719484665,
              -6.74499741948466
            ],
            [
              -38.95925515295987,
              -6.745324630221264
            ],
            [
              -38.95899208674464,
              -6.745679333951411
            ],
            [
              -38.95876505431043,
              -6.746058114684283
            ],
            [
              -38.9585762421037,
              -6.746457324554357
            ],
            [
              -38.958427468489205,
              -6.746873118952355
            ],
            [
              -38.95832016623819,
              -6.747301493550927
            ],
            [
              -38.95825536872998,
              -6.747738322868517
            ],
            [
              -38.9582337,
              -6.7481794
            ]
          ]
        ]
      }
    },
    {
      "type": "Feature",
      "properties": {
        "id": "BARROSO_Z2",
        "bairro": "BARROSO",
        "indice_risco": 54.3,
        "rank": 12,
        "status": "MODERADO",
        "natureza": "CV",
        "gap_index": 10.0,
        "is_macro": false,
        "is_elite": true,
        "raio": "500m"
      },
      "geometry": {
        "type": "Polygon",
        "coordinates": [
          [
            [
              -38.5008493,
              -3.8229699
            ],
            [
              -38.50087096872998,
              -3.823410977131483
            ],
            [
              -38.500935766238186,
              -3.823847806449073
            ],
            [
              -38.5010430684892,
              -3.824276181047645
            ],
            [
              -38.5011918421037,
              -3.824691975445643
            ],
            [
              -38.50138065431043,
              -3.825091185315717
            ],
            [
              -38.501607686744634,
              -3.825469966048588
            ],
            [
              -38.50187075295987,
              -3.825824669778736
            ],
            [
              -38.50216731948466,
              -3.826151880515339
            ],
            [
              -38.50249453022126,
              -3.826448447040132
            ],
            [
              -38.50284923395141,
              -3.826711513255361
            ],
            [
              -38.50322801468428,
              -3.826938545689567
            ],
            [
              -38.50362722455436,
              -3.827127357896301
            ],
            [
              -38.50404301895235,
              -3.827276131510795
            ],
            [
              -38.50447139355093,
              -3.827383433761815
            ],
            [
              -38.504908222868515,
              -3.827448231270025
            ],
            [
              -38.5053493,
              -3.8274699
            ],
            [
              -38.50579037713148,
              -3.827448231270025
            ],
            [
              -38.50622720644907,
              -3.827383433761815
            ],
            [
              -38.506655581047646,
              -3.827276131510795
            ],
            [
              -38.50707137544564,
              -3.827127357896301
            ],
            [
              -38.507470585315716,
              -3.826938545689567
            ],
            [
              -38.50784936604859,
              -3.826711513255361
            ],
            [
              -38.508204069778735,
              -3.826448447040132
            ],
            [
              -38.508531280515335,
              -3.826151880515339
            ],
            [
              -38.50882784704013,
              -3.825824669778736
            ],
            [
              -38.50909091325536,
              -3.825469966048588
            ],
            [
              -38.50931794568957,
              -3.825091185315717
            ],
            [
              -38.5095067578963,
              -3.824691975445643
            ],
            [
              -38.509655531510795,
              -3.824276181047645
            ],
            [
              -38.50976283376181,
              -3.823847806449073
            ],
            [
              -38.50982763127002,
              -3.823410977131483
            ],
            [
              -38.5098493,
              -3.8229699
            ],
            [
              -38.50982763127002,
              -3.822528822868517
            ],
            [
              -38.50976283376181,
              -3.822091993550927
            ],
            [
              -38.509655531510795,
              -3.821663618952355
            ],
            [
              -38.5095067578963,
              -3.821247824554357
            ],
            [
              -38.50931794568957,
              -3.820848614684283
            ],
            [
              -38.50909091325536,
              -3.820469833951412
            ],
            [
              -38.50882784704013,
              -3.820115130221263
            ],
            [
              -38.508531280515335,
              -3.819787919484661
            ],
            [
              -38.508204069778735,
              -3.819491352959868
            ],
            [
              -38.50784936604859,
              -3.819228286744639
            ],
            [
              -38.507470585315716,
              -3.819001254310432
            ],
            [
              -38.50707137544564,
              -3.818812442103699
            ],
            [
              -38.506655581047646,
              -3.818663668489205
            ],
            [
              -38.50622720644907,
              -3.818556366238185
            ],
            [
              -38.50579037713148,
              -3.818491568729975
            ],
            [
              -38.5053493,
              -3.8184699
            ],
            [
              -38.504908222868515,
              -3.818491568729975
            ],
            [
              -38.50447139355093,
              -3.818556366238185
            ],
            [
              -38.50404301895235,
              -3.818663668489205
            ],
            [
              -38.50362722455436,
              -3.818812442103699
            ],
            [
              -38.50322801468428,
              -3.819001254310432
            ],
            [
              -38.50284923395141,
              -3.819228286744639
            ],
            [
              -38.50249453022126,
              -3.819491352959868
            ],
            [
              -38.50216731948466,
              -3.819787919484661
            ],
            [
              -38.50187075295987,
              -3.820115130221263
            ],
            [
              -38.501607686744634,
              -3.820469833951412
            ],
            [
              -38.50138065431043,
              -3.820848614684283
            ],
            [
              -38.5011918421037,
              -3.821247824554357
            ],
            [
              -38.5010430684892,
              -3.821663618952355
            ],
            [
              -38.500935766238186,
              -3.822091993550927
            ],
            [
              -38.50087096872998,
              -3.822528822868517
            ],
            [
              -38.5008493,
              -3.8229699
            ]
          ]
        ]
      }
    },
    {
      "type": "Feature",
      "properties": {
        "id": "CHAVAL_Z1",
        "bairro": "CHAVAL",
        "indice_risco": 40.7,
        "rank": 13,
        "status": "MODERADO",
        "natureza": "MASSA",
        "gap_index": 10.0,
        "is_macro": false,
        "is_elite": true,
        "raio": "500m"
      },
      "geometry": {
        "type": "Polygon",
        "coordinates": [
          [
            [
              -41.1636332,
              -3.1282123
            ],
            [
              -41.16365486872998,
              -3.128653377131483
            ],
            [
              -41.16371966623819,
              -3.129090206449073
            ],
            [
              -41.163826968489204,
              -3.129518581047645
            ],
            [
              -41.1639757421037,
              -3.129934375445643
            ],
            [
              -41.16416455431043,
              -3.130333585315717
            ],
            [
              -41.164391586744635,
              -3.130712366048588
            ],
            [
              -41.16465465295987,
              -3.131067069778736
            ],
            [
              -41.164951219484664,
              -3.131394280515339
            ],
            [
              -41.165278430221264,
              -3.131690847040132
            ],
            [
              -41.16563313395141,
              -3.131953913255361
            ],
            [
              -41.16601191468428,
              -3.132180945689568
            ],
            [
              -41.16641112455436,
              -3.132369757896301
            ],
            [
              -41.16682691895235,
              -3.132518531510795
            ],
            [
              -41.16725529355093,
              -3.132625833761815
            ],
            [
              -41.167692122868516,
              -3.132690631270025
            ],
            [
              -41.1681332,
              -3.1327123
            ],
            [
              -41.16857427713148,
              -3.132690631270025
            ],
            [
              -41.16901110644907,
              -3.132625833761815
            ],
            [
              -41.16943948104765,
              -3.132518531510795
            ],
            [
              -41.16985527544564,
              -3.132369757896301
            ],
            [
              -41.170254485315716,
              -3.132180945689568
            ],
            [
              -41.17063326604859,
              -3.131953913255361
            ],
            [
              -41.170987969778736,
              -3.131690847040132
            ],
            [
              -41.171315180515336,
              -3.131394280515339
            ],
            [
              -41.17161174704013,
              -3.131067069778736
            ],
            [
              -41.171874813255364,
              -3.130712366048588
            ],
            [
              -41.17210184568957,
              -3.130333585315717
            ],
            [
              -41.1722906578963,
              -3.129934375445643
            ],
            [
              -41.172439431510796,
              -3.129518581047645
            ],
            [
              -41.17254673376181,
              -3.129090206449073
            ],
            [
              -41.17261153127002,
              -3.128653377131483
            ],
            [
              -41.1726332,
              -3.1282123
            ],
            [
              -41.17261153127002,
              -3.127771222868517
            ],
            [
              -41.17254673376181,
              -3.127334393550927
            ],
            [
              -41.172439431510796,
              -3.126906018952355
            ],
            [
              -41.1722906578963,
              -3.126490224554357
            ],
            [
              -41.17210184568957,
              -3.126091014684283
            ],
            [
              -41.171874813255364,
              -3.125712233951412
            ],
            [
              -41.17161174704013,
              -3.125357530221264
            ],
            [
              -41.171315180515336,
              -3.125030319484661
            ],
            [
              -41.170987969778736,
              -3.124733752959868
            ],
            [
              -41.17063326604859,
              -3.124470686744639
            ],
            [
              -41.170254485315716,
              -3.124243654310432
            ],
            [
              -41.16985527544564,
              -3.124054842103699
            ],
            [
              -41.16943948104765,
              -3.123906068489205
            ],
            [
              -41.16901110644907,
              -3.123798766238185
            ],
            [
              -41.16857427713148,
              -3.123733968729975
            ],
            [
              -41.1681332,
              -3.1237123
            ],
            [
              -41.167692122868516,
              -3.123733968729975
            ],
            [
              -41.16725529355093,
              -3.123798766238185
            ],
            [
              -41.16682691895235,
              -3.123906068489205
            ],
            [
              -41.16641112455436,
              -3.124054842103699
            ],
            [
              -41.16601191468428,
              -3.124243654310432
            ],
            [
              -41.16563313395141,
              -3.124470686744639
            ],
            [
              -41.165278430221264,
              -3.124733752959868
            ],
            [
              -41.164951219484664,
              -3.125030319484661
            ],
            [
              -41.16465465295987,
              -3.125357530221264
            ],
            [
              -41.164391586744635,
              -3.125712233951412
            ],
            [
              -41.16416455431043,
              -3.126091014684283
            ],
            [
              -41.1639757421037,
              -3.126490224554357
            ],
            [
              -41.163826968489204,
              -3.126906018952355
            ],
            [
              -41.16371966623819,
              -3.127334393550927
            ],
            [
              -41.16365486872998,
              -3.127771222868517
            ],
            [
              -41.1636332,
              -3.1282123
            ]
          ]
        ]
      }
    },
    {
      "type": "Feature",
      "properties": {
        "id": "SAO LUIS DO CURU_Z3",
        "bairro": "SAO LUIS DO CURU",
        "indice_risco": 40.7,
        "rank": 14,
        "status": "MODERADO",
        "natureza": "CV",
        "gap_index": 10.0,
        "is_macro": false,
        "is_elite": true,
        "raio": "500m"
      },
      "geometry": {
        "type": "Polygon",
        "coordinates": [
          [
            [
              -39.2333694,
              -3.6691119
            ],
            [
              -39.23339106872998,
              -3.669552977131483
            ],
            [
              -39.23345586623819,
              -3.669989806449073
            ],
            [
              -39.233563168489205,
              -3.670418181047645
            ],
            [
              -39.2337119421037,
              -3.670833975445643
            ],
            [
              -39.23390075431043,
              -3.671233185315717
            ],
            [
              -39.23412778674464,
              -3.671611966048588
            ],
            [
              -39.23439085295987,
              -3.671966669778736
            ],
            [
              -39.234687419484665,
              -3.672293880515339
            ],
            [
              -39.235014630221265,
              -3.672590447040132
            ],
            [
              -39.23536933395141,
              -3.672853513255361
            ],
            [
              -39.235748114684284,
              -3.673080545689567
            ],
            [
              -39.23614732455436,
              -3.6732693578963
            ],
            [
              -39.236563118952354,
              -3.673418131510795
            ],
            [
              -39.23699149355093,
              -3.673525433761815
            ],
            [
              -39.23742832286852,
              -3.673590231270025
            ],
            [
              -39.2378694,
              -3.6736119
            ],
            [
              -39.238310477131485,
              -3.673590231270025
            ],
            [
              -39.23874730644907,
              -3.673525433761815
            ],
            [
              -39.23917568104765,
              -3.673418131510795
            ],
            [
              -39.23959147544564,
              -3.6732693578963
            ],
            [
              -39.23999068531572,
              -3.673080545689567
            ],
            [
              -39.24036946604859,
              -3.672853513255361
            ],
            [
              -39.24072416977874,
              -3.672590447040132
            ],
            [
              -39.24105138051534,
              -3.672293880515339
            ],
            [
              -39.24134794704013,
              -3.671966669778736
            ],
            [
              -39.241611013255365,
              -3.671611966048588
            ],
            [
              -39.24183804568957,
              -3.671233185315717
            ],
            [
              -39.2420268578963,
              -3.670833975445643
            ],
            [
              -39.2421756315108,
              -3.670418181047645
            ],
            [
              -39.242282933761814,
              -3.669989806449073
            ],
            [
              -39.24234773127002,
              -3.669552977131483
            ],
            [
              -39.2423694,
              -3.6691119
            ],
            [
              -39.24234773127002,
              -3.668670822868517
            ],
            [
              -39.242282933761814,
              -3.668233993550927
            ],
            [
              -39.2421756315108,
              -3.667805618952355
            ],
            [
              -39.2420268578963,
              -3.667389824554357
            ],
            [
              -39.24183804568957,
              -3.666990614684283
            ],
            [
              -39.241611013255365,
              -3.666611833951412
            ],
            [
              -39.24134794704013,
              -3.666257130221263
            ],
            [
              -39.24105138051534,
              -3.665929919484661
            ],
            [
              -39.24072416977874,
              -3.665633352959868
            ],
            [
              -39.24036946604859,
              -3.665370286744638
            ],
            [
              -39.23999068531572,
              -3.665143254310432
            ],
            [
              -39.23959147544564,
              -3.664954442103699
            ],
            [
              -39.23917568104765,
              -3.664805668489205
            ],
            [
              -39.23874730644907,
              -3.664698366238185
            ],
            [
              -39.238310477131485,
              -3.664633568729975
            ],
            [
              -39.2378694,
              -3.6646119
            ],
            [
              -39.23742832286852,
              -3.664633568729975
            ],
            [
              -39.23699149355093,
              -3.664698366238185
            ],
            [
              -39.236563118952354,
              -3.664805668489205
            ],
            [
              -39.23614732455436,
              -3.664954442103699
            ],
            [
              -39.235748114684284,
              -3.665143254310432
            ],
            [
              -39.23536933395141,
              -3.665370286744638
            ],
            [
              -39.235014630221265,
              -3.665633352959868
            ],
            [
              -39.234687419484665,
              -3.665929919484661
            ],
            [
              -39.23439085295987,
              -3.666257130221263
            ],
            [
              -39.23412778674464,
              -3.666611833951412
            ],
            [
              -39.23390075431043,
              -3.666990614684283
            ],
            [
              -39.2337119421037,
              -3.667389824554357
            ],
            [
              -39.233563168489205,
              -3.667805618952355
            ],
            [
              -39.23345586623819,
              -3.668233993550927
            ],
            [
              -39.23339106872998,
              -3.668670822868517
            ],
            [
              -39.2333694,
              -3.6691119
            ]
          ]
        ]
      }
    },
    {
      "type": "Feature",
      "properties": {
        "id": "SAO LUIS DO CURU_Z1",
        "bairro": "SAO LUIS DO CURU",
        "indice_risco": 40.7,
        "rank": 15,
        "status": "MODERADO",
        "natureza": "CV",
        "gap_index": 10.0,
        "is_macro": false,
        "is_elite": true,
        "raio": "500m"
      },
      "geometry": {
        "type": "Polygon",
        "coordinates": [
          [
            [
              -39.2373042,
              -3.6695683
            ],
            [
              -39.237325868729975,
              -3.670009377131483
            ],
            [
              -39.237390666238184,
              -3.670446206449073
            ],
            [
              -39.2374979684892,
              -3.670874581047645
            ],
            [
              -39.2376467421037,
              -3.671290375445643
            ],
            [
              -39.23783555431043,
              -3.671689585315717
            ],
            [
              -39.23806258674463,
              -3.672068366048588
            ],
            [
              -39.238325652959865,
              -3.672423069778736
            ],
            [
              -39.23862221948466,
              -3.672750280515339
            ],
            [
              -39.23894943022126,
              -3.673046847040132
            ],
            [
              -39.23930413395141,
              -3.673309913255361
            ],
            [
              -39.23968291468428,
              -3.673536945689567
            ],
            [
              -39.240082124554355,
              -3.673725757896301
            ],
            [
              -39.24049791895235,
              -3.673874531510795
            ],
            [
              -39.24092629355093,
              -3.673981833761815
            ],
            [
              -39.24136312286851,
              -3.674046631270025
            ],
            [
              -39.2418042,
              -3.6740683
            ],
            [
              -39.24224527713148,
              -3.674046631270025
            ],
            [
              -39.24268210644907,
              -3.673981833761815
            ],
            [
              -39.243110481047644,
              -3.673874531510795
            ],
            [
              -39.24352627544564,
              -3.673725757896301
            ],
            [
              -39.243925485315714,
              -3.673536945689567
            ],
            [
              -39.24430426604859,
              -3.673309913255361
            ],
            [
              -39.24465896977873,
              -3.673046847040132
            ],
            [
              -39.24498618051533,
              -3.672750280515339
            ],
            [
              -39.24528274704013,
              -3.672423069778736
            ],
            [
              -39.24554581325536,
              -3.672068366048588
            ],
            [
              -39.245772845689565,
              -3.671689585315717
            ],
            [
              -39.245961657896295,
              -3.671290375445643
            ],
            [
              -39.24611043151079,
              -3.670874581047645
            ],
            [
              -39.24621773376181,
              -3.670446206449073
            ],
            [
              -39.24628253127002,
              -3.670009377131483
            ],
            [
              -39.2463042,
              -3.6695683
            ],
            [
              -39.24628253127002,
              -3.669127222868517
            ],
            [
              -39.24621773376181,
              -3.668690393550927
            ],
            [
              -39.24611043151079,
              -3.668262018952355
            ],
            [
              -39.245961657896295,
              -3.667846224554357
            ],
            [
              -39.245772845689565,
              -3.667447014684283
            ],
            [
              -39.24554581325536,
              -3.667068233951412
            ],
            [
              -39.24528274704013,
              -3.666713530221263
            ],
            [
              -39.24498618051533,
              -3.666386319484661
            ],
            [
              -39.24465896977873,
              -3.666089752959868
            ],
            [
              -39.24430426604859,
              -3.665826686744639
            ],
            [
              -39.243925485315714,
              -3.665599654310432
            ],
            [
              -39.24352627544564,
              -3.665410842103699
            ],
            [
              -39.243110481047644,
              -3.665262068489205
            ],
            [
              -39.24268210644907,
              -3.665154766238185
            ],
            [
              -39.24224527713148,
              -3.665089968729975
            ],
            [
              -39.2418042,
              -3.6650683
            ],
            [
              -39.24136312286851,
              -3.665089968729975
            ],
            [
              -39.24092629355093,
              -3.665154766238185
            ],
            [
              -39.24049791895235,
              -3.665262068489205
            ],
            [
              -39.240082124554355,
              -3.665410842103699
            ],
            [
              -39.23968291468428,
              -3.665599654310432
            ],
            [
              -39.23930413395141,
              -3.665826686744639
            ],
            [
              -39.23894943022126,
              -3.666089752959868
            ],
            [
              -39.23862221948466,
              -3.666386319484661
            ],
            [
              -39.238325652959865,
              -3.666713530221263
            ],
            [
              -39.23806258674463,
              -3.667068233951412
            ],
            [
              -39.23783555431043,
              -3.667447014684283
            ],
            [
              -39.2376467421037,
              -3.667846224554357
            ],
            [
              -39.2374979684892,
              -3.668262018952355
            ],
            [
              -39.237390666238184,
              -3.668690393550927
            ],
            [
              -39.237325868729975,
              -3.669127222868517
            ],
            [
              -39.2373042,
              -3.6695683
            ]
          ]
        ]
      }
    },
    {
      "type": "Feature",
      "properties": {
        "id": "SAO LUIS DO CURU_Z2",
        "bairro": "SAO LUIS DO CURU",
        "indice_risco": 40.7,
        "rank": 16,
        "status": "MODERADO",
        "natureza": "CV",
        "gap_index": 10.0,
        "is_macro": false,
        "is_elite": true,
        "raio": "500m"
      },
      "geometry": {
        "type": "Polygon",
        "coordinates": [
          [
            [
              -39.2359254,
              -3.6690102
            ],
            [
              -39.23594706872998,
              -3.669451277131483
            ],
            [
              -39.23601186623819,
              -3.669888106449073
            ],
            [
              -39.2361191684892,
              -3.670316481047645
            ],
            [
              -39.2362679421037,
              -3.670732275445643
            ],
            [
              -39.23645675431043,
              -3.671131485315717
            ],
            [
              -39.236683786744635,
              -3.671510266048589
            ],
            [
              -39.23694685295987,
              -3.671864969778737
            ],
            [
              -39.23724341948466,
              -3.672192180515339
            ],
            [
              -39.23757063022126,
              -3.672488747040132
            ],
            [
              -39.23792533395141,
              -3.672751813255362
            ],
            [
              -39.23830411468428,
              -3.672978845689568
            ],
            [
              -39.23870332455436,
              -3.673167657896301
            ],
            [
              -39.23911911895235,
              -3.673316431510795
            ],
            [
              -39.23954749355093,
              -3.673423733761815
            ],
            [
              -39.239984322868516,
              -3.673488531270025
            ],
            [
              -39.2404254,
              -3.6735102
            ],
            [
              -39.24086647713148,
              -3.673488531270025
            ],
            [
              -39.24130330644907,
              -3.673423733761815
            ],
            [
              -39.241731681047646,
              -3.673316431510795
            ],
            [
              -39.24214747544564,
              -3.673167657896301
            ],
            [
              -39.242546685315716,
              -3.672978845689568
            ],
            [
              -39.24292546604859,
              -3.672751813255362
            ],
            [
              -39.243280169778735,
              -3.672488747040132
            ],
            [
              -39.243607380515336,
              -3.672192180515339
            ],
            [
              -39.24390394704013,
              -3.671864969778737
            ],
            [
              -39.244167013255364,
              -3.671510266048589
            ],
            [
              -39.24439404568957,
              -3.671131485315717
            ],
            [
              -39.2445828578963,
              -3.670732275445643
            ],
            [
              -39.244731631510795,
              -3.670316481047645
            ],
            [
              -39.24483893376181,
              -3.669888106449073
            ],
            [
              -39.24490373127002,
              -3.669451277131483
            ],
            [
              -39.2449254,
              -3.6690102
            ],
            [
              -39.24490373127002,
              -3.668569122868517
            ],
            [
              -39.24483893376181,
              -3.668132293550928
            ],
            [
              -39.244731631510795,
              -3.667703918952355
            ],
            [
              -39.2445828578963,
              -3.667288124554357
            ],
            [
              -39.24439404568957,
              -3.666888914684283
            ],
            [
              -39.244167013255364,
              -3.666510133951412
            ],
            [
              -39.24390394704013,
              -3.666155430221264
            ],
            [
              -39.243607380515336,
              -3.665828219484661
            ],
            [
              -39.243280169778735,
              -3.665531652959868
            ],
            [
              -39.24292546604859,
              -3.665268586744639
            ],
            [
              -39.242546685315716,
              -3.665041554310433
            ],
            [
              -39.24214747544564,
              -3.6648527421037
            ],
            [
              -39.241731681047646,
              -3.664703968489205
            ],
            [
              -39.24130330644907,
              -3.664596666238185
            ],
            [
              -39.24086647713148,
              -3.664531868729975
            ],
            [
              -39.2404254,
              -3.6645102
            ],
            [
              -39.239984322868516,
              -3.664531868729975
            ],
            [
              -39.23954749355093,
              -3.664596666238185
            ],
            [
              -39.23911911895235,
              -3.664703968489205
            ],
            [
              -39.23870332455436,
              -3.6648527421037
            ],
            [
              -39.23830411468428,
              -3.665041554310433
            ],
            [
              -39.23792533395141,
              -3.665268586744639
            ],
            [
              -39.23757063022126,
              -3.665531652959868
            ],
            [
              -39.23724341948466,
              -3.665828219484661
            ],
            [
              -39.23694685295987,
              -3.666155430221264
            ],
            [
              -39.236683786744635,
              -3.666510133951412
            ],
            [
              -39.23645675431043,
              -3.666888914684283
            ],
            [
              -39.2362679421037,
              -3.667288124554357
            ],
            [
              -39.2361191684892,
              -3.667703918952355
            ],
            [
              -39.23601186623819,
              -3.668132293550928
            ],
            [
              -39.23594706872998,
              -3.668569122868517
            ],
            [
              -39.2359254,
              -3.6690102
            ]
          ]
        ]
      }
    },
    {
      "type": "Feature",
      "properties": {
        "id": "BOM JARDIM_Z1",
        "bairro": "BOM JARDIM",
        "indice_risco": 40.7,
        "rank": 17,
        "status": "MODERADO",
        "natureza": "CV",
        "gap_index": 10.0,
        "is_macro": false,
        "is_elite": true,
        "raio": "500m"
      },
      "geometry": {
        "type": "Polygon",
        "coordinates": [
          [
            [
              -38.6020522,
              -3.7881142
            ],
            [
              -38.60207386872998,
              -3.788555277131483
            ],
            [
              -38.60213866623819,
              -3.788992106449073
            ],
            [
              -38.60224596848921,
              -3.789420481047645
            ],
            [
              -38.602394742103705,
              -3.789836275445643
            ],
            [
              -38.602583554310435,
              -3.790235485315717
            ],
            [
              -38.60281058674464,
              -3.790614266048588
            ],
            [
              -38.60307365295987,
              -3.790968969778736
            ],
            [
              -38.60337021948467,
              -3.791296180515339
            ],
            [
              -38.60369743022127,
              -3.791592747040132
            ],
            [
              -38.60405213395141,
              -3.791855813255361
            ],
            [
              -38.604430914684286,
              -3.792082845689567
            ],
            [
              -38.60483012455436,
              -3.7922716578963
            ],
            [
              -38.605245918952356,
              -3.792420431510795
            ],
            [
              -38.60567429355093,
              -3.792527733761815
            ],
            [
              -38.60611112286852,
              -3.792592531270025
            ],
            [
              -38.6065522,
              -3.7926142
            ],
            [
              -38.60699327713149,
              -3.792592531270025
            ],
            [
              -38.60743010644907,
              -3.792527733761815
            ],
            [
              -38.60785848104765,
              -3.792420431510795
            ],
            [
              -38.608274275445645,
              -3.7922716578963
            ],
            [
              -38.60867348531572,
              -3.792082845689567
            ],
            [
              -38.60905226604859,
              -3.791855813255361
            ],
            [
              -38.60940696977874,
              -3.791592747040132
            ],
            [
              -38.60973418051534,
              -3.791296180515339
            ],
            [
              -38.610030747040135,
              -3.790968969778736
            ],
            [
              -38.61029381325537,
              -3.790614266048588
            ],
            [
              -38.61052084568957,
              -3.790235485315717
            ],
            [
              -38.6107096578963,
              -3.789836275445643
            ],
            [
              -38.6108584315108,
              -3.789420481047645
            ],
            [
              -38.610965733761816,
              -3.788992106449073
            ],
            [
              -38.611030531270025,
              -3.788555277131483
            ],
            [
              -38.6110522,
              -3.7881142
            ],
            [
              -38.611030531270025,
              -3.787673122868517
            ],
            [
              -38.610965733761816,
              -3.787236293550927
            ],
            [
              -38.6108584315108,
              -3.786807918952355
            ],
            [
              -38.6107096578963,
              -3.786392124554357
            ],
            [
              -38.61052084568957,
              -3.785992914684283
            ],
            [
              -38.61029381325537,
              -3.785614133951412
            ],
            [
              -38.610030747040135,
              -3.785259430221263
            ],
            [
              -38.60973418051534,
              -3.784932219484661
            ],
            [
              -38.60940696977874,
              -3.784635652959868
            ],
            [
              -38.60905226604859,
              -3.784372586744639
            ],
            [
              -38.60867348531572,
              -3.784145554310432
            ],
            [
              -38.608274275445645,
              -3.783956742103699
            ],
            [
              -38.60785848104765,
              -3.783807968489205
            ],
            [
              -38.60743010644907,
              -3.783700666238185
            ],
            [
              -38.60699327713149,
              -3.783635868729975
            ],
            [
              -38.6065522,
              -3.7836142
            ],
            [
              -38.60611112286852,
              -3.783635868729975
            ],
            [
              -38.60567429355093,
              -3.783700666238185
            ],
            [
              -38.605245918952356,
              -3.783807968489205
            ],
            [
              -38.60483012455436,
              -3.783956742103699
            ],
            [
              -38.604430914684286,
              -3.784145554310432
            ],
            [
              -38.60405213395141,
              -3.784372586744639
            ],
            [
              -38.60369743022127,
              -3.784635652959868
            ],
            [
              -38.60337021948467,
              -3.784932219484661
            ],
            [
              -38.60307365295987,
              -3.785259430221263
            ],
            [
              -38.60281058674464,
              -3.785614133951412
            ],
            [
              -38.602583554310435,
              -3.785992914684283
            ],
            [
              -38.602394742103705,
              -3.786392124554357
            ],
            [
              -38.60224596848921,
              -3.786807918952355
            ],
            [
              -38.60213866623819,
              -3.787236293550927
            ],
            [
              -38.60207386872998,
              -3.787673122868517
            ],
            [
              -38.6020522,
              -3.7881142
            ]
          ]
        ]
      }
    },
    {
      "type": "Feature",
      "properties": {
        "id": "IRACEMA_Z1",
        "bairro": "IRACEMA",
        "indice_risco": 40.7,
        "rank": 18,
        "status": "MODERADO",
        "natureza": "TCP/GDE",
        "gap_index": 10.0,
        "is_macro": false,
        "is_elite": true,
        "raio": "500m"
      },
      "geometry": {
        "type": "Polygon",
        "coordinates": [
          [
            [
              -38.3006951,
              -5.8138841
            ],
            [
              -38.30071676872998,
              -5.814325177131483
            ],
            [
              -38.300781566238186,
              -5.814762006449072
            ],
            [
              -38.3008888684892,
              -5.815190381047645
            ],
            [
              -38.3010376421037,
              -5.815606175445643
            ],
            [
              -38.30122645431043,
              -5.816005385315717
            ],
            [
              -38.301453486744634,
              -5.816384166048588
            ],
            [
              -38.30171655295987,
              -5.816738869778736
            ],
            [
              -38.30201311948466,
              -5.81706608051534
            ],
            [
              -38.30234033022126,
              -5.817362647040133
            ],
            [
              -38.30269503395141,
              -5.817625713255362
            ],
            [
              -38.30307381468428,
              -5.817852745689568
            ],
            [
              -38.30347302455436,
              -5.818041557896301
            ],
            [
              -38.30388881895235,
              -5.818190331510795
            ],
            [
              -38.30431719355093,
              -5.818297633761815
            ],
            [
              -38.304754022868515,
              -5.818362431270025
            ],
            [
              -38.3051951,
              -5.8183841
            ],
            [
              -38.30563617713148,
              -5.818362431270025
            ],
            [
              -38.30607300644907,
              -5.818297633761815
            ],
            [
              -38.306501381047646,
              -5.818190331510795
            ],
            [
              -38.30691717544564,
              -5.818041557896301
            ],
            [
              -38.307316385315715,
              -5.817852745689568
            ],
            [
              -38.30769516604859,
              -5.817625713255362
            ],
            [
              -38.308049869778735,
              -5.817362647040133
            ],
            [
              -38.308377080515335,
              -5.81706608051534
            ],
            [
              -38.30867364704013,
              -5.816738869778736
            ],
            [
              -38.30893671325536,
              -5.816384166048588
            ],
            [
              -38.30916374568957,
              -5.816005385315717
            ],
            [
              -38.3093525578963,
              -5.815606175445643
            ],
            [
              -38.309501331510795,
              -5.815190381047645
            ],
            [
              -38.30960863376181,
              -5.814762006449072
            ],
            [
              -38.30967343127002,
              -5.814325177131483
            ],
            [
              -38.3096951,
              -5.8138841
            ],
            [
              -38.30967343127002,
              -5.813443022868517
            ],
            [
              -38.30960863376181,
              -5.813006193550928
            ],
            [
              -38.309501331510795,
              -5.812577818952355
            ],
            [
              -38.3093525578963,
              -5.812162024554357
            ],
            [
              -38.30916374568957,
              -5.811762814684283
            ],
            [
              -38.30893671325536,
              -5.811384033951412
            ],
            [
              -38.30867364704013,
              -5.811029330221264
            ],
            [
              -38.308377080515335,
              -5.81070211948466
            ],
            [
              -38.308049869778735,
              -5.810405552959867
            ],
            [
              -38.30769516604859,
              -5.810142486744638
            ],
            [
              -38.307316385315715,
              -5.809915454310432
            ],
            [
              -38.30691717544564,
              -5.809726642103699
            ],
            [
              -38.306501381047646,
              -5.809577868489205
            ],
            [
              -38.30607300644907,
              -5.809470566238185
            ],
            [
              -38.30563617713148,
              -5.809405768729976
            ],
            [
              -38.3051951,
              -5.8093841
            ],
            [
              -38.304754022868515,
              -5.809405768729976
            ],
            [
              -38.30431719355093,
              -5.809470566238185
            ],
            [
              -38.30388881895235,
              -5.809577868489205
            ],
            [
              -38.30347302455436,
              -5.809726642103699
            ],
            [
              -38.30307381468428,
              -5.809915454310432
            ],
            [
              -38.30269503395141,
              -5.810142486744638
            ],
            [
              -38.30234033022126,
              -5.810405552959867
            ],
            [
              -38.30201311948466,
              -5.81070211948466
            ],
            [
              -38.30171655295987,
              -5.811029330221264
            ],
            [
              -38.301453486744634,
              -5.811384033951412
            ],
            [
              -38.30122645431043,
              -5.811762814684283
            ],
            [
              -38.3010376421037,
              -5.812162024554357
            ],
            [
              -38.3008888684892,
              -5.812577818952355
            ],
            [
              -38.300781566238186,
              -5.813006193550928
            ],
            [
              -38.30071676872998,
              -5.813443022868517
            ],
            [
              -38.3006951,
              -5.8138841
            ]
          ]
        ]
      }
    },
    {
      "type": "Feature",
      "properties": {
        "id": "ACOPIARA_Z1",
        "bairro": "ACOPIARA",
        "indice_risco": 40.7,
        "rank": 19,
        "status": "MODERADO",
        "natureza": "NEUTRO",
        "gap_index": 10.0,
        "is_macro": false,
        "is_elite": true,
        "raio": "500m"
      },
      "geometry": {
        "type": "Polygon",
        "coordinates": [
          [
            [
              -39.4486368,
              -6.0981467
            ],
            [
              -39.44865846872998,
              -6.098587777131483
            ],
            [
              -39.44872326623819,
              -6.099024606449072
            ],
            [
              -39.44883056848921,
              -6.099452981047645
            ],
            [
              -39.448979342103705,
              -6.099868775445643
            ],
            [
              -39.449168154310435,
              -6.100267985315717
            ],
            [
              -39.44939518674464,
              -6.100646766048588
            ],
            [
              -39.44965825295987,
              -6.101001469778736
            ],
            [
              -39.44995481948467,
              -6.10132868051534
            ],
            [
              -39.45028203022127,
              -6.101625247040133
            ],
            [
              -39.45063673395141,
              -6.101888313255362
            ],
            [
              -39.451015514684286,
              -6.102115345689568
            ],
            [
              -39.45141472455436,
              -6.102304157896301
            ],
            [
              -39.451830518952356,
              -6.102452931510795
            ],
            [
              -39.45225889355093,
              -6.102560233761815
            ],
            [
              -39.45269572286852,
              -6.102625031270025
            ],
            [
              -39.4531368,
              -6.1026467
            ],
            [
              -39.45357787713149,
              -6.102625031270025
            ],
            [
              -39.45401470644907,
              -6.102560233761815
            ],
            [
              -39.45444308104765,
              -6.102452931510795
            ],
            [
              -39.454858875445645,
              -6.102304157896301
            ],
            [
              -39.45525808531572,
              -6.102115345689568
            ],
            [
              -39.45563686604859,
              -6.101888313255362
            ],
            [
              -39.45599156977874,
              -6.101625247040133
            ],
            [
              -39.45631878051534,
              -6.10132868051534
            ],
            [
              -39.456615347040135,
              -6.101001469778736
            ],
            [
              -39.45687841325537,
              -6.100646766048588
            ],
            [
              -39.45710544568957,
              -6.100267985315717
            ],
            [
              -39.4572942578963,
              -6.099868775445643
            ],
            [
              -39.4574430315108,
              -6.099452981047645
            ],
            [
              -39.457550333761816,
              -6.099024606449072
            ],
            [
              -39.457615131270025,
              -6.098587777131483
            ],
            [
              -39.4576368,
              -6.0981467
            ],
            [
              -39.457615131270025,
              -6.097705622868517
            ],
            [
              -39.457550333761816,
              -6.097268793550928
            ],
            [
              -39.4574430315108,
              -6.096840418952355
            ],
            [
              -39.4572942578963,
              -6.096424624554357
            ],
            [
              -39.45710544568957,
              -6.096025414684283
            ],
            [
              -39.45687841325537,
              -6.095646633951412
            ],
            [
              -39.456615347040135,
              -6.095291930221264
            ],
            [
              -39.45631878051534,
              -6.09496471948466
            ],
            [
              -39.45599156977874,
              -6.094668152959867
            ],
            [
              -39.45563686604859,
              -6.094405086744638
            ],
            [
              -39.45525808531572,
              -6.094178054310432
            ],
            [
              -39.454858875445645,
              -6.093989242103699
            ],
            [
              -39.45444308104765,
              -6.093840468489205
            ],
            [
              -39.45401470644907,
              -6.093733166238185
            ],
            [
              -39.45357787713149,
              -6.093668368729976
            ],
            [
              -39.4531368,
              -6.0936467
            ],
            [
              -39.45269572286852,
              -6.093668368729976
            ],
            [
              -39.45225889355093,
              -6.093733166238185
            ],
            [
              -39.451830518952356,
              -6.093840468489205
            ],
            [
              -39.45141472455436,
              -6.093989242103699
            ],
            [
              -39.451015514684286,
              -6.094178054310432
            ],
            [
              -39.45063673395141,
              -6.094405086744638
            ],
            [
              -39.45028203022127,
              -6.094668152959867
            ],
            [
              -39.44995481948467,
              -6.09496471948466
            ],
            [
              -39.44965825295987,
              -6.095291930221264
            ],
            [
              -39.44939518674464,
              -6.095646633951412
            ],
            [
              -39.449168154310435,
              -6.096025414684283
            ],
            [
              -39.448979342103705,
              -6.096424624554357
            ],
            [
              -39.44883056848921,
              -6.096840418952355
            ],
            [
              -39.44872326623819,
              -6.097268793550928
            ],
            [
              -39.44865846872998,
              -6.097705622868517
            ],
            [
              -39.4486368,
              -6.0981467
            ]
          ]
        ]
      }
    },
    {
      "type": "Feature",
      "properties": {
        "id": "ABAIARA_Z5",
        "bairro": "ABAIARA",
        "indice_risco": 40.7,
        "rank": 20,
        "status": "MODERADO",
        "natureza": "NEUTRO",
        "gap_index": 10.0,
        "is_macro": false,
        "is_elite": true,
        "raio": "500m"
      },
      "geometry": {
        "type": "Polygon",
        "coordinates": [
          [
            [
              -39.0475038,
              -7.3623517
            ],
            [
              -39.04752546872998,
              -7.362792777131483
            ],
            [
              -39.04759026623819,
              -7.363229606449072
            ],
            [
              -39.047697568489205,
              -7.363657981047645
            ],
            [
              -39.0478463421037,
              -7.364073775445642
            ],
            [
              -39.04803515431043,
              -7.364472985315716
            ],
            [
              -39.04826218674464,
              -7.364851766048588
            ],
            [
              -39.04852525295987,
              -7.365206469778736
            ],
            [
              -39.048821819484665,
              -7.365533680515339
            ],
            [
              -39.049149030221265,
              -7.365830247040132
            ],
            [
              -39.04950373395141,
              -7.366093313255361
            ],
            [
              -39.049882514684285,
              -7.366320345689568
            ],
            [
              -39.05028172455436,
              -7.3665091578963
            ],
            [
              -39.050697518952354,
              -7.366657931510795
            ],
            [
              -39.05112589355093,
              -7.366765233761814
            ],
            [
              -39.05156272286852,
              -7.366830031270024
            ],
            [
              -39.0520038,
              -7.3668517
            ],
            [
              -39.052444877131485,
              -7.366830031270024
            ],
            [
              -39.05288170644907,
              -7.366765233761814
            ],
            [
              -39.05331008104765,
              -7.366657931510795
            ],
            [
              -39.05372587544564,
              -7.3665091578963
            ],
            [
              -39.05412508531572,
              -7.366320345689568
            ],
            [
              -39.05450386604859,
              -7.366093313255361
            ],
            [
              -39.05485856977874,
              -7.365830247040132
            ],
            [
              -39.05518578051534,
              -7.365533680515339
            ],
            [
              -39.05548234704013,
              -7.365206469778736
            ],
            [
              -39.055745413255366,
              -7.364851766048588
            ],
            [
              -39.05597244568957,
              -7.364472985315716
            ],
            [
              -39.0561612578963,
              -7.364073775445642
            ],
            [
              -39.0563100315108,
              -7.363657981047645
            ],
            [
              -39.056417333761814,
              -7.363229606449072
            ],
            [
              -39.05648213127002,
              -7.362792777131483
            ],
            [
              -39.0565038,
              -7.3623517
            ],
            [
              -39.05648213127002,
              -7.361910622868517
            ],
            [
              -39.056417333761814,
              -7.361473793550927
            ],
            [
              -39.0563100315108,
              -7.361045418952354
            ],
            [
              -39.0561612578963,
              -7.360629624554357
            ],
            [
              -39.05597244568957,
              -7.360230414684283
            ],
            [
              -39.055745413255366,
              -7.359851633951411
            ],
            [
              -39.05548234704013,
              -7.359496930221264
            ],
            [
              -39.05518578051534,
              -7.35916971948466
            ],
            [
              -39.05485856977874,
              -7.358873152959867
            ],
            [
              -39.05450386604859,
              -7.358610086744638
            ],
            [
              -39.05412508531572,
              -7.358383054310432
            ],
            [
              -39.05372587544564,
              -7.358194242103699
            ],
            [
              -39.05331008104765,
              -7.358045468489204
            ],
            [
              -39.05288170644907,
              -7.357938166238185
            ],
            [
              -39.052444877131485,
              -7.357873368729975
            ],
            [
              -39.0520038,
              -7.3578517
            ],
            [
              -39.05156272286852,
              -7.357873368729975
            ],
            [
              -39.05112589355093,
              -7.357938166238185
            ],
            [
              -39.050697518952354,
              -7.358045468489204
            ],
            [
              -39.05028172455436,
              -7.358194242103699
            ],
            [
              -39.049882514684285,
              -7.358383054310432
            ],
            [
              -39.04950373395141,
              -7.358610086744638
            ],
            [
              -39.049149030221265,
              -7.358873152959867
            ],
            [
              -39.048821819484665,
              -7.35916971948466
            ],
            [
              -39.04852525295987,
              -7.359496930221264
            ],
            [
              -39.04826218674464,
              -7.359851633951411
            ],
            [
              -39.04803515431043,
              -7.360230414684283
            ],
            [
              -39.0478463421037,
              -7.360629624554357
            ],
            [
              -39.047697568489205,
              -7.361045418952354
            ],
            [
              -39.04759026623819,
              -7.361473793550927
            ],
            [
              -39.04752546872998,
              -7.361910622868517
            ],
            [
              -39.0475038,
              -7.3623517
            ]
          ]
        ]
      }
    },
    {
      "type": "Feature",
      "properties": {
        "id": "MIRAIMA_Z1",
        "bairro": "MIRAIMA",
        "indice_risco": 40.7,
        "rank": 21,
        "status": "MODERADO",
        "natureza": "CV",
        "gap_index": 10.0,
        "is_macro": false,
        "is_elite": true,
        "raio": "500m"
      },
      "geometry": {
        "type": "Polygon",
        "coordinates": [
          [
            [
              -39.960527,
              -3.5696506
            ],
            [
              -39.96054866872998,
              -3.570091677131483
            ],
            [
              -39.960613466238186,
              -3.570528506449073
            ],
            [
              -39.9607207684892,
              -3.570956881047645
            ],
            [
              -39.9608695421037,
              -3.571372675445643
            ],
            [
              -39.96105835431043,
              -3.571771885315717
            ],
            [
              -39.961285386744635,
              -3.572150666048588
            ],
            [
              -39.96154845295987,
              -3.572505369778737
            ],
            [
              -39.96184501948466,
              -3.572832580515339
            ],
            [
              -39.96217223022126,
              -3.573129147040132
            ],
            [
              -39.96252693395141,
              -3.573392213255361
            ],
            [
              -39.96290571468428,
              -3.573619245689568
            ],
            [
              -39.96330492455436,
              -3.573808057896301
            ],
            [
              -39.96372071895235,
              -3.573956831510795
            ],
            [
              -39.96414909355093,
              -3.574064133761815
            ],
            [
              -39.964585922868515,
              -3.574128931270025
            ],
            [
              -39.965027,
              -3.5741506
            ],
            [
              -39.96546807713148,
              -3.574128931270025
            ],
            [
              -39.96590490644907,
              -3.574064133761815
            ],
            [
              -39.966333281047646,
              -3.573956831510795
            ],
            [
              -39.96674907544564,
              -3.573808057896301
            ],
            [
              -39.967148285315716,
              -3.573619245689568
            ],
            [
              -39.96752706604859,
              -3.573392213255361
            ],
            [
              -39.967881769778735,
              -3.573129147040132
            ],
            [
              -39.968208980515335,
              -3.572832580515339
            ],
            [
              -39.96850554704013,
              -3.572505369778737
            ],
            [
              -39.968768613255364,
              -3.572150666048588
            ],
            [
              -39.96899564568957,
              -3.571771885315717
            ],
            [
              -39.9691844578963,
              -3.571372675445643
            ],
            [
              -39.969333231510795,
              -3.570956881047645
            ],
            [
              -39.96944053376181,
              -3.570528506449073
            ],
            [
              -39.96950533127002,
              -3.570091677131483
            ],
            [
              -39.969527,
              -3.5696506
            ],
            [
              -39.96950533127002,
              -3.569209522868517
            ],
            [
              -39.96944053376181,
              -3.568772693550927
            ],
            [
              -39.969333231510795,
              -3.568344318952355
            ],
            [
              -39.9691844578963,
              -3.567928524554357
            ],
            [
              -39.96899564568957,
              -3.567529314684283
            ],
            [
              -39.968768613255364,
              -3.567150533951412
            ],
            [
              -39.96850554704013,
              -3.566795830221264
            ],
            [
              -39.968208980515335,
              -3.566468619484661
            ],
            [
              -39.967881769778735,
              -3.566172052959868
            ],
            [
              -39.96752706604859,
              -3.565908986744639
            ],
            [
              -39.967148285315716,
              -3.565681954310433
            ],
            [
              -39.96674907544564,
              -3.565493142103699
            ],
            [
              -39.966333281047646,
              -3.565344368489205
            ],
            [
              -39.96590490644907,
              -3.565237066238185
            ],
            [
              -39.96546807713148,
              -3.565172268729975
            ],
            [
              -39.965027,
              -3.5651506
            ],
            [
              -39.964585922868515,
              -3.565172268729975
            ],
            [
              -39.96414909355093,
              -3.565237066238185
            ],
            [
              -39.96372071895235,
              -3.565344368489205
            ],
            [
              -39.96330492455436,
              -3.565493142103699
            ],
            [
              -39.96290571468428,
              -3.565681954310433
            ],
            [
              -39.96252693395141,
              -3.565908986744639
            ],
            [
              -39.96217223022126,
              -3.566172052959868
            ],
            [
              -39.96184501948466,
              -3.566468619484661
            ],
            [
              -39.96154845295987,
              -3.566795830221264
            ],
            [
              -39.961285386744635,
              -3.567150533951412
            ],
            [
              -39.96105835431043,
              -3.567529314684283
            ],
            [
              -39.9608695421037,
              -3.567928524554357
            ],
            [
              -39.9607207684892,
              -3.568344318952355
            ],
            [
              -39.960613466238186,
              -3.568772693550927
            ],
            [
              -39.96054866872998,
              -3.569209522868517
            ],
            [
              -39.960527,
              -3.5696506
            ]
          ]
        ]
      }
    },
    {
      "type": "Feature",
      "properties": {
        "id": "JUAZEIRO DO NORTE_Z3",
        "bairro": "JUAZEIRO DO NORTE",
        "indice_risco": 27.1,
        "rank": 22,
        "status": "BAIXO",
        "natureza": "CV",
        "gap_index": 0.0,
        "is_macro": false,
        "is_elite": true,
        "raio": "500m"
      },
      "geometry": {
        "type": "Polygon",
        "coordinates": [
          [
            [
              -39.3234918,
              -7.2478998
            ],
            [
              -39.32351346872998,
              -7.248340877131483
            ],
            [
              -39.32357826623819,
              -7.248777706449072
            ],
            [
              -39.3236855684892,
              -7.249206081047645
            ],
            [
              -39.3238343421037,
              -7.249621875445643
            ],
            [
              -39.32402315431043,
              -7.250021085315717
            ],
            [
              -39.324250186744635,
              -7.250399866048588
            ],
            [
              -39.32451325295987,
              -7.250754569778736
            ],
            [
              -39.32480981948466,
              -7.25108178051534
            ],
            [
              -39.32513703022126,
              -7.251378347040133
            ],
            [
              -39.32549173395141,
              -7.251641413255362
            ],
            [
              -39.32587051468428,
              -7.251868445689568
            ],
            [
              -39.32626972455436,
              -7.252057257896301
            ],
            [
              -39.32668551895235,
              -7.252206031510795
            ],
            [
              -39.32711389355093,
              -7.252313333761815
            ],
            [
              -39.327550722868516,
              -7.252378131270024
            ],
            [
              -39.3279918,
              -7.2523998
            ],
            [
              -39.32843287713148,
              -7.252378131270024
            ],
            [
              -39.32886970644907,
              -7.252313333761815
            ],
            [
              -39.32929808104765,
              -7.252206031510795
            ],
            [
              -39.32971387544564,
              -7.252057257896301
            ],
            [
              -39.330113085315716,
              -7.251868445689568
            ],
            [
              -39.33049186604859,
              -7.251641413255362
            ],
            [
              -39.330846569778735,
              -7.251378347040133
            ],
            [
              -39.331173780515336,
              -7.25108178051534
            ],
            [
              -39.33147034704013,
              -7.250754569778736
            ],
            [
              -39.331733413255364,
              -7.250399866048588
            ],
            [
              -39.33196044568957,
              -7.250021085315717
            ],
            [
              -39.3321492578963,
              -7.249621875445643
            ],
            [
              -39.332298031510796,
              -7.249206081047645
            ],
            [
              -39.33240533376181,
              -7.248777706449072
            ],
            [
              -39.33247013127002,
              -7.248340877131483
            ],
            [
              -39.3324918,
              -7.2478998
            ],
            [
              -39.33247013127002,
              -7.247458722868517
            ],
            [
              -39.33240533376181,
              -7.247021893550928
            ],
            [
              -39.332298031510796,
              -7.246593518952355
            ],
            [
              -39.3321492578963,
              -7.246177724554357
            ],
            [
              -39.33196044568957,
              -7.245778514684283
            ],
            [
              -39.331733413255364,
              -7.245399733951412
            ],
            [
              -39.33147034704013,
              -7.245045030221264
            ],
            [
              -39.331173780515336,
              -7.24471781948466
            ],
            [
              -39.330846569778735,
              -7.244421252959867
            ],
            [
              -39.33049186604859,
              -7.244158186744638
            ],
            [
              -39.330113085315716,
              -7.243931154310432
            ],
            [
              -39.32971387544564,
              -7.243742342103699
            ],
            [
              -39.32929808104765,
              -7.243593568489205
            ],
            [
              -39.32886970644907,
              -7.243486266238185
            ],
            [
              -39.32843287713148,
              -7.243421468729975
            ],
            [
              -39.3279918,
              -7.2433998
            ],
            [
              -39.327550722868516,
              -7.243421468729975
            ],
            [
              -39.32711389355093,
              -7.243486266238185
            ],
            [
              -39.32668551895235,
              -7.243593568489205
            ],
            [
              -39.32626972455436,
              -7.243742342103699
            ],
            [
              -39.32587051468428,
              -7.243931154310432
            ],
            [
              -39.32549173395141,
              -7.244158186744638
            ],
            [
              -39.32513703022126,
              -7.244421252959867
            ],
            [
              -39.32480981948466,
              -7.24471781948466
            ],
            [
              -39.32451325295987,
              -7.245045030221264
            ],
            [
              -39.324250186744635,
              -7.245399733951412
            ],
            [
              -39.32402315431043,
              -7.245778514684283
            ],
            [
              -39.3238343421037,
              -7.246177724554357
            ],
            [
              -39.3236855684892,
              -7.246593518952355
            ],
            [
              -39.32357826623819,
              -7.247021893550928
            ],
            [
              -39.32351346872998,
              -7.247458722868517
            ],
            [
              -39.3234918,
              -7.2478998
            ]
          ]
        ]
      }
    },
    {
      "type": "Feature",
      "properties": {
        "id": "BARROSO_Z1",
        "bairro": "BARROSO",
        "indice_risco": 27.1,
        "rank": 23,
        "status": "BAIXO",
        "natureza": "CV",
        "gap_index": 0.0,
        "is_macro": false,
        "is_elite": true,
        "raio": "500m"
      },
      "geometry": {
        "type": "Polygon",
        "coordinates": [
          [
            [
              -38.5061865,
              -3.8280506
            ],
            [
              -38.50620816872998,
              -3.828491677131483
            ],
            [
              -38.506272966238186,
              -3.828928506449073
            ],
            [
              -38.5063802684892,
              -3.829356881047645
            ],
            [
              -38.5065290421037,
              -3.829772675445643
            ],
            [
              -38.50671785431043,
              -3.830171885315717
            ],
            [
              -38.506944886744634,
              -3.830550666048588
            ],
            [
              -38.50720795295987,
              -3.830905369778737
            ],
            [
              -38.50750451948466,
              -3.831232580515339
            ],
            [
              -38.50783173022126,
              -3.831529147040132
            ],
            [
              -38.50818643395141,
              -3.831792213255361
            ],
            [
              -38.50856521468428,
              -3.832019245689568
            ],
            [
              -38.50896442455436,
              -3.832208057896301
            ],
            [
              -38.50938021895235,
              -3.832356831510795
            ],
            [
              -38.50980859355093,
              -3.832464133761815
            ],
            [
              -38.510245422868515,
              -3.832528931270025
            ],
            [
              -38.5106865,
              -3.8325506
            ],
            [
              -38.51112757713148,
              -3.832528931270025
            ],
            [
              -38.51156440644907,
              -3.832464133761815
            ],
            [
              -38.511992781047645,
              -3.832356831510795
            ],
            [
              -38.51240857544564,
              -3.832208057896301
            ],
            [
              -38.512807785315715,
              -3.832019245689568
            ],
            [
              -38.51318656604859,
              -3.831792213255361
            ],
            [
              -38.513541269778734,
              -3.831529147040132
            ],
            [
              -38.513868480515335,
              -3.831232580515339
            ],
            [
              -38.51416504704013,
              -3.830905369778737
            ],
            [
              -38.51442811325536,
              -3.830550666048588
            ],
            [
              -38.51465514568957,
              -3.830171885315717
            ],
            [
              -38.514843957896296,
              -3.829772675445643
            ],
            [
              -38.514992731510794,
              -3.829356881047645
            ],
            [
              -38.51510003376181,
              -3.828928506449073
            ],
            [
              -38.51516483127002,
              -3.828491677131483
            ],
            [
              -38.5151865,
              -3.8280506
            ],
            [
              -38.51516483127002,
              -3.827609522868517
            ],
            [
              -38.51510003376181,
              -3.827172693550927
            ],
            [
              -38.514992731510794,
              -3.826744318952355
            ],
            [
              -38.514843957896296,
              -3.826328524554357
            ],
            [
              -38.51465514568957,
              -3.825929314684283
            ],
            [
              -38.51442811325536,
              -3.825550533951412
            ],
            [
              -38.51416504704013,
              -3.825195830221264
            ],
            [
              -38.513868480515335,
              -3.824868619484661
            ],
            [
              -38.513541269778734,
              -3.824572052959868
            ],
            [
              -38.51318656604859,
              -3.824308986744639
            ],
            [
              -38.512807785315715,
              -3.824081954310433
            ],
            [
              -38.51240857544564,
              -3.823893142103699
            ],
            [
              -38.511992781047645,
              -3.823744368489205
            ],
            [
              -38.51156440644907,
              -3.823637066238185
            ],
            [
              -38.51112757713148,
              -3.823572268729975
            ],
            [
              -38.5106865,
              -3.8235506
            ],
            [
              -38.510245422868515,
              -3.823572268729975
            ],
            [
              -38.50980859355093,
              -3.823637066238185
            ],
            [
              -38.50938021895235,
              -3.823744368489205
            ],
            [
              -38.50896442455436,
              -3.823893142103699
            ],
            [
              -38.50856521468428,
              -3.824081954310433
            ],
            [
              -38.50818643395141,
              -3.824308986744639
            ],
            [
              -38.50783173022126,
              -3.824572052959868
            ],
            [
              -38.50750451948466,
              -3.824868619484661
            ],
            [
              -38.50720795295987,
              -3.825195830221264
            ],
            [
              -38.506944886744634,
              -3.825550533951412
            ],
            [
              -38.50671785431043,
              -3.825929314684283
            ],
            [
              -38.5065290421037,
              -3.826328524554357
            ],
            [
              -38.5063802684892,
              -3.826744318952355
            ],
            [
              -38.506272966238186,
              -3.827172693550927
            ],
            [
              -38.50620816872998,
              -3.827609522868517
            ],
            [
              -38.5061865,
              -3.8280506
            ]
          ]
        ]
      }
    },
    {
      "type": "Feature",
      "properties": {
        "id": "LAVRAS DA MANGABEIRA_Z5",
        "bairro": "LAVRAS DA MANGABEIRA",
        "indice_risco": 27.1,
        "rank": 24,
        "status": "BAIXO",
        "natureza": "NEUTRO",
        "gap_index": 0.0,
        "is_macro": false,
        "is_elite": true,
        "raio": "500m"
      },
      "geometry": {
        "type": "Polygon",
        "coordinates": [
          [
            [
              -39.1458501,
              -6.9025882
            ],
            [
              -39.145871768729975,
              -6.903029277131483
            ],
            [
              -39.145936566238184,
              -6.903466106449073
            ],
            [
              -39.1460438684892,
              -6.903894481047645
            ],
            [
              -39.1461926421037,
              -6.904310275445643
            ],
            [
              -39.14638145431043,
              -6.904709485315717
            ],
            [
              -39.14660848674463,
              -6.905088266048589
            ],
            [
              -39.146871552959865,
              -6.905442969778736
            ],
            [
              -39.14716811948466,
              -6.90577018051534
            ],
            [
              -39.14749533022126,
              -6.906066747040133
            ],
            [
              -39.14785003395141,
              -6.906329813255362
            ],
            [
              -39.14822881468428,
              -6.906556845689568
            ],
            [
              -39.148628024554355,
              -6.906745657896301
            ],
            [
              -39.14904381895235,
              -6.906894431510795
            ],
            [
              -39.14947219355093,
              -6.907001733761815
            ],
            [
              -39.14990902286851,
              -6.907066531270025
            ],
            [
              -39.1503501,
              -6.9070882
            ],
            [
              -39.15079117713148,
              -6.907066531270025
            ],
            [
              -39.15122800644907,
              -6.907001733761815
            ],
            [
              -39.151656381047644,
              -6.906894431510795
            ],
            [
              -39.15207217544564,
              -6.906745657896301
            ],
            [
              -39.152471385315714,
              -6.906556845689568
            ],
            [
              -39.15285016604859,
              -6.906329813255362
            ],
            [
              -39.15320486977873,
              -6.906066747040133
            ],
            [
              -39.15353208051533,
              -6.90577018051534
            ],
            [
              -39.15382864704013,
              -6.905442969778736
            ],
            [
              -39.15409171325536,
              -6.905088266048589
            ],
            [
              -39.154318745689565,
              -6.904709485315717
            ],
            [
              -39.154507557896295,
              -6.904310275445643
            ],
            [
              -39.15465633151079,
              -6.903894481047645
            ],
            [
              -39.15476363376181,
              -6.903466106449073
            ],
            [
              -39.15482843127002,
              -6.903029277131483
            ],
            [
              -39.1548501,
              -6.9025882
            ],
            [
              -39.15482843127002,
              -6.902147122868517
            ],
            [
              -39.15476363376181,
              -6.901710293550928
            ],
            [
              -39.15465633151079,
              -6.901281918952355
            ],
            [
              -39.154507557896295,
              -6.900866124554358
            ],
            [
              -39.154318745689565,
              -6.900466914684284
            ],
            [
              -39.15409171325536,
              -6.900088133951412
            ],
            [
              -39.15382864704013,
              -6.899733430221264
            ],
            [
              -39.15353208051533,
              -6.899406219484661
            ],
            [
              -39.15320486977873,
              -6.899109652959868
            ],
            [
              -39.15285016604859,
              -6.898846586744638
            ],
            [
              -39.152471385315714,
              -6.898619554310432
            ],
            [
              -39.15207217544564,
              -6.8984307421037
            ],
            [
              -39.151656381047644,
              -6.898281968489205
            ],
            [
              -39.15122800644907,
              -6.898174666238186
            ],
            [
              -39.15079117713148,
              -6.898109868729976
            ],
            [
              -39.1503501,
              -6.8980882
            ],
            [
              -39.14990902286851,
              -6.898109868729976
            ],
            [
              -39.14947219355093,
              -6.898174666238186
            ],
            [
              -39.14904381895235,
              -6.898281968489205
            ],
            [
              -39.148628024554355,
              -6.8984307421037
            ],
            [
              -39.14822881468428,
              -6.898619554310432
            ],
            [
              -39.14785003395141,
              -6.898846586744638
            ],
            [
              -39.14749533022126,
              -6.899109652959868
            ],
            [
              -39.14716811948466,
              -6.899406219484661
            ],
            [
              -39.146871552959865,
              -6.899733430221264
            ],
            [
              -39.14660848674463,
              -6.900088133951412
            ],
            [
              -39.14638145431043,
              -6.900466914684284
            ],
            [
              -39.1461926421037,
              -6.900866124554358
            ],
            [
              -39.1460438684892,
              -6.901281918952355
            ],
            [
              -39.145936566238184,
              -6.901710293550928
            ],
            [
              -39.145871768729975,
              -6.902147122868517
            ],
            [
              -39.1458501,
              -6.9025882
            ]
          ]
        ]
      }
    },
    {
      "type": "Feature",
      "properties": {
        "id": "LAVRAS DA MANGABEIRA_Z3",
        "bairro": "LAVRAS DA MANGABEIRA",
        "indice_risco": 27.1,
        "rank": 25,
        "status": "BAIXO",
        "natureza": "NEUTRO",
        "gap_index": 0.0,
        "is_macro": false,
        "is_elite": true,
        "raio": "500m"
      },
      "geometry": {
        "type": "Polygon",
        "coordinates": [
          [
            [
              -38.9638034,
              -6.7564712
            ],
            [
              -38.96382506872998,
              -6.756912277131483
            ],
            [
              -38.96388986623819,
              -6.757349106449072
            ],
            [
              -38.96399716848921,
              -6.757777481047645
            ],
            [
              -38.964145942103706,
              -6.758193275445643
            ],
            [
              -38.964334754310435,
              -6.758592485315717
            ],
            [
              -38.96456178674464,
              -6.758971266048588
            ],
            [
              -38.96482485295987,
              -6.759325969778736
            ],
            [
              -38.96512141948467,
              -6.75965318051534
            ],
            [
              -38.96544863022127,
              -6.759949747040133
            ],
            [
              -38.96580333395141,
              -6.760212813255362
            ],
            [
              -38.96618211468429,
              -6.760439845689568
            ],
            [
              -38.96658132455436,
              -6.760628657896301
            ],
            [
              -38.96699711895236,
              -6.760777431510795
            ],
            [
              -38.967425493550934,
              -6.760884733761815
            ],
            [
              -38.96786232286852,
              -6.760949531270025
            ],
            [
              -38.9683034,
              -6.7609712
            ],
            [
              -38.96874447713149,
              -6.760949531270025
            ],
            [
              -38.96918130644907,
              -6.760884733761815
            ],
            [
              -38.96960968104765,
              -6.760777431510795
            ],
            [
              -38.970025475445645,
              -6.760628657896301
            ],
            [
              -38.97042468531572,
              -6.760439845689568
            ],
            [
              -38.970803466048594,
              -6.760212813255362
            ],
            [
              -38.97115816977874,
              -6.759949747040133
            ],
            [
              -38.97148538051534,
              -6.75965318051534
            ],
            [
              -38.971781947040135,
              -6.759325969778736
            ],
            [
              -38.97204501325537,
              -6.758971266048588
            ],
            [
              -38.97227204568957,
              -6.758592485315717
            ],
            [
              -38.9724608578963,
              -6.758193275445643
            ],
            [
              -38.9726096315108,
              -6.757777481047645
            ],
            [
              -38.97271693376182,
              -6.757349106449072
            ],
            [
              -38.972781731270025,
              -6.756912277131483
            ],
            [
              -38.9728034,
              -6.7564712
            ],
            [
              -38.972781731270025,
              -6.756030122868517
            ],
            [
              -38.97271693376182,
              -6.755593293550928
            ],
            [
              -38.9726096315108,
              -6.755164918952355
            ],
            [
              -38.9724608578963,
              -6.754749124554357
            ],
            [
              -38.97227204568957,
              -6.754349914684283
            ],
            [
              -38.97204501325537,
              -6.753971133951412
            ],
            [
              -38.971781947040135,
              -6.753616430221264
            ],
            [
              -38.97148538051534,
              -6.75328921948466
            ],
            [
              -38.97115816977874,
              -6.752992652959867
            ],
            [
              -38.970803466048594,
              -6.752729586744638
            ],
            [
              -38.97042468531572,
              -6.752502554310432
            ],
            [
              -38.970025475445645,
              -6.752313742103699
            ],
            [
              -38.96960968104765,
              -6.752164968489205
            ],
            [
              -38.96918130644907,
              -6.752057666238185
            ],
            [
              -38.96874447713149,
              -6.751992868729976
            ],
            [
              -38.9683034,
              -6.7519712
            ],
            [
              -38.96786232286852,
              -6.751992868729976
            ],
            [
              -38.967425493550934,
              -6.752057666238185
            ],
            [
              -38.96699711895236,
              -6.752164968489205
            ],
            [
              -38.96658132455436,
              -6.752313742103699
            ],
            [
              -38.96618211468429,
              -6.752502554310432
            ],
            [
              -38.96580333395141,
              -6.752729586744638
            ],
            [
              -38.96544863022127,
              -6.752992652959867
            ],
            [
              -38.96512141948467,
              -6.75328921948466
            ],
            [
              -38.96482485295987,
              -6.753616430221264
            ],
            [
              -38.96456178674464,
              -6.753971133951412
            ],
            [
              -38.964334754310435,
              -6.754349914684283
            ],
            [
              -38.964145942103706,
              -6.754749124554357
            ],
            [
              -38.96399716848921,
              -6.755164918952355
            ],
            [
              -38.96388986623819,
              -6.755593293550928
            ],
            [
              -38.96382506872998,
              -6.756030122868517
            ],
            [
              -38.9638034,
              -6.7564712
            ]
          ]
        ]
      }
    },
    {
      "type": "Feature",
      "properties": {
        "id": "LAVRAS DA MANGABEIRA_Z1",
        "bairro": "LAVRAS DA MANGABEIRA",
        "indice_risco": 27.1,
        "rank": 26,
        "status": "BAIXO",
        "natureza": "NEUTRO",
        "gap_index": 0.0,
        "is_macro": false,
        "is_elite": true,
        "raio": "500m"
      },
      "geometry": {
        "type": "Polygon",
        "coordinates": [
          [
            [
              -39.1659514,
              -6.8853702
            ],
            [
              -39.165973068729976,
              -6.885811277131483
            ],
            [
              -39.166037866238185,
              -6.886248106449072
            ],
            [
              -39.1661451684892,
              -6.886676481047645
            ],
            [
              -39.1662939421037,
              -6.887092275445642
            ],
            [
              -39.16648275431043,
              -6.887491485315716
            ],
            [
              -39.16670978674463,
              -6.887870266048588
            ],
            [
              -39.166972852959866,
              -6.888224969778736
            ],
            [
              -39.16726941948466,
              -6.888552180515339
            ],
            [
              -39.16759663022126,
              -6.888848747040132
            ],
            [
              -39.16795133395141,
              -6.889111813255361
            ],
            [
              -39.16833011468428,
              -6.889338845689568
            ],
            [
              -39.168729324554356,
              -6.8895276578963
            ],
            [
              -39.16914511895235,
              -6.889676431510795
            ],
            [
              -39.16957349355093,
              -6.889783733761814
            ],
            [
              -39.170010322868514,
              -6.889848531270024
            ],
            [
              -39.1704514,
              -6.8898702
            ],
            [
              -39.17089247713148,
              -6.889848531270024
            ],
            [
              -39.17132930644907,
              -6.889783733761814
            ],
            [
              -39.171757681047644,
              -6.889676431510795
            ],
            [
              -39.17217347544564,
              -6.8895276578963
            ],
            [
              -39.172572685315714,
              -6.889338845689568
            ],
            [
              -39.17295146604859,
              -6.889111813255361
            ],
            [
              -39.17330616977873,
              -6.888848747040132
            ],
            [
              -39.173633380515334,
              -6.888552180515339
            ],
            [
              -39.17392994704013,
              -6.888224969778736
            ],
            [
              -39.17419301325536,
              -6.887870266048588
            ],
            [
              -39.174420045689565,
              -6.887491485315716
            ],
            [
              -39.174608857896295,
              -6.887092275445642
            ],
            [
              -39.17475763151079,
              -6.886676481047645
            ],
            [
              -39.17486493376181,
              -6.886248106449072
            ],
            [
              -39.17492973127002,
              -6.885811277131483
            ],
            [
              -39.1749514,
              -6.8853702
            ],
            [
              -39.17492973127002,
              -6.884929122868517
            ],
            [
              -39.17486493376181,
              -6.884492293550927
            ],
            [
              -39.17475763151079,
              -6.884063918952354
            ],
            [
              -39.174608857896295,
              -6.883648124554357
            ],
            [
              -39.174420045689565,
              -6.883248914684283
            ],
            [
              -39.17419301325536,
              -6.882870133951411
            ],
            [
              -39.17392994704013,
              -6.882515430221264
            ],
            [
              -39.173633380515334,
              -6.88218821948466
            ],
            [
              -39.17330616977873,
              -6.881891652959867
            ],
            [
              -39.17295146604859,
              -6.881628586744638
            ],
            [
              -39.172572685315714,
              -6.881401554310432
            ],
            [
              -39.17217347544564,
              -6.881212742103699
            ],
            [
              -39.171757681047644,
              -6.881063968489205
            ],
            [
              -39.17132930644907,
              -6.880956666238185
            ],
            [
              -39.17089247713148,
              -6.880891868729975
            ],
            [
              -39.1704514,
              -6.8808702
            ],
            [
              -39.170010322868514,
              -6.880891868729975
            ],
            [
              -39.16957349355093,
              -6.880956666238185
            ],
            [
              -39.16914511895235,
              -6.881063968489205
            ],
            [
              -39.168729324554356,
              -6.881212742103699
            ],
            [
              -39.16833011468428,
              -6.881401554310432
            ],
            [
              -39.16795133395141,
              -6.881628586744638
            ],
            [
              -39.16759663022126,
              -6.881891652959867
            ],
            [
              -39.16726941948466,
              -6.88218821948466
            ],
            [
              -39.166972852959866,
              -6.882515430221264
            ],
            [
              -39.16670978674463,
              -6.882870133951411
            ],
            [
              -39.16648275431043,
              -6.883248914684283
            ],
            [
              -39.1662939421037,
              -6.883648124554357
            ],
            [
              -39.1661451684892,
              -6.884063918952354
            ],
            [
              -39.166037866238185,
              -6.884492293550927
            ],
            [
              -39.165973068729976,
              -6.884929122868517
            ],
            [
              -39.1659514,
              -6.8853702
            ]
          ]
        ]
      }
    },
    {
      "type": "Feature",
      "properties": {
        "id": "JUAZEIRO DO NORTE_Z5",
        "bairro": "JUAZEIRO DO NORTE",
        "indice_risco": 27.1,
        "rank": 27,
        "status": "BAIXO",
        "natureza": "CV",
        "gap_index": 0.0,
        "is_macro": false,
        "is_elite": true,
        "raio": "500m"
      },
      "geometry": {
        "type": "Polygon",
        "coordinates": [
          [
            [
              -39.3190288,
              -7.2277769
            ],
            [
              -39.319050468729976,
              -7.228217977131483
            ],
            [
              -39.319115266238185,
              -7.228654806449073
            ],
            [
              -39.3192225684892,
              -7.229083181047645
            ],
            [
              -39.3193713421037,
              -7.229498975445643
            ],
            [
              -39.31956015431043,
              -7.229898185315717
            ],
            [
              -39.319787186744634,
              -7.230276966048589
            ],
            [
              -39.32005025295987,
              -7.230631669778736
            ],
            [
              -39.32034681948466,
              -7.23095888051534
            ],
            [
              -39.32067403022126,
              -7.231255447040133
            ],
            [
              -39.32102873395141,
              -7.231518513255362
            ],
            [
              -39.32140751468428,
              -7.231745545689568
            ],
            [
              -39.32180672455436,
              -7.231934357896301
            ],
            [
              -39.32222251895235,
              -7.232083131510795
            ],
            [
              -39.32265089355093,
              -7.232190433761815
            ],
            [
              -39.323087722868515,
              -7.232255231270025
            ],
            [
              -39.3235288,
              -7.2322769
            ],
            [
              -39.32396987713148,
              -7.232255231270025
            ],
            [
              -39.32440670644907,
              -7.232190433761815
            ],
            [
              -39.324835081047645,
              -7.232083131510795
            ],
            [
              -39.32525087544564,
              -7.231934357896301
            ],
            [
              -39.325650085315715,
              -7.231745545689568
            ],
            [
              -39.32602886604859,
              -7.231518513255362
            ],
            [
              -39.326383569778734,
              -7.231255447040133
            ],
            [
              -39.326710780515334,
              -7.23095888051534
            ],
            [
              -39.32700734704013,
              -7.230631669778736
            ],
            [
              -39.32727041325536,
              -7.230276966048589
            ],
            [
              -39.327497445689566,
              -7.229898185315717
            ],
            [
              -39.327686257896296,
              -7.229498975445643
            ],
            [
              -39.327835031510794,
              -7.229083181047645
            ],
            [
              -39.32794233376181,
              -7.228654806449073
            ],
            [
              -39.32800713127002,
              -7.228217977131483
            ],
            [
              -39.3280288,
              -7.2277769
            ],
            [
              -39.32800713127002,
              -7.227335822868517
            ],
            [
              -39.32794233376181,
              -7.226898993550928
            ],
            [
              -39.327835031510794,
              -7.226470618952355
            ],
            [
              -39.327686257896296,
              -7.226054824554358
            ],
            [
              -39.327497445689566,
              -7.225655614684284
            ],
            [
              -39.32727041325536,
              -7.225276833951412
            ],
            [
              -39.32700734704013,
              -7.224922130221264
            ],
            [
              -39.326710780515334,
              -7.224594919484661
            ],
            [
              -39.326383569778734,
              -7.224298352959868
            ],
            [
              -39.32602886604859,
              -7.224035286744638
            ],
            [
              -39.325650085315715,
              -7.223808254310432
            ],
            [
              -39.32525087544564,
              -7.2236194421037
            ],
            [
              -39.324835081047645,
              -7.223470668489205
            ],
            [
              -39.32440670644907,
              -7.223363366238186
            ],
            [
              -39.32396987713148,
              -7.223298568729976
            ],
            [
              -39.3235288,
              -7.2232769
            ],
            [
              -39.323087722868515,
              -7.223298568729976
            ],
            [
              -39.32265089355093,
              -7.223363366238186
            ],
            [
              -39.32222251895235,
              -7.223470668489205
            ],
            [
              -39.32180672455436,
              -7.2236194421037
            ],
            [
              -39.32140751468428,
              -7.223808254310432
            ],
            [
              -39.32102873395141,
              -7.224035286744638
            ],
            [
              -39.32067403022126,
              -7.224298352959868
            ],
            [
              -39.32034681948466,
              -7.224594919484661
            ],
            [
              -39.32005025295987,
              -7.224922130221264
            ],
            [
              -39.319787186744634,
              -7.225276833951412
            ],
            [
              -39.31956015431043,
              -7.225655614684284
            ],
            [
              -39.3193713421037,
              -7.226054824554358
            ],
            [
              -39.3192225684892,
              -7.226470618952355
            ],
            [
              -39.319115266238185,
              -7.226898993550928
            ],
            [
              -39.319050468729976,
              -7.227335822868517
            ],
            [
              -39.3190288,
              -7.2277769
            ]
          ]
        ]
      }
    },
    {
      "type": "Feature",
      "properties": {
        "id": "JUAZEIRO DO NORTE_Z4",
        "bairro": "JUAZEIRO DO NORTE",
        "indice_risco": 27.1,
        "rank": 28,
        "status": "BAIXO",
        "natureza": "CV",
        "gap_index": 0.0,
        "is_macro": false,
        "is_elite": true,
        "raio": "500m"
      },
      "geometry": {
        "type": "Polygon",
        "coordinates": [
          [
            [
              -39.2717317,
              -7.212234
            ],
            [
              -39.271753368729975,
              -7.212675077131482
            ],
            [
              -39.271818166238184,
              -7.213111906449072
            ],
            [
              -39.2719254684892,
              -7.213540281047645
            ],
            [
              -39.2720742421037,
              -7.213956075445642
            ],
            [
              -39.27226305431043,
              -7.214355285315716
            ],
            [
              -39.27249008674463,
              -7.214734066048588
            ],
            [
              -39.272753152959865,
              -7.215088769778736
            ],
            [
              -39.27304971948466,
              -7.215415980515339
            ],
            [
              -39.27337693022126,
              -7.215712547040132
            ],
            [
              -39.27373163395141,
              -7.215975613255361
            ],
            [
              -39.27411041468428,
              -7.216202645689568
            ],
            [
              -39.274509624554355,
              -7.2163914578963
            ],
            [
              -39.27492541895235,
              -7.216540231510795
            ],
            [
              -39.27535379355093,
              -7.216647533761814
            ],
            [
              -39.27579062286851,
              -7.216712331270024
            ],
            [
              -39.2762317,
              -7.216734
            ],
            [
              -39.27667277713148,
              -7.216712331270024
            ],
            [
              -39.277109606449066,
              -7.216647533761814
            ],
            [
              -39.277537981047644,
              -7.216540231510795
            ],
            [
              -39.27795377544564,
              -7.2163914578963
            ],
            [
              -39.27835298531571,
              -7.216202645689568
            ],
            [
              -39.27873176604859,
              -7.215975613255361
            ],
            [
              -39.27908646977873,
              -7.215712547040132
            ],
            [
              -39.27941368051533,
              -7.215415980515339
            ],
            [
              -39.27971024704013,
              -7.215088769778736
            ],
            [
              -39.27997331325536,
              -7.214734066048588
            ],
            [
              -39.280200345689565,
              -7.214355285315716
            ],
            [
              -39.280389157896295,
              -7.213956075445642
            ],
            [
              -39.28053793151079,
              -7.213540281047645
            ],
            [
              -39.28064523376181,
              -7.213111906449072
            ],
            [
              -39.28071003127002,
              -7.212675077131482
            ],
            [
              -39.2807317,
              -7.212234
            ],
            [
              -39.28071003127002,
              -7.211792922868517
            ],
            [
              -39.28064523376181,
              -7.211356093550927
            ],
            [
              -39.28053793151079,
              -7.210927718952354
            ],
            [
              -39.280389157896295,
              -7.210511924554357
            ],
            [
              -39.280200345689565,
              -7.210112714684283
            ],
            [
              -39.27997331325536,
              -7.209733933951411
            ],
            [
              -39.27971024704013,
              -7.209379230221264
            ],
            [
              -39.27941368051533,
              -7.20905201948466
            ],
            [
              -39.27908646977873,
              -7.208755452959867
            ],
            [
              -39.27873176604859,
              -7.208492386744638
            ],
            [
              -39.27835298531571,
              -7.208265354310432
            ],
            [
              -39.27795377544564,
              -7.208076542103699
            ],
            [
              -39.277537981047644,
              -7.207927768489204
            ],
            [
              -39.277109606449066,
              -7.207820466238185
            ],
            [
              -39.27667277713148,
              -7.207755668729975
            ],
            [
              -39.2762317,
              -7.207734
            ],
            [
              -39.27579062286851,
              -7.207755668729975
            ],
            [
              -39.27535379355093,
              -7.207820466238185
            ],
            [
              -39.27492541895235,
              -7.207927768489204
            ],
            [
              -39.274509624554355,
              -7.208076542103699
            ],
            [
              -39.27411041468428,
              -7.208265354310432
            ],
            [
              -39.27373163395141,
              -7.208492386744638
            ],
            [
              -39.27337693022126,
              -7.208755452959867
            ],
            [
              -39.27304971948466,
              -7.20905201948466
            ],
            [
              -39.272753152959865,
              -7.209379230221264
            ],
            [
              -39.27249008674463,
              -7.209733933951411
            ],
            [
              -39.27226305431043,
              -7.210112714684283
            ],
            [
              -39.2720742421037,
              -7.210511924554357
            ],
            [
              -39.2719254684892,
              -7.210927718952354
            ],
            [
              -39.271818166238184,
              -7.211356093550927
            ],
            [
              -39.271753368729975,
              -7.211792922868517
            ],
            [
              -39.2717317,
              -7.212234
            ]
          ]
        ]
      }
    },
    {
      "type": "Feature",
      "properties": {
        "id": "JUAZEIRO DO NORTE_Z2",
        "bairro": "JUAZEIRO DO NORTE",
        "indice_risco": 27.1,
        "rank": 29,
        "status": "BAIXO",
        "natureza": "CV",
        "gap_index": 0.0,
        "is_macro": false,
        "is_elite": true,
        "raio": "500m"
      },
      "geometry": {
        "type": "Polygon",
        "coordinates": [
          [
            [
              -39.2813917,
              -7.2487117
            ],
            [
              -39.28141336872998,
              -7.249152777131483
            ],
            [
              -39.28147816623819,
              -7.249589606449073
            ],
            [
              -39.281585468489205,
              -7.250017981047645
            ],
            [
              -39.2817342421037,
              -7.250433775445643
            ],
            [
              -39.28192305431043,
              -7.250832985315717
            ],
            [
              -39.282150086744636,
              -7.251211766048589
            ],
            [
              -39.28241315295987,
              -7.251566469778736
            ],
            [
              -39.282709719484664,
              -7.25189368051534
            ],
            [
              -39.283036930221265,
              -7.252190247040133
            ],
            [
              -39.28339163395141,
              -7.252453313255362
            ],
            [
              -39.283770414684284,
              -7.252680345689568
            ],
            [
              -39.28416962455436,
              -7.252869157896301
            ],
            [
              -39.284585418952354,
              -7.253017931510795
            ],
            [
              -39.28501379355093,
              -7.253125233761815
            ],
            [
              -39.28545062286852,
              -7.253190031270025
            ],
            [
              -39.2858917,
              -7.2532117
            ],
            [
              -39.286332777131484,
              -7.253190031270025
            ],
            [
              -39.28676960644907,
              -7.253125233761815
            ],
            [
              -39.28719798104765,
              -7.253017931510795
            ],
            [
              -39.28761377544564,
              -7.252869157896301
            ],
            [
              -39.28801298531572,
              -7.252680345689568
            ],
            [
              -39.28839176604859,
              -7.252453313255362
            ],
            [
              -39.28874646977874,
              -7.252190247040133
            ],
            [
              -39.28907368051534,
              -7.25189368051534
            ],
            [
              -39.28937024704013,
              -7.251566469778736
            ],
            [
              -39.289633313255365,
              -7.251211766048589
            ],
            [
              -39.28986034568957,
              -7.250832985315717
            ],
            [
              -39.2900491578963,
              -7.250433775445643
            ],
            [
              -39.2901979315108,
              -7.250017981047645
            ],
            [
              -39.29030523376181,
              -7.249589606449073
            ],
            [
              -39.29037003127002,
              -7.249152777131483
            ],
            [
              -39.2903917,
              -7.2487117
            ],
            [
              -39.29037003127002,
              -7.248270622868517
            ],
            [
              -39.29030523376181,
              -7.247833793550928
            ],
            [
              -39.2901979315108,
              -7.247405418952355
            ],
            [
              -39.2900491578963,
              -7.246989624554358
            ],
            [
              -39.28986034568957,
              -7.246590414684284
            ],
            [
              -39.289633313255365,
              -7.246211633951412
            ],
            [
              -39.28937024704013,
              -7.245856930221264
            ],
            [
              -39.28907368051534,
              -7.245529719484661
            ],
            [
              -39.28874646977874,
              -7.245233152959868
            ],
            [
              -39.28839176604859,
              -7.244970086744638
            ],
            [
              -39.28801298531572,
              -7.244743054310432
            ],
            [
              -39.28761377544564,
              -7.2445542421037
            ],
            [
              -39.28719798104765,
              -7.244405468489205
            ],
            [
              -39.28676960644907,
              -7.244298166238186
            ],
            [
              -39.286332777131484,
              -7.244233368729976
            ],
            [
              -39.2858917,
              -7.2442117
            ],
            [
              -39.28545062286852,
              -7.244233368729976
            ],
            [
              -39.28501379355093,
              -7.244298166238186
            ],
            [
              -39.284585418952354,
              -7.244405468489205
            ],
            [
              -39.28416962455436,
              -7.2445542421037
            ],
            [
              -39.283770414684284,
              -7.244743054310432
            ],
            [
              -39.28339163395141,
              -7.244970086744638
            ],
            [
              -39.283036930221265,
              -7.245233152959868
            ],
            [
              -39.282709719484664,
              -7.245529719484661
            ],
            [
              -39.28241315295987,
              -7.245856930221264
            ],
            [
              -39.282150086744636,
              -7.246211633951412
            ],
            [
              -39.28192305431043,
              -7.246590414684284
            ],
            [
              -39.2817342421037,
              -7.246989624554358
            ],
            [
              -39.281585468489205,
              -7.247405418952355
            ],
            [
              -39.28147816623819,
              -7.247833793550928
            ],
            [
              -39.28141336872998,
              -7.248270622868517
            ],
            [
              -39.2813917,
              -7.2487117
            ]
          ]
        ]
      }
    },
    {
      "type": "Feature",
      "properties": {
        "id": "AMADEU FURTADO_Z5",
        "bairro": "AMADEU FURTADO",
        "indice_risco": 27.1,
        "rank": 30,
        "status": "BAIXO",
        "natureza": "CV",
        "gap_index": 0.0,
        "is_macro": false,
        "is_elite": true,
        "raio": "500m"
      },
      "geometry": {
        "type": "Polygon",
        "coordinates": [
          [
            [
              -38.5527011,
              -3.7414879
            ],
            [
              -38.55272276872998,
              -3.741928977131483
            ],
            [
              -38.55278756623819,
              -3.742365806449073
            ],
            [
              -38.552894868489204,
              -3.742794181047645
            ],
            [
              -38.5530436421037,
              -3.743209975445643
            ],
            [
              -38.55323245431043,
              -3.743609185315717
            ],
            [
              -38.553459486744636,
              -3.743987966048588
            ],
            [
              -38.55372255295987,
              -3.744342669778737
            ],
            [
              -38.554019119484664,
              -3.744669880515339
            ],
            [
              -38.554346330221264,
              -3.744966447040132
            ],
            [
              -38.55470103395141,
              -3.745229513255361
            ],
            [
              -38.555079814684284,
              -3.745456545689568
            ],
            [
              -38.55547902455436,
              -3.745645357896301
            ],
            [
              -38.55589481895235,
              -3.745794131510795
            ],
            [
              -38.55632319355093,
              -3.745901433761815
            ],
            [
              -38.55676002286852,
              -3.745966231270025
            ],
            [
              -38.5572011,
              -3.7459879
            ],
            [
              -38.557642177131484,
              -3.745966231270025
            ],
            [
              -38.55807900644907,
              -3.745901433761815
            ],
            [
              -38.55850738104765,
              -3.745794131510795
            ],
            [
              -38.55892317544564,
              -3.745645357896301
            ],
            [
              -38.55932238531572,
              -3.745456545689568
            ],
            [
              -38.55970116604859,
              -3.745229513255361
            ],
            [
              -38.560055869778736,
              -3.744966447040132
            ],
            [
              -38.56038308051534,
              -3.744669880515339
            ],
            [
              -38.56067964704013,
              -3.744342669778737
            ],
            [
              -38.560942713255365,
              -3.743987966048588
            ],
            [
              -38.56116974568957,
              -3.743609185315717
            ],
            [
              -38.5613585578963,
              -3.743209975445643
            ],
            [
              -38.561507331510796,
              -3.742794181047645
            ],
            [
              -38.56161463376181,
              -3.742365806449073
            ],
            [
              -38.56167943127002,
              -3.741928977131483
            ],
            [
              -38.5617011,
              -3.7414879
            ],
            [
              -38.56167943127002,
              -3.741046822868517
            ],
            [
              -38.56161463376181,
              -3.740609993550927
            ],
            [
              -38.561507331510796,
              -3.740181618952355
            ],
            [
              -38.5613585578963,
              -3.739765824554357
            ],
            [
              -38.56116974568957,
              -3.739366614684283
            ],
            [
              -38.560942713255365,
              -3.738987833951412
            ],
            [
              -38.56067964704013,
              -3.738633130221264
            ],
            [
              -38.56038308051534,
              -3.738305919484661
            ],
            [
              -38.560055869778736,
              -3.738009352959868
            ],
            [
              -38.55970116604859,
              -3.737746286744639
            ],
            [
              -38.55932238531572,
              -3.737519254310433
            ],
            [
              -38.55892317544564,
              -3.737330442103699
            ],
            [
              -38.55850738104765,
              -3.737181668489205
            ],
            [
              -38.55807900644907,
              -3.737074366238185
            ],
            [
              -38.557642177131484,
              -3.737009568729975
            ],
            [
              -38.5572011,
              -3.7369879
            ],
            [
              -38.55676002286852,
              -3.737009568729975
            ],
            [
              -38.55632319355093,
              -3.737074366238185
            ],
            [
              -38.55589481895235,
              -3.737181668489205
            ],
            [
              -38.55547902455436,
              -3.737330442103699
            ],
            [
              -38.555079814684284,
              -3.737519254310433
            ],
            [
              -38.55470103395141,
              -3.737746286744639
            ],
            [
              -38.554346330221264,
              -3.738009352959868
            ],
            [
              -38.554019119484664,
              -3.738305919484661
            ],
            [
              -38.55372255295987,
              -3.738633130221264
            ],
            [
              -38.553459486744636,
              -3.738987833951412
            ],
            [
              -38.55323245431043,
              -3.739366614684283
            ],
            [
              -38.5530436421037,
              -3.739765824554357
            ],
            [
              -38.552894868489204,
              -3.740181618952355
            ],
            [
              -38.55278756623819,
              -3.740609993550927
            ],
            [
              -38.55272276872998,
              -3.741046822868517
            ],
            [
              -38.5527011,
              -3.7414879
            ]
          ]
        ]
      }
    }
  ],
  "metadata": {
    "total": 30,
    "source": "Sentinela V4 (Elite P10)",
    "timestamp": "2026-04-18 21:52:42.213190"
  }
}