2026-03-13 20:43:50,419 [INFO] 
================================================================================
2026-03-13 20:43:50,419 [INFO] 🚀 INICIANDO RETREINO DETALHADO - DeepSTGAT_64 (TENTATIVA 46 - BASE TOTAL + SPLIT ALEATÓRIO)
2026-03-13 20:43:50,419 [INFO] ⚙️ PARAMETROS: LR_MAX=0.01 | BATCH=32 | DROPOUT=0.3 | MARGIN=1.0
2026-03-13 20:43:50,420 [INFO] ================================================================================
2026-03-13 20:43:50,684 [INFO] 📅 Treinando com a Base Total: 1526 dias processados.
2026-03-13 20:43:50,990 [INFO] 🔀 Split Aleatório Concluído: 1189 amostras de treino | 210 amostras de validação inédita.
2026-03-13 20:43:53,211 [INFO] E001 | Batch 001 | LR: 0.00040 | Loss: 1.0107 | GradNorm: 1.2792 | Batch P@10: 30.0%
2026-03-13 20:43:54,638 [INFO] E001 | Batch 002 | LR: 0.00040 | Loss: 1.0011 | GradNorm: 1.0734 | Batch P@10: 30.0%
2026-03-13 20:43:55,995 [INFO] E001 | Batch 003 | LR: 0.00040 | Loss: 0.8675 | GradNorm: 1.0132 | Batch P@10: 50.0%
2026-03-13 20:43:57,460 [INFO] E001 | Batch 004 | LR: 0.00040 | Loss: 0.8715 | GradNorm: 1.5161 | Batch P@10: 40.0%
2026-03-13 20:43:59,478 [INFO] E001 | Batch 005 | LR: 0.00040 | Loss: 0.7631 | GradNorm: 1.3623 | Batch P@10: 60.0%
2026-03-13 20:44:02,990 [INFO] E001 | Batch 006 | LR: 0.00040 | Loss: 1.0185 | GradNorm: 1.0524 | Batch P@10: 20.0%
2026-03-13 20:44:04,260 [INFO] E001 | Batch 007 | LR: 0.00040 | Loss: 0.8129 | GradNorm: 0.9584 | Batch P@10: 30.0%
2026-03-13 20:44:05,514 [INFO] E001 | Batch 008 | LR: 0.00040 | Loss: 1.1916 | GradNorm: 1.1490 | Batch P@10: 40.0%
2026-03-13 20:44:06,783 [INFO] E001 | Batch 009 | LR: 0.00040 | Loss: 1.2230 | GradNorm: 1.3258 | Batch P@10: 20.0%
2026-03-13 20:44:08,147 [INFO] E001 | Batch 010 | LR: 0.00040 | Loss: 1.3439 | GradNorm: 1.4110 | Batch P@10: 40.0%
2026-03-13 20:44:09,547 [INFO] E001 | Batch 011 | LR: 0.00040 | Loss: 0.2066 | GradNorm: 1.1751 | Batch P@10: 70.0%
2026-03-13 20:44:10,912 [INFO] E001 | Batch 012 | LR: 0.00040 | Loss: 0.8836 | GradNorm: 1.3510 | Batch P@10: 30.0%
2026-03-13 20:44:12,244 [INFO] E001 | Batch 013 | LR: 0.00040 | Loss: 0.8869 | GradNorm: 1.0714 | Batch P@10: 40.0%
2026-03-13 20:44:13,623 [INFO] E001 | Batch 014 | LR: 0.00040 | Loss: 0.3078 | GradNorm: 1.0780 | Batch P@10: 50.0%
2026-03-13 20:44:14,975 [INFO] E001 | Batch 015 | LR: 0.00041 | Loss: 0.5946 | GradNorm: 1.1121 | Batch P@10: 40.0%
2026-03-13 20:44:16,372 [INFO] E001 | Batch 016 | LR: 0.00041 | Loss: 0.9200 | GradNorm: 0.9872 | Batch P@10: 40.0%
2026-03-13 20:44:17,757 [INFO] E001 | Batch 017 | LR: 0.00041 | Loss: 0.7753 | GradNorm: 1.0873 | Batch P@10: 30.0%
2026-03-13 20:44:19,137 [INFO] E001 | Batch 018 | LR: 0.00041 | Loss: 0.6620 | GradNorm: 1.0286 | Batch P@10: 50.0%
2026-03-13 20:44:20,433 [INFO] E001 | Batch 019 | LR: 0.00041 | Loss: 0.3620 | GradNorm: 1.1250 | Batch P@10: 50.0%
2026-03-13 20:44:21,756 [INFO] E001 | Batch 020 | LR: 0.00041 | Loss: 0.4231 | GradNorm: 1.1110 | Batch P@10: 50.0%
2026-03-13 20:44:23,083 [INFO] E001 | Batch 021 | LR: 0.00041 | Loss: 0.6709 | GradNorm: 1.2373 | Batch P@10: 50.0%
2026-03-13 20:44:24,379 [INFO] E001 | Batch 022 | LR: 0.00041 | Loss: 0.5395 | GradNorm: 1.2924 | Batch P@10: 60.0%
2026-03-13 20:44:25,665 [INFO] E001 | Batch 023 | LR: 0.00041 | Loss: 0.6715 | GradNorm: 1.1923 | Batch P@10: 40.0%
2026-03-13 20:44:26,963 [INFO] E001 | Batch 024 | LR: 0.00042 | Loss: 0.9885 | GradNorm: 1.0995 | Batch P@10: 40.0%
2026-03-13 20:44:28,220 [INFO] E001 | Batch 025 | LR: 0.00042 | Loss: 0.9417 | GradNorm: 1.0101 | Batch P@10: 20.0%
2026-03-13 20:44:29,512 [INFO] E001 | Batch 026 | LR: 0.00042 | Loss: 0.4620 | GradNorm: 0.9443 | Batch P@10: 60.0%
2026-03-13 20:44:30,867 [INFO] E001 | Batch 027 | LR: 0.00042 | Loss: 0.5336 | GradNorm: 0.8128 | Batch P@10: 50.0%
2026-03-13 20:44:32,177 [INFO] E001 | Batch 028 | LR: 0.00042 | Loss: 0.4309 | GradNorm: 0.8429 | Batch P@10: 50.0%
2026-03-13 20:44:33,449 [INFO] E001 | Batch 029 | LR: 0.00042 | Loss: 0.8589 | GradNorm: 0.9222 | Batch P@10: 40.0%
2026-03-13 20:44:34,785 [INFO] E001 | Batch 030 | LR: 0.00042 | Loss: 0.3946 | GradNorm: 0.9777 | Batch P@10: 60.0%
2026-03-13 20:44:36,079 [INFO] E001 | Batch 031 | LR: 0.00043 | Loss: 0.8522 | GradNorm: 1.1319 | Batch P@10: 40.0%
2026-03-13 20:44:37,449 [INFO] E001 | Batch 032 | LR: 0.00043 | Loss: 0.8493 | GradNorm: 0.9841 | Batch P@10: 40.0%
2026-03-13 20:44:38,729 [INFO] E001 | Batch 033 | LR: 0.00043 | Loss: 0.5285 | GradNorm: 0.8773 | Batch P@10: 50.0%
2026-03-13 20:44:40,030 [INFO] E001 | Batch 034 | LR: 0.00043 | Loss: 0.6727 | GradNorm: 1.0386 | Batch P@10: 20.0%
2026-03-13 20:44:41,345 [INFO] E001 | Batch 035 | LR: 0.00043 | Loss: 1.0003 | GradNorm: 0.8814 | Batch P@10: 20.0%
2026-03-13 20:44:42,665 [INFO] E001 | Batch 036 | LR: 0.00043 | Loss: 0.8773 | GradNorm: 0.8460 | Batch P@10: 40.0%
2026-03-13 20:44:44,022 [INFO] E001 | Batch 037 | LR: 0.00044 | Loss: 0.1686 | GradNorm: 0.9799 | Batch P@10: 60.0%
2026-03-13 20:44:50,107 [INFO] 
---> FIM DA ÉPOCA 1 | Val P@10: 43.7438% | Loss Média: 0.7254 | Grad Médio: 1.0902 | Recorde Geral: 43.7438% <---

2026-03-13 20:44:50,120 [INFO] 💎 NOVO RECORDE RETREINO 64: 43.7%
2026-03-13 20:44:54,325 [INFO] E002 | Batch 001 | LR: 0.00044 | Loss: 0.4813 | GradNorm: 0.8561 | Batch P@10: 60.0%
2026-03-13 20:44:58,254 [INFO] E002 | Batch 002 | LR: 0.00044 | Loss: 0.6036 | GradNorm: 0.9199 | Batch P@10: 40.0%
2026-03-13 20:45:02,313 [INFO] E002 | Batch 003 | LR: 0.00044 | Loss: 0.7973 | GradNorm: 0.8663 | Batch P@10: 40.0%
2026-03-13 20:45:06,272 [INFO] E002 | Batch 004 | LR: 0.00045 | Loss: 0.6207 | GradNorm: 0.8769 | Batch P@10: 60.0%
2026-03-13 20:45:10,466 [INFO] E002 | Batch 005 | LR: 0.00045 | Loss: 0.5059 | GradNorm: 0.8869 | Batch P@10: 50.0%
2026-03-13 20:45:14,641 [INFO] E002 | Batch 006 | LR: 0.00045 | Loss: 0.2702 | GradNorm: 1.0594 | Batch P@10: 70.0%
2026-03-13 20:45:18,640 [INFO] E002 | Batch 007 | LR: 0.00045 | Loss: 0.9291 | GradNorm: 1.1132 | Batch P@10: 50.0%
2026-03-13 20:45:22,750 [INFO] E002 | Batch 008 | LR: 0.00046 | Loss: 0.7347 | GradNorm: 0.8822 | Batch P@10: 50.0%
2026-03-13 20:45:26,705 [INFO] E002 | Batch 009 | LR: 0.00046 | Loss: 0.9496 | GradNorm: 0.8497 | Batch P@10: 30.0%
2026-03-13 20:45:30,662 [INFO] E002 | Batch 010 | LR: 0.00046 | Loss: 0.4992 | GradNorm: 0.8639 | Batch P@10: 40.0%
2026-03-13 20:45:34,592 [INFO] E002 | Batch 011 | LR: 0.00046 | Loss: 0.6611 | GradNorm: 0.8852 | Batch P@10: 40.0%
2026-03-13 20:45:38,626 [INFO] E002 | Batch 012 | LR: 0.00047 | Loss: 0.7941 | GradNorm: 0.9000 | Batch P@10: 30.0%
2026-03-13 20:45:42,715 [INFO] E002 | Batch 013 | LR: 0.00047 | Loss: 0.4985 | GradNorm: 0.8768 | Batch P@10: 40.0%
2026-03-13 20:45:46,876 [INFO] E002 | Batch 014 | LR: 0.00047 | Loss: 0.7565 | GradNorm: 0.8726 | Batch P@10: 30.0%
2026-03-13 20:45:50,825 [INFO] E002 | Batch 015 | LR: 0.00047 | Loss: 0.8371 | GradNorm: 0.8674 | Batch P@10: 30.0%
2026-03-13 20:45:54,778 [INFO] E002 | Batch 016 | LR: 0.00048 | Loss: 0.4145 | GradNorm: 0.8922 | Batch P@10: 50.0%
2026-03-13 20:45:58,711 [INFO] E002 | Batch 017 | LR: 0.00048 | Loss: 0.7472 | GradNorm: 0.9423 | Batch P@10: 40.0%
2026-03-13 20:46:02,813 [INFO] E002 | Batch 018 | LR: 0.00048 | Loss: 0.4407 | GradNorm: 0.9675 | Batch P@10: 70.0%
2026-03-13 20:46:06,774 [INFO] E002 | Batch 019 | LR: 0.00049 | Loss: 1.2024 | GradNorm: 1.0433 | Batch P@10: 40.0%
2026-03-13 20:46:10,818 [INFO] E002 | Batch 020 | LR: 0.00049 | Loss: 1.3830 | GradNorm: 0.9329 | Batch P@10: 0.0%
2026-03-13 20:46:14,906 [INFO] E002 | Batch 021 | LR: 0.00049 | Loss: 0.3528 | GradNorm: 0.9252 | Batch P@10: 50.0%
2026-03-13 20:46:18,924 [INFO] E002 | Batch 022 | LR: 0.00050 | Loss: 1.2314 | GradNorm: 0.7896 | Batch P@10: 20.0%
2026-03-13 20:46:22,984 [INFO] E002 | Batch 023 | LR: 0.00050 | Loss: 0.1807 | GradNorm: 0.8807 | Batch P@10: 60.0%
2026-03-13 20:46:26,902 [INFO] E002 | Batch 024 | LR: 0.00050 | Loss: 0.1129 | GradNorm: 1.0607 | Batch P@10: 80.0%
2026-03-13 20:46:30,902 [INFO] E002 | Batch 025 | LR: 0.00051 | Loss: 0.7616 | GradNorm: 1.1547 | Batch P@10: 30.0%
2026-03-13 20:46:35,062 [INFO] E002 | Batch 026 | LR: 0.00051 | Loss: 0.8738 | GradNorm: 1.1353 | Batch P@10: 50.0%
2026-03-13 20:46:39,103 [INFO] E002 | Batch 027 | LR: 0.00051 | Loss: 0.7172 | GradNorm: 1.0998 | Batch P@10: 20.0%
2026-03-13 20:46:43,186 [INFO] E002 | Batch 028 | LR: 0.00052 | Loss: 1.1238 | GradNorm: 0.9270 | Batch P@10: 30.0%
2026-03-13 20:46:47,156 [INFO] E002 | Batch 029 | LR: 0.00052 | Loss: 0.8476 | GradNorm: 0.9290 | Batch P@10: 20.0%
2026-03-13 20:46:51,281 [INFO] E002 | Batch 030 | LR: 0.00052 | Loss: 0.4668 | GradNorm: 0.8943 | Batch P@10: 40.0%
2026-03-13 20:46:55,390 [INFO] E002 | Batch 031 | LR: 0.00053 | Loss: 0.7972 | GradNorm: 1.0365 | Batch P@10: 30.0%
2026-03-13 20:46:59,416 [INFO] E002 | Batch 032 | LR: 0.00053 | Loss: 0.8962 | GradNorm: 1.2733 | Batch P@10: 40.0%
2026-03-13 20:47:03,442 [INFO] E002 | Batch 033 | LR: 0.00054 | Loss: 0.7175 | GradNorm: 0.9366 | Batch P@10: 30.0%
2026-03-13 20:47:07,660 [INFO] E002 | Batch 034 | LR: 0.00054 | Loss: 0.5213 | GradNorm: 0.8664 | Batch P@10: 30.0%
2026-03-13 20:47:11,683 [INFO] E002 | Batch 035 | LR: 0.00054 | Loss: 0.2674 | GradNorm: 0.9328 | Batch P@10: 60.0%
2026-03-13 20:47:15,697 [INFO] E002 | Batch 036 | LR: 0.00055 | Loss: 0.4280 | GradNorm: 0.9873 | Batch P@10: 50.0%
2026-03-13 20:47:19,702 [INFO] E002 | Batch 037 | LR: 0.00055 | Loss: 0.5063 | GradNorm: 1.1939 | Batch P@10: 50.0%
2026-03-13 20:47:27,968 [INFO] 
---> FIM DA ÉPOCA 2 | Val P@10: 44.0887% | Loss Média: 0.6560 | Grad Médio: 0.9562 | Recorde Geral: 44.0887% <---

2026-03-13 20:47:27,978 [INFO] 💎 NOVO RECORDE RETREINO 64: 44.1%
2026-03-13 20:47:32,260 [INFO] E003 | Batch 001 | LR: 0.00056 | Loss: 0.9818 | GradNorm: 0.7954 | Batch P@10: 50.0%
2026-03-13 20:47:36,334 [INFO] E003 | Batch 002 | LR: 0.00056 | Loss: 0.1544 | GradNorm: 1.1796 | Batch P@10: 50.0%
2026-03-13 20:47:40,329 [INFO] E003 | Batch 003 | LR: 0.00056 | Loss: 0.3969 | GradNorm: 0.8745 | Batch P@10: 50.0%
2026-03-13 20:47:44,286 [INFO] E003 | Batch 004 | LR: 0.00057 | Loss: 1.0234 | GradNorm: 0.9537 | Batch P@10: 20.0%
2026-03-13 20:47:48,278 [INFO] E003 | Batch 005 | LR: 0.00057 | Loss: 0.9066 | GradNorm: 1.1342 | Batch P@10: 40.0%
2026-03-13 20:47:52,209 [INFO] E003 | Batch 006 | LR: 0.00058 | Loss: 0.7970 | GradNorm: 0.9310 | Batch P@10: 40.0%
2026-03-13 20:47:56,314 [INFO] E003 | Batch 007 | LR: 0.00058 | Loss: 0.4483 | GradNorm: 0.8234 | Batch P@10: 40.0%
2026-03-13 20:48:00,332 [INFO] E003 | Batch 008 | LR: 0.00059 | Loss: 0.7380 | GradNorm: 0.9407 | Batch P@10: 50.0%
2026-03-13 20:48:04,327 [INFO] E003 | Batch 009 | LR: 0.00059 | Loss: 0.9489 | GradNorm: 0.8960 | Batch P@10: 40.0%
2026-03-13 20:48:08,293 [INFO] E003 | Batch 010 | LR: 0.00060 | Loss: 0.6231 | GradNorm: 0.7253 | Batch P@10: 60.0%
2026-03-13 20:48:12,330 [INFO] E003 | Batch 011 | LR: 0.00060 | Loss: 0.9340 | GradNorm: 1.0108 | Batch P@10: 30.0%
2026-03-13 20:48:16,464 [INFO] E003 | Batch 012 | LR: 0.00060 | Loss: 0.5882 | GradNorm: 0.7440 | Batch P@10: 60.0%
2026-03-13 20:48:20,594 [INFO] E003 | Batch 013 | LR: 0.00061 | Loss: 0.1511 | GradNorm: 0.9106 | Batch P@10: 50.0%
2026-03-13 20:48:24,724 [INFO] E003 | Batch 014 | LR: 0.00061 | Loss: 0.1874 | GradNorm: 0.8516 | Batch P@10: 60.0%
2026-03-13 20:48:28,770 [INFO] E003 | Batch 015 | LR: 0.00062 | Loss: 0.6402 | GradNorm: 1.0505 | Batch P@10: 40.0%
2026-03-13 20:48:32,696 [INFO] E003 | Batch 016 | LR: 0.00062 | Loss: 1.1813 | GradNorm: 1.1789 | Batch P@10: 30.0%
2026-03-13 20:48:36,759 [INFO] E003 | Batch 017 | LR: 0.00063 | Loss: 0.7741 | GradNorm: 1.0979 | Batch P@10: 30.0%
2026-03-13 20:48:40,937 [INFO] E003 | Batch 018 | LR: 0.00063 | Loss: 0.1501 | GradNorm: 1.0091 | Batch P@10: 40.0%
2026-03-13 20:48:45,093 [INFO] E003 | Batch 019 | LR: 0.00064 | Loss: 0.3690 | GradNorm: 1.6618 | Batch P@10: 30.0%
2026-03-13 20:48:49,031 [INFO] E003 | Batch 020 | LR: 0.00064 | Loss: 0.4278 | GradNorm: 2.5176 | Batch P@10: 60.0%
2026-03-13 20:48:53,097 [INFO] E003 | Batch 021 | LR: 0.00065 | Loss: 0.3972 | GradNorm: 2.1973 | Batch P@10: 30.0%
2026-03-13 20:48:57,093 [INFO] E003 | Batch 022 | LR: 0.00066 | Loss: 0.7955 | GradNorm: 1.7375 | Batch P@10: 40.0%
2026-03-13 20:49:01,030 [INFO] E003 | Batch 023 | LR: 0.00066 | Loss: 0.4618 | GradNorm: 0.7800 | Batch P@10: 40.0%
2026-03-13 20:49:05,024 [INFO] E003 | Batch 024 | LR: 0.00067 | Loss: 0.1481 | GradNorm: 0.9027 | Batch P@10: 50.0%
2026-03-13 20:49:08,954 [INFO] E003 | Batch 025 | LR: 0.00067 | Loss: 1.0805 | GradNorm: 1.8271 | Batch P@10: 40.0%
2026-03-13 20:49:12,912 [INFO] E003 | Batch 026 | LR: 0.00068 | Loss: 0.0998 | GradNorm: 1.5219 | Batch P@10: 60.0%
2026-03-13 20:49:16,855 [INFO] E003 | Batch 027 | LR: 0.00068 | Loss: 0.4459 | GradNorm: 0.8656 | Batch P@10: 40.0%
2026-03-13 20:49:20,843 [INFO] E003 | Batch 028 | LR: 0.00069 | Loss: 0.5137 | GradNorm: 1.8961 | Batch P@10: 40.0%
2026-03-13 20:49:24,942 [INFO] E003 | Batch 029 | LR: 0.00069 | Loss: 0.6186 | GradNorm: 3.7233 | Batch P@10: 30.0%
2026-03-13 20:49:28,920 [INFO] E003 | Batch 030 | LR: 0.00070 | Loss: 0.8581 | GradNorm: 1.4737 | Batch P@10: 40.0%
2026-03-13 20:49:32,845 [INFO] E003 | Batch 031 | LR: 0.00071 | Loss: 0.5275 | GradNorm: 1.5674 | Batch P@10: 40.0%
2026-03-13 20:49:36,829 [INFO] E003 | Batch 032 | LR: 0.00071 | Loss: 0.1839 | GradNorm: 1.6171 | Batch P@10: 50.0%
2026-03-13 20:49:40,820 [INFO] E003 | Batch 033 | LR: 0.00072 | Loss: 0.2477 | GradNorm: 1.0196 | Batch P@10: 50.0%
2026-03-13 20:49:44,823 [INFO] E003 | Batch 034 | LR: 0.00072 | Loss: 0.3711 | GradNorm: 1.7038 | Batch P@10: 50.0%
2026-03-13 20:49:48,740 [INFO] E003 | Batch 035 | LR: 0.00073 | Loss: 0.9902 | GradNorm: 0.9980 | Batch P@10: 30.0%
2026-03-13 20:49:52,841 [INFO] E003 | Batch 036 | LR: 0.00074 | Loss: 0.6482 | GradNorm: 0.9318 | Batch P@10: 40.0%
2026-03-13 20:49:56,854 [INFO] E003 | Batch 037 | LR: 0.00074 | Loss: 0.4880 | GradNorm: 0.8985 | Batch P@10: 70.0%
2026-03-13 20:50:05,159 [INFO] 
---> FIM DA ÉPOCA 3 | Val P@10: 43.3005% | Loss Média: 0.5605 | Grad Médio: 1.2689 | Recorde Geral: 44.0887% <---

2026-03-13 20:50:09,258 [INFO] E004 | Batch 001 | LR: 0.00075 | Loss: 0.1000 | GradNorm: 1.6363 | Batch P@10: 60.0%
2026-03-13 20:50:13,277 [INFO] E004 | Batch 002 | LR: 0.00075 | Loss: 0.5154 | GradNorm: 1.6721 | Batch P@10: 60.0%
2026-03-13 20:50:17,250 [INFO] E004 | Batch 003 | LR: 0.00076 | Loss: 0.5308 | GradNorm: 1.0197 | Batch P@10: 60.0%
2026-03-13 20:50:21,212 [INFO] E004 | Batch 004 | LR: 0.00077 | Loss: 0.8740 | GradNorm: 0.9525 | Batch P@10: 10.0%
2026-03-13 20:50:25,181 [INFO] E004 | Batch 005 | LR: 0.00077 | Loss: 0.0761 | GradNorm: 1.1912 | Batch P@10: 90.0%
2026-03-13 20:50:29,221 [INFO] E004 | Batch 006 | LR: 0.00078 | Loss: 0.2038 | GradNorm: 0.7060 | Batch P@10: 60.0%
2026-03-13 20:50:33,155 [INFO] E004 | Batch 007 | LR: 0.00079 | Loss: 0.5112 | GradNorm: 0.9244 | Batch P@10: 40.0%
2026-03-13 20:50:37,097 [INFO] E004 | Batch 008 | LR: 0.00079 | Loss: 0.6231 | GradNorm: 1.0428 | Batch P@10: 60.0%
2026-03-13 20:50:41,200 [INFO] E004 | Batch 009 | LR: 0.00080 | Loss: 0.5053 | GradNorm: 2.3290 | Batch P@10: 40.0%
2026-03-13 20:50:45,295 [INFO] E004 | Batch 010 | LR: 0.00081 | Loss: 0.8678 | GradNorm: 1.3911 | Batch P@10: 40.0%
2026-03-13 20:50:49,242 [INFO] E004 | Batch 011 | LR: 0.00081 | Loss: 0.3613 | GradNorm: 1.1363 | Batch P@10: 40.0%
2026-03-13 20:50:53,320 [INFO] E004 | Batch 012 | LR: 0.00082 | Loss: 0.0854 | GradNorm: 1.0855 | Batch P@10: 50.0%
2026-03-13 20:50:57,504 [INFO] E004 | Batch 013 | LR: 0.00083 | Loss: 0.3262 | GradNorm: 1.8033 | Batch P@10: 50.0%
2026-03-13 20:51:01,537 [INFO] E004 | Batch 014 | LR: 0.00083 | Loss: 0.5748 | GradNorm: 0.9398 | Batch P@10: 40.0%
2026-03-13 20:51:05,587 [INFO] E004 | Batch 015 | LR: 0.00084 | Loss: 0.5370 | GradNorm: 2.2442 | Batch P@10: 50.0%
2026-03-13 20:51:09,531 [INFO] E004 | Batch 016 | LR: 0.00085 | Loss: 0.3883 | GradNorm: 1.2720 | Batch P@10: 50.0%
2026-03-13 20:51:13,456 [INFO] E004 | Batch 017 | LR: 0.00085 | Loss: 0.6262 | GradNorm: 1.7383 | Batch P@10: 50.0%
2026-03-13 20:51:17,396 [INFO] E004 | Batch 018 | LR: 0.00086 | Loss: 0.3526 | GradNorm: 1.1291 | Batch P@10: 60.0%
2026-03-13 20:51:21,376 [INFO] E004 | Batch 019 | LR: 0.00087 | Loss: 0.2226 | GradNorm: 1.3111 | Batch P@10: 60.0%
2026-03-13 20:51:25,308 [INFO] E004 | Batch 020 | LR: 0.00087 | Loss: 0.0772 | GradNorm: 1.0699 | Batch P@10: 90.0%
2026-03-13 20:51:29,440 [INFO] E004 | Batch 021 | LR: 0.00088 | Loss: 0.5132 | GradNorm: 1.0995 | Batch P@10: 50.0%
2026-03-13 20:51:33,571 [INFO] E004 | Batch 022 | LR: 0.00089 | Loss: 1.2326 | GradNorm: 1.2860 | Batch P@10: 40.0%
2026-03-13 20:51:37,627 [INFO] E004 | Batch 023 | LR: 0.00090 | Loss: 0.4904 | GradNorm: 1.0914 | Batch P@10: 40.0%
2026-03-13 20:51:41,726 [INFO] E004 | Batch 024 | LR: 0.00090 | Loss: 0.4675 | GradNorm: 1.2456 | Batch P@10: 30.0%
2026-03-13 20:51:45,676 [INFO] E004 | Batch 025 | LR: 0.00091 | Loss: 0.1902 | GradNorm: 1.0606 | Batch P@10: 50.0%
2026-03-13 20:51:49,626 [INFO] E004 | Batch 026 | LR: 0.00092 | Loss: 0.7212 | GradNorm: 1.2048 | Batch P@10: 50.0%
2026-03-13 20:51:53,595 [INFO] E004 | Batch 027 | LR: 0.00093 | Loss: 0.2508 | GradNorm: 0.9602 | Batch P@10: 40.0%
2026-03-13 20:51:57,547 [INFO] E004 | Batch 028 | LR: 0.00093 | Loss: 0.6826 | GradNorm: 1.3222 | Batch P@10: 40.0%
2026-03-13 20:52:01,500 [INFO] E004 | Batch 029 | LR: 0.00094 | Loss: 0.6454 | GradNorm: 2.0612 | Batch P@10: 40.0%
2026-03-13 20:52:05,439 [INFO] E004 | Batch 030 | LR: 0.00095 | Loss: 0.1272 | GradNorm: 1.9945 | Batch P@10: 50.0%
2026-03-13 20:52:09,549 [INFO] E004 | Batch 031 | LR: 0.00096 | Loss: 0.5981 | GradNorm: 3.1417 | Batch P@10: 50.0%
2026-03-13 20:52:13,600 [INFO] E004 | Batch 032 | LR: 0.00096 | Loss: 0.5544 | GradNorm: 0.9104 | Batch P@10: 20.0%
2026-03-13 20:52:17,702 [INFO] E004 | Batch 033 | LR: 0.00097 | Loss: 0.6881 | GradNorm: 2.1863 | Batch P@10: 50.0%
2026-03-13 20:52:21,688 [INFO] E004 | Batch 034 | LR: 0.00098 | Loss: 0.7909 | GradNorm: 1.2068 | Batch P@10: 30.0%
2026-03-13 20:52:25,827 [INFO] E004 | Batch 035 | LR: 0.00099 | Loss: 0.6213 | GradNorm: 0.9871 | Batch P@10: 40.0%
2026-03-13 20:52:29,897 [INFO] E004 | Batch 036 | LR: 0.00100 | Loss: 0.8247 | GradNorm: 3.4634 | Batch P@10: 20.0%
2026-03-13 20:52:33,934 [INFO] E004 | Batch 037 | LR: 0.00100 | Loss: 0.2872 | GradNorm: 2.1326 | Batch P@10: 50.0%
2026-03-13 20:52:42,309 [INFO] 
---> FIM DA ÉPOCA 4 | Val P@10: 42.1182% | Loss Média: 0.4749 | Grad Médio: 1.4581 | Recorde Geral: 44.0887% <---

2026-03-13 20:52:46,564 [INFO] E005 | Batch 001 | LR: 0.00101 | Loss: 0.3719 | GradNorm: 0.9292 | Batch P@10: 50.0%
2026-03-13 20:52:50,712 [INFO] E005 | Batch 002 | LR: 0.00102 | Loss: 0.0854 | GradNorm: 2.6000 | Batch P@10: 40.0%
2026-03-13 20:52:54,744 [INFO] E005 | Batch 003 | LR: 0.00103 | Loss: 0.4124 | GradNorm: 2.1155 | Batch P@10: 50.0%
2026-03-13 20:52:58,731 [INFO] E005 | Batch 004 | LR: 0.00104 | Loss: 1.1589 | GradNorm: 2.1570 | Batch P@10: 30.0%
2026-03-13 20:53:02,827 [INFO] E005 | Batch 005 | LR: 0.00104 | Loss: 0.2751 | GradNorm: 1.0026 | Batch P@10: 30.0%
2026-03-13 20:53:06,770 [INFO] E005 | Batch 006 | LR: 0.00105 | Loss: 0.0877 | GradNorm: 1.3029 | Batch P@10: 60.0%
2026-03-13 20:53:10,900 [INFO] E005 | Batch 007 | LR: 0.00106 | Loss: 0.1717 | GradNorm: 1.3852 | Batch P@10: 30.0%
2026-03-13 20:53:14,939 [INFO] E005 | Batch 008 | LR: 0.00107 | Loss: 0.3654 | GradNorm: 1.9031 | Batch P@10: 30.0%
2026-03-13 20:53:18,990 [INFO] E005 | Batch 009 | LR: 0.00108 | Loss: 0.1932 | GradNorm: 0.9768 | Batch P@10: 30.0%
2026-03-13 20:53:23,045 [INFO] E005 | Batch 010 | LR: 0.00109 | Loss: 0.5099 | GradNorm: 1.0431 | Batch P@10: 60.0%
2026-03-13 20:53:27,182 [INFO] E005 | Batch 011 | LR: 0.00110 | Loss: 0.3661 | GradNorm: 1.6217 | Batch P@10: 60.0%
2026-03-13 20:53:31,223 [INFO] E005 | Batch 012 | LR: 0.00110 | Loss: 0.7525 | GradNorm: 1.4908 | Batch P@10: 20.0%
2026-03-13 20:53:35,390 [INFO] E005 | Batch 013 | LR: 0.00111 | Loss: 0.4349 | GradNorm: 1.8497 | Batch P@10: 40.0%
2026-03-13 20:53:39,500 [INFO] E005 | Batch 014 | LR: 0.00112 | Loss: 0.5109 | GradNorm: 3.4240 | Batch P@10: 40.0%
2026-03-13 20:53:43,452 [INFO] E005 | Batch 015 | LR: 0.00113 | Loss: 0.5914 | GradNorm: 2.4130 | Batch P@10: 40.0%
2026-03-13 20:53:47,413 [INFO] E005 | Batch 016 | LR: 0.00114 | Loss: 0.6247 | GradNorm: 2.2681 | Batch P@10: 40.0%
2026-03-13 20:53:51,392 [INFO] E005 | Batch 017 | LR: 0.00115 | Loss: 0.9911 | GradNorm: 1.3548 | Batch P@10: 40.0%
2026-03-13 20:53:55,476 [INFO] E005 | Batch 018 | LR: 0.00116 | Loss: 0.1345 | GradNorm: 1.9573 | Batch P@10: 70.0%
2026-03-13 20:53:59,476 [INFO] E005 | Batch 019 | LR: 0.00117 | Loss: 0.4496 | GradNorm: 1.0309 | Batch P@10: 20.0%
2026-03-13 20:54:03,509 [INFO] E005 | Batch 020 | LR: 0.00117 | Loss: 0.2045 | GradNorm: 1.8824 | Batch P@10: 40.0%
2026-03-13 20:54:07,646 [INFO] E005 | Batch 021 | LR: 0.00118 | Loss: 0.0853 | GradNorm: 0.8877 | Batch P@10: 70.0%
2026-03-13 20:54:11,626 [INFO] E005 | Batch 022 | LR: 0.00119 | Loss: 0.3073 | GradNorm: 1.4619 | Batch P@10: 40.0%
2026-03-13 20:54:15,794 [INFO] E005 | Batch 023 | LR: 0.00120 | Loss: 1.0543 | GradNorm: 0.9828 | Batch P@10: 30.0%
2026-03-13 20:54:19,922 [INFO] E005 | Batch 024 | LR: 0.00121 | Loss: 0.1376 | GradNorm: 2.4443 | Batch P@10: 50.0%
2026-03-13 20:54:23,890 [INFO] E005 | Batch 025 | LR: 0.00122 | Loss: 0.4626 | GradNorm: 1.8187 | Batch P@10: 20.0%
2026-03-13 20:54:27,924 [INFO] E005 | Batch 026 | LR: 0.00123 | Loss: 0.3658 | GradNorm: 1.4824 | Batch P@10: 40.0%
2026-03-13 20:54:32,004 [INFO] E005 | Batch 027 | LR: 0.00124 | Loss: 0.3949 | GradNorm: 2.1261 | Batch P@10: 50.0%
2026-03-13 20:54:35,961 [INFO] E005 | Batch 028 | LR: 0.00125 | Loss: 0.1453 | GradNorm: 1.6038 | Batch P@10: 40.0%
2026-03-13 20:54:40,077 [INFO] E005 | Batch 029 | LR: 0.00126 | Loss: 0.3451 | GradNorm: 2.3616 | Batch P@10: 60.0%
2026-03-13 20:54:44,264 [INFO] E005 | Batch 030 | LR: 0.00127 | Loss: 0.2315 | GradNorm: 3.6033 | Batch P@10: 50.0%
2026-03-13 20:54:48,328 [INFO] E005 | Batch 031 | LR: 0.00128 | Loss: 0.5933 | GradNorm: 2.7110 | Batch P@10: 50.0%
2026-03-13 20:54:52,462 [INFO] E005 | Batch 032 | LR: 0.00129 | Loss: 0.8194 | GradNorm: 1.5821 | Batch P@10: 30.0%
2026-03-13 20:54:56,417 [INFO] E005 | Batch 033 | LR: 0.00130 | Loss: 0.6124 | GradNorm: 2.9175 | Batch P@10: 50.0%
2026-03-13 20:55:00,426 [INFO] E005 | Batch 034 | LR: 0.00131 | Loss: 0.2335 | GradNorm: 4.2368 | Batch P@10: 50.0%
2026-03-13 20:55:04,514 [INFO] E005 | Batch 035 | LR: 0.00131 | Loss: 0.5153 | GradNorm: 3.2913 | Batch P@10: 40.0%
2026-03-13 20:55:08,612 [INFO] E005 | Batch 036 | LR: 0.00132 | Loss: 0.3983 | GradNorm: 3.2315 | Batch P@10: 30.0%
2026-03-13 20:55:12,788 [INFO] E005 | Batch 037 | LR: 0.00133 | Loss: 0.3942 | GradNorm: 2.6697 | Batch P@10: 30.0%
2026-03-13 20:55:21,083 [INFO] 
---> FIM DA ÉPOCA 5 | Val P@10: 42.0197% | Loss Média: 0.4155 | Grad Médio: 2.0033 | Recorde Geral: 44.0887% <---

2026-03-13 20:55:25,142 [INFO] E006 | Batch 001 | LR: 0.00134 | Loss: 0.9474 | GradNorm: 4.0099 | Batch P@10: 50.0%
2026-03-13 20:55:29,085 [INFO] E006 | Batch 002 | LR: 0.00135 | Loss: 0.3416 | GradNorm: 2.6831 | Batch P@10: 30.0%
2026-03-13 20:55:33,071 [INFO] E006 | Batch 003 | LR: 0.00136 | Loss: 0.4124 | GradNorm: 1.9320 | Batch P@10: 40.0%
2026-03-13 20:55:37,009 [INFO] E006 | Batch 004 | LR: 0.00137 | Loss: 0.3435 | GradNorm: 3.1624 | Batch P@10: 30.0%
2026-03-13 20:55:40,958 [INFO] E006 | Batch 005 | LR: 0.00138 | Loss: 0.0780 | GradNorm: 5.8526 | Batch P@10: 50.0%
2026-03-13 20:55:45,043 [INFO] E006 | Batch 006 | LR: 0.00139 | Loss: 0.3845 | GradNorm: 5.9651 | Batch P@10: 50.0%
2026-03-13 20:55:49,231 [INFO] E006 | Batch 007 | LR: 0.00140 | Loss: 0.6424 | GradNorm: 1.6448 | Batch P@10: 40.0%
2026-03-13 20:55:53,151 [INFO] E006 | Batch 008 | LR: 0.00141 | Loss: 0.0839 | GradNorm: 2.3801 | Batch P@10: 80.0%
2026-03-13 20:55:57,212 [INFO] E006 | Batch 009 | LR: 0.00142 | Loss: 0.3296 | GradNorm: 3.9040 | Batch P@10: 70.0%
2026-03-13 20:56:01,309 [INFO] E006 | Batch 010 | LR: 0.00143 | Loss: 0.8042 | GradNorm: 3.2989 | Batch P@10: 40.0%
2026-03-13 20:56:05,314 [INFO] E006 | Batch 011 | LR: 0.00144 | Loss: 0.1330 | GradNorm: 2.1266 | Batch P@10: 60.0%
2026-03-13 20:56:09,286 [INFO] E006 | Batch 012 | LR: 0.00146 | Loss: 0.2003 | GradNorm: 2.1887 | Batch P@10: 50.0%
2026-03-13 20:56:13,416 [INFO] E006 | Batch 013 | LR: 0.00147 | Loss: 0.4349 | GradNorm: 2.6647 | Batch P@10: 30.0%
2026-03-13 20:56:17,518 [INFO] E006 | Batch 014 | LR: 0.00148 | Loss: 0.3557 | GradNorm: 4.4309 | Batch P@10: 50.0%
2026-03-13 20:56:21,638 [INFO] E006 | Batch 015 | LR: 0.00149 | Loss: 0.4081 | GradNorm: 1.5963 | Batch P@10: 40.0%
2026-03-13 20:56:25,701 [INFO] E006 | Batch 016 | LR: 0.00150 | Loss: 0.1335 | GradNorm: 1.9710 | Batch P@10: 60.0%
2026-03-13 20:56:29,653 [INFO] E006 | Batch 017 | LR: 0.00151 | Loss: 0.2433 | GradNorm: 2.8779 | Batch P@10: 60.0%
2026-03-13 20:56:33,607 [INFO] E006 | Batch 018 | LR: 0.00152 | Loss: 0.1151 | GradNorm: 1.2704 | Batch P@10: 50.0%
2026-03-13 20:56:37,704 [INFO] E006 | Batch 019 | LR: 0.00153 | Loss: 0.3161 | GradNorm: 1.0272 | Batch P@10: 40.0%
2026-03-13 20:56:41,674 [INFO] E006 | Batch 020 | LR: 0.00154 | Loss: 0.2643 | GradNorm: 3.6892 | Batch P@10: 30.0%
2026-03-13 20:56:45,668 [INFO] E006 | Batch 021 | LR: 0.00155 | Loss: 0.2604 | GradNorm: 1.5835 | Batch P@10: 60.0%
2026-03-13 20:56:49,663 [INFO] E006 | Batch 022 | LR: 0.00156 | Loss: 0.2587 | GradNorm: 1.7528 | Batch P@10: 40.0%
2026-03-13 20:56:53,762 [INFO] E006 | Batch 023 | LR: 0.00157 | Loss: 0.8213 | GradNorm: 2.2748 | Batch P@10: 30.0%
2026-03-13 20:56:57,799 [INFO] E006 | Batch 024 | LR: 0.00158 | Loss: 0.0940 | GradNorm: 3.1293 | Batch P@10: 50.0%
2026-03-13 20:57:01,713 [INFO] E006 | Batch 025 | LR: 0.00159 | Loss: 0.5345 | GradNorm: 1.2021 | Batch P@10: 50.0%
2026-03-13 20:57:05,704 [INFO] E006 | Batch 026 | LR: 0.00160 | Loss: 0.2083 | GradNorm: 2.3212 | Batch P@10: 20.0%
2026-03-13 20:57:09,826 [INFO] E006 | Batch 027 | LR: 0.00162 | Loss: 0.4061 | GradNorm: 1.3748 | Batch P@10: 60.0%
2026-03-13 20:57:13,777 [INFO] E006 | Batch 028 | LR: 0.00163 | Loss: 0.6112 | GradNorm: 1.3246 | Batch P@10: 10.0%
2026-03-13 20:57:17,876 [INFO] E006 | Batch 029 | LR: 0.00164 | Loss: 0.4498 | GradNorm: 1.1150 | Batch P@10: 50.0%
2026-03-13 20:57:21,980 [INFO] E006 | Batch 030 | LR: 0.00165 | Loss: 0.5566 | GradNorm: 1.2319 | Batch P@10: 40.0%
2026-03-13 20:57:26,024 [INFO] E006 | Batch 031 | LR: 0.00166 | Loss: 0.9777 | GradNorm: 1.4121 | Batch P@10: 30.0%
2026-03-13 20:57:30,030 [INFO] E006 | Batch 032 | LR: 0.00167 | Loss: 0.6401 | GradNorm: 1.3811 | Batch P@10: 50.0%
2026-03-13 20:57:34,117 [INFO] E006 | Batch 033 | LR: 0.00168 | Loss: 1.0878 | GradNorm: 5.0779 | Batch P@10: 50.0%
2026-03-13 20:57:38,126 [INFO] E006 | Batch 034 | LR: 0.00169 | Loss: 0.2712 | GradNorm: 4.2186 | Batch P@10: 30.0%
2026-03-13 20:57:42,118 [INFO] E006 | Batch 035 | LR: 0.00171 | Loss: 0.1883 | GradNorm: 1.1870 | Batch P@10: 20.0%
2026-03-13 20:57:46,098 [INFO] E006 | Batch 036 | LR: 0.00172 | Loss: 1.2442 | GradNorm: 1.8729 | Batch P@10: 30.0%
2026-03-13 20:57:50,149 [INFO] E006 | Batch 037 | LR: 0.00173 | Loss: 0.9476 | GradNorm: 1.8313 | Batch P@10: 50.0%
2026-03-13 20:57:58,364 [INFO] 
---> FIM DA ÉPOCA 6 | Val P@10: 42.3153% | Loss Média: 0.4350 | Grad Médio: 2.5126 | Recorde Geral: 44.0887% <---

2026-03-13 20:58:02,446 [INFO] E007 | Batch 001 | LR: 0.00174 | Loss: 0.5033 | GradNorm: 1.5524 | Batch P@10: 50.0%
2026-03-13 20:58:06,449 [INFO] E007 | Batch 002 | LR: 0.00175 | Loss: 0.4025 | GradNorm: 3.4168 | Batch P@10: 40.0%
2026-03-13 20:58:10,377 [INFO] E007 | Batch 003 | LR: 0.00176 | Loss: 0.1794 | GradNorm: 1.6873 | Batch P@10: 60.0%
2026-03-13 20:58:14,440 [INFO] E007 | Batch 004 | LR: 0.00177 | Loss: 0.5741 | GradNorm: 2.6609 | Batch P@10: 60.0%
2026-03-13 20:58:18,430 [INFO] E007 | Batch 005 | LR: 0.00179 | Loss: 0.1694 | GradNorm: 2.2118 | Batch P@10: 20.0%
2026-03-13 20:58:22,360 [INFO] E007 | Batch 006 | LR: 0.00180 | Loss: 0.0747 | GradNorm: 6.7169 | Batch P@10: 40.0%
2026-03-13 20:58:26,336 [INFO] E007 | Batch 007 | LR: 0.00181 | Loss: 0.1097 | GradNorm: 4.9333 | Batch P@10: 50.0%
2026-03-13 20:58:30,288 [INFO] E007 | Batch 008 | LR: 0.00182 | Loss: 0.3547 | GradNorm: 1.6070 | Batch P@10: 40.0%
2026-03-13 20:58:34,355 [INFO] E007 | Batch 009 | LR: 0.00183 | Loss: 0.6565 | GradNorm: 3.1088 | Batch P@10: 50.0%
2026-03-13 20:58:38,289 [INFO] E007 | Batch 010 | LR: 0.00184 | Loss: 0.5850 | GradNorm: 3.9744 | Batch P@10: 50.0%
2026-03-13 20:58:42,292 [INFO] E007 | Batch 011 | LR: 0.00186 | Loss: 0.1114 | GradNorm: 1.3583 | Batch P@10: 50.0%
2026-03-13 20:58:46,242 [INFO] E007 | Batch 012 | LR: 0.00187 | Loss: 0.8251 | GradNorm: 3.0442 | Batch P@10: 30.0%
2026-03-13 20:58:50,227 [INFO] E007 | Batch 013 | LR: 0.00188 | Loss: 0.3751 | GradNorm: 3.2689 | Batch P@10: 60.0%
2026-03-13 20:58:54,186 [INFO] E007 | Batch 014 | LR: 0.00189 | Loss: 0.1725 | GradNorm: 3.1334 | Batch P@10: 50.0%
2026-03-13 20:58:58,314 [INFO] E007 | Batch 015 | LR: 0.00190 | Loss: 0.1363 | GradNorm: 1.7648 | Batch P@10: 50.0%
2026-03-13 20:59:02,333 [INFO] E007 | Batch 016 | LR: 0.00192 | Loss: 0.1204 | GradNorm: 3.4939 | Batch P@10: 80.0%
2026-03-13 20:59:06,390 [INFO] E007 | Batch 017 | LR: 0.00193 | Loss: 0.4833 | GradNorm: 3.1183 | Batch P@10: 30.0%
2026-03-13 20:59:10,328 [INFO] E007 | Batch 018 | LR: 0.00194 | Loss: 0.4958 | GradNorm: 2.7172 | Batch P@10: 50.0%
2026-03-13 20:59:14,436 [INFO] E007 | Batch 019 | LR: 0.00195 | Loss: 0.1364 | GradNorm: 8.7886 | Batch P@10: 40.0%
2026-03-13 20:59:18,477 [INFO] E007 | Batch 020 | LR: 0.00196 | Loss: 0.1137 | GradNorm: 6.3395 | Batch P@10: 60.0%
2026-03-13 20:59:22,490 [INFO] E007 | Batch 021 | LR: 0.00198 | Loss: 0.3226 | GradNorm: 1.0057 | Batch P@10: 50.0%
2026-03-13 20:59:26,624 [INFO] E007 | Batch 022 | LR: 0.00199 | Loss: 0.6762 | GradNorm: 1.5459 | Batch P@10: 50.0%
2026-03-13 20:59:30,741 [INFO] E007 | Batch 023 | LR: 0.00200 | Loss: 0.1464 | GradNorm: 2.1127 | Batch P@10: 30.0%
2026-03-13 20:59:34,870 [INFO] E007 | Batch 024 | LR: 0.00201 | Loss: 0.1053 | GradNorm: 2.7343 | Batch P@10: 60.0%
2026-03-13 20:59:39,118 [INFO] E007 | Batch 025 | LR: 0.00203 | Loss: 0.4450 | GradNorm: 1.3143 | Batch P@10: 40.0%
2026-03-13 20:59:43,056 [INFO] E007 | Batch 026 | LR: 0.00204 | Loss: 0.1325 | GradNorm: 2.3481 | Batch P@10: 50.0%
2026-03-13 20:59:47,077 [INFO] E007 | Batch 027 | LR: 0.00205 | Loss: 0.2065 | GradNorm: 2.2355 | Batch P@10: 30.0%
2026-03-13 20:59:51,053 [INFO] E007 | Batch 028 | LR: 0.00206 | Loss: 0.1470 | GradNorm: 11.8942 | Batch P@10: 60.0%
2026-03-13 20:59:54,979 [INFO] E007 | Batch 029 | LR: 0.00208 | Loss: 0.7244 | GradNorm: 11.6556 | Batch P@10: 30.0%
2026-03-13 20:59:58,932 [INFO] E007 | Batch 030 | LR: 0.00209 | Loss: 0.1461 | GradNorm: 7.9065 | Batch P@10: 50.0%
2026-03-13 21:00:03,013 [INFO] E007 | Batch 031 | LR: 0.00210 | Loss: 0.1724 | GradNorm: 1.4208 | Batch P@10: 30.0%
2026-03-13 21:00:06,997 [INFO] E007 | Batch 032 | LR: 0.00211 | Loss: 0.8732 | GradNorm: 3.3371 | Batch P@10: 50.0%
2026-03-13 21:00:10,924 [INFO] E007 | Batch 033 | LR: 0.00213 | Loss: 0.3532 | GradNorm: 5.1572 | Batch P@10: 60.0%
2026-03-13 21:00:14,882 [INFO] E007 | Batch 034 | LR: 0.00214 | Loss: 0.7090 | GradNorm: 2.8682 | Batch P@10: 40.0%
2026-03-13 21:00:18,885 [INFO] E007 | Batch 035 | LR: 0.00215 | Loss: 0.1279 | GradNorm: 2.1131 | Batch P@10: 60.0%
2026-03-13 21:00:22,851 [INFO] E007 | Batch 036 | LR: 0.00216 | Loss: 0.1849 | GradNorm: 2.9098 | Batch P@10: 30.0%
2026-03-13 21:00:26,823 [INFO] E007 | Batch 037 | LR: 0.00218 | Loss: 0.1666 | GradNorm: 3.5710 | Batch P@10: 60.0%
2026-03-13 21:00:35,198 [INFO] 
---> FIM DA ÉPOCA 7 | Val P@10: 38.1773% | Loss Média: 0.3215 | Grad Médio: 3.6494 | Recorde Geral: 44.0887% <---

2026-03-13 21:00:39,384 [INFO] E008 | Batch 001 | LR: 0.00219 | Loss: 0.6941 | GradNorm: 2.6108 | Batch P@10: 40.0%
2026-03-13 21:00:43,401 [INFO] E008 | Batch 002 | LR: 0.00220 | Loss: 0.1361 | GradNorm: 8.0479 | Batch P@10: 50.0%
2026-03-13 21:00:47,347 [INFO] E008 | Batch 003 | LR: 0.00222 | Loss: 0.2154 | GradNorm: 12.9504 | Batch P@10: 20.0%
2026-03-13 21:00:51,347 [INFO] E008 | Batch 004 | LR: 0.00223 | Loss: 0.1622 | GradNorm: 11.4346 | Batch P@10: 10.0%
2026-03-13 21:00:55,340 [INFO] E008 | Batch 005 | LR: 0.00224 | Loss: 0.1878 | GradNorm: 12.3452 | Batch P@10: 40.0%
2026-03-13 21:00:59,461 [INFO] E008 | Batch 006 | LR: 0.00226 | Loss: 0.5175 | GradNorm: 6.0255 | Batch P@10: 20.0%
2026-03-13 21:01:03,491 [INFO] E008 | Batch 007 | LR: 0.00227 | Loss: 0.2675 | GradNorm: 2.2764 | Batch P@10: 30.0%
2026-03-13 21:01:07,518 [INFO] E008 | Batch 008 | LR: 0.00228 | Loss: 0.9547 | GradNorm: 4.0169 | Batch P@10: 40.0%
2026-03-13 21:01:11,578 [INFO] E008 | Batch 009 | LR: 0.00229 | Loss: 0.1378 | GradNorm: 2.6299 | Batch P@10: 30.0%
2026-03-13 21:01:15,521 [INFO] E008 | Batch 010 | LR: 0.00231 | Loss: 0.3631 | GradNorm: 3.6261 | Batch P@10: 40.0%
2026-03-13 21:01:19,469 [INFO] E008 | Batch 011 | LR: 0.00232 | Loss: 0.7040 | GradNorm: 1.4705 | Batch P@10: 30.0%
2026-03-13 21:01:23,496 [INFO] E008 | Batch 012 | LR: 0.00233 | Loss: 0.1058 | GradNorm: 2.9671 | Batch P@10: 60.0%
2026-03-13 21:01:27,617 [INFO] E008 | Batch 013 | LR: 0.00235 | Loss: 0.3213 | GradNorm: 3.7278 | Batch P@10: 30.0%
2026-03-13 21:01:31,740 [INFO] E008 | Batch 014 | LR: 0.00236 | Loss: 1.0698 | GradNorm: 2.0409 | Batch P@10: 10.0%
2026-03-13 21:01:35,853 [INFO] E008 | Batch 015 | LR: 0.00237 | Loss: 0.2594 | GradNorm: 9.8031 | Batch P@10: 30.0%
2026-03-13 21:01:39,817 [INFO] E008 | Batch 016 | LR: 0.00239 | Loss: 0.1027 | GradNorm: 10.8124 | Batch P@10: 60.0%
2026-03-13 21:01:43,775 [INFO] E008 | Batch 017 | LR: 0.00240 | Loss: 0.2139 | GradNorm: 9.2044 | Batch P@10: 30.0%
2026-03-13 21:01:47,912 [INFO] E008 | Batch 018 | LR: 0.00241 | Loss: 0.5758 | GradNorm: 5.3816 | Batch P@10: 30.0%
2026-03-13 21:01:51,861 [INFO] E008 | Batch 019 | LR: 0.00243 | Loss: 0.1269 | GradNorm: 2.9110 | Batch P@10: 60.0%
2026-03-13 21:01:56,035 [INFO] E008 | Batch 020 | LR: 0.00244 | Loss: 0.1172 | GradNorm: 4.0972 | Batch P@10: 40.0%
2026-03-13 21:02:00,030 [INFO] E008 | Batch 021 | LR: 0.00246 | Loss: 0.5397 | GradNorm: 3.5812 | Batch P@10: 40.0%
2026-03-13 21:02:04,090 [INFO] E008 | Batch 022 | LR: 0.00247 | Loss: 0.6795 | GradNorm: 2.2446 | Batch P@10: 40.0%
2026-03-13 21:02:08,253 [INFO] E008 | Batch 023 | LR: 0.00248 | Loss: 1.2461 | GradNorm: 6.8542 | Batch P@10: 40.0%
2026-03-13 21:02:12,345 [INFO] E008 | Batch 024 | LR: 0.00250 | Loss: 0.4863 | GradNorm: 9.7271 | Batch P@10: 50.0%
2026-03-13 21:02:16,342 [INFO] E008 | Batch 025 | LR: 0.00251 | Loss: 0.3936 | GradNorm: 8.1721 | Batch P@10: 40.0%
2026-03-13 21:02:20,302 [INFO] E008 | Batch 026 | LR: 0.00252 | Loss: 0.1480 | GradNorm: 1.6390 | Batch P@10: 80.0%
2026-03-13 21:02:24,270 [INFO] E008 | Batch 027 | LR: 0.00254 | Loss: 0.1546 | GradNorm: 4.3604 | Batch P@10: 50.0%
2026-03-13 21:02:28,271 [INFO] E008 | Batch 028 | LR: 0.00255 | Loss: 0.3925 | GradNorm: 2.9028 | Batch P@10: 20.0%
2026-03-13 21:02:32,287 [INFO] E008 | Batch 029 | LR: 0.00257 | Loss: 0.3685 | GradNorm: 6.6019 | Batch P@10: 50.0%
2026-03-13 21:02:36,357 [INFO] E008 | Batch 030 | LR: 0.00258 | Loss: 0.1800 | GradNorm: 7.1814 | Batch P@10: 30.0%
2026-03-13 21:02:40,494 [INFO] E008 | Batch 031 | LR: 0.00259 | Loss: 0.2896 | GradNorm: 2.3427 | Batch P@10: 20.0%
2026-03-13 21:02:44,552 [INFO] E008 | Batch 032 | LR: 0.00261 | Loss: 0.1368 | GradNorm: 3.6307 | Batch P@10: 50.0%
2026-03-13 21:02:48,522 [INFO] E008 | Batch 033 | LR: 0.00262 | Loss: 0.1504 | GradNorm: 4.9023 | Batch P@10: 50.0%
2026-03-13 21:02:52,496 [INFO] E008 | Batch 034 | LR: 0.00263 | Loss: 0.2557 | GradNorm: 2.5993 | Batch P@10: 50.0%
2026-03-13 21:02:56,678 [INFO] E008 | Batch 035 | LR: 0.00265 | Loss: 0.1795 | GradNorm: 1.4283 | Batch P@10: 60.0%
2026-03-13 21:03:00,696 [INFO] E008 | Batch 036 | LR: 0.00266 | Loss: 0.1534 | GradNorm: 6.8504 | Batch P@10: 20.0%
2026-03-13 21:03:04,789 [INFO] E008 | Batch 037 | LR: 0.00268 | Loss: 0.3030 | GradNorm: 3.8829 | Batch P@10: 40.0%
2026-03-13 21:03:13,298 [INFO] 
---> FIM DA ÉPOCA 8 | Val P@10: 39.7537% | Loss Média: 0.3497 | Grad Médio: 5.3319 | Recorde Geral: 44.0887% <---

2026-03-13 21:03:17,514 [INFO] E009 | Batch 001 | LR: 0.00269 | Loss: 0.1309 | GradNorm: 1.4892 | Batch P@10: 60.0%
2026-03-13 21:03:21,552 [INFO] E009 | Batch 002 | LR: 0.00271 | Loss: 0.5072 | GradNorm: 3.9502 | Batch P@10: 50.0%
2026-03-13 21:03:25,640 [INFO] E009 | Batch 003 | LR: 0.00272 | Loss: 0.1220 | GradNorm: 3.3839 | Batch P@10: 70.0%
2026-03-13 21:03:29,602 [INFO] E009 | Batch 004 | LR: 0.00273 | Loss: 1.0641 | GradNorm: 3.1263 | Batch P@10: 50.0%
2026-03-13 21:03:33,601 [INFO] E009 | Batch 005 | LR: 0.00275 | Loss: 0.1360 | GradNorm: 1.8068 | Batch P@10: 40.0%
2026-03-13 21:03:37,660 [INFO] E009 | Batch 006 | LR: 0.00276 | Loss: 0.1743 | GradNorm: 1.1987 | Batch P@10: 30.0%
2026-03-13 21:03:41,644 [INFO] E009 | Batch 007 | LR: 0.00278 | Loss: 0.1253 | GradNorm: 1.8655 | Batch P@10: 30.0%
2026-03-13 21:03:45,615 [INFO] E009 | Batch 008 | LR: 0.00279 | Loss: 0.1901 | GradNorm: 2.8232 | Batch P@10: 20.0%
2026-03-13 21:03:49,557 [INFO] E009 | Batch 009 | LR: 0.00280 | Loss: 0.1394 | GradNorm: 2.2294 | Batch P@10: 60.0%
2026-03-13 21:03:53,564 [INFO] E009 | Batch 010 | LR: 0.00282 | Loss: 0.1810 | GradNorm: 4.8438 | Batch P@10: 40.0%
2026-03-13 21:03:57,586 [INFO] E009 | Batch 011 | LR: 0.00283 | Loss: 0.1269 | GradNorm: 4.7893 | Batch P@10: 50.0%
2026-03-13 21:04:01,676 [INFO] E009 | Batch 012 | LR: 0.00285 | Loss: 0.5824 | GradNorm: 1.9084 | Batch P@10: 30.0%
2026-03-13 21:04:05,675 [INFO] E009 | Batch 013 | LR: 0.00286 | Loss: 0.5753 | GradNorm: 3.8759 | Batch P@10: 60.0%
2026-03-13 21:04:09,644 [INFO] E009 | Batch 014 | LR: 0.00288 | Loss: 0.1811 | GradNorm: 4.2838 | Batch P@10: 40.0%
2026-03-13 21:04:13,829 [INFO] E009 | Batch 015 | LR: 0.00289 | Loss: 0.1964 | GradNorm: 4.6129 | Batch P@10: 40.0%
2026-03-13 21:04:18,017 [INFO] E009 | Batch 016 | LR: 0.00291 | Loss: 0.3954 | GradNorm: 3.1731 | Batch P@10: 50.0%
2026-03-13 21:04:22,135 [INFO] E009 | Batch 017 | LR: 0.00292 | Loss: 0.8584 | GradNorm: 3.4183 | Batch P@10: 50.0%
2026-03-13 21:04:26,099 [INFO] E009 | Batch 018 | LR: 0.00294 | Loss: 0.1446 | GradNorm: 6.6243 | Batch P@10: 30.0%
2026-03-13 21:04:30,176 [INFO] E009 | Batch 019 | LR: 0.00295 | Loss: 0.1190 | GradNorm: 5.1851 | Batch P@10: 40.0%
2026-03-13 21:04:34,432 [INFO] E009 | Batch 020 | LR: 0.00296 | Loss: 0.2337 | GradNorm: 2.3939 | Batch P@10: 50.0%
2026-03-13 21:04:38,537 [INFO] E009 | Batch 021 | LR: 0.00298 | Loss: 0.3567 | GradNorm: 3.4278 | Batch P@10: 50.0%
2026-03-13 21:04:42,493 [INFO] E009 | Batch 022 | LR: 0.00299 | Loss: 0.2614 | GradNorm: 6.5358 | Batch P@10: 60.0%
2026-03-13 21:04:46,467 [INFO] E009 | Batch 023 | LR: 0.00301 | Loss: 0.1186 | GradNorm: 4.6936 | Batch P@10: 80.0%
2026-03-13 21:04:50,468 [INFO] E009 | Batch 024 | LR: 0.00302 | Loss: 0.3276 | GradNorm: 6.3827 | Batch P@10: 40.0%
2026-03-13 21:04:54,452 [INFO] E009 | Batch 025 | LR: 0.00304 | Loss: 0.1187 | GradNorm: 7.3408 | Batch P@10: 40.0%
2026-03-13 21:04:58,410 [INFO] E009 | Batch 026 | LR: 0.00305 | Loss: 0.1316 | GradNorm: 1.2318 | Batch P@10: 40.0%
2026-03-13 21:05:02,376 [INFO] E009 | Batch 027 | LR: 0.00307 | Loss: 0.1307 | GradNorm: 3.5873 | Batch P@10: 70.0%
2026-03-13 21:05:06,487 [INFO] E009 | Batch 028 | LR: 0.00308 | Loss: 0.4356 | GradNorm: 3.4905 | Batch P@10: 50.0%
2026-03-13 21:05:10,441 [INFO] E009 | Batch 029 | LR: 0.00310 | Loss: 0.1720 | GradNorm: 2.9876 | Batch P@10: 30.0%
2026-03-13 21:05:14,467 [INFO] E009 | Batch 030 | LR: 0.00311 | Loss: 0.3569 | GradNorm: 12.3987 | Batch P@10: 40.0%
2026-03-13 21:05:18,452 [INFO] E009 | Batch 031 | LR: 0.00313 | Loss: 0.1593 | GradNorm: 9.4209 | Batch P@10: 50.0%
2026-03-13 21:05:22,488 [INFO] E009 | Batch 032 | LR: 0.00314 | Loss: 0.7208 | GradNorm: 8.3864 | Batch P@10: 30.0%
2026-03-13 21:05:26,504 [INFO] E009 | Batch 033 | LR: 0.00316 | Loss: 0.4743 | GradNorm: 2.8259 | Batch P@10: 40.0%
2026-03-13 21:05:30,524 [INFO] E009 | Batch 034 | LR: 0.00317 | Loss: 0.1485 | GradNorm: 2.9059 | Batch P@10: 50.0%
2026-03-13 21:05:34,470 [INFO] E009 | Batch 035 | LR: 0.00319 | Loss: 0.1334 | GradNorm: 3.8540 | Batch P@10: 60.0%
2026-03-13 21:05:38,441 [INFO] E009 | Batch 036 | LR: 0.00320 | Loss: 0.5191 | GradNorm: 3.7721 | Batch P@10: 20.0%
2026-03-13 21:05:42,576 [INFO] E009 | Batch 037 | LR: 0.00322 | Loss: 0.3381 | GradNorm: 2.2796 | Batch P@10: 60.0%
2026-03-13 21:05:51,110 [INFO] 
---> FIM DA ÉPOCA 9 | Val P@10: 44.1379% | Loss Média: 0.2918 | Grad Médio: 4.1217 | Recorde Geral: 44.1379% <---

2026-03-13 21:05:51,128 [INFO] 💎 NOVO RECORDE RETREINO 64: 44.1%
2026-03-13 21:05:55,393 [INFO] E010 | Batch 001 | LR: 0.00323 | Loss: 0.4001 | GradNorm: 2.1817 | Batch P@10: 30.0%
2026-03-13 21:05:59,551 [INFO] E010 | Batch 002 | LR: 0.00325 | Loss: 0.3330 | GradNorm: 3.3636 | Batch P@10: 30.0%
2026-03-13 21:06:03,525 [INFO] E010 | Batch 003 | LR: 0.00326 | Loss: 0.1580 | GradNorm: 3.0817 | Batch P@10: 50.0%
2026-03-13 21:06:07,636 [INFO] E010 | Batch 004 | LR: 0.00328 | Loss: 1.0707 | GradNorm: 4.7536 | Batch P@10: 10.0%
2026-03-13 21:06:11,689 [INFO] E010 | Batch 005 | LR: 0.00329 | Loss: 0.1404 | GradNorm: 4.0525 | Batch P@10: 50.0%
2026-03-13 21:06:15,707 [INFO] E010 | Batch 006 | LR: 0.00331 | Loss: 0.1665 | GradNorm: 9.3461 | Batch P@10: 40.0%
2026-03-13 21:06:19,669 [INFO] E010 | Batch 007 | LR: 0.00332 | Loss: 0.5413 | GradNorm: 13.2301 | Batch P@10: 40.0%
2026-03-13 21:06:23,722 [INFO] E010 | Batch 008 | LR: 0.00334 | Loss: 0.5678 | GradNorm: 5.6440 | Batch P@10: 50.0%
2026-03-13 21:06:27,683 [INFO] E010 | Batch 009 | LR: 0.00335 | Loss: 0.2313 | GradNorm: 4.9401 | Batch P@10: 40.0%
2026-03-13 21:06:31,688 [INFO] E010 | Batch 010 | LR: 0.00337 | Loss: 0.4681 | GradNorm: 6.7072 | Batch P@10: 30.0%
2026-03-13 21:06:35,667 [INFO] E010 | Batch 011 | LR: 0.00338 | Loss: 0.3074 | GradNorm: 5.8840 | Batch P@10: 40.0%
2026-03-13 21:06:39,630 [INFO] E010 | Batch 012 | LR: 0.00340 | Loss: 0.5695 | GradNorm: 1.8590 | Batch P@10: 40.0%
2026-03-13 21:06:43,606 [INFO] E010 | Batch 013 | LR: 0.00341 | Loss: 0.1229 | GradNorm: 5.3965 | Batch P@10: 70.0%
2026-03-13 21:06:47,554 [INFO] E010 | Batch 014 | LR: 0.00343 | Loss: 0.2494 | GradNorm: 13.0374 | Batch P@10: 20.0%
2026-03-13 21:06:51,659 [INFO] E010 | Batch 015 | LR: 0.00345 | Loss: 0.2492 | GradNorm: 4.5543 | Batch P@10: 50.0%
2026-03-13 21:06:55,725 [INFO] E010 | Batch 016 | LR: 0.00346 | Loss: 0.1686 | GradNorm: 2.3480 | Batch P@10: 40.0%
2026-03-13 21:06:59,748 [INFO] E010 | Batch 017 | LR: 0.00348 | Loss: 0.1697 | GradNorm: 3.5666 | Batch P@10: 30.0%
2026-03-13 21:07:03,733 [INFO] E010 | Batch 018 | LR: 0.00349 | Loss: 0.1729 | GradNorm: 2.2671 | Batch P@10: 40.0%
2026-03-13 21:07:07,994 [INFO] E010 | Batch 019 | LR: 0.00351 | Loss: 0.2233 | GradNorm: 1.5079 | Batch P@10: 20.0%
2026-03-13 21:07:12,003 [INFO] E010 | Batch 020 | LR: 0.00352 | Loss: 0.2245 | GradNorm: 3.5950 | Batch P@10: 50.0%
2026-03-13 21:07:16,171 [INFO] E010 | Batch 021 | LR: 0.00354 | Loss: 0.3725 | GradNorm: 2.5952 | Batch P@10: 50.0%
2026-03-13 21:07:20,196 [INFO] E010 | Batch 022 | LR: 0.00355 | Loss: 0.1776 | GradNorm: 7.7931 | Batch P@10: 30.0%
2026-03-13 21:07:24,453 [INFO] E010 | Batch 023 | LR: 0.00357 | Loss: 0.4339 | GradNorm: 8.1435 | Batch P@10: 20.0%
2026-03-13 21:07:28,617 [INFO] E010 | Batch 024 | LR: 0.00359 | Loss: 0.1636 | GradNorm: 2.8759 | Batch P@10: 70.0%
2026-03-13 21:07:32,753 [INFO] E010 | Batch 025 | LR: 0.00360 | Loss: 0.2603 | GradNorm: 4.7254 | Batch P@10: 50.0%
2026-03-13 21:07:37,042 [INFO] E010 | Batch 026 | LR: 0.00362 | Loss: 0.3453 | GradNorm: 3.6285 | Batch P@10: 20.0%
2026-03-13 21:07:41,015 [INFO] E010 | Batch 027 | LR: 0.00363 | Loss: 0.1175 | GradNorm: 4.3751 | Batch P@10: 50.0%
2026-03-13 21:07:45,116 [INFO] E010 | Batch 028 | LR: 0.00365 | Loss: 0.2006 | GradNorm: 2.3256 | Batch P@10: 50.0%
2026-03-13 21:07:49,120 [INFO] E010 | Batch 029 | LR: 0.00366 | Loss: 0.4861 | GradNorm: 8.5216 | Batch P@10: 30.0%
2026-03-13 21:07:53,133 [INFO] E010 | Batch 030 | LR: 0.00368 | Loss: 0.4281 | GradNorm: 16.0765 | Batch P@10: 40.0%
2026-03-13 21:07:57,171 [INFO] E010 | Batch 031 | LR: 0.00369 | Loss: 0.1404 | GradNorm: 13.2557 | Batch P@10: 50.0%
2026-03-13 21:08:01,202 [INFO] E010 | Batch 032 | LR: 0.00371 | Loss: 0.1714 | GradNorm: 3.2728 | Batch P@10: 30.0%
2026-03-13 21:08:05,169 [INFO] E010 | Batch 033 | LR: 0.00373 | Loss: 0.3466 | GradNorm: 4.2486 | Batch P@10: 50.0%
2026-03-13 21:08:09,226 [INFO] E010 | Batch 034 | LR: 0.00374 | Loss: 0.3351 | GradNorm: 5.0791 | Batch P@10: 40.0%
2026-03-13 21:08:13,359 [INFO] E010 | Batch 035 | LR: 0.00376 | Loss: 0.1735 | GradNorm: 4.4017 | Batch P@10: 60.0%
2026-03-13 21:08:17,343 [INFO] E010 | Batch 036 | LR: 0.00377 | Loss: 0.1502 | GradNorm: 2.9484 | Batch P@10: 60.0%
2026-03-13 21:08:21,426 [INFO] E010 | Batch 037 | LR: 0.00379 | Loss: 0.2578 | GradNorm: 4.4971 | Batch P@10: 40.0%
2026-03-13 21:08:29,852 [INFO] 
---> FIM DA ÉPOCA 10 | Val P@10: 36.8966% | Loss Média: 0.2920 | Grad Médio: 5.4076 | Recorde Geral: 44.1379% <---

2026-03-13 21:08:34,144 [INFO] E011 | Batch 001 | LR: 0.00381 | Loss: 0.5507 | GradNorm: 11.2271 | Batch P@10: 40.0%
2026-03-13 21:08:38,161 [INFO] E011 | Batch 002 | LR: 0.00382 | Loss: 0.1425 | GradNorm: 8.5062 | Batch P@10: 60.0%
2026-03-13 21:08:42,278 [INFO] E011 | Batch 003 | LR: 0.00384 | Loss: 0.3288 | GradNorm: 1.6950 | Batch P@10: 30.0%
2026-03-13 21:08:46,313 [INFO] E011 | Batch 004 | LR: 0.00385 | Loss: 0.1518 | GradNorm: 3.8229 | Batch P@10: 50.0%
2026-03-13 21:08:50,321 [INFO] E011 | Batch 005 | LR: 0.00387 | Loss: 0.3888 | GradNorm: 3.8273 | Batch P@10: 70.0%
2026-03-13 21:08:54,478 [INFO] E011 | Batch 006 | LR: 0.00388 | Loss: 0.1542 | GradNorm: 3.5703 | Batch P@10: 20.0%
2026-03-13 21:08:58,496 [INFO] E011 | Batch 007 | LR: 0.00390 | Loss: 0.1634 | GradNorm: 2.0507 | Batch P@10: 50.0%
2026-03-13 21:09:02,636 [INFO] E011 | Batch 008 | LR: 0.00392 | Loss: 0.1974 | GradNorm: 11.7633 | Batch P@10: 50.0%
2026-03-13 21:09:06,682 [INFO] E011 | Batch 009 | LR: 0.00393 | Loss: 0.3746 | GradNorm: 15.3889 | Batch P@10: 10.0%
2026-03-13 21:09:10,657 [INFO] E011 | Batch 010 | LR: 0.00395 | Loss: 0.7397 | GradNorm: 13.3303 | Batch P@10: 40.0%
2026-03-13 21:09:14,865 [INFO] E011 | Batch 011 | LR: 0.00396 | Loss: 0.9420 | GradNorm: 8.2341 | Batch P@10: 20.0%
2026-03-13 21:09:18,904 [INFO] E011 | Batch 012 | LR: 0.00398 | Loss: 0.1115 | GradNorm: 2.4447 | Batch P@10: 70.0%
2026-03-13 21:09:23,038 [INFO] E011 | Batch 013 | LR: 0.00400 | Loss: 0.2644 | GradNorm: 3.8403 | Batch P@10: 30.0%
2026-03-13 21:09:27,107 [INFO] E011 | Batch 014 | LR: 0.00401 | Loss: 0.2244 | GradNorm: 3.3978 | Batch P@10: 40.0%
2026-03-13 21:09:31,308 [INFO] E011 | Batch 015 | LR: 0.00403 | Loss: 0.1751 | GradNorm: 2.0041 | Batch P@10: 40.0%
2026-03-13 21:09:35,538 [INFO] E011 | Batch 016 | LR: 0.00404 | Loss: 0.3150 | GradNorm: 2.1336 | Batch P@10: 30.0%
2026-03-13 21:09:39,495 [INFO] E011 | Batch 017 | LR: 0.00406 | Loss: 0.1347 | GradNorm: 1.6596 | Batch P@10: 50.0%
2026-03-13 21:09:43,586 [INFO] E011 | Batch 018 | LR: 0.00408 | Loss: 0.3451 | GradNorm: 2.3811 | Batch P@10: 20.0%
2026-03-13 21:09:47,554 [INFO] E011 | Batch 019 | LR: 0.00409 | Loss: 0.1273 | GradNorm: 1.1046 | Batch P@10: 60.0%
2026-03-13 21:09:51,531 [INFO] E011 | Batch 020 | LR: 0.00411 | Loss: 0.2010 | GradNorm: 1.5725 | Batch P@10: 50.0%
2026-03-13 21:09:55,502 [INFO] E011 | Batch 021 | LR: 0.00412 | Loss: 0.5470 | GradNorm: 1.3819 | Batch P@10: 50.0%
2026-03-13 21:09:59,695 [INFO] E011 | Batch 022 | LR: 0.00414 | Loss: 0.2772 | GradNorm: 2.1116 | Batch P@10: 40.0%
2026-03-13 21:10:03,946 [INFO] E011 | Batch 023 | LR: 0.00416 | Loss: 0.2369 | GradNorm: 3.8693 | Batch P@10: 40.0%
2026-03-13 21:10:08,066 [INFO] E011 | Batch 024 | LR: 0.00417 | Loss: 0.2305 | GradNorm: 3.5787 | Batch P@10: 70.0%
2026-03-13 21:10:12,056 [INFO] E011 | Batch 025 | LR: 0.00419 | Loss: 0.2329 | GradNorm: 2.7905 | Batch P@10: 50.0%
2026-03-13 21:10:16,101 [INFO] E011 | Batch 026 | LR: 0.00421 | Loss: 0.2427 | GradNorm: 8.3743 | Batch P@10: 40.0%
2026-03-13 21:10:20,243 [INFO] E011 | Batch 027 | LR: 0.00422 | Loss: 0.5972 | GradNorm: 7.3689 | Batch P@10: 20.0%
2026-03-13 21:10:24,321 [INFO] E011 | Batch 028 | LR: 0.00424 | Loss: 0.1368 | GradNorm: 2.3058 | Batch P@10: 60.0%
2026-03-13 21:10:28,302 [INFO] E011 | Batch 029 | LR: 0.00425 | Loss: 0.2125 | GradNorm: 5.5309 | Batch P@10: 50.0%
2026-03-13 21:10:32,398 [INFO] E011 | Batch 030 | LR: 0.00427 | Loss: 0.3716 | GradNorm: 6.4664 | Batch P@10: 50.0%
2026-03-13 21:10:36,343 [INFO] E011 | Batch 031 | LR: 0.00429 | Loss: 0.1832 | GradNorm: 3.1377 | Batch P@10: 30.0%
2026-03-13 21:10:40,412 [INFO] E011 | Batch 032 | LR: 0.00430 | Loss: 0.5010 | GradNorm: 9.7447 | Batch P@10: 30.0%
2026-03-13 21:10:44,545 [INFO] E011 | Batch 033 | LR: 0.00432 | Loss: 0.4610 | GradNorm: 15.1406 | Batch P@10: 30.0%
2026-03-13 21:10:48,644 [INFO] E011 | Batch 034 | LR: 0.00434 | Loss: 1.7254 | GradNorm: 7.0138 | Batch P@10: 10.0%
2026-03-13 21:10:52,717 [INFO] E011 | Batch 035 | LR: 0.00435 | Loss: 0.5943 | GradNorm: 2.7997 | Batch P@10: 30.0%
2026-03-13 21:10:56,684 [INFO] E011 | Batch 036 | LR: 0.00437 | Loss: 0.1361 | GradNorm: 2.2621 | Batch P@10: 70.0%
2026-03-13 21:11:00,668 [INFO] E011 | Batch 037 | LR: 0.00438 | Loss: 0.6618 | GradNorm: 1.9094 | Batch P@10: 40.0%
2026-03-13 21:11:09,149 [INFO] 
---> FIM DA ÉPOCA 11 | Val P@10: 41.9212% | Loss Média: 0.3521 | Grad Médio: 5.1281 | Recorde Geral: 44.1379% <---

2026-03-13 21:11:13,235 [INFO] E012 | Batch 001 | LR: 0.00440 | Loss: 0.3901 | GradNorm: 1.0393 | Batch P@10: 60.0%
2026-03-13 21:11:17,203 [INFO] E012 | Batch 002 | LR: 0.00442 | Loss: 0.9493 | GradNorm: 3.7882 | Batch P@10: 10.0%
2026-03-13 21:11:21,141 [INFO] E012 | Batch 003 | LR: 0.00443 | Loss: 0.6081 | GradNorm: 3.8204 | Batch P@10: 30.0%
2026-03-13 21:11:25,070 [INFO] E012 | Batch 004 | LR: 0.00445 | Loss: 0.3357 | GradNorm: 1.4182 | Batch P@10: 30.0%
2026-03-13 21:11:29,084 [INFO] E012 | Batch 005 | LR: 0.00447 | Loss: 0.2367 | GradNorm: 11.9611 | Batch P@10: 50.0%
2026-03-13 21:11:33,024 [INFO] E012 | Batch 006 | LR: 0.00448 | Loss: 0.3469 | GradNorm: 12.8822 | Batch P@10: 30.0%
2026-03-13 21:11:37,069 [INFO] E012 | Batch 007 | LR: 0.00450 | Loss: 1.4223 | GradNorm: 10.9908 | Batch P@10: 0.0%
2026-03-13 21:11:41,074 [INFO] E012 | Batch 008 | LR: 0.00452 | Loss: 0.4000 | GradNorm: 3.6620 | Batch P@10: 50.0%
2026-03-13 21:11:45,030 [INFO] E012 | Batch 009 | LR: 0.00453 | Loss: 0.6042 | GradNorm: 4.7830 | Batch P@10: 30.0%
2026-03-13 21:11:48,989 [INFO] E012 | Batch 010 | LR: 0.00455 | Loss: 0.2395 | GradNorm: 3.6864 | Batch P@10: 40.0%
2026-03-13 21:11:53,031 [INFO] E012 | Batch 011 | LR: 0.00456 | Loss: 0.5521 | GradNorm: 3.7950 | Batch P@10: 40.0%
2026-03-13 21:11:57,060 [INFO] E012 | Batch 012 | LR: 0.00458 | Loss: 0.3936 | GradNorm: 4.3083 | Batch P@10: 30.0%
2026-03-13 21:12:01,061 [INFO] E012 | Batch 013 | LR: 0.00460 | Loss: 0.5984 | GradNorm: 1.4153 | Batch P@10: 30.0%
2026-03-13 21:12:05,002 [INFO] E012 | Batch 014 | LR: 0.00461 | Loss: 0.2390 | GradNorm: 9.6656 | Batch P@10: 40.0%
2026-03-13 21:12:09,154 [INFO] E012 | Batch 015 | LR: 0.00463 | Loss: 0.1770 | GradNorm: 9.6984 | Batch P@10: 40.0%
2026-03-13 21:12:13,423 [INFO] E012 | Batch 016 | LR: 0.00465 | Loss: 0.2021 | GradNorm: 2.2396 | Batch P@10: 40.0%
2026-03-13 21:12:17,583 [INFO] E012 | Batch 017 | LR: 0.00466 | Loss: 0.2391 | GradNorm: 1.9482 | Batch P@10: 50.0%
2026-03-13 21:12:21,659 [INFO] E012 | Batch 018 | LR: 0.00468 | Loss: 0.2215 | GradNorm: 1.4355 | Batch P@10: 40.0%
2026-03-13 21:12:25,591 [INFO] E012 | Batch 019 | LR: 0.00470 | Loss: 0.4136 | GradNorm: 2.1370 | Batch P@10: 30.0%
2026-03-13 21:12:29,736 [INFO] E012 | Batch 020 | LR: 0.00471 | Loss: 0.3749 | GradNorm: 2.4540 | Batch P@10: 50.0%
2026-03-13 21:12:33,820 [INFO] E012 | Batch 021 | LR: 0.00473 | Loss: 1.0348 | GradNorm: 1.8332 | Batch P@10: 50.0%
2026-03-13 21:12:37,820 [INFO] E012 | Batch 022 | LR: 0.00475 | Loss: 1.1041 | GradNorm: 1.3753 | Batch P@10: 50.0%
2026-03-13 21:12:41,814 [INFO] E012 | Batch 023 | LR: 0.00476 | Loss: 0.1738 | GradNorm: 3.6011 | Batch P@10: 40.0%
2026-03-13 21:12:45,779 [INFO] E012 | Batch 024 | LR: 0.00478 | Loss: 0.1637 | GradNorm: 5.1290 | Batch P@10: 70.0%
2026-03-13 21:12:49,731 [INFO] E012 | Batch 025 | LR: 0.00479 | Loss: 0.2006 | GradNorm: 3.1363 | Batch P@10: 70.0%
2026-03-13 21:12:53,677 [INFO] E012 | Batch 026 | LR: 0.00481 | Loss: 0.2535 | GradNorm: 4.2896 | Batch P@10: 50.0%
2026-03-13 21:12:57,744 [INFO] E012 | Batch 027 | LR: 0.00483 | Loss: 0.3740 | GradNorm: 1.6942 | Batch P@10: 30.0%
2026-03-13 21:13:01,726 [INFO] E012 | Batch 028 | LR: 0.00484 | Loss: 0.2294 | GradNorm: 4.1974 | Batch P@10: 60.0%
2026-03-13 21:13:05,829 [INFO] E012 | Batch 029 | LR: 0.00486 | Loss: 0.1861 | GradNorm: 3.4438 | Batch P@10: 50.0%
2026-03-13 21:13:09,873 [INFO] E012 | Batch 030 | LR: 0.00488 | Loss: 0.6429 | GradNorm: 2.4781 | Batch P@10: 10.0%
2026-03-13 21:13:14,005 [INFO] E012 | Batch 031 | LR: 0.00489 | Loss: 0.3051 | GradNorm: 5.8182 | Batch P@10: 40.0%
2026-03-13 21:13:17,968 [INFO] E012 | Batch 032 | LR: 0.00491 | Loss: 0.5112 | GradNorm: 2.8521 | Batch P@10: 40.0%
2026-03-13 21:13:22,014 [INFO] E012 | Batch 033 | LR: 0.00493 | Loss: 0.1673 | GradNorm: 4.7781 | Batch P@10: 40.0%
2026-03-13 21:13:26,014 [INFO] E012 | Batch 034 | LR: 0.00494 | Loss: 0.2040 | GradNorm: 3.9910 | Batch P@10: 40.0%
2026-03-13 21:13:30,126 [INFO] E012 | Batch 035 | LR: 0.00496 | Loss: 0.1672 | GradNorm: 4.9208 | Batch P@10: 40.0%
2026-03-13 21:13:34,138 [INFO] E012 | Batch 036 | LR: 0.00498 | Loss: 0.3171 | GradNorm: 1.7159 | Batch P@10: 40.0%
2026-03-13 21:13:38,127 [INFO] E012 | Batch 037 | LR: 0.00499 | Loss: 1.0169 | GradNorm: 1.7454 | Batch P@10: 20.0%
2026-03-13 21:13:46,613 [INFO] 
---> FIM DA ÉPOCA 12 | Val P@10: 33.5468% | Loss Média: 0.4209 | Grad Médio: 4.1656 | Recorde Geral: 44.1379% <---

2026-03-13 21:13:50,694 [INFO] E013 | Batch 001 | LR: 0.00501 | Loss: 1.1262 | GradNorm: 5.8743 | Batch P@10: 30.0%
2026-03-13 21:13:54,677 [INFO] E013 | Batch 002 | LR: 0.00503 | Loss: 0.1626 | GradNorm: 7.2233 | Batch P@10: 40.0%
2026-03-13 21:13:58,651 [INFO] E013 | Batch 003 | LR: 0.00504 | Loss: 0.1727 | GradNorm: 1.4053 | Batch P@10: 60.0%
2026-03-13 21:14:02,632 [INFO] E013 | Batch 004 | LR: 0.00506 | Loss: 0.1762 | GradNorm: 3.2806 | Batch P@10: 20.0%
2026-03-13 21:14:06,720 [INFO] E013 | Batch 005 | LR: 0.00508 | Loss: 0.1910 | GradNorm: 2.0393 | Batch P@10: 30.0%
2026-03-13 21:14:10,679 [INFO] E013 | Batch 006 | LR: 0.00509 | Loss: 0.1977 | GradNorm: 2.2053 | Batch P@10: 40.0%
2026-03-13 21:14:14,609 [INFO] E013 | Batch 007 | LR: 0.00511 | Loss: 1.1299 | GradNorm: 2.4505 | Batch P@10: 30.0%
2026-03-13 21:14:18,548 [INFO] E013 | Batch 008 | LR: 0.00513 | Loss: 0.1847 | GradNorm: 2.0969 | Batch P@10: 50.0%
2026-03-13 21:14:22,512 [INFO] E013 | Batch 009 | LR: 0.00514 | Loss: 0.1987 | GradNorm: 7.7872 | Batch P@10: 20.0%
2026-03-13 21:14:26,582 [INFO] E013 | Batch 010 | LR: 0.00516 | Loss: 0.2522 | GradNorm: 8.1092 | Batch P@10: 30.0%
2026-03-13 21:14:30,556 [INFO] E013 | Batch 011 | LR: 0.00518 | Loss: 0.1542 | GradNorm: 3.8351 | Batch P@10: 60.0%
2026-03-13 21:14:34,575 [INFO] E013 | Batch 012 | LR: 0.00519 | Loss: 0.9377 | GradNorm: 2.8178 | Batch P@10: 30.0%
2026-03-13 21:14:38,634 [INFO] E013 | Batch 013 | LR: 0.00521 | Loss: 0.2343 | GradNorm: 2.8881 | Batch P@10: 40.0%
2026-03-13 21:14:42,610 [INFO] E013 | Batch 014 | LR: 0.00522 | Loss: 0.2051 | GradNorm: 6.7478 | Batch P@10: 70.0%
2026-03-13 21:14:46,543 [INFO] E013 | Batch 015 | LR: 0.00524 | Loss: 0.1835 | GradNorm: 4.7299 | Batch P@10: 40.0%
2026-03-13 21:14:50,514 [INFO] E013 | Batch 016 | LR: 0.00526 | Loss: 0.2453 | GradNorm: 2.8847 | Batch P@10: 60.0%
2026-03-13 21:14:54,500 [INFO] E013 | Batch 017 | LR: 0.00527 | Loss: 0.1675 | GradNorm: 4.7331 | Batch P@10: 50.0%
2026-03-13 21:14:58,490 [INFO] E013 | Batch 018 | LR: 0.00529 | Loss: 0.1593 | GradNorm: 2.4846 | Batch P@10: 40.0%
2026-03-13 21:15:02,459 [INFO] E013 | Batch 019 | LR: 0.00531 | Loss: 0.3347 | GradNorm: 2.2806 | Batch P@10: 40.0%
2026-03-13 21:15:06,437 [INFO] E013 | Batch 020 | LR: 0.00532 | Loss: 0.1861 | GradNorm: 7.0944 | Batch P@10: 50.0%
2026-03-13 21:15:10,407 [INFO] E013 | Batch 021 | LR: 0.00534 | Loss: 0.2102 | GradNorm: 15.3381 | Batch P@10: 30.0%
2026-03-13 21:15:14,422 [INFO] E013 | Batch 022 | LR: 0.00536 | Loss: 0.3392 | GradNorm: 12.1213 | Batch P@10: 20.0%
2026-03-13 21:15:18,394 [INFO] E013 | Batch 023 | LR: 0.00537 | Loss: 0.1893 | GradNorm: 4.7384 | Batch P@10: 40.0%
2026-03-13 21:15:22,695 [INFO] E013 | Batch 024 | LR: 0.00539 | Loss: 0.5630 | GradNorm: 3.8358 | Batch P@10: 30.0%
2026-03-13 21:15:26,828 [INFO] E013 | Batch 025 | LR: 0.00541 | Loss: 0.9848 | GradNorm: 4.2242 | Batch P@10: 20.0%
2026-03-13 21:15:30,951 [INFO] E013 | Batch 026 | LR: 0.00542 | Loss: 0.8028 | GradNorm: 4.2056 | Batch P@10: 30.0%
2026-03-13 21:15:35,198 [INFO] E013 | Batch 027 | LR: 0.00544 | Loss: 0.2962 | GradNorm: 1.6207 | Batch P@10: 40.0%
2026-03-13 21:15:39,165 [INFO] E013 | Batch 028 | LR: 0.00546 | Loss: 0.4374 | GradNorm: 4.4435 | Batch P@10: 40.0%
2026-03-13 21:15:43,187 [INFO] E013 | Batch 029 | LR: 0.00547 | Loss: 0.3011 | GradNorm: 1.4054 | Batch P@10: 50.0%
2026-03-13 21:15:47,263 [INFO] E013 | Batch 030 | LR: 0.00549 | Loss: 0.2020 | GradNorm: 4.4488 | Batch P@10: 30.0%
2026-03-13 21:15:51,401 [INFO] E013 | Batch 031 | LR: 0.00551 | Loss: 0.8048 | GradNorm: 4.4103 | Batch P@10: 10.0%
2026-03-13 21:15:55,350 [INFO] E013 | Batch 032 | LR: 0.00552 | Loss: 0.4120 | GradNorm: 2.9142 | Batch P@10: 60.0%
2026-03-13 21:15:59,473 [INFO] E013 | Batch 033 | LR: 0.00554 | Loss: 0.4358 | GradNorm: 12.9429 | Batch P@10: 30.0%
2026-03-13 21:16:03,509 [INFO] E013 | Batch 034 | LR: 0.00556 | Loss: 0.4676 | GradNorm: 17.3725 | Batch P@10: 20.0%
2026-03-13 21:16:07,590 [INFO] E013 | Batch 035 | LR: 0.00557 | Loss: 0.2227 | GradNorm: 12.3679 | Batch P@10: 50.0%
2026-03-13 21:16:11,576 [INFO] E013 | Batch 036 | LR: 0.00559 | Loss: 0.2163 | GradNorm: 9.6933 | Batch P@10: 30.0%
2026-03-13 21:16:15,543 [INFO] E013 | Batch 037 | LR: 0.00561 | Loss: 0.2030 | GradNorm: 1.8032 | Batch P@10: 60.0%
2026-03-13 21:16:23,984 [INFO] 
---> FIM DA ÉPOCA 13 | Val P@10: 42.9064% | Loss Média: 0.3602 | Grad Médio: 5.4285 | Recorde Geral: 44.1379% <---

2026-03-13 21:16:28,133 [INFO] E014 | Batch 001 | LR: 0.00562 | Loss: 0.4450 | GradNorm: 4.0638 | Batch P@10: 30.0%
2026-03-13 21:16:32,082 [INFO] E014 | Batch 002 | LR: 0.00564 | Loss: 0.3836 | GradNorm: 3.9312 | Batch P@10: 40.0%
2026-03-13 21:16:36,048 [INFO] E014 | Batch 003 | LR: 0.00565 | Loss: 0.6998 | GradNorm: 2.3110 | Batch P@10: 30.0%
2026-03-13 21:16:39,987 [INFO] E014 | Batch 004 | LR: 0.00567 | Loss: 0.2920 | GradNorm: 6.4188 | Batch P@10: 60.0%
2026-03-13 21:16:43,919 [INFO] E014 | Batch 005 | LR: 0.00569 | Loss: 0.3628 | GradNorm: 11.5578 | Batch P@10: 30.0%
2026-03-13 21:16:47,890 [INFO] E014 | Batch 006 | LR: 0.00570 | Loss: 0.3521 | GradNorm: 5.5581 | Batch P@10: 40.0%
2026-03-13 21:16:51,833 [INFO] E014 | Batch 007 | LR: 0.00572 | Loss: 0.2343 | GradNorm: 4.0037 | Batch P@10: 30.0%
2026-03-13 21:16:56,001 [INFO] E014 | Batch 008 | LR: 0.00574 | Loss: 0.4742 | GradNorm: 4.3481 | Batch P@10: 40.0%
2026-03-13 21:17:00,121 [INFO] E014 | Batch 009 | LR: 0.00575 | Loss: 0.1911 | GradNorm: 2.8027 | Batch P@10: 30.0%
2026-03-13 21:17:04,159 [INFO] E014 | Batch 010 | LR: 0.00577 | Loss: 0.5060 | GradNorm: 5.2340 | Batch P@10: 70.0%
2026-03-13 21:17:08,093 [INFO] E014 | Batch 011 | LR: 0.00579 | Loss: 0.7541 | GradNorm: 13.8078 | Batch P@10: 30.0%
2026-03-13 21:17:12,033 [INFO] E014 | Batch 012 | LR: 0.00580 | Loss: 0.1450 | GradNorm: 5.9830 | Batch P@10: 50.0%
2026-03-13 21:17:15,971 [INFO] E014 | Batch 013 | LR: 0.00582 | Loss: 0.2004 | GradNorm: 1.7396 | Batch P@10: 30.0%
2026-03-13 21:17:19,913 [INFO] E014 | Batch 014 | LR: 0.00584 | Loss: 1.1397 | GradNorm: 3.4222 | Batch P@10: 40.0%
2026-03-13 21:17:23,863 [INFO] E014 | Batch 015 | LR: 0.00585 | Loss: 0.3548 | GradNorm: 2.0974 | Batch P@10: 20.0%
2026-03-13 21:17:28,097 [INFO] E014 | Batch 016 | LR: 0.00587 | Loss: 0.1404 | GradNorm: 3.4728 | Batch P@10: 40.0%
2026-03-13 21:17:32,065 [INFO] E014 | Batch 017 | LR: 0.00588 | Loss: 0.1414 | GradNorm: 2.3264 | Batch P@10: 40.0%
2026-03-13 21:17:35,997 [INFO] E014 | Batch 018 | LR: 0.00590 | Loss: 0.1767 | GradNorm: 1.7502 | Batch P@10: 30.0%
2026-03-13 21:17:39,930 [INFO] E014 | Batch 019 | LR: 0.00592 | Loss: 0.1799 | GradNorm: 0.8751 | Batch P@10: 40.0%
2026-03-13 21:17:43,964 [INFO] E014 | Batch 020 | LR: 0.00593 | Loss: 0.2146 | GradNorm: 4.2009 | Batch P@10: 50.0%
2026-03-13 21:17:47,883 [INFO] E014 | Batch 021 | LR: 0.00595 | Loss: 0.2202 | GradNorm: 1.2854 | Batch P@10: 20.0%
2026-03-13 21:17:51,971 [INFO] E014 | Batch 022 | LR: 0.00597 | Loss: 0.2325 | GradNorm: 1.5276 | Batch P@10: 40.0%
2026-03-13 21:17:55,998 [INFO] E014 | Batch 023 | LR: 0.00598 | Loss: 0.3157 | GradNorm: 1.2887 | Batch P@10: 50.0%
2026-03-13 21:17:59,985 [INFO] E014 | Batch 024 | LR: 0.00600 | Loss: 0.6752 | GradNorm: 10.6891 | Batch P@10: 20.0%
2026-03-13 21:18:04,095 [INFO] E014 | Batch 025 | LR: 0.00602 | Loss: 0.1481 | GradNorm: 9.5955 | Batch P@10: 50.0%
2026-03-13 21:18:08,057 [INFO] E014 | Batch 026 | LR: 0.00603 | Loss: 0.2520 | GradNorm: 2.9697 | Batch P@10: 40.0%
2026-03-13 21:18:12,079 [INFO] E014 | Batch 027 | LR: 0.00605 | Loss: 0.4818 | GradNorm: 3.8020 | Batch P@10: 10.0%
2026-03-13 21:18:16,149 [INFO] E014 | Batch 028 | LR: 0.00606 | Loss: 1.0783 | GradNorm: 3.7375 | Batch P@10: 50.0%
2026-03-13 21:18:20,097 [INFO] E014 | Batch 029 | LR: 0.00608 | Loss: 0.1885 | GradNorm: 2.6384 | Batch P@10: 60.0%
2026-03-13 21:18:24,052 [INFO] E014 | Batch 030 | LR: 0.00610 | Loss: 0.1925 | GradNorm: 3.4782 | Batch P@10: 20.0%
2026-03-13 21:18:28,046 [INFO] E014 | Batch 031 | LR: 0.00611 | Loss: 0.1576 | GradNorm: 1.9381 | Batch P@10: 30.0%
2026-03-13 21:18:32,014 [INFO] E014 | Batch 032 | LR: 0.00613 | Loss: 0.2708 | GradNorm: 0.8900 | Batch P@10: 30.0%
2026-03-13 21:18:36,037 [INFO] E014 | Batch 033 | LR: 0.00615 | Loss: 0.2800 | GradNorm: 1.1735 | Batch P@10: 30.0%
2026-03-13 21:18:40,108 [INFO] E014 | Batch 034 | LR: 0.00616 | Loss: 0.1544 | GradNorm: 2.7934 | Batch P@10: 50.0%
2026-03-13 21:18:44,095 [INFO] E014 | Batch 035 | LR: 0.00618 | Loss: 0.3114 | GradNorm: 1.7663 | Batch P@10: 20.0%
2026-03-13 21:18:48,227 [INFO] E014 | Batch 036 | LR: 0.00619 | Loss: 0.1574 | GradNorm: 3.1484 | Batch P@10: 30.0%
2026-03-13 21:18:52,300 [INFO] E014 | Batch 037 | LR: 0.00621 | Loss: 0.1647 | GradNorm: 1.6232 | Batch P@10: 70.0%
2026-03-13 21:19:00,642 [INFO] 
---> FIM DA ÉPOCA 14 | Val P@10: 43.0049% | Loss Média: 0.3334 | Grad Médio: 3.8986 | Recorde Geral: 44.1379% <---

2026-03-13 21:19:04,850 [INFO] E015 | Batch 001 | LR: 0.00623 | Loss: 0.1315 | GradNorm: 2.0838 | Batch P@10: 50.0%
2026-03-13 21:19:08,774 [INFO] E015 | Batch 002 | LR: 0.00624 | Loss: 0.1928 | GradNorm: 3.6474 | Batch P@10: 50.0%
2026-03-13 21:19:12,842 [INFO] E015 | Batch 003 | LR: 0.00626 | Loss: 0.1498 | GradNorm: 3.2709 | Batch P@10: 40.0%
2026-03-13 21:19:16,919 [INFO] E015 | Batch 004 | LR: 0.00628 | Loss: 0.1661 | GradNorm: 15.1439 | Batch P@10: 50.0%
2026-03-13 21:19:20,940 [INFO] E015 | Batch 005 | LR: 0.00629 | Loss: 0.3167 | GradNorm: 20.8861 | Batch P@10: 20.0%
2026-03-13 21:19:24,946 [INFO] E015 | Batch 006 | LR: 0.00631 | Loss: 0.4765 | GradNorm: 12.0563 | Batch P@10: 30.0%
2026-03-13 21:19:28,906 [INFO] E015 | Batch 007 | LR: 0.00632 | Loss: 0.2335 | GradNorm: 1.5729 | Batch P@10: 60.0%
2026-03-13 21:19:33,086 [INFO] E015 | Batch 008 | LR: 0.00634 | Loss: 0.5336 | GradNorm: 4.9466 | Batch P@10: 30.0%
2026-03-13 21:19:37,148 [INFO] E015 | Batch 009 | LR: 0.00636 | Loss: 0.7466 | GradNorm: 4.2752 | Batch P@10: 50.0%
2026-03-13 21:19:41,100 [INFO] E015 | Batch 010 | LR: 0.00637 | Loss: 0.3247 | GradNorm: 1.3973 | Batch P@10: 50.0%
2026-03-13 21:19:45,055 [INFO] E015 | Batch 011 | LR: 0.00639 | Loss: 0.4448 | GradNorm: 15.2169 | Batch P@10: 20.0%
2026-03-13 21:19:49,087 [INFO] E015 | Batch 012 | LR: 0.00640 | Loss: 0.4984 | GradNorm: 17.9730 | Batch P@10: 30.0%
2026-03-13 21:19:53,042 [INFO] E015 | Batch 013 | LR: 0.00642 | Loss: 0.6871 | GradNorm: 16.9192 | Batch P@10: 30.0%
2026-03-13 21:19:57,227 [INFO] E015 | Batch 014 | LR: 0.00644 | Loss: 0.3297 | GradNorm: 7.5261 | Batch P@10: 40.0%
2026-03-13 21:20:01,261 [INFO] E015 | Batch 015 | LR: 0.00645 | Loss: 0.2391 | GradNorm: 2.5550 | Batch P@10: 40.0%
2026-03-13 21:20:05,302 [INFO] E015 | Batch 016 | LR: 0.00647 | Loss: 0.2790 | GradNorm: 4.4453 | Batch P@10: 50.0%
2026-03-13 21:20:09,293 [INFO] E015 | Batch 017 | LR: 0.00648 | Loss: 0.3772 | GradNorm: 3.7782 | Batch P@10: 60.0%
2026-03-13 21:20:13,315 [INFO] E015 | Batch 018 | LR: 0.00650 | Loss: 0.1928 | GradNorm: 2.7945 | Batch P@10: 50.0%
2026-03-13 21:20:17,551 [INFO] E015 | Batch 019 | LR: 0.00652 | Loss: 0.5958 | GradNorm: 1.5234 | Batch P@10: 30.0%
2026-03-13 21:20:21,631 [INFO] E015 | Batch 020 | LR: 0.00653 | Loss: 0.7539 | GradNorm: 11.6129 | Batch P@10: 20.0%
2026-03-13 21:20:25,549 [INFO] E015 | Batch 021 | LR: 0.00655 | Loss: 0.6808 | GradNorm: 19.1784 | Batch P@10: 20.0%
2026-03-13 21:20:29,486 [INFO] E015 | Batch 022 | LR: 0.00656 | Loss: 0.7565 | GradNorm: 17.2420 | Batch P@10: 40.0%
2026-03-13 21:20:33,429 [INFO] E015 | Batch 023 | LR: 0.00658 | Loss: 0.3829 | GradNorm: 15.8982 | Batch P@10: 50.0%
2026-03-13 21:20:37,386 [INFO] E015 | Batch 024 | LR: 0.00659 | Loss: 0.1296 | GradNorm: 2.1701 | Batch P@10: 60.0%
2026-03-13 21:20:41,414 [INFO] E015 | Batch 025 | LR: 0.00661 | Loss: 0.2685 | GradNorm: 2.8882 | Batch P@10: 30.0%
2026-03-13 21:20:45,515 [INFO] E015 | Batch 026 | LR: 0.00663 | Loss: 0.3866 | GradNorm: 2.7590 | Batch P@10: 20.0%
2026-03-13 21:20:49,502 [INFO] E015 | Batch 027 | LR: 0.00664 | Loss: 0.2829 | GradNorm: 3.5086 | Batch P@10: 40.0%
2026-03-13 21:20:53,580 [INFO] E015 | Batch 028 | LR: 0.00666 | Loss: 0.1295 | GradNorm: 2.2336 | Batch P@10: 50.0%
2026-03-13 21:20:57,524 [INFO] E015 | Batch 029 | LR: 0.00667 | Loss: 0.3257 | GradNorm: 2.0369 | Batch P@10: 30.0%
2026-03-13 21:21:01,581 [INFO] E015 | Batch 030 | LR: 0.00669 | Loss: 0.1662 | GradNorm: 1.1099 | Batch P@10: 50.0%
2026-03-13 21:21:05,593 [INFO] E015 | Batch 031 | LR: 0.00671 | Loss: 0.4104 | GradNorm: 2.4307 | Batch P@10: 30.0%
2026-03-13 21:21:09,501 [INFO] E015 | Batch 032 | LR: 0.00672 | Loss: 0.1424 | GradNorm: 2.7780 | Batch P@10: 60.0%
2026-03-13 21:21:13,569 [INFO] E015 | Batch 033 | LR: 0.00674 | Loss: 0.3676 | GradNorm: 9.4907 | Batch P@10: 40.0%
2026-03-13 21:21:17,559 [INFO] E015 | Batch 034 | LR: 0.00675 | Loss: 0.1864 | GradNorm: 9.3381 | Batch P@10: 20.0%
2026-03-13 21:21:21,468 [INFO] E015 | Batch 035 | LR: 0.00677 | Loss: 0.6467 | GradNorm: 1.7674 | Batch P@10: 20.0%
2026-03-13 21:21:25,536 [INFO] E015 | Batch 036 | LR: 0.00678 | Loss: 0.3117 | GradNorm: 2.1120 | Batch P@10: 40.0%
2026-03-13 21:21:29,507 [INFO] E015 | Batch 037 | LR: 0.00680 | Loss: 0.1854 | GradNorm: 2.6507 | Batch P@10: 40.0%
2026-03-13 21:21:37,943 [INFO] 
---> FIM DA ÉPOCA 15 | Val P@10: 43.2020% | Loss Média: 0.3534 | Grad Médio: 6.8437 | Recorde Geral: 44.1379% <---

2026-03-13 21:21:42,165 [INFO] E016 | Batch 001 | LR: 0.00681 | Loss: 0.3431 | GradNorm: 1.9759 | Batch P@10: 40.0%
2026-03-13 21:21:46,093 [INFO] E016 | Batch 002 | LR: 0.00683 | Loss: 0.3964 | GradNorm: 1.6495 | Batch P@10: 50.0%
2026-03-13 21:21:50,061 [INFO] E016 | Batch 003 | LR: 0.00685 | Loss: 1.3767 | GradNorm: 1.3028 | Batch P@10: 40.0%
2026-03-13 21:21:53,981 [INFO] E016 | Batch 004 | LR: 0.00686 | Loss: 0.1959 | GradNorm: 3.0228 | Batch P@10: 40.0%
2026-03-13 21:21:58,088 [INFO] E016 | Batch 005 | LR: 0.00688 | Loss: 0.1834 | GradNorm: 0.9792 | Batch P@10: 60.0%
2026-03-13 21:22:02,206 [INFO] E016 | Batch 006 | LR: 0.00689 | Loss: 0.1452 | GradNorm: 1.1921 | Batch P@10: 50.0%
2026-03-13 21:22:06,335 [INFO] E016 | Batch 007 | LR: 0.00691 | Loss: 0.1400 | GradNorm: 1.0141 | Batch P@10: 60.0%
2026-03-13 21:22:10,449 [INFO] E016 | Batch 008 | LR: 0.00692 | Loss: 0.9148 | GradNorm: 2.0241 | Batch P@10: 50.0%
2026-03-13 21:22:14,573 [INFO] E016 | Batch 009 | LR: 0.00694 | Loss: 0.3774 | GradNorm: 2.0672 | Batch P@10: 40.0%
2026-03-13 21:22:18,519 [INFO] E016 | Batch 010 | LR: 0.00695 | Loss: 0.9372 | GradNorm: 4.9472 | Batch P@10: 20.0%
2026-03-13 21:22:22,486 [INFO] E016 | Batch 011 | LR: 0.00697 | Loss: 0.1452 | GradNorm: 6.6575 | Batch P@10: 60.0%
2026-03-13 21:22:26,424 [INFO] E016 | Batch 012 | LR: 0.00699 | Loss: 0.3110 | GradNorm: 1.1269 | Batch P@10: 50.0%
2026-03-13 21:22:30,649 [INFO] E016 | Batch 013 | LR: 0.00700 | Loss: 0.1891 | GradNorm: 2.4608 | Batch P@10: 50.0%
2026-03-13 21:22:34,751 [INFO] E016 | Batch 014 | LR: 0.00702 | Loss: 0.2134 | GradNorm: 2.1197 | Batch P@10: 50.0%
2026-03-13 21:22:38,850 [INFO] E016 | Batch 015 | LR: 0.00703 | Loss: 0.1918 | GradNorm: 0.9307 | Batch P@10: 50.0%
2026-03-13 21:22:42,780 [INFO] E016 | Batch 016 | LR: 0.00705 | Loss: 0.3003 | GradNorm: 4.0706 | Batch P@10: 40.0%
2026-03-13 21:22:46,722 [INFO] E016 | Batch 017 | LR: 0.00706 | Loss: 0.1747 | GradNorm: 4.4346 | Batch P@10: 40.0%
2026-03-13 21:22:50,821 [INFO] E016 | Batch 018 | LR: 0.00708 | Loss: 0.2934 | GradNorm: 2.5606 | Batch P@10: 40.0%
2026-03-13 21:22:54,868 [INFO] E016 | Batch 019 | LR: 0.00709 | Loss: 0.2007 | GradNorm: 2.3692 | Batch P@10: 40.0%
2026-03-13 21:22:58,907 [INFO] E016 | Batch 020 | LR: 0.00711 | Loss: 0.1631 | GradNorm: 2.8863 | Batch P@10: 30.0%
2026-03-13 21:23:02,838 [INFO] E016 | Batch 021 | LR: 0.00712 | Loss: 0.2448 | GradNorm: 1.7839 | Batch P@10: 30.0%
2026-03-13 21:23:06,854 [INFO] E016 | Batch 022 | LR: 0.00714 | Loss: 0.1708 | GradNorm: 1.0692 | Batch P@10: 30.0%
2026-03-13 21:23:10,816 [INFO] E016 | Batch 023 | LR: 0.00715 | Loss: 0.1895 | GradNorm: 1.2203 | Batch P@10: 60.0%
2026-03-13 21:23:14,765 [INFO] E016 | Batch 024 | LR: 0.00717 | Loss: 0.4736 | GradNorm: 1.5383 | Batch P@10: 40.0%
2026-03-13 21:23:18,788 [INFO] E016 | Batch 025 | LR: 0.00718 | Loss: 0.1586 | GradNorm: 2.0817 | Batch P@10: 60.0%
2026-03-13 21:23:22,873 [INFO] E016 | Batch 026 | LR: 0.00720 | Loss: 0.3401 | GradNorm: 2.8154 | Batch P@10: 20.0%
2026-03-13 21:23:26,852 [INFO] E016 | Batch 027 | LR: 0.00721 | Loss: 0.4436 | GradNorm: 2.9744 | Batch P@10: 40.0%
2026-03-13 21:23:30,944 [INFO] E016 | Batch 028 | LR: 0.00723 | Loss: 0.6215 | GradNorm: 3.3311 | Batch P@10: 70.0%
2026-03-13 21:23:34,947 [INFO] E016 | Batch 029 | LR: 0.00724 | Loss: 0.1696 | GradNorm: 4.3083 | Batch P@10: 30.0%
2026-03-13 21:23:39,049 [INFO] E016 | Batch 030 | LR: 0.00726 | Loss: 0.4142 | GradNorm: 1.6760 | Batch P@10: 40.0%
2026-03-13 21:23:43,152 [INFO] E016 | Batch 031 | LR: 0.00727 | Loss: 0.2354 | GradNorm: 13.3475 | Batch P@10: 30.0%
2026-03-13 21:23:47,223 [INFO] E016 | Batch 032 | LR: 0.00729 | Loss: 0.4874 | GradNorm: 11.7084 | Batch P@10: 50.0%
2026-03-13 21:23:51,292 [INFO] E016 | Batch 033 | LR: 0.00730 | Loss: 0.4028 | GradNorm: 1.3891 | Batch P@10: 40.0%
2026-03-13 21:23:55,356 [INFO] E016 | Batch 034 | LR: 0.00732 | Loss: 0.7608 | GradNorm: 5.7494 | Batch P@10: 50.0%
2026-03-13 21:23:59,419 [INFO] E016 | Batch 035 | LR: 0.00733 | Loss: 0.4909 | GradNorm: 6.4255 | Batch P@10: 30.0%
2026-03-13 21:24:03,370 [INFO] E016 | Batch 036 | LR: 0.00735 | Loss: 0.3694 | GradNorm: 3.6163 | Batch P@10: 40.0%
2026-03-13 21:24:07,451 [INFO] E016 | Batch 037 | LR: 0.00736 | Loss: 0.8019 | GradNorm: 2.3555 | Batch P@10: 50.0%
2026-03-13 21:24:15,856 [INFO] 
---> FIM DA ÉPOCA 16 | Val P@10: 40.8867% | Loss Média: 0.3676 | Grad Médio: 3.1671 | Recorde Geral: 44.1379% <---

2026-03-13 21:24:20,122 [INFO] E017 | Batch 001 | LR: 0.00738 | Loss: 0.6218 | GradNorm: 4.6372 | Batch P@10: 40.0%
2026-03-13 21:24:24,207 [INFO] E017 | Batch 002 | LR: 0.00739 | Loss: 0.4896 | GradNorm: 2.3604 | Batch P@10: 10.0%
2026-03-13 21:24:28,333 [INFO] E017 | Batch 003 | LR: 0.00741 | Loss: 0.2200 | GradNorm: 1.1863 | Batch P@10: 30.0%
2026-03-13 21:24:32,443 [INFO] E017 | Batch 004 | LR: 0.00742 | Loss: 0.2314 | GradNorm: 1.8745 | Batch P@10: 60.0%
2026-03-13 21:24:36,520 [INFO] E017 | Batch 005 | LR: 0.00744 | Loss: 0.2977 | GradNorm: 7.7703 | Batch P@10: 50.0%
2026-03-13 21:24:40,603 [INFO] E017 | Batch 006 | LR: 0.00745 | Loss: 0.1773 | GradNorm: 2.8066 | Batch P@10: 30.0%
2026-03-13 21:24:44,608 [INFO] E017 | Batch 007 | LR: 0.00746 | Loss: 0.2066 | GradNorm: 3.3209 | Batch P@10: 40.0%
2026-03-13 21:24:48,690 [INFO] E017 | Batch 008 | LR: 0.00748 | Loss: 0.7691 | GradNorm: 3.1847 | Batch P@10: 50.0%
2026-03-13 21:24:52,777 [INFO] E017 | Batch 009 | LR: 0.00749 | Loss: 0.1352 | GradNorm: 2.3762 | Batch P@10: 50.0%
2026-03-13 21:24:56,804 [INFO] E017 | Batch 010 | LR: 0.00751 | Loss: 0.1961 | GradNorm: 1.1274 | Batch P@10: 40.0%
2026-03-13 21:25:00,787 [INFO] E017 | Batch 011 | LR: 0.00752 | Loss: 0.2823 | GradNorm: 1.8017 | Batch P@10: 50.0%
2026-03-13 21:25:04,869 [INFO] E017 | Batch 012 | LR: 0.00754 | Loss: 0.7614 | GradNorm: 5.1737 | Batch P@10: 30.0%
2026-03-13 21:25:08,911 [INFO] E017 | Batch 013 | LR: 0.00755 | Loss: 0.7905 | GradNorm: 4.6710 | Batch P@10: 20.0%
2026-03-13 21:25:12,913 [INFO] E017 | Batch 014 | LR: 0.00757 | Loss: 0.1814 | GradNorm: 0.7520 | Batch P@10: 60.0%
2026-03-13 21:25:16,895 [INFO] E017 | Batch 015 | LR: 0.00758 | Loss: 0.5605 | GradNorm: 3.4466 | Batch P@10: 30.0%
2026-03-13 21:25:20,870 [INFO] E017 | Batch 016 | LR: 0.00760 | Loss: 0.1919 | GradNorm: 3.2218 | Batch P@10: 50.0%
2026-03-13 21:25:25,085 [INFO] E017 | Batch 017 | LR: 0.00761 | Loss: 0.1536 | GradNorm: 1.1586 | Batch P@10: 40.0%
2026-03-13 21:25:29,127 [INFO] E017 | Batch 018 | LR: 0.00762 | Loss: 0.2338 | GradNorm: 2.1516 | Batch P@10: 40.0%
2026-03-13 21:25:33,251 [INFO] E017 | Batch 019 | LR: 0.00764 | Loss: 0.7706 | GradNorm: 4.2508 | Batch P@10: 20.0%
2026-03-13 21:25:37,345 [INFO] E017 | Batch 020 | LR: 0.00765 | Loss: 0.3470 | GradNorm: 5.3486 | Batch P@10: 20.0%
2026-03-13 21:25:41,417 [INFO] E017 | Batch 021 | LR: 0.00767 | Loss: 1.1231 | GradNorm: 3.5260 | Batch P@10: 20.0%
2026-03-13 21:25:45,406 [INFO] E017 | Batch 022 | LR: 0.00768 | Loss: 0.1738 | GradNorm: 1.8213 | Batch P@10: 60.0%
2026-03-13 21:25:49,532 [INFO] E017 | Batch 023 | LR: 0.00769 | Loss: 0.3171 | GradNorm: 1.7466 | Batch P@10: 30.0%
2026-03-13 21:25:53,571 [INFO] E017 | Batch 024 | LR: 0.00771 | Loss: 0.2229 | GradNorm: 1.8434 | Batch P@10: 50.0%
2026-03-13 21:25:57,523 [INFO] E017 | Batch 025 | LR: 0.00772 | Loss: 0.2236 | GradNorm: 1.0686 | Batch P@10: 40.0%
2026-03-13 21:26:01,596 [INFO] E017 | Batch 026 | LR: 0.00774 | Loss: 0.2231 | GradNorm: 3.2827 | Batch P@10: 60.0%
2026-03-13 21:26:05,533 [INFO] E017 | Batch 027 | LR: 0.00775 | Loss: 0.7976 | GradNorm: 5.2249 | Batch P@10: 20.0%
2026-03-13 21:26:09,538 [INFO] E017 | Batch 028 | LR: 0.00777 | Loss: 0.1718 | GradNorm: 1.7597 | Batch P@10: 30.0%
2026-03-13 21:26:13,566 [INFO] E017 | Batch 029 | LR: 0.00778 | Loss: 0.3846 | GradNorm: 2.4127 | Batch P@10: 40.0%
2026-03-13 21:26:17,664 [INFO] E017 | Batch 030 | LR: 0.00779 | Loss: 0.1953 | GradNorm: 2.1203 | Batch P@10: 30.0%
2026-03-13 21:26:21,759 [INFO] E017 | Batch 031 | LR: 0.00781 | Loss: 0.2112 | GradNorm: 2.4775 | Batch P@10: 50.0%
2026-03-13 21:26:25,853 [INFO] E017 | Batch 032 | LR: 0.00782 | Loss: 0.2361 | GradNorm: 3.0786 | Batch P@10: 30.0%
2026-03-13 21:26:29,929 [INFO] E017 | Batch 033 | LR: 0.00783 | Loss: 0.3094 | GradNorm: 1.7701 | Batch P@10: 20.0%
2026-03-13 21:26:33,866 [INFO] E017 | Batch 034 | LR: 0.00785 | Loss: 0.7016 | GradNorm: 1.6244 | Batch P@10: 20.0%
2026-03-13 21:26:37,807 [INFO] E017 | Batch 035 | LR: 0.00786 | Loss: 0.3547 | GradNorm: 6.3107 | Batch P@10: 30.0%
2026-03-13 21:26:41,750 [INFO] E017 | Batch 036 | LR: 0.00788 | Loss: 0.2094 | GradNorm: 2.7482 | Batch P@10: 20.0%
2026-03-13 21:26:45,681 [INFO] E017 | Batch 037 | LR: 0.00789 | Loss: 0.4074 | GradNorm: 2.2513 | Batch P@10: 60.0%
2026-03-13 21:26:53,995 [INFO] 
---> FIM DA ÉPOCA 17 | Val P@10: 44.1379% | Loss Média: 0.3653 | Grad Médio: 2.9105 | Recorde Geral: 44.1379% <---

2026-03-13 21:26:58,243 [INFO] E018 | Batch 001 | LR: 0.00790 | Loss: 0.1275 | GradNorm: 0.6883 | Batch P@10: 30.0%
2026-03-13 21:27:02,253 [INFO] E018 | Batch 002 | LR: 0.00792 | Loss: 0.3232 | GradNorm: 2.7396 | Batch P@10: 50.0%
2026-03-13 21:27:06,182 [INFO] E018 | Batch 003 | LR: 0.00793 | Loss: 0.3656 | GradNorm: 1.7882 | Batch P@10: 60.0%
2026-03-13 21:27:10,246 [INFO] E018 | Batch 004 | LR: 0.00794 | Loss: 0.2199 | GradNorm: 3.0047 | Batch P@10: 40.0%
2026-03-13 21:27:14,266 [INFO] E018 | Batch 005 | LR: 0.00796 | Loss: 0.2381 | GradNorm: 3.0973 | Batch P@10: 60.0%
2026-03-13 21:27:18,323 [INFO] E018 | Batch 006 | LR: 0.00797 | Loss: 0.3198 | GradNorm: 1.4669 | Batch P@10: 30.0%
2026-03-13 21:27:22,439 [INFO] E018 | Batch 007 | LR: 0.00799 | Loss: 0.1826 | GradNorm: 2.0932 | Batch P@10: 20.0%
2026-03-13 21:27:26,411 [INFO] E018 | Batch 008 | LR: 0.00800 | Loss: 0.1909 | GradNorm: 1.6963 | Batch P@10: 30.0%
2026-03-13 21:27:30,341 [INFO] E018 | Batch 009 | LR: 0.00801 | Loss: 0.1835 | GradNorm: 1.5767 | Batch P@10: 70.0%
2026-03-13 21:27:34,388 [INFO] E018 | Batch 010 | LR: 0.00803 | Loss: 0.3262 | GradNorm: 1.8342 | Batch P@10: 40.0%
2026-03-13 21:27:38,323 [INFO] E018 | Batch 011 | LR: 0.00804 | Loss: 0.2700 | GradNorm: 1.2732 | Batch P@10: 50.0%
2026-03-13 21:27:42,273 [INFO] E018 | Batch 012 | LR: 0.00805 | Loss: 0.1765 | GradNorm: 5.0508 | Batch P@10: 30.0%
2026-03-13 21:27:46,396 [INFO] E018 | Batch 013 | LR: 0.00807 | Loss: 0.7565 | GradNorm: 2.1786 | Batch P@10: 40.0%
2026-03-13 21:27:50,341 [INFO] E018 | Batch 014 | LR: 0.00808 | Loss: 0.1976 | GradNorm: 2.5234 | Batch P@10: 40.0%
2026-03-13 21:27:54,370 [INFO] E018 | Batch 015 | LR: 0.00809 | Loss: 0.2039 | GradNorm: 2.4057 | Batch P@10: 40.0%
2026-03-13 21:27:58,323 [INFO] E018 | Batch 016 | LR: 0.00811 | Loss: 0.3610 | GradNorm: 1.1057 | Batch P@10: 20.0%
2026-03-13 21:28:02,278 [INFO] E018 | Batch 017 | LR: 0.00812 | Loss: 0.3945 | GradNorm: 2.0367 | Batch P@10: 50.0%
2026-03-13 21:28:06,269 [INFO] E018 | Batch 018 | LR: 0.00813 | Loss: 0.2218 | GradNorm: 1.0838 | Batch P@10: 30.0%
2026-03-13 21:28:10,275 [INFO] E018 | Batch 019 | LR: 0.00814 | Loss: 0.1741 | GradNorm: 1.6363 | Batch P@10: 80.0%
2026-03-13 21:28:14,380 [INFO] E018 | Batch 020 | LR: 0.00816 | Loss: 0.1777 | GradNorm: 1.8578 | Batch P@10: 60.0%
2026-03-13 21:28:18,489 [INFO] E018 | Batch 021 | LR: 0.00817 | Loss: 0.2639 | GradNorm: 3.4998 | Batch P@10: 40.0%
2026-03-13 21:28:22,454 [INFO] E018 | Batch 022 | LR: 0.00818 | Loss: 0.2334 | GradNorm: 1.3093 | Batch P@10: 40.0%
2026-03-13 21:28:26,515 [INFO] E018 | Batch 023 | LR: 0.00820 | Loss: 0.1551 | GradNorm: 3.4020 | Batch P@10: 40.0%
2026-03-13 21:28:30,473 [INFO] E018 | Batch 024 | LR: 0.00821 | Loss: 0.2058 | GradNorm: 2.5262 | Batch P@10: 50.0%
2026-03-13 21:28:34,615 [INFO] E018 | Batch 025 | LR: 0.00822 | Loss: 0.3841 | GradNorm: 1.7380 | Batch P@10: 40.0%
2026-03-13 21:28:38,643 [INFO] E018 | Batch 026 | LR: 0.00824 | Loss: 0.5052 | GradNorm: 6.8580 | Batch P@10: 60.0%
2026-03-13 21:28:42,820 [INFO] E018 | Batch 027 | LR: 0.00825 | Loss: 0.5779 | GradNorm: 6.2807 | Batch P@10: 40.0%
2026-03-13 21:28:46,871 [INFO] E018 | Batch 028 | LR: 0.00826 | Loss: 0.2646 | GradNorm: 3.3601 | Batch P@10: 80.0%
2026-03-13 21:28:50,969 [INFO] E018 | Batch 029 | LR: 0.00827 | Loss: 0.1750 | GradNorm: 2.3390 | Batch P@10: 40.0%
2026-03-13 21:28:54,984 [INFO] E018 | Batch 030 | LR: 0.00829 | Loss: 0.1588 | GradNorm: 2.5351 | Batch P@10: 50.0%
2026-03-13 21:28:59,142 [INFO] E018 | Batch 031 | LR: 0.00830 | Loss: 0.2136 | GradNorm: 1.3099 | Batch P@10: 30.0%
2026-03-13 21:29:03,260 [INFO] E018 | Batch 032 | LR: 0.00831 | Loss: 0.2278 | GradNorm: 1.0903 | Batch P@10: 40.0%
2026-03-13 21:29:07,239 [INFO] E018 | Batch 033 | LR: 0.00832 | Loss: 0.1611 | GradNorm: 1.0932 | Batch P@10: 40.0%
2026-03-13 21:29:11,393 [INFO] E018 | Batch 034 | LR: 0.00834 | Loss: 0.5684 | GradNorm: 6.1668 | Batch P@10: 30.0%
2026-03-13 21:29:15,460 [INFO] E018 | Batch 035 | LR: 0.00835 | Loss: 0.1489 | GradNorm: 6.3241 | Batch P@10: 30.0%
2026-03-13 21:29:19,474 [INFO] E018 | Batch 036 | LR: 0.00836 | Loss: 0.1686 | GradNorm: 3.1930 | Batch P@10: 40.0%
2026-03-13 21:29:23,654 [INFO] E018 | Batch 037 | LR: 0.00837 | Loss: 0.2842 | GradNorm: 2.8637 | Batch P@10: 50.0%
2026-03-13 21:29:32,224 [INFO] 
---> FIM DA ÉPOCA 18 | Val P@10: 40.2463% | Loss Média: 0.2660 | Grad Médio: 2.6223 | Recorde Geral: 44.1379% <---

2026-03-13 21:29:36,572 [INFO] E019 | Batch 001 | LR: 0.00839 | Loss: 0.3537 | GradNorm: 1.7953 | Batch P@10: 40.0%
2026-03-13 21:29:40,756 [INFO] E019 | Batch 002 | LR: 0.00840 | Loss: 0.1719 | GradNorm: 2.2416 | Batch P@10: 60.0%
2026-03-13 21:29:45,003 [INFO] E019 | Batch 003 | LR: 0.00841 | Loss: 0.6477 | GradNorm: 2.1469 | Batch P@10: 20.0%
2026-03-13 21:29:49,216 [INFO] E019 | Batch 004 | LR: 0.00842 | Loss: 0.1181 | GradNorm: 1.3675 | Batch P@10: 70.0%
2026-03-13 21:29:53,356 [INFO] E019 | Batch 005 | LR: 0.00844 | Loss: 0.1566 | GradNorm: 1.9962 | Batch P@10: 60.0%
2026-03-13 21:29:57,612 [INFO] E019 | Batch 006 | LR: 0.00845 | Loss: 0.1863 | GradNorm: 1.4869 | Batch P@10: 40.0%
2026-03-13 21:30:01,836 [INFO] E019 | Batch 007 | LR: 0.00846 | Loss: 0.1707 | GradNorm: 1.3763 | Batch P@10: 80.0%
2026-03-13 21:30:06,134 [INFO] E019 | Batch 008 | LR: 0.00847 | Loss: 0.4642 | GradNorm: 2.2596 | Batch P@10: 40.0%
2026-03-13 21:30:10,349 [INFO] E019 | Batch 009 | LR: 0.00848 | Loss: 0.6244 | GradNorm: 1.4426 | Batch P@10: 50.0%
2026-03-13 21:30:14,485 [INFO] E019 | Batch 010 | LR: 0.00850 | Loss: 0.1076 | GradNorm: 0.9447 | Batch P@10: 40.0%
2026-03-13 21:30:18,526 [INFO] E019 | Batch 011 | LR: 0.00851 | Loss: 0.2756 | GradNorm: 3.5307 | Batch P@10: 20.0%
2026-03-13 21:30:22,755 [INFO] E019 | Batch 012 | LR: 0.00852 | Loss: 0.2334 | GradNorm: 3.0636 | Batch P@10: 30.0%
2026-03-13 21:30:26,988 [INFO] E019 | Batch 013 | LR: 0.00853 | Loss: 0.8801 | GradNorm: 1.9524 | Batch P@10: 40.0%
2026-03-13 21:30:31,229 [INFO] E019 | Batch 014 | LR: 0.00854 | Loss: 0.2998 | GradNorm: 2.3961 | Batch P@10: 40.0%
2026-03-13 21:30:35,493 [INFO] E019 | Batch 015 | LR: 0.00856 | Loss: 0.2959 | GradNorm: 1.7008 | Batch P@10: 30.0%
2026-03-13 21:30:39,741 [INFO] E019 | Batch 016 | LR: 0.00857 | Loss: 0.1998 | GradNorm: 1.5615 | Batch P@10: 50.0%
2026-03-13 21:30:44,006 [INFO] E019 | Batch 017 | LR: 0.00858 | Loss: 0.2073 | GradNorm: 0.9620 | Batch P@10: 40.0%
2026-03-13 21:30:48,244 [INFO] E019 | Batch 018 | LR: 0.00859 | Loss: 0.6644 | GradNorm: 1.2675 | Batch P@10: 50.0%
2026-03-13 21:30:52,473 [INFO] E019 | Batch 019 | LR: 0.00860 | Loss: 0.1453 | GradNorm: 1.7959 | Batch P@10: 50.0%
2026-03-13 21:30:56,719 [INFO] E019 | Batch 020 | LR: 0.00861 | Loss: 0.9001 | GradNorm: 2.7870 | Batch P@10: 30.0%
2026-03-13 21:31:01,000 [INFO] E019 | Batch 021 | LR: 0.00863 | Loss: 0.2333 | GradNorm: 0.9159 | Batch P@10: 30.0%
2026-03-13 21:31:05,305 [INFO] E019 | Batch 022 | LR: 0.00864 | Loss: 0.3159 | GradNorm: 0.9727 | Batch P@10: 40.0%
2026-03-13 21:31:09,399 [INFO] E019 | Batch 023 | LR: 0.00865 | Loss: 0.2529 | GradNorm: 1.3083 | Batch P@10: 30.0%
2026-03-13 21:31:13,487 [INFO] E019 | Batch 024 | LR: 0.00866 | Loss: 0.2299 | GradNorm: 5.0324 | Batch P@10: 40.0%
2026-03-13 21:31:17,614 [INFO] E019 | Batch 025 | LR: 0.00867 | Loss: 0.1798 | GradNorm: 2.4421 | Batch P@10: 60.0%
2026-03-13 21:31:21,793 [INFO] E019 | Batch 026 | LR: 0.00868 | Loss: 0.3781 | GradNorm: 1.0760 | Batch P@10: 30.0%
2026-03-13 21:31:26,059 [INFO] E019 | Batch 027 | LR: 0.00869 | Loss: 0.1528 | GradNorm: 2.5797 | Batch P@10: 40.0%
2026-03-13 21:31:30,360 [INFO] E019 | Batch 028 | LR: 0.00871 | Loss: 0.6419 | GradNorm: 1.4699 | Batch P@10: 50.0%
2026-03-13 21:31:34,814 [INFO] E019 | Batch 029 | LR: 0.00872 | Loss: 0.2857 | GradNorm: 1.6344 | Batch P@10: 80.0%
2026-03-13 21:31:39,216 [INFO] E019 | Batch 030 | LR: 0.00873 | Loss: 0.9207 | GradNorm: 1.1471 | Batch P@10: 50.0%
2026-03-13 21:31:43,456 [INFO] E019 | Batch 031 | LR: 0.00874 | Loss: 1.0340 | GradNorm: 1.7331 | Batch P@10: 50.0%
2026-03-13 21:31:47,834 [INFO] E019 | Batch 032 | LR: 0.00875 | Loss: 0.1753 | GradNorm: 1.2390 | Batch P@10: 50.0%
2026-03-13 21:31:52,018 [INFO] E019 | Batch 033 | LR: 0.00876 | Loss: 0.3841 | GradNorm: 1.3337 | Batch P@10: 20.0%
2026-03-13 21:31:56,221 [INFO] E019 | Batch 034 | LR: 0.00877 | Loss: 0.8709 | GradNorm: 1.5099 | Batch P@10: 20.0%
2026-03-13 21:32:00,628 [INFO] E019 | Batch 035 | LR: 0.00878 | Loss: 0.2554 | GradNorm: 2.6815 | Batch P@10: 40.0%
2026-03-13 21:32:05,063 [INFO] E019 | Batch 036 | LR: 0.00880 | Loss: 0.4238 | GradNorm: 1.1983 | Batch P@10: 40.0%
2026-03-13 21:32:09,351 [INFO] E019 | Batch 037 | LR: 0.00881 | Loss: 0.2330 | GradNorm: 2.2329 | Batch P@10: 50.0%
2026-03-13 21:32:18,226 [INFO] 
---> FIM DA ÉPOCA 19 | Val P@10: 42.5123% | Loss Média: 0.3703 | Grad Médio: 1.8536 | Recorde Geral: 44.1379% <---

2026-03-13 21:32:22,984 [INFO] E020 | Batch 001 | LR: 0.00882 | Loss: 0.2648 | GradNorm: 1.9753 | Batch P@10: 30.0%
2026-03-13 21:32:27,339 [INFO] E020 | Batch 002 | LR: 0.00883 | Loss: 0.3234 | GradNorm: 1.0916 | Batch P@10: 30.0%
2026-03-13 21:32:31,701 [INFO] E020 | Batch 003 | LR: 0.00884 | Loss: 0.2223 | GradNorm: 1.0153 | Batch P@10: 50.0%
2026-03-13 21:32:36,202 [INFO] E020 | Batch 004 | LR: 0.00885 | Loss: 0.2208 | GradNorm: 1.6272 | Batch P@10: 30.0%
2026-03-13 21:32:40,720 [INFO] E020 | Batch 005 | LR: 0.00886 | Loss: 0.2947 | GradNorm: 1.3964 | Batch P@10: 10.0%
2026-03-13 21:32:45,193 [INFO] E020 | Batch 006 | LR: 0.00887 | Loss: 0.8295 | GradNorm: 1.0586 | Batch P@10: 50.0%
2026-03-13 21:32:49,722 [INFO] E020 | Batch 007 | LR: 0.00888 | Loss: 0.1416 | GradNorm: 1.7413 | Batch P@10: 40.0%
2026-03-13 21:32:54,238 [INFO] E020 | Batch 008 | LR: 0.00889 | Loss: 0.2386 | GradNorm: 8.0884 | Batch P@10: 20.0%
2026-03-13 21:32:58,727 [INFO] E020 | Batch 009 | LR: 0.00890 | Loss: 0.6252 | GradNorm: 6.2318 | Batch P@10: 40.0%
2026-03-13 21:33:03,241 [INFO] E020 | Batch 010 | LR: 0.00891 | Loss: 0.2952 | GradNorm: 1.4498 | Batch P@10: 30.0%
2026-03-13 21:33:07,914 [INFO] E020 | Batch 011 | LR: 0.00892 | Loss: 0.2240 | GradNorm: 1.4557 | Batch P@10: 50.0%
2026-03-13 21:33:12,615 [INFO] E020 | Batch 012 | LR: 0.00893 | Loss: 0.7327 | GradNorm: 1.1504 | Batch P@10: 40.0%
2026-03-13 21:33:17,261 [INFO] E020 | Batch 013 | LR: 0.00894 | Loss: 0.7625 | GradNorm: 5.7675 | Batch P@10: 10.0%
2026-03-13 21:33:22,144 [INFO] E020 | Batch 014 | LR: 0.00896 | Loss: 0.7200 | GradNorm: 4.0918 | Batch P@10: 50.0%
2026-03-13 21:33:26,816 [INFO] E020 | Batch 015 | LR: 0.00897 | Loss: 0.1886 | GradNorm: 1.0743 | Batch P@10: 60.0%
2026-03-13 21:33:31,746 [INFO] E020 | Batch 016 | LR: 0.00898 | Loss: 0.2658 | GradNorm: 2.9656 | Batch P@10: 40.0%
2026-03-13 21:33:36,511 [INFO] E020 | Batch 017 | LR: 0.00899 | Loss: 0.3056 | GradNorm: 2.9256 | Batch P@10: 60.0%
2026-03-13 21:33:41,318 [INFO] E020 | Batch 018 | LR: 0.00900 | Loss: 0.4761 | GradNorm: 1.6407 | Batch P@10: 40.0%
2026-03-13 21:33:46,256 [INFO] E020 | Batch 019 | LR: 0.00901 | Loss: 0.1903 | GradNorm: 1.8940 | Batch P@10: 50.0%
2026-03-13 21:33:51,243 [INFO] E020 | Batch 020 | LR: 0.00902 | Loss: 0.4697 | GradNorm: 2.7933 | Batch P@10: 10.0%
2026-03-13 21:33:56,073 [INFO] E020 | Batch 021 | LR: 0.00903 | Loss: 0.1880 | GradNorm: 2.4557 | Batch P@10: 40.0%
2026-03-13 21:34:01,026 [INFO] E020 | Batch 022 | LR: 0.00904 | Loss: 0.2548 | GradNorm: 0.9267 | Batch P@10: 40.0%
2026-03-13 21:34:05,961 [INFO] E020 | Batch 023 | LR: 0.00905 | Loss: 1.5115 | GradNorm: 4.5172 | Batch P@10: 30.0%
2026-03-13 21:34:11,031 [INFO] E020 | Batch 024 | LR: 0.00906 | Loss: 0.2030 | GradNorm: 3.5588 | Batch P@10: 50.0%
2026-03-13 21:34:16,153 [INFO] E020 | Batch 025 | LR: 0.00907 | Loss: 0.1649 | GradNorm: 3.1673 | Batch P@10: 40.0%
2026-03-13 21:34:21,262 [INFO] E020 | Batch 026 | LR: 0.00908 | Loss: 0.5934 | GradNorm: 2.6641 | Batch P@10: 50.0%
2026-03-13 21:34:26,406 [INFO] E020 | Batch 027 | LR: 0.00909 | Loss: 0.2691 | GradNorm: 2.9263 | Batch P@10: 50.0%
2026-03-13 21:34:31,526 [INFO] E020 | Batch 028 | LR: 0.00909 | Loss: 0.2208 | GradNorm: 1.4774 | Batch P@10: 50.0%
2026-03-13 21:34:36,630 [INFO] E020 | Batch 029 | LR: 0.00910 | Loss: 0.7265 | GradNorm: 2.9160 | Batch P@10: 30.0%
2026-03-13 21:34:41,766 [INFO] E020 | Batch 030 | LR: 0.00911 | Loss: 0.9267 | GradNorm: 0.9435 | Batch P@10: 50.0%
2026-03-13 21:34:47,158 [INFO] E020 | Batch 031 | LR: 0.00912 | Loss: 0.2768 | GradNorm: 3.2937 | Batch P@10: 40.0%
2026-03-13 21:34:52,536 [INFO] E020 | Batch 032 | LR: 0.00913 | Loss: 0.2705 | GradNorm: 3.4353 | Batch P@10: 70.0%
2026-03-13 21:34:57,835 [INFO] E020 | Batch 033 | LR: 0.00914 | Loss: 0.3662 | GradNorm: 2.1232 | Batch P@10: 30.0%
2026-03-13 21:35:03,098 [INFO] E020 | Batch 034 | LR: 0.00915 | Loss: 1.6592 | GradNorm: 1.6471 | Batch P@10: 30.0%
2026-03-13 21:35:08,429 [INFO] E020 | Batch 035 | LR: 0.00916 | Loss: 0.8088 | GradNorm: 2.2813 | Batch P@10: 50.0%
2026-03-13 21:35:13,678 [INFO] E020 | Batch 036 | LR: 0.00917 | Loss: 0.5147 | GradNorm: 1.5778 | Batch P@10: 50.0%
2026-03-13 21:35:18,865 [INFO] E020 | Batch 037 | LR: 0.00918 | Loss: 0.1937 | GradNorm: 2.2386 | Batch P@10: 50.0%
2026-03-13 21:35:28,703 [INFO] 
---> FIM DA ÉPOCA 20 | Val P@10: 44.4828% | Loss Média: 0.4458 | Grad Médio: 2.5293 | Recorde Geral: 44.4828% <---

2026-03-13 21:35:28,713 [INFO] 💎 NOVO RECORDE RETREINO 64: 44.5%
2026-03-13 21:35:34,038 [INFO] E021 | Batch 001 | LR: 0.00919 | Loss: 0.2462 | GradNorm: 2.1867 | Batch P@10: 40.0%
2026-03-13 21:35:39,249 [INFO] E021 | Batch 002 | LR: 0.00920 | Loss: 0.8184 | GradNorm: 2.0509 | Batch P@10: 40.0%
2026-03-13 21:35:44,323 [INFO] E021 | Batch 003 | LR: 0.00921 | Loss: 0.4368 | GradNorm: 3.0931 | Batch P@10: 30.0%
2026-03-13 21:35:49,509 [INFO] E021 | Batch 004 | LR: 0.00922 | Loss: 0.3154 | GradNorm: 1.8111 | Batch P@10: 30.0%
2026-03-13 21:35:54,828 [INFO] E021 | Batch 005 | LR: 0.00923 | Loss: 0.5176 | GradNorm: 3.6215 | Batch P@10: 20.0%
2026-03-13 21:36:00,130 [INFO] E021 | Batch 006 | LR: 0.00923 | Loss: 0.9004 | GradNorm: 2.1423 | Batch P@10: 50.0%
2026-03-13 21:36:05,384 [INFO] E021 | Batch 007 | LR: 0.00924 | Loss: 0.4399 | GradNorm: 1.1695 | Batch P@10: 20.0%
2026-03-13 21:36:10,714 [INFO] E021 | Batch 008 | LR: 0.00925 | Loss: 0.3682 | GradNorm: 2.2897 | Batch P@10: 40.0%
2026-03-13 21:36:16,092 [INFO] E021 | Batch 009 | LR: 0.00926 | Loss: 0.2539 | GradNorm: 1.3162 | Batch P@10: 40.0%
2026-03-13 21:36:21,548 [INFO] E021 | Batch 010 | LR: 0.00927 | Loss: 0.1627 | GradNorm: 2.1700 | Batch P@10: 60.0%
2026-03-13 21:36:27,018 [INFO] E021 | Batch 011 | LR: 0.00928 | Loss: 0.3341 | GradNorm: 1.7505 | Batch P@10: 30.0%
2026-03-13 21:36:32,446 [INFO] E021 | Batch 012 | LR: 0.00929 | Loss: 0.4733 | GradNorm: 1.7039 | Batch P@10: 20.0%
2026-03-13 21:36:37,928 [INFO] E021 | Batch 013 | LR: 0.00930 | Loss: 0.3411 | GradNorm: 0.9482 | Batch P@10: 70.0%
2026-03-13 21:36:43,351 [INFO] E021 | Batch 014 | LR: 0.00930 | Loss: 0.1814 | GradNorm: 0.7073 | Batch P@10: 30.0%
2026-03-13 21:36:48,662 [INFO] E021 | Batch 015 | LR: 0.00931 | Loss: 0.1388 | GradNorm: 4.1909 | Batch P@10: 50.0%
2026-03-13 21:36:54,168 [INFO] E021 | Batch 016 | LR: 0.00932 | Loss: 0.1607 | GradNorm: 1.2861 | Batch P@10: 50.0%
2026-03-13 21:36:59,693 [INFO] E021 | Batch 017 | LR: 0.00933 | Loss: 0.4259 | GradNorm: 1.2212 | Batch P@10: 20.0%
2026-03-13 21:37:05,004 [INFO] E021 | Batch 018 | LR: 0.00934 | Loss: 0.2294 | GradNorm: 2.3654 | Batch P@10: 40.0%
2026-03-13 21:37:10,365 [INFO] E021 | Batch 019 | LR: 0.00935 | Loss: 0.4174 | GradNorm: 1.1493 | Batch P@10: 30.0%
2026-03-13 21:37:15,903 [INFO] E021 | Batch 020 | LR: 0.00936 | Loss: 0.3498 | GradNorm: 3.1994 | Batch P@10: 40.0%
2026-03-13 21:37:21,458 [INFO] E021 | Batch 021 | LR: 0.00936 | Loss: 0.4201 | GradNorm: 1.2445 | Batch P@10: 40.0%
2026-03-13 21:37:27,132 [INFO] E021 | Batch 022 | LR: 0.00937 | Loss: 0.4945 | GradNorm: 1.6295 | Batch P@10: 40.0%
2026-03-13 21:37:32,778 [INFO] E021 | Batch 023 | LR: 0.00938 | Loss: 0.2335 | GradNorm: 3.1792 | Batch P@10: 50.0%
2026-03-13 21:37:38,369 [INFO] E021 | Batch 024 | LR: 0.00939 | Loss: 0.1845 | GradNorm: 3.8387 | Batch P@10: 60.0%
2026-03-13 21:37:44,083 [INFO] E021 | Batch 025 | LR: 0.00940 | Loss: 1.7201 | GradNorm: 2.5178 | Batch P@10: 40.0%
2026-03-13 21:37:49,807 [INFO] E021 | Batch 026 | LR: 0.00940 | Loss: 0.6951 | GradNorm: 4.1298 | Batch P@10: 40.0%
2026-03-13 21:37:55,476 [INFO] E021 | Batch 027 | LR: 0.00941 | Loss: 0.2848 | GradNorm: 3.1655 | Batch P@10: 40.0%
2026-03-13 21:38:01,149 [INFO] E021 | Batch 028 | LR: 0.00942 | Loss: 1.0819 | GradNorm: 1.9215 | Batch P@10: 50.0%
2026-03-13 21:38:06,718 [INFO] E021 | Batch 029 | LR: 0.00943 | Loss: 0.1833 | GradNorm: 1.7875 | Batch P@10: 60.0%
2026-03-13 21:38:12,349 [INFO] E021 | Batch 030 | LR: 0.00944 | Loss: 0.2946 | GradNorm: 1.9414 | Batch P@10: 50.0%
2026-03-13 21:38:17,942 [INFO] E021 | Batch 031 | LR: 0.00944 | Loss: 0.2979 | GradNorm: 2.0957 | Batch P@10: 40.0%
2026-03-13 21:38:23,591 [INFO] E021 | Batch 032 | LR: 0.00945 | Loss: 0.3925 | GradNorm: 1.6935 | Batch P@10: 50.0%
2026-03-13 21:38:29,255 [INFO] E021 | Batch 033 | LR: 0.00946 | Loss: 0.2158 | GradNorm: 2.4944 | Batch P@10: 50.0%
2026-03-13 21:38:34,875 [INFO] E021 | Batch 034 | LR: 0.00947 | Loss: 0.1313 | GradNorm: 2.1567 | Batch P@10: 30.0%
2026-03-13 21:38:40,603 [INFO] E021 | Batch 035 | LR: 0.00947 | Loss: 1.2194 | GradNorm: 1.4365 | Batch P@10: 50.0%
2026-03-13 21:38:46,330 [INFO] E021 | Batch 036 | LR: 0.00948 | Loss: 0.2261 | GradNorm: 0.7760 | Batch P@10: 60.0%
2026-03-13 21:38:51,980 [INFO] E021 | Batch 037 | LR: 0.00949 | Loss: 0.3805 | GradNorm: 5.6602 | Batch P@10: 50.0%
2026-03-13 21:39:02,000 [INFO] 
---> FIM DA ÉPOCA 21 | Val P@10: 42.9064% | Loss Média: 0.4202 | Grad Médio: 2.2173 | Recorde Geral: 44.4828% <---

2026-03-13 21:39:07,712 [INFO] E022 | Batch 001 | LR: 0.00950 | Loss: 0.2987 | GradNorm: 6.5054 | Batch P@10: 40.0%
2026-03-13 21:39:13,454 [INFO] E022 | Batch 002 | LR: 0.00950 | Loss: 0.3446 | GradNorm: 2.8386 | Batch P@10: 40.0%
2026-03-13 21:39:19,155 [INFO] E022 | Batch 003 | LR: 0.00951 | Loss: 0.2981 | GradNorm: 2.7845 | Batch P@10: 60.0%
2026-03-13 21:39:24,827 [INFO] E022 | Batch 004 | LR: 0.00952 | Loss: 0.1954 | GradNorm: 1.4914 | Batch P@10: 50.0%
2026-03-13 21:39:30,397 [INFO] E022 | Batch 005 | LR: 0.00953 | Loss: 0.1436 | GradNorm: 1.9371 | Batch P@10: 70.0%
2026-03-13 21:39:36,064 [INFO] E022 | Batch 006 | LR: 0.00953 | Loss: 0.2351 | GradNorm: 1.4534 | Batch P@10: 60.0%
2026-03-13 21:39:41,514 [INFO] E022 | Batch 007 | LR: 0.00954 | Loss: 0.5068 | GradNorm: 3.4936 | Batch P@10: 30.0%
2026-03-13 21:39:47,108 [INFO] E022 | Batch 008 | LR: 0.00955 | Loss: 0.1700 | GradNorm: 2.9255 | Batch P@10: 30.0%
2026-03-13 21:39:52,781 [INFO] E022 | Batch 009 | LR: 0.00955 | Loss: 0.5684 | GradNorm: 1.3573 | Batch P@10: 30.0%
2026-03-13 21:39:58,320 [INFO] E022 | Batch 010 | LR: 0.00956 | Loss: 0.6165 | GradNorm: 0.8998 | Batch P@10: 30.0%
2026-03-13 21:40:03,867 [INFO] E022 | Batch 011 | LR: 0.00957 | Loss: 0.4990 | GradNorm: 2.8922 | Batch P@10: 50.0%
2026-03-13 21:40:09,586 [INFO] E022 | Batch 012 | LR: 0.00957 | Loss: 0.1716 | GradNorm: 2.7665 | Batch P@10: 40.0%
2026-03-13 21:40:15,283 [INFO] E022 | Batch 013 | LR: 0.00958 | Loss: 0.2483 | GradNorm: 2.0407 | Batch P@10: 30.0%
2026-03-13 21:40:20,907 [INFO] E022 | Batch 014 | LR: 0.00959 | Loss: 0.6599 | GradNorm: 1.6743 | Batch P@10: 50.0%
2026-03-13 21:40:26,575 [INFO] E022 | Batch 015 | LR: 0.00959 | Loss: 0.3524 | GradNorm: 0.6344 | Batch P@10: 30.0%
2026-03-13 21:40:32,225 [INFO] E022 | Batch 016 | LR: 0.00960 | Loss: 1.2189 | GradNorm: 1.0787 | Batch P@10: 40.0%
2026-03-13 21:40:37,915 [INFO] E022 | Batch 017 | LR: 0.00961 | Loss: 0.1113 | GradNorm: 2.7944 | Batch P@10: 80.0%
2026-03-13 21:40:43,658 [INFO] E022 | Batch 018 | LR: 0.00961 | Loss: 0.1636 | GradNorm: 3.3125 | Batch P@10: 30.0%
2026-03-13 21:40:49,423 [INFO] E022 | Batch 019 | LR: 0.00962 | Loss: 0.1763 | GradNorm: 1.9097 | Batch P@10: 60.0%
2026-03-13 21:40:55,258 [INFO] E022 | Batch 020 | LR: 0.00963 | Loss: 0.4921 | GradNorm: 1.9284 | Batch P@10: 40.0%
2026-03-13 21:41:01,040 [INFO] E022 | Batch 021 | LR: 0.00963 | Loss: 0.3357 | GradNorm: 0.7761 | Batch P@10: 50.0%
2026-03-13 21:41:06,630 [INFO] E022 | Batch 022 | LR: 0.00964 | Loss: 0.2219 | GradNorm: 2.4274 | Batch P@10: 20.0%
2026-03-13 21:41:12,173 [INFO] E022 | Batch 023 | LR: 0.00965 | Loss: 0.4257 | GradNorm: 1.1241 | Batch P@10: 30.0%
2026-03-13 21:41:17,762 [INFO] E022 | Batch 024 | LR: 0.00965 | Loss: 0.3755 | GradNorm: 2.9973 | Batch P@10: 60.0%
2026-03-13 21:41:23,362 [INFO] E022 | Batch 025 | LR: 0.00966 | Loss: 0.2036 | GradNorm: 1.0596 | Batch P@10: 20.0%
2026-03-13 21:41:29,022 [INFO] E022 | Batch 026 | LR: 0.00966 | Loss: 0.2376 | GradNorm: 0.8771 | Batch P@10: 60.0%
2026-03-13 21:41:34,796 [INFO] E022 | Batch 027 | LR: 0.00967 | Loss: 0.4453 | GradNorm: 1.3827 | Batch P@10: 40.0%
2026-03-13 21:41:40,481 [INFO] E022 | Batch 028 | LR: 0.00968 | Loss: 0.2356 | GradNorm: 2.4232 | Batch P@10: 70.0%
2026-03-13 21:41:46,238 [INFO] E022 | Batch 029 | LR: 0.00968 | Loss: 0.1959 | GradNorm: 0.8609 | Batch P@10: 50.0%
2026-03-13 21:41:51,983 [INFO] E022 | Batch 030 | LR: 0.00969 | Loss: 0.2004 | GradNorm: 0.9919 | Batch P@10: 30.0%
2026-03-13 21:41:57,723 [INFO] E022 | Batch 031 | LR: 0.00969 | Loss: 0.4547 | GradNorm: 1.5964 | Batch P@10: 30.0%
2026-03-13 21:42:03,526 [INFO] E022 | Batch 032 | LR: 0.00970 | Loss: 0.1930 | GradNorm: 1.8017 | Batch P@10: 40.0%
2026-03-13 21:42:09,334 [INFO] E022 | Batch 033 | LR: 0.00971 | Loss: 0.2123 | GradNorm: 1.3912 | Batch P@10: 80.0%
2026-03-13 21:42:15,229 [INFO] E022 | Batch 034 | LR: 0.00971 | Loss: 0.2123 | GradNorm: 2.9595 | Batch P@10: 80.0%
2026-03-13 21:42:20,987 [INFO] E022 | Batch 035 | LR: 0.00972 | Loss: 0.1550 | GradNorm: 1.9356 | Batch P@10: 60.0%
2026-03-13 21:42:26,639 [INFO] E022 | Batch 036 | LR: 0.00972 | Loss: 0.4507 | GradNorm: 1.1886 | Batch P@10: 60.0%
2026-03-13 21:42:32,395 [INFO] E022 | Batch 037 | LR: 0.00973 | Loss: 0.5693 | GradNorm: 0.9088 | Batch P@10: 30.0%
2026-03-13 21:42:42,625 [INFO] 
---> FIM DA ÉPOCA 22 | Val P@10: 43.0542% | Loss Média: 0.3315 | Grad Médio: 1.9843 | Recorde Geral: 44.4828% <---

2026-03-13 21:42:48,473 [INFO] E023 | Batch 001 | LR: 0.00973 | Loss: 0.1786 | GradNorm: 0.8038 | Batch P@10: 30.0%
2026-03-13 21:42:54,075 [INFO] E023 | Batch 002 | LR: 0.00974 | Loss: 0.3927 | GradNorm: 1.0036 | Batch P@10: 40.0%
2026-03-13 21:42:59,838 [INFO] E023 | Batch 003 | LR: 0.00974 | Loss: 0.2267 | GradNorm: 1.8939 | Batch P@10: 30.0%
2026-03-13 21:43:05,667 [INFO] E023 | Batch 004 | LR: 0.00975 | Loss: 0.2620 | GradNorm: 1.0561 | Batch P@10: 40.0%
2026-03-13 21:43:11,308 [INFO] E023 | Batch 005 | LR: 0.00976 | Loss: 0.1942 | GradNorm: 2.0497 | Batch P@10: 50.0%
2026-03-13 21:43:17,210 [INFO] E023 | Batch 006 | LR: 0.00976 | Loss: 0.4854 | GradNorm: 1.4214 | Batch P@10: 50.0%
2026-03-13 21:43:22,929 [INFO] E023 | Batch 007 | LR: 0.00977 | Loss: 0.3442 | GradNorm: 0.9246 | Batch P@10: 50.0%
2026-03-13 21:43:28,579 [INFO] E023 | Batch 008 | LR: 0.00977 | Loss: 0.2123 | GradNorm: 1.7690 | Batch P@10: 20.0%
2026-03-13 21:43:34,207 [INFO] E023 | Batch 009 | LR: 0.00978 | Loss: 0.3375 | GradNorm: 1.9862 | Batch P@10: 30.0%
2026-03-13 21:43:39,653 [INFO] E023 | Batch 010 | LR: 0.00978 | Loss: 0.2725 | GradNorm: 4.0680 | Batch P@10: 30.0%
2026-03-13 21:43:45,001 [INFO] E023 | Batch 011 | LR: 0.00979 | Loss: 0.1543 | GradNorm: 4.5791 | Batch P@10: 50.0%
2026-03-13 21:43:50,587 [INFO] E023 | Batch 012 | LR: 0.00979 | Loss: 0.5108 | GradNorm: 3.1861 | Batch P@10: 70.0%
2026-03-13 21:43:56,173 [INFO] E023 | Batch 013 | LR: 0.00980 | Loss: 0.2050 | GradNorm: 1.9110 | Batch P@10: 40.0%
2026-03-13 21:44:01,739 [INFO] E023 | Batch 014 | LR: 0.00980 | Loss: 0.2104 | GradNorm: 2.1184 | Batch P@10: 30.0%
2026-03-13 21:44:07,199 [INFO] E023 | Batch 015 | LR: 0.00980 | Loss: 0.1446 | GradNorm: 1.1316 | Batch P@10: 60.0%
2026-03-13 21:44:12,767 [INFO] E023 | Batch 016 | LR: 0.00981 | Loss: 0.1145 | GradNorm: 0.9833 | Batch P@10: 60.0%
2026-03-13 21:44:18,388 [INFO] E023 | Batch 017 | LR: 0.00981 | Loss: 0.1677 | GradNorm: 2.0525 | Batch P@10: 0.0%
2026-03-13 21:44:24,108 [INFO] E023 | Batch 018 | LR: 0.00982 | Loss: 0.1916 | GradNorm: 1.2124 | Batch P@10: 50.0%
2026-03-13 21:44:29,709 [INFO] E023 | Batch 019 | LR: 0.00982 | Loss: 0.2389 | GradNorm: 0.7160 | Batch P@10: 60.0%
2026-03-13 21:44:35,290 [INFO] E023 | Batch 020 | LR: 0.00983 | Loss: 0.1749 | GradNorm: 1.9584 | Batch P@10: 50.0%
2026-03-13 21:44:40,913 [INFO] E023 | Batch 021 | LR: 0.00983 | Loss: 0.1764 | GradNorm: 1.2611 | Batch P@10: 50.0%
2026-03-13 21:44:46,730 [INFO] E023 | Batch 022 | LR: 0.00984 | Loss: 0.1517 | GradNorm: 2.7976 | Batch P@10: 50.0%
2026-03-13 21:44:52,435 [INFO] E023 | Batch 023 | LR: 0.00984 | Loss: 0.2277 | GradNorm: 2.3361 | Batch P@10: 30.0%
2026-03-13 21:44:58,122 [INFO] E023 | Batch 024 | LR: 0.00984 | Loss: 0.1625 | GradNorm: 4.0250 | Batch P@10: 30.0%
2026-03-13 21:45:03,848 [INFO] E023 | Batch 025 | LR: 0.00985 | Loss: 0.1992 | GradNorm: 2.8954 | Batch P@10: 30.0%
2026-03-13 21:45:09,512 [INFO] E023 | Batch 026 | LR: 0.00985 | Loss: 0.1627 | GradNorm: 1.2198 | Batch P@10: 60.0%
2026-03-13 21:45:15,234 [INFO] E023 | Batch 027 | LR: 0.00986 | Loss: 0.2330 | GradNorm: 1.9867 | Batch P@10: 30.0%
2026-03-13 21:45:20,900 [INFO] E023 | Batch 028 | LR: 0.00986 | Loss: 0.1669 | GradNorm: 2.0439 | Batch P@10: 50.0%
2026-03-13 21:45:26,579 [INFO] E023 | Batch 029 | LR: 0.00986 | Loss: 0.2191 | GradNorm: 1.9061 | Batch P@10: 40.0%
2026-03-13 21:45:32,360 [INFO] E023 | Batch 030 | LR: 0.00987 | Loss: 0.3742 | GradNorm: 2.1319 | Batch P@10: 40.0%
2026-03-13 21:45:38,008 [INFO] E023 | Batch 031 | LR: 0.00987 | Loss: 0.5836 | GradNorm: 1.0010 | Batch P@10: 10.0%
2026-03-13 21:45:43,924 [INFO] E023 | Batch 032 | LR: 0.00988 | Loss: 0.3814 | GradNorm: 0.7906 | Batch P@10: 30.0%
2026-03-13 21:45:49,741 [INFO] E023 | Batch 033 | LR: 0.00988 | Loss: 0.1894 | GradNorm: 1.1177 | Batch P@10: 60.0%
2026-03-13 21:45:55,593 [INFO] E023 | Batch 034 | LR: 0.00988 | Loss: 0.2670 | GradNorm: 1.2753 | Batch P@10: 40.0%
2026-03-13 21:46:01,468 [INFO] E023 | Batch 035 | LR: 0.00989 | Loss: 0.1647 | GradNorm: 0.7411 | Batch P@10: 50.0%
2026-03-13 21:46:07,371 [INFO] E023 | Batch 036 | LR: 0.00989 | Loss: 0.2703 | GradNorm: 2.1370 | Batch P@10: 20.0%
2026-03-13 21:46:13,266 [INFO] E023 | Batch 037 | LR: 0.00989 | Loss: 0.2916 | GradNorm: 1.3207 | Batch P@10: 50.0%
2026-03-13 21:46:23,785 [INFO] 
---> FIM DA ÉPOCA 23 | Val P@10: 42.2167% | Loss Média: 0.2432 | Grad Médio: 1.8328 | Recorde Geral: 44.4828% <---

2026-03-13 21:46:29,817 [INFO] E024 | Batch 001 | LR: 0.00990 | Loss: 0.2032 | GradNorm: 1.2072 | Batch P@10: 30.0%
2026-03-13 21:46:35,830 [INFO] E024 | Batch 002 | LR: 0.00990 | Loss: 0.5538 | GradNorm: 1.4146 | Batch P@10: 40.0%
2026-03-13 21:46:41,980 [INFO] E024 | Batch 003 | LR: 0.00990 | Loss: 0.2109 | GradNorm: 1.5096 | Batch P@10: 30.0%
2026-03-13 21:46:48,126 [INFO] E024 | Batch 004 | LR: 0.00991 | Loss: 0.2215 | GradNorm: 1.1010 | Batch P@10: 70.0%
2026-03-13 21:46:54,188 [INFO] E024 | Batch 005 | LR: 0.00991 | Loss: 0.2102 | GradNorm: 1.7948 | Batch P@10: 40.0%
2026-03-13 21:47:00,415 [INFO] E024 | Batch 006 | LR: 0.00991 | Loss: 0.2366 | GradNorm: 2.1140 | Batch P@10: 40.0%
2026-03-13 21:47:06,711 [INFO] E024 | Batch 007 | LR: 0.00992 | Loss: 0.3260 | GradNorm: 1.8967 | Batch P@10: 40.0%
2026-03-13 21:47:13,062 [INFO] E024 | Batch 008 | LR: 0.00992 | Loss: 1.1124 | GradNorm: 3.8560 | Batch P@10: 30.0%
2026-03-13 21:47:19,517 [INFO] E024 | Batch 009 | LR: 0.00992 | Loss: 0.2262 | GradNorm: 1.9967 | Batch P@10: 40.0%
2026-03-13 21:47:25,914 [INFO] E024 | Batch 010 | LR: 0.00993 | Loss: 0.3015 | GradNorm: 0.9837 | Batch P@10: 30.0%
2026-03-13 21:47:32,173 [INFO] E024 | Batch 011 | LR: 0.00993 | Loss: 0.1338 | GradNorm: 1.5813 | Batch P@10: 70.0%
2026-03-13 21:47:38,546 [INFO] E024 | Batch 012 | LR: 0.00993 | Loss: 0.4874 | GradNorm: 3.2135 | Batch P@10: 40.0%
2026-03-13 21:47:44,958 [INFO] E024 | Batch 013 | LR: 0.00993 | Loss: 0.1426 | GradNorm: 3.3778 | Batch P@10: 60.0%
2026-03-13 21:47:51,434 [INFO] E024 | Batch 014 | LR: 0.00994 | Loss: 0.3833 | GradNorm: 0.9881 | Batch P@10: 40.0%
2026-03-13 21:47:57,898 [INFO] E024 | Batch 015 | LR: 0.00994 | Loss: 0.2040 | GradNorm: 0.9089 | Batch P@10: 40.0%
2026-03-13 21:48:04,316 [INFO] E024 | Batch 016 | LR: 0.00994 | Loss: 0.1612 | GradNorm: 1.3307 | Batch P@10: 70.0%
2026-03-13 21:48:10,784 [INFO] E024 | Batch 017 | LR: 0.00994 | Loss: 0.2044 | GradNorm: 1.4503 | Batch P@10: 50.0%
2026-03-13 21:48:17,169 [INFO] E024 | Batch 018 | LR: 0.00995 | Loss: 0.2098 | GradNorm: 1.1722 | Batch P@10: 50.0%
2026-03-13 21:48:23,459 [INFO] E024 | Batch 019 | LR: 0.00995 | Loss: 0.6407 | GradNorm: 3.1107 | Batch P@10: 50.0%
2026-03-13 21:48:29,802 [INFO] E024 | Batch 020 | LR: 0.00995 | Loss: 0.2998 | GradNorm: 3.8831 | Batch P@10: 50.0%
2026-03-13 21:48:36,166 [INFO] E024 | Batch 021 | LR: 0.00995 | Loss: 0.1728 | GradNorm: 1.1862 | Batch P@10: 30.0%
2026-03-13 21:48:42,490 [INFO] E024 | Batch 022 | LR: 0.00996 | Loss: 0.1806 | GradNorm: 1.1869 | Batch P@10: 50.0%
2026-03-13 21:48:48,957 [INFO] E024 | Batch 023 | LR: 0.00996 | Loss: 0.7200 | GradNorm: 0.7902 | Batch P@10: 30.0%
2026-03-13 21:48:55,485 [INFO] E024 | Batch 024 | LR: 0.00996 | Loss: 0.1840 | GradNorm: 1.7111 | Batch P@10: 40.0%
2026-03-13 21:49:01,996 [INFO] E024 | Batch 025 | LR: 0.00996 | Loss: 0.1284 | GradNorm: 2.3803 | Batch P@10: 60.0%
2026-03-13 21:49:08,501 [INFO] E024 | Batch 026 | LR: 0.00997 | Loss: 0.3219 | GradNorm: 1.7923 | Batch P@10: 40.0%
2026-03-13 21:49:15,143 [INFO] E024 | Batch 027 | LR: 0.00997 | Loss: 0.5407 | GradNorm: 6.5928 | Batch P@10: 30.0%
2026-03-13 21:49:21,625 [INFO] E024 | Batch 028 | LR: 0.00997 | Loss: 0.1774 | GradNorm: 9.9718 | Batch P@10: 30.0%
2026-03-13 21:49:28,126 [INFO] E024 | Batch 029 | LR: 0.00997 | Loss: 0.9001 | GradNorm: 8.2499 | Batch P@10: 30.0%
2026-03-13 21:49:34,737 [INFO] E024 | Batch 030 | LR: 0.00997 | Loss: 0.3252 | GradNorm: 4.0808 | Batch P@10: 30.0%
2026-03-13 21:49:41,324 [INFO] E024 | Batch 031 | LR: 0.00997 | Loss: 0.1984 | GradNorm: 2.8371 | Batch P@10: 20.0%
2026-03-13 21:49:47,896 [INFO] E024 | Batch 032 | LR: 0.00998 | Loss: 0.1515 | GradNorm: 3.3502 | Batch P@10: 60.0%
2026-03-13 21:49:54,373 [INFO] E024 | Batch 033 | LR: 0.00998 | Loss: 0.3317 | GradNorm: 3.1889 | Batch P@10: 60.0%
2026-03-13 21:50:00,932 [INFO] E024 | Batch 034 | LR: 0.00998 | Loss: 0.2613 | GradNorm: 1.2172 | Batch P@10: 50.0%
2026-03-13 21:50:07,443 [INFO] E024 | Batch 035 | LR: 0.00998 | Loss: 0.1336 | GradNorm: 4.8286 | Batch P@10: 40.0%
2026-03-13 21:50:13,988 [INFO] E024 | Batch 036 | LR: 0.00998 | Loss: 0.1635 | GradNorm: 4.9459 | Batch P@10: 20.0%
2026-03-13 21:50:20,574 [INFO] E024 | Batch 037 | LR: 0.00998 | Loss: 0.5238 | GradNorm: 2.0735 | Batch P@10: 20.0%
2026-03-13 21:50:31,508 [INFO] 
---> FIM DA ÉPOCA 24 | Val P@10: 43.8916% | Loss Média: 0.3128 | Grad Médio: 2.6831 | Recorde Geral: 44.4828% <---

2026-03-13 21:50:38,336 [INFO] E025 | Batch 001 | LR: 0.00998 | Loss: 0.2296 | GradNorm: 2.2278 | Batch P@10: 60.0%
2026-03-13 21:50:44,934 [INFO] E025 | Batch 002 | LR: 0.00999 | Loss: 0.1972 | GradNorm: 2.8370 | Batch P@10: 40.0%
2026-03-13 21:50:51,687 [INFO] E025 | Batch 003 | LR: 0.00999 | Loss: 0.2384 | GradNorm: 1.5752 | Batch P@10: 50.0%
2026-03-13 21:50:58,447 [INFO] E025 | Batch 004 | LR: 0.00999 | Loss: 0.1548 | GradNorm: 3.3958 | Batch P@10: 50.0%
2026-03-13 21:51:05,316 [INFO] E025 | Batch 005 | LR: 0.00999 | Loss: 0.4805 | GradNorm: 4.5769 | Batch P@10: 60.0%
2026-03-13 21:51:12,283 [INFO] E025 | Batch 006 | LR: 0.00999 | Loss: 0.1375 | GradNorm: 2.0275 | Batch P@10: 50.0%
2026-03-13 21:51:19,136 [INFO] E025 | Batch 007 | LR: 0.00999 | Loss: 0.3000 | GradNorm: 1.8746 | Batch P@10: 30.0%
2026-03-13 21:51:26,162 [INFO] E025 | Batch 008 | LR: 0.00999 | Loss: 0.3158 | GradNorm: 2.3653 | Batch P@10: 50.0%
2026-03-13 21:51:33,058 [INFO] E025 | Batch 009 | LR: 0.00999 | Loss: 0.1734 | GradNorm: 2.1353 | Batch P@10: 50.0%
2026-03-13 21:51:40,053 [INFO] E025 | Batch 010 | LR: 0.00999 | Loss: 0.3431 | GradNorm: 1.8599 | Batch P@10: 40.0%
2026-03-13 21:51:46,842 [INFO] E025 | Batch 011 | LR: 0.01000 | Loss: 0.2858 | GradNorm: 3.8051 | Batch P@10: 40.0%
2026-03-13 21:51:53,387 [INFO] E025 | Batch 012 | LR: 0.01000 | Loss: 0.1522 | GradNorm: 1.8407 | Batch P@10: 30.0%
2026-03-13 21:51:59,957 [INFO] E025 | Batch 013 | LR: 0.01000 | Loss: 0.1869 | GradNorm: 0.9060 | Batch P@10: 40.0%
2026-03-13 21:52:06,418 [INFO] E025 | Batch 014 | LR: 0.01000 | Loss: 0.5235 | GradNorm: 2.0294 | Batch P@10: 50.0%
2026-03-13 21:52:12,967 [INFO] E025 | Batch 015 | LR: 0.01000 | Loss: 0.1194 | GradNorm: 0.8257 | Batch P@10: 70.0%
2026-03-13 21:52:19,331 [INFO] E025 | Batch 016 | LR: 0.01000 | Loss: 0.1241 | GradNorm: 0.9599 | Batch P@10: 50.0%
2026-03-13 21:52:25,856 [INFO] E025 | Batch 017 | LR: 0.01000 | Loss: 0.2363 | GradNorm: 1.6210 | Batch P@10: 20.0%
2026-03-13 21:52:32,246 [INFO] E025 | Batch 018 | LR: 0.01000 | Loss: 0.1747 | GradNorm: 0.9152 | Batch P@10: 50.0%
2026-03-13 21:52:38,970 [INFO] E025 | Batch 019 | LR: 0.01000 | Loss: 0.1367 | GradNorm: 1.1059 | Batch P@10: 50.0%
2026-03-13 21:52:45,695 [INFO] E025 | Batch 020 | LR: 0.01000 | Loss: 0.3696 | GradNorm: 1.1836 | Batch P@10: 40.0%
2026-03-13 21:52:52,395 [INFO] E025 | Batch 021 | LR: 0.01000 | Loss: 0.4609 | GradNorm: 1.9809 | Batch P@10: 30.0%
2026-03-13 21:52:59,008 [INFO] E025 | Batch 022 | LR: 0.01000 | Loss: 0.2397 | GradNorm: 1.5869 | Batch P@10: 40.0%
2026-03-13 21:53:05,603 [INFO] E025 | Batch 023 | LR: 0.01000 | Loss: 0.1336 | GradNorm: 3.5397 | Batch P@10: 30.0%
2026-03-13 21:53:12,005 [INFO] E025 | Batch 024 | LR: 0.01000 | Loss: 0.1030 | GradNorm: 1.8867 | Batch P@10: 40.0%
2026-03-13 21:53:18,813 [INFO] E025 | Batch 025 | LR: 0.01000 | Loss: 0.1634 | GradNorm: 2.1047 | Batch P@10: 50.0%
2026-03-13 21:53:25,627 [INFO] E025 | Batch 026 | LR: 0.01000 | Loss: 0.2055 | GradNorm: 0.8391 | Batch P@10: 30.0%
2026-03-13 21:53:32,170 [INFO] E025 | Batch 027 | LR: 0.01000 | Loss: 0.1451 | GradNorm: 1.1771 | Batch P@10: 50.0%
2026-03-13 21:53:38,925 [INFO] E025 | Batch 028 | LR: 0.01000 | Loss: 0.2817 | GradNorm: 0.9992 | Batch P@10: 20.0%
2026-03-13 21:53:45,696 [INFO] E025 | Batch 029 | LR: 0.01000 | Loss: 0.1716 | GradNorm: 5.2386 | Batch P@10: 60.0%
2026-03-13 21:53:52,654 [INFO] E025 | Batch 030 | LR: 0.01000 | Loss: 0.3489 | GradNorm: 1.6635 | Batch P@10: 40.0%
2026-03-13 21:53:59,589 [INFO] E025 | Batch 031 | LR: 0.01000 | Loss: 0.2964 | GradNorm: 1.6219 | Batch P@10: 40.0%
2026-03-13 21:54:06,530 [INFO] E025 | Batch 032 | LR: 0.01000 | Loss: 0.1639 | GradNorm: 0.9240 | Batch P@10: 70.0%
2026-03-13 21:54:13,417 [INFO] E025 | Batch 033 | LR: 0.01000 | Loss: 0.1435 | GradNorm: 2.7618 | Batch P@10: 50.0%
2026-03-13 21:54:20,418 [INFO] E025 | Batch 034 | LR: 0.01000 | Loss: 0.2451 | GradNorm: 0.9092 | Batch P@10: 30.0%
2026-03-13 21:54:27,311 [INFO] E025 | Batch 035 | LR: 0.01000 | Loss: 0.2163 | GradNorm: 2.2920 | Batch P@10: 40.0%
2026-03-13 21:54:34,201 [INFO] E025 | Batch 036 | LR: 0.01000 | Loss: 0.2546 | GradNorm: 1.1641 | Batch P@10: 40.0%
2026-03-13 21:54:41,199 [INFO] E025 | Batch 037 | LR: 0.01000 | Loss: 0.2779 | GradNorm: 1.7888 | Batch P@10: 20.0%
2026-03-13 21:54:52,736 [INFO] 
---> FIM DA ÉPOCA 25 | Val P@10: 43.8916% | Loss Média: 0.2297 | Grad Médio: 1.9607 | Recorde Geral: 44.4828% <---

2026-03-13 21:54:59,777 [INFO] E026 | Batch 001 | LR: 0.01000 | Loss: 0.3126 | GradNorm: 1.0748 | Batch P@10: 40.0%
2026-03-13 21:55:06,707 [INFO] E026 | Batch 002 | LR: 0.01000 | Loss: 0.1752 | GradNorm: 1.7425 | Batch P@10: 30.0%
2026-03-13 21:55:13,637 [INFO] E026 | Batch 003 | LR: 0.01000 | Loss: 0.6484 | GradNorm: 2.6281 | Batch P@10: 50.0%
2026-03-13 21:55:20,827 [INFO] E026 | Batch 004 | LR: 0.01000 | Loss: 0.7736 | GradNorm: 1.3361 | Batch P@10: 20.0%
2026-03-13 21:55:27,825 [INFO] E026 | Batch 005 | LR: 0.01000 | Loss: 0.1198 | GradNorm: 1.0147 | Batch P@10: 50.0%
2026-03-13 21:55:34,646 [INFO] E026 | Batch 006 | LR: 0.01000 | Loss: 0.4636 | GradNorm: 3.9279 | Batch P@10: 50.0%
2026-03-13 21:55:41,641 [INFO] E026 | Batch 007 | LR: 0.01000 | Loss: 0.1798 | GradNorm: 1.6009 | Batch P@10: 50.0%
2026-03-13 21:55:48,504 [INFO] E026 | Batch 008 | LR: 0.01000 | Loss: 0.2191 | GradNorm: 1.4820 | Batch P@10: 60.0%
2026-03-13 21:55:55,465 [INFO] E026 | Batch 009 | LR: 0.01000 | Loss: 1.2643 | GradNorm: 2.8722 | Batch P@10: 30.0%
2026-03-13 21:56:02,543 [INFO] E026 | Batch 010 | LR: 0.01000 | Loss: 0.4193 | GradNorm: 1.1729 | Batch P@10: 40.0%
2026-03-13 21:56:09,526 [INFO] E026 | Batch 011 | LR: 0.01000 | Loss: 0.4221 | GradNorm: 1.8395 | Batch P@10: 50.0%
2026-03-13 21:56:16,414 [INFO] E026 | Batch 012 | LR: 0.01000 | Loss: 0.1492 | GradNorm: 2.4037 | Batch P@10: 20.0%
2026-03-13 21:56:23,242 [INFO] E026 | Batch 013 | LR: 0.01000 | Loss: 0.2112 | GradNorm: 1.1156 | Batch P@10: 40.0%
2026-03-13 21:56:30,222 [INFO] E026 | Batch 014 | LR: 0.01000 | Loss: 0.2102 | GradNorm: 2.1289 | Batch P@10: 60.0%
2026-03-13 21:56:37,143 [INFO] E026 | Batch 015 | LR: 0.01000 | Loss: 0.1743 | GradNorm: 0.7974 | Batch P@10: 30.0%
2026-03-13 21:56:44,036 [INFO] E026 | Batch 016 | LR: 0.01000 | Loss: 0.2138 | GradNorm: 2.2036 | Batch P@10: 70.0%
2026-03-13 21:56:50,981 [INFO] E026 | Batch 017 | LR: 0.01000 | Loss: 0.2083 | GradNorm: 1.8910 | Batch P@10: 50.0%
2026-03-13 21:56:57,829 [INFO] E026 | Batch 018 | LR: 0.01000 | Loss: 0.1347 | GradNorm: 1.4262 | Batch P@10: 30.0%
2026-03-13 21:57:04,714 [INFO] E026 | Batch 019 | LR: 0.01000 | Loss: 0.1416 | GradNorm: 6.3289 | Batch P@10: 20.0%
2026-03-13 21:57:11,494 [INFO] E026 | Batch 020 | LR: 0.01000 | Loss: 0.4845 | GradNorm: 7.3509 | Batch P@10: 50.0%
2026-03-13 21:57:18,189 [INFO] E026 | Batch 021 | LR: 0.01000 | Loss: 0.3702 | GradNorm: 3.7914 | Batch P@10: 40.0%
2026-03-13 21:57:25,060 [INFO] E026 | Batch 022 | LR: 0.01000 | Loss: 0.2259 | GradNorm: 2.5157 | Batch P@10: 40.0%
2026-03-13 21:57:31,673 [INFO] E026 | Batch 023 | LR: 0.01000 | Loss: 0.1983 | GradNorm: 1.3473 | Batch P@10: 40.0%
2026-03-13 21:57:38,427 [INFO] E026 | Batch 024 | LR: 0.01000 | Loss: 0.3572 | GradNorm: 2.2407 | Batch P@10: 50.0%
2026-03-13 21:57:45,216 [INFO] E026 | Batch 025 | LR: 0.01000 | Loss: 0.1739 | GradNorm: 1.7818 | Batch P@10: 20.0%
2026-03-13 21:57:48,539 [INFO] E026 | Batch 026 | LR: 0.01000 | Loss: 0.1778 | GradNorm: 1.4857 | Batch P@10: 40.0%
2026-03-13 21:57:51,676 [INFO] E026 | Batch 027 | LR: 0.01000 | Loss: 0.1636 | GradNorm: 0.7497 | Batch P@10: 60.0%
2026-03-13 21:57:54,797 [INFO] E026 | Batch 028 | LR: 0.01000 | Loss: 0.1615 | GradNorm: 2.0294 | Batch P@10: 70.0%
2026-03-13 21:57:58,027 [INFO] E026 | Batch 029 | LR: 0.01000 | Loss: 0.1978 | GradNorm: 1.7734 | Batch P@10: 30.0%
2026-03-13 21:58:01,315 [INFO] E026 | Batch 030 | LR: 0.01000 | Loss: 0.1725 | GradNorm: 0.9440 | Batch P@10: 30.0%
2026-03-13 21:58:04,744 [INFO] E026 | Batch 031 | LR: 0.01000 | Loss: 0.1520 | GradNorm: 1.6509 | Batch P@10: 60.0%
2026-03-13 21:58:07,914 [INFO] E026 | Batch 032 | LR: 0.01000 | Loss: 0.3410 | GradNorm: 1.2615 | Batch P@10: 60.0%
2026-03-13 21:58:11,154 [INFO] E026 | Batch 033 | LR: 0.01000 | Loss: 0.1524 | GradNorm: 0.7745 | Batch P@10: 60.0%
2026-03-13 21:58:14,320 [INFO] E026 | Batch 034 | LR: 0.01000 | Loss: 0.2928 | GradNorm: 1.3210 | Batch P@10: 40.0%
2026-03-13 21:58:17,527 [INFO] E026 | Batch 035 | LR: 0.01000 | Loss: 0.2422 | GradNorm: 6.3251 | Batch P@10: 20.0%
2026-03-13 21:58:20,742 [INFO] E026 | Batch 036 | LR: 0.01000 | Loss: 0.1283 | GradNorm: 5.4277 | Batch P@10: 20.0%
2026-03-13 21:58:24,133 [INFO] E026 | Batch 037 | LR: 0.01000 | Loss: 0.2309 | GradNorm: 0.7165 | Batch P@10: 40.0%
2026-03-13 21:58:28,984 [INFO] 
---> FIM DA ÉPOCA 26 | Val P@10: 44.7783% | Loss Média: 0.2806 | Grad Médio: 2.2290 | Recorde Geral: 44.7783% <---

2026-03-13 21:58:28,990 [INFO] 💎 NOVO RECORDE RETREINO 64: 44.8%
2026-03-13 21:58:32,306 [INFO] E027 | Batch 001 | LR: 0.01000 | Loss: 0.1528 | GradNorm: 1.0276 | Batch P@10: 50.0%
2026-03-13 21:58:35,767 [INFO] E027 | Batch 002 | LR: 0.00999 | Loss: 0.1451 | GradNorm: 2.1945 | Batch P@10: 60.0%
2026-03-13 21:58:39,050 [INFO] E027 | Batch 003 | LR: 0.00999 | Loss: 0.1316 | GradNorm: 1.3908 | Batch P@10: 40.0%
2026-03-13 21:58:42,576 [INFO] E027 | Batch 004 | LR: 0.00999 | Loss: 0.1266 | GradNorm: 0.5385 | Batch P@10: 80.0%
2026-03-13 21:58:45,964 [INFO] E027 | Batch 005 | LR: 0.00999 | Loss: 0.2138 | GradNorm: 3.3909 | Batch P@10: 30.0%
2026-03-13 21:58:49,486 [INFO] E027 | Batch 006 | LR: 0.00999 | Loss: 0.1559 | GradNorm: 0.7892 | Batch P@10: 40.0%
2026-03-13 21:58:52,961 [INFO] E027 | Batch 007 | LR: 0.00999 | Loss: 0.1494 | GradNorm: 1.3442 | Batch P@10: 20.0%
2026-03-13 21:58:56,430 [INFO] E027 | Batch 008 | LR: 0.00999 | Loss: 0.3319 | GradNorm: 3.5229 | Batch P@10: 50.0%
2026-03-13 21:58:59,966 [INFO] E027 | Batch 009 | LR: 0.00999 | Loss: 0.7425 | GradNorm: 2.8142 | Batch P@10: 50.0%
2026-03-13 21:59:03,437 [INFO] E027 | Batch 010 | LR: 0.00999 | Loss: 0.1610 | GradNorm: 1.0784 | Batch P@10: 40.0%
2026-03-13 21:59:07,158 [INFO] E027 | Batch 011 | LR: 0.00999 | Loss: 0.1726 | GradNorm: 0.9388 | Batch P@10: 40.0%
2026-03-13 21:59:10,661 [INFO] E027 | Batch 012 | LR: 0.00999 | Loss: 0.4131 | GradNorm: 1.2258 | Batch P@10: 60.0%
2026-03-13 21:59:14,034 [INFO] E027 | Batch 013 | LR: 0.00999 | Loss: 0.2246 | GradNorm: 1.6193 | Batch P@10: 30.0%
2026-03-13 21:59:17,429 [INFO] E027 | Batch 014 | LR: 0.00999 | Loss: 0.5581 | GradNorm: 1.8946 | Batch P@10: 20.0%
2026-03-13 21:59:20,888 [INFO] E027 | Batch 015 | LR: 0.00999 | Loss: 0.2068 | GradNorm: 2.2318 | Batch P@10: 40.0%
2026-03-13 21:59:24,238 [INFO] E027 | Batch 016 | LR: 0.00999 | Loss: 0.1629 | GradNorm: 1.4142 | Batch P@10: 40.0%
2026-03-13 21:59:27,670 [INFO] E027 | Batch 017 | LR: 0.00999 | Loss: 0.1241 | GradNorm: 1.0362 | Batch P@10: 50.0%
2026-03-13 21:59:31,131 [INFO] E027 | Batch 018 | LR: 0.00999 | Loss: 0.1868 | GradNorm: 2.5336 | Batch P@10: 40.0%
2026-03-13 21:59:34,448 [INFO] E027 | Batch 019 | LR: 0.00999 | Loss: 0.1305 | GradNorm: 1.1195 | Batch P@10: 60.0%
2026-03-13 21:59:37,828 [INFO] E027 | Batch 020 | LR: 0.00999 | Loss: 0.1385 | GradNorm: 0.9225 | Batch P@10: 70.0%
2026-03-13 21:59:41,035 [INFO] E027 | Batch 021 | LR: 0.00999 | Loss: 0.1725 | GradNorm: 1.5192 | Batch P@10: 50.0%
2026-03-13 21:59:44,410 [INFO] E027 | Batch 022 | LR: 0.00999 | Loss: 0.2892 | GradNorm: 2.0070 | Batch P@10: 30.0%
2026-03-13 21:59:47,788 [INFO] E027 | Batch 023 | LR: 0.00999 | Loss: 0.1797 | GradNorm: 1.4259 | Batch P@10: 40.0%
2026-03-13 21:59:51,140 [INFO] E027 | Batch 024 | LR: 0.00999 | Loss: 0.1114 | GradNorm: 1.7469 | Batch P@10: 80.0%
2026-03-13 21:59:54,365 [INFO] E027 | Batch 025 | LR: 0.00999 | Loss: 0.1352 | GradNorm: 1.9659 | Batch P@10: 60.0%
2026-03-13 21:59:57,650 [INFO] E027 | Batch 026 | LR: 0.00999 | Loss: 0.1043 | GradNorm: 1.7492 | Batch P@10: 60.0%
2026-03-13 22:00:01,066 [INFO] E027 | Batch 027 | LR: 0.00999 | Loss: 0.1435 | GradNorm: 1.1460 | Batch P@10: 20.0%
2026-03-13 22:00:04,545 [INFO] E027 | Batch 028 | LR: 0.00999 | Loss: 0.1692 | GradNorm: 1.3729 | Batch P@10: 30.0%
2026-03-13 22:00:08,004 [INFO] E027 | Batch 029 | LR: 0.00999 | Loss: 0.1759 | GradNorm: 3.0157 | Batch P@10: 40.0%
2026-03-13 22:00:11,444 [INFO] E027 | Batch 030 | LR: 0.00999 | Loss: 0.1296 | GradNorm: 1.2906 | Batch P@10: 40.0%
2026-03-13 22:00:14,968 [INFO] E027 | Batch 031 | LR: 0.00999 | Loss: 0.1167 | GradNorm: 1.6531 | Batch P@10: 40.0%
2026-03-13 22:00:18,552 [INFO] E027 | Batch 032 | LR: 0.00999 | Loss: 0.2293 | GradNorm: 0.8748 | Batch P@10: 20.0%
2026-03-13 22:00:22,013 [INFO] E027 | Batch 033 | LR: 0.00999 | Loss: 0.4470 | GradNorm: 2.6181 | Batch P@10: 30.0%
2026-03-13 22:00:28,040 [INFO] E027 | Batch 034 | LR: 0.00999 | Loss: 0.1895 | GradNorm: 1.9758 | Batch P@10: 30.0%
2026-03-13 22:00:35,104 [INFO] E027 | Batch 035 | LR: 0.00999 | Loss: 0.1990 | GradNorm: 1.7098 | Batch P@10: 50.0%
2026-03-13 22:00:42,155 [INFO] E027 | Batch 036 | LR: 0.00999 | Loss: 0.6086 | GradNorm: 1.4103 | Batch P@10: 40.0%
2026-03-13 22:00:49,267 [INFO] E027 | Batch 037 | LR: 0.00999 | Loss: 0.2450 | GradNorm: 2.8781 | Batch P@10: 30.0%
2026-03-13 22:01:00,791 [INFO] 
---> FIM DA ÉPOCA 27 | Val P@10: 42.5123% | Loss Média: 0.2177 | Grad Médio: 1.7132 | Recorde Geral: 44.7783% <---

2026-03-13 22:01:07,936 [INFO] E028 | Batch 001 | LR: 0.00999 | Loss: 0.1618 | GradNorm: 1.5285 | Batch P@10: 50.0%
2026-03-13 22:01:15,178 [INFO] E028 | Batch 002 | LR: 0.00999 | Loss: 0.3008 | GradNorm: 1.1825 | Batch P@10: 40.0%
2026-03-13 22:01:22,211 [INFO] E028 | Batch 003 | LR: 0.00998 | Loss: 0.1501 | GradNorm: 0.9601 | Batch P@10: 70.0%
2026-03-13 22:01:29,215 [INFO] E028 | Batch 004 | LR: 0.00998 | Loss: 0.1563 | GradNorm: 1.9497 | Batch P@10: 30.0%
2026-03-13 22:01:36,381 [INFO] E028 | Batch 005 | LR: 0.00998 | Loss: 0.4056 | GradNorm: 1.1778 | Batch P@10: 30.0%
2026-03-13 22:01:43,291 [INFO] E028 | Batch 006 | LR: 0.00998 | Loss: 0.1262 | GradNorm: 1.5345 | Batch P@10: 60.0%
2026-03-13 22:01:50,121 [INFO] E028 | Batch 007 | LR: 0.00998 | Loss: 0.2285 | GradNorm: 1.3637 | Batch P@10: 50.0%
2026-03-13 22:01:56,996 [INFO] E028 | Batch 008 | LR: 0.00998 | Loss: 0.2505 | GradNorm: 2.1517 | Batch P@10: 60.0%
2026-03-13 22:02:04,134 [INFO] E028 | Batch 009 | LR: 0.00998 | Loss: 0.1365 | GradNorm: 0.6120 | Batch P@10: 50.0%
2026-03-13 22:02:11,128 [INFO] E028 | Batch 010 | LR: 0.00998 | Loss: 0.1548 | GradNorm: 1.0499 | Batch P@10: 50.0%
2026-03-13 22:02:18,154 [INFO] E028 | Batch 011 | LR: 0.00998 | Loss: 0.1918 | GradNorm: 1.3025 | Batch P@10: 50.0%
2026-03-13 22:02:25,427 [INFO] E028 | Batch 012 | LR: 0.00998 | Loss: 0.2169 | GradNorm: 1.2808 | Batch P@10: 50.0%
2026-03-13 22:02:32,764 [INFO] E028 | Batch 013 | LR: 0.00998 | Loss: 0.1518 | GradNorm: 1.5623 | Batch P@10: 60.0%
2026-03-13 22:02:39,952 [INFO] E028 | Batch 014 | LR: 0.00998 | Loss: 0.1910 | GradNorm: 0.9523 | Batch P@10: 50.0%
2026-03-13 22:02:46,878 [INFO] E028 | Batch 015 | LR: 0.00998 | Loss: 0.2214 | GradNorm: 1.4830 | Batch P@10: 50.0%
2026-03-13 22:02:53,951 [INFO] E028 | Batch 016 | LR: 0.00998 | Loss: 0.6610 | GradNorm: 1.4110 | Batch P@10: 40.0%
2026-03-13 22:03:00,974 [INFO] E028 | Batch 017 | LR: 0.00998 | Loss: 0.1369 | GradNorm: 0.9217 | Batch P@10: 50.0%
2026-03-13 22:03:08,014 [INFO] E028 | Batch 018 | LR: 0.00998 | Loss: 0.5220 | GradNorm: 0.8472 | Batch P@10: 50.0%
2026-03-13 22:03:15,203 [INFO] E028 | Batch 019 | LR: 0.00998 | Loss: 0.1847 | GradNorm: 0.9831 | Batch P@10: 40.0%
2026-03-13 22:03:22,352 [INFO] E028 | Batch 020 | LR: 0.00998 | Loss: 0.2521 | GradNorm: 2.2729 | Batch P@10: 40.0%
2026-03-13 22:03:29,579 [INFO] E028 | Batch 021 | LR: 0.00998 | Loss: 0.1292 | GradNorm: 1.1262 | Batch P@10: 40.0%
2026-03-13 22:03:36,756 [INFO] E028 | Batch 022 | LR: 0.00998 | Loss: 0.1540 | GradNorm: 5.2707 | Batch P@10: 20.0%
2026-03-13 22:03:43,974 [INFO] E028 | Batch 023 | LR: 0.00998 | Loss: 0.1822 | GradNorm: 3.5607 | Batch P@10: 20.0%
2026-03-13 22:03:51,224 [INFO] E028 | Batch 024 | LR: 0.00998 | Loss: 0.2596 | GradNorm: 1.6969 | Batch P@10: 20.0%
2026-03-13 22:03:58,536 [INFO] E028 | Batch 025 | LR: 0.00998 | Loss: 0.2366 | GradNorm: 1.1156 | Batch P@10: 50.0%
2026-03-13 22:04:05,958 [INFO] E028 | Batch 026 | LR: 0.00998 | Loss: 0.4429 | GradNorm: 1.8138 | Batch P@10: 40.0%
2026-03-13 22:04:13,486 [INFO] E028 | Batch 027 | LR: 0.00998 | Loss: 0.1244 | GradNorm: 1.9830 | Batch P@10: 50.0%
2026-03-13 22:04:20,972 [INFO] E028 | Batch 028 | LR: 0.00998 | Loss: 0.1976 | GradNorm: 0.6563 | Batch P@10: 50.0%
2026-03-13 22:04:28,532 [INFO] E028 | Batch 029 | LR: 0.00998 | Loss: 0.1805 | GradNorm: 2.4791 | Batch P@10: 70.0%
2026-03-13 22:04:36,008 [INFO] E028 | Batch 030 | LR: 0.00997 | Loss: 0.2217 | GradNorm: 1.3407 | Batch P@10: 30.0%
2026-03-13 22:04:43,592 [INFO] E028 | Batch 031 | LR: 0.00997 | Loss: 0.1686 | GradNorm: 1.3196 | Batch P@10: 30.0%
2026-03-13 22:04:51,144 [INFO] E028 | Batch 032 | LR: 0.00997 | Loss: 0.3374 | GradNorm: 2.1747 | Batch P@10: 20.0%
2026-03-13 22:04:58,353 [INFO] E028 | Batch 033 | LR: 0.00997 | Loss: 0.5275 | GradNorm: 5.3607 | Batch P@10: 30.0%
2026-03-13 22:05:05,675 [INFO] E028 | Batch 034 | LR: 0.00997 | Loss: 0.1843 | GradNorm: 1.7669 | Batch P@10: 40.0%
2026-03-13 22:05:12,843 [INFO] E028 | Batch 035 | LR: 0.00997 | Loss: 0.2030 | GradNorm: 1.0349 | Batch P@10: 50.0%
2026-03-13 22:05:20,141 [INFO] E028 | Batch 036 | LR: 0.00997 | Loss: 0.2033 | GradNorm: 3.1425 | Batch P@10: 40.0%
2026-03-13 22:05:27,595 [INFO] E028 | Batch 037 | LR: 0.00997 | Loss: 0.3814 | GradNorm: 2.4714 | Batch P@10: 50.0%
2026-03-13 22:05:39,462 [INFO] 
---> FIM DA ÉPOCA 28 | Val P@10: 43.8916% | Loss Média: 0.2351 | Grad Médio: 1.7524 | Recorde Geral: 44.7783% <---

2026-03-13 22:05:46,890 [INFO] E029 | Batch 001 | LR: 0.00997 | Loss: 0.2392 | GradNorm: 2.0709 | Batch P@10: 40.0%
2026-03-13 22:05:54,094 [INFO] E029 | Batch 002 | LR: 0.00997 | Loss: 0.1753 | GradNorm: 2.4635 | Batch P@10: 50.0%
2026-03-13 22:06:01,526 [INFO] E029 | Batch 003 | LR: 0.00997 | Loss: 0.1945 | GradNorm: 1.6326 | Batch P@10: 30.0%
2026-03-13 22:06:08,713 [INFO] E029 | Batch 004 | LR: 0.00997 | Loss: 0.3751 | GradNorm: 5.8409 | Batch P@10: 50.0%
2026-03-13 22:06:15,779 [INFO] E029 | Batch 005 | LR: 0.00997 | Loss: 0.1483 | GradNorm: 7.7965 | Batch P@10: 30.0%
2026-03-13 22:06:22,847 [INFO] E029 | Batch 006 | LR: 0.00997 | Loss: 0.1505 | GradNorm: 2.6041 | Batch P@10: 50.0%
2026-03-13 22:06:29,870 [INFO] E029 | Batch 007 | LR: 0.00997 | Loss: 0.5432 | GradNorm: 1.5439 | Batch P@10: 50.0%
2026-03-13 22:06:36,960 [INFO] E029 | Batch 008 | LR: 0.00997 | Loss: 0.1851 | GradNorm: 1.6828 | Batch P@10: 50.0%
2026-03-13 22:06:44,061 [INFO] E029 | Batch 009 | LR: 0.00997 | Loss: 0.1547 | GradNorm: 0.8120 | Batch P@10: 40.0%
2026-03-13 22:06:51,012 [INFO] E029 | Batch 010 | LR: 0.00997 | Loss: 0.1639 | GradNorm: 1.3193 | Batch P@10: 50.0%
2026-03-13 22:06:57,999 [INFO] E029 | Batch 011 | LR: 0.00997 | Loss: 0.1756 | GradNorm: 1.2966 | Batch P@10: 50.0%
2026-03-13 22:07:05,069 [INFO] E029 | Batch 012 | LR: 0.00997 | Loss: 0.1566 | GradNorm: 0.8122 | Batch P@10: 40.0%
2026-03-13 22:07:12,053 [INFO] E029 | Batch 013 | LR: 0.00997 | Loss: 0.2558 | GradNorm: 0.9637 | Batch P@10: 30.0%
2026-03-13 22:07:19,070 [INFO] E029 | Batch 014 | LR: 0.00996 | Loss: 0.1475 | GradNorm: 1.9779 | Batch P@10: 40.0%
2026-03-13 22:07:26,007 [INFO] E029 | Batch 015 | LR: 0.00996 | Loss: 0.1517 | GradNorm: 4.3815 | Batch P@10: 30.0%
2026-03-13 22:07:32,943 [INFO] E029 | Batch 016 | LR: 0.00996 | Loss: 0.1661 | GradNorm: 1.4818 | Batch P@10: 50.0%
2026-03-13 22:07:39,905 [INFO] E029 | Batch 017 | LR: 0.00996 | Loss: 0.1090 | GradNorm: 3.0432 | Batch P@10: 40.0%
2026-03-13 22:07:46,812 [INFO] E029 | Batch 018 | LR: 0.00996 | Loss: 0.2135 | GradNorm: 1.4550 | Batch P@10: 20.0%
2026-03-13 22:07:53,646 [INFO] E029 | Batch 019 | LR: 0.00996 | Loss: 0.1176 | GradNorm: 1.3062 | Batch P@10: 80.0%
2026-03-13 22:08:00,452 [INFO] E029 | Batch 020 | LR: 0.00996 | Loss: 0.2868 | GradNorm: 1.3741 | Batch P@10: 50.0%
2026-03-13 22:08:07,231 [INFO] E029 | Batch 021 | LR: 0.00996 | Loss: 0.1748 | GradNorm: 1.6297 | Batch P@10: 50.0%
2026-03-13 22:08:14,063 [INFO] E029 | Batch 022 | LR: 0.00996 | Loss: 0.4598 | GradNorm: 2.0796 | Batch P@10: 40.0%
2026-03-13 22:08:20,962 [INFO] E029 | Batch 023 | LR: 0.00996 | Loss: 0.1485 | GradNorm: 1.5837 | Batch P@10: 60.0%
2026-03-13 22:08:28,059 [INFO] E029 | Batch 024 | LR: 0.00996 | Loss: 0.1509 | GradNorm: 1.2092 | Batch P@10: 50.0%
2026-03-13 22:08:34,987 [INFO] E029 | Batch 025 | LR: 0.00996 | Loss: 1.1609 | GradNorm: 1.5072 | Batch P@10: 30.0%
2026-03-13 22:08:41,870 [INFO] E029 | Batch 026 | LR: 0.00996 | Loss: 0.1443 | GradNorm: 0.4345 | Batch P@10: 30.0%
2026-03-13 22:08:48,892 [INFO] E029 | Batch 027 | LR: 0.00996 | Loss: 0.3107 | GradNorm: 0.9102 | Batch P@10: 20.0%
2026-03-13 22:08:56,058 [INFO] E029 | Batch 028 | LR: 0.00996 | Loss: 0.1292 | GradNorm: 1.0882 | Batch P@10: 60.0%
2026-03-13 22:09:03,238 [INFO] E029 | Batch 029 | LR: 0.00996 | Loss: 0.1569 | GradNorm: 1.7527 | Batch P@10: 40.0%
2026-03-13 22:09:10,452 [INFO] E029 | Batch 030 | LR: 0.00996 | Loss: 0.2208 | GradNorm: 0.8993 | Batch P@10: 50.0%
2026-03-13 22:09:17,978 [INFO] E029 | Batch 031 | LR: 0.00996 | Loss: 0.1509 | GradNorm: 1.5852 | Batch P@10: 40.0%
2026-03-13 22:09:25,382 [INFO] E029 | Batch 032 | LR: 0.00995 | Loss: 0.1532 | GradNorm: 1.1893 | Batch P@10: 60.0%
2026-03-13 22:09:32,990 [INFO] E029 | Batch 033 | LR: 0.00995 | Loss: 0.1218 | GradNorm: 4.0155 | Batch P@10: 30.0%
2026-03-13 22:09:40,520 [INFO] E029 | Batch 034 | LR: 0.00995 | Loss: 0.1444 | GradNorm: 3.1883 | Batch P@10: 30.0%
2026-03-13 22:09:47,892 [INFO] E029 | Batch 035 | LR: 0.00995 | Loss: 0.1550 | GradNorm: 1.8208 | Batch P@10: 50.0%
2026-03-13 22:09:55,528 [INFO] E029 | Batch 036 | LR: 0.00995 | Loss: 0.1778 | GradNorm: 1.1126 | Batch P@10: 40.0%
2026-03-13 22:10:02,992 [INFO] E029 | Batch 037 | LR: 0.00995 | Loss: 0.1846 | GradNorm: 1.0058 | Batch P@10: 10.0%
2026-03-13 22:10:14,850 [INFO] 
---> FIM DA ÉPOCA 29 | Val P@10: 43.1527% | Loss Média: 0.2172 | Grad Médio: 1.9695 | Recorde Geral: 44.7783% <---

2026-03-13 22:10:22,271 [INFO] E030 | Batch 001 | LR: 0.00995 | Loss: 0.1584 | GradNorm: 1.5533 | Batch P@10: 60.0%
2026-03-13 22:10:29,641 [INFO] E030 | Batch 002 | LR: 0.00995 | Loss: 0.1525 | GradNorm: 1.2487 | Batch P@10: 50.0%
2026-03-13 22:10:36,838 [INFO] E030 | Batch 003 | LR: 0.00995 | Loss: 0.4006 | GradNorm: 1.6636 | Batch P@10: 50.0%
2026-03-13 22:10:43,879 [INFO] E030 | Batch 004 | LR: 0.00995 | Loss: 0.1628 | GradNorm: 2.9542 | Batch P@10: 50.0%
2026-03-13 22:10:50,924 [INFO] E030 | Batch 005 | LR: 0.00995 | Loss: 0.1881 | GradNorm: 2.2077 | Batch P@10: 60.0%
2026-03-13 22:10:57,952 [INFO] E030 | Batch 006 | LR: 0.00995 | Loss: 0.1965 | GradNorm: 1.9138 | Batch P@10: 20.0%
2026-03-13 22:11:05,100 [INFO] E030 | Batch 007 | LR: 0.00995 | Loss: 0.5968 | GradNorm: 1.3023 | Batch P@10: 40.0%
2026-03-13 22:11:12,104 [INFO] E030 | Batch 008 | LR: 0.00995 | Loss: 0.3803 | GradNorm: 0.9008 | Batch P@10: 20.0%
2026-03-13 22:11:19,047 [INFO] E030 | Batch 009 | LR: 0.00995 | Loss: 0.3150 | GradNorm: 1.1526 | Batch P@10: 20.0%
2026-03-13 22:11:25,842 [INFO] E030 | Batch 010 | LR: 0.00995 | Loss: 0.4087 | GradNorm: 5.1178 | Batch P@10: 20.0%
2026-03-13 22:11:32,841 [INFO] E030 | Batch 011 | LR: 0.00995 | Loss: 0.3694 | GradNorm: 3.7089 | Batch P@10: 20.0%
2026-03-13 22:11:39,733 [INFO] E030 | Batch 012 | LR: 0.00994 | Loss: 0.1693 | GradNorm: 1.5490 | Batch P@10: 40.0%
2026-03-13 22:11:46,705 [INFO] E030 | Batch 013 | LR: 0.00994 | Loss: 0.2374 | GradNorm: 2.0265 | Batch P@10: 40.0%
2026-03-13 22:11:53,587 [INFO] E030 | Batch 014 | LR: 0.00994 | Loss: 0.3648 | GradNorm: 1.3456 | Batch P@10: 20.0%
2026-03-13 22:12:00,467 [INFO] E030 | Batch 015 | LR: 0.00994 | Loss: 0.1391 | GradNorm: 0.9846 | Batch P@10: 30.0%
2026-03-13 22:12:07,273 [INFO] E030 | Batch 016 | LR: 0.00994 | Loss: 0.1779 | GradNorm: 1.1338 | Batch P@10: 40.0%
2026-03-13 22:12:14,072 [INFO] E030 | Batch 017 | LR: 0.00994 | Loss: 0.1853 | GradNorm: 1.2921 | Batch P@10: 30.0%
2026-03-13 22:12:20,896 [INFO] E030 | Batch 018 | LR: 0.00994 | Loss: 0.1574 | GradNorm: 3.9996 | Batch P@10: 30.0%
2026-03-13 22:12:27,745 [INFO] E030 | Batch 019 | LR: 0.00994 | Loss: 0.1685 | GradNorm: 3.2945 | Batch P@10: 60.0%
2026-03-13 22:12:34,729 [INFO] E030 | Batch 020 | LR: 0.00994 | Loss: 0.2599 | GradNorm: 1.3186 | Batch P@10: 50.0%
2026-03-13 22:12:42,023 [INFO] E030 | Batch 021 | LR: 0.00994 | Loss: 0.2874 | GradNorm: 3.0683 | Batch P@10: 20.0%
2026-03-13 22:12:49,297 [INFO] E030 | Batch 022 | LR: 0.00994 | Loss: 0.2056 | GradNorm: 4.3104 | Batch P@10: 20.0%
2026-03-13 22:12:56,523 [INFO] E030 | Batch 023 | LR: 0.00994 | Loss: 0.2491 | GradNorm: 3.0601 | Batch P@10: 50.0%
2026-03-13 22:13:03,606 [INFO] E030 | Batch 024 | LR: 0.00994 | Loss: 0.1434 | GradNorm: 0.6794 | Batch P@10: 40.0%
2026-03-13 22:13:10,845 [INFO] E030 | Batch 025 | LR: 0.00994 | Loss: 0.2491 | GradNorm: 6.2019 | Batch P@10: 20.0%
2026-03-13 22:13:18,020 [INFO] E030 | Batch 026 | LR: 0.00994 | Loss: 0.4567 | GradNorm: 7.9885 | Batch P@10: 0.0%
2026-03-13 22:13:25,188 [INFO] E030 | Batch 027 | LR: 0.00993 | Loss: 0.4073 | GradNorm: 5.2467 | Batch P@10: 30.0%
2026-03-13 22:13:32,352 [INFO] E030 | Batch 028 | LR: 0.00993 | Loss: 0.3661 | GradNorm: 1.5841 | Batch P@10: 30.0%
2026-03-13 22:13:39,577 [INFO] E030 | Batch 029 | LR: 0.00993 | Loss: 0.2763 | GradNorm: 2.3008 | Batch P@10: 30.0%
2026-03-13 22:13:46,706 [INFO] E030 | Batch 030 | LR: 0.00993 | Loss: 0.2735 | GradNorm: 2.2517 | Batch P@10: 50.0%
2026-03-13 22:13:53,880 [INFO] E030 | Batch 031 | LR: 0.00993 | Loss: 0.2955 | GradNorm: 2.1673 | Batch P@10: 40.0%
2026-03-13 22:14:01,069 [INFO] E030 | Batch 032 | LR: 0.00993 | Loss: 0.3428 | GradNorm: 0.9672 | Batch P@10: 20.0%
2026-03-13 22:14:08,347 [INFO] E030 | Batch 033 | LR: 0.00993 | Loss: 0.3462 | GradNorm: 1.2114 | Batch P@10: 40.0%
2026-03-13 22:14:15,490 [INFO] E030 | Batch 034 | LR: 0.00993 | Loss: 0.1387 | GradNorm: 0.8951 | Batch P@10: 20.0%
2026-03-13 22:14:22,619 [INFO] E030 | Batch 035 | LR: 0.00993 | Loss: 0.2835 | GradNorm: 2.3632 | Batch P@10: 30.0%
2026-03-13 22:14:29,629 [INFO] E030 | Batch 036 | LR: 0.00993 | Loss: 0.2564 | GradNorm: 1.8230 | Batch P@10: 30.0%
2026-03-13 22:14:36,711 [INFO] E030 | Batch 037 | LR: 0.00993 | Loss: 0.2101 | GradNorm: 0.6661 | Batch P@10: 40.0%
2026-03-13 22:14:48,409 [INFO] 
---> FIM DA ÉPOCA 30 | Val P@10: 43.7931% | Loss Média: 0.2625 | Grad Médio: 2.3636 | Recorde Geral: 44.7783% <---

2026-03-13 22:14:55,534 [INFO] E031 | Batch 001 | LR: 0.00993 | Loss: 0.4765 | GradNorm: 2.4872 | Batch P@10: 30.0%
2026-03-13 22:15:02,628 [INFO] E031 | Batch 002 | LR: 0.00993 | Loss: 0.3725 | GradNorm: 3.7648 | Batch P@10: 40.0%
2026-03-13 22:15:09,800 [INFO] E031 | Batch 003 | LR: 0.00993 | Loss: 0.1435 | GradNorm: 1.4927 | Batch P@10: 40.0%
2026-03-13 22:15:16,953 [INFO] E031 | Batch 004 | LR: 0.00992 | Loss: 0.1842 | GradNorm: 1.2572 | Batch P@10: 40.0%
2026-03-13 22:15:24,198 [INFO] E031 | Batch 005 | LR: 0.00992 | Loss: 0.1776 | GradNorm: 2.0357 | Batch P@10: 50.0%
2026-03-13 22:15:31,442 [INFO] E031 | Batch 006 | LR: 0.00992 | Loss: 0.2532 | GradNorm: 1.0740 | Batch P@10: 50.0%
2026-03-13 22:15:38,782 [INFO] E031 | Batch 007 | LR: 0.00992 | Loss: 0.1221 | GradNorm: 2.5458 | Batch P@10: 40.0%
2026-03-13 22:15:46,115 [INFO] E031 | Batch 008 | LR: 0.00992 | Loss: 0.1591 | GradNorm: 2.0424 | Batch P@10: 50.0%
2026-03-13 22:15:53,501 [INFO] E031 | Batch 009 | LR: 0.00992 | Loss: 0.1536 | GradNorm: 1.6828 | Batch P@10: 40.0%
2026-03-13 22:16:00,840 [INFO] E031 | Batch 010 | LR: 0.00992 | Loss: 0.1758 | GradNorm: 2.0387 | Batch P@10: 40.0%
2026-03-13 22:16:08,247 [INFO] E031 | Batch 011 | LR: 0.00992 | Loss: 0.4395 | GradNorm: 0.8798 | Batch P@10: 50.0%
2026-03-13 22:16:15,667 [INFO] E031 | Batch 012 | LR: 0.00992 | Loss: 0.2501 | GradNorm: 1.3710 | Batch P@10: 40.0%
2026-03-13 22:16:23,001 [INFO] E031 | Batch 013 | LR: 0.00992 | Loss: 0.1462 | GradNorm: 1.2573 | Batch P@10: 30.0%
2026-03-13 22:16:30,329 [INFO] E031 | Batch 014 | LR: 0.00992 | Loss: 0.4897 | GradNorm: 1.2749 | Batch P@10: 40.0%
2026-03-13 22:16:37,657 [INFO] E031 | Batch 015 | LR: 0.00992 | Loss: 0.1028 | GradNorm: 3.1147 | Batch P@10: 60.0%
2026-03-13 22:16:44,966 [INFO] E031 | Batch 016 | LR: 0.00992 | Loss: 0.1110 | GradNorm: 5.7819 | Batch P@10: 40.0%
2026-03-13 22:16:52,297 [INFO] E031 | Batch 017 | LR: 0.00991 | Loss: 0.6475 | GradNorm: 2.1487 | Batch P@10: 50.0%
2026-03-13 22:16:59,468 [INFO] E031 | Batch 018 | LR: 0.00991 | Loss: 0.1911 | GradNorm: 0.9840 | Batch P@10: 40.0%
2026-03-13 22:17:07,112 [INFO] E031 | Batch 019 | LR: 0.00991 | Loss: 0.1857 | GradNorm: 1.4839 | Batch P@10: 40.0%
2026-03-13 22:17:14,720 [INFO] E031 | Batch 020 | LR: 0.00991 | Loss: 0.4693 | GradNorm: 1.5196 | Batch P@10: 30.0%
2026-03-13 22:17:22,166 [INFO] E031 | Batch 021 | LR: 0.00991 | Loss: 0.4318 | GradNorm: 0.6028 | Batch P@10: 10.0%
2026-03-13 22:17:29,610 [INFO] E031 | Batch 022 | LR: 0.00991 | Loss: 0.1842 | GradNorm: 1.7514 | Batch P@10: 30.0%
2026-03-13 22:17:37,192 [INFO] E031 | Batch 023 | LR: 0.00991 | Loss: 0.1715 | GradNorm: 0.9458 | Batch P@10: 30.0%
2026-03-13 22:17:44,775 [INFO] E031 | Batch 024 | LR: 0.00991 | Loss: 0.1429 | GradNorm: 0.8329 | Batch P@10: 60.0%
2026-03-13 22:17:52,232 [INFO] E031 | Batch 025 | LR: 0.00991 | Loss: 0.2340 | GradNorm: 5.0786 | Batch P@10: 30.0%
2026-03-13 22:17:59,705 [INFO] E031 | Batch 026 | LR: 0.00991 | Loss: 0.1393 | GradNorm: 1.5221 | Batch P@10: 50.0%
2026-03-13 22:18:07,149 [INFO] E031 | Batch 027 | LR: 0.00991 | Loss: 0.2210 | GradNorm: 2.5185 | Batch P@10: 70.0%
2026-03-13 22:18:14,588 [INFO] E031 | Batch 028 | LR: 0.00991 | Loss: 0.3635 | GradNorm: 2.2438 | Batch P@10: 50.0%
2026-03-13 22:18:22,119 [INFO] E031 | Batch 029 | LR: 0.00990 | Loss: 0.2424 | GradNorm: 1.3062 | Batch P@10: 40.0%
2026-03-13 22:18:29,655 [INFO] E031 | Batch 030 | LR: 0.00990 | Loss: 0.1177 | GradNorm: 8.4141 | Batch P@10: 40.0%
2026-03-13 22:18:36,957 [INFO] E031 | Batch 031 | LR: 0.00990 | Loss: 0.1888 | GradNorm: 6.9713 | Batch P@10: 20.0%
2026-03-13 22:18:44,535 [INFO] E031 | Batch 032 | LR: 0.00990 | Loss: 0.7178 | GradNorm: 4.5930 | Batch P@10: 30.0%
2026-03-13 22:18:51,906 [INFO] E031 | Batch 033 | LR: 0.00990 | Loss: 0.1541 | GradNorm: 2.1999 | Batch P@10: 60.0%
2026-03-13 22:18:59,449 [INFO] E031 | Batch 034 | LR: 0.00990 | Loss: 0.3034 | GradNorm: 1.9269 | Batch P@10: 40.0%
2026-03-13 22:19:06,803 [INFO] E031 | Batch 035 | LR: 0.00990 | Loss: 0.2021 | GradNorm: 1.3139 | Batch P@10: 40.0%
2026-03-13 22:19:13,805 [INFO] E031 | Batch 036 | LR: 0.00990 | Loss: 0.1562 | GradNorm: 0.7861 | Batch P@10: 50.0%
2026-03-13 22:19:20,990 [INFO] E031 | Batch 037 | LR: 0.00990 | Loss: 0.1482 | GradNorm: 2.1547 | Batch P@10: 40.0%
2026-03-13 22:19:32,671 [INFO] 
---> FIM DA ÉPOCA 31 | Val P@10: 32.3645% | Loss Média: 0.2466 | Grad Médio: 2.3081 | Recorde Geral: 44.7783% <---

2026-03-13 22:19:39,786 [INFO] E032 | Batch 001 | LR: 0.00990 | Loss: 0.3948 | GradNorm: 1.4584 | Batch P@10: 40.0%
2026-03-13 22:19:46,852 [INFO] E032 | Batch 002 | LR: 0.00990 | Loss: 0.1462 | GradNorm: 1.3226 | Batch P@10: 30.0%
2026-03-13 22:19:53,883 [INFO] E032 | Batch 003 | LR: 0.00990 | Loss: 0.1605 | GradNorm: 0.7226 | Batch P@10: 70.0%
2026-03-13 22:20:00,652 [INFO] E032 | Batch 004 | LR: 0.00989 | Loss: 0.1985 | GradNorm: 6.0754 | Batch P@10: 40.0%
2026-03-13 22:20:07,287 [INFO] E032 | Batch 005 | LR: 0.00989 | Loss: 0.3053 | GradNorm: 5.4206 | Batch P@10: 30.0%
2026-03-13 22:20:14,055 [INFO] E032 | Batch 006 | LR: 0.00989 | Loss: 0.1375 | GradNorm: 2.1139 | Batch P@10: 50.0%
2026-03-13 22:20:20,797 [INFO] E032 | Batch 007 | LR: 0.00989 | Loss: 0.1206 | GradNorm: 1.0202 | Batch P@10: 40.0%
2026-03-13 22:20:27,503 [INFO] E032 | Batch 008 | LR: 0.00989 | Loss: 0.4188 | GradNorm: 0.9883 | Batch P@10: 40.0%
2026-03-13 22:20:34,078 [INFO] E032 | Batch 009 | LR: 0.00989 | Loss: 0.1417 | GradNorm: 1.1427 | Batch P@10: 50.0%
2026-03-13 22:20:40,619 [INFO] E032 | Batch 010 | LR: 0.00989 | Loss: 0.2051 | GradNorm: 3.8286 | Batch P@10: 30.0%
2026-03-13 22:20:47,307 [INFO] E032 | Batch 011 | LR: 0.00989 | Loss: 0.1487 | GradNorm: 1.7029 | Batch P@10: 50.0%
2026-03-13 22:20:54,024 [INFO] E032 | Batch 012 | LR: 0.00989 | Loss: 0.1841 | GradNorm: 2.0095 | Batch P@10: 60.0%
2026-03-13 22:21:00,675 [INFO] E032 | Batch 013 | LR: 0.00989 | Loss: 0.1405 | GradNorm: 2.0344 | Batch P@10: 70.0%
2026-03-13 22:21:07,336 [INFO] E032 | Batch 014 | LR: 0.00989 | Loss: 0.2848 | GradNorm: 3.3544 | Batch P@10: 60.0%
2026-03-13 22:21:14,189 [INFO] E032 | Batch 015 | LR: 0.00988 | Loss: 0.1478 | GradNorm: 1.3780 | Batch P@10: 40.0%
2026-03-13 22:21:20,872 [INFO] E032 | Batch 016 | LR: 0.00988 | Loss: 0.1723 | GradNorm: 1.5670 | Batch P@10: 50.0%
2026-03-13 22:21:27,785 [INFO] E032 | Batch 017 | LR: 0.00988 | Loss: 0.3888 | GradNorm: 0.7181 | Batch P@10: 40.0%
2026-03-13 22:21:34,557 [INFO] E032 | Batch 018 | LR: 0.00988 | Loss: 0.1331 | GradNorm: 0.5963 | Batch P@10: 40.0%
2026-03-13 22:21:41,283 [INFO] E032 | Batch 019 | LR: 0.00988 | Loss: 0.1274 | GradNorm: 0.7183 | Batch P@10: 50.0%
2026-03-13 22:21:47,820 [INFO] E032 | Batch 020 | LR: 0.00988 | Loss: 0.4877 | GradNorm: 4.9572 | Batch P@10: 30.0%
2026-03-13 22:21:54,314 [INFO] E032 | Batch 021 | LR: 0.00988 | Loss: 0.1200 | GradNorm: 3.2644 | Batch P@10: 30.0%
2026-03-13 22:22:00,907 [INFO] E032 | Batch 022 | LR: 0.00988 | Loss: 0.1603 | GradNorm: 1.1765 | Batch P@10: 40.0%
2026-03-13 22:22:07,357 [INFO] E032 | Batch 023 | LR: 0.00988 | Loss: 0.5667 | GradNorm: 1.4493 | Batch P@10: 20.0%
2026-03-13 22:22:13,916 [INFO] E032 | Batch 024 | LR: 0.00988 | Loss: 0.1506 | GradNorm: 1.5958 | Batch P@10: 40.0%
2026-03-13 22:22:20,261 [INFO] E032 | Batch 025 | LR: 0.00988 | Loss: 0.3354 | GradNorm: 2.3009 | Batch P@10: 40.0%
2026-03-13 22:22:26,713 [INFO] E032 | Batch 026 | LR: 0.00987 | Loss: 0.1312 | GradNorm: 1.2541 | Batch P@10: 40.0%
2026-03-13 22:22:33,271 [INFO] E032 | Batch 027 | LR: 0.00987 | Loss: 0.1565 | GradNorm: 1.7949 | Batch P@10: 60.0%
2026-03-13 22:22:39,677 [INFO] E032 | Batch 028 | LR: 0.00987 | Loss: 0.1350 | GradNorm: 1.9618 | Batch P@10: 30.0%
2026-03-13 22:22:46,072 [INFO] E032 | Batch 029 | LR: 0.00987 | Loss: 0.3222 | GradNorm: 2.1168 | Batch P@10: 50.0%
2026-03-13 22:22:52,571 [INFO] E032 | Batch 030 | LR: 0.00987 | Loss: 0.5176 | GradNorm: 0.9066 | Batch P@10: 40.0%
2026-03-13 22:22:58,905 [INFO] E032 | Batch 031 | LR: 0.00987 | Loss: 0.1797 | GradNorm: 1.2105 | Batch P@10: 50.0%
2026-03-13 22:23:05,363 [INFO] E032 | Batch 032 | LR: 0.00987 | Loss: 0.1311 | GradNorm: 0.7973 | Batch P@10: 50.0%
2026-03-13 22:23:11,896 [INFO] E032 | Batch 033 | LR: 0.00987 | Loss: 0.1433 | GradNorm: 1.7791 | Batch P@10: 40.0%
2026-03-13 22:23:18,413 [INFO] E032 | Batch 034 | LR: 0.00987 | Loss: 0.2174 | GradNorm: 1.3675 | Batch P@10: 50.0%
2026-03-13 22:23:24,991 [INFO] E032 | Batch 035 | LR: 0.00987 | Loss: 0.4361 | GradNorm: 0.7514 | Batch P@10: 40.0%
2026-03-13 22:23:31,582 [INFO] E032 | Batch 036 | LR: 0.00986 | Loss: 0.2728 | GradNorm: 1.2616 | Batch P@10: 40.0%
2026-03-13 22:23:38,102 [INFO] E032 | Batch 037 | LR: 0.00986 | Loss: 0.2126 | GradNorm: 2.1418 | Batch P@10: 40.0%
2026-03-13 22:23:49,127 [INFO] 
---> FIM DA ÉPOCA 32 | Val P@10: 35.6158% | Loss Média: 0.2272 | Grad Médio: 1.8989 | Recorde Geral: 44.7783% <---

2026-03-13 22:23:55,709 [INFO] E033 | Batch 001 | LR: 0.00986 | Loss: 0.2043 | GradNorm: 1.7794 | Batch P@10: 40.0%
2026-03-13 22:24:02,217 [INFO] E033 | Batch 002 | LR: 0.00986 | Loss: 0.1682 | GradNorm: 1.8648 | Batch P@10: 20.0%
2026-03-13 22:24:08,726 [INFO] E033 | Batch 003 | LR: 0.00986 | Loss: 0.1288 | GradNorm: 0.6551 | Batch P@10: 40.0%
2026-03-13 22:24:15,134 [INFO] E033 | Batch 004 | LR: 0.00986 | Loss: 0.1709 | GradNorm: 1.0420 | Batch P@10: 50.0%
2026-03-13 22:24:21,525 [INFO] E033 | Batch 005 | LR: 0.00986 | Loss: 0.1615 | GradNorm: 1.0178 | Batch P@10: 30.0%
2026-03-13 22:24:27,863 [INFO] E033 | Batch 006 | LR: 0.00986 | Loss: 0.1300 | GradNorm: 0.7397 | Batch P@10: 40.0%
2026-03-13 22:24:34,232 [INFO] E033 | Batch 007 | LR: 0.00986 | Loss: 0.4320 | GradNorm: 1.6118 | Batch P@10: 30.0%
2026-03-13 22:24:40,518 [INFO] E033 | Batch 008 | LR: 0.00986 | Loss: 0.1656 | GradNorm: 0.7043 | Batch P@10: 20.0%
2026-03-13 22:24:46,682 [INFO] E033 | Batch 009 | LR: 0.00985 | Loss: 0.1118 | GradNorm: 0.8161 | Batch P@10: 20.0%
2026-03-13 22:24:52,962 [INFO] E033 | Batch 010 | LR: 0.00985 | Loss: 0.1611 | GradNorm: 1.2048 | Batch P@10: 20.0%
2026-03-13 22:24:59,157 [INFO] E033 | Batch 011 | LR: 0.00985 | Loss: 0.1277 | GradNorm: 5.7809 | Batch P@10: 30.0%
2026-03-13 22:25:05,324 [INFO] E033 | Batch 012 | LR: 0.00985 | Loss: 0.1569 | GradNorm: 3.7617 | Batch P@10: 40.0%
2026-03-13 22:25:11,427 [INFO] E033 | Batch 013 | LR: 0.00985 | Loss: 0.1722 | GradNorm: 1.6822 | Batch P@10: 40.0%
2026-03-13 22:25:17,528 [INFO] E033 | Batch 014 | LR: 0.00985 | Loss: 0.1617 | GradNorm: 1.4400 | Batch P@10: 40.0%
2026-03-13 22:25:23,645 [INFO] E033 | Batch 015 | LR: 0.00985 | Loss: 0.1338 | GradNorm: 2.3240 | Batch P@10: 30.0%
2026-03-13 22:25:29,663 [INFO] E033 | Batch 016 | LR: 0.00985 | Loss: 0.1181 | GradNorm: 0.5773 | Batch P@10: 40.0%
2026-03-13 22:25:35,675 [INFO] E033 | Batch 017 | LR: 0.00985 | Loss: 0.3803 | GradNorm: 0.6665 | Batch P@10: 60.0%
2026-03-13 22:25:41,600 [INFO] E033 | Batch 018 | LR: 0.00984 | Loss: 0.1367 | GradNorm: 1.3456 | Batch P@10: 40.0%
2026-03-13 22:25:47,608 [INFO] E033 | Batch 019 | LR: 0.00984 | Loss: 0.1651 | GradNorm: 1.3583 | Batch P@10: 50.0%
2026-03-13 22:25:53,645 [INFO] E033 | Batch 020 | LR: 0.00984 | Loss: 0.1396 | GradNorm: 1.9158 | Batch P@10: 40.0%
2026-03-13 22:25:59,556 [INFO] E033 | Batch 021 | LR: 0.00984 | Loss: 0.4526 | GradNorm: 1.1738 | Batch P@10: 40.0%
2026-03-13 22:26:05,358 [INFO] E033 | Batch 022 | LR: 0.00984 | Loss: 0.1215 | GradNorm: 4.7647 | Batch P@10: 30.0%
2026-03-13 22:26:11,311 [INFO] E033 | Batch 023 | LR: 0.00984 | Loss: 0.1464 | GradNorm: 1.0971 | Batch P@10: 60.0%
2026-03-13 22:26:17,288 [INFO] E033 | Batch 024 | LR: 0.00984 | Loss: 0.1162 | GradNorm: 1.4906 | Batch P@10: 70.0%
2026-03-13 22:26:23,181 [INFO] E033 | Batch 025 | LR: 0.00984 | Loss: 0.2107 | GradNorm: 2.0237 | Batch P@10: 40.0%
2026-03-13 22:26:29,087 [INFO] E033 | Batch 026 | LR: 0.00984 | Loss: 0.1022 | GradNorm: 0.8626 | Batch P@10: 50.0%
2026-03-13 22:26:35,089 [INFO] E033 | Batch 027 | LR: 0.00984 | Loss: 0.1501 | GradNorm: 1.3220 | Batch P@10: 50.0%
2026-03-13 22:26:41,150 [INFO] E033 | Batch 028 | LR: 0.00983 | Loss: 0.1109 | GradNorm: 1.6633 | Batch P@10: 30.0%
2026-03-13 22:26:47,217 [INFO] E033 | Batch 029 | LR: 0.00983 | Loss: 0.1045 | GradNorm: 2.2830 | Batch P@10: 50.0%
2026-03-13 22:26:53,417 [INFO] E033 | Batch 030 | LR: 0.00983 | Loss: 0.1137 | GradNorm: 0.5322 | Batch P@10: 50.0%
2026-03-13 22:26:59,547 [INFO] E033 | Batch 031 | LR: 0.00983 | Loss: 0.1432 | GradNorm: 2.4043 | Batch P@10: 40.0%
2026-03-13 22:27:05,753 [INFO] E033 | Batch 032 | LR: 0.00983 | Loss: 0.4618 | GradNorm: 2.1839 | Batch P@10: 30.0%
2026-03-13 22:27:11,878 [INFO] E033 | Batch 033 | LR: 0.00983 | Loss: 0.1369 | GradNorm: 1.1837 | Batch P@10: 30.0%
2026-03-13 22:27:18,114 [INFO] E033 | Batch 034 | LR: 0.00983 | Loss: 0.2071 | GradNorm: 3.8396 | Batch P@10: 40.0%
2026-03-13 22:27:24,286 [INFO] E033 | Batch 035 | LR: 0.00983 | Loss: 0.1084 | GradNorm: 0.9934 | Batch P@10: 40.0%
2026-03-13 22:27:30,249 [INFO] E033 | Batch 036 | LR: 0.00983 | Loss: 0.1377 | GradNorm: 1.0454 | Batch P@10: 60.0%
2026-03-13 22:27:36,401 [INFO] E033 | Batch 037 | LR: 0.00982 | Loss: 0.2591 | GradNorm: 0.8345 | Batch P@10: 60.0%
2026-03-13 22:27:46,813 [INFO] 
---> FIM DA ÉPOCA 33 | Val P@10: 43.2512% | Loss Média: 0.1739 | Grad Médio: 1.6753 | Recorde Geral: 44.7783% <---

2026-03-13 22:27:53,072 [INFO] E034 | Batch 001 | LR: 0.00982 | Loss: 0.1366 | GradNorm: 2.1297 | Batch P@10: 50.0%
2026-03-13 22:27:59,259 [INFO] E034 | Batch 002 | LR: 0.00982 | Loss: 0.1708 | GradNorm: 1.1446 | Batch P@10: 40.0%
2026-03-13 22:28:05,447 [INFO] E034 | Batch 003 | LR: 0.00982 | Loss: 0.1351 | GradNorm: 1.8002 | Batch P@10: 50.0%
2026-03-13 22:28:11,709 [INFO] E034 | Batch 004 | LR: 0.00982 | Loss: 0.8653 | GradNorm: 2.3838 | Batch P@10: 30.0%
2026-03-13 22:28:17,934 [INFO] E034 | Batch 005 | LR: 0.00982 | Loss: 0.5600 | GradNorm: 2.2980 | Batch P@10: 20.0%
2026-03-13 22:28:24,251 [INFO] E034 | Batch 006 | LR: 0.00982 | Loss: 0.1835 | GradNorm: 2.0917 | Batch P@10: 50.0%
2026-03-13 22:28:30,599 [INFO] E034 | Batch 007 | LR: 0.00982 | Loss: 0.3804 | GradNorm: 0.7450 | Batch P@10: 20.0%
2026-03-13 22:28:36,868 [INFO] E034 | Batch 008 | LR: 0.00981 | Loss: 0.1715 | GradNorm: 0.8622 | Batch P@10: 10.0%
2026-03-13 22:28:43,174 [INFO] E034 | Batch 009 | LR: 0.00981 | Loss: 0.2455 | GradNorm: 0.5015 | Batch P@10: 30.0%
2026-03-13 22:28:49,324 [INFO] E034 | Batch 010 | LR: 0.00981 | Loss: 0.2108 | GradNorm: 2.6655 | Batch P@10: 70.0%
2026-03-13 22:28:55,569 [INFO] E034 | Batch 011 | LR: 0.00981 | Loss: 0.1601 | GradNorm: 0.7880 | Batch P@10: 30.0%
2026-03-13 22:29:01,868 [INFO] E034 | Batch 012 | LR: 0.00981 | Loss: 0.1582 | GradNorm: 0.5720 | Batch P@10: 40.0%
2026-03-13 22:29:08,043 [INFO] E034 | Batch 013 | LR: 0.00981 | Loss: 0.5240 | GradNorm: 1.1347 | Batch P@10: 30.0%
2026-03-13 22:29:14,361 [INFO] E034 | Batch 014 | LR: 0.00981 | Loss: 0.1265 | GradNorm: 1.2965 | Batch P@10: 80.0%
2026-03-13 22:29:20,462 [INFO] E034 | Batch 015 | LR: 0.00981 | Loss: 0.1737 | GradNorm: 1.0072 | Batch P@10: 40.0%
2026-03-13 22:29:26,623 [INFO] E034 | Batch 016 | LR: 0.00981 | Loss: 0.4968 | GradNorm: 2.0843 | Batch P@10: 40.0%
2026-03-13 22:29:32,743 [INFO] E034 | Batch 017 | LR: 0.00980 | Loss: 0.1475 | GradNorm: 1.5112 | Batch P@10: 20.0%
2026-03-13 22:29:38,984 [INFO] E034 | Batch 018 | LR: 0.00980 | Loss: 0.3880 | GradNorm: 2.0109 | Batch P@10: 40.0%
2026-03-13 22:29:45,156 [INFO] E034 | Batch 019 | LR: 0.00980 | Loss: 0.3117 | GradNorm: 2.4041 | Batch P@10: 30.0%
2026-03-13 22:29:51,344 [INFO] E034 | Batch 020 | LR: 0.00980 | Loss: 0.1273 | GradNorm: 1.1609 | Batch P@10: 50.0%
2026-03-13 22:29:57,438 [INFO] E034 | Batch 021 | LR: 0.00980 | Loss: 0.4223 | GradNorm: 1.0374 | Batch P@10: 30.0%
2026-03-13 22:30:03,657 [INFO] E034 | Batch 022 | LR: 0.00980 | Loss: 0.1534 | GradNorm: 1.1466 | Batch P@10: 50.0%
2026-03-13 22:30:09,790 [INFO] E034 | Batch 023 | LR: 0.00980 | Loss: 0.1776 | GradNorm: 1.2199 | Batch P@10: 50.0%
2026-03-13 22:30:15,997 [INFO] E034 | Batch 024 | LR: 0.00980 | Loss: 0.1571 | GradNorm: 0.7434 | Batch P@10: 60.0%
2026-03-13 22:30:22,067 [INFO] E034 | Batch 025 | LR: 0.00979 | Loss: 0.1385 | GradNorm: 1.2239 | Batch P@10: 50.0%
2026-03-13 22:30:28,127 [INFO] E034 | Batch 026 | LR: 0.00979 | Loss: 0.1282 | GradNorm: 1.8039 | Batch P@10: 50.0%
2026-03-13 22:30:34,091 [INFO] E034 | Batch 027 | LR: 0.00979 | Loss: 0.3092 | GradNorm: 2.6893 | Batch P@10: 50.0%
2026-03-13 22:30:40,079 [INFO] E034 | Batch 028 | LR: 0.00979 | Loss: 0.4087 | GradNorm: 1.6130 | Batch P@10: 30.0%
2026-03-13 22:30:46,118 [INFO] E034 | Batch 029 | LR: 0.00979 | Loss: 0.1985 | GradNorm: 2.3218 | Batch P@10: 50.0%
2026-03-13 22:30:52,071 [INFO] E034 | Batch 030 | LR: 0.00979 | Loss: 0.1583 | GradNorm: 1.7282 | Batch P@10: 40.0%
2026-03-13 22:30:58,071 [INFO] E034 | Batch 031 | LR: 0.00979 | Loss: 0.1932 | GradNorm: 1.0161 | Batch P@10: 40.0%
2026-03-13 22:31:04,137 [INFO] E034 | Batch 032 | LR: 0.00979 | Loss: 0.1555 | GradNorm: 0.6976 | Batch P@10: 50.0%
2026-03-13 22:31:10,182 [INFO] E034 | Batch 033 | LR: 0.00978 | Loss: 0.1779 | GradNorm: 1.4562 | Batch P@10: 80.0%
2026-03-13 22:31:16,229 [INFO] E034 | Batch 034 | LR: 0.00978 | Loss: 0.1165 | GradNorm: 1.2584 | Batch P@10: 40.0%
2026-03-13 22:31:22,403 [INFO] E034 | Batch 035 | LR: 0.00978 | Loss: 0.2183 | GradNorm: 2.6418 | Batch P@10: 30.0%
2026-03-13 22:31:28,491 [INFO] E034 | Batch 036 | LR: 0.00978 | Loss: 0.4196 | GradNorm: 3.4060 | Batch P@10: 40.0%
2026-03-13 22:31:34,508 [INFO] E034 | Batch 037 | LR: 0.00978 | Loss: 0.1227 | GradNorm: 1.8232 | Batch P@10: 60.0%
2026-03-13 22:31:44,874 [INFO] 
---> FIM DA ÉPOCA 34 | Val P@10: 26.7980% | Loss Média: 0.2455 | Grad Médio: 1.5789 | Recorde Geral: 44.7783% <---

2026-03-13 22:31:51,057 [INFO] E035 | Batch 001 | LR: 0.00978 | Loss: 0.2559 | GradNorm: 1.3479 | Batch P@10: 10.0%
2026-03-13 22:31:57,207 [INFO] E035 | Batch 002 | LR: 0.00978 | Loss: 0.1401 | GradNorm: 1.3313 | Batch P@10: 40.0%
2026-03-13 22:32:03,225 [INFO] E035 | Batch 003 | LR: 0.00978 | Loss: 0.2746 | GradNorm: 1.2684 | Batch P@10: 60.0%
2026-03-13 22:32:09,458 [INFO] E035 | Batch 004 | LR: 0.00977 | Loss: 0.1585 | GradNorm: 1.5023 | Batch P@10: 40.0%
2026-03-13 22:32:15,656 [INFO] E035 | Batch 005 | LR: 0.00977 | Loss: 0.1694 | GradNorm: 1.0926 | Batch P@10: 60.0%
2026-03-13 22:32:21,832 [INFO] E035 | Batch 006 | LR: 0.00977 | Loss: 0.2416 | GradNorm: 2.6322 | Batch P@10: 50.0%
2026-03-13 22:32:28,023 [INFO] E035 | Batch 007 | LR: 0.00977 | Loss: 0.1202 | GradNorm: 2.7469 | Batch P@10: 50.0%
2026-03-13 22:32:34,207 [INFO] E035 | Batch 008 | LR: 0.00977 | Loss: 0.1396 | GradNorm: 1.5204 | Batch P@10: 50.0%
2026-03-13 22:32:40,400 [INFO] E035 | Batch 009 | LR: 0.00977 | Loss: 0.1712 | GradNorm: 1.4519 | Batch P@10: 40.0%
2026-03-13 22:32:46,569 [INFO] E035 | Batch 010 | LR: 0.00977 | Loss: 0.2579 | GradNorm: 6.8674 | Batch P@10: 50.0%
2026-03-13 22:32:52,665 [INFO] E035 | Batch 011 | LR: 0.00977 | Loss: 0.1229 | GradNorm: 4.4188 | Batch P@10: 30.0%
2026-03-13 22:32:59,039 [INFO] E035 | Batch 012 | LR: 0.00976 | Loss: 0.1429 | GradNorm: 0.5258 | Batch P@10: 20.0%
2026-03-13 22:33:05,255 [INFO] E035 | Batch 013 | LR: 0.00976 | Loss: 0.1538 | GradNorm: 2.0888 | Batch P@10: 20.0%
2026-03-13 22:33:11,529 [INFO] E035 | Batch 014 | LR: 0.00976 | Loss: 0.1811 | GradNorm: 1.1578 | Batch P@10: 40.0%
2026-03-13 22:33:17,879 [INFO] E035 | Batch 015 | LR: 0.00976 | Loss: 0.1382 | GradNorm: 0.5676 | Batch P@10: 30.0%
2026-03-13 22:33:24,077 [INFO] E035 | Batch 016 | LR: 0.00976 | Loss: 0.3930 | GradNorm: 6.6013 | Batch P@10: 30.0%
2026-03-13 22:33:30,332 [INFO] E035 | Batch 017 | LR: 0.00976 | Loss: 0.2581 | GradNorm: 7.7583 | Batch P@10: 50.0%
2026-03-13 22:33:36,588 [INFO] E035 | Batch 018 | LR: 0.00976 | Loss: 0.1709 | GradNorm: 1.4749 | Batch P@10: 60.0%
2026-03-13 22:33:42,732 [INFO] E035 | Batch 019 | LR: 0.00976 | Loss: 0.1226 | GradNorm: 1.4274 | Batch P@10: 40.0%
2026-03-13 22:33:48,819 [INFO] E035 | Batch 020 | LR: 0.00975 | Loss: 0.1429 | GradNorm: 1.6922 | Batch P@10: 30.0%
2026-03-13 22:33:54,994 [INFO] E035 | Batch 021 | LR: 0.00975 | Loss: 0.1233 | GradNorm: 0.7461 | Batch P@10: 50.0%
2026-03-13 22:34:00,967 [INFO] E035 | Batch 022 | LR: 0.00975 | Loss: 0.4096 | GradNorm: 2.9173 | Batch P@10: 30.0%
2026-03-13 22:34:06,917 [INFO] E035 | Batch 023 | LR: 0.00975 | Loss: 0.1438 | GradNorm: 3.2982 | Batch P@10: 70.0%
2026-03-13 22:34:12,961 [INFO] E035 | Batch 024 | LR: 0.00975 | Loss: 0.1343 | GradNorm: 1.2808 | Batch P@10: 60.0%
2026-03-13 22:34:19,007 [INFO] E035 | Batch 025 | LR: 0.00975 | Loss: 0.1207 | GradNorm: 0.4894 | Batch P@10: 50.0%
2026-03-13 22:34:24,904 [INFO] E035 | Batch 026 | LR: 0.00975 | Loss: 0.1952 | GradNorm: 1.0454 | Batch P@10: 50.0%
2026-03-13 22:34:30,918 [INFO] E035 | Batch 027 | LR: 0.00974 | Loss: 0.1203 | GradNorm: 0.5681 | Batch P@10: 30.0%
2026-03-13 22:34:36,838 [INFO] E035 | Batch 028 | LR: 0.00974 | Loss: 0.1612 | GradNorm: 1.3173 | Batch P@10: 50.0%
2026-03-13 22:34:42,815 [INFO] E035 | Batch 029 | LR: 0.00974 | Loss: 0.1106 | GradNorm: 1.3605 | Batch P@10: 50.0%
2026-03-13 22:34:48,706 [INFO] E035 | Batch 030 | LR: 0.00974 | Loss: 0.3168 | GradNorm: 1.7708 | Batch P@10: 50.0%
2026-03-13 22:34:54,574 [INFO] E035 | Batch 031 | LR: 0.00974 | Loss: 0.1154 | GradNorm: 3.3340 | Batch P@10: 50.0%
2026-03-13 22:35:00,322 [INFO] E035 | Batch 032 | LR: 0.00974 | Loss: 0.3608 | GradNorm: 2.6726 | Batch P@10: 80.0%
2026-03-13 22:35:06,091 [INFO] E035 | Batch 033 | LR: 0.00974 | Loss: 0.1663 | GradNorm: 1.7732 | Batch P@10: 20.0%
2026-03-13 22:35:11,867 [INFO] E035 | Batch 034 | LR: 0.00973 | Loss: 0.1236 | GradNorm: 0.7462 | Batch P@10: 40.0%
2026-03-13 22:35:17,589 [INFO] E035 | Batch 035 | LR: 0.00973 | Loss: 0.1210 | GradNorm: 3.9784 | Batch P@10: 40.0%
2026-03-13 22:35:23,253 [INFO] E035 | Batch 036 | LR: 0.00973 | Loss: 0.1171 | GradNorm: 4.3391 | Batch P@10: 70.0%
2026-03-13 22:35:28,807 [INFO] E035 | Batch 037 | LR: 0.00973 | Loss: 0.1283 | GradNorm: 0.6812 | Batch P@10: 40.0%
2026-03-13 22:35:38,729 [INFO] 
---> FIM DA ÉPOCA 35 | Val P@10: 36.0591% | Loss Média: 0.1769 | Grad Médio: 2.2106 | Recorde Geral: 44.7783% <---

2026-03-13 22:35:44,541 [INFO] E036 | Batch 001 | LR: 0.00973 | Loss: 0.1529 | GradNorm: 2.3503 | Batch P@10: 30.0%
2026-03-13 22:35:50,149 [INFO] E036 | Batch 002 | LR: 0.00973 | Loss: 0.1646 | GradNorm: 2.2177 | Batch P@10: 60.0%
2026-03-13 22:35:55,856 [INFO] E036 | Batch 003 | LR: 0.00973 | Loss: 0.1747 | GradNorm: 2.2188 | Batch P@10: 30.0%
2026-03-13 22:36:01,395 [INFO] E036 | Batch 004 | LR: 0.00972 | Loss: 0.1602 | GradNorm: 0.9122 | Batch P@10: 30.0%
2026-03-13 22:36:06,957 [INFO] E036 | Batch 005 | LR: 0.00972 | Loss: 0.1687 | GradNorm: 1.0835 | Batch P@10: 30.0%
2026-03-13 22:36:12,540 [INFO] E036 | Batch 006 | LR: 0.00972 | Loss: 0.1613 | GradNorm: 1.0708 | Batch P@10: 20.0%
2026-03-13 22:36:18,047 [INFO] E036 | Batch 007 | LR: 0.00972 | Loss: 0.1158 | GradNorm: 0.9351 | Batch P@10: 60.0%
2026-03-13 22:36:23,435 [INFO] E036 | Batch 008 | LR: 0.00972 | Loss: 0.1119 | GradNorm: 2.7501 | Batch P@10: 20.0%
2026-03-13 22:36:28,963 [INFO] E036 | Batch 009 | LR: 0.00972 | Loss: 0.1550 | GradNorm: 2.0345 | Batch P@10: 50.0%
2026-03-13 22:36:34,428 [INFO] E036 | Batch 010 | LR: 0.00972 | Loss: 0.1277 | GradNorm: 1.2585 | Batch P@10: 50.0%
2026-03-13 22:36:39,859 [INFO] E036 | Batch 011 | LR: 0.00971 | Loss: 0.3012 | GradNorm: 0.8843 | Batch P@10: 50.0%
2026-03-13 22:36:45,322 [INFO] E036 | Batch 012 | LR: 0.00971 | Loss: 0.1354 | GradNorm: 3.6464 | Batch P@10: 50.0%
2026-03-13 22:36:50,777 [INFO] E036 | Batch 013 | LR: 0.00971 | Loss: 0.1029 | GradNorm: 0.8923 | Batch P@10: 70.0%
2026-03-13 22:36:56,246 [INFO] E036 | Batch 014 | LR: 0.00971 | Loss: 0.1115 | GradNorm: 1.4847 | Batch P@10: 20.0%
2026-03-13 22:37:01,701 [INFO] E036 | Batch 015 | LR: 0.00971 | Loss: 0.1875 | GradNorm: 0.8109 | Batch P@10: 40.0%
2026-03-13 22:37:07,210 [INFO] E036 | Batch 016 | LR: 0.00971 | Loss: 0.1641 | GradNorm: 1.6873 | Batch P@10: 50.0%
2026-03-13 22:37:12,812 [INFO] E036 | Batch 017 | LR: 0.00971 | Loss: 0.1511 | GradNorm: 1.0160 | Batch P@10: 50.0%
2026-03-13 22:37:18,337 [INFO] E036 | Batch 018 | LR: 0.00970 | Loss: 0.3832 | GradNorm: 3.0581 | Batch P@10: 60.0%
2026-03-13 22:37:23,834 [INFO] E036 | Batch 019 | LR: 0.00970 | Loss: 0.2808 | GradNorm: 0.9367 | Batch P@10: 50.0%
2026-03-13 22:37:29,401 [INFO] E036 | Batch 020 | LR: 0.00970 | Loss: 0.1554 | GradNorm: 1.5611 | Batch P@10: 50.0%
2026-03-13 22:37:34,938 [INFO] E036 | Batch 021 | LR: 0.00970 | Loss: 0.3092 | GradNorm: 1.7583 | Batch P@10: 40.0%
2026-03-13 22:37:40,526 [INFO] E036 | Batch 022 | LR: 0.00970 | Loss: 0.1229 | GradNorm: 0.9802 | Batch P@10: 50.0%
2026-03-13 22:37:46,038 [INFO] E036 | Batch 023 | LR: 0.00970 | Loss: 0.1566 | GradNorm: 5.3098 | Batch P@10: 50.0%
2026-03-13 22:37:51,534 [INFO] E036 | Batch 024 | LR: 0.00970 | Loss: 0.1010 | GradNorm: 7.4199 | Batch P@10: 60.0%
2026-03-13 22:37:57,158 [INFO] E036 | Batch 025 | LR: 0.00969 | Loss: 0.2703 | GradNorm: 4.7693 | Batch P@10: 60.0%
2026-03-13 22:38:02,690 [INFO] E036 | Batch 026 | LR: 0.00969 | Loss: 0.1900 | GradNorm: 0.8724 | Batch P@10: 30.0%
2026-03-13 22:38:08,184 [INFO] E036 | Batch 027 | LR: 0.00969 | Loss: 0.2000 | GradNorm: 2.0018 | Batch P@10: 50.0%
2026-03-13 22:38:13,764 [INFO] E036 | Batch 028 | LR: 0.00969 | Loss: 0.2137 | GradNorm: 2.2415 | Batch P@10: 10.0%
2026-03-13 22:38:19,470 [INFO] E036 | Batch 029 | LR: 0.00969 | Loss: 0.1063 | GradNorm: 1.6813 | Batch P@10: 50.0%
2026-03-13 22:38:24,935 [INFO] E036 | Batch 030 | LR: 0.00969 | Loss: 0.1694 | GradNorm: 2.5072 | Batch P@10: 30.0%
2026-03-13 22:38:30,574 [INFO] E036 | Batch 031 | LR: 0.00969 | Loss: 0.1407 | GradNorm: 2.8703 | Batch P@10: 20.0%
2026-03-13 22:38:36,165 [INFO] E036 | Batch 032 | LR: 0.00968 | Loss: 0.1396 | GradNorm: 1.7038 | Batch P@10: 40.0%
2026-03-13 22:38:41,883 [INFO] E036 | Batch 033 | LR: 0.00968 | Loss: 0.6504 | GradNorm: 0.5637 | Batch P@10: 40.0%
2026-03-13 22:38:47,525 [INFO] E036 | Batch 034 | LR: 0.00968 | Loss: 0.2769 | GradNorm: 1.1254 | Batch P@10: 50.0%
2026-03-13 22:38:53,202 [INFO] E036 | Batch 035 | LR: 0.00968 | Loss: 0.2567 | GradNorm: 1.0505 | Batch P@10: 40.0%
2026-03-13 22:38:58,806 [INFO] E036 | Batch 036 | LR: 0.00968 | Loss: 0.2248 | GradNorm: 3.4932 | Batch P@10: 50.0%
2026-03-13 22:39:04,184 [INFO] E036 | Batch 037 | LR: 0.00968 | Loss: 0.3061 | GradNorm: 4.0022 | Batch P@10: 30.0%
2026-03-13 22:39:14,048 [INFO] 
---> FIM DA ÉPOCA 36 | Val P@10: 42.6108% | Loss Média: 0.1921 | Grad Médio: 2.0854 | Recorde Geral: 44.7783% <---

2026-03-13 22:39:19,687 [INFO] E037 | Batch 001 | LR: 0.00967 | Loss: 0.1249 | GradNorm: 0.9380 | Batch P@10: 40.0%
2026-03-13 22:39:25,350 [INFO] E037 | Batch 002 | LR: 0.00967 | Loss: 0.3717 | GradNorm: 1.7538 | Batch P@10: 50.0%
2026-03-13 22:39:30,922 [INFO] E037 | Batch 003 | LR: 0.00967 | Loss: 0.2000 | GradNorm: 2.0365 | Batch P@10: 50.0%
2026-03-13 22:39:36,389 [INFO] E037 | Batch 004 | LR: 0.00967 | Loss: 0.1622 | GradNorm: 0.9216 | Batch P@10: 50.0%
2026-03-13 22:39:41,894 [INFO] E037 | Batch 005 | LR: 0.00967 | Loss: 0.2086 | GradNorm: 2.4334 | Batch P@10: 50.0%
2026-03-13 22:39:47,425 [INFO] E037 | Batch 006 | LR: 0.00967 | Loss: 0.1188 | GradNorm: 2.3953 | Batch P@10: 40.0%
2026-03-13 22:39:52,745 [INFO] E037 | Batch 007 | LR: 0.00967 | Loss: 0.3193 | GradNorm: 1.1634 | Batch P@10: 40.0%
2026-03-13 22:39:58,323 [INFO] E037 | Batch 008 | LR: 0.00966 | Loss: 0.1640 | GradNorm: 0.9501 | Batch P@10: 40.0%
2026-03-13 22:40:03,888 [INFO] E037 | Batch 009 | LR: 0.00966 | Loss: 0.1771 | GradNorm: 1.7153 | Batch P@10: 40.0%
2026-03-13 22:40:09,405 [INFO] E037 | Batch 010 | LR: 0.00966 | Loss: 0.1677 | GradNorm: 0.7060 | Batch P@10: 40.0%
2026-03-13 22:40:14,957 [INFO] E037 | Batch 011 | LR: 0.00966 | Loss: 0.1469 | GradNorm: 0.9033 | Batch P@10: 40.0%
2026-03-13 22:40:20,523 [INFO] E037 | Batch 012 | LR: 0.00966 | Loss: 0.6417 | GradNorm: 1.3645 | Batch P@10: 20.0%
2026-03-13 22:40:26,065 [INFO] E037 | Batch 013 | LR: 0.00966 | Loss: 0.3289 | GradNorm: 1.4075 | Batch P@10: 10.0%
2026-03-13 22:40:31,675 [INFO] E037 | Batch 014 | LR: 0.00965 | Loss: 0.1090 | GradNorm: 0.7645 | Batch P@10: 30.0%
2026-03-13 22:40:37,222 [INFO] E037 | Batch 015 | LR: 0.00965 | Loss: 0.2725 | GradNorm: 1.7637 | Batch P@10: 30.0%
2026-03-13 22:40:42,849 [INFO] E037 | Batch 016 | LR: 0.00965 | Loss: 0.4035 | GradNorm: 0.6658 | Batch P@10: 30.0%
2026-03-13 22:40:48,383 [INFO] E037 | Batch 017 | LR: 0.00965 | Loss: 0.1721 | GradNorm: 0.7720 | Batch P@10: 50.0%
2026-03-13 22:40:54,068 [INFO] E037 | Batch 018 | LR: 0.00965 | Loss: 0.3995 | GradNorm: 2.1021 | Batch P@10: 30.0%
2026-03-13 22:40:59,779 [INFO] E037 | Batch 019 | LR: 0.00965 | Loss: 0.1184 | GradNorm: 0.8980 | Batch P@10: 50.0%
2026-03-13 22:41:05,385 [INFO] E037 | Batch 020 | LR: 0.00965 | Loss: 0.3645 | GradNorm: 4.7376 | Batch P@10: 10.0%
2026-03-13 22:41:11,210 [INFO] E037 | Batch 021 | LR: 0.00964 | Loss: 0.2733 | GradNorm: 4.0945 | Batch P@10: 30.0%
2026-03-13 22:41:16,977 [INFO] E037 | Batch 022 | LR: 0.00964 | Loss: 0.1330 | GradNorm: 7.1336 | Batch P@10: 40.0%
2026-03-13 22:41:22,787 [INFO] E037 | Batch 023 | LR: 0.00964 | Loss: 0.1390 | GradNorm: 1.0850 | Batch P@10: 30.0%
2026-03-13 22:41:28,611 [INFO] E037 | Batch 024 | LR: 0.00964 | Loss: 0.1668 | GradNorm: 0.8708 | Batch P@10: 40.0%
2026-03-13 22:41:34,460 [INFO] E037 | Batch 025 | LR: 0.00964 | Loss: 0.1689 | GradNorm: 0.8830 | Batch P@10: 60.0%
2026-03-13 22:41:40,160 [INFO] E037 | Batch 026 | LR: 0.00964 | Loss: 0.1172 | GradNorm: 1.5212 | Batch P@10: 30.0%
2026-03-13 22:41:45,753 [INFO] E037 | Batch 027 | LR: 0.00963 | Loss: 0.1758 | GradNorm: 1.9610 | Batch P@10: 50.0%
2026-03-13 22:41:51,383 [INFO] E037 | Batch 028 | LR: 0.00963 | Loss: 0.3882 | GradNorm: 0.8260 | Batch P@10: 30.0%
2026-03-13 22:41:57,013 [INFO] E037 | Batch 029 | LR: 0.00963 | Loss: 0.1321 | GradNorm: 1.3368 | Batch P@10: 40.0%
2026-03-13 22:42:02,595 [INFO] E037 | Batch 030 | LR: 0.00963 | Loss: 0.1258 | GradNorm: 2.8729 | Batch P@10: 30.0%
2026-03-13 22:42:08,173 [INFO] E037 | Batch 031 | LR: 0.00963 | Loss: 0.5809 | GradNorm: 1.1937 | Batch P@10: 20.0%
2026-03-13 22:42:13,858 [INFO] E037 | Batch 032 | LR: 0.00963 | Loss: 0.1770 | GradNorm: 1.7362 | Batch P@10: 20.0%
2026-03-13 22:42:19,480 [INFO] E037 | Batch 033 | LR: 0.00962 | Loss: 0.1656 | GradNorm: 2.0237 | Batch P@10: 80.0%
2026-03-13 22:42:25,133 [INFO] E037 | Batch 034 | LR: 0.00962 | Loss: 0.1844 | GradNorm: 0.9823 | Batch P@10: 40.0%
2026-03-13 22:42:30,706 [INFO] E037 | Batch 035 | LR: 0.00962 | Loss: 0.2037 | GradNorm: 1.9403 | Batch P@10: 60.0%
2026-03-13 22:42:36,320 [INFO] E037 | Batch 036 | LR: 0.00962 | Loss: 0.2250 | GradNorm: 2.1898 | Batch P@10: 40.0%
2026-03-13 22:42:42,029 [INFO] E037 | Batch 037 | LR: 0.00962 | Loss: 0.1825 | GradNorm: 1.7100 | Batch P@10: 40.0%
2026-03-13 22:42:51,876 [INFO] 
---> FIM DA ÉPOCA 37 | Val P@10: 43.7438% | Loss Média: 0.2240 | Grad Médio: 1.7501 | Recorde Geral: 44.7783% <---

2026-03-13 22:42:57,282 [INFO] E038 | Batch 001 | LR: 0.00962 | Loss: 0.3254 | GradNorm: 2.1853 | Batch P@10: 70.0%
2026-03-13 22:43:02,698 [INFO] E038 | Batch 002 | LR: 0.00961 | Loss: 0.1399 | GradNorm: 1.6368 | Batch P@10: 30.0%
2026-03-13 22:43:08,256 [INFO] E038 | Batch 003 | LR: 0.00961 | Loss: 0.1639 | GradNorm: 0.8713 | Batch P@10: 40.0%
2026-03-13 22:43:13,768 [INFO] E038 | Batch 004 | LR: 0.00961 | Loss: 0.1439 | GradNorm: 1.3534 | Batch P@10: 60.0%
2026-03-13 22:43:19,186 [INFO] E038 | Batch 005 | LR: 0.00961 | Loss: 0.1436 | GradNorm: 1.5832 | Batch P@10: 10.0%
2026-03-13 22:43:24,650 [INFO] E038 | Batch 006 | LR: 0.00961 | Loss: 0.1302 | GradNorm: 0.5600 | Batch P@10: 30.0%
2026-03-13 22:43:30,046 [INFO] E038 | Batch 007 | LR: 0.00961 | Loss: 0.1429 | GradNorm: 0.8200 | Batch P@10: 70.0%
2026-03-13 22:43:35,674 [INFO] E038 | Batch 008 | LR: 0.00960 | Loss: 0.1590 | GradNorm: 1.4188 | Batch P@10: 50.0%
2026-03-13 22:43:41,145 [INFO] E038 | Batch 009 | LR: 0.00960 | Loss: 0.1021 | GradNorm: 4.1400 | Batch P@10: 60.0%
2026-03-13 22:43:46,605 [INFO] E038 | Batch 010 | LR: 0.00960 | Loss: 0.1738 | GradNorm: 5.1839 | Batch P@10: 20.0%
2026-03-13 22:43:51,883 [INFO] E038 | Batch 011 | LR: 0.00960 | Loss: 0.1137 | GradNorm: 2.4815 | Batch P@10: 40.0%
2026-03-13 22:43:57,388 [INFO] E038 | Batch 012 | LR: 0.00960 | Loss: 0.1321 | GradNorm: 1.0874 | Batch P@10: 50.0%
2026-03-13 22:44:02,992 [INFO] E038 | Batch 013 | LR: 0.00960 | Loss: 0.1740 | GradNorm: 1.8257 | Batch P@10: 40.0%
2026-03-13 22:44:08,574 [INFO] E038 | Batch 014 | LR: 0.00959 | Loss: 0.1687 | GradNorm: 1.2576 | Batch P@10: 60.0%
2026-03-13 22:44:14,177 [INFO] E038 | Batch 015 | LR: 0.00959 | Loss: 0.1401 | GradNorm: 0.7917 | Batch P@10: 40.0%
2026-03-13 22:44:19,648 [INFO] E038 | Batch 016 | LR: 0.00959 | Loss: 0.3857 | GradNorm: 7.6052 | Batch P@10: 50.0%
2026-03-13 22:44:25,182 [INFO] E038 | Batch 017 | LR: 0.00959 | Loss: 0.1173 | GradNorm: 7.0563 | Batch P@10: 70.0%
2026-03-13 22:44:30,642 [INFO] E038 | Batch 018 | LR: 0.00959 | Loss: 0.3113 | GradNorm: 7.5925 | Batch P@10: 30.0%
2026-03-13 22:44:36,140 [INFO] E038 | Batch 019 | LR: 0.00959 | Loss: 0.2183 | GradNorm: 2.4808 | Batch P@10: 50.0%
2026-03-13 22:44:41,834 [INFO] E038 | Batch 020 | LR: 0.00958 | Loss: 0.2246 | GradNorm: 1.2641 | Batch P@10: 40.0%
2026-03-13 22:44:47,497 [INFO] E038 | Batch 021 | LR: 0.00958 | Loss: 0.1707 | GradNorm: 1.8449 | Batch P@10: 30.0%
2026-03-13 22:44:53,177 [INFO] E038 | Batch 022 | LR: 0.00958 | Loss: 0.3376 | GradNorm: 1.0153 | Batch P@10: 10.0%
2026-03-13 22:44:58,584 [INFO] E038 | Batch 023 | LR: 0.00958 | Loss: 0.1386 | GradNorm: 1.0179 | Batch P@10: 50.0%
2026-03-13 22:45:04,139 [INFO] E038 | Batch 024 | LR: 0.00958 | Loss: 0.3680 | GradNorm: 1.0210 | Batch P@10: 30.0%
2026-03-13 22:45:09,678 [INFO] E038 | Batch 025 | LR: 0.00958 | Loss: 0.1624 | GradNorm: 1.2006 | Batch P@10: 20.0%
2026-03-13 22:45:15,193 [INFO] E038 | Batch 026 | LR: 0.00957 | Loss: 0.1298 | GradNorm: 1.5310 | Batch P@10: 70.0%
2026-03-13 22:45:20,612 [INFO] E038 | Batch 027 | LR: 0.00957 | Loss: 0.1199 | GradNorm: 1.2211 | Batch P@10: 50.0%
2026-03-13 22:45:26,050 [INFO] E038 | Batch 028 | LR: 0.00957 | Loss: 0.1431 | GradNorm: 3.0187 | Batch P@10: 20.0%
2026-03-13 22:45:31,509 [INFO] E038 | Batch 029 | LR: 0.00957 | Loss: 0.1529 | GradNorm: 1.1091 | Batch P@10: 30.0%
2026-03-13 22:45:36,891 [INFO] E038 | Batch 030 | LR: 0.00957 | Loss: 0.1534 | GradNorm: 2.0996 | Batch P@10: 30.0%
2026-03-13 22:45:42,429 [INFO] E038 | Batch 031 | LR: 0.00956 | Loss: 0.1243 | GradNorm: 1.4158 | Batch P@10: 10.0%
2026-03-13 22:45:47,931 [INFO] E038 | Batch 032 | LR: 0.00956 | Loss: 0.1343 | GradNorm: 0.9577 | Batch P@10: 10.0%
2026-03-13 22:45:53,362 [INFO] E038 | Batch 033 | LR: 0.00956 | Loss: 0.1645 | GradNorm: 1.7048 | Batch P@10: 40.0%
2026-03-13 22:45:58,851 [INFO] E038 | Batch 034 | LR: 0.00956 | Loss: 0.1429 | GradNorm: 1.6318 | Batch P@10: 50.0%
2026-03-13 22:46:04,282 [INFO] E038 | Batch 035 | LR: 0.00956 | Loss: 0.3959 | GradNorm: 2.0478 | Batch P@10: 30.0%
2026-03-13 22:46:09,644 [INFO] E038 | Batch 036 | LR: 0.00956 | Loss: 0.1256 | GradNorm: 2.5087 | Batch P@10: 40.0%
2026-03-13 22:46:15,085 [INFO] E038 | Batch 037 | LR: 0.00955 | Loss: 0.1357 | GradNorm: 1.2906 | Batch P@10: 50.0%
2026-03-13 22:46:24,792 [INFO] 
---> FIM DA ÉPOCA 38 | Val P@10: 45.2709% | Loss Média: 0.1766 | Grad Médio: 2.1576 | Recorde Geral: 45.2709% <---

2026-03-13 22:46:24,802 [INFO] 💎 NOVO RECORDE RETREINO 64: 45.3%
2026-03-13 22:46:30,247 [INFO] E039 | Batch 001 | LR: 0.00955 | Loss: 0.4662 | GradNorm: 1.6052 | Batch P@10: 20.0%
2026-03-13 22:46:35,665 [INFO] E039 | Batch 002 | LR: 0.00955 | Loss: 0.1500 | GradNorm: 0.8424 | Batch P@10: 30.0%
2026-03-13 22:46:41,083 [INFO] E039 | Batch 003 | LR: 0.00955 | Loss: 0.1171 | GradNorm: 2.4890 | Batch P@10: 40.0%
2026-03-13 22:46:46,490 [INFO] E039 | Batch 004 | LR: 0.00955 | Loss: 0.1226 | GradNorm: 0.8331 | Batch P@10: 40.0%
2026-03-13 22:46:51,947 [INFO] E039 | Batch 005 | LR: 0.00955 | Loss: 0.1590 | GradNorm: 1.4798 | Batch P@10: 70.0%
2026-03-13 22:46:57,372 [INFO] E039 | Batch 006 | LR: 0.00954 | Loss: 0.1694 | GradNorm: 1.1471 | Batch P@10: 20.0%
2026-03-13 22:47:02,709 [INFO] E039 | Batch 007 | LR: 0.00954 | Loss: 0.1412 | GradNorm: 2.1023 | Batch P@10: 40.0%
2026-03-13 22:47:08,048 [INFO] E039 | Batch 008 | LR: 0.00954 | Loss: 0.1941 | GradNorm: 1.2205 | Batch P@10: 30.0%
2026-03-13 22:47:13,444 [INFO] E039 | Batch 009 | LR: 0.00954 | Loss: 0.1224 | GradNorm: 1.7575 | Batch P@10: 20.0%
2026-03-13 22:47:18,841 [INFO] E039 | Batch 010 | LR: 0.00954 | Loss: 0.2497 | GradNorm: 4.8953 | Batch P@10: 40.0%
2026-03-13 22:47:24,101 [INFO] E039 | Batch 011 | LR: 0.00953 | Loss: 0.0952 | GradNorm: 6.8434 | Batch P@10: 50.0%
2026-03-13 22:47:29,413 [INFO] E039 | Batch 012 | LR: 0.00953 | Loss: 0.4871 | GradNorm: 1.7979 | Batch P@10: 20.0%
2026-03-13 22:47:34,786 [INFO] E039 | Batch 013 | LR: 0.00953 | Loss: 0.1759 | GradNorm: 2.8606 | Batch P@10: 20.0%
2026-03-13 22:47:40,081 [INFO] E039 | Batch 014 | LR: 0.00953 | Loss: 0.1559 | GradNorm: 2.2744 | Batch P@10: 70.0%
2026-03-13 22:47:45,396 [INFO] E039 | Batch 015 | LR: 0.00953 | Loss: 0.3322 | GradNorm: 1.8954 | Batch P@10: 70.0%
2026-03-13 22:47:50,829 [INFO] E039 | Batch 016 | LR: 0.00953 | Loss: 0.1286 | GradNorm: 2.1111 | Batch P@10: 30.0%
2026-03-13 22:47:56,155 [INFO] E039 | Batch 017 | LR: 0.00952 | Loss: 0.2401 | GradNorm: 3.4469 | Batch P@10: 30.0%
2026-03-13 22:48:01,654 [INFO] E039 | Batch 018 | LR: 0.00952 | Loss: 0.1351 | GradNorm: 0.7731 | Batch P@10: 40.0%
2026-03-13 22:48:06,959 [INFO] E039 | Batch 019 | LR: 0.00952 | Loss: 0.2300 | GradNorm: 0.6028 | Batch P@10: 20.0%
2026-03-13 22:48:12,268 [INFO] E039 | Batch 020 | LR: 0.00952 | Loss: 0.1960 | GradNorm: 0.8262 | Batch P@10: 40.0%
2026-03-13 22:48:17,563 [INFO] E039 | Batch 021 | LR: 0.00952 | Loss: 0.1499 | GradNorm: 4.6426 | Batch P@10: 40.0%
2026-03-13 22:48:23,096 [INFO] E039 | Batch 022 | LR: 0.00951 | Loss: 0.1503 | GradNorm: 1.0319 | Batch P@10: 50.0%
2026-03-13 22:48:28,712 [INFO] E039 | Batch 023 | LR: 0.00951 | Loss: 0.1689 | GradNorm: 1.2381 | Batch P@10: 40.0%
2026-03-13 22:48:34,019 [INFO] E039 | Batch 024 | LR: 0.00951 | Loss: 0.1134 | GradNorm: 1.2147 | Batch P@10: 70.0%
2026-03-13 22:48:39,687 [INFO] E039 | Batch 025 | LR: 0.00951 | Loss: 0.1428 | GradNorm: 0.4995 | Batch P@10: 30.0%
2026-03-13 22:48:45,177 [INFO] E039 | Batch 026 | LR: 0.00951 | Loss: 0.1788 | GradNorm: 1.8092 | Batch P@10: 40.0%
2026-03-13 22:48:50,637 [INFO] E039 | Batch 027 | LR: 0.00951 | Loss: 0.1536 | GradNorm: 0.9259 | Batch P@10: 40.0%
2026-03-13 22:48:56,182 [INFO] E039 | Batch 028 | LR: 0.00950 | Loss: 0.1880 | GradNorm: 1.8165 | Batch P@10: 50.0%
2026-03-13 22:49:01,553 [INFO] E039 | Batch 029 | LR: 0.00950 | Loss: 0.1769 | GradNorm: 2.2836 | Batch P@10: 40.0%
2026-03-13 22:49:06,959 [INFO] E039 | Batch 030 | LR: 0.00950 | Loss: 0.2025 | GradNorm: 0.7771 | Batch P@10: 50.0%
2026-03-13 22:49:12,459 [INFO] E039 | Batch 031 | LR: 0.00950 | Loss: 0.1577 | GradNorm: 0.4888 | Batch P@10: 20.0%
2026-03-13 22:49:17,920 [INFO] E039 | Batch 032 | LR: 0.00950 | Loss: 0.1642 | GradNorm: 4.2338 | Batch P@10: 30.0%
2026-03-13 22:49:23,175 [INFO] E039 | Batch 033 | LR: 0.00949 | Loss: 0.4321 | GradNorm: 2.7384 | Batch P@10: 40.0%
2026-03-13 22:49:28,256 [INFO] E039 | Batch 034 | LR: 0.00949 | Loss: 0.1424 | GradNorm: 0.9321 | Batch P@10: 60.0%
2026-03-13 22:49:33,646 [INFO] E039 | Batch 035 | LR: 0.00949 | Loss: 0.1605 | GradNorm: 0.9401 | Batch P@10: 40.0%
2026-03-13 22:49:38,974 [INFO] E039 | Batch 036 | LR: 0.00949 | Loss: 0.1513 | GradNorm: 1.7864 | Batch P@10: 30.0%
2026-03-13 22:49:44,369 [INFO] E039 | Batch 037 | LR: 0.00949 | Loss: 0.1072 | GradNorm: 1.4279 | Batch P@10: 80.0%
2026-03-13 22:49:53,875 [INFO] 
---> FIM DA ÉPOCA 39 | Val P@10: 43.2020% | Loss Média: 0.1844 | Grad Médio: 1.9079 | Recorde Geral: 45.2709% <---

2026-03-13 22:49:59,077 [INFO] E040 | Batch 001 | LR: 0.00948 | Loss: 0.1028 | GradNorm: 2.6686 | Batch P@10: 30.0%
2026-03-13 22:50:04,365 [INFO] E040 | Batch 002 | LR: 0.00948 | Loss: 0.1407 | GradNorm: 0.4226 | Batch P@10: 60.0%
2026-03-13 22:50:09,714 [INFO] E040 | Batch 003 | LR: 0.00948 | Loss: 0.1306 | GradNorm: 0.8394 | Batch P@10: 60.0%
2026-03-13 22:50:14,976 [INFO] E040 | Batch 004 | LR: 0.00948 | Loss: 0.1403 | GradNorm: 1.8768 | Batch P@10: 30.0%
2026-03-13 22:50:20,207 [INFO] E040 | Batch 005 | LR: 0.00948 | Loss: 0.3264 | GradNorm: 6.1929 | Batch P@10: 40.0%
2026-03-13 22:50:25,363 [INFO] E040 | Batch 006 | LR: 0.00947 | Loss: 0.1328 | GradNorm: 7.6307 | Batch P@10: 30.0%
2026-03-13 22:50:30,431 [INFO] E040 | Batch 007 | LR: 0.00947 | Loss: 0.1143 | GradNorm: 2.4149 | Batch P@10: 40.0%
2026-03-13 22:50:35,623 [INFO] E040 | Batch 008 | LR: 0.00947 | Loss: 0.1789 | GradNorm: 1.4852 | Batch P@10: 50.0%
2026-03-13 22:50:40,873 [INFO] E040 | Batch 009 | LR: 0.00947 | Loss: 0.1554 | GradNorm: 0.5539 | Batch P@10: 30.0%
2026-03-13 22:50:46,075 [INFO] E040 | Batch 010 | LR: 0.00947 | Loss: 0.1683 | GradNorm: 1.0140 | Batch P@10: 40.0%
2026-03-13 22:50:51,389 [INFO] E040 | Batch 011 | LR: 0.00947 | Loss: 0.3021 | GradNorm: 1.4297 | Batch P@10: 30.0%
2026-03-13 22:50:56,459 [INFO] E040 | Batch 012 | LR: 0.00946 | Loss: 0.2597 | GradNorm: 1.7384 | Batch P@10: 40.0%
2026-03-13 22:51:01,741 [INFO] E040 | Batch 013 | LR: 0.00946 | Loss: 0.1757 | GradNorm: 1.1976 | Batch P@10: 60.0%
2026-03-13 22:51:06,969 [INFO] E040 | Batch 014 | LR: 0.00946 | Loss: 0.1050 | GradNorm: 1.2622 | Batch P@10: 60.0%
2026-03-13 22:51:12,349 [INFO] E040 | Batch 015 | LR: 0.00946 | Loss: 0.1143 | GradNorm: 1.3912 | Batch P@10: 70.0%
2026-03-13 22:51:17,622 [INFO] E040 | Batch 016 | LR: 0.00946 | Loss: 0.1518 | GradNorm: 0.6474 | Batch P@10: 50.0%
2026-03-13 22:51:23,027 [INFO] E040 | Batch 017 | LR: 0.00945 | Loss: 0.1586 | GradNorm: 1.0721 | Batch P@10: 30.0%
2026-03-13 22:51:28,313 [INFO] E040 | Batch 018 | LR: 0.00945 | Loss: 0.1874 | GradNorm: 1.1232 | Batch P@10: 20.0%
2026-03-13 22:51:33,443 [INFO] E040 | Batch 019 | LR: 0.00945 | Loss: 0.1600 | GradNorm: 0.8949 | Batch P@10: 30.0%
2026-03-13 22:51:38,804 [INFO] E040 | Batch 020 | LR: 0.00945 | Loss: 0.1413 | GradNorm: 0.7824 | Batch P@10: 40.0%
2026-03-13 22:51:44,102 [INFO] E040 | Batch 021 | LR: 0.00945 | Loss: 0.1244 | GradNorm: 1.7338 | Batch P@10: 70.0%
2026-03-13 22:51:49,354 [INFO] E040 | Batch 022 | LR: 0.00944 | Loss: 0.1588 | GradNorm: 0.8545 | Batch P@10: 50.0%
2026-03-13 22:51:54,436 [INFO] E040 | Batch 023 | LR: 0.00944 | Loss: 0.1142 | GradNorm: 2.4710 | Batch P@10: 50.0%
2026-03-13 22:51:59,633 [INFO] E040 | Batch 024 | LR: 0.00944 | Loss: 0.3323 | GradNorm: 2.3597 | Batch P@10: 40.0%
2026-03-13 22:52:04,767 [INFO] E040 | Batch 025 | LR: 0.00944 | Loss: 0.1449 | GradNorm: 0.6006 | Batch P@10: 60.0%
2026-03-13 22:52:10,126 [INFO] E040 | Batch 026 | LR: 0.00944 | Loss: 0.1620 | GradNorm: 1.4503 | Batch P@10: 60.0%
2026-03-13 22:52:15,317 [INFO] E040 | Batch 027 | LR: 0.00943 | Loss: 0.1093 | GradNorm: 0.5590 | Batch P@10: 40.0%
2026-03-13 22:52:20,447 [INFO] E040 | Batch 028 | LR: 0.00943 | Loss: 0.1504 | GradNorm: 0.8576 | Batch P@10: 50.0%
2026-03-13 22:52:25,557 [INFO] E040 | Batch 029 | LR: 0.00943 | Loss: 0.1113 | GradNorm: 3.2526 | Batch P@10: 50.0%
2026-03-13 22:52:30,549 [INFO] E040 | Batch 030 | LR: 0.00943 | Loss: 0.3747 | GradNorm: 3.1433 | Batch P@10: 50.0%
2026-03-13 22:52:35,611 [INFO] E040 | Batch 031 | LR: 0.00943 | Loss: 0.2632 | GradNorm: 0.7689 | Batch P@10: 50.0%
2026-03-13 22:52:40,838 [INFO] E040 | Batch 032 | LR: 0.00942 | Loss: 0.1955 | GradNorm: 1.5244 | Batch P@10: 20.0%
2026-03-13 22:52:45,986 [INFO] E040 | Batch 033 | LR: 0.00942 | Loss: 0.3465 | GradNorm: 1.8596 | Batch P@10: 50.0%
2026-03-13 22:52:51,258 [INFO] E040 | Batch 034 | LR: 0.00942 | Loss: 0.1411 | GradNorm: 1.2709 | Batch P@10: 40.0%
2026-03-13 22:52:56,469 [INFO] E040 | Batch 035 | LR: 0.00942 | Loss: 0.1530 | GradNorm: 3.0518 | Batch P@10: 40.0%
2026-03-13 22:53:01,558 [INFO] E040 | Batch 036 | LR: 0.00942 | Loss: 0.2276 | GradNorm: 4.4522 | Batch P@10: 40.0%
2026-03-13 22:53:06,689 [INFO] E040 | Batch 037 | LR: 0.00941 | Loss: 0.3726 | GradNorm: 2.9498 | Batch P@10: 50.0%
2026-03-13 22:53:16,198 [INFO] 
---> FIM DA ÉPOCA 40 | Val P@10: 42.2660% | Loss Média: 0.1797 | Grad Médio: 1.8864 | Recorde Geral: 45.2709% <---

2026-03-13 22:53:21,490 [INFO] E041 | Batch 001 | LR: 0.00941 | Loss: 0.1390 | GradNorm: 0.7552 | Batch P@10: 60.0%
2026-03-13 22:53:26,676 [INFO] E041 | Batch 002 | LR: 0.00941 | Loss: 0.7920 | GradNorm: 1.6628 | Batch P@10: 40.0%
2026-03-13 22:53:31,846 [INFO] E041 | Batch 003 | LR: 0.00941 | Loss: 0.1854 | GradNorm: 1.6827 | Batch P@10: 60.0%
2026-03-13 22:53:36,935 [INFO] E041 | Batch 004 | LR: 0.00941 | Loss: 0.1861 | GradNorm: 0.9425 | Batch P@10: 10.0%
2026-03-13 22:53:42,022 [INFO] E041 | Batch 005 | LR: 0.00940 | Loss: 0.1730 | GradNorm: 1.1515 | Batch P@10: 50.0%
2026-03-13 22:53:47,138 [INFO] E041 | Batch 006 | LR: 0.00940 | Loss: 0.2482 | GradNorm: 2.0450 | Batch P@10: 40.0%
2026-03-13 22:53:52,225 [INFO] E041 | Batch 007 | LR: 0.00940 | Loss: 0.1348 | GradNorm: 3.0674 | Batch P@10: 30.0%
2026-03-13 22:53:57,378 [INFO] E041 | Batch 008 | LR: 0.00940 | Loss: 0.3420 | GradNorm: 0.9567 | Batch P@10: 50.0%
2026-03-13 22:54:02,439 [INFO] E041 | Batch 009 | LR: 0.00940 | Loss: 0.1187 | GradNorm: 0.7387 | Batch P@10: 50.0%
2026-03-13 22:54:07,460 [INFO] E041 | Batch 010 | LR: 0.00939 | Loss: 0.1031 | GradNorm: 0.7620 | Batch P@10: 40.0%
2026-03-13 22:54:12,515 [INFO] E041 | Batch 011 | LR: 0.00939 | Loss: 0.1247 | GradNorm: 0.6113 | Batch P@10: 60.0%
2026-03-13 22:54:17,530 [INFO] E041 | Batch 012 | LR: 0.00939 | Loss: 0.1143 | GradNorm: 0.7591 | Batch P@10: 40.0%
2026-03-13 22:54:22,508 [INFO] E041 | Batch 013 | LR: 0.00939 | Loss: 0.1318 | GradNorm: 3.2377 | Batch P@10: 40.0%
2026-03-13 22:54:27,352 [INFO] E041 | Batch 014 | LR: 0.00939 | Loss: 0.2227 | GradNorm: 4.8047 | Batch P@10: 60.0%
2026-03-13 22:54:32,253 [INFO] E041 | Batch 015 | LR: 0.00938 | Loss: 0.1486 | GradNorm: 0.6747 | Batch P@10: 20.0%
2026-03-13 22:54:37,217 [INFO] E041 | Batch 016 | LR: 0.00938 | Loss: 0.1930 | GradNorm: 1.7044 | Batch P@10: 50.0%
2026-03-13 22:54:42,152 [INFO] E041 | Batch 017 | LR: 0.00938 | Loss: 0.1827 | GradNorm: 1.7163 | Batch P@10: 20.0%
2026-03-13 22:54:46,946 [INFO] E041 | Batch 018 | LR: 0.00938 | Loss: 0.1004 | GradNorm: 0.7089 | Batch P@10: 50.0%
2026-03-13 22:54:51,929 [INFO] E041 | Batch 019 | LR: 0.00937 | Loss: 0.1474 | GradNorm: 3.5289 | Batch P@10: 40.0%
2026-03-13 22:54:56,851 [INFO] E041 | Batch 020 | LR: 0.00937 | Loss: 0.1986 | GradNorm: 2.5433 | Batch P@10: 20.0%
2026-03-13 22:55:01,789 [INFO] E041 | Batch 021 | LR: 0.00937 | Loss: 0.1887 | GradNorm: 9.8577 | Batch P@10: 20.0%
2026-03-13 22:55:06,697 [INFO] E041 | Batch 022 | LR: 0.00937 | Loss: 0.1567 | GradNorm: 1.1932 | Batch P@10: 30.0%
2026-03-13 22:55:11,605 [INFO] E041 | Batch 023 | LR: 0.00937 | Loss: 0.1285 | GradNorm: 0.8760 | Batch P@10: 60.0%
2026-03-13 22:55:16,421 [INFO] E041 | Batch 024 | LR: 0.00936 | Loss: 0.1116 | GradNorm: 1.7651 | Batch P@10: 60.0%
2026-03-13 22:55:21,385 [INFO] E041 | Batch 025 | LR: 0.00936 | Loss: 0.1669 | GradNorm: 1.2795 | Batch P@10: 40.0%
2026-03-13 22:55:26,430 [INFO] E041 | Batch 026 | LR: 0.00936 | Loss: 0.2888 | GradNorm: 0.7602 | Batch P@10: 50.0%
2026-03-13 22:55:31,386 [INFO] E041 | Batch 027 | LR: 0.00936 | Loss: 0.1571 | GradNorm: 0.4878 | Batch P@10: 50.0%
2026-03-13 22:55:36,249 [INFO] E041 | Batch 028 | LR: 0.00936 | Loss: 0.1466 | GradNorm: 0.6675 | Batch P@10: 50.0%
2026-03-13 22:55:41,240 [INFO] E041 | Batch 029 | LR: 0.00935 | Loss: 0.1529 | GradNorm: 1.5189 | Batch P@10: 50.0%
2026-03-13 22:55:45,990 [INFO] E041 | Batch 030 | LR: 0.00935 | Loss: 0.5844 | GradNorm: 0.6576 | Batch P@10: 60.0%
2026-03-13 22:55:50,850 [INFO] E041 | Batch 031 | LR: 0.00935 | Loss: 0.1532 | GradNorm: 0.9146 | Batch P@10: 30.0%
2026-03-13 22:55:55,840 [INFO] E041 | Batch 032 | LR: 0.00935 | Loss: 0.1045 | GradNorm: 0.7211 | Batch P@10: 40.0%
2026-03-13 22:56:00,765 [INFO] E041 | Batch 033 | LR: 0.00935 | Loss: 0.1231 | GradNorm: 0.8679 | Batch P@10: 40.0%
2026-03-13 22:56:05,621 [INFO] E041 | Batch 034 | LR: 0.00934 | Loss: 0.1804 | GradNorm: 1.1562 | Batch P@10: 40.0%
2026-03-13 22:56:10,638 [INFO] E041 | Batch 035 | LR: 0.00934 | Loss: 0.1602 | GradNorm: 1.6655 | Batch P@10: 40.0%
2026-03-13 22:56:15,734 [INFO] E041 | Batch 036 | LR: 0.00934 | Loss: 0.3200 | GradNorm: 1.8665 | Batch P@10: 40.0%
2026-03-13 22:56:20,786 [INFO] E041 | Batch 037 | LR: 0.00934 | Loss: 0.1171 | GradNorm: 2.0327 | Batch P@10: 30.0%
2026-03-13 22:56:29,952 [INFO] 
---> FIM DA ÉPOCA 41 | Val P@10: 34.7783% | Loss Média: 0.1902 | Grad Médio: 1.6849 | Recorde Geral: 45.2709% <---

2026-03-13 22:56:35,060 [INFO] E042 | Batch 001 | LR: 0.00933 | Loss: 0.1494 | GradNorm: 1.0794 | Batch P@10: 20.0%
2026-03-13 22:56:39,987 [INFO] E042 | Batch 002 | LR: 0.00933 | Loss: 0.1373 | GradNorm: 1.5679 | Batch P@10: 30.0%
2026-03-13 22:56:45,041 [INFO] E042 | Batch 003 | LR: 0.00933 | Loss: 0.2826 | GradNorm: 1.4648 | Batch P@10: 50.0%
2026-03-13 22:56:49,955 [INFO] E042 | Batch 004 | LR: 0.00933 | Loss: 0.1184 | GradNorm: 0.7492 | Batch P@10: 50.0%
2026-03-13 22:56:54,884 [INFO] E042 | Batch 005 | LR: 0.00933 | Loss: 0.1737 | GradNorm: 3.5357 | Batch P@10: 40.0%
2026-03-13 22:56:59,767 [INFO] E042 | Batch 006 | LR: 0.00932 | Loss: 0.4678 | GradNorm: 4.8970 | Batch P@10: 20.0%
2026-03-13 22:57:04,596 [INFO] E042 | Batch 007 | LR: 0.00932 | Loss: 0.4623 | GradNorm: 2.4959 | Batch P@10: 40.0%
2026-03-13 22:57:09,499 [INFO] E042 | Batch 008 | LR: 0.00932 | Loss: 0.1168 | GradNorm: 1.0896 | Batch P@10: 50.0%
2026-03-13 22:57:14,277 [INFO] E042 | Batch 009 | LR: 0.00932 | Loss: 0.1854 | GradNorm: 1.7690 | Batch P@10: 40.0%
2026-03-13 22:57:19,176 [INFO] E042 | Batch 010 | LR: 0.00931 | Loss: 0.4000 | GradNorm: 0.9207 | Batch P@10: 60.0%
2026-03-13 22:57:24,035 [INFO] E042 | Batch 011 | LR: 0.00931 | Loss: 0.1575 | GradNorm: 4.6827 | Batch P@10: 20.0%
2026-03-13 22:57:28,871 [INFO] E042 | Batch 012 | LR: 0.00931 | Loss: 0.1754 | GradNorm: 4.6783 | Batch P@10: 50.0%
2026-03-13 22:57:33,803 [INFO] E042 | Batch 013 | LR: 0.00931 | Loss: 0.1938 | GradNorm: 3.2274 | Batch P@10: 20.0%
2026-03-13 22:57:38,764 [INFO] E042 | Batch 014 | LR: 0.00931 | Loss: 0.1180 | GradNorm: 0.4109 | Batch P@10: 30.0%
2026-03-13 22:57:43,541 [INFO] E042 | Batch 015 | LR: 0.00930 | Loss: 0.1482 | GradNorm: 1.4969 | Batch P@10: 30.0%
2026-03-13 22:57:48,290 [INFO] E042 | Batch 016 | LR: 0.00930 | Loss: 0.1790 | GradNorm: 1.6497 | Batch P@10: 40.0%
2026-03-13 22:57:53,042 [INFO] E042 | Batch 017 | LR: 0.00930 | Loss: 0.1553 | GradNorm: 2.0889 | Batch P@10: 30.0%
2026-03-13 22:57:58,034 [INFO] E042 | Batch 018 | LR: 0.00930 | Loss: 0.2120 | GradNorm: 0.6408 | Batch P@10: 40.0%
2026-03-13 22:58:02,794 [INFO] E042 | Batch 019 | LR: 0.00930 | Loss: 0.1369 | GradNorm: 1.6107 | Batch P@10: 40.0%
2026-03-13 22:58:07,604 [INFO] E042 | Batch 020 | LR: 0.00929 | Loss: 0.1981 | GradNorm: 0.7964 | Batch P@10: 50.0%
2026-03-13 22:58:12,386 [INFO] E042 | Batch 021 | LR: 0.00929 | Loss: 0.1196 | GradNorm: 1.3249 | Batch P@10: 60.0%
2026-03-13 22:58:17,267 [INFO] E042 | Batch 022 | LR: 0.00929 | Loss: 0.1441 | GradNorm: 1.7690 | Batch P@10: 50.0%
2026-03-13 22:58:22,202 [INFO] E042 | Batch 023 | LR: 0.00929 | Loss: 0.1327 | GradNorm: 1.7676 | Batch P@10: 20.0%
2026-03-13 22:58:26,991 [INFO] E042 | Batch 024 | LR: 0.00928 | Loss: 0.1100 | GradNorm: 0.7867 | Batch P@10: 40.0%
2026-03-13 22:58:32,025 [INFO] E042 | Batch 025 | LR: 0.00928 | Loss: 0.2363 | GradNorm: 0.5675 | Batch P@10: 40.0%
2026-03-13 22:58:36,956 [INFO] E042 | Batch 026 | LR: 0.00928 | Loss: 0.2031 | GradNorm: 0.8649 | Batch P@10: 40.0%
2026-03-13 22:58:41,741 [INFO] E042 | Batch 027 | LR: 0.00928 | Loss: 0.1268 | GradNorm: 1.4970 | Batch P@10: 60.0%
2026-03-13 22:58:46,514 [INFO] E042 | Batch 028 | LR: 0.00928 | Loss: 0.1393 | GradNorm: 0.8061 | Batch P@10: 50.0%
2026-03-13 22:58:51,179 [INFO] E042 | Batch 029 | LR: 0.00927 | Loss: 0.1240 | GradNorm: 0.8268 | Batch P@10: 50.0%
2026-03-13 22:58:56,002 [INFO] E042 | Batch 030 | LR: 0.00927 | Loss: 0.1426 | GradNorm: 2.3270 | Batch P@10: 30.0%
2026-03-13 22:59:00,780 [INFO] E042 | Batch 031 | LR: 0.00927 | Loss: 0.4164 | GradNorm: 1.1359 | Batch P@10: 60.0%
2026-03-13 22:59:05,681 [INFO] E042 | Batch 032 | LR: 0.00927 | Loss: 0.1241 | GradNorm: 1.0956 | Batch P@10: 40.0%
2026-03-13 22:59:10,599 [INFO] E042 | Batch 033 | LR: 0.00926 | Loss: 0.1180 | GradNorm: 1.4395 | Batch P@10: 50.0%
2026-03-13 22:59:15,536 [INFO] E042 | Batch 034 | LR: 0.00926 | Loss: 0.1132 | GradNorm: 0.9693 | Batch P@10: 20.0%
2026-03-13 22:59:20,421 [INFO] E042 | Batch 035 | LR: 0.00926 | Loss: 0.1355 | GradNorm: 1.2994 | Batch P@10: 40.0%
2026-03-13 22:59:25,391 [INFO] E042 | Batch 036 | LR: 0.00926 | Loss: 0.1717 | GradNorm: 0.9728 | Batch P@10: 30.0%
2026-03-13 22:59:30,253 [INFO] E042 | Batch 037 | LR: 0.00926 | Loss: 0.1208 | GradNorm: 2.2500 | Batch P@10: 40.0%
2026-03-13 22:59:39,634 [INFO] 
---> FIM DA ÉPOCA 42 | Val P@10: 43.0049% | Loss Média: 0.1802 | Grad Médio: 1.6906 | Recorde Geral: 45.2709% <---

2026-03-13 22:59:44,498 [INFO] E043 | Batch 001 | LR: 0.00925 | Loss: 0.2530 | GradNorm: 1.5965 | Batch P@10: 30.0%
2026-03-13 22:59:49,494 [INFO] E043 | Batch 002 | LR: 0.00925 | Loss: 0.1495 | GradNorm: 1.9343 | Batch P@10: 30.0%
2026-03-13 22:59:54,403 [INFO] E043 | Batch 003 | LR: 0.00925 | Loss: 0.1563 | GradNorm: 0.6780 | Batch P@10: 60.0%
2026-03-13 22:59:59,259 [INFO] E043 | Batch 004 | LR: 0.00925 | Loss: 0.2672 | GradNorm: 1.2562 | Batch P@10: 40.0%
2026-03-13 23:00:04,166 [INFO] E043 | Batch 005 | LR: 0.00924 | Loss: 0.2058 | GradNorm: 1.6234 | Batch P@10: 40.0%
2026-03-13 23:00:08,899 [INFO] E043 | Batch 006 | LR: 0.00924 | Loss: 0.1135 | GradNorm: 1.1734 | Batch P@10: 30.0%
2026-03-13 23:00:13,794 [INFO] E043 | Batch 007 | LR: 0.00924 | Loss: 0.4167 | GradNorm: 1.9651 | Batch P@10: 50.0%
2026-03-13 23:00:18,563 [INFO] E043 | Batch 008 | LR: 0.00924 | Loss: 0.1422 | GradNorm: 0.4941 | Batch P@10: 50.0%
2026-03-13 23:00:23,312 [INFO] E043 | Batch 009 | LR: 0.00923 | Loss: 0.3088 | GradNorm: 0.5365 | Batch P@10: 20.0%
2026-03-13 23:00:28,104 [INFO] E043 | Batch 010 | LR: 0.00923 | Loss: 0.1882 | GradNorm: 1.3026 | Batch P@10: 60.0%
2026-03-13 23:00:32,822 [INFO] E043 | Batch 011 | LR: 0.00923 | Loss: 0.1767 | GradNorm: 0.7422 | Batch P@10: 40.0%
2026-03-13 23:00:37,582 [INFO] E043 | Batch 012 | LR: 0.00923 | Loss: 0.1359 | GradNorm: 1.4983 | Batch P@10: 20.0%
2026-03-13 23:00:42,438 [INFO] E043 | Batch 013 | LR: 0.00923 | Loss: 0.2884 | GradNorm: 4.4822 | Batch P@10: 30.0%
2026-03-13 23:00:47,268 [INFO] E043 | Batch 014 | LR: 0.00922 | Loss: 0.1414 | GradNorm: 0.5398 | Batch P@10: 40.0%
2026-03-13 23:00:52,045 [INFO] E043 | Batch 015 | LR: 0.00922 | Loss: 0.2171 | GradNorm: 0.8219 | Batch P@10: 30.0%
2026-03-13 23:00:56,702 [INFO] E043 | Batch 016 | LR: 0.00922 | Loss: 0.1075 | GradNorm: 3.1336 | Batch P@10: 70.0%
2026-03-13 23:01:01,377 [INFO] E043 | Batch 017 | LR: 0.00922 | Loss: 0.1106 | GradNorm: 0.6254 | Batch P@10: 70.0%
2026-03-13 23:01:06,115 [INFO] E043 | Batch 018 | LR: 0.00921 | Loss: 0.1643 | GradNorm: 0.8239 | Batch P@10: 70.0%
2026-03-13 23:01:10,771 [INFO] E043 | Batch 019 | LR: 0.00921 | Loss: 0.1414 | GradNorm: 1.9641 | Batch P@10: 10.0%
2026-03-13 23:01:15,336 [INFO] E043 | Batch 020 | LR: 0.00921 | Loss: 0.1572 | GradNorm: 1.6025 | Batch P@10: 30.0%
2026-03-13 23:01:20,015 [INFO] E043 | Batch 021 | LR: 0.00921 | Loss: 0.2439 | GradNorm: 4.3548 | Batch P@10: 10.0%
2026-03-13 23:01:24,511 [INFO] E043 | Batch 022 | LR: 0.00920 | Loss: 0.1503 | GradNorm: 2.7893 | Batch P@10: 60.0%
2026-03-13 23:01:29,305 [INFO] E043 | Batch 023 | LR: 0.00920 | Loss: 0.1611 | GradNorm: 1.4255 | Batch P@10: 30.0%
2026-03-13 23:01:33,871 [INFO] E043 | Batch 024 | LR: 0.00920 | Loss: 0.1813 | GradNorm: 1.6708 | Batch P@10: 60.0%
2026-03-13 23:01:38,775 [INFO] E043 | Batch 025 | LR: 0.00920 | Loss: 0.1706 | GradNorm: 1.4482 | Batch P@10: 30.0%
2026-03-13 23:01:43,441 [INFO] E043 | Batch 026 | LR: 0.00920 | Loss: 0.1861 | GradNorm: 5.5969 | Batch P@10: 40.0%
2026-03-13 23:01:47,971 [INFO] E043 | Batch 027 | LR: 0.00919 | Loss: 0.1124 | GradNorm: 6.7294 | Batch P@10: 50.0%
2026-03-13 23:01:52,530 [INFO] E043 | Batch 028 | LR: 0.00919 | Loss: 0.1175 | GradNorm: 5.1973 | Batch P@10: 40.0%
2026-03-13 23:01:57,133 [INFO] E043 | Batch 029 | LR: 0.00919 | Loss: 0.1295 | GradNorm: 0.9462 | Batch P@10: 40.0%
2026-03-13 23:02:01,814 [INFO] E043 | Batch 030 | LR: 0.00919 | Loss: 0.6052 | GradNorm: 1.7645 | Batch P@10: 30.0%
2026-03-13 23:02:06,368 [INFO] E043 | Batch 031 | LR: 0.00918 | Loss: 0.1950 | GradNorm: 1.8762 | Batch P@10: 40.0%
2026-03-13 23:02:10,963 [INFO] E043 | Batch 032 | LR: 0.00918 | Loss: 0.1711 | GradNorm: 1.5224 | Batch P@10: 60.0%
2026-03-13 23:02:15,471 [INFO] E043 | Batch 033 | LR: 0.00918 | Loss: 0.1551 | GradNorm: 0.7552 | Batch P@10: 30.0%
2026-03-13 23:02:19,962 [INFO] E043 | Batch 034 | LR: 0.00918 | Loss: 0.2790 | GradNorm: 0.9141 | Batch P@10: 20.0%
2026-03-13 23:02:24,509 [INFO] E043 | Batch 035 | LR: 0.00917 | Loss: 0.1144 | GradNorm: 0.7576 | Batch P@10: 40.0%
2026-03-13 23:02:28,979 [INFO] E043 | Batch 036 | LR: 0.00917 | Loss: 0.1139 | GradNorm: 0.8996 | Batch P@10: 40.0%
2026-03-13 23:02:33,509 [INFO] E043 | Batch 037 | LR: 0.00917 | Loss: 0.6026 | GradNorm: 3.8633 | Batch P@10: 40.0%
2026-03-13 23:02:42,302 [INFO] 
---> FIM DA ÉPOCA 43 | Val P@10: 43.3990% | Loss Média: 0.1982 | Grad Médio: 1.9272 | Recorde Geral: 45.2709% <---

2026-03-13 23:02:46,902 [INFO] E044 | Batch 001 | LR: 0.00917 | Loss: 0.1288 | GradNorm: 1.4085 | Batch P@10: 40.0%
2026-03-13 23:02:51,393 [INFO] E044 | Batch 002 | LR: 0.00916 | Loss: 0.1333 | GradNorm: 1.3275 | Batch P@10: 40.0%
2026-03-13 23:02:56,078 [INFO] E044 | Batch 003 | LR: 0.00916 | Loss: 0.1495 | GradNorm: 2.1637 | Batch P@10: 30.0%
2026-03-13 23:03:00,763 [INFO] E044 | Batch 004 | LR: 0.00916 | Loss: 0.5243 | GradNorm: 1.0592 | Batch P@10: 30.0%
2026-03-13 23:03:05,403 [INFO] E044 | Batch 005 | LR: 0.00916 | Loss: 0.1296 | GradNorm: 1.2631 | Batch P@10: 40.0%
2026-03-13 23:03:10,174 [INFO] E044 | Batch 006 | LR: 0.00915 | Loss: 0.3042 | GradNorm: 0.5256 | Batch P@10: 10.0%
2026-03-13 23:03:14,814 [INFO] E044 | Batch 007 | LR: 0.00915 | Loss: 0.1349 | GradNorm: 0.9809 | Batch P@10: 50.0%
2026-03-13 23:03:19,586 [INFO] E044 | Batch 008 | LR: 0.00915 | Loss: 0.1896 | GradNorm: 1.0799 | Batch P@10: 30.0%
2026-03-13 23:03:24,079 [INFO] E044 | Batch 009 | LR: 0.00915 | Loss: 0.1291 | GradNorm: 0.8333 | Batch P@10: 30.0%
2026-03-13 23:03:28,787 [INFO] E044 | Batch 010 | LR: 0.00915 | Loss: 0.1293 | GradNorm: 0.6286 | Batch P@10: 50.0%
2026-03-13 23:03:33,377 [INFO] E044 | Batch 011 | LR: 0.00914 | Loss: 0.1017 | GradNorm: 1.4447 | Batch P@10: 50.0%
2026-03-13 23:03:37,889 [INFO] E044 | Batch 012 | LR: 0.00914 | Loss: 0.1332 | GradNorm: 1.2576 | Batch P@10: 50.0%
2026-03-13 23:03:42,516 [INFO] E044 | Batch 013 | LR: 0.00914 | Loss: 0.1054 | GradNorm: 1.5855 | Batch P@10: 40.0%
2026-03-13 23:03:47,079 [INFO] E044 | Batch 014 | LR: 0.00914 | Loss: 0.1077 | GradNorm: 4.0233 | Batch P@10: 40.0%
2026-03-13 23:03:51,542 [INFO] E044 | Batch 015 | LR: 0.00913 | Loss: 0.1076 | GradNorm: 7.1084 | Batch P@10: 20.0%
2026-03-13 23:03:56,157 [INFO] E044 | Batch 016 | LR: 0.00913 | Loss: 0.2061 | GradNorm: 0.7044 | Batch P@10: 40.0%
2026-03-13 23:04:00,780 [INFO] E044 | Batch 017 | LR: 0.00913 | Loss: 0.1260 | GradNorm: 0.5562 | Batch P@10: 30.0%
2026-03-13 23:04:05,414 [INFO] E044 | Batch 018 | LR: 0.00913 | Loss: 0.1352 | GradNorm: 0.6380 | Batch P@10: 60.0%
2026-03-13 23:04:09,918 [INFO] E044 | Batch 019 | LR: 0.00912 | Loss: 0.1304 | GradNorm: 0.4496 | Batch P@10: 20.0%
2026-03-13 23:04:14,484 [INFO] E044 | Batch 020 | LR: 0.00912 | Loss: 0.1230 | GradNorm: 1.3353 | Batch P@10: 40.0%
2026-03-13 23:04:18,976 [INFO] E044 | Batch 021 | LR: 0.00912 | Loss: 0.1476 | GradNorm: 1.6416 | Batch P@10: 40.0%
2026-03-13 23:04:23,603 [INFO] E044 | Batch 022 | LR: 0.00912 | Loss: 0.1203 | GradNorm: 1.6593 | Batch P@10: 40.0%
2026-03-13 23:04:28,336 [INFO] E044 | Batch 023 | LR: 0.00911 | Loss: 0.1572 | GradNorm: 2.9622 | Batch P@10: 40.0%
2026-03-13 23:04:32,861 [INFO] E044 | Batch 024 | LR: 0.00911 | Loss: 0.2686 | GradNorm: 0.8537 | Batch P@10: 50.0%
2026-03-13 23:04:37,572 [INFO] E044 | Batch 025 | LR: 0.00911 | Loss: 0.1321 | GradNorm: 1.1227 | Batch P@10: 60.0%
2026-03-13 23:04:42,264 [INFO] E044 | Batch 026 | LR: 0.00911 | Loss: 0.1196 | GradNorm: 0.9584 | Batch P@10: 50.0%
2026-03-13 23:04:46,851 [INFO] E044 | Batch 027 | LR: 0.00910 | Loss: 0.1190 | GradNorm: 1.7942 | Batch P@10: 20.0%
2026-03-13 23:04:51,528 [INFO] E044 | Batch 028 | LR: 0.00910 | Loss: 0.1863 | GradNorm: 1.2866 | Batch P@10: 40.0%
2026-03-13 23:04:56,166 [INFO] E044 | Batch 029 | LR: 0.00910 | Loss: 0.1448 | GradNorm: 1.3655 | Batch P@10: 40.0%
2026-03-13 23:05:00,745 [INFO] E044 | Batch 030 | LR: 0.00910 | Loss: 0.1479 | GradNorm: 0.5908 | Batch P@10: 50.0%
2026-03-13 23:05:05,283 [INFO] E044 | Batch 031 | LR: 0.00909 | Loss: 0.1890 | GradNorm: 0.8054 | Batch P@10: 30.0%
2026-03-13 23:05:09,839 [INFO] E044 | Batch 032 | LR: 0.00909 | Loss: 0.1303 | GradNorm: 1.7896 | Batch P@10: 50.0%
2026-03-13 23:05:14,505 [INFO] E044 | Batch 033 | LR: 0.00909 | Loss: 0.1252 | GradNorm: 0.5228 | Batch P@10: 30.0%
2026-03-13 23:05:19,282 [INFO] E044 | Batch 034 | LR: 0.00909 | Loss: 0.1752 | GradNorm: 1.2010 | Batch P@10: 30.0%
2026-03-13 23:05:23,798 [INFO] E044 | Batch 035 | LR: 0.00908 | Loss: 0.2182 | GradNorm: 1.8372 | Batch P@10: 30.0%
2026-03-13 23:05:28,348 [INFO] E044 | Batch 036 | LR: 0.00908 | Loss: 0.1048 | GradNorm: 0.5860 | Batch P@10: 40.0%
2026-03-13 23:05:32,922 [INFO] E044 | Batch 037 | LR: 0.00908 | Loss: 0.1313 | GradNorm: 0.9231 | Batch P@10: 70.0%
2026-03-13 23:05:41,881 [INFO] 
---> FIM DA ÉPOCA 44 | Val P@10: 41.2808% | Loss Média: 0.1538 | Grad Médio: 1.4128 | Recorde Geral: 45.2709% <---

2026-03-13 23:05:46,642 [INFO] E045 | Batch 001 | LR: 0.00908 | Loss: 0.1189 | GradNorm: 0.7493 | Batch P@10: 40.0%
2026-03-13 23:05:51,120 [INFO] E045 | Batch 002 | LR: 0.00907 | Loss: 0.0993 | GradNorm: 4.3807 | Batch P@10: 40.0%
2026-03-13 23:05:55,666 [INFO] E045 | Batch 003 | LR: 0.00907 | Loss: 0.5331 | GradNorm: 4.0224 | Batch P@10: 40.0%
2026-03-13 23:06:00,202 [INFO] E045 | Batch 004 | LR: 0.00907 | Loss: 0.1268 | GradNorm: 1.4019 | Batch P@10: 10.0%
2026-03-13 23:06:04,669 [INFO] E045 | Batch 005 | LR: 0.00907 | Loss: 0.1253 | GradNorm: 0.9960 | Batch P@10: 70.0%
2026-03-13 23:06:09,142 [INFO] E045 | Batch 006 | LR: 0.00906 | Loss: 0.1128 | GradNorm: 1.3001 | Batch P@10: 20.0%
2026-03-13 23:06:13,558 [INFO] E045 | Batch 007 | LR: 0.00906 | Loss: 0.1034 | GradNorm: 2.1149 | Batch P@10: 50.0%
2026-03-13 23:06:18,131 [INFO] E045 | Batch 008 | LR: 0.00906 | Loss: 0.2395 | GradNorm: 0.5632 | Batch P@10: 10.0%
2026-03-13 23:06:22,688 [INFO] E045 | Batch 009 | LR: 0.00906 | Loss: 0.1267 | GradNorm: 0.8844 | Batch P@10: 50.0%
2026-03-13 23:06:27,348 [INFO] E045 | Batch 010 | LR: 0.00905 | Loss: 0.1126 | GradNorm: 1.6531 | Batch P@10: 40.0%
2026-03-13 23:06:31,779 [INFO] E045 | Batch 011 | LR: 0.00905 | Loss: 0.1253 | GradNorm: 1.4748 | Batch P@10: 60.0%
2026-03-13 23:06:36,192 [INFO] E045 | Batch 012 | LR: 0.00905 | Loss: 0.3453 | GradNorm: 0.9394 | Batch P@10: 60.0%
2026-03-13 23:06:40,648 [INFO] E045 | Batch 013 | LR: 0.00905 | Loss: 0.1396 | GradNorm: 3.6592 | Batch P@10: 40.0%
2026-03-13 23:06:45,099 [INFO] E045 | Batch 014 | LR: 0.00904 | Loss: 0.1145 | GradNorm: 0.9672 | Batch P@10: 60.0%
2026-03-13 23:06:49,509 [INFO] E045 | Batch 015 | LR: 0.00904 | Loss: 0.1533 | GradNorm: 1.0019 | Batch P@10: 50.0%
2026-03-13 23:06:53,899 [INFO] E045 | Batch 016 | LR: 0.00904 | Loss: 0.2742 | GradNorm: 0.8096 | Batch P@10: 40.0%
2026-03-13 23:06:58,346 [INFO] E045 | Batch 017 | LR: 0.00904 | Loss: 0.1151 | GradNorm: 4.3107 | Batch P@10: 40.0%
2026-03-13 23:07:02,743 [INFO] E045 | Batch 018 | LR: 0.00903 | Loss: 0.4051 | GradNorm: 2.0049 | Batch P@10: 50.0%
2026-03-13 23:07:07,253 [INFO] E045 | Batch 019 | LR: 0.00903 | Loss: 0.2799 | GradNorm: 1.4932 | Batch P@10: 20.0%
2026-03-13 23:07:11,661 [INFO] E045 | Batch 020 | LR: 0.00903 | Loss: 0.1626 | GradNorm: 1.3559 | Batch P@10: 40.0%
2026-03-13 23:07:16,165 [INFO] E045 | Batch 021 | LR: 0.00903 | Loss: 0.1675 | GradNorm: 2.1499 | Batch P@10: 20.0%
2026-03-13 23:07:20,686 [INFO] E045 | Batch 022 | LR: 0.00902 | Loss: 0.2072 | GradNorm: 1.2751 | Batch P@10: 50.0%
2026-03-13 23:07:25,223 [INFO] E045 | Batch 023 | LR: 0.00902 | Loss: 0.1231 | GradNorm: 1.0092 | Batch P@10: 50.0%
2026-03-13 23:07:29,627 [INFO] E045 | Batch 024 | LR: 0.00902 | Loss: 0.1211 | GradNorm: 0.6180 | Batch P@10: 20.0%
2026-03-13 23:07:34,022 [INFO] E045 | Batch 025 | LR: 0.00902 | Loss: 0.1224 | GradNorm: 1.6035 | Batch P@10: 30.0%
2026-03-13 23:07:38,363 [INFO] E045 | Batch 026 | LR: 0.00901 | Loss: 0.1232 | GradNorm: 1.7029 | Batch P@10: 50.0%
2026-03-13 23:07:42,721 [INFO] E045 | Batch 027 | LR: 0.00901 | Loss: 0.1350 | GradNorm: 1.6950 | Batch P@10: 40.0%
2026-03-13 23:07:47,169 [INFO] E045 | Batch 028 | LR: 0.00901 | Loss: 0.1342 | GradNorm: 0.8934 | Batch P@10: 50.0%
2026-03-13 23:07:51,420 [INFO] E045 | Batch 029 | LR: 0.00901 | Loss: 0.1706 | GradNorm: 6.1774 | Batch P@10: 40.0%
2026-03-13 23:07:55,673 [INFO] E045 | Batch 030 | LR: 0.00900 | Loss: 0.1899 | GradNorm: 5.9093 | Batch P@10: 20.0%
2026-03-13 23:08:00,013 [INFO] E045 | Batch 031 | LR: 0.00900 | Loss: 0.1633 | GradNorm: 4.4995 | Batch P@10: 40.0%
2026-03-13 23:08:04,313 [INFO] E045 | Batch 032 | LR: 0.00900 | Loss: 0.1333 | GradNorm: 0.9540 | Batch P@10: 40.0%
2026-03-13 23:08:08,616 [INFO] E045 | Batch 033 | LR: 0.00900 | Loss: 0.1476 | GradNorm: 1.2229 | Batch P@10: 20.0%
2026-03-13 23:08:12,936 [INFO] E045 | Batch 034 | LR: 0.00899 | Loss: 0.0993 | GradNorm: 1.2718 | Batch P@10: 40.0%
2026-03-13 23:08:17,333 [INFO] E045 | Batch 035 | LR: 0.00899 | Loss: 0.1783 | GradNorm: 0.8760 | Batch P@10: 50.0%
2026-03-13 23:08:21,902 [INFO] E045 | Batch 036 | LR: 0.00899 | Loss: 0.1288 | GradNorm: 1.1770 | Batch P@10: 30.0%
2026-03-13 23:08:26,342 [INFO] E045 | Batch 037 | LR: 0.00899 | Loss: 0.0968 | GradNorm: 2.2735 | Batch P@10: 30.0%
2026-03-13 23:08:34,949 [INFO] 
---> FIM DA ÉPOCA 45 | Val P@10: 42.2167% | Loss Média: 0.1646 | Grad Médio: 1.9295 | Recorde Geral: 45.2709% <---

2026-03-13 23:08:39,302 [INFO] E046 | Batch 001 | LR: 0.00898 | Loss: 0.1242 | GradNorm: 1.8876 | Batch P@10: 30.0%
2026-03-13 23:08:43,739 [INFO] E046 | Batch 002 | LR: 0.00898 | Loss: 0.1440 | GradNorm: 0.6918 | Batch P@10: 50.0%
2026-03-13 23:08:48,129 [INFO] E046 | Batch 003 | LR: 0.00898 | Loss: 0.2069 | GradNorm: 4.5473 | Batch P@10: 40.0%
2026-03-13 23:08:52,389 [INFO] E046 | Batch 004 | LR: 0.00897 | Loss: 0.1158 | GradNorm: 5.8932 | Batch P@10: 30.0%
2026-03-13 23:08:56,921 [INFO] E046 | Batch 005 | LR: 0.00897 | Loss: 0.1283 | GradNorm: 3.8032 | Batch P@10: 60.0%
2026-03-13 23:09:01,341 [INFO] E046 | Batch 006 | LR: 0.00897 | Loss: 0.2068 | GradNorm: 1.1729 | Batch P@10: 30.0%
2026-03-13 23:09:05,597 [INFO] E046 | Batch 007 | LR: 0.00897 | Loss: 0.1318 | GradNorm: 0.5196 | Batch P@10: 50.0%
2026-03-13 23:09:09,999 [INFO] E046 | Batch 008 | LR: 0.00896 | Loss: 0.1988 | GradNorm: 1.8951 | Batch P@10: 30.0%
2026-03-13 23:09:14,367 [INFO] E046 | Batch 009 | LR: 0.00896 | Loss: 0.1347 | GradNorm: 1.2376 | Batch P@10: 40.0%
2026-03-13 23:09:18,652 [INFO] E046 | Batch 010 | LR: 0.00896 | Loss: 0.2863 | GradNorm: 1.6294 | Batch P@10: 20.0%
2026-03-13 23:09:22,952 [INFO] E046 | Batch 011 | LR: 0.00896 | Loss: 0.3220 | GradNorm: 5.5738 | Batch P@10: 40.0%
2026-03-13 23:09:27,390 [INFO] E046 | Batch 012 | LR: 0.00895 | Loss: 0.2002 | GradNorm: 1.3486 | Batch P@10: 30.0%
2026-03-13 23:09:31,784 [INFO] E046 | Batch 013 | LR: 0.00895 | Loss: 0.1194 | GradNorm: 1.4626 | Batch P@10: 30.0%
2026-03-13 23:09:36,055 [INFO] E046 | Batch 014 | LR: 0.00895 | Loss: 0.1582 | GradNorm: 1.4325 | Batch P@10: 60.0%
2026-03-13 23:09:40,443 [INFO] E046 | Batch 015 | LR: 0.00895 | Loss: 0.2299 | GradNorm: 0.9663 | Batch P@10: 70.0%
2026-03-13 23:09:44,702 [INFO] E046 | Batch 016 | LR: 0.00894 | Loss: 0.1214 | GradNorm: 2.1426 | Batch P@10: 40.0%
2026-03-13 23:09:49,101 [INFO] E046 | Batch 017 | LR: 0.00894 | Loss: 0.0997 | GradNorm: 4.0505 | Batch P@10: 40.0%
2026-03-13 23:09:53,384 [INFO] E046 | Batch 018 | LR: 0.00894 | Loss: 0.1539 | GradNorm: 0.8422 | Batch P@10: 20.0%
2026-03-13 23:09:57,705 [INFO] E046 | Batch 019 | LR: 0.00894 | Loss: 0.1924 | GradNorm: 1.1980 | Batch P@10: 40.0%
2026-03-13 23:10:02,023 [INFO] E046 | Batch 020 | LR: 0.00893 | Loss: 0.1607 | GradNorm: 1.4345 | Batch P@10: 50.0%
2026-03-13 23:10:06,318 [INFO] E046 | Batch 021 | LR: 0.00893 | Loss: 0.2300 | GradNorm: 1.5342 | Batch P@10: 40.0%
2026-03-13 23:10:10,646 [INFO] E046 | Batch 022 | LR: 0.00893 | Loss: 0.2159 | GradNorm: 2.1336 | Batch P@10: 60.0%
2026-03-13 23:10:15,098 [INFO] E046 | Batch 023 | LR: 0.00892 | Loss: 0.1224 | GradNorm: 2.9952 | Batch P@10: 30.0%
2026-03-13 23:10:19,444 [INFO] E046 | Batch 024 | LR: 0.00892 | Loss: 0.1107 | GradNorm: 1.7307 | Batch P@10: 50.0%
2026-03-13 23:10:23,960 [INFO] E046 | Batch 025 | LR: 0.00892 | Loss: 0.1411 | GradNorm: 1.5988 | Batch P@10: 30.0%
2026-03-13 23:10:28,311 [INFO] E046 | Batch 026 | LR: 0.00892 | Loss: 0.1442 | GradNorm: 1.2062 | Batch P@10: 50.0%
2026-03-13 23:10:32,743 [INFO] E046 | Batch 027 | LR: 0.00891 | Loss: 0.1133 | GradNorm: 1.1074 | Batch P@10: 40.0%
2026-03-13 23:10:37,361 [INFO] E046 | Batch 028 | LR: 0.00891 | Loss: 0.3376 | GradNorm: 5.0558 | Batch P@10: 20.0%
2026-03-13 23:10:41,709 [INFO] E046 | Batch 029 | LR: 0.00891 | Loss: 0.2958 | GradNorm: 6.5892 | Batch P@10: 40.0%
2026-03-13 23:10:46,059 [INFO] E046 | Batch 030 | LR: 0.00891 | Loss: 0.1330 | GradNorm: 5.0110 | Batch P@10: 40.0%
2026-03-13 23:10:50,534 [INFO] E046 | Batch 031 | LR: 0.00890 | Loss: 0.1259 | GradNorm: 0.4537 | Batch P@10: 40.0%
2026-03-13 23:10:54,929 [INFO] E046 | Batch 032 | LR: 0.00890 | Loss: 0.1235 | GradNorm: 1.7031 | Batch P@10: 60.0%
2026-03-13 23:10:59,476 [INFO] E046 | Batch 033 | LR: 0.00890 | Loss: 0.1797 | GradNorm: 1.6074 | Batch P@10: 30.0%
2026-03-13 23:11:04,026 [INFO] E046 | Batch 034 | LR: 0.00889 | Loss: 0.1437 | GradNorm: 0.8444 | Batch P@10: 30.0%
2026-03-13 23:11:08,635 [INFO] E046 | Batch 035 | LR: 0.00889 | Loss: 0.1435 | GradNorm: 2.7241 | Batch P@10: 40.0%
2026-03-13 23:11:13,132 [INFO] E046 | Batch 036 | LR: 0.00889 | Loss: 0.1362 | GradNorm: 4.2064 | Batch P@10: 30.0%
2026-03-13 23:11:17,572 [INFO] E046 | Batch 037 | LR: 0.00889 | Loss: 0.1377 | GradNorm: 0.5884 | Batch P@10: 50.0%
2026-03-13 23:11:26,233 [INFO] 
---> FIM DA ÉPOCA 46 | Val P@10: 43.9901% | Loss Média: 0.1650 | Grad Médio: 2.2924 | Recorde Geral: 45.2709% <---

2026-03-13 23:11:30,676 [INFO] E047 | Batch 001 | LR: 0.00888 | Loss: 0.1329 | GradNorm: 1.2593 | Batch P@10: 30.0%
2026-03-13 23:11:35,071 [INFO] E047 | Batch 002 | LR: 0.00888 | Loss: 0.1274 | GradNorm: 1.3017 | Batch P@10: 40.0%
2026-03-13 23:11:39,363 [INFO] E047 | Batch 003 | LR: 0.00888 | Loss: 0.1916 | GradNorm: 0.4579 | Batch P@10: 60.0%
2026-03-13 23:11:43,844 [INFO] E047 | Batch 004 | LR: 0.00888 | Loss: 0.1254 | GradNorm: 4.1797 | Batch P@10: 30.0%
2026-03-13 23:11:48,116 [INFO] E047 | Batch 005 | LR: 0.00887 | Loss: 0.1956 | GradNorm: 4.4001 | Batch P@10: 20.0%
2026-03-13 23:11:52,359 [INFO] E047 | Batch 006 | LR: 0.00887 | Loss: 0.1110 | GradNorm: 0.3969 | Batch P@10: 40.0%
2026-03-13 23:11:56,915 [INFO] E047 | Batch 007 | LR: 0.00887 | Loss: 0.0895 | GradNorm: 1.0023 | Batch P@10: 60.0%
2026-03-13 23:12:01,356 [INFO] E047 | Batch 008 | LR: 0.00887 | Loss: 0.1450 | GradNorm: 1.0755 | Batch P@10: 50.0%
2026-03-13 23:12:05,936 [INFO] E047 | Batch 009 | LR: 0.00886 | Loss: 0.0988 | GradNorm: 1.2117 | Batch P@10: 30.0%
2026-03-13 23:12:10,546 [INFO] E047 | Batch 010 | LR: 0.00886 | Loss: 0.1076 | GradNorm: 0.7552 | Batch P@10: 50.0%
2026-03-13 23:12:14,961 [INFO] E047 | Batch 011 | LR: 0.00886 | Loss: 0.1258 | GradNorm: 0.8453 | Batch P@10: 20.0%
2026-03-13 23:12:19,227 [INFO] E047 | Batch 012 | LR: 0.00885 | Loss: 0.1321 | GradNorm: 0.6272 | Batch P@10: 70.0%
2026-03-13 23:12:23,604 [INFO] E047 | Batch 013 | LR: 0.00885 | Loss: 0.2388 | GradNorm: 0.8129 | Batch P@10: 40.0%
2026-03-13 23:12:28,016 [INFO] E047 | Batch 014 | LR: 0.00885 | Loss: 0.1269 | GradNorm: 1.4656 | Batch P@10: 30.0%
2026-03-13 23:12:32,285 [INFO] E047 | Batch 015 | LR: 0.00885 | Loss: 0.1217 | GradNorm: 0.4700 | Batch P@10: 40.0%
2026-03-13 23:12:36,674 [INFO] E047 | Batch 016 | LR: 0.00884 | Loss: 0.1056 | GradNorm: 0.6891 | Batch P@10: 40.0%
2026-03-13 23:12:40,889 [INFO] E047 | Batch 017 | LR: 0.00884 | Loss: 0.1043 | GradNorm: 0.4979 | Batch P@10: 30.0%
2026-03-13 23:12:45,192 [INFO] E047 | Batch 018 | LR: 0.00884 | Loss: 0.1743 | GradNorm: 3.8375 | Batch P@10: 30.0%
2026-03-13 23:12:49,379 [INFO] E047 | Batch 019 | LR: 0.00883 | Loss: 0.1360 | GradNorm: 2.4401 | Batch P@10: 20.0%
2026-03-13 23:12:53,593 [INFO] E047 | Batch 020 | LR: 0.00883 | Loss: 0.1445 | GradNorm: 0.7368 | Batch P@10: 30.0%
2026-03-13 23:12:57,825 [INFO] E047 | Batch 021 | LR: 0.00883 | Loss: 0.1445 | GradNorm: 1.5729 | Batch P@10: 40.0%
2026-03-13 23:13:02,018 [INFO] E047 | Batch 022 | LR: 0.00883 | Loss: 0.1122 | GradNorm: 1.5341 | Batch P@10: 40.0%
2026-03-13 23:13:06,204 [INFO] E047 | Batch 023 | LR: 0.00882 | Loss: 0.0990 | GradNorm: 0.5297 | Batch P@10: 40.0%
2026-03-13 23:13:10,504 [INFO] E047 | Batch 024 | LR: 0.00882 | Loss: 0.1075 | GradNorm: 5.8152 | Batch P@10: 30.0%
2026-03-13 23:13:14,679 [INFO] E047 | Batch 025 | LR: 0.00882 | Loss: 0.2710 | GradNorm: 5.2797 | Batch P@10: 40.0%
2026-03-13 23:13:18,925 [INFO] E047 | Batch 026 | LR: 0.00882 | Loss: 0.1217 | GradNorm: 2.3128 | Batch P@10: 40.0%
2026-03-13 23:13:23,128 [INFO] E047 | Batch 027 | LR: 0.00881 | Loss: 0.1153 | GradNorm: 1.3720 | Batch P@10: 40.0%
2026-03-13 23:13:27,424 [INFO] E047 | Batch 028 | LR: 0.00881 | Loss: 0.1427 | GradNorm: 1.3775 | Batch P@10: 60.0%
2026-03-13 23:13:31,726 [INFO] E047 | Batch 029 | LR: 0.00881 | Loss: 0.1266 | GradNorm: 1.1565 | Batch P@10: 40.0%
2026-03-13 23:13:36,030 [INFO] E047 | Batch 030 | LR: 0.00880 | Loss: 0.1430 | GradNorm: 0.6117 | Batch P@10: 40.0%
2026-03-13 23:13:40,311 [INFO] E047 | Batch 031 | LR: 0.00880 | Loss: 0.1226 | GradNorm: 4.7616 | Batch P@10: 40.0%
2026-03-13 23:13:44,815 [INFO] E047 | Batch 032 | LR: 0.00880 | Loss: 0.1107 | GradNorm: 3.7958 | Batch P@10: 50.0%
2026-03-13 23:13:49,051 [INFO] E047 | Batch 033 | LR: 0.00880 | Loss: 0.4773 | GradNorm: 1.5053 | Batch P@10: 50.0%
2026-03-13 23:13:53,293 [INFO] E047 | Batch 034 | LR: 0.00879 | Loss: 0.1655 | GradNorm: 1.5003 | Batch P@10: 40.0%
2026-03-13 23:13:57,705 [INFO] E047 | Batch 035 | LR: 0.00879 | Loss: 0.1410 | GradNorm: 1.9821 | Batch P@10: 40.0%
2026-03-13 23:14:01,896 [INFO] E047 | Batch 036 | LR: 0.00879 | Loss: 0.1190 | GradNorm: 1.5719 | Batch P@10: 70.0%
2026-03-13 23:14:06,162 [INFO] E047 | Batch 037 | LR: 0.00878 | Loss: 0.1461 | GradNorm: 0.9513 | Batch P@10: 50.0%
2026-03-13 23:14:14,863 [INFO] 
---> FIM DA ÉPOCA 47 | Val P@10: 44.5320% | Loss Média: 0.1421 | Grad Médio: 1.7863 | Recorde Geral: 45.2709% <---

2026-03-13 23:14:19,362 [INFO] E048 | Batch 001 | LR: 0.00878 | Loss: 0.1864 | GradNorm: 6.6607 | Batch P@10: 60.0%
2026-03-13 23:14:23,614 [INFO] E048 | Batch 002 | LR: 0.00878 | Loss: 0.2559 | GradNorm: 8.4804 | Batch P@10: 60.0%
2026-03-13 23:14:27,872 [INFO] E048 | Batch 003 | LR: 0.00878 | Loss: 0.3557 | GradNorm: 7.2751 | Batch P@10: 40.0%
2026-03-13 23:14:32,168 [INFO] E048 | Batch 004 | LR: 0.00877 | Loss: 0.1084 | GradNorm: 1.9893 | Batch P@10: 20.0%
2026-03-13 23:14:36,561 [INFO] E048 | Batch 005 | LR: 0.00877 | Loss: 0.1349 | GradNorm: 0.9778 | Batch P@10: 30.0%
2026-03-13 23:14:40,888 [INFO] E048 | Batch 006 | LR: 0.00877 | Loss: 0.1406 | GradNorm: 1.3744 | Batch P@10: 80.0%
2026-03-13 23:14:45,208 [INFO] E048 | Batch 007 | LR: 0.00876 | Loss: 0.2352 | GradNorm: 1.2184 | Batch P@10: 20.0%
2026-03-13 23:14:49,487 [INFO] E048 | Batch 008 | LR: 0.00876 | Loss: 0.4392 | GradNorm: 0.9546 | Batch P@10: 40.0%
2026-03-13 23:14:53,715 [INFO] E048 | Batch 009 | LR: 0.00876 | Loss: 0.2989 | GradNorm: 1.1863 | Batch P@10: 40.0%
2026-03-13 23:14:58,025 [INFO] E048 | Batch 010 | LR: 0.00876 | Loss: 0.1256 | GradNorm: 0.5509 | Batch P@10: 50.0%
2026-03-13 23:15:02,291 [INFO] E048 | Batch 011 | LR: 0.00875 | Loss: 0.1352 | GradNorm: 1.1467 | Batch P@10: 40.0%
2026-03-13 23:15:06,659 [INFO] E048 | Batch 012 | LR: 0.00875 | Loss: 0.2595 | GradNorm: 1.0382 | Batch P@10: 60.0%
2026-03-13 23:15:10,882 [INFO] E048 | Batch 013 | LR: 0.00875 | Loss: 0.1048 | GradNorm: 1.5786 | Batch P@10: 40.0%
2026-03-13 23:15:15,162 [INFO] E048 | Batch 014 | LR: 0.00874 | Loss: 0.1457 | GradNorm: 0.4618 | Batch P@10: 30.0%
2026-03-13 23:15:19,570 [INFO] E048 | Batch 015 | LR: 0.00874 | Loss: 0.1218 | GradNorm: 0.8826 | Batch P@10: 40.0%
2026-03-13 23:15:24,045 [INFO] E048 | Batch 016 | LR: 0.00874 | Loss: 0.1232 | GradNorm: 1.0201 | Batch P@10: 30.0%
2026-03-13 23:15:28,365 [INFO] E048 | Batch 017 | LR: 0.00874 | Loss: 0.1138 | GradNorm: 1.8205 | Batch P@10: 40.0%
2026-03-13 23:15:32,780 [INFO] E048 | Batch 018 | LR: 0.00873 | Loss: 0.1134 | GradNorm: 0.4532 | Batch P@10: 30.0%
2026-03-13 23:15:37,151 [INFO] E048 | Batch 019 | LR: 0.00873 | Loss: 0.1227 | GradNorm: 1.3883 | Batch P@10: 50.0%
2026-03-13 23:15:41,447 [INFO] E048 | Batch 020 | LR: 0.00873 | Loss: 0.1695 | GradNorm: 1.1975 | Batch P@10: 50.0%
2026-03-13 23:15:45,739 [INFO] E048 | Batch 021 | LR: 0.00872 | Loss: 0.1043 | GradNorm: 5.6184 | Batch P@10: 60.0%
2026-03-13 23:15:50,089 [INFO] E048 | Batch 022 | LR: 0.00872 | Loss: 0.1366 | GradNorm: 6.4188 | Batch P@10: 40.0%
2026-03-13 23:15:54,358 [INFO] E048 | Batch 023 | LR: 0.00872 | Loss: 0.2427 | GradNorm: 4.4535 | Batch P@10: 30.0%
2026-03-13 23:15:58,818 [INFO] E048 | Batch 024 | LR: 0.00872 | Loss: 0.1186 | GradNorm: 0.9412 | Batch P@10: 40.0%
2026-03-13 23:16:03,222 [INFO] E048 | Batch 025 | LR: 0.00871 | Loss: 0.2084 | GradNorm: 0.9984 | Batch P@10: 50.0%
2026-03-13 23:16:07,617 [INFO] E048 | Batch 026 | LR: 0.00871 | Loss: 0.2031 | GradNorm: 0.8530 | Batch P@10: 40.0%
2026-03-13 23:16:11,982 [INFO] E048 | Batch 027 | LR: 0.00871 | Loss: 0.1038 | GradNorm: 1.0768 | Batch P@10: 60.0%
2026-03-13 23:16:16,396 [INFO] E048 | Batch 028 | LR: 0.00870 | Loss: 0.1188 | GradNorm: 1.5723 | Batch P@10: 60.0%
2026-03-13 23:16:20,785 [INFO] E048 | Batch 029 | LR: 0.00870 | Loss: 0.2116 | GradNorm: 1.0855 | Batch P@10: 40.0%
2026-03-13 23:16:25,299 [INFO] E048 | Batch 030 | LR: 0.00870 | Loss: 0.1094 | GradNorm: 1.6457 | Batch P@10: 30.0%
2026-03-13 23:16:29,630 [INFO] E048 | Batch 031 | LR: 0.00870 | Loss: 0.1064 | GradNorm: 1.5395 | Batch P@10: 70.0%
2026-03-13 23:16:33,940 [INFO] E048 | Batch 032 | LR: 0.00869 | Loss: 0.2344 | GradNorm: 0.7091 | Batch P@10: 60.0%
2026-03-13 23:16:38,185 [INFO] E048 | Batch 033 | LR: 0.00869 | Loss: 0.1355 | GradNorm: 0.9144 | Batch P@10: 40.0%
2026-03-13 23:16:42,348 [INFO] E048 | Batch 034 | LR: 0.00869 | Loss: 0.1369 | GradNorm: 1.5003 | Batch P@10: 50.0%
2026-03-13 23:16:46,605 [INFO] E048 | Batch 035 | LR: 0.00868 | Loss: 0.1254 | GradNorm: 0.5486 | Batch P@10: 70.0%
2026-03-13 23:16:50,800 [INFO] E048 | Batch 036 | LR: 0.00868 | Loss: 0.1101 | GradNorm: 2.5384 | Batch P@10: 50.0%
2026-03-13 23:16:54,970 [INFO] E048 | Batch 037 | LR: 0.00868 | Loss: 0.1001 | GradNorm: 4.5169 | Batch P@10: 60.0%
2026-03-13 23:17:03,556 [INFO] 
---> FIM DA ÉPOCA 48 | Val P@10: 44.0887% | Loss Média: 0.1631 | Grad Médio: 2.1239 | Recorde Geral: 45.2709% <---

2026-03-13 23:17:07,854 [INFO] E049 | Batch 001 | LR: 0.00868 | Loss: 0.1029 | GradNorm: 1.0162 | Batch P@10: 30.0%
2026-03-13 23:17:12,128 [INFO] E049 | Batch 002 | LR: 0.00867 | Loss: 0.1600 | GradNorm: 1.4632 | Batch P@10: 50.0%
2026-03-13 23:17:16,429 [INFO] E049 | Batch 003 | LR: 0.00867 | Loss: 0.1859 | GradNorm: 1.9643 | Batch P@10: 40.0%
2026-03-13 23:17:20,751 [INFO] E049 | Batch 004 | LR: 0.00867 | Loss: 0.1650 | GradNorm: 1.2133 | Batch P@10: 40.0%
2026-03-13 23:17:24,968 [INFO] E049 | Batch 005 | LR: 0.00866 | Loss: 0.1589 | GradNorm: 0.4298 | Batch P@10: 60.0%
2026-03-13 23:17:29,311 [INFO] E049 | Batch 006 | LR: 0.00866 | Loss: 0.1754 | GradNorm: 3.1373 | Batch P@10: 20.0%
2026-03-13 23:17:33,669 [INFO] E049 | Batch 007 | LR: 0.00866 | Loss: 0.4354 | GradNorm: 3.6149 | Batch P@10: 30.0%
2026-03-13 23:17:37,888 [INFO] E049 | Batch 008 | LR: 0.00866 | Loss: 0.2331 | GradNorm: 1.4630 | Batch P@10: 20.0%
2026-03-13 23:17:42,200 [INFO] E049 | Batch 009 | LR: 0.00865 | Loss: 0.1641 | GradNorm: 1.6202 | Batch P@10: 40.0%
2026-03-13 23:17:46,534 [INFO] E049 | Batch 010 | LR: 0.00865 | Loss: 0.1685 | GradNorm: 1.6791 | Batch P@10: 60.0%
2026-03-13 23:17:50,805 [INFO] E049 | Batch 011 | LR: 0.00865 | Loss: 0.1383 | GradNorm: 1.2160 | Batch P@10: 40.0%
2026-03-13 23:17:54,998 [INFO] E049 | Batch 012 | LR: 0.00864 | Loss: 0.1483 | GradNorm: 0.6227 | Batch P@10: 70.0%
2026-03-13 23:17:59,515 [INFO] E049 | Batch 013 | LR: 0.00864 | Loss: 0.1210 | GradNorm: 2.2608 | Batch P@10: 60.0%
2026-03-13 23:18:03,898 [INFO] E049 | Batch 014 | LR: 0.00864 | Loss: 0.1865 | GradNorm: 4.5188 | Batch P@10: 40.0%
2026-03-13 23:18:08,094 [INFO] E049 | Batch 015 | LR: 0.00863 | Loss: 0.1635 | GradNorm: 3.8772 | Batch P@10: 30.0%
2026-03-13 23:18:12,446 [INFO] E049 | Batch 016 | LR: 0.00863 | Loss: 0.1890 | GradNorm: 0.8185 | Batch P@10: 30.0%
2026-03-13 23:18:16,681 [INFO] E049 | Batch 017 | LR: 0.00863 | Loss: 0.1140 | GradNorm: 1.5069 | Batch P@10: 60.0%
2026-03-13 23:18:20,978 [INFO] E049 | Batch 018 | LR: 0.00863 | Loss: 0.1506 | GradNorm: 1.3825 | Batch P@10: 40.0%
2026-03-13 23:18:25,201 [INFO] E049 | Batch 019 | LR: 0.00862 | Loss: 0.1335 | GradNorm: 1.0524 | Batch P@10: 40.0%
2026-03-13 23:18:29,481 [INFO] E049 | Batch 020 | LR: 0.00862 | Loss: 0.2272 | GradNorm: 0.5473 | Batch P@10: 30.0%
2026-03-13 23:18:33,667 [INFO] E049 | Batch 021 | LR: 0.00862 | Loss: 0.1333 | GradNorm: 0.4771 | Batch P@10: 20.0%
2026-03-13 23:18:38,013 [INFO] E049 | Batch 022 | LR: 0.00861 | Loss: 0.1211 | GradNorm: 0.6613 | Batch P@10: 40.0%
2026-03-13 23:18:42,238 [INFO] E049 | Batch 023 | LR: 0.00861 | Loss: 0.1377 | GradNorm: 0.6968 | Batch P@10: 60.0%
2026-03-13 23:18:46,496 [INFO] E049 | Batch 024 | LR: 0.00861 | Loss: 0.1480 | GradNorm: 1.5180 | Batch P@10: 50.0%
2026-03-13 23:18:50,670 [INFO] E049 | Batch 025 | LR: 0.00860 | Loss: 0.1020 | GradNorm: 0.5151 | Batch P@10: 50.0%
2026-03-13 23:18:54,825 [INFO] E049 | Batch 026 | LR: 0.00860 | Loss: 0.1116 | GradNorm: 1.1598 | Batch P@10: 40.0%
2026-03-13 23:18:58,959 [INFO] E049 | Batch 027 | LR: 0.00860 | Loss: 0.1310 | GradNorm: 0.6018 | Batch P@10: 30.0%
2026-03-13 23:19:03,255 [INFO] E049 | Batch 028 | LR: 0.00860 | Loss: 0.1000 | GradNorm: 0.4490 | Batch P@10: 70.0%
2026-03-13 23:19:07,537 [INFO] E049 | Batch 029 | LR: 0.00859 | Loss: 0.1424 | GradNorm: 0.7448 | Batch P@10: 20.0%
2026-03-13 23:19:11,779 [INFO] E049 | Batch 030 | LR: 0.00859 | Loss: 0.1213 | GradNorm: 2.1944 | Batch P@10: 80.0%
2026-03-13 23:19:15,943 [INFO] E049 | Batch 031 | LR: 0.00859 | Loss: 0.1141 | GradNorm: 0.8112 | Batch P@10: 40.0%
2026-03-13 23:19:20,119 [INFO] E049 | Batch 032 | LR: 0.00858 | Loss: 0.2264 | GradNorm: 1.0685 | Batch P@10: 20.0%
2026-03-13 23:19:24,365 [INFO] E049 | Batch 033 | LR: 0.00858 | Loss: 0.1213 | GradNorm: 0.6288 | Batch P@10: 50.0%
2026-03-13 23:19:28,699 [INFO] E049 | Batch 034 | LR: 0.00858 | Loss: 0.1765 | GradNorm: 1.3755 | Batch P@10: 30.0%
2026-03-13 23:19:32,865 [INFO] E049 | Batch 035 | LR: 0.00857 | Loss: 0.1152 | GradNorm: 1.9983 | Batch P@10: 20.0%
2026-03-13 23:19:37,327 [INFO] E049 | Batch 036 | LR: 0.00857 | Loss: 0.1091 | GradNorm: 1.1929 | Batch P@10: 50.0%
2026-03-13 23:19:41,636 [INFO] E049 | Batch 037 | LR: 0.00857 | Loss: 0.1296 | GradNorm: 1.1965 | Batch P@10: 50.0%
2026-03-13 23:19:50,233 [INFO] 
---> FIM DA ÉPOCA 49 | Val P@10: 44.6305% | Loss Média: 0.1516 | Grad Médio: 1.4242 | Recorde Geral: 45.2709% <---

2026-03-13 23:19:54,678 [INFO] E050 | Batch 001 | LR: 0.00857 | Loss: 0.1324 | GradNorm: 0.4405 | Batch P@10: 60.0%
2026-03-13 23:19:58,816 [INFO] E050 | Batch 002 | LR: 0.00856 | Loss: 0.1280 | GradNorm: 1.2565 | Batch P@10: 50.0%
2026-03-13 23:20:03,147 [INFO] E050 | Batch 003 | LR: 0.00856 | Loss: 0.0902 | GradNorm: 0.7767 | Batch P@10: 50.0%
2026-03-13 23:20:07,207 [INFO] E050 | Batch 004 | LR: 0.00856 | Loss: 0.0846 | GradNorm: 1.5827 | Batch P@10: 70.0%
2026-03-13 23:20:11,506 [INFO] E050 | Batch 005 | LR: 0.00855 | Loss: 0.1499 | GradNorm: 1.0387 | Batch P@10: 20.0%
2026-03-13 23:20:15,699 [INFO] E050 | Batch 006 | LR: 0.00855 | Loss: 0.1524 | GradNorm: 0.6085 | Batch P@10: 70.0%
2026-03-13 23:20:19,848 [INFO] E050 | Batch 007 | LR: 0.00855 | Loss: 0.2195 | GradNorm: 2.3740 | Batch P@10: 30.0%
2026-03-13 23:20:24,299 [INFO] E050 | Batch 008 | LR: 0.00854 | Loss: 0.1275 | GradNorm: 0.5182 | Batch P@10: 40.0%
2026-03-13 23:20:28,633 [INFO] E050 | Batch 009 | LR: 0.00854 | Loss: 0.1750 | GradNorm: 1.1322 | Batch P@10: 20.0%
2026-03-13 23:20:32,963 [INFO] E050 | Batch 010 | LR: 0.00854 | Loss: 0.1658 | GradNorm: 0.6539 | Batch P@10: 40.0%
2026-03-13 23:20:37,150 [INFO] E050 | Batch 011 | LR: 0.00854 | Loss: 0.0960 | GradNorm: 3.0146 | Batch P@10: 30.0%
2026-03-13 23:20:41,483 [INFO] E050 | Batch 012 | LR: 0.00853 | Loss: 0.1332 | GradNorm: 0.7159 | Batch P@10: 30.0%
2026-03-13 23:20:45,758 [INFO] E050 | Batch 013 | LR: 0.00853 | Loss: 0.1320 | GradNorm: 0.7158 | Batch P@10: 40.0%
2026-03-13 23:20:49,903 [INFO] E050 | Batch 014 | LR: 0.00853 | Loss: 0.1217 | GradNorm: 1.2279 | Batch P@10: 40.0%
2026-03-13 23:20:54,153 [INFO] E050 | Batch 015 | LR: 0.00852 | Loss: 0.1153 | GradNorm: 1.6019 | Batch P@10: 70.0%
2026-03-13 23:20:58,367 [INFO] E050 | Batch 016 | LR: 0.00852 | Loss: 0.1749 | GradNorm: 0.6063 | Batch P@10: 20.0%
2026-03-13 23:21:02,696 [INFO] E050 | Batch 017 | LR: 0.00852 | Loss: 0.1541 | GradNorm: 1.3044 | Batch P@10: 0.0%
2026-03-13 23:21:06,920 [INFO] E050 | Batch 018 | LR: 0.00851 | Loss: 0.1240 | GradNorm: 0.9023 | Batch P@10: 20.0%
2026-03-13 23:21:11,077 [INFO] E050 | Batch 019 | LR: 0.00851 | Loss: 0.1151 | GradNorm: 1.0421 | Batch P@10: 60.0%
2026-03-13 23:21:15,317 [INFO] E050 | Batch 020 | LR: 0.00851 | Loss: 0.1324 | GradNorm: 1.4199 | Batch P@10: 50.0%
2026-03-13 23:21:19,412 [INFO] E050 | Batch 021 | LR: 0.00850 | Loss: 0.2423 | GradNorm: 0.5233 | Batch P@10: 50.0%
2026-03-13 23:21:23,685 [INFO] E050 | Batch 022 | LR: 0.00850 | Loss: 0.1184 | GradNorm: 0.5587 | Batch P@10: 40.0%
2026-03-13 23:21:28,010 [INFO] E050 | Batch 023 | LR: 0.00850 | Loss: 0.1212 | GradNorm: 2.4436 | Batch P@10: 30.0%
2026-03-13 23:21:32,488 [INFO] E050 | Batch 024 | LR: 0.00850 | Loss: 0.5970 | GradNorm: 0.5935 | Batch P@10: 30.0%
2026-03-13 23:21:36,939 [INFO] E050 | Batch 025 | LR: 0.00849 | Loss: 0.2368 | GradNorm: 1.0664 | Batch P@10: 30.0%
2026-03-13 23:21:41,302 [INFO] E050 | Batch 026 | LR: 0.00849 | Loss: 0.1432 | GradNorm: 0.5606 | Batch P@10: 10.0%
2026-03-13 23:21:45,567 [INFO] E050 | Batch 027 | LR: 0.00849 | Loss: 0.1195 | GradNorm: 0.6257 | Batch P@10: 50.0%
2026-03-13 23:21:49,949 [INFO] E050 | Batch 028 | LR: 0.00848 | Loss: 0.1610 | GradNorm: 2.8469 | Batch P@10: 70.0%
2026-03-13 23:21:54,095 [INFO] E050 | Batch 029 | LR: 0.00848 | Loss: 0.1196 | GradNorm: 1.8804 | Batch P@10: 50.0%
2026-03-13 23:21:58,199 [INFO] E050 | Batch 030 | LR: 0.00848 | Loss: 0.1883 | GradNorm: 1.4317 | Batch P@10: 40.0%
2026-03-13 23:22:02,355 [INFO] E050 | Batch 031 | LR: 0.00847 | Loss: 0.1319 | GradNorm: 1.1557 | Batch P@10: 40.0%
2026-03-13 23:22:06,498 [INFO] E050 | Batch 032 | LR: 0.00847 | Loss: 0.1103 | GradNorm: 0.7704 | Batch P@10: 50.0%
2026-03-13 23:22:10,750 [INFO] E050 | Batch 033 | LR: 0.00847 | Loss: 0.1068 | GradNorm: 5.7821 | Batch P@10: 60.0%
2026-03-13 23:22:14,912 [INFO] E050 | Batch 034 | LR: 0.00846 | Loss: 0.3287 | GradNorm: 6.7818 | Batch P@10: 40.0%
2026-03-13 23:22:19,123 [INFO] E050 | Batch 035 | LR: 0.00846 | Loss: 0.3298 | GradNorm: 3.2883 | Batch P@10: 60.0%
2026-03-13 23:22:23,486 [INFO] E050 | Batch 036 | LR: 0.00846 | Loss: 0.1149 | GradNorm: 0.9608 | Batch P@10: 30.0%
2026-03-13 23:22:27,768 [INFO] E050 | Batch 037 | LR: 0.00846 | Loss: 0.1226 | GradNorm: 1.0559 | Batch P@10: 70.0%
2026-03-13 23:22:36,290 [INFO] 
---> FIM DA ÉPOCA 50 | Val P@10: 42.4138% | Loss Média: 0.1583 | Grad Médio: 1.4935 | Recorde Geral: 45.2709% <---

2026-03-13 23:22:40,617 [INFO] E051 | Batch 001 | LR: 0.00845 | Loss: 0.1103 | GradNorm: 0.4725 | Batch P@10: 40.0%
2026-03-13 23:22:44,886 [INFO] E051 | Batch 002 | LR: 0.00845 | Loss: 0.1281 | GradNorm: 0.5414 | Batch P@10: 40.0%
2026-03-13 23:22:49,062 [INFO] E051 | Batch 003 | LR: 0.00845 | Loss: 0.1159 | GradNorm: 0.8587 | Batch P@10: 60.0%
2026-03-13 23:22:53,411 [INFO] E051 | Batch 004 | LR: 0.00844 | Loss: 0.1245 | GradNorm: 0.6084 | Batch P@10: 40.0%
2026-03-13 23:22:57,766 [INFO] E051 | Batch 005 | LR: 0.00844 | Loss: 0.1365 | GradNorm: 1.3821 | Batch P@10: 40.0%
2026-03-13 23:23:02,077 [INFO] E051 | Batch 006 | LR: 0.00844 | Loss: 0.1215 | GradNorm: 0.9004 | Batch P@10: 40.0%
2026-03-13 23:23:06,339 [INFO] E051 | Batch 007 | LR: 0.00843 | Loss: 0.1440 | GradNorm: 0.5798 | Batch P@10: 50.0%
2026-03-13 23:23:10,478 [INFO] E051 | Batch 008 | LR: 0.00843 | Loss: 0.1274 | GradNorm: 1.1479 | Batch P@10: 50.0%
2026-03-13 23:23:14,701 [INFO] E051 | Batch 009 | LR: 0.00843 | Loss: 0.1255 | GradNorm: 0.6274 | Batch P@10: 30.0%
2026-03-13 23:23:18,855 [INFO] E051 | Batch 010 | LR: 0.00842 | Loss: 0.2371 | GradNorm: 0.6462 | Batch P@10: 10.0%
2026-03-13 23:23:23,072 [INFO] E051 | Batch 011 | LR: 0.00842 | Loss: 0.1237 | GradNorm: 0.6038 | Batch P@10: 20.0%
2026-03-13 23:23:27,218 [INFO] E051 | Batch 012 | LR: 0.00842 | Loss: 0.1346 | GradNorm: 0.9406 | Batch P@10: 40.0%
2026-03-13 23:23:31,509 [INFO] E051 | Batch 013 | LR: 0.00841 | Loss: 0.1272 | GradNorm: 1.0396 | Batch P@10: 50.0%
2026-03-13 23:23:35,734 [INFO] E051 | Batch 014 | LR: 0.00841 | Loss: 0.1008 | GradNorm: 4.1921 | Batch P@10: 30.0%
2026-03-13 23:23:40,040 [INFO] E051 | Batch 015 | LR: 0.00841 | Loss: 0.5007 | GradNorm: 5.5907 | Batch P@10: 50.0%
2026-03-13 23:23:44,226 [INFO] E051 | Batch 016 | LR: 0.00841 | Loss: 0.2360 | GradNorm: 2.8921 | Batch P@10: 20.0%
2026-03-13 23:23:48,534 [INFO] E051 | Batch 017 | LR: 0.00840 | Loss: 0.1594 | GradNorm: 1.0412 | Batch P@10: 40.0%
2026-03-13 23:23:52,764 [INFO] E051 | Batch 018 | LR: 0.00840 | Loss: 0.1898 | GradNorm: 1.4040 | Batch P@10: 40.0%
2026-03-13 23:23:57,040 [INFO] E051 | Batch 019 | LR: 0.00840 | Loss: 0.2603 | GradNorm: 0.9182 | Batch P@10: 30.0%
2026-03-13 23:24:01,218 [INFO] E051 | Batch 020 | LR: 0.00839 | Loss: 0.1024 | GradNorm: 1.8353 | Batch P@10: 40.0%
2026-03-13 23:24:05,445 [INFO] E051 | Batch 021 | LR: 0.00839 | Loss: 0.1011 | GradNorm: 2.8071 | Batch P@10: 60.0%
2026-03-13 23:24:09,630 [INFO] E051 | Batch 022 | LR: 0.00839 | Loss: 0.1320 | GradNorm: 1.4324 | Batch P@10: 50.0%
2026-03-13 23:24:13,820 [INFO] E051 | Batch 023 | LR: 0.00838 | Loss: 0.1464 | GradNorm: 0.5329 | Batch P@10: 40.0%
2026-03-13 23:24:18,114 [INFO] E051 | Batch 024 | LR: 0.00838 | Loss: 0.2118 | GradNorm: 1.3226 | Batch P@10: 40.0%
2026-03-13 23:24:22,350 [INFO] E051 | Batch 025 | LR: 0.00838 | Loss: 0.1593 | GradNorm: 1.4552 | Batch P@10: 50.0%
2026-03-13 23:24:26,710 [INFO] E051 | Batch 026 | LR: 0.00837 | Loss: 0.3412 | GradNorm: 1.2139 | Batch P@10: 50.0%
2026-03-13 23:24:30,855 [INFO] E051 | Batch 027 | LR: 0.00837 | Loss: 0.1265 | GradNorm: 2.0855 | Batch P@10: 40.0%
2026-03-13 23:24:35,124 [INFO] E051 | Batch 028 | LR: 0.00837 | Loss: 0.3445 | GradNorm: 2.6938 | Batch P@10: 50.0%
2026-03-13 23:24:39,411 [INFO] E051 | Batch 029 | LR: 0.00836 | Loss: 0.1698 | GradNorm: 1.7847 | Batch P@10: 40.0%
2026-03-13 23:24:43,681 [INFO] E051 | Batch 030 | LR: 0.00836 | Loss: 0.1716 | GradNorm: 0.8064 | Batch P@10: 30.0%
2026-03-13 23:24:47,892 [INFO] E051 | Batch 031 | LR: 0.00836 | Loss: 0.1779 | GradNorm: 1.2668 | Batch P@10: 70.0%
2026-03-13 23:24:52,030 [INFO] E051 | Batch 032 | LR: 0.00835 | Loss: 0.1454 | GradNorm: 1.5387 | Batch P@10: 30.0%
2026-03-13 23:24:56,387 [INFO] E051 | Batch 033 | LR: 0.00835 | Loss: 0.1409 | GradNorm: 0.7967 | Batch P@10: 60.0%
2026-03-13 23:25:00,765 [INFO] E051 | Batch 034 | LR: 0.00835 | Loss: 0.1002 | GradNorm: 5.1058 | Batch P@10: 70.0%
2026-03-13 23:25:04,972 [INFO] E051 | Batch 035 | LR: 0.00835 | Loss: 0.2298 | GradNorm: 5.6950 | Batch P@10: 50.0%
2026-03-13 23:25:09,200 [INFO] E051 | Batch 036 | LR: 0.00834 | Loss: 0.1139 | GradNorm: 3.1057 | Batch P@10: 60.0%
2026-03-13 23:25:13,414 [INFO] E051 | Batch 037 | LR: 0.00834 | Loss: 0.1181 | GradNorm: 1.1271 | Batch P@10: 60.0%
2026-03-13 23:25:21,914 [INFO] 
---> FIM DA ÉPOCA 51 | Val P@10: 45.1232% | Loss Média: 0.1641 | Grad Médio: 1.7025 | Recorde Geral: 45.2709% <---

2026-03-13 23:25:26,345 [INFO] E052 | Batch 001 | LR: 0.00834 | Loss: 0.1708 | GradNorm: 1.1225 | Batch P@10: 50.0%
2026-03-13 23:25:30,527 [INFO] E052 | Batch 002 | LR: 0.00833 | Loss: 0.1132 | GradNorm: 0.5380 | Batch P@10: 70.0%
2026-03-13 23:25:34,957 [INFO] E052 | Batch 003 | LR: 0.00833 | Loss: 0.2362 | GradNorm: 2.7472 | Batch P@10: 40.0%
2026-03-13 23:25:39,198 [INFO] E052 | Batch 004 | LR: 0.00833 | Loss: 0.1166 | GradNorm: 0.5473 | Batch P@10: 40.0%
2026-03-13 23:25:43,425 [INFO] E052 | Batch 005 | LR: 0.00832 | Loss: 0.1033 | GradNorm: 0.7364 | Batch P@10: 70.0%
2026-03-13 23:25:47,597 [INFO] E052 | Batch 006 | LR: 0.00832 | Loss: 0.2844 | GradNorm: 0.7024 | Batch P@10: 50.0%
2026-03-13 23:25:51,759 [INFO] E052 | Batch 007 | LR: 0.00832 | Loss: 0.1160 | GradNorm: 0.8010 | Batch P@10: 50.0%
2026-03-13 23:25:56,037 [INFO] E052 | Batch 008 | LR: 0.00831 | Loss: 0.1044 | GradNorm: 0.3487 | Batch P@10: 60.0%
2026-03-13 23:26:00,328 [INFO] E052 | Batch 009 | LR: 0.00831 | Loss: 0.1237 | GradNorm: 0.5769 | Batch P@10: 20.0%
2026-03-13 23:26:04,581 [INFO] E052 | Batch 010 | LR: 0.00831 | Loss: 0.2126 | GradNorm: 0.7907 | Batch P@10: 30.0%
2026-03-13 23:26:08,852 [INFO] E052 | Batch 011 | LR: 0.00830 | Loss: 0.3088 | GradNorm: 0.5481 | Batch P@10: 40.0%
2026-03-13 23:26:12,991 [INFO] E052 | Batch 012 | LR: 0.00830 | Loss: 0.1234 | GradNorm: 0.5351 | Batch P@10: 30.0%
2026-03-13 23:26:17,179 [INFO] E052 | Batch 013 | LR: 0.00830 | Loss: 0.4666 | GradNorm: 1.0259 | Batch P@10: 50.0%
2026-03-13 23:26:21,349 [INFO] E052 | Batch 014 | LR: 0.00829 | Loss: 0.1335 | GradNorm: 0.9881 | Batch P@10: 30.0%
2026-03-13 23:26:25,596 [INFO] E052 | Batch 015 | LR: 0.00829 | Loss: 0.1075 | GradNorm: 0.9890 | Batch P@10: 40.0%
2026-03-13 23:26:29,790 [INFO] E052 | Batch 016 | LR: 0.00829 | Loss: 0.1358 | GradNorm: 1.2255 | Batch P@10: 30.0%
2026-03-13 23:26:33,928 [INFO] E052 | Batch 017 | LR: 0.00828 | Loss: 0.1142 | GradNorm: 2.5017 | Batch P@10: 50.0%
2026-03-13 23:26:38,104 [INFO] E052 | Batch 018 | LR: 0.00828 | Loss: 0.1165 | GradNorm: 2.8656 | Batch P@10: 60.0%
2026-03-13 23:26:42,368 [INFO] E052 | Batch 019 | LR: 0.00828 | Loss: 0.0914 | GradNorm: 0.7375 | Batch P@10: 30.0%
2026-03-13 23:26:46,587 [INFO] E052 | Batch 020 | LR: 0.00827 | Loss: 0.1264 | GradNorm: 1.7511 | Batch P@10: 20.0%
2026-03-13 23:26:50,710 [INFO] E052 | Batch 021 | LR: 0.00827 | Loss: 0.2219 | GradNorm: 1.5990 | Batch P@10: 40.0%
2026-03-13 23:26:55,001 [INFO] E052 | Batch 022 | LR: 0.00827 | Loss: 0.1128 | GradNorm: 2.6618 | Batch P@10: 20.0%
2026-03-13 23:26:59,169 [INFO] E052 | Batch 023 | LR: 0.00826 | Loss: 0.2412 | GradNorm: 2.9627 | Batch P@10: 70.0%
2026-03-13 23:27:03,315 [INFO] E052 | Batch 024 | LR: 0.00826 | Loss: 0.1084 | GradNorm: 1.2846 | Batch P@10: 60.0%
2026-03-13 23:27:07,399 [INFO] E052 | Batch 025 | LR: 0.00826 | Loss: 0.1105 | GradNorm: 1.1963 | Batch P@10: 50.0%
2026-03-13 23:27:11,498 [INFO] E052 | Batch 026 | LR: 0.00825 | Loss: 0.1154 | GradNorm: 0.5564 | Batch P@10: 30.0%
2026-03-13 23:27:15,610 [INFO] E052 | Batch 027 | LR: 0.00825 | Loss: 0.1231 | GradNorm: 1.1727 | Batch P@10: 50.0%
2026-03-13 23:27:19,701 [INFO] E052 | Batch 028 | LR: 0.00825 | Loss: 0.1210 | GradNorm: 1.0902 | Batch P@10: 30.0%
2026-03-13 23:27:23,779 [INFO] E052 | Batch 029 | LR: 0.00824 | Loss: 0.0914 | GradNorm: 2.1878 | Batch P@10: 60.0%
2026-03-13 23:27:28,011 [INFO] E052 | Batch 030 | LR: 0.00824 | Loss: 0.1055 | GradNorm: 2.6059 | Batch P@10: 60.0%
2026-03-13 23:27:32,082 [INFO] E052 | Batch 031 | LR: 0.00824 | Loss: 0.3074 | GradNorm: 1.4136 | Batch P@10: 40.0%
2026-03-13 23:27:36,180 [INFO] E052 | Batch 032 | LR: 0.00823 | Loss: 0.1285 | GradNorm: 1.4881 | Batch P@10: 40.0%
2026-03-13 23:27:40,273 [INFO] E052 | Batch 033 | LR: 0.00823 | Loss: 0.1222 | GradNorm: 1.0217 | Batch P@10: 60.0%
2026-03-13 23:27:44,470 [INFO] E052 | Batch 034 | LR: 0.00823 | Loss: 0.1803 | GradNorm: 0.8960 | Batch P@10: 50.0%
2026-03-13 23:27:48,593 [INFO] E052 | Batch 035 | LR: 0.00822 | Loss: 0.1515 | GradNorm: 0.4439 | Batch P@10: 10.0%
2026-03-13 23:27:52,759 [INFO] E052 | Batch 036 | LR: 0.00822 | Loss: 0.3435 | GradNorm: 0.5550 | Batch P@10: 30.0%
2026-03-13 23:27:56,986 [INFO] E052 | Batch 037 | LR: 0.00822 | Loss: 0.2575 | GradNorm: 1.4288 | Batch P@10: 20.0%
2026-03-13 23:28:05,417 [INFO] 
---> FIM DA ÉPOCA 52 | Val P@10: 44.9261% | Loss Média: 0.1618 | Grad Médio: 1.2606 | Recorde Geral: 45.2709% <---

2026-03-13 23:28:09,738 [INFO] E053 | Batch 001 | LR: 0.00822 | Loss: 0.1136 | GradNorm: 1.1189 | Batch P@10: 40.0%
2026-03-13 23:28:13,850 [INFO] E053 | Batch 002 | LR: 0.00821 | Loss: 0.0968 | GradNorm: 3.9361 | Batch P@10: 70.0%
2026-03-13 23:28:18,052 [INFO] E053 | Batch 003 | LR: 0.00821 | Loss: 0.1055 | GradNorm: 6.2438 | Batch P@10: 50.0%
2026-03-13 23:28:22,336 [INFO] E053 | Batch 004 | LR: 0.00821 | Loss: 0.1220 | GradNorm: 1.3254 | Batch P@10: 50.0%
2026-03-13 23:28:26,631 [INFO] E053 | Batch 005 | LR: 0.00820 | Loss: 0.1238 | GradNorm: 0.6779 | Batch P@10: 50.0%
2026-03-13 23:28:30,742 [INFO] E053 | Batch 006 | LR: 0.00820 | Loss: 0.1305 | GradNorm: 1.5144 | Batch P@10: 40.0%
2026-03-13 23:28:34,897 [INFO] E053 | Batch 007 | LR: 0.00820 | Loss: 0.1335 | GradNorm: 1.3683 | Batch P@10: 40.0%
2026-03-13 23:28:39,141 [INFO] E053 | Batch 008 | LR: 0.00819 | Loss: 0.1071 | GradNorm: 0.8117 | Batch P@10: 50.0%
2026-03-13 23:28:43,420 [INFO] E053 | Batch 009 | LR: 0.00819 | Loss: 0.1041 | GradNorm: 3.5191 | Batch P@10: 40.0%
2026-03-13 23:28:47,715 [INFO] E053 | Batch 010 | LR: 0.00819 | Loss: 0.0918 | GradNorm: 4.4517 | Batch P@10: 60.0%
2026-03-13 23:28:51,861 [INFO] E053 | Batch 011 | LR: 0.00818 | Loss: 0.1591 | GradNorm: 1.5133 | Batch P@10: 40.0%
2026-03-13 23:28:56,196 [INFO] E053 | Batch 012 | LR: 0.00818 | Loss: 0.1140 | GradNorm: 0.5564 | Batch P@10: 50.0%
2026-03-13 23:29:00,423 [INFO] E053 | Batch 013 | LR: 0.00818 | Loss: 0.1218 | GradNorm: 1.1596 | Batch P@10: 40.0%
2026-03-13 23:29:04,592 [INFO] E053 | Batch 014 | LR: 0.00817 | Loss: 0.1155 | GradNorm: 0.7401 | Batch P@10: 30.0%
2026-03-13 23:29:08,760 [INFO] E053 | Batch 015 | LR: 0.00817 | Loss: 0.3470 | GradNorm: 1.0770 | Batch P@10: 60.0%
2026-03-13 23:29:12,913 [INFO] E053 | Batch 016 | LR: 0.00817 | Loss: 0.1254 | GradNorm: 0.7353 | Batch P@10: 60.0%
2026-03-13 23:29:17,073 [INFO] E053 | Batch 017 | LR: 0.00816 | Loss: 0.1924 | GradNorm: 1.2521 | Batch P@10: 40.0%
2026-03-13 23:29:21,210 [INFO] E053 | Batch 018 | LR: 0.00816 | Loss: 0.0961 | GradNorm: 0.9458 | Batch P@10: 60.0%
2026-03-13 23:29:25,347 [INFO] E053 | Batch 019 | LR: 0.00816 | Loss: 0.1109 | GradNorm: 0.4430 | Batch P@10: 30.0%
2026-03-13 23:29:29,559 [INFO] E053 | Batch 020 | LR: 0.00815 | Loss: 0.1214 | GradNorm: 1.5388 | Batch P@10: 30.0%
2026-03-13 23:29:33,699 [INFO] E053 | Batch 021 | LR: 0.00815 | Loss: 0.2056 | GradNorm: 1.0482 | Batch P@10: 60.0%
2026-03-13 23:29:37,797 [INFO] E053 | Batch 022 | LR: 0.00815 | Loss: 0.1116 | GradNorm: 2.5951 | Batch P@10: 40.0%
2026-03-13 23:29:41,825 [INFO] E053 | Batch 023 | LR: 0.00814 | Loss: 0.4170 | GradNorm: 0.7763 | Batch P@10: 40.0%
2026-03-13 23:29:45,910 [INFO] E053 | Batch 024 | LR: 0.00814 | Loss: 0.1105 | GradNorm: 0.7795 | Batch P@10: 50.0%
2026-03-13 23:29:50,013 [INFO] E053 | Batch 025 | LR: 0.00814 | Loss: 0.2127 | GradNorm: 0.5303 | Batch P@10: 20.0%
2026-03-13 23:29:54,244 [INFO] E053 | Batch 026 | LR: 0.00813 | Loss: 0.1327 | GradNorm: 0.9173 | Batch P@10: 30.0%
2026-03-13 23:29:58,347 [INFO] E053 | Batch 027 | LR: 0.00813 | Loss: 0.1129 | GradNorm: 1.0069 | Batch P@10: 40.0%
2026-03-13 23:30:02,637 [INFO] E053 | Batch 028 | LR: 0.00813 | Loss: 0.1163 | GradNorm: 0.5694 | Batch P@10: 50.0%
2026-03-13 23:30:06,660 [INFO] E053 | Batch 029 | LR: 0.00812 | Loss: 0.2261 | GradNorm: 0.6145 | Batch P@10: 40.0%
2026-03-13 23:30:10,646 [INFO] E053 | Batch 030 | LR: 0.00812 | Loss: 0.0981 | GradNorm: 1.1541 | Batch P@10: 40.0%
2026-03-13 23:30:14,773 [INFO] E053 | Batch 031 | LR: 0.00812 | Loss: 0.1587 | GradNorm: 0.7159 | Batch P@10: 40.0%
2026-03-13 23:30:18,862 [INFO] E053 | Batch 032 | LR: 0.00811 | Loss: 0.1190 | GradNorm: 0.5224 | Batch P@10: 40.0%
2026-03-13 23:30:22,922 [INFO] E053 | Batch 033 | LR: 0.00811 | Loss: 0.1135 | GradNorm: 1.0332 | Batch P@10: 40.0%
2026-03-13 23:30:26,928 [INFO] E053 | Batch 034 | LR: 0.00810 | Loss: 0.1534 | GradNorm: 0.4750 | Batch P@10: 30.0%
2026-03-13 23:30:30,964 [INFO] E053 | Batch 035 | LR: 0.00810 | Loss: 0.0950 | GradNorm: 0.7195 | Batch P@10: 30.0%
2026-03-13 23:30:34,995 [INFO] E053 | Batch 036 | LR: 0.00810 | Loss: 0.1761 | GradNorm: 0.6184 | Batch P@10: 40.0%
2026-03-13 23:30:39,260 [INFO] E053 | Batch 037 | LR: 0.00809 | Loss: 0.1730 | GradNorm: 1.1374 | Batch P@10: 30.0%
2026-03-13 23:30:47,661 [INFO] 
---> FIM DA ÉPOCA 53 | Val P@10: 43.9409% | Loss Média: 0.1412 | Grad Médio: 1.3552 | Recorde Geral: 45.2709% <---

2026-03-13 23:30:51,832 [INFO] E054 | Batch 001 | LR: 0.00809 | Loss: 0.1089 | GradNorm: 1.3120 | Batch P@10: 60.0%
2026-03-13 23:30:55,964 [INFO] E054 | Batch 002 | LR: 0.00809 | Loss: 0.1337 | GradNorm: 0.7943 | Batch P@10: 40.0%
2026-03-13 23:31:00,002 [INFO] E054 | Batch 003 | LR: 0.00808 | Loss: 0.2327 | GradNorm: 0.8457 | Batch P@10: 30.0%
2026-03-13 23:31:04,201 [INFO] E054 | Batch 004 | LR: 0.00808 | Loss: 0.2022 | GradNorm: 1.2400 | Batch P@10: 40.0%
2026-03-13 23:31:08,301 [INFO] E054 | Batch 005 | LR: 0.00808 | Loss: 0.1054 | GradNorm: 0.8027 | Batch P@10: 40.0%
2026-03-13 23:31:12,453 [INFO] E054 | Batch 006 | LR: 0.00807 | Loss: 0.1081 | GradNorm: 2.3575 | Batch P@10: 40.0%
2026-03-13 23:31:16,510 [INFO] E054 | Batch 007 | LR: 0.00807 | Loss: 0.1225 | GradNorm: 0.7890 | Batch P@10: 40.0%
2026-03-13 23:31:20,629 [INFO] E054 | Batch 008 | LR: 0.00807 | Loss: 0.1264 | GradNorm: 0.4529 | Batch P@10: 20.0%
2026-03-13 23:31:24,786 [INFO] E054 | Batch 009 | LR: 0.00806 | Loss: 0.1339 | GradNorm: 1.4538 | Batch P@10: 30.0%
2026-03-13 23:31:29,014 [INFO] E054 | Batch 010 | LR: 0.00806 | Loss: 0.3367 | GradNorm: 0.5437 | Batch P@10: 40.0%
2026-03-13 23:31:33,107 [INFO] E054 | Batch 011 | LR: 0.00806 | Loss: 0.1252 | GradNorm: 0.5937 | Batch P@10: 60.0%
2026-03-13 23:31:37,386 [INFO] E054 | Batch 012 | LR: 0.00805 | Loss: 0.1379 | GradNorm: 0.5154 | Batch P@10: 50.0%
2026-03-13 23:31:41,437 [INFO] E054 | Batch 013 | LR: 0.00805 | Loss: 0.2327 | GradNorm: 0.6632 | Batch P@10: 20.0%
2026-03-13 23:31:45,453 [INFO] E054 | Batch 014 | LR: 0.00805 | Loss: 0.1393 | GradNorm: 0.7727 | Batch P@10: 40.0%
2026-03-13 23:31:49,532 [INFO] E054 | Batch 015 | LR: 0.00804 | Loss: 0.1189 | GradNorm: 1.1468 | Batch P@10: 50.0%
2026-03-13 23:31:53,768 [INFO] E054 | Batch 016 | LR: 0.00804 | Loss: 0.3533 | GradNorm: 1.6672 | Batch P@10: 20.0%
2026-03-13 23:31:57,960 [INFO] E054 | Batch 017 | LR: 0.00804 | Loss: 0.1911 | GradNorm: 0.4780 | Batch P@10: 30.0%
2026-03-13 23:32:01,994 [INFO] E054 | Batch 018 | LR: 0.00803 | Loss: 0.1119 | GradNorm: 0.5870 | Batch P@10: 30.0%
2026-03-13 23:32:06,029 [INFO] E054 | Batch 019 | LR: 0.00803 | Loss: 0.1283 | GradNorm: 0.7311 | Batch P@10: 40.0%
2026-03-13 23:32:10,193 [INFO] E054 | Batch 020 | LR: 0.00803 | Loss: 0.1156 | GradNorm: 1.3923 | Batch P@10: 20.0%
2026-03-13 23:32:14,283 [INFO] E054 | Batch 021 | LR: 0.00802 | Loss: 0.1831 | GradNorm: 3.4246 | Batch P@10: 20.0%
2026-03-13 23:32:18,330 [INFO] E054 | Batch 022 | LR: 0.00802 | Loss: 0.3634 | GradNorm: 4.1767 | Batch P@10: 30.0%
2026-03-13 23:32:22,566 [INFO] E054 | Batch 023 | LR: 0.00802 | Loss: 0.0975 | GradNorm: 1.2169 | Batch P@10: 40.0%
2026-03-13 23:32:26,637 [INFO] E054 | Batch 024 | LR: 0.00801 | Loss: 0.1389 | GradNorm: 1.7230 | Batch P@10: 40.0%
2026-03-13 23:32:30,670 [INFO] E054 | Batch 025 | LR: 0.00801 | Loss: 0.1467 | GradNorm: 1.4108 | Batch P@10: 70.0%
2026-03-13 23:32:34,893 [INFO] E054 | Batch 026 | LR: 0.00801 | Loss: 0.1336 | GradNorm: 1.4582 | Batch P@10: 50.0%
2026-03-13 23:32:39,120 [INFO] E054 | Batch 027 | LR: 0.00800 | Loss: 0.1086 | GradNorm: 1.1570 | Batch P@10: 40.0%
2026-03-13 23:32:43,228 [INFO] E054 | Batch 028 | LR: 0.00800 | Loss: 0.1743 | GradNorm: 1.2328 | Batch P@10: 50.0%
2026-03-13 23:32:47,339 [INFO] E054 | Batch 029 | LR: 0.00800 | Loss: 0.1103 | GradNorm: 0.6199 | Batch P@10: 40.0%
2026-03-13 23:32:51,629 [INFO] E054 | Batch 030 | LR: 0.00799 | Loss: 0.0937 | GradNorm: 0.8471 | Batch P@10: 40.0%
2026-03-13 23:32:55,746 [INFO] E054 | Batch 031 | LR: 0.00799 | Loss: 0.1100 | GradNorm: 1.5581 | Batch P@10: 70.0%
2026-03-13 23:32:59,881 [INFO] E054 | Batch 032 | LR: 0.00799 | Loss: 0.0954 | GradNorm: 0.7020 | Batch P@10: 40.0%
2026-03-13 23:33:04,024 [INFO] E054 | Batch 033 | LR: 0.00798 | Loss: 0.1272 | GradNorm: 1.1122 | Batch P@10: 70.0%
2026-03-13 23:33:08,226 [INFO] E054 | Batch 034 | LR: 0.00798 | Loss: 0.1614 | GradNorm: 0.7172 | Batch P@10: 50.0%
2026-03-13 23:33:12,350 [INFO] E054 | Batch 035 | LR: 0.00798 | Loss: 0.1971 | GradNorm: 1.7983 | Batch P@10: 30.0%
2026-03-13 23:33:16,479 [INFO] E054 | Batch 036 | LR: 0.00797 | Loss: 0.1753 | GradNorm: 0.6421 | Batch P@10: 60.0%
2026-03-13 23:33:20,683 [INFO] E054 | Batch 037 | LR: 0.00797 | Loss: 0.1251 | GradNorm: 1.3382 | Batch P@10: 30.0%
2026-03-13 23:33:29,116 [INFO] 
---> FIM DA ÉPOCA 54 | Val P@10: 43.4975% | Loss Média: 0.1528 | Grad Médio: 1.1966 | Recorde Geral: 45.2709% <---

2026-03-13 23:33:33,489 [INFO] E055 | Batch 001 | LR: 0.00796 | Loss: 0.1313 | GradNorm: 0.7305 | Batch P@10: 30.0%
2026-03-13 23:33:37,783 [INFO] E055 | Batch 002 | LR: 0.00796 | Loss: 0.1425 | GradNorm: 1.3861 | Batch P@10: 40.0%
2026-03-13 23:33:41,957 [INFO] E055 | Batch 003 | LR: 0.00796 | Loss: 0.1191 | GradNorm: 0.8638 | Batch P@10: 70.0%
2026-03-13 23:33:46,224 [INFO] E055 | Batch 004 | LR: 0.00795 | Loss: 0.2891 | GradNorm: 1.4161 | Batch P@10: 30.0%
2026-03-13 23:33:50,622 [INFO] E055 | Batch 005 | LR: 0.00795 | Loss: 0.1232 | GradNorm: 1.1970 | Batch P@10: 50.0%
2026-03-13 23:33:54,706 [INFO] E055 | Batch 006 | LR: 0.00795 | Loss: 0.1332 | GradNorm: 2.9001 | Batch P@10: 60.0%
2026-03-13 23:33:58,924 [INFO] E055 | Batch 007 | LR: 0.00794 | Loss: 0.0919 | GradNorm: 0.5219 | Batch P@10: 40.0%
2026-03-13 23:34:03,284 [INFO] E055 | Batch 008 | LR: 0.00794 | Loss: 0.1285 | GradNorm: 0.5510 | Batch P@10: 50.0%
2026-03-13 23:34:07,388 [INFO] E055 | Batch 009 | LR: 0.00794 | Loss: 0.1261 | GradNorm: 1.1687 | Batch P@10: 30.0%
2026-03-13 23:34:11,567 [INFO] E055 | Batch 010 | LR: 0.00793 | Loss: 0.1329 | GradNorm: 0.9977 | Batch P@10: 50.0%
2026-03-13 23:34:15,861 [INFO] E055 | Batch 011 | LR: 0.00793 | Loss: 0.1435 | GradNorm: 1.6888 | Batch P@10: 30.0%
2026-03-13 23:34:19,939 [INFO] E055 | Batch 012 | LR: 0.00793 | Loss: 0.0955 | GradNorm: 2.0871 | Batch P@10: 60.0%
2026-03-13 23:34:24,115 [INFO] E055 | Batch 013 | LR: 0.00792 | Loss: 0.1210 | GradNorm: 0.6105 | Batch P@10: 40.0%
2026-03-13 23:34:28,457 [INFO] E055 | Batch 014 | LR: 0.00792 | Loss: 0.1032 | GradNorm: 1.5910 | Batch P@10: 60.0%
2026-03-13 23:34:32,810 [INFO] E055 | Batch 015 | LR: 0.00792 | Loss: 0.0971 | GradNorm: 1.2309 | Batch P@10: 50.0%
2026-03-13 23:34:36,939 [INFO] E055 | Batch 016 | LR: 0.00791 | Loss: 0.1249 | GradNorm: 1.3415 | Batch P@10: 40.0%
2026-03-13 23:34:41,162 [INFO] E055 | Batch 017 | LR: 0.00791 | Loss: 0.1120 | GradNorm: 3.1104 | Batch P@10: 40.0%
2026-03-13 23:34:45,346 [INFO] E055 | Batch 018 | LR: 0.00791 | Loss: 0.0960 | GradNorm: 0.5550 | Batch P@10: 60.0%
2026-03-13 23:34:49,531 [INFO] E055 | Batch 019 | LR: 0.00790 | Loss: 0.1003 | GradNorm: 1.3012 | Batch P@10: 30.0%
2026-03-13 23:34:53,713 [INFO] E055 | Batch 020 | LR: 0.00790 | Loss: 0.2001 | GradNorm: 1.5010 | Batch P@10: 40.0%
2026-03-13 23:34:57,835 [INFO] E055 | Batch 021 | LR: 0.00789 | Loss: 0.0997 | GradNorm: 0.9017 | Batch P@10: 80.0%
2026-03-13 23:35:02,018 [INFO] E055 | Batch 022 | LR: 0.00789 | Loss: 0.1107 | GradNorm: 0.5126 | Batch P@10: 50.0%
2026-03-13 23:35:06,260 [INFO] E055 | Batch 023 | LR: 0.00789 | Loss: 0.2215 | GradNorm: 1.4053 | Batch P@10: 30.0%
2026-03-13 23:35:10,416 [INFO] E055 | Batch 024 | LR: 0.00788 | Loss: 0.1178 | GradNorm: 0.7524 | Batch P@10: 40.0%
2026-03-13 23:35:14,737 [INFO] E055 | Batch 025 | LR: 0.00788 | Loss: 0.1104 | GradNorm: 1.3339 | Batch P@10: 50.0%
2026-03-13 23:35:19,073 [INFO] E055 | Batch 026 | LR: 0.00788 | Loss: 0.1313 | GradNorm: 1.0344 | Batch P@10: 40.0%
2026-03-13 23:35:23,394 [INFO] E055 | Batch 027 | LR: 0.00787 | Loss: 0.2512 | GradNorm: 2.6445 | Batch P@10: 30.0%
2026-03-13 23:35:27,677 [INFO] E055 | Batch 028 | LR: 0.00787 | Loss: 0.0998 | GradNorm: 4.0173 | Batch P@10: 70.0%
2026-03-13 23:35:31,853 [INFO] E055 | Batch 029 | LR: 0.00787 | Loss: 0.1176 | GradNorm: 2.1209 | Batch P@10: 40.0%
2026-03-13 23:35:36,036 [INFO] E055 | Batch 030 | LR: 0.00786 | Loss: 0.1271 | GradNorm: 0.5163 | Batch P@10: 50.0%
2026-03-13 23:35:40,120 [INFO] E055 | Batch 031 | LR: 0.00786 | Loss: 0.1147 | GradNorm: 1.2331 | Batch P@10: 40.0%
2026-03-13 23:35:44,324 [INFO] E055 | Batch 032 | LR: 0.00786 | Loss: 0.1255 | GradNorm: 0.6527 | Batch P@10: 50.0%
2026-03-13 23:35:48,397 [INFO] E055 | Batch 033 | LR: 0.00785 | Loss: 0.1523 | GradNorm: 0.9279 | Batch P@10: 20.0%
2026-03-13 23:35:52,489 [INFO] E055 | Batch 034 | LR: 0.00785 | Loss: 0.4950 | GradNorm: 0.8419 | Batch P@10: 30.0%
2026-03-13 23:35:56,624 [INFO] E055 | Batch 035 | LR: 0.00785 | Loss: 0.1253 | GradNorm: 1.6777 | Batch P@10: 50.0%
2026-03-13 23:36:00,826 [INFO] E055 | Batch 036 | LR: 0.00784 | Loss: 0.1110 | GradNorm: 1.0153 | Batch P@10: 30.0%
2026-03-13 23:36:04,889 [INFO] E055 | Batch 037 | LR: 0.00784 | Loss: 0.2463 | GradNorm: 3.7263 | Batch P@10: 30.0%
2026-03-13 23:36:13,315 [INFO] 
---> FIM DA ÉPOCA 55 | Val P@10: 43.9901% | Loss Média: 0.1413 | Grad Médio: 1.4071 | Recorde Geral: 45.2709% <---

2026-03-13 23:36:17,686 [INFO] E056 | Batch 001 | LR: 0.00783 | Loss: 0.1291 | GradNorm: 4.6423 | Batch P@10: 40.0%
2026-03-13 23:36:21,908 [INFO] E056 | Batch 002 | LR: 0.00783 | Loss: 0.2027 | GradNorm: 4.3453 | Batch P@10: 50.0%
2026-03-13 23:36:26,120 [INFO] E056 | Batch 003 | LR: 0.00783 | Loss: 0.1281 | GradNorm: 0.7284 | Batch P@10: 40.0%
2026-03-13 23:36:30,203 [INFO] E056 | Batch 004 | LR: 0.00782 | Loss: 0.2800 | GradNorm: 1.4423 | Batch P@10: 50.0%
2026-03-13 23:36:34,380 [INFO] E056 | Batch 005 | LR: 0.00782 | Loss: 0.0892 | GradNorm: 0.7486 | Batch P@10: 60.0%
2026-03-13 23:36:38,429 [INFO] E056 | Batch 006 | LR: 0.00782 | Loss: 0.1145 | GradNorm: 0.4694 | Batch P@10: 30.0%
2026-03-13 23:36:42,528 [INFO] E056 | Batch 007 | LR: 0.00781 | Loss: 0.1423 | GradNorm: 0.4873 | Batch P@10: 60.0%
2026-03-13 23:36:46,706 [INFO] E056 | Batch 008 | LR: 0.00781 | Loss: 0.1783 | GradNorm: 1.3781 | Batch P@10: 20.0%
2026-03-13 23:36:50,937 [INFO] E056 | Batch 009 | LR: 0.00781 | Loss: 0.1474 | GradNorm: 1.6589 | Batch P@10: 40.0%
2026-03-13 23:36:55,227 [INFO] E056 | Batch 010 | LR: 0.00780 | Loss: 0.0971 | GradNorm: 0.8159 | Batch P@10: 50.0%
2026-03-13 23:36:59,499 [INFO] E056 | Batch 011 | LR: 0.00780 | Loss: 0.1089 | GradNorm: 1.7728 | Batch P@10: 40.0%
2026-03-13 23:37:03,721 [INFO] E056 | Batch 012 | LR: 0.00780 | Loss: 0.1753 | GradNorm: 4.5208 | Batch P@10: 60.0%
2026-03-13 23:37:08,020 [INFO] E056 | Batch 013 | LR: 0.00779 | Loss: 0.1044 | GradNorm: 2.4108 | Batch P@10: 30.0%
2026-03-13 23:37:12,209 [INFO] E056 | Batch 014 | LR: 0.00779 | Loss: 0.1231 | GradNorm: 0.6147 | Batch P@10: 40.0%
2026-03-13 23:37:16,314 [INFO] E056 | Batch 015 | LR: 0.00779 | Loss: 0.1606 | GradNorm: 1.7446 | Batch P@10: 30.0%
2026-03-13 23:37:20,435 [INFO] E056 | Batch 016 | LR: 0.00778 | Loss: 0.4024 | GradNorm: 1.1753 | Batch P@10: 40.0%
2026-03-13 23:37:24,606 [INFO] E056 | Batch 017 | LR: 0.00778 | Loss: 0.1350 | GradNorm: 1.9660 | Batch P@10: 70.0%
2026-03-13 23:37:28,836 [INFO] E056 | Batch 018 | LR: 0.00777 | Loss: 0.1130 | GradNorm: 0.6499 | Batch P@10: 50.0%
2026-03-13 23:37:33,014 [INFO] E056 | Batch 019 | LR: 0.00777 | Loss: 0.1327 | GradNorm: 0.8704 | Batch P@10: 40.0%
2026-03-13 23:37:37,224 [INFO] E056 | Batch 020 | LR: 0.00777 | Loss: 0.1178 | GradNorm: 0.9475 | Batch P@10: 50.0%
2026-03-13 23:37:41,502 [INFO] E056 | Batch 021 | LR: 0.00776 | Loss: 0.1347 | GradNorm: 1.7116 | Batch P@10: 30.0%
2026-03-13 23:37:45,715 [INFO] E056 | Batch 022 | LR: 0.00776 | Loss: 0.1067 | GradNorm: 1.9738 | Batch P@10: 50.0%
2026-03-13 23:37:49,847 [INFO] E056 | Batch 023 | LR: 0.00776 | Loss: 0.1352 | GradNorm: 0.5612 | Batch P@10: 50.0%
2026-03-13 23:37:54,016 [INFO] E056 | Batch 024 | LR: 0.00775 | Loss: 0.1470 | GradNorm: 1.2333 | Batch P@10: 40.0%
2026-03-13 23:37:58,169 [INFO] E056 | Batch 025 | LR: 0.00775 | Loss: 0.1480 | GradNorm: 0.9281 | Batch P@10: 10.0%
2026-03-13 23:38:02,360 [INFO] E056 | Batch 026 | LR: 0.00775 | Loss: 0.1807 | GradNorm: 0.7394 | Batch P@10: 80.0%
2026-03-13 23:38:06,548 [INFO] E056 | Batch 027 | LR: 0.00774 | Loss: 0.1272 | GradNorm: 0.6500 | Batch P@10: 50.0%
2026-03-13 23:38:10,781 [INFO] E056 | Batch 028 | LR: 0.00774 | Loss: 0.1358 | GradNorm: 0.6116 | Batch P@10: 20.0%
2026-03-13 23:38:14,973 [INFO] E056 | Batch 029 | LR: 0.00773 | Loss: 0.1819 | GradNorm: 0.9030 | Batch P@10: 60.0%
2026-03-13 23:38:19,073 [INFO] E056 | Batch 030 | LR: 0.00773 | Loss: 0.1343 | GradNorm: 0.6766 | Batch P@10: 20.0%
2026-03-13 23:38:23,266 [INFO] E056 | Batch 031 | LR: 0.00773 | Loss: 0.1181 | GradNorm: 0.8422 | Batch P@10: 30.0%
2026-03-13 23:38:27,409 [INFO] E056 | Batch 032 | LR: 0.00772 | Loss: 0.1021 | GradNorm: 1.1301 | Batch P@10: 60.0%
2026-03-13 23:38:31,481 [INFO] E056 | Batch 033 | LR: 0.00772 | Loss: 0.1231 | GradNorm: 0.7639 | Batch P@10: 50.0%
2026-03-13 23:38:35,536 [INFO] E056 | Batch 034 | LR: 0.00772 | Loss: 0.1650 | GradNorm: 1.6410 | Batch P@10: 40.0%
2026-03-13 23:38:39,630 [INFO] E056 | Batch 035 | LR: 0.00771 | Loss: 0.1482 | GradNorm: 1.7877 | Batch P@10: 40.0%
2026-03-13 23:38:44,000 [INFO] E056 | Batch 036 | LR: 0.00771 | Loss: 0.2164 | GradNorm: 0.8573 | Batch P@10: 20.0%
2026-03-13 23:38:48,211 [INFO] E056 | Batch 037 | LR: 0.00771 | Loss: 0.1171 | GradNorm: 3.9370 | Batch P@10: 40.0%
2026-03-13 23:38:56,830 [INFO] 
---> FIM DA ÉPOCA 56 | Val P@10: 45.5172% | Loss Média: 0.1448 | Grad Médio: 1.4686 | Recorde Geral: 45.5172% <---

2026-03-13 23:38:56,840 [INFO] 💎 NOVO RECORDE RETREINO 64: 45.5%
2026-03-13 23:39:01,260 [INFO] E057 | Batch 001 | LR: 0.00770 | Loss: 0.1975 | GradNorm: 4.6158 | Batch P@10: 30.0%
2026-03-13 23:39:05,437 [INFO] E057 | Batch 002 | LR: 0.00770 | Loss: 0.1182 | GradNorm: 1.1729 | Batch P@10: 50.0%
2026-03-13 23:39:09,519 [INFO] E057 | Batch 003 | LR: 0.00769 | Loss: 0.1514 | GradNorm: 1.0043 | Batch P@10: 20.0%
2026-03-13 23:39:13,596 [INFO] E057 | Batch 004 | LR: 0.00769 | Loss: 0.1436 | GradNorm: 1.4743 | Batch P@10: 60.0%
2026-03-13 23:39:17,808 [INFO] E057 | Batch 005 | LR: 0.00769 | Loss: 0.1297 | GradNorm: 0.5803 | Batch P@10: 40.0%
2026-03-13 23:39:21,916 [INFO] E057 | Batch 006 | LR: 0.00768 | Loss: 0.3275 | GradNorm: 1.3313 | Batch P@10: 40.0%
2026-03-13 23:39:25,991 [INFO] E057 | Batch 007 | LR: 0.00768 | Loss: 0.1166 | GradNorm: 0.9679 | Batch P@10: 50.0%
2026-03-13 23:39:30,105 [INFO] E057 | Batch 008 | LR: 0.00768 | Loss: 0.1482 | GradNorm: 1.1963 | Batch P@10: 50.0%
2026-03-13 23:39:34,233 [INFO] E057 | Batch 009 | LR: 0.00767 | Loss: 0.1267 | GradNorm: 1.3636 | Batch P@10: 40.0%
2026-03-13 23:39:38,460 [INFO] E057 | Batch 010 | LR: 0.00767 | Loss: 0.1162 | GradNorm: 0.9372 | Batch P@10: 40.0%
2026-03-13 23:39:42,832 [INFO] E057 | Batch 011 | LR: 0.00767 | Loss: 0.1840 | GradNorm: 3.4613 | Batch P@10: 30.0%
2026-03-13 23:39:46,973 [INFO] E057 | Batch 012 | LR: 0.00766 | Loss: 0.1489 | GradNorm: 4.8698 | Batch P@10: 50.0%
2026-03-13 23:39:51,231 [INFO] E057 | Batch 013 | LR: 0.00766 | Loss: 0.2899 | GradNorm: 5.2384 | Batch P@10: 40.0%
2026-03-13 23:39:55,353 [INFO] E057 | Batch 014 | LR: 0.00765 | Loss: 0.1186 | GradNorm: 1.7681 | Batch P@10: 30.0%
2026-03-13 23:39:59,474 [INFO] E057 | Batch 015 | LR: 0.00765 | Loss: 0.2021 | GradNorm: 2.2552 | Batch P@10: 30.0%
2026-03-13 23:40:03,574 [INFO] E057 | Batch 016 | LR: 0.00765 | Loss: 0.1707 | GradNorm: 2.0264 | Batch P@10: 40.0%
2026-03-13 23:40:07,625 [INFO] E057 | Batch 017 | LR: 0.00764 | Loss: 0.2423 | GradNorm: 2.0965 | Batch P@10: 50.0%
2026-03-13 23:40:11,892 [INFO] E057 | Batch 018 | LR: 0.00764 | Loss: 0.1407 | GradNorm: 1.5135 | Batch P@10: 60.0%
2026-03-13 23:40:15,950 [INFO] E057 | Batch 019 | LR: 0.00764 | Loss: 0.1273 | GradNorm: 1.2205 | Batch P@10: 30.0%
2026-03-13 23:40:20,297 [INFO] E057 | Batch 020 | LR: 0.00763 | Loss: 0.1450 | GradNorm: 3.1207 | Batch P@10: 40.0%
2026-03-13 23:40:24,583 [INFO] E057 | Batch 021 | LR: 0.00763 | Loss: 0.2881 | GradNorm: 6.8917 | Batch P@10: 40.0%
2026-03-13 23:40:28,721 [INFO] E057 | Batch 022 | LR: 0.00763 | Loss: 0.3712 | GradNorm: 5.3848 | Batch P@10: 50.0%
2026-03-13 23:40:32,910 [INFO] E057 | Batch 023 | LR: 0.00762 | Loss: 0.1095 | GradNorm: 4.7850 | Batch P@10: 50.0%
2026-03-13 23:40:36,947 [INFO] E057 | Batch 024 | LR: 0.00762 | Loss: 0.2333 | GradNorm: 1.6068 | Batch P@10: 60.0%
2026-03-13 23:40:40,975 [INFO] E057 | Batch 025 | LR: 0.00761 | Loss: 0.1640 | GradNorm: 1.0621 | Batch P@10: 60.0%
2026-03-13 23:40:44,993 [INFO] E057 | Batch 026 | LR: 0.00761 | Loss: 0.1481 | GradNorm: 1.4850 | Batch P@10: 40.0%
2026-03-13 23:40:49,068 [INFO] E057 | Batch 027 | LR: 0.00761 | Loss: 0.1324 | GradNorm: 1.4058 | Batch P@10: 50.0%
2026-03-13 23:40:53,286 [INFO] E057 | Batch 028 | LR: 0.00760 | Loss: 0.1068 | GradNorm: 0.9507 | Batch P@10: 60.0%
2026-03-13 23:40:57,361 [INFO] E057 | Batch 029 | LR: 0.00760 | Loss: 0.1300 | GradNorm: 1.4824 | Batch P@10: 50.0%
2026-03-13 23:41:01,401 [INFO] E057 | Batch 030 | LR: 0.00760 | Loss: 0.1318 | GradNorm: 0.8688 | Batch P@10: 40.0%
2026-03-13 23:41:05,621 [INFO] E057 | Batch 031 | LR: 0.00759 | Loss: 0.1286 | GradNorm: 0.6123 | Batch P@10: 10.0%
2026-03-13 23:41:09,655 [INFO] E057 | Batch 032 | LR: 0.00759 | Loss: 0.1321 | GradNorm: 1.0817 | Batch P@10: 50.0%
2026-03-13 23:41:13,693 [INFO] E057 | Batch 033 | LR: 0.00759 | Loss: 0.1166 | GradNorm: 0.7070 | Batch P@10: 50.0%
2026-03-13 23:41:17,753 [INFO] E057 | Batch 034 | LR: 0.00758 | Loss: 0.1385 | GradNorm: 0.7407 | Batch P@10: 20.0%
2026-03-13 23:41:21,889 [INFO] E057 | Batch 035 | LR: 0.00758 | Loss: 0.1032 | GradNorm: 0.6200 | Batch P@10: 50.0%
2026-03-13 23:41:26,027 [INFO] E057 | Batch 036 | LR: 0.00757 | Loss: 0.0900 | GradNorm: 2.3094 | Batch P@10: 50.0%
2026-03-13 23:41:30,241 [INFO] E057 | Batch 037 | LR: 0.00757 | Loss: 0.1251 | GradNorm: 3.1459 | Batch P@10: 50.0%
2026-03-13 23:41:38,788 [INFO] 
---> FIM DA ÉPOCA 57 | Val P@10: 27.5862% | Loss Média: 0.1577 | Grad Médio: 2.0907 | Recorde Geral: 45.5172% <---

2026-03-13 23:41:42,937 [INFO] E058 | Batch 001 | LR: 0.00757 | Loss: 0.1313 | GradNorm: 1.4186 | Batch P@10: 50.0%
2026-03-13 23:41:47,129 [INFO] E058 | Batch 002 | LR: 0.00756 | Loss: 0.2836 | GradNorm: 1.2233 | Batch P@10: 40.0%
2026-03-13 23:41:51,310 [INFO] E058 | Batch 003 | LR: 0.00756 | Loss: 0.1900 | GradNorm: 1.0248 | Batch P@10: 50.0%
2026-03-13 23:41:55,481 [INFO] E058 | Batch 004 | LR: 0.00756 | Loss: 0.0874 | GradNorm: 2.4773 | Batch P@10: 60.0%
2026-03-13 23:41:59,572 [INFO] E058 | Batch 005 | LR: 0.00755 | Loss: 0.1042 | GradNorm: 1.3758 | Batch P@10: 40.0%
2026-03-13 23:42:03,775 [INFO] E058 | Batch 006 | LR: 0.00755 | Loss: 0.1061 | GradNorm: 0.5108 | Batch P@10: 30.0%
2026-03-13 23:42:07,916 [INFO] E058 | Batch 007 | LR: 0.00754 | Loss: 0.1016 | GradNorm: 1.2993 | Batch P@10: 50.0%
2026-03-13 23:42:12,133 [INFO] E058 | Batch 008 | LR: 0.00754 | Loss: 0.1128 | GradNorm: 1.0942 | Batch P@10: 60.0%
2026-03-13 23:42:16,392 [INFO] E058 | Batch 009 | LR: 0.00754 | Loss: 0.1066 | GradNorm: 2.9816 | Batch P@10: 50.0%
2026-03-13 23:42:20,509 [INFO] E058 | Batch 010 | LR: 0.00753 | Loss: 0.5701 | GradNorm: 5.2226 | Batch P@10: 30.0%
2026-03-13 23:42:24,787 [INFO] E058 | Batch 011 | LR: 0.00753 | Loss: 0.1028 | GradNorm: 0.3771 | Batch P@10: 30.0%
2026-03-13 23:42:28,967 [INFO] E058 | Batch 012 | LR: 0.00753 | Loss: 0.1133 | GradNorm: 0.8080 | Batch P@10: 30.0%
2026-03-13 23:42:33,085 [INFO] E058 | Batch 013 | LR: 0.00752 | Loss: 0.1520 | GradNorm: 1.3387 | Batch P@10: 30.0%
2026-03-13 23:42:37,201 [INFO] E058 | Batch 014 | LR: 0.00752 | Loss: 0.1038 | GradNorm: 1.3722 | Batch P@10: 40.0%
2026-03-13 23:42:41,422 [INFO] E058 | Batch 015 | LR: 0.00751 | Loss: 0.0944 | GradNorm: 0.8328 | Batch P@10: 40.0%
2026-03-13 23:42:45,544 [INFO] E058 | Batch 016 | LR: 0.00751 | Loss: 0.1670 | GradNorm: 3.8685 | Batch P@10: 30.0%
2026-03-13 23:42:49,681 [INFO] E058 | Batch 017 | LR: 0.00751 | Loss: 0.4365 | GradNorm: 6.7678 | Batch P@10: 30.0%
2026-03-13 23:42:53,931 [INFO] E058 | Batch 018 | LR: 0.00750 | Loss: 0.1061 | GradNorm: 2.8802 | Batch P@10: 50.0%
2026-03-13 23:42:58,228 [INFO] E058 | Batch 019 | LR: 0.00750 | Loss: 0.1024 | GradNorm: 0.8531 | Batch P@10: 40.0%
2026-03-13 23:43:02,289 [INFO] E058 | Batch 020 | LR: 0.00750 | Loss: 0.1315 | GradNorm: 1.1450 | Batch P@10: 30.0%
2026-03-13 23:43:06,392 [INFO] E058 | Batch 021 | LR: 0.00749 | Loss: 0.1192 | GradNorm: 1.3851 | Batch P@10: 20.0%
2026-03-13 23:43:10,724 [INFO] E058 | Batch 022 | LR: 0.00749 | Loss: 0.1452 | GradNorm: 1.2671 | Batch P@10: 50.0%
2026-03-13 23:43:14,836 [INFO] E058 | Batch 023 | LR: 0.00749 | Loss: 0.1165 | GradNorm: 0.4878 | Batch P@10: 20.0%
2026-03-13 23:43:19,014 [INFO] E058 | Batch 024 | LR: 0.00748 | Loss: 0.1710 | GradNorm: 2.9255 | Batch P@10: 30.0%
2026-03-13 23:43:23,179 [INFO] E058 | Batch 025 | LR: 0.00748 | Loss: 0.2441 | GradNorm: 1.8810 | Batch P@10: 30.0%
2026-03-13 23:43:27,398 [INFO] E058 | Batch 026 | LR: 0.00747 | Loss: 0.1179 | GradNorm: 0.8204 | Batch P@10: 40.0%
2026-03-13 23:43:31,563 [INFO] E058 | Batch 027 | LR: 0.00747 | Loss: 0.1405 | GradNorm: 0.7781 | Batch P@10: 30.0%
2026-03-13 23:43:35,748 [INFO] E058 | Batch 028 | LR: 0.00747 | Loss: 0.1001 | GradNorm: 0.8371 | Batch P@10: 60.0%
2026-03-13 23:43:39,803 [INFO] E058 | Batch 029 | LR: 0.00746 | Loss: 0.1153 | GradNorm: 1.0304 | Batch P@10: 60.0%
2026-03-13 23:43:43,998 [INFO] E058 | Batch 030 | LR: 0.00746 | Loss: 0.1038 | GradNorm: 0.3846 | Batch P@10: 10.0%
2026-03-13 23:43:48,094 [INFO] E058 | Batch 031 | LR: 0.00746 | Loss: 0.0909 | GradNorm: 0.5337 | Batch P@10: 60.0%
2026-03-13 23:43:52,124 [INFO] E058 | Batch 032 | LR: 0.00745 | Loss: 0.1108 | GradNorm: 1.7632 | Batch P@10: 50.0%
2026-03-13 23:43:56,161 [INFO] E058 | Batch 033 | LR: 0.00745 | Loss: 0.1122 | GradNorm: 0.5443 | Batch P@10: 50.0%
2026-03-13 23:44:00,336 [INFO] E058 | Batch 034 | LR: 0.00744 | Loss: 0.1008 | GradNorm: 4.5882 | Batch P@10: 80.0%
2026-03-13 23:44:04,383 [INFO] E058 | Batch 035 | LR: 0.00744 | Loss: 0.1587 | GradNorm: 2.1785 | Batch P@10: 60.0%
2026-03-13 23:44:08,541 [INFO] E058 | Batch 036 | LR: 0.00744 | Loss: 0.0962 | GradNorm: 2.1371 | Batch P@10: 50.0%
2026-03-13 23:44:12,624 [INFO] E058 | Batch 037 | LR: 0.00743 | Loss: 0.1468 | GradNorm: 1.3338 | Batch P@10: 60.0%
2026-03-13 23:44:20,915 [INFO] 
---> FIM DA ÉPOCA 58 | Val P@10: 44.5813% | Loss Média: 0.1446 | Grad Médio: 1.7229 | Recorde Geral: 45.5172% <---

2026-03-13 23:44:25,208 [INFO] E059 | Batch 001 | LR: 0.00743 | Loss: 0.1496 | GradNorm: 1.0573 | Batch P@10: 50.0%
2026-03-13 23:44:29,259 [INFO] E059 | Batch 002 | LR: 0.00743 | Loss: 0.1124 | GradNorm: 0.5328 | Batch P@10: 20.0%
2026-03-13 23:44:33,407 [INFO] E059 | Batch 003 | LR: 0.00742 | Loss: 0.1086 | GradNorm: 0.6501 | Batch P@10: 40.0%
2026-03-13 23:44:37,435 [INFO] E059 | Batch 004 | LR: 0.00742 | Loss: 0.1237 | GradNorm: 0.6014 | Batch P@10: 20.0%
2026-03-13 23:44:41,591 [INFO] E059 | Batch 005 | LR: 0.00741 | Loss: 0.1045 | GradNorm: 0.8266 | Batch P@10: 70.0%
2026-03-13 23:44:45,617 [INFO] E059 | Batch 006 | LR: 0.00741 | Loss: 0.0917 | GradNorm: 0.4642 | Batch P@10: 60.0%
2026-03-13 23:44:49,644 [INFO] E059 | Batch 007 | LR: 0.00741 | Loss: 0.1063 | GradNorm: 0.3983 | Batch P@10: 40.0%
2026-03-13 23:44:53,719 [INFO] E059 | Batch 008 | LR: 0.00740 | Loss: 0.1015 | GradNorm: 0.5518 | Batch P@10: 40.0%
2026-03-13 23:44:57,856 [INFO] E059 | Batch 009 | LR: 0.00740 | Loss: 0.1660 | GradNorm: 0.8545 | Batch P@10: 40.0%
2026-03-13 23:45:01,876 [INFO] E059 | Batch 010 | LR: 0.00739 | Loss: 0.0951 | GradNorm: 0.7498 | Batch P@10: 50.0%
2026-03-13 23:45:06,047 [INFO] E059 | Batch 011 | LR: 0.00739 | Loss: 0.1313 | GradNorm: 2.2771 | Batch P@10: 40.0%
2026-03-13 23:45:10,267 [INFO] E059 | Batch 012 | LR: 0.00739 | Loss: 0.1097 | GradNorm: 3.5943 | Batch P@10: 60.0%
2026-03-13 23:45:14,354 [INFO] E059 | Batch 013 | LR: 0.00738 | Loss: 0.0981 | GradNorm: 1.0838 | Batch P@10: 40.0%
2026-03-13 23:45:18,524 [INFO] E059 | Batch 014 | LR: 0.00738 | Loss: 0.0973 | GradNorm: 1.0366 | Batch P@10: 50.0%
2026-03-13 23:45:22,707 [INFO] E059 | Batch 015 | LR: 0.00738 | Loss: 0.1357 | GradNorm: 1.0412 | Batch P@10: 30.0%
2026-03-13 23:45:26,817 [INFO] E059 | Batch 016 | LR: 0.00737 | Loss: 0.1154 | GradNorm: 0.6913 | Batch P@10: 40.0%
2026-03-13 23:45:31,003 [INFO] E059 | Batch 017 | LR: 0.00737 | Loss: 0.1506 | GradNorm: 0.6328 | Batch P@10: 50.0%
2026-03-13 23:45:35,069 [INFO] E059 | Batch 018 | LR: 0.00736 | Loss: 0.1006 | GradNorm: 0.5380 | Batch P@10: 50.0%
2026-03-13 23:45:39,136 [INFO] E059 | Batch 019 | LR: 0.00736 | Loss: 0.3555 | GradNorm: 8.0696 | Batch P@10: 20.0%
2026-03-13 23:45:43,310 [INFO] E059 | Batch 020 | LR: 0.00736 | Loss: 0.1122 | GradNorm: 6.7104 | Batch P@10: 50.0%
2026-03-13 23:45:47,368 [INFO] E059 | Batch 021 | LR: 0.00735 | Loss: 0.1122 | GradNorm: 1.2399 | Batch P@10: 50.0%
2026-03-13 23:45:51,543 [INFO] E059 | Batch 022 | LR: 0.00735 | Loss: 0.1586 | GradNorm: 1.3672 | Batch P@10: 30.0%
2026-03-13 23:45:55,711 [INFO] E059 | Batch 023 | LR: 0.00735 | Loss: 0.1123 | GradNorm: 1.1734 | Batch P@10: 50.0%
2026-03-13 23:45:59,692 [INFO] E059 | Batch 024 | LR: 0.00734 | Loss: 0.1255 | GradNorm: 0.8432 | Batch P@10: 10.0%
2026-03-13 23:46:03,787 [INFO] E059 | Batch 025 | LR: 0.00734 | Loss: 0.0990 | GradNorm: 1.4747 | Batch P@10: 30.0%
2026-03-13 23:46:07,765 [INFO] E059 | Batch 026 | LR: 0.00733 | Loss: 0.1075 | GradNorm: 1.3258 | Batch P@10: 70.0%
2026-03-13 23:46:11,984 [INFO] E059 | Batch 027 | LR: 0.00733 | Loss: 0.1322 | GradNorm: 1.1915 | Batch P@10: 30.0%
2026-03-13 23:46:16,090 [INFO] E059 | Batch 028 | LR: 0.00733 | Loss: 0.2081 | GradNorm: 1.2272 | Batch P@10: 30.0%
2026-03-13 23:46:20,080 [INFO] E059 | Batch 029 | LR: 0.00732 | Loss: 0.1077 | GradNorm: 0.8308 | Batch P@10: 50.0%
2026-03-13 23:46:24,084 [INFO] E059 | Batch 030 | LR: 0.00732 | Loss: 0.0877 | GradNorm: 3.7652 | Batch P@10: 30.0%
2026-03-13 23:46:28,111 [INFO] E059 | Batch 031 | LR: 0.00732 | Loss: 0.1706 | GradNorm: 7.3476 | Batch P@10: 50.0%
2026-03-13 23:46:32,134 [INFO] E059 | Batch 032 | LR: 0.00731 | Loss: 0.2036 | GradNorm: 6.0374 | Batch P@10: 20.0%
2026-03-13 23:46:36,277 [INFO] E059 | Batch 033 | LR: 0.00731 | Loss: 0.1228 | GradNorm: 1.1928 | Batch P@10: 40.0%
2026-03-13 23:46:40,258 [INFO] E059 | Batch 034 | LR: 0.00730 | Loss: 0.1218 | GradNorm: 1.3240 | Batch P@10: 50.0%
2026-03-13 23:46:44,418 [INFO] E059 | Batch 035 | LR: 0.00730 | Loss: 0.2605 | GradNorm: 1.3457 | Batch P@10: 40.0%
2026-03-13 23:46:48,553 [INFO] E059 | Batch 036 | LR: 0.00730 | Loss: 0.1362 | GradNorm: 0.6874 | Batch P@10: 40.0%
2026-03-13 23:46:52,647 [INFO] E059 | Batch 037 | LR: 0.00729 | Loss: 0.3064 | GradNorm: 1.1594 | Batch P@10: 40.0%
2026-03-13 23:47:00,945 [INFO] 
---> FIM DA ÉPOCA 59 | Val P@10: 44.2365% | Loss Média: 0.1352 | Grad Médio: 1.7809 | Recorde Geral: 45.5172% <---

2026-03-13 23:47:05,170 [INFO] E060 | Batch 001 | LR: 0.00729 | Loss: 0.1003 | GradNorm: 0.7594 | Batch P@10: 40.0%
2026-03-13 23:47:09,161 [INFO] E060 | Batch 002 | LR: 0.00728 | Loss: 0.1214 | GradNorm: 0.4643 | Batch P@10: 50.0%
2026-03-13 23:47:13,211 [INFO] E060 | Batch 003 | LR: 0.00728 | Loss: 0.1095 | GradNorm: 0.4473 | Batch P@10: 40.0%
2026-03-13 23:47:17,452 [INFO] E060 | Batch 004 | LR: 0.00728 | Loss: 0.1093 | GradNorm: 0.3630 | Batch P@10: 50.0%
2026-03-13 23:47:21,468 [INFO] E060 | Batch 005 | LR: 0.00727 | Loss: 0.0895 | GradNorm: 0.6372 | Batch P@10: 50.0%
2026-03-13 23:47:25,566 [INFO] E060 | Batch 006 | LR: 0.00727 | Loss: 0.0902 | GradNorm: 0.6648 | Batch P@10: 60.0%
2026-03-13 23:47:29,700 [INFO] E060 | Batch 007 | LR: 0.00727 | Loss: 0.2399 | GradNorm: 0.5566 | Batch P@10: 30.0%
2026-03-13 23:47:33,759 [INFO] E060 | Batch 008 | LR: 0.00726 | Loss: 0.1237 | GradNorm: 2.4348 | Batch P@10: 50.0%
2026-03-13 23:47:37,954 [INFO] E060 | Batch 009 | LR: 0.00726 | Loss: 0.1129 | GradNorm: 1.8089 | Batch P@10: 30.0%
2026-03-13 23:47:42,066 [INFO] E060 | Batch 010 | LR: 0.00725 | Loss: 0.1637 | GradNorm: 0.8910 | Batch P@10: 20.0%
2026-03-13 23:47:46,191 [INFO] E060 | Batch 011 | LR: 0.00725 | Loss: 0.1037 | GradNorm: 0.6693 | Batch P@10: 30.0%
2026-03-13 23:47:50,328 [INFO] E060 | Batch 012 | LR: 0.00725 | Loss: 0.1251 | GradNorm: 0.8274 | Batch P@10: 30.0%
2026-03-13 23:47:54,317 [INFO] E060 | Batch 013 | LR: 0.00724 | Loss: 0.1017 | GradNorm: 1.5325 | Batch P@10: 30.0%
2026-03-13 23:47:58,505 [INFO] E060 | Batch 014 | LR: 0.00724 | Loss: 0.1024 | GradNorm: 1.3734 | Batch P@10: 40.0%
2026-03-13 23:48:02,519 [INFO] E060 | Batch 015 | LR: 0.00723 | Loss: 0.0856 | GradNorm: 0.5237 | Batch P@10: 40.0%
2026-03-13 23:48:06,630 [INFO] E060 | Batch 016 | LR: 0.00723 | Loss: 0.1230 | GradNorm: 1.3814 | Batch P@10: 40.0%
2026-03-13 23:48:10,643 [INFO] E060 | Batch 017 | LR: 0.00723 | Loss: 0.1310 | GradNorm: 1.6319 | Batch P@10: 50.0%
2026-03-13 23:48:14,638 [INFO] E060 | Batch 018 | LR: 0.00722 | Loss: 0.1712 | GradNorm: 1.2754 | Batch P@10: 50.0%
2026-03-13 23:48:18,717 [INFO] E060 | Batch 019 | LR: 0.00722 | Loss: 0.1969 | GradNorm: 0.8738 | Batch P@10: 40.0%
2026-03-13 23:48:22,751 [INFO] E060 | Batch 020 | LR: 0.00722 | Loss: 0.1542 | GradNorm: 7.6524 | Batch P@10: 60.0%
2026-03-13 23:48:26,890 [INFO] E060 | Batch 021 | LR: 0.00721 | Loss: 0.2206 | GradNorm: 9.3212 | Batch P@10: 30.0%
2026-03-13 23:48:31,024 [INFO] E060 | Batch 022 | LR: 0.00721 | Loss: 0.4614 | GradNorm: 7.4729 | Batch P@10: 50.0%
2026-03-13 23:48:35,106 [INFO] E060 | Batch 023 | LR: 0.00720 | Loss: 0.1602 | GradNorm: 6.3941 | Batch P@10: 60.0%
2026-03-13 23:48:39,202 [INFO] E060 | Batch 024 | LR: 0.00720 | Loss: 0.1500 | GradNorm: 1.0907 | Batch P@10: 40.0%
2026-03-13 23:48:43,284 [INFO] E060 | Batch 025 | LR: 0.00720 | Loss: 0.1150 | GradNorm: 0.7445 | Batch P@10: 50.0%
2026-03-13 23:48:47,451 [INFO] E060 | Batch 026 | LR: 0.00719 | Loss: 0.1517 | GradNorm: 1.1827 | Batch P@10: 40.0%
2026-03-13 23:48:51,437 [INFO] E060 | Batch 027 | LR: 0.00719 | Loss: 0.1322 | GradNorm: 1.3081 | Batch P@10: 40.0%
2026-03-13 23:48:55,609 [INFO] E060 | Batch 028 | LR: 0.00718 | Loss: 0.1769 | GradNorm: 1.1975 | Batch P@10: 50.0%
2026-03-13 23:48:59,795 [INFO] E060 | Batch 029 | LR: 0.00718 | Loss: 0.1280 | GradNorm: 0.9772 | Batch P@10: 40.0%
2026-03-13 23:49:03,823 [INFO] E060 | Batch 030 | LR: 0.00718 | Loss: 0.1065 | GradNorm: 1.2492 | Batch P@10: 50.0%
2026-03-13 23:49:07,894 [INFO] E060 | Batch 031 | LR: 0.00717 | Loss: 0.1189 | GradNorm: 3.0694 | Batch P@10: 40.0%
2026-03-13 23:49:12,022 [INFO] E060 | Batch 032 | LR: 0.00717 | Loss: 0.1826 | GradNorm: 0.7272 | Batch P@10: 50.0%
2026-03-13 23:49:16,219 [INFO] E060 | Batch 033 | LR: 0.00716 | Loss: 0.0992 | GradNorm: 0.4870 | Batch P@10: 30.0%
2026-03-13 23:49:20,315 [INFO] E060 | Batch 034 | LR: 0.00716 | Loss: 0.1074 | GradNorm: 0.7219 | Batch P@10: 40.0%
2026-03-13 23:49:24,321 [INFO] E060 | Batch 035 | LR: 0.00716 | Loss: 0.1258 | GradNorm: 0.8676 | Batch P@10: 50.0%
2026-03-13 23:49:28,362 [INFO] E060 | Batch 036 | LR: 0.00715 | Loss: 0.1635 | GradNorm: 0.4723 | Batch P@10: 50.0%
2026-03-13 23:49:32,391 [INFO] E060 | Batch 037 | LR: 0.00715 | Loss: 0.1190 | GradNorm: 1.6904 | Batch P@10: 30.0%
2026-03-13 23:49:40,809 [INFO] 
---> FIM DA ÉPOCA 60 | Val P@10: 33.5961% | Loss Média: 0.1388 | Grad Médio: 1.7768 | Recorde Geral: 45.5172% <---

2026-03-13 23:49:44,932 [INFO] E061 | Batch 001 | LR: 0.00715 | Loss: 0.1030 | GradNorm: 0.5178 | Batch P@10: 50.0%
2026-03-13 23:49:48,995 [INFO] E061 | Batch 002 | LR: 0.00714 | Loss: 0.1061 | GradNorm: 0.8460 | Batch P@10: 20.0%
2026-03-13 23:49:52,981 [INFO] E061 | Batch 003 | LR: 0.00714 | Loss: 0.2234 | GradNorm: 0.5051 | Batch P@10: 40.0%
2026-03-13 23:49:57,144 [INFO] E061 | Batch 004 | LR: 0.00713 | Loss: 0.1160 | GradNorm: 0.5227 | Batch P@10: 70.0%
2026-03-13 23:50:01,286 [INFO] E061 | Batch 005 | LR: 0.00713 | Loss: 0.1133 | GradNorm: 2.5529 | Batch P@10: 30.0%
2026-03-13 23:50:05,312 [INFO] E061 | Batch 006 | LR: 0.00713 | Loss: 0.1905 | GradNorm: 3.8236 | Batch P@10: 30.0%
2026-03-13 23:50:09,401 [INFO] E061 | Batch 007 | LR: 0.00712 | Loss: 0.1351 | GradNorm: 0.8010 | Batch P@10: 50.0%
2026-03-13 23:50:13,441 [INFO] E061 | Batch 008 | LR: 0.00712 | Loss: 0.1039 | GradNorm: 0.8323 | Batch P@10: 40.0%
2026-03-13 23:50:17,564 [INFO] E061 | Batch 009 | LR: 0.00711 | Loss: 0.1192 | GradNorm: 0.9102 | Batch P@10: 50.0%
2026-03-13 23:50:21,761 [INFO] E061 | Batch 010 | LR: 0.00711 | Loss: 0.1181 | GradNorm: 0.8367 | Batch P@10: 40.0%
2026-03-13 23:50:25,785 [INFO] E061 | Batch 011 | LR: 0.00711 | Loss: 0.1562 | GradNorm: 0.7707 | Batch P@10: 50.0%
2026-03-13 23:50:29,976 [INFO] E061 | Batch 012 | LR: 0.00710 | Loss: 0.1062 | GradNorm: 0.8964 | Batch P@10: 50.0%
2026-03-13 23:50:34,143 [INFO] E061 | Batch 013 | LR: 0.00710 | Loss: 0.1327 | GradNorm: 1.2858 | Batch P@10: 40.0%
2026-03-13 23:50:38,245 [INFO] E061 | Batch 014 | LR: 0.00709 | Loss: 0.1121 | GradNorm: 0.7443 | Batch P@10: 50.0%
2026-03-13 23:50:42,247 [INFO] E061 | Batch 015 | LR: 0.00709 | Loss: 0.0977 | GradNorm: 0.5486 | Batch P@10: 40.0%
2026-03-13 23:50:46,375 [INFO] E061 | Batch 016 | LR: 0.00709 | Loss: 0.0910 | GradNorm: 2.2592 | Batch P@10: 20.0%
2026-03-13 23:50:50,372 [INFO] E061 | Batch 017 | LR: 0.00708 | Loss: 0.0821 | GradNorm: 1.2060 | Batch P@10: 60.0%
2026-03-13 23:50:54,381 [INFO] E061 | Batch 018 | LR: 0.00708 | Loss: 0.1149 | GradNorm: 1.0721 | Batch P@10: 60.0%
2026-03-13 23:50:58,375 [INFO] E061 | Batch 019 | LR: 0.00708 | Loss: 0.1181 | GradNorm: 1.1816 | Batch P@10: 70.0%
2026-03-13 23:51:02,490 [INFO] E061 | Batch 020 | LR: 0.00707 | Loss: 0.1146 | GradNorm: 0.6388 | Batch P@10: 30.0%
2026-03-13 23:51:06,531 [INFO] E061 | Batch 021 | LR: 0.00707 | Loss: 0.0819 | GradNorm: 3.9246 | Batch P@10: 30.0%
2026-03-13 23:51:10,523 [INFO] E061 | Batch 022 | LR: 0.00706 | Loss: 0.2332 | GradNorm: 3.9747 | Batch P@10: 30.0%
2026-03-13 23:51:14,659 [INFO] E061 | Batch 023 | LR: 0.00706 | Loss: 0.1650 | GradNorm: 0.8392 | Batch P@10: 20.0%
2026-03-13 23:51:18,680 [INFO] E061 | Batch 024 | LR: 0.00706 | Loss: 0.1031 | GradNorm: 1.0801 | Batch P@10: 0.0%
2026-03-13 23:51:22,656 [INFO] E061 | Batch 025 | LR: 0.00705 | Loss: 0.1276 | GradNorm: 0.9443 | Batch P@10: 50.0%
2026-03-13 23:51:26,623 [INFO] E061 | Batch 026 | LR: 0.00705 | Loss: 0.1204 | GradNorm: 0.7965 | Batch P@10: 30.0%
2026-03-13 23:51:30,593 [INFO] E061 | Batch 027 | LR: 0.00704 | Loss: 0.2204 | GradNorm: 3.9583 | Batch P@10: 30.0%
2026-03-13 23:51:34,740 [INFO] E061 | Batch 028 | LR: 0.00704 | Loss: 0.1239 | GradNorm: 1.5062 | Batch P@10: 20.0%
2026-03-13 23:51:38,832 [INFO] E061 | Batch 029 | LR: 0.00704 | Loss: 0.1130 | GradNorm: 0.6093 | Batch P@10: 30.0%
2026-03-13 23:51:42,865 [INFO] E061 | Batch 030 | LR: 0.00703 | Loss: 0.1043 | GradNorm: 0.9976 | Batch P@10: 40.0%
2026-03-13 23:51:46,818 [INFO] E061 | Batch 031 | LR: 0.00703 | Loss: 0.1071 | GradNorm: 0.7119 | Batch P@10: 40.0%
2026-03-13 23:51:50,770 [INFO] E061 | Batch 032 | LR: 0.00702 | Loss: 0.1090 | GradNorm: 0.5234 | Batch P@10: 50.0%
2026-03-13 23:51:54,865 [INFO] E061 | Batch 033 | LR: 0.00702 | Loss: 0.1172 | GradNorm: 0.8315 | Batch P@10: 70.0%
2026-03-13 23:51:58,920 [INFO] E061 | Batch 034 | LR: 0.00702 | Loss: 0.0961 | GradNorm: 0.9438 | Batch P@10: 60.0%
2026-03-13 23:52:03,041 [INFO] E061 | Batch 035 | LR: 0.00701 | Loss: 0.1009 | GradNorm: 0.6813 | Batch P@10: 40.0%
2026-03-13 23:52:07,199 [INFO] E061 | Batch 036 | LR: 0.00701 | Loss: 0.1837 | GradNorm: 2.2373 | Batch P@10: 20.0%
2026-03-13 23:52:11,418 [INFO] E061 | Batch 037 | LR: 0.00700 | Loss: 0.1175 | GradNorm: 2.1548 | Batch P@10: 40.0%
2026-03-13 23:52:19,765 [INFO] 
---> FIM DA ÉPOCA 61 | Val P@10: 45.5172% | Loss Média: 0.1231 | Grad Médio: 1.3369 | Recorde Geral: 45.5172% <---

2026-03-13 23:52:23,903 [INFO] E062 | Batch 001 | LR: 0.00700 | Loss: 0.1090 | GradNorm: 0.7780 | Batch P@10: 60.0%
2026-03-13 23:52:28,049 [INFO] E062 | Batch 002 | LR: 0.00700 | Loss: 0.1242 | GradNorm: 0.8490 | Batch P@10: 30.0%
2026-03-13 23:52:32,093 [INFO] E062 | Batch 003 | LR: 0.00699 | Loss: 0.1421 | GradNorm: 0.8495 | Batch P@10: 30.0%
2026-03-13 23:52:36,089 [INFO] E062 | Batch 004 | LR: 0.00699 | Loss: 0.2715 | GradNorm: 5.2731 | Batch P@10: 40.0%
2026-03-13 23:52:40,230 [INFO] E062 | Batch 005 | LR: 0.00698 | Loss: 0.1872 | GradNorm: 4.4949 | Batch P@10: 60.0%
2026-03-13 23:52:44,289 [INFO] E062 | Batch 006 | LR: 0.00698 | Loss: 0.0983 | GradNorm: 0.8002 | Batch P@10: 10.0%
2026-03-13 23:52:48,271 [INFO] E062 | Batch 007 | LR: 0.00698 | Loss: 0.0873 | GradNorm: 1.0026 | Batch P@10: 50.0%
2026-03-13 23:52:52,393 [INFO] E062 | Batch 008 | LR: 0.00697 | Loss: 0.1434 | GradNorm: 1.2630 | Batch P@10: 40.0%
2026-03-13 23:52:56,459 [INFO] E062 | Batch 009 | LR: 0.00697 | Loss: 0.1541 | GradNorm: 1.3981 | Batch P@10: 20.0%
2026-03-13 23:53:00,452 [INFO] E062 | Batch 010 | LR: 0.00697 | Loss: 0.1036 | GradNorm: 1.3691 | Batch P@10: 70.0%
2026-03-13 23:53:04,404 [INFO] E062 | Batch 011 | LR: 0.00696 | Loss: 0.1007 | GradNorm: 1.1779 | Batch P@10: 60.0%
2026-03-13 23:53:08,498 [INFO] E062 | Batch 012 | LR: 0.00696 | Loss: 0.1159 | GradNorm: 2.3284 | Batch P@10: 60.0%
2026-03-13 23:53:12,539 [INFO] E062 | Batch 013 | LR: 0.00695 | Loss: 0.1594 | GradNorm: 4.2958 | Batch P@10: 50.0%
2026-03-13 23:53:16,514 [INFO] E062 | Batch 014 | LR: 0.00695 | Loss: 0.1240 | GradNorm: 2.1600 | Batch P@10: 40.0%
2026-03-13 23:53:20,480 [INFO] E062 | Batch 015 | LR: 0.00695 | Loss: 0.1110 | GradNorm: 0.8066 | Batch P@10: 60.0%
2026-03-13 23:53:24,454 [INFO] E062 | Batch 016 | LR: 0.00694 | Loss: 0.2729 | GradNorm: 1.5657 | Batch P@10: 30.0%
2026-03-13 23:53:28,385 [INFO] E062 | Batch 017 | LR: 0.00694 | Loss: 0.1395 | GradNorm: 1.4767 | Batch P@10: 60.0%
2026-03-13 23:53:32,395 [INFO] E062 | Batch 018 | LR: 0.00693 | Loss: 0.1671 | GradNorm: 1.0818 | Batch P@10: 40.0%
2026-03-13 23:53:36,479 [INFO] E062 | Batch 019 | LR: 0.00693 | Loss: 0.1017 | GradNorm: 1.1549 | Batch P@10: 60.0%
2026-03-13 23:53:40,487 [INFO] E062 | Batch 020 | LR: 0.00693 | Loss: 0.1010 | GradNorm: 2.7292 | Batch P@10: 60.0%
2026-03-13 23:53:44,479 [INFO] E062 | Batch 021 | LR: 0.00692 | Loss: 0.1124 | GradNorm: 2.1309 | Batch P@10: 40.0%
2026-03-13 23:53:48,667 [INFO] E062 | Batch 022 | LR: 0.00692 | Loss: 0.1555 | GradNorm: 1.1939 | Batch P@10: 30.0%
2026-03-13 23:53:52,654 [INFO] E062 | Batch 023 | LR: 0.00691 | Loss: 0.2804 | GradNorm: 1.0819 | Batch P@10: 60.0%
2026-03-13 23:53:56,869 [INFO] E062 | Batch 024 | LR: 0.00691 | Loss: 0.2240 | GradNorm: 1.3210 | Batch P@10: 20.0%
2026-03-13 23:54:00,871 [INFO] E062 | Batch 025 | LR: 0.00691 | Loss: 0.1332 | GradNorm: 1.2665 | Batch P@10: 50.0%
2026-03-13 23:54:04,836 [INFO] E062 | Batch 026 | LR: 0.00690 | Loss: 0.1091 | GradNorm: 0.9552 | Batch P@10: 50.0%
2026-03-13 23:54:08,982 [INFO] E062 | Batch 027 | LR: 0.00690 | Loss: 0.1366 | GradNorm: 0.6726 | Batch P@10: 20.0%
2026-03-13 23:54:12,959 [INFO] E062 | Batch 028 | LR: 0.00689 | Loss: 0.1042 | GradNorm: 0.8207 | Batch P@10: 50.0%
2026-03-13 23:54:16,928 [INFO] E062 | Batch 029 | LR: 0.00689 | Loss: 0.1541 | GradNorm: 1.7425 | Batch P@10: 20.0%
2026-03-13 23:54:20,933 [INFO] E062 | Batch 030 | LR: 0.00689 | Loss: 0.1535 | GradNorm: 0.5434 | Batch P@10: 60.0%
2026-03-13 23:54:24,938 [INFO] E062 | Batch 031 | LR: 0.00688 | Loss: 0.1156 | GradNorm: 0.4872 | Batch P@10: 50.0%
2026-03-13 23:54:28,955 [INFO] E062 | Batch 032 | LR: 0.00688 | Loss: 0.1498 | GradNorm: 0.4705 | Batch P@10: 50.0%
2026-03-13 23:54:33,200 [INFO] E062 | Batch 033 | LR: 0.00687 | Loss: 0.1191 | GradNorm: 0.8142 | Batch P@10: 40.0%
2026-03-13 23:54:37,262 [INFO] E062 | Batch 034 | LR: 0.00687 | Loss: 0.1429 | GradNorm: 0.9032 | Batch P@10: 40.0%
2026-03-13 23:54:41,261 [INFO] E062 | Batch 035 | LR: 0.00687 | Loss: 0.1181 | GradNorm: 2.3958 | Batch P@10: 30.0%
2026-03-13 23:54:45,464 [INFO] E062 | Batch 036 | LR: 0.00686 | Loss: 0.1433 | GradNorm: 1.3472 | Batch P@10: 30.0%
2026-03-13 23:54:49,714 [INFO] E062 | Batch 037 | LR: 0.00686 | Loss: 0.1425 | GradNorm: 0.8572 | Batch P@10: 40.0%
2026-03-13 23:54:58,110 [INFO] 
---> FIM DA ÉPOCA 62 | Val P@10: 37.3399% | Loss Média: 0.1397 | Grad Médio: 1.5097 | Recorde Geral: 45.5172% <---

2026-03-13 23:55:02,418 [INFO] E063 | Batch 001 | LR: 0.00685 | Loss: 0.3713 | GradNorm: 0.9358 | Batch P@10: 40.0%
2026-03-13 23:55:06,493 [INFO] E063 | Batch 002 | LR: 0.00685 | Loss: 0.1113 | GradNorm: 1.1361 | Batch P@10: 60.0%
2026-03-13 23:55:10,467 [INFO] E063 | Batch 003 | LR: 0.00685 | Loss: 0.1205 | GradNorm: 0.4523 | Batch P@10: 60.0%
2026-03-13 23:55:14,474 [INFO] E063 | Batch 004 | LR: 0.00684 | Loss: 0.2709 | GradNorm: 1.8363 | Batch P@10: 40.0%
2026-03-13 23:55:18,602 [INFO] E063 | Batch 005 | LR: 0.00684 | Loss: 0.1022 | GradNorm: 1.0866 | Batch P@10: 40.0%
2026-03-13 23:55:22,620 [INFO] E063 | Batch 006 | LR: 0.00683 | Loss: 0.1059 | GradNorm: 0.4334 | Batch P@10: 40.0%
2026-03-13 23:55:26,616 [INFO] E063 | Batch 007 | LR: 0.00683 | Loss: 0.1539 | GradNorm: 1.0194 | Batch P@10: 50.0%
2026-03-13 23:55:30,687 [INFO] E063 | Batch 008 | LR: 0.00683 | Loss: 0.1239 | GradNorm: 0.7054 | Batch P@10: 50.0%
2026-03-13 23:55:34,855 [INFO] E063 | Batch 009 | LR: 0.00682 | Loss: 0.1418 | GradNorm: 0.7336 | Batch P@10: 40.0%
2026-03-13 23:55:39,190 [INFO] E063 | Batch 010 | LR: 0.00682 | Loss: 0.1222 | GradNorm: 0.9290 | Batch P@10: 50.0%
2026-03-13 23:55:43,469 [INFO] E063 | Batch 011 | LR: 0.00681 | Loss: 0.2841 | GradNorm: 1.3840 | Batch P@10: 40.0%
2026-03-13 23:55:47,539 [INFO] E063 | Batch 012 | LR: 0.00681 | Loss: 0.1155 | GradNorm: 0.5596 | Batch P@10: 10.0%
2026-03-13 23:55:51,575 [INFO] E063 | Batch 013 | LR: 0.00681 | Loss: 0.1734 | GradNorm: 0.8446 | Batch P@10: 50.0%
2026-03-13 23:55:55,604 [INFO] E063 | Batch 014 | LR: 0.00680 | Loss: 0.1249 | GradNorm: 1.2078 | Batch P@10: 40.0%
2026-03-13 23:55:59,607 [INFO] E063 | Batch 015 | LR: 0.00680 | Loss: 0.1355 | GradNorm: 1.3311 | Batch P@10: 70.0%
2026-03-13 23:56:03,746 [INFO] E063 | Batch 016 | LR: 0.00679 | Loss: 0.1227 | GradNorm: 1.1945 | Batch P@10: 50.0%
2026-03-13 23:56:07,767 [INFO] E063 | Batch 017 | LR: 0.00679 | Loss: 0.2392 | GradNorm: 1.9769 | Batch P@10: 20.0%
2026-03-13 23:56:11,760 [INFO] E063 | Batch 018 | LR: 0.00679 | Loss: 0.0880 | GradNorm: 1.1932 | Batch P@10: 60.0%
2026-03-13 23:56:15,790 [INFO] E063 | Batch 019 | LR: 0.00678 | Loss: 0.0944 | GradNorm: 0.7176 | Batch P@10: 70.0%
2026-03-13 23:56:19,874 [INFO] E063 | Batch 020 | LR: 0.00678 | Loss: 0.1070 | GradNorm: 0.9288 | Batch P@10: 20.0%
2026-03-13 23:56:23,860 [INFO] E063 | Batch 021 | LR: 0.00677 | Loss: 0.2287 | GradNorm: 1.1728 | Batch P@10: 40.0%
2026-03-13 23:56:27,856 [INFO] E063 | Batch 022 | LR: 0.00677 | Loss: 0.1155 | GradNorm: 1.4234 | Batch P@10: 60.0%
2026-03-13 23:56:31,913 [INFO] E063 | Batch 023 | LR: 0.00677 | Loss: 0.1140 | GradNorm: 0.9854 | Batch P@10: 50.0%
2026-03-13 23:56:35,946 [INFO] E063 | Batch 024 | LR: 0.00676 | Loss: 0.1040 | GradNorm: 4.2656 | Batch P@10: 70.0%
2026-03-13 23:56:40,041 [INFO] E063 | Batch 025 | LR: 0.00676 | Loss: 0.1092 | GradNorm: 3.6965 | Batch P@10: 50.0%
2026-03-13 23:56:44,205 [INFO] E063 | Batch 026 | LR: 0.00675 | Loss: 0.3764 | GradNorm: 2.2779 | Batch P@10: 60.0%
2026-03-13 23:56:48,357 [INFO] E063 | Batch 027 | LR: 0.00675 | Loss: 0.1217 | GradNorm: 0.9045 | Batch P@10: 40.0%
2026-03-13 23:56:52,448 [INFO] E063 | Batch 028 | LR: 0.00675 | Loss: 0.2700 | GradNorm: 0.8094 | Batch P@10: 40.0%
2026-03-13 23:56:56,557 [INFO] E063 | Batch 029 | LR: 0.00674 | Loss: 0.1032 | GradNorm: 0.8906 | Batch P@10: 50.0%
2026-03-13 23:57:00,635 [INFO] E063 | Batch 030 | LR: 0.00674 | Loss: 0.1206 | GradNorm: 0.5760 | Batch P@10: 50.0%
2026-03-13 23:57:04,799 [INFO] E063 | Batch 031 | LR: 0.00673 | Loss: 0.1304 | GradNorm: 0.4858 | Batch P@10: 50.0%
2026-03-13 23:57:08,822 [INFO] E063 | Batch 032 | LR: 0.00673 | Loss: 0.1157 | GradNorm: 0.9885 | Batch P@10: 40.0%
2026-03-13 23:57:12,904 [INFO] E063 | Batch 033 | LR: 0.00672 | Loss: 0.0996 | GradNorm: 1.0638 | Batch P@10: 30.0%
2026-03-13 23:57:17,063 [INFO] E063 | Batch 034 | LR: 0.00672 | Loss: 0.1621 | GradNorm: 1.7923 | Batch P@10: 40.0%
2026-03-13 23:57:21,133 [INFO] E063 | Batch 035 | LR: 0.00672 | Loss: 0.1442 | GradNorm: 3.7031 | Batch P@10: 50.0%
2026-03-13 23:57:25,394 [INFO] E063 | Batch 036 | LR: 0.00671 | Loss: 0.0756 | GradNorm: 0.6894 | Batch P@10: 70.0%
2026-03-13 23:57:29,384 [INFO] E063 | Batch 037 | LR: 0.00671 | Loss: 0.1200 | GradNorm: 0.5470 | Batch P@10: 50.0%
2026-03-13 23:57:37,872 [INFO] 
---> FIM DA ÉPOCA 63 | Val P@10: 44.8768% | Loss Média: 0.1479 | Grad Médio: 1.2670 | Recorde Geral: 45.5172% <---

2026-03-13 23:57:42,003 [INFO] E064 | Batch 001 | LR: 0.00670 | Loss: 0.1158 | GradNorm: 0.5689 | Batch P@10: 50.0%
2026-03-13 23:57:46,064 [INFO] E064 | Batch 002 | LR: 0.00670 | Loss: 0.1386 | GradNorm: 0.5520 | Batch P@10: 60.0%
2026-03-13 23:57:50,056 [INFO] E064 | Batch 003 | LR: 0.00670 | Loss: 0.1235 | GradNorm: 1.1420 | Batch P@10: 50.0%
2026-03-13 23:57:54,202 [INFO] E064 | Batch 004 | LR: 0.00669 | Loss: 0.1111 | GradNorm: 0.8831 | Batch P@10: 50.0%
2026-03-13 23:57:58,607 [INFO] E064 | Batch 005 | LR: 0.00669 | Loss: 0.0882 | GradNorm: 0.8146 | Batch P@10: 50.0%
2026-03-13 23:58:02,842 [INFO] E064 | Batch 006 | LR: 0.00668 | Loss: 0.1876 | GradNorm: 5.9386 | Batch P@10: 20.0%
2026-03-13 23:58:06,961 [INFO] E064 | Batch 007 | LR: 0.00668 | Loss: 0.2690 | GradNorm: 5.7683 | Batch P@10: 50.0%
2026-03-13 23:58:10,976 [INFO] E064 | Batch 008 | LR: 0.00668 | Loss: 0.1049 | GradNorm: 3.2556 | Batch P@10: 70.0%
2026-03-13 23:58:15,095 [INFO] E064 | Batch 009 | LR: 0.00667 | Loss: 0.2130 | GradNorm: 0.7735 | Batch P@10: 60.0%
2026-03-13 23:58:19,351 [INFO] E064 | Batch 010 | LR: 0.00667 | Loss: 0.0944 | GradNorm: 1.1869 | Batch P@10: 70.0%
2026-03-13 23:58:23,418 [INFO] E064 | Batch 011 | LR: 0.00666 | Loss: 0.1155 | GradNorm: 0.7717 | Batch P@10: 40.0%
2026-03-13 23:58:27,644 [INFO] E064 | Batch 012 | LR: 0.00666 | Loss: 0.0962 | GradNorm: 1.1316 | Batch P@10: 40.0%
2026-03-13 23:58:31,635 [INFO] E064 | Batch 013 | LR: 0.00666 | Loss: 0.1113 | GradNorm: 3.8230 | Batch P@10: 20.0%
2026-03-13 23:58:35,585 [INFO] E064 | Batch 014 | LR: 0.00665 | Loss: 0.0971 | GradNorm: 1.3114 | Batch P@10: 40.0%
2026-03-13 23:58:39,577 [INFO] E064 | Batch 015 | LR: 0.00665 | Loss: 0.0915 | GradNorm: 1.3783 | Batch P@10: 50.0%
2026-03-13 23:58:43,953 [INFO] E064 | Batch 016 | LR: 0.00664 | Loss: 0.1419 | GradNorm: 1.0299 | Batch P@10: 60.0%
2026-03-13 23:58:48,017 [INFO] E064 | Batch 017 | LR: 0.00664 | Loss: 0.1373 | GradNorm: 1.2811 | Batch P@10: 30.0%
2026-03-13 23:58:52,256 [INFO] E064 | Batch 018 | LR: 0.00664 | Loss: 0.0967 | GradNorm: 1.0227 | Batch P@10: 60.0%
2026-03-13 23:58:56,398 [INFO] E064 | Batch 019 | LR: 0.00663 | Loss: 0.0993 | GradNorm: 1.9909 | Batch P@10: 30.0%
2026-03-13 23:59:00,424 [INFO] E064 | Batch 020 | LR: 0.00663 | Loss: 0.1016 | GradNorm: 0.4141 | Batch P@10: 40.0%
2026-03-13 23:59:04,884 [INFO] E064 | Batch 021 | LR: 0.00662 | Loss: 0.1326 | GradNorm: 0.5178 | Batch P@10: 60.0%
2026-03-13 23:59:08,945 [INFO] E064 | Batch 022 | LR: 0.00662 | Loss: 0.1095 | GradNorm: 0.7995 | Batch P@10: 30.0%
2026-03-13 23:59:13,095 [INFO] E064 | Batch 023 | LR: 0.00662 | Loss: 0.1628 | GradNorm: 0.9634 | Batch P@10: 40.0%
2026-03-13 23:59:17,373 [INFO] E064 | Batch 024 | LR: 0.00661 | Loss: 0.1052 | GradNorm: 2.1995 | Batch P@10: 40.0%
2026-03-13 23:59:21,383 [INFO] E064 | Batch 025 | LR: 0.00661 | Loss: 0.1172 | GradNorm: 2.6526 | Batch P@10: 50.0%
2026-03-13 23:59:25,674 [INFO] E064 | Batch 026 | LR: 0.00660 | Loss: 0.0946 | GradNorm: 3.1598 | Batch P@10: 30.0%
2026-03-13 23:59:29,709 [INFO] E064 | Batch 027 | LR: 0.00660 | Loss: 0.0941 | GradNorm: 0.8621 | Batch P@10: 30.0%
2026-03-13 23:59:33,917 [INFO] E064 | Batch 028 | LR: 0.00659 | Loss: 0.0930 | GradNorm: 1.2605 | Batch P@10: 60.0%
2026-03-13 23:59:38,157 [INFO] E064 | Batch 029 | LR: 0.00659 | Loss: 0.1669 | GradNorm: 0.5403 | Batch P@10: 50.0%
2026-03-13 23:59:42,156 [INFO] E064 | Batch 030 | LR: 0.00659 | Loss: 0.1055 | GradNorm: 0.6894 | Batch P@10: 60.0%
2026-03-13 23:59:46,149 [INFO] E064 | Batch 031 | LR: 0.00658 | Loss: 0.1029 | GradNorm: 0.7189 | Batch P@10: 40.0%
2026-03-13 23:59:50,138 [INFO] E064 | Batch 032 | LR: 0.00658 | Loss: 0.1087 | GradNorm: 0.4610 | Batch P@10: 50.0%
2026-03-13 23:59:54,116 [INFO] E064 | Batch 033 | LR: 0.00657 | Loss: 0.1184 | GradNorm: 1.2940 | Batch P@10: 80.0%
2026-03-13 23:59:58,218 [INFO] E064 | Batch 034 | LR: 0.00657 | Loss: 0.1175 | GradNorm: 0.7112 | Batch P@10: 50.0%
2026-03-14 00:00:02,320 [INFO] E064 | Batch 035 | LR: 0.00657 | Loss: 0.1028 | GradNorm: 1.2723 | Batch P@10: 40.0%
2026-03-14 00:00:06,322 [INFO] E064 | Batch 036 | LR: 0.00656 | Loss: 0.1034 | GradNorm: 1.3448 | Batch P@10: 40.0%
2026-03-14 00:00:10,331 [INFO] E064 | Batch 037 | LR: 0.00656 | Loss: 0.1181 | GradNorm: 1.0828 | Batch P@10: 50.0%
2026-03-14 00:00:18,770 [INFO] 
---> FIM DA ÉPOCA 64 | Val P@10: 45.0739% | Loss Média: 0.1181 | Grad Médio: 1.5018 | Recorde Geral: 45.5172% <---

2026-03-14 00:00:23,028 [INFO] E065 | Batch 001 | LR: 0.00655 | Loss: 0.2078 | GradNorm: 0.8645 | Batch P@10: 50.0%
2026-03-14 00:00:27,016 [INFO] E065 | Batch 002 | LR: 0.00655 | Loss: 0.0912 | GradNorm: 0.6172 | Batch P@10: 40.0%
2026-03-14 00:00:31,042 [INFO] E065 | Batch 003 | LR: 0.00655 | Loss: 0.1107 | GradNorm: 0.5119 | Batch P@10: 30.0%
2026-03-14 00:00:35,089 [INFO] E065 | Batch 004 | LR: 0.00654 | Loss: 0.0850 | GradNorm: 1.0303 | Batch P@10: 60.0%
2026-03-14 00:00:39,266 [INFO] E065 | Batch 005 | LR: 0.00654 | Loss: 0.0998 | GradNorm: 2.9318 | Batch P@10: 50.0%
2026-03-14 00:00:43,500 [INFO] E065 | Batch 006 | LR: 0.00653 | Loss: 0.0924 | GradNorm: 1.4436 | Batch P@10: 50.0%
2026-03-14 00:00:47,656 [INFO] E065 | Batch 007 | LR: 0.00653 | Loss: 0.1023 | GradNorm: 0.4887 | Batch P@10: 50.0%
2026-03-14 00:00:51,811 [INFO] E065 | Batch 008 | LR: 0.00653 | Loss: 0.0943 | GradNorm: 0.6141 | Batch P@10: 40.0%
2026-03-14 00:00:55,968 [INFO] E065 | Batch 009 | LR: 0.00652 | Loss: 0.1114 | GradNorm: 0.5292 | Batch P@10: 60.0%
2026-03-14 00:01:00,086 [INFO] E065 | Batch 010 | LR: 0.00652 | Loss: 0.1027 | GradNorm: 1.1852 | Batch P@10: 40.0%
2026-03-14 00:01:04,061 [INFO] E065 | Batch 011 | LR: 0.00651 | Loss: 0.1084 | GradNorm: 0.3732 | Batch P@10: 30.0%
2026-03-14 00:01:08,178 [INFO] E065 | Batch 012 | LR: 0.00651 | Loss: 0.1134 | GradNorm: 0.8923 | Batch P@10: 50.0%
2026-03-14 00:01:12,459 [INFO] E065 | Batch 013 | LR: 0.00650 | Loss: 0.0966 | GradNorm: 1.0708 | Batch P@10: 50.0%
2026-03-14 00:01:16,652 [INFO] E065 | Batch 014 | LR: 0.00650 | Loss: 0.1122 | GradNorm: 2.9306 | Batch P@10: 50.0%
2026-03-14 00:01:20,645 [INFO] E065 | Batch 015 | LR: 0.00650 | Loss: 0.0926 | GradNorm: 4.6521 | Batch P@10: 60.0%
2026-03-14 00:01:24,614 [INFO] E065 | Batch 016 | LR: 0.00649 | Loss: 0.1087 | GradNorm: 0.9600 | Batch P@10: 30.0%
2026-03-14 00:01:28,696 [INFO] E065 | Batch 017 | LR: 0.00649 | Loss: 0.1099 | GradNorm: 1.2071 | Batch P@10: 50.0%
2026-03-14 00:01:32,887 [INFO] E065 | Batch 018 | LR: 0.00648 | Loss: 0.1344 | GradNorm: 0.8642 | Batch P@10: 60.0%
2026-03-14 00:01:37,057 [INFO] E065 | Batch 019 | LR: 0.00648 | Loss: 0.1223 | GradNorm: 0.8306 | Batch P@10: 50.0%
2026-03-14 00:01:41,131 [INFO] E065 | Batch 020 | LR: 0.00648 | Loss: 0.2902 | GradNorm: 1.7398 | Batch P@10: 70.0%
2026-03-14 00:01:45,118 [INFO] E065 | Batch 021 | LR: 0.00647 | Loss: 0.1265 | GradNorm: 0.6621 | Batch P@10: 40.0%
2026-03-14 00:01:49,103 [INFO] E065 | Batch 022 | LR: 0.00647 | Loss: 0.1195 | GradNorm: 1.2240 | Batch P@10: 30.0%
2026-03-14 00:01:53,104 [INFO] E065 | Batch 023 | LR: 0.00646 | Loss: 0.2235 | GradNorm: 0.9481 | Batch P@10: 40.0%
2026-03-14 00:01:57,108 [INFO] E065 | Batch 024 | LR: 0.00646 | Loss: 0.0971 | GradNorm: 0.6548 | Batch P@10: 50.0%
2026-03-14 00:02:01,223 [INFO] E065 | Batch 025 | LR: 0.00646 | Loss: 0.3255 | GradNorm: 6.6170 | Batch P@10: 40.0%
2026-03-14 00:02:05,219 [INFO] E065 | Batch 026 | LR: 0.00645 | Loss: 0.1189 | GradNorm: 8.4968 | Batch P@10: 50.0%
2026-03-14 00:02:09,188 [INFO] E065 | Batch 027 | LR: 0.00645 | Loss: 0.0988 | GradNorm: 2.0605 | Batch P@10: 40.0%
2026-03-14 00:02:13,202 [INFO] E065 | Batch 028 | LR: 0.00644 | Loss: 0.1118 | GradNorm: 0.4158 | Batch P@10: 40.0%
2026-03-14 00:02:17,310 [INFO] E065 | Batch 029 | LR: 0.00644 | Loss: 0.1046 | GradNorm: 1.1571 | Batch P@10: 70.0%
2026-03-14 00:02:21,384 [INFO] E065 | Batch 030 | LR: 0.00643 | Loss: 0.1078 | GradNorm: 1.4066 | Batch P@10: 60.0%
2026-03-14 00:02:25,516 [INFO] E065 | Batch 031 | LR: 0.00643 | Loss: 0.1372 | GradNorm: 1.1058 | Batch P@10: 30.0%
2026-03-14 00:02:29,532 [INFO] E065 | Batch 032 | LR: 0.00643 | Loss: 0.0964 | GradNorm: 0.9753 | Batch P@10: 40.0%
2026-03-14 00:02:33,657 [INFO] E065 | Batch 033 | LR: 0.00642 | Loss: 0.0939 | GradNorm: 3.0721 | Batch P@10: 40.0%
2026-03-14 00:02:37,659 [INFO] E065 | Batch 034 | LR: 0.00642 | Loss: 0.1085 | GradNorm: 0.4559 | Batch P@10: 60.0%
2026-03-14 00:02:41,788 [INFO] E065 | Batch 035 | LR: 0.00641 | Loss: 0.1046 | GradNorm: 0.7705 | Batch P@10: 30.0%
2026-03-14 00:02:45,772 [INFO] E065 | Batch 036 | LR: 0.00641 | Loss: 0.0968 | GradNorm: 0.8588 | Batch P@10: 40.0%
2026-03-14 00:02:49,883 [INFO] E065 | Batch 037 | LR: 0.00641 | Loss: 0.0932 | GradNorm: 1.1127 | Batch P@10: 60.0%
2026-03-14 00:02:58,217 [INFO] 
---> FIM DA ÉPOCA 65 | Val P@10: 44.7291% | Loss Média: 0.1198 | Grad Médio: 1.5603 | Recorde Geral: 45.5172% <---

2026-03-14 00:03:02,502 [INFO] E066 | Batch 001 | LR: 0.00640 | Loss: 0.1057 | GradNorm: 0.5863 | Batch P@10: 30.0%
2026-03-14 00:03:06,658 [INFO] E066 | Batch 002 | LR: 0.00640 | Loss: 0.1133 | GradNorm: 0.3816 | Batch P@10: 40.0%
2026-03-14 00:03:10,702 [INFO] E066 | Batch 003 | LR: 0.00639 | Loss: 0.2557 | GradNorm: 0.5734 | Batch P@10: 50.0%
2026-03-14 00:03:14,885 [INFO] E066 | Batch 004 | LR: 0.00639 | Loss: 0.1149 | GradNorm: 2.3781 | Batch P@10: 40.0%
2026-03-14 00:03:18,889 [INFO] E066 | Batch 005 | LR: 0.00639 | Loss: 0.0974 | GradNorm: 0.5605 | Batch P@10: 40.0%
2026-03-14 00:03:23,048 [INFO] E066 | Batch 006 | LR: 0.00638 | Loss: 0.1236 | GradNorm: 0.7348 | Batch P@10: 30.0%
2026-03-14 00:03:27,236 [INFO] E066 | Batch 007 | LR: 0.00638 | Loss: 0.1257 | GradNorm: 1.1833 | Batch P@10: 30.0%
2026-03-14 00:03:31,342 [INFO] E066 | Batch 008 | LR: 0.00637 | Loss: 0.1063 | GradNorm: 0.7312 | Batch P@10: 60.0%
2026-03-14 00:03:35,313 [INFO] E066 | Batch 009 | LR: 0.00637 | Loss: 0.0936 | GradNorm: 1.3719 | Batch P@10: 20.0%
2026-03-14 00:03:39,614 [INFO] E066 | Batch 010 | LR: 0.00636 | Loss: 0.1050 | GradNorm: 3.3527 | Batch P@10: 50.0%
2026-03-14 00:03:43,793 [INFO] E066 | Batch 011 | LR: 0.00636 | Loss: 0.0990 | GradNorm: 0.7159 | Batch P@10: 50.0%
2026-03-14 00:03:47,763 [INFO] E066 | Batch 012 | LR: 0.00636 | Loss: 0.1028 | GradNorm: 1.2790 | Batch P@10: 30.0%
2026-03-14 00:03:51,778 [INFO] E066 | Batch 013 | LR: 0.00635 | Loss: 0.0929 | GradNorm: 0.5180 | Batch P@10: 30.0%
2026-03-14 00:03:55,933 [INFO] E066 | Batch 014 | LR: 0.00635 | Loss: 0.1031 | GradNorm: 0.9847 | Batch P@10: 50.0%
2026-03-14 00:03:59,901 [INFO] E066 | Batch 015 | LR: 0.00634 | Loss: 0.1035 | GradNorm: 0.7226 | Batch P@10: 40.0%
2026-03-14 00:04:03,908 [INFO] E066 | Batch 016 | LR: 0.00634 | Loss: 0.1001 | GradNorm: 0.4016 | Batch P@10: 20.0%
2026-03-14 00:04:08,059 [INFO] E066 | Batch 017 | LR: 0.00634 | Loss: 0.1022 | GradNorm: 0.5469 | Batch P@10: 60.0%
2026-03-14 00:04:12,092 [INFO] E066 | Batch 018 | LR: 0.00633 | Loss: 0.1129 | GradNorm: 0.8238 | Batch P@10: 30.0%
2026-03-14 00:04:16,143 [INFO] E066 | Batch 019 | LR: 0.00633 | Loss: 0.0964 | GradNorm: 1.5916 | Batch P@10: 40.0%
2026-03-14 00:04:20,154 [INFO] E066 | Batch 020 | LR: 0.00632 | Loss: 0.1288 | GradNorm: 0.7590 | Batch P@10: 50.0%
2026-03-14 00:04:24,295 [INFO] E066 | Batch 021 | LR: 0.00632 | Loss: 0.1135 | GradNorm: 1.6294 | Batch P@10: 40.0%
2026-03-14 00:04:28,359 [INFO] E066 | Batch 022 | LR: 0.00631 | Loss: 0.1088 | GradNorm: 0.9258 | Batch P@10: 10.0%
2026-03-14 00:04:32,437 [INFO] E066 | Batch 023 | LR: 0.00631 | Loss: 0.1101 | GradNorm: 0.7871 | Batch P@10: 30.0%
2026-03-14 00:04:36,554 [INFO] E066 | Batch 024 | LR: 0.00631 | Loss: 0.2109 | GradNorm: 2.1861 | Batch P@10: 50.0%
2026-03-14 00:04:40,531 [INFO] E066 | Batch 025 | LR: 0.00630 | Loss: 0.1127 | GradNorm: 1.5060 | Batch P@10: 30.0%
2026-03-14 00:04:44,471 [INFO] E066 | Batch 026 | LR: 0.00630 | Loss: 0.1062 | GradNorm: 0.8582 | Batch P@10: 30.0%
2026-03-14 00:04:48,629 [INFO] E066 | Batch 027 | LR: 0.00629 | Loss: 0.1037 | GradNorm: 1.3091 | Batch P@10: 60.0%
2026-03-14 00:04:52,607 [INFO] E066 | Batch 028 | LR: 0.00629 | Loss: 0.1753 | GradNorm: 0.7900 | Batch P@10: 60.0%
2026-03-14 00:04:56,569 [INFO] E066 | Batch 029 | LR: 0.00629 | Loss: 0.1896 | GradNorm: 2.7286 | Batch P@10: 50.0%
2026-03-14 00:05:00,560 [INFO] E066 | Batch 030 | LR: 0.00628 | Loss: 0.1621 | GradNorm: 1.9356 | Batch P@10: 30.0%
2026-03-14 00:05:04,638 [INFO] E066 | Batch 031 | LR: 0.00628 | Loss: 0.1121 | GradNorm: 0.4660 | Batch P@10: 50.0%
2026-03-14 00:05:08,740 [INFO] E066 | Batch 032 | LR: 0.00627 | Loss: 0.1749 | GradNorm: 1.2188 | Batch P@10: 30.0%
2026-03-14 00:05:12,755 [INFO] E066 | Batch 033 | LR: 0.00627 | Loss: 0.1703 | GradNorm: 1.0267 | Batch P@10: 50.0%
2026-03-14 00:05:16,842 [INFO] E066 | Batch 034 | LR: 0.00626 | Loss: 0.1050 | GradNorm: 0.5913 | Batch P@10: 40.0%
2026-03-14 00:05:20,879 [INFO] E066 | Batch 035 | LR: 0.00626 | Loss: 0.2631 | GradNorm: 1.1039 | Batch P@10: 50.0%
2026-03-14 00:05:24,915 [INFO] E066 | Batch 036 | LR: 0.00626 | Loss: 0.0977 | GradNorm: 1.2861 | Batch P@10: 40.0%
2026-03-14 00:05:28,992 [INFO] E066 | Batch 037 | LR: 0.00625 | Loss: 0.0875 | GradNorm: 0.5852 | Batch P@10: 30.0%
2026-03-14 00:05:37,523 [INFO] 
---> FIM DA ÉPOCA 66 | Val P@10: 43.9901% | Loss Média: 0.1233 | Grad Médio: 1.1116 | Recorde Geral: 45.5172% <---

2026-03-14 00:05:41,665 [INFO] E067 | Batch 001 | LR: 0.00625 | Loss: 0.2220 | GradNorm: 0.4753 | Batch P@10: 60.0%
2026-03-14 00:05:45,678 [INFO] E067 | Batch 002 | LR: 0.00624 | Loss: 0.1210 | GradNorm: 0.6705 | Batch P@10: 30.0%
2026-03-14 00:05:49,838 [INFO] E067 | Batch 003 | LR: 0.00624 | Loss: 0.1118 | GradNorm: 0.9898 | Batch P@10: 30.0%
2026-03-14 00:05:53,956 [INFO] E067 | Batch 004 | LR: 0.00624 | Loss: 0.0939 | GradNorm: 1.3330 | Batch P@10: 20.0%
2026-03-14 00:05:57,960 [INFO] E067 | Batch 005 | LR: 0.00623 | Loss: 0.1043 | GradNorm: 1.0928 | Batch P@10: 40.0%
2026-03-14 00:06:02,168 [INFO] E067 | Batch 006 | LR: 0.00623 | Loss: 0.1305 | GradNorm: 0.8235 | Batch P@10: 30.0%
2026-03-14 00:06:06,366 [INFO] E067 | Batch 007 | LR: 0.00622 | Loss: 0.1037 | GradNorm: 0.4334 | Batch P@10: 40.0%
2026-03-14 00:06:10,498 [INFO] E067 | Batch 008 | LR: 0.00622 | Loss: 0.1078 | GradNorm: 0.7508 | Batch P@10: 30.0%
2026-03-14 00:06:14,518 [INFO] E067 | Batch 009 | LR: 0.00621 | Loss: 0.0958 | GradNorm: 1.2711 | Batch P@10: 50.0%
2026-03-14 00:06:18,579 [INFO] E067 | Batch 010 | LR: 0.00621 | Loss: 0.1036 | GradNorm: 1.0433 | Batch P@10: 50.0%
2026-03-14 00:06:22,653 [INFO] E067 | Batch 011 | LR: 0.00621 | Loss: 0.0934 | GradNorm: 0.7307 | Batch P@10: 60.0%
2026-03-14 00:06:26,647 [INFO] E067 | Batch 012 | LR: 0.00620 | Loss: 0.1168 | GradNorm: 1.8042 | Batch P@10: 60.0%
2026-03-14 00:06:30,638 [INFO] E067 | Batch 013 | LR: 0.00620 | Loss: 0.1011 | GradNorm: 0.5944 | Batch P@10: 40.0%
2026-03-14 00:06:34,948 [INFO] E067 | Batch 014 | LR: 0.00619 | Loss: 0.1071 | GradNorm: 0.5148 | Batch P@10: 30.0%
2026-03-14 00:06:38,979 [INFO] E067 | Batch 015 | LR: 0.00619 | Loss: 0.1281 | GradNorm: 0.6987 | Batch P@10: 30.0%
2026-03-14 00:06:42,960 [INFO] E067 | Batch 016 | LR: 0.00619 | Loss: 0.1118 | GradNorm: 0.5988 | Batch P@10: 60.0%
2026-03-14 00:06:47,032 [INFO] E067 | Batch 017 | LR: 0.00618 | Loss: 0.1411 | GradNorm: 1.7580 | Batch P@10: 50.0%
2026-03-14 00:06:51,012 [INFO] E067 | Batch 018 | LR: 0.00618 | Loss: 0.1065 | GradNorm: 1.1304 | Batch P@10: 40.0%
2026-03-14 00:06:55,028 [INFO] E067 | Batch 019 | LR: 0.00617 | Loss: 0.1132 | GradNorm: 1.0029 | Batch P@10: 50.0%
2026-03-14 00:06:59,110 [INFO] E067 | Batch 020 | LR: 0.00617 | Loss: 0.1072 | GradNorm: 0.6880 | Batch P@10: 60.0%
2026-03-14 00:07:03,277 [INFO] E067 | Batch 021 | LR: 0.00616 | Loss: 0.0996 | GradNorm: 0.3730 | Batch P@10: 40.0%
2026-03-14 00:07:07,508 [INFO] E067 | Batch 022 | LR: 0.00616 | Loss: 0.1254 | GradNorm: 3.5154 | Batch P@10: 50.0%
2026-03-14 00:07:11,518 [INFO] E067 | Batch 023 | LR: 0.00616 | Loss: 0.1171 | GradNorm: 0.5987 | Batch P@10: 30.0%
2026-03-14 00:07:15,597 [INFO] E067 | Batch 024 | LR: 0.00615 | Loss: 0.2275 | GradNorm: 0.7229 | Batch P@10: 30.0%
2026-03-14 00:07:19,645 [INFO] E067 | Batch 025 | LR: 0.00615 | Loss: 0.1411 | GradNorm: 0.7915 | Batch P@10: 40.0%
2026-03-14 00:07:23,705 [INFO] E067 | Batch 026 | LR: 0.00614 | Loss: 0.1238 | GradNorm: 0.6008 | Batch P@10: 60.0%
2026-03-14 00:07:27,873 [INFO] E067 | Batch 027 | LR: 0.00614 | Loss: 0.2304 | GradNorm: 0.4039 | Batch P@10: 40.0%
2026-03-14 00:07:32,018 [INFO] E067 | Batch 028 | LR: 0.00614 | Loss: 0.1091 | GradNorm: 0.8720 | Batch P@10: 30.0%
2026-03-14 00:07:36,219 [INFO] E067 | Batch 029 | LR: 0.00613 | Loss: 0.0971 | GradNorm: 0.7487 | Batch P@10: 50.0%
2026-03-14 00:07:40,406 [INFO] E067 | Batch 030 | LR: 0.00613 | Loss: 0.1099 | GradNorm: 0.9520 | Batch P@10: 50.0%
2026-03-14 00:07:44,556 [INFO] E067 | Batch 031 | LR: 0.00612 | Loss: 0.0939 | GradNorm: 0.7426 | Batch P@10: 60.0%
2026-03-14 00:07:48,529 [INFO] E067 | Batch 032 | LR: 0.00612 | Loss: 0.0975 | GradNorm: 0.5659 | Batch P@10: 70.0%
2026-03-14 00:07:52,554 [INFO] E067 | Batch 033 | LR: 0.00611 | Loss: 0.0860 | GradNorm: 0.5947 | Batch P@10: 50.0%
2026-03-14 00:07:56,664 [INFO] E067 | Batch 034 | LR: 0.00611 | Loss: 0.1012 | GradNorm: 1.2589 | Batch P@10: 40.0%
2026-03-14 00:08:00,783 [INFO] E067 | Batch 035 | LR: 0.00611 | Loss: 0.1007 | GradNorm: 0.4740 | Batch P@10: 20.0%
2026-03-14 00:08:04,799 [INFO] E067 | Batch 036 | LR: 0.00610 | Loss: 0.2021 | GradNorm: 0.3898 | Batch P@10: 30.0%
2026-03-14 00:08:08,923 [INFO] E067 | Batch 037 | LR: 0.00610 | Loss: 0.1037 | GradNorm: 2.5275 | Batch P@10: 40.0%
2026-03-14 00:08:17,441 [INFO] 
---> FIM DA ÉPOCA 67 | Val P@10: 46.1084% | Loss Média: 0.1181 | Grad Médio: 0.9334 | Recorde Geral: 46.1084% <---

2026-03-14 00:08:17,451 [INFO] 💎 NOVO RECORDE RETREINO 64: 46.1%
2026-03-14 00:08:21,765 [INFO] E068 | Batch 001 | LR: 0.00609 | Loss: 0.1236 | GradNorm: 0.6835 | Batch P@10: 50.0%
2026-03-14 00:08:25,962 [INFO] E068 | Batch 002 | LR: 0.00609 | Loss: 0.0973 | GradNorm: 0.6621 | Batch P@10: 40.0%
2026-03-14 00:08:29,971 [INFO] E068 | Batch 003 | LR: 0.00609 | Loss: 0.1008 | GradNorm: 0.4007 | Batch P@10: 30.0%
2026-03-14 00:08:33,961 [INFO] E068 | Batch 004 | LR: 0.00608 | Loss: 0.1204 | GradNorm: 3.8999 | Batch P@10: 30.0%
2026-03-14 00:08:37,921 [INFO] E068 | Batch 005 | LR: 0.00608 | Loss: 0.1037 | GradNorm: 0.9651 | Batch P@10: 30.0%
2026-03-14 00:08:41,892 [INFO] E068 | Batch 006 | LR: 0.00607 | Loss: 0.0940 | GradNorm: 1.0438 | Batch P@10: 60.0%
2026-03-14 00:08:46,082 [INFO] E068 | Batch 007 | LR: 0.00607 | Loss: 0.1087 | GradNorm: 1.3513 | Batch P@10: 20.0%
2026-03-14 00:08:50,175 [INFO] E068 | Batch 008 | LR: 0.00606 | Loss: 0.0950 | GradNorm: 0.4851 | Batch P@10: 50.0%
2026-03-14 00:08:54,176 [INFO] E068 | Batch 009 | LR: 0.00606 | Loss: 0.0930 | GradNorm: 0.5359 | Batch P@10: 50.0%
2026-03-14 00:08:58,175 [INFO] E068 | Batch 010 | LR: 0.00606 | Loss: 0.1062 | GradNorm: 0.5174 | Batch P@10: 50.0%
2026-03-14 00:09:02,158 [INFO] E068 | Batch 011 | LR: 0.00605 | Loss: 0.1195 | GradNorm: 0.9265 | Batch P@10: 30.0%
2026-03-14 00:09:06,318 [INFO] E068 | Batch 012 | LR: 0.00605 | Loss: 0.0988 | GradNorm: 0.6428 | Batch P@10: 50.0%
2026-03-14 00:09:10,578 [INFO] E068 | Batch 013 | LR: 0.00604 | Loss: 0.0873 | GradNorm: 1.6214 | Batch P@10: 40.0%
2026-03-14 00:09:14,946 [INFO] E068 | Batch 014 | LR: 0.00604 | Loss: 0.1209 | GradNorm: 1.2119 | Batch P@10: 50.0%
2026-03-14 00:09:19,173 [INFO] E068 | Batch 015 | LR: 0.00603 | Loss: 0.1236 | GradNorm: 1.1478 | Batch P@10: 40.0%
2026-03-14 00:09:23,375 [INFO] E068 | Batch 016 | LR: 0.00603 | Loss: 0.1503 | GradNorm: 1.2252 | Batch P@10: 30.0%
2026-03-14 00:09:27,882 [INFO] E068 | Batch 017 | LR: 0.00603 | Loss: 0.1502 | GradNorm: 1.1857 | Batch P@10: 20.0%
2026-03-14 00:09:31,893 [INFO] E068 | Batch 018 | LR: 0.00602 | Loss: 0.1745 | GradNorm: 0.6500 | Batch P@10: 20.0%
2026-03-14 00:09:35,995 [INFO] E068 | Batch 019 | LR: 0.00602 | Loss: 0.1061 | GradNorm: 2.1998 | Batch P@10: 60.0%
2026-03-14 00:09:40,176 [INFO] E068 | Batch 020 | LR: 0.00601 | Loss: 0.0998 | GradNorm: 3.8187 | Batch P@10: 40.0%
2026-03-14 00:09:44,407 [INFO] E068 | Batch 021 | LR: 0.00601 | Loss: 0.1037 | GradNorm: 1.4932 | Batch P@10: 60.0%
2026-03-14 00:09:48,460 [INFO] E068 | Batch 022 | LR: 0.00601 | Loss: 0.0974 | GradNorm: 0.8224 | Batch P@10: 80.0%
2026-03-14 00:09:52,679 [INFO] E068 | Batch 023 | LR: 0.00600 | Loss: 0.1291 | GradNorm: 0.6048 | Batch P@10: 40.0%
2026-03-14 00:09:56,728 [INFO] E068 | Batch 024 | LR: 0.00600 | Loss: 0.1638 | GradNorm: 0.6120 | Batch P@10: 30.0%
2026-03-14 00:10:00,913 [INFO] E068 | Batch 025 | LR: 0.00599 | Loss: 0.1178 | GradNorm: 0.6837 | Batch P@10: 60.0%
2026-03-14 00:10:04,946 [INFO] E068 | Batch 026 | LR: 0.00599 | Loss: 0.0798 | GradNorm: 0.5524 | Batch P@10: 70.0%
2026-03-14 00:10:08,961 [INFO] E068 | Batch 027 | LR: 0.00598 | Loss: 0.1512 | GradNorm: 3.5795 | Batch P@10: 40.0%
2026-03-14 00:10:13,011 [INFO] E068 | Batch 028 | LR: 0.00598 | Loss: 0.1731 | GradNorm: 4.6597 | Batch P@10: 40.0%
2026-03-14 00:10:17,229 [INFO] E068 | Batch 029 | LR: 0.00598 | Loss: 0.0962 | GradNorm: 0.8819 | Batch P@10: 50.0%
2026-03-14 00:10:21,227 [INFO] E068 | Batch 030 | LR: 0.00597 | Loss: 0.1392 | GradNorm: 0.9811 | Batch P@10: 30.0%
2026-03-14 00:10:25,208 [INFO] E068 | Batch 031 | LR: 0.00597 | Loss: 0.1520 | GradNorm: 0.7779 | Batch P@10: 30.0%
2026-03-14 00:10:29,249 [INFO] E068 | Batch 032 | LR: 0.00596 | Loss: 0.1015 | GradNorm: 1.0375 | Batch P@10: 50.0%
2026-03-14 00:10:33,446 [INFO] E068 | Batch 033 | LR: 0.00596 | Loss: 0.1680 | GradNorm: 0.5741 | Batch P@10: 40.0%
2026-03-14 00:10:37,503 [INFO] E068 | Batch 034 | LR: 0.00595 | Loss: 0.0898 | GradNorm: 0.3254 | Batch P@10: 30.0%
2026-03-14 00:10:41,661 [INFO] E068 | Batch 035 | LR: 0.00595 | Loss: 0.0906 | GradNorm: 1.9225 | Batch P@10: 50.0%
2026-03-14 00:10:45,898 [INFO] E068 | Batch 036 | LR: 0.00595 | Loss: 0.1003 | GradNorm: 0.5984 | Batch P@10: 30.0%
2026-03-14 00:10:49,886 [INFO] E068 | Batch 037 | LR: 0.00594 | Loss: 0.1051 | GradNorm: 0.8737 | Batch P@10: 30.0%
2026-03-14 00:10:58,298 [INFO] 
---> FIM DA ÉPOCA 68 | Val P@10: 40.7389% | Loss Média: 0.1140 | Grad Médio: 1.2474 | Recorde Geral: 46.1084% <---

2026-03-14 00:11:02,441 [INFO] E069 | Batch 001 | LR: 0.00594 | Loss: 0.0925 | GradNorm: 2.1032 | Batch P@10: 40.0%
2026-03-14 00:11:06,456 [INFO] E069 | Batch 002 | LR: 0.00593 | Loss: 0.0990 | GradNorm: 1.2549 | Batch P@10: 40.0%
2026-03-14 00:11:10,551 [INFO] E069 | Batch 003 | LR: 0.00593 | Loss: 0.1281 | GradNorm: 0.5887 | Batch P@10: 40.0%
2026-03-14 00:11:14,819 [INFO] E069 | Batch 004 | LR: 0.00592 | Loss: 0.1033 | GradNorm: 1.4838 | Batch P@10: 50.0%
2026-03-14 00:11:18,856 [INFO] E069 | Batch 005 | LR: 0.00592 | Loss: 0.2169 | GradNorm: 1.2759 | Batch P@10: 50.0%
2026-03-14 00:11:23,012 [INFO] E069 | Batch 006 | LR: 0.00592 | Loss: 0.1191 | GradNorm: 0.8858 | Batch P@10: 30.0%
2026-03-14 00:11:27,030 [INFO] E069 | Batch 007 | LR: 0.00591 | Loss: 0.0852 | GradNorm: 1.6466 | Batch P@10: 40.0%
2026-03-14 00:11:31,020 [INFO] E069 | Batch 008 | LR: 0.00591 | Loss: 0.0929 | GradNorm: 3.3008 | Batch P@10: 80.0%
2026-03-14 00:11:35,078 [INFO] E069 | Batch 009 | LR: 0.00590 | Loss: 0.1020 | GradNorm: 1.1383 | Batch P@10: 40.0%
2026-03-14 00:11:39,081 [INFO] E069 | Batch 010 | LR: 0.00590 | Loss: 0.1058 | GradNorm: 0.8246 | Batch P@10: 30.0%
2026-03-14 00:11:43,063 [INFO] E069 | Batch 011 | LR: 0.00590 | Loss: 0.1143 | GradNorm: 0.6724 | Batch P@10: 50.0%
2026-03-14 00:11:47,104 [INFO] E069 | Batch 012 | LR: 0.00589 | Loss: 0.1150 | GradNorm: 0.6921 | Batch P@10: 60.0%
2026-03-14 00:11:51,231 [INFO] E069 | Batch 013 | LR: 0.00589 | Loss: 0.0945 | GradNorm: 0.7199 | Batch P@10: 70.0%
2026-03-14 00:11:55,228 [INFO] E069 | Batch 014 | LR: 0.00588 | Loss: 0.1053 | GradNorm: 2.3015 | Batch P@10: 30.0%
2026-03-14 00:11:59,380 [INFO] E069 | Batch 015 | LR: 0.00588 | Loss: 0.0949 | GradNorm: 0.9088 | Batch P@10: 60.0%
2026-03-14 00:12:03,552 [INFO] E069 | Batch 016 | LR: 0.00587 | Loss: 0.0978 | GradNorm: 0.4389 | Batch P@10: 40.0%
2026-03-14 00:12:07,623 [INFO] E069 | Batch 017 | LR: 0.00587 | Loss: 0.1245 | GradNorm: 0.7798 | Batch P@10: 50.0%
2026-03-14 00:12:11,648 [INFO] E069 | Batch 018 | LR: 0.00587 | Loss: 0.1691 | GradNorm: 1.6620 | Batch P@10: 50.0%
2026-03-14 00:12:15,792 [INFO] E069 | Batch 019 | LR: 0.00586 | Loss: 0.1084 | GradNorm: 0.6020 | Batch P@10: 30.0%
2026-03-14 00:12:19,858 [INFO] E069 | Batch 020 | LR: 0.00586 | Loss: 0.1008 | GradNorm: 0.5919 | Batch P@10: 60.0%
2026-03-14 00:12:23,906 [INFO] E069 | Batch 021 | LR: 0.00585 | Loss: 0.1035 | GradNorm: 0.8912 | Batch P@10: 70.0%
2026-03-14 00:12:28,045 [INFO] E069 | Batch 022 | LR: 0.00585 | Loss: 0.1007 | GradNorm: 1.0206 | Batch P@10: 30.0%
2026-03-14 00:12:32,074 [INFO] E069 | Batch 023 | LR: 0.00584 | Loss: 0.0917 | GradNorm: 0.4049 | Batch P@10: 50.0%
2026-03-14 00:12:36,240 [INFO] E069 | Batch 024 | LR: 0.00584 | Loss: 0.1018 | GradNorm: 0.5340 | Batch P@10: 50.0%
2026-03-14 00:12:40,420 [INFO] E069 | Batch 025 | LR: 0.00584 | Loss: 0.0883 | GradNorm: 0.8766 | Batch P@10: 80.0%
2026-03-14 00:12:44,529 [INFO] E069 | Batch 026 | LR: 0.00583 | Loss: 0.0946 | GradNorm: 0.3811 | Batch P@10: 30.0%
2026-03-14 00:12:48,571 [INFO] E069 | Batch 027 | LR: 0.00583 | Loss: 0.1010 | GradNorm: 0.5054 | Batch P@10: 20.0%
2026-03-14 00:12:52,822 [INFO] E069 | Batch 028 | LR: 0.00582 | Loss: 0.0799 | GradNorm: 0.6507 | Batch P@10: 60.0%
2026-03-14 00:12:56,814 [INFO] E069 | Batch 029 | LR: 0.00582 | Loss: 0.1261 | GradNorm: 0.8208 | Batch P@10: 40.0%
2026-03-14 00:13:00,875 [INFO] E069 | Batch 030 | LR: 0.00581 | Loss: 0.0947 | GradNorm: 0.7752 | Batch P@10: 40.0%
2026-03-14 00:13:04,941 [INFO] E069 | Batch 031 | LR: 0.00581 | Loss: 0.0974 | GradNorm: 1.0382 | Batch P@10: 20.0%
2026-03-14 00:13:09,096 [INFO] E069 | Batch 032 | LR: 0.00581 | Loss: 0.0928 | GradNorm: 0.4195 | Batch P@10: 50.0%
2026-03-14 00:13:13,100 [INFO] E069 | Batch 033 | LR: 0.00580 | Loss: 0.1865 | GradNorm: 0.6470 | Batch P@10: 30.0%
2026-03-14 00:13:17,114 [INFO] E069 | Batch 034 | LR: 0.00580 | Loss: 0.1016 | GradNorm: 2.2554 | Batch P@10: 70.0%
2026-03-14 00:13:21,208 [INFO] E069 | Batch 035 | LR: 0.00579 | Loss: 0.0999 | GradNorm: 0.4620 | Batch P@10: 50.0%
2026-03-14 00:13:25,229 [INFO] E069 | Batch 036 | LR: 0.00579 | Loss: 0.1109 | GradNorm: 0.5567 | Batch P@10: 40.0%
2026-03-14 00:13:29,282 [INFO] E069 | Batch 037 | LR: 0.00578 | Loss: 0.1064 | GradNorm: 1.0506 | Batch P@10: 60.0%
2026-03-14 00:13:37,551 [INFO] 
---> FIM DA ÉPOCA 69 | Val P@10: 45.2709% | Loss Média: 0.1065 | Grad Médio: 1.0044 | Recorde Geral: 46.1084% <---

2026-03-14 00:13:41,848 [INFO] E070 | Batch 001 | LR: 0.00578 | Loss: 0.1797 | GradNorm: 0.4585 | Batch P@10: 30.0%
2026-03-14 00:13:45,978 [INFO] E070 | Batch 002 | LR: 0.00578 | Loss: 0.1215 | GradNorm: 2.4954 | Batch P@10: 30.0%
2026-03-14 00:13:49,955 [INFO] E070 | Batch 003 | LR: 0.00577 | Loss: 0.0955 | GradNorm: 2.3111 | Batch P@10: 30.0%
2026-03-14 00:13:53,978 [INFO] E070 | Batch 004 | LR: 0.00577 | Loss: 0.2780 | GradNorm: 0.9907 | Batch P@10: 30.0%
2026-03-14 00:13:58,044 [INFO] E070 | Batch 005 | LR: 0.00576 | Loss: 0.0935 | GradNorm: 1.0425 | Batch P@10: 30.0%
2026-03-14 00:14:02,057 [INFO] E070 | Batch 006 | LR: 0.00576 | Loss: 0.1008 | GradNorm: 1.3342 | Batch P@10: 30.0%
2026-03-14 00:14:06,223 [INFO] E070 | Batch 007 | LR: 0.00575 | Loss: 0.1149 | GradNorm: 0.7954 | Batch P@10: 30.0%
2026-03-14 00:14:10,399 [INFO] E070 | Batch 008 | LR: 0.00575 | Loss: 0.1050 | GradNorm: 1.1420 | Batch P@10: 50.0%
2026-03-14 00:14:14,443 [INFO] E070 | Batch 009 | LR: 0.00575 | Loss: 0.0801 | GradNorm: 0.5921 | Batch P@10: 50.0%
2026-03-14 00:14:18,416 [INFO] E070 | Batch 010 | LR: 0.00574 | Loss: 0.1114 | GradNorm: 0.4671 | Batch P@10: 50.0%
2026-03-14 00:14:22,468 [INFO] E070 | Batch 011 | LR: 0.00574 | Loss: 0.1036 | GradNorm: 0.9735 | Batch P@10: 50.0%
2026-03-14 00:14:26,429 [INFO] E070 | Batch 012 | LR: 0.00573 | Loss: 0.1107 | GradNorm: 0.5097 | Batch P@10: 30.0%
2026-03-14 00:14:30,406 [INFO] E070 | Batch 013 | LR: 0.00573 | Loss: 0.1024 | GradNorm: 0.3980 | Batch P@10: 40.0%
2026-03-14 00:14:34,379 [INFO] E070 | Batch 014 | LR: 0.00573 | Loss: 0.0966 | GradNorm: 1.0929 | Batch P@10: 50.0%
2026-03-14 00:14:38,363 [INFO] E070 | Batch 015 | LR: 0.00572 | Loss: 0.0983 | GradNorm: 0.8498 | Batch P@10: 40.0%
2026-03-14 00:14:42,351 [INFO] E070 | Batch 016 | LR: 0.00572 | Loss: 0.2801 | GradNorm: 4.5476 | Batch P@10: 30.0%
2026-03-14 00:14:46,433 [INFO] E070 | Batch 017 | LR: 0.00571 | Loss: 0.1799 | GradNorm: 5.0578 | Batch P@10: 30.0%
2026-03-14 00:14:50,440 [INFO] E070 | Batch 018 | LR: 0.00571 | Loss: 0.0861 | GradNorm: 1.8625 | Batch P@10: 50.0%
2026-03-14 00:14:54,409 [INFO] E070 | Batch 019 | LR: 0.00570 | Loss: 0.0987 | GradNorm: 0.7832 | Batch P@10: 40.0%
2026-03-14 00:14:58,484 [INFO] E070 | Batch 020 | LR: 0.00570 | Loss: 0.1974 | GradNorm: 0.9172 | Batch P@10: 40.0%
2026-03-14 00:15:02,640 [INFO] E070 | Batch 021 | LR: 0.00570 | Loss: 0.2123 | GradNorm: 1.0983 | Batch P@10: 30.0%
2026-03-14 00:15:06,739 [INFO] E070 | Batch 022 | LR: 0.00569 | Loss: 0.1080 | GradNorm: 0.5146 | Batch P@10: 40.0%
2026-03-14 00:15:10,727 [INFO] E070 | Batch 023 | LR: 0.00569 | Loss: 0.1101 | GradNorm: 0.7157 | Batch P@10: 20.0%
2026-03-14 00:15:14,774 [INFO] E070 | Batch 024 | LR: 0.00568 | Loss: 0.1027 | GradNorm: 0.7724 | Batch P@10: 60.0%
2026-03-14 00:15:18,893 [INFO] E070 | Batch 025 | LR: 0.00568 | Loss: 0.1405 | GradNorm: 0.4312 | Batch P@10: 30.0%
2026-03-14 00:15:23,025 [INFO] E070 | Batch 026 | LR: 0.00567 | Loss: 0.1284 | GradNorm: 0.3061 | Batch P@10: 30.0%
2026-03-14 00:15:27,118 [INFO] E070 | Batch 027 | LR: 0.00567 | Loss: 0.1013 | GradNorm: 0.9769 | Batch P@10: 40.0%
2026-03-14 00:15:31,035 [INFO] E070 | Batch 028 | LR: 0.00567 | Loss: 0.1095 | GradNorm: 0.3675 | Batch P@10: 50.0%
2026-03-14 00:15:35,002 [INFO] E070 | Batch 029 | LR: 0.00566 | Loss: 0.1105 | GradNorm: 0.5970 | Batch P@10: 30.0%
2026-03-14 00:15:39,138 [INFO] E070 | Batch 030 | LR: 0.00566 | Loss: 0.1169 | GradNorm: 0.6228 | Batch P@10: 20.0%
2026-03-14 00:15:43,100 [INFO] E070 | Batch 031 | LR: 0.00565 | Loss: 0.1120 | GradNorm: 0.5125 | Batch P@10: 20.0%
2026-03-14 00:15:47,081 [INFO] E070 | Batch 032 | LR: 0.00565 | Loss: 0.0926 | GradNorm: 1.2065 | Batch P@10: 50.0%
2026-03-14 00:15:51,165 [INFO] E070 | Batch 033 | LR: 0.00564 | Loss: 0.0946 | GradNorm: 0.5239 | Batch P@10: 50.0%
2026-03-14 00:15:55,210 [INFO] E070 | Batch 034 | LR: 0.00564 | Loss: 0.0898 | GradNorm: 0.4901 | Batch P@10: 40.0%
2026-03-14 00:15:59,173 [INFO] E070 | Batch 035 | LR: 0.00564 | Loss: 0.1255 | GradNorm: 1.9038 | Batch P@10: 50.0%
2026-03-14 00:16:03,244 [INFO] E070 | Batch 036 | LR: 0.00563 | Loss: 0.0928 | GradNorm: 0.2946 | Batch P@10: 50.0%
2026-03-14 00:16:07,208 [INFO] E070 | Batch 037 | LR: 0.00563 | Loss: 0.1188 | GradNorm: 0.7305 | Batch P@10: 40.0%
2026-03-14 00:16:15,671 [INFO] 
---> FIM DA ÉPOCA 70 | Val P@10: 45.3695% | Loss Média: 0.1211 | Grad Médio: 1.0996 | Recorde Geral: 46.1084% <---

2026-03-14 00:16:19,941 [INFO] E071 | Batch 001 | LR: 0.00562 | Loss: 0.0975 | GradNorm: 1.1607 | Batch P@10: 60.0%
2026-03-14 00:16:23,894 [INFO] E071 | Batch 002 | LR: 0.00562 | Loss: 0.0930 | GradNorm: 0.3877 | Batch P@10: 70.0%
2026-03-14 00:16:27,954 [INFO] E071 | Batch 003 | LR: 0.00561 | Loss: 0.0956 | GradNorm: 2.6881 | Batch P@10: 50.0%
2026-03-14 00:16:32,075 [INFO] E071 | Batch 004 | LR: 0.00561 | Loss: 0.0948 | GradNorm: 2.1451 | Batch P@10: 20.0%
2026-03-14 00:16:36,058 [INFO] E071 | Batch 005 | LR: 0.00561 | Loss: 0.1487 | GradNorm: 0.5235 | Batch P@10: 50.0%
2026-03-14 00:16:40,026 [INFO] E071 | Batch 006 | LR: 0.00560 | Loss: 0.0959 | GradNorm: 0.7414 | Batch P@10: 30.0%
2026-03-14 00:16:44,031 [INFO] E071 | Batch 007 | LR: 0.00560 | Loss: 0.0839 | GradNorm: 0.5192 | Batch P@10: 60.0%
2026-03-14 00:16:48,178 [INFO] E071 | Batch 008 | LR: 0.00559 | Loss: 0.1243 | GradNorm: 1.1582 | Batch P@10: 20.0%
2026-03-14 00:16:52,202 [INFO] E071 | Batch 009 | LR: 0.00559 | Loss: 0.1001 | GradNorm: 2.3372 | Batch P@10: 50.0%
2026-03-14 00:16:56,273 [INFO] E071 | Batch 010 | LR: 0.00558 | Loss: 0.0846 | GradNorm: 0.8587 | Batch P@10: 30.0%
2026-03-14 00:17:00,325 [INFO] E071 | Batch 011 | LR: 0.00558 | Loss: 0.0953 | GradNorm: 0.9784 | Batch P@10: 40.0%
2026-03-14 00:17:04,370 [INFO] E071 | Batch 012 | LR: 0.00558 | Loss: 0.0998 | GradNorm: 0.7751 | Batch P@10: 40.0%
2026-03-14 00:17:08,490 [INFO] E071 | Batch 013 | LR: 0.00557 | Loss: 0.0902 | GradNorm: 0.6686 | Batch P@10: 50.0%
2026-03-14 00:17:12,624 [INFO] E071 | Batch 014 | LR: 0.00557 | Loss: 0.1080 | GradNorm: 2.0597 | Batch P@10: 40.0%
2026-03-14 00:17:17,006 [INFO] E071 | Batch 015 | LR: 0.00556 | Loss: 0.0991 | GradNorm: 0.4032 | Batch P@10: 50.0%
2026-03-14 00:17:21,232 [INFO] E071 | Batch 016 | LR: 0.00556 | Loss: 0.1089 | GradNorm: 0.3729 | Batch P@10: 50.0%
2026-03-14 00:17:25,570 [INFO] E071 | Batch 017 | LR: 0.00555 | Loss: 0.1695 | GradNorm: 0.4910 | Batch P@10: 40.0%
2026-03-14 00:17:30,032 [INFO] E071 | Batch 018 | LR: 0.00555 | Loss: 0.1310 | GradNorm: 1.0767 | Batch P@10: 30.0%
2026-03-14 00:17:34,051 [INFO] E071 | Batch 019 | LR: 0.00555 | Loss: 0.0919 | GradNorm: 0.4131 | Batch P@10: 30.0%
2026-03-14 00:17:38,149 [INFO] E071 | Batch 020 | LR: 0.00554 | Loss: 0.1732 | GradNorm: 0.6365 | Batch P@10: 40.0%
2026-03-14 00:17:42,364 [INFO] E071 | Batch 021 | LR: 0.00554 | Loss: 0.1168 | GradNorm: 0.6066 | Batch P@10: 40.0%
2026-03-14 00:17:46,545 [INFO] E071 | Batch 022 | LR: 0.00553 | Loss: 0.2151 | GradNorm: 0.5659 | Batch P@10: 60.0%
2026-03-14 00:17:50,550 [INFO] E071 | Batch 023 | LR: 0.00553 | Loss: 0.0905 | GradNorm: 0.7990 | Batch P@10: 60.0%
2026-03-14 00:17:54,727 [INFO] E071 | Batch 024 | LR: 0.00552 | Loss: 0.1422 | GradNorm: 0.3476 | Batch P@10: 40.0%
2026-03-14 00:17:58,769 [INFO] E071 | Batch 025 | LR: 0.00552 | Loss: 0.1067 | GradNorm: 1.1565 | Batch P@10: 30.0%
2026-03-14 00:18:02,913 [INFO] E071 | Batch 026 | LR: 0.00552 | Loss: 0.0946 | GradNorm: 0.8075 | Batch P@10: 60.0%
2026-03-14 00:18:06,931 [INFO] E071 | Batch 027 | LR: 0.00551 | Loss: 0.0918 | GradNorm: 0.4064 | Batch P@10: 50.0%
2026-03-14 00:18:10,929 [INFO] E071 | Batch 028 | LR: 0.00551 | Loss: 0.0663 | GradNorm: 4.7563 | Batch P@10: 50.0%
2026-03-14 00:18:14,987 [INFO] E071 | Batch 029 | LR: 0.00550 | Loss: 0.0831 | GradNorm: 3.6684 | Batch P@10: 20.0%
2026-03-14 00:18:19,192 [INFO] E071 | Batch 030 | LR: 0.00550 | Loss: 0.0894 | GradNorm: 2.1272 | Batch P@10: 40.0%
2026-03-14 00:18:23,209 [INFO] E071 | Batch 031 | LR: 0.00549 | Loss: 0.1127 | GradNorm: 0.7006 | Batch P@10: 30.0%
2026-03-14 00:18:27,195 [INFO] E071 | Batch 032 | LR: 0.00549 | Loss: 0.0983 | GradNorm: 1.2122 | Batch P@10: 30.0%
2026-03-14 00:18:31,248 [INFO] E071 | Batch 033 | LR: 0.00549 | Loss: 0.1100 | GradNorm: 0.5927 | Batch P@10: 40.0%
2026-03-14 00:18:35,517 [INFO] E071 | Batch 034 | LR: 0.00548 | Loss: 0.1202 | GradNorm: 0.8010 | Batch P@10: 20.0%
2026-03-14 00:18:39,571 [INFO] E071 | Batch 035 | LR: 0.00548 | Loss: 0.0915 | GradNorm: 0.7183 | Batch P@10: 40.0%
2026-03-14 00:18:43,745 [INFO] E071 | Batch 036 | LR: 0.00547 | Loss: 0.1410 | GradNorm: 2.3183 | Batch P@10: 40.0%
2026-03-14 00:18:47,962 [INFO] E071 | Batch 037 | LR: 0.00547 | Loss: 0.0851 | GradNorm: 1.8977 | Batch P@10: 60.0%
2026-03-14 00:18:56,684 [INFO] 
---> FIM DA ÉPOCA 71 | Val P@10: 45.3695% | Loss Média: 0.1063 | Grad Médio: 1.1859 | Recorde Geral: 46.1084% <---

2026-03-14 00:19:00,865 [INFO] E072 | Batch 001 | LR: 0.00546 | Loss: 0.0973 | GradNorm: 0.4417 | Batch P@10: 50.0%
2026-03-14 00:19:04,978 [INFO] E072 | Batch 002 | LR: 0.00546 | Loss: 0.0899 | GradNorm: 1.1806 | Batch P@10: 60.0%
2026-03-14 00:19:09,115 [INFO] E072 | Batch 003 | LR: 0.00546 | Loss: 0.1090 | GradNorm: 0.5588 | Batch P@10: 40.0%
2026-03-14 00:19:13,106 [INFO] E072 | Batch 004 | LR: 0.00545 | Loss: 0.1731 | GradNorm: 2.6192 | Batch P@10: 20.0%
2026-03-14 00:19:17,081 [INFO] E072 | Batch 005 | LR: 0.00545 | Loss: 0.1100 | GradNorm: 0.6669 | Batch P@10: 20.0%
2026-03-14 00:19:21,095 [INFO] E072 | Batch 006 | LR: 0.00544 | Loss: 0.0971 | GradNorm: 0.3986 | Batch P@10: 40.0%
2026-03-14 00:19:25,154 [INFO] E072 | Batch 007 | LR: 0.00544 | Loss: 0.1180 | GradNorm: 0.7997 | Batch P@10: 40.0%
2026-03-14 00:19:29,240 [INFO] E072 | Batch 008 | LR: 0.00543 | Loss: 0.1174 | GradNorm: 0.8453 | Batch P@10: 60.0%
2026-03-14 00:19:33,243 [INFO] E072 | Batch 009 | LR: 0.00543 | Loss: 0.1174 | GradNorm: 0.3877 | Batch P@10: 50.0%
2026-03-14 00:19:37,232 [INFO] E072 | Batch 010 | LR: 0.00543 | Loss: 0.1068 | GradNorm: 0.4828 | Batch P@10: 50.0%
2026-03-14 00:19:41,246 [INFO] E072 | Batch 011 | LR: 0.00542 | Loss: 0.0888 | GradNorm: 0.7549 | Batch P@10: 50.0%
2026-03-14 00:19:45,241 [INFO] E072 | Batch 012 | LR: 0.00542 | Loss: 0.0839 | GradNorm: 0.2953 | Batch P@10: 50.0%
2026-03-14 00:19:49,415 [INFO] E072 | Batch 013 | LR: 0.00541 | Loss: 0.2080 | GradNorm: 2.2893 | Batch P@10: 40.0%
2026-03-14 00:19:53,457 [INFO] E072 | Batch 014 | LR: 0.00541 | Loss: 0.1437 | GradNorm: 0.6760 | Batch P@10: 30.0%
2026-03-14 00:19:57,465 [INFO] E072 | Batch 015 | LR: 0.00540 | Loss: 0.1040 | GradNorm: 0.4887 | Batch P@10: 30.0%
2026-03-14 00:20:01,495 [INFO] E072 | Batch 016 | LR: 0.00540 | Loss: 0.0894 | GradNorm: 0.5539 | Batch P@10: 40.0%
2026-03-14 00:20:05,668 [INFO] E072 | Batch 017 | LR: 0.00540 | Loss: 0.1073 | GradNorm: 0.4646 | Batch P@10: 30.0%
2026-03-14 00:20:09,875 [INFO] E072 | Batch 018 | LR: 0.00539 | Loss: 0.1404 | GradNorm: 1.9573 | Batch P@10: 40.0%
2026-03-14 00:20:14,060 [INFO] E072 | Batch 019 | LR: 0.00539 | Loss: 0.1348 | GradNorm: 0.8005 | Batch P@10: 30.0%
2026-03-14 00:20:18,054 [INFO] E072 | Batch 020 | LR: 0.00538 | Loss: 0.1112 | GradNorm: 0.5516 | Batch P@10: 30.0%
2026-03-14 00:20:22,099 [INFO] E072 | Batch 021 | LR: 0.00538 | Loss: 0.1153 | GradNorm: 0.7936 | Batch P@10: 40.0%
2026-03-14 00:20:26,107 [INFO] E072 | Batch 022 | LR: 0.00537 | Loss: 0.1129 | GradNorm: 1.1630 | Batch P@10: 60.0%
2026-03-14 00:20:30,278 [INFO] E072 | Batch 023 | LR: 0.00537 | Loss: 0.0910 | GradNorm: 1.1334 | Batch P@10: 50.0%
2026-03-14 00:20:34,450 [INFO] E072 | Batch 024 | LR: 0.00537 | Loss: 0.1057 | GradNorm: 0.8944 | Batch P@10: 50.0%
2026-03-14 00:20:38,517 [INFO] E072 | Batch 025 | LR: 0.00536 | Loss: 0.1159 | GradNorm: 2.1739 | Batch P@10: 40.0%
2026-03-14 00:20:42,686 [INFO] E072 | Batch 026 | LR: 0.00536 | Loss: 0.1325 | GradNorm: 3.6117 | Batch P@10: 60.0%
2026-03-14 00:20:46,896 [INFO] E072 | Batch 027 | LR: 0.00535 | Loss: 0.1217 | GradNorm: 5.9000 | Batch P@10: 40.0%
2026-03-14 00:20:50,930 [INFO] E072 | Batch 028 | LR: 0.00535 | Loss: 0.1022 | GradNorm: 0.7965 | Batch P@10: 40.0%
2026-03-14 00:20:54,914 [INFO] E072 | Batch 029 | LR: 0.00534 | Loss: 0.0803 | GradNorm: 0.8720 | Batch P@10: 50.0%
2026-03-14 00:20:58,897 [INFO] E072 | Batch 030 | LR: 0.00534 | Loss: 0.1172 | GradNorm: 1.2345 | Batch P@10: 60.0%
2026-03-14 00:21:02,994 [INFO] E072 | Batch 031 | LR: 0.00534 | Loss: 0.1047 | GradNorm: 1.2648 | Batch P@10: 20.0%
2026-03-14 00:21:07,212 [INFO] E072 | Batch 032 | LR: 0.00533 | Loss: 0.0961 | GradNorm: 0.5266 | Batch P@10: 30.0%
2026-03-14 00:21:11,359 [INFO] E072 | Batch 033 | LR: 0.00533 | Loss: 0.2165 | GradNorm: 2.9546 | Batch P@10: 30.0%
2026-03-14 00:21:15,333 [INFO] E072 | Batch 034 | LR: 0.00532 | Loss: 0.0841 | GradNorm: 2.8142 | Batch P@10: 40.0%
2026-03-14 00:21:19,326 [INFO] E072 | Batch 035 | LR: 0.00532 | Loss: 0.0846 | GradNorm: 1.9630 | Batch P@10: 70.0%
2026-03-14 00:21:23,443 [INFO] E072 | Batch 036 | LR: 0.00531 | Loss: 0.1027 | GradNorm: 0.4828 | Batch P@10: 30.0%
2026-03-14 00:21:27,574 [INFO] E072 | Batch 037 | LR: 0.00531 | Loss: 0.1053 | GradNorm: 1.0593 | Batch P@10: 50.0%
2026-03-14 00:21:36,134 [INFO] 
---> FIM DA ÉPOCA 72 | Val P@10: 46.0099% | Loss Média: 0.1115 | Grad Médio: 1.2663 | Recorde Geral: 46.1084% <---

2026-03-14 00:21:40,297 [INFO] E073 | Batch 001 | LR: 0.00531 | Loss: 0.0994 | GradNorm: 1.0121 | Batch P@10: 60.0%
2026-03-14 00:21:44,438 [INFO] E073 | Batch 002 | LR: 0.00530 | Loss: 0.1052 | GradNorm: 0.8793 | Batch P@10: 60.0%
2026-03-14 00:21:48,500 [INFO] E073 | Batch 003 | LR: 0.00530 | Loss: 0.0992 | GradNorm: 0.6202 | Batch P@10: 50.0%
2026-03-14 00:21:52,616 [INFO] E073 | Batch 004 | LR: 0.00529 | Loss: 0.0866 | GradNorm: 2.0344 | Batch P@10: 50.0%
2026-03-14 00:21:56,688 [INFO] E073 | Batch 005 | LR: 0.00529 | Loss: 0.1217 | GradNorm: 0.4586 | Batch P@10: 30.0%
2026-03-14 00:22:00,690 [INFO] E073 | Batch 006 | LR: 0.00528 | Loss: 0.0995 | GradNorm: 0.3804 | Batch P@10: 30.0%
2026-03-14 00:22:04,732 [INFO] E073 | Batch 007 | LR: 0.00528 | Loss: 0.0869 | GradNorm: 0.5767 | Batch P@10: 60.0%
2026-03-14 00:22:08,873 [INFO] E073 | Batch 008 | LR: 0.00528 | Loss: 0.0821 | GradNorm: 0.4915 | Batch P@10: 50.0%
2026-03-14 00:22:13,007 [INFO] E073 | Batch 009 | LR: 0.00527 | Loss: 0.0918 | GradNorm: 0.3482 | Batch P@10: 50.0%
2026-03-14 00:22:17,012 [INFO] E073 | Batch 010 | LR: 0.00527 | Loss: 0.0829 | GradNorm: 0.3816 | Batch P@10: 60.0%
2026-03-14 00:22:20,969 [INFO] E073 | Batch 011 | LR: 0.00526 | Loss: 0.0784 | GradNorm: 5.8702 | Batch P@10: 30.0%
2026-03-14 00:22:25,147 [INFO] E073 | Batch 012 | LR: 0.00526 | Loss: 0.0861 | GradNorm: 3.1317 | Batch P@10: 20.0%
2026-03-14 00:22:29,226 [INFO] E073 | Batch 013 | LR: 0.00525 | Loss: 0.0986 | GradNorm: 1.1996 | Batch P@10: 40.0%
2026-03-14 00:22:33,432 [INFO] E073 | Batch 014 | LR: 0.00525 | Loss: 0.0999 | GradNorm: 0.6182 | Batch P@10: 20.0%
2026-03-14 00:22:37,395 [INFO] E073 | Batch 015 | LR: 0.00525 | Loss: 0.1031 | GradNorm: 1.1848 | Batch P@10: 40.0%
2026-03-14 00:22:41,443 [INFO] E073 | Batch 016 | LR: 0.00524 | Loss: 0.0908 | GradNorm: 1.1981 | Batch P@10: 30.0%
2026-03-14 00:22:45,516 [INFO] E073 | Batch 017 | LR: 0.00524 | Loss: 0.1787 | GradNorm: 0.4091 | Batch P@10: 20.0%
2026-03-14 00:22:49,543 [INFO] E073 | Batch 018 | LR: 0.00523 | Loss: 0.1568 | GradNorm: 2.2929 | Batch P@10: 40.0%
2026-03-14 00:22:53,530 [INFO] E073 | Batch 019 | LR: 0.00523 | Loss: 0.0905 | GradNorm: 0.5853 | Batch P@10: 30.0%
2026-03-14 00:22:57,630 [INFO] E073 | Batch 020 | LR: 0.00522 | Loss: 0.1369 | GradNorm: 1.1269 | Batch P@10: 40.0%
2026-03-14 00:23:01,707 [INFO] E073 | Batch 021 | LR: 0.00522 | Loss: 0.0799 | GradNorm: 1.1332 | Batch P@10: 50.0%
2026-03-14 00:23:05,765 [INFO] E073 | Batch 022 | LR: 0.00522 | Loss: 0.0827 | GradNorm: 0.5197 | Batch P@10: 30.0%
2026-03-14 00:23:09,848 [INFO] E073 | Batch 023 | LR: 0.00521 | Loss: 0.0759 | GradNorm: 1.0851 | Batch P@10: 30.0%
2026-03-14 00:23:13,934 [INFO] E073 | Batch 024 | LR: 0.00521 | Loss: 0.0984 | GradNorm: 3.2260 | Batch P@10: 40.0%
2026-03-14 00:23:17,977 [INFO] E073 | Batch 025 | LR: 0.00520 | Loss: 0.1020 | GradNorm: 1.0831 | Batch P@10: 50.0%
2026-03-14 00:23:21,961 [INFO] E073 | Batch 026 | LR: 0.00520 | Loss: 0.1274 | GradNorm: 0.6899 | Batch P@10: 50.0%
2026-03-14 00:23:26,045 [INFO] E073 | Batch 027 | LR: 0.00519 | Loss: 0.0975 | GradNorm: 0.9745 | Batch P@10: 60.0%
2026-03-14 00:23:29,977 [INFO] E073 | Batch 028 | LR: 0.00519 | Loss: 0.0833 | GradNorm: 0.8388 | Batch P@10: 70.0%
2026-03-14 00:23:33,966 [INFO] E073 | Batch 029 | LR: 0.00519 | Loss: 0.0810 | GradNorm: 0.6423 | Batch P@10: 60.0%
2026-03-14 00:23:38,065 [INFO] E073 | Batch 030 | LR: 0.00518 | Loss: 0.1006 | GradNorm: 3.2367 | Batch P@10: 40.0%
2026-03-14 00:23:42,035 [INFO] E073 | Batch 031 | LR: 0.00518 | Loss: 0.0905 | GradNorm: 0.9943 | Batch P@10: 50.0%
2026-03-14 00:23:46,120 [INFO] E073 | Batch 032 | LR: 0.00517 | Loss: 0.1379 | GradNorm: 0.5618 | Batch P@10: 40.0%
2026-03-14 00:23:50,186 [INFO] E073 | Batch 033 | LR: 0.00517 | Loss: 0.1081 | GradNorm: 1.1668 | Batch P@10: 30.0%
2026-03-14 00:23:54,148 [INFO] E073 | Batch 034 | LR: 0.00516 | Loss: 0.0968 | GradNorm: 0.6542 | Batch P@10: 40.0%
2026-03-14 00:23:58,156 [INFO] E073 | Batch 035 | LR: 0.00516 | Loss: 0.1123 | GradNorm: 0.5914 | Batch P@10: 50.0%
2026-03-14 00:24:02,171 [INFO] E073 | Batch 036 | LR: 0.00516 | Loss: 0.1055 | GradNorm: 0.5910 | Batch P@10: 50.0%
2026-03-14 00:24:06,105 [INFO] E073 | Batch 037 | LR: 0.00515 | Loss: 0.0881 | GradNorm: 1.9878 | Batch P@10: 60.0%
2026-03-14 00:24:14,368 [INFO] 
---> FIM DA ÉPOCA 73 | Val P@10: 46.0591% | Loss Média: 0.0985 | Grad Médio: 1.2102 | Recorde Geral: 46.1084% <---

2026-03-14 00:24:18,454 [INFO] E074 | Batch 001 | LR: 0.00515 | Loss: 0.0929 | GradNorm: 1.5160 | Batch P@10: 20.0%
2026-03-14 00:24:22,481 [INFO] E074 | Batch 002 | LR: 0.00514 | Loss: 0.0957 | GradNorm: 0.4617 | Batch P@10: 30.0%
2026-03-14 00:24:26,455 [INFO] E074 | Batch 003 | LR: 0.00514 | Loss: 0.1105 | GradNorm: 0.9495 | Batch P@10: 40.0%
2026-03-14 00:24:30,504 [INFO] E074 | Batch 004 | LR: 0.00513 | Loss: 0.1330 | GradNorm: 1.1249 | Batch P@10: 40.0%
2026-03-14 00:24:34,615 [INFO] E074 | Batch 005 | LR: 0.00513 | Loss: 0.1082 | GradNorm: 0.3324 | Batch P@10: 60.0%
2026-03-14 00:24:38,588 [INFO] E074 | Batch 006 | LR: 0.00512 | Loss: 0.1210 | GradNorm: 3.7621 | Batch P@10: 30.0%
2026-03-14 00:24:42,539 [INFO] E074 | Batch 007 | LR: 0.00512 | Loss: 0.0817 | GradNorm: 0.8891 | Batch P@10: 40.0%
2026-03-14 00:24:46,496 [INFO] E074 | Batch 008 | LR: 0.00512 | Loss: 0.1033 | GradNorm: 0.4303 | Batch P@10: 60.0%
2026-03-14 00:24:50,643 [INFO] E074 | Batch 009 | LR: 0.00511 | Loss: 0.1116 | GradNorm: 1.2221 | Batch P@10: 30.0%
2026-03-14 00:24:54,758 [INFO] E074 | Batch 010 | LR: 0.00511 | Loss: 0.0854 | GradNorm: 0.8645 | Batch P@10: 70.0%
2026-03-14 00:24:58,837 [INFO] E074 | Batch 011 | LR: 0.00510 | Loss: 0.0906 | GradNorm: 0.6625 | Batch P@10: 70.0%
2026-03-14 00:25:02,975 [INFO] E074 | Batch 012 | LR: 0.00510 | Loss: 0.0759 | GradNorm: 0.5171 | Batch P@10: 70.0%
2026-03-14 00:25:06,987 [INFO] E074 | Batch 013 | LR: 0.00509 | Loss: 0.1354 | GradNorm: 4.6000 | Batch P@10: 50.0%
2026-03-14 00:25:10,954 [INFO] E074 | Batch 014 | LR: 0.00509 | Loss: 0.1638 | GradNorm: 3.2914 | Batch P@10: 30.0%
2026-03-14 00:25:14,898 [INFO] E074 | Batch 015 | LR: 0.00509 | Loss: 0.1245 | GradNorm: 0.5068 | Batch P@10: 50.0%
2026-03-14 00:25:19,245 [INFO] E074 | Batch 016 | LR: 0.00508 | Loss: 0.1021 | GradNorm: 0.8519 | Batch P@10: 60.0%
2026-03-14 00:25:23,438 [INFO] E074 | Batch 017 | LR: 0.00508 | Loss: 0.0912 | GradNorm: 1.0344 | Batch P@10: 40.0%
2026-03-14 00:25:27,637 [INFO] E074 | Batch 018 | LR: 0.00507 | Loss: 0.0901 | GradNorm: 0.4712 | Batch P@10: 50.0%
2026-03-14 00:25:32,038 [INFO] E074 | Batch 019 | LR: 0.00507 | Loss: 0.1079 | GradNorm: 0.3681 | Batch P@10: 40.0%
2026-03-14 00:25:36,009 [INFO] E074 | Batch 020 | LR: 0.00506 | Loss: 0.0851 | GradNorm: 2.1707 | Batch P@10: 50.0%
2026-03-14 00:25:40,045 [INFO] E074 | Batch 021 | LR: 0.00506 | Loss: 0.0755 | GradNorm: 1.3540 | Batch P@10: 40.0%
2026-03-14 00:25:44,159 [INFO] E074 | Batch 022 | LR: 0.00506 | Loss: 0.1125 | GradNorm: 0.4105 | Batch P@10: 20.0%
2026-03-14 00:25:48,304 [INFO] E074 | Batch 023 | LR: 0.00505 | Loss: 0.1159 | GradNorm: 0.5655 | Batch P@10: 50.0%
2026-03-14 00:25:52,273 [INFO] E074 | Batch 024 | LR: 0.00505 | Loss: 0.0921 | GradNorm: 0.7915 | Batch P@10: 70.0%
2026-03-14 00:25:56,413 [INFO] E074 | Batch 025 | LR: 0.00504 | Loss: 0.1033 | GradNorm: 1.0374 | Batch P@10: 40.0%
2026-03-14 00:26:00,421 [INFO] E074 | Batch 026 | LR: 0.00504 | Loss: 0.0891 | GradNorm: 0.2711 | Batch P@10: 50.0%
2026-03-14 00:26:04,385 [INFO] E074 | Batch 027 | LR: 0.00503 | Loss: 0.0890 | GradNorm: 4.1889 | Batch P@10: 30.0%
2026-03-14 00:26:08,327 [INFO] E074 | Batch 028 | LR: 0.00503 | Loss: 0.0838 | GradNorm: 3.8241 | Batch P@10: 60.0%
2026-03-14 00:26:12,326 [INFO] E074 | Batch 029 | LR: 0.00503 | Loss: 0.1018 | GradNorm: 1.1570 | Batch P@10: 60.0%
2026-03-14 00:26:16,363 [INFO] E074 | Batch 030 | LR: 0.00502 | Loss: 0.0797 | GradNorm: 0.5041 | Batch P@10: 50.0%
2026-03-14 00:26:20,502 [INFO] E074 | Batch 031 | LR: 0.00502 | Loss: 0.0919 | GradNorm: 1.0809 | Batch P@10: 50.0%
2026-03-14 00:26:24,478 [INFO] E074 | Batch 032 | LR: 0.00501 | Loss: 0.1010 | GradNorm: 1.5149 | Batch P@10: 20.0%
2026-03-14 00:26:28,445 [INFO] E074 | Batch 033 | LR: 0.00501 | Loss: 0.0861 | GradNorm: 0.5948 | Batch P@10: 10.0%
2026-03-14 00:26:32,427 [INFO] E074 | Batch 034 | LR: 0.00500 | Loss: 0.0948 | GradNorm: 1.2637 | Batch P@10: 50.0%
2026-03-14 00:26:36,471 [INFO] E074 | Batch 035 | LR: 0.00500 | Loss: 0.2320 | GradNorm: 2.2755 | Batch P@10: 40.0%
2026-03-14 00:26:40,663 [INFO] E074 | Batch 036 | LR: 0.00500 | Loss: 0.1517 | GradNorm: 0.4892 | Batch P@10: 50.0%
2026-03-14 00:26:44,654 [INFO] E074 | Batch 037 | LR: 0.00499 | Loss: 0.1166 | GradNorm: 1.1280 | Batch P@10: 40.0%
2026-03-14 00:26:52,894 [INFO] 
---> FIM DA ÉPOCA 74 | Val P@10: 45.5665% | Loss Média: 0.1033 | Grad Médio: 1.3102 | Recorde Geral: 46.1084% <---

2026-03-14 00:26:57,121 [INFO] E075 | Batch 001 | LR: 0.00499 | Loss: 0.0895 | GradNorm: 0.5050 | Batch P@10: 70.0%
2026-03-14 00:27:01,051 [INFO] E075 | Batch 002 | LR: 0.00498 | Loss: 0.0824 | GradNorm: 0.5010 | Batch P@10: 50.0%
2026-03-14 00:27:05,062 [INFO] E075 | Batch 003 | LR: 0.00498 | Loss: 0.0792 | GradNorm: 2.4649 | Batch P@10: 50.0%
2026-03-14 00:27:09,210 [INFO] E075 | Batch 004 | LR: 0.00497 | Loss: 0.0982 | GradNorm: 1.8964 | Batch P@10: 30.0%
2026-03-14 00:27:13,291 [INFO] E075 | Batch 005 | LR: 0.00497 | Loss: 0.0956 | GradNorm: 0.5172 | Batch P@10: 30.0%
2026-03-14 00:27:17,499 [INFO] E075 | Batch 006 | LR: 0.00497 | Loss: 0.2016 | GradNorm: 0.9582 | Batch P@10: 30.0%
2026-03-14 00:27:21,485 [INFO] E075 | Batch 007 | LR: 0.00496 | Loss: 0.0851 | GradNorm: 1.0778 | Batch P@10: 40.0%
2026-03-14 00:27:25,549 [INFO] E075 | Batch 008 | LR: 0.00496 | Loss: 0.0978 | GradNorm: 0.9661 | Batch P@10: 30.0%
2026-03-14 00:27:29,566 [INFO] E075 | Batch 009 | LR: 0.00495 | Loss: 0.1407 | GradNorm: 0.3681 | Batch P@10: 50.0%
2026-03-14 00:27:33,651 [INFO] E075 | Batch 010 | LR: 0.00495 | Loss: 0.1030 | GradNorm: 0.7535 | Batch P@10: 50.0%
2026-03-14 00:27:37,725 [INFO] E075 | Batch 011 | LR: 0.00494 | Loss: 0.0737 | GradNorm: 0.2740 | Batch P@10: 50.0%
2026-03-14 00:27:41,696 [INFO] E075 | Batch 012 | LR: 0.00494 | Loss: 0.1527 | GradNorm: 1.8402 | Batch P@10: 50.0%
2026-03-14 00:27:45,786 [INFO] E075 | Batch 013 | LR: 0.00494 | Loss: 0.0858 | GradNorm: 1.4929 | Batch P@10: 50.0%
2026-03-14 00:27:49,800 [INFO] E075 | Batch 014 | LR: 0.00493 | Loss: 0.0855 | GradNorm: 1.2007 | Batch P@10: 50.0%
2026-03-14 00:27:53,772 [INFO] E075 | Batch 015 | LR: 0.00493 | Loss: 0.1071 | GradNorm: 1.2121 | Batch P@10: 20.0%
2026-03-14 00:27:57,910 [INFO] E075 | Batch 016 | LR: 0.00492 | Loss: 0.1042 | GradNorm: 1.2115 | Batch P@10: 60.0%
2026-03-14 00:28:02,166 [INFO] E075 | Batch 017 | LR: 0.00492 | Loss: 0.2623 | GradNorm: 1.1637 | Batch P@10: 50.0%
2026-03-14 00:28:06,119 [INFO] E075 | Batch 018 | LR: 0.00491 | Loss: 0.0848 | GradNorm: 2.6816 | Batch P@10: 40.0%
2026-03-14 00:28:10,075 [INFO] E075 | Batch 019 | LR: 0.00491 | Loss: 0.1471 | GradNorm: 1.6428 | Batch P@10: 50.0%
2026-03-14 00:28:14,249 [INFO] E075 | Batch 020 | LR: 0.00491 | Loss: 0.0773 | GradNorm: 1.0784 | Batch P@10: 30.0%
2026-03-14 00:28:18,298 [INFO] E075 | Batch 021 | LR: 0.00490 | Loss: 0.0992 | GradNorm: 1.0194 | Batch P@10: 50.0%
2026-03-14 00:28:22,530 [INFO] E075 | Batch 022 | LR: 0.00490 | Loss: 0.0889 | GradNorm: 1.6554 | Batch P@10: 70.0%
2026-03-14 00:28:26,520 [INFO] E075 | Batch 023 | LR: 0.00489 | Loss: 0.0899 | GradNorm: 0.9024 | Batch P@10: 30.0%
2026-03-14 00:28:30,596 [INFO] E075 | Batch 024 | LR: 0.00489 | Loss: 0.1701 | GradNorm: 0.6514 | Batch P@10: 40.0%
2026-03-14 00:28:34,591 [INFO] E075 | Batch 025 | LR: 0.00488 | Loss: 0.0868 | GradNorm: 0.5644 | Batch P@10: 50.0%
2026-03-14 00:28:38,680 [INFO] E075 | Batch 026 | LR: 0.00488 | Loss: 0.1035 | GradNorm: 1.3469 | Batch P@10: 40.0%
2026-03-14 00:28:42,903 [INFO] E075 | Batch 027 | LR: 0.00488 | Loss: 0.1093 | GradNorm: 1.2005 | Batch P@10: 40.0%
2026-03-14 00:28:46,925 [INFO] E075 | Batch 028 | LR: 0.00487 | Loss: 0.0968 | GradNorm: 0.6483 | Batch P@10: 60.0%
2026-03-14 00:28:50,979 [INFO] E075 | Batch 029 | LR: 0.00487 | Loss: 0.0847 | GradNorm: 2.6640 | Batch P@10: 50.0%
2026-03-14 00:28:54,957 [INFO] E075 | Batch 030 | LR: 0.00486 | Loss: 0.1000 | GradNorm: 1.1568 | Batch P@10: 50.0%
2026-03-14 00:28:58,924 [INFO] E075 | Batch 031 | LR: 0.00486 | Loss: 0.0837 | GradNorm: 0.5899 | Batch P@10: 30.0%
2026-03-14 00:29:02,859 [INFO] E075 | Batch 032 | LR: 0.00485 | Loss: 0.1087 | GradNorm: 0.8163 | Batch P@10: 40.0%
2026-03-14 00:29:06,957 [INFO] E075 | Batch 033 | LR: 0.00485 | Loss: 0.0878 | GradNorm: 0.5945 | Batch P@10: 40.0%
2026-03-14 00:29:10,942 [INFO] E075 | Batch 034 | LR: 0.00485 | Loss: 0.0894 | GradNorm: 1.1006 | Batch P@10: 50.0%
2026-03-14 00:29:14,893 [INFO] E075 | Batch 035 | LR: 0.00484 | Loss: 0.0778 | GradNorm: 0.3107 | Batch P@10: 60.0%
2026-03-14 00:29:18,998 [INFO] E075 | Batch 036 | LR: 0.00484 | Loss: 0.1034 | GradNorm: 0.4942 | Batch P@10: 40.0%
2026-03-14 00:29:23,028 [INFO] E075 | Batch 037 | LR: 0.00483 | Loss: 0.1008 | GradNorm: 0.8057 | Batch P@10: 50.0%
2026-03-14 00:29:31,359 [INFO] 
---> FIM DA ÉPOCA 75 | Val P@10: 46.4039% | Loss Média: 0.1035 | Grad Médio: 1.0899 | Recorde Geral: 46.4039% <---

2026-03-14 00:29:31,369 [INFO] 💎 NOVO RECORDE RETREINO 64: 46.4%
2026-03-14 00:29:35,614 [INFO] E076 | Batch 001 | LR: 0.00483 | Loss: 0.0710 | GradNorm: 0.4001 | Batch P@10: 50.0%
2026-03-14 00:29:39,583 [INFO] E076 | Batch 002 | LR: 0.00482 | Loss: 0.0895 | GradNorm: 0.5580 | Batch P@10: 50.0%
2026-03-14 00:29:43,575 [INFO] E076 | Batch 003 | LR: 0.00482 | Loss: 0.1019 | GradNorm: 0.7231 | Batch P@10: 50.0%
2026-03-14 00:29:47,705 [INFO] E076 | Batch 004 | LR: 0.00481 | Loss: 0.0907 | GradNorm: 1.1317 | Batch P@10: 50.0%
2026-03-14 00:29:51,662 [INFO] E076 | Batch 005 | LR: 0.00481 | Loss: 0.1595 | GradNorm: 0.4399 | Batch P@10: 50.0%
2026-03-14 00:29:55,610 [INFO] E076 | Batch 006 | LR: 0.00481 | Loss: 0.0795 | GradNorm: 1.3964 | Batch P@10: 40.0%
2026-03-14 00:29:59,704 [INFO] E076 | Batch 007 | LR: 0.00480 | Loss: 0.0844 | GradNorm: 0.3011 | Batch P@10: 40.0%
2026-03-14 00:30:03,713 [INFO] E076 | Batch 008 | LR: 0.00480 | Loss: 0.1104 | GradNorm: 0.5721 | Batch P@10: 20.0%
2026-03-14 00:30:07,976 [INFO] E076 | Batch 009 | LR: 0.00479 | Loss: 0.0907 | GradNorm: 0.6801 | Batch P@10: 60.0%
2026-03-14 00:30:12,112 [INFO] E076 | Batch 010 | LR: 0.00479 | Loss: 0.0753 | GradNorm: 0.5926 | Batch P@10: 70.0%
2026-03-14 00:30:16,093 [INFO] E076 | Batch 011 | LR: 0.00478 | Loss: 0.1247 | GradNorm: 0.2831 | Batch P@10: 40.0%
2026-03-14 00:30:20,044 [INFO] E076 | Batch 012 | LR: 0.00478 | Loss: 0.1052 | GradNorm: 1.8040 | Batch P@10: 40.0%
2026-03-14 00:30:24,081 [INFO] E076 | Batch 013 | LR: 0.00478 | Loss: 0.0940 | GradNorm: 0.8007 | Batch P@10: 30.0%
2026-03-14 00:30:28,104 [INFO] E076 | Batch 014 | LR: 0.00477 | Loss: 0.0869 | GradNorm: 1.6198 | Batch P@10: 70.0%
2026-03-14 00:30:32,253 [INFO] E076 | Batch 015 | LR: 0.00477 | Loss: 0.1059 | GradNorm: 0.8702 | Batch P@10: 40.0%
2026-03-14 00:30:36,211 [INFO] E076 | Batch 016 | LR: 0.00476 | Loss: 0.1321 | GradNorm: 0.9105 | Batch P@10: 50.0%
2026-03-14 00:30:40,296 [INFO] E076 | Batch 017 | LR: 0.00476 | Loss: 0.1029 | GradNorm: 0.9749 | Batch P@10: 50.0%
2026-03-14 00:30:44,325 [INFO] E076 | Batch 018 | LR: 0.00475 | Loss: 0.0905 | GradNorm: 0.5182 | Batch P@10: 50.0%
2026-03-14 00:30:48,298 [INFO] E076 | Batch 019 | LR: 0.00475 | Loss: 0.1441 | GradNorm: 0.7756 | Batch P@10: 20.0%
2026-03-14 00:30:52,267 [INFO] E076 | Batch 020 | LR: 0.00475 | Loss: 0.1120 | GradNorm: 0.2952 | Batch P@10: 40.0%
2026-03-14 00:30:56,283 [INFO] E076 | Batch 021 | LR: 0.00474 | Loss: 0.1040 | GradNorm: 1.2333 | Batch P@10: 30.0%
2026-03-14 00:31:00,220 [INFO] E076 | Batch 022 | LR: 0.00474 | Loss: 0.1079 | GradNorm: 0.4161 | Batch P@10: 40.0%
2026-03-14 00:31:04,253 [INFO] E076 | Batch 023 | LR: 0.00473 | Loss: 0.0966 | GradNorm: 0.3334 | Batch P@10: 50.0%
2026-03-14 00:31:08,370 [INFO] E076 | Batch 024 | LR: 0.00473 | Loss: 0.0994 | GradNorm: 0.4421 | Batch P@10: 30.0%
2026-03-14 00:31:12,453 [INFO] E076 | Batch 025 | LR: 0.00472 | Loss: 0.0951 | GradNorm: 0.6003 | Batch P@10: 40.0%
2026-03-14 00:31:16,500 [INFO] E076 | Batch 026 | LR: 0.00472 | Loss: 0.0883 | GradNorm: 1.0980 | Batch P@10: 60.0%
2026-03-14 00:31:20,422 [INFO] E076 | Batch 027 | LR: 0.00472 | Loss: 0.0893 | GradNorm: 0.5473 | Batch P@10: 50.0%
2026-03-14 00:31:24,399 [INFO] E076 | Batch 028 | LR: 0.00471 | Loss: 0.1001 | GradNorm: 0.2919 | Batch P@10: 60.0%
2026-03-14 00:31:28,523 [INFO] E076 | Batch 029 | LR: 0.00471 | Loss: 0.0818 | GradNorm: 1.3426 | Batch P@10: 40.0%
2026-03-14 00:31:32,609 [INFO] E076 | Batch 030 | LR: 0.00470 | Loss: 0.1340 | GradNorm: 3.2867 | Batch P@10: 30.0%
2026-03-14 00:31:36,637 [INFO] E076 | Batch 031 | LR: 0.00470 | Loss: 0.0806 | GradNorm: 0.4140 | Batch P@10: 50.0%
2026-03-14 00:31:40,776 [INFO] E076 | Batch 032 | LR: 0.00469 | Loss: 0.0915 | GradNorm: 0.5220 | Batch P@10: 70.0%
2026-03-14 00:31:44,828 [INFO] E076 | Batch 033 | LR: 0.00469 | Loss: 0.2749 | GradNorm: 0.9970 | Batch P@10: 30.0%
2026-03-14 00:31:49,045 [INFO] E076 | Batch 034 | LR: 0.00469 | Loss: 0.0933 | GradNorm: 0.6136 | Batch P@10: 60.0%
2026-03-14 00:31:52,995 [INFO] E076 | Batch 035 | LR: 0.00468 | Loss: 0.0858 | GradNorm: 0.8018 | Batch P@10: 50.0%
2026-03-14 00:31:57,218 [INFO] E076 | Batch 036 | LR: 0.00468 | Loss: 0.0876 | GradNorm: 3.0747 | Batch P@10: 10.0%
2026-03-14 00:32:01,346 [INFO] E076 | Batch 037 | LR: 0.00467 | Loss: 0.1000 | GradNorm: 3.0361 | Batch P@10: 50.0%
2026-03-14 00:32:09,628 [INFO] 
---> FIM DA ÉPOCA 76 | Val P@10: 39.0640% | Loss Média: 0.1016 | Grad Médio: 0.9378 | Recorde Geral: 46.4039% <---

2026-03-14 00:32:13,871 [INFO] E077 | Batch 001 | LR: 0.00467 | Loss: 0.0701 | GradNorm: 0.4679 | Batch P@10: 40.0%
2026-03-14 00:32:18,004 [INFO] E077 | Batch 002 | LR: 0.00466 | Loss: 0.0937 | GradNorm: 0.9600 | Batch P@10: 50.0%
2026-03-14 00:32:22,188 [INFO] E077 | Batch 003 | LR: 0.00466 | Loss: 0.0910 | GradNorm: 0.5200 | Batch P@10: 30.0%
2026-03-14 00:32:26,302 [INFO] E077 | Batch 004 | LR: 0.00466 | Loss: 0.1026 | GradNorm: 0.9409 | Batch P@10: 20.0%
2026-03-14 00:32:30,254 [INFO] E077 | Batch 005 | LR: 0.00465 | Loss: 0.1007 | GradNorm: 1.0530 | Batch P@10: 70.0%
2026-03-14 00:32:34,204 [INFO] E077 | Batch 006 | LR: 0.00465 | Loss: 0.0925 | GradNorm: 0.8841 | Batch P@10: 50.0%
2026-03-14 00:32:38,345 [INFO] E077 | Batch 007 | LR: 0.00464 | Loss: 0.0950 | GradNorm: 3.7526 | Batch P@10: 40.0%
2026-03-14 00:32:42,296 [INFO] E077 | Batch 008 | LR: 0.00464 | Loss: 0.0853 | GradNorm: 6.3726 | Batch P@10: 60.0%
2026-03-14 00:32:46,361 [INFO] E077 | Batch 009 | LR: 0.00463 | Loss: 0.0844 | GradNorm: 4.7234 | Batch P@10: 50.0%
2026-03-14 00:32:50,310 [INFO] E077 | Batch 010 | LR: 0.00463 | Loss: 0.0958 | GradNorm: 2.2714 | Batch P@10: 30.0%
2026-03-14 00:32:54,310 [INFO] E077 | Batch 011 | LR: 0.00463 | Loss: 0.0977 | GradNorm: 0.5202 | Batch P@10: 50.0%
2026-03-14 00:32:58,438 [INFO] E077 | Batch 012 | LR: 0.00462 | Loss: 0.1092 | GradNorm: 0.7643 | Batch P@10: 20.0%
2026-03-14 00:33:02,397 [INFO] E077 | Batch 013 | LR: 0.00462 | Loss: 0.1576 | GradNorm: 1.2394 | Batch P@10: 40.0%
2026-03-14 00:33:06,355 [INFO] E077 | Batch 014 | LR: 0.00461 | Loss: 0.0948 | GradNorm: 0.8929 | Batch P@10: 20.0%
2026-03-14 00:33:10,314 [INFO] E077 | Batch 015 | LR: 0.00461 | Loss: 0.0893 | GradNorm: 0.6313 | Batch P@10: 20.0%
2026-03-14 00:33:14,400 [INFO] E077 | Batch 016 | LR: 0.00460 | Loss: 0.0751 | GradNorm: 0.8125 | Batch P@10: 50.0%
2026-03-14 00:33:18,569 [INFO] E077 | Batch 017 | LR: 0.00460 | Loss: 0.0919 | GradNorm: 0.7002 | Batch P@10: 50.0%
2026-03-14 00:33:22,695 [INFO] E077 | Batch 018 | LR: 0.00460 | Loss: 0.0905 | GradNorm: 0.8191 | Batch P@10: 50.0%
2026-03-14 00:33:26,688 [INFO] E077 | Batch 019 | LR: 0.00459 | Loss: 0.2428 | GradNorm: 0.8787 | Batch P@10: 60.0%
2026-03-14 00:33:30,845 [INFO] E077 | Batch 020 | LR: 0.00459 | Loss: 0.0917 | GradNorm: 0.6045 | Batch P@10: 50.0%
2026-03-14 00:33:34,892 [INFO] E077 | Batch 021 | LR: 0.00458 | Loss: 0.0892 | GradNorm: 0.3828 | Batch P@10: 50.0%
2026-03-14 00:33:38,859 [INFO] E077 | Batch 022 | LR: 0.00458 | Loss: 0.0829 | GradNorm: 0.7884 | Batch P@10: 50.0%
2026-03-14 00:33:42,804 [INFO] E077 | Batch 023 | LR: 0.00457 | Loss: 0.2816 | GradNorm: 0.4432 | Batch P@10: 50.0%
2026-03-14 00:33:46,833 [INFO] E077 | Batch 024 | LR: 0.00457 | Loss: 0.0847 | GradNorm: 0.5176 | Batch P@10: 50.0%
2026-03-14 00:33:51,017 [INFO] E077 | Batch 025 | LR: 0.00457 | Loss: 0.0862 | GradNorm: 0.7920 | Batch P@10: 40.0%
2026-03-14 00:33:55,025 [INFO] E077 | Batch 026 | LR: 0.00456 | Loss: 0.0936 | GradNorm: 0.4187 | Batch P@10: 30.0%
2026-03-14 00:33:59,060 [INFO] E077 | Batch 027 | LR: 0.00456 | Loss: 0.0929 | GradNorm: 0.3658 | Batch P@10: 40.0%
2026-03-14 00:34:03,018 [INFO] E077 | Batch 028 | LR: 0.00455 | Loss: 0.0894 | GradNorm: 0.4988 | Batch P@10: 40.0%
2026-03-14 00:34:07,113 [INFO] E077 | Batch 029 | LR: 0.00455 | Loss: 0.0935 | GradNorm: 0.7267 | Batch P@10: 40.0%
2026-03-14 00:34:11,039 [INFO] E077 | Batch 030 | LR: 0.00454 | Loss: 0.0809 | GradNorm: 1.1657 | Batch P@10: 30.0%
2026-03-14 00:34:15,008 [INFO] E077 | Batch 031 | LR: 0.00454 | Loss: 0.1062 | GradNorm: 0.3747 | Batch P@10: 60.0%
2026-03-14 00:34:18,948 [INFO] E077 | Batch 032 | LR: 0.00454 | Loss: 0.1078 | GradNorm: 1.2812 | Batch P@10: 40.0%
2026-03-14 00:34:23,070 [INFO] E077 | Batch 033 | LR: 0.00453 | Loss: 0.0822 | GradNorm: 0.5680 | Batch P@10: 70.0%
2026-03-14 00:34:27,039 [INFO] E077 | Batch 034 | LR: 0.00453 | Loss: 0.0845 | GradNorm: 0.6719 | Batch P@10: 40.0%
2026-03-14 00:34:31,087 [INFO] E077 | Batch 035 | LR: 0.00452 | Loss: 0.0952 | GradNorm: 0.8164 | Batch P@10: 60.0%
2026-03-14 00:34:35,026 [INFO] E077 | Batch 036 | LR: 0.00452 | Loss: 0.0796 | GradNorm: 0.3487 | Batch P@10: 60.0%
2026-03-14 00:34:39,038 [INFO] E077 | Batch 037 | LR: 0.00451 | Loss: 0.0767 | GradNorm: 2.0247 | Batch P@10: 30.0%
2026-03-14 00:34:47,376 [INFO] 
---> FIM DA ÉPOCA 77 | Val P@10: 45.1232% | Loss Média: 0.0989 | Grad Médio: 1.1350 | Recorde Geral: 46.4039% <---

2026-03-14 00:34:51,424 [INFO] E078 | Batch 001 | LR: 0.00451 | Loss: 0.0836 | GradNorm: 3.1824 | Batch P@10: 50.0%
2026-03-14 00:34:55,522 [INFO] E078 | Batch 002 | LR: 0.00451 | Loss: 0.0978 | GradNorm: 0.2614 | Batch P@10: 50.0%
2026-03-14 00:34:59,621 [INFO] E078 | Batch 003 | LR: 0.00450 | Loss: 0.0987 | GradNorm: 0.5595 | Batch P@10: 40.0%
2026-03-14 00:35:03,636 [INFO] E078 | Batch 004 | LR: 0.00450 | Loss: 0.0927 | GradNorm: 0.4377 | Batch P@10: 30.0%
2026-03-14 00:35:07,592 [INFO] E078 | Batch 005 | LR: 0.00449 | Loss: 0.0828 | GradNorm: 0.6228 | Batch P@10: 30.0%
2026-03-14 00:35:11,520 [INFO] E078 | Batch 006 | LR: 0.00449 | Loss: 0.0964 | GradNorm: 0.6046 | Batch P@10: 60.0%
2026-03-14 00:35:15,555 [INFO] E078 | Batch 007 | LR: 0.00448 | Loss: 0.0870 | GradNorm: 0.5516 | Batch P@10: 40.0%
2026-03-14 00:35:19,485 [INFO] E078 | Batch 008 | LR: 0.00448 | Loss: 0.1003 | GradNorm: 0.4523 | Batch P@10: 50.0%
2026-03-14 00:35:23,506 [INFO] E078 | Batch 009 | LR: 0.00448 | Loss: 0.0798 | GradNorm: 0.3350 | Batch P@10: 50.0%
2026-03-14 00:35:27,497 [INFO] E078 | Batch 010 | LR: 0.00447 | Loss: 0.0742 | GradNorm: 1.4756 | Batch P@10: 60.0%
2026-03-14 00:35:31,422 [INFO] E078 | Batch 011 | LR: 0.00447 | Loss: 0.0745 | GradNorm: 0.8311 | Batch P@10: 50.0%
2026-03-14 00:35:35,370 [INFO] E078 | Batch 012 | LR: 0.00446 | Loss: 0.0837 | GradNorm: 0.4396 | Batch P@10: 50.0%
2026-03-14 00:35:39,395 [INFO] E078 | Batch 013 | LR: 0.00446 | Loss: 0.0821 | GradNorm: 0.3747 | Batch P@10: 60.0%
2026-03-14 00:35:43,358 [INFO] E078 | Batch 014 | LR: 0.00445 | Loss: 0.0744 | GradNorm: 0.4848 | Batch P@10: 40.0%
2026-03-14 00:35:47,465 [INFO] E078 | Batch 015 | LR: 0.00445 | Loss: 0.0986 | GradNorm: 0.9022 | Batch P@10: 40.0%
2026-03-14 00:35:51,497 [INFO] E078 | Batch 016 | LR: 0.00445 | Loss: 0.0858 | GradNorm: 0.7795 | Batch P@10: 50.0%
2026-03-14 00:35:55,445 [INFO] E078 | Batch 017 | LR: 0.00444 | Loss: 0.0935 | GradNorm: 0.6285 | Batch P@10: 50.0%
2026-03-14 00:35:59,557 [INFO] E078 | Batch 018 | LR: 0.00444 | Loss: 0.0958 | GradNorm: 0.6748 | Batch P@10: 30.0%
2026-03-14 00:36:03,567 [INFO] E078 | Batch 019 | LR: 0.00443 | Loss: 0.0881 | GradNorm: 1.0454 | Batch P@10: 60.0%
2026-03-14 00:36:07,547 [INFO] E078 | Batch 020 | LR: 0.00443 | Loss: 0.0866 | GradNorm: 0.6573 | Batch P@10: 30.0%
2026-03-14 00:36:11,508 [INFO] E078 | Batch 021 | LR: 0.00442 | Loss: 0.0887 | GradNorm: 2.7996 | Batch P@10: 40.0%
2026-03-14 00:36:15,563 [INFO] E078 | Batch 022 | LR: 0.00442 | Loss: 0.0777 | GradNorm: 3.1846 | Batch P@10: 50.0%
2026-03-14 00:36:19,596 [INFO] E078 | Batch 023 | LR: 0.00442 | Loss: 0.0729 | GradNorm: 0.6706 | Batch P@10: 60.0%
2026-03-14 00:36:23,579 [INFO] E078 | Batch 024 | LR: 0.00441 | Loss: 0.0752 | GradNorm: 0.5118 | Batch P@10: 60.0%
2026-03-14 00:36:27,622 [INFO] E078 | Batch 025 | LR: 0.00441 | Loss: 0.0945 | GradNorm: 1.0377 | Batch P@10: 20.0%
2026-03-14 00:36:31,620 [INFO] E078 | Batch 026 | LR: 0.00440 | Loss: 0.0868 | GradNorm: 0.9948 | Batch P@10: 50.0%
2026-03-14 00:36:35,564 [INFO] E078 | Batch 027 | LR: 0.00440 | Loss: 0.0772 | GradNorm: 0.5319 | Batch P@10: 50.0%
2026-03-14 00:36:39,719 [INFO] E078 | Batch 028 | LR: 0.00439 | Loss: 0.2059 | GradNorm: 3.7798 | Batch P@10: 60.0%
2026-03-14 00:36:43,756 [INFO] E078 | Batch 029 | LR: 0.00439 | Loss: 0.0840 | GradNorm: 2.6559 | Batch P@10: 60.0%
2026-03-14 00:36:47,767 [INFO] E078 | Batch 030 | LR: 0.00439 | Loss: 0.1374 | GradNorm: 0.5010 | Batch P@10: 30.0%
2026-03-14 00:36:51,707 [INFO] E078 | Batch 031 | LR: 0.00438 | Loss: 0.0956 | GradNorm: 0.6874 | Batch P@10: 80.0%
2026-03-14 00:36:55,819 [INFO] E078 | Batch 032 | LR: 0.00438 | Loss: 0.1473 | GradNorm: 1.1144 | Batch P@10: 50.0%
2026-03-14 00:36:59,803 [INFO] E078 | Batch 033 | LR: 0.00437 | Loss: 0.1117 | GradNorm: 1.1801 | Batch P@10: 30.0%
2026-03-14 00:37:03,897 [INFO] E078 | Batch 034 | LR: 0.00437 | Loss: 0.1188 | GradNorm: 0.3621 | Batch P@10: 40.0%
2026-03-14 00:37:07,826 [INFO] E078 | Batch 035 | LR: 0.00436 | Loss: 0.0827 | GradNorm: 0.5897 | Batch P@10: 40.0%
2026-03-14 00:37:11,801 [INFO] E078 | Batch 036 | LR: 0.00436 | Loss: 0.0943 | GradNorm: 1.1635 | Batch P@10: 30.0%
2026-03-14 00:37:15,785 [INFO] E078 | Batch 037 | LR: 0.00436 | Loss: 0.0803 | GradNorm: 0.6409 | Batch P@10: 50.0%
2026-03-14 00:37:24,060 [INFO] 
---> FIM DA ÉPOCA 78 | Val P@10: 46.2069% | Loss Média: 0.0918 | Grad Médio: 1.0191 | Recorde Geral: 46.4039% <---

2026-03-14 00:37:28,252 [INFO] E079 | Batch 001 | LR: 0.00435 | Loss: 0.0685 | GradNorm: 0.5197 | Batch P@10: 80.0%
2026-03-14 00:37:32,313 [INFO] E079 | Batch 002 | LR: 0.00435 | Loss: 0.0937 | GradNorm: 0.3572 | Batch P@10: 40.0%
2026-03-14 00:37:36,352 [INFO] E079 | Batch 003 | LR: 0.00434 | Loss: 0.0912 | GradNorm: 0.8420 | Batch P@10: 50.0%
2026-03-14 00:37:40,476 [INFO] E079 | Batch 004 | LR: 0.00434 | Loss: 0.0829 | GradNorm: 0.5682 | Batch P@10: 50.0%
2026-03-14 00:37:44,458 [INFO] E079 | Batch 005 | LR: 0.00433 | Loss: 0.0811 | GradNorm: 1.9231 | Batch P@10: 60.0%
2026-03-14 00:37:48,394 [INFO] E079 | Batch 006 | LR: 0.00433 | Loss: 0.0750 | GradNorm: 0.5421 | Batch P@10: 40.0%
2026-03-14 00:37:52,461 [INFO] E079 | Batch 007 | LR: 0.00433 | Loss: 0.0738 | GradNorm: 1.2844 | Batch P@10: 40.0%
2026-03-14 00:37:56,456 [INFO] E079 | Batch 008 | LR: 0.00432 | Loss: 0.0832 | GradNorm: 0.6215 | Batch P@10: 40.0%
2026-03-14 00:38:00,431 [INFO] E079 | Batch 009 | LR: 0.00432 | Loss: 0.1234 | GradNorm: 0.5389 | Batch P@10: 40.0%
2026-03-14 00:38:04,542 [INFO] E079 | Batch 010 | LR: 0.00431 | Loss: 0.0820 | GradNorm: 1.9752 | Batch P@10: 50.0%
2026-03-14 00:38:08,547 [INFO] E079 | Batch 011 | LR: 0.00431 | Loss: 0.0929 | GradNorm: 1.2992 | Batch P@10: 50.0%
2026-03-14 00:38:12,655 [INFO] E079 | Batch 012 | LR: 0.00430 | Loss: 0.0860 | GradNorm: 0.6626 | Batch P@10: 30.0%
2026-03-14 00:38:16,745 [INFO] E079 | Batch 013 | LR: 0.00430 | Loss: 0.1373 | GradNorm: 1.1964 | Batch P@10: 40.0%
2026-03-14 00:38:20,847 [INFO] E079 | Batch 014 | LR: 0.00430 | Loss: 0.1121 | GradNorm: 1.2048 | Batch P@10: 30.0%
2026-03-14 00:38:24,842 [INFO] E079 | Batch 015 | LR: 0.00429 | Loss: 0.1093 | GradNorm: 1.1011 | Batch P@10: 30.0%
2026-03-14 00:38:29,019 [INFO] E079 | Batch 016 | LR: 0.00429 | Loss: 0.1062 | GradNorm: 0.9073 | Batch P@10: 40.0%
2026-03-14 00:38:33,124 [INFO] E079 | Batch 017 | LR: 0.00428 | Loss: 0.1642 | GradNorm: 3.0771 | Batch P@10: 40.0%
2026-03-14 00:38:37,050 [INFO] E079 | Batch 018 | LR: 0.00428 | Loss: 0.0727 | GradNorm: 4.8284 | Batch P@10: 40.0%
2026-03-14 00:38:41,146 [INFO] E079 | Batch 019 | LR: 0.00427 | Loss: 0.0850 | GradNorm: 4.5574 | Batch P@10: 30.0%
2026-03-14 00:38:45,101 [INFO] E079 | Batch 020 | LR: 0.00427 | Loss: 0.0845 | GradNorm: 2.1003 | Batch P@10: 20.0%
2026-03-14 00:38:49,149 [INFO] E079 | Batch 021 | LR: 0.00427 | Loss: 0.0884 | GradNorm: 0.7976 | Batch P@10: 70.0%
2026-03-14 00:38:53,123 [INFO] E079 | Batch 022 | LR: 0.00426 | Loss: 0.0825 | GradNorm: 0.6802 | Batch P@10: 60.0%
2026-03-14 00:38:57,274 [INFO] E079 | Batch 023 | LR: 0.00426 | Loss: 0.0824 | GradNorm: 0.4943 | Batch P@10: 50.0%
2026-03-14 00:39:01,216 [INFO] E079 | Batch 024 | LR: 0.00425 | Loss: 0.0891 | GradNorm: 0.4864 | Batch P@10: 40.0%
2026-03-14 00:39:05,278 [INFO] E079 | Batch 025 | LR: 0.00425 | Loss: 0.0831 | GradNorm: 0.3483 | Batch P@10: 40.0%
2026-03-14 00:39:09,428 [INFO] E079 | Batch 026 | LR: 0.00425 | Loss: 0.0915 | GradNorm: 0.5832 | Batch P@10: 90.0%
2026-03-14 00:39:13,482 [INFO] E079 | Batch 027 | LR: 0.00424 | Loss: 0.0908 | GradNorm: 0.8777 | Batch P@10: 50.0%
2026-03-14 00:39:17,745 [INFO] E079 | Batch 028 | LR: 0.00424 | Loss: 0.1058 | GradNorm: 0.8810 | Batch P@10: 50.0%
2026-03-14 00:39:21,789 [INFO] E079 | Batch 029 | LR: 0.00423 | Loss: 0.0776 | GradNorm: 0.7984 | Batch P@10: 50.0%
2026-03-14 00:39:25,898 [INFO] E079 | Batch 030 | LR: 0.00423 | Loss: 0.0902 | GradNorm: 0.4934 | Batch P@10: 50.0%
2026-03-14 00:39:29,846 [INFO] E079 | Batch 031 | LR: 0.00422 | Loss: 0.0773 | GradNorm: 0.4610 | Batch P@10: 60.0%
2026-03-14 00:39:33,781 [INFO] E079 | Batch 032 | LR: 0.00422 | Loss: 0.2549 | GradNorm: 3.2617 | Batch P@10: 30.0%
2026-03-14 00:39:37,863 [INFO] E079 | Batch 033 | LR: 0.00422 | Loss: 0.0959 | GradNorm: 2.4444 | Batch P@10: 40.0%
2026-03-14 00:39:41,899 [INFO] E079 | Batch 034 | LR: 0.00421 | Loss: 0.0816 | GradNorm: 0.4933 | Batch P@10: 50.0%
2026-03-14 00:39:45,830 [INFO] E079 | Batch 035 | LR: 0.00421 | Loss: 0.0942 | GradNorm: 0.5012 | Batch P@10: 30.0%
2026-03-14 00:39:49,812 [INFO] E079 | Batch 036 | LR: 0.00420 | Loss: 0.0953 | GradNorm: 0.8468 | Batch P@10: 40.0%
2026-03-14 00:39:53,765 [INFO] E079 | Batch 037 | LR: 0.00420 | Loss: 0.1141 | GradNorm: 0.5113 | Batch P@10: 20.0%
2026-03-14 00:40:02,048 [INFO] 
---> FIM DA ÉPOCA 79 | Val P@10: 46.4532% | Loss Média: 0.0947 | Grad Médio: 1.2180 | Recorde Geral: 46.4532% <---

2026-03-14 00:40:02,058 [INFO] 💎 NOVO RECORDE RETREINO 64: 46.5%
2026-03-14 00:40:06,194 [INFO] E080 | Batch 001 | LR: 0.00419 | Loss: 0.1015 | GradNorm: 0.6690 | Batch P@10: 50.0%
2026-03-14 00:40:10,237 [INFO] E080 | Batch 002 | LR: 0.00419 | Loss: 0.1036 | GradNorm: 1.7246 | Batch P@10: 40.0%
2026-03-14 00:40:14,261 [INFO] E080 | Batch 003 | LR: 0.00419 | Loss: 0.0869 | GradNorm: 0.4028 | Batch P@10: 40.0%
2026-03-14 00:40:18,225 [INFO] E080 | Batch 004 | LR: 0.00418 | Loss: 0.0903 | GradNorm: 0.9358 | Batch P@10: 80.0%
2026-03-14 00:40:22,320 [INFO] E080 | Batch 005 | LR: 0.00418 | Loss: 0.0965 | GradNorm: 0.7351 | Batch P@10: 40.0%
2026-03-14 00:40:26,416 [INFO] E080 | Batch 006 | LR: 0.00417 | Loss: 0.0847 | GradNorm: 0.4041 | Batch P@10: 70.0%
2026-03-14 00:40:30,450 [INFO] E080 | Batch 007 | LR: 0.00417 | Loss: 0.0828 | GradNorm: 1.5369 | Batch P@10: 40.0%
2026-03-14 00:40:34,505 [INFO] E080 | Batch 008 | LR: 0.00416 | Loss: 0.0907 | GradNorm: 1.4868 | Batch P@10: 40.0%
2026-03-14 00:40:38,447 [INFO] E080 | Batch 009 | LR: 0.00416 | Loss: 0.0940 | GradNorm: 0.3802 | Batch P@10: 40.0%
2026-03-14 00:40:42,546 [INFO] E080 | Batch 010 | LR: 0.00416 | Loss: 0.0960 | GradNorm: 0.6328 | Batch P@10: 50.0%
2026-03-14 00:40:46,577 [INFO] E080 | Batch 011 | LR: 0.00415 | Loss: 0.2001 | GradNorm: 0.5243 | Batch P@10: 50.0%
2026-03-14 00:40:50,592 [INFO] E080 | Batch 012 | LR: 0.00415 | Loss: 0.0847 | GradNorm: 1.0709 | Batch P@10: 20.0%
2026-03-14 00:40:54,619 [INFO] E080 | Batch 013 | LR: 0.00414 | Loss: 0.0833 | GradNorm: 1.6963 | Batch P@10: 40.0%
2026-03-14 00:40:58,590 [INFO] E080 | Batch 014 | LR: 0.00414 | Loss: 0.0786 | GradNorm: 1.2902 | Batch P@10: 30.0%
2026-03-14 00:41:02,749 [INFO] E080 | Batch 015 | LR: 0.00413 | Loss: 0.1340 | GradNorm: 0.4372 | Batch P@10: 40.0%
2026-03-14 00:41:06,901 [INFO] E080 | Batch 016 | LR: 0.00413 | Loss: 0.0764 | GradNorm: 0.7387 | Batch P@10: 40.0%
2026-03-14 00:41:10,968 [INFO] E080 | Batch 017 | LR: 0.00413 | Loss: 0.0887 | GradNorm: 0.8708 | Batch P@10: 80.0%
2026-03-14 00:41:14,957 [INFO] E080 | Batch 018 | LR: 0.00412 | Loss: 0.0901 | GradNorm: 1.0317 | Batch P@10: 50.0%
2026-03-14 00:41:19,005 [INFO] E080 | Batch 019 | LR: 0.00412 | Loss: 0.0931 | GradNorm: 0.4561 | Batch P@10: 40.0%
2026-03-14 00:41:23,093 [INFO] E080 | Batch 020 | LR: 0.00411 | Loss: 0.0712 | GradNorm: 0.3551 | Batch P@10: 40.0%
2026-03-14 00:41:27,183 [INFO] E080 | Batch 021 | LR: 0.00411 | Loss: 0.0885 | GradNorm: 0.3609 | Batch P@10: 50.0%
2026-03-14 00:41:31,136 [INFO] E080 | Batch 022 | LR: 0.00410 | Loss: 0.0862 | GradNorm: 0.5703 | Batch P@10: 50.0%
2026-03-14 00:41:35,194 [INFO] E080 | Batch 023 | LR: 0.00410 | Loss: 0.0836 | GradNorm: 0.9239 | Batch P@10: 70.0%
2026-03-14 00:41:39,312 [INFO] E080 | Batch 024 | LR: 0.00410 | Loss: 0.1181 | GradNorm: 0.4050 | Batch P@10: 40.0%
2026-03-14 00:41:43,358 [INFO] E080 | Batch 025 | LR: 0.00409 | Loss: 0.0690 | GradNorm: 0.4290 | Batch P@10: 50.0%
2026-03-14 00:41:47,415 [INFO] E080 | Batch 026 | LR: 0.00409 | Loss: 0.0911 | GradNorm: 1.6868 | Batch P@10: 50.0%
2026-03-14 00:41:51,404 [INFO] E080 | Batch 027 | LR: 0.00408 | Loss: 0.0806 | GradNorm: 0.9302 | Batch P@10: 60.0%
2026-03-14 00:41:55,463 [INFO] E080 | Batch 028 | LR: 0.00408 | Loss: 0.0852 | GradNorm: 1.0315 | Batch P@10: 50.0%
2026-03-14 00:41:59,483 [INFO] E080 | Batch 029 | LR: 0.00408 | Loss: 0.0908 | GradNorm: 0.6135 | Batch P@10: 50.0%
2026-03-14 00:42:03,620 [INFO] E080 | Batch 030 | LR: 0.00407 | Loss: 0.0891 | GradNorm: 0.8622 | Batch P@10: 40.0%
2026-03-14 00:42:07,747 [INFO] E080 | Batch 031 | LR: 0.00407 | Loss: 0.0868 | GradNorm: 0.7100 | Batch P@10: 30.0%
2026-03-14 00:42:11,802 [INFO] E080 | Batch 032 | LR: 0.00406 | Loss: 0.0983 | GradNorm: 3.1950 | Batch P@10: 20.0%
2026-03-14 00:42:15,798 [INFO] E080 | Batch 033 | LR: 0.00406 | Loss: 0.0873 | GradNorm: 2.3171 | Batch P@10: 50.0%
2026-03-14 00:42:19,817 [INFO] E080 | Batch 034 | LR: 0.00405 | Loss: 0.0752 | GradNorm: 1.0783 | Batch P@10: 50.0%
2026-03-14 00:42:23,885 [INFO] E080 | Batch 035 | LR: 0.00405 | Loss: 0.0896 | GradNorm: 0.2840 | Batch P@10: 80.0%
2026-03-14 00:42:27,881 [INFO] E080 | Batch 036 | LR: 0.00405 | Loss: 0.0795 | GradNorm: 0.5248 | Batch P@10: 20.0%
2026-03-14 00:42:32,001 [INFO] E080 | Batch 037 | LR: 0.00404 | Loss: 0.0916 | GradNorm: 0.3369 | Batch P@10: 30.0%
2026-03-14 00:42:40,337 [INFO] 
---> FIM DA ÉPOCA 80 | Val P@10: 46.4039% | Loss Média: 0.0899 | Grad Médio: 0.9092 | Recorde Geral: 46.4532% <---

2026-03-14 00:42:44,584 [INFO] E081 | Batch 001 | LR: 0.00404 | Loss: 0.0904 | GradNorm: 0.2280 | Batch P@10: 30.0%
2026-03-14 00:42:48,699 [INFO] E081 | Batch 002 | LR: 0.00403 | Loss: 0.0859 | GradNorm: 0.3130 | Batch P@10: 60.0%
2026-03-14 00:42:52,758 [INFO] E081 | Batch 003 | LR: 0.00403 | Loss: 0.0899 | GradNorm: 0.9457 | Batch P@10: 50.0%
2026-03-14 00:42:56,929 [INFO] E081 | Batch 004 | LR: 0.00402 | Loss: 0.0929 | GradNorm: 1.0429 | Batch P@10: 40.0%
2026-03-14 00:43:01,172 [INFO] E081 | Batch 005 | LR: 0.00402 | Loss: 0.0824 | GradNorm: 0.4785 | Batch P@10: 50.0%
2026-03-14 00:43:05,348 [INFO] E081 | Batch 006 | LR: 0.00402 | Loss: 0.0904 | GradNorm: 2.4078 | Batch P@10: 30.0%
2026-03-14 00:43:09,329 [INFO] E081 | Batch 007 | LR: 0.00401 | Loss: 0.2035 | GradNorm: 0.2348 | Batch P@10: 40.0%
2026-03-14 00:43:13,282 [INFO] E081 | Batch 008 | LR: 0.00401 | Loss: 0.1091 | GradNorm: 0.8529 | Batch P@10: 40.0%
2026-03-14 00:43:17,232 [INFO] E081 | Batch 009 | LR: 0.00400 | Loss: 0.0858 | GradNorm: 0.4405 | Batch P@10: 40.0%
2026-03-14 00:43:21,174 [INFO] E081 | Batch 010 | LR: 0.00400 | Loss: 0.0778 | GradNorm: 0.8285 | Batch P@10: 30.0%
2026-03-14 00:43:25,261 [INFO] E081 | Batch 011 | LR: 0.00400 | Loss: 0.0682 | GradNorm: 0.9322 | Batch P@10: 70.0%
2026-03-14 00:43:29,384 [INFO] E081 | Batch 012 | LR: 0.00399 | Loss: 0.0985 | GradNorm: 0.5178 | Batch P@10: 40.0%
2026-03-14 00:43:33,347 [INFO] E081 | Batch 013 | LR: 0.00399 | Loss: 0.0936 | GradNorm: 0.2866 | Batch P@10: 30.0%
2026-03-14 00:43:37,299 [INFO] E081 | Batch 014 | LR: 0.00398 | Loss: 0.0838 | GradNorm: 0.8969 | Batch P@10: 30.0%
2026-03-14 00:43:41,349 [INFO] E081 | Batch 015 | LR: 0.00398 | Loss: 0.0819 | GradNorm: 0.8438 | Batch P@10: 50.0%
2026-03-14 00:43:45,508 [INFO] E081 | Batch 016 | LR: 0.00397 | Loss: 0.0829 | GradNorm: 1.5626 | Batch P@10: 40.0%
2026-03-14 00:43:49,578 [INFO] E081 | Batch 017 | LR: 0.00397 | Loss: 0.0733 | GradNorm: 3.6694 | Batch P@10: 40.0%
2026-03-14 00:43:53,590 [INFO] E081 | Batch 018 | LR: 0.00397 | Loss: 0.0634 | GradNorm: 1.3677 | Batch P@10: 60.0%
2026-03-14 00:43:57,597 [INFO] E081 | Batch 019 | LR: 0.00396 | Loss: 0.0814 | GradNorm: 0.3628 | Batch P@10: 50.0%
2026-03-14 00:44:01,623 [INFO] E081 | Batch 020 | LR: 0.00396 | Loss: 0.0959 | GradNorm: 1.1262 | Batch P@10: 50.0%
2026-03-14 00:44:05,631 [INFO] E081 | Batch 021 | LR: 0.00395 | Loss: 0.1006 | GradNorm: 0.9252 | Batch P@10: 50.0%
2026-03-14 00:44:09,619 [INFO] E081 | Batch 022 | LR: 0.00395 | Loss: 0.0978 | GradNorm: 0.6989 | Batch P@10: 50.0%
2026-03-14 00:44:13,648 [INFO] E081 | Batch 023 | LR: 0.00394 | Loss: 0.0778 | GradNorm: 0.8224 | Batch P@10: 70.0%
2026-03-14 00:44:17,674 [INFO] E081 | Batch 024 | LR: 0.00394 | Loss: 0.0734 | GradNorm: 0.9638 | Batch P@10: 50.0%
2026-03-14 00:44:21,610 [INFO] E081 | Batch 025 | LR: 0.00394 | Loss: 0.0924 | GradNorm: 3.6139 | Batch P@10: 50.0%
2026-03-14 00:44:25,584 [INFO] E081 | Batch 026 | LR: 0.00393 | Loss: 0.1198 | GradNorm: 2.2516 | Batch P@10: 60.0%
2026-03-14 00:44:29,526 [INFO] E081 | Batch 027 | LR: 0.00393 | Loss: 0.0977 | GradNorm: 0.9027 | Batch P@10: 40.0%
2026-03-14 00:44:33,546 [INFO] E081 | Batch 028 | LR: 0.00392 | Loss: 0.0838 | GradNorm: 1.2091 | Batch P@10: 40.0%
2026-03-14 00:44:37,503 [INFO] E081 | Batch 029 | LR: 0.00392 | Loss: 0.1064 | GradNorm: 0.8086 | Batch P@10: 40.0%
2026-03-14 00:44:41,669 [INFO] E081 | Batch 030 | LR: 0.00392 | Loss: 0.0883 | GradNorm: 0.8134 | Batch P@10: 50.0%
2026-03-14 00:44:45,668 [INFO] E081 | Batch 031 | LR: 0.00391 | Loss: 0.1050 | GradNorm: 0.9711 | Batch P@10: 30.0%
2026-03-14 00:44:49,815 [INFO] E081 | Batch 032 | LR: 0.00391 | Loss: 0.0930 | GradNorm: 0.7516 | Batch P@10: 30.0%
2026-03-14 00:44:53,788 [INFO] E081 | Batch 033 | LR: 0.00390 | Loss: 0.1079 | GradNorm: 5.7449 | Batch P@10: 60.0%
2026-03-14 00:44:57,735 [INFO] E081 | Batch 034 | LR: 0.00390 | Loss: 0.0753 | GradNorm: 8.1962 | Batch P@10: 50.0%
2026-03-14 00:45:01,676 [INFO] E081 | Batch 035 | LR: 0.00389 | Loss: 0.0727 | GradNorm: 8.2042 | Batch P@10: 70.0%
2026-03-14 00:45:05,794 [INFO] E081 | Batch 036 | LR: 0.00389 | Loss: 0.1777 | GradNorm: 6.0112 | Batch P@10: 40.0%
2026-03-14 00:45:09,895 [INFO] E081 | Batch 037 | LR: 0.00389 | Loss: 0.1131 | GradNorm: 1.8618 | Batch P@10: 50.0%
2026-03-14 00:45:18,423 [INFO] 
---> FIM DA ÉPOCA 81 | Val P@10: 46.1084% | Loss Média: 0.0925 | Grad Médio: 1.7321 | Recorde Geral: 46.4532% <---

2026-03-14 00:45:22,554 [INFO] E082 | Batch 001 | LR: 0.00388 | Loss: 0.0875 | GradNorm: 1.0236 | Batch P@10: 40.0%
2026-03-14 00:45:26,692 [INFO] E082 | Batch 002 | LR: 0.00388 | Loss: 0.0883 | GradNorm: 0.8602 | Batch P@10: 70.0%
2026-03-14 00:45:30,796 [INFO] E082 | Batch 003 | LR: 0.00387 | Loss: 0.0882 | GradNorm: 1.2044 | Batch P@10: 60.0%
2026-03-14 00:45:34,843 [INFO] E082 | Batch 004 | LR: 0.00387 | Loss: 0.0933 | GradNorm: 0.6517 | Batch P@10: 40.0%
2026-03-14 00:45:38,964 [INFO] E082 | Batch 005 | LR: 0.00386 | Loss: 0.0981 | GradNorm: 0.8018 | Batch P@10: 50.0%
2026-03-14 00:45:42,937 [INFO] E082 | Batch 006 | LR: 0.00386 | Loss: 0.0859 | GradNorm: 0.6747 | Batch P@10: 20.0%
2026-03-14 00:45:46,907 [INFO] E082 | Batch 007 | LR: 0.00386 | Loss: 0.0892 | GradNorm: 2.3145 | Batch P@10: 20.0%
2026-03-14 00:45:50,875 [INFO] E082 | Batch 008 | LR: 0.00385 | Loss: 0.0792 | GradNorm: 1.4345 | Batch P@10: 50.0%
2026-03-14 00:45:54,842 [INFO] E082 | Batch 009 | LR: 0.00385 | Loss: 0.0953 | GradNorm: 0.5278 | Batch P@10: 40.0%
2026-03-14 00:45:58,895 [INFO] E082 | Batch 010 | LR: 0.00384 | Loss: 0.1282 | GradNorm: 0.5079 | Batch P@10: 70.0%
2026-03-14 00:46:03,046 [INFO] E082 | Batch 011 | LR: 0.00384 | Loss: 0.0866 | GradNorm: 0.3430 | Batch P@10: 60.0%
2026-03-14 00:46:07,088 [INFO] E082 | Batch 012 | LR: 0.00384 | Loss: 0.0838 | GradNorm: 0.5364 | Batch P@10: 50.0%
2026-03-14 00:46:11,053 [INFO] E082 | Batch 013 | LR: 0.00383 | Loss: 0.0990 | GradNorm: 0.4999 | Batch P@10: 40.0%
2026-03-14 00:46:15,036 [INFO] E082 | Batch 014 | LR: 0.00383 | Loss: 0.0868 | GradNorm: 2.0004 | Batch P@10: 30.0%
2026-03-14 00:46:19,074 [INFO] E082 | Batch 015 | LR: 0.00382 | Loss: 0.0781 | GradNorm: 0.3108 | Batch P@10: 50.0%
2026-03-14 00:46:23,202 [INFO] E082 | Batch 016 | LR: 0.00382 | Loss: 0.0636 | GradNorm: 0.2976 | Batch P@10: 90.0%
2026-03-14 00:46:27,175 [INFO] E082 | Batch 017 | LR: 0.00381 | Loss: 0.0765 | GradNorm: 3.6706 | Batch P@10: 60.0%
2026-03-14 00:46:31,260 [INFO] E082 | Batch 018 | LR: 0.00381 | Loss: 0.0810 | GradNorm: 2.0539 | Batch P@10: 50.0%
2026-03-14 00:46:35,454 [INFO] E082 | Batch 019 | LR: 0.00381 | Loss: 0.0780 | GradNorm: 0.7367 | Batch P@10: 30.0%
2026-03-14 00:46:39,515 [INFO] E082 | Batch 020 | LR: 0.00380 | Loss: 0.0974 | GradNorm: 0.6535 | Batch P@10: 40.0%
2026-03-14 00:46:43,466 [INFO] E082 | Batch 021 | LR: 0.00380 | Loss: 0.0916 | GradNorm: 0.6514 | Batch P@10: 30.0%
2026-03-14 00:46:47,434 [INFO] E082 | Batch 022 | LR: 0.00379 | Loss: 0.0998 | GradNorm: 0.6661 | Batch P@10: 30.0%
2026-03-14 00:46:51,395 [INFO] E082 | Batch 023 | LR: 0.00379 | Loss: 0.1066 | GradNorm: 0.6355 | Batch P@10: 40.0%
2026-03-14 00:46:55,557 [INFO] E082 | Batch 024 | LR: 0.00379 | Loss: 0.0730 | GradNorm: 0.6706 | Batch P@10: 60.0%
2026-03-14 00:46:59,690 [INFO] E082 | Batch 025 | LR: 0.00378 | Loss: 0.0974 | GradNorm: 0.6443 | Batch P@10: 50.0%
2026-03-14 00:47:03,655 [INFO] E082 | Batch 026 | LR: 0.00378 | Loss: 0.1483 | GradNorm: 1.0983 | Batch P@10: 30.0%
2026-03-14 00:47:07,618 [INFO] E082 | Batch 027 | LR: 0.00377 | Loss: 0.0734 | GradNorm: 0.5334 | Batch P@10: 50.0%
2026-03-14 00:47:11,672 [INFO] E082 | Batch 028 | LR: 0.00377 | Loss: 0.0848 | GradNorm: 1.0139 | Batch P@10: 50.0%
2026-03-14 00:47:15,759 [INFO] E082 | Batch 029 | LR: 0.00376 | Loss: 0.0852 | GradNorm: 0.4705 | Batch P@10: 50.0%
2026-03-14 00:47:19,901 [INFO] E082 | Batch 030 | LR: 0.00376 | Loss: 0.0856 | GradNorm: 0.6225 | Batch P@10: 40.0%
2026-03-14 00:47:23,842 [INFO] E082 | Batch 031 | LR: 0.00376 | Loss: 0.1309 | GradNorm: 0.6804 | Batch P@10: 50.0%
2026-03-14 00:47:27,874 [INFO] E082 | Batch 032 | LR: 0.00375 | Loss: 0.0809 | GradNorm: 0.3614 | Batch P@10: 50.0%
2026-03-14 00:47:31,938 [INFO] E082 | Batch 033 | LR: 0.00375 | Loss: 0.0809 | GradNorm: 0.3728 | Batch P@10: 60.0%
2026-03-14 00:47:36,093 [INFO] E082 | Batch 034 | LR: 0.00374 | Loss: 0.0712 | GradNorm: 0.3777 | Batch P@10: 50.0%
2026-03-14 00:47:40,129 [INFO] E082 | Batch 035 | LR: 0.00374 | Loss: 0.0775 | GradNorm: 0.3657 | Batch P@10: 50.0%
2026-03-14 00:47:44,286 [INFO] E082 | Batch 036 | LR: 0.00374 | Loss: 0.0746 | GradNorm: 0.2289 | Batch P@10: 50.0%
2026-03-14 00:47:48,405 [INFO] E082 | Batch 037 | LR: 0.00373 | Loss: 0.0851 | GradNorm: 0.6039 | Batch P@10: 40.0%
2026-03-14 00:47:57,011 [INFO] 
---> FIM DA ÉPOCA 82 | Val P@10: 42.3153% | Loss Média: 0.0871 | Grad Médio: 0.8406 | Recorde Geral: 46.4532% <---

2026-03-14 00:48:01,274 [INFO] E083 | Batch 001 | LR: 0.00373 | Loss: 0.0853 | GradNorm: 1.5540 | Batch P@10: 60.0%
2026-03-14 00:48:05,251 [INFO] E083 | Batch 002 | LR: 0.00372 | Loss: 0.0942 | GradNorm: 0.3269 | Batch P@10: 40.0%
2026-03-14 00:48:09,453 [INFO] E083 | Batch 003 | LR: 0.00372 | Loss: 0.0803 | GradNorm: 0.5564 | Batch P@10: 50.0%
2026-03-14 00:48:13,498 [INFO] E083 | Batch 004 | LR: 0.00371 | Loss: 0.0814 | GradNorm: 0.8812 | Batch P@10: 50.0%
2026-03-14 00:48:17,708 [INFO] E083 | Batch 005 | LR: 0.00371 | Loss: 0.0825 | GradNorm: 0.4102 | Batch P@10: 50.0%
2026-03-14 00:48:21,748 [INFO] E083 | Batch 006 | LR: 0.00371 | Loss: 0.0748 | GradNorm: 0.3988 | Batch P@10: 40.0%
2026-03-14 00:48:25,771 [INFO] E083 | Batch 007 | LR: 0.00370 | Loss: 0.0751 | GradNorm: 1.7947 | Batch P@10: 50.0%
2026-03-14 00:48:29,807 [INFO] E083 | Batch 008 | LR: 0.00370 | Loss: 0.1313 | GradNorm: 0.4789 | Batch P@10: 30.0%
2026-03-14 00:48:33,818 [INFO] E083 | Batch 009 | LR: 0.00369 | Loss: 0.0796 | GradNorm: 0.8157 | Batch P@10: 50.0%
2026-03-14 00:48:37,954 [INFO] E083 | Batch 010 | LR: 0.00369 | Loss: 0.0981 | GradNorm: 0.5135 | Batch P@10: 50.0%
2026-03-14 00:48:42,049 [INFO] E083 | Batch 011 | LR: 0.00369 | Loss: 0.0913 | GradNorm: 0.2947 | Batch P@10: 0.0%
2026-03-14 00:48:46,079 [INFO] E083 | Batch 012 | LR: 0.00368 | Loss: 0.2236 | GradNorm: 3.9344 | Batch P@10: 60.0%
2026-03-14 00:48:50,042 [INFO] E083 | Batch 013 | LR: 0.00368 | Loss: 0.0963 | GradNorm: 3.3911 | Batch P@10: 40.0%
2026-03-14 00:48:54,015 [INFO] E083 | Batch 014 | LR: 0.00367 | Loss: 0.0748 | GradNorm: 0.4200 | Batch P@10: 50.0%
2026-03-14 00:48:58,180 [INFO] E083 | Batch 015 | LR: 0.00367 | Loss: 0.0838 | GradNorm: 0.5134 | Batch P@10: 60.0%
2026-03-14 00:49:02,167 [INFO] E083 | Batch 016 | LR: 0.00366 | Loss: 0.0957 | GradNorm: 0.6231 | Batch P@10: 30.0%
2026-03-14 00:49:06,276 [INFO] E083 | Batch 017 | LR: 0.00366 | Loss: 0.0886 | GradNorm: 0.7174 | Batch P@10: 40.0%
2026-03-14 00:49:10,308 [INFO] E083 | Batch 018 | LR: 0.00366 | Loss: 0.0874 | GradNorm: 0.5904 | Batch P@10: 50.0%
2026-03-14 00:49:14,486 [INFO] E083 | Batch 019 | LR: 0.00365 | Loss: 0.0942 | GradNorm: 0.9913 | Batch P@10: 20.0%
2026-03-14 00:49:18,673 [INFO] E083 | Batch 020 | LR: 0.00365 | Loss: 0.0870 | GradNorm: 0.7875 | Batch P@10: 50.0%
2026-03-14 00:49:22,879 [INFO] E083 | Batch 021 | LR: 0.00364 | Loss: 0.1368 | GradNorm: 0.8349 | Batch P@10: 50.0%
2026-03-14 00:49:27,308 [INFO] E083 | Batch 022 | LR: 0.00364 | Loss: 0.0689 | GradNorm: 0.4997 | Batch P@10: 60.0%
2026-03-14 00:49:31,289 [INFO] E083 | Batch 023 | LR: 0.00364 | Loss: 0.0877 | GradNorm: 2.2607 | Batch P@10: 50.0%
2026-03-14 00:49:35,364 [INFO] E083 | Batch 024 | LR: 0.00363 | Loss: 0.0709 | GradNorm: 5.5573 | Batch P@10: 50.0%
2026-03-14 00:49:39,528 [INFO] E083 | Batch 025 | LR: 0.00363 | Loss: 0.1022 | GradNorm: 5.7235 | Batch P@10: 50.0%
2026-03-14 00:49:43,694 [INFO] E083 | Batch 026 | LR: 0.00362 | Loss: 0.1398 | GradNorm: 1.4859 | Batch P@10: 50.0%
2026-03-14 00:49:47,644 [INFO] E083 | Batch 027 | LR: 0.00362 | Loss: 0.0865 | GradNorm: 0.9063 | Batch P@10: 50.0%
2026-03-14 00:49:51,834 [INFO] E083 | Batch 028 | LR: 0.00361 | Loss: 0.0850 | GradNorm: 1.0981 | Batch P@10: 30.0%
2026-03-14 00:49:55,834 [INFO] E083 | Batch 029 | LR: 0.00361 | Loss: 0.0941 | GradNorm: 0.8812 | Batch P@10: 40.0%
2026-03-14 00:49:59,806 [INFO] E083 | Batch 030 | LR: 0.00361 | Loss: 0.0806 | GradNorm: 0.6724 | Batch P@10: 20.0%
2026-03-14 00:50:03,849 [INFO] E083 | Batch 031 | LR: 0.00360 | Loss: 0.0843 | GradNorm: 0.9624 | Batch P@10: 40.0%
2026-03-14 00:50:07,778 [INFO] E083 | Batch 032 | LR: 0.00360 | Loss: 0.0866 | GradNorm: 1.4919 | Batch P@10: 50.0%
2026-03-14 00:50:11,748 [INFO] E083 | Batch 033 | LR: 0.00359 | Loss: 0.0892 | GradNorm: 0.9460 | Batch P@10: 50.0%
2026-03-14 00:50:15,811 [INFO] E083 | Batch 034 | LR: 0.00359 | Loss: 0.0872 | GradNorm: 0.4573 | Batch P@10: 50.0%
2026-03-14 00:50:19,765 [INFO] E083 | Batch 035 | LR: 0.00359 | Loss: 0.0852 | GradNorm: 0.9244 | Batch P@10: 50.0%
2026-03-14 00:50:23,816 [INFO] E083 | Batch 036 | LR: 0.00358 | Loss: 0.1911 | GradNorm: 0.7641 | Batch P@10: 40.0%
2026-03-14 00:50:27,955 [INFO] E083 | Batch 037 | LR: 0.00358 | Loss: 0.0972 | GradNorm: 0.7397 | Batch P@10: 40.0%
2026-03-14 00:50:36,673 [INFO] 
---> FIM DA ÉPOCA 83 | Val P@10: 45.8128% | Loss Média: 0.0942 | Grad Médio: 1.2486 | Recorde Geral: 46.4532% <---

2026-03-14 00:50:40,980 [INFO] E084 | Batch 001 | LR: 0.00357 | Loss: 0.0894 | GradNorm: 0.6589 | Batch P@10: 30.0%
2026-03-14 00:50:45,002 [INFO] E084 | Batch 002 | LR: 0.00357 | Loss: 0.0818 | GradNorm: 2.5580 | Batch P@10: 20.0%
2026-03-14 00:50:48,993 [INFO] E084 | Batch 003 | LR: 0.00357 | Loss: 0.0696 | GradNorm: 5.9291 | Batch P@10: 70.0%
2026-03-14 00:50:52,966 [INFO] E084 | Batch 004 | LR: 0.00356 | Loss: 0.0791 | GradNorm: 2.1400 | Batch P@10: 30.0%
2026-03-14 00:50:57,067 [INFO] E084 | Batch 005 | LR: 0.00356 | Loss: 0.0790 | GradNorm: 1.4262 | Batch P@10: 30.0%
2026-03-14 00:51:01,188 [INFO] E084 | Batch 006 | LR: 0.00355 | Loss: 0.0823 | GradNorm: 0.8932 | Batch P@10: 50.0%
2026-03-14 00:51:05,175 [INFO] E084 | Batch 007 | LR: 0.00355 | Loss: 0.0932 | GradNorm: 0.8473 | Batch P@10: 50.0%
2026-03-14 00:51:09,097 [INFO] E084 | Batch 008 | LR: 0.00354 | Loss: 0.0797 | GradNorm: 0.8446 | Batch P@10: 20.0%
2026-03-14 00:51:13,086 [INFO] E084 | Batch 009 | LR: 0.00354 | Loss: 0.0796 | GradNorm: 0.6388 | Batch P@10: 40.0%
2026-03-14 00:51:17,083 [INFO] E084 | Batch 010 | LR: 0.00354 | Loss: 0.0834 | GradNorm: 0.2838 | Batch P@10: 40.0%
2026-03-14 00:51:21,062 [INFO] E084 | Batch 011 | LR: 0.00353 | Loss: 0.0638 | GradNorm: 0.9229 | Batch P@10: 70.0%
2026-03-14 00:51:25,122 [INFO] E084 | Batch 012 | LR: 0.00353 | Loss: 0.0762 | GradNorm: 1.0919 | Batch P@10: 40.0%
2026-03-14 00:51:29,238 [INFO] E084 | Batch 013 | LR: 0.00352 | Loss: 0.0831 | GradNorm: 0.5725 | Batch P@10: 40.0%
2026-03-14 00:51:33,190 [INFO] E084 | Batch 014 | LR: 0.00352 | Loss: 0.1445 | GradNorm: 0.6829 | Batch P@10: 50.0%
2026-03-14 00:51:37,349 [INFO] E084 | Batch 015 | LR: 0.00352 | Loss: 0.0713 | GradNorm: 1.0227 | Batch P@10: 50.0%
2026-03-14 00:51:41,336 [INFO] E084 | Batch 016 | LR: 0.00351 | Loss: 0.1361 | GradNorm: 0.2554 | Batch P@10: 50.0%
2026-03-14 00:51:45,305 [INFO] E084 | Batch 017 | LR: 0.00351 | Loss: 0.0845 | GradNorm: 0.7250 | Batch P@10: 70.0%
2026-03-14 00:51:49,240 [INFO] E084 | Batch 018 | LR: 0.00350 | Loss: 0.0901 | GradNorm: 0.8692 | Batch P@10: 30.0%
2026-03-14 00:51:53,226 [INFO] E084 | Batch 019 | LR: 0.00350 | Loss: 0.0711 | GradNorm: 0.3551 | Batch P@10: 60.0%
2026-03-14 00:51:57,197 [INFO] E084 | Batch 020 | LR: 0.00350 | Loss: 0.0830 | GradNorm: 0.2350 | Batch P@10: 30.0%
2026-03-14 00:52:01,258 [INFO] E084 | Batch 021 | LR: 0.00349 | Loss: 0.0761 | GradNorm: 0.3677 | Batch P@10: 40.0%
2026-03-14 00:52:05,393 [INFO] E084 | Batch 022 | LR: 0.00349 | Loss: 0.1229 | GradNorm: 0.5187 | Batch P@10: 40.0%
2026-03-14 00:52:09,355 [INFO] E084 | Batch 023 | LR: 0.00348 | Loss: 0.1247 | GradNorm: 0.5263 | Batch P@10: 40.0%
2026-03-14 00:52:13,417 [INFO] E084 | Batch 024 | LR: 0.00348 | Loss: 0.0668 | GradNorm: 1.8118 | Batch P@10: 70.0%
2026-03-14 00:52:17,439 [INFO] E084 | Batch 025 | LR: 0.00347 | Loss: 0.0789 | GradNorm: 0.3218 | Batch P@10: 50.0%
2026-03-14 00:52:21,402 [INFO] E084 | Batch 026 | LR: 0.00347 | Loss: 0.0818 | GradNorm: 0.9524 | Batch P@10: 30.0%
2026-03-14 00:52:25,350 [INFO] E084 | Batch 027 | LR: 0.00347 | Loss: 0.0827 | GradNorm: 0.6505 | Batch P@10: 30.0%
2026-03-14 00:52:29,308 [INFO] E084 | Batch 028 | LR: 0.00346 | Loss: 0.0739 | GradNorm: 0.8942 | Batch P@10: 50.0%
2026-03-14 00:52:33,422 [INFO] E084 | Batch 029 | LR: 0.00346 | Loss: 0.0897 | GradNorm: 0.5977 | Batch P@10: 40.0%
2026-03-14 00:52:37,394 [INFO] E084 | Batch 030 | LR: 0.00345 | Loss: 0.0755 | GradNorm: 0.4642 | Batch P@10: 50.0%
2026-03-14 00:52:41,509 [INFO] E084 | Batch 031 | LR: 0.00345 | Loss: 0.0835 | GradNorm: 0.6557 | Batch P@10: 30.0%
2026-03-14 00:52:45,482 [INFO] E084 | Batch 032 | LR: 0.00345 | Loss: 0.0768 | GradNorm: 1.0812 | Batch P@10: 50.0%
2026-03-14 00:52:49,513 [INFO] E084 | Batch 033 | LR: 0.00344 | Loss: 0.1021 | GradNorm: 0.8106 | Batch P@10: 40.0%
2026-03-14 00:52:53,630 [INFO] E084 | Batch 034 | LR: 0.00344 | Loss: 0.0763 | GradNorm: 0.9774 | Batch P@10: 40.0%
2026-03-14 00:52:57,840 [INFO] E084 | Batch 035 | LR: 0.00343 | Loss: 0.0912 | GradNorm: 1.0715 | Batch P@10: 50.0%
2026-03-14 00:53:01,851 [INFO] E084 | Batch 036 | LR: 0.00343 | Loss: 0.1016 | GradNorm: 0.6529 | Batch P@10: 50.0%
2026-03-14 00:53:06,015 [INFO] E084 | Batch 037 | LR: 0.00343 | Loss: 0.0847 | GradNorm: 0.7641 | Batch P@10: 40.0%
2026-03-14 00:53:14,582 [INFO] 
---> FIM DA ÉPOCA 84 | Val P@10: 46.0591% | Loss Média: 0.0845 | Grad Médio: 0.9749 | Recorde Geral: 46.4532% <---

2026-03-14 00:53:18,783 [INFO] E085 | Batch 001 | LR: 0.00342 | Loss: 0.0900 | GradNorm: 0.5915 | Batch P@10: 40.0%
2026-03-14 00:53:22,760 [INFO] E085 | Batch 002 | LR: 0.00342 | Loss: 0.1056 | GradNorm: 1.5119 | Batch P@10: 80.0%
2026-03-14 00:53:26,730 [INFO] E085 | Batch 003 | LR: 0.00341 | Loss: 0.0956 | GradNorm: 0.4648 | Batch P@10: 50.0%
2026-03-14 00:53:30,926 [INFO] E085 | Batch 004 | LR: 0.00341 | Loss: 0.0757 | GradNorm: 0.9473 | Batch P@10: 50.0%
2026-03-14 00:53:34,876 [INFO] E085 | Batch 005 | LR: 0.00341 | Loss: 0.0801 | GradNorm: 0.5714 | Batch P@10: 50.0%
2026-03-14 00:53:38,942 [INFO] E085 | Batch 006 | LR: 0.00340 | Loss: 0.0810 | GradNorm: 0.3006 | Batch P@10: 30.0%
2026-03-14 00:53:43,073 [INFO] E085 | Batch 007 | LR: 0.00340 | Loss: 0.0763 | GradNorm: 0.5018 | Batch P@10: 40.0%
2026-03-14 00:53:47,138 [INFO] E085 | Batch 008 | LR: 0.00339 | Loss: 0.0837 | GradNorm: 0.3692 | Batch P@10: 30.0%
2026-03-14 00:53:51,131 [INFO] E085 | Batch 009 | LR: 0.00339 | Loss: 0.1395 | GradNorm: 2.1483 | Batch P@10: 50.0%
2026-03-14 00:53:55,078 [INFO] E085 | Batch 010 | LR: 0.00338 | Loss: 0.0735 | GradNorm: 1.6788 | Batch P@10: 50.0%
2026-03-14 00:53:59,203 [INFO] E085 | Batch 011 | LR: 0.00338 | Loss: 0.0745 | GradNorm: 0.2751 | Batch P@10: 40.0%
2026-03-14 00:54:03,223 [INFO] E085 | Batch 012 | LR: 0.00338 | Loss: 0.0705 | GradNorm: 0.6824 | Batch P@10: 40.0%
2026-03-14 00:54:07,176 [INFO] E085 | Batch 013 | LR: 0.00337 | Loss: 0.0773 | GradNorm: 0.9730 | Batch P@10: 50.0%
2026-03-14 00:54:11,281 [INFO] E085 | Batch 014 | LR: 0.00337 | Loss: 0.0806 | GradNorm: 0.6805 | Batch P@10: 50.0%
2026-03-14 00:54:15,294 [INFO] E085 | Batch 015 | LR: 0.00336 | Loss: 0.0918 | GradNorm: 0.6256 | Batch P@10: 40.0%
2026-03-14 00:54:19,434 [INFO] E085 | Batch 016 | LR: 0.00336 | Loss: 0.0835 | GradNorm: 0.7787 | Batch P@10: 30.0%
2026-03-14 00:54:23,415 [INFO] E085 | Batch 017 | LR: 0.00336 | Loss: 0.1781 | GradNorm: 3.0008 | Batch P@10: 30.0%
2026-03-14 00:54:27,363 [INFO] E085 | Batch 018 | LR: 0.00335 | Loss: 0.0761 | GradNorm: 0.9193 | Batch P@10: 50.0%
2026-03-14 00:54:31,308 [INFO] E085 | Batch 019 | LR: 0.00335 | Loss: 0.0806 | GradNorm: 0.7282 | Batch P@10: 40.0%
2026-03-14 00:54:35,270 [INFO] E085 | Batch 020 | LR: 0.00334 | Loss: 0.0961 | GradNorm: 0.4351 | Batch P@10: 50.0%
2026-03-14 00:54:39,231 [INFO] E085 | Batch 021 | LR: 0.00334 | Loss: 0.0846 | GradNorm: 0.8701 | Batch P@10: 50.0%
2026-03-14 00:54:43,173 [INFO] E085 | Batch 022 | LR: 0.00334 | Loss: 0.0862 | GradNorm: 0.8431 | Batch P@10: 30.0%
2026-03-14 00:54:47,166 [INFO] E085 | Batch 023 | LR: 0.00333 | Loss: 0.0766 | GradNorm: 0.3614 | Batch P@10: 60.0%
2026-03-14 00:54:51,235 [INFO] E085 | Batch 024 | LR: 0.00333 | Loss: 0.0759 | GradNorm: 1.1279 | Batch P@10: 70.0%
2026-03-14 00:54:55,247 [INFO] E085 | Batch 025 | LR: 0.00332 | Loss: 0.0878 | GradNorm: 0.3784 | Batch P@10: 50.0%
2026-03-14 00:54:59,297 [INFO] E085 | Batch 026 | LR: 0.00332 | Loss: 0.0757 | GradNorm: 0.6834 | Batch P@10: 50.0%
2026-03-14 00:55:03,414 [INFO] E085 | Batch 027 | LR: 0.00332 | Loss: 0.0752 | GradNorm: 0.7197 | Batch P@10: 50.0%
2026-03-14 00:55:07,583 [INFO] E085 | Batch 028 | LR: 0.00331 | Loss: 0.0908 | GradNorm: 0.4403 | Batch P@10: 30.0%
2026-03-14 00:55:11,536 [INFO] E085 | Batch 029 | LR: 0.00331 | Loss: 0.1303 | GradNorm: 0.2760 | Batch P@10: 40.0%
2026-03-14 00:55:15,548 [INFO] E085 | Batch 030 | LR: 0.00330 | Loss: 0.0920 | GradNorm: 0.7294 | Batch P@10: 40.0%
2026-03-14 00:55:19,680 [INFO] E085 | Batch 031 | LR: 0.00330 | Loss: 0.1092 | GradNorm: 0.9108 | Batch P@10: 50.0%
2026-03-14 00:55:23,761 [INFO] E085 | Batch 032 | LR: 0.00330 | Loss: 0.0786 | GradNorm: 0.3462 | Batch P@10: 20.0%
2026-03-14 00:55:27,843 [INFO] E085 | Batch 033 | LR: 0.00329 | Loss: 0.0779 | GradNorm: 0.7462 | Batch P@10: 40.0%
2026-03-14 00:55:31,890 [INFO] E085 | Batch 034 | LR: 0.00329 | Loss: 0.0747 | GradNorm: 0.4339 | Batch P@10: 60.0%
2026-03-14 00:55:35,955 [INFO] E085 | Batch 035 | LR: 0.00328 | Loss: 0.0822 | GradNorm: 0.4074 | Batch P@10: 30.0%
2026-03-14 00:55:40,016 [INFO] E085 | Batch 036 | LR: 0.00328 | Loss: 0.0710 | GradNorm: 0.7330 | Batch P@10: 60.0%
2026-03-14 00:55:44,147 [INFO] E085 | Batch 037 | LR: 0.00328 | Loss: 0.0697 | GradNorm: 1.9427 | Batch P@10: 60.0%
2026-03-14 00:55:52,630 [INFO] 
---> FIM DA ÉPOCA 85 | Val P@10: 45.4187% | Loss Média: 0.0855 | Grad Médio: 0.8144 | Recorde Geral: 46.4532% <---

2026-03-14 00:55:56,922 [INFO] E086 | Batch 001 | LR: 0.00327 | Loss: 0.0721 | GradNorm: 0.3129 | Batch P@10: 50.0%
2026-03-14 00:56:01,007 [INFO] E086 | Batch 002 | LR: 0.00327 | Loss: 0.0786 | GradNorm: 1.9388 | Batch P@10: 60.0%
2026-03-14 00:56:04,985 [INFO] E086 | Batch 003 | LR: 0.00326 | Loss: 0.0799 | GradNorm: 0.4373 | Batch P@10: 50.0%
2026-03-14 00:56:09,065 [INFO] E086 | Batch 004 | LR: 0.00326 | Loss: 0.0816 | GradNorm: 1.0174 | Batch P@10: 30.0%
2026-03-14 00:56:13,190 [INFO] E086 | Batch 005 | LR: 0.00325 | Loss: 0.0983 | GradNorm: 1.1763 | Batch P@10: 40.0%
2026-03-14 00:56:17,207 [INFO] E086 | Batch 006 | LR: 0.00325 | Loss: 0.0800 | GradNorm: 1.0019 | Batch P@10: 50.0%
2026-03-14 00:56:21,274 [INFO] E086 | Batch 007 | LR: 0.00325 | Loss: 0.0876 | GradNorm: 0.9401 | Batch P@10: 30.0%
2026-03-14 00:56:25,331 [INFO] E086 | Batch 008 | LR: 0.00324 | Loss: 0.1765 | GradNorm: 0.3996 | Batch P@10: 70.0%
2026-03-14 00:56:29,483 [INFO] E086 | Batch 009 | LR: 0.00324 | Loss: 0.0823 | GradNorm: 3.6208 | Batch P@10: 50.0%
2026-03-14 00:56:33,598 [INFO] E086 | Batch 010 | LR: 0.00323 | Loss: 0.1207 | GradNorm: 5.3579 | Batch P@10: 60.0%
2026-03-14 00:56:37,611 [INFO] E086 | Batch 011 | LR: 0.00323 | Loss: 0.1653 | GradNorm: 2.1033 | Batch P@10: 60.0%
2026-03-14 00:56:41,623 [INFO] E086 | Batch 012 | LR: 0.00323 | Loss: 0.1660 | GradNorm: 1.1203 | Batch P@10: 40.0%
2026-03-14 00:56:45,773 [INFO] E086 | Batch 013 | LR: 0.00322 | Loss: 0.0917 | GradNorm: 0.9288 | Batch P@10: 50.0%
2026-03-14 00:56:49,785 [INFO] E086 | Batch 014 | LR: 0.00322 | Loss: 0.0844 | GradNorm: 0.9077 | Batch P@10: 40.0%
2026-03-14 00:56:53,848 [INFO] E086 | Batch 015 | LR: 0.00321 | Loss: 0.0892 | GradNorm: 1.0151 | Batch P@10: 40.0%
2026-03-14 00:56:57,953 [INFO] E086 | Batch 016 | LR: 0.00321 | Loss: 0.1116 | GradNorm: 0.6609 | Batch P@10: 60.0%
2026-03-14 00:57:01,964 [INFO] E086 | Batch 017 | LR: 0.00321 | Loss: 0.0817 | GradNorm: 0.5456 | Batch P@10: 60.0%
2026-03-14 00:57:06,141 [INFO] E086 | Batch 018 | LR: 0.00320 | Loss: 0.0881 | GradNorm: 0.3813 | Batch P@10: 30.0%
2026-03-14 00:57:10,294 [INFO] E086 | Batch 019 | LR: 0.00320 | Loss: 0.0640 | GradNorm: 0.7572 | Batch P@10: 50.0%
2026-03-14 00:57:14,311 [INFO] E086 | Batch 020 | LR: 0.00319 | Loss: 0.0754 | GradNorm: 0.5729 | Batch P@10: 50.0%
2026-03-14 00:57:18,379 [INFO] E086 | Batch 021 | LR: 0.00319 | Loss: 0.0759 | GradNorm: 1.5673 | Batch P@10: 50.0%
2026-03-14 00:57:22,374 [INFO] E086 | Batch 022 | LR: 0.00319 | Loss: 0.0815 | GradNorm: 0.4530 | Batch P@10: 30.0%
2026-03-14 00:57:26,510 [INFO] E086 | Batch 023 | LR: 0.00318 | Loss: 0.0831 | GradNorm: 0.3235 | Batch P@10: 40.0%
2026-03-14 00:57:30,514 [INFO] E086 | Batch 024 | LR: 0.00318 | Loss: 0.0713 | GradNorm: 0.6859 | Batch P@10: 60.0%
2026-03-14 00:57:34,442 [INFO] E086 | Batch 025 | LR: 0.00317 | Loss: 0.0896 | GradNorm: 0.8256 | Batch P@10: 50.0%
2026-03-14 00:57:38,462 [INFO] E086 | Batch 026 | LR: 0.00317 | Loss: 0.0671 | GradNorm: 0.4083 | Batch P@10: 40.0%
2026-03-14 00:57:42,504 [INFO] E086 | Batch 027 | LR: 0.00317 | Loss: 0.0824 | GradNorm: 0.5164 | Batch P@10: 70.0%
2026-03-14 00:57:46,546 [INFO] E086 | Batch 028 | LR: 0.00316 | Loss: 0.1440 | GradNorm: 1.3377 | Batch P@10: 30.0%
2026-03-14 00:57:50,544 [INFO] E086 | Batch 029 | LR: 0.00316 | Loss: 0.1118 | GradNorm: 0.4837 | Batch P@10: 20.0%
2026-03-14 00:57:54,528 [INFO] E086 | Batch 030 | LR: 0.00315 | Loss: 0.0872 | GradNorm: 0.7712 | Batch P@10: 40.0%
2026-03-14 00:57:58,605 [INFO] E086 | Batch 031 | LR: 0.00315 | Loss: 0.0833 | GradNorm: 0.3694 | Batch P@10: 50.0%
2026-03-14 00:58:02,753 [INFO] E086 | Batch 032 | LR: 0.00315 | Loss: 0.0728 | GradNorm: 0.5563 | Batch P@10: 60.0%
2026-03-14 00:58:06,713 [INFO] E086 | Batch 033 | LR: 0.00314 | Loss: 0.1284 | GradNorm: 1.4465 | Batch P@10: 50.0%
2026-03-14 00:58:10,699 [INFO] E086 | Batch 034 | LR: 0.00314 | Loss: 0.0741 | GradNorm: 0.8908 | Batch P@10: 40.0%
2026-03-14 00:58:14,645 [INFO] E086 | Batch 035 | LR: 0.00313 | Loss: 0.0802 | GradNorm: 0.3324 | Batch P@10: 40.0%
2026-03-14 00:58:18,601 [INFO] E086 | Batch 036 | LR: 0.00313 | Loss: 0.0725 | GradNorm: 0.3856 | Batch P@10: 60.0%
2026-03-14 00:58:22,554 [INFO] E086 | Batch 037 | LR: 0.00313 | Loss: 0.1152 | GradNorm: 0.3589 | Batch P@10: 40.0%
2026-03-14 00:58:30,813 [INFO] 
---> FIM DA ÉPOCA 86 | Val P@10: 45.0246% | Loss Média: 0.0920 | Grad Médio: 0.9975 | Recorde Geral: 46.4532% <---

2026-03-14 00:58:35,041 [INFO] E087 | Batch 001 | LR: 0.00312 | Loss: 0.0746 | GradNorm: 0.6548 | Batch P@10: 50.0%
2026-03-14 00:58:39,063 [INFO] E087 | Batch 002 | LR: 0.00312 | Loss: 0.0750 | GradNorm: 0.3797 | Batch P@10: 40.0%
2026-03-14 00:58:43,147 [INFO] E087 | Batch 003 | LR: 0.00311 | Loss: 0.0720 | GradNorm: 0.3865 | Batch P@10: 30.0%
2026-03-14 00:58:47,303 [INFO] E087 | Batch 004 | LR: 0.00311 | Loss: 0.0694 | GradNorm: 0.9473 | Batch P@10: 60.0%
2026-03-14 00:58:51,381 [INFO] E087 | Batch 005 | LR: 0.00311 | Loss: 0.0816 | GradNorm: 0.8964 | Batch P@10: 40.0%
2026-03-14 00:58:55,321 [INFO] E087 | Batch 006 | LR: 0.00310 | Loss: 0.0673 | GradNorm: 0.4064 | Batch P@10: 30.0%
2026-03-14 00:58:59,477 [INFO] E087 | Batch 007 | LR: 0.00310 | Loss: 0.0775 | GradNorm: 0.3058 | Batch P@10: 30.0%
2026-03-14 00:59:03,686 [INFO] E087 | Batch 008 | LR: 0.00309 | Loss: 0.0709 | GradNorm: 0.6989 | Batch P@10: 40.0%
2026-03-14 00:59:07,724 [INFO] E087 | Batch 009 | LR: 0.00309 | Loss: 0.0750 | GradNorm: 2.0407 | Batch P@10: 30.0%
2026-03-14 00:59:11,696 [INFO] E087 | Batch 010 | LR: 0.00309 | Loss: 0.0970 | GradNorm: 1.6538 | Batch P@10: 40.0%
2026-03-14 00:59:15,676 [INFO] E087 | Batch 011 | LR: 0.00308 | Loss: 0.0799 | GradNorm: 0.7208 | Batch P@10: 60.0%
2026-03-14 00:59:19,758 [INFO] E087 | Batch 012 | LR: 0.00308 | Loss: 0.0700 | GradNorm: 0.9112 | Batch P@10: 70.0%
2026-03-14 00:59:23,768 [INFO] E087 | Batch 013 | LR: 0.00307 | Loss: 0.0771 | GradNorm: 0.7714 | Batch P@10: 50.0%
2026-03-14 00:59:27,858 [INFO] E087 | Batch 014 | LR: 0.00307 | Loss: 0.0833 | GradNorm: 0.9893 | Batch P@10: 40.0%
2026-03-14 00:59:31,845 [INFO] E087 | Batch 015 | LR: 0.00307 | Loss: 0.1715 | GradNorm: 0.6197 | Batch P@10: 40.0%
2026-03-14 00:59:36,020 [INFO] E087 | Batch 016 | LR: 0.00306 | Loss: 0.0786 | GradNorm: 1.2429 | Batch P@10: 20.0%
2026-03-14 00:59:40,005 [INFO] E087 | Batch 017 | LR: 0.00306 | Loss: 0.0798 | GradNorm: 2.9220 | Batch P@10: 50.0%
2026-03-14 00:59:43,977 [INFO] E087 | Batch 018 | LR: 0.00305 | Loss: 0.0835 | GradNorm: 2.9842 | Batch P@10: 50.0%
2026-03-14 00:59:47,950 [INFO] E087 | Batch 019 | LR: 0.00305 | Loss: 0.1084 | GradNorm: 1.0349 | Batch P@10: 60.0%
2026-03-14 00:59:51,917 [INFO] E087 | Batch 020 | LR: 0.00305 | Loss: 0.0956 | GradNorm: 0.6947 | Batch P@10: 50.0%
2026-03-14 00:59:55,978 [INFO] E087 | Batch 021 | LR: 0.00304 | Loss: 0.0885 | GradNorm: 0.9263 | Batch P@10: 60.0%
2026-03-14 00:59:59,954 [INFO] E087 | Batch 022 | LR: 0.00304 | Loss: 0.0896 | GradNorm: 0.9846 | Batch P@10: 30.0%
2026-03-14 01:00:03,939 [INFO] E087 | Batch 023 | LR: 0.00304 | Loss: 0.0802 | GradNorm: 0.8511 | Batch P@10: 40.0%
2026-03-14 01:00:07,929 [INFO] E087 | Batch 024 | LR: 0.00303 | Loss: 0.1024 | GradNorm: 0.7124 | Batch P@10: 40.0%
2026-03-14 01:00:11,939 [INFO] E087 | Batch 025 | LR: 0.00303 | Loss: 0.0743 | GradNorm: 1.0761 | Batch P@10: 50.0%
2026-03-14 01:00:15,961 [INFO] E087 | Batch 026 | LR: 0.00302 | Loss: 0.1763 | GradNorm: 4.4149 | Batch P@10: 50.0%
2026-03-14 01:00:19,918 [INFO] E087 | Batch 027 | LR: 0.00302 | Loss: 0.1041 | GradNorm: 1.9371 | Batch P@10: 40.0%
2026-03-14 01:00:23,909 [INFO] E087 | Batch 028 | LR: 0.00302 | Loss: 0.0769 | GradNorm: 0.7844 | Batch P@10: 50.0%
2026-03-14 01:00:27,904 [INFO] E087 | Batch 029 | LR: 0.00301 | Loss: 0.0829 | GradNorm: 0.3821 | Batch P@10: 80.0%
2026-03-14 01:00:31,893 [INFO] E087 | Batch 030 | LR: 0.00301 | Loss: 0.0873 | GradNorm: 1.0070 | Batch P@10: 30.0%
2026-03-14 01:00:35,859 [INFO] E087 | Batch 031 | LR: 0.00300 | Loss: 0.0966 | GradNorm: 1.0882 | Batch P@10: 30.0%
2026-03-14 01:00:40,014 [INFO] E087 | Batch 032 | LR: 0.00300 | Loss: 0.0795 | GradNorm: 0.8718 | Batch P@10: 40.0%
2026-03-14 01:00:44,042 [INFO] E087 | Batch 033 | LR: 0.00300 | Loss: 0.0832 | GradNorm: 1.0308 | Batch P@10: 50.0%
2026-03-14 01:00:48,185 [INFO] E087 | Batch 034 | LR: 0.00299 | Loss: 0.0820 | GradNorm: 0.4047 | Batch P@10: 40.0%
2026-03-14 01:00:52,157 [INFO] E087 | Batch 035 | LR: 0.00299 | Loss: 0.0686 | GradNorm: 4.0021 | Batch P@10: 70.0%
2026-03-14 01:00:56,113 [INFO] E087 | Batch 036 | LR: 0.00298 | Loss: 0.1523 | GradNorm: 3.5262 | Batch P@10: 70.0%
2026-03-14 01:01:00,213 [INFO] E087 | Batch 037 | LR: 0.00298 | Loss: 0.1890 | GradNorm: 5.5065 | Batch P@10: 70.0%
2026-03-14 01:01:08,659 [INFO] 
---> FIM DA ÉPOCA 87 | Val P@10: 45.3202% | Loss Média: 0.0895 | Grad Médio: 1.3721 | Recorde Geral: 46.4532% <---

2026-03-14 01:01:12,944 [INFO] E088 | Batch 001 | LR: 0.00298 | Loss: 0.0676 | GradNorm: 3.0697 | Batch P@10: 30.0%
2026-03-14 01:01:17,140 [INFO] E088 | Batch 002 | LR: 0.00297 | Loss: 0.0649 | GradNorm: 0.4677 | Batch P@10: 80.0%
2026-03-14 01:01:21,326 [INFO] E088 | Batch 003 | LR: 0.00297 | Loss: 0.0780 | GradNorm: 0.9927 | Batch P@10: 40.0%
2026-03-14 01:01:25,276 [INFO] E088 | Batch 004 | LR: 0.00296 | Loss: 0.0900 | GradNorm: 0.9045 | Batch P@10: 30.0%
2026-03-14 01:01:29,219 [INFO] E088 | Batch 005 | LR: 0.00296 | Loss: 0.0775 | GradNorm: 1.0104 | Batch P@10: 30.0%
2026-03-14 01:01:33,163 [INFO] E088 | Batch 006 | LR: 0.00296 | Loss: 0.0787 | GradNorm: 0.6703 | Batch P@10: 40.0%
2026-03-14 01:01:37,457 [INFO] E088 | Batch 007 | LR: 0.00295 | Loss: 0.0840 | GradNorm: 0.9352 | Batch P@10: 30.0%
2026-03-14 01:01:41,567 [INFO] E088 | Batch 008 | LR: 0.00295 | Loss: 0.0948 | GradNorm: 2.3177 | Batch P@10: 50.0%
2026-03-14 01:01:45,682 [INFO] E088 | Batch 009 | LR: 0.00294 | Loss: 0.0769 | GradNorm: 0.3310 | Batch P@10: 60.0%
2026-03-14 01:01:49,657 [INFO] E088 | Batch 010 | LR: 0.00294 | Loss: 0.0939 | GradNorm: 0.3383 | Batch P@10: 60.0%
2026-03-14 01:01:53,715 [INFO] E088 | Batch 011 | LR: 0.00294 | Loss: 0.1112 | GradNorm: 0.7940 | Batch P@10: 70.0%
2026-03-14 01:01:57,772 [INFO] E088 | Batch 012 | LR: 0.00293 | Loss: 0.0921 | GradNorm: 0.6675 | Batch P@10: 50.0%
2026-03-14 01:02:01,895 [INFO] E088 | Batch 013 | LR: 0.00293 | Loss: 0.0771 | GradNorm: 0.7973 | Batch P@10: 60.0%
2026-03-14 01:02:06,022 [INFO] E088 | Batch 014 | LR: 0.00292 | Loss: 0.0815 | GradNorm: 0.6580 | Batch P@10: 40.0%
2026-03-14 01:02:10,112 [INFO] E088 | Batch 015 | LR: 0.00292 | Loss: 0.0818 | GradNorm: 0.4866 | Batch P@10: 40.0%
2026-03-14 01:02:14,099 [INFO] E088 | Batch 016 | LR: 0.00292 | Loss: 0.0807 | GradNorm: 2.4354 | Batch P@10: 60.0%
2026-03-14 01:02:18,135 [INFO] E088 | Batch 017 | LR: 0.00291 | Loss: 0.0867 | GradNorm: 2.3272 | Batch P@10: 50.0%
2026-03-14 01:02:22,259 [INFO] E088 | Batch 018 | LR: 0.00291 | Loss: 0.0827 | GradNorm: 0.4171 | Batch P@10: 40.0%
2026-03-14 01:02:26,229 [INFO] E088 | Batch 019 | LR: 0.00291 | Loss: 0.1256 | GradNorm: 0.5007 | Batch P@10: 50.0%
2026-03-14 01:02:30,214 [INFO] E088 | Batch 020 | LR: 0.00290 | Loss: 0.0743 | GradNorm: 0.8346 | Batch P@10: 50.0%
2026-03-14 01:02:34,273 [INFO] E088 | Batch 021 | LR: 0.00290 | Loss: 0.0758 | GradNorm: 0.7036 | Batch P@10: 50.0%
2026-03-14 01:02:38,219 [INFO] E088 | Batch 022 | LR: 0.00289 | Loss: 0.0768 | GradNorm: 0.7940 | Batch P@10: 40.0%
2026-03-14 01:02:42,193 [INFO] E088 | Batch 023 | LR: 0.00289 | Loss: 0.0718 | GradNorm: 0.5183 | Batch P@10: 40.0%
2026-03-14 01:02:46,251 [INFO] E088 | Batch 024 | LR: 0.00289 | Loss: 0.1315 | GradNorm: 1.4277 | Batch P@10: 40.0%
2026-03-14 01:02:50,441 [INFO] E088 | Batch 025 | LR: 0.00288 | Loss: 0.0814 | GradNorm: 1.3298 | Batch P@10: 40.0%
2026-03-14 01:02:54,475 [INFO] E088 | Batch 026 | LR: 0.00288 | Loss: 0.0743 | GradNorm: 0.6351 | Batch P@10: 30.0%
2026-03-14 01:02:58,594 [INFO] E088 | Batch 027 | LR: 0.00287 | Loss: 0.0752 | GradNorm: 0.4965 | Batch P@10: 40.0%
2026-03-14 01:03:02,564 [INFO] E088 | Batch 028 | LR: 0.00287 | Loss: 0.0988 | GradNorm: 0.6096 | Batch P@10: 40.0%
2026-03-14 01:03:06,588 [INFO] E088 | Batch 029 | LR: 0.00287 | Loss: 0.0709 | GradNorm: 0.6815 | Batch P@10: 30.0%
2026-03-14 01:03:10,645 [INFO] E088 | Batch 030 | LR: 0.00286 | Loss: 0.0809 | GradNorm: 1.0091 | Batch P@10: 60.0%
2026-03-14 01:03:14,671 [INFO] E088 | Batch 031 | LR: 0.00286 | Loss: 0.0765 | GradNorm: 0.2495 | Batch P@10: 50.0%
2026-03-14 01:03:18,639 [INFO] E088 | Batch 032 | LR: 0.00285 | Loss: 0.1246 | GradNorm: 2.3822 | Batch P@10: 30.0%
2026-03-14 01:03:22,588 [INFO] E088 | Batch 033 | LR: 0.00285 | Loss: 0.0799 | GradNorm: 0.9963 | Batch P@10: 50.0%
2026-03-14 01:03:26,568 [INFO] E088 | Batch 034 | LR: 0.00285 | Loss: 0.0803 | GradNorm: 0.5865 | Batch P@10: 50.0%
2026-03-14 01:03:30,693 [INFO] E088 | Batch 035 | LR: 0.00284 | Loss: 0.0644 | GradNorm: 0.4258 | Batch P@10: 60.0%
2026-03-14 01:03:34,686 [INFO] E088 | Batch 036 | LR: 0.00284 | Loss: 0.0829 | GradNorm: 0.6478 | Batch P@10: 60.0%
2026-03-14 01:03:38,647 [INFO] E088 | Batch 037 | LR: 0.00284 | Loss: 0.0879 | GradNorm: 0.5911 | Batch P@10: 40.0%
2026-03-14 01:03:47,203 [INFO] 
---> FIM DA ÉPOCA 88 | Val P@10: 47.2414% | Loss Média: 0.0825 | Grad Médio: 0.9470 | Recorde Geral: 47.2414% <---

2026-03-14 01:03:47,212 [INFO] 💎 NOVO RECORDE RETREINO 64: 47.2%
2026-03-14 01:03:51,361 [INFO] E089 | Batch 001 | LR: 0.00283 | Loss: 0.1313 | GradNorm: 0.6399 | Batch P@10: 40.0%
2026-03-14 01:03:55,477 [INFO] E089 | Batch 002 | LR: 0.00283 | Loss: 0.0777 | GradNorm: 0.5928 | Batch P@10: 50.0%
2026-03-14 01:03:59,506 [INFO] E089 | Batch 003 | LR: 0.00282 | Loss: 0.0847 | GradNorm: 0.3984 | Batch P@10: 40.0%
2026-03-14 01:04:03,608 [INFO] E089 | Batch 004 | LR: 0.00282 | Loss: 0.0948 | GradNorm: 0.5919 | Batch P@10: 40.0%
2026-03-14 01:04:07,686 [INFO] E089 | Batch 005 | LR: 0.00282 | Loss: 0.1119 | GradNorm: 3.2892 | Batch P@10: 50.0%
2026-03-14 01:04:11,786 [INFO] E089 | Batch 006 | LR: 0.00281 | Loss: 0.1121 | GradNorm: 4.2418 | Batch P@10: 20.0%
2026-03-14 01:04:15,858 [INFO] E089 | Batch 007 | LR: 0.00281 | Loss: 0.1233 | GradNorm: 3.9875 | Batch P@10: 40.0%
2026-03-14 01:04:19,952 [INFO] E089 | Batch 008 | LR: 0.00280 | Loss: 0.0933 | GradNorm: 2.1507 | Batch P@10: 50.0%
2026-03-14 01:04:23,925 [INFO] E089 | Batch 009 | LR: 0.00280 | Loss: 0.0671 | GradNorm: 0.8881 | Batch P@10: 60.0%
2026-03-14 01:04:28,156 [INFO] E089 | Batch 010 | LR: 0.00280 | Loss: 0.2531 | GradNorm: 0.9177 | Batch P@10: 50.0%
2026-03-14 01:04:32,284 [INFO] E089 | Batch 011 | LR: 0.00279 | Loss: 0.0799 | GradNorm: 0.9149 | Batch P@10: 60.0%
2026-03-14 01:04:36,221 [INFO] E089 | Batch 012 | LR: 0.00279 | Loss: 0.0759 | GradNorm: 0.6003 | Batch P@10: 50.0%
2026-03-14 01:04:40,198 [INFO] E089 | Batch 013 | LR: 0.00278 | Loss: 0.0774 | GradNorm: 0.7610 | Batch P@10: 30.0%
2026-03-14 01:04:44,353 [INFO] E089 | Batch 014 | LR: 0.00278 | Loss: 0.0649 | GradNorm: 1.2402 | Batch P@10: 50.0%
2026-03-14 01:04:48,436 [INFO] E089 | Batch 015 | LR: 0.00278 | Loss: 0.0742 | GradNorm: 1.4809 | Batch P@10: 60.0%
2026-03-14 01:04:52,416 [INFO] E089 | Batch 016 | LR: 0.00277 | Loss: 0.0863 | GradNorm: 1.6735 | Batch P@10: 30.0%
2026-03-14 01:04:56,381 [INFO] E089 | Batch 017 | LR: 0.00277 | Loss: 0.0724 | GradNorm: 0.9496 | Batch P@10: 50.0%
2026-03-14 01:05:00,358 [INFO] E089 | Batch 018 | LR: 0.00277 | Loss: 0.0909 | GradNorm: 0.8598 | Batch P@10: 50.0%
2026-03-14 01:05:04,343 [INFO] E089 | Batch 019 | LR: 0.00276 | Loss: 0.0827 | GradNorm: 1.0362 | Batch P@10: 40.0%
2026-03-14 01:05:08,362 [INFO] E089 | Batch 020 | LR: 0.00276 | Loss: 0.0848 | GradNorm: 0.9207 | Batch P@10: 50.0%
2026-03-14 01:05:12,562 [INFO] E089 | Batch 021 | LR: 0.00275 | Loss: 0.0747 | GradNorm: 0.7728 | Batch P@10: 50.0%
2026-03-14 01:05:16,739 [INFO] E089 | Batch 022 | LR: 0.00275 | Loss: 0.0908 | GradNorm: 0.5871 | Batch P@10: 30.0%
2026-03-14 01:05:20,884 [INFO] E089 | Batch 023 | LR: 0.00275 | Loss: 0.0698 | GradNorm: 1.9838 | Batch P@10: 50.0%
2026-03-14 01:05:24,889 [INFO] E089 | Batch 024 | LR: 0.00274 | Loss: 0.0625 | GradNorm: 3.6841 | Batch P@10: 70.0%
2026-03-14 01:05:29,073 [INFO] E089 | Batch 025 | LR: 0.00274 | Loss: 0.0652 | GradNorm: 2.0984 | Batch P@10: 60.0%
2026-03-14 01:05:33,246 [INFO] E089 | Batch 026 | LR: 0.00273 | Loss: 0.0820 | GradNorm: 0.3353 | Batch P@10: 50.0%
2026-03-14 01:05:37,237 [INFO] E089 | Batch 027 | LR: 0.00273 | Loss: 0.0821 | GradNorm: 0.9224 | Batch P@10: 50.0%
2026-03-14 01:05:41,346 [INFO] E089 | Batch 028 | LR: 0.00273 | Loss: 0.0800 | GradNorm: 0.8813 | Batch P@10: 30.0%
2026-03-14 01:05:45,328 [INFO] E089 | Batch 029 | LR: 0.00272 | Loss: 0.0741 | GradNorm: 0.7960 | Batch P@10: 50.0%
2026-03-14 01:05:49,453 [INFO] E089 | Batch 030 | LR: 0.00272 | Loss: 0.0872 | GradNorm: 0.4076 | Batch P@10: 20.0%
2026-03-14 01:05:53,499 [INFO] E089 | Batch 031 | LR: 0.00272 | Loss: 0.1119 | GradNorm: 0.2748 | Batch P@10: 30.0%
2026-03-14 01:05:57,564 [INFO] E089 | Batch 032 | LR: 0.00271 | Loss: 0.0764 | GradNorm: 1.0207 | Batch P@10: 20.0%
2026-03-14 01:06:01,681 [INFO] E089 | Batch 033 | LR: 0.00271 | Loss: 0.0763 | GradNorm: 1.2476 | Batch P@10: 40.0%
2026-03-14 01:06:05,825 [INFO] E089 | Batch 034 | LR: 0.00270 | Loss: 0.0970 | GradNorm: 0.7721 | Batch P@10: 50.0%
2026-03-14 01:06:09,789 [INFO] E089 | Batch 035 | LR: 0.00270 | Loss: 0.0803 | GradNorm: 1.0758 | Batch P@10: 40.0%
2026-03-14 01:06:13,745 [INFO] E089 | Batch 036 | LR: 0.00270 | Loss: 0.0849 | GradNorm: 0.8017 | Batch P@10: 50.0%
2026-03-14 01:06:17,899 [INFO] E089 | Batch 037 | LR: 0.00269 | Loss: 0.0757 | GradNorm: 0.7681 | Batch P@10: 50.0%
2026-03-14 01:06:26,463 [INFO] 
---> FIM DA ÉPOCA 89 | Val P@10: 47.4877% | Loss Média: 0.0871 | Grad Médio: 1.2585 | Recorde Geral: 47.4877% <---

2026-03-14 01:06:26,473 [INFO] 💎 NOVO RECORDE RETREINO 64: 47.5%
2026-03-14 01:06:30,554 [INFO] E090 | Batch 001 | LR: 0.00269 | Loss: 0.0859 | GradNorm: 0.3458 | Batch P@10: 30.0%
2026-03-14 01:06:34,744 [INFO] E090 | Batch 002 | LR: 0.00268 | Loss: 0.0757 | GradNorm: 0.6376 | Batch P@10: 40.0%
2026-03-14 01:06:38,867 [INFO] E090 | Batch 003 | LR: 0.00268 | Loss: 0.1796 | GradNorm: 1.9029 | Batch P@10: 50.0%
2026-03-14 01:06:42,830 [INFO] E090 | Batch 004 | LR: 0.00268 | Loss: 0.0671 | GradNorm: 0.3010 | Batch P@10: 60.0%
2026-03-14 01:06:46,798 [INFO] E090 | Batch 005 | LR: 0.00267 | Loss: 0.0809 | GradNorm: 0.4443 | Batch P@10: 50.0%
2026-03-14 01:06:50,828 [INFO] E090 | Batch 006 | LR: 0.00267 | Loss: 0.0661 | GradNorm: 0.3808 | Batch P@10: 60.0%
2026-03-14 01:06:54,853 [INFO] E090 | Batch 007 | LR: 0.00267 | Loss: 0.0749 | GradNorm: 0.6900 | Batch P@10: 30.0%
2026-03-14 01:06:58,936 [INFO] E090 | Batch 008 | LR: 0.00266 | Loss: 0.0796 | GradNorm: 1.0823 | Batch P@10: 40.0%
2026-03-14 01:07:02,899 [INFO] E090 | Batch 009 | LR: 0.00266 | Loss: 0.0711 | GradNorm: 0.2813 | Batch P@10: 40.0%
2026-03-14 01:07:07,096 [INFO] E090 | Batch 010 | LR: 0.00265 | Loss: 0.0629 | GradNorm: 0.5007 | Batch P@10: 70.0%
2026-03-14 01:07:11,051 [INFO] E090 | Batch 011 | LR: 0.00265 | Loss: 0.0850 | GradNorm: 0.7558 | Batch P@10: 50.0%
2026-03-14 01:07:15,197 [INFO] E090 | Batch 012 | LR: 0.00265 | Loss: 0.0691 | GradNorm: 0.4731 | Batch P@10: 70.0%
2026-03-14 01:07:19,169 [INFO] E090 | Batch 013 | LR: 0.00264 | Loss: 0.1008 | GradNorm: 2.0956 | Batch P@10: 50.0%
2026-03-14 01:07:23,296 [INFO] E090 | Batch 014 | LR: 0.00264 | Loss: 0.0698 | GradNorm: 1.1043 | Batch P@10: 50.0%
2026-03-14 01:07:27,263 [INFO] E090 | Batch 015 | LR: 0.00264 | Loss: 0.1126 | GradNorm: 0.3747 | Batch P@10: 50.0%
2026-03-14 01:07:31,282 [INFO] E090 | Batch 016 | LR: 0.00263 | Loss: 0.0961 | GradNorm: 0.7955 | Batch P@10: 40.0%
2026-03-14 01:07:35,317 [INFO] E090 | Batch 017 | LR: 0.00263 | Loss: 0.0693 | GradNorm: 0.9335 | Batch P@10: 30.0%
2026-03-14 01:07:39,324 [INFO] E090 | Batch 018 | LR: 0.00262 | Loss: 0.0726 | GradNorm: 0.6682 | Batch P@10: 40.0%
2026-03-14 01:07:43,604 [INFO] E090 | Batch 019 | LR: 0.00262 | Loss: 0.0715 | GradNorm: 0.6736 | Batch P@10: 50.0%
2026-03-14 01:07:47,582 [INFO] E090 | Batch 020 | LR: 0.00262 | Loss: 0.1619 | GradNorm: 1.2810 | Batch P@10: 40.0%
2026-03-14 01:07:51,642 [INFO] E090 | Batch 021 | LR: 0.00261 | Loss: 0.0719 | GradNorm: 3.5335 | Batch P@10: 40.0%
2026-03-14 01:07:55,751 [INFO] E090 | Batch 022 | LR: 0.00261 | Loss: 0.0770 | GradNorm: 2.0840 | Batch P@10: 50.0%
2026-03-14 01:07:59,815 [INFO] E090 | Batch 023 | LR: 0.00261 | Loss: 0.0702 | GradNorm: 1.6585 | Batch P@10: 60.0%
2026-03-14 01:08:03,856 [INFO] E090 | Batch 024 | LR: 0.00260 | Loss: 0.0813 | GradNorm: 0.8211 | Batch P@10: 50.0%
2026-03-14 01:08:07,950 [INFO] E090 | Batch 025 | LR: 0.00260 | Loss: 0.0716 | GradNorm: 0.6600 | Batch P@10: 50.0%
2026-03-14 01:08:11,951 [INFO] E090 | Batch 026 | LR: 0.00259 | Loss: 0.0919 | GradNorm: 0.8475 | Batch P@10: 40.0%
2026-03-14 01:08:16,039 [INFO] E090 | Batch 027 | LR: 0.00259 | Loss: 0.0890 | GradNorm: 0.7705 | Batch P@10: 30.0%
2026-03-14 01:08:20,108 [INFO] E090 | Batch 028 | LR: 0.00259 | Loss: 0.0712 | GradNorm: 0.2269 | Batch P@10: 50.0%
2026-03-14 01:08:24,194 [INFO] E090 | Batch 029 | LR: 0.00258 | Loss: 0.0837 | GradNorm: 0.5044 | Batch P@10: 60.0%
2026-03-14 01:08:28,172 [INFO] E090 | Batch 030 | LR: 0.00258 | Loss: 0.0773 | GradNorm: 1.3771 | Batch P@10: 30.0%
2026-03-14 01:08:32,156 [INFO] E090 | Batch 031 | LR: 0.00257 | Loss: 0.1034 | GradNorm: 1.6184 | Batch P@10: 20.0%
2026-03-14 01:08:36,298 [INFO] E090 | Batch 032 | LR: 0.00257 | Loss: 0.0916 | GradNorm: 0.3816 | Batch P@10: 30.0%
2026-03-14 01:08:40,357 [INFO] E090 | Batch 033 | LR: 0.00257 | Loss: 0.0721 | GradNorm: 0.2764 | Batch P@10: 40.0%
2026-03-14 01:08:44,372 [INFO] E090 | Batch 034 | LR: 0.00256 | Loss: 0.0872 | GradNorm: 0.6812 | Batch P@10: 40.0%
2026-03-14 01:08:48,504 [INFO] E090 | Batch 035 | LR: 0.00256 | Loss: 0.0856 | GradNorm: 0.7205 | Batch P@10: 40.0%
2026-03-14 01:08:52,508 [INFO] E090 | Batch 036 | LR: 0.00256 | Loss: 0.0750 | GradNorm: 0.8823 | Batch P@10: 60.0%
2026-03-14 01:08:56,481 [INFO] E090 | Batch 037 | LR: 0.00255 | Loss: 0.0873 | GradNorm: 0.8510 | Batch P@10: 50.0%
2026-03-14 01:09:04,937 [INFO] 
---> FIM DA ÉPOCA 90 | Val P@10: 47.4384% | Loss Média: 0.0826 | Grad Médio: 0.9086 | Recorde Geral: 47.4877% <---

2026-03-14 01:09:09,064 [INFO] E091 | Batch 001 | LR: 0.00255 | Loss: 0.0735 | GradNorm: 0.8946 | Batch P@10: 60.0%
2026-03-14 01:09:13,144 [INFO] E091 | Batch 002 | LR: 0.00254 | Loss: 0.0674 | GradNorm: 1.5242 | Batch P@10: 30.0%
2026-03-14 01:09:17,076 [INFO] E091 | Batch 003 | LR: 0.00254 | Loss: 0.0733 | GradNorm: 1.7570 | Batch P@10: 30.0%
2026-03-14 01:09:21,043 [INFO] E091 | Batch 004 | LR: 0.00254 | Loss: 0.0698 | GradNorm: 2.5493 | Batch P@10: 50.0%
2026-03-14 01:09:25,200 [INFO] E091 | Batch 005 | LR: 0.00253 | Loss: 0.0770 | GradNorm: 2.6309 | Batch P@10: 50.0%
2026-03-14 01:09:29,282 [INFO] E091 | Batch 006 | LR: 0.00253 | Loss: 0.0708 | GradNorm: 0.6667 | Batch P@10: 50.0%
2026-03-14 01:09:33,510 [INFO] E091 | Batch 007 | LR: 0.00253 | Loss: 0.0874 | GradNorm: 0.6177 | Batch P@10: 30.0%
2026-03-14 01:09:37,478 [INFO] E091 | Batch 008 | LR: 0.00252 | Loss: 0.0783 | GradNorm: 0.7645 | Batch P@10: 40.0%
2026-03-14 01:09:41,532 [INFO] E091 | Batch 009 | LR: 0.00252 | Loss: 0.0692 | GradNorm: 0.9060 | Batch P@10: 40.0%
2026-03-14 01:09:45,507 [INFO] E091 | Batch 010 | LR: 0.00251 | Loss: 0.0764 | GradNorm: 0.5231 | Batch P@10: 40.0%
2026-03-14 01:09:49,463 [INFO] E091 | Batch 011 | LR: 0.00251 | Loss: 0.0782 | GradNorm: 0.4508 | Batch P@10: 20.0%
2026-03-14 01:09:53,404 [INFO] E091 | Batch 012 | LR: 0.00251 | Loss: 0.0721 | GradNorm: 0.7308 | Batch P@10: 70.0%
2026-03-14 01:09:57,530 [INFO] E091 | Batch 013 | LR: 0.00250 | Loss: 0.0986 | GradNorm: 0.3592 | Batch P@10: 50.0%
2026-03-14 01:10:01,522 [INFO] E091 | Batch 014 | LR: 0.00250 | Loss: 0.0605 | GradNorm: 2.3132 | Batch P@10: 60.0%
2026-03-14 01:10:05,728 [INFO] E091 | Batch 015 | LR: 0.00250 | Loss: 0.0697 | GradNorm: 1.6377 | Batch P@10: 30.0%
2026-03-14 01:10:09,901 [INFO] E091 | Batch 016 | LR: 0.00249 | Loss: 0.0811 | GradNorm: 0.5562 | Batch P@10: 70.0%
2026-03-14 01:10:13,892 [INFO] E091 | Batch 017 | LR: 0.00249 | Loss: 0.0727 | GradNorm: 0.5594 | Batch P@10: 60.0%
2026-03-14 01:10:18,094 [INFO] E091 | Batch 018 | LR: 0.00249 | Loss: 0.0753 | GradNorm: 0.9138 | Batch P@10: 60.0%
2026-03-14 01:10:22,104 [INFO] E091 | Batch 019 | LR: 0.00248 | Loss: 0.0927 | GradNorm: 1.0483 | Batch P@10: 50.0%
2026-03-14 01:10:26,058 [INFO] E091 | Batch 020 | LR: 0.00248 | Loss: 0.0659 | GradNorm: 0.9323 | Batch P@10: 60.0%
2026-03-14 01:10:30,079 [INFO] E091 | Batch 021 | LR: 0.00247 | Loss: 0.0803 | GradNorm: 1.0638 | Batch P@10: 60.0%
2026-03-14 01:10:34,054 [INFO] E091 | Batch 022 | LR: 0.00247 | Loss: 0.0759 | GradNorm: 0.5144 | Batch P@10: 40.0%
2026-03-14 01:10:38,051 [INFO] E091 | Batch 023 | LR: 0.00247 | Loss: 0.1548 | GradNorm: 2.9501 | Batch P@10: 70.0%
2026-03-14 01:10:42,049 [INFO] E091 | Batch 024 | LR: 0.00246 | Loss: 0.0822 | GradNorm: 0.4877 | Batch P@10: 50.0%
2026-03-14 01:10:46,064 [INFO] E091 | Batch 025 | LR: 0.00246 | Loss: 0.0792 | GradNorm: 0.8521 | Batch P@10: 60.0%
2026-03-14 01:10:50,207 [INFO] E091 | Batch 026 | LR: 0.00246 | Loss: 0.0793 | GradNorm: 1.0470 | Batch P@10: 60.0%
2026-03-14 01:10:54,343 [INFO] E091 | Batch 027 | LR: 0.00245 | Loss: 0.0625 | GradNorm: 0.2836 | Batch P@10: 50.0%
2026-03-14 01:10:58,398 [INFO] E091 | Batch 028 | LR: 0.00245 | Loss: 0.0651 | GradNorm: 0.3557 | Batch P@10: 60.0%
2026-03-14 01:11:02,466 [INFO] E091 | Batch 029 | LR: 0.00244 | Loss: 0.0736 | GradNorm: 0.5025 | Batch P@10: 30.0%
2026-03-14 01:11:06,437 [INFO] E091 | Batch 030 | LR: 0.00244 | Loss: 0.1051 | GradNorm: 0.4669 | Batch P@10: 50.0%
2026-03-14 01:11:10,448 [INFO] E091 | Batch 031 | LR: 0.00244 | Loss: 0.0713 | GradNorm: 0.3649 | Batch P@10: 50.0%
2026-03-14 01:11:14,481 [INFO] E091 | Batch 032 | LR: 0.00243 | Loss: 0.0839 | GradNorm: 0.3534 | Batch P@10: 70.0%
2026-03-14 01:11:18,545 [INFO] E091 | Batch 033 | LR: 0.00243 | Loss: 0.1194 | GradNorm: 1.1161 | Batch P@10: 60.0%
2026-03-14 01:11:22,512 [INFO] E091 | Batch 034 | LR: 0.00243 | Loss: 0.0780 | GradNorm: 0.6026 | Batch P@10: 50.0%
2026-03-14 01:11:26,490 [INFO] E091 | Batch 035 | LR: 0.00242 | Loss: 0.0795 | GradNorm: 0.5173 | Batch P@10: 20.0%
2026-03-14 01:11:30,522 [INFO] E091 | Batch 036 | LR: 0.00242 | Loss: 0.0636 | GradNorm: 0.5804 | Batch P@10: 50.0%
2026-03-14 01:11:34,542 [INFO] E091 | Batch 037 | LR: 0.00241 | Loss: 0.0723 | GradNorm: 0.4455 | Batch P@10: 40.0%
2026-03-14 01:11:42,810 [INFO] 
---> FIM DA ÉPOCA 91 | Val P@10: 48.0296% | Loss Média: 0.0773 | Grad Médio: 0.9416 | Recorde Geral: 48.0296% <---

2026-03-14 01:11:42,820 [INFO] 💎 NOVO RECORDE RETREINO 64: 48.0%
2026-03-14 01:11:47,083 [INFO] E092 | Batch 001 | LR: 0.00241 | Loss: 0.0819 | GradNorm: 0.8569 | Batch P@10: 30.0%
2026-03-14 01:11:51,101 [INFO] E092 | Batch 002 | LR: 0.00241 | Loss: 0.0704 | GradNorm: 0.6669 | Batch P@10: 40.0%
2026-03-14 01:11:55,076 [INFO] E092 | Batch 003 | LR: 0.00240 | Loss: 0.0771 | GradNorm: 0.5226 | Batch P@10: 40.0%
2026-03-14 01:11:59,140 [INFO] E092 | Batch 004 | LR: 0.00240 | Loss: 0.0697 | GradNorm: 1.6836 | Batch P@10: 50.0%
2026-03-14 01:12:03,118 [INFO] E092 | Batch 005 | LR: 0.00240 | Loss: 0.0698 | GradNorm: 0.5013 | Batch P@10: 50.0%
2026-03-14 01:12:07,140 [INFO] E092 | Batch 006 | LR: 0.00239 | Loss: 0.0669 | GradNorm: 0.7671 | Batch P@10: 10.0%
2026-03-14 01:12:11,087 [INFO] E092 | Batch 007 | LR: 0.00239 | Loss: 0.0719 | GradNorm: 0.2888 | Batch P@10: 50.0%
2026-03-14 01:12:15,060 [INFO] E092 | Batch 008 | LR: 0.00239 | Loss: 0.0738 | GradNorm: 0.2785 | Batch P@10: 50.0%
2026-03-14 01:12:18,996 [INFO] E092 | Batch 009 | LR: 0.00238 | Loss: 0.0690 | GradNorm: 0.5780 | Batch P@10: 30.0%
2026-03-14 01:12:22,959 [INFO] E092 | Batch 010 | LR: 0.00238 | Loss: 0.0647 | GradNorm: 0.3438 | Batch P@10: 60.0%
2026-03-14 01:12:27,089 [INFO] E092 | Batch 011 | LR: 0.00237 | Loss: 0.1575 | GradNorm: 1.6350 | Batch P@10: 50.0%
2026-03-14 01:12:31,085 [INFO] E092 | Batch 012 | LR: 0.00237 | Loss: 0.0553 | GradNorm: 0.9395 | Batch P@10: 60.0%
2026-03-14 01:12:35,101 [INFO] E092 | Batch 013 | LR: 0.00237 | Loss: 0.0715 | GradNorm: 0.2132 | Batch P@10: 40.0%
2026-03-14 01:12:39,077 [INFO] E092 | Batch 014 | LR: 0.00236 | Loss: 0.0748 | GradNorm: 0.3594 | Batch P@10: 50.0%
2026-03-14 01:12:43,300 [INFO] E092 | Batch 015 | LR: 0.00236 | Loss: 0.0784 | GradNorm: 0.7306 | Batch P@10: 50.0%
2026-03-14 01:12:47,317 [INFO] E092 | Batch 016 | LR: 0.00236 | Loss: 0.0761 | GradNorm: 0.6000 | Batch P@10: 30.0%
2026-03-14 01:12:51,453 [INFO] E092 | Batch 017 | LR: 0.00235 | Loss: 0.0683 | GradNorm: 0.4620 | Batch P@10: 40.0%
2026-03-14 01:12:55,429 [INFO] E092 | Batch 018 | LR: 0.00235 | Loss: 0.0652 | GradNorm: 0.9083 | Batch P@10: 60.0%
2026-03-14 01:12:59,387 [INFO] E092 | Batch 019 | LR: 0.00235 | Loss: 0.0797 | GradNorm: 0.3517 | Batch P@10: 40.0%
2026-03-14 01:13:03,374 [INFO] E092 | Batch 020 | LR: 0.00234 | Loss: 0.0829 | GradNorm: 0.6525 | Batch P@10: 20.0%
2026-03-14 01:13:07,342 [INFO] E092 | Batch 021 | LR: 0.00234 | Loss: 0.0931 | GradNorm: 0.5288 | Batch P@10: 60.0%
2026-03-14 01:13:11,594 [INFO] E092 | Batch 022 | LR: 0.00233 | Loss: 0.0784 | GradNorm: 0.2823 | Batch P@10: 40.0%
2026-03-14 01:13:15,717 [INFO] E092 | Batch 023 | LR: 0.00233 | Loss: 0.0623 | GradNorm: 0.5004 | Batch P@10: 60.0%
2026-03-14 01:13:19,784 [INFO] E092 | Batch 024 | LR: 0.00233 | Loss: 0.0845 | GradNorm: 0.5464 | Batch P@10: 40.0%
2026-03-14 01:13:23,766 [INFO] E092 | Batch 025 | LR: 0.00232 | Loss: 0.0790 | GradNorm: 0.5062 | Batch P@10: 60.0%
2026-03-14 01:13:27,886 [INFO] E092 | Batch 026 | LR: 0.00232 | Loss: 0.0783 | GradNorm: 1.0481 | Batch P@10: 50.0%
2026-03-14 01:13:32,017 [INFO] E092 | Batch 027 | LR: 0.00232 | Loss: 0.0795 | GradNorm: 0.6982 | Batch P@10: 30.0%
2026-03-14 01:13:35,993 [INFO] E092 | Batch 028 | LR: 0.00231 | Loss: 0.0969 | GradNorm: 0.5111 | Batch P@10: 30.0%
2026-03-14 01:13:40,021 [INFO] E092 | Batch 029 | LR: 0.00231 | Loss: 0.0661 | GradNorm: 0.8317 | Batch P@10: 70.0%
2026-03-14 01:13:44,078 [INFO] E092 | Batch 030 | LR: 0.00231 | Loss: 0.0906 | GradNorm: 0.9398 | Batch P@10: 40.0%
2026-03-14 01:13:48,145 [INFO] E092 | Batch 031 | LR: 0.00230 | Loss: 0.0740 | GradNorm: 0.8954 | Batch P@10: 80.0%
2026-03-14 01:13:52,216 [INFO] E092 | Batch 032 | LR: 0.00230 | Loss: 0.0666 | GradNorm: 0.3463 | Batch P@10: 70.0%
2026-03-14 01:13:56,324 [INFO] E092 | Batch 033 | LR: 0.00229 | Loss: 0.0559 | GradNorm: 0.7968 | Batch P@10: 50.0%
2026-03-14 01:14:00,341 [INFO] E092 | Batch 034 | LR: 0.00229 | Loss: 0.1071 | GradNorm: 1.3154 | Batch P@10: 50.0%
2026-03-14 01:14:04,409 [INFO] E092 | Batch 035 | LR: 0.00229 | Loss: 0.1031 | GradNorm: 0.7986 | Batch P@10: 30.0%
2026-03-14 01:14:08,457 [INFO] E092 | Batch 036 | LR: 0.00228 | Loss: 0.0958 | GradNorm: 0.3476 | Batch P@10: 50.0%
2026-03-14 01:14:12,418 [INFO] E092 | Batch 037 | LR: 0.00228 | Loss: 0.0959 | GradNorm: 0.2894 | Batch P@10: 30.0%
2026-03-14 01:14:20,857 [INFO] 
---> FIM DA ÉPOCA 92 | Val P@10: 46.5025% | Loss Média: 0.0772 | Grad Médio: 0.6628 | Recorde Geral: 48.0296% <---

2026-03-14 01:14:25,123 [INFO] E093 | Batch 001 | LR: 0.00228 | Loss: 0.0621 | GradNorm: 0.2267 | Batch P@10: 50.0%
2026-03-14 01:14:29,079 [INFO] E093 | Batch 002 | LR: 0.00227 | Loss: 0.1085 | GradNorm: 0.5174 | Batch P@10: 50.0%
2026-03-14 01:14:33,226 [INFO] E093 | Batch 003 | LR: 0.00227 | Loss: 0.0821 | GradNorm: 0.7051 | Batch P@10: 40.0%
2026-03-14 01:14:37,266 [INFO] E093 | Batch 004 | LR: 0.00227 | Loss: 0.0723 | GradNorm: 0.3014 | Batch P@10: 60.0%
2026-03-14 01:14:41,265 [INFO] E093 | Batch 005 | LR: 0.00226 | Loss: 0.0683 | GradNorm: 0.2811 | Batch P@10: 30.0%
2026-03-14 01:14:45,349 [INFO] E093 | Batch 006 | LR: 0.00226 | Loss: 0.0597 | GradNorm: 0.8507 | Batch P@10: 30.0%
2026-03-14 01:14:49,300 [INFO] E093 | Batch 007 | LR: 0.00225 | Loss: 0.0836 | GradNorm: 0.4030 | Batch P@10: 40.0%
2026-03-14 01:14:53,393 [INFO] E093 | Batch 008 | LR: 0.00225 | Loss: 0.0754 | GradNorm: 1.9756 | Batch P@10: 40.0%
2026-03-14 01:14:57,560 [INFO] E093 | Batch 009 | LR: 0.00225 | Loss: 0.0715 | GradNorm: 0.5765 | Batch P@10: 50.0%
2026-03-14 01:15:01,540 [INFO] E093 | Batch 010 | LR: 0.00224 | Loss: 0.1746 | GradNorm: 0.3949 | Batch P@10: 50.0%
2026-03-14 01:15:05,664 [INFO] E093 | Batch 011 | LR: 0.00224 | Loss: 0.0734 | GradNorm: 0.9158 | Batch P@10: 50.0%
2026-03-14 01:15:09,726 [INFO] E093 | Batch 012 | LR: 0.00224 | Loss: 0.1418 | GradNorm: 0.3258 | Batch P@10: 40.0%
2026-03-14 01:15:13,722 [INFO] E093 | Batch 013 | LR: 0.00223 | Loss: 0.0722 | GradNorm: 0.5705 | Batch P@10: 50.0%
2026-03-14 01:15:17,739 [INFO] E093 | Batch 014 | LR: 0.00223 | Loss: 0.0831 | GradNorm: 0.3888 | Batch P@10: 40.0%
2026-03-14 01:15:21,798 [INFO] E093 | Batch 015 | LR: 0.00223 | Loss: 0.0728 | GradNorm: 0.3184 | Batch P@10: 30.0%
2026-03-14 01:15:25,781 [INFO] E093 | Batch 016 | LR: 0.00222 | Loss: 0.0763 | GradNorm: 0.6027 | Batch P@10: 50.0%
2026-03-14 01:15:29,884 [INFO] E093 | Batch 017 | LR: 0.00222 | Loss: 0.0876 | GradNorm: 0.7695 | Batch P@10: 70.0%
2026-03-14 01:15:34,000 [INFO] E093 | Batch 018 | LR: 0.00222 | Loss: 0.0824 | GradNorm: 0.3582 | Batch P@10: 60.0%
2026-03-14 01:15:38,064 [INFO] E093 | Batch 019 | LR: 0.00221 | Loss: 0.0697 | GradNorm: 0.4491 | Batch P@10: 50.0%
2026-03-14 01:15:42,250 [INFO] E093 | Batch 020 | LR: 0.00221 | Loss: 0.0879 | GradNorm: 0.2626 | Batch P@10: 50.0%
2026-03-14 01:15:46,305 [INFO] E093 | Batch 021 | LR: 0.00220 | Loss: 0.0750 | GradNorm: 0.8659 | Batch P@10: 50.0%
2026-03-14 01:15:50,448 [INFO] E093 | Batch 022 | LR: 0.00220 | Loss: 0.0705 | GradNorm: 0.5644 | Batch P@10: 70.0%
2026-03-14 01:15:54,617 [INFO] E093 | Batch 023 | LR: 0.00220 | Loss: 0.0755 | GradNorm: 1.5987 | Batch P@10: 50.0%
2026-03-14 01:15:58,702 [INFO] E093 | Batch 024 | LR: 0.00219 | Loss: 0.1135 | GradNorm: 0.4905 | Batch P@10: 40.0%
2026-03-14 01:16:02,693 [INFO] E093 | Batch 025 | LR: 0.00219 | Loss: 0.0778 | GradNorm: 0.3856 | Batch P@10: 50.0%
2026-03-14 01:16:06,805 [INFO] E093 | Batch 026 | LR: 0.00219 | Loss: 0.0716 | GradNorm: 0.9129 | Batch P@10: 70.0%
2026-03-14 01:16:10,798 [INFO] E093 | Batch 027 | LR: 0.00218 | Loss: 0.0806 | GradNorm: 0.4470 | Batch P@10: 50.0%
2026-03-14 01:16:14,759 [INFO] E093 | Batch 028 | LR: 0.00218 | Loss: 0.0857 | GradNorm: 0.3253 | Batch P@10: 40.0%
2026-03-14 01:16:18,690 [INFO] E093 | Batch 029 | LR: 0.00218 | Loss: 0.0877 | GradNorm: 1.4131 | Batch P@10: 40.0%
2026-03-14 01:16:22,886 [INFO] E093 | Batch 030 | LR: 0.00217 | Loss: 0.0717 | GradNorm: 1.5786 | Batch P@10: 50.0%
2026-03-14 01:16:26,833 [INFO] E093 | Batch 031 | LR: 0.00217 | Loss: 0.0771 | GradNorm: 0.7203 | Batch P@10: 40.0%
2026-03-14 01:16:30,990 [INFO] E093 | Batch 032 | LR: 0.00217 | Loss: 0.0832 | GradNorm: 0.6989 | Batch P@10: 40.0%
2026-03-14 01:16:34,967 [INFO] E093 | Batch 033 | LR: 0.00216 | Loss: 0.1078 | GradNorm: 0.2969 | Batch P@10: 50.0%
2026-03-14 01:16:39,031 [INFO] E093 | Batch 034 | LR: 0.00216 | Loss: 0.0759 | GradNorm: 0.6477 | Batch P@10: 40.0%
2026-03-14 01:16:43,007 [INFO] E093 | Batch 035 | LR: 0.00215 | Loss: 0.0723 | GradNorm: 0.3577 | Batch P@10: 60.0%
2026-03-14 01:16:47,239 [INFO] E093 | Batch 036 | LR: 0.00215 | Loss: 0.0794 | GradNorm: 0.9753 | Batch P@10: 30.0%
2026-03-14 01:16:51,342 [INFO] E093 | Batch 037 | LR: 0.00215 | Loss: 0.0726 | GradNorm: 0.3997 | Batch P@10: 50.0%
2026-03-14 01:16:59,810 [INFO] 
---> FIM DA ÉPOCA 93 | Val P@10: 46.8966% | Loss Média: 0.0811 | Grad Médio: 0.6452 | Recorde Geral: 48.0296% <---

2026-03-14 01:17:04,077 [INFO] E094 | Batch 001 | LR: 0.00214 | Loss: 0.0721 | GradNorm: 1.0262 | Batch P@10: 60.0%
2026-03-14 01:17:08,080 [INFO] E094 | Batch 002 | LR: 0.00214 | Loss: 0.0808 | GradNorm: 0.7025 | Batch P@10: 40.0%
2026-03-14 01:17:12,066 [INFO] E094 | Batch 003 | LR: 0.00214 | Loss: 0.0702 | GradNorm: 0.4693 | Batch P@10: 60.0%
2026-03-14 01:17:16,159 [INFO] E094 | Batch 004 | LR: 0.00213 | Loss: 0.0863 | GradNorm: 0.7616 | Batch P@10: 20.0%
2026-03-14 01:17:20,289 [INFO] E094 | Batch 005 | LR: 0.00213 | Loss: 0.0801 | GradNorm: 0.6571 | Batch P@10: 30.0%
2026-03-14 01:17:24,265 [INFO] E094 | Batch 006 | LR: 0.00213 | Loss: 0.0810 | GradNorm: 0.3189 | Batch P@10: 40.0%
2026-03-14 01:17:28,387 [INFO] E094 | Batch 007 | LR: 0.00212 | Loss: 0.0748 | GradNorm: 0.3617 | Batch P@10: 40.0%
2026-03-14 01:17:32,490 [INFO] E094 | Batch 008 | LR: 0.00212 | Loss: 0.0791 | GradNorm: 0.6213 | Batch P@10: 50.0%
2026-03-14 01:17:36,455 [INFO] E094 | Batch 009 | LR: 0.00212 | Loss: 0.0744 | GradNorm: 0.6541 | Batch P@10: 40.0%
2026-03-14 01:17:40,538 [INFO] E094 | Batch 010 | LR: 0.00211 | Loss: 0.0625 | GradNorm: 0.6477 | Batch P@10: 50.0%
2026-03-14 01:17:44,505 [INFO] E094 | Batch 011 | LR: 0.00211 | Loss: 0.0675 | GradNorm: 0.8620 | Batch P@10: 50.0%
2026-03-14 01:17:48,514 [INFO] E094 | Batch 012 | LR: 0.00211 | Loss: 0.0649 | GradNorm: 0.8496 | Batch P@10: 60.0%
2026-03-14 01:17:52,568 [INFO] E094 | Batch 013 | LR: 0.00210 | Loss: 0.0747 | GradNorm: 0.3479 | Batch P@10: 60.0%
2026-03-14 01:17:56,663 [INFO] E094 | Batch 014 | LR: 0.00210 | Loss: 0.0855 | GradNorm: 0.8397 | Batch P@10: 40.0%
2026-03-14 01:18:00,795 [INFO] E094 | Batch 015 | LR: 0.00209 | Loss: 0.0788 | GradNorm: 0.9741 | Batch P@10: 50.0%
2026-03-14 01:18:04,822 [INFO] E094 | Batch 016 | LR: 0.00209 | Loss: 0.0705 | GradNorm: 0.6373 | Batch P@10: 40.0%
2026-03-14 01:18:08,923 [INFO] E094 | Batch 017 | LR: 0.00209 | Loss: 0.0854 | GradNorm: 0.4892 | Batch P@10: 30.0%
2026-03-14 01:18:12,913 [INFO] E094 | Batch 018 | LR: 0.00208 | Loss: 0.2027 | GradNorm: 0.5023 | Batch P@10: 30.0%
2026-03-14 01:18:16,952 [INFO] E094 | Batch 019 | LR: 0.00208 | Loss: 0.0662 | GradNorm: 1.8639 | Batch P@10: 80.0%
2026-03-14 01:18:21,007 [INFO] E094 | Batch 020 | LR: 0.00208 | Loss: 0.0680 | GradNorm: 3.3424 | Batch P@10: 40.0%
2026-03-14 01:18:24,980 [INFO] E094 | Batch 021 | LR: 0.00207 | Loss: 0.1206 | GradNorm: 1.0620 | Batch P@10: 40.0%
2026-03-14 01:18:29,074 [INFO] E094 | Batch 022 | LR: 0.00207 | Loss: 0.0676 | GradNorm: 0.4617 | Batch P@10: 50.0%
2026-03-14 01:18:33,050 [INFO] E094 | Batch 023 | LR: 0.00207 | Loss: 0.0721 | GradNorm: 0.6683 | Batch P@10: 60.0%
2026-03-14 01:18:37,170 [INFO] E094 | Batch 024 | LR: 0.00206 | Loss: 0.0644 | GradNorm: 0.7203 | Batch P@10: 50.0%
2026-03-14 01:18:41,257 [INFO] E094 | Batch 025 | LR: 0.00206 | Loss: 0.0685 | GradNorm: 1.0401 | Batch P@10: 50.0%
2026-03-14 01:18:45,250 [INFO] E094 | Batch 026 | LR: 0.00206 | Loss: 0.0646 | GradNorm: 2.4065 | Batch P@10: 30.0%
2026-03-14 01:18:49,228 [INFO] E094 | Batch 027 | LR: 0.00205 | Loss: 0.0706 | GradNorm: 1.0355 | Batch P@10: 60.0%
2026-03-14 01:18:53,220 [INFO] E094 | Batch 028 | LR: 0.00205 | Loss: 0.0646 | GradNorm: 0.6758 | Batch P@10: 40.0%
2026-03-14 01:18:57,282 [INFO] E094 | Batch 029 | LR: 0.00205 | Loss: 0.0793 | GradNorm: 0.3337 | Batch P@10: 20.0%
2026-03-14 01:19:01,483 [INFO] E094 | Batch 030 | LR: 0.00204 | Loss: 0.0737 | GradNorm: 0.4271 | Batch P@10: 50.0%
2026-03-14 01:19:05,453 [INFO] E094 | Batch 031 | LR: 0.00204 | Loss: 0.0681 | GradNorm: 0.5649 | Batch P@10: 40.0%
2026-03-14 01:19:09,541 [INFO] E094 | Batch 032 | LR: 0.00204 | Loss: 0.0786 | GradNorm: 0.9569 | Batch P@10: 40.0%
2026-03-14 01:19:13,582 [INFO] E094 | Batch 033 | LR: 0.00203 | Loss: 0.0853 | GradNorm: 0.6930 | Batch P@10: 40.0%
2026-03-14 01:19:17,621 [INFO] E094 | Batch 034 | LR: 0.00203 | Loss: 0.0730 | GradNorm: 0.5319 | Batch P@10: 60.0%
2026-03-14 01:19:21,706 [INFO] E094 | Batch 035 | LR: 0.00202 | Loss: 0.0702 | GradNorm: 0.2701 | Batch P@10: 40.0%
2026-03-14 01:19:25,651 [INFO] E094 | Batch 036 | LR: 0.00202 | Loss: 0.0677 | GradNorm: 1.2415 | Batch P@10: 40.0%
2026-03-14 01:19:29,747 [INFO] E094 | Batch 037 | LR: 0.00202 | Loss: 0.0758 | GradNorm: 0.3001 | Batch P@10: 40.0%
2026-03-14 01:19:38,244 [INFO] 
---> FIM DA ÉPOCA 94 | Val P@10: 45.0739% | Loss Média: 0.0761 | Grad Médio: 0.8194 | Recorde Geral: 48.0296% <---

2026-03-14 01:19:42,498 [INFO] E095 | Batch 001 | LR: 0.00201 | Loss: 0.0632 | GradNorm: 0.8487 | Batch P@10: 50.0%
2026-03-14 01:19:46,531 [INFO] E095 | Batch 002 | LR: 0.00201 | Loss: 0.0868 | GradNorm: 0.4606 | Batch P@10: 70.0%
2026-03-14 01:19:50,691 [INFO] E095 | Batch 003 | LR: 0.00201 | Loss: 0.0815 | GradNorm: 0.2784 | Batch P@10: 40.0%
2026-03-14 01:19:54,634 [INFO] E095 | Batch 004 | LR: 0.00200 | Loss: 0.0827 | GradNorm: 0.7562 | Batch P@10: 50.0%
2026-03-14 01:19:58,595 [INFO] E095 | Batch 005 | LR: 0.00200 | Loss: 0.0759 | GradNorm: 0.2269 | Batch P@10: 50.0%
2026-03-14 01:20:02,547 [INFO] E095 | Batch 006 | LR: 0.00200 | Loss: 0.1041 | GradNorm: 0.2445 | Batch P@10: 20.0%
2026-03-14 01:20:06,593 [INFO] E095 | Batch 007 | LR: 0.00199 | Loss: 0.0745 | GradNorm: 0.6099 | Batch P@10: 40.0%
2026-03-14 01:20:10,591 [INFO] E095 | Batch 008 | LR: 0.00199 | Loss: 0.1156 | GradNorm: 0.4977 | Batch P@10: 30.0%
2026-03-14 01:20:14,571 [INFO] E095 | Batch 009 | LR: 0.00199 | Loss: 0.0732 | GradNorm: 0.5677 | Batch P@10: 30.0%
2026-03-14 01:20:18,592 [INFO] E095 | Batch 010 | LR: 0.00198 | Loss: 0.0758 | GradNorm: 0.4531 | Batch P@10: 60.0%
2026-03-14 01:20:22,661 [INFO] E095 | Batch 011 | LR: 0.00198 | Loss: 0.0714 | GradNorm: 0.7318 | Batch P@10: 60.0%
2026-03-14 01:20:26,618 [INFO] E095 | Batch 012 | LR: 0.00198 | Loss: 0.0651 | GradNorm: 1.5791 | Batch P@10: 40.0%
2026-03-14 01:20:30,716 [INFO] E095 | Batch 013 | LR: 0.00197 | Loss: 0.0757 | GradNorm: 0.2499 | Batch P@10: 50.0%
2026-03-14 01:20:34,685 [INFO] E095 | Batch 014 | LR: 0.00197 | Loss: 0.0617 | GradNorm: 0.2799 | Batch P@10: 40.0%
2026-03-14 01:20:38,761 [INFO] E095 | Batch 015 | LR: 0.00197 | Loss: 0.1132 | GradNorm: 0.5202 | Batch P@10: 40.0%
2026-03-14 01:20:42,722 [INFO] E095 | Batch 016 | LR: 0.00196 | Loss: 0.1012 | GradNorm: 1.4269 | Batch P@10: 30.0%
2026-03-14 01:20:46,738 [INFO] E095 | Batch 017 | LR: 0.00196 | Loss: 0.0664 | GradNorm: 0.3426 | Batch P@10: 60.0%
2026-03-14 01:20:50,775 [INFO] E095 | Batch 018 | LR: 0.00196 | Loss: 0.0702 | GradNorm: 0.4085 | Batch P@10: 60.0%
2026-03-14 01:20:54,731 [INFO] E095 | Batch 019 | LR: 0.00195 | Loss: 0.0808 | GradNorm: 0.4054 | Batch P@10: 40.0%
2026-03-14 01:20:58,844 [INFO] E095 | Batch 020 | LR: 0.00195 | Loss: 0.0750 | GradNorm: 0.2607 | Batch P@10: 60.0%
2026-03-14 01:21:02,894 [INFO] E095 | Batch 021 | LR: 0.00195 | Loss: 0.0690 | GradNorm: 0.8253 | Batch P@10: 50.0%
2026-03-14 01:21:06,911 [INFO] E095 | Batch 022 | LR: 0.00194 | Loss: 0.0734 | GradNorm: 0.5425 | Batch P@10: 50.0%
2026-03-14 01:21:11,274 [INFO] E095 | Batch 023 | LR: 0.00194 | Loss: 0.0644 | GradNorm: 0.3508 | Batch P@10: 60.0%
2026-03-14 01:21:15,432 [INFO] E095 | Batch 024 | LR: 0.00194 | Loss: 0.0986 | GradNorm: 4.1058 | Batch P@10: 50.0%
2026-03-14 01:21:19,431 [INFO] E095 | Batch 025 | LR: 0.00193 | Loss: 0.0641 | GradNorm: 2.8822 | Batch P@10: 50.0%
2026-03-14 01:21:23,648 [INFO] E095 | Batch 026 | LR: 0.00193 | Loss: 0.0669 | GradNorm: 3.7751 | Batch P@10: 50.0%
2026-03-14 01:21:27,744 [INFO] E095 | Batch 027 | LR: 0.00193 | Loss: 0.0723 | GradNorm: 0.9322 | Batch P@10: 40.0%
2026-03-14 01:21:31,703 [INFO] E095 | Batch 028 | LR: 0.00192 | Loss: 0.0941 | GradNorm: 0.7992 | Batch P@10: 40.0%
2026-03-14 01:21:35,732 [INFO] E095 | Batch 029 | LR: 0.00192 | Loss: 0.0693 | GradNorm: 0.8419 | Batch P@10: 60.0%
2026-03-14 01:21:39,758 [INFO] E095 | Batch 030 | LR: 0.00192 | Loss: 0.0710 | GradNorm: 0.9308 | Batch P@10: 50.0%
2026-03-14 01:21:43,857 [INFO] E095 | Batch 031 | LR: 0.00191 | Loss: 0.0774 | GradNorm: 0.8202 | Batch P@10: 60.0%
2026-03-14 01:21:47,865 [INFO] E095 | Batch 032 | LR: 0.00191 | Loss: 0.1215 | GradNorm: 0.5563 | Batch P@10: 30.0%
2026-03-14 01:21:51,868 [INFO] E095 | Batch 033 | LR: 0.00191 | Loss: 0.0682 | GradNorm: 0.7422 | Batch P@10: 40.0%
2026-03-14 01:21:55,880 [INFO] E095 | Batch 034 | LR: 0.00190 | Loss: 0.1348 | GradNorm: 2.4897 | Batch P@10: 80.0%
2026-03-14 01:21:59,804 [INFO] E095 | Batch 035 | LR: 0.00190 | Loss: 0.0614 | GradNorm: 3.4676 | Batch P@10: 80.0%
2026-03-14 01:22:03,768 [INFO] E095 | Batch 036 | LR: 0.00190 | Loss: 0.0686 | GradNorm: 4.2900 | Batch P@10: 50.0%
2026-03-14 01:22:07,835 [INFO] E095 | Batch 037 | LR: 0.00189 | Loss: 0.0629 | GradNorm: 3.2378 | Batch P@10: 60.0%
2026-03-14 01:22:16,195 [INFO] 
---> FIM DA ÉPOCA 95 | Val P@10: 48.1281% | Loss Média: 0.0777 | Grad Médio: 1.1551 | Recorde Geral: 48.1281% <---

2026-03-14 01:22:16,205 [INFO] 💎 NOVO RECORDE RETREINO 64: 48.1%
2026-03-14 01:22:20,441 [INFO] E096 | Batch 001 | LR: 0.00189 | Loss: 0.0695 | GradNorm: 0.9168 | Batch P@10: 60.0%
2026-03-14 01:22:24,467 [INFO] E096 | Batch 002 | LR: 0.00188 | Loss: 0.0745 | GradNorm: 0.7940 | Batch P@10: 60.0%
2026-03-14 01:22:28,424 [INFO] E096 | Batch 003 | LR: 0.00188 | Loss: 0.1411 | GradNorm: 0.9365 | Batch P@10: 80.0%
2026-03-14 01:22:32,539 [INFO] E096 | Batch 004 | LR: 0.00188 | Loss: 0.0774 | GradNorm: 0.9358 | Batch P@10: 30.0%
2026-03-14 01:22:36,563 [INFO] E096 | Batch 005 | LR: 0.00187 | Loss: 0.0822 | GradNorm: 0.8526 | Batch P@10: 50.0%
2026-03-14 01:22:40,526 [INFO] E096 | Batch 006 | LR: 0.00187 | Loss: 0.0852 | GradNorm: 0.3559 | Batch P@10: 30.0%
2026-03-14 01:22:44,534 [INFO] E096 | Batch 007 | LR: 0.00187 | Loss: 0.0677 | GradNorm: 0.3022 | Batch P@10: 40.0%
2026-03-14 01:22:48,675 [INFO] E096 | Batch 008 | LR: 0.00186 | Loss: 0.0803 | GradNorm: 0.3004 | Batch P@10: 50.0%
2026-03-14 01:22:52,624 [INFO] E096 | Batch 009 | LR: 0.00186 | Loss: 0.0792 | GradNorm: 0.3221 | Batch P@10: 20.0%
2026-03-14 01:22:56,725 [INFO] E096 | Batch 010 | LR: 0.00186 | Loss: 0.0672 | GradNorm: 0.7380 | Batch P@10: 50.0%
2026-03-14 01:23:00,701 [INFO] E096 | Batch 011 | LR: 0.00185 | Loss: 0.0801 | GradNorm: 1.7531 | Batch P@10: 30.0%
2026-03-14 01:23:04,699 [INFO] E096 | Batch 012 | LR: 0.00185 | Loss: 0.0780 | GradNorm: 0.5538 | Batch P@10: 70.0%
2026-03-14 01:23:08,767 [INFO] E096 | Batch 013 | LR: 0.00185 | Loss: 0.0673 | GradNorm: 0.3116 | Batch P@10: 80.0%
2026-03-14 01:23:12,762 [INFO] E096 | Batch 014 | LR: 0.00184 | Loss: 0.0778 | GradNorm: 0.8372 | Batch P@10: 60.0%
2026-03-14 01:23:16,742 [INFO] E096 | Batch 015 | LR: 0.00184 | Loss: 0.0618 | GradNorm: 0.7404 | Batch P@10: 70.0%
2026-03-14 01:23:20,842 [INFO] E096 | Batch 016 | LR: 0.00184 | Loss: 0.0771 | GradNorm: 0.5848 | Batch P@10: 80.0%
2026-03-14 01:23:24,780 [INFO] E096 | Batch 017 | LR: 0.00183 | Loss: 0.1677 | GradNorm: 0.3720 | Batch P@10: 50.0%
2026-03-14 01:23:28,760 [INFO] E096 | Batch 018 | LR: 0.00183 | Loss: 0.0912 | GradNorm: 0.5416 | Batch P@10: 20.0%
2026-03-14 01:23:32,815 [INFO] E096 | Batch 019 | LR: 0.00183 | Loss: 0.0928 | GradNorm: 0.3227 | Batch P@10: 40.0%
2026-03-14 01:23:36,794 [INFO] E096 | Batch 020 | LR: 0.00182 | Loss: 0.0681 | GradNorm: 0.2283 | Batch P@10: 50.0%
2026-03-14 01:23:40,797 [INFO] E096 | Batch 021 | LR: 0.00182 | Loss: 0.0653 | GradNorm: 0.8069 | Batch P@10: 40.0%
2026-03-14 01:23:44,756 [INFO] E096 | Batch 022 | LR: 0.00182 | Loss: 0.0838 | GradNorm: 0.2481 | Batch P@10: 30.0%
2026-03-14 01:23:48,736 [INFO] E096 | Batch 023 | LR: 0.00181 | Loss: 0.0754 | GradNorm: 0.4019 | Batch P@10: 70.0%
2026-03-14 01:23:52,779 [INFO] E096 | Batch 024 | LR: 0.00181 | Loss: 0.0713 | GradNorm: 0.7905 | Batch P@10: 60.0%
2026-03-14 01:23:56,948 [INFO] E096 | Batch 025 | LR: 0.00181 | Loss: 0.0850 | GradNorm: 0.5761 | Batch P@10: 70.0%
2026-03-14 01:24:01,008 [INFO] E096 | Batch 026 | LR: 0.00180 | Loss: 0.0785 | GradNorm: 0.6707 | Batch P@10: 60.0%
2026-03-14 01:24:05,025 [INFO] E096 | Batch 027 | LR: 0.00180 | Loss: 0.0774 | GradNorm: 2.0043 | Batch P@10: 50.0%
2026-03-14 01:24:08,985 [INFO] E096 | Batch 028 | LR: 0.00180 | Loss: 0.0807 | GradNorm: 0.4748 | Batch P@10: 50.0%
2026-03-14 01:24:13,012 [INFO] E096 | Batch 029 | LR: 0.00179 | Loss: 0.0695 | GradNorm: 0.3591 | Batch P@10: 40.0%
2026-03-14 01:24:17,245 [INFO] E096 | Batch 030 | LR: 0.00179 | Loss: 0.0743 | GradNorm: 0.4689 | Batch P@10: 50.0%
2026-03-14 01:24:21,373 [INFO] E096 | Batch 031 | LR: 0.00179 | Loss: 0.0709 | GradNorm: 1.1587 | Batch P@10: 60.0%
2026-03-14 01:24:25,422 [INFO] E096 | Batch 032 | LR: 0.00178 | Loss: 0.0700 | GradNorm: 0.4025 | Batch P@10: 60.0%
2026-03-14 01:24:29,433 [INFO] E096 | Batch 033 | LR: 0.00178 | Loss: 0.0725 | GradNorm: 0.8721 | Batch P@10: 30.0%
2026-03-14 01:24:33,608 [INFO] E096 | Batch 034 | LR: 0.00178 | Loss: 0.0683 | GradNorm: 0.3676 | Batch P@10: 40.0%
2026-03-14 01:24:37,594 [INFO] E096 | Batch 035 | LR: 0.00178 | Loss: 0.0622 | GradNorm: 0.2021 | Batch P@10: 30.0%
2026-03-14 01:24:41,704 [INFO] E096 | Batch 036 | LR: 0.00177 | Loss: 0.1240 | GradNorm: 1.9316 | Batch P@10: 50.0%
2026-03-14 01:24:45,698 [INFO] E096 | Batch 037 | LR: 0.00177 | Loss: 0.0663 | GradNorm: 0.2313 | Batch P@10: 40.0%
2026-03-14 01:24:54,143 [INFO] 
---> FIM DA ÉPOCA 96 | Val P@10: 48.0788% | Loss Média: 0.0785 | Grad Médio: 0.6667 | Recorde Geral: 48.1281% <---

2026-03-14 01:24:58,420 [INFO] E097 | Batch 001 | LR: 0.00177 | Loss: 0.1377 | GradNorm: 2.0839 | Batch P@10: 50.0%
2026-03-14 01:25:02,635 [INFO] E097 | Batch 002 | LR: 0.00176 | Loss: 0.0644 | GradNorm: 0.1889 | Batch P@10: 60.0%
2026-03-14 01:25:06,799 [INFO] E097 | Batch 003 | LR: 0.00176 | Loss: 0.0596 | GradNorm: 0.3049 | Batch P@10: 60.0%
2026-03-14 01:25:10,799 [INFO] E097 | Batch 004 | LR: 0.00176 | Loss: 0.0770 | GradNorm: 0.4264 | Batch P@10: 30.0%
2026-03-14 01:25:14,775 [INFO] E097 | Batch 005 | LR: 0.00175 | Loss: 0.0768 | GradNorm: 0.3304 | Batch P@10: 50.0%
2026-03-14 01:25:18,766 [INFO] E097 | Batch 006 | LR: 0.00175 | Loss: 0.0650 | GradNorm: 0.7216 | Batch P@10: 60.0%
2026-03-14 01:25:22,910 [INFO] E097 | Batch 007 | LR: 0.00175 | Loss: 0.0750 | GradNorm: 0.8999 | Batch P@10: 10.0%
2026-03-14 01:25:26,866 [INFO] E097 | Batch 008 | LR: 0.00174 | Loss: 0.0777 | GradNorm: 0.9451 | Batch P@10: 30.0%
2026-03-14 01:25:30,984 [INFO] E097 | Batch 009 | LR: 0.00174 | Loss: 0.0740 | GradNorm: 0.7551 | Batch P@10: 50.0%
2026-03-14 01:25:35,140 [INFO] E097 | Batch 010 | LR: 0.00174 | Loss: 0.0665 | GradNorm: 0.7629 | Batch P@10: 50.0%
2026-03-14 01:25:39,136 [INFO] E097 | Batch 011 | LR: 0.00173 | Loss: 0.1545 | GradNorm: 2.5864 | Batch P@10: 60.0%
2026-03-14 01:25:43,255 [INFO] E097 | Batch 012 | LR: 0.00173 | Loss: 0.0650 | GradNorm: 2.6891 | Batch P@10: 40.0%
2026-03-14 01:25:47,334 [INFO] E097 | Batch 013 | LR: 0.00173 | Loss: 0.0595 | GradNorm: 3.1876 | Batch P@10: 50.0%
2026-03-14 01:25:51,360 [INFO] E097 | Batch 014 | LR: 0.00172 | Loss: 0.1984 | GradNorm: 3.4935 | Batch P@10: 50.0%
2026-03-14 01:25:55,476 [INFO] E097 | Batch 015 | LR: 0.00172 | Loss: 0.0836 | GradNorm: 2.3449 | Batch P@10: 60.0%
2026-03-14 01:25:59,743 [INFO] E097 | Batch 016 | LR: 0.00172 | Loss: 0.0796 | GradNorm: 0.3639 | Batch P@10: 60.0%
2026-03-14 01:26:03,867 [INFO] E097 | Batch 017 | LR: 0.00171 | Loss: 0.0721 | GradNorm: 0.8527 | Batch P@10: 50.0%
2026-03-14 01:26:07,874 [INFO] E097 | Batch 018 | LR: 0.00171 | Loss: 0.0947 | GradNorm: 0.7666 | Batch P@10: 40.0%
2026-03-14 01:26:11,856 [INFO] E097 | Batch 019 | LR: 0.00171 | Loss: 0.0714 | GradNorm: 0.5626 | Batch P@10: 50.0%
2026-03-14 01:26:15,960 [INFO] E097 | Batch 020 | LR: 0.00170 | Loss: 0.0669 | GradNorm: 0.6241 | Batch P@10: 50.0%
2026-03-14 01:26:19,978 [INFO] E097 | Batch 021 | LR: 0.00170 | Loss: 0.0702 | GradNorm: 0.8118 | Batch P@10: 40.0%
2026-03-14 01:26:23,954 [INFO] E097 | Batch 022 | LR: 0.00170 | Loss: 0.0657 | GradNorm: 0.4610 | Batch P@10: 30.0%
2026-03-14 01:26:27,921 [INFO] E097 | Batch 023 | LR: 0.00169 | Loss: 0.0606 | GradNorm: 2.0951 | Batch P@10: 70.0%
2026-03-14 01:26:31,984 [INFO] E097 | Batch 024 | LR: 0.00169 | Loss: 0.0572 | GradNorm: 1.4942 | Batch P@10: 60.0%
2026-03-14 01:26:35,950 [INFO] E097 | Batch 025 | LR: 0.00169 | Loss: 0.1367 | GradNorm: 2.0607 | Batch P@10: 20.0%
2026-03-14 01:26:39,914 [INFO] E097 | Batch 026 | LR: 0.00168 | Loss: 0.0818 | GradNorm: 0.9447 | Batch P@10: 70.0%
2026-03-14 01:26:43,881 [INFO] E097 | Batch 027 | LR: 0.00168 | Loss: 0.0601 | GradNorm: 0.3630 | Batch P@10: 70.0%
2026-03-14 01:26:47,969 [INFO] E097 | Batch 028 | LR: 0.00168 | Loss: 0.0805 | GradNorm: 0.8998 | Batch P@10: 40.0%
2026-03-14 01:26:52,060 [INFO] E097 | Batch 029 | LR: 0.00167 | Loss: 0.0822 | GradNorm: 0.9254 | Batch P@10: 40.0%
2026-03-14 01:26:56,111 [INFO] E097 | Batch 030 | LR: 0.00167 | Loss: 0.0785 | GradNorm: 0.9504 | Batch P@10: 40.0%
2026-03-14 01:27:00,088 [INFO] E097 | Batch 031 | LR: 0.00167 | Loss: 0.0786 | GradNorm: 0.6946 | Batch P@10: 50.0%
2026-03-14 01:27:04,083 [INFO] E097 | Batch 032 | LR: 0.00166 | Loss: 0.0626 | GradNorm: 0.7656 | Batch P@10: 40.0%
2026-03-14 01:27:08,034 [INFO] E097 | Batch 033 | LR: 0.00166 | Loss: 0.0624 | GradNorm: 0.7652 | Batch P@10: 40.0%
2026-03-14 01:27:12,083 [INFO] E097 | Batch 034 | LR: 0.00166 | Loss: 0.0633 | GradNorm: 3.1007 | Batch P@10: 50.0%
2026-03-14 01:27:16,227 [INFO] E097 | Batch 035 | LR: 0.00166 | Loss: 0.0639 | GradNorm: 2.0910 | Batch P@10: 40.0%
2026-03-14 01:27:20,341 [INFO] E097 | Batch 036 | LR: 0.00165 | Loss: 0.0761 | GradNorm: 1.6300 | Batch P@10: 40.0%
2026-03-14 01:27:24,381 [INFO] E097 | Batch 037 | LR: 0.00165 | Loss: 0.1088 | GradNorm: 0.4929 | Batch P@10: 60.0%
2026-03-14 01:27:32,825 [INFO] 
---> FIM DA ÉPOCA 97 | Val P@10: 48.5714% | Loss Média: 0.0792 | Grad Médio: 1.2280 | Recorde Geral: 48.5714% <---

2026-03-14 01:27:32,835 [INFO] 💎 NOVO RECORDE RETREINO 64: 48.6%
2026-03-14 01:27:37,072 [INFO] E098 | Batch 001 | LR: 0.00165 | Loss: 0.0813 | GradNorm: 0.2995 | Batch P@10: 50.0%
2026-03-14 01:27:41,162 [INFO] E098 | Batch 002 | LR: 0.00164 | Loss: 0.0671 | GradNorm: 0.7373 | Batch P@10: 60.0%
2026-03-14 01:27:45,257 [INFO] E098 | Batch 003 | LR: 0.00164 | Loss: 0.0750 | GradNorm: 0.9274 | Batch P@10: 40.0%
2026-03-14 01:27:49,239 [INFO] E098 | Batch 004 | LR: 0.00164 | Loss: 0.0984 | GradNorm: 0.8694 | Batch P@10: 30.0%
2026-03-14 01:27:53,383 [INFO] E098 | Batch 005 | LR: 0.00163 | Loss: 0.0728 | GradNorm: 0.9570 | Batch P@10: 50.0%
2026-03-14 01:27:57,460 [INFO] E098 | Batch 006 | LR: 0.00163 | Loss: 0.0729 | GradNorm: 0.7744 | Batch P@10: 40.0%
2026-03-14 01:28:01,456 [INFO] E098 | Batch 007 | LR: 0.00163 | Loss: 0.0743 | GradNorm: 1.3685 | Batch P@10: 40.0%
2026-03-14 01:28:05,540 [INFO] E098 | Batch 008 | LR: 0.00162 | Loss: 0.0780 | GradNorm: 0.3135 | Batch P@10: 40.0%
2026-03-14 01:28:09,635 [INFO] E098 | Batch 009 | LR: 0.00162 | Loss: 0.1060 | GradNorm: 2.0121 | Batch P@10: 50.0%
2026-03-14 01:28:13,790 [INFO] E098 | Batch 010 | LR: 0.00162 | Loss: 0.0575 | GradNorm: 2.9787 | Batch P@10: 60.0%
2026-03-14 01:28:17,760 [INFO] E098 | Batch 011 | LR: 0.00161 | Loss: 0.0676 | GradNorm: 1.6864 | Batch P@10: 60.0%
2026-03-14 01:28:21,795 [INFO] E098 | Batch 012 | LR: 0.00161 | Loss: 0.0651 | GradNorm: 0.2911 | Batch P@10: 40.0%
2026-03-14 01:28:25,780 [INFO] E098 | Batch 013 | LR: 0.00161 | Loss: 0.0698 | GradNorm: 0.7830 | Batch P@10: 40.0%
2026-03-14 01:28:29,731 [INFO] E098 | Batch 014 | LR: 0.00160 | Loss: 0.0639 | GradNorm: 0.7240 | Batch P@10: 50.0%
2026-03-14 01:28:33,683 [INFO] E098 | Batch 015 | LR: 0.00160 | Loss: 0.0784 | GradNorm: 0.4521 | Batch P@10: 40.0%
2026-03-14 01:28:37,670 [INFO] E098 | Batch 016 | LR: 0.00160 | Loss: 0.0921 | GradNorm: 0.2785 | Batch P@10: 50.0%
2026-03-14 01:28:41,644 [INFO] E098 | Batch 017 | LR: 0.00159 | Loss: 0.0805 | GradNorm: 0.2755 | Batch P@10: 40.0%
2026-03-14 01:28:45,679 [INFO] E098 | Batch 018 | LR: 0.00159 | Loss: 0.0719 | GradNorm: 0.8411 | Batch P@10: 70.0%
2026-03-14 01:28:49,648 [INFO] E098 | Batch 019 | LR: 0.00159 | Loss: 0.0654 | GradNorm: 0.7177 | Batch P@10: 50.0%
2026-03-14 01:28:53,799 [INFO] E098 | Batch 020 | LR: 0.00159 | Loss: 0.0727 | GradNorm: 0.6597 | Batch P@10: 40.0%
2026-03-14 01:28:57,750 [INFO] E098 | Batch 021 | LR: 0.00158 | Loss: 0.0628 | GradNorm: 0.2497 | Batch P@10: 50.0%
2026-03-14 01:29:01,704 [INFO] E098 | Batch 022 | LR: 0.00158 | Loss: 0.0688 | GradNorm: 0.3192 | Batch P@10: 40.0%
2026-03-14 01:29:05,753 [INFO] E098 | Batch 023 | LR: 0.00158 | Loss: 0.0666 | GradNorm: 0.2725 | Batch P@10: 40.0%
2026-03-14 01:29:10,022 [INFO] E098 | Batch 024 | LR: 0.00157 | Loss: 0.0699 | GradNorm: 0.3144 | Batch P@10: 60.0%
2026-03-14 01:29:14,173 [INFO] E098 | Batch 025 | LR: 0.00157 | Loss: 0.0845 | GradNorm: 0.3821 | Batch P@10: 30.0%
2026-03-14 01:29:18,183 [INFO] E098 | Batch 026 | LR: 0.00157 | Loss: 0.0700 | GradNorm: 0.6479 | Batch P@10: 60.0%
2026-03-14 01:29:22,360 [INFO] E098 | Batch 027 | LR: 0.00156 | Loss: 0.0737 | GradNorm: 0.4260 | Batch P@10: 70.0%
2026-03-14 01:29:26,422 [INFO] E098 | Batch 028 | LR: 0.00156 | Loss: 0.0581 | GradNorm: 0.8231 | Batch P@10: 40.0%
2026-03-14 01:29:30,371 [INFO] E098 | Batch 029 | LR: 0.00156 | Loss: 0.0641 | GradNorm: 0.8058 | Batch P@10: 50.0%
2026-03-14 01:29:34,321 [INFO] E098 | Batch 030 | LR: 0.00155 | Loss: 0.0988 | GradNorm: 1.0059 | Batch P@10: 40.0%
2026-03-14 01:29:38,348 [INFO] E098 | Batch 031 | LR: 0.00155 | Loss: 0.1044 | GradNorm: 0.2795 | Batch P@10: 30.0%
2026-03-14 01:29:42,420 [INFO] E098 | Batch 032 | LR: 0.00155 | Loss: 0.0795 | GradNorm: 0.5717 | Batch P@10: 60.0%
2026-03-14 01:29:46,430 [INFO] E098 | Batch 033 | LR: 0.00154 | Loss: 0.0794 | GradNorm: 0.8640 | Batch P@10: 40.0%
2026-03-14 01:29:50,431 [INFO] E098 | Batch 034 | LR: 0.00154 | Loss: 0.0742 | GradNorm: 0.8371 | Batch P@10: 60.0%
2026-03-14 01:29:54,411 [INFO] E098 | Batch 035 | LR: 0.00154 | Loss: 0.0756 | GradNorm: 1.0693 | Batch P@10: 50.0%
2026-03-14 01:29:58,388 [INFO] E098 | Batch 036 | LR: 0.00154 | Loss: 0.0605 | GradNorm: 0.6194 | Batch P@10: 40.0%
2026-03-14 01:30:02,480 [INFO] E098 | Batch 037 | LR: 0.00153 | Loss: 0.1092 | GradNorm: 1.1285 | Batch P@10: 30.0%
2026-03-14 01:30:10,873 [INFO] 
---> FIM DA ÉPOCA 98 | Val P@10: 47.4384% | Loss Média: 0.0740 | Grad Médio: 0.7720 | Recorde Geral: 48.5714% <---

2026-03-14 01:30:14,926 [INFO] E099 | Batch 001 | LR: 0.00153 | Loss: 0.0883 | GradNorm: 4.9152 | Batch P@10: 40.0%
2026-03-14 01:30:18,915 [INFO] E099 | Batch 002 | LR: 0.00153 | Loss: 0.0800 | GradNorm: 2.7225 | Batch P@10: 70.0%
2026-03-14 01:30:22,942 [INFO] E099 | Batch 003 | LR: 0.00152 | Loss: 0.0638 | GradNorm: 3.0511 | Batch P@10: 60.0%
2026-03-14 01:30:26,978 [INFO] E099 | Batch 004 | LR: 0.00152 | Loss: 0.0628 | GradNorm: 0.3992 | Batch P@10: 50.0%
2026-03-14 01:30:30,970 [INFO] E099 | Batch 005 | LR: 0.00152 | Loss: 0.0623 | GradNorm: 0.6303 | Batch P@10: 50.0%
2026-03-14 01:30:34,944 [INFO] E099 | Batch 006 | LR: 0.00151 | Loss: 0.0836 | GradNorm: 0.9544 | Batch P@10: 50.0%
2026-03-14 01:30:38,982 [INFO] E099 | Batch 007 | LR: 0.00151 | Loss: 0.0754 | GradNorm: 0.6485 | Batch P@10: 50.0%
2026-03-14 01:30:42,961 [INFO] E099 | Batch 008 | LR: 0.00151 | Loss: 0.0816 | GradNorm: 0.7543 | Batch P@10: 40.0%
2026-03-14 01:30:46,909 [INFO] E099 | Batch 009 | LR: 0.00150 | Loss: 0.0733 | GradNorm: 0.8141 | Batch P@10: 70.0%
2026-03-14 01:30:50,876 [INFO] E099 | Batch 010 | LR: 0.00150 | Loss: 0.0740 | GradNorm: 0.5393 | Batch P@10: 50.0%
2026-03-14 01:30:54,847 [INFO] E099 | Batch 011 | LR: 0.00150 | Loss: 0.1375 | GradNorm: 1.5232 | Batch P@10: 40.0%
2026-03-14 01:30:59,077 [INFO] E099 | Batch 012 | LR: 0.00150 | Loss: 0.0641 | GradNorm: 1.9877 | Batch P@10: 40.0%
2026-03-14 01:31:03,051 [INFO] E099 | Batch 013 | LR: 0.00149 | Loss: 0.1125 | GradNorm: 2.1936 | Batch P@10: 40.0%
2026-03-14 01:31:07,043 [INFO] E099 | Batch 014 | LR: 0.00149 | Loss: 0.0885 | GradNorm: 1.0021 | Batch P@10: 40.0%
2026-03-14 01:31:11,043 [INFO] E099 | Batch 015 | LR: 0.00149 | Loss: 0.0707 | GradNorm: 0.4071 | Batch P@10: 60.0%
2026-03-14 01:31:15,135 [INFO] E099 | Batch 016 | LR: 0.00148 | Loss: 0.0917 | GradNorm: 0.2208 | Batch P@10: 20.0%
2026-03-14 01:31:19,263 [INFO] E099 | Batch 017 | LR: 0.00148 | Loss: 0.0759 | GradNorm: 0.3553 | Batch P@10: 50.0%
2026-03-14 01:31:23,238 [INFO] E099 | Batch 018 | LR: 0.00148 | Loss: 0.0867 | GradNorm: 0.8265 | Batch P@10: 60.0%
2026-03-14 01:31:27,381 [INFO] E099 | Batch 019 | LR: 0.00147 | Loss: 0.0661 | GradNorm: 0.8031 | Batch P@10: 60.0%
2026-03-14 01:31:31,406 [INFO] E099 | Batch 020 | LR: 0.00147 | Loss: 0.0721 | GradNorm: 0.5313 | Batch P@10: 50.0%
2026-03-14 01:31:35,533 [INFO] E099 | Batch 021 | LR: 0.00147 | Loss: 0.0591 | GradNorm: 0.4862 | Batch P@10: 50.0%
2026-03-14 01:31:39,679 [INFO] E099 | Batch 022 | LR: 0.00146 | Loss: 0.0773 | GradNorm: 0.3942 | Batch P@10: 60.0%
2026-03-14 01:31:43,661 [INFO] E099 | Batch 023 | LR: 0.00146 | Loss: 0.0697 | GradNorm: 0.2465 | Batch P@10: 40.0%
2026-03-14 01:31:47,648 [INFO] E099 | Batch 024 | LR: 0.00146 | Loss: 0.0616 | GradNorm: 0.5421 | Batch P@10: 60.0%
2026-03-14 01:31:51,613 [INFO] E099 | Batch 025 | LR: 0.00146 | Loss: 0.0644 | GradNorm: 0.7132 | Batch P@10: 70.0%
2026-03-14 01:31:55,603 [INFO] E099 | Batch 026 | LR: 0.00145 | Loss: 0.0681 | GradNorm: 1.1723 | Batch P@10: 60.0%
2026-03-14 01:31:59,614 [INFO] E099 | Batch 027 | LR: 0.00145 | Loss: 0.0833 | GradNorm: 0.6303 | Batch P@10: 60.0%
2026-03-14 01:32:03,591 [INFO] E099 | Batch 028 | LR: 0.00145 | Loss: 0.0713 | GradNorm: 0.2337 | Batch P@10: 50.0%
2026-03-14 01:32:07,547 [INFO] E099 | Batch 029 | LR: 0.00144 | Loss: 0.0792 | GradNorm: 0.7414 | Batch P@10: 40.0%
2026-03-14 01:32:11,626 [INFO] E099 | Batch 030 | LR: 0.00144 | Loss: 0.0657 | GradNorm: 0.8440 | Batch P@10: 70.0%
2026-03-14 01:32:15,626 [INFO] E099 | Batch 031 | LR: 0.00144 | Loss: 0.0678 | GradNorm: 0.2654 | Batch P@10: 50.0%
2026-03-14 01:32:19,595 [INFO] E099 | Batch 032 | LR: 0.00143 | Loss: 0.0723 | GradNorm: 0.5770 | Batch P@10: 50.0%
2026-03-14 01:32:23,548 [INFO] E099 | Batch 033 | LR: 0.00143 | Loss: 0.0725 | GradNorm: 0.3600 | Batch P@10: 40.0%
2026-03-14 01:32:27,516 [INFO] E099 | Batch 034 | LR: 0.00143 | Loss: 0.0652 | GradNorm: 0.5500 | Batch P@10: 50.0%
2026-03-14 01:32:31,522 [INFO] E099 | Batch 035 | LR: 0.00143 | Loss: 0.0695 | GradNorm: 1.2778 | Batch P@10: 40.0%
2026-03-14 01:32:35,584 [INFO] E099 | Batch 036 | LR: 0.00142 | Loss: 0.0708 | GradNorm: 2.5006 | Batch P@10: 40.0%
2026-03-14 01:32:39,524 [INFO] E099 | Batch 037 | LR: 0.00142 | Loss: 0.0683 | GradNorm: 0.7817 | Batch P@10: 50.0%
2026-03-14 01:32:47,977 [INFO] 
---> FIM DA ÉPOCA 99 | Val P@10: 48.5714% | Loss Média: 0.0736 | Grad Médio: 1.0161 | Recorde Geral: 48.5714% <---

2026-03-14 01:32:52,179 [INFO] E100 | Batch 001 | LR: 0.00142 | Loss: 0.0683 | GradNorm: 0.2186 | Batch P@10: 50.0%
2026-03-14 01:32:56,127 [INFO] E100 | Batch 002 | LR: 0.00141 | Loss: 0.0742 | GradNorm: 0.8448 | Batch P@10: 70.0%
2026-03-14 01:33:00,208 [INFO] E100 | Batch 003 | LR: 0.00141 | Loss: 0.0748 | GradNorm: 0.3157 | Batch P@10: 40.0%
2026-03-14 01:33:04,212 [INFO] E100 | Batch 004 | LR: 0.00141 | Loss: 0.0736 | GradNorm: 0.3114 | Batch P@10: 40.0%
2026-03-14 01:33:08,242 [INFO] E100 | Batch 005 | LR: 0.00140 | Loss: 0.0748 | GradNorm: 0.5879 | Batch P@10: 60.0%
2026-03-14 01:33:12,303 [INFO] E100 | Batch 006 | LR: 0.00140 | Loss: 0.0692 | GradNorm: 0.2282 | Batch P@10: 50.0%
2026-03-14 01:33:16,265 [INFO] E100 | Batch 007 | LR: 0.00140 | Loss: 0.0659 | GradNorm: 0.2071 | Batch P@10: 50.0%
2026-03-14 01:33:20,201 [INFO] E100 | Batch 008 | LR: 0.00140 | Loss: 0.0604 | GradNorm: 0.3016 | Batch P@10: 60.0%
2026-03-14 01:33:24,264 [INFO] E100 | Batch 009 | LR: 0.00139 | Loss: 0.0733 | GradNorm: 0.5330 | Batch P@10: 60.0%
2026-03-14 01:33:28,260 [INFO] E100 | Batch 010 | LR: 0.00139 | Loss: 0.0650 | GradNorm: 0.2920 | Batch P@10: 50.0%
2026-03-14 01:33:32,348 [INFO] E100 | Batch 011 | LR: 0.00139 | Loss: 0.0801 | GradNorm: 0.2665 | Batch P@10: 50.0%
2026-03-14 01:33:36,495 [INFO] E100 | Batch 012 | LR: 0.00138 | Loss: 0.0694 | GradNorm: 0.5918 | Batch P@10: 80.0%
2026-03-14 01:33:40,416 [INFO] E100 | Batch 013 | LR: 0.00138 | Loss: 0.0765 | GradNorm: 0.4712 | Batch P@10: 40.0%
2026-03-14 01:33:44,592 [INFO] E100 | Batch 014 | LR: 0.00138 | Loss: 0.0610 | GradNorm: 0.2779 | Batch P@10: 50.0%
2026-03-14 01:33:48,560 [INFO] E100 | Batch 015 | LR: 0.00137 | Loss: 0.0676 | GradNorm: 1.0982 | Batch P@10: 40.0%
2026-03-14 01:33:52,748 [INFO] E100 | Batch 016 | LR: 0.00137 | Loss: 0.0960 | GradNorm: 1.0587 | Batch P@10: 70.0%
2026-03-14 01:33:56,771 [INFO] E100 | Batch 017 | LR: 0.00137 | Loss: 0.1202 | GradNorm: 0.9565 | Batch P@10: 40.0%
2026-03-14 01:34:00,836 [INFO] E100 | Batch 018 | LR: 0.00137 | Loss: 0.0685 | GradNorm: 0.3275 | Batch P@10: 40.0%
2026-03-14 01:34:04,949 [INFO] E100 | Batch 019 | LR: 0.00136 | Loss: 0.0659 | GradNorm: 0.2510 | Batch P@10: 60.0%
2026-03-14 01:34:08,942 [INFO] E100 | Batch 020 | LR: 0.00136 | Loss: 0.0761 | GradNorm: 0.4834 | Batch P@10: 60.0%
2026-03-14 01:34:12,998 [INFO] E100 | Batch 021 | LR: 0.00136 | Loss: 0.1143 | GradNorm: 0.4654 | Batch P@10: 50.0%
2026-03-14 01:34:16,942 [INFO] E100 | Batch 022 | LR: 0.00135 | Loss: 0.0803 | GradNorm: 0.9538 | Batch P@10: 40.0%
2026-03-14 01:34:21,092 [INFO] E100 | Batch 023 | LR: 0.00135 | Loss: 0.0790 | GradNorm: 0.8810 | Batch P@10: 30.0%
2026-03-14 01:34:25,117 [INFO] E100 | Batch 024 | LR: 0.00135 | Loss: 0.0738 | GradNorm: 0.8050 | Batch P@10: 30.0%
2026-03-14 01:34:29,348 [INFO] E100 | Batch 025 | LR: 0.00134 | Loss: 0.0603 | GradNorm: 0.2158 | Batch P@10: 70.0%
2026-03-14 01:34:33,338 [INFO] E100 | Batch 026 | LR: 0.00134 | Loss: 0.0693 | GradNorm: 1.2013 | Batch P@10: 30.0%
2026-03-14 01:34:37,402 [INFO] E100 | Batch 027 | LR: 0.00134 | Loss: 0.0671 | GradNorm: 0.4077 | Batch P@10: 50.0%
2026-03-14 01:34:41,378 [INFO] E100 | Batch 028 | LR: 0.00134 | Loss: 0.0708 | GradNorm: 1.1628 | Batch P@10: 40.0%
2026-03-14 01:34:45,339 [INFO] E100 | Batch 029 | LR: 0.00133 | Loss: 0.1081 | GradNorm: 1.1653 | Batch P@10: 50.0%
2026-03-14 01:34:49,316 [INFO] E100 | Batch 030 | LR: 0.00133 | Loss: 0.0682 | GradNorm: 0.3146 | Batch P@10: 40.0%
2026-03-14 01:34:53,314 [INFO] E100 | Batch 031 | LR: 0.00133 | Loss: 0.0906 | GradNorm: 0.4243 | Batch P@10: 30.0%
2026-03-14 01:34:57,275 [INFO] E100 | Batch 032 | LR: 0.00132 | Loss: 0.0635 | GradNorm: 0.7210 | Batch P@10: 40.0%
2026-03-14 01:35:01,261 [INFO] E100 | Batch 033 | LR: 0.00132 | Loss: 0.0665 | GradNorm: 0.6879 | Batch P@10: 20.0%
2026-03-14 01:35:05,375 [INFO] E100 | Batch 034 | LR: 0.00132 | Loss: 0.0676 | GradNorm: 0.2945 | Batch P@10: 50.0%
2026-03-14 01:35:09,373 [INFO] E100 | Batch 035 | LR: 0.00132 | Loss: 0.0690 | GradNorm: 0.3745 | Batch P@10: 50.0%
2026-03-14 01:35:13,336 [INFO] E100 | Batch 036 | LR: 0.00131 | Loss: 0.0624 | GradNorm: 1.0329 | Batch P@10: 50.0%
2026-03-14 01:35:17,307 [INFO] E100 | Batch 037 | LR: 0.00131 | Loss: 0.0644 | GradNorm: 0.4043 | Batch P@10: 40.0%
2026-03-14 01:35:25,804 [INFO] 
---> FIM DA ÉPOCA 100 | Val P@10: 48.8177% | Loss Média: 0.0725 | Grad Médio: 0.5712 | Recorde Geral: 48.8177% <---

2026-03-14 01:35:25,814 [INFO] 💎 NOVO RECORDE RETREINO 64: 48.8%
2026-03-14 01:35:29,950 [INFO] E101 | Batch 001 | LR: 0.00131 | Loss: 0.0653 | GradNorm: 0.4159 | Batch P@10: 50.0%
2026-03-14 01:35:34,082 [INFO] E101 | Batch 002 | LR: 0.00130 | Loss: 0.0657 | GradNorm: 0.2400 | Batch P@10: 40.0%
2026-03-14 01:35:38,217 [INFO] E101 | Batch 003 | LR: 0.00130 | Loss: 0.0814 | GradNorm: 0.9235 | Batch P@10: 40.0%
2026-03-14 01:35:42,421 [INFO] E101 | Batch 004 | LR: 0.00130 | Loss: 0.0732 | GradNorm: 0.4555 | Batch P@10: 40.0%
2026-03-14 01:35:46,401 [INFO] E101 | Batch 005 | LR: 0.00130 | Loss: 0.0984 | GradNorm: 0.5744 | Batch P@10: 50.0%
2026-03-14 01:35:50,518 [INFO] E101 | Batch 006 | LR: 0.00129 | Loss: 0.0616 | GradNorm: 0.4028 | Batch P@10: 50.0%
2026-03-14 01:35:54,636 [INFO] E101 | Batch 007 | LR: 0.00129 | Loss: 0.0836 | GradNorm: 0.2964 | Batch P@10: 50.0%
2026-03-14 01:35:58,595 [INFO] E101 | Batch 008 | LR: 0.00129 | Loss: 0.0914 | GradNorm: 2.8259 | Batch P@10: 50.0%
2026-03-14 01:36:02,538 [INFO] E101 | Batch 009 | LR: 0.00128 | Loss: 0.0660 | GradNorm: 1.4380 | Batch P@10: 50.0%
2026-03-14 01:36:06,472 [INFO] E101 | Batch 010 | LR: 0.00128 | Loss: 0.0788 | GradNorm: 0.6902 | Batch P@10: 50.0%
2026-03-14 01:36:10,449 [INFO] E101 | Batch 011 | LR: 0.00128 | Loss: 0.0719 | GradNorm: 0.3662 | Batch P@10: 70.0%
2026-03-14 01:36:14,415 [INFO] E101 | Batch 012 | LR: 0.00128 | Loss: 0.0621 | GradNorm: 0.5839 | Batch P@10: 60.0%
2026-03-14 01:36:18,354 [INFO] E101 | Batch 013 | LR: 0.00127 | Loss: 0.0608 | GradNorm: 0.8354 | Batch P@10: 50.0%
2026-03-14 01:36:22,331 [INFO] E101 | Batch 014 | LR: 0.00127 | Loss: 0.0659 | GradNorm: 0.2711 | Batch P@10: 70.0%
2026-03-14 01:36:26,395 [INFO] E101 | Batch 015 | LR: 0.00127 | Loss: 0.0622 | GradNorm: 0.4510 | Batch P@10: 60.0%
2026-03-14 01:36:30,489 [INFO] E101 | Batch 016 | LR: 0.00126 | Loss: 0.0674 | GradNorm: 0.8288 | Batch P@10: 60.0%
2026-03-14 01:36:34,642 [INFO] E101 | Batch 017 | LR: 0.00126 | Loss: 0.0650 | GradNorm: 0.6958 | Batch P@10: 50.0%
2026-03-14 01:36:38,775 [INFO] E101 | Batch 018 | LR: 0.00126 | Loss: 0.0725 | GradNorm: 0.9253 | Batch P@10: 40.0%
2026-03-14 01:36:42,781 [INFO] E101 | Batch 019 | LR: 0.00126 | Loss: 0.0699 | GradNorm: 2.4571 | Batch P@10: 50.0%
2026-03-14 01:36:46,942 [INFO] E101 | Batch 020 | LR: 0.00125 | Loss: 0.0584 | GradNorm: 0.7907 | Batch P@10: 30.0%
2026-03-14 01:36:51,051 [INFO] E101 | Batch 021 | LR: 0.00125 | Loss: 0.0753 | GradNorm: 0.6641 | Batch P@10: 60.0%
2026-03-14 01:36:55,113 [INFO] E101 | Batch 022 | LR: 0.00125 | Loss: 0.0710 | GradNorm: 0.9380 | Batch P@10: 60.0%
2026-03-14 01:36:59,188 [INFO] E101 | Batch 023 | LR: 0.00124 | Loss: 0.0723 | GradNorm: 0.4696 | Batch P@10: 50.0%
2026-03-14 01:37:03,168 [INFO] E101 | Batch 024 | LR: 0.00124 | Loss: 0.0920 | GradNorm: 0.7644 | Batch P@10: 30.0%
2026-03-14 01:37:07,316 [INFO] E101 | Batch 025 | LR: 0.00124 | Loss: 0.0728 | GradNorm: 0.7259 | Batch P@10: 60.0%
2026-03-14 01:37:11,455 [INFO] E101 | Batch 026 | LR: 0.00124 | Loss: 0.0653 | GradNorm: 0.4011 | Batch P@10: 50.0%
2026-03-14 01:37:15,460 [INFO] E101 | Batch 027 | LR: 0.00123 | Loss: 0.0618 | GradNorm: 0.3350 | Batch P@10: 70.0%
2026-03-14 01:37:19,629 [INFO] E101 | Batch 028 | LR: 0.00123 | Loss: 0.0800 | GradNorm: 0.9074 | Batch P@10: 40.0%
2026-03-14 01:37:23,605 [INFO] E101 | Batch 029 | LR: 0.00123 | Loss: 0.0734 | GradNorm: 1.5819 | Batch P@10: 50.0%
2026-03-14 01:37:27,567 [INFO] E101 | Batch 030 | LR: 0.00122 | Loss: 0.0932 | GradNorm: 1.9453 | Batch P@10: 30.0%
2026-03-14 01:37:31,778 [INFO] E101 | Batch 031 | LR: 0.00122 | Loss: 0.0995 | GradNorm: 1.0229 | Batch P@10: 40.0%
2026-03-14 01:37:35,740 [INFO] E101 | Batch 032 | LR: 0.00122 | Loss: 0.0573 | GradNorm: 0.2222 | Batch P@10: 70.0%
2026-03-14 01:37:39,936 [INFO] E101 | Batch 033 | LR: 0.00122 | Loss: 0.0727 | GradNorm: 0.6977 | Batch P@10: 60.0%
2026-03-14 01:37:43,922 [INFO] E101 | Batch 034 | LR: 0.00121 | Loss: 0.0644 | GradNorm: 0.5338 | Batch P@10: 70.0%
2026-03-14 01:37:48,007 [INFO] E101 | Batch 035 | LR: 0.00121 | Loss: 0.0780 | GradNorm: 0.2328 | Batch P@10: 50.0%
2026-03-14 01:37:52,051 [INFO] E101 | Batch 036 | LR: 0.00121 | Loss: 0.0694 | GradNorm: 0.4307 | Batch P@10: 70.0%
2026-03-14 01:37:56,035 [INFO] E101 | Batch 037 | LR: 0.00120 | Loss: 0.0723 | GradNorm: 0.7369 | Batch P@10: 40.0%
2026-03-14 01:38:04,451 [INFO] 
---> FIM DA ÉPOCA 101 | Val P@10: 49.6059% | Loss Média: 0.0708 | Grad Médio: 0.7859 | Recorde Geral: 49.6059% <---

2026-03-14 01:38:04,469 [INFO] 💎 NOVO RECORDE RETREINO 64: 49.6%
2026-03-14 01:38:08,697 [INFO] E102 | Batch 001 | LR: 0.00120 | Loss: 0.0673 | GradNorm: 0.7236 | Batch P@10: 70.0%
2026-03-14 01:38:12,628 [INFO] E102 | Batch 002 | LR: 0.00120 | Loss: 0.1110 | GradNorm: 0.4952 | Batch P@10: 80.0%
2026-03-14 01:38:16,743 [INFO] E102 | Batch 003 | LR: 0.00120 | Loss: 0.0592 | GradNorm: 0.3231 | Batch P@10: 70.0%
2026-03-14 01:38:20,777 [INFO] E102 | Batch 004 | LR: 0.00119 | Loss: 0.0857 | GradNorm: 0.6742 | Batch P@10: 60.0%
2026-03-14 01:38:24,721 [INFO] E102 | Batch 005 | LR: 0.00119 | Loss: 0.0811 | GradNorm: 0.5955 | Batch P@10: 50.0%
2026-03-14 01:38:28,705 [INFO] E102 | Batch 006 | LR: 0.00119 | Loss: 0.0676 | GradNorm: 0.2471 | Batch P@10: 40.0%
2026-03-14 01:38:32,679 [INFO] E102 | Batch 007 | LR: 0.00118 | Loss: 0.0635 | GradNorm: 0.2112 | Batch P@10: 60.0%
2026-03-14 01:38:36,608 [INFO] E102 | Batch 008 | LR: 0.00118 | Loss: 0.0635 | GradNorm: 0.4167 | Batch P@10: 40.0%
2026-03-14 01:38:40,682 [INFO] E102 | Batch 009 | LR: 0.00118 | Loss: 0.0656 | GradNorm: 0.8214 | Batch P@10: 80.0%
2026-03-14 01:38:44,706 [INFO] E102 | Batch 010 | LR: 0.00118 | Loss: 0.0869 | GradNorm: 0.1659 | Batch P@10: 30.0%
2026-03-14 01:38:48,673 [INFO] E102 | Batch 011 | LR: 0.00117 | Loss: 0.1109 | GradNorm: 0.4241 | Batch P@10: 20.0%
2026-03-14 01:38:52,649 [INFO] E102 | Batch 012 | LR: 0.00117 | Loss: 0.0595 | GradNorm: 0.4879 | Batch P@10: 50.0%
2026-03-14 01:38:56,609 [INFO] E102 | Batch 013 | LR: 0.00117 | Loss: 0.0600 | GradNorm: 1.0339 | Batch P@10: 40.0%
2026-03-14 01:39:00,694 [INFO] E102 | Batch 014 | LR: 0.00117 | Loss: 0.0804 | GradNorm: 2.2999 | Batch P@10: 60.0%
2026-03-14 01:39:04,725 [INFO] E102 | Batch 015 | LR: 0.00116 | Loss: 0.0559 | GradNorm: 0.3080 | Batch P@10: 30.0%
2026-03-14 01:39:08,686 [INFO] E102 | Batch 016 | LR: 0.00116 | Loss: 0.0813 | GradNorm: 2.1646 | Batch P@10: 60.0%
2026-03-14 01:39:12,687 [INFO] E102 | Batch 017 | LR: 0.00116 | Loss: 0.0730 | GradNorm: 1.2917 | Batch P@10: 60.0%
2026-03-14 01:39:16,850 [INFO] E102 | Batch 018 | LR: 0.00115 | Loss: 0.0653 | GradNorm: 0.3961 | Batch P@10: 20.0%
2026-03-14 01:39:20,843 [INFO] E102 | Batch 019 | LR: 0.00115 | Loss: 0.0708 | GradNorm: 0.6990 | Batch P@10: 40.0%
2026-03-14 01:39:25,024 [INFO] E102 | Batch 020 | LR: 0.00115 | Loss: 0.0702 | GradNorm: 0.8425 | Batch P@10: 50.0%
2026-03-14 01:39:29,184 [INFO] E102 | Batch 021 | LR: 0.00115 | Loss: 0.0695 | GradNorm: 0.7380 | Batch P@10: 60.0%
2026-03-14 01:39:33,374 [INFO] E102 | Batch 022 | LR: 0.00114 | Loss: 0.0670 | GradNorm: 0.8586 | Batch P@10: 50.0%
2026-03-14 01:39:37,367 [INFO] E102 | Batch 023 | LR: 0.00114 | Loss: 0.0653 | GradNorm: 0.8426 | Batch P@10: 50.0%
2026-03-14 01:39:41,418 [INFO] E102 | Batch 024 | LR: 0.00114 | Loss: 0.0800 | GradNorm: 0.5278 | Batch P@10: 70.0%
2026-03-14 01:39:45,559 [INFO] E102 | Batch 025 | LR: 0.00113 | Loss: 0.0610 | GradNorm: 0.9974 | Batch P@10: 40.0%
2026-03-14 01:39:49,486 [INFO] E102 | Batch 026 | LR: 0.00113 | Loss: 0.0625 | GradNorm: 2.5718 | Batch P@10: 50.0%
2026-03-14 01:39:53,421 [INFO] E102 | Batch 027 | LR: 0.00113 | Loss: 0.0755 | GradNorm: 1.3045 | Batch P@10: 50.0%
2026-03-14 01:39:57,456 [INFO] E102 | Batch 028 | LR: 0.00113 | Loss: 0.0609 | GradNorm: 1.9095 | Batch P@10: 50.0%
2026-03-14 01:40:01,601 [INFO] E102 | Batch 029 | LR: 0.00112 | Loss: 0.0542 | GradNorm: 0.9134 | Batch P@10: 50.0%
2026-03-14 01:40:05,559 [INFO] E102 | Batch 030 | LR: 0.00112 | Loss: 0.0728 | GradNorm: 0.6258 | Batch P@10: 60.0%
2026-03-14 01:40:09,524 [INFO] E102 | Batch 031 | LR: 0.00112 | Loss: 0.0619 | GradNorm: 0.4631 | Batch P@10: 70.0%
2026-03-14 01:40:13,493 [INFO] E102 | Batch 032 | LR: 0.00112 | Loss: 0.1063 | GradNorm: 0.7553 | Batch P@10: 50.0%
2026-03-14 01:40:17,460 [INFO] E102 | Batch 033 | LR: 0.00111 | Loss: 0.0824 | GradNorm: 0.8989 | Batch P@10: 40.0%
2026-03-14 01:40:21,640 [INFO] E102 | Batch 034 | LR: 0.00111 | Loss: 0.0760 | GradNorm: 0.9272 | Batch P@10: 20.0%
2026-03-14 01:40:25,593 [INFO] E102 | Batch 035 | LR: 0.00111 | Loss: 0.0737 | GradNorm: 0.8973 | Batch P@10: 60.0%
2026-03-14 01:40:29,570 [INFO] E102 | Batch 036 | LR: 0.00111 | Loss: 0.0673 | GradNorm: 0.8973 | Batch P@10: 50.0%
2026-03-14 01:40:33,621 [INFO] E102 | Batch 037 | LR: 0.00110 | Loss: 0.0761 | GradNorm: 0.9571 | Batch P@10: 50.0%
2026-03-14 01:40:42,024 [INFO] 
---> FIM DA ÉPOCA 102 | Val P@10: 49.1133% | Loss Média: 0.0708 | Grad Médio: 0.8570 | Recorde Geral: 49.6059% <---

2026-03-14 01:40:46,293 [INFO] E103 | Batch 001 | LR: 0.00110 | Loss: 0.0663 | GradNorm: 0.4748 | Batch P@10: 50.0%
2026-03-14 01:40:50,246 [INFO] E103 | Batch 002 | LR: 0.00110 | Loss: 0.1113 | GradNorm: 0.3896 | Batch P@10: 50.0%
2026-03-14 01:40:54,224 [INFO] E103 | Batch 003 | LR: 0.00109 | Loss: 0.0596 | GradNorm: 3.3933 | Batch P@10: 50.0%
2026-03-14 01:40:58,384 [INFO] E103 | Batch 004 | LR: 0.00109 | Loss: 0.0713 | GradNorm: 5.2093 | Batch P@10: 60.0%
2026-03-14 01:41:02,371 [INFO] E103 | Batch 005 | LR: 0.00109 | Loss: 0.0764 | GradNorm: 4.2602 | Batch P@10: 20.0%
2026-03-14 01:41:06,359 [INFO] E103 | Batch 006 | LR: 0.00109 | Loss: 0.0700 | GradNorm: 4.5670 | Batch P@10: 40.0%
2026-03-14 01:41:10,414 [INFO] E103 | Batch 007 | LR: 0.00108 | Loss: 0.0630 | GradNorm: 2.5474 | Batch P@10: 50.0%
2026-03-14 01:41:14,546 [INFO] E103 | Batch 008 | LR: 0.00108 | Loss: 0.0635 | GradNorm: 0.2554 | Batch P@10: 60.0%
2026-03-14 01:41:18,600 [INFO] E103 | Batch 009 | LR: 0.00108 | Loss: 0.1047 | GradNorm: 0.3318 | Batch P@10: 50.0%
2026-03-14 01:41:22,656 [INFO] E103 | Batch 010 | LR: 0.00108 | Loss: 0.0624 | GradNorm: 0.7639 | Batch P@10: 60.0%
2026-03-14 01:41:26,668 [INFO] E103 | Batch 011 | LR: 0.00107 | Loss: 0.0728 | GradNorm: 0.8410 | Batch P@10: 50.0%
2026-03-14 01:41:30,659 [INFO] E103 | Batch 012 | LR: 0.00107 | Loss: 0.0581 | GradNorm: 0.7398 | Batch P@10: 70.0%
2026-03-14 01:41:34,730 [INFO] E103 | Batch 013 | LR: 0.00107 | Loss: 0.1012 | GradNorm: 0.3779 | Batch P@10: 30.0%
2026-03-14 01:41:38,805 [INFO] E103 | Batch 014 | LR: 0.00106 | Loss: 0.0648 | GradNorm: 0.2856 | Batch P@10: 50.0%
2026-03-14 01:41:42,888 [INFO] E103 | Batch 015 | LR: 0.00106 | Loss: 0.0658 | GradNorm: 0.4862 | Batch P@10: 70.0%
2026-03-14 01:41:46,844 [INFO] E103 | Batch 016 | LR: 0.00106 | Loss: 0.0662 | GradNorm: 1.2561 | Batch P@10: 50.0%
2026-03-14 01:41:50,837 [INFO] E103 | Batch 017 | LR: 0.00106 | Loss: 0.0706 | GradNorm: 0.7523 | Batch P@10: 50.0%
2026-03-14 01:41:55,012 [INFO] E103 | Batch 018 | LR: 0.00105 | Loss: 0.0619 | GradNorm: 0.7571 | Batch P@10: 50.0%
2026-03-14 01:41:58,979 [INFO] E103 | Batch 019 | LR: 0.00105 | Loss: 0.0725 | GradNorm: 0.3028 | Batch P@10: 50.0%
2026-03-14 01:42:03,108 [INFO] E103 | Batch 020 | LR: 0.00105 | Loss: 0.0601 | GradNorm: 0.3161 | Batch P@10: 70.0%
2026-03-14 01:42:07,119 [INFO] E103 | Batch 021 | LR: 0.00105 | Loss: 0.0655 | GradNorm: 0.3314 | Batch P@10: 40.0%
2026-03-14 01:42:11,107 [INFO] E103 | Batch 022 | LR: 0.00104 | Loss: 0.0662 | GradNorm: 1.0174 | Batch P@10: 40.0%
2026-03-14 01:42:15,094 [INFO] E103 | Batch 023 | LR: 0.00104 | Loss: 0.0888 | GradNorm: 0.5287 | Batch P@10: 40.0%
2026-03-14 01:42:19,216 [INFO] E103 | Batch 024 | LR: 0.00104 | Loss: 0.0668 | GradNorm: 0.7401 | Batch P@10: 60.0%
2026-03-14 01:42:23,192 [INFO] E103 | Batch 025 | LR: 0.00104 | Loss: 0.0599 | GradNorm: 0.6765 | Batch P@10: 60.0%
2026-03-14 01:42:27,256 [INFO] E103 | Batch 026 | LR: 0.00103 | Loss: 0.0639 | GradNorm: 0.6098 | Batch P@10: 60.0%
2026-03-14 01:42:31,243 [INFO] E103 | Batch 027 | LR: 0.00103 | Loss: 0.0742 | GradNorm: 0.8424 | Batch P@10: 40.0%
2026-03-14 01:42:35,242 [INFO] E103 | Batch 028 | LR: 0.00103 | Loss: 0.0589 | GradNorm: 0.5033 | Batch P@10: 30.0%
2026-03-14 01:42:39,328 [INFO] E103 | Batch 029 | LR: 0.00103 | Loss: 0.0699 | GradNorm: 0.8077 | Batch P@10: 40.0%
2026-03-14 01:42:43,507 [INFO] E103 | Batch 030 | LR: 0.00102 | Loss: 0.1562 | GradNorm: 0.5847 | Batch P@10: 40.0%
2026-03-14 01:42:47,638 [INFO] E103 | Batch 031 | LR: 0.00102 | Loss: 0.0588 | GradNorm: 0.7019 | Batch P@10: 60.0%
2026-03-14 01:42:51,700 [INFO] E103 | Batch 032 | LR: 0.00102 | Loss: 0.0809 | GradNorm: 1.0461 | Batch P@10: 50.0%
2026-03-14 01:42:55,681 [INFO] E103 | Batch 033 | LR: 0.00101 | Loss: 0.0696 | GradNorm: 1.0932 | Batch P@10: 40.0%
2026-03-14 01:42:59,761 [INFO] E103 | Batch 034 | LR: 0.00101 | Loss: 0.0753 | GradNorm: 0.4113 | Batch P@10: 60.0%
2026-03-14 01:43:03,738 [INFO] E103 | Batch 035 | LR: 0.00101 | Loss: 0.0662 | GradNorm: 0.7886 | Batch P@10: 40.0%
2026-03-14 01:43:07,739 [INFO] E103 | Batch 036 | LR: 0.00101 | Loss: 0.0681 | GradNorm: 0.7287 | Batch P@10: 60.0%
2026-03-14 01:43:11,869 [INFO] E103 | Batch 037 | LR: 0.00100 | Loss: 0.0612 | GradNorm: 0.6035 | Batch P@10: 60.0%
2026-03-14 01:43:20,357 [INFO] 
---> FIM DA ÉPOCA 103 | Val P@10: 48.8670% | Loss Média: 0.0709 | Grad Médio: 1.0898 | Recorde Geral: 49.6059% <---

2026-03-14 01:43:24,707 [INFO] E104 | Batch 001 | LR: 0.00100 | Loss: 0.0703 | GradNorm: 0.6549 | Batch P@10: 50.0%
2026-03-14 01:43:28,714 [INFO] E104 | Batch 002 | LR: 0.00100 | Loss: 0.0647 | GradNorm: 0.8160 | Batch P@10: 50.0%
2026-03-14 01:43:32,881 [INFO] E104 | Batch 003 | LR: 0.00100 | Loss: 0.0724 | GradNorm: 0.9962 | Batch P@10: 40.0%
2026-03-14 01:43:37,007 [INFO] E104 | Batch 004 | LR: 0.00099 | Loss: 0.0633 | GradNorm: 0.6884 | Batch P@10: 50.0%
2026-03-14 01:43:40,945 [INFO] E104 | Batch 005 | LR: 0.00099 | Loss: 0.0617 | GradNorm: 1.4505 | Batch P@10: 70.0%
2026-03-14 01:43:44,909 [INFO] E104 | Batch 006 | LR: 0.00099 | Loss: 0.0664 | GradNorm: 0.7870 | Batch P@10: 50.0%
2026-03-14 01:43:49,009 [INFO] E104 | Batch 007 | LR: 0.00099 | Loss: 0.0600 | GradNorm: 1.6288 | Batch P@10: 70.0%
2026-03-14 01:43:52,914 [INFO] E104 | Batch 008 | LR: 0.00098 | Loss: 0.0542 | GradNorm: 0.1801 | Batch P@10: 60.0%
2026-03-14 01:43:56,908 [INFO] E104 | Batch 009 | LR: 0.00098 | Loss: 0.0574 | GradNorm: 0.2250 | Batch P@10: 60.0%
2026-03-14 01:44:00,924 [INFO] E104 | Batch 010 | LR: 0.00098 | Loss: 0.1005 | GradNorm: 0.9104 | Batch P@10: 60.0%
2026-03-14 01:44:04,901 [INFO] E104 | Batch 011 | LR: 0.00098 | Loss: 0.0528 | GradNorm: 0.2233 | Batch P@10: 80.0%
2026-03-14 01:44:08,876 [INFO] E104 | Batch 012 | LR: 0.00097 | Loss: 0.0653 | GradNorm: 0.5809 | Batch P@10: 70.0%
2026-03-14 01:44:12,975 [INFO] E104 | Batch 013 | LR: 0.00097 | Loss: 0.0571 | GradNorm: 0.7557 | Batch P@10: 50.0%
2026-03-14 01:44:16,937 [INFO] E104 | Batch 014 | LR: 0.00097 | Loss: 0.0689 | GradNorm: 0.7287 | Batch P@10: 50.0%
2026-03-14 01:44:20,877 [INFO] E104 | Batch 015 | LR: 0.00097 | Loss: 0.0721 | GradNorm: 0.7583 | Batch P@10: 30.0%
2026-03-14 01:44:24,837 [INFO] E104 | Batch 016 | LR: 0.00096 | Loss: 0.0726 | GradNorm: 0.4865 | Batch P@10: 50.0%
2026-03-14 01:44:28,783 [INFO] E104 | Batch 017 | LR: 0.00096 | Loss: 0.0583 | GradNorm: 1.2269 | Batch P@10: 60.0%
2026-03-14 01:44:32,893 [INFO] E104 | Batch 018 | LR: 0.00096 | Loss: 0.0604 | GradNorm: 1.8359 | Batch P@10: 50.0%
2026-03-14 01:44:37,004 [INFO] E104 | Batch 019 | LR: 0.00096 | Loss: 0.0582 | GradNorm: 0.8329 | Batch P@10: 60.0%
2026-03-14 01:44:40,982 [INFO] E104 | Batch 020 | LR: 0.00095 | Loss: 0.0658 | GradNorm: 2.7083 | Batch P@10: 80.0%
2026-03-14 01:44:45,019 [INFO] E104 | Batch 021 | LR: 0.00095 | Loss: 0.0698 | GradNorm: 0.9984 | Batch P@10: 40.0%
2026-03-14 01:44:48,976 [INFO] E104 | Batch 022 | LR: 0.00095 | Loss: 0.0755 | GradNorm: 0.4212 | Batch P@10: 50.0%
2026-03-14 01:44:53,054 [INFO] E104 | Batch 023 | LR: 0.00095 | Loss: 0.0601 | GradNorm: 0.8327 | Batch P@10: 70.0%
2026-03-14 01:44:57,013 [INFO] E104 | Batch 024 | LR: 0.00094 | Loss: 0.0652 | GradNorm: 0.6717 | Batch P@10: 40.0%
2026-03-14 01:45:00,958 [INFO] E104 | Batch 025 | LR: 0.00094 | Loss: 0.0730 | GradNorm: 0.7677 | Batch P@10: 40.0%
2026-03-14 01:45:05,069 [INFO] E104 | Batch 026 | LR: 0.00094 | Loss: 0.0652 | GradNorm: 0.4976 | Batch P@10: 40.0%
2026-03-14 01:45:09,200 [INFO] E104 | Batch 027 | LR: 0.00094 | Loss: 0.0753 | GradNorm: 0.7137 | Batch P@10: 50.0%
2026-03-14 01:45:13,147 [INFO] E104 | Batch 028 | LR: 0.00093 | Loss: 0.0678 | GradNorm: 0.7900 | Batch P@10: 40.0%
2026-03-14 01:45:17,118 [INFO] E104 | Batch 029 | LR: 0.00093 | Loss: 0.0815 | GradNorm: 0.2486 | Batch P@10: 20.0%
2026-03-14 01:45:21,245 [INFO] E104 | Batch 030 | LR: 0.00093 | Loss: 0.0584 | GradNorm: 0.8949 | Batch P@10: 50.0%
2026-03-14 01:45:25,416 [INFO] E104 | Batch 031 | LR: 0.00093 | Loss: 0.0702 | GradNorm: 0.9668 | Batch P@10: 50.0%
2026-03-14 01:45:29,546 [INFO] E104 | Batch 032 | LR: 0.00092 | Loss: 0.0595 | GradNorm: 0.5634 | Batch P@10: 60.0%
2026-03-14 01:45:33,529 [INFO] E104 | Batch 033 | LR: 0.00092 | Loss: 0.0745 | GradNorm: 1.0074 | Batch P@10: 60.0%
2026-03-14 01:45:37,510 [INFO] E104 | Batch 034 | LR: 0.00092 | Loss: 0.0617 | GradNorm: 0.3373 | Batch P@10: 60.0%
2026-03-14 01:45:41,632 [INFO] E104 | Batch 035 | LR: 0.00092 | Loss: 0.1158 | GradNorm: 0.2759 | Batch P@10: 40.0%
2026-03-14 01:45:45,745 [INFO] E104 | Batch 036 | LR: 0.00091 | Loss: 0.0613 | GradNorm: 0.6200 | Batch P@10: 60.0%
2026-03-14 01:45:49,701 [INFO] E104 | Batch 037 | LR: 0.00091 | Loss: 0.0650 | GradNorm: 0.8247 | Batch P@10: 70.0%
2026-03-14 01:45:58,179 [INFO] 
---> FIM DA ÉPOCA 104 | Val P@10: 50.7389% | Loss Média: 0.0658 | Grad Médio: 0.8083 | Recorde Geral: 50.7389% <---

2026-03-14 01:45:58,189 [INFO] 💎 NOVO RECORDE RETREINO 64: 50.7%
2026-03-14 01:46:02,315 [INFO] E105 | Batch 001 | LR: 0.00091 | Loss: 0.1086 | GradNorm: 0.5495 | Batch P@10: 50.0%
2026-03-14 01:46:06,340 [INFO] E105 | Batch 002 | LR: 0.00091 | Loss: 0.0687 | GradNorm: 0.2769 | Batch P@10: 60.0%
2026-03-14 01:46:10,440 [INFO] E105 | Batch 003 | LR: 0.00090 | Loss: 0.0574 | GradNorm: 0.7628 | Batch P@10: 80.0%
2026-03-14 01:46:14,519 [INFO] E105 | Batch 004 | LR: 0.00090 | Loss: 0.0715 | GradNorm: 0.7145 | Batch P@10: 60.0%
2026-03-14 01:46:18,518 [INFO] E105 | Batch 005 | LR: 0.00090 | Loss: 0.0635 | GradNorm: 2.1845 | Batch P@10: 50.0%
2026-03-14 01:46:22,534 [INFO] E105 | Batch 006 | LR: 0.00090 | Loss: 0.0642 | GradNorm: 0.8233 | Batch P@10: 60.0%
2026-03-14 01:46:26,619 [INFO] E105 | Batch 007 | LR: 0.00089 | Loss: 0.0590 | GradNorm: 0.8484 | Batch P@10: 40.0%
2026-03-14 01:46:30,555 [INFO] E105 | Batch 008 | LR: 0.00089 | Loss: 0.0701 | GradNorm: 0.5296 | Batch P@10: 60.0%
2026-03-14 01:46:34,590 [INFO] E105 | Batch 009 | LR: 0.00089 | Loss: 0.0580 | GradNorm: 0.4999 | Batch P@10: 50.0%
2026-03-14 01:46:38,558 [INFO] E105 | Batch 010 | LR: 0.00089 | Loss: 0.0667 | GradNorm: 0.5111 | Batch P@10: 40.0%
2026-03-14 01:46:42,687 [INFO] E105 | Batch 011 | LR: 0.00088 | Loss: 0.0717 | GradNorm: 0.6367 | Batch P@10: 40.0%
2026-03-14 01:46:46,683 [INFO] E105 | Batch 012 | LR: 0.00088 | Loss: 0.0964 | GradNorm: 0.4482 | Batch P@10: 40.0%
2026-03-14 01:46:50,635 [INFO] E105 | Batch 013 | LR: 0.00088 | Loss: 0.0676 | GradNorm: 0.2059 | Batch P@10: 50.0%
2026-03-14 01:46:54,646 [INFO] E105 | Batch 014 | LR: 0.00088 | Loss: 0.0843 | GradNorm: 0.1710 | Batch P@10: 70.0%
2026-03-14 01:46:58,660 [INFO] E105 | Batch 015 | LR: 0.00087 | Loss: 0.0693 | GradNorm: 0.2555 | Batch P@10: 50.0%
2026-03-14 01:47:02,609 [INFO] E105 | Batch 016 | LR: 0.00087 | Loss: 0.0700 | GradNorm: 0.6494 | Batch P@10: 50.0%
2026-03-14 01:47:06,718 [INFO] E105 | Batch 017 | LR: 0.00087 | Loss: 0.0717 | GradNorm: 0.5487 | Batch P@10: 40.0%
2026-03-14 01:47:10,837 [INFO] E105 | Batch 018 | LR: 0.00087 | Loss: 0.0531 | GradNorm: 0.3553 | Batch P@10: 60.0%
2026-03-14 01:47:14,811 [INFO] E105 | Batch 019 | LR: 0.00086 | Loss: 0.0741 | GradNorm: 0.3805 | Batch P@10: 60.0%
2026-03-14 01:47:18,778 [INFO] E105 | Batch 020 | LR: 0.00086 | Loss: 0.0577 | GradNorm: 0.7058 | Batch P@10: 40.0%
2026-03-14 01:47:22,783 [INFO] E105 | Batch 021 | LR: 0.00086 | Loss: 0.0734 | GradNorm: 0.8227 | Batch P@10: 60.0%
2026-03-14 01:47:26,819 [INFO] E105 | Batch 022 | LR: 0.00086 | Loss: 0.0903 | GradNorm: 0.3531 | Batch P@10: 40.0%
2026-03-14 01:47:30,947 [INFO] E105 | Batch 023 | LR: 0.00085 | Loss: 0.0576 | GradNorm: 0.1999 | Batch P@10: 40.0%
2026-03-14 01:47:34,890 [INFO] E105 | Batch 024 | LR: 0.00085 | Loss: 0.0899 | GradNorm: 0.3811 | Batch P@10: 40.0%
2026-03-14 01:47:38,926 [INFO] E105 | Batch 025 | LR: 0.00085 | Loss: 0.0641 | GradNorm: 0.5134 | Batch P@10: 80.0%
2026-03-14 01:47:42,911 [INFO] E105 | Batch 026 | LR: 0.00085 | Loss: 0.0629 | GradNorm: 0.4217 | Batch P@10: 50.0%
2026-03-14 01:47:46,959 [INFO] E105 | Batch 027 | LR: 0.00085 | Loss: 0.0683 | GradNorm: 0.4790 | Batch P@10: 60.0%
2026-03-14 01:47:51,029 [INFO] E105 | Batch 028 | LR: 0.00084 | Loss: 0.0786 | GradNorm: 0.2800 | Batch P@10: 70.0%
2026-03-14 01:47:55,099 [INFO] E105 | Batch 029 | LR: 0.00084 | Loss: 0.0734 | GradNorm: 0.1758 | Batch P@10: 20.0%
2026-03-14 01:47:59,086 [INFO] E105 | Batch 030 | LR: 0.00084 | Loss: 0.0550 | GradNorm: 1.0716 | Batch P@10: 40.0%
2026-03-14 01:48:03,011 [INFO] E105 | Batch 031 | LR: 0.00084 | Loss: 0.0660 | GradNorm: 1.0217 | Batch P@10: 50.0%
2026-03-14 01:48:07,050 [INFO] E105 | Batch 032 | LR: 0.00083 | Loss: 0.0743 | GradNorm: 2.8591 | Batch P@10: 80.0%
2026-03-14 01:48:11,150 [INFO] E105 | Batch 033 | LR: 0.00083 | Loss: 0.0726 | GradNorm: 0.3345 | Batch P@10: 60.0%
2026-03-14 01:48:15,310 [INFO] E105 | Batch 034 | LR: 0.00083 | Loss: 0.0642 | GradNorm: 0.6991 | Batch P@10: 70.0%
2026-03-14 01:48:19,445 [INFO] E105 | Batch 035 | LR: 0.00083 | Loss: 0.0634 | GradNorm: 0.4087 | Batch P@10: 50.0%
2026-03-14 01:48:23,618 [INFO] E105 | Batch 036 | LR: 0.00082 | Loss: 0.0615 | GradNorm: 0.5457 | Batch P@10: 40.0%
2026-03-14 01:48:28,018 [INFO] E105 | Batch 037 | LR: 0.00082 | Loss: 0.0600 | GradNorm: 0.4102 | Batch P@10: 50.0%
2026-03-14 01:48:36,357 [INFO] 
---> FIM DA ÉPOCA 105 | Val P@10: 49.4581% | Loss Média: 0.0679 | Grad Médio: 0.6226 | Recorde Geral: 50.7389% <---

2026-03-14 01:48:40,652 [INFO] E106 | Batch 001 | LR: 0.00082 | Loss: 0.0753 | GradNorm: 0.3902 | Batch P@10: 40.0%
2026-03-14 01:48:44,853 [INFO] E106 | Batch 002 | LR: 0.00082 | Loss: 0.0689 | GradNorm: 0.3422 | Batch P@10: 60.0%
2026-03-14 01:48:48,940 [INFO] E106 | Batch 003 | LR: 0.00081 | Loss: 0.0944 | GradNorm: 0.5830 | Batch P@10: 40.0%
2026-03-14 01:48:52,880 [INFO] E106 | Batch 004 | LR: 0.00081 | Loss: 0.0686 | GradNorm: 0.3790 | Batch P@10: 70.0%
2026-03-14 01:48:56,800 [INFO] E106 | Batch 005 | LR: 0.00081 | Loss: 0.0655 | GradNorm: 0.7252 | Batch P@10: 50.0%
2026-03-14 01:49:00,829 [INFO] E106 | Batch 006 | LR: 0.00081 | Loss: 0.0573 | GradNorm: 0.5927 | Batch P@10: 60.0%
2026-03-14 01:49:04,844 [INFO] E106 | Batch 007 | LR: 0.00080 | Loss: 0.0652 | GradNorm: 0.9228 | Batch P@10: 70.0%
2026-03-14 01:49:08,979 [INFO] E106 | Batch 008 | LR: 0.00080 | Loss: 0.0719 | GradNorm: 0.6272 | Batch P@10: 50.0%
2026-03-14 01:49:12,931 [INFO] E106 | Batch 009 | LR: 0.00080 | Loss: 0.0604 | GradNorm: 0.5674 | Batch P@10: 60.0%
2026-03-14 01:49:16,895 [INFO] E106 | Batch 010 | LR: 0.00080 | Loss: 0.0598 | GradNorm: 0.6276 | Batch P@10: 50.0%
2026-03-14 01:49:20,990 [INFO] E106 | Batch 011 | LR: 0.00080 | Loss: 0.0637 | GradNorm: 0.8457 | Batch P@10: 40.0%
2026-03-14 01:49:25,181 [INFO] E106 | Batch 012 | LR: 0.00079 | Loss: 0.0605 | GradNorm: 0.4835 | Batch P@10: 50.0%
2026-03-14 01:49:29,259 [INFO] E106 | Batch 013 | LR: 0.00079 | Loss: 0.0640 | GradNorm: 0.3293 | Batch P@10: 60.0%
2026-03-14 01:49:33,250 [INFO] E106 | Batch 014 | LR: 0.00079 | Loss: 0.0642 | GradNorm: 0.5463 | Batch P@10: 50.0%
2026-03-14 01:49:37,372 [INFO] E106 | Batch 015 | LR: 0.00079 | Loss: 0.0652 | GradNorm: 0.6203 | Batch P@10: 50.0%
2026-03-14 01:49:41,370 [INFO] E106 | Batch 016 | LR: 0.00078 | Loss: 0.0667 | GradNorm: 0.9951 | Batch P@10: 40.0%
2026-03-14 01:49:45,559 [INFO] E106 | Batch 017 | LR: 0.00078 | Loss: 0.0675 | GradNorm: 0.8976 | Batch P@10: 50.0%
2026-03-14 01:49:49,581 [INFO] E106 | Batch 018 | LR: 0.00078 | Loss: 0.0691 | GradNorm: 0.6742 | Batch P@10: 40.0%
2026-03-14 01:49:53,669 [INFO] E106 | Batch 019 | LR: 0.00078 | Loss: 0.0613 | GradNorm: 0.3429 | Batch P@10: 70.0%
2026-03-14 01:49:57,601 [INFO] E106 | Batch 020 | LR: 0.00077 | Loss: 0.0585 | GradNorm: 0.8209 | Batch P@10: 60.0%
2026-03-14 01:50:01,833 [INFO] E106 | Batch 021 | LR: 0.00077 | Loss: 0.0667 | GradNorm: 0.3326 | Batch P@10: 50.0%
2026-03-14 01:50:06,021 [INFO] E106 | Batch 022 | LR: 0.00077 | Loss: 0.0645 | GradNorm: 0.2911 | Batch P@10: 60.0%
2026-03-14 01:50:10,105 [INFO] E106 | Batch 023 | LR: 0.00077 | Loss: 0.0673 | GradNorm: 0.7086 | Batch P@10: 60.0%
2026-03-14 01:50:14,077 [INFO] E106 | Batch 024 | LR: 0.00077 | Loss: 0.0645 | GradNorm: 0.6733 | Batch P@10: 40.0%
2026-03-14 01:50:18,039 [INFO] E106 | Batch 025 | LR: 0.00076 | Loss: 0.0589 | GradNorm: 0.2933 | Batch P@10: 50.0%
2026-03-14 01:50:21,987 [INFO] E106 | Batch 026 | LR: 0.00076 | Loss: 0.0569 | GradNorm: 0.6841 | Batch P@10: 60.0%
2026-03-14 01:50:26,004 [INFO] E106 | Batch 027 | LR: 0.00076 | Loss: 0.0586 | GradNorm: 0.5245 | Batch P@10: 40.0%
2026-03-14 01:50:30,103 [INFO] E106 | Batch 028 | LR: 0.00076 | Loss: 0.0649 | GradNorm: 1.2851 | Batch P@10: 40.0%
2026-03-14 01:50:34,054 [INFO] E106 | Batch 029 | LR: 0.00075 | Loss: 0.0727 | GradNorm: 0.7684 | Batch P@10: 40.0%
2026-03-14 01:50:38,090 [INFO] E106 | Batch 030 | LR: 0.00075 | Loss: 0.0611 | GradNorm: 0.2829 | Batch P@10: 30.0%
2026-03-14 01:50:42,021 [INFO] E106 | Batch 031 | LR: 0.00075 | Loss: 0.0556 | GradNorm: 0.5477 | Batch P@10: 50.0%
2026-03-14 01:50:45,998 [INFO] E106 | Batch 032 | LR: 0.00075 | Loss: 0.0650 | GradNorm: 0.3463 | Batch P@10: 40.0%
2026-03-14 01:50:49,956 [INFO] E106 | Batch 033 | LR: 0.00074 | Loss: 0.0765 | GradNorm: 0.5151 | Batch P@10: 70.0%
2026-03-14 01:50:53,887 [INFO] E106 | Batch 034 | LR: 0.00074 | Loss: 0.0722 | GradNorm: 0.4861 | Batch P@10: 50.0%
2026-03-14 01:50:58,030 [INFO] E106 | Batch 035 | LR: 0.00074 | Loss: 0.0657 | GradNorm: 0.7158 | Batch P@10: 70.0%
2026-03-14 01:51:02,064 [INFO] E106 | Batch 036 | LR: 0.00074 | Loss: 0.0717 | GradNorm: 0.2713 | Batch P@10: 50.0%
2026-03-14 01:51:06,015 [INFO] E106 | Batch 037 | LR: 0.00074 | Loss: 0.0652 | GradNorm: 0.6256 | Batch P@10: 50.0%
2026-03-14 01:51:14,411 [INFO] 
---> FIM DA ÉPOCA 106 | Val P@10: 50.3941% | Loss Média: 0.0641 | Grad Médio: 0.5855 | Recorde Geral: 50.7389% <---

2026-03-14 01:51:18,670 [INFO] E107 | Batch 001 | LR: 0.00073 | Loss: 0.0600 | GradNorm: 0.5204 | Batch P@10: 70.0%
2026-03-14 01:51:22,632 [INFO] E107 | Batch 002 | LR: 0.00073 | Loss: 0.0619 | GradNorm: 0.5789 | Batch P@10: 70.0%
2026-03-14 01:51:26,566 [INFO] E107 | Batch 003 | LR: 0.00073 | Loss: 0.0703 | GradNorm: 0.6158 | Batch P@10: 50.0%
2026-03-14 01:51:30,678 [INFO] E107 | Batch 004 | LR: 0.00073 | Loss: 0.0706 | GradNorm: 0.2711 | Batch P@10: 30.0%
2026-03-14 01:51:34,894 [INFO] E107 | Batch 005 | LR: 0.00072 | Loss: 0.0733 | GradNorm: 0.2016 | Batch P@10: 50.0%
2026-03-14 01:51:38,878 [INFO] E107 | Batch 006 | LR: 0.00072 | Loss: 0.0579 | GradNorm: 0.4462 | Batch P@10: 40.0%
2026-03-14 01:51:42,852 [INFO] E107 | Batch 007 | LR: 0.00072 | Loss: 0.0750 | GradNorm: 0.8453 | Batch P@10: 50.0%
2026-03-14 01:51:46,871 [INFO] E107 | Batch 008 | LR: 0.00072 | Loss: 0.0616 | GradNorm: 0.6679 | Batch P@10: 60.0%
2026-03-14 01:51:50,877 [INFO] E107 | Batch 009 | LR: 0.00072 | Loss: 0.0828 | GradNorm: 0.5476 | Batch P@10: 40.0%
2026-03-14 01:51:54,840 [INFO] E107 | Batch 010 | LR: 0.00071 | Loss: 0.0594 | GradNorm: 0.1475 | Batch P@10: 50.0%
2026-03-14 01:51:58,863 [INFO] E107 | Batch 011 | LR: 0.00071 | Loss: 0.1000 | GradNorm: 0.7807 | Batch P@10: 40.0%
2026-03-14 01:52:02,881 [INFO] E107 | Batch 012 | LR: 0.00071 | Loss: 0.0784 | GradNorm: 1.0432 | Batch P@10: 50.0%
2026-03-14 01:52:06,851 [INFO] E107 | Batch 013 | LR: 0.00071 | Loss: 0.0723 | GradNorm: 1.4592 | Batch P@10: 80.0%
2026-03-14 01:52:10,844 [INFO] E107 | Batch 014 | LR: 0.00070 | Loss: 0.0704 | GradNorm: 1.1365 | Batch P@10: 40.0%
2026-03-14 01:52:14,871 [INFO] E107 | Batch 015 | LR: 0.00070 | Loss: 0.0649 | GradNorm: 0.2151 | Batch P@10: 50.0%
2026-03-14 01:52:18,935 [INFO] E107 | Batch 016 | LR: 0.00070 | Loss: 0.0573 | GradNorm: 0.5058 | Batch P@10: 60.0%
2026-03-14 01:52:22,852 [INFO] E107 | Batch 017 | LR: 0.00070 | Loss: 0.0629 | GradNorm: 0.7546 | Batch P@10: 70.0%
2026-03-14 01:52:26,923 [INFO] E107 | Batch 018 | LR: 0.00070 | Loss: 0.1270 | GradNorm: 0.7372 | Batch P@10: 50.0%
2026-03-14 01:52:30,869 [INFO] E107 | Batch 019 | LR: 0.00069 | Loss: 0.0731 | GradNorm: 0.8055 | Batch P@10: 50.0%
2026-03-14 01:52:34,888 [INFO] E107 | Batch 020 | LR: 0.00069 | Loss: 0.0599 | GradNorm: 0.7254 | Batch P@10: 60.0%
2026-03-14 01:52:38,809 [INFO] E107 | Batch 021 | LR: 0.00069 | Loss: 0.0639 | GradNorm: 0.5590 | Batch P@10: 60.0%
2026-03-14 01:52:42,743 [INFO] E107 | Batch 022 | LR: 0.00069 | Loss: 0.0586 | GradNorm: 0.3553 | Batch P@10: 50.0%
2026-03-14 01:52:46,805 [INFO] E107 | Batch 023 | LR: 0.00069 | Loss: 0.0669 | GradNorm: 0.2924 | Batch P@10: 40.0%
2026-03-14 01:52:50,856 [INFO] E107 | Batch 024 | LR: 0.00068 | Loss: 0.0723 | GradNorm: 0.2489 | Batch P@10: 60.0%
2026-03-14 01:52:54,803 [INFO] E107 | Batch 025 | LR: 0.00068 | Loss: 0.0624 | GradNorm: 0.8177 | Batch P@10: 50.0%
2026-03-14 01:52:58,763 [INFO] E107 | Batch 026 | LR: 0.00068 | Loss: 0.0569 | GradNorm: 2.9027 | Batch P@10: 40.0%
2026-03-14 01:53:02,882 [INFO] E107 | Batch 027 | LR: 0.00068 | Loss: 0.0600 | GradNorm: 1.0987 | Batch P@10: 60.0%
2026-03-14 01:53:07,026 [INFO] E107 | Batch 028 | LR: 0.00067 | Loss: 0.0587 | GradNorm: 0.9557 | Batch P@10: 40.0%
2026-03-14 01:53:11,033 [INFO] E107 | Batch 029 | LR: 0.00067 | Loss: 0.0682 | GradNorm: 1.6847 | Batch P@10: 50.0%
2026-03-14 01:53:15,246 [INFO] E107 | Batch 030 | LR: 0.00067 | Loss: 0.0556 | GradNorm: 0.3062 | Batch P@10: 80.0%
2026-03-14 01:53:19,222 [INFO] E107 | Batch 031 | LR: 0.00067 | Loss: 0.0731 | GradNorm: 0.8504 | Batch P@10: 50.0%
2026-03-14 01:53:23,166 [INFO] E107 | Batch 032 | LR: 0.00067 | Loss: 0.0662 | GradNorm: 0.7951 | Batch P@10: 50.0%
2026-03-14 01:53:27,256 [INFO] E107 | Batch 033 | LR: 0.00066 | Loss: 0.0624 | GradNorm: 0.4992 | Batch P@10: 60.0%
2026-03-14 01:53:31,191 [INFO] E107 | Batch 034 | LR: 0.00066 | Loss: 0.0528 | GradNorm: 0.7235 | Batch P@10: 60.0%
2026-03-14 01:53:35,188 [INFO] E107 | Batch 035 | LR: 0.00066 | Loss: 0.0799 | GradNorm: 0.6510 | Batch P@10: 50.0%
2026-03-14 01:53:39,130 [INFO] E107 | Batch 036 | LR: 0.00066 | Loss: 0.0648 | GradNorm: 0.2453 | Batch P@10: 50.0%
2026-03-14 01:53:43,083 [INFO] E107 | Batch 037 | LR: 0.00065 | Loss: 0.0598 | GradNorm: 0.4086 | Batch P@10: 70.0%
2026-03-14 01:53:51,313 [INFO] 
---> FIM DA ÉPOCA 107 | Val P@10: 50.0985% | Loss Média: 0.0664 | Grad Médio: 0.7135 | Recorde Geral: 50.7389% <---

2026-03-14 01:53:55,491 [INFO] E108 | Batch 001 | LR: 0.00065 | Loss: 0.0909 | GradNorm: 0.5051 | Batch P@10: 50.0%
2026-03-14 01:53:59,437 [INFO] E108 | Batch 002 | LR: 0.00065 | Loss: 0.0579 | GradNorm: 0.6830 | Batch P@10: 70.0%
2026-03-14 01:54:03,406 [INFO] E108 | Batch 003 | LR: 0.00065 | Loss: 0.0811 | GradNorm: 2.2615 | Batch P@10: 60.0%
2026-03-14 01:54:07,347 [INFO] E108 | Batch 004 | LR: 0.00065 | Loss: 0.0654 | GradNorm: 1.7913 | Batch P@10: 70.0%
2026-03-14 01:54:11,305 [INFO] E108 | Batch 005 | LR: 0.00064 | Loss: 0.0582 | GradNorm: 3.0060 | Batch P@10: 40.0%
2026-03-14 01:54:15,259 [INFO] E108 | Batch 006 | LR: 0.00064 | Loss: 0.0676 | GradNorm: 2.0467 | Batch P@10: 40.0%
2026-03-14 01:54:19,220 [INFO] E108 | Batch 007 | LR: 0.00064 | Loss: 0.0640 | GradNorm: 1.4548 | Batch P@10: 40.0%
2026-03-14 01:54:23,178 [INFO] E108 | Batch 008 | LR: 0.00064 | Loss: 0.0771 | GradNorm: 0.1753 | Batch P@10: 50.0%
2026-03-14 01:54:27,141 [INFO] E108 | Batch 009 | LR: 0.00064 | Loss: 0.0704 | GradNorm: 0.8900 | Batch P@10: 60.0%
2026-03-14 01:54:31,078 [INFO] E108 | Batch 010 | LR: 0.00063 | Loss: 0.0633 | GradNorm: 0.6614 | Batch P@10: 40.0%
2026-03-14 01:54:35,041 [INFO] E108 | Batch 011 | LR: 0.00063 | Loss: 0.0744 | GradNorm: 0.8699 | Batch P@10: 70.0%
2026-03-14 01:54:39,033 [INFO] E108 | Batch 012 | LR: 0.00063 | Loss: 0.0755 | GradNorm: 0.6880 | Batch P@10: 60.0%
2026-03-14 01:54:42,967 [INFO] E108 | Batch 013 | LR: 0.00063 | Loss: 0.0705 | GradNorm: 0.7954 | Batch P@10: 60.0%
2026-03-14 01:54:47,088 [INFO] E108 | Batch 014 | LR: 0.00063 | Loss: 0.1058 | GradNorm: 0.7416 | Batch P@10: 40.0%
2026-03-14 01:54:51,021 [INFO] E108 | Batch 015 | LR: 0.00062 | Loss: 0.0728 | GradNorm: 0.7387 | Batch P@10: 60.0%
2026-03-14 01:54:55,025 [INFO] E108 | Batch 016 | LR: 0.00062 | Loss: 0.0602 | GradNorm: 0.5542 | Batch P@10: 70.0%
2026-03-14 01:54:59,157 [INFO] E108 | Batch 017 | LR: 0.00062 | Loss: 0.0631 | GradNorm: 0.6412 | Batch P@10: 60.0%
2026-03-14 01:55:03,218 [INFO] E108 | Batch 018 | LR: 0.00062 | Loss: 0.0549 | GradNorm: 1.7365 | Batch P@10: 60.0%
2026-03-14 01:55:07,245 [INFO] E108 | Batch 019 | LR: 0.00062 | Loss: 0.0593 | GradNorm: 1.2741 | Batch P@10: 90.0%
2026-03-14 01:55:11,392 [INFO] E108 | Batch 020 | LR: 0.00061 | Loss: 0.1022 | GradNorm: 0.6215 | Batch P@10: 50.0%
2026-03-14 01:55:15,523 [INFO] E108 | Batch 021 | LR: 0.00061 | Loss: 0.0651 | GradNorm: 0.6302 | Batch P@10: 50.0%
2026-03-14 01:55:19,491 [INFO] E108 | Batch 022 | LR: 0.00061 | Loss: 0.0665 | GradNorm: 0.4004 | Batch P@10: 20.0%
2026-03-14 01:55:23,520 [INFO] E108 | Batch 023 | LR: 0.00061 | Loss: 0.0624 | GradNorm: 0.6026 | Batch P@10: 60.0%
2026-03-14 01:55:27,608 [INFO] E108 | Batch 024 | LR: 0.00060 | Loss: 0.0652 | GradNorm: 0.5707 | Batch P@10: 60.0%
2026-03-14 01:55:31,733 [INFO] E108 | Batch 025 | LR: 0.00060 | Loss: 0.0652 | GradNorm: 0.1860 | Batch P@10: 50.0%
2026-03-14 01:55:35,684 [INFO] E108 | Batch 026 | LR: 0.00060 | Loss: 0.0567 | GradNorm: 0.7078 | Batch P@10: 70.0%
2026-03-14 01:55:39,619 [INFO] E108 | Batch 027 | LR: 0.00060 | Loss: 0.0575 | GradNorm: 0.4632 | Batch P@10: 70.0%
2026-03-14 01:55:43,617 [INFO] E108 | Batch 028 | LR: 0.00060 | Loss: 0.0665 | GradNorm: 0.1822 | Batch P@10: 60.0%
2026-03-14 01:55:47,556 [INFO] E108 | Batch 029 | LR: 0.00059 | Loss: 0.0612 | GradNorm: 0.5686 | Batch P@10: 80.0%
2026-03-14 01:55:51,492 [INFO] E108 | Batch 030 | LR: 0.00059 | Loss: 0.0732 | GradNorm: 0.4920 | Batch P@10: 60.0%
2026-03-14 01:55:55,452 [INFO] E108 | Batch 031 | LR: 0.00059 | Loss: 0.0732 | GradNorm: 0.2731 | Batch P@10: 70.0%
2026-03-14 01:55:59,402 [INFO] E108 | Batch 032 | LR: 0.00059 | Loss: 0.0719 | GradNorm: 0.6412 | Batch P@10: 50.0%
2026-03-14 01:56:03,467 [INFO] E108 | Batch 033 | LR: 0.00059 | Loss: 0.0654 | GradNorm: 3.1126 | Batch P@10: 70.0%
2026-03-14 01:56:07,432 [INFO] E108 | Batch 034 | LR: 0.00058 | Loss: 0.0610 | GradNorm: 1.8614 | Batch P@10: 40.0%
2026-03-14 01:56:11,532 [INFO] E108 | Batch 035 | LR: 0.00058 | Loss: 0.0686 | GradNorm: 0.6990 | Batch P@10: 50.0%
2026-03-14 01:56:15,455 [INFO] E108 | Batch 036 | LR: 0.00058 | Loss: 0.0611 | GradNorm: 0.9014 | Batch P@10: 60.0%
2026-03-14 01:56:19,379 [INFO] E108 | Batch 037 | LR: 0.00058 | Loss: 0.0644 | GradNorm: 0.3526 | Batch P@10: 50.0%
2026-03-14 01:56:27,760 [INFO] 
---> FIM DA ÉPOCA 108 | Val P@10: 51.0837% | Loss Média: 0.0668 | Grad Médio: 0.9400 | Recorde Geral: 51.0837% <---

2026-03-14 01:56:27,769 [INFO] 💎 NOVO RECORDE RETREINO 64: 51.1%
2026-03-14 01:56:31,845 [INFO] E109 | Batch 001 | LR: 0.00058 | Loss: 0.0706 | GradNorm: 0.4177 | Batch P@10: 40.0%
2026-03-14 01:56:35,877 [INFO] E109 | Batch 002 | LR: 0.00057 | Loss: 0.0760 | GradNorm: 0.3476 | Batch P@10: 50.0%
2026-03-14 01:56:39,845 [INFO] E109 | Batch 003 | LR: 0.00057 | Loss: 0.0560 | GradNorm: 0.7719 | Batch P@10: 40.0%
2026-03-14 01:56:43,757 [INFO] E109 | Batch 004 | LR: 0.00057 | Loss: 0.0684 | GradNorm: 0.8263 | Batch P@10: 30.0%
2026-03-14 01:56:47,780 [INFO] E109 | Batch 005 | LR: 0.00057 | Loss: 0.1203 | GradNorm: 0.6550 | Batch P@10: 40.0%
2026-03-14 01:56:51,847 [INFO] E109 | Batch 006 | LR: 0.00057 | Loss: 0.0662 | GradNorm: 0.6775 | Batch P@10: 60.0%
2026-03-14 01:56:55,954 [INFO] E109 | Batch 007 | LR: 0.00056 | Loss: 0.0698 | GradNorm: 0.4331 | Batch P@10: 50.0%
2026-03-14 01:56:59,976 [INFO] E109 | Batch 008 | LR: 0.00056 | Loss: 0.0605 | GradNorm: 0.4392 | Batch P@10: 50.0%
2026-03-14 01:57:03,974 [INFO] E109 | Batch 009 | LR: 0.00056 | Loss: 0.0547 | GradNorm: 0.5458 | Batch P@10: 70.0%
2026-03-14 01:57:08,112 [INFO] E109 | Batch 010 | LR: 0.00056 | Loss: 0.0761 | GradNorm: 0.9666 | Batch P@10: 50.0%
2026-03-14 01:57:12,073 [INFO] E109 | Batch 011 | LR: 0.00056 | Loss: 0.0564 | GradNorm: 0.2720 | Batch P@10: 70.0%
2026-03-14 01:57:16,172 [INFO] E109 | Batch 012 | LR: 0.00055 | Loss: 0.0606 | GradNorm: 2.9950 | Batch P@10: 30.0%
2026-03-14 01:57:20,152 [INFO] E109 | Batch 013 | LR: 0.00055 | Loss: 0.0837 | GradNorm: 1.2606 | Batch P@10: 50.0%
2026-03-14 01:57:24,295 [INFO] E109 | Batch 014 | LR: 0.00055 | Loss: 0.0656 | GradNorm: 1.0680 | Batch P@10: 70.0%
2026-03-14 01:57:28,307 [INFO] E109 | Batch 015 | LR: 0.00055 | Loss: 0.0760 | GradNorm: 0.2669 | Batch P@10: 30.0%
2026-03-14 01:57:32,420 [INFO] E109 | Batch 016 | LR: 0.00055 | Loss: 0.0698 | GradNorm: 0.2194 | Batch P@10: 40.0%
2026-03-14 01:57:36,426 [INFO] E109 | Batch 017 | LR: 0.00054 | Loss: 0.0569 | GradNorm: 0.5377 | Batch P@10: 70.0%
2026-03-14 01:57:40,435 [INFO] E109 | Batch 018 | LR: 0.00054 | Loss: 0.0651 | GradNorm: 0.7483 | Batch P@10: 50.0%
2026-03-14 01:57:44,594 [INFO] E109 | Batch 019 | LR: 0.00054 | Loss: 0.0890 | GradNorm: 0.4132 | Batch P@10: 50.0%
2026-03-14 01:57:48,534 [INFO] E109 | Batch 020 | LR: 0.00054 | Loss: 0.0604 | GradNorm: 0.9217 | Batch P@10: 50.0%
2026-03-14 01:57:52,612 [INFO] E109 | Batch 021 | LR: 0.00054 | Loss: 0.0623 | GradNorm: 0.7569 | Batch P@10: 50.0%
2026-03-14 01:57:56,699 [INFO] E109 | Batch 022 | LR: 0.00053 | Loss: 0.0639 | GradNorm: 0.7680 | Batch P@10: 50.0%
2026-03-14 01:58:00,662 [INFO] E109 | Batch 023 | LR: 0.00053 | Loss: 0.0643 | GradNorm: 0.7126 | Batch P@10: 30.0%
2026-03-14 01:58:04,773 [INFO] E109 | Batch 024 | LR: 0.00053 | Loss: 0.0730 | GradNorm: 1.0690 | Batch P@10: 40.0%
2026-03-14 01:58:08,820 [INFO] E109 | Batch 025 | LR: 0.00053 | Loss: 0.0617 | GradNorm: 0.3216 | Batch P@10: 70.0%
2026-03-14 01:58:12,883 [INFO] E109 | Batch 026 | LR: 0.00053 | Loss: 0.0595 | GradNorm: 0.7226 | Batch P@10: 50.0%
2026-03-14 01:58:16,833 [INFO] E109 | Batch 027 | LR: 0.00053 | Loss: 0.0739 | GradNorm: 1.5092 | Batch P@10: 50.0%
2026-03-14 01:58:20,860 [INFO] E109 | Batch 028 | LR: 0.00052 | Loss: 0.0848 | GradNorm: 2.1862 | Batch P@10: 60.0%
2026-03-14 01:58:24,768 [INFO] E109 | Batch 029 | LR: 0.00052 | Loss: 0.0600 | GradNorm: 2.6476 | Batch P@10: 60.0%
2026-03-14 01:58:28,810 [INFO] E109 | Batch 030 | LR: 0.00052 | Loss: 0.0671 | GradNorm: 0.1331 | Batch P@10: 60.0%
2026-03-14 01:58:32,836 [INFO] E109 | Batch 031 | LR: 0.00052 | Loss: 0.0567 | GradNorm: 0.2754 | Batch P@10: 50.0%
2026-03-14 01:58:36,917 [INFO] E109 | Batch 032 | LR: 0.00052 | Loss: 0.0527 | GradNorm: 0.2380 | Batch P@10: 60.0%
2026-03-14 01:58:41,004 [INFO] E109 | Batch 033 | LR: 0.00051 | Loss: 0.0705 | GradNorm: 1.0730 | Batch P@10: 60.0%
2026-03-14 01:58:45,049 [INFO] E109 | Batch 034 | LR: 0.00051 | Loss: 0.0596 | GradNorm: 0.5556 | Batch P@10: 60.0%
2026-03-14 01:58:49,159 [INFO] E109 | Batch 035 | LR: 0.00051 | Loss: 0.0535 | GradNorm: 0.2532 | Batch P@10: 70.0%
2026-03-14 01:58:53,142 [INFO] E109 | Batch 036 | LR: 0.00051 | Loss: 0.0688 | GradNorm: 0.4989 | Batch P@10: 60.0%
2026-03-14 01:58:57,080 [INFO] E109 | Batch 037 | LR: 0.00051 | Loss: 0.0710 | GradNorm: 0.4512 | Batch P@10: 50.0%
2026-03-14 01:59:05,399 [INFO] 
---> FIM DA ÉPOCA 109 | Val P@10: 50.4926% | Loss Média: 0.0659 | Grad Médio: 0.7826 | Recorde Geral: 51.0837% <---

2026-03-14 01:59:09,518 [INFO] E110 | Batch 001 | LR: 0.00050 | Loss: 0.0648 | GradNorm: 0.3934 | Batch P@10: 50.0%
2026-03-14 01:59:13,536 [INFO] E110 | Batch 002 | LR: 0.00050 | Loss: 0.0672 | GradNorm: 0.7028 | Batch P@10: 40.0%
2026-03-14 01:59:17,554 [INFO] E110 | Batch 003 | LR: 0.00050 | Loss: 0.0681 | GradNorm: 0.8170 | Batch P@10: 60.0%
2026-03-14 01:59:21,524 [INFO] E110 | Batch 004 | LR: 0.00050 | Loss: 0.0577 | GradNorm: 0.7185 | Batch P@10: 60.0%
2026-03-14 01:59:25,663 [INFO] E110 | Batch 005 | LR: 0.00050 | Loss: 0.0587 | GradNorm: 0.8262 | Batch P@10: 40.0%
2026-03-14 01:59:29,616 [INFO] E110 | Batch 006 | LR: 0.00049 | Loss: 0.0634 | GradNorm: 0.2156 | Batch P@10: 40.0%
2026-03-14 01:59:33,709 [INFO] E110 | Batch 007 | LR: 0.00049 | Loss: 0.0703 | GradNorm: 0.2187 | Batch P@10: 60.0%
2026-03-14 01:59:37,691 [INFO] E110 | Batch 008 | LR: 0.00049 | Loss: 0.0621 | GradNorm: 0.2287 | Batch P@10: 70.0%
2026-03-14 01:59:41,710 [INFO] E110 | Batch 009 | LR: 0.00049 | Loss: 0.0642 | GradNorm: 0.9961 | Batch P@10: 60.0%
2026-03-14 01:59:45,714 [INFO] E110 | Batch 010 | LR: 0.00049 | Loss: 0.0608 | GradNorm: 0.4333 | Batch P@10: 60.0%
2026-03-14 01:59:49,699 [INFO] E110 | Batch 011 | LR: 0.00049 | Loss: 0.0799 | GradNorm: 1.9498 | Batch P@10: 50.0%
2026-03-14 01:59:53,733 [INFO] E110 | Batch 012 | LR: 0.00048 | Loss: 0.0619 | GradNorm: 1.6815 | Batch P@10: 60.0%
2026-03-14 01:59:57,754 [INFO] E110 | Batch 013 | LR: 0.00048 | Loss: 0.0663 | GradNorm: 0.2015 | Batch P@10: 60.0%
2026-03-14 02:00:01,722 [INFO] E110 | Batch 014 | LR: 0.00048 | Loss: 0.0896 | GradNorm: 0.6621 | Batch P@10: 60.0%
2026-03-14 02:00:05,706 [INFO] E110 | Batch 015 | LR: 0.00048 | Loss: 0.0691 | GradNorm: 0.2683 | Batch P@10: 40.0%
2026-03-14 02:00:09,735 [INFO] E110 | Batch 016 | LR: 0.00048 | Loss: 0.0648 | GradNorm: 0.7067 | Batch P@10: 60.0%
2026-03-14 02:00:13,707 [INFO] E110 | Batch 017 | LR: 0.00047 | Loss: 0.0685 | GradNorm: 0.7042 | Batch P@10: 40.0%
2026-03-14 02:00:17,862 [INFO] E110 | Batch 018 | LR: 0.00047 | Loss: 0.0649 | GradNorm: 0.4096 | Batch P@10: 40.0%
2026-03-14 02:00:21,900 [INFO] E110 | Batch 019 | LR: 0.00047 | Loss: 0.0608 | GradNorm: 0.4116 | Batch P@10: 50.0%
2026-03-14 02:00:25,869 [INFO] E110 | Batch 020 | LR: 0.00047 | Loss: 0.0646 | GradNorm: 0.7428 | Batch P@10: 60.0%
2026-03-14 02:00:29,822 [INFO] E110 | Batch 021 | LR: 0.00047 | Loss: 0.0705 | GradNorm: 0.5002 | Batch P@10: 70.0%
2026-03-14 02:00:33,955 [INFO] E110 | Batch 022 | LR: 0.00047 | Loss: 0.0571 | GradNorm: 0.5160 | Batch P@10: 70.0%
2026-03-14 02:00:37,917 [INFO] E110 | Batch 023 | LR: 0.00046 | Loss: 0.0579 | GradNorm: 0.4108 | Batch P@10: 60.0%
2026-03-14 02:00:41,871 [INFO] E110 | Batch 024 | LR: 0.00046 | Loss: 0.0502 | GradNorm: 0.1600 | Batch P@10: 70.0%
2026-03-14 02:00:45,964 [INFO] E110 | Batch 025 | LR: 0.00046 | Loss: 0.0592 | GradNorm: 0.1767 | Batch P@10: 50.0%
2026-03-14 02:00:50,115 [INFO] E110 | Batch 026 | LR: 0.00046 | Loss: 0.0585 | GradNorm: 0.3108 | Batch P@10: 50.0%
2026-03-14 02:00:54,087 [INFO] E110 | Batch 027 | LR: 0.00046 | Loss: 0.0587 | GradNorm: 1.1490 | Batch P@10: 50.0%
2026-03-14 02:00:58,212 [INFO] E110 | Batch 028 | LR: 0.00045 | Loss: 0.0579 | GradNorm: 0.7847 | Batch P@10: 60.0%
2026-03-14 02:01:02,368 [INFO] E110 | Batch 029 | LR: 0.00045 | Loss: 0.0587 | GradNorm: 3.0914 | Batch P@10: 30.0%
2026-03-14 02:01:06,377 [INFO] E110 | Batch 030 | LR: 0.00045 | Loss: 0.0560 | GradNorm: 0.2434 | Batch P@10: 60.0%
2026-03-14 02:01:10,561 [INFO] E110 | Batch 031 | LR: 0.00045 | Loss: 0.0513 | GradNorm: 0.2181 | Batch P@10: 70.0%
2026-03-14 02:01:14,640 [INFO] E110 | Batch 032 | LR: 0.00045 | Loss: 0.0560 | GradNorm: 0.6489 | Batch P@10: 70.0%
2026-03-14 02:01:18,617 [INFO] E110 | Batch 033 | LR: 0.00045 | Loss: 0.0623 | GradNorm: 0.5111 | Batch P@10: 60.0%
2026-03-14 02:01:22,555 [INFO] E110 | Batch 034 | LR: 0.00044 | Loss: 0.0643 | GradNorm: 0.3692 | Batch P@10: 30.0%
2026-03-14 02:01:26,549 [INFO] E110 | Batch 035 | LR: 0.00044 | Loss: 0.0741 | GradNorm: 0.4787 | Batch P@10: 80.0%
2026-03-14 02:01:30,603 [INFO] E110 | Batch 036 | LR: 0.00044 | Loss: 0.0658 | GradNorm: 0.5385 | Batch P@10: 70.0%
2026-03-14 02:01:34,655 [INFO] E110 | Batch 037 | LR: 0.00044 | Loss: 0.0659 | GradNorm: 0.2377 | Batch P@10: 40.0%
2026-03-14 02:01:43,005 [INFO] 
---> FIM DA ÉPOCA 110 | Val P@10: 50.8374% | Loss Média: 0.0619 | Grad Médio: 0.6388 | Recorde Geral: 51.0837% <---

2026-03-14 02:01:47,138 [INFO] E111 | Batch 001 | LR: 0.00044 | Loss: 0.0689 | GradNorm: 0.5705 | Batch P@10: 60.0%
2026-03-14 02:01:51,263 [INFO] E111 | Batch 002 | LR: 0.00044 | Loss: 0.0639 | GradNorm: 0.5575 | Batch P@10: 50.0%
2026-03-14 02:01:55,231 [INFO] E111 | Batch 003 | LR: 0.00043 | Loss: 0.0552 | GradNorm: 0.6892 | Batch P@10: 70.0%
2026-03-14 02:01:59,161 [INFO] E111 | Batch 004 | LR: 0.00043 | Loss: 0.0588 | GradNorm: 0.3502 | Batch P@10: 60.0%
2026-03-14 02:02:03,127 [INFO] E111 | Batch 005 | LR: 0.00043 | Loss: 0.0626 | GradNorm: 0.8238 | Batch P@10: 70.0%
2026-03-14 02:02:07,250 [INFO] E111 | Batch 006 | LR: 0.00043 | Loss: 0.0699 | GradNorm: 0.3623 | Batch P@10: 60.0%
2026-03-14 02:02:11,347 [INFO] E111 | Batch 007 | LR: 0.00043 | Loss: 0.0688 | GradNorm: 0.3089 | Batch P@10: 40.0%
2026-03-14 02:02:15,289 [INFO] E111 | Batch 008 | LR: 0.00042 | Loss: 0.0643 | GradNorm: 0.5951 | Batch P@10: 30.0%
2026-03-14 02:02:19,225 [INFO] E111 | Batch 009 | LR: 0.00042 | Loss: 0.0726 | GradNorm: 1.4918 | Batch P@10: 30.0%
2026-03-14 02:02:23,225 [INFO] E111 | Batch 010 | LR: 0.00042 | Loss: 0.0742 | GradNorm: 0.7677 | Batch P@10: 20.0%
2026-03-14 02:02:27,287 [INFO] E111 | Batch 011 | LR: 0.00042 | Loss: 0.0568 | GradNorm: 0.3181 | Batch P@10: 70.0%
2026-03-14 02:02:31,318 [INFO] E111 | Batch 012 | LR: 0.00042 | Loss: 0.0615 | GradNorm: 0.5220 | Batch P@10: 40.0%
2026-03-14 02:02:35,248 [INFO] E111 | Batch 013 | LR: 0.00042 | Loss: 0.0587 | GradNorm: 0.4105 | Batch P@10: 30.0%
2026-03-14 02:02:39,169 [INFO] E111 | Batch 014 | LR: 0.00041 | Loss: 0.0613 | GradNorm: 0.1952 | Batch P@10: 50.0%
2026-03-14 02:02:43,154 [INFO] E111 | Batch 015 | LR: 0.00041 | Loss: 0.0663 | GradNorm: 0.1664 | Batch P@10: 60.0%
2026-03-14 02:02:47,090 [INFO] E111 | Batch 016 | LR: 0.00041 | Loss: 0.0699 | GradNorm: 0.4762 | Batch P@10: 60.0%
2026-03-14 02:02:51,081 [INFO] E111 | Batch 017 | LR: 0.00041 | Loss: 0.0610 | GradNorm: 0.9007 | Batch P@10: 40.0%
2026-03-14 02:02:55,152 [INFO] E111 | Batch 018 | LR: 0.00041 | Loss: 0.0533 | GradNorm: 0.3979 | Batch P@10: 50.0%
2026-03-14 02:02:59,240 [INFO] E111 | Batch 019 | LR: 0.00041 | Loss: 0.0605 | GradNorm: 0.3944 | Batch P@10: 50.0%
2026-03-14 02:03:03,238 [INFO] E111 | Batch 020 | LR: 0.00040 | Loss: 0.0973 | GradNorm: 0.7501 | Batch P@10: 70.0%
2026-03-14 02:03:07,184 [INFO] E111 | Batch 021 | LR: 0.00040 | Loss: 0.0631 | GradNorm: 0.4953 | Batch P@10: 70.0%
2026-03-14 02:03:11,160 [INFO] E111 | Batch 022 | LR: 0.00040 | Loss: 0.0621 | GradNorm: 0.2558 | Batch P@10: 60.0%
2026-03-14 02:03:15,129 [INFO] E111 | Batch 023 | LR: 0.00040 | Loss: 0.0659 | GradNorm: 0.5727 | Batch P@10: 40.0%
2026-03-14 02:03:19,116 [INFO] E111 | Batch 024 | LR: 0.00040 | Loss: 0.0638 | GradNorm: 0.4603 | Batch P@10: 50.0%
2026-03-14 02:03:23,118 [INFO] E111 | Batch 025 | LR: 0.00040 | Loss: 0.0712 | GradNorm: 0.2755 | Batch P@10: 70.0%
2026-03-14 02:03:27,120 [INFO] E111 | Batch 026 | LR: 0.00039 | Loss: 0.0823 | GradNorm: 0.2849 | Batch P@10: 60.0%
2026-03-14 02:03:31,085 [INFO] E111 | Batch 027 | LR: 0.00039 | Loss: 0.0635 | GradNorm: 0.3893 | Batch P@10: 50.0%
2026-03-14 02:03:35,080 [INFO] E111 | Batch 028 | LR: 0.00039 | Loss: 0.0650 | GradNorm: 0.3543 | Batch P@10: 60.0%
2026-03-14 02:03:39,071 [INFO] E111 | Batch 029 | LR: 0.00039 | Loss: 0.0617 | GradNorm: 0.3062 | Batch P@10: 70.0%
2026-03-14 02:03:43,063 [INFO] E111 | Batch 030 | LR: 0.00039 | Loss: 0.0656 | GradNorm: 0.4675 | Batch P@10: 50.0%
2026-03-14 02:03:47,015 [INFO] E111 | Batch 031 | LR: 0.00039 | Loss: 0.0595 | GradNorm: 0.6731 | Batch P@10: 60.0%
2026-03-14 02:03:51,125 [INFO] E111 | Batch 032 | LR: 0.00038 | Loss: 0.0599 | GradNorm: 0.3718 | Batch P@10: 50.0%
2026-03-14 02:03:55,225 [INFO] E111 | Batch 033 | LR: 0.00038 | Loss: 0.0743 | GradNorm: 0.2673 | Batch P@10: 40.0%
2026-03-14 02:03:59,235 [INFO] E111 | Batch 034 | LR: 0.00038 | Loss: 0.0632 | GradNorm: 0.3870 | Batch P@10: 60.0%
2026-03-14 02:04:03,304 [INFO] E111 | Batch 035 | LR: 0.00038 | Loss: 0.0601 | GradNorm: 0.5969 | Batch P@10: 50.0%
2026-03-14 02:04:07,461 [INFO] E111 | Batch 036 | LR: 0.00038 | Loss: 0.0572 | GradNorm: 1.1813 | Batch P@10: 40.0%
2026-03-14 02:04:11,402 [INFO] E111 | Batch 037 | LR: 0.00038 | Loss: 0.0644 | GradNorm: 0.7224 | Batch P@10: 50.0%
2026-03-14 02:04:19,912 [INFO] 
---> FIM DA ÉPOCA 111 | Val P@10: 51.5764% | Loss Média: 0.0634 | Grad Médio: 0.5165 | Recorde Geral: 51.5764% <---

2026-03-14 02:04:19,922 [INFO] 💎 NOVO RECORDE RETREINO 64: 51.6%
2026-03-14 02:04:24,059 [INFO] E112 | Batch 001 | LR: 0.00037 | Loss: 0.0615 | GradNorm: 0.5834 | Batch P@10: 50.0%
2026-03-14 02:04:28,182 [INFO] E112 | Batch 002 | LR: 0.00037 | Loss: 0.0663 | GradNorm: 1.3552 | Batch P@10: 60.0%
2026-03-14 02:04:32,280 [INFO] E112 | Batch 003 | LR: 0.00037 | Loss: 0.0612 | GradNorm: 0.3964 | Batch P@10: 50.0%
2026-03-14 02:04:36,257 [INFO] E112 | Batch 004 | LR: 0.00037 | Loss: 0.0591 | GradNorm: 0.3079 | Batch P@10: 70.0%
2026-03-14 02:04:40,289 [INFO] E112 | Batch 005 | LR: 0.00037 | Loss: 0.0635 | GradNorm: 0.2180 | Batch P@10: 50.0%
2026-03-14 02:04:44,417 [INFO] E112 | Batch 006 | LR: 0.00037 | Loss: 0.0743 | GradNorm: 0.3875 | Batch P@10: 60.0%
2026-03-14 02:04:48,419 [INFO] E112 | Batch 007 | LR: 0.00036 | Loss: 0.0969 | GradNorm: 0.2605 | Batch P@10: 50.0%
2026-03-14 02:04:52,537 [INFO] E112 | Batch 008 | LR: 0.00036 | Loss: 0.0544 | GradNorm: 0.8800 | Batch P@10: 40.0%
2026-03-14 02:04:56,675 [INFO] E112 | Batch 009 | LR: 0.00036 | Loss: 0.0528 | GradNorm: 0.4010 | Batch P@10: 30.0%
2026-03-14 02:05:00,702 [INFO] E112 | Batch 010 | LR: 0.00036 | Loss: 0.0627 | GradNorm: 1.2772 | Batch P@10: 60.0%
2026-03-14 02:05:04,751 [INFO] E112 | Batch 011 | LR: 0.00036 | Loss: 0.0596 | GradNorm: 0.7675 | Batch P@10: 50.0%
2026-03-14 02:05:08,803 [INFO] E112 | Batch 012 | LR: 0.00036 | Loss: 0.0595 | GradNorm: 0.4010 | Batch P@10: 50.0%
2026-03-14 02:05:12,860 [INFO] E112 | Batch 013 | LR: 0.00035 | Loss: 0.0597 | GradNorm: 0.2248 | Batch P@10: 60.0%
2026-03-14 02:05:16,838 [INFO] E112 | Batch 014 | LR: 0.00035 | Loss: 0.0631 | GradNorm: 0.1708 | Batch P@10: 50.0%
2026-03-14 02:05:20,999 [INFO] E112 | Batch 015 | LR: 0.00035 | Loss: 0.0716 | GradNorm: 0.5320 | Batch P@10: 80.0%
2026-03-14 02:05:25,102 [INFO] E112 | Batch 016 | LR: 0.00035 | Loss: 0.0601 | GradNorm: 0.4402 | Batch P@10: 70.0%
2026-03-14 02:05:29,114 [INFO] E112 | Batch 017 | LR: 0.00035 | Loss: 0.0639 | GradNorm: 0.7327 | Batch P@10: 40.0%
2026-03-14 02:05:33,230 [INFO] E112 | Batch 018 | LR: 0.00035 | Loss: 0.0687 | GradNorm: 0.7500 | Batch P@10: 50.0%
2026-03-14 02:05:37,194 [INFO] E112 | Batch 019 | LR: 0.00035 | Loss: 0.0672 | GradNorm: 0.6904 | Batch P@10: 40.0%
2026-03-14 02:05:41,164 [INFO] E112 | Batch 020 | LR: 0.00034 | Loss: 0.0604 | GradNorm: 0.2320 | Batch P@10: 40.0%
2026-03-14 02:05:45,237 [INFO] E112 | Batch 021 | LR: 0.00034 | Loss: 0.0614 | GradNorm: 0.8533 | Batch P@10: 70.0%
2026-03-14 02:05:49,263 [INFO] E112 | Batch 022 | LR: 0.00034 | Loss: 0.0818 | GradNorm: 0.2464 | Batch P@10: 50.0%
2026-03-14 02:05:53,408 [INFO] E112 | Batch 023 | LR: 0.00034 | Loss: 0.0690 | GradNorm: 1.0448 | Batch P@10: 60.0%
2026-03-14 02:05:57,356 [INFO] E112 | Batch 024 | LR: 0.00034 | Loss: 0.0603 | GradNorm: 0.9330 | Batch P@10: 60.0%
2026-03-14 02:06:01,352 [INFO] E112 | Batch 025 | LR: 0.00034 | Loss: 0.0596 | GradNorm: 1.2093 | Batch P@10: 30.0%
2026-03-14 02:06:05,322 [INFO] E112 | Batch 026 | LR: 0.00033 | Loss: 0.0460 | GradNorm: 0.6197 | Batch P@10: 70.0%
2026-03-14 02:06:09,288 [INFO] E112 | Batch 027 | LR: 0.00033 | Loss: 0.0652 | GradNorm: 0.4566 | Batch P@10: 40.0%
2026-03-14 02:06:13,430 [INFO] E112 | Batch 028 | LR: 0.00033 | Loss: 0.0660 | GradNorm: 0.6287 | Batch P@10: 20.0%
2026-03-14 02:06:17,541 [INFO] E112 | Batch 029 | LR: 0.00033 | Loss: 0.0572 | GradNorm: 0.4337 | Batch P@10: 70.0%
2026-03-14 02:06:21,722 [INFO] E112 | Batch 030 | LR: 0.00033 | Loss: 0.0818 | GradNorm: 0.7399 | Batch P@10: 70.0%
2026-03-14 02:06:25,823 [INFO] E112 | Batch 031 | LR: 0.00033 | Loss: 0.0630 | GradNorm: 0.1767 | Batch P@10: 40.0%
2026-03-14 02:06:29,811 [INFO] E112 | Batch 032 | LR: 0.00033 | Loss: 0.0685 | GradNorm: 0.6142 | Batch P@10: 40.0%
2026-03-14 02:06:33,928 [INFO] E112 | Batch 033 | LR: 0.00032 | Loss: 0.0592 | GradNorm: 0.7966 | Batch P@10: 70.0%
2026-03-14 02:06:37,942 [INFO] E112 | Batch 034 | LR: 0.00032 | Loss: 0.0709 | GradNorm: 0.5148 | Batch P@10: 50.0%
2026-03-14 02:06:42,077 [INFO] E112 | Batch 035 | LR: 0.00032 | Loss: 0.0600 | GradNorm: 0.6729 | Batch P@10: 50.0%
2026-03-14 02:06:46,056 [INFO] E112 | Batch 036 | LR: 0.00032 | Loss: 0.0587 | GradNorm: 0.5744 | Batch P@10: 50.0%
2026-03-14 02:06:50,026 [INFO] E112 | Batch 037 | LR: 0.00032 | Loss: 0.0577 | GradNorm: 0.4989 | Batch P@10: 60.0%
2026-03-14 02:06:58,446 [INFO] 
---> FIM DA ÉPOCA 112 | Val P@10: 51.4778% | Loss Média: 0.0624 | Grad Médio: 0.5952 | Recorde Geral: 51.5764% <---

2026-03-14 02:07:02,658 [INFO] E113 | Batch 001 | LR: 0.00032 | Loss: 0.0635 | GradNorm: 0.6943 | Batch P@10: 40.0%
2026-03-14 02:07:06,828 [INFO] E113 | Batch 002 | LR: 0.00031 | Loss: 0.0772 | GradNorm: 1.6987 | Batch P@10: 60.0%
2026-03-14 02:07:10,936 [INFO] E113 | Batch 003 | LR: 0.00031 | Loss: 0.0563 | GradNorm: 0.9284 | Batch P@10: 50.0%
2026-03-14 02:07:14,931 [INFO] E113 | Batch 004 | LR: 0.00031 | Loss: 0.0627 | GradNorm: 0.9954 | Batch P@10: 50.0%
2026-03-14 02:07:19,056 [INFO] E113 | Batch 005 | LR: 0.00031 | Loss: 0.0605 | GradNorm: 0.4156 | Batch P@10: 80.0%
2026-03-14 02:07:23,041 [INFO] E113 | Batch 006 | LR: 0.00031 | Loss: 0.0631 | GradNorm: 0.3290 | Batch P@10: 50.0%
2026-03-14 02:07:27,122 [INFO] E113 | Batch 007 | LR: 0.00031 | Loss: 0.0658 | GradNorm: 0.4216 | Batch P@10: 50.0%
2026-03-14 02:07:31,096 [INFO] E113 | Batch 008 | LR: 0.00031 | Loss: 0.0614 | GradNorm: 0.3505 | Batch P@10: 30.0%
2026-03-14 02:07:35,266 [INFO] E113 | Batch 009 | LR: 0.00030 | Loss: 0.0549 | GradNorm: 0.8496 | Batch P@10: 60.0%
2026-03-14 02:07:39,176 [INFO] E113 | Batch 010 | LR: 0.00030 | Loss: 0.0763 | GradNorm: 0.3427 | Batch P@10: 70.0%
2026-03-14 02:07:43,248 [INFO] E113 | Batch 011 | LR: 0.00030 | Loss: 0.0593 | GradNorm: 0.4152 | Batch P@10: 50.0%
2026-03-14 02:07:47,441 [INFO] E113 | Batch 012 | LR: 0.00030 | Loss: 0.0576 | GradNorm: 0.5220 | Batch P@10: 60.0%
2026-03-14 02:07:51,420 [INFO] E113 | Batch 013 | LR: 0.00030 | Loss: 0.0739 | GradNorm: 0.3403 | Batch P@10: 70.0%
2026-03-14 02:07:55,581 [INFO] E113 | Batch 014 | LR: 0.00030 | Loss: 0.0764 | GradNorm: 0.3600 | Batch P@10: 50.0%
2026-03-14 02:07:59,776 [INFO] E113 | Batch 015 | LR: 0.00030 | Loss: 0.0550 | GradNorm: 0.2630 | Batch P@10: 50.0%
2026-03-14 02:08:03,911 [INFO] E113 | Batch 016 | LR: 0.00029 | Loss: 0.0626 | GradNorm: 0.3606 | Batch P@10: 80.0%
2026-03-14 02:08:07,933 [INFO] E113 | Batch 017 | LR: 0.00029 | Loss: 0.0707 | GradNorm: 0.7838 | Batch P@10: 60.0%
2026-03-14 02:08:12,209 [INFO] E113 | Batch 018 | LR: 0.00029 | Loss: 0.0707 | GradNorm: 0.4788 | Batch P@10: 60.0%
2026-03-14 02:08:16,277 [INFO] E113 | Batch 019 | LR: 0.00029 | Loss: 0.0527 | GradNorm: 0.4209 | Batch P@10: 60.0%
2026-03-14 02:08:20,423 [INFO] E113 | Batch 020 | LR: 0.00029 | Loss: 0.0598 | GradNorm: 0.2311 | Batch P@10: 50.0%
2026-03-14 02:08:24,553 [INFO] E113 | Batch 021 | LR: 0.00029 | Loss: 0.0634 | GradNorm: 0.2175 | Batch P@10: 60.0%
2026-03-14 02:08:28,522 [INFO] E113 | Batch 022 | LR: 0.00029 | Loss: 0.0697 | GradNorm: 0.5351 | Batch P@10: 50.0%
2026-03-14 02:08:32,540 [INFO] E113 | Batch 023 | LR: 0.00028 | Loss: 0.0511 | GradNorm: 0.8481 | Batch P@10: 60.0%
2026-03-14 02:08:36,713 [INFO] E113 | Batch 024 | LR: 0.00028 | Loss: 0.0558 | GradNorm: 0.3155 | Batch P@10: 60.0%
2026-03-14 02:08:40,679 [INFO] E113 | Batch 025 | LR: 0.00028 | Loss: 0.0660 | GradNorm: 0.3902 | Batch P@10: 30.0%
2026-03-14 02:08:44,614 [INFO] E113 | Batch 026 | LR: 0.00028 | Loss: 0.0623 | GradNorm: 0.2482 | Batch P@10: 70.0%
2026-03-14 02:08:48,672 [INFO] E113 | Batch 027 | LR: 0.00028 | Loss: 0.0675 | GradNorm: 0.9100 | Batch P@10: 50.0%
2026-03-14 02:08:52,610 [INFO] E113 | Batch 028 | LR: 0.00028 | Loss: 0.0636 | GradNorm: 0.3147 | Batch P@10: 50.0%
2026-03-14 02:08:56,617 [INFO] E113 | Batch 029 | LR: 0.00028 | Loss: 0.0655 | GradNorm: 0.4542 | Batch P@10: 50.0%
2026-03-14 02:09:00,720 [INFO] E113 | Batch 030 | LR: 0.00027 | Loss: 0.0580 | GradNorm: 0.4762 | Batch P@10: 60.0%
2026-03-14 02:09:04,769 [INFO] E113 | Batch 031 | LR: 0.00027 | Loss: 0.0708 | GradNorm: 0.7078 | Batch P@10: 50.0%
2026-03-14 02:09:08,931 [INFO] E113 | Batch 032 | LR: 0.00027 | Loss: 0.0620 | GradNorm: 0.3213 | Batch P@10: 40.0%
2026-03-14 02:09:13,091 [INFO] E113 | Batch 033 | LR: 0.00027 | Loss: 0.0581 | GradNorm: 0.3972 | Batch P@10: 60.0%
2026-03-14 02:09:17,246 [INFO] E113 | Batch 034 | LR: 0.00027 | Loss: 0.0530 | GradNorm: 0.5369 | Batch P@10: 60.0%
2026-03-14 02:09:21,272 [INFO] E113 | Batch 035 | LR: 0.00027 | Loss: 0.0516 | GradNorm: 0.8695 | Batch P@10: 80.0%
2026-03-14 02:09:25,308 [INFO] E113 | Batch 036 | LR: 0.00027 | Loss: 0.0725 | GradNorm: 0.6471 | Batch P@10: 80.0%
2026-03-14 02:09:29,360 [INFO] E113 | Batch 037 | LR: 0.00026 | Loss: 0.0644 | GradNorm: 0.2925 | Batch P@10: 50.0%
2026-03-14 02:09:37,821 [INFO] 
---> FIM DA ÉPOCA 113 | Val P@10: 51.4286% | Loss Média: 0.0615 | Grad Médio: 0.5320 | Recorde Geral: 51.5764% <---

2026-03-14 02:09:42,140 [INFO] E114 | Batch 001 | LR: 0.00026 | Loss: 0.0528 | GradNorm: 0.5237 | Batch P@10: 60.0%
2026-03-14 02:09:46,184 [INFO] E114 | Batch 002 | LR: 0.00026 | Loss: 0.0907 | GradNorm: 0.4125 | Batch P@10: 50.0%
2026-03-14 02:09:50,305 [INFO] E114 | Batch 003 | LR: 0.00026 | Loss: 0.0620 | GradNorm: 0.7162 | Batch P@10: 40.0%
2026-03-14 02:09:54,310 [INFO] E114 | Batch 004 | LR: 0.00026 | Loss: 0.0640 | GradNorm: 0.3195 | Batch P@10: 50.0%
2026-03-14 02:09:58,261 [INFO] E114 | Batch 005 | LR: 0.00026 | Loss: 0.0600 | GradNorm: 0.3224 | Batch P@10: 60.0%
2026-03-14 02:10:02,486 [INFO] E114 | Batch 006 | LR: 0.00026 | Loss: 0.0573 | GradNorm: 0.3061 | Batch P@10: 80.0%
2026-03-14 02:10:06,470 [INFO] E114 | Batch 007 | LR: 0.00025 | Loss: 0.0705 | GradNorm: 0.4483 | Batch P@10: 60.0%
2026-03-14 02:10:10,463 [INFO] E114 | Batch 008 | LR: 0.00025 | Loss: 0.0650 | GradNorm: 0.4555 | Batch P@10: 50.0%
2026-03-14 02:10:14,438 [INFO] E114 | Batch 009 | LR: 0.00025 | Loss: 0.0615 | GradNorm: 1.2456 | Batch P@10: 50.0%
2026-03-14 02:10:18,519 [INFO] E114 | Batch 010 | LR: 0.00025 | Loss: 0.0558 | GradNorm: 0.2507 | Batch P@10: 60.0%
2026-03-14 02:10:22,510 [INFO] E114 | Batch 011 | LR: 0.00025 | Loss: 0.0580 | GradNorm: 0.3744 | Batch P@10: 60.0%
2026-03-14 02:10:26,579 [INFO] E114 | Batch 012 | LR: 0.00025 | Loss: 0.0782 | GradNorm: 0.4205 | Batch P@10: 50.0%
2026-03-14 02:10:30,539 [INFO] E114 | Batch 013 | LR: 0.00025 | Loss: 0.0699 | GradNorm: 0.4856 | Batch P@10: 60.0%
2026-03-14 02:10:34,720 [INFO] E114 | Batch 014 | LR: 0.00025 | Loss: 0.0652 | GradNorm: 0.3822 | Batch P@10: 50.0%
2026-03-14 02:10:38,737 [INFO] E114 | Batch 015 | LR: 0.00024 | Loss: 0.0703 | GradNorm: 0.8188 | Batch P@10: 50.0%
2026-03-14 02:10:42,816 [INFO] E114 | Batch 016 | LR: 0.00024 | Loss: 0.0675 | GradNorm: 0.8217 | Batch P@10: 40.0%
2026-03-14 02:10:46,864 [INFO] E114 | Batch 017 | LR: 0.00024 | Loss: 0.0610 | GradNorm: 0.3630 | Batch P@10: 40.0%
2026-03-14 02:10:51,009 [INFO] E114 | Batch 018 | LR: 0.00024 | Loss: 0.0675 | GradNorm: 0.5910 | Batch P@10: 50.0%
2026-03-14 02:10:55,115 [INFO] E114 | Batch 019 | LR: 0.00024 | Loss: 0.0577 | GradNorm: 0.6406 | Batch P@10: 60.0%
2026-03-14 02:10:59,193 [INFO] E114 | Batch 020 | LR: 0.00024 | Loss: 0.0516 | GradNorm: 0.2963 | Batch P@10: 60.0%
2026-03-14 02:11:03,145 [INFO] E114 | Batch 021 | LR: 0.00024 | Loss: 0.0683 | GradNorm: 0.4211 | Batch P@10: 50.0%
2026-03-14 02:11:07,208 [INFO] E114 | Batch 022 | LR: 0.00023 | Loss: 0.0786 | GradNorm: 0.2769 | Batch P@10: 50.0%
2026-03-14 02:11:11,171 [INFO] E114 | Batch 023 | LR: 0.00023 | Loss: 0.0694 | GradNorm: 0.2673 | Batch P@10: 50.0%
2026-03-14 02:11:15,127 [INFO] E114 | Batch 024 | LR: 0.00023 | Loss: 0.0567 | GradNorm: 0.3433 | Batch P@10: 50.0%
2026-03-14 02:11:19,146 [INFO] E114 | Batch 025 | LR: 0.00023 | Loss: 0.0566 | GradNorm: 0.3240 | Batch P@10: 60.0%
2026-03-14 02:11:23,130 [INFO] E114 | Batch 026 | LR: 0.00023 | Loss: 0.0640 | GradNorm: 0.3517 | Batch P@10: 40.0%
2026-03-14 02:11:27,241 [INFO] E114 | Batch 027 | LR: 0.00023 | Loss: 0.0694 | GradNorm: 0.7479 | Batch P@10: 40.0%
2026-03-14 02:11:31,176 [INFO] E114 | Batch 028 | LR: 0.00023 | Loss: 0.0671 | GradNorm: 0.5918 | Batch P@10: 30.0%
2026-03-14 02:11:35,284 [INFO] E114 | Batch 029 | LR: 0.00023 | Loss: 0.0587 | GradNorm: 0.2868 | Batch P@10: 60.0%
2026-03-14 02:11:39,380 [INFO] E114 | Batch 030 | LR: 0.00022 | Loss: 0.0607 | GradNorm: 0.3830 | Batch P@10: 60.0%
2026-03-14 02:11:43,323 [INFO] E114 | Batch 031 | LR: 0.00022 | Loss: 0.0511 | GradNorm: 0.1822 | Batch P@10: 80.0%
2026-03-14 02:11:47,307 [INFO] E114 | Batch 032 | LR: 0.00022 | Loss: 0.0639 | GradNorm: 1.2198 | Batch P@10: 50.0%
2026-03-14 02:11:51,377 [INFO] E114 | Batch 033 | LR: 0.00022 | Loss: 0.0679 | GradNorm: 0.9563 | Batch P@10: 50.0%
2026-03-14 02:11:55,336 [INFO] E114 | Batch 034 | LR: 0.00022 | Loss: 0.0481 | GradNorm: 0.3912 | Batch P@10: 70.0%
2026-03-14 02:11:59,344 [INFO] E114 | Batch 035 | LR: 0.00022 | Loss: 0.0525 | GradNorm: 1.1289 | Batch P@10: 40.0%
2026-03-14 02:12:03,301 [INFO] E114 | Batch 036 | LR: 0.00022 | Loss: 0.0644 | GradNorm: 0.4385 | Batch P@10: 50.0%
2026-03-14 02:12:07,393 [INFO] E114 | Batch 037 | LR: 0.00022 | Loss: 0.0717 | GradNorm: 0.4058 | Batch P@10: 60.0%
2026-03-14 02:12:16,002 [INFO] 
---> FIM DA ÉPOCA 114 | Val P@10: 51.1330% | Loss Média: 0.0620 | Grad Médio: 0.5111 | Recorde Geral: 51.5764% <---

2026-03-14 02:12:20,261 [INFO] E115 | Batch 001 | LR: 0.00021 | Loss: 0.0602 | GradNorm: 0.3399 | Batch P@10: 80.0%
2026-03-14 02:12:24,427 [INFO] E115 | Batch 002 | LR: 0.00021 | Loss: 0.0588 | GradNorm: 0.3893 | Batch P@10: 60.0%
2026-03-14 02:12:28,530 [INFO] E115 | Batch 003 | LR: 0.00021 | Loss: 0.0593 | GradNorm: 0.1580 | Batch P@10: 50.0%
2026-03-14 02:12:32,686 [INFO] E115 | Batch 004 | LR: 0.00021 | Loss: 0.0631 | GradNorm: 0.7776 | Batch P@10: 60.0%
2026-03-14 02:12:36,682 [INFO] E115 | Batch 005 | LR: 0.00021 | Loss: 0.0713 | GradNorm: 0.7058 | Batch P@10: 60.0%
2026-03-14 02:12:40,899 [INFO] E115 | Batch 006 | LR: 0.00021 | Loss: 0.0516 | GradNorm: 0.8460 | Batch P@10: 60.0%
2026-03-14 02:12:45,011 [INFO] E115 | Batch 007 | LR: 0.00021 | Loss: 0.0660 | GradNorm: 0.7722 | Batch P@10: 60.0%
2026-03-14 02:12:49,009 [INFO] E115 | Batch 008 | LR: 0.00021 | Loss: 0.0584 | GradNorm: 0.2523 | Batch P@10: 50.0%
2026-03-14 02:12:53,028 [INFO] E115 | Batch 009 | LR: 0.00020 | Loss: 0.0581 | GradNorm: 0.6117 | Batch P@10: 50.0%
2026-03-14 02:12:57,064 [INFO] E115 | Batch 010 | LR: 0.00020 | Loss: 0.0575 | GradNorm: 0.6628 | Batch P@10: 50.0%
2026-03-14 02:13:01,224 [INFO] E115 | Batch 011 | LR: 0.00020 | Loss: 0.0568 | GradNorm: 0.8304 | Batch P@10: 70.0%
2026-03-14 02:13:05,223 [INFO] E115 | Batch 012 | LR: 0.00020 | Loss: 0.0600 | GradNorm: 0.2750 | Batch P@10: 80.0%
2026-03-14 02:13:09,311 [INFO] E115 | Batch 013 | LR: 0.00020 | Loss: 0.0585 | GradNorm: 0.2338 | Batch P@10: 40.0%
2026-03-14 02:13:13,391 [INFO] E115 | Batch 014 | LR: 0.00020 | Loss: 0.0619 | GradNorm: 0.5345 | Batch P@10: 70.0%
2026-03-14 02:13:17,586 [INFO] E115 | Batch 015 | LR: 0.00020 | Loss: 0.0579 | GradNorm: 0.5030 | Batch P@10: 60.0%
2026-03-14 02:13:21,631 [INFO] E115 | Batch 016 | LR: 0.00020 | Loss: 0.0613 | GradNorm: 0.5008 | Batch P@10: 50.0%
2026-03-14 02:13:25,673 [INFO] E115 | Batch 017 | LR: 0.00019 | Loss: 0.0580 | GradNorm: 0.5568 | Batch P@10: 60.0%
2026-03-14 02:13:29,658 [INFO] E115 | Batch 018 | LR: 0.00019 | Loss: 0.0545 | GradNorm: 3.5062 | Batch P@10: 50.0%
2026-03-14 02:13:33,865 [INFO] E115 | Batch 019 | LR: 0.00019 | Loss: 0.0548 | GradNorm: 1.5779 | Batch P@10: 60.0%
2026-03-14 02:13:37,955 [INFO] E115 | Batch 020 | LR: 0.00019 | Loss: 0.0633 | GradNorm: 0.4354 | Batch P@10: 60.0%
2026-03-14 02:13:41,961 [INFO] E115 | Batch 021 | LR: 0.00019 | Loss: 0.0701 | GradNorm: 1.3287 | Batch P@10: 60.0%
2026-03-14 02:13:45,942 [INFO] E115 | Batch 022 | LR: 0.00019 | Loss: 0.0615 | GradNorm: 0.8359 | Batch P@10: 60.0%
2026-03-14 02:13:49,860 [INFO] E115 | Batch 023 | LR: 0.00019 | Loss: 0.0586 | GradNorm: 0.3706 | Batch P@10: 80.0%
2026-03-14 02:13:53,863 [INFO] E115 | Batch 024 | LR: 0.00019 | Loss: 0.0633 | GradNorm: 0.3501 | Batch P@10: 60.0%
2026-03-14 02:13:57,805 [INFO] E115 | Batch 025 | LR: 0.00019 | Loss: 0.0690 | GradNorm: 0.2271 | Batch P@10: 50.0%
2026-03-14 02:14:01,843 [INFO] E115 | Batch 026 | LR: 0.00018 | Loss: 0.0640 | GradNorm: 0.6584 | Batch P@10: 50.0%
2026-03-14 02:14:05,990 [INFO] E115 | Batch 027 | LR: 0.00018 | Loss: 0.0549 | GradNorm: 0.7223 | Batch P@10: 60.0%
2026-03-14 02:14:10,049 [INFO] E115 | Batch 028 | LR: 0.00018 | Loss: 0.0691 | GradNorm: 0.8448 | Batch P@10: 40.0%
2026-03-14 02:14:14,136 [INFO] E115 | Batch 029 | LR: 0.00018 | Loss: 0.0741 | GradNorm: 0.1721 | Batch P@10: 60.0%
2026-03-14 02:14:18,130 [INFO] E115 | Batch 030 | LR: 0.00018 | Loss: 0.0562 | GradNorm: 0.6029 | Batch P@10: 80.0%
2026-03-14 02:14:22,099 [INFO] E115 | Batch 031 | LR: 0.00018 | Loss: 0.0735 | GradNorm: 0.4999 | Batch P@10: 40.0%
2026-03-14 02:14:26,105 [INFO] E115 | Batch 032 | LR: 0.00018 | Loss: 0.0560 | GradNorm: 0.7489 | Batch P@10: 50.0%
2026-03-14 02:14:30,195 [INFO] E115 | Batch 033 | LR: 0.00018 | Loss: 0.0596 | GradNorm: 0.5728 | Batch P@10: 60.0%
2026-03-14 02:14:34,274 [INFO] E115 | Batch 034 | LR: 0.00017 | Loss: 0.0650 | GradNorm: 0.4989 | Batch P@10: 60.0%
2026-03-14 02:14:38,253 [INFO] E115 | Batch 035 | LR: 0.00017 | Loss: 0.0640 | GradNorm: 0.4449 | Batch P@10: 60.0%
2026-03-14 02:14:42,308 [INFO] E115 | Batch 036 | LR: 0.00017 | Loss: 0.0602 | GradNorm: 0.5489 | Batch P@10: 60.0%
2026-03-14 02:14:46,244 [INFO] E115 | Batch 037 | LR: 0.00017 | Loss: 0.0556 | GradNorm: 0.3142 | Batch P@10: 50.0%
2026-03-14 02:14:54,714 [INFO] 
---> FIM DA ÉPOCA 115 | Val P@10: 51.0837% | Loss Média: 0.0596 | Grad Médio: 0.6543 | Recorde Geral: 51.5764% <---

2026-03-14 02:14:58,829 [INFO] E116 | Batch 001 | LR: 0.00017 | Loss: 0.0573 | GradNorm: 1.1594 | Batch P@10: 50.0%
2026-03-14 02:15:02,857 [INFO] E116 | Batch 002 | LR: 0.00017 | Loss: 0.0763 | GradNorm: 0.8070 | Batch P@10: 50.0%
2026-03-14 02:15:06,873 [INFO] E116 | Batch 003 | LR: 0.00017 | Loss: 0.0572 | GradNorm: 0.5595 | Batch P@10: 60.0%
2026-03-14 02:15:10,887 [INFO] E116 | Batch 004 | LR: 0.00017 | Loss: 0.0654 | GradNorm: 0.5050 | Batch P@10: 60.0%
2026-03-14 02:15:15,013 [INFO] E116 | Batch 005 | LR: 0.00017 | Loss: 0.0708 | GradNorm: 0.6453 | Batch P@10: 60.0%
2026-03-14 02:15:19,075 [INFO] E116 | Batch 006 | LR: 0.00016 | Loss: 0.0591 | GradNorm: 0.4923 | Batch P@10: 50.0%
2026-03-14 02:15:23,161 [INFO] E116 | Batch 007 | LR: 0.00016 | Loss: 0.0643 | GradNorm: 0.7417 | Batch P@10: 50.0%
2026-03-14 02:15:27,120 [INFO] E116 | Batch 008 | LR: 0.00016 | Loss: 0.0595 | GradNorm: 1.3009 | Batch P@10: 50.0%
2026-03-14 02:15:31,086 [INFO] E116 | Batch 009 | LR: 0.00016 | Loss: 0.0657 | GradNorm: 0.4505 | Batch P@10: 70.0%
2026-03-14 02:15:35,053 [INFO] E116 | Batch 010 | LR: 0.00016 | Loss: 0.0612 | GradNorm: 1.3109 | Batch P@10: 70.0%
2026-03-14 02:15:39,042 [INFO] E116 | Batch 011 | LR: 0.00016 | Loss: 0.0692 | GradNorm: 0.7300 | Batch P@10: 70.0%
2026-03-14 02:15:43,046 [INFO] E116 | Batch 012 | LR: 0.00016 | Loss: 0.0720 | GradNorm: 1.4269 | Batch P@10: 60.0%
2026-03-14 02:15:46,973 [INFO] E116 | Batch 013 | LR: 0.00016 | Loss: 0.0533 | GradNorm: 0.3370 | Batch P@10: 80.0%
2026-03-14 02:15:51,026 [INFO] E116 | Batch 014 | LR: 0.00016 | Loss: 0.0673 | GradNorm: 0.4948 | Batch P@10: 70.0%
2026-03-14 02:15:55,253 [INFO] E116 | Batch 015 | LR: 0.00016 | Loss: 0.0642 | GradNorm: 0.4803 | Batch P@10: 50.0%
2026-03-14 02:15:59,216 [INFO] E116 | Batch 016 | LR: 0.00015 | Loss: 0.0539 | GradNorm: 0.6590 | Batch P@10: 50.0%
2026-03-14 02:16:03,227 [INFO] E116 | Batch 017 | LR: 0.00015 | Loss: 0.0725 | GradNorm: 0.5081 | Batch P@10: 80.0%
2026-03-14 02:16:07,212 [INFO] E116 | Batch 018 | LR: 0.00015 | Loss: 0.0651 | GradNorm: 0.6132 | Batch P@10: 60.0%
2026-03-14 02:16:11,203 [INFO] E116 | Batch 019 | LR: 0.00015 | Loss: 0.0716 | GradNorm: 0.4580 | Batch P@10: 60.0%
2026-03-14 02:16:15,215 [INFO] E116 | Batch 020 | LR: 0.00015 | Loss: 0.0621 | GradNorm: 0.3065 | Batch P@10: 50.0%
2026-03-14 02:16:19,208 [INFO] E116 | Batch 021 | LR: 0.00015 | Loss: 0.0690 | GradNorm: 0.4968 | Batch P@10: 70.0%
2026-03-14 02:16:23,166 [INFO] E116 | Batch 022 | LR: 0.00015 | Loss: 0.0472 | GradNorm: 0.1644 | Batch P@10: 80.0%
2026-03-14 02:16:27,180 [INFO] E116 | Batch 023 | LR: 0.00015 | Loss: 0.0644 | GradNorm: 0.3159 | Batch P@10: 60.0%
2026-03-14 02:16:31,142 [INFO] E116 | Batch 024 | LR: 0.00015 | Loss: 0.0789 | GradNorm: 0.1312 | Batch P@10: 50.0%
2026-03-14 02:16:35,124 [INFO] E116 | Batch 025 | LR: 0.00014 | Loss: 0.0651 | GradNorm: 0.2202 | Batch P@10: 40.0%
2026-03-14 02:16:39,109 [INFO] E116 | Batch 026 | LR: 0.00014 | Loss: 0.0508 | GradNorm: 0.2473 | Batch P@10: 60.0%
2026-03-14 02:16:43,081 [INFO] E116 | Batch 027 | LR: 0.00014 | Loss: 0.0636 | GradNorm: 0.6170 | Batch P@10: 70.0%
2026-03-14 02:16:47,189 [INFO] E116 | Batch 028 | LR: 0.00014 | Loss: 0.0553 | GradNorm: 0.2605 | Batch P@10: 60.0%
2026-03-14 02:16:51,166 [INFO] E116 | Batch 029 | LR: 0.00014 | Loss: 0.0643 | GradNorm: 0.6923 | Batch P@10: 50.0%
2026-03-14 02:16:55,317 [INFO] E116 | Batch 030 | LR: 0.00014 | Loss: 0.0686 | GradNorm: 0.3878 | Batch P@10: 60.0%
2026-03-14 02:16:59,531 [INFO] E116 | Batch 031 | LR: 0.00014 | Loss: 0.0735 | GradNorm: 0.4256 | Batch P@10: 60.0%
2026-03-14 02:17:03,527 [INFO] E116 | Batch 032 | LR: 0.00014 | Loss: 0.0623 | GradNorm: 0.5039 | Batch P@10: 60.0%
2026-03-14 02:17:07,501 [INFO] E116 | Batch 033 | LR: 0.00014 | Loss: 0.0682 | GradNorm: 0.3934 | Batch P@10: 50.0%
2026-03-14 02:17:11,630 [INFO] E116 | Batch 034 | LR: 0.00014 | Loss: 0.0517 | GradNorm: 0.5190 | Batch P@10: 50.0%
2026-03-14 02:17:15,657 [INFO] E116 | Batch 035 | LR: 0.00013 | Loss: 0.0632 | GradNorm: 0.3248 | Batch P@10: 50.0%
2026-03-14 02:17:19,636 [INFO] E116 | Batch 036 | LR: 0.00013 | Loss: 0.0642 | GradNorm: 0.9742 | Batch P@10: 50.0%
2026-03-14 02:17:23,604 [INFO] E116 | Batch 037 | LR: 0.00013 | Loss: 0.0728 | GradNorm: 1.1285 | Batch P@10: 60.0%
2026-03-14 02:17:32,073 [INFO] 
---> FIM DA ÉPOCA 116 | Val P@10: 51.3300% | Loss Média: 0.0624 | Grad Médio: 0.5889 | Recorde Geral: 51.5764% <---

2026-03-14 02:17:36,193 [INFO] E117 | Batch 001 | LR: 0.00013 | Loss: 0.0630 | GradNorm: 0.7861 | Batch P@10: 60.0%
2026-03-14 02:17:40,169 [INFO] E117 | Batch 002 | LR: 0.00013 | Loss: 0.0650 | GradNorm: 1.5673 | Batch P@10: 40.0%
2026-03-14 02:17:44,158 [INFO] E117 | Batch 003 | LR: 0.00013 | Loss: 0.0526 | GradNorm: 0.7592 | Batch P@10: 40.0%
2026-03-14 02:17:48,324 [INFO] E117 | Batch 004 | LR: 0.00013 | Loss: 0.0554 | GradNorm: 0.8112 | Batch P@10: 70.0%
2026-03-14 02:17:52,267 [INFO] E117 | Batch 005 | LR: 0.00013 | Loss: 0.0661 | GradNorm: 0.7360 | Batch P@10: 50.0%
2026-03-14 02:17:56,306 [INFO] E117 | Batch 006 | LR: 0.00013 | Loss: 0.0671 | GradNorm: 0.2502 | Batch P@10: 50.0%
2026-03-14 02:18:00,279 [INFO] E117 | Batch 007 | LR: 0.00013 | Loss: 0.0575 | GradNorm: 0.8697 | Batch P@10: 50.0%
2026-03-14 02:18:04,220 [INFO] E117 | Batch 008 | LR: 0.00012 | Loss: 0.0704 | GradNorm: 0.2957 | Batch P@10: 70.0%
2026-03-14 02:18:08,168 [INFO] E117 | Batch 009 | LR: 0.00012 | Loss: 0.0695 | GradNorm: 0.8308 | Batch P@10: 30.0%
2026-03-14 02:18:12,224 [INFO] E117 | Batch 010 | LR: 0.00012 | Loss: 0.0567 | GradNorm: 0.5318 | Batch P@10: 80.0%
2026-03-14 02:18:16,393 [INFO] E117 | Batch 011 | LR: 0.00012 | Loss: 0.0713 | GradNorm: 0.2227 | Batch P@10: 50.0%
2026-03-14 02:18:20,418 [INFO] E117 | Batch 012 | LR: 0.00012 | Loss: 0.0739 | GradNorm: 0.1597 | Batch P@10: 60.0%
2026-03-14 02:18:24,447 [INFO] E117 | Batch 013 | LR: 0.00012 | Loss: 0.0569 | GradNorm: 0.6857 | Batch P@10: 30.0%
2026-03-14 02:18:28,635 [INFO] E117 | Batch 014 | LR: 0.00012 | Loss: 0.0780 | GradNorm: 0.6164 | Batch P@10: 70.0%
2026-03-14 02:18:32,670 [INFO] E117 | Batch 015 | LR: 0.00012 | Loss: 0.0610 | GradNorm: 0.5587 | Batch P@10: 60.0%
2026-03-14 02:18:36,637 [INFO] E117 | Batch 016 | LR: 0.00012 | Loss: 0.0599 | GradNorm: 0.5814 | Batch P@10: 60.0%
2026-03-14 02:18:40,677 [INFO] E117 | Batch 017 | LR: 0.00012 | Loss: 0.0579 | GradNorm: 0.7192 | Batch P@10: 50.0%
2026-03-14 02:18:44,776 [INFO] E117 | Batch 018 | LR: 0.00012 | Loss: 0.0465 | GradNorm: 0.6047 | Batch P@10: 70.0%
2026-03-14 02:18:48,767 [INFO] E117 | Batch 019 | LR: 0.00011 | Loss: 0.0667 | GradNorm: 0.5058 | Batch P@10: 60.0%
2026-03-14 02:18:52,699 [INFO] E117 | Batch 020 | LR: 0.00011 | Loss: 0.0544 | GradNorm: 0.4142 | Batch P@10: 60.0%
2026-03-14 02:18:56,795 [INFO] E117 | Batch 021 | LR: 0.00011 | Loss: 0.0615 | GradNorm: 0.7895 | Batch P@10: 50.0%
2026-03-14 02:19:00,802 [INFO] E117 | Batch 022 | LR: 0.00011 | Loss: 0.0599 | GradNorm: 0.4757 | Batch P@10: 60.0%
2026-03-14 02:19:04,801 [INFO] E117 | Batch 023 | LR: 0.00011 | Loss: 0.0600 | GradNorm: 0.2241 | Batch P@10: 70.0%
2026-03-14 02:19:08,786 [INFO] E117 | Batch 024 | LR: 0.00011 | Loss: 0.0701 | GradNorm: 0.3303 | Batch P@10: 60.0%
2026-03-14 02:19:12,727 [INFO] E117 | Batch 025 | LR: 0.00011 | Loss: 0.0679 | GradNorm: 0.3393 | Batch P@10: 60.0%
2026-03-14 02:19:16,835 [INFO] E117 | Batch 026 | LR: 0.00011 | Loss: 0.0620 | GradNorm: 0.5443 | Batch P@10: 50.0%
2026-03-14 02:19:20,815 [INFO] E117 | Batch 027 | LR: 0.00011 | Loss: 0.0636 | GradNorm: 0.2603 | Batch P@10: 50.0%
2026-03-14 02:19:24,818 [INFO] E117 | Batch 028 | LR: 0.00011 | Loss: 0.0613 | GradNorm: 0.8499 | Batch P@10: 70.0%
2026-03-14 02:19:28,858 [INFO] E117 | Batch 029 | LR: 0.00011 | Loss: 0.0755 | GradNorm: 0.3411 | Batch P@10: 50.0%
2026-03-14 02:19:32,810 [INFO] E117 | Batch 030 | LR: 0.00010 | Loss: 0.0659 | GradNorm: 1.2900 | Batch P@10: 30.0%
2026-03-14 02:19:36,791 [INFO] E117 | Batch 031 | LR: 0.00010 | Loss: 0.0654 | GradNorm: 0.3975 | Batch P@10: 70.0%
2026-03-14 02:19:40,786 [INFO] E117 | Batch 032 | LR: 0.00010 | Loss: 0.0651 | GradNorm: 0.9365 | Batch P@10: 50.0%
2026-03-14 02:19:44,812 [INFO] E117 | Batch 033 | LR: 0.00010 | Loss: 0.0580 | GradNorm: 0.3663 | Batch P@10: 50.0%
2026-03-14 02:19:48,968 [INFO] E117 | Batch 034 | LR: 0.00010 | Loss: 0.0623 | GradNorm: 0.2492 | Batch P@10: 50.0%
2026-03-14 02:19:52,915 [INFO] E117 | Batch 035 | LR: 0.00010 | Loss: 0.0557 | GradNorm: 0.2325 | Batch P@10: 70.0%
2026-03-14 02:19:56,962 [INFO] E117 | Batch 036 | LR: 0.00010 | Loss: 0.0765 | GradNorm: 0.2086 | Batch P@10: 40.0%
2026-03-14 02:20:00,904 [INFO] E117 | Batch 037 | LR: 0.00010 | Loss: 0.0638 | GradNorm: 0.8073 | Batch P@10: 60.0%
2026-03-14 02:20:09,334 [INFO] 
---> FIM DA ÉPOCA 117 | Val P@10: 51.1823% | Loss Média: 0.0617 | Grad Médio: 0.5716 | Recorde Geral: 51.5764% <---

2026-03-14 02:20:13,616 [INFO] E118 | Batch 001 | LR: 0.00010 | Loss: 0.0598 | GradNorm: 0.3277 | Batch P@10: 80.0%
2026-03-14 02:20:17,586 [INFO] E118 | Batch 002 | LR: 0.00010 | Loss: 0.0587 | GradNorm: 0.1720 | Batch P@10: 60.0%
2026-03-14 02:20:21,529 [INFO] E118 | Batch 003 | LR: 0.00010 | Loss: 0.0691 | GradNorm: 0.3614 | Batch P@10: 80.0%
2026-03-14 02:20:25,687 [INFO] E118 | Batch 004 | LR: 0.00010 | Loss: 0.0744 | GradNorm: 0.2045 | Batch P@10: 60.0%
2026-03-14 02:20:29,621 [INFO] E118 | Batch 005 | LR: 0.00009 | Loss: 0.0667 | GradNorm: 0.7357 | Batch P@10: 70.0%
2026-03-14 02:20:33,795 [INFO] E118 | Batch 006 | LR: 0.00009 | Loss: 0.0512 | GradNorm: 0.4776 | Batch P@10: 70.0%
2026-03-14 02:20:37,927 [INFO] E118 | Batch 007 | LR: 0.00009 | Loss: 0.0486 | GradNorm: 0.2074 | Batch P@10: 70.0%
2026-03-14 02:20:41,936 [INFO] E118 | Batch 008 | LR: 0.00009 | Loss: 0.0562 | GradNorm: 0.6566 | Batch P@10: 60.0%
2026-03-14 02:20:46,079 [INFO] E118 | Batch 009 | LR: 0.00009 | Loss: 0.0613 | GradNorm: 0.2830 | Batch P@10: 70.0%
2026-03-14 02:20:50,072 [INFO] E118 | Batch 010 | LR: 0.00009 | Loss: 0.0599 | GradNorm: 0.2710 | Batch P@10: 50.0%
2026-03-14 02:20:54,144 [INFO] E118 | Batch 011 | LR: 0.00009 | Loss: 0.0751 | GradNorm: 0.6649 | Batch P@10: 50.0%
2026-03-14 02:20:58,090 [INFO] E118 | Batch 012 | LR: 0.00009 | Loss: 0.0563 | GradNorm: 0.9478 | Batch P@10: 50.0%
2026-03-14 02:21:02,052 [INFO] E118 | Batch 013 | LR: 0.00009 | Loss: 0.0537 | GradNorm: 0.1878 | Batch P@10: 60.0%
2026-03-14 02:21:06,238 [INFO] E118 | Batch 014 | LR: 0.00009 | Loss: 0.0633 | GradNorm: 0.4732 | Batch P@10: 50.0%
2026-03-14 02:21:10,310 [INFO] E118 | Batch 015 | LR: 0.00009 | Loss: 0.0559 | GradNorm: 0.8188 | Batch P@10: 50.0%
2026-03-14 02:21:14,412 [INFO] E118 | Batch 016 | LR: 0.00009 | Loss: 0.0647 | GradNorm: 0.8206 | Batch P@10: 80.0%
2026-03-14 02:21:18,427 [INFO] E118 | Batch 017 | LR: 0.00008 | Loss: 0.0696 | GradNorm: 0.4136 | Batch P@10: 50.0%
2026-03-14 02:21:22,569 [INFO] E118 | Batch 018 | LR: 0.00008 | Loss: 0.0619 | GradNorm: 0.2136 | Batch P@10: 70.0%
2026-03-14 02:21:26,537 [INFO] E118 | Batch 019 | LR: 0.00008 | Loss: 0.0637 | GradNorm: 0.4255 | Batch P@10: 30.0%
2026-03-14 02:21:30,508 [INFO] E118 | Batch 020 | LR: 0.00008 | Loss: 0.0743 | GradNorm: 0.2833 | Batch P@10: 50.0%
2026-03-14 02:21:34,744 [INFO] E118 | Batch 021 | LR: 0.00008 | Loss: 0.0589 | GradNorm: 0.7447 | Batch P@10: 50.0%
2026-03-14 02:21:38,690 [INFO] E118 | Batch 022 | LR: 0.00008 | Loss: 0.1185 | GradNorm: 0.3782 | Batch P@10: 40.0%
2026-03-14 02:21:42,652 [INFO] E118 | Batch 023 | LR: 0.00008 | Loss: 0.0730 | GradNorm: 0.5974 | Batch P@10: 50.0%
2026-03-14 02:21:46,619 [INFO] E118 | Batch 024 | LR: 0.00008 | Loss: 0.0657 | GradNorm: 0.5984 | Batch P@10: 70.0%
2026-03-14 02:21:50,560 [INFO] E118 | Batch 025 | LR: 0.00008 | Loss: 0.1063 | GradNorm: 0.5028 | Batch P@10: 60.0%
2026-03-14 02:21:54,612 [INFO] E118 | Batch 026 | LR: 0.00008 | Loss: 0.0603 | GradNorm: 0.6015 | Batch P@10: 80.0%
2026-03-14 02:21:58,561 [INFO] E118 | Batch 027 | LR: 0.00008 | Loss: 0.0512 | GradNorm: 0.2278 | Batch P@10: 70.0%
2026-03-14 02:22:02,592 [INFO] E118 | Batch 028 | LR: 0.00008 | Loss: 0.0600 | GradNorm: 0.3391 | Batch P@10: 60.0%
2026-03-14 02:22:06,677 [INFO] E118 | Batch 029 | LR: 0.00008 | Loss: 0.0610 | GradNorm: 1.2794 | Batch P@10: 50.0%
2026-03-14 02:22:10,810 [INFO] E118 | Batch 030 | LR: 0.00007 | Loss: 0.0590 | GradNorm: 1.2002 | Batch P@10: 50.0%
2026-03-14 02:22:14,820 [INFO] E118 | Batch 031 | LR: 0.00007 | Loss: 0.0565 | GradNorm: 0.2170 | Batch P@10: 50.0%
2026-03-14 02:22:18,804 [INFO] E118 | Batch 032 | LR: 0.00007 | Loss: 0.0623 | GradNorm: 0.4734 | Batch P@10: 50.0%
2026-03-14 02:22:22,764 [INFO] E118 | Batch 033 | LR: 0.00007 | Loss: 0.0542 | GradNorm: 1.4797 | Batch P@10: 70.0%
2026-03-14 02:22:26,736 [INFO] E118 | Batch 034 | LR: 0.00007 | Loss: 0.0719 | GradNorm: 0.6358 | Batch P@10: 20.0%
2026-03-14 02:22:30,820 [INFO] E118 | Batch 035 | LR: 0.00007 | Loss: 0.0683 | GradNorm: 0.5628 | Batch P@10: 50.0%
2026-03-14 02:22:34,815 [INFO] E118 | Batch 036 | LR: 0.00007 | Loss: 0.0641 | GradNorm: 0.1741 | Batch P@10: 80.0%
2026-03-14 02:22:38,762 [INFO] E118 | Batch 037 | LR: 0.00007 | Loss: 0.0691 | GradNorm: 0.6450 | Batch P@10: 50.0%
2026-03-14 02:22:47,036 [INFO] 
---> FIM DA ÉPOCA 118 | Val P@10: 51.2808% | Loss Média: 0.0633 | Grad Médio: 0.5298 | Recorde Geral: 51.5764% <---

2026-03-14 02:22:51,291 [INFO] E119 | Batch 001 | LR: 0.00007 | Loss: 0.0671 | GradNorm: 0.7737 | Batch P@10: 40.0%
2026-03-14 02:22:55,259 [INFO] E119 | Batch 002 | LR: 0.00007 | Loss: 0.0578 | GradNorm: 0.4312 | Batch P@10: 80.0%
2026-03-14 02:22:59,228 [INFO] E119 | Batch 003 | LR: 0.00007 | Loss: 0.0622 | GradNorm: 0.7417 | Batch P@10: 50.0%
2026-03-14 02:23:03,351 [INFO] E119 | Batch 004 | LR: 0.00007 | Loss: 0.0670 | GradNorm: 0.6212 | Batch P@10: 60.0%
2026-03-14 02:23:07,369 [INFO] E119 | Batch 005 | LR: 0.00007 | Loss: 0.0559 | GradNorm: 0.1381 | Batch P@10: 70.0%
2026-03-14 02:23:11,502 [INFO] E119 | Batch 006 | LR: 0.00007 | Loss: 0.0635 | GradNorm: 0.2725 | Batch P@10: 50.0%
2026-03-14 02:23:15,627 [INFO] E119 | Batch 007 | LR: 0.00006 | Loss: 0.0462 | GradNorm: 0.2468 | Batch P@10: 80.0%
2026-03-14 02:23:19,749 [INFO] E119 | Batch 008 | LR: 0.00006 | Loss: 0.0589 | GradNorm: 0.6111 | Batch P@10: 40.0%
2026-03-14 02:23:23,685 [INFO] E119 | Batch 009 | LR: 0.00006 | Loss: 0.0609 | GradNorm: 0.3743 | Batch P@10: 60.0%
2026-03-14 02:23:27,631 [INFO] E119 | Batch 010 | LR: 0.00006 | Loss: 0.0810 | GradNorm: 0.3197 | Batch P@10: 70.0%
2026-03-14 02:23:31,760 [INFO] E119 | Batch 011 | LR: 0.00006 | Loss: 0.0700 | GradNorm: 0.1306 | Batch P@10: 70.0%
2026-03-14 02:23:35,747 [INFO] E119 | Batch 012 | LR: 0.00006 | Loss: 0.0692 | GradNorm: 0.3323 | Batch P@10: 50.0%
2026-03-14 02:23:39,801 [INFO] E119 | Batch 013 | LR: 0.00006 | Loss: 0.0614 | GradNorm: 0.2963 | Batch P@10: 40.0%
2026-03-14 02:23:43,926 [INFO] E119 | Batch 014 | LR: 0.00006 | Loss: 0.0698 | GradNorm: 0.1996 | Batch P@10: 50.0%
2026-03-14 02:23:47,910 [INFO] E119 | Batch 015 | LR: 0.00006 | Loss: 0.0996 | GradNorm: 0.5367 | Batch P@10: 40.0%
2026-03-14 02:23:51,960 [INFO] E119 | Batch 016 | LR: 0.00006 | Loss: 0.0593 | GradNorm: 0.1703 | Batch P@10: 60.0%
2026-03-14 02:23:56,065 [INFO] E119 | Batch 017 | LR: 0.00006 | Loss: 0.0757 | GradNorm: 0.8597 | Batch P@10: 80.0%
2026-03-14 02:24:00,154 [INFO] E119 | Batch 018 | LR: 0.00006 | Loss: 0.0627 | GradNorm: 0.9142 | Batch P@10: 80.0%
2026-03-14 02:24:04,187 [INFO] E119 | Batch 019 | LR: 0.00006 | Loss: 0.0567 | GradNorm: 0.4539 | Batch P@10: 50.0%
2026-03-14 02:24:08,323 [INFO] E119 | Batch 020 | LR: 0.00006 | Loss: 0.0554 | GradNorm: 0.2137 | Batch P@10: 50.0%
2026-03-14 02:24:12,307 [INFO] E119 | Batch 021 | LR: 0.00006 | Loss: 0.0573 | GradNorm: 0.2789 | Batch P@10: 20.0%
2026-03-14 02:24:16,302 [INFO] E119 | Batch 022 | LR: 0.00005 | Loss: 0.0661 | GradNorm: 0.7161 | Batch P@10: 50.0%
2026-03-14 02:24:20,434 [INFO] E119 | Batch 023 | LR: 0.00005 | Loss: 0.0632 | GradNorm: 0.5110 | Batch P@10: 60.0%
2026-03-14 02:24:24,412 [INFO] E119 | Batch 024 | LR: 0.00005 | Loss: 0.0607 | GradNorm: 0.4163 | Batch P@10: 50.0%
2026-03-14 02:24:28,494 [INFO] E119 | Batch 025 | LR: 0.00005 | Loss: 0.0680 | GradNorm: 0.5739 | Batch P@10: 50.0%
2026-03-14 02:24:32,683 [INFO] E119 | Batch 026 | LR: 0.00005 | Loss: 0.0635 | GradNorm: 0.2342 | Batch P@10: 60.0%
2026-03-14 02:24:36,646 [INFO] E119 | Batch 027 | LR: 0.00005 | Loss: 0.0635 | GradNorm: 0.5240 | Batch P@10: 70.0%
2026-03-14 02:24:40,657 [INFO] E119 | Batch 028 | LR: 0.00005 | Loss: 0.0667 | GradNorm: 0.3554 | Batch P@10: 50.0%
2026-03-14 02:24:44,623 [INFO] E119 | Batch 029 | LR: 0.00005 | Loss: 0.0684 | GradNorm: 0.8412 | Batch P@10: 60.0%
2026-03-14 02:24:48,627 [INFO] E119 | Batch 030 | LR: 0.00005 | Loss: 0.0534 | GradNorm: 0.7855 | Batch P@10: 40.0%
2026-03-14 02:24:52,777 [INFO] E119 | Batch 031 | LR: 0.00005 | Loss: 0.0576 | GradNorm: 0.3939 | Batch P@10: 70.0%
2026-03-14 02:24:56,921 [INFO] E119 | Batch 032 | LR: 0.00005 | Loss: 0.0573 | GradNorm: 0.3021 | Batch P@10: 60.0%
2026-03-14 02:25:00,879 [INFO] E119 | Batch 033 | LR: 0.00005 | Loss: 0.0660 | GradNorm: 0.4766 | Batch P@10: 60.0%
2026-03-14 02:25:05,040 [INFO] E119 | Batch 034 | LR: 0.00005 | Loss: 0.0534 | GradNorm: 0.2885 | Batch P@10: 40.0%
2026-03-14 02:25:09,011 [INFO] E119 | Batch 035 | LR: 0.00005 | Loss: 0.0632 | GradNorm: 0.3982 | Batch P@10: 50.0%
2026-03-14 02:25:13,006 [INFO] E119 | Batch 036 | LR: 0.00005 | Loss: 0.0654 | GradNorm: 0.2317 | Batch P@10: 70.0%
2026-03-14 02:25:17,129 [INFO] E119 | Batch 037 | LR: 0.00005 | Loss: 0.0720 | GradNorm: 0.1913 | Batch P@10: 50.0%
2026-03-14 02:25:25,661 [INFO] 
---> FIM DA ÉPOCA 119 | Val P@10: 51.1330% | Loss Média: 0.0623 | Grad Médio: 0.4367 | Recorde Geral: 51.5764% <---

2026-03-14 02:25:29,807 [INFO] E120 | Batch 001 | LR: 0.00005 | Loss: 0.0619 | GradNorm: 0.5652 | Batch P@10: 60.0%
2026-03-14 02:25:33,792 [INFO] E120 | Batch 002 | LR: 0.00004 | Loss: 0.0621 | GradNorm: 0.7610 | Batch P@10: 60.0%
2026-03-14 02:25:37,820 [INFO] E120 | Batch 003 | LR: 0.00004 | Loss: 0.0556 | GradNorm: 0.4906 | Batch P@10: 40.0%
2026-03-14 02:25:41,900 [INFO] E120 | Batch 004 | LR: 0.00004 | Loss: 0.0690 | GradNorm: 0.2842 | Batch P@10: 60.0%
2026-03-14 02:25:45,916 [INFO] E120 | Batch 005 | LR: 0.00004 | Loss: 0.0596 | GradNorm: 0.4842 | Batch P@10: 60.0%
2026-03-14 02:25:49,917 [INFO] E120 | Batch 006 | LR: 0.00004 | Loss: 0.0633 | GradNorm: 0.7133 | Batch P@10: 50.0%
2026-03-14 02:25:53,960 [INFO] E120 | Batch 007 | LR: 0.00004 | Loss: 0.0811 | GradNorm: 0.4678 | Batch P@10: 70.0%
2026-03-14 02:25:58,070 [INFO] E120 | Batch 008 | LR: 0.00004 | Loss: 0.0626 | GradNorm: 0.2618 | Batch P@10: 50.0%
2026-03-14 02:26:02,059 [INFO] E120 | Batch 009 | LR: 0.00004 | Loss: 0.0561 | GradNorm: 0.5625 | Batch P@10: 80.0%
2026-03-14 02:26:06,089 [INFO] E120 | Batch 010 | LR: 0.00004 | Loss: 0.0634 | GradNorm: 0.4497 | Batch P@10: 70.0%
2026-03-14 02:26:10,127 [INFO] E120 | Batch 011 | LR: 0.00004 | Loss: 0.0623 | GradNorm: 0.2711 | Batch P@10: 60.0%
2026-03-14 02:26:14,077 [INFO] E120 | Batch 012 | LR: 0.00004 | Loss: 0.0643 | GradNorm: 0.5378 | Batch P@10: 60.0%
2026-03-14 02:26:18,078 [INFO] E120 | Batch 013 | LR: 0.00004 | Loss: 0.0579 | GradNorm: 0.2791 | Batch P@10: 50.0%
2026-03-14 02:26:22,103 [INFO] E120 | Batch 014 | LR: 0.00004 | Loss: 0.0791 | GradNorm: 0.1598 | Batch P@10: 80.0%
2026-03-14 02:26:26,089 [INFO] E120 | Batch 015 | LR: 0.00004 | Loss: 0.0704 | GradNorm: 0.2175 | Batch P@10: 70.0%
2026-03-14 02:26:30,256 [INFO] E120 | Batch 016 | LR: 0.00004 | Loss: 0.0585 | GradNorm: 0.1849 | Batch P@10: 70.0%
2026-03-14 02:26:34,304 [INFO] E120 | Batch 017 | LR: 0.00004 | Loss: 0.0692 | GradNorm: 0.2366 | Batch P@10: 60.0%
2026-03-14 02:26:38,284 [INFO] E120 | Batch 018 | LR: 0.00004 | Loss: 0.0696 | GradNorm: 1.0873 | Batch P@10: 30.0%
2026-03-14 02:26:42,277 [INFO] E120 | Batch 019 | LR: 0.00004 | Loss: 0.0579 | GradNorm: 2.1732 | Batch P@10: 70.0%
2026-03-14 02:26:46,363 [INFO] E120 | Batch 020 | LR: 0.00003 | Loss: 0.0546 | GradNorm: 1.2710 | Batch P@10: 50.0%
2026-03-14 02:26:50,329 [INFO] E120 | Batch 021 | LR: 0.00003 | Loss: 0.0563 | GradNorm: 0.4036 | Batch P@10: 60.0%
2026-03-14 02:26:54,294 [INFO] E120 | Batch 022 | LR: 0.00003 | Loss: 0.0505 | GradNorm: 0.4656 | Batch P@10: 70.0%
2026-03-14 02:26:58,246 [INFO] E120 | Batch 023 | LR: 0.00003 | Loss: 0.0654 | GradNorm: 0.2011 | Batch P@10: 60.0%
2026-03-14 02:27:02,339 [INFO] E120 | Batch 024 | LR: 0.00003 | Loss: 0.0528 | GradNorm: 0.7109 | Batch P@10: 70.0%
2026-03-14 02:27:06,310 [INFO] E120 | Batch 025 | LR: 0.00003 | Loss: 0.0662 | GradNorm: 0.7043 | Batch P@10: 60.0%
2026-03-14 02:27:10,290 [INFO] E120 | Batch 026 | LR: 0.00003 | Loss: 0.0472 | GradNorm: 0.3846 | Batch P@10: 60.0%
2026-03-14 02:27:14,362 [INFO] E120 | Batch 027 | LR: 0.00003 | Loss: 0.0737 | GradNorm: 0.3679 | Batch P@10: 60.0%
2026-03-14 02:27:18,349 [INFO] E120 | Batch 028 | LR: 0.00003 | Loss: 0.0534 | GradNorm: 0.2030 | Batch P@10: 70.0%
2026-03-14 02:27:22,314 [INFO] E120 | Batch 029 | LR: 0.00003 | Loss: 0.0753 | GradNorm: 0.1791 | Batch P@10: 50.0%
2026-03-14 02:27:26,331 [INFO] E120 | Batch 030 | LR: 0.00003 | Loss: 0.0714 | GradNorm: 0.7528 | Batch P@10: 50.0%
2026-03-14 02:27:30,276 [INFO] E120 | Batch 031 | LR: 0.00003 | Loss: 0.0556 | GradNorm: 0.7625 | Batch P@10: 60.0%
2026-03-14 02:27:34,231 [INFO] E120 | Batch 032 | LR: 0.00003 | Loss: 0.0602 | GradNorm: 0.2804 | Batch P@10: 30.0%
2026-03-14 02:27:38,295 [INFO] E120 | Batch 033 | LR: 0.00003 | Loss: 0.1066 | GradNorm: 0.3166 | Batch P@10: 60.0%
2026-03-14 02:27:42,387 [INFO] E120 | Batch 034 | LR: 0.00003 | Loss: 0.0656 | GradNorm: 0.7332 | Batch P@10: 40.0%
2026-03-14 02:27:46,460 [INFO] E120 | Batch 035 | LR: 0.00003 | Loss: 0.0585 | GradNorm: 0.1681 | Batch P@10: 50.0%
2026-03-14 02:27:50,407 [INFO] E120 | Batch 036 | LR: 0.00003 | Loss: 0.0658 | GradNorm: 0.3107 | Batch P@10: 30.0%
2026-03-14 02:27:54,433 [INFO] E120 | Batch 037 | LR: 0.00003 | Loss: 0.0675 | GradNorm: 0.1568 | Batch P@10: 40.0%
2026-03-14 02:28:02,861 [INFO] 
---> FIM DA ÉPOCA 120 | Val P@10: 51.1330% | Loss Média: 0.0624 | Grad Médio: 0.5016 | Recorde Geral: 51.5764% <---

