--- TREINO STGCN v5.1: TELEMETRIA DETALHADA (DEVICE: cpu) ---
[09:40:46] EP 001 | Step 0000/1216 | Loss: 2.4189 | Grad: 4.317 | P@10: 0.0% | P@20: 15.0% | LR: 0.000200
[09:40:46] EP 001 | Step 0100/1216 | Loss: 2.1895 | Grad: 4.213 | P@10: 20.0% | P@20: 15.0% | LR: 0.000200
[09:40:47] EP 001 | Step 0200/1216 | Loss: 2.2658 | Grad: 3.999 | P@10: 0.0% | P@20: 5.0% | LR: 0.000200
[09:40:48] EP 001 | Step 0300/1216 | Loss: 2.8319 | Grad: 6.046 | P@10: 0.0% | P@20: 0.0% | LR: 0.000201
[09:40:48] EP 001 | Step 0400/1216 | Loss: 2.2141 | Grad: 4.392 | P@10: 0.0% | P@20: 15.0% | LR: 0.000201
[09:40:49] EP 001 | Step 0500/1216 | Loss: 2.3047 | Grad: 6.264 | P@10: 0.0% | P@20: 10.0% | LR: 0.000202
[09:40:50] EP 001 | Step 0600/1216 | Loss: 2.1521 | Grad: 4.581 | P@10: 10.0% | P@20: 25.0% | LR: 0.000203
[09:40:50] EP 001 | Step 0700/1216 | Loss: 1.9020 | Grad: 8.234 | P@10: 30.0% | P@20: 20.0% | LR: 0.000204
[09:40:51] EP 001 | Step 0800/1216 | Loss: 2.4877 | Grad: 6.295 | P@10: 0.0% | P@20: 20.0% | LR: 0.000206
[09:40:52] EP 001 | Step 0900/1216 | Loss: 2.4606 | Grad: 5.750 | P@10: 10.0% | P@20: 25.0% | LR: 0.000207
[09:40:52] EP 001 | Step 1000/1216 | Loss: 2.1889 | Grad: 8.100 | P@10: 40.0% | P@20: 25.0% | LR: 0.000209
[09:40:53] EP 001 | Step 1100/1216 | Loss: 2.0898 | Grad: 8.488 | P@10: 30.0% | P@20: 30.0% | LR: 0.000211
[09:40:54] EP 001 | Step 1200/1216 | Loss: 2.5158 | Grad: 6.226 | P@10: 20.0% | P@20: 30.0% | LR: 0.000213
==============================================================================================================
FIM EP 001 | Val Loss: 0.0432 | P@10 FINAL: 14.34% | P@20 FINAL: 24.72%
==============================================================================================================
🏆 NEW RECORD: P@10 14.34% (Saved)
[09:40:54] EP 002 | Step 0000/1216 | Loss: 1.6788 | Grad: 11.522 | P@10: 20.0% | P@20: 30.0% | LR: 0.000213
[09:40:55] EP 002 | Step 0100/1216 | Loss: 2.0238 | Grad: 5.916 | P@10: 0.0% | P@20: 30.0% | LR: 0.000215
[09:40:56] EP 002 | Step 0200/1216 | Loss: 1.4802 | Grad: 5.165 | P@10: 30.0% | P@20: 35.0% | LR: 0.000218
[09:40:56] EP 002 | Step 0300/1216 | Loss: 1.6869 | Grad: 5.913 | P@10: 30.0% | P@20: 35.0% | LR: 0.000220
[09:40:57] EP 002 | Step 0400/1216 | Loss: 2.1735 | Grad: 6.529 | P@10: 20.0% | P@20: 20.0% | LR: 0.000223
[09:40:58] EP 002 | Step 0500/1216 | Loss: 1.7046 | Grad: 6.450 | P@10: 10.0% | P@20: 30.0% | LR: 0.000226
[09:40:58] EP 002 | Step 0600/1216 | Loss: 2.7963 | Grad: 9.856 | P@10: 0.0% | P@20: 15.0% | LR: 0.000229
[09:40:59] EP 002 | Step 0700/1216 | Loss: 2.1148 | Grad: 5.813 | P@10: 20.0% | P@20: 20.0% | LR: 0.000233
[09:41:00] EP 002 | Step 0800/1216 | Loss: 2.2857 | Grad: 7.430 | P@10: 10.0% | P@20: 25.0% | LR: 0.000236
[09:41:01] EP 002 | Step 0900/1216 | Loss: 1.9353 | Grad: 3.465 | P@10: 30.0% | P@20: 30.0% | LR: 0.000240
[09:41:01] EP 002 | Step 1000/1216 | Loss: 2.4084 | Grad: 7.122 | P@10: 10.0% | P@20: 15.0% | LR: 0.000244
[09:41:02] EP 002 | Step 1100/1216 | Loss: 2.2859 | Grad: 7.376 | P@10: 20.0% | P@20: 30.0% | LR: 0.000248
[09:41:03] EP 002 | Step 1200/1216 | Loss: 2.5082 | Grad: 7.897 | P@10: 20.0% | P@20: 20.0% | LR: 0.000252
==============================================================================================================
FIM EP 002 | Val Loss: 0.0445 | P@10 FINAL: 17.53% | P@20 FINAL: 27.58%
==============================================================================================================
🏆 NEW RECORD: P@10 17.53% (Saved)
[09:41:04] EP 003 | Step 0000/1216 | Loss: 2.4616 | Grad: 6.018 | P@10: 0.0% | P@20: 10.0% | LR: 0.000252
[09:41:05] EP 003 | Step 0100/1216 | Loss: 2.1052 | Grad: 5.778 | P@10: 30.0% | P@20: 35.0% | LR: 0.000257
[09:41:05] EP 003 | Step 0200/1216 | Loss: 2.3008 | Grad: 4.287 | P@10: 10.0% | P@20: 20.0% | LR: 0.000261
[09:41:06] EP 003 | Step 0300/1216 | Loss: 2.1837 | Grad: 4.311 | P@10: 10.0% | P@20: 35.0% | LR: 0.000266
[09:41:07] EP 003 | Step 0400/1216 | Loss: 2.0891 | Grad: 8.010 | P@10: 40.0% | P@20: 45.0% | LR: 0.000271
[09:41:08] EP 003 | Step 0500/1216 | Loss: 1.8158 | Grad: 8.020 | P@10: 10.0% | P@20: 35.0% | LR: 0.000276
[09:41:08] EP 003 | Step 0600/1216 | Loss: 2.7247 | Grad: 7.315 | P@10: 10.0% | P@20: 25.0% | LR: 0.000281
[09:41:09] EP 003 | Step 0700/1216 | Loss: 2.1874 | Grad: 3.954 | P@10: 10.0% | P@20: 10.0% | LR: 0.000287
[09:41:10] EP 003 | Step 0800/1216 | Loss: 2.0345 | Grad: 4.059 | P@10: 10.0% | P@20: 30.0% | LR: 0.000292
[09:41:11] EP 003 | Step 0900/1216 | Loss: 1.3606 | Grad: 5.002 | P@10: 40.0% | P@20: 35.0% | LR: 0.000298
[09:41:12] EP 003 | Step 1000/1216 | Loss: 1.8120 | Grad: 8.156 | P@10: 20.0% | P@20: 35.0% | LR: 0.000304
[09:41:13] EP 003 | Step 1100/1216 | Loss: 2.4352 | Grad: 6.671 | P@10: 30.0% | P@20: 35.0% | LR: 0.000310
[09:41:15] EP 003 | Step 1200/1216 | Loss: 2.6339 | Grad: 10.778 | P@10: 20.0% | P@20: 30.0% | LR: 0.000317
==============================================================================================================
FIM EP 003 | Val Loss: 0.0620 | P@10 FINAL: 17.60% | P@20 FINAL: 29.01%
==============================================================================================================
🏆 NEW RECORD: P@10 17.60% (Saved)
[09:41:17] EP 004 | Step 0000/1216 | Loss: 2.3021 | Grad: 6.143 | P@10: 20.0% | P@20: 25.0% | LR: 0.000318
[09:41:19] EP 004 | Step 0100/1216 | Loss: 2.0291 | Grad: 5.993 | P@10: 20.0% | P@20: 40.0% | LR: 0.000324
[09:41:20] EP 004 | Step 0200/1216 | Loss: 2.0699 | Grad: 5.235 | P@10: 20.0% | P@20: 25.0% | LR: 0.000331
[09:41:22] EP 004 | Step 0300/1216 | Loss: 1.9215 | Grad: 4.967 | P@10: 10.0% | P@20: 40.0% | LR: 0.000337
[09:41:24] EP 004 | Step 0400/1216 | Loss: 2.0062 | Grad: 5.758 | P@10: 10.0% | P@20: 35.0% | LR: 0.000344
[09:41:26] EP 004 | Step 0500/1216 | Loss: 1.8984 | Grad: 5.807 | P@10: 20.0% | P@20: 25.0% | LR: 0.000352
[09:41:28] EP 004 | Step 0600/1216 | Loss: 1.8061 | Grad: 3.802 | P@10: 10.0% | P@20: 25.0% | LR: 0.000359
[09:41:30] EP 004 | Step 0700/1216 | Loss: 3.0087 | Grad: 12.511 | P@10: 10.0% | P@20: 15.0% | LR: 0.000366
[09:41:31] EP 004 | Step 0800/1216 | Loss: 2.0799 | Grad: 5.576 | P@10: 20.0% | P@20: 35.0% | LR: 0.000374
[09:41:33] EP 004 | Step 0900/1216 | Loss: 1.8763 | Grad: 6.436 | P@10: 30.0% | P@20: 25.0% | LR: 0.000382
[09:41:35] EP 004 | Step 1000/1216 | Loss: 2.0644 | Grad: 6.380 | P@10: 20.0% | P@20: 50.0% | LR: 0.000390
[09:41:37] EP 004 | Step 1100/1216 | Loss: 2.2482 | Grad: 5.670 | P@10: 20.0% | P@20: 25.0% | LR: 0.000398
[09:41:39] EP 004 | Step 1200/1216 | Loss: 2.3413 | Grad: 3.489 | P@10: 10.0% | P@20: 20.0% | LR: 0.000406
==============================================================================================================
FIM EP 004 | Val Loss: 0.0491 | P@10 FINAL: 17.96% | P@20 FINAL: 29.08%
==============================================================================================================
🏆 NEW RECORD: P@10 17.96% (Saved)
[09:41:41] EP 005 | Step 0000/1216 | Loss: 2.2615 | Grad: 7.602 | P@10: 20.0% | P@20: 30.0% | LR: 0.000408
[09:41:43] EP 005 | Step 0100/1216 | Loss: 1.8625 | Grad: 3.396 | P@10: 20.0% | P@20: 20.0% | LR: 0.000416
[09:41:44] EP 005 | Step 0200/1216 | Loss: 2.1745 | Grad: 5.560 | P@10: 20.0% | P@20: 20.0% | LR: 0.000425
[09:41:46] EP 005 | Step 0300/1216 | Loss: 1.8321 | Grad: 6.455 | P@10: 10.0% | P@20: 25.0% | LR: 0.000434
[09:41:48] EP 005 | Step 0400/1216 | Loss: 1.6237 | Grad: 5.547 | P@10: 20.0% | P@20: 30.0% | LR: 0.000443
[09:41:50] EP 005 | Step 0500/1216 | Loss: 1.1837 | Grad: 3.765 | P@10: 30.0% | P@20: 25.0% | LR: 0.000452
[09:41:52] EP 005 | Step 0600/1216 | Loss: 2.1605 | Grad: 4.377 | P@10: 20.0% | P@20: 30.0% | LR: 0.000461
[09:41:54] EP 005 | Step 0700/1216 | Loss: 2.1568 | Grad: 4.261 | P@10: 10.0% | P@20: 35.0% | LR: 0.000470
[09:41:56] EP 005 | Step 0800/1216 | Loss: 2.4622 | Grad: 6.209 | P@10: 20.0% | P@20: 30.0% | LR: 0.000480
[09:41:57] EP 005 | Step 0900/1216 | Loss: 1.8796 | Grad: 7.664 | P@10: 0.0% | P@20: 25.0% | LR: 0.000490
[09:41:59] EP 005 | Step 1000/1216 | Loss: 1.7502 | Grad: 5.856 | P@10: 20.0% | P@20: 35.0% | LR: 0.000500
[09:42:01] EP 005 | Step 1100/1216 | Loss: 1.9165 | Grad: 7.688 | P@10: 10.0% | P@20: 30.0% | LR: 0.000510
[09:42:03] EP 005 | Step 1200/1216 | Loss: 2.2109 | Grad: 5.073 | P@10: 0.0% | P@20: 10.0% | LR: 0.000520
==============================================================================================================
FIM EP 005 | Val Loss: 0.0448 | P@10 FINAL: 20.72% | P@20 FINAL: 28.95%
==============================================================================================================
🏆 NEW RECORD: P@10 20.72% (Saved)
[09:42:05] EP 006 | Step 0000/1216 | Loss: 1.6307 | Grad: 4.571 | P@10: 30.0% | P@20: 35.0% | LR: 0.000522
[09:42:07] EP 006 | Step 0100/1216 | Loss: 2.0451 | Grad: 3.495 | P@10: 30.0% | P@20: 35.0% | LR: 0.000532
[09:42:09] EP 006 | Step 0200/1216 | Loss: 1.9823 | Grad: 5.513 | P@10: 20.0% | P@20: 20.0% | LR: 0.000543
[09:42:10] EP 006 | Step 0300/1216 | Loss: 2.2210 | Grad: 5.566 | P@10: 20.0% | P@20: 10.0% | LR: 0.000553
[09:42:12] EP 006 | Step 0400/1216 | Loss: 2.3522 | Grad: 6.522 | P@10: 10.0% | P@20: 20.0% | LR: 0.000564
[09:42:14] EP 006 | Step 0500/1216 | Loss: 2.1011 | Grad: 3.015 | P@10: 0.0% | P@20: 20.0% | LR: 0.000575
[09:42:16] EP 006 | Step 0600/1216 | Loss: 2.3339 | Grad: 9.645 | P@10: 10.0% | P@20: 35.0% | LR: 0.000586
[09:42:18] EP 006 | Step 0700/1216 | Loss: 2.5316 | Grad: 5.672 | P@10: 0.0% | P@20: 5.0% | LR: 0.000598
[09:42:20] EP 006 | Step 0800/1216 | Loss: 2.1398 | Grad: 2.332 | P@10: 0.0% | P@20: 30.0% | LR: 0.000609
[09:42:21] EP 006 | Step 0900/1216 | Loss: 2.1163 | Grad: 3.962 | P@10: 20.0% | P@20: 30.0% | LR: 0.000621
[09:42:23] EP 006 | Step 1000/1216 | Loss: 2.1755 | Grad: 5.867 | P@10: 10.0% | P@20: 20.0% | LR: 0.000633
[09:42:25] EP 006 | Step 1100/1216 | Loss: 1.6475 | Grad: 7.311 | P@10: 20.0% | P@20: 35.0% | LR: 0.000645
[09:42:27] EP 006 | Step 1200/1216 | Loss: 1.9323 | Grad: 5.532 | P@10: 20.0% | P@20: 20.0% | LR: 0.000657
==============================================================================================================
FIM EP 006 | Val Loss: 0.0569 | P@10 FINAL: 19.77% | P@20 FINAL: 29.79%
==============================================================================================================
[09:42:29] EP 007 | Step 0000/1216 | Loss: 2.0072 | Grad: 4.068 | P@10: 10.0% | P@20: 15.0% | LR: 0.000659
[09:42:31] EP 007 | Step 0100/1216 | Loss: 2.3508 | Grad: 3.949 | P@10: 10.0% | P@20: 20.0% | LR: 0.000671
[09:42:33] EP 007 | Step 0200/1216 | Loss: 2.1591 | Grad: 6.220 | P@10: 0.0% | P@20: 25.0% | LR: 0.000683
[09:42:34] EP 007 | Step 0300/1216 | Loss: 2.0639 | Grad: 6.030 | P@10: 10.0% | P@20: 25.0% | LR: 0.000696
[09:42:36] EP 007 | Step 0400/1216 | Loss: 2.2023 | Grad: 5.141 | P@10: 0.0% | P@20: 15.0% | LR: 0.000708
[09:42:38] EP 007 | Step 0500/1216 | Loss: 1.7516 | Grad: 3.731 | P@10: 20.0% | P@20: 25.0% | LR: 0.000721
[09:42:40] EP 007 | Step 0600/1216 | Loss: 1.5695 | Grad: 6.512 | P@10: 10.0% | P@20: 25.0% | LR: 0.000734
[09:42:42] EP 007 | Step 0700/1216 | Loss: 1.6753 | Grad: 5.965 | P@10: 40.0% | P@20: 40.0% | LR: 0.000747
[09:42:44] EP 007 | Step 0800/1216 | Loss: 1.7145 | Grad: 3.884 | P@10: 30.0% | P@20: 35.0% | LR: 0.000760
[09:42:45] EP 007 | Step 0900/1216 | Loss: 1.5227 | Grad: 3.238 | P@10: 20.0% | P@20: 30.0% | LR: 0.000774
[09:42:47] EP 007 | Step 1000/1216 | Loss: 2.4108 | Grad: 5.762 | P@10: 20.0% | P@20: 25.0% | LR: 0.000787
[09:42:49] EP 007 | Step 1100/1216 | Loss: 1.9769 | Grad: 3.907 | P@10: 10.0% | P@20: 30.0% | LR: 0.000801
[09:42:51] EP 007 | Step 1200/1216 | Loss: 2.2793 | Grad: 8.537 | P@10: 20.0% | P@20: 25.0% | LR: 0.000814
==============================================================================================================
FIM EP 007 | Val Loss: 0.0581 | P@10 FINAL: 21.81% | P@20 FINAL: 30.74%
==============================================================================================================
🏆 NEW RECORD: P@10 21.81% (Saved)
[09:42:53] EP 008 | Step 0000/1216 | Loss: 2.2017 | Grad: 5.632 | P@10: 20.0% | P@20: 20.0% | LR: 0.000817
[09:42:55] EP 008 | Step 0100/1216 | Loss: 2.1948 | Grad: 4.335 | P@10: 20.0% | P@20: 25.0% | LR: 0.000831
[09:42:57] EP 008 | Step 0200/1216 | Loss: 2.0870 | Grad: 6.289 | P@10: 0.0% | P@20: 15.0% | LR: 0.000845
[09:42:59] EP 008 | Step 0300/1216 | Loss: 2.1873 | Grad: 3.155 | P@10: 0.0% | P@20: 20.0% | LR: 0.000859
[09:43:00] EP 008 | Step 0400/1216 | Loss: 2.4480 | Grad: 4.927 | P@10: 0.0% | P@20: 25.0% | LR: 0.000873
[09:43:02] EP 008 | Step 0500/1216 | Loss: 2.5835 | Grad: 5.668 | P@10: 10.0% | P@20: 15.0% | LR: 0.000887
[09:43:04] EP 008 | Step 0600/1216 | Loss: 2.1181 | Grad: 4.357 | P@10: 30.0% | P@20: 35.0% | LR: 0.000902
[09:43:06] EP 008 | Step 0700/1216 | Loss: 2.2172 | Grad: 4.126 | P@10: 10.0% | P@20: 30.0% | LR: 0.000917
[09:43:08] EP 008 | Step 0800/1216 | Loss: 2.4454 | Grad: 5.768 | P@10: 20.0% | P@20: 25.0% | LR: 0.000931
[09:43:10] EP 008 | Step 0900/1216 | Loss: 1.7995 | Grad: 9.041 | P@10: 10.0% | P@20: 40.0% | LR: 0.000946
[09:43:12] EP 008 | Step 1000/1216 | Loss: 1.5860 | Grad: 7.943 | P@10: 30.0% | P@20: 40.0% | LR: 0.000961
[09:43:14] EP 008 | Step 1100/1216 | Loss: 2.4491 | Grad: 4.309 | P@10: 10.0% | P@20: 10.0% | LR: 0.000977
[09:43:16] EP 008 | Step 1200/1216 | Loss: 2.3069 | Grad: 4.689 | P@10: 20.0% | P@20: 20.0% | LR: 0.000992
==============================================================================================================
FIM EP 008 | Val Loss: 0.0606 | P@10 FINAL: 22.11% | P@20 FINAL: 30.44%
==============================================================================================================
🏆 NEW RECORD: P@10 22.11% (Saved)
[09:43:18] EP 009 | Step 0000/1216 | Loss: 2.0339 | Grad: 5.420 | P@10: 0.0% | P@20: 20.0% | LR: 0.000994
[09:43:19] EP 009 | Step 0100/1216 | Loss: 2.2191 | Grad: 4.109 | P@10: 20.0% | P@20: 30.0% | LR: 0.001010
[09:43:21] EP 009 | Step 0200/1216 | Loss: 2.2516 | Grad: 3.069 | P@10: 20.0% | P@20: 20.0% | LR: 0.001025
[09:43:23] EP 009 | Step 0300/1216 | Loss: 2.0260 | Grad: 5.307 | P@10: 20.0% | P@20: 20.0% | LR: 0.001041
[09:43:25] EP 009 | Step 0400/1216 | Loss: 2.1227 | Grad: 3.544 | P@10: 10.0% | P@20: 20.0% | LR: 0.001057
[09:43:27] EP 009 | Step 0500/1216 | Loss: 1.4848 | Grad: 3.881 | P@10: 30.0% | P@20: 45.0% | LR: 0.001073
[09:43:29] EP 009 | Step 0600/1216 | Loss: 1.8849 | Grad: 3.377 | P@10: 20.0% | P@20: 20.0% | LR: 0.001089
[09:43:31] EP 009 | Step 0700/1216 | Loss: 2.0979 | Grad: 6.281 | P@10: 20.0% | P@20: 25.0% | LR: 0.001105
[09:43:33] EP 009 | Step 0800/1216 | Loss: 1.9098 | Grad: 6.680 | P@10: 10.0% | P@20: 25.0% | LR: 0.001121
[09:43:35] EP 009 | Step 0900/1216 | Loss: 2.5314 | Grad: 5.885 | P@10: 20.0% | P@20: 15.0% | LR: 0.001137
[09:43:37] EP 009 | Step 1000/1216 | Loss: 1.8924 | Grad: 6.419 | P@10: 20.0% | P@20: 25.0% | LR: 0.001154
[09:43:39] EP 009 | Step 1100/1216 | Loss: 2.2704 | Grad: 4.691 | P@10: 10.0% | P@20: 15.0% | LR: 0.001170
[09:43:40] EP 009 | Step 1200/1216 | Loss: 2.1702 | Grad: 7.148 | P@10: 0.0% | P@20: 10.0% | LR: 0.001187
==============================================================================================================
FIM EP 009 | Val Loss: 0.0490 | P@10 FINAL: 22.93% | P@20 FINAL: 31.10%
==============================================================================================================
🏆 NEW RECORD: P@10 22.93% (Saved)
[09:43:43] EP 010 | Step 0000/1216 | Loss: 2.1828 | Grad: 4.804 | P@10: 20.0% | P@20: 20.0% | LR: 0.001190
[09:43:44] EP 010 | Step 0100/1216 | Loss: 2.1415 | Grad: 4.659 | P@10: 10.0% | P@20: 25.0% | LR: 0.001206
[09:43:46] EP 010 | Step 0200/1216 | Loss: 1.7578 | Grad: 4.295 | P@10: 10.0% | P@20: 35.0% | LR: 0.001223
[09:43:48] EP 010 | Step 0300/1216 | Loss: 2.6317 | Grad: 5.644 | P@10: 20.0% | P@20: 15.0% | LR: 0.001240
[09:43:50] EP 010 | Step 0400/1216 | Loss: 1.9308 | Grad: 5.143 | P@10: 10.0% | P@20: 20.0% | LR: 0.001257
[09:43:52] EP 010 | Step 0500/1216 | Loss: 1.5648 | Grad: 3.331 | P@10: 40.0% | P@20: 40.0% | LR: 0.001274
[09:43:54] EP 010 | Step 0600/1216 | Loss: 2.0992 | Grad: 5.155 | P@10: 0.0% | P@20: 15.0% | LR: 0.001292
[09:43:56] EP 010 | Step 0700/1216 | Loss: 1.8646 | Grad: 5.262 | P@10: 20.0% | P@20: 40.0% | LR: 0.001309
[09:43:58] EP 010 | Step 0800/1216 | Loss: 2.1959 | Grad: 3.772 | P@10: 20.0% | P@20: 25.0% | LR: 0.001327
[09:44:00] EP 010 | Step 0900/1216 | Loss: 1.1989 | Grad: 5.894 | P@10: 30.0% | P@20: 35.0% | LR: 0.001344
[09:44:02] EP 010 | Step 1000/1216 | Loss: 2.0965 | Grad: 5.239 | P@10: 0.0% | P@20: 30.0% | LR: 0.001362
[09:44:04] EP 010 | Step 1100/1216 | Loss: 1.4793 | Grad: 8.226 | P@10: 20.0% | P@20: 30.0% | LR: 0.001380
[09:44:06] EP 010 | Step 1200/1216 | Loss: 2.2584 | Grad: 3.117 | P@10: 0.0% | P@20: 20.0% | LR: 0.001397
==============================================================================================================
FIM EP 010 | Val Loss: 0.0411 | P@10 FINAL: 21.09% | P@20 FINAL: 30.23%
==============================================================================================================
[09:44:08] EP 011 | Step 0000/1216 | Loss: 2.2424 | Grad: 3.579 | P@10: 20.0% | P@20: 20.0% | LR: 0.001400
[09:44:09] EP 011 | Step 0100/1216 | Loss: 2.2714 | Grad: 4.361 | P@10: 40.0% | P@20: 35.0% | LR: 0.001418
[09:44:11] EP 011 | Step 0200/1216 | Loss: 1.6339 | Grad: 3.514 | P@10: 10.0% | P@20: 25.0% | LR: 0.001436
[09:44:13] EP 011 | Step 0300/1216 | Loss: 1.9739 | Grad: 4.063 | P@10: 30.0% | P@20: 30.0% | LR: 0.001454
[09:44:15] EP 011 | Step 0400/1216 | Loss: 2.2399 | Grad: 2.189 | P@10: 20.0% | P@20: 30.0% | LR: 0.001473
[09:44:17] EP 011 | Step 0500/1216 | Loss: 2.1132 | Grad: 4.018 | P@10: 10.0% | P@20: 30.0% | LR: 0.001491
[09:44:19] EP 011 | Step 0600/1216 | Loss: 1.8887 | Grad: 6.031 | P@10: 20.0% | P@20: 30.0% | LR: 0.001509
[09:44:21] EP 011 | Step 0700/1216 | Loss: 2.0027 | Grad: 4.630 | P@10: 20.0% | P@20: 30.0% | LR: 0.001528
[09:44:23] EP 011 | Step 0800/1216 | Loss: 2.5033 | Grad: 7.456 | P@10: 10.0% | P@20: 15.0% | LR: 0.001546
[09:44:25] EP 011 | Step 0900/1216 | Loss: 2.2258 | Grad: 8.187 | P@10: 20.0% | P@20: 25.0% | LR: 0.001565
[09:44:27] EP 011 | Step 1000/1216 | Loss: 2.4030 | Grad: 6.160 | P@10: 10.0% | P@20: 25.0% | LR: 0.001583
[09:44:29] EP 011 | Step 1100/1216 | Loss: 2.5310 | Grad: 6.718 | P@10: 30.0% | P@20: 20.0% | LR: 0.001602
[09:44:31] EP 011 | Step 1200/1216 | Loss: 1.9445 | Grad: 3.741 | P@10: 0.0% | P@20: 25.0% | LR: 0.001621
==============================================================================================================
FIM EP 011 | Val Loss: 0.0518 | P@10 FINAL: 22.80% | P@20 FINAL: 29.67%
==============================================================================================================
[09:44:33] EP 012 | Step 0000/1216 | Loss: 1.5676 | Grad: 7.573 | P@10: 10.0% | P@20: 25.0% | LR: 0.001624
[09:44:35] EP 012 | Step 0100/1216 | Loss: 2.4130 | Grad: 6.127 | P@10: 20.0% | P@20: 20.0% | LR: 0.001643
[09:44:37] EP 012 | Step 0200/1216 | Loss: 2.1535 | Grad: 3.265 | P@10: 20.0% | P@20: 25.0% | LR: 0.001662
[09:44:39] EP 012 | Step 0300/1216 | Loss: 1.8949 | Grad: 5.809 | P@10: 20.0% | P@20: 25.0% | LR: 0.001681
[09:44:40] EP 012 | Step 0400/1216 | Loss: 1.9554 | Grad: 4.980 | P@10: 30.0% | P@20: 40.0% | LR: 0.001700
[09:44:42] EP 012 | Step 0500/1216 | Loss: 2.3351 | Grad: 4.285 | P@10: 20.0% | P@20: 25.0% | LR: 0.001719
[09:44:44] EP 012 | Step 0600/1216 | Loss: 1.3670 | Grad: 6.572 | P@10: 40.0% | P@20: 50.0% | LR: 0.001739
[09:44:46] EP 012 | Step 0700/1216 | Loss: 1.4400 | Grad: 5.058 | P@10: 20.0% | P@20: 30.0% | LR: 0.001758
[09:44:48] EP 012 | Step 0800/1216 | Loss: 1.9573 | Grad: 5.956 | P@10: 20.0% | P@20: 20.0% | LR: 0.001777
[09:44:50] EP 012 | Step 0900/1216 | Loss: 2.1211 | Grad: 7.549 | P@10: 0.0% | P@20: 15.0% | LR: 0.001797
[09:44:52] EP 012 | Step 1000/1216 | Loss: 1.9432 | Grad: 4.174 | P@10: 10.0% | P@20: 30.0% | LR: 0.001816
[09:44:54] EP 012 | Step 1100/1216 | Loss: 2.2414 | Grad: 5.133 | P@10: 10.0% | P@20: 25.0% | LR: 0.001836
[09:44:56] EP 012 | Step 1200/1216 | Loss: 1.7690 | Grad: 4.878 | P@10: 30.0% | P@20: 20.0% | LR: 0.001855
==============================================================================================================
FIM EP 012 | Val Loss: 0.0434 | P@10 FINAL: 23.13% | P@20 FINAL: 30.38%
==============================================================================================================
🏆 NEW RECORD: P@10 23.13% (Saved)
[09:44:58] EP 013 | Step 0000/1216 | Loss: 2.1623 | Grad: 5.607 | P@10: 20.0% | P@20: 25.0% | LR: 0.001859
[09:45:00] EP 013 | Step 0100/1216 | Loss: 2.3849 | Grad: 3.561 | P@10: 20.0% | P@20: 35.0% | LR: 0.001878
[09:45:02] EP 013 | Step 0200/1216 | Loss: 1.8650 | Grad: 5.942 | P@10: 50.0% | P@20: 35.0% | LR: 0.001898
[09:45:04] EP 013 | Step 0300/1216 | Loss: 2.6551 | Grad: 8.810 | P@10: 20.0% | P@20: 20.0% | LR: 0.001918
[09:45:06] EP 013 | Step 0400/1216 | Loss: 2.5845 | Grad: 6.205 | P@10: 20.0% | P@20: 25.0% | LR: 0.001938
[09:45:08] EP 013 | Step 0500/1216 | Loss: 2.2367 | Grad: 6.299 | P@10: 20.0% | P@20: 20.0% | LR: 0.001958
[09:45:10] EP 013 | Step 0600/1216 | Loss: 1.6021 | Grad: 5.119 | P@10: 30.0% | P@20: 60.0% | LR: 0.001978
[09:45:12] EP 013 | Step 0700/1216 | Loss: 1.6766 | Grad: 4.669 | P@10: 40.0% | P@20: 35.0% | LR: 0.001998
[09:45:14] EP 013 | Step 0800/1216 | Loss: 2.5984 | Grad: 4.894 | P@10: 10.0% | P@20: 20.0% | LR: 0.002018
[09:45:16] EP 013 | Step 0900/1216 | Loss: 1.7941 | Grad: 3.952 | P@10: 10.0% | P@20: 35.0% | LR: 0.002038
[09:45:18] EP 013 | Step 1000/1216 | Loss: 2.7260 | Grad: 8.889 | P@10: 0.0% | P@20: 10.0% | LR: 0.002058
[09:45:20] EP 013 | Step 1100/1216 | Loss: 3.1749 | Grad: 13.776 | P@10: 10.0% | P@20: 15.0% | LR: 0.002078
[09:45:22] EP 013 | Step 1200/1216 | Loss: 2.1846 | Grad: 5.884 | P@10: 0.0% | P@20: 20.0% | LR: 0.002098
==============================================================================================================
FIM EP 013 | Val Loss: 0.0472 | P@10 FINAL: 19.41% | P@20 FINAL: 29.44%
==============================================================================================================
[09:45:24] EP 014 | Step 0000/1216 | Loss: 2.1571 | Grad: 6.024 | P@10: 30.0% | P@20: 25.0% | LR: 0.002101
[09:45:26] EP 014 | Step 0100/1216 | Loss: 2.2405 | Grad: 3.852 | P@10: 30.0% | P@20: 20.0% | LR: 0.002122
[09:45:28] EP 014 | Step 0200/1216 | Loss: 2.1331 | Grad: 3.583 | P@10: 20.0% | P@20: 20.0% | LR: 0.002142
[09:45:30] EP 014 | Step 0300/1216 | Loss: 2.0314 | Grad: 4.952 | P@10: 30.0% | P@20: 40.0% | LR: 0.002162
[09:45:32] EP 014 | Step 0400/1216 | Loss: 2.0595 | Grad: 5.396 | P@10: 30.0% | P@20: 35.0% | LR: 0.002182
[09:45:34] EP 014 | Step 0500/1216 | Loss: 2.6646 | Grad: 5.625 | P@10: 10.0% | P@20: 20.0% | LR: 0.002203
[09:45:36] EP 014 | Step 0600/1216 | Loss: 1.8815 | Grad: 8.895 | P@10: 10.0% | P@20: 20.0% | LR: 0.002223
[09:45:38] EP 014 | Step 0700/1216 | Loss: 1.4740 | Grad: 6.338 | P@10: 10.0% | P@20: 25.0% | LR: 0.002244
[09:45:39] EP 014 | Step 0800/1216 | Loss: 1.4427 | Grad: 2.615 | P@10: 50.0% | P@20: 40.0% | LR: 0.002264
[09:45:41] EP 014 | Step 0900/1216 | Loss: 2.3374 | Grad: 5.563 | P@10: 30.0% | P@20: 25.0% | LR: 0.002285
[09:45:43] EP 014 | Step 1000/1216 | Loss: 2.3005 | Grad: 8.040 | P@10: 0.0% | P@20: 5.0% | LR: 0.002305
[09:45:45] EP 014 | Step 1100/1216 | Loss: 2.5226 | Grad: 8.842 | P@10: 10.0% | P@20: 20.0% | LR: 0.002326
[09:45:47] EP 014 | Step 1200/1216 | Loss: 2.3599 | Grad: 4.381 | P@10: 10.0% | P@20: 25.0% | LR: 0.002346
==============================================================================================================
FIM EP 014 | Val Loss: 0.0629 | P@10 FINAL: 21.38% | P@20 FINAL: 28.93%
==============================================================================================================
[09:45:49] EP 015 | Step 0000/1216 | Loss: 2.2883 | Grad: 7.595 | P@10: 40.0% | P@20: 30.0% | LR: 0.002349
[09:45:51] EP 015 | Step 0100/1216 | Loss: 1.9452 | Grad: 5.815 | P@10: 10.0% | P@20: 25.0% | LR: 0.002370
[09:45:53] EP 015 | Step 0200/1216 | Loss: 2.3608 | Grad: 6.481 | P@10: 0.0% | P@20: 25.0% | LR: 0.002391
[09:45:55] EP 015 | Step 0300/1216 | Loss: 2.0241 | Grad: 5.011 | P@10: 30.0% | P@20: 25.0% | LR: 0.002411
[09:45:57] EP 015 | Step 0400/1216 | Loss: 2.1522 | Grad: 6.361 | P@10: 30.0% | P@20: 30.0% | LR: 0.002432
[09:45:59] EP 015 | Step 0500/1216 | Loss: 1.7725 | Grad: 5.538 | P@10: 10.0% | P@20: 40.0% | LR: 0.002452
[09:46:01] EP 015 | Step 0600/1216 | Loss: 2.4384 | Grad: 10.353 | P@10: 10.0% | P@20: 10.0% | LR: 0.002473
[09:46:03] EP 015 | Step 0700/1216 | Loss: 1.3611 | Grad: 5.510 | P@10: 60.0% | P@20: 35.0% | LR: 0.002494
[09:46:05] EP 015 | Step 0800/1216 | Loss: 1.9588 | Grad: 6.360 | P@10: 0.0% | P@20: 15.0% | LR: 0.002514
[09:46:07] EP 015 | Step 0900/1216 | Loss: 2.7944 | Grad: 7.061 | P@10: 0.0% | P@20: 15.0% | LR: 0.002535
[09:46:09] EP 015 | Step 1000/1216 | Loss: 2.2326 | Grad: 9.615 | P@10: 20.0% | P@20: 20.0% | LR: 0.002556
[09:46:11] EP 015 | Step 1100/1216 | Loss: 2.4611 | Grad: 6.486 | P@10: 20.0% | P@20: 30.0% | LR: 0.002576
[09:46:13] EP 015 | Step 1200/1216 | Loss: 2.5114 | Grad: 6.285 | P@10: 0.0% | P@20: 10.0% | LR: 0.002597
==============================================================================================================
FIM EP 015 | Val Loss: 0.0560 | P@10 FINAL: 22.17% | P@20 FINAL: 29.93%
==============================================================================================================
[09:46:15] EP 016 | Step 0000/1216 | Loss: 1.9002 | Grad: 3.856 | P@10: 20.0% | P@20: 25.0% | LR: 0.002600
[09:46:17] EP 016 | Step 0100/1216 | Loss: 2.7780 | Grad: 10.471 | P@10: 0.0% | P@20: 15.0% | LR: 0.002621
[09:46:19] EP 016 | Step 0200/1216 | Loss: 2.3518 | Grad: 3.123 | P@10: 20.0% | P@20: 30.0% | LR: 0.002642
[09:46:21] EP 016 | Step 0300/1216 | Loss: 2.2001 | Grad: 4.714 | P@10: 10.0% | P@20: 20.0% | LR: 0.002662
[09:46:23] EP 016 | Step 0400/1216 | Loss: 2.6979 | Grad: 7.070 | P@10: 10.0% | P@20: 30.0% | LR: 0.002683
[09:46:25] EP 016 | Step 0500/1216 | Loss: 1.8309 | Grad: 4.030 | P@10: 20.0% | P@20: 30.0% | LR: 0.002704
[09:46:27] EP 016 | Step 0600/1216 | Loss: 2.2189 | Grad: 11.346 | P@10: 0.0% | P@20: 20.0% | LR: 0.002724
[09:46:29] EP 016 | Step 0700/1216 | Loss: 2.9263 | Grad: 12.190 | P@10: 10.0% | P@20: 25.0% | LR: 0.002745
[09:46:31] EP 016 | Step 0800/1216 | Loss: 2.3446 | Grad: 6.629 | P@10: 20.0% | P@20: 25.0% | LR: 0.002766
[09:46:33] EP 016 | Step 0900/1216 | Loss: 2.0861 | Grad: 5.405 | P@10: 50.0% | P@20: 35.0% | LR: 0.002786
[09:46:35] EP 016 | Step 1000/1216 | Loss: 2.3647 | Grad: 5.177 | P@10: 10.0% | P@20: 25.0% | LR: 0.002807
[09:46:37] EP 016 | Step 1100/1216 | Loss: 2.0043 | Grad: 5.940 | P@10: 20.0% | P@20: 35.0% | LR: 0.002827
[09:46:39] EP 016 | Step 1200/1216 | Loss: 1.6094 | Grad: 7.358 | P@10: 20.0% | P@20: 40.0% | LR: 0.002848
==============================================================================================================
FIM EP 016 | Val Loss: 0.0556 | P@10 FINAL: 21.41% | P@20 FINAL: 29.14%
==============================================================================================================
[09:46:41] EP 017 | Step 0000/1216 | Loss: 2.5040 | Grad: 7.080 | P@10: 30.0% | P@20: 25.0% | LR: 0.002851
[09:46:43] EP 017 | Step 0100/1216 | Loss: 2.2317 | Grad: 4.454 | P@10: 30.0% | P@20: 25.0% | LR: 0.002872
[09:46:45] EP 017 | Step 0200/1216 | Loss: 1.4542 | Grad: 4.947 | P@10: 30.0% | P@20: 35.0% | LR: 0.002892
[09:46:47] EP 017 | Step 0300/1216 | Loss: 2.0937 | Grad: 5.380 | P@10: 20.0% | P@20: 20.0% | LR: 0.002913
[09:46:49] EP 017 | Step 0400/1216 | Loss: 3.0943 | Grad: 9.712 | P@10: 10.0% | P@20: 30.0% | LR: 0.002933
[09:46:51] EP 017 | Step 0500/1216 | Loss: 2.3635 | Grad: 6.674 | P@10: 20.0% | P@20: 20.0% | LR: 0.002954
[09:46:53] EP 017 | Step 0600/1216 | Loss: 2.8659 | Grad: 5.270 | P@10: 30.0% | P@20: 30.0% | LR: 0.002974
[09:46:55] EP 017 | Step 0700/1216 | Loss: 2.7011 | Grad: 6.728 | P@10: 10.0% | P@20: 15.0% | LR: 0.002995
[09:46:57] EP 017 | Step 0800/1216 | Loss: 2.5888 | Grad: 5.377 | P@10: 30.0% | P@20: 30.0% | LR: 0.003015
[09:46:59] EP 017 | Step 0900/1216 | Loss: 1.0620 | Grad: 4.998 | P@10: 40.0% | P@20: 45.0% | LR: 0.003035
[09:47:01] EP 017 | Step 1000/1216 | Loss: 1.9023 | Grad: 3.130 | P@10: 10.0% | P@20: 20.0% | LR: 0.003056
[09:47:03] EP 017 | Step 1100/1216 | Loss: 2.4204 | Grad: 5.941 | P@10: 0.0% | P@20: 25.0% | LR: 0.003076
[09:47:05] EP 017 | Step 1200/1216 | Loss: 2.0265 | Grad: 4.093 | P@10: 0.0% | P@20: 15.0% | LR: 0.003096
==============================================================================================================
FIM EP 017 | Val Loss: 0.0444 | P@10 FINAL: 19.41% | P@20 FINAL: 28.40%
==============================================================================================================
[09:47:07] EP 018 | Step 0000/1216 | Loss: 1.7947 | Grad: 4.806 | P@10: 20.0% | P@20: 35.0% | LR: 0.003099
[09:47:09] EP 018 | Step 0100/1216 | Loss: 2.3612 | Grad: 3.757 | P@10: 10.0% | P@20: 15.0% | LR: 0.003120
[09:47:11] EP 018 | Step 0200/1216 | Loss: 2.4616 | Grad: 6.295 | P@10: 0.0% | P@20: 5.0% | LR: 0.003140
[09:47:13] EP 018 | Step 0300/1216 | Loss: 2.0897 | Grad: 4.546 | P@10: 20.0% | P@20: 20.0% | LR: 0.003160
[09:47:15] EP 018 | Step 0400/1216 | Loss: 2.0500 | Grad: 3.100 | P@10: 10.0% | P@20: 25.0% | LR: 0.003180
[09:47:17] EP 018 | Step 0500/1216 | Loss: 3.0933 | Grad: 4.393 | P@10: 10.0% | P@20: 15.0% | LR: 0.003200
[09:47:19] EP 018 | Step 0600/1216 | Loss: 1.9019 | Grad: 3.786 | P@10: 10.0% | P@20: 20.0% | LR: 0.003220
[09:47:21] EP 018 | Step 0700/1216 | Loss: 1.7405 | Grad: 5.985 | P@10: 30.0% | P@20: 40.0% | LR: 0.003240
[09:47:23] EP 018 | Step 0800/1216 | Loss: 1.8897 | Grad: 4.114 | P@10: 30.0% | P@20: 25.0% | LR: 0.003260
[09:47:26] EP 018 | Step 0900/1216 | Loss: 2.0439 | Grad: 5.048 | P@10: 20.0% | P@20: 35.0% | LR: 0.003280
[09:47:28] EP 018 | Step 1000/1216 | Loss: 2.1361 | Grad: 4.973 | P@10: 20.0% | P@20: 25.0% | LR: 0.003299
[09:47:30] EP 018 | Step 1100/1216 | Loss: 2.2640 | Grad: 4.229 | P@10: 20.0% | P@20: 25.0% | LR: 0.003319
[09:47:32] EP 018 | Step 1200/1216 | Loss: 1.9375 | Grad: 19.144 | P@10: 0.0% | P@20: 15.0% | LR: 0.003339
==============================================================================================================
FIM EP 018 | Val Loss: 0.0691 | P@10 FINAL: 19.05% | P@20 FINAL: 28.12%
==============================================================================================================
[09:47:34] EP 019 | Step 0000/1216 | Loss: 1.4686 | Grad: 7.076 | P@10: 30.0% | P@20: 25.0% | LR: 0.003342
[09:47:36] EP 019 | Step 0100/1216 | Loss: 2.5505 | Grad: 3.936 | P@10: 0.0% | P@20: 15.0% | LR: 0.003362
[09:47:38] EP 019 | Step 0200/1216 | Loss: 2.1501 | Grad: 5.327 | P@10: 30.0% | P@20: 20.0% | LR: 0.003381
[09:47:40] EP 019 | Step 0300/1216 | Loss: 1.8495 | Grad: 5.181 | P@10: 30.0% | P@20: 35.0% | LR: 0.003401
[09:47:42] EP 019 | Step 0400/1216 | Loss: 2.2095 | Grad: 2.568 | P@10: 30.0% | P@20: 20.0% | LR: 0.003420
[09:47:44] EP 019 | Step 0500/1216 | Loss: 1.9377 | Grad: 3.075 | P@10: 30.0% | P@20: 25.0% | LR: 0.003440
[09:47:46] EP 019 | Step 0600/1216 | Loss: 2.1672 | Grad: 3.629 | P@10: 20.0% | P@20: 25.0% | LR: 0.003459
[09:47:48] EP 019 | Step 0700/1216 | Loss: 1.6550 | Grad: 3.907 | P@10: 30.0% | P@20: 35.0% | LR: 0.003478
[09:47:50] EP 019 | Step 0800/1216 | Loss: 1.3975 | Grad: 7.933 | P@10: 30.0% | P@20: 20.0% | LR: 0.003497
[09:47:52] EP 019 | Step 0900/1216 | Loss: 2.4797 | Grad: 4.260 | P@10: 0.0% | P@20: 20.0% | LR: 0.003516
[09:47:54] EP 019 | Step 1000/1216 | Loss: 2.1045 | Grad: 5.278 | P@10: 30.0% | P@20: 30.0% | LR: 0.003536
[09:47:56] EP 019 | Step 1100/1216 | Loss: 2.6387 | Grad: 5.684 | P@10: 10.0% | P@20: 30.0% | LR: 0.003555
[09:47:58] EP 019 | Step 1200/1216 | Loss: 1.7804 | Grad: 6.753 | P@10: 30.0% | P@20: 55.0% | LR: 0.003573
==============================================================================================================
FIM EP 019 | Val Loss: 0.0546 | P@10 FINAL: 20.59% | P@20 FINAL: 29.21%
==============================================================================================================
[09:48:00] EP 020 | Step 0000/1216 | Loss: 2.1450 | Grad: 10.753 | P@10: 20.0% | P@20: 15.0% | LR: 0.003576
[09:48:02] EP 020 | Step 0100/1216 | Loss: 1.7594 | Grad: 4.668 | P@10: 30.0% | P@20: 25.0% | LR: 0.003595
[09:48:04] EP 020 | Step 0200/1216 | Loss: 2.4700 | Grad: 9.695 | P@10: 0.0% | P@20: 20.0% | LR: 0.003614
[09:48:06] EP 020 | Step 0300/1216 | Loss: 2.3030 | Grad: 4.526 | P@10: 20.0% | P@20: 25.0% | LR: 0.003633
[09:48:08] EP 020 | Step 0400/1216 | Loss: 2.6984 | Grad: 3.561 | P@10: 10.0% | P@20: 15.0% | LR: 0.003651
[09:48:10] EP 020 | Step 0500/1216 | Loss: 2.1484 | Grad: 4.349 | P@10: 10.0% | P@20: 30.0% | LR: 0.003670
[09:48:12] EP 020 | Step 0600/1216 | Loss: 2.1236 | Grad: 3.181 | P@10: 10.0% | P@20: 30.0% | LR: 0.003688
[09:48:14] EP 020 | Step 0700/1216 | Loss: 1.4285 | Grad: 7.642 | P@10: 30.0% | P@20: 40.0% | LR: 0.003707
[09:48:16] EP 020 | Step 0800/1216 | Loss: 1.9785 | Grad: 7.723 | P@10: 30.0% | P@20: 35.0% | LR: 0.003725
[09:48:18] EP 020 | Step 0900/1216 | Loss: 2.0119 | Grad: 5.237 | P@10: 20.0% | P@20: 35.0% | LR: 0.003743
[09:48:20] EP 020 | Step 1000/1216 | Loss: 2.2413 | Grad: 2.802 | P@10: 10.0% | P@20: 15.0% | LR: 0.003761
[09:48:22] EP 020 | Step 1100/1216 | Loss: 2.1366 | Grad: 4.695 | P@10: 20.0% | P@20: 20.0% | LR: 0.003779
[09:48:24] EP 020 | Step 1200/1216 | Loss: 2.0753 | Grad: 3.338 | P@10: 20.0% | P@20: 25.0% | LR: 0.003797
==============================================================================================================
FIM EP 020 | Val Loss: 0.0453 | P@10 FINAL: 17.27% | P@20 FINAL: 26.43%
==============================================================================================================
[09:48:26] EP 021 | Step 0000/1216 | Loss: 2.5852 | Grad: 12.745 | P@10: 20.0% | P@20: 20.0% | LR: 0.003800
[09:48:28] EP 021 | Step 0100/1216 | Loss: 1.6862 | Grad: 3.659 | P@10: 10.0% | P@20: 50.0% | LR: 0.003818
[09:48:30] EP 021 | Step 0200/1216 | Loss: 2.1127 | Grad: 8.357 | P@10: 10.0% | P@20: 20.0% | LR: 0.003836
[09:48:32] EP 021 | Step 0300/1216 | Loss: 1.9413 | Grad: 4.274 | P@10: 30.0% | P@20: 20.0% | LR: 0.003854
[09:48:34] EP 021 | Step 0400/1216 | Loss: 2.3332 | Grad: 7.358 | P@10: 20.0% | P@20: 20.0% | LR: 0.003871
[09:48:36] EP 021 | Step 0500/1216 | Loss: 1.9971 | Grad: 10.728 | P@10: 20.0% | P@20: 25.0% | LR: 0.003889
[09:48:38] EP 021 | Step 0600/1216 | Loss: 1.7186 | Grad: 3.574 | P@10: 20.0% | P@20: 25.0% | LR: 0.003906
[09:48:40] EP 021 | Step 0700/1216 | Loss: 2.3514 | Grad: 5.809 | P@10: 20.0% | P@20: 20.0% | LR: 0.003923
[09:48:42] EP 021 | Step 0800/1216 | Loss: 1.3017 | Grad: 5.629 | P@10: 30.0% | P@20: 50.0% | LR: 0.003941
[09:48:44] EP 021 | Step 0900/1216 | Loss: 2.2459 | Grad: 6.201 | P@10: 10.0% | P@20: 25.0% | LR: 0.003958
[09:48:47] EP 021 | Step 1000/1216 | Loss: 2.3039 | Grad: 6.158 | P@10: 10.0% | P@20: 25.0% | LR: 0.003975
[09:48:49] EP 021 | Step 1100/1216 | Loss: 2.0944 | Grad: 2.973 | P@10: 30.0% | P@20: 30.0% | LR: 0.003992
[09:48:51] EP 021 | Step 1200/1216 | Loss: 1.6353 | Grad: 3.195 | P@10: 20.0% | P@20: 25.0% | LR: 0.004008
==============================================================================================================
FIM EP 021 | Val Loss: 0.0472 | P@10 FINAL: 14.90% | P@20 FINAL: 23.44%
==============================================================================================================
[09:48:53] EP 022 | Step 0000/1216 | Loss: 2.0423 | Grad: 2.636 | P@10: 30.0% | P@20: 15.0% | LR: 0.004011
[09:48:55] EP 022 | Step 0100/1216 | Loss: 1.7380 | Grad: 9.093 | P@10: 10.0% | P@20: 25.0% | LR: 0.004028
[09:48:57] EP 022 | Step 0200/1216 | Loss: 2.4324 | Grad: 3.441 | P@10: 0.0% | P@20: 5.0% | LR: 0.004044
[09:48:59] EP 022 | Step 0300/1216 | Loss: 2.1758 | Grad: 1.417 | P@10: 0.0% | P@20: 5.0% | LR: 0.004061
[09:49:01] EP 022 | Step 0400/1216 | Loss: 2.2375 | Grad: 2.685 | P@10: 20.0% | P@20: 20.0% | LR: 0.004077
[09:49:03] EP 022 | Step 0500/1216 | Loss: 1.1716 | Grad: 4.338 | P@10: 50.0% | P@20: 40.0% | LR: 0.004093
[09:49:05] EP 022 | Step 0600/1216 | Loss: 1.9069 | Grad: 2.886 | P@10: 30.0% | P@20: 30.0% | LR: 0.004109
[09:49:07] EP 022 | Step 0700/1216 | Loss: 1.8198 | Grad: 3.178 | P@10: 20.0% | P@20: 35.0% | LR: 0.004125
[09:49:09] EP 022 | Step 0800/1216 | Loss: 1.8738 | Grad: 3.933 | P@10: 20.0% | P@20: 10.0% | LR: 0.004141
[09:49:11] EP 022 | Step 0900/1216 | Loss: 1.3054 | Grad: 3.266 | P@10: 20.0% | P@20: 40.0% | LR: 0.004157
[09:49:13] EP 022 | Step 1000/1216 | Loss: 1.7953 | Grad: 4.693 | P@10: 40.0% | P@20: 25.0% | LR: 0.004173
[09:49:15] EP 022 | Step 1100/1216 | Loss: 1.9206 | Grad: 15.205 | P@10: 10.0% | P@20: 25.0% | LR: 0.004188
[09:49:17] EP 022 | Step 1200/1216 | Loss: 1.8893 | Grad: 7.869 | P@10: 20.0% | P@20: 35.0% | LR: 0.004204
==============================================================================================================
FIM EP 022 | Val Loss: 0.0459 | P@10 FINAL: 19.01% | P@20 FINAL: 26.40%
==============================================================================================================
[09:49:19] EP 023 | Step 0000/1216 | Loss: 2.3224 | Grad: 7.370 | P@10: 20.0% | P@20: 30.0% | LR: 0.004206
[09:49:21] EP 023 | Step 0100/1216 | Loss: 1.8635 | Grad: 3.873 | P@10: 20.0% | P@20: 30.0% | LR: 0.004221
[09:49:23] EP 023 | Step 0200/1216 | Loss: 2.0189 | Grad: 5.662 | P@10: 20.0% | P@20: 20.0% | LR: 0.004237
[09:49:25] EP 023 | Step 0300/1216 | Loss: 2.1065 | Grad: 3.135 | P@10: 10.0% | P@20: 30.0% | LR: 0.004252
[09:49:27] EP 023 | Step 0400/1216 | Loss: 2.4459 | Grad: 5.639 | P@10: 0.0% | P@20: 15.0% | LR: 0.004267
[09:49:29] EP 023 | Step 0500/1216 | Loss: 2.5222 | Grad: 2.761 | P@10: 10.0% | P@20: 20.0% | LR: 0.004281
[09:49:31] EP 023 | Step 0600/1216 | Loss: 2.1408 | Grad: 1.986 | P@10: 0.0% | P@20: 15.0% | LR: 0.004296
[09:49:33] EP 023 | Step 0700/1216 | Loss: 2.3810 | Grad: 2.623 | P@10: 0.0% | P@20: 20.0% | LR: 0.004311
[09:49:35] EP 023 | Step 0800/1216 | Loss: 1.8416 | Grad: 3.206 | P@10: 10.0% | P@20: 25.0% | LR: 0.004325
[09:49:37] EP 023 | Step 0900/1216 | Loss: 2.4824 | Grad: 3.275 | P@10: 0.0% | P@20: 15.0% | LR: 0.004339
[09:49:39] EP 023 | Step 1000/1216 | Loss: 2.4402 | Grad: 1.293 | P@10: 10.0% | P@20: 10.0% | LR: 0.004354
[09:49:41] EP 023 | Step 1100/1216 | Loss: 1.9126 | Grad: 2.770 | P@10: 0.0% | P@20: 15.0% | LR: 0.004368
[09:49:44] EP 023 | Step 1200/1216 | Loss: 2.1876 | Grad: 0.894 | P@10: 0.0% | P@20: 20.0% | LR: 0.004382
==============================================================================================================
FIM EP 023 | Val Loss: 0.0433 | P@10 FINAL: 5.53% | P@20 FINAL: 15.39%
==============================================================================================================
[09:49:46] EP 024 | Step 0000/1216 | Loss: 2.2883 | Grad: 0.045 | P@10: 10.0% | P@20: 15.0% | LR: 0.004384
[09:49:48] EP 024 | Step 0100/1216 | Loss: 2.2593 | Grad: 0.327 | P@10: 0.0% | P@20: 10.0% | LR: 0.004398
[09:49:50] EP 024 | Step 0200/1216 | Loss: 2.2499 | Grad: 0.360 | P@10: 0.0% | P@20: 10.0% | LR: 0.004411
[09:49:52] EP 024 | Step 0300/1216 | Loss: 5.1885 | Grad: 43.701 | P@10: 20.0% | P@20: 20.0% | LR: 0.004425
[09:49:54] EP 024 | Step 0400/1216 | Loss: 2.3810 | Grad: 1.105 | P@10: 0.0% | P@20: 20.0% | LR: 0.004438
[09:49:56] EP 024 | Step 0500/1216 | Loss: 2.3368 | Grad: 0.772 | P@10: 10.0% | P@20: 5.0% | LR: 0.004451
[09:49:58] EP 024 | Step 0600/1216 | Loss: 2.3005 | Grad: 0.522 | P@10: 0.0% | P@20: 10.0% | LR: 0.004464
[09:50:00] EP 024 | Step 0700/1216 | Loss: 2.2193 | Grad: 1.267 | P@10: 20.0% | P@20: 20.0% | LR: 0.004477
[09:50:02] EP 024 | Step 0800/1216 | Loss: 2.4844 | Grad: 1.765 | P@10: 20.0% | P@20: 15.0% | LR: 0.004490
[09:50:04] EP 024 | Step 0900/1216 | Loss: 2.3290 | Grad: 0.196 | P@10: 10.0% | P@20: 15.0% | LR: 0.004503
[09:50:06] EP 024 | Step 1000/1216 | Loss: 2.2491 | Grad: 0.557 | P@10: 40.0% | P@20: 50.0% | LR: 0.004515
[09:50:08] EP 024 | Step 1100/1216 | Loss: 2.2804 | Grad: 0.036 | P@10: 0.0% | P@20: 15.0% | LR: 0.004528
[09:50:10] EP 024 | Step 1200/1216 | Loss: 2.2978 | Grad: 0.281 | P@10: 20.0% | P@20: 25.0% | LR: 0.004540
==============================================================================================================
FIM EP 024 | Val Loss: 0.0440 | P@10 FINAL: 5.46% | P@20 FINAL: 15.62%
==============================================================================================================
[09:50:12] EP 025 | Step 0000/1216 | Loss: 2.3214 | Grad: 0.519 | P@10: 10.0% | P@20: 5.0% | LR: 0.004542
[09:50:14] EP 025 | Step 0100/1216 | Loss: 2.2873 | Grad: 0.056 | P@10: 0.0% | P@20: 15.0% | LR: 0.004554
[09:50:16] EP 025 | Step 0200/1216 | Loss: 2.2087 | Grad: 0.936 | P@10: 0.0% | P@20: 15.0% | LR: 0.004566
[09:50:19] EP 025 | Step 0300/1216 | Loss: 2.3808 | Grad: 1.033 | P@10: 0.0% | P@20: 20.0% | LR: 0.004578
[09:50:21] EP 025 | Step 0400/1216 | Loss: 2.2882 | Grad: 0.361 | P@10: 30.0% | P@20: 20.0% | LR: 0.004589
[09:50:23] EP 025 | Step 0500/1216 | Loss: 2.2907 | Grad: 0.180 | P@10: 0.0% | P@20: 15.0% | LR: 0.004601
[09:50:25] EP 025 | Step 0600/1216 | Loss: 2.2953 | Grad: 0.086 | P@10: 10.0% | P@20: 25.0% | LR: 0.004612
[09:50:27] EP 025 | Step 0700/1216 | Loss: 2.3001 | Grad: 0.200 | P@10: 0.0% | P@20: 0.0% | LR: 0.004623
[09:50:29] EP 025 | Step 0800/1216 | Loss: 2.2842 | Grad: 0.191 | P@10: 0.0% | P@20: 5.0% | LR: 0.004634
[09:50:31] EP 025 | Step 0900/1216 | Loss: 2.2866 | Grad: 0.187 | P@10: 0.0% | P@20: 10.0% | LR: 0.004645
[09:50:33] EP 025 | Step 1000/1216 | Loss: 2.2920 | Grad: 0.204 | P@10: 0.0% | P@20: 15.0% | LR: 0.004656
[09:50:35] EP 025 | Step 1100/1216 | Loss: 2.2771 | Grad: 0.047 | P@10: 0.0% | P@20: 15.0% | LR: 0.004667
[09:50:37] EP 025 | Step 1200/1216 | Loss: 2.2944 | Grad: 0.058 | P@10: 10.0% | P@20: 20.0% | LR: 0.004677
==============================================================================================================
FIM EP 025 | Val Loss: 0.0435 | P@10 FINAL: 5.46% | P@20 FINAL: 15.62%
==============================================================================================================
[09:50:40] EP 026 | Step 0000/1216 | Loss: 2.2728 | Grad: 0.068 | P@10: 0.0% | P@20: 5.0% | LR: 0.004679
[09:50:42] EP 026 | Step 0100/1216 | Loss: 2.2841 | Grad: 0.035 | P@10: 10.0% | P@20: 15.0% | LR: 0.004689
[09:50:44] EP 026 | Step 0200/1216 | Loss: 2.2716 | Grad: 0.115 | P@10: 0.0% | P@20: 15.0% | LR: 0.004699
[09:50:46] EP 026 | Step 0300/1216 | Loss: 2.3069 | Grad: 0.126 | P@10: 0.0% | P@20: 5.0% | LR: 0.004709
[09:50:48] EP 026 | Step 0400/1216 | Loss: 2.2859 | Grad: 0.058 | P@10: 10.0% | P@20: 25.0% | LR: 0.004719
[09:50:50] EP 026 | Step 0500/1216 | Loss: 2.2957 | Grad: 0.046 | P@10: 0.0% | P@20: 10.0% | LR: 0.004728
[09:50:52] EP 026 | Step 0600/1216 | Loss: 2.2807 | Grad: 0.021 | P@10: 0.0% | P@20: 10.0% | LR: 0.004738
[09:50:54] EP 026 | Step 0700/1216 | Loss: 2.2733 | Grad: 0.082 | P@10: 10.0% | P@20: 20.0% | LR: 0.004747
[09:50:56] EP 026 | Step 0800/1216 | Loss: 2.2817 | Grad: 0.077 | P@10: 0.0% | P@20: 5.0% | LR: 0.004756
[09:50:59] EP 026 | Step 0900/1216 | Loss: 2.3055 | Grad: 0.109 | P@10: 10.0% | P@20: 25.0% | LR: 0.004765
[09:51:01] EP 026 | Step 1000/1216 | Loss: 2.2830 | Grad: 0.126 | P@10: 0.0% | P@20: 20.0% | LR: 0.004774
[09:51:03] EP 026 | Step 1100/1216 | Loss: 2.2995 | Grad: 0.006 | P@10: 10.0% | P@20: 15.0% | LR: 0.004783
[09:51:05] EP 026 | Step 1200/1216 | Loss: 2.3221 | Grad: 0.144 | P@10: 10.0% | P@20: 10.0% | LR: 0.004791
==============================================================================================================
FIM EP 026 | Val Loss: 0.0444 | P@10 FINAL: 5.46% | P@20 FINAL: 15.62%
==============================================================================================================
[09:51:07] EP 027 | Step 0000/1216 | Loss: 2.2952 | Grad: 0.071 | P@10: 0.0% | P@20: 10.0% | LR: 0.004793
[09:51:09] EP 027 | Step 0100/1216 | Loss: 2.2917 | Grad: 0.025 | P@10: 10.0% | P@20: 15.0% | LR: 0.004801
[09:51:11] EP 027 | Step 0200/1216 | Loss: 2.2746 | Grad: 0.080 | P@10: 10.0% | P@20: 25.0% | LR: 0.004809
[09:51:13] EP 027 | Step 0300/1216 | Loss: 2.3155 | Grad: 0.126 | P@10: 0.0% | P@20: 5.0% | LR: 0.004817
[09:51:15] EP 027 | Step 0400/1216 | Loss: 2.2862 | Grad: 0.045 | P@10: 20.0% | P@20: 15.0% | LR: 0.004825
[09:51:17] EP 027 | Step 0500/1216 | Loss: 2.2877 | Grad: 0.010 | P@10: 10.0% | P@20: 20.0% | LR: 0.004833
[09:51:19] EP 027 | Step 0600/1216 | Loss: 2.2845 | Grad: 0.045 | P@10: 0.0% | P@20: 10.0% | LR: 0.004840
[09:51:22] EP 027 | Step 0700/1216 | Loss: 2.3009 | Grad: 0.108 | P@10: 10.0% | P@20: 15.0% | LR: 0.004847
[09:51:24] EP 027 | Step 0800/1216 | Loss: 2.2893 | Grad: 0.045 | P@10: 10.0% | P@20: 15.0% | LR: 0.004855
[09:51:26] EP 027 | Step 0900/1216 | Loss: 2.2982 | Grad: 0.041 | P@10: 10.0% | P@20: 10.0% | LR: 0.004862
[09:51:28] EP 027 | Step 1000/1216 | Loss: 2.2906 | Grad: 0.034 | P@10: 0.0% | P@20: 5.0% | LR: 0.004868
[09:51:30] EP 027 | Step 1100/1216 | Loss: 2.2734 | Grad: 0.069 | P@10: 10.0% | P@20: 20.0% | LR: 0.004875
[09:51:32] EP 027 | Step 1200/1216 | Loss: 2.3013 | Grad: 0.001 | P@10: 0.0% | P@20: 10.0% | LR: 0.004882
==============================================================================================================
FIM EP 027 | Val Loss: 0.0457 | P@10 FINAL: 5.46% | P@20 FINAL: 15.62%
==============================================================================================================
[09:51:34] EP 028 | Step 0000/1216 | Loss: 2.2848 | Grad: 0.111 | P@10: 0.0% | P@20: 15.0% | LR: 0.004883
[09:51:36] EP 028 | Step 0100/1216 | Loss: 2.2995 | Grad: 0.003 | P@10: 0.0% | P@20: 5.0% | LR: 0.004889
[09:51:38] EP 028 | Step 0200/1216 | Loss: 2.2895 | Grad: 0.085 | P@10: 10.0% | P@20: 15.0% | LR: 0.004895
[09:51:40] EP 028 | Step 0300/1216 | Loss: 2.3051 | Grad: 0.098 | P@10: 10.0% | P@20: 15.0% | LR: 0.004901
[09:51:43] EP 028 | Step 0400/1216 | Loss: 2.2964 | Grad: 0.063 | P@10: 10.0% | P@20: 10.0% | LR: 0.004907
[09:51:45] EP 028 | Step 0500/1216 | Loss: 2.2836 | Grad: 0.367 | P@10: 100.0% | P@20: 100.0% | LR: 0.004912
[09:51:47] EP 028 | Step 0600/1216 | Loss: 2.2740 | Grad: 0.096 | P@10: 10.0% | P@20: 25.0% | LR: 0.004918
[09:51:49] EP 028 | Step 0700/1216 | Loss: 2.2878 | Grad: 0.389 | P@10: 100.0% | P@20: 100.0% | LR: 0.004923
[09:51:51] EP 028 | Step 0800/1216 | Loss: 2.2864 | Grad: 0.040 | P@10: 10.0% | P@20: 15.0% | LR: 0.004928
[09:51:53] EP 028 | Step 0900/1216 | Loss: 2.2876 | Grad: 0.003 | P@10: 10.0% | P@20: 15.0% | LR: 0.004933
[09:51:55] EP 028 | Step 1000/1216 | Loss: 2.2972 | Grad: 0.052 | P@10: 0.0% | P@20: 15.0% | LR: 0.004938
[09:51:57] EP 028 | Step 1100/1216 | Loss: 2.2980 | Grad: 0.116 | P@10: 10.0% | P@20: 10.0% | LR: 0.004943
[09:51:59] EP 028 | Step 1200/1216 | Loss: 2.2993 | Grad: 0.060 | P@10: 0.0% | P@20: 5.0% | LR: 0.004947
==============================================================================================================
FIM EP 028 | Val Loss: 0.0467 | P@10 FINAL: 5.46% | P@20 FINAL: 15.62%
==============================================================================================================
[09:52:02] EP 029 | Step 0000/1216 | Loss: 2.2776 | Grad: 0.094 | P@10: 10.0% | P@20: 15.0% | LR: 0.004948
[09:52:04] EP 029 | Step 0100/1216 | Loss: 2.3130 | Grad: 0.052 | P@10: 0.0% | P@20: 10.0% | LR: 0.004952
[09:52:06] EP 029 | Step 0200/1216 | Loss: 2.3042 | Grad: 0.093 | P@10: 0.0% | P@20: 5.0% | LR: 0.004956
[09:52:08] EP 029 | Step 0300/1216 | Loss: 2.3014 | Grad: 0.065 | P@10: 0.0% | P@20: 10.0% | LR: 0.004960
[09:52:10] EP 029 | Step 0400/1216 | Loss: 2.2818 | Grad: 0.019 | P@10: 0.0% | P@20: 15.0% | LR: 0.004963
[09:52:12] EP 029 | Step 0500/1216 | Loss: 2.2970 | Grad: 0.069 | P@10: 20.0% | P@20: 35.0% | LR: 0.004967
[09:52:14] EP 029 | Step 0600/1216 | Loss: 2.2825 | Grad: 0.144 | P@10: 0.0% | P@20: 5.0% | LR: 0.004970
[09:52:16] EP 029 | Step 0700/1216 | Loss: 2.2880 | Grad: 0.024 | P@10: 20.0% | P@20: 10.0% | LR: 0.004973
[09:52:18] EP 029 | Step 0800/1216 | Loss: 2.2873 | Grad: 0.067 | P@10: 0.0% | P@20: 10.0% | LR: 0.004976
[09:52:20] EP 029 | Step 0900/1216 | Loss: 2.2850 | Grad: 0.021 | P@10: 0.0% | P@20: 10.0% | LR: 0.004979
[09:52:23] EP 029 | Step 1000/1216 | Loss: 2.2905 | Grad: 0.043 | P@10: 0.0% | P@20: 5.0% | LR: 0.004982
[09:52:25] EP 029 | Step 1100/1216 | Loss: 2.2811 | Grad: 0.043 | P@10: 0.0% | P@20: 20.0% | LR: 0.004984
[09:52:27] EP 029 | Step 1200/1216 | Loss: 2.3049 | Grad: 0.078 | P@10: 10.0% | P@20: 15.0% | LR: 0.004987
==============================================================================================================
FIM EP 029 | Val Loss: 0.0472 | P@10 FINAL: 5.46% | P@20 FINAL: 15.62%
==============================================================================================================
[09:52:29] EP 030 | Step 0000/1216 | Loss: 2.2830 | Grad: 0.083 | P@10: 0.0% | P@20: 25.0% | LR: 0.004987
[09:52:31] EP 030 | Step 0100/1216 | Loss: 2.3100 | Grad: 0.039 | P@10: 0.0% | P@20: 15.0% | LR: 0.004989
[09:52:33] EP 030 | Step 0200/1216 | Loss: 2.3060 | Grad: 0.109 | P@10: 0.0% | P@20: 15.0% | LR: 0.004991
[09:52:35] EP 030 | Step 0300/1216 | Loss: 2.2824 | Grad: 0.029 | P@10: 0.0% | P@20: 10.0% | LR: 0.004993
[09:52:37] EP 030 | Step 0400/1216 | Loss: 2.2952 | Grad: 0.005 | P@10: 0.0% | P@20: 10.0% | LR: 0.004994
[09:52:39] EP 030 | Step 0500/1216 | Loss: 2.2898 | Grad: 0.065 | P@10: 10.0% | P@20: 5.0% | LR: 0.004995
[09:52:41] EP 030 | Step 0600/1216 | Loss: 2.3225 | Grad: 0.162 | P@10: 10.0% | P@20: 25.0% | LR: 0.004997
[09:52:44] EP 030 | Step 0700/1216 | Loss: 2.2781 | Grad: 0.068 | P@10: 0.0% | P@20: 5.0% | LR: 0.004998
[09:52:46] EP 030 | Step 0800/1216 | Loss: 2.2722 | Grad: 0.091 | P@10: 0.0% | P@20: 10.0% | LR: 0.004998
[09:52:48] EP 030 | Step 0900/1216 | Loss: 2.3102 | Grad: 0.082 | P@10: 0.0% | P@20: 20.0% | LR: 0.004999
[09:52:50] EP 030 | Step 1000/1216 | Loss: 2.2987 | Grad: 0.068 | P@10: 0.0% | P@20: 15.0% | LR: 0.005000
[09:52:52] EP 030 | Step 1100/1216 | Loss: 2.2923 | Grad: 0.034 | P@10: 10.0% | P@20: 20.0% | LR: 0.005000
[09:52:54] EP 030 | Step 1200/1216 | Loss: 2.2800 | Grad: 0.089 | P@10: 20.0% | P@20: 10.0% | LR: 0.005000
==============================================================================================================
FIM EP 030 | Val Loss: 0.0444 | P@10 FINAL: 5.46% | P@20 FINAL: 15.62%
==============================================================================================================
[09:52:56] EP 031 | Step 0000/1216 | Loss: 2.3102 | Grad: 0.067 | P@10: 0.0% | P@20: 15.0% | LR: 0.005000
[09:52:58] EP 031 | Step 0100/1216 | Loss: 2.2840 | Grad: 0.020 | P@10: 10.0% | P@20: 25.0% | LR: 0.005000
[09:53:00] EP 031 | Step 0200/1216 | Loss: 2.3000 | Grad: 0.031 | P@10: 0.0% | P@20: 20.0% | LR: 0.005000
[09:53:03] EP 031 | Step 0300/1216 | Loss: 2.2770 | Grad: 0.057 | P@10: 0.0% | P@20: 15.0% | LR: 0.005000
[09:53:05] EP 031 | Step 0400/1216 | Loss: 2.2998 | Grad: 0.068 | P@10: 10.0% | P@20: 10.0% | LR: 0.005000
[09:53:07] EP 031 | Step 0500/1216 | Loss: 2.2832 | Grad: 0.054 | P@10: 0.0% | P@20: 25.0% | LR: 0.005000
[09:53:09] EP 031 | Step 0600/1216 | Loss: 2.2914 | Grad: 0.080 | P@10: 0.0% | P@20: 15.0% | LR: 0.004999
[09:53:11] EP 031 | Step 0700/1216 | Loss: 2.2802 | Grad: 0.075 | P@10: 0.0% | P@20: 5.0% | LR: 0.004999
[09:53:13] EP 031 | Step 0800/1216 | Loss: 2.2931 | Grad: 0.021 | P@10: 0.0% | P@20: 15.0% | LR: 0.004999
[09:53:15] EP 031 | Step 0900/1216 | Loss: 2.2745 | Grad: 0.050 | P@10: 0.0% | P@20: 15.0% | LR: 0.004999
[09:53:18] EP 031 | Step 1000/1216 | Loss: 2.2734 | Grad: 0.094 | P@10: 0.0% | P@20: 10.0% | LR: 0.004998
[09:53:20] EP 031 | Step 1100/1216 | Loss: 2.3274 | Grad: 0.188 | P@10: 0.0% | P@20: 15.0% | LR: 0.004998
[09:53:22] EP 031 | Step 1200/1216 | Loss: 2.3110 | Grad: 0.156 | P@10: 0.0% | P@20: 5.0% | LR: 0.004998
==============================================================================================================
FIM EP 031 | Val Loss: 0.0445 | P@10 FINAL: 5.46% | P@20 FINAL: 15.62%
==============================================================================================================
[09:53:24] EP 032 | Step 0000/1216 | Loss: 2.2964 | Grad: 0.085 | P@10: 0.0% | P@20: 20.0% | LR: 0.004997
[09:53:26] EP 032 | Step 0100/1216 | Loss: 2.2885 | Grad: 0.074 | P@10: 10.0% | P@20: 15.0% | LR: 0.004997
[09:53:28] EP 032 | Step 0200/1216 | Loss: 2.3003 | Grad: 0.127 | P@10: 10.0% | P@20: 15.0% | LR: 0.004997
[09:53:30] EP 032 | Step 0300/1216 | Loss: 2.2901 | Grad: 0.015 | P@10: 10.0% | P@20: 25.0% | LR: 0.004996
[09:53:32] EP 032 | Step 0400/1216 | Loss: 2.2836 | Grad: 0.058 | P@10: 10.0% | P@20: 20.0% | LR: 0.004996
[09:53:35] EP 032 | Step 0500/1216 | Loss: 2.3037 | Grad: 0.094 | P@10: 0.0% | P@20: 20.0% | LR: 0.004995
[09:53:37] EP 032 | Step 0600/1216 | Loss: 2.2829 | Grad: 0.164 | P@10: 0.0% | P@20: 10.0% | LR: 0.004994
[09:53:39] EP 032 | Step 0700/1216 | Loss: 2.2888 | Grad: 0.053 | P@10: 20.0% | P@20: 15.0% | LR: 0.004994
[09:53:41] EP 032 | Step 0800/1216 | Loss: 2.2931 | Grad: 0.062 | P@10: 0.0% | P@20: 10.0% | LR: 0.004993
[09:53:43] EP 032 | Step 0900/1216 | Loss: 2.2803 | Grad: 0.016 | P@10: 0.0% | P@20: 15.0% | LR: 0.004992
[09:53:45] EP 032 | Step 1000/1216 | Loss: 2.2768 | Grad: 0.103 | P@10: 20.0% | P@20: 20.0% | LR: 0.004992
[09:53:47] EP 032 | Step 1100/1216 | Loss: 2.3002 | Grad: 0.003 | P@10: 10.0% | P@20: 10.0% | LR: 0.004991
[09:53:50] EP 032 | Step 1200/1216 | Loss: 2.3202 | Grad: 0.154 | P@10: 0.0% | P@20: 15.0% | LR: 0.004990
==============================================================================================================
FIM EP 032 | Val Loss: 0.0451 | P@10 FINAL: 5.46% | P@20 FINAL: 15.62%
==============================================================================================================
[09:53:52] EP 033 | Step 0000/1216 | Loss: 2.2959 | Grad: 0.014 | P@10: 20.0% | P@20: 20.0% | LR: 0.004990
[09:53:54] EP 033 | Step 0100/1216 | Loss: 2.3090 | Grad: 0.080 | P@10: 10.0% | P@20: 25.0% | LR: 0.004989
[09:53:56] EP 033 | Step 0200/1216 | Loss: 2.2775 | Grad: 0.087 | P@10: 10.0% | P@20: 20.0% | LR: 0.004988
[09:53:58] EP 033 | Step 0300/1216 | Loss: 2.2806 | Grad: 0.020 | P@10: 0.0% | P@20: 15.0% | LR: 0.004987
[09:54:00] EP 033 | Step 0400/1216 | Loss: 2.2712 | Grad: 0.105 | P@10: 0.0% | P@20: 10.0% | LR: 0.004986
[09:54:02] EP 033 | Step 0500/1216 | Loss: 2.2975 | Grad: 0.005 | P@10: 0.0% | P@20: 15.0% | LR: 0.004985
[09:54:04] EP 033 | Step 0600/1216 | Loss: 2.2994 | Grad: 0.022 | P@10: 10.0% | P@20: 15.0% | LR: 0.004984
[09:54:06] EP 033 | Step 0700/1216 | Loss: 2.2843 | Grad: 0.023 | P@10: 10.0% | P@20: 20.0% | LR: 0.004983
[09:54:09] EP 033 | Step 0800/1216 | Loss: 2.2708 | Grad: 0.040 | P@10: 0.0% | P@20: 15.0% | LR: 0.004982
[09:54:11] EP 033 | Step 0900/1216 | Loss: 2.2897 | Grad: 0.019 | P@10: 10.0% | P@20: 15.0% | LR: 0.004981
[09:54:13] EP 033 | Step 1000/1216 | Loss: 2.3100 | Grad: 0.055 | P@10: 0.0% | P@20: 15.0% | LR: 0.004980
[09:54:15] EP 033 | Step 1100/1216 | Loss: 2.3001 | Grad: 0.082 | P@10: 0.0% | P@20: 5.0% | LR: 0.004979
[09:54:17] EP 033 | Step 1200/1216 | Loss: 2.2821 | Grad: 0.193 | P@10: 0.0% | P@20: 5.0% | LR: 0.004978
==============================================================================================================
FIM EP 033 | Val Loss: 0.0470 | P@10 FINAL: 5.46% | P@20 FINAL: 15.62%
==============================================================================================================
[09:54:19] EP 034 | Step 0000/1216 | Loss: 2.2937 | Grad: 0.003 | P@10: 10.0% | P@20: 10.0% | LR: 0.004977
[09:54:21] EP 034 | Step 0100/1216 | Loss: 2.2975 | Grad: 0.023 | P@10: 20.0% | P@20: 15.0% | LR: 0.004976
[09:54:23] EP 034 | Step 0200/1216 | Loss: 2.2860 | Grad: 0.001 | P@10: 0.0% | P@20: 15.0% | LR: 0.004975
[09:54:26] EP 034 | Step 0300/1216 | Loss: 2.2847 | Grad: 0.019 | P@10: 10.0% | P@20: 20.0% | LR: 0.004973
[09:54:28] EP 034 | Step 0400/1216 | Loss: 2.3717 | Grad: 0.141 | P@10: 10.0% | P@20: 30.0% | LR: 0.004972
[09:54:30] EP 034 | Step 0500/1216 | Loss: 2.2883 | Grad: 0.024 | P@10: 10.0% | P@20: 15.0% | LR: 0.004971
[09:54:32] EP 034 | Step 0600/1216 | Loss: 2.2762 | Grad: 0.092 | P@10: 10.0% | P@20: 20.0% | LR: 0.004969
[09:54:34] EP 034 | Step 0700/1216 | Loss: 2.3070 | Grad: 0.056 | P@10: 10.0% | P@20: 15.0% | LR: 0.004968
[09:54:36] EP 034 | Step 0800/1216 | Loss: 2.2794 | Grad: 0.067 | P@10: 10.0% | P@20: 15.0% | LR: 0.004966
[09:54:38] EP 034 | Step 0900/1216 | Loss: 2.2978 | Grad: 0.050 | P@10: 20.0% | P@20: 10.0% | LR: 0.004965
[09:54:40] EP 034 | Step 1000/1216 | Loss: 2.2889 | Grad: 0.146 | P@10: 20.0% | P@20: 35.0% | LR: 0.004963
[09:54:43] EP 034 | Step 1100/1216 | Loss: 2.2871 | Grad: 0.018 | P@10: 0.0% | P@20: 15.0% | LR: 0.004962
[09:54:45] EP 034 | Step 1200/1216 | Loss: 2.2949 | Grad: 0.080 | P@10: 0.0% | P@20: 15.0% | LR: 0.004960
==============================================================================================================
FIM EP 034 | Val Loss: 0.0441 | P@10 FINAL: 5.46% | P@20 FINAL: 15.62%
==============================================================================================================
[09:54:47] EP 035 | Step 0000/1216 | Loss: 2.3118 | Grad: 0.064 | P@10: 10.0% | P@20: 15.0% | LR: 0.004960
[09:54:49] EP 035 | Step 0100/1216 | Loss: 2.2914 | Grad: 0.025 | P@10: 10.0% | P@20: 20.0% | LR: 0.004958
[09:54:51] EP 035 | Step 0200/1216 | Loss: 2.2962 | Grad: 0.056 | P@10: 20.0% | P@20: 15.0% | LR: 0.004956
[09:54:53] EP 035 | Step 0300/1216 | Loss: 2.3108 | Grad: 0.012 | P@10: 0.0% | P@20: 10.0% | LR: 0.004955
[09:54:55] EP 035 | Step 0400/1216 | Loss: 2.3277 | Grad: 0.194 | P@10: 0.0% | P@20: 15.0% | LR: 0.004953
[09:54:57] EP 035 | Step 0500/1216 | Loss: 2.2952 | Grad: 0.192 | P@10: 0.0% | P@20: 15.0% | LR: 0.004951
[09:55:00] EP 035 | Step 0600/1216 | Loss: 2.2780 | Grad: 0.065 | P@10: 0.0% | P@20: 5.0% | LR: 0.004949
[09:55:02] EP 035 | Step 0700/1216 | Loss: 2.2773 | Grad: 0.091 | P@10: 0.0% | P@20: 10.0% | LR: 0.004947
[09:55:04] EP 035 | Step 0800/1216 | Loss: 2.2858 | Grad: 0.020 | P@10: 20.0% | P@20: 30.0% | LR: 0.004946
[09:55:06] EP 035 | Step 0900/1216 | Loss: 2.2999 | Grad: 0.060 | P@10: 10.0% | P@20: 20.0% | LR: 0.004944
[09:55:08] EP 035 | Step 1000/1216 | Loss: 2.2953 | Grad: 0.011 | P@10: 10.0% | P@20: 20.0% | LR: 0.004942
[09:55:10] EP 035 | Step 1100/1216 | Loss: 2.3065 | Grad: 0.028 | P@10: 10.0% | P@20: 15.0% | LR: 0.004940
[09:55:12] EP 035 | Step 1200/1216 | Loss: 2.2803 | Grad: 0.098 | P@10: 10.0% | P@20: 30.0% | LR: 0.004938
==============================================================================================================
FIM EP 035 | Val Loss: 0.0425 | P@10 FINAL: 5.46% | P@20 FINAL: 15.62%
==============================================================================================================
[09:55:14] EP 036 | Step 0000/1216 | Loss: 2.2851 | Grad: 0.023 | P@10: 0.0% | P@20: 10.0% | LR: 0.004937
[09:55:17] EP 036 | Step 0100/1216 | Loss: 2.2853 | Grad: 0.121 | P@10: 0.0% | P@20: 15.0% | LR: 0.004935
[09:55:19] EP 036 | Step 0200/1216 | Loss: 2.2917 | Grad: 0.051 | P@10: 0.0% | P@20: 5.0% | LR: 0.004933
[09:55:21] EP 036 | Step 0300/1216 | Loss: 2.2814 | Grad: 0.051 | P@10: 20.0% | P@20: 20.0% | LR: 0.004931
[09:55:23] EP 036 | Step 0400/1216 | Loss: 2.2787 | Grad: 0.103 | P@10: 0.0% | P@20: 10.0% | LR: 0.004929
[09:55:25] EP 036 | Step 0500/1216 | Loss: 2.3022 | Grad: 0.117 | P@10: 20.0% | P@20: 25.0% | LR: 0.004927
[09:55:27] EP 036 | Step 0600/1216 | Loss: 2.2934 | Grad: 0.038 | P@10: 10.0% | P@20: 20.0% | LR: 0.004924
[09:55:29] EP 036 | Step 0700/1216 | Loss: 2.2736 | Grad: 0.063 | P@10: 10.0% | P@20: 25.0% | LR: 0.004922
[09:55:31] EP 036 | Step 0800/1216 | Loss: 2.2878 | Grad: 0.020 | P@10: 0.0% | P@20: 10.0% | LR: 0.004920
[09:55:34] EP 036 | Step 0900/1216 | Loss: 2.2783 | Grad: 0.065 | P@10: 0.0% | P@20: 25.0% | LR: 0.004917
[09:55:36] EP 036 | Step 1000/1216 | Loss: 2.2778 | Grad: 0.140 | P@10: 0.0% | P@20: 20.0% | LR: 0.004915
[09:55:38] EP 036 | Step 1100/1216 | Loss: 2.2929 | Grad: 0.142 | P@10: 0.0% | P@20: 15.0% | LR: 0.004913
[09:55:40] EP 036 | Step 1200/1216 | Loss: 2.2896 | Grad: 0.024 | P@10: 0.0% | P@20: 15.0% | LR: 0.004910
==============================================================================================================
FIM EP 036 | Val Loss: 0.0434 | P@10 FINAL: 5.46% | P@20 FINAL: 15.62%
==============================================================================================================
[09:55:42] EP 037 | Step 0000/1216 | Loss: 2.3012 | Grad: 0.117 | P@10: 10.0% | P@20: 10.0% | LR: 0.004910
[09:55:44] EP 037 | Step 0100/1216 | Loss: 2.2843 | Grad: 0.011 | P@10: 0.0% | P@20: 10.0% | LR: 0.004907
[09:55:46] EP 037 | Step 0200/1216 | Loss: 2.2879 | Grad: 0.084 | P@10: 0.0% | P@20: 15.0% | LR: 0.004905
[09:55:48] EP 037 | Step 0300/1216 | Loss: 2.2994 | Grad: 0.049 | P@10: 0.0% | P@20: 5.0% | LR: 0.004902
[09:55:50] EP 037 | Step 0400/1216 | Loss: 2.2858 | Grad: 0.024 | P@10: 10.0% | P@20: 20.0% | LR: 0.004900
[09:55:53] EP 037 | Step 0500/1216 | Loss: 2.2906 | Grad: 0.042 | P@10: 20.0% | P@20: 25.0% | LR: 0.004897
[09:55:55] EP 037 | Step 0600/1216 | Loss: 2.2844 | Grad: 0.069 | P@10: 10.0% | P@20: 10.0% | LR: 0.004895
[09:55:57] EP 037 | Step 0700/1216 | Loss: 2.2908 | Grad: 0.041 | P@10: 10.0% | P@20: 20.0% | LR: 0.004892
[09:55:59] EP 037 | Step 0800/1216 | Loss: 2.2968 | Grad: 0.046 | P@10: 10.0% | P@20: 10.0% | LR: 0.004889
[09:56:01] EP 037 | Step 0900/1216 | Loss: 2.3132 | Grad: 0.009 | P@10: 10.0% | P@20: 15.0% | LR: 0.004886
[09:56:03] EP 037 | Step 1000/1216 | Loss: 2.2899 | Grad: 0.018 | P@10: 10.0% | P@20: 25.0% | LR: 0.004884
[09:56:05] EP 037 | Step 1100/1216 | Loss: 2.2815 | Grad: 0.115 | P@10: 0.0% | P@20: 15.0% | LR: 0.004881
[09:56:07] EP 037 | Step 1200/1216 | Loss: 2.2745 | Grad: 0.128 | P@10: 10.0% | P@20: 25.0% | LR: 0.004878
==============================================================================================================
FIM EP 037 | Val Loss: 0.0460 | P@10 FINAL: 5.46% | P@20 FINAL: 15.62%
==============================================================================================================
[09:56:09] EP 038 | Step 0000/1216 | Loss: 2.2782 | Grad: 0.071 | P@10: 10.0% | P@20: 25.0% | LR: 0.004878
[09:56:12] EP 038 | Step 0100/1216 | Loss: 2.2804 | Grad: 0.010 | P@10: 10.0% | P@20: 15.0% | LR: 0.004875
[09:56:14] EP 038 | Step 0200/1216 | Loss: 2.3007 | Grad: 0.095 | P@10: 10.0% | P@20: 15.0% | LR: 0.004872
[09:56:16] EP 038 | Step 0300/1216 | Loss: 2.3132 | Grad: 0.183 | P@10: 0.0% | P@20: 10.0% | LR: 0.004869
[09:56:18] EP 038 | Step 0400/1216 | Loss: 2.3058 | Grad: 0.051 | P@10: 10.0% | P@20: 15.0% | LR: 0.004866
[09:56:20] EP 038 | Step 0500/1216 | Loss: 2.2984 | Grad: 0.046 | P@10: 10.0% | P@20: 5.0% | LR: 0.004863
[09:56:22] EP 038 | Step 0600/1216 | Loss: 2.2855 | Grad: 0.036 | P@10: 10.0% | P@20: 15.0% | LR: 0.004860
[09:56:24] EP 038 | Step 0700/1216 | Loss: 2.2817 | Grad: 0.149 | P@10: 0.0% | P@20: 10.0% | LR: 0.004857
[09:56:26] EP 038 | Step 0800/1216 | Loss: 2.2943 | Grad: 0.250 | P@10: 30.0% | P@20: 55.0% | LR: 0.004854
[09:56:28] EP 038 | Step 0900/1216 | Loss: 2.2931 | Grad: 0.009 | P@10: 10.0% | P@20: 20.0% | LR: 0.004851
[09:56:31] EP 038 | Step 1000/1216 | Loss: 2.2976 | Grad: 0.098 | P@10: 20.0% | P@20: 15.0% | LR: 0.004847
[09:56:33] EP 038 | Step 1100/1216 | Loss: 2.2800 | Grad: 0.093 | P@10: 10.0% | P@20: 10.0% | LR: 0.004844
[09:56:35] EP 038 | Step 1200/1216 | Loss: 2.2795 | Grad: 0.062 | P@10: 0.0% | P@20: 5.0% | LR: 0.004841
==============================================================================================================
FIM EP 038 | Val Loss: 0.0455 | P@10 FINAL: 5.46% | P@20 FINAL: 15.62%
==============================================================================================================
[09:56:37] EP 039 | Step 0000/1216 | Loss: 2.2880 | Grad: 0.025 | P@10: 10.0% | P@20: 15.0% | LR: 0.004841
[09:56:39] EP 039 | Step 0100/1216 | Loss: 2.2970 | Grad: 0.011 | P@10: 10.0% | P@20: 15.0% | LR: 0.004837
[09:56:41] EP 039 | Step 0200/1216 | Loss: 2.2848 | Grad: 0.014 | P@10: 0.0% | P@20: 15.0% | LR: 0.004834
[09:56:43] EP 039 | Step 0300/1216 | Loss: 2.2993 | Grad: 0.038 | P@10: 10.0% | P@20: 20.0% | LR: 0.004831
[09:56:45] EP 039 | Step 0400/1216 | Loss: 2.3254 | Grad: 0.142 | P@10: 0.0% | P@20: 10.0% | LR: 0.004827
[09:56:47] EP 039 | Step 0500/1216 | Loss: 2.3209 | Grad: 0.071 | P@10: 10.0% | P@20: 30.0% | LR: 0.004824
[09:56:50] EP 039 | Step 0600/1216 | Loss: 2.2795 | Grad: 0.056 | P@10: 10.0% | P@20: 10.0% | LR: 0.004820
[09:56:52] EP 039 | Step 0700/1216 | Loss: 2.2862 | Grad: 0.018 | P@10: 10.0% | P@20: 25.0% | LR: 0.004817
[09:56:54] EP 039 | Step 0800/1216 | Loss: 2.2874 | Grad: 0.042 | P@10: 10.0% | P@20: 15.0% | LR: 0.004814
[09:56:56] EP 039 | Step 0900/1216 | Loss: 2.2899 | Grad: 0.052 | P@10: 10.0% | P@20: 20.0% | LR: 0.004810
[09:56:58] EP 039 | Step 1000/1216 | Loss: 2.3098 | Grad: 0.140 | P@10: 0.0% | P@20: 10.0% | LR: 0.004807
[09:57:00] EP 039 | Step 1100/1216 | Loss: 2.2962 | Grad: 0.026 | P@10: 0.0% | P@20: 20.0% | LR: 0.004803
[09:57:02] EP 039 | Step 1200/1216 | Loss: 2.2851 | Grad: 0.031 | P@10: 10.0% | P@20: 20.0% | LR: 0.004799
==============================================================================================================
FIM EP 039 | Val Loss: 0.0446 | P@10 FINAL: 5.46% | P@20 FINAL: 15.62%
==============================================================================================================
[09:57:04] EP 040 | Step 0000/1216 | Loss: 2.3130 | Grad: 0.053 | P@10: 0.0% | P@20: 10.0% | LR: 0.004799
[09:57:07] EP 040 | Step 0100/1216 | Loss: 2.2854 | Grad: 0.015 | P@10: 0.0% | P@20: 20.0% | LR: 0.004795
[09:57:09] EP 040 | Step 0200/1216 | Loss: 2.2751 | Grad: 0.059 | P@10: 0.0% | P@20: 15.0% | LR: 0.004791
[09:57:11] EP 040 | Step 0300/1216 | Loss: 2.2809 | Grad: 0.003 | P@10: 0.0% | P@20: 20.0% | LR: 0.004788
[09:57:13] EP 040 | Step 0400/1216 | Loss: 2.2983 | Grad: 0.055 | P@10: 0.0% | P@20: 10.0% | LR: 0.004784
[09:57:15] EP 040 | Step 0500/1216 | Loss: 2.2859 | Grad: 0.027 | P@10: 20.0% | P@20: 15.0% | LR: 0.004780
[09:57:17] EP 040 | Step 0600/1216 | Loss: 2.2924 | Grad: 0.023 | P@10: 10.0% | P@20: 20.0% | LR: 0.004776
[09:57:19] EP 040 | Step 0700/1216 | Loss: 2.2795 | Grad: 0.056 | P@10: 10.0% | P@20: 10.0% | LR: 0.004773
[09:57:21] EP 040 | Step 0800/1216 | Loss: 2.2879 | Grad: 0.003 | P@10: 20.0% | P@20: 20.0% | LR: 0.004769
[09:57:24] EP 040 | Step 0900/1216 | Loss: 2.2887 | Grad: 0.003 | P@10: 10.0% | P@20: 15.0% | LR: 0.004765
[09:57:26] EP 040 | Step 1000/1216 | Loss: 2.2863 | Grad: 0.012 | P@10: 20.0% | P@20: 20.0% | LR: 0.004761
[09:57:28] EP 040 | Step 1100/1216 | Loss: 2.3003 | Grad: 0.011 | P@10: 0.0% | P@20: 10.0% | LR: 0.004757
[09:57:30] EP 040 | Step 1200/1216 | Loss: 2.3280 | Grad: 0.178 | P@10: 10.0% | P@20: 20.0% | LR: 0.004753
==============================================================================================================
FIM EP 040 | Val Loss: 0.0442 | P@10 FINAL: 5.46% | P@20 FINAL: 15.62%
==============================================================================================================
[09:57:32] EP 041 | Step 0000/1216 | Loss: 2.2850 | Grad: 0.012 | P@10: 0.0% | P@20: 10.0% | LR: 0.004752
[09:57:34] EP 041 | Step 0100/1216 | Loss: 2.2803 | Grad: 0.019 | P@10: 0.0% | P@20: 15.0% | LR: 0.004748
[09:57:36] EP 041 | Step 0200/1216 | Loss: 2.2883 | Grad: 0.027 | P@10: 0.0% | P@20: 15.0% | LR: 0.004744
[09:57:38] EP 041 | Step 0300/1216 | Loss: 2.2891 | Grad: 0.022 | P@10: 10.0% | P@20: 25.0% | LR: 0.004740
[09:57:40] EP 041 | Step 0400/1216 | Loss: 2.3161 | Grad: 0.149 | P@10: 0.0% | P@20: 5.0% | LR: 0.004736
[09:57:43] EP 041 | Step 0500/1216 | Loss: 2.2858 | Grad: 0.048 | P@10: 0.0% | P@20: 10.0% | LR: 0.004732
[09:57:45] EP 041 | Step 0600/1216 | Loss: 2.2845 | Grad: 0.013 | P@10: 10.0% | P@20: 20.0% | LR: 0.004728
[09:57:47] EP 041 | Step 0700/1216 | Loss: 2.2897 | Grad: 0.018 | P@10: 20.0% | P@20: 15.0% | LR: 0.004724
[09:57:49] EP 041 | Step 0800/1216 | Loss: 2.3012 | Grad: 0.039 | P@10: 20.0% | P@20: 15.0% | LR: 0.004719
[09:57:51] EP 041 | Step 0900/1216 | Loss: 2.2827 | Grad: 0.008 | P@10: 0.0% | P@20: 5.0% | LR: 0.004715
[09:57:53] EP 041 | Step 1000/1216 | Loss: 2.3079 | Grad: 0.162 | P@10: 0.0% | P@20: 15.0% | LR: 0.004711
[09:57:55] EP 041 | Step 1100/1216 | Loss: 2.3123 | Grad: 0.115 | P@10: 0.0% | P@20: 5.0% | LR: 0.004706
[09:57:57] EP 041 | Step 1200/1216 | Loss: 2.2890 | Grad: 0.020 | P@10: 20.0% | P@20: 15.0% | LR: 0.004702
==============================================================================================================
FIM EP 041 | Val Loss: 0.0441 | P@10 FINAL: 5.46% | P@20 FINAL: 15.62%
==============================================================================================================
[09:57:59] EP 042 | Step 0000/1216 | Loss: 2.2907 | Grad: 0.118 | P@10: 10.0% | P@20: 40.0% | LR: 0.004701
[09:58:02] EP 042 | Step 0100/1216 | Loss: 2.2799 | Grad: 0.026 | P@10: 0.0% | P@20: 15.0% | LR: 0.004697
[09:58:04] EP 042 | Step 0200/1216 | Loss: 2.3002 | Grad: 0.021 | P@10: 0.0% | P@20: 15.0% | LR: 0.004693
[09:58:06] EP 042 | Step 0300/1216 | Loss: 2.3021 | Grad: 0.067 | P@10: 10.0% | P@20: 20.0% | LR: 0.004688
[09:58:08] EP 042 | Step 0400/1216 | Loss: 2.3075 | Grad: 0.029 | P@10: 0.0% | P@20: 15.0% | LR: 0.004684
[09:58:10] EP 042 | Step 0500/1216 | Loss: 2.2774 | Grad: 0.117 | P@10: 10.0% | P@20: 15.0% | LR: 0.004679
[09:58:12] EP 042 | Step 0600/1216 | Loss: 2.2927 | Grad: 0.066 | P@10: 10.0% | P@20: 20.0% | LR: 0.004675
[09:58:15] EP 042 | Step 0700/1216 | Loss: 2.3276 | Grad: 0.122 | P@10: 0.0% | P@20: 15.0% | LR: 0.004670
[09:58:17] EP 042 | Step 0800/1216 | Loss: 2.2747 | Grad: 0.142 | P@10: 10.0% | P@20: 20.0% | LR: 0.004665
[09:58:19] EP 042 | Step 0900/1216 | Loss: 2.2920 | Grad: 0.020 | P@10: 0.0% | P@20: 10.0% | LR: 0.004661
[09:58:21] EP 042 | Step 1000/1216 | Loss: 2.2850 | Grad: 0.016 | P@10: 0.0% | P@20: 20.0% | LR: 0.004656
[09:58:23] EP 042 | Step 1100/1216 | Loss: 2.2870 | Grad: 0.104 | P@10: 0.0% | P@20: 10.0% | LR: 0.004651
[09:58:25] EP 042 | Step 1200/1216 | Loss: 2.2929 | Grad: 0.192 | P@10: 10.0% | P@20: 20.0% | LR: 0.004647
==============================================================================================================
FIM EP 042 | Val Loss: 0.0443 | P@10 FINAL: 5.46% | P@20 FINAL: 15.62%
==============================================================================================================
[09:58:27] EP 043 | Step 0000/1216 | Loss: 2.2994 | Grad: 0.079 | P@10: 0.0% | P@20: 15.0% | LR: 0.004646
[09:58:29] EP 043 | Step 0100/1216 | Loss: 2.2821 | Grad: 0.028 | P@10: 0.0% | P@20: 15.0% | LR: 0.004641
[09:58:31] EP 043 | Step 0200/1216 | Loss: 2.2754 | Grad: 0.121 | P@10: 20.0% | P@20: 15.0% | LR: 0.004637
[09:58:34] EP 043 | Step 0300/1216 | Loss: 2.2877 | Grad: 0.019 | P@10: 10.0% | P@20: 15.0% | LR: 0.004632
[09:58:36] EP 043 | Step 0400/1216 | Loss: 2.2873 | Grad: 0.010 | P@10: 10.0% | P@20: 20.0% | LR: 0.004627
[09:58:38] EP 043 | Step 0500/1216 | Loss: 2.3179 | Grad: 0.127 | P@10: 10.0% | P@20: 15.0% | LR: 0.004622
[09:58:40] EP 043 | Step 0600/1216 | Loss: 2.3103 | Grad: 0.175 | P@10: 20.0% | P@20: 25.0% | LR: 0.004617
[09:58:42] EP 043 | Step 0700/1216 | Loss: 2.3075 | Grad: 0.026 | P@10: 0.0% | P@20: 15.0% | LR: 0.004612
[09:58:44] EP 043 | Step 0800/1216 | Loss: 2.2917 | Grad: 0.065 | P@10: 0.0% | P@20: 20.0% | LR: 0.004607
[09:58:46] EP 043 | Step 0900/1216 | Loss: 2.2976 | Grad: 0.096 | P@10: 10.0% | P@20: 15.0% | LR: 0.004602
[09:58:49] EP 043 | Step 1000/1216 | Loss: 2.2861 | Grad: 0.124 | P@10: 0.0% | P@20: 15.0% | LR: 0.004597
[09:58:51] EP 043 | Step 1100/1216 | Loss: 2.2777 | Grad: 0.091 | P@10: 10.0% | P@20: 20.0% | LR: 0.004592
[09:58:53] EP 043 | Step 1200/1216 | Loss: 2.2806 | Grad: 0.063 | P@10: 10.0% | P@20: 10.0% | LR: 0.004587
==============================================================================================================
FIM EP 043 | Val Loss: 0.0420 | P@10 FINAL: 5.46% | P@20 FINAL: 15.62%
==============================================================================================================
[09:58:55] EP 044 | Step 0000/1216 | Loss: 2.2734 | Grad: 0.039 | P@10: 10.0% | P@20: 25.0% | LR: 0.004586
[09:58:57] EP 044 | Step 0100/1216 | Loss: 2.2815 | Grad: 0.079 | P@10: 0.0% | P@20: 10.0% | LR: 0.004581
[09:58:59] EP 044 | Step 0200/1216 | Loss: 2.2778 | Grad: 0.121 | P@10: 20.0% | P@20: 20.0% | LR: 0.004576
[09:59:01] EP 044 | Step 0300/1216 | Loss: 2.2940 | Grad: 0.039 | P@10: 10.0% | P@20: 20.0% | LR: 0.004571
[09:59:03] EP 044 | Step 0400/1216 | Loss: 2.2955 | Grad: 0.035 | P@10: 0.0% | P@20: 10.0% | LR: 0.004566
[09:59:06] EP 044 | Step 0500/1216 | Loss: 2.2802 | Grad: 0.171 | P@10: 20.0% | P@20: 15.0% | LR: 0.004561
[09:59:08] EP 044 | Step 0600/1216 | Loss: 2.2820 | Grad: 0.021 | P@10: 20.0% | P@20: 20.0% | LR: 0.004555
[09:59:10] EP 044 | Step 0700/1216 | Loss: 2.2763 | Grad: 0.054 | P@10: 0.0% | P@20: 10.0% | LR: 0.004550
[09:59:12] EP 044 | Step 0800/1216 | Loss: 2.2889 | Grad: 0.036 | P@10: 0.0% | P@20: 10.0% | LR: 0.004545
[09:59:14] EP 044 | Step 0900/1216 | Loss: 2.2952 | Grad: 0.078 | P@10: 10.0% | P@20: 15.0% | LR: 0.004539
[09:59:16] EP 044 | Step 1000/1216 | Loss: 2.3114 | Grad: 0.031 | P@10: 10.0% | P@20: 15.0% | LR: 0.004534
[09:59:18] EP 044 | Step 1100/1216 | Loss: 2.3274 | Grad: 0.201 | P@10: 0.0% | P@20: 15.0% | LR: 0.004529
[09:59:21] EP 044 | Step 1200/1216 | Loss: 2.2945 | Grad: 0.059 | P@10: 0.0% | P@20: 10.0% | LR: 0.004523
==============================================================================================================
FIM EP 044 | Val Loss: 0.0479 | P@10 FINAL: 5.46% | P@20 FINAL: 15.62%
==============================================================================================================
[09:59:23] EP 045 | Step 0000/1216 | Loss: 2.2844 | Grad: 0.104 | P@10: 0.0% | P@20: 15.0% | LR: 0.004522
[09:59:25] EP 045 | Step 0100/1216 | Loss: 2.3027 | Grad: 0.144 | P@10: 10.0% | P@20: 25.0% | LR: 0.004517
[09:59:27] EP 045 | Step 0200/1216 | Loss: 2.2946 | Grad: 0.061 | P@10: 10.0% | P@20: 10.0% | LR: 0.004512
[09:59:29] EP 045 | Step 0300/1216 | Loss: 2.3019 | Grad: 0.071 | P@10: 0.0% | P@20: 20.0% | LR: 0.004506
[09:59:31] EP 045 | Step 0400/1216 | Loss: 2.2796 | Grad: 0.043 | P@10: 10.0% | P@20: 15.0% | LR: 0.004501
[09:59:33] EP 045 | Step 0500/1216 | Loss: 2.2752 | Grad: 0.134 | P@10: 0.0% | P@20: 0.0% | LR: 0.004495
[09:59:36] EP 045 | Step 0600/1216 | Loss: 2.2872 | Grad: 0.029 | P@10: 10.0% | P@20: 15.0% | LR: 0.004489
[09:59:38] EP 045 | Step 0700/1216 | Loss: 2.2989 | Grad: 0.024 | P@10: 0.0% | P@20: 10.0% | LR: 0.004484
[09:59:40] EP 045 | Step 0800/1216 | Loss: 2.3273 | Grad: 0.187 | P@10: 0.0% | P@20: 15.0% | LR: 0.004478
[09:59:42] EP 045 | Step 0900/1216 | Loss: 2.2882 | Grad: 0.045 | P@10: 0.0% | P@20: 10.0% | LR: 0.004473
[09:59:44] EP 045 | Step 1000/1216 | Loss: 2.2935 | Grad: 0.037 | P@10: 10.0% | P@20: 15.0% | LR: 0.004467
[09:59:46] EP 045 | Step 1100/1216 | Loss: 2.2725 | Grad: 0.113 | P@10: 10.0% | P@20: 15.0% | LR: 0.004461
[09:59:49] EP 045 | Step 1200/1216 | Loss: 2.2795 | Grad: 0.037 | P@10: 0.0% | P@20: 10.0% | LR: 0.004455
==============================================================================================================
FIM EP 045 | Val Loss: 0.0442 | P@10 FINAL: 5.46% | P@20 FINAL: 15.62%
==============================================================================================================
[09:59:51] EP 046 | Step 0000/1216 | Loss: 2.2921 | Grad: 0.012 | P@10: 10.0% | P@20: 10.0% | LR: 0.004454
[09:59:53] EP 046 | Step 0100/1216 | Loss: 2.2864 | Grad: 0.128 | P@10: 0.0% | P@20: 15.0% | LR: 0.004449
[09:59:55] EP 046 | Step 0200/1216 | Loss: 2.3155 | Grad: 0.054 | P@10: 10.0% | P@20: 35.0% | LR: 0.004443
[09:59:57] EP 046 | Step 0300/1216 | Loss: 2.2918 | Grad: 0.038 | P@10: 10.0% | P@20: 20.0% | LR: 0.004437
[09:59:59] EP 046 | Step 0400/1216 | Loss: 2.2750 | Grad: 0.122 | P@10: 0.0% | P@20: 10.0% | LR: 0.004431
[10:00:01] EP 046 | Step 0500/1216 | Loss: 2.2767 | Grad: 0.033 | P@10: 0.0% | P@20: 15.0% | LR: 0.004425
[10:00:04] EP 046 | Step 0600/1216 | Loss: 2.3083 | Grad: 0.122 | P@10: 20.0% | P@20: 25.0% | LR: 0.004419
[10:00:06] EP 046 | Step 0700/1216 | Loss: 2.2809 | Grad: 0.014 | P@10: 0.0% | P@20: 20.0% | LR: 0.004414
[10:00:08] EP 046 | Step 0800/1216 | Loss: 2.2986 | Grad: 0.026 | P@10: 20.0% | P@20: 20.0% | LR: 0.004408
[10:00:10] EP 046 | Step 0900/1216 | Loss: 2.2715 | Grad: 0.088 | P@10: 0.0% | P@20: 10.0% | LR: 0.004402
[10:00:12] EP 046 | Step 1000/1216 | Loss: 2.3308 | Grad: 0.005 | P@10: 0.0% | P@20: 5.0% | LR: 0.004396
[10:00:14] EP 046 | Step 1100/1216 | Loss: 2.3008 | Grad: 0.043 | P@10: 0.0% | P@20: 10.0% | LR: 0.004390
[10:00:16] EP 046 | Step 1200/1216 | Loss: 2.3251 | Grad: 0.177 | P@10: 0.0% | P@20: 15.0% | LR: 0.004384
==============================================================================================================
FIM EP 046 | Val Loss: 0.0472 | P@10 FINAL: 5.46% | P@20 FINAL: 15.62%
==============================================================================================================
[10:00:19] EP 047 | Step 0000/1216 | Loss: 2.2973 | Grad: 0.020 | P@10: 20.0% | P@20: 10.0% | LR: 0.004383
[10:00:21] EP 047 | Step 0100/1216 | Loss: 2.2930 | Grad: 0.015 | P@10: 0.0% | P@20: 20.0% | LR: 0.004376
[10:00:23] EP 047 | Step 0200/1216 | Loss: 2.3044 | Grad: 0.068 | P@10: 10.0% | P@20: 15.0% | LR: 0.004370
[10:00:25] EP 047 | Step 0300/1216 | Loss: 2.2839 | Grad: 0.075 | P@10: 0.0% | P@20: 5.0% | LR: 0.004364
[10:00:27] EP 047 | Step 0400/1216 | Loss: 2.3031 | Grad: 0.050 | P@10: 0.0% | P@20: 15.0% | LR: 0.004358
[10:00:29] EP 047 | Step 0500/1216 | Loss: 2.2859 | Grad: 0.035 | P@10: 10.0% | P@20: 15.0% | LR: 0.004352
[10:00:32] EP 047 | Step 0600/1216 | Loss: 2.2922 | Grad: 0.051 | P@10: 10.0% | P@20: 15.0% | LR: 0.004346
[10:00:34] EP 047 | Step 0700/1216 | Loss: 2.2927 | Grad: 0.163 | P@10: 0.0% | P@20: 15.0% | LR: 0.004339
[10:00:36] EP 047 | Step 0800/1216 | Loss: 2.2805 | Grad: 0.074 | P@10: 10.0% | P@20: 25.0% | LR: 0.004333
[10:00:38] EP 047 | Step 0900/1216 | Loss: 2.2809 | Grad: 0.070 | P@10: 0.0% | P@20: 25.0% | LR: 0.004327
[10:00:40] EP 047 | Step 1000/1216 | Loss: 2.2915 | Grad: 0.047 | P@10: 10.0% | P@20: 15.0% | LR: 0.004321
[10:00:42] EP 047 | Step 1100/1216 | Loss: 2.3220 | Grad: 0.122 | P@10: 20.0% | P@20: 20.0% | LR: 0.004314
[10:00:45] EP 047 | Step 1200/1216 | Loss: 2.2878 | Grad: 0.020 | P@10: 0.0% | P@20: 10.0% | LR: 0.004308
==============================================================================================================
FIM EP 047 | Val Loss: 0.0457 | P@10 FINAL: 5.46% | P@20 FINAL: 15.62%
==============================================================================================================
[10:00:47] EP 048 | Step 0000/1216 | Loss: 2.2902 | Grad: 0.019 | P@10: 0.0% | P@20: 10.0% | LR: 0.004307
[10:00:49] EP 048 | Step 0100/1216 | Loss: 2.2910 | Grad: 0.107 | P@10: 20.0% | P@20: 15.0% | LR: 0.004300
[10:00:51] EP 048 | Step 0200/1216 | Loss: 2.3076 | Grad: 0.085 | P@10: 20.0% | P@20: 20.0% | LR: 0.004294
[10:00:53] EP 048 | Step 0300/1216 | Loss: 2.2891 | Grad: 0.034 | P@10: 10.0% | P@20: 15.0% | LR: 0.004288
[10:00:55] EP 048 | Step 0400/1216 | Loss: 2.3026 | Grad: 0.075 | P@10: 10.0% | P@20: 15.0% | LR: 0.004281
[10:00:57] EP 048 | Step 0500/1216 | Loss: 2.2949 | Grad: 0.075 | P@10: 10.0% | P@20: 10.0% | LR: 0.004275
[10:01:00] EP 048 | Step 0600/1216 | Loss: 2.2701 | Grad: 0.097 | P@10: 10.0% | P@20: 10.0% | LR: 0.004268
[10:01:02] EP 048 | Step 0700/1216 | Loss: 2.2768 | Grad: 0.048 | P@10: 20.0% | P@20: 15.0% | LR: 0.004262
[10:01:04] EP 048 | Step 0800/1216 | Loss: 2.3109 | Grad: 0.094 | P@10: 10.0% | P@20: 10.0% | LR: 0.004255
[10:01:06] EP 048 | Step 0900/1216 | Loss: 2.2832 | Grad: 0.019 | P@10: 0.0% | P@20: 15.0% | LR: 0.004248
[10:01:08] EP 048 | Step 1000/1216 | Loss: 2.3024 | Grad: 0.068 | P@10: 0.0% | P@20: 10.0% | LR: 0.004242
[10:01:10] EP 048 | Step 1100/1216 | Loss: 2.2930 | Grad: 0.015 | P@10: 0.0% | P@20: 20.0% | LR: 0.004235
[10:01:13] EP 048 | Step 1200/1216 | Loss: 2.2890 | Grad: 0.029 | P@10: 0.0% | P@20: 5.0% | LR: 0.004229
==============================================================================================================
FIM EP 048 | Val Loss: 0.0434 | P@10 FINAL: 5.46% | P@20 FINAL: 15.62%
==============================================================================================================
[10:01:15] EP 049 | Step 0000/1216 | Loss: 2.3205 | Grad: 0.186 | P@10: 0.0% | P@20: 20.0% | LR: 0.004228
[10:01:17] EP 049 | Step 0100/1216 | Loss: 2.2782 | Grad: 0.080 | P@10: 0.0% | P@20: 15.0% | LR: 0.004221
[10:01:19] EP 049 | Step 0200/1216 | Loss: 2.2857 | Grad: 0.005 | P@10: 20.0% | P@20: 20.0% | LR: 0.004214
[10:01:21] EP 049 | Step 0300/1216 | Loss: 2.2951 | Grad: 0.039 | P@10: 20.0% | P@20: 20.0% | LR: 0.004207
[10:01:23] EP 049 | Step 0400/1216 | Loss: 2.2984 | Grad: 0.035 | P@10: 10.0% | P@20: 20.0% | LR: 0.004201
[10:01:26] EP 049 | Step 0500/1216 | Loss: 2.2858 | Grad: 0.053 | P@10: 10.0% | P@20: 10.0% | LR: 0.004194
[10:01:28] EP 049 | Step 0600/1216 | Loss: 2.3245 | Grad: 0.158 | P@10: 20.0% | P@20: 20.0% | LR: 0.004187
[10:01:30] EP 049 | Step 0700/1216 | Loss: 2.2839 | Grad: 0.151 | P@10: 10.0% | P@20: 15.0% | LR: 0.004180
[10:01:32] EP 049 | Step 0800/1216 | Loss: 2.2914 | Grad: 0.059 | P@10: 0.0% | P@20: 10.0% | LR: 0.004173
[10:01:34] EP 049 | Step 0900/1216 | Loss: 2.2982 | Grad: 0.059 | P@10: 10.0% | P@20: 15.0% | LR: 0.004167
[10:01:37] EP 049 | Step 1000/1216 | Loss: 2.2772 | Grad: 0.084 | P@10: 10.0% | P@20: 25.0% | LR: 0.004160
[10:01:39] EP 049 | Step 1100/1216 | Loss: 2.2730 | Grad: 0.101 | P@10: 10.0% | P@20: 10.0% | LR: 0.004153
[10:01:41] EP 049 | Step 1200/1216 | Loss: 2.2802 | Grad: 0.079 | P@10: 20.0% | P@20: 25.0% | LR: 0.004146
==============================================================================================================
FIM EP 049 | Val Loss: 0.0443 | P@10 FINAL: 5.46% | P@20 FINAL: 15.62%
==============================================================================================================
[10:01:43] EP 050 | Step 0000/1216 | Loss: 2.2906 | Grad: 0.045 | P@10: 0.0% | P@20: 10.0% | LR: 0.004145
[10:01:45] EP 050 | Step 0100/1216 | Loss: 2.3087 | Grad: 0.115 | P@10: 20.0% | P@20: 20.0% | LR: 0.004138
[10:01:47] EP 050 | Step 0200/1216 | Loss: 2.2930 | Grad: 0.066 | P@10: 0.0% | P@20: 10.0% | LR: 0.004131
[10:01:50] EP 050 | Step 0300/1216 | Loss: 2.2810 | Grad: 0.048 | P@10: 20.0% | P@20: 30.0% | LR: 0.004124
[10:01:52] EP 050 | Step 0400/1216 | Loss: 2.3040 | Grad: 0.051 | P@10: 10.0% | P@20: 25.0% | LR: 0.004117
[10:01:54] EP 050 | Step 0500/1216 | Loss: 2.2932 | Grad: 0.068 | P@10: 0.0% | P@20: 0.0% | LR: 0.004110
[10:01:56] EP 050 | Step 0600/1216 | Loss: 2.2879 | Grad: 0.018 | P@10: 20.0% | P@20: 20.0% | LR: 0.004103
[10:01:58] EP 050 | Step 0700/1216 | Loss: 2.2975 | Grad: 0.006 | P@10: 0.0% | P@20: 10.0% | LR: 0.004096
[10:02:01] EP 050 | Step 0800/1216 | Loss: 2.3108 | Grad: 0.083 | P@10: 0.0% | P@20: 15.0% | LR: 0.004088
[10:02:03] EP 050 | Step 0900/1216 | Loss: 2.3035 | Grad: 0.080 | P@10: 0.0% | P@20: 20.0% | LR: 0.004081
[10:02:05] EP 050 | Step 1000/1216 | Loss: 2.2776 | Grad: 0.066 | P@10: 10.0% | P@20: 15.0% | LR: 0.004074
[10:02:07] EP 050 | Step 1100/1216 | Loss: 2.2900 | Grad: 0.047 | P@10: 10.0% | P@20: 15.0% | LR: 0.004067
[10:02:09] EP 050 | Step 1200/1216 | Loss: 2.3209 | Grad: 0.177 | P@10: 0.0% | P@20: 10.0% | LR: 0.004060
==============================================================================================================
FIM EP 050 | Val Loss: 0.0443 | P@10 FINAL: 5.46% | P@20 FINAL: 15.62%
==============================================================================================================
[10:02:11] EP 051 | Step 0000/1216 | Loss: 2.2847 | Grad: 0.000 | P@10: 10.0% | P@20: 20.0% | LR: 0.004059
[10:02:14] EP 051 | Step 0100/1216 | Loss: 2.2891 | Grad: 0.396 | P@10: 100.0% | P@20: 100.0% | LR: 0.004051
[10:02:16] EP 051 | Step 0200/1216 | Loss: 2.2831 | Grad: 0.079 | P@10: 10.0% | P@20: 10.0% | LR: 0.004044
[10:02:18] EP 051 | Step 0300/1216 | Loss: 2.2754 | Grad: 0.059 | P@10: 10.0% | P@20: 20.0% | LR: 0.004037
[10:02:20] EP 051 | Step 0400/1216 | Loss: 2.3006 | Grad: 0.039 | P@10: 10.0% | P@20: 10.0% | LR: 0.004030
[10:02:22] EP 051 | Step 0500/1216 | Loss: 2.3100 | Grad: 0.083 | P@10: 10.0% | P@20: 10.0% | LR: 0.004022
[10:02:25] EP 051 | Step 0600/1216 | Loss: 2.2996 | Grad: 0.089 | P@10: 0.0% | P@20: 10.0% | LR: 0.004015
[10:02:27] EP 051 | Step 0700/1216 | Loss: 2.2887 | Grad: 0.068 | P@10: 0.0% | P@20: 0.0% | LR: 0.004008
[10:02:29] EP 051 | Step 0800/1216 | Loss: 2.2923 | Grad: 0.076 | P@10: 0.0% | P@20: 20.0% | LR: 0.004000
[10:02:31] EP 051 | Step 0900/1216 | Loss: 2.2785 | Grad: 0.084 | P@10: 0.0% | P@20: 15.0% | LR: 0.003993
[10:02:33] EP 051 | Step 1000/1216 | Loss: 2.2958 | Grad: 0.075 | P@10: 10.0% | P@20: 20.0% | LR: 0.003985
[10:02:36] EP 051 | Step 1100/1216 | Loss: 2.2816 | Grad: 0.136 | P@10: 10.0% | P@20: 10.0% | LR: 0.003978
[10:02:38] EP 051 | Step 1200/1216 | Loss: 2.2771 | Grad: 0.134 | P@10: 10.0% | P@20: 25.0% | LR: 0.003971
==============================================================================================================
FIM EP 051 | Val Loss: 0.0469 | P@10 FINAL: 5.46% | P@20 FINAL: 15.62%
==============================================================================================================
[10:02:40] EP 052 | Step 0000/1216 | Loss: 2.2894 | Grad: 0.007 | P@10: 0.0% | P@20: 15.0% | LR: 0.003969
[10:02:42] EP 052 | Step 0100/1216 | Loss: 2.2848 | Grad: 0.002 | P@10: 0.0% | P@20: 15.0% | LR: 0.003962
[10:02:44] EP 052 | Step 0200/1216 | Loss: 2.2900 | Grad: 0.008 | P@10: 10.0% | P@20: 25.0% | LR: 0.003954
[10:02:46] EP 052 | Step 0300/1216 | Loss: 2.2857 | Grad: 0.034 | P@10: 10.0% | P@20: 20.0% | LR: 0.003947
[10:02:49] EP 052 | Step 0400/1216 | Loss: 2.3023 | Grad: 0.116 | P@10: 10.0% | P@20: 20.0% | LR: 0.003939
[10:02:51] EP 052 | Step 0500/1216 | Loss: 2.2954 | Grad: 0.057 | P@10: 10.0% | P@20: 20.0% | LR: 0.003932
[10:02:53] EP 052 | Step 0600/1216 | Loss: 2.3041 | Grad: 0.022 | P@10: 0.0% | P@20: 20.0% | LR: 0.003924
[10:02:55] EP 052 | Step 0700/1216 | Loss: 2.2969 | Grad: 0.076 | P@10: 20.0% | P@20: 15.0% | LR: 0.003917
[10:02:57] EP 052 | Step 0800/1216 | Loss: 2.2862 | Grad: 0.046 | P@10: 10.0% | P@20: 15.0% | LR: 0.003909
[10:03:00] EP 052 | Step 0900/1216 | Loss: 2.2928 | Grad: 0.050 | P@10: 10.0% | P@20: 20.0% | LR: 0.003901
[10:03:02] EP 052 | Step 1000/1216 | Loss: 2.3033 | Grad: 0.014 | P@10: 10.0% | P@20: 10.0% | LR: 0.003894
[10:03:04] EP 052 | Step 1100/1216 | Loss: 2.2891 | Grad: 0.001 | P@10: 10.0% | P@20: 20.0% | LR: 0.003886
[10:03:06] EP 052 | Step 1200/1216 | Loss: 2.3119 | Grad: 0.100 | P@10: 10.0% | P@20: 25.0% | LR: 0.003878
==============================================================================================================
FIM EP 052 | Val Loss: 0.0437 | P@10 FINAL: 5.46% | P@20 FINAL: 15.62%
==============================================================================================================
[10:03:08] EP 053 | Step 0000/1216 | Loss: 2.2776 | Grad: 0.037 | P@10: 0.0% | P@20: 15.0% | LR: 0.003877
[10:03:11] EP 053 | Step 0100/1216 | Loss: 2.2794 | Grad: 0.042 | P@10: 0.0% | P@20: 15.0% | LR: 0.003869
[10:03:13] EP 053 | Step 0200/1216 | Loss: 2.2812 | Grad: 0.116 | P@10: 10.0% | P@20: 10.0% | LR: 0.003862
[10:03:15] EP 053 | Step 0300/1216 | Loss: 2.2954 | Grad: 0.027 | P@10: 10.0% | P@20: 15.0% | LR: 0.003854
[10:03:17] EP 053 | Step 0400/1216 | Loss: 2.3176 | Grad: 0.164 | P@10: 10.0% | P@20: 10.0% | LR: 0.003846
[10:03:19] EP 053 | Step 0500/1216 | Loss: 2.2889 | Grad: 0.018 | P@10: 0.0% | P@20: 5.0% | LR: 0.003838
[10:03:22] EP 053 | Step 0600/1216 | Loss: 2.2838 | Grad: 0.108 | P@10: 10.0% | P@20: 15.0% | LR: 0.003831
[10:03:24] EP 053 | Step 0700/1216 | Loss: 2.2860 | Grad: 0.100 | P@10: 10.0% | P@20: 15.0% | LR: 0.003823
[10:03:26] EP 053 | Step 0800/1216 | Loss: 2.2858 | Grad: 0.024 | P@10: 0.0% | P@20: 20.0% | LR: 0.003815
[10:03:28] EP 053 | Step 0900/1216 | Loss: 2.2940 | Grad: 0.067 | P@10: 0.0% | P@20: 10.0% | LR: 0.003807
[10:03:31] EP 053 | Step 1000/1216 | Loss: 2.3191 | Grad: 0.122 | P@10: 20.0% | P@20: 15.0% | LR: 0.003799
[10:03:33] EP 053 | Step 1100/1216 | Loss: 2.2863 | Grad: 0.381 | P@10: 100.0% | P@20: 100.0% | LR: 0.003791
[10:03:35] EP 053 | Step 1200/1216 | Loss: 2.3060 | Grad: 0.073 | P@10: 10.0% | P@20: 15.0% | LR: 0.003783
==============================================================================================================
FIM EP 053 | Val Loss: 0.0433 | P@10 FINAL: 5.46% | P@20 FINAL: 15.62%
==============================================================================================================
[10:03:37] EP 054 | Step 0000/1216 | Loss: 2.3011 | Grad: 0.109 | P@10: 10.0% | P@20: 15.0% | LR: 0.003782
[10:03:39] EP 054 | Step 0100/1216 | Loss: 2.2839 | Grad: 0.018 | P@10: 0.0% | P@20: 20.0% | LR: 0.003774
[10:03:42] EP 054 | Step 0200/1216 | Loss: 2.2785 | Grad: 0.038 | P@10: 20.0% | P@20: 25.0% | LR: 0.003766
[10:03:44] EP 054 | Step 0300/1216 | Loss: 2.2939 | Grad: 0.150 | P@10: 10.0% | P@20: 10.0% | LR: 0.003758
[10:03:46] EP 054 | Step 0400/1216 | Loss: 2.2775 | Grad: 0.119 | P@10: 0.0% | P@20: 10.0% | LR: 0.003750
[10:03:48] EP 054 | Step 0500/1216 | Loss: 2.2967 | Grad: 0.042 | P@10: 10.0% | P@20: 15.0% | LR: 0.003742
[10:03:50] EP 054 | Step 0600/1216 | Loss: 2.2971 | Grad: 0.088 | P@10: 20.0% | P@20: 15.0% | LR: 0.003734
[10:03:53] EP 054 | Step 0700/1216 | Loss: 2.3027 | Grad: 0.058 | P@10: 0.0% | P@20: 15.0% | LR: 0.003726
[10:03:55] EP 054 | Step 0800/1216 | Loss: 2.3013 | Grad: 0.068 | P@10: 0.0% | P@20: 10.0% | LR: 0.003718
[10:03:57] EP 054 | Step 0900/1216 | Loss: 2.2841 | Grad: 0.112 | P@10: 10.0% | P@20: 15.0% | LR: 0.003710
[10:03:59] EP 054 | Step 1000/1216 | Loss: 2.2880 | Grad: 0.390 | P@10: 100.0% | P@20: 100.0% | LR: 0.003702
[10:04:02] EP 054 | Step 1100/1216 | Loss: 2.3217 | Grad: 0.163 | P@10: 20.0% | P@20: 15.0% | LR: 0.003694
[10:04:04] EP 054 | Step 1200/1216 | Loss: 2.2819 | Grad: 0.357 | P@10: 100.0% | P@20: 100.0% | LR: 0.003686
==============================================================================================================
FIM EP 054 | Val Loss: 0.0429 | P@10 FINAL: 5.46% | P@20 FINAL: 15.62%
==============================================================================================================
[10:04:06] EP 055 | Step 0000/1216 | Loss: 2.3048 | Grad: 0.136 | P@10: 20.0% | P@20: 20.0% | LR: 0.003685
[10:04:08] EP 055 | Step 0100/1216 | Loss: 2.2984 | Grad: 0.090 | P@10: 0.0% | P@20: 15.0% | LR: 0.003676
[10:04:10] EP 055 | Step 0200/1216 | Loss: 2.2931 | Grad: 0.007 | P@10: 10.0% | P@20: 15.0% | LR: 0.003668
[10:04:13] EP 055 | Step 0300/1216 | Loss: 2.2901 | Grad: 0.107 | P@10: 10.0% | P@20: 40.0% | LR: 0.003660
[10:04:15] EP 055 | Step 0400/1216 | Loss: 2.3055 | Grad: 0.099 | P@10: 0.0% | P@20: 15.0% | LR: 0.003652
[10:04:17] EP 055 | Step 0500/1216 | Loss: 2.2767 | Grad: 0.089 | P@10: 10.0% | P@20: 15.0% | LR: 0.003644
[10:04:19] EP 055 | Step 0600/1216 | Loss: 2.2829 | Grad: 0.041 | P@10: 10.0% | P@20: 20.0% | LR: 0.003635
[10:04:22] EP 055 | Step 0700/1216 | Loss: 2.2907 | Grad: 0.020 | P@10: 0.0% | P@20: 15.0% | LR: 0.003627
[10:04:24] EP 055 | Step 0800/1216 | Loss: 2.2858 | Grad: 0.017 | P@10: 20.0% | P@20: 20.0% | LR: 0.003619
[10:04:26] EP 055 | Step 0900/1216 | Loss: 2.2818 | Grad: 0.061 | P@10: 0.0% | P@20: 15.0% | LR: 0.003611
[10:04:28] EP 055 | Step 1000/1216 | Loss: 2.2999 | Grad: 0.038 | P@10: 10.0% | P@20: 15.0% | LR: 0.003602
[10:04:31] EP 055 | Step 1100/1216 | Loss: 2.2810 | Grad: 0.062 | P@10: 10.0% | P@20: 10.0% | LR: 0.003594
[10:04:33] EP 055 | Step 1200/1216 | Loss: 2.2744 | Grad: 0.062 | P@10: 10.0% | P@20: 15.0% | LR: 0.003586
==============================================================================================================
FIM EP 055 | Val Loss: 0.0454 | P@10 FINAL: 5.46% | P@20 FINAL: 15.62%
==============================================================================================================
[10:04:35] EP 056 | Step 0000/1216 | Loss: 2.2887 | Grad: 0.394 | P@10: 100.0% | P@20: 100.0% | LR: 0.003585
[10:04:37] EP 056 | Step 0100/1216 | Loss: 2.3042 | Grad: 0.052 | P@10: 10.0% | P@20: 15.0% | LR: 0.003576
[10:04:39] EP 056 | Step 0200/1216 | Loss: 2.3048 | Grad: 0.041 | P@10: 0.0% | P@20: 5.0% | LR: 0.003568
[10:04:42] EP 056 | Step 0300/1216 | Loss: 2.3001 | Grad: 0.100 | P@10: 0.0% | P@20: 15.0% | LR: 0.003560
[10:04:44] EP 056 | Step 0400/1216 | Loss: 2.2908 | Grad: 0.056 | P@10: 10.0% | P@20: 15.0% | LR: 0.003551
[10:04:46] EP 056 | Step 0500/1216 | Loss: 2.2867 | Grad: 0.027 | P@10: 10.0% | P@20: 15.0% | LR: 0.003543
[10:04:48] EP 056 | Step 0600/1216 | Loss: 2.3148 | Grad: 0.067 | P@10: 30.0% | P@20: 20.0% | LR: 0.003534
[10:04:51] EP 056 | Step 0700/1216 | Loss: 2.2962 | Grad: 0.094 | P@10: 0.0% | P@20: 15.0% | LR: 0.003526
[10:04:53] EP 056 | Step 0800/1216 | Loss: 2.2916 | Grad: 0.004 | P@10: 10.0% | P@20: 25.0% | LR: 0.003518
[10:04:55] EP 056 | Step 0900/1216 | Loss: 2.2759 | Grad: 0.160 | P@10: 10.0% | P@20: 15.0% | LR: 0.003509
[10:04:57] EP 056 | Step 1000/1216 | Loss: 2.2796 | Grad: 0.140 | P@10: 20.0% | P@20: 20.0% | LR: 0.003501
[10:05:00] EP 056 | Step 1100/1216 | Loss: 2.2864 | Grad: 0.022 | P@10: 10.0% | P@20: 10.0% | LR: 0.003492
[10:05:02] EP 056 | Step 1200/1216 | Loss: 2.2984 | Grad: 0.036 | P@10: 10.0% | P@20: 20.0% | LR: 0.003484
==============================================================================================================
FIM EP 056 | Val Loss: 0.0437 | P@10 FINAL: 5.46% | P@20 FINAL: 15.62%
==============================================================================================================
[10:05:04] EP 057 | Step 0000/1216 | Loss: 2.2833 | Grad: 0.365 | P@10: 100.0% | P@20: 100.0% | LR: 0.003482
[10:05:06] EP 057 | Step 0100/1216 | Loss: 2.2851 | Grad: 0.025 | P@10: 10.0% | P@20: 20.0% | LR: 0.003474
[10:05:09] EP 057 | Step 0200/1216 | Loss: 2.2890 | Grad: 0.025 | P@10: 20.0% | P@20: 25.0% | LR: 0.003465
[10:05:11] EP 057 | Step 0300/1216 | Loss: 2.2784 | Grad: 0.038 | P@10: 0.0% | P@20: 10.0% | LR: 0.003457
[10:05:13] EP 057 | Step 0400/1216 | Loss: 2.2899 | Grad: 0.042 | P@10: 10.0% | P@20: 15.0% | LR: 0.003448
[10:05:15] EP 057 | Step 0500/1216 | Loss: 2.2768 | Grad: 0.030 | P@10: 0.0% | P@20: 10.0% | LR: 0.003440
[10:05:18] EP 057 | Step 0600/1216 | Loss: 2.3121 | Grad: 0.149 | P@10: 0.0% | P@20: 15.0% | LR: 0.003431
[10:05:20] EP 057 | Step 0700/1216 | Loss: 2.3003 | Grad: 0.016 | P@10: 10.0% | P@20: 10.0% | LR: 0.003423
[10:05:22] EP 057 | Step 0800/1216 | Loss: 2.2991 | Grad: 0.068 | P@10: 10.0% | P@20: 10.0% | LR: 0.003414
[10:05:24] EP 057 | Step 0900/1216 | Loss: 2.2765 | Grad: 0.078 | P@10: 0.0% | P@20: 25.0% | LR: 0.003406
[10:05:27] EP 057 | Step 1000/1216 | Loss: 2.2859 | Grad: 0.013 | P@10: 0.0% | P@20: 10.0% | LR: 0.003397
[10:05:29] EP 057 | Step 1100/1216 | Loss: 2.2793 | Grad: 0.099 | P@10: 10.0% | P@20: 10.0% | LR: 0.003388
[10:05:31] EP 057 | Step 1200/1216 | Loss: 2.2906 | Grad: 0.030 | P@10: 10.0% | P@20: 20.0% | LR: 0.003380
==============================================================================================================
FIM EP 057 | Val Loss: 0.0447 | P@10 FINAL: 5.46% | P@20 FINAL: 15.62%
==============================================================================================================
[10:05:33] EP 058 | Step 0000/1216 | Loss: 2.2885 | Grad: 0.016 | P@10: 10.0% | P@20: 20.0% | LR: 0.003378
[10:05:36] EP 058 | Step 0100/1216 | Loss: 2.3048 | Grad: 0.094 | P@10: 10.0% | P@20: 15.0% | LR: 0.003370
[10:05:38] EP 058 | Step 0200/1216 | Loss: 2.2934 | Grad: 0.042 | P@10: 10.0% | P@20: 20.0% | LR: 0.003361
[10:05:40] EP 058 | Step 0300/1216 | Loss: 2.3002 | Grad: 0.093 | P@10: 0.0% | P@20: 5.0% | LR: 0.003352
[10:05:42] EP 058 | Step 0400/1216 | Loss: 2.2762 | Grad: 0.141 | P@10: 10.0% | P@20: 15.0% | LR: 0.003344
[10:05:45] EP 058 | Step 0500/1216 | Loss: 2.2995 | Grad: 0.078 | P@10: 10.0% | P@20: 15.0% | LR: 0.003335
[10:05:47] EP 058 | Step 0600/1216 | Loss: 2.2808 | Grad: 0.034 | P@10: 0.0% | P@20: 15.0% | LR: 0.003326
[10:05:49] EP 058 | Step 0700/1216 | Loss: 2.2902 | Grad: 0.062 | P@10: 0.0% | P@20: 15.0% | LR: 0.003318
[10:05:51] EP 058 | Step 0800/1216 | Loss: 2.2946 | Grad: 0.010 | P@10: 0.0% | P@20: 20.0% | LR: 0.003309
[10:05:54] EP 058 | Step 0900/1216 | Loss: 2.3073 | Grad: 0.004 | P@10: 0.0% | P@20: 15.0% | LR: 0.003300
[10:05:56] EP 058 | Step 1000/1216 | Loss: 2.2918 | Grad: 0.018 | P@10: 10.0% | P@20: 15.0% | LR: 0.003291
[10:05:58] EP 058 | Step 1100/1216 | Loss: 2.2932 | Grad: 0.053 | P@10: 0.0% | P@20: 10.0% | LR: 0.003283
[10:06:01] EP 058 | Step 1200/1216 | Loss: 2.2967 | Grad: 0.070 | P@10: 20.0% | P@20: 20.0% | LR: 0.003274
==============================================================================================================
FIM EP 058 | Val Loss: 0.0457 | P@10 FINAL: 5.46% | P@20 FINAL: 15.62%
==============================================================================================================
[10:06:03] EP 059 | Step 0000/1216 | Loss: 2.3028 | Grad: 0.030 | P@10: 10.0% | P@20: 25.0% | LR: 0.003272
[10:06:05] EP 059 | Step 0100/1216 | Loss: 2.2823 | Grad: 0.359 | P@10: 100.0% | P@20: 100.0% | LR: 0.003264
[10:06:07] EP 059 | Step 0200/1216 | Loss: 2.2932 | Grad: 0.028 | P@10: 10.0% | P@20: 25.0% | LR: 0.003255
[10:06:09] EP 059 | Step 0300/1216 | Loss: 2.2954 | Grad: 0.033 | P@10: 0.0% | P@20: 10.0% | LR: 0.003246
[10:06:12] EP 059 | Step 0400/1216 | Loss: 2.3169 | Grad: 0.130 | P@10: 10.0% | P@20: 20.0% | LR: 0.003237
[10:06:14] EP 059 | Step 0500/1216 | Loss: 2.2796 | Grad: 0.051 | P@10: 20.0% | P@20: 20.0% | LR: 0.003228
[10:06:16] EP 059 | Step 0600/1216 | Loss: 2.2902 | Grad: 0.097 | P@10: 0.0% | P@20: 15.0% | LR: 0.003220
[10:06:19] EP 059 | Step 0700/1216 | Loss: 2.2778 | Grad: 0.045 | P@10: 0.0% | P@20: 15.0% | LR: 0.003211
[10:06:21] EP 059 | Step 0800/1216 | Loss: 2.2927 | Grad: 0.065 | P@10: 10.0% | P@20: 10.0% | LR: 0.003202
[10:06:23] EP 059 | Step 0900/1216 | Loss: 2.3102 | Grad: 0.154 | P@10: 0.0% | P@20: 5.0% | LR: 0.003193
[10:06:26] EP 059 | Step 1000/1216 | Loss: 2.2915 | Grad: 0.058 | P@10: 0.0% | P@20: 15.0% | LR: 0.003184
[10:06:28] EP 059 | Step 1100/1216 | Loss: 2.3119 | Grad: 0.107 | P@10: 0.0% | P@20: 5.0% | LR: 0.003175
[10:06:30] EP 059 | Step 1200/1216 | Loss: 2.2826 | Grad: 0.016 | P@10: 10.0% | P@20: 15.0% | LR: 0.003166
==============================================================================================================
FIM EP 059 | Val Loss: 0.0445 | P@10 FINAL: 5.46% | P@20 FINAL: 15.62%
==============================================================================================================
[10:06:32] EP 060 | Step 0000/1216 | Loss: 2.3179 | Grad: 0.201 | P@10: 0.0% | P@20: 5.0% | LR: 0.003165
[10:06:34] EP 060 | Step 0100/1216 | Loss: 2.2986 | Grad: 0.030 | P@10: 0.0% | P@20: 10.0% | LR: 0.003156
[10:06:37] EP 060 | Step 0200/1216 | Loss: 2.2956 | Grad: 0.028 | P@10: 0.0% | P@20: 5.0% | LR: 0.003147
[10:06:39] EP 060 | Step 0300/1216 | Loss: 2.2813 | Grad: 0.043 | P@10: 0.0% | P@20: 20.0% | LR: 0.003138
[10:06:41] EP 060 | Step 0400/1216 | Loss: 2.2859 | Grad: 0.010 | P@10: 0.0% | P@20: 20.0% | LR: 0.003129
[10:06:44] EP 060 | Step 0500/1216 | Loss: 2.2817 | Grad: 0.038 | P@10: 10.0% | P@20: 10.0% | LR: 0.003120
[10:06:46] EP 060 | Step 0600/1216 | Loss: 2.3205 | Grad: 0.179 | P@10: 0.0% | P@20: 15.0% | LR: 0.003111
[10:06:48] EP 060 | Step 0700/1216 | Loss: 2.3001 | Grad: 0.083 | P@10: 0.0% | P@20: 5.0% | LR: 0.003102
[10:06:51] EP 060 | Step 0800/1216 | Loss: 2.2917 | Grad: 0.044 | P@10: 10.0% | P@20: 10.0% | LR: 0.003093
[10:06:53] EP 060 | Step 0900/1216 | Loss: 2.3001 | Grad: 0.125 | P@10: 0.0% | P@20: 0.0% | LR: 0.003085
[10:06:55] EP 060 | Step 1000/1216 | Loss: 2.2821 | Grad: 0.094 | P@10: 0.0% | P@20: 5.0% | LR: 0.003076
[10:06:58] EP 060 | Step 1100/1216 | Loss: 2.3034 | Grad: 0.135 | P@10: 0.0% | P@20: 10.0% | LR: 0.003067
[10:07:00] EP 060 | Step 1200/1216 | Loss: 2.2854 | Grad: 0.009 | P@10: 0.0% | P@20: 25.0% | LR: 0.003058
==============================================================================================================
FIM EP 060 | Val Loss: 0.0449 | P@10 FINAL: 5.46% | P@20 FINAL: 15.62%
==============================================================================================================
[10:07:02] EP 061 | Step 0000/1216 | Loss: 2.2872 | Grad: 0.386 | P@10: 100.0% | P@20: 100.0% | LR: 0.003056
[10:07:04] EP 061 | Step 0100/1216 | Loss: 2.3002 | Grad: 0.020 | P@10: 0.0% | P@20: 15.0% | LR: 0.003047
[10:07:06] EP 061 | Step 0200/1216 | Loss: 2.2784 | Grad: 0.091 | P@10: 0.0% | P@20: 10.0% | LR: 0.003038
[10:07:09] EP 061 | Step 0300/1216 | Loss: 2.2986 | Grad: 0.020 | P@10: 0.0% | P@20: 15.0% | LR: 0.003029
[10:07:11] EP 061 | Step 0400/1216 | Loss: 2.3013 | Grad: 0.074 | P@10: 20.0% | P@20: 15.0% | LR: 0.003020
[10:07:13] EP 061 | Step 0500/1216 | Loss: 2.2825 | Grad: 0.026 | P@10: 20.0% | P@20: 20.0% | LR: 0.003011
[10:07:16] EP 061 | Step 0600/1216 | Loss: 2.3016 | Grad: 0.070 | P@10: 0.0% | P@20: 10.0% | LR: 0.003002
[10:07:18] EP 061 | Step 0700/1216 | Loss: 2.2808 | Grad: 0.046 | P@10: 20.0% | P@20: 30.0% | LR: 0.002993
[10:07:20] EP 061 | Step 0800/1216 | Loss: 2.3108 | Grad: 0.006 | P@10: 0.0% | P@20: 10.0% | LR: 0.002984
[10:07:23] EP 061 | Step 0900/1216 | Loss: 2.3065 | Grad: 0.140 | P@10: 0.0% | P@20: 10.0% | LR: 0.002975
[10:07:25] EP 061 | Step 1000/1216 | Loss: 2.3155 | Grad: 0.126 | P@10: 0.0% | P@20: 5.0% | LR: 0.002966
[10:07:27] EP 061 | Step 1100/1216 | Loss: 2.3080 | Grad: 0.049 | P@10: 10.0% | P@20: 25.0% | LR: 0.002957
[10:07:30] EP 061 | Step 1200/1216 | Loss: 2.3232 | Grad: 0.180 | P@10: 20.0% | P@20: 15.0% | LR: 0.002948
==============================================================================================================
FIM EP 061 | Val Loss: 0.0461 | P@10 FINAL: 5.46% | P@20 FINAL: 15.62%
==============================================================================================================
[10:07:32] EP 062 | Step 0000/1216 | Loss: 2.2793 | Grad: 0.125 | P@10: 10.0% | P@20: 25.0% | LR: 0.002946
[10:07:34] EP 062 | Step 0100/1216 | Loss: 2.2970 | Grad: 0.043 | P@10: 10.0% | P@20: 10.0% | LR: 0.002937
[10:07:36] EP 062 | Step 0200/1216 | Loss: 2.3174 | Grad: 0.172 | P@10: 10.0% | P@20: 10.0% | LR: 0.002928
[10:07:39] EP 062 | Step 0300/1216 | Loss: 2.3151 | Grad: 0.135 | P@10: 0.0% | P@20: 5.0% | LR: 0.002919
[10:07:41] EP 062 | Step 0400/1216 | Loss: 2.3034 | Grad: 0.026 | P@10: 0.0% | P@20: 5.0% | LR: 0.002910
[10:07:43] EP 062 | Step 0500/1216 | Loss: 2.2862 | Grad: 0.007 | P@10: 10.0% | P@20: 25.0% | LR: 0.002901
[10:07:46] EP 062 | Step 0600/1216 | Loss: 2.2802 | Grad: 0.018 | P@10: 0.0% | P@20: 15.0% | LR: 0.002892
[10:07:48] EP 062 | Step 0700/1216 | Loss: 2.2963 | Grad: 0.060 | P@10: 20.0% | P@20: 20.0% | LR: 0.002883
[10:07:50] EP 062 | Step 0800/1216 | Loss: 2.3047 | Grad: 0.077 | P@10: 10.0% | P@20: 15.0% | LR: 0.002873
[10:07:53] EP 062 | Step 0900/1216 | Loss: 2.3235 | Grad: 0.150 | P@10: 10.0% | P@20: 10.0% | LR: 0.002864
[10:07:55] EP 062 | Step 1000/1216 | Loss: 2.2815 | Grad: 0.031 | P@10: 0.0% | P@20: 25.0% | LR: 0.002855
[10:07:57] EP 062 | Step 1100/1216 | Loss: 2.2967 | Grad: 0.007 | P@10: 20.0% | P@20: 15.0% | LR: 0.002846
[10:08:00] EP 062 | Step 1200/1216 | Loss: 2.2786 | Grad: 0.007 | P@10: 10.0% | P@20: 20.0% | LR: 0.002837
==============================================================================================================
FIM EP 062 | Val Loss: 0.0455 | P@10 FINAL: 5.46% | P@20 FINAL: 15.62%
==============================================================================================================
[10:08:02] EP 063 | Step 0000/1216 | Loss: 2.2983 | Grad: 0.033 | P@10: 0.0% | P@20: 5.0% | LR: 0.002835
[10:08:04] EP 063 | Step 0100/1216 | Loss: 2.2871 | Grad: 0.017 | P@10: 10.0% | P@20: 15.0% | LR: 0.002826
[10:08:06] EP 063 | Step 0200/1216 | Loss: 2.2892 | Grad: 0.070 | P@10: 10.0% | P@20: 15.0% | LR: 0.002817
[10:08:09] EP 063 | Step 0300/1216 | Loss: 2.2903 | Grad: 0.041 | P@10: 0.0% | P@20: 25.0% | LR: 0.002808
[10:08:11] EP 063 | Step 0400/1216 | Loss: 2.3145 | Grad: 0.123 | P@10: 10.0% | P@20: 20.0% | LR: 0.002799
[10:08:13] EP 063 | Step 0500/1216 | Loss: 2.3319 | Grad: 0.250 | P@10: 10.0% | P@20: 55.0% | LR: 0.002790
[10:08:16] EP 063 | Step 0600/1216 | Loss: 2.2855 | Grad: 0.073 | P@10: 0.0% | P@20: 20.0% | LR: 0.002780
[10:08:18] EP 063 | Step 0700/1216 | Loss: 2.3098 | Grad: 0.148 | P@10: 0.0% | P@20: 5.0% | LR: 0.002771
[10:08:21] EP 063 | Step 0800/1216 | Loss: 2.2853 | Grad: 0.033 | P@10: 0.0% | P@20: 0.0% | LR: 0.002762
[10:08:23] EP 063 | Step 0900/1216 | Loss: 2.3080 | Grad: 0.050 | P@10: 10.0% | P@20: 25.0% | LR: 0.002753
[10:08:25] EP 063 | Step 1000/1216 | Loss: 2.3005 | Grad: 0.104 | P@10: 10.0% | P@20: 10.0% | LR: 0.002744
[10:08:28] EP 063 | Step 1100/1216 | Loss: 2.2817 | Grad: 0.041 | P@10: 20.0% | P@20: 25.0% | LR: 0.002735
[10:08:30] EP 063 | Step 1200/1216 | Loss: 2.3060 | Grad: 0.108 | P@10: 20.0% | P@20: 10.0% | LR: 0.002725
==============================================================================================================
FIM EP 063 | Val Loss: 0.0453 | P@10 FINAL: 5.46% | P@20 FINAL: 15.62%
==============================================================================================================
[10:08:32] EP 064 | Step 0000/1216 | Loss: 2.2860 | Grad: 0.004 | P@10: 0.0% | P@20: 10.0% | LR: 0.002724
[10:08:34] EP 064 | Step 0100/1216 | Loss: 2.3036 | Grad: 0.096 | P@10: 0.0% | P@20: 20.0% | LR: 0.002715
[10:08:37] EP 064 | Step 0200/1216 | Loss: 2.2888 | Grad: 0.024 | P@10: 10.0% | P@20: 15.0% | LR: 0.002706
[10:08:39] EP 064 | Step 0300/1216 | Loss: 2.2996 | Grad: 0.106 | P@10: 10.0% | P@20: 25.0% | LR: 0.002696
[10:08:41] EP 064 | Step 0400/1216 | Loss: 2.3009 | Grad: 0.137 | P@10: 0.0% | P@20: 10.0% | LR: 0.002687
[10:08:44] EP 064 | Step 0500/1216 | Loss: 2.2743 | Grad: 0.121 | P@10: 0.0% | P@20: 10.0% | LR: 0.002678
[10:08:46] EP 064 | Step 0600/1216 | Loss: 2.2860 | Grad: 0.135 | P@10: 10.0% | P@20: 15.0% | LR: 0.002669
[10:08:48] EP 064 | Step 0700/1216 | Loss: 2.2912 | Grad: 0.020 | P@10: 10.0% | P@20: 20.0% | LR: 0.002660
[10:08:51] EP 064 | Step 0800/1216 | Loss: 2.2904 | Grad: 0.103 | P@10: 10.0% | P@20: 15.0% | LR: 0.002650
[10:08:53] EP 064 | Step 0900/1216 | Loss: 2.2948 | Grad: 0.060 | P@10: 0.0% | P@20: 15.0% | LR: 0.002641
[10:08:56] EP 064 | Step 1000/1216 | Loss: 2.2781 | Grad: 0.041 | P@10: 20.0% | P@20: 20.0% | LR: 0.002632
[10:08:58] EP 064 | Step 1100/1216 | Loss: 2.2751 | Grad: 0.084 | P@10: 0.0% | P@20: 10.0% | LR: 0.002623
[10:09:00] EP 064 | Step 1200/1216 | Loss: 2.2775 | Grad: 0.030 | P@10: 0.0% | P@20: 15.0% | LR: 0.002613
==============================================================================================================
FIM EP 064 | Val Loss: 0.0436 | P@10 FINAL: 5.46% | P@20 FINAL: 15.62%
==============================================================================================================
[10:09:02] EP 065 | Step 0000/1216 | Loss: 2.2846 | Grad: 0.009 | P@10: 10.0% | P@20: 25.0% | LR: 0.002612
[10:09:05] EP 065 | Step 0100/1216 | Loss: 2.2731 | Grad: 0.060 | P@10: 10.0% | P@20: 20.0% | LR: 0.002603
[10:09:07] EP 065 | Step 0200/1216 | Loss: 2.2781 | Grad: 0.059 | P@10: 0.0% | P@20: 15.0% | LR: 0.002594
[10:09:09] EP 065 | Step 0300/1216 | Loss: 2.2854 | Grad: 0.134 | P@10: 0.0% | P@20: 10.0% | LR: 0.002584
[10:09:12] EP 065 | Step 0400/1216 | Loss: 2.2833 | Grad: 0.047 | P@10: 10.0% | P@20: 20.0% | LR: 0.002575
[10:09:14] EP 065 | Step 0500/1216 | Loss: 2.2859 | Grad: 0.028 | P@10: 10.0% | P@20: 15.0% | LR: 0.002566
[10:09:16] EP 065 | Step 0600/1216 | Loss: 2.2952 | Grad: 0.044 | P@10: 20.0% | P@20: 20.0% | LR: 0.002557
[10:09:19] EP 065 | Step 0700/1216 | Loss: 2.2796 | Grad: 0.015 | P@10: 0.0% | P@20: 5.0% | LR: 0.002547
[10:09:21] EP 065 | Step 0800/1216 | Loss: 2.2931 | Grad: 0.131 | P@10: 0.0% | P@20: 0.0% | LR: 0.002538
[10:09:24] EP 065 | Step 0900/1216 | Loss: 2.2842 | Grad: 0.035 | P@10: 10.0% | P@20: 25.0% | LR: 0.002529
[10:09:26] EP 065 | Step 1000/1216 | Loss: 2.3001 | Grad: 0.033 | P@10: 0.0% | P@20: 10.0% | LR: 0.002520
[10:09:28] EP 065 | Step 1100/1216 | Loss: 2.2734 | Grad: 0.106 | P@10: 0.0% | P@20: 10.0% | LR: 0.002511
[10:09:31] EP 065 | Step 1200/1216 | Loss: 2.2886 | Grad: 0.002 | P@10: 20.0% | P@20: 10.0% | LR: 0.002501
==============================================================================================================
FIM EP 065 | Val Loss: 0.0457 | P@10 FINAL: 5.46% | P@20 FINAL: 15.62%
==============================================================================================================
[10:09:33] EP 066 | Step 0000/1216 | Loss: 2.3002 | Grad: 0.074 | P@10: 0.0% | P@20: 10.0% | LR: 0.002500
[10:09:35] EP 066 | Step 0100/1216 | Loss: 2.2762 | Grad: 0.089 | P@10: 0.0% | P@20: 15.0% | LR: 0.002491
[10:09:38] EP 066 | Step 0200/1216 | Loss: 2.2865 | Grad: 0.057 | P@10: 10.0% | P@20: 20.0% | LR: 0.002481
[10:09:40] EP 066 | Step 0300/1216 | Loss: 2.2934 | Grad: 0.061 | P@10: 0.0% | P@20: 10.0% | LR: 0.002472
[10:09:42] EP 066 | Step 0400/1216 | Loss: 2.2749 | Grad: 0.063 | P@10: 0.0% | P@20: 15.0% | LR: 0.002463
[10:09:45] EP 066 | Step 0500/1216 | Loss: 2.2863 | Grad: 0.008 | P@10: 0.0% | P@20: 10.0% | LR: 0.002454
[10:09:47] EP 066 | Step 0600/1216 | Loss: 2.2838 | Grad: 0.005 | P@10: 10.0% | P@20: 20.0% | LR: 0.002444
[10:09:49] EP 066 | Step 0700/1216 | Loss: 2.2928 | Grad: 0.024 | P@10: 0.0% | P@20: 25.0% | LR: 0.002435
[10:09:52] EP 066 | Step 0800/1216 | Loss: 2.2772 | Grad: 0.054 | P@10: 0.0% | P@20: 10.0% | LR: 0.002426
[10:09:54] EP 066 | Step 0900/1216 | Loss: 2.2777 | Grad: 0.051 | P@10: 20.0% | P@20: 25.0% | LR: 0.002417
[10:09:57] EP 066 | Step 1000/1216 | Loss: 2.2842 | Grad: 0.022 | P@10: 20.0% | P@20: 15.0% | LR: 0.002408
[10:09:59] EP 066 | Step 1100/1216 | Loss: 2.3029 | Grad: 0.081 | P@10: 10.0% | P@20: 15.0% | LR: 0.002398
[10:10:01] EP 066 | Step 1200/1216 | Loss: 2.2899 | Grad: 0.039 | P@10: 0.0% | P@20: 15.0% | LR: 0.002389
==============================================================================================================
FIM EP 066 | Val Loss: 0.0451 | P@10 FINAL: 5.46% | P@20 FINAL: 15.62%
==============================================================================================================
[10:10:03] EP 067 | Step 0000/1216 | Loss: 2.2969 | Grad: 0.053 | P@10: 0.0% | P@20: 15.0% | LR: 0.002388
[10:10:06] EP 067 | Step 0100/1216 | Loss: 2.2833 | Grad: 0.012 | P@10: 10.0% | P@20: 15.0% | LR: 0.002378
[10:10:08] EP 067 | Step 0200/1216 | Loss: 2.2828 | Grad: 0.362 | P@10: 100.0% | P@20: 100.0% | LR: 0.002369
[10:10:11] EP 067 | Step 0300/1216 | Loss: 2.2919 | Grad: 0.059 | P@10: 10.0% | P@20: 20.0% | LR: 0.002360
[10:10:13] EP 067 | Step 0400/1216 | Loss: 2.3092 | Grad: 0.150 | P@10: 0.0% | P@20: 10.0% | LR: 0.002351
[10:10:15] EP 067 | Step 0500/1216 | Loss: 2.2794 | Grad: 0.072 | P@10: 10.0% | P@20: 20.0% | LR: 0.002342
[10:10:18] EP 067 | Step 0600/1216 | Loss: 2.2914 | Grad: 0.042 | P@10: 0.0% | P@20: 10.0% | LR: 0.002332
[10:10:20] EP 067 | Step 0700/1216 | Loss: 2.2769 | Grad: 0.157 | P@10: 0.0% | P@20: 0.0% | LR: 0.002323
[10:10:23] EP 067 | Step 0800/1216 | Loss: 2.2964 | Grad: 0.065 | P@10: 10.0% | P@20: 15.0% | LR: 0.002314
[10:10:25] EP 067 | Step 0900/1216 | Loss: 2.2851 | Grad: 0.006 | P@10: 10.0% | P@20: 20.0% | LR: 0.002305
[10:10:27] EP 067 | Step 1000/1216 | Loss: 2.2886 | Grad: 0.047 | P@10: 20.0% | P@20: 15.0% | LR: 0.002296
[10:10:30] EP 067 | Step 1100/1216 | Loss: 2.2779 | Grad: 0.105 | P@10: 0.0% | P@20: 15.0% | LR: 0.002286
[10:10:32] EP 067 | Step 1200/1216 | Loss: 2.3151 | Grad: 0.194 | P@10: 10.0% | P@20: 20.0% | LR: 0.002277
==============================================================================================================
FIM EP 067 | Val Loss: 0.0448 | P@10 FINAL: 5.46% | P@20 FINAL: 15.62%
==============================================================================================================
[10:10:34] EP 068 | Step 0000/1216 | Loss: 2.2862 | Grad: 0.021 | P@10: 0.0% | P@20: 15.0% | LR: 0.002276
[10:10:37] EP 068 | Step 0100/1216 | Loss: 2.3023 | Grad: 0.139 | P@10: 10.0% | P@20: 25.0% | LR: 0.002267
[10:10:39] EP 068 | Step 0200/1216 | Loss: 2.2754 | Grad: 0.089 | P@10: 10.0% | P@20: 15.0% | LR: 0.002257
[10:10:41] EP 068 | Step 0300/1216 | Loss: 2.2769 | Grad: 0.037 | P@10: 0.0% | P@20: 20.0% | LR: 0.002248
[10:10:44] EP 068 | Step 0400/1216 | Loss: 2.2913 | Grad: 0.058 | P@10: 0.0% | P@20: 10.0% | LR: 0.002239
[10:10:46] EP 068 | Step 0500/1216 | Loss: 2.3219 | Grad: 0.167 | P@10: 0.0% | P@20: 25.0% | LR: 0.002230
[10:10:49] EP 068 | Step 0600/1216 | Loss: 2.2867 | Grad: 0.014 | P@10: 10.0% | P@20: 15.0% | LR: 0.002221
[10:10:51] EP 068 | Step 0700/1216 | Loss: 2.3042 | Grad: 0.028 | P@10: 0.0% | P@20: 20.0% | LR: 0.002211
[10:10:53] EP 068 | Step 0800/1216 | Loss: 2.2807 | Grad: 0.116 | P@10: 0.0% | P@20: 20.0% | LR: 0.002202
[10:10:56] EP 068 | Step 0900/1216 | Loss: 2.2862 | Grad: 0.110 | P@10: 0.0% | P@20: 20.0% | LR: 0.002193
[10:10:58] EP 068 | Step 1000/1216 | Loss: 2.2883 | Grad: 0.019 | P@10: 20.0% | P@20: 15.0% | LR: 0.002184
[10:11:01] EP 068 | Step 1100/1216 | Loss: 2.2774 | Grad: 0.061 | P@10: 0.0% | P@20: 10.0% | LR: 0.002175
[10:11:03] EP 068 | Step 1200/1216 | Loss: 2.2989 | Grad: 0.088 | P@10: 10.0% | P@20: 15.0% | LR: 0.002166
==============================================================================================================
FIM EP 068 | Val Loss: 0.0444 | P@10 FINAL: 5.46% | P@20 FINAL: 15.62%
==============================================================================================================
[10:11:05] EP 069 | Step 0000/1216 | Loss: 2.2908 | Grad: 0.102 | P@10: 20.0% | P@20: 15.0% | LR: 0.002164
[10:11:08] EP 069 | Step 0100/1216 | Loss: 2.3006 | Grad: 0.118 | P@10: 0.0% | P@20: 10.0% | LR: 0.002155
[10:11:10] EP 069 | Step 0200/1216 | Loss: 2.2905 | Grad: 0.020 | P@10: 10.0% | P@20: 20.0% | LR: 0.002146
[10:11:13] EP 069 | Step 0300/1216 | Loss: 2.2910 | Grad: 0.000 | P@10: 0.0% | P@20: 10.0% | LR: 0.002137
[10:11:15] EP 069 | Step 0400/1216 | Loss: 2.2973 | Grad: 0.092 | P@10: 10.0% | P@20: 25.0% | LR: 0.002128
[10:11:17] EP 069 | Step 0500/1216 | Loss: 2.3028 | Grad: 0.132 | P@10: 10.0% | P@20: 15.0% | LR: 0.002119
[10:11:20] EP 069 | Step 0600/1216 | Loss: 2.2874 | Grad: 0.387 | P@10: 100.0% | P@20: 100.0% | LR: 0.002109
[10:11:22] EP 069 | Step 0700/1216 | Loss: 2.3060 | Grad: 0.074 | P@10: 10.0% | P@20: 15.0% | LR: 0.002100
[10:11:25] EP 069 | Step 0800/1216 | Loss: 2.3145 | Grad: 0.133 | P@10: 10.0% | P@20: 15.0% | LR: 0.002091
[10:11:27] EP 069 | Step 0900/1216 | Loss: 2.2929 | Grad: 0.166 | P@10: 0.0% | P@20: 15.0% | LR: 0.002082
[10:11:29] EP 069 | Step 1000/1216 | Loss: 2.2928 | Grad: 0.078 | P@10: 10.0% | P@20: 10.0% | LR: 0.002073
[10:11:32] EP 069 | Step 1100/1216 | Loss: 2.2894 | Grad: 0.094 | P@10: 10.0% | P@20: 15.0% | LR: 0.002064
[10:11:34] EP 069 | Step 1200/1216 | Loss: 2.2938 | Grad: 0.022 | P@10: 10.0% | P@20: 10.0% | LR: 0.002055
==============================================================================================================
FIM EP 069 | Val Loss: 0.0448 | P@10 FINAL: 5.46% | P@20 FINAL: 15.62%
==============================================================================================================
[10:11:36] EP 070 | Step 0000/1216 | Loss: 2.2883 | Grad: 0.066 | P@10: 10.0% | P@20: 15.0% | LR: 0.002053
[10:11:39] EP 070 | Step 0100/1216 | Loss: 2.2856 | Grad: 0.126 | P@10: 0.0% | P@20: 15.0% | LR: 0.002044
[10:11:41] EP 070 | Step 0200/1216 | Loss: 2.2987 | Grad: 0.099 | P@10: 0.0% | P@20: 15.0% | LR: 0.002035
[10:11:44] EP 070 | Step 0300/1216 | Loss: 2.2932 | Grad: 0.077 | P@10: 20.0% | P@20: 20.0% | LR: 0.002026
[10:11:46] EP 070 | Step 0400/1216 | Loss: 2.2994 | Grad: 0.080 | P@10: 0.0% | P@20: 15.0% | LR: 0.002017
[10:11:49] EP 070 | Step 0500/1216 | Loss: 2.3001 | Grad: 0.059 | P@10: 20.0% | P@20: 15.0% | LR: 0.002008
[10:11:51] EP 070 | Step 0600/1216 | Loss: 2.2963 | Grad: 0.057 | P@10: 0.0% | P@20: 20.0% | LR: 0.001999
[10:11:53] EP 070 | Step 0700/1216 | Loss: 2.2844 | Grad: 0.018 | P@10: 0.0% | P@20: 10.0% | LR: 0.001990
[10:11:56] EP 070 | Step 0800/1216 | Loss: 2.3207 | Grad: 0.160 | P@10: 0.0% | P@20: 15.0% | LR: 0.001981
[10:11:58] EP 070 | Step 0900/1216 | Loss: 2.2889 | Grad: 0.006 | P@10: 20.0% | P@20: 15.0% | LR: 0.001972
[10:12:01] EP 070 | Step 1000/1216 | Loss: 2.2833 | Grad: 0.014 | P@10: 10.0% | P@20: 15.0% | LR: 0.001963
[10:12:03] EP 070 | Step 1100/1216 | Loss: 2.2911 | Grad: 0.172 | P@10: 10.0% | P@20: 20.0% | LR: 0.001954
[10:12:06] EP 070 | Step 1200/1216 | Loss: 2.3024 | Grad: 0.107 | P@10: 0.0% | P@20: 10.0% | LR: 0.001945
==============================================================================================================
FIM EP 070 | Val Loss: 0.0451 | P@10 FINAL: 5.46% | P@20 FINAL: 15.62%
==============================================================================================================
[10:12:08] EP 071 | Step 0000/1216 | Loss: 2.2879 | Grad: 0.389 | P@10: 100.0% | P@20: 100.0% | LR: 0.001944
[10:12:10] EP 071 | Step 0100/1216 | Loss: 2.2979 | Grad: 0.015 | P@10: 0.0% | P@20: 10.0% | LR: 0.001935
[10:12:13] EP 071 | Step 0200/1216 | Loss: 2.2837 | Grad: 0.123 | P@10: 0.0% | P@20: 5.0% | LR: 0.001926
[10:12:15] EP 071 | Step 0300/1216 | Loss: 2.2982 | Grad: 0.087 | P@10: 0.0% | P@20: 15.0% | LR: 0.001917
[10:12:17] EP 071 | Step 0400/1216 | Loss: 2.2829 | Grad: 0.038 | P@10: 10.0% | P@20: 15.0% | LR: 0.001908
[10:12:20] EP 071 | Step 0500/1216 | Loss: 2.2769 | Grad: 0.054 | P@10: 0.0% | P@20: 15.0% | LR: 0.001899
[10:12:22] EP 071 | Step 0600/1216 | Loss: 2.3058 | Grad: 0.097 | P@10: 10.0% | P@20: 15.0% | LR: 0.001890
[10:12:25] EP 071 | Step 0700/1216 | Loss: 2.2725 | Grad: 0.085 | P@10: 10.0% | P@20: 15.0% | LR: 0.001881
[10:12:27] EP 071 | Step 0800/1216 | Loss: 2.2975 | Grad: 0.089 | P@10: 20.0% | P@20: 20.0% | LR: 0.001872
[10:12:30] EP 071 | Step 0900/1216 | Loss: 2.3215 | Grad: 0.179 | P@10: 0.0% | P@20: 10.0% | LR: 0.001863
[10:12:32] EP 071 | Step 1000/1216 | Loss: 2.2909 | Grad: 0.019 | P@10: 0.0% | P@20: 15.0% | LR: 0.001854
[10:12:35] EP 071 | Step 1100/1216 | Loss: 2.3016 | Grad: 0.118 | P@10: 0.0% | P@20: 10.0% | LR: 0.001845
[10:12:37] EP 071 | Step 1200/1216 | Loss: 2.2999 | Grad: 0.090 | P@10: 0.0% | P@20: 15.0% | LR: 0.001836
==============================================================================================================
FIM EP 071 | Val Loss: 0.0438 | P@10 FINAL: 5.46% | P@20 FINAL: 15.62%
==============================================================================================================
[10:12:39] EP 072 | Step 0000/1216 | Loss: 2.3153 | Grad: 0.092 | P@10: 10.0% | P@20: 10.0% | LR: 0.001835
[10:12:42] EP 072 | Step 0100/1216 | Loss: 2.3016 | Grad: 0.054 | P@10: 20.0% | P@20: 15.0% | LR: 0.001826
[10:12:44] EP 072 | Step 0200/1216 | Loss: 2.2868 | Grad: 0.010 | P@10: 0.0% | P@20: 15.0% | LR: 0.001817
[10:12:46] EP 072 | Step 0300/1216 | Loss: 2.2847 | Grad: 0.372 | P@10: 100.0% | P@20: 100.0% | LR: 0.001808
[10:12:49] EP 072 | Step 0400/1216 | Loss: 2.2867 | Grad: 0.025 | P@10: 10.0% | P@20: 15.0% | LR: 0.001799
[10:12:51] EP 072 | Step 0500/1216 | Loss: 2.2917 | Grad: 0.008 | P@10: 0.0% | P@20: 10.0% | LR: 0.001790
[10:12:54] EP 072 | Step 0600/1216 | Loss: 2.2898 | Grad: 0.089 | P@10: 0.0% | P@20: 15.0% | LR: 0.001782
[10:12:56] EP 072 | Step 0700/1216 | Loss: 2.2766 | Grad: 0.153 | P@10: 10.0% | P@20: 25.0% | LR: 0.001773
[10:12:59] EP 072 | Step 0800/1216 | Loss: 2.3039 | Grad: 0.131 | P@10: 10.0% | P@20: 20.0% | LR: 0.001764
[10:13:01] EP 072 | Step 0900/1216 | Loss: 2.3295 | Grad: 0.185 | P@10: 20.0% | P@20: 20.0% | LR: 0.001755
[10:13:04] EP 072 | Step 1000/1216 | Loss: 2.2828 | Grad: 0.034 | P@10: 10.0% | P@20: 20.0% | LR: 0.001746
[10:13:06] EP 072 | Step 1100/1216 | Loss: 2.2919 | Grad: 0.044 | P@10: 0.0% | P@20: 10.0% | LR: 0.001737
[10:13:09] EP 072 | Step 1200/1216 | Loss: 2.2776 | Grad: 0.051 | P@10: 10.0% | P@20: 25.0% | LR: 0.001729
==============================================================================================================
FIM EP 072 | Val Loss: 0.0437 | P@10 FINAL: 5.46% | P@20 FINAL: 15.62%
==============================================================================================================
[10:13:11] EP 073 | Step 0000/1216 | Loss: 2.3181 | Grad: 0.150 | P@10: 10.0% | P@20: 10.0% | LR: 0.001727
[10:13:13] EP 073 | Step 0100/1216 | Loss: 2.2944 | Grad: 0.031 | P@10: 0.0% | P@20: 5.0% | LR: 0.001719
[10:13:16] EP 073 | Step 0200/1216 | Loss: 2.3074 | Grad: 0.107 | P@10: 20.0% | P@20: 25.0% | LR: 0.001710
[10:13:18] EP 073 | Step 0300/1216 | Loss: 2.2880 | Grad: 0.026 | P@10: 10.0% | P@20: 15.0% | LR: 0.001701
[10:13:21] EP 073 | Step 0400/1216 | Loss: 2.2920 | Grad: 0.030 | P@10: 0.0% | P@20: 20.0% | LR: 0.001692
[10:13:23] EP 073 | Step 0500/1216 | Loss: 2.3082 | Grad: 0.057 | P@10: 10.0% | P@20: 25.0% | LR: 0.001684
[10:13:25] EP 073 | Step 0600/1216 | Loss: 2.2930 | Grad: 0.107 | P@10: 10.0% | P@20: 10.0% | LR: 0.001675
[10:13:28] EP 073 | Step 0700/1216 | Loss: 2.2742 | Grad: 0.066 | P@10: 0.0% | P@20: 10.0% | LR: 0.001666
[10:13:30] EP 073 | Step 0800/1216 | Loss: 2.2854 | Grad: 0.011 | P@10: 0.0% | P@20: 15.0% | LR: 0.001657
[10:13:33] EP 073 | Step 0900/1216 | Loss: 2.2863 | Grad: 0.005 | P@10: 10.0% | P@20: 10.0% | LR: 0.001649
[10:13:35] EP 073 | Step 1000/1216 | Loss: 2.2880 | Grad: 0.045 | P@10: 0.0% | P@20: 0.0% | LR: 0.001640
[10:13:38] EP 073 | Step 1100/1216 | Loss: 2.2991 | Grad: 0.023 | P@10: 0.0% | P@20: 15.0% | LR: 0.001631
[10:13:40] EP 073 | Step 1200/1216 | Loss: 2.2914 | Grad: 0.028 | P@10: 10.0% | P@20: 20.0% | LR: 0.001623
==============================================================================================================
FIM EP 073 | Val Loss: 0.0448 | P@10 FINAL: 5.46% | P@20 FINAL: 15.62%
==============================================================================================================
[10:13:42] EP 074 | Step 0000/1216 | Loss: 2.2969 | Grad: 0.015 | P@10: 0.0% | P@20: 25.0% | LR: 0.001621
[10:13:45] EP 074 | Step 0100/1216 | Loss: 2.2893 | Grad: 0.114 | P@10: 0.0% | P@20: 15.0% | LR: 0.001613
[10:13:47] EP 074 | Step 0200/1216 | Loss: 2.2975 | Grad: 0.018 | P@10: 20.0% | P@20: 15.0% | LR: 0.001604
[10:13:50] EP 074 | Step 0300/1216 | Loss: 2.3081 | Grad: 0.037 | P@10: 10.0% | P@20: 10.0% | LR: 0.001596
[10:13:52] EP 074 | Step 0400/1216 | Loss: 2.3077 | Grad: 0.086 | P@10: 20.0% | P@20: 20.0% | LR: 0.001587
[10:13:55] EP 074 | Step 0500/1216 | Loss: 2.2838 | Grad: 0.009 | P@10: 0.0% | P@20: 20.0% | LR: 0.001578
[10:13:57] EP 074 | Step 0600/1216 | Loss: 2.3417 | Grad: 0.199 | P@10: 0.0% | P@20: 10.0% | LR: 0.001570
[10:14:00] EP 074 | Step 0700/1216 | Loss: 2.3033 | Grad: 0.121 | P@10: 0.0% | P@20: 10.0% | LR: 0.001561
[10:14:02] EP 074 | Step 0800/1216 | Loss: 2.2954 | Grad: 0.064 | P@10: 0.0% | P@20: 20.0% | LR: 0.001553
[10:14:04] EP 074 | Step 0900/1216 | Loss: 2.2840 | Grad: 0.016 | P@10: 0.0% | P@20: 15.0% | LR: 0.001544
[10:14:07] EP 074 | Step 1000/1216 | Loss: 2.2886 | Grad: 0.005 | P@10: 0.0% | P@20: 10.0% | LR: 0.001536
[10:14:09] EP 074 | Step 1100/1216 | Loss: 2.3062 | Grad: 0.106 | P@10: 10.0% | P@20: 15.0% | LR: 0.001527
[10:14:12] EP 074 | Step 1200/1216 | Loss: 2.2919 | Grad: 0.060 | P@10: 0.0% | P@20: 10.0% | LR: 0.001519
==============================================================================================================
FIM EP 074 | Val Loss: 0.0437 | P@10 FINAL: 5.46% | P@20 FINAL: 15.62%
==============================================================================================================
[10:14:14] EP 075 | Step 0000/1216 | Loss: 2.2822 | Grad: 0.044 | P@10: 0.0% | P@20: 15.0% | LR: 0.001517
[10:14:16] EP 075 | Step 0100/1216 | Loss: 2.2970 | Grad: 0.078 | P@10: 20.0% | P@20: 20.0% | LR: 0.001509
[10:14:19] EP 075 | Step 0200/1216 | Loss: 2.2890 | Grad: 0.141 | P@10: 10.0% | P@20: 20.0% | LR: 0.001500
[10:14:21] EP 075 | Step 0300/1216 | Loss: 2.2748 | Grad: 0.063 | P@10: 10.0% | P@20: 15.0% | LR: 0.001492
[10:14:24] EP 075 | Step 0400/1216 | Loss: 2.2861 | Grad: 0.020 | P@10: 10.0% | P@20: 15.0% | LR: 0.001483
[10:14:26] EP 075 | Step 0500/1216 | Loss: 2.2766 | Grad: 0.109 | P@10: 20.0% | P@20: 25.0% | LR: 0.001475
[10:14:29] EP 075 | Step 0600/1216 | Loss: 2.2976 | Grad: 0.060 | P@10: 0.0% | P@20: 20.0% | LR: 0.001467
[10:14:31] EP 075 | Step 0700/1216 | Loss: 2.2916 | Grad: 0.012 | P@10: 10.0% | P@20: 15.0% | LR: 0.001458
[10:14:34] EP 075 | Step 0800/1216 | Loss: 2.2858 | Grad: 0.021 | P@10: 10.0% | P@20: 15.0% | LR: 0.001450
[10:14:36] EP 075 | Step 0900/1216 | Loss: 2.3297 | Grad: 0.115 | P@10: 0.0% | P@20: 10.0% | LR: 0.001441
[10:14:38] EP 075 | Step 1000/1216 | Loss: 2.3295 | Grad: 0.229 | P@10: 10.0% | P@20: 55.0% | LR: 0.001433
[10:14:41] EP 075 | Step 1100/1216 | Loss: 2.3325 | Grad: 0.232 | P@10: 10.0% | P@20: 10.0% | LR: 0.001425
[10:14:43] EP 075 | Step 1200/1216 | Loss: 2.2860 | Grad: 0.041 | P@10: 0.0% | P@20: 10.0% | LR: 0.001416
==============================================================================================================
FIM EP 075 | Val Loss: 0.0441 | P@10 FINAL: 5.46% | P@20 FINAL: 15.62%
==============================================================================================================
[10:14:45] EP 076 | Step 0000/1216 | Loss: 2.2824 | Grad: 0.050 | P@10: 0.0% | P@20: 15.0% | LR: 0.001415
[10:14:48] EP 076 | Step 0100/1216 | Loss: 2.2799 | Grad: 0.112 | P@10: 0.0% | P@20: 15.0% | LR: 0.001407
[10:14:50] EP 076 | Step 0200/1216 | Loss: 2.2810 | Grad: 0.020 | P@10: 0.0% | P@20: 20.0% | LR: 0.001399
[10:14:53] EP 076 | Step 0300/1216 | Loss: 2.2956 | Grad: 0.062 | P@10: 10.0% | P@20: 20.0% | LR: 0.001390
[10:14:55] EP 076 | Step 0400/1216 | Loss: 2.3319 | Grad: 0.043 | P@10: 0.0% | P@20: 15.0% | LR: 0.001382
[10:14:58] EP 076 | Step 0500/1216 | Loss: 2.2968 | Grad: 0.002 | P@10: 0.0% | P@20: 25.0% | LR: 0.001374
[10:15:00] EP 076 | Step 0600/1216 | Loss: 2.2995 | Grad: 0.067 | P@10: 0.0% | P@20: 5.0% | LR: 0.001366
[10:15:03] EP 076 | Step 0700/1216 | Loss: 2.3199 | Grad: 0.105 | P@10: 0.0% | P@20: 10.0% | LR: 0.001357
[10:15:05] EP 076 | Step 0800/1216 | Loss: 2.2927 | Grad: 0.060 | P@10: 0.0% | P@20: 15.0% | LR: 0.001349
[10:15:08] EP 076 | Step 0900/1216 | Loss: 2.2936 | Grad: 0.041 | P@10: 10.0% | P@20: 25.0% | LR: 0.001341
[10:15:10] EP 076 | Step 1000/1216 | Loss: 2.2944 | Grad: 0.023 | P@10: 20.0% | P@20: 15.0% | LR: 0.001333
[10:15:13] EP 076 | Step 1100/1216 | Loss: 2.3314 | Grad: 0.049 | P@10: 0.0% | P@20: 5.0% | LR: 0.001325
[10:15:15] EP 076 | Step 1200/1216 | Loss: 2.2831 | Grad: 0.041 | P@10: 10.0% | P@20: 15.0% | LR: 0.001316
==============================================================================================================
FIM EP 076 | Val Loss: 0.0451 | P@10 FINAL: 5.46% | P@20 FINAL: 15.62%
==============================================================================================================
[10:15:17] EP 077 | Step 0000/1216 | Loss: 2.2892 | Grad: 0.116 | P@10: 10.0% | P@20: 10.0% | LR: 0.001315
[10:15:20] EP 077 | Step 0100/1216 | Loss: 2.2922 | Grad: 0.040 | P@10: 0.0% | P@20: 15.0% | LR: 0.001307
[10:15:22] EP 077 | Step 0200/1216 | Loss: 2.2789 | Grad: 0.060 | P@10: 20.0% | P@20: 10.0% | LR: 0.001299
[10:15:25] EP 077 | Step 0300/1216 | Loss: 2.2987 | Grad: 0.027 | P@10: 0.0% | P@20: 15.0% | LR: 0.001291
[10:15:27] EP 077 | Step 0400/1216 | Loss: 2.2997 | Grad: 0.084 | P@10: 0.0% | P@20: 15.0% | LR: 0.001283
[10:15:30] EP 077 | Step 0500/1216 | Loss: 2.2916 | Grad: 0.038 | P@10: 10.0% | P@20: 20.0% | LR: 0.001275
[10:15:32] EP 077 | Step 0600/1216 | Loss: 2.2872 | Grad: 0.006 | P@10: 0.0% | P@20: 10.0% | LR: 0.001267
[10:15:35] EP 077 | Step 0700/1216 | Loss: 2.2806 | Grad: 0.113 | P@10: 0.0% | P@20: 20.0% | LR: 0.001259
[10:15:37] EP 077 | Step 0800/1216 | Loss: 2.3219 | Grad: 0.179 | P@10: 0.0% | P@20: 10.0% | LR: 0.001251
[10:15:39] EP 077 | Step 0900/1216 | Loss: 2.2914 | Grad: 0.027 | P@10: 10.0% | P@20: 15.0% | LR: 0.001243
[10:15:42] EP 077 | Step 1000/1216 | Loss: 2.2844 | Grad: 0.371 | P@10: 100.0% | P@20: 100.0% | LR: 0.001235
[10:15:44] EP 077 | Step 1100/1216 | Loss: 2.2953 | Grad: 0.011 | P@10: 10.0% | P@20: 20.0% | LR: 0.001227
[10:15:47] EP 077 | Step 1200/1216 | Loss: 2.2872 | Grad: 0.057 | P@10: 0.0% | P@20: 20.0% | LR: 0.001219
==============================================================================================================
FIM EP 077 | Val Loss: 0.0446 | P@10 FINAL: 5.46% | P@20 FINAL: 15.62%
==============================================================================================================
[10:15:49] EP 078 | Step 0000/1216 | Loss: 2.2838 | Grad: 0.132 | P@10: 0.0% | P@20: 10.0% | LR: 0.001218
[10:15:51] EP 078 | Step 0100/1216 | Loss: 2.3033 | Grad: 0.015 | P@10: 10.0% | P@20: 10.0% | LR: 0.001210
[10:15:54] EP 078 | Step 0200/1216 | Loss: 2.3026 | Grad: 0.005 | P@10: 20.0% | P@20: 20.0% | LR: 0.001202
[10:15:56] EP 078 | Step 0300/1216 | Loss: 2.2844 | Grad: 0.009 | P@10: 10.0% | P@20: 20.0% | LR: 0.001194
[10:15:59] EP 078 | Step 0400/1216 | Loss: 2.2829 | Grad: 0.032 | P@10: 0.0% | P@20: 5.0% | LR: 0.001186
[10:16:01] EP 078 | Step 0500/1216 | Loss: 2.2993 | Grad: 0.057 | P@10: 0.0% | P@20: 10.0% | LR: 0.001178
[10:16:04] EP 078 | Step 0600/1216 | Loss: 2.2791 | Grad: 0.056 | P@10: 10.0% | P@20: 25.0% | LR: 0.001170
[10:16:06] EP 078 | Step 0700/1216 | Loss: 2.2892 | Grad: 0.396 | P@10: 100.0% | P@20: 100.0% | LR: 0.001163
[10:16:09] EP 078 | Step 0800/1216 | Loss: 2.2887 | Grad: 0.030 | P@10: 0.0% | P@20: 15.0% | LR: 0.001155
[10:16:11] EP 078 | Step 0900/1216 | Loss: 2.3014 | Grad: 0.108 | P@10: 10.0% | P@20: 15.0% | LR: 0.001147
[10:16:14] EP 078 | Step 1000/1216 | Loss: 2.2790 | Grad: 0.051 | P@10: 0.0% | P@20: 15.0% | LR: 0.001139
[10:16:16] EP 078 | Step 1100/1216 | Loss: 2.2972 | Grad: 0.059 | P@10: 20.0% | P@20: 20.0% | LR: 0.001132
[10:16:19] EP 078 | Step 1200/1216 | Loss: 2.2872 | Grad: 0.059 | P@10: 0.0% | P@20: 15.0% | LR: 0.001124
==============================================================================================================
FIM EP 078 | Val Loss: 0.0446 | P@10 FINAL: 5.46% | P@20 FINAL: 15.62%
==============================================================================================================
[10:16:21] EP 079 | Step 0000/1216 | Loss: 2.3067 | Grad: 0.094 | P@10: 20.0% | P@20: 15.0% | LR: 0.001123
[10:16:23] EP 079 | Step 0100/1216 | Loss: 2.3060 | Grad: 0.142 | P@10: 10.0% | P@20: 10.0% | LR: 0.001115
[10:16:26] EP 079 | Step 0200/1216 | Loss: 2.3263 | Grad: 0.189 | P@10: 0.0% | P@20: 15.0% | LR: 0.001107
[10:16:28] EP 079 | Step 0300/1216 | Loss: 2.2755 | Grad: 0.064 | P@10: 10.0% | P@20: 20.0% | LR: 0.001100
[10:16:31] EP 079 | Step 0400/1216 | Loss: 2.2967 | Grad: 0.000 | P@10: 20.0% | P@20: 15.0% | LR: 0.001092
[10:16:33] EP 079 | Step 0500/1216 | Loss: 2.2852 | Grad: 0.014 | P@10: 10.0% | P@20: 15.0% | LR: 0.001084
[10:16:36] EP 079 | Step 0600/1216 | Loss: 2.3065 | Grad: 0.005 | P@10: 0.0% | P@20: 0.0% | LR: 0.001077
[10:16:38] EP 079 | Step 0700/1216 | Loss: 2.2814 | Grad: 0.074 | P@10: 10.0% | P@20: 10.0% | LR: 0.001069
[10:16:41] EP 079 | Step 0800/1216 | Loss: 2.3065 | Grad: 0.025 | P@10: 10.0% | P@20: 15.0% | LR: 0.001062
[10:16:43] EP 079 | Step 0900/1216 | Loss: 2.2918 | Grad: 0.136 | P@10: 10.0% | P@20: 40.0% | LR: 0.001054
[10:16:46] EP 079 | Step 1000/1216 | Loss: 2.2985 | Grad: 0.077 | P@10: 0.0% | P@20: 10.0% | LR: 0.001047
[10:16:48] EP 079 | Step 1100/1216 | Loss: 2.2956 | Grad: 0.069 | P@10: 0.0% | P@20: 20.0% | LR: 0.001039
[10:16:51] EP 079 | Step 1200/1216 | Loss: 2.2956 | Grad: 0.021 | P@10: 0.0% | P@20: 15.0% | LR: 0.001032
==============================================================================================================
FIM EP 079 | Val Loss: 0.0450 | P@10 FINAL: 5.46% | P@20 FINAL: 15.62%
==============================================================================================================
[10:16:53] EP 080 | Step 0000/1216 | Loss: 2.2760 | Grad: 0.045 | P@10: 10.0% | P@20: 20.0% | LR: 0.001030
[10:16:55] EP 080 | Step 0100/1216 | Loss: 2.3177 | Grad: 0.010 | P@10: 10.0% | P@20: 5.0% | LR: 0.001023
[10:16:58] EP 080 | Step 0200/1216 | Loss: 2.2993 | Grad: 0.043 | P@10: 0.0% | P@20: 5.0% | LR: 0.001016
[10:17:00] EP 080 | Step 0300/1216 | Loss: 2.2807 | Grad: 0.115 | P@10: 0.0% | P@20: 20.0% | LR: 0.001008
[10:17:03] EP 080 | Step 0400/1216 | Loss: 2.2932 | Grad: 0.025 | P@10: 0.0% | P@20: 15.0% | LR: 0.001001
[10:17:05] EP 080 | Step 0500/1216 | Loss: 2.3232 | Grad: 0.107 | P@10: 0.0% | P@20: 10.0% | LR: 0.000993
[10:17:08] EP 080 | Step 0600/1216 | Loss: 2.2990 | Grad: 0.058 | P@10: 0.0% | P@20: 15.0% | LR: 0.000986
[10:17:10] EP 080 | Step 0700/1216 | Loss: 2.2752 | Grad: 0.074 | P@10: 10.0% | P@20: 15.0% | LR: 0.000979
[10:17:13] EP 080 | Step 0800/1216 | Loss: 2.2900 | Grad: 0.043 | P@10: 0.0% | P@20: 15.0% | LR: 0.000971
[10:17:15] EP 080 | Step 0900/1216 | Loss: 2.2802 | Grad: 0.078 | P@10: 0.0% | P@20: 10.0% | LR: 0.000964
[10:17:18] EP 080 | Step 1000/1216 | Loss: 2.3294 | Grad: 0.110 | P@10: 0.0% | P@20: 10.0% | LR: 0.000957
[10:17:20] EP 080 | Step 1100/1216 | Loss: 2.2862 | Grad: 0.039 | P@10: 0.0% | P@20: 10.0% | LR: 0.000950
[10:17:23] EP 080 | Step 1200/1216 | Loss: 2.3104 | Grad: 0.085 | P@10: 10.0% | P@20: 15.0% | LR: 0.000942
==============================================================================================================
FIM EP 080 | Val Loss: 0.0445 | P@10 FINAL: 5.46% | P@20 FINAL: 15.62%
==============================================================================================================
[10:17:25] EP 081 | Step 0000/1216 | Loss: 2.2782 | Grad: 0.068 | P@10: 20.0% | P@20: 25.0% | LR: 0.000941
[10:17:27] EP 081 | Step 0100/1216 | Loss: 2.2925 | Grad: 0.050 | P@10: 0.0% | P@20: 15.0% | LR: 0.000934
[10:17:30] EP 081 | Step 0200/1216 | Loss: 2.2878 | Grad: 0.005 | P@10: 20.0% | P@20: 15.0% | LR: 0.000927
[10:17:32] EP 081 | Step 0300/1216 | Loss: 2.3065 | Grad: 0.121 | P@10: 10.0% | P@20: 20.0% | LR: 0.000920
[10:17:35] EP 081 | Step 0400/1216 | Loss: 2.3086 | Grad: 0.101 | P@10: 10.0% | P@20: 25.0% | LR: 0.000912
[10:17:37] EP 081 | Step 0500/1216 | Loss: 2.2757 | Grad: 0.156 | P@10: 10.0% | P@20: 20.0% | LR: 0.000905
[10:17:40] EP 081 | Step 0600/1216 | Loss: 2.3169 | Grad: 0.163 | P@10: 10.0% | P@20: 15.0% | LR: 0.000898
[10:17:42] EP 081 | Step 0700/1216 | Loss: 2.2802 | Grad: 0.098 | P@10: 0.0% | P@20: 10.0% | LR: 0.000891
[10:17:44] EP 081 | Step 0800/1216 | Loss: 2.3001 | Grad: 0.007 | P@10: 0.0% | P@20: 15.0% | LR: 0.000884
[10:17:47] EP 081 | Step 0900/1216 | Loss: 2.3063 | Grad: 0.112 | P@10: 0.0% | P@20: 10.0% | LR: 0.000877
[10:17:49] EP 081 | Step 1000/1216 | Loss: 2.3910 | Grad: 0.234 | P@10: 0.0% | P@20: 10.0% | LR: 0.000870
[10:17:52] EP 081 | Step 1100/1216 | Loss: 2.3072 | Grad: 0.064 | P@10: 10.0% | P@20: 15.0% | LR: 0.000863
[10:17:54] EP 081 | Step 1200/1216 | Loss: 2.3060 | Grad: 0.067 | P@10: 20.0% | P@20: 20.0% | LR: 0.000856
==============================================================================================================
FIM EP 081 | Val Loss: 0.0443 | P@10 FINAL: 5.46% | P@20 FINAL: 15.62%
==============================================================================================================
[10:17:56] EP 082 | Step 0000/1216 | Loss: 2.3027 | Grad: 0.038 | P@10: 10.0% | P@20: 15.0% | LR: 0.000855
[10:17:59] EP 082 | Step 0100/1216 | Loss: 2.3110 | Grad: 0.148 | P@10: 0.0% | P@20: 15.0% | LR: 0.000848
[10:18:02] EP 082 | Step 0200/1216 | Loss: 2.2891 | Grad: 0.079 | P@10: 0.0% | P@20: 0.0% | LR: 0.000841
[10:18:04] EP 082 | Step 0300/1216 | Loss: 2.2990 | Grad: 0.091 | P@10: 10.0% | P@20: 15.0% | LR: 0.000834
[10:18:06] EP 082 | Step 0400/1216 | Loss: 2.2781 | Grad: 0.108 | P@10: 0.0% | P@20: 5.0% | LR: 0.000827
[10:18:09] EP 082 | Step 0500/1216 | Loss: 2.2824 | Grad: 0.117 | P@10: 0.0% | P@20: 20.0% | LR: 0.000821
[10:18:11] EP 082 | Step 0600/1216 | Loss: 2.2954 | Grad: 0.029 | P@10: 0.0% | P@20: 10.0% | LR: 0.000814
[10:18:14] EP 082 | Step 0700/1216 | Loss: 2.2847 | Grad: 0.373 | P@10: 100.0% | P@20: 100.0% | LR: 0.000807
[10:18:16] EP 082 | Step 0800/1216 | Loss: 2.2952 | Grad: 0.035 | P@10: 20.0% | P@20: 15.0% | LR: 0.000800
[10:18:19] EP 082 | Step 0900/1216 | Loss: 2.2786 | Grad: 0.205 | P@10: 10.0% | P@20: 10.0% | LR: 0.000793
[10:18:21] EP 082 | Step 1000/1216 | Loss: 2.2928 | Grad: 0.063 | P@10: 0.0% | P@20: 10.0% | LR: 0.000787
[10:18:24] EP 082 | Step 1100/1216 | Loss: 2.2883 | Grad: 0.028 | P@10: 0.0% | P@20: 15.0% | LR: 0.000780
[10:18:26] EP 082 | Step 1200/1216 | Loss: 2.3016 | Grad: 0.076 | P@10: 0.0% | P@20: 10.0% | LR: 0.000773
==============================================================================================================
FIM EP 082 | Val Loss: 0.0439 | P@10 FINAL: 5.46% | P@20 FINAL: 15.62%
==============================================================================================================
[10:18:28] EP 083 | Step 0000/1216 | Loss: 2.2968 | Grad: 0.032 | P@10: 10.0% | P@20: 10.0% | LR: 0.000772
[10:18:31] EP 083 | Step 0100/1216 | Loss: 2.2995 | Grad: 0.088 | P@10: 0.0% | P@20: 10.0% | LR: 0.000766
[10:18:33] EP 083 | Step 0200/1216 | Loss: 2.2842 | Grad: 0.015 | P@10: 10.0% | P@20: 15.0% | LR: 0.000759
[10:18:36] EP 083 | Step 0300/1216 | Loss: 2.2991 | Grad: 0.024 | P@10: 0.0% | P@20: 15.0% | LR: 0.000752
[10:18:38] EP 083 | Step 0400/1216 | Loss: 2.2890 | Grad: 0.079 | P@10: 0.0% | P@20: 0.0% | LR: 0.000746
[10:18:41] EP 083 | Step 0500/1216 | Loss: 2.3005 | Grad: 0.036 | P@10: 10.0% | P@20: 10.0% | LR: 0.000739
[10:18:43] EP 083 | Step 0600/1216 | Loss: 2.3129 | Grad: 0.046 | P@10: 0.0% | P@20: 10.0% | LR: 0.000733
[10:18:46] EP 083 | Step 0700/1216 | Loss: 2.3230 | Grad: 0.205 | P@10: 0.0% | P@20: 15.0% | LR: 0.000726
[10:18:48] EP 083 | Step 0800/1216 | Loss: 2.2762 | Grad: 0.102 | P@10: 10.0% | P@20: 25.0% | LR: 0.000720
[10:18:51] EP 083 | Step 0900/1216 | Loss: 2.2802 | Grad: 0.013 | P@10: 0.0% | P@20: 15.0% | LR: 0.000713
[10:18:53] EP 083 | Step 1000/1216 | Loss: 2.3161 | Grad: 0.014 | P@10: 0.0% | P@20: 10.0% | LR: 0.000707
[10:18:56] EP 083 | Step 1100/1216 | Loss: 2.2943 | Grad: 0.010 | P@10: 10.0% | P@20: 20.0% | LR: 0.000700
[10:18:58] EP 083 | Step 1200/1216 | Loss: 2.2802 | Grad: 0.065 | P@10: 20.0% | P@20: 20.0% | LR: 0.000694
==============================================================================================================
FIM EP 083 | Val Loss: 0.0443 | P@10 FINAL: 5.46% | P@20 FINAL: 15.62%
==============================================================================================================
[10:19:00] EP 084 | Step 0000/1216 | Loss: 2.3330 | Grad: 0.215 | P@10: 0.0% | P@20: 15.0% | LR: 0.000693
[10:19:03] EP 084 | Step 0100/1216 | Loss: 2.2804 | Grad: 0.084 | P@10: 0.0% | P@20: 10.0% | LR: 0.000687
[10:19:05] EP 084 | Step 0200/1216 | Loss: 2.2877 | Grad: 0.017 | P@10: 0.0% | P@20: 10.0% | LR: 0.000680
[10:19:08] EP 084 | Step 0300/1216 | Loss: 2.2856 | Grad: 0.377 | P@10: 100.0% | P@20: 100.0% | LR: 0.000674
[10:19:10] EP 084 | Step 0400/1216 | Loss: 2.2992 | Grad: 0.072 | P@10: 0.0% | P@20: 15.0% | LR: 0.000668
[10:19:13] EP 084 | Step 0500/1216 | Loss: 2.2923 | Grad: 0.093 | P@10: 0.0% | P@20: 5.0% | LR: 0.000661
[10:19:15] EP 084 | Step 0600/1216 | Loss: 2.3130 | Grad: 0.051 | P@10: 0.0% | P@20: 10.0% | LR: 0.000655
[10:19:18] EP 084 | Step 0700/1216 | Loss: 2.2929 | Grad: 0.049 | P@10: 10.0% | P@20: 15.0% | LR: 0.000649
[10:19:20] EP 084 | Step 0800/1216 | Loss: 2.2840 | Grad: 0.024 | P@10: 10.0% | P@20: 20.0% | LR: 0.000643
[10:19:23] EP 084 | Step 0900/1216 | Loss: 2.2916 | Grad: 0.048 | P@10: 0.0% | P@20: 5.0% | LR: 0.000637
[10:19:25] EP 084 | Step 1000/1216 | Loss: 2.3175 | Grad: 0.170 | P@10: 10.0% | P@20: 15.0% | LR: 0.000630
[10:19:28] EP 084 | Step 1100/1216 | Loss: 2.2819 | Grad: 0.007 | P@10: 20.0% | P@20: 20.0% | LR: 0.000624
[10:19:30] EP 084 | Step 1200/1216 | Loss: 2.2959 | Grad: 0.042 | P@10: 10.0% | P@20: 10.0% | LR: 0.000618
==============================================================================================================
FIM EP 084 | Val Loss: 0.0438 | P@10 FINAL: 5.46% | P@20 FINAL: 15.62%
==============================================================================================================
[10:19:32] EP 085 | Step 0000/1216 | Loss: 2.3033 | Grad: 0.099 | P@10: 20.0% | P@20: 25.0% | LR: 0.000617
[10:19:35] EP 085 | Step 0100/1216 | Loss: 2.3089 | Grad: 0.052 | P@10: 10.0% | P@20: 10.0% | LR: 0.000611
[10:19:38] EP 085 | Step 0200/1216 | Loss: 2.2778 | Grad: 0.022 | P@10: 10.0% | P@20: 15.0% | LR: 0.000605
[10:19:40] EP 085 | Step 0300/1216 | Loss: 2.2939 | Grad: 0.094 | P@10: 10.0% | P@20: 10.0% | LR: 0.000599
[10:19:43] EP 085 | Step 0400/1216 | Loss: 2.2731 | Grad: 0.112 | P@10: 0.0% | P@20: 10.0% | LR: 0.000593
[10:19:45] EP 085 | Step 0500/1216 | Loss: 2.2984 | Grad: 0.015 | P@10: 0.0% | P@20: 5.0% | LR: 0.000587
[10:19:48] EP 085 | Step 0600/1216 | Loss: 2.2805 | Grad: 0.019 | P@10: 10.0% | P@20: 15.0% | LR: 0.000581
[10:19:50] EP 085 | Step 0700/1216 | Loss: 2.2873 | Grad: 0.386 | P@10: 100.0% | P@20: 100.0% | LR: 0.000575
[10:19:53] EP 085 | Step 0800/1216 | Loss: 2.2885 | Grad: 0.106 | P@10: 0.0% | P@20: 15.0% | LR: 0.000569
[10:19:55] EP 085 | Step 0900/1216 | Loss: 2.2726 | Grad: 0.115 | P@10: 0.0% | P@20: 15.0% | LR: 0.000564
[10:19:58] EP 085 | Step 1000/1216 | Loss: 2.2731 | Grad: 0.123 | P@10: 10.0% | P@20: 15.0% | LR: 0.000558
[10:20:00] EP 085 | Step 1100/1216 | Loss: 2.2823 | Grad: 0.012 | P@10: 20.0% | P@20: 20.0% | LR: 0.000552
[10:20:03] EP 085 | Step 1200/1216 | Loss: 2.2792 | Grad: 0.036 | P@10: 20.0% | P@20: 25.0% | LR: 0.000546
==============================================================================================================
FIM EP 085 | Val Loss: 0.0442 | P@10 FINAL: 5.46% | P@20 FINAL: 15.62%
==============================================================================================================
[10:20:05] EP 086 | Step 0000/1216 | Loss: 2.3143 | Grad: 0.141 | P@10: 0.0% | P@20: 10.0% | LR: 0.000545
[10:20:07] EP 086 | Step 0100/1216 | Loss: 2.2770 | Grad: 0.075 | P@10: 10.0% | P@20: 20.0% | LR: 0.000540
[10:20:10] EP 086 | Step 0200/1216 | Loss: 2.2785 | Grad: 0.031 | P@10: 10.0% | P@20: 25.0% | LR: 0.000534
[10:20:12] EP 086 | Step 0300/1216 | Loss: 2.2854 | Grad: 0.070 | P@10: 10.0% | P@20: 15.0% | LR: 0.000528
[10:20:15] EP 086 | Step 0400/1216 | Loss: 2.2952 | Grad: 0.058 | P@10: 0.0% | P@20: 10.0% | LR: 0.000523
[10:20:17] EP 086 | Step 0500/1216 | Loss: 2.2855 | Grad: 0.042 | P@10: 10.0% | P@20: 10.0% | LR: 0.000517
[10:20:20] EP 086 | Step 0600/1216 | Loss: 2.3030 | Grad: 0.040 | P@10: 10.0% | P@20: 25.0% | LR: 0.000511
[10:20:22] EP 086 | Step 0700/1216 | Loss: 2.3068 | Grad: 0.122 | P@10: 10.0% | P@20: 15.0% | LR: 0.000506
[10:20:25] EP 086 | Step 0800/1216 | Loss: 2.2976 | Grad: 0.018 | P@10: 10.0% | P@20: 10.0% | LR: 0.000500
[10:20:27] EP 086 | Step 0900/1216 | Loss: 2.2844 | Grad: 0.000 | P@10: 10.0% | P@20: 20.0% | LR: 0.000495
[10:20:30] EP 086 | Step 1000/1216 | Loss: 2.2971 | Grad: 0.063 | P@10: 10.0% | P@20: 20.0% | LR: 0.000489
[10:20:33] EP 086 | Step 1100/1216 | Loss: 2.2858 | Grad: 0.023 | P@10: 10.0% | P@20: 15.0% | LR: 0.000484
[10:20:35] EP 086 | Step 1200/1216 | Loss: 2.2889 | Grad: 0.011 | P@10: 20.0% | P@20: 15.0% | LR: 0.000478
==============================================================================================================
FIM EP 086 | Val Loss: 0.0439 | P@10 FINAL: 5.46% | P@20 FINAL: 15.62%
==============================================================================================================
[10:20:37] EP 087 | Step 0000/1216 | Loss: 2.2861 | Grad: 0.071 | P@10: 0.0% | P@20: 10.0% | LR: 0.000477
[10:20:40] EP 087 | Step 0100/1216 | Loss: 2.2773 | Grad: 0.091 | P@10: 0.0% | P@20: 5.0% | LR: 0.000472
[10:20:41] EP 087 | Step 0200/1216 | Loss: 2.2973 | Grad: 0.067 | P@10: 10.0% | P@20: 15.0% | LR: 0.000467
[10:20:42] EP 087 | Step 0300/1216 | Loss: 2.2961 | Grad: 0.064 | P@10: 0.0% | P@20: 10.0% | LR: 0.000461
[10:20:43] EP 087 | Step 0400/1216 | Loss: 2.2756 | Grad: 0.103 | P@10: 0.0% | P@20: 5.0% | LR: 0.000456
[10:20:44] EP 087 | Step 0500/1216 | Loss: 2.2863 | Grad: 0.047 | P@10: 0.0% | P@20: 10.0% | LR: 0.000451
[10:20:45] EP 087 | Step 0600/1216 | Loss: 2.2828 | Grad: 0.028 | P@10: 0.0% | P@20: 10.0% | LR: 0.000445
[10:20:46] EP 087 | Step 0700/1216 | Loss: 2.2859 | Grad: 0.014 | P@10: 10.0% | P@20: 5.0% | LR: 0.000440
[10:20:47] EP 087 | Step 0800/1216 | Loss: 2.3325 | Grad: 0.210 | P@10: 0.0% | P@20: 15.0% | LR: 0.000435
[10:20:48] EP 087 | Step 0900/1216 | Loss: 2.2909 | Grad: 0.066 | P@10: 0.0% | P@20: 15.0% | LR: 0.000430
[10:20:49] EP 087 | Step 1000/1216 | Loss: 2.2916 | Grad: 0.046 | P@10: 10.0% | P@20: 15.0% | LR: 0.000425
[10:20:50] EP 087 | Step 1100/1216 | Loss: 2.2828 | Grad: 0.023 | P@10: 10.0% | P@20: 15.0% | LR: 0.000419
[10:20:51] EP 087 | Step 1200/1216 | Loss: 2.2860 | Grad: 0.012 | P@10: 0.0% | P@20: 15.0% | LR: 0.000414
==============================================================================================================
FIM EP 087 | Val Loss: 0.0443 | P@10 FINAL: 5.46% | P@20 FINAL: 15.62%
==============================================================================================================
[10:20:52] EP 088 | Step 0000/1216 | Loss: 2.2954 | Grad: 0.028 | P@10: 0.0% | P@20: 10.0% | LR: 0.000413
[10:20:53] EP 088 | Step 0100/1216 | Loss: 2.2879 | Grad: 0.119 | P@10: 0.0% | P@20: 10.0% | LR: 0.000408
[10:20:54] EP 088 | Step 0200/1216 | Loss: 2.2936 | Grad: 0.033 | P@10: 0.0% | P@20: 5.0% | LR: 0.000403
[10:20:55] EP 088 | Step 0300/1216 | Loss: 2.2922 | Grad: 0.017 | P@10: 0.0% | P@20: 10.0% | LR: 0.000398
[10:20:56] EP 088 | Step 0400/1216 | Loss: 2.3237 | Grad: 0.175 | P@10: 10.0% | P@20: 25.0% | LR: 0.000393
[10:20:57] EP 088 | Step 0500/1216 | Loss: 2.2878 | Grad: 0.001 | P@10: 20.0% | P@20: 15.0% | LR: 0.000388
[10:20:58] EP 088 | Step 0600/1216 | Loss: 2.2847 | Grad: 0.372 | P@10: 100.0% | P@20: 100.0% | LR: 0.000384
[10:20:59] EP 088 | Step 0700/1216 | Loss: 2.2829 | Grad: 0.074 | P@10: 10.0% | P@20: 10.0% | LR: 0.000379
[10:21:00] EP 088 | Step 0800/1216 | Loss: 2.2832 | Grad: 0.120 | P@10: 0.0% | P@20: 5.0% | LR: 0.000374
[10:21:01] EP 088 | Step 0900/1216 | Loss: 2.2841 | Grad: 0.369 | P@10: 100.0% | P@20: 100.0% | LR: 0.000369
[10:21:02] EP 088 | Step 1000/1216 | Loss: 2.2846 | Grad: 0.047 | P@10: 20.0% | P@20: 15.0% | LR: 0.000364
[10:21:03] EP 088 | Step 1100/1216 | Loss: 2.2943 | Grad: 0.075 | P@10: 10.0% | P@20: 10.0% | LR: 0.000359
[10:21:04] EP 088 | Step 1200/1216 | Loss: 2.2984 | Grad: 0.016 | P@10: 0.0% | P@20: 5.0% | LR: 0.000355
==============================================================================================================
FIM EP 088 | Val Loss: 0.0442 | P@10 FINAL: 5.46% | P@20 FINAL: 15.62%
==============================================================================================================
[10:21:05] EP 089 | Step 0000/1216 | Loss: 2.2733 | Grad: 0.066 | P@10: 10.0% | P@20: 20.0% | LR: 0.000354
[10:21:06] EP 089 | Step 0100/1216 | Loss: 2.3377 | Grad: 0.109 | P@10: 10.0% | P@20: 10.0% | LR: 0.000349
[10:21:07] EP 089 | Step 0200/1216 | Loss: 2.3032 | Grad: 0.088 | P@10: 0.0% | P@20: 15.0% | LR: 0.000344
[10:21:08] EP 089 | Step 0300/1216 | Loss: 2.2883 | Grad: 0.008 | P@10: 20.0% | P@20: 15.0% | LR: 0.000340
[10:21:09] EP 089 | Step 0400/1216 | Loss: 2.3270 | Grad: 0.173 | P@10: 10.0% | P@20: 20.0% | LR: 0.000335
[10:21:10] EP 089 | Step 0500/1216 | Loss: 2.2976 | Grad: 0.062 | P@10: 0.0% | P@20: 20.0% | LR: 0.000331
[10:21:11] EP 089 | Step 0600/1216 | Loss: 2.2847 | Grad: 0.035 | P@10: 10.0% | P@20: 15.0% | LR: 0.000326
[10:21:12] EP 089 | Step 0700/1216 | Loss: 2.2774 | Grad: 0.052 | P@10: 0.0% | P@20: 15.0% | LR: 0.000321
[10:21:13] EP 089 | Step 0800/1216 | Loss: 2.2975 | Grad: 0.047 | P@10: 10.0% | P@20: 20.0% | LR: 0.000317
[10:21:14] EP 089 | Step 0900/1216 | Loss: 2.3080 | Grad: 0.024 | P@10: 10.0% | P@20: 15.0% | LR: 0.000312
[10:21:15] EP 089 | Step 1000/1216 | Loss: 2.3137 | Grad: 0.051 | P@10: 0.0% | P@20: 15.0% | LR: 0.000308
[10:21:16] EP 089 | Step 1100/1216 | Loss: 2.2971 | Grad: 0.095 | P@10: 0.0% | P@20: 15.0% | LR: 0.000304
[10:21:17] EP 089 | Step 1200/1216 | Loss: 2.2848 | Grad: 0.147 | P@10: 10.0% | P@20: 20.0% | LR: 0.000299
==============================================================================================================
FIM EP 089 | Val Loss: 0.0444 | P@10 FINAL: 5.46% | P@20 FINAL: 15.62%
==============================================================================================================
[10:21:18] EP 090 | Step 0000/1216 | Loss: 2.2790 | Grad: 0.044 | P@10: 0.0% | P@20: 10.0% | LR: 0.000298
[10:21:19] EP 090 | Step 0100/1216 | Loss: 2.2988 | Grad: 0.103 | P@10: 0.0% | P@20: 0.0% | LR: 0.000294
[10:21:20] EP 090 | Step 0200/1216 | Loss: 2.2932 | Grad: 0.272 | P@10: 20.0% | P@20: 25.0% | LR: 0.000290
[10:21:21] EP 090 | Step 0300/1216 | Loss: 2.2919 | Grad: 0.071 | P@10: 0.0% | P@20: 20.0% | LR: 0.000285
[10:21:22] EP 090 | Step 0400/1216 | Loss: 2.2953 | Grad: 0.053 | P@10: 10.0% | P@20: 20.0% | LR: 0.000281
[10:21:23] EP 090 | Step 0500/1216 | Loss: 2.2994 | Grad: 0.081 | P@10: 0.0% | P@20: 15.0% | LR: 0.000277
[10:21:24] EP 090 | Step 0600/1216 | Loss: 2.3070 | Grad: 0.147 | P@10: 0.0% | P@20: 10.0% | LR: 0.000273
[10:21:25] EP 090 | Step 0700/1216 | Loss: 2.3062 | Grad: 0.110 | P@10: 20.0% | P@20: 10.0% | LR: 0.000269
[10:21:25] EP 090 | Step 0800/1216 | Loss: 2.2973 | Grad: 0.018 | P@10: 20.0% | P@20: 10.0% | LR: 0.000264
[10:21:26] EP 090 | Step 0900/1216 | Loss: 2.2906 | Grad: 0.056 | P@10: 0.0% | P@20: 15.0% | LR: 0.000260
[10:21:28] EP 090 | Step 1000/1216 | Loss: 2.3297 | Grad: 0.231 | P@10: 10.0% | P@20: 55.0% | LR: 0.000256
[10:21:28] EP 090 | Step 1100/1216 | Loss: 2.3003 | Grad: 0.012 | P@10: 0.0% | P@20: 10.0% | LR: 0.000252
[10:21:29] EP 090 | Step 1200/1216 | Loss: 2.2997 | Grad: 0.117 | P@10: 10.0% | P@20: 15.0% | LR: 0.000248
==============================================================================================================
FIM EP 090 | Val Loss: 0.0443 | P@10 FINAL: 5.46% | P@20 FINAL: 15.62%
==============================================================================================================
[10:21:30] EP 091 | Step 0000/1216 | Loss: 2.2989 | Grad: 0.054 | P@10: 10.0% | P@20: 15.0% | LR: 0.000248
[10:21:31] EP 091 | Step 0100/1216 | Loss: 2.3159 | Grad: 0.132 | P@10: 0.0% | P@20: 10.0% | LR: 0.000244
[10:21:32] EP 091 | Step 0200/1216 | Loss: 2.2786 | Grad: 0.021 | P@10: 0.0% | P@20: 15.0% | LR: 0.000240
[10:21:33] EP 091 | Step 0300/1216 | Loss: 2.2924 | Grad: 0.011 | P@10: 0.0% | P@20: 15.0% | LR: 0.000236
[10:21:34] EP 091 | Step 0400/1216 | Loss: 2.3220 | Grad: 0.027 | P@10: 10.0% | P@20: 15.0% | LR: 0.000232
[10:21:35] EP 091 | Step 0500/1216 | Loss: 2.2777 | Grad: 0.063 | P@10: 0.0% | P@20: 15.0% | LR: 0.000228
[10:21:36] EP 091 | Step 0600/1216 | Loss: 2.2850 | Grad: 0.015 | P@10: 0.0% | P@20: 10.0% | LR: 0.000224
[10:21:37] EP 091 | Step 0700/1216 | Loss: 2.2992 | Grad: 0.100 | P@10: 20.0% | P@20: 20.0% | LR: 0.000220
[10:21:38] EP 091 | Step 0800/1216 | Loss: 2.2765 | Grad: 0.079 | P@10: 10.0% | P@20: 25.0% | LR: 0.000216
[10:21:39] EP 091 | Step 0900/1216 | Loss: 2.2993 | Grad: 0.045 | P@10: 0.0% | P@20: 5.0% | LR: 0.000213
[10:21:40] EP 091 | Step 1000/1216 | Loss: 2.2818 | Grad: 0.009 | P@10: 0.0% | P@20: 10.0% | LR: 0.000209
[10:21:41] EP 091 | Step 1100/1216 | Loss: 2.2935 | Grad: 0.036 | P@10: 10.0% | P@20: 25.0% | LR: 0.000205
[10:21:42] EP 091 | Step 1200/1216 | Loss: 2.3032 | Grad: 0.047 | P@10: 0.0% | P@20: 10.0% | LR: 0.000202
==============================================================================================================
FIM EP 091 | Val Loss: 0.0446 | P@10 FINAL: 5.46% | P@20 FINAL: 15.62%
==============================================================================================================
[10:21:43] EP 092 | Step 0000/1216 | Loss: 2.2964 | Grad: 0.058 | P@10: 20.0% | P@20: 20.0% | LR: 0.000201
[10:21:44] EP 092 | Step 0100/1216 | Loss: 2.2850 | Grad: 0.101 | P@10: 0.0% | P@20: 15.0% | LR: 0.000198
[10:21:45] EP 092 | Step 0200/1216 | Loss: 2.3025 | Grad: 0.015 | P@10: 0.0% | P@20: 15.0% | LR: 0.000194
[10:21:46] EP 092 | Step 0300/1216 | Loss: 2.3235 | Grad: 0.136 | P@10: 10.0% | P@20: 25.0% | LR: 0.000190
[10:21:47] EP 092 | Step 0400/1216 | Loss: 2.2980 | Grad: 0.029 | P@10: 20.0% | P@20: 20.0% | LR: 0.000187
[10:21:48] EP 092 | Step 0500/1216 | Loss: 2.2931 | Grad: 0.079 | P@10: 0.0% | P@20: 0.0% | LR: 0.000183
[10:21:49] EP 092 | Step 0600/1216 | Loss: 2.2768 | Grad: 0.089 | P@10: 20.0% | P@20: 20.0% | LR: 0.000180
[10:21:50] EP 092 | Step 0700/1216 | Loss: 2.3150 | Grad: 0.166 | P@10: 0.0% | P@20: 10.0% | LR: 0.000177
[10:21:51] EP 092 | Step 0800/1216 | Loss: 2.2763 | Grad: 0.103 | P@10: 20.0% | P@20: 25.0% | LR: 0.000173
[10:21:52] EP 092 | Step 0900/1216 | Loss: 2.2761 | Grad: 0.088 | P@10: 20.0% | P@20: 20.0% | LR: 0.000170
[10:21:53] EP 092 | Step 1000/1216 | Loss: 2.2975 | Grad: 0.074 | P@10: 10.0% | P@20: 10.0% | LR: 0.000166
[10:21:54] EP 092 | Step 1100/1216 | Loss: 2.2796 | Grad: 0.141 | P@10: 0.0% | P@20: 0.0% | LR: 0.000163
[10:21:55] EP 092 | Step 1200/1216 | Loss: 2.3022 | Grad: 0.076 | P@10: 20.0% | P@20: 15.0% | LR: 0.000160
==============================================================================================================
FIM EP 092 | Val Loss: 0.0443 | P@10 FINAL: 5.46% | P@20 FINAL: 15.62%
==============================================================================================================
[10:21:55] EP 093 | Step 0000/1216 | Loss: 2.3091 | Grad: 0.106 | P@10: 0.0% | P@20: 10.0% | LR: 0.000159
[10:21:56] EP 093 | Step 0100/1216 | Loss: 2.2768 | Grad: 0.105 | P@10: 10.0% | P@20: 15.0% | LR: 0.000156
[10:21:57] EP 093 | Step 0200/1216 | Loss: 2.3159 | Grad: 0.147 | P@10: 0.0% | P@20: 15.0% | LR: 0.000153
[10:21:58] EP 093 | Step 0300/1216 | Loss: 2.2861 | Grad: 0.041 | P@10: 0.0% | P@20: 10.0% | LR: 0.000150
[10:21:59] EP 093 | Step 0400/1216 | Loss: 2.3319 | Grad: 0.025 | P@10: 10.0% | P@20: 10.0% | LR: 0.000147
[10:22:00] EP 093 | Step 0500/1216 | Loss: 2.3090 | Grad: 0.128 | P@10: 10.0% | P@20: 20.0% | LR: 0.000144
[10:22:01] EP 093 | Step 0600/1216 | Loss: 2.3067 | Grad: 0.142 | P@10: 0.0% | P@20: 10.0% | LR: 0.000140
[10:22:02] EP 093 | Step 0700/1216 | Loss: 2.3265 | Grad: 0.192 | P@10: 0.0% | P@20: 15.0% | LR: 0.000137
[10:22:03] EP 093 | Step 0800/1216 | Loss: 2.3198 | Grad: 0.130 | P@10: 10.0% | P@20: 20.0% | LR: 0.000134
[10:22:04] EP 093 | Step 0900/1216 | Loss: 2.2926 | Grad: 0.095 | P@10: 20.0% | P@20: 20.0% | LR: 0.000131
[10:22:05] EP 093 | Step 1000/1216 | Loss: 2.2857 | Grad: 0.054 | P@10: 10.0% | P@20: 10.0% | LR: 0.000129
[10:22:06] EP 093 | Step 1100/1216 | Loss: 2.2948 | Grad: 0.035 | P@10: 0.0% | P@20: 5.0% | LR: 0.000126
[10:22:07] EP 093 | Step 1200/1216 | Loss: 2.3228 | Grad: 0.204 | P@10: 0.0% | P@20: 15.0% | LR: 0.000123
==============================================================================================================
FIM EP 093 | Val Loss: 0.0442 | P@10 FINAL: 5.46% | P@20 FINAL: 15.62%
==============================================================================================================
[10:22:08] EP 094 | Step 0000/1216 | Loss: 2.2784 | Grad: 0.025 | P@10: 0.0% | P@20: 10.0% | LR: 0.000122
[10:22:09] EP 094 | Step 0100/1216 | Loss: 2.3001 | Grad: 0.047 | P@10: 10.0% | P@20: 10.0% | LR: 0.000119
[10:22:10] EP 094 | Step 0200/1216 | Loss: 2.3068 | Grad: 0.094 | P@10: 20.0% | P@20: 15.0% | LR: 0.000117
[10:22:11] EP 094 | Step 0300/1216 | Loss: 2.3354 | Grad: 0.055 | P@10: 0.0% | P@20: 15.0% | LR: 0.000114
[10:22:12] EP 094 | Step 0400/1216 | Loss: 2.2894 | Grad: 0.041 | P@10: 10.0% | P@20: 25.0% | LR: 0.000111
[10:22:13] EP 094 | Step 0500/1216 | Loss: 2.2743 | Grad: 0.137 | P@10: 10.0% | P@20: 20.0% | LR: 0.000108
[10:22:14] EP 094 | Step 0600/1216 | Loss: 2.2780 | Grad: 0.107 | P@10: 0.0% | P@20: 15.0% | LR: 0.000106
[10:22:15] EP 094 | Step 0700/1216 | Loss: 2.2820 | Grad: 0.012 | P@10: 0.0% | P@20: 15.0% | LR: 0.000103
[10:22:16] EP 094 | Step 0800/1216 | Loss: 2.2996 | Grad: 0.115 | P@10: 10.0% | P@20: 15.0% | LR: 0.000101
[10:22:17] EP 094 | Step 0900/1216 | Loss: 2.2913 | Grad: 0.005 | P@10: 10.0% | P@20: 20.0% | LR: 0.000098
[10:22:19] EP 094 | Step 1000/1216 | Loss: 2.2859 | Grad: 0.379 | P@10: 100.0% | P@20: 100.0% | LR: 0.000095
[10:22:21] EP 094 | Step 1100/1216 | Loss: 2.2944 | Grad: 0.059 | P@10: 10.0% | P@20: 10.0% | LR: 0.000093
[10:22:24] EP 094 | Step 1200/1216 | Loss: 2.2754 | Grad: 0.138 | P@10: 0.0% | P@20: 10.0% | LR: 0.000090
==============================================================================================================
FIM EP 094 | Val Loss: 0.0444 | P@10 FINAL: 5.46% | P@20 FINAL: 15.62%
==============================================================================================================
[10:22:26] EP 095 | Step 0000/1216 | Loss: 2.3082 | Grad: 0.077 | P@10: 0.0% | P@20: 15.0% | LR: 0.000090
[10:22:29] EP 095 | Step 0100/1216 | Loss: 2.2815 | Grad: 0.141 | P@10: 10.0% | P@20: 10.0% | LR: 0.000088
[10:22:30] EP 095 | Step 0200/1216 | Loss: 2.2846 | Grad: 0.015 | P@10: 10.0% | P@20: 10.0% | LR: 0.000085
[10:22:31] EP 095 | Step 0300/1216 | Loss: 2.3296 | Grad: 0.114 | P@10: 0.0% | P@20: 10.0% | LR: 0.000083
[10:22:32] EP 095 | Step 0400/1216 | Loss: 2.2918 | Grad: 0.019 | P@10: 0.0% | P@20: 20.0% | LR: 0.000081
[10:22:33] EP 095 | Step 0500/1216 | Loss: 2.2925 | Grad: 0.048 | P@10: 20.0% | P@20: 15.0% | LR: 0.000078
[10:22:34] EP 095 | Step 0600/1216 | Loss: 2.2780 | Grad: 0.031 | P@10: 20.0% | P@20: 20.0% | LR: 0.000076
[10:22:35] EP 095 | Step 0700/1216 | Loss: 2.3031 | Grad: 0.151 | P@10: 10.0% | P@20: 25.0% | LR: 0.000074
[10:22:36] EP 095 | Step 0800/1216 | Loss: 2.2793 | Grad: 0.037 | P@10: 0.0% | P@20: 15.0% | LR: 0.000071
[10:22:37] EP 095 | Step 0900/1216 | Loss: 2.2954 | Grad: 0.043 | P@10: 10.0% | P@20: 15.0% | LR: 0.000069
[10:22:38] EP 095 | Step 1000/1216 | Loss: 2.2997 | Grad: 0.000 | P@10: 0.0% | P@20: 20.0% | LR: 0.000067
[10:22:39] EP 095 | Step 1100/1216 | Loss: 2.2996 | Grad: 0.017 | P@10: 10.0% | P@20: 15.0% | LR: 0.000065
[10:22:40] EP 095 | Step 1200/1216 | Loss: 2.2969 | Grad: 0.041 | P@10: 10.0% | P@20: 10.0% | LR: 0.000063
==============================================================================================================
FIM EP 095 | Val Loss: 0.0444 | P@10 FINAL: 5.46% | P@20 FINAL: 15.62%
==============================================================================================================
[10:22:40] EP 096 | Step 0000/1216 | Loss: 2.2958 | Grad: 0.017 | P@10: 0.0% | P@20: 10.0% | LR: 0.000063
[10:22:41] EP 096 | Step 0100/1216 | Loss: 2.3266 | Grad: 0.193 | P@10: 0.0% | P@20: 15.0% | LR: 0.000061
[10:22:42] EP 096 | Step 0200/1216 | Loss: 2.2863 | Grad: 0.044 | P@10: 0.0% | P@20: 10.0% | LR: 0.000059
[10:22:43] EP 096 | Step 0300/1216 | Loss: 2.2984 | Grad: 0.101 | P@10: 10.0% | P@20: 10.0% | LR: 0.000057
[10:22:44] EP 096 | Step 0400/1216 | Loss: 2.2736 | Grad: 0.087 | P@10: 10.0% | P@20: 25.0% | LR: 0.000055
[10:22:45] EP 096 | Step 0500/1216 | Loss: 2.2973 | Grad: 0.019 | P@10: 20.0% | P@20: 10.0% | LR: 0.000053
[10:22:46] EP 096 | Step 0600/1216 | Loss: 2.2796 | Grad: 0.014 | P@10: 0.0% | P@20: 5.0% | LR: 0.000051
[10:22:47] EP 096 | Step 0700/1216 | Loss: 2.2788 | Grad: 0.016 | P@10: 0.0% | P@20: 20.0% | LR: 0.000049
[10:22:48] EP 096 | Step 0800/1216 | Loss: 2.2743 | Grad: 0.125 | P@10: 10.0% | P@20: 25.0% | LR: 0.000047
[10:22:49] EP 096 | Step 0900/1216 | Loss: 2.2975 | Grad: 0.002 | P@10: 0.0% | P@20: 15.0% | LR: 0.000046
[10:22:50] EP 096 | Step 1000/1216 | Loss: 2.3019 | Grad: 0.005 | P@10: 0.0% | P@20: 10.0% | LR: 0.000044
[10:22:51] EP 096 | Step 1100/1216 | Loss: 2.2920 | Grad: 0.131 | P@10: 10.0% | P@20: 15.0% | LR: 0.000042
[10:22:52] EP 096 | Step 1200/1216 | Loss: 2.2828 | Grad: 0.023 | P@10: 10.0% | P@20: 15.0% | LR: 0.000040
==============================================================================================================
FIM EP 096 | Val Loss: 0.0444 | P@10 FINAL: 5.46% | P@20 FINAL: 15.62%
==============================================================================================================
[10:22:53] EP 097 | Step 0000/1216 | Loss: 2.2905 | Grad: 0.094 | P@10: 10.0% | P@20: 20.0% | LR: 0.000040
[10:22:54] EP 097 | Step 0100/1216 | Loss: 2.2884 | Grad: 0.001 | P@10: 10.0% | P@20: 20.0% | LR: 0.000039
[10:22:55] EP 097 | Step 0200/1216 | Loss: 2.3327 | Grad: 0.212 | P@10: 0.0% | P@20: 15.0% | LR: 0.000037
[10:22:56] EP 097 | Step 0300/1216 | Loss: 2.2850 | Grad: 0.015 | P@10: 0.0% | P@20: 20.0% | LR: 0.000035
[10:22:57] EP 097 | Step 0400/1216 | Loss: 2.2920 | Grad: 0.035 | P@10: 10.0% | P@20: 20.0% | LR: 0.000034
[10:22:58] EP 097 | Step 0500/1216 | Loss: 2.2898 | Grad: 0.040 | P@10: 0.0% | P@20: 15.0% | LR: 0.000032
[10:22:59] EP 097 | Step 0600/1216 | Loss: 2.3030 | Grad: 0.110 | P@10: 20.0% | P@20: 15.0% | LR: 0.000031
[10:23:00] EP 097 | Step 0700/1216 | Loss: 2.2973 | Grad: 0.019 | P@10: 20.0% | P@20: 10.0% | LR: 0.000029
[10:23:01] EP 097 | Step 0800/1216 | Loss: 2.3245 | Grad: 0.180 | P@10: 0.0% | P@20: 15.0% | LR: 0.000028
[10:23:02] EP 097 | Step 0900/1216 | Loss: 2.2857 | Grad: 0.378 | P@10: 100.0% | P@20: 100.0% | LR: 0.000027
[10:23:03] EP 097 | Step 1000/1216 | Loss: 2.2768 | Grad: 0.040 | P@10: 0.0% | P@20: 10.0% | LR: 0.000025
[10:23:04] EP 097 | Step 1100/1216 | Loss: 2.2769 | Grad: 0.034 | P@10: 0.0% | P@20: 10.0% | LR: 0.000024
[10:23:05] EP 097 | Step 1200/1216 | Loss: 2.2873 | Grad: 0.060 | P@10: 10.0% | P@20: 15.0% | LR: 0.000023
==============================================================================================================
FIM EP 097 | Val Loss: 0.0444 | P@10 FINAL: 5.46% | P@20 FINAL: 15.62%
==============================================================================================================
[10:23:06] EP 098 | Step 0000/1216 | Loss: 2.2995 | Grad: 0.051 | P@10: 20.0% | P@20: 20.0% | LR: 0.000023
[10:23:07] EP 098 | Step 0100/1216 | Loss: 2.3089 | Grad: 0.106 | P@10: 20.0% | P@20: 25.0% | LR: 0.000021
[10:23:08] EP 098 | Step 0200/1216 | Loss: 2.2837 | Grad: 0.014 | P@10: 0.0% | P@20: 20.0% | LR: 0.000020
[10:23:09] EP 098 | Step 0300/1216 | Loss: 2.2767 | Grad: 0.100 | P@10: 0.0% | P@20: 15.0% | LR: 0.000019
[10:23:10] EP 098 | Step 0400/1216 | Loss: 2.2856 | Grad: 0.378 | P@10: 100.0% | P@20: 100.0% | LR: 0.000018
[10:23:11] EP 098 | Step 0500/1216 | Loss: 2.2749 | Grad: 0.075 | P@10: 20.0% | P@20: 20.0% | LR: 0.000017
[10:23:12] EP 098 | Step 0600/1216 | Loss: 2.2798 | Grad: 0.131 | P@10: 0.0% | P@20: 15.0% | LR: 0.000016
[10:23:13] EP 098 | Step 0700/1216 | Loss: 2.3252 | Grad: 0.048 | P@10: 10.0% | P@20: 30.0% | LR: 0.000015
[10:23:14] EP 098 | Step 0800/1216 | Loss: 2.2976 | Grad: 0.091 | P@10: 20.0% | P@20: 20.0% | LR: 0.000014
[10:23:15] EP 098 | Step 0900/1216 | Loss: 2.2916 | Grad: 0.021 | P@10: 10.0% | P@20: 15.0% | LR: 0.000013
[10:23:16] EP 098 | Step 1000/1216 | Loss: 2.3083 | Grad: 0.143 | P@10: 0.0% | P@20: 0.0% | LR: 0.000012
[10:23:17] EP 098 | Step 1100/1216 | Loss: 2.3696 | Grad: 0.108 | P@10: 10.0% | P@20: 30.0% | LR: 0.000011
[10:23:19] EP 098 | Step 1200/1216 | Loss: 2.2935 | Grad: 0.032 | P@10: 0.0% | P@20: 5.0% | LR: 0.000010
==============================================================================================================
FIM EP 098 | Val Loss: 0.0444 | P@10 FINAL: 5.46% | P@20 FINAL: 15.62%
==============================================================================================================
[10:23:19] EP 099 | Step 0000/1216 | Loss: 2.2885 | Grad: 0.020 | P@10: 10.0% | P@20: 20.0% | LR: 0.000010
[10:23:20] EP 099 | Step 0100/1216 | Loss: 2.2898 | Grad: 0.006 | P@10: 10.0% | P@20: 25.0% | LR: 0.000009
[10:23:21] EP 099 | Step 0200/1216 | Loss: 2.3089 | Grad: 0.051 | P@10: 10.0% | P@20: 10.0% | LR: 0.000008
[10:23:22] EP 099 | Step 0300/1216 | Loss: 2.3070 | Grad: 0.129 | P@10: 10.0% | P@20: 20.0% | LR: 0.000008
[10:23:23] EP 099 | Step 0400/1216 | Loss: 2.2946 | Grad: 0.062 | P@10: 10.0% | P@20: 25.0% | LR: 0.000007
[10:23:24] EP 099 | Step 0500/1216 | Loss: 2.2747 | Grad: 0.124 | P@10: 10.0% | P@20: 15.0% | LR: 0.000006
[10:23:25] EP 099 | Step 0600/1216 | Loss: 2.2972 | Grad: 0.049 | P@10: 0.0% | P@20: 15.0% | LR: 0.000006
[10:23:26] EP 099 | Step 0700/1216 | Loss: 2.2883 | Grad: 0.026 | P@10: 10.0% | P@20: 15.0% | LR: 0.000005
[10:23:27] EP 099 | Step 0800/1216 | Loss: 2.2865 | Grad: 0.031 | P@10: 20.0% | P@20: 25.0% | LR: 0.000005
[10:23:28] EP 099 | Step 0900/1216 | Loss: 2.2744 | Grad: 0.078 | P@10: 10.0% | P@20: 10.0% | LR: 0.000004
[10:23:30] EP 099 | Step 1000/1216 | Loss: 2.3051 | Grad: 0.093 | P@10: 0.0% | P@20: 5.0% | LR: 0.000004
[10:23:31] EP 099 | Step 1100/1216 | Loss: 2.3031 | Grad: 0.088 | P@10: 0.0% | P@20: 5.0% | LR: 0.000003
[10:23:32] EP 099 | Step 1200/1216 | Loss: 2.3028 | Grad: 0.088 | P@10: 20.0% | P@20: 25.0% | LR: 0.000003
==============================================================================================================
FIM EP 099 | Val Loss: 0.0444 | P@10 FINAL: 5.46% | P@20 FINAL: 15.62%
==============================================================================================================
[10:23:32] EP 100 | Step 0000/1216 | Loss: 2.2888 | Grad: 0.049 | P@10: 0.0% | P@20: 15.0% | LR: 0.000003
[10:23:33] EP 100 | Step 0100/1216 | Loss: 2.2916 | Grad: 0.049 | P@10: 0.0% | P@20: 10.0% | LR: 0.000002
[10:23:34] EP 100 | Step 0200/1216 | Loss: 2.2965 | Grad: 0.086 | P@10: 0.0% | P@20: 20.0% | LR: 0.000002
[10:23:35] EP 100 | Step 0300/1216 | Loss: 2.2940 | Grad: 0.034 | P@10: 10.0% | P@20: 10.0% | LR: 0.000001
[10:23:36] EP 100 | Step 0400/1216 | Loss: 2.2794 | Grad: 0.069 | P@10: 0.0% | P@20: 20.0% | LR: 0.000001
[10:23:37] EP 100 | Step 0500/1216 | Loss: 2.2855 | Grad: 0.168 | P@10: 0.0% | P@20: 10.0% | LR: 0.000001
[10:23:38] EP 100 | Step 0600/1216 | Loss: 2.2726 | Grad: 0.095 | P@10: 0.0% | P@20: 15.0% | LR: 0.000001
[10:23:39] EP 100 | Step 0700/1216 | Loss: 2.2768 | Grad: 0.090 | P@10: 20.0% | P@20: 20.0% | LR: 0.000000
[10:23:40] EP 100 | Step 0800/1216 | Loss: 2.2850 | Grad: 0.011 | P@10: 0.0% | P@20: 0.0% | LR: 0.000000
[10:23:41] EP 100 | Step 0900/1216 | Loss: 2.3168 | Grad: 0.119 | P@10: 10.0% | P@20: 15.0% | LR: 0.000000
[10:23:42] EP 100 | Step 1000/1216 | Loss: 2.2996 | Grad: 0.070 | P@10: 0.0% | P@20: 5.0% | LR: 0.000000
[10:23:43] EP 100 | Step 1100/1216 | Loss: 2.2844 | Grad: 0.011 | P@10: 10.0% | P@20: 20.0% | LR: 0.000000
[10:23:45] EP 100 | Step 1200/1216 | Loss: 2.2793 | Grad: 0.038 | P@10: 0.0% | P@20: 15.0% | LR: 0.000000
==============================================================================================================
FIM EP 100 | Val Loss: 0.0444 | P@10 FINAL: 5.46% | P@20 FINAL: 15.62%
==============================================================================================================
