2026-09-28 16:13:39,109 [INFO] Regiões selecionadas: ['fortaleza', 'rmf', 'interior']
2026-09-28 16:13:39,110 [INFO] 
ESPECIALISTA: FORTALEZA (SENTINELA V4 - HONESTY)
2026-09-28 16:13:39,258 [INFO] Preparando janelas | region=fortaleza | total_steps=1732 | candidate_windows=1582 | train=2022-01-01..2026-06-30 | val=2026-07-01..2026-08-29
2026-09-28 16:13:39,272 [INFO] Janela 1/1582 (0.1%) preparada | elapsed=0.0s
2026-09-28 16:13:39,334 [INFO] Janela 60/1582 (3.8%) preparada | elapsed=0.1s
2026-09-28 16:13:39,414 [INFO] Janela 120/1582 (7.6%) preparada | elapsed=0.2s
2026-09-28 16:13:39,485 [INFO] Janela 180/1582 (11.4%) preparada | elapsed=0.2s
2026-09-28 16:13:39,550 [INFO] Janela 240/1582 (15.2%) preparada | elapsed=0.3s
2026-09-28 16:13:39,617 [INFO] Janela 300/1582 (19.0%) preparada | elapsed=0.4s
2026-09-28 16:13:39,686 [INFO] Janela 360/1582 (22.8%) preparada | elapsed=0.4s
2026-09-28 16:13:39,756 [INFO] Janela 420/1582 (26.5%) preparada | elapsed=0.5s
2026-09-28 16:13:39,832 [INFO] Janela 480/1582 (30.3%) preparada | elapsed=0.6s
2026-09-28 16:13:39,944 [INFO] Janela 540/1582 (34.1%) preparada | elapsed=0.7s
2026-09-28 16:13:40,040 [INFO] Janela 600/1582 (37.9%) preparada | elapsed=0.8s
2026-09-28 16:13:40,131 [INFO] Janela 660/1582 (41.7%) preparada | elapsed=0.9s
2026-09-28 16:13:40,220 [INFO] Janela 720/1582 (45.5%) preparada | elapsed=1.0s
2026-09-28 16:13:40,340 [INFO] Janela 780/1582 (49.3%) preparada | elapsed=1.1s
2026-09-28 16:13:40,476 [INFO] Janela 840/1582 (53.1%) preparada | elapsed=1.2s
2026-09-28 16:13:40,552 [INFO] Janela 900/1582 (56.9%) preparada | elapsed=1.3s
2026-09-28 16:13:40,621 [INFO] Janela 960/1582 (60.7%) preparada | elapsed=1.4s
2026-09-28 16:13:40,688 [INFO] Janela 1020/1582 (64.5%) preparada | elapsed=1.4s
2026-09-28 16:13:40,772 [INFO] Janela 1080/1582 (68.3%) preparada | elapsed=1.5s
2026-09-28 16:13:40,871 [INFO] Janela 1140/1582 (72.1%) preparada | elapsed=1.6s
2026-09-28 16:13:40,986 [INFO] Janela 1200/1582 (75.9%) preparada | elapsed=1.7s
2026-09-28 16:13:41,091 [INFO] Janela 1260/1582 (79.6%) preparada | elapsed=1.8s
2026-09-28 16:13:41,205 [INFO] Janela 1320/1582 (83.4%) preparada | elapsed=1.9s
2026-09-28 16:13:41,303 [INFO] Janela 1380/1582 (87.2%) preparada | elapsed=2.0s
2026-09-28 16:13:41,381 [INFO] Janela 1440/1582 (91.0%) preparada | elapsed=2.1s
2026-09-28 16:13:41,467 [INFO] Janela 1500/1582 (94.8%) preparada | elapsed=2.2s
2026-09-28 16:13:41,550 [INFO] Janela 1560/1582 (98.6%) preparada | elapsed=2.3s
2026-09-28 16:13:41,579 [INFO] Janela 1582/1582 (100.0%) preparada | elapsed=2.3s
2026-09-28 16:13:41,603 [INFO] Filtro bimestral | nós ativos médio: 92.2% do total (40)
2026-09-28 16:13:41,604 [INFO] Split temporal aplicado | region=fortaleza | train_windows=1493 | val_windows=31 | first_train_target=2022-05-01 | last_train_target=2026-06-30 | first_val_target=2026-07-01 | last_val_target=2026-08-29
2026-09-28 16:13:41,632 [INFO] Loss: NegBinomRankingLoss | r_init=5.00 | ranking_w=3.00 | indecision_w=0.20
2026-09-28 16:13:42,141 [INFO] Optimizer param_groups: modelo lr=5.00e-05 | log_r lr=5.00e-03
2026-09-28 16:13:42,141 [INFO] Dataset preparado | train=1493 | val=31 | nodes=40 | base_channels=37 | total_channels=37 | grad_accum=4 | opt_steps/epoch=374
2026-09-28 16:13:42,142 [INFO] E001 start | region=fortaleza | minibatches=1493 | grad_accum=4
2026-09-28 16:13:42,352 [INFO] E001 batch 1/1493 (0.1%) | opt_steps=0/374 | lr=2e-06 | loss_cur=20.3232 | loss_epoch=20.3232 | elapsed=0.2s
2026-09-28 16:13:46,474 [INFO] E001 batch 60/1493 (4.0%) | opt_steps=15/374 | lr=2.00021e-06 | loss_cur=19.8711 | loss_epoch=19.9273 | elapsed=4.3s
2026-09-28 16:13:51,095 [INFO] E001 batch 120/1493 (8.0%) | opt_steps=30/374 | lr=2.00085e-06 | loss_cur=18.9541 | loss_epoch=19.6133 | elapsed=9.0s
2026-09-28 16:13:58,087 [INFO] E001 batch 180/1493 (12.1%) | opt_steps=45/374 | lr=2.00191e-06 | loss_cur=18.4895 | loss_epoch=19.3567 | elapsed=15.9s
2026-09-28 16:14:05,130 [INFO] E001 batch 240/1493 (16.1%) | opt_steps=60/374 | lr=2.00339e-06 | loss_cur=18.2389 | loss_epoch=19.1263 | elapsed=23.0s
2026-09-28 16:14:11,820 [INFO] E001 batch 300/1493 (20.1%) | opt_steps=75/374 | lr=2.00529e-06 | loss_cur=18.3992 | loss_epoch=18.9389 | elapsed=29.7s
2026-09-28 16:14:18,697 [INFO] E001 batch 360/1493 (24.1%) | opt_steps=90/374 | lr=2.00762e-06 | loss_cur=17.8047 | loss_epoch=18.8156 | elapsed=36.6s
2026-09-28 16:14:25,683 [INFO] E001 batch 420/1493 (28.1%) | opt_steps=105/374 | lr=2.01037e-06 | loss_cur=18.5013 | loss_epoch=18.7233 | elapsed=43.5s
2026-09-28 16:14:32,865 [INFO] E001 batch 480/1493 (32.2%) | opt_steps=120/374 | lr=2.01355e-06 | loss_cur=18.3988 | loss_epoch=18.6240 | elapsed=50.7s
2026-09-28 16:14:39,951 [INFO] E001 batch 540/1493 (36.2%) | opt_steps=135/374 | lr=2.01715e-06 | loss_cur=17.6469 | loss_epoch=18.5379 | elapsed=57.8s
2026-09-28 16:14:47,307 [INFO] E001 batch 600/1493 (40.2%) | opt_steps=150/374 | lr=2.02117e-06 | loss_cur=17.6050 | loss_epoch=18.4515 | elapsed=65.2s
2026-09-28 16:14:54,485 [INFO] E001 batch 660/1493 (44.2%) | opt_steps=165/374 | lr=2.02561e-06 | loss_cur=17.7170 | loss_epoch=18.3731 | elapsed=72.3s
2026-09-28 16:15:01,442 [INFO] E001 batch 720/1493 (48.2%) | opt_steps=180/374 | lr=2.03048e-06 | loss_cur=16.8546 | loss_epoch=18.2994 | elapsed=79.3s
2026-09-28 16:15:08,251 [INFO] E001 batch 780/1493 (52.2%) | opt_steps=195/374 | lr=2.03577e-06 | loss_cur=16.5285 | loss_epoch=18.2395 | elapsed=86.1s
2026-09-28 16:15:15,047 [INFO] E001 batch 840/1493 (56.3%) | opt_steps=210/374 | lr=2.04148e-06 | loss_cur=16.9836 | loss_epoch=18.1719 | elapsed=92.9s
2026-09-28 16:15:22,561 [INFO] E001 batch 900/1493 (60.3%) | opt_steps=225/374 | lr=2.04762e-06 | loss_cur=16.8992 | loss_epoch=18.1109 | elapsed=100.4s
2026-09-28 16:15:29,088 [INFO] E001 batch 960/1493 (64.3%) | opt_steps=240/374 | lr=2.05418e-06 | loss_cur=16.3803 | loss_epoch=18.0452 | elapsed=106.9s
2026-09-28 16:15:35,603 [INFO] E001 batch 1020/1493 (68.3%) | opt_steps=255/374 | lr=2.06116e-06 | loss_cur=16.0924 | loss_epoch=17.9896 | elapsed=113.5s
2026-09-28 16:15:42,115 [INFO] E001 batch 1080/1493 (72.3%) | opt_steps=270/374 | lr=2.06856e-06 | loss_cur=17.6893 | loss_epoch=17.9327 | elapsed=120.0s
2026-09-28 16:15:48,666 [INFO] E001 batch 1140/1493 (76.4%) | opt_steps=285/374 | lr=2.07639e-06 | loss_cur=17.7210 | loss_epoch=17.8739 | elapsed=126.5s
2026-09-28 16:15:55,039 [INFO] E001 batch 1200/1493 (80.4%) | opt_steps=300/374 | lr=2.08464e-06 | loss_cur=17.0836 | loss_epoch=17.8302 | elapsed=132.9s
2026-09-28 16:16:01,534 [INFO] E001 batch 1260/1493 (84.4%) | opt_steps=315/374 | lr=2.09331e-06 | loss_cur=16.6320 | loss_epoch=17.7830 | elapsed=139.4s
2026-09-28 16:16:08,065 [INFO] E001 batch 1320/1493 (88.4%) | opt_steps=330/374 | lr=2.1024e-06 | loss_cur=16.9627 | loss_epoch=17.7298 | elapsed=145.9s
2026-09-28 16:16:14,506 [INFO] E001 batch 1380/1493 (92.4%) | opt_steps=345/374 | lr=2.11191e-06 | loss_cur=18.0316 | loss_epoch=17.6919 | elapsed=152.4s
2026-09-28 16:16:21,047 [INFO] E001 batch 1440/1493 (96.5%) | opt_steps=360/374 | lr=2.12185e-06 | loss_cur=17.0970 | loss_epoch=17.6447 | elapsed=158.9s
2026-09-28 16:16:26,724 [INFO] E001 batch 1493/1493 (100.0%) | opt_steps=373/374 | lr=2.1308e-06 | loss_cur=16.3398 | loss_epoch=17.6141 | elapsed=164.6s
2026-09-28 16:16:26,746 [INFO] E001 val 1/31 (3.2%) | P@10=0.00% | P@20=0.00% | elapsed=0.0s
2026-09-28 16:16:27,434 [INFO] E001 val 31/31 (100.0%) | P@10=38.82% | P@20=60.43% | elapsed=0.7s
2026-09-28 16:16:27,434 [INFO] E001 done | Val P@10: 38.82% | Val P@20: 60.43% | Loss: 17.6141 | opt_steps=374 | elapsed=165.3s | r=4.678
2026-09-28 16:16:27,496 [INFO] NOVO RECORDE: 38.82%
2026-09-28 16:16:27,500 [INFO] E002 start | region=fortaleza | minibatches=1493 | grad_accum=4
2026-09-28 16:16:27,606 [INFO] E002 batch 1/1493 (0.1%) | opt_steps=0/374 | lr=2.1315e-06 | loss_cur=14.4982 | loss_epoch=14.4982 | elapsed=0.1s
2026-09-28 16:16:33,874 [INFO] E002 batch 60/1493 (4.0%) | opt_steps=15/374 | lr=2.14225e-06 | loss_cur=17.1217 | loss_epoch=16.5658 | elapsed=6.4s
2026-09-28 16:16:40,296 [INFO] E002 batch 120/1493 (8.0%) | opt_steps=30/374 | lr=2.15342e-06 | loss_cur=15.7658 | loss_epoch=16.6326 | elapsed=12.8s
2026-09-28 16:16:46,716 [INFO] E002 batch 180/1493 (12.1%) | opt_steps=45/374 | lr=2.16501e-06 | loss_cur=17.5573 | loss_epoch=16.5848 | elapsed=19.2s
2026-09-28 16:16:53,104 [INFO] E002 batch 240/1493 (16.1%) | opt_steps=60/374 | lr=2.17702e-06 | loss_cur=18.0758 | loss_epoch=16.5541 | elapsed=25.6s
2026-09-28 16:16:59,454 [INFO] E002 batch 300/1493 (20.1%) | opt_steps=75/374 | lr=2.18945e-06 | loss_cur=15.8094 | loss_epoch=16.5241 | elapsed=32.0s
2026-09-28 16:17:06,223 [INFO] E002 batch 360/1493 (24.1%) | opt_steps=90/374 | lr=2.2023e-06 | loss_cur=16.2487 | loss_epoch=16.5066 | elapsed=38.7s
2026-09-28 16:17:13,079 [INFO] E002 batch 420/1493 (28.1%) | opt_steps=105/374 | lr=2.21557e-06 | loss_cur=17.2847 | loss_epoch=16.5015 | elapsed=45.6s
2026-09-28 16:17:19,434 [INFO] E002 batch 480/1493 (32.2%) | opt_steps=120/374 | lr=2.22926e-06 | loss_cur=17.0827 | loss_epoch=16.4490 | elapsed=51.9s
2026-09-28 16:17:25,819 [INFO] E002 batch 540/1493 (36.2%) | opt_steps=135/374 | lr=2.24337e-06 | loss_cur=15.1493 | loss_epoch=16.4196 | elapsed=58.3s
2026-09-28 16:17:32,374 [INFO] E002 batch 600/1493 (40.2%) | opt_steps=150/374 | lr=2.2579e-06 | loss_cur=13.9400 | loss_epoch=16.3982 | elapsed=64.9s
2026-09-28 16:17:38,745 [INFO] E002 batch 660/1493 (44.2%) | opt_steps=165/374 | lr=2.27285e-06 | loss_cur=14.2820 | loss_epoch=16.3823 | elapsed=71.2s
2026-09-28 16:17:45,107 [INFO] E002 batch 720/1493 (48.2%) | opt_steps=180/374 | lr=2.28822e-06 | loss_cur=16.4921 | loss_epoch=16.3710 | elapsed=77.6s
2026-09-28 16:17:51,568 [INFO] E002 batch 780/1493 (52.2%) | opt_steps=195/374 | lr=2.304e-06 | loss_cur=17.0887 | loss_epoch=16.3677 | elapsed=84.1s
2026-09-28 16:17:57,956 [INFO] E002 batch 840/1493 (56.3%) | opt_steps=210/374 | lr=2.32021e-06 | loss_cur=17.0745 | loss_epoch=16.3536 | elapsed=90.5s
2026-09-28 16:18:04,438 [INFO] E002 batch 900/1493 (60.3%) | opt_steps=225/374 | lr=2.33683e-06 | loss_cur=16.8644 | loss_epoch=16.3378 | elapsed=96.9s
2026-09-28 16:18:10,896 [INFO] E002 batch 960/1493 (64.3%) | opt_steps=240/374 | lr=2.35387e-06 | loss_cur=16.7247 | loss_epoch=16.3214 | elapsed=103.4s
2026-09-28 16:18:17,407 [INFO] E002 batch 1020/1493 (68.3%) | opt_steps=255/374 | lr=2.37132e-06 | loss_cur=15.9910 | loss_epoch=16.3074 | elapsed=109.9s
2026-09-28 16:18:23,955 [INFO] E002 batch 1080/1493 (72.3%) | opt_steps=270/374 | lr=2.38919e-06 | loss_cur=14.9920 | loss_epoch=16.2895 | elapsed=116.5s
2026-09-28 16:18:30,369 [INFO] E002 batch 1140/1493 (76.4%) | opt_steps=285/374 | lr=2.40748e-06 | loss_cur=16.1044 | loss_epoch=16.2763 | elapsed=122.9s
2026-09-28 16:18:36,805 [INFO] E002 batch 1200/1493 (80.4%) | opt_steps=300/374 | lr=2.42619e-06 | loss_cur=14.9536 | loss_epoch=16.2668 | elapsed=129.3s
2026-09-28 16:18:43,216 [INFO] E002 batch 1260/1493 (84.4%) | opt_steps=315/374 | lr=2.44531e-06 | loss_cur=16.3063 | loss_epoch=16.2470 | elapsed=135.7s
2026-09-28 16:18:49,647 [INFO] E002 batch 1320/1493 (88.4%) | opt_steps=330/374 | lr=2.46485e-06 | loss_cur=16.5457 | loss_epoch=16.2319 | elapsed=142.2s
2026-09-28 16:18:56,545 [INFO] E002 batch 1380/1493 (92.4%) | opt_steps=345/374 | lr=2.4848e-06 | loss_cur=16.3953 | loss_epoch=16.2172 | elapsed=149.0s
2026-09-28 16:19:02,891 [INFO] E002 batch 1440/1493 (96.5%) | opt_steps=360/374 | lr=2.50517e-06 | loss_cur=15.7694 | loss_epoch=16.2021 | elapsed=155.4s
2026-09-28 16:19:08,502 [INFO] E002 batch 1493/1493 (100.0%) | opt_steps=373/374 | lr=2.52315e-06 | loss_cur=17.3629 | loss_epoch=16.1888 | elapsed=161.0s
2026-09-28 16:19:08,521 [INFO] E002 val 1/31 (3.2%) | P@10=0.00% | P@20=0.00% | elapsed=0.0s
2026-09-28 16:19:09,197 [INFO] E002 val 31/31 (100.0%) | P@10=40.00% | P@20=62.19% | elapsed=0.7s
2026-09-28 16:19:09,198 [INFO] E002 done | Val P@10: 40.00% | Val P@20: 62.19% | Loss: 16.1888 | opt_steps=374 | elapsed=161.7s | r=4.354
2026-09-28 16:19:09,222 [INFO] NOVO RECORDE: 40.00%
2026-09-28 16:19:09,224 [INFO] E003 start | region=fortaleza | minibatches=1493 | grad_accum=4
2026-09-28 16:19:09,334 [INFO] E003 batch 1/1493 (0.1%) | opt_steps=0/374 | lr=2.52455e-06 | loss_cur=14.5619 | loss_epoch=14.5619 | elapsed=0.1s
2026-09-28 16:19:15,643 [INFO] E003 batch 60/1493 (4.0%) | opt_steps=15/374 | lr=2.54572e-06 | loss_cur=17.1509 | loss_epoch=15.9074 | elapsed=6.4s
2026-09-28 16:19:22,173 [INFO] E003 batch 120/1493 (8.0%) | opt_steps=30/374 | lr=2.5673e-06 | loss_cur=15.2256 | loss_epoch=15.8514 | elapsed=12.9s
2026-09-28 16:19:28,759 [INFO] E003 batch 180/1493 (12.1%) | opt_steps=45/374 | lr=2.5893e-06 | loss_cur=12.0678 | loss_epoch=15.8162 | elapsed=19.5s
2026-09-28 16:19:35,394 [INFO] E003 batch 240/1493 (16.1%) | opt_steps=60/374 | lr=2.6117e-06 | loss_cur=13.5670 | loss_epoch=15.8176 | elapsed=26.2s
2026-09-28 16:19:41,724 [INFO] E003 batch 300/1493 (20.1%) | opt_steps=75/374 | lr=2.63453e-06 | loss_cur=15.0886 | loss_epoch=15.7799 | elapsed=32.5s
2026-09-28 16:19:45,876 [INFO] E003 batch 360/1493 (24.1%) | opt_steps=90/374 | lr=2.65776e-06 | loss_cur=16.3930 | loss_epoch=15.7710 | elapsed=36.7s
2026-09-28 16:19:49,978 [INFO] E003 batch 420/1493 (28.1%) | opt_steps=105/374 | lr=2.6814e-06 | loss_cur=15.8296 | loss_epoch=15.7608 | elapsed=40.8s
2026-09-28 16:19:53,925 [INFO] E003 batch 480/1493 (32.2%) | opt_steps=120/374 | lr=2.70546e-06 | loss_cur=16.6821 | loss_epoch=15.7504 | elapsed=44.7s
2026-09-28 16:19:58,139 [INFO] E003 batch 540/1493 (36.2%) | opt_steps=135/374 | lr=2.72993e-06 | loss_cur=14.9048 | loss_epoch=15.7431 | elapsed=48.9s
2026-09-28 16:20:02,586 [INFO] E003 batch 600/1493 (40.2%) | opt_steps=150/374 | lr=2.75481e-06 | loss_cur=17.1034 | loss_epoch=15.7270 | elapsed=53.4s
2026-09-28 16:20:06,930 [INFO] E003 batch 660/1493 (44.2%) | opt_steps=165/374 | lr=2.78009e-06 | loss_cur=16.2924 | loss_epoch=15.7135 | elapsed=57.7s
2026-09-28 16:20:10,947 [INFO] E003 batch 720/1493 (48.2%) | opt_steps=180/374 | lr=2.80579e-06 | loss_cur=14.9283 | loss_epoch=15.6917 | elapsed=61.7s
2026-09-28 16:20:14,977 [INFO] E003 batch 780/1493 (52.2%) | opt_steps=195/374 | lr=2.8319e-06 | loss_cur=15.3435 | loss_epoch=15.6527 | elapsed=65.8s
2026-09-28 16:20:19,039 [INFO] E003 batch 840/1493 (56.3%) | opt_steps=210/374 | lr=2.85842e-06 | loss_cur=16.7813 | loss_epoch=15.6570 | elapsed=69.8s
2026-09-28 16:20:23,172 [INFO] E003 batch 900/1493 (60.3%) | opt_steps=225/374 | lr=2.88534e-06 | loss_cur=15.5257 | loss_epoch=15.6611 | elapsed=73.9s
2026-09-28 16:20:27,139 [INFO] E003 batch 960/1493 (64.3%) | opt_steps=240/374 | lr=2.91267e-06 | loss_cur=15.9870 | loss_epoch=15.6583 | elapsed=77.9s
2026-09-28 16:20:32,741 [INFO] E003 batch 1020/1493 (68.3%) | opt_steps=255/374 | lr=2.94041e-06 | loss_cur=16.0345 | loss_epoch=15.6331 | elapsed=83.5s
2026-09-28 16:20:38,016 [INFO] E003 batch 1080/1493 (72.3%) | opt_steps=270/374 | lr=2.96856e-06 | loss_cur=11.2774 | loss_epoch=15.6166 | elapsed=88.8s
2026-09-28 16:20:42,981 [INFO] E003 batch 1140/1493 (76.4%) | opt_steps=285/374 | lr=2.99711e-06 | loss_cur=15.9022 | loss_epoch=15.6078 | elapsed=93.8s
2026-09-28 16:20:47,963 [INFO] E003 batch 1200/1493 (80.4%) | opt_steps=300/374 | lr=3.02607e-06 | loss_cur=15.3060 | loss_epoch=15.6128 | elapsed=98.7s
2026-09-28 16:20:52,740 [INFO] E003 batch 1260/1493 (84.4%) | opt_steps=315/374 | lr=3.05543e-06 | loss_cur=15.8434 | loss_epoch=15.5985 | elapsed=103.5s
2026-09-28 16:20:57,584 [INFO] E003 batch 1320/1493 (88.4%) | opt_steps=330/374 | lr=3.0852e-06 | loss_cur=15.7696 | loss_epoch=15.5914 | elapsed=108.4s
2026-09-28 16:21:02,375 [INFO] E003 batch 1380/1493 (92.4%) | opt_steps=345/374 | lr=3.11537e-06 | loss_cur=15.3262 | loss_epoch=15.5939 | elapsed=113.2s
2026-09-28 16:21:07,228 [INFO] E003 batch 1440/1493 (96.5%) | opt_steps=360/374 | lr=3.14595e-06 | loss_cur=18.1000 | loss_epoch=15.5800 | elapsed=118.0s
2026-09-28 16:21:11,454 [INFO] E003 batch 1493/1493 (100.0%) | opt_steps=373/374 | lr=3.17278e-06 | loss_cur=15.2855 | loss_epoch=15.5699 | elapsed=122.2s
2026-09-28 16:21:11,470 [INFO] E003 val 1/31 (3.2%) | P@10=0.00% | P@20=0.00% | elapsed=0.0s
2026-09-28 16:21:11,974 [INFO] E003 val 31/31 (100.0%) | P@10=39.41% | P@20=62.14% | elapsed=0.5s
2026-09-28 16:21:11,974 [INFO] E003 done | Val P@10: 39.41% | Val P@20: 62.14% | Loss: 15.5699 | opt_steps=374 | elapsed=122.7s | r=3.995
2026-09-28 16:21:11,974 [INFO] E004 start | region=fortaleza | minibatches=1493 | grad_accum=4
2026-09-28 16:21:12,054 [INFO] E004 batch 1/1493 (0.1%) | opt_steps=0/374 | lr=3.17485e-06 | loss_cur=14.6374 | loss_epoch=14.6374 | elapsed=0.1s
2026-09-28 16:21:16,691 [INFO] E004 batch 60/1493 (4.0%) | opt_steps=15/374 | lr=3.20621e-06 | loss_cur=14.2695 | loss_epoch=15.3203 | elapsed=4.7s
2026-09-28 16:21:21,378 [INFO] E004 batch 120/1493 (8.0%) | opt_steps=30/374 | lr=3.23796e-06 | loss_cur=15.9867 | loss_epoch=15.1170 | elapsed=9.4s
2026-09-28 16:21:26,186 [INFO] E004 batch 180/1493 (12.1%) | opt_steps=45/374 | lr=3.27012e-06 | loss_cur=15.4336 | loss_epoch=15.2080 | elapsed=14.2s
2026-09-28 16:21:30,943 [INFO] E004 batch 240/1493 (16.1%) | opt_steps=60/374 | lr=3.30268e-06 | loss_cur=16.3490 | loss_epoch=15.2144 | elapsed=19.0s
2026-09-28 16:21:35,598 [INFO] E004 batch 300/1493 (20.1%) | opt_steps=75/374 | lr=3.33564e-06 | loss_cur=15.6013 | loss_epoch=15.2506 | elapsed=23.6s
2026-09-28 16:21:40,285 [INFO] E004 batch 360/1493 (24.1%) | opt_steps=90/374 | lr=3.36901e-06 | loss_cur=16.7976 | loss_epoch=15.2368 | elapsed=28.3s
2026-09-28 16:21:45,060 [INFO] E004 batch 420/1493 (28.1%) | opt_steps=105/374 | lr=3.40277e-06 | loss_cur=15.9314 | loss_epoch=15.2287 | elapsed=33.1s
2026-09-28 16:21:49,891 [INFO] E004 batch 480/1493 (32.2%) | opt_steps=120/374 | lr=3.43692e-06 | loss_cur=15.8960 | loss_epoch=15.2098 | elapsed=37.9s
2026-09-28 16:21:54,472 [INFO] E004 batch 540/1493 (36.2%) | opt_steps=135/374 | lr=3.47148e-06 | loss_cur=15.2531 | loss_epoch=15.2270 | elapsed=42.5s
2026-09-28 16:21:59,075 [INFO] E004 batch 600/1493 (40.2%) | opt_steps=150/374 | lr=3.50644e-06 | loss_cur=15.9864 | loss_epoch=15.2357 | elapsed=47.1s
2026-09-28 16:22:03,680 [INFO] E004 batch 660/1493 (44.2%) | opt_steps=165/374 | lr=3.54179e-06 | loss_cur=16.0939 | loss_epoch=15.2242 | elapsed=51.7s
2026-09-28 16:22:08,322 [INFO] E004 batch 720/1493 (48.2%) | opt_steps=180/374 | lr=3.57753e-06 | loss_cur=15.2768 | loss_epoch=15.2239 | elapsed=56.3s
2026-09-28 16:22:12,889 [INFO] E004 batch 780/1493 (52.2%) | opt_steps=195/374 | lr=3.61368e-06 | loss_cur=15.4271 | loss_epoch=15.2089 | elapsed=60.9s
2026-09-28 16:22:17,376 [INFO] E004 batch 840/1493 (56.3%) | opt_steps=210/374 | lr=3.65021e-06 | loss_cur=15.9013 | loss_epoch=15.1974 | elapsed=65.4s
2026-09-28 16:22:21,869 [INFO] E004 batch 900/1493 (60.3%) | opt_steps=225/374 | lr=3.68715e-06 | loss_cur=14.8630 | loss_epoch=15.1869 | elapsed=69.9s
2026-09-28 16:22:26,474 [INFO] E004 batch 960/1493 (64.3%) | opt_steps=240/374 | lr=3.72447e-06 | loss_cur=14.4498 | loss_epoch=15.1710 | elapsed=74.5s
2026-09-28 16:22:31,003 [INFO] E004 batch 1020/1493 (68.3%) | opt_steps=255/374 | lr=3.76219e-06 | loss_cur=14.6613 | loss_epoch=15.1568 | elapsed=79.0s
2026-09-28 16:22:35,678 [INFO] E004 batch 1080/1493 (72.3%) | opt_steps=270/374 | lr=3.8003e-06 | loss_cur=16.4266 | loss_epoch=15.1450 | elapsed=83.7s
2026-09-28 16:22:40,841 [INFO] E004 batch 1140/1493 (76.4%) | opt_steps=285/374 | lr=3.8388e-06 | loss_cur=15.6619 | loss_epoch=15.1226 | elapsed=88.9s
2026-09-28 16:22:45,937 [INFO] E004 batch 1200/1493 (80.4%) | opt_steps=300/374 | lr=3.8777e-06 | loss_cur=15.6203 | loss_epoch=15.1244 | elapsed=94.0s
2026-09-28 16:22:50,931 [INFO] E004 batch 1260/1493 (84.4%) | opt_steps=315/374 | lr=3.91698e-06 | loss_cur=15.7163 | loss_epoch=15.1069 | elapsed=99.0s
2026-09-28 16:22:55,564 [INFO] E004 batch 1320/1493 (88.4%) | opt_steps=330/374 | lr=3.95666e-06 | loss_cur=14.9340 | loss_epoch=15.0887 | elapsed=103.6s
2026-09-28 16:23:00,271 [INFO] E004 batch 1380/1493 (92.4%) | opt_steps=345/374 | lr=3.99672e-06 | loss_cur=14.9962 | loss_epoch=15.0679 | elapsed=108.3s
2026-09-28 16:23:04,753 [INFO] E004 batch 1440/1493 (96.5%) | opt_steps=360/374 | lr=4.03717e-06 | loss_cur=12.7839 | loss_epoch=15.0528 | elapsed=112.8s
2026-09-28 16:23:08,850 [INFO] E004 batch 1493/1493 (100.0%) | opt_steps=373/374 | lr=4.07254e-06 | loss_cur=14.6917 | loss_epoch=15.0395 | elapsed=116.9s
2026-09-28 16:23:08,866 [INFO] E004 val 1/31 (3.2%) | P@10=0.00% | P@20=0.00% | elapsed=0.0s
2026-09-28 16:23:09,337 [INFO] E004 val 31/31 (100.0%) | P@10=37.06% | P@20=65.94% | elapsed=0.5s
2026-09-28 16:23:09,337 [INFO] E004 done | Val P@10: 37.06% | Val P@20: 65.94% | Loss: 15.0395 | opt_steps=374 | elapsed=117.4s | r=3.595
2026-09-28 16:23:09,337 [INFO] E005 start | region=fortaleza | minibatches=1493 | grad_accum=4
2026-09-28 16:23:09,421 [INFO] E005 batch 1/1493 (0.1%) | opt_steps=0/374 | lr=4.07527e-06 | loss_cur=15.5534 | loss_epoch=15.5534 | elapsed=0.1s
2026-09-28 16:23:14,017 [INFO] E005 batch 60/1493 (4.0%) | opt_steps=15/374 | lr=4.11647e-06 | loss_cur=15.8398 | loss_epoch=14.7092 | elapsed=4.7s
2026-09-28 16:23:18,804 [INFO] E005 batch 120/1493 (8.0%) | opt_steps=30/374 | lr=4.15806e-06 | loss_cur=15.7744 | loss_epoch=14.6152 | elapsed=9.5s
2026-09-28 16:23:23,525 [INFO] E005 batch 180/1493 (12.1%) | opt_steps=45/374 | lr=4.20003e-06 | loss_cur=14.0505 | loss_epoch=14.5481 | elapsed=14.2s
2026-09-28 16:23:28,496 [INFO] E005 batch 240/1493 (16.1%) | opt_steps=60/374 | lr=4.24238e-06 | loss_cur=15.3994 | loss_epoch=14.6413 | elapsed=19.2s
2026-09-28 16:23:33,129 [INFO] E005 batch 300/1493 (20.1%) | opt_steps=75/374 | lr=4.28512e-06 | loss_cur=15.0131 | loss_epoch=14.6060 | elapsed=23.8s
2026-09-28 16:23:38,032 [INFO] E005 batch 360/1493 (24.1%) | opt_steps=90/374 | lr=4.32825e-06 | loss_cur=15.7155 | loss_epoch=14.6385 | elapsed=28.7s
2026-09-28 16:23:42,586 [INFO] E005 batch 420/1493 (28.1%) | opt_steps=105/374 | lr=4.37175e-06 | loss_cur=14.0595 | loss_epoch=14.6173 | elapsed=33.2s
2026-09-28 16:23:47,246 [INFO] E005 batch 480/1493 (32.2%) | opt_steps=120/374 | lr=4.41564e-06 | loss_cur=15.5261 | loss_epoch=14.6403 | elapsed=37.9s
2026-09-28 16:23:51,832 [INFO] E005 batch 540/1493 (36.2%) | opt_steps=135/374 | lr=4.4599e-06 | loss_cur=14.1144 | loss_epoch=14.6583 | elapsed=42.5s
2026-09-28 16:23:56,412 [INFO] E005 batch 600/1493 (40.2%) | opt_steps=150/374 | lr=4.50455e-06 | loss_cur=14.5184 | loss_epoch=14.6552 | elapsed=47.1s
2026-09-28 16:24:01,252 [INFO] E005 batch 660/1493 (44.2%) | opt_steps=165/374 | lr=4.54958e-06 | loss_cur=12.9933 | loss_epoch=14.6449 | elapsed=51.9s
2026-09-28 16:24:06,081 [INFO] E005 batch 720/1493 (48.2%) | opt_steps=180/374 | lr=4.59498e-06 | loss_cur=15.3334 | loss_epoch=14.6395 | elapsed=56.7s
2026-09-28 16:24:11,140 [INFO] E005 batch 780/1493 (52.2%) | opt_steps=195/374 | lr=4.64077e-06 | loss_cur=14.4060 | loss_epoch=14.6184 | elapsed=61.8s
2026-09-28 16:24:16,145 [INFO] E005 batch 840/1493 (56.3%) | opt_steps=210/374 | lr=4.68692e-06 | loss_cur=12.3015 | loss_epoch=14.6153 | elapsed=66.8s
2026-09-28 16:24:21,124 [INFO] E005 batch 900/1493 (60.3%) | opt_steps=225/374 | lr=4.73346e-06 | loss_cur=14.2934 | loss_epoch=14.5991 | elapsed=71.8s
2026-09-28 16:24:26,203 [INFO] E005 batch 960/1493 (64.3%) | opt_steps=240/374 | lr=4.78037e-06 | loss_cur=14.6343 | loss_epoch=14.5902 | elapsed=76.9s
2026-09-28 16:24:30,860 [INFO] E005 batch 1020/1493 (68.3%) | opt_steps=255/374 | lr=4.82766e-06 | loss_cur=13.0207 | loss_epoch=14.5724 | elapsed=81.5s
2026-09-28 16:24:35,449 [INFO] E005 batch 1080/1493 (72.3%) | opt_steps=270/374 | lr=4.87531e-06 | loss_cur=14.1349 | loss_epoch=14.5774 | elapsed=86.1s
2026-09-28 16:24:40,126 [INFO] E005 batch 1140/1493 (76.4%) | opt_steps=285/374 | lr=4.92335e-06 | loss_cur=13.2963 | loss_epoch=14.5518 | elapsed=90.8s
2026-09-28 16:24:44,870 [INFO] E005 batch 1200/1493 (80.4%) | opt_steps=300/374 | lr=4.97175e-06 | loss_cur=14.5690 | loss_epoch=14.5367 | elapsed=95.5s
2026-09-28 16:24:49,538 [INFO] E005 batch 1260/1493 (84.4%) | opt_steps=315/374 | lr=5.02052e-06 | loss_cur=13.3510 | loss_epoch=14.5371 | elapsed=100.2s
2026-09-28 16:24:54,045 [INFO] E005 batch 1320/1493 (88.4%) | opt_steps=330/374 | lr=5.06967e-06 | loss_cur=15.6152 | loss_epoch=14.5312 | elapsed=104.7s
2026-09-28 16:24:58,838 [INFO] E005 batch 1380/1493 (92.4%) | opt_steps=345/374 | lr=5.11918e-06 | loss_cur=14.9378 | loss_epoch=14.5162 | elapsed=109.5s
2026-09-28 16:25:03,956 [INFO] E005 batch 1440/1493 (96.5%) | opt_steps=360/374 | lr=5.16906e-06 | loss_cur=11.7836 | loss_epoch=14.5070 | elapsed=114.6s
2026-09-28 16:25:08,467 [INFO] E005 batch 1493/1493 (100.0%) | opt_steps=373/374 | lr=5.21259e-06 | loss_cur=12.3209 | loss_epoch=14.4947 | elapsed=119.1s
2026-09-28 16:25:08,483 [INFO] E005 val 1/31 (3.2%) | P@10=0.00% | P@20=0.00% | elapsed=0.0s
2026-09-28 16:25:09,005 [INFO] E005 val 31/31 (100.0%) | P@10=34.12% | P@20=64.28% | elapsed=0.5s
2026-09-28 16:25:09,005 [INFO] E005 done | Val P@10: 34.12% | Val P@20: 64.28% | Loss: 14.4947 | opt_steps=374 | elapsed=119.7s | r=3.166
2026-09-28 16:25:09,005 [INFO] E006 start | region=fortaleza | minibatches=1493 | grad_accum=4
2026-09-28 16:25:09,090 [INFO] E006 batch 1/1493 (0.1%) | opt_steps=0/374 | lr=5.21595e-06 | loss_cur=14.7446 | loss_epoch=14.7446 | elapsed=0.1s
2026-09-28 16:25:14,111 [INFO] E006 batch 60/1493 (4.0%) | opt_steps=15/374 | lr=5.26654e-06 | loss_cur=15.7178 | loss_epoch=14.1126 | elapsed=5.1s
2026-09-28 16:25:19,177 [INFO] E006 batch 120/1493 (8.0%) | opt_steps=30/374 | lr=5.3175e-06 | loss_cur=14.8490 | loss_epoch=14.1460 | elapsed=10.2s
2026-09-28 16:25:24,286 [INFO] E006 batch 180/1493 (12.1%) | opt_steps=45/374 | lr=5.36882e-06 | loss_cur=10.0807 | loss_epoch=14.0399 | elapsed=15.3s
2026-09-28 16:25:29,402 [INFO] E006 batch 240/1493 (16.1%) | opt_steps=60/374 | lr=5.42051e-06 | loss_cur=13.2158 | loss_epoch=14.0599 | elapsed=20.4s
2026-09-28 16:25:34,161 [INFO] E006 batch 300/1493 (20.1%) | opt_steps=75/374 | lr=5.47256e-06 | loss_cur=14.1845 | loss_epoch=14.1022 | elapsed=25.2s
2026-09-28 16:25:38,777 [INFO] E006 batch 360/1493 (24.1%) | opt_steps=90/374 | lr=5.52497e-06 | loss_cur=14.2596 | loss_epoch=14.0827 | elapsed=29.8s
2026-09-28 16:25:43,606 [INFO] E006 batch 420/1493 (28.1%) | opt_steps=105/374 | lr=5.57774e-06 | loss_cur=14.1132 | loss_epoch=14.0909 | elapsed=34.6s
2026-09-28 16:25:48,212 [INFO] E006 batch 480/1493 (32.2%) | opt_steps=120/374 | lr=5.63088e-06 | loss_cur=15.7341 | loss_epoch=14.0687 | elapsed=39.2s
2026-09-28 16:25:52,812 [INFO] E006 batch 540/1493 (36.2%) | opt_steps=135/374 | lr=5.68437e-06 | loss_cur=14.4571 | loss_epoch=14.0525 | elapsed=43.8s
2026-09-28 16:25:57,425 [INFO] E006 batch 600/1493 (40.2%) | opt_steps=150/374 | lr=5.73822e-06 | loss_cur=13.8850 | loss_epoch=14.0669 | elapsed=48.4s
2026-09-28 16:26:01,889 [INFO] E006 batch 660/1493 (44.2%) | opt_steps=165/374 | lr=5.79243e-06 | loss_cur=12.6964 | loss_epoch=14.0450 | elapsed=52.9s
2026-09-28 16:26:06,645 [INFO] E006 batch 720/1493 (48.2%) | opt_steps=180/374 | lr=5.84699e-06 | loss_cur=14.7075 | loss_epoch=14.0434 | elapsed=57.6s
2026-09-28 16:26:11,559 [INFO] E006 batch 780/1493 (52.2%) | opt_steps=195/374 | lr=5.90191e-06 | loss_cur=15.0419 | loss_epoch=14.0263 | elapsed=62.6s
2026-09-28 16:26:16,584 [INFO] E006 batch 840/1493 (56.3%) | opt_steps=210/374 | lr=5.95719e-06 | loss_cur=13.5189 | loss_epoch=14.0179 | elapsed=67.6s
2026-09-28 16:26:21,320 [INFO] E006 batch 900/1493 (60.3%) | opt_steps=225/374 | lr=6.01282e-06 | loss_cur=14.4797 | loss_epoch=13.9873 | elapsed=72.3s
2026-09-28 16:26:25,966 [INFO] E006 batch 960/1493 (64.3%) | opt_steps=240/374 | lr=6.0688e-06 | loss_cur=14.0644 | loss_epoch=13.9949 | elapsed=77.0s
2026-09-28 16:26:30,568 [INFO] E006 batch 1020/1493 (68.3%) | opt_steps=255/374 | lr=6.12513e-06 | loss_cur=15.2557 | loss_epoch=13.9875 | elapsed=81.6s
2026-09-28 16:26:35,072 [INFO] E006 batch 1080/1493 (72.3%) | opt_steps=270/374 | lr=6.18181e-06 | loss_cur=14.5615 | loss_epoch=13.9872 | elapsed=86.1s
2026-09-28 16:26:39,993 [INFO] E006 batch 1140/1493 (76.4%) | opt_steps=285/374 | lr=6.23885e-06 | loss_cur=13.8264 | loss_epoch=13.9701 | elapsed=91.0s
2026-09-28 16:26:44,639 [INFO] E006 batch 1200/1493 (80.4%) | opt_steps=300/374 | lr=6.29623e-06 | loss_cur=13.6465 | loss_epoch=13.9582 | elapsed=95.6s
2026-09-28 16:26:49,299 [INFO] E006 batch 1260/1493 (84.4%) | opt_steps=315/374 | lr=6.35396e-06 | loss_cur=13.6006 | loss_epoch=13.9588 | elapsed=100.3s
2026-09-28 16:26:53,934 [INFO] E006 batch 1320/1493 (88.4%) | opt_steps=330/374 | lr=6.41204e-06 | loss_cur=14.5218 | loss_epoch=13.9559 | elapsed=104.9s
2026-09-28 16:26:58,576 [INFO] E006 batch 1380/1493 (92.4%) | opt_steps=345/374 | lr=6.47046e-06 | loss_cur=14.6910 | loss_epoch=13.9486 | elapsed=109.6s
2026-09-28 16:27:03,106 [INFO] E006 batch 1440/1493 (96.5%) | opt_steps=360/374 | lr=6.52922e-06 | loss_cur=15.0246 | loss_epoch=13.9445 | elapsed=114.1s
2026-09-28 16:27:07,068 [INFO] E006 batch 1493/1493 (100.0%) | opt_steps=373/374 | lr=6.58043e-06 | loss_cur=11.4039 | loss_epoch=13.9373 | elapsed=118.1s
2026-09-28 16:27:07,083 [INFO] E006 val 1/31 (3.2%) | P@10=0.00% | P@20=0.00% | elapsed=0.0s
2026-09-28 16:27:07,537 [INFO] E006 val 31/31 (100.0%) | P@10=32.35% | P@20=64.33% | elapsed=0.5s
2026-09-28 16:27:07,537 [INFO] E006 done | Val P@10: 32.35% | Val P@20: 64.33% | Loss: 13.9373 | opt_steps=374 | elapsed=118.5s | r=2.729
2026-09-28 16:27:07,537 [INFO] E007 start | region=fortaleza | minibatches=1493 | grad_accum=4
2026-09-28 16:27:07,601 [INFO] E007 batch 1/1493 (0.1%) | opt_steps=0/374 | lr=6.58438e-06 | loss_cur=14.6239 | loss_epoch=14.6239 | elapsed=0.1s
2026-09-28 16:27:12,046 [INFO] E007 batch 60/1493 (4.0%) | opt_steps=15/374 | lr=6.64381e-06 | loss_cur=14.0261 | loss_epoch=13.6403 | elapsed=4.5s
2026-09-28 16:27:16,579 [INFO] E007 batch 120/1493 (8.0%) | opt_steps=30/374 | lr=6.70358e-06 | loss_cur=11.4611 | loss_epoch=13.5397 | elapsed=9.0s
2026-09-28 16:27:21,699 [INFO] E007 batch 180/1493 (12.1%) | opt_steps=45/374 | lr=6.76369e-06 | loss_cur=11.7042 | loss_epoch=13.5787 | elapsed=14.2s
2026-09-28 16:27:26,823 [INFO] E007 batch 240/1493 (16.1%) | opt_steps=60/374 | lr=6.82415e-06 | loss_cur=14.8695 | loss_epoch=13.5638 | elapsed=19.3s
2026-09-28 16:27:31,865 [INFO] E007 batch 300/1493 (20.1%) | opt_steps=75/374 | lr=6.88493e-06 | loss_cur=14.5775 | loss_epoch=13.6072 | elapsed=24.3s
2026-09-28 16:27:36,390 [INFO] E007 batch 360/1493 (24.1%) | opt_steps=90/374 | lr=6.94606e-06 | loss_cur=14.1459 | loss_epoch=13.6180 | elapsed=28.9s
2026-09-28 16:27:40,966 [INFO] E007 batch 420/1493 (28.1%) | opt_steps=105/374 | lr=7.00752e-06 | loss_cur=15.2971 | loss_epoch=13.6365 | elapsed=33.4s
2026-09-28 16:27:45,497 [INFO] E007 batch 480/1493 (32.2%) | opt_steps=120/374 | lr=7.06932e-06 | loss_cur=14.4278 | loss_epoch=13.6226 | elapsed=38.0s
2026-09-28 16:27:50,003 [INFO] E007 batch 540/1493 (36.2%) | opt_steps=135/374 | lr=7.13145e-06 | loss_cur=14.3161 | loss_epoch=13.5980 | elapsed=42.5s
2026-09-28 16:27:54,572 [INFO] E007 batch 600/1493 (40.2%) | opt_steps=150/374 | lr=7.19392e-06 | loss_cur=13.1361 | loss_epoch=13.5717 | elapsed=47.0s
2026-09-28 16:27:59,392 [INFO] E007 batch 660/1493 (44.2%) | opt_steps=165/374 | lr=7.25671e-06 | loss_cur=13.7474 | loss_epoch=13.5620 | elapsed=51.9s
2026-09-28 16:28:04,071 [INFO] E007 batch 720/1493 (48.2%) | opt_steps=180/374 | lr=7.31984e-06 | loss_cur=13.6931 | loss_epoch=13.5418 | elapsed=56.5s
2026-09-28 16:28:08,682 [INFO] E007 batch 780/1493 (52.2%) | opt_steps=195/374 | lr=7.3833e-06 | loss_cur=11.6264 | loss_epoch=13.5467 | elapsed=61.1s
2026-09-28 16:28:13,830 [INFO] E007 batch 840/1493 (56.3%) | opt_steps=210/374 | lr=7.44708e-06 | loss_cur=14.3519 | loss_epoch=13.5317 | elapsed=66.3s
2026-09-28 16:28:18,553 [INFO] E007 batch 900/1493 (60.3%) | opt_steps=225/374 | lr=7.5112e-06 | loss_cur=13.1207 | loss_epoch=13.5313 | elapsed=71.0s
2026-09-28 16:28:23,436 [INFO] E007 batch 960/1493 (64.3%) | opt_steps=240/374 | lr=7.57563e-06 | loss_cur=13.6523 | loss_epoch=13.5229 | elapsed=75.9s
2026-09-28 16:28:28,516 [INFO] E007 batch 1020/1493 (68.3%) | opt_steps=255/374 | lr=7.6404e-06 | loss_cur=13.6352 | loss_epoch=13.5243 | elapsed=81.0s
2026-09-28 16:28:33,656 [INFO] E007 batch 1080/1493 (72.3%) | opt_steps=270/374 | lr=7.70549e-06 | loss_cur=14.9429 | loss_epoch=13.5138 | elapsed=86.1s
2026-09-28 16:28:38,771 [INFO] E007 batch 1140/1493 (76.4%) | opt_steps=285/374 | lr=7.7709e-06 | loss_cur=13.8640 | loss_epoch=13.5026 | elapsed=91.2s
2026-09-28 16:28:43,689 [INFO] E007 batch 1200/1493 (80.4%) | opt_steps=300/374 | lr=7.83663e-06 | loss_cur=11.5671 | loss_epoch=13.5004 | elapsed=96.2s
2026-09-28 16:28:48,638 [INFO] E007 batch 1260/1493 (84.4%) | opt_steps=315/374 | lr=7.90268e-06 | loss_cur=14.1989 | loss_epoch=13.4854 | elapsed=101.1s
2026-09-28 16:28:53,435 [INFO] E007 batch 1320/1493 (88.4%) | opt_steps=330/374 | lr=7.96905e-06 | loss_cur=11.7674 | loss_epoch=13.4729 | elapsed=105.9s
2026-09-28 16:28:58,364 [INFO] E007 batch 1380/1493 (92.4%) | opt_steps=345/374 | lr=8.03574e-06 | loss_cur=13.7649 | loss_epoch=13.4607 | elapsed=110.8s
2026-09-28 16:29:03,045 [INFO] E007 batch 1440/1493 (96.5%) | opt_steps=360/374 | lr=8.10275e-06 | loss_cur=14.8896 | loss_epoch=13.4386 | elapsed=115.5s
2026-09-28 16:29:06,993 [INFO] E007 batch 1493/1493 (100.0%) | opt_steps=373/374 | lr=8.16108e-06 | loss_cur=13.7431 | loss_epoch=13.4385 | elapsed=119.5s
2026-09-28 16:29:07,000 [INFO] E007 val 1/31 (3.2%) | P@10=0.00% | P@20=0.00% | elapsed=0.0s
2026-09-28 16:29:07,458 [INFO] E007 val 31/31 (100.0%) | P@10=28.82% | P@20=63.21% | elapsed=0.5s
2026-09-28 16:29:07,458 [INFO] E007 done | Val P@10: 28.82% | Val P@20: 63.21% | Loss: 13.4385 | opt_steps=374 | elapsed=119.9s | r=2.309
2026-09-28 16:29:07,458 [INFO] E008 start | region=fortaleza | minibatches=1493 | grad_accum=4
2026-09-28 16:29:07,532 [INFO] E008 batch 1/1493 (0.1%) | opt_steps=0/374 | lr=8.16557e-06 | loss_cur=12.9913 | loss_epoch=12.9913 | elapsed=0.1s
2026-09-28 16:29:11,961 [INFO] E008 batch 60/1493 (4.0%) | opt_steps=15/374 | lr=8.23319e-06 | loss_cur=13.7941 | loss_epoch=13.3258 | elapsed=4.5s
2026-09-28 16:29:16,427 [INFO] E008 batch 120/1493 (8.0%) | opt_steps=30/374 | lr=8.30112e-06 | loss_cur=12.8258 | loss_epoch=13.2032 | elapsed=9.0s
2026-09-28 16:29:20,886 [INFO] E008 batch 180/1493 (12.1%) | opt_steps=45/374 | lr=8.36936e-06 | loss_cur=13.5663 | loss_epoch=13.1521 | elapsed=13.4s
2026-09-28 16:29:25,341 [INFO] E008 batch 240/1493 (16.1%) | opt_steps=60/374 | lr=8.43791e-06 | loss_cur=13.6292 | loss_epoch=13.1572 | elapsed=17.9s
2026-09-28 16:29:29,827 [INFO] E008 batch 300/1493 (20.1%) | opt_steps=75/374 | lr=8.50678e-06 | loss_cur=13.5962 | loss_epoch=13.1810 | elapsed=22.4s
2026-09-28 16:29:34,314 [INFO] E008 batch 360/1493 (24.1%) | opt_steps=90/374 | lr=8.57595e-06 | loss_cur=14.5229 | loss_epoch=13.1413 | elapsed=26.9s
2026-09-28 16:29:38,944 [INFO] E008 batch 420/1493 (28.1%) | opt_steps=105/374 | lr=8.64543e-06 | loss_cur=13.5302 | loss_epoch=13.1201 | elapsed=31.5s
2026-09-28 16:29:43,562 [INFO] E008 batch 480/1493 (32.2%) | opt_steps=120/374 | lr=8.71521e-06 | loss_cur=11.2521 | loss_epoch=13.1081 | elapsed=36.1s
2026-09-28 16:29:48,383 [INFO] E008 batch 540/1493 (36.2%) | opt_steps=135/374 | lr=8.7853e-06 | loss_cur=12.7879 | loss_epoch=13.1125 | elapsed=40.9s
2026-09-28 16:29:53,140 [INFO] E008 batch 600/1493 (40.2%) | opt_steps=150/374 | lr=8.8557e-06 | loss_cur=13.3140 | loss_epoch=13.1162 | elapsed=45.7s
2026-09-28 16:29:57,951 [INFO] E008 batch 660/1493 (44.2%) | opt_steps=165/374 | lr=8.92639e-06 | loss_cur=13.1619 | loss_epoch=13.1178 | elapsed=50.5s
2026-09-28 16:30:02,764 [INFO] E008 batch 720/1493 (48.2%) | opt_steps=180/374 | lr=8.99739e-06 | loss_cur=12.4281 | loss_epoch=13.0958 | elapsed=55.3s
2026-09-28 16:30:07,387 [INFO] E008 batch 780/1493 (52.2%) | opt_steps=195/374 | lr=9.06869e-06 | loss_cur=13.3134 | loss_epoch=13.0977 | elapsed=59.9s
2026-09-28 16:30:12,360 [INFO] E008 batch 840/1493 (56.3%) | opt_steps=210/374 | lr=9.14028e-06 | loss_cur=12.0618 | loss_epoch=13.0902 | elapsed=64.9s
2026-09-28 16:30:17,417 [INFO] E008 batch 900/1493 (60.3%) | opt_steps=225/374 | lr=9.21218e-06 | loss_cur=13.6858 | loss_epoch=13.0858 | elapsed=70.0s
2026-09-28 16:30:22,511 [INFO] E008 batch 960/1493 (64.3%) | opt_steps=240/374 | lr=9.28437e-06 | loss_cur=13.4436 | loss_epoch=13.0756 | elapsed=75.1s
2026-09-28 16:30:27,606 [INFO] E008 batch 1020/1493 (68.3%) | opt_steps=255/374 | lr=9.35685e-06 | loss_cur=13.2392 | loss_epoch=13.0654 | elapsed=80.1s
2026-09-28 16:30:32,346 [INFO] E008 batch 1080/1493 (72.3%) | opt_steps=270/374 | lr=9.42963e-06 | loss_cur=12.7145 | loss_epoch=13.0384 | elapsed=84.9s
2026-09-28 16:30:36,870 [INFO] E008 batch 1140/1493 (76.4%) | opt_steps=285/374 | lr=9.5027e-06 | loss_cur=13.5882 | loss_epoch=13.0375 | elapsed=89.4s
2026-09-28 16:30:41,374 [INFO] E008 batch 1200/1493 (80.4%) | opt_steps=300/374 | lr=9.57606e-06 | loss_cur=13.9663 | loss_epoch=13.0266 | elapsed=93.9s
2026-09-28 16:30:45,920 [INFO] E008 batch 1260/1493 (84.4%) | opt_steps=315/374 | lr=9.64971e-06 | loss_cur=12.9304 | loss_epoch=13.0148 | elapsed=98.5s
2026-09-28 16:30:50,427 [INFO] E008 batch 1320/1493 (88.4%) | opt_steps=330/374 | lr=9.72365e-06 | loss_cur=13.2262 | loss_epoch=13.0057 | elapsed=103.0s
2026-09-28 16:30:54,920 [INFO] E008 batch 1380/1493 (92.4%) | opt_steps=345/374 | lr=9.79788e-06 | loss_cur=12.4254 | loss_epoch=13.0008 | elapsed=107.5s
2026-09-28 16:30:59,423 [INFO] E008 batch 1440/1493 (96.5%) | opt_steps=360/374 | lr=9.8724e-06 | loss_cur=11.4782 | loss_epoch=12.9998 | elapsed=112.0s
2026-09-28 16:31:03,409 [INFO] E008 batch 1493/1493 (100.0%) | opt_steps=373/374 | lr=9.9372e-06 | loss_cur=12.9577 | loss_epoch=12.9941 | elapsed=116.0s
2026-09-28 16:31:03,424 [INFO] E008 val 1/31 (3.2%) | P@10=0.00% | P@20=0.00% | elapsed=0.0s
2026-09-28 16:31:03,876 [INFO] E008 val 31/31 (100.0%) | P@10=27.06% | P@20=63.21% | elapsed=0.5s
2026-09-28 16:31:03,876 [INFO] E008 done | Val P@10: 27.06% | Val P@20: 63.21% | Loss: 12.9941 | opt_steps=374 | elapsed=116.4s | r=1.926
2026-09-28 16:31:03,886 [INFO] E009 start | region=fortaleza | minibatches=1493 | grad_accum=4
2026-09-28 16:31:03,964 [INFO] E009 batch 1/1493 (0.1%) | opt_steps=0/374 | lr=9.9422e-06 | loss_cur=12.3486 | loss_epoch=12.3486 | elapsed=0.1s
2026-09-28 16:31:08,908 [INFO] E009 batch 60/1493 (4.0%) | opt_steps=15/374 | lr=1.00173e-05 | loss_cur=13.4998 | loss_epoch=12.7677 | elapsed=5.0s
2026-09-28 16:31:13,476 [INFO] E009 batch 120/1493 (8.0%) | opt_steps=30/374 | lr=1.00926e-05 | loss_cur=14.5564 | loss_epoch=12.7810 | elapsed=9.6s
2026-09-28 16:31:18,104 [INFO] E009 batch 180/1493 (12.1%) | opt_steps=45/374 | lr=1.01682e-05 | loss_cur=13.1715 | loss_epoch=12.7369 | elapsed=14.2s
2026-09-28 16:31:22,783 [INFO] E009 batch 240/1493 (16.1%) | opt_steps=60/374 | lr=1.02441e-05 | loss_cur=12.2715 | loss_epoch=12.7236 | elapsed=18.9s
2026-09-28 16:31:27,512 [INFO] E009 batch 300/1493 (20.1%) | opt_steps=75/374 | lr=1.03203e-05 | loss_cur=13.1761 | loss_epoch=12.6844 | elapsed=23.6s
2026-09-28 16:31:32,141 [INFO] E009 batch 360/1493 (24.1%) | opt_steps=90/374 | lr=1.03968e-05 | loss_cur=12.7680 | loss_epoch=12.7260 | elapsed=28.3s
2026-09-28 16:31:36,784 [INFO] E009 batch 420/1493 (28.1%) | opt_steps=105/374 | lr=1.04735e-05 | loss_cur=12.9699 | loss_epoch=12.7137 | elapsed=32.9s
2026-09-28 16:31:41,406 [INFO] E009 batch 480/1493 (32.2%) | opt_steps=120/374 | lr=1.05505e-05 | loss_cur=11.0838 | loss_epoch=12.6996 | elapsed=37.5s
2026-09-28 16:31:46,097 [INFO] E009 batch 540/1493 (36.2%) | opt_steps=135/374 | lr=1.06278e-05 | loss_cur=14.1560 | loss_epoch=12.7143 | elapsed=42.2s
2026-09-28 16:31:50,550 [INFO] E009 batch 600/1493 (40.2%) | opt_steps=150/374 | lr=1.07053e-05 | loss_cur=13.1851 | loss_epoch=12.7050 | elapsed=46.7s
2026-09-28 16:31:55,215 [INFO] E009 batch 660/1493 (44.2%) | opt_steps=165/374 | lr=1.07832e-05 | loss_cur=12.0974 | loss_epoch=12.6989 | elapsed=51.3s
2026-09-28 16:31:59,685 [INFO] E009 batch 720/1493 (48.2%) | opt_steps=180/374 | lr=1.08613e-05 | loss_cur=13.4145 | loss_epoch=12.6895 | elapsed=55.8s
2026-09-28 16:32:04,159 [INFO] E009 batch 780/1493 (52.2%) | opt_steps=195/374 | lr=1.09396e-05 | loss_cur=13.0557 | loss_epoch=12.7064 | elapsed=60.3s
2026-09-28 16:32:08,901 [INFO] E009 batch 840/1493 (56.3%) | opt_steps=210/374 | lr=1.10182e-05 | loss_cur=11.5852 | loss_epoch=12.7154 | elapsed=65.0s
2026-09-28 16:32:13,699 [INFO] E009 batch 900/1493 (60.3%) | opt_steps=225/374 | lr=1.10971e-05 | loss_cur=13.4324 | loss_epoch=12.7039 | elapsed=69.8s
2026-09-28 16:32:18,734 [INFO] E009 batch 960/1493 (64.3%) | opt_steps=240/374 | lr=1.11763e-05 | loss_cur=11.3955 | loss_epoch=12.6995 | elapsed=74.9s
2026-09-28 16:32:23,833 [INFO] E009 batch 1020/1493 (68.3%) | opt_steps=255/374 | lr=1.12557e-05 | loss_cur=10.8732 | loss_epoch=12.6880 | elapsed=80.0s
2026-09-28 16:32:28,879 [INFO] E009 batch 1080/1493 (72.3%) | opt_steps=270/374 | lr=1.13354e-05 | loss_cur=12.0861 | loss_epoch=12.6901 | elapsed=85.0s
2026-09-28 16:32:33,685 [INFO] E009 batch 1140/1493 (76.4%) | opt_steps=285/374 | lr=1.14153e-05 | loss_cur=13.2457 | loss_epoch=12.6888 | elapsed=89.8s
2026-09-28 16:32:38,430 [INFO] E009 batch 1200/1493 (80.4%) | opt_steps=300/374 | lr=1.14955e-05 | loss_cur=13.1975 | loss_epoch=12.6703 | elapsed=94.6s
2026-09-28 16:32:43,128 [INFO] E009 batch 1260/1493 (84.4%) | opt_steps=315/374 | lr=1.15759e-05 | loss_cur=12.6280 | loss_epoch=12.6602 | elapsed=99.3s
2026-09-28 16:32:47,714 [INFO] E009 batch 1320/1493 (88.4%) | opt_steps=330/374 | lr=1.16566e-05 | loss_cur=13.1777 | loss_epoch=12.6596 | elapsed=103.8s
2026-09-28 16:32:52,240 [INFO] E009 batch 1380/1493 (92.4%) | opt_steps=345/374 | lr=1.17376e-05 | loss_cur=13.3070 | loss_epoch=12.6522 | elapsed=108.4s
2026-09-28 16:32:56,754 [INFO] E009 batch 1440/1493 (96.5%) | opt_steps=360/374 | lr=1.18188e-05 | loss_cur=13.2104 | loss_epoch=12.6501 | elapsed=112.9s
2026-09-28 16:33:00,773 [INFO] E009 batch 1493/1493 (100.0%) | opt_steps=373/374 | lr=1.18893e-05 | loss_cur=13.3017 | loss_epoch=12.6420 | elapsed=116.9s
2026-09-28 16:33:00,788 [INFO] E009 val 1/31 (3.2%) | P@10=0.00% | P@20=0.00% | elapsed=0.0s
2026-09-28 16:33:01,231 [INFO] E009 val 31/31 (100.0%) | P@10=25.29% | P@20=57.11% | elapsed=0.4s
2026-09-28 16:33:01,231 [INFO] E009 done | Val P@10: 25.29% | Val P@20: 57.11% | Loss: 12.6420 | opt_steps=374 | elapsed=117.4s | r=1.598
2026-09-28 16:33:01,231 [INFO] E010 start | region=fortaleza | minibatches=1493 | grad_accum=4
2026-09-28 16:33:01,309 [INFO] E010 batch 1/1493 (0.1%) | opt_steps=0/374 | lr=1.18948e-05 | loss_cur=12.7682 | loss_epoch=12.7682 | elapsed=0.1s
2026-09-28 16:33:06,327 [INFO] E010 batch 60/1493 (4.0%) | opt_steps=15/374 | lr=1.19765e-05 | loss_cur=12.4860 | loss_epoch=12.3608 | elapsed=5.1s
2026-09-28 16:33:11,137 [INFO] E010 batch 120/1493 (8.0%) | opt_steps=30/374 | lr=1.20584e-05 | loss_cur=13.3359 | loss_epoch=12.4957 | elapsed=9.9s
2026-09-28 16:33:15,663 [INFO] E010 batch 180/1493 (12.1%) | opt_steps=45/374 | lr=1.21406e-05 | loss_cur=13.1863 | loss_epoch=12.5477 | elapsed=14.4s
2026-09-28 16:33:20,156 [INFO] E010 batch 240/1493 (16.1%) | opt_steps=60/374 | lr=1.2223e-05 | loss_cur=12.8307 | loss_epoch=12.5222 | elapsed=18.9s
2026-09-28 16:33:24,641 [INFO] E010 batch 300/1493 (20.1%) | opt_steps=75/374 | lr=1.23057e-05 | loss_cur=11.4388 | loss_epoch=12.4493 | elapsed=23.4s
2026-09-28 16:33:29,401 [INFO] E010 batch 360/1493 (24.1%) | opt_steps=90/374 | lr=1.23886e-05 | loss_cur=13.3861 | loss_epoch=12.4423 | elapsed=28.2s
2026-09-28 16:33:34,028 [INFO] E010 batch 420/1493 (28.1%) | opt_steps=105/374 | lr=1.24717e-05 | loss_cur=9.1006 | loss_epoch=12.3930 | elapsed=32.8s
2026-09-28 16:33:38,561 [INFO] E010 batch 480/1493 (32.2%) | opt_steps=120/374 | lr=1.25551e-05 | loss_cur=12.2496 | loss_epoch=12.3875 | elapsed=37.3s
2026-09-28 16:33:43,192 [INFO] E010 batch 540/1493 (36.2%) | opt_steps=135/374 | lr=1.26387e-05 | loss_cur=13.6593 | loss_epoch=12.3864 | elapsed=42.0s
2026-09-28 16:33:47,761 [INFO] E010 batch 600/1493 (40.2%) | opt_steps=150/374 | lr=1.27226e-05 | loss_cur=13.4333 | loss_epoch=12.3778 | elapsed=46.5s
2026-09-28 16:33:52,302 [INFO] E010 batch 660/1493 (44.2%) | opt_steps=165/374 | lr=1.28067e-05 | loss_cur=10.1714 | loss_epoch=12.3831 | elapsed=51.1s
2026-09-28 16:33:56,855 [INFO] E010 batch 720/1493 (48.2%) | opt_steps=180/374 | lr=1.2891e-05 | loss_cur=11.7200 | loss_epoch=12.3905 | elapsed=55.6s
2026-09-28 16:34:01,443 [INFO] E010 batch 780/1493 (52.2%) | opt_steps=195/374 | lr=1.29756e-05 | loss_cur=9.9615 | loss_epoch=12.3973 | elapsed=60.2s
2026-09-28 16:34:06,022 [INFO] E010 batch 840/1493 (56.3%) | opt_steps=210/374 | lr=1.30604e-05 | loss_cur=12.9817 | loss_epoch=12.3862 | elapsed=64.8s
2026-09-28 16:34:10,942 [INFO] E010 batch 900/1493 (60.3%) | opt_steps=225/374 | lr=1.31454e-05 | loss_cur=14.0872 | loss_epoch=12.3636 | elapsed=69.7s
2026-09-28 16:34:15,760 [INFO] E010 batch 960/1493 (64.3%) | opt_steps=240/374 | lr=1.32306e-05 | loss_cur=8.4273 | loss_epoch=12.3508 | elapsed=74.5s
2026-09-28 16:34:20,264 [INFO] E010 batch 1020/1493 (68.3%) | opt_steps=255/374 | lr=1.33161e-05 | loss_cur=12.5561 | loss_epoch=12.3454 | elapsed=79.0s
2026-09-28 16:34:24,767 [INFO] E010 batch 1080/1493 (72.3%) | opt_steps=270/374 | lr=1.34018e-05 | loss_cur=12.7504 | loss_epoch=12.3507 | elapsed=83.5s
2026-09-28 16:34:29,284 [INFO] E010 batch 1140/1493 (76.4%) | opt_steps=285/374 | lr=1.34877e-05 | loss_cur=11.1151 | loss_epoch=12.3500 | elapsed=88.1s
2026-09-28 16:34:33,794 [INFO] E010 batch 1200/1493 (80.4%) | opt_steps=300/374 | lr=1.35738e-05 | loss_cur=13.3895 | loss_epoch=12.3395 | elapsed=92.6s
2026-09-28 16:34:38,321 [INFO] E010 batch 1260/1493 (84.4%) | opt_steps=315/374 | lr=1.36602e-05 | loss_cur=12.8504 | loss_epoch=12.3432 | elapsed=97.1s
2026-09-28 16:34:42,951 [INFO] E010 batch 1320/1493 (88.4%) | opt_steps=330/374 | lr=1.37468e-05 | loss_cur=13.4964 | loss_epoch=12.3436 | elapsed=101.7s
2026-09-28 16:34:47,641 [INFO] E010 batch 1380/1493 (92.4%) | opt_steps=345/374 | lr=1.38335e-05 | loss_cur=13.0097 | loss_epoch=12.3425 | elapsed=106.4s
2026-09-28 16:34:52,378 [INFO] E010 batch 1440/1493 (96.5%) | opt_steps=360/374 | lr=1.39205e-05 | loss_cur=12.3752 | loss_epoch=12.3519 | elapsed=111.1s
2026-09-28 16:34:56,552 [INFO] E010 batch 1493/1493 (100.0%) | opt_steps=373/374 | lr=1.39961e-05 | loss_cur=12.7254 | loss_epoch=12.3512 | elapsed=115.3s
2026-09-28 16:34:56,568 [INFO] E010 val 1/31 (3.2%) | P@10=0.00% | P@20=0.00% | elapsed=0.0s
2026-09-28 16:34:57,036 [INFO] E010 val 31/31 (100.0%) | P@10=28.82% | P@20=62.09% | elapsed=0.5s
2026-09-28 16:34:57,036 [INFO] E010 done | Val P@10: 28.82% | Val P@20: 62.09% | Loss: 12.3512 | opt_steps=374 | elapsed=115.8s | r=1.328
2026-09-28 16:34:57,036 [INFO] E011 start | region=fortaleza | minibatches=1493 | grad_accum=4
2026-09-28 16:34:57,100 [INFO] E011 batch 1/1493 (0.1%) | opt_steps=0/374 | lr=1.40019e-05 | loss_cur=12.2448 | loss_epoch=12.2448 | elapsed=0.1s
2026-09-28 16:35:01,705 [INFO] E011 batch 60/1493 (4.0%) | opt_steps=15/374 | lr=1.40894e-05 | loss_cur=11.9890 | loss_epoch=12.3470 | elapsed=4.7s
2026-09-28 16:35:06,784 [INFO] E011 batch 120/1493 (8.0%) | opt_steps=30/374 | lr=1.4177e-05 | loss_cur=9.1312 | loss_epoch=12.2730 | elapsed=9.7s
2026-09-28 16:35:11,942 [INFO] E011 batch 180/1493 (12.1%) | opt_steps=45/374 | lr=1.42648e-05 | loss_cur=12.3932 | loss_epoch=12.1798 | elapsed=14.9s
2026-09-28 16:35:16,966 [INFO] E011 batch 240/1493 (16.1%) | opt_steps=60/374 | lr=1.43528e-05 | loss_cur=13.1447 | loss_epoch=12.1213 | elapsed=19.9s
2026-09-28 16:35:22,102 [INFO] E011 batch 300/1493 (20.1%) | opt_steps=75/374 | lr=1.44411e-05 | loss_cur=8.5093 | loss_epoch=12.1167 | elapsed=25.1s
2026-09-28 16:35:27,255 [INFO] E011 batch 360/1493 (24.1%) | opt_steps=90/374 | lr=1.45295e-05 | loss_cur=13.3958 | loss_epoch=12.1072 | elapsed=30.2s
2026-09-28 16:35:32,402 [INFO] E011 batch 420/1493 (28.1%) | opt_steps=105/374 | lr=1.46182e-05 | loss_cur=12.8705 | loss_epoch=12.0913 | elapsed=35.4s
2026-09-28 16:35:37,540 [INFO] E011 batch 480/1493 (32.2%) | opt_steps=120/374 | lr=1.4707e-05 | loss_cur=14.0434 | loss_epoch=12.1145 | elapsed=40.5s
2026-09-28 16:35:42,556 [INFO] E011 batch 540/1493 (36.2%) | opt_steps=135/374 | lr=1.47961e-05 | loss_cur=12.0815 | loss_epoch=12.1195 | elapsed=45.5s
2026-09-28 16:35:47,157 [INFO] E011 batch 600/1493 (40.2%) | opt_steps=150/374 | lr=1.48853e-05 | loss_cur=11.8655 | loss_epoch=12.1174 | elapsed=50.1s
2026-09-28 16:35:51,737 [INFO] E011 batch 660/1493 (44.2%) | opt_steps=165/374 | lr=1.49748e-05 | loss_cur=12.0702 | loss_epoch=12.1259 | elapsed=54.7s
2026-09-28 16:35:56,830 [INFO] E011 batch 720/1493 (48.2%) | opt_steps=180/374 | lr=1.50644e-05 | loss_cur=11.4449 | loss_epoch=12.1304 | elapsed=59.8s
2026-09-28 16:36:01,446 [INFO] E011 batch 780/1493 (52.2%) | opt_steps=195/374 | lr=1.51543e-05 | loss_cur=10.9763 | loss_epoch=12.1153 | elapsed=64.4s
2026-09-28 16:36:05,998 [INFO] E011 batch 840/1493 (56.3%) | opt_steps=210/374 | lr=1.52443e-05 | loss_cur=6.9977 | loss_epoch=12.1196 | elapsed=69.0s
2026-09-28 16:36:10,526 [INFO] E011 batch 900/1493 (60.3%) | opt_steps=225/374 | lr=1.53345e-05 | loss_cur=8.8287 | loss_epoch=12.1126 | elapsed=73.5s
2026-09-28 16:36:15,044 [INFO] E011 batch 960/1493 (64.3%) | opt_steps=240/374 | lr=1.54249e-05 | loss_cur=13.7085 | loss_epoch=12.1165 | elapsed=78.0s
2026-09-28 16:36:19,746 [INFO] E011 batch 1020/1493 (68.3%) | opt_steps=255/374 | lr=1.55155e-05 | loss_cur=12.3661 | loss_epoch=12.1143 | elapsed=82.7s
2026-09-28 16:36:24,405 [INFO] E011 batch 1080/1493 (72.3%) | opt_steps=270/374 | lr=1.56063e-05 | loss_cur=13.0462 | loss_epoch=12.1237 | elapsed=87.4s
2026-09-28 16:36:28,943 [INFO] E011 batch 1140/1493 (76.4%) | opt_steps=285/374 | lr=1.56972e-05 | loss_cur=11.7750 | loss_epoch=12.1295 | elapsed=91.9s
2026-09-28 16:36:33,557 [INFO] E011 batch 1200/1493 (80.4%) | opt_steps=300/374 | lr=1.57884e-05 | loss_cur=11.3156 | loss_epoch=12.1136 | elapsed=96.5s
2026-09-28 16:36:38,342 [INFO] E011 batch 1260/1493 (84.4%) | opt_steps=315/374 | lr=1.58797e-05 | loss_cur=12.7583 | loss_epoch=12.1055 | elapsed=101.3s
2026-09-28 16:36:43,205 [INFO] E011 batch 1320/1493 (88.4%) | opt_steps=330/374 | lr=1.59712e-05 | loss_cur=12.1793 | loss_epoch=12.1056 | elapsed=106.2s
2026-09-28 16:36:48,349 [INFO] E011 batch 1380/1493 (92.4%) | opt_steps=345/374 | lr=1.60628e-05 | loss_cur=12.1402 | loss_epoch=12.1077 | elapsed=111.3s
2026-09-28 16:36:53,477 [INFO] E011 batch 1440/1493 (96.5%) | opt_steps=360/374 | lr=1.61547e-05 | loss_cur=11.6168 | loss_epoch=12.1040 | elapsed=116.4s
2026-09-28 16:36:58,084 [INFO] E011 batch 1493/1493 (100.0%) | opt_steps=373/374 | lr=1.62344e-05 | loss_cur=13.2541 | loss_epoch=12.1027 | elapsed=121.0s
2026-09-28 16:36:58,091 [INFO] E011 val 1/31 (3.2%) | P@10=0.00% | P@20=0.00% | elapsed=0.0s
2026-09-28 16:36:58,593 [INFO] E011 val 31/31 (100.0%) | P@10=27.65% | P@20=57.70% | elapsed=0.5s
2026-09-28 16:36:58,593 [INFO] E011 done | Val P@10: 27.65% | Val P@20: 57.70% | Loss: 12.1027 | opt_steps=374 | elapsed=121.6s | r=1.120
2026-09-28 16:36:58,609 [INFO] E012 start | region=fortaleza | minibatches=1493 | grad_accum=4
2026-09-28 16:36:58,688 [INFO] E012 batch 1/1493 (0.1%) | opt_steps=0/374 | lr=1.62406e-05 | loss_cur=11.8119 | loss_epoch=11.8119 | elapsed=0.1s
2026-09-28 16:37:03,764 [INFO] E012 batch 60/1493 (4.0%) | opt_steps=15/374 | lr=1.63328e-05 | loss_cur=9.1287 | loss_epoch=11.9126 | elapsed=5.2s
2026-09-28 16:37:08,949 [INFO] E012 batch 120/1493 (8.0%) | opt_steps=30/374 | lr=1.64251e-05 | loss_cur=8.7442 | loss_epoch=11.9884 | elapsed=10.4s
2026-09-28 16:37:14,099 [INFO] E012 batch 180/1493 (12.1%) | opt_steps=45/374 | lr=1.65176e-05 | loss_cur=12.7043 | loss_epoch=12.0213 | elapsed=15.5s
2026-09-28 16:37:19,226 [INFO] E012 batch 240/1493 (16.1%) | opt_steps=60/374 | lr=1.66103e-05 | loss_cur=12.1092 | loss_epoch=12.0642 | elapsed=20.6s
2026-09-28 16:37:24,399 [INFO] E012 batch 300/1493 (20.1%) | opt_steps=75/374 | lr=1.67032e-05 | loss_cur=12.6517 | loss_epoch=12.0686 | elapsed=25.8s
2026-09-28 16:37:29,441 [INFO] E012 batch 360/1493 (24.1%) | opt_steps=90/374 | lr=1.67962e-05 | loss_cur=12.5191 | loss_epoch=12.0816 | elapsed=30.8s
2026-09-28 16:37:34,515 [INFO] E012 batch 420/1493 (28.1%) | opt_steps=105/374 | lr=1.68894e-05 | loss_cur=9.0117 | loss_epoch=12.0658 | elapsed=35.9s
2026-09-28 16:37:39,578 [INFO] E012 batch 480/1493 (32.2%) | opt_steps=120/374 | lr=1.69827e-05 | loss_cur=12.9066 | loss_epoch=12.0668 | elapsed=41.0s
2026-09-28 16:37:44,316 [INFO] E012 batch 540/1493 (36.2%) | opt_steps=135/374 | lr=1.70762e-05 | loss_cur=11.9657 | loss_epoch=12.0360 | elapsed=45.7s
2026-09-28 16:37:49,076 [INFO] E012 batch 600/1493 (40.2%) | opt_steps=150/374 | lr=1.71699e-05 | loss_cur=11.6260 | loss_epoch=12.0259 | elapsed=50.5s
2026-09-28 16:37:53,944 [INFO] E012 batch 660/1493 (44.2%) | opt_steps=165/374 | lr=1.72637e-05 | loss_cur=12.5289 | loss_epoch=11.9936 | elapsed=55.4s
2026-09-28 16:37:58,687 [INFO] E012 batch 720/1493 (48.2%) | opt_steps=180/374 | lr=1.73577e-05 | loss_cur=13.0650 | loss_epoch=11.9799 | elapsed=60.1s
2026-09-28 16:38:03,411 [INFO] E012 batch 780/1493 (52.2%) | opt_steps=195/374 | lr=1.74518e-05 | loss_cur=13.0339 | loss_epoch=11.9827 | elapsed=64.8s
2026-09-28 16:38:08,119 [INFO] E012 batch 840/1493 (56.3%) | opt_steps=210/374 | lr=1.75461e-05 | loss_cur=11.4381 | loss_epoch=11.9938 | elapsed=69.5s
2026-09-28 16:38:12,924 [INFO] E012 batch 900/1493 (60.3%) | opt_steps=225/374 | lr=1.76405e-05 | loss_cur=13.0879 | loss_epoch=11.9931 | elapsed=74.3s
2026-09-28 16:38:17,619 [INFO] E012 batch 960/1493 (64.3%) | opt_steps=240/374 | lr=1.77351e-05 | loss_cur=12.5725 | loss_epoch=11.9682 | elapsed=79.0s
2026-09-28 16:38:22,315 [INFO] E012 batch 1020/1493 (68.3%) | opt_steps=255/374 | lr=1.78298e-05 | loss_cur=12.1631 | loss_epoch=11.9700 | elapsed=83.7s
2026-09-28 16:38:26,937 [INFO] E012 batch 1080/1493 (72.3%) | opt_steps=270/374 | lr=1.79246e-05 | loss_cur=11.8301 | loss_epoch=11.9523 | elapsed=88.3s
2026-09-28 16:38:31,799 [INFO] E012 batch 1140/1493 (76.4%) | opt_steps=285/374 | lr=1.80196e-05 | loss_cur=11.9303 | loss_epoch=11.9664 | elapsed=93.2s
2026-09-28 16:38:36,701 [INFO] E012 batch 1200/1493 (80.4%) | opt_steps=300/374 | lr=1.81148e-05 | loss_cur=12.7704 | loss_epoch=11.9756 | elapsed=98.1s
2026-09-28 16:38:41,429 [INFO] E012 batch 1260/1493 (84.4%) | opt_steps=315/374 | lr=1.82101e-05 | loss_cur=11.9143 | loss_epoch=11.9529 | elapsed=102.8s
2026-09-28 16:38:46,292 [INFO] E012 batch 1320/1493 (88.4%) | opt_steps=330/374 | lr=1.83055e-05 | loss_cur=12.9668 | loss_epoch=11.9377 | elapsed=107.7s
2026-09-28 16:38:51,242 [INFO] E012 batch 1380/1493 (92.4%) | opt_steps=345/374 | lr=1.8401e-05 | loss_cur=9.9381 | loss_epoch=11.9126 | elapsed=112.6s
2026-09-28 16:38:56,108 [INFO] E012 batch 1440/1493 (96.5%) | opt_steps=360/374 | lr=1.84967e-05 | loss_cur=13.3478 | loss_epoch=11.9093 | elapsed=117.5s
2026-09-28 16:39:00,410 [INFO] E012 batch 1493/1493 (100.0%) | opt_steps=373/374 | lr=1.85798e-05 | loss_cur=12.8368 | loss_epoch=11.9101 | elapsed=121.8s
2026-09-28 16:39:00,426 [INFO] E012 val 1/31 (3.2%) | P@10=0.00% | P@20=0.00% | elapsed=0.0s
2026-09-28 16:39:00,910 [INFO] E012 val 31/31 (100.0%) | P@10=24.12% | P@20=42.25% | elapsed=0.5s
2026-09-28 16:39:00,910 [INFO] E012 done | Val P@10: 24.12% | Val P@20: 42.25% | Loss: 11.9101 | opt_steps=374 | elapsed=122.3s | r=0.964
2026-09-28 16:39:00,910 [INFO] E013 start | region=fortaleza | minibatches=1493 | grad_accum=4
2026-09-28 16:39:00,993 [INFO] E013 batch 1/1493 (0.1%) | opt_steps=0/374 | lr=1.85861e-05 | loss_cur=13.0097 | loss_epoch=13.0097 | elapsed=0.1s
2026-09-28 16:39:05,738 [INFO] E013 batch 60/1493 (4.0%) | opt_steps=15/374 | lr=1.86821e-05 | loss_cur=11.7561 | loss_epoch=11.9058 | elapsed=4.8s
2026-09-28 16:39:10,670 [INFO] E013 batch 120/1493 (8.0%) | opt_steps=30/374 | lr=1.87782e-05 | loss_cur=9.5244 | loss_epoch=11.7672 | elapsed=9.8s
2026-09-28 16:39:15,710 [INFO] E013 batch 180/1493 (12.1%) | opt_steps=45/374 | lr=1.88744e-05 | loss_cur=13.0307 | loss_epoch=11.7505 | elapsed=14.8s
2026-09-28 16:39:20,546 [INFO] E013 batch 240/1493 (16.1%) | opt_steps=60/374 | lr=1.89707e-05 | loss_cur=9.3805 | loss_epoch=11.7102 | elapsed=19.6s
2026-09-28 16:39:25,210 [INFO] E013 batch 300/1493 (20.1%) | opt_steps=75/374 | lr=1.90671e-05 | loss_cur=12.8169 | loss_epoch=11.7596 | elapsed=24.3s
2026-09-28 16:39:29,993 [INFO] E013 batch 360/1493 (24.1%) | opt_steps=90/374 | lr=1.91637e-05 | loss_cur=10.9548 | loss_epoch=11.7237 | elapsed=29.1s
2026-09-28 16:39:34,848 [INFO] E013 batch 420/1493 (28.1%) | opt_steps=105/374 | lr=1.92604e-05 | loss_cur=12.8194 | loss_epoch=11.7705 | elapsed=33.9s
2026-09-28 16:39:39,861 [INFO] E013 batch 480/1493 (32.2%) | opt_steps=120/374 | lr=1.93572e-05 | loss_cur=11.3392 | loss_epoch=11.7869 | elapsed=39.0s
2026-09-28 16:39:44,636 [INFO] E013 batch 540/1493 (36.2%) | opt_steps=135/374 | lr=1.94541e-05 | loss_cur=12.3149 | loss_epoch=11.7930 | elapsed=43.7s
2026-09-28 16:39:49,613 [INFO] E013 batch 600/1493 (40.2%) | opt_steps=150/374 | lr=1.95512e-05 | loss_cur=12.4821 | loss_epoch=11.8155 | elapsed=48.7s
2026-09-28 16:39:54,712 [INFO] E013 batch 660/1493 (44.2%) | opt_steps=165/374 | lr=1.96483e-05 | loss_cur=12.6568 | loss_epoch=11.8306 | elapsed=53.8s
2026-09-28 16:39:59,589 [INFO] E013 batch 720/1493 (48.2%) | opt_steps=180/374 | lr=1.97456e-05 | loss_cur=10.3610 | loss_epoch=11.8201 | elapsed=58.7s
2026-09-28 16:40:04,482 [INFO] E013 batch 780/1493 (52.2%) | opt_steps=195/374 | lr=1.9843e-05 | loss_cur=11.9838 | loss_epoch=11.8100 | elapsed=63.6s
2026-09-28 16:40:09,473 [INFO] E013 batch 840/1493 (56.3%) | opt_steps=210/374 | lr=1.99405e-05 | loss_cur=13.0490 | loss_epoch=11.8169 | elapsed=68.6s
2026-09-28 16:40:14,502 [INFO] E013 batch 900/1493 (60.3%) | opt_steps=225/374 | lr=2.00381e-05 | loss_cur=12.6585 | loss_epoch=11.8004 | elapsed=73.6s
2026-09-28 16:40:19,069 [INFO] E013 batch 960/1493 (64.3%) | opt_steps=240/374 | lr=2.01358e-05 | loss_cur=13.1361 | loss_epoch=11.8076 | elapsed=78.2s
2026-09-28 16:40:23,634 [INFO] E013 batch 1020/1493 (68.3%) | opt_steps=255/374 | lr=2.02336e-05 | loss_cur=12.9991 | loss_epoch=11.8075 | elapsed=82.7s
2026-09-28 16:40:28,580 [INFO] E013 batch 1080/1493 (72.3%) | opt_steps=270/374 | lr=2.03315e-05 | loss_cur=11.9970 | loss_epoch=11.8140 | elapsed=87.7s
2026-09-28 16:40:33,526 [INFO] E013 batch 1140/1493 (76.4%) | opt_steps=285/374 | lr=2.04295e-05 | loss_cur=12.8359 | loss_epoch=11.8162 | elapsed=92.6s
2026-09-28 16:40:38,114 [INFO] E013 batch 1200/1493 (80.4%) | opt_steps=300/374 | lr=2.05276e-05 | loss_cur=10.0349 | loss_epoch=11.8011 | elapsed=97.2s
2026-09-28 16:40:42,977 [INFO] E013 batch 1260/1493 (84.4%) | opt_steps=315/374 | lr=2.06258e-05 | loss_cur=13.2513 | loss_epoch=11.7991 | elapsed=102.1s
2026-09-28 16:40:47,826 [INFO] E013 batch 1320/1493 (88.4%) | opt_steps=330/374 | lr=2.07241e-05 | loss_cur=12.4240 | loss_epoch=11.7926 | elapsed=106.9s
2026-09-28 16:40:52,701 [INFO] E013 batch 1380/1493 (92.4%) | opt_steps=345/374 | lr=2.08225e-05 | loss_cur=12.3774 | loss_epoch=11.7812 | elapsed=111.8s
2026-09-28 16:40:57,448 [INFO] E013 batch 1440/1493 (96.5%) | opt_steps=360/374 | lr=2.0921e-05 | loss_cur=5.2952 | loss_epoch=11.7718 | elapsed=116.5s
2026-09-28 16:41:01,582 [INFO] E013 batch 1493/1493 (100.0%) | opt_steps=373/374 | lr=2.10064e-05 | loss_cur=12.1277 | loss_epoch=11.7773 | elapsed=120.7s
2026-09-28 16:41:01,597 [INFO] E013 val 1/31 (3.2%) | P@10=0.00% | P@20=0.00% | elapsed=0.0s
2026-09-28 16:41:02,051 [INFO] E013 val 31/31 (100.0%) | P@10=21.76% | P@20=48.93% | elapsed=0.5s
2026-09-28 16:41:02,051 [INFO] E013 done | Val P@10: 21.76% | Val P@20: 48.93% | Loss: 11.7773 | opt_steps=374 | elapsed=121.1s | r=0.848
2026-09-28 16:41:02,051 [INFO] E014 start | region=fortaleza | minibatches=1493 | grad_accum=4
2026-09-28 16:41:02,130 [INFO] E014 batch 1/1493 (0.1%) | opt_steps=0/374 | lr=2.1013e-05 | loss_cur=12.1355 | loss_epoch=12.1355 | elapsed=0.1s
2026-09-28 16:41:06,716 [INFO] E014 batch 60/1493 (4.0%) | opt_steps=15/374 | lr=2.11116e-05 | loss_cur=9.1463 | loss_epoch=11.6636 | elapsed=4.7s
2026-09-28 16:41:11,323 [INFO] E014 batch 120/1493 (8.0%) | opt_steps=30/374 | lr=2.12104e-05 | loss_cur=12.5168 | loss_epoch=11.3870 | elapsed=9.3s
2026-09-28 16:41:15,974 [INFO] E014 batch 180/1493 (12.1%) | opt_steps=45/374 | lr=2.13092e-05 | loss_cur=12.7471 | loss_epoch=11.5465 | elapsed=13.9s
2026-09-28 16:41:20,826 [INFO] E014 batch 240/1493 (16.1%) | opt_steps=60/374 | lr=2.14081e-05 | loss_cur=12.2597 | loss_epoch=11.6016 | elapsed=18.8s
2026-09-28 16:41:25,536 [INFO] E014 batch 300/1493 (20.1%) | opt_steps=75/374 | lr=2.15071e-05 | loss_cur=12.4495 | loss_epoch=11.6024 | elapsed=23.5s
2026-09-28 16:41:30,201 [INFO] E014 batch 360/1493 (24.1%) | opt_steps=90/374 | lr=2.16061e-05 | loss_cur=13.0195 | loss_epoch=11.6369 | elapsed=28.2s
2026-09-28 16:41:34,782 [INFO] E014 batch 420/1493 (28.1%) | opt_steps=105/374 | lr=2.17053e-05 | loss_cur=7.9844 | loss_epoch=11.6246 | elapsed=32.7s
2026-09-28 16:41:39,319 [INFO] E014 batch 480/1493 (32.2%) | opt_steps=120/374 | lr=2.18045e-05 | loss_cur=12.8303 | loss_epoch=11.6492 | elapsed=37.3s
2026-09-28 16:41:43,930 [INFO] E014 batch 540/1493 (36.2%) | opt_steps=135/374 | lr=2.19038e-05 | loss_cur=12.8744 | loss_epoch=11.6783 | elapsed=41.9s
2026-09-28 16:41:48,592 [INFO] E014 batch 600/1493 (40.2%) | opt_steps=150/374 | lr=2.20032e-05 | loss_cur=13.5683 | loss_epoch=11.6355 | elapsed=46.5s
2026-09-28 16:41:53,191 [INFO] E014 batch 660/1493 (44.2%) | opt_steps=165/374 | lr=2.21026e-05 | loss_cur=12.1083 | loss_epoch=11.6131 | elapsed=51.1s
2026-09-28 16:41:57,733 [INFO] E014 batch 720/1493 (48.2%) | opt_steps=180/374 | lr=2.22021e-05 | loss_cur=12.6149 | loss_epoch=11.6057 | elapsed=55.7s
2026-09-28 16:42:02,363 [INFO] E014 batch 780/1493 (52.2%) | opt_steps=195/374 | lr=2.23017e-05 | loss_cur=12.7611 | loss_epoch=11.6297 | elapsed=60.3s
2026-09-28 16:42:06,992 [INFO] E014 batch 840/1493 (56.3%) | opt_steps=210/374 | lr=2.24013e-05 | loss_cur=12.9072 | loss_epoch=11.6400 | elapsed=64.9s
2026-09-28 16:42:11,650 [INFO] E014 batch 900/1493 (60.3%) | opt_steps=225/374 | lr=2.2501e-05 | loss_cur=12.6450 | loss_epoch=11.6612 | elapsed=69.6s
2026-09-28 16:42:16,245 [INFO] E014 batch 960/1493 (64.3%) | opt_steps=240/374 | lr=2.26008e-05 | loss_cur=11.7474 | loss_epoch=11.6418 | elapsed=74.2s
2026-09-28 16:42:20,827 [INFO] E014 batch 1020/1493 (68.3%) | opt_steps=255/374 | lr=2.27006e-05 | loss_cur=13.0939 | loss_epoch=11.6258 | elapsed=78.8s
2026-09-28 16:42:25,521 [INFO] E014 batch 1080/1493 (72.3%) | opt_steps=270/374 | lr=2.28005e-05 | loss_cur=12.6259 | loss_epoch=11.6370 | elapsed=83.5s
2026-09-28 16:42:30,314 [INFO] E014 batch 1140/1493 (76.4%) | opt_steps=285/374 | lr=2.29004e-05 | loss_cur=7.2466 | loss_epoch=11.6513 | elapsed=88.3s
2026-09-28 16:42:34,977 [INFO] E014 batch 1200/1493 (80.4%) | opt_steps=300/374 | lr=2.30004e-05 | loss_cur=12.3088 | loss_epoch=11.6460 | elapsed=92.9s
2026-09-28 16:42:39,623 [INFO] E014 batch 1260/1493 (84.4%) | opt_steps=315/374 | lr=2.31004e-05 | loss_cur=11.8931 | loss_epoch=11.6560 | elapsed=97.6s
2026-09-28 16:42:44,570 [INFO] E014 batch 1320/1493 (88.4%) | opt_steps=330/374 | lr=2.32005e-05 | loss_cur=12.9510 | loss_epoch=11.6810 | elapsed=102.5s
2026-09-28 16:42:49,779 [INFO] E014 batch 1380/1493 (92.4%) | opt_steps=345/374 | lr=2.33007e-05 | loss_cur=12.4209 | loss_epoch=11.6704 | elapsed=107.7s
2026-09-28 16:42:54,951 [INFO] E014 batch 1440/1493 (96.5%) | opt_steps=360/374 | lr=2.34009e-05 | loss_cur=12.6253 | loss_epoch=11.6699 | elapsed=112.9s
2026-09-28 16:42:59,475 [INFO] E014 batch 1493/1493 (100.0%) | opt_steps=373/374 | lr=2.34878e-05 | loss_cur=12.3343 | loss_epoch=11.6674 | elapsed=117.4s
2026-09-28 16:42:59,491 [INFO] E014 val 1/31 (3.2%) | P@10=0.00% | P@20=0.00% | elapsed=0.0s
2026-09-28 16:43:00,000 [INFO] E014 val 31/31 (100.0%) | P@10=25.88% | P@20=42.25% | elapsed=0.5s
2026-09-28 16:43:00,000 [INFO] E014 done | Val P@10: 25.88% | Val P@20: 42.25% | Loss: 11.6674 | opt_steps=374 | elapsed=117.9s | r=0.773
2026-09-28 16:43:00,001 [INFO] E015 start | region=fortaleza | minibatches=1493 | grad_accum=4
2026-09-28 16:43:00,070 [INFO] E015 batch 1/1493 (0.1%) | opt_steps=0/374 | lr=2.34944e-05 | loss_cur=10.1481 | loss_epoch=10.1481 | elapsed=0.1s
2026-09-28 16:43:05,177 [INFO] E015 batch 60/1493 (4.0%) | opt_steps=15/374 | lr=2.35947e-05 | loss_cur=12.8001 | loss_epoch=11.3740 | elapsed=5.2s
2026-09-28 16:43:10,309 [INFO] E015 batch 120/1493 (8.0%) | opt_steps=30/374 | lr=2.3695e-05 | loss_cur=12.9037 | loss_epoch=11.5454 | elapsed=10.3s
2026-09-28 16:43:15,453 [INFO] E015 batch 180/1493 (12.1%) | opt_steps=45/374 | lr=2.37954e-05 | loss_cur=12.0154 | loss_epoch=11.5504 | elapsed=15.5s
2026-09-28 16:43:20,596 [INFO] E015 batch 240/1493 (16.1%) | opt_steps=60/374 | lr=2.38958e-05 | loss_cur=11.9380 | loss_epoch=11.5725 | elapsed=20.6s
2026-09-28 16:43:25,765 [INFO] E015 batch 300/1493 (20.1%) | opt_steps=75/374 | lr=2.39962e-05 | loss_cur=10.3490 | loss_epoch=11.5273 | elapsed=25.8s
2026-09-28 16:43:30,963 [INFO] E015 batch 360/1493 (24.1%) | opt_steps=90/374 | lr=2.40967e-05 | loss_cur=4.5075 | loss_epoch=11.5329 | elapsed=31.0s
2026-09-28 16:43:36,203 [INFO] E015 batch 420/1493 (28.1%) | opt_steps=105/374 | lr=2.41972e-05 | loss_cur=11.8392 | loss_epoch=11.5195 | elapsed=36.2s
2026-09-28 16:43:41,071 [INFO] E015 batch 480/1493 (32.2%) | opt_steps=120/374 | lr=2.42978e-05 | loss_cur=11.7630 | loss_epoch=11.5179 | elapsed=41.1s
2026-09-28 16:43:45,953 [INFO] E015 batch 540/1493 (36.2%) | opt_steps=135/374 | lr=2.43983e-05 | loss_cur=12.1426 | loss_epoch=11.4992 | elapsed=46.0s
2026-09-28 16:43:50,603 [INFO] E015 batch 600/1493 (40.2%) | opt_steps=150/374 | lr=2.44989e-05 | loss_cur=11.7677 | loss_epoch=11.4842 | elapsed=50.6s
2026-09-28 16:43:55,371 [INFO] E015 batch 660/1493 (44.2%) | opt_steps=165/374 | lr=2.45996e-05 | loss_cur=12.8117 | loss_epoch=11.4710 | elapsed=55.4s
2026-09-28 16:44:00,022 [INFO] E015 batch 720/1493 (48.2%) | opt_steps=180/374 | lr=2.47002e-05 | loss_cur=11.7756 | loss_epoch=11.4714 | elapsed=60.0s
2026-09-28 16:44:04,749 [INFO] E015 batch 780/1493 (52.2%) | opt_steps=195/374 | lr=2.48009e-05 | loss_cur=11.5626 | loss_epoch=11.4802 | elapsed=64.7s
2026-09-28 16:44:09,673 [INFO] E015 batch 840/1493 (56.3%) | opt_steps=210/374 | lr=2.49016e-05 | loss_cur=12.4479 | loss_epoch=11.4805 | elapsed=69.7s
2026-09-28 16:44:14,743 [INFO] E015 batch 900/1493 (60.3%) | opt_steps=225/374 | lr=2.50023e-05 | loss_cur=12.9371 | loss_epoch=11.4971 | elapsed=74.7s
2026-09-28 16:44:19,887 [INFO] E015 batch 960/1493 (64.3%) | opt_steps=240/374 | lr=2.5103e-05 | loss_cur=12.6742 | loss_epoch=11.4789 | elapsed=79.9s
2026-09-28 16:44:25,080 [INFO] E015 batch 1020/1493 (68.3%) | opt_steps=255/374 | lr=2.52038e-05 | loss_cur=12.6115 | loss_epoch=11.4906 | elapsed=85.1s
2026-09-28 16:44:30,110 [INFO] E015 batch 1080/1493 (72.3%) | opt_steps=270/374 | lr=2.53045e-05 | loss_cur=8.8928 | loss_epoch=11.4824 | elapsed=90.1s
2026-09-28 16:44:35,046 [INFO] E015 batch 1140/1493 (76.4%) | opt_steps=285/374 | lr=2.54053e-05 | loss_cur=9.0553 | loss_epoch=11.5005 | elapsed=95.0s
2026-09-28 16:44:39,931 [INFO] E015 batch 1200/1493 (80.4%) | opt_steps=300/374 | lr=2.55061e-05 | loss_cur=12.3257 | loss_epoch=11.5222 | elapsed=99.9s
2026-09-28 16:44:44,705 [INFO] E015 batch 1260/1493 (84.4%) | opt_steps=315/374 | lr=2.56069e-05 | loss_cur=11.6373 | loss_epoch=11.5367 | elapsed=104.7s
2026-09-28 16:44:49,446 [INFO] E015 batch 1320/1493 (88.4%) | opt_steps=330/374 | lr=2.57077e-05 | loss_cur=13.8090 | loss_epoch=11.5477 | elapsed=109.4s
2026-09-28 16:44:54,169 [INFO] E015 batch 1380/1493 (92.4%) | opt_steps=345/374 | lr=2.58085e-05 | loss_cur=12.1260 | loss_epoch=11.5579 | elapsed=114.2s
2026-09-28 16:44:58,878 [INFO] E015 batch 1440/1493 (96.5%) | opt_steps=360/374 | lr=2.59093e-05 | loss_cur=13.1755 | loss_epoch=11.5590 | elapsed=118.9s
2026-09-28 16:45:03,031 [INFO] E015 batch 1493/1493 (100.0%) | opt_steps=373/374 | lr=2.59966e-05 | loss_cur=12.4794 | loss_epoch=11.5435 | elapsed=123.0s
2026-09-28 16:45:03,047 [INFO] E015 val 1/31 (3.2%) | P@10=0.00% | P@20=0.00% | elapsed=0.0s
2026-09-28 16:45:03,520 [INFO] E015 val 31/31 (100.0%) | P@10=14.12% | P@20=37.91% | elapsed=0.5s
2026-09-28 16:45:03,520 [INFO] E015 done | Val P@10: 14.12% | Val P@20: 37.91% | Loss: 11.5435 | opt_steps=374 | elapsed=123.5s | r=0.722
2026-09-28 16:45:03,520 [INFO] E016 start | region=fortaleza | minibatches=1493 | grad_accum=4
2026-09-28 16:45:03,611 [INFO] E016 batch 1/1493 (0.1%) | opt_steps=0/374 | lr=2.60034e-05 | loss_cur=12.6891 | loss_epoch=12.6891 | elapsed=0.1s
2026-09-28 16:45:08,452 [INFO] E016 batch 60/1493 (4.0%) | opt_steps=15/374 | lr=2.61042e-05 | loss_cur=12.9116 | loss_epoch=11.7744 | elapsed=4.9s
2026-09-28 16:45:13,231 [INFO] E016 batch 120/1493 (8.0%) | opt_steps=30/374 | lr=2.6205e-05 | loss_cur=12.8568 | loss_epoch=11.5056 | elapsed=9.7s
2026-09-28 16:45:17,939 [INFO] E016 batch 180/1493 (12.1%) | opt_steps=45/374 | lr=2.63058e-05 | loss_cur=12.7214 | loss_epoch=11.4997 | elapsed=14.4s
2026-09-28 16:45:22,548 [INFO] E016 batch 240/1493 (16.1%) | opt_steps=60/374 | lr=2.64066e-05 | loss_cur=12.6449 | loss_epoch=11.5034 | elapsed=19.0s
2026-09-28 16:45:27,287 [INFO] E016 batch 300/1493 (20.1%) | opt_steps=75/374 | lr=2.65074e-05 | loss_cur=12.8204 | loss_epoch=11.4229 | elapsed=23.8s
2026-09-28 16:45:32,016 [INFO] E016 batch 360/1493 (24.1%) | opt_steps=90/374 | lr=2.66081e-05 | loss_cur=12.1169 | loss_epoch=11.3845 | elapsed=28.5s
2026-09-28 16:45:36,848 [INFO] E016 batch 420/1493 (28.1%) | opt_steps=105/374 | lr=2.67089e-05 | loss_cur=8.9180 | loss_epoch=11.3547 | elapsed=33.3s
2026-09-28 16:45:41,754 [INFO] E016 batch 480/1493 (32.2%) | opt_steps=120/374 | lr=2.68097e-05 | loss_cur=13.6404 | loss_epoch=11.3872 | elapsed=38.2s
2026-09-28 16:45:46,653 [INFO] E016 batch 540/1493 (36.2%) | opt_steps=135/374 | lr=2.69104e-05 | loss_cur=11.4763 | loss_epoch=11.3741 | elapsed=43.1s
2026-09-28 16:45:51,488 [INFO] E016 batch 600/1493 (40.2%) | opt_steps=150/374 | lr=2.70111e-05 | loss_cur=12.6473 | loss_epoch=11.3976 | elapsed=48.0s
2026-09-28 16:45:56,162 [INFO] E016 batch 660/1493 (44.2%) | opt_steps=165/374 | lr=2.71119e-05 | loss_cur=10.3397 | loss_epoch=11.3779 | elapsed=52.6s
2026-09-28 16:46:00,933 [INFO] E016 batch 720/1493 (48.2%) | opt_steps=180/374 | lr=2.72125e-05 | loss_cur=12.9071 | loss_epoch=11.3806 | elapsed=57.4s
2026-09-28 16:46:05,704 [INFO] E016 batch 780/1493 (52.2%) | opt_steps=195/374 | lr=2.73132e-05 | loss_cur=12.8611 | loss_epoch=11.3840 | elapsed=62.2s
2026-09-28 16:46:10,435 [INFO] E016 batch 840/1493 (56.3%) | opt_steps=210/374 | lr=2.74139e-05 | loss_cur=12.6066 | loss_epoch=11.4117 | elapsed=66.9s
2026-09-28 16:46:15,110 [INFO] E016 batch 900/1493 (60.3%) | opt_steps=225/374 | lr=2.75145e-05 | loss_cur=11.2540 | loss_epoch=11.4273 | elapsed=71.6s
2026-09-28 16:46:19,770 [INFO] E016 batch 960/1493 (64.3%) | opt_steps=240/374 | lr=2.76151e-05 | loss_cur=12.0725 | loss_epoch=11.4333 | elapsed=76.2s
2026-09-28 16:46:24,383 [INFO] E016 batch 1020/1493 (68.3%) | opt_steps=255/374 | lr=2.77156e-05 | loss_cur=11.7252 | loss_epoch=11.4500 | elapsed=80.9s
2026-09-28 16:46:28,907 [INFO] E016 batch 1080/1493 (72.3%) | opt_steps=270/374 | lr=2.78162e-05 | loss_cur=13.4553 | loss_epoch=11.4118 | elapsed=85.4s
2026-09-28 16:46:33,422 [INFO] E016 batch 1140/1493 (76.4%) | opt_steps=285/374 | lr=2.79167e-05 | loss_cur=12.6162 | loss_epoch=11.4265 | elapsed=89.9s
2026-09-28 16:46:37,941 [INFO] E016 batch 1200/1493 (80.4%) | opt_steps=300/374 | lr=2.80172e-05 | loss_cur=13.4244 | loss_epoch=11.4159 | elapsed=94.4s
2026-09-28 16:46:42,489 [INFO] E016 batch 1260/1493 (84.4%) | opt_steps=315/374 | lr=2.81176e-05 | loss_cur=11.3419 | loss_epoch=11.4267 | elapsed=99.0s
2026-09-28 16:46:47,070 [INFO] E016 batch 1320/1493 (88.4%) | opt_steps=330/374 | lr=2.8218e-05 | loss_cur=12.3066 | loss_epoch=11.4238 | elapsed=103.5s
2026-09-28 16:46:51,981 [INFO] E016 batch 1380/1493 (92.4%) | opt_steps=345/374 | lr=2.83183e-05 | loss_cur=11.9113 | loss_epoch=11.4272 | elapsed=108.5s
2026-09-28 16:46:56,582 [INFO] E016 batch 1440/1493 (96.5%) | opt_steps=360/374 | lr=2.84187e-05 | loss_cur=12.6577 | loss_epoch=11.4340 | elapsed=113.1s
2026-09-28 16:47:00,616 [INFO] E016 batch 1493/1493 (100.0%) | opt_steps=373/374 | lr=2.85056e-05 | loss_cur=13.0624 | loss_epoch=11.4254 | elapsed=117.1s
2026-09-28 16:47:00,632 [INFO] E016 val 1/31 (3.2%) | P@10=0.00% | P@20=0.00% | elapsed=0.0s
2026-09-28 16:47:01,084 [INFO] E016 val 31/31 (100.0%) | P@10=26.47% | P@20=38.40% | elapsed=0.5s
2026-09-28 16:47:01,084 [INFO] E016 done | Val P@10: 26.47% | Val P@20: 38.40% | Loss: 11.4254 | opt_steps=374 | elapsed=117.6s | r=0.692
2026-09-28 16:47:01,084 [INFO] E017 start | region=fortaleza | minibatches=1493 | grad_accum=4
2026-09-28 16:47:01,163 [INFO] E017 batch 1/1493 (0.1%) | opt_steps=0/374 | lr=2.85122e-05 | loss_cur=11.1202 | loss_epoch=11.1202 | elapsed=0.1s
2026-09-28 16:47:05,877 [INFO] E017 batch 60/1493 (4.0%) | opt_steps=15/374 | lr=2.86125e-05 | loss_cur=12.2428 | loss_epoch=11.9365 | elapsed=4.8s
2026-09-28 16:47:11,104 [INFO] E017 batch 120/1493 (8.0%) | opt_steps=30/374 | lr=2.87127e-05 | loss_cur=6.8948 | loss_epoch=11.4432 | elapsed=10.0s
2026-09-28 16:47:16,044 [INFO] E017 batch 180/1493 (12.1%) | opt_steps=45/374 | lr=2.88128e-05 | loss_cur=12.1874 | loss_epoch=11.5042 | elapsed=15.0s
2026-09-28 16:47:20,529 [INFO] E017 batch 240/1493 (16.1%) | opt_steps=60/374 | lr=2.89129e-05 | loss_cur=11.0168 | loss_epoch=11.4540 | elapsed=19.4s
2026-09-28 16:47:24,999 [INFO] E017 batch 300/1493 (20.1%) | opt_steps=75/374 | lr=2.90129e-05 | loss_cur=13.1913 | loss_epoch=11.4764 | elapsed=23.9s
2026-09-28 16:47:29,498 [INFO] E017 batch 360/1493 (24.1%) | opt_steps=90/374 | lr=2.91129e-05 | loss_cur=13.2377 | loss_epoch=11.4385 | elapsed=28.4s
2026-09-28 16:47:34,027 [INFO] E017 batch 420/1493 (28.1%) | opt_steps=105/374 | lr=2.92128e-05 | loss_cur=12.5205 | loss_epoch=11.3759 | elapsed=32.9s
2026-09-28 16:47:38,604 [INFO] E017 batch 480/1493 (32.2%) | opt_steps=120/374 | lr=2.93127e-05 | loss_cur=12.6435 | loss_epoch=11.2696 | elapsed=37.5s
2026-09-28 16:47:43,265 [INFO] E017 batch 540/1493 (36.2%) | opt_steps=135/374 | lr=2.94125e-05 | loss_cur=10.2917 | loss_epoch=11.3023 | elapsed=42.2s
2026-09-28 16:47:47,898 [INFO] E017 batch 600/1493 (40.2%) | opt_steps=150/374 | lr=2.95123e-05 | loss_cur=12.8749 | loss_epoch=11.2526 | elapsed=46.8s
2026-09-28 16:47:52,883 [INFO] E017 batch 660/1493 (44.2%) | opt_steps=165/374 | lr=2.9612e-05 | loss_cur=12.5814 | loss_epoch=11.2503 | elapsed=51.8s
2026-09-28 16:47:58,020 [INFO] E017 batch 720/1493 (48.2%) | opt_steps=180/374 | lr=2.97116e-05 | loss_cur=12.6727 | loss_epoch=11.2087 | elapsed=56.9s
2026-09-28 16:48:03,146 [INFO] E017 batch 780/1493 (52.2%) | opt_steps=195/374 | lr=2.98112e-05 | loss_cur=11.9141 | loss_epoch=11.2325 | elapsed=62.1s
2026-09-28 16:48:08,053 [INFO] E017 batch 840/1493 (56.3%) | opt_steps=210/374 | lr=2.99107e-05 | loss_cur=10.4512 | loss_epoch=11.2751 | elapsed=67.0s
2026-09-28 16:48:13,263 [INFO] E017 batch 900/1493 (60.3%) | opt_steps=225/374 | lr=3.00101e-05 | loss_cur=9.9292 | loss_epoch=11.2859 | elapsed=72.2s
2026-09-28 16:48:18,391 [INFO] E017 batch 960/1493 (64.3%) | opt_steps=240/374 | lr=3.01094e-05 | loss_cur=11.9642 | loss_epoch=11.2873 | elapsed=77.3s
2026-09-28 16:48:23,534 [INFO] E017 batch 1020/1493 (68.3%) | opt_steps=255/374 | lr=3.02087e-05 | loss_cur=7.4808 | loss_epoch=11.2822 | elapsed=82.4s
2026-09-28 16:48:28,273 [INFO] E017 batch 1080/1493 (72.3%) | opt_steps=270/374 | lr=3.03079e-05 | loss_cur=12.8988 | loss_epoch=11.2877 | elapsed=87.2s
2026-09-28 16:48:33,141 [INFO] E017 batch 1140/1493 (76.4%) | opt_steps=285/374 | lr=3.04071e-05 | loss_cur=7.9414 | loss_epoch=11.2847 | elapsed=92.1s
2026-09-28 16:48:38,132 [INFO] E017 batch 1200/1493 (80.4%) | opt_steps=300/374 | lr=3.05061e-05 | loss_cur=9.0733 | loss_epoch=11.3138 | elapsed=97.0s
2026-09-28 16:48:42,822 [INFO] E017 batch 1260/1493 (84.4%) | opt_steps=315/374 | lr=3.06051e-05 | loss_cur=12.3180 | loss_epoch=11.3188 | elapsed=101.7s
2026-09-28 16:48:47,393 [INFO] E017 batch 1320/1493 (88.4%) | opt_steps=330/374 | lr=3.0704e-05 | loss_cur=11.9565 | loss_epoch=11.2967 | elapsed=106.3s
2026-09-28 16:48:52,155 [INFO] E017 batch 1380/1493 (92.4%) | opt_steps=345/374 | lr=3.08028e-05 | loss_cur=12.5483 | loss_epoch=11.3099 | elapsed=111.1s
2026-09-28 16:48:56,827 [INFO] E017 batch 1440/1493 (96.5%) | opt_steps=360/374 | lr=3.09015e-05 | loss_cur=12.7948 | loss_epoch=11.3180 | elapsed=115.7s
2026-09-28 16:49:00,910 [INFO] E017 batch 1493/1493 (100.0%) | opt_steps=373/374 | lr=3.0987e-05 | loss_cur=9.7422 | loss_epoch=11.3278 | elapsed=119.8s
2026-09-28 16:49:00,926 [INFO] E017 val 1/31 (3.2%) | P@10=0.00% | P@20=0.00% | elapsed=0.0s
2026-09-28 16:49:01,381 [INFO] E017 val 31/31 (100.0%) | P@10=19.41% | P@20=35.13% | elapsed=0.5s
2026-09-28 16:49:01,381 [INFO] E017 done | Val P@10: 19.41% | Val P@20: 35.13% | Loss: 11.3278 | opt_steps=374 | elapsed=120.3s | r=0.679
2026-09-28 16:49:01,397 [INFO] E018 start | region=fortaleza | minibatches=1493 | grad_accum=4
2026-09-28 16:49:01,460 [INFO] E018 batch 1/1493 (0.1%) | opt_steps=0/374 | lr=3.09936e-05 | loss_cur=11.2933 | loss_epoch=11.2933 | elapsed=0.1s
2026-09-28 16:49:06,366 [INFO] E018 batch 60/1493 (4.0%) | opt_steps=15/374 | lr=3.10922e-05 | loss_cur=11.0435 | loss_epoch=11.0363 | elapsed=5.0s
2026-09-28 16:49:10,931 [INFO] E018 batch 120/1493 (8.0%) | opt_steps=30/374 | lr=3.11906e-05 | loss_cur=11.4453 | loss_epoch=11.2206 | elapsed=9.5s
2026-09-28 16:49:15,676 [INFO] E018 batch 180/1493 (12.1%) | opt_steps=45/374 | lr=3.1289e-05 | loss_cur=11.5744 | loss_epoch=11.2894 | elapsed=14.3s
2026-09-28 16:49:20,558 [INFO] E018 batch 240/1493 (16.1%) | opt_steps=60/374 | lr=3.13873e-05 | loss_cur=11.7764 | loss_epoch=11.2647 | elapsed=19.2s
2026-09-28 16:49:25,376 [INFO] E018 batch 300/1493 (20.1%) | opt_steps=75/374 | lr=3.14855e-05 | loss_cur=11.8060 | loss_epoch=11.1910 | elapsed=24.0s
2026-09-28 16:49:29,940 [INFO] E018 batch 360/1493 (24.1%) | opt_steps=90/374 | lr=3.15836e-05 | loss_cur=8.4370 | loss_epoch=11.1919 | elapsed=28.5s
2026-09-28 16:49:34,532 [INFO] E018 batch 420/1493 (28.1%) | opt_steps=105/374 | lr=3.16816e-05 | loss_cur=12.3642 | loss_epoch=11.2130 | elapsed=33.1s
2026-09-28 16:49:39,164 [INFO] E018 batch 480/1493 (32.2%) | opt_steps=120/374 | lr=3.17795e-05 | loss_cur=11.4586 | loss_epoch=11.2470 | elapsed=37.8s
2026-09-28 16:49:44,136 [INFO] E018 batch 540/1493 (36.2%) | opt_steps=135/374 | lr=3.18772e-05 | loss_cur=11.8184 | loss_epoch=11.2716 | elapsed=42.7s
2026-09-28 16:49:49,072 [INFO] E018 batch 600/1493 (40.2%) | opt_steps=150/374 | lr=3.19749e-05 | loss_cur=11.9073 | loss_epoch=11.2616 | elapsed=47.7s
2026-09-28 16:49:53,993 [INFO] E018 batch 660/1493 (44.2%) | opt_steps=165/374 | lr=3.20725e-05 | loss_cur=12.0400 | loss_epoch=11.2540 | elapsed=52.6s
2026-09-28 16:49:58,509 [INFO] E018 batch 720/1493 (48.2%) | opt_steps=180/374 | lr=3.217e-05 | loss_cur=10.5175 | loss_epoch=11.2366 | elapsed=57.1s
2026-09-28 16:50:03,008 [INFO] E018 batch 780/1493 (52.2%) | opt_steps=195/374 | lr=3.22674e-05 | loss_cur=12.6999 | loss_epoch=11.2168 | elapsed=61.6s
2026-09-28 16:50:07,514 [INFO] E018 batch 840/1493 (56.3%) | opt_steps=210/374 | lr=3.23646e-05 | loss_cur=11.1382 | loss_epoch=11.2377 | elapsed=66.1s
2026-09-28 16:50:12,226 [INFO] E018 batch 900/1493 (60.3%) | opt_steps=225/374 | lr=3.24618e-05 | loss_cur=12.9713 | loss_epoch=11.2397 | elapsed=70.8s
2026-09-28 16:50:17,016 [INFO] E018 batch 960/1493 (64.3%) | opt_steps=240/374 | lr=3.25588e-05 | loss_cur=12.7475 | loss_epoch=11.2360 | elapsed=75.6s
2026-09-28 16:50:21,519 [INFO] E018 batch 1020/1493 (68.3%) | opt_steps=255/374 | lr=3.26557e-05 | loss_cur=12.6092 | loss_epoch=11.2192 | elapsed=80.1s
2026-09-28 16:50:26,057 [INFO] E018 batch 1080/1493 (72.3%) | opt_steps=270/374 | lr=3.27525e-05 | loss_cur=11.6054 | loss_epoch=11.2178 | elapsed=84.7s
2026-09-28 16:50:30,780 [INFO] E018 batch 1140/1493 (76.4%) | opt_steps=285/374 | lr=3.28492e-05 | loss_cur=12.9146 | loss_epoch=11.1715 | elapsed=89.4s
2026-09-28 16:50:35,965 [INFO] E018 batch 1200/1493 (80.4%) | opt_steps=300/374 | lr=3.29457e-05 | loss_cur=11.2878 | loss_epoch=11.1748 | elapsed=94.6s
2026-09-28 16:50:41,114 [INFO] E018 batch 1260/1493 (84.4%) | opt_steps=315/374 | lr=3.30422e-05 | loss_cur=12.6061 | loss_epoch=11.1846 | elapsed=99.7s
2026-09-28 16:50:45,725 [INFO] E018 batch 1320/1493 (88.4%) | opt_steps=330/374 | lr=3.31385e-05 | loss_cur=11.6683 | loss_epoch=11.1862 | elapsed=104.3s
2026-09-28 16:50:50,274 [INFO] E018 batch 1380/1493 (92.4%) | opt_steps=345/374 | lr=3.32347e-05 | loss_cur=4.8525 | loss_epoch=11.1950 | elapsed=108.9s
2026-09-28 16:50:54,993 [INFO] E018 batch 1440/1493 (96.5%) | opt_steps=360/374 | lr=3.33307e-05 | loss_cur=10.9252 | loss_epoch=11.2059 | elapsed=113.6s
2026-09-28 16:50:59,112 [INFO] E018 batch 1493/1493 (100.0%) | opt_steps=373/374 | lr=3.34139e-05 | loss_cur=11.7489 | loss_epoch=11.2113 | elapsed=117.7s
2026-09-28 16:50:59,128 [INFO] E018 val 1/31 (3.2%) | P@10=0.00% | P@20=0.00% | elapsed=0.0s
2026-09-28 16:50:59,608 [INFO] E018 val 31/31 (100.0%) | P@10=21.76% | P@20=40.21% | elapsed=0.5s
2026-09-28 16:50:59,608 [INFO] E018 done | Val P@10: 21.76% | Val P@20: 40.21% | Loss: 11.2113 | opt_steps=374 | elapsed=118.2s | r=0.673
2026-09-28 16:50:59,608 [INFO] E019 start | region=fortaleza | minibatches=1493 | grad_accum=4
2026-09-28 16:50:59,687 [INFO] E019 batch 1/1493 (0.1%) | opt_steps=0/374 | lr=3.34202e-05 | loss_cur=9.3215 | loss_epoch=9.3215 | elapsed=0.1s
2026-09-28 16:51:04,421 [INFO] E019 batch 60/1493 (4.0%) | opt_steps=15/374 | lr=3.3516e-05 | loss_cur=9.6761 | loss_epoch=10.3671 | elapsed=4.8s
2026-09-28 16:51:09,008 [INFO] E019 batch 120/1493 (8.0%) | opt_steps=30/374 | lr=3.36117e-05 | loss_cur=12.3695 | loss_epoch=10.7062 | elapsed=9.4s
2026-09-28 16:51:13,924 [INFO] E019 batch 180/1493 (12.1%) | opt_steps=45/374 | lr=3.37073e-05 | loss_cur=12.2509 | loss_epoch=10.8261 | elapsed=14.3s
2026-09-28 16:51:18,823 [INFO] E019 batch 240/1493 (16.1%) | opt_steps=60/374 | lr=3.38027e-05 | loss_cur=12.5626 | loss_epoch=10.9888 | elapsed=19.2s
2026-09-28 16:51:23,821 [INFO] E019 batch 300/1493 (20.1%) | opt_steps=75/374 | lr=3.38979e-05 | loss_cur=10.4243 | loss_epoch=10.9893 | elapsed=24.2s
2026-09-28 16:51:28,768 [INFO] E019 batch 360/1493 (24.1%) | opt_steps=90/374 | lr=3.3993e-05 | loss_cur=12.1206 | loss_epoch=11.1168 | elapsed=29.2s
2026-09-28 16:51:33,635 [INFO] E019 batch 420/1493 (28.1%) | opt_steps=105/374 | lr=3.4088e-05 | loss_cur=12.8598 | loss_epoch=11.1127 | elapsed=34.0s
2026-09-28 16:51:38,735 [INFO] E019 batch 480/1493 (32.2%) | opt_steps=120/374 | lr=3.41829e-05 | loss_cur=12.7270 | loss_epoch=11.1000 | elapsed=39.1s
2026-09-28 16:51:43,649 [INFO] E019 batch 540/1493 (36.2%) | opt_steps=135/374 | lr=3.42776e-05 | loss_cur=12.6585 | loss_epoch=11.0880 | elapsed=44.0s
2026-09-28 16:51:48,570 [INFO] E019 batch 600/1493 (40.2%) | opt_steps=150/374 | lr=3.43721e-05 | loss_cur=12.5407 | loss_epoch=11.1480 | elapsed=49.0s
2026-09-28 16:51:53,694 [INFO] E019 batch 660/1493 (44.2%) | opt_steps=165/374 | lr=3.44665e-05 | loss_cur=12.0702 | loss_epoch=11.1217 | elapsed=54.1s
2026-09-28 16:51:58,733 [INFO] E019 batch 720/1493 (48.2%) | opt_steps=180/374 | lr=3.45608e-05 | loss_cur=11.4312 | loss_epoch=11.0941 | elapsed=59.1s
2026-09-28 16:52:03,642 [INFO] E019 batch 780/1493 (52.2%) | opt_steps=195/374 | lr=3.46549e-05 | loss_cur=11.4470 | loss_epoch=11.0986 | elapsed=64.0s
2026-09-28 16:52:08,722 [INFO] E019 batch 840/1493 (56.3%) | opt_steps=210/374 | lr=3.47488e-05 | loss_cur=13.0716 | loss_epoch=11.1087 | elapsed=69.1s
2026-09-28 16:52:13,852 [INFO] E019 batch 900/1493 (60.3%) | opt_steps=225/374 | lr=3.48426e-05 | loss_cur=12.9077 | loss_epoch=11.0986 | elapsed=74.2s
2026-09-28 16:52:18,792 [INFO] E019 batch 960/1493 (64.3%) | opt_steps=240/374 | lr=3.49363e-05 | loss_cur=11.2299 | loss_epoch=11.1092 | elapsed=79.2s
2026-09-28 16:52:23,296 [INFO] E019 batch 1020/1493 (68.3%) | opt_steps=255/374 | lr=3.50297e-05 | loss_cur=8.8205 | loss_epoch=11.1011 | elapsed=83.7s
2026-09-28 16:52:27,987 [INFO] E019 batch 1080/1493 (72.3%) | opt_steps=270/374 | lr=3.51231e-05 | loss_cur=12.2855 | loss_epoch=11.0915 | elapsed=88.4s
2026-09-28 16:52:33,143 [INFO] E019 batch 1140/1493 (76.4%) | opt_steps=285/374 | lr=3.52162e-05 | loss_cur=12.7876 | loss_epoch=11.0858 | elapsed=93.5s
2026-09-28 16:52:38,305 [INFO] E019 batch 1200/1493 (80.4%) | opt_steps=300/374 | lr=3.53092e-05 | loss_cur=12.8280 | loss_epoch=11.1058 | elapsed=98.7s
2026-09-28 16:52:43,266 [INFO] E019 batch 1260/1493 (84.4%) | opt_steps=315/374 | lr=3.5402e-05 | loss_cur=12.3054 | loss_epoch=11.1014 | elapsed=103.7s
2026-09-28 16:52:48,103 [INFO] E019 batch 1320/1493 (88.4%) | opt_steps=330/374 | lr=3.54947e-05 | loss_cur=11.6979 | loss_epoch=11.0970 | elapsed=108.5s
2026-09-28 16:52:52,733 [INFO] E019 batch 1380/1493 (92.4%) | opt_steps=345/374 | lr=3.55872e-05 | loss_cur=12.5511 | loss_epoch=11.1035 | elapsed=113.1s
2026-09-28 16:52:57,230 [INFO] E019 batch 1440/1493 (96.5%) | opt_steps=360/374 | lr=3.56795e-05 | loss_cur=12.7389 | loss_epoch=11.0989 | elapsed=117.6s
2026-09-28 16:53:01,194 [INFO] E019 batch 1493/1493 (100.0%) | opt_steps=373/374 | lr=3.57594e-05 | loss_cur=8.5490 | loss_epoch=11.0993 | elapsed=121.6s
2026-09-28 16:53:01,210 [INFO] E019 val 1/31 (3.2%) | P@10=0.00% | P@20=0.00% | elapsed=0.0s
2026-09-28 16:53:01,673 [INFO] E019 val 31/31 (100.0%) | P@10=21.76% | P@20=47.81% | elapsed=0.5s
2026-09-28 16:53:01,673 [INFO] E019 done | Val P@10: 21.76% | Val P@20: 47.81% | Loss: 11.0993 | opt_steps=374 | elapsed=122.1s | r=0.671
2026-09-28 16:53:01,674 [INFO] E020 start | region=fortaleza | minibatches=1493 | grad_accum=4
2026-09-28 16:53:01,746 [INFO] E020 batch 1/1493 (0.1%) | opt_steps=0/374 | lr=3.57656e-05 | loss_cur=8.9809 | loss_epoch=8.9809 | elapsed=0.1s
2026-09-28 16:53:06,147 [INFO] E020 batch 60/1493 (4.0%) | opt_steps=15/374 | lr=3.58576e-05 | loss_cur=11.0519 | loss_epoch=11.3760 | elapsed=4.5s
2026-09-28 16:53:10,835 [INFO] E020 batch 120/1493 (8.0%) | opt_steps=30/374 | lr=3.59494e-05 | loss_cur=12.8920 | loss_epoch=11.3670 | elapsed=9.2s
2026-09-28 16:53:15,949 [INFO] E020 batch 180/1493 (12.1%) | opt_steps=45/374 | lr=3.6041e-05 | loss_cur=12.1810 | loss_epoch=11.2256 | elapsed=14.3s
2026-09-28 16:53:21,015 [INFO] E020 batch 240/1493 (16.1%) | opt_steps=60/374 | lr=3.61325e-05 | loss_cur=11.0830 | loss_epoch=11.1354 | elapsed=19.3s
2026-09-28 16:53:26,015 [INFO] E020 batch 300/1493 (20.1%) | opt_steps=75/374 | lr=3.62238e-05 | loss_cur=12.8735 | loss_epoch=11.1338 | elapsed=24.3s
2026-09-28 16:53:30,947 [INFO] E020 batch 360/1493 (24.1%) | opt_steps=90/374 | lr=3.63149e-05 | loss_cur=12.5700 | loss_epoch=11.1638 | elapsed=29.3s
2026-09-28 16:53:35,752 [INFO] E020 batch 420/1493 (28.1%) | opt_steps=105/374 | lr=3.64059e-05 | loss_cur=12.5870 | loss_epoch=11.1457 | elapsed=34.1s
2026-09-28 16:53:40,620 [INFO] E020 batch 480/1493 (32.2%) | opt_steps=120/374 | lr=3.64966e-05 | loss_cur=8.7880 | loss_epoch=11.1046 | elapsed=38.9s
2026-09-28 16:53:45,603 [INFO] E020 batch 540/1493 (36.2%) | opt_steps=135/374 | lr=3.65872e-05 | loss_cur=2.7420 | loss_epoch=11.1015 | elapsed=43.9s
2026-09-28 16:53:50,664 [INFO] E020 batch 600/1493 (40.2%) | opt_steps=150/374 | lr=3.66775e-05 | loss_cur=11.7292 | loss_epoch=11.0889 | elapsed=49.0s
2026-09-28 16:53:55,728 [INFO] E020 batch 660/1493 (44.2%) | opt_steps=165/374 | lr=3.67677e-05 | loss_cur=12.9326 | loss_epoch=11.1111 | elapsed=54.1s
2026-09-28 16:54:00,663 [INFO] E020 batch 720/1493 (48.2%) | opt_steps=180/374 | lr=3.68577e-05 | loss_cur=10.5717 | loss_epoch=11.0650 | elapsed=59.0s
2026-09-28 16:54:05,611 [INFO] E020 batch 780/1493 (52.2%) | opt_steps=195/374 | lr=3.69475e-05 | loss_cur=10.5276 | loss_epoch=11.0416 | elapsed=63.9s
2026-09-28 16:54:10,354 [INFO] E020 batch 840/1493 (56.3%) | opt_steps=210/374 | lr=3.70372e-05 | loss_cur=12.9135 | loss_epoch=11.0602 | elapsed=68.7s
2026-09-28 16:54:15,551 [INFO] E020 batch 900/1493 (60.3%) | opt_steps=225/374 | lr=3.71266e-05 | loss_cur=11.3557 | loss_epoch=11.0238 | elapsed=73.9s
2026-09-28 16:54:20,707 [INFO] E020 batch 960/1493 (64.3%) | opt_steps=240/374 | lr=3.72158e-05 | loss_cur=11.3797 | loss_epoch=11.0287 | elapsed=79.0s
2026-09-28 16:54:25,890 [INFO] E020 batch 1020/1493 (68.3%) | opt_steps=255/374 | lr=3.73048e-05 | loss_cur=8.7630 | loss_epoch=11.0183 | elapsed=84.2s
2026-09-28 16:54:31,123 [INFO] E020 batch 1080/1493 (72.3%) | opt_steps=270/374 | lr=3.73936e-05 | loss_cur=7.8805 | loss_epoch=11.0043 | elapsed=89.4s
2026-09-28 16:54:36,070 [INFO] E020 batch 1140/1493 (76.4%) | opt_steps=285/374 | lr=3.74823e-05 | loss_cur=10.7616 | loss_epoch=10.9958 | elapsed=94.4s
2026-09-28 16:54:40,960 [INFO] E020 batch 1200/1493 (80.4%) | opt_steps=300/374 | lr=3.75707e-05 | loss_cur=10.5319 | loss_epoch=10.9738 | elapsed=99.3s
2026-09-28 16:54:45,687 [INFO] E020 batch 1260/1493 (84.4%) | opt_steps=315/374 | lr=3.76589e-05 | loss_cur=12.7265 | loss_epoch=10.9820 | elapsed=104.0s
2026-09-28 16:54:50,218 [INFO] E020 batch 1320/1493 (88.4%) | opt_steps=330/374 | lr=3.77469e-05 | loss_cur=12.6957 | loss_epoch=10.9741 | elapsed=108.5s
2026-09-28 16:54:54,878 [INFO] E020 batch 1380/1493 (92.4%) | opt_steps=345/374 | lr=3.78347e-05 | loss_cur=2.8733 | loss_epoch=10.9655 | elapsed=113.2s
2026-09-28 16:54:59,490 [INFO] E020 batch 1440/1493 (96.5%) | opt_steps=360/374 | lr=3.79223e-05 | loss_cur=12.5034 | loss_epoch=10.9605 | elapsed=117.8s
2026-09-28 16:55:03,487 [INFO] E020 batch 1493/1493 (100.0%) | opt_steps=373/374 | lr=3.79981e-05 | loss_cur=12.3032 | loss_epoch=10.9807 | elapsed=121.8s
2026-09-28 16:55:03,503 [INFO] E020 val 1/31 (3.2%) | P@10=0.00% | P@20=0.00% | elapsed=0.0s
2026-09-28 16:55:03,955 [INFO] E020 val 31/31 (100.0%) | P@10=22.35% | P@20=38.40% | elapsed=0.5s
2026-09-28 16:55:03,955 [INFO] E020 done | Val P@10: 22.35% | Val P@20: 38.40% | Loss: 10.9807 | opt_steps=374 | elapsed=122.3s | r=0.656
2026-09-28 16:55:03,955 [INFO] E021 start | region=fortaleza | minibatches=1493 | grad_accum=4
2026-09-28 16:55:04,033 [INFO] E021 batch 1/1493 (0.1%) | opt_steps=0/374 | lr=3.80039e-05 | loss_cur=12.3524 | loss_epoch=12.3524 | elapsed=0.1s
2026-09-28 16:55:08,495 [INFO] E021 batch 60/1493 (4.0%) | opt_steps=15/374 | lr=3.80911e-05 | loss_cur=12.9162 | loss_epoch=11.0979 | elapsed=4.5s
2026-09-28 16:55:13,028 [INFO] E021 batch 120/1493 (8.0%) | opt_steps=30/374 | lr=3.8178e-05 | loss_cur=11.0628 | loss_epoch=11.2198 | elapsed=9.1s
2026-09-28 16:55:17,581 [INFO] E021 batch 180/1493 (12.1%) | opt_steps=45/374 | lr=3.82648e-05 | loss_cur=11.7481 | loss_epoch=11.1028 | elapsed=13.6s
2026-09-28 16:55:22,117 [INFO] E021 batch 240/1493 (16.1%) | opt_steps=60/374 | lr=3.83513e-05 | loss_cur=12.7485 | loss_epoch=11.0444 | elapsed=18.2s
2026-09-28 16:55:27,190 [INFO] E021 batch 300/1493 (20.1%) | opt_steps=75/374 | lr=3.84377e-05 | loss_cur=6.9235 | loss_epoch=11.1110 | elapsed=23.2s
2026-09-28 16:55:32,061 [INFO] E021 batch 360/1493 (24.1%) | opt_steps=90/374 | lr=3.85238e-05 | loss_cur=12.6172 | loss_epoch=11.0669 | elapsed=28.1s
2026-09-28 16:55:37,218 [INFO] E021 batch 420/1493 (28.1%) | opt_steps=105/374 | lr=3.86097e-05 | loss_cur=5.8864 | loss_epoch=11.0428 | elapsed=33.3s
2026-09-28 16:55:42,105 [INFO] E021 batch 480/1493 (32.2%) | opt_steps=120/374 | lr=3.86953e-05 | loss_cur=9.1251 | loss_epoch=11.0813 | elapsed=38.2s
2026-09-28 16:55:47,202 [INFO] E021 batch 540/1493 (36.2%) | opt_steps=135/374 | lr=3.87808e-05 | loss_cur=11.1664 | loss_epoch=11.0915 | elapsed=43.2s
2026-09-28 16:55:51,802 [INFO] E021 batch 600/1493 (40.2%) | opt_steps=150/374 | lr=3.8866e-05 | loss_cur=9.4127 | loss_epoch=11.1261 | elapsed=47.8s
2026-09-28 16:55:56,324 [INFO] E021 batch 660/1493 (44.2%) | opt_steps=165/374 | lr=3.8951e-05 | loss_cur=11.9757 | loss_epoch=11.0734 | elapsed=52.4s
2026-09-28 16:56:00,871 [INFO] E021 batch 720/1493 (48.2%) | opt_steps=180/374 | lr=3.90357e-05 | loss_cur=12.4203 | loss_epoch=11.0243 | elapsed=56.9s
2026-09-28 16:56:05,551 [INFO] E021 batch 780/1493 (52.2%) | opt_steps=195/374 | lr=3.91202e-05 | loss_cur=12.8754 | loss_epoch=10.9989 | elapsed=61.6s
2026-09-28 16:56:10,108 [INFO] E021 batch 840/1493 (56.3%) | opt_steps=210/374 | lr=3.92045e-05 | loss_cur=7.8767 | loss_epoch=10.9210 | elapsed=66.2s
2026-09-28 16:56:14,656 [INFO] E021 batch 900/1493 (60.3%) | opt_steps=225/374 | lr=3.92886e-05 | loss_cur=8.3863 | loss_epoch=10.9502 | elapsed=70.7s
2026-09-28 16:56:19,300 [INFO] E021 batch 960/1493 (64.3%) | opt_steps=240/374 | lr=3.93724e-05 | loss_cur=12.4608 | loss_epoch=10.9547 | elapsed=75.3s
2026-09-28 16:56:23,957 [INFO] E021 batch 1020/1493 (68.3%) | opt_steps=255/374 | lr=3.9456e-05 | loss_cur=12.4680 | loss_epoch=10.9497 | elapsed=80.0s
2026-09-28 16:56:28,649 [INFO] E021 batch 1080/1493 (72.3%) | opt_steps=270/374 | lr=3.95394e-05 | loss_cur=12.7169 | loss_epoch=10.9301 | elapsed=84.7s
2026-09-28 16:56:33,181 [INFO] E021 batch 1140/1493 (76.4%) | opt_steps=285/374 | lr=3.96225e-05 | loss_cur=10.2973 | loss_epoch=10.9321 | elapsed=89.2s
2026-09-28 16:56:37,702 [INFO] E021 batch 1200/1493 (80.4%) | opt_steps=300/374 | lr=3.97054e-05 | loss_cur=12.5570 | loss_epoch=10.9163 | elapsed=93.7s
2026-09-28 16:56:42,243 [INFO] E021 batch 1260/1493 (84.4%) | opt_steps=315/374 | lr=3.9788e-05 | loss_cur=12.9264 | loss_epoch=10.9232 | elapsed=98.3s
2026-09-28 16:56:46,884 [INFO] E021 batch 1320/1493 (88.4%) | opt_steps=330/374 | lr=3.98704e-05 | loss_cur=12.2195 | loss_epoch=10.9169 | elapsed=102.9s
2026-09-28 16:56:52,104 [INFO] E021 batch 1380/1493 (92.4%) | opt_steps=345/374 | lr=3.99525e-05 | loss_cur=13.0429 | loss_epoch=10.8996 | elapsed=108.1s
2026-09-28 16:56:57,236 [INFO] E021 batch 1440/1493 (96.5%) | opt_steps=360/374 | lr=4.00344e-05 | loss_cur=12.2995 | loss_epoch=10.8933 | elapsed=113.3s
2026-09-28 16:57:01,767 [INFO] E021 batch 1493/1493 (100.0%) | opt_steps=373/374 | lr=4.01052e-05 | loss_cur=6.8791 | loss_epoch=10.8956 | elapsed=117.8s
2026-09-28 16:57:01,767 [INFO] E021 val 1/31 (3.2%) | P@10=0.00% | P@20=0.00% | elapsed=0.0s
2026-09-28 16:57:02,272 [INFO] E021 val 31/31 (100.0%) | P@10=20.00% | P@20=46.04% | elapsed=0.5s
2026-09-28 16:57:02,272 [INFO] E021 done | Val P@10: 20.00% | Val P@20: 46.04% | Loss: 10.8956 | opt_steps=374 | elapsed=118.3s | r=0.662
2026-09-28 16:57:02,273 [INFO] E022 start | region=fortaleza | minibatches=1493 | grad_accum=4
2026-09-28 16:57:02,344 [INFO] E022 batch 1/1493 (0.1%) | opt_steps=0/374 | lr=4.01107e-05 | loss_cur=12.8751 | loss_epoch=12.8751 | elapsed=0.1s
2026-09-28 16:57:07,294 [INFO] E022 batch 60/1493 (4.0%) | opt_steps=15/374 | lr=4.01921e-05 | loss_cur=12.7534 | loss_epoch=10.9177 | elapsed=5.0s
2026-09-28 16:57:12,224 [INFO] E022 batch 120/1493 (8.0%) | opt_steps=30/374 | lr=4.02732e-05 | loss_cur=12.3368 | loss_epoch=10.9546 | elapsed=10.0s
2026-09-28 16:57:17,057 [INFO] E022 batch 180/1493 (12.1%) | opt_steps=45/374 | lr=4.03542e-05 | loss_cur=12.6935 | loss_epoch=10.7043 | elapsed=14.8s
2026-09-28 16:57:21,863 [INFO] E022 batch 240/1493 (16.1%) | opt_steps=60/374 | lr=4.04348e-05 | loss_cur=11.6295 | loss_epoch=10.7146 | elapsed=19.6s
2026-09-28 16:57:26,616 [INFO] E022 batch 300/1493 (20.1%) | opt_steps=75/374 | lr=4.05152e-05 | loss_cur=13.0607 | loss_epoch=10.7736 | elapsed=24.3s
2026-09-28 16:57:31,455 [INFO] E022 batch 360/1493 (24.1%) | opt_steps=90/374 | lr=4.05954e-05 | loss_cur=12.5150 | loss_epoch=10.8464 | elapsed=29.2s
2026-09-28 16:57:36,613 [INFO] E022 batch 420/1493 (28.1%) | opt_steps=105/374 | lr=4.06753e-05 | loss_cur=12.7588 | loss_epoch=10.8065 | elapsed=34.3s
2026-09-28 16:57:41,335 [INFO] E022 batch 480/1493 (32.2%) | opt_steps=120/374 | lr=4.07549e-05 | loss_cur=12.1468 | loss_epoch=10.8440 | elapsed=39.1s
2026-09-28 16:57:45,950 [INFO] E022 batch 540/1493 (36.2%) | opt_steps=135/374 | lr=4.08343e-05 | loss_cur=12.5964 | loss_epoch=10.8415 | elapsed=43.7s
2026-09-28 16:57:50,501 [INFO] E022 batch 600/1493 (40.2%) | opt_steps=150/374 | lr=4.09134e-05 | loss_cur=11.6883 | loss_epoch=10.8515 | elapsed=48.2s
2026-09-28 16:57:55,039 [INFO] E022 batch 660/1493 (44.2%) | opt_steps=165/374 | lr=4.09923e-05 | loss_cur=12.2159 | loss_epoch=10.8184 | elapsed=52.8s
2026-09-28 16:57:59,596 [INFO] E022 batch 720/1493 (48.2%) | opt_steps=180/374 | lr=4.10708e-05 | loss_cur=8.7158 | loss_epoch=10.8114 | elapsed=57.3s
2026-09-28 16:58:04,205 [INFO] E022 batch 780/1493 (52.2%) | opt_steps=195/374 | lr=4.11492e-05 | loss_cur=11.9650 | loss_epoch=10.8517 | elapsed=61.9s
2026-09-28 16:58:08,755 [INFO] E022 batch 840/1493 (56.3%) | opt_steps=210/374 | lr=4.12272e-05 | loss_cur=7.5034 | loss_epoch=10.8547 | elapsed=66.5s
2026-09-28 16:58:13,365 [INFO] E022 batch 900/1493 (60.3%) | opt_steps=225/374 | lr=4.1305e-05 | loss_cur=12.9557 | loss_epoch=10.8356 | elapsed=71.1s
2026-09-28 16:58:17,926 [INFO] E022 batch 960/1493 (64.3%) | opt_steps=240/374 | lr=4.13825e-05 | loss_cur=7.7250 | loss_epoch=10.8101 | elapsed=75.7s
2026-09-28 16:58:22,708 [INFO] E022 batch 1020/1493 (68.3%) | opt_steps=255/374 | lr=4.14598e-05 | loss_cur=12.4694 | loss_epoch=10.7687 | elapsed=80.4s
2026-09-28 16:58:27,640 [INFO] E022 batch 1080/1493 (72.3%) | opt_steps=270/374 | lr=4.15367e-05 | loss_cur=12.1274 | loss_epoch=10.7420 | elapsed=85.4s
2026-09-28 16:58:32,812 [INFO] E022 batch 1140/1493 (76.4%) | opt_steps=285/374 | lr=4.16134e-05 | loss_cur=8.3608 | loss_epoch=10.7380 | elapsed=90.5s
2026-09-28 16:58:37,956 [INFO] E022 batch 1200/1493 (80.4%) | opt_steps=300/374 | lr=4.16899e-05 | loss_cur=12.5648 | loss_epoch=10.7516 | elapsed=95.7s
2026-09-28 16:58:42,681 [INFO] E022 batch 1260/1493 (84.4%) | opt_steps=315/374 | lr=4.1766e-05 | loss_cur=4.0432 | loss_epoch=10.7560 | elapsed=100.4s
2026-09-28 16:58:47,452 [INFO] E022 batch 1320/1493 (88.4%) | opt_steps=330/374 | lr=4.18419e-05 | loss_cur=12.7737 | loss_epoch=10.7474 | elapsed=105.2s
2026-09-28 16:58:52,232 [INFO] E022 batch 1380/1493 (92.4%) | opt_steps=345/374 | lr=4.19175e-05 | loss_cur=5.2404 | loss_epoch=10.7425 | elapsed=110.0s
2026-09-28 16:58:56,856 [INFO] E022 batch 1440/1493 (96.5%) | opt_steps=360/374 | lr=4.19928e-05 | loss_cur=12.2550 | loss_epoch=10.7559 | elapsed=114.6s
2026-09-28 16:59:00,964 [INFO] E022 batch 1493/1493 (100.0%) | opt_steps=373/374 | lr=4.20578e-05 | loss_cur=12.7211 | loss_epoch=10.7503 | elapsed=118.7s
2026-09-28 16:59:00,980 [INFO] E022 val 1/31 (3.2%) | P@10=0.00% | P@20=0.00% | elapsed=0.0s
2026-09-28 16:59:01,435 [INFO] E022 val 31/31 (100.0%) | P@10=21.76% | P@20=39.47% | elapsed=0.5s
2026-09-28 16:59:01,435 [INFO] E022 done | Val P@10: 21.76% | Val P@20: 39.47% | Loss: 10.7503 | opt_steps=374 | elapsed=119.2s | r=0.654
2026-09-28 16:59:01,435 [INFO] E023 start | region=fortaleza | minibatches=1493 | grad_accum=4
2026-09-28 16:59:01,518 [INFO] E023 batch 1/1493 (0.1%) | opt_steps=0/374 | lr=4.20628e-05 | loss_cur=9.5720 | loss_epoch=9.5720 | elapsed=0.1s
2026-09-28 16:59:06,229 [INFO] E023 batch 60/1493 (4.0%) | opt_steps=15/374 | lr=4.21376e-05 | loss_cur=12.6916 | loss_epoch=10.9257 | elapsed=4.8s
2026-09-28 16:59:11,444 [INFO] E023 batch 120/1493 (8.0%) | opt_steps=30/374 | lr=4.2212e-05 | loss_cur=10.0079 | loss_epoch=10.7752 | elapsed=10.0s
2026-09-28 16:59:16,510 [INFO] E023 batch 180/1493 (12.1%) | opt_steps=45/374 | lr=4.22862e-05 | loss_cur=6.1595 | loss_epoch=10.6710 | elapsed=15.1s
2026-09-28 16:59:21,084 [INFO] E023 batch 240/1493 (16.1%) | opt_steps=60/374 | lr=4.23601e-05 | loss_cur=12.4012 | loss_epoch=10.5476 | elapsed=19.6s
2026-09-28 16:59:25,601 [INFO] E023 batch 300/1493 (20.1%) | opt_steps=75/374 | lr=4.24337e-05 | loss_cur=13.0515 | loss_epoch=10.6100 | elapsed=24.2s
2026-09-28 16:59:30,178 [INFO] E023 batch 360/1493 (24.1%) | opt_steps=90/374 | lr=4.25071e-05 | loss_cur=5.5905 | loss_epoch=10.6059 | elapsed=28.7s
2026-09-28 16:59:34,697 [INFO] E023 batch 420/1493 (28.1%) | opt_steps=105/374 | lr=4.25801e-05 | loss_cur=11.3468 | loss_epoch=10.6503 | elapsed=33.3s
2026-09-28 16:59:39,243 [INFO] E023 batch 480/1493 (32.2%) | opt_steps=120/374 | lr=4.26528e-05 | loss_cur=12.2351 | loss_epoch=10.6976 | elapsed=37.8s
2026-09-28 16:59:44,007 [INFO] E023 batch 540/1493 (36.2%) | opt_steps=135/374 | lr=4.27253e-05 | loss_cur=11.8857 | loss_epoch=10.6673 | elapsed=42.6s
2026-09-28 16:59:48,844 [INFO] E023 batch 600/1493 (40.2%) | opt_steps=150/374 | lr=4.27974e-05 | loss_cur=10.5628 | loss_epoch=10.6585 | elapsed=47.4s
2026-09-28 16:59:53,531 [INFO] E023 batch 660/1493 (44.2%) | opt_steps=165/374 | lr=4.28693e-05 | loss_cur=10.5524 | loss_epoch=10.6558 | elapsed=52.1s
2026-09-28 16:59:58,724 [INFO] E023 batch 720/1493 (48.2%) | opt_steps=180/374 | lr=4.29408e-05 | loss_cur=11.5243 | loss_epoch=10.6782 | elapsed=57.3s
2026-09-28 17:00:03,876 [INFO] E023 batch 780/1493 (52.2%) | opt_steps=195/374 | lr=4.30121e-05 | loss_cur=11.3753 | loss_epoch=10.6841 | elapsed=62.4s
2026-09-28 17:00:09,024 [INFO] E023 batch 840/1493 (56.3%) | opt_steps=210/374 | lr=4.30831e-05 | loss_cur=7.5175 | loss_epoch=10.6791 | elapsed=67.6s
2026-09-28 17:00:14,155 [INFO] E023 batch 900/1493 (60.3%) | opt_steps=225/374 | lr=4.31537e-05 | loss_cur=12.5017 | loss_epoch=10.6751 | elapsed=72.7s
2026-09-28 17:00:19,094 [INFO] E023 batch 960/1493 (64.3%) | opt_steps=240/374 | lr=4.32241e-05 | loss_cur=12.4621 | loss_epoch=10.7131 | elapsed=77.7s
2026-09-28 17:00:24,019 [INFO] E023 batch 1020/1493 (68.3%) | opt_steps=255/374 | lr=4.32941e-05 | loss_cur=12.0135 | loss_epoch=10.7115 | elapsed=82.6s
2026-09-28 17:00:29,136 [INFO] E023 batch 1080/1493 (72.3%) | opt_steps=270/374 | lr=4.33639e-05 | loss_cur=8.3239 | loss_epoch=10.6988 | elapsed=87.7s
2026-09-28 17:00:33,767 [INFO] E023 batch 1140/1493 (76.4%) | opt_steps=285/374 | lr=4.34333e-05 | loss_cur=11.2917 | loss_epoch=10.6983 | elapsed=92.3s
2026-09-28 17:00:38,318 [INFO] E023 batch 1200/1493 (80.4%) | opt_steps=300/374 | lr=4.35024e-05 | loss_cur=11.0102 | loss_epoch=10.7004 | elapsed=96.9s
2026-09-28 17:00:43,127 [INFO] E023 batch 1260/1493 (84.4%) | opt_steps=315/374 | lr=4.35712e-05 | loss_cur=12.4066 | loss_epoch=10.7066 | elapsed=101.7s
2026-09-28 17:00:47,717 [INFO] E023 batch 1320/1493 (88.4%) | opt_steps=330/374 | lr=4.36398e-05 | loss_cur=11.7893 | loss_epoch=10.7075 | elapsed=106.3s
2026-09-28 17:00:52,188 [INFO] E023 batch 1380/1493 (92.4%) | opt_steps=345/374 | lr=4.3708e-05 | loss_cur=12.6373 | loss_epoch=10.6980 | elapsed=110.8s
2026-09-28 17:00:57,030 [INFO] E023 batch 1440/1493 (96.5%) | opt_steps=360/374 | lr=4.37758e-05 | loss_cur=10.4524 | loss_epoch=10.6823 | elapsed=115.6s
2026-09-28 17:01:01,577 [INFO] E023 batch 1493/1493 (100.0%) | opt_steps=373/374 | lr=4.38344e-05 | loss_cur=12.1854 | loss_epoch=10.6944 | elapsed=120.1s
2026-09-28 17:01:01,593 [INFO] E023 val 1/31 (3.2%) | P@10=0.00% | P@20=0.00% | elapsed=0.0s
2026-09-28 17:01:02,107 [INFO] E023 val 31/31 (100.0%) | P@10=18.82% | P@20=35.72% | elapsed=0.5s
2026-09-28 17:01:02,108 [INFO] E023 done | Val P@10: 18.82% | Val P@20: 35.72% | Loss: 10.6944 | opt_steps=374 | elapsed=120.7s | r=0.655
2026-09-28 17:01:02,108 [INFO] E024 start | region=fortaleza | minibatches=1493 | grad_accum=4
2026-09-28 17:01:02,187 [INFO] E024 batch 1/1493 (0.1%) | opt_steps=0/374 | lr=4.38389e-05 | loss_cur=7.1608 | loss_epoch=7.1608 | elapsed=0.1s
2026-09-28 17:01:07,254 [INFO] E024 batch 60/1493 (4.0%) | opt_steps=15/374 | lr=4.39062e-05 | loss_cur=6.6115 | loss_epoch=10.4365 | elapsed=5.1s
2026-09-28 17:01:12,422 [INFO] E024 batch 120/1493 (8.0%) | opt_steps=30/374 | lr=4.39732e-05 | loss_cur=11.2019 | loss_epoch=10.5195 | elapsed=10.3s
2026-09-28 17:01:17,499 [INFO] E024 batch 180/1493 (12.1%) | opt_steps=45/374 | lr=4.40398e-05 | loss_cur=12.4641 | loss_epoch=10.6065 | elapsed=15.4s
2026-09-28 17:01:22,329 [INFO] E024 batch 240/1493 (16.1%) | opt_steps=60/374 | lr=4.41061e-05 | loss_cur=11.8809 | loss_epoch=10.4362 | elapsed=20.2s
2026-09-28 17:01:27,160 [INFO] E024 batch 300/1493 (20.1%) | opt_steps=75/374 | lr=4.41722e-05 | loss_cur=12.3262 | loss_epoch=10.4601 | elapsed=25.1s
2026-09-28 17:01:31,953 [INFO] E024 batch 360/1493 (24.1%) | opt_steps=90/374 | lr=4.42378e-05 | loss_cur=10.5730 | loss_epoch=10.4300 | elapsed=29.8s
2026-09-28 17:01:36,954 [INFO] E024 batch 420/1493 (28.1%) | opt_steps=105/374 | lr=4.43032e-05 | loss_cur=7.1231 | loss_epoch=10.4442 | elapsed=34.8s
2026-09-28 17:01:41,717 [INFO] E024 batch 480/1493 (32.2%) | opt_steps=120/374 | lr=4.43683e-05 | loss_cur=11.0288 | loss_epoch=10.4338 | elapsed=39.6s
2026-09-28 17:01:46,268 [INFO] E024 batch 540/1493 (36.2%) | opt_steps=135/374 | lr=4.4433e-05 | loss_cur=10.5046 | loss_epoch=10.4747 | elapsed=44.2s
2026-09-28 17:01:50,882 [INFO] E024 batch 600/1493 (40.2%) | opt_steps=150/374 | lr=4.44974e-05 | loss_cur=11.6214 | loss_epoch=10.5142 | elapsed=48.8s
2026-09-28 17:01:55,624 [INFO] E024 batch 660/1493 (44.2%) | opt_steps=165/374 | lr=4.45614e-05 | loss_cur=10.3038 | loss_epoch=10.5441 | elapsed=53.5s
2026-09-28 17:02:00,510 [INFO] E024 batch 720/1493 (48.2%) | opt_steps=180/374 | lr=4.46252e-05 | loss_cur=11.3287 | loss_epoch=10.5591 | elapsed=58.4s
2026-09-28 17:02:05,676 [INFO] E024 batch 780/1493 (52.2%) | opt_steps=195/374 | lr=4.46886e-05 | loss_cur=10.2933 | loss_epoch=10.5639 | elapsed=63.6s
2026-09-28 17:02:10,516 [INFO] E024 batch 840/1493 (56.3%) | opt_steps=210/374 | lr=4.47517e-05 | loss_cur=9.4891 | loss_epoch=10.5274 | elapsed=68.4s
2026-09-28 17:02:15,054 [INFO] E024 batch 900/1493 (60.3%) | opt_steps=225/374 | lr=4.48144e-05 | loss_cur=12.7001 | loss_epoch=10.5526 | elapsed=72.9s
2026-09-28 17:02:19,589 [INFO] E024 batch 960/1493 (64.3%) | opt_steps=240/374 | lr=4.48769e-05 | loss_cur=3.1318 | loss_epoch=10.5436 | elapsed=77.5s
2026-09-28 17:02:24,123 [INFO] E024 batch 1020/1493 (68.3%) | opt_steps=255/374 | lr=4.49389e-05 | loss_cur=12.8740 | loss_epoch=10.5509 | elapsed=82.0s
2026-09-28 17:02:28,640 [INFO] E024 batch 1080/1493 (72.3%) | opt_steps=270/374 | lr=4.50007e-05 | loss_cur=9.1486 | loss_epoch=10.5646 | elapsed=86.5s
2026-09-28 17:02:33,144 [INFO] E024 batch 1140/1493 (76.4%) | opt_steps=285/374 | lr=4.50621e-05 | loss_cur=9.7679 | loss_epoch=10.5697 | elapsed=91.0s
2026-09-28 17:02:37,666 [INFO] E024 batch 1200/1493 (80.4%) | opt_steps=300/374 | lr=4.51232e-05 | loss_cur=12.5844 | loss_epoch=10.5851 | elapsed=95.6s
2026-09-28 17:02:42,198 [INFO] E024 batch 1260/1493 (84.4%) | opt_steps=315/374 | lr=4.51839e-05 | loss_cur=8.0658 | loss_epoch=10.5784 | elapsed=100.1s
2026-09-28 17:02:46,719 [INFO] E024 batch 1320/1493 (88.4%) | opt_steps=330/374 | lr=4.52443e-05 | loss_cur=5.9032 | loss_epoch=10.5891 | elapsed=104.6s
2026-09-28 17:02:51,259 [INFO] E024 batch 1380/1493 (92.4%) | opt_steps=345/374 | lr=4.53044e-05 | loss_cur=10.6118 | loss_epoch=10.5919 | elapsed=109.2s
2026-09-28 17:02:55,778 [INFO] E024 batch 1440/1493 (96.5%) | opt_steps=360/374 | lr=4.53641e-05 | loss_cur=11.0462 | loss_epoch=10.5833 | elapsed=113.7s
2026-09-28 17:02:59,762 [INFO] E024 batch 1493/1493 (100.0%) | opt_steps=373/374 | lr=4.54156e-05 | loss_cur=11.6471 | loss_epoch=10.6073 | elapsed=117.7s
2026-09-28 17:02:59,778 [INFO] E024 val 1/31 (3.2%) | P@10=0.00% | P@20=0.00% | elapsed=0.0s
2026-09-28 17:03:00,231 [INFO] E024 val 31/31 (100.0%) | P@10=18.24% | P@20=42.19% | elapsed=0.5s
2026-09-28 17:03:00,231 [INFO] E024 done | Val P@10: 18.24% | Val P@20: 42.19% | Loss: 10.6073 | opt_steps=374 | elapsed=118.1s | r=0.671
2026-09-28 17:03:00,232 [INFO] E025 start | region=fortaleza | minibatches=1493 | grad_accum=4
2026-09-28 17:03:00,293 [INFO] E025 batch 1/1493 (0.1%) | opt_steps=0/374 | lr=4.54196e-05 | loss_cur=10.9571 | loss_epoch=10.9571 | elapsed=0.1s
2026-09-28 17:03:04,853 [INFO] E025 batch 60/1493 (4.0%) | opt_steps=15/374 | lr=4.54786e-05 | loss_cur=11.0243 | loss_epoch=10.5178 | elapsed=4.6s
2026-09-28 17:03:09,357 [INFO] E025 batch 120/1493 (8.0%) | opt_steps=30/374 | lr=4.55374e-05 | loss_cur=4.3347 | loss_epoch=10.3898 | elapsed=9.1s
2026-09-28 17:03:13,878 [INFO] E025 batch 180/1493 (12.1%) | opt_steps=45/374 | lr=4.55957e-05 | loss_cur=7.6365 | loss_epoch=10.4319 | elapsed=13.6s
2026-09-28 17:03:18,391 [INFO] E025 batch 240/1493 (16.1%) | opt_steps=60/374 | lr=4.56538e-05 | loss_cur=12.4974 | loss_epoch=10.4098 | elapsed=18.2s
2026-09-28 17:03:22,910 [INFO] E025 batch 300/1493 (20.1%) | opt_steps=75/374 | lr=4.57114e-05 | loss_cur=6.0806 | loss_epoch=10.3944 | elapsed=22.7s
2026-09-28 17:03:27,411 [INFO] E025 batch 360/1493 (24.1%) | opt_steps=90/374 | lr=4.57688e-05 | loss_cur=13.9975 | loss_epoch=10.4758 | elapsed=27.2s
2026-09-28 17:03:32,100 [INFO] E025 batch 420/1493 (28.1%) | opt_steps=105/374 | lr=4.58258e-05 | loss_cur=10.3210 | loss_epoch=10.4484 | elapsed=31.9s
2026-09-28 17:03:37,099 [INFO] E025 batch 480/1493 (32.2%) | opt_steps=120/374 | lr=4.58824e-05 | loss_cur=10.2839 | loss_epoch=10.4569 | elapsed=36.9s
2026-09-28 17:03:41,699 [INFO] E025 batch 540/1493 (36.2%) | opt_steps=135/374 | lr=4.59387e-05 | loss_cur=6.6983 | loss_epoch=10.4988 | elapsed=41.5s
2026-09-28 17:03:46,252 [INFO] E025 batch 600/1493 (40.2%) | opt_steps=150/374 | lr=4.59946e-05 | loss_cur=12.6085 | loss_epoch=10.5491 | elapsed=46.0s
2026-09-28 17:03:51,016 [INFO] E025 batch 660/1493 (44.2%) | opt_steps=165/374 | lr=4.60502e-05 | loss_cur=12.5516 | loss_epoch=10.6025 | elapsed=50.8s
2026-09-28 17:03:55,975 [INFO] E025 batch 720/1493 (48.2%) | opt_steps=180/374 | lr=4.61054e-05 | loss_cur=12.6820 | loss_epoch=10.6022 | elapsed=55.7s
2026-09-28 17:04:00,729 [INFO] E025 batch 780/1493 (52.2%) | opt_steps=195/374 | lr=4.61603e-05 | loss_cur=7.8935 | loss_epoch=10.5895 | elapsed=60.5s
2026-09-28 17:04:05,882 [INFO] E025 batch 840/1493 (56.3%) | opt_steps=210/374 | lr=4.62148e-05 | loss_cur=3.5789 | loss_epoch=10.5895 | elapsed=65.7s
2026-09-28 17:04:11,072 [INFO] E025 batch 900/1493 (60.3%) | opt_steps=225/374 | lr=4.6269e-05 | loss_cur=10.5118 | loss_epoch=10.6161 | elapsed=70.8s
2026-09-28 17:04:15,750 [INFO] E025 batch 960/1493 (64.3%) | opt_steps=240/374 | lr=4.63228e-05 | loss_cur=8.6114 | loss_epoch=10.5736 | elapsed=75.5s
2026-09-28 17:04:20,882 [INFO] E025 batch 1020/1493 (68.3%) | opt_steps=255/374 | lr=4.63762e-05 | loss_cur=12.3417 | loss_epoch=10.5524 | elapsed=80.7s
2026-09-28 17:04:25,929 [INFO] E025 batch 1080/1493 (72.3%) | opt_steps=270/374 | lr=4.64293e-05 | loss_cur=12.3372 | loss_epoch=10.5847 | elapsed=85.7s
2026-09-28 17:04:31,027 [INFO] E025 batch 1140/1493 (76.4%) | opt_steps=285/374 | lr=4.6482e-05 | loss_cur=7.6716 | loss_epoch=10.5761 | elapsed=90.8s
2026-09-28 17:04:35,936 [INFO] E025 batch 1200/1493 (80.4%) | opt_steps=300/374 | lr=4.65344e-05 | loss_cur=11.4943 | loss_epoch=10.5894 | elapsed=95.7s
2026-09-28 17:04:41,023 [INFO] E025 batch 1260/1493 (84.4%) | opt_steps=315/374 | lr=4.65864e-05 | loss_cur=12.5836 | loss_epoch=10.5864 | elapsed=100.8s
2026-09-28 17:04:45,845 [INFO] E025 batch 1320/1493 (88.4%) | opt_steps=330/374 | lr=4.6638e-05 | loss_cur=10.5874 | loss_epoch=10.5690 | elapsed=105.6s
2026-09-28 17:04:50,508 [INFO] E025 batch 1380/1493 (92.4%) | opt_steps=345/374 | lr=4.66893e-05 | loss_cur=11.4447 | loss_epoch=10.5548 | elapsed=110.3s
2026-09-28 17:04:55,571 [INFO] E025 batch 1440/1493 (96.5%) | opt_steps=360/374 | lr=4.67402e-05 | loss_cur=12.4507 | loss_epoch=10.5512 | elapsed=115.3s
2026-09-28 17:05:00,151 [INFO] E025 batch 1493/1493 (100.0%) | opt_steps=373/374 | lr=4.6784e-05 | loss_cur=12.0121 | loss_epoch=10.5468 | elapsed=119.9s
2026-09-28 17:05:00,167 [INFO] E025 val 1/31 (3.2%) | P@10=0.00% | P@20=0.00% | elapsed=0.0s
2026-09-28 17:05:00,636 [INFO] E025 val 31/31 (100.0%) | P@10=27.06% | P@20=41.66% | elapsed=0.5s
2026-09-28 17:05:00,636 [INFO] E025 done | Val P@10: 27.06% | Val P@20: 41.66% | Loss: 10.5468 | opt_steps=374 | elapsed=120.4s | r=0.646
2026-09-28 17:05:00,636 [INFO] E026 start | region=fortaleza | minibatches=1493 | grad_accum=4
2026-09-28 17:05:00,714 [INFO] E026 batch 1/1493 (0.1%) | opt_steps=0/374 | lr=4.67874e-05 | loss_cur=7.7207 | loss_epoch=7.7207 | elapsed=0.1s
2026-09-28 17:05:05,346 [INFO] E026 batch 60/1493 (4.0%) | opt_steps=15/374 | lr=4.68376e-05 | loss_cur=11.9089 | loss_epoch=10.6459 | elapsed=4.7s
2026-09-28 17:05:10,086 [INFO] E026 batch 120/1493 (8.0%) | opt_steps=30/374 | lr=4.68874e-05 | loss_cur=10.8022 | loss_epoch=10.6917 | elapsed=9.5s
2026-09-28 17:05:15,270 [INFO] E026 batch 180/1493 (12.1%) | opt_steps=45/374 | lr=4.69369e-05 | loss_cur=12.0470 | loss_epoch=10.7681 | elapsed=14.6s
2026-09-28 17:05:20,247 [INFO] E026 batch 240/1493 (16.1%) | opt_steps=60/374 | lr=4.6986e-05 | loss_cur=11.3300 | loss_epoch=10.6479 | elapsed=19.6s
2026-09-28 17:05:25,016 [INFO] E026 batch 300/1493 (20.1%) | opt_steps=75/374 | lr=4.70347e-05 | loss_cur=12.5999 | loss_epoch=10.6568 | elapsed=24.4s
2026-09-28 17:05:30,016 [INFO] E026 batch 360/1493 (24.1%) | opt_steps=90/374 | lr=4.70831e-05 | loss_cur=11.0557 | loss_epoch=10.6331 | elapsed=29.4s
2026-09-28 17:05:35,093 [INFO] E026 batch 420/1493 (28.1%) | opt_steps=105/374 | lr=4.71311e-05 | loss_cur=12.8495 | loss_epoch=10.6609 | elapsed=34.5s
2026-09-28 17:05:39,959 [INFO] E026 batch 480/1493 (32.2%) | opt_steps=120/374 | lr=4.71787e-05 | loss_cur=11.8814 | loss_epoch=10.5867 | elapsed=39.3s
2026-09-28 17:05:44,669 [INFO] E026 batch 540/1493 (36.2%) | opt_steps=135/374 | lr=4.72259e-05 | loss_cur=11.5975 | loss_epoch=10.5887 | elapsed=44.0s
2026-09-28 17:05:49,526 [INFO] E026 batch 600/1493 (40.2%) | opt_steps=150/374 | lr=4.72728e-05 | loss_cur=11.8282 | loss_epoch=10.5957 | elapsed=48.9s
2026-09-28 17:05:54,474 [INFO] E026 batch 660/1493 (44.2%) | opt_steps=165/374 | lr=4.73193e-05 | loss_cur=11.6263 | loss_epoch=10.5620 | elapsed=53.8s
2026-09-28 17:05:59,389 [INFO] E026 batch 720/1493 (48.2%) | opt_steps=180/374 | lr=4.73654e-05 | loss_cur=11.7828 | loss_epoch=10.5281 | elapsed=58.8s
2026-09-28 17:06:04,480 [INFO] E026 batch 780/1493 (52.2%) | opt_steps=195/374 | lr=4.74111e-05 | loss_cur=12.3469 | loss_epoch=10.5102 | elapsed=63.8s
2026-09-28 17:06:09,683 [INFO] E026 batch 840/1493 (56.3%) | opt_steps=210/374 | lr=4.74564e-05 | loss_cur=12.2685 | loss_epoch=10.4905 | elapsed=69.0s
2026-09-28 17:06:14,850 [INFO] E026 batch 900/1493 (60.3%) | opt_steps=225/374 | lr=4.75014e-05 | loss_cur=12.9518 | loss_epoch=10.4729 | elapsed=74.2s
2026-09-28 17:06:19,692 [INFO] E026 batch 960/1493 (64.3%) | opt_steps=240/374 | lr=4.7546e-05 | loss_cur=9.2491 | loss_epoch=10.4651 | elapsed=79.1s
2026-09-28 17:06:24,412 [INFO] E026 batch 1020/1493 (68.3%) | opt_steps=255/374 | lr=4.75902e-05 | loss_cur=10.6456 | loss_epoch=10.4584 | elapsed=83.8s
2026-09-28 17:06:29,197 [INFO] E026 batch 1080/1493 (72.3%) | opt_steps=270/374 | lr=4.76341e-05 | loss_cur=12.6399 | loss_epoch=10.4507 | elapsed=88.6s
2026-09-28 17:06:33,736 [INFO] E026 batch 1140/1493 (76.4%) | opt_steps=285/374 | lr=4.76775e-05 | loss_cur=11.9153 | loss_epoch=10.4622 | elapsed=93.1s
2026-09-28 17:06:38,303 [INFO] E026 batch 1200/1493 (80.4%) | opt_steps=300/374 | lr=4.77206e-05 | loss_cur=12.6629 | loss_epoch=10.4687 | elapsed=97.7s
2026-09-28 17:06:43,205 [INFO] E026 batch 1260/1493 (84.4%) | opt_steps=315/374 | lr=4.77633e-05 | loss_cur=8.4968 | loss_epoch=10.4816 | elapsed=102.6s
2026-09-28 17:06:47,954 [INFO] E026 batch 1320/1493 (88.4%) | opt_steps=330/374 | lr=4.78056e-05 | loss_cur=11.1033 | loss_epoch=10.4565 | elapsed=107.3s
2026-09-28 17:06:52,597 [INFO] E026 batch 1380/1493 (92.4%) | opt_steps=345/374 | lr=4.78475e-05 | loss_cur=10.9987 | loss_epoch=10.4616 | elapsed=112.0s
2026-09-28 17:06:57,290 [INFO] E026 batch 1440/1493 (96.5%) | opt_steps=360/374 | lr=4.7889e-05 | loss_cur=12.7274 | loss_epoch=10.4861 | elapsed=116.7s
2026-09-28 17:07:01,427 [INFO] E026 batch 1493/1493 (100.0%) | opt_steps=373/374 | lr=4.79247e-05 | loss_cur=12.2228 | loss_epoch=10.4895 | elapsed=120.8s
2026-09-28 17:07:01,439 [INFO] E026 val 1/31 (3.2%) | P@10=0.00% | P@20=0.00% | elapsed=0.0s
2026-09-28 17:07:01,906 [INFO] E026 val 31/31 (100.0%) | P@10=20.59% | P@20=33.48% | elapsed=0.5s
2026-09-28 17:07:01,906 [INFO] E026 done | Val P@10: 20.59% | Val P@20: 33.48% | Loss: 10.4895 | opt_steps=374 | elapsed=121.3s | r=0.657
2026-09-28 17:07:01,921 [INFO] E027 start | region=fortaleza | minibatches=1493 | grad_accum=4
2026-09-28 17:07:01,993 [INFO] E027 batch 1/1493 (0.1%) | opt_steps=0/374 | lr=4.79275e-05 | loss_cur=11.3974 | loss_epoch=11.3974 | elapsed=0.1s
2026-09-28 17:07:06,532 [INFO] E027 batch 60/1493 (4.0%) | opt_steps=15/374 | lr=4.79682e-05 | loss_cur=10.4010 | loss_epoch=10.4188 | elapsed=4.6s
2026-09-28 17:07:11,599 [INFO] E027 batch 120/1493 (8.0%) | opt_steps=30/374 | lr=4.80086e-05 | loss_cur=9.3592 | loss_epoch=10.4226 | elapsed=9.7s
2026-09-28 17:07:16,706 [INFO] E027 batch 180/1493 (12.1%) | opt_steps=45/374 | lr=4.80487e-05 | loss_cur=11.9247 | loss_epoch=10.4703 | elapsed=14.8s
2026-09-28 17:07:21,670 [INFO] E027 batch 240/1493 (16.1%) | opt_steps=60/374 | lr=4.80883e-05 | loss_cur=12.1377 | loss_epoch=10.6162 | elapsed=19.8s
2026-09-28 17:07:26,795 [INFO] E027 batch 300/1493 (20.1%) | opt_steps=75/374 | lr=4.81275e-05 | loss_cur=12.7398 | loss_epoch=10.4133 | elapsed=24.9s
2026-09-28 17:07:32,001 [INFO] E027 batch 360/1493 (24.1%) | opt_steps=90/374 | lr=4.81664e-05 | loss_cur=12.2668 | loss_epoch=10.3537 | elapsed=30.1s
2026-09-28 17:07:37,252 [INFO] E027 batch 420/1493 (28.1%) | opt_steps=105/374 | lr=4.82048e-05 | loss_cur=12.5291 | loss_epoch=10.3308 | elapsed=35.3s
2026-09-28 17:07:42,446 [INFO] E027 batch 480/1493 (32.2%) | opt_steps=120/374 | lr=4.82429e-05 | loss_cur=11.3827 | loss_epoch=10.2986 | elapsed=40.5s
2026-09-28 17:07:47,302 [INFO] E027 batch 540/1493 (36.2%) | opt_steps=135/374 | lr=4.82805e-05 | loss_cur=6.2065 | loss_epoch=10.2928 | elapsed=45.4s
2026-09-28 17:07:52,159 [INFO] E027 batch 600/1493 (40.2%) | opt_steps=150/374 | lr=4.83178e-05 | loss_cur=11.2364 | loss_epoch=10.2987 | elapsed=50.3s
2026-09-28 17:07:56,913 [INFO] E027 batch 660/1493 (44.2%) | opt_steps=165/374 | lr=4.83547e-05 | loss_cur=6.0423 | loss_epoch=10.3289 | elapsed=55.0s
2026-09-28 17:08:01,626 [INFO] E027 batch 720/1493 (48.2%) | opt_steps=180/374 | lr=4.83912e-05 | loss_cur=12.2184 | loss_epoch=10.3834 | elapsed=59.7s
2026-09-28 17:08:06,759 [INFO] E027 batch 780/1493 (52.2%) | opt_steps=195/374 | lr=4.84273e-05 | loss_cur=10.1740 | loss_epoch=10.4307 | elapsed=64.9s
2026-09-28 17:08:11,768 [INFO] E027 batch 840/1493 (56.3%) | opt_steps=210/374 | lr=4.8463e-05 | loss_cur=11.4935 | loss_epoch=10.4333 | elapsed=69.9s
2026-09-28 17:08:16,914 [INFO] E027 batch 900/1493 (60.3%) | opt_steps=225/374 | lr=4.84982e-05 | loss_cur=12.1562 | loss_epoch=10.4246 | elapsed=75.0s
2026-09-28 17:08:21,788 [INFO] E027 batch 960/1493 (64.3%) | opt_steps=240/374 | lr=4.85331e-05 | loss_cur=8.6991 | loss_epoch=10.4039 | elapsed=79.9s
2026-09-28 17:08:26,602 [INFO] E027 batch 1020/1493 (68.3%) | opt_steps=255/374 | lr=4.85677e-05 | loss_cur=10.9618 | loss_epoch=10.4131 | elapsed=84.7s
2026-09-28 17:08:31,094 [INFO] E027 batch 1080/1493 (72.3%) | opt_steps=270/374 | lr=4.86018e-05 | loss_cur=12.3632 | loss_epoch=10.4149 | elapsed=89.2s
2026-09-28 17:08:35,567 [INFO] E027 batch 1140/1493 (76.4%) | opt_steps=285/374 | lr=4.86355e-05 | loss_cur=10.8036 | loss_epoch=10.3817 | elapsed=93.7s
2026-09-28 17:08:40,099 [INFO] E027 batch 1200/1493 (80.4%) | opt_steps=300/374 | lr=4.86688e-05 | loss_cur=5.6911 | loss_epoch=10.3870 | elapsed=98.2s
2026-09-28 17:08:44,794 [INFO] E027 batch 1260/1493 (84.4%) | opt_steps=315/374 | lr=4.87017e-05 | loss_cur=7.5726 | loss_epoch=10.3866 | elapsed=102.9s
2026-09-28 17:08:49,600 [INFO] E027 batch 1320/1493 (88.4%) | opt_steps=330/374 | lr=4.87342e-05 | loss_cur=12.6536 | loss_epoch=10.3904 | elapsed=107.7s
2026-09-28 17:08:54,599 [INFO] E027 batch 1380/1493 (92.4%) | opt_steps=345/374 | lr=4.87663e-05 | loss_cur=12.3547 | loss_epoch=10.3965 | elapsed=112.7s
2026-09-28 17:08:59,536 [INFO] E027 batch 1440/1493 (96.5%) | opt_steps=360/374 | lr=4.8798e-05 | loss_cur=12.3034 | loss_epoch=10.4102 | elapsed=117.6s
2026-09-28 17:09:03,838 [INFO] E027 batch 1493/1493 (100.0%) | opt_steps=373/374 | lr=4.88251e-05 | loss_cur=5.5975 | loss_epoch=10.4126 | elapsed=121.9s
2026-09-28 17:09:03,853 [INFO] E027 val 1/31 (3.2%) | P@10=0.00% | P@20=0.00% | elapsed=0.0s
2026-09-28 17:09:04,326 [INFO] E027 val 31/31 (100.0%) | P@10=16.47% | P@20=38.45% | elapsed=0.5s
2026-09-28 17:09:04,326 [INFO] E027 done | Val P@10: 16.47% | Val P@20: 38.45% | Loss: 10.4126 | opt_steps=374 | elapsed=122.4s | r=0.649
2026-09-28 17:09:04,374 [INFO] 
ESPECIALISTA: RMF (SENTINELA V4 - HONESTY)
2026-09-28 17:09:04,462 [INFO] Preparando janelas | region=rmf | total_steps=1732 | candidate_windows=1688 | train=2022-01-01..2026-06-30 | val=2026-07-01..2026-08-29
2026-09-28 17:09:04,464 [INFO] Janela 1/1688 (0.1%) preparada | elapsed=0.0s
2026-09-28 17:09:04,468 [INFO] Janela 60/1688 (3.6%) preparada | elapsed=0.0s
2026-09-28 17:09:04,515 [INFO] Janela 120/1688 (7.1%) preparada | elapsed=0.1s
2026-09-28 17:09:04,520 [INFO] Janela 180/1688 (10.7%) preparada | elapsed=0.1s
2026-09-28 17:09:04,525 [INFO] Janela 240/1688 (14.2%) preparada | elapsed=0.1s
2026-09-28 17:09:04,530 [INFO] Janela 300/1688 (17.8%) preparada | elapsed=0.1s
2026-09-28 17:09:04,535 [INFO] Janela 360/1688 (21.3%) preparada | elapsed=0.1s
2026-09-28 17:09:04,539 [INFO] Janela 420/1688 (24.9%) preparada | elapsed=0.1s
2026-09-28 17:09:04,544 [INFO] Janela 480/1688 (28.4%) preparada | elapsed=0.1s
2026-09-28 17:09:04,549 [INFO] Janela 540/1688 (32.0%) preparada | elapsed=0.1s
2026-09-28 17:09:04,553 [INFO] Janela 600/1688 (35.5%) preparada | elapsed=0.1s
2026-09-28 17:09:04,557 [INFO] Janela 660/1688 (39.1%) preparada | elapsed=0.1s
2026-09-28 17:09:04,562 [INFO] Janela 720/1688 (42.7%) preparada | elapsed=0.1s
2026-09-28 17:09:04,566 [INFO] Janela 780/1688 (46.2%) preparada | elapsed=0.1s
2026-09-28 17:09:04,570 [INFO] Janela 840/1688 (49.8%) preparada | elapsed=0.1s
2026-09-28 17:09:04,575 [INFO] Janela 900/1688 (53.3%) preparada | elapsed=0.1s
2026-09-28 17:09:04,579 [INFO] Janela 960/1688 (56.9%) preparada | elapsed=0.1s
2026-09-28 17:09:04,585 [INFO] Janela 1020/1688 (60.4%) preparada | elapsed=0.1s
2026-09-28 17:09:04,589 [INFO] Janela 1080/1688 (64.0%) preparada | elapsed=0.1s
2026-09-28 17:09:04,593 [INFO] Janela 1140/1688 (67.5%) preparada | elapsed=0.1s
2026-09-28 17:09:04,597 [INFO] Janela 1200/1688 (71.1%) preparada | elapsed=0.1s
2026-09-28 17:09:04,601 [INFO] Janela 1260/1688 (74.6%) preparada | elapsed=0.1s
2026-09-28 17:09:04,606 [INFO] Janela 1320/1688 (78.2%) preparada | elapsed=0.1s
2026-09-28 17:09:04,611 [INFO] Janela 1380/1688 (81.8%) preparada | elapsed=0.1s
2026-09-28 17:09:04,615 [INFO] Janela 1440/1688 (85.3%) preparada | elapsed=0.2s
2026-09-28 17:09:04,619 [INFO] Janela 1500/1688 (88.9%) preparada | elapsed=0.2s
2026-09-28 17:09:04,623 [INFO] Janela 1560/1688 (92.4%) preparada | elapsed=0.2s
2026-09-28 17:09:04,628 [INFO] Janela 1620/1688 (96.0%) preparada | elapsed=0.2s
2026-09-28 17:09:04,632 [INFO] Janela 1680/1688 (99.5%) preparada | elapsed=0.2s
2026-09-28 17:09:04,633 [INFO] Janela 1688/1688 (100.0%) preparada | elapsed=0.2s
2026-09-28 17:09:04,644 [INFO] Filtro bimestral | nós ativos médio: 58.0% do total (19)
2026-09-28 17:09:04,644 [INFO] Split temporal aplicado | region=rmf | train_windows=1599 | val_windows=31 | first_train_target=2022-01-15 | last_train_target=2026-06-30 | first_val_target=2026-07-01 | last_val_target=2026-08-29
2026-09-28 17:09:04,654 [INFO] Dataset preparado | train=1599 | val=31 | nodes=19 | base_channels=37 | total_channels=37 | grad_accum=8 | opt_steps/epoch=200
2026-09-28 17:09:04,654 [INFO] E001 start | region=rmf | minibatches=1599 | grad_accum=8
2026-09-28 17:09:04,701 [INFO] E001 batch 1/1599 (0.1%) | opt_steps=0/200 | lr=4e-05 | loss_cur=594.0066 | loss_epoch=594.0066 | elapsed=0.0s
2026-09-28 17:09:06,216 [INFO] E001 batch 60/1599 (3.8%) | opt_steps=7/200 | lr=4.00359e-05 | loss_cur=1638.9004 | loss_epoch=658.3506 | elapsed=1.6s
2026-09-28 17:09:07,867 [INFO] E001 batch 120/1599 (7.5%) | opt_steps=15/200 | lr=4.01647e-05 | loss_cur=331.0011 | loss_epoch=631.5096 | elapsed=3.2s
2026-09-28 17:09:09,282 [INFO] E001 batch 180/1599 (11.3%) | opt_steps=22/200 | lr=4.03542e-05 | loss_cur=291.8040 | loss_epoch=618.7318 | elapsed=4.6s
2026-09-28 17:09:10,736 [INFO] E001 batch 240/1599 (15.0%) | opt_steps=30/200 | lr=4.06586e-05 | loss_cur=773.8382 | loss_epoch=584.4277 | elapsed=6.1s
2026-09-28 17:09:12,105 [INFO] E001 batch 300/1599 (18.8%) | opt_steps=37/200 | lr=4.10016e-05 | loss_cur=867.0872 | loss_epoch=584.4305 | elapsed=7.5s
2026-09-28 17:09:13,476 [INFO] E001 batch 360/1599 (22.5%) | opt_steps=45/200 | lr=4.14813e-05 | loss_cur=542.7412 | loss_epoch=566.5103 | elapsed=8.8s
2026-09-28 17:09:14,840 [INFO] E001 batch 420/1599 (26.3%) | opt_steps=52/200 | lr=4.19777e-05 | loss_cur=885.2261 | loss_epoch=554.4113 | elapsed=10.2s
2026-09-28 17:09:16,255 [INFO] E001 batch 480/1599 (30.0%) | opt_steps=60/200 | lr=4.26324e-05 | loss_cur=397.7188 | loss_epoch=537.6383 | elapsed=11.6s
2026-09-28 17:09:17,669 [INFO] E001 batch 540/1599 (33.8%) | opt_steps=67/200 | lr=4.32817e-05 | loss_cur=299.7085 | loss_epoch=523.5220 | elapsed=13.0s
2026-09-28 17:09:19,087 [INFO] E001 batch 600/1599 (37.5%) | opt_steps=75/200 | lr=4.4111e-05 | loss_cur=166.1544 | loss_epoch=511.9933 | elapsed=14.4s
2026-09-28 17:09:20,505 [INFO] E001 batch 660/1599 (41.3%) | opt_steps=82/200 | lr=4.49129e-05 | loss_cur=155.6844 | loss_epoch=501.3502 | elapsed=15.9s
2026-09-28 17:09:21,914 [INFO] E001 batch 720/1599 (45.0%) | opt_steps=90/200 | lr=4.59162e-05 | loss_cur=363.5639 | loss_epoch=485.4774 | elapsed=17.3s
2026-09-28 17:09:23,311 [INFO] E001 batch 780/1599 (48.8%) | opt_steps=97/200 | lr=4.68699e-05 | loss_cur=308.1614 | loss_epoch=472.5398 | elapsed=18.7s
2026-09-28 17:09:24,689 [INFO] E001 batch 840/1599 (52.5%) | opt_steps=105/200 | lr=4.80466e-05 | loss_cur=99.8848 | loss_epoch=463.3921 | elapsed=20.0s
2026-09-28 17:09:26,057 [INFO] E001 batch 900/1599 (56.3%) | opt_steps=112/200 | lr=4.91517e-05 | loss_cur=62.5753 | loss_epoch=452.2003 | elapsed=21.4s
2026-09-28 17:09:27,475 [INFO] E001 batch 960/1599 (60.0%) | opt_steps=120/200 | lr=5.05008e-05 | loss_cur=312.1407 | loss_epoch=439.4634 | elapsed=22.8s
2026-09-28 17:09:28,872 [INFO] E001 batch 1020/1599 (63.8%) | opt_steps=127/200 | lr=5.17564e-05 | loss_cur=236.0849 | loss_epoch=429.8419 | elapsed=24.2s
2026-09-28 17:09:30,275 [INFO] E001 batch 1080/1599 (67.5%) | opt_steps=135/200 | lr=5.32771e-05 | loss_cur=351.6435 | loss_epoch=421.7582 | elapsed=25.6s
2026-09-28 17:09:31,670 [INFO] E001 batch 1140/1599 (71.3%) | opt_steps=142/200 | lr=5.46825e-05 | loss_cur=218.1495 | loss_epoch=409.5249 | elapsed=27.0s
2026-09-28 17:09:33,070 [INFO] E001 batch 1200/1599 (75.0%) | opt_steps=150/200 | lr=5.63737e-05 | loss_cur=175.8469 | loss_epoch=402.9229 | elapsed=28.4s
2026-09-28 17:09:34,455 [INFO] E001 batch 1260/1599 (78.8%) | opt_steps=157/200 | lr=5.79278e-05 | loss_cur=249.4677 | loss_epoch=393.5141 | elapsed=29.8s
2026-09-28 17:09:35,916 [INFO] E001 batch 1320/1599 (82.6%) | opt_steps=165/200 | lr=5.97884e-05 | loss_cur=166.0969 | loss_epoch=384.9665 | elapsed=31.3s
2026-09-28 17:09:37,276 [INFO] E001 batch 1380/1599 (86.3%) | opt_steps=172/200 | lr=6.14901e-05 | loss_cur=292.5823 | loss_epoch=377.6164 | elapsed=32.6s
2026-09-28 17:09:38,689 [INFO] E001 batch 1440/1599 (90.1%) | opt_steps=180/200 | lr=6.35188e-05 | loss_cur=482.5142 | loss_epoch=370.6178 | elapsed=34.0s
2026-09-28 17:09:40,109 [INFO] E001 batch 1500/1599 (93.8%) | opt_steps=187/200 | lr=6.5367e-05 | loss_cur=395.6865 | loss_epoch=362.0524 | elapsed=35.5s
2026-09-28 17:09:41,505 [INFO] E001 batch 1560/1599 (97.6%) | opt_steps=195/200 | lr=6.75624e-05 | loss_cur=152.8064 | loss_epoch=355.4462 | elapsed=36.9s
2026-09-28 17:09:42,415 [INFO] E001 batch 1599/1599 (100.0%) | opt_steps=199/200 | lr=6.86933e-05 | loss_cur=162.5788 | loss_epoch=350.8712 | elapsed=37.8s
2026-09-28 17:09:42,433 [INFO] E001 val 1/31 (3.2%) | P@10=75.00% | P@20=100.00% | elapsed=0.0s
2026-09-28 17:09:42,635 [INFO] E001 val 31/31 (100.0%) | P@10=70.26% | P@20=100.00% | elapsed=0.2s
2026-09-28 17:09:42,635 [INFO] E001 done | Val P@10: 70.26% | Val P@20: 100.00% | Loss: 350.8712 | opt_steps=200 | elapsed=38.0s
2026-09-28 17:09:42,653 [INFO] NOVO RECORDE: 70.26%
2026-09-28 17:09:42,653 [INFO] E002 start | region=rmf | minibatches=1599 | grad_accum=8
2026-09-28 17:09:42,715 [INFO] E002 batch 1/1599 (0.1%) | opt_steps=0/200 | lr=6.89794e-05 | loss_cur=124.5391 | loss_epoch=124.5391 | elapsed=0.1s
2026-09-28 17:09:44,301 [INFO] E002 batch 60/1599 (3.8%) | opt_steps=7/200 | lr=7.10209e-05 | loss_cur=225.7771 | loss_epoch=186.8778 | elapsed=1.6s
2026-09-28 17:09:45,793 [INFO] E002 batch 120/1599 (7.5%) | opt_steps=15/200 | lr=7.34363e-05 | loss_cur=228.8797 | loss_epoch=163.0075 | elapsed=3.1s
2026-09-28 17:09:47,725 [INFO] E002 batch 180/1599 (11.3%) | opt_steps=22/200 | lr=7.56212e-05 | loss_cur=49.8763 | loss_epoch=154.6783 | elapsed=5.1s
2026-09-28 17:09:49,611 [INFO] E002 batch 240/1599 (15.0%) | opt_steps=30/200 | lr=7.81995e-05 | loss_cur=370.5074 | loss_epoch=154.9143 | elapsed=7.0s
2026-09-28 17:09:51,526 [INFO] E002 batch 300/1599 (18.8%) | opt_steps=37/200 | lr=8.05263e-05 | loss_cur=151.5414 | loss_epoch=162.6753 | elapsed=8.9s
2026-09-28 17:09:53,508 [INFO] E002 batch 360/1599 (22.5%) | opt_steps=45/200 | lr=8.32659e-05 | loss_cur=148.5715 | loss_epoch=163.8074 | elapsed=10.9s
2026-09-28 17:09:55,412 [INFO] E002 batch 420/1599 (26.3%) | opt_steps=52/200 | lr=8.5733e-05 | loss_cur=93.1820 | loss_epoch=160.3370 | elapsed=12.8s
2026-09-28 17:09:57,295 [INFO] E002 batch 480/1599 (30.0%) | opt_steps=60/200 | lr=8.86319e-05 | loss_cur=98.2593 | loss_epoch=157.9113 | elapsed=14.6s
2026-09-28 17:09:59,318 [INFO] E002 batch 540/1599 (33.8%) | opt_steps=67/200 | lr=9.12376e-05 | loss_cur=254.8128 | loss_epoch=157.2636 | elapsed=16.7s
2026-09-28 17:10:01,265 [INFO] E002 batch 600/1599 (37.5%) | opt_steps=75/200 | lr=9.42939e-05 | loss_cur=69.1080 | loss_epoch=159.8137 | elapsed=18.6s
2026-09-28 17:10:03,022 [INFO] E002 batch 660/1599 (41.3%) | opt_steps=82/200 | lr=9.70364e-05 | loss_cur=194.5344 | loss_epoch=160.4266 | elapsed=20.4s
2026-09-28 17:10:04,770 [INFO] E002 batch 720/1599 (45.0%) | opt_steps=90/200 | lr=0.000100248 | loss_cur=32.3106 | loss_epoch=160.0603 | elapsed=22.1s
2026-09-28 17:10:06,530 [INFO] E002 batch 780/1599 (48.8%) | opt_steps=97/200 | lr=0.000103125 | loss_cur=35.8709 | loss_epoch=159.8759 | elapsed=23.9s
2026-09-28 17:10:08,399 [INFO] E002 batch 840/1599 (52.5%) | opt_steps=105/200 | lr=0.00010649 | loss_cur=163.2837 | loss_epoch=158.6139 | elapsed=25.7s
2026-09-28 17:10:10,206 [INFO] E002 batch 900/1599 (56.3%) | opt_steps=112/200 | lr=0.0001095 | loss_cur=33.0669 | loss_epoch=157.3617 | elapsed=27.6s
2026-09-28 17:10:12,035 [INFO] E002 batch 960/1599 (60.0%) | opt_steps=120/200 | lr=0.000113016 | loss_cur=198.0439 | loss_epoch=157.4571 | elapsed=29.4s
2026-09-28 17:10:13,845 [INFO] E002 batch 1020/1599 (63.8%) | opt_steps=127/200 | lr=0.000116157 | loss_cur=228.3965 | loss_epoch=157.4914 | elapsed=31.2s
2026-09-28 17:10:15,670 [INFO] E002 batch 1080/1599 (67.5%) | opt_steps=135/200 | lr=0.000119821 | loss_cur=31.9989 | loss_epoch=156.9423 | elapsed=33.0s
2026-09-28 17:10:17,481 [INFO] E002 batch 1140/1599 (71.3%) | opt_steps=142/200 | lr=0.000123091 | loss_cur=49.1916 | loss_epoch=156.4396 | elapsed=34.8s
2026-09-28 17:10:19,304 [INFO] E002 batch 1200/1599 (75.0%) | opt_steps=150/200 | lr=0.000126901 | loss_cur=264.6768 | loss_epoch=156.5875 | elapsed=36.7s
2026-09-28 17:10:21,109 [INFO] E002 batch 1260/1599 (78.8%) | opt_steps=157/200 | lr=0.000130297 | loss_cur=96.2063 | loss_epoch=156.0110 | elapsed=38.5s
2026-09-28 17:10:22,945 [INFO] E002 batch 1320/1599 (82.6%) | opt_steps=165/200 | lr=0.00013425 | loss_cur=197.7049 | loss_epoch=155.8270 | elapsed=40.3s
2026-09-28 17:10:24,645 [INFO] E002 batch 1380/1599 (86.3%) | opt_steps=172/200 | lr=0.00013777 | loss_cur=182.3084 | loss_epoch=155.8133 | elapsed=42.0s
2026-09-28 17:10:25,887 [INFO] E002 batch 1440/1599 (90.1%) | opt_steps=180/200 | lr=0.000141864 | loss_cur=65.4006 | loss_epoch=156.1917 | elapsed=43.2s
2026-09-28 17:10:27,155 [INFO] E002 batch 1500/1599 (93.8%) | opt_steps=187/200 | lr=0.000145506 | loss_cur=41.7705 | loss_epoch=154.9796 | elapsed=44.5s
2026-09-28 17:10:28,410 [INFO] E002 batch 1560/1599 (97.6%) | opt_steps=195/200 | lr=0.000149737 | loss_cur=324.7884 | loss_epoch=154.9781 | elapsed=45.8s
2026-09-28 17:10:29,266 [INFO] E002 batch 1599/1599 (100.0%) | opt_steps=199/200 | lr=0.00015188 | loss_cur=160.0182 | loss_epoch=155.0025 | elapsed=46.6s
2026-09-28 17:10:29,280 [INFO] E002 val 1/31 (3.2%) | P@10=37.50% | P@20=100.00% | elapsed=0.0s
2026-09-28 17:10:29,479 [INFO] E002 val 31/31 (100.0%) | P@10=60.57% | P@20=100.00% | elapsed=0.2s
2026-09-28 17:10:29,479 [INFO] E002 done | Val P@10: 60.57% | Val P@20: 100.00% | Loss: 155.0025 | opt_steps=200 | elapsed=46.8s
2026-09-28 17:10:29,479 [INFO] E003 start | region=rmf | minibatches=1599 | grad_accum=8
2026-09-28 17:10:29,495 [INFO] E003 batch 1/1599 (0.1%) | opt_steps=0/200 | lr=0.000152418 | loss_cur=42.4499 | loss_epoch=42.4499 | elapsed=0.0s
2026-09-28 17:10:30,788 [INFO] E003 batch 60/1599 (3.8%) | opt_steps=7/200 | lr=0.000156219 | loss_cur=43.6495 | loss_epoch=124.2130 | elapsed=1.3s
2026-09-28 17:10:32,088 [INFO] E003 batch 120/1599 (7.5%) | opt_steps=15/200 | lr=0.000160629 | loss_cur=70.8586 | loss_epoch=128.2888 | elapsed=2.6s
2026-09-28 17:10:33,342 [INFO] E003 batch 180/1599 (11.3%) | opt_steps=22/200 | lr=0.000164546 | loss_cur=210.3353 | loss_epoch=135.7975 | elapsed=3.9s
2026-09-28 17:10:34,604 [INFO] E003 batch 240/1599 (15.0%) | opt_steps=30/200 | lr=0.000169087 | loss_cur=38.8563 | loss_epoch=143.8850 | elapsed=5.1s
2026-09-28 17:10:35,857 [INFO] E003 batch 300/1599 (18.8%) | opt_steps=37/200 | lr=0.000173116 | loss_cur=694.3342 | loss_epoch=146.2717 | elapsed=6.4s
2026-09-28 17:10:37,133 [INFO] E003 batch 360/1599 (22.5%) | opt_steps=45/200 | lr=0.000177785 | loss_cur=199.8255 | loss_epoch=143.8567 | elapsed=7.7s
2026-09-28 17:10:38,381 [INFO] E003 batch 420/1599 (26.3%) | opt_steps=52/200 | lr=0.000181925 | loss_cur=79.6182 | loss_epoch=144.3808 | elapsed=8.9s
2026-09-28 17:10:39,671 [INFO] E003 batch 480/1599 (30.0%) | opt_steps=60/200 | lr=0.000186718 | loss_cur=234.6229 | loss_epoch=143.7887 | elapsed=10.2s
2026-09-28 17:10:40,940 [INFO] E003 batch 540/1599 (33.8%) | opt_steps=67/200 | lr=0.000190965 | loss_cur=76.8425 | loss_epoch=143.3158 | elapsed=11.5s
2026-09-28 17:10:42,276 [INFO] E003 batch 600/1599 (37.5%) | opt_steps=75/200 | lr=0.00019588 | loss_cur=136.5748 | loss_epoch=141.5694 | elapsed=12.8s
2026-09-28 17:10:43,542 [INFO] E003 batch 660/1599 (41.3%) | opt_steps=82/200 | lr=0.000200232 | loss_cur=101.5360 | loss_epoch=141.1603 | elapsed=14.1s
2026-09-28 17:10:44,825 [INFO] E003 batch 720/1599 (45.0%) | opt_steps=90/200 | lr=0.000205264 | loss_cur=179.4551 | loss_epoch=140.5095 | elapsed=15.3s
2026-09-28 17:10:46,091 [INFO] E003 batch 780/1599 (48.8%) | opt_steps=97/200 | lr=0.000209717 | loss_cur=79.2420 | loss_epoch=139.7456 | elapsed=16.6s
2026-09-28 17:10:47,345 [INFO] E003 batch 840/1599 (52.5%) | opt_steps=105/200 | lr=0.000214864 | loss_cur=213.6017 | loss_epoch=139.6967 | elapsed=17.9s
2026-09-28 17:10:48,652 [INFO] E003 batch 900/1599 (56.3%) | opt_steps=112/200 | lr=0.000219416 | loss_cur=80.2166 | loss_epoch=138.8570 | elapsed=19.2s
2026-09-28 17:10:49,918 [INFO] E003 batch 960/1599 (60.0%) | opt_steps=120/200 | lr=0.000224673 | loss_cur=224.7000 | loss_epoch=137.5347 | elapsed=20.4s
2026-09-28 17:10:51,204 [INFO] E003 batch 1020/1599 (63.8%) | opt_steps=127/200 | lr=0.000229321 | loss_cur=165.8189 | loss_epoch=136.4574 | elapsed=21.7s
2026-09-28 17:10:52,370 [INFO] E003 batch 1080/1599 (67.5%) | opt_steps=135/200 | lr=0.000234685 | loss_cur=53.3363 | loss_epoch=135.3027 | elapsed=22.9s
2026-09-28 17:10:53,656 [INFO] E003 batch 1140/1599 (71.3%) | opt_steps=142/200 | lr=0.000239425 | loss_cur=97.9575 | loss_epoch=134.7032 | elapsed=24.2s
2026-09-28 17:10:54,900 [INFO] E003 batch 1200/1599 (75.0%) | opt_steps=150/200 | lr=0.000244893 | loss_cur=182.4736 | loss_epoch=135.1401 | elapsed=25.4s
2026-09-28 17:10:56,194 [INFO] E003 batch 1260/1599 (78.8%) | opt_steps=157/200 | lr=0.000249722 | loss_cur=159.5546 | loss_epoch=134.5076 | elapsed=26.7s
2026-09-28 17:10:57,653 [INFO] E003 batch 1320/1599 (82.6%) | opt_steps=165/200 | lr=0.00025529 | loss_cur=108.4472 | loss_epoch=134.1395 | elapsed=28.2s
2026-09-28 17:10:59,115 [INFO] E003 batch 1380/1599 (86.3%) | opt_steps=172/200 | lr=0.000260204 | loss_cur=103.5673 | loss_epoch=134.5110 | elapsed=29.6s
2026-09-28 17:11:00,588 [INFO] E003 batch 1440/1599 (90.1%) | opt_steps=180/200 | lr=0.000265868 | loss_cur=223.0633 | loss_epoch=133.9505 | elapsed=31.1s
2026-09-28 17:11:02,020 [INFO] E003 batch 1500/1599 (93.8%) | opt_steps=187/200 | lr=0.000270864 | loss_cur=334.0361 | loss_epoch=133.7075 | elapsed=32.5s
2026-09-28 17:11:03,508 [INFO] E003 batch 1560/1599 (97.6%) | opt_steps=195/200 | lr=0.00027662 | loss_cur=102.1835 | loss_epoch=132.5638 | elapsed=34.0s
2026-09-28 17:11:04,442 [INFO] E003 batch 1599/1599 (100.0%) | opt_steps=199/200 | lr=0.000279516 | loss_cur=284.7915 | loss_epoch=131.9499 | elapsed=35.0s
2026-09-28 17:11:04,457 [INFO] E003 val 1/31 (3.2%) | P@10=37.50% | P@20=100.00% | elapsed=0.0s
2026-09-28 17:11:04,694 [INFO] E003 val 31/31 (100.0%) | P@10=57.03% | P@20=100.00% | elapsed=0.2s
2026-09-28 17:11:04,694 [INFO] E003 done | Val P@10: 57.03% | Val P@20: 100.00% | Loss: 131.9499 | opt_steps=200 | elapsed=35.2s
2026-09-28 17:11:04,694 [INFO] E004 start | region=rmf | minibatches=1599 | grad_accum=8
2026-09-28 17:11:04,710 [INFO] E004 batch 1/1599 (0.1%) | opt_steps=0/200 | lr=0.000280242 | loss_cur=239.5824 | loss_epoch=239.5824 | elapsed=0.0s
2026-09-28 17:11:06,144 [INFO] E004 batch 60/1599 (3.8%) | opt_steps=7/200 | lr=0.000285343 | loss_cur=55.1529 | loss_epoch=117.9685 | elapsed=1.5s
2026-09-28 17:11:07,631 [INFO] E004 batch 120/1599 (7.5%) | opt_steps=15/200 | lr=0.000291216 | loss_cur=46.8689 | loss_epoch=128.3065 | elapsed=2.9s
2026-09-28 17:11:09,350 [INFO] E004 batch 180/1599 (11.3%) | opt_steps=22/200 | lr=0.000296391 | loss_cur=235.3398 | loss_epoch=130.1072 | elapsed=4.7s
2026-09-28 17:11:11,033 [INFO] E004 batch 240/1599 (15.0%) | opt_steps=30/200 | lr=0.000302346 | loss_cur=202.4780 | loss_epoch=132.1633 | elapsed=6.3s
2026-09-28 17:11:12,606 [INFO] E004 batch 300/1599 (18.8%) | opt_steps=37/200 | lr=0.000307592 | loss_cur=112.6735 | loss_epoch=126.5565 | elapsed=7.9s
2026-09-28 17:11:14,094 [INFO] E004 batch 360/1599 (22.5%) | opt_steps=45/200 | lr=0.000313626 | loss_cur=37.1784 | loss_epoch=128.2344 | elapsed=9.4s
2026-09-28 17:11:15,575 [INFO] E004 batch 420/1599 (26.3%) | opt_steps=52/200 | lr=0.000318939 | loss_cur=54.3113 | loss_epoch=127.0251 | elapsed=10.9s
2026-09-28 17:11:17,094 [INFO] E004 batch 480/1599 (30.0%) | opt_steps=60/200 | lr=0.000325047 | loss_cur=146.7265 | loss_epoch=125.4885 | elapsed=12.4s
2026-09-28 17:11:18,616 [INFO] E004 batch 540/1599 (33.8%) | opt_steps=67/200 | lr=0.000330423 | loss_cur=111.1579 | loss_epoch=123.1049 | elapsed=13.9s
2026-09-28 17:11:20,045 [INFO] E004 batch 600/1599 (37.5%) | opt_steps=75/200 | lr=0.000336602 | loss_cur=64.6879 | loss_epoch=122.2824 | elapsed=15.4s
2026-09-28 17:11:21,471 [INFO] E004 batch 660/1599 (41.3%) | opt_steps=82/200 | lr=0.000342038 | loss_cur=86.4445 | loss_epoch=122.7680 | elapsed=16.8s
2026-09-28 17:11:22,911 [INFO] E004 batch 720/1599 (45.0%) | opt_steps=90/200 | lr=0.000348283 | loss_cur=310.6085 | loss_epoch=122.6030 | elapsed=18.2s
2026-09-28 17:11:24,345 [INFO] E004 batch 780/1599 (48.8%) | opt_steps=97/200 | lr=0.000353775 | loss_cur=44.9116 | loss_epoch=122.0724 | elapsed=19.7s
2026-09-28 17:11:25,794 [INFO] E004 batch 840/1599 (52.5%) | opt_steps=105/200 | lr=0.000360082 | loss_cur=113.8153 | loss_epoch=121.5921 | elapsed=21.1s
2026-09-28 17:11:27,269 [INFO] E004 batch 900/1599 (56.3%) | opt_steps=112/200 | lr=0.000365626 | loss_cur=162.8730 | loss_epoch=121.3784 | elapsed=22.6s
2026-09-28 17:11:28,771 [INFO] E004 batch 960/1599 (60.0%) | opt_steps=120/200 | lr=0.000371991 | loss_cur=79.3433 | loss_epoch=121.3515 | elapsed=24.1s
2026-09-28 17:11:30,218 [INFO] E004 batch 1020/1599 (63.8%) | opt_steps=127/200 | lr=0.000377583 | loss_cur=73.5278 | loss_epoch=120.9945 | elapsed=25.5s
2026-09-28 17:11:31,669 [INFO] E004 batch 1080/1599 (67.5%) | opt_steps=135/200 | lr=0.000384001 | loss_cur=104.2362 | loss_epoch=120.6393 | elapsed=27.0s
2026-09-28 17:11:33,020 [INFO] E004 batch 1140/1599 (71.3%) | opt_steps=142/200 | lr=0.000389638 | loss_cur=144.6857 | loss_epoch=121.8050 | elapsed=28.3s
2026-09-28 17:11:34,489 [INFO] E004 batch 1200/1599 (75.0%) | opt_steps=150/200 | lr=0.000396104 | loss_cur=88.9907 | loss_epoch=121.8123 | elapsed=29.8s
2026-09-28 17:11:35,866 [INFO] E004 batch 1260/1599 (78.8%) | opt_steps=157/200 | lr=0.000401782 | loss_cur=34.4562 | loss_epoch=121.9805 | elapsed=31.2s
2026-09-28 17:11:37,316 [INFO] E004 batch 1320/1599 (82.6%) | opt_steps=165/200 | lr=0.000408293 | loss_cur=301.2525 | loss_epoch=121.7501 | elapsed=32.6s
2026-09-28 17:11:38,764 [INFO] E004 batch 1380/1599 (86.3%) | opt_steps=172/200 | lr=0.000414007 | loss_cur=149.7732 | loss_epoch=121.4536 | elapsed=34.1s
2026-09-28 17:11:40,219 [INFO] E004 batch 1440/1599 (90.1%) | opt_steps=180/200 | lr=0.000420558 | loss_cur=63.7515 | loss_epoch=122.1306 | elapsed=35.5s
2026-09-28 17:11:41,649 [INFO] E004 batch 1500/1599 (93.8%) | opt_steps=187/200 | lr=0.000426305 | loss_cur=151.3548 | loss_epoch=120.9934 | elapsed=37.0s
2026-09-28 17:11:42,832 [INFO] E004 batch 1560/1599 (97.6%) | opt_steps=195/200 | lr=0.000432891 | loss_cur=165.1665 | loss_epoch=120.5456 | elapsed=38.1s
2026-09-28 17:11:43,616 [INFO] E004 batch 1599/1599 (100.0%) | opt_steps=199/200 | lr=0.00043619 | loss_cur=23.8479 | loss_epoch=120.7191 | elapsed=38.9s
2026-09-28 17:11:43,632 [INFO] E004 val 1/31 (3.2%) | P@10=37.50% | P@20=100.00% | elapsed=0.0s
2026-09-28 17:11:43,815 [INFO] E004 val 31/31 (100.0%) | P@10=56.90% | P@20=100.00% | elapsed=0.2s
2026-09-28 17:11:43,815 [INFO] E004 done | Val P@10: 56.90% | Val P@20: 100.00% | Loss: 120.7191 | opt_steps=200 | elapsed=39.1s
2026-09-28 17:11:43,815 [INFO] E005 start | region=rmf | minibatches=1599 | grad_accum=8
2026-09-28 17:11:43,822 [INFO] E005 batch 1/1599 (0.1%) | opt_steps=0/200 | lr=0.000437016 | loss_cur=89.7399 | loss_epoch=89.7399 | elapsed=0.0s
2026-09-28 17:11:44,950 [INFO] E005 batch 60/1599 (3.8%) | opt_steps=7/200 | lr=0.000442801 | loss_cur=36.9848 | loss_epoch=102.0487 | elapsed=1.1s
2026-09-28 17:11:46,257 [INFO] E005 batch 120/1599 (7.5%) | opt_steps=15/200 | lr=0.000449427 | loss_cur=161.0729 | loss_epoch=103.4922 | elapsed=2.4s
2026-09-28 17:11:47,711 [INFO] E005 batch 180/1599 (11.3%) | opt_steps=22/200 | lr=0.000455236 | loss_cur=112.8173 | loss_epoch=108.9103 | elapsed=3.9s
2026-09-28 17:11:49,236 [INFO] E005 batch 240/1599 (15.0%) | opt_steps=30/200 | lr=0.000461886 | loss_cur=112.5497 | loss_epoch=106.3465 | elapsed=5.4s
2026-09-28 17:11:50,674 [INFO] E005 batch 300/1599 (18.8%) | opt_steps=37/200 | lr=0.000467715 | loss_cur=218.2867 | loss_epoch=110.9057 | elapsed=6.9s
2026-09-28 17:11:52,039 [INFO] E005 batch 360/1599 (22.5%) | opt_steps=45/200 | lr=0.000474386 | loss_cur=14.5100 | loss_epoch=110.3391 | elapsed=8.2s
2026-09-28 17:11:53,494 [INFO] E005 batch 420/1599 (26.3%) | opt_steps=52/200 | lr=0.00048023 | loss_cur=107.8292 | loss_epoch=110.5817 | elapsed=9.7s
2026-09-28 17:11:54,938 [INFO] E005 batch 480/1599 (30.0%) | opt_steps=60/200 | lr=0.000486916 | loss_cur=75.5009 | loss_epoch=110.7294 | elapsed=11.1s
2026-09-28 17:11:56,360 [INFO] E005 batch 540/1599 (33.8%) | opt_steps=67/200 | lr=0.000492772 | loss_cur=87.2100 | loss_epoch=109.5389 | elapsed=12.5s
2026-09-28 17:11:57,785 [INFO] E005 batch 600/1599 (37.5%) | opt_steps=75/200 | lr=0.00049947 | loss_cur=63.1372 | loss_epoch=109.5588 | elapsed=14.0s
2026-09-28 17:11:59,234 [INFO] E005 batch 660/1599 (41.3%) | opt_steps=82/200 | lr=0.000505333 | loss_cur=48.7071 | loss_epoch=107.9046 | elapsed=15.4s
2026-09-28 17:12:00,646 [INFO] E005 batch 720/1599 (45.0%) | opt_steps=90/200 | lr=0.000512037 | loss_cur=60.2085 | loss_epoch=107.3518 | elapsed=16.8s
2026-09-28 17:12:02,112 [INFO] E005 batch 780/1599 (48.8%) | opt_steps=97/200 | lr=0.000517904 | loss_cur=188.5456 | loss_epoch=108.7686 | elapsed=18.3s
2026-09-28 17:12:03,544 [INFO] E005 batch 840/1599 (52.5%) | opt_steps=105/200 | lr=0.00052461 | loss_cur=304.0315 | loss_epoch=109.1467 | elapsed=19.7s
2026-09-28 17:12:04,935 [INFO] E005 batch 900/1599 (56.3%) | opt_steps=112/200 | lr=0.000530477 | loss_cur=158.5882 | loss_epoch=109.6107 | elapsed=21.1s
2026-09-28 17:12:06,366 [INFO] E005 batch 960/1599 (60.0%) | opt_steps=120/200 | lr=0.00053718 | loss_cur=203.3019 | loss_epoch=109.6235 | elapsed=22.6s
2026-09-28 17:12:07,788 [INFO] E005 batch 1020/1599 (63.8%) | opt_steps=127/200 | lr=0.000543042 | loss_cur=96.4886 | loss_epoch=110.6684 | elapsed=24.0s
2026-09-28 17:12:09,249 [INFO] E005 batch 1080/1599 (67.5%) | opt_steps=135/200 | lr=0.000549738 | loss_cur=259.2799 | loss_epoch=110.6502 | elapsed=25.4s
2026-09-28 17:12:10,661 [INFO] E005 batch 1140/1599 (71.3%) | opt_steps=142/200 | lr=0.000555592 | loss_cur=55.6376 | loss_epoch=111.1228 | elapsed=26.8s
2026-09-28 17:12:12,074 [INFO] E005 batch 1200/1599 (75.0%) | opt_steps=150/200 | lr=0.000562275 | loss_cur=126.8867 | loss_epoch=111.9413 | elapsed=28.3s
2026-09-28 17:12:13,512 [INFO] E005 batch 1260/1599 (78.8%) | opt_steps=157/200 | lr=0.000568117 | loss_cur=86.9401 | loss_epoch=111.7763 | elapsed=29.7s
2026-09-28 17:12:14,929 [INFO] E005 batch 1320/1599 (82.6%) | opt_steps=165/200 | lr=0.000574784 | loss_cur=35.0017 | loss_epoch=111.8827 | elapsed=31.1s
2026-09-28 17:12:16,335 [INFO] E005 batch 1380/1599 (86.3%) | opt_steps=172/200 | lr=0.000580609 | loss_cur=68.9387 | loss_epoch=110.5646 | elapsed=32.5s
2026-09-28 17:12:17,745 [INFO] E005 batch 1440/1599 (90.1%) | opt_steps=180/200 | lr=0.000587255 | loss_cur=88.8858 | loss_epoch=111.2079 | elapsed=33.9s
2026-09-28 17:12:19,197 [INFO] E005 batch 1500/1599 (93.8%) | opt_steps=187/200 | lr=0.000593059 | loss_cur=86.4657 | loss_epoch=110.3948 | elapsed=35.4s
2026-09-28 17:12:20,608 [INFO] E005 batch 1560/1599 (97.6%) | opt_steps=195/200 | lr=0.00059968 | loss_cur=240.0381 | loss_epoch=110.7806 | elapsed=36.8s
2026-09-28 17:12:21,531 [INFO] E005 batch 1599/1599 (100.0%) | opt_steps=199/200 | lr=0.000602984 | loss_cur=281.3067 | loss_epoch=110.9977 | elapsed=37.7s
2026-09-28 17:12:21,547 [INFO] E005 val 1/31 (3.2%) | P@10=87.50% | P@20=100.00% | elapsed=0.0s
2026-09-28 17:12:21,769 [INFO] E005 val 31/31 (100.0%) | P@10=63.71% | P@20=100.00% | elapsed=0.2s
2026-09-28 17:12:21,769 [INFO] E005 done | Val P@10: 63.71% | Val P@20: 100.00% | Loss: 110.9977 | opt_steps=200 | elapsed=38.0s
2026-09-28 17:12:21,769 [INFO] E006 start | region=rmf | minibatches=1599 | grad_accum=8
2026-09-28 17:12:21,800 [INFO] E006 batch 1/1599 (0.1%) | opt_steps=0/200 | lr=0.00060381 | loss_cur=87.9661 | loss_epoch=87.9661 | elapsed=0.0s
2026-09-28 17:12:23,178 [INFO] E006 batch 60/1599 (3.8%) | opt_steps=7/200 | lr=0.000609581 | loss_cur=76.0973 | loss_epoch=130.6962 | elapsed=1.4s
2026-09-28 17:12:24,587 [INFO] E006 batch 120/1599 (7.5%) | opt_steps=15/200 | lr=0.00061616 | loss_cur=55.4329 | loss_epoch=111.9652 | elapsed=2.8s
2026-09-28 17:12:25,959 [INFO] E006 batch 180/1599 (11.3%) | opt_steps=22/200 | lr=0.000621901 | loss_cur=128.6174 | loss_epoch=119.7173 | elapsed=4.2s
2026-09-28 17:12:27,400 [INFO] E006 batch 240/1599 (15.0%) | opt_steps=30/200 | lr=0.000628444 | loss_cur=7.4729 | loss_epoch=115.7271 | elapsed=5.6s
2026-09-28 17:12:28,743 [INFO] E006 batch 300/1599 (18.8%) | opt_steps=37/200 | lr=0.000634151 | loss_cur=61.9802 | loss_epoch=113.9697 | elapsed=7.0s
2026-09-28 17:12:30,127 [INFO] E006 batch 360/1599 (22.5%) | opt_steps=45/200 | lr=0.000640653 | loss_cur=36.6897 | loss_epoch=114.8588 | elapsed=8.4s
2026-09-28 17:12:31,505 [INFO] E006 batch 420/1599 (26.3%) | opt_steps=52/200 | lr=0.000646323 | loss_cur=247.4048 | loss_epoch=117.0571 | elapsed=9.7s
2026-09-28 17:12:32,890 [INFO] E006 batch 480/1599 (30.0%) | opt_steps=60/200 | lr=0.00065278 | loss_cur=107.2702 | loss_epoch=115.9485 | elapsed=11.1s
2026-09-28 17:12:34,276 [INFO] E006 batch 540/1599 (33.8%) | opt_steps=67/200 | lr=0.000658409 | loss_cur=22.2492 | loss_epoch=115.3875 | elapsed=12.5s
2026-09-28 17:12:35,632 [INFO] E006 batch 600/1599 (37.5%) | opt_steps=75/200 | lr=0.000664816 | loss_cur=148.2831 | loss_epoch=114.4356 | elapsed=13.9s
2026-09-28 17:12:37,006 [INFO] E006 batch 660/1599 (41.3%) | opt_steps=82/200 | lr=0.000670399 | loss_cur=245.4765 | loss_epoch=115.3050 | elapsed=15.2s
2026-09-28 17:12:38,374 [INFO] E006 batch 720/1599 (45.0%) | opt_steps=90/200 | lr=0.000676753 | loss_cur=216.8844 | loss_epoch=115.6620 | elapsed=16.6s
2026-09-28 17:12:39,768 [INFO] E006 batch 780/1599 (48.8%) | opt_steps=97/200 | lr=0.000682287 | loss_cur=91.9792 | loss_epoch=115.5251 | elapsed=18.0s
2026-09-28 17:12:41,190 [INFO] E006 batch 840/1599 (52.5%) | opt_steps=105/200 | lr=0.000688581 | loss_cur=46.1342 | loss_epoch=115.6525 | elapsed=19.4s
2026-09-28 17:12:42,563 [INFO] E006 batch 900/1599 (56.3%) | opt_steps=112/200 | lr=0.000694062 | loss_cur=71.2932 | loss_epoch=116.3005 | elapsed=20.8s
2026-09-28 17:12:43,961 [INFO] E006 batch 960/1599 (60.0%) | opt_steps=120/200 | lr=0.000700295 | loss_cur=97.1808 | loss_epoch=114.7912 | elapsed=22.2s
2026-09-28 17:12:45,344 [INFO] E006 batch 1020/1599 (63.8%) | opt_steps=127/200 | lr=0.000705719 | loss_cur=99.2088 | loss_epoch=114.5500 | elapsed=23.6s
2026-09-28 17:12:46,728 [INFO] E006 batch 1080/1599 (67.5%) | opt_steps=135/200 | lr=0.000711884 | loss_cur=35.6404 | loss_epoch=114.1080 | elapsed=25.0s
2026-09-28 17:12:48,160 [INFO] E006 batch 1140/1599 (71.3%) | opt_steps=142/200 | lr=0.000717248 | loss_cur=64.3702 | loss_epoch=113.0540 | elapsed=26.4s
2026-09-28 17:12:49,560 [INFO] E006 batch 1200/1599 (75.0%) | opt_steps=150/200 | lr=0.000723342 | loss_cur=60.3857 | loss_epoch=113.1251 | elapsed=27.8s
2026-09-28 17:12:50,958 [INFO] E006 batch 1260/1599 (78.8%) | opt_steps=157/200 | lr=0.000728642 | loss_cur=110.1534 | loss_epoch=112.4233 | elapsed=29.2s
2026-09-28 17:12:52,332 [INFO] E006 batch 1320/1599 (82.6%) | opt_steps=165/200 | lr=0.00073466 | loss_cur=116.1957 | loss_epoch=111.7400 | elapsed=30.6s
2026-09-28 17:12:53,730 [INFO] E006 batch 1380/1599 (86.3%) | opt_steps=172/200 | lr=0.000739892 | loss_cur=109.1257 | loss_epoch=110.5030 | elapsed=32.0s
2026-09-28 17:12:55,154 [INFO] E006 batch 1440/1599 (90.1%) | opt_steps=180/200 | lr=0.000745831 | loss_cur=127.0865 | loss_epoch=110.8806 | elapsed=33.4s
2026-09-28 17:12:56,554 [INFO] E006 batch 1500/1599 (93.8%) | opt_steps=187/200 | lr=0.000750992 | loss_cur=178.7355 | loss_epoch=110.9312 | elapsed=34.8s
2026-09-28 17:12:57,985 [INFO] E006 batch 1560/1599 (97.6%) | opt_steps=195/200 | lr=0.000756847 | loss_cur=177.4096 | loss_epoch=110.8002 | elapsed=36.2s
2026-09-28 17:12:58,900 [INFO] E006 batch 1599/1599 (100.0%) | opt_steps=199/200 | lr=0.000759758 | loss_cur=98.9718 | loss_epoch=110.3853 | elapsed=37.1s
2026-09-28 17:12:58,916 [INFO] E006 val 1/31 (3.2%) | P@10=37.50% | P@20=100.00% | elapsed=0.0s
2026-09-28 17:12:59,137 [INFO] E006 val 31/31 (100.0%) | P@10=57.47% | P@20=100.00% | elapsed=0.2s
2026-09-28 17:12:59,137 [INFO] E006 done | Val P@10: 57.47% | Val P@20: 100.00% | Loss: 110.3853 | opt_steps=200 | elapsed=37.4s
2026-09-28 17:12:59,137 [INFO] E007 start | region=rmf | minibatches=1599 | grad_accum=8
2026-09-28 17:12:59,168 [INFO] E007 batch 1/1599 (0.1%) | opt_steps=0/200 | lr=0.000760484 | loss_cur=108.8995 | loss_epoch=108.8995 | elapsed=0.0s
2026-09-28 17:13:00,563 [INFO] E007 batch 60/1599 (3.8%) | opt_steps=7/200 | lr=0.000765544 | loss_cur=35.8548 | loss_epoch=82.6825 | elapsed=1.4s
2026-09-28 17:13:01,993 [INFO] E007 batch 120/1599 (7.5%) | opt_steps=15/200 | lr=0.000771282 | loss_cur=111.9160 | loss_epoch=97.0784 | elapsed=2.9s
2026-09-28 17:13:03,393 [INFO] E007 batch 180/1599 (11.3%) | opt_steps=22/200 | lr=0.000776262 | loss_cur=91.5990 | loss_epoch=97.0872 | elapsed=4.3s
2026-09-28 17:13:04,795 [INFO] E007 batch 240/1599 (15.0%) | opt_steps=30/200 | lr=0.000781907 | loss_cur=90.2561 | loss_epoch=106.9987 | elapsed=5.7s
2026-09-28 17:13:06,241 [INFO] E007 batch 300/1599 (18.8%) | opt_steps=37/200 | lr=0.000786804 | loss_cur=76.3296 | loss_epoch=109.0687 | elapsed=7.1s
2026-09-28 17:13:07,671 [INFO] E007 batch 360/1599 (22.5%) | opt_steps=45/200 | lr=0.000792353 | loss_cur=107.1890 | loss_epoch=113.5276 | elapsed=8.5s
2026-09-28 17:13:09,069 [INFO] E007 batch 420/1599 (26.3%) | opt_steps=52/200 | lr=0.000797164 | loss_cur=229.8580 | loss_epoch=115.9689 | elapsed=9.9s
2026-09-28 17:13:10,498 [INFO] E007 batch 480/1599 (30.0%) | opt_steps=60/200 | lr=0.000802611 | loss_cur=26.0440 | loss_epoch=114.0317 | elapsed=11.4s
2026-09-28 17:13:11,901 [INFO] E007 batch 540/1599 (33.8%) | opt_steps=67/200 | lr=0.000807333 | loss_cur=202.0977 | loss_epoch=114.7135 | elapsed=12.8s
2026-09-28 17:13:13,318 [INFO] E007 batch 600/1599 (37.5%) | opt_steps=75/200 | lr=0.000812676 | loss_cur=56.0563 | loss_epoch=112.4853 | elapsed=14.2s
2026-09-28 17:13:14,750 [INFO] E007 batch 660/1599 (41.3%) | opt_steps=82/200 | lr=0.000817305 | loss_cur=45.6309 | loss_epoch=110.8789 | elapsed=15.6s
2026-09-28 17:13:16,169 [INFO] E007 batch 720/1599 (45.0%) | opt_steps=90/200 | lr=0.00082254 | loss_cur=99.0634 | loss_epoch=109.4635 | elapsed=17.0s
2026-09-28 17:13:17,577 [INFO] E007 batch 780/1599 (48.8%) | opt_steps=97/200 | lr=0.000827073 | loss_cur=156.8343 | loss_epoch=109.2941 | elapsed=18.4s
2026-09-28 17:13:19,015 [INFO] E007 batch 840/1599 (52.5%) | opt_steps=105/200 | lr=0.000832197 | loss_cur=100.7217 | loss_epoch=108.9030 | elapsed=19.9s
2026-09-28 17:13:20,418 [INFO] E007 batch 900/1599 (56.3%) | opt_steps=112/200 | lr=0.00083663 | loss_cur=34.8489 | loss_epoch=108.9305 | elapsed=21.3s
2026-09-28 17:13:21,846 [INFO] E007 batch 960/1599 (60.0%) | opt_steps=120/200 | lr=0.000841639 | loss_cur=29.1537 | loss_epoch=109.2312 | elapsed=22.7s
2026-09-28 17:13:23,261 [INFO] E007 batch 1020/1599 (63.8%) | opt_steps=127/200 | lr=0.000845971 | loss_cur=24.8643 | loss_epoch=108.9139 | elapsed=24.1s
2026-09-28 17:13:24,644 [INFO] E007 batch 1080/1599 (67.5%) | opt_steps=135/200 | lr=0.000850861 | loss_cur=179.6987 | loss_epoch=108.9252 | elapsed=25.5s
2026-09-28 17:13:26,026 [INFO] E007 batch 1140/1599 (71.3%) | opt_steps=142/200 | lr=0.000855087 | loss_cur=101.6956 | loss_epoch=107.9048 | elapsed=26.9s
2026-09-28 17:13:27,499 [INFO] E007 batch 1200/1599 (75.0%) | opt_steps=150/200 | lr=0.000859855 | loss_cur=137.9590 | loss_epoch=108.2419 | elapsed=28.4s
2026-09-28 17:13:28,910 [INFO] E007 batch 1260/1599 (78.8%) | opt_steps=157/200 | lr=0.000863974 | loss_cur=33.1346 | loss_epoch=107.5929 | elapsed=29.8s
2026-09-28 17:13:30,307 [INFO] E007 batch 1320/1599 (82.6%) | opt_steps=165/200 | lr=0.000868617 | loss_cur=304.4509 | loss_epoch=107.3033 | elapsed=31.2s
2026-09-28 17:13:31,707 [INFO] E007 batch 1380/1599 (86.3%) | opt_steps=172/200 | lr=0.000872624 | loss_cur=48.2190 | loss_epoch=107.2057 | elapsed=32.6s
2026-09-28 17:13:33,114 [INFO] E007 batch 1440/1599 (90.1%) | opt_steps=180/200 | lr=0.000877139 | loss_cur=65.5743 | loss_epoch=107.5458 | elapsed=34.0s
2026-09-28 17:13:34,514 [INFO] E007 batch 1500/1599 (93.8%) | opt_steps=187/200 | lr=0.000881033 | loss_cur=285.3889 | loss_epoch=106.8656 | elapsed=35.4s
2026-09-28 17:13:35,895 [INFO] E007 batch 1560/1599 (97.6%) | opt_steps=195/200 | lr=0.000885416 | loss_cur=78.9244 | loss_epoch=106.2574 | elapsed=36.8s
2026-09-28 17:13:36,819 [INFO] E007 batch 1599/1599 (100.0%) | opt_steps=199/200 | lr=0.000887582 | loss_cur=75.5086 | loss_epoch=106.2749 | elapsed=37.7s
2026-09-28 17:13:36,834 [INFO] E007 val 1/31 (3.2%) | P@10=37.50% | P@20=100.00% | elapsed=0.0s
2026-09-28 17:13:37,070 [INFO] E007 val 31/31 (100.0%) | P@10=55.11% | P@20=100.00% | elapsed=0.2s
2026-09-28 17:13:37,070 [INFO] E007 done | Val P@10: 55.11% | Val P@20: 100.00% | Loss: 106.2749 | opt_steps=200 | elapsed=37.9s
2026-09-28 17:13:37,070 [INFO] E008 start | region=rmf | minibatches=1599 | grad_accum=8
2026-09-28 17:13:37,086 [INFO] E008 batch 1/1599 (0.1%) | opt_steps=0/200 | lr=0.00088812 | loss_cur=227.2629 | loss_epoch=227.2629 | elapsed=0.0s
2026-09-28 17:13:38,502 [INFO] E008 batch 60/1599 (3.8%) | opt_steps=7/200 | lr=0.000891858 | loss_cur=60.6262 | loss_epoch=101.3508 | elapsed=1.4s
2026-09-28 17:13:39,734 [INFO] E008 batch 120/1599 (7.5%) | opt_steps=15/200 | lr=0.000896062 | loss_cur=73.5658 | loss_epoch=103.7016 | elapsed=2.7s
2026-09-28 17:13:40,957 [INFO] E008 batch 180/1599 (11.3%) | opt_steps=22/200 | lr=0.00089968 | loss_cur=33.1374 | loss_epoch=104.0513 | elapsed=3.9s
2026-09-28 17:13:42,420 [INFO] E008 batch 240/1599 (15.0%) | opt_steps=30/200 | lr=0.000903745 | loss_cur=48.7371 | loss_epoch=105.5356 | elapsed=5.4s
2026-09-28 17:13:43,848 [INFO] E008 batch 300/1599 (18.8%) | opt_steps=37/200 | lr=0.000907241 | loss_cur=188.3286 | loss_epoch=105.9846 | elapsed=6.8s
2026-09-28 17:13:45,275 [INFO] E008 batch 360/1599 (22.5%) | opt_steps=45/200 | lr=0.000911166 | loss_cur=87.6459 | loss_epoch=103.8503 | elapsed=8.2s
2026-09-28 17:13:46,678 [INFO] E008 batch 420/1599 (26.3%) | opt_steps=52/200 | lr=0.000914537 | loss_cur=77.6500 | loss_epoch=102.0906 | elapsed=9.6s
2026-09-28 17:13:48,091 [INFO] E008 batch 480/1599 (30.0%) | opt_steps=60/200 | lr=0.000918318 | loss_cur=143.5944 | loss_epoch=101.5981 | elapsed=11.0s
2026-09-28 17:13:49,556 [INFO] E008 batch 540/1599 (33.8%) | opt_steps=67/200 | lr=0.000921562 | loss_cur=60.3133 | loss_epoch=100.0312 | elapsed=12.5s
2026-09-28 17:13:50,927 [INFO] E008 batch 600/1599 (37.5%) | opt_steps=75/200 | lr=0.000925197 | loss_cur=38.0827 | loss_epoch=100.5984 | elapsed=13.9s
2026-09-28 17:13:52,328 [INFO] E008 batch 660/1599 (41.3%) | opt_steps=82/200 | lr=0.000928312 | loss_cur=44.8341 | loss_epoch=98.9445 | elapsed=15.3s
2026-09-28 17:13:53,767 [INFO] E008 batch 720/1599 (45.0%) | opt_steps=90/200 | lr=0.000931797 | loss_cur=58.1952 | loss_epoch=99.2180 | elapsed=16.7s
2026-09-28 17:13:55,166 [INFO] E008 batch 780/1599 (48.8%) | opt_steps=97/200 | lr=0.000934781 | loss_cur=63.0481 | loss_epoch=98.8253 | elapsed=18.1s
2026-09-28 17:13:56,584 [INFO] E008 batch 840/1599 (52.5%) | opt_steps=105/200 | lr=0.000938115 | loss_cur=145.6555 | loss_epoch=99.5843 | elapsed=19.5s
2026-09-28 17:13:57,981 [INFO] E008 batch 900/1599 (56.3%) | opt_steps=112/200 | lr=0.000940966 | loss_cur=3.4042 | loss_epoch=99.4916 | elapsed=20.9s
2026-09-28 17:13:59,391 [INFO] E008 batch 960/1599 (60.0%) | opt_steps=120/200 | lr=0.000944147 | loss_cur=124.7516 | loss_epoch=99.4809 | elapsed=22.3s
2026-09-28 17:14:00,787 [INFO] E008 batch 1020/1599 (63.8%) | opt_steps=127/200 | lr=0.000946862 | loss_cur=36.8947 | loss_epoch=100.1368 | elapsed=23.7s
2026-09-28 17:14:02,198 [INFO] E008 batch 1080/1599 (67.5%) | opt_steps=135/200 | lr=0.000949887 | loss_cur=156.0534 | loss_epoch=100.0737 | elapsed=25.1s
2026-09-28 17:14:03,619 [INFO] E008 batch 1140/1599 (71.3%) | opt_steps=142/200 | lr=0.000952465 | loss_cur=71.1482 | loss_epoch=100.0799 | elapsed=26.5s
2026-09-28 17:14:05,031 [INFO] E008 batch 1200/1599 (75.0%) | opt_steps=150/200 | lr=0.000955332 | loss_cur=50.3853 | loss_epoch=99.8056 | elapsed=28.0s
2026-09-28 17:14:06,417 [INFO] E008 batch 1260/1599 (78.8%) | opt_steps=157/200 | lr=0.000957771 | loss_cur=61.8493 | loss_epoch=99.8805 | elapsed=29.3s
2026-09-28 17:14:07,817 [INFO] E008 batch 1320/1599 (82.6%) | opt_steps=165/200 | lr=0.000960479 | loss_cur=136.8331 | loss_epoch=100.2205 | elapsed=30.7s
2026-09-28 17:14:09,194 [INFO] E008 batch 1380/1599 (86.3%) | opt_steps=172/200 | lr=0.000962777 | loss_cur=154.0569 | loss_epoch=99.5031 | elapsed=32.1s
2026-09-28 17:14:10,628 [INFO] E008 batch 1440/1599 (90.1%) | opt_steps=180/200 | lr=0.000965323 | loss_cur=20.5685 | loss_epoch=99.1400 | elapsed=33.6s
2026-09-28 17:14:12,023 [INFO] E008 batch 1500/1599 (93.8%) | opt_steps=187/200 | lr=0.00096748 | loss_cur=129.4501 | loss_epoch=99.3015 | elapsed=35.0s
2026-09-28 17:14:13,428 [INFO] E008 batch 1560/1599 (97.6%) | opt_steps=195/200 | lr=0.000969862 | loss_cur=97.6884 | loss_epoch=99.7505 | elapsed=36.4s
2026-09-28 17:14:14,317 [INFO] E008 batch 1599/1599 (100.0%) | opt_steps=199/200 | lr=0.000971021 | loss_cur=80.5826 | loss_epoch=99.0807 | elapsed=37.2s
2026-09-28 17:14:14,333 [INFO] E008 val 1/31 (3.2%) | P@10=50.00% | P@20=100.00% | elapsed=0.0s
2026-09-28 17:14:14,553 [INFO] E008 val 31/31 (100.0%) | P@10=53.75% | P@20=100.00% | elapsed=0.2s
2026-09-28 17:14:14,553 [INFO] E008 done | Val P@10: 53.75% | Val P@20: 100.00% | Loss: 99.0807 | opt_steps=200 | elapsed=37.5s
2026-09-28 17:14:14,553 [INFO] E009 start | region=rmf | minibatches=1599 | grad_accum=8
2026-09-28 17:14:14,584 [INFO] E009 batch 1/1599 (0.1%) | opt_steps=0/200 | lr=0.000971307 | loss_cur=67.4747 | loss_epoch=67.4747 | elapsed=0.0s
2026-09-28 17:14:15,916 [INFO] E009 batch 60/1599 (3.8%) | opt_steps=7/200 | lr=0.000973271 | loss_cur=174.3751 | loss_epoch=83.8230 | elapsed=1.4s
2026-09-28 17:14:17,306 [INFO] E009 batch 120/1599 (7.5%) | opt_steps=15/200 | lr=0.000975433 | loss_cur=27.9411 | loss_epoch=84.2215 | elapsed=2.8s
2026-09-28 17:14:18,699 [INFO] E009 batch 180/1599 (11.3%) | opt_steps=22/200 | lr=0.000977252 | loss_cur=33.3176 | loss_epoch=87.9953 | elapsed=4.1s
2026-09-28 17:14:20,098 [INFO] E009 batch 240/1599 (15.0%) | opt_steps=30/200 | lr=0.000979248 | loss_cur=162.8502 | loss_epoch=90.8443 | elapsed=5.5s
2026-09-28 17:14:21,464 [INFO] E009 batch 300/1599 (18.8%) | opt_steps=37/200 | lr=0.00098092 | loss_cur=79.4578 | loss_epoch=91.8846 | elapsed=6.9s
2026-09-28 17:14:22,842 [INFO] E009 batch 360/1599 (22.5%) | opt_steps=45/200 | lr=0.000982747 | loss_cur=118.6720 | loss_epoch=92.5476 | elapsed=8.3s
2026-09-28 17:14:24,228 [INFO] E009 batch 420/1599 (26.3%) | opt_steps=52/200 | lr=0.000984271 | loss_cur=80.5944 | loss_epoch=94.1536 | elapsed=9.7s
2026-09-28 17:14:25,633 [INFO] E009 batch 480/1599 (30.0%) | opt_steps=60/200 | lr=0.000985928 | loss_cur=83.4930 | loss_epoch=95.3738 | elapsed=11.1s
2026-09-28 17:14:27,001 [INFO] E009 batch 540/1599 (33.8%) | opt_steps=67/200 | lr=0.000987304 | loss_cur=280.6727 | loss_epoch=95.5177 | elapsed=12.4s
2026-09-28 17:14:28,376 [INFO] E009 batch 600/1599 (37.5%) | opt_steps=75/200 | lr=0.00098879 | loss_cur=3.8151 | loss_epoch=93.5430 | elapsed=13.8s
2026-09-28 17:14:29,740 [INFO] E009 batch 660/1599 (41.3%) | opt_steps=82/200 | lr=0.000990016 | loss_cur=131.9958 | loss_epoch=92.7336 | elapsed=15.2s
2026-09-28 17:14:31,070 [INFO] E009 batch 720/1599 (45.0%) | opt_steps=90/200 | lr=0.000991331 | loss_cur=73.1257 | loss_epoch=91.7169 | elapsed=16.5s
2026-09-28 17:14:32,412 [INFO] E009 batch 780/1599 (48.8%) | opt_steps=97/200 | lr=0.000992405 | loss_cur=87.6857 | loss_epoch=92.8793 | elapsed=17.9s
2026-09-28 17:14:33,819 [INFO] E009 batch 840/1599 (52.5%) | opt_steps=105/200 | lr=0.000993547 | loss_cur=5.0212 | loss_epoch=91.5053 | elapsed=19.3s
2026-09-28 17:14:35,209 [INFO] E009 batch 900/1599 (56.3%) | opt_steps=112/200 | lr=0.000994471 | loss_cur=36.0313 | loss_epoch=91.9032 | elapsed=20.7s
2026-09-28 17:14:36,543 [INFO] E009 batch 960/1599 (60.0%) | opt_steps=120/200 | lr=0.000995439 | loss_cur=202.4211 | loss_epoch=91.3531 | elapsed=22.0s
2026-09-28 17:14:37,880 [INFO] E009 batch 1020/1599 (63.8%) | opt_steps=127/200 | lr=0.000996211 | loss_cur=60.0973 | loss_epoch=92.0693 | elapsed=23.3s
2026-09-28 17:14:39,292 [INFO] E009 batch 1080/1599 (67.5%) | opt_steps=135/200 | lr=0.000997005 | loss_cur=80.7035 | loss_epoch=91.8975 | elapsed=24.7s
2026-09-28 17:14:40,662 [INFO] E009 batch 1140/1599 (71.3%) | opt_steps=142/200 | lr=0.000997624 | loss_cur=58.5671 | loss_epoch=91.8803 | elapsed=26.1s
2026-09-28 17:14:42,128 [INFO] E009 batch 1200/1599 (75.0%) | opt_steps=150/200 | lr=0.000998244 | loss_cur=59.5247 | loss_epoch=91.8796 | elapsed=27.6s
2026-09-28 17:14:43,503 [INFO] E009 batch 1260/1599 (78.8%) | opt_steps=157/200 | lr=0.00099871 | loss_cur=42.8970 | loss_epoch=91.9089 | elapsed=28.9s
2026-09-28 17:14:44,900 [INFO] E009 batch 1320/1599 (82.6%) | opt_steps=165/200 | lr=0.000999154 | loss_cur=146.0714 | loss_epoch=91.7914 | elapsed=30.3s
2026-09-28 17:14:46,262 [INFO] E009 batch 1380/1599 (86.3%) | opt_steps=172/200 | lr=0.000999467 | loss_cur=72.4625 | loss_epoch=91.2696 | elapsed=31.7s
2026-09-28 17:14:47,694 [INFO] E009 batch 1440/1599 (90.1%) | opt_steps=180/200 | lr=0.000999736 | loss_cur=77.5387 | loss_epoch=91.8835 | elapsed=33.1s
2026-09-28 17:14:49,073 [INFO] E009 batch 1500/1599 (93.8%) | opt_steps=187/200 | lr=0.000999895 | loss_cur=151.4800 | loss_epoch=91.8923 | elapsed=34.5s
2026-09-28 17:14:50,451 [INFO] E009 batch 1560/1599 (97.6%) | opt_steps=195/200 | lr=0.000999988 | loss_cur=20.6466 | loss_epoch=92.1103 | elapsed=35.9s
2026-09-28 17:14:51,347 [INFO] E009 batch 1599/1599 (100.0%) | opt_steps=199/200 | lr=0.001 | loss_cur=69.5001 | loss_epoch=92.0319 | elapsed=36.8s
2026-09-28 17:14:51,363 [INFO] E009 val 1/31 (3.2%) | P@10=50.00% | P@20=100.00% | elapsed=0.0s
2026-09-28 17:14:51,568 [INFO] E009 val 31/31 (100.0%) | P@10=55.69% | P@20=100.00% | elapsed=0.2s
2026-09-28 17:14:51,568 [INFO] E009 done | Val P@10: 55.69% | Val P@20: 100.00% | Loss: 92.0319 | opt_steps=200 | elapsed=37.0s
2026-09-28 17:14:51,568 [INFO] E010 start | region=rmf | minibatches=1599 | grad_accum=8
2026-09-28 17:14:51,614 [INFO] E010 batch 1/1599 (0.1%) | opt_steps=0/200 | lr=0.001 | loss_cur=28.2959 | loss_epoch=28.2959 | elapsed=0.0s
2026-09-28 17:14:53,015 [INFO] E010 batch 60/1599 (3.8%) | opt_steps=7/200 | lr=0.000999991 | loss_cur=71.4992 | loss_epoch=84.9106 | elapsed=1.4s
2026-09-28 17:14:54,404 [INFO] E010 batch 120/1599 (7.5%) | opt_steps=15/200 | lr=0.000999964 | loss_cur=95.1103 | loss_epoch=91.0603 | elapsed=2.8s
2026-09-28 17:14:55,833 [INFO] E010 batch 180/1599 (11.3%) | opt_steps=22/200 | lr=0.000999926 | loss_cur=82.8287 | loss_epoch=84.4338 | elapsed=4.3s
2026-09-28 17:14:57,229 [INFO] E010 batch 240/1599 (15.0%) | opt_steps=30/200 | lr=0.000999866 | loss_cur=49.6398 | loss_epoch=84.7425 | elapsed=5.7s
2026-09-28 17:14:58,616 [INFO] E010 batch 300/1599 (18.8%) | opt_steps=37/200 | lr=0.000999798 | loss_cur=111.8945 | loss_epoch=85.5254 | elapsed=7.0s
2026-09-28 17:15:00,027 [INFO] E010 batch 360/1599 (22.5%) | opt_steps=45/200 | lr=0.000999704 | loss_cur=138.6192 | loss_epoch=87.6494 | elapsed=8.5s
2026-09-28 17:15:01,415 [INFO] E010 batch 420/1599 (26.3%) | opt_steps=52/200 | lr=0.000999607 | loss_cur=53.3360 | loss_epoch=86.2339 | elapsed=9.8s
2026-09-28 17:15:02,822 [INFO] E010 batch 480/1599 (30.0%) | opt_steps=60/200 | lr=0.00099948 | loss_cur=10.9766 | loss_epoch=85.4218 | elapsed=11.3s
2026-09-28 17:15:04,201 [INFO] E010 batch 540/1599 (33.8%) | opt_steps=67/200 | lr=0.000999353 | loss_cur=94.5071 | loss_epoch=85.7332 | elapsed=12.6s
2026-09-28 17:15:05,604 [INFO] E010 batch 600/1599 (37.5%) | opt_steps=75/200 | lr=0.000999192 | loss_cur=189.1477 | loss_epoch=84.1678 | elapsed=14.0s
2026-09-28 17:15:06,986 [INFO] E010 batch 660/1599 (41.3%) | opt_steps=82/200 | lr=0.000999037 | loss_cur=151.6032 | loss_epoch=84.0107 | elapsed=15.4s
2026-09-28 17:15:08,389 [INFO] E010 batch 720/1599 (45.0%) | opt_steps=90/200 | lr=0.000998842 | loss_cur=104.4667 | loss_epoch=83.9045 | elapsed=16.8s
2026-09-28 17:15:09,805 [INFO] E010 batch 780/1599 (48.8%) | opt_steps=97/200 | lr=0.000998657 | loss_cur=55.2575 | loss_epoch=84.5725 | elapsed=18.2s
2026-09-28 17:15:11,234 [INFO] E010 batch 840/1599 (52.5%) | opt_steps=105/200 | lr=0.000998429 | loss_cur=34.7630 | loss_epoch=83.7166 | elapsed=19.7s
2026-09-28 17:15:12,586 [INFO] E010 batch 900/1599 (56.3%) | opt_steps=112/200 | lr=0.000998215 | loss_cur=14.4325 | loss_epoch=83.5011 | elapsed=21.0s
2026-09-28 17:15:14,003 [INFO] E010 batch 960/1599 (60.0%) | opt_steps=120/200 | lr=0.000997953 | loss_cur=13.1008 | loss_epoch=83.1889 | elapsed=22.4s
2026-09-28 17:15:15,377 [INFO] E010 batch 1020/1599 (63.8%) | opt_steps=127/200 | lr=0.00099771 | loss_cur=16.3354 | loss_epoch=82.1459 | elapsed=23.8s
2026-09-28 17:15:16,761 [INFO] E010 batch 1080/1599 (67.5%) | opt_steps=135/200 | lr=0.000997415 | loss_cur=121.5579 | loss_epoch=82.1072 | elapsed=25.2s
2026-09-28 17:15:18,143 [INFO] E010 batch 1140/1599 (71.3%) | opt_steps=142/200 | lr=0.000997142 | loss_cur=164.8823 | loss_epoch=82.3065 | elapsed=26.6s
2026-09-28 17:15:19,559 [INFO] E010 batch 1200/1599 (75.0%) | opt_steps=150/200 | lr=0.000996814 | loss_cur=52.4483 | loss_epoch=83.1798 | elapsed=28.0s
2026-09-28 17:15:20,947 [INFO] E010 batch 1260/1599 (78.8%) | opt_steps=157/200 | lr=0.000996512 | loss_cur=83.0404 | loss_epoch=83.1357 | elapsed=29.4s
2026-09-28 17:15:22,375 [INFO] E010 batch 1320/1599 (82.6%) | opt_steps=165/200 | lr=0.000996151 | loss_cur=110.6118 | loss_epoch=83.2351 | elapsed=30.8s
2026-09-28 17:15:23,760 [INFO] E010 batch 1380/1599 (86.3%) | opt_steps=172/200 | lr=0.00099582 | loss_cur=179.8532 | loss_epoch=82.9985 | elapsed=32.2s
2026-09-28 17:15:25,140 [INFO] E010 batch 1440/1599 (90.1%) | opt_steps=180/200 | lr=0.000995425 | loss_cur=147.5314 | loss_epoch=82.6431 | elapsed=33.6s
2026-09-28 17:15:26,510 [INFO] E010 batch 1500/1599 (93.8%) | opt_steps=187/200 | lr=0.000995064 | loss_cur=88.3863 | loss_epoch=82.5605 | elapsed=34.9s
2026-09-28 17:15:27,890 [INFO] E010 batch 1560/1599 (97.6%) | opt_steps=195/200 | lr=0.000994636 | loss_cur=76.6333 | loss_epoch=83.2023 | elapsed=36.3s
2026-09-28 17:15:28,780 [INFO] E010 batch 1599/1599 (100.0%) | opt_steps=199/200 | lr=0.000994415 | loss_cur=13.2486 | loss_epoch=83.1588 | elapsed=37.2s
2026-09-28 17:15:28,795 [INFO] E010 val 1/31 (3.2%) | P@10=37.50% | P@20=100.00% | elapsed=0.0s
2026-09-28 17:15:29,016 [INFO] E010 val 31/31 (100.0%) | P@10=57.00% | P@20=100.00% | elapsed=0.2s
2026-09-28 17:15:29,016 [INFO] E010 done | Val P@10: 57.00% | Val P@20: 100.00% | Loss: 83.1588 | opt_steps=200 | elapsed=37.4s
2026-09-28 17:15:29,016 [INFO] E011 start | region=rmf | minibatches=1599 | grad_accum=8
2026-09-28 17:15:29,047 [INFO] E011 batch 1/1599 (0.1%) | opt_steps=0/200 | lr=0.00099436 | loss_cur=68.0220 | loss_epoch=68.0220 | elapsed=0.0s
2026-09-28 17:15:30,413 [INFO] E011 batch 60/1599 (3.8%) | opt_steps=7/200 | lr=0.000993961 | loss_cur=148.7728 | loss_epoch=78.8528 | elapsed=1.4s
2026-09-28 17:15:31,797 [INFO] E011 batch 120/1599 (7.5%) | opt_steps=15/200 | lr=0.000993488 | loss_cur=183.7126 | loss_epoch=84.4171 | elapsed=2.8s
2026-09-28 17:15:33,227 [INFO] E011 batch 180/1599 (11.3%) | opt_steps=22/200 | lr=0.00099306 | loss_cur=109.7950 | loss_epoch=81.6112 | elapsed=4.2s
2026-09-28 17:15:34,624 [INFO] E011 batch 240/1599 (15.0%) | opt_steps=30/200 | lr=0.000992555 | loss_cur=22.3166 | loss_epoch=80.8286 | elapsed=5.6s
2026-09-28 17:15:35,997 [INFO] E011 batch 300/1599 (18.8%) | opt_steps=37/200 | lr=0.000992098 | loss_cur=90.3968 | loss_epoch=79.9140 | elapsed=7.0s
2026-09-28 17:15:37,408 [INFO] E011 batch 360/1599 (22.5%) | opt_steps=45/200 | lr=0.000991559 | loss_cur=83.6831 | loss_epoch=78.7296 | elapsed=8.4s
2026-09-28 17:15:38,776 [INFO] E011 batch 420/1599 (26.3%) | opt_steps=52/200 | lr=0.000991073 | loss_cur=72.3113 | loss_epoch=78.5814 | elapsed=9.8s
2026-09-28 17:15:40,175 [INFO] E011 batch 480/1599 (30.0%) | opt_steps=60/200 | lr=0.000990502 | loss_cur=60.0477 | loss_epoch=78.6609 | elapsed=11.2s
2026-09-28 17:15:41,594 [INFO] E011 batch 540/1599 (33.8%) | opt_steps=67/200 | lr=0.000989987 | loss_cur=104.8097 | loss_epoch=79.0840 | elapsed=12.6s
2026-09-28 17:15:43,039 [INFO] E011 batch 600/1599 (37.5%) | opt_steps=75/200 | lr=0.000989383 | loss_cur=43.9536 | loss_epoch=77.8991 | elapsed=14.0s
2026-09-28 17:15:44,435 [INFO] E011 batch 660/1599 (41.3%) | opt_steps=82/200 | lr=0.000988839 | loss_cur=44.8162 | loss_epoch=78.0701 | elapsed=15.4s
2026-09-28 17:15:45,813 [INFO] E011 batch 720/1599 (45.0%) | opt_steps=90/200 | lr=0.000988202 | loss_cur=72.0193 | loss_epoch=77.5172 | elapsed=16.8s
2026-09-28 17:15:47,197 [INFO] E011 batch 780/1599 (48.8%) | opt_steps=97/200 | lr=0.00098763 | loss_cur=122.7526 | loss_epoch=77.7156 | elapsed=18.2s
2026-09-28 17:15:48,614 [INFO] E011 batch 840/1599 (52.5%) | opt_steps=105/200 | lr=0.00098696 | loss_cur=68.2170 | loss_epoch=77.7482 | elapsed=19.6s
2026-09-28 17:15:50,015 [INFO] E011 batch 900/1599 (56.3%) | opt_steps=112/200 | lr=0.000986359 | loss_cur=47.7636 | loss_epoch=78.3568 | elapsed=21.0s
2026-09-28 17:15:51,390 [INFO] E011 batch 960/1599 (60.0%) | opt_steps=120/200 | lr=0.000985656 | loss_cur=176.5269 | loss_epoch=78.9137 | elapsed=22.4s
2026-09-28 17:15:52,782 [INFO] E011 batch 1020/1599 (63.8%) | opt_steps=127/200 | lr=0.000985027 | loss_cur=167.9693 | loss_epoch=78.7236 | elapsed=23.8s
2026-09-28 17:15:54,156 [INFO] E011 batch 1080/1599 (67.5%) | opt_steps=135/200 | lr=0.000984292 | loss_cur=35.1416 | loss_epoch=78.2779 | elapsed=25.1s
2026-09-28 17:15:55,534 [INFO] E011 batch 1140/1599 (71.3%) | opt_steps=142/200 | lr=0.000983634 | loss_cur=126.5050 | loss_epoch=78.4166 | elapsed=26.5s
2026-09-28 17:15:56,938 [INFO] E011 batch 1200/1599 (75.0%) | opt_steps=150/200 | lr=0.000982866 | loss_cur=73.3762 | loss_epoch=78.3705 | elapsed=27.9s
2026-09-28 17:15:58,326 [INFO] E011 batch 1260/1599 (78.8%) | opt_steps=157/200 | lr=0.00098218 | loss_cur=130.7962 | loss_epoch=78.1341 | elapsed=29.3s
2026-09-28 17:15:59,704 [INFO] E011 batch 1320/1599 (82.6%) | opt_steps=165/200 | lr=0.00098138 | loss_cur=110.6751 | loss_epoch=77.6570 | elapsed=30.7s
2026-09-28 17:16:01,084 [INFO] E011 batch 1380/1599 (86.3%) | opt_steps=172/200 | lr=0.000980665 | loss_cur=98.6125 | loss_epoch=77.3063 | elapsed=32.1s
2026-09-28 17:16:02,520 [INFO] E011 batch 1440/1599 (90.1%) | opt_steps=180/200 | lr=0.000979833 | loss_cur=192.4845 | loss_epoch=77.7486 | elapsed=33.5s
2026-09-28 17:16:03,892 [INFO] E011 batch 1500/1599 (93.8%) | opt_steps=187/200 | lr=0.00097909 | loss_cur=124.5624 | loss_epoch=78.2445 | elapsed=34.9s
2026-09-28 17:16:05,283 [INFO] E011 batch 1560/1599 (97.6%) | opt_steps=195/200 | lr=0.000978225 | loss_cur=78.2513 | loss_epoch=78.1749 | elapsed=36.3s
2026-09-28 17:16:06,173 [INFO] E011 batch 1599/1599 (100.0%) | opt_steps=199/200 | lr=0.000977786 | loss_cur=68.3923 | loss_epoch=78.0575 | elapsed=37.2s
2026-09-28 17:16:06,189 [INFO] E011 val 1/31 (3.2%) | P@10=37.50% | P@20=100.00% | elapsed=0.0s
2026-09-28 17:16:06,425 [INFO] E011 val 31/31 (100.0%) | P@10=55.11% | P@20=100.00% | elapsed=0.2s
2026-09-28 17:16:06,425 [INFO] E011 done | Val P@10: 55.11% | Val P@20: 100.00% | Loss: 78.0575 | opt_steps=200 | elapsed=37.4s
2026-09-28 17:16:06,425 [INFO] E012 start | region=rmf | minibatches=1599 | grad_accum=8
2026-09-28 17:16:06,442 [INFO] E012 batch 1/1599 (0.1%) | opt_steps=0/200 | lr=0.000977676 | loss_cur=32.2717 | loss_epoch=32.2717 | elapsed=0.0s
2026-09-28 17:16:07,799 [INFO] E012 batch 60/1599 (3.8%) | opt_steps=7/200 | lr=0.000976896 | loss_cur=84.8198 | loss_epoch=59.1602 | elapsed=1.4s
2026-09-28 17:16:09,196 [INFO] E012 batch 120/1599 (7.5%) | opt_steps=15/200 | lr=0.000975989 | loss_cur=92.8143 | loss_epoch=67.0293 | elapsed=2.8s
2026-09-28 17:16:10,576 [INFO] E012 batch 180/1599 (11.3%) | opt_steps=22/200 | lr=0.00097518 | loss_cur=204.7518 | loss_epoch=72.5523 | elapsed=4.2s
2026-09-28 17:16:11,968 [INFO] E012 batch 240/1599 (15.0%) | opt_steps=30/200 | lr=0.000974241 | loss_cur=34.1453 | loss_epoch=73.8292 | elapsed=5.5s
2026-09-28 17:16:13,361 [INFO] E012 batch 300/1599 (18.8%) | opt_steps=37/200 | lr=0.000973405 | loss_cur=75.9773 | loss_epoch=72.7057 | elapsed=6.9s
2026-09-28 17:16:14,750 [INFO] E012 batch 360/1599 (22.5%) | opt_steps=45/200 | lr=0.000972434 | loss_cur=25.2152 | loss_epoch=71.3886 | elapsed=8.3s
2026-09-28 17:16:16,132 [INFO] E012 batch 420/1599 (26.3%) | opt_steps=52/200 | lr=0.00097157 | loss_cur=179.8152 | loss_epoch=72.7793 | elapsed=9.7s
2026-09-28 17:16:17,543 [INFO] E012 batch 480/1599 (30.0%) | opt_steps=60/200 | lr=0.000970567 | loss_cur=28.2748 | loss_epoch=72.4075 | elapsed=11.1s
2026-09-28 17:16:19,085 [INFO] E012 batch 540/1599 (33.8%) | opt_steps=67/200 | lr=0.000969676 | loss_cur=72.6457 | loss_epoch=71.2776 | elapsed=12.7s
2026-09-28 17:16:20,500 [INFO] E012 batch 600/1599 (37.5%) | opt_steps=75/200 | lr=0.000968641 | loss_cur=58.2908 | loss_epoch=70.6629 | elapsed=14.1s
2026-09-28 17:16:21,850 [INFO] E012 batch 660/1599 (41.3%) | opt_steps=82/200 | lr=0.000967722 | loss_cur=118.4112 | loss_epoch=69.6077 | elapsed=15.4s
2026-09-28 17:16:23,255 [INFO] E012 batch 720/1599 (45.0%) | opt_steps=90/200 | lr=0.000966656 | loss_cur=78.5128 | loss_epoch=70.1385 | elapsed=16.8s
2026-09-28 17:16:24,636 [INFO] E012 batch 780/1599 (48.8%) | opt_steps=97/200 | lr=0.00096571 | loss_cur=34.7405 | loss_epoch=70.2467 | elapsed=18.2s
2026-09-28 17:16:26,016 [INFO] E012 batch 840/1599 (52.5%) | opt_steps=105/200 | lr=0.000964613 | loss_cur=55.8203 | loss_epoch=70.5504 | elapsed=19.6s
2026-09-28 17:16:27,395 [INFO] E012 batch 900/1599 (56.3%) | opt_steps=112/200 | lr=0.000963639 | loss_cur=63.4608 | loss_epoch=70.2793 | elapsed=21.0s
2026-09-28 17:16:28,783 [INFO] E012 batch 960/1599 (60.0%) | opt_steps=120/200 | lr=0.00096251 | loss_cur=68.5707 | loss_epoch=70.1722 | elapsed=22.4s
2026-09-28 17:16:30,162 [INFO] E012 batch 1020/1599 (63.8%) | opt_steps=127/200 | lr=0.000961509 | loss_cur=83.2401 | loss_epoch=70.5871 | elapsed=23.7s
2026-09-28 17:16:31,568 [INFO] E012 batch 1080/1599 (67.5%) | opt_steps=135/200 | lr=0.00096035 | loss_cur=34.9140 | loss_epoch=70.6442 | elapsed=25.1s
2026-09-28 17:16:32,961 [INFO] E012 batch 1140/1599 (71.3%) | opt_steps=142/200 | lr=0.000959322 | loss_cur=28.3647 | loss_epoch=70.1146 | elapsed=26.5s
2026-09-28 17:16:34,358 [INFO] E012 batch 1200/1599 (75.0%) | opt_steps=150/200 | lr=0.000958132 | loss_cur=71.5491 | loss_epoch=70.2473 | elapsed=27.9s
2026-09-28 17:16:35,741 [INFO] E012 batch 1260/1599 (78.8%) | opt_steps=157/200 | lr=0.000957077 | loss_cur=59.4937 | loss_epoch=70.5477 | elapsed=29.3s
2026-09-28 17:16:37,121 [INFO] E012 batch 1320/1599 (82.6%) | opt_steps=165/200 | lr=0.000955856 | loss_cur=55.3221 | loss_epoch=70.3594 | elapsed=30.7s
2026-09-28 17:16:38,492 [INFO] E012 batch 1380/1599 (86.3%) | opt_steps=172/200 | lr=0.000954774 | loss_cur=60.4618 | loss_epoch=70.4155 | elapsed=32.1s
2026-09-28 17:16:39,864 [INFO] E012 batch 1440/1599 (90.1%) | opt_steps=180/200 | lr=0.000953522 | loss_cur=42.2190 | loss_epoch=70.8490 | elapsed=33.4s
2026-09-28 17:16:41,306 [INFO] E012 batch 1500/1599 (93.8%) | opt_steps=187/200 | lr=0.000952414 | loss_cur=62.1567 | loss_epoch=71.0325 | elapsed=34.9s
2026-09-28 17:16:42,688 [INFO] E012 batch 1560/1599 (97.6%) | opt_steps=195/200 | lr=0.000951132 | loss_cur=47.5847 | loss_epoch=71.0586 | elapsed=36.3s
2026-09-28 17:16:43,588 [INFO] E012 batch 1599/1599 (100.0%) | opt_steps=199/200 | lr=0.000950485 | loss_cur=106.7643 | loss_epoch=71.0154 | elapsed=37.2s
2026-09-28 17:16:43,604 [INFO] E012 val 1/31 (3.2%) | P@10=37.50% | P@20=100.00% | elapsed=0.0s
2026-09-28 17:16:43,825 [INFO] E012 val 31/31 (100.0%) | P@10=59.36% | P@20=100.00% | elapsed=0.2s
2026-09-28 17:16:43,825 [INFO] E012 done | Val P@10: 59.36% | Val P@20: 100.00% | Loss: 71.0154 | opt_steps=200 | elapsed=37.4s
2026-09-28 17:16:43,825 [INFO] E013 start | region=rmf | minibatches=1599 | grad_accum=8
2026-09-28 17:16:43,841 [INFO] E013 batch 1/1599 (0.1%) | opt_steps=0/200 | lr=0.000950322 | loss_cur=50.2273 | loss_epoch=50.2273 | elapsed=0.0s
2026-09-28 17:16:45,193 [INFO] E013 batch 60/1599 (3.8%) | opt_steps=7/200 | lr=0.000949178 | loss_cur=52.3581 | loss_epoch=69.9481 | elapsed=1.4s
2026-09-28 17:16:46,567 [INFO] E013 batch 120/1599 (7.5%) | opt_steps=15/200 | lr=0.000947856 | loss_cur=71.8025 | loss_epoch=70.3561 | elapsed=2.7s
2026-09-28 17:16:47,949 [INFO] E013 batch 180/1599 (11.3%) | opt_steps=22/200 | lr=0.000946686 | loss_cur=65.4220 | loss_epoch=70.1575 | elapsed=4.1s
2026-09-28 17:16:49,356 [INFO] E013 batch 240/1599 (15.0%) | opt_steps=30/200 | lr=0.000945334 | loss_cur=86.6915 | loss_epoch=67.5623 | elapsed=5.5s
2026-09-28 17:16:50,738 [INFO] E013 batch 300/1599 (18.8%) | opt_steps=37/200 | lr=0.000944137 | loss_cur=14.6001 | loss_epoch=66.6102 | elapsed=6.9s
2026-09-28 17:16:52,104 [INFO] E013 batch 360/1599 (22.5%) | opt_steps=45/200 | lr=0.000942755 | loss_cur=30.6177 | loss_epoch=67.3615 | elapsed=8.3s
2026-09-28 17:16:53,499 [INFO] E013 batch 420/1599 (26.3%) | opt_steps=52/200 | lr=0.000941533 | loss_cur=63.5839 | loss_epoch=66.6928 | elapsed=9.7s
2026-09-28 17:16:54,878 [INFO] E013 batch 480/1599 (30.0%) | opt_steps=60/200 | lr=0.000940121 | loss_cur=9.0294 | loss_epoch=66.0354 | elapsed=11.1s
2026-09-28 17:16:56,261 [INFO] E013 batch 540/1599 (33.8%) | opt_steps=67/200 | lr=0.000938872 | loss_cur=92.2096 | loss_epoch=66.4159 | elapsed=12.4s
2026-09-28 17:16:57,711 [INFO] E013 batch 600/1599 (37.5%) | opt_steps=75/200 | lr=0.000937431 | loss_cur=54.9029 | loss_epoch=67.0899 | elapsed=13.9s
2026-09-28 17:16:59,127 [INFO] E013 batch 660/1599 (41.3%) | opt_steps=82/200 | lr=0.000936157 | loss_cur=87.6953 | loss_epoch=67.6266 | elapsed=15.3s
2026-09-28 17:17:00,568 [INFO] E013 batch 720/1599 (45.0%) | opt_steps=90/200 | lr=0.000934686 | loss_cur=79.1758 | loss_epoch=68.1179 | elapsed=16.7s
2026-09-28 17:17:02,011 [INFO] E013 batch 780/1599 (48.8%) | opt_steps=97/200 | lr=0.000933386 | loss_cur=48.6867 | loss_epoch=68.3398 | elapsed=18.2s
2026-09-28 17:17:03,431 [INFO] E013 batch 840/1599 (52.5%) | opt_steps=105/200 | lr=0.000931887 | loss_cur=25.6238 | loss_epoch=68.1942 | elapsed=19.6s
2026-09-28 17:17:04,841 [INFO] E013 batch 900/1599 (56.3%) | opt_steps=112/200 | lr=0.000930562 | loss_cur=37.1877 | loss_epoch=68.2160 | elapsed=21.0s
2026-09-28 17:17:06,283 [INFO] E013 batch 960/1599 (60.0%) | opt_steps=120/200 | lr=0.000929033 | loss_cur=9.6596 | loss_epoch=67.7311 | elapsed=22.5s
2026-09-28 17:17:07,693 [INFO] E013 batch 1020/1599 (63.8%) | opt_steps=127/200 | lr=0.000927682 | loss_cur=80.3350 | loss_epoch=66.8891 | elapsed=23.9s
2026-09-28 17:17:09,105 [INFO] E013 batch 1080/1599 (67.5%) | opt_steps=135/200 | lr=0.000926125 | loss_cur=41.4495 | loss_epoch=67.3004 | elapsed=25.3s
2026-09-28 17:17:10,527 [INFO] E013 batch 1140/1599 (71.3%) | opt_steps=142/200 | lr=0.000924749 | loss_cur=34.2141 | loss_epoch=67.3928 | elapsed=26.7s
2026-09-28 17:17:11,963 [INFO] E013 batch 1200/1599 (75.0%) | opt_steps=150/200 | lr=0.000923163 | loss_cur=220.3559 | loss_epoch=67.1787 | elapsed=28.1s
2026-09-28 17:17:13,356 [INFO] E013 batch 1260/1599 (78.8%) | opt_steps=157/200 | lr=0.000921763 | loss_cur=70.6635 | loss_epoch=66.9829 | elapsed=29.5s
2026-09-28 17:17:14,851 [INFO] E013 batch 1320/1599 (82.6%) | opt_steps=165/200 | lr=0.000920149 | loss_cur=44.6787 | loss_epoch=66.6169 | elapsed=31.0s
2026-09-28 17:17:16,347 [INFO] E013 batch 1380/1599 (86.3%) | opt_steps=172/200 | lr=0.000918723 | loss_cur=22.4460 | loss_epoch=66.9748 | elapsed=32.5s
2026-09-28 17:17:17,977 [INFO] E013 batch 1440/1599 (90.1%) | opt_steps=180/200 | lr=0.000917081 | loss_cur=32.7397 | loss_epoch=66.9573 | elapsed=34.2s
2026-09-28 17:17:19,526 [INFO] E013 batch 1500/1599 (93.8%) | opt_steps=187/200 | lr=0.000915631 | loss_cur=29.1507 | loss_epoch=66.6871 | elapsed=35.7s
2026-09-28 17:17:20,963 [INFO] E013 batch 1560/1599 (97.6%) | opt_steps=195/200 | lr=0.000913961 | loss_cur=74.1032 | loss_epoch=66.5187 | elapsed=37.1s
2026-09-28 17:17:21,872 [INFO] E013 batch 1599/1599 (100.0%) | opt_steps=199/200 | lr=0.00091312 | loss_cur=129.5106 | loss_epoch=66.5707 | elapsed=38.0s
2026-09-28 17:17:21,888 [INFO] E013 val 1/31 (3.2%) | P@10=37.50% | P@20=100.00% | elapsed=0.0s
2026-09-28 17:17:22,125 [INFO] E013 val 31/31 (100.0%) | P@10=57.00% | P@20=100.00% | elapsed=0.2s
2026-09-28 17:17:22,125 [INFO] E013 done | Val P@10: 57.00% | Val P@20: 100.00% | Loss: 66.5707 | opt_steps=200 | elapsed=38.3s
2026-09-28 17:17:22,125 [INFO] E014 start | region=rmf | minibatches=1599 | grad_accum=8
2026-09-28 17:17:22,141 [INFO] E014 batch 1/1599 (0.1%) | opt_steps=0/200 | lr=0.000912909 | loss_cur=36.3641 | loss_epoch=36.3641 | elapsed=0.0s
2026-09-28 17:17:23,538 [INFO] E014 batch 60/1599 (3.8%) | opt_steps=7/200 | lr=0.000911427 | loss_cur=52.3639 | loss_epoch=68.0073 | elapsed=1.4s
2026-09-28 17:17:24,950 [INFO] E014 batch 120/1599 (7.5%) | opt_steps=15/200 | lr=0.000909719 | loss_cur=75.7105 | loss_epoch=61.9503 | elapsed=2.8s
2026-09-28 17:17:26,351 [INFO] E014 batch 180/1599 (11.3%) | opt_steps=22/200 | lr=0.000908213 | loss_cur=41.5428 | loss_epoch=63.2223 | elapsed=4.2s
2026-09-28 17:17:27,744 [INFO] E014 batch 240/1599 (15.0%) | opt_steps=30/200 | lr=0.000906478 | loss_cur=96.1356 | loss_epoch=65.2676 | elapsed=5.6s
2026-09-28 17:17:29,144 [INFO] E014 batch 300/1599 (18.8%) | opt_steps=37/200 | lr=0.000904948 | loss_cur=22.7811 | loss_epoch=65.5572 | elapsed=7.0s
2026-09-28 17:17:30,522 [INFO] E014 batch 360/1599 (22.5%) | opt_steps=45/200 | lr=0.000903186 | loss_cur=27.9410 | loss_epoch=64.7073 | elapsed=8.4s
2026-09-28 17:17:31,921 [INFO] E014 batch 420/1599 (26.3%) | opt_steps=52/200 | lr=0.000901632 | loss_cur=108.9924 | loss_epoch=64.4415 | elapsed=9.8s
2026-09-28 17:17:33,332 [INFO] E014 batch 480/1599 (30.0%) | opt_steps=60/200 | lr=0.000899843 | loss_cur=48.5202 | loss_epoch=66.4699 | elapsed=11.2s
2026-09-28 17:17:34,698 [INFO] E014 batch 540/1599 (33.8%) | opt_steps=67/200 | lr=0.000898265 | loss_cur=104.4894 | loss_epoch=68.1221 | elapsed=12.6s
2026-09-28 17:17:36,085 [INFO] E014 batch 600/1599 (37.5%) | opt_steps=75/200 | lr=0.000896449 | loss_cur=21.3200 | loss_epoch=67.6333 | elapsed=14.0s
2026-09-28 17:17:37,480 [INFO] E014 batch 660/1599 (41.3%) | opt_steps=82/200 | lr=0.000894849 | loss_cur=62.4448 | loss_epoch=67.5583 | elapsed=15.4s
2026-09-28 17:17:38,931 [INFO] E014 batch 720/1599 (45.0%) | opt_steps=90/200 | lr=0.000893006 | loss_cur=80.4203 | loss_epoch=66.3276 | elapsed=16.8s
2026-09-28 17:17:40,360 [INFO] E014 batch 780/1599 (48.8%) | opt_steps=97/200 | lr=0.000891382 | loss_cur=55.9394 | loss_epoch=65.9228 | elapsed=18.2s
2026-09-28 17:17:41,754 [INFO] E014 batch 840/1599 (52.5%) | opt_steps=105/200 | lr=0.000889513 | loss_cur=61.7272 | loss_epoch=66.1308 | elapsed=19.6s
2026-09-28 17:17:43,136 [INFO] E014 batch 900/1599 (56.3%) | opt_steps=112/200 | lr=0.000887866 | loss_cur=25.5463 | loss_epoch=66.5209 | elapsed=21.0s
2026-09-28 17:17:44,543 [INFO] E014 batch 960/1599 (60.0%) | opt_steps=120/200 | lr=0.000885971 | loss_cur=176.1670 | loss_epoch=67.3561 | elapsed=22.4s
2026-09-28 17:17:45,920 [INFO] E014 batch 1020/1599 (63.8%) | opt_steps=127/200 | lr=0.000884302 | loss_cur=54.4248 | loss_epoch=67.1348 | elapsed=23.8s
2026-09-28 17:17:47,321 [INFO] E014 batch 1080/1599 (67.5%) | opt_steps=135/200 | lr=0.000882381 | loss_cur=68.7087 | loss_epoch=66.8591 | elapsed=25.2s
2026-09-28 17:17:48,728 [INFO] E014 batch 1140/1599 (71.3%) | opt_steps=142/200 | lr=0.000880689 | loss_cur=43.9836 | loss_epoch=67.1572 | elapsed=26.6s
2026-09-28 17:17:50,157 [INFO] E014 batch 1200/1599 (75.0%) | opt_steps=150/200 | lr=0.000878742 | loss_cur=44.5373 | loss_epoch=66.7804 | elapsed=28.0s
2026-09-28 17:17:51,598 [INFO] E014 batch 1260/1599 (78.8%) | opt_steps=157/200 | lr=0.000877028 | loss_cur=97.6131 | loss_epoch=66.6700 | elapsed=29.5s
2026-09-28 17:17:53,019 [INFO] E014 batch 1320/1599 (82.6%) | opt_steps=165/200 | lr=0.000875056 | loss_cur=57.7299 | loss_epoch=66.3381 | elapsed=30.9s
2026-09-28 17:17:54,452 [INFO] E014 batch 1380/1599 (86.3%) | opt_steps=172/200 | lr=0.00087332 | loss_cur=88.0831 | loss_epoch=65.9970 | elapsed=32.3s
2026-09-28 17:17:55,873 [INFO] E014 batch 1440/1599 (90.1%) | opt_steps=180/200 | lr=0.000871323 | loss_cur=66.4543 | loss_epoch=65.9781 | elapsed=33.7s
2026-09-28 17:17:57,265 [INFO] E014 batch 1500/1599 (93.8%) | opt_steps=187/200 | lr=0.000869564 | loss_cur=44.0891 | loss_epoch=65.9694 | elapsed=35.1s
2026-09-28 17:17:58,684 [INFO] E014 batch 1560/1599 (97.6%) | opt_steps=195/200 | lr=0.000867542 | loss_cur=52.3869 | loss_epoch=65.4598 | elapsed=36.6s
2026-09-28 17:17:59,589 [INFO] E014 batch 1599/1599 (100.0%) | opt_steps=199/200 | lr=0.000866526 | loss_cur=56.5232 | loss_epoch=65.5952 | elapsed=37.5s
2026-09-28 17:17:59,605 [INFO] E014 val 1/31 (3.2%) | P@10=37.50% | P@20=100.00% | elapsed=0.0s
2026-09-28 17:17:59,819 [INFO] E014 val 31/31 (100.0%) | P@10=55.35% | P@20=100.00% | elapsed=0.2s
2026-09-28 17:17:59,819 [INFO] E014 done | Val P@10: 55.35% | Val P@20: 100.00% | Loss: 65.5952 | opt_steps=200 | elapsed=37.7s
2026-09-28 17:17:59,819 [INFO] E015 start | region=rmf | minibatches=1599 | grad_accum=8
2026-09-28 17:17:59,851 [INFO] E015 batch 1/1599 (0.1%) | opt_steps=0/200 | lr=0.000866272 | loss_cur=52.6375 | loss_epoch=52.6375 | elapsed=0.0s
2026-09-28 17:18:01,281 [INFO] E015 batch 60/1599 (3.8%) | opt_steps=7/200 | lr=0.000864485 | loss_cur=33.0726 | loss_epoch=71.0060 | elapsed=1.5s
2026-09-28 17:18:02,684 [INFO] E015 batch 120/1599 (7.5%) | opt_steps=15/200 | lr=0.00086243 | loss_cur=145.4875 | loss_epoch=78.4333 | elapsed=2.9s
2026-09-28 17:18:04,070 [INFO] E015 batch 180/1599 (11.3%) | opt_steps=22/200 | lr=0.000860622 | loss_cur=41.7260 | loss_epoch=71.2258 | elapsed=4.3s
2026-09-28 17:18:05,467 [INFO] E015 batch 240/1599 (15.0%) | opt_steps=30/200 | lr=0.000858543 | loss_cur=20.8767 | loss_epoch=68.0455 | elapsed=5.6s
2026-09-28 17:18:06,873 [INFO] E015 batch 300/1599 (18.8%) | opt_steps=37/200 | lr=0.000856713 | loss_cur=39.2566 | loss_epoch=69.6888 | elapsed=7.1s
2026-09-28 17:18:08,250 [INFO] E015 batch 360/1599 (22.5%) | opt_steps=45/200 | lr=0.00085461 | loss_cur=80.7525 | loss_epoch=69.4675 | elapsed=8.4s
2026-09-28 17:18:09,632 [INFO] E015 batch 420/1599 (26.3%) | opt_steps=52/200 | lr=0.00085276 | loss_cur=27.0683 | loss_epoch=66.6224 | elapsed=9.8s
2026-09-28 17:18:11,064 [INFO] E015 batch 480/1599 (30.0%) | opt_steps=60/200 | lr=0.000850633 | loss_cur=45.5661 | loss_epoch=66.3531 | elapsed=11.2s
2026-09-28 17:18:12,517 [INFO] E015 batch 540/1599 (33.8%) | opt_steps=67/200 | lr=0.000848762 | loss_cur=64.9234 | loss_epoch=66.7218 | elapsed=12.7s
2026-09-28 17:18:14,169 [INFO] E015 batch 600/1599 (37.5%) | opt_steps=75/200 | lr=0.000846612 | loss_cur=36.7074 | loss_epoch=66.2730 | elapsed=14.3s
2026-09-28 17:18:15,566 [INFO] E015 batch 660/1599 (41.3%) | opt_steps=82/200 | lr=0.00084472 | loss_cur=55.1235 | loss_epoch=64.9423 | elapsed=15.7s
2026-09-28 17:18:16,973 [INFO] E015 batch 720/1599 (45.0%) | opt_steps=90/200 | lr=0.000842547 | loss_cur=43.6756 | loss_epoch=63.9714 | elapsed=17.2s
2026-09-28 17:18:18,405 [INFO] E015 batch 780/1599 (48.8%) | opt_steps=97/200 | lr=0.000840635 | loss_cur=135.7020 | loss_epoch=63.4440 | elapsed=18.6s
2026-09-28 17:18:19,849 [INFO] E015 batch 840/1599 (52.5%) | opt_steps=105/200 | lr=0.000838439 | loss_cur=13.1431 | loss_epoch=63.2722 | elapsed=20.0s
2026-09-28 17:18:21,252 [INFO] E015 batch 900/1599 (56.3%) | opt_steps=112/200 | lr=0.000836507 | loss_cur=76.7524 | loss_epoch=62.5307 | elapsed=21.4s
2026-09-28 17:18:22,651 [INFO] E015 batch 960/1599 (60.0%) | opt_steps=120/200 | lr=0.000834288 | loss_cur=55.7348 | loss_epoch=61.8972 | elapsed=22.8s
2026-09-28 17:18:24,039 [INFO] E015 batch 1020/1599 (63.8%) | opt_steps=127/200 | lr=0.000832337 | loss_cur=68.7688 | loss_epoch=61.7564 | elapsed=24.2s
2026-09-28 17:18:25,412 [INFO] E015 batch 1080/1599 (67.5%) | opt_steps=135/200 | lr=0.000830095 | loss_cur=38.1343 | loss_epoch=61.4079 | elapsed=25.6s
2026-09-28 17:18:26,811 [INFO] E015 batch 1140/1599 (71.3%) | opt_steps=142/200 | lr=0.000828124 | loss_cur=52.7381 | loss_epoch=62.0312 | elapsed=27.0s
2026-09-28 17:18:28,207 [INFO] E015 batch 1200/1599 (75.0%) | opt_steps=150/200 | lr=0.000825861 | loss_cur=170.6980 | loss_epoch=61.9754 | elapsed=28.4s
2026-09-28 17:18:29,602 [INFO] E015 batch 1260/1599 (78.8%) | opt_steps=157/200 | lr=0.000823871 | loss_cur=10.0604 | loss_epoch=61.9907 | elapsed=29.8s
2026-09-28 17:18:30,970 [INFO] E015 batch 1320/1599 (82.6%) | opt_steps=165/200 | lr=0.000821585 | loss_cur=32.0525 | loss_epoch=61.7507 | elapsed=31.2s
2026-09-28 17:18:32,354 [INFO] E015 batch 1380/1599 (86.3%) | opt_steps=172/200 | lr=0.000819576 | loss_cur=42.3301 | loss_epoch=61.5838 | elapsed=32.5s
2026-09-28 17:18:33,761 [INFO] E015 batch 1440/1599 (90.1%) | opt_steps=180/200 | lr=0.00081727 | loss_cur=115.2759 | loss_epoch=61.4961 | elapsed=33.9s
2026-09-28 17:18:35,204 [INFO] E015 batch 1500/1599 (93.8%) | opt_steps=187/200 | lr=0.000815242 | loss_cur=47.3957 | loss_epoch=61.3911 | elapsed=35.4s
2026-09-28 17:18:36,670 [INFO] E015 batch 1560/1599 (97.6%) | opt_steps=195/200 | lr=0.000812914 | loss_cur=63.5563 | loss_epoch=60.9603 | elapsed=36.9s
2026-09-28 17:18:37,576 [INFO] E015 batch 1599/1599 (100.0%) | opt_steps=199/200 | lr=0.000811746 | loss_cur=65.6387 | loss_epoch=60.9602 | elapsed=37.8s
2026-09-28 17:18:37,592 [INFO] E015 val 1/31 (3.2%) | P@10=37.50% | P@20=100.00% | elapsed=0.0s
2026-09-28 17:18:37,834 [INFO] E015 val 31/31 (100.0%) | P@10=52.12% | P@20=100.00% | elapsed=0.3s
2026-09-28 17:18:37,834 [INFO] E015 done | Val P@10: 52.12% | Val P@20: 100.00% | Loss: 60.9602 | opt_steps=200 | elapsed=38.0s
2026-09-28 17:18:37,834 [INFO] E016 start | region=rmf | minibatches=1599 | grad_accum=8
2026-09-28 17:18:37,854 [INFO] E016 batch 1/1599 (0.1%) | opt_steps=0/200 | lr=0.000811453 | loss_cur=64.1401 | loss_epoch=64.1401 | elapsed=0.0s
2026-09-28 17:18:39,301 [INFO] E016 batch 60/1599 (3.8%) | opt_steps=7/200 | lr=0.000809401 | loss_cur=86.9157 | loss_epoch=52.3739 | elapsed=1.5s
2026-09-28 17:18:40,746 [INFO] E016 batch 120/1599 (7.5%) | opt_steps=15/200 | lr=0.000807045 | loss_cur=35.6773 | loss_epoch=52.5713 | elapsed=2.9s
2026-09-28 17:18:42,162 [INFO] E016 batch 180/1599 (11.3%) | opt_steps=22/200 | lr=0.000804975 | loss_cur=110.3272 | loss_epoch=55.2300 | elapsed=4.3s
2026-09-28 17:18:43,509 [INFO] E016 batch 240/1599 (15.0%) | opt_steps=30/200 | lr=0.000802598 | loss_cur=201.9497 | loss_epoch=56.2783 | elapsed=5.7s
2026-09-28 17:18:44,923 [INFO] E016 batch 300/1599 (18.8%) | opt_steps=37/200 | lr=0.00080051 | loss_cur=45.0707 | loss_epoch=59.4270 | elapsed=7.1s
2026-09-28 17:18:46,299 [INFO] E016 batch 360/1599 (22.5%) | opt_steps=45/200 | lr=0.000798113 | loss_cur=47.2040 | loss_epoch=58.2011 | elapsed=8.5s
2026-09-28 17:18:47,670 [INFO] E016 batch 420/1599 (26.3%) | opt_steps=52/200 | lr=0.000796007 | loss_cur=80.6460 | loss_epoch=58.3496 | elapsed=9.8s
2026-09-28 17:18:49,077 [INFO] E016 batch 480/1599 (30.0%) | opt_steps=60/200 | lr=0.000793591 | loss_cur=70.0952 | loss_epoch=57.4550 | elapsed=11.2s
2026-09-28 17:18:50,565 [INFO] E016 batch 540/1599 (33.8%) | opt_steps=67/200 | lr=0.000791468 | loss_cur=116.1876 | loss_epoch=57.8727 | elapsed=12.7s
2026-09-28 17:18:51,993 [INFO] E016 batch 600/1599 (37.5%) | opt_steps=75/200 | lr=0.000789031 | loss_cur=114.5589 | loss_epoch=58.4255 | elapsed=14.2s
2026-09-28 17:18:53,346 [INFO] E016 batch 660/1599 (41.3%) | opt_steps=82/200 | lr=0.000786891 | loss_cur=78.6000 | loss_epoch=57.6301 | elapsed=15.5s
2026-09-28 17:18:54,747 [INFO] E016 batch 720/1599 (45.0%) | opt_steps=90/200 | lr=0.000784436 | loss_cur=44.7694 | loss_epoch=56.8184 | elapsed=16.9s
2026-09-28 17:18:56,161 [INFO] E016 batch 780/1599 (48.8%) | opt_steps=97/200 | lr=0.000782279 | loss_cur=21.5245 | loss_epoch=56.5843 | elapsed=18.3s
2026-09-28 17:18:57,562 [INFO] E016 batch 840/1599 (52.5%) | opt_steps=105/200 | lr=0.000779804 | loss_cur=56.3866 | loss_epoch=57.2839 | elapsed=19.7s
2026-09-28 17:18:58,961 [INFO] E016 batch 900/1599 (56.3%) | opt_steps=112/200 | lr=0.000777631 | loss_cur=42.7800 | loss_epoch=57.5547 | elapsed=21.1s
2026-09-28 17:19:00,379 [INFO] E016 batch 960/1599 (60.0%) | opt_steps=120/200 | lr=0.000775137 | loss_cur=77.6395 | loss_epoch=57.8176 | elapsed=22.5s
2026-09-28 17:19:01,770 [INFO] E016 batch 1020/1599 (63.8%) | opt_steps=127/200 | lr=0.000772947 | loss_cur=53.5098 | loss_epoch=57.9733 | elapsed=23.9s
2026-09-28 17:19:03,168 [INFO] E016 batch 1080/1599 (67.5%) | opt_steps=135/200 | lr=0.000770436 | loss_cur=12.7612 | loss_epoch=57.7621 | elapsed=25.3s
2026-09-28 17:19:04,558 [INFO] E016 batch 1140/1599 (71.3%) | opt_steps=142/200 | lr=0.00076823 | loss_cur=43.7652 | loss_epoch=57.7673 | elapsed=26.7s
2026-09-28 17:19:05,935 [INFO] E016 batch 1200/1599 (75.0%) | opt_steps=150/200 | lr=0.0007657 | loss_cur=200.6042 | loss_epoch=58.2447 | elapsed=28.1s
2026-09-28 17:19:07,338 [INFO] E016 batch 1260/1599 (78.8%) | opt_steps=157/200 | lr=0.000763479 | loss_cur=54.0768 | loss_epoch=58.2351 | elapsed=29.5s
2026-09-28 17:19:08,740 [INFO] E016 batch 1320/1599 (82.6%) | opt_steps=165/200 | lr=0.000760931 | loss_cur=196.0873 | loss_epoch=57.9871 | elapsed=30.9s
2026-09-28 17:19:10,120 [INFO] E016 batch 1380/1599 (86.3%) | opt_steps=172/200 | lr=0.000758694 | loss_cur=48.7773 | loss_epoch=57.7344 | elapsed=32.3s
2026-09-28 17:19:11,514 [INFO] E016 batch 1440/1599 (90.1%) | opt_steps=180/200 | lr=0.000756129 | loss_cur=59.5154 | loss_epoch=57.7700 | elapsed=33.7s
2026-09-28 17:19:12,903 [INFO] E016 batch 1500/1599 (93.8%) | opt_steps=187/200 | lr=0.000753878 | loss_cur=107.6081 | loss_epoch=57.5867 | elapsed=35.1s
2026-09-28 17:19:14,224 [INFO] E016 batch 1560/1599 (97.6%) | opt_steps=195/200 | lr=0.000751295 | loss_cur=96.6739 | loss_epoch=57.6202 | elapsed=36.4s
2026-09-28 17:19:15,078 [INFO] E016 batch 1599/1599 (100.0%) | opt_steps=199/200 | lr=0.000750001 | loss_cur=35.9401 | loss_epoch=57.6100 | elapsed=37.2s
2026-09-28 17:19:15,110 [INFO] E016 val 1/31 (3.2%) | P@10=50.00% | P@20=100.00% | elapsed=0.0s
2026-09-28 17:19:15,332 [INFO] E016 val 31/31 (100.0%) | P@10=54.43% | P@20=100.00% | elapsed=0.2s
2026-09-28 17:19:15,332 [INFO] E016 done | Val P@10: 54.43% | Val P@20: 100.00% | Loss: 57.6100 | opt_steps=200 | elapsed=37.5s
2026-09-28 17:19:15,336 [INFO] 
ESPECIALISTA: INTERIOR (SENTINELA V4 - HONESTY)
2026-09-28 17:19:15,364 [INFO] Preparando janelas | region=interior | total_steps=1732 | candidate_windows=1688 | train=2022-01-01..2026-06-30 | val=2026-07-01..2026-08-29
2026-09-28 17:19:15,365 [INFO] Janela 1/1688 (0.1%) preparada | elapsed=0.0s
2026-09-28 17:19:15,370 [INFO] Janela 60/1688 (3.6%) preparada | elapsed=0.0s
2026-09-28 17:19:15,376 [INFO] Janela 120/1688 (7.1%) preparada | elapsed=0.0s
2026-09-28 17:19:15,385 [INFO] Janela 180/1688 (10.7%) preparada | elapsed=0.0s
2026-09-28 17:19:15,388 [INFO] Janela 240/1688 (14.2%) preparada | elapsed=0.0s
2026-09-28 17:19:15,392 [INFO] Janela 300/1688 (17.8%) preparada | elapsed=0.0s
2026-09-28 17:19:15,396 [INFO] Janela 360/1688 (21.3%) preparada | elapsed=0.0s
2026-09-28 17:19:15,400 [INFO] Janela 420/1688 (24.9%) preparada | elapsed=0.0s
2026-09-28 17:19:15,404 [INFO] Janela 480/1688 (28.4%) preparada | elapsed=0.0s
2026-09-28 17:19:15,408 [INFO] Janela 540/1688 (32.0%) preparada | elapsed=0.0s
2026-09-28 17:19:15,412 [INFO] Janela 600/1688 (35.5%) preparada | elapsed=0.0s
2026-09-28 17:19:15,414 [INFO] Janela 660/1688 (39.1%) preparada | elapsed=0.0s
2026-09-28 17:19:15,417 [INFO] Janela 720/1688 (42.7%) preparada | elapsed=0.1s
2026-09-28 17:19:15,421 [INFO] Janela 780/1688 (46.2%) preparada | elapsed=0.1s
2026-09-28 17:19:15,425 [INFO] Janela 840/1688 (49.8%) preparada | elapsed=0.1s
2026-09-28 17:19:15,429 [INFO] Janela 900/1688 (53.3%) preparada | elapsed=0.1s
2026-09-28 17:19:15,433 [INFO] Janela 960/1688 (56.9%) preparada | elapsed=0.1s
2026-09-28 17:19:15,437 [INFO] Janela 1020/1688 (60.4%) preparada | elapsed=0.1s
2026-09-28 17:19:15,441 [INFO] Janela 1080/1688 (64.0%) preparada | elapsed=0.1s
2026-09-28 17:19:15,445 [INFO] Janela 1140/1688 (67.5%) preparada | elapsed=0.1s
2026-09-28 17:19:15,449 [INFO] Janela 1200/1688 (71.1%) preparada | elapsed=0.1s
2026-09-28 17:19:15,453 [INFO] Janela 1260/1688 (74.6%) preparada | elapsed=0.1s
2026-09-28 17:19:15,455 [INFO] Janela 1320/1688 (78.2%) preparada | elapsed=0.1s
2026-09-28 17:19:15,459 [INFO] Janela 1380/1688 (81.8%) preparada | elapsed=0.1s
2026-09-28 17:19:15,463 [INFO] Janela 1440/1688 (85.3%) preparada | elapsed=0.1s
2026-09-28 17:19:15,467 [INFO] Janela 1500/1688 (88.9%) preparada | elapsed=0.1s
2026-09-28 17:19:15,467 [INFO] Janela 1560/1688 (92.4%) preparada | elapsed=0.1s
2026-09-28 17:19:15,467 [INFO] Janela 1620/1688 (96.0%) preparada | elapsed=0.1s
2026-09-28 17:19:15,480 [INFO] Janela 1680/1688 (99.5%) preparada | elapsed=0.1s
2026-09-28 17:19:15,480 [INFO] Janela 1688/1688 (100.0%) preparada | elapsed=0.1s
2026-09-28 17:19:15,480 [INFO] Filtro bimestral | nós ativos médio: 60.4% do total (20)
2026-09-28 17:19:15,480 [INFO] Split temporal aplicado | region=interior | train_windows=1599 | val_windows=31 | first_train_target=2022-01-15 | last_train_target=2026-06-30 | first_val_target=2026-07-01 | last_val_target=2026-08-29
2026-09-28 17:19:15,496 [INFO] Dataset preparado | train=1599 | val=31 | nodes=20 | base_channels=37 | total_channels=37 | grad_accum=4 | opt_steps/epoch=400
2026-09-28 17:19:15,496 [INFO] E001 start | region=interior | minibatches=1599 | grad_accum=4
2026-09-28 17:19:15,512 [INFO] E001 batch 1/1599 (0.1%) | opt_steps=0/400 | lr=4e-05 | loss_cur=283.4810 | loss_epoch=283.4810 | elapsed=0.0s
2026-09-28 17:19:16,960 [INFO] E001 batch 60/1599 (3.8%) | opt_steps=15/400 | lr=4.00411e-05 | loss_cur=283.4282 | loss_epoch=205.1177 | elapsed=1.5s
2026-09-28 17:19:18,482 [INFO] E001 batch 120/1599 (7.5%) | opt_steps=30/400 | lr=4.01646e-05 | loss_cur=254.0558 | loss_epoch=205.0404 | elapsed=3.0s
2026-09-28 17:19:20,016 [INFO] E001 batch 180/1599 (11.3%) | opt_steps=45/400 | lr=4.03703e-05 | loss_cur=196.0478 | loss_epoch=178.2306 | elapsed=4.5s
2026-09-28 17:19:21,545 [INFO] E001 batch 240/1599 (15.0%) | opt_steps=60/400 | lr=4.06582e-05 | loss_cur=124.7391 | loss_epoch=163.8439 | elapsed=6.0s
2026-09-28 17:19:23,055 [INFO] E001 batch 300/1599 (18.8%) | opt_steps=75/400 | lr=4.10283e-05 | loss_cur=221.5198 | loss_epoch=153.5640 | elapsed=7.6s
2026-09-28 17:19:24,514 [INFO] E001 batch 360/1599 (22.5%) | opt_steps=90/400 | lr=4.14805e-05 | loss_cur=63.1444 | loss_epoch=142.0350 | elapsed=9.0s
2026-09-28 17:19:26,016 [INFO] E001 batch 420/1599 (26.3%) | opt_steps=105/400 | lr=4.20148e-05 | loss_cur=153.4343 | loss_epoch=136.8524 | elapsed=10.5s
2026-09-28 17:19:27,506 [INFO] E001 batch 480/1599 (30.0%) | opt_steps=120/400 | lr=4.2631e-05 | loss_cur=60.2119 | loss_epoch=133.5165 | elapsed=12.0s
2026-09-28 17:19:28,997 [INFO] E001 batch 540/1599 (33.8%) | opt_steps=135/400 | lr=4.3329e-05 | loss_cur=175.0500 | loss_epoch=132.7374 | elapsed=13.5s
2026-09-28 17:19:30,509 [INFO] E001 batch 600/1599 (37.5%) | opt_steps=150/400 | lr=4.41087e-05 | loss_cur=119.3417 | loss_epoch=128.2597 | elapsed=15.0s
2026-09-28 17:19:32,030 [INFO] E001 batch 660/1599 (41.3%) | opt_steps=165/400 | lr=4.49701e-05 | loss_cur=93.9826 | loss_epoch=124.6302 | elapsed=16.5s
2026-09-28 17:19:33,576 [INFO] E001 batch 720/1599 (45.0%) | opt_steps=180/400 | lr=4.59129e-05 | loss_cur=33.9991 | loss_epoch=123.5152 | elapsed=18.1s
2026-09-28 17:19:35,073 [INFO] E001 batch 780/1599 (48.8%) | opt_steps=195/400 | lr=4.69369e-05 | loss_cur=54.1008 | loss_epoch=121.5567 | elapsed=19.6s
2026-09-28 17:19:36,592 [INFO] E001 batch 840/1599 (52.5%) | opt_steps=210/400 | lr=4.80421e-05 | loss_cur=83.5182 | loss_epoch=118.6446 | elapsed=21.1s
2026-09-28 17:19:38,091 [INFO] E001 batch 900/1599 (56.3%) | opt_steps=225/400 | lr=4.92282e-05 | loss_cur=61.2820 | loss_epoch=117.3494 | elapsed=22.6s
2026-09-28 17:19:39,626 [INFO] E001 batch 960/1599 (60.0%) | opt_steps=240/400 | lr=5.0495e-05 | loss_cur=62.5742 | loss_epoch=116.0075 | elapsed=24.1s
2026-09-28 17:19:41,171 [INFO] E001 batch 1020/1599 (63.8%) | opt_steps=255/400 | lr=5.18422e-05 | loss_cur=156.4544 | loss_epoch=114.3579 | elapsed=25.7s
2026-09-28 17:19:42,709 [INFO] E001 batch 1080/1599 (67.5%) | opt_steps=270/400 | lr=5.32698e-05 | loss_cur=32.3472 | loss_epoch=112.5318 | elapsed=27.2s
2026-09-28 17:19:44,202 [INFO] E001 batch 1140/1599 (71.3%) | opt_steps=285/400 | lr=5.47773e-05 | loss_cur=51.7679 | loss_epoch=110.7415 | elapsed=28.7s
2026-09-28 17:19:45,676 [INFO] E001 batch 1200/1599 (75.0%) | opt_steps=300/400 | lr=5.63646e-05 | loss_cur=45.8248 | loss_epoch=110.4389 | elapsed=30.2s
2026-09-28 17:19:47,175 [INFO] E001 batch 1260/1599 (78.8%) | opt_steps=315/400 | lr=5.80314e-05 | loss_cur=59.1725 | loss_epoch=109.4006 | elapsed=31.7s
2026-09-28 17:19:48,664 [INFO] E001 batch 1320/1599 (82.6%) | opt_steps=330/400 | lr=5.97774e-05 | loss_cur=12.8666 | loss_epoch=108.3962 | elapsed=33.2s
2026-09-28 17:19:50,186 [INFO] E001 batch 1380/1599 (86.3%) | opt_steps=345/400 | lr=6.16023e-05 | loss_cur=25.8500 | loss_epoch=107.4375 | elapsed=34.7s
2026-09-28 17:19:51,668 [INFO] E001 batch 1440/1599 (90.1%) | opt_steps=360/400 | lr=6.35058e-05 | loss_cur=49.5736 | loss_epoch=106.1952 | elapsed=36.2s
2026-09-28 17:19:53,187 [INFO] E001 batch 1500/1599 (93.8%) | opt_steps=375/400 | lr=6.54876e-05 | loss_cur=174.3964 | loss_epoch=105.1449 | elapsed=37.7s
2026-09-28 17:19:54,764 [INFO] E001 batch 1560/1599 (97.6%) | opt_steps=390/400 | lr=6.75472e-05 | loss_cur=302.4120 | loss_epoch=103.9860 | elapsed=39.3s
2026-09-28 17:19:55,746 [INFO] E001 batch 1599/1599 (100.0%) | opt_steps=399/400 | lr=6.88203e-05 | loss_cur=92.9324 | loss_epoch=103.3627 | elapsed=40.2s
2026-09-28 17:19:55,762 [INFO] E001 val 1/31 (3.2%) | P@10=60.00% | P@20=100.00% | elapsed=0.0s
2026-09-28 17:19:55,993 [INFO] E001 val 31/31 (100.0%) | P@10=61.29% | P@20=100.00% | elapsed=0.2s
2026-09-28 17:19:55,993 [INFO] E001 done | Val P@10: 61.29% | Val P@20: 100.00% | Loss: 103.3627 | opt_steps=400 | elapsed=40.5s
2026-09-28 17:19:55,993 [INFO] NOVO RECORDE: 61.29%
2026-09-28 17:19:55,993 [INFO] E002 start | region=interior | minibatches=1599 | grad_accum=4
2026-09-28 17:19:56,024 [INFO] E002 batch 1/1599 (0.1%) | opt_steps=0/400 | lr=6.89635e-05 | loss_cur=62.0691 | loss_epoch=62.0691 | elapsed=0.0s
2026-09-28 17:19:57,564 [INFO] E002 batch 60/1599 (3.8%) | opt_steps=15/400 | lr=7.11522e-05 | loss_cur=194.7570 | loss_epoch=99.0040 | elapsed=1.6s
2026-09-28 17:19:59,149 [INFO] E002 batch 120/1599 (7.5%) | opt_steps=30/400 | lr=7.34179e-05 | loss_cur=90.8152 | loss_epoch=98.4624 | elapsed=3.2s
2026-09-28 17:20:00,653 [INFO] E002 batch 180/1599 (11.3%) | opt_steps=45/400 | lr=7.57602e-05 | loss_cur=26.1058 | loss_epoch=89.6026 | elapsed=4.7s
2026-09-28 17:20:02,140 [INFO] E002 batch 240/1599 (15.0%) | opt_steps=60/400 | lr=7.81786e-05 | loss_cur=100.7868 | loss_epoch=88.5060 | elapsed=6.1s
2026-09-28 17:20:03,630 [INFO] E002 batch 300/1599 (18.8%) | opt_steps=75/400 | lr=8.06728e-05 | loss_cur=49.9460 | loss_epoch=85.1111 | elapsed=7.6s
2026-09-28 17:20:05,130 [INFO] E002 batch 360/1599 (22.5%) | opt_steps=90/400 | lr=8.32422e-05 | loss_cur=111.7816 | loss_epoch=84.6192 | elapsed=9.1s
2026-09-28 17:20:06,648 [INFO] E002 batch 420/1599 (26.3%) | opt_steps=105/400 | lr=8.58866e-05 | loss_cur=99.1915 | loss_epoch=84.1060 | elapsed=10.7s
2026-09-28 17:20:08,135 [INFO] E002 batch 480/1599 (30.0%) | opt_steps=120/400 | lr=8.86054e-05 | loss_cur=97.8648 | loss_epoch=84.5783 | elapsed=12.1s
2026-09-28 17:20:09,613 [INFO] E002 batch 540/1599 (33.8%) | opt_steps=135/400 | lr=9.13981e-05 | loss_cur=141.4689 | loss_epoch=85.6728 | elapsed=13.6s
2026-09-28 17:20:11,110 [INFO] E002 batch 600/1599 (37.5%) | opt_steps=150/400 | lr=9.42644e-05 | loss_cur=150.7199 | loss_epoch=84.3865 | elapsed=15.1s
2026-09-28 17:20:12,590 [INFO] E002 batch 660/1599 (41.3%) | opt_steps=165/400 | lr=9.72036e-05 | loss_cur=61.3812 | loss_epoch=83.7622 | elapsed=16.6s
2026-09-28 17:20:14,099 [INFO] E002 batch 720/1599 (45.0%) | opt_steps=180/400 | lr=0.000100215 | loss_cur=90.6822 | loss_epoch=83.5975 | elapsed=18.1s
2026-09-28 17:20:15,641 [INFO] E002 batch 780/1599 (48.8%) | opt_steps=195/400 | lr=0.000103299 | loss_cur=100.8526 | loss_epoch=83.8127 | elapsed=19.6s
2026-09-28 17:20:17,150 [INFO] E002 batch 840/1599 (52.5%) | opt_steps=210/400 | lr=0.000106454 | loss_cur=71.2262 | loss_epoch=83.4090 | elapsed=21.2s
2026-09-28 17:20:18,612 [INFO] E002 batch 900/1599 (56.3%) | opt_steps=225/400 | lr=0.00010968 | loss_cur=53.0703 | loss_epoch=82.9554 | elapsed=22.6s
2026-09-28 17:20:20,118 [INFO] E002 batch 960/1599 (60.0%) | opt_steps=240/400 | lr=0.000112976 | loss_cur=72.6564 | loss_epoch=82.9156 | elapsed=24.1s
2026-09-28 17:20:21,564 [INFO] E002 batch 1020/1599 (63.8%) | opt_steps=255/400 | lr=0.000116343 | loss_cur=49.8342 | loss_epoch=82.1022 | elapsed=25.6s
2026-09-28 17:20:23,068 [INFO] E002 batch 1080/1599 (67.5%) | opt_steps=270/400 | lr=0.000119778 | loss_cur=50.4398 | loss_epoch=81.8452 | elapsed=27.1s
2026-09-28 17:20:24,539 [INFO] E002 batch 1140/1599 (71.3%) | opt_steps=285/400 | lr=0.000123282 | loss_cur=82.5368 | loss_epoch=82.0022 | elapsed=28.5s
2026-09-28 17:20:26,074 [INFO] E002 batch 1200/1599 (75.0%) | opt_steps=300/400 | lr=0.000126854 | loss_cur=52.8245 | loss_epoch=82.6632 | elapsed=30.1s
2026-09-28 17:20:27,528 [INFO] E002 batch 1260/1599 (78.8%) | opt_steps=315/400 | lr=0.000130493 | loss_cur=115.3940 | loss_epoch=82.1636 | elapsed=31.5s
2026-09-28 17:20:29,020 [INFO] E002 batch 1320/1599 (82.6%) | opt_steps=330/400 | lr=0.000134199 | loss_cur=30.6419 | loss_epoch=81.5476 | elapsed=33.0s
2026-09-28 17:20:30,532 [INFO] E002 batch 1380/1599 (86.3%) | opt_steps=345/400 | lr=0.000137972 | loss_cur=52.5095 | loss_epoch=81.4540 | elapsed=34.5s
2026-09-28 17:20:32,016 [INFO] E002 batch 1440/1599 (90.1%) | opt_steps=360/400 | lr=0.000141809 | loss_cur=12.6267 | loss_epoch=80.9365 | elapsed=36.0s
2026-09-28 17:20:33,522 [INFO] E002 batch 1500/1599 (93.8%) | opt_steps=375/400 | lr=0.000145712 | loss_cur=97.6403 | loss_epoch=80.2677 | elapsed=37.5s
2026-09-28 17:20:35,002 [INFO] E002 batch 1560/1599 (97.6%) | opt_steps=390/400 | lr=0.000149679 | loss_cur=39.6797 | loss_epoch=80.5017 | elapsed=39.0s
2026-09-28 17:20:35,973 [INFO] E002 batch 1599/1599 (100.0%) | opt_steps=399/400 | lr=0.000152089 | loss_cur=78.4083 | loss_epoch=80.4780 | elapsed=40.0s
2026-09-28 17:20:35,990 [INFO] E002 val 1/31 (3.2%) | P@10=60.00% | P@20=100.00% | elapsed=0.0s
2026-09-28 17:20:36,210 [INFO] E002 val 31/31 (100.0%) | P@10=68.71% | P@20=100.00% | elapsed=0.2s
2026-09-28 17:20:36,210 [INFO] E002 done | Val P@10: 68.71% | Val P@20: 100.00% | Loss: 80.4780 | opt_steps=400 | elapsed=40.2s
2026-09-28 17:20:36,237 [INFO] NOVO RECORDE: 68.71%
2026-09-28 17:20:36,239 [INFO] E003 start | region=interior | minibatches=1599 | grad_accum=4
2026-09-28 17:20:36,257 [INFO] E003 batch 1/1599 (0.1%) | opt_steps=0/400 | lr=0.000152359 | loss_cur=80.4462 | loss_epoch=80.4462 | elapsed=0.0s
2026-09-28 17:20:37,765 [INFO] E003 batch 60/1599 (3.8%) | opt_steps=15/400 | lr=0.000156431 | loss_cur=88.1174 | loss_epoch=74.8666 | elapsed=1.5s
2026-09-28 17:20:39,274 [INFO] E003 batch 120/1599 (7.5%) | opt_steps=30/400 | lr=0.000160565 | loss_cur=34.4657 | loss_epoch=77.9597 | elapsed=3.0s
2026-09-28 17:20:40,754 [INFO] E003 batch 180/1599 (11.3%) | opt_steps=45/400 | lr=0.000164761 | loss_cur=62.1167 | loss_epoch=77.6197 | elapsed=4.5s
2026-09-28 17:20:42,284 [INFO] E003 batch 240/1599 (15.0%) | opt_steps=60/400 | lr=0.000169018 | loss_cur=36.3488 | loss_epoch=78.4178 | elapsed=6.0s
2026-09-28 17:20:43,774 [INFO] E003 batch 300/1599 (18.8%) | opt_steps=75/400 | lr=0.000173336 | loss_cur=44.8037 | loss_epoch=80.2371 | elapsed=7.5s
2026-09-28 17:20:45,275 [INFO] E003 batch 360/1599 (22.5%) | opt_steps=90/400 | lr=0.000177712 | loss_cur=44.2437 | loss_epoch=78.2290 | elapsed=9.0s
2026-09-28 17:20:46,766 [INFO] E003 batch 420/1599 (26.3%) | opt_steps=105/400 | lr=0.000182148 | loss_cur=68.5990 | loss_epoch=78.3961 | elapsed=10.5s
2026-09-28 17:20:48,246 [INFO] E003 batch 480/1599 (30.0%) | opt_steps=120/400 | lr=0.000186641 | loss_cur=149.4635 | loss_epoch=76.9128 | elapsed=12.0s
2026-09-28 17:20:49,735 [INFO] E003 batch 540/1599 (33.8%) | opt_steps=135/400 | lr=0.000191191 | loss_cur=33.3058 | loss_epoch=77.7920 | elapsed=13.5s
2026-09-28 17:20:51,275 [INFO] E003 batch 600/1599 (37.5%) | opt_steps=150/400 | lr=0.000195798 | loss_cur=105.9280 | loss_epoch=76.7723 | elapsed=15.0s
2026-09-28 17:20:52,784 [INFO] E003 batch 660/1599 (41.3%) | opt_steps=165/400 | lr=0.000200461 | loss_cur=84.3590 | loss_epoch=76.2537 | elapsed=16.5s
2026-09-28 17:20:54,274 [INFO] E003 batch 720/1599 (45.0%) | opt_steps=180/400 | lr=0.000205178 | loss_cur=47.3738 | loss_epoch=77.7787 | elapsed=18.0s
2026-09-28 17:20:55,785 [INFO] E003 batch 780/1599 (48.8%) | opt_steps=195/400 | lr=0.000209949 | loss_cur=28.6268 | loss_epoch=77.5447 | elapsed=19.5s
2026-09-28 17:20:57,316 [INFO] E003 batch 840/1599 (52.5%) | opt_steps=210/400 | lr=0.000214773 | loss_cur=48.9798 | loss_epoch=78.0607 | elapsed=21.1s
2026-09-28 17:20:58,829 [INFO] E003 batch 900/1599 (56.3%) | opt_steps=225/400 | lr=0.00021965 | loss_cur=76.8547 | loss_epoch=78.8132 | elapsed=22.6s
2026-09-28 17:21:00,351 [INFO] E003 batch 960/1599 (60.0%) | opt_steps=240/400 | lr=0.000224578 | loss_cur=71.5375 | loss_epoch=78.8419 | elapsed=24.1s
2026-09-28 17:21:01,828 [INFO] E003 batch 1020/1599 (63.8%) | opt_steps=255/400 | lr=0.000229557 | loss_cur=95.4362 | loss_epoch=79.3267 | elapsed=25.6s
2026-09-28 17:21:03,361 [INFO] E003 batch 1080/1599 (67.5%) | opt_steps=270/400 | lr=0.000234585 | loss_cur=42.7623 | loss_epoch=79.6663 | elapsed=27.1s
2026-09-28 17:21:04,876 [INFO] E003 batch 1140/1599 (71.3%) | opt_steps=285/400 | lr=0.000239663 | loss_cur=45.2466 | loss_epoch=79.5273 | elapsed=28.6s
2026-09-28 17:21:06,353 [INFO] E003 batch 1200/1599 (75.0%) | opt_steps=300/400 | lr=0.000244788 | loss_cur=33.1610 | loss_epoch=80.0342 | elapsed=30.1s
2026-09-28 17:21:07,848 [INFO] E003 batch 1260/1599 (78.8%) | opt_steps=315/400 | lr=0.000249961 | loss_cur=82.0407 | loss_epoch=79.8755 | elapsed=31.6s
2026-09-28 17:21:09,357 [INFO] E003 batch 1320/1599 (82.6%) | opt_steps=330/400 | lr=0.00025518 | loss_cur=78.5452 | loss_epoch=79.7373 | elapsed=33.1s
2026-09-28 17:21:10,882 [INFO] E003 batch 1380/1599 (86.3%) | opt_steps=345/400 | lr=0.000260444 | loss_cur=85.1285 | loss_epoch=79.5206 | elapsed=34.6s
2026-09-28 17:21:12,407 [INFO] E003 batch 1440/1599 (90.1%) | opt_steps=360/400 | lr=0.000265753 | loss_cur=50.2154 | loss_epoch=79.8132 | elapsed=36.2s
2026-09-28 17:21:13,966 [INFO] E003 batch 1500/1599 (93.8%) | opt_steps=375/400 | lr=0.000271106 | loss_cur=65.5856 | loss_epoch=79.5665 | elapsed=37.7s
2026-09-28 17:21:15,475 [INFO] E003 batch 1560/1599 (97.6%) | opt_steps=390/400 | lr=0.000276501 | loss_cur=61.4629 | loss_epoch=79.4485 | elapsed=39.2s
2026-09-28 17:21:16,480 [INFO] E003 batch 1599/1599 (100.0%) | opt_steps=399/400 | lr=0.000279758 | loss_cur=23.9537 | loss_epoch=79.4352 | elapsed=40.2s
2026-09-28 17:21:16,496 [INFO] E003 val 1/31 (3.2%) | P@10=60.00% | P@20=100.00% | elapsed=0.0s
2026-09-28 17:21:16,732 [INFO] E003 val 31/31 (100.0%) | P@10=62.26% | P@20=100.00% | elapsed=0.2s
2026-09-28 17:21:16,732 [INFO] E003 done | Val P@10: 62.26% | Val P@20: 100.00% | Loss: 79.4352 | opt_steps=400 | elapsed=40.5s
2026-09-28 17:21:16,732 [INFO] E004 start | region=interior | minibatches=1599 | grad_accum=4
2026-09-28 17:21:16,763 [INFO] E004 batch 1/1599 (0.1%) | opt_steps=0/400 | lr=0.000280121 | loss_cur=115.3206 | loss_epoch=115.3206 | elapsed=0.0s
2026-09-28 17:21:18,312 [INFO] E004 batch 60/1599 (3.8%) | opt_steps=15/400 | lr=0.000285585 | loss_cur=64.3310 | loss_epoch=91.5311 | elapsed=1.6s
2026-09-28 17:21:19,838 [INFO] E004 batch 120/1599 (7.5%) | opt_steps=30/400 | lr=0.00029109 | loss_cur=83.2243 | loss_epoch=84.7802 | elapsed=3.1s
2026-09-28 17:21:21,348 [INFO] E004 batch 180/1599 (11.3%) | opt_steps=45/400 | lr=0.000296633 | loss_cur=106.5766 | loss_epoch=81.4913 | elapsed=4.6s
2026-09-28 17:21:22,874 [INFO] E004 batch 240/1599 (15.0%) | opt_steps=60/400 | lr=0.000302215 | loss_cur=46.1817 | loss_epoch=78.0067 | elapsed=6.1s
2026-09-28 17:21:24,409 [INFO] E004 batch 300/1599 (18.8%) | opt_steps=75/400 | lr=0.000307835 | loss_cur=43.9073 | loss_epoch=78.1115 | elapsed=7.7s
2026-09-28 17:21:25,894 [INFO] E004 batch 360/1599 (22.5%) | opt_steps=90/400 | lr=0.00031349 | loss_cur=70.7135 | loss_epoch=78.0502 | elapsed=9.2s
2026-09-28 17:21:27,377 [INFO] E004 batch 420/1599 (26.3%) | opt_steps=105/400 | lr=0.000319181 | loss_cur=130.0007 | loss_epoch=78.5079 | elapsed=10.6s
2026-09-28 17:21:28,851 [INFO] E004 batch 480/1599 (30.0%) | opt_steps=120/400 | lr=0.000324907 | loss_cur=30.5984 | loss_epoch=78.1069 | elapsed=12.1s
2026-09-28 17:21:30,367 [INFO] E004 batch 540/1599 (33.8%) | opt_steps=135/400 | lr=0.000330666 | loss_cur=32.5661 | loss_epoch=77.4884 | elapsed=13.6s
2026-09-28 17:21:31,781 [INFO] E004 batch 600/1599 (37.5%) | opt_steps=150/400 | lr=0.000336457 | loss_cur=67.6249 | loss_epoch=77.0605 | elapsed=15.0s
2026-09-28 17:21:33,320 [INFO] E004 batch 660/1599 (41.3%) | opt_steps=165/400 | lr=0.00034228 | loss_cur=118.8645 | loss_epoch=77.3667 | elapsed=16.6s
2026-09-28 17:21:34,811 [INFO] E004 batch 720/1599 (45.0%) | opt_steps=180/400 | lr=0.000348133 | loss_cur=77.6560 | loss_epoch=78.7486 | elapsed=18.1s
2026-09-28 17:21:36,334 [INFO] E004 batch 780/1599 (48.8%) | opt_steps=195/400 | lr=0.000354016 | loss_cur=204.7413 | loss_epoch=78.0810 | elapsed=19.6s
2026-09-28 17:21:37,802 [INFO] E004 batch 840/1599 (52.5%) | opt_steps=210/400 | lr=0.000359927 | loss_cur=91.2834 | loss_epoch=78.4108 | elapsed=21.1s
2026-09-28 17:21:39,313 [INFO] E004 batch 900/1599 (56.3%) | opt_steps=225/400 | lr=0.000365866 | loss_cur=115.9332 | loss_epoch=78.3833 | elapsed=22.6s
2026-09-28 17:21:40,782 [INFO] E004 batch 960/1599 (60.0%) | opt_steps=240/400 | lr=0.000371831 | loss_cur=62.3567 | loss_epoch=78.1534 | elapsed=24.1s
2026-09-28 17:21:42,292 [INFO] E004 batch 1020/1599 (63.8%) | opt_steps=255/400 | lr=0.000377822 | loss_cur=42.4956 | loss_epoch=77.6573 | elapsed=25.6s
2026-09-28 17:21:43,811 [INFO] E004 batch 1080/1599 (67.5%) | opt_steps=270/400 | lr=0.000383837 | loss_cur=121.2053 | loss_epoch=77.9574 | elapsed=27.1s
2026-09-28 17:21:45,277 [INFO] E004 batch 1140/1599 (71.3%) | opt_steps=285/400 | lr=0.000389875 | loss_cur=66.1763 | loss_epoch=77.6040 | elapsed=28.5s
2026-09-28 17:21:46,765 [INFO] E004 batch 1200/1599 (75.0%) | opt_steps=300/400 | lr=0.000395935 | loss_cur=66.9681 | loss_epoch=77.6326 | elapsed=30.0s
2026-09-28 17:21:48,233 [INFO] E004 batch 1260/1599 (78.8%) | opt_steps=315/400 | lr=0.000402017 | loss_cur=82.3668 | loss_epoch=78.0469 | elapsed=31.5s
2026-09-28 17:21:49,772 [INFO] E004 batch 1320/1599 (82.6%) | opt_steps=330/400 | lr=0.000408119 | loss_cur=150.3931 | loss_epoch=78.1414 | elapsed=33.0s
2026-09-28 17:21:51,231 [INFO] E004 batch 1380/1599 (86.3%) | opt_steps=345/400 | lr=0.000414241 | loss_cur=24.4503 | loss_epoch=78.6458 | elapsed=34.5s
2026-09-28 17:21:52,712 [INFO] E004 batch 1440/1599 (90.1%) | opt_steps=360/400 | lr=0.00042038 | loss_cur=27.8848 | loss_epoch=78.3070 | elapsed=36.0s
2026-09-28 17:21:54,216 [INFO] E004 batch 1500/1599 (93.8%) | opt_steps=375/400 | lr=0.000426536 | loss_cur=31.2678 | loss_epoch=78.2632 | elapsed=37.5s
2026-09-28 17:21:55,727 [INFO] E004 batch 1560/1599 (97.6%) | opt_steps=390/400 | lr=0.000432709 | loss_cur=55.1547 | loss_epoch=78.3672 | elapsed=39.0s
2026-09-28 17:21:56,685 [INFO] E004 batch 1599/1599 (100.0%) | opt_steps=399/400 | lr=0.00043642 | loss_cur=83.1403 | loss_epoch=78.7692 | elapsed=40.0s
2026-09-28 17:21:56,717 [INFO] E004 val 1/31 (3.2%) | P@10=60.00% | P@20=100.00% | elapsed=0.0s
2026-09-28 17:21:56,941 [INFO] E004 val 31/31 (100.0%) | P@10=65.48% | P@20=100.00% | elapsed=0.2s
2026-09-28 17:21:56,941 [INFO] E004 done | Val P@10: 65.48% | Val P@20: 100.00% | Loss: 78.7692 | opt_steps=400 | elapsed=40.2s
2026-09-28 17:21:56,941 [INFO] E005 start | region=interior | minibatches=1599 | grad_accum=4
2026-09-28 17:21:56,967 [INFO] E005 batch 1/1599 (0.1%) | opt_steps=0/400 | lr=0.000436832 | loss_cur=26.2726 | loss_epoch=26.2726 | elapsed=0.0s
2026-09-28 17:21:58,419 [INFO] E005 batch 60/1599 (3.8%) | opt_steps=15/400 | lr=0.000443029 | loss_cur=25.1917 | loss_epoch=71.6358 | elapsed=1.5s
2026-09-28 17:21:59,936 [INFO] E005 batch 120/1599 (7.5%) | opt_steps=30/400 | lr=0.000449239 | loss_cur=41.7755 | loss_epoch=78.1720 | elapsed=3.0s
2026-09-28 17:22:01,560 [INFO] E005 batch 180/1599 (11.3%) | opt_steps=45/400 | lr=0.000455461 | loss_cur=81.2802 | loss_epoch=79.2638 | elapsed=4.6s
2026-09-28 17:22:03,067 [INFO] E005 batch 240/1599 (15.0%) | opt_steps=60/400 | lr=0.000461694 | loss_cur=43.9621 | loss_epoch=79.7899 | elapsed=6.1s
2026-09-28 17:22:04,573 [INFO] E005 batch 300/1599 (18.8%) | opt_steps=75/400 | lr=0.000467938 | loss_cur=59.6113 | loss_epoch=79.9022 | elapsed=7.6s
2026-09-28 17:22:06,098 [INFO] E005 batch 360/1599 (22.5%) | opt_steps=90/400 | lr=0.00047419 | loss_cur=41.3661 | loss_epoch=79.6960 | elapsed=9.2s
2026-09-28 17:22:07,607 [INFO] E005 batch 420/1599 (26.3%) | opt_steps=105/400 | lr=0.00048045 | loss_cur=120.7095 | loss_epoch=80.0417 | elapsed=10.7s
2026-09-28 17:22:09,147 [INFO] E005 batch 480/1599 (30.0%) | opt_steps=120/400 | lr=0.000486717 | loss_cur=50.4215 | loss_epoch=78.3329 | elapsed=12.2s
2026-09-28 17:22:10,642 [INFO] E005 batch 540/1599 (33.8%) | opt_steps=135/400 | lr=0.000492989 | loss_cur=77.3923 | loss_epoch=77.6815 | elapsed=13.7s
2026-09-28 17:22:12,151 [INFO] E005 batch 600/1599 (37.5%) | opt_steps=150/400 | lr=0.000499266 | loss_cur=39.6807 | loss_epoch=77.9052 | elapsed=15.2s
2026-09-28 17:22:13,672 [INFO] E005 batch 660/1599 (41.3%) | opt_steps=165/400 | lr=0.000505547 | loss_cur=79.3451 | loss_epoch=77.7194 | elapsed=16.7s
2026-09-28 17:22:15,162 [INFO] E005 batch 720/1599 (45.0%) | opt_steps=180/400 | lr=0.00051183 | loss_cur=264.4114 | loss_epoch=77.2685 | elapsed=18.2s
2026-09-28 17:22:16,689 [INFO] E005 batch 780/1599 (48.8%) | opt_steps=195/400 | lr=0.000518115 | loss_cur=49.3162 | loss_epoch=77.0476 | elapsed=19.7s
2026-09-28 17:22:18,211 [INFO] E005 batch 840/1599 (52.5%) | opt_steps=210/400 | lr=0.000524399 | loss_cur=88.5395 | loss_epoch=77.0221 | elapsed=21.3s
2026-09-28 17:22:19,751 [INFO] E005 batch 900/1599 (56.3%) | opt_steps=225/400 | lr=0.000530684 | loss_cur=65.4057 | loss_epoch=76.8105 | elapsed=22.8s
2026-09-28 17:22:21,269 [INFO] E005 batch 960/1599 (60.0%) | opt_steps=240/400 | lr=0.000536966 | loss_cur=59.0408 | loss_epoch=76.5256 | elapsed=24.3s
2026-09-28 17:22:22,760 [INFO] E005 batch 1020/1599 (63.8%) | opt_steps=255/400 | lr=0.000543245 | loss_cur=29.8828 | loss_epoch=76.3134 | elapsed=25.8s
2026-09-28 17:22:24,251 [INFO] E005 batch 1080/1599 (67.5%) | opt_steps=270/400 | lr=0.000549521 | loss_cur=105.4552 | loss_epoch=76.3456 | elapsed=27.3s
2026-09-28 17:22:25,726 [INFO] E005 batch 1140/1599 (71.3%) | opt_steps=285/400 | lr=0.000555791 | loss_cur=203.5990 | loss_epoch=76.6500 | elapsed=28.8s
2026-09-28 17:22:27,177 [INFO] E005 batch 1200/1599 (75.0%) | opt_steps=300/400 | lr=0.000562055 | loss_cur=86.2333 | loss_epoch=76.5655 | elapsed=30.2s
2026-09-28 17:22:28,667 [INFO] E005 batch 1260/1599 (78.8%) | opt_steps=315/400 | lr=0.000568312 | loss_cur=111.6468 | loss_epoch=77.3798 | elapsed=31.7s
2026-09-28 17:22:30,143 [INFO] E005 batch 1320/1599 (82.6%) | opt_steps=330/400 | lr=0.000574561 | loss_cur=100.9423 | loss_epoch=77.7924 | elapsed=33.2s
2026-09-28 17:22:31,616 [INFO] E005 batch 1380/1599 (86.3%) | opt_steps=345/400 | lr=0.0005808 | loss_cur=110.3910 | loss_epoch=77.9588 | elapsed=34.7s
2026-09-28 17:22:33,090 [INFO] E005 batch 1440/1599 (90.1%) | opt_steps=360/400 | lr=0.000587029 | loss_cur=357.8425 | loss_epoch=78.4045 | elapsed=36.1s
2026-09-28 17:22:34,565 [INFO] E005 batch 1500/1599 (93.8%) | opt_steps=375/400 | lr=0.000593246 | loss_cur=220.7583 | loss_epoch=78.1969 | elapsed=37.6s
2026-09-28 17:22:36,051 [INFO] E005 batch 1560/1599 (97.6%) | opt_steps=390/400 | lr=0.000599451 | loss_cur=68.0417 | loss_epoch=78.1810 | elapsed=39.1s
2026-09-28 17:22:36,993 [INFO] E005 batch 1599/1599 (100.0%) | opt_steps=399/400 | lr=0.000603168 | loss_cur=58.7362 | loss_epoch=78.1368 | elapsed=40.1s
2026-09-28 17:22:37,016 [INFO] E005 val 1/31 (3.2%) | P@10=60.00% | P@20=100.00% | elapsed=0.0s
2026-09-28 17:22:37,227 [INFO] E005 val 31/31 (100.0%) | P@10=65.16% | P@20=100.00% | elapsed=0.2s
2026-09-28 17:22:37,227 [INFO] E005 done | Val P@10: 65.16% | Val P@20: 100.00% | Loss: 78.1368 | opt_steps=400 | elapsed=40.3s
2026-09-28 17:22:37,227 [INFO] E006 start | region=interior | minibatches=1599 | grad_accum=4
2026-09-28 17:22:37,263 [INFO] E006 batch 1/1599 (0.1%) | opt_steps=0/400 | lr=0.00060358 | loss_cur=56.3450 | loss_epoch=56.3450 | elapsed=0.0s
2026-09-28 17:22:38,656 [INFO] E006 batch 60/1599 (3.8%) | opt_steps=15/400 | lr=0.000609762 | loss_cur=44.6858 | loss_epoch=66.1328 | elapsed=1.4s
2026-09-28 17:22:40,066 [INFO] E006 batch 120/1599 (7.5%) | opt_steps=30/400 | lr=0.000615928 | loss_cur=284.2773 | loss_epoch=72.7281 | elapsed=2.8s
2026-09-28 17:22:41,580 [INFO] E006 batch 180/1599 (11.3%) | opt_steps=45/400 | lr=0.000622078 | loss_cur=78.8856 | loss_epoch=74.5351 | elapsed=4.4s
2026-09-28 17:22:43,053 [INFO] E006 batch 240/1599 (15.0%) | opt_steps=60/400 | lr=0.00062821 | loss_cur=137.5641 | loss_epoch=73.3881 | elapsed=5.8s
2026-09-28 17:22:44,579 [INFO] E006 batch 300/1599 (18.8%) | opt_steps=75/400 | lr=0.000634324 | loss_cur=108.6858 | loss_epoch=72.8035 | elapsed=7.4s
2026-09-28 17:22:46,039 [INFO] E006 batch 360/1599 (22.5%) | opt_steps=90/400 | lr=0.000640418 | loss_cur=120.9813 | loss_epoch=72.1902 | elapsed=8.8s
2026-09-28 17:22:47,506 [INFO] E006 batch 420/1599 (26.3%) | opt_steps=105/400 | lr=0.000646491 | loss_cur=95.5584 | loss_epoch=72.7776 | elapsed=10.3s
2026-09-28 17:22:48,976 [INFO] E006 batch 480/1599 (30.0%) | opt_steps=120/400 | lr=0.000652543 | loss_cur=75.7648 | loss_epoch=74.5219 | elapsed=11.7s
2026-09-28 17:22:50,468 [INFO] E006 batch 540/1599 (33.8%) | opt_steps=135/400 | lr=0.000658572 | loss_cur=69.3039 | loss_epoch=73.0856 | elapsed=13.2s
2026-09-28 17:22:51,954 [INFO] E006 batch 600/1599 (37.5%) | opt_steps=150/400 | lr=0.000664577 | loss_cur=30.3187 | loss_epoch=73.7506 | elapsed=14.7s
2026-09-28 17:22:53,414 [INFO] E006 batch 660/1599 (41.3%) | opt_steps=165/400 | lr=0.000670558 | loss_cur=56.1258 | loss_epoch=73.2451 | elapsed=16.2s
2026-09-28 17:22:54,944 [INFO] E006 batch 720/1599 (45.0%) | opt_steps=180/400 | lr=0.000676513 | loss_cur=109.4542 | loss_epoch=74.2403 | elapsed=17.7s
2026-09-28 17:22:56,438 [INFO] E006 batch 780/1599 (48.8%) | opt_steps=195/400 | lr=0.00068244 | loss_cur=95.3097 | loss_epoch=74.0446 | elapsed=19.2s
2026-09-28 17:22:57,944 [INFO] E006 batch 840/1599 (52.5%) | opt_steps=210/400 | lr=0.00068834 | loss_cur=83.1014 | loss_epoch=74.2942 | elapsed=20.7s
2026-09-28 17:22:59,451 [INFO] E006 batch 900/1599 (56.3%) | opt_steps=225/400 | lr=0.000694212 | loss_cur=50.9119 | loss_epoch=73.7649 | elapsed=22.2s
2026-09-28 17:23:00,945 [INFO] E006 batch 960/1599 (60.0%) | opt_steps=240/400 | lr=0.000700053 | loss_cur=41.3986 | loss_epoch=74.1857 | elapsed=23.7s
2026-09-28 17:23:02,475 [INFO] E006 batch 1020/1599 (63.8%) | opt_steps=255/400 | lr=0.000705863 | loss_cur=25.2799 | loss_epoch=74.2548 | elapsed=25.2s
2026-09-28 17:23:03,970 [INFO] E006 batch 1080/1599 (67.5%) | opt_steps=270/400 | lr=0.000711642 | loss_cur=15.3535 | loss_epoch=74.2948 | elapsed=26.7s
2026-09-28 17:23:05,424 [INFO] E006 batch 1140/1599 (71.3%) | opt_steps=285/400 | lr=0.000717387 | loss_cur=12.0623 | loss_epoch=74.2741 | elapsed=28.2s
2026-09-28 17:23:06,870 [INFO] E006 batch 1200/1599 (75.0%) | opt_steps=300/400 | lr=0.000723099 | loss_cur=43.7848 | loss_epoch=74.2473 | elapsed=29.6s
2026-09-28 17:23:08,358 [INFO] E006 batch 1260/1599 (78.8%) | opt_steps=315/400 | lr=0.000728776 | loss_cur=132.9409 | loss_epoch=73.8968 | elapsed=31.1s
2026-09-28 17:23:09,868 [INFO] E006 batch 1320/1599 (82.6%) | opt_steps=330/400 | lr=0.000734418 | loss_cur=154.4214 | loss_epoch=73.5163 | elapsed=32.6s
2026-09-28 17:23:11,315 [INFO] E006 batch 1380/1599 (86.3%) | opt_steps=345/400 | lr=0.000740022 | loss_cur=56.9199 | loss_epoch=73.4749 | elapsed=34.1s
2026-09-28 17:23:12,814 [INFO] E006 batch 1440/1599 (90.1%) | opt_steps=360/400 | lr=0.000745589 | loss_cur=43.6879 | loss_epoch=73.4093 | elapsed=35.6s
2026-09-28 17:23:14,353 [INFO] E006 batch 1500/1599 (93.8%) | opt_steps=375/400 | lr=0.000751117 | loss_cur=30.3881 | loss_epoch=72.9504 | elapsed=37.1s
2026-09-28 17:23:15,846 [INFO] E006 batch 1560/1599 (97.6%) | opt_steps=390/400 | lr=0.000756605 | loss_cur=155.3246 | loss_epoch=73.2233 | elapsed=38.6s
2026-09-28 17:23:16,803 [INFO] E006 batch 1599/1599 (100.0%) | opt_steps=399/400 | lr=0.000759879 | loss_cur=219.1678 | loss_epoch=73.4692 | elapsed=39.6s
2026-09-28 17:23:16,819 [INFO] E006 val 1/31 (3.2%) | P@10=60.00% | P@20=100.00% | elapsed=0.0s
2026-09-28 17:23:17,064 [INFO] E006 val 31/31 (100.0%) | P@10=60.65% | P@20=100.00% | elapsed=0.2s
2026-09-28 17:23:17,064 [INFO] E006 done | Val P@10: 60.65% | Val P@20: 100.00% | Loss: 73.4692 | opt_steps=400 | elapsed=39.8s
2026-09-28 17:23:17,064 [INFO] E007 start | region=interior | minibatches=1599 | grad_accum=4
2026-09-28 17:23:17,087 [INFO] E007 batch 1/1599 (0.1%) | opt_steps=0/400 | lr=0.000760242 | loss_cur=126.8796 | loss_epoch=126.8796 | elapsed=0.0s
2026-09-28 17:23:18,534 [INFO] E007 batch 60/1599 (3.8%) | opt_steps=15/400 | lr=0.000765662 | loss_cur=39.6992 | loss_epoch=64.0276 | elapsed=1.5s
2026-09-28 17:23:19,978 [INFO] E007 batch 120/1599 (7.5%) | opt_steps=30/400 | lr=0.00077104 | loss_cur=45.8690 | loss_epoch=70.4113 | elapsed=2.9s
2026-09-28 17:23:21,457 [INFO] E007 batch 180/1599 (11.3%) | opt_steps=45/400 | lr=0.000776376 | loss_cur=30.8517 | loss_epoch=69.1112 | elapsed=4.4s
2026-09-28 17:23:22,943 [INFO] E007 batch 240/1599 (15.0%) | opt_steps=60/400 | lr=0.000781667 | loss_cur=88.4128 | loss_epoch=72.1564 | elapsed=5.9s
2026-09-28 17:23:24,461 [INFO] E007 batch 300/1599 (18.8%) | opt_steps=75/400 | lr=0.000786913 | loss_cur=47.3690 | loss_epoch=68.8958 | elapsed=7.4s
2026-09-28 17:23:25,922 [INFO] E007 batch 360/1599 (22.5%) | opt_steps=90/400 | lr=0.000792114 | loss_cur=72.9716 | loss_epoch=69.5958 | elapsed=8.9s
2026-09-28 17:23:27,381 [INFO] E007 batch 420/1599 (26.3%) | opt_steps=105/400 | lr=0.000797268 | loss_cur=82.1964 | loss_epoch=68.5706 | elapsed=10.3s
2026-09-28 17:23:28,858 [INFO] E007 batch 480/1599 (30.0%) | opt_steps=120/400 | lr=0.000802374 | loss_cur=34.3981 | loss_epoch=70.1585 | elapsed=11.8s
2026-09-28 17:23:30,356 [INFO] E007 batch 540/1599 (33.8%) | opt_steps=135/400 | lr=0.000807432 | loss_cur=129.3115 | loss_epoch=70.9269 | elapsed=13.3s
2026-09-28 17:23:31,832 [INFO] E007 batch 600/1599 (37.5%) | opt_steps=150/400 | lr=0.000812441 | loss_cur=56.5678 | loss_epoch=70.6538 | elapsed=14.8s
2026-09-28 17:23:33,293 [INFO] E007 batch 660/1599 (41.3%) | opt_steps=165/400 | lr=0.000817399 | loss_cur=54.8378 | loss_epoch=70.3198 | elapsed=16.2s
2026-09-28 17:23:34,750 [INFO] E007 batch 720/1599 (45.0%) | opt_steps=180/400 | lr=0.000822307 | loss_cur=55.4509 | loss_epoch=70.3860 | elapsed=17.7s
2026-09-28 17:23:36,281 [INFO] E007 batch 780/1599 (48.8%) | opt_steps=195/400 | lr=0.000827163 | loss_cur=15.3727 | loss_epoch=69.9970 | elapsed=19.2s
2026-09-28 17:23:37,710 [INFO] E007 batch 840/1599 (52.5%) | opt_steps=210/400 | lr=0.000831966 | loss_cur=38.5552 | loss_epoch=69.6967 | elapsed=20.6s
2026-09-28 17:23:39,169 [INFO] E007 batch 900/1599 (56.3%) | opt_steps=225/400 | lr=0.000836716 | loss_cur=55.1493 | loss_epoch=69.7043 | elapsed=22.1s
2026-09-28 17:23:40,637 [INFO] E007 batch 960/1599 (60.0%) | opt_steps=240/400 | lr=0.000841411 | loss_cur=44.6966 | loss_epoch=69.4552 | elapsed=23.6s
2026-09-28 17:23:42,126 [INFO] E007 batch 1020/1599 (63.8%) | opt_steps=255/400 | lr=0.000846051 | loss_cur=78.5302 | loss_epoch=69.6464 | elapsed=25.1s
2026-09-28 17:23:43,629 [INFO] E007 batch 1080/1599 (67.5%) | opt_steps=270/400 | lr=0.000850636 | loss_cur=33.7240 | loss_epoch=69.2267 | elapsed=26.6s
2026-09-28 17:23:45,141 [INFO] E007 batch 1140/1599 (71.3%) | opt_steps=285/400 | lr=0.000855163 | loss_cur=34.8763 | loss_epoch=69.3228 | elapsed=28.1s
2026-09-28 17:23:46,609 [INFO] E007 batch 1200/1599 (75.0%) | opt_steps=300/400 | lr=0.000859633 | loss_cur=117.3757 | loss_epoch=69.7347 | elapsed=29.5s
2026-09-28 17:23:48,097 [INFO] E007 batch 1260/1599 (78.8%) | opt_steps=315/400 | lr=0.000864045 | loss_cur=127.6017 | loss_epoch=70.1769 | elapsed=31.0s
2026-09-28 17:23:49,559 [INFO] E007 batch 1320/1599 (82.6%) | opt_steps=330/400 | lr=0.000868398 | loss_cur=121.6094 | loss_epoch=69.8605 | elapsed=32.5s
2026-09-28 17:23:51,065 [INFO] E007 batch 1380/1599 (86.3%) | opt_steps=345/400 | lr=0.000872692 | loss_cur=20.8159 | loss_epoch=69.6414 | elapsed=34.0s
2026-09-28 17:23:52,554 [INFO] E007 batch 1440/1599 (90.1%) | opt_steps=360/400 | lr=0.000876924 | loss_cur=72.7415 | loss_epoch=69.6028 | elapsed=35.5s
2026-09-28 17:23:54,036 [INFO] E007 batch 1500/1599 (93.8%) | opt_steps=375/400 | lr=0.000881096 | loss_cur=50.8556 | loss_epoch=69.6716 | elapsed=37.0s
2026-09-28 17:23:55,563 [INFO] E007 batch 1560/1599 (97.6%) | opt_steps=390/400 | lr=0.000885206 | loss_cur=89.2611 | loss_epoch=69.4538 | elapsed=38.5s
2026-09-28 17:23:56,555 [INFO] E007 batch 1599/1599 (100.0%) | opt_steps=399/400 | lr=0.000887641 | loss_cur=87.7183 | loss_epoch=69.3989 | elapsed=39.5s
2026-09-28 17:23:56,587 [INFO] E007 val 1/31 (3.2%) | P@10=50.00% | P@20=100.00% | elapsed=0.0s
2026-09-28 17:23:56,807 [INFO] E007 val 31/31 (100.0%) | P@10=60.65% | P@20=100.00% | elapsed=0.2s
2026-09-28 17:23:56,807 [INFO] E007 done | Val P@10: 60.65% | Val P@20: 100.00% | Loss: 69.3989 | opt_steps=400 | elapsed=39.7s
2026-09-28 17:23:56,807 [INFO] E008 start | region=interior | minibatches=1599 | grad_accum=4
2026-09-28 17:23:56,823 [INFO] E008 batch 1/1599 (0.1%) | opt_steps=0/400 | lr=0.000887911 | loss_cur=100.1213 | loss_epoch=100.1213 | elapsed=0.0s
2026-09-28 17:23:58,264 [INFO] E008 batch 60/1599 (3.8%) | opt_steps=15/400 | lr=0.000891916 | loss_cur=65.0495 | loss_epoch=72.8764 | elapsed=1.5s
2026-09-28 17:23:59,753 [INFO] E008 batch 120/1599 (7.5%) | opt_steps=30/400 | lr=0.000895857 | loss_cur=64.8402 | loss_epoch=68.4428 | elapsed=2.9s
2026-09-28 17:24:01,233 [INFO] E008 batch 180/1599 (11.3%) | opt_steps=45/400 | lr=0.000899734 | loss_cur=175.2144 | loss_epoch=66.4620 | elapsed=4.4s
2026-09-28 17:24:02,717 [INFO] E008 batch 240/1599 (15.0%) | opt_steps=60/400 | lr=0.000903545 | loss_cur=32.5847 | loss_epoch=62.3210 | elapsed=5.9s
2026-09-28 17:24:04,194 [INFO] E008 batch 300/1599 (18.8%) | opt_steps=75/400 | lr=0.000907291 | loss_cur=34.6745 | loss_epoch=63.1040 | elapsed=7.4s
2026-09-28 17:24:05,699 [INFO] E008 batch 360/1599 (22.5%) | opt_steps=90/400 | lr=0.000910971 | loss_cur=69.6591 | loss_epoch=61.3955 | elapsed=8.9s
2026-09-28 17:24:07,194 [INFO] E008 batch 420/1599 (26.3%) | opt_steps=105/400 | lr=0.000914583 | loss_cur=49.9374 | loss_epoch=61.0456 | elapsed=10.4s
2026-09-28 17:24:08,696 [INFO] E008 batch 480/1599 (30.0%) | opt_steps=120/400 | lr=0.000918128 | loss_cur=96.4159 | loss_epoch=60.8113 | elapsed=11.9s
2026-09-28 17:24:10,186 [INFO] E008 batch 540/1599 (33.8%) | opt_steps=135/400 | lr=0.000921605 | loss_cur=71.4494 | loss_epoch=61.4881 | elapsed=13.4s
2026-09-28 17:24:11,671 [INFO] E008 batch 600/1599 (37.5%) | opt_steps=150/400 | lr=0.000925012 | loss_cur=13.6797 | loss_epoch=61.9507 | elapsed=14.9s
2026-09-28 17:24:13,147 [INFO] E008 batch 660/1599 (41.3%) | opt_steps=165/400 | lr=0.000928351 | loss_cur=78.8267 | loss_epoch=62.6955 | elapsed=16.3s
2026-09-28 17:24:14,657 [INFO] E008 batch 720/1599 (45.0%) | opt_steps=180/400 | lr=0.000931619 | loss_cur=26.9072 | loss_epoch=62.5478 | elapsed=17.8s
2026-09-28 17:24:16,151 [INFO] E008 batch 780/1599 (48.8%) | opt_steps=195/400 | lr=0.000934817 | loss_cur=27.9560 | loss_epoch=63.0324 | elapsed=19.3s
2026-09-28 17:24:17,645 [INFO] E008 batch 840/1599 (52.5%) | opt_steps=210/400 | lr=0.000937943 | loss_cur=120.3733 | loss_epoch=63.8500 | elapsed=20.8s
2026-09-28 17:24:19,137 [INFO] E008 batch 900/1599 (56.3%) | opt_steps=225/400 | lr=0.000940998 | loss_cur=76.6362 | loss_epoch=64.3814 | elapsed=22.3s
2026-09-28 17:24:20,660 [INFO] E008 batch 960/1599 (60.0%) | opt_steps=240/400 | lr=0.000943981 | loss_cur=78.1574 | loss_epoch=64.5275 | elapsed=23.9s
2026-09-28 17:24:22,154 [INFO] E008 batch 1020/1599 (63.8%) | opt_steps=255/400 | lr=0.000946891 | loss_cur=128.7515 | loss_epoch=63.9119 | elapsed=25.3s
2026-09-28 17:24:23,651 [INFO] E008 batch 1080/1599 (67.5%) | opt_steps=270/400 | lr=0.000949728 | loss_cur=51.4453 | loss_epoch=64.0846 | elapsed=26.8s
2026-09-28 17:24:25,128 [INFO] E008 batch 1140/1599 (71.3%) | opt_steps=285/400 | lr=0.000952491 | loss_cur=21.7425 | loss_epoch=64.0572 | elapsed=28.3s
2026-09-28 17:24:26,601 [INFO] E008 batch 1200/1599 (75.0%) | opt_steps=300/400 | lr=0.00095518 | loss_cur=106.9075 | loss_epoch=64.1934 | elapsed=29.8s
2026-09-28 17:24:28,061 [INFO] E008 batch 1260/1599 (78.8%) | opt_steps=315/400 | lr=0.000957795 | loss_cur=122.2750 | loss_epoch=64.8590 | elapsed=31.3s
2026-09-28 17:24:29,525 [INFO] E008 batch 1320/1599 (82.6%) | opt_steps=330/400 | lr=0.000960334 | loss_cur=47.7424 | loss_epoch=64.5099 | elapsed=32.7s
2026-09-28 17:24:31,028 [INFO] E008 batch 1380/1599 (86.3%) | opt_steps=345/400 | lr=0.000962798 | loss_cur=29.5908 | loss_epoch=63.8242 | elapsed=34.2s
2026-09-28 17:24:32,523 [INFO] E008 batch 1440/1599 (90.1%) | opt_steps=360/400 | lr=0.000965186 | loss_cur=79.2597 | loss_epoch=63.6788 | elapsed=35.7s
2026-09-28 17:24:33,993 [INFO] E008 batch 1500/1599 (93.8%) | opt_steps=375/400 | lr=0.000967498 | loss_cur=53.3700 | loss_epoch=63.4695 | elapsed=37.2s
2026-09-28 17:24:35,482 [INFO] E008 batch 1560/1599 (97.6%) | opt_steps=390/400 | lr=0.000969733 | loss_cur=67.0477 | loss_epoch=62.8293 | elapsed=38.7s
2026-09-28 17:24:36,432 [INFO] E008 batch 1599/1599 (100.0%) | opt_steps=399/400 | lr=0.000971037 | loss_cur=60.9433 | loss_epoch=62.9587 | elapsed=39.6s
2026-09-28 17:24:36,460 [INFO] E008 val 1/31 (3.2%) | P@10=50.00% | P@20=100.00% | elapsed=0.0s
2026-09-28 17:24:36,725 [INFO] E008 val 31/31 (100.0%) | P@10=64.52% | P@20=100.00% | elapsed=0.3s
2026-09-28 17:24:36,725 [INFO] E008 done | Val P@10: 64.52% | Val P@20: 100.00% | Loss: 62.9587 | opt_steps=400 | elapsed=39.9s
2026-09-28 17:24:36,725 [INFO] E009 start | region=interior | minibatches=1599 | grad_accum=4
2026-09-28 17:24:36,752 [INFO] E009 batch 1/1599 (0.1%) | opt_steps=0/400 | lr=0.00097118 | loss_cur=34.5424 | loss_epoch=34.5424 | elapsed=0.0s
2026-09-28 17:24:38,197 [INFO] E009 batch 60/1599 (3.8%) | opt_steps=15/400 | lr=0.000973286 | loss_cur=34.2910 | loss_epoch=52.7683 | elapsed=1.5s
2026-09-28 17:24:39,721 [INFO] E009 batch 120/1599 (7.5%) | opt_steps=30/400 | lr=0.000975314 | loss_cur=32.1801 | loss_epoch=55.1884 | elapsed=3.0s
2026-09-28 17:24:41,245 [INFO] E009 batch 180/1599 (11.3%) | opt_steps=45/400 | lr=0.000977265 | loss_cur=34.8966 | loss_epoch=59.9395 | elapsed=4.5s
2026-09-28 17:24:42,734 [INFO] E009 batch 240/1599 (15.0%) | opt_steps=60/400 | lr=0.000979137 | loss_cur=40.7698 | loss_epoch=61.6577 | elapsed=6.0s
2026-09-28 17:24:44,224 [INFO] E009 batch 300/1599 (18.8%) | opt_steps=75/400 | lr=0.00098093 | loss_cur=76.9722 | loss_epoch=60.8477 | elapsed=7.5s
2026-09-28 17:24:45,788 [INFO] E009 batch 360/1599 (22.5%) | opt_steps=90/400 | lr=0.000982645 | loss_cur=176.7866 | loss_epoch=60.7651 | elapsed=9.1s
2026-09-28 17:24:47,323 [INFO] E009 batch 420/1599 (26.3%) | opt_steps=105/400 | lr=0.00098428 | loss_cur=43.8716 | loss_epoch=61.2621 | elapsed=10.6s
2026-09-28 17:24:48,809 [INFO] E009 batch 480/1599 (30.0%) | opt_steps=120/400 | lr=0.000985835 | loss_cur=30.6854 | loss_epoch=60.9985 | elapsed=12.1s
2026-09-28 17:24:50,498 [INFO] E009 batch 540/1599 (33.8%) | opt_steps=135/400 | lr=0.000987311 | loss_cur=38.2931 | loss_epoch=60.6935 | elapsed=13.8s
2026-09-28 17:24:51,951 [INFO] E009 batch 600/1599 (37.5%) | opt_steps=150/400 | lr=0.000988706 | loss_cur=71.0486 | loss_epoch=60.0210 | elapsed=15.2s
2026-09-28 17:24:53,460 [INFO] E009 batch 660/1599 (41.3%) | opt_steps=165/400 | lr=0.000990021 | loss_cur=77.6413 | loss_epoch=59.1720 | elapsed=16.7s
2026-09-28 17:24:55,024 [INFO] E009 batch 720/1599 (45.0%) | opt_steps=180/400 | lr=0.000991256 | loss_cur=39.4567 | loss_epoch=58.8278 | elapsed=18.3s
2026-09-28 17:24:56,505 [INFO] E009 batch 780/1599 (48.8%) | opt_steps=195/400 | lr=0.00099241 | loss_cur=37.3038 | loss_epoch=58.3530 | elapsed=19.8s
2026-09-28 17:24:58,032 [INFO] E009 batch 840/1599 (52.5%) | opt_steps=210/400 | lr=0.000993482 | loss_cur=57.1460 | loss_epoch=59.2265 | elapsed=21.3s
2026-09-28 17:24:59,544 [INFO] E009 batch 900/1599 (56.3%) | opt_steps=225/400 | lr=0.000994474 | loss_cur=57.0319 | loss_epoch=59.9473 | elapsed=22.8s
2026-09-28 17:25:01,075 [INFO] E009 batch 960/1599 (60.0%) | opt_steps=240/400 | lr=0.000995384 | loss_cur=53.2785 | loss_epoch=59.6749 | elapsed=24.3s
2026-09-28 17:25:02,594 [INFO] E009 batch 1020/1599 (63.8%) | opt_steps=255/400 | lr=0.000996213 | loss_cur=114.9441 | loss_epoch=59.3077 | elapsed=25.9s
2026-09-28 17:25:04,121 [INFO] E009 batch 1080/1599 (67.5%) | opt_steps=270/400 | lr=0.00099696 | loss_cur=88.6784 | loss_epoch=59.1847 | elapsed=27.4s
2026-09-28 17:25:05,669 [INFO] E009 batch 1140/1599 (71.3%) | opt_steps=285/400 | lr=0.000997625 | loss_cur=42.4156 | loss_epoch=59.1832 | elapsed=28.9s
2026-09-28 17:25:07,163 [INFO] E009 batch 1200/1599 (75.0%) | opt_steps=300/400 | lr=0.000998209 | loss_cur=43.1309 | loss_epoch=58.7715 | elapsed=30.4s
2026-09-28 17:25:08,689 [INFO] E009 batch 1260/1599 (78.8%) | opt_steps=315/400 | lr=0.00099871 | loss_cur=129.3970 | loss_epoch=58.8000 | elapsed=32.0s
2026-09-28 17:25:10,205 [INFO] E009 batch 1320/1599 (82.6%) | opt_steps=330/400 | lr=0.00099913 | loss_cur=38.1501 | loss_epoch=58.7665 | elapsed=33.5s
2026-09-28 17:25:11,722 [INFO] E009 batch 1380/1599 (86.3%) | opt_steps=345/400 | lr=0.000999467 | loss_cur=34.3784 | loss_epoch=58.4146 | elapsed=35.0s
2026-09-28 17:25:13,268 [INFO] E009 batch 1440/1599 (90.1%) | opt_steps=360/400 | lr=0.000999722 | loss_cur=43.1085 | loss_epoch=58.5262 | elapsed=36.5s
2026-09-28 17:25:14,786 [INFO] E009 batch 1500/1599 (93.8%) | opt_steps=375/400 | lr=0.000999895 | loss_cur=28.5211 | loss_epoch=58.5756 | elapsed=38.1s
2026-09-28 17:25:16,292 [INFO] E009 batch 1560/1599 (97.6%) | opt_steps=390/400 | lr=0.000999985 | loss_cur=196.5425 | loss_epoch=58.5407 | elapsed=39.6s
2026-09-28 17:25:17,428 [INFO] E009 batch 1599/1599 (100.0%) | opt_steps=399/400 | lr=0.001 | loss_cur=51.4056 | loss_epoch=58.6226 | elapsed=40.7s
2026-09-28 17:25:17,446 [INFO] E009 val 1/31 (3.2%) | P@10=60.00% | P@20=100.00% | elapsed=0.0s
2026-09-28 17:25:17,687 [INFO] E009 val 31/31 (100.0%) | P@10=64.84% | P@20=100.00% | elapsed=0.2s
2026-09-28 17:25:17,687 [INFO] E009 done | Val P@10: 64.84% | Val P@20: 100.00% | Loss: 58.6226 | opt_steps=400 | elapsed=41.0s
2026-09-28 17:25:17,687 [INFO] E010 start | region=interior | minibatches=1599 | grad_accum=4
2026-09-28 17:25:17,719 [INFO] E010 batch 1/1599 (0.1%) | opt_steps=0/400 | lr=0.001 | loss_cur=23.6887 | loss_epoch=23.6887 | elapsed=0.0s
2026-09-28 17:25:19,273 [INFO] E010 batch 60/1599 (3.8%) | opt_steps=15/400 | lr=0.000999991 | loss_cur=66.7178 | loss_epoch=50.1407 | elapsed=1.6s
2026-09-28 17:25:20,834 [INFO] E010 batch 120/1599 (7.5%) | opt_steps=30/400 | lr=0.000999966 | loss_cur=82.5641 | loss_epoch=52.6092 | elapsed=3.1s
2026-09-28 17:25:22,381 [INFO] E010 batch 180/1599 (11.3%) | opt_steps=45/400 | lr=0.000999926 | loss_cur=33.7871 | loss_epoch=53.0398 | elapsed=4.7s
2026-09-28 17:25:23,927 [INFO] E010 batch 240/1599 (15.0%) | opt_steps=60/400 | lr=0.00099987 | loss_cur=61.2235 | loss_epoch=55.0481 | elapsed=6.2s
2026-09-28 17:25:25,468 [INFO] E010 batch 300/1599 (18.8%) | opt_steps=75/400 | lr=0.000999798 | loss_cur=45.5332 | loss_epoch=56.1848 | elapsed=7.8s
2026-09-28 17:25:26,996 [INFO] E010 batch 360/1599 (22.5%) | opt_steps=90/400 | lr=0.00099971 | loss_cur=66.6497 | loss_epoch=56.1930 | elapsed=9.3s
2026-09-28 17:25:28,525 [INFO] E010 batch 420/1599 (26.3%) | opt_steps=105/400 | lr=0.000999607 | loss_cur=88.9110 | loss_epoch=55.4906 | elapsed=10.8s
2026-09-28 17:25:30,059 [INFO] E010 batch 480/1599 (30.0%) | opt_steps=120/400 | lr=0.000999488 | loss_cur=81.3909 | loss_epoch=56.0054 | elapsed=12.4s
2026-09-28 17:25:31,567 [INFO] E010 batch 540/1599 (33.8%) | opt_steps=135/400 | lr=0.000999353 | loss_cur=38.1558 | loss_epoch=56.2695 | elapsed=13.9s
2026-09-28 17:25:33,078 [INFO] E010 batch 600/1599 (37.5%) | opt_steps=150/400 | lr=0.000999203 | loss_cur=38.0771 | loss_epoch=55.6305 | elapsed=15.4s
2026-09-28 17:25:34,623 [INFO] E010 batch 660/1599 (41.3%) | opt_steps=165/400 | lr=0.000999037 | loss_cur=47.5642 | loss_epoch=54.9755 | elapsed=16.9s
2026-09-28 17:25:36,114 [INFO] E010 batch 720/1599 (45.0%) | opt_steps=180/400 | lr=0.000998855 | loss_cur=46.6519 | loss_epoch=54.8360 | elapsed=18.4s
2026-09-28 17:25:37,634 [INFO] E010 batch 780/1599 (48.8%) | opt_steps=195/400 | lr=0.000998657 | loss_cur=62.2560 | loss_epoch=54.4196 | elapsed=19.9s
2026-09-28 17:25:39,146 [INFO] E010 batch 840/1599 (52.5%) | opt_steps=210/400 | lr=0.000998444 | loss_cur=50.5014 | loss_epoch=54.5217 | elapsed=21.5s
2026-09-28 17:25:40,675 [INFO] E010 batch 900/1599 (56.3%) | opt_steps=225/400 | lr=0.000998215 | loss_cur=162.1457 | loss_epoch=55.0502 | elapsed=23.0s
2026-09-28 17:25:42,236 [INFO] E010 batch 960/1599 (60.0%) | opt_steps=240/400 | lr=0.00099797 | loss_cur=46.4780 | loss_epoch=54.8504 | elapsed=24.5s
2026-09-28 17:25:43,745 [INFO] E010 batch 1020/1599 (63.8%) | opt_steps=255/400 | lr=0.00099771 | loss_cur=21.1736 | loss_epoch=54.3322 | elapsed=26.1s
2026-09-28 17:25:45,244 [INFO] E010 batch 1080/1599 (67.5%) | opt_steps=270/400 | lr=0.000997434 | loss_cur=35.7820 | loss_epoch=54.0252 | elapsed=27.6s
2026-09-28 17:25:46,753 [INFO] E010 batch 1140/1599 (71.3%) | opt_steps=285/400 | lr=0.000997142 | loss_cur=41.2039 | loss_epoch=53.4802 | elapsed=29.1s
2026-09-28 17:25:48,246 [INFO] E010 batch 1200/1599 (75.0%) | opt_steps=300/400 | lr=0.000996835 | loss_cur=96.8434 | loss_epoch=53.9133 | elapsed=30.6s
2026-09-28 17:25:49,785 [INFO] E010 batch 1260/1599 (78.8%) | opt_steps=315/400 | lr=0.000996512 | loss_cur=128.9028 | loss_epoch=53.4312 | elapsed=32.1s
2026-09-28 17:25:51,303 [INFO] E010 batch 1320/1599 (82.6%) | opt_steps=330/400 | lr=0.000996174 | loss_cur=62.2489 | loss_epoch=53.4825 | elapsed=33.6s
2026-09-28 17:25:52,803 [INFO] E010 batch 1380/1599 (86.3%) | opt_steps=345/400 | lr=0.00099582 | loss_cur=40.5086 | loss_epoch=53.3680 | elapsed=35.1s
2026-09-28 17:25:54,321 [INFO] E010 batch 1440/1599 (90.1%) | opt_steps=360/400 | lr=0.00099545 | loss_cur=33.0072 | loss_epoch=53.5550 | elapsed=36.6s
2026-09-28 17:25:55,819 [INFO] E010 batch 1500/1599 (93.8%) | opt_steps=375/400 | lr=0.000995064 | loss_cur=73.2971 | loss_epoch=53.4513 | elapsed=38.1s
2026-09-28 17:25:57,343 [INFO] E010 batch 1560/1599 (97.6%) | opt_steps=390/400 | lr=0.000994663 | loss_cur=26.9411 | loss_epoch=53.2012 | elapsed=39.7s
2026-09-28 17:25:58,315 [INFO] E010 batch 1599/1599 (100.0%) | opt_steps=399/400 | lr=0.000994415 | loss_cur=62.8610 | loss_epoch=52.9825 | elapsed=40.6s
2026-09-28 17:25:58,331 [INFO] E010 val 1/31 (3.2%) | P@10=50.00% | P@20=100.00% | elapsed=0.0s
2026-09-28 17:25:58,552 [INFO] E010 val 31/31 (100.0%) | P@10=64.19% | P@20=100.00% | elapsed=0.2s
2026-09-28 17:25:58,552 [INFO] E010 done | Val P@10: 64.19% | Val P@20: 100.00% | Loss: 52.9825 | opt_steps=400 | elapsed=40.9s
2026-09-28 17:25:58,552 [INFO] E011 start | region=interior | minibatches=1599 | grad_accum=4
2026-09-28 17:25:58,583 [INFO] E011 batch 1/1599 (0.1%) | opt_steps=0/400 | lr=0.000994388 | loss_cur=74.3552 | loss_epoch=74.3552 | elapsed=0.0s
2026-09-28 17:26:00,042 [INFO] E011 batch 60/1599 (3.8%) | opt_steps=15/400 | lr=0.000993961 | loss_cur=32.3304 | loss_epoch=42.9876 | elapsed=1.5s
2026-09-28 17:26:01,547 [INFO] E011 batch 120/1599 (7.5%) | opt_steps=30/400 | lr=0.000993518 | loss_cur=25.2751 | loss_epoch=46.3115 | elapsed=3.0s
2026-09-28 17:26:03,041 [INFO] E011 batch 180/1599 (11.3%) | opt_steps=45/400 | lr=0.00099306 | loss_cur=16.3425 | loss_epoch=46.5397 | elapsed=4.5s
2026-09-28 17:26:04,532 [INFO] E011 batch 240/1599 (15.0%) | opt_steps=60/400 | lr=0.000992587 | loss_cur=53.1862 | loss_epoch=47.7253 | elapsed=6.0s
2026-09-28 17:26:06,030 [INFO] E011 batch 300/1599 (18.8%) | opt_steps=75/400 | lr=0.000992098 | loss_cur=20.4238 | loss_epoch=46.8952 | elapsed=7.5s
2026-09-28 17:26:07,492 [INFO] E011 batch 360/1599 (22.5%) | opt_steps=90/400 | lr=0.000991593 | loss_cur=18.4317 | loss_epoch=46.8141 | elapsed=8.9s
2026-09-28 17:26:09,000 [INFO] E011 batch 420/1599 (26.3%) | opt_steps=105/400 | lr=0.000991073 | loss_cur=60.9591 | loss_epoch=47.6568 | elapsed=10.4s
2026-09-28 17:26:10,510 [INFO] E011 batch 480/1599 (30.0%) | opt_steps=120/400 | lr=0.000990538 | loss_cur=21.4408 | loss_epoch=47.7406 | elapsed=12.0s
2026-09-28 17:26:11,999 [INFO] E011 batch 540/1599 (33.8%) | opt_steps=135/400 | lr=0.000989987 | loss_cur=38.5643 | loss_epoch=47.1905 | elapsed=13.4s
2026-09-28 17:26:13,490 [INFO] E011 batch 600/1599 (37.5%) | opt_steps=150/400 | lr=0.000989421 | loss_cur=21.7985 | loss_epoch=47.1250 | elapsed=14.9s
2026-09-28 17:26:14,970 [INFO] E011 batch 660/1599 (41.3%) | opt_steps=165/400 | lr=0.000988839 | loss_cur=43.9197 | loss_epoch=47.0960 | elapsed=16.4s
2026-09-28 17:26:16,495 [INFO] E011 batch 720/1599 (45.0%) | opt_steps=180/400 | lr=0.000988242 | loss_cur=20.8943 | loss_epoch=47.0986 | elapsed=17.9s
2026-09-28 17:26:18,060 [INFO] E011 batch 780/1599 (48.8%) | opt_steps=195/400 | lr=0.00098763 | loss_cur=52.2109 | loss_epoch=47.6763 | elapsed=19.5s
2026-09-28 17:26:19,604 [INFO] E011 batch 840/1599 (52.5%) | opt_steps=210/400 | lr=0.000987002 | loss_cur=50.7359 | loss_epoch=47.5765 | elapsed=21.1s
2026-09-28 17:26:21,152 [INFO] E011 batch 900/1599 (56.3%) | opt_steps=225/400 | lr=0.000986359 | loss_cur=39.5374 | loss_epoch=48.0506 | elapsed=22.6s
2026-09-28 17:26:22,674 [INFO] E011 batch 960/1599 (60.0%) | opt_steps=240/400 | lr=0.000985701 | loss_cur=53.6948 | loss_epoch=48.1946 | elapsed=24.1s
2026-09-28 17:26:24,140 [INFO] E011 batch 1020/1599 (63.8%) | opt_steps=255/400 | lr=0.000985027 | loss_cur=43.8889 | loss_epoch=48.0754 | elapsed=25.6s
2026-09-28 17:26:25,616 [INFO] E011 batch 1080/1599 (67.5%) | opt_steps=270/400 | lr=0.000984338 | loss_cur=20.8764 | loss_epoch=48.0190 | elapsed=27.1s
2026-09-28 17:26:27,076 [INFO] E011 batch 1140/1599 (71.3%) | opt_steps=285/400 | lr=0.000983634 | loss_cur=40.0065 | loss_epoch=48.2928 | elapsed=28.5s
2026-09-28 17:26:28,561 [INFO] E011 batch 1200/1599 (75.0%) | opt_steps=300/400 | lr=0.000982915 | loss_cur=34.6376 | loss_epoch=48.1361 | elapsed=30.0s
2026-09-28 17:26:30,068 [INFO] E011 batch 1260/1599 (78.8%) | opt_steps=315/400 | lr=0.00098218 | loss_cur=119.1502 | loss_epoch=48.0358 | elapsed=31.5s
2026-09-28 17:26:31,554 [INFO] E011 batch 1320/1599 (82.6%) | opt_steps=330/400 | lr=0.00098143 | loss_cur=53.8730 | loss_epoch=47.8712 | elapsed=33.0s
2026-09-28 17:26:33,038 [INFO] E011 batch 1380/1599 (86.3%) | opt_steps=345/400 | lr=0.000980665 | loss_cur=35.8703 | loss_epoch=47.9254 | elapsed=34.5s
2026-09-28 17:26:34,499 [INFO] E011 batch 1440/1599 (90.1%) | opt_steps=360/400 | lr=0.000979885 | loss_cur=48.8992 | loss_epoch=47.8385 | elapsed=35.9s
2026-09-28 17:26:36,009 [INFO] E011 batch 1500/1599 (93.8%) | opt_steps=375/400 | lr=0.00097909 | loss_cur=19.4398 | loss_epoch=47.8296 | elapsed=37.5s
2026-09-28 17:26:37,519 [INFO] E011 batch 1560/1599 (97.6%) | opt_steps=390/400 | lr=0.00097828 | loss_cur=22.3961 | loss_epoch=47.8534 | elapsed=39.0s
2026-09-28 17:26:38,458 [INFO] E011 batch 1599/1599 (100.0%) | opt_steps=399/400 | lr=0.000977786 | loss_cur=220.9478 | loss_epoch=47.8869 | elapsed=39.9s
2026-09-28 17:26:38,475 [INFO] E011 val 1/31 (3.2%) | P@10=50.00% | P@20=100.00% | elapsed=0.0s
2026-09-28 17:26:38,678 [INFO] E011 val 31/31 (100.0%) | P@10=65.48% | P@20=100.00% | elapsed=0.2s
2026-09-28 17:26:38,678 [INFO] E011 done | Val P@10: 65.48% | Val P@20: 100.00% | Loss: 47.8869 | opt_steps=400 | elapsed=40.1s
2026-09-28 17:26:38,678 [INFO] E012 start | region=interior | minibatches=1599 | grad_accum=4
2026-09-28 17:26:38,709 [INFO] E012 batch 1/1599 (0.1%) | opt_steps=0/400 | lr=0.000977731 | loss_cur=65.7219 | loss_epoch=65.7219 | elapsed=0.0s
2026-09-28 17:26:40,089 [INFO] E012 batch 60/1599 (3.8%) | opt_steps=15/400 | lr=0.000976896 | loss_cur=57.2198 | loss_epoch=39.1822 | elapsed=1.4s
2026-09-28 17:26:41,582 [INFO] E012 batch 120/1599 (7.5%) | opt_steps=30/400 | lr=0.000976046 | loss_cur=20.6003 | loss_epoch=39.2994 | elapsed=2.9s
2026-09-28 17:26:43,040 [INFO] E012 batch 180/1599 (11.3%) | opt_steps=45/400 | lr=0.00097518 | loss_cur=52.4095 | loss_epoch=39.7218 | elapsed=4.4s
2026-09-28 17:26:44,532 [INFO] E012 batch 240/1599 (15.0%) | opt_steps=60/400 | lr=0.0009743 | loss_cur=11.1054 | loss_epoch=40.4553 | elapsed=5.9s
2026-09-28 17:26:45,976 [INFO] E012 batch 300/1599 (18.8%) | opt_steps=75/400 | lr=0.000973405 | loss_cur=29.1914 | loss_epoch=41.1835 | elapsed=7.3s
2026-09-28 17:26:47,399 [INFO] E012 batch 360/1599 (22.5%) | opt_steps=90/400 | lr=0.000972495 | loss_cur=22.0863 | loss_epoch=41.9599 | elapsed=8.7s
2026-09-28 17:26:48,859 [INFO] E012 batch 420/1599 (26.3%) | opt_steps=105/400 | lr=0.00097157 | loss_cur=9.2831 | loss_epoch=42.6420 | elapsed=10.2s
2026-09-28 17:26:50,393 [INFO] E012 batch 480/1599 (30.0%) | opt_steps=120/400 | lr=0.00097063 | loss_cur=10.3556 | loss_epoch=43.2112 | elapsed=11.7s
2026-09-28 17:26:51,870 [INFO] E012 batch 540/1599 (33.8%) | opt_steps=135/400 | lr=0.000969676 | loss_cur=34.6113 | loss_epoch=42.7250 | elapsed=13.2s
2026-09-28 17:26:53,327 [INFO] E012 batch 600/1599 (37.5%) | opt_steps=150/400 | lr=0.000968706 | loss_cur=48.3711 | loss_epoch=42.5399 | elapsed=14.6s
2026-09-28 17:26:54,813 [INFO] E012 batch 660/1599 (41.3%) | opt_steps=165/400 | lr=0.000967722 | loss_cur=33.5135 | loss_epoch=42.3567 | elapsed=16.1s
2026-09-28 17:26:56,297 [INFO] E012 batch 720/1599 (45.0%) | opt_steps=180/400 | lr=0.000966723 | loss_cur=37.5940 | loss_epoch=42.3180 | elapsed=17.6s
2026-09-28 17:26:57,805 [INFO] E012 batch 780/1599 (48.8%) | opt_steps=195/400 | lr=0.00096571 | loss_cur=31.7696 | loss_epoch=42.2309 | elapsed=19.1s
2026-09-28 17:26:59,321 [INFO] E012 batch 840/1599 (52.5%) | opt_steps=210/400 | lr=0.000964682 | loss_cur=49.8715 | loss_epoch=42.4898 | elapsed=20.6s
2026-09-28 17:27:00,843 [INFO] E012 batch 900/1599 (56.3%) | opt_steps=225/400 | lr=0.000963639 | loss_cur=67.4864 | loss_epoch=42.5438 | elapsed=22.2s
2026-09-28 17:27:02,512 [INFO] E012 batch 960/1599 (60.0%) | opt_steps=240/400 | lr=0.000962581 | loss_cur=59.2023 | loss_epoch=42.5645 | elapsed=23.8s
2026-09-28 17:27:03,987 [INFO] E012 batch 1020/1599 (63.8%) | opt_steps=255/400 | lr=0.000961509 | loss_cur=29.2907 | loss_epoch=42.8237 | elapsed=25.3s
2026-09-28 17:27:05,465 [INFO] E012 batch 1080/1599 (67.5%) | opt_steps=270/400 | lr=0.000960423 | loss_cur=18.6238 | loss_epoch=42.7891 | elapsed=26.8s
2026-09-28 17:27:06,993 [INFO] E012 batch 1140/1599 (71.3%) | opt_steps=285/400 | lr=0.000959322 | loss_cur=16.9305 | loss_epoch=42.8441 | elapsed=28.3s
2026-09-28 17:27:08,507 [INFO] E012 batch 1200/1599 (75.0%) | opt_steps=300/400 | lr=0.000958206 | loss_cur=113.7022 | loss_epoch=43.1667 | elapsed=29.8s
2026-09-28 17:27:10,001 [INFO] E012 batch 1260/1599 (78.8%) | opt_steps=315/400 | lr=0.000957077 | loss_cur=43.9395 | loss_epoch=43.1680 | elapsed=31.3s
2026-09-28 17:27:11,429 [INFO] E012 batch 1320/1599 (82.6%) | opt_steps=330/400 | lr=0.000955932 | loss_cur=11.6951 | loss_epoch=43.2356 | elapsed=32.8s
2026-09-28 17:27:12,821 [INFO] E012 batch 1380/1599 (86.3%) | opt_steps=345/400 | lr=0.000954774 | loss_cur=32.8912 | loss_epoch=43.1385 | elapsed=34.1s
2026-09-28 17:27:14,288 [INFO] E012 batch 1440/1599 (90.1%) | opt_steps=360/400 | lr=0.000953601 | loss_cur=14.6768 | loss_epoch=43.1579 | elapsed=35.6s
2026-09-28 17:27:15,820 [INFO] E012 batch 1500/1599 (93.8%) | opt_steps=375/400 | lr=0.000952414 | loss_cur=61.3478 | loss_epoch=43.3128 | elapsed=37.1s
2026-09-28 17:27:17,332 [INFO] E012 batch 1560/1599 (97.6%) | opt_steps=390/400 | lr=0.000951212 | loss_cur=54.2204 | loss_epoch=43.1665 | elapsed=38.7s
2026-09-28 17:27:18,299 [INFO] E012 batch 1599/1599 (100.0%) | opt_steps=399/400 | lr=0.000950485 | loss_cur=63.3957 | loss_epoch=43.0874 | elapsed=39.6s
2026-09-28 17:27:18,315 [INFO] E012 val 1/31 (3.2%) | P@10=70.00% | P@20=100.00% | elapsed=0.0s
2026-09-28 17:27:18,566 [INFO] E012 val 31/31 (100.0%) | P@10=62.58% | P@20=100.00% | elapsed=0.3s
2026-09-28 17:27:18,566 [INFO] E012 done | Val P@10: 62.58% | Val P@20: 100.00% | Loss: 43.0874 | opt_steps=400 | elapsed=39.9s
2026-09-28 17:27:18,566 [INFO] E013 start | region=interior | minibatches=1599 | grad_accum=4
2026-09-28 17:27:18,582 [INFO] E013 batch 1/1599 (0.1%) | opt_steps=0/400 | lr=0.000950403 | loss_cur=19.1833 | loss_epoch=19.1833 | elapsed=0.0s
2026-09-28 17:27:20,109 [INFO] E013 batch 60/1599 (3.8%) | opt_steps=15/400 | lr=0.000949178 | loss_cur=86.9518 | loss_epoch=43.2602 | elapsed=1.5s
2026-09-28 17:27:21,604 [INFO] E013 batch 120/1599 (7.5%) | opt_steps=30/400 | lr=0.000947939 | loss_cur=46.1998 | loss_epoch=44.4937 | elapsed=3.0s
2026-09-28 17:27:23,094 [INFO] E013 batch 180/1599 (11.3%) | opt_steps=45/400 | lr=0.000946686 | loss_cur=42.5125 | loss_epoch=42.5945 | elapsed=4.5s
2026-09-28 17:27:24,512 [INFO] E013 batch 240/1599 (15.0%) | opt_steps=60/400 | lr=0.000945419 | loss_cur=27.5432 | loss_epoch=41.1825 | elapsed=5.9s
2026-09-28 17:27:25,979 [INFO] E013 batch 300/1599 (18.8%) | opt_steps=75/400 | lr=0.000944137 | loss_cur=21.7441 | loss_epoch=40.9927 | elapsed=7.4s
2026-09-28 17:27:27,467 [INFO] E013 batch 360/1599 (22.5%) | opt_steps=90/400 | lr=0.000942842 | loss_cur=31.3692 | loss_epoch=40.9656 | elapsed=8.9s
2026-09-28 17:27:28,897 [INFO] E013 batch 420/1599 (26.3%) | opt_steps=105/400 | lr=0.000941533 | loss_cur=33.8305 | loss_epoch=41.1655 | elapsed=10.3s
2026-09-28 17:27:30,404 [INFO] E013 batch 480/1599 (30.0%) | opt_steps=120/400 | lr=0.000940209 | loss_cur=49.8755 | loss_epoch=41.5586 | elapsed=11.8s
2026-09-28 17:27:31,942 [INFO] E013 batch 540/1599 (33.8%) | opt_steps=135/400 | lr=0.000938872 | loss_cur=23.3956 | loss_epoch=40.8343 | elapsed=13.4s
2026-09-28 17:27:33,444 [INFO] E013 batch 600/1599 (37.5%) | opt_steps=150/400 | lr=0.000937521 | loss_cur=97.1950 | loss_epoch=40.7736 | elapsed=14.9s
2026-09-28 17:27:34,960 [INFO] E013 batch 660/1599 (41.3%) | opt_steps=165/400 | lr=0.000936157 | loss_cur=27.3744 | loss_epoch=40.7767 | elapsed=16.4s
2026-09-28 17:27:36,442 [INFO] E013 batch 720/1599 (45.0%) | opt_steps=180/400 | lr=0.000934779 | loss_cur=18.6579 | loss_epoch=40.9779 | elapsed=17.9s
2026-09-28 17:27:37,959 [INFO] E013 batch 780/1599 (48.8%) | opt_steps=195/400 | lr=0.000933386 | loss_cur=37.2488 | loss_epoch=40.5318 | elapsed=19.4s
2026-09-28 17:27:39,499 [INFO] E013 batch 840/1599 (52.5%) | opt_steps=210/400 | lr=0.000931981 | loss_cur=35.6187 | loss_epoch=40.8119 | elapsed=20.9s
2026-09-28 17:27:40,976 [INFO] E013 batch 900/1599 (56.3%) | opt_steps=225/400 | lr=0.000930562 | loss_cur=14.3636 | loss_epoch=40.4554 | elapsed=22.4s
2026-09-28 17:27:42,497 [INFO] E013 batch 960/1599 (60.0%) | opt_steps=240/400 | lr=0.000929129 | loss_cur=26.9791 | loss_epoch=40.3506 | elapsed=23.9s
2026-09-28 17:27:44,021 [INFO] E013 batch 1020/1599 (63.8%) | opt_steps=255/400 | lr=0.000927682 | loss_cur=43.7035 | loss_epoch=40.0211 | elapsed=25.5s
2026-09-28 17:27:45,511 [INFO] E013 batch 1080/1599 (67.5%) | opt_steps=270/400 | lr=0.000926223 | loss_cur=33.9980 | loss_epoch=39.9815 | elapsed=26.9s
2026-09-28 17:27:46,975 [INFO] E013 batch 1140/1599 (71.3%) | opt_steps=285/400 | lr=0.000924749 | loss_cur=50.9053 | loss_epoch=39.8614 | elapsed=28.4s
2026-09-28 17:27:48,495 [INFO] E013 batch 1200/1599 (75.0%) | opt_steps=300/400 | lr=0.000923263 | loss_cur=29.7585 | loss_epoch=40.1293 | elapsed=29.9s
2026-09-28 17:27:49,975 [INFO] E013 batch 1260/1599 (78.8%) | opt_steps=315/400 | lr=0.000921763 | loss_cur=20.1560 | loss_epoch=39.7886 | elapsed=31.4s
2026-09-28 17:27:51,461 [INFO] E013 batch 1320/1599 (82.6%) | opt_steps=330/400 | lr=0.00092025 | loss_cur=55.6072 | loss_epoch=39.4659 | elapsed=32.9s
2026-09-28 17:27:52,923 [INFO] E013 batch 1380/1599 (86.3%) | opt_steps=345/400 | lr=0.000918723 | loss_cur=10.7842 | loss_epoch=39.4069 | elapsed=34.4s
2026-09-28 17:27:54,405 [INFO] E013 batch 1440/1599 (90.1%) | opt_steps=360/400 | lr=0.000917184 | loss_cur=42.2587 | loss_epoch=39.4437 | elapsed=35.8s
2026-09-28 17:27:55,881 [INFO] E013 batch 1500/1599 (93.8%) | opt_steps=375/400 | lr=0.000915631 | loss_cur=19.9485 | loss_epoch=39.1627 | elapsed=37.3s
2026-09-28 17:27:57,359 [INFO] E013 batch 1560/1599 (97.6%) | opt_steps=390/400 | lr=0.000914065 | loss_cur=37.5067 | loss_epoch=39.3597 | elapsed=38.8s
2026-09-28 17:27:58,319 [INFO] E013 batch 1599/1599 (100.0%) | opt_steps=399/400 | lr=0.00091312 | loss_cur=45.6052 | loss_epoch=39.2530 | elapsed=39.8s
2026-09-28 17:27:58,335 [INFO] E013 val 1/31 (3.2%) | P@10=60.00% | P@20=100.00% | elapsed=0.0s
2026-09-28 17:27:58,556 [INFO] E013 val 31/31 (100.0%) | P@10=50.00% | P@20=100.00% | elapsed=0.2s
2026-09-28 17:27:58,556 [INFO] E013 done | Val P@10: 50.00% | Val P@20: 100.00% | Loss: 39.2530 | opt_steps=400 | elapsed=40.0s
2026-09-28 17:27:58,556 [INFO] E014 start | region=interior | minibatches=1599 | grad_accum=4
2026-09-28 17:27:58,602 [INFO] E014 batch 1/1599 (0.1%) | opt_steps=0/400 | lr=0.000913014 | loss_cur=16.4749 | loss_epoch=16.4749 | elapsed=0.0s
2026-09-28 17:28:00,071 [INFO] E014 batch 60/1599 (3.8%) | opt_steps=15/400 | lr=0.000911427 | loss_cur=39.1577 | loss_epoch=37.0004 | elapsed=1.5s
2026-09-28 17:28:01,553 [INFO] E014 batch 120/1599 (7.5%) | opt_steps=30/400 | lr=0.000909826 | loss_cur=24.0229 | loss_epoch=38.5075 | elapsed=3.0s
2026-09-28 17:28:03,055 [INFO] E014 batch 180/1599 (11.3%) | opt_steps=45/400 | lr=0.000908213 | loss_cur=14.4622 | loss_epoch=37.2154 | elapsed=4.5s
2026-09-28 17:28:04,549 [INFO] E014 batch 240/1599 (15.0%) | opt_steps=60/400 | lr=0.000906587 | loss_cur=94.8328 | loss_epoch=36.9383 | elapsed=6.0s
2026-09-28 17:28:06,032 [INFO] E014 batch 300/1599 (18.8%) | opt_steps=75/400 | lr=0.000904948 | loss_cur=19.7473 | loss_epoch=35.9280 | elapsed=7.5s
2026-09-28 17:28:07,521 [INFO] E014 batch 360/1599 (22.5%) | opt_steps=90/400 | lr=0.000903296 | loss_cur=17.7881 | loss_epoch=35.9575 | elapsed=9.0s
2026-09-28 17:28:08,978 [INFO] E014 batch 420/1599 (26.3%) | opt_steps=105/400 | lr=0.000901632 | loss_cur=27.7056 | loss_epoch=35.2592 | elapsed=10.4s
2026-09-28 17:28:10,438 [INFO] E014 batch 480/1599 (30.0%) | opt_steps=120/400 | lr=0.000899955 | loss_cur=17.2352 | loss_epoch=35.2108 | elapsed=11.9s
2026-09-28 17:28:11,953 [INFO] E014 batch 540/1599 (33.8%) | opt_steps=135/400 | lr=0.000898265 | loss_cur=30.6225 | loss_epoch=35.4823 | elapsed=13.4s
2026-09-28 17:28:13,412 [INFO] E014 batch 600/1599 (37.5%) | opt_steps=150/400 | lr=0.000896563 | loss_cur=125.9544 | loss_epoch=35.6593 | elapsed=14.9s
2026-09-28 17:28:14,899 [INFO] E014 batch 660/1599 (41.3%) | opt_steps=165/400 | lr=0.000894849 | loss_cur=33.6020 | loss_epoch=35.6787 | elapsed=16.3s
2026-09-28 17:28:16,402 [INFO] E014 batch 720/1599 (45.0%) | opt_steps=180/400 | lr=0.000893122 | loss_cur=48.1328 | loss_epoch=35.5622 | elapsed=17.8s
2026-09-28 17:28:17,891 [INFO] E014 batch 780/1599 (48.8%) | opt_steps=195/400 | lr=0.000891382 | loss_cur=24.9837 | loss_epoch=35.5270 | elapsed=19.3s
2026-09-28 17:28:19,408 [INFO] E014 batch 840/1599 (52.5%) | opt_steps=210/400 | lr=0.00088963 | loss_cur=23.7044 | loss_epoch=35.5507 | elapsed=20.9s
2026-09-28 17:28:20,897 [INFO] E014 batch 900/1599 (56.3%) | opt_steps=225/400 | lr=0.000887866 | loss_cur=59.0485 | loss_epoch=35.5292 | elapsed=22.3s
2026-09-28 17:28:22,373 [INFO] E014 batch 960/1599 (60.0%) | opt_steps=240/400 | lr=0.00088609 | loss_cur=29.5568 | loss_epoch=35.5501 | elapsed=23.8s
2026-09-28 17:28:23,860 [INFO] E014 batch 1020/1599 (63.8%) | opt_steps=255/400 | lr=0.000884302 | loss_cur=37.6308 | loss_epoch=35.5800 | elapsed=25.3s
2026-09-28 17:28:25,302 [INFO] E014 batch 1080/1599 (67.5%) | opt_steps=270/400 | lr=0.000882501 | loss_cur=60.6972 | loss_epoch=35.3855 | elapsed=26.7s
2026-09-28 17:28:26,780 [INFO] E014 batch 1140/1599 (71.3%) | opt_steps=285/400 | lr=0.000880689 | loss_cur=18.2670 | loss_epoch=35.5912 | elapsed=28.2s
2026-09-28 17:28:28,239 [INFO] E014 batch 1200/1599 (75.0%) | opt_steps=300/400 | lr=0.000878864 | loss_cur=22.9295 | loss_epoch=35.6059 | elapsed=29.7s
2026-09-28 17:28:29,704 [INFO] E014 batch 1260/1599 (78.8%) | opt_steps=315/400 | lr=0.000877028 | loss_cur=60.6239 | loss_epoch=35.7701 | elapsed=31.1s
2026-09-28 17:28:31,167 [INFO] E014 batch 1320/1599 (82.6%) | opt_steps=330/400 | lr=0.00087518 | loss_cur=28.1930 | loss_epoch=35.7882 | elapsed=32.6s
2026-09-28 17:28:32,658 [INFO] E014 batch 1380/1599 (86.3%) | opt_steps=345/400 | lr=0.00087332 | loss_cur=22.5874 | loss_epoch=35.8823 | elapsed=34.1s
2026-09-28 17:28:34,137 [INFO] E014 batch 1440/1599 (90.1%) | opt_steps=360/400 | lr=0.000871448 | loss_cur=34.3515 | loss_epoch=35.8624 | elapsed=35.6s
2026-09-28 17:28:35,616 [INFO] E014 batch 1500/1599 (93.8%) | opt_steps=375/400 | lr=0.000869564 | loss_cur=46.4686 | loss_epoch=35.8564 | elapsed=37.1s
2026-09-28 17:28:37,108 [INFO] E014 batch 1560/1599 (97.6%) | opt_steps=390/400 | lr=0.000867669 | loss_cur=35.0854 | loss_epoch=35.7707 | elapsed=38.6s
2026-09-28 17:28:38,062 [INFO] E014 batch 1599/1599 (100.0%) | opt_steps=399/400 | lr=0.000866526 | loss_cur=31.2493 | loss_epoch=35.8448 | elapsed=39.5s
2026-09-28 17:28:38,078 [INFO] E014 val 1/31 (3.2%) | P@10=60.00% | P@20=100.00% | elapsed=0.0s
2026-09-28 17:28:38,316 [INFO] E014 val 31/31 (100.0%) | P@10=62.58% | P@20=100.00% | elapsed=0.2s
2026-09-28 17:28:38,316 [INFO] E014 done | Val P@10: 62.58% | Val P@20: 100.00% | Loss: 35.8448 | opt_steps=400 | elapsed=39.8s
2026-09-28 17:28:38,317 [INFO] E015 start | region=interior | minibatches=1599 | grad_accum=4
2026-09-28 17:28:38,342 [INFO] E015 batch 1/1599 (0.1%) | opt_steps=0/400 | lr=0.000866399 | loss_cur=34.5081 | loss_epoch=34.5081 | elapsed=0.0s
2026-09-28 17:28:39,812 [INFO] E015 batch 60/1599 (3.8%) | opt_steps=15/400 | lr=0.000864485 | loss_cur=8.7130 | loss_epoch=34.0664 | elapsed=1.5s
2026-09-28 17:28:41,370 [INFO] E015 batch 120/1599 (7.5%) | opt_steps=30/400 | lr=0.000862559 | loss_cur=24.9626 | loss_epoch=33.3010 | elapsed=3.1s
2026-09-28 17:28:42,829 [INFO] E015 batch 180/1599 (11.3%) | opt_steps=45/400 | lr=0.000860622 | loss_cur=17.2400 | loss_epoch=33.0039 | elapsed=4.5s
2026-09-28 17:28:44,319 [INFO] E015 batch 240/1599 (15.0%) | opt_steps=60/400 | lr=0.000858673 | loss_cur=44.6231 | loss_epoch=33.9152 | elapsed=6.0s
2026-09-28 17:28:45,794 [INFO] E015 batch 300/1599 (18.8%) | opt_steps=75/400 | lr=0.000856713 | loss_cur=24.8936 | loss_epoch=32.7586 | elapsed=7.5s
2026-09-28 17:28:47,261 [INFO] E015 batch 360/1599 (22.5%) | opt_steps=90/400 | lr=0.000854742 | loss_cur=31.3064 | loss_epoch=33.2231 | elapsed=8.9s
2026-09-28 17:28:48,736 [INFO] E015 batch 420/1599 (26.3%) | opt_steps=105/400 | lr=0.00085276 | loss_cur=8.7388 | loss_epoch=32.6811 | elapsed=10.4s
2026-09-28 17:28:50,242 [INFO] E015 batch 480/1599 (30.0%) | opt_steps=120/400 | lr=0.000850766 | loss_cur=32.4621 | loss_epoch=32.7516 | elapsed=11.9s
2026-09-28 17:28:51,685 [INFO] E015 batch 540/1599 (33.8%) | opt_steps=135/400 | lr=0.000848762 | loss_cur=29.0670 | loss_epoch=32.9370 | elapsed=13.4s
2026-09-28 17:28:53,174 [INFO] E015 batch 600/1599 (37.5%) | opt_steps=150/400 | lr=0.000846746 | loss_cur=57.0946 | loss_epoch=33.2446 | elapsed=14.9s
2026-09-28 17:28:54,666 [INFO] E015 batch 660/1599 (41.3%) | opt_steps=165/400 | lr=0.00084472 | loss_cur=19.7221 | loss_epoch=32.8132 | elapsed=16.3s
2026-09-28 17:28:56,152 [INFO] E015 batch 720/1599 (45.0%) | opt_steps=180/400 | lr=0.000842683 | loss_cur=13.3812 | loss_epoch=33.2271 | elapsed=17.8s
2026-09-28 17:28:57,660 [INFO] E015 batch 780/1599 (48.8%) | opt_steps=195/400 | lr=0.000840635 | loss_cur=24.9005 | loss_epoch=33.0642 | elapsed=19.3s
2026-09-28 17:28:59,157 [INFO] E015 batch 840/1599 (52.5%) | opt_steps=210/400 | lr=0.000838576 | loss_cur=17.5786 | loss_epoch=32.9614 | elapsed=20.8s
2026-09-28 17:29:00,635 [INFO] E015 batch 900/1599 (56.3%) | opt_steps=225/400 | lr=0.000836507 | loss_cur=14.2073 | loss_epoch=33.0971 | elapsed=22.3s
2026-09-28 17:29:02,128 [INFO] E015 batch 960/1599 (60.0%) | opt_steps=240/400 | lr=0.000834427 | loss_cur=79.6668 | loss_epoch=33.0993 | elapsed=23.8s
2026-09-28 17:29:03,663 [INFO] E015 batch 1020/1599 (63.8%) | opt_steps=255/400 | lr=0.000832337 | loss_cur=11.5785 | loss_epoch=33.1581 | elapsed=25.3s
2026-09-28 17:29:05,173 [INFO] E015 batch 1080/1599 (67.5%) | opt_steps=270/400 | lr=0.000830236 | loss_cur=17.9800 | loss_epoch=33.0556 | elapsed=26.9s
2026-09-28 17:29:06,666 [INFO] E015 batch 1140/1599 (71.3%) | opt_steps=285/400 | lr=0.000828124 | loss_cur=13.7407 | loss_epoch=32.9811 | elapsed=28.3s
2026-09-28 17:29:08,157 [INFO] E015 batch 1200/1599 (75.0%) | opt_steps=300/400 | lr=0.000826003 | loss_cur=79.3968 | loss_epoch=32.9168 | elapsed=29.8s
2026-09-28 17:29:09,647 [INFO] E015 batch 1260/1599 (78.8%) | opt_steps=315/400 | lr=0.000823871 | loss_cur=18.8980 | loss_epoch=32.9304 | elapsed=31.3s
2026-09-28 17:29:11,137 [INFO] E015 batch 1320/1599 (82.6%) | opt_steps=330/400 | lr=0.000821729 | loss_cur=49.9921 | loss_epoch=33.0869 | elapsed=32.8s
2026-09-28 17:29:12,678 [INFO] E015 batch 1380/1599 (86.3%) | opt_steps=345/400 | lr=0.000819576 | loss_cur=19.3099 | loss_epoch=32.8112 | elapsed=34.4s
2026-09-28 17:29:14,181 [INFO] E015 batch 1440/1599 (90.1%) | opt_steps=360/400 | lr=0.000817414 | loss_cur=83.5408 | loss_epoch=32.8380 | elapsed=35.9s
2026-09-28 17:29:15,682 [INFO] E015 batch 1500/1599 (93.8%) | opt_steps=375/400 | lr=0.000815242 | loss_cur=8.5018 | loss_epoch=32.7624 | elapsed=37.4s
2026-09-28 17:29:17,191 [INFO] E015 batch 1560/1599 (97.6%) | opt_steps=390/400 | lr=0.00081306 | loss_cur=15.4485 | loss_epoch=32.9164 | elapsed=38.9s
2026-09-28 17:29:18,142 [INFO] E015 batch 1599/1599 (100.0%) | opt_steps=399/400 | lr=0.000811746 | loss_cur=17.8441 | loss_epoch=32.7982 | elapsed=39.8s
2026-09-28 17:29:18,157 [INFO] E015 val 1/31 (3.2%) | P@10=60.00% | P@20=100.00% | elapsed=0.0s
2026-09-28 17:29:18,398 [INFO] E015 val 31/31 (100.0%) | P@10=61.61% | P@20=100.00% | elapsed=0.2s
2026-09-28 17:29:18,398 [INFO] E015 done | Val P@10: 61.61% | Val P@20: 100.00% | Loss: 32.7982 | opt_steps=400 | elapsed=40.1s
2026-09-28 17:29:18,399 [INFO] E016 start | region=interior | minibatches=1599 | grad_accum=4
2026-09-28 17:29:18,424 [INFO] E016 batch 1/1599 (0.1%) | opt_steps=0/400 | lr=0.000811599 | loss_cur=30.5635 | loss_epoch=30.5635 | elapsed=0.0s
2026-09-28 17:29:19,868 [INFO] E016 batch 60/1599 (3.8%) | opt_steps=15/400 | lr=0.000809401 | loss_cur=23.7503 | loss_epoch=30.2584 | elapsed=1.5s
2026-09-28 17:29:21,441 [INFO] E016 batch 120/1599 (7.5%) | opt_steps=30/400 | lr=0.000807193 | loss_cur=20.4152 | loss_epoch=30.5975 | elapsed=3.0s
2026-09-28 17:29:22,966 [INFO] E016 batch 180/1599 (11.3%) | opt_steps=45/400 | lr=0.000804975 | loss_cur=27.7437 | loss_epoch=31.4778 | elapsed=4.6s
2026-09-28 17:29:24,456 [INFO] E016 batch 240/1599 (15.0%) | opt_steps=60/400 | lr=0.000802747 | loss_cur=61.4147 | loss_epoch=30.6555 | elapsed=6.1s
2026-09-28 17:29:25,948 [INFO] E016 batch 300/1599 (18.8%) | opt_steps=75/400 | lr=0.00080051 | loss_cur=27.3727 | loss_epoch=30.8941 | elapsed=7.5s
2026-09-28 17:29:27,417 [INFO] E016 batch 360/1599 (22.5%) | opt_steps=90/400 | lr=0.000798263 | loss_cur=17.1406 | loss_epoch=30.4387 | elapsed=9.0s
2026-09-28 17:29:28,924 [INFO] E016 batch 420/1599 (26.3%) | opt_steps=105/400 | lr=0.000796007 | loss_cur=24.3334 | loss_epoch=30.2527 | elapsed=10.5s
2026-09-28 17:29:30,399 [INFO] E016 batch 480/1599 (30.0%) | opt_steps=120/400 | lr=0.000793742 | loss_cur=31.6904 | loss_epoch=30.3731 | elapsed=12.0s
2026-09-28 17:29:31,881 [INFO] E016 batch 540/1599 (33.8%) | opt_steps=135/400 | lr=0.000791468 | loss_cur=33.8241 | loss_epoch=30.4156 | elapsed=13.5s
2026-09-28 17:29:33,358 [INFO] E016 batch 600/1599 (37.5%) | opt_steps=150/400 | lr=0.000789184 | loss_cur=42.1271 | loss_epoch=30.8086 | elapsed=15.0s
2026-09-28 17:29:34,824 [INFO] E016 batch 660/1599 (41.3%) | opt_steps=165/400 | lr=0.000786891 | loss_cur=20.5254 | loss_epoch=30.4137 | elapsed=16.4s
2026-09-28 17:29:36,302 [INFO] E016 batch 720/1599 (45.0%) | opt_steps=180/400 | lr=0.000784589 | loss_cur=26.9123 | loss_epoch=30.6734 | elapsed=17.9s
2026-09-28 17:29:37,754 [INFO] E016 batch 780/1599 (48.8%) | opt_steps=195/400 | lr=0.000782279 | loss_cur=63.9384 | loss_epoch=30.5857 | elapsed=19.4s
2026-09-28 17:29:39,252 [INFO] E016 batch 840/1599 (52.5%) | opt_steps=210/400 | lr=0.000779959 | loss_cur=39.1041 | loss_epoch=30.5993 | elapsed=20.9s
2026-09-28 17:29:40,704 [INFO] E016 batch 900/1599 (56.3%) | opt_steps=225/400 | lr=0.000777631 | loss_cur=36.7793 | loss_epoch=30.5617 | elapsed=22.3s
2026-09-28 17:29:42,209 [INFO] E016 batch 960/1599 (60.0%) | opt_steps=240/400 | lr=0.000775293 | loss_cur=31.1258 | loss_epoch=30.5099 | elapsed=23.8s
2026-09-28 17:29:43,686 [INFO] E016 batch 1020/1599 (63.8%) | opt_steps=255/400 | lr=0.000772947 | loss_cur=13.3840 | loss_epoch=30.4071 | elapsed=25.3s
2026-09-28 17:29:45,256 [INFO] E016 batch 1080/1599 (67.5%) | opt_steps=270/400 | lr=0.000770593 | loss_cur=15.2803 | loss_epoch=30.5068 | elapsed=26.9s
2026-09-28 17:29:46,749 [INFO] E016 batch 1140/1599 (71.3%) | opt_steps=285/400 | lr=0.00076823 | loss_cur=26.6531 | loss_epoch=30.4590 | elapsed=28.3s
2026-09-28 17:29:48,231 [INFO] E016 batch 1200/1599 (75.0%) | opt_steps=300/400 | lr=0.000765859 | loss_cur=19.0337 | loss_epoch=30.4135 | elapsed=29.8s
2026-09-28 17:29:49,724 [INFO] E016 batch 1260/1599 (78.8%) | opt_steps=315/400 | lr=0.000763479 | loss_cur=19.9735 | loss_epoch=30.4102 | elapsed=31.3s
2026-09-28 17:29:51,232 [INFO] E016 batch 1320/1599 (82.6%) | opt_steps=330/400 | lr=0.000761091 | loss_cur=7.8561 | loss_epoch=30.2780 | elapsed=32.8s
2026-09-28 17:29:52,757 [INFO] E016 batch 1380/1599 (86.3%) | opt_steps=345/400 | lr=0.000758694 | loss_cur=21.2984 | loss_epoch=30.2706 | elapsed=34.4s
2026-09-28 17:29:54,240 [INFO] E016 batch 1440/1599 (90.1%) | opt_steps=360/400 | lr=0.00075629 | loss_cur=45.9238 | loss_epoch=30.2041 | elapsed=35.8s
2026-09-28 17:29:55,748 [INFO] E016 batch 1500/1599 (93.8%) | opt_steps=375/400 | lr=0.000753878 | loss_cur=19.7228 | loss_epoch=30.1780 | elapsed=37.3s
2026-09-28 17:29:57,232 [INFO] E016 batch 1560/1599 (97.6%) | opt_steps=390/400 | lr=0.000751457 | loss_cur=33.5551 | loss_epoch=30.1765 | elapsed=38.8s
2026-09-28 17:29:58,203 [INFO] E016 batch 1599/1599 (100.0%) | opt_steps=399/400 | lr=0.000750001 | loss_cur=21.1722 | loss_epoch=30.1042 | elapsed=39.8s
2026-09-28 17:29:58,219 [INFO] E016 val 1/31 (3.2%) | P@10=50.00% | P@20=100.00% | elapsed=0.0s
2026-09-28 17:29:58,484 [INFO] E016 val 31/31 (100.0%) | P@10=56.45% | P@20=100.00% | elapsed=0.3s
2026-09-28 17:29:58,484 [INFO] E016 done | Val P@10: 56.45% | Val P@20: 100.00% | Loss: 30.1042 | opt_steps=400 | elapsed=40.1s
2026-09-28 17:29:58,485 [INFO] E017 start | region=interior | minibatches=1599 | grad_accum=4
2026-09-28 17:29:58,510 [INFO] E017 batch 1/1599 (0.1%) | opt_steps=0/400 | lr=0.000749839 | loss_cur=10.9152 | loss_epoch=10.9152 | elapsed=0.0s
2026-09-28 17:30:00,019 [INFO] E017 batch 60/1599 (3.8%) | opt_steps=15/400 | lr=0.000747405 | loss_cur=51.2815 | loss_epoch=29.6505 | elapsed=1.5s
2026-09-28 17:30:01,524 [INFO] E017 batch 120/1599 (7.5%) | opt_steps=30/400 | lr=0.000744964 | loss_cur=63.2857 | loss_epoch=29.6393 | elapsed=3.0s
2026-09-28 17:30:03,017 [INFO] E017 batch 180/1599 (11.3%) | opt_steps=45/400 | lr=0.000742515 | loss_cur=31.5169 | loss_epoch=30.0137 | elapsed=4.5s
2026-09-28 17:30:04,499 [INFO] E017 batch 240/1599 (15.0%) | opt_steps=60/400 | lr=0.000740058 | loss_cur=14.5926 | loss_epoch=28.7585 | elapsed=6.0s
2026-09-28 17:30:05,993 [INFO] E017 batch 300/1599 (18.8%) | opt_steps=75/400 | lr=0.000737594 | loss_cur=51.1783 | loss_epoch=29.6531 | elapsed=7.5s
2026-09-28 17:30:07,473 [INFO] E017 batch 360/1599 (22.5%) | opt_steps=90/400 | lr=0.000735122 | loss_cur=25.9321 | loss_epoch=29.4436 | elapsed=9.0s
2026-09-28 17:30:08,986 [INFO] E017 batch 420/1599 (26.3%) | opt_steps=105/400 | lr=0.000732643 | loss_cur=33.4046 | loss_epoch=29.4340 | elapsed=10.5s
2026-09-28 17:30:10,466 [INFO] E017 batch 480/1599 (30.0%) | opt_steps=120/400 | lr=0.000730156 | loss_cur=32.3020 | loss_epoch=29.5112 | elapsed=12.0s
2026-09-28 17:30:11,958 [INFO] E017 batch 540/1599 (33.8%) | opt_steps=135/400 | lr=0.000727663 | loss_cur=41.8842 | loss_epoch=29.4512 | elapsed=13.5s
2026-09-28 17:30:13,454 [INFO] E017 batch 600/1599 (37.5%) | opt_steps=150/400 | lr=0.000725162 | loss_cur=8.3154 | loss_epoch=28.9598 | elapsed=15.0s
2026-09-28 17:30:14,930 [INFO] E017 batch 660/1599 (41.3%) | opt_steps=165/400 | lr=0.000722654 | loss_cur=30.2878 | loss_epoch=29.3715 | elapsed=16.4s
2026-09-28 17:30:16,427 [INFO] E017 batch 720/1599 (45.0%) | opt_steps=180/400 | lr=0.000720139 | loss_cur=33.9861 | loss_epoch=29.4642 | elapsed=17.9s
2026-09-28 17:30:17,942 [INFO] E017 batch 780/1599 (48.8%) | opt_steps=195/400 | lr=0.000717617 | loss_cur=32.5537 | loss_epoch=28.9560 | elapsed=19.5s
2026-09-28 17:30:19,441 [INFO] E017 batch 840/1599 (52.5%) | opt_steps=210/400 | lr=0.000715088 | loss_cur=21.5261 | loss_epoch=28.8183 | elapsed=21.0s
2026-09-28 17:30:20,961 [INFO] E017 batch 900/1599 (56.3%) | opt_steps=225/400 | lr=0.000712552 | loss_cur=12.8930 | loss_epoch=28.7173 | elapsed=22.5s
2026-09-28 17:30:22,455 [INFO] E017 batch 960/1599 (60.0%) | opt_steps=240/400 | lr=0.00071001 | loss_cur=21.2899 | loss_epoch=28.8778 | elapsed=24.0s
2026-09-28 17:30:23,939 [INFO] E017 batch 1020/1599 (63.8%) | opt_steps=255/400 | lr=0.000707461 | loss_cur=42.4061 | loss_epoch=29.2234 | elapsed=25.5s
2026-09-28 17:30:25,417 [INFO] E017 batch 1080/1599 (67.5%) | opt_steps=270/400 | lr=0.000704906 | loss_cur=12.4670 | loss_epoch=29.2871 | elapsed=26.9s
2026-09-28 17:30:26,915 [INFO] E017 batch 1140/1599 (71.3%) | opt_steps=285/400 | lr=0.000702344 | loss_cur=31.0079 | loss_epoch=29.0726 | elapsed=28.4s
2026-09-28 17:30:28,397 [INFO] E017 batch 1200/1599 (75.0%) | opt_steps=300/400 | lr=0.000699776 | loss_cur=26.8835 | loss_epoch=29.0470 | elapsed=29.9s
2026-09-28 17:30:29,877 [INFO] E017 batch 1260/1599 (78.8%) | opt_steps=315/400 | lr=0.000697201 | loss_cur=12.6412 | loss_epoch=28.9446 | elapsed=31.4s
2026-09-28 17:30:31,358 [INFO] E017 batch 1320/1599 (82.6%) | opt_steps=330/400 | lr=0.000694621 | loss_cur=37.9901 | loss_epoch=28.7693 | elapsed=32.9s
2026-09-28 17:30:32,780 [INFO] E017 batch 1380/1599 (86.3%) | opt_steps=345/400 | lr=0.000692034 | loss_cur=28.0051 | loss_epoch=28.6864 | elapsed=34.3s
2026-09-28 17:30:34,261 [INFO] E017 batch 1440/1599 (90.1%) | opt_steps=360/400 | lr=0.000689441 | loss_cur=34.1007 | loss_epoch=28.4429 | elapsed=35.8s
2026-09-28 17:30:35,751 [INFO] E017 batch 1500/1599 (93.8%) | opt_steps=375/400 | lr=0.000686842 | loss_cur=21.8444 | loss_epoch=28.4156 | elapsed=37.3s
2026-09-28 17:30:37,227 [INFO] E017 batch 1560/1599 (97.6%) | opt_steps=390/400 | lr=0.000684237 | loss_cur=14.3973 | loss_epoch=28.3666 | elapsed=38.7s
2026-09-28 17:30:38,211 [INFO] E017 batch 1599/1599 (100.0%) | opt_steps=399/400 | lr=0.000682672 | loss_cur=6.5985 | loss_epoch=28.2387 | elapsed=39.7s
2026-09-28 17:30:38,226 [INFO] E017 val 1/31 (3.2%) | P@10=50.00% | P@20=100.00% | elapsed=0.0s
2026-09-28 17:30:38,462 [INFO] E017 val 31/31 (100.0%) | P@10=60.00% | P@20=100.00% | elapsed=0.2s
2026-09-28 17:30:38,462 [INFO] E017 done | Val P@10: 60.00% | Val P@20: 100.00% | Loss: 28.2387 | opt_steps=400 | elapsed=40.0s
