2026-03-11 15:40:51,506 [INFO] 
============================================================
2026-03-11 15:40:51,506 [INFO] 🚀 INICIANDO TREINO ELITE P10 (ESTABILIZADO): FORTALEZA
2026-03-11 15:40:51,506 [INFO] ============================================================
2026-03-11 15:41:11,718 [INFO]    -> Step 20/142 | LR: 0.00073 | Loss: 2.6985 | Grad: 4.3239 | P@10: 20.0%
2026-03-11 15:41:29,797 [INFO]    -> Step 40/142 | LR: 0.00076 | Loss: 2.8786 | Grad: 4.2627 | P@10: 30.0%
2026-03-11 15:41:48,007 [INFO]    -> Step 60/142 | LR: 0.00081 | Loss: 2.3380 | Grad: 3.3412 | P@10: 30.0%
2026-03-11 15:42:06,574 [INFO]    -> Step 80/142 | LR: 0.00088 | Loss: 1.0402 | Grad: 3.8543 | P@10: 60.0%
2026-03-11 15:42:25,079 [INFO]    -> Step 100/142 | LR: 0.00097 | Loss: 1.8245 | Grad: 3.6683 | P@10: 30.0%
2026-03-11 15:42:43,396 [INFO]    -> Step 120/142 | LR: 0.00108 | Loss: 1.5314 | Grad: 3.8663 | P@10: 50.0%
2026-03-11 15:42:53,641 [INFO]    -> Step 140/142 | LR: 0.00121 | Loss: 1.1644 | Grad: 4.1801 | P@10: 40.0%
2026-03-11 15:43:04,126 [INFO] Epoch 01/45 | Loss: 1.9145 | Grad Avg: 4.4191 | P@10: 44.4%
2026-03-11 15:43:04,161 [INFO] ⭐ Novo Recorde: 44.4%
2026-03-11 15:43:22,751 [INFO]    -> Step 20/142 | LR: 0.00138 | Loss: 1.4670 | Grad: 2.7245 | P@10: 60.0%
2026-03-11 15:43:41,133 [INFO]    -> Step 40/142 | LR: 0.00155 | Loss: 2.0489 | Grad: 3.0934 | P@10: 30.0%
2026-03-11 15:43:58,311 [INFO]    -> Step 60/142 | LR: 0.00174 | Loss: 0.6854 | Grad: 3.1127 | P@10: 40.0%
2026-03-11 15:44:11,712 [INFO]    -> Step 80/142 | LR: 0.00195 | Loss: 0.3228 | Grad: 3.3958 | P@10: 40.0%
2026-03-11 15:44:30,226 [INFO]    -> Step 100/142 | LR: 0.00217 | Loss: 3.4539 | Grad: 6.6478 | P@10: 20.0%
2026-03-11 15:44:48,975 [INFO]    -> Step 120/142 | LR: 0.00242 | Loss: 0.8825 | Grad: 8.0485 | P@10: 40.0%
2026-03-11 15:45:08,628 [INFO]    -> Step 140/142 | LR: 0.00268 | Loss: 2.0058 | Grad: 7.7081 | P@10: 20.0%
2026-03-11 15:45:21,379 [INFO] Epoch 02/45 | Loss: 1.5868 | Grad Avg: 5.9099 | P@10: 42.1%
2026-03-11 15:45:40,168 [INFO]    -> Step 20/142 | LR: 0.00298 | Loss: 1.9806 | Grad: 8.2743 | P@10: 30.0%
2026-03-11 15:45:48,752 [INFO]    -> Step 40/142 | LR: 0.00327 | Loss: 1.3189 | Grad: 4.1999 | P@10: 50.0%
2026-03-11 15:46:00,541 [INFO]    -> Step 60/142 | LR: 0.00358 | Loss: 1.3718 | Grad: 3.2723 | P@10: 40.0%
2026-03-11 15:46:19,101 [INFO]    -> Step 80/142 | LR: 0.00390 | Loss: 0.9301 | Grad: 2.7386 | P@10: 60.0%
2026-03-11 15:46:37,947 [INFO]    -> Step 100/142 | LR: 0.00423 | Loss: 1.5791 | Grad: 3.4951 | P@10: 40.0%
2026-03-11 15:46:56,599 [INFO]    -> Step 120/142 | LR: 0.00458 | Loss: 0.7816 | Grad: 8.2881 | P@10: 40.0%
2026-03-11 15:47:15,192 [INFO]    -> Step 140/142 | LR: 0.00494 | Loss: 2.2537 | Grad: 7.5059 | P@10: 20.0%
2026-03-11 15:47:27,595 [INFO] Epoch 03/45 | Loss: 1.5915 | Grad Avg: 7.1394 | P@10: 38.3%
2026-03-11 15:47:46,238 [INFO]    -> Step 20/142 | LR: 0.00534 | Loss: 0.9373 | Grad: 4.7907 | P@10: 30.0%
2026-03-11 15:48:01,010 [INFO]    -> Step 40/142 | LR: 0.00572 | Loss: 2.5310 | Grad: 8.1311 | P@10: 40.0%
2026-03-11 15:48:20,755 [INFO]    -> Step 60/142 | LR: 0.00611 | Loss: 1.4190 | Grad: 8.1316 | P@10: 40.0%
2026-03-11 15:48:39,606 [INFO]    -> Step 80/142 | LR: 0.00650 | Loss: 1.0794 | Grad: 2.5696 | P@10: 50.0%
2026-03-11 15:49:01,110 [INFO]    -> Step 100/142 | LR: 0.00690 | Loss: 0.7275 | Grad: 7.6405 | P@10: 50.0%
2026-03-11 15:49:24,152 [INFO]    -> Step 120/142 | LR: 0.00731 | Loss: 2.8356 | Grad: 5.4544 | P@10: 20.0%
2026-03-11 15:49:44,829 [INFO]    -> Step 140/142 | LR: 0.00772 | Loss: 2.0064 | Grad: 7.8591 | P@10: 40.0%
2026-03-11 15:49:59,502 [INFO] Epoch 04/45 | Loss: 1.7540 | Grad Avg: 7.4062 | P@10: 36.6%
2026-03-11 15:50:25,196 [INFO]    -> Step 20/142 | LR: 0.00818 | Loss: 2.4303 | Grad: 3.5754 | P@10: 60.0%
2026-03-11 15:50:56,779 [INFO]    -> Step 40/142 | LR: 0.00860 | Loss: 2.0141 | Grad: 15.0142 | P@10: 10.0%
2026-03-11 15:51:34,468 [INFO]    -> Step 60/142 | LR: 0.00902 | Loss: 1.3218 | Grad: 13.9045 | P@10: 50.0%
2026-03-11 15:52:12,720 [INFO]    -> Step 80/142 | LR: 0.00944 | Loss: 1.2517 | Grad: 17.4612 | P@10: 40.0%
2026-03-11 15:52:53,063 [INFO]    -> Step 100/142 | LR: 0.00987 | Loss: 2.3779 | Grad: 4.2385 | P@10: 30.0%
2026-03-11 15:53:35,251 [INFO]    -> Step 120/142 | LR: 0.01029 | Loss: 0.4649 | Grad: 4.7472 | P@10: 50.0%
2026-03-11 15:54:20,435 [INFO]    -> Step 140/142 | LR: 0.01071 | Loss: 1.7676 | Grad: 3.3757 | P@10: 20.0%
2026-03-11 15:54:40,576 [INFO] Epoch 05/45 | Loss: 1.6536 | Grad Avg: 6.8909 | P@10: 45.5%
2026-03-11 15:54:40,598 [INFO] ⭐ Novo Recorde: 45.5%
2026-03-11 15:55:06,694 [INFO]    -> Step 20/142 | LR: 0.01116 | Loss: 1.6828 | Grad: 6.4591 | P@10: 30.0%
2026-03-11 15:55:27,997 [INFO]    -> Step 40/142 | LR: 0.01157 | Loss: 1.6169 | Grad: 7.5433 | P@10: 40.0%
2026-03-11 15:55:49,739 [INFO]    -> Step 60/142 | LR: 0.01198 | Loss: 2.4102 | Grad: 8.3743 | P@10: 30.0%
2026-03-11 15:56:21,507 [INFO]    -> Step 80/142 | LR: 0.01238 | Loss: 0.8475 | Grad: 32.1655 | P@10: 50.0%
2026-03-11 15:57:00,950 [INFO]    -> Step 100/142 | LR: 0.01277 | Loss: 1.5860 | Grad: 22.2186 | P@10: 40.0%
2026-03-11 15:57:40,658 [INFO]    -> Step 120/142 | LR: 0.01315 | Loss: 1.6778 | Grad: 6.5863 | P@10: 40.0%
2026-03-11 15:58:19,324 [INFO]    -> Step 140/142 | LR: 0.01353 | Loss: 1.4735 | Grad: 26.4492 | P@10: 40.0%
2026-03-11 15:58:36,804 [INFO] Epoch 06/45 | Loss: 1.9318 | Grad Avg: 12.2924 | P@10: 43.3%
2026-03-11 15:59:15,296 [INFO]    -> Step 20/142 | LR: 0.01393 | Loss: 0.7929 | Grad: 17.1733 | P@10: 50.0%
2026-03-11 15:59:52,995 [INFO]    -> Step 40/142 | LR: 0.01428 | Loss: 1.9238 | Grad: 6.7225 | P@10: 30.0%
2026-03-11 16:00:31,111 [INFO]    -> Step 60/142 | LR: 0.01462 | Loss: 0.6911 | Grad: 18.9380 | P@10: 50.0%
2026-03-11 16:01:08,707 [INFO]    -> Step 80/142 | LR: 0.01495 | Loss: 2.3526 | Grad: 4.8888 | P@10: 0.0%
2026-03-11 16:01:44,602 [INFO]    -> Step 100/142 | LR: 0.01526 | Loss: 1.5936 | Grad: 25.6795 | P@10: 40.0%
2026-03-11 16:02:19,887 [INFO]    -> Step 120/142 | LR: 0.01557 | Loss: 1.4189 | Grad: 3.3026 | P@10: 40.0%
2026-03-11 16:02:56,672 [INFO]    -> Step 140/142 | LR: 0.01585 | Loss: 1.9285 | Grad: 10.4270 | P@10: 30.0%
2026-03-11 16:03:13,302 [INFO] Epoch 07/45 | Loss: 1.9631 | Grad Avg: 13.8377 | P@10: 38.7%
2026-03-11 16:03:48,210 [INFO]    -> Step 20/142 | LR: 0.01615 | Loss: 2.3541 | Grad: 7.7765 | P@10: 40.0%
2026-03-11 16:04:20,324 [INFO]    -> Step 40/142 | LR: 0.01640 | Loss: 3.6841 | Grad: 6.3421 | P@10: 40.0%
2026-03-11 16:04:52,406 [INFO]    -> Step 60/142 | LR: 0.01664 | Loss: 1.8395 | Grad: 17.2066 | P@10: 60.0%
2026-03-11 16:05:25,355 [INFO]    -> Step 80/142 | LR: 0.01686 | Loss: 1.7641 | Grad: 3.8515 | P@10: 30.0%
2026-03-11 16:05:58,966 [INFO]    -> Step 100/142 | LR: 0.01706 | Loss: 2.3169 | Grad: 6.3115 | P@10: 20.0%
2026-03-11 16:06:32,073 [INFO]    -> Step 120/142 | LR: 0.01724 | Loss: 0.8244 | Grad: 4.1048 | P@10: 40.0%
2026-03-11 16:07:05,223 [INFO]    -> Step 140/142 | LR: 0.01740 | Loss: 2.1819 | Grad: 6.6778 | P@10: 20.0%
2026-03-11 16:07:20,989 [INFO] Epoch 08/45 | Loss: 2.2171 | Grad Avg: 13.4168 | P@10: 42.7%
2026-03-11 16:07:53,923 [INFO]    -> Step 20/142 | LR: 0.01756 | Loss: 6.5355 | Grad: 6.2996 | P@10: 10.0%
2026-03-11 16:08:29,255 [INFO]    -> Step 40/142 | LR: 0.01768 | Loss: 11.2738 | Grad: 21.7507 | P@10: 30.0%
2026-03-11 16:09:06,511 [INFO]    -> Step 60/142 | LR: 0.01779 | Loss: 11.2958 | Grad: 24.5272 | P@10: 20.0%
2026-03-11 16:09:42,427 [INFO]    -> Step 80/142 | LR: 0.01787 | Loss: 1.5043 | Grad: 7.9555 | P@10: 40.0%
2026-03-11 16:10:16,154 [INFO]    -> Step 100/142 | LR: 0.01793 | Loss: 2.3540 | Grad: 22.8912 | P@10: 40.0%
2026-03-11 16:10:44,380 [INFO]    -> Step 120/142 | LR: 0.01798 | Loss: 0.6076 | Grad: 7.1772 | P@10: 70.0%
2026-03-11 16:11:20,067 [INFO]    -> Step 140/142 | LR: 0.01800 | Loss: 1.4300 | Grad: 17.1249 | P@10: 30.0%
2026-03-11 16:11:36,851 [INFO] Epoch 09/45 | Loss: 2.2727 | Grad Avg: 14.4004 | P@10: 28.7%
2026-03-11 16:12:13,246 [INFO]    -> Step 20/142 | LR: 0.01800 | Loss: 1.0849 | Grad: 5.3518 | P@10: 50.0%
2026-03-11 16:12:49,303 [INFO]    -> Step 40/142 | LR: 0.01800 | Loss: 2.3276 | Grad: 12.1145 | P@10: 30.0%
2026-03-11 16:13:25,809 [INFO]    -> Step 60/142 | LR: 0.01800 | Loss: 2.1924 | Grad: 27.3836 | P@10: 30.0%
2026-03-11 16:13:41,666 [INFO]    -> Step 80/142 | LR: 0.01799 | Loss: 2.9300 | Grad: 35.8647 | P@10: 20.0%
2026-03-11 16:13:58,384 [INFO]    -> Step 100/142 | LR: 0.01799 | Loss: 7.6925 | Grad: 4.5732 | P@10: 40.0%
2026-03-11 16:14:15,559 [INFO]    -> Step 120/142 | LR: 0.01798 | Loss: 1.0592 | Grad: 5.5570 | P@10: 10.0%
2026-03-11 16:14:32,828 [INFO]    -> Step 140/142 | LR: 0.01797 | Loss: 2.1693 | Grad: 20.4222 | P@10: 40.0%
2026-03-11 16:14:40,210 [INFO] Epoch 10/45 | Loss: 2.1868 | Grad Avg: 17.4495 | P@10: 44.4%
2026-03-11 16:14:58,820 [INFO]    -> Step 20/142 | LR: 0.01796 | Loss: 1.8004 | Grad: 17.6790 | P@10: 30.0%
2026-03-11 16:15:17,590 [INFO]    -> Step 40/142 | LR: 0.01795 | Loss: 1.3601 | Grad: 22.7260 | P@10: 40.0%
2026-03-11 16:15:54,611 [INFO]    -> Step 60/142 | LR: 0.01794 | Loss: 1.7035 | Grad: 3.5587 | P@10: 50.0%
2026-03-11 16:16:33,114 [INFO]    -> Step 80/142 | LR: 0.01792 | Loss: 2.3786 | Grad: 11.2447 | P@10: 30.0%
2026-03-11 16:17:10,114 [INFO]    -> Step 100/142 | LR: 0.01791 | Loss: 1.2009 | Grad: 9.4347 | P@10: 30.0%
2026-03-11 16:17:40,723 [INFO]    -> Step 120/142 | LR: 0.01789 | Loss: 1.0533 | Grad: 12.8987 | P@10: 50.0%
2026-03-11 16:18:00,490 [INFO]    -> Step 140/142 | LR: 0.01788 | Loss: 1.4710 | Grad: 12.0106 | P@10: 20.0%
2026-03-11 16:18:08,464 [INFO] Epoch 11/45 | Loss: 2.0653 | Grad Avg: 11.1829 | P@10: 41.7%
2026-03-11 16:18:28,777 [INFO]    -> Step 20/142 | LR: 0.01785 | Loss: 3.3717 | Grad: 49.7504 | P@10: 20.0%
2026-03-11 16:18:47,935 [INFO]    -> Step 40/142 | LR: 0.01783 | Loss: 1.6139 | Grad: 8.5231 | P@10: 30.0%
2026-03-11 16:19:07,254 [INFO]    -> Step 60/142 | LR: 0.01781 | Loss: 1.3234 | Grad: 2.2050 | P@10: 30.0%
2026-03-11 16:19:43,094 [INFO]    -> Step 80/142 | LR: 0.01779 | Loss: 1.1219 | Grad: 8.4177 | P@10: 40.0%
2026-03-11 16:20:24,563 [INFO]    -> Step 100/142 | LR: 0.01777 | Loss: 1.8680 | Grad: 8.6638 | P@10: 50.0%
2026-03-11 16:21:06,490 [INFO]    -> Step 120/142 | LR: 0.01774 | Loss: 1.9086 | Grad: 8.5897 | P@10: 30.0%
2026-03-11 16:21:47,027 [INFO]    -> Step 140/142 | LR: 0.01771 | Loss: 1.5541 | Grad: 5.1524 | P@10: 40.0%
2026-03-11 16:22:04,354 [INFO] Epoch 12/45 | Loss: 2.1023 | Grad Avg: 12.2838 | P@10: 43.3%
2026-03-11 16:22:44,352 [INFO]    -> Step 20/142 | LR: 0.01768 | Loss: 0.7483 | Grad: 25.9033 | P@10: 60.0%
2026-03-11 16:23:24,574 [INFO]    -> Step 40/142 | LR: 0.01765 | Loss: 1.8674 | Grad: 24.8584 | P@10: 40.0%
2026-03-11 16:24:04,155 [INFO]    -> Step 60/142 | LR: 0.01762 | Loss: 0.8734 | Grad: 5.3604 | P@10: 50.0%
2026-03-11 16:24:43,880 [INFO]    -> Step 80/142 | LR: 0.01759 | Loss: 0.9987 | Grad: 2.9337 | P@10: 50.0%
2026-03-11 16:25:24,715 [INFO]    -> Step 100/142 | LR: 0.01756 | Loss: 1.4272 | Grad: 24.5288 | P@10: 50.0%
2026-03-11 16:26:04,570 [INFO]    -> Step 120/142 | LR: 0.01752 | Loss: 1.9130 | Grad: 26.8502 | P@10: 40.0%
2026-03-11 16:26:45,240 [INFO]    -> Step 140/142 | LR: 0.01749 | Loss: 1.5917 | Grad: 21.6675 | P@10: 60.0%
2026-03-11 16:27:03,116 [INFO] Epoch 13/45 | Loss: 2.0996 | Grad Avg: 14.6020 | P@10: 38.7%
2026-03-11 16:27:44,062 [INFO]    -> Step 20/142 | LR: 0.01744 | Loss: 0.9233 | Grad: 20.9212 | P@10: 30.0%
2026-03-11 16:28:25,588 [INFO]    -> Step 40/142 | LR: 0.01741 | Loss: 0.9512 | Grad: 5.6289 | P@10: 20.0%
2026-03-11 16:29:08,774 [INFO]    -> Step 60/142 | LR: 0.01737 | Loss: 1.9281 | Grad: 9.7852 | P@10: 50.0%
2026-03-11 16:29:52,042 [INFO]    -> Step 80/142 | LR: 0.01732 | Loss: 1.1760 | Grad: 9.4234 | P@10: 50.0%
2026-03-11 16:30:35,899 [INFO]    -> Step 100/142 | LR: 0.01728 | Loss: 0.7815 | Grad: 10.9974 | P@10: 60.0%
2026-03-11 16:31:21,163 [INFO]    -> Step 120/142 | LR: 0.01724 | Loss: 5.4837 | Grad: 11.1196 | P@10: 30.0%
2026-03-11 16:32:06,807 [INFO]    -> Step 140/142 | LR: 0.01719 | Loss: 0.9354 | Grad: 15.3751 | P@10: 70.0%
2026-03-11 16:32:25,785 [INFO] Epoch 14/45 | Loss: 1.9125 | Grad Avg: 12.4015 | P@10: 44.5%
2026-03-11 16:33:11,648 [INFO]    -> Step 20/142 | LR: 0.01714 | Loss: 1.7533 | Grad: 3.8607 | P@10: 20.0%
2026-03-11 16:33:56,970 [INFO]    -> Step 40/142 | LR: 0.01710 | Loss: 1.1633 | Grad: 4.8346 | P@10: 40.0%
2026-03-11 16:34:42,291 [INFO]    -> Step 60/142 | LR: 0.01705 | Loss: 0.7730 | Grad: 5.2350 | P@10: 50.0%
2026-03-11 16:35:28,316 [INFO]    -> Step 80/142 | LR: 0.01700 | Loss: 5.0787 | Grad: 18.8124 | P@10: 40.0%
2026-03-11 16:36:12,782 [INFO]    -> Step 100/142 | LR: 0.01695 | Loss: 1.0220 | Grad: 7.2951 | P@10: 30.0%
2026-03-11 16:36:55,580 [INFO]    -> Step 120/142 | LR: 0.01689 | Loss: 1.4850 | Grad: 6.0366 | P@10: 60.0%
2026-03-11 16:37:36,516 [INFO]    -> Step 140/142 | LR: 0.01684 | Loss: 2.7496 | Grad: 8.7278 | P@10: 30.0%
2026-03-11 16:37:54,185 [INFO] Epoch 15/45 | Loss: 1.8042 | Grad Avg: 9.7714 | P@10: 42.3%
2026-03-11 16:38:35,813 [INFO]    -> Step 20/142 | LR: 0.01678 | Loss: 1.3758 | Grad: 4.6747 | P@10: 40.0%
2026-03-11 16:39:15,085 [INFO]    -> Step 40/142 | LR: 0.01672 | Loss: 1.3952 | Grad: 14.3350 | P@10: 30.0%
2026-03-11 16:39:50,153 [INFO]    -> Step 60/142 | LR: 0.01667 | Loss: 1.2972 | Grad: 21.3263 | P@10: 40.0%
2026-03-11 16:40:23,365 [INFO]    -> Step 80/142 | LR: 0.01661 | Loss: 1.6523 | Grad: 12.4237 | P@10: 60.0%
2026-03-11 16:40:57,391 [INFO]    -> Step 100/142 | LR: 0.01655 | Loss: 1.3552 | Grad: 31.1392 | P@10: 40.0%
2026-03-11 16:41:31,977 [INFO]    -> Step 120/142 | LR: 0.01649 | Loss: 1.3785 | Grad: 16.4545 | P@10: 30.0%
2026-03-11 16:42:07,203 [INFO]    -> Step 140/142 | LR: 0.01643 | Loss: 1.0020 | Grad: 9.9738 | P@10: 20.0%
2026-03-11 16:42:23,516 [INFO] Epoch 16/45 | Loss: 2.1424 | Grad Avg: 12.1942 | P@10: 43.4%
2026-03-11 16:42:59,937 [INFO]    -> Step 20/142 | LR: 0.01636 | Loss: 1.3077 | Grad: 31.3482 | P@10: 20.0%
2026-03-11 16:43:35,096 [INFO]    -> Step 40/142 | LR: 0.01630 | Loss: 1.4839 | Grad: 9.4948 | P@10: 40.0%
2026-03-11 16:44:09,176 [INFO]    -> Step 60/142 | LR: 0.01623 | Loss: 6.9095 | Grad: 10.7462 | P@10: 50.0%
2026-03-11 16:44:43,241 [INFO]    -> Step 80/142 | LR: 0.01617 | Loss: 1.1787 | Grad: 12.1811 | P@10: 40.0%
2026-03-11 16:45:18,399 [INFO]    -> Step 100/142 | LR: 0.01610 | Loss: 1.1272 | Grad: 6.3493 | P@10: 50.0%
2026-03-11 16:45:53,172 [INFO]    -> Step 120/142 | LR: 0.01603 | Loss: 1.3648 | Grad: 7.6750 | P@10: 40.0%
2026-03-11 16:46:26,247 [INFO]    -> Step 140/142 | LR: 0.01596 | Loss: 0.6817 | Grad: 9.3239 | P@10: 70.0%
2026-03-11 16:46:41,763 [INFO] Epoch 17/45 | Loss: 1.8890 | Grad Avg: 10.4675 | P@10: 41.4%
2026-03-11 16:47:13,626 [INFO]    -> Step 20/142 | LR: 0.01588 | Loss: 1.2063 | Grad: 5.4355 | P@10: 40.0%
2026-03-11 16:47:45,727 [INFO]    -> Step 40/142 | LR: 0.01581 | Loss: 0.9781 | Grad: 3.0304 | P@10: 30.0%
2026-03-11 16:48:16,792 [INFO]    -> Step 60/142 | LR: 0.01574 | Loss: 1.0190 | Grad: 12.2289 | P@10: 30.0%
2026-03-11 16:48:47,657 [INFO]    -> Step 80/142 | LR: 0.01567 | Loss: 0.9897 | Grad: 4.3659 | P@10: 30.0%
2026-03-11 16:49:20,323 [INFO]    -> Step 100/142 | LR: 0.01559 | Loss: 1.1145 | Grad: 10.1484 | P@10: 40.0%
2026-03-11 16:49:51,227 [INFO]    -> Step 120/142 | LR: 0.01552 | Loss: 5.3377 | Grad: 3.4463 | P@10: 50.0%
2026-03-11 16:50:21,901 [INFO]    -> Step 140/142 | LR: 0.01544 | Loss: 1.7508 | Grad: 5.5970 | P@10: 20.0%
2026-03-11 16:50:37,793 [INFO] Epoch 18/45 | Loss: 1.8882 | Grad Avg: 8.0359 | P@10: 45.7%
2026-03-11 16:50:37,815 [INFO] ⭐ Novo Recorde: 45.7%
2026-03-11 16:51:10,880 [INFO]    -> Step 20/142 | LR: 0.01536 | Loss: 1.9184 | Grad: 6.6448 | P@10: 10.0%
2026-03-11 16:51:42,345 [INFO]    -> Step 40/142 | LR: 0.01528 | Loss: 1.1665 | Grad: 15.0415 | P@10: 40.0%
2026-03-11 16:52:13,817 [INFO]    -> Step 60/142 | LR: 0.01520 | Loss: 0.9046 | Grad: 5.9885 | P@10: 40.0%
2026-03-11 16:52:46,123 [INFO]    -> Step 80/142 | LR: 0.01512 | Loss: 1.4117 | Grad: 10.3003 | P@10: 40.0%
2026-03-11 16:53:20,300 [INFO]    -> Step 100/142 | LR: 0.01504 | Loss: 2.4178 | Grad: 6.8780 | P@10: 20.0%
2026-03-11 16:53:53,723 [INFO]    -> Step 120/142 | LR: 0.01496 | Loss: 1.0245 | Grad: 12.4182 | P@10: 10.0%
2026-03-11 16:54:25,903 [INFO]    -> Step 140/142 | LR: 0.01487 | Loss: 1.8757 | Grad: 7.0557 | P@10: 30.0%
2026-03-11 16:54:41,961 [INFO] Epoch 19/45 | Loss: 1.9691 | Grad Avg: 10.2921 | P@10: 46.2%
2026-03-11 16:54:41,975 [INFO] ⭐ Novo Recorde: 46.2%
2026-03-11 16:55:16,321 [INFO]    -> Step 20/142 | LR: 0.01478 | Loss: 7.2178 | Grad: 13.0331 | P@10: 20.0%
2026-03-11 16:55:52,204 [INFO]    -> Step 40/142 | LR: 0.01470 | Loss: 2.2129 | Grad: 31.3557 | P@10: 0.0%
2026-03-11 16:56:28,908 [INFO]    -> Step 60/142 | LR: 0.01461 | Loss: 1.5151 | Grad: 19.4846 | P@10: 40.0%
2026-03-11 16:57:05,009 [INFO]    -> Step 80/142 | LR: 0.01452 | Loss: 1.2249 | Grad: 4.9095 | P@10: 40.0%
2026-03-11 16:57:42,233 [INFO]    -> Step 100/142 | LR: 0.01444 | Loss: 0.9508 | Grad: 14.4162 | P@10: 60.0%
2026-03-11 16:58:22,082 [INFO]    -> Step 120/142 | LR: 0.01435 | Loss: 2.3153 | Grad: 2.7637 | P@10: 20.0%
2026-03-11 16:59:03,754 [INFO]    -> Step 140/142 | LR: 0.01426 | Loss: 11.6249 | Grad: 19.8848 | P@10: 40.0%
2026-03-11 16:59:22,547 [INFO] Epoch 20/45 | Loss: 2.0333 | Grad Avg: 10.9420 | P@10: 36.4%
2026-03-11 17:00:03,313 [INFO]    -> Step 20/142 | LR: 0.01416 | Loss: 1.0731 | Grad: 4.4118 | P@10: 30.0%
2026-03-11 17:00:44,217 [INFO]    -> Step 40/142 | LR: 0.01407 | Loss: 1.7315 | Grad: 12.5403 | P@10: 40.0%
2026-03-11 17:01:24,695 [INFO]    -> Step 60/142 | LR: 0.01398 | Loss: 1.3759 | Grad: 4.1717 | P@10: 30.0%
2026-03-11 17:02:04,859 [INFO]    -> Step 80/142 | LR: 0.01389 | Loss: 9.6693 | Grad: 14.3994 | P@10: 20.0%
2026-03-11 17:02:45,277 [INFO]    -> Step 100/142 | LR: 0.01380 | Loss: 0.7945 | Grad: 11.8816 | P@10: 40.0%
2026-03-11 17:03:25,836 [INFO]    -> Step 120/142 | LR: 0.01370 | Loss: 0.8713 | Grad: 1.9552 | P@10: 40.0%
2026-03-11 17:04:06,181 [INFO]    -> Step 140/142 | LR: 0.01361 | Loss: 1.7113 | Grad: 5.4417 | P@10: 0.0%
2026-03-11 17:04:23,976 [INFO] Epoch 21/45 | Loss: 1.8084 | Grad Avg: 12.1456 | P@10: 40.3%
2026-03-11 17:05:04,098 [INFO]    -> Step 20/142 | LR: 0.01350 | Loss: 0.5497 | Grad: 5.0246 | P@10: 70.0%
2026-03-11 17:05:43,158 [INFO]    -> Step 40/142 | LR: 0.01341 | Loss: 1.2172 | Grad: 5.1866 | P@10: 40.0%
2026-03-11 17:06:21,272 [INFO]    -> Step 60/142 | LR: 0.01331 | Loss: 1.4648 | Grad: 9.4549 | P@10: 60.0%
2026-03-11 17:06:59,038 [INFO]    -> Step 80/142 | LR: 0.01322 | Loss: 6.7644 | Grad: 7.2114 | P@10: 20.0%
2026-03-11 17:07:36,568 [INFO]    -> Step 100/142 | LR: 0.01312 | Loss: 0.8815 | Grad: 3.9514 | P@10: 60.0%
2026-03-11 17:08:15,007 [INFO]    -> Step 120/142 | LR: 0.01302 | Loss: 1.4369 | Grad: 4.1850 | P@10: 50.0%
2026-03-11 17:08:54,160 [INFO]    -> Step 140/142 | LR: 0.01292 | Loss: 2.0451 | Grad: 39.6277 | P@10: 30.0%
2026-03-11 17:09:11,817 [INFO] Epoch 22/45 | Loss: 2.0950 | Grad Avg: 11.3970 | P@10: 44.1%
2026-03-11 17:09:50,958 [INFO]    -> Step 20/142 | LR: 0.01281 | Loss: 1.2265 | Grad: 42.7927 | P@10: 40.0%
2026-03-11 17:10:29,550 [INFO]    -> Step 40/142 | LR: 0.01271 | Loss: 1.3953 | Grad: 3.5632 | P@10: 30.0%
2026-03-11 17:11:09,417 [INFO]    -> Step 60/142 | LR: 0.01261 | Loss: 1.3489 | Grad: 8.7029 | P@10: 20.0%
2026-03-11 17:11:48,729 [INFO]    -> Step 80/142 | LR: 0.01251 | Loss: 0.9713 | Grad: 9.9005 | P@10: 60.0%
2026-03-11 17:12:27,145 [INFO]    -> Step 100/142 | LR: 0.01241 | Loss: 1.3578 | Grad: 6.6060 | P@10: 40.0%
2026-03-11 17:13:07,778 [INFO]    -> Step 120/142 | LR: 0.01231 | Loss: 1.6195 | Grad: 7.3719 | P@10: 40.0%
2026-03-11 17:13:48,660 [INFO]    -> Step 140/142 | LR: 0.01221 | Loss: 0.9447 | Grad: 3.4861 | P@10: 30.0%
2026-03-11 17:14:07,076 [INFO] Epoch 23/45 | Loss: 1.9655 | Grad Avg: 13.8406 | P@10: 43.1%
2026-03-11 17:14:46,374 [INFO]    -> Step 20/142 | LR: 0.01209 | Loss: 1.9929 | Grad: 3.7512 | P@10: 50.0%
2026-03-11 17:15:27,098 [INFO]    -> Step 40/142 | LR: 0.01199 | Loss: 2.0376 | Grad: 11.6034 | P@10: 30.0%
2026-03-11 17:16:07,224 [INFO]    -> Step 60/142 | LR: 0.01189 | Loss: 1.6998 | Grad: 13.1220 | P@10: 10.0%
2026-03-11 17:16:45,987 [INFO]    -> Step 80/142 | LR: 0.01178 | Loss: 1.1778 | Grad: 10.7073 | P@10: 10.0%
2026-03-11 17:17:24,448 [INFO]    -> Step 100/142 | LR: 0.01168 | Loss: 0.8467 | Grad: 10.1453 | P@10: 20.0%
2026-03-11 17:18:04,121 [INFO]    -> Step 120/142 | LR: 0.01157 | Loss: 2.1546 | Grad: 16.1978 | P@10: 10.0%
2026-03-11 17:18:44,638 [INFO]    -> Step 140/142 | LR: 0.01147 | Loss: 1.0124 | Grad: 5.9914 | P@10: 30.0%
2026-03-11 17:19:02,656 [INFO] Epoch 24/45 | Loss: 1.8205 | Grad Avg: 12.2175 | P@10: 42.2%
2026-03-11 17:19:41,907 [INFO]    -> Step 20/142 | LR: 0.01135 | Loss: 1.7562 | Grad: 2.2701 | P@10: 10.0%
2026-03-11 17:20:20,691 [INFO]    -> Step 40/142 | LR: 0.01124 | Loss: 4.4845 | Grad: 5.2606 | P@10: 40.0%
2026-03-11 17:21:00,223 [INFO]    -> Step 60/142 | LR: 0.01114 | Loss: 2.7030 | Grad: 32.0787 | P@10: 40.0%
2026-03-11 17:21:39,886 [INFO]    -> Step 80/142 | LR: 0.01103 | Loss: 4.8448 | Grad: 2.7862 | P@10: 40.0%
2026-03-11 17:22:19,590 [INFO]    -> Step 100/142 | LR: 0.01092 | Loss: 0.8674 | Grad: 10.7070 | P@10: 30.0%
2026-03-11 17:22:59,147 [INFO]    -> Step 120/142 | LR: 0.01082 | Loss: 2.2833 | Grad: 3.7996 | P@10: 40.0%
2026-03-11 17:23:39,551 [INFO]    -> Step 140/142 | LR: 0.01071 | Loss: 1.2317 | Grad: 1.3064 | P@10: 20.0%
2026-03-11 17:23:58,292 [INFO] Epoch 25/45 | Loss: 1.9836 | Grad Avg: 7.9003 | P@10: 45.2%
2026-03-11 17:24:40,528 [INFO]    -> Step 20/142 | LR: 0.01059 | Loss: 1.1183 | Grad: 7.9548 | P@10: 30.0%
2026-03-11 17:25:22,843 [INFO]    -> Step 40/142 | LR: 0.01048 | Loss: 1.3596 | Grad: 8.3890 | P@10: 30.0%
2026-03-11 17:26:04,265 [INFO]    -> Step 60/142 | LR: 0.01037 | Loss: 0.8970 | Grad: 8.2374 | P@10: 50.0%
2026-03-11 17:26:46,497 [INFO]    -> Step 80/142 | LR: 0.01026 | Loss: 0.8309 | Grad: 14.3813 | P@10: 40.0%
2026-03-11 17:27:28,450 [INFO]    -> Step 100/142 | LR: 0.01016 | Loss: 0.9892 | Grad: 8.6827 | P@10: 30.0%
2026-03-11 17:28:11,571 [INFO]    -> Step 120/142 | LR: 0.01005 | Loss: 0.8292 | Grad: 3.1374 | P@10: 40.0%
2026-03-11 17:28:54,866 [INFO]    -> Step 140/142 | LR: 0.00994 | Loss: 1.6269 | Grad: 11.1337 | P@10: 60.0%
2026-03-11 17:29:14,249 [INFO] Epoch 26/45 | Loss: 1.7235 | Grad Avg: 8.3650 | P@10: 44.9%
2026-03-11 17:40:07,121 [INFO] 
============================================================
2026-03-11 17:40:07,122 [INFO] 🔄 RETOMANDO TREINO ELITE P10: FORTALEZA (De Época 27)
2026-03-11 17:40:07,122 [INFO] ============================================================
2026-03-11 17:40:07,893 [INFO] 📍 Carregando pesos de: models/test/fortaleza_model_ELITE.pth
2026-03-11 17:40:09,101 [INFO] ⏭️ Avançando Scheduler em 3718 steps...
2026-03-11 17:40:09,110 [INFO] 📈 Melhor P@10 registrado: 46.2%
2026-03-11 17:40:26,930 [INFO]    -> Step 20/142 | LR: 0.00967 | Loss: 1.6344 | Grad: 4.4581 | P@10: 40.0%
2026-03-11 17:40:46,414 [INFO]    -> Step 40/142 | LR: 0.00957 | Loss: 1.8443 | Grad: 8.2039 | P@10: 40.0%
2026-03-11 17:41:06,137 [INFO]    -> Step 60/142 | LR: 0.00946 | Loss: 1.3482 | Grad: 19.9672 | P@10: 40.0%
2026-03-11 17:41:25,756 [INFO]    -> Step 80/142 | LR: 0.00935 | Loss: 0.9988 | Grad: 14.3382 | P@10: 40.0%
2026-03-11 17:41:45,760 [INFO]    -> Step 100/142 | LR: 0.00924 | Loss: 3.3737 | Grad: 10.6834 | P@10: 30.0%
2026-03-11 17:42:05,876 [INFO]    -> Step 120/142 | LR: 0.00913 | Loss: 2.7864 | Grad: 19.0573 | P@10: 40.0%
2026-03-11 17:42:26,653 [INFO]    -> Step 140/142 | LR: 0.00902 | Loss: 0.5951 | Grad: 7.3956 | P@10: 40.0%
2026-03-11 17:42:34,377 [INFO] 
============================================================
2026-03-11 17:42:34,377 [INFO] 🔄 RETOMANDO TREINO ELITE P10: FORTALEZA (De Época 27)
2026-03-11 17:42:34,377 [INFO] ============================================================
2026-03-11 17:42:35,088 [INFO] 📍 Carregando pesos de: models/test/fortaleza_model_ELITE.pth
2026-03-11 17:42:36,347 [INFO] ⏭️ Avançando Scheduler em 3718 steps...
2026-03-11 17:42:36,364 [INFO] 📈 Melhor P@10 registrado: 46.2%
2026-03-11 17:42:52,909 [INFO]    -> Step 20/142 | LR: 0.00967 | Loss: 0.9867 | Grad: 3.8460 | P@10: 50.0%
2026-03-11 17:43:09,742 [INFO]    -> Step 40/142 | LR: 0.00957 | Loss: 1.2685 | Grad: 13.2486 | P@10: 30.0%
2026-03-11 17:43:27,666 [INFO]    -> Step 60/142 | LR: 0.00946 | Loss: 1.0878 | Grad: 17.0725 | P@10: 20.0%
2026-03-11 17:44:33,266 [INFO] 
============================================================
2026-03-11 17:44:33,266 [INFO] 🔄 RETOMANDO TREINO ELITE P10: FORTALEZA (De Época 27)
2026-03-11 17:44:33,266 [INFO] ============================================================
2026-03-11 17:44:33,579 [INFO] 📍 Carregando pesos de: models/test/fortaleza_model_ELITE.pth
2026-03-11 17:44:34,445 [INFO] ⏭️ Avançando Scheduler em 3718 steps...
2026-03-11 17:44:34,454 [INFO] 📈 Melhor P@10 registrado: 46.2%
2026-03-11 17:44:52,625 [INFO]    -> Step 20/142 | LR: 0.01798 | Loss: 1.3794 | Grad: 16.3729 | P@10: 50.0%
2026-03-11 17:45:12,182 [INFO]    -> Step 40/142 | LR: 0.01797 | Loss: 1.5993 | Grad: 23.0826 | P@10: 30.0%
2026-03-11 17:45:34,602 [INFO]    -> Step 60/142 | LR: 0.01797 | Loss: 1.6075 | Grad: 8.5973 | P@10: 40.0%
2026-03-11 17:45:56,911 [INFO]    -> Step 80/142 | LR: 0.01797 | Loss: 1.3782 | Grad: 22.2489 | P@10: 10.0%
2026-03-11 17:46:17,944 [INFO]    -> Step 100/142 | LR: 0.01796 | Loss: 2.8649 | Grad: 9.4610 | P@10: 30.0%
2026-03-11 17:46:38,090 [INFO]    -> Step 120/142 | LR: 0.01796 | Loss: 5.7284 | Grad: 10.7432 | P@10: 30.0%
2026-03-11 17:46:59,048 [INFO]    -> Step 140/142 | LR: 0.01796 | Loss: 2.0553 | Grad: 19.0107 | P@10: 40.0%
2026-03-11 17:47:07,608 [INFO] Epoch 27/120 | Loss: 2.0160 | Grad Avg: 15.3190 | P@10: 42.4%
2026-03-11 17:47:28,941 [INFO]    -> Step 20/142 | LR: 0.01795 | Loss: 2.0508 | Grad: 13.7428 | P@10: 60.0%
2026-03-11 17:47:50,992 [INFO]    -> Step 40/142 | LR: 0.01795 | Loss: 0.9453 | Grad: 13.8596 | P@10: 60.0%
2026-03-11 17:48:11,741 [INFO]    -> Step 60/142 | LR: 0.01794 | Loss: 1.1402 | Grad: 5.7892 | P@10: 30.0%
2026-03-11 17:48:33,300 [INFO]    -> Step 80/142 | LR: 0.01794 | Loss: 0.8095 | Grad: 10.5259 | P@10: 60.0%
2026-03-11 17:48:53,196 [INFO]    -> Step 100/142 | LR: 0.01793 | Loss: 1.0905 | Grad: 32.8245 | P@10: 50.0%
2026-03-11 17:49:11,700 [INFO]    -> Step 120/142 | LR: 0.01793 | Loss: 1.7092 | Grad: 28.1828 | P@10: 40.0%
2026-03-11 17:49:30,408 [INFO]    -> Step 140/142 | LR: 0.01792 | Loss: 3.0339 | Grad: 16.2436 | P@10: 40.0%
2026-03-11 17:49:38,298 [INFO] Epoch 28/120 | Loss: 1.8558 | Grad Avg: 16.6525 | P@10: 41.3%
2026-03-11 17:49:56,979 [INFO]    -> Step 20/142 | LR: 0.01792 | Loss: 2.0145 | Grad: 12.9258 | P@10: 40.0%
2026-03-11 17:50:13,516 [INFO]    -> Step 40/142 | LR: 0.01791 | Loss: 1.1436 | Grad: 7.4393 | P@10: 40.0%
2026-03-11 17:50:28,711 [INFO]    -> Step 60/142 | LR: 0.01791 | Loss: 1.9013 | Grad: 28.5239 | P@10: 50.0%
2026-03-11 17:50:43,916 [INFO]    -> Step 80/142 | LR: 0.01790 | Loss: 1.9163 | Grad: 6.2736 | P@10: 20.0%
2026-03-11 17:50:59,669 [INFO]    -> Step 100/142 | LR: 0.01789 | Loss: 1.0611 | Grad: 4.1665 | P@10: 30.0%
2026-03-11 17:51:15,647 [INFO]    -> Step 120/142 | LR: 0.01789 | Loss: 1.3106 | Grad: 12.7631 | P@10: 30.0%
2026-03-11 17:51:31,358 [INFO]    -> Step 140/142 | LR: 0.01788 | Loss: 1.8557 | Grad: 8.1123 | P@10: 30.0%
2026-03-11 17:51:38,512 [INFO] Epoch 29/120 | Loss: 1.8388 | Grad Avg: 19.2099 | P@10: 43.1%
2026-03-11 17:51:55,287 [INFO]    -> Step 20/142 | LR: 0.01787 | Loss: 1.5288 | Grad: 11.8540 | P@10: 30.0%
2026-03-11 17:52:11,978 [INFO]    -> Step 40/142 | LR: 0.01787 | Loss: 0.8001 | Grad: 4.5221 | P@10: 70.0%
2026-03-11 17:52:28,567 [INFO]    -> Step 60/142 | LR: 0.01786 | Loss: 1.7131 | Grad: 10.6423 | P@10: 40.0%
2026-03-11 17:52:45,476 [INFO]    -> Step 80/142 | LR: 0.01785 | Loss: 1.0366 | Grad: 4.2945 | P@10: 60.0%
2026-03-11 17:53:02,185 [INFO]    -> Step 100/142 | LR: 0.01785 | Loss: 8.2485 | Grad: 14.8254 | P@10: 20.0%
2026-03-11 17:53:17,776 [INFO]    -> Step 120/142 | LR: 0.01784 | Loss: 2.0160 | Grad: 15.6231 | P@10: 30.0%
2026-03-11 17:53:32,812 [INFO]    -> Step 140/142 | LR: 0.01783 | Loss: 0.8723 | Grad: 38.9795 | P@10: 40.0%
2026-03-11 17:53:39,771 [INFO] Epoch 30/120 | Loss: 2.1672 | Grad Avg: 18.6794 | P@10: 41.9%
2026-03-11 17:53:55,021 [INFO]    -> Step 20/142 | LR: 0.01782 | Loss: 1.6391 | Grad: 14.6411 | P@10: 40.0%
2026-03-11 17:54:11,520 [INFO]    -> Step 40/142 | LR: 0.01781 | Loss: 2.5078 | Grad: 27.6662 | P@10: 40.0%
2026-03-11 17:54:27,725 [INFO]    -> Step 60/142 | LR: 0.01780 | Loss: 1.2531 | Grad: 17.8161 | P@10: 30.0%
2026-03-11 17:54:44,826 [INFO]    -> Step 80/142 | LR: 0.01780 | Loss: 1.3823 | Grad: 27.2556 | P@10: 30.0%
2026-03-11 17:55:01,778 [INFO]    -> Step 100/142 | LR: 0.01779 | Loss: 5.2856 | Grad: 10.4780 | P@10: 60.0%
2026-03-11 17:55:18,507 [INFO]    -> Step 120/142 | LR: 0.01778 | Loss: 8.2509 | Grad: 13.1731 | P@10: 30.0%
2026-03-11 17:55:36,109 [INFO]    -> Step 140/142 | LR: 0.01777 | Loss: 0.9665 | Grad: 18.2721 | P@10: 40.0%
2026-03-11 17:55:44,592 [INFO] Epoch 31/120 | Loss: 2.4101 | Grad Avg: 20.2560 | P@10: 42.3%
2026-03-11 17:56:03,129 [INFO]    -> Step 20/142 | LR: 0.01776 | Loss: 0.8232 | Grad: 5.5692 | P@10: 60.0%
2026-03-11 17:56:21,915 [INFO]    -> Step 40/142 | LR: 0.01775 | Loss: 1.1469 | Grad: 15.0724 | P@10: 30.0%
2026-03-11 17:56:41,063 [INFO]    -> Step 60/142 | LR: 0.01774 | Loss: 3.1304 | Grad: 8.7788 | P@10: 60.0%
2026-03-11 17:56:57,721 [INFO]    -> Step 80/142 | LR: 0.01773 | Loss: 2.6432 | Grad: 31.4894 | P@10: 40.0%
2026-03-11 17:57:14,673 [INFO]    -> Step 100/142 | LR: 0.01772 | Loss: 1.3156 | Grad: 24.4572 | P@10: 30.0%
2026-03-11 17:57:32,021 [INFO]    -> Step 120/142 | LR: 0.01771 | Loss: 2.0985 | Grad: 12.5209 | P@10: 30.0%
2026-03-11 17:57:49,264 [INFO]    -> Step 140/142 | LR: 0.01770 | Loss: 1.6895 | Grad: 13.2845 | P@10: 40.0%
2026-03-11 17:57:56,826 [INFO] Epoch 32/120 | Loss: 1.9845 | Grad Avg: 17.5823 | P@10: 37.7%
2026-03-11 17:58:13,958 [INFO]    -> Step 20/142 | LR: 0.01769 | Loss: 2.1991 | Grad: 60.2074 | P@10: 30.0%
2026-03-11 17:58:31,746 [INFO]    -> Step 40/142 | LR: 0.01767 | Loss: 1.8604 | Grad: 34.7339 | P@10: 60.0%
2026-03-11 17:58:50,787 [INFO]    -> Step 60/142 | LR: 0.01766 | Loss: 1.4427 | Grad: 24.3172 | P@10: 50.0%
2026-03-11 17:59:09,953 [INFO]    -> Step 80/142 | LR: 0.01765 | Loss: 1.1688 | Grad: 17.1428 | P@10: 50.0%
2026-03-11 17:59:30,165 [INFO]    -> Step 100/142 | LR: 0.01764 | Loss: 1.0456 | Grad: 20.5615 | P@10: 60.0%
2026-03-11 17:59:49,618 [INFO]    -> Step 120/142 | LR: 0.01763 | Loss: 1.3435 | Grad: 12.3408 | P@10: 30.0%
2026-03-11 18:00:08,442 [INFO]    -> Step 140/142 | LR: 0.01762 | Loss: 1.7825 | Grad: 15.2779 | P@10: 40.0%
2026-03-11 18:00:16,203 [INFO] Epoch 33/120 | Loss: 2.0951 | Grad Avg: 19.0084 | P@10: 43.4%
2026-03-11 18:00:34,977 [INFO]    -> Step 20/142 | LR: 0.01760 | Loss: 1.1371 | Grad: 20.2592 | P@10: 60.0%
2026-03-11 18:00:54,124 [INFO]    -> Step 40/142 | LR: 0.01759 | Loss: 1.8851 | Grad: 20.0177 | P@10: 30.0%
2026-03-11 18:01:13,134 [INFO]    -> Step 60/142 | LR: 0.01758 | Loss: 1.1185 | Grad: 9.1859 | P@10: 60.0%
2026-03-11 18:01:32,931 [INFO]    -> Step 80/142 | LR: 0.01757 | Loss: 1.7172 | Grad: 26.7922 | P@10: 20.0%
2026-03-11 18:01:52,524 [INFO]    -> Step 100/142 | LR: 0.01755 | Loss: 10.3961 | Grad: 30.5002 | P@10: 20.0%
2026-03-11 18:02:11,501 [INFO]    -> Step 120/142 | LR: 0.01754 | Loss: 1.1074 | Grad: 10.5097 | P@10: 20.0%
2026-03-11 18:02:28,635 [INFO]    -> Step 140/142 | LR: 0.01753 | Loss: 1.4243 | Grad: 18.0928 | P@10: 40.0%
2026-03-11 18:02:35,966 [INFO] Epoch 34/120 | Loss: 2.2515 | Grad Avg: 17.3093 | P@10: 45.4%
2026-03-11 18:02:53,211 [INFO]    -> Step 20/142 | LR: 0.01751 | Loss: 0.5383 | Grad: 8.2691 | P@10: 70.0%
2026-03-11 18:03:11,642 [INFO]    -> Step 40/142 | LR: 0.01750 | Loss: 1.0022 | Grad: 20.8231 | P@10: 30.0%
2026-03-11 18:03:30,588 [INFO]    -> Step 60/142 | LR: 0.01749 | Loss: 0.9528 | Grad: 5.1314 | P@10: 50.0%
2026-03-11 18:03:50,446 [INFO]    -> Step 80/142 | LR: 0.01747 | Loss: 2.0735 | Grad: 43.9046 | P@10: 40.0%
2026-03-11 18:04:10,138 [INFO]    -> Step 100/142 | LR: 0.01746 | Loss: 1.9700 | Grad: 14.2328 | P@10: 40.0%
2026-03-11 18:04:29,826 [INFO]    -> Step 120/142 | LR: 0.01745 | Loss: 2.2231 | Grad: 39.1697 | P@10: 40.0%
2026-03-11 18:04:49,805 [INFO]    -> Step 140/142 | LR: 0.01743 | Loss: 1.3347 | Grad: 28.9276 | P@10: 40.0%
2026-03-11 18:04:58,352 [INFO] Epoch 35/120 | Loss: 2.1108 | Grad Avg: 20.6403 | P@10: 27.3%
2026-03-11 18:05:17,751 [INFO]    -> Step 20/142 | LR: 0.01742 | Loss: 2.7241 | Grad: 28.3231 | P@10: 20.0%
2026-03-11 18:05:36,901 [INFO]    -> Step 40/142 | LR: 0.01740 | Loss: 0.8612 | Grad: 24.0326 | P@10: 50.0%
2026-03-11 18:05:54,381 [INFO]    -> Step 60/142 | LR: 0.01739 | Loss: 1.1190 | Grad: 15.5609 | P@10: 30.0%
2026-03-11 18:06:12,488 [INFO]    -> Step 80/142 | LR: 0.01737 | Loss: 12.3458 | Grad: 41.3769 | P@10: 30.0%
2026-03-11 18:06:30,530 [INFO]    -> Step 100/142 | LR: 0.01736 | Loss: 0.8534 | Grad: 17.6010 | P@10: 50.0%
2026-03-11 18:06:48,674 [INFO]    -> Step 120/142 | LR: 0.01734 | Loss: 1.7673 | Grad: 70.4451 | P@10: 20.0%
2026-03-11 18:07:05,757 [INFO]    -> Step 140/142 | LR: 0.01732 | Loss: 2.8093 | Grad: 19.1455 | P@10: 20.0%
2026-03-11 18:07:13,553 [INFO] Epoch 36/120 | Loss: 2.1019 | Grad Avg: 28.0078 | P@10: 42.1%
2026-03-11 18:07:30,904 [INFO]    -> Step 20/142 | LR: 0.01731 | Loss: 0.7639 | Grad: 22.5278 | P@10: 60.0%
2026-03-11 18:07:49,397 [INFO]    -> Step 40/142 | LR: 0.01729 | Loss: 3.1690 | Grad: 19.8402 | P@10: 30.0%
2026-03-11 18:08:06,297 [INFO]    -> Step 60/142 | LR: 0.01727 | Loss: 2.1125 | Grad: 25.3947 | P@10: 40.0%
2026-03-11 18:08:22,390 [INFO]    -> Step 80/142 | LR: 0.01726 | Loss: 6.7018 | Grad: 43.8803 | P@10: 30.0%
2026-03-11 18:08:38,434 [INFO]    -> Step 100/142 | LR: 0.01724 | Loss: 1.7926 | Grad: 22.1236 | P@10: 40.0%
2026-03-11 18:08:54,153 [INFO]    -> Step 120/142 | LR: 0.01723 | Loss: 1.7594 | Grad: 9.9510 | P@10: 30.0%
2026-03-11 18:09:09,851 [INFO]    -> Step 140/142 | LR: 0.01721 | Loss: 1.4156 | Grad: 7.5399 | P@10: 40.0%
2026-03-11 18:09:16,949 [INFO] Epoch 37/120 | Loss: 2.0477 | Grad Avg: 30.7683 | P@10: 44.7%
2026-03-11 18:09:33,445 [INFO]    -> Step 20/142 | LR: 0.01719 | Loss: 1.7193 | Grad: 17.6711 | P@10: 60.0%
2026-03-11 18:09:50,390 [INFO]    -> Step 40/142 | LR: 0.01717 | Loss: 1.3220 | Grad: 18.2250 | P@10: 40.0%
2026-03-11 18:10:06,152 [INFO]    -> Step 60/142 | LR: 0.01716 | Loss: 1.8774 | Grad: 14.6442 | P@10: 30.0%
2026-03-11 18:10:22,906 [INFO]    -> Step 80/142 | LR: 0.01714 | Loss: 1.5784 | Grad: 20.0058 | P@10: 40.0%
2026-03-11 18:10:40,447 [INFO]    -> Step 100/142 | LR: 0.01712 | Loss: 1.3887 | Grad: 8.9901 | P@10: 20.0%
2026-03-11 18:10:58,996 [INFO]    -> Step 120/142 | LR: 0.01710 | Loss: 2.2909 | Grad: 6.6067 | P@10: 50.0%
2026-03-11 18:11:18,133 [INFO]    -> Step 140/142 | LR: 0.01708 | Loss: 2.8608 | Grad: 26.3955 | P@10: 30.0%
2026-03-11 18:11:25,672 [INFO] Epoch 38/120 | Loss: 2.2030 | Grad Avg: 24.9188 | P@10: 40.4%
2026-03-11 18:11:42,050 [INFO]    -> Step 20/142 | LR: 0.01706 | Loss: 1.0411 | Grad: 10.0808 | P@10: 20.0%
2026-03-11 18:11:58,790 [INFO]    -> Step 40/142 | LR: 0.01705 | Loss: 0.9450 | Grad: 10.3047 | P@10: 50.0%
2026-03-11 18:12:15,008 [INFO]    -> Step 60/142 | LR: 0.01703 | Loss: 0.9612 | Grad: 24.9642 | P@10: 30.0%
2026-03-11 18:12:31,353 [INFO]    -> Step 80/142 | LR: 0.01701 | Loss: 1.3763 | Grad: 14.0852 | P@10: 40.0%
2026-03-11 18:12:47,752 [INFO]    -> Step 100/142 | LR: 0.01699 | Loss: 2.0155 | Grad: 47.8439 | P@10: 30.0%
2026-03-11 18:13:04,507 [INFO]    -> Step 120/142 | LR: 0.01697 | Loss: 1.9159 | Grad: 61.3724 | P@10: 40.0%
2026-03-11 18:13:20,970 [INFO]    -> Step 140/142 | LR: 0.01695 | Loss: 2.0266 | Grad: 30.9218 | P@10: 30.0%
2026-03-11 18:13:28,460 [INFO] Epoch 39/120 | Loss: 2.1568 | Grad Avg: 30.4154 | P@10: 42.5%
2026-03-11 18:13:45,963 [INFO]    -> Step 20/142 | LR: 0.01693 | Loss: 1.4642 | Grad: 18.5215 | P@10: 40.0%
2026-03-11 18:14:04,160 [INFO]    -> Step 40/142 | LR: 0.01691 | Loss: 1.5866 | Grad: 58.5029 | P@10: 40.0%
2026-03-11 18:14:22,508 [INFO]    -> Step 60/142 | LR: 0.01689 | Loss: 2.1952 | Grad: 29.2980 | P@10: 30.0%
2026-03-11 18:14:40,074 [INFO]    -> Step 80/142 | LR: 0.01687 | Loss: 1.8407 | Grad: 32.7018 | P@10: 40.0%
2026-03-11 18:14:55,952 [INFO]    -> Step 100/142 | LR: 0.01685 | Loss: 1.6556 | Grad: 13.1922 | P@10: 20.0%
2026-03-11 18:15:11,883 [INFO]    -> Step 120/142 | LR: 0.01683 | Loss: 2.5388 | Grad: 28.2048 | P@10: 30.0%
2026-03-11 18:15:27,837 [INFO]    -> Step 140/142 | LR: 0.01681 | Loss: 4.0605 | Grad: 32.0858 | P@10: 40.0%
2026-03-11 18:15:34,975 [INFO] Epoch 40/120 | Loss: 2.2444 | Grad Avg: 27.3308 | P@10: 43.6%
2026-03-11 18:15:51,431 [INFO]    -> Step 20/142 | LR: 0.01679 | Loss: 0.9528 | Grad: 10.5029 | P@10: 50.0%
2026-03-11 18:16:08,111 [INFO]    -> Step 40/142 | LR: 0.01677 | Loss: 7.3344 | Grad: 6.8170 | P@10: 30.0%
2026-03-11 18:16:24,257 [INFO]    -> Step 60/142 | LR: 0.01675 | Loss: 0.9622 | Grad: 11.8121 | P@10: 50.0%
2026-03-11 18:16:40,102 [INFO]    -> Step 80/142 | LR: 0.01673 | Loss: 1.4457 | Grad: 25.4175 | P@10: 40.0%
2026-03-11 18:16:56,223 [INFO]    -> Step 100/142 | LR: 0.01670 | Loss: 1.6683 | Grad: 27.8104 | P@10: 40.0%
2026-03-11 18:17:11,598 [INFO]    -> Step 120/142 | LR: 0.01668 | Loss: 1.8721 | Grad: 13.1235 | P@10: 20.0%
2026-03-11 18:17:27,587 [INFO]    -> Step 140/142 | LR: 0.01666 | Loss: 1.1433 | Grad: 31.1191 | P@10: 60.0%
2026-03-11 18:17:35,622 [INFO] Epoch 41/120 | Loss: 2.2218 | Grad Avg: 27.7769 | P@10: 44.5%
2026-03-11 18:17:51,707 [INFO]    -> Step 20/142 | LR: 0.01664 | Loss: 1.8787 | Grad: 17.5203 | P@10: 40.0%
2026-03-11 18:18:06,247 [INFO]    -> Step 40/142 | LR: 0.01662 | Loss: 1.1912 | Grad: 15.1104 | P@10: 50.0%
2026-03-11 18:18:19,893 [INFO]    -> Step 60/142 | LR: 0.01659 | Loss: 2.5796 | Grad: 19.3973 | P@10: 30.0%
2026-03-11 18:18:31,638 [INFO]    -> Step 80/142 | LR: 0.01657 | Loss: 1.8958 | Grad: 58.1986 | P@10: 50.0%
2026-03-11 18:18:42,916 [INFO]    -> Step 100/142 | LR: 0.01655 | Loss: 1.1352 | Grad: 58.4563 | P@10: 40.0%
2026-03-11 18:18:54,335 [INFO]    -> Step 120/142 | LR: 0.01653 | Loss: 2.0051 | Grad: 86.5285 | P@10: 40.0%
2026-03-11 18:19:06,360 [INFO]    -> Step 140/142 | LR: 0.01650 | Loss: 1.1295 | Grad: 30.6981 | P@10: 60.0%
2026-03-11 18:19:12,692 [INFO] Epoch 42/120 | Loss: 2.3132 | Grad Avg: 46.7217 | P@10: 36.3%
2026-03-11 18:19:25,291 [INFO]    -> Step 20/142 | LR: 0.01648 | Loss: 2.8553 | Grad: 49.6045 | P@10: 30.0%
2026-03-11 18:19:38,605 [INFO]    -> Step 40/142 | LR: 0.01646 | Loss: 2.6663 | Grad: 121.9112 | P@10: 20.0%
2026-03-11 18:19:52,627 [INFO]    -> Step 60/142 | LR: 0.01643 | Loss: 1.5272 | Grad: 33.5499 | P@10: 10.0%
2026-03-11 18:20:07,171 [INFO]    -> Step 80/142 | LR: 0.01641 | Loss: 1.8458 | Grad: 75.9121 | P@10: 40.0%
2026-03-11 18:20:23,178 [INFO]    -> Step 100/142 | LR: 0.01639 | Loss: 2.0054 | Grad: 45.8547 | P@10: 40.0%
2026-03-11 18:20:40,031 [INFO]    -> Step 120/142 | LR: 0.01636 | Loss: 1.2604 | Grad: 36.6973 | P@10: 60.0%
2026-03-11 18:20:56,875 [INFO]    -> Step 140/142 | LR: 0.01634 | Loss: 1.1573 | Grad: 31.3357 | P@10: 50.0%
2026-03-11 18:21:04,942 [INFO] Epoch 43/120 | Loss: 2.8159 | Grad Avg: 53.4264 | P@10: 34.9%
2026-03-11 18:21:20,066 [INFO]    -> Step 20/142 | LR: 0.01631 | Loss: 1.4951 | Grad: 28.0348 | P@10: 40.0%
2026-03-11 18:21:34,815 [INFO]    -> Step 40/142 | LR: 0.01629 | Loss: 2.0574 | Grad: 41.1259 | P@10: 30.0%
2026-03-11 18:21:48,129 [INFO]    -> Step 60/142 | LR: 0.01626 | Loss: 1.7640 | Grad: 33.3560 | P@10: 50.0%
2026-03-11 18:22:01,506 [INFO]    -> Step 80/142 | LR: 0.01624 | Loss: 4.3730 | Grad: 260.4782 | P@10: 10.0%
2026-03-11 18:22:15,495 [INFO]    -> Step 100/142 | LR: 0.01621 | Loss: 2.1530 | Grad: 41.2409 | P@10: 30.0%
2026-03-11 18:22:28,667 [INFO]    -> Step 120/142 | LR: 0.01619 | Loss: 1.4124 | Grad: 22.5890 | P@10: 60.0%
2026-03-11 18:22:42,315 [INFO]    -> Step 140/142 | LR: 0.01617 | Loss: 2.3053 | Grad: 17.8298 | P@10: 30.0%
2026-03-11 18:22:49,238 [INFO] Epoch 44/120 | Loss: 2.5616 | Grad Avg: 56.0950 | P@10: 42.8%
2026-03-11 18:23:04,356 [INFO]    -> Step 20/142 | LR: 0.01614 | Loss: 0.7025 | Grad: 23.4970 | P@10: 50.0%
2026-03-11 18:23:19,739 [INFO]    -> Step 40/142 | LR: 0.01611 | Loss: 2.3315 | Grad: 37.4144 | P@10: 20.0%
2026-03-11 18:23:36,280 [INFO]    -> Step 60/142 | LR: 0.01609 | Loss: 2.1851 | Grad: 11.6829 | P@10: 20.0%
2026-03-11 18:23:52,836 [INFO]    -> Step 80/142 | LR: 0.01606 | Loss: 1.6408 | Grad: 60.9246 | P@10: 50.0%
2026-03-11 18:24:08,744 [INFO]    -> Step 100/142 | LR: 0.01604 | Loss: 1.5163 | Grad: 37.0581 | P@10: 60.0%
2026-03-11 18:24:26,057 [INFO]    -> Step 120/142 | LR: 0.01601 | Loss: 1.5584 | Grad: 29.1108 | P@10: 30.0%
2026-03-11 18:24:41,287 [INFO]    -> Step 140/142 | LR: 0.01598 | Loss: 2.4931 | Grad: 26.9047 | P@10: 20.0%
2026-03-11 18:24:47,851 [INFO] Epoch 45/120 | Loss: 2.2816 | Grad Avg: 35.8318 | P@10: 41.5%
2026-03-11 18:25:01,645 [INFO]    -> Step 20/142 | LR: 0.01596 | Loss: 1.2505 | Grad: 5.5681 | P@10: 60.0%
2026-03-11 18:25:15,373 [INFO]    -> Step 40/142 | LR: 0.01593 | Loss: 5.7426 | Grad: 18.8901 | P@10: 20.0%
2026-03-11 18:25:28,999 [INFO]    -> Step 60/142 | LR: 0.01590 | Loss: 1.1335 | Grad: 28.4844 | P@10: 40.0%
2026-03-11 18:25:43,199 [INFO]    -> Step 80/142 | LR: 0.01588 | Loss: 1.3687 | Grad: 15.0130 | P@10: 30.0%
2026-03-11 18:25:56,725 [INFO]    -> Step 100/142 | LR: 0.01585 | Loss: 2.0572 | Grad: 12.9573 | P@10: 40.0%
2026-03-11 18:26:10,569 [INFO]    -> Step 120/142 | LR: 0.01582 | Loss: 1.0625 | Grad: 42.1845 | P@10: 40.0%
2026-03-11 18:26:25,496 [INFO]    -> Step 140/142 | LR: 0.01580 | Loss: 3.3215 | Grad: 88.4494 | P@10: 20.0%
2026-03-11 18:26:32,672 [INFO] Epoch 46/120 | Loss: 2.3237 | Grad Avg: 28.9678 | P@10: 42.4%
2026-03-11 18:26:48,527 [INFO]    -> Step 20/142 | LR: 0.01577 | Loss: 1.6173 | Grad: 16.5136 | P@10: 40.0%
2026-03-11 18:27:04,451 [INFO]    -> Step 40/142 | LR: 0.01574 | Loss: 2.0897 | Grad: 51.1514 | P@10: 40.0%
2026-03-11 18:27:21,708 [INFO]    -> Step 60/142 | LR: 0.01571 | Loss: 1.6129 | Grad: 20.0006 | P@10: 30.0%
2026-03-11 18:27:39,445 [INFO]    -> Step 80/142 | LR: 0.01568 | Loss: 1.5735 | Grad: 17.3420 | P@10: 50.0%
2026-03-11 18:27:55,760 [INFO]    -> Step 100/142 | LR: 0.01566 | Loss: 16.4507 | Grad: 79.0501 | P@10: 20.0%
2026-03-11 18:28:10,857 [INFO]    -> Step 120/142 | LR: 0.01563 | Loss: 2.6821 | Grad: 69.3619 | P@10: 30.0%
2026-03-11 18:28:26,060 [INFO]    -> Step 140/142 | LR: 0.01560 | Loss: 2.5025 | Grad: 28.3352 | P@10: 20.0%
2026-03-11 18:28:32,738 [INFO] Epoch 47/120 | Loss: 2.4695 | Grad Avg: 38.1566 | P@10: 32.6%
2026-03-11 18:28:47,632 [INFO]    -> Step 20/142 | LR: 0.01557 | Loss: 1.5454 | Grad: 14.8212 | P@10: 40.0%
2026-03-11 18:29:02,605 [INFO]    -> Step 40/142 | LR: 0.01554 | Loss: 2.3459 | Grad: 13.9822 | P@10: 30.0%
2026-03-11 18:29:18,162 [INFO]    -> Step 60/142 | LR: 0.01551 | Loss: 0.8594 | Grad: 7.5832 | P@10: 40.0%
2026-03-11 18:29:33,480 [INFO]    -> Step 80/142 | LR: 0.01549 | Loss: 1.7956 | Grad: 31.8724 | P@10: 50.0%
2026-03-11 18:29:48,786 [INFO]    -> Step 100/142 | LR: 0.01546 | Loss: 1.9161 | Grad: 40.7178 | P@10: 50.0%
2026-03-11 18:30:04,414 [INFO]    -> Step 120/142 | LR: 0.01543 | Loss: 1.4418 | Grad: 55.5344 | P@10: 20.0%
2026-03-11 18:30:20,580 [INFO]    -> Step 140/142 | LR: 0.01540 | Loss: 1.4927 | Grad: 43.2965 | P@10: 50.0%
2026-03-11 18:30:28,033 [INFO] Epoch 48/120 | Loss: 2.0604 | Grad Avg: 34.1402 | P@10: 43.2%
2026-03-11 18:30:44,198 [INFO]    -> Step 20/142 | LR: 0.01537 | Loss: 0.9746 | Grad: 39.0949 | P@10: 50.0%
2026-03-11 18:30:59,714 [INFO]    -> Step 40/142 | LR: 0.01534 | Loss: 1.8033 | Grad: 27.7538 | P@10: 10.0%
2026-03-11 18:31:13,875 [INFO]    -> Step 60/142 | LR: 0.01531 | Loss: 1.5776 | Grad: 18.2323 | P@10: 20.0%
2026-03-11 18:31:28,103 [INFO]    -> Step 80/142 | LR: 0.01528 | Loss: 2.0327 | Grad: 27.6203 | P@10: 30.0%
2026-03-11 18:31:42,346 [INFO]    -> Step 100/142 | LR: 0.01525 | Loss: 1.8494 | Grad: 28.1374 | P@10: 40.0%
2026-03-11 18:31:56,840 [INFO]    -> Step 120/142 | LR: 0.01522 | Loss: 1.4854 | Grad: 27.0019 | P@10: 50.0%
2026-03-11 18:32:11,513 [INFO]    -> Step 140/142 | LR: 0.01519 | Loss: 7.6839 | Grad: 14.3223 | P@10: 30.0%
2026-03-11 18:32:18,429 [INFO] Epoch 49/120 | Loss: 2.0781 | Grad Avg: 28.0312 | P@10: 42.0%
2026-03-11 18:32:33,983 [INFO]    -> Step 20/142 | LR: 0.01516 | Loss: 1.4997 | Grad: 10.6826 | P@10: 50.0%
2026-03-11 18:32:49,457 [INFO]    -> Step 40/142 | LR: 0.01513 | Loss: 1.4266 | Grad: 18.2454 | P@10: 40.0%
2026-03-11 18:33:05,460 [INFO]    -> Step 60/142 | LR: 0.01510 | Loss: 7.3998 | Grad: 14.8570 | P@10: 20.0%
2026-03-11 18:33:22,419 [INFO]    -> Step 80/142 | LR: 0.01507 | Loss: 1.0612 | Grad: 18.3599 | P@10: 40.0%
2026-03-11 18:33:37,380 [INFO]    -> Step 100/142 | LR: 0.01504 | Loss: 3.4839 | Grad: 20.5315 | P@10: 0.0%
2026-03-11 18:33:51,974 [INFO]    -> Step 120/142 | LR: 0.01501 | Loss: 0.8003 | Grad: 14.3542 | P@10: 60.0%
2026-03-11 18:34:06,619 [INFO]    -> Step 140/142 | LR: 0.01497 | Loss: 1.1943 | Grad: 26.2730 | P@10: 40.0%
2026-03-11 18:34:13,271 [INFO] Epoch 50/120 | Loss: 2.2459 | Grad Avg: 30.1932 | P@10: 44.2%
2026-03-11 18:34:28,087 [INFO]    -> Step 20/142 | LR: 0.01494 | Loss: 1.9911 | Grad: 43.4590 | P@10: 20.0%
2026-03-11 18:34:42,939 [INFO]    -> Step 40/142 | LR: 0.01491 | Loss: 2.0617 | Grad: 34.0573 | P@10: 30.0%
2026-03-11 18:34:59,077 [INFO]    -> Step 60/142 | LR: 0.01488 | Loss: 0.8320 | Grad: 5.3633 | P@10: 40.0%
2026-03-11 18:35:15,443 [INFO]    -> Step 80/142 | LR: 0.01485 | Loss: 1.3466 | Grad: 36.8626 | P@10: 50.0%
2026-03-11 18:35:31,449 [INFO]    -> Step 100/142 | LR: 0.01482 | Loss: 1.6729 | Grad: 56.2453 | P@10: 20.0%
2026-03-11 18:35:47,574 [INFO]    -> Step 120/142 | LR: 0.01478 | Loss: 1.3955 | Grad: 14.3214 | P@10: 40.0%
2026-03-11 18:36:03,939 [INFO]    -> Step 140/142 | LR: 0.01475 | Loss: 1.3290 | Grad: 38.7748 | P@10: 40.0%
2026-03-11 18:36:11,384 [INFO] Epoch 51/120 | Loss: 1.9192 | Grad Avg: 29.3824 | P@10: 33.8%
2026-03-11 18:36:28,035 [INFO]    -> Step 20/142 | LR: 0.01472 | Loss: 1.5827 | Grad: 18.0546 | P@10: 50.0%
2026-03-11 18:36:44,702 [INFO]    -> Step 40/142 | LR: 0.01469 | Loss: 1.8540 | Grad: 11.0099 | P@10: 30.0%
2026-03-11 18:37:00,940 [INFO]    -> Step 60/142 | LR: 0.01465 | Loss: 1.9477 | Grad: 63.4022 | P@10: 10.0%
2026-03-11 18:37:16,010 [INFO]    -> Step 80/142 | LR: 0.01462 | Loss: 1.1477 | Grad: 33.9889 | P@10: 60.0%
2026-03-11 18:37:31,342 [INFO]    -> Step 100/142 | LR: 0.01459 | Loss: 1.0835 | Grad: 10.3482 | P@10: 40.0%
2026-03-11 18:37:46,816 [INFO]    -> Step 120/142 | LR: 0.01456 | Loss: 0.9901 | Grad: 26.6693 | P@10: 30.0%
2026-03-11 18:38:02,466 [INFO]    -> Step 140/142 | LR: 0.01452 | Loss: 1.2349 | Grad: 21.8163 | P@10: 40.0%
2026-03-11 18:38:09,781 [INFO] Epoch 52/120 | Loss: 1.8982 | Grad Avg: 27.8777 | P@10: 39.1%
2026-03-11 18:38:26,373 [INFO]    -> Step 20/142 | LR: 0.01449 | Loss: 0.8597 | Grad: 21.5604 | P@10: 60.0%
2026-03-11 18:38:43,371 [INFO]    -> Step 40/142 | LR: 0.01446 | Loss: 1.6314 | Grad: 20.6270 | P@10: 40.0%
2026-03-11 18:39:00,392 [INFO]    -> Step 60/142 | LR: 0.01442 | Loss: 3.4566 | Grad: 28.7984 | P@10: 10.0%
2026-03-11 18:39:17,558 [INFO]    -> Step 80/142 | LR: 0.01439 | Loss: 3.1771 | Grad: 31.6166 | P@10: 40.0%
2026-03-11 18:39:35,674 [INFO]    -> Step 100/142 | LR: 0.01436 | Loss: 2.6537 | Grad: 56.2138 | P@10: 50.0%
2026-03-11 18:39:54,235 [INFO]    -> Step 120/142 | LR: 0.01432 | Loss: 1.2228 | Grad: 37.1928 | P@10: 50.0%
2026-03-11 18:40:10,484 [INFO]    -> Step 140/142 | LR: 0.01429 | Loss: 2.0346 | Grad: 18.4010 | P@10: 20.0%
2026-03-11 18:40:17,212 [INFO] Epoch 53/120 | Loss: 2.2125 | Grad Avg: 23.3757 | P@10: 44.4%
2026-03-11 18:40:31,688 [INFO]    -> Step 20/142 | LR: 0.01425 | Loss: 1.6030 | Grad: 14.7159 | P@10: 50.0%
2026-03-11 18:40:45,508 [INFO]    -> Step 40/142 | LR: 0.01422 | Loss: 1.1483 | Grad: 46.0506 | P@10: 60.0%
2026-03-11 18:40:58,476 [INFO]    -> Step 60/142 | LR: 0.01419 | Loss: 1.5306 | Grad: 14.2502 | P@10: 30.0%
2026-03-11 18:41:11,712 [INFO]    -> Step 80/142 | LR: 0.01415 | Loss: 1.0410 | Grad: 29.4675 | P@10: 70.0%
2026-03-11 18:41:25,450 [INFO]    -> Step 100/142 | LR: 0.01412 | Loss: 1.2432 | Grad: 26.6062 | P@10: 40.0%
2026-03-11 18:41:39,718 [INFO]    -> Step 120/142 | LR: 0.01409 | Loss: 2.1799 | Grad: 10.4202 | P@10: 30.0%
2026-03-11 18:41:54,452 [INFO]    -> Step 140/142 | LR: 0.01405 | Loss: 1.0706 | Grad: 14.1170 | P@10: 50.0%
2026-03-11 18:42:01,265 [INFO] Epoch 54/120 | Loss: 1.6151 | Grad Avg: 23.0375 | P@10: 44.5%
2026-03-11 18:42:15,515 [INFO]    -> Step 20/142 | LR: 0.01401 | Loss: 1.3795 | Grad: 16.7572 | P@10: 30.0%
2026-03-11 18:42:30,744 [INFO]    -> Step 40/142 | LR: 0.01398 | Loss: 1.5692 | Grad: 19.3613 | P@10: 30.0%
2026-03-11 18:42:46,246 [INFO]    -> Step 60/142 | LR: 0.01395 | Loss: 2.1982 | Grad: 7.8344 | P@10: 20.0%
2026-03-11 18:43:02,182 [INFO]    -> Step 80/142 | LR: 0.01391 | Loss: 1.4594 | Grad: 26.5366 | P@10: 10.0%
2026-03-11 18:43:18,583 [INFO]    -> Step 100/142 | LR: 0.01388 | Loss: 1.3303 | Grad: 11.4388 | P@10: 40.0%
2026-03-11 18:43:33,563 [INFO]    -> Step 120/142 | LR: 0.01384 | Loss: 6.2431 | Grad: 20.7625 | P@10: 30.0%
2026-03-11 18:43:47,507 [INFO]    -> Step 140/142 | LR: 0.01381 | Loss: 1.0399 | Grad: 8.9132 | P@10: 50.0%
2026-03-11 18:43:53,891 [INFO] Epoch 55/120 | Loss: 1.9519 | Grad Avg: 20.2876 | P@10: 45.3%
2026-03-11 18:44:08,303 [INFO]    -> Step 20/142 | LR: 0.01377 | Loss: 9.2387 | Grad: 18.6127 | P@10: 30.0%
2026-03-11 18:44:22,758 [INFO]    -> Step 40/142 | LR: 0.01373 | Loss: 1.3841 | Grad: 27.3524 | P@10: 40.0%
2026-03-11 18:44:38,046 [INFO]    -> Step 60/142 | LR: 0.01370 | Loss: 1.1004 | Grad: 37.1290 | P@10: 40.0%
2026-03-11 18:44:53,616 [INFO]    -> Step 80/142 | LR: 0.01366 | Loss: 1.2616 | Grad: 37.2839 | P@10: 30.0%
2026-03-11 18:45:10,040 [INFO]    -> Step 100/142 | LR: 0.01363 | Loss: 12.3648 | Grad: 59.5406 | P@10: 50.0%
2026-03-11 18:45:26,290 [INFO]    -> Step 120/142 | LR: 0.01359 | Loss: 1.7743 | Grad: 18.4041 | P@10: 20.0%
2026-03-11 18:45:43,018 [INFO]    -> Step 140/142 | LR: 0.01356 | Loss: 1.7293 | Grad: 12.5130 | P@10: 50.0%
2026-03-11 18:45:50,574 [INFO] Epoch 56/120 | Loss: 1.9649 | Grad Avg: 21.1390 | P@10: 40.1%
2026-03-11 18:46:07,627 [INFO]    -> Step 20/142 | LR: 0.01352 | Loss: 1.6789 | Grad: 20.3682 | P@10: 30.0%
2026-03-11 18:46:25,324 [INFO]    -> Step 40/142 | LR: 0.01348 | Loss: 3.6266 | Grad: 20.5319 | P@10: 10.0%
2026-03-11 18:46:41,592 [INFO]    -> Step 60/142 | LR: 0.01345 | Loss: 1.7824 | Grad: 14.8225 | P@10: 30.0%
2026-03-11 18:46:56,089 [INFO]    -> Step 80/142 | LR: 0.01341 | Loss: 1.5863 | Grad: 15.4633 | P@10: 30.0%
2026-03-11 18:47:10,810 [INFO]    -> Step 100/142 | LR: 0.01337 | Loss: 1.8344 | Grad: 18.3101 | P@10: 30.0%
2026-03-11 18:47:24,996 [INFO]    -> Step 120/142 | LR: 0.01334 | Loss: 2.7802 | Grad: 21.2926 | P@10: 20.0%
2026-03-11 18:47:39,337 [INFO]    -> Step 140/142 | LR: 0.01330 | Loss: 2.2907 | Grad: 37.5673 | P@10: 30.0%
2026-03-11 18:47:46,170 [INFO] Epoch 57/120 | Loss: 1.9923 | Grad Avg: 21.9576 | P@10: 44.0%
2026-03-11 18:48:00,523 [INFO]    -> Step 20/142 | LR: 0.01326 | Loss: 2.8645 | Grad: 45.7217 | P@10: 20.0%
2026-03-11 18:48:15,489 [INFO]    -> Step 40/142 | LR: 0.01323 | Loss: 1.7311 | Grad: 17.1818 | P@10: 30.0%
2026-03-11 18:48:30,446 [INFO]    -> Step 60/142 | LR: 0.01319 | Loss: 0.9079 | Grad: 17.1590 | P@10: 50.0%
2026-03-11 18:48:46,386 [INFO]    -> Step 80/142 | LR: 0.01315 | Loss: 1.6135 | Grad: 25.9028 | P@10: 50.0%
2026-03-11 18:49:02,165 [INFO]    -> Step 100/142 | LR: 0.01312 | Loss: 1.5307 | Grad: 11.9459 | P@10: 30.0%
2026-03-11 18:49:17,177 [INFO]    -> Step 120/142 | LR: 0.01308 | Loss: 12.5117 | Grad: 44.2052 | P@10: 50.0%
2026-03-11 18:49:32,253 [INFO]    -> Step 140/142 | LR: 0.01304 | Loss: 1.5747 | Grad: 39.6843 | P@10: 30.0%
2026-03-11 18:49:38,962 [INFO] Epoch 58/120 | Loss: 1.9174 | Grad Avg: 21.3888 | P@10: 46.1%
2026-03-11 18:49:53,521 [INFO]    -> Step 20/142 | LR: 0.01300 | Loss: 4.0522 | Grad: 115.7169 | P@10: 20.0%
2026-03-11 18:50:08,249 [INFO]    -> Step 40/142 | LR: 0.01297 | Loss: 3.0732 | Grad: 58.3094 | P@10: 30.0%
2026-03-11 18:50:22,692 [INFO]    -> Step 60/142 | LR: 0.01293 | Loss: 1.0881 | Grad: 10.8489 | P@10: 30.0%
2026-03-11 18:50:36,811 [INFO]    -> Step 80/142 | LR: 0.01289 | Loss: 2.6115 | Grad: 36.5893 | P@10: 30.0%
2026-03-11 18:50:51,019 [INFO]    -> Step 100/142 | LR: 0.01285 | Loss: 0.8872 | Grad: 21.2235 | P@10: 40.0%
2026-03-11 18:51:05,441 [INFO]    -> Step 120/142 | LR: 0.01282 | Loss: 12.6001 | Grad: 27.9069 | P@10: 50.0%
2026-03-11 18:51:20,713 [INFO]    -> Step 140/142 | LR: 0.01278 | Loss: 1.5162 | Grad: 15.0541 | P@10: 20.0%
2026-03-11 18:51:28,081 [INFO] Epoch 59/120 | Loss: 2.1323 | Grad Avg: 23.6903 | P@10: 48.2%
2026-03-11 18:51:28,089 [INFO] ⭐ Novo Recorde: 48.2%
2026-03-11 18:51:44,226 [INFO]    -> Step 20/142 | LR: 0.01274 | Loss: 1.5877 | Grad: 20.4506 | P@10: 40.0%
2026-03-11 18:52:01,491 [INFO]    -> Step 40/142 | LR: 0.01270 | Loss: 0.9519 | Grad: 18.4344 | P@10: 40.0%
2026-03-11 18:52:18,383 [INFO]    -> Step 60/142 | LR: 0.01266 | Loss: 1.0566 | Grad: 6.0430 | P@10: 30.0%
2026-03-11 18:52:33,736 [INFO]    -> Step 80/142 | LR: 0.01263 | Loss: 1.2255 | Grad: 9.4736 | P@10: 40.0%
2026-03-11 18:52:48,172 [INFO]    -> Step 100/142 | LR: 0.01259 | Loss: 4.5432 | Grad: 32.1613 | P@10: 10.0%
2026-03-11 18:53:03,189 [INFO]    -> Step 120/142 | LR: 0.01255 | Loss: 1.0368 | Grad: 25.8678 | P@10: 60.0%
2026-03-11 18:53:18,315 [INFO]    -> Step 140/142 | LR: 0.01251 | Loss: 2.5211 | Grad: 33.1806 | P@10: 20.0%
2026-03-11 18:53:25,040 [INFO] Epoch 60/120 | Loss: 1.9307 | Grad Avg: 19.4586 | P@10: 45.7%
2026-03-11 18:53:40,229 [INFO]    -> Step 20/142 | LR: 0.01247 | Loss: 1.3451 | Grad: 13.5828 | P@10: 30.0%
2026-03-11 18:53:56,070 [INFO]    -> Step 40/142 | LR: 0.01243 | Loss: 0.9057 | Grad: 8.6852 | P@10: 30.0%
2026-03-11 18:54:12,450 [INFO]    -> Step 60/142 | LR: 0.01239 | Loss: 2.3209 | Grad: 15.0360 | P@10: 40.0%
2026-03-11 18:54:29,629 [INFO]    -> Step 80/142 | LR: 0.01236 | Loss: 1.5448 | Grad: 6.6614 | P@10: 30.0%
2026-03-11 18:54:46,033 [INFO]    -> Step 100/142 | LR: 0.01232 | Loss: 0.9183 | Grad: 17.6633 | P@10: 60.0%
2026-03-11 18:55:01,952 [INFO]    -> Step 120/142 | LR: 0.01228 | Loss: 1.8648 | Grad: 9.4035 | P@10: 30.0%
2026-03-11 18:55:18,434 [INFO]    -> Step 140/142 | LR: 0.01224 | Loss: 0.9627 | Grad: 2.5801 | P@10: 40.0%
2026-03-11 18:55:25,515 [INFO] Epoch 61/120 | Loss: 1.9571 | Grad Avg: 16.4130 | P@10: 38.5%
2026-03-11 18:55:42,721 [INFO]    -> Step 20/142 | LR: 0.01220 | Loss: 1.0150 | Grad: 10.6503 | P@10: 40.0%
2026-03-11 18:56:01,050 [INFO]    -> Step 40/142 | LR: 0.01216 | Loss: 7.0359 | Grad: 13.2629 | P@10: 20.0%
2026-03-11 18:56:19,617 [INFO]    -> Step 60/142 | LR: 0.01212 | Loss: 9.2914 | Grad: 6.1187 | P@10: 50.0%
2026-03-11 18:56:39,396 [INFO]    -> Step 80/142 | LR: 0.01208 | Loss: 1.0302 | Grad: 7.9814 | P@10: 40.0%
2026-03-11 18:56:58,252 [INFO]    -> Step 100/142 | LR: 0.01204 | Loss: 2.2063 | Grad: 27.2202 | P@10: 40.0%
2026-03-11 18:57:14,811 [INFO]    -> Step 120/142 | LR: 0.01201 | Loss: 1.2101 | Grad: 17.5651 | P@10: 40.0%
2026-03-11 18:57:30,515 [INFO]    -> Step 140/142 | LR: 0.01197 | Loss: 1.5021 | Grad: 19.3868 | P@10: 40.0%
2026-03-11 18:57:37,204 [INFO] Epoch 62/120 | Loss: 1.9435 | Grad Avg: 13.9303 | P@10: 47.2%
2026-03-11 18:57:53,450 [INFO]    -> Step 20/142 | LR: 0.01192 | Loss: 1.0626 | Grad: 18.3239 | P@10: 50.0%
2026-03-11 18:58:08,811 [INFO]    -> Step 40/142 | LR: 0.01189 | Loss: 1.0068 | Grad: 10.4117 | P@10: 40.0%
2026-03-11 18:58:25,069 [INFO]    -> Step 60/142 | LR: 0.01185 | Loss: 1.2963 | Grad: 18.1459 | P@10: 50.0%
2026-03-11 18:58:41,953 [INFO]    -> Step 80/142 | LR: 0.01181 | Loss: 4.3557 | Grad: 7.1142 | P@10: 50.0%
2026-03-11 18:58:59,479 [INFO]    -> Step 100/142 | LR: 0.01177 | Loss: 0.9232 | Grad: 12.0714 | P@10: 60.0%
2026-03-11 18:59:17,716 [INFO]    -> Step 120/142 | LR: 0.01173 | Loss: 1.6150 | Grad: 20.5854 | P@10: 60.0%
2026-03-11 18:59:37,414 [INFO]    -> Step 140/142 | LR: 0.01169 | Loss: 1.3218 | Grad: 13.3242 | P@10: 60.0%
2026-03-11 18:59:45,658 [INFO] Epoch 63/120 | Loss: 1.8610 | Grad Avg: 13.4267 | P@10: 43.4%
2026-03-11 19:00:05,512 [INFO]    -> Step 20/142 | LR: 0.01165 | Loss: 1.0686 | Grad: 54.5014 | P@10: 50.0%
2026-03-11 19:00:24,339 [INFO]    -> Step 40/142 | LR: 0.01161 | Loss: 1.4705 | Grad: 8.6466 | P@10: 60.0%
2026-03-11 19:00:41,825 [INFO]    -> Step 60/142 | LR: 0.01157 | Loss: 0.7250 | Grad: 40.3038 | P@10: 70.0%
2026-03-11 19:00:58,436 [INFO]    -> Step 80/142 | LR: 0.01153 | Loss: 1.3153 | Grad: 5.7283 | P@10: 50.0%
2026-03-11 19:01:15,093 [INFO]    -> Step 100/142 | LR: 0.01149 | Loss: 1.0314 | Grad: 17.2580 | P@10: 30.0%
2026-03-11 19:01:31,616 [INFO]    -> Step 120/142 | LR: 0.01145 | Loss: 0.6829 | Grad: 6.4283 | P@10: 80.0%
2026-03-11 19:01:47,940 [INFO]    -> Step 140/142 | LR: 0.01141 | Loss: 1.5886 | Grad: 14.2191 | P@10: 30.0%
2026-03-11 19:01:55,159 [INFO] Epoch 64/120 | Loss: 1.7656 | Grad Avg: 19.4506 | P@10: 46.0%
2026-03-11 19:02:11,971 [INFO]    -> Step 20/142 | LR: 0.01137 | Loss: 6.4826 | Grad: 12.9342 | P@10: 30.0%
2026-03-11 19:02:29,317 [INFO]    -> Step 40/142 | LR: 0.01133 | Loss: 1.5334 | Grad: 24.5432 | P@10: 40.0%
2026-03-11 19:02:47,084 [INFO]    -> Step 60/142 | LR: 0.01129 | Loss: 5.1931 | Grad: 10.4938 | P@10: 60.0%
2026-03-11 19:03:05,156 [INFO]    -> Step 80/142 | LR: 0.01125 | Loss: 1.1814 | Grad: 14.9431 | P@10: 40.0%
2026-03-11 19:03:24,258 [INFO]    -> Step 100/142 | LR: 0.01121 | Loss: 0.9836 | Grad: 7.3578 | P@10: 50.0%
2026-03-11 19:03:41,297 [INFO]    -> Step 120/142 | LR: 0.01117 | Loss: 0.7937 | Grad: 6.9659 | P@10: 60.0%
2026-03-11 19:03:57,190 [INFO]    -> Step 140/142 | LR: 0.01113 | Loss: 5.3803 | Grad: 11.2125 | P@10: 50.0%
2026-03-11 19:04:03,952 [INFO] Epoch 65/120 | Loss: 2.1519 | Grad Avg: 17.6664 | P@10: 45.0%
2026-03-11 19:04:18,931 [INFO]    -> Step 20/142 | LR: 0.01108 | Loss: 1.1323 | Grad: 52.0022 | P@10: 30.0%
2026-03-11 19:04:34,850 [INFO]    -> Step 40/142 | LR: 0.01104 | Loss: 5.7460 | Grad: 6.9254 | P@10: 40.0%
2026-03-11 19:04:51,628 [INFO]    -> Step 60/142 | LR: 0.01100 | Loss: 1.7414 | Grad: 10.5323 | P@10: 50.0%
2026-03-11 19:05:08,174 [INFO]    -> Step 80/142 | LR: 0.01096 | Loss: 1.3130 | Grad: 9.7393 | P@10: 40.0%
2026-03-11 19:05:24,880 [INFO]    -> Step 100/142 | LR: 0.01092 | Loss: 1.4418 | Grad: 23.9254 | P@10: 40.0%
2026-03-11 19:05:42,013 [INFO]    -> Step 120/142 | LR: 0.01088 | Loss: 2.0828 | Grad: 28.8879 | P@10: 10.0%
2026-03-11 19:05:59,584 [INFO]    -> Step 140/142 | LR: 0.01084 | Loss: 2.3828 | Grad: 22.8418 | P@10: 10.0%
2026-03-11 19:06:07,673 [INFO] Epoch 66/120 | Loss: 1.7626 | Grad Avg: 18.2417 | P@10: 41.2%
2026-03-11 19:06:26,150 [INFO]    -> Step 20/142 | LR: 0.01080 | Loss: 1.5754 | Grad: 19.1472 | P@10: 20.0%
2026-03-11 19:06:44,616 [INFO]    -> Step 40/142 | LR: 0.01076 | Loss: 1.3261 | Grad: 28.2516 | P@10: 30.0%
2026-03-11 19:07:01,594 [INFO]    -> Step 60/142 | LR: 0.01072 | Loss: 0.8969 | Grad: 16.8684 | P@10: 50.0%
2026-03-11 19:07:17,807 [INFO]    -> Step 80/142 | LR: 0.01067 | Loss: 1.4336 | Grad: 17.7316 | P@10: 60.0%
2026-03-11 19:07:34,389 [INFO]    -> Step 100/142 | LR: 0.01063 | Loss: 0.6365 | Grad: 18.9966 | P@10: 80.0%
2026-03-11 19:07:50,916 [INFO]    -> Step 120/142 | LR: 0.01059 | Loss: 1.2237 | Grad: 7.8482 | P@10: 30.0%
2026-03-11 19:08:07,817 [INFO]    -> Step 140/142 | LR: 0.01055 | Loss: 1.6245 | Grad: 22.6188 | P@10: 30.0%
2026-03-11 19:08:15,402 [INFO] Epoch 67/120 | Loss: 2.0890 | Grad Avg: 19.2294 | P@10: 45.8%
2026-03-11 19:08:33,232 [INFO]    -> Step 20/142 | LR: 0.01051 | Loss: 1.5201 | Grad: 43.6195 | P@10: 50.0%
2026-03-11 19:08:51,575 [INFO]    -> Step 40/142 | LR: 0.01047 | Loss: 1.0415 | Grad: 5.2550 | P@10: 40.0%
2026-03-11 19:09:10,544 [INFO]    -> Step 60/142 | LR: 0.01043 | Loss: 1.0746 | Grad: 28.2760 | P@10: 60.0%
2026-03-11 19:09:29,818 [INFO]    -> Step 80/142 | LR: 0.01039 | Loss: 1.3993 | Grad: 9.8192 | P@10: 40.0%
2026-03-11 19:09:49,444 [INFO]    -> Step 100/142 | LR: 0.01035 | Loss: 2.0550 | Grad: 4.8243 | P@10: 30.0%
2026-03-11 19:10:08,648 [INFO]    -> Step 120/142 | LR: 0.01031 | Loss: 1.0861 | Grad: 22.0860 | P@10: 40.0%
2026-03-11 19:10:26,163 [INFO]    -> Step 140/142 | LR: 0.01026 | Loss: 1.0730 | Grad: 7.0761 | P@10: 50.0%
2026-03-11 19:10:33,540 [INFO] Epoch 68/120 | Loss: 1.6950 | Grad Avg: 17.3956 | P@10: 47.0%
2026-03-11 19:10:50,595 [INFO]    -> Step 20/142 | LR: 0.01022 | Loss: 2.0777 | Grad: 14.2151 | P@10: 40.0%
2026-03-11 19:11:07,795 [INFO]    -> Step 40/142 | LR: 0.01018 | Loss: 0.9588 | Grad: 37.5884 | P@10: 30.0%
2026-03-11 19:11:25,463 [INFO]    -> Step 60/142 | LR: 0.01014 | Loss: 1.8613 | Grad: 12.2716 | P@10: 30.0%
2026-03-11 19:11:43,579 [INFO]    -> Step 80/142 | LR: 0.01010 | Loss: 1.1993 | Grad: 10.3527 | P@10: 40.0%
2026-03-11 19:12:02,162 [INFO]    -> Step 100/142 | LR: 0.01006 | Loss: 0.9352 | Grad: 2.9774 | P@10: 30.0%
2026-03-11 19:12:21,171 [INFO]    -> Step 120/142 | LR: 0.01002 | Loss: 1.1234 | Grad: 11.7263 | P@10: 30.0%
2026-03-11 19:12:40,459 [INFO]    -> Step 140/142 | LR: 0.00997 | Loss: 1.0772 | Grad: 8.2051 | P@10: 40.0%
2026-03-11 19:12:49,134 [INFO] Epoch 69/120 | Loss: 1.6567 | Grad Avg: 15.2476 | P@10: 46.2%
2026-03-11 19:13:09,190 [INFO]    -> Step 20/142 | LR: 0.00993 | Loss: 0.9796 | Grad: 24.6944 | P@10: 60.0%
2026-03-11 19:13:28,709 [INFO]    -> Step 40/142 | LR: 0.00989 | Loss: 1.4712 | Grad: 16.6668 | P@10: 40.0%
2026-03-11 19:13:47,114 [INFO]    -> Step 60/142 | LR: 0.00985 | Loss: 2.3140 | Grad: 13.1274 | P@10: 30.0%
2026-03-11 19:14:05,115 [INFO]    -> Step 80/142 | LR: 0.00981 | Loss: 1.0241 | Grad: 5.2082 | P@10: 60.0%
2026-03-11 19:14:22,767 [INFO]    -> Step 100/142 | LR: 0.00977 | Loss: 1.0475 | Grad: 11.7933 | P@10: 40.0%
2026-03-11 19:14:40,885 [INFO]    -> Step 120/142 | LR: 0.00972 | Loss: 1.2613 | Grad: 14.2641 | P@10: 50.0%
2026-03-11 19:14:58,542 [INFO]    -> Step 140/142 | LR: 0.00968 | Loss: 1.2244 | Grad: 17.6345 | P@10: 30.0%
2026-03-11 19:15:06,476 [INFO] Epoch 70/120 | Loss: 1.9977 | Grad Avg: 15.8920 | P@10: 40.1%
2026-03-11 19:15:24,274 [INFO]    -> Step 20/142 | LR: 0.00964 | Loss: 1.1501 | Grad: 5.0956 | P@10: 40.0%
2026-03-11 19:15:42,535 [INFO]    -> Step 40/142 | LR: 0.00960 | Loss: 1.4771 | Grad: 17.1872 | P@10: 40.0%
2026-03-11 19:16:00,842 [INFO]    -> Step 60/142 | LR: 0.00956 | Loss: 0.8076 | Grad: 13.5286 | P@10: 50.0%
2026-03-11 19:16:19,986 [INFO]    -> Step 80/142 | LR: 0.00951 | Loss: 2.5147 | Grad: 55.1001 | P@10: 30.0%
2026-03-11 19:16:38,658 [INFO]    -> Step 100/142 | LR: 0.00947 | Loss: 1.5083 | Grad: 26.9721 | P@10: 50.0%
2026-03-11 19:16:55,315 [INFO]    -> Step 120/142 | LR: 0.00943 | Loss: 0.9635 | Grad: 11.1175 | P@10: 50.0%
2026-03-11 19:17:10,852 [INFO]    -> Step 140/142 | LR: 0.00939 | Loss: 1.1835 | Grad: 50.1652 | P@10: 70.0%
2026-03-11 19:17:17,719 [INFO] Epoch 71/120 | Loss: 1.8829 | Grad Avg: 16.5068 | P@10: 42.5%
2026-03-11 19:17:33,021 [INFO]    -> Step 20/142 | LR: 0.00935 | Loss: 1.4968 | Grad: 25.4996 | P@10: 30.0%
2026-03-11 19:17:48,302 [INFO]    -> Step 40/142 | LR: 0.00930 | Loss: 10.1176 | Grad: 55.8337 | P@10: 60.0%
2026-03-11 19:18:03,839 [INFO]    -> Step 60/142 | LR: 0.00926 | Loss: 0.8980 | Grad: 8.5800 | P@10: 50.0%
2026-03-11 19:18:19,942 [INFO]    -> Step 80/142 | LR: 0.00922 | Loss: 0.8249 | Grad: 9.2727 | P@10: 70.0%
2026-03-11 19:18:36,737 [INFO]    -> Step 100/142 | LR: 0.00918 | Loss: 0.9593 | Grad: 6.0626 | P@10: 40.0%
2026-03-11 19:18:53,621 [INFO]    -> Step 120/142 | LR: 0.00914 | Loss: 1.0270 | Grad: 14.5532 | P@10: 40.0%
2026-03-11 19:19:11,052 [INFO]    -> Step 140/142 | LR: 0.00910 | Loss: 3.1456 | Grad: 6.1168 | P@10: 20.0%
2026-03-11 19:19:19,068 [INFO] Epoch 72/120 | Loss: 1.8290 | Grad Avg: 17.6876 | P@10: 45.5%
2026-03-11 19:19:37,603 [INFO]    -> Step 20/142 | LR: 0.00905 | Loss: 2.0560 | Grad: 42.8336 | P@10: 30.0%
2026-03-11 19:19:56,334 [INFO]    -> Step 40/142 | LR: 0.00901 | Loss: 1.2513 | Grad: 14.6545 | P@10: 40.0%
2026-03-11 19:20:14,961 [INFO]    -> Step 60/142 | LR: 0.00897 | Loss: 1.4864 | Grad: 26.3453 | P@10: 60.0%
2026-03-11 19:20:32,264 [INFO]    -> Step 80/142 | LR: 0.00893 | Loss: 1.2458 | Grad: 22.9830 | P@10: 20.0%
2026-03-11 19:20:49,446 [INFO]    -> Step 100/142 | LR: 0.00889 | Loss: 1.7187 | Grad: 14.4595 | P@10: 20.0%
2026-03-11 19:21:06,964 [INFO]    -> Step 120/142 | LR: 0.00885 | Loss: 8.3206 | Grad: 12.7521 | P@10: 30.0%
2026-03-11 19:21:24,852 [INFO]    -> Step 140/142 | LR: 0.00881 | Loss: 1.4663 | Grad: 3.4904 | P@10: 60.0%
2026-03-11 19:21:32,504 [INFO] Epoch 73/120 | Loss: 1.9080 | Grad Avg: 13.1337 | P@10: 44.6%
2026-03-11 19:21:50,654 [INFO]    -> Step 20/142 | LR: 0.00876 | Loss: 0.9159 | Grad: 7.2260 | P@10: 60.0%
2026-03-11 19:22:09,308 [INFO]    -> Step 40/142 | LR: 0.00872 | Loss: 2.4495 | Grad: 13.1979 | P@10: 50.0%
2026-03-11 19:22:28,437 [INFO]    -> Step 60/142 | LR: 0.00868 | Loss: 0.8988 | Grad: 2.8662 | P@10: 20.0%
2026-03-11 19:22:46,942 [INFO]    -> Step 80/142 | LR: 0.00864 | Loss: 1.0486 | Grad: 10.8613 | P@10: 40.0%
2026-03-11 19:23:06,567 [INFO]    -> Step 100/142 | LR: 0.00860 | Loss: 1.4654 | Grad: 10.6587 | P@10: 30.0%
2026-03-11 19:23:25,805 [INFO]    -> Step 120/142 | LR: 0.00856 | Loss: 1.2939 | Grad: 5.2050 | P@10: 20.0%
2026-03-11 19:23:43,359 [INFO]    -> Step 140/142 | LR: 0.00851 | Loss: 1.5467 | Grad: 8.7151 | P@10: 40.0%
2026-03-11 19:23:50,480 [INFO] Epoch 74/120 | Loss: 1.6256 | Grad Avg: 12.3682 | P@10: 47.6%
2026-03-11 19:24:07,268 [INFO]    -> Step 20/142 | LR: 0.00847 | Loss: 1.0106 | Grad: 5.1863 | P@10: 40.0%
2026-03-11 19:24:24,367 [INFO]    -> Step 40/142 | LR: 0.00843 | Loss: 0.9580 | Grad: 7.9005 | P@10: 50.0%
2026-03-11 19:24:41,593 [INFO]    -> Step 60/142 | LR: 0.00839 | Loss: 1.4963 | Grad: 9.9224 | P@10: 40.0%
2026-03-11 19:24:59,371 [INFO]    -> Step 80/142 | LR: 0.00835 | Loss: 1.4439 | Grad: 18.3576 | P@10: 30.0%
2026-03-11 19:25:17,940 [INFO]    -> Step 100/142 | LR: 0.00830 | Loss: 1.0759 | Grad: 13.2800 | P@10: 50.0%
2026-03-11 19:25:36,972 [INFO]    -> Step 120/142 | LR: 0.00826 | Loss: 1.2817 | Grad: 8.2190 | P@10: 40.0%
2026-03-11 19:25:55,931 [INFO]    -> Step 140/142 | LR: 0.00822 | Loss: 0.7852 | Grad: 7.4294 | P@10: 60.0%
2026-03-11 19:26:04,392 [INFO] Epoch 75/120 | Loss: 1.6417 | Grad Avg: 10.3094 | P@10: 46.8%
2026-03-11 19:26:23,845 [INFO]    -> Step 20/142 | LR: 0.00818 | Loss: 1.1755 | Grad: 23.0350 | P@10: 20.0%
2026-03-11 19:26:41,993 [INFO]    -> Step 40/142 | LR: 0.00814 | Loss: 0.8931 | Grad: 8.2013 | P@10: 50.0%
2026-03-11 19:26:59,568 [INFO]    -> Step 60/142 | LR: 0.00810 | Loss: 1.0856 | Grad: 46.3362 | P@10: 40.0%
2026-03-11 19:27:17,240 [INFO]    -> Step 80/142 | LR: 0.00805 | Loss: 1.3196 | Grad: 16.3458 | P@10: 30.0%
2026-03-11 19:27:35,856 [INFO]    -> Step 100/142 | LR: 0.00801 | Loss: 8.7097 | Grad: 18.0584 | P@10: 70.0%
2026-03-11 19:27:55,178 [INFO]    -> Step 120/142 | LR: 0.00797 | Loss: 2.2594 | Grad: 15.2982 | P@10: 40.0%
2026-03-11 19:28:14,925 [INFO]    -> Step 140/142 | LR: 0.00793 | Loss: 6.0431 | Grad: 8.1052 | P@10: 50.0%
2026-03-11 19:28:23,585 [INFO] Epoch 76/120 | Loss: 1.9439 | Grad Avg: 12.3720 | P@10: 46.0%
2026-03-11 19:28:44,529 [INFO]    -> Step 20/142 | LR: 0.00789 | Loss: 1.3951 | Grad: 3.6772 | P@10: 30.0%
2026-03-11 19:29:03,590 [INFO]    -> Step 40/142 | LR: 0.00785 | Loss: 0.9649 | Grad: 4.1470 | P@10: 60.0%
2026-03-11 19:29:21,416 [INFO]    -> Step 60/142 | LR: 0.00780 | Loss: 1.1196 | Grad: 4.4140 | P@10: 30.0%
2026-03-11 19:29:38,682 [INFO]    -> Step 80/142 | LR: 0.00776 | Loss: 0.9651 | Grad: 4.6134 | P@10: 70.0%
2026-03-11 19:29:55,607 [INFO]    -> Step 100/142 | LR: 0.00772 | Loss: 1.3565 | Grad: 12.5659 | P@10: 30.0%
2026-03-11 19:30:13,111 [INFO]    -> Step 120/142 | LR: 0.00768 | Loss: 1.6366 | Grad: 4.0704 | P@10: 50.0%
2026-03-11 19:30:30,371 [INFO]    -> Step 140/142 | LR: 0.00764 | Loss: 2.3548 | Grad: 18.9354 | P@10: 20.0%
2026-03-11 19:30:37,929 [INFO] Epoch 77/120 | Loss: 1.7632 | Grad Avg: 10.0436 | P@10: 46.2%
2026-03-11 19:30:56,167 [INFO]    -> Step 20/142 | LR: 0.00760 | Loss: 3.4797 | Grad: 9.3712 | P@10: 50.0%
2026-03-11 19:31:14,411 [INFO]    -> Step 40/142 | LR: 0.00756 | Loss: 0.9975 | Grad: 22.8697 | P@10: 60.0%
2026-03-11 19:31:33,439 [INFO]    -> Step 60/142 | LR: 0.00752 | Loss: 0.9458 | Grad: 3.9106 | P@10: 30.0%
2026-03-11 19:31:52,651 [INFO]    -> Step 80/142 | LR: 0.00748 | Loss: 1.1173 | Grad: 20.3249 | P@10: 70.0%
2026-03-11 19:32:10,930 [INFO]    -> Step 100/142 | LR: 0.00743 | Loss: 1.0946 | Grad: 7.7949 | P@10: 40.0%
2026-03-11 19:32:27,882 [INFO]    -> Step 120/142 | LR: 0.00739 | Loss: 2.6096 | Grad: 30.1007 | P@10: 30.0%
2026-03-11 19:32:44,398 [INFO]    -> Step 140/142 | LR: 0.00735 | Loss: 2.0894 | Grad: 8.4197 | P@10: 20.0%
2026-03-11 19:32:51,593 [INFO] Epoch 78/120 | Loss: 1.7146 | Grad Avg: 11.0613 | P@10: 48.4%
2026-03-11 19:32:51,601 [INFO] ⭐ Novo Recorde: 48.4%
2026-03-11 19:33:08,582 [INFO]    -> Step 20/142 | LR: 0.00731 | Loss: 0.8549 | Grad: 7.3485 | P@10: 20.0%
2026-03-11 19:33:26,274 [INFO]    -> Step 40/142 | LR: 0.00727 | Loss: 0.7299 | Grad: 6.1269 | P@10: 60.0%
2026-03-11 19:33:43,837 [INFO]    -> Step 60/142 | LR: 0.00723 | Loss: 2.7724 | Grad: 8.6826 | P@10: 10.0%
2026-03-11 19:34:02,038 [INFO]    -> Step 80/142 | LR: 0.00719 | Loss: 1.7153 | Grad: 17.1631 | P@10: 60.0%
2026-03-11 19:34:20,674 [INFO]    -> Step 100/142 | LR: 0.00715 | Loss: 0.8984 | Grad: 4.0006 | P@10: 30.0%
2026-03-11 19:34:40,158 [INFO]    -> Step 120/142 | LR: 0.00711 | Loss: 1.8575 | Grad: 3.8067 | P@10: 20.0%
2026-03-11 19:35:00,218 [INFO]    -> Step 140/142 | LR: 0.00707 | Loss: 9.4759 | Grad: 9.2912 | P@10: 50.0%
2026-03-11 19:35:08,975 [INFO] Epoch 79/120 | Loss: 1.6988 | Grad Avg: 7.8226 | P@10: 47.6%
2026-03-11 19:35:28,833 [INFO]    -> Step 20/142 | LR: 0.00702 | Loss: 0.7356 | Grad: 5.1544 | P@10: 70.0%
2026-03-11 19:35:47,175 [INFO]    -> Step 40/142 | LR: 0.00698 | Loss: 9.7119 | Grad: 5.2582 | P@10: 40.0%
2026-03-11 19:36:05,348 [INFO]    -> Step 60/142 | LR: 0.00694 | Loss: 1.2425 | Grad: 9.2383 | P@10: 30.0%
2026-03-11 19:36:23,365 [INFO]    -> Step 80/142 | LR: 0.00690 | Loss: 1.0028 | Grad: 2.8949 | P@10: 30.0%
2026-03-11 19:36:40,951 [INFO]    -> Step 100/142 | LR: 0.00686 | Loss: 0.7833 | Grad: 7.2665 | P@10: 50.0%
2026-03-11 19:36:58,880 [INFO]    -> Step 120/142 | LR: 0.00682 | Loss: 0.8330 | Grad: 14.4465 | P@10: 60.0%
2026-03-11 19:37:17,460 [INFO]    -> Step 140/142 | LR: 0.00678 | Loss: 2.2155 | Grad: 6.6676 | P@10: 30.0%
2026-03-11 19:37:25,561 [INFO] Epoch 80/120 | Loss: 1.7454 | Grad Avg: 8.0890 | P@10: 46.4%
2026-03-11 19:37:44,878 [INFO]    -> Step 20/142 | LR: 0.00674 | Loss: 3.1146 | Grad: 15.1018 | P@10: 30.0%
2026-03-11 19:38:04,409 [INFO]    -> Step 40/142 | LR: 0.00670 | Loss: 0.9032 | Grad: 15.0417 | P@10: 50.0%
2026-03-11 19:38:24,365 [INFO]    -> Step 60/142 | LR: 0.00666 | Loss: 0.8183 | Grad: 4.7289 | P@10: 50.0%
2026-03-11 19:38:43,722 [INFO]    -> Step 80/142 | LR: 0.00662 | Loss: 1.0569 | Grad: 18.1983 | P@10: 60.0%
2026-03-11 19:39:01,895 [INFO]    -> Step 100/142 | LR: 0.00658 | Loss: 1.0997 | Grad: 4.1068 | P@10: 50.0%
2026-03-11 19:39:19,277 [INFO]    -> Step 120/142 | LR: 0.00654 | Loss: 1.1691 | Grad: 15.7560 | P@10: 30.0%
2026-03-11 19:39:36,916 [INFO]    -> Step 140/142 | LR: 0.00650 | Loss: 1.2595 | Grad: 10.7354 | P@10: 40.0%
2026-03-11 19:39:44,665 [INFO] Epoch 81/120 | Loss: 1.4936 | Grad Avg: 10.0103 | P@10: 47.4%
2026-03-11 19:40:02,675 [INFO]    -> Step 20/142 | LR: 0.00646 | Loss: 1.8479 | Grad: 3.1711 | P@10: 40.0%
2026-03-11 19:40:20,787 [INFO]    -> Step 40/142 | LR: 0.00642 | Loss: 0.8243 | Grad: 9.1563 | P@10: 40.0%
2026-03-11 19:40:38,628 [INFO]    -> Step 60/142 | LR: 0.00638 | Loss: 1.3564 | Grad: 5.1080 | P@10: 30.0%
2026-03-11 19:40:56,779 [INFO]    -> Step 80/142 | LR: 0.00634 | Loss: 1.1269 | Grad: 12.8867 | P@10: 30.0%
2026-03-11 19:41:15,833 [INFO]    -> Step 100/142 | LR: 0.00630 | Loss: 1.0649 | Grad: 13.1300 | P@10: 30.0%
2026-03-11 19:41:36,185 [INFO]    -> Step 120/142 | LR: 0.00626 | Loss: 1.3815 | Grad: 4.9153 | P@10: 40.0%
2026-03-11 19:41:56,917 [INFO]    -> Step 140/142 | LR: 0.00622 | Loss: 1.9739 | Grad: 8.6742 | P@10: 70.0%
2026-03-11 19:42:04,984 [INFO] Epoch 82/120 | Loss: 1.6305 | Grad Avg: 10.4034 | P@10: 46.4%
2026-03-11 19:42:23,669 [INFO]    -> Step 20/142 | LR: 0.00618 | Loss: 1.6530 | Grad: 10.6284 | P@10: 30.0%
2026-03-11 19:42:42,648 [INFO]    -> Step 40/142 | LR: 0.00614 | Loss: 1.0404 | Grad: 6.3020 | P@10: 20.0%
2026-03-11 19:43:01,343 [INFO]    -> Step 60/142 | LR: 0.00610 | Loss: 0.9594 | Grad: 4.6292 | P@10: 50.0%
2026-03-11 19:43:19,861 [INFO]    -> Step 80/142 | LR: 0.00606 | Loss: 1.5742 | Grad: 3.2356 | P@10: 40.0%
2026-03-11 19:43:39,669 [INFO]    -> Step 100/142 | LR: 0.00602 | Loss: 0.7927 | Grad: 6.1327 | P@10: 60.0%
2026-03-11 19:44:00,228 [INFO]    -> Step 120/142 | LR: 0.00598 | Loss: 6.3098 | Grad: 19.3977 | P@10: 40.0%
2026-03-11 19:44:19,987 [INFO]    -> Step 140/142 | LR: 0.00594 | Loss: 2.0883 | Grad: 20.0274 | P@10: 40.0%
2026-03-11 19:44:27,715 [INFO] Epoch 83/120 | Loss: 1.5312 | Grad Avg: 10.4225 | P@10: 44.1%
2026-03-11 19:44:45,485 [INFO]    -> Step 20/142 | LR: 0.00590 | Loss: 8.0801 | Grad: 13.3723 | P@10: 50.0%
2026-03-11 19:45:02,858 [INFO]    -> Step 40/142 | LR: 0.00586 | Loss: 0.8998 | Grad: 18.0492 | P@10: 50.0%
2026-03-11 19:45:20,599 [INFO]    -> Step 60/142 | LR: 0.00582 | Loss: 1.3632 | Grad: 6.2307 | P@10: 40.0%
2026-03-11 19:45:38,972 [INFO]    -> Step 80/142 | LR: 0.00579 | Loss: 0.9014 | Grad: 20.8645 | P@10: 30.0%
2026-03-11 19:45:57,700 [INFO]    -> Step 100/142 | LR: 0.00575 | Loss: 1.0054 | Grad: 4.9128 | P@10: 50.0%
2026-03-11 19:46:16,903 [INFO]    -> Step 120/142 | LR: 0.00571 | Loss: 0.9064 | Grad: 1.7055 | P@10: 50.0%
2026-03-11 19:46:36,317 [INFO]    -> Step 140/142 | LR: 0.00567 | Loss: 0.6895 | Grad: 19.5689 | P@10: 50.0%
2026-03-11 19:46:44,704 [INFO] Epoch 84/120 | Loss: 1.5774 | Grad Avg: 9.1323 | P@10: 47.7%
2026-03-11 19:47:04,547 [INFO]    -> Step 20/142 | LR: 0.00563 | Loss: 1.5682 | Grad: 5.7333 | P@10: 50.0%
2026-03-11 19:47:24,924 [INFO]    -> Step 40/142 | LR: 0.00559 | Loss: 1.5209 | Grad: 10.5494 | P@10: 10.0%
2026-03-11 19:47:45,139 [INFO]    -> Step 60/142 | LR: 0.00555 | Loss: 1.2754 | Grad: 7.6829 | P@10: 40.0%
2026-03-11 19:48:03,683 [INFO]    -> Step 80/142 | LR: 0.00551 | Loss: 0.8588 | Grad: 2.1494 | P@10: 40.0%
2026-03-11 19:48:21,601 [INFO]    -> Step 100/142 | LR: 0.00548 | Loss: 1.0400 | Grad: 1.9122 | P@10: 60.0%
2026-03-11 19:48:39,758 [INFO]    -> Step 120/142 | LR: 0.00544 | Loss: 4.2536 | Grad: 4.4527 | P@10: 40.0%
2026-03-11 19:48:57,874 [INFO]    -> Step 140/142 | LR: 0.00540 | Loss: 3.6711 | Grad: 8.3298 | P@10: 60.0%
2026-03-11 19:49:05,785 [INFO] Epoch 85/120 | Loss: 1.5934 | Grad Avg: 7.4393 | P@10: 46.8%
2026-03-11 19:49:24,583 [INFO]    -> Step 20/142 | LR: 0.00536 | Loss: 1.4088 | Grad: 17.9555 | P@10: 40.0%
2026-03-11 19:49:43,516 [INFO]    -> Step 40/142 | LR: 0.00532 | Loss: 0.7711 | Grad: 15.3033 | P@10: 50.0%
2026-03-11 19:50:02,340 [INFO]    -> Step 60/142 | LR: 0.00528 | Loss: 1.2108 | Grad: 9.8856 | P@10: 50.0%
2026-03-11 19:50:22,130 [INFO]    -> Step 80/142 | LR: 0.00525 | Loss: 2.0228 | Grad: 6.3788 | P@10: 30.0%
2026-03-11 19:50:42,922 [INFO]    -> Step 100/142 | LR: 0.00521 | Loss: 1.4589 | Grad: 3.8464 | P@10: 20.0%
2026-03-11 19:51:02,902 [INFO]    -> Step 120/142 | LR: 0.00517 | Loss: 2.2043 | Grad: 4.9826 | P@10: 30.0%
2026-03-11 19:51:20,615 [INFO]    -> Step 140/142 | LR: 0.00513 | Loss: 1.5269 | Grad: 2.9863 | P@10: 50.0%
2026-03-11 19:51:28,054 [INFO] Epoch 86/120 | Loss: 1.5224 | Grad Avg: 8.0312 | P@10: 45.6%
2026-03-11 19:51:46,174 [INFO]    -> Step 20/142 | LR: 0.00509 | Loss: 0.9165 | Grad: 2.1316 | P@10: 60.0%
2026-03-11 19:52:04,172 [INFO]    -> Step 40/142 | LR: 0.00506 | Loss: 0.9733 | Grad: 9.9556 | P@10: 30.0%
2026-03-11 19:52:22,074 [INFO]    -> Step 60/142 | LR: 0.00502 | Loss: 0.8767 | Grad: 15.3834 | P@10: 60.0%
2026-03-11 19:52:40,433 [INFO]    -> Step 80/142 | LR: 0.00498 | Loss: 1.2077 | Grad: 6.5718 | P@10: 30.0%
2026-03-11 19:52:58,923 [INFO]    -> Step 100/142 | LR: 0.00495 | Loss: 0.8178 | Grad: 6.3108 | P@10: 40.0%
2026-03-11 19:53:17,510 [INFO]    -> Step 120/142 | LR: 0.00491 | Loss: 7.2098 | Grad: 7.7011 | P@10: 50.0%
2026-03-11 19:53:36,814 [INFO]    -> Step 140/142 | LR: 0.00487 | Loss: 0.9657 | Grad: 4.2543 | P@10: 60.0%
2026-03-11 19:53:45,192 [INFO] Epoch 87/120 | Loss: 1.5480 | Grad Avg: 8.1243 | P@10: 47.7%
2026-03-11 19:54:05,038 [INFO]    -> Step 20/142 | LR: 0.00483 | Loss: 1.2316 | Grad: 5.5508 | P@10: 50.0%
2026-03-11 19:54:23,579 [INFO]    -> Step 40/142 | LR: 0.00480 | Loss: 0.6650 | Grad: 5.2924 | P@10: 70.0%
2026-03-11 19:54:40,690 [INFO]    -> Step 60/142 | LR: 0.00476 | Loss: 1.0083 | Grad: 12.2215 | P@10: 40.0%
2026-03-11 19:54:58,321 [INFO]    -> Step 80/142 | LR: 0.00472 | Loss: 2.0822 | Grad: 8.0499 | P@10: 40.0%
2026-03-11 19:55:16,844 [INFO]    -> Step 100/142 | LR: 0.00469 | Loss: 1.4657 | Grad: 3.1146 | P@10: 30.0%
2026-03-11 19:55:35,318 [INFO]    -> Step 120/142 | LR: 0.00465 | Loss: 0.9605 | Grad: 7.5133 | P@10: 40.0%
2026-03-11 19:55:54,401 [INFO]    -> Step 140/142 | LR: 0.00461 | Loss: 0.8897 | Grad: 4.0205 | P@10: 40.0%
2026-03-11 19:56:02,449 [INFO] Epoch 88/120 | Loss: 1.4208 | Grad Avg: 6.9207 | P@10: 45.1%
2026-03-11 19:56:22,504 [INFO]    -> Step 20/142 | LR: 0.00458 | Loss: 1.3968 | Grad: 16.0274 | P@10: 60.0%
2026-03-11 19:56:43,255 [INFO]    -> Step 40/142 | LR: 0.00454 | Loss: 1.4738 | Grad: 9.3958 | P@10: 40.0%
2026-03-11 19:57:04,457 [INFO]    -> Step 60/142 | LR: 0.00450 | Loss: 0.8161 | Grad: 5.9394 | P@10: 40.0%
2026-03-11 19:57:24,107 [INFO]    -> Step 80/142 | LR: 0.00447 | Loss: 2.3012 | Grad: 6.8454 | P@10: 10.0%
2026-03-11 19:57:42,417 [INFO]    -> Step 100/142 | LR: 0.00443 | Loss: 0.9531 | Grad: 1.1596 | P@10: 70.0%
2026-03-11 19:58:00,947 [INFO]    -> Step 120/142 | LR: 0.00440 | Loss: 0.8194 | Grad: 27.5315 | P@10: 30.0%
2026-03-11 19:58:19,629 [INFO]    -> Step 140/142 | LR: 0.00436 | Loss: 10.8016 | Grad: 20.0412 | P@10: 10.0%
2026-03-11 19:58:27,528 [INFO] Epoch 89/120 | Loss: 1.6647 | Grad Avg: 9.4181 | P@10: 45.9%
2026-03-11 19:58:46,282 [INFO]    -> Step 20/142 | LR: 0.00432 | Loss: 1.0618 | Grad: 11.6930 | P@10: 20.0%
2026-03-11 19:59:05,527 [INFO]    -> Step 40/142 | LR: 0.00429 | Loss: 0.8829 | Grad: 5.9392 | P@10: 50.0%
2026-03-11 19:59:25,714 [INFO]    -> Step 60/142 | LR: 0.00425 | Loss: 1.3688 | Grad: 9.4654 | P@10: 70.0%
2026-03-11 19:59:46,307 [INFO]    -> Step 80/142 | LR: 0.00422 | Loss: 1.8025 | Grad: 7.7349 | P@10: 40.0%
2026-03-11 20:00:07,718 [INFO]    -> Step 100/142 | LR: 0.00418 | Loss: 0.7370 | Grad: 4.3295 | P@10: 60.0%
2026-03-11 20:00:29,421 [INFO]    -> Step 120/142 | LR: 0.00415 | Loss: 0.9074 | Grad: 2.6577 | P@10: 50.0%
2026-03-11 20:00:49,750 [INFO]    -> Step 140/142 | LR: 0.00411 | Loss: 1.1119 | Grad: 2.9963 | P@10: 50.0%
2026-03-11 20:00:57,587 [INFO] Epoch 90/120 | Loss: 1.3478 | Grad Avg: 8.0309 | P@10: 46.9%
2026-03-11 20:01:16,126 [INFO]    -> Step 20/142 | LR: 0.00408 | Loss: 0.9098 | Grad: 6.4901 | P@10: 60.0%
2026-03-11 20:01:35,285 [INFO]    -> Step 40/142 | LR: 0.00404 | Loss: 0.7715 | Grad: 9.6985 | P@10: 70.0%
2026-03-11 20:01:54,330 [INFO]    -> Step 60/142 | LR: 0.00401 | Loss: 7.5813 | Grad: 10.8371 | P@10: 50.0%
2026-03-11 20:02:13,810 [INFO]    -> Step 80/142 | LR: 0.00397 | Loss: 1.2618 | Grad: 8.5033 | P@10: 30.0%
2026-03-11 20:02:34,171 [INFO]    -> Step 100/142 | LR: 0.00394 | Loss: 4.0970 | Grad: 9.2607 | P@10: 50.0%
2026-03-11 20:02:54,823 [INFO]    -> Step 120/142 | LR: 0.00390 | Loss: 0.9509 | Grad: 4.7255 | P@10: 20.0%
2026-03-11 20:03:15,967 [INFO]    -> Step 140/142 | LR: 0.00387 | Loss: 1.1400 | Grad: 7.0789 | P@10: 70.0%
2026-03-11 20:03:24,952 [INFO] Epoch 91/120 | Loss: 1.4316 | Grad Avg: 8.5053 | P@10: 44.8%
2026-03-11 20:03:46,578 [INFO]    -> Step 20/142 | LR: 0.00383 | Loss: 0.8852 | Grad: 7.7583 | P@10: 40.0%
2026-03-11 20:04:07,807 [INFO]    -> Step 40/142 | LR: 0.00380 | Loss: 1.5361 | Grad: 14.5977 | P@10: 60.0%
2026-03-11 20:04:27,100 [INFO]    -> Step 60/142 | LR: 0.00377 | Loss: 0.8812 | Grad: 6.3139 | P@10: 40.0%
2026-03-11 20:04:46,744 [INFO]    -> Step 80/142 | LR: 0.00373 | Loss: 1.1506 | Grad: 11.0437 | P@10: 40.0%
2026-03-11 20:05:06,549 [INFO]    -> Step 100/142 | LR: 0.00370 | Loss: 0.8921 | Grad: 6.9212 | P@10: 40.0%
2026-03-11 20:05:26,059 [INFO]    -> Step 120/142 | LR: 0.00367 | Loss: 4.1902 | Grad: 7.5098 | P@10: 30.0%
2026-03-11 20:05:46,022 [INFO]    -> Step 140/142 | LR: 0.00363 | Loss: 1.0662 | Grad: 14.0212 | P@10: 40.0%
2026-03-11 20:05:54,600 [INFO] Epoch 92/120 | Loss: 1.3809 | Grad Avg: 7.1551 | P@10: 46.7%
2026-03-11 20:06:15,645 [INFO]    -> Step 20/142 | LR: 0.00360 | Loss: 0.9286 | Grad: 3.4021 | P@10: 40.0%
2026-03-11 20:06:37,417 [INFO]    -> Step 40/142 | LR: 0.00356 | Loss: 1.9231 | Grad: 12.7857 | P@10: 30.0%
2026-03-11 20:06:59,857 [INFO]    -> Step 60/142 | LR: 0.00353 | Loss: 0.8823 | Grad: 3.5011 | P@10: 70.0%
2026-03-11 20:07:21,824 [INFO]    -> Step 80/142 | LR: 0.00350 | Loss: 2.3282 | Grad: 17.9442 | P@10: 50.0%
2026-03-11 20:07:41,866 [INFO]    -> Step 100/142 | LR: 0.00347 | Loss: 1.2906 | Grad: 1.8027 | P@10: 30.0%
2026-03-11 20:08:01,907 [INFO]    -> Step 120/142 | LR: 0.00343 | Loss: 0.9178 | Grad: 7.5472 | P@10: 70.0%
2026-03-11 20:08:22,190 [INFO]    -> Step 140/142 | LR: 0.00340 | Loss: 1.3128 | Grad: 5.9474 | P@10: 40.0%
2026-03-11 20:08:30,241 [INFO] Epoch 93/120 | Loss: 1.4660 | Grad Avg: 7.1999 | P@10: 46.7%
2026-03-11 20:08:51,119 [INFO]    -> Step 20/142 | LR: 0.00337 | Loss: 0.8650 | Grad: 2.9871 | P@10: 20.0%
2026-03-11 20:09:12,528 [INFO]    -> Step 40/142 | LR: 0.00333 | Loss: 0.7628 | Grad: 5.8516 | P@10: 70.0%
2026-03-11 20:09:34,201 [INFO]    -> Step 60/142 | LR: 0.00330 | Loss: 2.1203 | Grad: 7.5361 | P@10: 40.0%
2026-03-11 20:09:56,522 [INFO]    -> Step 80/142 | LR: 0.00327 | Loss: 1.1566 | Grad: 3.5888 | P@10: 20.0%
2026-03-11 20:10:19,438 [INFO]    -> Step 100/142 | LR: 0.00324 | Loss: 0.9316 | Grad: 7.4105 | P@10: 60.0%
2026-03-11 20:10:41,639 [INFO]    -> Step 120/142 | LR: 0.00321 | Loss: 0.9713 | Grad: 5.0676 | P@10: 20.0%
2026-03-11 20:11:01,978 [INFO]    -> Step 140/142 | LR: 0.00318 | Loss: 0.7990 | Grad: 21.2333 | P@10: 70.0%
2026-03-11 20:11:09,980 [INFO] Epoch 94/120 | Loss: 1.2870 | Grad Avg: 6.8942 | P@10: 42.5%
2026-03-11 20:11:30,334 [INFO]    -> Step 20/142 | LR: 0.00314 | Loss: 0.5730 | Grad: 3.7123 | P@10: 70.0%
2026-03-11 20:11:50,923 [INFO]    -> Step 40/142 | LR: 0.00311 | Loss: 1.8493 | Grad: 5.4170 | P@10: 30.0%
2026-03-11 20:12:12,356 [INFO]    -> Step 60/142 | LR: 0.00308 | Loss: 1.7290 | Grad: 3.8519 | P@10: 10.0%
2026-03-11 20:12:34,123 [INFO]    -> Step 80/142 | LR: 0.00305 | Loss: 1.2762 | Grad: 5.5195 | P@10: 20.0%
2026-03-11 20:12:56,642 [INFO]    -> Step 100/142 | LR: 0.00302 | Loss: 0.5914 | Grad: 5.2228 | P@10: 40.0%
2026-03-11 20:13:19,513 [INFO]    -> Step 120/142 | LR: 0.00299 | Loss: 1.6434 | Grad: 6.8844 | P@10: 40.0%
2026-03-11 20:13:42,468 [INFO]    -> Step 140/142 | LR: 0.00296 | Loss: 1.0451 | Grad: 8.1583 | P@10: 20.0%
2026-03-11 20:13:51,084 [INFO] Epoch 95/120 | Loss: 1.2163 | Grad Avg: 7.2091 | P@10: 45.4%
2026-03-11 20:14:11,416 [INFO]    -> Step 20/142 | LR: 0.00292 | Loss: 0.8241 | Grad: 7.4735 | P@10: 20.0%
2026-03-11 20:14:31,665 [INFO]    -> Step 40/142 | LR: 0.00289 | Loss: 0.7990 | Grad: 6.0454 | P@10: 30.0%
2026-03-11 20:14:51,858 [INFO]    -> Step 60/142 | LR: 0.00286 | Loss: 1.0816 | Grad: 6.0093 | P@10: 50.0%
2026-03-11 20:15:12,333 [INFO]    -> Step 80/142 | LR: 0.00283 | Loss: 1.0231 | Grad: 12.5630 | P@10: 40.0%
2026-03-11 20:15:33,479 [INFO]    -> Step 100/142 | LR: 0.00280 | Loss: 2.5909 | Grad: 4.6104 | P@10: 20.0%
2026-03-11 20:15:55,165 [INFO]    -> Step 120/142 | LR: 0.00277 | Loss: 1.7072 | Grad: 5.2211 | P@10: 40.0%
2026-03-11 20:16:17,153 [INFO]    -> Step 140/142 | LR: 0.00274 | Loss: 1.0267 | Grad: 4.5536 | P@10: 50.0%
2026-03-11 20:16:26,329 [INFO] Epoch 96/120 | Loss: 1.3075 | Grad Avg: 6.5619 | P@10: 44.5%
2026-03-11 20:16:47,710 [INFO]    -> Step 20/142 | LR: 0.00271 | Loss: 1.1348 | Grad: 6.1044 | P@10: 50.0%
2026-03-11 20:17:07,514 [INFO]    -> Step 40/142 | LR: 0.00268 | Loss: 1.5638 | Grad: 12.9693 | P@10: 20.0%
2026-03-11 20:17:28,012 [INFO]    -> Step 60/142 | LR: 0.00265 | Loss: 1.9030 | Grad: 7.6129 | P@10: 40.0%
2026-03-11 20:17:48,753 [INFO]    -> Step 80/142 | LR: 0.00262 | Loss: 0.7939 | Grad: 8.1912 | P@10: 10.0%
2026-03-11 20:18:09,745 [INFO]    -> Step 100/142 | LR: 0.00259 | Loss: 1.5751 | Grad: 4.2297 | P@10: 30.0%
2026-03-11 20:18:31,355 [INFO]    -> Step 120/142 | LR: 0.00256 | Loss: 0.8483 | Grad: 13.2055 | P@10: 40.0%
2026-03-11 20:18:53,603 [INFO]    -> Step 140/142 | LR: 0.00253 | Loss: 1.1158 | Grad: 5.4776 | P@10: 30.0%
2026-03-11 20:19:02,757 [INFO] Epoch 97/120 | Loss: 1.2601 | Grad Avg: 7.1529 | P@10: 40.4%
2026-03-11 20:19:24,124 [INFO]    -> Step 20/142 | LR: 0.00250 | Loss: 1.4824 | Grad: 10.8758 | P@10: 30.0%
2026-03-11 20:19:43,471 [INFO]    -> Step 40/142 | LR: 0.00248 | Loss: 0.9836 | Grad: 7.3858 | P@10: 50.0%
2026-03-11 20:20:03,222 [INFO]    -> Step 60/142 | LR: 0.00245 | Loss: 0.6835 | Grad: 9.5086 | P@10: 60.0%
2026-03-11 20:20:23,489 [INFO]    -> Step 80/142 | LR: 0.00242 | Loss: 1.0638 | Grad: 3.0276 | P@10: 40.0%
2026-03-11 20:20:43,640 [INFO]    -> Step 100/142 | LR: 0.00239 | Loss: 1.0183 | Grad: 8.6955 | P@10: 30.0%
2026-03-11 20:21:04,338 [INFO]    -> Step 120/142 | LR: 0.00236 | Loss: 0.8769 | Grad: 3.7248 | P@10: 40.0%
2026-03-11 20:21:25,667 [INFO]    -> Step 140/142 | LR: 0.00233 | Loss: 0.9726 | Grad: 23.7501 | P@10: 40.0%
2026-03-11 20:21:34,320 [INFO] Epoch 98/120 | Loss: 1.2866 | Grad Avg: 6.9930 | P@10: 45.2%
2026-03-11 20:21:56,419 [INFO]    -> Step 20/142 | LR: 0.00230 | Loss: 1.0387 | Grad: 5.9138 | P@10: 40.0%
2026-03-11 20:22:19,367 [INFO]    -> Step 40/142 | LR: 0.00228 | Loss: 0.7970 | Grad: 5.2216 | P@10: 50.0%
2026-03-11 20:22:42,467 [INFO]    -> Step 60/142 | LR: 0.00225 | Loss: 0.7233 | Grad: 6.8759 | P@10: 70.0%
2026-03-11 20:23:03,033 [INFO]    -> Step 80/142 | LR: 0.00222 | Loss: 0.7206 | Grad: 3.9232 | P@10: 40.0%
2026-03-11 20:23:23,297 [INFO]    -> Step 100/142 | LR: 0.00220 | Loss: 0.8549 | Grad: 2.4837 | P@10: 50.0%
2026-03-11 20:23:43,702 [INFO]    -> Step 120/142 | LR: 0.00217 | Loss: 0.8079 | Grad: 9.8339 | P@10: 50.0%
2026-03-11 20:24:03,994 [INFO]    -> Step 140/142 | LR: 0.00214 | Loss: 4.0629 | Grad: 12.4146 | P@10: 30.0%
2026-03-11 20:24:12,328 [INFO] Epoch 99/120 | Loss: 1.2761 | Grad Avg: 7.4070 | P@10: 45.8%
2026-03-11 20:24:33,636 [INFO]    -> Step 20/142 | LR: 0.00211 | Loss: 1.1955 | Grad: 6.2173 | P@10: 50.0%
2026-03-11 20:24:55,909 [INFO]    -> Step 40/142 | LR: 0.00209 | Loss: 2.1117 | Grad: 18.1743 | P@10: 30.0%
2026-03-11 20:25:18,499 [INFO]    -> Step 60/142 | LR: 0.00206 | Loss: 1.5703 | Grad: 7.4492 | P@10: 50.0%
2026-03-11 20:25:41,501 [INFO]    -> Step 80/142 | LR: 0.00203 | Loss: 0.9150 | Grad: 6.0759 | P@10: 20.0%
2026-03-11 20:26:03,757 [INFO]    -> Step 100/142 | LR: 0.00201 | Loss: 0.9048 | Grad: 5.1138 | P@10: 50.0%
2026-03-11 20:26:24,337 [INFO]    -> Step 120/142 | LR: 0.00198 | Loss: 0.7395 | Grad: 4.9701 | P@10: 50.0%
2026-03-11 20:26:45,172 [INFO]    -> Step 140/142 | LR: 0.00196 | Loss: 6.5722 | Grad: 11.4516 | P@10: 40.0%
2026-03-11 20:26:53,590 [INFO] Epoch 100/120 | Loss: 1.2780 | Grad Avg: 7.1156 | P@10: 46.2%
2026-03-11 20:27:14,990 [INFO]    -> Step 20/142 | LR: 0.00193 | Loss: 0.7940 | Grad: 4.4278 | P@10: 50.0%
2026-03-11 20:27:36,730 [INFO]    -> Step 40/142 | LR: 0.00190 | Loss: 3.3828 | Grad: 9.5918 | P@10: 60.0%
2026-03-11 20:27:58,792 [INFO]    -> Step 60/142 | LR: 0.00188 | Loss: 0.6309 | Grad: 5.3234 | P@10: 50.0%
2026-03-11 20:28:20,701 [INFO]    -> Step 80/142 | LR: 0.00185 | Loss: 0.7316 | Grad: 4.5713 | P@10: 60.0%
2026-03-11 20:28:42,860 [INFO]    -> Step 100/142 | LR: 0.00183 | Loss: 0.9708 | Grad: 12.6210 | P@10: 40.0%
2026-03-11 20:29:05,276 [INFO]    -> Step 120/142 | LR: 0.00180 | Loss: 1.2073 | Grad: 5.5832 | P@10: 50.0%
2026-03-11 20:29:26,068 [INFO]    -> Step 140/142 | LR: 0.00178 | Loss: 0.8308 | Grad: 3.5288 | P@10: 70.0%
2026-03-11 20:29:34,125 [INFO] Epoch 101/120 | Loss: 1.2390 | Grad Avg: 6.8379 | P@10: 46.6%
2026-03-11 20:29:54,246 [INFO]    -> Step 20/142 | LR: 0.00175 | Loss: 0.7929 | Grad: 9.1087 | P@10: 50.0%
2026-03-11 20:30:14,325 [INFO]    -> Step 40/142 | LR: 0.00173 | Loss: 0.8701 | Grad: 5.5950 | P@10: 40.0%
2026-03-11 20:30:34,665 [INFO]    -> Step 60/142 | LR: 0.00170 | Loss: 0.9079 | Grad: 6.6582 | P@10: 30.0%
2026-03-11 20:30:55,278 [INFO]    -> Step 80/142 | LR: 0.00168 | Loss: 1.1930 | Grad: 11.3149 | P@10: 20.0%
2026-03-11 20:31:16,267 [INFO]    -> Step 100/142 | LR: 0.00165 | Loss: 0.7868 | Grad: 7.8208 | P@10: 50.0%
2026-03-11 20:31:37,938 [INFO]    -> Step 120/142 | LR: 0.00163 | Loss: 0.8236 | Grad: 4.7958 | P@10: 70.0%
2026-03-11 20:31:59,770 [INFO]    -> Step 140/142 | LR: 0.00161 | Loss: 0.8720 | Grad: 17.9079 | P@10: 40.0%
2026-03-11 20:32:09,002 [INFO] Epoch 102/120 | Loss: 1.1958 | Grad Avg: 7.0958 | P@10: 46.8%
2026-03-11 20:32:30,376 [INFO]    -> Step 20/142 | LR: 0.00158 | Loss: 3.3531 | Grad: 21.5800 | P@10: 30.0%
2026-03-11 20:32:49,564 [INFO]    -> Step 40/142 | LR: 0.00156 | Loss: 1.5766 | Grad: 3.5635 | P@10: 40.0%
2026-03-11 20:33:09,209 [INFO]    -> Step 60/142 | LR: 0.00154 | Loss: 1.0267 | Grad: 5.5144 | P@10: 60.0%
2026-03-11 20:33:29,071 [INFO]    -> Step 80/142 | LR: 0.00151 | Loss: 4.7270 | Grad: 8.8064 | P@10: 20.0%
2026-03-11 20:33:49,156 [INFO]    -> Step 100/142 | LR: 0.00149 | Loss: 0.8472 | Grad: 3.4352 | P@10: 60.0%
2026-03-11 20:34:09,857 [INFO]    -> Step 120/142 | LR: 0.00147 | Loss: 0.8736 | Grad: 5.8894 | P@10: 40.0%
2026-03-11 20:34:30,901 [INFO]    -> Step 140/142 | LR: 0.00144 | Loss: 1.3422 | Grad: 5.9194 | P@10: 20.0%
2026-03-11 20:34:39,702 [INFO] Epoch 103/120 | Loss: 1.1915 | Grad Avg: 7.1999 | P@10: 44.1%
2026-03-11 20:35:01,580 [INFO]    -> Step 20/142 | LR: 0.00142 | Loss: 1.0853 | Grad: 9.2381 | P@10: 20.0%
2026-03-11 20:35:23,959 [INFO]    -> Step 40/142 | LR: 0.00140 | Loss: 0.8514 | Grad: 6.2566 | P@10: 70.0%
2026-03-11 20:35:46,214 [INFO]    -> Step 60/142 | LR: 0.00138 | Loss: 0.9645 | Grad: 4.6939 | P@10: 30.0%
2026-03-11 20:36:06,138 [INFO]    -> Step 80/142 | LR: 0.00135 | Loss: 1.6376 | Grad: 6.3690 | P@10: 40.0%
2026-03-11 20:36:25,967 [INFO]    -> Step 100/142 | LR: 0.00133 | Loss: 0.8672 | Grad: 10.4250 | P@10: 30.0%
2026-03-11 20:36:46,097 [INFO]    -> Step 120/142 | LR: 0.00131 | Loss: 0.8672 | Grad: 9.9518 | P@10: 50.0%
2026-03-11 20:37:06,077 [INFO]    -> Step 140/142 | LR: 0.00129 | Loss: 0.8258 | Grad: 13.2765 | P@10: 40.0%
2026-03-11 20:37:14,461 [INFO] Epoch 104/120 | Loss: 1.2275 | Grad Avg: 7.1183 | P@10: 44.5%
2026-03-11 20:37:34,979 [INFO]    -> Step 20/142 | LR: 0.00127 | Loss: 0.7111 | Grad: 3.8500 | P@10: 60.0%
2026-03-11 20:37:56,098 [INFO]    -> Step 40/142 | LR: 0.00125 | Loss: 0.8825 | Grad: 2.7557 | P@10: 40.0%
2026-03-11 20:38:18,433 [INFO]    -> Step 60/142 | LR: 0.00122 | Loss: 0.6445 | Grad: 6.8661 | P@10: 70.0%
2026-03-11 20:38:40,999 [INFO]    -> Step 80/142 | LR: 0.00120 | Loss: 0.8415 | Grad: 5.9064 | P@10: 40.0%
2026-03-11 20:39:02,587 [INFO]    -> Step 100/142 | LR: 0.00118 | Loss: 0.9157 | Grad: 2.3000 | P@10: 40.0%
2026-03-11 20:39:22,658 [INFO]    -> Step 120/142 | LR: 0.00116 | Loss: 1.1151 | Grad: 10.2176 | P@10: 60.0%
2026-03-11 20:39:42,848 [INFO]    -> Step 140/142 | LR: 0.00114 | Loss: 0.8196 | Grad: 6.6898 | P@10: 30.0%
2026-03-11 20:39:51,017 [INFO] Epoch 105/120 | Loss: 0.9925 | Grad Avg: 6.6600 | P@10: 45.5%
2026-03-11 20:40:11,337 [INFO]    -> Step 20/142 | LR: 0.00112 | Loss: 0.6928 | Grad: 12.4223 | P@10: 80.0%
2026-03-11 20:40:31,743 [INFO]    -> Step 40/142 | LR: 0.00110 | Loss: 0.8300 | Grad: 3.5527 | P@10: 40.0%
2026-03-11 20:40:52,937 [INFO]    -> Step 60/142 | LR: 0.00108 | Loss: 0.5291 | Grad: 4.9521 | P@10: 70.0%
2026-03-11 20:41:14,676 [INFO]    -> Step 80/142 | LR: 0.00106 | Loss: 1.4496 | Grad: 11.4930 | P@10: 30.0%
2026-03-11 20:41:37,028 [INFO]    -> Step 100/142 | LR: 0.00104 | Loss: 0.7838 | Grad: 4.0061 | P@10: 30.0%
2026-03-11 20:41:59,472 [INFO]    -> Step 120/142 | LR: 0.00102 | Loss: 2.0049 | Grad: 8.2161 | P@10: 40.0%
2026-03-11 20:42:20,215 [INFO]    -> Step 140/142 | LR: 0.00100 | Loss: 0.8504 | Grad: 4.8329 | P@10: 50.0%
2026-03-11 20:42:28,655 [INFO] Epoch 106/120 | Loss: 1.0869 | Grad Avg: 7.2352 | P@10: 45.7%
2026-03-11 20:42:49,622 [INFO]    -> Step 20/142 | LR: 0.00098 | Loss: 0.6069 | Grad: 7.0172 | P@10: 60.0%
2026-03-11 20:43:11,172 [INFO]    -> Step 40/142 | LR: 0.00096 | Loss: 0.8093 | Grad: 4.6547 | P@10: 40.0%
2026-03-11 20:43:33,175 [INFO]    -> Step 60/142 | LR: 0.00095 | Loss: 0.7285 | Grad: 4.8964 | P@10: 60.0%
2026-03-11 20:43:55,701 [INFO]    -> Step 80/142 | LR: 0.00093 | Loss: 0.8148 | Grad: 7.4135 | P@10: 50.0%
2026-03-11 20:44:18,430 [INFO]    -> Step 100/142 | LR: 0.00091 | Loss: 0.9482 | Grad: 3.9567 | P@10: 30.0%
2026-03-11 20:44:39,754 [INFO]    -> Step 120/142 | LR: 0.00089 | Loss: 0.8470 | Grad: 4.5932 | P@10: 10.0%
2026-03-11 20:45:00,144 [INFO]    -> Step 140/142 | LR: 0.00087 | Loss: 0.9637 | Grad: 10.5179 | P@10: 10.0%
2026-03-11 20:45:08,463 [INFO] Epoch 107/120 | Loss: 0.9848 | Grad Avg: 6.9585 | P@10: 32.9%
2026-03-11 20:45:29,243 [INFO]    -> Step 20/142 | LR: 0.00085 | Loss: 0.8572 | Grad: 6.9354 | P@10: 30.0%
2026-03-11 20:45:50,119 [INFO]    -> Step 40/142 | LR: 0.00084 | Loss: 0.8242 | Grad: 13.0240 | P@10: 20.0%
2026-03-11 20:46:11,779 [INFO]    -> Step 60/142 | LR: 0.00082 | Loss: 1.5965 | Grad: 5.0550 | P@10: 40.0%
2026-03-11 20:46:34,100 [INFO]    -> Step 80/142 | LR: 0.00080 | Loss: 0.7309 | Grad: 10.3821 | P@10: 60.0%
2026-03-11 20:46:57,139 [INFO]    -> Step 100/142 | LR: 0.00079 | Loss: 0.7471 | Grad: 12.6365 | P@10: 40.0%
2026-03-11 20:47:20,896 [INFO]    -> Step 120/142 | LR: 0.00077 | Loss: 1.4689 | Grad: 4.2041 | P@10: 50.0%
2026-03-11 20:47:44,791 [INFO]    -> Step 140/142 | LR: 0.00075 | Loss: 5.2575 | Grad: 18.7497 | P@10: 50.0%
2026-03-11 20:47:53,894 [INFO] Epoch 108/120 | Loss: 1.0827 | Grad Avg: 7.3959 | P@10: 44.8%
2026-03-11 20:48:15,199 [INFO]    -> Step 20/142 | LR: 0.00073 | Loss: 0.7970 | Grad: 4.2160 | P@10: 50.0%
2026-03-11 20:48:36,919 [INFO]    -> Step 40/142 | LR: 0.00072 | Loss: 1.1099 | Grad: 6.5577 | P@10: 30.0%
2026-03-11 20:48:58,719 [INFO]    -> Step 60/142 | LR: 0.00070 | Loss: 2.1951 | Grad: 3.9303 | P@10: 20.0%
2026-03-11 20:49:20,789 [INFO]    -> Step 80/142 | LR: 0.00069 | Loss: 0.7249 | Grad: 6.3181 | P@10: 70.0%
2026-03-11 20:49:43,457 [INFO]    -> Step 100/142 | LR: 0.00067 | Loss: 0.8232 | Grad: 6.3605 | P@10: 40.0%
2026-03-11 20:50:06,702 [INFO]    -> Step 120/142 | LR: 0.00066 | Loss: 1.1567 | Grad: 12.2659 | P@10: 40.0%
2026-03-11 20:50:30,339 [INFO]    -> Step 140/142 | LR: 0.00064 | Loss: 0.8554 | Grad: 6.6774 | P@10: 30.0%
2026-03-11 20:50:40,326 [INFO] Epoch 109/120 | Loss: 1.0215 | Grad Avg: 6.6456 | P@10: 44.3%
2026-03-11 20:51:04,826 [INFO]    -> Step 20/142 | LR: 0.00062 | Loss: 0.7939 | Grad: 2.9722 | P@10: 50.0%
2026-03-11 20:51:26,822 [INFO]    -> Step 40/142 | LR: 0.00061 | Loss: 0.7746 | Grad: 5.8862 | P@10: 40.0%
2026-03-11 20:51:48,085 [INFO]    -> Step 60/142 | LR: 0.00059 | Loss: 0.5620 | Grad: 5.7167 | P@10: 40.0%
2026-03-11 20:52:10,002 [INFO]    -> Step 80/142 | LR: 0.00058 | Loss: 0.9215 | Grad: 3.6653 | P@10: 50.0%
2026-03-11 20:52:31,721 [INFO]    -> Step 100/142 | LR: 0.00056 | Loss: 0.6275 | Grad: 12.8360 | P@10: 50.0%
2026-03-11 20:52:54,141 [INFO]    -> Step 120/142 | LR: 0.00055 | Loss: 0.8668 | Grad: 10.7364 | P@10: 30.0%
2026-03-11 20:53:16,781 [INFO]    -> Step 140/142 | LR: 0.00054 | Loss: 0.2563 | Grad: 11.6621 | P@10: 50.0%
2026-03-11 20:53:26,180 [INFO] Epoch 110/120 | Loss: 0.8941 | Grad Avg: 7.6245 | P@10: 44.7%
2026-03-11 20:53:49,751 [INFO]    -> Step 20/142 | LR: 0.00052 | Loss: 0.6813 | Grad: 4.4945 | P@10: 60.0%
2026-03-11 20:54:14,160 [INFO]    -> Step 40/142 | LR: 0.00051 | Loss: 1.0659 | Grad: 7.8804 | P@10: 50.0%
2026-03-11 20:54:36,805 [INFO]    -> Step 60/142 | LR: 0.00049 | Loss: 0.6821 | Grad: 4.8949 | P@10: 50.0%
2026-03-11 20:54:58,234 [INFO]    -> Step 80/142 | LR: 0.00048 | Loss: 1.0313 | Grad: 5.3310 | P@10: 20.0%
2026-03-11 20:55:19,587 [INFO]    -> Step 100/142 | LR: 0.00047 | Loss: 1.0323 | Grad: 7.6601 | P@10: 40.0%
2026-03-11 20:55:41,163 [INFO]    -> Step 120/142 | LR: 0.00045 | Loss: 0.5581 | Grad: 9.9815 | P@10: 60.0%
2026-03-11 20:56:02,974 [INFO]    -> Step 140/142 | LR: 0.00044 | Loss: 0.9123 | Grad: 3.9662 | P@10: 30.0%
2026-03-11 20:56:12,008 [INFO] Epoch 111/120 | Loss: 0.9167 | Grad Avg: 7.9687 | P@10: 44.8%
2026-03-11 20:56:35,038 [INFO]    -> Step 20/142 | LR: 0.00043 | Loss: 0.7624 | Grad: 8.5235 | P@10: 30.0%
2026-03-11 20:56:58,631 [INFO]    -> Step 40/142 | LR: 0.00041 | Loss: 1.2084 | Grad: 3.3212 | P@10: 50.0%
2026-03-11 20:57:22,762 [INFO]    -> Step 60/142 | LR: 0.00040 | Loss: 0.9183 | Grad: 12.5786 | P@10: 30.0%
2026-03-11 20:57:45,936 [INFO]    -> Step 80/142 | LR: 0.00039 | Loss: 0.8072 | Grad: 8.1602 | P@10: 50.0%
2026-03-11 20:58:07,353 [INFO]    -> Step 100/142 | LR: 0.00038 | Loss: 1.3578 | Grad: 4.5162 | P@10: 50.0%
2026-03-11 20:58:29,156 [INFO]    -> Step 120/142 | LR: 0.00037 | Loss: 0.7913 | Grad: 6.4473 | P@10: 50.0%
2026-03-11 20:58:50,672 [INFO]    -> Step 140/142 | LR: 0.00036 | Loss: 0.8166 | Grad: 12.5272 | P@10: 50.0%
2026-03-11 20:58:59,482 [INFO] Epoch 112/120 | Loss: 0.9408 | Grad Avg: 8.2738 | P@10: 42.6%
2026-03-11 20:59:21,642 [INFO]    -> Step 20/142 | LR: 0.00034 | Loss: 0.9172 | Grad: 4.2821 | P@10: 40.0%
2026-03-11 20:59:44,608 [INFO]    -> Step 40/142 | LR: 0.00033 | Loss: 0.9343 | Grad: 4.5793 | P@10: 50.0%
2026-03-11 21:00:08,273 [INFO]    -> Step 60/142 | LR: 0.00032 | Loss: 0.5909 | Grad: 6.9349 | P@10: 50.0%
2026-03-11 21:00:32,146 [INFO]    -> Step 80/142 | LR: 0.00031 | Loss: 1.4173 | Grad: 6.3596 | P@10: 20.0%
2026-03-11 21:00:55,347 [INFO]    -> Step 100/142 | LR: 0.00030 | Loss: 0.9511 | Grad: 7.1876 | P@10: 70.0%
2026-03-11 21:01:16,539 [INFO]    -> Step 120/142 | LR: 0.00029 | Loss: 0.7578 | Grad: 12.4092 | P@10: 40.0%
2026-03-11 21:01:37,924 [INFO]    -> Step 140/142 | LR: 0.00028 | Loss: 0.6280 | Grad: 10.0167 | P@10: 50.0%
2026-03-11 21:01:46,538 [INFO] Epoch 113/120 | Loss: 0.9206 | Grad Avg: 7.8336 | P@10: 43.8%
2026-03-11 21:02:08,147 [INFO]    -> Step 20/142 | LR: 0.00027 | Loss: 0.7753 | Grad: 9.5811 | P@10: 40.0%
2026-03-11 21:02:30,396 [INFO]    -> Step 40/142 | LR: 0.00026 | Loss: 0.8582 | Grad: 8.7340 | P@10: 40.0%
2026-03-11 21:02:53,324 [INFO]    -> Step 60/142 | LR: 0.00025 | Loss: 0.7559 | Grad: 3.9787 | P@10: 50.0%
2026-03-11 21:03:16,644 [INFO]    -> Step 80/142 | LR: 0.00024 | Loss: 0.8937 | Grad: 6.9884 | P@10: 30.0%
2026-03-11 21:03:40,487 [INFO]    -> Step 100/142 | LR: 0.00023 | Loss: 1.5491 | Grad: 8.1383 | P@10: 60.0%
2026-03-11 21:04:04,458 [INFO]    -> Step 120/142 | LR: 0.00022 | Loss: 0.7703 | Grad: 4.2437 | P@10: 50.0%
2026-03-11 21:04:25,704 [INFO]    -> Step 140/142 | LR: 0.00021 | Loss: 0.8129 | Grad: 2.8828 | P@10: 40.0%
2026-03-11 21:04:34,310 [INFO] Epoch 114/120 | Loss: 0.9500 | Grad Avg: 7.0593 | P@10: 42.0%
2026-03-11 21:04:55,790 [INFO]    -> Step 20/142 | LR: 0.00020 | Loss: 0.6944 | Grad: 17.3811 | P@10: 40.0%
2026-03-11 21:05:17,444 [INFO]    -> Step 40/142 | LR: 0.00019 | Loss: 1.2705 | Grad: 5.1333 | P@10: 50.0%
2026-03-11 21:05:39,347 [INFO]    -> Step 60/142 | LR: 0.00018 | Loss: 0.9517 | Grad: 7.8273 | P@10: 40.0%
2026-03-11 21:06:01,883 [INFO]    -> Step 80/142 | LR: 0.00018 | Loss: 0.6145 | Grad: 3.5080 | P@10: 30.0%
2026-03-11 21:06:25,004 [INFO]    -> Step 100/142 | LR: 0.00017 | Loss: 0.6393 | Grad: 7.5414 | P@10: 50.0%
2026-03-11 21:06:48,874 [INFO]    -> Step 120/142 | LR: 0.00016 | Loss: 0.9838 | Grad: 10.0703 | P@10: 50.0%
2026-03-11 21:07:11,576 [INFO]    -> Step 140/142 | LR: 0.00015 | Loss: 0.7507 | Grad: 5.7569 | P@10: 40.0%
2026-03-11 21:07:20,123 [INFO] Epoch 115/120 | Loss: 0.8472 | Grad Avg: 7.2851 | P@10: 42.9%
2026-03-11 21:07:40,966 [INFO]    -> Step 20/142 | LR: 0.00014 | Loss: 0.8394 | Grad: 8.4316 | P@10: 30.0%
2026-03-11 21:08:02,429 [INFO]    -> Step 40/142 | LR: 0.00014 | Loss: 0.7822 | Grad: 7.1485 | P@10: 40.0%
2026-03-11 21:08:24,267 [INFO]    -> Step 60/142 | LR: 0.00013 | Loss: 0.6593 | Grad: 8.9283 | P@10: 40.0%
2026-03-11 21:08:46,214 [INFO]    -> Step 80/142 | LR: 0.00012 | Loss: 0.7158 | Grad: 7.4532 | P@10: 40.0%
2026-03-11 21:09:08,742 [INFO]    -> Step 100/142 | LR: 0.00012 | Loss: 1.0224 | Grad: 12.4442 | P@10: 60.0%
2026-03-11 21:09:32,143 [INFO]    -> Step 120/142 | LR: 0.00011 | Loss: 0.7598 | Grad: 3.8331 | P@10: 30.0%
2026-03-11 21:09:56,175 [INFO]    -> Step 140/142 | LR: 0.00010 | Loss: 0.7630 | Grad: 4.7966 | P@10: 40.0%
2026-03-11 21:10:05,897 [INFO] Epoch 116/120 | Loss: 0.8371 | Grad Avg: 7.4583 | P@10: 43.0%
2026-03-11 21:10:30,110 [INFO]    -> Step 20/142 | LR: 0.00010 | Loss: 0.8659 | Grad: 5.9240 | P@10: 30.0%
2026-03-11 21:10:51,903 [INFO]    -> Step 40/142 | LR: 0.00009 | Loss: 0.8302 | Grad: 7.1811 | P@10: 50.0%
2026-03-11 21:11:13,171 [INFO]    -> Step 60/142 | LR: 0.00009 | Loss: 0.5647 | Grad: 4.6950 | P@10: 60.0%
2026-03-11 21:11:35,008 [INFO]    -> Step 80/142 | LR: 0.00008 | Loss: 0.2752 | Grad: 5.2963 | P@10: 50.0%
2026-03-11 21:11:56,827 [INFO]    -> Step 100/142 | LR: 0.00007 | Loss: 2.4561 | Grad: 7.2066 | P@10: 40.0%
2026-03-11 21:12:18,959 [INFO]    -> Step 120/142 | LR: 0.00007 | Loss: 0.7811 | Grad: 6.2248 | P@10: 20.0%
2026-03-11 21:12:41,965 [INFO]    -> Step 140/142 | LR: 0.00006 | Loss: 0.8154 | Grad: 6.4205 | P@10: 50.0%
2026-03-11 21:12:51,413 [INFO] Epoch 117/120 | Loss: 0.8131 | Grad Avg: 6.8637 | P@10: 42.6%
2026-03-11 21:13:15,146 [INFO]    -> Step 20/142 | LR: 0.00006 | Loss: 0.8255 | Grad: 7.7005 | P@10: 50.0%
2026-03-11 21:13:39,235 [INFO]    -> Step 40/142 | LR: 0.00005 | Loss: 0.7685 | Grad: 7.4360 | P@10: 30.0%
2026-03-11 21:14:01,400 [INFO]    -> Step 60/142 | LR: 0.00005 | Loss: 0.3881 | Grad: 3.6047 | P@10: 60.0%
2026-03-11 21:14:22,619 [INFO]    -> Step 80/142 | LR: 0.00005 | Loss: 0.6851 | Grad: 7.3975 | P@10: 30.0%
2026-03-11 21:14:44,451 [INFO]    -> Step 100/142 | LR: 0.00004 | Loss: 0.7689 | Grad: 4.2138 | P@10: 50.0%
2026-03-11 21:15:06,218 [INFO]    -> Step 120/142 | LR: 0.00004 | Loss: 0.5477 | Grad: 9.6430 | P@10: 70.0%
2026-03-11 21:15:28,347 [INFO]    -> Step 140/142 | LR: 0.00003 | Loss: 0.3889 | Grad: 5.5426 | P@10: 60.0%
2026-03-11 21:15:37,462 [INFO] Epoch 118/120 | Loss: 0.8488 | Grad Avg: 6.6252 | P@10: 41.7%
2026-03-11 21:16:00,680 [INFO]    -> Step 20/142 | LR: 0.00003 | Loss: 0.5673 | Grad: 4.2429 | P@10: 60.0%
2026-03-11 21:16:24,369 [INFO]    -> Step 40/142 | LR: 0.00003 | Loss: 0.7801 | Grad: 6.0419 | P@10: 20.0%
2026-03-11 21:16:48,069 [INFO]    -> Step 60/142 | LR: 0.00002 | Loss: 0.8648 | Grad: 9.5531 | P@10: 40.0%
2026-03-11 21:17:09,786 [INFO]    -> Step 80/142 | LR: 0.00002 | Loss: 1.2265 | Grad: 6.3413 | P@10: 30.0%
2026-03-11 21:17:31,393 [INFO]    -> Step 100/142 | LR: 0.00002 | Loss: 0.7646 | Grad: 12.9626 | P@10: 40.0%
2026-03-11 21:17:53,468 [INFO]    -> Step 120/142 | LR: 0.00002 | Loss: 1.3568 | Grad: 6.2786 | P@10: 60.0%
2026-03-11 21:18:16,303 [INFO]    -> Step 140/142 | LR: 0.00001 | Loss: 0.7300 | Grad: 6.7859 | P@10: 40.0%
2026-03-11 21:18:25,706 [INFO] Epoch 119/120 | Loss: 0.8519 | Grad Avg: 6.6771 | P@10: 41.4%
2026-03-11 21:18:49,443 [INFO]    -> Step 20/142 | LR: 0.00001 | Loss: 0.9174 | Grad: 11.5317 | P@10: 30.0%
2026-03-11 21:19:13,177 [INFO]    -> Step 40/142 | LR: 0.00001 | Loss: 0.5656 | Grad: 3.9525 | P@10: 60.0%
2026-03-11 21:19:34,846 [INFO]    -> Step 60/142 | LR: 0.00001 | Loss: 0.7814 | Grad: 5.2386 | P@10: 60.0%
2026-03-11 21:19:56,014 [INFO]    -> Step 80/142 | LR: 0.00001 | Loss: 0.8021 | Grad: 8.9393 | P@10: 40.0%
2026-03-11 21:20:16,965 [INFO]    -> Step 100/142 | LR: 0.00000 | Loss: 0.7961 | Grad: 3.5122 | P@10: 30.0%
2026-03-11 21:20:38,191 [INFO]    -> Step 120/142 | LR: 0.00000 | Loss: 0.9563 | Grad: 6.1604 | P@10: 50.0%
2026-03-11 21:21:00,068 [INFO]    -> Step 140/142 | LR: 0.00000 | Loss: 0.6046 | Grad: 6.8962 | P@10: 60.0%
2026-03-11 21:21:09,063 [INFO] Epoch 120/120 | Loss: 0.8180 | Grad Avg: 6.6257 | P@10: 41.9%
2026-03-11 21:21:09,075 [INFO] 
============================================================
2026-03-11 21:21:09,075 [INFO] 🔄 RETOMANDO TREINO ELITE P10: RMF (De Época 27)
2026-03-11 21:21:09,076 [INFO] ============================================================
2026-03-11 21:21:09,247 [WARNING] ⚠️ Checkpoint models/test/rmf_model_ELITE.pth não encontrado! Iniciando do zero para esta região.
2026-03-11 21:21:09,247 [INFO] ⏭️ Avançando Scheduler em 3718 steps...
2026-03-11 21:21:09,258 [INFO] 📈 Melhor P@10 registrado: 0.0%
2026-03-11 21:21:13,635 [INFO]    -> Step 20/142 | LR: 0.01798 | Loss: 0.1582 | Grad: 28.4290 | P@5: 80.0%
2026-03-11 21:21:22,084 [INFO]    -> Step 40/142 | LR: 0.01797 | Loss: 0.4794 | Grad: 3.6859 | P@5: 80.0%
2026-03-11 21:21:31,801 [INFO]    -> Step 60/142 | LR: 0.01797 | Loss: 0.9642 | Grad: 4.4496 | P@5: 60.0%
2026-03-11 21:21:42,074 [INFO]    -> Step 80/142 | LR: 0.01797 | Loss: 0.8671 | Grad: 9.5491 | P@5: 80.0%
2026-03-11 21:21:52,896 [INFO]    -> Step 100/142 | LR: 0.01796 | Loss: 0.2565 | Grad: 10.4540 | P@5: 80.0%
2026-03-11 21:22:04,554 [INFO]    -> Step 120/142 | LR: 0.01796 | Loss: 1.2880 | Grad: 18.9687 | P@5: 60.0%
2026-03-11 21:22:16,604 [INFO]    -> Step 140/142 | LR: 0.01796 | Loss: 0.5178 | Grad: 6.2837 | P@5: 60.0%
2026-03-11 21:22:21,497 [INFO] Epoch 27/120 | Loss: 0.9901 | Grad Avg: 16.6295 | P@5: 63.9%
2026-03-11 21:22:21,503 [INFO] ⭐ Novo Recorde: 63.9%
2026-03-11 21:22:33,546 [INFO]    -> Step 20/142 | LR: 0.01795 | Loss: 0.7812 | Grad: 13.9725 | P@5: 80.0%
2026-03-11 21:22:44,509 [INFO]    -> Step 40/142 | LR: 0.01795 | Loss: 0.6964 | Grad: 27.2350 | P@5: 80.0%
2026-03-11 21:22:54,863 [INFO]    -> Step 60/142 | LR: 0.01794 | Loss: 0.4043 | Grad: 6.8189 | P@5: 100.0%
2026-03-11 21:23:04,944 [INFO]    -> Step 80/142 | LR: 0.01794 | Loss: 0.6465 | Grad: 4.6084 | P@5: 60.0%
2026-03-11 21:23:15,129 [INFO]    -> Step 100/142 | LR: 0.01793 | Loss: 0.4493 | Grad: 9.7721 | P@5: 80.0%
2026-03-11 21:23:24,850 [INFO]    -> Step 120/142 | LR: 0.01793 | Loss: 1.5228 | Grad: 62.7476 | P@5: 60.0%
2026-03-11 21:23:34,664 [INFO]    -> Step 140/142 | LR: 0.01792 | Loss: 1.8511 | Grad: 54.7066 | P@5: 60.0%
2026-03-11 21:23:38,657 [INFO] Epoch 28/120 | Loss: 1.1289 | Grad Avg: 29.2097 | P@5: 71.6%
2026-03-11 21:23:38,663 [INFO] ⭐ Novo Recorde: 71.6%
2026-03-11 21:23:48,821 [INFO]    -> Step 20/142 | LR: 0.01792 | Loss: 1.0666 | Grad: 5.1791 | P@5: 60.0%
2026-03-11 21:23:58,832 [INFO]    -> Step 40/142 | LR: 0.01791 | Loss: 1.8387 | Grad: 13.3055 | P@5: 60.0%
2026-03-11 21:24:08,522 [INFO]    -> Step 60/142 | LR: 0.01791 | Loss: 13.9088 | Grad: 355.5320 | P@5: 20.0%
2026-03-11 21:24:18,442 [INFO]    -> Step 80/142 | LR: 0.01790 | Loss: 2.9625 | Grad: 93.3366 | P@5: 20.0%
2026-03-11 21:24:27,817 [INFO]    -> Step 100/142 | LR: 0.01789 | Loss: 0.4038 | Grad: 5.7841 | P@5: 80.0%
2026-03-11 21:24:37,115 [INFO]    -> Step 120/142 | LR: 0.01789 | Loss: 1.3036 | Grad: 7.1581 | P@5: 60.0%
2026-03-11 21:24:46,582 [INFO]    -> Step 140/142 | LR: 0.01788 | Loss: 0.2009 | Grad: 4.6111 | P@5: 100.0%
2026-03-11 21:24:50,644 [INFO] Epoch 29/120 | Loss: 1.4458 | Grad Avg: 37.0541 | P@5: 70.8%
2026-03-11 21:24:59,964 [INFO]    -> Step 20/142 | LR: 0.01787 | Loss: 1.1017 | Grad: 6.1984 | P@5: 80.0%
2026-03-11 21:25:08,999 [INFO]    -> Step 40/142 | LR: 0.01787 | Loss: 1.4537 | Grad: 15.6159 | P@5: 60.0%
2026-03-11 21:25:18,067 [INFO]    -> Step 60/142 | LR: 0.01786 | Loss: 5.6844 | Grad: 192.5719 | P@5: 40.0%
2026-03-11 21:25:26,408 [INFO]    -> Step 80/142 | LR: 0.01785 | Loss: 0.6961 | Grad: 19.7877 | P@5: 80.0%
2026-03-11 21:25:34,845 [INFO]    -> Step 100/142 | LR: 0.01785 | Loss: 0.4031 | Grad: 9.1111 | P@5: 100.0%
2026-03-11 21:25:43,699 [INFO]    -> Step 120/142 | LR: 0.01784 | Loss: 0.3588 | Grad: 7.8092 | P@5: 80.0%
2026-03-11 21:25:52,346 [INFO]    -> Step 140/142 | LR: 0.01783 | Loss: 1.0267 | Grad: 10.7441 | P@5: 80.0%
2026-03-11 21:25:56,149 [INFO] Epoch 30/120 | Loss: 1.4687 | Grad Avg: 50.9289 | P@5: 63.2%
2026-03-11 21:26:04,399 [INFO]    -> Step 20/142 | LR: 0.01782 | Loss: 1.2443 | Grad: 11.8208 | P@5: 80.0%
2026-03-11 21:26:12,298 [INFO]    -> Step 40/142 | LR: 0.01781 | Loss: 0.7652 | Grad: 6.7978 | P@5: 80.0%
2026-03-11 21:26:20,132 [INFO]    -> Step 60/142 | LR: 0.01780 | Loss: 0.7045 | Grad: 9.5109 | P@5: 80.0%
2026-03-11 21:26:27,425 [INFO]    -> Step 80/142 | LR: 0.01780 | Loss: 1.2775 | Grad: 8.7550 | P@5: 60.0%
2026-03-11 21:26:34,345 [INFO]    -> Step 100/142 | LR: 0.01779 | Loss: 5.5426 | Grad: 187.9130 | P@5: 0.0%
2026-03-11 21:26:41,166 [INFO]    -> Step 120/142 | LR: 0.01778 | Loss: 1.1450 | Grad: 9.6063 | P@5: 80.0%
2026-03-11 21:26:48,204 [INFO]    -> Step 140/142 | LR: 0.01777 | Loss: 0.1286 | Grad: 6.7665 | P@5: 80.0%
2026-03-11 21:26:51,810 [INFO] Epoch 31/120 | Loss: 1.1983 | Grad Avg: 40.8713 | P@5: 69.5%
2026-03-11 21:26:59,331 [INFO]    -> Step 20/142 | LR: 0.01776 | Loss: 1.1137 | Grad: 4.2567 | P@5: 60.0%
2026-03-11 21:27:06,926 [INFO]    -> Step 40/142 | LR: 0.01775 | Loss: 0.5155 | Grad: 15.2610 | P@5: 60.0%
2026-03-11 21:27:14,417 [INFO]    -> Step 60/142 | LR: 0.01774 | Loss: 1.2611 | Grad: 2.6483 | P@5: 60.0%
2026-03-11 21:27:22,205 [INFO]    -> Step 80/142 | LR: 0.01773 | Loss: 1.8755 | Grad: 9.0386 | P@5: 60.0%
2026-03-11 21:27:30,384 [INFO]    -> Step 100/142 | LR: 0.01772 | Loss: 0.3133 | Grad: 9.9605 | P@5: 100.0%
2026-03-11 21:27:38,394 [INFO]    -> Step 120/142 | LR: 0.01771 | Loss: 1.7456 | Grad: 36.5222 | P@5: 60.0%
2026-03-11 21:27:46,658 [INFO]    -> Step 140/142 | LR: 0.01770 | Loss: 0.3169 | Grad: 10.9981 | P@5: 80.0%
2026-03-11 21:27:50,437 [INFO] Epoch 32/120 | Loss: 1.0079 | Grad Avg: 27.5175 | P@5: 72.0%
2026-03-11 21:27:50,442 [INFO] ⭐ Novo Recorde: 72.0%
2026-03-11 21:27:58,655 [INFO]    -> Step 20/142 | LR: 0.01769 | Loss: 0.8438 | Grad: 86.0717 | P@5: 80.0%
2026-03-11 21:28:07,178 [INFO]    -> Step 40/142 | LR: 0.01767 | Loss: 0.7436 | Grad: 25.8262 | P@5: 80.0%
2026-03-11 21:28:15,905 [INFO]    -> Step 60/142 | LR: 0.01766 | Loss: 0.3208 | Grad: 9.0977 | P@5: 80.0%
2026-03-11 21:28:25,310 [INFO]    -> Step 80/142 | LR: 0.01765 | Loss: 0.6069 | Grad: 19.5255 | P@5: 80.0%
2026-03-11 21:28:35,268 [INFO]    -> Step 100/142 | LR: 0.01764 | Loss: 1.5362 | Grad: 12.6414 | P@5: 60.0%
2026-03-11 21:28:45,682 [INFO]    -> Step 120/142 | LR: 0.01763 | Loss: 0.3880 | Grad: 8.4099 | P@5: 80.0%
2026-03-11 21:28:56,263 [INFO]    -> Step 140/142 | LR: 0.01762 | Loss: 1.2117 | Grad: 14.4458 | P@5: 80.0%
2026-03-11 21:29:00,409 [INFO] Epoch 33/120 | Loss: 1.2029 | Grad Avg: 30.6672 | P@5: 68.2%
2026-03-11 21:29:09,903 [INFO]    -> Step 20/142 | LR: 0.01760 | Loss: 3.2036 | Grad: 111.2162 | P@5: 20.0%
2026-03-11 21:29:18,814 [INFO]    -> Step 40/142 | LR: 0.01759 | Loss: 1.1379 | Grad: 13.5781 | P@5: 60.0%
2026-03-11 21:29:27,889 [INFO]    -> Step 60/142 | LR: 0.01758 | Loss: 1.9036 | Grad: 8.5041 | P@5: 60.0%
2026-03-11 21:29:37,283 [INFO]    -> Step 80/142 | LR: 0.01757 | Loss: 0.2021 | Grad: 9.4622 | P@5: 100.0%
2026-03-11 21:29:46,746 [INFO]    -> Step 100/142 | LR: 0.01755 | Loss: 0.1410 | Grad: 9.6356 | P@5: 80.0%
2026-03-11 21:29:55,726 [INFO]    -> Step 120/142 | LR: 0.01754 | Loss: 3.9356 | Grad: 227.3695 | P@5: 40.0%
2026-03-11 21:30:05,075 [INFO]    -> Step 140/142 | LR: 0.01753 | Loss: 2.0303 | Grad: 8.1431 | P@5: 40.0%
2026-03-11 21:30:09,086 [INFO] Epoch 34/120 | Loss: 1.0566 | Grad Avg: 31.9628 | P@5: 67.8%
2026-03-11 21:30:18,415 [INFO]    -> Step 20/142 | LR: 0.01751 | Loss: 0.6086 | Grad: 7.1735 | P@5: 80.0%
2026-03-11 21:30:28,190 [INFO]    -> Step 40/142 | LR: 0.01750 | Loss: 0.4193 | Grad: 4.5303 | P@5: 80.0%
2026-03-11 21:30:37,689 [INFO]    -> Step 60/142 | LR: 0.01749 | Loss: 1.8375 | Grad: 20.5690 | P@5: 80.0%
2026-03-11 21:30:47,109 [INFO]    -> Step 80/142 | LR: 0.01747 | Loss: 1.2763 | Grad: 64.9832 | P@5: 60.0%
2026-03-11 21:30:56,289 [INFO]    -> Step 100/142 | LR: 0.01746 | Loss: 0.9615 | Grad: 11.0928 | P@5: 80.0%
2026-03-11 21:31:05,350 [INFO]    -> Step 120/142 | LR: 0.01745 | Loss: 0.7843 | Grad: 8.3299 | P@5: 80.0%
2026-03-11 21:31:14,660 [INFO]    -> Step 140/142 | LR: 0.01743 | Loss: 3.2450 | Grad: 265.5350 | P@5: 20.0%
2026-03-11 21:31:18,800 [INFO] Epoch 35/120 | Loss: 1.2017 | Grad Avg: 40.2350 | P@5: 72.3%
2026-03-11 21:31:18,806 [INFO] ⭐ Novo Recorde: 72.3%
2026-03-11 21:31:28,393 [INFO]    -> Step 20/142 | LR: 0.01742 | Loss: 0.8460 | Grad: 60.8039 | P@5: 80.0%
2026-03-11 21:31:38,424 [INFO]    -> Step 40/142 | LR: 0.01740 | Loss: 1.1169 | Grad: 24.3557 | P@5: 80.0%
2026-03-11 21:31:48,696 [INFO]    -> Step 60/142 | LR: 0.01739 | Loss: 0.9212 | Grad: 10.8176 | P@5: 60.0%
2026-03-11 21:31:59,132 [INFO]    -> Step 80/142 | LR: 0.01737 | Loss: 3.0580 | Grad: 239.3130 | P@5: 40.0%
2026-03-11 21:32:09,732 [INFO]    -> Step 100/142 | LR: 0.01736 | Loss: 0.5665 | Grad: 22.3457 | P@5: 80.0%
2026-03-11 21:32:20,740 [INFO]    -> Step 120/142 | LR: 0.01734 | Loss: 0.3379 | Grad: 66.4204 | P@5: 100.0%
2026-03-11 21:32:29,942 [INFO]    -> Step 140/142 | LR: 0.01732 | Loss: 0.8983 | Grad: 19.0638 | P@5: 80.0%
2026-03-11 21:32:33,908 [INFO] Epoch 36/120 | Loss: 1.2213 | Grad Avg: 34.2025 | P@5: 72.0%
2026-03-11 21:32:42,476 [INFO]    -> Step 20/142 | LR: 0.01731 | Loss: 2.3527 | Grad: 100.1902 | P@5: 40.0%
2026-03-11 21:32:50,892 [INFO]    -> Step 40/142 | LR: 0.01729 | Loss: 0.6258 | Grad: 8.2765 | P@5: 100.0%
2026-03-11 21:32:58,866 [INFO]    -> Step 60/142 | LR: 0.01727 | Loss: 1.1114 | Grad: 14.5046 | P@5: 80.0%
2026-03-11 21:33:07,167 [INFO]    -> Step 80/142 | LR: 0.01726 | Loss: 1.0575 | Grad: 6.9054 | P@5: 60.0%
2026-03-11 21:33:15,657 [INFO]    -> Step 100/142 | LR: 0.01724 | Loss: 4.8035 | Grad: 133.9084 | P@5: 40.0%
2026-03-11 21:33:24,421 [INFO]    -> Step 120/142 | LR: 0.01723 | Loss: 0.9342 | Grad: 10.5895 | P@5: 80.0%
2026-03-11 21:33:32,976 [INFO]    -> Step 140/142 | LR: 0.01721 | Loss: 0.6655 | Grad: 5.2614 | P@5: 80.0%
2026-03-11 21:33:36,734 [INFO] Epoch 37/120 | Loss: 1.0732 | Grad Avg: 24.8866 | P@5: 70.4%
2026-03-11 21:33:45,153 [INFO]    -> Step 20/142 | LR: 0.01719 | Loss: 0.3894 | Grad: 7.0404 | P@5: 80.0%
2026-03-11 21:33:53,841 [INFO]    -> Step 40/142 | LR: 0.01717 | Loss: 1.0836 | Grad: 10.0058 | P@5: 80.0%
2026-03-11 21:34:02,621 [INFO]    -> Step 60/142 | LR: 0.01716 | Loss: 1.2491 | Grad: 15.1558 | P@5: 60.0%
2026-03-11 21:34:12,066 [INFO]    -> Step 80/142 | LR: 0.01714 | Loss: 2.6718 | Grad: 34.8288 | P@5: 60.0%
2026-03-11 21:34:21,242 [INFO]    -> Step 100/142 | LR: 0.01712 | Loss: 0.5855 | Grad: 12.2311 | P@5: 60.0%
2026-03-11 21:34:30,484 [INFO]    -> Step 120/142 | LR: 0.01710 | Loss: 0.5427 | Grad: 40.2114 | P@5: 60.0%
2026-03-11 21:34:39,669 [INFO]    -> Step 140/142 | LR: 0.01708 | Loss: 0.4317 | Grad: 9.5829 | P@5: 80.0%
2026-03-11 21:34:43,744 [INFO] Epoch 38/120 | Loss: 1.1729 | Grad Avg: 35.5933 | P@5: 71.7%
2026-03-11 21:34:53,497 [INFO]    -> Step 20/142 | LR: 0.01706 | Loss: 1.2818 | Grad: 9.5697 | P@5: 80.0%
2026-03-11 21:35:03,045 [INFO]    -> Step 40/142 | LR: 0.01705 | Loss: 1.0081 | Grad: 17.7776 | P@5: 80.0%
2026-03-11 21:35:11,780 [INFO]    -> Step 60/142 | LR: 0.01703 | Loss: 0.7342 | Grad: 7.5900 | P@5: 80.0%
2026-03-11 21:35:20,615 [INFO]    -> Step 80/142 | LR: 0.01701 | Loss: 0.9226 | Grad: 5.4181 | P@5: 80.0%
2026-03-11 21:35:29,773 [INFO]    -> Step 100/142 | LR: 0.01699 | Loss: 0.4054 | Grad: 6.5845 | P@5: 80.0%
2026-03-11 21:35:38,398 [INFO]    -> Step 120/142 | LR: 0.01697 | Loss: 0.3371 | Grad: 6.9579 | P@5: 100.0%
2026-03-11 21:35:46,655 [INFO]    -> Step 140/142 | LR: 0.01695 | Loss: 1.8675 | Grad: 8.3225 | P@5: 60.0%
2026-03-11 21:35:50,206 [INFO] Epoch 39/120 | Loss: 1.1405 | Grad Avg: 35.3667 | P@5: 71.2%
2026-03-11 21:35:57,833 [INFO]    -> Step 20/142 | LR: 0.01693 | Loss: 0.9467 | Grad: 33.8499 | P@5: 80.0%
2026-03-11 21:36:05,645 [INFO]    -> Step 40/142 | LR: 0.01691 | Loss: 1.5572 | Grad: 9.7078 | P@5: 80.0%
2026-03-11 21:36:13,876 [INFO]    -> Step 60/142 | LR: 0.01689 | Loss: 0.5874 | Grad: 10.0810 | P@5: 60.0%
2026-03-11 21:36:22,280 [INFO]    -> Step 80/142 | LR: 0.01687 | Loss: 0.6146 | Grad: 16.0166 | P@5: 80.0%
2026-03-11 21:36:30,476 [INFO]    -> Step 100/142 | LR: 0.01685 | Loss: 0.4391 | Grad: 11.8281 | P@5: 80.0%
2026-03-11 21:36:38,592 [INFO]    -> Step 120/142 | LR: 0.01683 | Loss: 1.1106 | Grad: 11.6245 | P@5: 60.0%
2026-03-11 21:36:46,870 [INFO]    -> Step 140/142 | LR: 0.01681 | Loss: 0.5399 | Grad: 10.5262 | P@5: 60.0%
2026-03-11 21:36:50,701 [INFO] Epoch 40/120 | Loss: 1.1694 | Grad Avg: 27.3909 | P@5: 12.0%
2026-03-11 21:36:59,362 [INFO]    -> Step 20/142 | LR: 0.01679 | Loss: 2.2869 | Grad: 10.1552 | P@5: 60.0%
2026-03-11 21:37:07,994 [INFO]    -> Step 40/142 | LR: 0.01677 | Loss: 0.2620 | Grad: 4.4170 | P@5: 80.0%
2026-03-11 21:37:16,802 [INFO]    -> Step 60/142 | LR: 0.01675 | Loss: 1.0100 | Grad: 12.1342 | P@5: 80.0%
2026-03-11 21:37:25,884 [INFO]    -> Step 80/142 | LR: 0.01673 | Loss: 1.1130 | Grad: 8.9591 | P@5: 60.0%
2026-03-11 21:37:35,285 [INFO]    -> Step 100/142 | LR: 0.01670 | Loss: 0.4180 | Grad: 21.1497 | P@5: 80.0%
2026-03-11 21:37:44,360 [INFO]    -> Step 120/142 | LR: 0.01668 | Loss: 0.4865 | Grad: 11.2997 | P@5: 80.0%
2026-03-11 21:37:52,969 [INFO]    -> Step 140/142 | LR: 0.01666 | Loss: 0.8544 | Grad: 18.5102 | P@5: 80.0%
2026-03-11 21:37:56,948 [INFO] Epoch 41/120 | Loss: 1.1835 | Grad Avg: 34.8773 | P@5: 71.2%
2026-03-11 21:38:05,004 [INFO]    -> Step 20/142 | LR: 0.01664 | Loss: 0.5897 | Grad: 17.5771 | P@5: 60.0%
2026-03-11 21:38:12,979 [INFO]    -> Step 40/142 | LR: 0.01662 | Loss: 1.2441 | Grad: 23.8478 | P@5: 80.0%
2026-03-11 21:38:21,341 [INFO]    -> Step 60/142 | LR: 0.01659 | Loss: 0.5274 | Grad: 9.8238 | P@5: 80.0%
2026-03-11 21:38:30,158 [INFO]    -> Step 80/142 | LR: 0.01657 | Loss: 0.2033 | Grad: 11.8712 | P@5: 80.0%
2026-03-11 21:38:38,173 [INFO]    -> Step 100/142 | LR: 0.01655 | Loss: 0.7224 | Grad: 24.3953 | P@5: 60.0%
2026-03-11 21:38:45,343 [INFO]    -> Step 120/142 | LR: 0.01653 | Loss: 1.3205 | Grad: 13.8732 | P@5: 80.0%
2026-03-11 21:38:52,065 [INFO]    -> Step 140/142 | LR: 0.01650 | Loss: 0.3856 | Grad: 19.0915 | P@5: 100.0%
2026-03-11 21:38:55,506 [INFO] Epoch 42/120 | Loss: 1.0976 | Grad Avg: 28.7435 | P@5: 69.6%
2026-03-11 21:39:02,055 [INFO]    -> Step 20/142 | LR: 0.01648 | Loss: 1.3689 | Grad: 23.5854 | P@5: 80.0%
2026-03-11 21:39:08,624 [INFO]    -> Step 40/142 | LR: 0.01646 | Loss: 0.2546 | Grad: 9.8662 | P@5: 80.0%
2026-03-11 21:39:16,600 [INFO]    -> Step 60/142 | LR: 0.01643 | Loss: 0.5275 | Grad: 101.4718 | P@5: 80.0%
2026-03-11 21:39:32,541 [INFO]    -> Step 80/142 | LR: 0.01641 | Loss: 1.2175 | Grad: 22.4497 | P@5: 80.0%
2026-03-11 21:39:48,778 [INFO]    -> Step 100/142 | LR: 0.01639 | Loss: 0.9174 | Grad: 10.6913 | P@5: 80.0%
2026-03-11 21:40:05,178 [INFO]    -> Step 120/142 | LR: 0.01636 | Loss: 0.3710 | Grad: 12.7537 | P@5: 80.0%
2026-03-11 21:40:20,899 [INFO]    -> Step 140/142 | LR: 0.01634 | Loss: 1.4984 | Grad: 21.2326 | P@5: 60.0%
2026-03-11 21:40:30,898 [INFO] Epoch 43/120 | Loss: 0.9615 | Grad Avg: 35.4682 | P@5: 72.4%
2026-03-11 21:40:30,907 [INFO] ⭐ Novo Recorde: 72.4%
2026-03-11 21:40:45,566 [INFO]    -> Step 20/142 | LR: 0.01631 | Loss: 0.7494 | Grad: 20.8069 | P@5: 80.0%
2026-03-11 21:40:59,853 [INFO]    -> Step 40/142 | LR: 0.01629 | Loss: 0.9261 | Grad: 8.3674 | P@5: 80.0%
2026-03-11 21:41:14,481 [INFO]    -> Step 60/142 | LR: 0.01626 | Loss: 0.9555 | Grad: 19.3220 | P@5: 80.0%
2026-03-11 21:41:29,270 [INFO]    -> Step 80/142 | LR: 0.01624 | Loss: 3.1346 | Grad: 50.4499 | P@5: 40.0%
2026-03-11 21:41:44,379 [INFO]    -> Step 100/142 | LR: 0.01621 | Loss: 1.2961 | Grad: 5.7097 | P@5: 60.0%
2026-03-11 21:41:58,915 [INFO]    -> Step 120/142 | LR: 0.01619 | Loss: 1.9462 | Grad: 16.1718 | P@5: 60.0%
2026-03-11 21:42:12,236 [INFO]    -> Step 140/142 | LR: 0.01617 | Loss: 0.5995 | Grad: 7.9132 | P@5: 80.0%
2026-03-11 21:42:21,977 [INFO] Epoch 44/120 | Loss: 1.1138 | Grad Avg: 31.9981 | P@5: 72.7%
2026-03-11 21:42:21,986 [INFO] ⭐ Novo Recorde: 72.7%
2026-03-11 21:42:35,517 [INFO]    -> Step 20/142 | LR: 0.01614 | Loss: 1.7846 | Grad: 19.2912 | P@5: 60.0%
2026-03-11 21:42:49,314 [INFO]    -> Step 40/142 | LR: 0.01611 | Loss: 0.3397 | Grad: 9.0173 | P@5: 100.0%
2026-03-11 21:43:03,681 [INFO]    -> Step 60/142 | LR: 0.01609 | Loss: 0.3493 | Grad: 2.9774 | P@5: 80.0%
2026-03-11 21:43:18,778 [INFO]    -> Step 80/142 | LR: 0.01606 | Loss: 0.5054 | Grad: 25.0030 | P@5: 80.0%
2026-03-11 21:43:33,616 [INFO]    -> Step 100/142 | LR: 0.01604 | Loss: 1.1130 | Grad: 120.5987 | P@5: 40.0%
2026-03-11 21:43:48,363 [INFO]    -> Step 120/142 | LR: 0.01601 | Loss: 0.4038 | Grad: 9.3659 | P@5: 80.0%
2026-03-11 21:44:03,091 [INFO]    -> Step 140/142 | LR: 0.01598 | Loss: 1.5995 | Grad: 5.8619 | P@5: 60.0%
2026-03-11 21:44:06,838 [INFO] Epoch 45/120 | Loss: 1.0230 | Grad Avg: 30.5793 | P@5: 72.0%
2026-03-11 21:44:13,162 [INFO]    -> Step 20/142 | LR: 0.01596 | Loss: 0.2930 | Grad: 6.2715 | P@5: 80.0%
2026-03-11 21:44:19,317 [INFO]    -> Step 40/142 | LR: 0.01593 | Loss: 2.0487 | Grad: 23.2166 | P@5: 60.0%
2026-03-11 21:44:26,341 [INFO]    -> Step 60/142 | LR: 0.01590 | Loss: 1.2703 | Grad: 3.6805 | P@5: 60.0%
2026-03-11 21:44:33,726 [INFO]    -> Step 80/142 | LR: 0.01588 | Loss: 0.4613 | Grad: 10.9010 | P@5: 60.0%
2026-03-11 21:44:41,000 [INFO]    -> Step 100/142 | LR: 0.01585 | Loss: 2.9064 | Grad: 194.8954 | P@5: 60.0%
2026-03-11 21:44:48,006 [INFO]    -> Step 120/142 | LR: 0.01582 | Loss: 0.4240 | Grad: 13.4790 | P@5: 80.0%
2026-03-11 21:44:55,709 [INFO]    -> Step 140/142 | LR: 0.01580 | Loss: 0.4446 | Grad: 14.6343 | P@5: 80.0%
2026-03-11 21:44:59,174 [INFO] Epoch 46/120 | Loss: 0.9647 | Grad Avg: 27.8096 | P@5: 72.0%
2026-03-11 21:45:06,963 [INFO]    -> Step 20/142 | LR: 0.01577 | Loss: 2.1154 | Grad: 6.3717 | P@5: 60.0%
2026-03-11 21:45:14,431 [INFO]    -> Step 40/142 | LR: 0.01574 | Loss: 0.2264 | Grad: 8.6297 | P@5: 80.0%
2026-03-11 21:45:21,877 [INFO]    -> Step 60/142 | LR: 0.01571 | Loss: 2.1973 | Grad: 10.7680 | P@5: 60.0%
2026-03-11 21:45:29,897 [INFO]    -> Step 80/142 | LR: 0.01568 | Loss: 0.7096 | Grad: 15.4396 | P@5: 80.0%
2026-03-11 21:45:37,711 [INFO]    -> Step 100/142 | LR: 0.01566 | Loss: 0.4159 | Grad: 13.5997 | P@5: 60.0%
2026-03-11 21:45:45,618 [INFO]    -> Step 120/142 | LR: 0.01563 | Loss: 0.8912 | Grad: 8.7885 | P@5: 60.0%
2026-03-11 21:45:53,685 [INFO]    -> Step 140/142 | LR: 0.01560 | Loss: 3.0112 | Grad: 18.4150 | P@5: 80.0%
2026-03-11 21:45:57,209 [INFO] Epoch 47/120 | Loss: 1.1493 | Grad Avg: 28.4759 | P@5: 62.7%
2026-03-11 21:46:04,874 [INFO]    -> Step 20/142 | LR: 0.01557 | Loss: 1.2540 | Grad: 147.6102 | P@5: 80.0%
2026-03-11 21:46:12,152 [INFO]    -> Step 40/142 | LR: 0.01554 | Loss: 1.8955 | Grad: 40.1990 | P@5: 60.0%
2026-03-11 21:46:19,841 [INFO]    -> Step 60/142 | LR: 0.01551 | Loss: 0.5485 | Grad: 27.8956 | P@5: 80.0%
2026-03-11 21:46:27,544 [INFO]    -> Step 80/142 | LR: 0.01549 | Loss: 0.8799 | Grad: 8.7651 | P@5: 60.0%
2026-03-11 21:46:35,245 [INFO]    -> Step 100/142 | LR: 0.01546 | Loss: 1.0336 | Grad: 35.2828 | P@5: 40.0%
2026-03-11 21:46:42,645 [INFO]    -> Step 120/142 | LR: 0.01543 | Loss: 1.4768 | Grad: 233.0387 | P@5: 60.0%
2026-03-11 21:46:50,443 [INFO]    -> Step 140/142 | LR: 0.01540 | Loss: 3.3601 | Grad: 143.0587 | P@5: 40.0%
2026-03-11 21:46:53,959 [INFO] Epoch 48/120 | Loss: 1.4202 | Grad Avg: 36.8724 | P@5: 72.5%
2026-03-11 21:47:01,340 [INFO]    -> Step 20/142 | LR: 0.01537 | Loss: 1.3003 | Grad: 38.0952 | P@5: 80.0%
2026-03-11 21:47:08,630 [INFO]    -> Step 40/142 | LR: 0.01534 | Loss: 0.4953 | Grad: 11.7653 | P@5: 80.0%
2026-03-11 21:47:16,492 [INFO]    -> Step 60/142 | LR: 0.01531 | Loss: 0.6836 | Grad: 5.5944 | P@5: 80.0%
2026-03-11 21:47:24,389 [INFO]    -> Step 80/142 | LR: 0.01528 | Loss: 0.7799 | Grad: 10.1975 | P@5: 80.0%
2026-03-11 21:47:32,945 [INFO]    -> Step 100/142 | LR: 0.01525 | Loss: 0.4205 | Grad: 13.2471 | P@5: 80.0%
2026-03-11 21:47:41,576 [INFO]    -> Step 120/142 | LR: 0.01522 | Loss: 1.5130 | Grad: 22.8629 | P@5: 80.0%
2026-03-11 21:47:50,247 [INFO]    -> Step 140/142 | LR: 0.01519 | Loss: 0.5055 | Grad: 12.6415 | P@5: 80.0%
2026-03-11 21:47:54,121 [INFO] Epoch 49/120 | Loss: 1.0536 | Grad Avg: 33.4387 | P@5: 70.9%
2026-03-11 21:48:03,002 [INFO]    -> Step 20/142 | LR: 0.01516 | Loss: 0.3398 | Grad: 40.4345 | P@5: 80.0%
2026-03-11 21:48:11,691 [INFO]    -> Step 40/142 | LR: 0.01513 | Loss: 1.1999 | Grad: 33.8275 | P@5: 80.0%
2026-03-11 21:48:20,593 [INFO]    -> Step 60/142 | LR: 0.01510 | Loss: 0.8729 | Grad: 14.4386 | P@5: 80.0%
2026-03-11 21:48:29,675 [INFO]    -> Step 80/142 | LR: 0.01507 | Loss: 1.3232 | Grad: 151.0323 | P@5: 60.0%
2026-03-11 21:48:38,275 [INFO]    -> Step 100/142 | LR: 0.01504 | Loss: 1.5710 | Grad: 14.0138 | P@5: 60.0%
2026-03-11 21:48:47,023 [INFO]    -> Step 120/142 | LR: 0.01501 | Loss: 0.6667 | Grad: 30.4379 | P@5: 80.0%
2026-03-11 21:48:55,812 [INFO]    -> Step 140/142 | LR: 0.01497 | Loss: 0.7550 | Grad: 11.7333 | P@5: 60.0%
2026-03-11 21:49:00,100 [INFO] Epoch 50/120 | Loss: 1.0088 | Grad Avg: 30.5853 | P@5: 72.8%
2026-03-11 21:49:00,107 [INFO] ⭐ Novo Recorde: 72.8%
2026-03-11 21:49:09,640 [INFO]    -> Step 20/142 | LR: 0.01494 | Loss: 0.5811 | Grad: 15.2189 | P@5: 60.0%
2026-03-11 21:49:18,900 [INFO]    -> Step 40/142 | LR: 0.01491 | Loss: 2.5142 | Grad: 241.5036 | P@5: 60.0%
2026-03-11 21:49:28,456 [INFO]    -> Step 60/142 | LR: 0.01488 | Loss: 0.4085 | Grad: 9.1679 | P@5: 80.0%
2026-03-11 21:49:37,821 [INFO]    -> Step 80/142 | LR: 0.01485 | Loss: 0.4487 | Grad: 11.7425 | P@5: 80.0%
2026-03-11 21:49:46,156 [INFO]    -> Step 100/142 | LR: 0.01482 | Loss: 0.7547 | Grad: 9.9243 | P@5: 60.0%
2026-03-11 21:49:54,334 [INFO]    -> Step 120/142 | LR: 0.01478 | Loss: 1.3247 | Grad: 56.8243 | P@5: 60.0%
2026-03-11 21:50:02,080 [INFO]    -> Step 140/142 | LR: 0.01475 | Loss: 1.3354 | Grad: 37.0114 | P@5: 60.0%
2026-03-11 21:50:05,545 [INFO] Epoch 51/120 | Loss: 1.0471 | Grad Avg: 37.2477 | P@5: 65.0%
2026-03-11 21:50:13,139 [INFO]    -> Step 20/142 | LR: 0.01472 | Loss: 1.6470 | Grad: 16.4760 | P@5: 80.0%
2026-03-11 21:50:20,713 [INFO]    -> Step 40/142 | LR: 0.01469 | Loss: 1.1602 | Grad: 17.4195 | P@5: 80.0%
2026-03-11 21:50:28,753 [INFO]    -> Step 60/142 | LR: 0.01465 | Loss: 0.7584 | Grad: 31.6564 | P@5: 80.0%
2026-03-11 21:50:37,248 [INFO]    -> Step 80/142 | LR: 0.01462 | Loss: 0.6043 | Grad: 16.6315 | P@5: 80.0%
2026-03-11 21:50:46,043 [INFO]    -> Step 100/142 | LR: 0.01459 | Loss: 0.5268 | Grad: 7.9333 | P@5: 80.0%
2026-03-11 21:50:54,545 [INFO]    -> Step 120/142 | LR: 0.01456 | Loss: 0.5444 | Grad: 25.6870 | P@5: 100.0%
2026-03-11 21:51:03,187 [INFO]    -> Step 140/142 | LR: 0.01452 | Loss: 0.7600 | Grad: 6.2698 | P@5: 80.0%
2026-03-11 21:51:07,016 [INFO] Epoch 52/120 | Loss: 1.2324 | Grad Avg: 40.8181 | P@5: 72.3%
2026-03-11 21:51:15,291 [INFO]    -> Step 20/142 | LR: 0.01449 | Loss: 0.9405 | Grad: 12.7627 | P@5: 80.0%
2026-03-11 21:51:23,991 [INFO]    -> Step 40/142 | LR: 0.01446 | Loss: 0.5426 | Grad: 17.3696 | P@5: 100.0%
2026-03-11 21:51:33,318 [INFO]    -> Step 60/142 | LR: 0.01442 | Loss: 0.5528 | Grad: 16.2495 | P@5: 80.0%
2026-03-11 21:51:42,759 [INFO]    -> Step 80/142 | LR: 0.01439 | Loss: 2.0683 | Grad: 8.1519 | P@5: 40.0%
2026-03-11 21:51:51,465 [INFO]    -> Step 100/142 | LR: 0.01436 | Loss: 0.3887 | Grad: 49.9572 | P@5: 100.0%
2026-03-11 21:51:59,804 [INFO]    -> Step 120/142 | LR: 0.01432 | Loss: 1.3374 | Grad: 15.9513 | P@5: 80.0%
2026-03-11 21:52:08,443 [INFO]    -> Step 140/142 | LR: 0.01429 | Loss: 1.4804 | Grad: 13.1501 | P@5: 60.0%
2026-03-11 21:52:13,041 [INFO] Epoch 53/120 | Loss: 1.0857 | Grad Avg: 30.7480 | P@5: 71.7%
2026-03-11 21:52:22,296 [INFO]    -> Step 20/142 | LR: 0.01425 | Loss: 1.9694 | Grad: 32.0278 | P@5: 60.0%
2026-03-11 21:52:31,548 [INFO]    -> Step 40/142 | LR: 0.01422 | Loss: 1.2766 | Grad: 7.2208 | P@5: 60.0%
2026-03-11 21:52:41,153 [INFO]    -> Step 60/142 | LR: 0.01419 | Loss: 1.0690 | Grad: 82.4992 | P@5: 60.0%
2026-03-11 21:52:50,644 [INFO]    -> Step 80/142 | LR: 0.01415 | Loss: 1.4083 | Grad: 15.3655 | P@5: 60.0%
2026-03-11 21:52:58,925 [INFO]    -> Step 100/142 | LR: 0.01412 | Loss: 0.7849 | Grad: 98.4589 | P@5: 80.0%
2026-03-11 21:53:06,889 [INFO]    -> Step 120/142 | LR: 0.01409 | Loss: 0.3627 | Grad: 3.7831 | P@5: 80.0%
2026-03-11 21:53:14,643 [INFO]    -> Step 140/142 | LR: 0.01405 | Loss: 1.2441 | Grad: 7.9791 | P@5: 60.0%
2026-03-11 21:53:18,208 [INFO] Epoch 54/120 | Loss: 1.0261 | Grad Avg: 27.9188 | P@5: 71.6%
2026-03-11 21:53:26,160 [INFO]    -> Step 20/142 | LR: 0.01401 | Loss: 3.6040 | Grad: 253.6038 | P@5: 40.0%
2026-03-11 21:53:34,508 [INFO]    -> Step 40/142 | LR: 0.01398 | Loss: 0.6169 | Grad: 32.9232 | P@5: 60.0%
2026-03-11 21:53:42,917 [INFO]    -> Step 60/142 | LR: 0.01395 | Loss: 2.4789 | Grad: 14.9766 | P@5: 40.0%
2026-03-11 21:53:50,892 [INFO]    -> Step 80/142 | LR: 0.01391 | Loss: 1.3567 | Grad: 15.6780 | P@5: 60.0%
2026-03-11 21:53:58,449 [INFO]    -> Step 100/142 | LR: 0.01388 | Loss: 0.9981 | Grad: 38.5636 | P@5: 80.0%
2026-03-11 21:54:05,819 [INFO]    -> Step 120/142 | LR: 0.01384 | Loss: 1.8111 | Grad: 17.5774 | P@5: 40.0%
2026-03-11 21:54:13,189 [INFO]    -> Step 140/142 | LR: 0.01381 | Loss: 0.5261 | Grad: 24.5584 | P@5: 100.0%
2026-03-11 21:54:16,778 [INFO] Epoch 55/120 | Loss: 1.2882 | Grad Avg: 53.1598 | P@5: 56.1%
2026-03-11 21:54:24,428 [INFO]    -> Step 20/142 | LR: 0.01377 | Loss: 0.3764 | Grad: 15.9377 | P@5: 100.0%
2026-03-11 21:54:31,980 [INFO]    -> Step 40/142 | LR: 0.01373 | Loss: 0.3794 | Grad: 10.5260 | P@5: 80.0%
2026-03-11 21:54:39,403 [INFO]    -> Step 60/142 | LR: 0.01370 | Loss: 0.3670 | Grad: 96.5316 | P@5: 80.0%
2026-03-11 21:54:47,144 [INFO]    -> Step 80/142 | LR: 0.01366 | Loss: 1.8190 | Grad: 25.5516 | P@5: 40.0%
2026-03-11 21:54:55,129 [INFO]    -> Step 100/142 | LR: 0.01363 | Loss: 0.3090 | Grad: 23.5290 | P@5: 100.0%
2026-03-11 21:55:03,078 [INFO]    -> Step 120/142 | LR: 0.01359 | Loss: 1.2027 | Grad: 14.7185 | P@5: 80.0%
2026-03-11 21:55:11,426 [INFO]    -> Step 140/142 | LR: 0.01356 | Loss: 3.4603 | Grad: 38.0092 | P@5: 40.0%
2026-03-11 21:55:15,328 [INFO] Epoch 56/120 | Loss: 1.0339 | Grad Avg: 28.2051 | P@5: 72.2%
2026-03-11 21:55:23,202 [INFO]    -> Step 20/142 | LR: 0.01352 | Loss: 0.3985 | Grad: 15.5398 | P@5: 100.0%
2026-03-11 21:55:30,586 [INFO]    -> Step 40/142 | LR: 0.01348 | Loss: 1.1056 | Grad: 60.2357 | P@5: 60.0%
2026-03-11 21:55:38,348 [INFO]    -> Step 60/142 | LR: 0.01345 | Loss: 0.5791 | Grad: 9.2994 | P@5: 80.0%
2026-03-11 21:55:46,385 [INFO]    -> Step 80/142 | LR: 0.01341 | Loss: 0.6393 | Grad: 13.6620 | P@5: 60.0%
2026-03-11 21:55:54,534 [INFO]    -> Step 100/142 | LR: 0.01337 | Loss: 0.7916 | Grad: 15.5340 | P@5: 80.0%
2026-03-11 21:56:02,378 [INFO]    -> Step 120/142 | LR: 0.01334 | Loss: 0.3869 | Grad: 33.6175 | P@5: 100.0%
2026-03-11 21:56:09,634 [INFO]    -> Step 140/142 | LR: 0.01330 | Loss: 0.8640 | Grad: 14.0837 | P@5: 80.0%
2026-03-11 21:56:13,194 [INFO] Epoch 57/120 | Loss: 0.9693 | Grad Avg: 25.9884 | P@5: 72.0%
2026-03-11 21:56:20,502 [INFO]    -> Step 20/142 | LR: 0.01326 | Loss: 0.8083 | Grad: 15.1425 | P@5: 80.0%
2026-03-11 21:56:27,523 [INFO]    -> Step 40/142 | LR: 0.01323 | Loss: 0.5366 | Grad: 6.0422 | P@5: 100.0%
2026-03-11 21:56:34,552 [INFO]    -> Step 60/142 | LR: 0.01319 | Loss: 0.8031 | Grad: 38.1363 | P@5: 60.0%
2026-03-11 21:56:41,561 [INFO]    -> Step 80/142 | LR: 0.01315 | Loss: 0.4888 | Grad: 14.2826 | P@5: 80.0%
2026-03-11 21:56:48,502 [INFO]    -> Step 100/142 | LR: 0.01312 | Loss: 0.3804 | Grad: 7.4554 | P@5: 80.0%
2026-03-11 21:56:55,355 [INFO]    -> Step 120/142 | LR: 0.01308 | Loss: 1.0545 | Grad: 9.8221 | P@5: 80.0%
2026-03-11 21:57:02,376 [INFO]    -> Step 140/142 | LR: 0.01304 | Loss: 1.0038 | Grad: 5.1646 | P@5: 80.0%
2026-03-11 21:57:05,929 [INFO] Epoch 58/120 | Loss: 0.9368 | Grad Avg: 25.8567 | P@5: 70.9%
2026-03-11 21:57:12,854 [INFO]    -> Step 20/142 | LR: 0.01300 | Loss: 0.5361 | Grad: 52.8900 | P@5: 80.0%
2026-03-11 21:57:19,993 [INFO]    -> Step 40/142 | LR: 0.01297 | Loss: 1.3838 | Grad: 19.0982 | P@5: 60.0%
2026-03-11 21:57:27,067 [INFO]    -> Step 60/142 | LR: 0.01293 | Loss: 1.7362 | Grad: 11.9867 | P@5: 60.0%
2026-03-11 21:57:34,053 [INFO]    -> Step 80/142 | LR: 0.01289 | Loss: 0.8913 | Grad: 4.2364 | P@5: 60.0%
2026-03-11 21:57:41,327 [INFO]    -> Step 100/142 | LR: 0.01285 | Loss: 1.4781 | Grad: 18.9729 | P@5: 60.0%
2026-03-11 21:57:48,451 [INFO]    -> Step 120/142 | LR: 0.01282 | Loss: 0.6488 | Grad: 25.3539 | P@5: 80.0%
2026-03-11 21:57:56,134 [INFO]    -> Step 140/142 | LR: 0.01278 | Loss: 1.2449 | Grad: 9.4351 | P@5: 60.0%
2026-03-11 21:57:59,923 [INFO] Epoch 59/120 | Loss: 1.1207 | Grad Avg: 23.5895 | P@5: 73.2%
2026-03-11 21:57:59,929 [INFO] ⭐ Novo Recorde: 73.2%
2026-03-11 21:58:07,854 [INFO]    -> Step 20/142 | LR: 0.01274 | Loss: 1.3216 | Grad: 12.2384 | P@5: 60.0%
2026-03-11 21:58:15,569 [INFO]    -> Step 40/142 | LR: 0.01270 | Loss: 2.0178 | Grad: 28.8556 | P@5: 80.0%
2026-03-11 21:58:22,893 [INFO]    -> Step 60/142 | LR: 0.01266 | Loss: 0.5771 | Grad: 6.9441 | P@5: 80.0%
2026-03-11 21:58:30,102 [INFO]    -> Step 80/142 | LR: 0.01263 | Loss: 0.8269 | Grad: 15.5528 | P@5: 80.0%
2026-03-11 21:58:37,894 [INFO]    -> Step 100/142 | LR: 0.01259 | Loss: 0.8603 | Grad: 9.4094 | P@5: 80.0%
2026-03-11 21:58:45,958 [INFO]    -> Step 120/142 | LR: 0.01255 | Loss: 0.9776 | Grad: 9.7416 | P@5: 80.0%
2026-03-11 21:58:56,060 [INFO]    -> Step 140/142 | LR: 0.01251 | Loss: 0.7370 | Grad: 7.4486 | P@5: 80.0%
2026-03-11 21:59:06,120 [INFO] Epoch 60/120 | Loss: 1.1036 | Grad Avg: 32.9297 | P@5: 72.7%
2026-03-11 21:59:21,162 [INFO]    -> Step 20/142 | LR: 0.01247 | Loss: 1.4020 | Grad: 35.2069 | P@5: 80.0%
2026-03-11 21:59:36,282 [INFO]    -> Step 40/142 | LR: 0.01243 | Loss: 0.5701 | Grad: 22.1740 | P@5: 80.0%
2026-03-11 21:59:44,382 [INFO]    -> Step 60/142 | LR: 0.01239 | Loss: 0.8903 | Grad: 10.9105 | P@5: 80.0%
2026-03-11 21:59:51,003 [INFO]    -> Step 80/142 | LR: 0.01236 | Loss: 0.9233 | Grad: 134.6523 | P@5: 60.0%
2026-03-11 21:59:57,913 [INFO]    -> Step 100/142 | LR: 0.01232 | Loss: 1.5254 | Grad: 64.5103 | P@5: 60.0%
2026-03-11 22:00:04,732 [INFO]    -> Step 120/142 | LR: 0.01228 | Loss: 1.6583 | Grad: 11.3838 | P@5: 80.0%
2026-03-11 22:00:11,786 [INFO]    -> Step 140/142 | LR: 0.01224 | Loss: 0.9232 | Grad: 32.2562 | P@5: 80.0%
2026-03-11 22:00:15,261 [INFO] Epoch 61/120 | Loss: 0.9521 | Grad Avg: 20.4194 | P@5: 73.0%
2026-03-11 22:00:22,659 [INFO]    -> Step 20/142 | LR: 0.01220 | Loss: 0.4565 | Grad: 7.6980 | P@5: 80.0%
2026-03-11 22:00:30,417 [INFO]    -> Step 40/142 | LR: 0.01216 | Loss: 1.1739 | Grad: 11.1851 | P@5: 60.0%
2026-03-11 22:00:37,845 [INFO]    -> Step 60/142 | LR: 0.01212 | Loss: 0.3151 | Grad: 8.5363 | P@5: 80.0%
2026-03-11 22:00:45,420 [INFO]    -> Step 80/142 | LR: 0.01208 | Loss: 0.6294 | Grad: 10.0503 | P@5: 80.0%
2026-03-11 22:00:58,434 [INFO]    -> Step 100/142 | LR: 0.01204 | Loss: 0.8620 | Grad: 7.7350 | P@5: 80.0%
2026-03-11 22:01:06,175 [INFO]    -> Step 120/142 | LR: 0.01201 | Loss: 0.5220 | Grad: 12.1549 | P@5: 80.0%
2026-03-11 22:01:13,917 [INFO]    -> Step 140/142 | LR: 0.01197 | Loss: 0.2264 | Grad: 14.0083 | P@5: 80.0%
2026-03-11 22:01:17,421 [INFO] Epoch 62/120 | Loss: 0.9093 | Grad Avg: 33.6895 | P@5: 63.9%
2026-03-11 22:01:25,340 [INFO]    -> Step 20/142 | LR: 0.01192 | Loss: 1.7383 | Grad: 168.9171 | P@5: 60.0%
2026-03-11 22:01:33,288 [INFO]    -> Step 40/142 | LR: 0.01189 | Loss: 1.5049 | Grad: 128.4998 | P@5: 60.0%
2026-03-11 22:01:41,209 [INFO]    -> Step 60/142 | LR: 0.01185 | Loss: 1.5273 | Grad: 12.0440 | P@5: 60.0%
2026-03-11 22:01:49,184 [INFO]    -> Step 80/142 | LR: 0.01181 | Loss: 0.5109 | Grad: 209.7788 | P@5: 80.0%
2026-03-11 22:01:57,328 [INFO]    -> Step 100/142 | LR: 0.01177 | Loss: 0.8009 | Grad: 17.3598 | P@5: 80.0%
2026-03-11 22:02:06,052 [INFO]    -> Step 120/142 | LR: 0.01173 | Loss: 0.4685 | Grad: 15.5071 | P@5: 100.0%
2026-03-11 22:02:14,549 [INFO]    -> Step 140/142 | LR: 0.01169 | Loss: 0.7851 | Grad: 14.0716 | P@5: 80.0%
2026-03-11 22:02:18,338 [INFO] Epoch 63/120 | Loss: 0.9552 | Grad Avg: 40.1880 | P@5: 72.9%
2026-03-11 22:02:27,406 [INFO]    -> Step 20/142 | LR: 0.01165 | Loss: 1.1106 | Grad: 13.7240 | P@5: 80.0%
2026-03-11 22:02:36,373 [INFO]    -> Step 40/142 | LR: 0.01161 | Loss: 0.2920 | Grad: 5.7744 | P@5: 80.0%
2026-03-11 22:02:45,302 [INFO]    -> Step 60/142 | LR: 0.01157 | Loss: 1.2778 | Grad: 16.1460 | P@5: 60.0%
2026-03-11 22:02:54,280 [INFO]    -> Step 80/142 | LR: 0.01153 | Loss: 0.8315 | Grad: 9.6272 | P@5: 60.0%
2026-03-11 22:03:03,202 [INFO]    -> Step 100/142 | LR: 0.01149 | Loss: 1.0879 | Grad: 22.9286 | P@5: 60.0%
2026-03-11 22:03:12,265 [INFO]    -> Step 120/142 | LR: 0.01145 | Loss: 0.4413 | Grad: 29.8671 | P@5: 100.0%
2026-03-11 22:03:21,125 [INFO]    -> Step 140/142 | LR: 0.01141 | Loss: 0.3688 | Grad: 27.0016 | P@5: 80.0%
2026-03-11 22:03:25,352 [INFO] Epoch 64/120 | Loss: 1.0035 | Grad Avg: 48.4217 | P@5: 72.2%
2026-03-11 22:03:34,698 [INFO]    -> Step 20/142 | LR: 0.01137 | Loss: 0.2382 | Grad: 14.5923 | P@5: 80.0%
2026-03-11 22:03:44,029 [INFO]    -> Step 40/142 | LR: 0.01133 | Loss: 0.4373 | Grad: 4.1269 | P@5: 80.0%
2026-03-11 22:03:53,737 [INFO]    -> Step 60/142 | LR: 0.01129 | Loss: 0.4101 | Grad: 18.9462 | P@5: 80.0%
2026-03-11 22:04:03,322 [INFO]    -> Step 80/142 | LR: 0.01125 | Loss: 0.3343 | Grad: 56.4556 | P@5: 80.0%
2026-03-11 22:04:12,978 [INFO]    -> Step 100/142 | LR: 0.01121 | Loss: 0.6404 | Grad: 16.4582 | P@5: 60.0%
2026-03-11 22:04:22,205 [INFO]    -> Step 120/142 | LR: 0.01117 | Loss: 1.3501 | Grad: 10.4667 | P@5: 60.0%
2026-03-11 22:04:30,906 [INFO]    -> Step 140/142 | LR: 0.01113 | Loss: 0.9837 | Grad: 14.0319 | P@5: 80.0%
2026-03-11 22:04:34,699 [INFO] Epoch 65/120 | Loss: 1.1277 | Grad Avg: 52.6999 | P@5: 70.0%
2026-03-11 22:04:42,659 [INFO]    -> Step 20/142 | LR: 0.01108 | Loss: 0.9352 | Grad: 12.9702 | P@5: 80.0%
2026-03-11 22:04:50,342 [INFO]    -> Step 40/142 | LR: 0.01104 | Loss: 2.4187 | Grad: 13.0696 | P@5: 40.0%
2026-03-11 22:04:58,275 [INFO]    -> Step 60/142 | LR: 0.01100 | Loss: 1.8234 | Grad: 36.0199 | P@5: 60.0%
2026-03-11 22:05:05,998 [INFO]    -> Step 80/142 | LR: 0.01096 | Loss: 1.2250 | Grad: 4.6413 | P@5: 60.0%
2026-03-11 22:05:14,022 [INFO]    -> Step 100/142 | LR: 0.01092 | Loss: 0.8493 | Grad: 15.8528 | P@5: 60.0%
2026-03-11 22:05:21,992 [INFO]    -> Step 120/142 | LR: 0.01088 | Loss: 0.8822 | Grad: 27.0832 | P@5: 80.0%
2026-03-11 22:05:30,394 [INFO]    -> Step 140/142 | LR: 0.01084 | Loss: 1.7865 | Grad: 8.5784 | P@5: 40.0%
2026-03-11 22:05:34,337 [INFO] Epoch 66/120 | Loss: 0.9495 | Grad Avg: 27.1889 | P@5: 70.9%
2026-03-11 22:05:42,893 [INFO]    -> Step 20/142 | LR: 0.01080 | Loss: 0.2178 | Grad: 9.7103 | P@5: 80.0%
2026-03-11 22:05:51,614 [INFO]    -> Step 40/142 | LR: 0.01076 | Loss: 1.0770 | Grad: 80.3601 | P@5: 60.0%
2026-03-11 22:06:00,028 [INFO]    -> Step 60/142 | LR: 0.01072 | Loss: 0.6017 | Grad: 6.7249 | P@5: 80.0%
2026-03-11 22:06:08,984 [INFO]    -> Step 80/142 | LR: 0.01067 | Loss: 0.4721 | Grad: 21.9193 | P@5: 60.0%
2026-03-11 22:06:17,625 [INFO]    -> Step 100/142 | LR: 0.01063 | Loss: 0.9851 | Grad: 12.5342 | P@5: 80.0%
2026-03-11 22:06:26,733 [INFO]    -> Step 120/142 | LR: 0.01059 | Loss: 1.6295 | Grad: 22.8629 | P@5: 60.0%
2026-03-11 22:06:35,895 [INFO]    -> Step 140/142 | LR: 0.01055 | Loss: 2.1049 | Grad: 19.0372 | P@5: 40.0%
2026-03-11 22:06:40,104 [INFO] Epoch 67/120 | Loss: 0.9174 | Grad Avg: 30.7627 | P@5: 72.2%
2026-03-11 22:06:49,491 [INFO]    -> Step 20/142 | LR: 0.01051 | Loss: 0.8250 | Grad: 32.2214 | P@5: 60.0%
2026-03-11 22:06:59,200 [INFO]    -> Step 40/142 | LR: 0.01047 | Loss: 1.0978 | Grad: 10.2848 | P@5: 60.0%
2026-03-11 22:07:09,289 [INFO]    -> Step 60/142 | LR: 0.01043 | Loss: 0.3409 | Grad: 26.6371 | P@5: 80.0%
2026-03-11 22:07:19,020 [INFO]    -> Step 80/142 | LR: 0.01039 | Loss: 1.0715 | Grad: 8.7451 | P@5: 60.0%
2026-03-11 22:07:29,346 [INFO]    -> Step 100/142 | LR: 0.01035 | Loss: 0.1552 | Grad: 11.0035 | P@5: 80.0%
2026-03-11 22:07:39,112 [INFO]    -> Step 120/142 | LR: 0.01031 | Loss: 1.2911 | Grad: 25.1214 | P@5: 60.0%
2026-03-11 22:07:48,001 [INFO]    -> Step 140/142 | LR: 0.01026 | Loss: 5.3514 | Grad: 15.8912 | P@5: 40.0%
2026-03-11 22:07:51,974 [INFO] Epoch 68/120 | Loss: 0.8743 | Grad Avg: 37.2767 | P@5: 69.8%
2026-03-11 22:08:00,741 [INFO]    -> Step 20/142 | LR: 0.01022 | Loss: 0.4387 | Grad: 13.2568 | P@5: 80.0%
2026-03-11 22:08:09,699 [INFO]    -> Step 40/142 | LR: 0.01018 | Loss: 0.4460 | Grad: 11.3014 | P@5: 60.0%
2026-03-11 22:08:18,147 [INFO]    -> Step 60/142 | LR: 0.01014 | Loss: 3.8406 | Grad: 332.4505 | P@5: 60.0%
2026-03-11 22:08:26,578 [INFO]    -> Step 80/142 | LR: 0.01010 | Loss: 1.2327 | Grad: 18.8266 | P@5: 60.0%
2026-03-11 22:08:35,208 [INFO]    -> Step 100/142 | LR: 0.01006 | Loss: 0.2396 | Grad: 12.3675 | P@5: 80.0%
2026-03-11 22:08:43,142 [INFO]    -> Step 120/142 | LR: 0.01002 | Loss: 0.3273 | Grad: 50.1887 | P@5: 80.0%
2026-03-11 22:08:51,142 [INFO]    -> Step 140/142 | LR: 0.00997 | Loss: 1.0996 | Grad: 21.3275 | P@5: 60.0%
2026-03-11 22:08:54,923 [INFO] Epoch 69/120 | Loss: 0.8957 | Grad Avg: 27.2327 | P@5: 72.3%
2026-03-11 22:09:02,749 [INFO]    -> Step 20/142 | LR: 0.00993 | Loss: 1.1782 | Grad: 222.7148 | P@5: 80.0%
2026-03-11 22:09:10,785 [INFO]    -> Step 40/142 | LR: 0.00989 | Loss: 0.3480 | Grad: 11.1160 | P@5: 60.0%
2026-03-11 22:09:18,941 [INFO]    -> Step 60/142 | LR: 0.00985 | Loss: 0.1538 | Grad: 2.4101 | P@5: 80.0%
2026-03-11 22:09:26,402 [INFO]    -> Step 80/142 | LR: 0.00981 | Loss: 1.4137 | Grad: 15.8045 | P@5: 60.0%
2026-03-11 22:09:34,353 [INFO]    -> Step 100/142 | LR: 0.00977 | Loss: 1.5059 | Grad: 12.3271 | P@5: 80.0%
2026-03-11 22:09:42,022 [INFO]    -> Step 120/142 | LR: 0.00972 | Loss: 1.6702 | Grad: 27.8500 | P@5: 60.0%
2026-03-11 22:09:49,888 [INFO]    -> Step 140/142 | LR: 0.00968 | Loss: 0.6388 | Grad: 20.3708 | P@5: 60.0%
2026-03-11 22:09:53,951 [INFO] Epoch 70/120 | Loss: 0.8642 | Grad Avg: 32.2557 | P@5: 72.5%
2026-03-11 22:10:02,043 [INFO]    -> Step 20/142 | LR: 0.00964 | Loss: 0.9456 | Grad: 16.1843 | P@5: 60.0%
2026-03-11 22:10:10,283 [INFO]    -> Step 40/142 | LR: 0.00960 | Loss: 0.2717 | Grad: 30.0064 | P@5: 80.0%
2026-03-11 22:10:18,513 [INFO]    -> Step 60/142 | LR: 0.00956 | Loss: 0.3278 | Grad: 58.0765 | P@5: 80.0%
2026-03-11 22:10:26,478 [INFO]    -> Step 80/142 | LR: 0.00951 | Loss: 1.1790 | Grad: 37.3083 | P@5: 60.0%
2026-03-11 22:10:34,287 [INFO]    -> Step 100/142 | LR: 0.00947 | Loss: 0.6109 | Grad: 18.0062 | P@5: 80.0%
2026-03-11 22:10:42,599 [INFO]    -> Step 120/142 | LR: 0.00943 | Loss: 1.0629 | Grad: 6.6507 | P@5: 80.0%
2026-03-11 22:10:51,036 [INFO]    -> Step 140/142 | LR: 0.00939 | Loss: 2.0252 | Grad: 12.8094 | P@5: 40.0%
2026-03-11 22:10:55,278 [INFO] Epoch 71/120 | Loss: 0.8430 | Grad Avg: 29.1371 | P@5: 64.4%
2026-03-11 22:11:03,634 [INFO]    -> Step 20/142 | LR: 0.00935 | Loss: 0.2226 | Grad: 2.6560 | P@5: 80.0%
2026-03-11 22:11:10,354 [INFO]    -> Step 40/142 | LR: 0.00930 | Loss: 0.2299 | Grad: 3.3916 | P@5: 80.0%
2026-03-11 22:11:17,043 [INFO]    -> Step 60/142 | LR: 0.00926 | Loss: 1.0283 | Grad: 17.6836 | P@5: 80.0%
2026-03-11 22:11:23,568 [INFO]    -> Step 80/142 | LR: 0.00922 | Loss: 0.6931 | Grad: 6.1327 | P@5: 80.0%
2026-03-11 22:11:30,147 [INFO]    -> Step 100/142 | LR: 0.00918 | Loss: 0.3160 | Grad: 9.5156 | P@5: 100.0%
2026-03-11 22:11:36,827 [INFO]    -> Step 120/142 | LR: 0.00914 | Loss: 0.8169 | Grad: 4.8001 | P@5: 80.0%
2026-03-11 22:11:43,680 [INFO]    -> Step 140/142 | LR: 0.00910 | Loss: 0.6790 | Grad: 14.1895 | P@5: 80.0%
2026-03-11 22:11:47,266 [INFO] Epoch 72/120 | Loss: 0.7541 | Grad Avg: 33.6552 | P@5: 67.7%
2026-03-11 22:11:54,792 [INFO]    -> Step 20/142 | LR: 0.00905 | Loss: 0.7376 | Grad: 34.3542 | P@5: 60.0%
2026-03-11 22:12:02,228 [INFO]    -> Step 40/142 | LR: 0.00901 | Loss: 0.7359 | Grad: 7.1764 | P@5: 80.0%
2026-03-11 22:12:09,843 [INFO]    -> Step 60/142 | LR: 0.00897 | Loss: 0.1384 | Grad: 8.3630 | P@5: 100.0%
2026-03-11 22:12:17,568 [INFO]    -> Step 80/142 | LR: 0.00893 | Loss: 0.1805 | Grad: 13.4518 | P@5: 80.0%
2026-03-11 22:12:25,739 [INFO]    -> Step 100/142 | LR: 0.00889 | Loss: 1.3587 | Grad: 36.1587 | P@5: 80.0%
2026-03-11 22:12:33,908 [INFO]    -> Step 120/142 | LR: 0.00885 | Loss: 0.1543 | Grad: 10.3327 | P@5: 80.0%
2026-03-11 22:12:42,119 [INFO]    -> Step 140/142 | LR: 0.00881 | Loss: 0.2180 | Grad: 9.2320 | P@5: 80.0%
2026-03-11 22:12:45,989 [INFO] Epoch 73/120 | Loss: 0.8155 | Grad Avg: 33.6511 | P@5: 70.6%
2026-03-11 22:12:53,991 [INFO]    -> Step 20/142 | LR: 0.00876 | Loss: 0.6497 | Grad: 5.7003 | P@5: 60.0%
2026-03-11 22:13:02,031 [INFO]    -> Step 40/142 | LR: 0.00872 | Loss: 1.4160 | Grad: 7.8455 | P@5: 60.0%
2026-03-11 22:13:10,042 [INFO]    -> Step 60/142 | LR: 0.00868 | Loss: 0.9636 | Grad: 6.6096 | P@5: 80.0%
2026-03-11 22:13:18,094 [INFO]    -> Step 80/142 | LR: 0.00864 | Loss: 0.1478 | Grad: 5.8427 | P@5: 80.0%
2026-03-11 22:13:26,545 [INFO]    -> Step 100/142 | LR: 0.00860 | Loss: 0.2381 | Grad: 8.4896 | P@5: 80.0%
2026-03-11 22:13:35,249 [INFO]    -> Step 120/142 | LR: 0.00856 | Loss: 0.8708 | Grad: 62.6669 | P@5: 80.0%
2026-03-11 22:13:43,747 [INFO]    -> Step 140/142 | LR: 0.00851 | Loss: 0.3409 | Grad: 9.2262 | P@5: 80.0%
2026-03-11 22:13:47,644 [INFO] Epoch 74/120 | Loss: 0.6609 | Grad Avg: 28.8995 | P@5: 72.6%
2026-03-11 22:13:55,847 [INFO]    -> Step 20/142 | LR: 0.00847 | Loss: 0.7475 | Grad: 6.4313 | P@5: 60.0%
2026-03-11 22:14:04,385 [INFO]    -> Step 40/142 | LR: 0.00843 | Loss: 0.6239 | Grad: 27.1257 | P@5: 80.0%
2026-03-11 22:14:12,309 [INFO]    -> Step 60/142 | LR: 0.00839 | Loss: 0.6745 | Grad: 5.9100 | P@5: 60.0%
2026-03-11 22:14:19,964 [INFO]    -> Step 80/142 | LR: 0.00835 | Loss: 0.1520 | Grad: 5.6857 | P@5: 80.0%
2026-03-11 22:14:27,251 [INFO]    -> Step 100/142 | LR: 0.00830 | Loss: 0.9553 | Grad: 32.1389 | P@5: 80.0%
2026-03-11 22:14:34,522 [INFO]    -> Step 120/142 | LR: 0.00826 | Loss: 0.4863 | Grad: 11.3065 | P@5: 80.0%
2026-03-11 22:14:41,315 [INFO]    -> Step 140/142 | LR: 0.00822 | Loss: 0.4400 | Grad: 16.4103 | P@5: 80.0%
2026-03-11 22:14:44,647 [INFO] Epoch 75/120 | Loss: 0.9783 | Grad Avg: 44.1959 | P@5: 71.4%
2026-03-11 22:14:51,384 [INFO]    -> Step 20/142 | LR: 0.00818 | Loss: 0.1246 | Grad: 6.6389 | P@5: 80.0%
2026-03-11 22:14:58,051 [INFO]    -> Step 40/142 | LR: 0.00814 | Loss: 1.7322 | Grad: 72.7656 | P@5: 40.0%
2026-03-11 22:15:04,642 [INFO]    -> Step 60/142 | LR: 0.00810 | Loss: 0.6703 | Grad: 6.3348 | P@5: 80.0%
2026-03-11 22:15:11,648 [INFO]    -> Step 80/142 | LR: 0.00805 | Loss: 0.3569 | Grad: 134.0082 | P@5: 80.0%
2026-03-11 22:15:18,839 [INFO]    -> Step 100/142 | LR: 0.00801 | Loss: 0.2029 | Grad: 5.8482 | P@5: 100.0%
2026-03-11 22:15:26,364 [INFO]    -> Step 120/142 | LR: 0.00797 | Loss: 0.4995 | Grad: 16.9277 | P@5: 80.0%
2026-03-11 22:15:34,027 [INFO]    -> Step 140/142 | LR: 0.00793 | Loss: 0.2146 | Grad: 6.0297 | P@5: 60.0%
2026-03-11 22:15:37,686 [INFO] Epoch 76/120 | Loss: 0.6673 | Grad Avg: 35.0571 | P@5: 58.7%
2026-03-11 22:15:45,677 [INFO]    -> Step 20/142 | LR: 0.00789 | Loss: 0.1174 | Grad: 12.1520 | P@5: 80.0%
2026-03-11 22:15:53,923 [INFO]    -> Step 40/142 | LR: 0.00785 | Loss: 0.6162 | Grad: 8.9093 | P@5: 80.0%
2026-03-11 22:16:02,164 [INFO]    -> Step 60/142 | LR: 0.00780 | Loss: 0.2296 | Grad: 13.4662 | P@5: 60.0%
2026-03-11 22:16:10,479 [INFO]    -> Step 80/142 | LR: 0.00776 | Loss: 0.1995 | Grad: 5.7538 | P@5: 80.0%
2026-03-11 22:16:19,039 [INFO]    -> Step 100/142 | LR: 0.00772 | Loss: 0.3411 | Grad: 27.1987 | P@5: 80.0%
2026-03-11 22:16:27,330 [INFO]    -> Step 120/142 | LR: 0.00768 | Loss: 0.4866 | Grad: 16.9519 | P@5: 100.0%
2026-03-11 22:16:35,307 [INFO]    -> Step 140/142 | LR: 0.00764 | Loss: 0.4164 | Grad: 15.9371 | P@5: 80.0%
2026-03-11 22:16:39,122 [INFO] Epoch 77/120 | Loss: 0.8544 | Grad Avg: 45.9619 | P@5: 71.7%
2026-03-11 22:16:47,512 [INFO]    -> Step 20/142 | LR: 0.00760 | Loss: 0.1072 | Grad: 16.9562 | P@5: 80.0%
2026-03-11 22:16:56,285 [INFO]    -> Step 40/142 | LR: 0.00756 | Loss: 1.7381 | Grad: 8.5761 | P@5: 60.0%
2026-03-11 22:17:05,053 [INFO]    -> Step 60/142 | LR: 0.00752 | Loss: 0.2254 | Grad: 5.4534 | P@5: 80.0%
2026-03-11 22:17:13,004 [INFO]    -> Step 80/142 | LR: 0.00748 | Loss: 2.2629 | Grad: 28.6242 | P@5: 40.0%
2026-03-11 22:17:20,849 [INFO]    -> Step 100/142 | LR: 0.00743 | Loss: 0.6569 | Grad: 4.6227 | P@5: 60.0%
2026-03-11 22:17:29,099 [INFO]    -> Step 120/142 | LR: 0.00739 | Loss: 0.1503 | Grad: 3.4137 | P@5: 80.0%
2026-03-11 22:17:37,397 [INFO]    -> Step 140/142 | LR: 0.00735 | Loss: 0.6443 | Grad: 10.5239 | P@5: 80.0%
2026-03-11 22:17:41,323 [INFO] Epoch 78/120 | Loss: 0.7875 | Grad Avg: 30.4733 | P@5: 72.8%
2026-03-11 22:17:48,627 [INFO]    -> Step 20/142 | LR: 0.00731 | Loss: 0.2159 | Grad: 6.8137 | P@5: 80.0%
2026-03-11 22:17:55,398 [INFO]    -> Step 40/142 | LR: 0.00727 | Loss: 0.5974 | Grad: 5.3853 | P@5: 60.0%
2026-03-11 22:18:01,811 [INFO]    -> Step 60/142 | LR: 0.00723 | Loss: 0.5658 | Grad: 6.9880 | P@5: 80.0%
2026-03-11 22:18:08,228 [INFO]    -> Step 80/142 | LR: 0.00719 | Loss: 0.1609 | Grad: 16.2251 | P@5: 100.0%
2026-03-11 22:18:14,691 [INFO]    -> Step 100/142 | LR: 0.00715 | Loss: 0.4426 | Grad: 10.1696 | P@5: 80.0%
2026-03-11 22:18:21,198 [INFO]    -> Step 120/142 | LR: 0.00711 | Loss: 0.7611 | Grad: 78.6396 | P@5: 80.0%
2026-03-11 22:18:27,853 [INFO]    -> Step 140/142 | LR: 0.00707 | Loss: 1.1748 | Grad: 11.1568 | P@5: 60.0%
2026-03-11 22:18:31,214 [INFO] Epoch 79/120 | Loss: 0.7304 | Grad Avg: 24.0306 | P@5: 56.6%
2026-03-11 22:18:37,922 [INFO]    -> Step 20/142 | LR: 0.00702 | Loss: 1.5588 | Grad: 29.7453 | P@5: 60.0%
2026-03-11 22:18:44,347 [INFO]    -> Step 40/142 | LR: 0.00698 | Loss: 1.1450 | Grad: 2.0603 | P@5: 60.0%
2026-03-11 22:18:51,065 [INFO]    -> Step 60/142 | LR: 0.00694 | Loss: 0.2206 | Grad: 7.8563 | P@5: 100.0%
2026-03-11 22:18:58,143 [INFO]    -> Step 80/142 | LR: 0.00690 | Loss: 1.0959 | Grad: 6.3706 | P@5: 80.0%
2026-03-11 22:19:05,401 [INFO]    -> Step 100/142 | LR: 0.00686 | Loss: 0.1397 | Grad: 20.6339 | P@5: 80.0%
2026-03-11 22:19:12,758 [INFO]    -> Step 120/142 | LR: 0.00682 | Loss: 0.1610 | Grad: 9.8550 | P@5: 80.0%
2026-03-11 22:19:20,119 [INFO]    -> Step 140/142 | LR: 0.00678 | Loss: 1.2116 | Grad: 24.2143 | P@5: 60.0%
2026-03-11 22:19:23,842 [INFO] Epoch 80/120 | Loss: 0.7658 | Grad Avg: 24.1469 | P@5: 70.7%
2026-03-11 22:19:31,701 [INFO]    -> Step 20/142 | LR: 0.00674 | Loss: 0.3375 | Grad: 14.1428 | P@5: 80.0%
2026-03-11 22:19:39,699 [INFO]    -> Step 40/142 | LR: 0.00670 | Loss: 1.1219 | Grad: 11.9714 | P@5: 80.0%
2026-03-11 22:19:47,756 [INFO]    -> Step 60/142 | LR: 0.00666 | Loss: 0.1841 | Grad: 7.5037 | P@5: 80.0%
2026-03-11 22:19:55,759 [INFO]    -> Step 80/142 | LR: 0.00662 | Loss: 0.1389 | Grad: 4.3856 | P@5: 100.0%
2026-03-11 22:20:04,049 [INFO]    -> Step 100/142 | LR: 0.00658 | Loss: 0.2380 | Grad: 7.4153 | P@5: 60.0%
2026-03-11 22:20:12,554 [INFO]    -> Step 120/142 | LR: 0.00654 | Loss: 0.7847 | Grad: 4.4348 | P@5: 80.0%
2026-03-11 22:20:21,193 [INFO]    -> Step 140/142 | LR: 0.00650 | Loss: 0.1846 | Grad: 10.0291 | P@5: 100.0%
2026-03-11 22:20:25,166 [INFO] Epoch 81/120 | Loss: 0.6461 | Grad Avg: 33.0958 | P@5: 67.8%
2026-03-11 22:20:33,857 [INFO]    -> Step 20/142 | LR: 0.00646 | Loss: 0.9330 | Grad: 9.3124 | P@5: 80.0%
2026-03-11 22:20:42,532 [INFO]    -> Step 40/142 | LR: 0.00642 | Loss: 0.1528 | Grad: 8.3438 | P@5: 100.0%
2026-03-11 22:20:51,345 [INFO]    -> Step 60/142 | LR: 0.00638 | Loss: 0.5997 | Grad: 6.2160 | P@5: 80.0%
2026-03-11 22:20:59,721 [INFO]    -> Step 80/142 | LR: 0.00634 | Loss: 0.1139 | Grad: 6.7320 | P@5: 100.0%
2026-03-11 22:21:07,639 [INFO]    -> Step 100/142 | LR: 0.00630 | Loss: 0.4365 | Grad: 7.2123 | P@5: 60.0%
2026-03-11 22:21:15,209 [INFO]    -> Step 120/142 | LR: 0.00626 | Loss: 2.4100 | Grad: 322.9347 | P@5: 20.0%
2026-03-11 22:21:22,598 [INFO]    -> Step 140/142 | LR: 0.00622 | Loss: 0.2447 | Grad: 4.5739 | P@5: 100.0%
2026-03-11 22:21:26,083 [INFO] Epoch 82/120 | Loss: 0.7145 | Grad Avg: 40.0318 | P@5: 69.6%
2026-03-11 22:21:33,616 [INFO]    -> Step 20/142 | LR: 0.00618 | Loss: 0.7143 | Grad: 5.9116 | P@5: 80.0%
2026-03-11 22:21:40,957 [INFO]    -> Step 40/142 | LR: 0.00614 | Loss: 1.2153 | Grad: 5.9062 | P@5: 60.0%
2026-03-11 22:21:48,661 [INFO]    -> Step 60/142 | LR: 0.00610 | Loss: 0.8227 | Grad: 47.7785 | P@5: 80.0%
2026-03-11 22:21:56,378 [INFO]    -> Step 80/142 | LR: 0.00606 | Loss: 1.5505 | Grad: 2.2736 | P@5: 60.0%
2026-03-11 22:22:04,008 [INFO]    -> Step 100/142 | LR: 0.00602 | Loss: 0.2324 | Grad: 7.6059 | P@5: 100.0%
2026-03-11 22:22:11,027 [INFO]    -> Step 120/142 | LR: 0.00598 | Loss: 0.2064 | Grad: 13.5760 | P@5: 80.0%
2026-03-11 22:22:18,196 [INFO]    -> Step 140/142 | LR: 0.00594 | Loss: 0.1437 | Grad: 23.0774 | P@5: 80.0%
2026-03-11 22:22:21,786 [INFO] Epoch 83/120 | Loss: 0.6532 | Grad Avg: 21.2347 | P@5: 71.8%
2026-03-11 22:22:29,649 [INFO]    -> Step 20/142 | LR: 0.00590 | Loss: 0.1581 | Grad: 6.9948 | P@5: 60.0%
2026-03-11 22:22:37,513 [INFO]    -> Step 40/142 | LR: 0.00586 | Loss: 0.5481 | Grad: 30.8611 | P@5: 80.0%
2026-03-11 22:22:45,683 [INFO]    -> Step 60/142 | LR: 0.00582 | Loss: 0.8702 | Grad: 11.6334 | P@5: 60.0%
2026-03-11 22:22:54,028 [INFO]    -> Step 80/142 | LR: 0.00579 | Loss: 0.8813 | Grad: 99.7435 | P@5: 40.0%
2026-03-11 22:23:02,692 [INFO]    -> Step 100/142 | LR: 0.00575 | Loss: 1.3247 | Grad: 229.5604 | P@5: 40.0%
2026-03-11 22:23:11,538 [INFO]    -> Step 120/142 | LR: 0.00571 | Loss: 0.5480 | Grad: 6.1024 | P@5: 60.0%
2026-03-11 22:23:20,489 [INFO]    -> Step 140/142 | LR: 0.00567 | Loss: 0.6001 | Grad: 5.1034 | P@5: 80.0%
2026-03-11 22:23:24,483 [INFO] Epoch 84/120 | Loss: 0.6441 | Grad Avg: 30.7590 | P@5: 70.5%
2026-03-11 22:23:33,864 [INFO]    -> Step 20/142 | LR: 0.00563 | Loss: 1.3239 | Grad: 6.7923 | P@5: 60.0%
2026-03-11 22:23:43,522 [INFO]    -> Step 40/142 | LR: 0.00559 | Loss: 2.2402 | Grad: 15.6922 | P@5: 40.0%
2026-03-11 22:23:53,127 [INFO]    -> Step 60/142 | LR: 0.00555 | Loss: 0.1534 | Grad: 11.2637 | P@5: 60.0%
2026-03-11 22:24:03,003 [INFO]    -> Step 80/142 | LR: 0.00551 | Loss: 0.2232 | Grad: 9.3361 | P@5: 80.0%
2026-03-11 22:24:12,845 [INFO]    -> Step 100/142 | LR: 0.00548 | Loss: 0.4720 | Grad: 7.4063 | P@5: 60.0%
2026-03-11 22:24:22,235 [INFO]    -> Step 120/142 | LR: 0.00544 | Loss: 0.1553 | Grad: 56.2826 | P@5: 80.0%
2026-03-11 22:24:31,227 [INFO]    -> Step 140/142 | LR: 0.00540 | Loss: 0.6171 | Grad: 82.6419 | P@5: 80.0%
2026-03-11 22:24:34,808 [INFO] Epoch 85/120 | Loss: 0.6959 | Grad Avg: 40.2723 | P@5: 69.6%
2026-03-11 22:24:43,528 [INFO]    -> Step 20/142 | LR: 0.00536 | Loss: 0.1102 | Grad: 7.6940 | P@5: 80.0%
2026-03-11 22:24:52,334 [INFO]    -> Step 40/142 | LR: 0.00532 | Loss: 0.5265 | Grad: 9.4683 | P@5: 80.0%
2026-03-11 22:25:00,912 [INFO]    -> Step 60/142 | LR: 0.00528 | Loss: 1.7266 | Grad: 13.5393 | P@5: 60.0%
2026-03-11 22:25:09,643 [INFO]    -> Step 80/142 | LR: 0.00525 | Loss: 0.3449 | Grad: 53.5489 | P@5: 80.0%
2026-03-11 22:25:18,442 [INFO]    -> Step 100/142 | LR: 0.00521 | Loss: 2.4146 | Grad: 21.1159 | P@5: 60.0%
2026-03-11 22:25:27,347 [INFO]    -> Step 120/142 | LR: 0.00517 | Loss: 0.4758 | Grad: 114.3632 | P@5: 60.0%
2026-03-11 22:25:36,382 [INFO]    -> Step 140/142 | LR: 0.00513 | Loss: 0.8387 | Grad: 229.4329 | P@5: 60.0%
2026-03-11 22:25:40,160 [INFO] Epoch 86/120 | Loss: 0.6428 | Grad Avg: 32.8145 | P@5: 64.5%
2026-03-11 22:25:49,272 [INFO]    -> Step 20/142 | LR: 0.00509 | Loss: 1.9110 | Grad: 204.1823 | P@5: 40.0%
2026-03-11 22:25:58,495 [INFO]    -> Step 40/142 | LR: 0.00506 | Loss: 0.4248 | Grad: 92.1304 | P@5: 100.0%
2026-03-11 22:26:07,788 [INFO]    -> Step 60/142 | LR: 0.00502 | Loss: 1.1631 | Grad: 2.9409 | P@5: 40.0%
2026-03-11 22:26:16,990 [INFO]    -> Step 80/142 | LR: 0.00498 | Loss: 0.2408 | Grad: 23.3308 | P@5: 80.0%
2026-03-11 22:26:26,321 [INFO]    -> Step 100/142 | LR: 0.00495 | Loss: 0.2856 | Grad: 16.0122 | P@5: 80.0%
2026-03-11 22:26:35,968 [INFO]    -> Step 120/142 | LR: 0.00491 | Loss: 1.1158 | Grad: 56.1420 | P@5: 60.0%
2026-03-11 22:26:45,374 [INFO]    -> Step 140/142 | LR: 0.00487 | Loss: 2.7493 | Grad: 256.4114 | P@5: 40.0%
2026-03-11 22:26:49,451 [INFO] Epoch 87/120 | Loss: 0.7428 | Grad Avg: 31.0393 | P@5: 71.9%
2026-03-11 22:26:58,934 [INFO]    -> Step 20/142 | LR: 0.00483 | Loss: 0.4080 | Grad: 4.3384 | P@5: 80.0%
2026-03-11 22:27:08,287 [INFO]    -> Step 40/142 | LR: 0.00480 | Loss: 1.1537 | Grad: 7.6236 | P@5: 60.0%
2026-03-11 22:27:17,680 [INFO]    -> Step 60/142 | LR: 0.00476 | Loss: 0.1333 | Grad: 7.2095 | P@5: 80.0%
2026-03-11 22:27:26,879 [INFO]    -> Step 80/142 | LR: 0.00472 | Loss: 0.1045 | Grad: 8.5073 | P@5: 80.0%
2026-03-11 22:27:35,701 [INFO]    -> Step 100/142 | LR: 0.00469 | Loss: 1.9453 | Grad: 132.1779 | P@5: 40.0%
2026-03-11 22:27:44,220 [INFO]    -> Step 120/142 | LR: 0.00465 | Loss: 0.2428 | Grad: 45.9131 | P@5: 80.0%
2026-03-11 22:27:52,651 [INFO]    -> Step 140/142 | LR: 0.00461 | Loss: 0.2689 | Grad: 6.1942 | P@5: 80.0%
2026-03-11 22:27:56,253 [INFO] Epoch 88/120 | Loss: 0.6545 | Grad Avg: 31.5516 | P@5: 60.4%
2026-03-11 22:28:04,765 [INFO]    -> Step 20/142 | LR: 0.00458 | Loss: 0.8550 | Grad: 172.0114 | P@5: 40.0%
2026-03-11 22:28:13,209 [INFO]    -> Step 40/142 | LR: 0.00454 | Loss: 1.5607 | Grad: 84.5522 | P@5: 60.0%
2026-03-11 22:28:21,666 [INFO]    -> Step 60/142 | LR: 0.00450 | Loss: 2.6229 | Grad: 300.0932 | P@5: 20.0%
2026-03-11 22:28:30,335 [INFO]    -> Step 80/142 | LR: 0.00447 | Loss: 1.4553 | Grad: 29.4548 | P@5: 80.0%
2026-03-11 22:28:39,092 [INFO]    -> Step 100/142 | LR: 0.00443 | Loss: 0.4681 | Grad: 27.5218 | P@5: 80.0%
2026-03-11 22:28:47,832 [INFO]    -> Step 120/142 | LR: 0.00440 | Loss: 0.1786 | Grad: 8.3084 | P@5: 80.0%
2026-03-11 22:28:56,773 [INFO]    -> Step 140/142 | LR: 0.00436 | Loss: 1.6125 | Grad: 27.1618 | P@5: 60.0%
2026-03-11 22:29:00,607 [INFO] Epoch 89/120 | Loss: 0.8490 | Grad Avg: 47.4767 | P@5: 70.8%
2026-03-11 22:29:09,486 [INFO]    -> Step 20/142 | LR: 0.00432 | Loss: 0.6730 | Grad: 4.2223 | P@5: 60.0%
2026-03-11 22:29:18,578 [INFO]    -> Step 40/142 | LR: 0.00429 | Loss: 0.2093 | Grad: 8.2446 | P@5: 60.0%
2026-03-11 22:29:27,839 [INFO]    -> Step 60/142 | LR: 0.00425 | Loss: 0.9868 | Grad: 60.3329 | P@5: 60.0%
2026-03-11 22:29:36,885 [INFO]    -> Step 80/142 | LR: 0.00422 | Loss: 0.7803 | Grad: 3.6829 | P@5: 60.0%
2026-03-11 22:29:46,120 [INFO]    -> Step 100/142 | LR: 0.00418 | Loss: 0.3550 | Grad: 47.1531 | P@5: 80.0%
2026-03-11 22:29:55,612 [INFO]    -> Step 120/142 | LR: 0.00415 | Loss: 0.8979 | Grad: 2.6425 | P@5: 60.0%
2026-03-11 22:30:05,073 [INFO]    -> Step 140/142 | LR: 0.00411 | Loss: 1.6016 | Grad: 12.9883 | P@5: 60.0%
2026-03-11 22:30:09,269 [INFO] Epoch 90/120 | Loss: 0.6078 | Grad Avg: 29.0883 | P@5: 69.4%
2026-03-11 22:30:18,832 [INFO]    -> Step 20/142 | LR: 0.00408 | Loss: 0.2972 | Grad: 7.3017 | P@5: 80.0%
2026-03-11 22:30:28,577 [INFO]    -> Step 40/142 | LR: 0.00404 | Loss: 1.1589 | Grad: 12.1975 | P@5: 60.0%
2026-03-11 22:30:37,932 [INFO]    -> Step 60/142 | LR: 0.00401 | Loss: 1.6301 | Grad: 127.4666 | P@5: 40.0%
2026-03-11 22:30:46,770 [INFO]    -> Step 80/142 | LR: 0.00397 | Loss: 1.2146 | Grad: 21.3693 | P@5: 60.0%
2026-03-11 22:30:55,330 [INFO]    -> Step 100/142 | LR: 0.00394 | Loss: 0.2342 | Grad: 2.1958 | P@5: 80.0%
2026-03-11 22:31:03,854 [INFO]    -> Step 120/142 | LR: 0.00390 | Loss: 0.1908 | Grad: 2.7005 | P@5: 100.0%
2026-03-11 22:31:12,207 [INFO]    -> Step 140/142 | LR: 0.00387 | Loss: 0.7771 | Grad: 2.2293 | P@5: 60.0%
2026-03-11 22:31:15,830 [INFO] Epoch 91/120 | Loss: 0.6758 | Grad Avg: 39.4190 | P@5: 71.5%
2026-03-11 22:31:24,394 [INFO]    -> Step 20/142 | LR: 0.00383 | Loss: 1.0800 | Grad: 31.5507 | P@5: 40.0%
2026-03-11 22:31:32,852 [INFO]    -> Step 40/142 | LR: 0.00380 | Loss: 0.9308 | Grad: 7.7788 | P@5: 80.0%
2026-03-11 22:31:41,357 [INFO]    -> Step 60/142 | LR: 0.00377 | Loss: 0.1083 | Grad: 44.9088 | P@5: 60.0%
2026-03-11 22:31:50,105 [INFO]    -> Step 80/142 | LR: 0.00373 | Loss: 0.4271 | Grad: 6.8033 | P@5: 60.0%
2026-03-11 22:31:58,820 [INFO]    -> Step 100/142 | LR: 0.00370 | Loss: 0.1346 | Grad: 7.7126 | P@5: 60.0%
2026-03-11 22:32:07,935 [INFO]    -> Step 120/142 | LR: 0.00367 | Loss: 0.2610 | Grad: 7.1751 | P@5: 80.0%
2026-03-11 22:32:17,021 [INFO]    -> Step 140/142 | LR: 0.00363 | Loss: 0.2803 | Grad: 6.5981 | P@5: 60.0%
2026-03-11 22:32:20,870 [INFO] Epoch 92/120 | Loss: 0.6531 | Grad Avg: 22.0520 | P@5: 71.7%
2026-03-11 22:32:30,317 [INFO]    -> Step 20/142 | LR: 0.00360 | Loss: 0.5625 | Grad: 3.8527 | P@5: 80.0%
2026-03-11 22:32:40,274 [INFO]    -> Step 40/142 | LR: 0.00356 | Loss: 0.1632 | Grad: 4.8452 | P@5: 80.0%
2026-03-11 22:32:50,477 [INFO]    -> Step 60/142 | LR: 0.00353 | Loss: 0.2665 | Grad: 42.5882 | P@5: 60.0%
2026-03-11 22:33:00,528 [INFO]    -> Step 80/142 | LR: 0.00350 | Loss: 0.1907 | Grad: 19.8614 | P@5: 80.0%
2026-03-11 22:33:10,222 [INFO]    -> Step 100/142 | LR: 0.00347 | Loss: 0.1835 | Grad: 4.8913 | P@5: 60.0%
2026-03-11 22:33:20,003 [INFO]    -> Step 120/142 | LR: 0.00343 | Loss: 0.1577 | Grad: 5.2560 | P@5: 60.0%
2026-03-11 22:33:29,701 [INFO]    -> Step 140/142 | LR: 0.00340 | Loss: 0.6858 | Grad: 93.2192 | P@5: 80.0%
2026-03-11 22:33:33,943 [INFO] Epoch 93/120 | Loss: 0.6678 | Grad Avg: 41.8558 | P@5: 71.7%
2026-03-11 22:33:44,031 [INFO]    -> Step 20/142 | LR: 0.00337 | Loss: 0.3219 | Grad: 165.1588 | P@5: 40.0%
2026-03-11 22:33:54,011 [INFO]    -> Step 40/142 | LR: 0.00333 | Loss: 0.9033 | Grad: 5.4322 | P@5: 60.0%
2026-03-11 22:34:03,115 [INFO]    -> Step 60/142 | LR: 0.00330 | Loss: 0.5824 | Grad: 15.7262 | P@5: 80.0%
2026-03-11 22:34:11,988 [INFO]    -> Step 80/142 | LR: 0.00327 | Loss: 0.5544 | Grad: 13.9335 | P@5: 80.0%
2026-03-11 22:34:20,807 [INFO]    -> Step 100/142 | LR: 0.00324 | Loss: 0.2352 | Grad: 3.2402 | P@5: 80.0%
2026-03-11 22:34:29,689 [INFO]    -> Step 120/142 | LR: 0.00321 | Loss: 0.3578 | Grad: 133.3279 | P@5: 40.0%
2026-03-11 22:34:38,478 [INFO]    -> Step 140/142 | LR: 0.00318 | Loss: 0.1338 | Grad: 3.1420 | P@5: 100.0%
2026-03-11 22:34:42,152 [INFO] Epoch 94/120 | Loss: 0.5369 | Grad Avg: 30.4219 | P@5: 72.4%
2026-03-11 22:34:50,747 [INFO]    -> Step 20/142 | LR: 0.00314 | Loss: 0.1418 | Grad: 5.3058 | P@5: 100.0%
2026-03-11 22:34:59,537 [INFO]    -> Step 40/142 | LR: 0.00311 | Loss: 0.5556 | Grad: 5.2032 | P@5: 80.0%
2026-03-11 22:35:08,731 [INFO]    -> Step 60/142 | LR: 0.00308 | Loss: 1.6587 | Grad: 86.2771 | P@5: 40.0%
2026-03-11 22:35:17,969 [INFO]    -> Step 80/142 | LR: 0.00305 | Loss: 0.2980 | Grad: 2.2711 | P@5: 80.0%
2026-03-11 22:35:27,217 [INFO]    -> Step 100/142 | LR: 0.00302 | Loss: 0.1407 | Grad: 9.6806 | P@5: 60.0%
2026-03-11 22:35:36,531 [INFO]    -> Step 120/142 | LR: 0.00299 | Loss: 0.1162 | Grad: 6.5581 | P@5: 60.0%
2026-03-11 22:35:45,953 [INFO]    -> Step 140/142 | LR: 0.00296 | Loss: 1.0289 | Grad: 17.4674 | P@5: 60.0%
2026-03-11 22:35:49,929 [INFO] Epoch 95/120 | Loss: 0.4962 | Grad Avg: 24.4116 | P@5: 72.8%
2026-03-11 22:35:59,648 [INFO]    -> Step 20/142 | LR: 0.00292 | Loss: 0.2052 | Grad: 4.7271 | P@5: 80.0%
2026-03-11 22:36:09,197 [INFO]    -> Step 40/142 | LR: 0.00289 | Loss: 0.1076 | Grad: 20.4674 | P@5: 80.0%
2026-03-11 22:36:18,896 [INFO]    -> Step 60/142 | LR: 0.00286 | Loss: 0.9511 | Grad: 184.0332 | P@5: 40.0%
2026-03-11 22:36:28,789 [INFO]    -> Step 80/142 | LR: 0.00283 | Loss: 1.7677 | Grad: 1.7111 | P@5: 60.0%
2026-03-11 22:36:38,550 [INFO]    -> Step 100/142 | LR: 0.00280 | Loss: 1.1967 | Grad: 9.3123 | P@5: 60.0%
2026-03-11 22:36:48,506 [INFO]    -> Step 120/142 | LR: 0.00277 | Loss: 0.5408 | Grad: 11.4268 | P@5: 60.0%
2026-03-11 22:36:58,596 [INFO]    -> Step 140/142 | LR: 0.00274 | Loss: 0.1200 | Grad: 7.8289 | P@5: 80.0%
2026-03-11 22:37:02,596 [INFO] Epoch 96/120 | Loss: 0.5472 | Grad Avg: 23.1972 | P@5: 71.5%
2026-03-11 22:37:11,558 [INFO]    -> Step 20/142 | LR: 0.00271 | Loss: 0.7031 | Grad: 6.0232 | P@5: 80.0%
2026-03-11 22:37:20,434 [INFO]    -> Step 40/142 | LR: 0.00268 | Loss: 0.1272 | Grad: 9.5030 | P@5: 80.0%
2026-03-11 22:37:28,932 [INFO]    -> Step 60/142 | LR: 0.00265 | Loss: 0.1468 | Grad: 3.7674 | P@5: 80.0%
2026-03-11 22:37:37,401 [INFO]    -> Step 80/142 | LR: 0.00262 | Loss: 1.2694 | Grad: 4.4405 | P@5: 80.0%
2026-03-11 22:37:46,308 [INFO]    -> Step 100/142 | LR: 0.00259 | Loss: 0.1314 | Grad: 8.1985 | P@5: 80.0%
2026-03-11 22:37:54,942 [INFO]    -> Step 120/142 | LR: 0.00256 | Loss: 0.1494 | Grad: 8.8919 | P@5: 80.0%
2026-03-11 22:38:03,679 [INFO]    -> Step 140/142 | LR: 0.00253 | Loss: 0.1357 | Grad: 5.0949 | P@5: 60.0%
2026-03-11 22:38:07,337 [INFO] Epoch 97/120 | Loss: 0.4942 | Grad Avg: 31.9834 | P@5: 60.6%
2026-03-11 22:38:16,395 [INFO]    -> Step 20/142 | LR: 0.00250 | Loss: 0.1118 | Grad: 72.2098 | P@5: 60.0%
2026-03-11 22:38:25,650 [INFO]    -> Step 40/142 | LR: 0.00248 | Loss: 0.1328 | Grad: 4.3688 | P@5: 60.0%
2026-03-11 22:38:34,907 [INFO]    -> Step 60/142 | LR: 0.00245 | Loss: 0.1593 | Grad: 8.4898 | P@5: 60.0%
2026-03-11 22:38:44,576 [INFO]    -> Step 80/142 | LR: 0.00242 | Loss: 0.1066 | Grad: 21.0393 | P@5: 20.0%
2026-03-11 22:38:54,226 [INFO]    -> Step 100/142 | LR: 0.00239 | Loss: 0.1119 | Grad: 5.2373 | P@5: 60.0%
2026-03-11 22:39:04,323 [INFO]    -> Step 120/142 | LR: 0.00236 | Loss: 0.1184 | Grad: 5.2797 | P@5: 80.0%
2026-03-11 22:39:14,197 [INFO]    -> Step 140/142 | LR: 0.00233 | Loss: 0.9148 | Grad: 10.0585 | P@5: 60.0%
2026-03-11 22:39:18,350 [INFO] Epoch 98/120 | Loss: 0.3904 | Grad Avg: 28.0944 | P@5: 64.8%
2026-03-11 22:39:28,409 [INFO]    -> Step 20/142 | LR: 0.00230 | Loss: 0.1354 | Grad: 2.0487 | P@5: 100.0%
2026-03-11 22:39:38,594 [INFO]    -> Step 40/142 | LR: 0.00228 | Loss: 0.9417 | Grad: 19.5296 | P@5: 60.0%
2026-03-11 22:39:48,713 [INFO]    -> Step 60/142 | LR: 0.00225 | Loss: 0.1282 | Grad: 7.4543 | P@5: 60.0%
2026-03-11 22:39:58,802 [INFO]    -> Step 80/142 | LR: 0.00222 | Loss: 0.7894 | Grad: 8.4167 | P@5: 60.0%
2026-03-11 22:40:09,177 [INFO]    -> Step 100/142 | LR: 0.00220 | Loss: 0.1408 | Grad: 3.8349 | P@5: 80.0%
2026-03-11 22:40:19,554 [INFO]    -> Step 120/142 | LR: 0.00217 | Loss: 0.1445 | Grad: 11.3928 | P@5: 80.0%
2026-03-11 22:40:29,582 [INFO]    -> Step 140/142 | LR: 0.00214 | Loss: 0.1051 | Grad: 5.7969 | P@5: 80.0%
2026-03-11 22:40:33,591 [INFO] Epoch 99/120 | Loss: 0.3669 | Grad Avg: 16.6135 | P@5: 71.8%
2026-03-11 22:40:42,511 [INFO]    -> Step 20/142 | LR: 0.00211 | Loss: 1.0674 | Grad: 49.7659 | P@5: 60.0%
2026-03-11 22:40:51,211 [INFO]    -> Step 40/142 | LR: 0.00209 | Loss: 1.4084 | Grad: 39.9012 | P@5: 40.0%
2026-03-11 22:40:59,777 [INFO]    -> Step 60/142 | LR: 0.00206 | Loss: 0.1104 | Grad: 2.4171 | P@5: 80.0%
2026-03-11 22:41:08,263 [INFO]    -> Step 80/142 | LR: 0.00203 | Loss: 0.1211 | Grad: 122.2686 | P@5: 60.0%
2026-03-11 22:41:17,111 [INFO]    -> Step 100/142 | LR: 0.00201 | Loss: 0.1137 | Grad: 3.9612 | P@5: 80.0%
2026-03-11 22:41:25,908 [INFO]    -> Step 120/142 | LR: 0.00198 | Loss: 1.4148 | Grad: 8.4788 | P@5: 60.0%
2026-03-11 22:41:34,811 [INFO]    -> Step 140/142 | LR: 0.00196 | Loss: 0.1341 | Grad: 5.7870 | P@5: 60.0%
2026-03-11 22:41:38,521 [INFO] Epoch 100/120 | Loss: 0.3813 | Grad Avg: 25.3979 | P@5: 72.7%
2026-03-11 22:41:47,442 [INFO]    -> Step 20/142 | LR: 0.00193 | Loss: 1.1439 | Grad: 37.2096 | P@5: 80.0%
2026-03-11 22:41:56,343 [INFO]    -> Step 40/142 | LR: 0.00190 | Loss: 0.3673 | Grad: 4.2462 | P@5: 80.0%
2026-03-11 22:42:05,332 [INFO]    -> Step 60/142 | LR: 0.00188 | Loss: 1.2807 | Grad: 13.2008 | P@5: 60.0%
2026-03-11 22:42:14,594 [INFO]    -> Step 80/142 | LR: 0.00185 | Loss: 0.1156 | Grad: 4.3969 | P@5: 60.0%
2026-03-11 22:42:24,168 [INFO]    -> Step 100/142 | LR: 0.00183 | Loss: 0.1045 | Grad: 2.8199 | P@5: 60.0%
2026-03-11 22:42:33,684 [INFO]    -> Step 120/142 | LR: 0.00180 | Loss: 0.1543 | Grad: 114.6475 | P@5: 60.0%
2026-03-11 22:42:43,176 [INFO]    -> Step 140/142 | LR: 0.00178 | Loss: 1.0898 | Grad: 12.9911 | P@5: 20.0%
2026-03-11 22:42:47,173 [INFO] Epoch 101/120 | Loss: 0.4517 | Grad Avg: 18.5657 | P@5: 66.1%
2026-03-11 22:42:56,869 [INFO]    -> Step 20/142 | LR: 0.00175 | Loss: 0.1327 | Grad: 7.6331 | P@5: 80.0%
2026-03-11 22:43:06,912 [INFO]    -> Step 40/142 | LR: 0.00173 | Loss: 0.1254 | Grad: 5.3987 | P@5: 80.0%
2026-03-11 22:43:16,921 [INFO]    -> Step 60/142 | LR: 0.00170 | Loss: 0.1180 | Grad: 3.1409 | P@5: 60.0%
2026-03-11 22:43:27,225 [INFO]    -> Step 80/142 | LR: 0.00168 | Loss: 0.7704 | Grad: 6.0328 | P@5: 60.0%
2026-03-11 22:43:37,653 [INFO]    -> Step 100/142 | LR: 0.00165 | Loss: 1.0178 | Grad: 5.5685 | P@5: 60.0%
2026-03-11 22:43:48,069 [INFO]    -> Step 120/142 | LR: 0.00163 | Loss: 1.0710 | Grad: 8.0033 | P@5: 80.0%
2026-03-11 22:43:57,945 [INFO]    -> Step 140/142 | LR: 0.00161 | Loss: 1.0237 | Grad: 7.1270 | P@5: 80.0%
2026-03-11 22:44:01,901 [INFO] Epoch 102/120 | Loss: 0.4204 | Grad Avg: 19.7709 | P@5: 72.6%
2026-03-11 22:44:11,049 [INFO]    -> Step 20/142 | LR: 0.00158 | Loss: 0.1067 | Grad: 55.8721 | P@5: 60.0%
2026-03-11 22:44:20,094 [INFO]    -> Step 40/142 | LR: 0.00156 | Loss: 0.1369 | Grad: 3.4723 | P@5: 80.0%
2026-03-11 22:44:29,174 [INFO]    -> Step 60/142 | LR: 0.00154 | Loss: 0.1256 | Grad: 5.5466 | P@5: 80.0%
2026-03-11 22:44:38,337 [INFO]    -> Step 80/142 | LR: 0.00151 | Loss: 0.7231 | Grad: 5.8294 | P@5: 60.0%
2026-03-11 22:44:47,635 [INFO]    -> Step 100/142 | LR: 0.00149 | Loss: 0.1232 | Grad: 40.8588 | P@5: 60.0%
2026-03-11 22:44:56,849 [INFO]    -> Step 120/142 | LR: 0.00147 | Loss: 0.1058 | Grad: 14.2526 | P@5: 100.0%
2026-03-11 22:45:06,045 [INFO]    -> Step 140/142 | LR: 0.00144 | Loss: 0.8128 | Grad: 93.3932 | P@5: 60.0%
2026-03-11 22:45:09,809 [INFO] Epoch 103/120 | Loss: 0.4187 | Grad Avg: 19.9647 | P@5: 69.6%
2026-03-11 22:45:19,168 [INFO]    -> Step 20/142 | LR: 0.00142 | Loss: 0.1162 | Grad: 4.4018 | P@5: 80.0%
2026-03-11 22:45:28,478 [INFO]    -> Step 40/142 | LR: 0.00140 | Loss: 0.1130 | Grad: 7.1958 | P@5: 80.0%
2026-03-11 22:45:37,914 [INFO]    -> Step 60/142 | LR: 0.00138 | Loss: 0.1299 | Grad: 2.2250 | P@5: 60.0%
2026-03-11 22:45:47,662 [INFO]    -> Step 80/142 | LR: 0.00135 | Loss: 0.5530 | Grad: 2.8646 | P@5: 80.0%
2026-03-11 22:45:57,348 [INFO]    -> Step 100/142 | LR: 0.00133 | Loss: 1.5959 | Grad: 29.8197 | P@5: 60.0%
2026-03-11 22:46:07,332 [INFO]    -> Step 120/142 | LR: 0.00131 | Loss: 0.9405 | Grad: 142.1662 | P@5: 60.0%
2026-03-11 22:46:17,230 [INFO]    -> Step 140/142 | LR: 0.00129 | Loss: 0.1173 | Grad: 5.6726 | P@5: 80.0%
2026-03-11 22:46:21,305 [INFO] Epoch 104/120 | Loss: 0.4315 | Grad Avg: 28.9896 | P@5: 71.3%
2026-03-11 22:46:31,445 [INFO]    -> Step 20/142 | LR: 0.00127 | Loss: 0.2664 | Grad: 11.0528 | P@5: 80.0%
2026-03-11 22:46:41,525 [INFO]    -> Step 40/142 | LR: 0.00125 | Loss: 0.1244 | Grad: 3.3467 | P@5: 100.0%
2026-03-11 22:46:51,969 [INFO]    -> Step 60/142 | LR: 0.00122 | Loss: 0.1376 | Grad: 5.5110 | P@5: 60.0%
2026-03-11 22:47:02,118 [INFO]    -> Step 80/142 | LR: 0.00120 | Loss: 0.1527 | Grad: 12.5686 | P@5: 80.0%
2026-03-11 22:47:11,409 [INFO]    -> Step 100/142 | LR: 0.00118 | Loss: 0.1156 | Grad: 7.0160 | P@5: 80.0%
2026-03-11 22:47:20,178 [INFO]    -> Step 120/142 | LR: 0.00116 | Loss: 0.1447 | Grad: 6.0714 | P@5: 80.0%
2026-03-11 22:47:29,002 [INFO]    -> Step 140/142 | LR: 0.00114 | Loss: 0.2326 | Grad: 91.0526 | P@5: 40.0%
2026-03-11 22:47:32,566 [INFO] Epoch 105/120 | Loss: 0.4718 | Grad Avg: 31.0493 | P@5: 52.0%
2026-03-11 22:47:41,393 [INFO]    -> Step 20/142 | LR: 0.00112 | Loss: 0.7336 | Grad: 130.9459 | P@5: 60.0%
2026-03-11 22:47:50,454 [INFO]    -> Step 40/142 | LR: 0.00110 | Loss: 0.2133 | Grad: 4.9425 | P@5: 80.0%
2026-03-11 22:47:59,577 [INFO]    -> Step 60/142 | LR: 0.00108 | Loss: 0.1140 | Grad: 54.8163 | P@5: 40.0%
2026-03-11 22:48:08,656 [INFO]    -> Step 80/142 | LR: 0.00106 | Loss: 1.3909 | Grad: 16.7018 | P@5: 60.0%
2026-03-11 22:48:17,813 [INFO]    -> Step 100/142 | LR: 0.00104 | Loss: 1.0378 | Grad: 4.2916 | P@5: 80.0%
2026-03-11 22:48:27,037 [INFO]    -> Step 120/142 | LR: 0.00102 | Loss: 0.1507 | Grad: 8.4982 | P@5: 60.0%
2026-03-11 22:48:36,436 [INFO]    -> Step 140/142 | LR: 0.00100 | Loss: 0.1074 | Grad: 14.9622 | P@5: 60.0%
2026-03-11 22:48:40,326 [INFO] Epoch 106/120 | Loss: 0.4258 | Grad Avg: 16.6412 | P@5: 72.7%
2026-03-11 22:48:49,758 [INFO]    -> Step 20/142 | LR: 0.00098 | Loss: 0.1342 | Grad: 9.3830 | P@5: 80.0%
2026-03-11 22:48:59,486 [INFO]    -> Step 40/142 | LR: 0.00096 | Loss: 0.1140 | Grad: 5.9248 | P@5: 60.0%
2026-03-11 22:49:09,158 [INFO]    -> Step 60/142 | LR: 0.00095 | Loss: 1.3355 | Grad: 26.4889 | P@5: 40.0%
2026-03-11 22:49:19,102 [INFO]    -> Step 80/142 | LR: 0.00093 | Loss: 0.1288 | Grad: 33.0978 | P@5: 60.0%
2026-03-11 22:49:29,299 [INFO]    -> Step 100/142 | LR: 0.00091 | Loss: 0.1074 | Grad: 5.0744 | P@5: 100.0%
2026-03-11 22:49:39,363 [INFO]    -> Step 120/142 | LR: 0.00089 | Loss: 0.2774 | Grad: 4.5859 | P@5: 80.0%
2026-03-11 22:49:49,791 [INFO]    -> Step 140/142 | LR: 0.00087 | Loss: 0.1239 | Grad: 5.1486 | P@5: 60.0%
2026-03-11 22:49:53,973 [INFO] Epoch 107/120 | Loss: 0.3954 | Grad Avg: 13.2220 | P@5: 66.1%
2026-03-11 22:50:04,679 [INFO]    -> Step 20/142 | LR: 0.00085 | Loss: 0.1330 | Grad: 10.3248 | P@5: 80.0%
2026-03-11 22:50:15,314 [INFO]    -> Step 40/142 | LR: 0.00084 | Loss: 0.8424 | Grad: 52.4424 | P@5: 60.0%
2026-03-11 22:50:25,174 [INFO]    -> Step 60/142 | LR: 0.00082 | Loss: 0.1030 | Grad: 6.8756 | P@5: 60.0%
2026-03-11 22:50:34,316 [INFO]    -> Step 80/142 | LR: 0.00080 | Loss: 0.1172 | Grad: 3.8357 | P@5: 100.0%
2026-03-11 22:50:43,358 [INFO]    -> Step 100/142 | LR: 0.00079 | Loss: 0.1151 | Grad: 41.6099 | P@5: 80.0%
2026-03-11 22:50:52,711 [INFO]    -> Step 120/142 | LR: 0.00077 | Loss: 1.9021 | Grad: 109.4317 | P@5: 40.0%
2026-03-11 22:51:02,016 [INFO]    -> Step 140/142 | LR: 0.00075 | Loss: 0.3708 | Grad: 30.0764 | P@5: 60.0%
2026-03-11 22:51:05,718 [INFO] Epoch 108/120 | Loss: 0.4267 | Grad Avg: 18.4066 | P@5: 60.9%
2026-03-11 22:51:15,070 [INFO]    -> Step 20/142 | LR: 0.00073 | Loss: 0.1365 | Grad: 13.8793 | P@5: 80.0%
2026-03-11 22:51:24,454 [INFO]    -> Step 40/142 | LR: 0.00072 | Loss: 0.1086 | Grad: 8.6572 | P@5: 80.0%
2026-03-11 22:51:33,760 [INFO]    -> Step 60/142 | LR: 0.00070 | Loss: 0.9883 | Grad: 6.4468 | P@5: 80.0%
2026-03-11 22:51:43,328 [INFO]    -> Step 80/142 | LR: 0.00069 | Loss: 2.1568 | Grad: 6.2571 | P@5: 40.0%
2026-03-11 22:51:53,135 [INFO]    -> Step 100/142 | LR: 0.00067 | Loss: 0.1528 | Grad: 16.6082 | P@5: 80.0%
2026-03-11 22:52:02,830 [INFO]    -> Step 120/142 | LR: 0.00066 | Loss: 0.6919 | Grad: 5.0716 | P@5: 80.0%
2026-03-11 22:52:12,767 [INFO]    -> Step 140/142 | LR: 0.00064 | Loss: 1.1930 | Grad: 67.3754 | P@5: 60.0%
2026-03-11 22:52:16,788 [INFO] Epoch 109/120 | Loss: 0.4402 | Grad Avg: 26.4434 | P@5: 72.2%
2026-03-11 22:52:26,747 [INFO]    -> Step 20/142 | LR: 0.00062 | Loss: 0.8163 | Grad: 30.1712 | P@5: 60.0%
2026-03-11 22:52:36,893 [INFO]    -> Step 40/142 | LR: 0.00061 | Loss: 0.1199 | Grad: 2.0357 | P@5: 60.0%
2026-03-11 22:52:47,297 [INFO]    -> Step 60/142 | LR: 0.00059 | Loss: 0.1170 | Grad: 39.8175 | P@5: 60.0%
2026-03-11 22:52:57,926 [INFO]    -> Step 80/142 | LR: 0.00058 | Loss: 0.1373 | Grad: 2.2961 | P@5: 80.0%
2026-03-11 22:53:08,868 [INFO]    -> Step 100/142 | LR: 0.00056 | Loss: 0.1110 | Grad: 37.9489 | P@5: 80.0%
2026-03-11 22:53:19,947 [INFO]    -> Step 120/142 | LR: 0.00055 | Loss: 0.8244 | Grad: 1.9172 | P@5: 60.0%
2026-03-11 22:53:31,140 [INFO]    -> Step 140/142 | LR: 0.00054 | Loss: 1.1562 | Grad: 5.0590 | P@5: 80.0%
2026-03-11 22:53:35,309 [INFO] Epoch 110/120 | Loss: 0.4238 | Grad Avg: 15.6322 | P@5: 72.4%
2026-03-11 22:53:45,256 [INFO]    -> Step 20/142 | LR: 0.00052 | Loss: 0.1093 | Grad: 80.0853 | P@5: 80.0%
2026-03-11 22:53:54,771 [INFO]    -> Step 40/142 | LR: 0.00051 | Loss: 1.1402 | Grad: 20.3740 | P@5: 60.0%
2026-03-11 22:54:04,164 [INFO]    -> Step 60/142 | LR: 0.00049 | Loss: 0.9526 | Grad: 7.1321 | P@5: 80.0%
2026-03-11 22:54:13,530 [INFO]    -> Step 80/142 | LR: 0.00048 | Loss: 0.1150 | Grad: 6.7063 | P@5: 100.0%
2026-03-11 22:54:22,995 [INFO]    -> Step 100/142 | LR: 0.00047 | Loss: 1.0806 | Grad: 2.7052 | P@5: 40.0%
2026-03-11 22:54:32,482 [INFO]    -> Step 120/142 | LR: 0.00045 | Loss: 0.1316 | Grad: 3.6105 | P@5: 80.0%
2026-03-11 22:54:41,999 [INFO]    -> Step 140/142 | LR: 0.00044 | Loss: 0.0954 | Grad: 17.8180 | P@5: 80.0%
2026-03-11 22:54:45,809 [INFO] Epoch 111/120 | Loss: 0.4148 | Grad Avg: 20.4640 | P@5: 71.7%
2026-03-11 22:54:55,331 [INFO]    -> Step 20/142 | LR: 0.00043 | Loss: 0.1157 | Grad: 13.6121 | P@5: 80.0%
2026-03-11 22:55:04,763 [INFO]    -> Step 40/142 | LR: 0.00041 | Loss: 1.0125 | Grad: 2.1351 | P@5: 60.0%
2026-03-11 22:55:14,254 [INFO]    -> Step 60/142 | LR: 0.00040 | Loss: 0.1485 | Grad: 45.7175 | P@5: 80.0%
2026-03-11 22:55:23,784 [INFO]    -> Step 80/142 | LR: 0.00039 | Loss: 0.8506 | Grad: 3.8119 | P@5: 60.0%
2026-03-11 22:55:33,478 [INFO]    -> Step 100/142 | LR: 0.00038 | Loss: 0.1029 | Grad: 2.9276 | P@5: 80.0%
2026-03-11 22:55:43,084 [INFO]    -> Step 120/142 | LR: 0.00037 | Loss: 0.1858 | Grad: 63.1866 | P@5: 60.0%
2026-03-11 22:55:52,637 [INFO]    -> Step 140/142 | LR: 0.00036 | Loss: 0.1099 | Grad: 10.8573 | P@5: 80.0%
2026-03-11 22:55:56,668 [INFO] Epoch 112/120 | Loss: 0.3901 | Grad Avg: 12.9266 | P@5: 72.3%
2026-03-11 22:56:06,645 [INFO]    -> Step 20/142 | LR: 0.00034 | Loss: 1.0609 | Grad: 1.4341 | P@5: 80.0%
2026-03-11 22:56:16,828 [INFO]    -> Step 40/142 | LR: 0.00033 | Loss: 0.1011 | Grad: 3.6399 | P@5: 80.0%
2026-03-11 22:56:26,994 [INFO]    -> Step 60/142 | LR: 0.00032 | Loss: 1.2119 | Grad: 7.4575 | P@5: 60.0%
2026-03-11 22:56:37,571 [INFO]    -> Step 80/142 | LR: 0.00031 | Loss: 0.8769 | Grad: 17.1649 | P@5: 80.0%
2026-03-11 22:56:47,737 [INFO]    -> Step 100/142 | LR: 0.00030 | Loss: 0.6531 | Grad: 5.5796 | P@5: 40.0%
2026-03-11 22:56:57,402 [INFO]    -> Step 120/142 | LR: 0.00029 | Loss: 0.1203 | Grad: 13.3058 | P@5: 80.0%
2026-03-11 22:57:06,323 [INFO]    -> Step 140/142 | LR: 0.00028 | Loss: 0.0945 | Grad: 1.2817 | P@5: 80.0%
2026-03-11 22:57:10,014 [INFO] Epoch 113/120 | Loss: 0.3987 | Grad Avg: 12.5367 | P@5: 72.4%
2026-03-11 22:57:18,895 [INFO]    -> Step 20/142 | LR: 0.00027 | Loss: 0.1073 | Grad: 52.0112 | P@5: 60.0%
2026-03-11 22:57:27,932 [INFO]    -> Step 40/142 | LR: 0.00026 | Loss: 1.6113 | Grad: 6.4125 | P@5: 60.0%
2026-03-11 22:57:36,838 [INFO]    -> Step 60/142 | LR: 0.00025 | Loss: 0.1384 | Grad: 133.5248 | P@5: 40.0%
2026-03-11 22:57:45,732 [INFO]    -> Step 80/142 | LR: 0.00024 | Loss: 0.1109 | Grad: 6.5794 | P@5: 80.0%
2026-03-11 22:57:54,956 [INFO]    -> Step 100/142 | LR: 0.00023 | Loss: 0.1172 | Grad: 4.8624 | P@5: 60.0%
2026-03-11 22:58:04,203 [INFO]    -> Step 120/142 | LR: 0.00022 | Loss: 0.1238 | Grad: 50.6540 | P@5: 80.0%
2026-03-11 22:58:13,486 [INFO]    -> Step 140/142 | LR: 0.00021 | Loss: 0.1070 | Grad: 6.6611 | P@5: 80.0%
2026-03-11 22:58:17,350 [INFO] Epoch 114/120 | Loss: 0.3960 | Grad Avg: 22.2512 | P@5: 64.6%
2026-03-11 22:58:26,790 [INFO]    -> Step 20/142 | LR: 0.00020 | Loss: 0.1067 | Grad: 2.5778 | P@5: 80.0%
2026-03-11 22:58:36,387 [INFO]    -> Step 40/142 | LR: 0.00019 | Loss: 1.2652 | Grad: 7.4106 | P@5: 60.0%
2026-03-11 22:58:46,144 [INFO]    -> Step 60/142 | LR: 0.00018 | Loss: 1.1156 | Grad: 6.3319 | P@5: 60.0%
2026-03-11 22:58:55,903 [INFO]    -> Step 80/142 | LR: 0.00018 | Loss: 0.6696 | Grad: 51.6378 | P@5: 60.0%
2026-03-11 22:59:05,927 [INFO]    -> Step 100/142 | LR: 0.00017 | Loss: 1.0611 | Grad: 4.7516 | P@5: 60.0%
2026-03-11 22:59:15,967 [INFO]    -> Step 120/142 | LR: 0.00016 | Loss: 1.1355 | Grad: 21.5028 | P@5: 60.0%
2026-03-11 22:59:26,321 [INFO]    -> Step 140/142 | LR: 0.00015 | Loss: 0.1161 | Grad: 2.3815 | P@5: 60.0%
2026-03-11 22:59:30,561 [INFO] Epoch 115/120 | Loss: 0.3887 | Grad Avg: 11.5666 | P@5: 72.8%
2026-03-11 22:59:40,723 [INFO]    -> Step 20/142 | LR: 0.00014 | Loss: 0.1365 | Grad: 5.0378 | P@5: 100.0%
2026-03-11 22:59:51,664 [INFO]    -> Step 40/142 | LR: 0.00014 | Loss: 0.0842 | Grad: 3.3628 | P@5: 80.0%
2026-03-11 23:00:01,906 [INFO]    -> Step 60/142 | LR: 0.00013 | Loss: 0.1139 | Grad: 11.2282 | P@5: 60.0%
2026-03-11 23:00:11,360 [INFO]    -> Step 80/142 | LR: 0.00012 | Loss: 0.1004 | Grad: 4.4346 | P@5: 60.0%
2026-03-11 23:00:20,582 [INFO]    -> Step 100/142 | LR: 0.00012 | Loss: 0.0918 | Grad: 4.4916 | P@5: 60.0%
2026-03-11 23:00:29,677 [INFO]    -> Step 120/142 | LR: 0.00011 | Loss: 0.3606 | Grad: 2.6148 | P@5: 80.0%
2026-03-11 23:00:38,911 [INFO]    -> Step 140/142 | LR: 0.00010 | Loss: 0.1078 | Grad: 12.7089 | P@5: 60.0%
2026-03-11 23:00:42,651 [INFO] Epoch 116/120 | Loss: 0.3356 | Grad Avg: 16.3803 | P@5: 62.8%
2026-03-11 23:00:51,700 [INFO]    -> Step 20/142 | LR: 0.00010 | Loss: 1.2010 | Grad: 4.4318 | P@5: 60.0%
2026-03-11 23:01:01,013 [INFO]    -> Step 40/142 | LR: 0.00009 | Loss: 0.0959 | Grad: 29.3275 | P@5: 60.0%
2026-03-11 23:01:10,126 [INFO]    -> Step 60/142 | LR: 0.00009 | Loss: 0.1213 | Grad: 11.4278 | P@5: 80.0%
2026-03-11 23:01:19,600 [INFO]    -> Step 80/142 | LR: 0.00008 | Loss: 0.1082 | Grad: 5.3069 | P@5: 80.0%
2026-03-11 23:01:29,089 [INFO]    -> Step 100/142 | LR: 0.00007 | Loss: 0.0990 | Grad: 6.3610 | P@5: 80.0%
2026-03-11 23:01:38,609 [INFO]    -> Step 120/142 | LR: 0.00007 | Loss: 0.1058 | Grad: 8.2337 | P@5: 60.0%
2026-03-11 23:01:48,264 [INFO]    -> Step 140/142 | LR: 0.00006 | Loss: 0.1094 | Grad: 2.2012 | P@5: 80.0%
2026-03-11 23:01:52,180 [INFO] Epoch 117/120 | Loss: 0.3918 | Grad Avg: 10.8511 | P@5: 72.4%
2026-03-11 23:02:02,058 [INFO]    -> Step 20/142 | LR: 0.00006 | Loss: 0.0820 | Grad: 1.7474 | P@5: 80.0%
2026-03-11 23:02:11,964 [INFO]    -> Step 40/142 | LR: 0.00005 | Loss: 0.1094 | Grad: 7.3797 | P@5: 80.0%
2026-03-11 23:02:22,146 [INFO]    -> Step 60/142 | LR: 0.00005 | Loss: 0.1103 | Grad: 4.1952 | P@5: 80.0%
2026-03-11 23:02:32,511 [INFO]    -> Step 80/142 | LR: 0.00005 | Loss: 0.7176 | Grad: 4.2949 | P@5: 60.0%
2026-03-11 23:02:42,773 [INFO]    -> Step 100/142 | LR: 0.00004 | Loss: 0.0896 | Grad: 5.1957 | P@5: 80.0%
2026-03-11 23:02:53,347 [INFO]    -> Step 120/142 | LR: 0.00004 | Loss: 0.5394 | Grad: 16.4457 | P@5: 60.0%
2026-03-11 23:03:04,275 [INFO]    -> Step 140/142 | LR: 0.00003 | Loss: 1.0297 | Grad: 1.8555 | P@5: 60.0%
2026-03-11 23:03:08,737 [INFO] Epoch 118/120 | Loss: 0.4264 | Grad Avg: 11.2173 | P@5: 71.8%
2026-03-11 23:03:19,307 [INFO]    -> Step 20/142 | LR: 0.00003 | Loss: 0.1142 | Grad: 1.8634 | P@5: 100.0%
2026-03-11 23:03:29,080 [INFO]    -> Step 40/142 | LR: 0.00003 | Loss: 0.1216 | Grad: 3.4107 | P@5: 80.0%
2026-03-11 23:03:38,379 [INFO]    -> Step 60/142 | LR: 0.00002 | Loss: 0.1232 | Grad: 7.4624 | P@5: 80.0%
2026-03-11 23:03:47,434 [INFO]    -> Step 80/142 | LR: 0.00002 | Loss: 0.8870 | Grad: 70.8564 | P@5: 60.0%
2026-03-11 23:03:56,760 [INFO]    -> Step 100/142 | LR: 0.00002 | Loss: 0.1114 | Grad: 3.1588 | P@5: 80.0%
2026-03-11 23:04:05,872 [INFO]    -> Step 120/142 | LR: 0.00002 | Loss: 0.0994 | Grad: 5.6860 | P@5: 60.0%
2026-03-11 23:04:15,087 [INFO]    -> Step 140/142 | LR: 0.00001 | Loss: 0.1094 | Grad: 21.5696 | P@5: 60.0%
2026-03-11 23:04:18,838 [INFO] Epoch 119/120 | Loss: 0.3560 | Grad Avg: 9.8628 | P@5: 70.3%
2026-03-11 23:04:28,062 [INFO]    -> Step 20/142 | LR: 0.00001 | Loss: 1.3239 | Grad: 6.8363 | P@5: 40.0%
2026-03-11 23:04:37,350 [INFO]    -> Step 40/142 | LR: 0.00001 | Loss: 0.1155 | Grad: 21.5397 | P@5: 60.0%
2026-03-11 23:04:46,682 [INFO]    -> Step 60/142 | LR: 0.00001 | Loss: 0.1209 | Grad: 4.8910 | P@5: 80.0%
2026-03-11 23:04:56,153 [INFO]    -> Step 80/142 | LR: 0.00001 | Loss: 0.1078 | Grad: 30.7714 | P@5: 80.0%
2026-03-11 23:05:05,842 [INFO]    -> Step 100/142 | LR: 0.00000 | Loss: 0.1162 | Grad: 1.1246 | P@5: 100.0%
2026-03-11 23:05:15,595 [INFO]    -> Step 120/142 | LR: 0.00000 | Loss: 0.0979 | Grad: 1.8676 | P@5: 100.0%
2026-03-11 23:05:25,261 [INFO]    -> Step 140/142 | LR: 0.00000 | Loss: 1.4020 | Grad: 47.6120 | P@5: 60.0%
2026-03-11 23:05:29,423 [INFO] Epoch 120/120 | Loss: 0.3123 | Grad Avg: 10.4790 | P@5: 71.1%
2026-03-11 23:05:29,426 [INFO] 
============================================================
2026-03-11 23:05:29,426 [INFO] 🔄 RETOMANDO TREINO ELITE P10: INTERIOR (De Época 27)
2026-03-11 23:05:29,426 [INFO] ============================================================
2026-03-11 23:05:29,815 [WARNING] ⚠️ Checkpoint models/test/interior_model_ELITE.pth não encontrado! Iniciando do zero para esta região.
2026-03-11 23:05:29,816 [INFO] ⏭️ Avançando Scheduler em 3718 steps...
2026-03-11 23:05:29,826 [INFO] 📈 Melhor P@10 registrado: 0.0%
2026-03-11 23:05:37,130 [INFO]    -> Step 20/142 | LR: 0.01798 | Loss: 0.8531 | Grad: 3.4766 | P@10: 60.0%
2026-03-11 23:05:46,645 [INFO]    -> Step 40/142 | LR: 0.01797 | Loss: 0.6191 | Grad: 4.7818 | P@10: 50.0%
2026-03-11 23:06:01,941 [INFO]    -> Step 60/142 | LR: 0.01797 | Loss: 0.8148 | Grad: 3.6082 | P@10: 20.0%
2026-03-11 23:06:22,387 [INFO]    -> Step 80/142 | LR: 0.01797 | Loss: 1.0059 | Grad: 9.0335 | P@10: 40.0%
2026-03-11 23:06:49,183 [INFO]    -> Step 100/142 | LR: 0.01796 | Loss: 0.7489 | Grad: 4.1280 | P@10: 40.0%
2026-03-11 23:07:14,614 [INFO]    -> Step 120/142 | LR: 0.01796 | Loss: 0.7849 | Grad: 12.1885 | P@10: 60.0%
2026-03-11 23:07:39,593 [INFO]    -> Step 140/142 | LR: 0.01796 | Loss: 1.0905 | Grad: 4.9659 | P@10: 30.0%
2026-03-11 23:07:49,125 [INFO] Epoch 27/120 | Loss: 1.4418 | Grad Avg: 9.7851 | P@10: 23.1%
2026-03-11 23:07:49,140 [INFO] ⭐ Novo Recorde: 23.1%
2026-03-11 23:08:13,112 [INFO]    -> Step 20/142 | LR: 0.01795 | Loss: 4.8157 | Grad: 5.3889 | P@10: 20.0%
2026-03-11 23:08:38,755 [INFO]    -> Step 40/142 | LR: 0.01795 | Loss: 1.1164 | Grad: 9.7231 | P@10: 40.0%
2026-03-11 23:09:02,848 [INFO]    -> Step 60/142 | LR: 0.01794 | Loss: 2.5572 | Grad: 20.8343 | P@10: 30.0%
2026-03-11 23:09:24,547 [INFO]    -> Step 80/142 | LR: 0.01794 | Loss: 3.7497 | Grad: 6.2138 | P@10: 30.0%
2026-03-11 23:09:46,369 [INFO]    -> Step 100/142 | LR: 0.01793 | Loss: 0.7292 | Grad: 12.8376 | P@10: 50.0%
2026-03-11 23:10:07,760 [INFO]    -> Step 120/142 | LR: 0.01793 | Loss: 1.1926 | Grad: 30.1299 | P@10: 30.0%
2026-03-11 23:10:30,210 [INFO]    -> Step 140/142 | LR: 0.01792 | Loss: 1.0317 | Grad: 49.4814 | P@10: 40.0%
2026-03-11 23:10:39,442 [INFO] Epoch 28/120 | Loss: 1.4548 | Grad Avg: 16.0847 | P@10: 57.3%
2026-03-11 23:10:39,457 [INFO] ⭐ Novo Recorde: 57.3%
2026-03-11 23:11:01,370 [INFO]    -> Step 20/142 | LR: 0.01792 | Loss: 6.8570 | Grad: 24.5203 | P@10: 40.0%
2026-03-11 23:11:24,626 [INFO]    -> Step 40/142 | LR: 0.01791 | Loss: 0.7461 | Grad: 2.5606 | P@10: 50.0%
2026-03-11 23:11:48,280 [INFO]    -> Step 60/142 | LR: 0.01791 | Loss: 0.9478 | Grad: 14.2691 | P@10: 30.0%
2026-03-11 23:12:10,555 [INFO]    -> Step 80/142 | LR: 0.01790 | Loss: 0.8310 | Grad: 41.3820 | P@10: 40.0%
2026-03-11 23:12:30,594 [INFO]    -> Step 100/142 | LR: 0.01789 | Loss: 3.0030 | Grad: 31.4070 | P@10: 30.0%
2026-03-11 23:12:49,890 [INFO]    -> Step 120/142 | LR: 0.01789 | Loss: 0.7073 | Grad: 7.2495 | P@10: 50.0%
2026-03-11 23:13:10,306 [INFO]    -> Step 140/142 | LR: 0.01788 | Loss: 1.2388 | Grad: 14.0461 | P@10: 50.0%
2026-03-11 23:13:19,043 [INFO] Epoch 29/120 | Loss: 1.4392 | Grad Avg: 15.1157 | P@10: 58.8%
2026-03-11 23:13:19,049 [INFO] ⭐ Novo Recorde: 58.8%
2026-03-11 23:13:40,307 [INFO]    -> Step 20/142 | LR: 0.01787 | Loss: 0.7671 | Grad: 17.1168 | P@10: 50.0%
2026-03-11 23:14:01,915 [INFO]    -> Step 40/142 | LR: 0.01787 | Loss: 0.6919 | Grad: 6.2518 | P@10: 40.0%
2026-03-11 23:14:23,347 [INFO]    -> Step 60/142 | LR: 0.01786 | Loss: 0.7061 | Grad: 5.6121 | P@10: 40.0%
2026-03-11 23:14:44,225 [INFO]    -> Step 80/142 | LR: 0.01785 | Loss: 0.6554 | Grad: 10.0909 | P@10: 50.0%
2026-03-11 23:15:06,817 [INFO]    -> Step 100/142 | LR: 0.01785 | Loss: 1.1356 | Grad: 5.0328 | P@10: 50.0%
2026-03-11 23:15:28,513 [INFO]    -> Step 120/142 | LR: 0.01784 | Loss: 0.9270 | Grad: 12.3782 | P@10: 50.0%
2026-03-11 23:15:48,188 [INFO]    -> Step 140/142 | LR: 0.01783 | Loss: 4.3966 | Grad: 16.9443 | P@10: 30.0%
2026-03-11 23:15:56,755 [INFO] Epoch 30/120 | Loss: 1.3740 | Grad Avg: 16.2372 | P@10: 58.1%
2026-03-11 23:16:18,098 [INFO]    -> Step 20/142 | LR: 0.01782 | Loss: 0.7617 | Grad: 8.1215 | P@10: 50.0%
2026-03-11 23:16:39,238 [INFO]    -> Step 40/142 | LR: 0.01781 | Loss: 0.7942 | Grad: 8.5304 | P@10: 30.0%
2026-03-11 23:17:01,259 [INFO]    -> Step 60/142 | LR: 0.01780 | Loss: 0.6132 | Grad: 2.8626 | P@10: 60.0%
2026-03-11 23:17:24,026 [INFO]    -> Step 80/142 | LR: 0.01780 | Loss: 0.6415 | Grad: 6.5741 | P@10: 50.0%
2026-03-11 23:17:48,630 [INFO]    -> Step 100/142 | LR: 0.01779 | Loss: 0.7674 | Grad: 8.6839 | P@10: 40.0%
2026-03-11 23:18:14,793 [INFO]    -> Step 120/142 | LR: 0.01778 | Loss: 0.6855 | Grad: 25.7553 | P@10: 60.0%
2026-03-11 23:18:40,596 [INFO]    -> Step 140/142 | LR: 0.01777 | Loss: 0.8383 | Grad: 3.7829 | P@10: 50.0%
2026-03-11 23:18:50,228 [INFO] Epoch 31/120 | Loss: 1.5568 | Grad Avg: 13.5653 | P@10: 60.1%
2026-03-11 23:18:50,233 [INFO] ⭐ Novo Recorde: 60.1%
2026-03-11 23:19:12,069 [INFO]    -> Step 20/142 | LR: 0.01776 | Loss: 1.8068 | Grad: 56.8126 | P@10: 10.0%
2026-03-11 23:19:33,848 [INFO]    -> Step 40/142 | LR: 0.01775 | Loss: 0.6458 | Grad: 4.0004 | P@10: 50.0%
2026-03-11 23:19:56,813 [INFO]    -> Step 60/142 | LR: 0.01774 | Loss: 1.0510 | Grad: 19.3299 | P@10: 60.0%
2026-03-11 23:20:21,598 [INFO]    -> Step 80/142 | LR: 0.01773 | Loss: 1.7674 | Grad: 25.0758 | P@10: 10.0%
2026-03-11 23:20:46,862 [INFO]    -> Step 100/142 | LR: 0.01772 | Loss: 0.6933 | Grad: 4.7763 | P@10: 60.0%
2026-03-11 23:21:12,449 [INFO]    -> Step 120/142 | LR: 0.01771 | Loss: 0.7628 | Grad: 15.8627 | P@10: 40.0%
2026-03-11 23:21:38,260 [INFO]    -> Step 140/142 | LR: 0.01770 | Loss: 0.8047 | Grad: 19.3885 | P@10: 50.0%
2026-03-11 23:21:48,832 [INFO] Epoch 32/120 | Loss: 1.5490 | Grad Avg: 12.5438 | P@10: 52.8%
2026-03-11 23:22:13,238 [INFO]    -> Step 20/142 | LR: 0.01769 | Loss: 0.7489 | Grad: 3.4040 | P@10: 30.0%
2026-03-11 23:22:35,991 [INFO]    -> Step 40/142 | LR: 0.01767 | Loss: 0.6443 | Grad: 6.5110 | P@10: 40.0%
2026-03-11 23:22:56,768 [INFO]    -> Step 60/142 | LR: 0.01766 | Loss: 3.2645 | Grad: 7.2743 | P@10: 50.0%
2026-03-11 23:23:17,935 [INFO]    -> Step 80/142 | LR: 0.01765 | Loss: 0.7931 | Grad: 19.8292 | P@10: 40.0%
2026-03-11 23:23:40,421 [INFO]    -> Step 100/142 | LR: 0.01764 | Loss: 0.7204 | Grad: 15.0544 | P@10: 40.0%
2026-03-11 23:24:03,510 [INFO]    -> Step 120/142 | LR: 0.01763 | Loss: 0.7360 | Grad: 8.4983 | P@10: 60.0%
2026-03-11 23:24:27,230 [INFO]    -> Step 140/142 | LR: 0.01762 | Loss: 0.6801 | Grad: 7.1508 | P@10: 60.0%
2026-03-11 23:24:36,922 [INFO] Epoch 33/120 | Loss: 1.5633 | Grad Avg: 14.1846 | P@10: 61.1%
2026-03-11 23:24:36,929 [INFO] ⭐ Novo Recorde: 61.1%
2026-03-11 23:25:02,094 [INFO]    -> Step 20/142 | LR: 0.01760 | Loss: 0.7540 | Grad: 21.5669 | P@10: 20.0%
2026-03-11 23:25:24,669 [INFO]    -> Step 40/142 | LR: 0.01759 | Loss: 0.7675 | Grad: 9.1051 | P@10: 20.0%
2026-03-11 23:25:45,576 [INFO]    -> Step 60/142 | LR: 0.01758 | Loss: 4.2978 | Grad: 10.1048 | P@10: 40.0%
2026-03-11 23:26:06,802 [INFO]    -> Step 80/142 | LR: 0.01757 | Loss: 0.6497 | Grad: 12.2015 | P@10: 60.0%
2026-03-11 23:26:28,095 [INFO]    -> Step 100/142 | LR: 0.01755 | Loss: 0.5886 | Grad: 5.6807 | P@10: 70.0%
2026-03-11 23:26:50,218 [INFO]    -> Step 120/142 | LR: 0.01754 | Loss: 0.5711 | Grad: 5.2960 | P@10: 60.0%
2026-03-11 23:27:13,461 [INFO]    -> Step 140/142 | LR: 0.01753 | Loss: 0.9241 | Grad: 15.3208 | P@10: 50.0%
2026-03-11 23:27:23,166 [INFO] Epoch 34/120 | Loss: 1.3021 | Grad Avg: 14.3167 | P@10: 45.3%
2026-03-11 23:27:47,629 [INFO]    -> Step 20/142 | LR: 0.01751 | Loss: 0.6612 | Grad: 5.2350 | P@10: 40.0%
2026-03-11 23:28:11,974 [INFO]    -> Step 40/142 | LR: 0.01750 | Loss: 0.7057 | Grad: 10.4399 | P@10: 40.0%
2026-03-11 23:28:35,938 [INFO]    -> Step 60/142 | LR: 0.01749 | Loss: 3.9690 | Grad: 11.0740 | P@10: 20.0%
2026-03-11 23:28:58,086 [INFO]    -> Step 80/142 | LR: 0.01747 | Loss: 0.7146 | Grad: 6.9940 | P@10: 30.0%
2026-03-11 23:29:21,232 [INFO]    -> Step 100/142 | LR: 0.01746 | Loss: 0.7524 | Grad: 9.4319 | P@10: 30.0%
2026-03-11 23:29:43,323 [INFO]    -> Step 120/142 | LR: 0.01745 | Loss: 0.7520 | Grad: 8.0461 | P@10: 40.0%
2026-03-11 23:30:05,234 [INFO]    -> Step 140/142 | LR: 0.01743 | Loss: 0.7581 | Grad: 32.3386 | P@10: 50.0%
2026-03-11 23:30:14,678 [INFO] Epoch 35/120 | Loss: 1.3945 | Grad Avg: 13.9513 | P@10: 50.0%
2026-03-11 23:30:37,962 [INFO]    -> Step 20/142 | LR: 0.01742 | Loss: 0.7898 | Grad: 9.6489 | P@10: 30.0%
2026-03-11 23:31:01,188 [INFO]    -> Step 40/142 | LR: 0.01740 | Loss: 0.9325 | Grad: 15.7944 | P@10: 40.0%
2026-03-11 23:31:24,942 [INFO]    -> Step 60/142 | LR: 0.01739 | Loss: 0.6049 | Grad: 4.9847 | P@10: 50.0%
2026-03-11 23:31:47,860 [INFO]    -> Step 80/142 | LR: 0.01737 | Loss: 0.7567 | Grad: 22.1163 | P@10: 50.0%
2026-03-11 23:32:08,119 [INFO]    -> Step 100/142 | LR: 0.01736 | Loss: 3.6267 | Grad: 9.1822 | P@10: 20.0%
2026-03-11 23:32:29,812 [INFO]    -> Step 120/142 | LR: 0.01734 | Loss: 4.0935 | Grad: 26.4705 | P@10: 70.0%
2026-03-11 23:32:50,919 [INFO]    -> Step 140/142 | LR: 0.01732 | Loss: 0.7691 | Grad: 9.5346 | P@10: 50.0%
2026-03-11 23:33:00,002 [INFO] Epoch 36/120 | Loss: 1.4357 | Grad Avg: 14.7560 | P@10: 38.1%
2026-03-11 23:33:20,776 [INFO]    -> Step 20/142 | LR: 0.01731 | Loss: 1.0766 | Grad: 30.0145 | P@10: 60.0%
2026-03-11 23:33:42,220 [INFO]    -> Step 40/142 | LR: 0.01729 | Loss: 0.7224 | Grad: 7.7775 | P@10: 50.0%
2026-03-11 23:34:03,190 [INFO]    -> Step 60/142 | LR: 0.01727 | Loss: 0.7977 | Grad: 11.2407 | P@10: 40.0%
2026-03-11 23:34:24,836 [INFO]    -> Step 80/142 | LR: 0.01726 | Loss: 4.7741 | Grad: 4.3160 | P@10: 30.0%
2026-03-11 23:34:47,820 [INFO]    -> Step 100/142 | LR: 0.01724 | Loss: 0.5754 | Grad: 9.0843 | P@10: 70.0%
2026-03-11 23:35:09,432 [INFO]    -> Step 120/142 | LR: 0.01723 | Loss: 0.7917 | Grad: 29.0967 | P@10: 20.0%
2026-03-11 23:35:30,125 [INFO]    -> Step 140/142 | LR: 0.01721 | Loss: 1.1420 | Grad: 18.0035 | P@10: 40.0%
2026-03-11 23:35:38,484 [INFO] Epoch 37/120 | Loss: 1.5408 | Grad Avg: 19.2721 | P@10: 60.8%
2026-03-11 23:35:59,408 [INFO]    -> Step 20/142 | LR: 0.01719 | Loss: 0.7201 | Grad: 7.2998 | P@10: 60.0%
2026-03-11 23:36:21,280 [INFO]    -> Step 40/142 | LR: 0.01717 | Loss: 0.6965 | Grad: 12.7255 | P@10: 50.0%
2026-03-11 23:36:41,727 [INFO]    -> Step 60/142 | LR: 0.01716 | Loss: 4.2130 | Grad: 18.3172 | P@10: 30.0%
2026-03-11 23:37:03,156 [INFO]    -> Step 80/142 | LR: 0.01714 | Loss: 0.6549 | Grad: 4.0811 | P@10: 30.0%
2026-03-11 23:37:26,401 [INFO]    -> Step 100/142 | LR: 0.01712 | Loss: 1.0035 | Grad: 9.2156 | P@10: 40.0%
2026-03-11 23:37:49,704 [INFO]    -> Step 120/142 | LR: 0.01710 | Loss: 1.1621 | Grad: 17.0963 | P@10: 30.0%
2026-03-11 23:38:13,643 [INFO]    -> Step 140/142 | LR: 0.01708 | Loss: 0.8258 | Grad: 11.6097 | P@10: 40.0%
2026-03-11 23:38:23,176 [INFO] Epoch 38/120 | Loss: 1.3013 | Grad Avg: 17.4493 | P@10: 41.1%
2026-03-11 23:38:45,365 [INFO]    -> Step 20/142 | LR: 0.01706 | Loss: 0.9951 | Grad: 10.8513 | P@10: 20.0%
2026-03-11 23:39:07,857 [INFO]    -> Step 40/142 | LR: 0.01705 | Loss: 0.6442 | Grad: 5.9323 | P@10: 30.0%
2026-03-11 23:39:28,392 [INFO]    -> Step 60/142 | LR: 0.01703 | Loss: 0.7654 | Grad: 4.6972 | P@10: 40.0%
2026-03-11 23:39:48,732 [INFO]    -> Step 80/142 | LR: 0.01701 | Loss: 0.6065 | Grad: 2.6939 | P@10: 50.0%
2026-03-11 23:40:10,048 [INFO]    -> Step 100/142 | LR: 0.01699 | Loss: 0.8416 | Grad: 25.1771 | P@10: 40.0%
2026-03-11 23:40:32,339 [INFO]    -> Step 120/142 | LR: 0.01697 | Loss: 0.6579 | Grad: 16.4822 | P@10: 40.0%
2026-03-11 23:40:55,051 [INFO]    -> Step 140/142 | LR: 0.01695 | Loss: 0.6592 | Grad: 19.9853 | P@10: 60.0%
2026-03-11 23:41:04,876 [INFO] Epoch 39/120 | Loss: 1.2784 | Grad Avg: 15.0662 | P@10: 57.8%
2026-03-11 23:41:28,037 [INFO]    -> Step 20/142 | LR: 0.01693 | Loss: 2.7344 | Grad: 36.5105 | P@10: 20.0%
2026-03-11 23:41:49,204 [INFO]    -> Step 40/142 | LR: 0.01691 | Loss: 3.3521 | Grad: 18.1155 | P@10: 40.0%
2026-03-11 23:42:08,710 [INFO]    -> Step 60/142 | LR: 0.01689 | Loss: 0.5888 | Grad: 14.6563 | P@10: 40.0%
2026-03-11 23:42:28,281 [INFO]    -> Step 80/142 | LR: 0.01687 | Loss: 0.6890 | Grad: 2.3272 | P@10: 60.0%
2026-03-11 23:42:48,843 [INFO]    -> Step 100/142 | LR: 0.01685 | Loss: 0.7964 | Grad: 4.2002 | P@10: 40.0%
2026-03-11 23:43:10,260 [INFO]    -> Step 120/142 | LR: 0.01683 | Loss: 0.8032 | Grad: 8.4951 | P@10: 30.0%
2026-03-11 23:43:32,859 [INFO]    -> Step 140/142 | LR: 0.01681 | Loss: 0.6406 | Grad: 11.2584 | P@10: 70.0%
2026-03-11 23:43:42,170 [INFO] Epoch 40/120 | Loss: 1.2534 | Grad Avg: 14.9291 | P@10: 60.4%
2026-03-11 23:44:05,205 [INFO]    -> Step 20/142 | LR: 0.01679 | Loss: 0.7125 | Grad: 4.4937 | P@10: 60.0%
2026-03-11 23:44:28,374 [INFO]    -> Step 40/142 | LR: 0.01677 | Loss: 0.7972 | Grad: 15.0368 | P@10: 50.0%
2026-03-11 23:44:51,565 [INFO]    -> Step 60/142 | LR: 0.01675 | Loss: 4.7416 | Grad: 8.7720 | P@10: 30.0%
2026-03-11 23:45:12,452 [INFO]    -> Step 80/142 | LR: 0.01673 | Loss: 0.8159 | Grad: 15.7729 | P@10: 50.0%
2026-03-11 23:45:33,099 [INFO]    -> Step 100/142 | LR: 0.01670 | Loss: 1.2224 | Grad: 31.4206 | P@10: 30.0%
2026-03-11 23:45:54,130 [INFO]    -> Step 120/142 | LR: 0.01668 | Loss: 0.6591 | Grad: 20.1001 | P@10: 30.0%
2026-03-11 23:46:16,351 [INFO]    -> Step 140/142 | LR: 0.01666 | Loss: 0.7412 | Grad: 22.2617 | P@10: 30.0%
2026-03-11 23:46:25,993 [INFO] Epoch 41/120 | Loss: 1.2569 | Grad Avg: 15.8725 | P@10: 61.5%
2026-03-11 23:46:25,999 [INFO] ⭐ Novo Recorde: 61.5%
2026-03-11 23:46:50,080 [INFO]    -> Step 20/142 | LR: 0.01664 | Loss: 0.7056 | Grad: 14.5367 | P@10: 40.0%
2026-03-11 23:47:13,764 [INFO]    -> Step 40/142 | LR: 0.01662 | Loss: 0.9444 | Grad: 7.8972 | P@10: 20.0%
2026-03-11 23:47:39,341 [INFO]    -> Step 60/142 | LR: 0.01659 | Loss: 0.7849 | Grad: 12.2061 | P@10: 60.0%
2026-03-11 23:48:05,156 [INFO]    -> Step 80/142 | LR: 0.01657 | Loss: 0.9297 | Grad: 12.7337 | P@10: 0.0%
2026-03-11 23:48:28,557 [INFO]    -> Step 100/142 | LR: 0.01655 | Loss: 0.6256 | Grad: 13.2540 | P@10: 70.0%
2026-03-11 23:48:50,182 [INFO]    -> Step 120/142 | LR: 0.01653 | Loss: 0.8183 | Grad: 6.0879 | P@10: 40.0%
2026-03-11 23:49:11,799 [INFO]    -> Step 140/142 | LR: 0.01650 | Loss: 0.7867 | Grad: 7.7231 | P@10: 40.0%
2026-03-11 23:49:20,708 [INFO] Epoch 42/120 | Loss: 1.2785 | Grad Avg: 13.2559 | P@10: 54.2%
2026-03-11 23:49:41,944 [INFO]    -> Step 20/142 | LR: 0.01648 | Loss: 0.6144 | Grad: 3.8469 | P@10: 30.0%
2026-03-11 23:50:04,768 [INFO]    -> Step 40/142 | LR: 0.01646 | Loss: 0.7186 | Grad: 10.6355 | P@10: 40.0%
2026-03-11 23:50:29,216 [INFO]    -> Step 60/142 | LR: 0.01643 | Loss: 0.7107 | Grad: 18.9996 | P@10: 40.0%
2026-03-11 23:50:54,604 [INFO]    -> Step 80/142 | LR: 0.01641 | Loss: 4.6171 | Grad: 11.0482 | P@10: 20.0%
2026-03-11 23:51:20,077 [INFO]    -> Step 100/142 | LR: 0.01639 | Loss: 0.8743 | Grad: 12.8088 | P@10: 60.0%
2026-03-11 23:51:43,081 [INFO]    -> Step 120/142 | LR: 0.01636 | Loss: 0.9164 | Grad: 17.2847 | P@10: 50.0%
2026-03-11 23:52:04,215 [INFO]    -> Step 140/142 | LR: 0.01634 | Loss: 1.1259 | Grad: 16.0422 | P@10: 20.0%
2026-03-11 23:52:13,078 [INFO] Epoch 43/120 | Loss: 1.2075 | Grad Avg: 16.2188 | P@10: 61.8%
2026-03-11 23:52:13,082 [INFO] ⭐ Novo Recorde: 61.8%
2026-03-11 23:52:35,333 [INFO]    -> Step 20/142 | LR: 0.01631 | Loss: 1.3312 | Grad: 32.6743 | P@10: 30.0%
2026-03-11 23:52:57,803 [INFO]    -> Step 40/142 | LR: 0.01629 | Loss: 0.6773 | Grad: 2.4593 | P@10: 40.0%
2026-03-11 23:53:20,015 [INFO]    -> Step 60/142 | LR: 0.01626 | Loss: 0.5911 | Grad: 14.4509 | P@10: 50.0%
2026-03-11 23:53:43,012 [INFO]    -> Step 80/142 | LR: 0.01624 | Loss: 0.6196 | Grad: 7.7356 | P@10: 50.0%
2026-03-11 23:54:06,111 [INFO]    -> Step 100/142 | LR: 0.01621 | Loss: 0.6969 | Grad: 2.4121 | P@10: 40.0%
2026-03-11 23:54:29,741 [INFO]    -> Step 120/142 | LR: 0.01619 | Loss: 0.6316 | Grad: 23.7954 | P@10: 40.0%
2026-03-11 23:54:52,020 [INFO]    -> Step 140/142 | LR: 0.01617 | Loss: 0.8960 | Grad: 10.9044 | P@10: 30.0%
2026-03-11 23:55:00,815 [INFO] Epoch 44/120 | Loss: 1.3954 | Grad Avg: 15.0722 | P@10: 40.1%
2026-03-11 23:55:21,372 [INFO]    -> Step 20/142 | LR: 0.01614 | Loss: 0.5820 | Grad: 7.6526 | P@10: 60.0%
2026-03-11 23:55:41,827 [INFO]    -> Step 40/142 | LR: 0.01611 | Loss: 5.1830 | Grad: 20.1398 | P@10: 50.0%
2026-03-11 23:56:03,306 [INFO]    -> Step 60/142 | LR: 0.01609 | Loss: 0.5807 | Grad: 6.8992 | P@10: 50.0%
2026-03-11 23:56:25,469 [INFO]    -> Step 80/142 | LR: 0.01606 | Loss: 0.6510 | Grad: 8.6213 | P@10: 30.0%
2026-03-11 23:56:47,016 [INFO]    -> Step 100/142 | LR: 0.01604 | Loss: 1.2410 | Grad: 8.8162 | P@10: 30.0%
2026-03-11 23:57:09,460 [INFO]    -> Step 120/142 | LR: 0.01601 | Loss: 1.3117 | Grad: 34.5198 | P@10: 30.0%
2026-03-11 23:57:33,732 [INFO]    -> Step 140/142 | LR: 0.01598 | Loss: 0.7080 | Grad: 4.5751 | P@10: 40.0%
2026-03-11 23:57:43,625 [INFO] Epoch 45/120 | Loss: 1.3533 | Grad Avg: 15.3171 | P@10: 58.0%
2026-03-11 23:58:07,118 [INFO]    -> Step 20/142 | LR: 0.01596 | Loss: 1.1327 | Grad: 32.3552 | P@10: 40.0%
2026-03-11 23:58:27,644 [INFO]    -> Step 40/142 | LR: 0.01593 | Loss: 0.7803 | Grad: 17.6468 | P@10: 50.0%
2026-03-11 23:58:48,397 [INFO]    -> Step 60/142 | LR: 0.01590 | Loss: 0.7624 | Grad: 17.8746 | P@10: 40.0%
2026-03-11 23:59:09,611 [INFO]    -> Step 80/142 | LR: 0.01588 | Loss: 1.3903 | Grad: 13.6842 | P@10: 40.0%
2026-03-11 23:59:30,311 [INFO]    -> Step 100/142 | LR: 0.01585 | Loss: 0.6463 | Grad: 35.7918 | P@10: 40.0%
2026-03-11 23:59:51,489 [INFO]    -> Step 120/142 | LR: 0.01582 | Loss: 0.7425 | Grad: 6.5885 | P@10: 30.0%
2026-03-12 00:00:13,705 [INFO]    -> Step 140/142 | LR: 0.01580 | Loss: 5.0965 | Grad: 14.4567 | P@10: 50.0%
2026-03-12 00:00:22,653 [INFO] Epoch 46/120 | Loss: 1.2856 | Grad Avg: 15.4087 | P@10: 58.0%
2026-03-12 00:00:44,512 [INFO]    -> Step 20/142 | LR: 0.01577 | Loss: 0.8243 | Grad: 10.4114 | P@10: 50.0%
2026-03-12 00:01:06,674 [INFO]    -> Step 40/142 | LR: 0.01574 | Loss: 5.5403 | Grad: 35.4862 | P@10: 40.0%
2026-03-12 00:01:27,158 [INFO]    -> Step 60/142 | LR: 0.01571 | Loss: 0.6743 | Grad: 8.5139 | P@10: 60.0%
2026-03-12 00:01:46,307 [INFO]    -> Step 80/142 | LR: 0.01568 | Loss: 5.1029 | Grad: 15.1611 | P@10: 20.0%
2026-03-12 00:02:04,587 [INFO]    -> Step 100/142 | LR: 0.01566 | Loss: 0.8221 | Grad: 22.1881 | P@10: 60.0%
2026-03-12 00:02:22,892 [INFO]    -> Step 120/142 | LR: 0.01563 | Loss: 0.7739 | Grad: 14.5929 | P@10: 60.0%
2026-03-12 00:02:41,362 [INFO]    -> Step 140/142 | LR: 0.01560 | Loss: 0.8453 | Grad: 22.6482 | P@10: 40.0%
2026-03-12 00:02:49,493 [INFO] Epoch 47/120 | Loss: 1.3747 | Grad Avg: 16.0252 | P@10: 53.4%
2026-03-12 00:03:08,777 [INFO]    -> Step 20/142 | LR: 0.01557 | Loss: 0.9691 | Grad: 19.5849 | P@10: 10.0%
2026-03-12 00:03:27,725 [INFO]    -> Step 40/142 | LR: 0.01554 | Loss: 0.8481 | Grad: 19.6686 | P@10: 60.0%
2026-03-12 00:03:46,405 [INFO]    -> Step 60/142 | LR: 0.01551 | Loss: 0.7984 | Grad: 18.7732 | P@10: 70.0%
2026-03-12 00:04:05,592 [INFO]    -> Step 80/142 | LR: 0.01549 | Loss: 0.8247 | Grad: 22.9861 | P@10: 60.0%
2026-03-12 00:04:24,808 [INFO]    -> Step 100/142 | LR: 0.01546 | Loss: 0.8189 | Grad: 7.2530 | P@10: 20.0%
2026-03-12 00:04:42,459 [INFO]    -> Step 120/142 | LR: 0.01543 | Loss: 0.7325 | Grad: 22.2334 | P@10: 40.0%
2026-03-12 00:04:59,870 [INFO]    -> Step 140/142 | LR: 0.01540 | Loss: 0.6533 | Grad: 2.8491 | P@10: 20.0%
2026-03-12 00:05:07,276 [INFO] Epoch 48/120 | Loss: 1.2672 | Grad Avg: 15.0108 | P@10: 59.7%
2026-03-12 00:05:25,699 [INFO]    -> Step 20/142 | LR: 0.01537 | Loss: 0.6389 | Grad: 11.6386 | P@10: 40.0%
2026-03-12 00:05:44,294 [INFO]    -> Step 40/142 | LR: 0.01534 | Loss: 0.6504 | Grad: 5.0908 | P@10: 60.0%
2026-03-12 00:06:03,836 [INFO]    -> Step 60/142 | LR: 0.01531 | Loss: 0.8149 | Grad: 11.6266 | P@10: 30.0%
2026-03-12 00:06:24,310 [INFO]    -> Step 80/142 | LR: 0.01528 | Loss: 0.7818 | Grad: 2.9894 | P@10: 40.0%
2026-03-12 00:06:44,250 [INFO]    -> Step 100/142 | LR: 0.01525 | Loss: 1.0040 | Grad: 19.0706 | P@10: 30.0%
2026-03-12 00:07:03,885 [INFO]    -> Step 120/142 | LR: 0.01522 | Loss: 0.6424 | Grad: 23.0054 | P@10: 60.0%
2026-03-12 00:07:24,708 [INFO]    -> Step 140/142 | LR: 0.01519 | Loss: 0.7022 | Grad: 7.7574 | P@10: 60.0%
2026-03-12 00:07:33,866 [INFO] Epoch 49/120 | Loss: 1.1988 | Grad Avg: 13.1864 | P@10: 59.2%
2026-03-12 00:07:53,958 [INFO]    -> Step 20/142 | LR: 0.01516 | Loss: 0.7455 | Grad: 12.1414 | P@10: 50.0%
2026-03-12 00:08:13,055 [INFO]    -> Step 40/142 | LR: 0.01513 | Loss: 4.6032 | Grad: 9.5459 | P@10: 30.0%
2026-03-12 00:08:31,555 [INFO]    -> Step 60/142 | LR: 0.01510 | Loss: 1.3839 | Grad: 43.3247 | P@10: 40.0%
2026-03-12 00:08:49,902 [INFO]    -> Step 80/142 | LR: 0.01507 | Loss: 0.7480 | Grad: 10.0573 | P@10: 20.0%
2026-03-12 00:09:08,424 [INFO]    -> Step 100/142 | LR: 0.01504 | Loss: 4.0294 | Grad: 13.8341 | P@10: 40.0%
2026-03-12 00:09:27,853 [INFO]    -> Step 120/142 | LR: 0.01501 | Loss: 0.6703 | Grad: 22.4089 | P@10: 50.0%
2026-03-12 00:09:47,603 [INFO]    -> Step 140/142 | LR: 0.01497 | Loss: 3.9064 | Grad: 6.5826 | P@10: 40.0%
2026-03-12 00:09:55,913 [INFO] Epoch 50/120 | Loss: 1.4659 | Grad Avg: 20.2323 | P@10: 61.2%
2026-03-12 00:10:17,056 [INFO]    -> Step 20/142 | LR: 0.01494 | Loss: 0.7939 | Grad: 15.3193 | P@10: 50.0%
2026-03-12 00:10:37,807 [INFO]    -> Step 40/142 | LR: 0.01491 | Loss: 0.9184 | Grad: 20.4446 | P@10: 40.0%
2026-03-12 00:10:58,244 [INFO]    -> Step 60/142 | LR: 0.01488 | Loss: 4.3996 | Grad: 17.6831 | P@10: 40.0%
2026-03-12 00:11:17,049 [INFO]    -> Step 80/142 | LR: 0.01485 | Loss: 0.7328 | Grad: 13.2628 | P@10: 30.0%
2026-03-12 00:11:34,174 [INFO]    -> Step 100/142 | LR: 0.01482 | Loss: 0.8637 | Grad: 22.8223 | P@10: 50.0%
2026-03-12 00:11:51,234 [INFO]    -> Step 120/142 | LR: 0.01478 | Loss: 0.6783 | Grad: 13.3763 | P@10: 30.0%
2026-03-12 00:12:09,874 [INFO]    -> Step 140/142 | LR: 0.01475 | Loss: 0.9054 | Grad: 12.5819 | P@10: 40.0%
2026-03-12 00:12:17,726 [INFO] Epoch 51/120 | Loss: 1.6100 | Grad Avg: 19.6083 | P@10: 49.6%
2026-03-12 00:12:36,642 [INFO]    -> Step 20/142 | LR: 0.01472 | Loss: 0.6966 | Grad: 3.1889 | P@10: 50.0%
2026-03-12 00:12:54,910 [INFO]    -> Step 40/142 | LR: 0.01469 | Loss: 1.0207 | Grad: 39.0842 | P@10: 40.0%
2026-03-12 00:13:14,549 [INFO]    -> Step 60/142 | LR: 0.01465 | Loss: 0.6271 | Grad: 4.9062 | P@10: 40.0%
2026-03-12 00:13:33,692 [INFO]    -> Step 80/142 | LR: 0.01462 | Loss: 0.6123 | Grad: 5.7451 | P@10: 60.0%
2026-03-12 00:13:52,786 [INFO]    -> Step 100/142 | LR: 0.01459 | Loss: 0.5780 | Grad: 11.5100 | P@10: 60.0%
2026-03-12 00:14:12,502 [INFO]    -> Step 120/142 | LR: 0.01456 | Loss: 3.4833 | Grad: 12.3387 | P@10: 20.0%
2026-03-12 00:14:30,539 [INFO]    -> Step 140/142 | LR: 0.01452 | Loss: 1.0047 | Grad: 7.4515 | P@10: 50.0%
2026-03-12 00:14:37,518 [INFO] Epoch 52/120 | Loss: 1.2833 | Grad Avg: 17.8957 | P@10: 30.4%
2026-03-12 00:14:53,589 [INFO]    -> Step 20/142 | LR: 0.01449 | Loss: 0.7028 | Grad: 13.8153 | P@10: 60.0%
2026-03-12 00:15:09,854 [INFO]    -> Step 40/142 | LR: 0.01446 | Loss: 0.6459 | Grad: 6.6898 | P@10: 50.0%
2026-03-12 00:15:26,848 [INFO]    -> Step 60/142 | LR: 0.01442 | Loss: 0.8751 | Grad: 8.5818 | P@10: 40.0%
2026-03-12 00:15:44,369 [INFO]    -> Step 80/142 | LR: 0.01439 | Loss: 0.8115 | Grad: 18.7406 | P@10: 50.0%
2026-03-12 00:16:01,833 [INFO]    -> Step 100/142 | LR: 0.01436 | Loss: 0.6759 | Grad: 4.6530 | P@10: 30.0%
2026-03-12 00:16:19,809 [INFO]    -> Step 120/142 | LR: 0.01432 | Loss: 0.7666 | Grad: 31.6458 | P@10: 40.0%
2026-03-12 00:16:38,300 [INFO]    -> Step 140/142 | LR: 0.01429 | Loss: 4.3883 | Grad: 27.1321 | P@10: 40.0%
2026-03-12 00:16:46,497 [INFO] Epoch 53/120 | Loss: 1.3048 | Grad Avg: 18.9699 | P@10: 59.1%
2026-03-12 00:17:05,768 [INFO]    -> Step 20/142 | LR: 0.01425 | Loss: 3.5168 | Grad: 5.3325 | P@10: 10.0%
2026-03-12 00:17:24,517 [INFO]    -> Step 40/142 | LR: 0.01422 | Loss: 1.3431 | Grad: 37.5533 | P@10: 40.0%
2026-03-12 00:17:41,119 [INFO]    -> Step 60/142 | LR: 0.01419 | Loss: 0.7478 | Grad: 17.4253 | P@10: 40.0%
2026-03-12 00:17:56,453 [INFO]    -> Step 80/142 | LR: 0.01415 | Loss: 0.7572 | Grad: 7.4419 | P@10: 30.0%
2026-03-12 00:18:11,655 [INFO]    -> Step 100/142 | LR: 0.01412 | Loss: 0.7469 | Grad: 16.0073 | P@10: 60.0%
2026-03-12 00:18:27,169 [INFO]    -> Step 120/142 | LR: 0.01409 | Loss: 0.6246 | Grad: 8.9218 | P@10: 60.0%
2026-03-12 00:18:42,953 [INFO]    -> Step 140/142 | LR: 0.01405 | Loss: 0.7079 | Grad: 12.0604 | P@10: 30.0%
2026-03-12 00:18:50,593 [INFO] Epoch 54/120 | Loss: 1.3720 | Grad Avg: 21.7403 | P@10: 60.9%
2026-03-12 00:19:06,909 [INFO]    -> Step 20/142 | LR: 0.01401 | Loss: 1.1482 | Grad: 11.5981 | P@10: 40.0%
2026-03-12 00:19:23,760 [INFO]    -> Step 40/142 | LR: 0.01398 | Loss: 0.7496 | Grad: 13.9163 | P@10: 50.0%
2026-03-12 00:19:41,004 [INFO]    -> Step 60/142 | LR: 0.01395 | Loss: 0.6574 | Grad: 19.7849 | P@10: 30.0%
2026-03-12 00:19:58,099 [INFO]    -> Step 80/142 | LR: 0.01391 | Loss: 3.6085 | Grad: 22.1592 | P@10: 30.0%
2026-03-12 00:20:15,845 [INFO]    -> Step 100/142 | LR: 0.01388 | Loss: 4.0660 | Grad: 10.4386 | P@10: 20.0%
2026-03-12 00:20:34,993 [INFO]    -> Step 120/142 | LR: 0.01384 | Loss: 0.7318 | Grad: 20.1340 | P@10: 50.0%
2026-03-12 00:20:53,245 [INFO]    -> Step 140/142 | LR: 0.01381 | Loss: 0.6198 | Grad: 11.6300 | P@10: 50.0%
2026-03-12 00:21:00,334 [INFO] Epoch 55/120 | Loss: 1.1675 | Grad Avg: 17.0652 | P@10: 61.3%
2026-03-12 00:21:16,687 [INFO]    -> Step 20/142 | LR: 0.01377 | Loss: 0.9636 | Grad: 12.8017 | P@10: 40.0%
2026-03-12 00:21:32,696 [INFO]    -> Step 40/142 | LR: 0.01373 | Loss: 0.9933 | Grad: 22.8465 | P@10: 30.0%
2026-03-12 00:21:48,423 [INFO]    -> Step 60/142 | LR: 0.01370 | Loss: 0.6405 | Grad: 3.5541 | P@10: 60.0%
2026-03-12 00:22:04,247 [INFO]    -> Step 80/142 | LR: 0.01366 | Loss: 1.1490 | Grad: 4.6672 | P@10: 30.0%
2026-03-12 00:22:20,758 [INFO]    -> Step 100/142 | LR: 0.01363 | Loss: 0.6526 | Grad: 5.5036 | P@10: 40.0%
2026-03-12 00:22:38,288 [INFO]    -> Step 120/142 | LR: 0.01359 | Loss: 0.5952 | Grad: 10.3209 | P@10: 50.0%
2026-03-12 00:22:55,933 [INFO]    -> Step 140/142 | LR: 0.01356 | Loss: 4.6297 | Grad: 13.1015 | P@10: 40.0%
2026-03-12 00:23:03,496 [INFO] Epoch 56/120 | Loss: 1.2190 | Grad Avg: 14.3019 | P@10: 61.4%
2026-03-12 00:23:21,667 [INFO]    -> Step 20/142 | LR: 0.01352 | Loss: 0.7725 | Grad: 9.7961 | P@10: 30.0%
2026-03-12 00:23:40,222 [INFO]    -> Step 40/142 | LR: 0.01348 | Loss: 0.6384 | Grad: 3.9949 | P@10: 30.0%
2026-03-12 00:24:00,102 [INFO]    -> Step 60/142 | LR: 0.01345 | Loss: 0.6041 | Grad: 12.1341 | P@10: 60.0%
2026-03-12 00:24:18,584 [INFO]    -> Step 80/142 | LR: 0.01341 | Loss: 0.6389 | Grad: 8.2957 | P@10: 50.0%
2026-03-12 00:24:35,698 [INFO]    -> Step 100/142 | LR: 0.01337 | Loss: 1.0108 | Grad: 14.0059 | P@10: 20.0%
2026-03-12 00:24:52,940 [INFO]    -> Step 120/142 | LR: 0.01334 | Loss: 0.5921 | Grad: 1.4948 | P@10: 60.0%
2026-03-12 00:25:08,791 [INFO]    -> Step 140/142 | LR: 0.01330 | Loss: 0.7035 | Grad: 4.2222 | P@10: 40.0%
2026-03-12 00:25:15,703 [INFO] Epoch 57/120 | Loss: 1.2174 | Grad Avg: 13.2349 | P@10: 58.0%
2026-03-12 00:25:33,786 [INFO]    -> Step 20/142 | LR: 0.01326 | Loss: 0.5907 | Grad: 16.9932 | P@10: 60.0%
2026-03-12 00:25:52,258 [INFO]    -> Step 40/142 | LR: 0.01323 | Loss: 0.7426 | Grad: 5.3897 | P@10: 30.0%
2026-03-12 00:26:10,194 [INFO]    -> Step 60/142 | LR: 0.01319 | Loss: 0.6650 | Grad: 11.1097 | P@10: 40.0%
2026-03-12 00:26:27,333 [INFO]    -> Step 80/142 | LR: 0.01315 | Loss: 0.9236 | Grad: 21.2749 | P@10: 30.0%
2026-03-12 00:26:45,794 [INFO]    -> Step 100/142 | LR: 0.01312 | Loss: 0.6405 | Grad: 4.0926 | P@10: 60.0%
2026-03-12 00:27:05,635 [INFO]    -> Step 120/142 | LR: 0.01308 | Loss: 3.7667 | Grad: 65.3193 | P@10: 40.0%
2026-03-12 00:27:25,236 [INFO]    -> Step 140/142 | LR: 0.01304 | Loss: 3.8492 | Grad: 24.0295 | P@10: 50.0%
2026-03-12 00:27:32,580 [INFO] Epoch 58/120 | Loss: 1.2907 | Grad Avg: 16.1606 | P@10: 51.0%
2026-03-12 00:27:47,921 [INFO]    -> Step 20/142 | LR: 0.01300 | Loss: 3.9603 | Grad: 10.9345 | P@10: 50.0%
2026-03-12 00:28:02,576 [INFO]    -> Step 40/142 | LR: 0.01297 | Loss: 0.7079 | Grad: 27.8329 | P@10: 60.0%
2026-03-12 00:28:16,934 [INFO]    -> Step 60/142 | LR: 0.01293 | Loss: 0.8503 | Grad: 45.2685 | P@10: 60.0%
2026-03-12 00:28:31,683 [INFO]    -> Step 80/142 | LR: 0.01289 | Loss: 0.6438 | Grad: 11.1528 | P@10: 50.0%
2026-03-12 00:28:46,986 [INFO]    -> Step 100/142 | LR: 0.01285 | Loss: 0.6487 | Grad: 7.2730 | P@10: 50.0%
2026-03-12 00:29:02,664 [INFO]    -> Step 120/142 | LR: 0.01282 | Loss: 0.6761 | Grad: 7.1376 | P@10: 50.0%
2026-03-12 00:29:18,564 [INFO]    -> Step 140/142 | LR: 0.01278 | Loss: 4.5210 | Grad: 15.9391 | P@10: 50.0%
2026-03-12 00:29:26,079 [INFO] Epoch 59/120 | Loss: 1.2807 | Grad Avg: 21.0819 | P@10: 54.4%
2026-03-12 00:29:41,562 [INFO]    -> Step 20/142 | LR: 0.01274 | Loss: 0.7083 | Grad: 19.6330 | P@10: 50.0%
2026-03-12 00:29:58,249 [INFO]    -> Step 40/142 | LR: 0.01270 | Loss: 4.3298 | Grad: 28.3310 | P@10: 20.0%
2026-03-12 00:30:15,434 [INFO]    -> Step 60/142 | LR: 0.01266 | Loss: 1.8480 | Grad: 76.9394 | P@10: 40.0%
2026-03-12 00:30:33,905 [INFO]    -> Step 80/142 | LR: 0.01263 | Loss: 0.8235 | Grad: 49.0361 | P@10: 50.0%
2026-03-12 00:30:53,903 [INFO]    -> Step 100/142 | LR: 0.01259 | Loss: 0.7792 | Grad: 15.6746 | P@10: 40.0%
2026-03-12 00:31:11,372 [INFO]    -> Step 120/142 | LR: 0.01255 | Loss: 0.8305 | Grad: 19.9947 | P@10: 50.0%
2026-03-12 00:31:27,424 [INFO]    -> Step 140/142 | LR: 0.01251 | Loss: 0.6244 | Grad: 4.2157 | P@10: 50.0%
2026-03-12 00:31:34,508 [INFO] Epoch 60/120 | Loss: 1.4622 | Grad Avg: 20.3459 | P@10: 54.9%
2026-03-12 00:31:49,583 [INFO]    -> Step 20/142 | LR: 0.01247 | Loss: 0.7304 | Grad: 12.9650 | P@10: 60.0%
2026-03-12 00:32:04,260 [INFO]    -> Step 40/142 | LR: 0.01243 | Loss: 1.0055 | Grad: 27.1870 | P@10: 40.0%
2026-03-12 00:32:20,219 [INFO]    -> Step 60/142 | LR: 0.01239 | Loss: 0.6299 | Grad: 7.5704 | P@10: 40.0%
2026-03-12 00:32:36,540 [INFO]    -> Step 80/142 | LR: 0.01236 | Loss: 0.6938 | Grad: 3.6753 | P@10: 30.0%
2026-03-12 00:32:54,746 [INFO]    -> Step 100/142 | LR: 0.01232 | Loss: 0.6240 | Grad: 20.8426 | P@10: 30.0%
2026-03-12 00:33:13,858 [INFO]    -> Step 120/142 | LR: 0.01228 | Loss: 1.0438 | Grad: 17.5364 | P@10: 40.0%
2026-03-12 00:33:33,471 [INFO]    -> Step 140/142 | LR: 0.01224 | Loss: 5.1631 | Grad: 29.0416 | P@10: 50.0%
2026-03-12 00:33:42,128 [INFO] Epoch 61/120 | Loss: 1.3889 | Grad Avg: 17.8401 | P@10: 51.6%
2026-03-12 00:34:02,166 [INFO]    -> Step 20/142 | LR: 0.01220 | Loss: 0.6100 | Grad: 11.0835 | P@10: 50.0%
2026-03-12 00:34:21,482 [INFO]    -> Step 40/142 | LR: 0.01216 | Loss: 0.7325 | Grad: 15.1513 | P@10: 50.0%
2026-03-12 00:34:38,957 [INFO]    -> Step 60/142 | LR: 0.01212 | Loss: 0.6596 | Grad: 8.2305 | P@10: 30.0%
2026-03-12 00:34:55,970 [INFO]    -> Step 80/142 | LR: 0.01208 | Loss: 0.7775 | Grad: 10.4102 | P@10: 30.0%
2026-03-12 00:35:14,057 [INFO]    -> Step 100/142 | LR: 0.01204 | Loss: 0.8460 | Grad: 9.5751 | P@10: 40.0%
2026-03-12 00:35:32,278 [INFO]    -> Step 120/142 | LR: 0.01201 | Loss: 4.3396 | Grad: 8.7633 | P@10: 20.0%
2026-03-12 00:35:50,528 [INFO]    -> Step 140/142 | LR: 0.01197 | Loss: 1.0263 | Grad: 7.7442 | P@10: 30.0%
2026-03-12 00:35:58,671 [INFO] Epoch 62/120 | Loss: 1.2420 | Grad Avg: 17.2208 | P@10: 30.2%
2026-03-12 00:36:17,451 [INFO]    -> Step 20/142 | LR: 0.01192 | Loss: 0.8792 | Grad: 26.4934 | P@10: 40.0%
2026-03-12 00:36:36,071 [INFO]    -> Step 40/142 | LR: 0.01189 | Loss: 1.1984 | Grad: 28.1279 | P@10: 40.0%
2026-03-12 00:36:55,643 [INFO]    -> Step 60/142 | LR: 0.01185 | Loss: 3.7589 | Grad: 16.1841 | P@10: 30.0%
2026-03-12 00:37:15,476 [INFO]    -> Step 80/142 | LR: 0.01181 | Loss: 0.8440 | Grad: 7.6640 | P@10: 30.0%
2026-03-12 00:37:34,694 [INFO]    -> Step 100/142 | LR: 0.01177 | Loss: 5.6781 | Grad: 25.3401 | P@10: 60.0%
2026-03-12 00:37:52,291 [INFO]    -> Step 120/142 | LR: 0.01173 | Loss: 1.5785 | Grad: 43.0426 | P@10: 30.0%
2026-03-12 00:38:09,307 [INFO]    -> Step 140/142 | LR: 0.01169 | Loss: 0.8477 | Grad: 40.2604 | P@10: 0.0%
2026-03-12 00:38:17,275 [INFO] Epoch 63/120 | Loss: 1.5283 | Grad Avg: 23.5033 | P@10: 59.5%
2026-03-12 00:38:34,961 [INFO]    -> Step 20/142 | LR: 0.01165 | Loss: 4.4864 | Grad: 27.3539 | P@10: 30.0%
2026-03-12 00:38:53,580 [INFO]    -> Step 40/142 | LR: 0.01161 | Loss: 1.0977 | Grad: 14.6464 | P@10: 20.0%
2026-03-12 00:39:12,503 [INFO]    -> Step 60/142 | LR: 0.01157 | Loss: 0.7150 | Grad: 24.8449 | P@10: 40.0%
2026-03-12 00:39:32,373 [INFO]    -> Step 80/142 | LR: 0.01153 | Loss: 4.7828 | Grad: 38.0009 | P@10: 50.0%
2026-03-12 00:39:53,331 [INFO]    -> Step 100/142 | LR: 0.01149 | Loss: 1.1227 | Grad: 50.3538 | P@10: 50.0%
2026-03-12 00:40:14,669 [INFO]    -> Step 120/142 | LR: 0.01145 | Loss: 1.1401 | Grad: 5.8285 | P@10: 40.0%
2026-03-12 00:40:36,736 [INFO]    -> Step 140/142 | LR: 0.01141 | Loss: 0.8481 | Grad: 22.9584 | P@10: 40.0%
2026-03-12 00:40:46,440 [INFO] Epoch 64/120 | Loss: 1.3275 | Grad Avg: 23.7622 | P@10: 54.4%
2026-03-12 00:41:08,046 [INFO]    -> Step 20/142 | LR: 0.01137 | Loss: 0.9657 | Grad: 39.7498 | P@10: 30.0%
2026-03-12 00:41:27,400 [INFO]    -> Step 40/142 | LR: 0.01133 | Loss: 1.0039 | Grad: 34.2028 | P@10: 30.0%
2026-03-12 00:41:46,674 [INFO]    -> Step 60/142 | LR: 0.01129 | Loss: 1.1571 | Grad: 34.4255 | P@10: 50.0%
2026-03-12 00:42:06,102 [INFO]    -> Step 80/142 | LR: 0.01125 | Loss: 0.7880 | Grad: 16.6374 | P@10: 30.0%
2026-03-12 00:42:26,158 [INFO]    -> Step 100/142 | LR: 0.01121 | Loss: 0.8692 | Grad: 24.2564 | P@10: 50.0%
2026-03-12 00:42:46,647 [INFO]    -> Step 120/142 | LR: 0.01117 | Loss: 0.7186 | Grad: 11.9934 | P@10: 60.0%
2026-03-12 00:43:08,587 [INFO]    -> Step 140/142 | LR: 0.01113 | Loss: 4.0088 | Grad: 22.9199 | P@10: 40.0%
2026-03-12 00:43:18,192 [INFO] Epoch 65/120 | Loss: 1.4289 | Grad Avg: 21.4157 | P@10: 58.7%
2026-03-12 00:43:40,430 [INFO]    -> Step 20/142 | LR: 0.01108 | Loss: 0.8199 | Grad: 14.4840 | P@10: 40.0%
2026-03-12 00:44:03,209 [INFO]    -> Step 40/142 | LR: 0.01104 | Loss: 0.6789 | Grad: 6.1752 | P@10: 50.0%
2026-03-12 00:44:24,797 [INFO]    -> Step 60/142 | LR: 0.01100 | Loss: 0.5153 | Grad: 3.6037 | P@10: 60.0%
2026-03-12 00:44:45,180 [INFO]    -> Step 80/142 | LR: 0.01096 | Loss: 0.7334 | Grad: 13.7935 | P@10: 40.0%
2026-03-12 00:45:05,810 [INFO]    -> Step 100/142 | LR: 0.01092 | Loss: 0.8315 | Grad: 7.5182 | P@10: 30.0%
2026-03-12 00:45:24,728 [INFO]    -> Step 120/142 | LR: 0.01088 | Loss: 0.9092 | Grad: 27.3501 | P@10: 30.0%
2026-03-12 00:45:44,612 [INFO]    -> Step 140/142 | LR: 0.01084 | Loss: 0.5568 | Grad: 6.1707 | P@10: 60.0%
2026-03-12 00:45:53,406 [INFO] Epoch 66/120 | Loss: 1.2828 | Grad Avg: 14.7608 | P@10: 51.4%
2026-03-12 00:46:14,287 [INFO]    -> Step 20/142 | LR: 0.01080 | Loss: 0.7001 | Grad: 12.4717 | P@10: 60.0%
2026-03-12 00:46:35,370 [INFO]    -> Step 40/142 | LR: 0.01076 | Loss: 0.6058 | Grad: 4.6065 | P@10: 60.0%
2026-03-12 00:46:57,055 [INFO]    -> Step 60/142 | LR: 0.01072 | Loss: 0.7340 | Grad: 16.2789 | P@10: 40.0%
2026-03-12 00:47:19,906 [INFO]    -> Step 80/142 | LR: 0.01067 | Loss: 0.7448 | Grad: 10.2755 | P@10: 50.0%
2026-03-12 00:47:41,015 [INFO]    -> Step 100/142 | LR: 0.01063 | Loss: 4.0945 | Grad: 20.5788 | P@10: 40.0%
2026-03-12 00:48:02,276 [INFO]    -> Step 120/142 | LR: 0.01059 | Loss: 0.6041 | Grad: 11.2808 | P@10: 40.0%
2026-03-12 00:48:23,190 [INFO]    -> Step 140/142 | LR: 0.01055 | Loss: 0.6251 | Grad: 10.4647 | P@10: 50.0%
2026-03-12 00:48:32,480 [INFO] Epoch 67/120 | Loss: 1.0997 | Grad Avg: 14.8205 | P@10: 47.5%
2026-03-12 00:48:54,774 [INFO]    -> Step 20/142 | LR: 0.01051 | Loss: 0.6699 | Grad: 11.0204 | P@10: 20.0%
2026-03-12 00:49:17,486 [INFO]    -> Step 40/142 | LR: 0.01047 | Loss: 0.6047 | Grad: 9.3054 | P@10: 40.0%
2026-03-12 00:49:40,873 [INFO]    -> Step 60/142 | LR: 0.01043 | Loss: 0.6200 | Grad: 7.0951 | P@10: 60.0%
2026-03-12 00:50:02,010 [INFO]    -> Step 80/142 | LR: 0.01039 | Loss: 0.6293 | Grad: 7.4509 | P@10: 40.0%
2026-03-12 00:50:22,444 [INFO]    -> Step 100/142 | LR: 0.01035 | Loss: 0.6043 | Grad: 10.1320 | P@10: 60.0%
2026-03-12 00:50:43,359 [INFO]    -> Step 120/142 | LR: 0.01031 | Loss: 0.9004 | Grad: 15.7966 | P@10: 20.0%
2026-03-12 00:51:04,484 [INFO]    -> Step 140/142 | LR: 0.01026 | Loss: 4.4068 | Grad: 12.5135 | P@10: 40.0%
2026-03-12 00:51:13,785 [INFO] Epoch 68/120 | Loss: 1.3525 | Grad Avg: 14.2802 | P@10: 56.1%
2026-03-12 00:51:35,618 [INFO]    -> Step 20/142 | LR: 0.01022 | Loss: 0.6093 | Grad: 31.9544 | P@10: 60.0%
2026-03-12 00:51:57,473 [INFO]    -> Step 40/142 | LR: 0.01018 | Loss: 0.6267 | Grad: 3.9232 | P@10: 60.0%
2026-03-12 00:52:19,708 [INFO]    -> Step 60/142 | LR: 0.01014 | Loss: 0.6844 | Grad: 28.0958 | P@10: 50.0%
2026-03-12 00:52:42,472 [INFO]    -> Step 80/142 | LR: 0.01010 | Loss: 0.6387 | Grad: 19.4243 | P@10: 60.0%
2026-03-12 00:53:05,120 [INFO]    -> Step 100/142 | LR: 0.01006 | Loss: 0.6947 | Grad: 22.4469 | P@10: 50.0%
2026-03-12 00:53:25,888 [INFO]    -> Step 120/142 | LR: 0.01002 | Loss: 4.3542 | Grad: 11.0877 | P@10: 50.0%
2026-03-12 00:53:46,991 [INFO]    -> Step 140/142 | LR: 0.00997 | Loss: 0.6440 | Grad: 18.0380 | P@10: 30.0%
2026-03-12 00:53:55,591 [INFO] Epoch 69/120 | Loss: 1.1585 | Grad Avg: 12.9308 | P@10: 60.2%
2026-03-12 00:54:17,037 [INFO]    -> Step 20/142 | LR: 0.00993 | Loss: 0.6785 | Grad: 26.0156 | P@10: 70.0%
2026-03-12 00:54:38,733 [INFO]    -> Step 40/142 | LR: 0.00989 | Loss: 0.6115 | Grad: 3.2892 | P@10: 40.0%
2026-03-12 00:55:00,949 [INFO]    -> Step 60/142 | LR: 0.00985 | Loss: 0.7096 | Grad: 2.5439 | P@10: 40.0%
2026-03-12 00:55:22,514 [INFO]    -> Step 80/142 | LR: 0.00981 | Loss: 0.6634 | Grad: 9.4278 | P@10: 50.0%
2026-03-12 00:55:45,256 [INFO]    -> Step 100/142 | LR: 0.00977 | Loss: 5.2076 | Grad: 18.5483 | P@10: 30.0%
2026-03-12 00:56:09,182 [INFO]    -> Step 120/142 | LR: 0.00972 | Loss: 0.9263 | Grad: 16.2542 | P@10: 10.0%
2026-03-12 00:56:31,228 [INFO]    -> Step 140/142 | LR: 0.00968 | Loss: 4.1627 | Grad: 9.9873 | P@10: 70.0%
2026-03-12 00:56:39,820 [INFO] Epoch 70/120 | Loss: 1.3146 | Grad Avg: 17.8261 | P@10: 60.9%
2026-03-12 00:57:00,325 [INFO]    -> Step 20/142 | LR: 0.00964 | Loss: 0.7051 | Grad: 8.5456 | P@10: 60.0%
2026-03-12 00:57:21,017 [INFO]    -> Step 40/142 | LR: 0.00960 | Loss: 0.6235 | Grad: 8.9180 | P@10: 30.0%
2026-03-12 00:57:42,276 [INFO]    -> Step 60/142 | LR: 0.00956 | Loss: 0.8091 | Grad: 16.8057 | P@10: 40.0%
2026-03-12 00:58:03,795 [INFO]    -> Step 80/142 | LR: 0.00951 | Loss: 0.9483 | Grad: 5.8716 | P@10: 30.0%
2026-03-12 00:58:24,623 [INFO]    -> Step 100/142 | LR: 0.00947 | Loss: 0.9128 | Grad: 30.9663 | P@10: 20.0%
2026-03-12 00:58:45,257 [INFO]    -> Step 120/142 | LR: 0.00943 | Loss: 0.7950 | Grad: 25.2058 | P@10: 40.0%
2026-03-12 00:59:06,319 [INFO]    -> Step 140/142 | LR: 0.00939 | Loss: 0.6368 | Grad: 32.3625 | P@10: 30.0%
2026-03-12 00:59:15,515 [INFO] Epoch 71/120 | Loss: 1.1256 | Grad Avg: 13.7574 | P@10: 58.9%
2026-03-12 00:59:35,330 [INFO]    -> Step 20/142 | LR: 0.00935 | Loss: 0.6780 | Grad: 8.4921 | P@10: 40.0%
2026-03-12 00:59:53,781 [INFO]    -> Step 40/142 | LR: 0.00930 | Loss: 0.7993 | Grad: 13.1912 | P@10: 40.0%
2026-03-12 01:00:12,623 [INFO]    -> Step 60/142 | LR: 0.00926 | Loss: 0.5591 | Grad: 22.1356 | P@10: 50.0%
2026-03-12 01:00:31,124 [INFO]    -> Step 80/142 | LR: 0.00922 | Loss: 0.6066 | Grad: 22.9752 | P@10: 40.0%
2026-03-12 01:00:50,303 [INFO]    -> Step 100/142 | LR: 0.00918 | Loss: 5.1296 | Grad: 20.1118 | P@10: 60.0%
2026-03-12 01:01:10,176 [INFO]    -> Step 120/142 | LR: 0.00914 | Loss: 0.6106 | Grad: 9.5030 | P@10: 60.0%
2026-03-12 01:01:30,469 [INFO]    -> Step 140/142 | LR: 0.00910 | Loss: 0.9792 | Grad: 12.0356 | P@10: 40.0%
2026-03-12 01:01:39,133 [INFO] Epoch 72/120 | Loss: 1.1343 | Grad Avg: 19.6931 | P@10: 50.4%
2026-03-12 01:01:59,771 [INFO]    -> Step 20/142 | LR: 0.00905 | Loss: 0.7274 | Grad: 11.9085 | P@10: 40.0%
2026-03-12 01:02:20,469 [INFO]    -> Step 40/142 | LR: 0.00901 | Loss: 0.5935 | Grad: 5.3342 | P@10: 40.0%
2026-03-12 01:02:42,095 [INFO]    -> Step 60/142 | LR: 0.00897 | Loss: 0.6885 | Grad: 26.3416 | P@10: 20.0%
2026-03-12 01:03:02,355 [INFO]    -> Step 80/142 | LR: 0.00893 | Loss: 0.6434 | Grad: 3.8438 | P@10: 40.0%
2026-03-12 01:03:21,904 [INFO]    -> Step 100/142 | LR: 0.00889 | Loss: 0.6836 | Grad: 15.4811 | P@10: 40.0%
2026-03-12 01:03:41,265 [INFO]    -> Step 120/142 | LR: 0.00885 | Loss: 0.7552 | Grad: 18.7763 | P@10: 20.0%
2026-03-12 01:04:00,970 [INFO]    -> Step 140/142 | LR: 0.00881 | Loss: 0.5966 | Grad: 16.2270 | P@10: 70.0%
2026-03-12 01:04:09,163 [INFO] Epoch 73/120 | Loss: 0.9729 | Grad Avg: 12.4734 | P@10: 59.4%
2026-03-12 01:04:29,540 [INFO]    -> Step 20/142 | LR: 0.00876 | Loss: 0.8541 | Grad: 14.4581 | P@10: 20.0%
2026-03-12 01:04:49,899 [INFO]    -> Step 40/142 | LR: 0.00872 | Loss: 0.8274 | Grad: 14.0982 | P@10: 60.0%
2026-03-12 01:05:10,214 [INFO]    -> Step 60/142 | LR: 0.00868 | Loss: 0.7640 | Grad: 12.7495 | P@10: 60.0%
2026-03-12 01:05:30,923 [INFO]    -> Step 80/142 | LR: 0.00864 | Loss: 0.6700 | Grad: 32.1093 | P@10: 40.0%
2026-03-12 01:05:52,184 [INFO]    -> Step 100/142 | LR: 0.00860 | Loss: 0.6149 | Grad: 11.0442 | P@10: 60.0%
2026-03-12 01:06:12,434 [INFO]    -> Step 120/142 | LR: 0.00856 | Loss: 0.6266 | Grad: 3.4921 | P@10: 50.0%
2026-03-12 01:06:30,962 [INFO]    -> Step 140/142 | LR: 0.00851 | Loss: 0.7169 | Grad: 12.6428 | P@10: 50.0%
2026-03-12 01:06:39,050 [INFO] Epoch 74/120 | Loss: 1.2193 | Grad Avg: 15.6197 | P@10: 57.6%
2026-03-12 01:06:58,599 [INFO]    -> Step 20/142 | LR: 0.00847 | Loss: 0.6571 | Grad: 27.5746 | P@10: 40.0%
2026-03-12 01:07:18,400 [INFO]    -> Step 40/142 | LR: 0.00843 | Loss: 0.6773 | Grad: 13.3484 | P@10: 60.0%
2026-03-12 01:07:38,314 [INFO]    -> Step 60/142 | LR: 0.00839 | Loss: 4.0032 | Grad: 13.2301 | P@10: 40.0%
2026-03-12 01:07:58,624 [INFO]    -> Step 80/142 | LR: 0.00835 | Loss: 0.6802 | Grad: 10.4972 | P@10: 20.0%
2026-03-12 01:08:19,225 [INFO]    -> Step 100/142 | LR: 0.00830 | Loss: 0.9435 | Grad: 23.0914 | P@10: 30.0%
2026-03-12 01:08:40,559 [INFO]    -> Step 120/142 | LR: 0.00826 | Loss: 4.5956 | Grad: 26.5350 | P@10: 40.0%
2026-03-12 01:09:03,100 [INFO]    -> Step 140/142 | LR: 0.00822 | Loss: 0.8589 | Grad: 14.7293 | P@10: 50.0%
2026-03-12 01:09:12,325 [INFO] Epoch 75/120 | Loss: 1.3522 | Grad Avg: 14.4498 | P@10: 55.0%
2026-03-12 01:09:33,745 [INFO]    -> Step 20/142 | LR: 0.00818 | Loss: 0.7198 | Grad: 28.8287 | P@10: 30.0%
2026-03-12 01:09:54,322 [INFO]    -> Step 40/142 | LR: 0.00814 | Loss: 0.6122 | Grad: 2.3802 | P@10: 50.0%
2026-03-12 01:10:14,642 [INFO]    -> Step 60/142 | LR: 0.00810 | Loss: 4.5140 | Grad: 8.9045 | P@10: 50.0%
2026-03-12 01:10:34,315 [INFO]    -> Step 80/142 | LR: 0.00805 | Loss: 0.7430 | Grad: 11.6190 | P@10: 60.0%
2026-03-12 01:10:54,284 [INFO]    -> Step 100/142 | LR: 0.00801 | Loss: 0.5980 | Grad: 2.4250 | P@10: 70.0%
2026-03-12 01:11:15,005 [INFO]    -> Step 120/142 | LR: 0.00797 | Loss: 0.6690 | Grad: 3.3332 | P@10: 50.0%
2026-03-12 01:11:37,253 [INFO]    -> Step 140/142 | LR: 0.00793 | Loss: 0.6261 | Grad: 14.8155 | P@10: 20.0%
2026-03-12 01:11:46,565 [INFO] Epoch 76/120 | Loss: 1.2752 | Grad Avg: 13.9846 | P@10: 60.8%
2026-03-12 01:12:09,697 [INFO]    -> Step 20/142 | LR: 0.00789 | Loss: 0.5814 | Grad: 22.7766 | P@10: 50.0%
2026-03-12 01:12:33,522 [INFO]    -> Step 40/142 | LR: 0.00785 | Loss: 4.1644 | Grad: 9.7010 | P@10: 30.0%
2026-03-12 01:12:54,480 [INFO]    -> Step 60/142 | LR: 0.00780 | Loss: 0.7168 | Grad: 3.3453 | P@10: 70.0%
2026-03-12 01:13:14,399 [INFO]    -> Step 80/142 | LR: 0.00776 | Loss: 0.5940 | Grad: 15.5792 | P@10: 60.0%
2026-03-12 01:13:34,583 [INFO]    -> Step 100/142 | LR: 0.00772 | Loss: 0.6753 | Grad: 20.5050 | P@10: 60.0%
2026-03-12 01:13:56,013 [INFO]    -> Step 120/142 | LR: 0.00768 | Loss: 0.6284 | Grad: 12.6940 | P@10: 50.0%
2026-03-12 01:14:18,372 [INFO]    -> Step 140/142 | LR: 0.00764 | Loss: 0.5930 | Grad: 25.0079 | P@10: 60.0%
2026-03-12 01:14:27,679 [INFO] Epoch 77/120 | Loss: 1.1719 | Grad Avg: 13.1736 | P@10: 46.7%
2026-03-12 01:14:51,047 [INFO]    -> Step 20/142 | LR: 0.00760 | Loss: 0.5665 | Grad: 13.1165 | P@10: 60.0%
2026-03-12 01:15:14,111 [INFO]    -> Step 40/142 | LR: 0.00756 | Loss: 4.1950 | Grad: 21.9986 | P@10: 30.0%
2026-03-12 01:15:37,492 [INFO]    -> Step 60/142 | LR: 0.00752 | Loss: 0.7225 | Grad: 32.7478 | P@10: 40.0%
2026-03-12 01:16:00,283 [INFO]    -> Step 80/142 | LR: 0.00748 | Loss: 4.4655 | Grad: 10.2258 | P@10: 40.0%
2026-03-12 01:16:21,021 [INFO]    -> Step 100/142 | LR: 0.00743 | Loss: 0.6168 | Grad: 2.4946 | P@10: 40.0%
2026-03-12 01:16:41,674 [INFO]    -> Step 120/142 | LR: 0.00739 | Loss: 0.6176 | Grad: 15.2180 | P@10: 50.0%
2026-03-12 01:17:01,715 [INFO]    -> Step 140/142 | LR: 0.00735 | Loss: 0.6011 | Grad: 8.8207 | P@10: 50.0%
2026-03-12 01:17:09,914 [INFO] Epoch 78/120 | Loss: 1.3857 | Grad Avg: 11.8329 | P@10: 60.3%
2026-03-12 01:17:31,455 [INFO]    -> Step 20/142 | LR: 0.00731 | Loss: 0.6754 | Grad: 16.0484 | P@10: 40.0%
2026-03-12 01:17:54,068 [INFO]    -> Step 40/142 | LR: 0.00727 | Loss: 0.6818 | Grad: 8.5604 | P@10: 30.0%
2026-03-12 01:18:17,596 [INFO]    -> Step 60/142 | LR: 0.00723 | Loss: 0.6293 | Grad: 7.9275 | P@10: 40.0%
2026-03-12 01:18:41,419 [INFO]    -> Step 80/142 | LR: 0.00719 | Loss: 0.6772 | Grad: 5.5290 | P@10: 30.0%
2026-03-12 01:19:05,918 [INFO]    -> Step 100/142 | LR: 0.00715 | Loss: 0.5952 | Grad: 2.3547 | P@10: 70.0%
2026-03-12 01:19:28,448 [INFO]    -> Step 120/142 | LR: 0.00711 | Loss: 0.6464 | Grad: 12.5622 | P@10: 50.0%
2026-03-12 01:19:49,793 [INFO]    -> Step 140/142 | LR: 0.00707 | Loss: 0.6235 | Grad: 6.2755 | P@10: 40.0%
2026-03-12 01:19:57,875 [INFO] Epoch 79/120 | Loss: 1.1688 | Grad Avg: 9.7758 | P@10: 58.4%
2026-03-12 01:20:18,399 [INFO]    -> Step 20/142 | LR: 0.00702 | Loss: 0.9009 | Grad: 16.4296 | P@10: 50.0%
2026-03-12 01:20:38,905 [INFO]    -> Step 40/142 | LR: 0.00698 | Loss: 0.8908 | Grad: 15.9649 | P@10: 20.0%
2026-03-12 01:21:00,504 [INFO]    -> Step 60/142 | LR: 0.00694 | Loss: 3.8845 | Grad: 1.9605 | P@10: 50.0%
2026-03-12 01:21:22,614 [INFO]    -> Step 80/142 | LR: 0.00690 | Loss: 0.5485 | Grad: 7.9355 | P@10: 60.0%
2026-03-12 01:21:45,031 [INFO]    -> Step 100/142 | LR: 0.00686 | Loss: 0.6950 | Grad: 3.7415 | P@10: 20.0%
2026-03-12 01:22:08,571 [INFO]    -> Step 120/142 | LR: 0.00682 | Loss: 0.6303 | Grad: 7.1726 | P@10: 40.0%
2026-03-12 01:22:33,948 [INFO]    -> Step 140/142 | LR: 0.00678 | Loss: 4.7126 | Grad: 5.2366 | P@10: 30.0%
2026-03-12 01:22:42,739 [INFO] Epoch 80/120 | Loss: 1.3729 | Grad Avg: 8.5212 | P@10: 58.5%
2026-03-12 01:23:04,252 [INFO]    -> Step 20/142 | LR: 0.00674 | Loss: 0.5992 | Grad: 12.9742 | P@10: 60.0%
2026-03-12 01:23:25,128 [INFO]    -> Step 40/142 | LR: 0.00670 | Loss: 0.7350 | Grad: 7.3550 | P@10: 50.0%
2026-03-12 01:23:46,346 [INFO]    -> Step 60/142 | LR: 0.00666 | Loss: 4.5577 | Grad: 3.4340 | P@10: 50.0%
2026-03-12 01:24:07,528 [INFO]    -> Step 80/142 | LR: 0.00662 | Loss: 0.6726 | Grad: 2.1358 | P@10: 50.0%
2026-03-12 01:24:29,327 [INFO]    -> Step 100/142 | LR: 0.00658 | Loss: 4.5894 | Grad: 11.5451 | P@10: 50.0%
2026-03-12 01:24:51,408 [INFO]    -> Step 120/142 | LR: 0.00654 | Loss: 4.9140 | Grad: 15.3927 | P@10: 30.0%
2026-03-12 01:25:14,799 [INFO]    -> Step 140/142 | LR: 0.00650 | Loss: 4.3362 | Grad: 3.3482 | P@10: 20.0%
2026-03-12 01:25:24,270 [INFO] Epoch 81/120 | Loss: 1.3363 | Grad Avg: 9.3181 | P@10: 59.4%
2026-03-12 01:25:48,360 [INFO]    -> Step 20/142 | LR: 0.00646 | Loss: 0.5740 | Grad: 3.4471 | P@10: 50.0%
2026-03-12 01:26:10,309 [INFO]    -> Step 40/142 | LR: 0.00642 | Loss: 0.6244 | Grad: 13.3601 | P@10: 20.0%
2026-03-12 01:26:31,121 [INFO]    -> Step 60/142 | LR: 0.00638 | Loss: 0.7646 | Grad: 10.9283 | P@10: 40.0%
2026-03-12 01:26:54,036 [INFO]    -> Step 80/142 | LR: 0.00634 | Loss: 4.5026 | Grad: 3.8557 | P@10: 40.0%
2026-03-12 01:27:18,159 [INFO]    -> Step 100/142 | LR: 0.00630 | Loss: 0.6136 | Grad: 1.8725 | P@10: 40.0%
2026-03-12 01:27:42,244 [INFO]    -> Step 120/142 | LR: 0.00626 | Loss: 0.7033 | Grad: 12.8312 | P@10: 40.0%
2026-03-12 01:28:06,876 [INFO]    -> Step 140/142 | LR: 0.00622 | Loss: 0.9054 | Grad: 19.4211 | P@10: 60.0%
2026-03-12 01:28:16,453 [INFO] Epoch 82/120 | Loss: 1.3737 | Grad Avg: 9.6044 | P@10: 61.2%
2026-03-12 01:28:41,118 [INFO]    -> Step 20/142 | LR: 0.00618 | Loss: 0.5801 | Grad: 0.9153 | P@10: 50.0%
2026-03-12 01:29:06,101 [INFO]    -> Step 40/142 | LR: 0.00614 | Loss: 0.6448 | Grad: 4.1848 | P@10: 30.0%
2026-03-12 01:29:29,418 [INFO]    -> Step 60/142 | LR: 0.00610 | Loss: 0.6772 | Grad: 7.0331 | P@10: 50.0%
2026-03-12 01:29:50,525 [INFO]    -> Step 80/142 | LR: 0.00606 | Loss: 4.7026 | Grad: 6.8178 | P@10: 30.0%
2026-03-12 01:30:12,197 [INFO]    -> Step 100/142 | LR: 0.00602 | Loss: 0.6131 | Grad: 9.9057 | P@10: 40.0%
2026-03-12 01:30:34,176 [INFO]    -> Step 120/142 | LR: 0.00598 | Loss: 0.6263 | Grad: 18.1406 | P@10: 40.0%
2026-03-12 01:30:56,633 [INFO]    -> Step 140/142 | LR: 0.00594 | Loss: 0.8576 | Grad: 15.4360 | P@10: 40.0%
2026-03-12 01:31:05,508 [INFO] Epoch 83/120 | Loss: 1.3537 | Grad Avg: 10.2523 | P@10: 62.1%
2026-03-12 01:31:05,514 [INFO] ⭐ Novo Recorde: 62.1%
2026-03-12 01:31:28,410 [INFO]    -> Step 20/142 | LR: 0.00590 | Loss: 0.6397 | Grad: 6.9770 | P@10: 60.0%
2026-03-12 01:31:52,567 [INFO]    -> Step 40/142 | LR: 0.00586 | Loss: 0.5845 | Grad: 2.2509 | P@10: 40.0%
2026-03-12 01:32:18,351 [INFO]    -> Step 60/142 | LR: 0.00582 | Loss: 0.7242 | Grad: 14.6411 | P@10: 50.0%
2026-03-12 01:32:42,838 [INFO]    -> Step 80/142 | LR: 0.00579 | Loss: 0.6730 | Grad: 10.7661 | P@10: 50.0%
2026-03-12 01:33:05,353 [INFO]    -> Step 100/142 | LR: 0.00575 | Loss: 0.6298 | Grad: 15.6314 | P@10: 50.0%
2026-03-12 01:33:28,861 [INFO]    -> Step 120/142 | LR: 0.00571 | Loss: 0.6715 | Grad: 8.7059 | P@10: 30.0%
2026-03-12 01:33:53,076 [INFO]    -> Step 140/142 | LR: 0.00567 | Loss: 0.6200 | Grad: 4.7339 | P@10: 30.0%
2026-03-12 01:34:02,515 [INFO] Epoch 84/120 | Loss: 1.0321 | Grad Avg: 9.2358 | P@10: 58.9%
2026-03-12 01:34:26,398 [INFO]    -> Step 20/142 | LR: 0.00563 | Loss: 0.6496 | Grad: 13.8035 | P@10: 70.0%
2026-03-12 01:34:50,379 [INFO]    -> Step 40/142 | LR: 0.00559 | Loss: 0.6434 | Grad: 5.9767 | P@10: 20.0%
2026-03-12 01:35:15,233 [INFO]    -> Step 60/142 | LR: 0.00555 | Loss: 0.5886 | Grad: 9.4698 | P@10: 60.0%
2026-03-12 01:35:41,757 [INFO]    -> Step 80/142 | LR: 0.00551 | Loss: 0.6730 | Grad: 7.9496 | P@10: 40.0%
2026-03-12 01:36:05,583 [INFO]    -> Step 100/142 | LR: 0.00548 | Loss: 0.6042 | Grad: 4.8512 | P@10: 40.0%
2026-03-12 01:36:29,309 [INFO]    -> Step 120/142 | LR: 0.00544 | Loss: 0.6372 | Grad: 3.8039 | P@10: 60.0%
2026-03-12 01:36:53,176 [INFO]    -> Step 140/142 | LR: 0.00540 | Loss: 0.6326 | Grad: 8.6365 | P@10: 30.0%
2026-03-12 01:37:02,880 [INFO] Epoch 85/120 | Loss: 0.9347 | Grad Avg: 7.6638 | P@10: 61.0%
2026-03-12 01:37:27,244 [INFO]    -> Step 20/142 | LR: 0.00536 | Loss: 0.6032 | Grad: 10.6613 | P@10: 30.0%
2026-03-12 01:37:52,754 [INFO]    -> Step 40/142 | LR: 0.00532 | Loss: 0.6617 | Grad: 2.3716 | P@10: 50.0%
2026-03-12 01:38:19,611 [INFO]    -> Step 60/142 | LR: 0.00528 | Loss: 4.5228 | Grad: 2.7756 | P@10: 60.0%
2026-03-12 01:38:47,073 [INFO]    -> Step 80/142 | LR: 0.00525 | Loss: 0.6297 | Grad: 12.1201 | P@10: 40.0%
2026-03-12 01:39:13,463 [INFO]    -> Step 100/142 | LR: 0.00521 | Loss: 0.5919 | Grad: 9.0461 | P@10: 60.0%
2026-03-12 01:39:38,001 [INFO]    -> Step 120/142 | LR: 0.00517 | Loss: 0.6708 | Grad: 23.2110 | P@10: 70.0%
2026-03-12 01:40:03,103 [INFO]    -> Step 140/142 | LR: 0.00513 | Loss: 0.5863 | Grad: 8.0692 | P@10: 60.0%
2026-03-12 01:40:12,771 [INFO] Epoch 86/120 | Loss: 1.1936 | Grad Avg: 9.7598 | P@10: 57.8%
2026-03-12 01:40:37,292 [INFO]    -> Step 20/142 | LR: 0.00509 | Loss: 4.3200 | Grad: 12.1252 | P@10: 40.0%
2026-03-12 01:41:03,735 [INFO]    -> Step 40/142 | LR: 0.00506 | Loss: 0.5961 | Grad: 8.3585 | P@10: 60.0%
2026-03-12 01:41:31,277 [INFO]    -> Step 60/142 | LR: 0.00502 | Loss: 0.6168 | Grad: 17.8155 | P@10: 60.0%
2026-03-12 01:41:59,473 [INFO]    -> Step 80/142 | LR: 0.00498 | Loss: 0.6205 | Grad: 8.5462 | P@10: 60.0%
2026-03-12 01:42:26,100 [INFO]    -> Step 100/142 | LR: 0.00495 | Loss: 0.6277 | Grad: 4.5531 | P@10: 40.0%
2026-03-12 01:42:50,766 [INFO]    -> Step 120/142 | LR: 0.00491 | Loss: 0.5742 | Grad: 7.6149 | P@10: 60.0%
2026-03-12 01:43:15,111 [INFO]    -> Step 140/142 | LR: 0.00487 | Loss: 4.2565 | Grad: 11.5087 | P@10: 40.0%
2026-03-12 01:43:24,694 [INFO] Epoch 87/120 | Loss: 1.1323 | Grad Avg: 7.3543 | P@10: 60.5%
2026-03-12 01:43:49,029 [INFO]    -> Step 20/142 | LR: 0.00483 | Loss: 0.5866 | Grad: 12.2423 | P@10: 50.0%
2026-03-12 01:44:13,999 [INFO]    -> Step 40/142 | LR: 0.00480 | Loss: 0.6600 | Grad: 22.8613 | P@10: 50.0%
2026-03-12 01:44:39,374 [INFO]    -> Step 60/142 | LR: 0.00476 | Loss: 4.2404 | Grad: 6.3666 | P@10: 40.0%
2026-03-12 01:45:06,056 [INFO]    -> Step 80/142 | LR: 0.00472 | Loss: 0.6335 | Grad: 9.3214 | P@10: 70.0%
2026-03-12 01:45:32,979 [INFO]    -> Step 100/142 | LR: 0.00469 | Loss: 0.5985 | Grad: 6.7985 | P@10: 50.0%
2026-03-12 01:45:57,274 [INFO]    -> Step 120/142 | LR: 0.00465 | Loss: 0.6095 | Grad: 9.8574 | P@10: 60.0%
2026-03-12 01:46:21,584 [INFO]    -> Step 140/142 | LR: 0.00461 | Loss: 0.6821 | Grad: 7.9695 | P@10: 60.0%
2026-03-12 01:46:31,043 [INFO] Epoch 88/120 | Loss: 1.1965 | Grad Avg: 9.1430 | P@10: 60.9%
2026-03-12 01:46:55,791 [INFO]    -> Step 20/142 | LR: 0.00458 | Loss: 0.5781 | Grad: 2.5909 | P@10: 50.0%
2026-03-12 01:47:21,317 [INFO]    -> Step 40/142 | LR: 0.00454 | Loss: 0.6300 | Grad: 17.4781 | P@10: 50.0%
2026-03-12 01:47:48,818 [INFO]    -> Step 60/142 | LR: 0.00450 | Loss: 0.6542 | Grad: 9.2697 | P@10: 20.0%
2026-03-12 01:48:17,500 [INFO]    -> Step 80/142 | LR: 0.00447 | Loss: 0.7174 | Grad: 9.3508 | P@10: 70.0%
2026-03-12 01:48:45,066 [INFO]    -> Step 100/142 | LR: 0.00443 | Loss: 0.7603 | Grad: 3.2003 | P@10: 40.0%
2026-03-12 01:49:09,714 [INFO]    -> Step 120/142 | LR: 0.00440 | Loss: 0.8373 | Grad: 8.5717 | P@10: 40.0%
2026-03-12 01:49:34,683 [INFO]    -> Step 140/142 | LR: 0.00436 | Loss: 0.5902 | Grad: 1.7927 | P@10: 60.0%
2026-03-12 01:49:44,677 [INFO] Epoch 89/120 | Loss: 1.0612 | Grad Avg: 7.2495 | P@10: 60.5%
2026-03-12 01:50:09,547 [INFO]    -> Step 20/142 | LR: 0.00432 | Loss: 0.7700 | Grad: 8.7798 | P@10: 40.0%
2026-03-12 01:50:35,337 [INFO]    -> Step 40/142 | LR: 0.00429 | Loss: 0.7467 | Grad: 5.7384 | P@10: 20.0%
2026-03-12 01:51:01,835 [INFO]    -> Step 60/142 | LR: 0.00425 | Loss: 8.2791 | Grad: 17.8349 | P@10: 10.0%
2026-03-12 01:51:29,069 [INFO]    -> Step 80/142 | LR: 0.00422 | Loss: 0.5662 | Grad: 3.4194 | P@10: 60.0%
2026-03-12 01:51:57,352 [INFO]    -> Step 100/142 | LR: 0.00418 | Loss: 0.5894 | Grad: 4.0386 | P@10: 50.0%
2026-03-12 01:52:23,160 [INFO]    -> Step 120/142 | LR: 0.00415 | Loss: 0.7892 | Grad: 6.6420 | P@10: 20.0%
2026-03-12 01:52:48,413 [INFO]    -> Step 140/142 | LR: 0.00411 | Loss: 0.6071 | Grad: 8.9054 | P@10: 50.0%
2026-03-12 01:52:57,978 [INFO] Epoch 90/120 | Loss: 1.0971 | Grad Avg: 7.8250 | P@10: 59.5%
2026-03-12 01:53:23,573 [INFO]    -> Step 20/142 | LR: 0.00408 | Loss: 0.6475 | Grad: 8.5352 | P@10: 40.0%
2026-03-12 01:53:49,940 [INFO]    -> Step 40/142 | LR: 0.00404 | Loss: 0.6775 | Grad: 1.6527 | P@10: 40.0%
2026-03-12 01:54:16,915 [INFO]    -> Step 60/142 | LR: 0.00401 | Loss: 0.5711 | Grad: 5.2442 | P@10: 60.0%
2026-03-12 01:54:44,571 [INFO]    -> Step 80/142 | LR: 0.00397 | Loss: 0.5768 | Grad: 6.1049 | P@10: 60.0%
2026-03-12 01:55:13,423 [INFO]    -> Step 100/142 | LR: 0.00394 | Loss: 0.5932 | Grad: 3.8832 | P@10: 50.0%
2026-03-12 01:55:40,283 [INFO]    -> Step 120/142 | LR: 0.00390 | Loss: 0.5864 | Grad: 4.6116 | P@10: 40.0%
2026-03-12 01:56:07,055 [INFO]    -> Step 140/142 | LR: 0.00387 | Loss: 0.5891 | Grad: 0.8607 | P@10: 40.0%
2026-03-12 01:56:17,116 [INFO] Epoch 91/120 | Loss: 1.1383 | Grad Avg: 6.3683 | P@10: 56.9%
2026-03-12 01:56:43,984 [INFO]    -> Step 20/142 | LR: 0.00383 | Loss: 0.6501 | Grad: 1.9001 | P@10: 40.0%
2026-03-12 01:57:09,702 [INFO]    -> Step 40/142 | LR: 0.00380 | Loss: 0.7251 | Grad: 7.2694 | P@10: 50.0%
2026-03-12 01:57:35,856 [INFO]    -> Step 60/142 | LR: 0.00377 | Loss: 4.2059 | Grad: 6.8416 | P@10: 60.0%
2026-03-12 01:58:02,860 [INFO]    -> Step 80/142 | LR: 0.00373 | Loss: 0.5765 | Grad: 2.8245 | P@10: 50.0%
2026-03-12 01:58:28,816 [INFO]    -> Step 100/142 | LR: 0.00370 | Loss: 0.6036 | Grad: 7.3190 | P@10: 60.0%
2026-03-12 01:58:52,805 [INFO]    -> Step 120/142 | LR: 0.00367 | Loss: 0.6470 | Grad: 10.9279 | P@10: 30.0%
2026-03-12 01:59:17,040 [INFO]    -> Step 140/142 | LR: 0.00363 | Loss: 0.6312 | Grad: 3.7803 | P@10: 50.0%
2026-03-12 01:59:27,388 [INFO] Epoch 92/120 | Loss: 1.0358 | Grad Avg: 6.7572 | P@10: 61.1%
2026-03-12 01:59:52,757 [INFO]    -> Step 20/142 | LR: 0.00360 | Loss: 3.6777 | Grad: 6.7993 | P@10: 40.0%
2026-03-12 02:00:19,533 [INFO]    -> Step 40/142 | LR: 0.00356 | Loss: 0.5690 | Grad: 2.1372 | P@10: 70.0%
2026-03-12 02:00:47,643 [INFO]    -> Step 60/142 | LR: 0.00353 | Loss: 3.6812 | Grad: 5.2304 | P@10: 30.0%
2026-03-12 02:01:12,845 [INFO]    -> Step 80/142 | LR: 0.00350 | Loss: 0.7274 | Grad: 3.0935 | P@10: 30.0%
2026-03-12 02:01:36,855 [INFO]    -> Step 100/142 | LR: 0.00347 | Loss: 0.6182 | Grad: 13.0273 | P@10: 50.0%
2026-03-12 02:02:00,280 [INFO]    -> Step 120/142 | LR: 0.00343 | Loss: 0.7068 | Grad: 5.8056 | P@10: 50.0%
2026-03-12 02:02:24,861 [INFO]    -> Step 140/142 | LR: 0.00340 | Loss: 0.5851 | Grad: 8.0863 | P@10: 50.0%
2026-03-12 02:02:35,018 [INFO] Epoch 93/120 | Loss: 1.1003 | Grad Avg: 5.8556 | P@10: 56.9%
2026-03-12 02:02:59,635 [INFO]    -> Step 20/142 | LR: 0.00337 | Loss: 0.7007 | Grad: 3.8014 | P@10: 60.0%
2026-03-12 02:03:27,298 [INFO]    -> Step 40/142 | LR: 0.00333 | Loss: 0.7283 | Grad: 2.8987 | P@10: 50.0%
2026-03-12 02:03:55,748 [INFO]    -> Step 60/142 | LR: 0.00330 | Loss: 0.5831 | Grad: 9.5605 | P@10: 50.0%
2026-03-12 02:04:21,297 [INFO]    -> Step 80/142 | LR: 0.00327 | Loss: 0.7127 | Grad: 3.9783 | P@10: 40.0%
2026-03-12 02:04:45,331 [INFO]    -> Step 100/142 | LR: 0.00324 | Loss: 4.4515 | Grad: 5.2246 | P@10: 40.0%
2026-03-12 02:05:09,792 [INFO]    -> Step 120/142 | LR: 0.00321 | Loss: 4.5551 | Grad: 12.3340 | P@10: 30.0%
2026-03-12 02:05:35,514 [INFO]    -> Step 140/142 | LR: 0.00318 | Loss: 0.6986 | Grad: 9.0156 | P@10: 40.0%
2026-03-12 02:05:46,057 [INFO] Epoch 94/120 | Loss: 1.2101 | Grad Avg: 6.1731 | P@10: 61.4%
2026-03-12 02:06:14,316 [INFO]    -> Step 20/142 | LR: 0.00314 | Loss: 0.7500 | Grad: 10.5269 | P@10: 20.0%
2026-03-12 02:06:43,601 [INFO]    -> Step 40/142 | LR: 0.00311 | Loss: 3.6928 | Grad: 6.7751 | P@10: 30.0%
2026-03-12 02:07:13,745 [INFO]    -> Step 60/142 | LR: 0.00308 | Loss: 0.8383 | Grad: 13.3134 | P@10: 40.0%
2026-03-12 02:07:40,601 [INFO]    -> Step 80/142 | LR: 0.00305 | Loss: 0.5964 | Grad: 4.1930 | P@10: 60.0%
2026-03-12 02:08:07,468 [INFO]    -> Step 100/142 | LR: 0.00302 | Loss: 0.6222 | Grad: 5.7436 | P@10: 50.0%
2026-03-12 02:08:34,878 [INFO]    -> Step 120/142 | LR: 0.00299 | Loss: 0.6374 | Grad: 7.6026 | P@10: 40.0%
2026-03-12 02:09:02,771 [INFO]    -> Step 140/142 | LR: 0.00296 | Loss: 0.5420 | Grad: 6.5045 | P@10: 70.0%
2026-03-12 02:09:13,896 [INFO] Epoch 95/120 | Loss: 1.1088 | Grad Avg: 6.9936 | P@10: 59.8%
2026-03-12 02:09:43,403 [INFO]    -> Step 20/142 | LR: 0.00292 | Loss: 0.5998 | Grad: 1.5502 | P@10: 50.0%
2026-03-12 02:10:12,572 [INFO]    -> Step 40/142 | LR: 0.00289 | Loss: 0.5898 | Grad: 4.9360 | P@10: 50.0%
2026-03-12 02:10:38,283 [INFO]    -> Step 60/142 | LR: 0.00286 | Loss: 0.5803 | Grad: 0.8272 | P@10: 70.0%
2026-03-12 02:11:02,003 [INFO]    -> Step 80/142 | LR: 0.00283 | Loss: 0.7080 | Grad: 1.9684 | P@10: 30.0%
2026-03-12 02:11:26,639 [INFO]    -> Step 100/142 | LR: 0.00280 | Loss: 4.6341 | Grad: 7.3502 | P@10: 20.0%
2026-03-12 02:11:51,253 [INFO]    -> Step 120/142 | LR: 0.00277 | Loss: 4.2681 | Grad: 14.7063 | P@10: 30.0%
2026-03-12 02:12:18,243 [INFO]    -> Step 140/142 | LR: 0.00274 | Loss: 0.6336 | Grad: 4.0021 | P@10: 60.0%
2026-03-12 02:12:29,143 [INFO] Epoch 96/120 | Loss: 1.0722 | Grad Avg: 5.5107 | P@10: 57.0%
2026-03-12 02:12:57,118 [INFO]    -> Step 20/142 | LR: 0.00271 | Loss: 0.6553 | Grad: 8.3136 | P@10: 60.0%
2026-03-12 02:13:25,936 [INFO]    -> Step 40/142 | LR: 0.00268 | Loss: 0.5798 | Grad: 5.6452 | P@10: 70.0%
2026-03-12 02:13:52,370 [INFO]    -> Step 60/142 | LR: 0.00265 | Loss: 0.6156 | Grad: 7.4004 | P@10: 40.0%
2026-03-12 02:14:17,426 [INFO]    -> Step 80/142 | LR: 0.00262 | Loss: 0.7587 | Grad: 5.1435 | P@10: 50.0%
2026-03-12 02:14:42,838 [INFO]    -> Step 100/142 | LR: 0.00259 | Loss: 0.5986 | Grad: 8.1121 | P@10: 60.0%
2026-03-12 02:15:08,965 [INFO]    -> Step 120/142 | LR: 0.00256 | Loss: 0.6506 | Grad: 1.5993 | P@10: 50.0%
2026-03-12 02:15:35,218 [INFO]    -> Step 140/142 | LR: 0.00253 | Loss: 0.6148 | Grad: 4.7145 | P@10: 40.0%
2026-03-12 02:15:45,907 [INFO] Epoch 97/120 | Loss: 1.0137 | Grad Avg: 5.8675 | P@10: 59.7%
2026-03-12 02:16:09,345 [INFO]    -> Step 20/142 | LR: 0.00250 | Loss: 0.6072 | Grad: 8.3317 | P@10: 60.0%
2026-03-12 02:16:31,904 [INFO]    -> Step 40/142 | LR: 0.00248 | Loss: 0.6315 | Grad: 8.4247 | P@10: 40.0%
2026-03-12 02:16:54,085 [INFO]    -> Step 60/142 | LR: 0.00245 | Loss: 4.0767 | Grad: 4.8682 | P@10: 40.0%
2026-03-12 02:17:16,091 [INFO]    -> Step 80/142 | LR: 0.00242 | Loss: 3.0461 | Grad: 4.0101 | P@10: 40.0%
2026-03-12 02:17:39,855 [INFO]    -> Step 100/142 | LR: 0.00239 | Loss: 0.6264 | Grad: 3.8009 | P@10: 20.0%
2026-03-12 02:18:04,331 [INFO]    -> Step 120/142 | LR: 0.00236 | Loss: 0.6435 | Grad: 6.1360 | P@10: 50.0%
2026-03-12 02:18:29,487 [INFO]    -> Step 140/142 | LR: 0.00233 | Loss: 4.0248 | Grad: 4.2099 | P@10: 50.0%
2026-03-12 02:18:40,367 [INFO] Epoch 98/120 | Loss: 1.2023 | Grad Avg: 5.4355 | P@10: 59.1%
2026-03-12 02:19:07,473 [INFO]    -> Step 20/142 | LR: 0.00230 | Loss: 0.6781 | Grad: 4.7091 | P@10: 30.0%
2026-03-12 02:19:33,940 [INFO]    -> Step 40/142 | LR: 0.00228 | Loss: 1.0964 | Grad: 7.9263 | P@10: 30.0%
2026-03-12 02:19:58,364 [INFO]    -> Step 60/142 | LR: 0.00225 | Loss: 0.7209 | Grad: 6.2296 | P@10: 40.0%
2026-03-12 02:20:22,529 [INFO]    -> Step 80/142 | LR: 0.00222 | Loss: 0.5843 | Grad: 4.7270 | P@10: 30.0%
2026-03-12 02:20:47,350 [INFO]    -> Step 100/142 | LR: 0.00220 | Loss: 0.6220 | Grad: 1.8182 | P@10: 30.0%
2026-03-12 02:21:11,879 [INFO]    -> Step 120/142 | LR: 0.00217 | Loss: 0.9105 | Grad: 7.7068 | P@10: 40.0%
2026-03-12 02:21:37,075 [INFO]    -> Step 140/142 | LR: 0.00214 | Loss: 0.6155 | Grad: 3.1546 | P@10: 70.0%
2026-03-12 02:21:47,480 [INFO] Epoch 99/120 | Loss: 1.1365 | Grad Avg: 6.1121 | P@10: 55.8%
2026-03-12 02:22:14,195 [INFO]    -> Step 20/142 | LR: 0.00211 | Loss: 2.7699 | Grad: 6.2716 | P@10: 20.0%
2026-03-12 02:22:41,510 [INFO]    -> Step 40/142 | LR: 0.00209 | Loss: 0.6480 | Grad: 2.7503 | P@10: 60.0%
2026-03-12 02:23:05,731 [INFO]    -> Step 60/142 | LR: 0.00206 | Loss: 0.6396 | Grad: 13.3312 | P@10: 20.0%
2026-03-12 02:23:29,785 [INFO]    -> Step 80/142 | LR: 0.00203 | Loss: 1.0460 | Grad: 4.8071 | P@10: 60.0%
2026-03-12 02:23:53,593 [INFO]    -> Step 100/142 | LR: 0.00201 | Loss: 1.9047 | Grad: 3.7962 | P@10: 30.0%
2026-03-12 02:24:18,020 [INFO]    -> Step 120/142 | LR: 0.00198 | Loss: 0.7890 | Grad: 5.0582 | P@10: 50.0%
2026-03-12 02:24:42,536 [INFO]    -> Step 140/142 | LR: 0.00196 | Loss: 0.6381 | Grad: 3.5012 | P@10: 60.0%
2026-03-12 02:24:52,653 [INFO] Epoch 100/120 | Loss: 0.9481 | Grad Avg: 4.9215 | P@10: 62.5%
2026-03-12 02:24:52,658 [INFO] ⭐ Novo Recorde: 62.5%
2026-03-12 02:25:17,137 [INFO]    -> Step 20/142 | LR: 0.00193 | Loss: 0.6466 | Grad: 6.1196 | P@10: 50.0%
2026-03-12 02:25:42,191 [INFO]    -> Step 40/142 | LR: 0.00190 | Loss: 0.6813 | Grad: 5.4566 | P@10: 60.0%
2026-03-12 02:26:06,792 [INFO]    -> Step 60/142 | LR: 0.00188 | Loss: 0.5696 | Grad: 4.3551 | P@10: 60.0%
2026-03-12 02:26:29,172 [INFO]    -> Step 80/142 | LR: 0.00185 | Loss: 0.5666 | Grad: 2.9766 | P@10: 60.0%
2026-03-12 02:26:52,629 [INFO]    -> Step 100/142 | LR: 0.00183 | Loss: 0.6325 | Grad: 5.5722 | P@10: 40.0%
2026-03-12 02:27:15,956 [INFO]    -> Step 120/142 | LR: 0.00180 | Loss: 0.5891 | Grad: 2.3996 | P@10: 60.0%
2026-03-12 02:27:40,043 [INFO]    -> Step 140/142 | LR: 0.00178 | Loss: 0.6259 | Grad: 6.0206 | P@10: 20.0%
2026-03-12 02:27:49,594 [INFO] Epoch 101/120 | Loss: 0.9864 | Grad Avg: 6.1508 | P@10: 61.4%
2026-03-12 02:28:14,295 [INFO]    -> Step 20/142 | LR: 0.00175 | Loss: 0.7684 | Grad: 5.8311 | P@10: 30.0%
2026-03-12 02:28:39,670 [INFO]    -> Step 40/142 | LR: 0.00173 | Loss: 0.7529 | Grad: 6.4291 | P@10: 40.0%
2026-03-12 02:29:05,144 [INFO]    -> Step 60/142 | LR: 0.00170 | Loss: 0.7129 | Grad: 3.7024 | P@10: 50.0%
2026-03-12 02:29:28,597 [INFO]    -> Step 80/142 | LR: 0.00168 | Loss: 0.7001 | Grad: 6.7657 | P@10: 40.0%
2026-03-12 02:29:50,842 [INFO]    -> Step 100/142 | LR: 0.00165 | Loss: 0.4594 | Grad: 7.5718 | P@10: 80.0%
2026-03-12 02:30:13,759 [INFO]    -> Step 120/142 | LR: 0.00163 | Loss: 3.2601 | Grad: 7.8211 | P@10: 40.0%
2026-03-12 02:30:36,916 [INFO]    -> Step 140/142 | LR: 0.00161 | Loss: 0.7488 | Grad: 5.9300 | P@10: 10.0%
2026-03-12 02:30:46,333 [INFO] Epoch 102/120 | Loss: 0.9966 | Grad Avg: 6.2661 | P@10: 60.0%
2026-03-12 02:31:09,291 [INFO]    -> Step 20/142 | LR: 0.00158 | Loss: 0.5560 | Grad: 2.7907 | P@10: 50.0%
2026-03-12 02:31:32,469 [INFO]    -> Step 40/142 | LR: 0.00156 | Loss: 0.6467 | Grad: 22.9915 | P@10: 50.0%
2026-03-12 02:31:56,354 [INFO]    -> Step 60/142 | LR: 0.00154 | Loss: 0.7771 | Grad: 6.6769 | P@10: 30.0%
2026-03-12 02:32:21,497 [INFO]    -> Step 80/142 | LR: 0.00151 | Loss: 0.7052 | Grad: 3.6570 | P@10: 40.0%
2026-03-12 02:32:44,993 [INFO]    -> Step 100/142 | LR: 0.00149 | Loss: 0.7905 | Grad: 4.8349 | P@10: 40.0%
2026-03-12 02:33:07,758 [INFO]    -> Step 120/142 | LR: 0.00147 | Loss: 0.6774 | Grad: 9.5163 | P@10: 60.0%
2026-03-12 02:33:30,761 [INFO]    -> Step 140/142 | LR: 0.00144 | Loss: 0.6603 | Grad: 3.9486 | P@10: 40.0%
2026-03-12 02:33:40,232 [INFO] Epoch 103/120 | Loss: 1.0476 | Grad Avg: 7.3393 | P@10: 60.6%
2026-03-12 02:34:03,839 [INFO]    -> Step 20/142 | LR: 0.00142 | Loss: 1.0736 | Grad: 15.7788 | P@10: 30.0%
2026-03-12 02:34:27,480 [INFO]    -> Step 40/142 | LR: 0.00140 | Loss: 0.6922 | Grad: 7.7431 | P@10: 60.0%
2026-03-12 02:34:51,777 [INFO]    -> Step 60/142 | LR: 0.00138 | Loss: 4.5431 | Grad: 13.1078 | P@10: 30.0%
2026-03-12 02:35:16,080 [INFO]    -> Step 80/142 | LR: 0.00135 | Loss: 0.6095 | Grad: 3.9586 | P@10: 40.0%
2026-03-12 02:35:41,702 [INFO]    -> Step 100/142 | LR: 0.00133 | Loss: 0.6206 | Grad: 4.4813 | P@10: 40.0%
2026-03-12 02:36:04,488 [INFO]    -> Step 120/142 | LR: 0.00131 | Loss: 4.1417 | Grad: 3.4150 | P@10: 50.0%
2026-03-12 02:36:26,886 [INFO]    -> Step 140/142 | LR: 0.00129 | Loss: 0.5951 | Grad: 3.1910 | P@10: 60.0%
2026-03-12 02:36:35,978 [INFO] Epoch 104/120 | Loss: 0.9608 | Grad Avg: 8.0935 | P@10: 45.2%
2026-03-12 02:36:58,812 [INFO]    -> Step 20/142 | LR: 0.00127 | Loss: 4.3884 | Grad: 4.8688 | P@10: 30.0%
2026-03-12 02:37:21,807 [INFO]    -> Step 40/142 | LR: 0.00125 | Loss: 0.6813 | Grad: 29.0755 | P@10: 30.0%
2026-03-12 02:37:45,269 [INFO]    -> Step 60/142 | LR: 0.00122 | Loss: 0.8105 | Grad: 2.4330 | P@10: 50.0%
2026-03-12 02:38:09,391 [INFO]    -> Step 80/142 | LR: 0.00120 | Loss: 0.6502 | Grad: 5.0891 | P@10: 30.0%
2026-03-12 02:38:34,837 [INFO]    -> Step 100/142 | LR: 0.00118 | Loss: 0.6213 | Grad: 12.8078 | P@10: 20.0%
2026-03-12 02:39:00,484 [INFO]    -> Step 120/142 | LR: 0.00116 | Loss: 0.8213 | Grad: 2.5054 | P@10: 60.0%
2026-03-12 02:39:23,764 [INFO]    -> Step 140/142 | LR: 0.00114 | Loss: 1.1134 | Grad: 23.6153 | P@10: 50.0%
2026-03-12 02:39:32,981 [INFO] Epoch 105/120 | Loss: 1.0589 | Grad Avg: 9.0595 | P@10: 61.1%
2026-03-12 02:39:56,146 [INFO]    -> Step 20/142 | LR: 0.00112 | Loss: 2.1716 | Grad: 13.4758 | P@10: 20.0%
2026-03-12 02:40:19,049 [INFO]    -> Step 40/142 | LR: 0.00110 | Loss: 0.5957 | Grad: 9.9964 | P@10: 40.0%
2026-03-12 02:40:43,046 [INFO]    -> Step 60/142 | LR: 0.00108 | Loss: 0.8160 | Grad: 4.9679 | P@10: 50.0%
2026-03-12 02:41:07,338 [INFO]    -> Step 80/142 | LR: 0.00106 | Loss: 0.6132 | Grad: 5.4710 | P@10: 40.0%
2026-03-12 02:41:30,188 [INFO]    -> Step 100/142 | LR: 0.00104 | Loss: 4.1960 | Grad: 11.7991 | P@10: 30.0%
2026-03-12 02:41:51,529 [INFO]    -> Step 120/142 | LR: 0.00102 | Loss: 0.5798 | Grad: 5.3240 | P@10: 40.0%
2026-03-12 02:42:13,288 [INFO]    -> Step 140/142 | LR: 0.00100 | Loss: 0.6138 | Grad: 21.4197 | P@10: 50.0%
2026-03-12 02:42:22,315 [INFO] Epoch 106/120 | Loss: 0.9812 | Grad Avg: 8.6543 | P@10: 55.8%
2026-03-12 02:42:43,904 [INFO]    -> Step 20/142 | LR: 0.00098 | Loss: 1.4386 | Grad: 7.8017 | P@10: 30.0%
2026-03-12 02:43:06,350 [INFO]    -> Step 40/142 | LR: 0.00096 | Loss: 0.5969 | Grad: 6.1197 | P@10: 40.0%
2026-03-12 02:43:29,275 [INFO]    -> Step 60/142 | LR: 0.00095 | Loss: 0.6039 | Grad: 9.8569 | P@10: 20.0%
2026-03-12 02:43:52,995 [INFO]    -> Step 80/142 | LR: 0.00093 | Loss: 0.7291 | Grad: 6.3169 | P@10: 50.0%
2026-03-12 02:44:17,249 [INFO]    -> Step 100/142 | LR: 0.00091 | Loss: 0.5714 | Grad: 2.8248 | P@10: 50.0%
2026-03-12 02:44:42,174 [INFO]    -> Step 120/142 | LR: 0.00089 | Loss: 4.5047 | Grad: 10.2555 | P@10: 30.0%
2026-03-12 02:45:04,787 [INFO]    -> Step 140/142 | LR: 0.00087 | Loss: 0.5884 | Grad: 9.3520 | P@10: 10.0%
2026-03-12 02:45:13,261 [INFO] Epoch 107/120 | Loss: 1.0068 | Grad Avg: 7.7189 | P@10: 50.3%
2026-03-12 02:45:35,271 [INFO]    -> Step 20/142 | LR: 0.00085 | Loss: 0.7550 | Grad: 2.5890 | P@10: 40.0%
2026-03-12 02:45:57,382 [INFO]    -> Step 40/142 | LR: 0.00084 | Loss: 0.2970 | Grad: 2.8569 | P@10: 60.0%
2026-03-12 02:46:19,978 [INFO]    -> Step 60/142 | LR: 0.00082 | Loss: 0.6943 | Grad: 11.0053 | P@10: 50.0%
2026-03-12 02:46:42,732 [INFO]    -> Step 80/142 | LR: 0.00080 | Loss: 0.6235 | Grad: 7.1442 | P@10: 30.0%
2026-03-12 02:47:06,249 [INFO]    -> Step 100/142 | LR: 0.00079 | Loss: 0.7882 | Grad: 4.4756 | P@10: 40.0%
2026-03-12 02:47:30,662 [INFO]    -> Step 120/142 | LR: 0.00077 | Loss: 0.5899 | Grad: 2.9425 | P@10: 20.0%
2026-03-12 02:47:55,713 [INFO]    -> Step 140/142 | LR: 0.00075 | Loss: 0.6461 | Grad: 4.6608 | P@10: 30.0%
2026-03-12 02:48:05,455 [INFO] Epoch 108/120 | Loss: 0.8380 | Grad Avg: 10.6171 | P@10: 59.0%
2026-03-12 02:48:27,337 [INFO]    -> Step 20/142 | LR: 0.00073 | Loss: 0.5980 | Grad: 13.3480 | P@10: 50.0%
2026-03-12 02:48:47,510 [INFO]    -> Step 40/142 | LR: 0.00072 | Loss: 0.7083 | Grad: 2.1523 | P@10: 30.0%
2026-03-12 02:49:08,884 [INFO]    -> Step 60/142 | LR: 0.00070 | Loss: 0.6771 | Grad: 13.9415 | P@10: 20.0%
2026-03-12 02:49:29,848 [INFO]    -> Step 80/142 | LR: 0.00069 | Loss: 1.0243 | Grad: 7.8031 | P@10: 40.0%
2026-03-12 02:49:51,142 [INFO]    -> Step 100/142 | LR: 0.00067 | Loss: 0.5174 | Grad: 15.8226 | P@10: 50.0%
2026-03-12 02:50:13,347 [INFO]    -> Step 120/142 | LR: 0.00066 | Loss: 0.6617 | Grad: 4.0435 | P@10: 50.0%
2026-03-12 02:50:35,274 [INFO]    -> Step 140/142 | LR: 0.00064 | Loss: 0.5972 | Grad: 12.5735 | P@10: 60.0%
2026-03-12 02:50:44,593 [INFO] Epoch 109/120 | Loss: 0.8369 | Grad Avg: 9.3577 | P@10: 58.5%
2026-03-12 02:51:07,325 [INFO]    -> Step 20/142 | LR: 0.00062 | Loss: 0.6061 | Grad: 10.5423 | P@10: 30.0%
2026-03-12 02:51:31,160 [INFO]    -> Step 40/142 | LR: 0.00061 | Loss: 0.6081 | Grad: 13.8929 | P@10: 30.0%
2026-03-12 02:51:56,259 [INFO]    -> Step 60/142 | LR: 0.00059 | Loss: 0.6791 | Grad: 3.8571 | P@10: 40.0%
2026-03-12 02:52:21,412 [INFO]    -> Step 80/142 | LR: 0.00058 | Loss: 0.5872 | Grad: 15.7887 | P@10: 30.0%
2026-03-12 02:52:43,729 [INFO]    -> Step 100/142 | LR: 0.00056 | Loss: 0.7287 | Grad: 4.3675 | P@10: 40.0%
2026-03-12 02:53:05,677 [INFO]    -> Step 120/142 | LR: 0.00055 | Loss: 0.7176 | Grad: 6.5691 | P@10: 20.0%
2026-03-12 02:53:27,755 [INFO]    -> Step 140/142 | LR: 0.00054 | Loss: 0.6314 | Grad: 3.5238 | P@10: 40.0%
2026-03-12 02:53:36,910 [INFO] Epoch 110/120 | Loss: 0.8645 | Grad Avg: 8.9653 | P@10: 58.0%
2026-03-12 02:54:00,016 [INFO]    -> Step 20/142 | LR: 0.00052 | Loss: 0.6201 | Grad: 2.3763 | P@10: 50.0%
2026-03-12 02:54:23,915 [INFO]    -> Step 40/142 | LR: 0.00051 | Loss: 0.5781 | Grad: 17.6931 | P@10: 60.0%
2026-03-12 02:54:48,012 [INFO]    -> Step 60/142 | LR: 0.00049 | Loss: 0.5918 | Grad: 6.2287 | P@10: 50.0%
2026-03-12 02:55:13,082 [INFO]    -> Step 80/142 | LR: 0.00048 | Loss: 0.9247 | Grad: 3.3700 | P@10: 50.0%
2026-03-12 02:55:38,237 [INFO]    -> Step 100/142 | LR: 0.00047 | Loss: 0.6765 | Grad: 4.4795 | P@10: 50.0%
2026-03-12 02:56:00,520 [INFO]    -> Step 120/142 | LR: 0.00045 | Loss: 0.5774 | Grad: 7.3835 | P@10: 60.0%
2026-03-12 02:56:22,674 [INFO]    -> Step 140/142 | LR: 0.00044 | Loss: 0.6955 | Grad: 5.4449 | P@10: 30.0%
2026-03-12 02:56:31,512 [INFO] Epoch 111/120 | Loss: 0.7792 | Grad Avg: 8.6244 | P@10: 58.5%
2026-03-12 02:56:53,960 [INFO]    -> Step 20/142 | LR: 0.00043 | Loss: 0.5811 | Grad: 7.3094 | P@10: 60.0%
2026-03-12 02:57:17,553 [INFO]    -> Step 40/142 | LR: 0.00041 | Loss: 0.9815 | Grad: 12.0268 | P@10: 50.0%
2026-03-12 02:57:41,629 [INFO]    -> Step 60/142 | LR: 0.00040 | Loss: 0.4474 | Grad: 1.2452 | P@10: 70.0%
2026-03-12 02:58:06,292 [INFO]    -> Step 80/142 | LR: 0.00039 | Loss: 0.6042 | Grad: 2.1084 | P@10: 50.0%
2026-03-12 02:58:31,648 [INFO]    -> Step 100/142 | LR: 0.00038 | Loss: 0.5774 | Grad: 5.4336 | P@10: 50.0%
2026-03-12 02:58:56,956 [INFO]    -> Step 120/142 | LR: 0.00037 | Loss: 0.6025 | Grad: 8.6942 | P@10: 40.0%
2026-03-12 02:59:19,471 [INFO]    -> Step 140/142 | LR: 0.00036 | Loss: 3.4336 | Grad: 13.7212 | P@10: 40.0%
2026-03-12 02:59:28,416 [INFO] Epoch 112/120 | Loss: 0.7796 | Grad Avg: 8.3183 | P@10: 58.2%
2026-03-12 02:59:51,232 [INFO]    -> Step 20/142 | LR: 0.00034 | Loss: 0.5936 | Grad: 5.2554 | P@10: 50.0%
2026-03-12 03:00:14,344 [INFO]    -> Step 40/142 | LR: 0.00033 | Loss: 0.5948 | Grad: 2.5029 | P@10: 40.0%
2026-03-12 03:00:38,249 [INFO]    -> Step 60/142 | LR: 0.00032 | Loss: 0.6176 | Grad: 2.3747 | P@10: 60.0%
2026-03-12 03:01:02,906 [INFO]    -> Step 80/142 | LR: 0.00031 | Loss: 0.6213 | Grad: 3.7576 | P@10: 40.0%
2026-03-12 03:01:27,885 [INFO]    -> Step 100/142 | LR: 0.00030 | Loss: 0.5924 | Grad: 3.4677 | P@10: 20.0%
2026-03-12 03:01:53,301 [INFO]    -> Step 120/142 | LR: 0.00029 | Loss: 1.2565 | Grad: 8.4115 | P@10: 50.0%
2026-03-12 03:02:18,732 [INFO]    -> Step 140/142 | LR: 0.00028 | Loss: 0.6830 | Grad: 3.7714 | P@10: 70.0%
2026-03-12 03:02:27,867 [INFO] Epoch 113/120 | Loss: 0.9639 | Grad Avg: 8.5604 | P@10: 61.1%
2026-03-12 03:02:50,450 [INFO]    -> Step 20/142 | LR: 0.00027 | Loss: 3.9783 | Grad: 8.3962 | P@10: 40.0%
2026-03-12 03:03:13,407 [INFO]    -> Step 40/142 | LR: 0.00026 | Loss: 0.5810 | Grad: 4.2748 | P@10: 20.0%
2026-03-12 03:03:36,523 [INFO]    -> Step 60/142 | LR: 0.00025 | Loss: 0.2419 | Grad: 6.4657 | P@10: 50.0%
2026-03-12 03:04:00,283 [INFO]    -> Step 80/142 | LR: 0.00024 | Loss: 0.6078 | Grad: 10.6827 | P@10: 50.0%
2026-03-12 03:04:24,576 [INFO]    -> Step 100/142 | LR: 0.00023 | Loss: 0.5951 | Grad: 5.4816 | P@10: 20.0%
2026-03-12 03:04:49,536 [INFO]    -> Step 120/142 | LR: 0.00022 | Loss: 1.0230 | Grad: 9.9936 | P@10: 30.0%
2026-03-12 03:05:15,123 [INFO]    -> Step 140/142 | LR: 0.00021 | Loss: 0.6343 | Grad: 4.4089 | P@10: 50.0%
2026-03-12 03:05:24,910 [INFO] Epoch 114/120 | Loss: 0.7927 | Grad Avg: 7.6821 | P@10: 56.7%
2026-03-12 03:05:48,039 [INFO]    -> Step 20/142 | LR: 0.00020 | Loss: 0.5744 | Grad: 7.3882 | P@10: 70.0%
2026-03-12 03:06:10,670 [INFO]    -> Step 40/142 | LR: 0.00019 | Loss: 0.5671 | Grad: 12.1446 | P@10: 50.0%
2026-03-12 03:06:33,517 [INFO]    -> Step 60/142 | LR: 0.00018 | Loss: 0.5609 | Grad: 5.0479 | P@10: 60.0%
2026-03-12 03:06:56,733 [INFO]    -> Step 80/142 | LR: 0.00018 | Loss: 2.9384 | Grad: 8.0684 | P@10: 40.0%
2026-03-12 03:07:20,605 [INFO]    -> Step 100/142 | LR: 0.00017 | Loss: 0.5821 | Grad: 3.1969 | P@10: 40.0%
2026-03-12 03:07:45,164 [INFO]    -> Step 120/142 | LR: 0.00016 | Loss: 0.5878 | Grad: 3.9789 | P@10: 30.0%
2026-03-12 03:08:10,063 [INFO]    -> Step 140/142 | LR: 0.00015 | Loss: 0.5722 | Grad: 5.6477 | P@10: 40.0%
2026-03-12 03:08:20,188 [INFO] Epoch 115/120 | Loss: 0.8041 | Grad Avg: 8.0221 | P@10: 57.7%
2026-03-12 03:08:46,196 [INFO]    -> Step 20/142 | LR: 0.00014 | Loss: 0.7517 | Grad: 5.3678 | P@10: 30.0%
2026-03-12 03:09:09,405 [INFO]    -> Step 40/142 | LR: 0.00014 | Loss: 0.5875 | Grad: 2.2082 | P@10: 40.0%
2026-03-12 03:09:31,862 [INFO]    -> Step 60/142 | LR: 0.00013 | Loss: 2.8838 | Grad: 7.7856 | P@10: 40.0%
2026-03-12 03:09:54,715 [INFO]    -> Step 80/142 | LR: 0.00012 | Loss: 0.5738 | Grad: 4.3313 | P@10: 40.0%
2026-03-12 03:10:17,974 [INFO]    -> Step 100/142 | LR: 0.00012 | Loss: 0.6391 | Grad: 5.3112 | P@10: 30.0%
2026-03-12 03:10:41,661 [INFO]    -> Step 120/142 | LR: 0.00011 | Loss: 0.4190 | Grad: 3.7438 | P@10: 30.0%
2026-03-12 03:11:06,044 [INFO]    -> Step 140/142 | LR: 0.00010 | Loss: 0.6086 | Grad: 10.3565 | P@10: 50.0%
2026-03-12 03:11:15,745 [INFO] Epoch 116/120 | Loss: 0.7546 | Grad Avg: 7.4143 | P@10: 57.6%
2026-03-12 03:11:41,258 [INFO]    -> Step 20/142 | LR: 0.00010 | Loss: 0.5799 | Grad: 3.1660 | P@10: 30.0%
2026-03-12 03:12:06,055 [INFO]    -> Step 40/142 | LR: 0.00009 | Loss: 0.6805 | Grad: 3.2996 | P@10: 60.0%
2026-03-12 03:12:28,737 [INFO]    -> Step 60/142 | LR: 0.00009 | Loss: 0.7255 | Grad: 7.2472 | P@10: 40.0%
2026-03-12 03:12:51,680 [INFO]    -> Step 80/142 | LR: 0.00008 | Loss: 0.7195 | Grad: 16.0426 | P@10: 60.0%
2026-03-12 03:13:14,694 [INFO]    -> Step 100/142 | LR: 0.00007 | Loss: 0.5725 | Grad: 4.7420 | P@10: 50.0%
2026-03-12 03:13:37,964 [INFO]    -> Step 120/142 | LR: 0.00007 | Loss: 3.9412 | Grad: 7.5826 | P@10: 20.0%
2026-03-12 03:14:02,584 [INFO]    -> Step 140/142 | LR: 0.00006 | Loss: 0.5860 | Grad: 1.6271 | P@10: 40.0%
2026-03-12 03:14:12,151 [INFO] Epoch 117/120 | Loss: 0.8900 | Grad Avg: 7.2699 | P@10: 58.1%
2026-03-12 03:14:37,446 [INFO]    -> Step 20/142 | LR: 0.00006 | Loss: 0.6407 | Grad: 11.8358 | P@10: 50.0%
2026-03-12 03:15:03,489 [INFO]    -> Step 40/142 | LR: 0.00005 | Loss: 0.5522 | Grad: 3.0651 | P@10: 60.0%
2026-03-12 03:15:28,229 [INFO]    -> Step 60/142 | LR: 0.00005 | Loss: 0.5808 | Grad: 8.9077 | P@10: 50.0%
2026-03-12 03:15:50,720 [INFO]    -> Step 80/142 | LR: 0.00005 | Loss: 0.6277 | Grad: 2.9874 | P@10: 50.0%
2026-03-12 03:16:13,952 [INFO]    -> Step 100/142 | LR: 0.00004 | Loss: 0.6723 | Grad: 5.1768 | P@10: 70.0%
2026-03-12 03:16:36,879 [INFO]    -> Step 120/142 | LR: 0.00004 | Loss: 0.5867 | Grad: 5.2765 | P@10: 30.0%
2026-03-12 03:17:00,663 [INFO]    -> Step 140/142 | LR: 0.00003 | Loss: 0.5813 | Grad: 10.1824 | P@10: 50.0%
2026-03-12 03:17:10,125 [INFO] Epoch 118/120 | Loss: 1.0086 | Grad Avg: 6.4393 | P@10: 58.5%
2026-03-12 03:17:34,475 [INFO]    -> Step 20/142 | LR: 0.00003 | Loss: 0.5931 | Grad: 7.6725 | P@10: 30.0%
2026-03-12 03:17:59,597 [INFO]    -> Step 40/142 | LR: 0.00003 | Loss: 1.2300 | Grad: 3.8668 | P@10: 40.0%
2026-03-12 03:18:25,389 [INFO]    -> Step 60/142 | LR: 0.00002 | Loss: 0.5822 | Grad: 9.1706 | P@10: 60.0%
2026-03-12 03:18:48,994 [INFO]    -> Step 80/142 | LR: 0.00002 | Loss: 0.5652 | Grad: 5.5035 | P@10: 50.0%
2026-03-12 03:19:11,625 [INFO]    -> Step 100/142 | LR: 0.00002 | Loss: 0.6020 | Grad: 8.2332 | P@10: 50.0%
2026-03-12 03:19:34,763 [INFO]    -> Step 120/142 | LR: 0.00002 | Loss: 0.5983 | Grad: 10.3990 | P@10: 40.0%
2026-03-12 03:19:57,905 [INFO]    -> Step 140/142 | LR: 0.00001 | Loss: 0.5953 | Grad: 3.1571 | P@10: 40.0%
2026-03-12 03:20:07,203 [INFO] Epoch 119/120 | Loss: 0.7730 | Grad Avg: 6.8236 | P@10: 58.4%
2026-03-12 03:20:31,426 [INFO]    -> Step 20/142 | LR: 0.00001 | Loss: 0.5771 | Grad: 10.8134 | P@10: 50.0%
2026-03-12 03:20:56,016 [INFO]    -> Step 40/142 | LR: 0.00001 | Loss: 0.6200 | Grad: 5.4574 | P@10: 60.0%
2026-03-12 03:21:21,542 [INFO]    -> Step 60/142 | LR: 0.00001 | Loss: 0.5870 | Grad: 5.4132 | P@10: 30.0%
2026-03-12 03:21:46,749 [INFO]    -> Step 80/142 | LR: 0.00001 | Loss: 0.5917 | Grad: 12.4430 | P@10: 40.0%
2026-03-12 03:22:09,632 [INFO]    -> Step 100/142 | LR: 0.00000 | Loss: 1.2419 | Grad: 7.6851 | P@10: 40.0%
2026-03-12 03:22:32,505 [INFO]    -> Step 120/142 | LR: 0.00000 | Loss: 0.5694 | Grad: 12.4407 | P@10: 50.0%
2026-03-12 03:22:55,553 [INFO]    -> Step 140/142 | LR: 0.00000 | Loss: 4.4194 | Grad: 9.9369 | P@10: 50.0%
2026-03-12 03:23:04,708 [INFO] Epoch 120/120 | Loss: 0.7450 | Grad Avg: 7.2646 | P@10: 59.1%
