2026-03-12 11:54:34,227 [INFO] 
!!!!!!!!!!!!!!!!!!!!!!!!!!!!!!!!!!!!!!!!!!!!!!!!!!!!!!!!!!!!
2026-03-12 11:54:34,227 [INFO] 🚀 INICIANDO PROJETO SUPER FORTALEZA 65% P@10
2026-03-12 11:54:34,228 [INFO] !!!!!!!!!!!!!!!!!!!!!!!!!!!!!!!!!!!!!!!!!!!!!!!!!!!!!!!!!!!!
2026-03-12 11:54:39,530 [INFO] Epoch 1 | Step 0 | LR: 0.00048 | Loss: 3.0548 | P@10: 10.0%
2026-03-12 11:54:53,945 [INFO] Epoch 1 | Step 10 | LR: 0.00048 | Loss: 2.4397 | P@10: 40.0%
2026-03-12 11:55:07,867 [INFO] Epoch 1 | Step 20 | LR: 0.00048 | Loss: 3.0570 | P@10: 40.0%
2026-03-12 11:55:21,688 [INFO] Epoch 1 | Step 30 | LR: 0.00049 | Loss: 2.3566 | P@10: 40.0%
2026-03-12 11:55:35,390 [INFO] Epoch 1 | Step 40 | LR: 0.00050 | Loss: 4.3077 | P@10: 10.0%
2026-03-12 11:55:48,751 [INFO] Epoch 1 | Step 50 | LR: 0.00050 | Loss: 2.6143 | P@10: 40.0%
2026-03-12 11:56:02,224 [INFO] Epoch 1 | Step 60 | LR: 0.00052 | Loss: 2.6902 | P@10: 40.0%
2026-03-12 11:56:15,688 [INFO] Epoch 1 | Step 70 | LR: 0.00053 | Loss: 2.6017 | P@10: 30.0%
2026-03-12 11:56:25,282 [INFO] --- FIM DA ÉPOCA 1 | Val P@10: 43.210526315789472562301% ---
2026-03-12 11:56:25,311 [INFO] 💎 NOVO RECORDE SUPER FORTALEZA: 43.2%
2026-03-12 11:56:26,804 [INFO] Epoch 2 | Step 0 | LR: 0.00053 | Loss: 2.5259 | P@10: 40.0%
2026-03-12 11:56:40,756 [INFO] Epoch 2 | Step 10 | LR: 0.00055 | Loss: 1.6114 | P@10: 30.0%
2026-03-12 11:56:54,341 [INFO] Epoch 2 | Step 20 | LR: 0.00057 | Loss: 1.1644 | P@10: 50.0%
2026-03-12 11:57:08,037 [INFO] Epoch 2 | Step 30 | LR: 0.00059 | Loss: 0.2487 | P@10: 60.0%
2026-03-12 11:57:21,891 [INFO] Epoch 2 | Step 40 | LR: 0.00061 | Loss: 0.8784 | P@10: 50.0%
2026-03-12 11:57:35,556 [INFO] Epoch 2 | Step 50 | LR: 0.00063 | Loss: 0.6200 | P@10: 40.0%
2026-03-12 11:57:49,695 [INFO] Epoch 2 | Step 60 | LR: 0.00066 | Loss: 2.1246 | P@10: 40.0%
2026-03-12 11:58:04,550 [INFO] Epoch 2 | Step 70 | LR: 0.00069 | Loss: 1.7382 | P@10: 30.0%
2026-03-12 11:58:14,841 [INFO] --- FIM DA ÉPOCA 2 | Val P@10: 41.789473684210513226844% ---
2026-03-12 11:58:16,461 [INFO] Epoch 3 | Step 0 | LR: 0.00070 | Loss: 2.9900 | P@10: 40.0%
2026-03-12 11:58:31,551 [INFO] Epoch 3 | Step 10 | LR: 0.00073 | Loss: 1.0010 | P@10: 50.0%
2026-03-12 11:58:45,920 [INFO] Epoch 3 | Step 20 | LR: 0.00076 | Loss: 1.9234 | P@10: 30.0%
2026-03-12 11:59:00,750 [INFO] Epoch 3 | Step 30 | LR: 0.00079 | Loss: 3.0614 | P@10: 20.0%
2026-03-12 11:59:15,582 [INFO] Epoch 3 | Step 40 | LR: 0.00083 | Loss: 1.7155 | P@10: 40.0%
2026-03-12 11:59:31,195 [INFO] Epoch 3 | Step 50 | LR: 0.00087 | Loss: 2.1394 | P@10: 30.0%
2026-03-12 11:59:46,982 [INFO] Epoch 3 | Step 60 | LR: 0.00091 | Loss: 3.1055 | P@10: 40.0%
2026-03-12 12:00:03,094 [INFO] Epoch 3 | Step 70 | LR: 0.00095 | Loss: 0.4044 | P@10: 50.0%
2026-03-12 12:00:14,001 [INFO] --- FIM DA ÉPOCA 3 | Val P@10: 42.526315789473684958466% ---
2026-03-12 12:00:15,703 [INFO] Epoch 4 | Step 0 | LR: 0.00097 | Loss: 0.6048 | P@10: 50.0%
2026-03-12 12:00:32,161 [INFO] Epoch 4 | Step 10 | LR: 0.00101 | Loss: 0.6060 | P@10: 60.0%
2026-03-12 12:00:48,832 [INFO] Epoch 4 | Step 20 | LR: 0.00106 | Loss: 3.0314 | P@10: 30.0%
2026-03-12 12:01:05,683 [INFO] Epoch 4 | Step 30 | LR: 0.00110 | Loss: 0.8577 | P@10: 50.0%
2026-03-12 12:01:23,299 [INFO] Epoch 4 | Step 40 | LR: 0.00115 | Loss: 2.9117 | P@10: 50.0%
2026-03-12 12:01:39,857 [INFO] Epoch 4 | Step 50 | LR: 0.00120 | Loss: 1.1586 | P@10: 50.0%
2026-03-12 12:01:54,781 [INFO] Epoch 4 | Step 60 | LR: 0.00126 | Loss: 1.6884 | P@10: 50.0%
2026-03-12 12:02:08,956 [INFO] Epoch 4 | Step 70 | LR: 0.00131 | Loss: 0.3311 | P@10: 70.0%
2026-03-12 12:02:19,002 [INFO] --- FIM DA ÉPOCA 4 | Val P@10: 39.789473684210527437699% ---
2026-03-12 12:02:20,560 [INFO] Epoch 5 | Step 0 | LR: 0.00133 | Loss: 1.0652 | P@10: 40.0%
2026-03-12 12:02:35,099 [INFO] Epoch 5 | Step 10 | LR: 0.00139 | Loss: 0.7064 | P@10: 60.0%
2026-03-12 12:02:49,922 [INFO] Epoch 5 | Step 20 | LR: 0.00145 | Loss: 1.1283 | P@10: 30.0%
2026-03-12 12:03:05,052 [INFO] Epoch 5 | Step 30 | LR: 0.00151 | Loss: 1.5508 | P@10: 40.0%
2026-03-12 12:03:20,331 [INFO] Epoch 5 | Step 40 | LR: 0.00157 | Loss: 1.4356 | P@10: 20.0%
2026-03-12 12:03:36,128 [INFO] Epoch 5 | Step 50 | LR: 0.00164 | Loss: 1.9888 | P@10: 20.0%
2026-03-12 12:03:51,796 [INFO] Epoch 5 | Step 60 | LR: 0.00170 | Loss: 1.7296 | P@10: 40.0%
2026-03-12 12:04:07,536 [INFO] Epoch 5 | Step 70 | LR: 0.00177 | Loss: 1.0159 | P@10: 40.0%
2026-03-12 12:04:18,938 [INFO] --- FIM DA ÉPOCA 5 | Val P@10: 38.631578947368417686903% ---
2026-03-12 12:04:20,660 [INFO] Epoch 6 | Step 0 | LR: 0.00179 | Loss: 2.4643 | P@10: 30.0%
2026-03-12 12:04:37,479 [INFO] Epoch 6 | Step 10 | LR: 0.00186 | Loss: 1.8249 | P@10: 60.0%
2026-03-12 12:04:54,109 [INFO] Epoch 6 | Step 20 | LR: 0.00193 | Loss: 1.4331 | P@10: 40.0%
2026-03-12 12:05:09,770 [INFO] Epoch 6 | Step 30 | LR: 0.00201 | Loss: 4.1502 | P@10: 40.0%
2026-03-12 12:05:24,421 [INFO] Epoch 6 | Step 40 | LR: 0.00208 | Loss: 1.3618 | P@10: 40.0%
2026-03-12 12:05:38,842 [INFO] Epoch 6 | Step 50 | LR: 0.00215 | Loss: 0.3727 | P@10: 50.0%
2026-03-12 12:05:53,382 [INFO] Epoch 6 | Step 60 | LR: 0.00223 | Loss: 1.8036 | P@10: 50.0%
2026-03-12 12:06:08,918 [INFO] Epoch 6 | Step 70 | LR: 0.00231 | Loss: 2.0288 | P@10: 50.0%
2026-03-12 12:06:19,400 [INFO] --- FIM DA ÉPOCA 6 | Val P@10: 41.105263157894732728437% ---
2026-03-12 12:06:21,008 [INFO] Epoch 7 | Step 0 | LR: 0.00234 | Loss: 0.6649 | P@10: 40.0%
2026-03-12 12:06:36,577 [INFO] Epoch 7 | Step 10 | LR: 0.00242 | Loss: 0.6922 | P@10: 30.0%
2026-03-12 12:06:51,968 [INFO] Epoch 7 | Step 20 | LR: 0.00250 | Loss: 1.9317 | P@10: 30.0%
2026-03-12 12:07:07,727 [INFO] Epoch 7 | Step 30 | LR: 0.00258 | Loss: 0.3900 | P@10: 50.0%
2026-03-12 12:07:23,573 [INFO] Epoch 7 | Step 40 | LR: 0.00267 | Loss: 1.3154 | P@10: 50.0%
2026-03-12 12:07:39,554 [INFO] Epoch 7 | Step 50 | LR: 0.00275 | Loss: 0.4588 | P@10: 40.0%
2026-03-12 12:07:55,983 [INFO] Epoch 7 | Step 60 | LR: 0.00284 | Loss: 3.5978 | P@10: 40.0%
2026-03-12 12:08:12,694 [INFO] Epoch 7 | Step 70 | LR: 0.00292 | Loss: 2.2166 | P@10: 30.0%
2026-03-12 12:08:24,349 [INFO] --- FIM DA ÉPOCA 7 | Val P@10: 42.210526315789465456874% ---
2026-03-12 12:08:26,052 [INFO] Epoch 8 | Step 0 | LR: 0.00296 | Loss: 1.8288 | P@10: 30.0%
2026-03-12 12:08:41,830 [INFO] Epoch 8 | Step 10 | LR: 0.00305 | Loss: 1.9098 | P@10: 50.0%
2026-03-12 12:08:56,726 [INFO] Epoch 8 | Step 20 | LR: 0.00314 | Loss: 1.4796 | P@10: 40.0%
2026-03-12 12:09:11,643 [INFO] Epoch 8 | Step 30 | LR: 0.00323 | Loss: 1.0273 | P@10: 30.0%
2026-03-12 12:09:27,469 [INFO] Epoch 8 | Step 40 | LR: 0.00332 | Loss: 0.6524 | P@10: 40.0%
2026-03-12 12:09:43,263 [INFO] Epoch 8 | Step 50 | LR: 0.00341 | Loss: 0.3192 | P@10: 70.0%
2026-03-12 12:09:59,394 [INFO] Epoch 8 | Step 60 | LR: 0.00351 | Loss: 1.9121 | P@10: 50.0%
2026-03-12 12:10:18,397 [INFO] Epoch 8 | Step 70 | LR: 0.00360 | Loss: 0.5870 | P@10: 60.0%
2026-03-12 12:10:40,787 [INFO] --- FIM DA ÉPOCA 8 | Val P@10: 38.473684210526315041534% ---
2026-03-12 12:10:43,816 [INFO] Epoch 9 | Step 0 | LR: 0.00364 | Loss: 1.1823 | P@10: 40.0%
2026-03-12 12:11:13,660 [INFO] Epoch 9 | Step 10 | LR: 0.00374 | Loss: 2.1387 | P@10: 30.0%
2026-03-12 12:11:43,468 [INFO] Epoch 9 | Step 20 | LR: 0.00383 | Loss: 1.4619 | P@10: 10.0%
2026-03-12 12:12:12,593 [INFO] Epoch 9 | Step 30 | LR: 0.00393 | Loss: 2.3439 | P@10: 20.0%
2026-03-12 12:12:42,172 [INFO] Epoch 9 | Step 40 | LR: 0.00403 | Loss: 0.9557 | P@10: 40.0%
2026-03-12 12:13:12,005 [INFO] Epoch 9 | Step 50 | LR: 0.00413 | Loss: 0.8611 | P@10: 40.0%
2026-03-12 12:13:42,025 [INFO] Epoch 9 | Step 60 | LR: 0.00423 | Loss: 1.8529 | P@10: 30.0%
2026-03-12 12:14:12,978 [INFO] Epoch 9 | Step 70 | LR: 0.00433 | Loss: 1.3626 | P@10: 30.0%
2026-03-12 12:14:34,809 [INFO] --- FIM DA ÉPOCA 9 | Val P@10: 37.368421052631575207670% ---
2026-03-12 12:14:37,846 [INFO] Epoch 10 | Step 0 | LR: 0.00437 | Loss: 1.9414 | P@10: 20.0%
2026-03-12 12:15:08,130 [INFO] Epoch 10 | Step 10 | LR: 0.00447 | Loss: 1.1356 | P@10: 40.0%
2026-03-12 12:15:38,841 [INFO] Epoch 10 | Step 20 | LR: 0.00458 | Loss: 1.1951 | P@10: 40.0%
2026-03-12 12:16:09,705 [INFO] Epoch 10 | Step 30 | LR: 0.00468 | Loss: 0.6669 | P@10: 40.0%
2026-03-12 12:16:41,410 [INFO] Epoch 10 | Step 40 | LR: 0.00478 | Loss: 1.3328 | P@10: 40.0%
2026-03-12 12:17:14,347 [INFO] Epoch 10 | Step 50 | LR: 0.00489 | Loss: 1.2633 | P@10: 50.0%
2026-03-12 12:17:49,490 [INFO] Epoch 10 | Step 60 | LR: 0.00499 | Loss: 1.8368 | P@10: 50.0%
2026-03-12 12:18:27,613 [INFO] Epoch 10 | Step 70 | LR: 0.00510 | Loss: 2.2368 | P@10: 40.0%
2026-03-12 12:18:53,035 [INFO] --- FIM DA ÉPOCA 10 | Val P@10: 35.842105263157890249204% ---
2026-03-12 12:18:57,111 [INFO] Epoch 11 | Step 0 | LR: 0.00514 | Loss: 1.6159 | P@10: 40.0%
2026-03-12 12:19:35,657 [INFO] Epoch 11 | Step 10 | LR: 0.00524 | Loss: 0.7281 | P@10: 40.0%
2026-03-12 12:20:15,561 [INFO] Epoch 11 | Step 20 | LR: 0.00535 | Loss: 1.3991 | P@10: 40.0%
2026-03-12 12:20:58,387 [INFO] Epoch 11 | Step 30 | LR: 0.00546 | Loss: 1.7836 | P@10: 40.0%
2026-03-12 12:21:44,559 [INFO] Epoch 11 | Step 40 | LR: 0.00556 | Loss: 1.3617 | P@10: 40.0%
2026-03-12 12:22:34,346 [INFO] Epoch 11 | Step 50 | LR: 0.00567 | Loss: 1.0591 | P@10: 50.0%
2026-03-12 12:23:37,442 [INFO] Epoch 11 | Step 60 | LR: 0.00578 | Loss: 0.8518 | P@10: 40.0%
2026-03-12 12:24:47,052 [INFO] Epoch 11 | Step 70 | LR: 0.00588 | Loss: 2.1211 | P@10: 50.0%
2026-03-12 12:25:25,398 [INFO] --- FIM DA ÉPOCA 11 | Val P@10: 39.473684210526315041534% ---
2026-03-12 12:25:32,256 [INFO] Epoch 12 | Step 0 | LR: 0.00593 | Loss: 1.0838 | P@10: 40.0%
2026-03-12 12:26:39,301 [INFO] Epoch 12 | Step 10 | LR: 0.00603 | Loss: 1.1491 | P@10: 40.0%
2026-03-12 12:27:51,134 [INFO] Epoch 12 | Step 20 | LR: 0.00614 | Loss: 0.8151 | P@10: 40.0%
2026-03-12 12:29:06,862 [INFO] Epoch 12 | Step 30 | LR: 0.00625 | Loss: 1.2689 | P@10: 50.0%
2026-03-12 12:30:27,935 [INFO] Epoch 12 | Step 40 | LR: 0.00636 | Loss: 1.4238 | P@10: 30.0%
2026-03-12 12:32:02,055 [INFO] Epoch 12 | Step 50 | LR: 0.00646 | Loss: 0.9928 | P@10: 50.0%
2026-03-12 12:33:53,848 [INFO] Epoch 12 | Step 60 | LR: 0.00657 | Loss: 2.6410 | P@10: 50.0%
2026-03-12 12:35:45,965 [INFO] Epoch 12 | Step 70 | LR: 0.00668 | Loss: 1.4664 | P@10: 20.0%
2026-03-12 12:36:38,003 [INFO] --- FIM DA ÉPOCA 12 | Val P@10: 40.736842105263157520767% ---
2026-03-12 12:36:48,256 [INFO] Epoch 13 | Step 0 | LR: 0.00672 | Loss: 1.3399 | P@10: 30.0%
2026-03-12 12:38:33,785 [INFO] Epoch 13 | Step 10 | LR: 0.00683 | Loss: 1.0703 | P@10: 40.0%
2026-03-12 12:40:26,963 [INFO] Epoch 13 | Step 20 | LR: 0.00693 | Loss: 2.2669 | P@10: 40.0%
2026-03-12 12:42:01,523 [INFO] Epoch 13 | Step 30 | LR: 0.00704 | Loss: 3.1267 | P@10: 40.0%
2026-03-12 12:43:04,656 [INFO] Epoch 13 | Step 40 | LR: 0.00715 | Loss: 2.0811 | P@10: 30.0%
2026-03-12 12:44:08,180 [INFO] Epoch 13 | Step 50 | LR: 0.00725 | Loss: 1.3070 | P@10: 30.0%
2026-03-12 12:45:11,613 [INFO] Epoch 13 | Step 60 | LR: 0.00736 | Loss: 2.1706 | P@10: 40.0%
2026-03-12 12:46:15,893 [INFO] Epoch 13 | Step 70 | LR: 0.00746 | Loss: 1.7358 | P@10: 40.0%
2026-03-12 12:46:46,965 [INFO] --- FIM DA ÉPOCA 13 | Val P@10: 41.473684210526307936107% ---
2026-03-12 12:46:53,878 [INFO] Epoch 14 | Step 0 | LR: 0.00750 | Loss: 1.2398 | P@10: 30.0%
2026-03-12 12:48:01,642 [INFO] Epoch 14 | Step 10 | LR: 0.00761 | Loss: 0.4702 | P@10: 90.0%
2026-03-12 12:49:07,702 [INFO] Epoch 14 | Step 20 | LR: 0.00771 | Loss: 0.8215 | P@10: 50.0%
2026-03-12 12:50:17,820 [INFO] Epoch 14 | Step 30 | LR: 0.00782 | Loss: 2.4779 | P@10: 50.0%
2026-03-12 12:51:28,892 [INFO] Epoch 14 | Step 40 | LR: 0.00792 | Loss: 3.1775 | P@10: 10.0%
2026-03-12 12:52:37,110 [INFO] Epoch 14 | Step 50 | LR: 0.00802 | Loss: 2.7478 | P@10: 40.0%
2026-03-12 12:53:46,145 [INFO] Epoch 14 | Step 60 | LR: 0.00812 | Loss: 1.1497 | P@10: 50.0%
2026-03-12 12:54:50,154 [INFO] Epoch 14 | Step 70 | LR: 0.00822 | Loss: 2.3934 | P@10: 30.0%
2026-03-12 12:55:18,371 [INFO] --- FIM DA ÉPOCA 14 | Val P@10: 41.421052631578945124602% ---
2026-03-12 12:55:24,790 [INFO] Epoch 15 | Step 0 | LR: 0.00826 | Loss: 1.9149 | P@10: 40.0%
2026-03-12 12:56:31,504 [INFO] Epoch 15 | Step 10 | LR: 0.00836 | Loss: 2.4705 | P@10: 20.0%
2026-03-12 12:57:40,997 [INFO] Epoch 15 | Step 20 | LR: 0.00846 | Loss: 1.9403 | P@10: 40.0%
2026-03-12 12:58:49,667 [INFO] Epoch 15 | Step 30 | LR: 0.00856 | Loss: 3.8983 | P@10: 20.0%
2026-03-12 13:00:00,468 [INFO] Epoch 15 | Step 40 | LR: 0.00866 | Loss: 2.0264 | P@10: 30.0%
2026-03-12 13:01:10,455 [INFO] Epoch 15 | Step 50 | LR: 0.00876 | Loss: 3.7436 | P@10: 10.0%
2026-03-12 13:02:16,601 [INFO] Epoch 15 | Step 60 | LR: 0.00885 | Loss: 4.6623 | P@10: 20.0%
2026-03-12 13:03:26,714 [INFO] Epoch 15 | Step 70 | LR: 0.00895 | Loss: 2.7279 | P@10: 40.0%
2026-03-12 13:03:57,934 [INFO] --- FIM DA ÉPOCA 15 | Val P@10: 44.473684210526300830679% ---
2026-03-12 13:03:57,955 [INFO] 💎 NOVO RECORDE SUPER FORTALEZA: 44.5%
2026-03-12 13:04:04,541 [INFO] Epoch 16 | Step 0 | LR: 0.00899 | Loss: 1.6685 | P@10: 50.0%
2026-03-12 13:05:09,539 [INFO] Epoch 16 | Step 10 | LR: 0.00908 | Loss: 2.6674 | P@10: 30.0%
2026-03-12 13:06:17,139 [INFO] Epoch 16 | Step 20 | LR: 0.00917 | Loss: 4.4225 | P@10: 30.0%
2026-03-12 13:07:27,037 [INFO] Epoch 16 | Step 30 | LR: 0.00926 | Loss: 1.5384 | P@10: 30.0%
2026-03-12 13:08:31,509 [INFO] Epoch 16 | Step 40 | LR: 0.00936 | Loss: 0.9956 | P@10: 40.0%
2026-03-12 13:10:26,929 [INFO] Epoch 16 | Step 50 | LR: 0.00944 | Loss: 3.5657 | P@10: 30.0%
2026-03-12 13:12:25,373 [INFO] Epoch 16 | Step 60 | LR: 0.00953 | Loss: 2.4263 | P@10: 40.0%
2026-03-12 13:14:09,392 [INFO] Epoch 16 | Step 70 | LR: 0.00962 | Loss: 1.4603 | P@10: 50.0%
2026-03-12 13:15:07,739 [INFO] --- FIM DA ÉPOCA 16 | Val P@10: 43.526315789473684958466% ---
2026-03-12 13:15:20,780 [INFO] Epoch 17 | Step 0 | LR: 0.00966 | Loss: 4.6844 | P@10: 10.0%
2026-03-12 13:17:27,396 [INFO] Epoch 17 | Step 10 | LR: 0.00974 | Loss: 1.7030 | P@10: 40.0%
2026-03-12 13:19:33,491 [INFO] Epoch 17 | Step 20 | LR: 0.00983 | Loss: 0.8455 | P@10: 60.0%
2026-03-12 13:21:39,484 [INFO] Epoch 17 | Step 30 | LR: 0.00991 | Loss: 2.6467 | P@10: 40.0%
2026-03-12 13:23:43,257 [INFO] Epoch 17 | Step 40 | LR: 0.00999 | Loss: 2.9898 | P@10: 30.0%
2026-03-12 13:25:45,103 [INFO] Epoch 17 | Step 50 | LR: 0.01007 | Loss: 1.9352 | P@10: 30.0%
2026-03-12 13:27:46,665 [INFO] Epoch 17 | Step 60 | LR: 0.01015 | Loss: 3.7730 | P@10: 40.0%
2026-03-12 13:29:48,603 [INFO] Epoch 17 | Step 70 | LR: 0.01023 | Loss: 3.2587 | P@10: 50.0%
2026-03-12 13:30:44,465 [INFO] --- FIM DA ÉPOCA 17 | Val P@10: 42.947368421052630083068% ---
2026-03-12 13:30:56,835 [INFO] Epoch 18 | Step 0 | LR: 0.01026 | Loss: 1.3870 | P@10: 60.0%
2026-03-12 13:32:59,304 [INFO] Epoch 18 | Step 10 | LR: 0.01034 | Loss: 4.3826 | P@10: 30.0%
2026-03-12 13:35:05,292 [INFO] Epoch 18 | Step 20 | LR: 0.01041 | Loss: 3.8309 | P@10: 40.0%
2026-03-12 13:39:20,631 [INFO] Epoch 18 | Step 30 | LR: 0.01048 | Loss: 2.9694 | P@10: 30.0%
2026-03-12 13:41:18,638 [INFO] Epoch 18 | Step 40 | LR: 0.01056 | Loss: 2.7400 | P@10: 20.0%
2026-03-12 13:43:16,476 [INFO] Epoch 18 | Step 50 | LR: 0.01063 | Loss: 3.2725 | P@10: 40.0%
2026-03-12 13:45:15,153 [INFO] Epoch 18 | Step 60 | LR: 0.01070 | Loss: 2.5024 | P@10: 40.0%
2026-03-12 13:47:19,753 [INFO] Epoch 18 | Step 70 | LR: 0.01076 | Loss: 2.4534 | P@10: 30.0%
2026-03-12 13:48:16,232 [INFO] --- FIM DA ÉPOCA 18 | Val P@10: 39.947368421052622977641% ---
2026-03-12 13:48:28,936 [INFO] Epoch 19 | Step 0 | LR: 0.01079 | Loss: 0.8521 | P@10: 60.0%
2026-03-12 13:50:30,156 [INFO] Epoch 19 | Step 10 | LR: 0.01085 | Loss: 3.0231 | P@10: 30.0%
2026-03-12 13:52:35,715 [INFO] Epoch 19 | Step 20 | LR: 0.01092 | Loss: 1.6778 | P@10: 50.0%
2026-03-12 13:54:40,276 [INFO] Epoch 19 | Step 30 | LR: 0.01098 | Loss: 3.8424 | P@10: 30.0%
2026-03-12 13:56:39,083 [INFO] Epoch 19 | Step 40 | LR: 0.01104 | Loss: 1.3207 | P@10: 30.0%
2026-03-12 13:58:19,076 [INFO] Epoch 19 | Step 50 | LR: 0.01110 | Loss: 2.8147 | P@10: 70.0%
2026-03-12 13:59:20,116 [INFO] Epoch 19 | Step 60 | LR: 0.01115 | Loss: 2.8929 | P@10: 30.0%
2026-03-12 14:01:15,712 [INFO] Epoch 19 | Step 70 | LR: 0.01121 | Loss: 4.6698 | P@10: 20.0%
2026-03-12 14:02:11,116 [INFO] --- FIM DA ÉPOCA 19 | Val P@10: 42.157894736842102645369% ---
2026-03-12 14:02:23,571 [INFO] Epoch 20 | Step 0 | LR: 0.01123 | Loss: 2.1680 | P@10: 40.0%
2026-03-12 14:04:26,325 [INFO] Epoch 20 | Step 10 | LR: 0.01128 | Loss: 1.1431 | P@10: 50.0%
2026-03-12 14:06:29,106 [INFO] Epoch 20 | Step 20 | LR: 0.01134 | Loss: 4.1499 | P@10: 20.0%
2026-03-12 14:08:37,594 [INFO] Epoch 20 | Step 30 | LR: 0.01138 | Loss: 2.4621 | P@10: 50.0%
2026-03-12 14:10:44,424 [INFO] Epoch 20 | Step 40 | LR: 0.01143 | Loss: 2.3206 | P@10: 50.0%
2026-03-12 14:12:43,136 [INFO] Epoch 20 | Step 50 | LR: 0.01148 | Loss: 1.5558 | P@10: 40.0%
2026-03-12 14:14:42,443 [INFO] Epoch 20 | Step 60 | LR: 0.01152 | Loss: 2.1407 | P@10: 40.0%
2026-03-12 14:16:39,281 [INFO] Epoch 20 | Step 70 | LR: 0.01156 | Loss: 1.6499 | P@10: 50.0%
2026-03-12 14:17:32,443 [INFO] --- FIM DA ÉPOCA 20 | Val P@10: 42.421052631578938019175% ---
2026-03-12 14:17:43,996 [INFO] Epoch 21 | Step 0 | LR: 0.01158 | Loss: 2.7424 | P@10: 50.0%
2026-03-12 14:19:33,070 [INFO] Epoch 21 | Step 10 | LR: 0.01162 | Loss: 3.9025 | P@10: 20.0%
2026-03-12 14:21:16,649 [INFO] Epoch 21 | Step 20 | LR: 0.01166 | Loss: 1.5535 | P@10: 60.0%
2026-03-12 14:22:59,802 [INFO] Epoch 21 | Step 30 | LR: 0.01169 | Loss: 3.6333 | P@10: 20.0%
2026-03-12 14:24:48,750 [INFO] Epoch 21 | Step 40 | LR: 0.01173 | Loss: 3.2123 | P@10: 40.0%
2026-03-12 14:26:38,140 [INFO] Epoch 21 | Step 50 | LR: 0.01176 | Loss: 3.2075 | P@10: 40.0%
2026-03-12 14:28:25,988 [INFO] Epoch 21 | Step 60 | LR: 0.01179 | Loss: 1.5635 | P@10: 40.0%
2026-03-12 14:30:14,372 [INFO] Epoch 21 | Step 70 | LR: 0.01181 | Loss: 2.4072 | P@10: 30.0%
2026-03-12 14:31:06,634 [INFO] --- FIM DA ÉPOCA 21 | Val P@10: 42.947368421052630083068% ---
2026-03-12 14:31:18,048 [INFO] Epoch 22 | Step 0 | LR: 0.01183 | Loss: 2.5142 | P@10: 30.0%
2026-03-12 14:33:03,414 [INFO] Epoch 22 | Step 10 | LR: 0.01185 | Loss: 4.9128 | P@10: 40.0%
2026-03-12 14:34:47,586 [INFO] Epoch 22 | Step 20 | LR: 0.01187 | Loss: 4.0868 | P@10: 10.0%
2026-03-12 14:36:30,632 [INFO] Epoch 22 | Step 30 | LR: 0.01190 | Loss: 2.9187 | P@10: 30.0%
2026-03-12 14:38:18,858 [INFO] Epoch 22 | Step 40 | LR: 0.01191 | Loss: 1.4155 | P@10: 40.0%
2026-03-12 14:40:08,182 [INFO] Epoch 22 | Step 50 | LR: 0.01193 | Loss: 6.7407 | P@10: 40.0%
2026-03-12 14:42:08,531 [INFO] Epoch 22 | Step 60 | LR: 0.01195 | Loss: 2.5952 | P@10: 30.0%
2026-03-12 14:44:00,805 [INFO] Epoch 22 | Step 70 | LR: 0.01196 | Loss: 2.2487 | P@10: 50.0%
2026-03-12 14:44:54,386 [INFO] --- FIM DA ÉPOCA 22 | Val P@10: 42.736842105263150415340% ---
2026-03-12 14:45:07,198 [INFO] Epoch 23 | Step 0 | LR: 0.01197 | Loss: 1.1414 | P@10: 60.0%
2026-03-12 14:46:57,320 [INFO] Epoch 23 | Step 10 | LR: 0.01198 | Loss: 0.8492 | P@10: 60.0%
2026-03-12 14:48:45,327 [INFO] Epoch 23 | Step 20 | LR: 0.01199 | Loss: 1.9857 | P@10: 50.0%
2026-03-12 14:50:25,840 [INFO] Epoch 23 | Step 30 | LR: 0.01199 | Loss: 2.8811 | P@10: 40.0%
2026-03-12 14:52:09,267 [INFO] Epoch 23 | Step 40 | LR: 0.01200 | Loss: 1.7227 | P@10: 50.0%
2026-03-12 14:53:55,492 [INFO] Epoch 23 | Step 50 | LR: 0.01200 | Loss: 3.8697 | P@10: 20.0%
2026-03-12 14:55:31,710 [INFO] Epoch 23 | Step 60 | LR: 0.01200 | Loss: 2.6848 | P@10: 30.0%
2026-03-12 14:57:05,807 [INFO] Epoch 23 | Step 70 | LR: 0.01200 | Loss: 2.2326 | P@10: 40.0%
2026-03-12 14:57:52,609 [INFO] --- FIM DA ÉPOCA 23 | Val P@10: 35.368421052631568102242% ---
2026-03-12 14:58:02,970 [INFO] Epoch 24 | Step 0 | LR: 0.01200 | Loss: 3.2564 | P@10: 10.0%
2026-03-12 14:59:40,407 [INFO] Epoch 24 | Step 10 | LR: 0.01200 | Loss: 2.5124 | P@10: 30.0%
2026-03-12 15:00:51,695 [INFO] Epoch 24 | Step 20 | LR: 0.01200 | Loss: 4.1412 | P@10: 20.0%
2026-03-12 15:01:37,738 [INFO] Epoch 24 | Step 30 | LR: 0.01200 | Loss: 7.1022 | P@10: 40.0%
2026-03-12 15:02:25,629 [INFO] Epoch 24 | Step 40 | LR: 0.01200 | Loss: 4.3816 | P@10: 30.0%
2026-03-12 15:03:25,950 [INFO] Epoch 24 | Step 50 | LR: 0.01200 | Loss: 2.1694 | P@10: 40.0%
2026-03-12 15:04:22,236 [INFO] Epoch 24 | Step 60 | LR: 0.01200 | Loss: 2.1269 | P@10: 40.0%
2026-03-12 15:05:17,818 [INFO] Epoch 24 | Step 70 | LR: 0.01200 | Loss: 1.3156 | P@10: 40.0%
2026-03-12 15:05:44,851 [INFO] --- FIM DA ÉPOCA 24 | Val P@10: 42.631578947368417686903% ---
2026-03-12 15:05:50,224 [INFO] Epoch 25 | Step 0 | LR: 0.01200 | Loss: 2.9963 | P@10: 30.0%
2026-03-12 15:06:52,742 [INFO] Epoch 25 | Step 10 | LR: 0.01200 | Loss: 1.9639 | P@10: 30.0%
2026-03-12 15:08:01,023 [INFO] Epoch 25 | Step 20 | LR: 0.01200 | Loss: 2.2281 | P@10: 40.0%
2026-03-12 15:09:06,061 [INFO] Epoch 25 | Step 30 | LR: 0.01200 | Loss: 2.9527 | P@10: 50.0%
2026-03-12 15:10:01,426 [INFO] Epoch 25 | Step 40 | LR: 0.01199 | Loss: 2.9687 | P@10: 30.0%
2026-03-12 15:10:57,609 [INFO] Epoch 25 | Step 50 | LR: 0.01199 | Loss: 1.1947 | P@10: 30.0%
2026-03-12 15:11:53,894 [INFO] Epoch 25 | Step 60 | LR: 0.01199 | Loss: 3.2147 | P@10: 20.0%
2026-03-12 15:12:54,392 [INFO] Epoch 25 | Step 70 | LR: 0.01199 | Loss: 2.2966 | P@10: 30.0%
2026-03-12 15:13:22,531 [INFO] --- FIM DA ÉPOCA 25 | Val P@10: 44.684210526315773392980% ---
2026-03-12 15:13:22,596 [INFO] 💎 NOVO RECORDE SUPER FORTALEZA: 44.7%
2026-03-12 15:13:29,124 [INFO] Epoch 26 | Step 0 | LR: 0.01199 | Loss: 1.1790 | P@10: 50.0%
2026-03-12 15:14:27,377 [INFO] Epoch 26 | Step 10 | LR: 0.01199 | Loss: 0.6782 | P@10: 50.0%
2026-03-12 15:15:24,932 [INFO] Epoch 26 | Step 20 | LR: 0.01199 | Loss: 2.2503 | P@10: 50.0%
2026-03-12 15:16:15,786 [INFO] Epoch 26 | Step 30 | LR: 0.01199 | Loss: 2.1234 | P@10: 30.0%
2026-03-12 15:17:05,947 [INFO] Epoch 26 | Step 40 | LR: 0.01199 | Loss: 1.4930 | P@10: 80.0%
2026-03-12 15:18:00,189 [INFO] Epoch 26 | Step 50 | LR: 0.01199 | Loss: 2.0257 | P@10: 30.0%
2026-03-12 15:18:53,018 [INFO] Epoch 26 | Step 60 | LR: 0.01198 | Loss: 3.2811 | P@10: 50.0%
2026-03-12 15:19:42,192 [INFO] Epoch 26 | Step 70 | LR: 0.01198 | Loss: 1.3133 | P@10: 50.0%
2026-03-12 15:20:07,851 [INFO] --- FIM DA ÉPOCA 26 | Val P@10: 44.789473684210520332272% ---
2026-03-12 15:20:07,911 [INFO] 💎 NOVO RECORDE SUPER FORTALEZA: 44.8%
2026-03-12 15:20:13,682 [INFO] Epoch 27 | Step 0 | LR: 0.01198 | Loss: 2.5450 | P@10: 40.0%
2026-03-12 15:21:08,916 [INFO] Epoch 27 | Step 10 | LR: 0.01198 | Loss: 1.4951 | P@10: 50.0%
2026-03-12 15:22:02,652 [INFO] Epoch 27 | Step 20 | LR: 0.01198 | Loss: 2.1511 | P@10: 30.0%
2026-03-12 15:22:58,167 [INFO] Epoch 27 | Step 30 | LR: 0.01198 | Loss: 2.6970 | P@10: 30.0%
2026-03-12 15:23:51,953 [INFO] Epoch 27 | Step 40 | LR: 0.01198 | Loss: 2.4440 | P@10: 10.0%
2026-03-12 15:24:38,807 [INFO] Epoch 27 | Step 50 | LR: 0.01197 | Loss: 2.5485 | P@10: 40.0%
2026-03-12 15:25:44,441 [INFO] Epoch 27 | Step 60 | LR: 0.01197 | Loss: 3.2445 | P@10: 30.0%
2026-03-12 15:27:05,006 [INFO] Epoch 27 | Step 70 | LR: 0.01197 | Loss: 2.0369 | P@10: 30.0%
2026-03-12 15:27:51,827 [INFO] --- FIM DA ÉPOCA 27 | Val P@10: 44.210526315789472562301% ---
2026-03-12 15:28:03,014 [INFO] Epoch 28 | Step 0 | LR: 0.01197 | Loss: 3.4726 | P@10: 30.0%
2026-03-12 15:29:19,015 [INFO] Epoch 28 | Step 10 | LR: 0.01197 | Loss: 1.2373 | P@10: 50.0%
2026-03-12 15:30:16,930 [INFO] Epoch 28 | Step 20 | LR: 0.01196 | Loss: 0.6114 | P@10: 70.0%
2026-03-12 15:31:09,141 [INFO] Epoch 28 | Step 30 | LR: 0.01196 | Loss: 3.6085 | P@10: 20.0%
2026-03-12 15:32:11,010 [INFO] Epoch 28 | Step 40 | LR: 0.01196 | Loss: 1.8066 | P@10: 60.0%
2026-03-12 15:33:03,005 [INFO] Epoch 28 | Step 50 | LR: 0.01196 | Loss: 5.1211 | P@10: 30.0%
2026-03-12 15:33:59,638 [INFO] Epoch 28 | Step 60 | LR: 0.01196 | Loss: 1.6293 | P@10: 50.0%
2026-03-12 15:34:53,287 [INFO] Epoch 28 | Step 70 | LR: 0.01195 | Loss: 2.6185 | P@10: 20.0%
2026-03-12 15:35:18,929 [INFO] --- FIM DA ÉPOCA 28 | Val P@10: 43.736842105263157520767% ---
2026-03-12 15:35:24,742 [INFO] Epoch 29 | Step 0 | LR: 0.01195 | Loss: 3.8617 | P@10: 20.0%
2026-03-12 15:36:25,364 [INFO] Epoch 29 | Step 10 | LR: 0.01195 | Loss: 3.2389 | P@10: 50.0%
2026-03-12 15:37:27,944 [INFO] Epoch 29 | Step 20 | LR: 0.01195 | Loss: 3.9162 | P@10: 40.0%
2026-03-12 15:38:29,957 [INFO] Epoch 29 | Step 30 | LR: 0.01194 | Loss: 1.9576 | P@10: 60.0%
2026-03-12 15:39:35,545 [INFO] Epoch 29 | Step 40 | LR: 0.01194 | Loss: 4.0158 | P@10: 30.0%
2026-03-12 15:40:37,221 [INFO] Epoch 29 | Step 50 | LR: 0.01194 | Loss: 3.2415 | P@10: 20.0%
2026-03-12 15:41:40,279 [INFO] Epoch 29 | Step 60 | LR: 0.01194 | Loss: 0.6463 | P@10: 40.0%
2026-03-12 15:42:37,379 [INFO] Epoch 29 | Step 70 | LR: 0.01193 | Loss: 3.0770 | P@10: 20.0%
2026-03-12 15:43:01,230 [INFO] --- FIM DA ÉPOCA 29 | Val P@10: 40.947368421052630083068% ---
2026-03-12 15:43:06,209 [INFO] Epoch 30 | Step 0 | LR: 0.01193 | Loss: 4.1846 | P@10: 10.0%
2026-03-12 15:43:55,385 [INFO] Epoch 30 | Step 10 | LR: 0.01193 | Loss: 2.0502 | P@10: 40.0%
2026-03-12 15:44:47,887 [INFO] Epoch 30 | Step 20 | LR: 0.01193 | Loss: 2.5235 | P@10: 30.0%
2026-03-12 15:45:44,172 [INFO] Epoch 30 | Step 30 | LR: 0.01192 | Loss: 1.9594 | P@10: 60.0%
2026-03-12 15:46:30,678 [INFO] Epoch 30 | Step 40 | LR: 0.01192 | Loss: 3.4839 | P@10: 40.0%
2026-03-12 15:47:19,174 [INFO] Epoch 30 | Step 50 | LR: 0.01192 | Loss: 2.6317 | P@10: 30.0%
2026-03-12 15:48:01,520 [INFO] Epoch 30 | Step 60 | LR: 0.01191 | Loss: 2.9569 | P@10: 20.0%
2026-03-12 15:48:46,208 [INFO] Epoch 30 | Step 70 | LR: 0.01191 | Loss: 2.2336 | P@10: 30.0%
2026-03-12 15:49:06,792 [INFO] --- FIM DA ÉPOCA 30 | Val P@10: 42.157894736842102645369% ---
2026-03-12 15:49:10,976 [INFO] Epoch 31 | Step 0 | LR: 0.01191 | Loss: 2.4556 | P@10: 40.0%
2026-03-12 15:49:54,547 [INFO] Epoch 31 | Step 10 | LR: 0.01190 | Loss: 3.1830 | P@10: 40.0%
2026-03-12 15:50:38,638 [INFO] Epoch 31 | Step 20 | LR: 0.01190 | Loss: 2.6272 | P@10: 40.0%
2026-03-12 15:51:24,103 [INFO] Epoch 31 | Step 30 | LR: 0.01190 | Loss: 1.4836 | P@10: 40.0%
2026-03-12 15:52:08,573 [INFO] Epoch 31 | Step 40 | LR: 0.01189 | Loss: 1.6806 | P@10: 50.0%
2026-03-12 15:52:49,294 [INFO] Epoch 31 | Step 50 | LR: 0.01189 | Loss: 3.4215 | P@10: 30.0%
2026-03-12 15:53:32,088 [INFO] Epoch 31 | Step 60 | LR: 0.01189 | Loss: 2.1879 | P@10: 40.0%
2026-03-12 15:54:15,259 [INFO] Epoch 31 | Step 70 | LR: 0.01188 | Loss: 2.0283 | P@10: 70.0%
2026-03-12 15:54:37,950 [INFO] --- FIM DA ÉPOCA 31 | Val P@10: 44.947368421052622977641% ---
2026-03-12 15:54:37,965 [INFO] 💎 NOVO RECORDE SUPER FORTALEZA: 44.9%
2026-03-12 15:54:42,237 [INFO] Epoch 32 | Step 0 | LR: 0.01188 | Loss: 1.8930 | P@10: 50.0%
2026-03-12 15:55:26,365 [INFO] Epoch 32 | Step 10 | LR: 0.01188 | Loss: 1.0735 | P@10: 60.0%
2026-03-12 15:56:09,293 [INFO] Epoch 32 | Step 20 | LR: 0.01187 | Loss: 3.3342 | P@10: 10.0%
2026-03-12 15:56:51,724 [INFO] Epoch 32 | Step 30 | LR: 0.01187 | Loss: 1.3623 | P@10: 50.0%
2026-03-12 15:57:33,014 [INFO] Epoch 32 | Step 40 | LR: 0.01186 | Loss: 2.6560 | P@10: 40.0%
2026-03-12 15:58:16,260 [INFO] Epoch 32 | Step 50 | LR: 0.01186 | Loss: 2.6359 | P@10: 30.0%
2026-03-12 15:58:59,974 [INFO] Epoch 32 | Step 60 | LR: 0.01186 | Loss: 2.2208 | P@10: 40.0%
2026-03-12 15:59:42,326 [INFO] Epoch 32 | Step 70 | LR: 0.01185 | Loss: 2.8896 | P@10: 40.0%
2026-03-12 16:00:03,427 [INFO] --- FIM DA ÉPOCA 32 | Val P@10: 42.263157894736835373806% ---
2026-03-12 16:00:07,695 [INFO] Epoch 33 | Step 0 | LR: 0.01185 | Loss: 1.5541 | P@10: 50.0%
2026-03-12 16:01:02,826 [INFO] Epoch 33 | Step 10 | LR: 0.01185 | Loss: 1.2734 | P@10: 60.0%
2026-03-12 16:02:07,083 [INFO] Epoch 33 | Step 20 | LR: 0.01184 | Loss: 1.5251 | P@10: 50.0%
2026-03-12 16:03:09,762 [INFO] Epoch 33 | Step 30 | LR: 0.01184 | Loss: 2.5717 | P@10: 40.0%
2026-03-12 16:04:12,330 [INFO] Epoch 33 | Step 40 | LR: 0.01183 | Loss: 2.9943 | P@10: 30.0%
2026-03-12 16:05:17,334 [INFO] Epoch 33 | Step 50 | LR: 0.01183 | Loss: 2.4040 | P@10: 30.0%
2026-03-12 16:06:20,910 [INFO] Epoch 33 | Step 60 | LR: 0.01182 | Loss: 2.1604 | P@10: 20.0%
2026-03-12 16:07:22,505 [INFO] Epoch 33 | Step 70 | LR: 0.01182 | Loss: 0.8926 | P@10: 80.0%
2026-03-12 16:07:57,465 [INFO] --- FIM DA ÉPOCA 33 | Val P@10: 43.894736842105260166136% ---
2026-03-12 16:08:03,788 [INFO] Epoch 34 | Step 0 | LR: 0.01182 | Loss: 0.4899 | P@10: 60.0%
2026-03-12 16:09:11,309 [INFO] Epoch 34 | Step 10 | LR: 0.01181 | Loss: 2.8646 | P@10: 30.0%
2026-03-12 16:10:15,797 [INFO] Epoch 34 | Step 20 | LR: 0.01181 | Loss: 2.9151 | P@10: 30.0%
2026-03-12 16:11:19,039 [INFO] Epoch 34 | Step 30 | LR: 0.01180 | Loss: 1.9620 | P@10: 50.0%
2026-03-12 16:12:20,270 [INFO] Epoch 34 | Step 40 | LR: 0.01180 | Loss: 2.7977 | P@10: 30.0%
2026-03-12 16:13:24,248 [INFO] Epoch 34 | Step 50 | LR: 0.01179 | Loss: 3.0565 | P@10: 40.0%
2026-03-12 16:14:30,225 [INFO] Epoch 34 | Step 60 | LR: 0.01179 | Loss: 0.9812 | P@10: 60.0%
2026-03-12 16:15:42,801 [INFO] Epoch 34 | Step 70 | LR: 0.01178 | Loss: 1.0998 | P@10: 70.0%
2026-03-12 16:16:10,694 [INFO] --- FIM DA ÉPOCA 34 | Val P@10: 43.842105263157890249204% ---
2026-03-12 16:16:14,617 [INFO] Epoch 35 | Step 0 | LR: 0.01178 | Loss: 5.1624 | P@10: 30.0%
2026-03-12 16:16:49,469 [INFO] Epoch 35 | Step 10 | LR: 0.01177 | Loss: 2.8941 | P@10: 20.0%
2026-03-12 16:17:32,084 [INFO] Epoch 35 | Step 20 | LR: 0.01177 | Loss: 4.3154 | P@10: 10.0%
2026-03-12 16:18:21,561 [INFO] Epoch 35 | Step 30 | LR: 0.01176 | Loss: 3.8686 | P@10: 30.0%
2026-03-12 16:18:56,954 [INFO] Epoch 35 | Step 40 | LR: 0.01176 | Loss: 0.6472 | P@10: 70.0%
2026-03-12 16:19:38,096 [INFO] Epoch 35 | Step 50 | LR: 0.01175 | Loss: 2.8187 | P@10: 30.0%
2026-03-12 16:20:34,964 [INFO] Epoch 35 | Step 60 | LR: 0.01175 | Loss: 1.3926 | P@10: 60.0%
2026-03-12 16:22:07,095 [INFO] Epoch 35 | Step 70 | LR: 0.01174 | Loss: 4.8965 | P@10: 30.0%
2026-03-12 16:22:51,479 [INFO] --- FIM DA ÉPOCA 35 | Val P@10: 42.210526315789479667728% ---
2026-03-12 16:23:00,482 [INFO] Epoch 36 | Step 0 | LR: 0.01174 | Loss: 0.9366 | P@10: 50.0%
2026-03-12 16:24:00,196 [INFO] Epoch 36 | Step 10 | LR: 0.01173 | Loss: 2.3183 | P@10: 40.0%
2026-03-12 16:24:50,313 [INFO] Epoch 36 | Step 20 | LR: 0.01173 | Loss: 2.3120 | P@10: 30.0%
2026-03-12 16:25:38,534 [INFO] Epoch 36 | Step 30 | LR: 0.01172 | Loss: 4.0951 | P@10: 10.0%
2026-03-12 16:26:30,899 [INFO] Epoch 36 | Step 40 | LR: 0.01171 | Loss: 3.3961 | P@10: 20.0%
2026-03-12 16:27:24,797 [INFO] Epoch 36 | Step 50 | LR: 0.01171 | Loss: 1.3117 | P@10: 30.0%
2026-03-12 16:28:21,250 [INFO] Epoch 36 | Step 60 | LR: 0.01170 | Loss: 4.7189 | P@10: 30.0%
2026-03-12 16:29:09,484 [INFO] Epoch 36 | Step 70 | LR: 0.01170 | Loss: 2.5530 | P@10: 40.0%
2026-03-12 16:29:31,955 [INFO] --- FIM DA ÉPOCA 36 | Val P@10: 41.578947368421054875398% ---
2026-03-12 16:29:36,796 [INFO] Epoch 37 | Step 0 | LR: 0.01169 | Loss: 0.8208 | P@10: 40.0%
2026-03-12 16:30:23,539 [INFO] Epoch 37 | Step 10 | LR: 0.01169 | Loss: 0.7725 | P@10: 60.0%
2026-03-12 16:31:10,927 [INFO] Epoch 37 | Step 20 | LR: 0.01168 | Loss: 0.8841 | P@10: 40.0%
2026-03-12 16:31:59,308 [INFO] Epoch 37 | Step 30 | LR: 0.01167 | Loss: 2.6970 | P@10: 30.0%
2026-03-12 16:32:45,674 [INFO] Epoch 37 | Step 40 | LR: 0.01167 | Loss: 0.9807 | P@10: 30.0%
2026-03-12 16:33:35,914 [INFO] Epoch 37 | Step 50 | LR: 0.01166 | Loss: 5.6080 | P@10: 20.0%
2026-03-12 16:34:29,892 [INFO] Epoch 37 | Step 60 | LR: 0.01165 | Loss: 4.1099 | P@10: 20.0%
2026-03-12 16:35:23,296 [INFO] Epoch 37 | Step 70 | LR: 0.01165 | Loss: 2.9396 | P@10: 30.0%
2026-03-12 16:35:45,890 [INFO] --- FIM DA ÉPOCA 37 | Val P@10: 42.947368421052630083068% ---
2026-03-12 16:35:51,147 [INFO] Epoch 38 | Step 0 | LR: 0.01165 | Loss: 1.9546 | P@10: 50.0%
2026-03-12 16:36:40,477 [INFO] Epoch 38 | Step 10 | LR: 0.01164 | Loss: 2.5408 | P@10: 40.0%
2026-03-12 16:37:32,421 [INFO] Epoch 38 | Step 20 | LR: 0.01163 | Loss: 1.0614 | P@10: 40.0%
2026-03-12 16:38:27,630 [INFO] Epoch 38 | Step 30 | LR: 0.01163 | Loss: 2.2259 | P@10: 40.0%
2026-03-12 16:39:20,591 [INFO] Epoch 38 | Step 40 | LR: 0.01162 | Loss: 1.2571 | P@10: 50.0%
2026-03-12 16:40:16,222 [INFO] Epoch 38 | Step 50 | LR: 0.01161 | Loss: 0.6103 | P@10: 60.0%
2026-03-12 16:41:13,758 [INFO] Epoch 38 | Step 60 | LR: 0.01160 | Loss: 1.4182 | P@10: 50.0%
2026-03-12 16:42:09,810 [INFO] Epoch 38 | Step 70 | LR: 0.01160 | Loss: 1.3304 | P@10: 40.0%
2026-03-12 16:42:33,684 [INFO] --- FIM DA ÉPOCA 38 | Val P@10: 43.999999999999992894573% ---
2026-03-12 16:42:39,261 [INFO] Epoch 39 | Step 0 | LR: 0.01159 | Loss: 4.1887 | P@10: 50.0%
2026-03-12 16:43:32,707 [INFO] Epoch 39 | Step 10 | LR: 0.01159 | Loss: 3.4925 | P@10: 10.0%
2026-03-12 16:44:29,560 [INFO] Epoch 39 | Step 20 | LR: 0.01158 | Loss: 3.3182 | P@10: 40.0%
2026-03-12 16:45:24,856 [INFO] Epoch 39 | Step 30 | LR: 0.01157 | Loss: 3.3353 | P@10: 40.0%
2026-03-12 16:46:14,115 [INFO] Epoch 39 | Step 40 | LR: 0.01157 | Loss: 2.0204 | P@10: 20.0%
2026-03-12 16:47:00,175 [INFO] Epoch 39 | Step 50 | LR: 0.01156 | Loss: 7.1397 | P@10: 20.0%
2026-03-12 16:47:48,647 [INFO] Epoch 39 | Step 60 | LR: 0.01155 | Loss: 1.8290 | P@10: 50.0%
2026-03-12 16:48:33,164 [INFO] Epoch 39 | Step 70 | LR: 0.01154 | Loss: 1.7514 | P@10: 30.0%
2026-03-12 16:48:52,513 [INFO] --- FIM DA ÉPOCA 39 | Val P@10: 43.842105263157890249204% ---
2026-03-12 16:48:56,720 [INFO] Epoch 40 | Step 0 | LR: 0.01154 | Loss: 1.7421 | P@10: 40.0%
2026-03-12 16:49:37,894 [INFO] Epoch 40 | Step 10 | LR: 0.01153 | Loss: 1.3121 | P@10: 50.0%
2026-03-12 16:50:23,566 [INFO] Epoch 40 | Step 20 | LR: 0.01152 | Loss: 2.2823 | P@10: 40.0%
2026-03-12 16:51:10,108 [INFO] Epoch 40 | Step 30 | LR: 0.01152 | Loss: 1.1635 | P@10: 50.0%
2026-03-12 16:51:58,677 [INFO] Epoch 40 | Step 40 | LR: 0.01151 | Loss: 3.0099 | P@10: 30.0%
2026-03-12 16:52:44,780 [INFO] Epoch 40 | Step 50 | LR: 0.01150 | Loss: 0.9395 | P@10: 70.0%
2026-03-12 16:53:30,988 [INFO] Epoch 40 | Step 60 | LR: 0.01149 | Loss: 2.9516 | P@10: 40.0%
2026-03-12 16:54:18,801 [INFO] Epoch 40 | Step 70 | LR: 0.01149 | Loss: 4.3494 | P@10: 10.0%
2026-03-12 16:54:42,364 [INFO] --- FIM DA ÉPOCA 40 | Val P@10: 42.999999999999992894573% ---
2026-03-12 16:54:47,415 [INFO] Epoch 41 | Step 0 | LR: 0.01148 | Loss: 2.6443 | P@10: 40.0%
2026-03-12 16:55:34,366 [INFO] Epoch 41 | Step 10 | LR: 0.01147 | Loss: 3.7196 | P@10: 40.0%
2026-03-12 16:56:18,937 [INFO] Epoch 41 | Step 20 | LR: 0.01147 | Loss: 1.5814 | P@10: 50.0%
2026-03-12 16:57:05,749 [INFO] Epoch 41 | Step 30 | LR: 0.01146 | Loss: 1.9831 | P@10: 40.0%
2026-03-12 16:57:59,090 [INFO] Epoch 41 | Step 40 | LR: 0.01145 | Loss: 5.3910 | P@10: 10.0%
2026-03-12 16:58:53,705 [INFO] Epoch 41 | Step 50 | LR: 0.01144 | Loss: 1.7668 | P@10: 40.0%
2026-03-12 16:59:45,796 [INFO] Epoch 41 | Step 60 | LR: 0.01143 | Loss: 2.0966 | P@10: 20.0%
2026-03-12 17:00:39,915 [INFO] Epoch 41 | Step 70 | LR: 0.01142 | Loss: 1.5624 | P@10: 40.0%
2026-03-12 17:01:03,886 [INFO] --- FIM DA ÉPOCA 41 | Val P@10: 45.947368421052630083068% ---
2026-03-12 17:01:03,910 [INFO] 💎 NOVO RECORDE SUPER FORTALEZA: 45.9%
2026-03-12 17:01:09,157 [INFO] Epoch 42 | Step 0 | LR: 0.01142 | Loss: 2.9550 | P@10: 30.0%
2026-03-12 17:02:00,327 [INFO] Epoch 42 | Step 10 | LR: 0.01141 | Loss: 0.6757 | P@10: 60.0%
2026-03-12 17:02:51,647 [INFO] Epoch 42 | Step 20 | LR: 0.01140 | Loss: 2.5148 | P@10: 20.0%
2026-03-12 17:03:39,907 [INFO] Epoch 42 | Step 30 | LR: 0.01140 | Loss: 1.6826 | P@10: 40.0%
2026-03-12 17:04:26,967 [INFO] Epoch 42 | Step 40 | LR: 0.01139 | Loss: 7.6130 | P@10: 10.0%
2026-03-12 17:05:12,560 [INFO] Epoch 42 | Step 50 | LR: 0.01138 | Loss: 1.0848 | P@10: 50.0%
2026-03-12 17:06:00,428 [INFO] Epoch 42 | Step 60 | LR: 0.01137 | Loss: 1.0703 | P@10: 60.0%
2026-03-12 17:06:51,816 [INFO] Epoch 42 | Step 70 | LR: 0.01136 | Loss: 2.1556 | P@10: 50.0%
2026-03-12 17:07:14,037 [INFO] --- FIM DA ÉPOCA 42 | Val P@10: 43.368421052631575207670% ---
2026-03-12 17:07:18,801 [INFO] Epoch 43 | Step 0 | LR: 0.01136 | Loss: 3.9403 | P@10: 40.0%
2026-03-12 17:08:05,543 [INFO] Epoch 43 | Step 10 | LR: 0.01135 | Loss: 1.8965 | P@10: 50.0%
2026-03-12 17:08:54,085 [INFO] Epoch 43 | Step 20 | LR: 0.01134 | Loss: 2.2902 | P@10: 50.0%
2026-03-12 17:09:45,216 [INFO] Epoch 43 | Step 30 | LR: 0.01133 | Loss: 1.1593 | P@10: 50.0%
2026-03-12 17:10:31,610 [INFO] Epoch 43 | Step 40 | LR: 0.01132 | Loss: 4.6298 | P@10: 40.0%
2026-03-12 17:11:15,444 [INFO] Epoch 43 | Step 50 | LR: 0.01131 | Loss: 3.1418 | P@10: 40.0%
2026-03-12 17:12:00,781 [INFO] Epoch 43 | Step 60 | LR: 0.01130 | Loss: 2.2931 | P@10: 40.0%
2026-03-12 17:12:44,601 [INFO] Epoch 43 | Step 70 | LR: 0.01129 | Loss: 1.6122 | P@10: 30.0%
2026-03-12 17:13:05,127 [INFO] --- FIM DA ÉPOCA 43 | Val P@10: 44.052631578947362811505% ---
2026-03-12 17:13:09,396 [INFO] Epoch 44 | Step 0 | LR: 0.01129 | Loss: 2.0647 | P@10: 30.0%
2026-03-12 17:13:50,881 [INFO] Epoch 44 | Step 10 | LR: 0.01128 | Loss: 2.6948 | P@10: 40.0%
2026-03-12 17:14:34,366 [INFO] Epoch 44 | Step 20 | LR: 0.01127 | Loss: 3.9302 | P@10: 40.0%
2026-03-12 17:15:19,856 [INFO] Epoch 44 | Step 30 | LR: 0.01126 | Loss: 2.5220 | P@10: 20.0%
2026-03-12 17:16:04,553 [INFO] Epoch 44 | Step 40 | LR: 0.01125 | Loss: 1.9285 | P@10: 40.0%
2026-03-12 17:16:47,815 [INFO] Epoch 44 | Step 50 | LR: 0.01124 | Loss: 3.0517 | P@10: 20.0%
2026-03-12 17:17:33,061 [INFO] Epoch 44 | Step 60 | LR: 0.01123 | Loss: 2.6828 | P@10: 40.0%
2026-03-12 17:18:21,243 [INFO] Epoch 44 | Step 70 | LR: 0.01122 | Loss: 2.7762 | P@10: 30.0%
2026-03-12 17:18:45,772 [INFO] --- FIM DA ÉPOCA 44 | Val P@10: 43.578947368421047769971% ---
2026-03-12 17:18:50,921 [INFO] Epoch 45 | Step 0 | LR: 0.01122 | Loss: 2.0622 | P@10: 40.0%
2026-03-12 17:19:35,544 [INFO] Epoch 45 | Step 10 | LR: 0.01121 | Loss: 3.0514 | P@10: 30.0%
2026-03-12 17:20:20,842 [INFO] Epoch 45 | Step 20 | LR: 0.01120 | Loss: 1.9219 | P@10: 20.0%
2026-03-12 17:21:07,033 [INFO] Epoch 45 | Step 30 | LR: 0.01119 | Loss: 4.2318 | P@10: 40.0%
2026-03-12 17:21:58,129 [INFO] Epoch 45 | Step 40 | LR: 0.01118 | Loss: 1.9526 | P@10: 50.0%
2026-03-12 17:22:46,316 [INFO] Epoch 45 | Step 50 | LR: 0.01117 | Loss: 2.6787 | P@10: 40.0%
2026-03-12 17:23:32,607 [INFO] Epoch 45 | Step 60 | LR: 0.01116 | Loss: 2.5066 | P@10: 30.0%
2026-03-12 17:24:20,144 [INFO] Epoch 45 | Step 70 | LR: 0.01115 | Loss: 2.4062 | P@10: 30.0%
2026-03-12 17:24:43,405 [INFO] --- FIM DA ÉPOCA 45 | Val P@10: 43.473684210526315041534% ---
2026-03-12 17:24:48,168 [INFO] Epoch 46 | Step 0 | LR: 0.01115 | Loss: 3.0146 | P@10: 60.0%
2026-03-12 17:25:36,362 [INFO] Epoch 46 | Step 10 | LR: 0.01114 | Loss: 2.0047 | P@10: 40.0%
2026-03-12 17:26:22,543 [INFO] Epoch 46 | Step 20 | LR: 0.01113 | Loss: 1.2549 | P@10: 30.0%
2026-03-12 17:27:11,103 [INFO] Epoch 46 | Step 30 | LR: 0.01112 | Loss: 3.0668 | P@10: 20.0%
2026-03-12 17:28:00,473 [INFO] Epoch 46 | Step 40 | LR: 0.01111 | Loss: 1.8199 | P@10: 40.0%
2026-03-12 17:28:45,531 [INFO] Epoch 46 | Step 50 | LR: 0.01110 | Loss: 2.2822 | P@10: 50.0%
2026-03-12 17:29:32,258 [INFO] Epoch 46 | Step 60 | LR: 0.01108 | Loss: 1.9475 | P@10: 50.0%
2026-03-12 17:30:23,622 [INFO] Epoch 46 | Step 70 | LR: 0.01107 | Loss: 1.6806 | P@10: 50.0%
2026-03-12 17:30:48,829 [INFO] --- FIM DA ÉPOCA 46 | Val P@10: 45.000000000000000000000% ---
2026-03-12 17:30:54,264 [INFO] Epoch 47 | Step 0 | LR: 0.01107 | Loss: 2.4250 | P@10: 60.0%
2026-03-12 17:31:40,896 [INFO] Epoch 47 | Step 10 | LR: 0.01106 | Loss: 2.7038 | P@10: 30.0%
2026-03-12 17:32:25,617 [INFO] Epoch 47 | Step 20 | LR: 0.01105 | Loss: 1.1921 | P@10: 60.0%
2026-03-12 17:33:11,266 [INFO] Epoch 47 | Step 30 | LR: 0.01104 | Loss: 1.5086 | P@10: 40.0%
2026-03-12 17:33:56,664 [INFO] Epoch 47 | Step 40 | LR: 0.01103 | Loss: 2.5836 | P@10: 50.0%
2026-03-12 17:34:40,305 [INFO] Epoch 47 | Step 50 | LR: 0.01102 | Loss: 1.8430 | P@10: 40.0%
2026-03-12 17:35:19,144 [INFO] Epoch 47 | Step 60 | LR: 0.01101 | Loss: 2.0150 | P@10: 30.0%
2026-03-12 17:35:58,182 [INFO] Epoch 47 | Step 70 | LR: 0.01099 | Loss: 3.7152 | P@10: 20.0%
2026-03-12 17:36:17,983 [INFO] --- FIM DA ÉPOCA 47 | Val P@10: 44.210526315789472562301% ---
2026-03-12 17:36:22,227 [INFO] Epoch 48 | Step 0 | LR: 0.01099 | Loss: 1.1604 | P@10: 50.0%
2026-03-12 17:37:01,744 [INFO] Epoch 48 | Step 10 | LR: 0.01098 | Loss: 2.2434 | P@10: 30.0%
2026-03-12 17:37:44,906 [INFO] Epoch 48 | Step 20 | LR: 0.01097 | Loss: 2.8727 | P@10: 30.0%
2026-03-12 17:38:25,984 [INFO] Epoch 48 | Step 30 | LR: 0.01096 | Loss: 1.8960 | P@10: 40.0%
2026-03-12 17:39:08,409 [INFO] Epoch 48 | Step 40 | LR: 0.01095 | Loss: 2.6961 | P@10: 20.0%
2026-03-12 17:39:52,721 [INFO] Epoch 48 | Step 50 | LR: 0.01094 | Loss: 2.5931 | P@10: 40.0%
2026-03-12 17:40:39,805 [INFO] Epoch 48 | Step 60 | LR: 0.01092 | Loss: 2.2318 | P@10: 30.0%
2026-03-12 17:41:31,330 [INFO] Epoch 48 | Step 70 | LR: 0.01091 | Loss: 1.3854 | P@10: 60.0%
2026-03-12 17:41:53,565 [INFO] --- FIM DA ÉPOCA 48 | Val P@10: 44.421052631578945124602% ---
2026-03-12 17:41:58,448 [INFO] Epoch 49 | Step 0 | LR: 0.01091 | Loss: 2.9718 | P@10: 30.0%
2026-03-12 17:42:44,763 [INFO] Epoch 49 | Step 10 | LR: 0.01090 | Loss: 1.6502 | P@10: 50.0%
2026-03-12 17:43:30,293 [INFO] Epoch 49 | Step 20 | LR: 0.01089 | Loss: 2.3060 | P@10: 30.0%
2026-03-12 17:44:17,085 [INFO] Epoch 49 | Step 30 | LR: 0.01087 | Loss: 2.3701 | P@10: 40.0%
2026-03-12 17:45:01,344 [INFO] Epoch 49 | Step 40 | LR: 0.01086 | Loss: 2.6146 | P@10: 60.0%
2026-03-12 17:45:42,339 [INFO] Epoch 49 | Step 50 | LR: 0.01085 | Loss: 0.6125 | P@10: 60.0%
2026-03-12 17:46:23,960 [INFO] Epoch 49 | Step 60 | LR: 0.01084 | Loss: 4.2041 | P@10: 20.0%
2026-03-12 17:47:08,279 [INFO] Epoch 49 | Step 70 | LR: 0.01083 | Loss: 1.8962 | P@10: 30.0%
2026-03-12 17:47:30,873 [INFO] --- FIM DA ÉPOCA 49 | Val P@10: 44.578947368421047769971% ---
2026-03-12 17:47:35,477 [INFO] Epoch 50 | Step 0 | LR: 0.01082 | Loss: 3.7143 | P@10: 50.0%
2026-03-12 17:48:19,888 [INFO] Epoch 50 | Step 10 | LR: 0.01081 | Loss: 3.2249 | P@10: 50.0%
2026-03-12 17:49:02,398 [INFO] Epoch 50 | Step 20 | LR: 0.01080 | Loss: 4.4344 | P@10: 20.0%
2026-03-12 17:49:46,793 [INFO] Epoch 50 | Step 30 | LR: 0.01079 | Loss: 2.5022 | P@10: 30.0%
2026-03-12 17:50:32,910 [INFO] Epoch 50 | Step 40 | LR: 0.01078 | Loss: 3.1636 | P@10: 30.0%
2026-03-12 17:51:19,718 [INFO] Epoch 50 | Step 50 | LR: 0.01076 | Loss: 3.2153 | P@10: 20.0%
2026-03-12 17:52:02,611 [INFO] Epoch 50 | Step 60 | LR: 0.01075 | Loss: 2.4781 | P@10: 30.0%
2026-03-12 17:52:47,693 [INFO] Epoch 50 | Step 70 | LR: 0.01074 | Loss: 2.4697 | P@10: 40.0%
2026-03-12 17:53:09,978 [INFO] --- FIM DA ÉPOCA 50 | Val P@10: 44.894736842105253060708% ---
2026-03-12 17:53:14,870 [INFO] Epoch 51 | Step 0 | LR: 0.01073 | Loss: 2.6165 | P@10: 20.0%
2026-03-12 17:54:01,904 [INFO] Epoch 51 | Step 10 | LR: 0.01072 | Loss: 2.1870 | P@10: 40.0%
2026-03-12 17:54:47,177 [INFO] Epoch 51 | Step 20 | LR: 0.01071 | Loss: 1.4268 | P@10: 50.0%
2026-03-12 17:55:30,503 [INFO] Epoch 51 | Step 30 | LR: 0.01070 | Loss: 2.4181 | P@10: 30.0%
2026-03-12 17:56:14,323 [INFO] Epoch 51 | Step 40 | LR: 0.01069 | Loss: 3.1126 | P@10: 20.0%
2026-03-12 17:57:00,393 [INFO] Epoch 51 | Step 50 | LR: 0.01067 | Loss: 2.5662 | P@10: 20.0%
2026-03-12 17:57:47,226 [INFO] Epoch 51 | Step 60 | LR: 0.01066 | Loss: 2.4116 | P@10: 50.0%
2026-03-12 17:58:31,841 [INFO] Epoch 51 | Step 70 | LR: 0.01065 | Loss: 2.5961 | P@10: 40.0%
2026-03-12 17:58:53,305 [INFO] --- FIM DA ÉPOCA 51 | Val P@10: 44.315789473684205290738% ---
2026-03-12 17:58:57,830 [INFO] Epoch 52 | Step 0 | LR: 0.01064 | Loss: 0.8444 | P@10: 80.0%
2026-03-12 17:59:42,548 [INFO] Epoch 52 | Step 10 | LR: 0.01063 | Loss: 2.7888 | P@10: 40.0%
2026-03-12 18:00:29,840 [INFO] Epoch 52 | Step 20 | LR: 0.01062 | Loss: 1.7998 | P@10: 40.0%
2026-03-12 18:01:18,039 [INFO] Epoch 52 | Step 30 | LR: 0.01061 | Loss: 2.9939 | P@10: 30.0%
2026-03-12 18:02:03,139 [INFO] Epoch 52 | Step 40 | LR: 0.01059 | Loss: 2.3290 | P@10: 40.0%
2026-03-12 18:02:49,587 [INFO] Epoch 52 | Step 50 | LR: 0.01058 | Loss: 0.9590 | P@10: 50.0%
2026-03-12 18:03:38,204 [INFO] Epoch 52 | Step 60 | LR: 0.01057 | Loss: 3.2814 | P@10: 30.0%
2026-03-12 18:04:22,255 [INFO] Epoch 52 | Step 70 | LR: 0.01055 | Loss: 1.5377 | P@10: 40.0%
2026-03-12 18:04:44,396 [INFO] --- FIM DA ÉPOCA 52 | Val P@10: 44.105263157894739833864% ---
2026-03-12 18:04:48,773 [INFO] Epoch 53 | Step 0 | LR: 0.01055 | Loss: 3.2323 | P@10: 10.0%
2026-03-12 18:05:33,712 [INFO] Epoch 53 | Step 10 | LR: 0.01054 | Loss: 2.6100 | P@10: 30.0%
2026-03-12 18:06:20,538 [INFO] Epoch 53 | Step 20 | LR: 0.01052 | Loss: 3.4617 | P@10: 40.0%
2026-03-12 18:07:10,098 [INFO] Epoch 53 | Step 30 | LR: 0.01051 | Loss: 2.4165 | P@10: 20.0%
2026-03-12 18:07:56,192 [INFO] Epoch 53 | Step 40 | LR: 0.01050 | Loss: 1.6826 | P@10: 60.0%
2026-03-12 18:08:42,220 [INFO] Epoch 53 | Step 50 | LR: 0.01048 | Loss: 2.8627 | P@10: 20.0%
2026-03-12 18:09:29,509 [INFO] Epoch 53 | Step 60 | LR: 0.01047 | Loss: 1.4510 | P@10: 40.0%
2026-03-12 18:10:19,389 [INFO] Epoch 53 | Step 70 | LR: 0.01046 | Loss: 4.9079 | P@10: 10.0%
2026-03-12 18:10:40,734 [INFO] --- FIM DA ÉPOCA 53 | Val P@10: 44.105263157894725623009% ---
2026-03-12 18:10:45,075 [INFO] Epoch 54 | Step 0 | LR: 0.01045 | Loss: 1.3011 | P@10: 50.0%
2026-03-12 18:11:29,485 [INFO] Epoch 54 | Step 10 | LR: 0.01044 | Loss: 2.4780 | P@10: 40.0%
2026-03-12 18:12:14,910 [INFO] Epoch 54 | Step 20 | LR: 0.01043 | Loss: 2.4932 | P@10: 40.0%
2026-03-12 18:13:02,949 [INFO] Epoch 54 | Step 30 | LR: 0.01041 | Loss: 2.6154 | P@10: 30.0%
2026-03-12 18:13:49,592 [INFO] Epoch 54 | Step 40 | LR: 0.01040 | Loss: 3.2258 | P@10: 40.0%
2026-03-12 18:14:31,267 [INFO] Epoch 54 | Step 50 | LR: 0.01039 | Loss: 2.0140 | P@10: 40.0%
2026-03-12 18:15:13,259 [INFO] Epoch 54 | Step 60 | LR: 0.01037 | Loss: 2.1051 | P@10: 50.0%
2026-03-12 18:15:54,416 [INFO] Epoch 54 | Step 70 | LR: 0.01036 | Loss: 3.6133 | P@10: 10.0%
2026-03-12 18:16:15,791 [INFO] --- FIM DA ÉPOCA 54 | Val P@10: 41.631578947368417686903% ---
2026-03-12 18:16:20,270 [INFO] Epoch 55 | Step 0 | LR: 0.01035 | Loss: 2.2049 | P@10: 40.0%
2026-03-12 18:17:04,686 [INFO] Epoch 55 | Step 10 | LR: 0.01034 | Loss: 3.2367 | P@10: 40.0%
2026-03-12 18:17:44,497 [INFO] Epoch 55 | Step 20 | LR: 0.01033 | Loss: 3.0324 | P@10: 20.0%
2026-03-12 18:18:24,699 [INFO] Epoch 55 | Step 30 | LR: 0.01031 | Loss: 3.2337 | P@10: 30.0%
2026-03-12 18:19:05,976 [INFO] Epoch 55 | Step 40 | LR: 0.01030 | Loss: 1.4623 | P@10: 40.0%
2026-03-12 18:19:47,116 [INFO] Epoch 55 | Step 50 | LR: 0.01029 | Loss: 3.0007 | P@10: 20.0%
2026-03-12 18:20:29,003 [INFO] Epoch 55 | Step 60 | LR: 0.01027 | Loss: 4.2571 | P@10: 20.0%
2026-03-12 18:21:07,972 [INFO] Epoch 55 | Step 70 | LR: 0.01026 | Loss: 1.2175 | P@10: 60.0%
2026-03-12 18:21:28,586 [INFO] --- FIM DA ÉPOCA 55 | Val P@10: 44.210526315789472562301% ---
2026-03-12 18:21:32,801 [INFO] Epoch 56 | Step 0 | LR: 0.01025 | Loss: 2.7629 | P@10: 20.0%
2026-03-12 18:22:15,098 [INFO] Epoch 56 | Step 10 | LR: 0.01024 | Loss: 0.5393 | P@10: 60.0%
2026-03-12 18:23:00,159 [INFO] Epoch 56 | Step 20 | LR: 0.01022 | Loss: 3.8402 | P@10: 20.0%
2026-03-12 18:23:47,863 [INFO] Epoch 56 | Step 30 | LR: 0.01021 | Loss: 4.0885 | P@10: 30.0%
2026-03-12 18:24:31,875 [INFO] Epoch 56 | Step 40 | LR: 0.01020 | Loss: 1.6487 | P@10: 40.0%
2026-03-12 18:25:27,465 [INFO] Epoch 56 | Step 50 | LR: 0.01018 | Loss: 1.6506 | P@10: 40.0%
2026-03-12 18:26:44,299 [INFO] Epoch 56 | Step 60 | LR: 0.01017 | Loss: 1.4457 | P@10: 40.0%
2026-03-12 18:28:01,162 [INFO] Epoch 56 | Step 70 | LR: 0.01015 | Loss: 2.4664 | P@10: 40.0%
2026-03-12 18:28:40,731 [INFO] --- FIM DA ÉPOCA 56 | Val P@10: 43.421052631578938019175% ---
2026-03-12 18:28:48,422 [INFO] Epoch 57 | Step 0 | LR: 0.01015 | Loss: 2.6056 | P@10: 30.0%
2026-03-12 18:30:05,679 [INFO] Epoch 57 | Step 10 | LR: 0.01013 | Loss: 1.9047 | P@10: 40.0%
2026-03-12 18:31:28,596 [INFO] Epoch 57 | Step 20 | LR: 0.01012 | Loss: 1.5438 | P@10: 40.0%
2026-03-12 18:32:53,804 [INFO] Epoch 57 | Step 30 | LR: 0.01011 | Loss: 0.7325 | P@10: 60.0%
2026-03-12 18:34:19,112 [INFO] Epoch 57 | Step 40 | LR: 0.01009 | Loss: 1.9141 | P@10: 40.0%
2026-03-12 18:35:45,361 [INFO] Epoch 57 | Step 50 | LR: 0.01008 | Loss: 2.1682 | P@10: 40.0%
2026-03-12 18:37:08,651 [INFO] Epoch 57 | Step 60 | LR: 0.01006 | Loss: 1.6503 | P@10: 50.0%
2026-03-12 18:38:31,051 [INFO] Epoch 57 | Step 70 | LR: 0.01005 | Loss: 2.8768 | P@10: 50.0%
2026-03-12 18:39:12,201 [INFO] --- FIM DA ÉPOCA 57 | Val P@10: 42.842105263157890249204% ---
2026-03-12 18:39:20,239 [INFO] Epoch 58 | Step 0 | LR: 0.01004 | Loss: 2.5170 | P@10: 30.0%
2026-03-12 18:40:37,166 [INFO] Epoch 58 | Step 10 | LR: 0.01003 | Loss: 1.8308 | P@10: 40.0%
2026-03-12 18:41:53,760 [INFO] Epoch 58 | Step 20 | LR: 0.01001 | Loss: 1.9240 | P@10: 50.0%
2026-03-12 18:43:12,241 [INFO] Epoch 58 | Step 30 | LR: 0.01000 | Loss: 1.6754 | P@10: 40.0%
2026-03-12 18:44:31,250 [INFO] Epoch 58 | Step 40 | LR: 0.00998 | Loss: 4.2139 | P@10: 30.0%
2026-03-12 18:45:46,585 [INFO] Epoch 58 | Step 50 | LR: 0.00997 | Loss: 2.7488 | P@10: 50.0%
2026-03-12 18:46:59,415 [INFO] Epoch 58 | Step 60 | LR: 0.00995 | Loss: 1.9012 | P@10: 60.0%
2026-03-12 18:48:10,531 [INFO] Epoch 58 | Step 70 | LR: 0.00994 | Loss: 3.4265 | P@10: 10.0%
2026-03-12 18:48:49,248 [INFO] --- FIM DA ÉPOCA 58 | Val P@10: 40.736842105263157520767% ---
2026-03-12 18:48:56,487 [INFO] Epoch 59 | Step 0 | LR: 0.00993 | Loss: 2.1662 | P@10: 30.0%
2026-03-12 18:50:08,222 [INFO] Epoch 59 | Step 10 | LR: 0.00992 | Loss: 0.6769 | P@10: 60.0%
2026-03-12 18:51:21,471 [INFO] Epoch 59 | Step 20 | LR: 0.00990 | Loss: 2.6493 | P@10: 40.0%
2026-03-12 18:52:35,810 [INFO] Epoch 59 | Step 30 | LR: 0.00989 | Loss: 0.9113 | P@10: 70.0%
2026-03-12 18:53:48,179 [INFO] Epoch 59 | Step 40 | LR: 0.00987 | Loss: 1.9822 | P@10: 50.0%
2026-03-12 18:54:59,703 [INFO] Epoch 59 | Step 50 | LR: 0.00986 | Loss: 2.5609 | P@10: 20.0%
2026-03-12 18:56:12,788 [INFO] Epoch 59 | Step 60 | LR: 0.00984 | Loss: 3.8355 | P@10: 10.0%
2026-03-12 18:57:25,788 [INFO] Epoch 59 | Step 70 | LR: 0.00983 | Loss: 3.7512 | P@10: 20.0%
2026-03-12 18:58:04,289 [INFO] --- FIM DA ÉPOCA 59 | Val P@10: 42.947368421052630083068% ---
2026-03-12 18:58:11,388 [INFO] Epoch 60 | Step 0 | LR: 0.00982 | Loss: 5.1870 | P@10: 20.0%
2026-03-12 18:59:19,245 [INFO] Epoch 60 | Step 10 | LR: 0.00981 | Loss: 2.4007 | P@10: 20.0%
2026-03-12 19:00:25,688 [INFO] Epoch 60 | Step 20 | LR: 0.00979 | Loss: 2.5977 | P@10: 30.0%
2026-03-12 19:01:30,883 [INFO] Epoch 60 | Step 30 | LR: 0.00978 | Loss: 2.5229 | P@10: 40.0%
2026-03-12 19:02:35,560 [INFO] Epoch 60 | Step 40 | LR: 0.00976 | Loss: 1.1347 | P@10: 60.0%
2026-03-12 19:03:40,821 [INFO] Epoch 60 | Step 50 | LR: 0.00975 | Loss: 0.8579 | P@10: 40.0%
2026-03-12 19:04:46,887 [INFO] Epoch 60 | Step 60 | LR: 0.00973 | Loss: 3.5795 | P@10: 20.0%
2026-03-12 19:05:53,188 [INFO] Epoch 60 | Step 70 | LR: 0.00971 | Loss: 4.5613 | P@10: 40.0%
2026-03-12 19:06:29,358 [INFO] --- FIM DA ÉPOCA 60 | Val P@10: 42.315789473684205290738% ---
2026-03-12 19:06:35,910 [INFO] Epoch 61 | Step 0 | LR: 0.00971 | Loss: 1.6462 | P@10: 60.0%
2026-03-12 19:07:40,320 [INFO] Epoch 61 | Step 10 | LR: 0.00969 | Loss: 1.8715 | P@10: 40.0%
2026-03-12 19:08:46,298 [INFO] Epoch 61 | Step 20 | LR: 0.00968 | Loss: 3.2522 | P@10: 30.0%
2026-03-12 19:09:51,067 [INFO] Epoch 61 | Step 30 | LR: 0.00966 | Loss: 3.2836 | P@10: 10.0%
2026-03-12 19:10:56,288 [INFO] Epoch 61 | Step 40 | LR: 0.00965 | Loss: 1.6425 | P@10: 50.0%
2026-03-12 19:12:00,607 [INFO] Epoch 61 | Step 50 | LR: 0.00963 | Loss: 2.0636 | P@10: 30.0%
2026-03-12 19:13:05,040 [INFO] Epoch 61 | Step 60 | LR: 0.00961 | Loss: 3.8849 | P@10: 20.0%
2026-03-12 19:14:13,129 [INFO] Epoch 61 | Step 70 | LR: 0.00960 | Loss: 1.5335 | P@10: 30.0%
2026-03-12 19:14:51,205 [INFO] --- FIM DA ÉPOCA 61 | Val P@10: 45.999999999999985789145% ---
2026-03-12 19:14:51,242 [INFO] 💎 NOVO RECORDE SUPER FORTALEZA: 46.0%
2026-03-12 19:14:58,506 [INFO] Epoch 62 | Step 0 | LR: 0.00959 | Loss: 2.4936 | P@10: 50.0%
2026-03-12 19:16:05,093 [INFO] Epoch 62 | Step 10 | LR: 0.00958 | Loss: 1.9477 | P@10: 70.0%
2026-03-12 19:17:07,880 [INFO] Epoch 62 | Step 20 | LR: 0.00956 | Loss: 2.3896 | P@10: 40.0%
2026-03-12 19:18:11,801 [INFO] Epoch 62 | Step 30 | LR: 0.00954 | Loss: 1.0670 | P@10: 50.0%
2026-03-12 19:19:13,676 [INFO] Epoch 62 | Step 40 | LR: 0.00953 | Loss: 2.5602 | P@10: 20.0%
2026-03-12 19:20:11,968 [INFO] Epoch 62 | Step 50 | LR: 0.00951 | Loss: 2.0965 | P@10: 30.0%
2026-03-12 19:21:09,645 [INFO] Epoch 62 | Step 60 | LR: 0.00950 | Loss: 1.7197 | P@10: 50.0%
2026-03-12 19:22:09,566 [INFO] Epoch 62 | Step 70 | LR: 0.00948 | Loss: 2.0618 | P@10: 30.0%
2026-03-12 19:22:43,480 [INFO] --- FIM DA ÉPOCA 62 | Val P@10: 45.157894736842102645369% ---
2026-03-12 19:22:49,291 [INFO] Epoch 63 | Step 0 | LR: 0.00947 | Loss: 5.1466 | P@10: 20.0%
2026-03-12 19:23:45,137 [INFO] Epoch 63 | Step 10 | LR: 0.00946 | Loss: 2.9068 | P@10: 30.0%
2026-03-12 19:24:41,152 [INFO] Epoch 63 | Step 20 | LR: 0.00944 | Loss: 1.8435 | P@10: 30.0%
2026-03-12 19:25:37,948 [INFO] Epoch 63 | Step 30 | LR: 0.00943 | Loss: 3.9557 | P@10: 20.0%
2026-03-12 19:26:34,112 [INFO] Epoch 63 | Step 40 | LR: 0.00941 | Loss: 2.1289 | P@10: 30.0%
2026-03-12 19:27:30,494 [INFO] Epoch 63 | Step 50 | LR: 0.00939 | Loss: 4.4767 | P@10: 20.0%
2026-03-12 19:28:28,084 [INFO] Epoch 63 | Step 60 | LR: 0.00938 | Loss: 1.7335 | P@10: 40.0%
2026-03-12 19:29:26,843 [INFO] Epoch 63 | Step 70 | LR: 0.00936 | Loss: 4.1456 | P@10: 40.0%
2026-03-12 19:30:01,185 [INFO] --- FIM DA ÉPOCA 63 | Val P@10: 44.578947368421054875398% ---
2026-03-12 19:30:06,955 [INFO] Epoch 64 | Step 0 | LR: 0.00935 | Loss: 2.1714 | P@10: 40.0%
2026-03-12 19:31:04,635 [INFO] Epoch 64 | Step 10 | LR: 0.00934 | Loss: 2.9845 | P@10: 50.0%
2026-03-12 19:32:02,732 [INFO] Epoch 64 | Step 20 | LR: 0.00932 | Loss: 2.8506 | P@10: 20.0%
2026-03-12 19:33:04,296 [INFO] Epoch 64 | Step 30 | LR: 0.00931 | Loss: 1.2868 | P@10: 50.0%
2026-03-12 19:34:09,020 [INFO] Epoch 64 | Step 40 | LR: 0.00929 | Loss: 2.8576 | P@10: 30.0%
2026-03-12 19:35:14,800 [INFO] Epoch 64 | Step 50 | LR: 0.00927 | Loss: 4.3516 | P@10: 50.0%
2026-03-12 19:36:34,539 [INFO] Epoch 64 | Step 60 | LR: 0.00926 | Loss: 3.0398 | P@10: 20.0%
2026-03-12 19:37:59,826 [INFO] Epoch 64 | Step 70 | LR: 0.00924 | Loss: 4.5938 | P@10: 10.0%
2026-03-12 19:38:43,291 [INFO] --- FIM DA ÉPOCA 64 | Val P@10: 44.368421052631568102242% ---
2026-03-12 19:38:51,991 [INFO] Epoch 65 | Step 0 | LR: 0.00923 | Loss: 1.3295 | P@10: 50.0%
2026-03-12 19:40:22,633 [INFO] Epoch 65 | Step 10 | LR: 0.00922 | Loss: 2.6713 | P@10: 40.0%
2026-03-12 19:41:51,923 [INFO] Epoch 65 | Step 20 | LR: 0.00920 | Loss: 2.1509 | P@10: 40.0%
2026-03-12 19:43:22,442 [INFO] Epoch 65 | Step 30 | LR: 0.00918 | Loss: 1.3692 | P@10: 60.0%
2026-03-12 19:44:51,795 [INFO] Epoch 65 | Step 40 | LR: 0.00917 | Loss: 0.9864 | P@10: 40.0%
2026-03-12 19:46:25,502 [INFO] Epoch 65 | Step 50 | LR: 0.00915 | Loss: 1.7609 | P@10: 40.0%
2026-03-12 19:47:59,567 [INFO] Epoch 65 | Step 60 | LR: 0.00913 | Loss: 2.6037 | P@10: 40.0%
2026-03-12 19:49:31,907 [INFO] Epoch 65 | Step 70 | LR: 0.00912 | Loss: 2.8818 | P@10: 40.0%
2026-03-12 19:50:16,891 [INFO] --- FIM DA ÉPOCA 65 | Val P@10: 44.473684210526315041534% ---
2026-03-12 19:50:25,715 [INFO] Epoch 66 | Step 0 | LR: 0.00911 | Loss: 2.1848 | P@10: 40.0%
2026-03-12 19:51:53,666 [INFO] Epoch 66 | Step 10 | LR: 0.00909 | Loss: 1.8914 | P@10: 40.0%
2026-03-12 19:53:22,058 [INFO] Epoch 66 | Step 20 | LR: 0.00907 | Loss: 2.1046 | P@10: 40.0%
2026-03-12 19:54:50,356 [INFO] Epoch 66 | Step 30 | LR: 0.00906 | Loss: 1.7148 | P@10: 60.0%
2026-03-12 19:56:17,425 [INFO] Epoch 66 | Step 40 | LR: 0.00904 | Loss: 2.8383 | P@10: 20.0%
2026-03-12 19:57:46,529 [INFO] Epoch 66 | Step 50 | LR: 0.00902 | Loss: 1.5124 | P@10: 50.0%
2026-03-12 19:59:18,559 [INFO] Epoch 66 | Step 60 | LR: 0.00901 | Loss: 2.4996 | P@10: 30.0%
2026-03-12 20:00:49,638 [INFO] Epoch 66 | Step 70 | LR: 0.00899 | Loss: 1.4816 | P@10: 30.0%
2026-03-12 20:01:34,318 [INFO] --- FIM DA ÉPOCA 66 | Val P@10: 43.105263157894732728437% ---
2026-03-12 20:01:43,395 [INFO] Epoch 67 | Step 0 | LR: 0.00898 | Loss: 1.3571 | P@10: 60.0%
2026-03-12 20:03:11,094 [INFO] Epoch 67 | Step 10 | LR: 0.00897 | Loss: 1.8807 | P@10: 50.0%
2026-03-12 20:04:36,565 [INFO] Epoch 67 | Step 20 | LR: 0.00895 | Loss: 2.1365 | P@10: 30.0%
2026-03-12 20:06:02,553 [INFO] Epoch 67 | Step 30 | LR: 0.00893 | Loss: 1.6504 | P@10: 50.0%
2026-03-12 20:07:26,640 [INFO] Epoch 67 | Step 40 | LR: 0.00891 | Loss: 4.1002 | P@10: 20.0%
2026-03-12 20:08:48,759 [INFO] Epoch 67 | Step 50 | LR: 0.00890 | Loss: 2.8633 | P@10: 50.0%
2026-03-12 20:10:10,098 [INFO] Epoch 67 | Step 60 | LR: 0.00888 | Loss: 4.2471 | P@10: 30.0%
2026-03-12 20:11:32,616 [INFO] Epoch 67 | Step 70 | LR: 0.00886 | Loss: 3.0521 | P@10: 20.0%
2026-03-12 20:12:14,978 [INFO] --- FIM DA ÉPOCA 67 | Val P@10: 42.368421052631575207670% ---
2026-03-12 20:12:23,453 [INFO] Epoch 68 | Step 0 | LR: 0.00886 | Loss: 2.3317 | P@10: 40.0%
2026-03-12 20:13:46,760 [INFO] Epoch 68 | Step 10 | LR: 0.00884 | Loss: 4.4453 | P@10: 20.0%
2026-03-12 20:15:03,148 [INFO] Epoch 68 | Step 20 | LR: 0.00882 | Loss: 4.5599 | P@10: 20.0%
2026-03-12 20:16:22,263 [INFO] Epoch 68 | Step 30 | LR: 0.00880 | Loss: 3.5755 | P@10: 30.0%
2026-03-12 20:17:37,963 [INFO] Epoch 68 | Step 40 | LR: 0.00879 | Loss: 1.5681 | P@10: 50.0%
2026-03-12 20:18:53,633 [INFO] Epoch 68 | Step 50 | LR: 0.00877 | Loss: 1.3765 | P@10: 40.0%
2026-03-12 20:20:09,805 [INFO] Epoch 68 | Step 60 | LR: 0.00875 | Loss: 3.7462 | P@10: 30.0%
2026-03-12 20:21:26,153 [INFO] Epoch 68 | Step 70 | LR: 0.00873 | Loss: 4.7452 | P@10: 0.0%
2026-03-12 20:22:06,550 [INFO] --- FIM DA ÉPOCA 68 | Val P@10: 43.368421052631575207670% ---
2026-03-12 20:22:14,494 [INFO] Epoch 69 | Step 0 | LR: 0.00873 | Loss: 2.1723 | P@10: 50.0%
2026-03-12 20:23:03,930 [INFO] Epoch 69 | Step 10 | LR: 0.00871 | Loss: 1.4912 | P@10: 20.0%
2026-03-12 20:23:44,497 [INFO] Epoch 69 | Step 20 | LR: 0.00869 | Loss: 1.9094 | P@10: 40.0%
2026-03-12 20:24:26,197 [INFO] Epoch 69 | Step 30 | LR: 0.00867 | Loss: 1.6939 | P@10: 50.0%
2026-03-12 20:25:08,030 [INFO] Epoch 69 | Step 40 | LR: 0.00866 | Loss: 3.1695 | P@10: 30.0%
2026-03-12 20:25:50,951 [INFO] Epoch 69 | Step 50 | LR: 0.00864 | Loss: 2.3503 | P@10: 30.0%
2026-03-12 20:26:36,489 [INFO] Epoch 69 | Step 60 | LR: 0.00862 | Loss: 1.7910 | P@10: 30.0%
2026-03-12 20:27:22,272 [INFO] Epoch 69 | Step 70 | LR: 0.00860 | Loss: 4.6040 | P@10: 40.0%
2026-03-12 20:27:45,798 [INFO] --- FIM DA ÉPOCA 69 | Val P@10: 41.736842105263150415340% ---
2026-03-12 20:27:50,674 [INFO] Epoch 70 | Step 0 | LR: 0.00860 | Loss: 2.6719 | P@10: 40.0%
2026-03-12 20:28:39,685 [INFO] Epoch 70 | Step 10 | LR: 0.00858 | Loss: 2.2637 | P@10: 30.0%
2026-03-12 20:29:24,502 [INFO] Epoch 70 | Step 20 | LR: 0.00856 | Loss: 4.0415 | P@10: 20.0%
2026-03-12 20:30:10,874 [INFO] Epoch 70 | Step 30 | LR: 0.00854 | Loss: 0.7265 | P@10: 50.0%
2026-03-12 20:31:00,771 [INFO] Epoch 70 | Step 40 | LR: 0.00852 | Loss: 4.2119 | P@10: 20.0%
2026-03-12 20:31:54,027 [INFO] Epoch 70 | Step 50 | LR: 0.00851 | Loss: 2.1617 | P@10: 40.0%
2026-03-12 20:32:42,562 [INFO] Epoch 70 | Step 60 | LR: 0.00849 | Loss: 1.1767 | P@10: 50.0%
2026-03-12 20:33:29,054 [INFO] Epoch 70 | Step 70 | LR: 0.00847 | Loss: 0.8205 | P@10: 50.0%
2026-03-12 20:33:52,070 [INFO] --- FIM DA ÉPOCA 70 | Val P@10: 43.684210526315773392980% ---
2026-03-12 20:33:56,888 [INFO] Epoch 71 | Step 0 | LR: 0.00846 | Loss: 1.5685 | P@10: 40.0%
2026-03-12 20:34:45,121 [INFO] Epoch 71 | Step 10 | LR: 0.00845 | Loss: 2.1071 | P@10: 20.0%
2026-03-12 20:35:33,222 [INFO] Epoch 71 | Step 20 | LR: 0.00843 | Loss: 2.2674 | P@10: 30.0%
2026-03-12 20:36:18,506 [INFO] Epoch 71 | Step 30 | LR: 0.00841 | Loss: 3.5124 | P@10: 30.0%
2026-03-12 20:37:16,892 [INFO] Epoch 71 | Step 40 | LR: 0.00839 | Loss: 2.9469 | P@10: 20.0%
2026-03-12 20:38:38,523 [INFO] Epoch 71 | Step 50 | LR: 0.00837 | Loss: 1.7972 | P@10: 50.0%
2026-03-12 20:39:56,711 [INFO] Epoch 71 | Step 60 | LR: 0.00836 | Loss: 1.5372 | P@10: 60.0%
2026-03-12 20:41:11,040 [INFO] Epoch 71 | Step 70 | LR: 0.00834 | Loss: 1.8836 | P@10: 50.0%
2026-03-12 20:41:50,584 [INFO] --- FIM DA ÉPOCA 71 | Val P@10: 41.842105263157883143776% ---
2026-03-12 20:41:58,005 [INFO] Epoch 72 | Step 0 | LR: 0.00833 | Loss: 1.5548 | P@10: 50.0%
2026-03-12 20:43:13,390 [INFO] Epoch 72 | Step 10 | LR: 0.00831 | Loss: 1.9256 | P@10: 40.0%
2026-03-12 20:44:28,917 [INFO] Epoch 72 | Step 20 | LR: 0.00829 | Loss: 3.3696 | P@10: 10.0%
2026-03-12 20:45:43,456 [INFO] Epoch 72 | Step 30 | LR: 0.00828 | Loss: 3.2398 | P@10: 20.0%
2026-03-12 20:46:58,168 [INFO] Epoch 72 | Step 40 | LR: 0.00826 | Loss: 1.9075 | P@10: 50.0%
2026-03-12 20:48:13,428 [INFO] Epoch 72 | Step 50 | LR: 0.00824 | Loss: 1.1083 | P@10: 60.0%
2026-03-12 20:49:27,752 [INFO] Epoch 72 | Step 60 | LR: 0.00822 | Loss: 2.0693 | P@10: 40.0%
2026-03-12 20:50:43,478 [INFO] Epoch 72 | Step 70 | LR: 0.00820 | Loss: 1.1636 | P@10: 50.0%
2026-03-12 20:51:23,727 [INFO] --- FIM DA ÉPOCA 72 | Val P@10: 43.842105263157897354631% ---
2026-03-12 20:51:31,585 [INFO] Epoch 73 | Step 0 | LR: 0.00819 | Loss: 3.0840 | P@10: 10.0%
2026-03-12 20:52:47,846 [INFO] Epoch 73 | Step 10 | LR: 0.00818 | Loss: 2.5871 | P@10: 50.0%
2026-03-12 20:54:05,984 [INFO] Epoch 73 | Step 20 | LR: 0.00816 | Loss: 3.3037 | P@10: 50.0%
2026-03-12 20:55:24,269 [INFO] Epoch 73 | Step 30 | LR: 0.00814 | Loss: 4.2705 | P@10: 50.0%
2026-03-12 20:56:41,313 [INFO] Epoch 73 | Step 40 | LR: 0.00812 | Loss: 1.1831 | P@10: 30.0%
2026-03-12 20:57:54,603 [INFO] Epoch 73 | Step 50 | LR: 0.00810 | Loss: 2.6083 | P@10: 30.0%
2026-03-12 20:59:06,351 [INFO] Epoch 73 | Step 60 | LR: 0.00808 | Loss: 3.0761 | P@10: 30.0%
2026-03-12 21:00:19,935 [INFO] Epoch 73 | Step 70 | LR: 0.00807 | Loss: 1.1285 | P@10: 50.0%
2026-03-12 21:00:59,929 [INFO] --- FIM DA ÉPOCA 73 | Val P@10: 45.263157894736835373806% ---
2026-03-12 21:01:07,700 [INFO] Epoch 74 | Step 0 | LR: 0.00806 | Loss: 5.1467 | P@10: 30.0%
2026-03-12 21:02:25,287 [INFO] Epoch 74 | Step 10 | LR: 0.00804 | Loss: 1.8954 | P@10: 30.0%
2026-03-12 21:03:42,686 [INFO] Epoch 74 | Step 20 | LR: 0.00802 | Loss: 0.4567 | P@10: 60.0%
2026-03-12 21:04:56,454 [INFO] Epoch 74 | Step 30 | LR: 0.00800 | Loss: 4.8027 | P@10: 20.0%
2026-03-12 21:06:06,834 [INFO] Epoch 74 | Step 40 | LR: 0.00798 | Loss: 2.0102 | P@10: 60.0%
2026-03-12 21:07:15,965 [INFO] Epoch 74 | Step 50 | LR: 0.00797 | Loss: 1.2022 | P@10: 60.0%
2026-03-12 21:08:26,080 [INFO] Epoch 74 | Step 60 | LR: 0.00795 | Loss: 6.5813 | P@10: 40.0%
2026-03-12 21:09:37,223 [INFO] Epoch 74 | Step 70 | LR: 0.00793 | Loss: 1.5324 | P@10: 40.0%
2026-03-12 21:10:16,108 [INFO] --- FIM DA ÉPOCA 74 | Val P@10: 44.473684210526307936107% ---
2026-03-12 21:10:23,524 [INFO] Epoch 75 | Step 0 | LR: 0.00792 | Loss: 1.3273 | P@10: 30.0%
2026-03-12 21:11:36,824 [INFO] Epoch 75 | Step 10 | LR: 0.00790 | Loss: 2.0057 | P@10: 30.0%
2026-03-12 21:12:50,942 [INFO] Epoch 75 | Step 20 | LR: 0.00788 | Loss: 3.1535 | P@10: 40.0%
2026-03-12 21:14:05,329 [INFO] Epoch 75 | Step 30 | LR: 0.00786 | Loss: 2.8965 | P@10: 40.0%
2026-03-12 21:15:23,408 [INFO] Epoch 75 | Step 40 | LR: 0.00785 | Loss: 3.3507 | P@10: 20.0%
2026-03-12 21:16:43,871 [INFO] Epoch 75 | Step 50 | LR: 0.00783 | Loss: 2.3099 | P@10: 50.0%
2026-03-12 21:18:02,404 [INFO] Epoch 75 | Step 60 | LR: 0.00781 | Loss: 3.1162 | P@10: 30.0%
2026-03-12 21:19:16,817 [INFO] Epoch 75 | Step 70 | LR: 0.00779 | Loss: 0.9941 | P@10: 70.0%
2026-03-12 21:19:55,109 [INFO] --- FIM DA ÉPOCA 75 | Val P@10: 44.631578947368410581475% ---
2026-03-12 21:20:02,200 [INFO] Epoch 76 | Step 0 | LR: 0.00778 | Loss: 1.7157 | P@10: 60.0%
2026-03-12 21:21:10,897 [INFO] Epoch 76 | Step 10 | LR: 0.00776 | Loss: 2.6183 | P@10: 20.0%
2026-03-12 21:22:19,172 [INFO] Epoch 76 | Step 20 | LR: 0.00774 | Loss: 2.5258 | P@10: 40.0%
2026-03-12 21:23:28,442 [INFO] Epoch 76 | Step 30 | LR: 0.00773 | Loss: 1.0358 | P@10: 40.0%
2026-03-12 21:24:36,013 [INFO] Epoch 76 | Step 40 | LR: 0.00771 | Loss: 4.0916 | P@10: 20.0%
2026-03-12 21:25:41,601 [INFO] Epoch 76 | Step 50 | LR: 0.00769 | Loss: 1.6107 | P@10: 50.0%
2026-03-12 21:26:45,492 [INFO] Epoch 76 | Step 60 | LR: 0.00767 | Loss: 1.8359 | P@10: 20.0%
2026-03-12 21:27:51,739 [INFO] Epoch 76 | Step 70 | LR: 0.00765 | Loss: 2.6716 | P@10: 50.0%
2026-03-12 21:28:28,897 [INFO] --- FIM DA ÉPOCA 76 | Val P@10: 45.315789473684212396165% ---
2026-03-12 21:28:35,632 [INFO] Epoch 77 | Step 0 | LR: 0.00764 | Loss: 3.6318 | P@10: 10.0%
2026-03-12 21:29:43,746 [INFO] Epoch 77 | Step 10 | LR: 0.00762 | Loss: 3.7848 | P@10: 40.0%
2026-03-12 21:30:53,489 [INFO] Epoch 77 | Step 20 | LR: 0.00760 | Loss: 4.4025 | P@10: 40.0%
2026-03-12 21:32:03,349 [INFO] Epoch 77 | Step 30 | LR: 0.00759 | Loss: 1.0186 | P@10: 70.0%
2026-03-12 21:33:14,574 [INFO] Epoch 77 | Step 40 | LR: 0.00757 | Loss: 1.5757 | P@10: 50.0%
2026-03-12 21:34:26,078 [INFO] Epoch 77 | Step 50 | LR: 0.00755 | Loss: 3.8498 | P@10: 40.0%
2026-03-12 21:35:36,298 [INFO] Epoch 77 | Step 60 | LR: 0.00753 | Loss: 1.3169 | P@10: 40.0%
2026-03-12 21:36:47,122 [INFO] Epoch 77 | Step 70 | LR: 0.00751 | Loss: 1.5025 | P@10: 60.0%
2026-03-12 21:37:25,282 [INFO] --- FIM DA ÉPOCA 77 | Val P@10: 45.631578947368417686903% ---
2026-03-12 21:37:32,455 [INFO] Epoch 78 | Step 0 | LR: 0.00750 | Loss: 1.4867 | P@10: 40.0%
2026-03-12 21:38:43,133 [INFO] Epoch 78 | Step 10 | LR: 0.00748 | Loss: 5.3086 | P@10: 40.0%
2026-03-12 21:39:54,429 [INFO] Epoch 78 | Step 20 | LR: 0.00746 | Loss: 2.0299 | P@10: 50.0%
2026-03-12 21:41:06,084 [INFO] Epoch 78 | Step 30 | LR: 0.00744 | Loss: 3.2502 | P@10: 20.0%
2026-03-12 21:42:18,465 [INFO] Epoch 78 | Step 40 | LR: 0.00742 | Loss: 2.6056 | P@10: 30.0%
2026-03-12 21:43:29,522 [INFO] Epoch 78 | Step 50 | LR: 0.00741 | Loss: 1.3034 | P@10: 60.0%
2026-03-12 21:44:40,817 [INFO] Epoch 78 | Step 60 | LR: 0.00739 | Loss: 1.9442 | P@10: 50.0%
2026-03-12 21:45:53,689 [INFO] Epoch 78 | Step 70 | LR: 0.00737 | Loss: 0.8784 | P@10: 60.0%
2026-03-12 21:46:34,571 [INFO] --- FIM DA ÉPOCA 78 | Val P@10: 44.157894736842109750796% ---
2026-03-12 21:46:42,391 [INFO] Epoch 79 | Step 0 | LR: 0.00736 | Loss: 3.8145 | P@10: 20.0%
2026-03-12 21:48:00,024 [INFO] Epoch 79 | Step 10 | LR: 0.00734 | Loss: 2.1984 | P@10: 50.0%
2026-03-12 21:49:17,785 [INFO] Epoch 79 | Step 20 | LR: 0.00732 | Loss: 4.1375 | P@10: 20.0%
2026-03-12 21:50:33,416 [INFO] Epoch 79 | Step 30 | LR: 0.00730 | Loss: 1.4218 | P@10: 50.0%
2026-03-12 21:51:48,657 [INFO] Epoch 79 | Step 40 | LR: 0.00728 | Loss: 4.9012 | P@10: 10.0%
2026-03-12 21:53:02,939 [INFO] Epoch 79 | Step 50 | LR: 0.00726 | Loss: 1.9792 | P@10: 40.0%
2026-03-12 21:54:15,677 [INFO] Epoch 79 | Step 60 | LR: 0.00724 | Loss: 0.5896 | P@10: 60.0%
2026-03-12 21:55:28,285 [INFO] Epoch 79 | Step 70 | LR: 0.00722 | Loss: 2.3400 | P@10: 40.0%
2026-03-12 21:56:07,181 [INFO] --- FIM DA ÉPOCA 79 | Val P@10: 45.894736842105253060708% ---
2026-03-12 21:56:14,579 [INFO] Epoch 80 | Step 0 | LR: 0.00722 | Loss: 1.7241 | P@10: 50.0%
2026-03-12 21:57:27,030 [INFO] Epoch 80 | Step 10 | LR: 0.00720 | Loss: 2.5308 | P@10: 30.0%
2026-03-12 21:58:40,992 [INFO] Epoch 80 | Step 20 | LR: 0.00718 | Loss: 1.9397 | P@10: 30.0%
2026-03-12 21:59:55,707 [INFO] Epoch 80 | Step 30 | LR: 0.00716 | Loss: 1.3871 | P@10: 60.0%
2026-03-12 22:01:13,367 [INFO] Epoch 80 | Step 40 | LR: 0.00714 | Loss: 1.5018 | P@10: 50.0%
2026-03-12 22:02:29,120 [INFO] Epoch 80 | Step 50 | LR: 0.00712 | Loss: 1.7380 | P@10: 40.0%
2026-03-12 22:03:45,336 [INFO] Epoch 80 | Step 60 | LR: 0.00710 | Loss: 2.1731 | P@10: 30.0%
2026-03-12 22:05:02,312 [INFO] Epoch 80 | Step 70 | LR: 0.00708 | Loss: 2.3311 | P@10: 30.0%
2026-03-12 22:05:43,286 [INFO] --- FIM DA ÉPOCA 80 | Val P@10: 44.052631578947362811505% ---
2026-03-12 22:05:51,193 [INFO] Epoch 81 | Step 0 | LR: 0.00707 | Loss: 1.9566 | P@10: 50.0%
2026-03-12 22:07:07,573 [INFO] Epoch 81 | Step 10 | LR: 0.00705 | Loss: 2.2112 | P@10: 40.0%
2026-03-12 22:08:23,419 [INFO] Epoch 81 | Step 20 | LR: 0.00704 | Loss: 1.3584 | P@10: 40.0%
2026-03-12 22:09:37,445 [INFO] Epoch 81 | Step 30 | LR: 0.00702 | Loss: 2.8909 | P@10: 40.0%
2026-03-12 22:10:49,865 [INFO] Epoch 81 | Step 40 | LR: 0.00700 | Loss: 2.3342 | P@10: 40.0%
2026-03-12 22:12:01,506 [INFO] Epoch 81 | Step 50 | LR: 0.00698 | Loss: 1.9429 | P@10: 40.0%
2026-03-12 22:13:14,810 [INFO] Epoch 81 | Step 60 | LR: 0.00696 | Loss: 1.8162 | P@10: 40.0%
2026-03-12 22:14:32,840 [INFO] Epoch 81 | Step 70 | LR: 0.00694 | Loss: 1.0625 | P@10: 30.0%
2026-03-12 22:15:15,381 [INFO] --- FIM DA ÉPOCA 81 | Val P@10: 45.631578947368417686903% ---
2026-03-12 22:15:23,618 [INFO] Epoch 82 | Step 0 | LR: 0.00693 | Loss: 1.5305 | P@10: 60.0%
2026-03-12 22:16:43,901 [INFO] Epoch 82 | Step 10 | LR: 0.00691 | Loss: 2.1251 | P@10: 40.0%
2026-03-12 22:18:01,413 [INFO] Epoch 82 | Step 20 | LR: 0.00689 | Loss: 3.5520 | P@10: 20.0%
2026-03-12 22:19:14,611 [INFO] Epoch 82 | Step 30 | LR: 0.00687 | Loss: 1.5397 | P@10: 40.0%
2026-03-12 22:20:27,479 [INFO] Epoch 82 | Step 40 | LR: 0.00685 | Loss: 2.1179 | P@10: 40.0%
2026-03-12 22:21:39,943 [INFO] Epoch 82 | Step 50 | LR: 0.00683 | Loss: 1.7641 | P@10: 50.0%
2026-03-12 22:22:53,225 [INFO] Epoch 82 | Step 60 | LR: 0.00681 | Loss: 2.2137 | P@10: 30.0%
2026-03-12 22:24:04,488 [INFO] Epoch 82 | Step 70 | LR: 0.00679 | Loss: 1.7713 | P@10: 40.0%
2026-03-12 22:24:42,307 [INFO] --- FIM DA ÉPOCA 82 | Val P@10: 43.789473684210520332272% ---
2026-03-12 22:24:49,646 [INFO] Epoch 83 | Step 0 | LR: 0.00679 | Loss: 1.1339 | P@10: 60.0%
2026-03-12 22:25:59,283 [INFO] Epoch 83 | Step 10 | LR: 0.00677 | Loss: 2.8986 | P@10: 40.0%
2026-03-12 22:27:07,650 [INFO] Epoch 83 | Step 20 | LR: 0.00675 | Loss: 2.5588 | P@10: 30.0%
2026-03-12 22:28:15,597 [INFO] Epoch 83 | Step 30 | LR: 0.00673 | Loss: 1.9144 | P@10: 50.0%
2026-03-12 22:29:25,726 [INFO] Epoch 83 | Step 40 | LR: 0.00671 | Loss: 0.7586 | P@10: 60.0%
2026-03-12 22:30:37,073 [INFO] Epoch 83 | Step 50 | LR: 0.00669 | Loss: 1.4054 | P@10: 50.0%
2026-03-12 22:31:46,368 [INFO] Epoch 83 | Step 60 | LR: 0.00667 | Loss: 2.2606 | P@10: 40.0%
2026-03-12 22:32:56,479 [INFO] Epoch 83 | Step 70 | LR: 0.00665 | Loss: 3.0472 | P@10: 30.0%
2026-03-12 22:33:33,848 [INFO] --- FIM DA ÉPOCA 83 | Val P@10: 47.473684210526315041534% ---
2026-03-12 22:33:33,884 [INFO] 💎 NOVO RECORDE SUPER FORTALEZA: 47.5%
2026-03-12 22:33:40,783 [INFO] Epoch 84 | Step 0 | LR: 0.00664 | Loss: 1.1294 | P@10: 60.0%
2026-03-12 22:34:51,020 [INFO] Epoch 84 | Step 10 | LR: 0.00662 | Loss: 0.9590 | P@10: 60.0%
2026-03-12 22:36:02,029 [INFO] Epoch 84 | Step 20 | LR: 0.00660 | Loss: 0.9340 | P@10: 60.0%
2026-03-12 22:37:14,682 [INFO] Epoch 84 | Step 30 | LR: 0.00658 | Loss: 1.5856 | P@10: 50.0%
2026-03-12 22:38:28,022 [INFO] Epoch 84 | Step 40 | LR: 0.00656 | Loss: 2.3529 | P@10: 20.0%
2026-03-12 22:39:41,068 [INFO] Epoch 84 | Step 50 | LR: 0.00654 | Loss: 2.1577 | P@10: 50.0%
2026-03-12 22:40:51,033 [INFO] Epoch 84 | Step 60 | LR: 0.00652 | Loss: 1.2608 | P@10: 50.0%
2026-03-12 22:41:58,653 [INFO] Epoch 84 | Step 70 | LR: 0.00650 | Loss: 1.8379 | P@10: 50.0%
2026-03-12 22:42:35,526 [INFO] --- FIM DA ÉPOCA 84 | Val P@10: 47.000000000000000000000% ---
2026-03-12 22:42:42,154 [INFO] Epoch 85 | Step 0 | LR: 0.00650 | Loss: 0.7684 | P@10: 60.0%
2026-03-12 22:43:48,824 [INFO] Epoch 85 | Step 10 | LR: 0.00648 | Loss: 1.2440 | P@10: 40.0%
2026-03-12 22:44:57,217 [INFO] Epoch 85 | Step 20 | LR: 0.00646 | Loss: 1.6497 | P@10: 50.0%
2026-03-12 22:46:05,089 [INFO] Epoch 85 | Step 30 | LR: 0.00644 | Loss: 2.0436 | P@10: 40.0%
2026-03-12 22:47:12,968 [INFO] Epoch 85 | Step 40 | LR: 0.00642 | Loss: 1.4966 | P@10: 40.0%
2026-03-12 22:48:19,902 [INFO] Epoch 85 | Step 50 | LR: 0.00640 | Loss: 1.5056 | P@10: 50.0%
2026-03-12 22:49:26,300 [INFO] Epoch 85 | Step 60 | LR: 0.00638 | Loss: 1.6116 | P@10: 40.0%
2026-03-12 22:50:35,243 [INFO] Epoch 85 | Step 70 | LR: 0.00636 | Loss: 2.5431 | P@10: 50.0%
2026-03-12 22:51:13,630 [INFO] --- FIM DA ÉPOCA 85 | Val P@10: 46.000000000000000000000% ---
2026-03-12 22:51:20,893 [INFO] Epoch 86 | Step 0 | LR: 0.00635 | Loss: 1.0833 | P@10: 40.0%
2026-03-12 22:52:33,611 [INFO] Epoch 86 | Step 10 | LR: 0.00633 | Loss: 0.7465 | P@10: 50.0%
2026-03-12 22:53:47,752 [INFO] Epoch 86 | Step 20 | LR: 0.00631 | Loss: 1.9019 | P@10: 40.0%
2026-03-12 22:55:05,564 [INFO] Epoch 86 | Step 30 | LR: 0.00629 | Loss: 1.2634 | P@10: 40.0%
2026-03-12 22:56:25,539 [INFO] Epoch 86 | Step 40 | LR: 0.00627 | Loss: 1.0624 | P@10: 40.0%
2026-03-12 22:57:47,888 [INFO] Epoch 86 | Step 50 | LR: 0.00625 | Loss: 3.5855 | P@10: 20.0%
2026-03-12 22:59:08,333 [INFO] Epoch 86 | Step 60 | LR: 0.00623 | Loss: 2.0915 | P@10: 40.0%
2026-03-12 23:00:27,244 [INFO] Epoch 86 | Step 70 | LR: 0.00621 | Loss: 2.0689 | P@10: 30.0%
2026-03-12 23:01:07,964 [INFO] --- FIM DA ÉPOCA 86 | Val P@10: 46.684210526315780498408% ---
2026-03-12 23:01:15,552 [INFO] Epoch 87 | Step 0 | LR: 0.00620 | Loss: 2.2229 | P@10: 30.0%
2026-03-12 23:02:30,988 [INFO] Epoch 87 | Step 10 | LR: 0.00618 | Loss: 1.5892 | P@10: 40.0%
2026-03-12 23:03:46,498 [INFO] Epoch 87 | Step 20 | LR: 0.00617 | Loss: 2.3283 | P@10: 20.0%
2026-03-12 23:05:02,560 [INFO] Epoch 87 | Step 30 | LR: 0.00615 | Loss: 0.7004 | P@10: 70.0%
2026-03-12 23:06:21,677 [INFO] Epoch 87 | Step 40 | LR: 0.00613 | Loss: 0.8709 | P@10: 70.0%
2026-03-12 23:07:38,390 [INFO] Epoch 87 | Step 50 | LR: 0.00611 | Loss: 1.5294 | P@10: 60.0%
2026-03-12 23:08:46,670 [INFO] Epoch 87 | Step 60 | LR: 0.00609 | Loss: 1.1679 | P@10: 70.0%
2026-03-12 23:10:05,450 [INFO] Epoch 87 | Step 70 | LR: 0.00607 | Loss: 2.3354 | P@10: 30.0%
2026-03-12 23:10:47,415 [INFO] --- FIM DA ÉPOCA 87 | Val P@10: 46.315789473684212396165% ---
2026-03-12 23:10:55,483 [INFO] Epoch 88 | Step 0 | LR: 0.00606 | Loss: 0.9546 | P@10: 50.0%
2026-03-12 23:12:19,504 [INFO] Epoch 88 | Step 10 | LR: 0.00604 | Loss: 1.9503 | P@10: 40.0%
2026-03-12 23:13:44,150 [INFO] Epoch 88 | Step 20 | LR: 0.00602 | Loss: 4.2497 | P@10: 40.0%
2026-03-12 23:15:05,966 [INFO] Epoch 88 | Step 30 | LR: 0.00600 | Loss: 1.3770 | P@10: 50.0%
2026-03-12 23:16:24,410 [INFO] Epoch 88 | Step 40 | LR: 0.00598 | Loss: 2.7485 | P@10: 40.0%
2026-03-12 23:17:42,943 [INFO] Epoch 88 | Step 50 | LR: 0.00596 | Loss: 1.2322 | P@10: 40.0%
2026-03-12 23:19:00,753 [INFO] Epoch 88 | Step 60 | LR: 0.00594 | Loss: 0.9733 | P@10: 60.0%
2026-03-12 23:20:19,469 [INFO] Epoch 88 | Step 70 | LR: 0.00592 | Loss: 3.0629 | P@10: 40.0%
2026-03-12 23:21:00,901 [INFO] --- FIM DA ÉPOCA 88 | Val P@10: 46.684210526315787603835% ---
2026-03-12 23:21:08,890 [INFO] Epoch 89 | Step 0 | LR: 0.00591 | Loss: 0.8291 | P@10: 50.0%
2026-03-12 23:22:28,397 [INFO] Epoch 89 | Step 10 | LR: 0.00589 | Loss: 1.7344 | P@10: 60.0%
2026-03-12 23:23:50,626 [INFO] Epoch 89 | Step 20 | LR: 0.00587 | Loss: 1.0082 | P@10: 30.0%
2026-03-12 23:25:14,249 [INFO] Epoch 89 | Step 30 | LR: 0.00585 | Loss: 2.1558 | P@10: 40.0%
2026-03-12 23:26:35,553 [INFO] Epoch 89 | Step 40 | LR: 0.00583 | Loss: 3.2933 | P@10: 20.0%
2026-03-12 23:27:55,530 [INFO] Epoch 89 | Step 50 | LR: 0.00581 | Loss: 1.4193 | P@10: 40.0%
2026-03-12 23:29:18,572 [INFO] Epoch 89 | Step 60 | LR: 0.00579 | Loss: 1.8030 | P@10: 40.0%
2026-03-12 23:30:43,354 [INFO] Epoch 89 | Step 70 | LR: 0.00577 | Loss: 1.4452 | P@10: 50.0%
2026-03-12 23:31:26,957 [INFO] --- FIM DA ÉPOCA 89 | Val P@10: 45.842105263157890249204% ---
2026-03-12 23:31:35,678 [INFO] Epoch 90 | Step 0 | LR: 0.00577 | Loss: 1.1280 | P@10: 40.0%
2026-03-12 23:33:00,141 [INFO] Epoch 90 | Step 10 | LR: 0.00575 | Loss: 3.6681 | P@10: 40.0%
2026-03-12 23:34:24,054 [INFO] Epoch 90 | Step 20 | LR: 0.00573 | Loss: 0.6295 | P@10: 50.0%
2026-03-12 23:35:53,634 [INFO] Epoch 90 | Step 30 | LR: 0.00571 | Loss: 1.1356 | P@10: 50.0%
2026-03-12 23:37:26,628 [INFO] Epoch 90 | Step 40 | LR: 0.00569 | Loss: 1.2738 | P@10: 40.0%
2026-03-12 23:39:05,303 [INFO] Epoch 90 | Step 50 | LR: 0.00567 | Loss: 0.6523 | P@10: 30.0%
2026-03-12 23:40:44,335 [INFO] Epoch 90 | Step 60 | LR: 0.00565 | Loss: 1.2950 | P@10: 40.0%
2026-03-12 23:42:25,699 [INFO] Epoch 90 | Step 70 | LR: 0.00563 | Loss: 2.1472 | P@10: 30.0%
2026-03-12 23:43:13,938 [INFO] --- FIM DA ÉPOCA 90 | Val P@10: 46.210526315789465456874% ---
2026-03-12 23:43:24,271 [INFO] Epoch 91 | Step 0 | LR: 0.00562 | Loss: 1.7128 | P@10: 30.0%
2026-03-12 23:45:01,694 [INFO] Epoch 91 | Step 10 | LR: 0.00560 | Loss: 1.0390 | P@10: 40.0%
2026-03-12 23:46:36,233 [INFO] Epoch 91 | Step 20 | LR: 0.00558 | Loss: 4.4496 | P@10: 10.0%
2026-03-12 23:48:11,567 [INFO] Epoch 91 | Step 30 | LR: 0.00556 | Loss: 2.2531 | P@10: 40.0%
2026-03-12 23:49:45,933 [INFO] Epoch 91 | Step 40 | LR: 0.00554 | Loss: 2.5004 | P@10: 30.0%
2026-03-12 23:51:13,177 [INFO] Epoch 91 | Step 50 | LR: 0.00552 | Loss: 0.9971 | P@10: 40.0%
2026-03-12 23:52:37,032 [INFO] Epoch 91 | Step 60 | LR: 0.00550 | Loss: 2.9063 | P@10: 30.0%
2026-03-12 23:54:03,849 [INFO] Epoch 91 | Step 70 | LR: 0.00548 | Loss: 1.9443 | P@10: 30.0%
2026-03-12 23:54:47,075 [INFO] --- FIM DA ÉPOCA 91 | Val P@10: 46.105263157894732728437% ---
2026-03-12 23:54:56,459 [INFO] Epoch 92 | Step 0 | LR: 0.00548 | Loss: 5.2455 | P@10: 40.0%
2026-03-12 23:56:31,510 [INFO] Epoch 92 | Step 10 | LR: 0.00546 | Loss: 3.0177 | P@10: 30.0%
2026-03-12 23:58:17,585 [INFO] Epoch 92 | Step 20 | LR: 0.00544 | Loss: 1.4869 | P@10: 50.0%
2026-03-13 00:00:02,642 [INFO] Epoch 92 | Step 30 | LR: 0.00542 | Loss: 5.7765 | P@10: 10.0%
2026-03-13 00:01:48,168 [INFO] Epoch 92 | Step 40 | LR: 0.00540 | Loss: 0.7707 | P@10: 70.0%
2026-03-13 00:03:33,409 [INFO] Epoch 92 | Step 50 | LR: 0.00538 | Loss: 1.5473 | P@10: 50.0%
2026-03-13 00:05:18,344 [INFO] Epoch 92 | Step 60 | LR: 0.00536 | Loss: 1.4475 | P@10: 50.0%
2026-03-13 00:07:03,610 [INFO] Epoch 92 | Step 70 | LR: 0.00534 | Loss: 1.6094 | P@10: 50.0%
2026-03-13 00:07:54,188 [INFO] --- FIM DA ÉPOCA 92 | Val P@10: 47.052631578947377022359% ---
2026-03-13 00:08:04,757 [INFO] Epoch 93 | Step 0 | LR: 0.00533 | Loss: 1.6668 | P@10: 40.0%
2026-03-13 00:09:48,826 [INFO] Epoch 93 | Step 10 | LR: 0.00531 | Loss: 3.9946 | P@10: 10.0%
2026-03-13 00:11:35,541 [INFO] Epoch 93 | Step 20 | LR: 0.00529 | Loss: 0.9545 | P@10: 50.0%
2026-03-13 00:13:20,429 [INFO] Epoch 93 | Step 30 | LR: 0.00527 | Loss: 2.6089 | P@10: 20.0%
2026-03-13 00:15:01,702 [INFO] Epoch 93 | Step 40 | LR: 0.00525 | Loss: 1.7633 | P@10: 50.0%
2026-03-13 00:16:37,326 [INFO] Epoch 93 | Step 50 | LR: 0.00523 | Loss: 1.1253 | P@10: 50.0%
2026-03-13 00:18:16,065 [INFO] Epoch 93 | Step 60 | LR: 0.00521 | Loss: 2.0258 | P@10: 50.0%
2026-03-13 00:19:52,491 [INFO] Epoch 93 | Step 70 | LR: 0.00519 | Loss: 3.0508 | P@10: 30.0%
2026-03-13 00:20:39,965 [INFO] --- FIM DA ÉPOCA 93 | Val P@10: 47.210526315789472562301% ---
2026-03-13 00:20:49,922 [INFO] Epoch 94 | Step 0 | LR: 0.00519 | Loss: 0.9817 | P@10: 70.0%
2026-03-13 00:22:29,536 [INFO] Epoch 94 | Step 10 | LR: 0.00517 | Loss: 1.1940 | P@10: 40.0%
2026-03-13 00:24:08,452 [INFO] Epoch 94 | Step 20 | LR: 0.00515 | Loss: 2.2132 | P@10: 60.0%
2026-03-13 00:25:51,324 [INFO] Epoch 94 | Step 30 | LR: 0.00513 | Loss: 1.8181 | P@10: 50.0%
2026-03-13 00:27:32,482 [INFO] Epoch 94 | Step 40 | LR: 0.00511 | Loss: 3.4444 | P@10: 30.0%
2026-03-13 00:29:09,701 [INFO] Epoch 94 | Step 50 | LR: 0.00509 | Loss: 5.3744 | P@10: 40.0%
2026-03-13 00:30:46,906 [INFO] Epoch 94 | Step 60 | LR: 0.00507 | Loss: 3.0205 | P@10: 30.0%
2026-03-13 00:32:25,305 [INFO] Epoch 94 | Step 70 | LR: 0.00505 | Loss: 5.4592 | P@10: 10.0%
2026-03-13 00:33:13,073 [INFO] --- FIM DA ÉPOCA 94 | Val P@10: 47.315789473684205290738% ---
2026-03-13 00:33:23,259 [INFO] Epoch 95 | Step 0 | LR: 0.00504 | Loss: 1.1571 | P@10: 80.0%
2026-03-13 00:35:01,971 [INFO] Epoch 95 | Step 10 | LR: 0.00502 | Loss: 1.7980 | P@10: 30.0%
2026-03-13 00:36:39,352 [INFO] Epoch 95 | Step 20 | LR: 0.00500 | Loss: 0.6504 | P@10: 50.0%
2026-03-13 00:38:18,148 [INFO] Epoch 95 | Step 30 | LR: 0.00498 | Loss: 3.1492 | P@10: 30.0%
2026-03-13 00:39:56,798 [INFO] Epoch 95 | Step 40 | LR: 0.00496 | Loss: 0.9080 | P@10: 70.0%
2026-03-13 00:41:37,535 [INFO] Epoch 95 | Step 50 | LR: 0.00494 | Loss: 2.0678 | P@10: 30.0%
2026-03-13 00:43:22,727 [INFO] Epoch 95 | Step 60 | LR: 0.00493 | Loss: 1.5397 | P@10: 40.0%
2026-03-13 00:45:05,100 [INFO] Epoch 95 | Step 70 | LR: 0.00491 | Loss: 1.6420 | P@10: 50.0%
2026-03-13 00:45:52,605 [INFO] --- FIM DA ÉPOCA 95 | Val P@10: 46.789473684210527437699% ---
2026-03-13 00:46:02,257 [INFO] Epoch 96 | Step 0 | LR: 0.00490 | Loss: 2.0309 | P@10: 50.0%
2026-03-13 00:47:36,025 [INFO] Epoch 96 | Step 10 | LR: 0.00488 | Loss: 1.4912 | P@10: 40.0%
2026-03-13 00:49:07,046 [INFO] Epoch 96 | Step 20 | LR: 0.00486 | Loss: 2.5241 | P@10: 20.0%
2026-03-13 00:50:35,627 [INFO] Epoch 96 | Step 30 | LR: 0.00484 | Loss: 2.5901 | P@10: 50.0%
2026-03-13 00:52:02,111 [INFO] Epoch 96 | Step 40 | LR: 0.00482 | Loss: 0.9628 | P@10: 50.0%
2026-03-13 00:53:28,566 [INFO] Epoch 96 | Step 50 | LR: 0.00480 | Loss: 1.0744 | P@10: 30.0%
2026-03-13 00:54:56,207 [INFO] Epoch 96 | Step 60 | LR: 0.00478 | Loss: 1.5739 | P@10: 50.0%
2026-03-13 00:56:25,958 [INFO] Epoch 96 | Step 70 | LR: 0.00476 | Loss: 2.5555 | P@10: 50.0%
2026-03-13 00:57:11,142 [INFO] --- FIM DA ÉPOCA 96 | Val P@10: 46.157894736842095539942% ---
2026-03-13 00:57:20,322 [INFO] Epoch 97 | Step 0 | LR: 0.00475 | Loss: 1.9185 | P@10: 30.0%
2026-03-13 00:58:50,724 [INFO] Epoch 97 | Step 10 | LR: 0.00474 | Loss: 2.0545 | P@10: 60.0%
2026-03-13 01:00:22,272 [INFO] Epoch 97 | Step 20 | LR: 0.00472 | Loss: 2.6997 | P@10: 40.0%
2026-03-13 01:01:55,689 [INFO] Epoch 97 | Step 30 | LR: 0.00470 | Loss: 1.9820 | P@10: 50.0%
2026-03-13 01:03:29,276 [INFO] Epoch 97 | Step 40 | LR: 0.00468 | Loss: 2.1947 | P@10: 20.0%
2026-03-13 01:05:02,151 [INFO] Epoch 97 | Step 50 | LR: 0.00466 | Loss: 1.1427 | P@10: 40.0%
2026-03-13 01:06:36,897 [INFO] Epoch 97 | Step 60 | LR: 0.00464 | Loss: 0.5177 | P@10: 70.0%
2026-03-13 01:08:10,456 [INFO] Epoch 97 | Step 70 | LR: 0.00462 | Loss: 1.3754 | P@10: 50.0%
2026-03-13 01:08:54,770 [INFO] --- FIM DA ÉPOCA 97 | Val P@10: 45.157894736842095539942% ---
2026-03-13 01:09:04,039 [INFO] Epoch 98 | Step 0 | LR: 0.00461 | Loss: 1.0911 | P@10: 60.0%
2026-03-13 01:10:35,762 [INFO] Epoch 98 | Step 10 | LR: 0.00459 | Loss: 0.7417 | P@10: 50.0%
2026-03-13 01:12:07,573 [INFO] Epoch 98 | Step 20 | LR: 0.00457 | Loss: 3.3112 | P@10: 40.0%
2026-03-13 01:13:38,308 [INFO] Epoch 98 | Step 30 | LR: 0.00456 | Loss: 1.3765 | P@10: 50.0%
2026-03-13 01:15:11,068 [INFO] Epoch 98 | Step 40 | LR: 0.00454 | Loss: 1.6271 | P@10: 40.0%
2026-03-13 01:16:43,532 [INFO] Epoch 98 | Step 50 | LR: 0.00452 | Loss: 1.0977 | P@10: 40.0%
2026-03-13 01:18:16,212 [INFO] Epoch 98 | Step 60 | LR: 0.00450 | Loss: 1.2378 | P@10: 40.0%
2026-03-13 01:19:48,992 [INFO] Epoch 98 | Step 70 | LR: 0.00448 | Loss: 2.9277 | P@10: 10.0%
2026-03-13 01:20:33,592 [INFO] --- FIM DA ÉPOCA 98 | Val P@10: 45.105263157894732728437% ---
2026-03-13 01:20:42,932 [INFO] Epoch 99 | Step 0 | LR: 0.00447 | Loss: 2.1295 | P@10: 40.0%
2026-03-13 01:22:16,109 [INFO] Epoch 99 | Step 10 | LR: 0.00445 | Loss: 2.9698 | P@10: 40.0%
2026-03-13 01:23:51,845 [INFO] Epoch 99 | Step 20 | LR: 0.00443 | Loss: 2.2024 | P@10: 30.0%
2026-03-13 01:25:26,656 [INFO] Epoch 99 | Step 30 | LR: 0.00441 | Loss: 2.1452 | P@10: 40.0%
2026-03-13 01:27:02,972 [INFO] Epoch 99 | Step 40 | LR: 0.00440 | Loss: 1.8708 | P@10: 40.0%
2026-03-13 01:28:38,934 [INFO] Epoch 99 | Step 50 | LR: 0.00438 | Loss: 1.3001 | P@10: 60.0%
2026-03-13 01:30:14,296 [INFO] Epoch 99 | Step 60 | LR: 0.00436 | Loss: 1.7914 | P@10: 30.0%
2026-03-13 01:31:49,064 [INFO] Epoch 99 | Step 70 | LR: 0.00434 | Loss: 2.4952 | P@10: 40.0%
2026-03-13 01:32:35,204 [INFO] --- FIM DA ÉPOCA 99 | Val P@10: 45.736842105263150415340% ---
2026-03-13 01:32:44,624 [INFO] Epoch 100 | Step 0 | LR: 0.00433 | Loss: 2.4386 | P@10: 50.0%
2026-03-13 01:34:23,140 [INFO] Epoch 100 | Step 10 | LR: 0.00431 | Loss: 0.4104 | P@10: 60.0%
2026-03-13 01:36:02,163 [INFO] Epoch 100 | Step 20 | LR: 0.00429 | Loss: 2.7666 | P@10: 40.0%
2026-03-13 01:37:42,279 [INFO] Epoch 100 | Step 30 | LR: 0.00427 | Loss: 2.4253 | P@10: 40.0%
2026-03-13 01:39:20,879 [INFO] Epoch 100 | Step 40 | LR: 0.00425 | Loss: 1.2390 | P@10: 70.0%
2026-03-13 01:40:56,156 [INFO] Epoch 100 | Step 50 | LR: 0.00424 | Loss: 2.9115 | P@10: 30.0%
2026-03-13 01:42:32,554 [INFO] Epoch 100 | Step 60 | LR: 0.00422 | Loss: 0.8804 | P@10: 70.0%
2026-03-13 01:44:09,104 [INFO] Epoch 100 | Step 70 | LR: 0.00420 | Loss: 4.0313 | P@10: 10.0%
2026-03-13 01:44:55,929 [INFO] --- FIM DA ÉPOCA 100 | Val P@10: 46.263157894736842479233% ---
2026-03-13 01:45:05,364 [INFO] Epoch 101 | Step 0 | LR: 0.00419 | Loss: 2.1016 | P@10: 40.0%
2026-03-13 01:46:42,787 [INFO] Epoch 101 | Step 10 | LR: 0.00417 | Loss: 1.7305 | P@10: 50.0%
2026-03-13 01:48:21,836 [INFO] Epoch 101 | Step 20 | LR: 0.00415 | Loss: 0.9891 | P@10: 60.0%
2026-03-13 01:50:01,088 [INFO] Epoch 101 | Step 30 | LR: 0.00413 | Loss: 1.7212 | P@10: 40.0%
2026-03-13 01:51:42,260 [INFO] Epoch 101 | Step 40 | LR: 0.00412 | Loss: 3.8405 | P@10: 50.0%
2026-03-13 01:53:23,111 [INFO] Epoch 101 | Step 50 | LR: 0.00410 | Loss: 5.0178 | P@10: 30.0%
2026-03-13 01:55:04,564 [INFO] Epoch 101 | Step 60 | LR: 0.00408 | Loss: 1.4525 | P@10: 40.0%
2026-03-13 01:56:49,412 [INFO] Epoch 101 | Step 70 | LR: 0.00406 | Loss: 3.8230 | P@10: 0.0%
2026-03-13 01:57:38,615 [INFO] --- FIM DA ÉPOCA 101 | Val P@10: 44.421052631578952230029% ---
2026-03-13 01:57:48,943 [INFO] Epoch 102 | Step 0 | LR: 0.00405 | Loss: 3.5607 | P@10: 40.0%
2026-03-13 01:59:32,562 [INFO] Epoch 102 | Step 10 | LR: 0.00403 | Loss: 3.5076 | P@10: 50.0%
2026-03-13 02:01:15,506 [INFO] Epoch 102 | Step 20 | LR: 0.00402 | Loss: 1.1937 | P@10: 50.0%
2026-03-13 02:02:57,432 [INFO] Epoch 102 | Step 30 | LR: 0.00400 | Loss: 0.8392 | P@10: 50.0%
2026-03-13 02:04:38,729 [INFO] Epoch 102 | Step 40 | LR: 0.00398 | Loss: 5.3624 | P@10: 40.0%
2026-03-13 02:06:20,029 [INFO] Epoch 102 | Step 50 | LR: 0.00396 | Loss: 2.8878 | P@10: 30.0%
2026-03-13 02:08:00,950 [INFO] Epoch 102 | Step 60 | LR: 0.00394 | Loss: 0.6853 | P@10: 60.0%
2026-03-13 02:09:44,108 [INFO] Epoch 102 | Step 70 | LR: 0.00392 | Loss: 1.5190 | P@10: 40.0%
2026-03-13 02:10:34,292 [INFO] --- FIM DA ÉPOCA 102 | Val P@10: 46.263157894736842479233% ---
2026-03-13 02:10:44,953 [INFO] Epoch 103 | Step 0 | LR: 0.00392 | Loss: 2.7392 | P@10: 40.0%
2026-03-13 02:12:30,714 [INFO] Epoch 103 | Step 10 | LR: 0.00390 | Loss: 2.1048 | P@10: 50.0%
2026-03-13 02:14:17,685 [INFO] Epoch 103 | Step 20 | LR: 0.00388 | Loss: 3.3185 | P@10: 40.0%
2026-03-13 02:16:05,490 [INFO] Epoch 103 | Step 30 | LR: 0.00386 | Loss: 1.1322 | P@10: 50.0%
2026-03-13 02:17:53,526 [INFO] Epoch 103 | Step 40 | LR: 0.00384 | Loss: 1.1220 | P@10: 60.0%
2026-03-13 02:19:43,451 [INFO] Epoch 103 | Step 50 | LR: 0.00382 | Loss: 1.1843 | P@10: 50.0%
2026-03-13 02:21:32,134 [INFO] Epoch 103 | Step 60 | LR: 0.00380 | Loss: 4.8330 | P@10: 40.0%
2026-03-13 02:23:18,538 [INFO] Epoch 103 | Step 70 | LR: 0.00379 | Loss: 1.7604 | P@10: 50.0%
2026-03-13 02:24:08,549 [INFO] --- FIM DA ÉPOCA 103 | Val P@10: 46.368421052631575207670% ---
2026-03-13 02:24:18,941 [INFO] Epoch 104 | Step 0 | LR: 0.00378 | Loss: 0.8141 | P@10: 60.0%
2026-03-13 02:26:05,299 [INFO] Epoch 104 | Step 10 | LR: 0.00376 | Loss: 1.4752 | P@10: 60.0%
2026-03-13 02:27:52,525 [INFO] Epoch 104 | Step 20 | LR: 0.00374 | Loss: 2.0788 | P@10: 20.0%
2026-03-13 02:29:42,968 [INFO] Epoch 104 | Step 30 | LR: 0.00372 | Loss: 2.3059 | P@10: 50.0%
2026-03-13 02:31:33,076 [INFO] Epoch 104 | Step 40 | LR: 0.00371 | Loss: 1.3931 | P@10: 50.0%
2026-03-13 02:33:24,921 [INFO] Epoch 104 | Step 50 | LR: 0.00369 | Loss: 0.6161 | P@10: 60.0%
2026-03-13 02:35:16,640 [INFO] Epoch 104 | Step 60 | LR: 0.00367 | Loss: 1.5173 | P@10: 20.0%
2026-03-13 02:37:08,818 [INFO] Epoch 104 | Step 70 | LR: 0.00365 | Loss: 2.7261 | P@10: 30.0%
2026-03-13 02:38:02,618 [INFO] --- FIM DA ÉPOCA 104 | Val P@10: 47.157894736842102645369% ---
2026-03-13 02:38:14,036 [INFO] Epoch 105 | Step 0 | LR: 0.00364 | Loss: 0.6699 | P@10: 60.0%
2026-03-13 02:40:06,057 [INFO] Epoch 105 | Step 10 | LR: 0.00363 | Loss: 1.5447 | P@10: 30.0%
2026-03-13 02:41:55,935 [INFO] Epoch 105 | Step 20 | LR: 0.00361 | Loss: 2.1873 | P@10: 30.0%
2026-03-13 02:43:45,245 [INFO] Epoch 105 | Step 30 | LR: 0.00359 | Loss: 1.2701 | P@10: 40.0%
2026-03-13 02:45:34,978 [INFO] Epoch 105 | Step 40 | LR: 0.00357 | Loss: 0.5458 | P@10: 50.0%
2026-03-13 02:47:22,162 [INFO] Epoch 105 | Step 50 | LR: 0.00355 | Loss: 2.2399 | P@10: 20.0%
2026-03-13 02:49:07,863 [INFO] Epoch 105 | Step 60 | LR: 0.00354 | Loss: 0.9582 | P@10: 50.0%
2026-03-13 02:50:50,761 [INFO] Epoch 105 | Step 70 | LR: 0.00352 | Loss: 1.6053 | P@10: 40.0%
2026-03-13 02:51:39,868 [INFO] --- FIM DA ÉPOCA 105 | Val P@10: 47.000000000000000000000% ---
2026-03-13 02:51:50,080 [INFO] Epoch 106 | Step 0 | LR: 0.00351 | Loss: 2.6601 | P@10: 50.0%
2026-03-13 02:53:33,267 [INFO] Epoch 106 | Step 10 | LR: 0.00349 | Loss: 2.5392 | P@10: 40.0%
2026-03-13 02:55:13,725 [INFO] Epoch 106 | Step 20 | LR: 0.00347 | Loss: 0.8205 | P@10: 50.0%
2026-03-13 02:56:55,027 [INFO] Epoch 106 | Step 30 | LR: 0.00346 | Loss: 2.7313 | P@10: 20.0%
2026-03-13 02:58:38,698 [INFO] Epoch 106 | Step 40 | LR: 0.00344 | Loss: 3.4384 | P@10: 10.0%
2026-03-13 03:00:23,952 [INFO] Epoch 106 | Step 50 | LR: 0.00342 | Loss: 1.1635 | P@10: 40.0%
2026-03-13 03:02:09,286 [INFO] Epoch 106 | Step 60 | LR: 0.00340 | Loss: 2.8647 | P@10: 30.0%
2026-03-13 03:03:54,932 [INFO] Epoch 106 | Step 70 | LR: 0.00339 | Loss: 1.4849 | P@10: 40.0%
2026-03-13 03:04:44,606 [INFO] --- FIM DA ÉPOCA 106 | Val P@10: 46.263157894736842479233% ---
2026-03-13 03:04:55,372 [INFO] Epoch 107 | Step 0 | LR: 0.00338 | Loss: 2.0429 | P@10: 40.0%
2026-03-13 03:06:44,189 [INFO] Epoch 107 | Step 10 | LR: 0.00336 | Loss: 1.4386 | P@10: 40.0%
2026-03-13 03:08:36,237 [INFO] Epoch 107 | Step 20 | LR: 0.00334 | Loss: 1.0245 | P@10: 50.0%
2026-03-13 03:10:29,352 [INFO] Epoch 107 | Step 30 | LR: 0.00333 | Loss: 1.5448 | P@10: 50.0%
2026-03-13 03:12:22,893 [INFO] Epoch 107 | Step 40 | LR: 0.00331 | Loss: 1.5242 | P@10: 50.0%
2026-03-13 03:14:12,426 [INFO] Epoch 107 | Step 50 | LR: 0.00329 | Loss: 1.4323 | P@10: 50.0%
2026-03-13 03:16:01,343 [INFO] Epoch 107 | Step 60 | LR: 0.00327 | Loss: 2.3983 | P@10: 30.0%
2026-03-13 03:17:49,400 [INFO] Epoch 107 | Step 70 | LR: 0.00326 | Loss: 1.9247 | P@10: 40.0%
2026-03-13 03:18:41,224 [INFO] --- FIM DA ÉPOCA 107 | Val P@10: 48.578947368421047769971% ---
2026-03-13 03:18:41,251 [INFO] 💎 NOVO RECORDE SUPER FORTALEZA: 48.6%
2026-03-13 03:18:52,337 [INFO] Epoch 108 | Step 0 | LR: 0.00325 | Loss: 1.9413 | P@10: 50.0%
2026-03-13 03:20:41,047 [INFO] Epoch 108 | Step 10 | LR: 0.00323 | Loss: 1.1527 | P@10: 60.0%
2026-03-13 03:22:33,246 [INFO] Epoch 108 | Step 20 | LR: 0.00321 | Loss: 2.1682 | P@10: 30.0%
2026-03-13 03:24:22,561 [INFO] Epoch 108 | Step 30 | LR: 0.00320 | Loss: 0.5826 | P@10: 50.0%
2026-03-13 03:26:11,883 [INFO] Epoch 108 | Step 40 | LR: 0.00318 | Loss: 1.1861 | P@10: 40.0%
2026-03-13 03:27:59,093 [INFO] Epoch 108 | Step 50 | LR: 0.00316 | Loss: 1.1803 | P@10: 30.0%
2026-03-13 03:29:45,032 [INFO] Epoch 108 | Step 60 | LR: 0.00314 | Loss: 3.0041 | P@10: 20.0%
2026-03-13 03:31:28,652 [INFO] Epoch 108 | Step 70 | LR: 0.00313 | Loss: 1.0170 | P@10: 50.0%
2026-03-13 03:32:17,395 [INFO] --- FIM DA ÉPOCA 108 | Val P@10: 46.263157894736842479233% ---
2026-03-13 03:32:28,158 [INFO] Epoch 109 | Step 0 | LR: 0.00312 | Loss: 1.5058 | P@10: 30.0%
2026-03-13 03:34:12,038 [INFO] Epoch 109 | Step 10 | LR: 0.00310 | Loss: 1.4957 | P@10: 40.0%
2026-03-13 03:36:01,552 [INFO] Epoch 109 | Step 20 | LR: 0.00308 | Loss: 2.2591 | P@10: 30.0%
2026-03-13 03:37:52,810 [INFO] Epoch 109 | Step 30 | LR: 0.00307 | Loss: 1.2073 | P@10: 60.0%
2026-03-13 03:39:44,355 [INFO] Epoch 109 | Step 40 | LR: 0.00305 | Loss: 1.1794 | P@10: 50.0%
2026-03-13 03:41:36,334 [INFO] Epoch 109 | Step 50 | LR: 0.00303 | Loss: 1.7453 | P@10: 50.0%
2026-03-13 03:43:29,593 [INFO] Epoch 109 | Step 60 | LR: 0.00302 | Loss: 1.1938 | P@10: 40.0%
2026-03-13 03:45:20,729 [INFO] Epoch 109 | Step 70 | LR: 0.00300 | Loss: 0.4484 | P@10: 70.0%
2026-03-13 03:46:11,116 [INFO] --- FIM DA ÉPOCA 109 | Val P@10: 45.947368421052622977641% ---
2026-03-13 03:46:22,264 [INFO] Epoch 110 | Step 0 | LR: 0.00299 | Loss: 0.3488 | P@10: 70.0%
2026-03-13 03:48:09,832 [INFO] Epoch 110 | Step 10 | LR: 0.00298 | Loss: 0.4889 | P@10: 60.0%
2026-03-13 03:49:55,659 [INFO] Epoch 110 | Step 20 | LR: 0.00296 | Loss: 1.8917 | P@10: 40.0%
2026-03-13 03:51:42,621 [INFO] Epoch 110 | Step 30 | LR: 0.00294 | Loss: 3.2648 | P@10: 40.0%
2026-03-13 03:53:26,550 [INFO] Epoch 110 | Step 40 | LR: 0.00292 | Loss: 2.1799 | P@10: 30.0%
2026-03-13 03:55:08,506 [INFO] Epoch 110 | Step 50 | LR: 0.00291 | Loss: 2.7462 | P@10: 40.0%
2026-03-13 03:56:46,837 [INFO] Epoch 110 | Step 60 | LR: 0.00289 | Loss: 1.6639 | P@10: 50.0%
2026-03-13 03:58:24,914 [INFO] Epoch 110 | Step 70 | LR: 0.00287 | Loss: 2.2942 | P@10: 30.0%
2026-03-13 03:59:11,838 [INFO] --- FIM DA ÉPOCA 110 | Val P@10: 46.421052631578938019175% ---
2026-03-13 03:59:21,701 [INFO] Epoch 111 | Step 0 | LR: 0.00287 | Loss: 1.0501 | P@10: 60.0%
2026-03-13 04:01:01,437 [INFO] Epoch 111 | Step 10 | LR: 0.00285 | Loss: 1.1751 | P@10: 50.0%
2026-03-13 04:02:42,187 [INFO] Epoch 111 | Step 20 | LR: 0.00283 | Loss: 2.2825 | P@10: 30.0%
2026-03-13 04:04:24,559 [INFO] Epoch 111 | Step 30 | LR: 0.00282 | Loss: 1.9090 | P@10: 40.0%
2026-03-13 04:06:05,829 [INFO] Epoch 111 | Step 40 | LR: 0.00280 | Loss: 1.6082 | P@10: 40.0%
2026-03-13 04:07:45,329 [INFO] Epoch 111 | Step 50 | LR: 0.00278 | Loss: 1.6372 | P@10: 30.0%
2026-03-13 04:09:23,277 [INFO] Epoch 111 | Step 60 | LR: 0.00277 | Loss: 1.7942 | P@10: 40.0%
2026-03-13 04:11:01,737 [INFO] Epoch 111 | Step 70 | LR: 0.00275 | Loss: 1.8068 | P@10: 60.0%
2026-03-13 04:11:47,417 [INFO] --- FIM DA ÉPOCA 111 | Val P@10: 47.631578947368417686903% ---
2026-03-13 04:11:56,964 [INFO] Epoch 112 | Step 0 | LR: 0.00274 | Loss: 1.9586 | P@10: 30.0%
2026-03-13 04:13:32,016 [INFO] Epoch 112 | Step 10 | LR: 0.00273 | Loss: 2.2025 | P@10: 40.0%
2026-03-13 04:15:09,507 [INFO] Epoch 112 | Step 20 | LR: 0.00271 | Loss: 2.0636 | P@10: 20.0%
2026-03-13 04:16:48,448 [INFO] Epoch 112 | Step 30 | LR: 0.00269 | Loss: 0.7050 | P@10: 60.0%
2026-03-13 04:18:20,387 [INFO] Epoch 112 | Step 40 | LR: 0.00268 | Loss: 1.6166 | P@10: 20.0%
2026-03-13 04:19:47,681 [INFO] Epoch 112 | Step 50 | LR: 0.00266 | Loss: 1.1539 | P@10: 40.0%
2026-03-13 04:21:14,609 [INFO] Epoch 112 | Step 60 | LR: 0.00264 | Loss: 2.3281 | P@10: 40.0%
2026-03-13 04:22:43,517 [INFO] Epoch 112 | Step 70 | LR: 0.00263 | Loss: 1.8514 | P@10: 40.0%
2026-03-13 04:23:28,210 [INFO] --- FIM DA ÉPOCA 112 | Val P@10: 47.052631578947355706077% ---
2026-03-13 04:23:37,308 [INFO] Epoch 113 | Step 0 | LR: 0.00262 | Loss: 0.7176 | P@10: 60.0%
2026-03-13 04:25:08,179 [INFO] Epoch 113 | Step 10 | LR: 0.00261 | Loss: 2.2481 | P@10: 50.0%
2026-03-13 04:26:39,822 [INFO] Epoch 113 | Step 20 | LR: 0.00259 | Loss: 3.2491 | P@10: 30.0%
2026-03-13 04:28:12,573 [INFO] Epoch 113 | Step 30 | LR: 0.00257 | Loss: 2.1273 | P@10: 30.0%
2026-03-13 04:29:45,058 [INFO] Epoch 113 | Step 40 | LR: 0.00256 | Loss: 2.5908 | P@10: 40.0%
2026-03-13 04:31:18,297 [INFO] Epoch 113 | Step 50 | LR: 0.00254 | Loss: 1.0290 | P@10: 60.0%
2026-03-13 04:32:52,724 [INFO] Epoch 113 | Step 60 | LR: 0.00252 | Loss: 2.1061 | P@10: 50.0%
2026-03-13 04:34:28,000 [INFO] Epoch 113 | Step 70 | LR: 0.00251 | Loss: 7.0154 | P@10: 30.0%
2026-03-13 04:35:14,096 [INFO] --- FIM DA ÉPOCA 113 | Val P@10: 46.315789473684212396165% ---
2026-03-13 04:35:23,649 [INFO] Epoch 114 | Step 0 | LR: 0.00250 | Loss: 6.0396 | P@10: 40.0%
2026-03-13 04:36:59,383 [INFO] Epoch 114 | Step 10 | LR: 0.00249 | Loss: 0.5675 | P@10: 60.0%
2026-03-13 04:38:35,182 [INFO] Epoch 114 | Step 20 | LR: 0.00247 | Loss: 1.7820 | P@10: 30.0%
2026-03-13 04:40:10,887 [INFO] Epoch 114 | Step 30 | LR: 0.00245 | Loss: 1.9435 | P@10: 40.0%
2026-03-13 04:41:45,790 [INFO] Epoch 114 | Step 40 | LR: 0.00244 | Loss: 0.7355 | P@10: 30.0%
2026-03-13 04:43:21,155 [INFO] Epoch 114 | Step 50 | LR: 0.00242 | Loss: 2.1617 | P@10: 40.0%
2026-03-13 04:44:56,865 [INFO] Epoch 114 | Step 60 | LR: 0.00241 | Loss: 2.9766 | P@10: 50.0%
2026-03-13 04:46:33,388 [INFO] Epoch 114 | Step 70 | LR: 0.00239 | Loss: 3.0889 | P@10: 30.0%
2026-03-13 04:47:18,983 [INFO] --- FIM DA ÉPOCA 114 | Val P@10: 48.210526315789472562301% ---
2026-03-13 04:47:28,352 [INFO] Epoch 115 | Step 0 | LR: 0.00239 | Loss: 0.8623 | P@10: 50.0%
2026-03-13 04:49:00,788 [INFO] Epoch 115 | Step 10 | LR: 0.00237 | Loss: 0.9073 | P@10: 40.0%
2026-03-13 04:50:30,604 [INFO] Epoch 115 | Step 20 | LR: 0.00235 | Loss: 0.5632 | P@10: 60.0%
2026-03-13 04:51:59,414 [INFO] Epoch 115 | Step 30 | LR: 0.00234 | Loss: 0.2491 | P@10: 50.0%
2026-03-13 04:53:28,177 [INFO] Epoch 115 | Step 40 | LR: 0.00232 | Loss: 1.8130 | P@10: 30.0%
2026-03-13 04:54:58,971 [INFO] Epoch 115 | Step 50 | LR: 0.00231 | Loss: 0.5566 | P@10: 50.0%
2026-03-13 04:56:31,501 [INFO] Epoch 115 | Step 60 | LR: 0.00229 | Loss: 0.9408 | P@10: 60.0%
2026-03-13 04:58:06,628 [INFO] Epoch 115 | Step 70 | LR: 0.00228 | Loss: 0.9171 | P@10: 70.0%
2026-03-13 04:58:54,213 [INFO] --- FIM DA ÉPOCA 115 | Val P@10: 47.947368421052630083068% ---
2026-03-13 04:59:04,363 [INFO] Epoch 116 | Step 0 | LR: 0.00227 | Loss: 1.4625 | P@10: 30.0%
2026-03-13 05:00:42,512 [INFO] Epoch 116 | Step 10 | LR: 0.00225 | Loss: 3.2874 | P@10: 20.0%
2026-03-13 05:02:21,429 [INFO] Epoch 116 | Step 20 | LR: 0.00224 | Loss: 3.0765 | P@10: 30.0%
2026-03-13 05:03:57,181 [INFO] Epoch 116 | Step 30 | LR: 0.00222 | Loss: 1.9047 | P@10: 60.0%
2026-03-13 05:05:32,709 [INFO] Epoch 116 | Step 40 | LR: 0.00221 | Loss: 2.7197 | P@10: 20.0%
2026-03-13 05:07:08,512 [INFO] Epoch 116 | Step 50 | LR: 0.00219 | Loss: 1.3362 | P@10: 60.0%
2026-03-13 05:08:41,187 [INFO] Epoch 116 | Step 60 | LR: 0.00218 | Loss: 2.4081 | P@10: 40.0%
2026-03-13 05:10:13,045 [INFO] Epoch 116 | Step 70 | LR: 0.00216 | Loss: 0.5583 | P@10: 50.0%
2026-03-13 05:10:57,126 [INFO] --- FIM DA ÉPOCA 116 | Val P@10: 46.789473684210520332272% ---
2026-03-13 05:11:06,324 [INFO] Epoch 117 | Step 0 | LR: 0.00216 | Loss: 1.5745 | P@10: 30.0%
2026-03-13 05:12:37,588 [INFO] Epoch 117 | Step 10 | LR: 0.00214 | Loss: 2.5403 | P@10: 30.0%
2026-03-13 05:14:10,075 [INFO] Epoch 117 | Step 20 | LR: 0.00213 | Loss: 1.3401 | P@10: 60.0%
2026-03-13 05:15:43,072 [INFO] Epoch 117 | Step 30 | LR: 0.00211 | Loss: 3.6265 | P@10: 30.0%
2026-03-13 05:17:16,675 [INFO] Epoch 117 | Step 40 | LR: 0.00210 | Loss: 1.3737 | P@10: 30.0%
2026-03-13 05:18:49,396 [INFO] Epoch 117 | Step 50 | LR: 0.00208 | Loss: 1.8075 | P@10: 20.0%
2026-03-13 05:20:21,057 [INFO] Epoch 117 | Step 60 | LR: 0.00207 | Loss: 2.2007 | P@10: 20.0%
2026-03-13 05:21:52,268 [INFO] Epoch 117 | Step 70 | LR: 0.00205 | Loss: 3.2827 | P@10: 40.0%
2026-03-13 05:22:36,989 [INFO] --- FIM DA ÉPOCA 117 | Val P@10: 48.473684210526315041534% ---
2026-03-13 05:22:46,222 [INFO] Epoch 118 | Step 0 | LR: 0.00205 | Loss: 1.3909 | P@10: 60.0%
2026-03-13 05:24:16,576 [INFO] Epoch 118 | Step 10 | LR: 0.00203 | Loss: 0.8726 | P@10: 40.0%
2026-03-13 05:25:46,548 [INFO] Epoch 118 | Step 20 | LR: 0.00202 | Loss: 1.3517 | P@10: 50.0%
2026-03-13 05:27:16,579 [INFO] Epoch 118 | Step 30 | LR: 0.00200 | Loss: 1.7857 | P@10: 40.0%
2026-03-13 05:28:45,990 [INFO] Epoch 118 | Step 40 | LR: 0.00199 | Loss: 1.5640 | P@10: 60.0%
2026-03-13 05:30:14,738 [INFO] Epoch 118 | Step 50 | LR: 0.00197 | Loss: 0.8699 | P@10: 70.0%
2026-03-13 05:31:44,420 [INFO] Epoch 118 | Step 60 | LR: 0.00196 | Loss: 2.1196 | P@10: 40.0%
2026-03-13 05:33:12,836 [INFO] Epoch 118 | Step 70 | LR: 0.00194 | Loss: 1.5077 | P@10: 50.0%
2026-03-13 05:33:56,078 [INFO] --- FIM DA ÉPOCA 118 | Val P@10: 49.631578947368424792330% ---
2026-03-13 05:33:56,102 [INFO] 💎 NOVO RECORDE SUPER FORTALEZA: 49.6%
2026-03-13 05:34:04,878 [INFO] Epoch 119 | Step 0 | LR: 0.00194 | Loss: 1.4549 | P@10: 50.0%
2026-03-13 05:35:30,204 [INFO] Epoch 119 | Step 10 | LR: 0.00192 | Loss: 1.2406 | P@10: 60.0%
2026-03-13 05:36:55,090 [INFO] Epoch 119 | Step 20 | LR: 0.00191 | Loss: 0.5440 | P@10: 70.0%
2026-03-13 05:38:19,853 [INFO] Epoch 119 | Step 30 | LR: 0.00189 | Loss: 2.5198 | P@10: 20.0%
2026-03-13 05:39:44,973 [INFO] Epoch 119 | Step 40 | LR: 0.00188 | Loss: 0.4143 | P@10: 70.0%
2026-03-13 05:41:09,946 [INFO] Epoch 119 | Step 50 | LR: 0.00187 | Loss: 2.8980 | P@10: 30.0%
2026-03-13 05:42:36,068 [INFO] Epoch 119 | Step 60 | LR: 0.00185 | Loss: 2.6507 | P@10: 50.0%
2026-03-13 05:44:02,576 [INFO] Epoch 119 | Step 70 | LR: 0.00184 | Loss: 0.8944 | P@10: 50.0%
2026-03-13 05:44:45,974 [INFO] --- FIM DA ÉPOCA 119 | Val P@10: 44.684210526315773392980% ---
2026-03-13 05:44:54,691 [INFO] Epoch 120 | Step 0 | LR: 0.00183 | Loss: 1.1017 | P@10: 40.0%
2026-03-13 05:46:20,343 [INFO] Epoch 120 | Step 10 | LR: 0.00182 | Loss: 1.0615 | P@10: 60.0%
2026-03-13 05:47:48,236 [INFO] Epoch 120 | Step 20 | LR: 0.00180 | Loss: 0.6546 | P@10: 70.0%
2026-03-13 05:49:15,912 [INFO] Epoch 120 | Step 30 | LR: 0.00179 | Loss: 1.7890 | P@10: 50.0%
2026-03-13 05:50:44,058 [INFO] Epoch 120 | Step 40 | LR: 0.00177 | Loss: 0.9396 | P@10: 50.0%
2026-03-13 05:52:13,130 [INFO] Epoch 120 | Step 50 | LR: 0.00176 | Loss: 1.2068 | P@10: 60.0%
2026-03-13 05:53:42,979 [INFO] Epoch 120 | Step 60 | LR: 0.00175 | Loss: 1.5749 | P@10: 30.0%
2026-03-13 05:55:14,141 [INFO] Epoch 120 | Step 70 | LR: 0.00173 | Loss: 1.7306 | P@10: 50.0%
2026-03-13 05:55:58,936 [INFO] --- FIM DA ÉPOCA 120 | Val P@10: 48.157894736842102645369% ---
2026-03-13 05:56:08,268 [INFO] Epoch 121 | Step 0 | LR: 0.00173 | Loss: 0.9643 | P@10: 60.0%
2026-03-13 05:57:39,035 [INFO] Epoch 121 | Step 10 | LR: 0.00171 | Loss: 1.7646 | P@10: 50.0%
2026-03-13 05:59:09,946 [INFO] Epoch 121 | Step 20 | LR: 0.00170 | Loss: 2.1967 | P@10: 40.0%
2026-03-13 06:00:40,436 [INFO] Epoch 121 | Step 30 | LR: 0.00169 | Loss: 1.5185 | P@10: 50.0%
2026-03-13 06:02:11,564 [INFO] Epoch 121 | Step 40 | LR: 0.00167 | Loss: 2.0826 | P@10: 40.0%
2026-03-13 06:03:42,542 [INFO] Epoch 121 | Step 50 | LR: 0.00166 | Loss: 0.6986 | P@10: 30.0%
2026-03-13 06:05:12,196 [INFO] Epoch 121 | Step 60 | LR: 0.00165 | Loss: 1.6455 | P@10: 50.0%
2026-03-13 06:06:41,124 [INFO] Epoch 121 | Step 70 | LR: 0.00163 | Loss: 3.2055 | P@10: 30.0%
2026-03-13 06:07:25,124 [INFO] --- FIM DA ÉPOCA 121 | Val P@10: 47.526315789473677853039% ---
2026-03-13 06:07:34,033 [INFO] Epoch 122 | Step 0 | LR: 0.00163 | Loss: 1.0363 | P@10: 40.0%
2026-03-13 06:09:04,342 [INFO] Epoch 122 | Step 10 | LR: 0.00161 | Loss: 1.0798 | P@10: 50.0%
2026-03-13 06:10:32,401 [INFO] Epoch 122 | Step 20 | LR: 0.00160 | Loss: 6.1198 | P@10: 30.0%
2026-03-13 06:12:01,841 [INFO] Epoch 122 | Step 30 | LR: 0.00159 | Loss: 2.3281 | P@10: 20.0%
2026-03-13 06:13:32,695 [INFO] Epoch 122 | Step 40 | LR: 0.00157 | Loss: 1.0775 | P@10: 50.0%
2026-03-13 06:15:05,216 [INFO] Epoch 122 | Step 50 | LR: 0.00156 | Loss: 3.1468 | P@10: 40.0%
2026-03-13 06:16:38,503 [INFO] Epoch 122 | Step 60 | LR: 0.00155 | Loss: 1.9591 | P@10: 30.0%
2026-03-13 06:18:13,856 [INFO] Epoch 122 | Step 70 | LR: 0.00153 | Loss: 1.8512 | P@10: 50.0%
2026-03-13 06:19:00,909 [INFO] --- FIM DA ÉPOCA 122 | Val P@10: 48.842105263157890249204% ---
2026-03-13 06:19:10,570 [INFO] Epoch 123 | Step 0 | LR: 0.00153 | Loss: 1.2929 | P@10: 20.0%
2026-03-13 06:20:47,056 [INFO] Epoch 123 | Step 10 | LR: 0.00151 | Loss: 1.9419 | P@10: 30.0%
2026-03-13 06:22:21,492 [INFO] Epoch 123 | Step 20 | LR: 0.00150 | Loss: 1.1111 | P@10: 50.0%
2026-03-13 06:23:54,272 [INFO] Epoch 123 | Step 30 | LR: 0.00149 | Loss: 1.1232 | P@10: 50.0%
2026-03-13 06:25:28,140 [INFO] Epoch 123 | Step 40 | LR: 0.00148 | Loss: 1.5783 | P@10: 40.0%
2026-03-13 06:27:01,672 [INFO] Epoch 123 | Step 50 | LR: 0.00146 | Loss: 1.5093 | P@10: 40.0%
2026-03-13 06:28:33,414 [INFO] Epoch 123 | Step 60 | LR: 0.00145 | Loss: 1.9210 | P@10: 40.0%
2026-03-13 06:30:08,060 [INFO] Epoch 123 | Step 70 | LR: 0.00144 | Loss: 1.4845 | P@10: 30.0%
2026-03-13 06:30:54,745 [INFO] --- FIM DA ÉPOCA 123 | Val P@10: 48.842105263157890249204% ---
2026-03-13 06:31:04,324 [INFO] Epoch 124 | Step 0 | LR: 0.00143 | Loss: 0.3749 | P@10: 60.0%
2026-03-13 06:32:37,897 [INFO] Epoch 124 | Step 10 | LR: 0.00142 | Loss: 2.1295 | P@10: 20.0%
2026-03-13 06:34:09,630 [INFO] Epoch 124 | Step 20 | LR: 0.00141 | Loss: 0.8799 | P@10: 30.0%
2026-03-13 06:35:40,298 [INFO] Epoch 124 | Step 30 | LR: 0.00139 | Loss: 1.7019 | P@10: 30.0%
2026-03-13 06:37:10,562 [INFO] Epoch 124 | Step 40 | LR: 0.00138 | Loss: 1.2634 | P@10: 50.0%
2026-03-13 06:38:40,539 [INFO] Epoch 124 | Step 50 | LR: 0.00137 | Loss: 1.0011 | P@10: 50.0%
2026-03-13 06:40:13,244 [INFO] Epoch 124 | Step 60 | LR: 0.00136 | Loss: 0.2616 | P@10: 50.0%
2026-03-13 06:41:45,404 [INFO] Epoch 124 | Step 70 | LR: 0.00134 | Loss: 0.6929 | P@10: 50.0%
2026-03-13 06:42:30,676 [INFO] --- FIM DA ÉPOCA 124 | Val P@10: 46.578947368421054875398% ---
2026-03-13 06:42:39,985 [INFO] Epoch 125 | Step 0 | LR: 0.00134 | Loss: 1.4599 | P@10: 30.0%
2026-03-13 06:44:12,107 [INFO] Epoch 125 | Step 10 | LR: 0.00133 | Loss: 1.3634 | P@10: 60.0%
2026-03-13 06:45:45,048 [INFO] Epoch 125 | Step 20 | LR: 0.00131 | Loss: 1.8829 | P@10: 30.0%
2026-03-13 06:47:18,556 [INFO] Epoch 125 | Step 30 | LR: 0.00130 | Loss: 1.9459 | P@10: 40.0%
2026-03-13 06:48:55,480 [INFO] Epoch 125 | Step 40 | LR: 0.00129 | Loss: 1.6034 | P@10: 20.0%
2026-03-13 06:50:37,484 [INFO] Epoch 125 | Step 50 | LR: 0.00128 | Loss: 1.3296 | P@10: 30.0%
2026-03-13 06:52:19,141 [INFO] Epoch 125 | Step 60 | LR: 0.00127 | Loss: 3.0337 | P@10: 40.0%
2026-03-13 06:54:03,298 [INFO] Epoch 125 | Step 70 | LR: 0.00125 | Loss: 1.0716 | P@10: 40.0%
2026-03-13 06:54:53,259 [INFO] --- FIM DA ÉPOCA 125 | Val P@10: 49.157894736842102645369% ---
2026-03-13 06:55:03,836 [INFO] Epoch 126 | Step 0 | LR: 0.00125 | Loss: 1.0978 | P@10: 50.0%
2026-03-13 06:56:48,659 [INFO] Epoch 126 | Step 10 | LR: 0.00124 | Loss: 1.0937 | P@10: 60.0%
2026-03-13 06:58:33,327 [INFO] Epoch 126 | Step 20 | LR: 0.00122 | Loss: 1.0431 | P@10: 30.0%
2026-03-13 07:00:17,591 [INFO] Epoch 126 | Step 30 | LR: 0.00121 | Loss: 1.8642 | P@10: 30.0%
2026-03-13 07:02:02,518 [INFO] Epoch 126 | Step 40 | LR: 0.00120 | Loss: 0.5847 | P@10: 60.0%
2026-03-13 07:03:45,366 [INFO] Epoch 126 | Step 50 | LR: 0.00119 | Loss: 1.6629 | P@10: 30.0%
2026-03-13 07:05:28,503 [INFO] Epoch 126 | Step 60 | LR: 0.00118 | Loss: 1.0260 | P@10: 40.0%
2026-03-13 07:07:12,375 [INFO] Epoch 126 | Step 70 | LR: 0.00117 | Loss: 0.4426 | P@10: 50.0%
2026-03-13 07:08:01,281 [INFO] --- FIM DA ÉPOCA 126 | Val P@10: 46.736842105263150415340% ---
2026-03-13 07:08:11,788 [INFO] Epoch 127 | Step 0 | LR: 0.00116 | Loss: 1.0736 | P@10: 30.0%
2026-03-13 07:09:54,132 [INFO] Epoch 127 | Step 10 | LR: 0.00115 | Loss: 1.7538 | P@10: 40.0%
2026-03-13 07:11:34,614 [INFO] Epoch 127 | Step 20 | LR: 0.00114 | Loss: 3.1374 | P@10: 50.0%
2026-03-13 07:13:13,745 [INFO] Epoch 127 | Step 30 | LR: 0.00113 | Loss: 1.9336 | P@10: 40.0%
2026-03-13 07:14:53,585 [INFO] Epoch 127 | Step 40 | LR: 0.00111 | Loss: 0.9909 | P@10: 60.0%
2026-03-13 07:16:32,081 [INFO] Epoch 127 | Step 50 | LR: 0.00110 | Loss: 2.2127 | P@10: 40.0%
2026-03-13 07:18:09,647 [INFO] Epoch 127 | Step 60 | LR: 0.00109 | Loss: 0.5526 | P@10: 50.0%
2026-03-13 07:19:46,952 [INFO] Epoch 127 | Step 70 | LR: 0.00108 | Loss: 3.7779 | P@10: 20.0%
2026-03-13 07:20:34,278 [INFO] --- FIM DA ÉPOCA 127 | Val P@10: 46.684210526315780498408% ---
2026-03-13 07:20:43,988 [INFO] Epoch 128 | Step 0 | LR: 0.00108 | Loss: 1.2296 | P@10: 40.0%
2026-03-13 07:22:21,429 [INFO] Epoch 128 | Step 10 | LR: 0.00106 | Loss: 1.3638 | P@10: 20.0%
2026-03-13 07:23:57,861 [INFO] Epoch 128 | Step 20 | LR: 0.00105 | Loss: 2.3008 | P@10: 50.0%
2026-03-13 07:25:06,138 [INFO] Epoch 128 | Step 30 | LR: 0.00104 | Loss: 0.7325 | P@10: 40.0%
2026-03-13 07:25:59,446 [INFO] Epoch 128 | Step 40 | LR: 0.00103 | Loss: 0.9512 | P@10: 50.0%
2026-03-13 07:26:54,493 [INFO] Epoch 128 | Step 50 | LR: 0.00102 | Loss: 0.2275 | P@10: 70.0%
2026-03-13 07:27:50,803 [INFO] Epoch 128 | Step 60 | LR: 0.00101 | Loss: 1.3438 | P@10: 30.0%
2026-03-13 07:28:49,270 [INFO] Epoch 128 | Step 70 | LR: 0.00100 | Loss: 1.3416 | P@10: 30.0%
2026-03-13 07:29:16,893 [INFO] --- FIM DA ÉPOCA 128 | Val P@10: 46.263157894736842479233% ---
2026-03-13 07:29:23,381 [INFO] Epoch 129 | Step 0 | LR: 0.00099 | Loss: 0.9921 | P@10: 60.0%
2026-03-13 07:30:24,014 [INFO] Epoch 129 | Step 10 | LR: 0.00098 | Loss: 0.6314 | P@10: 60.0%
2026-03-13 07:31:20,320 [INFO] Epoch 129 | Step 20 | LR: 0.00097 | Loss: 3.2935 | P@10: 30.0%
2026-03-13 07:32:19,842 [INFO] Epoch 129 | Step 30 | LR: 0.00096 | Loss: 1.2249 | P@10: 40.0%
2026-03-13 07:33:22,433 [INFO] Epoch 129 | Step 40 | LR: 0.00095 | Loss: 2.0074 | P@10: 50.0%
2026-03-13 07:34:18,732 [INFO] Epoch 129 | Step 50 | LR: 0.00094 | Loss: 2.0432 | P@10: 30.0%
2026-03-13 07:35:18,498 [INFO] Epoch 129 | Step 60 | LR: 0.00093 | Loss: 0.5884 | P@10: 40.0%
2026-03-13 07:36:23,951 [INFO] Epoch 129 | Step 70 | LR: 0.00092 | Loss: 1.7228 | P@10: 20.0%
2026-03-13 07:36:53,272 [INFO] --- FIM DA ÉPOCA 129 | Val P@10: 47.526315789473677853039% ---
2026-03-13 07:36:59,574 [INFO] Epoch 130 | Step 0 | LR: 0.00091 | Loss: 0.8304 | P@10: 60.0%
2026-03-13 07:38:00,431 [INFO] Epoch 130 | Step 10 | LR: 0.00090 | Loss: 0.2488 | P@10: 70.0%
2026-03-13 07:39:02,992 [INFO] Epoch 130 | Step 20 | LR: 0.00089 | Loss: 1.1491 | P@10: 40.0%
2026-03-13 07:40:09,972 [INFO] Epoch 130 | Step 30 | LR: 0.00088 | Loss: 1.8897 | P@10: 60.0%
2026-03-13 07:41:10,785 [INFO] Epoch 130 | Step 40 | LR: 0.00087 | Loss: 0.9458 | P@10: 20.0%
2026-03-13 07:42:12,843 [INFO] Epoch 130 | Step 50 | LR: 0.00086 | Loss: 1.3213 | P@10: 30.0%
2026-03-13 07:43:19,233 [INFO] Epoch 130 | Step 60 | LR: 0.00085 | Loss: 3.6678 | P@10: 30.0%
2026-03-13 07:44:20,504 [INFO] Epoch 130 | Step 70 | LR: 0.00084 | Loss: 2.6768 | P@10: 50.0%
2026-03-13 07:44:47,901 [INFO] --- FIM DA ÉPOCA 130 | Val P@10: 45.315789473684212396165% ---
2026-03-13 07:44:54,385 [INFO] Epoch 131 | Step 0 | LR: 0.00084 | Loss: 3.5071 | P@10: 30.0%
2026-03-13 07:45:58,698 [INFO] Epoch 131 | Step 10 | LR: 0.00083 | Loss: 1.6088 | P@10: 40.0%
2026-03-13 07:47:03,129 [INFO] Epoch 131 | Step 20 | LR: 0.00082 | Loss: 1.2812 | P@10: 30.0%
2026-03-13 07:48:05,281 [INFO] Epoch 131 | Step 30 | LR: 0.00081 | Loss: 0.8325 | P@10: 40.0%
2026-03-13 07:49:09,811 [INFO] Epoch 131 | Step 40 | LR: 0.00080 | Loss: 1.2395 | P@10: 40.0%
2026-03-13 07:50:16,264 [INFO] Epoch 131 | Step 50 | LR: 0.00079 | Loss: 0.7978 | P@10: 40.0%
2026-03-13 07:51:17,819 [INFO] Epoch 131 | Step 60 | LR: 0.00078 | Loss: 0.8730 | P@10: 50.0%
2026-03-13 07:52:21,233 [INFO] Epoch 131 | Step 70 | LR: 0.00077 | Loss: 1.4275 | P@10: 40.0%
2026-03-13 07:52:51,772 [INFO] --- FIM DA ÉPOCA 131 | Val P@10: 46.578947368421054875398% ---
2026-03-13 07:52:58,570 [INFO] Epoch 132 | Step 0 | LR: 0.00077 | Loss: 2.2249 | P@10: 40.0%
2026-03-13 07:53:59,377 [INFO] Epoch 132 | Step 10 | LR: 0.00076 | Loss: 0.9221 | P@10: 40.0%
2026-03-13 07:55:00,223 [INFO] Epoch 132 | Step 20 | LR: 0.00075 | Loss: 0.7756 | P@10: 30.0%
2026-03-13 07:56:05,850 [INFO] Epoch 132 | Step 30 | LR: 0.00074 | Loss: 1.4629 | P@10: 50.0%
2026-03-13 07:57:09,464 [INFO] Epoch 132 | Step 40 | LR: 0.00073 | Loss: 0.7949 | P@10: 40.0%
2026-03-13 07:58:12,838 [INFO] Epoch 132 | Step 50 | LR: 0.00072 | Loss: 0.7011 | P@10: 50.0%
2026-03-13 07:59:19,580 [INFO] Epoch 132 | Step 60 | LR: 0.00071 | Loss: 0.7823 | P@10: 50.0%
2026-03-13 08:00:22,162 [INFO] Epoch 132 | Step 70 | LR: 0.00070 | Loss: 1.0431 | P@10: 30.0%
2026-03-13 08:00:50,070 [INFO] --- FIM DA ÉPOCA 132 | Val P@10: 45.263157894736842479233% ---
2026-03-13 08:00:56,531 [INFO] Epoch 133 | Step 0 | LR: 0.00070 | Loss: 1.5109 | P@10: 50.0%
2026-03-13 08:02:00,296 [INFO] Epoch 133 | Step 10 | LR: 0.00069 | Loss: 1.2851 | P@10: 40.0%
2026-03-13 08:03:05,485 [INFO] Epoch 133 | Step 20 | LR: 0.00068 | Loss: 2.8944 | P@10: 40.0%
2026-03-13 08:04:07,937 [INFO] Epoch 133 | Step 30 | LR: 0.00067 | Loss: 1.9807 | P@10: 20.0%
2026-03-13 08:05:12,542 [INFO] Epoch 133 | Step 40 | LR: 0.00066 | Loss: 0.5822 | P@10: 60.0%
2026-03-13 08:06:18,323 [INFO] Epoch 133 | Step 50 | LR: 0.00065 | Loss: 1.9053 | P@10: 30.0%
2026-03-13 08:07:20,313 [INFO] Epoch 133 | Step 60 | LR: 0.00064 | Loss: 2.3743 | P@10: 30.0%
2026-03-13 08:08:24,983 [INFO] Epoch 133 | Step 70 | LR: 0.00063 | Loss: 1.4775 | P@10: 30.0%
2026-03-13 08:08:55,504 [INFO] --- FIM DA ÉPOCA 133 | Val P@10: 44.894736842105253060708% ---
2026-03-13 08:09:02,531 [INFO] Epoch 134 | Step 0 | LR: 0.00063 | Loss: 1.6954 | P@10: 40.0%
2026-03-13 08:10:06,194 [INFO] Epoch 134 | Step 10 | LR: 0.00062 | Loss: 0.4241 | P@10: 30.0%
2026-03-13 08:11:08,951 [INFO] Epoch 134 | Step 20 | LR: 0.00061 | Loss: 1.7460 | P@10: 50.0%
2026-03-13 08:12:14,692 [INFO] Epoch 134 | Step 30 | LR: 0.00060 | Loss: 0.7591 | P@10: 40.0%
2026-03-13 08:13:16,697 [INFO] Epoch 134 | Step 40 | LR: 0.00060 | Loss: 1.4516 | P@10: 40.0%
2026-03-13 08:14:19,534 [INFO] Epoch 134 | Step 50 | LR: 0.00059 | Loss: 1.7945 | P@10: 50.0%
2026-03-13 08:15:26,330 [INFO] Epoch 134 | Step 60 | LR: 0.00058 | Loss: 0.5252 | P@10: 40.0%
2026-03-13 08:16:31,043 [INFO] Epoch 134 | Step 70 | LR: 0.00057 | Loss: 1.9071 | P@10: 40.0%
2026-03-13 08:16:59,201 [INFO] --- FIM DA ÉPOCA 134 | Val P@10: 45.684210526315780498408% ---
2026-03-13 08:17:05,573 [INFO] Epoch 135 | Step 0 | LR: 0.00057 | Loss: 3.6907 | P@10: 10.0%
2026-03-13 08:18:10,019 [INFO] Epoch 135 | Step 10 | LR: 0.00056 | Loss: 1.0972 | P@10: 50.0%
2026-03-13 08:19:18,297 [INFO] Epoch 135 | Step 20 | LR: 0.00055 | Loss: 1.6077 | P@10: 30.0%
2026-03-13 08:20:20,422 [INFO] Epoch 135 | Step 30 | LR: 0.00054 | Loss: 0.3133 | P@10: 70.0%
2026-03-13 08:21:25,356 [INFO] Epoch 135 | Step 40 | LR: 0.00053 | Loss: 0.6735 | P@10: 50.0%
2026-03-13 08:22:34,365 [INFO] Epoch 135 | Step 50 | LR: 0.00053 | Loss: 1.1621 | P@10: 60.0%
2026-03-13 08:23:37,275 [INFO] Epoch 135 | Step 60 | LR: 0.00052 | Loss: 2.2957 | P@10: 20.0%
2026-03-13 08:24:42,341 [INFO] Epoch 135 | Step 70 | LR: 0.00051 | Loss: 0.3745 | P@10: 50.0%
2026-03-13 08:25:12,803 [INFO] --- FIM DA ÉPOCA 135 | Val P@10: 44.894736842105253060708% ---
2026-03-13 08:25:19,891 [INFO] Epoch 136 | Step 0 | LR: 0.00051 | Loss: 1.0682 | P@10: 30.0%
2026-03-13 08:26:23,042 [INFO] Epoch 136 | Step 10 | LR: 0.00050 | Loss: 1.3996 | P@10: 50.0%
2026-03-13 08:27:26,305 [INFO] Epoch 136 | Step 20 | LR: 0.00049 | Loss: 0.4387 | P@10: 70.0%
2026-03-13 08:28:34,060 [INFO] Epoch 136 | Step 30 | LR: 0.00048 | Loss: 1.4175 | P@10: 30.0%
2026-03-13 08:29:38,401 [INFO] Epoch 136 | Step 40 | LR: 0.00047 | Loss: 2.7313 | P@10: 40.0%
2026-03-13 08:30:41,389 [INFO] Epoch 136 | Step 50 | LR: 0.00047 | Loss: 1.3676 | P@10: 50.0%
2026-03-13 08:31:47,491 [INFO] Epoch 136 | Step 60 | LR: 0.00046 | Loss: 0.6911 | P@10: 60.0%
2026-03-13 08:32:51,996 [INFO] Epoch 136 | Step 70 | LR: 0.00045 | Loss: 2.5807 | P@10: 30.0%
2026-03-13 08:33:19,684 [INFO] --- FIM DA ÉPOCA 136 | Val P@10: 44.842105263157890249204% ---
2026-03-13 08:33:25,878 [INFO] Epoch 137 | Step 0 | LR: 0.00045 | Loss: 1.6237 | P@10: 60.0%
2026-03-13 08:34:30,351 [INFO] Epoch 137 | Step 10 | LR: 0.00044 | Loss: 1.1576 | P@10: 30.0%
2026-03-13 08:35:39,249 [INFO] Epoch 137 | Step 20 | LR: 0.00043 | Loss: 0.3655 | P@10: 60.0%
2026-03-13 08:36:41,265 [INFO] Epoch 137 | Step 30 | LR: 0.00043 | Loss: 2.7836 | P@10: 40.0%
2026-03-13 08:37:45,606 [INFO] Epoch 137 | Step 40 | LR: 0.00042 | Loss: 0.8963 | P@10: 30.0%
2026-03-13 08:38:52,257 [INFO] Epoch 137 | Step 50 | LR: 0.00041 | Loss: 0.5144 | P@10: 50.0%
2026-03-13 08:39:54,248 [INFO] Epoch 137 | Step 60 | LR: 0.00041 | Loss: 1.9143 | P@10: 50.0%
2026-03-13 08:40:57,035 [INFO] Epoch 137 | Step 70 | LR: 0.00040 | Loss: 1.3343 | P@10: 20.0%
2026-03-13 08:41:25,454 [INFO] --- FIM DA ÉPOCA 137 | Val P@10: 44.894736842105260166136% ---
2026-03-13 08:41:31,950 [INFO] Epoch 138 | Step 0 | LR: 0.00040 | Loss: 0.5659 | P@10: 60.0%
2026-03-13 08:42:38,749 [INFO] Epoch 138 | Step 10 | LR: 0.00039 | Loss: 0.8696 | P@10: 20.0%
2026-03-13 08:43:43,369 [INFO] Epoch 138 | Step 20 | LR: 0.00038 | Loss: 0.6931 | P@10: 40.0%
2026-03-13 08:44:49,771 [INFO] Epoch 138 | Step 30 | LR: 0.00037 | Loss: 1.4726 | P@10: 30.0%
2026-03-13 08:45:54,893 [INFO] Epoch 138 | Step 40 | LR: 0.00037 | Loss: 0.5252 | P@10: 50.0%
2026-03-13 08:46:57,550 [INFO] Epoch 138 | Step 50 | LR: 0.00036 | Loss: 1.6500 | P@10: 30.0%
2026-03-13 08:48:04,113 [INFO] Epoch 138 | Step 60 | LR: 0.00035 | Loss: 0.6034 | P@10: 50.0%
2026-03-13 08:49:10,143 [INFO] Epoch 138 | Step 70 | LR: 0.00035 | Loss: 0.8629 | P@10: 50.0%
2026-03-13 08:49:37,733 [INFO] --- FIM DA ÉPOCA 138 | Val P@10: 44.578947368421047769971% ---
2026-03-13 08:49:44,030 [INFO] Epoch 139 | Step 0 | LR: 0.00034 | Loss: 0.4903 | P@10: 70.0%
2026-03-13 08:50:49,529 [INFO] Epoch 139 | Step 10 | LR: 0.00034 | Loss: 1.2220 | P@10: 30.0%
2026-03-13 08:51:58,359 [INFO] Epoch 139 | Step 20 | LR: 0.00033 | Loss: 0.5658 | P@10: 60.0%
2026-03-13 08:53:02,327 [INFO] Epoch 139 | Step 30 | LR: 0.00033 | Loss: 0.6559 | P@10: 50.0%
2026-03-13 08:54:06,811 [INFO] Epoch 139 | Step 40 | LR: 0.00032 | Loss: 2.9519 | P@10: 40.0%
2026-03-13 08:55:14,866 [INFO] Epoch 139 | Step 50 | LR: 0.00031 | Loss: 1.7129 | P@10: 40.0%
2026-03-13 08:56:17,967 [INFO] Epoch 139 | Step 60 | LR: 0.00031 | Loss: 2.0610 | P@10: 30.0%
2026-03-13 08:57:25,503 [INFO] Epoch 139 | Step 70 | LR: 0.00030 | Loss: 2.2845 | P@10: 40.0%
2026-03-13 08:57:53,713 [INFO] --- FIM DA ÉPOCA 139 | Val P@10: 44.999999999999985789145% ---
2026-03-13 08:57:59,805 [INFO] Epoch 140 | Step 0 | LR: 0.00030 | Loss: 0.6132 | P@10: 50.0%
2026-03-13 08:59:02,657 [INFO] Epoch 140 | Step 10 | LR: 0.00029 | Loss: 0.8911 | P@10: 30.0%
2026-03-13 09:00:08,765 [INFO] Epoch 140 | Step 20 | LR: 0.00029 | Loss: 0.3613 | P@10: 60.0%
2026-03-13 09:01:16,298 [INFO] Epoch 140 | Step 30 | LR: 0.00028 | Loss: 1.7478 | P@10: 40.0%
2026-03-13 09:02:19,552 [INFO] Epoch 140 | Step 40 | LR: 0.00027 | Loss: 3.1976 | P@10: 30.0%
2026-03-13 09:03:24,784 [INFO] Epoch 140 | Step 50 | LR: 0.00027 | Loss: 1.2466 | P@10: 30.0%
2026-03-13 09:04:32,467 [INFO] Epoch 140 | Step 60 | LR: 0.00026 | Loss: 1.0970 | P@10: 20.0%
2026-03-13 09:05:34,271 [INFO] Epoch 140 | Step 70 | LR: 0.00026 | Loss: 0.6300 | P@10: 50.0%
2026-03-13 09:06:02,962 [INFO] --- FIM DA ÉPOCA 140 | Val P@10: 44.631578947368410581475% ---
2026-03-13 09:06:09,325 [INFO] Epoch 141 | Step 0 | LR: 0.00025 | Loss: 0.9490 | P@10: 60.0%
2026-03-13 09:07:16,259 [INFO] Epoch 141 | Step 10 | LR: 0.00025 | Loss: 1.9829 | P@10: 10.0%
2026-03-13 09:08:22,045 [INFO] Epoch 141 | Step 20 | LR: 0.00024 | Loss: 1.9171 | P@10: 30.0%
2026-03-13 09:09:25,941 [INFO] Epoch 141 | Step 30 | LR: 0.00024 | Loss: 1.4399 | P@10: 40.0%
2026-03-13 09:10:31,754 [INFO] Epoch 141 | Step 40 | LR: 0.00023 | Loss: 0.3134 | P@10: 60.0%
2026-03-13 09:11:35,957 [INFO] Epoch 141 | Step 50 | LR: 0.00023 | Loss: 1.3233 | P@10: 50.0%
2026-03-13 09:12:39,000 [INFO] Epoch 141 | Step 60 | LR: 0.00022 | Loss: 1.5143 | P@10: 40.0%
2026-03-13 09:13:45,751 [INFO] Epoch 141 | Step 70 | LR: 0.00022 | Loss: 3.8405 | P@10: 40.0%
2026-03-13 09:14:15,493 [INFO] --- FIM DA ÉPOCA 141 | Val P@10: 43.684210526315794709262% ---
2026-03-13 09:14:21,783 [INFO] Epoch 142 | Step 0 | LR: 0.00021 | Loss: 1.1052 | P@10: 60.0%
2026-03-13 09:15:24,196 [INFO] Epoch 142 | Step 10 | LR: 0.00021 | Loss: 1.4704 | P@10: 20.0%
2026-03-13 09:16:27,757 [INFO] Epoch 142 | Step 20 | LR: 0.00020 | Loss: 0.9141 | P@10: 30.0%
2026-03-13 09:17:34,863 [INFO] Epoch 142 | Step 30 | LR: 0.00020 | Loss: 2.8968 | P@10: 60.0%
2026-03-13 09:18:38,045 [INFO] Epoch 142 | Step 40 | LR: 0.00019 | Loss: 0.5804 | P@10: 20.0%
2026-03-13 09:19:43,261 [INFO] Epoch 142 | Step 50 | LR: 0.00019 | Loss: 1.0144 | P@10: 40.0%
2026-03-13 09:20:48,909 [INFO] Epoch 142 | Step 60 | LR: 0.00018 | Loss: 0.6618 | P@10: 40.0%
2026-03-13 09:21:50,596 [INFO] Epoch 142 | Step 70 | LR: 0.00018 | Loss: 4.1189 | P@10: 20.0%
2026-03-13 09:22:19,229 [INFO] --- FIM DA ÉPOCA 142 | Val P@10: 45.157894736842095539942% ---
2026-03-13 09:22:26,029 [INFO] Epoch 143 | Step 0 | LR: 0.00018 | Loss: 0.3962 | P@10: 50.0%
2026-03-13 09:23:34,024 [INFO] Epoch 143 | Step 10 | LR: 0.00017 | Loss: 0.5888 | P@10: 40.0%
2026-03-13 09:24:38,316 [INFO] Epoch 143 | Step 20 | LR: 0.00017 | Loss: 0.9439 | P@10: 40.0%
2026-03-13 09:25:44,115 [INFO] Epoch 143 | Step 30 | LR: 0.00016 | Loss: 1.4730 | P@10: 20.0%
2026-03-13 09:26:48,772 [INFO] Epoch 143 | Step 40 | LR: 0.00016 | Loss: 1.0187 | P@10: 30.0%
2026-03-13 09:27:52,728 [INFO] Epoch 143 | Step 50 | LR: 0.00015 | Loss: 1.4732 | P@10: 50.0%
2026-03-13 09:28:58,975 [INFO] Epoch 143 | Step 60 | LR: 0.00015 | Loss: 0.8121 | P@10: 30.0%
2026-03-13 09:30:04,071 [INFO] Epoch 143 | Step 70 | LR: 0.00015 | Loss: 1.4267 | P@10: 40.0%
2026-03-13 09:30:31,765 [INFO] --- FIM DA ÉPOCA 143 | Val P@10: 43.842105263157890249204% ---
2026-03-13 09:30:38,060 [INFO] Epoch 144 | Step 0 | LR: 0.00014 | Loss: 0.7967 | P@10: 40.0%
2026-03-13 09:31:43,074 [INFO] Epoch 144 | Step 10 | LR: 0.00014 | Loss: 2.7103 | P@10: 50.0%
2026-03-13 09:32:50,752 [INFO] Epoch 144 | Step 20 | LR: 0.00014 | Loss: 2.7187 | P@10: 50.0%
2026-03-13 09:33:53,170 [INFO] Epoch 144 | Step 30 | LR: 0.00013 | Loss: 0.9862 | P@10: 40.0%
2026-03-13 09:34:57,975 [INFO] Epoch 144 | Step 40 | LR: 0.00013 | Loss: 0.3997 | P@10: 40.0%
2026-03-13 09:36:04,944 [INFO] Epoch 144 | Step 50 | LR: 0.00012 | Loss: 0.9657 | P@10: 40.0%
2026-03-13 09:37:07,044 [INFO] Epoch 144 | Step 60 | LR: 0.00012 | Loss: 1.4610 | P@10: 30.0%
2026-03-13 09:38:12,605 [INFO] Epoch 144 | Step 70 | LR: 0.00012 | Loss: 1.9577 | P@10: 50.0%
2026-03-13 09:38:43,180 [INFO] --- FIM DA ÉPOCA 144 | Val P@10: 43.578947368421047769971% ---
2026-03-13 09:38:50,212 [INFO] Epoch 145 | Step 0 | LR: 0.00011 | Loss: 0.6538 | P@10: 50.0%
2026-03-13 09:39:54,015 [INFO] Epoch 145 | Step 10 | LR: 0.00011 | Loss: 0.8808 | P@10: 40.0%
2026-03-13 09:40:57,694 [INFO] Epoch 145 | Step 20 | LR: 0.00011 | Loss: 1.1923 | P@10: 50.0%
2026-03-13 09:42:04,805 [INFO] Epoch 145 | Step 30 | LR: 0.00010 | Loss: 1.3553 | P@10: 40.0%
2026-03-13 09:43:09,579 [INFO] Epoch 145 | Step 40 | LR: 0.00010 | Loss: 0.4872 | P@10: 40.0%
2026-03-13 09:44:13,996 [INFO] Epoch 145 | Step 50 | LR: 0.00010 | Loss: 0.7662 | P@10: 40.0%
2026-03-13 09:45:21,027 [INFO] Epoch 145 | Step 60 | LR: 0.00009 | Loss: 1.0181 | P@10: 40.0%
2026-03-13 09:46:25,089 [INFO] Epoch 145 | Step 70 | LR: 0.00009 | Loss: 1.2516 | P@10: 40.0%
2026-03-13 09:46:53,769 [INFO] --- FIM DA ÉPOCA 145 | Val P@10: 43.684210526315794709262% ---
2026-03-13 09:47:00,282 [INFO] Epoch 146 | Step 0 | LR: 0.00009 | Loss: 0.3548 | P@10: 40.0%
2026-03-13 09:48:06,614 [INFO] Epoch 146 | Step 10 | LR: 0.00008 | Loss: 0.7034 | P@10: 50.0%
2026-03-13 09:49:12,647 [INFO] Epoch 146 | Step 20 | LR: 0.00008 | Loss: 2.9762 | P@10: 20.0%
2026-03-13 09:50:15,320 [INFO] Epoch 146 | Step 30 | LR: 0.00008 | Loss: 0.7452 | P@10: 30.0%
2026-03-13 09:51:21,547 [INFO] Epoch 146 | Step 40 | LR: 0.00007 | Loss: 0.4011 | P@10: 40.0%
2026-03-13 09:52:27,888 [INFO] Epoch 146 | Step 50 | LR: 0.00007 | Loss: 1.5047 | P@10: 20.0%
2026-03-13 09:53:30,331 [INFO] Epoch 146 | Step 60 | LR: 0.00007 | Loss: 1.6974 | P@10: 50.0%
2026-03-13 09:54:35,771 [INFO] Epoch 146 | Step 70 | LR: 0.00007 | Loss: 1.0849 | P@10: 40.0%
2026-03-13 09:55:06,816 [INFO] --- FIM DA ÉPOCA 146 | Val P@10: 43.578947368421047769971% ---
2026-03-13 09:55:13,372 [INFO] Epoch 147 | Step 0 | LR: 0.00006 | Loss: 0.5559 | P@10: 40.0%
2026-03-13 09:56:16,493 [INFO] Epoch 147 | Step 10 | LR: 0.00006 | Loss: 2.7015 | P@10: 30.0%
2026-03-13 09:57:22,157 [INFO] Epoch 147 | Step 20 | LR: 0.00006 | Loss: 0.9132 | P@10: 30.0%
2026-03-13 09:58:30,153 [INFO] Epoch 147 | Step 30 | LR: 0.00006 | Loss: 1.2714 | P@10: 50.0%
2026-03-13 09:59:33,486 [INFO] Epoch 147 | Step 40 | LR: 0.00005 | Loss: 0.3810 | P@10: 60.0%
2026-03-13 10:00:38,295 [INFO] Epoch 147 | Step 50 | LR: 0.00005 | Loss: 1.5851 | P@10: 50.0%
2026-03-13 10:01:47,122 [INFO] Epoch 147 | Step 60 | LR: 0.00005 | Loss: 1.0592 | P@10: 50.0%
2026-03-13 10:02:50,026 [INFO] Epoch 147 | Step 70 | LR: 0.00005 | Loss: 0.6379 | P@10: 50.0%
2026-03-13 10:03:18,308 [INFO] --- FIM DA ÉPOCA 147 | Val P@10: 43.842105263157890249204% ---
2026-03-13 10:03:24,720 [INFO] Epoch 148 | Step 0 | LR: 0.00004 | Loss: 0.2603 | P@10: 50.0%
2026-03-13 10:04:32,282 [INFO] Epoch 148 | Step 10 | LR: 0.00004 | Loss: 1.6783 | P@10: 20.0%
2026-03-13 10:05:38,398 [INFO] Epoch 148 | Step 20 | LR: 0.00004 | Loss: 1.3013 | P@10: 40.0%
2026-03-13 10:06:41,760 [INFO] Epoch 148 | Step 30 | LR: 0.00004 | Loss: 1.3417 | P@10: 40.0%
2026-03-13 10:07:49,174 [INFO] Epoch 148 | Step 40 | LR: 0.00004 | Loss: 1.6948 | P@10: 30.0%
2026-03-13 10:08:56,278 [INFO] Epoch 148 | Step 50 | LR: 0.00003 | Loss: 3.7802 | P@10: 50.0%
2026-03-13 10:09:59,287 [INFO] Epoch 148 | Step 60 | LR: 0.00003 | Loss: 2.3896 | P@10: 40.0%
2026-03-13 10:11:04,258 [INFO] Epoch 148 | Step 70 | LR: 0.00003 | Loss: 0.8662 | P@10: 30.0%
2026-03-13 10:11:35,281 [INFO] --- FIM DA ÉPOCA 148 | Val P@10: 43.052631578947362811505% ---
2026-03-13 10:11:42,113 [INFO] Epoch 149 | Step 0 | LR: 0.00003 | Loss: 2.2048 | P@10: 50.0%
2026-03-13 10:12:46,294 [INFO] Epoch 149 | Step 10 | LR: 0.00003 | Loss: 0.4805 | P@10: 40.0%
2026-03-13 10:13:50,219 [INFO] Epoch 149 | Step 20 | LR: 0.00002 | Loss: 0.8222 | P@10: 60.0%
2026-03-13 10:14:59,344 [INFO] Epoch 149 | Step 30 | LR: 0.00002 | Loss: 0.7485 | P@10: 50.0%
2026-03-13 10:16:03,302 [INFO] Epoch 149 | Step 40 | LR: 0.00002 | Loss: 0.4872 | P@10: 50.0%
2026-03-13 10:17:06,389 [INFO] Epoch 149 | Step 50 | LR: 0.00002 | Loss: 2.6335 | P@10: 40.0%
2026-03-13 10:18:13,092 [INFO] Epoch 149 | Step 60 | LR: 0.00002 | Loss: 2.0344 | P@10: 50.0%
2026-03-13 10:19:17,831 [INFO] Epoch 149 | Step 70 | LR: 0.00002 | Loss: 2.0603 | P@10: 50.0%
2026-03-13 10:19:45,929 [INFO] --- FIM DA ÉPOCA 149 | Val P@10: 42.842105263157883143776% ---
2026-03-13 10:19:52,252 [INFO] Epoch 150 | Step 0 | LR: 0.00002 | Loss: 0.4763 | P@10: 40.0%
2026-03-13 10:20:57,310 [INFO] Epoch 150 | Step 10 | LR: 0.00001 | Loss: 2.1708 | P@10: 50.0%
2026-03-13 10:22:04,625 [INFO] Epoch 150 | Step 20 | LR: 0.00001 | Loss: 0.5282 | P@10: 70.0%
2026-03-13 10:23:09,557 [INFO] Epoch 150 | Step 30 | LR: 0.00001 | Loss: 1.0909 | P@10: 50.0%
2026-03-13 10:24:16,311 [INFO] Epoch 150 | Step 40 | LR: 0.00001 | Loss: 1.1159 | P@10: 50.0%
2026-03-13 10:25:18,168 [INFO] Epoch 150 | Step 50 | LR: 0.00001 | Loss: 0.5076 | P@10: 60.0%
2026-03-13 10:26:22,676 [INFO] Epoch 150 | Step 60 | LR: 0.00001 | Loss: 0.8198 | P@10: 30.0%
2026-03-13 10:27:29,984 [INFO] Epoch 150 | Step 70 | LR: 0.00001 | Loss: 0.4254 | P@10: 40.0%
2026-03-13 10:27:58,650 [INFO] --- FIM DA ÉPOCA 150 | Val P@10: 43.368421052631575207670% ---
