{"type": "FeatureCollection", "features": [{"type": "Feature", "properties": {"id": "4432424.0", "data": "2026-05-24", "hora": "17:18:00", "local": "RODOVIA PARÁ RERIUTABA", "rua": "RODOVIA PARÁ RERIUTABA", "bairro": "", "cidade": "Cariré", "vitimas": 1, "arma": "Arma de fogo", "sexo": "M", "idade": "34.0", "tipo_evento": "HOMICIDIO DOLOSO", "region": "interior"}, "geometry": {"type": "Point", "coordinates": [-40.4765107327, -4.0435448938]}}, {"type": "Feature", "properties": {"id": "4432437.0", "data": "2026-05-24", "hora": "01:40:00", "local": "ESTRADA RIACHO FRESCO", "rua": "ESTRADA RIACHO FRESCO", "bairro": "ITAPAJE", "cidade": "Itapajé", "vitimas": 1, "arma": "Arma de fogo", "sexo": "M", "idade": "20.0", "tipo_evento": "HOMICIDIO DOLOSO", "region": "interior"}, "geometry": {"type": "Point", "coordinates": [-39.5342778039, -3.7456900785]}}, {"type": "Feature", "properties": {"id": "4432478.0", "data": "2026-05-24", "hora": "01:30:00", "local": "R. INÊS CARLOS PINHEIRO RODRIGUES", "rua": "R. INÊS CARLOS PINHEIRO RODRIGUES", "bairro": "", "cidade": "Tauá", "vitimas": 1, "arma": "Arma de fogo", "sexo": "F", "idade": "46.0", "tipo_evento": "HOMICIDIO DOLOSO", "region": "interior"}, "geometry": {"type": "Point", "coordinates": [-40.2838500056, -6.0171431661]}}, {"type": "Feature", "properties": {"id": "4432445.0", "data": "2026-05-23", "hora": "04:20:00", "local": "AVENIDA PLÁCIDO ADERALDO CASTELO", "rua": "AVENIDA PLÁCIDO ADERALDO CASTELO", "bairro": "", "cidade": "Juazeiro do Norte", "vitimas": 1, "arma": "Outros meios", "sexo": "M", "idade": "33.0", "tipo_evento": "HOMICIDIO DOLOSO", "region": "interior"}, "geometry": {"type": "Point", "coordinates": [-39.3168566038, -7.2445285632]}}, {"type": "Feature", "properties": {"id": "4432449.0", "data": "2026-05-23", "hora": "05:40:12", "local": "CE-123", "rua": "CE-123", "bairro": "", "cidade": "Limoeiro do Norte", "vitimas": 1, "arma": "Arma de fogo", "sexo": "M", "idade": "29.0", "tipo_evento": "HOMICIDIO DOLOSO", "region": "interior"}, "geometry": {"type": "Point", "coordinates": [-37.9038674462, -5.1999893101]}}, {"type": "Feature", "properties": {"id": "4432461.0", "data": "2026-05-21", "hora": "02:30:00", "local": "RUA JOÃO RUMÃO DA SILVA", "rua": "RUA JOÃO RUMÃO DA SILVA", "bairro": "PORTEIRAS", "cidade": "Porteiras", "vitimas": 1, "arma": "Arma branca", "sexo": "M", "idade": "33.0", "tipo_evento": "HOMICIDIO DOLOSO", "region": "interior"}, "geometry": {"type": "Point", "coordinates": [-39.1270907327, -7.536918084]}}, {"type": "Feature", "properties": {"id": "4432467.0", "data": "2026-05-21", "hora": "14:15:00", "local": "AVENIDA CORONEL ARAÚJO LIMA", "rua": "AVENIDA CORONEL ARAÚJO LIMA", "bairro": "", "cidade": "Russas", "vitimas": 1, "arma": "Arma branca", "sexo": "M", "idade": "30.0", "tipo_evento": "HOMICIDIO DOLOSO", "region": "interior"}, "geometry": {"type": "Point", "coordinates": [-37.9781839615, -4.9417465723]}}, {"type": "Feature", "properties": {"id": "4432468.0", "data": "2026-05-21", "hora": "12:40:00", "local": "TRAVESSA MARIA GOMES", "rua": "TRAVESSA MARIA GOMES", "bairro": "", "cidade": "Russas", "vitimas": 1, "arma": "Arma de fogo", "sexo": "M", "idade": "30.0", "tipo_evento": "HOMICIDIO DOLOSO", "region": "interior"}, "geometry": {"type": "Point", "coordinates": [-38.0636218327, -5.064134634]}}, {"type": "Feature", "properties": {"id": "4432476.0", "data": "2026-05-21", "hora": "15:30:00", "local": "RUA JUSTINO LUÍZ ARAÚJO", "rua": "RUA JUSTINO LUÍZ ARAÚJO", "bairro": "", "cidade": "Tauá", "vitimas": 1, "arma": "Outros meios", "sexo": "M", "idade": "31.0", "tipo_evento": "HOMICIDIO DOLOSO", "region": "interior"}, "geometry": {"type": "Point", "coordinates": [-40.2053214105, -5.8377166123]}}, {"type": "Feature", "properties": {"id": "4432477.0", "data": "2026-05-21", "hora": "20:00:00", "local": "RUA BANCÁRIO JOSÉ R FONSECA", "rua": "RUA BANCÁRIO JOSÉ R FONSECA", "bairro": "", "cidade": "Tauá", "vitimas": 1, "arma": "Arma de fogo", "sexo": "M", "idade": "28.0", "tipo_evento": "HOMICIDIO DOLOSO", "region": "interior"}, "geometry": {"type": "Point", "coordinates": [-40.2814935837, -6.0067882553]}}, {"type": "Feature", "properties": {"id": "4432387.0", "data": "2026-05-20", "hora": "16:55:00", "local": "RUA IRMÃ AMBROSINA", "rua": "RUA IRMÃ AMBROSINA", "bairro": "SAO BENTO", "cidade": "Eusébio", "vitimas": 1, "arma": "Arma de fogo", "sexo": "F", "idade": "27.0", "tipo_evento": "HOMICIDIO DOLOSO", "region": "rmf"}, "geometry": {"type": "Point", "coordinates": [-38.4497696327, -3.8934255879]}}, {"type": "Feature", "properties": {"id": "4432400.0", "data": "2026-05-20", "hora": "20:20:00", "local": "RUA LUZIA MOREIRA", "rua": "RUA LUZIA MOREIRA", "bairro": "BONSUCESSO", "cidade": "Fortaleza", "vitimas": 1, "arma": "Arma branca", "sexo": "F", "idade": "51.0", "tipo_evento": "FEMINICÍDIO", "region": "fortaleza"}, "geometry": {"type": "Point", "coordinates": [-38.5927563462, -3.7786110962]}}, {"type": "Feature", "properties": {"id": "4432402.0", "data": "2026-05-20", "hora": "18:40:00", "local": "B13 - (COMPLEXO DA BARRA DO CEARÁ)", "rua": "B13 - (COMPLEXO DA BARRA DO CEARÁ)", "bairro": "BARRA DO CEARA", "cidade": "Fortaleza", "vitimas": 1, "arma": "Outros meios", "sexo": "F", "idade": "21.0", "tipo_evento": "FEMINICÍDIO", "region": "fortaleza"}, "geometry": {"type": "Point", "coordinates": [-38.5735509794, -3.7066099641]}}, {"type": "Feature", "properties": {"id": "4432427.0", "data": "2026-05-20", "hora": "18:20:00", "local": "RUA ANTÔNIO FRANCELINO DE SOUSA", "rua": "RUA ANTÔNIO FRANCELINO DE SOUSA", "bairro": "", "cidade": "Farias Brito", "vitimas": 1, "arma": "Arma de fogo", "sexo": "F", "idade": "24.0", "tipo_evento": "HOMICIDIO DOLOSO", "region": "interior"}, "geometry": {"type": "Point", "coordinates": [-39.5702951038, -6.9245975919]}}, {"type": "Feature", "properties": {"id": "4432431.0", "data": "2026-05-20", "hora": "08:45:00", "local": "RUA MANOEL VICENTE DE MELO", "rua": "RUA MANOEL VICENTE DE MELO", "bairro": "GROAIRAS", "cidade": "Groaíras", "vitimas": 1, "arma": "Arma de fogo", "sexo": "M", "idade": "35.0", "tipo_evento": "HOMICIDIO DOLOSO", "region": "interior"}, "geometry": {"type": "Point", "coordinates": [-40.3850689327, -3.9116265807]}}, {"type": "Feature", "properties": {"id": "4432450.0", "data": "2026-05-20", "hora": "06:30:00", "local": "AVENIDA JOSÉ SOBREIRA DA CRUZ", "rua": "AVENIDA JOSÉ SOBREIRA DA CRUZ", "bairro": "", "cidade": "Missão Velha", "vitimas": 1, "arma": "Arma branca", "sexo": "M", "idade": "30.0", "tipo_evento": "HOMICIDIO DOLOSO", "region": "interior"}, "geometry": {"type": "Point", "coordinates": [-39.1386521903, -7.2476967772]}}, {"type": "Feature", "properties": {"id": "4430455.0", "data": "2026-05-19", "hora": "09:29:00", "local": "RUA GERVÁSIO TEIXEIRA", "rua": "RUA GERVÁSIO TEIXEIRA", "bairro": "", "cidade": "Guaiúba", "vitimas": 1, "arma": "Arma de fogo", "sexo": "M", "idade": "23.0", "tipo_evento": "HOMICIDIO DOLOSO", "region": "rmf"}, "geometry": {"type": "Point", "coordinates": [-38.6364630153, -4.0358669426]}}, {"type": "Feature", "properties": {"id": "4430515.0", "data": "2026-05-19", "hora": "04:16:00", "local": "RUA DA PULGA", "rua": "RUA DA PULGA", "bairro": "", "cidade": "Trairi", "vitimas": 1, "arma": "Arma de fogo", "sexo": "M", "idade": "25.0", "tipo_evento": "HOMICIDIO DOLOSO", "region": "rmf"}, "geometry": {"type": "Point", "coordinates": [-39.3660300152, -3.2139565983]}}, {"type": "Feature", "properties": {"id": "4432388.0", "data": "2026-05-19", "hora": "16:26:00", "local": "RODOVIA 4º ANEL VIÁRIO", "rua": "RODOVIA 4º ANEL VIÁRIO", "bairro": "ANCURI", "cidade": "Fortaleza", "vitimas": 1, "arma": "Arma de fogo", "sexo": "M", "idade": "42.0", "tipo_evento": "HOMICIDIO DOLOSO", "region": "fortaleza"}, "geometry": {"type": "Point", "coordinates": [-38.5138026859, -3.8662556156]}}, {"type": "Feature", "properties": {"id": "4432407.0", "data": "2026-05-19", "hora": "13:40:00", "local": "RUA PEDRO ALVARES CABRAL", "rua": "RUA PEDRO ALVARES CABRAL", "bairro": "PACATUBA", "cidade": "Pacatuba", "vitimas": 1, "arma": "Arma branca", "sexo": "M", "idade": "36.0", "tipo_evento": "HOMICIDIO DOLOSO", "region": "rmf"}, "geometry": {"type": "Point", "coordinates": [-38.6112626742, -3.9234679474]}}, {"type": "Feature", "properties": {"id": "4430463.0", "data": "2026-05-18", "hora": "06:00:00", "local": "ESTRADA RECANTO VILA URUBÚ", "rua": "ESTRADA RECANTO VILA URUBÚ", "bairro": "AMONTADA", "cidade": "Amontada", "vitimas": 1, "arma": "Arma de fogo", "sexo": "M", "idade": "26.0", "tipo_evento": "HOMICIDIO DOLOSO", "region": "interior"}, "geometry": {"type": "Point", "coordinates": [-39.7857226708, -3.2741249412]}}, {"type": "Feature", "properties": {"id": "4430469.0", "data": "2026-05-18", "hora": "08:10:00", "local": "ESTRADA JATOBÁ 2", "rua": "ESTRADA JATOBÁ 2", "bairro": "BARREIRA", "cidade": "Barreira", "vitimas": 1, "arma": "Outros meios", "sexo": "M", "idade": "39.0", "tipo_evento": "HOMICIDIO DOLOSO", "region": "interior"}, "geometry": {"type": "Point", "coordinates": [-38.6513258331, -4.2875111739]}}, {"type": "Feature", "properties": {"id": "4430484.0", "data": "2026-05-18", "hora": "04:00:00", "local": "RUA RAIMUNDA ROCHA", "rua": "RUA RAIMUNDA ROCHA", "bairro": "", "cidade": "Itapipoca", "vitimas": 1, "arma": "Arma de fogo", "sexo": "M", "idade": "37.0", "tipo_evento": "HOMICIDIO DOLOSO", "region": "interior"}, "geometry": {"type": "Point", "coordinates": [-39.4978630154, -3.1516249365]}}, {"type": "Feature", "properties": {"id": "4430508.0", "data": "2026-05-18", "hora": "13:30:00", "local": "POVOADO LAGOA DO MEIO", "rua": "POVOADO LAGOA DO MEIO", "bairro": "", "cidade": "Sobral", "vitimas": 1, "arma": "Arma de fogo", "sexo": "M", "idade": "26.0", "tipo_evento": "HOMICIDIO DOLOSO", "region": "interior"}, "geometry": {"type": "Point", "coordinates": [-40.5777254943, -3.7058537653]}}, {"type": "Feature", "properties": {"id": "4430513.0", "data": "2026-05-18", "hora": "09:00:00", "local": "RUA FLORÊNCIO JOSE BARBOSA", "rua": "RUA FLORÊNCIO JOSE BARBOSA", "bairro": "", "cidade": "Trairi", "vitimas": 1, "arma": "Arma de fogo", "sexo": "M", "idade": "56.0", "tipo_evento": "ROUBO SEGUIDO DE MORTE (LATROCINIO)", "region": "rmf"}, "geometry": {"type": "Point", "coordinates": [-39.2804025309, -3.2762346178]}}, {"type": "Feature", "properties": {"id": "4430466.0", "data": "2026-05-17", "hora": "18:00:00", "local": "RUA JOAQUIM PAULINO", "rua": "RUA JOAQUIM PAULINO", "bairro": "", "cidade": "Araripe", "vitimas": 1, "arma": "Arma branca", "sexo": "M", "idade": "39.0", "tipo_evento": "HOMICIDIO DOLOSO", "region": "interior"}, "geometry": {"type": "Point", "coordinates": [-40.1374907331, -7.209533692]}}, {"type": "Feature", "properties": {"id": "4430496.0", "data": "2026-05-17", "hora": "22:00:00", "local": "RUA SANTA RITA", "rua": "RUA SANTA RITA", "bairro": "", "cidade": "Paraipaba", "vitimas": 1, "arma": "Arma branca", "sexo": "M", "idade": "66.0", "tipo_evento": "HOMICIDIO DOLOSO", "region": "rmf"}, "geometry": {"type": "Point", "coordinates": [-39.2040847394, -3.3613200588]}}, {"type": "Feature", "properties": {"id": "4430500.0", "data": "2026-05-17", "hora": "06:00:00", "local": "SITIO MUQUÉM", "rua": "SITIO MUQUÉM", "bairro": "", "cidade": "Porteiras", "vitimas": 1, "arma": "Arma de fogo", "sexo": "M", "idade": "58.0", "tipo_evento": "HOMICIDIO DOLOSO", "region": "interior"}, "geometry": {"type": "Point", "coordinates": [-39.0344074751, -7.5423935642]}}, {"type": "Feature", "properties": {"id": "4430447.0", "data": "2026-05-16", "hora": "02:14:00", "local": "RUA 404", "rua": "RUA 404", "bairro": "JANGURURSSU", "cidade": "Fortaleza", "vitimas": 1, "arma": "Arma de fogo", "sexo": "M", "idade": "32.0", "tipo_evento": "HOMICIDIO DOLOSO", "region": "fortaleza"}, "geometry": {"type": "Point", "coordinates": [-38.5188902448, -3.8327644151]}}, {"type": "Feature", "properties": {"id": "4430472.0", "data": "2026-05-16", "hora": "20:40:00", "local": "RUA PEDRO CRISÓSTOMO", "rua": "RUA PEDRO CRISÓSTOMO", "bairro": "", "cidade": "Brejo Santo", "vitimas": 1, "arma": "Arma de fogo", "sexo": "M", "idade": "19.0", "tipo_evento": "HOMICIDIO DOLOSO", "region": "interior"}, "geometry": {"type": "Point", "coordinates": [-38.9964835153, -7.487287931]}}, {"type": "Feature", "properties": {"id": "4430479.0", "data": "2026-05-16", "hora": "08:40:00", "local": "RUA VALDEVINO CABRAL", "rua": "RUA VALDEVINO CABRAL", "bairro": "", "cidade": "Ibaretama", "vitimas": 1, "arma": "Arma branca", "sexo": "M", "idade": "51.0", "tipo_evento": "HOMICIDIO DOLOSO", "region": "interior"}, "geometry": {"type": "Point", "coordinates": [-38.8229832037, -4.8191237906]}}, {"type": "Feature", "properties": {"id": "4430518.0", "data": "2026-05-16", "hora": "01:30:00", "local": "SITIO JURUMENHA", "rua": "SITIO JURUMENHA", "bairro": "URUOCA", "cidade": "Uruoca", "vitimas": 1, "arma": "Arma branca", "sexo": "M", "idade": "31.0", "tipo_evento": "HOMICIDIO DOLOSO", "region": "interior"}, "geometry": {"type": "Point", "coordinates": [-40.7014207684, -3.3557933899]}}, {"type": "Feature", "properties": {"id": "4430449.0", "data": "2026-05-15", "hora": "01:41:00", "local": "RUA WALDA GUIMARÃES SAUNDERS", "rua": "RUA WALDA GUIMARÃES SAUNDERS", "bairro": "CAJAZEIRAS", "cidade": "Fortaleza", "vitimas": 1, "arma": "Arma de fogo", "sexo": "M", "idade": "26.0", "tipo_evento": "HOMICIDIO DOLOSO", "region": "fortaleza"}, "geometry": {"type": "Point", "coordinates": [-38.5050006743, -3.8144290076]}}, {"type": "Feature", "properties": {"id": "4430473.0", "data": "2026-05-15", "hora": "10:00:00", "local": "RUA ISABEL MENDES", "rua": "RUA ISABEL MENDES", "bairro": "", "cidade": "Campos Sales", "vitimas": 1, "arma": "Arma de fogo", "sexo": "M", "idade": "34.0", "tipo_evento": "HOMICIDIO DOLOSO", "region": "interior"}, "geometry": {"type": "Point", "coordinates": [-40.3688882331, -7.0799846878]}}, {"type": "Feature", "properties": {"id": "4430474.0", "data": "2026-05-15", "hora": "11:00:00", "local": "ESTRADA SEM NOME", "rua": "ESTRADA SEM NOME", "bairro": "CARNAUBAL", "cidade": "Carnaubal", "vitimas": 1, "arma": "Arma de fogo", "sexo": "M", "idade": "50.0", "tipo_evento": "HOMICIDIO DOLOSO", "region": "interior"}, "geometry": {"type": "Point", "coordinates": [-41.0015156853, -4.1661851857]}}, {"type": "Feature", "properties": {"id": "4428911.0", "data": "2026-05-14", "hora": "04:50:00", "local": "CE-168", "rua": "CE-168", "bairro": "", "cidade": "Itapipoca", "vitimas": 1, "arma": "Arma de fogo", "sexo": "F", "idade": "32.0", "tipo_evento": "HOMICIDIO DOLOSO", "region": "interior"}, "geometry": {"type": "Point", "coordinates": [-39.5177791448, -3.1855381894]}}, {"type": "Feature", "properties": {"id": "4428922.0", "data": "2026-05-14", "hora": "18:00:00", "local": "VILA SARAÍVA", "rua": "VILA SARAÍVA", "bairro": "POTENGI", "cidade": "Potengi", "vitimas": 1, "arma": "Arma de fogo", "sexo": "M", "idade": "36.0", "tipo_evento": "HOMICIDIO DOLOSO", "region": "interior"}, "geometry": {"type": "Point", "coordinates": [-40.0116055878, -7.0893813211]}}, {"type": "Feature", "properties": {"id": "4428899.0", "data": "2026-05-13", "hora": "18:30:00", "local": "ESTRADA OLHO D'ÁGUA DOS FACUNDOS", "rua": "ESTRADA OLHO D'ÁGUA DOS FACUNDOS", "bairro": "", "cidade": "Boa Viagem", "vitimas": 1, "arma": "Arma de fogo", "sexo": "M", "idade": "45.0", "tipo_evento": "HOMICIDIO DOLOSO", "region": "interior"}, "geometry": {"type": "Point", "coordinates": [-39.6919464154, -4.9899859668]}}, {"type": "Feature", "properties": {"id": "4428932.0", "data": "2026-05-13", "hora": "13:30:00", "local": "ESTRADA SEM NOME", "rua": "ESTRADA SEM NOME", "bairro": "TIANGUA", "cidade": "Tianguá", "vitimas": 1, "arma": "Arma de fogo", "sexo": "M", "idade": "29.0", "tipo_evento": "HOMICIDIO DOLOSO", "region": "interior"}, "geometry": {"type": "Point", "coordinates": [-41.0086111037, -3.751931683]}}, {"type": "Feature", "properties": {"id": "4427679.0", "data": "2026-05-12", "hora": "20:40:00", "local": "POVOADO AREIAS", "rua": "POVOADO AREIAS", "bairro": "ITAPAJE", "cidade": "Itapajé", "vitimas": 1, "arma": "Arma de fogo", "sexo": "M", "idade": "18.0", "tipo_evento": "HOMICIDIO DOLOSO", "region": "interior"}, "geometry": {"type": "Point", "coordinates": [-39.5447228742, -3.7530415448]}}, {"type": "Feature", "properties": {"id": "4427684.0", "data": "2026-05-12", "hora": "10:53:00", "local": "CE-375", "rua": "CE-375", "bairro": "", "cidade": "Jucás", "vitimas": 1, "arma": "Arma branca", "sexo": "M", "idade": "60.0", "tipo_evento": "HOMICIDIO DOLOSO", "region": "interior"}, "geometry": {"type": "Point", "coordinates": [-39.4576175065, -6.4778117478]}}, {"type": "Feature", "properties": {"id": "4427687.0", "data": "2026-05-12", "hora": "06:17:00", "local": "RUA FRANCISCO GALVÃO", "rua": "RUA FRANCISCO GALVÃO", "bairro": "", "cidade": "Morada Nova", "vitimas": 1, "arma": "Arma de fogo", "sexo": "M", "idade": "39.0", "tipo_evento": "HOMICIDIO DOLOSO", "region": "interior"}, "geometry": {"type": "Point", "coordinates": [-38.3588573448, -4.5743566271]}}, {"type": "Feature", "properties": {"id": "4427692.0", "data": "2026-05-12", "hora": "07:30:00", "local": "BR-226", "rua": "BR-226", "bairro": "", "cidade": "Pedra Branca", "vitimas": 1, "arma": "Arma de fogo", "sexo": "M", "idade": "27.0", "tipo_evento": "HOMICIDIO DOLOSO", "region": "interior"}, "geometry": {"type": "Point", "coordinates": [-39.7150013448, -5.4552617742]}}, {"type": "Feature", "properties": {"id": "4427695.0", "data": "2026-05-12", "hora": "16:50:00", "local": "RUA ABRAÃO BAQUIT", "rua": "RUA ABRAÃO BAQUIT", "bairro": "", "cidade": "Quixadá", "vitimas": 1, "arma": "Arma de fogo", "sexo": "M", "idade": "42.0", "tipo_evento": "HOMICIDIO DOLOSO", "region": "interior"}, "geometry": {"type": "Point", "coordinates": [-39.0357226742, -4.9652001982]}}, {"type": "Feature", "properties": {"id": "4427703.0", "data": "2026-05-12", "hora": "22:30:00", "local": "RUA HOSPITAL", "rua": "RUA HOSPITAL", "bairro": "", "cidade": "Trairi", "vitimas": 1, "arma": "Arma de fogo", "sexo": "M", "idade": "15.0", "tipo_evento": "HOMICIDIO DOLOSO", "region": "rmf"}, "geometry": {"type": "Point", "coordinates": [-39.3719444037, -3.2208178984]}}, {"type": "Feature", "properties": {"id": "4427115.0", "data": "2026-05-11", "hora": "05:28:00", "local": "RUA JOÃO NONATO COSTA", "rua": "RUA JOÃO NONATO COSTA", "bairro": "ENGENHEIRO LUCIANO CAVALCANTE", "cidade": "Fortaleza", "vitimas": 1, "arma": "Arma de fogo", "sexo": "M", "idade": "39.0", "tipo_evento": "HOMICIDIO DOLOSO", "region": "fortaleza"}, "geometry": {"type": "Point", "coordinates": [-38.4933013708, -3.7693854301]}}, {"type": "Feature", "properties": {"id": "4427136.0", "data": "2026-05-11", "hora": "03:00:00", "local": "RUA MARIA APARECIDA LIMA BARBOSA", "rua": "RUA MARIA APARECIDA LIMA BARBOSA", "bairro": "ITAPAJE", "cidade": "Itapajé", "vitimas": 1, "arma": "Arma de fogo", "sexo": "M", "idade": "47.0", "tipo_evento": "HOMICIDIO DOLOSO", "region": "interior"}, "geometry": {"type": "Point", "coordinates": [-39.5808339708, -3.6841653614]}}, {"type": "Feature", "properties": {"id": "4427148.0", "data": "2026-05-11", "hora": "20:23:00", "local": "AVENIDA LAURINDO GOMES", "rua": "AVENIDA LAURINDO GOMES", "bairro": "", "cidade": "Quiterianópolis", "vitimas": 1, "arma": "Arma de fogo", "sexo": "M", "idade": "40.0", "tipo_evento": "HOMICIDIO DOLOSO", "region": "interior"}, "geometry": {"type": "Point", "coordinates": [-40.7044098038, -5.849272987]}}, {"type": "Feature", "properties": {"id": "4427157.0", "data": "2026-05-11", "hora": "10:00:00", "local": "ESTRADA SEM NOME", "rua": "ESTRADA SEM NOME", "bairro": "TRAIRI", "cidade": "Trairi", "vitimas": 1, "arma": "Outros meios", "sexo": "F", "idade": "36.0", "tipo_evento": "FEMINICÍDIO", "region": "rmf"}, "geometry": {"type": "Point", "coordinates": [-39.3955556037, -3.3549846003]}}, {"type": "Feature", "properties": {"id": "4427158.0", "data": "2026-05-11", "hora": "03:00:00", "local": "RUA POETA PERGENTINO BRITO DE LIMA", "rua": "RUA POETA PERGENTINO BRITO DE LIMA", "bairro": "VARZEA ALEGRE", "cidade": "Várzea Alegre", "vitimas": 1, "arma": "Arma de fogo", "sexo": "M", "idade": "", "tipo_evento": "HOMICIDIO DOLOSO", "region": "interior"}, "geometry": {"type": "Point", "coordinates": [-39.2897419036, -6.7961776789]}}, {"type": "Feature", "properties": {"id": "4426393.0", "data": "2026-05-10", "hora": "03:00:00", "local": "RUA LUCIA HELENA DO NASCIMENTO", "rua": "RUA LUCIA HELENA DO NASCIMENTO", "bairro": "CAJAZEIRAS", "cidade": "Fortaleza", "vitimas": 1, "arma": "Arma de fogo", "sexo": "M", "idade": "28.0", "tipo_evento": "HOMICIDIO DOLOSO", "region": "fortaleza"}, "geometry": {"type": "Point", "coordinates": [-38.5038902448, -3.8152650839]}}, {"type": "Feature", "properties": {"id": "4426399.0", "data": "2026-05-10", "hora": "01:00:00", "local": "RUA RAIMUNDO DIAS OLIVEIRA", "rua": "RUA RAIMUNDO DIAS OLIVEIRA", "bairro": "", "cidade": "Aiuaba", "vitimas": 1, "arma": "Arma branca", "sexo": "M", "idade": "20.0", "tipo_evento": "HOMICIDIO DOLOSO", "region": "interior"}, "geometry": {"type": "Point", "coordinates": [-40.1232281555, -6.5722744114]}}, {"type": "Feature", "properties": {"id": "4426400.0", "data": "2026-05-10", "hora": "01:00:00", "local": "CONJUNTO FRANCISCO WILKER CAMPELO BEZERRA", "rua": "CONJUNTO FRANCISCO WILKER CAMPELO BEZERRA", "bairro": "ALTO SANTO", "cidade": "Alto Santo", "vitimas": 1, "arma": "Arma de fogo", "sexo": "M", "idade": "19.0", "tipo_evento": "HOMICIDIO DOLOSO", "region": "interior"}, "geometry": {"type": "Point", "coordinates": [-38.263053592, -5.4969290427]}}, {"type": "Feature", "properties": {"id": "4426405.0", "data": "2026-05-10", "hora": "19:00:00", "local": "RUA FRANCISCO FERREIRA DE ARAÚJO", "rua": "RUA FRANCISCO FERREIRA DE ARAÚJO", "bairro": "", "cidade": "Barbalha", "vitimas": 1, "arma": "Arma de fogo", "sexo": "F", "idade": "30.0", "tipo_evento": "HOMICIDIO DOLOSO", "region": "interior"}, "geometry": {"type": "Point", "coordinates": [-39.3030451036, -7.318982856]}}, {"type": "Feature", "properties": {"id": "4426427.0", "data": "2026-05-10", "hora": "10:35:00", "local": "SITIO GANGORRINHA", "rua": "SITIO GANGORRINHA", "bairro": "", "cidade": "Tabuleiro do Norte", "vitimas": 1, "arma": "Arma de fogo", "sexo": "M", "idade": "33.0", "tipo_evento": "HOMICIDIO DOLOSO", "region": "interior"}, "geometry": {"type": "Point", "coordinates": [-38.1077771331, -5.2899859731]}}, {"type": "Feature", "properties": {"id": "4426413.0", "data": "2026-05-09", "hora": "08:30:00", "local": "ESTRADA JOSÉ VILA DOS PRACIANOS", "rua": "ESTRADA JOSÉ VILA DOS PRACIANOS", "bairro": "", "cidade": "Itapipoca", "vitimas": 1, "arma": "Arma de fogo", "sexo": "M", "idade": "26.0", "tipo_evento": "HOMICIDIO DOLOSO", "region": "interior"}, "geometry": {"type": "Point", "coordinates": [-39.4171900037, -3.1795975978]}}, {"type": "Feature", "properties": {"id": "4426415.0", "data": "2026-05-09", "hora": "03:20:00", "local": "RUA JAIME DORCY", "rua": "RUA JAIME DORCY", "bairro": "", "cidade": "Juazeiro do Norte", "vitimas": 1, "arma": "Arma de fogo", "sexo": "F", "idade": "44.0", "tipo_evento": "HOMICIDIO DOLOSO", "region": "interior"}, "geometry": {"type": "Point", "coordinates": [-39.3210985331, -7.2316609232]}}, {"type": "Feature", "properties": {"id": "4426423.0", "data": "2026-05-09", "hora": "02:45:00", "local": "RUA BELA VISTA", "rua": "RUA BELA VISTA", "bairro": "", "cidade": "Sobral", "vitimas": 1, "arma": "Arma de fogo", "sexo": "M", "idade": "37.0", "tipo_evento": "HOMICIDIO DOLOSO", "region": "interior"}, "geometry": {"type": "Point", "coordinates": [-40.4988909154, -3.7863741762]}}, {"type": "Feature", "properties": {"id": "4426428.0", "data": "2026-05-09", "hora": "19:50:00", "local": "ESTRADA BOM FIM 1", "rua": "ESTRADA BOM FIM 1", "bairro": "", "cidade": "Trairi", "vitimas": 1, "arma": "Arma de fogo", "sexo": "M", "idade": "42.0", "tipo_evento": "HOMICIDIO DOLOSO", "region": "rmf"}, "geometry": {"type": "Point", "coordinates": [-39.2764823331, -3.4058876092]}}, {"type": "Feature", "properties": {"id": "4426414.0", "data": "2026-05-08", "hora": "08:26:00", "local": "ESTRADA ITAPIPOCA BROTAS", "rua": "ESTRADA ITAPIPOCA BROTAS", "bairro": "", "cidade": "Itapipoca", "vitimas": 1, "arma": "Arma de fogo", "sexo": "M", "idade": "15.0", "tipo_evento": "HOMICIDIO DOLOSO", "region": "interior"}, "geometry": {"type": "Point", "coordinates": [-39.7510690003, -3.5552039531]}}, {"type": "Feature", "properties": {"id": "4426063.0", "data": "2026-05-07", "hora": "20:30:00", "local": "RUA SENADOR POMPEU", "rua": "RUA SENADOR POMPEU", "bairro": "CONJUNTO PALMEIRAS", "cidade": "Maracanaú", "vitimas": 1, "arma": "Arma de fogo", "sexo": "M", "idade": "32.0", "tipo_evento": "HOMICIDIO DOLOSO", "region": "rmf"}, "geometry": {"type": "Point", "coordinates": [-38.5732664327, -3.8647280784]}}, {"type": "Feature", "properties": {"id": "4426064.0", "data": "2026-05-07", "hora": "16:50:00", "local": "ESTR. SABIAGUABA", "rua": "ESTR. SABIAGUABA", "bairro": "", "cidade": "Amontada", "vitimas": 1, "arma": "Arma de fogo", "sexo": "M", "idade": "24.0", "tipo_evento": "HOMICIDIO DOLOSO", "region": "interior"}, "geometry": {"type": "Point", "coordinates": [-39.5775494615, -3.0918545704]}}, {"type": "Feature", "properties": {"id": "4426068.0", "data": "2026-05-07", "hora": "05:00:00", "local": "RUA TREZE DE DEZEMBRO", "rua": "RUA TREZE DE DEZEMBRO", "bairro": "", "cidade": "Crato", "vitimas": 1, "arma": "Arma branca", "sexo": "M", "idade": "31.0", "tipo_evento": "HOMICIDIO DOLOSO", "region": "interior"}, "geometry": {"type": "Point", "coordinates": [-39.4247329327, -7.2316134753]}}, {"type": "Feature", "properties": {"id": "4426069.0", "data": "2026-05-07", "hora": "11:00:00", "local": "AVENIDA ANTÔNIO DAVI", "rua": "AVENIDA ANTÔNIO DAVI", "bairro": "", "cidade": "Frecheirinha", "vitimas": 1, "arma": "Arma de fogo", "sexo": "M", "idade": "17.0", "tipo_evento": "HOMICIDIO DOLOSO", "region": "interior"}, "geometry": {"type": "Point", "coordinates": [-40.812739275, -3.7707178794]}}, {"type": "Feature", "properties": {"id": "4426075.0", "data": "2026-05-07", "hora": "20:52:00", "local": "ESTRADA SEM NOME", "rua": "ESTRADA SEM NOME", "bairro": "", "cidade": "Monsenhor Tabosa", "vitimas": 1, "arma": "Arma de fogo", "sexo": "M", "idade": "53.0", "tipo_evento": "HOMICIDIO DOLOSO", "region": "interior"}, "geometry": {"type": "Point", "coordinates": [-39.9756294882, -4.9915781884]}}, {"type": "Feature", "properties": {"id": "4426065.0", "data": "2026-05-06", "hora": "11:10:00", "local": "RUA MANOEL SOARES GUIMARÃES", "rua": "RUA MANOEL SOARES GUIMARÃES", "bairro": "", "cidade": "Apuiarés", "vitimas": 1, "arma": "Arma de fogo", "sexo": "M", "idade": "50.0", "tipo_evento": "HOMICIDIO DOLOSO", "region": "interior"}, "geometry": {"type": "Point", "coordinates": [-39.4276394615, -3.9445774789]}}, {"type": "Feature", "properties": {"id": "4426074.0", "data": "2026-05-06", "hora": "05:30:00", "local": "CE-363", "rua": "CE-363", "bairro": "", "cidade": "Mombaça", "vitimas": 1, "arma": "Arma branca", "sexo": "M", "idade": "35.0", "tipo_evento": "HOMICIDIO DOLOSO", "region": "interior"}, "geometry": {"type": "Point", "coordinates": [-39.5844444038, -5.7071474647]}}, {"type": "Feature", "properties": {"id": "4426078.0", "data": "2026-05-06", "hora": "10:30:00", "local": "RUA LUÍS MOREIRA DE LIMA", "rua": "RUA LUÍS MOREIRA DE LIMA", "bairro": "", "cidade": "Parambu", "vitimas": 1, "arma": "Arma de fogo", "sexo": "M", "idade": "38.0", "tipo_evento": "HOMICIDIO DOLOSO", "region": "interior"}, "geometry": {"type": "Point", "coordinates": [-40.6930877903, -6.214433728]}}, {"type": "Feature", "properties": {"id": "4426059.0", "data": "2026-05-05", "hora": "05:46:00", "local": "CUMBUCA", "rua": "CUMBUCA", "bairro": "CURIÓ", "cidade": "Fortaleza", "vitimas": 1, "arma": "Arma de fogo", "sexo": "M", "idade": "41.0", "tipo_evento": "HOMICIDIO DOLOSO", "region": "fortaleza"}, "geometry": {"type": "Point", "coordinates": [-38.4747329327, -3.8205663011]}}, {"type": "Feature", "properties": {"id": "4426062.0", "data": "2026-05-05", "hora": "19:52:00", "local": "RUA LIZETE VANDERLEI", "rua": "RUA LIZETE VANDERLEI", "bairro": "ANCURI", "cidade": "Itaitinga", "vitimas": 1, "arma": "Arma branca", "sexo": "M", "idade": "47.0", "tipo_evento": "HOMICIDIO DOLOSO", "region": "rmf"}, "geometry": {"type": "Point", "coordinates": [-38.5200000039, -3.9018908762]}}, {"type": "Feature", "properties": {"id": "4426067.0", "data": "2026-05-05", "hora": "15:53:00", "local": "LADISLAU VIEIRA CARNEIRO", "rua": "LADISLAU VIEIRA CARNEIRO", "bairro": "", "cidade": "Boa Viagem", "vitimas": 1, "arma": "Arma de fogo", "sexo": "M", "idade": "49.0", "tipo_evento": "HOMICIDIO DOLOSO", "region": "interior"}, "geometry": {"type": "Point", "coordinates": [-39.7373420327, -5.1210378368]}}, {"type": "Feature", "properties": {"id": "4426076.0", "data": "2026-05-05", "hora": "10:00:00", "local": "ESTRADA SÍTIO CIRIDOR", "rua": "ESTRADA SÍTIO CIRIDOR", "bairro": "", "cidade": "Morada Nova", "vitimas": 1, "arma": "Arma branca", "sexo": "F", "idade": "81.0", "tipo_evento": "HOMICIDIO DOLOSO", "region": "interior"}, "geometry": {"type": "Point", "coordinates": [-38.388906275, -4.8984042365]}}, {"type": "Feature", "properties": {"id": "4424238.0", "data": "2026-05-04", "hora": "13:40:00", "local": "CE-187", "rua": "CE-187", "bairro": "", "cidade": "Ipu", "vitimas": 1, "arma": "Arma de fogo", "sexo": "M", "idade": "25.0", "tipo_evento": "HOMICIDIO DOLOSO", "region": "interior"}, "geometry": {"type": "Point", "coordinates": [-40.715822575, -4.3305341992]}}, {"type": "Feature", "properties": {"id": "4424241.0", "data": "2026-05-04", "hora": "03:00:00", "local": "CE-187", "rua": "CE-187", "bairro": "", "cidade": "Salitre", "vitimas": 1, "arma": "Arma de fogo", "sexo": "M", "idade": "27.0", "tipo_evento": "HOMICIDIO DOLOSO", "region": "interior"}, "geometry": {"type": "Point", "coordinates": [-40.443044875, -7.2877245819]}}, {"type": "Feature", "properties": {"id": "4424234.0", "data": "2026-05-03", "hora": "13:30:00", "local": "RUA ITAPOÃ", "rua": "RUA ITAPOÃ", "bairro": "SIQUEIRA", "cidade": "Fortaleza", "vitimas": 1, "arma": "Arma de fogo", "sexo": "M", "idade": "22.0", "tipo_evento": "HOMICIDIO DOLOSO", "region": "fortaleza"}, "geometry": {"type": "Point", "coordinates": [-38.6167350039, -3.816683576]}}, {"type": "Feature", "properties": {"id": "4424237.0", "data": "2026-05-03", "hora": "03:00:00", "local": "V5VX+PV LAPA", "rua": "V5VX+PV LAPA", "bairro": "", "cidade": "Graça", "vitimas": 1, "arma": "Arma de fogo", "sexo": "F", "idade": "41.0", "tipo_evento": "HOMICIDIO DOLOSO", "region": "interior"}, "geometry": {"type": "Point", "coordinates": [-40.8003554192, -4.1056767946]}}, {"type": "Feature", "properties": {"id": "4424239.0", "data": "2026-05-03", "hora": "17:52:00", "local": "RUA CHICO FURNA", "rua": "RUA CHICO FURNA", "bairro": "", "cidade": "Itapajé", "vitimas": 1, "arma": "Arma de fogo", "sexo": "M", "idade": "33.0", "tipo_evento": "HOMICIDIO DOLOSO", "region": "interior"}, "geometry": {"type": "Point", "coordinates": [-39.5852871615, -3.6768234963]}}, {"type": "Feature", "properties": {"id": "4424240.0", "data": "2026-05-03", "hora": "18:20:00", "local": "SERRA DOS BATISTAS", "rua": "SERRA DOS BATISTAS", "bairro": "", "cidade": "Parambu", "vitimas": 1, "arma": "Arma de fogo", "sexo": "M", "idade": "45.0", "tipo_evento": "HOMICIDIO DOLOSO", "region": "interior"}, "geometry": {"type": "Point", "coordinates": [-40.7858440327, -6.2877564651]}}, {"type": "Feature", "properties": {"id": "4424242.0", "data": "2026-05-02", "hora": "09:50:00", "local": "RUA JOÃO PAULO I", "rua": "RUA JOÃO PAULO I", "bairro": "", "cidade": "Sobral", "vitimas": 1, "arma": "Arma de fogo", "sexo": "M", "idade": "29.0", "tipo_evento": "HOMICIDIO DOLOSO", "region": "interior"}, "geometry": {"type": "Point", "coordinates": [-40.3386684536, -3.6652260937]}}, {"type": "Feature", "properties": {"id": "4424235.0", "data": "2026-05-01", "hora": "17:30:00", "local": "SÍTIO BARRO BRANCO", "rua": "SÍTIO BARRO BRANCO", "bairro": "", "cidade": "Barbalha", "vitimas": 1, "arma": "Arma de fogo", "sexo": "M", "idade": "34.0", "tipo_evento": "HOMICIDIO DOLOSO", "region": "interior"}, "geometry": {"type": "Point", "coordinates": [-39.2483857327, -7.3203690685]}}, {"type": "Feature", "properties": {"id": "4424243.0", "data": "2026-05-01", "hora": "03:30:00", "local": "RUA MARIA ALICE BARRETO", "rua": "RUA MARIA ALICE BARRETO", "bairro": "", "cidade": "Sobral", "vitimas": 1, "arma": "Arma de fogo", "sexo": "M", "idade": "19.0", "tipo_evento": "HOMICIDIO DOLOSO", "region": "interior"}, "geometry": {"type": "Point", "coordinates": [-40.3418963529, -3.6790730941]}}, {"type": "Feature", "properties": {"id": "4424219.0", "data": "2026-04-29", "hora": "09:35:00", "local": "RUA SEBASTIÃO MIRANDA", "rua": "RUA SEBASTIÃO MIRANDA", "bairro": "CARIRE", "cidade": "Cariré", "vitimas": 1, "arma": "Arma de fogo", "sexo": "M", "idade": "19.0", "tipo_evento": "HOMICIDIO DOLOSO", "region": "interior"}, "geometry": {"type": "Point", "coordinates": [-40.4795046463, -3.9464420803]}}, {"type": "Feature", "properties": {"id": "4424220.0", "data": "2026-04-29", "hora": "00:30:00", "local": "SITIO LAGOA", "rua": "SITIO LAGOA", "bairro": "", "cidade": "São Benedito", "vitimas": 1, "arma": "Arma de fogo", "sexo": "M", "idade": "16.0", "tipo_evento": "HOMICIDIO DOLOSO", "region": "interior"}, "geometry": {"type": "Point", "coordinates": [-40.8847981536, -4.0556717873]}}, {"type": "Feature", "properties": {"id": "4424221.0", "data": "2026-04-29", "hora": "11:20:00", "local": "RUA CATULO DA PAIXÃO CEARENSE", "rua": "RUA CATULO DA PAIXÃO CEARENSE", "bairro": "", "cidade": "Juazeiro do Norte", "vitimas": 1, "arma": "Arma branca", "sexo": "M", "idade": "72.0", "tipo_evento": "HOMICIDIO DOLOSO", "region": "interior"}, "geometry": {"type": "Point", "coordinates": [-39.3249902026, -7.2258426895]}}, {"type": "Feature", "properties": {"id": "4424216.0", "data": "2026-04-28", "hora": "20:45:00", "local": "CONJUNTO LÚCIA DE FÁTIMA ASSUNÇÃO MELO", "rua": "CONJUNTO LÚCIA DE FÁTIMA ASSUNÇÃO MELO", "bairro": "", "cidade": "Itatira", "vitimas": 1, "arma": "Arma de fogo", "sexo": "M", "idade": "24.0", "tipo_evento": "HOMICIDIO DOLOSO", "region": "interior"}, "geometry": {"type": "Point", "coordinates": [-39.6745904615, -4.6378453016]}}, {"type": "Feature", "properties": {"id": "4424217.0", "data": "2026-04-28", "hora": "18:40:00", "local": "RUA ANTÔNIO LEITÃO DE MENDONÇA", "rua": "RUA ANTÔNIO LEITÃO DE MENDONÇA", "bairro": "", "cidade": "Catarina", "vitimas": 1, "arma": "Arma de fogo", "sexo": "M", "idade": "51.0", "tipo_evento": "HOMICIDIO DOLOSO", "region": "interior"}, "geometry": {"type": "Point", "coordinates": [-39.8794658615, -6.1344017242]}}, {"type": "Feature", "properties": {"id": "4424218.0", "data": "2026-04-28", "hora": "20:00:00", "local": "ESTRADA SEM NOME", "rua": "ESTRADA SEM NOME", "bairro": "", "cidade": "Aracati", "vitimas": 1, "arma": "Arma de fogo", "sexo": "F", "idade": "30.0", "tipo_evento": "HOMICIDIO DOLOSO", "region": "interior"}, "geometry": {"type": "Point", "coordinates": [-37.4135885507, -4.8300856785]}}, {"type": "Feature", "properties": {"id": "4424209.0", "data": "2026-04-27", "hora": "13:12:00", "local": "AVENIDA WASHINGTON SOARES", "rua": "AVENIDA WASHINGTON SOARES", "bairro": "CAMBEBA", "cidade": "Fortaleza", "vitimas": 1, "arma": "Arma de fogo", "sexo": "M", "idade": "29.0", "tipo_evento": "HOMICIDIO DOLOSO", "region": "fortaleza"}, "geometry": {"type": "Point", "coordinates": [-38.4817395109, -3.815106736]}}, {"type": "Feature", "properties": {"id": "4424210.0", "data": "2026-04-27", "hora": "10:24:00", "local": "RUA PAULO BATISTA DOS SANTOS", "rua": "RUA PAULO BATISTA DOS SANTOS", "bairro": "CANINDEZINHO", "cidade": "Maracanaú", "vitimas": 1, "arma": "Outros meios", "sexo": "M", "idade": "58.0", "tipo_evento": "HOMICIDIO DOLOSO", "region": "rmf"}, "geometry": {"type": "Point", "coordinates": [-38.5772586039, -3.8476307961]}}, {"type": "Feature", "properties": {"id": "4424211.0", "data": "2026-04-27", "hora": "06:00:00", "local": "RUA LÔBO DOS SANTOS", "rua": "RUA LÔBO DOS SANTOS", "bairro": "", "cidade": "Canindé", "vitimas": 1, "arma": "Arma de fogo", "sexo": "M", "idade": "28.0", "tipo_evento": "HOMICIDIO DOLOSO", "region": "interior"}, "geometry": {"type": "Point", "coordinates": [-39.249155975, -4.640010689]}}, {"type": "Feature", "properties": {"id": "4424212.0", "data": "2026-04-27", "hora": "01:50:00", "local": "MORRO BRANCO", "rua": "MORRO BRANCO", "bairro": "", "cidade": "Barbalha", "vitimas": 1, "arma": "Arma de fogo", "sexo": "M", "idade": "29.0", "tipo_evento": "HOMICIDIO DOLOSO", "region": "interior"}, "geometry": {"type": "Point", "coordinates": [-39.2505556038, -7.3171477024]}}, {"type": "Feature", "properties": {"id": "4424213.0", "data": "2026-04-27", "hora": "03:00:00", "local": "RUA DA IGREJA", "rua": "RUA DA IGREJA", "bairro": "QUITERIANOPOLIS", "cidade": "Quiterianópolis", "vitimas": 1, "arma": "Arma branca", "sexo": "M", "idade": "20.0", "tipo_evento": "HOMICIDIO DOLOSO", "region": "interior"}, "geometry": {"type": "Point", "coordinates": [-40.7187193904, -5.8837341771]}}, {"type": "Feature", "properties": {"id": "4424214.0", "data": "2026-04-27", "hora": "12:20:00", "local": "RUA PEDRO PEREIRA", "rua": "RUA PEDRO PEREIRA", "bairro": "", "cidade": "Aracati", "vitimas": 1, "arma": "Arma branca", "sexo": "M", "idade": "66.0", "tipo_evento": "HOMICIDIO DOLOSO", "region": "interior"}, "geometry": {"type": "Point", "coordinates": [-37.7743433615, -4.5655465954]}}, {"type": "Feature", "properties": {"id": "4424206.0", "data": "2026-04-26", "hora": "06:29:00", "local": "ESTRADA SEM NOME", "rua": "ESTRADA SEM NOME", "bairro": "", "cidade": "Morada Nova", "vitimas": 1, "arma": "Arma de fogo", "sexo": "M", "idade": "41.0", "tipo_evento": "HOMICIDIO DOLOSO", "region": "interior"}, "geometry": {"type": "Point", "coordinates": [-38.4041667039, -4.7574679196]}}, {"type": "Feature", "properties": {"id": "4424208.0", "data": "2026-04-26", "hora": "09:16:00", "local": "RUA HELENO MOURA", "rua": "RUA HELENO MOURA", "bairro": "DEMÓCRITO ROCHA", "cidade": "Fortaleza", "vitimas": 1, "arma": "Arma branca", "sexo": "M", "idade": "22.0", "tipo_evento": "HOMICIDIO DOLOSO", "region": "fortaleza"}, "geometry": {"type": "Point", "coordinates": [-38.5654589039, -3.7641419791]}}, {"type": "Feature", "properties": {"id": "4424215.0", "data": "2026-04-26", "hora": "02:30:00", "local": "ESTRADA SEM NOME", "rua": "ESTRADA SEM NOME", "bairro": "", "cidade": "Crato", "vitimas": 1, "arma": "Arma de fogo", "sexo": "M", "idade": "16.0", "tipo_evento": "HOMICIDIO DOLOSO", "region": "interior"}, "geometry": {"type": "Point", "coordinates": [-39.420544875, -7.2730662352]}}, {"type": "Feature", "properties": {"id": "4424199.0", "data": "2026-04-25", "hora": "23:00:00", "local": "CE-176", "rua": "CE-176", "bairro": "", "cidade": "Independência", "vitimas": 1, "arma": "Arma de fogo", "sexo": "M", "idade": "35.0", "tipo_evento": "HOMICIDIO DOLOSO", "region": "interior"}, "geometry": {"type": "Point", "coordinates": [-40.3105556039, -5.4291453331]}}, {"type": "Feature", "properties": {"id": "4424200.0", "data": "2026-04-25", "hora": "18:30:00", "local": "AREA SEM NOME", "rua": "AREA SEM NOME", "bairro": "", "cidade": "Juazeiro do Norte", "vitimas": 1, "arma": "Arma de fogo", "sexo": "M", "idade": "37.0", "tipo_evento": "HOMICIDIO DOLOSO", "region": "interior"}, "geometry": {"type": "Point", "coordinates": [-39.3363875327, -7.2498008344]}}, {"type": "Feature", "properties": {"id": "4424201.0", "data": "2026-04-25", "hora": "18:57:00", "local": "RUA JOÃO PEREIRA DE CARVALHO", "rua": "RUA JOÃO PEREIRA DE CARVALHO", "bairro": "", "cidade": "Juazeiro do Norte", "vitimas": 1, "arma": "Arma de fogo", "sexo": "M", "idade": "30.0", "tipo_evento": "HOMICIDIO DOLOSO", "region": "interior"}, "geometry": {"type": "Point", "coordinates": [-39.285544875, -7.2480236634]}}, {"type": "Feature", "properties": {"id": "4424202.0", "data": "2026-04-25", "hora": "18:15:00", "local": "ESTRADA PARA ACOPIARA", "rua": "ESTRADA PARA ACOPIARA", "bairro": "DEPUTADO IRAPUAN PINHEIRO", "cidade": "Deputado Irapuan Pinheiro", "vitimas": 1, "arma": "Arma de fogo", "sexo": "F", "idade": "17.0", "tipo_evento": "FEMINICÍDIO", "region": "interior"}, "geometry": {"type": "Point", "coordinates": [-39.269829184, -5.9281552708]}}, {"type": "Feature", "properties": {"id": "4424203.0", "data": "2026-04-25", "hora": "11:00:00", "local": "FAZENDA CONCEIÇÃO", "rua": "FAZENDA CONCEIÇÃO", "bairro": "", "cidade": "Itapajé", "vitimas": 1, "arma": "Arma branca", "sexo": "M", "idade": "50.0", "tipo_evento": "HOMICIDIO DOLOSO", "region": "interior"}, "geometry": {"type": "Point", "coordinates": [-39.6596112615, -3.7596885905]}}, {"type": "Feature", "properties": {"id": "4424204.0", "data": "2026-04-25", "hora": "15:40:00", "local": "RUA JOÃO ANTÔNIO", "rua": "RUA JOÃO ANTÔNIO", "bairro": "", "cidade": "Russas", "vitimas": 1, "arma": "Arma de fogo", "sexo": "M", "idade": "21.0", "tipo_evento": "HOMICIDIO DOLOSO", "region": "interior"}, "geometry": {"type": "Point", "coordinates": [-38.060732275, -5.0616789339]}}, {"type": "Feature", "properties": {"id": "4424196.0", "data": "2026-04-24", "hora": "04:00:00", "local": "RUA DO AMIANTO", "rua": "RUA DO AMIANTO", "bairro": "SABIAGUABA", "cidade": "Fortaleza", "vitimas": 1, "arma": "Outros meios", "sexo": "M", "idade": "39.0", "tipo_evento": "HOMICIDIO DOLOSO", "region": "fortaleza"}, "geometry": {"type": "Point", "coordinates": [-38.4272329327, -3.8083118859]}}, {"type": "Feature", "properties": {"id": "4424197.0", "data": "2026-04-24", "hora": "07:00:00", "local": "RUA JOAQUIM LEANDRO DE SOUZA", "rua": "RUA JOAQUIM LEANDRO DE SOUZA", "bairro": "JUAZEIRO DO NORTE", "cidade": "Juazeiro do Norte", "vitimas": 1, "arma": "Arma de fogo", "sexo": "M", "idade": "46.0", "tipo_evento": "HOMICIDIO DOLOSO", "region": "interior"}, "geometry": {"type": "Point", "coordinates": [-39.2703099903, -7.2082907166]}}, {"type": "Feature", "properties": {"id": "4424198.0", "data": "2026-04-24", "hora": "23:00:00", "local": "AVENIDA PADRE CÍCERO", "rua": "AVENIDA PADRE CÍCERO", "bairro": "JUAZEIRO DO NORTE", "cidade": "Juazeiro do Norte", "vitimas": 1, "arma": "Arma branca", "sexo": "M", "idade": "38.0", "tipo_evento": "HOMICIDIO DOLOSO", "region": "interior"}, "geometry": {"type": "Point", "coordinates": [-39.3227778038, -7.2122221928]}}, {"type": "Feature", "properties": {"id": "4415732.0", "data": "2026-04-23", "hora": "17:30:00", "local": "", "rua": "", "bairro": "", "cidade": "Monsenhor Tabosa", "vitimas": 1, "arma": "Arma de fogo", "sexo": "M", "idade": "37.0", "tipo_evento": "HOMICIDIO DOLOSO", "region": "interior"}, "geometry": {"type": "Point", "coordinates": [-40.0523494685, -4.8245610092]}}, {"type": "Feature", "properties": {"id": "4415737.0", "data": "2026-04-23", "hora": "20:00:00", "local": "", "rua": "", "bairro": "", "cidade": "Quixadá", "vitimas": 1, "arma": "Arma de fogo", "sexo": "M", "idade": "19.0", "tipo_evento": "HOMICIDIO DOLOSO", "region": "interior"}, "geometry": {"type": "Point", "coordinates": [-39.011032666, -4.9618392096]}}, {"type": "Feature", "properties": {"id": "4415745.0", "data": "2026-04-23", "hora": "19:40:00", "local": "", "rua": "", "bairro": "", "cidade": "Tauá", "vitimas": 1, "arma": "Arma de fogo", "sexo": "M", "idade": "33.0", "tipo_evento": "HOMICIDIO DOLOSO", "region": "interior"}, "geometry": {"type": "Point", "coordinates": [-40.2850321903, -6.0163782242]}}, {"type": "Feature", "properties": {"id": "4415699.0", "data": "2026-04-22", "hora": "15:40:00", "local": "", "rua": "", "bairro": "", "cidade": "Barro", "vitimas": 1, "arma": "Arma branca", "sexo": "F", "idade": "28.0", "tipo_evento": "FEMINICÍDIO", "region": "interior"}, "geometry": {"type": "Point", "coordinates": [-38.7761111038, -7.1816560482]}}, {"type": "Feature", "properties": {"id": "4413515.0", "data": "2026-04-21", "hora": "22:00:00", "local": "", "rua": "", "bairro": "", "cidade": "Barbalha", "vitimas": 1, "arma": "Arma de fogo", "sexo": "M", "idade": "15.0", "tipo_evento": "HOMICIDIO DOLOSO", "region": "interior"}, "geometry": {"type": "Point", "coordinates": [-39.2943587534, -7.3204043324]}}, {"type": "Feature", "properties": {"id": "4413536.0", "data": "2026-04-21", "hora": "03:51:00", "local": "", "rua": "", "bairro": "", "cidade": "Jaguaribara", "vitimas": 1, "arma": "Arma de fogo", "sexo": "M", "idade": "41.0", "tipo_evento": "HOMICIDIO DOLOSO", "region": "interior"}, "geometry": {"type": "Point", "coordinates": [-38.4654986384, -5.4565137195]}}, {"type": "Feature", "properties": {"id": "4413549.0", "data": "2026-04-21", "hora": "00:07:00", "local": "", "rua": "", "bairro": "", "cidade": "Pedra Branca", "vitimas": 1, "arma": "Arma de fogo", "sexo": "M", "idade": "36.0", "tipo_evento": "HOMICIDIO DOLOSO", "region": "interior"}, "geometry": {"type": "Point", "coordinates": [-39.6255770615, -5.5127243984]}}, {"type": "Feature", "properties": {"id": "4415750.0", "data": "2026-04-21", "hora": "01:10:00", "local": "POVOADO ANGELIM", "rua": "POVOADO ANGELIM", "bairro": "", "cidade": "Varjota", "vitimas": 1, "arma": "Arma de fogo", "sexo": "M", "idade": "18.0", "tipo_evento": "HOMICIDIO DOLOSO", "region": "interior"}, "geometry": {"type": "Point", "coordinates": [-40.5164490658, -4.2227180094]}}, {"type": "Feature", "properties": {"id": "4413529.0", "data": "2026-04-20", "hora": "18:00:00", "local": "", "rua": "", "bairro": "", "cidade": "Iguatu", "vitimas": 1, "arma": "Arma de fogo", "sexo": "F", "idade": "44.0", "tipo_evento": "HOMICIDIO DOLOSO", "region": "interior"}, "geometry": {"type": "Point", "coordinates": [-39.2908972657, -6.4186213866]}}, {"type": "Feature", "properties": {"id": "4413498.0", "data": "2026-04-19", "hora": "12:46:00", "local": "", "rua": "", "bairro": "ITAPERI", "cidade": "Fortaleza", "vitimas": 1, "arma": "Arma de fogo", "sexo": "M", "idade": "40.0", "tipo_evento": "HOMICIDIO DOLOSO", "region": "fortaleza"}, "geometry": {"type": "Point", "coordinates": [-38.5511218327, -3.7908011801]}}, {"type": "Feature", "properties": {"id": "4413501.0", "data": "2026-04-19", "hora": "17:08:00", "local": "", "rua": "", "bairro": "MESSEJANA", "cidade": "Fortaleza", "vitimas": 1, "arma": "Arma de fogo", "sexo": "M", "idade": "23.0", "tipo_evento": "HOMICIDIO DOLOSO", "region": "fortaleza"}, "geometry": {"type": "Point", "coordinates": [-38.4933440299, -3.8205234841]}}, {"type": "Feature", "properties": {"id": "4413503.0", "data": "2026-04-19", "hora": "17:08:00", "local": "", "rua": "", "bairro": "MESSEJANA", "cidade": "Fortaleza", "vitimas": 1, "arma": "Arma de fogo", "sexo": "M", "idade": "21.0", "tipo_evento": "HOMICIDIO DOLOSO", "region": "fortaleza"}, "geometry": {"type": "Point", "coordinates": [-38.4927762214, -3.8183180258]}}, {"type": "Feature", "properties": {"id": "4413517.0", "data": "2026-04-19", "hora": "23:30:00", "local": "", "rua": "", "bairro": "", "cidade": "Boa Viagem", "vitimas": 1, "arma": "Arma de fogo", "sexo": "M", "idade": "36.0", "tipo_evento": "HOMICIDIO DOLOSO", "region": "interior"}, "geometry": {"type": "Point", "coordinates": [-39.7307147039, -5.1350740375]}}, {"type": "Feature", "properties": {"id": "4413507.0", "data": "2026-04-18", "hora": "04:00:00", "local": "", "rua": "", "bairro": "", "cidade": "Horizonte", "vitimas": 1, "arma": "Arma de fogo", "sexo": "M", "idade": "38.0", "tipo_evento": "HOMICIDIO DOLOSO", "region": "rmf"}, "geometry": {"type": "Point", "coordinates": [-38.4894122189, -4.1138032863]}}, {"type": "Feature", "properties": {"id": "4413518.0", "data": "2026-04-18", "hora": "22:25:00", "local": "", "rua": "", "bairro": "", "cidade": "Brejo Santo", "vitimas": 1, "arma": "Arma de fogo", "sexo": "F", "idade": "30.0", "tipo_evento": "HOMICIDIO DOLOSO", "region": "interior"}, "geometry": {"type": "Point", "coordinates": [-38.9907971919, -7.4921008946]}}, {"type": "Feature", "properties": {"id": "4413527.0", "data": "2026-04-18", "hora": "22:30:00", "local": "", "rua": "", "bairro": "", "cidade": "Hidrolândia", "vitimas": 1, "arma": "Arma branca", "sexo": "M", "idade": "60.0", "tipo_evento": "HOMICIDIO DOLOSO", "region": "interior"}, "geometry": {"type": "Point", "coordinates": [-40.4428400342, -4.4009212096]}}, {"type": "Feature", "properties": {"id": "4413553.0", "data": "2026-04-18", "hora": "23:00:00", "local": "", "rua": "", "bairro": "", "cidade": "Saboeiro", "vitimas": 1, "arma": "Arma de fogo", "sexo": "M", "idade": "29.0", "tipo_evento": "HOMICIDIO DOLOSO", "region": "interior"}, "geometry": {"type": "Point", "coordinates": [-39.8777264806, -6.5711539128]}}, {"type": "Feature", "properties": {"id": "4413561.0", "data": "2026-04-18", "hora": "03:00:00", "local": "", "rua": "", "bairro": "", "cidade": "Ubajara", "vitimas": 1, "arma": "Arma branca", "sexo": "M", "idade": "", "tipo_evento": "HOMICIDIO DOLOSO", "region": "interior"}, "geometry": {"type": "Point", "coordinates": [-41.1216881631, -3.8563139643]}}, {"type": "Feature", "properties": {"id": "4413563.0", "data": "2026-04-18", "hora": "18:00:00", "local": "", "rua": "", "bairro": "", "cidade": "Varjota", "vitimas": 1, "arma": "Arma de fogo", "sexo": "F", "idade": "", "tipo_evento": "HOMICIDIO DOLOSO", "region": "interior"}, "geometry": {"type": "Point", "coordinates": [-40.4747007462, -4.1715596917]}}, {"type": "Feature", "properties": {"id": "4413499.0", "data": "2026-04-17", "hora": "16:49:00", "local": "", "rua": "", "bairro": "COUTO FERNANDES", "cidade": "Fortaleza", "vitimas": 1, "arma": "Arma branca", "sexo": "M", "idade": "39.0", "tipo_evento": "HOMICIDIO DOLOSO", "region": "fortaleza"}, "geometry": {"type": "Point", "coordinates": [-38.5611218343, -3.7588139559]}}, {"type": "Feature", "properties": {"id": "4413506.0", "data": "2026-04-17", "hora": "22:30:00", "local": "", "rua": "", "bairro": "", "cidade": "Horizonte", "vitimas": 1, "arma": "Arma branca", "sexo": "M", "idade": "44.0", "tipo_evento": "HOMICIDIO DOLOSO", "region": "rmf"}, "geometry": {"type": "Point", "coordinates": [-38.481655975, -4.1011003945]}}, {"type": "Feature", "properties": {"id": "4413511.0", "data": "2026-04-17", "hora": "20:30:00", "local": "", "rua": "", "bairro": "", "cidade": "Altaneira", "vitimas": 1, "arma": "Arma de fogo", "sexo": "M", "idade": "44.0", "tipo_evento": "HOMICIDIO DOLOSO", "region": "interior"}, "geometry": {"type": "Point", "coordinates": [-39.7344122173, -6.9958119951]}}, {"type": "Feature", "properties": {"id": "4413522.0", "data": "2026-04-17", "hora": "15:00:00", "local": "", "rua": "", "bairro": "", "cidade": "Caririaçu", "vitimas": 1, "arma": "Outros meios", "sexo": "M", "idade": "47.0", "tipo_evento": "HOMICIDIO DOLOSO", "region": "interior"}, "geometry": {"type": "Point", "coordinates": [-39.2769336765, -7.0330130005]}}, {"type": "Feature", "properties": {"id": "4415676.0", "data": "2026-04-17", "hora": "06:43:00", "local": "", "rua": "", "bairro": "", "cidade": "Caucaia", "vitimas": 1, "arma": "Outros meios", "sexo": "M", "idade": "20.0", "tipo_evento": "HOMICIDIO DOLOSO", "region": "rmf"}, "geometry": {"type": "Point", "coordinates": [-38.7291774343, -3.6250107037]}}, {"type": "Feature", "properties": {"id": "4413520.0", "data": "2026-04-16", "hora": "18:06:00", "local": "", "rua": "", "bairro": "", "cidade": "Campos Sales", "vitimas": 1, "arma": "Arma de fogo", "sexo": "M", "idade": "48.0", "tipo_evento": "HOMICIDIO DOLOSO", "region": "interior"}, "geometry": {"type": "Point", "coordinates": [-40.377605975, -7.0736755627]}}, {"type": "Feature", "properties": {"id": "4413534.0", "data": "2026-04-16", "hora": "04:00:00", "local": "", "rua": "", "bairro": "", "cidade": "Itapajé", "vitimas": 1, "arma": "Arma de fogo", "sexo": "M", "idade": "37.0", "tipo_evento": "HOMICIDIO DOLOSO", "region": "interior"}, "geometry": {"type": "Point", "coordinates": [-39.580267075, -3.6772061362]}}, {"type": "Feature", "properties": {"id": "4413512.0", "data": "2026-04-15", "hora": "02:30:00", "local": "", "rua": "", "bairro": "", "cidade": "Aracati", "vitimas": 1, "arma": "Arma de fogo", "sexo": "M", "idade": "29.0", "tipo_evento": "HOMICIDIO DOLOSO", "region": "interior"}, "geometry": {"type": "Point", "coordinates": [-37.7625006742, -4.5766506535]}}, {"type": "Feature", "properties": {"id": "4413523.0", "data": "2026-04-15", "hora": "23:00:00", "local": "", "rua": "", "bairro": "", "cidade": "Carnaubal", "vitimas": 1, "arma": "Arma de fogo", "sexo": "M", "idade": "36.0", "tipo_evento": "HOMICIDIO DOLOSO", "region": "interior"}, "geometry": {"type": "Point", "coordinates": [-40.9376974708, -4.1661860241]}}, {"type": "Feature", "properties": {"id": "4413539.0", "data": "2026-04-15", "hora": "20:30:00", "local": "", "rua": "", "bairro": "", "cidade": "Juazeiro do Norte", "vitimas": 1, "arma": "Arma de fogo", "sexo": "M", "idade": "33.0", "tipo_evento": "HOMICIDIO DOLOSO", "region": "interior"}, "geometry": {"type": "Point", "coordinates": [-39.3385884236, -7.2412926744]}}, {"type": "Feature", "properties": {"id": "4413557.0", "data": "2026-04-15", "hora": "06:30:00", "local": "", "rua": "", "bairro": "", "cidade": "Sobral", "vitimas": 1, "arma": "Arma de fogo", "sexo": "M", "idade": "43.0", "tipo_evento": "HOMICIDIO DOLOSO", "region": "interior"}, "geometry": {"type": "Point", "coordinates": [-40.3661124448, -3.6977650823]}}, {"type": "Feature", "properties": {"id": "4413519.0", "data": "2026-04-14", "hora": "05:20:00", "local": "", "rua": "", "bairro": "", "cidade": "Camocim", "vitimas": 1, "arma": "Arma branca", "sexo": "M", "idade": "47.0", "tipo_evento": "HOMICIDIO DOLOSO", "region": "interior"}, "geometry": {"type": "Point", "coordinates": [-40.8445760615, -2.9054710617]}}, {"type": "Feature", "properties": {"id": "4413530.0", "data": "2026-04-14", "hora": "18:30:00", "local": "", "rua": "", "bairro": "", "cidade": "Ipu", "vitimas": 1, "arma": "Arma de fogo", "sexo": "M", "idade": "40.0", "tipo_evento": "HOMICIDIO DOLOSO", "region": "interior"}, "geometry": {"type": "Point", "coordinates": [-40.7048336039, -4.3287310027]}}, {"type": "Feature", "properties": {"id": "4409643.0", "data": "2026-04-13", "hora": "08:00:00", "local": "RODOVIA ROTA TURISTICA SERRA DA IBIAPABA", "rua": "RODOVIA ROTA TURISTICA SERRA DA IBIAPABA", "bairro": "", "cidade": "Marco", "vitimas": 1, "arma": "Arma de fogo", "sexo": "M", "idade": "24.0", "tipo_evento": "HOMICIDIO DOLOSO", "region": "interior"}, "geometry": {"type": "Point", "coordinates": [-40.0847168367, -3.1269069042]}}, {"type": "Feature", "properties": {"id": "4413495.0", "data": "2026-04-13", "hora": "21:34:00", "local": "", "rua": "", "bairro": "CANINDEZINHO", "cidade": "Fortaleza", "vitimas": 1, "arma": "Arma de fogo", "sexo": "M", "idade": "46.0", "tipo_evento": "HOMICIDIO DOLOSO", "region": "fortaleza"}, "geometry": {"type": "Point", "coordinates": [-38.6080841615, -3.8158514608]}}, {"type": "Feature", "properties": {"id": "4409637.0", "data": "2026-04-12", "hora": "16:23:00", "local": "Rua Fulgêncio Cruz", "rua": "Rua Fulgêncio Cruz", "bairro": "JOSÉ DE ALENCAR", "cidade": "Fortaleza", "vitimas": 1, "arma": "Arma de fogo", "sexo": "M", "idade": "43.0", "tipo_evento": "HOMICIDIO DOLOSO", "region": "fortaleza"}, "geometry": {"type": "Point", "coordinates": [-38.4774737343, -3.8195444911]}}, {"type": "Feature", "properties": {"id": "4409638.0", "data": "2026-04-12", "hora": "01:17:00", "local": "Transamazônica", "rua": "Transamazônica", "bairro": "", "cidade": "Campos Sales", "vitimas": 1, "arma": "Arma de fogo", "sexo": "M", "idade": "21.0", "tipo_evento": "HOMICIDIO DOLOSO", "region": "interior"}, "geometry": {"type": "Point", "coordinates": [-40.3911111054, -7.0771796045]}}, {"type": "Feature", "properties": {"id": "4409639.0", "data": "2026-04-12", "hora": "04:00:00", "local": "AVENIDA MANOEL FIDELIS MAIA", "rua": "AVENIDA MANOEL FIDELIS MAIA", "bairro": "", "cidade": "Limoeiro do Norte", "vitimas": 1, "arma": "Arma de fogo", "sexo": "M", "idade": "28.0", "tipo_evento": "HOMICIDIO DOLOSO", "region": "interior"}, "geometry": {"type": "Point", "coordinates": [-38.1436111039, -5.1494123382]}}, {"type": "Feature", "properties": {"id": "4409640.0", "data": "2026-04-12", "hora": "19:30:00", "local": "Rua Francisco Cota", "rua": "Rua Francisco Cota", "bairro": "", "cidade": "Parambu", "vitimas": 1, "arma": "Arma de fogo", "sexo": "M", "idade": "32.0", "tipo_evento": "HOMICIDIO DOLOSO", "region": "interior"}, "geometry": {"type": "Point", "coordinates": [-40.6964210919, -6.1993697311]}}, {"type": "Feature", "properties": {"id": "4409641.0", "data": "2026-04-12", "hora": "18:00:00", "local": "ESTRADA SEM NOME", "rua": "ESTRADA SEM NOME", "bairro": "", "cidade": "Santana do Cariri", "vitimas": 1, "arma": "Arma de fogo", "sexo": "M", "idade": "63.0", "tipo_evento": "HOMICIDIO DOLOSO", "region": "interior"}, "geometry": {"type": "Point", "coordinates": [-39.6128240038, -7.3756917125]}}, {"type": "Feature", "properties": {"id": "4409636.0", "data": "2026-04-11", "hora": "11:30:00", "local": "", "rua": "", "bairro": "CHAVAL", "cidade": "Chaval", "vitimas": 2, "arma": "Arma branca", "sexo": "M", "idade": "39.0", "tipo_evento": "HOMICIDIO DOLOSO", "region": "interior"}, "geometry": {"type": "Point", "coordinates": [-41.1993971321, -3.0778573172]}}, {"type": "Feature", "properties": {"id": "4409634.0", "data": "2026-04-10", "hora": "21:30:00", "local": "Rua Sete de Setembro", "rua": "Rua Sete de Setembro", "bairro": "JUAZEIRO DO NORTE", "cidade": "Juazeiro do Norte", "vitimas": 2, "arma": "Arma de fogo", "sexo": "M", "idade": "35.0", "tipo_evento": "HOMICIDIO DOLOSO", "region": "interior"}, "geometry": {"type": "Point", "coordinates": [-39.3091667054, -7.2097221928]}}, {"type": "Feature", "properties": {"id": "4409635.0", "data": "2026-04-10", "hora": "04:30:00", "local": "Rua  Elinor Braga", "rua": "Rua  Elinor Braga", "bairro": "MIRAIMA", "cidade": "Miraíma", "vitimas": 2, "arma": "Arma de fogo", "sexo": "M", "idade": "1.0", "tipo_evento": "HOMICIDIO DOLOSO", "region": "interior"}, "geometry": {"type": "Point", "coordinates": [-39.9638222766, -3.5683690402]}}, {"type": "Feature", "properties": {"id": "4413513.0", "data": "2026-04-10", "hora": "13:00:00", "local": "", "rua": "", "bairro": "", "cidade": "Barbalha", "vitimas": 1, "arma": "Arma de fogo", "sexo": "M", "idade": "50.0", "tipo_evento": "HOMICIDIO DOLOSO", "region": "interior"}, "geometry": {"type": "Point", "coordinates": [-39.3010097327, -7.3195866341]}}, {"type": "Feature", "properties": {"id": "4409631.0", "data": "2026-04-09", "hora": "22:00:00", "local": "Rua Santa Clara de Assis", "rua": "Rua Santa Clara de Assis", "bairro": "MESSEJANA", "cidade": "Fortaleza", "vitimas": 1, "arma": "Arma de fogo", "sexo": "M", "idade": "21.0", "tipo_evento": "HOMICIDIO DOLOSO", "region": "fortaleza"}, "geometry": {"type": "Point", "coordinates": [-38.5019293327, -3.829229362]}}, {"type": "Feature", "properties": {"id": "4409632.0", "data": "2026-04-09", "hora": "06:00:00", "local": "RUA DO POSTO DE SAÚDE", "rua": "RUA DO POSTO DE SAÚDE", "bairro": "", "cidade": "São Gonçalo do Amarante", "vitimas": 1, "arma": "Arma de fogo", "sexo": "M", "idade": "41.0", "tipo_evento": "HOMICIDIO DOLOSO", "region": "rmf"}, "geometry": {"type": "Point", "coordinates": [-38.906933675, -3.530245671]}}, {"type": "Feature", "properties": {"id": "4409633.0", "data": "2026-04-09", "hora": "06:30:00", "local": "Avenida Senador Fernandes Távora", "rua": "Avenida Senador Fernandes Távora", "bairro": "", "cidade": "Sobral", "vitimas": 1, "arma": "Arma de fogo", "sexo": "M", "idade": "52.0", "tipo_evento": "HOMICIDIO DOLOSO", "region": "interior"}, "geometry": {"type": "Point", "coordinates": [-40.3407950834, -3.6954301564]}}, {"type": "Feature", "properties": {"id": "4409623.0", "data": "2026-04-08", "hora": "11:00:00", "local": "Rua Comandante Marcelo Teixeira", "rua": "Rua Comandante Marcelo Teixeira", "bairro": "", "cidade": "Crato", "vitimas": 1, "arma": "Arma branca", "sexo": "M", "idade": "42.0", "tipo_evento": "HOMICIDIO DOLOSO", "region": "interior"}, "geometry": {"type": "Point", "coordinates": [-39.4201762462, -7.2306523447]}}, {"type": "Feature", "properties": {"id": "4409624.0", "data": "2026-04-08", "hora": "12:30:00", "local": "BR-402;BR-403;CE-178", "rua": "BR-402;BR-403;CE-178", "bairro": "", "cidade": "Marco", "vitimas": 1, "arma": "Arma de fogo", "sexo": "M", "idade": "16.0", "tipo_evento": "HOMICIDIO DOLOSO", "region": "interior"}, "geometry": {"type": "Point", "coordinates": [-40.0834580039, -3.1900739968]}}, {"type": "Feature", "properties": {"id": "4409626.0", "data": "2026-04-08", "hora": "12:40:00", "local": "ESTRADA PASSAGEM DE PEDRA", "rua": "ESTRADA PASSAGEM DE PEDRA", "bairro": "", "cidade": "Missão Velha", "vitimas": 1, "arma": "Arma de fogo", "sexo": "F", "idade": "33.0", "tipo_evento": "HOMICIDIO DOLOSO", "region": "interior"}, "geometry": {"type": "Point", "coordinates": [-39.2172222038, -7.2774999927]}}, {"type": "Feature", "properties": {"id": "4409627.0", "data": "2026-04-08", "hora": "18:30:00", "local": "Rua Manoel Feitosa Ferro", "rua": "Rua Manoel Feitosa Ferro", "bairro": "", "cidade": "Pedra Branca", "vitimas": 1, "arma": "Arma de fogo", "sexo": "M", "idade": "36.0", "tipo_evento": "HOMICIDIO DOLOSO", "region": "interior"}, "geometry": {"type": "Point", "coordinates": [-39.7184795173, -5.4491182124]}}, {"type": "Feature", "properties": {"id": "4409628.0", "data": "2026-04-08", "hora": "19:30:00", "local": "Rua Coronel Sabino Guimarães", "rua": "Rua Coronel Sabino Guimarães", "bairro": "", "cidade": "Sobral", "vitimas": 1, "arma": "Arma de fogo", "sexo": "M", "idade": "33.0", "tipo_evento": "HOMICIDIO DOLOSO", "region": "interior"}, "geometry": {"type": "Point", "coordinates": [-40.3567697943, -3.688898216]}}, {"type": "Feature", "properties": {"id": "4409629.0", "data": "2026-04-08", "hora": "06:30:00", "local": "RUA ELIAS FERREIRA", "rua": "RUA ELIAS FERREIRA", "bairro": "", "cidade": "Trairi", "vitimas": 1, "arma": "Arma de fogo", "sexo": "M", "idade": "33.0", "tipo_evento": "HOMICIDIO DOLOSO", "region": "rmf"}, "geometry": {"type": "Point", "coordinates": [-39.2661935462, -3.2283742849]}}, {"type": "Feature", "properties": {"id": "4409630.0", "data": "2026-04-08", "hora": "19:00:00", "local": "CE-243;URB-040", "rua": "CE-243;URB-040", "bairro": "URUBURETAMA", "cidade": "Uruburetama", "vitimas": 2, "arma": "Arma branca", "sexo": "M", "idade": "43.0", "tipo_evento": "HOMICIDIO DOLOSO", "region": "interior"}, "geometry": {"type": "Point", "coordinates": [-39.4951050905, -3.6285331394]}}, {"type": "Feature", "properties": {"id": "4409620.0", "data": "2026-04-07", "hora": "09:44:00", "local": "Rua J", "rua": "Rua J", "bairro": "PARQUE DOIS IRMĂOS", "cidade": "Fortaleza", "vitimas": 1, "arma": "Arma de fogo", "sexo": "M", "idade": "41.0", "tipo_evento": "HOMICIDIO DOLOSO", "region": "fortaleza"}, "geometry": {"type": "Point", "coordinates": [-38.5464103615, -3.8044122806]}}, {"type": "Feature", "properties": {"id": "4409621.0", "data": "2026-04-07", "hora": "18:00:00", "local": "Avenida Capitão Waldemar Paula Lima", "rua": "Avenida Capitão Waldemar Paula Lima", "bairro": "BARROSO", "cidade": "Fortaleza", "vitimas": 1, "arma": "Arma branca", "sexo": "M", "idade": "31.0", "tipo_evento": "HOMICIDIO DOLOSO", "region": "fortaleza"}, "geometry": {"type": "Point", "coordinates": [-38.5082610642, -3.8198938573]}}, {"type": "Feature", "properties": {"id": "4409622.0", "data": "2026-04-07", "hora": "01:30:00", "local": "RUA JOANA FERREIRA", "rua": "RUA JOANA FERREIRA", "bairro": "", "cidade": "Irauçuba", "vitimas": 1, "arma": "Arma de fogo", "sexo": "M", "idade": "41.0", "tipo_evento": "HOMICIDIO DOLOSO", "region": "interior"}, "geometry": {"type": "Point", "coordinates": [-39.8937327327, -3.7348247599]}}, {"type": "Feature", "properties": {"id": "4407846.0", "data": "2026-04-05", "hora": "12:00:00", "local": "Avenida Paulo Marquês", "rua": "Avenida Paulo Marquês", "bairro": "", "cidade": "Barbalha", "vitimas": 1, "arma": "Arma de fogo", "sexo": "M", "idade": "26.0", "tipo_evento": "HOMICIDIO DOLOSO", "region": "interior"}, "geometry": {"type": "Point", "coordinates": [-39.315992263, -7.2893656451]}}, {"type": "Feature", "properties": {"id": "4407849.0", "data": "2026-04-05", "hora": "23:00:00", "local": "RUA OTAVIO SOARES", "rua": "RUA OTAVIO SOARES", "bairro": "", "cidade": "Ibiapina", "vitimas": 1, "arma": "Arma branca", "sexo": "M", "idade": "19.0", "tipo_evento": "HOMICIDIO DOLOSO", "region": "interior"}, "geometry": {"type": "Point", "coordinates": [-40.938278275, -3.97922919]}}, {"type": "Feature", "properties": {"id": "4407850.0", "data": "2026-04-05", "hora": "09:20:00", "local": "RUA LUÍS MOTA E MELO", "rua": "RUA LUÍS MOTA E MELO", "bairro": "", "cidade": "Irauçuba", "vitimas": 1, "arma": "Arma de fogo", "sexo": "M", "idade": "29.0", "tipo_evento": "HOMICIDIO DOLOSO", "region": "interior"}, "geometry": {"type": "Point", "coordinates": [-39.7853619039, -3.7421432962]}}, {"type": "Feature", "properties": {"id": "4407851.0", "data": "2026-04-05", "hora": "03:55:00", "local": "Rua Joaquim Carlos Holanda", "rua": "Rua Joaquim Carlos Holanda", "bairro": "", "cidade": "Itapajé", "vitimas": 1, "arma": "Arma de fogo", "sexo": "M", "idade": "40.0", "tipo_evento": "HOMICIDIO DOLOSO", "region": "interior"}, "geometry": {"type": "Point", "coordinates": [-39.5911131919, -3.6837650696]}}, {"type": "Feature", "properties": {"id": "4407856.0", "data": "2026-04-05", "hora": "00:00:00", "local": "Rua Lucineide de Oliveira", "rua": "Rua Lucineide de Oliveira", "bairro": "SANTANA DO ACARAU", "cidade": "Santana do Acaraú", "vitimas": 2, "arma": "Arma de fogo", "sexo": "M", "idade": "20.0", "tipo_evento": "HOMICIDIO DOLOSO", "region": "interior"}, "geometry": {"type": "Point", "coordinates": [-40.2075867715, -3.4574582132]}}, {"type": "Feature", "properties": {"id": "4409613.0", "data": "2026-04-05", "hora": "20:00:00", "local": "", "rua": "", "bairro": "", "cidade": "Bela Cruz", "vitimas": 1, "arma": "Outros meios", "sexo": "M", "idade": "42.0", "tipo_evento": "HOMICIDIO DOLOSO", "region": "interior"}, "geometry": {"type": "Point", "coordinates": [-40.4078974615, -3.0001335687]}}, {"type": "Feature", "properties": {"id": "4409616.0", "data": "2026-04-05", "hora": "04:00:00", "local": "", "rua": "", "bairro": "", "cidade": "Poranga", "vitimas": 1, "arma": "Outros meios", "sexo": "M", "idade": "32.0", "tipo_evento": "HOMICIDIO DOLOSO", "region": "interior"}, "geometry": {"type": "Point", "coordinates": [-40.9258440327, -4.7474999952]}}, {"type": "Feature", "properties": {"id": "4407852.0", "data": "2026-04-04", "hora": "05:00:00", "local": "Rua Antônio Alves dos Santos", "rua": "Rua Antônio Alves dos Santos", "bairro": "", "cidade": "Itapipoca", "vitimas": 1, "arma": "Arma de fogo", "sexo": "M", "idade": "22.0", "tipo_evento": "HOMICIDIO DOLOSO", "region": "interior"}, "geometry": {"type": "Point", "coordinates": [-39.6569765919, -3.2852135295]}}, {"type": "Feature", "properties": {"id": "4407853.0", "data": "2026-04-04", "hora": "15:30:00", "local": "RUA LUÍS EDILBERTO DE CARVALHO", "rua": "RUA LUÍS EDILBERTO DE CARVALHO", "bairro": "", "cidade": "Jaguaruana", "vitimas": 1, "arma": "Arma de fogo", "sexo": "M", "idade": "26.0", "tipo_evento": "HOMICIDIO DOLOSO", "region": "interior"}, "geometry": {"type": "Point", "coordinates": [-37.8025214631, -4.9216453165]}}, {"type": "Feature", "properties": {"id": "4407854.0", "data": "2026-04-03", "hora": "23:00:00", "local": "Rua Beata Maria de Araújo", "rua": "Rua Beata Maria de Araújo", "bairro": "", "cidade": "Juazeiro do Norte", "vitimas": 1, "arma": "Arma de fogo", "sexo": "M", "idade": "", "tipo_evento": "HOMICIDIO DOLOSO", "region": "interior"}, "geometry": {"type": "Point", "coordinates": [-39.3199472765, -7.2364596325]}}, {"type": "Feature", "properties": {"id": "4407843.0", "data": "2026-04-02", "hora": "09:00:00", "local": "Rua Padre Francisco Pinto", "rua": "Rua Padre Francisco Pinto", "bairro": "GENTILÂNDIA", "cidade": "Fortaleza", "vitimas": 1, "arma": "Arma de fogo", "sexo": "M", "idade": "23.0", "tipo_evento": "HOMICIDIO DOLOSO", "region": "fortaleza"}, "geometry": {"type": "Point", "coordinates": [-38.5384407054, -3.7446809021]}}, {"type": "Feature", "properties": {"id": "4407844.0", "data": "2026-04-02", "hora": "16:30:00", "local": "Rua Crisanto Barroso", "rua": "Rua Crisanto Barroso", "bairro": "BOA VISTA", "cidade": "Fortaleza", "vitimas": 1, "arma": "Arma de fogo", "sexo": "F", "idade": "43.0", "tipo_evento": "HOMICIDIO DOLOSO", "region": "fortaleza"}, "geometry": {"type": "Point", "coordinates": [-38.5217163766, -3.80156867]}}, {"type": "Feature", "properties": {"id": "4407845.0", "data": "2026-04-02", "hora": "23:40:00", "local": "Rua Coronel Raimundo de Pinho", "rua": "Rua Coronel Raimundo de Pinho", "bairro": "ACOPIARA", "cidade": "Acopiara", "vitimas": 2, "arma": "Outros meios", "sexo": "M", "idade": "74.0", "tipo_evento": "HOMICIDIO DOLOSO", "region": "interior"}, "geometry": {"type": "Point", "coordinates": [-39.4543138342, -6.0969145894]}}, {"type": "Feature", "properties": {"id": "4407848.0", "data": "2026-04-02", "hora": "08:00:00", "local": "Rua Joaquim Ferreira da Silva", "rua": "Rua Joaquim Ferreira da Silva", "bairro": "CEDRO", "cidade": "Cedro", "vitimas": 2, "arma": "Arma branca", "sexo": "F", "idade": "32.0", "tipo_evento": "FEMINICÍDIO", "region": "interior"}, "geometry": {"type": "Point", "coordinates": [-39.0627885342, -6.6035578051]}}, {"type": "Feature", "properties": {"id": "4407855.0", "data": "2026-04-02", "hora": "06:30:00", "local": "Rua Joaquim de Sousa Barreto", "rua": "Rua Joaquim de Sousa Barreto", "bairro": "", "cidade": "Russas", "vitimas": 1, "arma": "Arma de fogo", "sexo": "M", "idade": "23.0", "tipo_evento": "HOMICIDIO DOLOSO", "region": "interior"}, "geometry": {"type": "Point", "coordinates": [-37.9769103477, -4.922429238]}}, {"type": "Feature", "properties": {"id": "4407857.0", "data": "2026-04-02", "hora": "17:10:00", "local": "Rua Pôr do Sol", "rua": "Rua Pôr do Sol", "bairro": "", "cidade": "Tauá", "vitimas": 1, "arma": "Arma de fogo", "sexo": "M", "idade": "26.0", "tipo_evento": "HOMICIDIO DOLOSO", "region": "interior"}, "geometry": {"type": "Point", "coordinates": [-40.2925884842, -6.004934555]}}, {"type": "Feature", "properties": {"id": "4407842.0", "data": "2026-04-01", "hora": "16:55:00", "local": "Rua Florêncio Matias", "rua": "Rua Florêncio Matias", "bairro": "IPARANA", "cidade": "Caucaia", "vitimas": 2, "arma": "Outros meios", "sexo": "M", "idade": "45.0", "tipo_evento": "HOMICIDIO DOLOSO", "region": "rmf"}, "geometry": {"type": "Point", "coordinates": [-38.6583831477, -3.7259289778]}}, {"type": "Feature", "properties": {"id": "4406381.0", "data": "2026-03-30", "hora": "20:40:00", "local": "Rua José Paulino Alves", "rua": "Rua José Paulino Alves", "bairro": "", "cidade": "Caucaia", "vitimas": 1, "arma": "Arma de fogo", "sexo": "M", "idade": "52.0", "tipo_evento": "HOMICIDIO DOLOSO", "region": "rmf"}, "geometry": {"type": "Point", "coordinates": [-38.8254572337, -3.5909172585]}}, {"type": "Feature", "properties": {"id": "4406382.0", "data": "2026-03-30", "hora": "13:10:00", "local": "Rua Doutor Joaquim Bento", "rua": "Rua Doutor Joaquim Bento", "bairro": "MESSEJANA", "cidade": "Fortaleza", "vitimas": 1, "arma": "Arma branca", "sexo": "F", "idade": "37.0", "tipo_evento": "HOMICIDIO DOLOSO", "region": "fortaleza"}, "geometry": {"type": "Point", "coordinates": [-38.487529207, -3.8282988654]}}, {"type": "Feature", "properties": {"id": "4406383.0", "data": "2026-03-30", "hora": "19:45:00", "local": "CE-192", "rua": "CE-192", "bairro": "", "cidade": "Carnaubal", "vitimas": 1, "arma": "Arma de fogo", "sexo": "M", "idade": "45.0", "tipo_evento": "HOMICIDIO DOLOSO", "region": "interior"}, "geometry": {"type": "Point", "coordinates": [-40.9480616664, -4.1315720011]}}, {"type": "Feature", "properties": {"id": "4406384.0", "data": "2026-03-30", "hora": "08:10:00", "local": "Rua Izaura Vasconcelos", "rua": "Rua Izaura Vasconcelos", "bairro": "JIJOCA DE JERICOACOARA", "cidade": "Jijoca de Jericoacoara", "vitimas": 2, "arma": "Arma de fogo", "sexo": "M", "idade": "26.0", "tipo_evento": "HOMICIDIO DOLOSO", "region": "interior"}, "geometry": {"type": "Point", "coordinates": [-40.449711475, -2.8983118668]}}, {"type": "Feature", "properties": {"id": "4406385.0", "data": "2026-03-30", "hora": "09:20:00", "local": "AVENIDA MARIA ACÁCIO DE MATOS", "rua": "AVENIDA MARIA ACÁCIO DE MATOS", "bairro": "", "cidade": "Paracuru", "vitimas": 1, "arma": "Arma branca", "sexo": "M", "idade": "40.0", "tipo_evento": "HOMICIDIO DOLOSO", "region": "rmf"}, "geometry": {"type": "Point", "coordinates": [-38.9661111039, -3.4530127591]}}, {"type": "Feature", "properties": {"id": "4406386.0", "data": "2026-03-30", "hora": "03:30:00", "local": "RUA DA MATRIZ", "rua": "RUA DA MATRIZ", "bairro": "", "cidade": "Sobral", "vitimas": 1, "arma": "Arma de fogo", "sexo": "M", "idade": "55.0", "tipo_evento": "HOMICIDIO DOLOSO", "region": "interior"}, "geometry": {"type": "Point", "coordinates": [-40.4847222039, -3.6668694482]}}, {"type": "Feature", "properties": {"id": "4406380.0", "data": "2026-03-29", "hora": "05:00:00", "local": "", "rua": "", "bairro": "TIANGUA", "cidade": "Tianguá", "vitimas": 2, "arma": "Arma de fogo", "sexo": "F", "idade": "20.0", "tipo_evento": "FEMINICÍDIO", "region": "interior"}, "geometry": {"type": "Point", "coordinates": [-41.0061191039, -3.747338208]}}, {"type": "Feature", "properties": {"id": "4406373.0", "data": "2026-03-28", "hora": "15:00:00", "local": "RUA MARIA DA CONCEIÇÃO ALVES DE MELO", "rua": "RUA MARIA DA CONCEIÇÃO ALVES DE MELO", "bairro": "", "cidade": "Boa Viagem", "vitimas": 1, "arma": "Arma branca", "sexo": "M", "idade": "53.0", "tipo_evento": "HOMICIDIO DOLOSO", "region": "interior"}, "geometry": {"type": "Point", "coordinates": [-39.7337069919, -5.1162703061]}}, {"type": "Feature", "properties": {"id": "4406374.0", "data": "2026-03-28", "hora": "17:30:00", "local": "Rua Adalberto Napoleão de Araújo", "rua": "Rua Adalberto Napoleão de Araújo", "bairro": "", "cidade": "Juazeiro do Norte", "vitimas": 1, "arma": "Arma de fogo", "sexo": "M", "idade": "20.0", "tipo_evento": "HOMICIDIO DOLOSO", "region": "interior"}, "geometry": {"type": "Point", "coordinates": [-39.2974502342, -7.2493173897]}}, {"type": "Feature", "properties": {"id": "4406375.0", "data": "2026-03-28", "hora": "22:00:00", "local": "Rua Fiscal José Soares", "rua": "Rua Fiscal José Soares", "bairro": "JUAZEIRO DO NORTE", "cidade": "Juazeiro do Norte", "vitimas": 2, "arma": "Arma branca", "sexo": "F", "idade": "41.0", "tipo_evento": "HOMICIDIO DOLOSO", "region": "interior"}, "geometry": {"type": "Point", "coordinates": [-39.322782263, -7.2151024417]}}, {"type": "Feature", "properties": {"id": "4406376.0", "data": "2026-03-28", "hora": "20:30:00", "local": "RUA RAIMUNDO LUIZ DA COSTA", "rua": "RUA RAIMUNDO LUIZ DA COSTA", "bairro": "", "cidade": "Sobral", "vitimas": 1, "arma": "Arma de fogo", "sexo": "M", "idade": "30.0", "tipo_evento": "HOMICIDIO DOLOSO", "region": "interior"}, "geometry": {"type": "Point", "coordinates": [-40.6700310693, -3.8364592614]}}, {"type": "Feature", "properties": {"id": "4406379.0", "data": "2026-03-28", "hora": "23:30:00", "local": "Rua A2", "rua": "Rua A2", "bairro": "", "cidade": "Tauá", "vitimas": 1, "arma": "Arma de fogo", "sexo": "F", "idade": "40.0", "tipo_evento": "HOMICIDIO DOLOSO", "region": "interior"}, "geometry": {"type": "Point", "coordinates": [-40.2834556496, -6.0090537252]}}, {"type": "Feature", "properties": {"id": "4406367.0", "data": "2026-03-27", "hora": "11:00:00", "local": "", "rua": "", "bairro": "BONSUCESSO", "cidade": "Fortaleza", "vitimas": 1, "arma": "Arma de fogo", "sexo": "M", "idade": "29.0", "tipo_evento": "HOMICIDIO DOLOSO", "region": "fortaleza"}, "geometry": {"type": "Point", "coordinates": [-38.5849101631, -3.776646774]}}, {"type": "Feature", "properties": {"id": "4406368.0", "data": "2026-03-27", "hora": "21:30:00", "local": "", "rua": "", "bairro": "", "cidade": "Cariré", "vitimas": 1, "arma": "Arma de fogo", "sexo": "M", "idade": "30.0", "tipo_evento": "HOMICIDIO DOLOSO", "region": "interior"}, "geometry": {"type": "Point", "coordinates": [-40.4850214631, -3.9525106993]}}, {"type": "Feature", "properties": {"id": "4406369.0", "data": "2026-03-27", "hora": "23:59:00", "local": "", "rua": "", "bairro": "", "cidade": "Crato", "vitimas": 1, "arma": "Arma de fogo", "sexo": "M", "idade": "26.0", "tipo_evento": "HOMICIDIO DOLOSO", "region": "interior"}, "geometry": {"type": "Point", "coordinates": [-39.403621763, -7.2398882464]}}, {"type": "Feature", "properties": {"id": "4406370.0", "data": "2026-03-27", "hora": "14:30:00", "local": "", "rua": "", "bairro": "", "cidade": "Itapipoca", "vitimas": 1, "arma": "Arma de fogo", "sexo": "M", "idade": "29.0", "tipo_evento": "HOMICIDIO DOLOSO", "region": "interior"}, "geometry": {"type": "Point", "coordinates": [-39.5822435208, -3.4836385514]}}, {"type": "Feature", "properties": {"id": "4406371.0", "data": "2026-03-27", "hora": "09:30:00", "local": "", "rua": "", "bairro": "", "cidade": "Itapipoca", "vitimas": 1, "arma": "Arma de fogo", "sexo": "M", "idade": "24.0", "tipo_evento": "HOMICIDIO DOLOSO", "region": "interior"}, "geometry": {"type": "Point", "coordinates": [-39.5706970054, -3.4865570247]}}, {"type": "Feature", "properties": {"id": "4406372.0", "data": "2026-03-27", "hora": "19:40:00", "local": "", "rua": "", "bairro": "", "cidade": "Tauá", "vitimas": 1, "arma": "Arma de fogo", "sexo": "M", "idade": "21.0", "tipo_evento": "HOMICIDIO DOLOSO", "region": "interior"}, "geometry": {"type": "Point", "coordinates": [-40.3557814631, -6.0546086559]}}, {"type": "Feature", "properties": {"id": "4404344.0", "data": "2026-03-26", "hora": "17:10:00", "local": "Avenida Engenheiro Leal Lima Verde", "rua": "Avenida Engenheiro Leal Lima Verde", "bairro": "JOSÉ DE ALENCAR", "cidade": "Fortaleza", "vitimas": 1, "arma": "Arma de fogo", "sexo": "M", "idade": "19.0", "tipo_evento": "HOMICIDIO DOLOSO", "region": "fortaleza"}, "geometry": {"type": "Point", "coordinates": [-38.4744450742, -3.8105408766]}}, {"type": "Feature", "properties": {"id": "4404348.0", "data": "2026-03-26", "hora": "10:00:00", "local": "Rua Doutor Francisco Matos", "rua": "Rua Doutor Francisco Matos", "bairro": "PAPICU", "cidade": "Fortaleza", "vitimas": 1, "arma": "Arma branca", "sexo": "F", "idade": "67.0", "tipo_evento": "HOMICIDIO DOLOSO", "region": "fortaleza"}, "geometry": {"type": "Point", "coordinates": [-38.4693083646, -3.7445426041]}}, {"type": "Feature", "properties": {"id": "4404357.0", "data": "2026-03-26", "hora": "00:30:00", "local": "Avenida General Alípio dos Santos", "rua": "Avenida General Alípio dos Santos", "bairro": "", "cidade": "Amontada", "vitimas": 1, "arma": "Arma de fogo", "sexo": "M", "idade": "41.0", "tipo_evento": "HOMICIDIO DOLOSO", "region": "interior"}, "geometry": {"type": "Point", "coordinates": [-39.8308600753, -3.3615331463]}}, {"type": "Feature", "properties": {"id": "4404339.0", "data": "2026-03-25", "hora": "02:52:00", "local": "Rua do Leme", "rua": "Rua do Leme", "bairro": "BARRA DO CEARÁ", "cidade": "Fortaleza", "vitimas": 1, "arma": "Outros meios", "sexo": "M", "idade": "25.0", "tipo_evento": "HOMICIDIO DOLOSO", "region": "fortaleza"}, "geometry": {"type": "Point", "coordinates": [-38.5797436615, -3.6999892898]}}, {"type": "Feature", "properties": {"id": "4404342.0", "data": "2026-03-25", "hora": "01:04:00", "local": "Rua Vereadora Zélia Correia de Sousa", "rua": "Rua Vereadora Zélia Correia de Sousa", "bairro": "MONDUBIM", "cidade": "Fortaleza", "vitimas": 1, "arma": "Arma de fogo", "sexo": "M", "idade": "23.0", "tipo_evento": "HOMICIDIO DOLOSO", "region": "fortaleza"}, "geometry": {"type": "Point", "coordinates": [-38.5561218327, -3.8093694602]}}, {"type": "Feature", "properties": {"id": "4404359.0", "data": "2026-03-25", "hora": "01:50:00", "local": "Rota do Sol Nascente", "rua": "Rota do Sol Nascente", "bairro": "", "cidade": "Aracati", "vitimas": 1, "arma": "Arma de fogo", "sexo": "M", "idade": "40.0", "tipo_evento": "HOMICIDIO DOLOSO", "region": "interior"}, "geometry": {"type": "Point", "coordinates": [-37.7787485462, -4.5783265224]}}, {"type": "Feature", "properties": {"id": "4404395.0", "data": "2026-03-25", "hora": "20:00:00", "local": "", "rua": "", "bairro": "LAVRAS DA MANGABEIRA", "cidade": "Lavras da Mangabeira", "vitimas": 2, "arma": "Arma de fogo", "sexo": "M", "idade": "62.0", "tipo_evento": "HOMICIDIO DOLOSO", "region": "interior"}, "geometry": {"type": "Point", "coordinates": [-39.0109025462, -6.7998653331]}}, {"type": "Feature", "properties": {"id": "4404424.0", "data": "2026-03-25", "hora": "22:00:00", "local": "Seminário de Sucesso", "rua": "Seminário de Sucesso", "bairro": "", "cidade": "Tamboril", "vitimas": 1, "arma": "Arma de fogo", "sexo": "M", "idade": "51.0", "tipo_evento": "HOMICIDIO DOLOSO", "region": "interior"}, "geometry": {"type": "Point", "coordinates": [-40.5378207396, -4.9417776735]}}, {"type": "Feature", "properties": {"id": "4404329.0", "data": "2026-03-24", "hora": "21:07:00", "local": "Rua Conselheiro Araújo Lima", "rua": "Rua Conselheiro Araújo Lima", "bairro": "DOM LUSTOSA", "cidade": "Fortaleza", "vitimas": 1, "arma": "Outros meios", "sexo": "M", "idade": "37.0", "tipo_evento": "LESAO CORPORAL SEGUIDA DE MORTE", "region": "fortaleza"}, "geometry": {"type": "Point", "coordinates": [-38.5840182189, -3.7533898496]}}, {"type": "Feature", "properties": {"id": "4404362.0", "data": "2026-03-24", "hora": "22:00:00", "local": "Avenida Martinho de Luna Alencar", "rua": "Avenida Martinho de Luna Alencar", "bairro": "", "cidade": "Barbalha", "vitimas": 1, "arma": "Arma de fogo", "sexo": "M", "idade": "42.0", "tipo_evento": "HOMICIDIO DOLOSO", "region": "interior"}, "geometry": {"type": "Point", "coordinates": [-39.2980341462, -7.3174361439]}}, {"type": "Feature", "properties": {"id": "4404381.0", "data": "2026-03-24", "hora": "05:00:00", "local": "Rua Coronel Manoel Pinheiro de Almeida", "rua": "Rua Coronel Manoel Pinheiro de Almeida", "bairro": "", "cidade": "Farias Brito", "vitimas": 1, "arma": "Arma de fogo", "sexo": "M", "idade": "58.0", "tipo_evento": "HOMICIDIO DOLOSO", "region": "interior"}, "geometry": {"type": "Point", "coordinates": [-39.5737688207, -6.927666592]}}, {"type": "Feature", "properties": {"id": "4404390.0", "data": "2026-03-24", "hora": "19:20:00", "local": "Rua Cesário Paereira", "rua": "Rua Cesário Paereira", "bairro": "", "cidade": "Jijoca de Jericoacoara", "vitimas": 1, "arma": "Arma de fogo", "sexo": "M", "idade": "25.0", "tipo_evento": "HOMICIDIO DOLOSO", "region": "interior"}, "geometry": {"type": "Point", "coordinates": [-40.4505160039, -2.9017639915]}}, {"type": "Feature", "properties": {"id": "4404394.0", "data": "2026-03-24", "hora": "15:00:00", "local": "Rua José de Alencar", "rua": "Rua José de Alencar", "bairro": "", "cidade": "Juazeiro do Norte", "vitimas": 1, "arma": "Arma de fogo", "sexo": "F", "idade": "89.0", "tipo_evento": "HOMICIDIO DOLOSO", "region": "interior"}, "geometry": {"type": "Point", "coordinates": [-39.3158128919, -7.2346874757]}}, {"type": "Feature", "properties": {"id": "4404398.0", "data": "2026-03-24", "hora": "06:30:00", "local": "", "rua": "", "bairro": "LIMOEIRO DO NORTE", "cidade": "Limoeiro do Norte", "vitimas": 2, "arma": "Arma branca", "sexo": "M", "idade": "63.0", "tipo_evento": "HOMICIDIO DOLOSO", "region": "interior"}, "geometry": {"type": "Point", "coordinates": [-38.0623979766, -5.1418119375]}}, {"type": "Feature", "properties": {"id": "4404417.0", "data": "2026-03-24", "hora": "07:20:00", "local": "Estrada para Limoeiro do Norte", "rua": "Estrada para Limoeiro do Norte", "bairro": "", "cidade": "Russas", "vitimas": 1, "arma": "Arma de fogo", "sexo": "M", "idade": "39.0", "tipo_evento": "HOMICIDIO DOLOSO", "region": "interior"}, "geometry": {"type": "Point", "coordinates": [-38.0245184357, -5.0020972626]}}, {"type": "Feature", "properties": {"id": "4404421.0", "data": "2026-03-24", "hora": "17:30:00", "local": "Rua Moisés Plínio de Arruda", "rua": "Rua Moisés Plínio de Arruda", "bairro": "", "cidade": "Sobral", "vitimas": 1, "arma": "Arma de fogo", "sexo": "M", "idade": "29.0", "tipo_evento": "HOMICIDIO DOLOSO", "region": "interior"}, "geometry": {"type": "Point", "coordinates": [-40.374433675, -3.6638781894]}}, {"type": "Feature", "properties": {"id": "4404427.0", "data": "2026-03-24", "hora": "22:00:00", "local": "ESTRADA SEM NOME", "rua": "ESTRADA SEM NOME", "bairro": "", "cidade": "Trairi", "vitimas": 1, "arma": "Arma de fogo", "sexo": "M", "idade": "30.0", "tipo_evento": "HOMICIDIO DOLOSO", "region": "rmf"}, "geometry": {"type": "Point", "coordinates": [-39.360190275, -3.2235860137]}}, {"type": "Feature", "properties": {"id": "4404332.0", "data": "2026-03-23", "hora": "14:27:00", "local": "Praça de Messejana", "rua": "Praça de Messejana", "bairro": "MESSEJANA", "cidade": "Fortaleza", "vitimas": 1, "arma": "Arma branca", "sexo": "M", "idade": "30.0", "tipo_evento": "HOMICIDIO DOLOSO", "region": "fortaleza"}, "geometry": {"type": "Point", "coordinates": [-38.4947329327, -3.8313567816]}}, {"type": "Feature", "properties": {"id": "4404407.0", "data": "2026-03-23", "hora": "19:40:00", "local": "Cacimbão", "rua": "Cacimbão", "bairro": "PARAIPABA", "cidade": "Paraipaba", "vitimas": 2, "arma": "Outros meios", "sexo": "M", "idade": "46.0", "tipo_evento": "HOMICIDIO DOLOSO", "region": "rmf"}, "geometry": {"type": "Point", "coordinates": [-39.157727453, -3.4284278129]}}, {"type": "Feature", "properties": {"id": "4401822.0", "data": "2026-03-22", "hora": "20:05:00", "local": "Rua Campos Sales", "rua": "Rua Campos Sales", "bairro": "FARIAS BRITO", "cidade": "Fortaleza", "vitimas": 1, "arma": "Arma de fogo", "sexo": "M", "idade": "54.0", "tipo_evento": "HOMICIDIO DOLOSO", "region": "fortaleza"}, "geometry": {"type": "Point", "coordinates": [-38.5390728477, -3.7371197962]}}, {"type": "Feature", "properties": {"id": "4401844.0", "data": "2026-03-22", "hora": "23:27:00", "local": "Avenida Padre Ibiapina", "rua": "Avenida Padre Ibiapina", "bairro": "ABAIARA", "cidade": "Abaiara", "vitimas": 2, "arma": "Arma branca", "sexo": "M", "idade": "22.0", "tipo_evento": "HOMICIDIO DOLOSO", "region": "interior"}, "geometry": {"type": "Point", "coordinates": [-39.0477736342, -7.3605379097]}}, {"type": "Feature", "properties": {"id": "4401863.0", "data": "2026-03-22", "hora": "20:50:00", "local": "Avenida José Horácio Pequeno", "rua": "Avenida José Horácio Pequeno", "bairro": "CRATO", "cidade": "Crato", "vitimas": 2, "arma": "Arma de fogo", "sexo": "M", "idade": "30.0", "tipo_evento": "HOMICIDIO DOLOSO", "region": "interior"}, "geometry": {"type": "Point", "coordinates": [-39.4499824919, -7.2565154353]}}, {"type": "Feature", "properties": {"id": "4401900.0", "data": "2026-03-22", "hora": "10:50:00", "local": "Rua Sabino Ferreira", "rua": "Rua Sabino Ferreira", "bairro": "", "cidade": "Tauá", "vitimas": 1, "arma": "Arma de fogo", "sexo": "M", "idade": "38.0", "tipo_evento": "HOMICIDIO DOLOSO", "region": "interior"}, "geometry": {"type": "Point", "coordinates": [-40.2922545919, -5.9877212722]}}, {"type": "Feature", "properties": {"id": "4406342.0", "data": "2026-03-22", "hora": "20:50:00", "local": "", "rua": "", "bairro": "", "cidade": "Coreaú", "vitimas": 1, "arma": "Arma de fogo", "sexo": "M", "idade": "38.0", "tipo_evento": "HOMICIDIO DOLOSO", "region": "interior"}, "geometry": {"type": "Point", "coordinates": [-40.6899949054, -3.7398451603]}}, {"type": "Feature", "properties": {"id": "4401855.0", "data": "2026-03-21", "hora": "08:55:00", "local": "Travessa Cícero Simão de Alencar", "rua": "Travessa Cícero Simão de Alencar", "bairro": "", "cidade": "Campos Sales", "vitimas": 1, "arma": "Arma de fogo", "sexo": "M", "idade": "28.0", "tipo_evento": "HOMICIDIO DOLOSO", "region": "interior"}, "geometry": {"type": "Point", "coordinates": [-40.3784764477, -7.0818495459]}}, {"type": "Feature", "properties": {"id": "4401878.0", "data": "2026-03-21", "hora": "23:00:00", "local": "Rua Raimundo Gomes de Holanda", "rua": "Rua Raimundo Gomes de Holanda", "bairro": "LAVRAS DA MANGABEIRA", "cidade": "Lavras da Mangabeira", "vitimas": 2, "arma": "Arma de fogo", "sexo": "M", "idade": "20.0", "tipo_evento": "HOMICIDIO DOLOSO", "region": "interior"}, "geometry": {"type": "Point", "coordinates": [-38.962905057, -6.7521319682]}}, {"type": "Feature", "properties": {"id": "4401882.0", "data": "2026-03-21", "hora": "19:00:00", "local": "Rua Coronel José Dantas", "rua": "Rua Coronel José Dantas", "bairro": "", "cidade": "Missão Velha", "vitimas": 1, "arma": "Arma de fogo", "sexo": "M", "idade": "30.0", "tipo_evento": "HOMICIDIO DOLOSO", "region": "interior"}, "geometry": {"type": "Point", "coordinates": [-39.1334679477, -7.2523433487]}}, {"type": "Feature", "properties": {"id": "4401896.0", "data": "2026-03-21", "hora": "21:00:00", "local": "Avenida Brandão", "rua": "Avenida Brandão", "bairro": "", "cidade": "São Benedito", "vitimas": 1, "arma": "Arma de fogo", "sexo": "M", "idade": "18.0", "tipo_evento": "HOMICIDIO DOLOSO", "region": "interior"}, "geometry": {"type": "Point", "coordinates": [-40.871659763, -4.1116847956]}}, {"type": "Feature", "properties": {"id": "4401821.0", "data": "2026-03-20", "hora": "13:30:00", "local": "Estrada do Toin", "rua": "Estrada do Toin", "bairro": "", "cidade": "Cascavel", "vitimas": 1, "arma": "Arma branca", "sexo": "F", "idade": "42.0", "tipo_evento": "HOMICIDIO DOLOSO", "region": "rmf"}, "geometry": {"type": "Point", "coordinates": [-38.1672040901, -4.1119066849]}}, {"type": "Feature", "properties": {"id": "4401876.0", "data": "2026-03-20", "hora": "02:20:00", "local": "Campo Alegre", "rua": "Campo Alegre", "bairro": "", "cidade": "Juazeiro do Norte", "vitimas": 1, "arma": "Arma de fogo", "sexo": "M", "idade": "20.0", "tipo_evento": "HOMICIDIO DOLOSO", "region": "interior"}, "geometry": {"type": "Point", "coordinates": [-39.2932470189, -7.2540202639]}}, {"type": "Feature", "properties": {"id": "4401895.0", "data": "2026-03-20", "hora": "08:00:00", "local": "VILA MIGUEL PEREIRA", "rua": "VILA MIGUEL PEREIRA", "bairro": "", "cidade": "Russas", "vitimas": 1, "arma": "Arma de fogo", "sexo": "M", "idade": "31.0", "tipo_evento": "HOMICIDIO DOLOSO", "region": "interior"}, "geometry": {"type": "Point", "coordinates": [-38.0473563289, -5.0480342421]}}, {"type": "Feature", "properties": {"id": "4401901.0", "data": "2026-03-20", "hora": "23:00:00", "local": "Rua Vereador Raimundo Lima", "rua": "Rua Vereador Raimundo Lima", "bairro": "", "cidade": "Tianguá", "vitimas": 1, "arma": "Arma de fogo", "sexo": "M", "idade": "17.0", "tipo_evento": "HOMICIDIO DOLOSO", "region": "interior"}, "geometry": {"type": "Point", "coordinates": [-40.9888387631, -3.7240629653]}}, {"type": "Feature", "properties": {"id": "4404324.0", "data": "2026-03-20", "hora": "21:00:00", "local": "", "rua": "", "bairro": "", "cidade": "Cascavel", "vitimas": 1, "arma": "Arma de fogo", "sexo": "M", "idade": "48.0", "tipo_evento": "HOMICIDIO DOLOSO", "region": "rmf"}, "geometry": {"type": "Point", "coordinates": [-38.2448988631, -4.1334018903]}}, {"type": "Feature", "properties": {"id": "4401833.0", "data": "2026-03-19", "hora": "16:39:00", "local": "Rua Ambrósio de Carvalho", "rua": "Rua Ambrósio de Carvalho", "bairro": "CURIÓ", "cidade": "Fortaleza", "vitimas": 1, "arma": "Arma de fogo", "sexo": "M", "idade": "24.0", "tipo_evento": "HOMICIDIO DOLOSO", "region": "fortaleza"}, "geometry": {"type": "Point", "coordinates": [-38.4793435349, -3.8227852341]}}, {"type": "Feature", "properties": {"id": "4401897.0", "data": "2026-03-19", "hora": "10:02:00", "local": "Rua Rochael Moreira", "rua": "Rua Rochael Moreira", "bairro": "SAO LUIS DO CURU", "cidade": "São Luís do Curu", "vitimas": 2, "arma": "Arma de fogo", "sexo": "M", "idade": "65.0", "tipo_evento": "HOMICIDIO DOLOSO", "region": "rmf"}, "geometry": {"type": "Point", "coordinates": [-39.2413889039, -3.6699973196]}}, {"type": "Feature", "properties": {"id": "4401898.0", "data": "2026-03-19", "hora": "12:30:00", "local": "BR-222;BR-403", "rua": "BR-222;BR-403", "bairro": "", "cidade": "Sobral", "vitimas": 1, "arma": "Arma de fogo", "sexo": "M", "idade": "28.0", "tipo_evento": "HOMICIDIO DOLOSO", "region": "interior"}, "geometry": {"type": "Point", "coordinates": [-40.4192294113, -3.7108476587]}}, {"type": "Feature", "properties": {"id": "4401857.0", "data": "2026-03-18", "hora": "15:30:00", "local": "", "rua": "", "bairro": "CARIRE", "cidade": "Cariré", "vitimas": 2, "arma": "Arma de fogo", "sexo": "M", "idade": "23.0", "tipo_evento": "HOMICIDIO DOLOSO", "region": "interior"}, "geometry": {"type": "Point", "coordinates": [-40.4804227327, -3.9536004795]}}, {"type": "Feature", "properties": {"id": "4401884.0", "data": "2026-03-18", "hora": "22:50:00", "local": "", "rua": "", "bairro": "OROS", "cidade": "Orós", "vitimas": 2, "arma": "Arma de fogo", "sexo": "M", "idade": "34.0", "tipo_evento": "HOMICIDIO DOLOSO", "region": "interior"}, "geometry": {"type": "Point", "coordinates": [-38.9168404198, -6.236469179]}}, {"type": "Feature", "properties": {"id": "4401904.0", "data": "2026-03-18", "hora": "10:00:00", "local": "Rua Pergentino Brito de Lima", "rua": "Rua Pergentino Brito de Lima", "bairro": "VARZEA ALEGRE", "cidade": "Várzea Alegre", "vitimas": 2, "arma": "Outros meios", "sexo": "F", "idade": "5.0", "tipo_evento": "HOMICIDIO DOLOSO", "region": "interior"}, "geometry": {"type": "Point", "coordinates": [-39.289558275, -6.796770726]}}, {"type": "Feature", "properties": {"id": "4401842.0", "data": "2026-03-17", "hora": "08:29:00", "local": "Avenida Parque Norte 2", "rua": "Avenida Parque Norte 2", "bairro": "BOM JARDIM", "cidade": "Maracanaú", "vitimas": 2, "arma": "Arma branca", "sexo": "M", "idade": "32.0", "tipo_evento": "HOMICIDIO DOLOSO", "region": "rmf"}, "geometry": {"type": "Point", "coordinates": [-38.5980541547, -3.8438860103]}}, {"type": "Feature", "properties": {"id": "4401859.0", "data": "2026-03-17", "hora": "21:30:00", "local": "ESTRADA PARÁ BARROQUINHA", "rua": "ESTRADA PARÁ BARROQUINHA", "bairro": "", "cidade": "Chaval", "vitimas": 1, "arma": "Arma branca", "sexo": "M", "idade": "67.0", "tipo_evento": "HOMICIDIO DOLOSO", "region": "interior"}, "geometry": {"type": "Point", "coordinates": [-41.1700367871, -3.1249297633]}}, {"type": "Feature", "properties": {"id": "4401899.0", "data": "2026-03-17", "hora": "14:00:00", "local": "Rua Tancredo Neves", "rua": "Rua Tancredo Neves", "bairro": "", "cidade": "Sobral", "vitimas": 1, "arma": "Arma de fogo", "sexo": "M", "idade": "27.0", "tipo_evento": "HOMICIDIO DOLOSO", "region": "interior"}, "geometry": {"type": "Point", "coordinates": [-40.3749869462, -3.6717711827]}}, {"type": "Feature", "properties": {"id": "4401902.0", "data": "2026-03-17", "hora": "21:30:00", "local": "CE-163", "rua": "CE-163", "bairro": "", "cidade": "Trairi", "vitimas": 1, "arma": "Arma de fogo", "sexo": "M", "idade": "26.0", "tipo_evento": "HOMICIDIO DOLOSO", "region": "rmf"}, "geometry": {"type": "Point", "coordinates": [-39.2889532215, -3.3556024603]}}, {"type": "Feature", "properties": {"id": "4404415.0", "data": "2026-03-17", "hora": "08:00:00", "local": "", "rua": "", "bairro": "", "cidade": "Quixeramobim", "vitimas": 1, "arma": "Arma branca", "sexo": "M", "idade": "25.0", "tipo_evento": "HOMICIDIO DOLOSO", "region": "interior"}, "geometry": {"type": "Point", "coordinates": [-39.4769136904, -5.155617222]}}, {"type": "Feature", "properties": {"id": "4401853.0", "data": "2026-03-16", "hora": "14:00:00", "local": "ESTRADA DO POSTO PAI TEREZA LAGOA DA BOLACHA", "rua": "ESTRADA DO POSTO PAI TEREZA LAGOA DA BOLACHA", "bairro": "", "cidade": "Beberibe", "vitimas": 1, "arma": "Arma de fogo", "sexo": "M", "idade": "25.0", "tipo_evento": "HOMICIDIO DOLOSO", "region": "interior"}, "geometry": {"type": "Point", "coordinates": [-37.9959167039, -4.3153955972]}}, {"type": "Feature", "properties": {"id": "4401868.0", "data": "2026-03-16", "hora": "02:00:00", "local": "Rua Ulisses de Holanda Campelo", "rua": "Rua Ulisses de Holanda Campelo", "bairro": "IRACEMA", "cidade": "Iracema", "vitimas": 2, "arma": "Arma de fogo", "sexo": "M", "idade": "43.0", "tipo_evento": "HOMICIDIO DOLOSO", "region": "interior"}, "geometry": {"type": "Point", "coordinates": [-38.3039258038, -5.8106368519]}}, {"type": "Feature", "properties": {"id": "4401903.0", "data": "2026-03-16", "hora": "09:16:00", "local": "RUA ZEQUIAS E. DA CUNHA", "rua": "RUA ZEQUIAS E. DA CUNHA", "bairro": "", "cidade": "Trairi", "vitimas": 1, "arma": "Arma de fogo", "sexo": "M", "idade": "24.0", "tipo_evento": "HOMICIDIO DOLOSO", "region": "rmf"}, "geometry": {"type": "Point", "coordinates": [-39.369379653, -3.2219858281]}}, {"type": "Feature", "properties": {"id": "4404352.0", "data": "2026-03-16", "hora": "13:00:00", "local": "", "rua": "", "bairro": "", "cidade": "Maracanaú", "vitimas": 1, "arma": "Outros meios", "sexo": "M", "idade": "58.0", "tipo_evento": "HOMICIDIO DOLOSO", "region": "rmf"}, "geometry": {"type": "Point", "coordinates": [-38.6291217054, -3.8274721618]}}, {"type": "Feature", "properties": {"id": "4399094.0", "data": "2026-03-15", "hora": "00:57:00", "local": "Jaçanaú", "rua": "Jaçanaú", "bairro": "SIQUEIRA", "cidade": "Maracanaú", "vitimas": 2, "arma": "Arma de fogo", "sexo": "M", "idade": "30.0", "tipo_evento": "HOMICIDIO DOLOSO", "region": "rmf"}, "geometry": {"type": "Point", "coordinates": [-38.6604540502, -3.8340646156]}}, {"type": "Feature", "properties": {"id": "4399100.0", "data": "2026-03-15", "hora": "20:30:00", "local": "Malvinas", "rua": "Malvinas", "bairro": "", "cidade": "Barbalha", "vitimas": 1, "arma": "Arma de fogo", "sexo": "M", "idade": "32.0", "tipo_evento": "HOMICIDIO DOLOSO", "region": "interior"}, "geometry": {"type": "Point", "coordinates": [-39.2783100327, -7.3074170927]}}, {"type": "Feature", "properties": {"id": "4399102.0", "data": "2026-03-15", "hora": "11:00:00", "local": "SÍTIO BARRO BRANCO", "rua": "SÍTIO BARRO BRANCO", "bairro": "", "cidade": "Barbalha", "vitimas": 1, "arma": "Arma de fogo", "sexo": "M", "idade": "17.0", "tipo_evento": "HOMICIDIO DOLOSO", "region": "interior"}, "geometry": {"type": "Point", "coordinates": [-39.2526047615, -7.3161069682]}}, {"type": "Feature", "properties": {"id": "4399103.0", "data": "2026-03-15", "hora": "15:30:00", "local": "Rua Santa Terezinha", "rua": "Rua Santa Terezinha", "bairro": "", "cidade": "Brejo Santo", "vitimas": 1, "arma": "Arma de fogo", "sexo": "M", "idade": "31.0", "tipo_evento": "HOMICIDIO DOLOSO", "region": "interior"}, "geometry": {"type": "Point", "coordinates": [-38.9809213156, -7.4937444714]}}, {"type": "Feature", "properties": {"id": "4399132.0", "data": "2026-03-15", "hora": "05:00:00", "local": "RUA SÃO FRANCISCO", "rua": "RUA SÃO FRANCISCO", "bairro": "", "cidade": "Quixelô", "vitimas": 1, "arma": "Arma de fogo", "sexo": "M", "idade": "19.0", "tipo_evento": "HOMICIDIO DOLOSO", "region": "interior"}, "geometry": {"type": "Point", "coordinates": [-39.2006003734, -6.2520585286]}}, {"type": "Feature", "properties": {"id": "4399072.0", "data": "2026-03-14", "hora": "06:19:00", "local": "Rua Fabiano de Cristo", "rua": "Rua Fabiano de Cristo", "bairro": "AUTRAN NUNES", "cidade": "Caucaia", "vitimas": 2, "arma": "Arma de fogo", "sexo": "M", "idade": "18.0", "tipo_evento": "HOMICIDIO DOLOSO", "region": "rmf"}, "geometry": {"type": "Point", "coordinates": [-38.6324777343, -3.7758435851]}}, {"type": "Feature", "properties": {"id": "4399129.0", "data": "2026-03-14", "hora": "21:00:00", "local": "SITIO MALHADA", "rua": "SITIO MALHADA", "bairro": "", "cidade": "Quiterianópolis", "vitimas": 1, "arma": "Arma de fogo", "sexo": "F", "idade": "23.0", "tipo_evento": "HOMICIDIO DOLOSO", "region": "interior"}, "geometry": {"type": "Point", "coordinates": [-40.6802641676, -5.8414824224]}}, {"type": "Feature", "properties": {"id": "4399076.0", "data": "2026-03-13", "hora": "20:42:00", "local": "Rua João XXIII", "rua": "Rua João XXIII", "bairro": "GRANJA PORTUGAL", "cidade": "Fortaleza", "vitimas": 1, "arma": "Arma de fogo", "sexo": "M", "idade": "45.0", "tipo_evento": "HOMICIDIO DOLOSO", "region": "fortaleza"}, "geometry": {"type": "Point", "coordinates": [-38.6058547631, -3.7860682745]}}, {"type": "Feature", "properties": {"id": "4399086.0", "data": "2026-03-13", "hora": "06:50:00", "local": "Avenida Washington Soares", "rua": "Avenida Washington Soares", "bairro": "JOSÉ DE ALENCAR", "cidade": "Fortaleza", "vitimas": 1, "arma": "Arma de fogo", "sexo": "M", "idade": "23.0", "tipo_evento": "HOMICIDIO DOLOSO", "region": "fortaleza"}, "geometry": {"type": "Point", "coordinates": [-38.4818110919, -3.8194131911]}}, {"type": "Feature", "properties": {"id": "4399096.0", "data": "2026-03-13", "hora": "02:22:00", "local": "ESTRADA BURITIZAL AO BOM SUCESSO", "rua": "ESTRADA BURITIZAL AO BOM SUCESSO", "bairro": "", "cidade": "Amontada", "vitimas": 1, "arma": "Arma de fogo", "sexo": "F", "idade": "23.0", "tipo_evento": "HOMICIDIO DOLOSO", "region": "interior"}, "geometry": {"type": "Point", "coordinates": [-39.6486982343, -3.0728124969]}}, {"type": "Feature", "properties": {"id": "4399098.0", "data": "2026-03-13", "hora": "15:00:00", "local": "Avenida Vicente Tavares Simões", "rua": "Avenida Vicente Tavares Simões", "bairro": "AURORA", "cidade": "Aurora", "vitimas": 2, "arma": "Arma de fogo", "sexo": "M", "idade": "30.0", "tipo_evento": "HOMICIDIO DOLOSO", "region": "interior"}, "geometry": {"type": "Point", "coordinates": [-38.9561889765, -6.9424436425]}}, {"type": "Feature", "properties": {"id": "4399101.0", "data": "2026-03-13", "hora": "20:00:00", "local": "Malvinas", "rua": "Malvinas", "bairro": "", "cidade": "Barbalha", "vitimas": 1, "arma": "Arma de fogo", "sexo": "M", "idade": "24.0", "tipo_evento": "HOMICIDIO DOLOSO", "region": "interior"}, "geometry": {"type": "Point", "coordinates": [-39.2782328919, -7.3067645173]}}, {"type": "Feature", "properties": {"id": "4399117.0", "data": "2026-03-13", "hora": "14:00:00", "local": "Rua Antônio Felix de Sousa", "rua": "Rua Antônio Felix de Sousa", "bairro": "", "cidade": "Itapiúna", "vitimas": 1, "arma": "Arma de fogo", "sexo": "M", "idade": "26.0", "tipo_evento": "HOMICIDIO DOLOSO", "region": "interior"}, "geometry": {"type": "Point", "coordinates": [-39.0048578765, -4.5237633561]}}, {"type": "Feature", "properties": {"id": "4399118.0", "data": "2026-03-13", "hora": "15:44:00", "local": "Avenida Manoel Tavares Lopes", "rua": "Avenida Manoel Tavares Lopes", "bairro": "", "cidade": "Juazeiro do Norte", "vitimas": 1, "arma": "Arma de fogo", "sexo": "M", "idade": "32.0", "tipo_evento": "HOMICIDIO DOLOSO", "region": "interior"}, "geometry": {"type": "Point", "coordinates": [-39.3381461054, -7.247335734]}}, {"type": "Feature", "properties": {"id": "4399126.0", "data": "2026-03-13", "hora": "23:40:00", "local": "VILA CACHIMBÓ II", "rua": "VILA CACHIMBÓ II", "bairro": "", "cidade": "Parambu", "vitimas": 1, "arma": "Arma de fogo", "sexo": "M", "idade": "29.0", "tipo_evento": "HOMICIDIO DOLOSO", "region": "interior"}, "geometry": {"type": "Point", "coordinates": [-40.7107044631, -6.2216249938]}}, {"type": "Feature", "properties": {"id": "4399078.0", "data": "2026-03-12", "hora": "21:16:00", "local": "Avenida 2 de Maio", "rua": "Avenida 2 de Maio", "bairro": "PASSARÉ", "cidade": "Fortaleza", "vitimas": 1, "arma": "Arma branca", "sexo": "M", "idade": "35.0", "tipo_evento": "HOMICIDIO DOLOSO", "region": "fortaleza"}, "geometry": {"type": "Point", "coordinates": [-38.5382831171, -3.8137130465]}}, {"type": "Feature", "properties": {"id": "4399089.0", "data": "2026-03-12", "hora": "15:10:00", "local": "Rua Granja São Francisco", "rua": "Rua Granja São Francisco", "bairro": "JOSÉ DE ALENCAR", "cidade": "Fortaleza", "vitimas": 1, "arma": "Arma de fogo", "sexo": "M", "idade": "17.0", "tipo_evento": "HOMICIDIO DOLOSO", "region": "fortaleza"}, "geometry": {"type": "Point", "coordinates": [-38.4749935496, -3.8041305616]}}, {"type": "Feature", "properties": {"id": "4399104.0", "data": "2026-03-12", "hora": "17:50:00", "local": "RUA DOUTOR CAMPELO", "rua": "RUA DOUTOR CAMPELO", "bairro": "", "cidade": "Canindé", "vitimas": 1, "arma": "Arma de fogo", "sexo": "M", "idade": "49.0", "tipo_evento": "HOMICIDIO DOLOSO", "region": "interior"}, "geometry": {"type": "Point", "coordinates": [-39.3075570039, -4.3595777934]}}, {"type": "Feature", "properties": {"id": "4399107.0", "data": "2026-03-12", "hora": "21:00:00", "local": "Rua José Sátiro Vilar", "rua": "Rua José Sátiro Vilar", "bairro": "", "cidade": "Crato", "vitimas": 1, "arma": "Arma de fogo", "sexo": "M", "idade": "39.0", "tipo_evento": "HOMICIDIO DOLOSO", "region": "interior"}, "geometry": {"type": "Point", "coordinates": [-39.4054202462, -7.2408086495]}}, {"type": "Feature", "properties": {"id": "4399079.0", "data": "2026-03-11", "hora": "00:53:00", "local": "Rua São Lucas", "rua": "Rua São Lucas", "bairro": "MONDUBIM", "cidade": "Fortaleza", "vitimas": 1, "arma": "Arma branca", "sexo": "M", "idade": "35.0", "tipo_evento": "HOMICIDIO DOLOSO", "region": "fortaleza"}, "geometry": {"type": "Point", "coordinates": [-38.5838895738, -3.8188799355]}}, {"type": "Feature", "properties": {"id": "4399108.0", "data": "2026-03-11", "hora": "17:00:00", "local": "Rua Francisco Bezerra", "rua": "Rua Francisco Bezerra", "bairro": "", "cidade": "Crato", "vitimas": 1, "arma": "Arma de fogo", "sexo": "M", "idade": "27.0", "tipo_evento": "HOMICIDIO DOLOSO", "region": "interior"}, "geometry": {"type": "Point", "coordinates": [-39.3708378038, -7.2212495803]}}, {"type": "Feature", "properties": {"id": "4399120.0", "data": "2026-03-11", "hora": "20:10:00", "local": "Rua Rufino Pereira", "rua": "Rua Rufino Pereira", "bairro": "", "cidade": "Martinópole", "vitimas": 1, "arma": "Arma de fogo", "sexo": "M", "idade": "38.0", "tipo_evento": "HOMICIDIO DOLOSO", "region": "interior"}, "geometry": {"type": "Point", "coordinates": [-40.694944575, -3.2257209849]}}, {"type": "Feature", "properties": {"id": "4399124.0", "data": "2026-03-11", "hora": "02:00:00", "local": "Beco 2", "rua": "Beco 2", "bairro": "", "cidade": "Paracuru", "vitimas": 1, "arma": "Arma de fogo", "sexo": "M", "idade": "30.0", "tipo_evento": "HOMICIDIO DOLOSO", "region": "rmf"}, "geometry": {"type": "Point", "coordinates": [-39.1086686327, -3.441179187]}}, {"type": "Feature", "properties": {"id": "4399127.0", "data": "2026-03-11", "hora": "14:40:00", "local": "Rua Cajueiro", "rua": "Rua Cajueiro", "bairro": "", "cidade": "Pedra Branca", "vitimas": 1, "arma": "Arma de fogo", "sexo": "M", "idade": "40.0", "tipo_evento": "HOMICIDIO DOLOSO", "region": "interior"}, "geometry": {"type": "Point", "coordinates": [-39.7236859039, -5.453795934]}}, {"type": "Feature", "properties": {"id": "4399071.0", "data": "2026-03-10", "hora": "07:20:00", "local": "Rua da Palha", "rua": "Rua da Palha", "bairro": "GUADALAJARA", "cidade": "Caucaia", "vitimas": 2, "arma": "Arma de fogo", "sexo": "M", "idade": "20.0", "tipo_evento": "HOMICIDIO DOLOSO", "region": "rmf"}, "geometry": {"type": "Point", "coordinates": [-38.6552765837, -3.7447163979]}}, {"type": "Feature", "properties": {"id": "4399093.0", "data": "2026-03-10", "hora": "21:00:00", "local": "Rua Quatorze", "rua": "Rua Quatorze", "bairro": "ANCURI", "cidade": "Itaitinga", "vitimas": 2, "arma": "Arma de fogo", "sexo": "M", "idade": "53.0", "tipo_evento": "HOMICIDIO DOLOSO", "region": "rmf"}, "geometry": {"type": "Point", "coordinates": [-38.5181470683, -3.896893736]}}, {"type": "Feature", "properties": {"id": "4399097.0", "data": "2026-03-10", "hora": "03:00:00", "local": "Rota do Sol Nascente", "rua": "Rota do Sol Nascente", "bairro": "", "cidade": "Aracati", "vitimas": 1, "arma": "Arma de fogo", "sexo": "M", "idade": "22.0", "tipo_evento": "HOMICIDIO DOLOSO", "region": "interior"}, "geometry": {"type": "Point", "coordinates": [-37.4541800039, -4.8687951642]}}, {"type": "Feature", "properties": {"id": "4399133.0", "data": "2026-03-10", "hora": "03:00:00", "local": "Rua Mestre Felipe", "rua": "Rua Mestre Felipe", "bairro": "", "cidade": "Quixeré", "vitimas": 1, "arma": "Arma de fogo", "sexo": "M", "idade": "48.0", "tipo_evento": "HOMICIDIO DOLOSO", "region": "interior"}, "geometry": {"type": "Point", "coordinates": [-37.9911564615, -5.0713785607]}}, {"type": "Feature", "properties": {"id": "4399070.0", "data": "2026-03-09", "hora": "18:43:00", "local": "Rua Padre Cícero", "rua": "Rua Padre Cícero", "bairro": "GUADALAJARA", "cidade": "Caucaia", "vitimas": 2, "arma": "Arma de fogo", "sexo": "M", "idade": "26.0", "tipo_evento": "HOMICIDIO DOLOSO", "region": "rmf"}, "geometry": {"type": "Point", "coordinates": [-38.6622222037, -3.7572094831]}}, {"type": "Feature", "properties": {"id": "4399075.0", "data": "2026-03-09", "hora": "20:34:00", "local": "Avenida Coronel Correia", "rua": "Avenida Coronel Correia", "bairro": "ANTONIO BEZERRA", "cidade": "Caucaia", "vitimas": 2, "arma": "Arma de fogo", "sexo": "F", "idade": "18.0", "tipo_evento": "HOMICIDIO DOLOSO", "region": "rmf"}, "geometry": {"type": "Point", "coordinates": [-38.6344464153, -3.7405388681]}}, {"type": "Feature", "properties": {"id": "4399084.0", "data": "2026-03-09", "hora": "07:40:00", "local": "Avenida Odilon Guimarães", "rua": "Avenida Odilon Guimarães", "bairro": "CURIÓ", "cidade": "Fortaleza", "vitimas": 1, "arma": "Arma de fogo", "sexo": "M", "idade": "25.0", "tipo_evento": "HOMICIDIO DOLOSO", "region": "fortaleza"}, "geometry": {"type": "Point", "coordinates": [-38.4775322622, -3.8228090908]}}, {"type": "Feature", "properties": {"id": "4399067.0", "data": "2026-03-08", "hora": "11:20:00", "local": "Avenida Ulisses Guimarães", "rua": "Avenida Ulisses Guimarães", "bairro": "BARRA DO CEARA", "cidade": "Caucaia", "vitimas": 2, "arma": "Arma de fogo", "sexo": "M", "idade": "69.0", "tipo_evento": "HOMICIDIO DOLOSO", "region": "rmf"}, "geometry": {"type": "Point", "coordinates": [-38.6072497054, -3.6935243832]}}, {"type": "Feature", "properties": {"id": "4399105.0", "data": "2026-03-08", "hora": "23:00:00", "local": "Rua Maria Cecília de Carvalho", "rua": "Rua Maria Cecília de Carvalho", "bairro": "", "cidade": "Catarina", "vitimas": 1, "arma": "Arma de fogo", "sexo": "M", "idade": "50.0", "tipo_evento": "HOMICIDIO DOLOSO", "region": "interior"}, "geometry": {"type": "Point", "coordinates": [-39.8829788709, -6.1433909044]}}, {"type": "Feature", "properties": {"id": "4399082.0", "data": "2026-03-07", "hora": "13:48:00", "local": "Rua Cecília Meireles", "rua": "Rua Cecília Meireles", "bairro": "MESSEJANA", "cidade": "Fortaleza", "vitimas": 1, "arma": "Arma de fogo", "sexo": "M", "idade": "25.0", "tipo_evento": "HOMICIDIO DOLOSO", "region": "fortaleza"}, "geometry": {"type": "Point", "coordinates": [-38.4888107477, -3.8197641761]}}, {"type": "Feature", "properties": {"id": "4399083.0", "data": "2026-03-07", "hora": "03:40:00", "local": "Rua Vilamar Damasceno", "rua": "Rua Vilamar Damasceno", "bairro": "MESSEJANA", "cidade": "Fortaleza", "vitimas": 1, "arma": "Arma de fogo", "sexo": "M", "idade": "25.0", "tipo_evento": "HOMICIDIO DOLOSO", "region": "fortaleza"}, "geometry": {"type": "Point", "coordinates": [-38.4930985208, -3.8205127762]}}, {"type": "Feature", "properties": {"id": "4399085.0", "data": "2026-03-07", "hora": "17:39:00", "local": "Rua Branca", "rua": "Rua Branca", "bairro": "JOSÉ DE ALENCAR", "cidade": "Fortaleza", "vitimas": 1, "arma": "Arma de fogo", "sexo": "M", "idade": "25.0", "tipo_evento": "HOMICIDIO DOLOSO", "region": "fortaleza"}, "geometry": {"type": "Point", "coordinates": [-38.4708414343, -3.8158321759]}}, {"type": "Feature", "properties": {"id": "4399111.0", "data": "2026-03-07", "hora": "22:00:00", "local": "Rua Antônio Silva Lima", "rua": "Rua Antônio Silva Lima", "bairro": "", "cidade": "Ipueiras", "vitimas": 1, "arma": "Arma branca", "sexo": "M", "idade": "21.0", "tipo_evento": "HOMICIDIO DOLOSO", "region": "interior"}, "geometry": {"type": "Point", "coordinates": [-40.7285804631, -4.5515490904]}}, {"type": "Feature", "properties": {"id": "4399113.0", "data": "2026-03-07", "hora": "03:00:00", "local": "P9WH+CG CRUXATI", "rua": "P9WH+CG CRUXATI", "bairro": "", "cidade": "Itapipoca", "vitimas": 1, "arma": "Arma de fogo", "sexo": "M", "idade": "27.0", "tipo_evento": "HOMICIDIO DOLOSO", "region": "interior"}, "geometry": {"type": "Point", "coordinates": [-39.6211771567, -3.2539945671]}}, {"type": "Feature", "properties": {"id": "4399095.0", "data": "2026-03-06", "hora": "22:20:00", "local": "", "rua": "", "bairro": "", "cidade": "Acopiara", "vitimas": 1, "arma": "Arma de fogo", "sexo": "M", "idade": "28.0", "tipo_evento": "HOMICIDIO DOLOSO", "region": "interior"}, "geometry": {"type": "Point", "coordinates": [-39.4679289818, -6.1010719913]}}, {"type": "Feature", "properties": {"id": "4399109.0", "data": "2026-03-06", "hora": "14:00:00", "local": "", "rua": "", "bairro": "", "cidade": "Crato", "vitimas": 1, "arma": "Arma de fogo", "sexo": "M", "idade": "26.0", "tipo_evento": "HOMICIDIO DOLOSO", "region": "interior"}, "geometry": {"type": "Point", "coordinates": [-39.4184593342, -7.2302598492]}}, {"type": "Feature", "properties": {"id": "4399122.0", "data": "2026-03-06", "hora": "17:20:00", "local": "", "rua": "", "bairro": "", "cidade": "Missão Velha", "vitimas": 1, "arma": "Arma de fogo", "sexo": "M", "idade": "35.0", "tipo_evento": "HOMICIDIO DOLOSO", "region": "interior"}, "geometry": {"type": "Point", "coordinates": [-39.1508176765, -7.2491562912]}}, {"type": "Feature", "properties": {"id": "4399123.0", "data": "2026-03-06", "hora": "15:10:00", "local": "", "rua": "", "bairro": "", "cidade": "Morada Nova", "vitimas": 1, "arma": "Arma de fogo", "sexo": "M", "idade": "33.0", "tipo_evento": "HOMICIDIO DOLOSO", "region": "interior"}, "geometry": {"type": "Point", "coordinates": [-38.3891051188, -5.1058217084]}}, {"type": "Feature", "properties": {"id": "4399125.0", "data": "2026-03-06", "hora": "15:50:00", "local": "", "rua": "", "bairro": "", "cidade": "Paraipaba", "vitimas": 1, "arma": "Arma de fogo", "sexo": "M", "idade": "53.0", "tipo_evento": "HOMICIDIO DOLOSO", "region": "rmf"}, "geometry": {"type": "Point", "coordinates": [-39.158425721, -3.496374093]}}, {"type": "Feature", "properties": {"id": "4399128.0", "data": "2026-03-06", "hora": "18:26:00", "local": "", "rua": "", "bairro": "", "cidade": "Quiterianópolis", "vitimas": 1, "arma": "Arma de fogo", "sexo": "M", "idade": "26.0", "tipo_evento": "HOMICIDIO DOLOSO", "region": "interior"}, "geometry": {"type": "Point", "coordinates": [-40.7756691909, -5.9056295307]}}, {"type": "Feature", "properties": {"id": "4399068.0", "data": "2026-03-05", "hora": "18:22:00", "local": "", "rua": "", "bairro": "", "cidade": "Caucaia", "vitimas": 1, "arma": "Arma de fogo", "sexo": "M", "idade": "40.0", "tipo_evento": "HOMICIDIO DOLOSO", "region": "rmf"}, "geometry": {"type": "Point", "coordinates": [-38.6578982803, -3.6884808667]}}, {"type": "Feature", "properties": {"id": "4395925.0", "data": "2026-03-04", "hora": "16:30:00", "local": "Rua Letícia", "rua": "Rua Letícia", "bairro": "MESSEJANA", "cidade": "Fortaleza", "vitimas": 1, "arma": "Arma de fogo", "sexo": "M", "idade": "18.0", "tipo_evento": "HOMICIDIO DOLOSO", "region": "fortaleza"}, "geometry": {"type": "Point", "coordinates": [-38.4936626327, -3.8220117961]}}, {"type": "Feature", "properties": {"id": "4395927.0", "data": "2026-03-04", "hora": "06:00:00", "local": "Rua Mariano F. de Almeida", "rua": "Rua Mariano F. de Almeida", "bairro": "HORIZONTE", "cidade": "Horizonte", "vitimas": 2, "arma": "Arma de fogo", "sexo": "M", "idade": "25.0", "tipo_evento": "HOMICIDIO DOLOSO", "region": "rmf"}, "geometry": {"type": "Point", "coordinates": [-38.4455557458, -4.0819429446]}}, {"type": "Feature", "properties": {"id": "4395921.0", "data": "2026-03-03", "hora": "16:02:00", "local": "Rodovia Raimundo Pessoa de Araújo", "rua": "Rodovia Raimundo Pessoa de Araújo", "bairro": "CONJUNTO CEARA I", "cidade": "Caucaia", "vitimas": 2, "arma": "Arma de fogo", "sexo": "M", "idade": "28.0", "tipo_evento": "HOMICIDIO DOLOSO", "region": "rmf"}, "geometry": {"type": "Point", "coordinates": [-38.653151175, -3.7749567851]}}, {"type": "Feature", "properties": {"id": "4395928.0", "data": "2026-03-03", "hora": "13:20:00", "local": "Avenida Paulo Marquês", "rua": "Avenida Paulo Marquês", "bairro": "", "cidade": "Barbalha", "vitimas": 1, "arma": "Arma de fogo", "sexo": "M", "idade": "33.0", "tipo_evento": "HOMICIDIO DOLOSO", "region": "interior"}, "geometry": {"type": "Point", "coordinates": [-39.316645875, -7.2879312554]}}, {"type": "Feature", "properties": {"id": "4395935.0", "data": "2026-03-03", "hora": "09:50:00", "local": "Rua Abrão Baquit", "rua": "Rua Abrão Baquit", "bairro": "", "cidade": "Quixadá", "vitimas": 1, "arma": "Arma de fogo", "sexo": "M", "idade": "34.0", "tipo_evento": "HOMICIDIO DOLOSO", "region": "interior"}, "geometry": {"type": "Point", "coordinates": [-39.0365337327, -4.9648459293]}}, {"type": "Feature", "properties": {"id": "4395923.0", "data": "2026-03-02", "hora": "16:14:00", "local": "Guajeru", "rua": "Guajeru", "bairro": "GUAJERU", "cidade": "Fortaleza", "vitimas": 1, "arma": "Arma de fogo", "sexo": "M", "idade": "42.0", "tipo_evento": "HOMICIDIO DOLOSO", "region": "fortaleza"}, "geometry": {"type": "Point", "coordinates": [-38.4766881615, -3.8296686717]}}, {"type": "Feature", "properties": {"id": "4395930.0", "data": "2026-03-02", "hora": "17:00:00", "local": "Rua Antonina do Norte", "rua": "Rua Antonina do Norte", "bairro": "", "cidade": "Crato", "vitimas": 1, "arma": "Arma de fogo", "sexo": "M", "idade": "21.0", "tipo_evento": "HOMICIDIO DOLOSO", "region": "interior"}, "geometry": {"type": "Point", "coordinates": [-39.4100776327, -7.2245867181]}}, {"type": "Feature", "properties": {"id": "4395934.0", "data": "2026-03-02", "hora": "08:50:00", "local": "ESTRADA LUNDU BROTAS", "rua": "ESTRADA LUNDU BROTAS", "bairro": "", "cidade": "Miraíma", "vitimas": 1, "arma": "Arma de fogo", "sexo": "M", "idade": "19.0", "tipo_evento": "HOMICIDIO DOLOSO", "region": "interior"}, "geometry": {"type": "Point", "coordinates": [-39.7937137736, -3.5619918655]}}, {"type": "Feature", "properties": {"id": "4406254.0", "data": "2026-03-02", "hora": "13:06:00", "local": "", "rua": "", "bairro": "GRANJA LISBOA", "cidade": "Fortaleza", "vitimas": 1, "arma": "Outros meios", "sexo": "M", "idade": "40.0", "tipo_evento": "HOMICIDIO DOLOSO", "region": "fortaleza"}, "geometry": {"type": "Point", "coordinates": [-38.626933675, -3.7930127748]}}, {"type": "Feature", "properties": {"id": "4395924.0", "data": "2026-03-01", "hora": "08:30:00", "local": "Rua Santa Isabel", "rua": "Rua Santa Isabel", "bairro": "LAGOA REDONDA", "cidade": "Fortaleza", "vitimas": 1, "arma": "Arma de fogo", "sexo": "M", "idade": "23.0", "tipo_evento": "HOMICIDIO DOLOSO", "region": "fortaleza"}, "geometry": {"type": "Point", "coordinates": [-38.4660532631, -3.8226140812]}}, {"type": "Feature", "properties": {"id": "4395929.0", "data": "2026-03-01", "hora": "20:30:00", "local": "Rua Maestro Azul", "rua": "Rua Maestro Azul", "bairro": "", "cidade": "Crato", "vitimas": 1, "arma": "Arma de fogo", "sexo": "M", "idade": "43.0", "tipo_evento": "HOMICIDIO DOLOSO", "region": "interior"}, "geometry": {"type": "Point", "coordinates": [-39.408517175, -7.2211173554]}}, {"type": "Feature", "properties": {"id": "4395931.0", "data": "2026-03-01", "hora": "11:00:00", "local": "CE-173", "rua": "CE-173", "bairro": "", "cidade": "Irauçuba", "vitimas": 1, "arma": "Arma de fogo", "sexo": "M", "idade": "55.0", "tipo_evento": "HOMICIDIO DOLOSO", "region": "interior"}, "geometry": {"type": "Point", "coordinates": [-39.8300901054, -3.7668145509]}}, {"type": "Feature", "properties": {"id": "4395933.0", "data": "2026-03-01", "hora": "01:00:00", "local": "Rodovia Deputado Perilo Teixeira", "rua": "Rodovia Deputado Perilo Teixeira", "bairro": "", "cidade": "Itapipoca", "vitimas": 1, "arma": "Arma de fogo", "sexo": "F", "idade": "20.0", "tipo_evento": "HOMICIDIO DOLOSO", "region": "interior"}, "geometry": {"type": "Point", "coordinates": [-39.5244409766, -3.4861836875]}}, {"type": "Feature", "properties": {"id": "4394071.0", "data": "2026-02-28", "hora": "08:20:00", "local": "RUA DA PRAÇA DO CÉDRO", "rua": "RUA DA PRAÇA DO CÉDRO", "bairro": "", "cidade": "Chorozinho", "vitimas": 1, "arma": "Arma de fogo", "sexo": "M", "idade": "35.0", "tipo_evento": "HOMICIDIO DOLOSO", "region": "rmf"}, "geometry": {"type": "Point", "coordinates": [-38.3957085973, -4.310239755]}}, {"type": "Feature", "properties": {"id": "4394072.0", "data": "2026-02-28", "hora": "13:40:00", "local": "Rua Elizeu Oriá", "rua": "Rua Elizeu Oriá", "bairro": "JOSÉ DE ALENCAR", "cidade": "Fortaleza", "vitimas": 1, "arma": "Arma de fogo", "sexo": "M", "idade": "39.0", "tipo_evento": "HOMICIDIO DOLOSO", "region": "fortaleza"}, "geometry": {"type": "Point", "coordinates": [-38.4810662766, -3.8201298811]}}, {"type": "Feature", "properties": {"id": "4394073.0", "data": "2026-02-28", "hora": "17:40:00", "local": "Vila Cordeiro", "rua": "Vila Cordeiro", "bairro": "CARLITO PAMPLONA", "cidade": "Fortaleza", "vitimas": 1, "arma": "Arma de fogo", "sexo": "M", "idade": "34.0", "tipo_evento": "HOMICIDIO DOLOSO", "region": "fortaleza"}, "geometry": {"type": "Point", "coordinates": [-38.5526264631, -3.7148244648]}}, {"type": "Feature", "properties": {"id": "4394074.0", "data": "2026-02-28", "hora": "12:13:00", "local": "Rua Nenê Arruda", "rua": "Rua Nenê Arruda", "bairro": "LAGOA REDONDA", "cidade": "Fortaleza", "vitimas": 1, "arma": "Arma de fogo", "sexo": "M", "idade": "23.0", "tipo_evento": "HOMICIDIO DOLOSO", "region": "fortaleza"}, "geometry": {"type": "Point", "coordinates": [-38.4706598054, -3.8235487961]}}, {"type": "Feature", "properties": {"id": "4394075.0", "data": "2026-02-28", "hora": "16:00:00", "local": "", "rua": "", "bairro": "IGUATU", "cidade": "Iguatu", "vitimas": 2, "arma": "Arma branca", "sexo": "M", "idade": "45.0", "tipo_evento": "HOMICIDIO DOLOSO", "region": "interior"}, "geometry": {"type": "Point", "coordinates": [-39.2599828025, -6.3175925609]}}, {"type": "Feature", "properties": {"id": "4394076.0", "data": "2026-02-28", "hora": "15:30:00", "local": "Vila União", "rua": "Vila União", "bairro": "", "cidade": "Sobral", "vitimas": 1, "arma": "Arma de fogo", "sexo": "M", "idade": "31.0", "tipo_evento": "HOMICIDIO DOLOSO", "region": "interior"}, "geometry": {"type": "Point", "coordinates": [-40.3696536343, -3.6838117963]}}, {"type": "Feature", "properties": {"id": "4394065.0", "data": "2026-02-27", "hora": "11:36:00", "local": "", "rua": "", "bairro": "", "cidade": "Caucaia", "vitimas": 1, "arma": "Arma de fogo", "sexo": "F", "idade": "33.0", "tipo_evento": "HOMICIDIO DOLOSO", "region": "rmf"}, "geometry": {"type": "Point", "coordinates": [-38.6565112477, -3.7709409625]}}, {"type": "Feature", "properties": {"id": "4394066.0", "data": "2026-02-27", "hora": "01:21:00", "local": "", "rua": "", "bairro": "", "cidade": "Alcântaras", "vitimas": 1, "arma": "Arma de fogo", "sexo": "M", "idade": "22.0", "tipo_evento": "HOMICIDIO DOLOSO", "region": "interior"}, "geometry": {"type": "Point", "coordinates": [-40.5226710919, -3.6333396818]}}, {"type": "Feature", "properties": {"id": "4394068.0", "data": "2026-02-27", "hora": "21:20:00", "local": "", "rua": "", "bairro": "", "cidade": "Juazeiro do Norte", "vitimas": 1, "arma": "Arma de fogo", "sexo": "M", "idade": "29.0", "tipo_evento": "HOMICIDIO DOLOSO", "region": "interior"}, "geometry": {"type": "Point", "coordinates": [-39.3356459342, -7.2510765636]}}, {"type": "Feature", "properties": {"id": "4394069.0", "data": "2026-02-27", "hora": "16:30:00", "local": "", "rua": "", "bairro": "", "cidade": "Tianguá", "vitimas": 1, "arma": "Arma de fogo", "sexo": "M", "idade": "21.0", "tipo_evento": "HOMICIDIO DOLOSO", "region": "interior"}, "geometry": {"type": "Point", "coordinates": [-40.9889169784, -3.7230756281]}}, {"type": "Feature", "properties": {"id": "4394070.0", "data": "2026-02-27", "hora": "20:40:00", "local": "", "rua": "", "bairro": "", "cidade": "Tururu", "vitimas": 1, "arma": "Arma de fogo", "sexo": "M", "idade": "29.0", "tipo_evento": "HOMICIDIO DOLOSO", "region": "interior"}, "geometry": {"type": "Point", "coordinates": [-39.4214860692, -3.4660160573]}}, {"type": "Feature", "properties": {"id": "4392584.0", "data": "2026-02-26", "hora": "20:05:00", "local": "", "rua": "", "bairro": "ITAPAJÉ", "cidade": "Itapajé", "vitimas": 2, "arma": "Arma de fogo", "sexo": "M", "idade": "22.0", "tipo_evento": "HOMICIDIO DOLOSO", "region": "interior"}, "geometry": {"type": "Point", "coordinates": [-39.5869704327, -3.6918611766]}}, {"type": "Feature", "properties": {"id": "4394062.0", "data": "2026-02-26", "hora": "15:58:00", "local": "", "rua": "", "bairro": "JACARECANGA", "cidade": "Fortaleza", "vitimas": 1, "arma": "Arma de fogo", "sexo": "M", "idade": "29.0", "tipo_evento": "HOMICIDIO DOLOSO", "region": "fortaleza"}, "geometry": {"type": "Point", "coordinates": [-38.5441631291, -3.7224879315]}}, {"type": "Feature", "properties": {"id": "4394064.0", "data": "2026-02-26", "hora": "19:50:00", "local": "", "rua": "", "bairro": "", "cidade": "Tauá", "vitimas": 1, "arma": "Arma de fogo", "sexo": "M", "idade": "26.0", "tipo_evento": "HOMICIDIO DOLOSO", "region": "interior"}, "geometry": {"type": "Point", "coordinates": [-40.2954071327, -6.0098613542]}}, {"type": "Feature", "properties": {"id": "4392578.0", "data": "2026-02-25", "hora": "02:14:00", "local": "", "rua": "", "bairro": "BARROSO", "cidade": "Fortaleza", "vitimas": 1, "arma": "Outros meios", "sexo": "M", "idade": "51.0", "tipo_evento": "HOMICIDIO DOLOSO", "region": "fortaleza"}, "geometry": {"type": "Point", "coordinates": [-38.5097235448, -3.8199859458]}}, {"type": "Feature", "properties": {"id": "4392580.0", "data": "2026-02-25", "hora": "17:00:00", "local": "RUA CLODOALDO ALCÂNTARA", "rua": "RUA CLODOALDO ALCÂNTARA", "bairro": "", "cidade": "São Gonçalo do Amarante", "vitimas": 1, "arma": "Outros meios", "sexo": "M", "idade": "19.0", "tipo_evento": "HOMICIDIO DOLOSO", "region": "rmf"}, "geometry": {"type": "Point", "coordinates": [-38.8251531341, -3.548413709]}}, {"type": "Feature", "properties": {"id": "4392581.0", "data": "2026-02-25", "hora": "01:00:00", "local": "RUA 12 DE OUTUBRO", "rua": "RUA 12 DE OUTUBRO", "bairro": "", "cidade": "Sobral", "vitimas": 1, "arma": "Arma de fogo", "sexo": "M", "idade": "33.0", "tipo_evento": "HOMICIDIO DOLOSO", "region": "interior"}, "geometry": {"type": "Point", "coordinates": [-40.3708018215, -3.6801980678]}}, {"type": "Feature", "properties": {"id": "4392582.0", "data": "2026-02-25", "hora": "06:00:00", "local": "RUA BOA VISTA", "rua": "RUA BOA VISTA", "bairro": "", "cidade": "Sobral", "vitimas": 1, "arma": "Arma de fogo", "sexo": "M", "idade": "28.0", "tipo_evento": "HOMICIDIO DOLOSO", "region": "interior"}, "geometry": {"type": "Point", "coordinates": [-40.3699804742, -3.6846939746]}}, {"type": "Feature", "properties": {"id": "4394058.0", "data": "2026-02-25", "hora": "13:51:00", "local": "", "rua": "", "bairro": "", "cidade": "Itaitinga", "vitimas": 1, "arma": "Arma de fogo", "sexo": "M", "idade": "50.0", "tipo_evento": "HOMICIDIO DOLOSO", "region": "rmf"}, "geometry": {"type": "Point", "coordinates": [-38.5161137859, -3.898305198]}}, {"type": "Feature", "properties": {"id": "4392573.0", "data": "2026-02-24", "hora": "00:05:00", "local": "", "rua": "", "bairro": "", "cidade": "Salitre", "vitimas": 1, "arma": "Arma de fogo", "sexo": "M", "idade": "38.0", "tipo_evento": "HOMICIDIO DOLOSO", "region": "interior"}, "geometry": {"type": "Point", "coordinates": [-40.4610215831, -7.2805575179]}}, {"type": "Feature", "properties": {"id": "4392574.0", "data": "2026-02-24", "hora": "22:53:00", "local": "", "rua": "", "bairro": "", "cidade": "Solonópole", "vitimas": 1, "arma": "Arma de fogo", "sexo": "M", "idade": "49.0", "tipo_evento": "HOMICIDIO DOLOSO", "region": "interior"}, "geometry": {"type": "Point", "coordinates": [-39.0099845215, -5.7328967794]}}, {"type": "Feature", "properties": {"id": "4392576.0", "data": "2026-02-24", "hora": "20:18:00", "local": "", "rua": "", "bairro": "", "cidade": "Trairi", "vitimas": 1, "arma": "Arma de fogo", "sexo": "M", "idade": "39.0", "tipo_evento": "HOMICIDIO DOLOSO", "region": "rmf"}, "geometry": {"type": "Point", "coordinates": [-39.2083228742, -3.2855938382]}}, {"type": "Feature", "properties": {"id": "4394054.0", "data": "2026-02-24", "hora": "19:30:00", "local": "", "rua": "", "bairro": "", "cidade": "Tejuçuoca", "vitimas": 1, "arma": "Arma de fogo", "sexo": "M", "idade": "26.0", "tipo_evento": "HOMICIDIO DOLOSO", "region": "interior"}, "geometry": {"type": "Point", "coordinates": [-39.5795016859, -3.9862189484]}}], "metadata": {"total": 325, "days": 90, "reference_date": "2026-05-24", "cutoff_date": "2026-02-24"}}