{
  "features": [
    {
      "geometry": {
        "coordinates": [
          [
            [
              -38.63619,
              -3.860557
            ],
            [
              -38.632147,
              -3.865574
            ],
            [
              -38.628649,
              -3.860671
            ],
            [
              -38.62807,
              -3.859087
            ],
            [
              -38.627855,
              -3.856261
            ],
            [
              -38.628527,
              -3.855447
            ],
            [
              -38.62827,
              -3.854848
            ],
            [
              -38.629042,
              -3.854055
            ],
            [
              -38.629901,
              -3.853349
            ],
            [
              -38.630094,
              -3.853584
            ],
            [
              -38.630609,
              -3.853049
            ],
            [
              -38.632282,
              -3.855319
            ],
            [
              -38.633426,
              -3.856905
            ],
            [
              -38.634193,
              -3.858024
            ],
            [
              -38.634954,
              -3.859044
            ],
            [
              -38.63619,
              -3.860557
            ]
          ]
        ],
        "type": "Polygon"
      },
      "properties": {
        "bairro": "MARACANAÚ",
        "faction": "CV",
        "generated_at": "2026-05-23T09:29:11.219119",
        "geometry_type": "Polygon",
        "is_centroid": false,
        "is_tactical": true,
        "local_street_pressure": 2.763,
        "municipality": "Maracanaú",
        "name": "Residencial/Jabuti - Maracanaú",
        "nearby_streets": [
          "RESIDENCIAL/JABUTI - MARACANAÚ",
          "RESIDENCIAL LL",
          "RUA VINTE E UM"
        ],
        "nearby_streets_count": 9,
        "node_id": 1,
        "parent_area": "MARACANAÚ",
        "parent_risk_level": "crítico",
        "parent_risk_score": 85.3,
        "parent_status": "CRÍTICO",
        "peak_hours": "Entre 18hs e 23hs",
        "rank": 1,
        "region": "fortaleza",
        "risk_score": 69.461,
        "score": 69.461,
        "source_geometry_type": "Polygon"
      },
      "type": "Feature"
    },
    {
      "geometry": {
        "coordinates": [
          [
            [
              -38.638841,
              -3.856983
            ],
            [
              -38.635995,
              -3.860624
            ],
            [
              -38.632268,
              -3.855232
            ],
            [
              -38.633702,
              -3.853543
            ],
            [
              -38.633848,
              -3.853603
            ],
            [
              -38.633966,
              -3.853479
            ],
            [
              -38.634174,
              -3.853702
            ],
            [
              -38.634482,
              -3.853344
            ],
            [
              -38.634258,
              -3.853183
            ],
            [
              -38.63432,
              -3.853103
            ],
            [
              -38.634441,
              -3.853074
            ],
            [
              -38.634552,
              -3.852943
            ],
            [
              -38.634744,
              -3.853085
            ],
            [
              -38.635423,
              -3.852227
            ],
            [
              -38.635485,
              -3.852259
            ],
            [
              -38.636788,
              -3.854116
            ],
            [
              -38.637059,
              -3.853753
            ],
            [
              -38.637089,
              -3.853747
            ],
            [
              -38.638323,
              -3.855443
            ],
            [
              -38.637999,
              -3.855751
            ],
            [
              -38.638841,
              -3.856983
            ]
          ]
        ],
        "type": "Polygon"
      },
      "properties": {
        "bairro": "MARACANAÚ",
        "faction": "CV",
        "generated_at": "2026-05-23T09:29:11.219119",
        "geometry_type": "Polygon",
        "is_centroid": false,
        "is_tactical": true,
        "local_street_pressure": 2.963,
        "municipality": "Fortaleza",
        "name": "Residencial ll",
        "nearby_streets": [
          "RESIDENCIAL LL",
          "RESIDENCIAL/JABUTI - MARACANAÚ",
          "RUA VINTE E UM"
        ],
        "nearby_streets_count": 14,
        "node_id": 2,
        "parent_area": "MARACANAÚ",
        "parent_risk_level": "crítico",
        "parent_risk_score": 85.3,
        "parent_status": "CRÍTICO",
        "peak_hours": "Entre 18hs e 23hs",
        "rank": 2,
        "region": "fortaleza",
        "risk_score": 68.241,
        "score": 68.241,
        "source_geometry_type": "Polygon"
      },
      "type": "Feature"
    },
    {
      "geometry": {
        "coordinates": [
          [
            [
              -38.617062,
              -3.856844
            ],
            [
              -38.617144,
              -3.856874
            ],
            [
              -38.617222,
              -3.856835
            ],
            [
              -38.617322,
              -3.85701
            ],
            [
              -38.617494,
              -3.856891
            ],
            [
              -38.617591,
              -3.857092
            ],
            [
              -38.617678,
              -3.857225
            ],
            [
              -38.617824,
              -3.857163
            ],
            [
              -38.617875,
              -3.857197
            ],
            [
              -38.618072,
              -3.857082
            ],
            [
              -38.618374,
              -3.857703
            ],
            [
              -38.618332,
              -3.857788
            ],
            [
              -38.618153,
              -3.857896
            ],
            [
              -38.618199,
              -3.858007
            ],
            [
              -38.618168,
              -3.858047
            ],
            [
              -38.618024,
              -3.858133
            ],
            [
              -38.617982,
              -3.858127
            ],
            [
              -38.617791,
              -3.858238
            ],
            [
              -38.617789,
              -3.858278
            ],
            [
              -38.617536,
              -3.858402
            ],
            [
              -38.617601,
              -3.858571
            ],
            [
              -38.617432,
              -3.85865
            ],
            [
              -38.617378,
              -3.858499
            ],
            [
              -38.616883,
              -3.85876
            ],
            [
              -38.616843,
              -3.858698
            ],
            [
              -38.616711,
              -3.858764
            ],
            [
              -38.616703,
              -3.858745
            ],
            [
              -38.616571,
              -3.858795
            ],
            [
              -38.616678,
              -3.858982
            ],
            [
              -38.616662,
              -3.859004
            ],
            [
              -38.616546,
              -3.859042
            ],
            [
              -38.616428,
              -3.858889
            ],
            [
              -38.616042,
              -3.859055
            ],
            [
              -38.615997,
              -3.858958
            ],
            [
              -38.616128,
              -3.85885
            ],
            [
              -38.615364,
              -3.8578
            ],
            [
              -38.615382,
              -3.857743
            ],
            [
              -38.617062,
              -3.856844
            ]
          ]
        ],
        "type": "Polygon"
      },
      "properties": {
        "bairro": "MARACANAÚ",
        "faction": "CV",
        "generated_at": "2026-05-23T09:29:11.219119",
        "geometry_type": "Polygon",
        "is_centroid": false,
        "is_tactical": true,
        "local_street_pressure": 3.946,
        "municipality": "Fortaleza",
        "name": "Jenipapeiro",
        "nearby_streets": [
          "JENIPAPEIRO",
          "NOVO MARACANAÚ",
          "SANTO SATIRO"
        ],
        "nearby_streets_count": 18,
        "node_id": 3,
        "parent_area": "MARACANAÚ",
        "parent_risk_level": "crítico",
        "parent_risk_score": 85.3,
        "parent_status": "CRÍTICO",
        "peak_hours": "Entre 18hs e 23hs",
        "rank": 3,
        "region": "fortaleza",
        "risk_score": 67.752,
        "score": 67.752,
        "source_geometry_type": "Polygon"
      },
      "type": "Feature"
    },
    {
      "geometry": {
        "coordinates": [
          [
            [
              -38.516118,
              -3.808752
            ],
            [
              -38.516297,
              -3.809442
            ],
            [
              -38.5157,
              -3.809591
            ],
            [
              -38.515815,
              -3.809912
            ],
            [
              -38.515924,
              -3.810248
            ],
            [
              -38.516203,
              -3.810176
            ],
            [
              -38.516274,
              -3.81046
            ],
            [
              -38.516378,
              -3.810433
            ],
            [
              -38.516458,
              -3.810744
            ],
            [
              -38.515377,
              -3.811026
            ],
            [
              -38.515321,
              -3.810871
            ],
            [
              -38.515215,
              -3.810896
            ],
            [
              -38.515093,
              -3.810636
            ],
            [
              -38.515608,
              -3.810455
            ],
            [
              -38.515498,
              -3.810112
            ],
            [
              -38.515492,
              -3.809984
            ],
            [
              -38.515452,
              -3.809851
            ],
            [
              -38.515336,
              -3.809571
            ],
            [
              -38.515186,
              -3.808756
            ],
            [
              -38.515074,
              -3.808068
            ],
            [
              -38.515132,
              -3.808064
            ],
            [
              -38.515219,
              -3.807437
            ],
            [
              -38.515523,
              -3.80749
            ],
            [
              -38.515517,
              -3.807382
            ],
            [
              -38.515542,
              -3.807376
            ],
            [
              -38.515543,
              -3.807302
            ],
            [
              -38.515624,
              -3.806959
            ],
            [
              -38.51579,
              -3.806938
            ],
            [
              -38.516611,
              -3.807944
            ],
            [
              -38.516026,
              -3.808298
            ],
            [
              -38.516118,
              -3.808752
            ]
          ]
        ],
        "type": "Polygon"
      },
      "properties": {
        "bairro": "CAJAZEIRAS",
        "faction": "CV",
        "generated_at": "2026-05-23T09:29:11.219119",
        "geometry_type": "Polygon",
        "is_centroid": false,
        "is_tactical": true,
        "local_street_pressure": 10.238,
        "municipality": "Fortaleza",
        "name": "Comunidade do Cal",
        "nearby_streets": [
          "COMUNIDADE DO CAL",
          "AVENIDA GEÓGRAFO ANTÔNIO RIBEIRO ZARANZA",
          "COMUNIDADE DEUS É FIEL"
        ],
        "nearby_streets_count": 49,
        "node_id": 4,
        "parent_area": "CAJAZEIRAS",
        "parent_risk_level": "crítico",
        "parent_risk_score": 78.3,
        "parent_status": "CRÍTICO",
        "peak_hours": "Entre 17hs e 22hs",
        "rank": 4,
        "region": "fortaleza",
        "risk_score": 67.232,
        "score": 67.232,
        "source_geometry_type": "Polygon"
      },
      "type": "Feature"
    },
    {
      "geometry": {
        "coordinates": [
          [
            [
              -38.620447,
              -3.831462
            ],
            [
              -38.620299,
              -3.830539
            ],
            [
              -38.622186,
              -3.82999
            ],
            [
              -38.622551,
              -3.832057
            ],
            [
              -38.622721,
              -3.832026
            ],
            [
              -38.622888,
              -3.833016
            ],
            [
              -38.622776,
              -3.833073
            ],
            [
              -38.622974,
              -3.833965
            ],
            [
              -38.623259,
              -3.835016
            ],
            [
              -38.621467,
              -3.83557
            ],
            [
              -38.621697,
              -3.836455
            ],
            [
              -38.622168,
              -3.836323
            ],
            [
              -38.622197,
              -3.836437
            ],
            [
              -38.621734,
              -3.83658
            ],
            [
              -38.621819,
              -3.837084
            ],
            [
              -38.621758,
              -3.837098
            ],
            [
              -38.621633,
              -3.836567
            ],
            [
              -38.621455,
              -3.836062
            ],
            [
              -38.621366,
              -3.835512
            ],
            [
              -38.621231,
              -3.834608
            ],
            [
              -38.620998,
              -3.833743
            ],
            [
              -38.620827,
              -3.833409
            ],
            [
              -38.620664,
              -3.832589
            ],
            [
              -38.620447,
              -3.831462
            ]
          ]
        ],
        "type": "Polygon"
      },
      "properties": {
        "bairro": "ALTO ALEGRE II",
        "faction": "CV",
        "generated_at": "2026-05-23T09:29:11.219119",
        "geometry_type": "Polygon",
        "is_centroid": false,
        "is_tactical": true,
        "local_street_pressure": 1.548,
        "municipality": "Maracanaú",
        "name": "Jagatá - Maracanaú",
        "nearby_streets": [
          "JAGATÁ - MARACANAÚ",
          "SANTA MARTA",
          "AREA SEM NOME"
        ],
        "nearby_streets_count": 4,
        "node_id": 5,
        "parent_area": "ALTO ALEGRE II",
        "parent_risk_level": "crítico",
        "parent_risk_score": 85.3,
        "parent_status": "CRÍTICO",
        "peak_hours": "Entre 17hs e 22hs",
        "rank": 5,
        "region": "fortaleza",
        "risk_score": 66.34,
        "score": 66.34,
        "source_geometry_type": "Polygon"
      },
      "type": "Feature"
    },
    {
      "geometry": {
        "coordinates": [
          [
            [
              -38.631165,
              -3.780241
            ],
            [
              -38.631052,
              -3.779816
            ],
            [
              -38.630937,
              -3.779543
            ],
            [
              -38.630768,
              -3.779206
            ],
            [
              -38.630535,
              -3.778684
            ],
            [
              -38.630497,
              -3.778574
            ],
            [
              -38.63109,
              -3.778312
            ],
            [
              -38.631814,
              -3.779899
            ],
            [
              -38.631165,
              -3.780241
            ]
          ]
        ],
        "type": "Polygon"
      },
      "properties": {
        "bairro": "MARECHAL RONDON",
        "faction": "CV",
        "generated_at": "2026-05-23T09:29:11.219119",
        "geometry_type": "Polygon",
        "is_centroid": false,
        "is_tactical": true,
        "local_street_pressure": 3.672,
        "municipality": "Caucaia",
        "name": "Comunidade dos Cariocas - Caucaia",
        "nearby_streets": [
          "COMUNIDADE DOS CARIOCAS - CAUCAIA",
          "CONDOMÍNIOS",
          "CAJUEIROS"
        ],
        "nearby_streets_count": 9,
        "node_id": 6,
        "parent_area": "MARECHAL RONDON",
        "parent_risk_level": "crítico",
        "parent_risk_score": 83.6,
        "parent_status": "CRÍTICO",
        "peak_hours": "Entre 21hs e 02hs",
        "rank": 6,
        "region": "fortaleza",
        "risk_score": 66.201,
        "score": 66.201,
        "source_geometry_type": "Polygon"
      },
      "type": "Feature"
    },
    {
      "geometry": {
        "coordinates": [
          [
            [
              -38.639547,
              -3.832819
            ],
            [
              -38.639744,
              -3.8332
            ],
            [
              -38.639958,
              -3.833574
            ],
            [
              -38.639999,
              -3.833635
            ],
            [
              -38.639886,
              -3.833758
            ],
            [
              -38.639795,
              -3.833685
            ],
            [
              -38.638994,
              -3.834506
            ],
            [
              -38.638158,
              -3.83524
            ],
            [
              -38.637841,
              -3.835282
            ],
            [
              -38.637605,
              -3.835325
            ],
            [
              -38.637342,
              -3.835352
            ],
            [
              -38.637042,
              -3.835277
            ],
            [
              -38.636865,
              -3.83517
            ],
            [
              -38.637358,
              -3.834822
            ],
            [
              -38.637149,
              -3.834501
            ],
            [
              -38.639547,
              -3.832819
            ]
          ]
        ],
        "type": "Polygon"
      },
      "properties": {
        "bairro": "ALTO ALEGRE II",
        "faction": "CV",
        "generated_at": "2026-05-23T09:29:11.219119",
        "geometry_type": "Polygon",
        "is_centroid": false,
        "is_tactical": true,
        "local_street_pressure": 1.39,
        "municipality": "Maracanaú",
        "name": "Vila Nova - Maracanaú",
        "nearby_streets": [
          "VILA NOVA - MARACANAÚ",
          "COMUNIDADE DA CENTRAL  - JAÇANAÚ",
          "FAVELA DO MAGALHÃES - JAÇANAÚ"
        ],
        "nearby_streets_count": 3,
        "node_id": 7,
        "parent_area": "ALTO ALEGRE II",
        "parent_risk_level": "crítico",
        "parent_risk_score": 85.3,
        "parent_status": "CRÍTICO",
        "peak_hours": "Entre 17hs e 22hs",
        "rank": 7,
        "region": "fortaleza",
        "risk_score": 65.878,
        "score": 65.878,
        "source_geometry_type": "Polygon"
      },
      "type": "Feature"
    },
    {
      "geometry": {
        "coordinates": [
          [
            [
              -38.5127386,
              -3.8008024
            ],
            [
              -38.5131463,
              -3.8074182
            ],
            [
              -38.5122236,
              -3.8072041
            ],
            [
              -38.5121164,
              -3.800781
            ],
            [
              -38.5127386,
              -3.8008024
            ]
          ]
        ],
        "type": "Polygon"
      },
      "properties": {
        "bairro": "CAJAZEIRAS",
        "faction": "CV",
        "generated_at": "2026-05-23T09:29:11.219119",
        "geometry_type": "Polygon",
        "is_centroid": false,
        "is_tactical": true,
        "local_street_pressure": 7.348,
        "municipality": "Fortaleza",
        "name": "COMUNIDADE DEUS É FIEL",
        "nearby_streets": [
          "COMUNIDADE DEUS É FIEL",
          "CAJAZEIRAS",
          "COMUNIDADE DO CAL"
        ],
        "nearby_streets_count": 33,
        "node_id": 8,
        "parent_area": "CAJAZEIRAS",
        "parent_risk_level": "crítico",
        "parent_risk_score": 78.3,
        "parent_status": "CRÍTICO",
        "peak_hours": "Entre 17hs e 22hs",
        "rank": 8,
        "region": "fortaleza",
        "risk_score": 65.227,
        "score": 65.227,
        "source_geometry_type": "Polygon"
      },
      "type": "Feature"
    },
    {
      "geometry": {
        "coordinates": [
          [
            [
              -38.511868,
              -3.799833
            ],
            [
              -38.512061,
              -3.799886
            ],
            [
              -38.5122,
              -3.799618
            ],
            [
              -38.512672,
              -3.799918
            ],
            [
              -38.512737,
              -3.800004
            ],
            [
              -38.512061,
              -3.8001
            ],
            [
              -38.511836,
              -3.800593
            ],
            [
              -38.511578,
              -3.80093
            ],
            [
              -38.509733,
              -3.801345
            ],
            [
              -38.509738,
              -3.801445
            ],
            [
              -38.50925,
              -3.801567
            ],
            [
              -38.509014,
              -3.80025
            ],
            [
              -38.508024,
              -3.800462
            ],
            [
              -38.507898,
              -3.80071
            ],
            [
              -38.507206,
              -3.800395
            ],
            [
              -38.507099,
              -3.800256
            ],
            [
              -38.507075,
              -3.800084
            ],
            [
              -38.507201,
              -3.799811
            ],
            [
              -38.506938,
              -3.799683
            ],
            [
              -38.506969,
              -3.799621
            ],
            [
              -38.506877,
              -3.799578
            ],
            [
              -38.506874,
              -3.799545
            ],
            [
              -38.506893,
              -3.799427
            ],
            [
              -38.506886,
              -3.799358
            ],
            [
              -38.506842,
              -3.799258
            ],
            [
              -38.506825,
              -3.799137
            ],
            [
              -38.506718,
              -3.798966
            ],
            [
              -38.506825,
              -3.798816
            ],
            [
              -38.507126,
              -3.798987
            ],
            [
              -38.50734,
              -3.798569
            ],
            [
              -38.507662,
              -3.798719
            ],
            [
              -38.507769,
              -3.798398
            ],
            [
              -38.509186,
              -3.799062
            ],
            [
              -38.50911,
              -3.79919
            ],
            [
              -38.511868,
              -3.799833
            ]
          ]
        ],
        "type": "Polygon"
      },
      "properties": {
        "bairro": "CAJAZEIRAS",
        "faction": "CV",
        "generated_at": "2026-05-23T09:29:11.219119",
        "geometry_type": "Polygon",
        "is_centroid": false,
        "is_tactical": true,
        "local_street_pressure": 6.18,
        "municipality": "Fortaleza",
        "name": "Cajazeiras",
        "nearby_streets": [
          "CAJAZEIRAS",
          "COMUNIDADE DEUS É FIEL",
          "RODOVIA BR116"
        ],
        "nearby_streets_count": 30,
        "node_id": 9,
        "parent_area": "CAJAZEIRAS",
        "parent_risk_level": "crítico",
        "parent_risk_score": 78.3,
        "parent_status": "CRÍTICO",
        "peak_hours": "Entre 17hs e 22hs",
        "rank": 9,
        "region": "fortaleza",
        "risk_score": 64.556,
        "score": 64.556,
        "source_geometry_type": "Polygon"
      },
      "type": "Feature"
    },
    {
      "geometry": {
        "coordinates": [
          [
            [
              -38.5751,
              -3.703525
            ],
            [
              -38.575807,
              -3.705456
            ],
            [
              -38.575784,
              -3.705471
            ],
            [
              -38.575299,
              -3.705689
            ],
            [
              -38.575185,
              -3.705392
            ],
            [
              -38.575082,
              -3.705416
            ],
            [
              -38.57506,
              -3.705378
            ],
            [
              -38.574712,
              -3.705525
            ],
            [
              -38.574227,
              -3.704054
            ],
            [
              -38.574776,
              -3.703702
            ],
            [
              -38.5751,
              -3.703525
            ]
          ]
        ],
        "type": "Polygon"
      },
      "properties": {
        "bairro": "BARRA DO CEARÁ",
        "faction": "CV",
        "generated_at": "2026-05-23T09:29:11.219119",
        "geometry_type": "Polygon",
        "is_centroid": false,
        "is_tactical": true,
        "local_street_pressure": 24.927,
        "municipality": "Fortaleza",
        "name": "Favela do Bical",
        "nearby_streets": [
          "FAVELA DO BICAL",
          "CONDOMÍNIO DA 6 (COMPLEXO DA BARRA DO CEARÁ)",
          "FAVELA DA CIRANDAR"
        ],
        "nearby_streets_count": 88,
        "node_id": 10,
        "parent_area": "BARRA DO CEARÁ",
        "parent_risk_level": "alto",
        "parent_risk_score": 53.6,
        "parent_status": "ALTO",
        "peak_hours": "Entre 16hs e 21hs",
        "rank": 10,
        "region": "fortaleza",
        "risk_score": 59.984,
        "score": 59.984,
        "source_geometry_type": "Polygon"
      },
      "type": "Feature"
    },
    {
      "geometry": {
        "coordinates": [
          [
            [
              -38.576149,
              -3.703131
            ],
            [
              -38.576324,
              -3.703515
            ],
            [
              -38.576507,
              -3.704074
            ],
            [
              -38.575562,
              -3.704575
            ],
            [
              -38.575188,
              -3.703595
            ],
            [
              -38.575194,
              -3.703524
            ],
            [
              -38.576088,
              -3.703108
            ],
            [
              -38.576149,
              -3.703131
            ]
          ]
        ],
        "type": "Polygon"
      },
      "properties": {
        "bairro": "BARRA DO CEARÁ",
        "faction": "CV",
        "generated_at": "2026-05-23T09:29:11.219119",
        "geometry_type": "Polygon",
        "is_centroid": false,
        "is_tactical": true,
        "local_street_pressure": 24.253,
        "municipality": "Fortaleza",
        "name": "Condomínio da 6 (Complexo da Barra do Ceará)",
        "nearby_streets": [
          "CONDOMÍNIO DA 6 (COMPLEXO DA BARRA DO CEARÁ)",
          "COMUNIDADE DO CIMPELCO (COMPLEXO DA BARRA DO CEARÁ)",
          "FAVELA DO BICAL"
        ],
        "nearby_streets_count": 82,
        "node_id": 11,
        "parent_area": "BARRA DO CEARÁ",
        "parent_risk_level": "alto",
        "parent_risk_score": 53.6,
        "parent_status": "ALTO",
        "peak_hours": "Entre 16hs e 21hs",
        "rank": 11,
        "region": "fortaleza",
        "risk_score": 59.462,
        "score": 59.462,
        "source_geometry_type": "Polygon"
      },
      "type": "Feature"
    },
    {
      "geometry": {
        "coordinates": [
          [
            [
              -38.572849,
              -3.70308
            ],
            [
              -38.573714,
              -3.702746
            ],
            [
              -38.573735,
              -3.702815
            ],
            [
              -38.573958,
              -3.702756
            ],
            [
              -38.574007,
              -3.702861
            ],
            [
              -38.574402,
              -3.702641
            ],
            [
              -38.574417,
              -3.702814
            ],
            [
              -38.574633,
              -3.703246
            ],
            [
              -38.574776,
              -3.703702
            ],
            [
              -38.574227,
              -3.704054
            ],
            [
              -38.574095,
              -3.704031
            ],
            [
              -38.573855,
              -3.704144
            ],
            [
              -38.573596,
              -3.704345
            ],
            [
              -38.573269,
              -3.70448
            ],
            [
              -38.573153,
              -3.704066
            ],
            [
              -38.572849,
              -3.70308
            ]
          ]
        ],
        "type": "Polygon"
      },
      "properties": {
        "bairro": "BARRA DO CEARÁ",
        "faction": "CV",
        "generated_at": "2026-05-23T09:29:11.219119",
        "geometry_type": "Polygon",
        "is_centroid": false,
        "is_tactical": true,
        "local_street_pressure": 24.101,
        "municipality": "Fortaleza",
        "name": "Favela da Cirandar",
        "nearby_streets": [
          "FAVELA DA CIRANDAR",
          "FAVELA DA 3P",
          "COMUNIDADE DO CIMPELCO (COMPLEXO DA BARRA DO CEARÁ)"
        ],
        "nearby_streets_count": 84,
        "node_id": 12,
        "parent_area": "BARRA DO CEARÁ",
        "parent_risk_level": "alto",
        "parent_risk_score": 53.6,
        "parent_status": "ALTO",
        "peak_hours": "Entre 16hs e 21hs",
        "rank": 12,
        "region": "fortaleza",
        "risk_score": 59.401,
        "score": 59.401,
        "source_geometry_type": "Polygon"
      },
      "type": "Feature"
    },
    {
      "geometry": {
        "coordinates": [
          [
            [
              -38.575389,
              -3.701358
            ],
            [
              -38.57614,
              -3.703031
            ],
            [
              -38.575178,
              -3.703487
            ],
            [
              -38.574776,
              -3.703702
            ],
            [
              -38.574641,
              -3.703281
            ],
            [
              -38.574446,
              -3.702876
            ],
            [
              -38.574404,
              -3.702746
            ],
            [
              -38.5744,
              -3.70266
            ],
            [
              -38.57424,
              -3.702221
            ],
            [
              -38.574882,
              -3.701939
            ],
            [
              -38.57478,
              -3.70165
            ],
            [
              -38.575389,
              -3.701358
            ]
          ]
        ],
        "type": "Polygon"
      },
      "properties": {
        "bairro": "BARRA DO CEARÁ",
        "faction": "CV",
        "generated_at": "2026-05-23T09:29:11.219119",
        "geometry_type": "Polygon",
        "is_centroid": false,
        "is_tactical": true,
        "local_street_pressure": 23.726,
        "municipality": "Fortaleza",
        "name": "Comunidade do Cimpelco (Complexo da Barra do Ceará)",
        "nearby_streets": [
          "COMUNIDADE DO CIMPELCO (COMPLEXO DA BARRA DO CEARÁ)",
          "4 VARAS",
          "FAVELA DA CIRANDAR"
        ],
        "nearby_streets_count": 82,
        "node_id": 13,
        "parent_area": "BARRA DO CEARÁ",
        "parent_risk_level": "alto",
        "parent_risk_score": 53.6,
        "parent_status": "ALTO",
        "peak_hours": "Entre 16hs e 21hs",
        "rank": 13,
        "region": "fortaleza",
        "risk_score": 59.145,
        "score": 59.145,
        "source_geometry_type": "Polygon"
      },
      "type": "Feature"
    },
    {
      "geometry": {
        "coordinates": [
          [
            [
              -38.571998,
              -3.704517
            ],
            [
              -38.57221,
              -3.704881
            ],
            [
              -38.572339,
              -3.705307
            ],
            [
              -38.572093,
              -3.70541
            ],
            [
              -38.572222,
              -3.705794
            ],
            [
              -38.570119,
              -3.706544
            ],
            [
              -38.569664,
              -3.705362
            ],
            [
              -38.571998,
              -3.704517
            ]
          ]
        ],
        "type": "Polygon"
      },
      "properties": {
        "bairro": "CRISTO REDENTOR",
        "faction": "CV",
        "generated_at": "2026-05-23T09:29:11.219119",
        "geometry_type": "Polygon",
        "is_centroid": false,
        "is_tactical": true,
        "local_street_pressure": 23.484,
        "municipality": "Fortaleza",
        "name": "Morro da Colônia (Complexo da Barra do Ceará)",
        "nearby_streets": [
          "RUA JOSÉ LUÍS NETO",
          "RUA TAMBAÚ",
          "MORRO DA COLÔNIA (COMPLEXO DA BARRA DO CEARÁ)"
        ],
        "nearby_streets_count": 87,
        "node_id": 14,
        "parent_area": "CRISTO REDENTOR",
        "parent_risk_level": "alto",
        "parent_risk_score": 53.6,
        "parent_status": "ALTO",
        "rank": 14,
        "region": "fortaleza",
        "risk_score": 59.001,
        "score": 59.001,
        "source_geometry_type": "Polygon"
      },
      "type": "Feature"
    },
    {
      "geometry": {
        "coordinates": [
          [
            [
              -38.575988,
              -3.709337
            ],
            [
              -38.57617,
              -3.709837
            ],
            [
              -38.574668,
              -3.710492
            ],
            [
              -38.574087,
              -3.710706
            ],
            [
              -38.574008,
              -3.710445
            ],
            [
              -38.574738,
              -3.710049
            ],
            [
              -38.575258,
              -3.709743
            ],
            [
              -38.575526,
              -3.709595
            ],
            [
              -38.575785,
              -3.709429
            ],
            [
              -38.575988,
              -3.709337
            ]
          ]
        ],
        "type": "Polygon"
      },
      "properties": {
        "bairro": "BARRA DO CEARÁ",
        "faction": "CV",
        "generated_at": "2026-05-23T09:29:11.219119",
        "geometry_type": "Polygon",
        "is_centroid": false,
        "is_tactical": true,
        "local_street_pressure": 23.5,
        "municipality": "Fortaleza",
        "name": "Comunidade Olical",
        "nearby_streets": [
          "COMUNIDADE OLICAL",
          "CONJUNTO CIDADE DE DEUS OU CDD",
          "COMANDINHO"
        ],
        "nearby_streets_count": 91,
        "node_id": 15,
        "parent_area": "BARRA DO CEARÁ",
        "parent_risk_level": "alto",
        "parent_risk_score": 53.6,
        "parent_status": "ALTO",
        "peak_hours": "Entre 16hs e 21hs",
        "rank": 15,
        "region": "fortaleza",
        "risk_score": 58.907,
        "score": 58.907,
        "source_geometry_type": "Polygon"
      },
      "type": "Feature"
    },
    {
      "geometry": {
        "coordinates": [
          [
            [
              -38.581554,
              -3.702769
            ],
            [
              -38.578954,
              -3.703991
            ],
            [
              -38.578791,
              -3.703531
            ],
            [
              -38.57856,
              -3.703066
            ],
            [
              -38.5796,
              -3.702583
            ],
            [
              -38.579523,
              -3.70226
            ],
            [
              -38.579026,
              -3.702283
            ],
            [
              -38.578929,
              -3.702248
            ],
            [
              -38.578792,
              -3.701825
            ],
            [
              -38.578157,
              -3.702076
            ],
            [
              -38.577821,
              -3.701278
            ],
            [
              -38.579774,
              -3.700357
            ],
            [
              -38.579623,
              -3.699931
            ],
            [
              -38.580091,
              -3.700124
            ],
            [
              -38.580388,
              -3.700638
            ],
            [
              -38.580942,
              -3.700568
            ],
            [
              -38.581267,
              -3.700669
            ],
            [
              -38.581638,
              -3.700512
            ],
            [
              -38.582035,
              -3.701316
            ],
            [
              -38.582008,
              -3.701417
            ],
            [
              -38.581118,
              -3.70154
            ],
            [
              -38.581191,
              -3.701906
            ],
            [
              -38.581554,
              -3.702769
            ]
          ]
        ],
        "type": "Polygon"
      },
      "properties": {
        "bairro": "BARRA DO CEARÁ",
        "faction": "CV",
        "generated_at": "2026-05-23T09:29:11.219119",
        "geometry_type": "Polygon",
        "is_centroid": false,
        "is_tactical": true,
        "local_street_pressure": 22.916,
        "municipality": "Fortaleza",
        "name": "Comunidade do HX",
        "nearby_streets": [
          "COMUNIDADE DO HX",
          "BECO DA POMPEIA",
          "RUA DO LEME"
        ],
        "nearby_streets_count": 72,
        "node_id": 16,
        "parent_area": "BARRA DO CEARÁ",
        "parent_risk_level": "alto",
        "parent_risk_score": 53.6,
        "parent_status": "ALTO",
        "peak_hours": "Entre 16hs e 21hs",
        "rank": 16,
        "region": "fortaleza",
        "risk_score": 58.851,
        "score": 58.851,
        "source_geometry_type": "Polygon"
      },
      "type": "Feature"
    },
    {
      "geometry": {
        "coordinates": [
          [
            [
              -38.579026,
              -3.702283
            ],
            [
              -38.579523,
              -3.70226
            ],
            [
              -38.5796,
              -3.702583
            ],
            [
              -38.579228,
              -3.702728
            ],
            [
              -38.579049,
              -3.702376
            ],
            [
              -38.579026,
              -3.702283
            ]
          ]
        ],
        "type": "Polygon"
      },
      "properties": {
        "bairro": "BARRA DO CEARÁ",
        "faction": "CV",
        "generated_at": "2026-05-23T09:29:11.219119",
        "geometry_type": "Polygon",
        "is_centroid": false,
        "is_tactical": true,
        "local_street_pressure": 23.445,
        "municipality": "Fortaleza",
        "name": "Beco da Pompeia",
        "nearby_streets": [
          "BECO DA POMPEIA",
          "COMUNIDADE DO HX",
          "AREA SEM NOME"
        ],
        "nearby_streets_count": 74,
        "node_id": 17,
        "parent_area": "BARRA DO CEARÁ",
        "parent_risk_level": "alto",
        "parent_risk_score": 53.6,
        "parent_status": "ALTO",
        "peak_hours": "Entre 16hs e 21hs",
        "rank": 17,
        "region": "fortaleza",
        "risk_score": 58.831,
        "score": 58.831,
        "source_geometry_type": "Polygon"
      },
      "type": "Feature"
    },
    {
      "geometry": {
        "coordinates": [
          [
            [
              -38.578148,
              -3.707181
            ],
            [
              -38.579361,
              -3.709822
            ],
            [
              -38.579257,
              -3.709864
            ],
            [
              -38.578972,
              -3.709222
            ],
            [
              -38.578425,
              -3.709458
            ],
            [
              -38.578149,
              -3.70887
            ],
            [
              -38.57871,
              -3.708605
            ],
            [
              -38.578058,
              -3.707222
            ],
            [
              -38.578148,
              -3.707181
            ]
          ]
        ],
        "type": "Polygon"
      },
      "properties": {
        "bairro": "BARRA DO CEARÁ",
        "faction": "CV",
        "generated_at": "2026-05-23T09:29:11.219119",
        "geometry_type": "Polygon",
        "is_centroid": false,
        "is_tactical": true,
        "local_street_pressure": 23.364,
        "municipality": "Fortaleza",
        "name": "6 Companheiros",
        "nearby_streets": [
          "6 COMPANHEIROS",
          "AVENIDA 20 DE JANEIRO",
          "COMUNIDADE GRAFITEIROS"
        ],
        "nearby_streets_count": 87,
        "node_id": 18,
        "parent_area": "BARRA DO CEARÁ",
        "parent_risk_level": "alto",
        "parent_risk_score": 53.6,
        "parent_status": "ALTO",
        "peak_hours": "Entre 16hs e 21hs",
        "rank": 18,
        "region": "fortaleza",
        "risk_score": 58.796,
        "score": 58.796,
        "source_geometry_type": "Polygon"
      },
      "type": "Feature"
    },
    {
      "geometry": {
        "coordinates": [
          [
            [
              -38.578012,
              -3.710539
            ],
            [
              -38.578665,
              -3.71242
            ],
            [
              -38.578402,
              -3.712514
            ],
            [
              -38.578352,
              -3.712334
            ],
            [
              -38.577678,
              -3.712562
            ],
            [
              -38.577751,
              -3.712749
            ],
            [
              -38.577501,
              -3.712838
            ],
            [
              -38.577115,
              -3.711736
            ],
            [
              -38.577075,
              -3.711751
            ],
            [
              -38.576879,
              -3.71122
            ],
            [
              -38.577193,
              -3.711115
            ],
            [
              -38.577102,
              -3.71085
            ],
            [
              -38.577604,
              -3.710665
            ],
            [
              -38.578004,
              -3.710524
            ],
            [
              -38.578012,
              -3.710539
            ]
          ]
        ],
        "type": "Polygon"
      },
      "properties": {
        "bairro": "BARRA DO CEARÁ",
        "faction": "CV",
        "generated_at": "2026-05-23T09:29:11.219119",
        "geometry_type": "Polygon",
        "is_centroid": false,
        "is_tactical": true,
        "local_street_pressure": 23.159,
        "municipality": "Fortaleza",
        "name": "Conjunto Cidade de Deus ou CDD",
        "nearby_streets": [
          "CONJUNTO CIDADE DE DEUS OU CDD",
          "COMUNIDADE GRAFITEIROS",
          "COMUNIDADE OLICAL"
        ],
        "nearby_streets_count": 90,
        "node_id": 19,
        "parent_area": "BARRA DO CEARÁ",
        "parent_risk_level": "alto",
        "parent_risk_score": 53.6,
        "parent_status": "ALTO",
        "peak_hours": "Entre 16hs e 21hs",
        "rank": 19,
        "region": "fortaleza",
        "risk_score": 58.728,
        "score": 58.728,
        "source_geometry_type": "Polygon"
      },
      "type": "Feature"
    },
    {
      "geometry": {
        "coordinates": [
          [
            [
              -38.580001,
              -3.704217
            ],
            [
              -38.580586,
              -3.703954
            ],
            [
              -38.58083,
              -3.70448
            ],
            [
              -38.580242,
              -3.70476
            ],
            [
              -38.580124,
              -3.704505
            ],
            [
              -38.580054,
              -3.704384
            ],
            [
              -38.580001,
              -3.704217
            ]
          ]
        ],
        "type": "Polygon"
      },
      "properties": {
        "bairro": "BARRA DO CEARÁ",
        "faction": "CV",
        "generated_at": "2026-05-23T09:29:11.219119",
        "geometry_type": "Polygon",
        "is_centroid": false,
        "is_tactical": true,
        "local_street_pressure": 23.281,
        "municipality": "Fortaleza",
        "name": "Beco Da Zeza",
        "nearby_streets": [
          "BECO DA ZEZA",
          "AREA SEM NOME",
          "AVENIDA 20 DE JANEIRO"
        ],
        "nearby_streets_count": 76,
        "node_id": 20,
        "parent_area": "BARRA DO CEARÁ",
        "parent_risk_level": "alto",
        "parent_risk_score": 53.6,
        "parent_status": "ALTO",
        "peak_hours": "Entre 16hs e 21hs",
        "rank": 20,
        "region": "fortaleza",
        "risk_score": 58.722,
        "score": 58.722,
        "source_geometry_type": "Polygon"
      },
      "type": "Feature"
    },
    {
      "geometry": {
        "coordinates": [
          [
            [
              -38.578025,
              -3.702103
            ],
            [
              -38.577826,
              -3.702185
            ],
            [
              -38.577333,
              -3.70231
            ],
            [
              -38.577619,
              -3.702941
            ],
            [
              -38.577054,
              -3.703189
            ],
            [
              -38.576845,
              -3.702739
            ],
            [
              -38.5762,
              -3.703036
            ],
            [
              -38.574729,
              -3.699718
            ],
            [
              -38.575757,
              -3.698836
            ],
            [
              -38.576347,
              -3.698553
            ],
            [
              -38.578025,
              -3.702103
            ]
          ]
        ],
        "type": "Polygon"
      },
      "properties": {
        "bairro": "BARRA DO CEARÁ",
        "faction": "CV",
        "generated_at": "2026-05-23T09:29:11.219119",
        "geometry_type": "Polygon",
        "is_centroid": false,
        "is_tactical": true,
        "local_street_pressure": 22.649,
        "municipality": "Fortaleza",
        "name": "Canal (Complexo da Barra do Ceará)",
        "nearby_streets": [
          "CANAL (COMPLEXO DA BARRA DO CEARÁ)",
          "COMUNIDADE DO CIMPELCO (COMPLEXO DA BARRA DO CEARÁ)",
          "4 VARAS"
        ],
        "nearby_streets_count": 75,
        "node_id": 21,
        "parent_area": "BARRA DO CEARÁ",
        "parent_risk_level": "alto",
        "parent_risk_score": 53.6,
        "parent_status": "ALTO",
        "peak_hours": "Entre 16hs e 21hs",
        "rank": 21,
        "region": "fortaleza",
        "risk_score": 58.638,
        "score": 58.638,
        "source_geometry_type": "Polygon"
      },
      "type": "Feature"
    },
    {
      "geometry": {
        "coordinates": [
          [
            [
              -38.580873,
              -3.709415
            ],
            [
              -38.581036,
              -3.709862
            ],
            [
              -38.581042,
              -3.709939
            ],
            [
              -38.581218,
              -3.710286
            ],
            [
              -38.58131,
              -3.710245
            ],
            [
              -38.581523,
              -3.710648
            ],
            [
              -38.58137,
              -3.710778
            ],
            [
              -38.581418,
              -3.710921
            ],
            [
              -38.57997,
              -3.712321
            ],
            [
              -38.579747,
              -3.711727
            ],
            [
              -38.580313,
              -3.711534
            ],
            [
              -38.580077,
              -3.7109
            ],
            [
              -38.579492,
              -3.711096
            ],
            [
              -38.579054,
              -3.71002
            ],
            [
              -38.579286,
              -3.709937
            ],
            [
              -38.579428,
              -3.709891
            ],
            [
              -38.579867,
              -3.709757
            ],
            [
              -38.580425,
              -3.709559
            ],
            [
              -38.580873,
              -3.709415
            ]
          ]
        ],
        "type": "Polygon"
      },
      "properties": {
        "bairro": "BARRA DO CEARÁ",
        "faction": "CV",
        "generated_at": "2026-05-23T09:29:11.219119",
        "geometry_type": "Polygon",
        "is_centroid": false,
        "is_tactical": true,
        "local_street_pressure": 22.634,
        "municipality": "Fortaleza",
        "name": "Comunidade Grafiteiros",
        "nearby_streets": [
          "COMUNIDADE GRAFITEIROS",
          "COMUNIDADE DO GUETO NOVO",
          "CONJ. JACIARA"
        ],
        "nearby_streets_count": 87,
        "node_id": 22,
        "parent_area": "BARRA DO CEARÁ",
        "parent_risk_level": "alto",
        "parent_risk_score": 53.6,
        "parent_status": "ALTO",
        "peak_hours": "Entre 16hs e 21hs",
        "rank": 22,
        "region": "fortaleza",
        "risk_score": 58.407,
        "score": 58.407,
        "source_geometry_type": "Polygon"
      },
      "type": "Feature"
    },
    {
      "geometry": {
        "coordinates": [
          [
            [
              -38.582634,
              -3.705064
            ],
            [
              -38.583314,
              -3.706492
            ],
            [
              -38.58303,
              -3.706626
            ],
            [
              -38.5831,
              -3.706797
            ],
            [
              -38.582135,
              -3.707268
            ],
            [
              -38.581378,
              -3.705593
            ],
            [
              -38.582634,
              -3.705064
            ]
          ]
        ],
        "type": "Polygon"
      },
      "properties": {
        "bairro": "BARRA DO CEARÁ",
        "faction": "CV",
        "generated_at": "2026-05-23T09:29:11.219119",
        "geometry_type": "Polygon",
        "is_centroid": false,
        "is_tactical": true,
        "local_street_pressure": 21.809,
        "municipality": "Fortaleza",
        "name": "Beco da 20",
        "nearby_streets": [
          "BECO DA 20",
          "CONJUNTO 7 PRÉDIOS",
          "LAMA SECA"
        ],
        "nearby_streets_count": 75,
        "node_id": 23,
        "parent_area": "BARRA DO CEARÁ",
        "parent_risk_level": "alto",
        "parent_risk_score": 53.6,
        "parent_status": "ALTO",
        "peak_hours": "Entre 16hs e 21hs",
        "rank": 23,
        "region": "fortaleza",
        "risk_score": 57.759,
        "score": 57.759,
        "source_geometry_type": "Polygon"
      },
      "type": "Feature"
    },
    {
      "geometry": {
        "coordinates": [
          [
            [
              -38.574713,
              -3.699739
            ],
            [
              -38.575442,
              -3.701335
            ],
            [
              -38.57478,
              -3.70165
            ],
            [
              -38.574882,
              -3.701939
            ],
            [
              -38.57424,
              -3.702221
            ],
            [
              -38.5744,
              -3.70266
            ],
            [
              -38.574007,
              -3.702861
            ],
            [
              -38.573958,
              -3.702756
            ],
            [
              -38.573699,
              -3.702829
            ],
            [
              -38.573737,
              -3.702661
            ],
            [
              -38.573565,
              -3.702207
            ],
            [
              -38.573683,
              -3.702136
            ],
            [
              -38.573603,
              -3.701905
            ],
            [
              -38.573765,
              -3.701844
            ],
            [
              -38.573708,
              -3.701608
            ],
            [
              -38.573782,
              -3.701543
            ],
            [
              -38.57373,
              -3.701351
            ],
            [
              -38.573799,
              -3.701314
            ],
            [
              -38.573783,
              -3.701168
            ],
            [
              -38.573983,
              -3.701085
            ],
            [
              -38.574062,
              -3.700858
            ],
            [
              -38.574152,
              -3.700868
            ],
            [
              -38.574197,
              -3.700706
            ],
            [
              -38.574318,
              -3.700703
            ],
            [
              -38.574364,
              -3.700633
            ],
            [
              -38.574469,
              -3.700625
            ],
            [
              -38.574528,
              -3.700384
            ],
            [
              -38.574495,
              -3.700297
            ],
            [
              -38.574504,
              -3.700158
            ],
            [
              -38.574579,
              -3.700102
            ],
            [
              -38.574563,
              -3.699968
            ],
            [
              -38.574628,
              -3.699932
            ],
            [
              -38.574571,
              -3.699812
            ],
            [
              -38.574713,
              -3.699739
            ]
          ]
        ],
        "type": "Polygon"
      },
      "properties": {
        "bairro": "BARRA DO CEARÁ",
        "faction": "CV",
        "generated_at": "2026-05-23T09:29:11.219119",
        "geometry_type": "Polygon",
        "is_centroid": false,
        "is_tactical": true,
        "local_street_pressure": 21.634,
        "municipality": "Fortaleza",
        "name": "4 Varas",
        "nearby_streets": [
          "4 VARAS",
          "COMUNIDADE DO CIMPELCO (COMPLEXO DA BARRA DO CEARÁ)",
          "FAVELA DA 3P"
        ],
        "nearby_streets_count": 77,
        "node_id": 24,
        "parent_area": "BARRA DO CEARÁ",
        "parent_risk_level": "alto",
        "parent_risk_score": 53.6,
        "parent_status": "ALTO",
        "peak_hours": "Entre 16hs e 21hs",
        "rank": 24,
        "region": "fortaleza",
        "risk_score": 57.641,
        "score": 57.641,
        "source_geometry_type": "Polygon"
      },
      "type": "Feature"
    },
    {
      "geometry": {
        "coordinates": [
          [
            [
              -38.58281,
              -3.706953
            ],
            [
              -38.583363,
              -3.707959
            ],
            [
              -38.581443,
              -3.709078
            ],
            [
              -38.580922,
              -3.707879
            ],
            [
              -38.58281,
              -3.706953
            ]
          ]
        ],
        "type": "Polygon"
      },
      "properties": {
        "bairro": "BARRA DO CEARÁ",
        "faction": "CV",
        "generated_at": "2026-05-23T09:29:11.219119",
        "geometry_type": "Polygon",
        "is_centroid": false,
        "is_tactical": true,
        "local_street_pressure": 21.575,
        "municipality": "Fortaleza",
        "name": "Comunidade do Gueto",
        "nearby_streets": [
          "COMUNIDADE DO GUETO",
          "BECO DA 20",
          "CONJUNTO 7 PRÉDIOS"
        ],
        "nearby_streets_count": 79,
        "node_id": 25,
        "parent_area": "BARRA DO CEARÁ",
        "parent_risk_level": "alto",
        "parent_risk_score": 53.6,
        "parent_status": "ALTO",
        "peak_hours": "Entre 16hs e 21hs",
        "rank": 25,
        "region": "fortaleza",
        "risk_score": 57.601,
        "score": 57.601,
        "source_geometry_type": "Polygon"
      },
      "type": "Feature"
    },
    {
      "geometry": {
        "coordinates": [
          [
            [
              -38.582709,
              -3.705032
            ],
            [
              -38.583224,
              -3.704782
            ],
            [
              -38.583911,
              -3.706262
            ],
            [
              -38.583337,
              -3.706396
            ],
            [
              -38.582709,
              -3.705032
            ]
          ]
        ],
        "type": "Polygon"
      },
      "properties": {
        "bairro": "BARRA DO CEARÁ",
        "faction": "CV",
        "generated_at": "2026-05-23T09:29:11.219119",
        "geometry_type": "Polygon",
        "is_centroid": false,
        "is_tactical": true,
        "local_street_pressure": 21.559,
        "municipality": "Fortaleza",
        "name": "Conjunto 7 Prédios",
        "nearby_streets": [
          "CONJUNTO 7 PRÉDIOS",
          "BECO DA 20",
          "LAMA SECA"
        ],
        "nearby_streets_count": 76,
        "node_id": 26,
        "parent_area": "BARRA DO CEARÁ",
        "parent_risk_level": "alto",
        "parent_risk_score": 53.6,
        "parent_status": "ALTO",
        "peak_hours": "Entre 16hs e 21hs",
        "rank": 26,
        "region": "fortaleza",
        "risk_score": 57.504,
        "score": 57.504,
        "source_geometry_type": "Polygon"
      },
      "type": "Feature"
    },
    {
      "geometry": {
        "coordinates": [
          [
            [
              -38.573113,
              -3.701367
            ],
            [
              -38.573171,
              -3.701493
            ],
            [
              -38.573362,
              -3.701418
            ],
            [
              -38.573388,
              -3.70144
            ],
            [
              -38.573483,
              -3.701628
            ],
            [
              -38.57351,
              -3.70163
            ],
            [
              -38.573683,
              -3.702136
            ],
            [
              -38.573565,
              -3.702207
            ],
            [
              -38.573737,
              -3.702661
            ],
            [
              -38.573714,
              -3.702746
            ],
            [
              -38.572397,
              -3.703263
            ],
            [
              -38.57209,
              -3.702672
            ],
            [
              -38.571931,
              -3.702224
            ],
            [
              -38.572259,
              -3.702098
            ],
            [
              -38.572193,
              -3.701877
            ],
            [
              -38.57235,
              -3.701818
            ],
            [
              -38.572316,
              -3.701729
            ],
            [
              -38.572387,
              -3.701704
            ],
            [
              -38.572363,
              -3.701622
            ],
            [
              -38.572471,
              -3.701569
            ],
            [
              -38.57257,
              -3.701832
            ],
            [
              -38.572643,
              -3.701815
            ],
            [
              -38.572671,
              -3.701782
            ],
            [
              -38.573005,
              -3.701683
            ],
            [
              -38.572973,
              -3.701594
            ],
            [
              -38.573076,
              -3.701554
            ],
            [
              -38.573032,
              -3.70142
            ],
            [
              -38.573113,
              -3.701367
            ]
          ]
        ],
        "type": "Polygon"
      },
      "properties": {
        "bairro": "BARRA DO CEARÁ",
        "faction": "CV",
        "generated_at": "2026-05-23T09:29:11.219119",
        "geometry_type": "Polygon",
        "is_centroid": false,
        "is_tactical": true,
        "local_street_pressure": 21.291,
        "municipality": "Fortaleza",
        "name": "Favela da 3P",
        "nearby_streets": [
          "FAVELA DA 3P",
          "4 VARAS",
          "FAVELA DA CIRANDAR"
        ],
        "nearby_streets_count": 78,
        "node_id": 27,
        "parent_area": "BARRA DO CEARÁ",
        "parent_risk_level": "alto",
        "parent_risk_score": 53.6,
        "parent_status": "ALTO",
        "peak_hours": "Entre 16hs e 21hs",
        "rank": 27,
        "region": "fortaleza",
        "risk_score": 57.369,
        "score": 57.369,
        "source_geometry_type": "Polygon"
      },
      "type": "Feature"
    },
    {
      "geometry": {
        "coordinates": [
          [
            [
              -38.579391,
              -3.712721
            ],
            [
              -38.579448,
              -3.712646
            ],
            [
              -38.579756,
              -3.712536
            ],
            [
              -38.580025,
              -3.712407
            ],
            [
              -38.580166,
              -3.712287
            ],
            [
              -38.583416,
              -3.712123
            ],
            [
              -38.583146,
              -3.712714
            ],
            [
              -38.57965,
              -3.712915
            ],
            [
              -38.579391,
              -3.712721
            ]
          ]
        ],
        "type": "Polygon"
      },
      "properties": {
        "bairro": "BARRA DO CEARÁ",
        "faction": "CV",
        "generated_at": "2026-05-23T09:29:11.219119",
        "geometry_type": "Polygon",
        "is_centroid": false,
        "is_tactical": true,
        "local_street_pressure": 21.268,
        "municipality": "Fortaleza",
        "name": "Conj. Jaciara",
        "nearby_streets": [
          "CONJ. JACIARA",
          "COMUNIDADE GRAFITEIROS",
          "CONJUNTO CIDADE DE DEUS OU CDD"
        ],
        "nearby_streets_count": 85,
        "node_id": 28,
        "parent_area": "BARRA DO CEARÁ",
        "parent_risk_level": "alto",
        "parent_risk_score": 53.6,
        "parent_status": "ALTO",
        "peak_hours": "Entre 16hs e 21hs",
        "rank": 28,
        "region": "fortaleza",
        "risk_score": 57.353,
        "score": 57.353,
        "source_geometry_type": "Polygon"
      },
      "type": "Feature"
    },
    {
      "geometry": {
        "coordinates": [
          [
            [
              -38.584311,
              -3.710836
            ],
            [
              -38.583758,
              -3.712113
            ],
            [
              -38.583403,
              -3.712086
            ],
            [
              -38.583127,
              -3.712083
            ],
            [
              -38.580163,
              -3.712225
            ],
            [
              -38.580914,
              -3.711454
            ],
            [
              -38.581418,
              -3.710921
            ],
            [
              -38.58137,
              -3.710778
            ],
            [
              -38.581523,
              -3.710648
            ],
            [
              -38.58131,
              -3.710245
            ],
            [
              -38.581396,
              -3.710178
            ],
            [
              -38.581305,
              -3.71001
            ],
            [
              -38.581432,
              -3.709942
            ],
            [
              -38.581302,
              -3.70963
            ],
            [
              -38.581183,
              -3.70967
            ],
            [
              -38.581065,
              -3.709367
            ],
            [
              -38.581461,
              -3.709222
            ],
            [
              -38.581955,
              -3.710073
            ],
            [
              -38.582652,
              -3.709388
            ],
            [
              -38.582285,
              -3.708941
            ],
            [
              -38.582235,
              -3.708969
            ],
            [
              -38.58211,
              -3.708817
            ],
            [
              -38.582255,
              -3.708716
            ],
            [
              -38.582802,
              -3.709406
            ],
            [
              -38.582841,
              -3.709429
            ],
            [
              -38.582871,
              -3.709408
            ],
            [
              -38.582905,
              -3.709439
            ],
            [
              -38.582919,
              -3.709429
            ],
            [
              -38.582942,
              -3.709458
            ],
            [
              -38.582955,
              -3.709448
            ],
            [
              -38.583014,
              -3.7095
            ],
            [
              -38.583052,
              -3.709542
            ],
            [
              -38.583087,
              -3.709527
            ],
            [
              -38.583151,
              -3.709636
            ],
            [
              -38.583108,
              -3.709701
            ],
            [
              -38.583221,
              -3.709904
            ],
            [
              -38.583226,
              -3.709974
            ],
            [
              -38.583379,
              -3.709971
            ],
            [
              -38.583382,
              -3.710033
            ],
            [
              -38.58365,
              -3.710025
            ],
            [
              -38.583652,
              -3.709944
            ],
            [
              -38.583862,
              -3.709912
            ],
            [
              -38.583843,
              -3.710006
            ],
            [
              -38.583894,
              -3.710142
            ],
            [
              -38.58395,
              -3.710148
            ],
            [
              -38.583974,
              -3.710514
            ],
            [
              -38.583701,
              -3.710538
            ],
            [
              -38.583733,
              -3.710664
            ],
            [
              -38.58383,
              -3.710659
            ],
            [
              -38.583838,
              -3.710712
            ],
            [
              -38.584063,
              -3.71069
            ],
            [
              -38.584067,
              -3.710724
            ],
            [
              -38.584108,
              -3.710719
            ],
            [
              -38.584127,
              -3.710881
            ],
            [
              -38.584311,
              -3.710836
            ]
          ]
        ],
        "type": "Polygon"
      },
      "properties": {
        "bairro": "BARRA DO CEARÁ",
        "faction": "CV",
        "generated_at": "2026-05-23T09:29:11.219119",
        "geometry_type": "Polygon",
        "is_centroid": false,
        "is_tactical": true,
        "local_street_pressure": 20.825,
        "municipality": "Fortaleza",
        "name": "Comunidade do Gueto Novo",
        "nearby_streets": [
          "COMUNIDADE DO GUETO NOVO",
          "COMUNIDADE DO GUETO",
          "COMUNIDADE GRAFITEIROS"
        ],
        "nearby_streets_count": 81,
        "node_id": 29,
        "parent_area": "BARRA DO CEARÁ",
        "parent_risk_level": "alto",
        "parent_risk_score": 53.6,
        "parent_status": "ALTO",
        "peak_hours": "Entre 16hs e 21hs",
        "rank": 29,
        "region": "fortaleza",
        "risk_score": 57.28,
        "score": 57.28,
        "source_geometry_type": "Polygon"
      },
      "type": "Feature"
    },
    {
      "geometry": {
        "coordinates": [
          [
            [
              -38.581019,
              -3.698165
            ],
            [
              -38.581884,
              -3.70004
            ],
            [
              -38.581483,
              -3.700227
            ],
            [
              -38.581167,
              -3.699635
            ],
            [
              -38.580781,
              -3.699489
            ],
            [
              -38.580643,
              -3.699376
            ],
            [
              -38.580481,
              -3.699166
            ],
            [
              -38.580387,
              -3.698903
            ],
            [
              -38.580382,
              -3.69878
            ],
            [
              -38.580417,
              -3.698542
            ],
            [
              -38.580532,
              -3.698346
            ],
            [
              -38.580613,
              -3.69834
            ],
            [
              -38.581019,
              -3.698165
            ]
          ]
        ],
        "type": "Polygon"
      },
      "properties": {
        "bairro": "BARRA DO CEARÁ",
        "faction": "CV",
        "generated_at": "2026-05-23T09:29:11.219119",
        "geometry_type": "Polygon",
        "is_centroid": false,
        "is_tactical": true,
        "local_street_pressure": 20.931,
        "municipality": "Fortaleza",
        "name": "Quadrinhas",
        "nearby_streets": [
          "QUADRINHAS",
          "FAVELINHA",
          "RUA DO LEME"
        ],
        "nearby_streets_count": 63,
        "node_id": 30,
        "parent_area": "BARRA DO CEARÁ",
        "parent_risk_level": "alto",
        "parent_risk_score": 53.6,
        "parent_status": "ALTO",
        "peak_hours": "Entre 16hs e 21hs",
        "rank": 30,
        "region": "fortaleza",
        "risk_score": 57.076,
        "score": 57.076,
        "source_geometry_type": "Polygon"
      },
      "type": "Feature"
    },
    {
      "geometry": {
        "coordinates": [
          [
            [
              -38.57923,
              -3.698288
            ],
            [
              -38.579022,
              -3.69843
            ],
            [
              -38.579499,
              -3.698673
            ],
            [
              -38.579277,
              -3.699223
            ],
            [
              -38.579649,
              -3.698998
            ],
            [
              -38.579697,
              -3.699119
            ],
            [
              -38.579748,
              -3.699175
            ],
            [
              -38.579798,
              -3.699133
            ],
            [
              -38.579952,
              -3.699627
            ],
            [
              -38.579988,
              -3.699799
            ],
            [
              -38.580091,
              -3.700124
            ],
            [
              -38.579589,
              -3.699926
            ],
            [
              -38.57931,
              -3.699748
            ],
            [
              -38.578707,
              -3.699255
            ],
            [
              -38.577764,
              -3.697339
            ],
            [
              -38.577827,
              -3.697308
            ],
            [
              -38.577798,
              -3.697211
            ],
            [
              -38.57829,
              -3.696963
            ],
            [
              -38.579041,
              -3.696965
            ],
            [
              -38.579614,
              -3.698121
            ],
            [
              -38.57923,
              -3.698288
            ]
          ]
        ],
        "type": "Polygon"
      },
      "properties": {
        "bairro": "BARRA DO CEARÁ",
        "faction": "CV",
        "generated_at": "2026-05-23T09:29:11.219119",
        "geometry_type": "Polygon",
        "is_centroid": false,
        "is_tactical": true,
        "local_street_pressure": 20.449,
        "municipality": "Fortaleza",
        "name": "Morro do Grêmio",
        "nearby_streets": [
          "MORRO DO GRÊMIO",
          "RUA DO LEME",
          "GOIABEIRAS"
        ],
        "nearby_streets_count": 63,
        "node_id": 31,
        "parent_area": "BARRA DO CEARÁ",
        "parent_risk_level": "alto",
        "parent_risk_score": 53.6,
        "parent_status": "ALTO",
        "peak_hours": "Entre 16hs e 21hs",
        "rank": 31,
        "region": "fortaleza",
        "risk_score": 56.818,
        "score": 56.818,
        "source_geometry_type": "Polygon"
      },
      "type": "Feature"
    },
    {
      "geometry": {
        "coordinates": [
          [
            [
              -38.582564,
              -3.698169
            ],
            [
              -38.582728,
              -3.69813
            ],
            [
              -38.582887,
              -3.698122
            ],
            [
              -38.582982,
              -3.698142
            ],
            [
              -38.582999,
              -3.698217
            ],
            [
              -38.583031,
              -3.69831
            ],
            [
              -38.583112,
              -3.698419
            ],
            [
              -38.583226,
              -3.698477
            ],
            [
              -38.583446,
              -3.69854
            ],
            [
              -38.583764,
              -3.698589
            ],
            [
              -38.583888,
              -3.698646
            ],
            [
              -38.58394,
              -3.698716
            ],
            [
              -38.583958,
              -3.698794
            ],
            [
              -38.584101,
              -3.698764
            ],
            [
              -38.584236,
              -3.699096
            ],
            [
              -38.584499,
              -3.698918
            ],
            [
              -38.584691,
              -3.699291
            ],
            [
              -38.584382,
              -3.699475
            ],
            [
              -38.584069,
              -3.699611
            ],
            [
              -38.58341,
              -3.699909
            ],
            [
              -38.584135,
              -3.701552
            ],
            [
              -38.583137,
              -3.702032
            ],
            [
              -38.583026,
              -3.701789
            ],
            [
              -38.582944,
              -3.701688
            ],
            [
              -38.582906,
              -3.7016
            ],
            [
              -38.582853,
              -3.70147
            ],
            [
              -38.582813,
              -3.701382
            ],
            [
              -38.582276,
              -3.700231
            ],
            [
              -38.582226,
              -3.700123
            ],
            [
              -38.582162,
              -3.700011
            ],
            [
              -38.582126,
              -3.699939
            ],
            [
              -38.581884,
              -3.70004
            ],
            [
              -38.581623,
              -3.69941
            ],
            [
              -38.581913,
              -3.699297
            ],
            [
              -38.582276,
              -3.699157
            ],
            [
              -38.582529,
              -3.699055
            ],
            [
              -38.582579,
              -3.698919
            ],
            [
              -38.582626,
              -3.698699
            ],
            [
              -38.582635,
              -3.698476
            ],
            [
              -38.582613,
              -3.698325
            ],
            [
              -38.582564,
              -3.698169
            ]
          ]
        ],
        "type": "Polygon"
      },
      "properties": {
        "bairro": "BARRA DO CEARÁ",
        "faction": "CV",
        "generated_at": "2026-05-23T09:29:11.219119",
        "geometry_type": "Polygon",
        "is_centroid": false,
        "is_tactical": true,
        "local_street_pressure": 20.125,
        "municipality": "Fortaleza",
        "name": "Travessa",
        "nearby_streets": [
          "RUA JANGADA",
          "TRAVESSA",
          "COMUNIDADE DO CAMPINHO"
        ],
        "nearby_streets_count": 59,
        "node_id": 32,
        "parent_area": "BARRA DO CEARÁ",
        "parent_risk_level": "alto",
        "parent_risk_score": 53.6,
        "parent_status": "ALTO",
        "peak_hours": "Entre 16hs e 21hs",
        "rank": 32,
        "region": "fortaleza",
        "risk_score": 56.687,
        "score": 56.687,
        "source_geometry_type": "Polygon"
      },
      "type": "Feature"
    },
    {
      "geometry": {
        "coordinates": [
          [
            [
              -38.577764,
              -3.697339
            ],
            [
              -38.578707,
              -3.699255
            ],
            [
              -38.579623,
              -3.699968
            ],
            [
              -38.579774,
              -3.700357
            ],
            [
              -38.577821,
              -3.701278
            ],
            [
              -38.576524,
              -3.698506
            ],
            [
              -38.576465,
              -3.698383
            ],
            [
              -38.576863,
              -3.698129
            ],
            [
              -38.577117,
              -3.697932
            ],
            [
              -38.57748,
              -3.697709
            ],
            [
              -38.577492,
              -3.697443
            ],
            [
              -38.577764,
              -3.697339
            ]
          ]
        ],
        "type": "Polygon"
      },
      "properties": {
        "bairro": "BARRA DO CEARÁ",
        "faction": "CV",
        "generated_at": "2026-05-23T09:29:11.219119",
        "geometry_type": "Polygon",
        "is_centroid": false,
        "is_tactical": true,
        "local_street_pressure": 19.943,
        "municipality": "Fortaleza",
        "name": "Goiabeiras",
        "nearby_streets": [
          "RUA DOUTOR JOSÉ ROBERTO SALES",
          "GOIABEIRAS",
          "MORRO DO GRÊMIO"
        ],
        "nearby_streets_count": 63,
        "node_id": 33,
        "parent_area": "BARRA DO CEARÁ",
        "parent_risk_level": "alto",
        "parent_risk_score": 53.6,
        "parent_status": "ALTO",
        "peak_hours": "Entre 16hs e 21hs",
        "rank": 33,
        "region": "fortaleza",
        "risk_score": 56.588,
        "score": 56.588,
        "source_geometry_type": "Polygon"
      },
      "type": "Feature"
    },
    {
      "geometry": {
        "coordinates": [
          [
            [
              -38.584692,
              -3.705944
            ],
            [
              -38.585228,
              -3.706833
            ],
            [
              -38.584456,
              -3.707267
            ],
            [
              -38.58403,
              -3.706424
            ],
            [
              -38.584002,
              -3.706425
            ],
            [
              -38.583912,
              -3.70647
            ],
            [
              -38.583876,
              -3.706399
            ],
            [
              -38.583908,
              -3.706382
            ],
            [
              -38.583914,
              -3.706391
            ],
            [
              -38.583984,
              -3.706361
            ],
            [
              -38.583968,
              -3.706317
            ],
            [
              -38.583956,
              -3.706322
            ],
            [
              -38.583939,
              -3.706272
            ],
            [
              -38.584089,
              -3.706209
            ],
            [
              -38.58412,
              -3.706275
            ],
            [
              -38.584692,
              -3.705944
            ]
          ]
        ],
        "type": "Polygon"
      },
      "properties": {
        "bairro": "BARRA DO CEARÁ",
        "faction": "CV",
        "generated_at": "2026-05-23T09:29:11.219119",
        "geometry_type": "Polygon",
        "is_centroid": false,
        "is_tactical": true,
        "local_street_pressure": 20.109,
        "municipality": "Fortaleza",
        "name": "Lama Seca",
        "nearby_streets": [
          "LAMA SECA",
          "CONJUNTO 7 PRÉDIOS",
          "BECO DA 20"
        ],
        "nearby_streets_count": 72,
        "node_id": 34,
        "parent_area": "BARRA DO CEARÁ",
        "parent_risk_level": "alto",
        "parent_risk_score": 53.6,
        "parent_status": "ALTO",
        "peak_hours": "Entre 16hs e 21hs",
        "rank": 34,
        "region": "fortaleza",
        "risk_score": 56.457,
        "score": 56.457,
        "source_geometry_type": "Polygon"
      },
      "type": "Feature"
    },
    {
      "geometry": {
        "coordinates": [
          [
            [
              -38.572083,
              -3.702653
            ],
            [
              -38.570235,
              -3.703458
            ],
            [
              -38.569963,
              -3.70276
            ],
            [
              -38.568956,
              -3.702936
            ],
            [
              -38.568874,
              -3.702546
            ],
            [
              -38.569405,
              -3.702433
            ],
            [
              -38.569606,
              -3.70239
            ],
            [
              -38.570027,
              -3.70224
            ],
            [
              -38.570258,
              -3.702098
            ],
            [
              -38.5704,
              -3.702074
            ],
            [
              -38.570682,
              -3.701978
            ],
            [
              -38.570663,
              -3.701908
            ],
            [
              -38.571062,
              -3.701737
            ],
            [
              -38.57113,
              -3.701937
            ],
            [
              -38.571241,
              -3.701885
            ],
            [
              -38.57126,
              -3.701948
            ],
            [
              -38.571533,
              -3.701848
            ],
            [
              -38.571667,
              -3.702303
            ],
            [
              -38.571931,
              -3.702224
            ],
            [
              -38.572045,
              -3.702548
            ],
            [
              -38.572083,
              -3.702653
            ]
          ]
        ],
        "type": "Polygon"
      },
      "properties": {
        "bairro": "CRISTO REDENTOR",
        "faction": "CV",
        "generated_at": "2026-05-23T09:29:11.219119",
        "geometry_type": "Polygon",
        "is_centroid": false,
        "is_tactical": true,
        "local_street_pressure": 19.853,
        "municipality": "Fortaleza",
        "name": "Comunidade dos Coqueiros (Complexo da Barra do Ceará)",
        "nearby_streets": [
          "COMUNIDADE DOS COQUEIROS (COMPLEXO DA BARRA DO CEARÁ)",
          "FAVELA DA 3P",
          "RUA JOSÉ LUÍS NETO"
        ],
        "nearby_streets_count": 78,
        "node_id": 35,
        "parent_area": "CRISTO REDENTOR",
        "parent_risk_level": "alto",
        "parent_risk_score": 53.6,
        "parent_status": "ALTO",
        "rank": 35,
        "region": "fortaleza",
        "risk_score": 56.356,
        "score": 56.356,
        "source_geometry_type": "Polygon"
      },
      "type": "Feature"
    },
    {
      "geometry": {
        "coordinates": [
          [
            [
              -38.583501,
              -3.699931
            ],
            [
              -38.584198,
              -3.699625
            ],
            [
              -38.584734,
              -3.699345
            ],
            [
              -38.585214,
              -3.699016
            ],
            [
              -38.585793,
              -3.700161
            ],
            [
              -38.583977,
              -3.700983
            ],
            [
              -38.583501,
              -3.699931
            ]
          ]
        ],
        "type": "Polygon"
      },
      "properties": {
        "bairro": "BARRA DO CEARÁ",
        "faction": "CV",
        "generated_at": "2026-05-23T09:29:11.219119",
        "geometry_type": "Polygon",
        "is_centroid": false,
        "is_tactical": true,
        "local_street_pressure": 19.392,
        "municipality": "Fortaleza",
        "name": "Comunidade Do Campinho",
        "nearby_streets": [
          "COMUNIDADE DO CAMPINHO",
          "RUA JANGADA",
          "TRAVESSA"
        ],
        "nearby_streets_count": 60,
        "node_id": 36,
        "parent_area": "BARRA DO CEARÁ",
        "parent_risk_level": "alto",
        "parent_risk_score": 53.6,
        "parent_status": "ALTO",
        "peak_hours": "Entre 16hs e 21hs",
        "rank": 36,
        "region": "fortaleza",
        "risk_score": 56.008,
        "score": 56.008,
        "source_geometry_type": "Polygon"
      },
      "type": "Feature"
    },
    {
      "geometry": {
        "coordinates": [
          [
            [
              -38.584107,
              -3.703042
            ],
            [
              -38.585995,
              -3.702168
            ],
            [
              -38.586447,
              -3.70315
            ],
            [
              -38.584588,
              -3.704044
            ],
            [
              -38.584107,
              -3.703042
            ]
          ]
        ],
        "type": "Polygon"
      },
      "properties": {
        "bairro": "BARRA DO CEARÁ",
        "faction": "CV",
        "generated_at": "2026-05-23T09:29:11.219119",
        "geometry_type": "Polygon",
        "is_centroid": false,
        "is_tactical": true,
        "local_street_pressure": 18.958,
        "municipality": "Fortaleza",
        "name": "Campo do Cruzeiro",
        "nearby_streets": [
          "CAMPO DO CRUZEIRO",
          "COMUNIDADE DO CAMPINHO",
          "CONJUNTO 7 PRÉDIOS"
        ],
        "nearby_streets_count": 66,
        "node_id": 37,
        "parent_area": "BARRA DO CEARÁ",
        "parent_risk_level": "alto",
        "parent_risk_score": 53.6,
        "parent_status": "ALTO",
        "peak_hours": "Entre 16hs e 21hs",
        "rank": 37,
        "region": "fortaleza",
        "risk_score": 55.693,
        "score": 55.693,
        "source_geometry_type": "Polygon"
      },
      "type": "Feature"
    },
    {
      "geometry": {
        "coordinates": [
          [
            [
              -38.56558,
              -3.705698
            ],
            [
              -38.56576,
              -3.70562
            ],
            [
              -38.565916,
              -3.705901
            ],
            [
              -38.566136,
              -3.706164
            ],
            [
              -38.566605,
              -3.705864
            ],
            [
              -38.566931,
              -3.706885
            ],
            [
              -38.566115,
              -3.707139
            ],
            [
              -38.56558,
              -3.705698
            ]
          ]
        ],
        "type": "Polygon"
      },
      "properties": {
        "bairro": "CRISTO REDENTOR",
        "faction": "CV",
        "generated_at": "2026-05-23T09:29:11.219119",
        "geometry_type": "Polygon",
        "is_centroid": false,
        "is_tactical": true,
        "local_street_pressure": 18.943,
        "municipality": "Fortaleza",
        "name": "Fronteira (Complexo da Barra do Ceará)",
        "nearby_streets": [
          "FRONTEIRA (COMPLEXO DA BARRA DO CEARÁ)",
          "BURACO DO CÉU",
          "AREA SEM NOME"
        ],
        "nearby_streets_count": 82,
        "node_id": 38,
        "parent_area": "CRISTO REDENTOR",
        "parent_risk_level": "alto",
        "parent_risk_score": 53.6,
        "parent_status": "ALTO",
        "rank": 38,
        "region": "fortaleza",
        "risk_score": 55.62,
        "score": 55.62,
        "source_geometry_type": "Polygon"
      },
      "type": "Feature"
    },
    {
      "geometry": {
        "coordinates": [
          [
            [
              -38.583639,
              -3.696937
            ],
            [
              -38.583654,
              -3.697169
            ],
            [
              -38.583675,
              -3.697292
            ],
            [
              -38.583723,
              -3.697296
            ],
            [
              -38.583744,
              -3.697381
            ],
            [
              -38.583839,
              -3.697606
            ],
            [
              -38.583854,
              -3.697766
            ],
            [
              -38.583865,
              -3.6981
            ],
            [
              -38.583822,
              -3.698542
            ],
            [
              -38.583488,
              -3.698501
            ],
            [
              -38.583294,
              -3.698445
            ],
            [
              -38.583117,
              -3.698336
            ],
            [
              -38.583051,
              -3.698214
            ],
            [
              -38.583033,
              -3.698145
            ],
            [
              -38.582866,
              -3.698114
            ],
            [
              -38.582526,
              -3.698134
            ],
            [
              -38.582597,
              -3.698462
            ],
            [
              -38.582599,
              -3.69867
            ],
            [
              -38.582553,
              -3.698895
            ],
            [
              -38.58246,
              -3.699023
            ],
            [
              -38.582255,
              -3.699135
            ],
            [
              -38.581623,
              -3.69941
            ],
            [
              -38.581019,
              -3.698165
            ],
            [
              -38.581258,
              -3.698041
            ],
            [
              -38.581183,
              -3.697768
            ],
            [
              -38.581249,
              -3.69774
            ],
            [
              -38.581219,
              -3.69771
            ],
            [
              -38.58117,
              -3.697613
            ],
            [
              -38.581149,
              -3.69763
            ],
            [
              -38.581077,
              -3.697481
            ],
            [
              -38.58148,
              -3.697286
            ],
            [
              -38.581454,
              -3.69715
            ],
            [
              -38.581989,
              -3.69707
            ],
            [
              -38.582421,
              -3.69704
            ],
            [
              -38.583097,
              -3.696969
            ],
            [
              -38.583639,
              -3.696937
            ]
          ]
        ],
        "type": "Polygon"
      },
      "properties": {
        "bairro": "BARRA DO CEARÁ",
        "faction": "CV",
        "generated_at": "2026-05-23T09:29:11.219119",
        "geometry_type": "Polygon",
        "is_centroid": false,
        "is_tactical": true,
        "local_street_pressure": 18.668,
        "municipality": "Fortaleza",
        "name": "Favelinha",
        "nearby_streets": [
          "FAVELINHA",
          "COMUNIDADE SÃO ANTONIO",
          "RUA JANGADA"
        ],
        "nearby_streets_count": 54,
        "node_id": 39,
        "parent_area": "BARRA DO CEARÁ",
        "parent_risk_level": "alto",
        "parent_risk_score": 53.6,
        "parent_status": "ALTO",
        "peak_hours": "Entre 16hs e 21hs",
        "rank": 39,
        "region": "fortaleza",
        "risk_score": 55.589,
        "score": 55.589,
        "source_geometry_type": "Polygon"
      },
      "type": "Feature"
    },
    {
      "geometry": {
        "coordinates": [
          [
            [
              -38.512098,
              -3.825145
            ],
            [
              -38.512934,
              -3.824735
            ],
            [
              -38.512949,
              -3.824772
            ],
            [
              -38.514458,
              -3.824016
            ],
            [
              -38.515014,
              -3.825119
            ],
            [
              -38.513015,
              -3.826098
            ],
            [
              -38.512098,
              -3.825145
            ]
          ]
        ],
        "type": "Polygon"
      },
      "properties": {
        "bairro": "BARROSO",
        "faction": "CV",
        "generated_at": "2026-05-23T09:29:11.219119",
        "geometry_type": "Polygon",
        "is_centroid": false,
        "is_tactical": true,
        "local_street_pressure": 16.156,
        "municipality": "Fortaleza",
        "name": "Sítio Estrela",
        "nearby_streets": [
          "SÍTIO ESTRELA",
          "COMUNIDADE DO SEM TERRA - BARROSO L",
          "BOREL - JOÃO PAULO LL"
        ],
        "nearby_streets_count": 62,
        "node_id": 40,
        "parent_area": "BARROSO",
        "parent_risk_level": "alto",
        "parent_risk_score": 56.2,
        "parent_status": "ALTO",
        "peak_hours": "Entre 17hs e 22hs",
        "rank": 40,
        "region": "fortaleza",
        "risk_score": 55.577,
        "score": 55.577,
        "source_geometry_type": "Polygon"
      },
      "type": "Feature"
    },
    {
      "geometry": {
        "coordinates": [
          [
            [
              -38.520391,
              -3.823926
            ],
            [
              -38.52053,
              -3.824221
            ],
            [
              -38.52064,
              -3.824406
            ],
            [
              -38.52082,
              -3.82459
            ],
            [
              -38.521099,
              -3.824828
            ],
            [
              -38.521161,
              -3.826485
            ],
            [
              -38.519565,
              -3.826536
            ],
            [
              -38.518454,
              -3.826571
            ],
            [
              -38.518478,
              -3.826172
            ],
            [
              -38.518566,
              -3.826165
            ],
            [
              -38.518566,
              -3.826218
            ],
            [
              -38.51888,
              -3.826223
            ],
            [
              -38.51907,
              -3.826169
            ],
            [
              -38.519148,
              -3.826118
            ],
            [
              -38.519189,
              -3.826025
            ],
            [
              -38.519165,
              -3.825894
            ],
            [
              -38.519074,
              -3.82573
            ],
            [
              -38.519247,
              -3.825443
            ],
            [
              -38.519215,
              -3.825422
            ],
            [
              -38.519374,
              -3.825142
            ],
            [
              -38.519429,
              -3.825127
            ],
            [
              -38.519668,
              -3.825293
            ],
            [
              -38.519983,
              -3.825647
            ],
            [
              -38.520305,
              -3.825618
            ],
            [
              -38.520219,
              -3.823897
            ],
            [
              -38.520391,
              -3.823926
            ]
          ]
        ],
        "type": "Polygon"
      },
      "properties": {
        "bairro": "BARROSO",
        "faction": "CV",
        "generated_at": "2026-05-23T09:29:11.219119",
        "geometry_type": "Polygon",
        "is_centroid": false,
        "is_tactical": true,
        "local_street_pressure": 16.024,
        "municipality": "Fortaleza",
        "name": "João Paulo ll",
        "nearby_streets": [
          "JOÃO PAULO LL",
          "CP - JOÃO PAULO LL",
          "COMUNIDADE SANTA RITA"
        ],
        "nearby_streets_count": 57,
        "node_id": 41,
        "parent_area": "BARROSO",
        "parent_risk_level": "alto",
        "parent_risk_score": 56.2,
        "parent_status": "ALTO",
        "peak_hours": "Entre 17hs e 22hs",
        "rank": 41,
        "region": "fortaleza",
        "risk_score": 55.497,
        "score": 55.497,
        "source_geometry_type": "Polygon"
      },
      "type": "Feature"
    },
    {
      "geometry": {
        "coordinates": [
          [
            [
              -38.518707,
              -3.818349
            ],
            [
              -38.518894,
              -3.818835
            ],
            [
              -38.51869,
              -3.818974
            ],
            [
              -38.518642,
              -3.819081
            ],
            [
              -38.518803,
              -3.819365
            ],
            [
              -38.51869,
              -3.819499
            ],
            [
              -38.518535,
              -3.819574
            ],
            [
              -38.518669,
              -3.819724
            ],
            [
              -38.518701,
              -3.819799
            ],
            [
              -38.518564,
              -3.81986
            ],
            [
              -38.518628,
              -3.820084
            ],
            [
              -38.518542,
              -3.820154
            ],
            [
              -38.518558,
              -3.820272
            ],
            [
              -38.517984,
              -3.820513
            ],
            [
              -38.516836,
              -3.820925
            ],
            [
              -38.516799,
              -3.820839
            ],
            [
              -38.516514,
              -3.820893
            ],
            [
              -38.516466,
              -3.820374
            ],
            [
              -38.516396,
              -3.819977
            ],
            [
              -38.516282,
              -3.819647
            ],
            [
              -38.517165,
              -3.819184
            ],
            [
              -38.518707,
              -3.818349
            ]
          ]
        ],
        "type": "Polygon"
      },
      "properties": {
        "bairro": "BARROSO",
        "faction": "CV",
        "generated_at": "2026-05-23T09:29:11.219119",
        "geometry_type": "Polygon",
        "is_centroid": false,
        "is_tactical": true,
        "local_street_pressure": 15.799,
        "municipality": "Fortaleza",
        "name": "Comunidade Coração de Jesus",
        "nearby_streets": [
          "COMUNIDADE CORAÇÃO DE JESUS",
          "CONJUNTO HABITACIONAL 1° DE MARÇO OU BLOCOS",
          "MR2 - JOÃO PAULO LL"
        ],
        "nearby_streets_count": 58,
        "node_id": 42,
        "parent_area": "BARROSO",
        "parent_risk_level": "alto",
        "parent_risk_score": 56.2,
        "parent_status": "ALTO",
        "peak_hours": "Entre 17hs e 22hs",
        "rank": 42,
        "region": "fortaleza",
        "risk_score": 55.358,
        "score": 55.358,
        "source_geometry_type": "Polygon"
      },
      "type": "Feature"
    },
    {
      "geometry": {
        "coordinates": [
          [
            [
              -38.509611,
              -3.820807
            ],
            [
              -38.51348,
              -3.820439
            ],
            [
              -38.51352,
              -3.821034
            ],
            [
              -38.5122,
              -3.821164
            ],
            [
              -38.512229,
              -3.821552
            ],
            [
              -38.512039,
              -3.821562
            ],
            [
              -38.512059,
              -3.821974
            ],
            [
              -38.51224,
              -3.821951
            ],
            [
              -38.512288,
              -3.822372
            ],
            [
              -38.512946,
              -3.822304
            ],
            [
              -38.513097,
              -3.823457
            ],
            [
              -38.512767,
              -3.823502
            ],
            [
              -38.512778,
              -3.823766
            ],
            [
              -38.512475,
              -3.823797
            ],
            [
              -38.512464,
              -3.823728
            ],
            [
              -38.509918,
              -3.823987
            ],
            [
              -38.509853,
              -3.823242
            ],
            [
              -38.509495,
              -3.823266
            ],
            [
              -38.509456,
              -3.822922
            ],
            [
              -38.509177,
              -3.822933
            ],
            [
              -38.508908,
              -3.821801
            ],
            [
              -38.509714,
              -3.821737
            ],
            [
              -38.509611,
              -3.820807
            ]
          ]
        ],
        "type": "Polygon"
      },
      "properties": {
        "bairro": "BARROSO",
        "faction": "CV",
        "generated_at": "2026-05-23T09:29:11.219119",
        "geometry_type": "Polygon",
        "is_centroid": false,
        "is_tactical": true,
        "local_street_pressure": 15.298,
        "municipality": "Fortaleza",
        "name": "Barroso",
        "nearby_streets": [
          "BARROSO",
          "COMUNIDADE DO SEM TERRA - BARROSO L",
          "COMUNIDADE DA ARENINHA- BARROSO"
        ],
        "nearby_streets_count": 55,
        "node_id": 43,
        "parent_area": "BARROSO",
        "parent_risk_level": "alto",
        "parent_risk_score": 56.2,
        "parent_status": "ALTO",
        "peak_hours": "Entre 17hs e 22hs",
        "rank": 43,
        "region": "fortaleza",
        "risk_score": 55.329,
        "score": 55.329,
        "source_geometry_type": "Polygon"
      },
      "type": "Feature"
    },
    {
      "geometry": {
        "coordinates": [
          [
            [
              -38.515043,
              -3.825167
            ],
            [
              -38.515688,
              -3.826439
            ],
            [
              -38.515404,
              -3.826586
            ],
            [
              -38.515578,
              -3.82693
            ],
            [
              -38.515558,
              -3.827132
            ],
            [
              -38.515315,
              -3.827146
            ],
            [
              -38.515088,
              -3.827202
            ],
            [
              -38.515,
              -3.827836
            ],
            [
              -38.51466,
              -3.82794
            ],
            [
              -38.51459,
              -3.828167
            ],
            [
              -38.515647,
              -3.829979
            ],
            [
              -38.514352,
              -3.830692
            ],
            [
              -38.513429,
              -3.829204
            ],
            [
              -38.513786,
              -3.828816
            ],
            [
              -38.513766,
              -3.828509
            ],
            [
              -38.513628,
              -3.828235
            ],
            [
              -38.512496,
              -3.827544
            ],
            [
              -38.512933,
              -3.827314
            ],
            [
              -38.512714,
              -3.826889
            ],
            [
              -38.512476,
              -3.826989
            ],
            [
              -38.512356,
              -3.826715
            ],
            [
              -38.513212,
              -3.826294
            ],
            [
              -38.513048,
              -3.826145
            ],
            [
              -38.515043,
              -3.825167
            ]
          ]
        ],
        "type": "Polygon"
      },
      "properties": {
        "bairro": "BARROSO",
        "faction": "CV",
        "generated_at": "2026-05-23T09:29:11.219119",
        "geometry_type": "Polygon",
        "is_centroid": false,
        "is_tactical": true,
        "local_street_pressure": 15.304,
        "municipality": "Fortaleza",
        "name": "Poeiral",
        "nearby_streets": [
          "POEIRAL",
          "SÍTIO ESTRELA",
          "COMUNIDADE DO ÓLEO - CAMPO DO ESTRELA"
        ],
        "nearby_streets_count": 58,
        "node_id": 44,
        "parent_area": "BARROSO",
        "parent_risk_level": "alto",
        "parent_risk_score": 56.2,
        "parent_status": "ALTO",
        "peak_hours": "Entre 17hs e 22hs",
        "rank": 44,
        "region": "fortaleza",
        "risk_score": 55.271,
        "score": 55.271,
        "source_geometry_type": "Polygon"
      },
      "type": "Feature"
    },
    {
      "geometry": {
        "coordinates": [
          [
            [
              -38.516558,
              -3.814947
            ],
            [
              -38.516718,
              -3.815054
            ],
            [
              -38.516912,
              -3.815033
            ],
            [
              -38.517448,
              -3.81598
            ],
            [
              -38.517663,
              -3.815904
            ],
            [
              -38.517701,
              -3.816054
            ],
            [
              -38.518414,
              -3.81583
            ],
            [
              -38.518632,
              -3.816294
            ],
            [
              -38.516528,
              -3.817237
            ],
            [
              -38.516617,
              -3.81812
            ],
            [
              -38.516094,
              -3.818187
            ],
            [
              -38.516084,
              -3.818141
            ],
            [
              -38.515395,
              -3.818203
            ],
            [
              -38.515386,
              -3.81773
            ],
            [
              -38.514539,
              -3.818092
            ],
            [
              -38.514335,
              -3.818018
            ],
            [
              -38.513048,
              -3.818563
            ],
            [
              -38.512787,
              -3.817841
            ],
            [
              -38.513213,
              -3.817526
            ],
            [
              -38.513121,
              -3.816189
            ],
            [
              -38.516558,
              -3.814947
            ]
          ]
        ],
        "type": "Polygon"
      },
      "properties": {
        "bairro": "BARROSO",
        "faction": "CV",
        "generated_at": "2026-05-23T09:29:11.219119",
        "geometry_type": "Polygon",
        "is_centroid": false,
        "is_tactical": true,
        "local_street_pressure": 15.07,
        "municipality": "Fortaleza",
        "name": "Conjunto Nova Assunção",
        "nearby_streets": [
          "CONJUNTO NOVA ASSUNÇÃO",
          "CONJUNTO HABITACIONAL 1° DE MARÇO OU BLOCOS",
          "COMUNIDADE CORAÇÃO DE JESUS"
        ],
        "nearby_streets_count": 56,
        "node_id": 45,
        "parent_area": "BARROSO",
        "parent_risk_level": "alto",
        "parent_risk_score": 56.2,
        "parent_status": "ALTO",
        "peak_hours": "Entre 17hs e 22hs",
        "rank": 45,
        "region": "fortaleza",
        "risk_score": 55.193,
        "score": 55.193,
        "source_geometry_type": "Polygon"
      },
      "type": "Feature"
    },
    {
      "geometry": {
        "coordinates": [
          [
            [
              -38.574001,
              -3.706414
            ],
            [
              -38.574312,
              -3.707336
            ],
            [
              -38.574631,
              -3.707102
            ],
            [
              -38.574608,
              -3.707067
            ],
            [
              -38.574859,
              -3.706968
            ],
            [
              -38.574908,
              -3.707089
            ],
            [
              -38.573961,
              -3.707806
            ],
            [
              -38.573874,
              -3.70757
            ],
            [
              -38.573049,
              -3.707859
            ],
            [
              -38.572678,
              -3.706876
            ],
            [
              -38.574001,
              -3.706414
            ]
          ]
        ],
        "type": "Polygon"
      },
      "properties": {
        "bairro": "BARRA DO CEARÁ",
        "faction": "CV",
        "generated_at": "2026-05-23T09:29:11.219119",
        "geometry_type": "Polygon",
        "is_centroid": false,
        "is_tactical": true,
        "local_street_pressure": 18.283,
        "municipality": "(Complexo da Barra do Ceará)",
        "name": "B13 - (Complexo da Barra do Ceará)",
        "nearby_streets": [
          "B13 - (COMPLEXO DA BARRA DO CEARÁ)",
          "RUA TAMBAÚ",
          "FAVELA DO BICAL"
        ],
        "nearby_streets_count": 56,
        "node_id": 46,
        "parent_area": "BARRA DO CEARÁ",
        "parent_risk_level": "alto",
        "parent_risk_score": 53.6,
        "parent_status": "ALTO",
        "peak_hours": "Entre 16hs e 21hs",
        "rank": 46,
        "region": "fortaleza",
        "risk_score": 55.175,
        "score": 55.175,
        "source_geometry_type": "Polygon"
      },
      "type": "Feature"
    },
    {
      "geometry": {
        "coordinates": [
          [
            [
              -38.512479,
              -3.818745
            ],
            [
              -38.512264,
              -3.81821
            ],
            [
              -38.511208,
              -3.818617
            ],
            [
              -38.510189,
              -3.819045
            ],
            [
              -38.508778,
              -3.81962
            ],
            [
              -38.508544,
              -3.819715
            ],
            [
              -38.508466,
              -3.819795
            ],
            [
              -38.508425,
              -3.819884
            ],
            [
              -38.508337,
              -3.819926
            ],
            [
              -38.507746,
              -3.817829
            ],
            [
              -38.509628,
              -3.817603
            ],
            [
              -38.509929,
              -3.817535
            ],
            [
              -38.511704,
              -3.81681
            ],
            [
              -38.513121,
              -3.816189
            ],
            [
              -38.513213,
              -3.817526
            ],
            [
              -38.512787,
              -3.817841
            ],
            [
              -38.513048,
              -3.818563
            ],
            [
              -38.512479,
              -3.818745
            ]
          ]
        ],
        "type": "Polygon"
      },
      "properties": {
        "bairro": "BARROSO",
        "faction": "CV",
        "generated_at": "2026-05-23T09:29:11.219119",
        "geometry_type": "Polygon",
        "is_centroid": false,
        "is_tactical": true,
        "local_street_pressure": 14.811,
        "municipality": "Fortaleza",
        "name": "Favela do CK",
        "nearby_streets": [
          "FAVELA DO CK",
          "RUA ADRIANO GASPAR BRIGIDO RIBEIRO",
          "LAGO AZUL - BARROSO I"
        ],
        "nearby_streets_count": 48,
        "node_id": 47,
        "parent_area": "BARROSO",
        "parent_risk_level": "alto",
        "parent_risk_score": 56.2,
        "parent_status": "ALTO",
        "peak_hours": "Entre 17hs e 22hs",
        "rank": 47,
        "region": "fortaleza",
        "risk_score": 54.904,
        "score": 54.904,
        "source_geometry_type": "Polygon"
      },
      "type": "Feature"
    },
    {
      "geometry": {
        "coordinates": [
          [
            [
              -38.51873,
              -3.81662
            ],
            [
              -38.519009,
              -3.817342
            ],
            [
              -38.518746,
              -3.817428
            ],
            [
              -38.518928,
              -3.817926
            ],
            [
              -38.518859,
              -3.818161
            ],
            [
              -38.518707,
              -3.818349
            ],
            [
              -38.516795,
              -3.819302
            ],
            [
              -38.516568,
              -3.81722
            ],
            [
              -38.518632,
              -3.816294
            ],
            [
              -38.51873,
              -3.81662
            ]
          ]
        ],
        "type": "Polygon"
      },
      "properties": {
        "bairro": "BARROSO",
        "faction": "CV",
        "generated_at": "2026-05-23T09:29:11.219119",
        "geometry_type": "Polygon",
        "is_centroid": false,
        "is_tactical": true,
        "local_street_pressure": 15.11,
        "municipality": "Fortaleza",
        "name": "Conjunto Habitacional 1° de Março ou Blocos",
        "nearby_streets": [
          "CONJUNTO HABITACIONAL 1° DE MARÇO OU BLOCOS",
          "COMUNIDADE CORAÇÃO DE JESUS",
          "CONJUNTO NOVA ASSUNÇÃO"
        ],
        "nearby_streets_count": 56,
        "node_id": 48,
        "parent_area": "BARROSO",
        "parent_risk_level": "alto",
        "parent_risk_score": 56.2,
        "parent_status": "ALTO",
        "peak_hours": "Entre 17hs e 22hs",
        "rank": 48,
        "region": "fortaleza",
        "risk_score": 54.899,
        "score": 54.899,
        "source_geometry_type": "Polygon"
      },
      "type": "Feature"
    },
    {
      "geometry": {
        "coordinates": [
          [
            [
              -38.521317,
              -3.82492
            ],
            [
              -38.521677,
              -3.824936
            ],
            [
              -38.5218,
              -3.825033
            ],
            [
              -38.5218,
              -3.826349
            ],
            [
              -38.522417,
              -3.826339
            ],
            [
              -38.522401,
              -3.826462
            ],
            [
              -38.522031,
              -3.826526
            ],
            [
              -38.522034,
              -3.826919
            ],
            [
              -38.522084,
              -3.826922
            ],
            [
              -38.522076,
              -3.827057
            ],
            [
              -38.522163,
              -3.827064
            ],
            [
              -38.522128,
              -3.827315
            ],
            [
              -38.522111,
              -3.827432
            ],
            [
              -38.52204,
              -3.827438
            ],
            [
              -38.52202,
              -3.827661
            ],
            [
              -38.52187,
              -3.827709
            ],
            [
              -38.521816,
              -3.82826
            ],
            [
              -38.521451,
              -3.828237
            ],
            [
              -38.521317,
              -3.82492
            ]
          ]
        ],
        "type": "Polygon"
      },
      "properties": {
        "bairro": "BARROSO",
        "faction": "CV",
        "generated_at": "2026-05-23T09:29:11.219119",
        "geometry_type": "Polygon",
        "is_centroid": false,
        "is_tactical": true,
        "local_street_pressure": 15.017,
        "municipality": "Fortaleza",
        "name": "Comunidade Santa Rita",
        "nearby_streets": [
          "COMUNIDADE SANTA RITA",
          "JOÃO PAULO LL",
          "RUA MARIA ELISANGELA"
        ],
        "nearby_streets_count": 54,
        "node_id": 49,
        "parent_area": "BARROSO",
        "parent_risk_level": "alto",
        "parent_risk_score": 56.2,
        "parent_status": "ALTO",
        "peak_hours": "Entre 17hs e 22hs",
        "rank": 49,
        "region": "fortaleza",
        "risk_score": 54.696,
        "score": 54.696,
        "source_geometry_type": "Polygon"
      },
      "type": "Feature"
    },
    {
      "geometry": {
        "coordinates": [
          [
            [
              -38.583854,
              -3.695891
            ],
            [
              -38.583843,
              -3.695926
            ],
            [
              -38.583859,
              -3.696372
            ],
            [
              -38.583784,
              -3.696467
            ],
            [
              -38.583687,
              -3.69664
            ],
            [
              -38.583671,
              -3.696795
            ],
            [
              -38.583639,
              -3.696937
            ],
            [
              -38.583097,
              -3.696969
            ],
            [
              -38.582421,
              -3.69704
            ],
            [
              -38.581989,
              -3.69707
            ],
            [
              -38.581454,
              -3.69715
            ],
            [
              -38.581451,
              -3.697257
            ],
            [
              -38.58092,
              -3.697501
            ],
            [
              -38.580766,
              -3.697064
            ],
            [
              -38.580645,
              -3.696758
            ],
            [
              -38.581198,
              -3.696451
            ],
            [
              -38.581413,
              -3.69629
            ],
            [
              -38.581676,
              -3.696215
            ],
            [
              -38.583038,
              -3.695958
            ],
            [
              -38.583854,
              -3.695891
            ]
          ]
        ],
        "type": "Polygon"
      },
      "properties": {
        "bairro": "BARRA DO CEARÁ",
        "faction": "CV",
        "generated_at": "2026-05-23T09:29:11.219119",
        "geometry_type": "Polygon",
        "is_centroid": false,
        "is_tactical": true,
        "local_street_pressure": 17.463,
        "municipality": "Fortaleza",
        "name": "Comunidade São Antonio",
        "nearby_streets": [
          "COMUNIDADE SÃO ANTONIO",
          "COMUNIDADE SÃO PEDRO",
          "FAVELINHA"
        ],
        "nearby_streets_count": 52,
        "node_id": 50,
        "parent_area": "BARRA DO CEARÁ",
        "parent_risk_level": "alto",
        "parent_risk_score": 53.6,
        "parent_status": "ALTO",
        "peak_hours": "Entre 16hs e 21hs",
        "rank": 50,
        "region": "fortaleza",
        "risk_score": 54.643,
        "score": 54.643,
        "source_geometry_type": "Polygon"
      },
      "type": "Feature"
    },
    {
      "geometry": {
        "coordinates": [
          [
            [
              -38.522401,
              -3.814986
            ],
            [
              -38.52335,
              -3.818587
            ],
            [
              -38.522248,
              -3.81885
            ],
            [
              -38.522246,
              -3.81883
            ],
            [
              -38.5218,
              -3.817115
            ],
            [
              -38.521422,
              -3.817222
            ],
            [
              -38.521422,
              -3.817366
            ],
            [
              -38.52189,
              -3.818986
            ],
            [
              -38.521102,
              -3.819174
            ],
            [
              -38.521023,
              -3.816383
            ],
            [
              -38.522252,
              -3.816075
            ],
            [
              -38.522264,
              -3.816011
            ],
            [
              -38.522083,
              -3.815151
            ],
            [
              -38.522401,
              -3.814986
            ]
          ]
        ],
        "type": "Polygon"
      },
      "properties": {
        "bairro": "BARROSO",
        "faction": "CV",
        "generated_at": "2026-05-23T09:29:11.219119",
        "geometry_type": "Polygon",
        "is_centroid": false,
        "is_tactical": true,
        "local_street_pressure": 14.464,
        "municipality": "Fortaleza",
        "name": "Barroso ll",
        "nearby_streets": [
          "BARROSO LL",
          "AS TRAVESSAS - BARROSO LL",
          "FAVELA DA RB - BARROSO LL"
        ],
        "nearby_streets_count": 54,
        "node_id": 51,
        "parent_area": "BARROSO",
        "parent_risk_level": "alto",
        "parent_risk_score": 56.2,
        "parent_status": "ALTO",
        "peak_hours": "Entre 17hs e 22hs",
        "rank": 51,
        "region": "fortaleza",
        "risk_score": 54.456,
        "score": 54.456,
        "source_geometry_type": "Polygon"
      },
      "type": "Feature"
    },
    {
      "geometry": {
        "coordinates": [
          [
            [
              -38.578952,
              -3.696656
            ],
            [
              -38.579034,
              -3.69661
            ],
            [
              -38.5793,
              -3.696573
            ],
            [
              -38.579288,
              -3.69642
            ],
            [
              -38.579358,
              -3.696368
            ],
            [
              -38.579694,
              -3.69633
            ],
            [
              -38.579697,
              -3.696158
            ],
            [
              -38.580143,
              -3.695819
            ],
            [
              -38.580288,
              -3.695782
            ],
            [
              -38.580607,
              -3.6967
            ],
            [
              -38.580424,
              -3.696738
            ],
            [
              -38.580068,
              -3.696784
            ],
            [
              -38.579712,
              -3.696832
            ],
            [
              -38.579416,
              -3.696885
            ],
            [
              -38.578977,
              -3.696902
            ],
            [
              -38.578952,
              -3.696656
            ]
          ]
        ],
        "type": "Polygon"
      },
      "properties": {
        "bairro": "BARRA DO CEARÁ",
        "faction": "CV",
        "generated_at": "2026-05-23T09:29:11.219119",
        "geometry_type": "Polygon",
        "is_centroid": false,
        "is_tactical": true,
        "local_street_pressure": 17.18,
        "municipality": "Fortaleza",
        "name": "Comunidade Língua da Cobra",
        "nearby_streets": [
          "COMUNIDADE LÍNGUA DA COBRA",
          "MORRO DO GRÊMIO",
          "COMUNIDADE SÃO PEDRO"
        ],
        "nearby_streets_count": 54,
        "node_id": 52,
        "parent_area": "BARRA DO CEARÁ",
        "parent_risk_level": "alto",
        "parent_risk_score": 53.6,
        "parent_status": "ALTO",
        "peak_hours": "Entre 16hs e 21hs",
        "rank": 52,
        "region": "fortaleza",
        "risk_score": 54.345,
        "score": 54.345,
        "source_geometry_type": "Polygon"
      },
      "type": "Feature"
    },
    {
      "geometry": {
        "coordinates": [
          [
            [
              -38.584024,
              -3.696931
            ],
            [
              -38.584032,
              -3.697107
            ],
            [
              -38.584071,
              -3.697103
            ],
            [
              -38.584087,
              -3.697172
            ],
            [
              -38.584045,
              -3.697186
            ],
            [
              -38.584128,
              -3.697484
            ],
            [
              -38.584173,
              -3.697474
            ],
            [
              -38.584202,
              -3.697543
            ],
            [
              -38.584218,
              -3.697547
            ],
            [
              -38.584239,
              -3.697525
            ],
            [
              -38.584245,
              -3.697531
            ],
            [
              -38.584269,
              -3.697513
            ],
            [
              -38.584339,
              -3.697597
            ],
            [
              -38.58436,
              -3.697578
            ],
            [
              -38.584547,
              -3.697743
            ],
            [
              -38.584686,
              -3.697658
            ],
            [
              -38.584708,
              -3.697688
            ],
            [
              -38.584671,
              -3.697721
            ],
            [
              -38.584779,
              -3.697796
            ],
            [
              -38.584821,
              -3.697732
            ],
            [
              -38.584867,
              -3.697763
            ],
            [
              -38.584853,
              -3.697809
            ],
            [
              -38.585046,
              -3.697893
            ],
            [
              -38.585066,
              -3.69785
            ],
            [
              -38.585208,
              -3.697916
            ],
            [
              -38.585286,
              -3.697954
            ],
            [
              -38.58534,
              -3.697964
            ],
            [
              -38.585396,
              -3.697961
            ],
            [
              -38.585376,
              -3.697914
            ],
            [
              -38.585449,
              -3.697888
            ],
            [
              -38.585501,
              -3.69796
            ],
            [
              -38.585845,
              -3.69773
            ],
            [
              -38.5858,
              -3.69764
            ],
            [
              -38.585927,
              -3.697577
            ],
            [
              -38.585899,
              -3.697508
            ],
            [
              -38.585975,
              -3.697458
            ],
            [
              -38.58604,
              -3.697435
            ],
            [
              -38.586266,
              -3.69777
            ],
            [
              -38.58632,
              -3.697756
            ],
            [
              -38.586545,
              -3.698086
            ],
            [
              -38.586695,
              -3.698053
            ],
            [
              -38.586502,
              -3.697386
            ],
            [
              -38.586626,
              -3.697342
            ],
            [
              -38.586925,
              -3.698279
            ],
            [
              -38.586184,
              -3.698877
            ],
            [
              -38.585426,
              -3.699341
            ],
            [
              -38.585228,
              -3.698956
            ],
            [
              -38.584725,
              -3.699269
            ],
            [
              -38.584499,
              -3.698918
            ],
            [
              -38.58468,
              -3.698741
            ],
            [
              -38.584952,
              -3.6986
            ],
            [
              -38.584922,
              -3.698587
            ],
            [
              -38.584853,
              -3.69855
            ],
            [
              -38.584737,
              -3.69849
            ],
            [
              -38.584631,
              -3.698394
            ],
            [
              -38.584569,
              -3.698321
            ],
            [
              -38.584547,
              -3.698346
            ],
            [
              -38.58452,
              -3.698394
            ],
            [
              -38.584292,
              -3.698293
            ],
            [
              -38.583924,
              -3.698127
            ],
            [
              -38.583933,
              -3.697933
            ],
            [
              -38.58391,
              -3.697739
            ],
            [
              -38.583899,
              -3.697661
            ],
            [
              -38.583861,
              -3.697595
            ],
            [
              -38.583739,
              -3.697282
            ],
            [
              -38.583678,
              -3.697064
            ],
            [
              -38.583639,
              -3.696937
            ],
            [
              -38.584024,
              -3.696931
            ]
          ]
        ],
        "type": "Polygon"
      },
      "properties": {
        "bairro": "BARRA DO CEARÁ",
        "faction": "CV",
        "generated_at": "2026-05-23T09:29:11.219119",
        "geometry_type": "Polygon",
        "is_centroid": false,
        "is_tactical": true,
        "local_street_pressure": 16.992,
        "municipality": "Fortaleza",
        "name": "Morro Do Santiago",
        "nearby_streets": [
          "MORRO DO SANTIAGO",
          "RUA SANTIAGO DA BARRA DO CEARÁ",
          "COMUNIDADE DO POLO DA BARRA"
        ],
        "nearby_streets_count": 50,
        "node_id": 53,
        "parent_area": "BARRA DO CEARÁ",
        "parent_risk_level": "alto",
        "parent_risk_score": 53.6,
        "parent_status": "ALTO",
        "peak_hours": "Entre 16hs e 21hs",
        "rank": 53,
        "region": "fortaleza",
        "risk_score": 54.323,
        "score": 54.323,
        "source_geometry_type": "Polygon"
      },
      "type": "Feature"
    },
    {
      "geometry": {
        "coordinates": [
          [
            [
              -38.520461,
              -3.830271
            ],
            [
              -38.519782,
              -3.830485
            ],
            [
              -38.5199,
              -3.830902
            ],
            [
              -38.519959,
              -3.831218
            ],
            [
              -38.51998,
              -3.831694
            ],
            [
              -38.519685,
              -3.8317
            ],
            [
              -38.519691,
              -3.831272
            ],
            [
              -38.519412,
              -3.831293
            ],
            [
              -38.519342,
              -3.830656
            ],
            [
              -38.518864,
              -3.8308
            ],
            [
              -38.518317,
              -3.830999
            ],
            [
              -38.517969,
              -3.831164
            ],
            [
              -38.517663,
              -3.831379
            ],
            [
              -38.517314,
              -3.831684
            ],
            [
              -38.51721,
              -3.831856
            ],
            [
              -38.516347,
              -3.833097
            ],
            [
              -38.516116,
              -3.83344
            ],
            [
              -38.515901,
              -3.833574
            ],
            [
              -38.515268,
              -3.83383
            ],
            [
              -38.515034,
              -3.833884
            ],
            [
              -38.514834,
              -3.83398
            ],
            [
              -38.51476,
              -3.834076
            ],
            [
              -38.514721,
              -3.834189
            ],
            [
              -38.514686,
              -3.834391
            ],
            [
              -38.514463,
              -3.834402
            ],
            [
              -38.514461,
              -3.834289
            ],
            [
              -38.514501,
              -3.834125
            ],
            [
              -38.514586,
              -3.833969
            ],
            [
              -38.514684,
              -3.833847
            ],
            [
              -38.514889,
              -3.833727
            ],
            [
              -38.514812,
              -3.833505
            ],
            [
              -38.51495,
              -3.833428
            ],
            [
              -38.514995,
              -3.833628
            ],
            [
              -38.515196,
              -3.833567
            ],
            [
              -38.515102,
              -3.833306
            ],
            [
              -38.515311,
              -3.833167
            ],
            [
              -38.515499,
              -3.833022
            ],
            [
              -38.51581,
              -3.832669
            ],
            [
              -38.516078,
              -3.832257
            ],
            [
              -38.516314,
              -3.831582
            ],
            [
              -38.51655,
              -3.831342
            ],
            [
              -38.517221,
              -3.830742
            ],
            [
              -38.517269,
              -3.830598
            ],
            [
              -38.51734,
              -3.830353
            ],
            [
              -38.517409,
              -3.830513
            ],
            [
              -38.518042,
              -3.830256
            ],
            [
              -38.518284,
              -3.830272
            ],
            [
              -38.518417,
              -3.829688
            ],
            [
              -38.518777,
              -3.829747
            ],
            [
              -38.518809,
              -3.829811
            ],
            [
              -38.518723,
              -3.830046
            ],
            [
              -38.519324,
              -3.829934
            ],
            [
              -38.51978,
              -3.829918
            ],
            [
              -38.519817,
              -3.830127
            ],
            [
              -38.520359,
              -3.83003
            ],
            [
              -38.520461,
              -3.830271
            ]
          ]
        ],
        "type": "Polygon"
      },
      "properties": {
        "bairro": "BARROSO",
        "faction": "CV",
        "generated_at": "2026-05-23T09:29:11.219119",
        "geometry_type": "Polygon",
        "is_centroid": false,
        "is_tactical": true,
        "local_street_pressure": 14.222,
        "municipality": "Fortaleza",
        "name": "Comunidade Pimentel",
        "nearby_streets": [
          "COMUNIDADE PIMENTEL",
          "COMUNIDADE DO TORINO",
          "COMUNIDADE DO ÓLEO - CAMPO DO ESTRELA"
        ],
        "nearby_streets_count": 57,
        "node_id": 54,
        "parent_area": "BARROSO",
        "parent_risk_level": "alto",
        "parent_risk_score": 56.2,
        "parent_status": "ALTO",
        "peak_hours": "Entre 17hs e 22hs",
        "rank": 54,
        "region": "fortaleza",
        "risk_score": 54.306,
        "score": 54.306,
        "source_geometry_type": "Polygon"
      },
      "type": "Feature"
    },
    {
      "geometry": {
        "coordinates": [
          [
            [
              -38.508737,
              -3.82266
            ],
            [
              -38.50811,
              -3.822735
            ],
            [
              -38.508083,
              -3.822301
            ],
            [
              -38.508625,
              -3.822178
            ],
            [
              -38.508593,
              -3.82197
            ],
            [
              -38.508861,
              -3.821937
            ],
            [
              -38.509134,
              -3.822938
            ],
            [
              -38.509456,
              -3.822922
            ],
            [
              -38.509495,
              -3.823266
            ],
            [
              -38.509504,
              -3.823607
            ],
            [
              -38.509333,
              -3.823618
            ],
            [
              -38.509392,
              -3.823779
            ],
            [
              -38.509623,
              -3.823709
            ],
            [
              -38.509655,
              -3.823789
            ],
            [
              -38.509784,
              -3.823757
            ],
            [
              -38.509837,
              -3.8241
            ],
            [
              -38.509515,
              -3.824159
            ],
            [
              -38.50959,
              -3.824405
            ],
            [
              -38.508614,
              -3.824737
            ],
            [
              -38.508571,
              -3.824603
            ],
            [
              -38.509065,
              -3.824464
            ],
            [
              -38.509043,
              -3.823945
            ],
            [
              -38.508185,
              -3.824057
            ],
            [
              -38.508153,
              -3.823805
            ],
            [
              -38.509016,
              -3.823677
            ],
            [
              -38.508737,
              -3.82266
            ]
          ]
        ],
        "type": "Polygon"
      },
      "properties": {
        "bairro": "BARROSO",
        "faction": "CV",
        "generated_at": "2026-05-23T09:29:11.219119",
        "geometry_type": "Polygon",
        "is_centroid": false,
        "is_tactical": true,
        "local_street_pressure": 14.356,
        "municipality": "Fortaleza",
        "name": "Comunidade da Areninha- Barroso",
        "nearby_streets": [
          "COMUNIDADE DA ARENINHA- BARROSO",
          "BARROSO",
          "COMUNIDADE DO SEM TERRA - BARROSO L"
        ],
        "nearby_streets_count": 56,
        "node_id": 55,
        "parent_area": "BARROSO",
        "parent_risk_level": "alto",
        "parent_risk_score": 56.2,
        "parent_status": "ALTO",
        "peak_hours": "Entre 17hs e 22hs",
        "rank": 55,
        "region": "fortaleza",
        "risk_score": 54.218,
        "score": 54.218,
        "source_geometry_type": "Polygon"
      },
      "type": "Feature"
    },
    {
      "geometry": {
        "coordinates": [
          [
            [
              -38.584898,
              -3.710726
            ],
            [
              -38.587109,
              -3.710408
            ],
            [
              -38.587248,
              -3.710498
            ],
            [
              -38.588357,
              -3.709823
            ],
            [
              -38.58851,
              -3.709791
            ],
            [
              -38.588152,
              -3.71119
            ],
            [
              -38.58798,
              -3.711787
            ],
            [
              -38.586615,
              -3.711889
            ],
            [
              -38.585111,
              -3.712054
            ],
            [
              -38.583758,
              -3.712113
            ],
            [
              -38.584311,
              -3.710836
            ],
            [
              -38.584898,
              -3.710726
            ]
          ]
        ],
        "type": "Polygon"
      },
      "properties": {
        "bairro": "BARRA DO CEARÁ",
        "faction": "CV",
        "generated_at": "2026-05-23T09:29:11.219119",
        "geometry_type": "Polygon",
        "is_centroid": false,
        "is_tactical": true,
        "local_street_pressure": 16.642,
        "municipality": "Fortaleza",
        "name": "Comunidade Riacho Doce- Barra do Ceará",
        "nearby_streets": [
          "COMUNIDADE RIACHO DOCE- BARRA DO CEARÁ",
          "COMUNIDADE DO GUETO NOVO",
          "LAMA SECA"
        ],
        "nearby_streets_count": 71,
        "node_id": 56,
        "parent_area": "BARRA DO CEARÁ",
        "parent_risk_level": "alto",
        "parent_risk_score": 53.6,
        "parent_status": "ALTO",
        "peak_hours": "Entre 16hs e 21hs",
        "rank": 56,
        "region": "fortaleza",
        "risk_score": 54.202,
        "score": 54.202,
        "source_geometry_type": "Polygon"
      },
      "type": "Feature"
    },
    {
      "geometry": {
        "coordinates": [
          [
            [
              -38.51569,
              -3.830005
            ],
            [
              -38.515835,
              -3.830144
            ],
            [
              -38.516401,
              -3.830371
            ],
            [
              -38.515829,
              -3.830706
            ],
            [
              -38.515867,
              -3.830778
            ],
            [
              -38.515813,
              -3.830813
            ],
            [
              -38.515934,
              -3.83103
            ],
            [
              -38.51614,
              -3.830979
            ],
            [
              -38.516218,
              -3.831313
            ],
            [
              -38.516175,
              -3.831578
            ],
            [
              -38.516173,
              -3.83164
            ],
            [
              -38.516119,
              -3.831808
            ],
            [
              -38.516033,
              -3.832089
            ],
            [
              -38.51587,
              -3.832352
            ],
            [
              -38.515792,
              -3.832274
            ],
            [
              -38.515644,
              -3.832427
            ],
            [
              -38.515298,
              -3.832758
            ],
            [
              -38.515054,
              -3.83255
            ],
            [
              -38.515159,
              -3.832475
            ],
            [
              -38.515035,
              -3.832381
            ],
            [
              -38.514593,
              -3.832708
            ],
            [
              -38.514547,
              -3.832627
            ],
            [
              -38.514172,
              -3.832831
            ],
            [
              -38.513995,
              -3.832542
            ],
            [
              -38.514982,
              -3.832049
            ],
            [
              -38.514837,
              -3.831921
            ],
            [
              -38.514724,
              -3.831739
            ],
            [
              -38.515298,
              -3.831428
            ],
            [
              -38.514971,
              -3.830722
            ],
            [
              -38.514842,
              -3.830706
            ],
            [
              -38.51444,
              -3.830931
            ],
            [
              -38.514354,
              -3.830781
            ],
            [
              -38.51569,
              -3.830005
            ]
          ]
        ],
        "type": "Polygon"
      },
      "properties": {
        "bairro": "BARROSO",
        "faction": "CV",
        "generated_at": "2026-05-23T09:29:11.219119",
        "geometry_type": "Polygon",
        "is_centroid": false,
        "is_tactical": true,
        "local_street_pressure": 13.91,
        "municipality": "Fortaleza",
        "name": "Comunidade do Torino",
        "nearby_streets": [
          "COMUNIDADE DO TORINO",
          "COMUNIDADE PIMENTEL",
          "COMUNIDADE DO ÓLEO - CAMPO DO ESTRELA"
        ],
        "nearby_streets_count": 54,
        "node_id": 57,
        "parent_area": "BARROSO",
        "parent_risk_level": "alto",
        "parent_risk_score": 56.2,
        "parent_status": "ALTO",
        "peak_hours": "Entre 17hs e 22hs",
        "rank": 57,
        "region": "fortaleza",
        "risk_score": 53.952,
        "score": 53.952,
        "source_geometry_type": "Polygon"
      },
      "type": "Feature"
    },
    {
      "geometry": {
        "coordinates": [
          [
            [
              -38.511652,
              -3.8119
            ],
            [
              -38.51149,
              -3.812517
            ],
            [
              -38.511329,
              -3.812624
            ],
            [
              -38.511544,
              -3.813106
            ],
            [
              -38.511308,
              -3.81332
            ],
            [
              -38.511704,
              -3.81681
            ],
            [
              -38.509988,
              -3.817428
            ],
            [
              -38.509795,
              -3.817504
            ],
            [
              -38.507735,
              -3.817757
            ],
            [
              -38.507499,
              -3.81681
            ],
            [
              -38.507452,
              -3.816439
            ],
            [
              -38.50786,
              -3.815486
            ],
            [
              -38.507441,
              -3.815095
            ],
            [
              -38.50661,
              -3.81532
            ],
            [
              -38.506314,
              -3.814587
            ],
            [
              -38.506872,
              -3.814453
            ],
            [
              -38.507039,
              -3.814458
            ],
            [
              -38.507436,
              -3.814314
            ],
            [
              -38.507253,
              -3.813709
            ],
            [
              -38.508004,
              -3.813238
            ],
            [
              -38.507468,
              -3.811696
            ],
            [
              -38.508112,
              -3.81145
            ],
            [
              -38.508594,
              -3.812949
            ],
            [
              -38.509345,
              -3.812724
            ],
            [
              -38.509066,
              -3.812114
            ],
            [
              -38.509442,
              -3.812018
            ],
            [
              -38.509517,
              -3.812189
            ],
            [
              -38.509968,
              -3.81205
            ],
            [
              -38.50971,
              -3.811054
            ],
            [
              -38.509764,
              -3.810979
            ],
            [
              -38.510976,
              -3.811707
            ],
            [
              -38.511652,
              -3.8119
            ]
          ]
        ],
        "type": "Polygon"
      },
      "properties": {
        "bairro": "BARROSO",
        "faction": "CV",
        "generated_at": "2026-05-23T09:29:11.219119",
        "geometry_type": "Polygon",
        "is_centroid": false,
        "is_tactical": true,
        "local_street_pressure": 12.487,
        "municipality": "Fortaleza",
        "name": "Jardim Violeta",
        "nearby_streets": [
          "JARDIM VIOLETA",
          "RUA BENEDITO LACERDA",
          "VILA SOCIETY"
        ],
        "nearby_streets_count": 46,
        "node_id": 58,
        "parent_area": "BARROSO",
        "parent_risk_level": "alto",
        "parent_risk_score": 56.2,
        "parent_status": "ALTO",
        "peak_hours": "Entre 17hs e 22hs",
        "rank": 58,
        "region": "fortaleza",
        "risk_score": 53.878,
        "score": 53.878,
        "source_geometry_type": "Polygon"
      },
      "type": "Feature"
    },
    {
      "geometry": {
        "coordinates": [
          [
            [
              -38.515825,
              -3.826745
            ],
            [
              -38.516092,
              -3.826715
            ],
            [
              -38.517811,
              -3.826648
            ],
            [
              -38.519972,
              -3.826597
            ],
            [
              -38.521171,
              -3.826547
            ],
            [
              -38.52122,
              -3.828416
            ],
            [
              -38.521176,
              -3.828503
            ],
            [
              -38.521099,
              -3.828544
            ],
            [
              -38.520586,
              -3.828468
            ],
            [
              -38.520011,
              -3.82835
            ],
            [
              -38.519265,
              -3.828275
            ],
            [
              -38.517848,
              -3.828083
            ],
            [
              -38.515098,
              -3.827836
            ],
            [
              -38.515157,
              -3.827253
            ],
            [
              -38.515431,
              -3.827205
            ],
            [
              -38.515751,
              -3.827229
            ],
            [
              -38.515825,
              -3.826745
            ]
          ]
        ],
        "type": "Polygon"
      },
      "properties": {
        "bairro": "BARROSO",
        "faction": "CV",
        "generated_at": "2026-05-23T09:29:11.219119",
        "geometry_type": "Polygon",
        "is_centroid": false,
        "is_tactical": true,
        "local_street_pressure": 12.997,
        "municipality": "João Paulo ll",
        "name": "Fraudes - João Paulo ll",
        "nearby_streets": [
          "FRAUDES - JOÃO PAULO LL",
          "COMUNIDADE DO ÓLEO - CAMPO DO ESTRELA",
          "CP - JOÃO PAULO LL"
        ],
        "nearby_streets_count": 37,
        "node_id": 59,
        "parent_area": "BARROSO",
        "parent_risk_level": "alto",
        "parent_risk_score": 56.2,
        "parent_status": "ALTO",
        "peak_hours": "Entre 17hs e 22hs",
        "rank": 59,
        "region": "fortaleza",
        "risk_score": 53.581,
        "score": 53.581,
        "source_geometry_type": "Polygon"
      },
      "type": "Feature"
    },
    {
      "geometry": {
        "coordinates": [
          [
            [
              -38.588444,
              -3.707942
            ],
            [
              -38.587508,
              -3.708416
            ],
            [
              -38.587443,
              -3.708395
            ],
            [
              -38.587025,
              -3.708012
            ],
            [
              -38.58707,
              -3.707977
            ],
            [
              -38.587089,
              -3.707763
            ],
            [
              -38.587089,
              -3.707691
            ],
            [
              -38.586746,
              -3.707536
            ],
            [
              -38.58622,
              -3.707313
            ],
            [
              -38.586091,
              -3.70719
            ],
            [
              -38.586121,
              -3.707129
            ],
            [
              -38.586215,
              -3.707056
            ],
            [
              -38.586234,
              -3.707
            ],
            [
              -38.586298,
              -3.706917
            ],
            [
              -38.586373,
              -3.706987
            ],
            [
              -38.586496,
              -3.70688
            ],
            [
              -38.586727,
              -3.707003
            ],
            [
              -38.587458,
              -3.705799
            ],
            [
              -38.587599,
              -3.705981
            ],
            [
              -38.588071,
              -3.706287
            ],
            [
              -38.589118,
              -3.705638
            ],
            [
              -38.588646,
              -3.704852
            ],
            [
              -38.589276,
              -3.704495
            ],
            [
              -38.58973,
              -3.705291
            ],
            [
              -38.590006,
              -3.705139
            ],
            [
              -38.59069,
              -3.706289
            ],
            [
              -38.590127,
              -3.708368
            ],
            [
              -38.590002,
              -3.708254
            ],
            [
              -38.589566,
              -3.708701
            ],
            [
              -38.589808,
              -3.708937
            ],
            [
              -38.589623,
              -3.709041
            ],
            [
              -38.588444,
              -3.707942
            ]
          ]
        ],
        "type": "Polygon"
      },
      "properties": {
        "bairro": "BARRA DO CEARÁ",
        "faction": "CV",
        "generated_at": "2026-05-23T09:29:11.219119",
        "geometry_type": "Polygon",
        "is_centroid": false,
        "is_tactical": true,
        "local_street_pressure": 15.47,
        "municipality": "Fortaleza",
        "name": "Comunidade do Gato Morto",
        "nearby_streets": [
          "COMUNIDADE DO GATO MORTO",
          "LAMA SECA",
          "COMUNIDADE RIACHO DOCE- BARRA DO CEARÁ"
        ],
        "nearby_streets_count": 64,
        "node_id": 60,
        "parent_area": "BARRA DO CEARÁ",
        "parent_risk_level": "alto",
        "parent_risk_score": 53.6,
        "parent_status": "ALTO",
        "peak_hours": "Entre 16hs e 21hs",
        "rank": 60,
        "region": "fortaleza",
        "risk_score": 53.545,
        "score": 53.545,
        "source_geometry_type": "Polygon"
      },
      "type": "Feature"
    },
    {
      "geometry": {
        "coordinates": [
          [
            [
              -38.518798,
              -3.822412
            ],
            [
              -38.519011,
              -3.822386
            ],
            [
              -38.519359,
              -3.822374
            ],
            [
              -38.519675,
              -3.822364
            ],
            [
              -38.519893,
              -3.822362
            ],
            [
              -38.519891,
              -3.822285
            ],
            [
              -38.519998,
              -3.822261
            ],
            [
              -38.520061,
              -3.822555
            ],
            [
              -38.520208,
              -3.82256
            ],
            [
              -38.520289,
              -3.822645
            ],
            [
              -38.520316,
              -3.822987
            ],
            [
              -38.520333,
              -3.823422
            ],
            [
              -38.520342,
              -3.823833
            ],
            [
              -38.518468,
              -3.823892
            ],
            [
              -38.518448,
              -3.823086
            ],
            [
              -38.518427,
              -3.822988
            ],
            [
              -38.518336,
              -3.822918
            ],
            [
              -38.518468,
              -3.822771
            ],
            [
              -38.518558,
              -3.822675
            ],
            [
              -38.518601,
              -3.822607
            ],
            [
              -38.518682,
              -3.822473
            ],
            [
              -38.518701,
              -3.822498
            ],
            [
              -38.518798,
              -3.822412
            ]
          ]
        ],
        "type": "Polygon"
      },
      "properties": {
        "bairro": "BARROSO",
        "faction": "CV",
        "generated_at": "2026-05-23T09:29:11.219119",
        "geometry_type": "Polygon",
        "is_centroid": false,
        "is_tactical": true,
        "local_street_pressure": 13.303,
        "municipality": "João Paulo ll",
        "name": "Mr2 - João Paulo ll",
        "nearby_streets": [
          "MR2 - JOÃO PAULO LL",
          "CP - JOÃO PAULO LL",
          "JOÃO PAULO LL"
        ],
        "nearby_streets_count": 38,
        "node_id": 61,
        "parent_area": "BARROSO",
        "parent_risk_level": "alto",
        "parent_risk_score": 56.2,
        "parent_status": "ALTO",
        "peak_hours": "Entre 17hs e 22hs",
        "rank": 61,
        "region": "fortaleza",
        "risk_score": 53.501,
        "score": 53.501,
        "source_geometry_type": "Polygon"
      },
      "type": "Feature"
    },
    {
      "geometry": {
        "coordinates": [
          [
            [
              -38.526205,
              -3.828239
            ],
            [
              -38.526736,
              -3.828811
            ],
            [
              -38.527031,
              -3.829207
            ],
            [
              -38.527026,
              -3.82933
            ],
            [
              -38.526844,
              -3.829357
            ],
            [
              -38.525068,
              -3.829149
            ],
            [
              -38.525079,
              -3.828844
            ],
            [
              -38.524966,
              -3.828833
            ],
            [
              -38.524982,
              -3.828501
            ],
            [
              -38.524741,
              -3.828463
            ],
            [
              -38.524537,
              -3.828455
            ],
            [
              -38.524537,
              -3.828367
            ],
            [
              -38.524328,
              -3.828324
            ],
            [
              -38.524186,
              -3.828295
            ],
            [
              -38.524199,
              -3.828265
            ],
            [
              -38.523985,
              -3.82824
            ],
            [
              -38.523736,
              -3.828216
            ],
            [
              -38.523513,
              -3.828202
            ],
            [
              -38.523325,
              -3.828159
            ],
            [
              -38.523419,
              -3.827565
            ],
            [
              -38.523682,
              -3.827544
            ],
            [
              -38.523717,
              -3.827514
            ],
            [
              -38.523803,
              -3.827509
            ],
            [
              -38.524261,
              -3.827498
            ],
            [
              -38.52428,
              -3.8276
            ],
            [
              -38.524406,
              -3.827581
            ],
            [
              -38.52442,
              -3.827498
            ],
            [
              -38.524492,
              -3.827482
            ],
            [
              -38.524495,
              -3.827578
            ],
            [
              -38.524597,
              -3.827581
            ],
            [
              -38.524599,
              -3.82737
            ],
            [
              -38.524626,
              -3.827271
            ],
            [
              -38.524733,
              -3.827273
            ],
            [
              -38.524742,
              -3.827172
            ],
            [
              -38.52501,
              -3.827343
            ],
            [
              -38.52533,
              -3.827581
            ],
            [
              -38.525467,
              -3.827723
            ],
            [
              -38.525523,
              -3.827699
            ],
            [
              -38.525716,
              -3.827857
            ],
            [
              -38.525754,
              -3.82794
            ],
            [
              -38.52585,
              -3.828012
            ],
            [
              -38.525993,
              -3.828079
            ],
            [
              -38.526205,
              -3.828239
            ]
          ]
        ],
        "type": "Polygon"
      },
      "properties": {
        "bairro": "BARROSO",
        "faction": "CV",
        "generated_at": "2026-05-23T09:29:11.219119",
        "geometry_type": "Polygon",
        "is_centroid": false,
        "is_tactical": true,
        "local_street_pressure": 13.233,
        "municipality": "Fortaleza",
        "name": "Comunidade do Posto",
        "nearby_streets": [
          "COMUNIDADE DO POSTO",
          "RUA MARIA ELISANGELA",
          "COMUNIDADE DO CANAL - SÃO CRISTÓVÃO"
        ],
        "nearby_streets_count": 49,
        "node_id": 62,
        "parent_area": "BARROSO",
        "parent_risk_level": "alto",
        "parent_risk_score": 56.2,
        "parent_status": "ALTO",
        "peak_hours": "Entre 17hs e 22hs",
        "rank": 62,
        "region": "fortaleza",
        "risk_score": 53.496,
        "score": 53.496,
        "source_geometry_type": "Polygon"
      },
      "type": "Feature"
    },
    {
      "geometry": {
        "coordinates": [
          [
            [
              -38.583762,
              -3.695259
            ],
            [
              -38.583768,
              -3.695869
            ],
            [
              -38.583408,
              -3.695892
            ],
            [
              -38.583038,
              -3.695958
            ],
            [
              -38.582019,
              -3.696126
            ],
            [
              -38.581488,
              -3.696239
            ],
            [
              -38.581378,
              -3.696279
            ],
            [
              -38.581161,
              -3.696459
            ],
            [
              -38.58062,
              -3.696692
            ],
            [
              -38.580298,
              -3.69576
            ],
            [
              -38.581756,
              -3.695323
            ],
            [
              -38.582244,
              -3.695248
            ],
            [
              -38.582716,
              -3.695227
            ],
            [
              -38.583381,
              -3.695222
            ],
            [
              -38.583762,
              -3.695259
            ]
          ]
        ],
        "type": "Polygon"
      },
      "properties": {
        "bairro": "BARRA DO CEARÁ",
        "faction": "CV",
        "generated_at": "2026-05-23T09:29:11.219119",
        "geometry_type": "Polygon",
        "is_centroid": false,
        "is_tactical": true,
        "local_street_pressure": 15.848,
        "municipality": "Fortaleza",
        "name": "Comunidade São Pedro",
        "nearby_streets": [
          "COMUNIDADE SÃO PEDRO",
          "COMUNIDADE SÃO ANTONIO",
          "COMUNIDADE DO POLO DA BARRA"
        ],
        "nearby_streets_count": 48,
        "node_id": 63,
        "parent_area": "BARRA DO CEARÁ",
        "parent_risk_level": "alto",
        "parent_risk_score": 53.6,
        "parent_status": "ALTO",
        "peak_hours": "Entre 16hs e 21hs",
        "rank": 63,
        "region": "fortaleza",
        "risk_score": 53.47,
        "score": 53.47,
        "source_geometry_type": "Polygon"
      },
      "type": "Feature"
    },
    {
      "geometry": {
        "coordinates": [
          [
            [
              -38.585426,
              -3.699341
            ],
            [
              -38.586184,
              -3.698877
            ],
            [
              -38.586925,
              -3.698279
            ],
            [
              -38.587176,
              -3.69903
            ],
            [
              -38.587373,
              -3.699367
            ],
            [
              -38.587398,
              -3.699438
            ],
            [
              -38.5874,
              -3.69951
            ],
            [
              -38.58745,
              -3.699562
            ],
            [
              -38.587619,
              -3.699623
            ],
            [
              -38.587701,
              -3.699724
            ],
            [
              -38.587778,
              -3.699825
            ],
            [
              -38.587051,
              -3.700175
            ],
            [
              -38.586898,
              -3.700139
            ],
            [
              -38.586776,
              -3.700033
            ],
            [
              -38.586728,
              -3.699916
            ],
            [
              -38.586616,
              -3.699831
            ],
            [
              -38.586556,
              -3.699963
            ],
            [
              -38.586575,
              -3.700084
            ],
            [
              -38.586614,
              -3.700215
            ],
            [
              -38.586591,
              -3.700342
            ],
            [
              -38.586127,
              -3.700614
            ],
            [
              -38.585426,
              -3.699341
            ]
          ]
        ],
        "type": "Polygon"
      },
      "properties": {
        "bairro": "BARRA DO CEARÁ",
        "faction": "CV",
        "generated_at": "2026-05-23T09:29:11.219119",
        "geometry_type": "Polygon",
        "is_centroid": false,
        "is_tactical": true,
        "local_street_pressure": 15.792,
        "municipality": "Fortaleza",
        "name": "Comunidade Do Pombal",
        "nearby_streets": [
          "COMUNIDADE DO POMBAL",
          "MORRO DO SANTIAGO",
          "RUA SANTIAGO DA BARRA DO CEARÁ"
        ],
        "nearby_streets_count": 50,
        "node_id": 64,
        "parent_area": "BARRA DO CEARÁ",
        "parent_risk_level": "alto",
        "parent_risk_score": 53.6,
        "parent_status": "ALTO",
        "peak_hours": "Entre 16hs e 21hs",
        "rank": 64,
        "region": "fortaleza",
        "risk_score": 53.423,
        "score": 53.423,
        "source_geometry_type": "Polygon"
      },
      "type": "Feature"
    },
    {
      "geometry": {
        "coordinates": [
          [
            [
              -38.514525,
              -3.824022
            ],
            [
              -38.516078,
              -3.823219
            ],
            [
              -38.515865,
              -3.822804
            ],
            [
              -38.51625,
              -3.822561
            ],
            [
              -38.516234,
              -3.822512
            ],
            [
              -38.516459,
              -3.82242
            ],
            [
              -38.516456,
              -3.82239
            ],
            [
              -38.516526,
              -3.822358
            ],
            [
              -38.516545,
              -3.822391
            ],
            [
              -38.516698,
              -3.822332
            ],
            [
              -38.516754,
              -3.822324
            ],
            [
              -38.51683,
              -3.822306
            ],
            [
              -38.516838,
              -3.822326
            ],
            [
              -38.516892,
              -3.822309
            ],
            [
              -38.51689,
              -3.822297
            ],
            [
              -38.517087,
              -3.822219
            ],
            [
              -38.517402,
              -3.822125
            ],
            [
              -38.517428,
              -3.822209
            ],
            [
              -38.517462,
              -3.822237
            ],
            [
              -38.517499,
              -3.822214
            ],
            [
              -38.517559,
              -3.822181
            ],
            [
              -38.517516,
              -3.822102
            ],
            [
              -38.517603,
              -3.822065
            ],
            [
              -38.517631,
              -3.822096
            ],
            [
              -38.517674,
              -3.822082
            ],
            [
              -38.51827,
              -3.822789
            ],
            [
              -38.518374,
              -3.822854
            ],
            [
              -38.518336,
              -3.822918
            ],
            [
              -38.518389,
              -3.822974
            ],
            [
              -38.518371,
              -3.823394
            ],
            [
              -38.518384,
              -3.823878
            ],
            [
              -38.518046,
              -3.82398
            ],
            [
              -38.517696,
              -3.824134
            ],
            [
              -38.516936,
              -3.82452
            ],
            [
              -38.517273,
              -3.825251
            ],
            [
              -38.517521,
              -3.825559
            ],
            [
              -38.517662,
              -3.82561
            ],
            [
              -38.517804,
              -3.825741
            ],
            [
              -38.517783,
              -3.825792
            ],
            [
              -38.517802,
              -3.825817
            ],
            [
              -38.517777,
              -3.825852
            ],
            [
              -38.517879,
              -3.825925
            ],
            [
              -38.517824,
              -3.825998
            ],
            [
              -38.517711,
              -3.825902
            ],
            [
              -38.517645,
              -3.82601
            ],
            [
              -38.517665,
              -3.82613
            ],
            [
              -38.517801,
              -3.826208
            ],
            [
              -38.517804,
              -3.826334
            ],
            [
              -38.517961,
              -3.826382
            ],
            [
              -38.517964,
              -3.826573
            ],
            [
              -38.517068,
              -3.826613
            ],
            [
              -38.515856,
              -3.826643
            ],
            [
              -38.514525,
              -3.824022
            ]
          ]
        ],
        "type": "Polygon"
      },
      "properties": {
        "bairro": "BARROSO",
        "faction": "CV",
        "generated_at": "2026-05-23T09:29:11.219119",
        "geometry_type": "Polygon",
        "is_centroid": false,
        "is_tactical": true,
        "local_street_pressure": 12.632,
        "municipality": "João Paulo ll",
        "name": "Borel - João Paulo ll",
        "nearby_streets": [
          "BOREL - JOÃO PAULO LL",
          "CP - JOÃO PAULO LL",
          "MR2 - JOÃO PAULO LL"
        ],
        "nearby_streets_count": 35,
        "node_id": 65,
        "parent_area": "BARROSO",
        "parent_risk_level": "alto",
        "parent_risk_score": 56.2,
        "parent_status": "ALTO",
        "peak_hours": "Entre 17hs e 22hs",
        "rank": 65,
        "region": "fortaleza",
        "risk_score": 53.395,
        "score": 53.395,
        "source_geometry_type": "Polygon"
      },
      "type": "Feature"
    },
    {
      "geometry": {
        "coordinates": [
          [
            [
              -38.566653,
              -3.705855
            ],
            [
              -38.56717,
              -3.705524
            ],
            [
              -38.567402,
              -3.705317
            ],
            [
              -38.567777,
              -3.705304
            ],
            [
              -38.567735,
              -3.705082
            ],
            [
              -38.568076,
              -3.704302
            ],
            [
              -38.568351,
              -3.704339
            ],
            [
              -38.56912,
              -3.704388
            ],
            [
              -38.568992,
              -3.70631
            ],
            [
              -38.568677,
              -3.706335
            ],
            [
              -38.567015,
              -3.706858
            ],
            [
              -38.566653,
              -3.705855
            ]
          ]
        ],
        "type": "Polygon"
      },
      "properties": {
        "bairro": "CRISTO REDENTOR",
        "faction": "CV",
        "generated_at": "2026-05-23T09:29:11.219119",
        "geometry_type": "Polygon",
        "is_centroid": false,
        "is_tactical": true,
        "local_street_pressure": 15.603,
        "municipality": "(Complexo Da Barra Do Ceará)",
        "name": "Cristo Redentor Colônia - (Complexo Da Barra Do Ceará)",
        "nearby_streets": [
          "CRISTO REDENTOR COLÔNIA - (COMPLEXO DA BARRA DO CEARÁ)",
          "JAMBALAIA / MORRO DO FALCÃO",
          "LAJE DA COLÔNIA"
        ],
        "nearby_streets_count": 48,
        "node_id": 66,
        "parent_area": "CRISTO REDENTOR",
        "parent_risk_level": "alto",
        "parent_risk_score": 53.6,
        "parent_status": "ALTO",
        "rank": 66,
        "region": "fortaleza",
        "risk_score": 53.346,
        "score": 53.346,
        "source_geometry_type": "Polygon"
      },
      "type": "Feature"
    },
    {
      "geometry": {
        "coordinates": [
          [
            [
              -38.517738,
              -3.825414
            ],
            [
              -38.517484,
              -3.825053
            ],
            [
              -38.517159,
              -3.824556
            ],
            [
              -38.517188,
              -3.824475
            ],
            [
              -38.517876,
              -3.824121
            ],
            [
              -38.518054,
              -3.824101
            ],
            [
              -38.518456,
              -3.824094
            ],
            [
              -38.518484,
              -3.823969
            ],
            [
              -38.520155,
              -3.823926
            ],
            [
              -38.520219,
              -3.825588
            ],
            [
              -38.520018,
              -3.825594
            ],
            [
              -38.519823,
              -3.825344
            ],
            [
              -38.51966,
              -3.8252
            ],
            [
              -38.519512,
              -3.825095
            ],
            [
              -38.519363,
              -3.825
            ],
            [
              -38.519143,
              -3.825353
            ],
            [
              -38.518958,
              -3.825294
            ],
            [
              -38.518779,
              -3.825257
            ],
            [
              -38.518516,
              -3.825208
            ],
            [
              -38.518364,
              -3.825187
            ],
            [
              -38.518231,
              -3.825193
            ],
            [
              -38.518146,
              -3.825219
            ],
            [
              -38.518146,
              -3.825251
            ],
            [
              -38.518012,
              -3.825311
            ],
            [
              -38.518016,
              -3.825493
            ],
            [
              -38.518022,
              -3.825618
            ],
            [
              -38.517978,
              -3.825629
            ],
            [
              -38.517971,
              -3.825601
            ],
            [
              -38.517919,
              -3.825616
            ],
            [
              -38.517926,
              -3.825676
            ],
            [
              -38.517907,
              -3.825682
            ],
            [
              -38.51792,
              -3.825714
            ],
            [
              -38.51787,
              -3.825744
            ],
            [
              -38.517829,
              -3.825678
            ],
            [
              -38.517797,
              -3.825693
            ],
            [
              -38.517694,
              -3.825561
            ],
            [
              -38.517738,
              -3.825414
            ]
          ]
        ],
        "type": "Polygon"
      },
      "properties": {
        "bairro": "BARROSO",
        "faction": "CV",
        "generated_at": "2026-05-23T09:29:11.219119",
        "geometry_type": "Polygon",
        "is_centroid": false,
        "is_tactical": true,
        "local_street_pressure": 12.992,
        "municipality": "João Paulo ll",
        "name": "CP - João Paulo ll",
        "nearby_streets": [
          "CP - JOÃO PAULO LL",
          "JOÃO PAULO LL",
          "FRAUDES - JOÃO PAULO LL"
        ],
        "nearby_streets_count": 36,
        "node_id": 67,
        "parent_area": "BARROSO",
        "parent_risk_level": "alto",
        "parent_risk_score": 56.2,
        "parent_status": "ALTO",
        "peak_hours": "Entre 17hs e 22hs",
        "rank": 67,
        "region": "fortaleza",
        "risk_score": 53.322,
        "score": 53.322,
        "source_geometry_type": "Polygon"
      },
      "type": "Feature"
    },
    {
      "geometry": {
        "coordinates": [
          [
            [
              -38.521246,
              -3.820607
            ],
            [
              -38.522852,
              -3.820197
            ],
            [
              -38.523393,
              -3.821791
            ],
            [
              -38.523374,
              -3.82185
            ],
            [
              -38.523441,
              -3.822025
            ],
            [
              -38.521708,
              -3.82277
            ],
            [
              -38.521541,
              -3.822755
            ],
            [
              -38.521341,
              -3.822668
            ],
            [
              -38.521314,
              -3.822543
            ],
            [
              -38.521246,
              -3.820607
            ]
          ]
        ],
        "type": "Polygon"
      },
      "properties": {
        "bairro": "BARROSO",
        "faction": "CV",
        "generated_at": "2026-05-23T09:29:11.219119",
        "geometry_type": "Polygon",
        "is_centroid": false,
        "is_tactical": true,
        "local_street_pressure": 12.771,
        "municipality": "Barroso ll",
        "name": "Favela de Baixo - Barroso ll",
        "nearby_streets": [
          "FAVELA DE BAIXO - BARROSO LL",
          "MR2 - JOÃO PAULO LL",
          "JOÃO PAULO LL"
        ],
        "nearby_streets_count": 40,
        "node_id": 68,
        "parent_area": "BARROSO",
        "parent_risk_level": "alto",
        "parent_risk_score": 56.2,
        "parent_status": "ALTO",
        "peak_hours": "Entre 17hs e 22hs",
        "rank": 68,
        "region": "fortaleza",
        "risk_score": 53.184,
        "score": 53.184,
        "source_geometry_type": "Polygon"
      },
      "type": "Feature"
    },
    {
      "geometry": {
        "coordinates": [
          [
            [
              -38.5218,
              -3.817115
            ],
            [
              -38.522248,
              -3.81885
            ],
            [
              -38.522219,
              -3.818873
            ],
            [
              -38.522218,
              -3.818906
            ],
            [
              -38.52189,
              -3.818986
            ],
            [
              -38.521811,
              -3.81869
            ],
            [
              -38.521422,
              -3.817366
            ],
            [
              -38.521422,
              -3.817222
            ],
            [
              -38.5218,
              -3.817115
            ]
          ]
        ],
        "type": "Polygon"
      },
      "properties": {
        "bairro": "BARROSO",
        "faction": "CV",
        "generated_at": "2026-05-23T09:29:11.219119",
        "geometry_type": "Polygon",
        "is_centroid": false,
        "is_tactical": true,
        "local_street_pressure": 12.94,
        "municipality": "Barroso ll",
        "name": "As Travessas - Barroso ll",
        "nearby_streets": [
          "AS TRAVESSAS - BARROSO LL",
          "BARROSO LL",
          "RUA SÃO CIPRIANO"
        ],
        "nearby_streets_count": 40,
        "node_id": 69,
        "parent_area": "BARROSO",
        "parent_risk_level": "alto",
        "parent_risk_score": 56.2,
        "parent_status": "ALTO",
        "peak_hours": "Entre 17hs e 22hs",
        "rank": 69,
        "region": "fortaleza",
        "risk_score": 53.144,
        "score": 53.144,
        "source_geometry_type": "Polygon"
      },
      "type": "Feature"
    },
    {
      "geometry": {
        "coordinates": [
          [
            [
              -38.512665,
              -3.832008
            ],
            [
              -38.512566,
              -3.83206
            ],
            [
              -38.511174,
              -3.82951
            ],
            [
              -38.511306,
              -3.82945
            ],
            [
              -38.511914,
              -3.830548
            ],
            [
              -38.512638,
              -3.830179
            ],
            [
              -38.513177,
              -3.83118
            ],
            [
              -38.512436,
              -3.831584
            ],
            [
              -38.512665,
              -3.832008
            ]
          ]
        ],
        "type": "Polygon"
      },
      "properties": {
        "bairro": "BARROSO",
        "faction": "CV",
        "generated_at": "2026-05-23T09:29:11.219119",
        "geometry_type": "Polygon",
        "is_centroid": false,
        "is_tactical": true,
        "local_street_pressure": 12.682,
        "municipality": "Fortaleza",
        "name": "Invasão",
        "nearby_streets": [
          "INVASÃO",
          "COMUNIDADE DO TORINO",
          "POEIRAL"
        ],
        "nearby_streets_count": 51,
        "node_id": 70,
        "parent_area": "BARROSO",
        "parent_risk_level": "alto",
        "parent_risk_score": 56.2,
        "parent_status": "ALTO",
        "peak_hours": "Entre 17hs e 22hs",
        "rank": 70,
        "region": "fortaleza",
        "risk_score": 52.988,
        "score": 52.988,
        "source_geometry_type": "Polygon"
      },
      "type": "Feature"
    },
    {
      "geometry": {
        "coordinates": [
          [
            [
              -38.516972,
              -3.810844
            ],
            [
              -38.517192,
              -3.811653
            ],
            [
              -38.516827,
              -3.811792
            ],
            [
              -38.516593,
              -3.811866
            ],
            [
              -38.516834,
              -3.812663
            ],
            [
              -38.517406,
              -3.812441
            ],
            [
              -38.517798,
              -3.813921
            ],
            [
              -38.51867,
              -3.81371
            ],
            [
              -38.518916,
              -3.814663
            ],
            [
              -38.518353,
              -3.81478
            ],
            [
              -38.518246,
              -3.814577
            ],
            [
              -38.517962,
              -3.814411
            ],
            [
              -38.517608,
              -3.814149
            ],
            [
              -38.517404,
              -3.81394
            ],
            [
              -38.517194,
              -3.813935
            ],
            [
              -38.517237,
              -3.814036
            ],
            [
              -38.517076,
              -3.814063
            ],
            [
              -38.516808,
              -3.813089
            ],
            [
              -38.516706,
              -3.81311
            ],
            [
              -38.516502,
              -3.812982
            ],
            [
              -38.516202,
              -3.812864
            ],
            [
              -38.516014,
              -3.812698
            ],
            [
              -38.51587,
              -3.812286
            ],
            [
              -38.515934,
              -3.812109
            ],
            [
              -38.515827,
              -3.811681
            ],
            [
              -38.515499,
              -3.811713
            ],
            [
              -38.515376,
              -3.811248
            ],
            [
              -38.516972,
              -3.810844
            ]
          ]
        ],
        "type": "Polygon"
      },
      "properties": {
        "bairro": "BARROSO",
        "faction": "CV",
        "generated_at": "2026-05-23T09:29:11.219119",
        "geometry_type": "Polygon",
        "is_centroid": false,
        "is_tactical": true,
        "local_street_pressure": 12.427,
        "municipality": "Fortaleza",
        "name": "Campo do Sobral",
        "nearby_streets": [
          "CAMPO DO SOBRAL",
          "VILA SOCIETY",
          "CONJUNTO NOVA ASSUNÇÃO"
        ],
        "nearby_streets_count": 50,
        "node_id": 71,
        "parent_area": "BARROSO",
        "parent_risk_level": "alto",
        "parent_risk_score": 56.2,
        "parent_status": "ALTO",
        "peak_hours": "Entre 17hs e 22hs",
        "rank": 71,
        "region": "fortaleza",
        "risk_score": 52.936,
        "score": 52.936,
        "source_geometry_type": "Polygon"
      },
      "type": "Feature"
    },
    {
      "geometry": {
        "coordinates": [
          [
            [
              -38.518659,
              -3.828479
            ],
            [
              -38.518284,
              -3.830272
            ],
            [
              -38.518042,
              -3.830256
            ],
            [
              -38.517581,
              -3.830438
            ],
            [
              -38.517495,
              -3.830192
            ],
            [
              -38.51807,
              -3.829449
            ],
            [
              -38.518129,
              -3.829258
            ],
            [
              -38.517856,
              -3.829186
            ],
            [
              -38.517705,
              -3.829082
            ],
            [
              -38.51749,
              -3.828966
            ],
            [
              -38.517307,
              -3.829308
            ],
            [
              -38.517092,
              -3.829607
            ],
            [
              -38.517003,
              -3.829636
            ],
            [
              -38.517062,
              -3.829909
            ],
            [
              -38.51716,
              -3.830059
            ],
            [
              -38.51709,
              -3.830627
            ],
            [
              -38.517018,
              -3.830626
            ],
            [
              -38.516189,
              -3.83022
            ],
            [
              -38.516065,
              -3.830172
            ],
            [
              -38.515813,
              -3.830049
            ],
            [
              -38.515727,
              -3.829958
            ],
            [
              -38.514777,
              -3.828368
            ],
            [
              -38.514675,
              -3.828148
            ],
            [
              -38.514901,
              -3.828111
            ],
            [
              -38.515298,
              -3.828175
            ],
            [
              -38.515566,
              -3.828159
            ],
            [
              -38.516114,
              -3.82824
            ],
            [
              -38.51665,
              -3.828256
            ],
            [
              -38.517441,
              -3.828268
            ],
            [
              -38.517583,
              -3.828288
            ],
            [
              -38.517916,
              -3.82833
            ],
            [
              -38.518659,
              -3.828479
            ]
          ]
        ],
        "type": "Polygon"
      },
      "properties": {
        "bairro": "BARROSO",
        "faction": "CV",
        "generated_at": "2026-05-23T09:29:11.219119",
        "geometry_type": "Polygon",
        "is_centroid": false,
        "is_tactical": true,
        "local_street_pressure": 12.241,
        "municipality": "CAMPO DO ESTRELA",
        "name": "COMUNIDADE DO ÓLEO - CAMPO DO ESTRELA",
        "nearby_streets": [
          "COMUNIDADE DO ÓLEO - CAMPO DO ESTRELA",
          "FRAUDES - JOÃO PAULO LL",
          "COMUNIDADE DO TORINO"
        ],
        "nearby_streets_count": 35,
        "node_id": 72,
        "parent_area": "BARROSO",
        "parent_risk_level": "alto",
        "parent_risk_score": 56.2,
        "parent_status": "ALTO",
        "peak_hours": "Entre 17hs e 22hs",
        "rank": 72,
        "region": "fortaleza",
        "risk_score": 52.885,
        "score": 52.885,
        "source_geometry_type": "Polygon"
      },
      "type": "Feature"
    },
    {
      "geometry": {
        "coordinates": [
          [
            [
              -38.509547,
              -3.824414
            ],
            [
              -38.50959,
              -3.824405
            ],
            [
              -38.509515,
              -3.824159
            ],
            [
              -38.509837,
              -3.8241
            ],
            [
              -38.512372,
              -3.823806
            ],
            [
              -38.512416,
              -3.824177
            ],
            [
              -38.512516,
              -3.82412
            ],
            [
              -38.512673,
              -3.82407
            ],
            [
              -38.512844,
              -3.824024
            ],
            [
              -38.513232,
              -3.823744
            ],
            [
              -38.513406,
              -3.82365
            ],
            [
              -38.513494,
              -3.823791
            ],
            [
              -38.513544,
              -3.823768
            ],
            [
              -38.513689,
              -3.823942
            ],
            [
              -38.513433,
              -3.824135
            ],
            [
              -38.513558,
              -3.82439
            ],
            [
              -38.51206,
              -3.825102
            ],
            [
              -38.511952,
              -3.825004
            ],
            [
              -38.510225,
              -3.826108
            ],
            [
              -38.509874,
              -3.825216
            ],
            [
              -38.509547,
              -3.824414
            ]
          ]
        ],
        "type": "Polygon"
      },
      "properties": {
        "bairro": "BARROSO",
        "faction": "CV",
        "generated_at": "2026-05-23T09:29:11.219119",
        "geometry_type": "Polygon",
        "is_centroid": false,
        "is_tactical": true,
        "local_street_pressure": 12.238,
        "municipality": "Barroso l",
        "name": "Comunidade Do Sem Terra - Barroso l",
        "nearby_streets": [
          "COMUNIDADE DO SEM TERRA - BARROSO L",
          "SÍTIO ESTRELA",
          "BARROSO"
        ],
        "nearby_streets_count": 35,
        "node_id": 73,
        "parent_area": "BARROSO",
        "parent_risk_level": "alto",
        "parent_risk_score": 56.2,
        "parent_status": "ALTO",
        "peak_hours": "Entre 17hs e 22hs",
        "rank": 73,
        "region": "fortaleza",
        "risk_score": 52.843,
        "score": 52.843,
        "source_geometry_type": "Polygon"
      },
      "type": "Feature"
    },
    {
      "geometry": {
        "coordinates": [
          [
            [
              -38.514319,
              -3.812262
            ],
            [
              -38.513947,
              -3.813318
            ],
            [
              -38.513136,
              -3.813535
            ],
            [
              -38.513093,
              -3.81295
            ],
            [
              -38.512033,
              -3.813152
            ],
            [
              -38.512219,
              -3.812
            ],
            [
              -38.513239,
              -3.812097
            ],
            [
              -38.513542,
              -3.812576
            ],
            [
              -38.514319,
              -3.812262
            ]
          ]
        ],
        "type": "Polygon"
      },
      "properties": {
        "bairro": "BARROSO",
        "faction": "CV",
        "generated_at": "2026-05-23T09:29:11.219119",
        "geometry_type": "Polygon",
        "is_centroid": false,
        "is_tactical": true,
        "local_street_pressure": 12.245,
        "municipality": "Fortaleza",
        "name": "Vila Society",
        "nearby_streets": [
          "VILA SOCIETY",
          "CAMPO DO SOBRAL",
          "AVENIDA GEÓGRAFO ANTÔNIO RIBEIRO ZARANZA"
        ],
        "nearby_streets_count": 47,
        "node_id": 74,
        "parent_area": "BARROSO",
        "parent_risk_level": "alto",
        "parent_risk_score": 56.2,
        "parent_status": "ALTO",
        "peak_hours": "Entre 17hs e 22hs",
        "rank": 74,
        "region": "fortaleza",
        "risk_score": 52.706,
        "score": 52.706,
        "source_geometry_type": "Polygon"
      },
      "type": "Feature"
    },
    {
      "geometry": {
        "coordinates": [
          [
            [
              -38.586415,
              -3.696668
            ],
            [
              -38.586308,
              -3.696705
            ],
            [
              -38.586281,
              -3.696563
            ],
            [
              -38.586182,
              -3.696593
            ],
            [
              -38.586133,
              -3.696379
            ],
            [
              -38.58594,
              -3.696405
            ],
            [
              -38.58587,
              -3.69632
            ],
            [
              -38.585865,
              -3.696199
            ],
            [
              -38.585828,
              -3.696108
            ],
            [
              -38.585905,
              -3.696092
            ],
            [
              -38.585897,
              -3.696044
            ],
            [
              -38.585841,
              -3.696047
            ],
            [
              -38.585828,
              -3.695929
            ],
            [
              -38.585844,
              -3.695859
            ],
            [
              -38.585828,
              -3.69576
            ],
            [
              -38.585744,
              -3.69575
            ],
            [
              -38.585616,
              -3.69575
            ],
            [
              -38.585508,
              -3.695766
            ],
            [
              -38.585433,
              -3.695782
            ],
            [
              -38.58542,
              -3.695878
            ],
            [
              -38.585406,
              -3.695934
            ],
            [
              -38.585256,
              -3.69594
            ],
            [
              -38.585262,
              -3.695894
            ],
            [
              -38.585189,
              -3.695881
            ],
            [
              -38.585071,
              -3.6959
            ],
            [
              -38.584969,
              -3.6959
            ],
            [
              -38.584972,
              -3.69595
            ],
            [
              -38.584824,
              -3.69595
            ],
            [
              -38.584814,
              -3.696012
            ],
            [
              -38.584808,
              -3.696074
            ],
            [
              -38.585133,
              -3.696044
            ],
            [
              -38.58523,
              -3.696052
            ],
            [
              -38.585211,
              -3.696111
            ],
            [
              -38.585122,
              -3.696124
            ],
            [
              -38.585125,
              -3.696194
            ],
            [
              -38.585103,
              -3.696207
            ],
            [
              -38.585087,
              -3.696317
            ],
            [
              -38.585012,
              -3.696341
            ],
            [
              -38.584937,
              -3.696346
            ],
            [
              -38.584937,
              -3.696234
            ],
            [
              -38.584862,
              -3.696231
            ],
            [
              -38.584865,
              -3.696317
            ],
            [
              -38.584752,
              -3.696328
            ],
            [
              -38.584639,
              -3.696336
            ],
            [
              -38.584604,
              -3.696389
            ],
            [
              -38.584546,
              -3.696395
            ],
            [
              -38.584543,
              -3.696526
            ],
            [
              -38.584602,
              -3.696528
            ],
            [
              -38.584586,
              -3.696577
            ],
            [
              -38.584548,
              -3.69659
            ],
            [
              -38.584417,
              -3.696609
            ],
            [
              -38.584422,
              -3.6967
            ],
            [
              -38.584575,
              -3.696702
            ],
            [
              -38.584575,
              -3.696794
            ],
            [
              -38.584484,
              -3.69681
            ],
            [
              -38.584481,
              -3.696858
            ],
            [
              -38.584446,
              -3.696866
            ],
            [
              -38.584444,
              -3.696909
            ],
            [
              -38.5845,
              -3.696901
            ],
            [
              -38.584505,
              -3.696941
            ],
            [
              -38.58458,
              -3.696962
            ],
            [
              -38.584642,
              -3.69697
            ],
            [
              -38.584669,
              -3.696919
            ],
            [
              -38.584736,
              -3.696935
            ],
            [
              -38.584731,
              -3.697166
            ],
            [
              -38.584575,
              -3.697123
            ],
            [
              -38.584473,
              -3.69708
            ],
            [
              -38.584481,
              -3.697198
            ],
            [
              -38.584409,
              -3.697224
            ],
            [
              -38.584393,
              -3.697259
            ],
            [
              -38.58435,
              -3.697265
            ],
            [
              -38.584304,
              -3.697109
            ],
            [
              -38.584363,
              -3.697088
            ],
            [
              -38.584336,
              -3.696976
            ],
            [
              -38.584299,
              -3.696917
            ],
            [
              -38.58428,
              -3.696815
            ],
            [
              -38.584173,
              -3.696815
            ],
            [
              -38.584073,
              -3.696807
            ],
            [
              -38.584025,
              -3.696818
            ],
            [
              -38.584024,
              -3.696931
            ],
            [
              -38.583639,
              -3.696937
            ],
            [
              -38.583671,
              -3.696795
            ],
            [
              -38.583684,
              -3.69664
            ],
            [
              -38.583784,
              -3.696467
            ],
            [
              -38.583856,
              -3.696372
            ],
            [
              -38.583851,
              -3.695891
            ],
            [
              -38.58413,
              -3.695878
            ],
            [
              -38.584425,
              -3.695284
            ],
            [
              -38.58458,
              -3.695177
            ],
            [
              -38.586313,
              -3.695273
            ],
            [
              -38.586367,
              -3.695291
            ],
            [
              -38.586318,
              -3.69588
            ],
            [
              -38.586302,
              -3.696084
            ],
            [
              -38.586319,
              -3.696307
            ],
            [
              -38.58637,
              -3.696497
            ],
            [
              -38.586415,
              -3.696668
            ]
          ]
        ],
        "type": "Polygon"
      },
      "properties": {
        "bairro": "BARRA DO CEARÁ",
        "faction": "CV",
        "generated_at": "2026-05-23T09:29:11.219119",
        "geometry_type": "Polygon",
        "is_centroid": false,
        "is_tactical": true,
        "local_street_pressure": 14.722,
        "municipality": "Fortaleza",
        "name": "Comunidade do Polo da Barra",
        "nearby_streets": [
          "COMUNIDADE DO POLO DA BARRA",
          "RUA SANTIAGO DA BARRA DO CEARÁ",
          "MORRO DO SANTIAGO"
        ],
        "nearby_streets_count": 45,
        "node_id": 75,
        "parent_area": "BARRA DO CEARÁ",
        "parent_risk_level": "alto",
        "parent_risk_score": 53.6,
        "parent_status": "ALTO",
        "peak_hours": "Entre 16hs e 21hs",
        "rank": 75,
        "region": "fortaleza",
        "risk_score": 52.652,
        "score": 52.652,
        "source_geometry_type": "Polygon"
      },
      "type": "Feature"
    },
    {
      "geometry": {
        "coordinates": [
          [
            [
              -38.509111,
              -3.828078
            ],
            [
              -38.509157,
              -3.828295
            ],
            [
              -38.509183,
              -3.828407
            ],
            [
              -38.508921,
              -3.828484
            ],
            [
              -38.508771,
              -3.828812
            ],
            [
              -38.508703,
              -3.828806
            ],
            [
              -38.508571,
              -3.828214
            ],
            [
              -38.50884,
              -3.828146
            ],
            [
              -38.509023,
              -3.828109
            ],
            [
              -38.509111,
              -3.828078
            ]
          ]
        ],
        "type": "Polygon"
      },
      "properties": {
        "bairro": "BARROSO",
        "faction": "CV",
        "generated_at": "2026-05-23T09:29:11.219119",
        "geometry_type": "Polygon",
        "is_centroid": false,
        "is_tactical": true,
        "local_street_pressure": 12.292,
        "municipality": "Fortaleza",
        "name": "Favelinha - Barroso",
        "nearby_streets": [
          "FAVELINHA - BARROSO",
          "COMUNIDADE DO SEM TERRA - BARROSO L",
          "INVASÃO"
        ],
        "nearby_streets_count": 52,
        "node_id": 76,
        "parent_area": "BARROSO",
        "parent_risk_level": "alto",
        "parent_risk_score": 56.2,
        "parent_status": "ALTO",
        "peak_hours": "Entre 17hs e 22hs",
        "rank": 76,
        "region": "fortaleza",
        "risk_score": 52.652,
        "score": 52.652,
        "source_geometry_type": "Polygon"
      },
      "type": "Feature"
    },
    {
      "geometry": {
        "coordinates": [
          [
            [
              -38.508342,
              -3.820033
            ],
            [
              -38.510268,
              -3.819253
            ],
            [
              -38.510189,
              -3.819045
            ],
            [
              -38.511208,
              -3.818617
            ],
            [
              -38.512264,
              -3.81821
            ],
            [
              -38.512479,
              -3.818745
            ],
            [
              -38.511589,
              -3.819131
            ],
            [
              -38.511574,
              -3.81952
            ],
            [
              -38.511654,
              -3.820478
            ],
            [
              -38.510962,
              -3.820543
            ],
            [
              -38.510329,
              -3.820614
            ],
            [
              -38.509656,
              -3.820673
            ],
            [
              -38.508586,
              -3.820768
            ],
            [
              -38.508505,
              -3.820537
            ],
            [
              -38.508342,
              -3.820033
            ]
          ]
        ],
        "type": "Polygon"
      },
      "properties": {
        "bairro": "BARROSO",
        "faction": "CV",
        "generated_at": "2026-05-23T09:29:11.219119",
        "geometry_type": "Polygon",
        "is_centroid": false,
        "is_tactical": true,
        "local_street_pressure": 11.924,
        "municipality": "Barroso I",
        "name": "Lago Azul - Barroso I",
        "nearby_streets": [
          "LAGO AZUL - BARROSO I",
          "FAVELA DO CK",
          "RUA ADRIANO GASPAR BRIGIDO RIBEIRO"
        ],
        "nearby_streets_count": 32,
        "node_id": 77,
        "parent_area": "BARROSO",
        "parent_risk_level": "alto",
        "parent_risk_score": 56.2,
        "parent_status": "ALTO",
        "peak_hours": "Entre 17hs e 22hs",
        "rank": 77,
        "region": "fortaleza",
        "risk_score": 52.614,
        "score": 52.614,
        "source_geometry_type": "Polygon"
      },
      "type": "Feature"
    },
    {
      "geometry": {
        "coordinates": [
          [
            [
              -38.476536,
              -3.82151
            ],
            [
              -38.478694,
              -3.824559
            ],
            [
              -38.477506,
              -3.825477
            ],
            [
              -38.477022,
              -3.824831
            ],
            [
              -38.476512,
              -3.825236
            ],
            [
              -38.476191,
              -3.82378
            ],
            [
              -38.474443,
              -3.824052
            ],
            [
              -38.474366,
              -3.823537
            ],
            [
              -38.474638,
              -3.823484
            ],
            [
              -38.474546,
              -3.822884
            ],
            [
              -38.474741,
              -3.822926
            ],
            [
              -38.47535,
              -3.822519
            ],
            [
              -38.476536,
              -3.82151
            ]
          ]
        ],
        "type": "Polygon"
      },
      "properties": {
        "bairro": "CURIÓ",
        "faction": "MASSA",
        "generated_at": "2026-05-23T09:29:11.219119",
        "geometry_type": "Polygon",
        "is_centroid": false,
        "is_tactical": true,
        "local_street_pressure": 17.014,
        "municipality": "Fortaleza",
        "name": "Mangueirinha",
        "nearby_streets": [
          "MANGUEIRINHA",
          "AVENIDA ODILON GUIMARÃES",
          "AREA SEM NOME"
        ],
        "nearby_streets_count": 58,
        "node_id": 78,
        "parent_area": "CURIÓ",
        "parent_risk_level": "moderado",
        "parent_risk_score": 50.8,
        "parent_status": "MODERADO",
        "peak_hours": "Entre 17hs e 22hs",
        "rank": 78,
        "region": "fortaleza",
        "risk_score": 52.543,
        "score": 52.543,
        "source_geometry_type": "Polygon"
      },
      "type": "Feature"
    },
    {
      "geometry": {
        "coordinates": [
          [
            [
              -38.479633,
              -3.820132
            ],
            [
              -38.479854,
              -3.819989
            ],
            [
              -38.480229,
              -3.819641
            ],
            [
              -38.480338,
              -3.81956
            ],
            [
              -38.480763,
              -3.820062
            ],
            [
              -38.480083,
              -3.820329
            ],
            [
              -38.480044,
              -3.820505
            ],
            [
              -38.480236,
              -3.820561
            ],
            [
              -38.48036,
              -3.820436
            ],
            [
              -38.480461,
              -3.820593
            ],
            [
              -38.480978,
              -3.820149
            ],
            [
              -38.481077,
              -3.82026
            ],
            [
              -38.48007,
              -3.821094
            ],
            [
              -38.480539,
              -3.821741
            ],
            [
              -38.481038,
              -3.821365
            ],
            [
              -38.481061,
              -3.821395
            ],
            [
              -38.481085,
              -3.821466
            ],
            [
              -38.481068,
              -3.821476
            ],
            [
              -38.481084,
              -3.821505
            ],
            [
              -38.481082,
              -3.821547
            ],
            [
              -38.481037,
              -3.82157
            ],
            [
              -38.48109,
              -3.821689
            ],
            [
              -38.481101,
              -3.821842
            ],
            [
              -38.48109,
              -3.822093
            ],
            [
              -38.481133,
              -3.822302
            ],
            [
              -38.481141,
              -3.822438
            ],
            [
              -38.481023,
              -3.822529
            ],
            [
              -38.480238,
              -3.821544
            ],
            [
              -38.479953,
              -3.82178
            ],
            [
              -38.479922,
              -3.821745
            ],
            [
              -38.479531,
              -3.822057
            ],
            [
              -38.479148,
              -3.822371
            ],
            [
              -38.479374,
              -3.822671
            ],
            [
              -38.479288,
              -3.822735
            ],
            [
              -38.479068,
              -3.822449
            ],
            [
              -38.47877,
              -3.822698
            ],
            [
              -38.478512,
              -3.822396
            ],
            [
              -38.477738,
              -3.823062
            ],
            [
              -38.477636,
              -3.822928
            ],
            [
              -38.478287,
              -3.822391
            ],
            [
              -38.47803,
              -3.82204
            ],
            [
              -38.478495,
              -3.821685
            ],
            [
              -38.478265,
              -3.821377
            ],
            [
              -38.47718,
              -3.822265
            ],
            [
              -38.477087,
              -3.822157
            ],
            [
              -38.47741,
              -3.821913
            ],
            [
              -38.477153,
              -3.821558
            ],
            [
              -38.477747,
              -3.821096
            ],
            [
              -38.477512,
              -3.82077
            ],
            [
              -38.47735,
              -3.820905
            ],
            [
              -38.477282,
              -3.820825
            ],
            [
              -38.477483,
              -3.820663
            ],
            [
              -38.477468,
              -3.820643
            ],
            [
              -38.477609,
              -3.820528
            ],
            [
              -38.477566,
              -3.820463
            ],
            [
              -38.477754,
              -3.820327
            ],
            [
              -38.477807,
              -3.820386
            ],
            [
              -38.477948,
              -3.820235
            ],
            [
              -38.478056,
              -3.820134
            ],
            [
              -38.478185,
              -3.820038
            ],
            [
              -38.478308,
              -3.819935
            ],
            [
              -38.478397,
              -3.819893
            ],
            [
              -38.478724,
              -3.820072
            ],
            [
              -38.479097,
              -3.820125
            ],
            [
              -38.479197,
              -3.820138
            ],
            [
              -38.479466,
              -3.8202
            ],
            [
              -38.479529,
              -3.82025
            ],
            [
              -38.479576,
              -3.82019
            ],
            [
              -38.479633,
              -3.820132
            ]
          ]
        ],
        "type": "Polygon"
      },
      "properties": {
        "bairro": "CURIÓ",
        "faction": "MASSA",
        "generated_at": "2026-05-23T09:29:11.219119",
        "geometry_type": "Polygon",
        "is_centroid": false,
        "is_tactical": true,
        "local_street_pressure": 16.834,
        "municipality": "Fortaleza",
        "name": "Comunidade da Mangueira",
        "nearby_streets": [
          "COMUNIDADE DA MANGUEIRA",
          "RUA AMBRÓSIO DE CARVALHO",
          "CASTANHOLA"
        ],
        "nearby_streets_count": 56,
        "node_id": 79,
        "parent_area": "CURIÓ",
        "parent_risk_level": "moderado",
        "parent_risk_score": 50.8,
        "parent_status": "MODERADO",
        "peak_hours": "Entre 17hs e 22hs",
        "rank": 79,
        "region": "fortaleza",
        "risk_score": 52.349,
        "score": 52.349,
        "source_geometry_type": "Polygon"
      },
      "type": "Feature"
    },
    {
      "geometry": {
        "coordinates": [
          [
            [
              -38.490084,
              -3.823661
            ],
            [
              -38.49015,
              -3.823667
            ],
            [
              -38.490529,
              -3.82669
            ],
            [
              -38.490451,
              -3.826757
            ],
            [
              -38.486044,
              -3.827311
            ],
            [
              -38.486021,
              -3.827225
            ],
            [
              -38.485831,
              -3.825632
            ],
            [
              -38.485621,
              -3.824281
            ],
            [
              -38.485648,
              -3.824221
            ],
            [
              -38.485713,
              -3.82419
            ],
            [
              -38.487818,
              -3.823928
            ],
            [
              -38.490084,
              -3.823661
            ]
          ]
        ],
        "type": "Polygon"
      },
      "properties": {
        "bairro": "MESSEJANA",
        "faction": "CV",
        "generated_at": "2026-05-23T09:29:11.219119",
        "geometry_type": "Polygon",
        "is_centroid": false,
        "is_tactical": true,
        "local_street_pressure": 13.5,
        "municipality": "Fortaleza",
        "name": "Levada",
        "nearby_streets": [
          "LEVADA",
          "AREA SEM NOME",
          "RUA DOUTOR JOAQUIM BENTO"
        ],
        "nearby_streets_count": 52,
        "node_id": 80,
        "parent_area": "MESSEJANA",
        "parent_risk_level": "alto",
        "parent_risk_score": 53.1,
        "parent_status": "ALTO",
        "peak_hours": "Entre 16hs e 21hs",
        "rank": 80,
        "region": "fortaleza",
        "risk_score": 51.976,
        "score": 51.976,
        "source_geometry_type": "Polygon"
      },
      "type": "Feature"
    },
    {
      "geometry": {
        "coordinates": [
          [
            [
              -38.475039,
              -3.820344
            ],
            [
              -38.475136,
              -3.820276
            ],
            [
              -38.475682,
              -3.821012
            ],
            [
              -38.475993,
              -3.820773
            ],
            [
              -38.476536,
              -3.82151
            ],
            [
              -38.475319,
              -3.822538
            ],
            [
              -38.474836,
              -3.821838
            ],
            [
              -38.474598,
              -3.821957
            ],
            [
              -38.474593,
              -3.821916
            ],
            [
              -38.474554,
              -3.821862
            ],
            [
              -38.474508,
              -3.821725
            ],
            [
              -38.474443,
              -3.821317
            ],
            [
              -38.474293,
              -3.820932
            ],
            [
              -38.474387,
              -3.820852
            ],
            [
              -38.474371,
              -3.820745
            ],
            [
              -38.474628,
              -3.820578
            ],
            [
              -38.474708,
              -3.820624
            ],
            [
              -38.475026,
              -3.820383
            ],
            [
              -38.475039,
              -3.820344
            ]
          ]
        ],
        "type": "Polygon"
      },
      "properties": {
        "bairro": "CURIÓ",
        "faction": "MASSA",
        "generated_at": "2026-05-23T09:29:11.219119",
        "geometry_type": "Polygon",
        "is_centroid": false,
        "is_tactical": true,
        "local_street_pressure": 16.418,
        "municipality": "Fortaleza",
        "name": "Cumbuca",
        "nearby_streets": [
          "CUMBUCA",
          "COMUNIDADE DO BREJO",
          "IGREJINHA"
        ],
        "nearby_streets_count": 56,
        "node_id": 81,
        "parent_area": "CURIÓ",
        "parent_risk_level": "moderado",
        "parent_risk_score": 50.8,
        "parent_status": "MODERADO",
        "peak_hours": "Entre 17hs e 22hs",
        "rank": 81,
        "region": "fortaleza",
        "risk_score": 51.862,
        "score": 51.862,
        "source_geometry_type": "Polygon"
      },
      "type": "Feature"
    },
    {
      "geometry": {
        "coordinates": [
          [
            [
              -38.478572,
              -3.817543
            ],
            [
              -38.479119,
              -3.818177
            ],
            [
              -38.479193,
              -3.818266
            ],
            [
              -38.479279,
              -3.818263
            ],
            [
              -38.479411,
              -3.818455
            ],
            [
              -38.479704,
              -3.818825
            ],
            [
              -38.479733,
              -3.818848
            ],
            [
              -38.48014,
              -3.818557
            ],
            [
              -38.480716,
              -3.819214
            ],
            [
              -38.480363,
              -3.819573
            ],
            [
              -38.480338,
              -3.81956
            ],
            [
              -38.479871,
              -3.819977
            ],
            [
              -38.479633,
              -3.820132
            ],
            [
              -38.479529,
              -3.82025
            ],
            [
              -38.479466,
              -3.8202
            ],
            [
              -38.478698,
              -3.820068
            ],
            [
              -38.478397,
              -3.819893
            ],
            [
              -38.47815,
              -3.819833
            ],
            [
              -38.477727,
              -3.819363
            ],
            [
              -38.478375,
              -3.81875
            ],
            [
              -38.477783,
              -3.818029
            ],
            [
              -38.478572,
              -3.817543
            ]
          ]
        ],
        "type": "Polygon"
      },
      "properties": {
        "bairro": "CURIÓ",
        "faction": "MASSA",
        "generated_at": "2026-05-23T09:29:11.219119",
        "geometry_type": "Polygon",
        "is_centroid": false,
        "is_tactical": true,
        "local_street_pressure": 16.117,
        "municipality": "Fortaleza",
        "name": "Castanhola",
        "nearby_streets": [
          "CASTANHOLA",
          "COMUNIDADE DA MANGUEIRA",
          "COMUNIDADE DO COQUEIRIN"
        ],
        "nearby_streets_count": 55,
        "node_id": 82,
        "parent_area": "CURIÓ",
        "parent_risk_level": "moderado",
        "parent_risk_score": 50.8,
        "parent_status": "MODERADO",
        "peak_hours": "Entre 17hs e 22hs",
        "rank": 82,
        "region": "fortaleza",
        "risk_score": 51.724,
        "score": 51.724,
        "source_geometry_type": "Polygon"
      },
      "type": "Feature"
    },
    {
      "geometry": {
        "coordinates": [
          [
            [
              -38.474104,
              -3.818854
            ],
            [
              -38.474387,
              -3.820852
            ],
            [
              -38.474293,
              -3.820932
            ],
            [
              -38.474443,
              -3.821317
            ],
            [
              -38.474508,
              -3.821725
            ],
            [
              -38.474554,
              -3.821862
            ],
            [
              -38.474593,
              -3.821916
            ],
            [
              -38.47463,
              -3.822218
            ],
            [
              -38.474799,
              -3.822856
            ],
            [
              -38.474741,
              -3.822926
            ],
            [
              -38.474554,
              -3.822848
            ],
            [
              -38.474241,
              -3.822878
            ],
            [
              -38.473786,
              -3.822947
            ],
            [
              -38.473707,
              -3.822642
            ],
            [
              -38.47365,
              -3.822358
            ],
            [
              -38.473608,
              -3.821968
            ],
            [
              -38.47356,
              -3.821611
            ],
            [
              -38.473473,
              -3.821035
            ],
            [
              -38.473349,
              -3.820519
            ],
            [
              -38.472563,
              -3.820591
            ],
            [
              -38.472463,
              -3.820605
            ],
            [
              -38.472378,
              -3.820638
            ],
            [
              -38.472172,
              -3.820682
            ],
            [
              -38.471986,
              -3.820741
            ],
            [
              -38.471843,
              -3.8208
            ],
            [
              -38.471582,
              -3.820876
            ],
            [
              -38.471452,
              -3.820206
            ],
            [
              -38.472266,
              -3.820066
            ],
            [
              -38.472243,
              -3.81984
            ],
            [
              -38.472073,
              -3.818729
            ],
            [
              -38.472183,
              -3.818712
            ],
            [
              -38.472356,
              -3.819828
            ],
            [
              -38.472574,
              -3.819844
            ],
            [
              -38.47258,
              -3.819902
            ],
            [
              -38.472749,
              -3.819883
            ],
            [
              -38.472707,
              -3.819572
            ],
            [
              -38.473115,
              -3.819479
            ],
            [
              -38.472992,
              -3.81856
            ],
            [
              -38.473051,
              -3.8184
            ],
            [
              -38.473681,
              -3.817942
            ],
            [
              -38.473977,
              -3.81816
            ],
            [
              -38.474151,
              -3.81832
            ],
            [
              -38.474435,
              -3.81862
            ],
            [
              -38.474104,
              -3.818854
            ]
          ]
        ],
        "type": "Polygon"
      },
      "properties": {
        "bairro": "CURIÓ",
        "faction": "MASSA",
        "generated_at": "2026-05-23T09:29:11.219119",
        "geometry_type": "Polygon",
        "is_centroid": false,
        "is_tactical": true,
        "local_street_pressure": 15.846,
        "municipality": "Fortaleza",
        "name": "Comunidade do Brejo",
        "nearby_streets": [
          "COMUNIDADE DO BREJO",
          "IGREJINHA",
          "CUMBUCA"
        ],
        "nearby_streets_count": 55,
        "node_id": 83,
        "parent_area": "CURIÓ",
        "parent_risk_level": "moderado",
        "parent_risk_score": 50.8,
        "parent_status": "MODERADO",
        "peak_hours": "Entre 17hs e 22hs",
        "rank": 83,
        "region": "fortaleza",
        "risk_score": 51.631,
        "score": 51.631,
        "source_geometry_type": "Polygon"
      },
      "type": "Feature"
    },
    {
      "geometry": {
        "coordinates": [
          [
            [
              -38.523586,
              -3.829222
            ],
            [
              -38.52521,
              -3.829419
            ],
            [
              -38.525302,
              -3.831769
            ],
            [
              -38.524307,
              -3.831601
            ],
            [
              -38.524281,
              -3.830515
            ],
            [
              -38.523618,
              -3.830505
            ],
            [
              -38.523615,
              -3.830568
            ],
            [
              -38.523555,
              -3.830568
            ],
            [
              -38.523558,
              -3.830357
            ],
            [
              -38.523544,
              -3.830357
            ],
            [
              -38.523552,
              -3.829615
            ],
            [
              -38.523586,
              -3.829222
            ]
          ]
        ],
        "type": "Polygon"
      },
      "properties": {
        "bairro": "BARROSO",
        "faction": "CV",
        "generated_at": "2026-05-23T09:29:11.219119",
        "geometry_type": "Polygon",
        "is_centroid": false,
        "is_tactical": true,
        "local_street_pressure": 10.422,
        "municipality": "São Cristóvão",
        "name": "Comunidade Do Canal - São Cristóvão",
        "nearby_streets": [
          "COMUNIDADE DO CANAL - SÃO CRISTÓVÃO",
          "COMUNIDADE DO POSTO",
          "COMUNIDADE DO REAL - SÃO CRISTÓVÃO"
        ],
        "nearby_streets_count": 32,
        "node_id": 84,
        "parent_area": "BARROSO",
        "parent_risk_level": "alto",
        "parent_risk_score": 56.2,
        "parent_status": "ALTO",
        "peak_hours": "Entre 17hs e 22hs",
        "rank": 84,
        "region": "fortaleza",
        "risk_score": 51.444,
        "score": 51.444,
        "source_geometry_type": "Polygon"
      },
      "type": "Feature"
    },
    {
      "geometry": {
        "coordinates": [
          [
            [
              -38.47248,
              -3.820832
            ],
            [
              -38.472451,
              -3.820693
            ],
            [
              -38.472532,
              -3.820679
            ],
            [
              -38.472539,
              -3.820708
            ],
            [
              -38.472558,
              -3.820709
            ],
            [
              -38.472563,
              -3.820727
            ],
            [
              -38.472604,
              -3.820725
            ],
            [
              -38.472621,
              -3.820766
            ],
            [
              -38.472565,
              -3.82078
            ],
            [
              -38.472607,
              -3.82095
            ],
            [
              -38.47267,
              -3.820936
            ],
            [
              -38.472705,
              -3.821189
            ],
            [
              -38.472772,
              -3.821177
            ],
            [
              -38.472768,
              -3.82115
            ],
            [
              -38.472832,
              -3.821136
            ],
            [
              -38.472861,
              -3.821265
            ],
            [
              -38.472989,
              -3.821248
            ],
            [
              -38.47298,
              -3.821171
            ],
            [
              -38.473307,
              -3.821117
            ],
            [
              -38.473302,
              -3.821073
            ],
            [
              -38.473473,
              -3.821035
            ],
            [
              -38.473537,
              -3.821407
            ],
            [
              -38.473553,
              -3.821656
            ],
            [
              -38.47356,
              -3.821998
            ],
            [
              -38.473334,
              -3.822022
            ],
            [
              -38.473285,
              -3.821789
            ],
            [
              -38.473198,
              -3.821697
            ],
            [
              -38.472858,
              -3.821779
            ],
            [
              -38.472832,
              -3.821825
            ],
            [
              -38.472842,
              -3.821901
            ],
            [
              -38.472712,
              -3.821921
            ],
            [
              -38.472743,
              -3.821952
            ],
            [
              -38.472828,
              -3.821952
            ],
            [
              -38.472842,
              -3.822025
            ],
            [
              -38.472874,
              -3.822047
            ],
            [
              -38.472846,
              -3.822087
            ],
            [
              -38.472844,
              -3.822128
            ],
            [
              -38.47288,
              -3.822142
            ],
            [
              -38.472912,
              -3.822277
            ],
            [
              -38.472638,
              -3.822305
            ],
            [
              -38.472467,
              -3.822316
            ],
            [
              -38.472446,
              -3.822273
            ],
            [
              -38.472372,
              -3.822276
            ],
            [
              -38.472313,
              -3.822324
            ],
            [
              -38.472084,
              -3.822339
            ],
            [
              -38.472016,
              -3.822351
            ],
            [
              -38.471996,
              -3.822218
            ],
            [
              -38.471861,
              -3.82223
            ],
            [
              -38.471769,
              -3.822233
            ],
            [
              -38.471735,
              -3.822139
            ],
            [
              -38.471652,
              -3.822147
            ],
            [
              -38.47162,
              -3.821968
            ],
            [
              -38.471494,
              -3.821988
            ],
            [
              -38.471473,
              -3.821845
            ],
            [
              -38.471345,
              -3.821862
            ],
            [
              -38.471326,
              -3.821834
            ],
            [
              -38.47132,
              -3.821814
            ],
            [
              -38.471155,
              -3.821844
            ],
            [
              -38.471122,
              -3.82175
            ],
            [
              -38.471122,
              -3.821738
            ],
            [
              -38.47118,
              -3.821716
            ],
            [
              -38.471188,
              -3.821725
            ],
            [
              -38.471272,
              -3.821709
            ],
            [
              -38.471272,
              -3.821692
            ],
            [
              -38.471319,
              -3.821683
            ],
            [
              -38.471298,
              -3.821577
            ],
            [
              -38.471264,
              -3.821577
            ],
            [
              -38.471258,
              -3.821524
            ],
            [
              -38.471362,
              -3.821506
            ],
            [
              -38.471372,
              -3.821539
            ],
            [
              -38.47143,
              -3.821543
            ],
            [
              -38.471466,
              -3.821334
            ],
            [
              -38.471516,
              -3.82132
            ],
            [
              -38.471515,
              -3.821218
            ],
            [
              -38.471616,
              -3.821215
            ],
            [
              -38.471621,
              -3.821125
            ],
            [
              -38.4719,
              -3.821066
            ],
            [
              -38.472065,
              -3.821043
            ],
            [
              -38.47213,
              -3.821065
            ],
            [
              -38.472402,
              -3.82102
            ],
            [
              -38.472393,
              -3.820848
            ],
            [
              -38.47248,
              -3.820832
            ]
          ]
        ],
        "type": "Polygon"
      },
      "properties": {
        "bairro": "CURIÓ",
        "faction": "MASSA",
        "generated_at": "2026-05-23T09:29:11.219119",
        "geometry_type": "Polygon",
        "is_centroid": false,
        "is_tactical": true,
        "local_street_pressure": 15.855,
        "municipality": "Fortaleza",
        "name": "Igrejinha",
        "nearby_streets": [
          "IGREJINHA",
          "COMUNIDADE DO BREJO",
          "10"
        ],
        "nearby_streets_count": 55,
        "node_id": 85,
        "parent_area": "CURIÓ",
        "parent_risk_level": "moderado",
        "parent_risk_score": 50.8,
        "parent_status": "MODERADO",
        "peak_hours": "Entre 17hs e 22hs",
        "rank": 85,
        "region": "fortaleza",
        "risk_score": 51.433,
        "score": 51.433,
        "source_geometry_type": "Polygon"
      },
      "type": "Feature"
    },
    {
      "geometry": {
        "coordinates": [
          [
            [
              -38.590548,
              -3.702298
            ],
            [
              -38.590504,
              -3.702473
            ],
            [
              -38.590531,
              -3.702493
            ],
            [
              -38.590498,
              -3.702624
            ],
            [
              -38.589728,
              -3.702506
            ],
            [
              -38.589696,
              -3.702702
            ],
            [
              -38.589566,
              -3.70268
            ],
            [
              -38.589567,
              -3.702598
            ],
            [
              -38.589424,
              -3.702606
            ],
            [
              -38.589412,
              -3.702642
            ],
            [
              -38.589348,
              -3.70265
            ],
            [
              -38.589342,
              -3.702605
            ],
            [
              -38.589195,
              -3.702603
            ],
            [
              -38.589193,
              -3.702655
            ],
            [
              -38.589055,
              -3.702646
            ],
            [
              -38.588856,
              -3.70264
            ],
            [
              -38.588833,
              -3.702508
            ],
            [
              -38.588644,
              -3.702514
            ],
            [
              -38.588596,
              -3.702365
            ],
            [
              -38.588804,
              -3.702322
            ],
            [
              -38.589032,
              -3.702342
            ],
            [
              -38.589114,
              -3.702326
            ],
            [
              -38.589248,
              -3.702324
            ],
            [
              -38.589395,
              -3.702318
            ],
            [
              -38.58939,
              -3.702302
            ],
            [
              -38.589444,
              -3.702308
            ],
            [
              -38.589542,
              -3.702315
            ],
            [
              -38.590112,
              -3.70241
            ],
            [
              -38.590132,
              -3.702104
            ],
            [
              -38.590548,
              -3.702298
            ]
          ]
        ],
        "type": "Polygon"
      },
      "properties": {
        "bairro": "BARRA DO CEARÁ",
        "faction": "CV",
        "generated_at": "2026-05-23T09:29:11.219119",
        "geometry_type": "Polygon",
        "is_centroid": false,
        "is_tactical": true,
        "local_street_pressure": 13.092,
        "municipality": "Fortaleza",
        "name": "Vilinha",
        "nearby_streets": [
          "VILINHA",
          "COMUNIDADE DO GATO MORTO",
          "CAMPO DO CRUZEIRO"
        ],
        "nearby_streets_count": 48,
        "node_id": 86,
        "parent_area": "BARRA DO CEARÁ",
        "parent_risk_level": "alto",
        "parent_risk_score": 53.6,
        "parent_status": "ALTO",
        "peak_hours": "Entre 16hs e 21hs",
        "rank": 86,
        "region": "fortaleza",
        "risk_score": 51.372,
        "score": 51.372,
        "source_geometry_type": "Polygon"
      },
      "type": "Feature"
    },
    {
      "geometry": {
        "coordinates": [
          [
            [
              -38.474384,
              -3.818455
            ],
            [
              -38.474621,
              -3.81826
            ],
            [
              -38.474667,
              -3.818304
            ],
            [
              -38.474901,
              -3.818078
            ],
            [
              -38.475351,
              -3.817757
            ],
            [
              -38.47595,
              -3.81848
            ],
            [
              -38.477271,
              -3.817395
            ],
            [
              -38.478375,
              -3.81875
            ],
            [
              -38.47688,
              -3.819998
            ],
            [
              -38.47663,
              -3.819692
            ],
            [
              -38.476608,
              -3.819714
            ],
            [
              -38.476482,
              -3.819537
            ],
            [
              -38.476367,
              -3.819371
            ],
            [
              -38.475567,
              -3.820027
            ],
            [
              -38.475488,
              -3.819933
            ],
            [
              -38.475877,
              -3.819612
            ],
            [
              -38.475649,
              -3.819292
            ],
            [
              -38.475892,
              -3.819092
            ],
            [
              -38.474695,
              -3.818669
            ],
            [
              -38.474608,
              -3.818737
            ],
            [
              -38.474553,
              -3.818664
            ],
            [
              -38.47458,
              -3.818622
            ],
            [
              -38.47452,
              -3.818584
            ],
            [
              -38.474429,
              -3.818483
            ],
            [
              -38.474414,
              -3.818496
            ],
            [
              -38.474384,
              -3.818455
            ]
          ]
        ],
        "type": "Polygon"
      },
      "properties": {
        "bairro": "CURIÓ",
        "faction": "CV",
        "generated_at": "2026-05-23T09:29:11.219119",
        "geometry_type": "Polygon",
        "is_centroid": false,
        "is_tactical": true,
        "local_street_pressure": 15.453,
        "municipality": "Fortaleza",
        "name": "Comunidade Do Coqueirin",
        "nearby_streets": [
          "COMUNIDADE DO COQUEIRIN",
          "CUMBUCA",
          "COMUNIDADE DO BREJO"
        ],
        "nearby_streets_count": 56,
        "node_id": 87,
        "parent_area": "CURIÓ",
        "parent_risk_level": "moderado",
        "parent_risk_score": 50.8,
        "parent_status": "MODERADO",
        "peak_hours": "Entre 17hs e 22hs",
        "rank": 87,
        "region": "fortaleza",
        "risk_score": 51.273,
        "score": 51.273,
        "source_geometry_type": "Polygon"
      },
      "type": "Feature"
    },
    {
      "geometry": {
        "coordinates": [
          [
            [
              -38.47432,
              -3.826265
            ],
            [
              -38.474134,
              -3.825202
            ],
            [
              -38.474106,
              -3.825184
            ],
            [
              -38.473292,
              -3.825342
            ],
            [
              -38.47327,
              -3.825245
            ],
            [
              -38.47332,
              -3.825231
            ],
            [
              -38.473325,
              -3.8252
            ],
            [
              -38.474093,
              -3.825048
            ],
            [
              -38.47395,
              -3.824291
            ],
            [
              -38.473944,
              -3.82423
            ],
            [
              -38.473945,
              -3.824194
            ],
            [
              -38.473922,
              -3.824028
            ],
            [
              -38.473973,
              -3.824018
            ],
            [
              -38.473997,
              -3.824097
            ],
            [
              -38.47404,
              -3.824086
            ],
            [
              -38.474095,
              -3.824233
            ],
            [
              -38.474105,
              -3.824434
            ],
            [
              -38.474118,
              -3.824478
            ],
            [
              -38.474266,
              -3.825158
            ],
            [
              -38.475167,
              -3.824975
            ],
            [
              -38.475353,
              -3.826072
            ],
            [
              -38.47432,
              -3.826265
            ]
          ]
        ],
        "type": "Polygon"
      },
      "properties": {
        "bairro": "CURIÓ",
        "faction": "CV",
        "generated_at": "2026-05-23T09:29:11.219119",
        "geometry_type": "Polygon",
        "is_centroid": false,
        "is_tactical": true,
        "local_street_pressure": 15.483,
        "municipality": "Fortaleza",
        "name": "Aldeia",
        "nearby_streets": [
          "ALDEIA",
          "MANGUEIRINHA",
          "10"
        ],
        "nearby_streets_count": 55,
        "node_id": 88,
        "parent_area": "CURIÓ",
        "parent_risk_level": "moderado",
        "parent_risk_score": 50.8,
        "parent_status": "MODERADO",
        "peak_hours": "Entre 17hs e 22hs",
        "rank": 88,
        "region": "fortaleza",
        "risk_score": 51.127,
        "score": 51.127,
        "source_geometry_type": "Polygon"
      },
      "type": "Feature"
    },
    {
      "geometry": {
        "coordinates": [
          [
            [
              -38.492026,
              -3.817426
            ],
            [
              -38.492037,
              -3.818218
            ],
            [
              -38.492154,
              -3.819856
            ],
            [
              -38.492422,
              -3.821184
            ],
            [
              -38.489635,
              -3.821461
            ],
            [
              -38.489657,
              -3.821546
            ],
            [
              -38.488632,
              -3.821654
            ],
            [
              -38.488696,
              -3.819967
            ],
            [
              -38.488571,
              -3.819156
            ],
            [
              -38.488509,
              -3.818607
            ],
            [
              -38.488419,
              -3.817639
            ],
            [
              -38.488516,
              -3.817559
            ],
            [
              -38.488969,
              -3.817585
            ],
            [
              -38.488977,
              -3.817238
            ],
            [
              -38.489165,
              -3.817235
            ],
            [
              -38.489157,
              -3.817074
            ],
            [
              -38.489465,
              -3.817243
            ],
            [
              -38.490163,
              -3.817302
            ],
            [
              -38.490187,
              -3.817912
            ],
            [
              -38.490607,
              -3.817858
            ],
            [
              -38.491018,
              -3.817772
            ],
            [
              -38.491504,
              -3.817648
            ],
            [
              -38.491498,
              -3.817545
            ],
            [
              -38.492026,
              -3.817426
            ]
          ]
        ],
        "type": "Polygon"
      },
      "properties": {
        "bairro": "MESSEJANA",
        "faction": "MASSA",
        "generated_at": "2026-05-23T09:29:11.219119",
        "geometry_type": "Polygon",
        "is_centroid": false,
        "is_tactical": true,
        "local_street_pressure": 12.212,
        "municipality": "Fortaleza",
        "name": "Conjunto São Bernardo",
        "nearby_streets": [
          "CONJUNTO SÃO BERNARDO",
          "RUA CECÍLIA MEIRELES",
          "COMUNIDADE DA PORTELINHA- MESSEJANA"
        ],
        "nearby_streets_count": 48,
        "node_id": 89,
        "parent_area": "MESSEJANA",
        "parent_risk_level": "alto",
        "parent_risk_score": 53.1,
        "parent_status": "ALTO",
        "peak_hours": "Entre 16hs e 21hs",
        "rank": 89,
        "region": "fortaleza",
        "risk_score": 51.028,
        "score": 51.028,
        "source_geometry_type": "Polygon"
      },
      "type": "Feature"
    },
    {
      "geometry": {
        "coordinates": [
          [
            [
              -38.472105,
              -3.824489
            ],
            [
              -38.470244,
              -3.824773
            ],
            [
              -38.470084,
              -3.823596
            ],
            [
              -38.468607,
              -3.823831
            ],
            [
              -38.468623,
              -3.823723
            ],
            [
              -38.469104,
              -3.823624
            ],
            [
              -38.469096,
              -3.823412
            ],
            [
              -38.469796,
              -3.823343
            ],
            [
              -38.469716,
              -3.822378
            ],
            [
              -38.469795,
              -3.822366
            ],
            [
              -38.469779,
              -3.82223
            ],
            [
              -38.469888,
              -3.822214
            ],
            [
              -38.469874,
              -3.822111
            ],
            [
              -38.470184,
              -3.822051
            ],
            [
              -38.470425,
              -3.821984
            ],
            [
              -38.470571,
              -3.821948
            ],
            [
              -38.470592,
              -3.821952
            ],
            [
              -38.470842,
              -3.821936
            ],
            [
              -38.470893,
              -3.822322
            ],
            [
              -38.471673,
              -3.82218
            ],
            [
              -38.472105,
              -3.824489
            ]
          ]
        ],
        "type": "Polygon"
      },
      "properties": {
        "bairro": "CURIÓ",
        "faction": "CV",
        "generated_at": "2026-05-23T09:29:11.219119",
        "geometry_type": "Polygon",
        "is_centroid": false,
        "is_tactical": true,
        "local_street_pressure": 14.786,
        "municipality": "Fortaleza",
        "name": "10",
        "nearby_streets": [
          "10",
          "RUA NENÊ ARRUDA",
          "IGREJINHA"
        ],
        "nearby_streets_count": 53,
        "node_id": 90,
        "parent_area": "CURIÓ",
        "parent_risk_level": "moderado",
        "parent_risk_score": 50.8,
        "parent_status": "MODERADO",
        "peak_hours": "Entre 17hs e 22hs",
        "rank": 90,
        "region": "fortaleza",
        "risk_score": 50.809,
        "score": 50.809,
        "source_geometry_type": "Polygon"
      },
      "type": "Feature"
    },
    {
      "geometry": {
        "coordinates": [
          [
            [
              -38.494503,
              -3.822045
            ],
            [
              -38.493784,
              -3.821926
            ],
            [
              -38.493711,
              -3.82191
            ],
            [
              -38.49259,
              -3.821783
            ],
            [
              -38.492278,
              -3.820207
            ],
            [
              -38.49494,
              -3.81985
            ],
            [
              -38.494811,
              -3.820568
            ],
            [
              -38.493966,
              -3.820487
            ],
            [
              -38.493848,
              -3.821231
            ],
            [
              -38.494672,
              -3.821374
            ],
            [
              -38.494503,
              -3.822045
            ]
          ]
        ],
        "type": "Polygon"
      },
      "properties": {
        "bairro": "MESSEJANA",
        "faction": "MASSA",
        "generated_at": "2026-05-23T09:29:11.219119",
        "geometry_type": "Polygon",
        "is_centroid": false,
        "is_tactical": true,
        "local_street_pressure": 12.26,
        "municipality": "Fortaleza",
        "name": "Comunidade da Conquista",
        "nearby_streets": [
          "RUA LETÍCIA",
          "COMUNIDADE DA CONQUISTA",
          "RUA VILAMAR DAMASCENO"
        ],
        "nearby_streets_count": 44,
        "node_id": 91,
        "parent_area": "MESSEJANA",
        "parent_risk_level": "alto",
        "parent_risk_score": 53.1,
        "parent_status": "ALTO",
        "peak_hours": "Entre 16hs e 21hs",
        "rank": 91,
        "region": "fortaleza",
        "risk_score": 50.564,
        "score": 50.564,
        "source_geometry_type": "Polygon"
      },
      "type": "Feature"
    },
    {
      "geometry": {
        "coordinates": [
          [
            [
              -38.492218,
              -3.818126
            ],
            [
              -38.493187,
              -3.818556
            ],
            [
              -38.493142,
              -3.818656
            ],
            [
              -38.492166,
              -3.818226
            ],
            [
              -38.492218,
              -3.818126
            ]
          ]
        ],
        "type": "Polygon"
      },
      "properties": {
        "bairro": "MESSEJANA",
        "faction": "MASSA",
        "generated_at": "2026-05-23T09:29:11.219119",
        "geometry_type": "Polygon",
        "is_centroid": false,
        "is_tactical": true,
        "local_street_pressure": 12.358,
        "municipality": "Fortaleza",
        "name": "Comunidade da Portelinha- Messejana",
        "nearby_streets": [
          "COMUNIDADE DA PORTELINHA- MESSEJANA",
          "RUA VILAMAR DAMASCENO",
          "PARQUE IRACEMA I"
        ],
        "nearby_streets_count": 45,
        "node_id": 92,
        "parent_area": "MESSEJANA",
        "parent_risk_level": "alto",
        "parent_risk_score": 53.1,
        "parent_status": "ALTO",
        "peak_hours": "Entre 16hs e 21hs",
        "rank": 92,
        "region": "fortaleza",
        "risk_score": 50.462,
        "score": 50.462,
        "source_geometry_type": "Polygon"
      },
      "type": "Feature"
    },
    {
      "geometry": {
        "coordinates": [
          [
            [
              -38.489511,
              -3.829305
            ],
            [
              -38.488698,
              -3.829426
            ],
            [
              -38.488652,
              -3.829139
            ],
            [
              -38.488604,
              -3.828909
            ],
            [
              -38.488599,
              -3.828778
            ],
            [
              -38.488615,
              -3.828699
            ],
            [
              -38.489482,
              -3.828969
            ],
            [
              -38.489511,
              -3.829305
            ]
          ]
        ],
        "type": "Polygon"
      },
      "properties": {
        "bairro": "MESSEJANA",
        "faction": "CV",
        "generated_at": "2026-05-23T09:29:11.219119",
        "geometry_type": "Polygon",
        "is_centroid": false,
        "is_tactical": true,
        "local_street_pressure": 12.308,
        "municipality": "Fortaleza",
        "name": "Beco da Maravilha",
        "nearby_streets": [
          "BECO DA MARAVILHA",
          "AREA SEM NOME",
          "RUA DOUTOR JOAQUIM BENTO"
        ],
        "nearby_streets_count": 47,
        "node_id": 93,
        "parent_area": "MESSEJANA",
        "parent_risk_level": "alto",
        "parent_risk_score": 53.1,
        "parent_status": "ALTO",
        "peak_hours": "Entre 16hs e 21hs",
        "rank": 93,
        "region": "fortaleza",
        "risk_score": 50.442,
        "score": 50.442,
        "source_geometry_type": "Polygon"
      },
      "type": "Feature"
    },
    {
      "geometry": {
        "coordinates": [
          [
            [
              -38.525282,
              -3.829434
            ],
            [
              -38.527214,
              -3.829674
            ],
            [
              -38.527189,
              -3.829932
            ],
            [
              -38.527484,
              -3.829892
            ],
            [
              -38.527541,
              -3.830155
            ],
            [
              -38.527903,
              -3.830344
            ],
            [
              -38.527192,
              -3.831677
            ],
            [
              -38.527252,
              -3.831722
            ],
            [
              -38.527046,
              -3.832082
            ],
            [
              -38.526577,
              -3.831834
            ],
            [
              -38.526229,
              -3.831902
            ],
            [
              -38.526023,
              -3.83172
            ],
            [
              -38.525795,
              -3.831961
            ],
            [
              -38.525382,
              -3.831821
            ],
            [
              -38.525282,
              -3.829434
            ]
          ]
        ],
        "type": "Polygon"
      },
      "properties": {
        "bairro": "BARROSO",
        "faction": "CV",
        "generated_at": "2026-05-23T09:29:11.219119",
        "geometry_type": "Polygon",
        "is_centroid": false,
        "is_tactical": true,
        "local_street_pressure": 8.52,
        "municipality": "São Cristóvão",
        "name": "Comunidade Do Real - São Cristóvão",
        "nearby_streets": [
          "COMUNIDADE DO REAL - SÃO CRISTÓVÃO",
          "COMUNIDADE DO CANAL - SÃO CRISTÓVÃO",
          "COMUNIDADE DO POSTO"
        ],
        "nearby_streets_count": 26,
        "node_id": 94,
        "parent_area": "BARROSO",
        "parent_risk_level": "alto",
        "parent_risk_score": 56.2,
        "parent_status": "ALTO",
        "peak_hours": "Entre 17hs e 22hs",
        "rank": 94,
        "region": "fortaleza",
        "risk_score": 50.161,
        "score": 50.161,
        "source_geometry_type": "Polygon"
      },
      "type": "Feature"
    },
    {
      "geometry": {
        "coordinates": [
          [
            [
              -38.479668,
              -3.814234
            ],
            [
              -38.4797,
              -3.814257
            ],
            [
              -38.480183,
              -3.814827
            ],
            [
              -38.480734,
              -3.814411
            ],
            [
              -38.480834,
              -3.814546
            ],
            [
              -38.480279,
              -3.815014
            ],
            [
              -38.480766,
              -3.815601
            ],
            [
              -38.480729,
              -3.815666
            ],
            [
              -38.478475,
              -3.817475
            ],
            [
              -38.477988,
              -3.8169
            ],
            [
              -38.477935,
              -3.816907
            ],
            [
              -38.477677,
              -3.817105
            ],
            [
              -38.477602,
              -3.817013
            ],
            [
              -38.477925,
              -3.81673
            ],
            [
              -38.477446,
              -3.816083
            ],
            [
              -38.477414,
              -3.816014
            ],
            [
              -38.477766,
              -3.815715
            ],
            [
              -38.477736,
              -3.81565
            ],
            [
              -38.478001,
              -3.815446
            ],
            [
              -38.478052,
              -3.815498
            ],
            [
              -38.479668,
              -3.814234
            ]
          ]
        ],
        "type": "Polygon"
      },
      "properties": {
        "bairro": "CURIÓ",
        "faction": "CV",
        "generated_at": "2026-05-23T09:29:11.219119",
        "geometry_type": "Polygon",
        "is_centroid": false,
        "is_tactical": true,
        "local_street_pressure": 13.809,
        "municipality": "Fortaleza",
        "name": "Favela do Facão",
        "nearby_streets": [
          "FAVELA DO FACÃO",
          "RUA OSVALDO ÁGUIAR",
          "CASTANHOLA"
        ],
        "nearby_streets_count": 52,
        "node_id": 95,
        "parent_area": "CURIÓ",
        "parent_risk_level": "moderado",
        "parent_risk_score": 50.8,
        "parent_status": "MODERADO",
        "peak_hours": "Entre 17hs e 22hs",
        "rank": 95,
        "region": "fortaleza",
        "risk_score": 50.117,
        "score": 50.117,
        "source_geometry_type": "Polygon"
      },
      "type": "Feature"
    },
    {
      "geometry": {
        "coordinates": [
          [
            [
              -38.495497,
              -3.816115
            ],
            [
              -38.495138,
              -3.816854
            ],
            [
              -38.494752,
              -3.816575
            ],
            [
              -38.494516,
              -3.81687
            ],
            [
              -38.494467,
              -3.817635
            ],
            [
              -38.493775,
              -3.817314
            ],
            [
              -38.493463,
              -3.817929
            ],
            [
              -38.492422,
              -3.817478
            ],
            [
              -38.492148,
              -3.818092
            ],
            [
              -38.492061,
              -3.818054
            ],
            [
              -38.492047,
              -3.817396
            ],
            [
              -38.491984,
              -3.817253
            ],
            [
              -38.492027,
              -3.816565
            ],
            [
              -38.491925,
              -3.815633
            ],
            [
              -38.491968,
              -3.814986
            ],
            [
              -38.492091,
              -3.814585
            ],
            [
              -38.495497,
              -3.816115
            ]
          ]
        ],
        "type": "Polygon"
      },
      "properties": {
        "bairro": "MESSEJANA",
        "faction": "MASSA",
        "generated_at": "2026-05-23T09:29:11.219119",
        "geometry_type": "Polygon",
        "is_centroid": false,
        "is_tactical": true,
        "local_street_pressure": 11.189,
        "municipality": "Fortaleza",
        "name": "Parque Iracema I",
        "nearby_streets": [
          "PARQUE IRACEMA I",
          "COMUNIDADE DA PORTELINHA- MESSEJANA",
          "AREA SEM NOME"
        ],
        "nearby_streets_count": 43,
        "node_id": 96,
        "parent_area": "MESSEJANA",
        "parent_risk_level": "alto",
        "parent_risk_score": 53.1,
        "parent_status": "ALTO",
        "peak_hours": "Entre 16hs e 21hs",
        "rank": 96,
        "region": "fortaleza",
        "risk_score": 49.96,
        "score": 49.96,
        "source_geometry_type": "Polygon"
      },
      "type": "Feature"
    },
    {
      "geometry": {
        "coordinates": [
          [
            [
              -38.5034373,
              -3.8232045
            ],
            [
              -38.5036519,
              -3.8242322
            ],
            [
              -38.4999827,
              -3.8252813
            ],
            [
              -38.4993818,
              -3.8252813
            ],
            [
              -38.4990385,
              -3.8251528
            ],
            [
              -38.4981373,
              -3.8220698
            ],
            [
              -38.4951118,
              -3.8224123
            ],
            [
              -38.4958413,
              -3.8207852
            ],
            [
              -38.5034373,
              -3.8232045
            ]
          ]
        ],
        "type": "Polygon"
      },
      "properties": {
        "bairro": "MESSEJANA",
        "faction": "CV",
        "generated_at": "2026-05-23T09:29:11.219119",
        "geometry_type": "Polygon",
        "is_centroid": false,
        "is_tactical": true,
        "local_street_pressure": 10.569,
        "municipality": "Fortaleza",
        "name": "LAGOA SECA",
        "nearby_streets": [
          "LAGOA SECA",
          "RUA JURITI",
          "AREA SEM NOME"
        ],
        "nearby_streets_count": 46,
        "node_id": 97,
        "parent_area": "MESSEJANA",
        "parent_risk_level": "alto",
        "parent_risk_score": 53.1,
        "parent_status": "ALTO",
        "peak_hours": "Entre 16hs e 21hs",
        "rank": 97,
        "region": "fortaleza",
        "risk_score": 49.914,
        "score": 49.914,
        "source_geometry_type": "Polygon"
      },
      "type": "Feature"
    },
    {
      "geometry": {
        "coordinates": [
          [
            [
              -38.556082,
              -3.798581
            ],
            [
              -38.556029,
              -3.798667
            ],
            [
              -38.55575,
              -3.800497
            ],
            [
              -38.555739,
              -3.801177
            ],
            [
              -38.555841,
              -3.801423
            ],
            [
              -38.555744,
              -3.801552
            ],
            [
              -38.555814,
              -3.801798
            ],
            [
              -38.555702,
              -3.801825
            ],
            [
              -38.555063,
              -3.80183
            ],
            [
              -38.55502,
              -3.801632
            ],
            [
              -38.55495,
              -3.801434
            ],
            [
              -38.554848,
              -3.801455
            ],
            [
              -38.554811,
              -3.801391
            ],
            [
              -38.554709,
              -3.801391
            ],
            [
              -38.554693,
              -3.801279
            ],
            [
              -38.554999,
              -3.801166
            ],
            [
              -38.554854,
              -3.80069
            ],
            [
              -38.554736,
              -3.800728
            ],
            [
              -38.554554,
              -3.800235
            ],
            [
              -38.554516,
              -3.800048
            ],
            [
              -38.554677,
              -3.800021
            ],
            [
              -38.554666,
              -3.79986
            ],
            [
              -38.554441,
              -3.799914
            ],
            [
              -38.554376,
              -3.799716
            ],
            [
              -38.554189,
              -3.79948
            ],
            [
              -38.554071,
              -3.799582
            ],
            [
              -38.553835,
              -3.79962
            ],
            [
              -38.553851,
              -3.799743
            ],
            [
              -38.553255,
              -3.799844
            ],
            [
              -38.553092,
              -3.799162
            ],
            [
              -38.553883,
              -3.798937
            ],
            [
              -38.553668,
              -3.798115
            ],
            [
              -38.553899,
              -3.798062
            ],
            [
              -38.554629,
              -3.797682
            ],
            [
              -38.554779,
              -3.797768
            ],
            [
              -38.555168,
              -3.798356
            ],
            [
              -38.555291,
              -3.798295
            ],
            [
              -38.555393,
              -3.798469
            ],
            [
              -38.555857,
              -3.79823
            ],
            [
              -38.556082,
              -3.798581
            ]
          ]
        ],
        "type": "Polygon"
      },
      "properties": {
        "bairro": "RACHEL DE QUEIROZ",
        "faction": "CV",
        "generated_at": "2026-05-23T09:29:11.219119",
        "geometry_type": "Polygon",
        "is_centroid": false,
        "is_tactical": true,
        "local_street_pressure": 7.531,
        "municipality": "Fortaleza",
        "name": "Jana Barroso",
        "nearby_streets": [
          "JANA BARROSO",
          "AP JANA BARROSO",
          "DENDÊ"
        ],
        "nearby_streets_count": 36,
        "node_id": 98,
        "parent_area": "RACHEL DE QUEIROZ",
        "parent_risk_level": "alto",
        "parent_risk_score": 56.2,
        "parent_status": "ALTO",
        "rank": 98,
        "region": "fortaleza",
        "risk_score": 49.502,
        "score": 49.502,
        "source_geometry_type": "Polygon"
      },
      "type": "Feature"
    },
    {
      "geometry": {
        "coordinates": [
          [
            [
              -38.555964,
              -3.799582
            ],
            [
              -38.556804,
              -3.800738
            ],
            [
              -38.556349,
              -3.801048
            ],
            [
              -38.557144,
              -3.802266
            ],
            [
              -38.556508,
              -3.802006
            ],
            [
              -38.556248,
              -3.801912
            ],
            [
              -38.5562,
              -3.801891
            ],
            [
              -38.555901,
              -3.801438
            ],
            [
              -38.55577,
              -3.801218
            ],
            [
              -38.555747,
              -3.801089
            ],
            [
              -38.555964,
              -3.799582
            ]
          ]
        ],
        "type": "Polygon"
      },
      "properties": {
        "bairro": "RACHEL DE QUEIROZ",
        "faction": "CV",
        "generated_at": "2026-05-23T09:29:11.219119",
        "geometry_type": "Polygon",
        "is_centroid": false,
        "is_tactical": true,
        "local_street_pressure": 7.427,
        "municipality": "Fortaleza",
        "name": "Ap Jana Barroso",
        "nearby_streets": [
          "AP JANA BARROSO",
          "JANA BARROSO",
          "DENDÊ"
        ],
        "nearby_streets_count": 34,
        "node_id": 99,
        "parent_area": "RACHEL DE QUEIROZ",
        "parent_risk_level": "alto",
        "parent_risk_score": 56.2,
        "parent_status": "ALTO",
        "rank": 99,
        "region": "fortaleza",
        "risk_score": 49.203,
        "score": 49.203,
        "source_geometry_type": "Polygon"
      },
      "type": "Feature"
    },
    {
      "geometry": {
        "coordinates": [
          [
            [
              -38.487866,
              -3.771008
            ],
            [
              -38.487912,
              -3.771069
            ],
            [
              -38.487897,
              -3.771156
            ],
            [
              -38.488073,
              -3.771366
            ],
            [
              -38.488258,
              -3.771752
            ],
            [
              -38.488236,
              -3.77184
            ],
            [
              -38.48858,
              -3.77215
            ],
            [
              -38.488708,
              -3.772168
            ],
            [
              -38.489381,
              -3.771984
            ],
            [
              -38.489451,
              -3.772232
            ],
            [
              -38.489549,
              -3.772242
            ],
            [
              -38.489563,
              -3.772305
            ],
            [
              -38.489721,
              -3.772337
            ],
            [
              -38.489715,
              -3.772411
            ],
            [
              -38.489697,
              -3.772475
            ],
            [
              -38.489773,
              -3.772512
            ],
            [
              -38.489765,
              -3.77254
            ],
            [
              -38.489808,
              -3.772564
            ],
            [
              -38.489797,
              -3.772588
            ],
            [
              -38.489839,
              -3.7726
            ],
            [
              -38.4898,
              -3.772703
            ],
            [
              -38.489984,
              -3.772801
            ],
            [
              -38.489972,
              -3.772862
            ],
            [
              -38.49002,
              -3.772877
            ],
            [
              -38.490214,
              -3.772963
            ],
            [
              -38.490301,
              -3.77296
            ],
            [
              -38.490303,
              -3.772986
            ],
            [
              -38.489961,
              -3.773048
            ],
            [
              -38.48991,
              -3.773033
            ],
            [
              -38.489836,
              -3.773058
            ],
            [
              -38.489758,
              -3.772869
            ],
            [
              -38.48971,
              -3.772808
            ],
            [
              -38.488724,
              -3.772504
            ],
            [
              -38.488686,
              -3.772508
            ],
            [
              -38.488584,
              -3.772466
            ],
            [
              -38.488316,
              -3.772528
            ],
            [
              -38.488293,
              -3.772426
            ],
            [
              -38.488485,
              -3.772356
            ],
            [
              -38.488292,
              -3.772161
            ],
            [
              -38.488073,
              -3.77202
            ],
            [
              -38.48772,
              -3.771688
            ],
            [
              -38.487597,
              -3.771592
            ],
            [
              -38.487403,
              -3.771758
            ],
            [
              -38.487364,
              -3.77172
            ],
            [
              -38.487216,
              -3.771205
            ],
            [
              -38.487224,
              -3.771164
            ],
            [
              -38.487212,
              -3.771066
            ],
            [
              -38.487649,
              -3.770971
            ],
            [
              -38.487714,
              -3.771085
            ],
            [
              -38.487866,
              -3.771008
            ]
          ]
        ],
        "type": "Polygon"
      },
      "properties": {
        "bairro": "ENGENHEIRO LUCIANO CAVALCANTE",
        "faction": "CV",
        "generated_at": "2026-05-23T09:29:11.219119",
        "geometry_type": "Polygon",
        "is_centroid": false,
        "is_tactical": true,
        "local_street_pressure": 3.432,
        "municipality": "Fortaleza",
        "name": "Comunidade da Galileia",
        "nearby_streets": [
          "COMUNIDADE DA GALILEIA",
          "RUA JOÃO NONATO COSTA",
          "AREA SEM NOME"
        ],
        "nearby_streets_count": 14,
        "node_id": 100,
        "parent_area": "ENGENHEIRO LUCIANO CAVALCANTE",
        "parent_risk_level": "alto",
        "parent_risk_score": 59.9,
        "parent_status": "ALTO",
        "peak_hours": "Entre 05hs e 10hs",
        "rank": 100,
        "region": "fortaleza",
        "risk_score": 48.977,
        "score": 48.977,
        "source_geometry_type": "Polygon"
      },
      "type": "Feature"
    },
    {
      "geometry": {
        "coordinates": [
          [
            [
              -38.615859,
              -3.78585
            ],
            [
              -38.615612,
              -3.784993
            ],
            [
              -38.615259,
              -3.783257
            ],
            [
              -38.614936,
              -3.782097
            ],
            [
              -38.61514,
              -3.780807
            ],
            [
              -38.615659,
              -3.779332
            ],
            [
              -38.615657,
              -3.779077
            ],
            [
              -38.615985,
              -3.778945
            ],
            [
              -38.616984,
              -3.778708
            ],
            [
              -38.617521,
              -3.778552
            ],
            [
              -38.618318,
              -3.778347
            ],
            [
              -38.619765,
              -3.777942
            ],
            [
              -38.619497,
              -3.776966
            ],
            [
              -38.621213,
              -3.777103
            ],
            [
              -38.623284,
              -3.784512
            ],
            [
              -38.616224,
              -3.786519
            ],
            [
              -38.615859,
              -3.78585
            ]
          ],
          [
            [
              -38.615377,
              -3.783021
            ],
            [
              -38.616436,
              -3.782759
            ],
            [
              -38.616595,
              -3.783393
            ],
            [
              -38.615543,
              -3.783619
            ],
            [
              -38.615442,
              -3.783217
            ],
            [
              -38.615377,
              -3.783021
            ]
          ]
        ],
        "type": "Polygon"
      },
      "properties": {
        "bairro": "GRANJA LISBOA",
        "faction": "CV",
        "generated_at": "2026-05-23T09:29:11.219119",
        "geometry_type": "Polygon",
        "is_centroid": false,
        "is_tactical": true,
        "local_street_pressure": 9.861,
        "municipality": "Fortaleza",
        "name": "Caic",
        "nearby_streets": [
          "CAIC",
          "RESIDENCIAL MARIA ALVES CARIOCA",
          "MUTIRÃO DA SÃO FRANCISCO"
        ],
        "nearby_streets_count": 46,
        "node_id": 101,
        "parent_area": "GRANJA LISBOA",
        "parent_risk_level": "moderado",
        "parent_risk_score": 49.9,
        "parent_status": "MODERADO",
        "peak_hours": "Entre 12hs e 17hs",
        "rank": 101,
        "region": "fortaleza",
        "risk_score": 48.963,
        "score": 48.963,
        "source_geometry_type": "Polygon"
      },
      "type": "Feature"
    },
    {
      "geometry": {
        "coordinates": [
          [
            [
              -38.603988,
              -3.730523
            ],
            [
              -38.604114,
              -3.730606
            ],
            [
              -38.604076,
              -3.730786
            ],
            [
              -38.604006,
              -3.730917
            ],
            [
              -38.603942,
              -3.731061
            ],
            [
              -38.603859,
              -3.73127
            ],
            [
              -38.6038,
              -3.731535
            ],
            [
              -38.603677,
              -3.731503
            ],
            [
              -38.603651,
              -3.731633
            ],
            [
              -38.603565,
              -3.731895
            ],
            [
              -38.603383,
              -3.732114
            ],
            [
              -38.603281,
              -3.732039
            ],
            [
              -38.602895,
              -3.732478
            ],
            [
              -38.602702,
              -3.732682
            ],
            [
              -38.602267,
              -3.733067
            ],
            [
              -38.602106,
              -3.733276
            ],
            [
              -38.60164,
              -3.733699
            ],
            [
              -38.601704,
              -3.733774
            ],
            [
              -38.601477,
              -3.733848
            ],
            [
              -38.601102,
              -3.734103
            ],
            [
              -38.600905,
              -3.733833
            ],
            [
              -38.60124,
              -3.73351
            ],
            [
              -38.600672,
              -3.731273
            ],
            [
              -38.603682,
              -3.730416
            ],
            [
              -38.603988,
              -3.730523
            ]
          ]
        ],
        "type": "Polygon"
      },
      "properties": {
        "bairro": "QUINTINO CUNHA",
        "faction": "CV",
        "generated_at": "2026-05-23T09:29:11.219119",
        "geometry_type": "Polygon",
        "is_centroid": false,
        "is_tactical": true,
        "local_street_pressure": 11.944,
        "municipality": "Fortaleza",
        "name": "Comunidade ABC - Quintino Cunha",
        "nearby_streets": [
          "COMUNIDADE ABC - QUINTINO CUNHA",
          "RUA SANTA MARIA GORETE",
          "RUA LUÍS COSTA FILHO"
        ],
        "nearby_streets_count": 46,
        "node_id": 102,
        "parent_area": "QUINTINO CUNHA",
        "parent_risk_level": "alto",
        "parent_risk_score": 51.0,
        "parent_status": "ALTO",
        "peak_hours": "Entre 17hs e 22hs",
        "rank": 102,
        "region": "fortaleza",
        "risk_score": 48.954,
        "score": 48.954,
        "source_geometry_type": "Polygon"
      },
      "type": "Feature"
    },
    {
      "geometry": {
        "coordinates": [
          [
            [
              -38.598808,
              -3.734555
            ],
            [
              -38.598221,
              -3.734735
            ],
            [
              -38.597733,
              -3.733047
            ],
            [
              -38.598327,
              -3.732874
            ],
            [
              -38.598808,
              -3.734555
            ]
          ]
        ],
        "type": "Polygon"
      },
      "properties": {
        "bairro": "QUINTINO CUNHA",
        "faction": "CV",
        "generated_at": "2026-05-23T09:29:11.219119",
        "geometry_type": "Polygon",
        "is_centroid": false,
        "is_tactical": true,
        "local_street_pressure": 12.146,
        "municipality": "Fortaleza",
        "name": "Comunidade dos Plásticos - Quintino Cunha",
        "nearby_streets": [
          "COMUNIDADE DOS PLÁSTICOS - QUINTINO CUNHA",
          "RUA ANÁRIO BRAGA",
          "MURIÇOCA - QUINTINO CUNHA"
        ],
        "nearby_streets_count": 44,
        "node_id": 103,
        "parent_area": "QUINTINO CUNHA",
        "parent_risk_level": "alto",
        "parent_risk_score": 51.0,
        "parent_status": "ALTO",
        "peak_hours": "Entre 17hs e 22hs",
        "rank": 103,
        "region": "fortaleza",
        "risk_score": 48.844,
        "score": 48.844,
        "source_geometry_type": "Polygon"
      },
      "type": "Feature"
    },
    {
      "geometry": {
        "coordinates": [
          [
            [
              -38.604357,
              -3.726887
            ],
            [
              -38.604746,
              -3.728237
            ],
            [
              -38.604737,
              -3.728395
            ],
            [
              -38.603774,
              -3.730328
            ],
            [
              -38.60372,
              -3.730271
            ],
            [
              -38.602906,
              -3.727284
            ],
            [
              -38.603302,
              -3.727165
            ],
            [
              -38.603715,
              -3.727066
            ],
            [
              -38.604357,
              -3.726887
            ]
          ]
        ],
        "type": "Polygon"
      },
      "properties": {
        "bairro": "QUINTINO CUNHA",
        "faction": "CV",
        "generated_at": "2026-05-23T09:29:11.219119",
        "geometry_type": "Polygon",
        "is_centroid": false,
        "is_tactical": true,
        "local_street_pressure": 11.845,
        "municipality": "Fortaleza",
        "name": "São Francisco",
        "nearby_streets": [
          "SÃO FRANCISCO",
          "MORRO DO QC",
          "RUA LUÍS COSTA FILHO"
        ],
        "nearby_streets_count": 41,
        "node_id": 104,
        "parent_area": "QUINTINO CUNHA",
        "parent_risk_level": "alto",
        "parent_risk_score": 51.0,
        "parent_status": "ALTO",
        "peak_hours": "Entre 17hs e 22hs",
        "rank": 104,
        "region": "fortaleza",
        "risk_score": 48.748,
        "score": 48.748,
        "source_geometry_type": "Polygon"
      },
      "type": "Feature"
    },
    {
      "geometry": {
        "coordinates": [
          [
            [
              -38.600651,
              -3.734078
            ],
            [
              -38.600737,
              -3.734474
            ],
            [
              -38.600745,
              -3.73498
            ],
            [
              -38.600799,
              -3.73695
            ],
            [
              -38.599683,
              -3.736731
            ],
            [
              -38.599892,
              -3.735457
            ],
            [
              -38.599801,
              -3.735435
            ],
            [
              -38.599836,
              -3.735245
            ],
            [
              -38.599744,
              -3.734876
            ],
            [
              -38.598851,
              -3.735194
            ],
            [
              -38.598562,
              -3.735238
            ],
            [
              -38.598782,
              -3.734643
            ],
            [
              -38.599173,
              -3.734477
            ],
            [
              -38.600147,
              -3.734175
            ],
            [
              -38.600651,
              -3.734078
            ]
          ]
        ],
        "type": "Polygon"
      },
      "properties": {
        "bairro": "QUINTINO CUNHA",
        "faction": "CV",
        "generated_at": "2026-05-23T09:29:11.219119",
        "geometry_type": "Polygon",
        "is_centroid": false,
        "is_tactical": true,
        "local_street_pressure": 11.718,
        "municipality": "Fortaleza",
        "name": "Muriçoca - Quintino Cunha",
        "nearby_streets": [
          "MURIÇOCA - QUINTINO CUNHA",
          "COMUNIDADE DOS PLÁSTICOS - QUINTINO CUNHA",
          "RUA ANÁRIO BRAGA"
        ],
        "nearby_streets_count": 46,
        "node_id": 105,
        "parent_area": "QUINTINO CUNHA",
        "parent_risk_level": "alto",
        "parent_risk_score": 51.0,
        "parent_status": "ALTO",
        "peak_hours": "Entre 17hs e 22hs",
        "rank": 105,
        "region": "fortaleza",
        "risk_score": 48.64,
        "score": 48.64,
        "source_geometry_type": "Polygon"
      },
      "type": "Feature"
    },
    {
      "geometry": {
        "coordinates": [
          [
            [
              -38.602488,
              -3.725987
            ],
            [
              -38.602525,
              -3.726101
            ],
            [
              -38.602745,
              -3.726851
            ],
            [
              -38.602773,
              -3.727066
            ],
            [
              -38.602751,
              -3.727098
            ],
            [
              -38.601012,
              -3.727622
            ],
            [
              -38.600964,
              -3.727581
            ],
            [
              -38.600738,
              -3.726708
            ],
            [
              -38.60072,
              -3.726548
            ],
            [
              -38.602488,
              -3.725987
            ]
          ]
        ],
        "type": "Polygon"
      },
      "properties": {
        "bairro": "QUINTINO CUNHA",
        "faction": "CV",
        "generated_at": "2026-05-23T09:29:11.219119",
        "geometry_type": "Polygon",
        "is_centroid": false,
        "is_tactical": true,
        "local_street_pressure": 11.705,
        "municipality": "Fortaleza",
        "name": "Vila da 6 Q.C",
        "nearby_streets": [
          "VILA DA 6 Q.C",
          "MORRO DO QC",
          "FAVELINHA"
        ],
        "nearby_streets_count": 39,
        "node_id": 106,
        "parent_area": "QUINTINO CUNHA",
        "parent_risk_level": "alto",
        "parent_risk_score": 51.0,
        "parent_status": "ALTO",
        "peak_hours": "Entre 17hs e 22hs",
        "rank": 106,
        "region": "fortaleza",
        "risk_score": 48.577,
        "score": 48.577,
        "source_geometry_type": "Polygon"
      },
      "type": "Feature"
    },
    {
      "geometry": {
        "coordinates": [
          [
            [
              -38.598366,
              -3.727265
            ],
            [
              -38.600633,
              -3.726597
            ],
            [
              -38.600916,
              -3.727622
            ],
            [
              -38.598693,
              -3.728271
            ],
            [
              -38.598586,
              -3.728033
            ],
            [
              -38.598366,
              -3.727265
            ]
          ]
        ],
        "type": "Polygon"
      },
      "properties": {
        "bairro": "QUINTINO CUNHA",
        "faction": "CV",
        "generated_at": "2026-05-23T09:29:11.219119",
        "geometry_type": "Polygon",
        "is_centroid": false,
        "is_tactical": true,
        "local_street_pressure": 11.498,
        "municipality": "Fortaleza",
        "name": "Favelinha",
        "nearby_streets": [
          "FAVELINHA",
          "VILA DA 6 Q.C",
          "MORRO DO QC"
        ],
        "nearby_streets_count": 40,
        "node_id": 107,
        "parent_area": "QUINTINO CUNHA",
        "parent_risk_level": "alto",
        "parent_risk_score": 51.0,
        "parent_status": "ALTO",
        "peak_hours": "Entre 17hs e 22hs",
        "rank": 107,
        "region": "fortaleza",
        "risk_score": 48.445,
        "score": 48.445,
        "source_geometry_type": "Polygon"
      },
      "type": "Feature"
    },
    {
      "geometry": {
        "coordinates": [
          [
            [
              -38.493423,
              -3.837638
            ],
            [
              -38.493472,
              -3.83785
            ],
            [
              -38.49351,
              -3.8381
            ],
            [
              -38.493514,
              -3.838212
            ],
            [
              -38.493486,
              -3.838505
            ],
            [
              -38.492942,
              -3.838179
            ],
            [
              -38.491706,
              -3.837278
            ],
            [
              -38.490604,
              -3.836575
            ],
            [
              -38.490925,
              -3.835726
            ],
            [
              -38.490376,
              -3.835197
            ],
            [
              -38.491931,
              -3.833699
            ],
            [
              -38.492167,
              -3.833913
            ],
            [
              -38.492414,
              -3.834512
            ],
            [
              -38.492929,
              -3.836321
            ],
            [
              -38.493423,
              -3.837638
            ]
          ]
        ],
        "type": "Polygon"
      },
      "properties": {
        "bairro": "MESSEJANA",
        "faction": "CV",
        "generated_at": "2026-05-23T09:29:11.219119",
        "geometry_type": "Polygon",
        "is_centroid": false,
        "is_tactical": true,
        "local_street_pressure": 9.071,
        "municipality": "Fortaleza",
        "name": "Cemitério",
        "nearby_streets": [
          "RUA COPÉRNICO",
          "CEMITÉRIO",
          "AREA SEM NOME"
        ],
        "nearby_streets_count": 38,
        "node_id": 108,
        "parent_area": "MESSEJANA",
        "parent_risk_level": "alto",
        "parent_risk_score": 53.1,
        "parent_status": "ALTO",
        "peak_hours": "Entre 16hs e 21hs",
        "rank": 108,
        "region": "fortaleza",
        "risk_score": 48.433,
        "score": 48.433,
        "source_geometry_type": "Polygon"
      },
      "type": "Feature"
    },
    {
      "geometry": {
        "coordinates": [
          [
            [
              -38.616822,
              -3.800875
            ],
            [
              -38.617085,
              -3.801619
            ],
            [
              -38.61539,
              -3.801838
            ],
            [
              -38.61554,
              -3.803241
            ],
            [
              -38.614902,
              -3.8033
            ],
            [
              -38.614676,
              -3.80156
            ],
            [
              -38.613604,
              -3.801614
            ],
            [
              -38.613464,
              -3.800126
            ],
            [
              -38.614569,
              -3.799992
            ],
            [
              -38.614735,
              -3.801517
            ],
            [
              -38.615336,
              -3.801475
            ],
            [
              -38.615293,
              -3.801052
            ],
            [
              -38.616822,
              -3.800875
            ]
          ]
        ],
        "type": "Polygon"
      },
      "properties": {
        "bairro": "SIQUEIRA",
        "faction": "CV",
        "generated_at": "2026-05-23T09:29:11.219119",
        "geometry_type": "Polygon",
        "is_centroid": false,
        "is_tactical": true,
        "local_street_pressure": 11.689,
        "municipality": "Fortaleza",
        "name": "Conjunto Tatumandé",
        "nearby_streets": [
          "CONJUNTO TATUMANDÉ",
          "TATUMUNDÉ",
          "RUA JOSÉ MAURÍCIO"
        ],
        "nearby_streets_count": 45,
        "node_id": 109,
        "parent_area": "SIQUEIRA",
        "parent_risk_level": "moderado",
        "parent_risk_score": 50.6,
        "parent_status": "MODERADO",
        "peak_hours": "Entre 18hs e 23hs",
        "rank": 109,
        "region": "fortaleza",
        "risk_score": 48.377,
        "score": 48.377,
        "source_geometry_type": "Polygon"
      },
      "type": "Feature"
    },
    {
      "geometry": {
        "coordinates": [
          [
            [
              -38.614426,
              -3.803502
            ],
            [
              -38.615016,
              -3.804508
            ],
            [
              -38.614224,
              -3.805191
            ],
            [
              -38.614337,
              -3.80533
            ],
            [
              -38.614194,
              -3.805468
            ],
            [
              -38.614033,
              -3.805566
            ],
            [
              -38.613833,
              -3.805707
            ],
            [
              -38.613707,
              -3.805675
            ],
            [
              -38.613254,
              -3.8061
            ],
            [
              -38.612582,
              -3.805412
            ],
            [
              -38.612654,
              -3.805349
            ],
            [
              -38.612028,
              -3.804729
            ],
            [
              -38.612704,
              -3.80412
            ],
            [
              -38.612513,
              -3.80391
            ],
            [
              -38.612226,
              -3.803968
            ],
            [
              -38.612165,
              -3.80385
            ],
            [
              -38.612356,
              -3.803783
            ],
            [
              -38.612586,
              -3.803707
            ],
            [
              -38.612808,
              -3.803591
            ],
            [
              -38.613064,
              -3.80345
            ],
            [
              -38.613278,
              -3.803705
            ],
            [
              -38.614168,
              -3.803502
            ],
            [
              -38.614426,
              -3.803502
            ]
          ]
        ],
        "type": "Polygon"
      },
      "properties": {
        "bairro": "SIQUEIRA",
        "faction": "CV",
        "generated_at": "2026-05-23T09:29:11.219119",
        "geometry_type": "Polygon",
        "is_centroid": false,
        "is_tactical": true,
        "local_street_pressure": 11.655,
        "municipality": "Fortaleza",
        "name": "Comunidade do Buraco",
        "nearby_streets": [
          "COMUNIDADE DO BURACO",
          "RUA JOSÉ MAURÍCIO",
          "RUA MARIA NÚBIA DE QUEIROZ"
        ],
        "nearby_streets_count": 47,
        "node_id": 110,
        "parent_area": "SIQUEIRA",
        "parent_risk_level": "moderado",
        "parent_risk_score": 50.6,
        "parent_status": "MODERADO",
        "peak_hours": "Entre 18hs e 23hs",
        "rank": 110,
        "region": "fortaleza",
        "risk_score": 48.376,
        "score": 48.376,
        "source_geometry_type": "Polygon"
      },
      "type": "Feature"
    },
    {
      "geometry": {
        "coordinates": [
          [
            [
              -38.615438,
              -3.801901
            ],
            [
              -38.617099,
              -3.801674
            ],
            [
              -38.617355,
              -3.802404
            ],
            [
              -38.616878,
              -3.802483
            ],
            [
              -38.616363,
              -3.802558
            ],
            [
              -38.615528,
              -3.802643
            ],
            [
              -38.615438,
              -3.801901
            ]
          ]
        ],
        "type": "Polygon"
      },
      "properties": {
        "bairro": "SIQUEIRA",
        "faction": "CV",
        "generated_at": "2026-05-23T09:29:11.219119",
        "geometry_type": "Polygon",
        "is_centroid": false,
        "is_tactical": true,
        "local_street_pressure": 11.724,
        "municipality": "Fortaleza",
        "name": "Tatumundé",
        "nearby_streets": [
          "TATUMUNDÉ",
          "CONJUNTO TATUMANDÉ",
          "CONJUNTO RAQUEL DE QUEIROZ"
        ],
        "nearby_streets_count": 43,
        "node_id": 111,
        "parent_area": "SIQUEIRA",
        "parent_risk_level": "moderado",
        "parent_risk_score": 50.6,
        "parent_status": "MODERADO",
        "peak_hours": "Entre 18hs e 23hs",
        "rank": 111,
        "region": "fortaleza",
        "risk_score": 48.264,
        "score": 48.264,
        "source_geometry_type": "Polygon"
      },
      "type": "Feature"
    },
    {
      "geometry": {
        "coordinates": [
          [
            [
              -38.604274,
              -3.725444
            ],
            [
              -38.604329,
              -3.725722
            ],
            [
              -38.60442,
              -3.725903
            ],
            [
              -38.604535,
              -3.72626
            ],
            [
              -38.604587,
              -3.726317
            ],
            [
              -38.604656,
              -3.726585
            ],
            [
              -38.604676,
              -3.726751
            ],
            [
              -38.604411,
              -3.726869
            ],
            [
              -38.602906,
              -3.727284
            ],
            [
              -38.602638,
              -3.726332
            ],
            [
              -38.602786,
              -3.726122
            ],
            [
              -38.602858,
              -3.725864
            ],
            [
              -38.604274,
              -3.725444
            ]
          ]
        ],
        "type": "Polygon"
      },
      "properties": {
        "bairro": "QUINTINO CUNHA",
        "faction": "CV",
        "generated_at": "2026-05-23T09:29:11.219119",
        "geometry_type": "Polygon",
        "is_centroid": false,
        "is_tactical": true,
        "local_street_pressure": 11.243,
        "municipality": "Fortaleza",
        "name": "Morro do QC",
        "nearby_streets": [
          "MORRO DO QC",
          "ILHA DOURADA",
          "QC"
        ],
        "nearby_streets_count": 39,
        "node_id": 112,
        "parent_area": "QUINTINO CUNHA",
        "parent_risk_level": "alto",
        "parent_risk_score": 51.0,
        "parent_status": "ALTO",
        "peak_hours": "Entre 17hs e 22hs",
        "rank": 112,
        "region": "fortaleza",
        "risk_score": 48.26,
        "score": 48.26,
        "source_geometry_type": "Polygon"
      },
      "type": "Feature"
    },
    {
      "geometry": {
        "coordinates": [
          [
            [
              -38.605547,
              -3.722395
            ],
            [
              -38.605644,
              -3.722832
            ],
            [
              -38.605609,
              -3.723558
            ],
            [
              -38.605574,
              -3.723907
            ],
            [
              -38.605512,
              -3.72421
            ],
            [
              -38.605446,
              -3.724395
            ],
            [
              -38.605318,
              -3.724546
            ],
            [
              -38.604811,
              -3.724942
            ],
            [
              -38.604892,
              -3.725218
            ],
            [
              -38.602427,
              -3.725898
            ],
            [
              -38.601604,
              -3.723341
            ],
            [
              -38.601277,
              -3.722254
            ],
            [
              -38.601682,
              -3.722116
            ],
            [
              -38.601942,
              -3.722207
            ],
            [
              -38.60219,
              -3.722161
            ],
            [
              -38.60241,
              -3.722515
            ],
            [
              -38.602106,
              -3.7226
            ],
            [
              -38.602061,
              -3.722554
            ],
            [
              -38.601792,
              -3.722627
            ],
            [
              -38.601855,
              -3.722863
            ],
            [
              -38.602005,
              -3.72284
            ],
            [
              -38.60209,
              -3.723067
            ],
            [
              -38.603384,
              -3.722694
            ],
            [
              -38.604785,
              -3.722328
            ],
            [
              -38.604835,
              -3.722501
            ],
            [
              -38.605547,
              -3.722395
            ]
          ]
        ],
        "type": "Polygon"
      },
      "properties": {
        "bairro": "QUINTINO CUNHA",
        "faction": "CV",
        "generated_at": "2026-05-23T09:29:11.220168",
        "geometry_type": "Polygon",
        "is_centroid": false,
        "is_tactical": true,
        "local_street_pressure": 10.444,
        "municipality": "Fortaleza",
        "name": "QC",
        "nearby_streets": [
          "QC",
          "ILHA DOURADA",
          "MORRO DO QC"
        ],
        "nearby_streets_count": 38,
        "node_id": 113,
        "parent_area": "QUINTINO CUNHA",
        "parent_risk_level": "alto",
        "parent_risk_score": 51.0,
        "parent_status": "ALTO",
        "peak_hours": "Entre 17hs e 22hs",
        "rank": 113,
        "region": "fortaleza",
        "risk_score": 48.082,
        "score": 48.082,
        "source_geometry_type": "Polygon"
      },
      "type": "Feature"
    },
    {
      "geometry": {
        "coordinates": [
          [
            [
              -38.573811,
              -3.833393
            ],
            [
              -38.574864,
              -3.835022
            ],
            [
              -38.574649,
              -3.835106
            ],
            [
              -38.574803,
              -3.835734
            ],
            [
              -38.573305,
              -3.836113
            ],
            [
              -38.570177,
              -3.838635
            ],
            [
              -38.569727,
              -3.837561
            ],
            [
              -38.570437,
              -3.837186
            ],
            [
              -38.569703,
              -3.835365
            ],
            [
              -38.572001,
              -3.83436
            ],
            [
              -38.573149,
              -3.833861
            ],
            [
              -38.573811,
              -3.833393
            ]
          ]
        ],
        "type": "Polygon"
      },
      "properties": {
        "bairro": "PLANALTO AYRTON SENNA",
        "faction": "CV",
        "generated_at": "2026-05-23T09:29:11.220168",
        "geometry_type": "Polygon",
        "is_centroid": false,
        "is_tactical": true,
        "local_street_pressure": 13.345,
        "municipality": "Fortaleza",
        "name": "Barreiros - Planalto Ayrton Senna",
        "nearby_streets": [
          "BARREIROS - PLANALTO AYRTON SENNA",
          "AREA SEM NOME",
          "BECO PLANALTINA"
        ],
        "nearby_streets_count": 40,
        "node_id": 114,
        "parent_area": "PLANALTO AYRTON SENNA",
        "parent_risk_level": "moderado",
        "parent_risk_score": 47.7,
        "parent_status": "MODERADO",
        "peak_hours": "Entre 15hs e 20hs",
        "rank": 114,
        "region": "fortaleza",
        "risk_score": 47.892,
        "score": 47.892,
        "source_geometry_type": "Polygon"
      },
      "type": "Feature"
    },
    {
      "geometry": {
        "coordinates": [
          [
            [
              -38.618827,
              -3.791711
            ],
            [
              -38.618018,
              -3.79198
            ],
            [
              -38.614977,
              -3.792966
            ],
            [
              -38.613448,
              -3.788186
            ],
            [
              -38.616683,
              -3.787153
            ],
            [
              -38.621948,
              -3.785699
            ],
            [
              -38.623283,
              -3.790429
            ],
            [
              -38.621838,
              -3.790856
            ],
            [
              -38.620435,
              -3.791218
            ],
            [
              -38.620011,
              -3.789887
            ],
            [
              -38.61955,
              -3.790008
            ],
            [
              -38.619356,
              -3.789324
            ],
            [
              -38.619081,
              -3.7894
            ],
            [
              -38.61896,
              -3.78901
            ],
            [
              -38.618728,
              -3.789076
            ],
            [
              -38.618676,
              -3.788917
            ],
            [
              -38.61857,
              -3.788929
            ],
            [
              -38.618603,
              -3.789009
            ],
            [
              -38.618517,
              -3.78905
            ],
            [
              -38.618555,
              -3.789182
            ],
            [
              -38.618434,
              -3.789265
            ],
            [
              -38.618454,
              -3.789429
            ],
            [
              -38.618352,
              -3.789447
            ],
            [
              -38.618268,
              -3.789226
            ],
            [
              -38.618114,
              -3.789228
            ],
            [
              -38.618187,
              -3.789405
            ],
            [
              -38.618277,
              -3.789585
            ],
            [
              -38.618388,
              -3.789673
            ],
            [
              -38.618423,
              -3.789837
            ],
            [
              -38.618361,
              -3.789854
            ],
            [
              -38.618399,
              -3.790038
            ],
            [
              -38.618563,
              -3.789984
            ],
            [
              -38.618608,
              -3.790128
            ],
            [
              -38.618664,
              -3.790133
            ],
            [
              -38.618757,
              -3.790132
            ],
            [
              -38.618794,
              -3.790247
            ],
            [
              -38.618638,
              -3.790293
            ],
            [
              -38.619011,
              -3.791659
            ],
            [
              -38.618827,
              -3.791711
            ]
          ]
        ],
        "type": "Polygon"
      },
      "properties": {
        "bairro": "GRANJA LISBOA",
        "faction": "CV",
        "generated_at": "2026-05-23T09:29:11.220168",
        "geometry_type": "Polygon",
        "is_centroid": false,
        "is_tactical": true,
        "local_street_pressure": 9.248,
        "municipality": "Fortaleza",
        "name": "Alto da Paz",
        "nearby_streets": [
          "ALTO DA PAZ",
          "AREA SEM NOME",
          "FAVELINHA- GRANJA LISBOA"
        ],
        "nearby_streets_count": 47,
        "node_id": 115,
        "parent_area": "GRANJA LISBOA",
        "parent_risk_level": "moderado",
        "parent_risk_score": 49.9,
        "parent_status": "MODERADO",
        "peak_hours": "Entre 12hs e 17hs",
        "rank": 115,
        "region": "fortaleza",
        "risk_score": 47.887,
        "score": 47.887,
        "source_geometry_type": "Polygon"
      },
      "type": "Feature"
    },
    {
      "geometry": {
        "coordinates": [
          [
            [
              -38.617596,
              -3.802445
            ],
            [
              -38.618052,
              -3.80297
            ],
            [
              -38.618025,
              -3.803227
            ],
            [
              -38.616781,
              -3.804254
            ],
            [
              -38.616244,
              -3.803596
            ],
            [
              -38.617596,
              -3.802445
            ]
          ]
        ],
        "type": "Polygon"
      },
      "properties": {
        "bairro": "SIQUEIRA",
        "faction": "CV",
        "generated_at": "2026-05-23T09:29:11.220168",
        "geometry_type": "Polygon",
        "is_centroid": false,
        "is_tactical": true,
        "local_street_pressure": 11.175,
        "municipality": "Fortaleza",
        "name": "Conjunto Raquel de Queiroz",
        "nearby_streets": [
          "CONJUNTO RAQUEL DE QUEIROZ",
          "TATUMUNDÉ",
          "CONJUNTO TATUMANDÉ"
        ],
        "nearby_streets_count": 42,
        "node_id": 116,
        "parent_area": "SIQUEIRA",
        "parent_risk_level": "moderado",
        "parent_risk_score": 50.6,
        "parent_status": "MODERADO",
        "peak_hours": "Entre 18hs e 23hs",
        "rank": 116,
        "region": "fortaleza",
        "risk_score": 47.876,
        "score": 47.876,
        "source_geometry_type": "Polygon"
      },
      "type": "Feature"
    },
    {
      "geometry": {
        "coordinates": [
          [
            [
              -38.620471,
              -3.813681
            ],
            [
              -38.622478,
              -3.816914
            ],
            [
              -38.622816,
              -3.817551
            ],
            [
              -38.618701,
              -3.821592
            ],
            [
              -38.613141,
              -3.815854
            ],
            [
              -38.614662,
              -3.815388
            ],
            [
              -38.615724,
              -3.815046
            ],
            [
              -38.615804,
              -3.813863
            ],
            [
              -38.615922,
              -3.813606
            ],
            [
              -38.61766,
              -3.813103
            ],
            [
              -38.617274,
              -3.812011
            ],
            [
              -38.619055,
              -3.81139
            ],
            [
              -38.620471,
              -3.813681
            ]
          ]
        ],
        "type": "Polygon"
      },
      "properties": {
        "bairro": "SIQUEIRA",
        "faction": "CV",
        "generated_at": "2026-05-23T09:29:11.220168",
        "geometry_type": "Polygon",
        "is_centroid": false,
        "is_tactical": true,
        "local_street_pressure": 7.936,
        "municipality": "Fortaleza",
        "name": "SIQUEIRA",
        "nearby_streets": [
          "SIQUEIRA",
          "RUA ITAPOÃ",
          "PARAÍSO VERDE"
        ],
        "nearby_streets_count": 35,
        "node_id": 117,
        "parent_area": "SIQUEIRA",
        "parent_risk_level": "moderado",
        "parent_risk_score": 50.6,
        "parent_status": "MODERADO",
        "peak_hours": "Entre 18hs e 23hs",
        "rank": 117,
        "region": "fortaleza",
        "risk_score": 47.835,
        "score": 47.835,
        "source_geometry_type": "Polygon"
      },
      "type": "Feature"
    },
    {
      "geometry": {
        "coordinates": [
          [
            [
              -38.612168,
              -3.798248
            ],
            [
              -38.612686,
              -3.798342
            ],
            [
              -38.612722,
              -3.800001
            ],
            [
              -38.612322,
              -3.800004
            ],
            [
              -38.612182,
              -3.800038
            ],
            [
              -38.612168,
              -3.798248
            ]
          ]
        ],
        "type": "Polygon"
      },
      "properties": {
        "bairro": "SIQUEIRA",
        "faction": "CV",
        "generated_at": "2026-05-23T09:29:11.220168",
        "geometry_type": "Polygon",
        "is_centroid": false,
        "is_tactical": true,
        "local_street_pressure": 11.158,
        "municipality": "Fortaleza",
        "name": "Canal",
        "nearby_streets": [
          "CANAL",
          "CONJUNTO TATUMANDÉ",
          "RUA MARIA NÚBIA DE QUEIROZ"
        ],
        "nearby_streets_count": 48,
        "node_id": 118,
        "parent_area": "SIQUEIRA",
        "parent_risk_level": "moderado",
        "parent_risk_score": 50.6,
        "parent_status": "MODERADO",
        "peak_hours": "Entre 18hs e 23hs",
        "rank": 118,
        "region": "fortaleza",
        "risk_score": 47.834,
        "score": 47.834,
        "source_geometry_type": "Polygon"
      },
      "type": "Feature"
    },
    {
      "geometry": {
        "coordinates": [
          [
            [
              -38.608907,
              -3.788956
            ],
            [
              -38.610267,
              -3.788514
            ],
            [
              -38.610446,
              -3.789092
            ],
            [
              -38.609092,
              -3.789549
            ],
            [
              -38.608907,
              -3.788956
            ]
          ]
        ],
        "type": "Polygon"
      },
      "properties": {
        "bairro": "GRANJA LISBOA",
        "faction": "CV",
        "generated_at": "2026-05-23T09:29:11.220168",
        "geometry_type": "Polygon",
        "is_centroid": false,
        "is_tactical": true,
        "local_street_pressure": 11.721,
        "municipality": "Fortaleza",
        "name": "Travessa",
        "nearby_streets": [
          "TRAVESSA",
          "BECO DO EDSON",
          "RUA CORONEL JOÃO CORREIA"
        ],
        "nearby_streets_count": 49,
        "node_id": 119,
        "parent_area": "GRANJA LISBOA",
        "parent_risk_level": "moderado",
        "parent_risk_score": 49.9,
        "parent_status": "MODERADO",
        "peak_hours": "Entre 12hs e 17hs",
        "rank": 119,
        "region": "fortaleza",
        "risk_score": 47.735,
        "score": 47.735,
        "source_geometry_type": "Polygon"
      },
      "type": "Feature"
    },
    {
      "geometry": {
        "coordinates": [
          [
            [
              -38.572428,
              -3.82979
            ],
            [
              -38.573784,
              -3.833353
            ],
            [
              -38.573408,
              -3.833646
            ],
            [
              -38.573149,
              -3.833861
            ],
            [
              -38.572428,
              -3.834122
            ],
            [
              -38.571628,
              -3.834486
            ],
            [
              -38.570457,
              -3.83499
            ],
            [
              -38.569667,
              -3.835391
            ],
            [
              -38.569599,
              -3.834782
            ],
            [
              -38.569537,
              -3.834277
            ],
            [
              -38.569452,
              -3.834276
            ],
            [
              -38.569425,
              -3.834161
            ],
            [
              -38.569044,
              -3.833589
            ],
            [
              -38.568442,
              -3.832336
            ],
            [
              -38.568301,
              -3.831961
            ],
            [
              -38.568127,
              -3.831491
            ],
            [
              -38.570306,
              -3.830565
            ],
            [
              -38.572428,
              -3.82979
            ]
          ]
        ],
        "type": "Polygon"
      },
      "properties": {
        "bairro": "PLANALTO AYRTON SENNA",
        "faction": "CV",
        "generated_at": "2026-05-23T09:29:11.220168",
        "geometry_type": "Polygon",
        "is_centroid": false,
        "is_tactical": true,
        "local_street_pressure": 12.481,
        "municipality": "Fortaleza",
        "name": "Pantanal - Planalto Ayrton Senna",
        "nearby_streets": [
          "PANTANAL - PLANALTO AYRTON SENNA",
          "AREA SEM NOME",
          "FAVELA DO QUADRADO"
        ],
        "nearby_streets_count": 42,
        "node_id": 120,
        "parent_area": "PLANALTO AYRTON SENNA",
        "parent_risk_level": "moderado",
        "parent_risk_score": 47.7,
        "parent_status": "MODERADO",
        "peak_hours": "Entre 15hs e 20hs",
        "rank": 120,
        "region": "fortaleza",
        "risk_score": 47.561,
        "score": 47.561,
        "source_geometry_type": "Polygon"
      },
      "type": "Feature"
    },
    {
      "geometry": {
        "coordinates": [
          [
            [
              -38.605654,
              -3.721431
            ],
            [
              -38.605797,
              -3.721534
            ],
            [
              -38.605942,
              -3.721563
            ],
            [
              -38.606081,
              -3.721802
            ],
            [
              -38.606039,
              -3.721919
            ],
            [
              -38.60614,
              -3.722372
            ],
            [
              -38.606257,
              -3.722366
            ],
            [
              -38.606286,
              -3.72252
            ],
            [
              -38.606171,
              -3.722611
            ],
            [
              -38.606102,
              -3.722924
            ],
            [
              -38.606,
              -3.723014
            ],
            [
              -38.605982,
              -3.7232
            ],
            [
              -38.605927,
              -3.724215
            ],
            [
              -38.605892,
              -3.724439
            ],
            [
              -38.605746,
              -3.724483
            ],
            [
              -38.605446,
              -3.724948
            ],
            [
              -38.605404,
              -3.725191
            ],
            [
              -38.605558,
              -3.725754
            ],
            [
              -38.605841,
              -3.725693
            ],
            [
              -38.605916,
              -3.726038
            ],
            [
              -38.605822,
              -3.726117
            ],
            [
              -38.605866,
              -3.726396
            ],
            [
              -38.605596,
              -3.726513
            ],
            [
              -38.60581,
              -3.727433
            ],
            [
              -38.605811,
              -3.72752
            ],
            [
              -38.605756,
              -3.727605
            ],
            [
              -38.60578,
              -3.727703
            ],
            [
              -38.605661,
              -3.72787
            ],
            [
              -38.605577,
              -3.72783
            ],
            [
              -38.605362,
              -3.728328
            ],
            [
              -38.605108,
              -3.728315
            ],
            [
              -38.605022,
              -3.728349
            ],
            [
              -38.604829,
              -3.728337
            ],
            [
              -38.60479,
              -3.728135
            ],
            [
              -38.604706,
              -3.727853
            ],
            [
              -38.604528,
              -3.727177
            ],
            [
              -38.604446,
              -3.726898
            ],
            [
              -38.604692,
              -3.726799
            ],
            [
              -38.604739,
              -3.726944
            ],
            [
              -38.604701,
              -3.727039
            ],
            [
              -38.604927,
              -3.727705
            ],
            [
              -38.604963,
              -3.727778
            ],
            [
              -38.60497,
              -3.727814
            ],
            [
              -38.605034,
              -3.727791
            ],
            [
              -38.60506,
              -3.727833
            ],
            [
              -38.605353,
              -3.727752
            ],
            [
              -38.60552,
              -3.727403
            ],
            [
              -38.605301,
              -3.727095
            ],
            [
              -38.605168,
              -3.726722
            ],
            [
              -38.605035,
              -3.726662
            ],
            [
              -38.604814,
              -3.725762
            ],
            [
              -38.60449,
              -3.725442
            ],
            [
              -38.604892,
              -3.725218
            ],
            [
              -38.604811,
              -3.724942
            ],
            [
              -38.605318,
              -3.724546
            ],
            [
              -38.605446,
              -3.724395
            ],
            [
              -38.605512,
              -3.72421
            ],
            [
              -38.605574,
              -3.723907
            ],
            [
              -38.605609,
              -3.723558
            ],
            [
              -38.605644,
              -3.722832
            ],
            [
              -38.605547,
              -3.722395
            ],
            [
              -38.605325,
              -3.721642
            ],
            [
              -38.605654,
              -3.721431
            ]
          ]
        ],
        "type": "Polygon"
      },
      "properties": {
        "bairro": "QUINTINO CUNHA",
        "faction": "CV",
        "generated_at": "2026-05-23T09:29:11.220168",
        "geometry_type": "Polygon",
        "is_centroid": false,
        "is_tactical": true,
        "local_street_pressure": 10.123,
        "municipality": "Fortaleza",
        "name": "Ilha Dourada",
        "nearby_streets": [
          "ILHA DOURADA",
          "MORRO DO QC",
          "QC"
        ],
        "nearby_streets_count": 37,
        "node_id": 121,
        "parent_area": "QUINTINO CUNHA",
        "parent_risk_level": "alto",
        "parent_risk_score": 51.0,
        "parent_status": "ALTO",
        "peak_hours": "Entre 17hs e 22hs",
        "rank": 121,
        "region": "fortaleza",
        "risk_score": 47.534,
        "score": 47.534,
        "source_geometry_type": "Polygon"
      },
      "type": "Feature"
    },
    {
      "geometry": {
        "coordinates": [
          [
            [
              -38.627134,
              -3.80904
            ],
            [
              -38.627339,
              -3.809421
            ],
            [
              -38.627738,
              -3.809962
            ],
            [
              -38.628859,
              -3.811525
            ],
            [
              -38.629738,
              -3.813045
            ],
            [
              -38.631146,
              -3.815447
            ],
            [
              -38.62465,
              -3.820527
            ],
            [
              -38.621821,
              -3.815764
            ],
            [
              -38.620568,
              -3.813627
            ],
            [
              -38.627134,
              -3.80904
            ]
          ]
        ],
        "type": "Polygon"
      },
      "properties": {
        "bairro": "SIQUEIRA",
        "faction": "CV",
        "generated_at": "2026-05-23T09:29:11.220168",
        "geometry_type": "Polygon",
        "is_centroid": false,
        "is_tactical": true,
        "local_street_pressure": 6.496,
        "municipality": "Fortaleza",
        "name": "Parque São João",
        "nearby_streets": [
          "PARQUE SÃO JOÃO",
          "RUA C ( LOTEAMENTO PARAÍSO VERDE)",
          "LOTEAMENTO JATOBÁ"
        ],
        "nearby_streets_count": 27,
        "node_id": 122,
        "parent_area": "SIQUEIRA",
        "parent_risk_level": "moderado",
        "parent_risk_score": 50.6,
        "parent_status": "MODERADO",
        "peak_hours": "Entre 18hs e 23hs",
        "rank": 122,
        "region": "fortaleza",
        "risk_score": 47.532,
        "score": 47.532,
        "source_geometry_type": "Polygon"
      },
      "type": "Feature"
    },
    {
      "geometry": {
        "coordinates": [
          [
            [
              -38.479542,
              -3.82556
            ],
            [
              -38.479259,
              -3.825163
            ],
            [
              -38.479924,
              -3.82461
            ],
            [
              -38.480139,
              -3.824436
            ],
            [
              -38.480131,
              -3.82442
            ],
            [
              -38.480323,
              -3.824261
            ],
            [
              -38.479907,
              -3.823683
            ],
            [
              -38.479997,
              -3.823628
            ],
            [
              -38.479958,
              -3.823564
            ],
            [
              -38.480193,
              -3.82334
            ],
            [
              -38.480303,
              -3.823276
            ],
            [
              -38.480399,
              -3.823174
            ],
            [
              -38.481048,
              -3.822636
            ],
            [
              -38.481123,
              -3.822596
            ],
            [
              -38.481162,
              -3.822711
            ],
            [
              -38.48119,
              -3.82365
            ],
            [
              -38.481206,
              -3.823953
            ],
            [
              -38.481072,
              -3.82395
            ],
            [
              -38.480909,
              -3.824065
            ],
            [
              -38.480858,
              -3.824009
            ],
            [
              -38.480785,
              -3.824062
            ],
            [
              -38.480814,
              -3.824084
            ],
            [
              -38.480629,
              -3.824255
            ],
            [
              -38.480721,
              -3.824378
            ],
            [
              -38.480619,
              -3.824464
            ],
            [
              -38.480723,
              -3.824606
            ],
            [
              -38.481217,
              -3.824207
            ],
            [
              -38.481225,
              -3.824408
            ],
            [
              -38.481061,
              -3.824408
            ],
            [
              -38.481083,
              -3.824568
            ],
            [
              -38.481131,
              -3.824635
            ],
            [
              -38.481249,
              -3.824592
            ],
            [
              -38.481292,
              -3.824702
            ],
            [
              -38.481265,
              -3.824769
            ],
            [
              -38.481029,
              -3.825004
            ],
            [
              -38.480842,
              -3.825191
            ],
            [
              -38.480652,
              -3.82533
            ],
            [
              -38.479843,
              -3.825994
            ],
            [
              -38.479542,
              -3.82556
            ]
          ]
        ],
        "type": "Polygon"
      },
      "properties": {
        "bairro": "CURIÓ",
        "faction": "MASSA",
        "generated_at": "2026-05-23T09:29:11.220168",
        "geometry_type": "Polygon",
        "is_centroid": false,
        "is_tactical": true,
        "local_street_pressure": 10.352,
        "municipality": "São Miguel",
        "name": "Favelinha - São Miguel",
        "nearby_streets": [
          "FAVELINHA - SÃO MIGUEL",
          "TRAVESSA ELIEL",
          "RUA AMBRÓSIO DE CARVALHO"
        ],
        "nearby_streets_count": 24,
        "node_id": 123,
        "parent_area": "CURIÓ",
        "parent_risk_level": "moderado",
        "parent_risk_score": 50.8,
        "parent_status": "MODERADO",
        "peak_hours": "Entre 17hs e 22hs",
        "rank": 123,
        "region": "fortaleza",
        "risk_score": 47.501,
        "score": 47.501,
        "source_geometry_type": "Polygon"
      },
      "type": "Feature"
    },
    {
      "geometry": {
        "coordinates": [
          [
            [
              -38.61502,
              -3.782303
            ],
            [
              -38.61586,
              -3.785932
            ],
            [
              -38.61438,
              -3.786394
            ],
            [
              -38.614072,
              -3.785672
            ],
            [
              -38.614111,
              -3.785597
            ],
            [
              -38.613363,
              -3.782736
            ],
            [
              -38.61502,
              -3.782303
            ]
          ]
        ],
        "type": "Polygon"
      },
      "properties": {
        "bairro": "GRANJA LISBOA",
        "faction": "CV",
        "generated_at": "2026-05-23T09:29:11.220168",
        "geometry_type": "Polygon",
        "is_centroid": false,
        "is_tactical": true,
        "local_street_pressure": 10.92,
        "municipality": "Fortaleza",
        "name": "Mutirão da São Francisco",
        "nearby_streets": [
          "MUTIRÃO DA SÃO FRANCISCO",
          "RESIDENCIAL MARIA ALVES CARIOCA",
          "FAVELA DA MANGUEIRA"
        ],
        "nearby_streets_count": 46,
        "node_id": 124,
        "parent_area": "GRANJA LISBOA",
        "parent_risk_level": "moderado",
        "parent_risk_score": 49.9,
        "parent_status": "MODERADO",
        "peak_hours": "Entre 12hs e 17hs",
        "rank": 124,
        "region": "fortaleza",
        "risk_score": 47.419,
        "score": 47.419,
        "source_geometry_type": "Polygon"
      },
      "type": "Feature"
    },
    {
      "geometry": {
        "coordinates": [
          [
            [
              -38.586046,
              -3.80398
            ],
            [
              -38.5892,
              -3.80192
            ],
            [
              -38.590847,
              -3.803835
            ],
            [
              -38.589425,
              -3.804508
            ],
            [
              -38.589564,
              -3.805004
            ],
            [
              -38.590771,
              -3.804755
            ],
            [
              -38.591313,
              -3.804409
            ],
            [
              -38.59362,
              -3.806887
            ],
            [
              -38.593073,
              -3.807123
            ],
            [
              -38.592944,
              -3.807016
            ],
            [
              -38.592386,
              -3.807412
            ],
            [
              -38.592236,
              -3.807412
            ],
            [
              -38.591796,
              -3.807551
            ],
            [
              -38.591517,
              -3.807658
            ],
            [
              -38.59097,
              -3.807861
            ],
            [
              -38.590562,
              -3.808054
            ],
            [
              -38.589994,
              -3.808279
            ],
            [
              -38.58964,
              -3.808375
            ],
            [
              -38.587564,
              -3.805511
            ],
            [
              -38.587188,
              -3.805752
            ],
            [
              -38.586046,
              -3.80398
            ]
          ]
        ],
        "type": "Polygon"
      },
      "properties": {
        "bairro": "NOVO MONDUBIM",
        "faction": "CV",
        "generated_at": "2026-05-23T09:29:11.220168",
        "geometry_type": "Polygon",
        "is_centroid": false,
        "is_tactical": true,
        "local_street_pressure": 14.596,
        "municipality": "Fortaleza",
        "name": "Novo Mondubim",
        "nearby_streets": [
          "NOVO MONDUBIM",
          "BECO DO CHOCOLATE",
          "APARTAMENTOS DO NOVO MONDUBIM"
        ],
        "nearby_streets_count": 65,
        "node_id": 125,
        "parent_area": "NOVO MONDUBIM",
        "parent_risk_level": "moderado",
        "parent_risk_score": 45.1,
        "parent_status": "MODERADO",
        "rank": 125,
        "region": "fortaleza",
        "risk_score": 47.402,
        "score": 47.402,
        "source_geometry_type": "Polygon"
      },
      "type": "Feature"
    },
    {
      "geometry": {
        "coordinates": [
          [
            [
              -38.6353263,
              -3.812779
            ],
            [
              -38.6345323,
              -3.812993
            ],
            [
              -38.6317793,
              -3.813617
            ],
            [
              -38.6307173,
              -3.813842
            ],
            [
              -38.6304223,
              -3.813215
            ],
            [
              -38.6289333,
              -3.810948
            ],
            [
              -38.6276593,
              -3.809217
            ],
            [
              -38.6238543,
              -3.804382
            ],
            [
              -38.6241283,
              -3.804232
            ],
            [
              -38.6242863,
              -3.804623
            ],
            [
              -38.6244243,
              -3.804802
            ],
            [
              -38.6245843,
              -3.804885
            ],
            [
              -38.6246943,
              -3.805269
            ],
            [
              -38.6259013,
              -3.805109
            ],
            [
              -38.6272673,
              -3.804879
            ],
            [
              -38.6327093,
              -3.803374
            ],
            [
              -38.6328683,
              -3.803944
            ],
            [
              -38.6343223,
              -3.803617
            ],
            [
              -38.6346013,
              -3.804778
            ],
            [
              -38.6368703,
              -3.804276
            ],
            [
              -38.6372083,
              -3.805563
            ],
            [
              -38.6358943,
              -3.805886
            ],
            [
              -38.6360233,
              -3.806459
            ],
            [
              -38.6349933,
              -3.806684
            ],
            [
              -38.6353153,
              -3.807926
            ],
            [
              -38.6377613,
              -3.807348
            ],
            [
              -38.6377613,
              -3.807712
            ],
            [
              -38.6373103,
              -3.809275
            ],
            [
              -38.6353263,
              -3.812779
            ]
          ]
        ],
        "type": "Polygon"
      },
      "properties": {
        "bairro": "SIQUEIRA",
        "faction": "CV",
        "generated_at": "2026-05-23T09:29:11.220168",
        "geometry_type": "Polygon",
        "is_centroid": false,
        "is_tactical": true,
        "local_street_pressure": 5.044,
        "municipality": "Fortaleza",
        "name": "JATOBÁ",
        "nearby_streets": [
          "JATOBÁ",
          "RUA ERINEU RAMOS",
          "COMUNIDADE DO MUTIRÃO"
        ],
        "nearby_streets_count": 19,
        "node_id": 126,
        "parent_area": "SIQUEIRA",
        "parent_risk_level": "moderado",
        "parent_risk_score": 50.6,
        "parent_status": "MODERADO",
        "peak_hours": "Entre 18hs e 23hs",
        "rank": 126,
        "region": "fortaleza",
        "risk_score": 47.374,
        "score": 47.374,
        "source_geometry_type": "Polygon"
      },
      "type": "Feature"
    },
    {
      "geometry": {
        "coordinates": [
          [
            [
              -38.609432,
              -3.785962
            ],
            [
              -38.6098,
              -3.787047
            ],
            [
              -38.608399,
              -3.787486
            ],
            [
              -38.608224,
              -3.78687
            ],
            [
              -38.608459,
              -3.786788
            ],
            [
              -38.608878,
              -3.786617
            ],
            [
              -38.608873,
              -3.78656
            ],
            [
              -38.609137,
              -3.786256
            ],
            [
              -38.609406,
              -3.785896
            ],
            [
              -38.609432,
              -3.785962
            ]
          ]
        ],
        "type": "Polygon"
      },
      "properties": {
        "bairro": "GRANJA LISBOA",
        "faction": "CV",
        "generated_at": "2026-05-23T09:29:11.220168",
        "geometry_type": "Polygon",
        "is_centroid": false,
        "is_tactical": true,
        "local_street_pressure": 11.199,
        "municipality": "Fortaleza",
        "name": "Beco do Edson",
        "nearby_streets": [
          "BECO DO EDSON",
          "TRAVESSA",
          "FAVELA DA MANGUEIRA"
        ],
        "nearby_streets_count": 47,
        "node_id": 127,
        "parent_area": "GRANJA LISBOA",
        "parent_risk_level": "moderado",
        "parent_risk_score": 49.9,
        "parent_status": "MODERADO",
        "peak_hours": "Entre 12hs e 17hs",
        "rank": 127,
        "region": "fortaleza",
        "risk_score": 47.373,
        "score": 47.373,
        "source_geometry_type": "Polygon"
      },
      "type": "Feature"
    },
    {
      "geometry": {
        "coordinates": [
          [
            [
              -38.613401,
              -3.782919
            ],
            [
              -38.614111,
              -3.785597
            ],
            [
              -38.614072,
              -3.785672
            ],
            [
              -38.61125,
              -3.786591
            ],
            [
              -38.610841,
              -3.78525
            ],
            [
              -38.611228,
              -3.784544
            ],
            [
              -38.61154,
              -3.783238
            ],
            [
              -38.613363,
              -3.782736
            ],
            [
              -38.613401,
              -3.782919
            ]
          ]
        ],
        "type": "Polygon"
      },
      "properties": {
        "bairro": "GRANJA LISBOA",
        "faction": "CV",
        "generated_at": "2026-05-23T09:29:11.220168",
        "geometry_type": "Polygon",
        "is_centroid": false,
        "is_tactical": true,
        "local_street_pressure": 10.689,
        "municipality": "Fortaleza",
        "name": "Favela da Mangueira",
        "nearby_streets": [
          "FAVELA DA MANGUEIRA",
          "MUTIRÃO DA SÃO FRANCISCO",
          "RESIDENCIAL MARIA ALVES CARIOCA"
        ],
        "nearby_streets_count": 45,
        "node_id": 128,
        "parent_area": "GRANJA LISBOA",
        "parent_risk_level": "moderado",
        "parent_risk_score": 49.9,
        "parent_status": "MODERADO",
        "peak_hours": "Entre 12hs e 17hs",
        "rank": 128,
        "region": "fortaleza",
        "risk_score": 47.351,
        "score": 47.351,
        "source_geometry_type": "Polygon"
      },
      "type": "Feature"
    },
    {
      "geometry": {
        "coordinates": [
          [
            [
              -38.603015,
              -3.719899
            ],
            [
              -38.603192,
              -3.720236
            ],
            [
              -38.602494,
              -3.720466
            ],
            [
              -38.601958,
              -3.720632
            ],
            [
              -38.602006,
              -3.720857
            ],
            [
              -38.602081,
              -3.721108
            ],
            [
              -38.601631,
              -3.721157
            ],
            [
              -38.601609,
              -3.721034
            ],
            [
              -38.601309,
              -3.721135
            ],
            [
              -38.601357,
              -3.72136
            ],
            [
              -38.6011,
              -3.721558
            ],
            [
              -38.600145,
              -3.721879
            ],
            [
              -38.60018,
              -3.721989
            ],
            [
              -38.599265,
              -3.722265
            ],
            [
              -38.599423,
              -3.722838
            ],
            [
              -38.59853,
              -3.723108
            ],
            [
              -38.598332,
              -3.72239
            ],
            [
              -38.598549,
              -3.72231
            ],
            [
              -38.598562,
              -3.722243
            ],
            [
              -38.598294,
              -3.721301
            ],
            [
              -38.603015,
              -3.719899
            ]
          ]
        ],
        "type": "Polygon"
      },
      "properties": {
        "bairro": "QUINTINO CUNHA",
        "faction": "CV",
        "generated_at": "2026-05-23T09:29:11.220168",
        "geometry_type": "Polygon",
        "is_centroid": false,
        "is_tactical": true,
        "local_street_pressure": 9.736,
        "municipality": "Fortaleza",
        "name": "Comunidade do Inferninho",
        "nearby_streets": [
          "COMUNIDADE DO INFERNINHO",
          "QC",
          "VILA DA 6 Q.C"
        ],
        "nearby_streets_count": 37,
        "node_id": 129,
        "parent_area": "QUINTINO CUNHA",
        "parent_risk_level": "alto",
        "parent_risk_score": 51.0,
        "parent_status": "ALTO",
        "peak_hours": "Entre 17hs e 22hs",
        "rank": 129,
        "region": "fortaleza",
        "risk_score": 47.295,
        "score": 47.295,
        "source_geometry_type": "Polygon"
      },
      "type": "Feature"
    },
    {
      "geometry": {
        "coordinates": [
          [
            [
              -38.61772,
              -3.798947
            ],
            [
              -38.617932,
              -3.797893
            ],
            [
              -38.618612,
              -3.79804
            ],
            [
              -38.618606,
              -3.797931
            ],
            [
              -38.618648,
              -3.797849
            ],
            [
              -38.6185,
              -3.797408
            ],
            [
              -38.618424,
              -3.797292
            ],
            [
              -38.618369,
              -3.797052
            ],
            [
              -38.617653,
              -3.797135
            ],
            [
              -38.617674,
              -3.796616
            ],
            [
              -38.617151,
              -3.79595
            ],
            [
              -38.617236,
              -3.795703
            ],
            [
              -38.616442,
              -3.795754
            ],
            [
              -38.61596,
              -3.795727
            ],
            [
              -38.615777,
              -3.795395
            ],
            [
              -38.615675,
              -3.795073
            ],
            [
              -38.615471,
              -3.794402
            ],
            [
              -38.617509,
              -3.793725
            ],
            [
              -38.617719,
              -3.794419
            ],
            [
              -38.620047,
              -3.793629
            ],
            [
              -38.620074,
              -3.793894
            ],
            [
              -38.622188,
              -3.793749
            ],
            [
              -38.622743,
              -3.798677
            ],
            [
              -38.620039,
              -3.799008
            ],
            [
              -38.619535,
              -3.799148
            ],
            [
              -38.61772,
              -3.798947
            ]
          ]
        ],
        "type": "Polygon"
      },
      "properties": {
        "bairro": "GRANJA LISBOA",
        "faction": "CV",
        "generated_at": "2026-05-23T09:29:11.220168",
        "geometry_type": "Polygon",
        "is_centroid": false,
        "is_tactical": true,
        "local_street_pressure": 9.139,
        "municipality": "Fortaleza",
        "name": "Comunidade Forró do Meu",
        "nearby_streets": [
          "COMUNIDADE FORRÓ DO MEU",
          "COMUNIDADE MUTIRÃO",
          "FAVELINHA- GRANJA LISBOA"
        ],
        "nearby_streets_count": 45,
        "node_id": 130,
        "parent_area": "GRANJA LISBOA",
        "parent_risk_level": "moderado",
        "parent_risk_score": 49.9,
        "parent_status": "MODERADO",
        "peak_hours": "Entre 12hs e 17hs",
        "rank": 130,
        "region": "fortaleza",
        "risk_score": 47.145,
        "score": 47.145,
        "source_geometry_type": "Polygon"
      },
      "type": "Feature"
    },
    {
      "geometry": {
        "coordinates": [
          [
            [
              -38.572384,
              -3.836916
            ],
            [
              -38.572612,
              -3.837652
            ],
            [
              -38.571952,
              -3.837829
            ],
            [
              -38.571871,
              -3.837521
            ],
            [
              -38.571807,
              -3.837369
            ],
            [
              -38.572384,
              -3.836916
            ]
          ]
        ],
        "type": "Polygon"
      },
      "properties": {
        "bairro": "PLANALTO AYRTON SENNA",
        "faction": "CV",
        "generated_at": "2026-05-23T09:29:11.220168",
        "geometry_type": "Polygon",
        "is_centroid": false,
        "is_tactical": true,
        "local_street_pressure": 12.983,
        "municipality": "Fortaleza",
        "name": "Beco Planaltina",
        "nearby_streets": [
          "BECO PLANALTINA",
          "RUA PLANALTINA",
          "AURORA - CIDADE NOVA"
        ],
        "nearby_streets_count": 35,
        "node_id": 131,
        "parent_area": "PLANALTO AYRTON SENNA",
        "parent_risk_level": "moderado",
        "parent_risk_score": 47.7,
        "parent_status": "MODERADO",
        "peak_hours": "Entre 15hs e 20hs",
        "rank": 131,
        "region": "fortaleza",
        "risk_score": 47.04,
        "score": 47.04,
        "source_geometry_type": "Polygon"
      },
      "type": "Feature"
    },
    {
      "geometry": {
        "coordinates": [
          [
            [
              -38.615778,
              -3.798663
            ],
            [
              -38.611774,
              -3.798057
            ],
            [
              -38.611071,
              -3.795809
            ],
            [
              -38.615411,
              -3.794396
            ],
            [
              -38.615628,
              -3.795093
            ],
            [
              -38.615885,
              -3.795736
            ],
            [
              -38.617151,
              -3.79595
            ],
            [
              -38.617637,
              -3.796613
            ],
            [
              -38.617575,
              -3.797111
            ],
            [
              -38.616084,
              -3.796841
            ],
            [
              -38.615778,
              -3.798663
            ]
          ]
        ],
        "type": "Polygon"
      },
      "properties": {
        "bairro": "GRANJA LISBOA",
        "faction": "CV",
        "generated_at": "2026-05-23T09:29:11.220168",
        "geometry_type": "Polygon",
        "is_centroid": false,
        "is_tactical": true,
        "local_street_pressure": 9.683,
        "municipality": "Fortaleza",
        "name": "Comunidade Mutirão",
        "nearby_streets": [
          "COMUNIDADE MUTIRÃO",
          "COMUNIDADE FORRÓ DO MEU",
          "FAVELINHA- GRANJA LISBOA"
        ],
        "nearby_streets_count": 46,
        "node_id": 132,
        "parent_area": "GRANJA LISBOA",
        "parent_risk_level": "moderado",
        "parent_risk_score": 49.9,
        "parent_status": "MODERADO",
        "peak_hours": "Entre 12hs e 17hs",
        "rank": 132,
        "region": "fortaleza",
        "risk_score": 47.029,
        "score": 47.029,
        "source_geometry_type": "Polygon"
      },
      "type": "Feature"
    },
    {
      "geometry": {
        "coordinates": [
          [
            [
              -38.620471,
              -3.813681
            ],
            [
              -38.619055,
              -3.81139
            ],
            [
              -38.618469,
              -3.810483
            ],
            [
              -38.618147,
              -3.810879
            ],
            [
              -38.617621,
              -3.811104
            ],
            [
              -38.617353,
              -3.81066
            ],
            [
              -38.617551,
              -3.810526
            ],
            [
              -38.617514,
              -3.810392
            ],
            [
              -38.617927,
              -3.810103
            ],
            [
              -38.617744,
              -3.809734
            ],
            [
              -38.618024,
              -3.809546
            ],
            [
              -38.617283,
              -3.808315
            ],
            [
              -38.619408,
              -3.806945
            ],
            [
              -38.61988,
              -3.807095
            ],
            [
              -38.620309,
              -3.80808
            ],
            [
              -38.620716,
              -3.808915
            ],
            [
              -38.621467,
              -3.809428
            ],
            [
              -38.62269,
              -3.809964
            ],
            [
              -38.623881,
              -3.811248
            ],
            [
              -38.620471,
              -3.813681
            ]
          ]
        ],
        "type": "Polygon"
      },
      "properties": {
        "bairro": "SIQUEIRA",
        "faction": "CV",
        "generated_at": "2026-05-23T09:29:11.220168",
        "geometry_type": "Polygon",
        "is_centroid": false,
        "is_tactical": true,
        "local_street_pressure": 8.657,
        "municipality": "Fortaleza",
        "name": "Paraíso Verde",
        "nearby_streets": [
          "PARAÍSO VERDE",
          "RUA C ( LOTEAMENTO PARAÍSO VERDE)",
          "AREA SEM NOME"
        ],
        "nearby_streets_count": 35,
        "node_id": 133,
        "parent_area": "SIQUEIRA",
        "parent_risk_level": "moderado",
        "parent_risk_score": 50.6,
        "parent_status": "MODERADO",
        "peak_hours": "Entre 18hs e 23hs",
        "rank": 133,
        "region": "fortaleza",
        "risk_score": 47.01,
        "score": 47.01,
        "source_geometry_type": "Polygon"
      },
      "type": "Feature"
    },
    {
      "geometry": {
        "coordinates": [
          [
            [
              -38.576933,
              -3.831155
            ],
            [
              -38.577215,
              -3.831826
            ],
            [
              -38.576748,
              -3.832116
            ],
            [
              -38.576992,
              -3.832661
            ],
            [
              -38.577215,
              -3.832567
            ],
            [
              -38.577307,
              -3.832856
            ],
            [
              -38.577215,
              -3.832884
            ],
            [
              -38.577203,
              -3.83284
            ],
            [
              -38.57683,
              -3.832946
            ],
            [
              -38.57705,
              -3.83357
            ],
            [
              -38.577552,
              -3.833445
            ],
            [
              -38.57746,
              -3.833019
            ],
            [
              -38.577808,
              -3.832954
            ],
            [
              -38.577774,
              -3.832783
            ],
            [
              -38.577957,
              -3.832732
            ],
            [
              -38.578048,
              -3.833076
            ],
            [
              -38.577833,
              -3.833128
            ],
            [
              -38.578052,
              -3.834029
            ],
            [
              -38.577173,
              -3.834338
            ],
            [
              -38.577383,
              -3.834867
            ],
            [
              -38.576703,
              -3.835167
            ],
            [
              -38.577046,
              -3.835836
            ],
            [
              -38.575604,
              -3.836241
            ],
            [
              -38.575447,
              -3.835589
            ],
            [
              -38.575204,
              -3.834892
            ],
            [
              -38.574937,
              -3.83501
            ],
            [
              -38.574669,
              -3.834611
            ],
            [
              -38.573865,
              -3.833379
            ],
            [
              -38.574549,
              -3.832832
            ],
            [
              -38.576933,
              -3.831155
            ]
          ]
        ],
        "type": "Polygon"
      },
      "properties": {
        "bairro": "PLANALTO AYRTON SENNA",
        "faction": "CV",
        "generated_at": "2026-05-23T09:29:11.220168",
        "geometry_type": "Polygon",
        "is_centroid": false,
        "is_tactical": true,
        "local_street_pressure": 12.097,
        "municipality": "Fortaleza",
        "name": "Rua Fortaleza - Planalto Ayrton Senna",
        "nearby_streets": [
          "RUA FORTALEZA - PLANALTO AYRTON SENNA",
          "CANAL BAIXO",
          "COMUNIDADE DA CAGECE"
        ],
        "nearby_streets_count": 44,
        "node_id": 134,
        "parent_area": "PLANALTO AYRTON SENNA",
        "parent_risk_level": "moderado",
        "parent_risk_score": 47.7,
        "parent_status": "MODERADO",
        "peak_hours": "Entre 15hs e 20hs",
        "rank": 134,
        "region": "fortaleza",
        "risk_score": 46.895,
        "score": 46.895,
        "source_geometry_type": "Polygon"
      },
      "type": "Feature"
    },
    {
      "geometry": {
        "coordinates": [
          [
            [
              -38.5725,
              -3.829821
            ],
            [
              -38.573835,
              -3.829826
            ],
            [
              -38.573798,
              -3.829739
            ],
            [
              -38.573759,
              -3.829464
            ],
            [
              -38.574121,
              -3.829375
            ],
            [
              -38.574168,
              -3.82951
            ],
            [
              -38.574555,
              -3.829517
            ],
            [
              -38.574661,
              -3.829617
            ],
            [
              -38.574779,
              -3.829867
            ],
            [
              -38.575301,
              -3.829656
            ],
            [
              -38.575348,
              -3.829807
            ],
            [
              -38.575491,
              -3.829734
            ],
            [
              -38.575798,
              -3.830543
            ],
            [
              -38.575324,
              -3.830776
            ],
            [
              -38.575366,
              -3.830868
            ],
            [
              -38.574961,
              -3.831065
            ],
            [
              -38.575078,
              -3.831359
            ],
            [
              -38.574829,
              -3.831498
            ],
            [
              -38.574657,
              -3.831154
            ],
            [
              -38.574109,
              -3.8314
            ],
            [
              -38.57367,
              -3.831675
            ],
            [
              -38.573273,
              -3.831884
            ],
            [
              -38.5725,
              -3.829821
            ]
          ]
        ],
        "type": "Polygon"
      },
      "properties": {
        "bairro": "PLANALTO AYRTON SENNA",
        "faction": "CV",
        "generated_at": "2026-05-23T09:29:11.220168",
        "geometry_type": "Polygon",
        "is_centroid": false,
        "is_tactical": true,
        "local_street_pressure": 12.476,
        "municipality": "Fortaleza",
        "name": "Laje - Planalto Ayrton Senna",
        "nearby_streets": [
          "LAJE - PLANALTO AYRTON SENNA",
          "COMUNIDADE DA CAGECE",
          "COMUNIDADE DA PORTELINHA- PLANALTO AYRTON SENNA"
        ],
        "nearby_streets_count": 48,
        "node_id": 135,
        "parent_area": "PLANALTO AYRTON SENNA",
        "parent_risk_level": "moderado",
        "parent_risk_score": 47.7,
        "parent_status": "MODERADO",
        "peak_hours": "Entre 15hs e 20hs",
        "rank": 135,
        "region": "fortaleza",
        "risk_score": 46.883,
        "score": 46.883,
        "source_geometry_type": "Polygon"
      },
      "type": "Feature"
    },
    {
      "geometry": {
        "coordinates": [
          [
            [
              -38.62018,
              -3.800201
            ],
            [
              -38.622224,
              -3.802861
            ],
            [
              -38.620754,
              -3.803819
            ],
            [
              -38.619804,
              -3.80255
            ],
            [
              -38.619364,
              -3.802872
            ],
            [
              -38.618715,
              -3.801994
            ],
            [
              -38.618528,
              -3.801619
            ],
            [
              -38.62018,
              -3.800201
            ]
          ]
        ],
        "type": "Polygon"
      },
      "properties": {
        "bairro": "SIQUEIRA",
        "faction": "CV",
        "generated_at": "2026-05-23T09:29:11.220168",
        "geometry_type": "Polygon",
        "is_centroid": false,
        "is_tactical": true,
        "local_street_pressure": 9.455,
        "municipality": "Fortaleza",
        "name": "Conjunto Miguel Arraes",
        "nearby_streets": [
          "CONJUNTO MIGUEL ARRAES",
          "CONJUNTO RAQUEL DE QUEIROZ",
          "TATUMUNDÉ"
        ],
        "nearby_streets_count": 34,
        "node_id": 136,
        "parent_area": "SIQUEIRA",
        "parent_risk_level": "moderado",
        "parent_risk_score": 50.6,
        "parent_status": "MODERADO",
        "peak_hours": "Entre 18hs e 23hs",
        "rank": 136,
        "region": "fortaleza",
        "risk_score": 46.874,
        "score": 46.874,
        "source_geometry_type": "Polygon"
      },
      "type": "Feature"
    },
    {
      "geometry": {
        "coordinates": [
          [
            [
              -38.587523,
              -3.807144
            ],
            [
              -38.586334,
              -3.808029
            ],
            [
              -38.587019,
              -3.809192
            ],
            [
              -38.585194,
              -3.810288
            ],
            [
              -38.585068,
              -3.81017
            ],
            [
              -38.584419,
              -3.810488
            ],
            [
              -38.584312,
              -3.810393
            ],
            [
              -38.583384,
              -3.810872
            ],
            [
              -38.581803,
              -3.809996
            ],
            [
              -38.58113,
              -3.808894
            ],
            [
              -38.585394,
              -3.80614
            ],
            [
              -38.584996,
              -3.805551
            ],
            [
              -38.586372,
              -3.804656
            ],
            [
              -38.587161,
              -3.805859
            ],
            [
              -38.587275,
              -3.806087
            ],
            [
              -38.587333,
              -3.806331
            ],
            [
              -38.587306,
              -3.806825
            ],
            [
              -38.587523,
              -3.807144
            ]
          ]
        ],
        "type": "Polygon"
      },
      "properties": {
        "bairro": "NOVO MONDUBIM",
        "faction": "CV",
        "generated_at": "2026-05-23T09:29:11.220168",
        "geometry_type": "Polygon",
        "is_centroid": false,
        "is_tactical": true,
        "local_street_pressure": 14.048,
        "municipality": "Fortaleza",
        "name": "Modumbi",
        "nearby_streets": [
          "MODUMBI",
          "CONJ. NOVO MODUMBI",
          "CAMBERRINHA"
        ],
        "nearby_streets_count": 58,
        "node_id": 137,
        "parent_area": "NOVO MONDUBIM",
        "parent_risk_level": "moderado",
        "parent_risk_score": 45.1,
        "parent_status": "MODERADO",
        "rank": 137,
        "region": "fortaleza",
        "risk_score": 46.868,
        "score": 46.868,
        "source_geometry_type": "Polygon"
      },
      "type": "Feature"
    },
    {
      "geometry": {
        "coordinates": [
          [
            [
              -38.57691,
              -3.829892
            ],
            [
              -38.577147,
              -3.830086
            ],
            [
              -38.577468,
              -3.830541
            ],
            [
              -38.577385,
              -3.830596
            ],
            [
              -38.577469,
              -3.830733
            ],
            [
              -38.573825,
              -3.833309
            ],
            [
              -38.573273,
              -3.831884
            ],
            [
              -38.57367,
              -3.831675
            ],
            [
              -38.574109,
              -3.8314
            ],
            [
              -38.574657,
              -3.831154
            ],
            [
              -38.574829,
              -3.831498
            ],
            [
              -38.575078,
              -3.831359
            ],
            [
              -38.574961,
              -3.831065
            ],
            [
              -38.575366,
              -3.830868
            ],
            [
              -38.575324,
              -3.830776
            ],
            [
              -38.575798,
              -3.830543
            ],
            [
              -38.575894,
              -3.830692
            ],
            [
              -38.57691,
              -3.829892
            ]
          ]
        ],
        "type": "Polygon"
      },
      "properties": {
        "bairro": "PLANALTO AYRTON SENNA",
        "faction": "CV",
        "generated_at": "2026-05-23T09:29:11.220168",
        "geometry_type": "Polygon",
        "is_centroid": false,
        "is_tactical": true,
        "local_street_pressure": 12.403,
        "municipality": "Fortaleza",
        "name": "Comunidade Da Cagece",
        "nearby_streets": [
          "COMUNIDADE DA CAGECE",
          "LAJE - PLANALTO AYRTON SENNA",
          "RUA FORTALEZA - PLANALTO AYRTON SENNA"
        ],
        "nearby_streets_count": 48,
        "node_id": 138,
        "parent_area": "PLANALTO AYRTON SENNA",
        "parent_risk_level": "moderado",
        "parent_risk_score": 47.7,
        "parent_status": "MODERADO",
        "peak_hours": "Entre 15hs e 20hs",
        "rank": 138,
        "region": "fortaleza",
        "risk_score": 46.852,
        "score": 46.852,
        "source_geometry_type": "Polygon"
      },
      "type": "Feature"
    },
    {
      "geometry": {
        "coordinates": [
          [
            [
              -38.616436,
              -3.782759
            ],
            [
              -38.616595,
              -3.783393
            ],
            [
              -38.615543,
              -3.783619
            ],
            [
              -38.615442,
              -3.783217
            ],
            [
              -38.615377,
              -3.783021
            ],
            [
              -38.616436,
              -3.782759
            ]
          ]
        ],
        "type": "Polygon"
      },
      "properties": {
        "bairro": "GRANJA LISBOA",
        "faction": "CV",
        "generated_at": "2026-05-23T09:29:11.220168",
        "geometry_type": "Polygon",
        "is_centroid": false,
        "is_tactical": true,
        "local_street_pressure": 10.504,
        "municipality": "Fortaleza",
        "name": "Residencial Maria Alves Carioca",
        "nearby_streets": [
          "RESIDENCIAL MARIA ALVES CARIOCA",
          "MUTIRÃO DA SÃO FRANCISCO",
          "CAIC"
        ],
        "nearby_streets_count": 44,
        "node_id": 139,
        "parent_area": "GRANJA LISBOA",
        "parent_risk_level": "moderado",
        "parent_risk_score": 49.9,
        "parent_status": "MODERADO",
        "peak_hours": "Entre 12hs e 17hs",
        "rank": 139,
        "region": "fortaleza",
        "risk_score": 46.847,
        "score": 46.847,
        "source_geometry_type": "Polygon"
      },
      "type": "Feature"
    },
    {
      "geometry": {
        "coordinates": [
          [
            [
              -38.575402,
              -3.835669
            ],
            [
              -38.575724,
              -3.836911
            ],
            [
              -38.574088,
              -3.837363
            ],
            [
              -38.573881,
              -3.836694
            ],
            [
              -38.573666,
              -3.836094
            ],
            [
              -38.575402,
              -3.835669
            ]
          ]
        ],
        "type": "Polygon"
      },
      "properties": {
        "bairro": "PLANALTO AYRTON SENNA",
        "faction": "CV",
        "generated_at": "2026-05-23T09:29:11.220168",
        "geometry_type": "Polygon",
        "is_centroid": false,
        "is_tactical": true,
        "local_street_pressure": 12.295,
        "municipality": "Fortaleza",
        "name": "Comunidade do Sol Nascente",
        "nearby_streets": [
          "COMUNIDADE DO SOL NASCENTE",
          "AURORA - CIDADE NOVA",
          "BECO PLANALTINA"
        ],
        "nearby_streets_count": 37,
        "node_id": 140,
        "parent_area": "PLANALTO AYRTON SENNA",
        "parent_risk_level": "moderado",
        "parent_risk_score": 47.7,
        "parent_status": "MODERADO",
        "peak_hours": "Entre 15hs e 20hs",
        "rank": 140,
        "region": "fortaleza",
        "risk_score": 46.633,
        "score": 46.633,
        "source_geometry_type": "Polygon"
      },
      "type": "Feature"
    },
    {
      "geometry": {
        "coordinates": [
          [
            [
              -38.572835,
              -3.825671
            ],
            [
              -38.573152,
              -3.826388
            ],
            [
              -38.573457,
              -3.826249
            ],
            [
              -38.573618,
              -3.826525
            ],
            [
              -38.573763,
              -3.826849
            ],
            [
              -38.575043,
              -3.82596
            ],
            [
              -38.576316,
              -3.82756
            ],
            [
              -38.576477,
              -3.827918
            ],
            [
              -38.575678,
              -3.828036
            ],
            [
              -38.575533,
              -3.828095
            ],
            [
              -38.57505,
              -3.827008
            ],
            [
              -38.575168,
              -3.826923
            ],
            [
              -38.57497,
              -3.8265
            ],
            [
              -38.574803,
              -3.82658
            ],
            [
              -38.574669,
              -3.826687
            ],
            [
              -38.574685,
              -3.826778
            ],
            [
              -38.574578,
              -3.826826
            ],
            [
              -38.574632,
              -3.82704
            ],
            [
              -38.574852,
              -3.826987
            ],
            [
              -38.574927,
              -3.827201
            ],
            [
              -38.574825,
              -3.827233
            ],
            [
              -38.574873,
              -3.827452
            ],
            [
              -38.574793,
              -3.827511
            ],
            [
              -38.574787,
              -3.827683
            ],
            [
              -38.57417,
              -3.827913
            ],
            [
              -38.574229,
              -3.828212
            ],
            [
              -38.5738,
              -3.828394
            ],
            [
              -38.573763,
              -3.828271
            ],
            [
              -38.57351,
              -3.828362
            ],
            [
              -38.573759,
              -3.829464
            ],
            [
              -38.573798,
              -3.829739
            ],
            [
              -38.572428,
              -3.82979
            ],
            [
              -38.571801,
              -3.82994
            ],
            [
              -38.570103,
              -3.830619
            ],
            [
              -38.568107,
              -3.831406
            ],
            [
              -38.567783,
              -3.8307
            ],
            [
              -38.567528,
              -3.829982
            ],
            [
              -38.56922,
              -3.828623
            ],
            [
              -38.570636,
              -3.827242
            ],
            [
              -38.571699,
              -3.8263
            ],
            [
              -38.572835,
              -3.825671
            ]
          ]
        ],
        "type": "Polygon"
      },
      "properties": {
        "bairro": "PLANALTO AYRTON SENNA",
        "faction": "CV",
        "generated_at": "2026-05-23T09:29:11.220168",
        "geometry_type": "Polygon",
        "is_centroid": false,
        "is_tactical": true,
        "local_street_pressure": 10.915,
        "municipality": "Fortaleza",
        "name": "Comunidade da Portelinha- Planalto Ayrton Senna",
        "nearby_streets": [
          "COMUNIDADE DA PORTELINHA- PLANALTO AYRTON SENNA",
          "LAJE - PLANALTO AYRTON SENNA",
          "COMUNIDADE DA CAGECE"
        ],
        "nearby_streets_count": 47,
        "node_id": 141,
        "parent_area": "PLANALTO AYRTON SENNA",
        "parent_risk_level": "moderado",
        "parent_risk_score": 47.7,
        "parent_status": "MODERADO",
        "peak_hours": "Entre 15hs e 20hs",
        "rank": 141,
        "region": "fortaleza",
        "risk_score": 46.551,
        "score": 46.551,
        "source_geometry_type": "Polygon"
      },
      "type": "Feature"
    },
    {
      "geometry": {
        "coordinates": [
          [
            [
              -38.528504,
              -3.818404
            ],
            [
              -38.531435,
              -3.816535
            ],
            [
              -38.531729,
              -3.816967
            ],
            [
              -38.533114,
              -3.82167
            ],
            [
              -38.530011,
              -3.823596
            ],
            [
              -38.52932,
              -3.820881
            ],
            [
              -38.528504,
              -3.818404
            ]
          ]
        ],
        "type": "Polygon"
      },
      "properties": {
        "bairro": "PASSARÉ",
        "faction": "CV",
        "generated_at": "2026-05-23T09:29:11.220168",
        "geometry_type": "Polygon",
        "is_centroid": false,
        "is_tactical": true,
        "local_street_pressure": 10.448,
        "municipality": "Fortaleza",
        "name": "Jardim Castelão l",
        "nearby_streets": [
          "JARDIM CASTELÃO L",
          "BABILÔNIA",
          "AREA SEM NOME"
        ],
        "nearby_streets_count": 42,
        "node_id": 142,
        "parent_area": "PASSARÉ",
        "parent_risk_level": "moderado",
        "parent_risk_score": 48.3,
        "parent_status": "MODERADO",
        "peak_hours": "Entre 18hs e 23hs",
        "rank": 142,
        "region": "fortaleza",
        "risk_score": 46.538,
        "score": 46.538,
        "source_geometry_type": "Polygon"
      },
      "type": "Feature"
    },
    {
      "geometry": {
        "coordinates": [
          [
            [
              -38.525702,
              -3.814118
            ],
            [
              -38.52629,
              -3.81395
            ],
            [
              -38.526272,
              -3.813884
            ],
            [
              -38.52677,
              -3.813529
            ],
            [
              -38.52686,
              -3.813615
            ],
            [
              -38.528004,
              -3.815074
            ],
            [
              -38.528542,
              -3.814647
            ],
            [
              -38.529144,
              -3.81428
            ],
            [
              -38.530929,
              -3.816718
            ],
            [
              -38.528988,
              -3.817954
            ],
            [
              -38.528182,
              -3.818462
            ],
            [
              -38.527674,
              -3.81869
            ],
            [
              -38.52707,
              -3.818901
            ],
            [
              -38.526235,
              -3.815861
            ],
            [
              -38.525702,
              -3.814118
            ]
          ]
        ],
        "type": "Polygon"
      },
      "properties": {
        "bairro": "PASSARÉ",
        "faction": "CV",
        "generated_at": "2026-05-23T09:29:11.220168",
        "geometry_type": "Polygon",
        "is_centroid": false,
        "is_tactical": true,
        "local_street_pressure": 10.647,
        "municipality": "Fortaleza",
        "name": "Novo Barroso",
        "nearby_streets": [
          "NOVO BARROSO",
          "RUA DO MEIO - BARROSO LL",
          "AREA SEM NOME"
        ],
        "nearby_streets_count": 44,
        "node_id": 143,
        "parent_area": "PASSARÉ",
        "parent_risk_level": "moderado",
        "parent_risk_score": 48.3,
        "parent_status": "MODERADO",
        "peak_hours": "Entre 18hs e 23hs",
        "rank": 143,
        "region": "fortaleza",
        "risk_score": 46.488,
        "score": 46.488,
        "source_geometry_type": "Polygon"
      },
      "type": "Feature"
    },
    {
      "geometry": {
        "coordinates": [
          [
            [
              -38.590863,
              -3.803878
            ],
            [
              -38.591313,
              -3.804409
            ],
            [
              -38.590771,
              -3.804755
            ],
            [
              -38.590385,
              -3.804825
            ],
            [
              -38.589833,
              -3.804938
            ],
            [
              -38.589602,
              -3.804975
            ],
            [
              -38.589425,
              -3.804508
            ],
            [
              -38.590707,
              -3.803969
            ],
            [
              -38.590863,
              -3.803878
            ]
          ]
        ],
        "type": "Polygon"
      },
      "properties": {
        "bairro": "NOVO MONDUBIM",
        "faction": "CV",
        "generated_at": "2026-05-23T09:29:11.220168",
        "geometry_type": "Polygon",
        "is_centroid": false,
        "is_tactical": true,
        "local_street_pressure": 14.747,
        "municipality": "Fortaleza",
        "name": "Beco do Chocolate",
        "nearby_streets": [
          "BECO DO CHOCOLATE",
          "NOVO MONDUBIM",
          "COMUNIDADE VERTICAL"
        ],
        "nearby_streets_count": 63,
        "node_id": 144,
        "parent_area": "NOVO MONDUBIM",
        "parent_risk_level": "moderado",
        "parent_risk_score": 45.1,
        "parent_status": "MODERADO",
        "rank": 144,
        "region": "fortaleza",
        "risk_score": 46.475,
        "score": 46.475,
        "source_geometry_type": "Polygon"
      },
      "type": "Feature"
    },
    {
      "geometry": {
        "coordinates": [
          [
            [
              -38.587539,
              -3.805597
            ],
            [
              -38.589554,
              -3.808386
            ],
            [
              -38.589414,
              -3.808504
            ],
            [
              -38.589232,
              -3.808616
            ],
            [
              -38.589071,
              -3.808734
            ],
            [
              -38.588964,
              -3.808841
            ],
            [
              -38.58882,
              -3.808989
            ],
            [
              -38.587381,
              -3.806876
            ],
            [
              -38.587386,
              -3.80678
            ],
            [
              -38.587386,
              -3.806668
            ],
            [
              -38.587386,
              -3.806539
            ],
            [
              -38.587403,
              -3.806443
            ],
            [
              -38.587379,
              -3.806333
            ],
            [
              -38.587355,
              -3.806177
            ],
            [
              -38.587161,
              -3.805859
            ],
            [
              -38.587539,
              -3.805597
            ]
          ]
        ],
        "type": "Polygon"
      },
      "properties": {
        "bairro": "NOVO MONDUBIM",
        "faction": "CV",
        "generated_at": "2026-05-23T09:29:11.220168",
        "geometry_type": "Polygon",
        "is_centroid": false,
        "is_tactical": true,
        "local_street_pressure": 14.611,
        "municipality": "Fortaleza",
        "name": "Apartamentos do Novo Mondubim",
        "nearby_streets": [
          "APARTAMENTOS DO NOVO MONDUBIM",
          "CONJ. NOVO MODUMBI",
          "NOVO MONDUBIM"
        ],
        "nearby_streets_count": 62,
        "node_id": 145,
        "parent_area": "NOVO MONDUBIM",
        "parent_risk_level": "moderado",
        "parent_risk_score": 45.1,
        "parent_status": "MODERADO",
        "rank": 145,
        "region": "fortaleza",
        "risk_score": 46.462,
        "score": 46.462,
        "source_geometry_type": "Polygon"
      },
      "type": "Feature"
    },
    {
      "geometry": {
        "coordinates": [
          [
            [
              -38.598093,
              -3.727054
            ],
            [
              -38.59834,
              -3.727932
            ],
            [
              -38.59732,
              -3.728885
            ],
            [
              -38.596258,
              -3.729185
            ],
            [
              -38.596092,
              -3.729383
            ],
            [
              -38.595421,
              -3.730866
            ],
            [
              -38.594043,
              -3.73025
            ],
            [
              -38.595255,
              -3.727542
            ],
            [
              -38.597009,
              -3.72706
            ],
            [
              -38.597106,
              -3.727354
            ],
            [
              -38.598093,
              -3.727054
            ]
          ]
        ],
        "type": "Polygon"
      },
      "properties": {
        "bairro": "OLAVO OLIVEIRA",
        "faction": "CV",
        "generated_at": "2026-05-23T09:29:11.220168",
        "geometry_type": "Polygon",
        "is_centroid": false,
        "is_tactical": true,
        "local_street_pressure": 8.367,
        "municipality": "Quintino Cunha",
        "name": "Malvinas - Quintino Cunha",
        "nearby_streets": [
          "MALVINAS - QUINTINO CUNHA",
          "AREA SEM NOME",
          "AVENIDA INDEPENDÊNCIA"
        ],
        "nearby_streets_count": 22,
        "node_id": 146,
        "parent_area": "OLAVO OLIVEIRA",
        "parent_risk_level": "alto",
        "parent_risk_score": 51.0,
        "parent_status": "ALTO",
        "rank": 146,
        "region": "fortaleza",
        "risk_score": 46.444,
        "score": 46.444,
        "source_geometry_type": "Polygon"
      },
      "type": "Feature"
    },
    {
      "geometry": {
        "coordinates": [
          [
            [
              -38.585969,
              -3.809859
            ],
            [
              -38.587019,
              -3.809192
            ],
            [
              -38.587591,
              -3.810045
            ],
            [
              -38.586773,
              -3.810777
            ],
            [
              -38.585969,
              -3.809859
            ]
          ]
        ],
        "type": "Polygon"
      },
      "properties": {
        "bairro": "NOVO MONDUBIM",
        "faction": "CV",
        "generated_at": "2026-05-23T09:29:11.220168",
        "geometry_type": "Polygon",
        "is_centroid": false,
        "is_tactical": true,
        "local_street_pressure": 14.654,
        "municipality": "Fortaleza",
        "name": "Camberrinha",
        "nearby_streets": [
          "CAMBERRINHA",
          "CAJAMAR",
          "CONJ. NOVO MODUMBI"
        ],
        "nearby_streets_count": 57,
        "node_id": 147,
        "parent_area": "NOVO MONDUBIM",
        "parent_risk_level": "moderado",
        "parent_risk_score": 45.1,
        "parent_status": "MODERADO",
        "rank": 147,
        "region": "fortaleza",
        "risk_score": 46.418,
        "score": 46.418,
        "source_geometry_type": "Polygon"
      },
      "type": "Feature"
    },
    {
      "geometry": {
        "coordinates": [
          [
            [
              -38.569253,
              -3.835543
            ],
            [
              -38.569625,
              -3.836414
            ],
            [
              -38.56963,
              -3.83646
            ],
            [
              -38.56897,
              -3.836767
            ],
            [
              -38.568922,
              -3.836634
            ],
            [
              -38.56874,
              -3.836042
            ],
            [
              -38.5688,
              -3.836003
            ],
            [
              -38.568727,
              -3.835782
            ],
            [
              -38.569253,
              -3.835543
            ]
          ]
        ],
        "type": "Polygon"
      },
      "properties": {
        "bairro": "PLANALTO AYRTON SENNA",
        "faction": "CV",
        "generated_at": "2026-05-23T09:29:11.220168",
        "geometry_type": "Polygon",
        "is_centroid": false,
        "is_tactical": true,
        "local_street_pressure": 12.071,
        "municipality": "Fortaleza",
        "name": "Rua Gaspar Dutra",
        "nearby_streets": [
          "RUA GASPAR DUTRA",
          "FAVELA DO QUADRADO",
          "RUA CANUDOS"
        ],
        "nearby_streets_count": 34,
        "node_id": 148,
        "parent_area": "PLANALTO AYRTON SENNA",
        "parent_risk_level": "moderado",
        "parent_risk_score": 47.7,
        "parent_status": "MODERADO",
        "peak_hours": "Entre 15hs e 20hs",
        "rank": 148,
        "region": "fortaleza",
        "risk_score": 46.394,
        "score": 46.394,
        "source_geometry_type": "Polygon"
      },
      "type": "Feature"
    },
    {
      "geometry": {
        "coordinates": [
          [
            [
              -38.527091,
              -3.81912
            ],
            [
              -38.52837,
              -3.818704
            ],
            [
              -38.528889,
              -3.820324
            ],
            [
              -38.529544,
              -3.822341
            ],
            [
              -38.528034,
              -3.822759
            ],
            [
              -38.527091,
              -3.81912
            ]
          ]
        ],
        "type": "Polygon"
      },
      "properties": {
        "bairro": "PASSARÉ",
        "faction": "CV",
        "generated_at": "2026-05-23T09:29:11.220168",
        "geometry_type": "Polygon",
        "is_centroid": false,
        "is_tactical": true,
        "local_street_pressure": 11.005,
        "municipality": "Fortaleza",
        "name": "Babilônia",
        "nearby_streets": [
          "BABILÔNIA",
          "JARDIM CASTELÃO L",
          "CAMPO DO BALEIA - BARROSO LL"
        ],
        "nearby_streets_count": 45,
        "node_id": 149,
        "parent_area": "PASSARÉ",
        "parent_risk_level": "moderado",
        "parent_risk_score": 48.3,
        "parent_status": "MODERADO",
        "peak_hours": "Entre 18hs e 23hs",
        "rank": 149,
        "region": "fortaleza",
        "risk_score": 46.292,
        "score": 46.292,
        "source_geometry_type": "Polygon"
      },
      "type": "Feature"
    },
    {
      "geometry": {
        "coordinates": [
          [
            [
              -38.586334,
              -3.808029
            ],
            [
              -38.586652,
              -3.807808
            ],
            [
              -38.587149,
              -3.808539
            ],
            [
              -38.588062,
              -3.807933
            ],
            [
              -38.588764,
              -3.808984
            ],
            [
              -38.587645,
              -3.809973
            ],
            [
              -38.586334,
              -3.808029
            ]
          ]
        ],
        "type": "Polygon"
      },
      "properties": {
        "bairro": "NOVO MONDUBIM",
        "faction": "CV",
        "generated_at": "2026-05-23T09:29:11.220168",
        "geometry_type": "Polygon",
        "is_centroid": false,
        "is_tactical": true,
        "local_street_pressure": 14.34,
        "municipality": "Fortaleza",
        "name": "Conj. Novo Modumbi",
        "nearby_streets": [
          "CONJ. NOVO MODUMBI",
          "APARTAMENTOS DO NOVO MONDUBIM",
          "CAMBERRINHA"
        ],
        "nearby_streets_count": 57,
        "node_id": 150,
        "parent_area": "NOVO MONDUBIM",
        "parent_risk_level": "moderado",
        "parent_risk_score": 45.1,
        "parent_status": "MODERADO",
        "rank": 150,
        "region": "fortaleza",
        "risk_score": 46.243,
        "score": 46.243,
        "source_geometry_type": "Polygon"
      },
      "type": "Feature"
    },
    {
      "geometry": {
        "coordinates": [
          [
            [
              -38.585228,
              -3.810324
            ],
            [
              -38.585896,
              -3.80991
            ],
            [
              -38.58668,
              -3.810797
            ],
            [
              -38.585894,
              -3.811054
            ],
            [
              -38.585228,
              -3.810324
            ]
          ]
        ],
        "type": "Polygon"
      },
      "properties": {
        "bairro": "NOVO MONDUBIM",
        "faction": "CV",
        "generated_at": "2026-05-23T09:29:11.220168",
        "geometry_type": "Polygon",
        "is_centroid": false,
        "is_tactical": true,
        "local_street_pressure": 14.375,
        "municipality": "Fortaleza",
        "name": "Cajamar",
        "nearby_streets": [
          "CAJAMAR",
          "CAMBERRINHA",
          "CONJ. NOVO MODUMBI"
        ],
        "nearby_streets_count": 57,
        "node_id": 151,
        "parent_area": "NOVO MONDUBIM",
        "parent_risk_level": "moderado",
        "parent_risk_score": 45.1,
        "parent_status": "MODERADO",
        "rank": 151,
        "region": "fortaleza",
        "risk_score": 46.193,
        "score": 46.193,
        "source_geometry_type": "Polygon"
      },
      "type": "Feature"
    },
    {
      "geometry": {
        "coordinates": [
          [
            [
              -38.626978,
              -3.80904
            ],
            [
              -38.625202,
              -3.810313
            ],
            [
              -38.624176,
              -3.809022
            ],
            [
              -38.623736,
              -3.80929
            ],
            [
              -38.622706,
              -3.808316
            ],
            [
              -38.621848,
              -3.806972
            ],
            [
              -38.624036,
              -3.805211
            ],
            [
              -38.626978,
              -3.80904
            ]
          ]
        ],
        "type": "Polygon"
      },
      "properties": {
        "bairro": "SIQUEIRA",
        "faction": "CV",
        "generated_at": "2026-05-23T09:29:11.220168",
        "geometry_type": "Polygon",
        "is_centroid": false,
        "is_tactical": true,
        "local_street_pressure": 8.082,
        "municipality": "Fortaleza",
        "name": "Loteamento Jatobá",
        "nearby_streets": [
          "LOTEAMENTO JATOBÁ",
          "RUA C ( LOTEAMENTO PARAÍSO VERDE)",
          "PARAÍSO VERDE"
        ],
        "nearby_streets_count": 31,
        "node_id": 152,
        "parent_area": "SIQUEIRA",
        "parent_risk_level": "moderado",
        "parent_risk_score": 50.6,
        "parent_status": "MODERADO",
        "peak_hours": "Entre 18hs e 23hs",
        "rank": 152,
        "region": "fortaleza",
        "risk_score": 46.178,
        "score": 46.178,
        "source_geometry_type": "Polygon"
      },
      "type": "Feature"
    },
    {
      "geometry": {
        "coordinates": [
          [
            [
              -38.56965,
              -3.835308
            ],
            [
              -38.568843,
              -3.835663
            ],
            [
              -38.56873,
              -3.835555
            ],
            [
              -38.568674,
              -3.835582
            ],
            [
              -38.568575,
              -3.835498
            ],
            [
              -38.568475,
              -3.835619
            ],
            [
              -38.568417,
              -3.835714
            ],
            [
              -38.568159,
              -3.835485
            ],
            [
              -38.568268,
              -3.835325
            ],
            [
              -38.568242,
              -3.835286
            ],
            [
              -38.568354,
              -3.835145
            ],
            [
              -38.568214,
              -3.835028
            ],
            [
              -38.568366,
              -3.834875
            ],
            [
              -38.568453,
              -3.834906
            ],
            [
              -38.568606,
              -3.834754
            ],
            [
              -38.568544,
              -3.83472
            ],
            [
              -38.568514,
              -3.834682
            ],
            [
              -38.568895,
              -3.834537
            ],
            [
              -38.569083,
              -3.834598
            ],
            [
              -38.569174,
              -3.834488
            ],
            [
              -38.569291,
              -3.83447
            ],
            [
              -38.569296,
              -3.834399
            ],
            [
              -38.569537,
              -3.834277
            ],
            [
              -38.56965,
              -3.835308
            ]
          ]
        ],
        "type": "Polygon"
      },
      "properties": {
        "bairro": "PLANALTO AYRTON SENNA",
        "faction": "CV",
        "generated_at": "2026-05-23T09:29:11.220168",
        "geometry_type": "Polygon",
        "is_centroid": false,
        "is_tactical": true,
        "local_street_pressure": 11.647,
        "municipality": "Fortaleza",
        "name": "Favela do Quadrado",
        "nearby_streets": [
          "FAVELA DO QUADRADO",
          "RUA GASPAR DUTRA",
          "RUA CANUDOS"
        ],
        "nearby_streets_count": 34,
        "node_id": 153,
        "parent_area": "PLANALTO AYRTON SENNA",
        "parent_risk_level": "moderado",
        "parent_risk_score": 47.7,
        "parent_status": "MODERADO",
        "peak_hours": "Entre 15hs e 20hs",
        "rank": 153,
        "region": "fortaleza",
        "risk_score": 46.117,
        "score": 46.117,
        "source_geometry_type": "Polygon"
      },
      "type": "Feature"
    },
    {
      "geometry": {
        "coordinates": [
          [
            [
              -38.58506,
              -3.812637
            ],
            [
              -38.585579,
              -3.813421
            ],
            [
              -38.584749,
              -3.813968
            ],
            [
              -38.584245,
              -3.813172
            ],
            [
              -38.58506,
              -3.812637
            ]
          ]
        ],
        "type": "Polygon"
      },
      "properties": {
        "bairro": "NOVO MONDUBIM",
        "faction": "CV",
        "generated_at": "2026-05-23T09:29:11.220168",
        "geometry_type": "Polygon",
        "is_centroid": false,
        "is_tactical": true,
        "local_street_pressure": 14.237,
        "municipality": "Fortaleza",
        "name": "Favela da GN",
        "nearby_streets": [
          "FAVELA DA GN",
          "BECO DO HR",
          "CAJAMAR"
        ],
        "nearby_streets_count": 59,
        "node_id": 154,
        "parent_area": "NOVO MONDUBIM",
        "parent_risk_level": "moderado",
        "parent_risk_score": 45.1,
        "parent_status": "MODERADO",
        "rank": 154,
        "region": "fortaleza",
        "risk_score": 46.098,
        "score": 46.098,
        "source_geometry_type": "Polygon"
      },
      "type": "Feature"
    },
    {
      "geometry": {
        "coordinates": [
          [
            [
              -38.578377,
              -3.830771
            ],
            [
              -38.578872,
              -3.83044
            ],
            [
              -38.579105,
              -3.830652
            ],
            [
              -38.579585,
              -3.831256
            ],
            [
              -38.579836,
              -3.831063
            ],
            [
              -38.580015,
              -3.831174
            ],
            [
              -38.579984,
              -3.831298
            ],
            [
              -38.58046,
              -3.8315
            ],
            [
              -38.58077,
              -3.831675
            ],
            [
              -38.580862,
              -3.831772
            ],
            [
              -38.581076,
              -3.831692
            ],
            [
              -38.581254,
              -3.832164
            ],
            [
              -38.578953,
              -3.832759
            ],
            [
              -38.578691,
              -3.831827
            ],
            [
              -38.578186,
              -3.832156
            ],
            [
              -38.578058,
              -3.83181
            ],
            [
              -38.578152,
              -3.831782
            ],
            [
              -38.578056,
              -3.831488
            ],
            [
              -38.57844,
              -3.83129
            ],
            [
              -38.578424,
              -3.83122
            ],
            [
              -38.578625,
              -3.831092
            ],
            [
              -38.578377,
              -3.830771
            ]
          ]
        ],
        "type": "Polygon"
      },
      "properties": {
        "bairro": "PLANALTO AYRTON SENNA",
        "faction": "CV",
        "generated_at": "2026-05-23T09:29:11.220168",
        "geometry_type": "Polygon",
        "is_centroid": false,
        "is_tactical": true,
        "local_street_pressure": 11.358,
        "municipality": "Fortaleza",
        "name": "Viametro",
        "nearby_streets": [
          "VIAMETRO",
          "CANAL BAIXO",
          "RUA FORTALEZA - PLANALTO AYRTON SENNA"
        ],
        "nearby_streets_count": 46,
        "node_id": 155,
        "parent_area": "PLANALTO AYRTON SENNA",
        "parent_risk_level": "moderado",
        "parent_risk_score": 47.7,
        "parent_status": "MODERADO",
        "peak_hours": "Entre 15hs e 20hs",
        "rank": 155,
        "region": "fortaleza",
        "risk_score": 46.023,
        "score": 46.023,
        "source_geometry_type": "Polygon"
      },
      "type": "Feature"
    },
    {
      "geometry": {
        "coordinates": [
          [
            [
              -38.595516,
              -3.735276
            ],
            [
              -38.595124,
              -3.736213
            ],
            [
              -38.59198,
              -3.734781
            ],
            [
              -38.592628,
              -3.733434
            ],
            [
              -38.593496,
              -3.73363
            ],
            [
              -38.594086,
              -3.733898
            ],
            [
              -38.593831,
              -3.734505
            ],
            [
              -38.595516,
              -3.735276
            ]
          ]
        ],
        "type": "Polygon"
      },
      "properties": {
        "bairro": "OLAVO OLIVEIRA",
        "faction": "CV",
        "generated_at": "2026-05-23T09:29:11.220168",
        "geometry_type": "Polygon",
        "is_centroid": false,
        "is_tactical": true,
        "local_street_pressure": 7.996,
        "municipality": "Quintino Cunha",
        "name": "Comunidade do Mangueiral - Quintino Cunha",
        "nearby_streets": [
          "COMUNIDADE DO MANGUEIRAL - QUINTINO CUNHA",
          "RUA ANÁRIO BRAGA",
          "ANARIO BRAGA"
        ],
        "nearby_streets_count": 24,
        "node_id": 156,
        "parent_area": "OLAVO OLIVEIRA",
        "parent_risk_level": "alto",
        "parent_risk_score": 51.0,
        "parent_status": "ALTO",
        "rank": 156,
        "region": "fortaleza",
        "risk_score": 46.01,
        "score": 46.01,
        "source_geometry_type": "Polygon"
      },
      "type": "Feature"
    },
    {
      "geometry": {
        "coordinates": [
          [
            [
              -38.631454,
              -3.819032
            ],
            [
              -38.630949,
              -3.818447
            ],
            [
              -38.629992,
              -3.819383
            ],
            [
              -38.630405,
              -3.819929
            ],
            [
              -38.628914,
              -3.820989
            ],
            [
              -38.628323,
              -3.821503
            ],
            [
              -38.628313,
              -3.821642
            ],
            [
              -38.629192,
              -3.822241
            ],
            [
              -38.626457,
              -3.825538
            ],
            [
              -38.626017,
              -3.825902
            ],
            [
              -38.62577,
              -3.825817
            ],
            [
              -38.625362,
              -3.826181
            ],
            [
              -38.623571,
              -3.82481
            ],
            [
              -38.622584,
              -3.825442
            ],
            [
              -38.619289,
              -3.822151
            ],
            [
              -38.618776,
              -3.82164
            ],
            [
              -38.622869,
              -3.817668
            ],
            [
              -38.624618,
              -3.820591
            ],
            [
              -38.626925,
              -3.818819
            ],
            [
              -38.630942,
              -3.815672
            ],
            [
              -38.631785,
              -3.816483
            ],
            [
              -38.632687,
              -3.817082
            ],
            [
              -38.631454,
              -3.819032
            ]
          ]
        ],
        "type": "Polygon"
      },
      "properties": {
        "bairro": "SIQUEIRA",
        "faction": "CV",
        "generated_at": "2026-05-23T09:29:11.220168",
        "geometry_type": "Polygon",
        "is_centroid": false,
        "is_tactical": true,
        "local_street_pressure": 4.414,
        "municipality": "Fortaleza",
        "name": "Jari",
        "nearby_streets": [
          "JARI",
          "JARI - MARACANAÚ",
          "LOTEAMENTO OSÓRIO DE PAIVA"
        ],
        "nearby_streets_count": 17,
        "node_id": 157,
        "parent_area": "SIQUEIRA",
        "parent_risk_level": "moderado",
        "parent_risk_score": 50.6,
        "parent_status": "MODERADO",
        "peak_hours": "Entre 18hs e 23hs",
        "rank": 157,
        "region": "fortaleza",
        "risk_score": 45.96,
        "score": 45.96,
        "source_geometry_type": "Polygon"
      },
      "type": "Feature"
    },
    {
      "geometry": {
        "coordinates": [
          [
            [
              -38.579506,
              -3.835222
            ],
            [
              -38.578313,
              -3.835514
            ],
            [
              -38.578259,
              -3.835281
            ],
            [
              -38.57802,
              -3.834606
            ],
            [
              -38.578122,
              -3.834574
            ],
            [
              -38.578058,
              -3.834451
            ],
            [
              -38.578042,
              -3.83421
            ],
            [
              -38.578176,
              -3.834173
            ],
            [
              -38.578428,
              -3.834847
            ],
            [
              -38.578745,
              -3.83474
            ],
            [
              -38.578568,
              -3.833884
            ],
            [
              -38.578112,
              -3.833986
            ],
            [
              -38.57801,
              -3.833648
            ],
            [
              -38.579029,
              -3.833397
            ],
            [
              -38.579506,
              -3.835222
            ]
          ]
        ],
        "type": "Polygon"
      },
      "properties": {
        "bairro": "PLANALTO AYRTON SENNA",
        "faction": "CV",
        "generated_at": "2026-05-23T09:29:11.220168",
        "geometry_type": "Polygon",
        "is_centroid": false,
        "is_tactical": true,
        "local_street_pressure": 11.316,
        "municipality": "Fortaleza",
        "name": "Canal Baixo",
        "nearby_streets": [
          "CANAL BAIXO",
          "RUA FORTALEZA - PLANALTO AYRTON SENNA",
          "PLANALTO CIDADE NOVA"
        ],
        "nearby_streets_count": 42,
        "node_id": 158,
        "parent_area": "PLANALTO AYRTON SENNA",
        "parent_risk_level": "moderado",
        "parent_risk_score": 47.7,
        "parent_status": "MODERADO",
        "peak_hours": "Entre 15hs e 20hs",
        "rank": 158,
        "region": "fortaleza",
        "risk_score": 45.906,
        "score": 45.906,
        "source_geometry_type": "Polygon"
      },
      "type": "Feature"
    },
    {
      "geometry": {
        "coordinates": [
          [
            [
              -38.62195,
              -3.791529
            ],
            [
              -38.622117,
              -3.792966
            ],
            [
              -38.620959,
              -3.79306
            ],
            [
              -38.620823,
              -3.793191
            ],
            [
              -38.619976,
              -3.793238
            ],
            [
              -38.619992,
              -3.793292
            ],
            [
              -38.619924,
              -3.793285
            ],
            [
              -38.619701,
              -3.792933
            ],
            [
              -38.61848,
              -3.793377
            ],
            [
              -38.618083,
              -3.792043
            ],
            [
              -38.618907,
              -3.791754
            ],
            [
              -38.619461,
              -3.791574
            ],
            [
              -38.620526,
              -3.791277
            ],
            [
              -38.621821,
              -3.79093
            ],
            [
              -38.62195,
              -3.791529
            ]
          ]
        ],
        "type": "Polygon"
      },
      "properties": {
        "bairro": "GRANJA LISBOA",
        "faction": "CV",
        "generated_at": "2026-05-23T09:29:11.220168",
        "geometry_type": "Polygon",
        "is_centroid": false,
        "is_tactical": true,
        "local_street_pressure": 8.744,
        "municipality": "Fortaleza",
        "name": "Favelinha- Granja Lisboa",
        "nearby_streets": [
          "FAVELINHA- GRANJA LISBOA",
          "COMUNIDADE FORRÓ DO MEU",
          "ALTO DA PAZ"
        ],
        "nearby_streets_count": 40,
        "node_id": 159,
        "parent_area": "GRANJA LISBOA",
        "parent_risk_level": "moderado",
        "parent_risk_score": 49.9,
        "parent_status": "MODERADO",
        "peak_hours": "Entre 12hs e 17hs",
        "rank": 159,
        "region": "fortaleza",
        "risk_score": 45.859,
        "score": 45.859,
        "source_geometry_type": "Polygon"
      },
      "type": "Feature"
    },
    {
      "geometry": {
        "coordinates": [
          [
            [
              -38.577148,
              -3.813882
            ],
            [
              -38.576899,
              -3.81309
            ],
            [
              -38.576639,
              -3.81237
            ],
            [
              -38.57706,
              -3.812223
            ],
            [
              -38.576998,
              -3.812046
            ],
            [
              -38.577395,
              -3.811907
            ],
            [
              -38.577199,
              -3.811283
            ],
            [
              -38.578076,
              -3.81062
            ],
            [
              -38.578201,
              -3.810757
            ],
            [
              -38.578324,
              -3.810691
            ],
            [
              -38.578833,
              -3.810537
            ],
            [
              -38.578851,
              -3.810559
            ],
            [
              -38.578788,
              -3.810627
            ],
            [
              -38.579682,
              -3.811642
            ],
            [
              -38.579726,
              -3.811611
            ],
            [
              -38.579875,
              -3.811826
            ],
            [
              -38.579826,
              -3.811872
            ],
            [
              -38.579881,
              -3.811953
            ],
            [
              -38.580527,
              -3.812672
            ],
            [
              -38.581373,
              -3.811837
            ],
            [
              -38.582266,
              -3.812838
            ],
            [
              -38.582852,
              -3.813632
            ],
            [
              -38.582655,
              -3.813804
            ],
            [
              -38.58255,
              -3.813678
            ],
            [
              -38.58207,
              -3.814246
            ],
            [
              -38.58255,
              -3.81484
            ],
            [
              -38.581982,
              -3.815242
            ],
            [
              -38.580302,
              -3.816451
            ],
            [
              -38.578607,
              -3.817634
            ],
            [
              -38.578484,
              -3.817784
            ],
            [
              -38.578425,
              -3.817787
            ],
            [
              -38.57732,
              -3.816922
            ],
            [
              -38.578283,
              -3.815675
            ],
            [
              -38.577996,
              -3.815386
            ],
            [
              -38.577907,
              -3.815358
            ],
            [
              -38.577858,
              -3.81531
            ],
            [
              -38.577746,
              -3.815209
            ],
            [
              -38.577226,
              -3.814564
            ],
            [
              -38.577498,
              -3.8144
            ],
            [
              -38.577148,
              -3.813882
            ]
          ]
        ],
        "type": "Polygon"
      },
      "properties": {
        "bairro": "NOVO MONDUBIM",
        "faction": "CV",
        "generated_at": "2026-05-23T09:29:11.220168",
        "geometry_type": "Polygon",
        "is_centroid": false,
        "is_tactical": true,
        "local_street_pressure": 12.213,
        "municipality": "Fortaleza",
        "name": "Parque Santana",
        "nearby_streets": [
          "PARQUE SANTANA",
          "CONJUNTO NOVA UNIÃO - MONDUBIM",
          "LAGOA DA LIBANIA - PARQUE SANTANA"
        ],
        "nearby_streets_count": 50,
        "node_id": 160,
        "parent_area": "NOVO MONDUBIM",
        "parent_risk_level": "moderado",
        "parent_risk_score": 45.1,
        "parent_status": "MODERADO",
        "rank": 160,
        "region": "fortaleza",
        "risk_score": 45.808,
        "score": 45.808,
        "source_geometry_type": "Polygon"
      },
      "type": "Feature"
    },
    {
      "geometry": {
        "coordinates": [
          [
            [
              -38.583198,
              -3.814405
            ],
            [
              -38.584512,
              -3.81624
            ],
            [
              -38.584494,
              -3.816434
            ],
            [
              -38.581118,
              -3.81817
            ],
            [
              -38.581071,
              -3.818111
            ],
            [
              -38.580942,
              -3.817549
            ],
            [
              -38.580306,
              -3.816556
            ],
            [
              -38.582742,
              -3.814843
            ],
            [
              -38.582802,
              -3.81473
            ],
            [
              -38.583137,
              -3.814367
            ],
            [
              -38.583198,
              -3.814405
            ]
          ]
        ],
        "type": "Polygon"
      },
      "properties": {
        "bairro": "NOVO MONDUBIM",
        "faction": "CV",
        "generated_at": "2026-05-23T09:29:11.220168",
        "geometry_type": "Polygon",
        "is_centroid": false,
        "is_tactical": true,
        "local_street_pressure": 13.377,
        "municipality": "Fortaleza",
        "name": "Loteamento São Mateus",
        "nearby_streets": [
          "LOTEAMENTO SÃO MATEUS",
          "RUA SÃO LUCAS",
          "PARQUE SANTANA"
        ],
        "nearby_streets_count": 53,
        "node_id": 161,
        "parent_area": "NOVO MONDUBIM",
        "parent_risk_level": "moderado",
        "parent_risk_score": 45.1,
        "parent_status": "MODERADO",
        "rank": 161,
        "region": "fortaleza",
        "risk_score": 45.808,
        "score": 45.808,
        "source_geometry_type": "Polygon"
      },
      "type": "Feature"
    },
    {
      "geometry": {
        "coordinates": [
          [
            [
              -38.625166,
              -3.780342
            ],
            [
              -38.625301,
              -3.780941
            ],
            [
              -38.625408,
              -3.781027
            ],
            [
              -38.625976,
              -3.783034
            ],
            [
              -38.624523,
              -3.783436
            ],
            [
              -38.624346,
              -3.782729
            ],
            [
              -38.622913,
              -3.78312
            ],
            [
              -38.622538,
              -3.781766
            ],
            [
              -38.62397,
              -3.781369
            ],
            [
              -38.623804,
              -3.780706
            ],
            [
              -38.625166,
              -3.780342
            ]
          ]
        ],
        "type": "Polygon"
      },
      "properties": {
        "bairro": "GRANJA LISBOA",
        "faction": "CV",
        "generated_at": "2026-05-23T09:29:11.220168",
        "geometry_type": "Polygon",
        "is_centroid": false,
        "is_tactical": true,
        "local_street_pressure": 8.629,
        "municipality": "Fortaleza",
        "name": "Conjunto Leonel Brizola",
        "nearby_streets": [
          "CONJUNTO LEONEL BRIZOLA",
          "CAIC",
          "CR"
        ],
        "nearby_streets_count": 39,
        "node_id": 162,
        "parent_area": "GRANJA LISBOA",
        "parent_risk_level": "moderado",
        "parent_risk_score": 49.9,
        "parent_status": "MODERADO",
        "peak_hours": "Entre 12hs e 17hs",
        "rank": 162,
        "region": "fortaleza",
        "risk_score": 45.764,
        "score": 45.764,
        "source_geometry_type": "Polygon"
      },
      "type": "Feature"
    },
    {
      "geometry": {
        "coordinates": [
          [
            [
              -38.568937,
              -3.836813
            ],
            [
              -38.569837,
              -3.838958
            ],
            [
              -38.568846,
              -3.839802
            ],
            [
              -38.567752,
              -3.837129
            ],
            [
              -38.567691,
              -3.837134
            ],
            [
              -38.567631,
              -3.83707
            ],
            [
              -38.567722,
              -3.837023
            ],
            [
              -38.56776,
              -3.837038
            ],
            [
              -38.567933,
              -3.836967
            ],
            [
              -38.567714,
              -3.83657
            ],
            [
              -38.567621,
              -3.836501
            ],
            [
              -38.567581,
              -3.836445
            ],
            [
              -38.567553,
              -3.836453
            ],
            [
              -38.5674,
              -3.836223
            ],
            [
              -38.567285,
              -3.835941
            ],
            [
              -38.567417,
              -3.835888
            ],
            [
              -38.567418,
              -3.835845
            ],
            [
              -38.567885,
              -3.835654
            ],
            [
              -38.567926,
              -3.835789
            ],
            [
              -38.567768,
              -3.835879
            ],
            [
              -38.567929,
              -3.836278
            ],
            [
              -38.567831,
              -3.836359
            ],
            [
              -38.567938,
              -3.83652
            ],
            [
              -38.568016,
              -3.836435
            ],
            [
              -38.568214,
              -3.836629
            ],
            [
              -38.568327,
              -3.836846
            ],
            [
              -38.568913,
              -3.836668
            ],
            [
              -38.568937,
              -3.836813
            ]
          ]
        ],
        "type": "Polygon"
      },
      "properties": {
        "bairro": "PLANALTO AYRTON SENNA",
        "faction": "CV",
        "generated_at": "2026-05-23T09:29:11.220168",
        "geometry_type": "Polygon",
        "is_centroid": false,
        "is_tactical": true,
        "local_street_pressure": 10.948,
        "municipality": "Fortaleza",
        "name": "Rua Canudos",
        "nearby_streets": [
          "RUA GASPAR DUTRA",
          "RUA CANUDOS",
          "FAVELA DO QUADRADO"
        ],
        "nearby_streets_count": 34,
        "node_id": 163,
        "parent_area": "PLANALTO AYRTON SENNA",
        "parent_risk_level": "moderado",
        "parent_risk_score": 47.7,
        "parent_status": "MODERADO",
        "peak_hours": "Entre 15hs e 20hs",
        "rank": 163,
        "region": "fortaleza",
        "risk_score": 45.74,
        "score": 45.74,
        "source_geometry_type": "Polygon"
      },
      "type": "Feature"
    },
    {
      "geometry": {
        "coordinates": [
          [
            [
              -38.582136,
              -3.812246
            ],
            [
              -38.582289,
              -3.812092
            ],
            [
              -38.583304,
              -3.810956
            ],
            [
              -38.583676,
              -3.811182
            ],
            [
              -38.58243,
              -3.812535
            ],
            [
              -38.582136,
              -3.812246
            ]
          ]
        ],
        "type": "Polygon"
      },
      "properties": {
        "bairro": "NOVO MONDUBIM",
        "faction": "CV",
        "generated_at": "2026-05-23T09:29:11.220168",
        "geometry_type": "Polygon",
        "is_centroid": false,
        "is_tactical": true,
        "local_street_pressure": 13.703,
        "municipality": "Fortaleza",
        "name": "Beco do HR",
        "nearby_streets": [
          "BECO DO HR",
          "CONJUNTO NOVA UNIÃO - MONDUBIM",
          "FAVELA DA GN"
        ],
        "nearby_streets_count": 56,
        "node_id": 164,
        "parent_area": "NOVO MONDUBIM",
        "parent_risk_level": "moderado",
        "parent_risk_score": 45.1,
        "parent_status": "MODERADO",
        "rank": 164,
        "region": "fortaleza",
        "risk_score": 45.704,
        "score": 45.704,
        "source_geometry_type": "Polygon"
      },
      "type": "Feature"
    },
    {
      "geometry": {
        "coordinates": [
          [
            [
              -38.624935,
              -3.799243
            ],
            [
              -38.625219,
              -3.801363
            ],
            [
              -38.623138,
              -3.801641
            ],
            [
              -38.62302,
              -3.800892
            ],
            [
              -38.622875,
              -3.799495
            ],
            [
              -38.624935,
              -3.799243
            ]
          ]
        ],
        "type": "Polygon"
      },
      "properties": {
        "bairro": "SIQUEIRA",
        "faction": "CV",
        "generated_at": "2026-05-23T09:29:11.220168",
        "geometry_type": "Polygon",
        "is_centroid": false,
        "is_tactical": true,
        "local_street_pressure": 7.911,
        "municipality": "Fortaleza",
        "name": "Comunidade dos Sem Terra",
        "nearby_streets": [
          "COMUNIDADE DOS SEM TERRA",
          "CONJUNTO MIGUEL ARRAES",
          "COMUNIDADE DO MUTIRÃO"
        ],
        "nearby_streets_count": 28,
        "node_id": 165,
        "parent_area": "SIQUEIRA",
        "parent_risk_level": "moderado",
        "parent_risk_score": 50.6,
        "parent_status": "MODERADO",
        "peak_hours": "Entre 18hs e 23hs",
        "rank": 165,
        "region": "fortaleza",
        "risk_score": 45.666,
        "score": 45.666,
        "source_geometry_type": "Polygon"
      },
      "type": "Feature"
    },
    {
      "geometry": {
        "coordinates": [
          [
            [
              -38.580755,
              -3.806491
            ],
            [
              -38.583362,
              -3.804817
            ],
            [
              -38.583773,
              -3.805464
            ],
            [
              -38.584534,
              -3.80496
            ],
            [
              -38.585294,
              -3.806106
            ],
            [
              -38.581063,
              -3.808796
            ],
            [
              -38.580364,
              -3.807682
            ],
            [
              -38.58116,
              -3.807149
            ],
            [
              -38.580755,
              -3.806491
            ]
          ]
        ],
        "type": "Polygon"
      },
      "properties": {
        "bairro": "NOVO MONDUBIM",
        "faction": "CV",
        "generated_at": "2026-05-23T09:29:11.220168",
        "geometry_type": "Polygon",
        "is_centroid": false,
        "is_tactical": true,
        "local_street_pressure": 12.905,
        "municipality": "Fortaleza",
        "name": "Favela do Cuca",
        "nearby_streets": [
          "FAVELA DO CUCA",
          "MODUMBI",
          "COMUNIDADE DA GDD"
        ],
        "nearby_streets_count": 58,
        "node_id": 166,
        "parent_area": "NOVO MONDUBIM",
        "parent_risk_level": "moderado",
        "parent_risk_score": 45.1,
        "parent_status": "MODERADO",
        "rank": 166,
        "region": "fortaleza",
        "risk_score": 45.537,
        "score": 45.537,
        "source_geometry_type": "Polygon"
      },
      "type": "Feature"
    },
    {
      "geometry": {
        "coordinates": [
          [
            [
              [
                -38.584601,
                -3.804925
              ],
              [
                -38.584561,
                -3.804855
              ],
              [
                -38.584603,
                -3.804924
              ],
              [
                -38.584601,
                -3.804925
              ]
            ]
          ],
          [
            [
              [
                -38.584603,
                -3.804924
              ],
              [
                -38.585195,
                -3.804528
              ],
              [
                -38.58547,
                -3.804976
              ],
              [
                -38.586152,
                -3.804521
              ],
              [
                -38.586078,
                -3.804414
              ],
              [
                -38.586182,
                -3.804345
              ],
              [
                -38.586347,
                -3.804599
              ],
              [
                -38.584945,
                -3.805483
              ],
              [
                -38.584603,
                -3.804924
              ]
            ]
          ]
        ],
        "type": "MultiPolygon"
      },
      "properties": {
        "bairro": "NOVO MONDUBIM",
        "faction": "CV",
        "generated_at": "2026-05-23T09:29:11.220168",
        "geometry_type": "MultiPolygon",
        "is_centroid": false,
        "is_tactical": true,
        "local_street_pressure": 13.393,
        "municipality": "Fortaleza",
        "name": "Comunidade da GDD",
        "nearby_streets": [
          "COMUNIDADE DA GDD",
          "MODUMBI",
          "RUA PROFESSOR GLAUCO LOBO"
        ],
        "nearby_streets_count": 58,
        "node_id": 167,
        "parent_area": "NOVO MONDUBIM",
        "parent_risk_level": "moderado",
        "parent_risk_score": 45.1,
        "parent_status": "MODERADO",
        "rank": 167,
        "region": "fortaleza",
        "risk_score": 45.474,
        "score": 45.474,
        "source_geometry_type": "MultiPolygon"
      },
      "type": "Feature"
    },
    {
      "geometry": {
        "coordinates": [
          [
            [
              -38.560951,
              -3.834763
            ],
            [
              -38.562357,
              -3.84119
            ],
            [
              -38.560802,
              -3.841666
            ],
            [
              -38.56048,
              -3.840644
            ],
            [
              -38.555882,
              -3.842036
            ],
            [
              -38.554325,
              -3.836786
            ],
            [
              -38.560951,
              -3.834763
            ]
          ]
        ],
        "type": "Polygon"
      },
      "properties": {
        "bairro": "PREFEITO JOSÉ WALTER",
        "faction": "CV",
        "generated_at": "2026-05-23T09:29:11.220168",
        "geometry_type": "Polygon",
        "is_centroid": false,
        "is_tactical": true,
        "local_street_pressure": 5.528,
        "municipality": "Fortaleza",
        "name": "José Walter",
        "nearby_streets": [
          "JOSÉ WALTER",
          "CURVA DA VIÚVA",
          "FAVELA DA INVASÃO"
        ],
        "nearby_streets_count": 28,
        "node_id": 168,
        "parent_area": "PREFEITO JOSÉ WALTER",
        "parent_risk_level": "moderado",
        "parent_risk_score": 50.4,
        "parent_status": "MODERADO",
        "peak_hours": "Entre 17hs e 22hs",
        "rank": 168,
        "region": "fortaleza",
        "risk_score": 45.473,
        "score": 45.473,
        "source_geometry_type": "Polygon"
      },
      "type": "Feature"
    },
    {
      "geometry": {
        "coordinates": [
          [
            [
              -38.530578,
              -3.826748
            ],
            [
              -38.5296,
              -3.826962
            ],
            [
              -38.529742,
              -3.827833
            ],
            [
              -38.528436,
              -3.8281111
            ],
            [
              -38.5280209,
              -3.8277694
            ],
            [
              -38.5279186,
              -3.8272794
            ],
            [
              -38.5275221,
              -3.8273536
            ],
            [
              -38.5270264,
              -3.8269567
            ],
            [
              -38.5278406,
              -3.8267483
            ],
            [
              -38.528789,
              -3.8265708
            ],
            [
              -38.528702,
              -3.82619
            ],
            [
              -38.530388,
              -3.825822
            ],
            [
              -38.530578,
              -3.826748
            ]
          ]
        ],
        "type": "Polygon"
      },
      "properties": {
        "bairro": "PASSARÉ",
        "faction": "MASSA",
        "generated_at": "2026-05-23T09:29:11.220168",
        "geometry_type": "Polygon",
        "is_centroid": false,
        "is_tactical": true,
        "local_street_pressure": 9.786,
        "municipality": "Fortaleza",
        "name": "Gereba",
        "nearby_streets": [
          "GEREBA",
          "BABILÔNIA",
          "BECO DO BOI"
        ],
        "nearby_streets_count": 45,
        "node_id": 169,
        "parent_area": "PASSARÉ",
        "parent_risk_level": "moderado",
        "parent_risk_score": 48.3,
        "parent_status": "MODERADO",
        "peak_hours": "Entre 18hs e 23hs",
        "rank": 169,
        "region": "fortaleza",
        "risk_score": 45.334,
        "score": 45.334,
        "source_geometry_type": "Polygon"
      },
      "type": "Feature"
    },
    {
      "geometry": {
        "coordinates": [
          [
            [
              -38.57716,
              -3.835904
            ],
            [
              -38.581178,
              -3.834854
            ],
            [
              -38.581516,
              -3.836022
            ],
            [
              -38.579972,
              -3.836467
            ],
            [
              -38.580295,
              -3.837782
            ],
            [
              -38.577786,
              -3.838411
            ],
            [
              -38.57716,
              -3.835904
            ]
          ]
        ],
        "type": "Polygon"
      },
      "properties": {
        "bairro": "PLANALTO AYRTON SENNA",
        "faction": "CV",
        "generated_at": "2026-05-23T09:29:11.220168",
        "geometry_type": "Polygon",
        "is_centroid": false,
        "is_tactical": true,
        "local_street_pressure": 10.027,
        "municipality": "Fortaleza",
        "name": "Planalto Cidade Nova",
        "nearby_streets": [
          "PLANALTO CIDADE NOVA",
          "CANAL BAIXO",
          "RUA FORTALEZA - PLANALTO AYRTON SENNA"
        ],
        "nearby_streets_count": 37,
        "node_id": 170,
        "parent_area": "PLANALTO AYRTON SENNA",
        "parent_risk_level": "moderado",
        "parent_risk_score": 47.7,
        "parent_status": "MODERADO",
        "peak_hours": "Entre 15hs e 20hs",
        "rank": 170,
        "region": "fortaleza",
        "risk_score": 45.309,
        "score": 45.309,
        "source_geometry_type": "Polygon"
      },
      "type": "Feature"
    },
    {
      "geometry": {
        "coordinates": [
          [
            [
              -38.531843,
              -3.828608
            ],
            [
              -38.532172,
              -3.829249
            ],
            [
              -38.533304,
              -3.831321
            ],
            [
              -38.533507,
              -3.831797
            ],
            [
              -38.534232,
              -3.832477
            ],
            [
              -38.53487,
              -3.83321
            ],
            [
              -38.534881,
              -3.833681
            ],
            [
              -38.534842,
              -3.833816
            ],
            [
              -38.534867,
              -3.833888
            ],
            [
              -38.534819,
              -3.833971
            ],
            [
              -38.534671,
              -3.83449
            ],
            [
              -38.534787,
              -3.834522
            ],
            [
              -38.534821,
              -3.83468
            ],
            [
              -38.534954,
              -3.834665
            ],
            [
              -38.534962,
              -3.834748
            ],
            [
              -38.534944,
              -3.834796
            ],
            [
              -38.535032,
              -3.835056
            ],
            [
              -38.535128,
              -3.835051
            ],
            [
              -38.535153,
              -3.835202
            ],
            [
              -38.535132,
              -3.835268
            ],
            [
              -38.534932,
              -3.835355
            ],
            [
              -38.534912,
              -3.835529
            ],
            [
              -38.53461,
              -3.835602
            ],
            [
              -38.534537,
              -3.835724
            ],
            [
              -38.534401,
              -3.835825
            ],
            [
              -38.534451,
              -3.835998
            ],
            [
              -38.534545,
              -3.835992
            ],
            [
              -38.534597,
              -3.836194
            ],
            [
              -38.53477,
              -3.836173
            ],
            [
              -38.534852,
              -3.836602
            ],
            [
              -38.534399,
              -3.836954
            ],
            [
              -38.533998,
              -3.837055
            ],
            [
              -38.533933,
              -3.837088
            ],
            [
              -38.533464,
              -3.837185
            ],
            [
              -38.533348,
              -3.836968
            ],
            [
              -38.53327,
              -3.836997
            ],
            [
              -38.533238,
              -3.836988
            ],
            [
              -38.533169,
              -3.836831
            ],
            [
              -38.532992,
              -3.836841
            ],
            [
              -38.532942,
              -3.836815
            ],
            [
              -38.532818,
              -3.836789
            ],
            [
              -38.532792,
              -3.836492
            ],
            [
              -38.532638,
              -3.83653
            ],
            [
              -38.532549,
              -3.836484
            ],
            [
              -38.532389,
              -3.836095
            ],
            [
              -38.532276,
              -3.835664
            ],
            [
              -38.532217,
              -3.835576
            ],
            [
              -38.532125,
              -3.835385
            ],
            [
              -38.53192,
              -3.835413
            ],
            [
              -38.531856,
              -3.835344
            ],
            [
              -38.531815,
              -3.83521
            ],
            [
              -38.531696,
              -3.835123
            ],
            [
              -38.531554,
              -3.835022
            ],
            [
              -38.531476,
              -3.834872
            ],
            [
              -38.531321,
              -3.834762
            ],
            [
              -38.531064,
              -3.834333
            ],
            [
              -38.530649,
              -3.833756
            ],
            [
              -38.530622,
              -3.833678
            ],
            [
              -38.530677,
              -3.833595
            ],
            [
              -38.53059,
              -3.833409
            ],
            [
              -38.531536,
              -3.83262
            ],
            [
              -38.531652,
              -3.832538
            ],
            [
              -38.531839,
              -3.832737
            ],
            [
              -38.531937,
              -3.832659
            ],
            [
              -38.532087,
              -3.83283
            ],
            [
              -38.532231,
              -3.832732
            ],
            [
              -38.532246,
              -3.832667
            ],
            [
              -38.532433,
              -3.832545
            ],
            [
              -38.532526,
              -3.832564
            ],
            [
              -38.53289,
              -3.832397
            ],
            [
              -38.532831,
              -3.832166
            ],
            [
              -38.532663,
              -3.83193
            ],
            [
              -38.532584,
              -3.831886
            ],
            [
              -38.532483,
              -3.831728
            ],
            [
              -38.532378,
              -3.831602
            ],
            [
              -38.532315,
              -3.831619
            ],
            [
              -38.532233,
              -3.831538
            ],
            [
              -38.532161,
              -3.831572
            ],
            [
              -38.532101,
              -3.83146
            ],
            [
              -38.53213,
              -3.831436
            ],
            [
              -38.531891,
              -3.83106
            ],
            [
              -38.531836,
              -3.831072
            ],
            [
              -38.531738,
              -3.830891
            ],
            [
              -38.531775,
              -3.830889
            ],
            [
              -38.531708,
              -3.83069
            ],
            [
              -38.531623,
              -3.830695
            ],
            [
              -38.531608,
              -3.830518
            ],
            [
              -38.531501,
              -3.830416
            ],
            [
              -38.531421,
              -3.830416
            ],
            [
              -38.531402,
              -3.830344
            ],
            [
              -38.53119,
              -3.830352
            ],
            [
              -38.531147,
              -3.830245
            ],
            [
              -38.530922,
              -3.830224
            ],
            [
              -38.530664,
              -3.830229
            ],
            [
              -38.530659,
              -3.83017
            ],
            [
              -38.530476,
              -3.830167
            ],
            [
              -38.530364,
              -3.830094
            ],
            [
              -38.530267,
              -3.830108
            ],
            [
              -38.530106,
              -3.829972
            ],
            [
              -38.530069,
              -3.829667
            ],
            [
              -38.529963,
              -3.82966
            ],
            [
              -38.529929,
              -3.829482
            ],
            [
              -38.529691,
              -3.829542
            ],
            [
              -38.529649,
              -3.829441
            ],
            [
              -38.529447,
              -3.829489
            ],
            [
              -38.529416,
              -3.829417
            ],
            [
              -38.52924,
              -3.829441
            ],
            [
              -38.529147,
              -3.829435
            ],
            [
              -38.528899,
              -3.829327
            ],
            [
              -38.529999,
              -3.829067
            ],
            [
              -38.531843,
              -3.828608
            ]
          ]
        ],
        "type": "Polygon"
      },
      "properties": {
        "bairro": "PREFEITO JOSÉ WALTER",
        "faction": "CV",
        "generated_at": "2026-05-23T09:29:11.220168",
        "geometry_type": "Polygon",
        "is_centroid": false,
        "is_tactical": true,
        "local_street_pressure": 6.385,
        "municipality": "Fortaleza",
        "name": "Favela da Mana ou Sem Terra",
        "nearby_streets": [
          "FAVELA DA MANA OU SEM TERRA",
          "SORRISO - SÃO CRISTÓVÃO",
          "RUA ABENÇOADA"
        ],
        "nearby_streets_count": 36,
        "node_id": 171,
        "parent_area": "PREFEITO JOSÉ WALTER",
        "parent_risk_level": "moderado",
        "parent_risk_score": 50.4,
        "parent_status": "MODERADO",
        "peak_hours": "Entre 17hs e 22hs",
        "rank": 171,
        "region": "fortaleza",
        "risk_score": 45.185,
        "score": 45.185,
        "source_geometry_type": "Polygon"
      },
      "type": "Feature"
    },
    {
      "geometry": {
        "coordinates": [
          [
            [
              -38.564837,
              -3.829021
            ],
            [
              -38.566801,
              -3.83447
            ],
            [
              -38.562766,
              -3.835969
            ],
            [
              -38.560782,
              -3.830477
            ],
            [
              -38.564837,
              -3.829021
            ]
          ]
        ],
        "type": "Polygon"
      },
      "properties": {
        "bairro": "PLANALTO AYRTON SENNA",
        "faction": "CV",
        "generated_at": "2026-05-23T09:29:11.220168",
        "geometry_type": "Polygon",
        "is_centroid": false,
        "is_tactical": true,
        "local_street_pressure": 8.723,
        "municipality": "Fortaleza",
        "name": "BARRACAL",
        "nearby_streets": [
          "BARRACAL",
          "MONTE LIBANO",
          "RUA MONTE LÍBANO"
        ],
        "nearby_streets_count": 33,
        "node_id": 172,
        "parent_area": "PLANALTO AYRTON SENNA",
        "parent_risk_level": "moderado",
        "parent_risk_score": 47.7,
        "parent_status": "MODERADO",
        "peak_hours": "Entre 15hs e 20hs",
        "rank": 172,
        "region": "fortaleza",
        "risk_score": 45.169,
        "score": 45.169,
        "source_geometry_type": "Polygon"
      },
      "type": "Feature"
    },
    {
      "geometry": {
        "coordinates": [
          [
            [
              -38.627903,
              -3.789924
            ],
            [
              -38.626608,
              -3.78513
            ],
            [
              -38.625114,
              -3.785492
            ],
            [
              -38.624523,
              -3.783436
            ],
            [
              -38.625976,
              -3.783034
            ],
            [
              -38.627483,
              -3.782666
            ],
            [
              -38.628037,
              -3.78472
            ],
            [
              -38.631184,
              -3.783861
            ],
            [
              -38.632128,
              -3.787073
            ],
            [
              -38.632299,
              -3.787148
            ],
            [
              -38.632428,
              -3.787469
            ],
            [
              -38.632267,
              -3.787522
            ],
            [
              -38.632557,
              -3.788764
            ],
            [
              -38.632267,
              -3.78885
            ],
            [
              -38.632452,
              -3.789346
            ],
            [
              -38.630961,
              -3.789785
            ],
            [
              -38.63081,
              -3.789111
            ],
            [
              -38.627903,
              -3.789924
            ]
          ]
        ],
        "type": "Polygon"
      },
      "properties": {
        "bairro": "GRANJA LISBOA",
        "faction": "CV",
        "generated_at": "2026-05-23T09:29:11.220168",
        "geometry_type": "Polygon",
        "is_centroid": false,
        "is_tactical": true,
        "local_street_pressure": 5.953,
        "municipality": "Fortaleza",
        "name": "CR",
        "nearby_streets": [
          "CR",
          "CONJUNTO LEONEL BRIZOLA",
          "COMUNIDADE RAQUEL"
        ],
        "nearby_streets_count": 29,
        "node_id": 173,
        "parent_area": "GRANJA LISBOA",
        "parent_risk_level": "moderado",
        "parent_risk_score": 49.9,
        "parent_status": "MODERADO",
        "peak_hours": "Entre 12hs e 17hs",
        "rank": 173,
        "region": "fortaleza",
        "risk_score": 45.07,
        "score": 45.07,
        "source_geometry_type": "Polygon"
      },
      "type": "Feature"
    },
    {
      "geometry": {
        "coordinates": [
          [
            [
              -38.567914,
              -3.837481
            ],
            [
              -38.568846,
              -3.839802
            ],
            [
              -38.567902,
              -3.840526
            ],
            [
              -38.567668,
              -3.840221
            ],
            [
              -38.567491,
              -3.83995
            ],
            [
              -38.56755,
              -3.839929
            ],
            [
              -38.567435,
              -3.839652
            ],
            [
              -38.567519,
              -3.839601
            ],
            [
              -38.567402,
              -3.839383
            ],
            [
              -38.567286,
              -3.839165
            ],
            [
              -38.567487,
              -3.83902
            ],
            [
              -38.567456,
              -3.838976
            ],
            [
              -38.567603,
              -3.83886
            ],
            [
              -38.567348,
              -3.838477
            ],
            [
              -38.567622,
              -3.838345
            ],
            [
              -38.567559,
              -3.838164
            ],
            [
              -38.567559,
              -3.838089
            ],
            [
              -38.567661,
              -3.838022
            ],
            [
              -38.567509,
              -3.83766
            ],
            [
              -38.567914,
              -3.837481
            ]
          ]
        ],
        "type": "Polygon"
      },
      "properties": {
        "bairro": "PLANALTO AYRTON SENNA",
        "faction": "CV",
        "generated_at": "2026-05-23T09:29:11.220717",
        "geometry_type": "Polygon",
        "is_centroid": false,
        "is_tactical": true,
        "local_street_pressure": 10.047,
        "municipality": "Fortaleza",
        "name": "Rua da Lama",
        "nearby_streets": [
          "RUA DA LAMA",
          "RUA CANUDOS",
          "RUA GASPAR DUTRA"
        ],
        "nearby_streets_count": 32,
        "node_id": 174,
        "parent_area": "PLANALTO AYRTON SENNA",
        "parent_risk_level": "moderado",
        "parent_risk_score": 47.7,
        "parent_status": "MODERADO",
        "peak_hours": "Entre 15hs e 20hs",
        "rank": 174,
        "region": "fortaleza",
        "risk_score": 45.024,
        "score": 45.024,
        "source_geometry_type": "Polygon"
      },
      "type": "Feature"
    },
    {
      "geometry": {
        "coordinates": [
          [
            [
              -38.531916,
              -3.822548
            ],
            [
              -38.532423,
              -3.823454
            ],
            [
              -38.533243,
              -3.82297
            ],
            [
              -38.533217,
              -3.822925
            ],
            [
              -38.533615,
              -3.82273
            ],
            [
              -38.534547,
              -3.823702
            ],
            [
              -38.532051,
              -3.824163
            ],
            [
              -38.531823,
              -3.823474
            ],
            [
              -38.53197,
              -3.823255
            ],
            [
              -38.532051,
              -3.82319
            ],
            [
              -38.531915,
              -3.82292
            ],
            [
              -38.531779,
              -3.822958
            ],
            [
              -38.531514,
              -3.823125
            ],
            [
              -38.531036,
              -3.823444
            ],
            [
              -38.531055,
              -3.823499
            ],
            [
              -38.531036,
              -3.823541
            ],
            [
              -38.531076,
              -3.823638
            ],
            [
              -38.530987,
              -3.823676
            ],
            [
              -38.530926,
              -3.82361
            ],
            [
              -38.530718,
              -3.823791
            ],
            [
              -38.530627,
              -3.823725
            ],
            [
              -38.530247,
              -3.823965
            ],
            [
              -38.53027,
              -3.824068
            ],
            [
              -38.530404,
              -3.824027
            ],
            [
              -38.530429,
              -3.824055
            ],
            [
              -38.530152,
              -3.824216
            ],
            [
              -38.530078,
              -3.823983
            ],
            [
              -38.530021,
              -3.823704
            ],
            [
              -38.531916,
              -3.822548
            ]
          ]
        ],
        "type": "Polygon"
      },
      "properties": {
        "bairro": "PASSARÉ",
        "faction": "CV",
        "generated_at": "2026-05-23T09:29:11.220717",
        "geometry_type": "Polygon",
        "is_centroid": false,
        "is_tactical": true,
        "local_street_pressure": 9.351,
        "municipality": "Fortaleza",
        "name": "Beco do Boi",
        "nearby_streets": [
          "BECO DO BOI",
          "BABILÔNIA",
          "JARDIM CASTELÃO L"
        ],
        "nearby_streets_count": 43,
        "node_id": 175,
        "parent_area": "PASSARÉ",
        "parent_risk_level": "moderado",
        "parent_risk_score": 48.3,
        "parent_status": "MODERADO",
        "peak_hours": "Entre 18hs e 23hs",
        "rank": 175,
        "region": "fortaleza",
        "risk_score": 44.971,
        "score": 44.971,
        "source_geometry_type": "Polygon"
      },
      "type": "Feature"
    },
    {
      "geometry": {
        "coordinates": [
          [
            [
              -38.573962,
              -3.83732
            ],
            [
              -38.574243,
              -3.838235
            ],
            [
              -38.573621,
              -3.838404
            ],
            [
              -38.5735,
              -3.837992
            ],
            [
              -38.573136,
              -3.838094
            ],
            [
              -38.57309,
              -3.837957
            ],
            [
              -38.572771,
              -3.838045
            ],
            [
              -38.572658,
              -3.837655
            ],
            [
              -38.573962,
              -3.83732
            ]
          ]
        ],
        "type": "Polygon"
      },
      "properties": {
        "bairro": "PLANALTO AYRTON SENNA",
        "faction": "CV",
        "generated_at": "2026-05-23T09:29:11.220717",
        "geometry_type": "Polygon",
        "is_centroid": false,
        "is_tactical": true,
        "local_street_pressure": 10.066,
        "municipality": "Cidade Nova",
        "name": "Aurora - Cidade Nova",
        "nearby_streets": [
          "AURORA - CIDADE NOVA",
          "BECO PLANALTINA",
          "COMUNIDADE DO SOL NASCENTE"
        ],
        "nearby_streets_count": 21,
        "node_id": 176,
        "parent_area": "PLANALTO AYRTON SENNA",
        "parent_risk_level": "moderado",
        "parent_risk_score": 47.7,
        "parent_status": "MODERADO",
        "peak_hours": "Entre 15hs e 20hs",
        "rank": 176,
        "region": "fortaleza",
        "risk_score": 44.96,
        "score": 44.96,
        "source_geometry_type": "Polygon"
      },
      "type": "Feature"
    },
    {
      "geometry": {
        "coordinates": [
          [
            [
              -38.538346,
              -3.815953
            ],
            [
              -38.538708,
              -3.816628
            ],
            [
              -38.538012,
              -3.817242
            ],
            [
              -38.537954,
              -3.817175
            ],
            [
              -38.537876,
              -3.817072
            ],
            [
              -38.537747,
              -3.816917
            ],
            [
              -38.537698,
              -3.816827
            ],
            [
              -38.537286,
              -3.817175
            ],
            [
              -38.537029,
              -3.817379
            ],
            [
              -38.536959,
              -3.817415
            ],
            [
              -38.536653,
              -3.816897
            ],
            [
              -38.538346,
              -3.815953
            ]
          ]
        ],
        "type": "Polygon"
      },
      "properties": {
        "bairro": "PASSARÉ",
        "faction": "CV",
        "generated_at": "2026-05-23T09:29:11.220717",
        "geometry_type": "Polygon",
        "is_centroid": false,
        "is_tactical": true,
        "local_street_pressure": 9.171,
        "municipality": "Fortaleza",
        "name": "Comunidade da Tubiacanga",
        "nearby_streets": [
          "COMUNIDADE DA TUBIACANGA",
          "PARQUE DA PAZ",
          "JARDIM UNIÃO - COMPLEXO DA ROSALINA"
        ],
        "nearby_streets_count": 33,
        "node_id": 177,
        "parent_area": "PASSARÉ",
        "parent_risk_level": "moderado",
        "parent_risk_score": 48.3,
        "parent_status": "MODERADO",
        "peak_hours": "Entre 18hs e 23hs",
        "rank": 177,
        "region": "fortaleza",
        "risk_score": 44.765,
        "score": 44.765,
        "source_geometry_type": "Polygon"
      },
      "type": "Feature"
    },
    {
      "geometry": {
        "coordinates": [
          [
            [
              -38.567112,
              -3.82902
            ],
            [
              -38.566019,
              -3.829847
            ],
            [
              -38.565382,
              -3.829123
            ],
            [
              -38.565738,
              -3.828847
            ],
            [
              -38.565798,
              -3.828912
            ],
            [
              -38.56616,
              -3.828654
            ],
            [
              -38.566192,
              -3.82868
            ],
            [
              -38.566316,
              -3.828615
            ],
            [
              -38.566447,
              -3.828631
            ],
            [
              -38.566678,
              -3.828492
            ],
            [
              -38.567112,
              -3.82902
            ]
          ]
        ],
        "type": "Polygon"
      },
      "properties": {
        "bairro": "PLANALTO AYRTON SENNA",
        "faction": "CV",
        "generated_at": "2026-05-23T09:29:11.220717",
        "geometry_type": "Polygon",
        "is_centroid": false,
        "is_tactical": true,
        "local_street_pressure": 9.757,
        "municipality": "Fortaleza",
        "name": "Monte Libano",
        "nearby_streets": [
          "MONTE LIBANO",
          "RUA MONTE LÍBANO",
          "BARRACAL"
        ],
        "nearby_streets_count": 37,
        "node_id": 178,
        "parent_area": "PLANALTO AYRTON SENNA",
        "parent_risk_level": "moderado",
        "parent_risk_score": 47.7,
        "parent_status": "MODERADO",
        "peak_hours": "Entre 15hs e 20hs",
        "rank": 178,
        "region": "fortaleza",
        "risk_score": 44.748,
        "score": 44.748,
        "source_geometry_type": "Polygon"
      },
      "type": "Feature"
    },
    {
      "geometry": {
        "coordinates": [
          [
            [
              -38.629544,
              -3.801196
            ],
            [
              -38.629759,
              -3.801892
            ],
            [
              -38.627758,
              -3.802459
            ],
            [
              -38.627581,
              -3.801758
            ],
            [
              -38.629544,
              -3.801196
            ]
          ]
        ],
        "type": "Polygon"
      },
      "properties": {
        "bairro": "SIQUEIRA",
        "faction": "CV",
        "generated_at": "2026-05-23T09:29:11.220717",
        "geometry_type": "Polygon",
        "is_centroid": false,
        "is_tactical": true,
        "local_street_pressure": 6.684,
        "municipality": "Fortaleza",
        "name": "Comunidade do Mutirão",
        "nearby_streets": [
          "COMUNIDADE DO MUTIRÃO",
          "AP DO JATOBÁ - JARDIM DO EDEM",
          "COMUNIDADE DO CEMITÉRIO"
        ],
        "nearby_streets_count": 23,
        "node_id": 179,
        "parent_area": "SIQUEIRA",
        "parent_risk_level": "moderado",
        "parent_risk_score": 50.6,
        "parent_status": "MODERADO",
        "peak_hours": "Entre 18hs e 23hs",
        "rank": 179,
        "region": "fortaleza",
        "risk_score": 44.632,
        "score": 44.632,
        "source_geometry_type": "Polygon"
      },
      "type": "Feature"
    },
    {
      "geometry": {
        "coordinates": [
          [
            [
              -38.527276,
              -3.82025
            ],
            [
              -38.527732,
              -3.822077
            ],
            [
              -38.527548,
              -3.822105
            ],
            [
              -38.527539,
              -3.822185
            ],
            [
              -38.527159,
              -3.822186
            ],
            [
              -38.527193,
              -3.821882
            ],
            [
              -38.526866,
              -3.821933
            ],
            [
              -38.526602,
              -3.822023
            ],
            [
              -38.526447,
              -3.822098
            ],
            [
              -38.526277,
              -3.822204
            ],
            [
              -38.526165,
              -3.822218
            ],
            [
              -38.526049,
              -3.822218
            ],
            [
              -38.525918,
              -3.822207
            ],
            [
              -38.52575,
              -3.822208
            ],
            [
              -38.525509,
              -3.822255
            ],
            [
              -38.525346,
              -3.82231
            ],
            [
              -38.525215,
              -3.822373
            ],
            [
              -38.524926,
              -3.822457
            ],
            [
              -38.52468,
              -3.822482
            ],
            [
              -38.524406,
              -3.822462
            ],
            [
              -38.523965,
              -3.822477
            ],
            [
              -38.523564,
              -3.822665
            ],
            [
              -38.5235,
              -3.822569
            ],
            [
              -38.523669,
              -3.822456
            ],
            [
              -38.523441,
              -3.822025
            ],
            [
              -38.523374,
              -3.82185
            ],
            [
              -38.523464,
              -3.821834
            ],
            [
              -38.522947,
              -3.820181
            ],
            [
              -38.525263,
              -3.819512
            ],
            [
              -38.525475,
              -3.820286
            ],
            [
              -38.525929,
              -3.820168
            ],
            [
              -38.526184,
              -3.820288
            ],
            [
              -38.526239,
              -3.820537
            ],
            [
              -38.527276,
              -3.82025
            ]
          ]
        ],
        "type": "Polygon"
      },
      "properties": {
        "bairro": "PASSARÉ",
        "faction": "CV",
        "generated_at": "2026-05-23T09:29:11.220717",
        "geometry_type": "Polygon",
        "is_centroid": false,
        "is_tactical": true,
        "local_street_pressure": 8.345,
        "municipality": "Barroso ll",
        "name": "Campo Do Baleia - Barroso ll",
        "nearby_streets": [
          "CAMPO DO BALEIA - BARROSO LL",
          "BABILÔNIA",
          "FAVELA DO RATO - BARROSO LL"
        ],
        "nearby_streets_count": 24,
        "node_id": 180,
        "parent_area": "PASSARÉ",
        "parent_risk_level": "moderado",
        "parent_risk_score": 48.3,
        "parent_status": "MODERADO",
        "peak_hours": "Entre 18hs e 23hs",
        "rank": 180,
        "region": "fortaleza",
        "risk_score": 44.565,
        "score": 44.565,
        "source_geometry_type": "Polygon"
      },
      "type": "Feature"
    },
    {
      "geometry": {
        "coordinates": [
          [
            [
              -38.577095,
              -3.819838
            ],
            [
              -38.577242,
              -3.820039
            ],
            [
              -38.577317,
              -3.820159
            ],
            [
              -38.576161,
              -3.820933
            ],
            [
              -38.576285,
              -3.821104
            ],
            [
              -38.575311,
              -3.821446
            ],
            [
              -38.575231,
              -3.821342
            ],
            [
              -38.575201,
              -3.821364
            ],
            [
              -38.575134,
              -3.821248
            ],
            [
              -38.574823,
              -3.821441
            ],
            [
              -38.574767,
              -3.82135
            ],
            [
              -38.577095,
              -3.819838
            ]
          ]
        ],
        "type": "Polygon"
      },
      "properties": {
        "bairro": "MONDUBIM",
        "faction": "CV",
        "generated_at": "2026-05-23T09:29:11.220717",
        "geometry_type": "Polygon",
        "is_centroid": false,
        "is_tactical": true,
        "local_street_pressure": 12.034,
        "municipality": "Fortaleza",
        "name": "Favela dos Pirineus",
        "nearby_streets": [
          "FAVELA DOS PIRINEUS",
          "TITANIC",
          "BECO AMERICA - MONDUBIM"
        ],
        "nearby_streets_count": 48,
        "node_id": 181,
        "parent_area": "MONDUBIM",
        "parent_risk_level": "moderado",
        "parent_risk_score": 45.1,
        "parent_status": "MODERADO",
        "peak_hours": "Entre 17hs e 22hs",
        "rank": 181,
        "region": "fortaleza",
        "risk_score": 44.516,
        "score": 44.516,
        "source_geometry_type": "Polygon"
      },
      "type": "Feature"
    },
    {
      "geometry": {
        "coordinates": [
          [
            [
              -38.526316,
              -3.81906
            ],
            [
              -38.52181,
              -3.82046
            ],
            [
              -38.521738,
              -3.820328
            ],
            [
              -38.52174,
              -3.820275
            ],
            [
              -38.521743,
              -3.819932
            ],
            [
              -38.521648,
              -3.819952
            ],
            [
              -38.521622,
              -3.81984
            ],
            [
              -38.521596,
              -3.819806
            ],
            [
              -38.521597,
              -3.819761
            ],
            [
              -38.521672,
              -3.819692
            ],
            [
              -38.522354,
              -3.819458
            ],
            [
              -38.522219,
              -3.818873
            ],
            [
              -38.522398,
              -3.818818
            ],
            [
              -38.523914,
              -3.818438
            ],
            [
              -38.524064,
              -3.818984
            ],
            [
              -38.524307,
              -3.81895
            ],
            [
              -38.524446,
              -3.818779
            ],
            [
              -38.524315,
              -3.818341
            ],
            [
              -38.524344,
              -3.818298
            ],
            [
              -38.525593,
              -3.818005
            ],
            [
              -38.525629,
              -3.818076
            ],
            [
              -38.525635,
              -3.818167
            ],
            [
              -38.525587,
              -3.818183
            ],
            [
              -38.525602,
              -3.818248
            ],
            [
              -38.525487,
              -3.818286
            ],
            [
              -38.525471,
              -3.818259
            ],
            [
              -38.52525,
              -3.818313
            ],
            [
              -38.525259,
              -3.818415
            ],
            [
              -38.525291,
              -3.818488
            ],
            [
              -38.525333,
              -3.818583
            ],
            [
              -38.52536,
              -3.818676
            ],
            [
              -38.525355,
              -3.818742
            ],
            [
              -38.525674,
              -3.81864
            ],
            [
              -38.525748,
              -3.818672
            ],
            [
              -38.526147,
              -3.818557
            ],
            [
              -38.526192,
              -3.818644
            ],
            [
              -38.52628,
              -3.818622
            ],
            [
              -38.526293,
              -3.818658
            ],
            [
              -38.52635,
              -3.819035
            ],
            [
              -38.526316,
              -3.81906
            ]
          ]
        ],
        "type": "Polygon"
      },
      "properties": {
        "bairro": "PASSARÉ",
        "faction": "CV",
        "generated_at": "2026-05-23T09:29:11.220717",
        "geometry_type": "Polygon",
        "is_centroid": false,
        "is_tactical": true,
        "local_street_pressure": 8.538,
        "municipality": "Barroso ll",
        "name": "Favela do Rato - Barroso ll",
        "nearby_streets": [
          "FAVELA DO RATO - BARROSO LL",
          "RUA SÃO CIPRIANO",
          "CAMPO DO BALEIA - BARROSO LL"
        ],
        "nearby_streets_count": 22,
        "node_id": 182,
        "parent_area": "PASSARÉ",
        "parent_risk_level": "moderado",
        "parent_risk_score": 48.3,
        "parent_status": "MODERADO",
        "peak_hours": "Entre 18hs e 23hs",
        "rank": 182,
        "region": "fortaleza",
        "risk_score": 44.489,
        "score": 44.489,
        "source_geometry_type": "Polygon"
      },
      "type": "Feature"
    },
    {
      "geometry": {
        "coordinates": [
          [
            [
              -38.539605,
              -3.816004
            ],
            [
              -38.540066,
              -3.816464
            ],
            [
              -38.540429,
              -3.816169
            ],
            [
              -38.540277,
              -3.816603
            ],
            [
              -38.540554,
              -3.816926
            ],
            [
              -38.540344,
              -3.817116
            ],
            [
              -38.540826,
              -3.817652
            ],
            [
              -38.539717,
              -3.818584
            ],
            [
              -38.538196,
              -3.819834
            ],
            [
              -38.537913,
              -3.819292
            ],
            [
              -38.538343,
              -3.818925
            ],
            [
              -38.537856,
              -3.818391
            ],
            [
              -38.538435,
              -3.817915
            ],
            [
              -38.53817,
              -3.8176
            ],
            [
              -38.538341,
              -3.817453
            ],
            [
              -38.538138,
              -3.817216
            ],
            [
              -38.539605,
              -3.816004
            ]
          ]
        ],
        "type": "Polygon"
      },
      "properties": {
        "bairro": "PASSARÉ",
        "faction": "CV",
        "generated_at": "2026-05-23T09:29:11.220717",
        "geometry_type": "Polygon",
        "is_centroid": false,
        "is_tactical": true,
        "local_street_pressure": 8.323,
        "municipality": "Fortaleza",
        "name": "Parque Da Paz",
        "nearby_streets": [
          "PARQUE DA PAZ",
          "COMUNIDADE DA TUBIACANGA",
          "JARDIM UNIÃO - COMPLEXO DA ROSALINA"
        ],
        "nearby_streets_count": 29,
        "node_id": 183,
        "parent_area": "PASSARÉ",
        "parent_risk_level": "moderado",
        "parent_risk_score": 48.3,
        "parent_status": "MODERADO",
        "peak_hours": "Entre 18hs e 23hs",
        "rank": 183,
        "region": "fortaleza",
        "risk_score": 44.365,
        "score": 44.365,
        "source_geometry_type": "Polygon"
      },
      "type": "Feature"
    },
    {
      "geometry": {
        "coordinates": [
          [
            [
              -38.526153,
              -3.809073
            ],
            [
              -38.526193,
              -3.809066
            ],
            [
              -38.52689,
              -3.809997
            ],
            [
              -38.526331,
              -3.810371
            ],
            [
              -38.526074,
              -3.809996
            ],
            [
              -38.525961,
              -3.809849
            ],
            [
              -38.525691,
              -3.809491
            ],
            [
              -38.525691,
              -3.809432
            ],
            [
              -38.526153,
              -3.809073
            ]
          ]
        ],
        "type": "Polygon"
      },
      "properties": {
        "bairro": "PASSARÉ",
        "faction": "CV",
        "generated_at": "2026-05-23T09:29:11.220717",
        "geometry_type": "Polygon",
        "is_centroid": false,
        "is_tactical": true,
        "local_street_pressure": 8.566,
        "municipality": "Fortaleza",
        "name": "Vilinha B2",
        "nearby_streets": [
          "VILINHA B2",
          "RUA DO MEIO - BARROSO LL",
          "NOVO BARROSO"
        ],
        "nearby_streets_count": 39,
        "node_id": 184,
        "parent_area": "PASSARÉ",
        "parent_risk_level": "moderado",
        "parent_risk_score": 48.3,
        "parent_status": "MODERADO",
        "peak_hours": "Entre 18hs e 23hs",
        "rank": 184,
        "region": "fortaleza",
        "risk_score": 44.299,
        "score": 44.299,
        "source_geometry_type": "Polygon"
      },
      "type": "Feature"
    },
    {
      "geometry": {
        "coordinates": [
          [
            [
              -38.535227,
              -3.815009
            ],
            [
              -38.535721,
              -3.814641
            ],
            [
              -38.536057,
              -3.815092
            ],
            [
              -38.539245,
              -3.812934
            ],
            [
              -38.539873,
              -3.812433
            ],
            [
              -38.540122,
              -3.812849
            ],
            [
              -38.540401,
              -3.81326
            ],
            [
              -38.540577,
              -3.813617
            ],
            [
              -38.540721,
              -3.813577
            ],
            [
              -38.540731,
              -3.8136
            ],
            [
              -38.540614,
              -3.813891
            ],
            [
              -38.540503,
              -3.814043
            ],
            [
              -38.540508,
              -3.814404
            ],
            [
              -38.540557,
              -3.814699
            ],
            [
              -38.540656,
              -3.814938
            ],
            [
              -38.538708,
              -3.816628
            ],
            [
              -38.537892,
              -3.814983
            ],
            [
              -38.536121,
              -3.815958
            ],
            [
              -38.535916,
              -3.815603
            ],
            [
              -38.535796,
              -3.815454
            ],
            [
              -38.535685,
              -3.81535
            ],
            [
              -38.535227,
              -3.815009
            ]
          ]
        ],
        "type": "Polygon"
      },
      "properties": {
        "bairro": "PASSARÉ",
        "faction": "CV",
        "generated_at": "2026-05-23T09:29:11.220717",
        "geometry_type": "Polygon",
        "is_centroid": false,
        "is_tactical": true,
        "local_street_pressure": 7.923,
        "municipality": "Complexo Da Rosalina",
        "name": "Jardim União - Complexo Da Rosalina",
        "nearby_streets": [
          "JARDIM UNIÃO - COMPLEXO DA ROSALINA",
          "AVENIDA 2 DE MAIO",
          "COMUNIDADE DA TUBIACANGA"
        ],
        "nearby_streets_count": 21,
        "node_id": 185,
        "parent_area": "PASSARÉ",
        "parent_risk_level": "moderado",
        "parent_risk_score": 48.3,
        "parent_status": "MODERADO",
        "peak_hours": "Entre 18hs e 23hs",
        "rank": 185,
        "region": "fortaleza",
        "risk_score": 44.262,
        "score": 44.262,
        "source_geometry_type": "Polygon"
      },
      "type": "Feature"
    },
    {
      "geometry": {
        "coordinates": [
          [
            [
              -38.62904,
              -3.797983
            ],
            [
              -38.628809,
              -3.795874
            ],
            [
              -38.630896,
              -3.795655
            ],
            [
              -38.631154,
              -3.797748
            ],
            [
              -38.62904,
              -3.797983
            ]
          ]
        ],
        "type": "Polygon"
      },
      "properties": {
        "bairro": "SIQUEIRA",
        "faction": "CV",
        "generated_at": "2026-05-23T09:29:11.220717",
        "geometry_type": "Polygon",
        "is_centroid": false,
        "is_tactical": true,
        "local_street_pressure": 5.825,
        "municipality": "Fortaleza",
        "name": "Comunidade do Cemitério",
        "nearby_streets": [
          "COMUNIDADE DO CEMITÉRIO",
          "AP DO JATOBÁ - JARDIM DO EDEM",
          "COMUNIDADE DO MUTIRÃO"
        ],
        "nearby_streets_count": 21,
        "node_id": 186,
        "parent_area": "SIQUEIRA",
        "parent_risk_level": "moderado",
        "parent_risk_score": 50.6,
        "parent_status": "MODERADO",
        "peak_hours": "Entre 18hs e 23hs",
        "rank": 186,
        "region": "fortaleza",
        "risk_score": 44.157,
        "score": 44.157,
        "source_geometry_type": "Polygon"
      },
      "type": "Feature"
    },
    {
      "geometry": {
        "coordinates": [
          [
            [
              -38.574911,
              -3.822456
            ],
            [
              -38.574238,
              -3.822625
            ],
            [
              -38.57423,
              -3.822454
            ],
            [
              -38.574978,
              -3.822258
            ],
            [
              -38.575896,
              -3.825264
            ],
            [
              -38.575834,
              -3.825296
            ],
            [
              -38.575688,
              -3.824886
            ],
            [
              -38.575309,
              -3.824996
            ],
            [
              -38.575102,
              -3.824282
            ],
            [
              -38.575458,
              -3.824173
            ],
            [
              -38.575367,
              -3.823906
            ],
            [
              -38.574911,
              -3.822456
            ]
          ]
        ],
        "type": "Polygon"
      },
      "properties": {
        "bairro": "MONDUBIM",
        "faction": "CV",
        "generated_at": "2026-05-23T09:29:11.220717",
        "geometry_type": "Polygon",
        "is_centroid": false,
        "is_tactical": true,
        "local_street_pressure": 11.469,
        "municipality": "Fortaleza",
        "name": "Beco America - Mondubim",
        "nearby_streets": [
          "BECO AMERICA - MONDUBIM",
          "AREA SEM NOME",
          "FAVELA DOS PIRINEUS"
        ],
        "nearby_streets_count": 50,
        "node_id": 187,
        "parent_area": "MONDUBIM",
        "parent_risk_level": "moderado",
        "parent_risk_score": 45.1,
        "parent_status": "MODERADO",
        "peak_hours": "Entre 17hs e 22hs",
        "rank": 187,
        "region": "fortaleza",
        "risk_score": 44.089,
        "score": 44.089,
        "source_geometry_type": "Polygon"
      },
      "type": "Feature"
    },
    {
      "geometry": {
        "coordinates": [
          [
            [
              -38.493274,
              -3.842321
            ],
            [
              -38.490823,
              -3.842412
            ],
            [
              -38.490943,
              -3.842106
            ],
            [
              -38.490222,
              -3.84162
            ],
            [
              -38.490654,
              -3.841015
            ],
            [
              -38.492172,
              -3.842034
            ],
            [
              -38.492313,
              -3.841828
            ],
            [
              -38.492689,
              -3.842073
            ],
            [
              -38.49259,
              -3.842235
            ],
            [
              -38.492708,
              -3.842256
            ],
            [
              -38.493272,
              -3.842248
            ],
            [
              -38.493274,
              -3.842321
            ]
          ]
        ],
        "type": "Polygon"
      },
      "properties": {
        "bairro": "PARQUE SANTA MARIA",
        "faction": "CV",
        "generated_at": "2026-05-23T09:29:11.220717",
        "geometry_type": "Polygon",
        "is_centroid": false,
        "is_tactical": true,
        "local_street_pressure": 3.234,
        "municipality": "Messejana",
        "name": "Comunidade do Serrote - Messejana",
        "nearby_streets": [
          "COMUNIDADE DO SERROTE - MESSEJANA",
          "RUA COPÉRNICO",
          "CEMITÉRIO"
        ],
        "nearby_streets_count": 11,
        "node_id": 188,
        "parent_area": "PARQUE SANTA MARIA",
        "parent_risk_level": "alto",
        "parent_risk_score": 53.1,
        "parent_status": "ALTO",
        "rank": 188,
        "region": "fortaleza",
        "risk_score": 43.948,
        "score": 43.948,
        "source_geometry_type": "Polygon"
      },
      "type": "Feature"
    },
    {
      "geometry": {
        "coordinates": [
          [
            [
              -38.554417,
              -3.83934
            ],
            [
              -38.554932,
              -3.841074
            ],
            [
              -38.55461,
              -3.84117
            ],
            [
              -38.554696,
              -3.841652
            ],
            [
              -38.5549,
              -3.842787
            ],
            [
              -38.555887,
              -3.843226
            ],
            [
              -38.556037,
              -3.843558
            ],
            [
              -38.555769,
              -3.843697
            ],
            [
              -38.556155,
              -3.845014
            ],
            [
              -38.556584,
              -3.845014
            ],
            [
              -38.557142,
              -3.846737
            ],
            [
              -38.556166,
              -3.846898
            ],
            [
              -38.555372,
              -3.846555
            ],
            [
              -38.555339,
              -3.846812
            ],
            [
              -38.555103,
              -3.846833
            ],
            [
              -38.555039,
              -3.846598
            ],
            [
              -38.554599,
              -3.846544
            ],
            [
              -38.554588,
              -3.846138
            ],
            [
              -38.553773,
              -3.845859
            ],
            [
              -38.553634,
              -3.846159
            ],
            [
              -38.551252,
              -3.845238
            ],
            [
              -38.551026,
              -3.844832
            ],
            [
              -38.550823,
              -3.844842
            ],
            [
              -38.550329,
              -3.84313
            ],
            [
              -38.549625,
              -3.840775
            ],
            [
              -38.554417,
              -3.83934
            ]
          ]
        ],
        "type": "Polygon"
      },
      "properties": {
        "bairro": "PREFEITO JOSÉ WALTER",
        "faction": "CV",
        "generated_at": "2026-05-23T09:29:11.220717",
        "geometry_type": "Polygon",
        "is_centroid": false,
        "is_tactical": true,
        "local_street_pressure": 3.849,
        "municipality": "Fortaleza",
        "name": "Cidade Jardim II",
        "nearby_streets": [
          "RUA MACHADO DE ASSIS",
          "CIDADE JARDIM II",
          "AVENIDA G"
        ],
        "nearby_streets_count": 15,
        "node_id": 189,
        "parent_area": "PREFEITO JOSÉ WALTER",
        "parent_risk_level": "moderado",
        "parent_risk_score": 50.4,
        "parent_status": "MODERADO",
        "peak_hours": "Entre 17hs e 22hs",
        "rank": 189,
        "region": "fortaleza",
        "risk_score": 43.922,
        "score": 43.922,
        "source_geometry_type": "Polygon"
      },
      "type": "Feature"
    },
    {
      "geometry": {
        "coordinates": [
          [
            [
              -38.574668,
              -3.818819
            ],
            [
              -38.574802,
              -3.819154
            ],
            [
              -38.575136,
              -3.820165
            ],
            [
              -38.575138,
              -3.820219
            ],
            [
              -38.574495,
              -3.820443
            ],
            [
              -38.574423,
              -3.820244
            ],
            [
              -38.57456,
              -3.820196
            ],
            [
              -38.574528,
              -3.820099
            ],
            [
              -38.574784,
              -3.820011
            ],
            [
              -38.574626,
              -3.819474
            ],
            [
              -38.57446,
              -3.819533
            ],
            [
              -38.574366,
              -3.819326
            ],
            [
              -38.57413,
              -3.819405
            ],
            [
              -38.574165,
              -3.819503
            ],
            [
              -38.574106,
              -3.819534
            ],
            [
              -38.574144,
              -3.819645
            ],
            [
              -38.573999,
              -3.819707
            ],
            [
              -38.573975,
              -3.819606
            ],
            [
              -38.573887,
              -3.819626
            ],
            [
              -38.573731,
              -3.819115
            ],
            [
              -38.574668,
              -3.818819
            ]
          ]
        ],
        "type": "Polygon"
      },
      "properties": {
        "bairro": "MONDUBIM",
        "faction": "CV",
        "generated_at": "2026-05-23T09:29:11.220717",
        "geometry_type": "Polygon",
        "is_centroid": false,
        "is_tactical": true,
        "local_street_pressure": 11.19,
        "municipality": "Fortaleza",
        "name": "Titanic",
        "nearby_streets": [
          "TITANIC",
          "FAVELA DOS PIRINEUS",
          "AREA SEM NOME"
        ],
        "nearby_streets_count": 43,
        "node_id": 190,
        "parent_area": "MONDUBIM",
        "parent_risk_level": "moderado",
        "parent_risk_score": 45.1,
        "parent_status": "MODERADO",
        "peak_hours": "Entre 17hs e 22hs",
        "rank": 190,
        "region": "fortaleza",
        "risk_score": 43.897,
        "score": 43.897,
        "source_geometry_type": "Polygon"
      },
      "type": "Feature"
    },
    {
      "geometry": {
        "coordinates": [
          [
            [
              -38.62636,
              -3.793266
            ],
            [
              -38.625456,
              -3.793381
            ],
            [
              -38.625373,
              -3.792691
            ],
            [
              -38.626274,
              -3.792559
            ],
            [
              -38.62636,
              -3.793266
            ]
          ]
        ],
        "type": "Polygon"
      },
      "properties": {
        "bairro": "GRANJA LISBOA",
        "faction": "CV",
        "generated_at": "2026-05-23T09:29:11.220717",
        "geometry_type": "Polygon",
        "is_centroid": false,
        "is_tactical": true,
        "local_street_pressure": 6.344,
        "municipality": "Fortaleza",
        "name": "Comunidade Raquel",
        "nearby_streets": [
          "COMUNIDADE RAQUEL",
          "FAVELINHA- GRANJA LISBOA",
          "COMUNIDADE FORRÓ DO MEU"
        ],
        "nearby_streets_count": 27,
        "node_id": 191,
        "parent_area": "GRANJA LISBOA",
        "parent_risk_level": "moderado",
        "parent_risk_score": 49.9,
        "parent_status": "MODERADO",
        "peak_hours": "Entre 12hs e 17hs",
        "rank": 191,
        "region": "fortaleza",
        "risk_score": 43.84,
        "score": 43.84,
        "source_geometry_type": "Polygon"
      },
      "type": "Feature"
    },
    {
      "geometry": {
        "coordinates": [
          [
            [
              -38.572361,
              -3.813659
            ],
            [
              -38.572571,
              -3.814588
            ],
            [
              -38.573284,
              -3.814372
            ],
            [
              -38.573904,
              -3.816401
            ],
            [
              -38.572918,
              -3.816735
            ],
            [
              -38.573792,
              -3.819491
            ],
            [
              -38.57257,
              -3.819836
            ],
            [
              -38.57242,
              -3.819772
            ],
            [
              -38.572142,
              -3.818738
            ],
            [
              -38.571361,
              -3.818989
            ],
            [
              -38.571147,
              -3.818264
            ],
            [
              -38.570755,
              -3.818238
            ],
            [
              -38.569787,
              -3.818568
            ],
            [
              -38.569191,
              -3.816991
            ],
            [
              -38.571126,
              -3.816318
            ],
            [
              -38.571808,
              -3.816275
            ],
            [
              -38.571293,
              -3.814351
            ],
            [
              -38.5714,
              -3.814313
            ],
            [
              -38.571324,
              -3.814073
            ],
            [
              -38.571357,
              -3.814019
            ],
            [
              -38.572361,
              -3.813659
            ]
          ]
        ],
        "type": "Polygon"
      },
      "properties": {
        "bairro": "MONDUBIM",
        "faction": "CV",
        "generated_at": "2026-05-23T09:29:11.220717",
        "geometry_type": "Polygon",
        "is_centroid": false,
        "is_tactical": true,
        "local_street_pressure": 10.009,
        "municipality": "Fortaleza",
        "name": "Sítio Corrego",
        "nearby_streets": [
          "SÍTIO CORREGO",
          "TITANIC",
          "LAGOA DA LIBANIA - PARQUE SANTANA"
        ],
        "nearby_streets_count": 42,
        "node_id": 192,
        "parent_area": "MONDUBIM",
        "parent_risk_level": "moderado",
        "parent_risk_score": 45.1,
        "parent_status": "MODERADO",
        "peak_hours": "Entre 17hs e 22hs",
        "rank": 192,
        "region": "fortaleza",
        "risk_score": 43.687,
        "score": 43.687,
        "source_geometry_type": "Polygon"
      },
      "type": "Feature"
    },
    {
      "geometry": {
        "coordinates": [
          [
            [
              -38.6312022,
              -3.7985154
            ],
            [
              -38.6313598,
              -3.7998161
            ],
            [
              -38.6303245,
              -3.8000969
            ],
            [
              -38.6293457,
              -3.8003989
            ],
            [
              -38.6291554,
              -3.7987905
            ],
            [
              -38.6312022,
              -3.7985154
            ]
          ]
        ],
        "type": "Polygon"
      },
      "properties": {
        "bairro": "SIQUEIRA",
        "faction": "CV",
        "generated_at": "2026-05-23T09:29:11.220717",
        "geometry_type": "Polygon",
        "is_centroid": false,
        "is_tactical": true,
        "local_street_pressure": 5.24,
        "municipality": "JARDIM DO EDEM",
        "name": "AP DO JATOBÁ - JARDIM DO EDEM",
        "nearby_streets": [
          "AP DO JATOBÁ - JARDIM DO EDEM",
          "COMUNIDADE DO CEMITÉRIO",
          "COMUNIDADE DO MUTIRÃO"
        ],
        "nearby_streets_count": 15,
        "node_id": 193,
        "parent_area": "SIQUEIRA",
        "parent_risk_level": "moderado",
        "parent_risk_score": 50.6,
        "parent_status": "MODERADO",
        "peak_hours": "Entre 18hs e 23hs",
        "rank": 193,
        "region": "fortaleza",
        "risk_score": 43.663,
        "score": 43.663,
        "source_geometry_type": "Polygon"
      },
      "type": "Feature"
    },
    {
      "geometry": {
        "coordinates": [
          [
            [
              -38.574921,
              -3.808929
            ],
            [
              -38.575039,
              -3.808889
            ],
            [
              -38.575318,
              -3.809791
            ],
            [
              -38.574315,
              -3.810118
            ],
            [
              -38.574282,
              -3.809989
            ],
            [
              -38.575168,
              -3.809697
            ],
            [
              -38.574921,
              -3.808929
            ]
          ]
        ],
        "type": "Polygon"
      },
      "properties": {
        "bairro": "MONDUBIM",
        "faction": "CV",
        "generated_at": "2026-05-23T09:29:11.220717",
        "geometry_type": "Polygon",
        "is_centroid": false,
        "is_tactical": true,
        "local_street_pressure": 10.755,
        "municipality": "Fortaleza",
        "name": "Beco Do Coroa",
        "nearby_streets": [
          "BECO DO COROA",
          "COMUNIDADE DA LAGOA - MONDUBIM",
          "CONJUNTO VITÓRIA"
        ],
        "nearby_streets_count": 49,
        "node_id": 194,
        "parent_area": "MONDUBIM",
        "parent_risk_level": "moderado",
        "parent_risk_score": 45.1,
        "parent_status": "MODERADO",
        "peak_hours": "Entre 17hs e 22hs",
        "rank": 194,
        "region": "fortaleza",
        "risk_score": 43.55,
        "score": 43.55,
        "source_geometry_type": "Polygon"
      },
      "type": "Feature"
    },
    {
      "geometry": {
        "coordinates": [
          [
            [
              -38.538982,
              -3.810566
            ],
            [
              -38.53828,
              -3.808548
            ],
            [
              -38.53883,
              -3.808371
            ],
            [
              -38.53945,
              -3.810221
            ],
            [
              -38.538982,
              -3.810566
            ]
          ]
        ],
        "type": "Polygon"
      },
      "properties": {
        "bairro": "PASSARÉ",
        "faction": "CV",
        "generated_at": "2026-05-23T09:29:11.220717",
        "geometry_type": "Polygon",
        "is_centroid": false,
        "is_tactical": true,
        "local_street_pressure": 7.345,
        "municipality": "Fortaleza",
        "name": "Comunidade da Vertical (Complexo da Rosalina)",
        "nearby_streets": [
          "COMUNIDADE DA VERTICAL (COMPLEXO DA ROSALINA)",
          "AVENIDA 2 DE MAIO",
          "JARDIM UNIÃO - COMPLEXO DA ROSALINA"
        ],
        "nearby_streets_count": 27,
        "node_id": 195,
        "parent_area": "PASSARÉ",
        "parent_risk_level": "moderado",
        "parent_risk_score": 48.3,
        "parent_status": "MODERADO",
        "peak_hours": "Entre 18hs e 23hs",
        "rank": 195,
        "region": "fortaleza",
        "risk_score": 43.437,
        "score": 43.437,
        "source_geometry_type": "Polygon"
      },
      "type": "Feature"
    },
    {
      "geometry": {
        "coordinates": [
          [
            [
              -38.522111,
              -3.814211
            ],
            [
              -38.522149,
              -3.814208
            ],
            [
              -38.522401,
              -3.814986
            ],
            [
              -38.522397,
              -3.815017
            ],
            [
              -38.522083,
              -3.815151
            ],
            [
              -38.522264,
              -3.816011
            ],
            [
              -38.522252,
              -3.816075
            ],
            [
              -38.521089,
              -3.816403
            ],
            [
              -38.521023,
              -3.816383
            ],
            [
              -38.520999,
              -3.815259
            ],
            [
              -38.520936,
              -3.81451
            ],
            [
              -38.522111,
              -3.814211
            ]
          ]
        ],
        "type": "Polygon"
      },
      "properties": {
        "bairro": "PASSARÉ",
        "faction": "CV",
        "generated_at": "2026-05-23T09:29:11.220717",
        "geometry_type": "Polygon",
        "is_centroid": false,
        "is_tactical": true,
        "local_street_pressure": 7.189,
        "municipality": "Barroso ll",
        "name": "Favela da RB - Barroso ll",
        "nearby_streets": [
          "FAVELA DA RB - BARROSO LL",
          "BARROSO LL",
          "RUA SÃO CIPRIANO"
        ],
        "nearby_streets_count": 20,
        "node_id": 196,
        "parent_area": "PASSARÉ",
        "parent_risk_level": "moderado",
        "parent_risk_score": 48.3,
        "parent_status": "MODERADO",
        "peak_hours": "Entre 18hs e 23hs",
        "rank": 196,
        "region": "fortaleza",
        "risk_score": 43.383,
        "score": 43.383,
        "source_geometry_type": "Polygon"
      },
      "type": "Feature"
    },
    {
      "geometry": {
        "coordinates": [
          [
            [
              -38.550442,
              -3.824488
            ],
            [
              -38.552051,
              -3.829704
            ],
            [
              -38.551013,
              -3.830015
            ],
            [
              -38.550841,
              -3.829555
            ],
            [
              -38.55053,
              -3.82964
            ],
            [
              -38.550305,
              -3.829051
            ],
            [
              -38.550015,
              -3.829148
            ],
            [
              -38.549693,
              -3.828859
            ],
            [
              -38.549886,
              -3.828538
            ],
            [
              -38.549672,
              -3.828302
            ],
            [
              -38.54906,
              -3.828645
            ],
            [
              -38.548642,
              -3.82872
            ],
            [
              -38.548127,
              -3.828259
            ],
            [
              -38.547773,
              -3.827735
            ],
            [
              -38.548009,
              -3.827403
            ],
            [
              -38.548535,
              -3.827274
            ],
            [
              -38.548309,
              -3.826932
            ],
            [
              -38.548277,
              -3.8265
            ],
            [
              -38.547585,
              -3.826484
            ],
            [
              -38.547751,
              -3.82574
            ],
            [
              -38.548159,
              -3.825081
            ],
            [
              -38.548432,
              -3.825092
            ],
            [
              -38.549334,
              -3.824958
            ],
            [
              -38.549286,
              -3.824782
            ],
            [
              -38.550442,
              -3.824488
            ]
          ]
        ],
        "type": "Polygon"
      },
      "properties": {
        "bairro": "PREFEITO JOSÉ WALTER",
        "faction": "CV",
        "generated_at": "2026-05-23T09:29:11.220717",
        "geometry_type": "Polygon",
        "is_centroid": false,
        "is_tactical": true,
        "local_street_pressure": 3.849,
        "municipality": "Fortaleza",
        "name": "Cidade Jardim I",
        "nearby_streets": [
          "CIDADE JARDIM I",
          "CIDADE JARDIM V",
          "AREA SEM NOME"
        ],
        "nearby_streets_count": 17,
        "node_id": 197,
        "parent_area": "PREFEITO JOSÉ WALTER",
        "parent_risk_level": "moderado",
        "parent_risk_score": 50.4,
        "parent_status": "MODERADO",
        "peak_hours": "Entre 17hs e 22hs",
        "rank": 197,
        "region": "fortaleza",
        "risk_score": 43.036,
        "score": 43.036,
        "source_geometry_type": "Polygon"
      },
      "type": "Feature"
    },
    {
      "geometry": {
        "coordinates": [
          [
            [
              -38.527456,
              -3.813209
            ],
            [
              -38.528503,
              -3.814653
            ],
            [
              -38.52849,
              -3.814693
            ],
            [
              -38.528004,
              -3.815074
            ],
            [
              -38.527188,
              -3.814037
            ],
            [
              -38.526845,
              -3.813584
            ],
            [
              -38.527405,
              -3.813155
            ],
            [
              -38.527433,
              -3.813161
            ],
            [
              -38.527456,
              -3.813209
            ]
          ]
        ],
        "type": "Polygon"
      },
      "properties": {
        "bairro": "PASSARÉ",
        "faction": "CV",
        "generated_at": "2026-05-23T09:29:11.220717",
        "geometry_type": "Polygon",
        "is_centroid": false,
        "is_tactical": true,
        "local_street_pressure": 6.743,
        "municipality": "Barroso ll",
        "name": "Rua do Meio - Barroso ll",
        "nearby_streets": [
          "RUA DO MEIO - BARROSO LL",
          "NOVO BARROSO",
          "AREA SEM NOME"
        ],
        "nearby_streets_count": 19,
        "node_id": 198,
        "parent_area": "PASSARÉ",
        "parent_risk_level": "moderado",
        "parent_risk_score": 48.3,
        "parent_status": "MODERADO",
        "peak_hours": "Entre 18hs e 23hs",
        "rank": 198,
        "region": "fortaleza",
        "risk_score": 43.009,
        "score": 43.009,
        "source_geometry_type": "Polygon"
      },
      "type": "Feature"
    },
    {
      "geometry": {
        "coordinates": [
          [
            [
              -38.631429,
              -3.819028
            ],
            [
              -38.631231,
              -3.81933
            ],
            [
              -38.630611,
              -3.820139
            ],
            [
              -38.630373,
              -3.819882
            ],
            [
              -38.630008,
              -3.819365
            ],
            [
              -38.630912,
              -3.818557
            ],
            [
              -38.630968,
              -3.818522
            ],
            [
              -38.631429,
              -3.819028
            ]
          ]
        ],
        "type": "Polygon"
      },
      "properties": {
        "bairro": "SIQUEIRA",
        "faction": "CV",
        "generated_at": "2026-05-23T09:29:11.220717",
        "geometry_type": "Polygon",
        "is_centroid": false,
        "is_tactical": true,
        "local_street_pressure": 2.811,
        "municipality": "Maracanaú",
        "name": "Jari - Maracanaú",
        "nearby_streets": [
          "BOM JESUS - MARACANAÚ",
          "JARI - MARACANAÚ",
          "JATOBÁ"
        ],
        "nearby_streets_count": 10,
        "node_id": 199,
        "parent_area": "SIQUEIRA",
        "parent_risk_level": "moderado",
        "parent_risk_score": 50.6,
        "parent_status": "MODERADO",
        "peak_hours": "Entre 18hs e 23hs",
        "rank": 199,
        "region": "fortaleza",
        "risk_score": 42.99,
        "score": 42.99,
        "source_geometry_type": "Polygon"
      },
      "type": "Feature"
    },
    {
      "geometry": {
        "coordinates": [
          [
            [
              -38.63379,
              -3.822845
            ],
            [
              -38.633712,
              -3.823473
            ],
            [
              -38.63373,
              -3.823968
            ],
            [
              -38.63358,
              -3.824107
            ],
            [
              -38.633816,
              -3.82446
            ],
            [
              -38.633934,
              -3.824824
            ],
            [
              -38.633741,
              -3.825231
            ],
            [
              -38.629456,
              -3.828476
            ],
            [
              -38.628994,
              -3.828819
            ],
            [
              -38.628393,
              -3.828862
            ],
            [
              -38.626589,
              -3.827346
            ],
            [
              -38.633471,
              -3.822459
            ],
            [
              -38.63379,
              -3.822845
            ]
          ]
        ],
        "type": "Polygon"
      },
      "properties": {
        "bairro": "SIQUEIRA",
        "faction": "CV",
        "generated_at": "2026-05-23T09:29:11.220717",
        "geometry_type": "Polygon",
        "is_centroid": false,
        "is_tactical": true,
        "local_street_pressure": 3.023,
        "municipality": "Fortaleza",
        "name": "Loteamento Osório de Paiva",
        "nearby_streets": [
          "LOTEAMENTO OSÓRIO DE PAIVA",
          "JARI - MARACANAÚ",
          "JARI"
        ],
        "nearby_streets_count": 13,
        "node_id": 200,
        "parent_area": "SIQUEIRA",
        "parent_risk_level": "moderado",
        "parent_risk_score": 50.6,
        "parent_status": "MODERADO",
        "peak_hours": "Entre 18hs e 23hs",
        "rank": 200,
        "region": "fortaleza",
        "risk_score": 42.84,
        "score": 42.84,
        "source_geometry_type": "Polygon"
      },
      "type": "Feature"
    },
    {
      "geometry": {
        "coordinates": [
          [
            [
              -38.569688,
              -3.810589
            ],
            [
              -38.570533,
              -3.813046
            ],
            [
              -38.570244,
              -3.813314
            ],
            [
              -38.569513,
              -3.813536
            ],
            [
              -38.569437,
              -3.813508
            ],
            [
              -38.569357,
              -3.81327
            ],
            [
              -38.56857,
              -3.810929
            ],
            [
              -38.569688,
              -3.810589
            ]
          ]
        ],
        "type": "Polygon"
      },
      "properties": {
        "bairro": "MONDUBIM",
        "faction": "CV",
        "generated_at": "2026-05-23T09:29:11.220717",
        "geometry_type": "Polygon",
        "is_centroid": false,
        "is_tactical": true,
        "local_street_pressure": 9.463,
        "municipality": "Fortaleza",
        "name": "Conjunto Vitória",
        "nearby_streets": [
          "CONJUNTO VITÓRIA",
          "PARQUE VERAS",
          "SÍTIO CORREGO"
        ],
        "nearby_streets_count": 41,
        "node_id": 201,
        "parent_area": "MONDUBIM",
        "parent_risk_level": "moderado",
        "parent_risk_score": 45.1,
        "parent_status": "MODERADO",
        "peak_hours": "Entre 17hs e 22hs",
        "rank": 201,
        "region": "fortaleza",
        "risk_score": 42.763,
        "score": 42.763,
        "source_geometry_type": "Polygon"
      },
      "type": "Feature"
    },
    {
      "geometry": {
        "coordinates": [
          [
            [
              -38.565555,
              -3.823477
            ],
            [
              -38.565941,
              -3.823292
            ],
            [
              -38.565909,
              -3.823188
            ],
            [
              -38.566159,
              -3.823051
            ],
            [
              -38.566273,
              -3.823114
            ],
            [
              -38.56644,
              -3.822899
            ],
            [
              -38.566548,
              -3.823091
            ],
            [
              -38.566458,
              -3.823224
            ],
            [
              -38.566752,
              -3.823466
            ],
            [
              -38.567138,
              -3.823948
            ],
            [
              -38.567395,
              -3.823809
            ],
            [
              -38.568125,
              -3.824793
            ],
            [
              -38.565024,
              -3.827009
            ],
            [
              -38.564659,
              -3.827234
            ],
            [
              -38.563973,
              -3.827277
            ],
            [
              -38.562141,
              -3.827976
            ],
            [
              -38.560218,
              -3.828636
            ],
            [
              -38.559606,
              -3.826774
            ],
            [
              -38.560078,
              -3.826635
            ],
            [
              -38.560303,
              -3.827427
            ],
            [
              -38.563286,
              -3.826421
            ],
            [
              -38.562559,
              -3.825396
            ],
            [
              -38.565555,
              -3.823477
            ]
          ]
        ],
        "type": "Polygon"
      },
      "properties": {
        "bairro": "MONDUBIM",
        "faction": "CV",
        "generated_at": "2026-05-23T09:29:11.220717",
        "geometry_type": "Polygon",
        "is_centroid": false,
        "is_tactical": true,
        "local_street_pressure": 8.197,
        "municipality": "Fortaleza",
        "name": "Comunidade do Renascer",
        "nearby_streets": [
          "COMUNIDADE DO RENASCER",
          "CONJUNTO MARCOS FREIRE",
          "RUA MONTE LÍBANO"
        ],
        "nearby_streets_count": 37,
        "node_id": 202,
        "parent_area": "MONDUBIM",
        "parent_risk_level": "moderado",
        "parent_risk_score": 45.1,
        "parent_status": "MODERADO",
        "peak_hours": "Entre 17hs e 22hs",
        "rank": 202,
        "region": "fortaleza",
        "risk_score": 42.509,
        "score": 42.509,
        "source_geometry_type": "Polygon"
      },
      "type": "Feature"
    },
    {
      "geometry": {
        "coordinates": [
          [
            [
              -38.631429,
              -3.819028
            ],
            [
              -38.631231,
              -3.81933
            ],
            [
              -38.630611,
              -3.820139
            ],
            [
              -38.630373,
              -3.819882
            ],
            [
              -38.630008,
              -3.819365
            ],
            [
              -38.630912,
              -3.818557
            ],
            [
              -38.630968,
              -3.818522
            ],
            [
              -38.631429,
              -3.819028
            ]
          ]
        ],
        "type": "Polygon"
      },
      "properties": {
        "bairro": "SIQUEIRA",
        "faction": "CV",
        "generated_at": "2026-05-23T09:29:11.220717",
        "geometry_type": "Polygon",
        "is_centroid": false,
        "is_tactical": true,
        "local_street_pressure": 3.714,
        "municipality": "Maracanaú",
        "name": "Jari - Maracanaú",
        "nearby_streets": [
          "JARI - MARACANAÚ",
          "JARI",
          "PARQUE SÃO JOÃO"
        ],
        "nearby_streets_count": 11,
        "node_id": 203,
        "parent_area": "SIQUEIRA",
        "parent_risk_level": "moderado",
        "parent_risk_score": 50.6,
        "parent_status": "MODERADO",
        "peak_hours": "Entre 18hs e 23hs",
        "rank": 203,
        "region": "fortaleza",
        "risk_score": 42.469,
        "score": 42.469,
        "source_geometry_type": "Polygon"
      },
      "type": "Feature"
    },
    {
      "geometry": {
        "coordinates": [
          [
            [
              -38.565315,
              -3.817899
            ],
            [
              -38.567042,
              -3.817008
            ],
            [
              -38.567421,
              -3.818163
            ],
            [
              -38.567237,
              -3.818244
            ],
            [
              -38.567649,
              -3.819443
            ],
            [
              -38.567466,
              -3.81954
            ],
            [
              -38.567495,
              -3.81965
            ],
            [
              -38.567204,
              -3.819743
            ],
            [
              -38.567327,
              -3.820078
            ],
            [
              -38.567411,
              -3.820045
            ],
            [
              -38.567432,
              -3.820116
            ],
            [
              -38.567503,
              -3.8201
            ],
            [
              -38.567587,
              -3.82037
            ],
            [
              -38.567074,
              -3.820547
            ],
            [
              -38.567279,
              -3.821128
            ],
            [
              -38.567077,
              -3.821285
            ],
            [
              -38.566962,
              -3.821526
            ],
            [
              -38.566711,
              -3.821717
            ],
            [
              -38.565315,
              -3.817899
            ]
          ]
        ],
        "type": "Polygon"
      },
      "properties": {
        "bairro": "MONDUBIM",
        "faction": "CV",
        "generated_at": "2026-05-23T09:29:11.220717",
        "geometry_type": "Polygon",
        "is_centroid": false,
        "is_tactical": true,
        "local_street_pressure": 8.871,
        "municipality": "Fortaleza",
        "name": "Conjunto Abelardo Rocha - Mondubim",
        "nearby_streets": [
          "CONJUNTO ABELARDO ROCHA - MONDUBIM",
          "RUA A",
          "SÍTIO CORREGO"
        ],
        "nearby_streets_count": 38,
        "node_id": 204,
        "parent_area": "MONDUBIM",
        "parent_risk_level": "moderado",
        "parent_risk_score": 45.1,
        "parent_status": "MODERADO",
        "peak_hours": "Entre 17hs e 22hs",
        "rank": 204,
        "region": "fortaleza",
        "risk_score": 42.466,
        "score": 42.466,
        "source_geometry_type": "Polygon"
      },
      "type": "Feature"
    },
    {
      "geometry": {
        "coordinates": [
          [
            [
              -38.568946,
              -3.808569
            ],
            [
              -38.571136,
              -3.807902
            ],
            [
              -38.571158,
              -3.807959
            ],
            [
              -38.571441,
              -3.808938
            ],
            [
              -38.571422,
              -3.809022
            ],
            [
              -38.56996,
              -3.809549
            ],
            [
              -38.57004,
              -3.809899
            ],
            [
              -38.569967,
              -3.809943
            ],
            [
              -38.569967,
              -3.809995
            ],
            [
              -38.570018,
              -3.810111
            ],
            [
              -38.570108,
              -3.81044
            ],
            [
              -38.570094,
              -3.810457
            ],
            [
              -38.569688,
              -3.810589
            ],
            [
              -38.569415,
              -3.80971
            ],
            [
              -38.569231,
              -3.809118
            ],
            [
              -38.567622,
              -3.809614
            ],
            [
              -38.567552,
              -3.809593
            ],
            [
              -38.567466,
              -3.809331
            ],
            [
              -38.567071,
              -3.809444
            ],
            [
              -38.566985,
              -3.809163
            ],
            [
              -38.567016,
              -3.809152
            ],
            [
              -38.568946,
              -3.808569
            ]
          ]
        ],
        "type": "Polygon"
      },
      "properties": {
        "bairro": "MONDUBIM",
        "faction": "CV",
        "generated_at": "2026-05-23T09:29:11.220717",
        "geometry_type": "Polygon",
        "is_centroid": false,
        "is_tactical": true,
        "local_street_pressure": 8.811,
        "municipality": "Fortaleza",
        "name": "Parque Veras",
        "nearby_streets": [
          "PARQUE VERAS",
          "CONJUNTO VITÓRIA",
          "BECO DO COROA"
        ],
        "nearby_streets_count": 39,
        "node_id": 205,
        "parent_area": "MONDUBIM",
        "parent_risk_level": "moderado",
        "parent_risk_score": 45.1,
        "parent_status": "MODERADO",
        "peak_hours": "Entre 17hs e 22hs",
        "rank": 205,
        "region": "fortaleza",
        "risk_score": 42.343,
        "score": 42.343,
        "source_geometry_type": "Polygon"
      },
      "type": "Feature"
    },
    {
      "geometry": {
        "coordinates": [
          [
            [
              -38.578967,
              -3.818489
            ],
            [
              -38.57839,
              -3.818808
            ],
            [
              -38.578278,
              -3.81888
            ],
            [
              -38.577433,
              -3.819477
            ],
            [
              -38.577371,
              -3.819397
            ],
            [
              -38.577591,
              -3.819082
            ],
            [
              -38.577524,
              -3.819034
            ],
            [
              -38.576985,
              -3.818564
            ],
            [
              -38.577477,
              -3.817953
            ],
            [
              -38.576869,
              -3.817482
            ],
            [
              -38.577291,
              -3.816972
            ],
            [
              -38.578026,
              -3.817512
            ],
            [
              -38.578498,
              -3.817887
            ],
            [
              -38.578809,
              -3.818275
            ],
            [
              -38.578967,
              -3.818489
            ]
          ]
        ],
        "type": "Polygon"
      },
      "properties": {
        "bairro": "MONDUBIM",
        "faction": "CV",
        "generated_at": "2026-05-23T09:29:11.220717",
        "geometry_type": "Polygon",
        "is_centroid": false,
        "is_tactical": true,
        "local_street_pressure": 8.709,
        "municipality": "Parque Santana",
        "name": "Campo Rio Negro - Parque Santana",
        "nearby_streets": [
          "CAMPO RIO NEGRO - PARQUE SANTANA",
          "LAGOA DA LIBANIA - PARQUE SANTANA",
          "FAVELA DOS PIRINEUS"
        ],
        "nearby_streets_count": 24,
        "node_id": 206,
        "parent_area": "MONDUBIM",
        "parent_risk_level": "moderado",
        "parent_risk_score": 45.1,
        "parent_status": "MODERADO",
        "peak_hours": "Entre 17hs e 22hs",
        "rank": 206,
        "region": "fortaleza",
        "risk_score": 42.179,
        "score": 42.179,
        "source_geometry_type": "Polygon"
      },
      "type": "Feature"
    },
    {
      "geometry": {
        "coordinates": [
          [
            [
              -38.566482,
              -3.7089
            ],
            [
              -38.563386,
              -3.709842
            ],
            [
              -38.562638,
              -3.707424
            ],
            [
              -38.563413,
              -3.707191
            ],
            [
              -38.56325,
              -3.706619
            ],
            [
              -38.564259,
              -3.705892
            ],
            [
              -38.564295,
              -3.705889
            ],
            [
              -38.564488,
              -3.706466
            ],
            [
              -38.564084,
              -3.706632
            ],
            [
              -38.564238,
              -3.707093
            ],
            [
              -38.564258,
              -3.707223
            ],
            [
              -38.564261,
              -3.707311
            ],
            [
              -38.564237,
              -3.707393
            ],
            [
              -38.564643,
              -3.707435
            ],
            [
              -38.565094,
              -3.707481
            ],
            [
              -38.565613,
              -3.707328
            ],
            [
              -38.565708,
              -3.707604
            ],
            [
              -38.565025,
              -3.70785
            ],
            [
              -38.565226,
              -3.708508
            ],
            [
              -38.566245,
              -3.70819
            ],
            [
              -38.566482,
              -3.7089
            ]
          ]
        ],
        "type": "Polygon"
      },
      "properties": {
        "bairro": "CRISTO REDENTOR",
        "faction": "CV",
        "generated_at": "2026-05-23T09:29:11.220717",
        "geometry_type": "Polygon",
        "is_centroid": false,
        "is_tactical": true,
        "local_street_pressure": 17.765,
        "municipality": "Fortaleza",
        "name": "Comunidade da theberg (Complexo do Pirambu)",
        "nearby_streets": [
          "BURACO DO CÉU",
          "AREA SEM NOME",
          "COMUNIDADE DA THEBERG (COMPLEXO DO PIRAMBU)"
        ],
        "nearby_streets_count": 80,
        "node_id": 207,
        "parent_area": "CRISTO REDENTOR",
        "parent_risk_level": "moderado",
        "parent_risk_score": 35.7,
        "parent_status": "MODERADO",
        "rank": 207,
        "region": "fortaleza",
        "risk_score": 42.174,
        "score": 42.174,
        "source_geometry_type": "Polygon"
      },
      "type": "Feature"
    },
    {
      "geometry": {
        "coordinates": [
          [
            [
              -38.636316,
              -3.81383
            ],
            [
              -38.637812,
              -3.813578
            ],
            [
              -38.637823,
              -3.813707
            ],
            [
              -38.638075,
              -3.813664
            ],
            [
              -38.638113,
              -3.813996
            ],
            [
              -38.638091,
              -3.814354
            ],
            [
              -38.63808,
              -3.814542
            ],
            [
              -38.638027,
              -3.81467
            ],
            [
              -38.637624,
              -3.815369
            ],
            [
              -38.637356,
              -3.816311
            ],
            [
              -38.637155,
              -3.816185
            ],
            [
              -38.637211,
              -3.816073
            ],
            [
              -38.635967,
              -3.815128
            ],
            [
              -38.636377,
              -3.814582
            ],
            [
              -38.635956,
              -3.814239
            ],
            [
              -38.636316,
              -3.81383
            ]
          ]
        ],
        "type": "Polygon"
      },
      "properties": {
        "bairro": "SIQUEIRA",
        "faction": "CV",
        "generated_at": "2026-05-23T09:29:11.220717",
        "geometry_type": "Polygon",
        "is_centroid": false,
        "is_tactical": true,
        "local_street_pressure": 3.078,
        "municipality": "Maracanaú",
        "name": "Bom Jesus - Maracanaú",
        "nearby_streets": [
          "BOM JESUS - MARACANAÚ",
          "JATOBÁ",
          "JARI - MARACANAÚ"
        ],
        "nearby_streets_count": 10,
        "node_id": 208,
        "parent_area": "SIQUEIRA",
        "parent_risk_level": "moderado",
        "parent_risk_score": 50.6,
        "parent_status": "MODERADO",
        "peak_hours": "Entre 18hs e 23hs",
        "rank": 208,
        "region": "fortaleza",
        "risk_score": 42.131,
        "score": 42.131,
        "source_geometry_type": "Polygon"
      },
      "type": "Feature"
    },
    {
      "geometry": {
        "coordinates": [
          [
            [
              -38.550745,
              -3.831035
            ],
            [
              -38.5461915,
              -3.8324789
            ],
            [
              -38.5458103,
              -3.8313902
            ],
            [
              -38.5471432,
              -3.8310599
            ],
            [
              -38.5483366,
              -3.8308581
            ],
            [
              -38.548765,
              -3.830948
            ],
            [
              -38.549793,
              -3.830934
            ],
            [
              -38.550463,
              -3.830783
            ],
            [
              -38.550688,
              -3.830838
            ],
            [
              -38.550745,
              -3.831035
            ]
          ]
        ],
        "type": "Polygon"
      },
      "properties": {
        "bairro": "PREFEITO JOSÉ WALTER",
        "faction": "CV",
        "generated_at": "2026-05-23T09:29:11.220717",
        "geometry_type": "Polygon",
        "is_centroid": false,
        "is_tactical": true,
        "local_street_pressure": 3.146,
        "municipality": "Fortaleza",
        "name": "Cidade Jardim V",
        "nearby_streets": [
          "CIDADE JARDIM V",
          "AREA SEM NOME",
          "CIDADE JARDIM I"
        ],
        "nearby_streets_count": 13,
        "node_id": 209,
        "parent_area": "PREFEITO JOSÉ WALTER",
        "parent_risk_level": "moderado",
        "parent_risk_score": 50.4,
        "parent_status": "MODERADO",
        "peak_hours": "Entre 17hs e 22hs",
        "rank": 209,
        "region": "fortaleza",
        "risk_score": 42.046,
        "score": 42.046,
        "source_geometry_type": "Polygon"
      },
      "type": "Feature"
    },
    {
      "geometry": {
        "coordinates": [
          [
            [
              -38.5808,
              -3.811225
            ],
            [
              -38.580934,
              -3.811364
            ],
            [
              -38.580875,
              -3.81142
            ],
            [
              -38.581269,
              -3.811851
            ],
            [
              -38.580473,
              -3.812616
            ],
            [
              -38.580137,
              -3.812239
            ],
            [
              -38.579934,
              -3.812025
            ],
            [
              -38.579826,
              -3.811872
            ],
            [
              -38.579875,
              -3.811826
            ],
            [
              -38.579904,
              -3.81184
            ],
            [
              -38.579944,
              -3.811803
            ],
            [
              -38.57999,
              -3.811832
            ],
            [
              -38.58006,
              -3.811913
            ],
            [
              -38.5808,
              -3.811225
            ]
          ]
        ],
        "type": "Polygon"
      },
      "properties": {
        "bairro": "NOVO MONDUBIM",
        "faction": "CV",
        "generated_at": "2026-05-23T09:29:11.220717",
        "geometry_type": "Polygon",
        "is_centroid": false,
        "is_tactical": true,
        "local_street_pressure": 8.538,
        "municipality": "Mondubim",
        "name": "Conjunto Nova União - Mondubim",
        "nearby_streets": [
          "CONJUNTO NOVA UNIÃO - MONDUBIM",
          "PARQUE SANTANA",
          "BECO DO HR"
        ],
        "nearby_streets_count": 26,
        "node_id": 210,
        "parent_area": "NOVO MONDUBIM",
        "parent_risk_level": "moderado",
        "parent_risk_score": 45.1,
        "parent_status": "MODERADO",
        "rank": 210,
        "region": "fortaleza",
        "risk_score": 41.982,
        "score": 41.982,
        "source_geometry_type": "Polygon"
      },
      "type": "Feature"
    },
    {
      "geometry": {
        "coordinates": [
          [
            [
              -38.550645,
              -3.71322
            ],
            [
              -38.553285,
              -3.712424
            ],
            [
              -38.554862,
              -3.712103
            ],
            [
              -38.555077,
              -3.712775
            ],
            [
              -38.554648,
              -3.71291
            ],
            [
              -38.554202,
              -3.713029
            ],
            [
              -38.553415,
              -3.713192
            ],
            [
              -38.552897,
              -3.713383
            ],
            [
              -38.550817,
              -3.713912
            ],
            [
              -38.550645,
              -3.71322
            ]
          ]
        ],
        "type": "Polygon"
      },
      "properties": {
        "bairro": "PIRAMBU",
        "faction": "CV",
        "generated_at": "2026-05-23T09:29:11.221276",
        "geometry_type": "Polygon",
        "is_centroid": false,
        "is_tactical": true,
        "local_street_pressure": 17.72,
        "municipality": "Fortaleza",
        "name": "Mossoró",
        "nearby_streets": [
          "MOSSORÓ",
          "RUA SANTA ROSA",
          "RUA DA PAZ (COMPLEXO DO PIRAMBU)"
        ],
        "nearby_streets_count": 51,
        "node_id": 211,
        "parent_area": "PIRAMBU",
        "parent_risk_level": "moderado",
        "parent_risk_score": 35.7,
        "parent_status": "MODERADO",
        "peak_hours": "Entre 13hs e 18hs",
        "rank": 211,
        "region": "fortaleza",
        "risk_score": 41.964,
        "score": 41.964,
        "source_geometry_type": "Polygon"
      },
      "type": "Feature"
    },
    {
      "geometry": {
        "coordinates": [
          [
            [
              -38.563686,
              -3.820718
            ],
            [
              -38.56522,
              -3.822173
            ],
            [
              -38.565477,
              -3.823436
            ],
            [
              -38.562484,
              -3.825374
            ],
            [
              -38.560531,
              -3.822869
            ],
            [
              -38.563686,
              -3.820718
            ]
          ]
        ],
        "type": "Polygon"
      },
      "properties": {
        "bairro": "MONDUBIM",
        "faction": "CV",
        "generated_at": "2026-05-23T09:29:11.221276",
        "geometry_type": "Polygon",
        "is_centroid": false,
        "is_tactical": true,
        "local_street_pressure": 7.393,
        "municipality": "Fortaleza",
        "name": "Conjunto Marcos Freire",
        "nearby_streets": [
          "CONJUNTO MARCOS FREIRE",
          "COMUNIDADE DO RENASCER",
          "CONJUNTO ABELARDO ROCHA - MONDUBIM"
        ],
        "nearby_streets_count": 32,
        "node_id": 212,
        "parent_area": "MONDUBIM",
        "parent_risk_level": "moderado",
        "parent_risk_score": 45.1,
        "parent_status": "MODERADO",
        "peak_hours": "Entre 17hs e 22hs",
        "rank": 212,
        "region": "fortaleza",
        "risk_score": 41.729,
        "score": 41.729,
        "source_geometry_type": "Polygon"
      },
      "type": "Feature"
    },
    {
      "geometry": {
        "coordinates": [
          [
            [
              -38.562346,
              -3.706892
            ],
            [
              -38.562611,
              -3.70767
            ],
            [
              -38.5633,
              -3.709802
            ],
            [
              -38.561236,
              -3.71038
            ],
            [
              -38.5612,
              -3.710111
            ],
            [
              -38.561419,
              -3.709934
            ],
            [
              -38.561517,
              -3.709746
            ],
            [
              -38.561378,
              -3.709457
            ],
            [
              -38.560679,
              -3.709618
            ],
            [
              -38.559842,
              -3.709881
            ],
            [
              -38.560052,
              -3.710729
            ],
            [
              -38.558051,
              -3.711316
            ],
            [
              -38.557658,
              -3.709724
            ],
            [
              -38.556746,
              -3.709926
            ],
            [
              -38.55639,
              -3.708691
            ],
            [
              -38.556524,
              -3.708634
            ],
            [
              -38.557962,
              -3.708077
            ],
            [
              -38.558579,
              -3.707906
            ],
            [
              -38.559266,
              -3.707701
            ],
            [
              -38.562346,
              -3.706892
            ]
          ]
        ],
        "type": "Polygon"
      },
      "properties": {
        "bairro": "CRISTO REDENTOR",
        "faction": "CV",
        "generated_at": "2026-05-23T09:29:11.221276",
        "geometry_type": "Polygon",
        "is_centroid": false,
        "is_tactical": true,
        "local_street_pressure": 16.449,
        "municipality": "Fortaleza",
        "name": "Pirambu (Complexo do Pirambu)",
        "nearby_streets": [
          "PIRAMBU (COMPLEXO DO PIRAMBU)",
          "BECO DA MERDA",
          "PRACINHA DO ABEL (COMPLEXO DO PIRAMBU)"
        ],
        "nearby_streets_count": 69,
        "node_id": 213,
        "parent_area": "CRISTO REDENTOR",
        "parent_risk_level": "moderado",
        "parent_risk_score": 35.7,
        "parent_status": "MODERADO",
        "rank": 213,
        "region": "fortaleza",
        "risk_score": 41.695,
        "score": 41.695,
        "source_geometry_type": "Polygon"
      },
      "type": "Feature"
    },
    {
      "geometry": {
        "coordinates": [
          [
            [
              -38.578242,
              -3.815666
            ],
            [
              -38.576498,
              -3.817866
            ],
            [
              -38.575999,
              -3.817448
            ],
            [
              -38.575608,
              -3.817732
            ],
            [
              -38.575688,
              -3.817801
            ],
            [
              -38.57549,
              -3.818048
            ],
            [
              -38.575361,
              -3.817924
            ],
            [
              -38.575125,
              -3.817684
            ],
            [
              -38.575055,
              -3.817587
            ],
            [
              -38.575023,
              -3.817507
            ],
            [
              -38.575238,
              -3.817362
            ],
            [
              -38.575307,
              -3.817453
            ],
            [
              -38.576187,
              -3.816726
            ],
            [
              -38.576557,
              -3.816463
            ],
            [
              -38.576713,
              -3.816618
            ],
            [
              -38.576992,
              -3.816367
            ],
            [
              -38.577185,
              -3.81618
            ],
            [
              -38.577501,
              -3.815933
            ],
            [
              -38.577544,
              -3.815965
            ],
            [
              -38.577861,
              -3.815564
            ],
            [
              -38.577786,
              -3.815457
            ],
            [
              -38.577872,
              -3.815387
            ],
            [
              -38.577996,
              -3.815386
            ],
            [
              -38.578242,
              -3.815666
            ]
          ]
        ],
        "type": "Polygon"
      },
      "properties": {
        "bairro": "MONDUBIM",
        "faction": "CV",
        "generated_at": "2026-05-23T09:29:11.221276",
        "geometry_type": "Polygon",
        "is_centroid": false,
        "is_tactical": true,
        "local_street_pressure": 7.975,
        "municipality": "Parque Santana",
        "name": "Lagoa Da Libania - Parque Santana",
        "nearby_streets": [
          "LAGOA DA LIBANIA - PARQUE SANTANA",
          "CAMPO RIO NEGRO - PARQUE SANTANA",
          "TITANIC"
        ],
        "nearby_streets_count": 22,
        "node_id": 214,
        "parent_area": "MONDUBIM",
        "parent_risk_level": "moderado",
        "parent_risk_score": 45.1,
        "parent_status": "MODERADO",
        "peak_hours": "Entre 17hs e 22hs",
        "rank": 214,
        "region": "fortaleza",
        "risk_score": 41.642,
        "score": 41.642,
        "source_geometry_type": "Polygon"
      },
      "type": "Feature"
    },
    {
      "geometry": {
        "coordinates": [
          [
            [
              -38.554863,
              -3.711888
            ],
            [
              -38.554086,
              -3.712029
            ],
            [
              -38.553882,
              -3.710742
            ],
            [
              -38.55674,
              -3.709974
            ],
            [
              -38.557652,
              -3.709764
            ],
            [
              -38.55778,
              -3.71037
            ],
            [
              -38.557892,
              -3.710861
            ],
            [
              -38.557084,
              -3.711042
            ],
            [
              -38.557196,
              -3.711535
            ],
            [
              -38.554863,
              -3.711888
            ]
          ]
        ],
        "type": "Polygon"
      },
      "properties": {
        "bairro": "PIRAMBU",
        "faction": "CV",
        "generated_at": "2026-05-23T09:29:11.221276",
        "geometry_type": "Polygon",
        "is_centroid": false,
        "is_tactical": true,
        "local_street_pressure": 16.846,
        "municipality": "Fortaleza",
        "name": "Beco do Melão (Complexo do Pirambu)",
        "nearby_streets": [
          "BECO DO MELÃO (COMPLEXO DO PIRAMBU)",
          "FELIPE CAMARÃO (COMPLEXO DO PIRAMBU)",
          "AREA SEM NOME"
        ],
        "nearby_streets_count": 58,
        "node_id": 215,
        "parent_area": "PIRAMBU",
        "parent_risk_level": "moderado",
        "parent_risk_score": 35.7,
        "parent_status": "MODERADO",
        "peak_hours": "Entre 13hs e 18hs",
        "rank": 215,
        "region": "fortaleza",
        "risk_score": 41.435,
        "score": 41.435,
        "source_geometry_type": "Polygon"
      },
      "type": "Feature"
    },
    {
      "geometry": {
        "coordinates": [
          [
            [
              -38.556554,
              -3.709348
            ],
            [
              -38.556746,
              -3.709926
            ],
            [
              -38.553882,
              -3.710742
            ],
            [
              -38.553089,
              -3.711025
            ],
            [
              -38.552864,
              -3.709818
            ],
            [
              -38.553908,
              -3.709464
            ],
            [
              -38.55506,
              -3.709089
            ],
            [
              -38.555227,
              -3.709646
            ],
            [
              -38.556554,
              -3.709348
            ]
          ]
        ],
        "type": "Polygon"
      },
      "properties": {
        "bairro": "PIRAMBU",
        "faction": "CV",
        "generated_at": "2026-05-23T09:29:11.221276",
        "geometry_type": "Polygon",
        "is_centroid": false,
        "is_tactical": true,
        "local_street_pressure": 16.559,
        "municipality": "Fortaleza",
        "name": "Felipe Camarão (Complexo do Pirambu)",
        "nearby_streets": [
          "FELIPE CAMARÃO (COMPLEXO DO PIRAMBU)",
          "RUA SÃO RAIMUNDO",
          "AREA SEM NOME"
        ],
        "nearby_streets_count": 52,
        "node_id": 216,
        "parent_area": "PIRAMBU",
        "parent_risk_level": "moderado",
        "parent_risk_score": 35.7,
        "parent_status": "MODERADO",
        "peak_hours": "Entre 13hs e 18hs",
        "rank": 216,
        "region": "fortaleza",
        "risk_score": 41.147,
        "score": 41.147,
        "source_geometry_type": "Polygon"
      },
      "type": "Feature"
    },
    {
      "geometry": {
        "coordinates": [
          [
            [
              -38.582345,
              -3.821691
            ],
            [
              -38.582719,
              -3.822269
            ],
            [
              -38.582757,
              -3.822212
            ],
            [
              -38.584111,
              -3.823309
            ],
            [
              -38.583505,
              -3.824064
            ],
            [
              -38.582759,
              -3.824909
            ],
            [
              -38.582108,
              -3.824018
            ],
            [
              -38.581402,
              -3.824061
            ],
            [
              -38.58115,
              -3.824125
            ],
            [
              -38.580494,
              -3.824313
            ],
            [
              -38.580469,
              -3.824358
            ],
            [
              -38.580002,
              -3.824497
            ],
            [
              -38.579747,
              -3.823697
            ],
            [
              -38.579527,
              -3.823408
            ],
            [
              -38.582345,
              -3.821691
            ]
          ]
        ],
        "type": "Polygon"
      },
      "properties": {
        "bairro": "ARACAPÉ",
        "faction": "CV",
        "generated_at": "2026-05-23T09:29:11.221276",
        "geometry_type": "Polygon",
        "is_centroid": false,
        "is_tactical": true,
        "local_street_pressure": 6.663,
        "municipality": "Mondubim",
        "name": "Boa Vista - Mondubim",
        "nearby_streets": [
          "BOA VISTA - MONDUBIM",
          "FAVELA DO MORCEGO",
          "RUA SÃO LUCAS"
        ],
        "nearby_streets_count": 21,
        "node_id": 217,
        "parent_area": "ARACAPÉ",
        "parent_risk_level": "moderado",
        "parent_risk_score": 45.1,
        "parent_status": "MODERADO",
        "rank": 217,
        "region": "fortaleza",
        "risk_score": 40.945,
        "score": 40.945,
        "source_geometry_type": "Polygon"
      },
      "type": "Feature"
    },
    {
      "geometry": {
        "coordinates": [
          [
            [
              -38.553089,
              -3.711025
            ],
            [
              -38.553797,
              -3.710768
            ],
            [
              -38.553882,
              -3.710742
            ],
            [
              -38.554086,
              -3.712029
            ],
            [
              -38.553253,
              -3.71221
            ],
            [
              -38.550575,
              -3.713017
            ],
            [
              -38.548857,
              -3.713492
            ],
            [
              -38.548787,
              -3.713221
            ],
            [
              -38.548672,
              -3.713101
            ],
            [
              -38.548503,
              -3.712515
            ],
            [
              -38.548645,
              -3.712333
            ],
            [
              -38.548575,
              -3.712049
            ],
            [
              -38.550171,
              -3.711282
            ],
            [
              -38.550358,
              -3.711919
            ],
            [
              -38.553089,
              -3.711025
            ]
          ]
        ],
        "type": "Polygon"
      },
      "properties": {
        "bairro": "PIRAMBU",
        "faction": "CV",
        "generated_at": "2026-05-23T09:29:11.221276",
        "geometry_type": "Polygon",
        "is_centroid": false,
        "is_tactical": true,
        "local_street_pressure": 15.56,
        "municipality": "Fortaleza",
        "name": "Rua da Paz (Complexo do Pirambu)",
        "nearby_streets": [
          "RUA DA PAZ (COMPLEXO DO PIRAMBU)",
          "ROCINHA (COMPLEXO DO PIRAMBU)",
          "RUA SANTA ROSA"
        ],
        "nearby_streets_count": 46,
        "node_id": 218,
        "parent_area": "PIRAMBU",
        "parent_risk_level": "moderado",
        "parent_risk_score": 35.7,
        "parent_status": "MODERADO",
        "peak_hours": "Entre 13hs e 18hs",
        "rank": 218,
        "region": "fortaleza",
        "risk_score": 40.596,
        "score": 40.596,
        "source_geometry_type": "Polygon"
      },
      "type": "Feature"
    },
    {
      "geometry": {
        "coordinates": [
          [
            [
              -38.592411,
              -3.831655
            ],
            [
              -38.594093,
              -3.834114
            ],
            [
              -38.590091,
              -3.836876
            ],
            [
              -38.589919,
              -3.837058
            ],
            [
              -38.58964,
              -3.837422
            ],
            [
              -38.58817,
              -3.838492
            ],
            [
              -38.587398,
              -3.837486
            ],
            [
              -38.586808,
              -3.836726
            ],
            [
              -38.586379,
              -3.836127
            ],
            [
              -38.586765,
              -3.835848
            ],
            [
              -38.586894,
              -3.835677
            ],
            [
              -38.592411,
              -3.831655
            ]
          ]
        ],
        "type": "Polygon"
      },
      "properties": {
        "bairro": "INDUSTRIAL",
        "faction": "CV",
        "generated_at": "2026-05-23T09:29:11.221276",
        "geometry_type": "Polygon",
        "is_centroid": false,
        "is_tactical": true,
        "local_street_pressure": 5.162,
        "municipality": "Fortaleza",
        "name": "Esplanada do Mondubim",
        "nearby_streets": [
          "ESPLANADA DO MONDUBIM",
          "TRAVESSA PAULO MENDONÇA",
          "RUA DA MONTENEGRO - ARACAPE"
        ],
        "nearby_streets_count": 26,
        "node_id": 219,
        "parent_area": "INDUSTRIAL",
        "parent_risk_level": "moderado",
        "parent_risk_score": 45.1,
        "parent_status": "MODERADO",
        "peak_hours": "Entre 14hs e 19hs",
        "rank": 219,
        "region": "fortaleza",
        "risk_score": 40.571,
        "score": 40.571,
        "source_geometry_type": "Polygon"
      },
      "type": "Feature"
    },
    {
      "geometry": {
        "coordinates": [
          [
            [
              -38.472527,
              -3.729042
            ],
            [
              -38.472291,
              -3.729595
            ],
            [
              -38.47224,
              -3.729565
            ],
            [
              -38.471905,
              -3.730276
            ],
            [
              -38.470937,
              -3.72981
            ],
            [
              -38.470518,
              -3.729393
            ],
            [
              -38.47036,
              -3.729353
            ],
            [
              -38.46899,
              -3.729572
            ],
            [
              -38.468925,
              -3.729235
            ],
            [
              -38.468839,
              -3.729246
            ],
            [
              -38.468713,
              -3.729197
            ],
            [
              -38.468464,
              -3.729165
            ],
            [
              -38.468174,
              -3.72901
            ],
            [
              -38.467944,
              -3.728876
            ],
            [
              -38.468126,
              -3.728582
            ],
            [
              -38.468598,
              -3.728346
            ],
            [
              -38.468845,
              -3.728218
            ],
            [
              -38.469032,
              -3.728111
            ],
            [
              -38.469132,
              -3.728012
            ],
            [
              -38.469268,
              -3.727856
            ],
            [
              -38.46948,
              -3.727594
            ],
            [
              -38.472527,
              -3.729042
            ]
          ]
        ],
        "type": "Polygon"
      },
      "properties": {
        "bairro": "VICENTE PINZÓN",
        "faction": "CV",
        "generated_at": "2026-05-23T09:29:11.221276",
        "geometry_type": "Polygon",
        "is_centroid": false,
        "is_tactical": true,
        "local_street_pressure": 18.073,
        "municipality": "Fortaleza",
        "name": "Comunidade Joana D'arc (Complexo do Vicente Pinzon)",
        "nearby_streets": [
          "COMUNIDADE JOANA D'ARC (COMPLEXO DO VICENTE PINZON)",
          "AREA SEM NOME",
          "RUA JOSIAS PAULO DE SOUSA"
        ],
        "nearby_streets_count": 55,
        "node_id": 220,
        "parent_area": "VICENTE PINZÓN",
        "parent_risk_level": "moderado",
        "parent_risk_score": 33.2,
        "parent_status": "MODERADO",
        "peak_hours": "Entre 21hs e 02hs",
        "rank": 220,
        "region": "fortaleza",
        "risk_score": 40.535,
        "score": 40.535,
        "source_geometry_type": "Polygon"
      },
      "type": "Feature"
    },
    {
      "geometry": {
        "coordinates": [
          [
            [
              -38.577456,
              -3.807006
            ],
            [
              -38.578569,
              -3.806428
            ],
            [
              -38.578767,
              -3.807054
            ],
            [
              -38.579278,
              -3.806635
            ],
            [
              -38.579373,
              -3.806594
            ],
            [
              -38.579481,
              -3.806599
            ],
            [
              -38.579596,
              -3.806655
            ],
            [
              -38.579837,
              -3.807019
            ],
            [
              -38.579102,
              -3.807549
            ],
            [
              -38.579017,
              -3.80764
            ],
            [
              -38.578958,
              -3.807715
            ],
            [
              -38.578883,
              -3.807774
            ],
            [
              -38.578335,
              -3.808159
            ],
            [
              -38.578078,
              -3.807752
            ],
            [
              -38.577863,
              -3.807415
            ],
            [
              -38.577745,
              -3.807297
            ],
            [
              -38.577456,
              -3.807006
            ]
          ]
        ],
        "type": "Polygon"
      },
      "properties": {
        "bairro": "NOVO MONDUBIM",
        "faction": "CV",
        "generated_at": "2026-05-23T09:29:11.221276",
        "geometry_type": "Polygon",
        "is_centroid": false,
        "is_tactical": true,
        "local_street_pressure": 6.45,
        "municipality": "Mondubim",
        "name": "Comunidade da Lagoa - Mondubim",
        "nearby_streets": [
          "COMUNIDADE DA LAGOA - MONDUBIM",
          "BECO DO COROA",
          "FAVELA DO CUCA"
        ],
        "nearby_streets_count": 21,
        "node_id": 221,
        "parent_area": "NOVO MONDUBIM",
        "parent_risk_level": "moderado",
        "parent_risk_score": 45.1,
        "parent_status": "MODERADO",
        "rank": 221,
        "region": "fortaleza",
        "risk_score": 40.525,
        "score": 40.525,
        "source_geometry_type": "Polygon"
      },
      "type": "Feature"
    },
    {
      "geometry": {
        "coordinates": [
          [
            [
              -38.561471,
              -3.705753
            ],
            [
              -38.561914,
              -3.705631
            ],
            [
              -38.562313,
              -3.706854
            ],
            [
              -38.559261,
              -3.707701
            ],
            [
              -38.557962,
              -3.708077
            ],
            [
              -38.557758,
              -3.707322
            ],
            [
              -38.558992,
              -3.706761
            ],
            [
              -38.561471,
              -3.705753
            ]
          ]
        ],
        "type": "Polygon"
      },
      "properties": {
        "bairro": "CRISTO REDENTOR",
        "faction": "CV",
        "generated_at": "2026-05-23T09:29:11.221276",
        "geometry_type": "Polygon",
        "is_centroid": false,
        "is_tactical": true,
        "local_street_pressure": 15.3,
        "municipality": "Fortaleza",
        "name": "Coimbra (Complexo do Pirambu)",
        "nearby_streets": [
          "COIMBRA (COMPLEXO DO PIRAMBU)",
          "FAVELINHA (COMUNIDADE IZABEL)",
          "PRACINHA DO ABEL (COMPLEXO DO PIRAMBU)"
        ],
        "nearby_streets_count": 68,
        "node_id": 222,
        "parent_area": "CRISTO REDENTOR",
        "parent_risk_level": "moderado",
        "parent_risk_score": 35.7,
        "parent_status": "MODERADO",
        "rank": 222,
        "region": "fortaleza",
        "risk_score": 40.288,
        "score": 40.288,
        "source_geometry_type": "Polygon"
      },
      "type": "Feature"
    },
    {
      "geometry": {
        "coordinates": [
          [
            [
              -38.554717,
              -3.707691
            ],
            [
              -38.554963,
              -3.707563
            ],
            [
              -38.554947,
              -3.707477
            ],
            [
              -38.555189,
              -3.707354
            ],
            [
              -38.555269,
              -3.707472
            ],
            [
              -38.555457,
              -3.707381
            ],
            [
              -38.556009,
              -3.707167
            ],
            [
              -38.557426,
              -3.706535
            ],
            [
              -38.557962,
              -3.708077
            ],
            [
              -38.556524,
              -3.708634
            ],
            [
              -38.55639,
              -3.708691
            ],
            [
              -38.556554,
              -3.709348
            ],
            [
              -38.555227,
              -3.709646
            ],
            [
              -38.55506,
              -3.709089
            ],
            [
              -38.554717,
              -3.707691
            ]
          ]
        ],
        "type": "Polygon"
      },
      "properties": {
        "bairro": "PIRAMBU",
        "faction": "CV",
        "generated_at": "2026-05-23T09:29:11.221276",
        "geometry_type": "Polygon",
        "is_centroid": false,
        "is_tactical": true,
        "local_street_pressure": 14.94,
        "municipality": "Fortaleza",
        "name": "Pracinha do Abel (Complexo do Pirambu)",
        "nearby_streets": [
          "PRACINHA DO ABEL (COMPLEXO DO PIRAMBU)",
          "AREIA GROSSA (COMPLEXO DO PIRAMBU)",
          "RUA SÃO RAIMUNDO"
        ],
        "nearby_streets_count": 54,
        "node_id": 223,
        "parent_area": "PIRAMBU",
        "parent_risk_level": "moderado",
        "parent_risk_score": 35.7,
        "parent_status": "MODERADO",
        "peak_hours": "Entre 13hs e 18hs",
        "rank": 223,
        "region": "fortaleza",
        "risk_score": 40.065,
        "score": 40.065,
        "source_geometry_type": "Polygon"
      },
      "type": "Feature"
    },
    {
      "geometry": {
        "coordinates": [
          [
            [
              -38.554717,
              -3.707691
            ],
            [
              -38.55506,
              -3.709089
            ],
            [
              -38.553908,
              -3.709464
            ],
            [
              -38.553751,
              -3.708979
            ],
            [
              -38.552703,
              -3.709312
            ],
            [
              -38.552628,
              -3.708971
            ],
            [
              -38.552799,
              -3.708882
            ],
            [
              -38.552745,
              -3.708698
            ],
            [
              -38.552796,
              -3.708636
            ],
            [
              -38.553113,
              -3.708521
            ],
            [
              -38.553091,
              -3.708452
            ],
            [
              -38.553148,
              -3.70843
            ],
            [
              -38.553206,
              -3.708438
            ],
            [
              -38.553373,
              -3.708323
            ],
            [
              -38.553488,
              -3.708232
            ],
            [
              -38.553689,
              -3.708152
            ],
            [
              -38.553668,
              -3.708096
            ],
            [
              -38.553845,
              -3.707994
            ],
            [
              -38.553815,
              -3.707943
            ],
            [
              -38.554373,
              -3.707552
            ],
            [
              -38.554609,
              -3.707408
            ],
            [
              -38.554717,
              -3.707691
            ]
          ]
        ],
        "type": "Polygon"
      },
      "properties": {
        "bairro": "PIRAMBU",
        "faction": "CV",
        "generated_at": "2026-05-23T09:29:11.221276",
        "geometry_type": "Polygon",
        "is_centroid": false,
        "is_tactical": true,
        "local_street_pressure": 15.093,
        "municipality": "Fortaleza",
        "name": "Areia Grossa (Complexo do Pirambu)",
        "nearby_streets": [
          "AREIA GROSSA (COMPLEXO DO PIRAMBU)",
          "RUA SÃO RAIMUNDO",
          "FELIPE CAMARÃO (COMPLEXO DO PIRAMBU)"
        ],
        "nearby_streets_count": 50,
        "node_id": 224,
        "parent_area": "PIRAMBU",
        "parent_risk_level": "moderado",
        "parent_risk_score": 35.7,
        "parent_status": "MODERADO",
        "peak_hours": "Entre 13hs e 18hs",
        "rank": 224,
        "region": "fortaleza",
        "risk_score": 40.031,
        "score": 40.031,
        "source_geometry_type": "Polygon"
      },
      "type": "Feature"
    },
    {
      "geometry": {
        "coordinates": [
          [
            [
              -38.501415,
              -3.813342
            ],
            [
              -38.503312,
              -3.812839
            ],
            [
              -38.503332,
              -3.812867
            ],
            [
              -38.505406,
              -3.812303
            ],
            [
              -38.505449,
              -3.812394
            ],
            [
              -38.505723,
              -3.812295
            ],
            [
              -38.50638,
              -3.814078
            ],
            [
              -38.505653,
              -3.814527
            ],
            [
              -38.505897,
              -3.81548
            ],
            [
              -38.502156,
              -3.816486
            ],
            [
              -38.501855,
              -3.815362
            ],
            [
              -38.501415,
              -3.813342
            ]
          ]
        ],
        "type": "Polygon"
      },
      "properties": {
        "bairro": "PARQUE IRACEMA",
        "faction": "MASSA",
        "generated_at": "2026-05-23T09:29:11.221276",
        "geometry_type": "Polygon",
        "is_centroid": false,
        "is_tactical": true,
        "local_street_pressure": 10.589,
        "municipality": "Fortaleza",
        "name": "Comunidade do Barreirão",
        "nearby_streets": [
          "COMUNIDADE DO BARREIRÃO",
          "RUA FIDEL CASTRO",
          "RUA WALDA GUIMARÃES SAUNDERS"
        ],
        "nearby_streets_count": 43,
        "node_id": 225,
        "parent_area": "PARQUE IRACEMA",
        "parent_risk_level": "moderado",
        "parent_risk_score": 39.2,
        "parent_status": "MODERADO",
        "peak_hours": "Entre 18hs e 23hs",
        "rank": 225,
        "region": "fortaleza",
        "risk_score": 39.849,
        "score": 39.849,
        "source_geometry_type": "Polygon"
      },
      "type": "Feature"
    },
    {
      "geometry": {
        "coordinates": [
          [
            [
              -38.552628,
              -3.708971
            ],
            [
              -38.552703,
              -3.709312
            ],
            [
              -38.552864,
              -3.709818
            ],
            [
              -38.551628,
              -3.710224
            ],
            [
              -38.55002,
              -3.710808
            ],
            [
              -38.549986,
              -3.71071
            ],
            [
              -38.55032,
              -3.710515
            ],
            [
              -38.550757,
              -3.710231
            ],
            [
              -38.551388,
              -3.709774
            ],
            [
              -38.551596,
              -3.709726
            ],
            [
              -38.551897,
              -3.709602
            ],
            [
              -38.551932,
              -3.709442
            ],
            [
              -38.552628,
              -3.708971
            ]
          ]
        ],
        "type": "Polygon"
      },
      "properties": {
        "bairro": "PIRAMBU",
        "faction": "CV",
        "generated_at": "2026-05-23T09:29:11.221276",
        "geometry_type": "Polygon",
        "is_centroid": false,
        "is_tactical": true,
        "local_street_pressure": 14.66,
        "municipality": "Fortaleza",
        "name": "Comunidade do Caldeirão (Complexo do Pirambu)",
        "nearby_streets": [
          "COMUNIDADE DO CALDEIRÃO (COMPLEXO DO PIRAMBU)",
          "ROCINHA (COMPLEXO DO PIRAMBU)",
          "AREA SEM NOME"
        ],
        "nearby_streets_count": 44,
        "node_id": 226,
        "parent_area": "PIRAMBU",
        "parent_risk_level": "moderado",
        "parent_risk_score": 35.7,
        "parent_status": "MODERADO",
        "peak_hours": "Entre 13hs e 18hs",
        "rank": 226,
        "region": "fortaleza",
        "risk_score": 39.657,
        "score": 39.657,
        "source_geometry_type": "Polygon"
      },
      "type": "Feature"
    },
    {
      "geometry": {
        "coordinates": [
          [
            [
              -38.548328,
              -3.711503
            ],
            [
              -38.549366,
              -3.71099
            ],
            [
              -38.55002,
              -3.710808
            ],
            [
              -38.551628,
              -3.710224
            ],
            [
              -38.552864,
              -3.709818
            ],
            [
              -38.553089,
              -3.711025
            ],
            [
              -38.550358,
              -3.711919
            ],
            [
              -38.550171,
              -3.711282
            ],
            [
              -38.548575,
              -3.712049
            ],
            [
              -38.548328,
              -3.711503
            ]
          ]
        ],
        "type": "Polygon"
      },
      "properties": {
        "bairro": "PIRAMBU",
        "faction": "CV",
        "generated_at": "2026-05-23T09:29:11.221276",
        "geometry_type": "Polygon",
        "is_centroid": false,
        "is_tactical": true,
        "local_street_pressure": 14.033,
        "municipality": "Fortaleza",
        "name": "Rocinha (Complexo do Pirambu)",
        "nearby_streets": [
          "ROCINHA (COMPLEXO DO PIRAMBU)",
          "RUA DA PAZ (COMPLEXO DO PIRAMBU)",
          "COMUNIDADE DO CALDEIRÃO (COMPLEXO DO PIRAMBU)"
        ],
        "nearby_streets_count": 45,
        "node_id": 227,
        "parent_area": "PIRAMBU",
        "parent_risk_level": "moderado",
        "parent_risk_score": 35.7,
        "parent_status": "MODERADO",
        "peak_hours": "Entre 13hs e 18hs",
        "rank": 227,
        "region": "fortaleza",
        "risk_score": 39.362,
        "score": 39.362,
        "source_geometry_type": "Polygon"
      },
      "type": "Feature"
    },
    {
      "geometry": {
        "coordinates": [
          [
            [
              -38.528362,
              -3.841992
            ],
            [
              -38.523914,
              -3.84564
            ],
            [
              -38.523506,
              -3.845844
            ],
            [
              -38.522487,
              -3.844559
            ],
            [
              -38.524933,
              -3.84244
            ],
            [
              -38.527137,
              -3.840642
            ],
            [
              -38.528362,
              -3.841992
            ]
          ]
        ],
        "type": "Polygon"
      },
      "properties": {
        "bairro": "CONJUNTO PALMEIRAS",
        "faction": "CV",
        "generated_at": "2026-05-23T09:29:11.221276",
        "geometry_type": "Polygon",
        "is_centroid": false,
        "is_tactical": true,
        "local_street_pressure": 12.265,
        "municipality": "Fortaleza",
        "name": "Palmeiras1",
        "nearby_streets": [
          "PALMEIRAS1",
          "RUA VALPARAÍSO",
          "AREA SEM NOME"
        ],
        "nearby_streets_count": 44,
        "node_id": 228,
        "parent_area": "CONJUNTO PALMEIRAS",
        "parent_risk_level": "moderado",
        "parent_risk_score": 36.9,
        "parent_status": "MODERADO",
        "peak_hours": "Entre 15hs e 20hs",
        "rank": 228,
        "region": "fortaleza",
        "risk_score": 39.265,
        "score": 39.265,
        "source_geometry_type": "Polygon"
      },
      "type": "Feature"
    },
    {
      "geometry": {
        "coordinates": [
          [
            [
              -38.528362,
              -3.842153
            ],
            [
              -38.530467,
              -3.844644
            ],
            [
              -38.529173,
              -3.845624
            ],
            [
              -38.530037,
              -3.846811
            ],
            [
              -38.528646,
              -3.847934
            ],
            [
              -38.528241,
              -3.847499
            ],
            [
              -38.528063,
              -3.847153
            ],
            [
              -38.527899,
              -3.84693
            ],
            [
              -38.527787,
              -3.846786
            ],
            [
              -38.527006,
              -3.845855
            ],
            [
              -38.526511,
              -3.845261
            ],
            [
              -38.525858,
              -3.84457
            ],
            [
              -38.525733,
              -3.844377
            ],
            [
              -38.528362,
              -3.842153
            ]
          ]
        ],
        "type": "Polygon"
      },
      "properties": {
        "bairro": "CONJUNTO PALMEIRAS",
        "faction": "CV",
        "generated_at": "2026-05-23T09:29:11.221276",
        "geometry_type": "Polygon",
        "is_centroid": false,
        "is_tactical": true,
        "local_street_pressure": 11.74,
        "municipality": "Fortaleza",
        "name": "Cj Palmeiras l",
        "nearby_streets": [
          "CJ PALMEIRAS L",
          "AREA SEM NOME",
          "RUA DA FEIRA"
        ],
        "nearby_streets_count": 37,
        "node_id": 229,
        "parent_area": "CONJUNTO PALMEIRAS",
        "parent_risk_level": "moderado",
        "parent_risk_score": 36.9,
        "parent_status": "MODERADO",
        "peak_hours": "Entre 15hs e 20hs",
        "rank": 229,
        "region": "fortaleza",
        "risk_score": 39.011,
        "score": 39.011,
        "source_geometry_type": "Polygon"
      },
      "type": "Feature"
    },
    {
      "geometry": {
        "coordinates": [
          [
            [
              -38.473782,
              -3.723862
            ],
            [
              -38.473596,
              -3.724266
            ],
            [
              -38.474093,
              -3.724494
            ],
            [
              -38.474129,
              -3.724606
            ],
            [
              -38.473959,
              -3.724997
            ],
            [
              -38.472642,
              -3.724379
            ],
            [
              -38.47257,
              -3.724521
            ],
            [
              -38.469871,
              -3.723204
            ],
            [
              -38.470362,
              -3.72226
            ],
            [
              -38.473782,
              -3.723862
            ]
          ]
        ],
        "type": "Polygon"
      },
      "properties": {
        "bairro": "VICENTE PINZÓN",
        "faction": "CV",
        "generated_at": "2026-05-23T09:29:11.221276",
        "geometry_type": "Polygon",
        "is_centroid": false,
        "is_tactical": true,
        "local_street_pressure": 15.995,
        "municipality": "Fortaleza",
        "name": "Alto Da Paz (Complexo do Vicente Pinzon)",
        "nearby_streets": [
          "ALTO DA PAZ (COMPLEXO DO VICENTE PINZON)",
          "COMUNIDADE DO MIRANTE - CASTELO ENCANTADO",
          "MORRO DO FAROL - COMPLEXO DO VICENTE PIZON"
        ],
        "nearby_streets_count": 59,
        "node_id": 230,
        "parent_area": "VICENTE PINZÓN",
        "parent_risk_level": "moderado",
        "parent_risk_score": 33.2,
        "parent_status": "MODERADO",
        "peak_hours": "Entre 21hs e 02hs",
        "rank": 230,
        "region": "fortaleza",
        "risk_score": 38.966,
        "score": 38.966,
        "source_geometry_type": "Polygon"
      },
      "type": "Feature"
    },
    {
      "geometry": {
        "coordinates": [
          [
            [
              -38.522032,
              -3.846303
            ],
            [
              -38.523298,
              -3.846075
            ],
            [
              -38.523843,
              -3.84583
            ],
            [
              -38.52435,
              -3.845536
            ],
            [
              -38.526903,
              -3.848733
            ],
            [
              -38.52524,
              -3.850157
            ],
            [
              -38.523534,
              -3.851586
            ],
            [
              -38.523389,
              -3.851356
            ],
            [
              -38.522032,
              -3.846303
            ]
          ]
        ],
        "type": "Polygon"
      },
      "properties": {
        "bairro": "CONJUNTO PALMEIRAS",
        "faction": "CV",
        "generated_at": "2026-05-23T09:29:11.221276",
        "geometry_type": "Polygon",
        "is_centroid": false,
        "is_tactical": true,
        "local_street_pressure": 11.521,
        "municipality": "Fortaleza",
        "name": "ÁREA DE GUERRA",
        "nearby_streets": [
          "ÁREA DE GUERRA",
          "RUA CODÓ",
          "RUA DA FEIRA"
        ],
        "nearby_streets_count": 40,
        "node_id": 231,
        "parent_area": "CONJUNTO PALMEIRAS",
        "parent_risk_level": "moderado",
        "parent_risk_score": 36.9,
        "parent_status": "MODERADO",
        "peak_hours": "Entre 15hs e 20hs",
        "rank": 231,
        "region": "fortaleza",
        "risk_score": 38.957,
        "score": 38.957,
        "source_geometry_type": "Polygon"
      },
      "type": "Feature"
    },
    {
      "geometry": {
        "coordinates": [
          [
            [
              -38.469753,
              -3.731051
            ],
            [
              -38.46929,
              -3.732049
            ],
            [
              -38.468424,
              -3.731666
            ],
            [
              -38.468672,
              -3.731122
            ],
            [
              -38.468959,
              -3.731253
            ],
            [
              -38.469193,
              -3.730806
            ],
            [
              -38.469753,
              -3.731051
            ]
          ]
        ],
        "type": "Polygon"
      },
      "properties": {
        "bairro": "VICENTE PINZÓN",
        "faction": "CV",
        "generated_at": "2026-05-23T09:29:11.221276",
        "geometry_type": "Polygon",
        "is_centroid": false,
        "is_tactical": true,
        "local_street_pressure": 16.132,
        "municipality": "Fortaleza",
        "name": "Fazendinha",
        "nearby_streets": [
          "FAZENDINHA",
          "CDD - CIDADE DOS DOIDOS",
          "COMUNIDADE DO MURO ALTO - (COMPLEXO DO VINCENT PIZON)"
        ],
        "nearby_streets_count": 52,
        "node_id": 232,
        "parent_area": "VICENTE PINZÓN",
        "parent_risk_level": "moderado",
        "parent_risk_score": 33.2,
        "parent_status": "MODERADO",
        "peak_hours": "Entre 21hs e 02hs",
        "rank": 232,
        "region": "fortaleza",
        "risk_score": 38.896,
        "score": 38.896,
        "source_geometry_type": "Polygon"
      },
      "type": "Feature"
    },
    {
      "geometry": {
        "coordinates": [
          [
            [
              -38.466097,
              -3.722695
            ],
            [
              -38.466928,
              -3.723077
            ],
            [
              -38.466534,
              -3.723929
            ],
            [
              -38.465692,
              -3.723511
            ],
            [
              -38.466097,
              -3.722695
            ]
          ]
        ],
        "type": "Polygon"
      },
      "properties": {
        "bairro": "VICENTE PINZÓN",
        "faction": "CV",
        "generated_at": "2026-05-23T09:29:11.221276",
        "geometry_type": "Polygon",
        "is_centroid": false,
        "is_tactical": true,
        "local_street_pressure": 15.983,
        "municipality": "Fortaleza",
        "name": "Futurama",
        "nearby_streets": [
          "FUTURAMA",
          "MARROCOS",
          "COMUNIDADE DSV"
        ],
        "nearby_streets_count": 49,
        "node_id": 233,
        "parent_area": "VICENTE PINZÓN",
        "parent_risk_level": "moderado",
        "parent_risk_score": 33.2,
        "parent_status": "MODERADO",
        "peak_hours": "Entre 21hs e 02hs",
        "rank": 233,
        "region": "fortaleza",
        "risk_score": 38.788,
        "score": 38.788,
        "source_geometry_type": "Polygon"
      },
      "type": "Feature"
    },
    {
      "geometry": {
        "coordinates": [
          [
            [
              -38.526932,
              -3.848806
            ],
            [
              -38.525668,
              -3.847206
            ],
            [
              -38.524393,
              -3.84551
            ],
            [
              -38.525733,
              -3.844377
            ],
            [
              -38.527006,
              -3.845855
            ],
            [
              -38.528022,
              -3.847127
            ],
            [
              -38.52835,
              -3.847624
            ],
            [
              -38.526932,
              -3.848806
            ]
          ]
        ],
        "type": "Polygon"
      },
      "properties": {
        "bairro": "CONJUNTO PALMEIRAS",
        "faction": "CV",
        "generated_at": "2026-05-23T09:29:11.221276",
        "geometry_type": "Polygon",
        "is_centroid": false,
        "is_tactical": true,
        "local_street_pressure": 11.763,
        "municipality": "Fortaleza",
        "name": "Rua da Feira",
        "nearby_streets": [
          "RUA DA FEIRA",
          "AREA SEM NOME",
          "CJ PALMEIRAS L"
        ],
        "nearby_streets_count": 37,
        "node_id": 234,
        "parent_area": "CONJUNTO PALMEIRAS",
        "parent_risk_level": "moderado",
        "parent_risk_score": 36.9,
        "parent_status": "MODERADO",
        "peak_hours": "Entre 15hs e 20hs",
        "rank": 234,
        "region": "fortaleza",
        "risk_score": 38.74,
        "score": 38.74,
        "source_geometry_type": "Polygon"
      },
      "type": "Feature"
    },
    {
      "geometry": {
        "coordinates": [
          [
            [
              -38.465633,
              -3.723668
            ],
            [
              -38.46647,
              -3.724075
            ],
            [
              -38.466054,
              -3.724916
            ],
            [
              -38.465233,
              -3.724506
            ],
            [
              -38.465633,
              -3.723668
            ]
          ]
        ],
        "type": "Polygon"
      },
      "properties": {
        "bairro": "VICENTE PINZÓN",
        "faction": "CV",
        "generated_at": "2026-05-23T09:29:11.221276",
        "geometry_type": "Polygon",
        "is_centroid": false,
        "is_tactical": true,
        "local_street_pressure": 15.879,
        "municipality": "Fortaleza",
        "name": "Marrocos",
        "nearby_streets": [
          "MARROCOS",
          "FUTURAMA",
          "COMUNIDADE DSV"
        ],
        "nearby_streets_count": 47,
        "node_id": 235,
        "parent_area": "VICENTE PINZÓN",
        "parent_risk_level": "moderado",
        "parent_risk_score": 33.2,
        "parent_status": "MODERADO",
        "peak_hours": "Entre 21hs e 02hs",
        "rank": 235,
        "region": "fortaleza",
        "risk_score": 38.712,
        "score": 38.712,
        "source_geometry_type": "Polygon"
      },
      "type": "Feature"
    },
    {
      "geometry": {
        "coordinates": [
          [
            [
              -38.501399,
              -3.816362
            ],
            [
              -38.501586,
              -3.816652
            ],
            [
              -38.5016,
              -3.81665
            ],
            [
              -38.501612,
              -3.816683
            ],
            [
              -38.50144,
              -3.816753
            ],
            [
              -38.501372,
              -3.816803
            ],
            [
              -38.501282,
              -3.816687
            ],
            [
              -38.501179,
              -3.816746
            ],
            [
              -38.501049,
              -3.816566
            ],
            [
              -38.501399,
              -3.816362
            ]
          ]
        ],
        "type": "Polygon"
      },
      "properties": {
        "bairro": "PARQUE IRACEMA",
        "faction": "MASSA",
        "generated_at": "2026-05-23T09:29:11.221276",
        "geometry_type": "Polygon",
        "is_centroid": false,
        "is_tactical": true,
        "local_street_pressure": 9.925,
        "municipality": "Fortaleza",
        "name": "Caveca",
        "nearby_streets": [
          "CAVECA",
          "COMUNIDADE DO BARREIRÃO",
          "RUA LUCIA HELENA DO NASCIMENTO"
        ],
        "nearby_streets_count": 41,
        "node_id": 236,
        "parent_area": "PARQUE IRACEMA",
        "parent_risk_level": "moderado",
        "parent_risk_score": 39.2,
        "parent_status": "MODERADO",
        "peak_hours": "Entre 18hs e 23hs",
        "rank": 236,
        "region": "fortaleza",
        "risk_score": 38.697,
        "score": 38.697,
        "source_geometry_type": "Polygon"
      },
      "type": "Feature"
    },
    {
      "geometry": {
        "coordinates": [
          [
            [
              -38.476976,
              -3.724578
            ],
            [
              -38.477038,
              -3.724531
            ],
            [
              -38.477101,
              -3.724834
            ],
            [
              -38.476746,
              -3.725109
            ],
            [
              -38.476782,
              -3.725174
            ],
            [
              -38.476174,
              -3.725616
            ],
            [
              -38.476593,
              -3.726106
            ],
            [
              -38.477197,
              -3.727053
            ],
            [
              -38.47728,
              -3.727189
            ],
            [
              -38.476372,
              -3.727479
            ],
            [
              -38.476297,
              -3.727335
            ],
            [
              -38.474328,
              -3.728491
            ],
            [
              -38.474473,
              -3.728753
            ],
            [
              -38.473838,
              -3.729201
            ],
            [
              -38.472993,
              -3.730291
            ],
            [
              -38.472497,
              -3.729589
            ],
            [
              -38.472704,
              -3.729098
            ],
            [
              -38.473894,
              -3.726697
            ],
            [
              -38.474328,
              -3.726933
            ],
            [
              -38.4748,
              -3.726895
            ],
            [
              -38.475283,
              -3.725878
            ],
            [
              -38.475262,
              -3.725621
            ],
            [
              -38.47531,
              -3.725434
            ],
            [
              -38.475544,
              -3.725251
            ],
            [
              -38.475696,
              -3.725391
            ],
            [
              -38.475954,
              -3.725257
            ],
            [
              -38.476107,
              -3.725201
            ],
            [
              -38.476225,
              -3.725156
            ],
            [
              -38.476362,
              -3.725064
            ],
            [
              -38.476412,
              -3.725118
            ],
            [
              -38.476525,
              -3.725059
            ],
            [
              -38.476598,
              -3.725022
            ],
            [
              -38.476699,
              -3.724933
            ],
            [
              -38.476864,
              -3.72481
            ],
            [
              -38.47691,
              -3.72471
            ],
            [
              -38.47695,
              -3.724638
            ],
            [
              -38.476976,
              -3.724578
            ]
          ]
        ],
        "type": "Polygon"
      },
      "properties": {
        "bairro": "VICENTE PINZÓN",
        "faction": "CV",
        "generated_at": "2026-05-23T09:29:11.221276",
        "geometry_type": "Polygon",
        "is_centroid": false,
        "is_tactical": true,
        "local_street_pressure": 15.346,
        "municipality": "Fortaleza",
        "name": "Buraco (Complexo do Vicente Pinzon)",
        "nearby_streets": [
          "MIRANTE (COMPLEXO DO VICENTE PINZON)",
          "BURACO (COMPLEXO DO VICENTE PINZON)",
          "COMUNIDADE DO MIRANTE - CASTELO ENCANTADO"
        ],
        "nearby_streets_count": 54,
        "node_id": 237,
        "parent_area": "VICENTE PINZÓN",
        "parent_risk_level": "moderado",
        "parent_risk_score": 33.2,
        "parent_status": "MODERADO",
        "peak_hours": "Entre 21hs e 02hs",
        "rank": 237,
        "region": "fortaleza",
        "risk_score": 38.693,
        "score": 38.693,
        "source_geometry_type": "Polygon"
      },
      "type": "Feature"
    },
    {
      "geometry": {
        "coordinates": [
          [
            [
              -38.598631,
              -3.788357
            ],
            [
              -38.600584,
              -3.794674
            ],
            [
              -38.594445,
              -3.796685
            ],
            [
              -38.5928,
              -3.794966
            ],
            [
              -38.593311,
              -3.794777
            ],
            [
              -38.592828,
              -3.79325
            ],
            [
              -38.59267,
              -3.793303
            ],
            [
              -38.592414,
              -3.793391
            ],
            [
              -38.59233,
              -3.793435
            ],
            [
              -38.592194,
              -3.792714
            ],
            [
              -38.592028,
              -3.792741
            ],
            [
              -38.592017,
              -3.792566
            ],
            [
              -38.592027,
              -3.792185
            ],
            [
              -38.592013,
              -3.791968
            ],
            [
              -38.592033,
              -3.791528
            ],
            [
              -38.592117,
              -3.791088
            ],
            [
              -38.592096,
              -3.79083
            ],
            [
              -38.591881,
              -3.790489
            ],
            [
              -38.591736,
              -3.790028
            ],
            [
              -38.591487,
              -3.790098
            ],
            [
              -38.591432,
              -3.78994
            ],
            [
              -38.59127,
              -3.789996
            ],
            [
              -38.591238,
              -3.789889
            ],
            [
              -38.596786,
              -3.788179
            ],
            [
              -38.596998,
              -3.788873
            ],
            [
              -38.598631,
              -3.788357
            ]
          ]
        ],
        "type": "Polygon"
      },
      "properties": {
        "bairro": "BOM JARDIM",
        "faction": "CV",
        "generated_at": "2026-05-23T09:29:11.221276",
        "geometry_type": "Polygon",
        "is_centroid": false,
        "is_tactical": true,
        "local_street_pressure": 13.414,
        "municipality": "Fortaleza",
        "name": "Água da bomba",
        "nearby_streets": [
          "RUA EDSON MARTINS",
          "ÁGUA DA BOMBA",
          "RUA OSCAR FRANÇA"
        ],
        "nearby_streets_count": 59,
        "node_id": 238,
        "parent_area": "BOM JARDIM",
        "parent_risk_level": "moderado",
        "parent_risk_score": 32.2,
        "parent_status": "MODERADO",
        "peak_hours": "Entre 15hs e 20hs",
        "rank": 238,
        "region": "fortaleza",
        "risk_score": 38.691,
        "score": 38.691,
        "source_geometry_type": "Polygon"
      },
      "type": "Feature"
    },
    {
      "geometry": {
        "coordinates": [
          [
            [
              -38.476192,
              -3.72425
            ],
            [
              -38.476282,
              -3.724268
            ],
            [
              -38.476308,
              -3.724293
            ],
            [
              -38.476327,
              -3.72434
            ],
            [
              -38.475947,
              -3.725058
            ],
            [
              -38.475544,
              -3.725251
            ],
            [
              -38.474994,
              -3.725312
            ],
            [
              -38.474533,
              -3.725051
            ],
            [
              -38.474851,
              -3.724478
            ],
            [
              -38.476192,
              -3.72425
            ]
          ]
        ],
        "type": "Polygon"
      },
      "properties": {
        "bairro": "VICENTE PINZÓN",
        "faction": "CV",
        "generated_at": "2026-05-23T09:29:11.221276",
        "geometry_type": "Polygon",
        "is_centroid": false,
        "is_tactical": true,
        "local_street_pressure": 15.782,
        "municipality": "Fortaleza",
        "name": "Mirante (Complexo do Vicente Pinzon)",
        "nearby_streets": [
          "MIRANTE (COMPLEXO DO VICENTE PINZON)",
          "COMUNIDADE DO MIRANTE - CASTELO ENCANTADO",
          "BURACO (COMPLEXO DO VICENTE PINZON)"
        ],
        "nearby_streets_count": 57,
        "node_id": 239,
        "parent_area": "VICENTE PINZÓN",
        "parent_risk_level": "moderado",
        "parent_risk_score": 33.2,
        "parent_status": "MODERADO",
        "peak_hours": "Entre 21hs e 02hs",
        "rank": 239,
        "region": "fortaleza",
        "risk_score": 38.66,
        "score": 38.66,
        "source_geometry_type": "Polygon"
      },
      "type": "Feature"
    },
    {
      "geometry": {
        "coordinates": [
          [
            [
              -38.477975,
              -3.728122
            ],
            [
              -38.477958,
              -3.728414
            ],
            [
              -38.477894,
              -3.72858
            ],
            [
              -38.477717,
              -3.728784
            ],
            [
              -38.47755,
              -3.72872
            ],
            [
              -38.477207,
              -3.72881
            ],
            [
              -38.477196,
              -3.728934
            ],
            [
              -38.477014,
              -3.729025
            ],
            [
              -38.476671,
              -3.729062
            ],
            [
              -38.476542,
              -3.729153
            ],
            [
              -38.476515,
              -3.729266
            ],
            [
              -38.476376,
              -3.729346
            ],
            [
              -38.47629,
              -3.729533
            ],
            [
              -38.476134,
              -3.729683
            ],
            [
              -38.475914,
              -3.729822
            ],
            [
              -38.475769,
              -3.729881
            ],
            [
              -38.475603,
              -3.729929
            ],
            [
              -38.475372,
              -3.729983
            ],
            [
              -38.475378,
              -3.730095
            ],
            [
              -38.475249,
              -3.73016
            ],
            [
              -38.475206,
              -3.730084
            ],
            [
              -38.475072,
              -3.73016
            ],
            [
              -38.475077,
              -3.730245
            ],
            [
              -38.474788,
              -3.730363
            ],
            [
              -38.474514,
              -3.730507
            ],
            [
              -38.474267,
              -3.730786
            ],
            [
              -38.474149,
              -3.730888
            ],
            [
              -38.473897,
              -3.730946
            ],
            [
              -38.473575,
              -3.731214
            ],
            [
              -38.473527,
              -3.731434
            ],
            [
              -38.473656,
              -3.731342
            ],
            [
              -38.473672,
              -3.731514
            ],
            [
              -38.473586,
              -3.731632
            ],
            [
              -38.47372,
              -3.732054
            ],
            [
              -38.47357,
              -3.732172
            ],
            [
              -38.473248,
              -3.731546
            ],
            [
              -38.472245,
              -3.730127
            ],
            [
              -38.472497,
              -3.72972
            ],
            [
              -38.472969,
              -3.730368
            ],
            [
              -38.473838,
              -3.729201
            ],
            [
              -38.474473,
              -3.728753
            ],
            [
              -38.474328,
              -3.728491
            ],
            [
              -38.476297,
              -3.727335
            ],
            [
              -38.476372,
              -3.727479
            ],
            [
              -38.47728,
              -3.727189
            ],
            [
              -38.477417,
              -3.727228
            ],
            [
              -38.477883,
              -3.727913
            ],
            [
              -38.477975,
              -3.728122
            ]
          ]
        ],
        "type": "Polygon"
      },
      "properties": {
        "bairro": "VICENTE PINZÓN",
        "faction": "CV",
        "generated_at": "2026-05-23T09:29:11.221276",
        "geometry_type": "Polygon",
        "is_centroid": false,
        "is_tactical": true,
        "local_street_pressure": 14.905,
        "municipality": "Fortaleza",
        "name": "Morro do Pilão (Complexo do Vicente Pinzon)",
        "nearby_streets": [
          "MORRO DO PILÃO (COMPLEXO DO VICENTE PINZON)",
          "BURACO (COMPLEXO DO VICENTE PINZON)",
          "MORRO DO FAROL - COMPLEXO DO VICENTE PIZON"
        ],
        "nearby_streets_count": 56,
        "node_id": 240,
        "parent_area": "VICENTE PINZÓN",
        "parent_risk_level": "moderado",
        "parent_risk_score": 33.2,
        "parent_status": "MODERADO",
        "peak_hours": "Entre 21hs e 02hs",
        "rank": 240,
        "region": "fortaleza",
        "risk_score": 38.441,
        "score": 38.441,
        "source_geometry_type": "Polygon"
      },
      "type": "Feature"
    },
    {
      "geometry": {
        "coordinates": [
          [
            [
              -38.465019,
              -3.722018
            ],
            [
              -38.465475,
              -3.721116
            ],
            [
              -38.466914,
              -3.721855
            ],
            [
              -38.466727,
              -3.722219
            ],
            [
              -38.466794,
              -3.722248
            ],
            [
              -38.466907,
              -3.722322
            ],
            [
              -38.466824,
              -3.722379
            ],
            [
              -38.466536,
              -3.722217
            ],
            [
              -38.466439,
              -3.722415
            ],
            [
              -38.46614,
              -3.722286
            ],
            [
              -38.466018,
              -3.722506
            ],
            [
              -38.465019,
              -3.722018
            ]
          ]
        ],
        "type": "Polygon"
      },
      "properties": {
        "bairro": "VICENTE PINZÓN",
        "faction": "CV",
        "generated_at": "2026-05-23T09:29:11.221276",
        "geometry_type": "Polygon",
        "is_centroid": false,
        "is_tactical": true,
        "local_street_pressure": 15.24,
        "municipality": "Fortaleza",
        "name": "Comunidade da Sardinha",
        "nearby_streets": [
          "COMUNIDADE DA SARDINHA",
          "FUTURAMA",
          "MARROCOS"
        ],
        "nearby_streets_count": 49,
        "node_id": 241,
        "parent_area": "VICENTE PINZÓN",
        "parent_risk_level": "moderado",
        "parent_risk_score": 33.2,
        "parent_status": "MODERADO",
        "peak_hours": "Entre 21hs e 02hs",
        "rank": 241,
        "region": "fortaleza",
        "risk_score": 38.28,
        "score": 38.28,
        "source_geometry_type": "Polygon"
      },
      "type": "Feature"
    },
    {
      "geometry": {
        "coordinates": [
          [
            [
              -38.464601,
              -3.723154
            ],
            [
              -38.46509,
              -3.723379
            ],
            [
              -38.465021,
              -3.723481
            ],
            [
              -38.464936,
              -3.723609
            ],
            [
              -38.464802,
              -3.72375
            ],
            [
              -38.464863,
              -3.723819
            ],
            [
              -38.464739,
              -3.723907
            ],
            [
              -38.464759,
              -3.723933
            ],
            [
              -38.464479,
              -3.724127
            ],
            [
              -38.464233,
              -3.724016
            ],
            [
              -38.464364,
              -3.723761
            ],
            [
              -38.464318,
              -3.723737
            ],
            [
              -38.464601,
              -3.723154
            ]
          ]
        ],
        "type": "Polygon"
      },
      "properties": {
        "bairro": "VICENTE PINZÓN",
        "faction": "CV",
        "generated_at": "2026-05-23T09:29:11.221276",
        "geometry_type": "Polygon",
        "is_centroid": false,
        "is_tactical": true,
        "local_street_pressure": 15.281,
        "municipality": "Fortaleza",
        "name": "Comunidade DSV",
        "nearby_streets": [
          "COMUNIDADE DSV",
          "MARROCOS",
          "FUTURAMA"
        ],
        "nearby_streets_count": 47,
        "node_id": 242,
        "parent_area": "VICENTE PINZÓN",
        "parent_risk_level": "moderado",
        "parent_risk_score": 33.2,
        "parent_status": "MODERADO",
        "peak_hours": "Entre 21hs e 02hs",
        "rank": 242,
        "region": "fortaleza",
        "risk_score": 38.259,
        "score": 38.259,
        "source_geometry_type": "Polygon"
      },
      "type": "Feature"
    },
    {
      "geometry": {
        "coordinates": [
          [
            [
              -38.497143,
              -3.81389
            ],
            [
              -38.497085,
              -3.814008
            ],
            [
              -38.49701,
              -3.814209
            ],
            [
              -38.496936,
              -3.81432
            ],
            [
              -38.496794,
              -3.81467
            ],
            [
              -38.496203,
              -3.81442
            ],
            [
              -38.495948,
              -3.814997
            ],
            [
              -38.49536,
              -3.814733
            ],
            [
              -38.495426,
              -3.814566
            ],
            [
              -38.495482,
              -3.814553
            ],
            [
              -38.495812,
              -3.813824
            ],
            [
              -38.495406,
              -3.81362
            ],
            [
              -38.49552,
              -3.813394
            ],
            [
              -38.495838,
              -3.813533
            ],
            [
              -38.495866,
              -3.813432
            ],
            [
              -38.495983,
              -3.813479
            ],
            [
              -38.496029,
              -3.813384
            ],
            [
              -38.497143,
              -3.81389
            ]
          ]
        ],
        "type": "Polygon"
      },
      "properties": {
        "bairro": "PARQUE IRACEMA",
        "faction": "MASSA",
        "generated_at": "2026-05-23T09:29:11.221276",
        "geometry_type": "Polygon",
        "is_centroid": false,
        "is_tactical": true,
        "local_street_pressure": 8.876,
        "municipality": "Fortaleza",
        "name": "Almeida Rego",
        "nearby_streets": [
          "ALMEIDA REGO",
          "FAVELINHA",
          "PARQUE IRACEMA II"
        ],
        "nearby_streets_count": 33,
        "node_id": 243,
        "parent_area": "PARQUE IRACEMA",
        "parent_risk_level": "moderado",
        "parent_risk_score": 39.2,
        "parent_status": "MODERADO",
        "peak_hours": "Entre 18hs e 23hs",
        "rank": 243,
        "region": "fortaleza",
        "risk_score": 38.012,
        "score": 38.012,
        "source_geometry_type": "Polygon"
      },
      "type": "Feature"
    },
    {
      "geometry": {
        "coordinates": [
          [
            [
              -38.548857,
              -3.713492
            ],
            [
              -38.546977,
              -3.714142
            ],
            [
              -38.546628,
              -3.714303
            ],
            [
              -38.546403,
              -3.714447
            ],
            [
              -38.546016,
              -3.714581
            ],
            [
              -38.545818,
              -3.713923
            ],
            [
              -38.545673,
              -3.713532
            ],
            [
              -38.546038,
              -3.713414
            ],
            [
              -38.545823,
              -3.712889
            ],
            [
              -38.547138,
              -3.712204
            ],
            [
              -38.548328,
              -3.711503
            ],
            [
              -38.548575,
              -3.712049
            ],
            [
              -38.548645,
              -3.712333
            ],
            [
              -38.548503,
              -3.712515
            ],
            [
              -38.548672,
              -3.713101
            ],
            [
              -38.548787,
              -3.713221
            ],
            [
              -38.548857,
              -3.713492
            ]
          ]
        ],
        "type": "Polygon"
      },
      "properties": {
        "bairro": "PIRAMBU",
        "faction": "CV",
        "generated_at": "2026-05-23T09:29:11.221276",
        "geometry_type": "Polygon",
        "is_centroid": false,
        "is_tactical": true,
        "local_street_pressure": 12.016,
        "municipality": "Fortaleza",
        "name": "Cacimba de Pombos (Complexo do Pirambu)",
        "nearby_streets": [
          "CACIMBA DE POMBOS (COMPLEXO DO PIRAMBU)",
          "COMUNIDADE DA IRACEMA",
          "RUA DA PAZ (COMPLEXO DO PIRAMBU)"
        ],
        "nearby_streets_count": 43,
        "node_id": 244,
        "parent_area": "PIRAMBU",
        "parent_risk_level": "moderado",
        "parent_risk_score": 35.7,
        "parent_status": "MODERADO",
        "peak_hours": "Entre 13hs e 18hs",
        "rank": 244,
        "region": "fortaleza",
        "risk_score": 37.94,
        "score": 37.94,
        "source_geometry_type": "Polygon"
      },
      "type": "Feature"
    },
    {
      "geometry": {
        "coordinates": [
          [
            [
              -38.465625,
              -3.726181
            ],
            [
              -38.465192,
              -3.727036
            ],
            [
              -38.464993,
              -3.726947
            ],
            [
              -38.465233,
              -3.72644
            ],
            [
              -38.465279,
              -3.726465
            ],
            [
              -38.465455,
              -3.726089
            ],
            [
              -38.465625,
              -3.726181
            ]
          ]
        ],
        "type": "Polygon"
      },
      "properties": {
        "bairro": "VICENTE PINZÓN",
        "faction": "CV",
        "generated_at": "2026-05-23T09:29:11.221276",
        "geometry_type": "Polygon",
        "is_centroid": false,
        "is_tactical": true,
        "local_street_pressure": 14.747,
        "municipality": "Fortaleza",
        "name": "RDF",
        "nearby_streets": [
          "RDF",
          "MARROCOS",
          "COMUNIDADE MURO DE PEDRA - (COMPLEXO DO VINCENT PINZON)"
        ],
        "nearby_streets_count": 43,
        "node_id": 245,
        "parent_area": "VICENTE PINZÓN",
        "parent_risk_level": "moderado",
        "parent_risk_score": 33.2,
        "parent_status": "MODERADO",
        "peak_hours": "Entre 21hs e 02hs",
        "rank": 245,
        "region": "fortaleza",
        "risk_score": 37.863,
        "score": 37.863,
        "source_geometry_type": "Polygon"
      },
      "type": "Feature"
    },
    {
      "geometry": {
        "coordinates": [
          [
            [
              -38.521868,
              -3.846307
            ],
            [
              -38.52357,
              -3.8526
            ],
            [
              -38.523854,
              -3.85333
            ],
            [
              -38.523847,
              -3.853693
            ],
            [
              -38.523794,
              -3.854003
            ],
            [
              -38.523775,
              -3.854377
            ],
            [
              -38.523656,
              -3.854983
            ],
            [
              -38.522793,
              -3.855367
            ],
            [
              -38.521591,
              -3.851369
            ],
            [
              -38.52042,
              -3.846857
            ],
            [
              -38.520362,
              -3.84653
            ],
            [
              -38.521313,
              -3.846387
            ],
            [
              -38.521385,
              -3.846409
            ],
            [
              -38.521868,
              -3.846307
            ]
          ]
        ],
        "type": "Polygon"
      },
      "properties": {
        "bairro": "CONJUNTO PALMEIRAS",
        "faction": "CV",
        "generated_at": "2026-05-23T09:29:11.221276",
        "geometry_type": "Polygon",
        "is_centroid": false,
        "is_tactical": true,
        "local_street_pressure": 10.125,
        "municipality": "Fortaleza",
        "name": "Rua Codó",
        "nearby_streets": [
          "RUA CODÓ",
          "JAGATÁ",
          "FAVELINHA"
        ],
        "nearby_streets_count": 35,
        "node_id": 246,
        "parent_area": "CONJUNTO PALMEIRAS",
        "parent_risk_level": "moderado",
        "parent_risk_score": 36.9,
        "parent_status": "MODERADO",
        "peak_hours": "Entre 15hs e 20hs",
        "rank": 246,
        "region": "fortaleza",
        "risk_score": 37.846,
        "score": 37.846,
        "source_geometry_type": "Polygon"
      },
      "type": "Feature"
    },
    {
      "geometry": {
        "coordinates": [
          [
            [
              -38.602059,
              -3.794177
            ],
            [
              -38.604028,
              -3.793552
            ],
            [
              -38.605465,
              -3.793062
            ],
            [
              -38.605496,
              -3.793056
            ],
            [
              -38.605623,
              -3.793395
            ],
            [
              -38.605661,
              -3.793412
            ],
            [
              -38.605956,
              -3.793993
            ],
            [
              -38.605955,
              -3.794019
            ],
            [
              -38.605492,
              -3.794173
            ],
            [
              -38.605345,
              -3.793626
            ],
            [
              -38.605198,
              -3.793649
            ],
            [
              -38.605185,
              -3.79363
            ],
            [
              -38.605049,
              -3.793627
            ],
            [
              -38.605034,
              -3.793578
            ],
            [
              -38.60489,
              -3.793588
            ],
            [
              -38.604806,
              -3.793658
            ],
            [
              -38.604764,
              -3.793728
            ],
            [
              -38.60458,
              -3.793797
            ],
            [
              -38.604604,
              -3.793862
            ],
            [
              -38.604316,
              -3.794015
            ],
            [
              -38.604455,
              -3.794483
            ],
            [
              -38.60386,
              -3.794683
            ],
            [
              -38.603667,
              -3.794749
            ],
            [
              -38.602406,
              -3.795169
            ],
            [
              -38.602059,
              -3.794177
            ]
          ]
        ],
        "type": "Polygon"
      },
      "properties": {
        "bairro": "BOM JARDIM",
        "faction": "CV",
        "generated_at": "2026-05-23T09:29:11.221276",
        "geometry_type": "Polygon",
        "is_centroid": false,
        "is_tactical": true,
        "local_street_pressure": 15.428,
        "municipality": "Fortaleza",
        "name": "Comunidade Itu",
        "nearby_streets": [
          "BECO DA FUMAÇA",
          "COMUNIDADE ITU",
          "COMUNIDADE DO PANTANAL"
        ],
        "nearby_streets_count": 61,
        "node_id": 247,
        "parent_area": "BOM JARDIM",
        "parent_risk_level": "moderado",
        "parent_risk_score": 32.2,
        "parent_status": "MODERADO",
        "peak_hours": "Entre 15hs e 20hs",
        "rank": 247,
        "region": "fortaleza",
        "risk_score": 37.779,
        "score": 37.779,
        "source_geometry_type": "Polygon"
      },
      "type": "Feature"
    },
    {
      "geometry": {
        "coordinates": [
          [
            [
              -38.602535,
              -3.796662
            ],
            [
              -38.606462,
              -3.797379
            ],
            [
              -38.606678,
              -3.79819
            ],
            [
              -38.606464,
              -3.798286
            ],
            [
              -38.60659,
              -3.798615
            ],
            [
              -38.605861,
              -3.798883
            ],
            [
              -38.604962,
              -3.798836
            ],
            [
              -38.60361,
              -3.799296
            ],
            [
              -38.602233,
              -3.79989
            ],
            [
              -38.60089,
              -3.800484
            ],
            [
              -38.600305,
              -3.799167
            ],
            [
              -38.599806,
              -3.799391
            ],
            [
              -38.599669,
              -3.799026
            ],
            [
              -38.599545,
              -3.798584
            ],
            [
              -38.599348,
              -3.797806
            ],
            [
              -38.601024,
              -3.797257
            ],
            [
              -38.600983,
              -3.797155
            ],
            [
              -38.602535,
              -3.796662
            ]
          ]
        ],
        "type": "Polygon"
      },
      "properties": {
        "bairro": "BOM JARDIM",
        "faction": "CV",
        "generated_at": "2026-05-23T09:29:11.221276",
        "geometry_type": "Polygon",
        "is_centroid": false,
        "is_tactical": true,
        "local_street_pressure": 14.506,
        "municipality": "Fortaleza",
        "name": "Santo Amaro- Bom Jardim",
        "nearby_streets": [
          "SANTO AMARO- BOM JARDIM",
          "CONJ. TIA JOANA",
          "COMUNIDADE DO PANTANAL"
        ],
        "nearby_streets_count": 62,
        "node_id": 248,
        "parent_area": "BOM JARDIM",
        "parent_risk_level": "moderado",
        "parent_risk_score": 32.2,
        "parent_status": "MODERADO",
        "peak_hours": "Entre 15hs e 20hs",
        "rank": 248,
        "region": "fortaleza",
        "risk_score": 37.754,
        "score": 37.754,
        "source_geometry_type": "Polygon"
      },
      "type": "Feature"
    },
    {
      "geometry": {
        "coordinates": [
          [
            [
              -38.605404,
              -3.793013
            ],
            [
              -38.602062,
              -3.794134
            ],
            [
              -38.600782,
              -3.79002
            ],
            [
              -38.603619,
              -3.789078
            ],
            [
              -38.604284,
              -3.791139
            ],
            [
              -38.603603,
              -3.791322
            ],
            [
              -38.602808,
              -3.791622
            ],
            [
              -38.60303,
              -3.792355
            ],
            [
              -38.604823,
              -3.791763
            ],
            [
              -38.605071,
              -3.792388
            ],
            [
              -38.605189,
              -3.792709
            ],
            [
              -38.605404,
              -3.793013
            ]
          ]
        ],
        "type": "Polygon"
      },
      "properties": {
        "bairro": "BOM JARDIM",
        "faction": "CV",
        "generated_at": "2026-05-23T09:29:11.221276",
        "geometry_type": "Polygon",
        "is_centroid": false,
        "is_tactical": true,
        "local_street_pressure": 14.726,
        "municipality": "Fortaleza",
        "name": "Bom Jardim",
        "nearby_streets": [
          "BECO DA RAPOSA",
          "BOM JARDIM",
          "COMUNIDADE ITU"
        ],
        "nearby_streets_count": 57,
        "node_id": 249,
        "parent_area": "BOM JARDIM",
        "parent_risk_level": "moderado",
        "parent_risk_score": 32.2,
        "parent_status": "MODERADO",
        "peak_hours": "Entre 15hs e 20hs",
        "rank": 249,
        "region": "fortaleza",
        "risk_score": 37.717,
        "score": 37.717,
        "source_geometry_type": "Polygon"
      },
      "type": "Feature"
    },
    {
      "geometry": {
        "coordinates": [
          [
            [
              -38.61392,
              -3.794867
            ],
            [
              -38.610738,
              -3.795928
            ],
            [
              -38.61077,
              -3.796239
            ],
            [
              -38.610341,
              -3.796346
            ],
            [
              -38.610448,
              -3.796924
            ],
            [
              -38.609418,
              -3.796635
            ],
            [
              -38.608882,
              -3.795243
            ],
            [
              -38.606989,
              -3.78943
            ],
            [
              -38.606614,
              -3.788102
            ],
            [
              -38.607365,
              -3.787524
            ],
            [
              -38.608073,
              -3.786925
            ],
            [
              -38.608224,
              -3.78687
            ],
            [
              -38.608399,
              -3.787486
            ],
            [
              -38.608874,
              -3.787338
            ],
            [
              -38.609248,
              -3.787218
            ],
            [
              -38.6098,
              -3.787047
            ],
            [
              -38.609569,
              -3.786394
            ],
            [
              -38.611023,
              -3.785897
            ],
            [
              -38.611904,
              -3.788674
            ],
            [
              -38.61392,
              -3.794867
            ]
          ],
          [
            [
              -38.609092,
              -3.789549
            ],
            [
              -38.608907,
              -3.788956
            ],
            [
              -38.610267,
              -3.788514
            ],
            [
              -38.610446,
              -3.789092
            ],
            [
              -38.609092,
              -3.789549
            ]
          ]
        ],
        "type": "Polygon"
      },
      "properties": {
        "bairro": "BOM JARDIM",
        "faction": "CV",
        "generated_at": "2026-05-23T09:29:11.221276",
        "geometry_type": "Polygon",
        "is_centroid": false,
        "is_tactical": true,
        "local_street_pressure": 12.49,
        "municipality": "Fortaleza",
        "name": "Santa Cecília",
        "nearby_streets": [
          "RUA CORONEL JOÃO CORREIA",
          "SANTA CECÍLIA",
          "RUA ZACARIAS FLORINDO"
        ],
        "nearby_streets_count": 51,
        "node_id": 250,
        "parent_area": "BOM JARDIM",
        "parent_risk_level": "moderado",
        "parent_risk_score": 32.2,
        "parent_status": "MODERADO",
        "peak_hours": "Entre 15hs e 20hs",
        "rank": 250,
        "region": "fortaleza",
        "risk_score": 37.714,
        "score": 37.714,
        "source_geometry_type": "Polygon"
      },
      "type": "Feature"
    },
    {
      "geometry": {
        "coordinates": [
          [
            [
              -38.493485,
              -3.812259
            ],
            [
              -38.493135,
              -3.813029
            ],
            [
              -38.492601,
              -3.812804
            ],
            [
              -38.492784,
              -3.812396
            ],
            [
              -38.492956,
              -3.812025
            ],
            [
              -38.493485,
              -3.812259
            ]
          ]
        ],
        "type": "Polygon"
      },
      "properties": {
        "bairro": "PARQUE IRACEMA",
        "faction": "MASSA",
        "generated_at": "2026-05-23T09:29:11.221276",
        "geometry_type": "Polygon",
        "is_centroid": false,
        "is_tactical": true,
        "local_street_pressure": 8.484,
        "municipality": "Fortaleza",
        "name": "Favelinha",
        "nearby_streets": [
          "FAVELINHA",
          "ALMEIDA REGO",
          "PARQUE IRACEMA II"
        ],
        "nearby_streets_count": 32,
        "node_id": 251,
        "parent_area": "PARQUE IRACEMA",
        "parent_risk_level": "moderado",
        "parent_risk_score": 39.2,
        "parent_status": "MODERADO",
        "peak_hours": "Entre 18hs e 23hs",
        "rank": 251,
        "region": "fortaleza",
        "risk_score": 37.675,
        "score": 37.675,
        "source_geometry_type": "Polygon"
      },
      "type": "Feature"
    },
    {
      "geometry": {
        "coordinates": [
          [
            [
              -38.605986,
              -3.775235
            ],
            [
              -38.607921,
              -3.782664
            ],
            [
              -38.600824,
              -3.784753
            ],
            [
              -38.600609,
              -3.784044
            ],
            [
              -38.599746,
              -3.78425
            ],
            [
              -38.597021,
              -3.774534
            ],
            [
              -38.597621,
              -3.774378
            ],
            [
              -38.598244,
              -3.77423
            ],
            [
              -38.598596,
              -3.774121
            ],
            [
              -38.599045,
              -3.773999
            ],
            [
              -38.59895,
              -3.773713
            ],
            [
              -38.598911,
              -3.773583
            ],
            [
              -38.598814,
              -3.773329
            ],
            [
              -38.599445,
              -3.773286
            ],
            [
              -38.599788,
              -3.773179
            ],
            [
              -38.600014,
              -3.773126
            ],
            [
              -38.600196,
              -3.773179
            ],
            [
              -38.600486,
              -3.773372
            ],
            [
              -38.601204,
              -3.77425
            ],
            [
              -38.601548,
              -3.774592
            ],
            [
              -38.601923,
              -3.77471
            ],
            [
              -38.60231,
              -3.774764
            ],
            [
              -38.605986,
              -3.775235
            ]
          ]
        ],
        "type": "Polygon"
      },
      "properties": {
        "bairro": "GRANJA PORTUGAL",
        "faction": "CV",
        "generated_at": "2026-05-23T09:29:11.221276",
        "geometry_type": "Polygon",
        "is_centroid": false,
        "is_tactical": true,
        "local_street_pressure": 8.124,
        "municipality": "Fortaleza",
        "name": "Granja Portugal",
        "nearby_streets": [
          "GRANJA PORTUGAL",
          "COMUNIDADE BRAGANÇA",
          "COMUNIDADE DO CANAL OU MELA MELA"
        ],
        "nearby_streets_count": 39,
        "node_id": 252,
        "parent_area": "GRANJA PORTUGAL",
        "parent_risk_level": "moderado",
        "parent_risk_score": 34.0,
        "parent_status": "MODERADO",
        "peak_hours": "Entre 16hs e 21hs",
        "rank": 252,
        "region": "fortaleza",
        "risk_score": 37.632,
        "score": 37.632,
        "source_geometry_type": "Polygon"
      },
      "type": "Feature"
    },
    {
      "geometry": {
        "coordinates": [
          [
            [
              -38.496629,
              -3.810791
            ],
            [
              -38.496559,
              -3.810764
            ],
            [
              -38.496537,
              -3.810829
            ],
            [
              -38.495175,
              -3.810243
            ],
            [
              -38.495322,
              -3.809884
            ],
            [
              -38.495336,
              -3.809836
            ],
            [
              -38.495472,
              -3.809493
            ],
            [
              -38.495644,
              -3.809569
            ],
            [
              -38.4958,
              -3.809648
            ],
            [
              -38.496897,
              -3.810122
            ],
            [
              -38.496629,
              -3.810791
            ]
          ]
        ],
        "type": "Polygon"
      },
      "properties": {
        "bairro": "PARQUE IRACEMA",
        "faction": "MASSA",
        "generated_at": "2026-05-23T09:29:11.221276",
        "geometry_type": "Polygon",
        "is_centroid": false,
        "is_tactical": true,
        "local_street_pressure": 8.36,
        "municipality": "Fortaleza",
        "name": "Parque Iracema II",
        "nearby_streets": [
          "PARQUE IRACEMA II",
          "AREA SEM NOME",
          "BECO DA ROCINHA"
        ],
        "nearby_streets_count": 28,
        "node_id": 253,
        "parent_area": "PARQUE IRACEMA",
        "parent_risk_level": "moderado",
        "parent_risk_score": 39.2,
        "parent_status": "MODERADO",
        "peak_hours": "Entre 18hs e 23hs",
        "rank": 253,
        "region": "fortaleza",
        "risk_score": 37.621,
        "score": 37.621,
        "source_geometry_type": "Polygon"
      },
      "type": "Feature"
    },
    {
      "geometry": {
        "coordinates": [
          [
            [
              -38.526932,
              -3.848806
            ],
            [
              -38.527238,
              -3.849175
            ],
            [
              -38.525969,
              -3.850243
            ],
            [
              -38.525635,
              -3.849869
            ],
            [
              -38.526932,
              -3.848806
            ]
          ]
        ],
        "type": "Polygon"
      },
      "properties": {
        "bairro": "CONJUNTO PALMEIRAS",
        "faction": "CV",
        "generated_at": "2026-05-23T09:29:11.221276",
        "geometry_type": "Polygon",
        "is_centroid": false,
        "is_tactical": true,
        "local_street_pressure": 10.656,
        "municipality": "Fortaleza",
        "name": "Favelinha do Palmeiras",
        "nearby_streets": [
          "FAVELINHA DO PALMEIRAS",
          "RUA DA FEIRA",
          "FAVELINHA"
        ],
        "nearby_streets_count": 33,
        "node_id": 254,
        "parent_area": "CONJUNTO PALMEIRAS",
        "parent_risk_level": "moderado",
        "parent_risk_score": 36.9,
        "parent_status": "MODERADO",
        "peak_hours": "Entre 15hs e 20hs",
        "rank": 254,
        "region": "fortaleza",
        "risk_score": 37.603,
        "score": 37.603,
        "source_geometry_type": "Polygon"
      },
      "type": "Feature"
    },
    {
      "geometry": {
        "coordinates": [
          [
            [
              -38.600584,
              -3.794674
            ],
            [
              -38.600698,
              -3.794997
            ],
            [
              -38.600674,
              -3.795291
            ],
            [
              -38.600682,
              -3.795399
            ],
            [
              -38.600748,
              -3.795687
            ],
            [
              -38.60095,
              -3.796332
            ],
            [
              -38.598011,
              -3.797271
            ],
            [
              -38.598222,
              -3.797961
            ],
            [
              -38.597637,
              -3.798128
            ],
            [
              -38.597419,
              -3.797475
            ],
            [
              -38.596065,
              -3.79789
            ],
            [
              -38.595832,
              -3.797196
            ],
            [
              -38.595157,
              -3.79742
            ],
            [
              -38.594485,
              -3.79668
            ],
            [
              -38.600584,
              -3.794674
            ]
          ]
        ],
        "type": "Polygon"
      },
      "properties": {
        "bairro": "BOM JARDIM",
        "faction": "CV",
        "generated_at": "2026-05-23T09:29:11.221276",
        "geometry_type": "Polygon",
        "is_centroid": false,
        "is_tactical": true,
        "local_street_pressure": 14.696,
        "municipality": "Fortaleza",
        "name": "Comunidade Zé do Caldo",
        "nearby_streets": [
          "COMUNIDADE ZÉ DO CALDO",
          "BECO DA SAUDADE",
          "AREA SEM NOME"
        ],
        "nearby_streets_count": 66,
        "node_id": 255,
        "parent_area": "BOM JARDIM",
        "parent_risk_level": "moderado",
        "parent_risk_score": 32.2,
        "parent_status": "MODERADO",
        "peak_hours": "Entre 15hs e 20hs",
        "rank": 255,
        "region": "fortaleza",
        "risk_score": 37.583,
        "score": 37.583,
        "source_geometry_type": "Polygon"
      },
      "type": "Feature"
    },
    {
      "geometry": {
        "coordinates": [
          [
            [
              -38.607631,
              -3.79748
            ],
            [
              -38.603395,
              -3.796827
            ],
            [
              -38.602948,
              -3.79674
            ],
            [
              -38.602869,
              -3.796466
            ],
            [
              -38.602539,
              -3.796542
            ],
            [
              -38.602406,
              -3.795169
            ],
            [
              -38.606101,
              -3.79404
            ],
            [
              -38.607243,
              -3.79616
            ],
            [
              -38.607568,
              -3.7971
            ],
            [
              -38.607631,
              -3.79748
            ]
          ]
        ],
        "type": "Polygon"
      },
      "properties": {
        "bairro": "BOM JARDIM",
        "faction": "CV",
        "generated_at": "2026-05-23T09:29:11.221276",
        "geometry_type": "Polygon",
        "is_centroid": false,
        "is_tactical": true,
        "local_street_pressure": 14.571,
        "municipality": "Fortaleza",
        "name": "Comunidade do Pantanal",
        "nearby_streets": [
          "COMUNIDADE DO PANTANAL",
          "BECO DA FUMAÇA",
          "COMUNIDADE ITU"
        ],
        "nearby_streets_count": 61,
        "node_id": 256,
        "parent_area": "BOM JARDIM",
        "parent_risk_level": "moderado",
        "parent_risk_score": 32.2,
        "parent_status": "MODERADO",
        "peak_hours": "Entre 15hs e 20hs",
        "rank": 256,
        "region": "fortaleza",
        "risk_score": 37.56,
        "score": 37.56,
        "source_geometry_type": "Polygon"
      },
      "type": "Feature"
    },
    {
      "geometry": {
        "coordinates": [
          [
            [
              -38.46963,
              -3.72321
            ],
            [
              -38.471889,
              -3.724222
            ],
            [
              -38.471483,
              -3.725112
            ],
            [
              -38.472188,
              -3.725465
            ],
            [
              -38.472166,
              -3.725522
            ],
            [
              -38.472163,
              -3.72558
            ],
            [
              -38.472184,
              -3.725784
            ],
            [
              -38.471477,
              -3.726058
            ],
            [
              -38.47166,
              -3.726548
            ],
            [
              -38.471798,
              -3.726608
            ],
            [
              -38.471403,
              -3.727473
            ],
            [
              -38.47134,
              -3.727735
            ],
            [
              -38.471083,
              -3.728306
            ],
            [
              -38.466814,
              -3.726248
            ],
            [
              -38.466882,
              -3.726051
            ],
            [
              -38.465889,
              -3.725579
            ],
            [
              -38.465954,
              -3.725449
            ],
            [
              -38.466767,
              -3.725834
            ],
            [
              -38.467097,
              -3.725128
            ],
            [
              -38.466294,
              -3.724722
            ],
            [
              -38.466377,
              -3.724568
            ],
            [
              -38.46731,
              -3.725041
            ],
            [
              -38.467586,
              -3.724564
            ],
            [
              -38.468752,
              -3.725021
            ],
            [
              -38.46963,
              -3.72321
            ]
          ]
        ],
        "type": "Polygon"
      },
      "properties": {
        "bairro": "VICENTE PINZÓN",
        "faction": "CV",
        "generated_at": "2026-05-23T09:29:11.221276",
        "geometry_type": "Polygon",
        "is_centroid": false,
        "is_tactical": true,
        "local_street_pressure": 13.289,
        "municipality": "Complexo Do Vicente Pizon",
        "name": "Conj. São Pedro - Complexo Do Vicente Pizon",
        "nearby_streets": [
          "CONJ. SÃO PEDRO - COMPLEXO DO VICENTE PIZON",
          "PROAFA - COMPLEXO DO VICENTE PIZON",
          "RUA JOSIAS PAULO DE SOUSA"
        ],
        "nearby_streets_count": 29,
        "node_id": 257,
        "parent_area": "VICENTE PINZÓN",
        "parent_risk_level": "moderado",
        "parent_risk_score": 33.2,
        "parent_status": "MODERADO",
        "peak_hours": "Entre 21hs e 02hs",
        "rank": 257,
        "region": "fortaleza",
        "risk_score": 37.557,
        "score": 37.557,
        "source_geometry_type": "Polygon"
      },
      "type": "Feature"
    },
    {
      "geometry": {
        "coordinates": [
          [
            [
              -38.526795,
              -3.837222
            ],
            [
              -38.52965,
              -3.834678
            ],
            [
              -38.529935,
              -3.834943
            ],
            [
              -38.529668,
              -3.835316
            ],
            [
              -38.530682,
              -3.836191
            ],
            [
              -38.530837,
              -3.835982
            ],
            [
              -38.530989,
              -3.836074
            ],
            [
              -38.53092,
              -3.836255
            ],
            [
              -38.531466,
              -3.8368
            ],
            [
              -38.531726,
              -3.83661
            ],
            [
              -38.531895,
              -3.836835
            ],
            [
              -38.531747,
              -3.836914
            ],
            [
              -38.531951,
              -3.83727
            ],
            [
              -38.532818,
              -3.838252
            ],
            [
              -38.528362,
              -3.841992
            ],
            [
              -38.527569,
              -3.841111
            ],
            [
              -38.526348,
              -3.839733
            ],
            [
              -38.525402,
              -3.838668
            ],
            [
              -38.526795,
              -3.837222
            ]
          ]
        ],
        "type": "Polygon"
      },
      "properties": {
        "bairro": "CONJUNTO PALMEIRAS",
        "faction": "CV",
        "generated_at": "2026-05-23T09:29:11.221276",
        "geometry_type": "Polygon",
        "is_centroid": false,
        "is_tactical": true,
        "local_street_pressure": 8.785,
        "municipality": "Fortaleza",
        "name": "Palmeiras 2",
        "nearby_streets": [
          "PALMEIRAS 2",
          "SORRISO - SÃO CRISTÓVÃO",
          "RUA OLÁVO BILAC"
        ],
        "nearby_streets_count": 39,
        "node_id": 258,
        "parent_area": "CONJUNTO PALMEIRAS",
        "parent_risk_level": "moderado",
        "parent_risk_score": 36.9,
        "parent_status": "MODERADO",
        "peak_hours": "Entre 15hs e 20hs",
        "rank": 258,
        "region": "fortaleza",
        "risk_score": 37.522,
        "score": 37.522,
        "source_geometry_type": "Polygon"
      },
      "type": "Feature"
    },
    {
      "geometry": {
        "coordinates": [
          [
            [
              -38.605492,
              -3.794173
            ],
            [
              -38.604455,
              -3.794483
            ],
            [
              -38.604316,
              -3.794015
            ],
            [
              -38.604604,
              -3.793862
            ],
            [
              -38.60458,
              -3.793797
            ],
            [
              -38.604764,
              -3.793728
            ],
            [
              -38.604806,
              -3.793658
            ],
            [
              -38.60489,
              -3.793588
            ],
            [
              -38.605034,
              -3.793578
            ],
            [
              -38.605049,
              -3.793627
            ],
            [
              -38.605185,
              -3.79363
            ],
            [
              -38.605198,
              -3.793649
            ],
            [
              -38.605345,
              -3.793626
            ],
            [
              -38.605492,
              -3.794173
            ]
          ]
        ],
        "type": "Polygon"
      },
      "properties": {
        "bairro": "BOM JARDIM",
        "faction": "CV",
        "generated_at": "2026-05-23T09:29:11.221276",
        "geometry_type": "Polygon",
        "is_centroid": false,
        "is_tactical": true,
        "local_street_pressure": 15.168,
        "municipality": "Fortaleza",
        "name": "Beco da Fumaça",
        "nearby_streets": [
          "BECO DA FUMAÇA",
          "COMUNIDADE ITU",
          "COMUNIDADE DO PANTANAL"
        ],
        "nearby_streets_count": 59,
        "node_id": 259,
        "parent_area": "BOM JARDIM",
        "parent_risk_level": "moderado",
        "parent_risk_score": 32.2,
        "parent_status": "MODERADO",
        "peak_hours": "Entre 15hs e 20hs",
        "rank": 259,
        "region": "fortaleza",
        "risk_score": 37.469,
        "score": 37.469,
        "source_geometry_type": "Polygon"
      },
      "type": "Feature"
    },
    {
      "geometry": {
        "coordinates": [
          [
            [
              -38.51933,
              -3.850515
            ],
            [
              -38.521032,
              -3.849802
            ],
            [
              -38.521293,
              -3.850603
            ],
            [
              -38.521455,
              -3.851242
            ],
            [
              -38.521759,
              -3.852333
            ],
            [
              -38.522047,
              -3.853481
            ],
            [
              -38.52211,
              -3.853694
            ],
            [
              -38.522317,
              -3.854295
            ],
            [
              -38.522537,
              -3.854938
            ],
            [
              -38.522663,
              -3.855401
            ],
            [
              -38.521808,
              -3.855843
            ],
            [
              -38.521481,
              -3.854811
            ],
            [
              -38.521075,
              -3.854922
            ],
            [
              -38.51933,
              -3.850515
            ]
          ]
        ],
        "type": "Polygon"
      },
      "properties": {
        "bairro": "CONJUNTO PALMEIRAS",
        "faction": "CV",
        "generated_at": "2026-05-23T09:29:11.221276",
        "geometry_type": "Polygon",
        "is_centroid": false,
        "is_tactical": true,
        "local_street_pressure": 9.882,
        "municipality": "Fortaleza",
        "name": "Jagatá",
        "nearby_streets": [
          "JAGATÁ",
          "FAVELINHA",
          "RUA CODÓ"
        ],
        "nearby_streets_count": 35,
        "node_id": 260,
        "parent_area": "CONJUNTO PALMEIRAS",
        "parent_risk_level": "moderado",
        "parent_risk_score": 36.9,
        "parent_status": "MODERADO",
        "peak_hours": "Entre 15hs e 20hs",
        "rank": 260,
        "region": "fortaleza",
        "risk_score": 37.429,
        "score": 37.429,
        "source_geometry_type": "Polygon"
      },
      "type": "Feature"
    },
    {
      "geometry": {
        "coordinates": [
          [
            [
              -38.502685,
              -3.857572
            ],
            [
              -38.503677,
              -3.857326
            ],
            [
              -38.504117,
              -3.8572
            ],
            [
              -38.504407,
              -3.857118
            ],
            [
              -38.504809,
              -3.856877
            ],
            [
              -38.504875,
              -3.85698
            ],
            [
              -38.505251,
              -3.857397
            ],
            [
              -38.506078,
              -3.858318
            ],
            [
              -38.50511,
              -3.859197
            ],
            [
              -38.504231,
              -3.860019
            ],
            [
              -38.503378,
              -3.859005
            ],
            [
              -38.502838,
              -3.859465
            ],
            [
              -38.502676,
              -3.859282
            ],
            [
              -38.502811,
              -3.859164
            ],
            [
              -38.502621,
              -3.858937
            ],
            [
              -38.50284,
              -3.858728
            ],
            [
              -38.5028,
              -3.858505
            ],
            [
              -38.502685,
              -3.857572
            ]
          ]
        ],
        "type": "Polygon"
      },
      "properties": {
        "bairro": "ANCURI",
        "faction": "CV",
        "generated_at": "2026-05-23T09:29:11.221276",
        "geometry_type": "Polygon",
        "is_centroid": false,
        "is_tactical": true,
        "local_street_pressure": 10.911,
        "municipality": "Fortaleza",
        "name": "Conjunto Vitória",
        "nearby_streets": [
          "CONJUNTO VITÓRIA",
          "AREA SEM NOME",
          "RUA HONORINO MAIA"
        ],
        "nearby_streets_count": 43,
        "node_id": 261,
        "parent_area": "ANCURI",
        "parent_risk_level": "moderado",
        "parent_risk_score": 36.0,
        "parent_status": "MODERADO",
        "peak_hours": "Entre 18hs e 23hs",
        "rank": 261,
        "region": "fortaleza",
        "risk_score": 37.404,
        "score": 37.404,
        "source_geometry_type": "Polygon"
      },
      "type": "Feature"
    },
    {
      "geometry": {
        "coordinates": [
          [
            [
              -38.606506,
              -3.788086
            ],
            [
              -38.600788,
              -3.789948
            ],
            [
              -38.599735,
              -3.786566
            ],
            [
              -38.601106,
              -3.786114
            ],
            [
              -38.601339,
              -3.786792
            ],
            [
              -38.604274,
              -3.785829
            ],
            [
              -38.604478,
              -3.786502
            ],
            [
              -38.605902,
              -3.786052
            ],
            [
              -38.605723,
              -3.785396
            ],
            [
              -38.607405,
              -3.784876
            ],
            [
              -38.608059,
              -3.786804
            ],
            [
              -38.607615,
              -3.786925
            ],
            [
              -38.607136,
              -3.787286
            ],
            [
              -38.606478,
              -3.787905
            ],
            [
              -38.606506,
              -3.788086
            ]
          ]
        ],
        "type": "Polygon"
      },
      "properties": {
        "bairro": "GRANJA PORTUGAL",
        "faction": "CV",
        "generated_at": "2026-05-23T09:29:11.221276",
        "geometry_type": "Polygon",
        "is_centroid": false,
        "is_tactical": true,
        "local_street_pressure": 11.73,
        "municipality": "Fortaleza",
        "name": "Comunidade da Jamaica",
        "nearby_streets": [
          "RUA JOÃO XXIII",
          "COMUNIDADE DA JAMAICA",
          "COMUNIDADE DO PAREDÃO"
        ],
        "nearby_streets_count": 49,
        "node_id": 262,
        "parent_area": "GRANJA PORTUGAL",
        "parent_risk_level": "moderado",
        "parent_risk_score": 34.0,
        "parent_status": "MODERADO",
        "peak_hours": "Entre 16hs e 21hs",
        "rank": 262,
        "region": "fortaleza",
        "risk_score": 37.285,
        "score": 37.285,
        "source_geometry_type": "Polygon"
      },
      "type": "Feature"
    },
    {
      "geometry": {
        "coordinates": [
          [
            [
              -38.597785,
              -3.785662
            ],
            [
              -38.598631,
              -3.788357
            ],
            [
              -38.596998,
              -3.788873
            ],
            [
              -38.596238,
              -3.786138
            ],
            [
              -38.597785,
              -3.785662
            ]
          ]
        ],
        "type": "Polygon"
      },
      "properties": {
        "bairro": "GRANJA PORTUGAL",
        "faction": "CV",
        "generated_at": "2026-05-23T09:29:11.221276",
        "geometry_type": "Polygon",
        "is_centroid": false,
        "is_tactical": true,
        "local_street_pressure": 12.834,
        "municipality": "Fortaleza",
        "name": "Comunidade do Quintal",
        "nearby_streets": [
          "COMUNIDADE DO QUINTAL",
          "COMUNIDADE DA BALSA",
          "AREA SEM NOME"
        ],
        "nearby_streets_count": 51,
        "node_id": 263,
        "parent_area": "GRANJA PORTUGAL",
        "parent_risk_level": "moderado",
        "parent_risk_score": 34.0,
        "parent_status": "MODERADO",
        "peak_hours": "Entre 16hs e 21hs",
        "rank": 263,
        "region": "fortaleza",
        "risk_score": 37.278,
        "score": 37.278,
        "source_geometry_type": "Polygon"
      },
      "type": "Feature"
    },
    {
      "geometry": {
        "coordinates": [
          [
            [
              -38.594652,
              -3.78501
            ],
            [
              -38.597463,
              -3.784207
            ],
            [
              -38.597561,
              -3.784888
            ],
            [
              -38.597777,
              -3.785595
            ],
            [
              -38.595036,
              -3.786451
            ],
            [
              -38.594584,
              -3.786612
            ],
            [
              -38.592637,
              -3.787222
            ],
            [
              -38.592409,
              -3.787335
            ],
            [
              -38.592063,
              -3.787544
            ],
            [
              -38.591993,
              -3.787715
            ],
            [
              -38.591843,
              -3.787846
            ],
            [
              -38.591516,
              -3.788031
            ],
            [
              -38.591424,
              -3.787908
            ],
            [
              -38.591358,
              -3.7878
            ],
            [
              -38.591234,
              -3.787742
            ],
            [
              -38.591392,
              -3.787481
            ],
            [
              -38.591778,
              -3.787395
            ],
            [
              -38.591757,
              -3.787099
            ],
            [
              -38.591986,
              -3.786964
            ],
            [
              -38.591603,
              -3.786881
            ],
            [
              -38.591657,
              -3.786696
            ],
            [
              -38.591814,
              -3.786689
            ],
            [
              -38.591845,
              -3.78675
            ],
            [
              -38.591938,
              -3.786782
            ],
            [
              -38.592077,
              -3.786729
            ],
            [
              -38.592051,
              -3.786649
            ],
            [
              -38.592164,
              -3.786566
            ],
            [
              -38.592228,
              -3.786551
            ],
            [
              -38.592291,
              -3.786649
            ],
            [
              -38.592342,
              -3.786577
            ],
            [
              -38.592549,
              -3.786423
            ],
            [
              -38.593056,
              -3.786246
            ],
            [
              -38.592963,
              -3.785902
            ],
            [
              -38.593727,
              -3.785743
            ],
            [
              -38.594071,
              -3.78565
            ],
            [
              -38.5944,
              -3.785714
            ],
            [
              -38.594382,
              -3.785443
            ],
            [
              -38.594003,
              -3.785415
            ],
            [
              -38.593698,
              -3.785315
            ],
            [
              -38.594652,
              -3.78501
            ]
          ]
        ],
        "type": "Polygon"
      },
      "properties": {
        "bairro": "GRANJA PORTUGAL",
        "faction": "CV",
        "generated_at": "2026-05-23T09:29:11.221276",
        "geometry_type": "Polygon",
        "is_centroid": false,
        "is_tactical": true,
        "local_street_pressure": 12.587,
        "municipality": "Fortaleza",
        "name": "Comunidade da Balsa",
        "nearby_streets": [
          "COMUNIDADE DA BALSA",
          "COMUNIDADE DA LUMINOSA",
          "FAVELA BEIRA RIO"
        ],
        "nearby_streets_count": 51,
        "node_id": 264,
        "parent_area": "GRANJA PORTUGAL",
        "parent_risk_level": "moderado",
        "parent_risk_score": 34.0,
        "parent_status": "MODERADO",
        "peak_hours": "Entre 16hs e 21hs",
        "rank": 264,
        "region": "fortaleza",
        "risk_score": 37.257,
        "score": 37.257,
        "source_geometry_type": "Polygon"
      },
      "type": "Feature"
    },
    {
      "geometry": {
        "coordinates": [
          [
            [
              -38.599794,
              -3.79749
            ],
            [
              -38.599385,
              -3.797618
            ],
            [
              -38.599161,
              -3.796928
            ],
            [
              -38.599497,
              -3.796823
            ],
            [
              -38.599562,
              -3.796961
            ],
            [
              -38.599538,
              -3.796974
            ],
            [
              -38.59969,
              -3.79723
            ],
            [
              -38.599652,
              -3.797246
            ],
            [
              -38.599794,
              -3.79749
            ]
          ]
        ],
        "type": "Polygon"
      },
      "properties": {
        "bairro": "BOM JARDIM",
        "faction": "CV",
        "generated_at": "2026-05-23T09:29:11.221276",
        "geometry_type": "Polygon",
        "is_centroid": false,
        "is_tactical": true,
        "local_street_pressure": 14.891,
        "municipality": "Fortaleza",
        "name": "Beco da Saudade",
        "nearby_streets": [
          "BECO DA SAUDADE",
          "COMUNIDADE ZÉ DO CALDO",
          "AREA SEM NOME"
        ],
        "nearby_streets_count": 66,
        "node_id": 265,
        "parent_area": "BOM JARDIM",
        "parent_risk_level": "moderado",
        "parent_risk_score": 32.2,
        "parent_status": "MODERADO",
        "peak_hours": "Entre 15hs e 20hs",
        "rank": 265,
        "region": "fortaleza",
        "risk_score": 37.25,
        "score": 37.25,
        "source_geometry_type": "Polygon"
      },
      "type": "Feature"
    },
    {
      "geometry": {
        "coordinates": [
          [
            [
              -38.526154,
              -3.851385
            ],
            [
              -38.525952,
              -3.851578
            ],
            [
              -38.525577,
              -3.851893
            ],
            [
              -38.525469,
              -3.851956
            ],
            [
              -38.525244,
              -3.852167
            ],
            [
              -38.525125,
              -3.852195
            ],
            [
              -38.524542,
              -3.852674
            ],
            [
              -38.524212,
              -3.853
            ],
            [
              -38.523941,
              -3.853205
            ],
            [
              -38.523886,
              -3.853124
            ],
            [
              -38.524132,
              -3.852897
            ],
            [
              -38.525101,
              -3.852069
            ],
            [
              -38.524867,
              -3.851747
            ],
            [
              -38.524957,
              -3.851654
            ],
            [
              -38.52496,
              -3.8516
            ],
            [
              -38.525732,
              -3.85091
            ],
            [
              -38.525901,
              -3.851114
            ],
            [
              -38.525979,
              -3.851186
            ],
            [
              -38.526154,
              -3.851385
            ]
          ]
        ],
        "type": "Polygon"
      },
      "properties": {
        "bairro": "CONJUNTO PALMEIRAS",
        "faction": "CV",
        "generated_at": "2026-05-23T09:29:11.221276",
        "geometry_type": "Polygon",
        "is_centroid": false,
        "is_tactical": true,
        "local_street_pressure": 10.128,
        "municipality": "Fortaleza",
        "name": "Favelinha",
        "nearby_streets": [
          "FAVELINHA",
          "LOTEAMENTO",
          "FAVELINHA DO PALMEIRAS"
        ],
        "nearby_streets_count": 33,
        "node_id": 266,
        "parent_area": "CONJUNTO PALMEIRAS",
        "parent_risk_level": "moderado",
        "parent_risk_score": 36.9,
        "parent_status": "MODERADO",
        "peak_hours": "Entre 15hs e 20hs",
        "rank": 266,
        "region": "fortaleza",
        "risk_score": 37.227,
        "score": 37.227,
        "source_geometry_type": "Polygon"
      },
      "type": "Feature"
    },
    {
      "geometry": {
        "coordinates": [
          [
            [
              -38.463378,
              -3.720831
            ],
            [
              -38.463617,
              -3.720951
            ],
            [
              -38.463643,
              -3.720904
            ],
            [
              -38.463734,
              -3.720944
            ],
            [
              -38.463621,
              -3.721169
            ],
            [
              -38.464123,
              -3.721409
            ],
            [
              -38.463965,
              -3.721716
            ],
            [
              -38.463742,
              -3.721616
            ],
            [
              -38.463699,
              -3.721709
            ],
            [
              -38.463421,
              -3.721551
            ],
            [
              -38.463469,
              -3.721461
            ],
            [
              -38.463308,
              -3.721377
            ],
            [
              -38.463333,
              -3.721326
            ],
            [
              -38.463183,
              -3.721256
            ],
            [
              -38.463212,
              -3.721194
            ],
            [
              -38.463175,
              -3.721174
            ],
            [
              -38.463204,
              -3.721118
            ],
            [
              -38.463188,
              -3.72111
            ],
            [
              -38.463204,
              -3.721077
            ],
            [
              -38.463216,
              -3.721084
            ],
            [
              -38.463253,
              -3.72102
            ],
            [
              -38.46327,
              -3.721027
            ],
            [
              -38.463378,
              -3.720831
            ]
          ]
        ],
        "type": "Polygon"
      },
      "properties": {
        "bairro": "VICENTE PINZÓN",
        "faction": "CV",
        "generated_at": "2026-05-23T09:29:11.221276",
        "geometry_type": "Polygon",
        "is_centroid": false,
        "is_tactical": true,
        "local_street_pressure": 13.742,
        "municipality": "Fortaleza",
        "name": "Beco Da Pf",
        "nearby_streets": [
          "BECO DA PF",
          "COMUNIDADE DA SARDINHA",
          "COMUNIDADE DSV"
        ],
        "nearby_streets_count": 48,
        "node_id": 267,
        "parent_area": "VICENTE PINZÓN",
        "parent_risk_level": "moderado",
        "parent_risk_score": 33.2,
        "parent_status": "MODERADO",
        "peak_hours": "Entre 21hs e 02hs",
        "rank": 267,
        "region": "fortaleza",
        "risk_score": 37.148,
        "score": 37.148,
        "source_geometry_type": "Polygon"
      },
      "type": "Feature"
    },
    {
      "geometry": {
        "coordinates": [
          [
            [
              -38.596182,
              -3.7861
            ],
            [
              -38.596824,
              -3.788168
            ],
            [
              -38.591929,
              -3.78967
            ],
            [
              -38.591293,
              -3.789856
            ],
            [
              -38.591268,
              -3.789754
            ],
            [
              -38.591423,
              -3.789577
            ],
            [
              -38.591428,
              -3.789411
            ],
            [
              -38.591315,
              -3.789053
            ],
            [
              -38.591244,
              -3.78894
            ],
            [
              -38.591294,
              -3.78875
            ],
            [
              -38.591338,
              -3.788603
            ],
            [
              -38.59135,
              -3.788446
            ],
            [
              -38.591237,
              -3.788136
            ],
            [
              -38.591258,
              -3.788063
            ],
            [
              -38.591392,
              -3.787958
            ],
            [
              -38.591494,
              -3.788036
            ],
            [
              -38.591934,
              -3.7878
            ],
            [
              -38.592003,
              -3.787734
            ],
            [
              -38.592083,
              -3.787533
            ],
            [
              -38.592409,
              -3.787335
            ],
            [
              -38.592594,
              -3.787228
            ],
            [
              -38.594584,
              -3.786612
            ],
            [
              -38.595036,
              -3.786451
            ],
            [
              -38.596182,
              -3.7861
            ]
          ]
        ],
        "type": "Polygon"
      },
      "properties": {
        "bairro": "GRANJA PORTUGAL",
        "faction": "CV",
        "generated_at": "2026-05-23T09:29:11.221276",
        "geometry_type": "Polygon",
        "is_centroid": false,
        "is_tactical": true,
        "local_street_pressure": 12.188,
        "municipality": "Fortaleza",
        "name": "Comunidade da Luminosa",
        "nearby_streets": [
          "COMUNIDADE DA LUMINOSA",
          "COMUNIDADE DA BALSA",
          "FAVELA BEIRA RIO"
        ],
        "nearby_streets_count": 53,
        "node_id": 268,
        "parent_area": "GRANJA PORTUGAL",
        "parent_risk_level": "moderado",
        "parent_risk_score": 34.0,
        "parent_status": "MODERADO",
        "peak_hours": "Entre 16hs e 21hs",
        "rank": 268,
        "region": "fortaleza",
        "risk_score": 37.135,
        "score": 37.135,
        "source_geometry_type": "Polygon"
      },
      "type": "Feature"
    },
    {
      "geometry": {
        "coordinates": [
          [
            [
              -38.467535,
              -3.722159
            ],
            [
              -38.469598,
              -3.723178
            ],
            [
              -38.468752,
              -3.725021
            ],
            [
              -38.467583,
              -3.724517
            ],
            [
              -38.46731,
              -3.725041
            ],
            [
              -38.466377,
              -3.724568
            ],
            [
              -38.467535,
              -3.722159
            ]
          ]
        ],
        "type": "Polygon"
      },
      "properties": {
        "bairro": "VICENTE PINZÓN",
        "faction": "CV",
        "generated_at": "2026-05-23T09:29:11.221276",
        "geometry_type": "Polygon",
        "is_centroid": false,
        "is_tactical": true,
        "local_street_pressure": 13.334,
        "municipality": "Complexo Do Vicente Pizon",
        "name": "Proafa - Complexo Do Vicente Pizon",
        "nearby_streets": [
          "PROAFA - COMPLEXO DO VICENTE PIZON",
          "FUTURAMA",
          "MARROCOS"
        ],
        "nearby_streets_count": 31,
        "node_id": 269,
        "parent_area": "VICENTE PINZÓN",
        "parent_risk_level": "moderado",
        "parent_risk_score": 33.2,
        "parent_status": "MODERADO",
        "peak_hours": "Entre 21hs e 02hs",
        "rank": 269,
        "region": "fortaleza",
        "risk_score": 37.098,
        "score": 37.098,
        "source_geometry_type": "Polygon"
      },
      "type": "Feature"
    },
    {
      "geometry": {
        "coordinates": [
          [
            [
              -38.495649,
              -3.807495
            ],
            [
              -38.496137,
              -3.807702
            ],
            [
              -38.496462,
              -3.807842
            ],
            [
              -38.496521,
              -3.80788
            ],
            [
              -38.496614,
              -3.80793
            ],
            [
              -38.496599,
              -3.808016
            ],
            [
              -38.496571,
              -3.808086
            ],
            [
              -38.496536,
              -3.808091
            ],
            [
              -38.496529,
              -3.808101
            ],
            [
              -38.496464,
              -3.808077
            ],
            [
              -38.496485,
              -3.807996
            ],
            [
              -38.495601,
              -3.807603
            ],
            [
              -38.495649,
              -3.807495
            ]
          ]
        ],
        "type": "Polygon"
      },
      "properties": {
        "bairro": "PARQUE IRACEMA",
        "faction": "MASSA",
        "generated_at": "2026-05-23T09:29:11.221276",
        "geometry_type": "Polygon",
        "is_centroid": false,
        "is_tactical": true,
        "local_street_pressure": 7.698,
        "municipality": "Fortaleza",
        "name": "Beco da Rocinha",
        "nearby_streets": [
          "BECO DA ROCINHA",
          "RUA EVARISTO DA VEIGA",
          "AREA SEM NOME"
        ],
        "nearby_streets_count": 26,
        "node_id": 270,
        "parent_area": "PARQUE IRACEMA",
        "parent_risk_level": "moderado",
        "parent_risk_score": 39.2,
        "parent_status": "MODERADO",
        "peak_hours": "Entre 18hs e 23hs",
        "rank": 270,
        "region": "fortaleza",
        "risk_score": 37.089,
        "score": 37.089,
        "source_geometry_type": "Polygon"
      },
      "type": "Feature"
    },
    {
      "geometry": {
        "coordinates": [
          [
            [
              -38.606826,
              -3.783088
            ],
            [
              -38.607192,
              -3.784116
            ],
            [
              -38.607378,
              -3.784786
            ],
            [
              -38.605708,
              -3.785319
            ],
            [
              -38.605529,
              -3.784865
            ],
            [
              -38.604917,
              -3.785015
            ],
            [
              -38.604778,
              -3.785101
            ],
            [
              -38.604477,
              -3.785176
            ],
            [
              -38.604091,
              -3.785261
            ],
            [
              -38.604274,
              -3.785829
            ],
            [
              -38.60275,
              -3.786289
            ],
            [
              -38.601908,
              -3.786551
            ],
            [
              -38.601696,
              -3.785885
            ],
            [
              -38.601613,
              -3.785936
            ],
            [
              -38.601441,
              -3.7854
            ],
            [
              -38.601151,
              -3.785433
            ],
            [
              -38.600883,
              -3.785443
            ],
            [
              -38.601063,
              -3.786097
            ],
            [
              -38.599721,
              -3.786479
            ],
            [
              -38.599075,
              -3.784458
            ],
            [
              -38.600609,
              -3.784044
            ],
            [
              -38.600824,
              -3.784753
            ],
            [
              -38.606826,
              -3.783088
            ]
          ]
        ],
        "type": "Polygon"
      },
      "properties": {
        "bairro": "GRANJA PORTUGAL",
        "faction": "CV",
        "generated_at": "2026-05-23T09:29:11.221276",
        "geometry_type": "Polygon",
        "is_centroid": false,
        "is_tactical": true,
        "local_street_pressure": 11.918,
        "municipality": "Fortaleza",
        "name": "Comunidade do Paredão",
        "nearby_streets": [
          "COMUNIDADE DO PAREDÃO",
          "COMUNIDADE DA JAMAICA",
          "RUA JOÃO XXIII"
        ],
        "nearby_streets_count": 50,
        "node_id": 271,
        "parent_area": "GRANJA PORTUGAL",
        "parent_risk_level": "moderado",
        "parent_risk_score": 34.0,
        "parent_status": "MODERADO",
        "peak_hours": "Entre 16hs e 21hs",
        "rank": 271,
        "region": "fortaleza",
        "risk_score": 37.064,
        "score": 37.064,
        "source_geometry_type": "Polygon"
      },
      "type": "Feature"
    },
    {
      "geometry": {
        "coordinates": [
          [
            [
              -38.602894,
              -3.791652
            ],
            [
              -38.604287,
              -3.79119
            ],
            [
              -38.604462,
              -3.79184
            ],
            [
              -38.603092,
              -3.792282
            ],
            [
              -38.602894,
              -3.791652
            ]
          ]
        ],
        "type": "Polygon"
      },
      "properties": {
        "bairro": "BOM JARDIM",
        "faction": "CV",
        "generated_at": "2026-05-23T09:29:11.221276",
        "geometry_type": "Polygon",
        "is_centroid": false,
        "is_tactical": true,
        "local_street_pressure": 14.504,
        "municipality": "Fortaleza",
        "name": "Beco Da Raposa",
        "nearby_streets": [
          "BECO DA RAPOSA",
          "BOM JARDIM",
          "COMUNIDADE ITU"
        ],
        "nearby_streets_count": 55,
        "node_id": 272,
        "parent_area": "BOM JARDIM",
        "parent_risk_level": "moderado",
        "parent_risk_score": 32.2,
        "parent_status": "MODERADO",
        "peak_hours": "Entre 15hs e 20hs",
        "rank": 272,
        "region": "fortaleza",
        "risk_score": 37.005,
        "score": 37.005,
        "source_geometry_type": "Polygon"
      },
      "type": "Feature"
    },
    {
      "geometry": {
        "coordinates": [
          [
            [
              -38.470518,
              -3.729393
            ],
            [
              -38.470463,
              -3.729539
            ],
            [
              -38.470511,
              -3.729672
            ],
            [
              -38.469968,
              -3.730783
            ],
            [
              -38.469364,
              -3.730522
            ],
            [
              -38.468487,
              -3.730185
            ],
            [
              -38.468323,
              -3.730362
            ],
            [
              -38.467446,
              -3.72995
            ],
            [
              -38.467675,
              -3.729465
            ],
            [
              -38.468693,
              -3.729931
            ],
            [
              -38.468784,
              -3.729784
            ],
            [
              -38.4688,
              -3.729529
            ],
            [
              -38.46883,
              -3.729449
            ],
            [
              -38.468861,
              -3.729329
            ],
            [
              -38.46894,
              -3.729315
            ],
            [
              -38.469011,
              -3.729594
            ],
            [
              -38.47036,
              -3.729353
            ],
            [
              -38.470518,
              -3.729393
            ]
          ]
        ],
        "type": "Polygon"
      },
      "properties": {
        "bairro": "VICENTE PINZÓN",
        "faction": "CV",
        "generated_at": "2026-05-23T09:29:11.221276",
        "geometry_type": "Polygon",
        "is_centroid": false,
        "is_tactical": true,
        "local_street_pressure": 13.39,
        "municipality": "(Complexo do Vincent Pizon)",
        "name": "Comunidade do Muro Alto - (Complexo do Vincent Pizon)",
        "nearby_streets": [
          "COMUNIDADE DO MURO ALTO - (COMPLEXO DO VINCENT PIZON)",
          "CDD - CIDADE DOS DOIDOS",
          "COMUNIDADE JOANA D'ARC (COMPLEXO DO VICENTE PINZON)"
        ],
        "nearby_streets_count": 27,
        "node_id": 273,
        "parent_area": "VICENTE PINZÓN",
        "parent_risk_level": "moderado",
        "parent_risk_score": 33.2,
        "parent_status": "MODERADO",
        "peak_hours": "Entre 21hs e 02hs",
        "rank": 273,
        "region": "fortaleza",
        "risk_score": 36.987,
        "score": 36.987,
        "source_geometry_type": "Polygon"
      },
      "type": "Feature"
    },
    {
      "geometry": {
        "coordinates": [
          [
            [
              -38.467212,
              -3.822448
            ],
            [
              -38.46689,
              -3.823588
            ],
            [
              -38.465598,
              -3.823546
            ],
            [
              -38.465469,
              -3.823564
            ],
            [
              -38.464734,
              -3.823321
            ],
            [
              -38.465343,
              -3.821862
            ],
            [
              -38.465997,
              -3.821734
            ],
            [
              -38.466311,
              -3.821667
            ],
            [
              -38.466398,
              -3.821644
            ],
            [
              -38.466464,
              -3.821577
            ],
            [
              -38.466559,
              -3.821445
            ],
            [
              -38.46656,
              -3.821255
            ],
            [
              -38.466748,
              -3.821239
            ],
            [
              -38.466916,
              -3.821263
            ],
            [
              -38.467062,
              -3.821292
            ],
            [
              -38.467212,
              -3.822448
            ]
          ]
        ],
        "type": "Polygon"
      },
      "properties": {
        "bairro": "LAGOA REDONDA",
        "faction": "CV",
        "generated_at": "2026-05-23T09:29:11.221276",
        "geometry_type": "Polygon",
        "is_centroid": false,
        "is_tactical": true,
        "local_street_pressure": 13.159,
        "municipality": "Fortaleza",
        "name": "Favela Do Abc",
        "nearby_streets": [
          "FAVELA DO ABC",
          "RUA SANTA ISABEL",
          "RUA PAULO DE TASSO RAMOS"
        ],
        "nearby_streets_count": 51,
        "node_id": 274,
        "parent_area": "LAGOA REDONDA",
        "parent_risk_level": "moderado",
        "parent_risk_score": 33.2,
        "parent_status": "MODERADO",
        "peak_hours": "Entre 17hs e 22hs",
        "rank": 274,
        "region": "fortaleza",
        "risk_score": 36.9,
        "score": 36.9,
        "source_geometry_type": "Polygon"
      },
      "type": "Feature"
    },
    {
      "geometry": {
        "coordinates": [
          [
            [
              -38.47261,
              -3.724605
            ],
            [
              -38.474342,
              -3.725447
            ],
            [
              -38.474307,
              -3.725557
            ],
            [
              -38.474231,
              -3.725562
            ],
            [
              -38.472964,
              -3.728104
            ],
            [
              -38.472857,
              -3.728165
            ],
            [
              -38.471747,
              -3.728533
            ],
            [
              -38.471404,
              -3.727554
            ],
            [
              -38.471403,
              -3.727473
            ],
            [
              -38.471798,
              -3.726608
            ],
            [
              -38.47166,
              -3.726548
            ],
            [
              -38.47165,
              -3.726517
            ],
            [
              -38.472502,
              -3.726198
            ],
            [
              -38.472318,
              -3.725724
            ],
            [
              -38.472184,
              -3.725784
            ],
            [
              -38.472163,
              -3.72558
            ],
            [
              -38.472166,
              -3.725522
            ],
            [
              -38.472188,
              -3.725465
            ],
            [
              -38.47261,
              -3.724605
            ]
          ]
        ],
        "type": "Polygon"
      },
      "properties": {
        "bairro": "VICENTE PINZÓN",
        "faction": "CV",
        "generated_at": "2026-05-23T09:29:11.221276",
        "geometry_type": "Polygon",
        "is_centroid": false,
        "is_tactical": true,
        "local_street_pressure": 12.971,
        "municipality": "Complexo Do Vicente Pizon",
        "name": "Morro Do Farol - Complexo Do Vicente Pizon",
        "nearby_streets": [
          "MORRO DO FAROL - COMPLEXO DO VICENTE PIZON",
          "BURACO (COMPLEXO DO VICENTE PINZON)",
          "ALTO DA PAZ (COMPLEXO DO VICENTE PINZON)"
        ],
        "nearby_streets_count": 31,
        "node_id": 275,
        "parent_area": "VICENTE PINZÓN",
        "parent_risk_level": "moderado",
        "parent_risk_score": 33.2,
        "parent_status": "MODERADO",
        "peak_hours": "Entre 21hs e 02hs",
        "rank": 275,
        "region": "fortaleza",
        "risk_score": 36.863,
        "score": 36.863,
        "source_geometry_type": "Polygon"
      },
      "type": "Feature"
    },
    {
      "geometry": {
        "coordinates": [
          [
            [
              -38.597954,
              -3.777948
            ],
            [
              -38.599746,
              -3.78425
            ],
            [
              -38.597661,
              -3.78487
            ],
            [
              -38.596022,
              -3.77854
            ],
            [
              -38.597954,
              -3.777948
            ]
          ]
        ],
        "type": "Polygon"
      },
      "properties": {
        "bairro": "GRANJA PORTUGAL",
        "faction": "CV",
        "generated_at": "2026-05-23T09:29:11.221276",
        "geometry_type": "Polygon",
        "is_centroid": false,
        "is_tactical": true,
        "local_street_pressure": 11.632,
        "municipality": "Fortaleza",
        "name": "Comunidade do Canal ou Mela Mela",
        "nearby_streets": [
          "COMUNIDADE DO CANAL OU MELA MELA",
          "RUA LONDRINA",
          "FAVELA DA CAVERNINHA"
        ],
        "nearby_streets_count": 49,
        "node_id": 276,
        "parent_area": "GRANJA PORTUGAL",
        "parent_risk_level": "moderado",
        "parent_risk_score": 34.0,
        "parent_status": "MODERADO",
        "peak_hours": "Entre 16hs e 21hs",
        "rank": 276,
        "region": "fortaleza",
        "risk_score": 36.851,
        "score": 36.851,
        "source_geometry_type": "Polygon"
      },
      "type": "Feature"
    },
    {
      "geometry": {
        "coordinates": [
          [
            [
              -38.526941,
              -3.854837
            ],
            [
              -38.523779,
              -3.854594
            ],
            [
              -38.523901,
              -3.853434
            ],
            [
              -38.524551,
              -3.853422
            ],
            [
              -38.524587,
              -3.852909
            ],
            [
              -38.525192,
              -3.852355
            ],
            [
              -38.526164,
              -3.852444
            ],
            [
              -38.526152,
              -3.852943
            ],
            [
              -38.52757,
              -3.853051
            ],
            [
              -38.527528,
              -3.853626
            ],
            [
              -38.528211,
              -3.853659
            ],
            [
              -38.52785,
              -3.854868
            ],
            [
              -38.526941,
              -3.854837
            ]
          ]
        ],
        "type": "Polygon"
      },
      "properties": {
        "bairro": "CONJUNTO PALMEIRAS",
        "faction": "CV",
        "generated_at": "2026-05-23T09:29:11.221276",
        "geometry_type": "Polygon",
        "is_centroid": false,
        "is_tactical": true,
        "local_street_pressure": 8.997,
        "municipality": "Fortaleza",
        "name": "Loteamento",
        "nearby_streets": [
          "LOTEAMENTO",
          "FAVELINHA",
          "FAVELINHA DO PALMEIRAS"
        ],
        "nearby_streets_count": 32,
        "node_id": 277,
        "parent_area": "CONJUNTO PALMEIRAS",
        "parent_risk_level": "moderado",
        "parent_risk_score": 36.9,
        "parent_status": "MODERADO",
        "peak_hours": "Entre 15hs e 20hs",
        "rank": 277,
        "region": "fortaleza",
        "risk_score": 36.734,
        "score": 36.734,
        "source_geometry_type": "Polygon"
      },
      "type": "Feature"
    },
    {
      "geometry": {
        "coordinates": [
          [
            [
              -38.594218,
              -3.783619
            ],
            [
              -38.594605,
              -3.78503
            ],
            [
              -38.593698,
              -3.785315
            ],
            [
              -38.59348,
              -3.78532
            ],
            [
              -38.593262,
              -3.785463
            ],
            [
              -38.592838,
              -3.785707
            ],
            [
              -38.592713,
              -3.785805
            ],
            [
              -38.592666,
              -3.785781
            ],
            [
              -38.592589,
              -3.785838
            ],
            [
              -38.592524,
              -3.785773
            ],
            [
              -38.592544,
              -3.785646
            ],
            [
              -38.592426,
              -3.785633
            ],
            [
              -38.592325,
              -3.785621
            ],
            [
              -38.592341,
              -3.785554
            ],
            [
              -38.592441,
              -3.785537
            ],
            [
              -38.592452,
              -3.785462
            ],
            [
              -38.592668,
              -3.785454
            ],
            [
              -38.592675,
              -3.785593
            ],
            [
              -38.592787,
              -3.785452
            ],
            [
              -38.592729,
              -3.785406
            ],
            [
              -38.592727,
              -3.785342
            ],
            [
              -38.592841,
              -3.785202
            ],
            [
              -38.592929,
              -3.785112
            ],
            [
              -38.592916,
              -3.785062
            ],
            [
              -38.593266,
              -3.784862
            ],
            [
              -38.593367,
              -3.78482
            ],
            [
              -38.593475,
              -3.784848
            ],
            [
              -38.593672,
              -3.784677
            ],
            [
              -38.593682,
              -3.784632
            ],
            [
              -38.593548,
              -3.784628
            ],
            [
              -38.593536,
              -3.784537
            ],
            [
              -38.593562,
              -3.78448
            ],
            [
              -38.593636,
              -3.784428
            ],
            [
              -38.593563,
              -3.784048
            ],
            [
              -38.59365,
              -3.784017
            ],
            [
              -38.593604,
              -3.783823
            ],
            [
              -38.593654,
              -3.783782
            ],
            [
              -38.593696,
              -3.783753
            ],
            [
              -38.593882,
              -3.783705
            ],
            [
              -38.593975,
              -3.783676
            ],
            [
              -38.594218,
              -3.783619
            ]
          ]
        ],
        "type": "Polygon"
      },
      "properties": {
        "bairro": "GRANJA PORTUGAL",
        "faction": "CV",
        "generated_at": "2026-05-23T09:29:11.221276",
        "geometry_type": "Polygon",
        "is_centroid": false,
        "is_tactical": true,
        "local_street_pressure": 12.267,
        "municipality": "Fortaleza",
        "name": "Favela Beira Rio",
        "nearby_streets": [
          "FAVELA BEIRA RIO",
          "COMUNIDADE DA BALSA",
          "COMUNIDADE DA LUMINOSA"
        ],
        "nearby_streets_count": 47,
        "node_id": 278,
        "parent_area": "GRANJA PORTUGAL",
        "parent_risk_level": "moderado",
        "parent_risk_score": 34.0,
        "parent_status": "MODERADO",
        "peak_hours": "Entre 16hs e 21hs",
        "rank": 278,
        "region": "fortaleza",
        "risk_score": 36.727,
        "score": 36.727,
        "source_geometry_type": "Polygon"
      },
      "type": "Feature"
    },
    {
      "geometry": {
        "coordinates": [
          [
            [
              -38.610207,
              -3.797176
            ],
            [
              -38.610248,
              -3.797233
            ],
            [
              -38.610284,
              -3.797446
            ],
            [
              -38.610532,
              -3.797416
            ],
            [
              -38.610582,
              -3.79785
            ],
            [
              -38.607631,
              -3.79748
            ],
            [
              -38.607618,
              -3.797176
            ],
            [
              -38.607562,
              -3.797012
            ],
            [
              -38.607243,
              -3.79616
            ],
            [
              -38.606869,
              -3.795541
            ],
            [
              -38.606709,
              -3.795115
            ],
            [
              -38.606463,
              -3.794563
            ],
            [
              -38.605264,
              -3.792391
            ],
            [
              -38.604981,
              -3.791722
            ],
            [
              -38.604462,
              -3.79184
            ],
            [
              -38.603619,
              -3.789078
            ],
            [
              -38.606539,
              -3.788167
            ],
            [
              -38.608882,
              -3.795243
            ],
            [
              -38.608909,
              -3.795693
            ],
            [
              -38.609043,
              -3.796078
            ],
            [
              -38.609129,
              -3.796426
            ],
            [
              -38.609118,
              -3.796671
            ],
            [
              -38.609215,
              -3.796809
            ],
            [
              -38.609364,
              -3.796909
            ],
            [
              -38.609588,
              -3.796985
            ],
            [
              -38.609923,
              -3.797084
            ],
            [
              -38.610207,
              -3.797176
            ]
          ]
        ],
        "type": "Polygon"
      },
      "properties": {
        "bairro": "BOM JARDIM",
        "faction": "CV",
        "generated_at": "2026-05-23T09:29:11.221276",
        "geometry_type": "Polygon",
        "is_centroid": false,
        "is_tactical": true,
        "local_street_pressure": 12.558,
        "municipality": "Fortaleza",
        "name": "Canal Leste",
        "nearby_streets": [
          "CANAL LESTE",
          "COMUNIDADE DO PANTANAL",
          "BECO DA FUMAÇA"
        ],
        "nearby_streets_count": 53,
        "node_id": 279,
        "parent_area": "BOM JARDIM",
        "parent_risk_level": "moderado",
        "parent_risk_score": 32.2,
        "parent_status": "MODERADO",
        "peak_hours": "Entre 15hs e 20hs",
        "rank": 279,
        "region": "fortaleza",
        "risk_score": 36.714,
        "score": 36.714,
        "source_geometry_type": "Polygon"
      },
      "type": "Feature"
    },
    {
      "geometry": {
        "coordinates": [
          [
            [
              -38.606269,
              -3.799899
            ],
            [
              -38.605408,
              -3.799963
            ],
            [
              -38.604005,
              -3.800422
            ],
            [
              -38.602202,
              -3.801087
            ],
            [
              -38.600522,
              -3.801997
            ],
            [
              -38.600038,
              -3.801189
            ],
            [
              -38.59982,
              -3.801298
            ],
            [
              -38.599716,
              -3.801038
            ],
            [
              -38.60089,
              -3.800484
            ],
            [
              -38.602233,
              -3.79989
            ],
            [
              -38.60361,
              -3.799296
            ],
            [
              -38.604962,
              -3.798836
            ],
            [
              -38.605866,
              -3.798965
            ],
            [
              -38.606269,
              -3.799899
            ]
          ]
        ],
        "type": "Polygon"
      },
      "properties": {
        "bairro": "BOM JARDIM",
        "faction": "CV",
        "generated_at": "2026-05-23T09:29:11.221276",
        "geometry_type": "Polygon",
        "is_centroid": false,
        "is_tactical": true,
        "local_street_pressure": 13.604,
        "municipality": "Fortaleza",
        "name": "Conj. Tia Joana",
        "nearby_streets": [
          "CONJ. TIA JOANA",
          "SANTO AMARO- BOM JARDIM",
          "PARQUE SÃO VICENTE"
        ],
        "nearby_streets_count": 59,
        "node_id": 280,
        "parent_area": "BOM JARDIM",
        "parent_risk_level": "moderado",
        "parent_risk_score": 32.2,
        "parent_status": "MODERADO",
        "peak_hours": "Entre 15hs e 20hs",
        "rank": 280,
        "region": "fortaleza",
        "risk_score": 36.661,
        "score": 36.661,
        "source_geometry_type": "Polygon"
      },
      "type": "Feature"
    },
    {
      "geometry": {
        "coordinates": [
          [
            [
              -38.463109,
              -3.723543
            ],
            [
              -38.462508,
              -3.724646
            ],
            [
              -38.461615,
              -3.724287
            ],
            [
              -38.462213,
              -3.723112
            ],
            [
              -38.463109,
              -3.723543
            ]
          ]
        ],
        "type": "Polygon"
      },
      "properties": {
        "bairro": "VICENTE PINZÓN",
        "faction": "CV",
        "generated_at": "2026-05-23T09:29:11.221276",
        "geometry_type": "Polygon",
        "is_centroid": false,
        "is_tactical": true,
        "local_street_pressure": 13.002,
        "municipality": "Fortaleza",
        "name": "Comunidade da VP",
        "nearby_streets": [
          "COMUNIDADE DA VP",
          "COMUNIDADE DSV",
          "BECO DA PF"
        ],
        "nearby_streets_count": 43,
        "node_id": 281,
        "parent_area": "VICENTE PINZÓN",
        "parent_risk_level": "moderado",
        "parent_risk_score": 33.2,
        "parent_status": "MODERADO",
        "peak_hours": "Entre 21hs e 02hs",
        "rank": 281,
        "region": "fortaleza",
        "risk_score": 36.654,
        "score": 36.654,
        "source_geometry_type": "Polygon"
      },
      "type": "Feature"
    },
    {
      "geometry": {
        "coordinates": [
          [
            [
              -38.469317,
              -3.73051
            ],
            [
              -38.468959,
              -3.731253
            ],
            [
              -38.468142,
              -3.730922
            ],
            [
              -38.468491,
              -3.730221
            ],
            [
              -38.469317,
              -3.73051
            ]
          ]
        ],
        "type": "Polygon"
      },
      "properties": {
        "bairro": "VICENTE PINZÓN",
        "faction": "CV",
        "generated_at": "2026-05-23T09:29:11.221276",
        "geometry_type": "Polygon",
        "is_centroid": false,
        "is_tactical": true,
        "local_street_pressure": 12.911,
        "municipality": "CIDADE DOS DOIDOS",
        "name": "CDD - CIDADE DOS DOIDOS",
        "nearby_streets": [
          "CDD - CIDADE DOS DOIDOS",
          "COMUNIDADE DO MURO ALTO - (COMPLEXO DO VINCENT PIZON)",
          "FAZENDINHA"
        ],
        "nearby_streets_count": 27,
        "node_id": 282,
        "parent_area": "VICENTE PINZÓN",
        "parent_risk_level": "moderado",
        "parent_risk_score": 33.2,
        "parent_status": "MODERADO",
        "peak_hours": "Entre 21hs e 02hs",
        "rank": 282,
        "region": "fortaleza",
        "risk_score": 36.562,
        "score": 36.562,
        "source_geometry_type": "Polygon"
      },
      "type": "Feature"
    },
    {
      "geometry": {
        "coordinates": [
          [
            [
              -38.596169,
              -3.779296
            ],
            [
              -38.597463,
              -3.784207
            ],
            [
              -38.594605,
              -3.78503
            ],
            [
              -38.594218,
              -3.783619
            ],
            [
              -38.593667,
              -3.783759
            ],
            [
              -38.593549,
              -3.783334
            ],
            [
              -38.593546,
              -3.782965
            ],
            [
              -38.593438,
              -3.78292
            ],
            [
              -38.593455,
              -3.782763
            ],
            [
              -38.593576,
              -3.782571
            ],
            [
              -38.593616,
              -3.7825
            ],
            [
              -38.593721,
              -3.782483
            ],
            [
              -38.593738,
              -3.782255
            ],
            [
              -38.593872,
              -3.78222
            ],
            [
              -38.593837,
              -3.781984
            ],
            [
              -38.593875,
              -3.781973
            ],
            [
              -38.593879,
              -3.781902
            ],
            [
              -38.593922,
              -3.781878
            ],
            [
              -38.593908,
              -3.781814
            ],
            [
              -38.594048,
              -3.781765
            ],
            [
              -38.593978,
              -3.781463
            ],
            [
              -38.593836,
              -3.781519
            ],
            [
              -38.593833,
              -3.781462
            ],
            [
              -38.593859,
              -3.781453
            ],
            [
              -38.593843,
              -3.781406
            ],
            [
              -38.593961,
              -3.781347
            ],
            [
              -38.593935,
              -3.781232
            ],
            [
              -38.594023,
              -3.781205
            ],
            [
              -38.594,
              -3.78103
            ],
            [
              -38.59407,
              -3.781019
            ],
            [
              -38.594078,
              -3.781048
            ],
            [
              -38.594211,
              -3.781004
            ],
            [
              -38.594154,
              -3.780675
            ],
            [
              -38.59419,
              -3.780653
            ],
            [
              -38.594165,
              -3.780608
            ],
            [
              -38.59434,
              -3.780487
            ],
            [
              -38.594272,
              -3.780397
            ],
            [
              -38.594311,
              -3.780336
            ],
            [
              -38.594392,
              -3.780393
            ],
            [
              -38.594462,
              -3.780332
            ],
            [
              -38.594549,
              -3.780264
            ],
            [
              -38.594575,
              -3.780166
            ],
            [
              -38.594436,
              -3.78011
            ],
            [
              -38.594517,
              -3.779979
            ],
            [
              -38.594658,
              -3.779936
            ],
            [
              -38.594639,
              -3.779851
            ],
            [
              -38.594644,
              -3.779754
            ],
            [
              -38.596169,
              -3.779296
            ]
          ]
        ],
        "type": "Polygon"
      },
      "properties": {
        "bairro": "GRANJA PORTUGAL",
        "faction": "CV",
        "generated_at": "2026-05-23T09:29:11.221276",
        "geometry_type": "Polygon",
        "is_centroid": false,
        "is_tactical": true,
        "local_street_pressure": 11.122,
        "municipality": "Fortaleza",
        "name": "Favela da Caverninha",
        "nearby_streets": [
          "FAVELA DA CAVERNINHA",
          "FAVELA BEIRA RIO",
          "COMUNIDADE DO CANAL OU MELA MELA"
        ],
        "nearby_streets_count": 43,
        "node_id": 283,
        "parent_area": "GRANJA PORTUGAL",
        "parent_risk_level": "moderado",
        "parent_risk_score": 34.0,
        "parent_status": "MODERADO",
        "peak_hours": "Entre 16hs e 21hs",
        "rank": 283,
        "region": "fortaleza",
        "risk_score": 36.521,
        "score": 36.521,
        "source_geometry_type": "Polygon"
      },
      "type": "Feature"
    },
    {
      "geometry": {
        "coordinates": [
          [
            [
              -38.469421,
              -3.727578
            ],
            [
              -38.469199,
              -3.72792
            ],
            [
              -38.469044,
              -3.728077
            ],
            [
              -38.468953,
              -3.728152
            ],
            [
              -38.468658,
              -3.72831
            ],
            [
              -38.468126,
              -3.728582
            ],
            [
              -38.468086,
              -3.72864
            ],
            [
              -38.46766,
              -3.729488
            ],
            [
              -38.467449,
              -3.729407
            ],
            [
              -38.467436,
              -3.729431
            ],
            [
              -38.467298,
              -3.729365
            ],
            [
              -38.46722,
              -3.72933
            ],
            [
              -38.467193,
              -3.729287
            ],
            [
              -38.466989,
              -3.729139
            ],
            [
              -38.466785,
              -3.729235
            ],
            [
              -38.466713,
              -3.729202
            ],
            [
              -38.466571,
              -3.72906
            ],
            [
              -38.466413,
              -3.728942
            ],
            [
              -38.466189,
              -3.728817
            ],
            [
              -38.466045,
              -3.728771
            ],
            [
              -38.465922,
              -3.728714
            ],
            [
              -38.465833,
              -3.728656
            ],
            [
              -38.465758,
              -3.72861
            ],
            [
              -38.465664,
              -3.728516
            ],
            [
              -38.465498,
              -3.72834
            ],
            [
              -38.465578,
              -3.728238
            ],
            [
              -38.46557,
              -3.728214
            ],
            [
              -38.4656,
              -3.728184
            ],
            [
              -38.465592,
              -3.72815
            ],
            [
              -38.465723,
              -3.728032
            ],
            [
              -38.465686,
              -3.727968
            ],
            [
              -38.465879,
              -3.72781
            ],
            [
              -38.466021,
              -3.727641
            ],
            [
              -38.46593,
              -3.727593
            ],
            [
              -38.466032,
              -3.727422
            ],
            [
              -38.466085,
              -3.727443
            ],
            [
              -38.466445,
              -3.726699
            ],
            [
              -38.466504,
              -3.72671
            ],
            [
              -38.466777,
              -3.726282
            ],
            [
              -38.469421,
              -3.727578
            ]
          ]
        ],
        "type": "Polygon"
      },
      "properties": {
        "bairro": "VICENTE PINZÓN",
        "faction": "CV",
        "generated_at": "2026-05-23T09:29:11.221276",
        "geometry_type": "Polygon",
        "is_centroid": false,
        "is_tactical": true,
        "local_street_pressure": 12.433,
        "municipality": "(Complexo do Vincent Pinzon)",
        "name": "Comunidade Muro de Pedra - (Complexo do Vincent Pinzon)",
        "nearby_streets": [
          "COMUNIDADE MURO DE PEDRA - (COMPLEXO DO VINCENT PINZON)",
          "LAGOA DO CORAÇÃO - COMPLEXO DO VINCENT PINZON",
          "RDF"
        ],
        "nearby_streets_count": 27,
        "node_id": 284,
        "parent_area": "VICENTE PINZÓN",
        "parent_risk_level": "moderado",
        "parent_risk_score": 33.2,
        "parent_status": "MODERADO",
        "peak_hours": "Entre 21hs e 02hs",
        "rank": 284,
        "region": "fortaleza",
        "risk_score": 36.507,
        "score": 36.507,
        "source_geometry_type": "Polygon"
      },
      "type": "Feature"
    },
    {
      "geometry": {
        "coordinates": [
          [
            [
              -38.607278,
              -3.798394
            ],
            [
              -38.607272,
              -3.798071
            ],
            [
              -38.607303,
              -3.79758
            ],
            [
              -38.607609,
              -3.797596
            ],
            [
              -38.607595,
              -3.797951
            ],
            [
              -38.607546,
              -3.798038
            ],
            [
              -38.607542,
              -3.798554
            ],
            [
              -38.607738,
              -3.798666
            ],
            [
              -38.607945,
              -3.80012
            ],
            [
              -38.607879,
              -3.800137
            ],
            [
              -38.607864,
              -3.800311
            ],
            [
              -38.607646,
              -3.800379
            ],
            [
              -38.607795,
              -3.800776
            ],
            [
              -38.608001,
              -3.801217
            ],
            [
              -38.60837,
              -3.802023
            ],
            [
              -38.608577,
              -3.802465
            ],
            [
              -38.608174,
              -3.802711
            ],
            [
              -38.608344,
              -3.8031
            ],
            [
              -38.607331,
              -3.803492
            ],
            [
              -38.607407,
              -3.803804
            ],
            [
              -38.604964,
              -3.804985
            ],
            [
              -38.604304,
              -3.80405
            ],
            [
              -38.602652,
              -3.800929
            ],
            [
              -38.605408,
              -3.799963
            ],
            [
              -38.606269,
              -3.799899
            ],
            [
              -38.605861,
              -3.798883
            ],
            [
              -38.606514,
              -3.798636
            ],
            [
              -38.60659,
              -3.798579
            ],
            [
              -38.607278,
              -3.798394
            ]
          ]
        ],
        "type": "Polygon"
      },
      "properties": {
        "bairro": "BOM JARDIM",
        "faction": "CV",
        "generated_at": "2026-05-23T09:29:11.221276",
        "geometry_type": "Polygon",
        "is_centroid": false,
        "is_tactical": true,
        "local_street_pressure": 12.307,
        "municipality": "Fortaleza",
        "name": "Parque São Vicente",
        "nearby_streets": [
          "PARQUE SÃO VICENTE",
          "FAVELA DO MARROCOS",
          "CONJ. TIA JOANA"
        ],
        "nearby_streets_count": 56,
        "node_id": 285,
        "parent_area": "BOM JARDIM",
        "parent_risk_level": "moderado",
        "parent_risk_score": 32.2,
        "parent_status": "MODERADO",
        "peak_hours": "Entre 15hs e 20hs",
        "rank": 285,
        "region": "fortaleza",
        "risk_score": 36.437,
        "score": 36.437,
        "source_geometry_type": "Polygon"
      },
      "type": "Feature"
    },
    {
      "geometry": {
        "coordinates": [
          [
            [
              -38.511192,
              -3.856327
            ],
            [
              -38.513988,
              -3.855659
            ],
            [
              -38.514489,
              -3.857116
            ],
            [
              -38.510155,
              -3.85871
            ],
            [
              -38.50998,
              -3.858241
            ],
            [
              -38.509904,
              -3.856329
            ],
            [
              -38.511192,
              -3.856327
            ]
          ]
        ],
        "type": "Polygon"
      },
      "properties": {
        "bairro": "ANCURI",
        "faction": "CV",
        "generated_at": "2026-05-23T09:29:11.221276",
        "geometry_type": "Polygon",
        "is_centroid": false,
        "is_tactical": true,
        "local_street_pressure": 9.321,
        "municipality": "Fortaleza",
        "name": "Residencial Luiz Gonzaga",
        "nearby_streets": [
          "RESIDENCIAL LUIZ GONZAGA",
          "VILINHA",
          "ADEMIR MARTINS"
        ],
        "nearby_streets_count": 42,
        "node_id": 286,
        "parent_area": "ANCURI",
        "parent_risk_level": "moderado",
        "parent_risk_score": 36.0,
        "parent_status": "MODERADO",
        "peak_hours": "Entre 18hs e 23hs",
        "rank": 286,
        "region": "fortaleza",
        "risk_score": 36.353,
        "score": 36.353,
        "source_geometry_type": "Polygon"
      },
      "type": "Feature"
    },
    {
      "geometry": {
        "coordinates": [
          [
            [
              -38.464254,
              -3.827215
            ],
            [
              -38.465257,
              -3.827526
            ],
            [
              -38.466258,
              -3.827855
            ],
            [
              -38.466269,
              -3.828108
            ],
            [
              -38.465687,
              -3.829438
            ],
            [
              -38.463313,
              -3.829668
            ],
            [
              -38.463229,
              -3.829636
            ],
            [
              -38.464254,
              -3.827215
            ]
          ]
        ],
        "type": "Polygon"
      },
      "properties": {
        "bairro": "LAGOA REDONDA",
        "faction": "CV",
        "generated_at": "2026-05-23T09:29:11.221276",
        "geometry_type": "Polygon",
        "is_centroid": false,
        "is_tactical": true,
        "local_street_pressure": 12.208,
        "municipality": "Fortaleza",
        "name": "11 De Novembro",
        "nearby_streets": [
          "11 DE NOVEMBRO",
          "FAVELA DO PÓ",
          "RUA SETE"
        ],
        "nearby_streets_count": 44,
        "node_id": 287,
        "parent_area": "LAGOA REDONDA",
        "parent_risk_level": "moderado",
        "parent_risk_score": 33.2,
        "parent_status": "MODERADO",
        "peak_hours": "Entre 17hs e 22hs",
        "rank": 287,
        "region": "fortaleza",
        "risk_score": 36.253,
        "score": 36.253,
        "source_geometry_type": "Polygon"
      },
      "type": "Feature"
    },
    {
      "geometry": {
        "coordinates": [
          [
            [
              -38.590028,
              -3.742756
            ],
            [
              -38.589409,
              -3.747202
            ],
            [
              -38.588567,
              -3.747084
            ],
            [
              -38.587746,
              -3.746795
            ],
            [
              -38.587953,
              -3.746297
            ],
            [
              -38.587753,
              -3.746185
            ],
            [
              -38.588111,
              -3.745484
            ],
            [
              -38.586888,
              -3.744927
            ],
            [
              -38.587124,
              -3.744456
            ],
            [
              -38.587215,
              -3.743921
            ],
            [
              -38.587376,
              -3.742331
            ],
            [
              -38.587392,
              -3.742202
            ],
            [
              -38.587958,
              -3.742245
            ],
            [
              -38.587952,
              -3.742325
            ],
            [
              -38.588868,
              -3.742442
            ],
            [
              -38.588848,
              -3.742581
            ],
            [
              -38.590028,
              -3.742756
            ]
          ]
        ],
        "type": "Polygon"
      },
      "properties": {
        "bairro": "ANTÔNIO BEZERRA",
        "faction": "CV",
        "generated_at": "2026-05-23T09:29:11.221276",
        "geometry_type": "Polygon",
        "is_centroid": false,
        "is_tactical": true,
        "local_street_pressure": 11.96,
        "municipality": "Fortaleza",
        "name": "Rua da Feira - Antonio Bezerra",
        "nearby_streets": [
          "RUA DA FEIRA - ANTONIO BEZERRA",
          "RUA RUI MONTE",
          "RUA PROFESSOR JOAQUIM NOGUEIRA"
        ],
        "nearby_streets_count": 49,
        "node_id": 288,
        "parent_area": "ANTÔNIO BEZERRA",
        "parent_risk_level": "moderado",
        "parent_risk_score": 33.0,
        "parent_status": "MODERADO",
        "peak_hours": "Entre 18hs e 23hs",
        "rank": 288,
        "region": "fortaleza",
        "risk_score": 36.206,
        "score": 36.206,
        "source_geometry_type": "Polygon"
      },
      "type": "Feature"
    },
    {
      "geometry": {
        "coordinates": [
          [
            [
              -38.464085,
              -3.824016
            ],
            [
              -38.465026,
              -3.824319
            ],
            [
              -38.464468,
              -3.82594
            ],
            [
              -38.46325,
              -3.825552
            ],
            [
              -38.463345,
              -3.825369
            ],
            [
              -38.463397,
              -3.825394
            ],
            [
              -38.464085,
              -3.824016
            ]
          ]
        ],
        "type": "Polygon"
      },
      "properties": {
        "bairro": "LAGOA REDONDA",
        "faction": "CV",
        "generated_at": "2026-05-23T09:29:11.221276",
        "geometry_type": "Polygon",
        "is_centroid": false,
        "is_tactical": true,
        "local_street_pressure": 12.223,
        "municipality": "Fortaleza",
        "name": "AP",
        "nearby_streets": [
          "AP",
          "FINAL FELIZ",
          "RUA SETE"
        ],
        "nearby_streets_count": 42,
        "node_id": 289,
        "parent_area": "LAGOA REDONDA",
        "parent_risk_level": "moderado",
        "parent_risk_score": 33.2,
        "parent_status": "MODERADO",
        "peak_hours": "Entre 17hs e 22hs",
        "rank": 289,
        "region": "fortaleza",
        "risk_score": 36.123,
        "score": 36.123,
        "source_geometry_type": "Polygon"
      },
      "type": "Feature"
    },
    {
      "geometry": {
        "coordinates": [
          [
            [
              -38.462444,
              -3.727674
            ],
            [
              -38.462918,
              -3.727901
            ],
            [
              -38.462822,
              -3.728059
            ],
            [
              -38.462861,
              -3.728087
            ],
            [
              -38.462847,
              -3.728115
            ],
            [
              -38.462914,
              -3.728159
            ],
            [
              -38.462898,
              -3.72819
            ],
            [
              -38.463181,
              -3.728326
            ],
            [
              -38.463062,
              -3.728593
            ],
            [
              -38.462513,
              -3.72835
            ],
            [
              -38.46219,
              -3.728178
            ],
            [
              -38.462444,
              -3.727674
            ]
          ]
        ],
        "type": "Polygon"
      },
      "properties": {
        "bairro": "VICENTE PINZÓN",
        "faction": "CV",
        "generated_at": "2026-05-23T09:29:11.221276",
        "geometry_type": "Polygon",
        "is_centroid": false,
        "is_tactical": true,
        "local_street_pressure": 12.299,
        "municipality": "Fortaleza",
        "name": "Petecas",
        "nearby_streets": [
          "PETECAS",
          "LAGOA DO CORAÇÃO - COMPLEXO DO VINCENT PINZON",
          "RDF"
        ],
        "nearby_streets_count": 38,
        "node_id": 290,
        "parent_area": "VICENTE PINZÓN",
        "parent_risk_level": "moderado",
        "parent_risk_score": 33.2,
        "parent_status": "MODERADO",
        "peak_hours": "Entre 21hs e 02hs",
        "rank": 290,
        "region": "fortaleza",
        "risk_score": 36.107,
        "score": 36.107,
        "source_geometry_type": "Polygon"
      },
      "type": "Feature"
    },
    {
      "geometry": {
        "coordinates": [
          [
            [
              -38.611708,
              -3.798206
            ],
            [
              -38.611718,
              -3.800396
            ],
            [
              -38.612171,
              -3.800444
            ],
            [
              -38.612225,
              -3.80059
            ],
            [
              -38.6121,
              -3.800808
            ],
            [
              -38.611393,
              -3.800808
            ],
            [
              -38.611331,
              -3.801005
            ],
            [
              -38.611008,
              -3.801061
            ],
            [
              -38.611111,
              -3.801357
            ],
            [
              -38.610888,
              -3.801442
            ],
            [
              -38.611285,
              -3.802405
            ],
            [
              -38.611201,
              -3.802526
            ],
            [
              -38.611491,
              -3.802803
            ],
            [
              -38.611654,
              -3.802701
            ],
            [
              -38.611774,
              -3.802891
            ],
            [
              -38.611071,
              -3.803657
            ],
            [
              -38.610294,
              -3.80432
            ],
            [
              -38.610073,
              -3.804103
            ],
            [
              -38.609746,
              -3.803238
            ],
            [
              -38.609921,
              -3.803147
            ],
            [
              -38.609536,
              -3.802493
            ],
            [
              -38.60857,
              -3.802941
            ],
            [
              -38.608471,
              -3.802814
            ],
            [
              -38.608369,
              -3.802584
            ],
            [
              -38.608577,
              -3.802465
            ],
            [
              -38.60837,
              -3.802023
            ],
            [
              -38.608001,
              -3.801217
            ],
            [
              -38.60774,
              -3.800659
            ],
            [
              -38.607646,
              -3.800379
            ],
            [
              -38.607864,
              -3.800311
            ],
            [
              -38.607879,
              -3.800137
            ],
            [
              -38.607945,
              -3.80012
            ],
            [
              -38.60794,
              -3.799924
            ],
            [
              -38.60792,
              -3.799837
            ],
            [
              -38.607738,
              -3.798666
            ],
            [
              -38.607827,
              -3.79861
            ],
            [
              -38.607805,
              -3.798394
            ],
            [
              -38.607876,
              -3.798316
            ],
            [
              -38.607817,
              -3.798041
            ],
            [
              -38.607621,
              -3.79793
            ],
            [
              -38.607638,
              -3.797622
            ],
            [
              -38.611519,
              -3.798148
            ],
            [
              -38.611708,
              -3.798206
            ]
          ]
        ],
        "type": "Polygon"
      },
      "properties": {
        "bairro": "BOM JARDIM",
        "faction": "CV",
        "generated_at": "2026-05-23T09:29:11.221276",
        "geometry_type": "Polygon",
        "is_centroid": false,
        "is_tactical": true,
        "local_street_pressure": 11.943,
        "municipality": "Fortaleza",
        "name": "Favela do Marrocos",
        "nearby_streets": [
          "FAVELA DO MARROCOS",
          "PARQUE SÃO VICENTE",
          "RUA MARIA NÚBIA DE QUEIROZ"
        ],
        "nearby_streets_count": 51,
        "node_id": 291,
        "parent_area": "BOM JARDIM",
        "parent_risk_level": "moderado",
        "parent_risk_score": 32.2,
        "parent_status": "MODERADO",
        "peak_hours": "Entre 15hs e 20hs",
        "rank": 291,
        "region": "fortaleza",
        "risk_score": 36.041,
        "score": 36.041,
        "source_geometry_type": "Polygon"
      },
      "type": "Feature"
    },
    {
      "geometry": {
        "coordinates": [
          [
            [
              -38.611016,
              -3.781939
            ],
            [
              -38.611153,
              -3.782618
            ],
            [
              -38.610591,
              -3.782774
            ],
            [
              -38.610682,
              -3.783121
            ],
            [
              -38.610977,
              -3.783034
            ],
            [
              -38.611082,
              -3.783351
            ],
            [
              -38.611246,
              -3.783309
            ],
            [
              -38.611167,
              -3.783581
            ],
            [
              -38.610944,
              -3.784565
            ],
            [
              -38.610801,
              -3.784808
            ],
            [
              -38.610602,
              -3.784928
            ],
            [
              -38.61007,
              -3.785133
            ],
            [
              -38.609575,
              -3.785361
            ],
            [
              -38.609348,
              -3.785567
            ],
            [
              -38.609303,
              -3.785654
            ],
            [
              -38.609029,
              -3.785747
            ],
            [
              -38.60904,
              -3.785903
            ],
            [
              -38.608696,
              -3.786271
            ],
            [
              -38.608576,
              -3.786388
            ],
            [
              -38.608514,
              -3.786427
            ],
            [
              -38.608442,
              -3.786443
            ],
            [
              -38.608338,
              -3.786483
            ],
            [
              -38.608262,
              -3.786542
            ],
            [
              -38.608136,
              -3.786627
            ],
            [
              -38.607013,
              -3.783049
            ],
            [
              -38.611016,
              -3.781939
            ]
          ]
        ],
        "type": "Polygon"
      },
      "properties": {
        "bairro": "GRANJA PORTUGAL",
        "faction": "CV",
        "generated_at": "2026-05-23T09:29:11.221276",
        "geometry_type": "Polygon",
        "is_centroid": false,
        "is_tactical": true,
        "local_street_pressure": 10.528,
        "municipality": "Fortaleza",
        "name": "Comunidade São Francisco",
        "nearby_streets": [
          "COMUNIDADE SÃO FRANCISCO",
          "RUA JOÃO XXIII",
          "BECO DO EDSON"
        ],
        "nearby_streets_count": 46,
        "node_id": 292,
        "parent_area": "GRANJA PORTUGAL",
        "parent_risk_level": "moderado",
        "parent_risk_score": 34.0,
        "parent_status": "MODERADO",
        "peak_hours": "Entre 16hs e 21hs",
        "rank": 292,
        "region": "fortaleza",
        "risk_score": 35.94,
        "score": 35.94,
        "source_geometry_type": "Polygon"
      },
      "type": "Feature"
    },
    {
      "geometry": {
        "coordinates": [
          [
            [
              -38.529176,
              -3.845701
            ],
            [
              -38.530467,
              -3.844644
            ],
            [
              -38.531593,
              -3.846001
            ],
            [
              -38.531526,
              -3.846069
            ],
            [
              -38.531719,
              -3.846313
            ],
            [
              -38.530355,
              -3.847388
            ],
            [
              -38.53017,
              -3.84721
            ],
            [
              -38.530313,
              -3.847096
            ],
            [
              -38.529176,
              -3.845701
            ]
          ]
        ],
        "type": "Polygon"
      },
      "properties": {
        "bairro": "CONJUNTO PALMEIRAS",
        "faction": "CV",
        "generated_at": "2026-05-23T09:29:11.221276",
        "geometry_type": "Polygon",
        "is_centroid": false,
        "is_tactical": true,
        "local_street_pressure": 8.105,
        "municipality": "Conj. Palmeiras I",
        "name": "Canal - Conj. Palmeiras I",
        "nearby_streets": [
          "CANAL - CONJ. PALMEIRAS I",
          "BECO - CONJ. PALMEIRAS",
          "PISSAREIRA - CONJ. PALMEIRAS I"
        ],
        "nearby_streets_count": 18,
        "node_id": 293,
        "parent_area": "CONJUNTO PALMEIRAS",
        "parent_risk_level": "moderado",
        "parent_risk_score": 36.9,
        "parent_status": "MODERADO",
        "peak_hours": "Entre 15hs e 20hs",
        "rank": 293,
        "region": "fortaleza",
        "risk_score": 35.892,
        "score": 35.892,
        "source_geometry_type": "Polygon"
      },
      "type": "Feature"
    },
    {
      "geometry": {
        "coordinates": [
          [
            [
              -38.467069,
              -3.729219
            ],
            [
              -38.467193,
              -3.729306
            ],
            [
              -38.467174,
              -3.729363
            ],
            [
              -38.467089,
              -3.729424
            ],
            [
              -38.466984,
              -3.729539
            ],
            [
              -38.466869,
              -3.7297
            ],
            [
              -38.466603,
              -3.730206
            ],
            [
              -38.466391,
              -3.730131
            ],
            [
              -38.466306,
              -3.730299
            ],
            [
              -38.466257,
              -3.730281
            ],
            [
              -38.466102,
              -3.730594
            ],
            [
              -38.46579,
              -3.730514
            ],
            [
              -38.46498,
              -3.73015
            ],
            [
              -38.464873,
              -3.730406
            ],
            [
              -38.465785,
              -3.730888
            ],
            [
              -38.466166,
              -3.731092
            ],
            [
              -38.466075,
              -3.731327
            ],
            [
              -38.465866,
              -3.731223
            ],
            [
              -38.465796,
              -3.731322
            ],
            [
              -38.463634,
              -3.730257
            ],
            [
              -38.463226,
              -3.73107
            ],
            [
              -38.46312,
              -3.731013
            ],
            [
              -38.463535,
              -3.730195
            ],
            [
              -38.463357,
              -3.730112
            ],
            [
              -38.46318,
              -3.72999
            ],
            [
              -38.462946,
              -3.729808
            ],
            [
              -38.463115,
              -3.729605
            ],
            [
              -38.463204,
              -3.729637
            ],
            [
              -38.463405,
              -3.729227
            ],
            [
              -38.462994,
              -3.729021
            ],
            [
              -38.463661,
              -3.727603
            ],
            [
              -38.465556,
              -3.728507
            ],
            [
              -38.465787,
              -3.728689
            ],
            [
              -38.465916,
              -3.728796
            ],
            [
              -38.465984,
              -3.72877
            ],
            [
              -38.466189,
              -3.728817
            ],
            [
              -38.4665,
              -3.729005
            ],
            [
              -38.466785,
              -3.729235
            ],
            [
              -38.466989,
              -3.729139
            ],
            [
              -38.467069,
              -3.729219
            ]
          ]
        ],
        "type": "Polygon"
      },
      "properties": {
        "bairro": "VICENTE PINZÓN",
        "faction": "CV",
        "generated_at": "2026-05-23T09:29:11.221276",
        "geometry_type": "Polygon",
        "is_centroid": false,
        "is_tactical": true,
        "local_street_pressure": 11.326,
        "municipality": "Complexo do Vincent Pinzon",
        "name": "Lagoa do Coração - Complexo do Vincent Pinzon",
        "nearby_streets": [
          "LAGOA DO CORAÇÃO - COMPLEXO DO VINCENT PINZON",
          "COMUNIDADE MURO DE PEDRA - (COMPLEXO DO VINCENT PINZON)",
          "RDF"
        ],
        "nearby_streets_count": 28,
        "node_id": 294,
        "parent_area": "VICENTE PINZÓN",
        "parent_risk_level": "moderado",
        "parent_risk_score": 33.2,
        "parent_status": "MODERADO",
        "peak_hours": "Entre 21hs e 02hs",
        "rank": 294,
        "region": "fortaleza",
        "risk_score": 35.782,
        "score": 35.782,
        "source_geometry_type": "Polygon"
      },
      "type": "Feature"
    },
    {
      "geometry": {
        "coordinates": [
          [
            [
              -38.5826144,
              -3.7949153
            ],
            [
              -38.5827277,
              -3.7963438
            ],
            [
              -38.5827924,
              -3.797041
            ],
            [
              -38.5827689,
              -3.7973129
            ],
            [
              -38.5783808,
              -3.797452
            ],
            [
              -38.5784181,
              -3.7981957
            ],
            [
              -38.5784829,
              -3.8000318
            ],
            [
              -38.578535,
              -3.800912
            ],
            [
              -38.578546,
              -3.801801
            ],
            [
              -38.575188,
              -3.801951
            ],
            [
              -38.574951,
              -3.79308
            ],
            [
              -38.576036,
              -3.793024
            ],
            [
              -38.575913,
              -3.789811
            ],
            [
              -38.575424,
              -3.789831
            ],
            [
              -38.575404,
              -3.789445
            ],
            [
              -38.574752,
              -3.789481
            ],
            [
              -38.574766,
              -3.787738
            ],
            [
              -38.575428,
              -3.787247
            ],
            [
              -38.578448,
              -3.79049
            ],
            [
              -38.5826144,
              -3.7949153
            ]
          ]
        ],
        "type": "Polygon"
      },
      "properties": {
        "bairro": "MANOEL SÁTIRO",
        "faction": "CV",
        "generated_at": "2026-05-23T09:29:11.221276",
        "geometry_type": "Polygon",
        "is_centroid": false,
        "is_tactical": true,
        "local_street_pressure": 8.079,
        "municipality": "Fortaleza",
        "name": "Vila Manuel Sátiro",
        "nearby_streets": [
          "VILA MANUEL SÁTIRO",
          "COMUNIDADE CAIXA DÁGUA",
          "COMUNIDADE BACIA SECA"
        ],
        "nearby_streets_count": 35,
        "node_id": 295,
        "parent_area": "MANOEL SÁTIRO",
        "parent_risk_level": "moderado",
        "parent_risk_score": 32.8,
        "parent_status": "MODERADO",
        "peak_hours": "Entre 16hs e 21hs",
        "rank": 295,
        "region": "fortaleza",
        "risk_score": 35.778,
        "score": 35.778,
        "source_geometry_type": "Polygon"
      },
      "type": "Feature"
    },
    {
      "geometry": {
        "coordinates": [
          [
            [
              -38.472096,
              -3.730375
            ],
            [
              -38.470227,
              -3.734182
            ],
            [
              -38.470023,
              -3.734091
            ],
            [
              -38.469911,
              -3.73339
            ],
            [
              -38.469438,
              -3.733085
            ],
            [
              -38.469117,
              -3.73297
            ],
            [
              -38.468966,
              -3.732812
            ],
            [
              -38.469122,
              -3.73248
            ],
            [
              -38.470002,
              -3.732871
            ],
            [
              -38.470152,
              -3.732518
            ],
            [
              -38.46983,
              -3.7324
            ],
            [
              -38.470238,
              -3.731517
            ],
            [
              -38.469734,
              -3.731276
            ],
            [
              -38.470458,
              -3.729761
            ],
            [
              -38.470511,
              -3.729672
            ],
            [
              -38.470463,
              -3.729539
            ],
            [
              -38.470518,
              -3.729393
            ],
            [
              -38.470937,
              -3.72981
            ],
            [
              -38.472096,
              -3.730375
            ]
          ]
        ],
        "type": "Polygon"
      },
      "properties": {
        "bairro": "VICENTE PINZÓN",
        "faction": "CV",
        "generated_at": "2026-05-23T09:29:11.221276",
        "geometry_type": "Polygon",
        "is_centroid": false,
        "is_tactical": true,
        "local_street_pressure": 11.45,
        "municipality": "(Complexo do Vincent Pinzon)",
        "name": "Morro das Placas - (Complexo do Vincent Pinzon)",
        "nearby_streets": [
          "MORRO DAS PLACAS - (COMPLEXO DO VINCENT PINZON)",
          "FAZENDINHA",
          "CDD - CIDADE DOS DOIDOS"
        ],
        "nearby_streets_count": 27,
        "node_id": 296,
        "parent_area": "VICENTE PINZÓN",
        "parent_risk_level": "moderado",
        "parent_risk_score": 33.2,
        "parent_status": "MODERADO",
        "peak_hours": "Entre 21hs e 02hs",
        "rank": 296,
        "region": "fortaleza",
        "risk_score": 35.751,
        "score": 35.751,
        "source_geometry_type": "Polygon"
      },
      "type": "Feature"
    },
    {
      "geometry": {
        "coordinates": [
          [
            [
              -38.594919,
              -3.736325
            ],
            [
              -38.593018,
              -3.736998
            ],
            [
              -38.592436,
              -3.737118
            ],
            [
              -38.59096,
              -3.73757
            ],
            [
              -38.590433,
              -3.737726
            ],
            [
              -38.59007,
              -3.735532
            ],
            [
              -38.590669,
              -3.735423
            ],
            [
              -38.591111,
              -3.734727
            ],
            [
              -38.594919,
              -3.736325
            ]
          ]
        ],
        "type": "Polygon"
      },
      "properties": {
        "bairro": "ANTÔNIO BEZERRA",
        "faction": "CV",
        "generated_at": "2026-05-23T09:29:11.221276",
        "geometry_type": "Polygon",
        "is_centroid": false,
        "is_tactical": true,
        "local_street_pressure": 11.508,
        "municipality": "Fortaleza",
        "name": "Anario Braga",
        "nearby_streets": [
          "RUA PANAMÁ",
          "ANARIO BRAGA",
          "COMUNIDADE DO MANGUEIRAL - QUINTINO CUNHA"
        ],
        "nearby_streets_count": 48,
        "node_id": 297,
        "parent_area": "ANTÔNIO BEZERRA",
        "parent_risk_level": "moderado",
        "parent_risk_score": 33.0,
        "parent_status": "MODERADO",
        "peak_hours": "Entre 18hs e 23hs",
        "rank": 297,
        "region": "fortaleza",
        "risk_score": 35.736,
        "score": 35.736,
        "source_geometry_type": "Polygon"
      },
      "type": "Feature"
    },
    {
      "geometry": {
        "coordinates": [
          [
            [
              -38.463156,
              -3.825717
            ],
            [
              -38.464266,
              -3.826057
            ],
            [
              -38.463968,
              -3.826365
            ],
            [
              -38.463418,
              -3.827031
            ],
            [
              -38.463995,
              -3.827459
            ],
            [
              -38.46341,
              -3.82887
            ],
            [
              -38.462115,
              -3.828169
            ],
            [
              -38.462015,
              -3.828123
            ],
            [
              -38.461955,
              -3.828095
            ],
            [
              -38.46194,
              -3.828112
            ],
            [
              -38.461842,
              -3.828055
            ],
            [
              -38.462442,
              -3.827078
            ],
            [
              -38.463156,
              -3.825717
            ]
          ]
        ],
        "type": "Polygon"
      },
      "properties": {
        "bairro": "LAGOA REDONDA",
        "faction": "CV",
        "generated_at": "2026-05-23T09:29:11.221276",
        "geometry_type": "Polygon",
        "is_centroid": false,
        "is_tactical": true,
        "local_street_pressure": 11.507,
        "municipality": "Fortaleza",
        "name": "Favela Do Pó",
        "nearby_streets": [
          "FAVELA DO PÓ",
          "RUA SETE",
          "11 DE NOVEMBRO"
        ],
        "nearby_streets_count": 36,
        "node_id": 298,
        "parent_area": "LAGOA REDONDA",
        "parent_risk_level": "moderado",
        "parent_risk_score": 33.2,
        "parent_status": "MODERADO",
        "peak_hours": "Entre 17hs e 22hs",
        "rank": 298,
        "region": "fortaleza",
        "risk_score": 35.696,
        "score": 35.696,
        "source_geometry_type": "Polygon"
      },
      "type": "Feature"
    },
    {
      "geometry": {
        "coordinates": [
          [
            [
              -38.465717,
              -3.829507
            ],
            [
              -38.466151,
              -3.830082
            ],
            [
              -38.46634,
              -3.830008
            ],
            [
              -38.466478,
              -3.829972
            ],
            [
              -38.466578,
              -3.829972
            ],
            [
              -38.467146,
              -3.83207
            ],
            [
              -38.465529,
              -3.832978
            ],
            [
              -38.464865,
              -3.832127
            ],
            [
              -38.463536,
              -3.830205
            ],
            [
              -38.463898,
              -3.829962
            ],
            [
              -38.463743,
              -3.829713
            ],
            [
              -38.465717,
              -3.829507
            ]
          ]
        ],
        "type": "Polygon"
      },
      "properties": {
        "bairro": "LAGOA REDONDA",
        "faction": "CV",
        "generated_at": "2026-05-23T09:29:11.221276",
        "geometry_type": "Polygon",
        "is_centroid": false,
        "is_tactical": true,
        "local_street_pressure": 11.231,
        "municipality": "Fortaleza",
        "name": "Caixa D’água",
        "nearby_streets": [
          "CAIXA D’ÁGUA",
          "11 DE NOVEMBRO",
          "ARCO VERDE"
        ],
        "nearby_streets_count": 42,
        "node_id": 299,
        "parent_area": "LAGOA REDONDA",
        "parent_risk_level": "moderado",
        "parent_risk_score": 33.2,
        "parent_status": "MODERADO",
        "peak_hours": "Entre 17hs e 22hs",
        "rank": 299,
        "region": "fortaleza",
        "risk_score": 35.683,
        "score": 35.683,
        "source_geometry_type": "Polygon"
      },
      "type": "Feature"
    },
    {
      "geometry": {
        "coordinates": [
          [
            [
              -38.46667,
              -3.829944
            ],
            [
              -38.468355,
              -3.829569
            ],
            [
              -38.468215,
              -3.828723
            ],
            [
              -38.468636,
              -3.828728
            ],
            [
              -38.468849,
              -3.829596
            ],
            [
              -38.469028,
              -3.829575
            ],
            [
              -38.469071,
              -3.830025
            ],
            [
              -38.46918,
              -3.830015
            ],
            [
              -38.469242,
              -3.830358
            ],
            [
              -38.469261,
              -3.830461
            ],
            [
              -38.469254,
              -3.830548
            ],
            [
              -38.469212,
              -3.830647
            ],
            [
              -38.468562,
              -3.830962
            ],
            [
              -38.468207,
              -3.831203
            ],
            [
              -38.467939,
              -3.831454
            ],
            [
              -38.467164,
              -3.831999
            ],
            [
              -38.46667,
              -3.829944
            ]
          ]
        ],
        "type": "Polygon"
      },
      "properties": {
        "bairro": "LAGOA REDONDA",
        "faction": "CV",
        "generated_at": "2026-05-23T09:29:11.221276",
        "geometry_type": "Polygon",
        "is_centroid": false,
        "is_tactical": true,
        "local_street_pressure": 11.452,
        "municipality": "Fortaleza",
        "name": "Arco Verde",
        "nearby_streets": [
          "ARCO VERDE",
          "CAIXA D’ÁGUA",
          "11 DE NOVEMBRO"
        ],
        "nearby_streets_count": 45,
        "node_id": 300,
        "parent_area": "LAGOA REDONDA",
        "parent_risk_level": "moderado",
        "parent_risk_score": 33.2,
        "parent_status": "MODERADO",
        "peak_hours": "Entre 17hs e 22hs",
        "rank": 300,
        "region": "fortaleza",
        "risk_score": 35.678,
        "score": 35.678,
        "source_geometry_type": "Polygon"
      },
      "type": "Feature"
    },
    {
      "geometry": {
        "coordinates": [
          [
            [
              -38.597477,
              -3.746044
            ],
            [
              -38.597365,
              -3.747585
            ],
            [
              -38.596619,
              -3.747563
            ],
            [
              -38.596501,
              -3.747579
            ],
            [
              -38.596426,
              -3.747638
            ],
            [
              -38.596099,
              -3.747842
            ],
            [
              -38.596029,
              -3.747922
            ],
            [
              -38.595922,
              -3.747976
            ],
            [
              -38.595782,
              -3.747986
            ],
            [
              -38.595535,
              -3.74797
            ],
            [
              -38.595557,
              -3.747836
            ],
            [
              -38.595443,
              -3.747816
            ],
            [
              -38.595458,
              -3.74758
            ],
            [
              -38.595571,
              -3.747591
            ],
            [
              -38.595619,
              -3.746896
            ],
            [
              -38.595408,
              -3.746934
            ],
            [
              -38.59542,
              -3.747206
            ],
            [
              -38.595217,
              -3.747197
            ],
            [
              -38.595157,
              -3.746892
            ],
            [
              -38.595096,
              -3.746664
            ],
            [
              -38.593688,
              -3.746965
            ],
            [
              -38.594042,
              -3.744541
            ],
            [
              -38.594711,
              -3.744612
            ],
            [
              -38.594884,
              -3.743545
            ],
            [
              -38.59679,
              -3.743816
            ],
            [
              -38.596751,
              -3.744103
            ],
            [
              -38.596641,
              -3.744091
            ],
            [
              -38.596421,
              -3.745476
            ],
            [
              -38.596651,
              -3.745502
            ],
            [
              -38.596836,
              -3.745526
            ],
            [
              -38.596792,
              -3.745999
            ],
            [
              -38.597477,
              -3.746044
            ]
          ]
        ],
        "type": "Polygon"
      },
      "properties": {
        "bairro": "ANTÔNIO BEZERRA",
        "faction": "CV",
        "generated_at": "2026-05-23T09:29:11.221276",
        "geometry_type": "Polygon",
        "is_centroid": false,
        "is_tactical": true,
        "local_street_pressure": 11.164,
        "municipality": "Fortaleza",
        "name": "Comunidade do Aterro/Ocupação",
        "nearby_streets": [
          "COMUNIDADE DO ATERRO/OCUPAÇÃO",
          "AREA SEM NOME",
          "PORTELINHA (ALTO DO BODE)"
        ],
        "nearby_streets_count": 51,
        "node_id": 301,
        "parent_area": "ANTÔNIO BEZERRA",
        "parent_risk_level": "moderado",
        "parent_risk_score": 33.0,
        "parent_status": "MODERADO",
        "peak_hours": "Entre 18hs e 23hs",
        "rank": 301,
        "region": "fortaleza",
        "risk_score": 35.624,
        "score": 35.624,
        "source_geometry_type": "Polygon"
      },
      "type": "Feature"
    },
    {
      "geometry": {
        "coordinates": [
          [
            [
              -38.528451,
              -3.842125
            ],
            [
              -38.531059,
              -3.839971
            ],
            [
              -38.532438,
              -3.842223
            ],
            [
              -38.532376,
              -3.842294
            ],
            [
              -38.532711,
              -3.84267
            ],
            [
              -38.532893,
              -3.843216
            ],
            [
              -38.530772,
              -3.844894
            ],
            [
              -38.528451,
              -3.842125
            ]
          ]
        ],
        "type": "Polygon"
      },
      "properties": {
        "bairro": "CONJUNTO PALMEIRAS",
        "faction": "CV",
        "generated_at": "2026-05-23T09:29:11.221276",
        "geometry_type": "Polygon",
        "is_centroid": false,
        "is_tactical": true,
        "local_street_pressure": 7.2,
        "municipality": "Conj. Palmeiras I",
        "name": "Beira Rio - Conj. Palmeiras I",
        "nearby_streets": [
          "BEIRA RIO - CONJ. PALMEIRAS I",
          "BECO - CONJ. PALMEIRAS",
          "CANAL - CONJ. PALMEIRAS I"
        ],
        "nearby_streets_count": 18,
        "node_id": 302,
        "parent_area": "CONJUNTO PALMEIRAS",
        "parent_risk_level": "moderado",
        "parent_risk_score": 36.9,
        "parent_status": "MODERADO",
        "peak_hours": "Entre 15hs e 20hs",
        "rank": 302,
        "region": "fortaleza",
        "risk_score": 35.619,
        "score": 35.619,
        "source_geometry_type": "Polygon"
      },
      "type": "Feature"
    },
    {
      "geometry": {
        "coordinates": [
          [
            [
              -38.530037,
              -3.846811
            ],
            [
              -38.530279,
              -3.847098
            ],
            [
              -38.53017,
              -3.84721
            ],
            [
              -38.530355,
              -3.847388
            ],
            [
              -38.530471,
              -3.847664
            ],
            [
              -38.530768,
              -3.847587
            ],
            [
              -38.530832,
              -3.847776
            ],
            [
              -38.530292,
              -3.847915
            ],
            [
              -38.53028,
              -3.848043
            ],
            [
              -38.530413,
              -3.848211
            ],
            [
              -38.530576,
              -3.84832
            ],
            [
              -38.530127,
              -3.848651
            ],
            [
              -38.53004,
              -3.848479
            ],
            [
              -38.529821,
              -3.848516
            ],
            [
              -38.529767,
              -3.848399
            ],
            [
              -38.527891,
              -3.849912
            ],
            [
              -38.527278,
              -3.849122
            ],
            [
              -38.530037,
              -3.846811
            ]
          ]
        ],
        "type": "Polygon"
      },
      "properties": {
        "bairro": "CONJUNTO PALMEIRAS",
        "faction": "CV",
        "generated_at": "2026-05-23T09:29:11.221276",
        "geometry_type": "Polygon",
        "is_centroid": false,
        "is_tactical": true,
        "local_street_pressure": 7.655,
        "municipality": "Conj. Palmeiras I",
        "name": "Pissareira - Conj. Palmeiras I",
        "nearby_streets": [
          "PISSAREIRA - CONJ. PALMEIRAS I",
          "CANAL - CONJ. PALMEIRAS I",
          "CJ PALMEIRAS L"
        ],
        "nearby_streets_count": 18,
        "node_id": 303,
        "parent_area": "CONJUNTO PALMEIRAS",
        "parent_risk_level": "moderado",
        "parent_risk_score": 36.9,
        "parent_status": "MODERADO",
        "peak_hours": "Entre 15hs e 20hs",
        "rank": 303,
        "region": "fortaleza",
        "risk_score": 35.588,
        "score": 35.588,
        "source_geometry_type": "Polygon"
      },
      "type": "Feature"
    },
    {
      "geometry": {
        "coordinates": [
          [
            [
              -38.477028,
              -3.724187
            ],
            [
              -38.476763,
              -3.724286
            ],
            [
              -38.47673,
              -3.724312
            ],
            [
              -38.476653,
              -3.724291
            ],
            [
              -38.47662,
              -3.724216
            ],
            [
              -38.476562,
              -3.724061
            ],
            [
              -38.476465,
              -3.72409
            ],
            [
              -38.476371,
              -3.724109
            ],
            [
              -38.476339,
              -3.723927
            ],
            [
              -38.47621,
              -3.723951
            ],
            [
              -38.476216,
              -3.724021
            ],
            [
              -38.476146,
              -3.724034
            ],
            [
              -38.476148,
              -3.724085
            ],
            [
              -38.475923,
              -3.724109
            ],
            [
              -38.475907,
              -3.723959
            ],
            [
              -38.47573,
              -3.724029
            ],
            [
              -38.475438,
              -3.724117
            ],
            [
              -38.475178,
              -3.724181
            ],
            [
              -38.47518,
              -3.724264
            ],
            [
              -38.475,
              -3.724294
            ],
            [
              -38.474864,
              -3.724299
            ],
            [
              -38.474799,
              -3.72443
            ],
            [
              -38.474767,
              -3.724433
            ],
            [
              -38.474668,
              -3.724371
            ],
            [
              -38.474759,
              -3.724211
            ],
            [
              -38.474834,
              -3.724074
            ],
            [
              -38.474917,
              -3.72397
            ],
            [
              -38.474928,
              -3.723874
            ],
            [
              -38.474944,
              -3.723764
            ],
            [
              -38.475006,
              -3.723649
            ],
            [
              -38.475094,
              -3.723486
            ],
            [
              -38.475287,
              -3.723582
            ],
            [
              -38.475231,
              -3.723689
            ],
            [
              -38.475325,
              -3.723681
            ],
            [
              -38.47533,
              -3.723742
            ],
            [
              -38.475387,
              -3.72374
            ],
            [
              -38.475454,
              -3.723734
            ],
            [
              -38.476274,
              -3.723515
            ],
            [
              -38.476347,
              -3.723507
            ],
            [
              -38.476444,
              -3.723504
            ],
            [
              -38.476529,
              -3.723523
            ],
            [
              -38.476623,
              -3.72356
            ],
            [
              -38.476701,
              -3.7236
            ],
            [
              -38.476773,
              -3.723659
            ],
            [
              -38.476822,
              -3.723729
            ],
            [
              -38.476867,
              -3.723815
            ],
            [
              -38.477028,
              -3.724187
            ]
          ]
        ],
        "type": "Polygon"
      },
      "properties": {
        "bairro": "VICENTE PINZÓN",
        "faction": "CV",
        "generated_at": "2026-05-23T09:29:11.221276",
        "geometry_type": "Polygon",
        "is_centroid": false,
        "is_tactical": true,
        "local_street_pressure": 11.476,
        "municipality": "Castelo Encantado",
        "name": "Comunidade do Mirante - Castelo Encantado",
        "nearby_streets": [
          "COMUNIDADE DO MIRANTE - CASTELO ENCANTADO",
          "MIRANTE (COMPLEXO DO VICENTE PINZON)",
          "TERRA E MAR (COMPLEXO DO VICENTE PINZON)"
        ],
        "nearby_streets_count": 32,
        "node_id": 304,
        "parent_area": "VICENTE PINZÓN",
        "parent_risk_level": "moderado",
        "parent_risk_score": 33.2,
        "parent_status": "MODERADO",
        "peak_hours": "Entre 21hs e 02hs",
        "rank": 304,
        "region": "fortaleza",
        "risk_score": 35.544,
        "score": 35.544,
        "source_geometry_type": "Polygon"
      },
      "type": "Feature"
    },
    {
      "geometry": {
        "coordinates": [
          [
            [
              -38.515981,
              -3.856966
            ],
            [
              -38.516451,
              -3.858419
            ],
            [
              -38.516428,
              -3.858443
            ],
            [
              -38.515515,
              -3.85881
            ],
            [
              -38.515053,
              -3.857335
            ],
            [
              -38.515082,
              -3.857288
            ],
            [
              -38.515981,
              -3.856966
            ]
          ]
        ],
        "type": "Polygon"
      },
      "properties": {
        "bairro": "ANCURI",
        "faction": "CV",
        "generated_at": "2026-05-23T09:29:11.221276",
        "geometry_type": "Polygon",
        "is_centroid": false,
        "is_tactical": true,
        "local_street_pressure": 8.642,
        "municipality": "Fortaleza",
        "name": "Vilinha",
        "nearby_streets": [
          "VILINHA",
          "CASINHAS DO MARIA TOMASIA",
          "MARIA TOMÁSIA - JANGURUSSU"
        ],
        "nearby_streets_count": 35,
        "node_id": 305,
        "parent_area": "ANCURI",
        "parent_risk_level": "moderado",
        "parent_risk_score": 36.0,
        "parent_status": "MODERADO",
        "peak_hours": "Entre 18hs e 23hs",
        "rank": 305,
        "region": "fortaleza",
        "risk_score": 35.537,
        "score": 35.537,
        "source_geometry_type": "Polygon"
      },
      "type": "Feature"
    },
    {
      "geometry": {
        "coordinates": [
          [
            [
              -38.464512,
              -3.823286
            ],
            [
              -38.464217,
              -3.823955
            ],
            [
              -38.464066,
              -3.8239
            ],
            [
              -38.46315,
              -3.825558
            ],
            [
              -38.460937,
              -3.824852
            ],
            [
              -38.461833,
              -3.823858
            ],
            [
              -38.461779,
              -3.823838
            ],
            [
              -38.461919,
              -3.823684
            ],
            [
              -38.461959,
              -3.823703
            ],
            [
              -38.462195,
              -3.823433
            ],
            [
              -38.46228,
              -3.823417
            ],
            [
              -38.462365,
              -3.823433
            ],
            [
              -38.462506,
              -3.823537
            ],
            [
              -38.463159,
              -3.822634
            ],
            [
              -38.463344,
              -3.822704
            ],
            [
              -38.46392,
              -3.821942
            ],
            [
              -38.464247,
              -3.822121
            ],
            [
              -38.463726,
              -3.823012
            ],
            [
              -38.464512,
              -3.823286
            ]
          ]
        ],
        "type": "Polygon"
      },
      "properties": {
        "bairro": "LAGOA REDONDA",
        "faction": "CV",
        "generated_at": "2026-05-23T09:29:11.221276",
        "geometry_type": "Polygon",
        "is_centroid": false,
        "is_tactical": true,
        "local_street_pressure": 10.803,
        "municipality": "Fortaleza",
        "name": "Final Feliz",
        "nearby_streets": [
          "FINAL FELIZ",
          "AP",
          "RUA SETE"
        ],
        "nearby_streets_count": 39,
        "node_id": 306,
        "parent_area": "LAGOA REDONDA",
        "parent_risk_level": "moderado",
        "parent_risk_score": 33.2,
        "parent_status": "MODERADO",
        "peak_hours": "Entre 17hs e 22hs",
        "rank": 306,
        "region": "fortaleza",
        "risk_score": 35.278,
        "score": 35.278,
        "source_geometry_type": "Polygon"
      },
      "type": "Feature"
    },
    {
      "geometry": {
        "coordinates": [
          [
            [
              -38.530816,
              -3.844955
            ],
            [
              -38.532893,
              -3.843216
            ],
            [
              -38.533132,
              -3.843549
            ],
            [
              -38.533012,
              -3.843655
            ],
            [
              -38.533079,
              -3.843741
            ],
            [
              -38.533023,
              -3.843777
            ],
            [
              -38.533232,
              -3.844036
            ],
            [
              -38.533189,
              -3.84406
            ],
            [
              -38.533496,
              -3.844421
            ],
            [
              -38.532814,
              -3.84503
            ],
            [
              -38.533097,
              -3.845338
            ],
            [
              -38.532082,
              -3.846203
            ],
            [
              -38.531776,
              -3.845853
            ],
            [
              -38.531642,
              -3.845961
            ],
            [
              -38.530816,
              -3.844955
            ]
          ]
        ],
        "type": "Polygon"
      },
      "properties": {
        "bairro": "CONJUNTO PALMEIRAS",
        "faction": "CV",
        "generated_at": "2026-05-23T09:29:11.221276",
        "geometry_type": "Polygon",
        "is_centroid": false,
        "is_tactical": true,
        "local_street_pressure": 6.972,
        "municipality": "Conj. Palmeiras",
        "name": "Beco - Conj. Palmeiras",
        "nearby_streets": [
          "BECO - CONJ. PALMEIRAS",
          "CANAL - CONJ. PALMEIRAS I",
          "BEIRA RIO - CONJ. PALMEIRAS I"
        ],
        "nearby_streets_count": 18,
        "node_id": 307,
        "parent_area": "CONJUNTO PALMEIRAS",
        "parent_risk_level": "moderado",
        "parent_risk_score": 36.9,
        "parent_status": "MODERADO",
        "peak_hours": "Entre 15hs e 20hs",
        "rank": 307,
        "region": "fortaleza",
        "risk_score": 35.094,
        "score": 35.094,
        "source_geometry_type": "Polygon"
      },
      "type": "Feature"
    },
    {
      "geometry": {
        "coordinates": [
          [
            [
              -38.597021,
              -3.774534
            ],
            [
              -38.597954,
              -3.777948
            ],
            [
              -38.596022,
              -3.77854
            ],
            [
              -38.595983,
              -3.778068
            ],
            [
              -38.596034,
              -3.777784
            ],
            [
              -38.595952,
              -3.777515
            ],
            [
              -38.595852,
              -3.777513
            ],
            [
              -38.595526,
              -3.776923
            ],
            [
              -38.595384,
              -3.776556
            ],
            [
              -38.595456,
              -3.77635
            ],
            [
              -38.595533,
              -3.775768
            ],
            [
              -38.595642,
              -3.775281
            ],
            [
              -38.595899,
              -3.774981
            ],
            [
              -38.596242,
              -3.774788
            ],
            [
              -38.597021,
              -3.774534
            ]
          ]
        ],
        "type": "Polygon"
      },
      "properties": {
        "bairro": "GRANJA PORTUGAL",
        "faction": "CV",
        "generated_at": "2026-05-23T09:29:11.221276",
        "geometry_type": "Polygon",
        "is_centroid": false,
        "is_tactical": true,
        "local_street_pressure": 9.32,
        "municipality": "Fortaleza",
        "name": "Comunidade Bragança",
        "nearby_streets": [
          "COMUNIDADE BRAGANÇA",
          "COMUNIDADE DO CANAL OU MELA MELA",
          "FAVELA DA CAVERNINHA"
        ],
        "nearby_streets_count": 39,
        "node_id": 308,
        "parent_area": "GRANJA PORTUGAL",
        "parent_risk_level": "moderado",
        "parent_risk_score": 34.0,
        "parent_status": "MODERADO",
        "peak_hours": "Entre 16hs e 21hs",
        "rank": 308,
        "region": "fortaleza",
        "risk_score": 34.831,
        "score": 34.831,
        "source_geometry_type": "Polygon"
      },
      "type": "Feature"
    },
    {
      "geometry": {
        "coordinates": [
          [
            [
              -38.5821627,
              -3.7979927
            ],
            [
              -38.5821856,
              -3.7988865
            ],
            [
              -38.5817726,
              -3.7989133
            ],
            [
              -38.581719,
              -3.7980141
            ],
            [
              -38.5821627,
              -3.7979927
            ]
          ]
        ],
        "type": "Polygon"
      },
      "properties": {
        "bairro": "MANOEL SÁTIRO",
        "faction": "CV",
        "generated_at": "2026-05-23T09:29:11.221276",
        "geometry_type": "Polygon",
        "is_centroid": false,
        "is_tactical": true,
        "local_street_pressure": 10.872,
        "municipality": "Fortaleza",
        "name": "COMUNIDADE BACIA SECA",
        "nearby_streets": [
          "COMUNIDADE BACIA SECA",
          "COMUNIDADE CAIXA DÁGUA",
          "AREA SEM NOME"
        ],
        "nearby_streets_count": 48,
        "node_id": 309,
        "parent_area": "MANOEL SÁTIRO",
        "parent_risk_level": "moderado",
        "parent_risk_score": 32.8,
        "parent_status": "MODERADO",
        "peak_hours": "Entre 16hs e 21hs",
        "rank": 309,
        "region": "fortaleza",
        "risk_score": 34.786,
        "score": 34.786,
        "source_geometry_type": "Polygon"
      },
      "type": "Feature"
    },
    {
      "geometry": {
        "coordinates": [
          [
            [
              -38.52746,
              -3.833362
            ],
            [
              -38.52751,
              -3.833265
            ],
            [
              -38.527701,
              -3.833045
            ],
            [
              -38.527776,
              -3.833086
            ],
            [
              -38.527893,
              -3.833204
            ],
            [
              -38.527959,
              -3.833223
            ],
            [
              -38.528305,
              -3.833211
            ],
            [
              -38.52848,
              -3.833403
            ],
            [
              -38.528245,
              -3.83367
            ],
            [
              -38.528633,
              -3.834039
            ],
            [
              -38.52871,
              -3.833962
            ],
            [
              -38.529063,
              -3.834346
            ],
            [
              -38.528911,
              -3.834536
            ],
            [
              -38.529102,
              -3.834754
            ],
            [
              -38.529077,
              -3.83485
            ],
            [
              -38.528978,
              -3.83504
            ],
            [
              -38.528783,
              -3.835224
            ],
            [
              -38.528535,
              -3.835043
            ],
            [
              -38.526727,
              -3.836732
            ],
            [
              -38.525387,
              -3.835304
            ],
            [
              -38.52746,
              -3.833362
            ]
          ]
        ],
        "type": "Polygon"
      },
      "properties": {
        "bairro": "CONJUNTO PALMEIRAS",
        "faction": "CV",
        "generated_at": "2026-05-23T09:29:11.221276",
        "geometry_type": "Polygon",
        "is_centroid": false,
        "is_tactical": true,
        "local_street_pressure": 6.169,
        "municipality": "São Cristóvão",
        "name": "Sorriso - São Cristóvão",
        "nearby_streets": [
          "SORRISO - SÃO CRISTÓVÃO",
          "RUA ABENÇOADA",
          "PALMEIRAS 2"
        ],
        "nearby_streets_count": 20,
        "node_id": 310,
        "parent_area": "CONJUNTO PALMEIRAS",
        "parent_risk_level": "moderado",
        "parent_risk_score": 36.9,
        "parent_status": "MODERADO",
        "peak_hours": "Entre 15hs e 20hs",
        "rank": 310,
        "region": "fortaleza",
        "risk_score": 34.65,
        "score": 34.65,
        "source_geometry_type": "Polygon"
      },
      "type": "Feature"
    },
    {
      "geometry": {
        "coordinates": [
          [
            [
              -38.460705,
              -3.727954
            ],
            [
              -38.460072,
              -3.729107
            ],
            [
              -38.458988,
              -3.728602
            ],
            [
              -38.459567,
              -3.727611
            ],
            [
              -38.459739,
              -3.727448
            ],
            [
              -38.460015,
              -3.727571
            ],
            [
              -38.460114,
              -3.727627
            ],
            [
              -38.460101,
              -3.727667
            ],
            [
              -38.460232,
              -3.72774
            ],
            [
              -38.460705,
              -3.727954
            ]
          ]
        ],
        "type": "Polygon"
      },
      "properties": {
        "bairro": "VICENTE PINZÓN",
        "faction": "CV",
        "generated_at": "2026-05-23T09:29:11.221276",
        "geometry_type": "Polygon",
        "is_centroid": false,
        "is_tactical": true,
        "local_street_pressure": 10.173,
        "municipality": "Fortaleza",
        "name": "Comunidade do Parafuso",
        "nearby_streets": [
          "COMUNIDADE DO PARAFUSO",
          "PETECAS",
          "COMUNIDADE DA VP"
        ],
        "nearby_streets_count": 35,
        "node_id": 311,
        "parent_area": "VICENTE PINZÓN",
        "parent_risk_level": "moderado",
        "parent_risk_score": 33.2,
        "parent_status": "MODERADO",
        "peak_hours": "Entre 21hs e 02hs",
        "rank": 311,
        "region": "fortaleza",
        "risk_score": 34.626,
        "score": 34.626,
        "source_geometry_type": "Polygon"
      },
      "type": "Feature"
    },
    {
      "geometry": {
        "coordinates": [
          [
            [
              -38.5816977,
              -3.7973553
            ],
            [
              -38.5817433,
              -3.798011
            ],
            [
              -38.5814014,
              -3.798015
            ],
            [
              -38.5813705,
              -3.797362
            ],
            [
              -38.5816977,
              -3.7973553
            ]
          ]
        ],
        "type": "Polygon"
      },
      "properties": {
        "bairro": "MANOEL SÁTIRO",
        "faction": "CV",
        "generated_at": "2026-05-23T09:29:11.221276",
        "geometry_type": "Polygon",
        "is_centroid": false,
        "is_tactical": true,
        "local_street_pressure": 10.574,
        "municipality": "Fortaleza",
        "name": "COMUNIDADE CAIXA DÁGUA",
        "nearby_streets": [
          "COMUNIDADE CAIXA DÁGUA",
          "COMUNIDADE BACIA SECA",
          "VILA MANUEL SÁTIRO"
        ],
        "nearby_streets_count": 46,
        "node_id": 312,
        "parent_area": "MANOEL SÁTIRO",
        "parent_risk_level": "moderado",
        "parent_risk_score": 32.8,
        "parent_status": "MODERADO",
        "peak_hours": "Entre 16hs e 21hs",
        "rank": 312,
        "region": "fortaleza",
        "risk_score": 34.562,
        "score": 34.562,
        "source_geometry_type": "Polygon"
      },
      "type": "Feature"
    },
    {
      "geometry": {
        "coordinates": [
          [
            [
              -38.6056,
              -3.72143
            ],
            [
              -38.60526,
              -3.721086
            ],
            [
              -38.605168,
              -3.721016
            ],
            [
              -38.605238,
              -3.720976
            ],
            [
              -38.605127,
              -3.720617
            ],
            [
              -38.604931,
              -3.720673
            ],
            [
              -38.604681,
              -3.720719
            ],
            [
              -38.604128,
              -3.720936
            ],
            [
              -38.604255,
              -3.721307
            ],
            [
              -38.60405,
              -3.721484
            ],
            [
              -38.603192,
              -3.720236
            ],
            [
              -38.603015,
              -3.719899
            ],
            [
              -38.605445,
              -3.719166
            ],
            [
              -38.604636,
              -3.717844
            ],
            [
              -38.605418,
              -3.717355
            ],
            [
              -38.605151,
              -3.716393
            ],
            [
              -38.606002,
              -3.716123
            ],
            [
              -38.605752,
              -3.715302
            ],
            [
              -38.605955,
              -3.715231
            ],
            [
              -38.605735,
              -3.714653
            ],
            [
              -38.6063,
              -3.714258
            ],
            [
              -38.606682,
              -3.714013
            ],
            [
              -38.607426,
              -3.714911
            ],
            [
              -38.607575,
              -3.714835
            ],
            [
              -38.60786,
              -3.714616
            ],
            [
              -38.608085,
              -3.715033
            ],
            [
              -38.609136,
              -3.71666
            ],
            [
              -38.609576,
              -3.717346
            ],
            [
              -38.609748,
              -3.717967
            ],
            [
              -38.609555,
              -3.718588
            ],
            [
              -38.609297,
              -3.719037
            ],
            [
              -38.608922,
              -3.719572
            ],
            [
              -38.6086,
              -3.71999
            ],
            [
              -38.607838,
              -3.720515
            ],
            [
              -38.606679,
              -3.720986
            ],
            [
              -38.6056,
              -3.72143
            ]
          ]
        ],
        "type": "Polygon"
      },
      "properties": {
        "bairro": "VILA VELHA",
        "faction": "CV",
        "generated_at": "2026-05-23T09:29:11.221276",
        "geometry_type": "Polygon",
        "is_centroid": false,
        "is_tactical": true,
        "local_street_pressure": 9.222,
        "municipality": "Fortaleza",
        "name": "2.V",
        "nearby_streets": [
          "RUA SANTA LIDUÍNA",
          "2.V",
          "APS DO INFERNINHO - VILA VELHA"
        ],
        "nearby_streets_count": 28,
        "node_id": 313,
        "parent_area": "VILA VELHA",
        "parent_risk_level": "moderado",
        "parent_risk_score": 31.6,
        "parent_status": "MODERADO",
        "peak_hours": "Entre 16hs e 21hs",
        "rank": 313,
        "region": "fortaleza",
        "risk_score": 33.961,
        "score": 33.961,
        "source_geometry_type": "Polygon"
      },
      "type": "Feature"
    },
    {
      "geometry": {
        "coordinates": [
          [
            [
              -38.461842,
              -3.828055
            ],
            [
              -38.46194,
              -3.828112
            ],
            [
              -38.461955,
              -3.828095
            ],
            [
              -38.462015,
              -3.828123
            ],
            [
              -38.462037,
              -3.82819
            ],
            [
              -38.463378,
              -3.828953
            ],
            [
              -38.462158,
              -3.831297
            ],
            [
              -38.461271,
              -3.832903
            ],
            [
              -38.460992,
              -3.832505
            ],
            [
              -38.460841,
              -3.8323
            ],
            [
              -38.460615,
              -3.83205
            ],
            [
              -38.460078,
              -3.831439
            ],
            [
              -38.459874,
              -3.831209
            ],
            [
              -38.459691,
              -3.830993
            ],
            [
              -38.460037,
              -3.830571
            ],
            [
              -38.460873,
              -3.829556
            ],
            [
              -38.460941,
              -3.829582
            ],
            [
              -38.461842,
              -3.828055
            ]
          ]
        ],
        "type": "Polygon"
      },
      "properties": {
        "bairro": "LAGOA REDONDA",
        "faction": "CV",
        "generated_at": "2026-05-23T09:29:11.221276",
        "geometry_type": "Polygon",
        "is_centroid": false,
        "is_tactical": true,
        "local_street_pressure": 8.685,
        "municipality": "Fortaleza",
        "name": "Comunidade Do Brooklyn",
        "nearby_streets": [
          "COMUNIDADE DO BROOKLYN",
          "FAVELA DO PÓ",
          "RUA SETE"
        ],
        "nearby_streets_count": 30,
        "node_id": 314,
        "parent_area": "LAGOA REDONDA",
        "parent_risk_level": "moderado",
        "parent_risk_score": 33.2,
        "parent_status": "MODERADO",
        "peak_hours": "Entre 17hs e 22hs",
        "rank": 314,
        "region": "fortaleza",
        "risk_score": 33.871,
        "score": 33.871,
        "source_geometry_type": "Polygon"
      },
      "type": "Feature"
    },
    {
      "geometry": {
        "coordinates": [
          [
            [
              -38.462614,
              -3.833749
            ],
            [
              -38.463256,
              -3.83406
            ],
            [
              -38.463732,
              -3.833244
            ],
            [
              -38.463362,
              -3.832998
            ],
            [
              -38.463555,
              -3.832649
            ],
            [
              -38.464703,
              -3.833269
            ],
            [
              -38.46513,
              -3.832526
            ],
            [
              -38.465521,
              -3.833058
            ],
            [
              -38.465869,
              -3.83285
            ],
            [
              -38.465934,
              -3.833001
            ],
            [
              -38.466014,
              -3.833197
            ],
            [
              -38.466192,
              -3.833476
            ],
            [
              -38.466284,
              -3.833458
            ],
            [
              -38.46634,
              -3.833582
            ],
            [
              -38.466178,
              -3.833764
            ],
            [
              -38.466026,
              -3.833904
            ],
            [
              -38.466028,
              -3.833993
            ],
            [
              -38.466045,
              -3.834082
            ],
            [
              -38.466129,
              -3.834198
            ],
            [
              -38.466245,
              -3.83426
            ],
            [
              -38.466348,
              -3.83428
            ],
            [
              -38.46647,
              -3.834255
            ],
            [
              -38.466596,
              -3.834483
            ],
            [
              -38.466501,
              -3.834845
            ],
            [
              -38.466218,
              -3.834749
            ],
            [
              -38.465574,
              -3.834349
            ],
            [
              -38.465039,
              -3.835164
            ],
            [
              -38.464,
              -3.834518
            ],
            [
              -38.463497,
              -3.835285
            ],
            [
              -38.463024,
              -3.834984
            ],
            [
              -38.462972,
              -3.835069
            ],
            [
              -38.462347,
              -3.834688
            ],
            [
              -38.462144,
              -3.834564
            ],
            [
              -38.462168,
              -3.834493
            ],
            [
              -38.462614,
              -3.833749
            ]
          ]
        ],
        "type": "Polygon"
      },
      "properties": {
        "bairro": "LAGOA REDONDA",
        "faction": "CV",
        "generated_at": "2026-05-23T09:29:11.221276",
        "geometry_type": "Polygon",
        "is_centroid": false,
        "is_tactical": true,
        "local_street_pressure": 8.733,
        "municipality": "Fortaleza",
        "name": "Comunidade Carandiru",
        "nearby_streets": [
          "COMUNIDADE CARANDIRU",
          "CAIXA D’ÁGUA",
          "SERROTE - CURIÓ"
        ],
        "nearby_streets_count": 34,
        "node_id": 315,
        "parent_area": "LAGOA REDONDA",
        "parent_risk_level": "moderado",
        "parent_risk_score": 33.2,
        "parent_status": "MODERADO",
        "peak_hours": "Entre 17hs e 22hs",
        "rank": 315,
        "region": "fortaleza",
        "risk_score": 33.819,
        "score": 33.819,
        "source_geometry_type": "Polygon"
      },
      "type": "Feature"
    },
    {
      "geometry": {
        "coordinates": [
          [
            [
              -38.604883,
              -3.718282
            ],
            [
              -38.605151,
              -3.718721
            ],
            [
              -38.603797,
              -3.719538
            ],
            [
              -38.603536,
              -3.719101
            ],
            [
              -38.604883,
              -3.718282
            ]
          ]
        ],
        "type": "Polygon"
      },
      "properties": {
        "bairro": "VILA VELHA",
        "faction": "CV",
        "generated_at": "2026-05-23T09:29:11.221276",
        "geometry_type": "Polygon",
        "is_centroid": false,
        "is_tactical": true,
        "local_street_pressure": 10.564,
        "municipality": "Fortaleza",
        "name": "Aps do Inferninho - Vila Velha",
        "nearby_streets": [
          "APS DO INFERNINHO - VILA VELHA",
          "RESIDENCIAL TURMALINA",
          "RUA SANTA LIDUÍNA"
        ],
        "nearby_streets_count": 31,
        "node_id": 316,
        "parent_area": "VILA VELHA",
        "parent_risk_level": "moderado",
        "parent_risk_score": 31.6,
        "parent_status": "MODERADO",
        "peak_hours": "Entre 16hs e 21hs",
        "rank": 316,
        "region": "fortaleza",
        "risk_score": 33.72,
        "score": 33.72,
        "source_geometry_type": "Polygon"
      },
      "type": "Feature"
    },
    {
      "geometry": {
        "coordinates": [
          [
            [
              -38.604636,
              -3.717844
            ],
            [
              -38.604883,
              -3.718282
            ],
            [
              -38.603485,
              -3.719129
            ],
            [
              -38.603239,
              -3.718674
            ],
            [
              -38.604636,
              -3.717844
            ]
          ]
        ],
        "type": "Polygon"
      },
      "properties": {
        "bairro": "VILA VELHA",
        "faction": "CV",
        "generated_at": "2026-05-23T09:29:11.221276",
        "geometry_type": "Polygon",
        "is_centroid": false,
        "is_tactical": true,
        "local_street_pressure": 10.546,
        "municipality": "Fortaleza",
        "name": "Residencial Turmalina",
        "nearby_streets": [
          "RESIDENCIAL TURMALINA",
          "APS DO INFERNINHO - VILA VELHA",
          "RUA SANTA LIDUÍNA"
        ],
        "nearby_streets_count": 31,
        "node_id": 317,
        "parent_area": "VILA VELHA",
        "parent_risk_level": "moderado",
        "parent_risk_score": 31.6,
        "parent_status": "MODERADO",
        "peak_hours": "Entre 16hs e 21hs",
        "rank": 317,
        "region": "fortaleza",
        "risk_score": 33.708,
        "score": 33.708,
        "source_geometry_type": "Polygon"
      },
      "type": "Feature"
    },
    {
      "geometry": {
        "coordinates": [
          [
            [
              -38.604056,
              -3.714707
            ],
            [
              -38.600934,
              -3.715426
            ],
            [
              -38.600553,
              -3.714483
            ],
            [
              -38.60232,
              -3.713698
            ],
            [
              -38.603748,
              -3.713388
            ],
            [
              -38.604056,
              -3.714707
            ]
          ]
        ],
        "type": "Polygon"
      },
      "properties": {
        "bairro": "VILA VELHA",
        "faction": "CV",
        "generated_at": "2026-05-23T09:29:11.221276",
        "geometry_type": "Polygon",
        "is_centroid": false,
        "is_tactical": true,
        "local_street_pressure": 10.047,
        "municipality": "Fortaleza",
        "name": "Comunidade do Canção",
        "nearby_streets": [
          "COMUNIDADE DO CANÇÃO",
          "CASINHAS",
          "COMUNIDADE DO CANAL - VILA VELHA"
        ],
        "nearby_streets_count": 30,
        "node_id": 318,
        "parent_area": "VILA VELHA",
        "parent_risk_level": "moderado",
        "parent_risk_score": 31.6,
        "parent_status": "MODERADO",
        "peak_hours": "Entre 16hs e 21hs",
        "rank": 318,
        "region": "fortaleza",
        "risk_score": 33.511,
        "score": 33.511,
        "source_geometry_type": "Polygon"
      },
      "type": "Feature"
    },
    {
      "geometry": {
        "coordinates": [
          [
            [
              -38.605597,
              -3.714337
            ],
            [
              -38.605892,
              -3.71514
            ],
            [
              -38.601429,
              -3.716441
            ],
            [
              -38.600956,
              -3.715463
            ],
            [
              -38.601451,
              -3.715332
            ],
            [
              -38.601592,
              -3.715775
            ],
            [
              -38.60185,
              -3.7158
            ],
            [
              -38.60284,
              -3.715602
            ],
            [
              -38.602751,
              -3.715045
            ],
            [
              -38.604396,
              -3.71468
            ],
            [
              -38.604471,
              -3.714936
            ],
            [
              -38.605597,
              -3.714337
            ]
          ]
        ],
        "type": "Polygon"
      },
      "properties": {
        "bairro": "VILA VELHA",
        "faction": "CV",
        "generated_at": "2026-05-23T09:29:11.221276",
        "geometry_type": "Polygon",
        "is_centroid": false,
        "is_tactical": true,
        "local_street_pressure": 9.908,
        "municipality": "Fortaleza",
        "name": "Comunidade do Canal - Vila Velha",
        "nearby_streets": [
          "COMUNIDADE DO CANAL - VILA VELHA",
          "COMUNIDADE DO CANÇÃO",
          "CASINHAS"
        ],
        "nearby_streets_count": 29,
        "node_id": 319,
        "parent_area": "VILA VELHA",
        "parent_risk_level": "moderado",
        "parent_risk_score": 31.6,
        "parent_status": "MODERADO",
        "peak_hours": "Entre 16hs e 21hs",
        "rank": 319,
        "region": "fortaleza",
        "risk_score": 33.381,
        "score": 33.381,
        "source_geometry_type": "Polygon"
      },
      "type": "Feature"
    },
    {
      "geometry": {
        "coordinates": [
          [
            [
              -38.506158,
              -3.858335
            ],
            [
              -38.507158,
              -3.85746
            ],
            [
              -38.507239,
              -3.857813
            ],
            [
              -38.507276,
              -3.858098
            ],
            [
              -38.507281,
              -3.85832
            ],
            [
              -38.507292,
              -3.858507
            ],
            [
              -38.507362,
              -3.858716
            ],
            [
              -38.506868,
              -3.859155
            ],
            [
              -38.506158,
              -3.858335
            ]
          ]
        ],
        "type": "Polygon"
      },
      "properties": {
        "bairro": "ANCURI",
        "faction": "CV",
        "generated_at": "2026-05-23T09:29:11.221822",
        "geometry_type": "Polygon",
        "is_centroid": false,
        "is_tactical": true,
        "local_street_pressure": 5.606,
        "municipality": "Santa fé",
        "name": "Comunidade do Alto - Santa fé",
        "nearby_streets": [
          "COMUNIDADE DO ALTO - SANTA FÉ",
          "CONJUNTO VITÓRIA",
          "AREA SEM NOME"
        ],
        "nearby_streets_count": 13,
        "node_id": 320,
        "parent_area": "ANCURI",
        "parent_risk_level": "moderado",
        "parent_risk_score": 36.0,
        "parent_status": "MODERADO",
        "peak_hours": "Entre 18hs e 23hs",
        "rank": 320,
        "region": "fortaleza",
        "risk_score": 33.321,
        "score": 33.321,
        "source_geometry_type": "Polygon"
      },
      "type": "Feature"
    },
    {
      "geometry": {
        "coordinates": [
          [
            [
              -38.605581,
              -3.72142
            ],
            [
              -38.605515,
              -3.721496
            ],
            [
              -38.605325,
              -3.721642
            ],
            [
              -38.60527,
              -3.721561
            ],
            [
              -38.605152,
              -3.721624
            ],
            [
              -38.605083,
              -3.721576
            ],
            [
              -38.604984,
              -3.721612
            ],
            [
              -38.604769,
              -3.721308
            ],
            [
              -38.604345,
              -3.721442
            ],
            [
              -38.6042,
              -3.721148
            ],
            [
              -38.604145,
              -3.720941
            ],
            [
              -38.604622,
              -3.720734
            ],
            [
              -38.604931,
              -3.720673
            ],
            [
              -38.605127,
              -3.720617
            ],
            [
              -38.605238,
              -3.720976
            ],
            [
              -38.605168,
              -3.721016
            ],
            [
              -38.605581,
              -3.72142
            ]
          ]
        ],
        "type": "Polygon"
      },
      "properties": {
        "bairro": "VILA VELHA",
        "faction": "CV",
        "generated_at": "2026-05-23T09:29:11.221822",
        "geometry_type": "Polygon",
        "is_centroid": false,
        "is_tactical": true,
        "local_street_pressure": 9.852,
        "municipality": "Fortaleza",
        "name": "Portelinha",
        "nearby_streets": [
          "PORTELINHA",
          "APS DO INFERNINHO - VILA VELHA",
          "RUA SANTA LIDUÍNA"
        ],
        "nearby_streets_count": 34,
        "node_id": 321,
        "parent_area": "VILA VELHA",
        "parent_risk_level": "moderado",
        "parent_risk_score": 31.6,
        "parent_status": "MODERADO",
        "peak_hours": "Entre 16hs e 21hs",
        "rank": 321,
        "region": "fortaleza",
        "risk_score": 33.206,
        "score": 33.206,
        "source_geometry_type": "Polygon"
      },
      "type": "Feature"
    },
    {
      "geometry": {
        "coordinates": [
          [
            [
              -38.605024,
              -3.711988
            ],
            [
              -38.604847,
              -3.712121
            ],
            [
              -38.60351,
              -3.712376
            ],
            [
              -38.60188,
              -3.712744
            ],
            [
              -38.600935,
              -3.71311
            ],
            [
              -38.600052,
              -3.71349
            ],
            [
              -38.599418,
              -3.711802
            ],
            [
              -38.59839,
              -3.709248
            ],
            [
              -38.599419,
              -3.708978
            ],
            [
              -38.598725,
              -3.708187
            ],
            [
              -38.598953,
              -3.707995
            ],
            [
              -38.599108,
              -3.70822
            ],
            [
              -38.5995,
              -3.708648
            ],
            [
              -38.59995,
              -3.70913
            ],
            [
              -38.600508,
              -3.709558
            ],
            [
              -38.600841,
              -3.709805
            ],
            [
              -38.601163,
              -3.709558
            ],
            [
              -38.601463,
              -3.709227
            ],
            [
              -38.601721,
              -3.708905
            ],
            [
              -38.601892,
              -3.708456
            ],
            [
              -38.602064,
              -3.708092
            ],
            [
              -38.602096,
              -3.707696
            ],
            [
              -38.60244,
              -3.707374
            ],
            [
              -38.60348,
              -3.707642
            ],
            [
              -38.60362,
              -3.708242
            ],
            [
              -38.603577,
              -3.708905
            ],
            [
              -38.603577,
              -3.709484
            ],
            [
              -38.60347,
              -3.710083
            ],
            [
              -38.603899,
              -3.710415
            ],
            [
              -38.604199,
              -3.710145
            ],
            [
              -38.604398,
              -3.709972
            ],
            [
              -38.604459,
              -3.710055
            ],
            [
              -38.604336,
              -3.710147
            ],
            [
              -38.60401,
              -3.710462
            ],
            [
              -38.604103,
              -3.710576
            ],
            [
              -38.604332,
              -3.710243
            ],
            [
              -38.60546,
              -3.709693
            ],
            [
              -38.605657,
              -3.710117
            ],
            [
              -38.606859,
              -3.710414
            ],
            [
              -38.608093,
              -3.71087
            ],
            [
              -38.608934,
              -3.712514
            ],
            [
              -38.608865,
              -3.710805
            ],
            [
              -38.608913,
              -3.709095
            ],
            [
              -38.609601,
              -3.709
            ],
            [
              -38.609733,
              -3.709087
            ],
            [
              -38.609944,
              -3.709618
            ],
            [
              -38.610111,
              -3.71092
            ],
            [
              -38.610286,
              -3.712764
            ],
            [
              -38.609814,
              -3.712852
            ],
            [
              -38.609876,
              -3.712966
            ],
            [
              -38.609789,
              -3.713489
            ],
            [
              -38.609568,
              -3.713525
            ],
            [
              -38.609136,
              -3.713608
            ],
            [
              -38.608625,
              -3.713786
            ],
            [
              -38.608873,
              -3.714094
            ],
            [
              -38.609156,
              -3.714748
            ],
            [
              -38.609364,
              -3.71462
            ],
            [
              -38.609383,
              -3.714675
            ],
            [
              -38.608311,
              -3.715415
            ],
            [
              -38.60786,
              -3.714616
            ],
            [
              -38.607426,
              -3.714911
            ],
            [
              -38.606682,
              -3.714013
            ],
            [
              -38.605767,
              -3.71307
            ],
            [
              -38.605024,
              -3.711988
            ]
          ]
        ],
        "type": "Polygon"
      },
      "properties": {
        "bairro": "VILA VELHA",
        "faction": "CV",
        "generated_at": "2026-05-23T09:29:11.221822",
        "geometry_type": "Polygon",
        "is_centroid": false,
        "is_tactical": true,
        "local_street_pressure": 6.992,
        "municipality": "Fortaleza",
        "name": "Comunidade Gafanhotos",
        "nearby_streets": [
          "COMUNIDADE GAFANHOTOS",
          "BECO DO JEREMIAS",
          "COMUNIDADE O.R"
        ],
        "nearby_streets_count": 20,
        "node_id": 322,
        "parent_area": "VILA VELHA",
        "parent_risk_level": "moderado",
        "parent_risk_score": 31.6,
        "parent_status": "MODERADO",
        "peak_hours": "Entre 16hs e 21hs",
        "rank": 322,
        "region": "fortaleza",
        "risk_score": 33.103,
        "score": 33.103,
        "source_geometry_type": "Polygon"
      },
      "type": "Feature"
    },
    {
      "geometry": {
        "coordinates": [
          [
            [
              -38.604257,
              -3.71467
            ],
            [
              -38.604106,
              -3.714704
            ],
            [
              -38.603998,
              -3.714163
            ],
            [
              -38.603882,
              -3.713802
            ],
            [
              -38.603775,
              -3.713394
            ],
            [
              -38.603628,
              -3.712888
            ],
            [
              -38.60351,
              -3.712376
            ],
            [
              -38.604392,
              -3.712199
            ],
            [
              -38.604847,
              -3.712121
            ],
            [
              -38.605055,
              -3.711979
            ],
            [
              -38.605349,
              -3.712444
            ],
            [
              -38.605377,
              -3.712513
            ],
            [
              -38.605056,
              -3.712699
            ],
            [
              -38.604707,
              -3.712732
            ],
            [
              -38.604504,
              -3.712762
            ],
            [
              -38.604181,
              -3.712892
            ],
            [
              -38.604133,
              -3.712913
            ],
            [
              -38.6042,
              -3.713093
            ],
            [
              -38.605516,
              -3.712728
            ],
            [
              -38.605602,
              -3.712846
            ],
            [
              -38.605174,
              -3.712982
            ],
            [
              -38.605304,
              -3.713516
            ],
            [
              -38.604912,
              -3.713654
            ],
            [
              -38.604853,
              -3.713741
            ],
            [
              -38.604764,
              -3.713807
            ],
            [
              -38.604663,
              -3.713825
            ],
            [
              -38.604825,
              -3.714266
            ],
            [
              -38.604513,
              -3.714444
            ],
            [
              -38.604246,
              -3.714536
            ],
            [
              -38.604257,
              -3.71467
            ]
          ]
        ],
        "type": "Polygon"
      },
      "properties": {
        "bairro": "VILA VELHA",
        "faction": "CV",
        "generated_at": "2026-05-23T09:29:11.221822",
        "geometry_type": "Polygon",
        "is_centroid": false,
        "is_tactical": true,
        "local_street_pressure": 9.295,
        "municipality": "Fortaleza",
        "name": "Comunidade O.R",
        "nearby_streets": [
          "COMUNIDADE O.R",
          "BECO DO JEREMIAS",
          "CASINHAS"
        ],
        "nearby_streets_count": 24,
        "node_id": 323,
        "parent_area": "VILA VELHA",
        "parent_risk_level": "moderado",
        "parent_risk_score": 31.6,
        "parent_status": "MODERADO",
        "peak_hours": "Entre 16hs e 21hs",
        "rank": 323,
        "region": "fortaleza",
        "risk_score": 32.901,
        "score": 32.901,
        "source_geometry_type": "Polygon"
      },
      "type": "Feature"
    },
    {
      "geometry": {
        "coordinates": [
          [
            [
              -38.60351,
              -3.712376
            ],
            [
              -38.603775,
              -3.713394
            ],
            [
              -38.602246,
              -3.713729
            ],
            [
              -38.601894,
              -3.712774
            ],
            [
              -38.602692,
              -3.712578
            ],
            [
              -38.60351,
              -3.712376
            ]
          ]
        ],
        "type": "Polygon"
      },
      "properties": {
        "bairro": "VILA VELHA",
        "faction": "CV",
        "generated_at": "2026-05-23T09:29:11.221822",
        "geometry_type": "Polygon",
        "is_centroid": false,
        "is_tactical": true,
        "local_street_pressure": 9.177,
        "municipality": "Fortaleza",
        "name": "Casinhas",
        "nearby_streets": [
          "CASINHAS",
          "COMUNIDADE DO CANÇÃO",
          "COMUNIDADE O.R"
        ],
        "nearby_streets_count": 25,
        "node_id": 324,
        "parent_area": "VILA VELHA",
        "parent_risk_level": "moderado",
        "parent_risk_score": 31.6,
        "parent_status": "MODERADO",
        "peak_hours": "Entre 16hs e 21hs",
        "rank": 324,
        "region": "fortaleza",
        "risk_score": 32.76,
        "score": 32.76,
        "source_geometry_type": "Polygon"
      },
      "type": "Feature"
    },
    {
      "geometry": {
        "coordinates": [
          [
            [
              -38.605377,
              -3.712513
            ],
            [
              -38.605516,
              -3.712728
            ],
            [
              -38.605213,
              -3.712817
            ],
            [
              -38.6042,
              -3.713093
            ],
            [
              -38.604133,
              -3.712913
            ],
            [
              -38.604504,
              -3.712762
            ],
            [
              -38.604683,
              -3.712738
            ],
            [
              -38.605056,
              -3.712699
            ],
            [
              -38.605377,
              -3.712513
            ]
          ]
        ],
        "type": "Polygon"
      },
      "properties": {
        "bairro": "VILA VELHA",
        "faction": "CV",
        "generated_at": "2026-05-23T09:29:11.221822",
        "geometry_type": "Polygon",
        "is_centroid": false,
        "is_tactical": true,
        "local_street_pressure": 8.645,
        "municipality": "Fortaleza",
        "name": "Beco do Jeremias",
        "nearby_streets": [
          "BECO DO JEREMIAS",
          "COMUNIDADE O.R",
          "COMUNIDADE GAFANHOTOS"
        ],
        "nearby_streets_count": 21,
        "node_id": 325,
        "parent_area": "VILA VELHA",
        "parent_risk_level": "moderado",
        "parent_risk_score": 31.6,
        "parent_status": "MODERADO",
        "peak_hours": "Entre 16hs e 21hs",
        "rank": 325,
        "region": "fortaleza",
        "risk_score": 32.308,
        "score": 32.308,
        "source_geometry_type": "Polygon"
      },
      "type": "Feature"
    },
    {
      "geometry": {
        "coordinates": [
          [
            [
              -38.593627,
              -3.710662
            ],
            [
              -38.594126,
              -3.71049
            ],
            [
              -38.59423,
              -3.710838
            ],
            [
              -38.595035,
              -3.710587
            ],
            [
              -38.594963,
              -3.710247
            ],
            [
              -38.596336,
              -3.709848
            ],
            [
              -38.596701,
              -3.711031
            ],
            [
              -38.593943,
              -3.711802
            ],
            [
              -38.593627,
              -3.710662
            ]
          ]
        ],
        "type": "Polygon"
      },
      "properties": {
        "bairro": "VILA VELHA",
        "faction": "CV",
        "generated_at": "2026-05-23T09:29:11.221822",
        "geometry_type": "Polygon",
        "is_centroid": false,
        "is_tactical": true,
        "local_street_pressure": 8.393,
        "municipality": "Fortaleza",
        "name": "12",
        "nearby_streets": [
          "12",
          "ESTRADINHA DO GARFANHOTOS - VILA VELHA",
          "AREA SEM NOME"
        ],
        "nearby_streets_count": 43,
        "node_id": 326,
        "parent_area": "VILA VELHA",
        "parent_risk_level": "moderado",
        "parent_risk_score": 31.6,
        "parent_status": "MODERADO",
        "peak_hours": "Entre 16hs e 21hs",
        "rank": 326,
        "region": "fortaleza",
        "risk_score": 32.268,
        "score": 32.268,
        "source_geometry_type": "Polygon"
      },
      "type": "Feature"
    },
    {
      "geometry": {
        "coordinates": [
          [
            [
              -38.457804,
              -3.825304
            ],
            [
              -38.457483,
              -3.825374
            ],
            [
              -38.457654,
              -3.826503
            ],
            [
              -38.457365,
              -3.826589
            ],
            [
              -38.457429,
              -3.827017
            ],
            [
              -38.4581,
              -3.826974
            ],
            [
              -38.458158,
              -3.827847
            ],
            [
              -38.45766,
              -3.82789
            ],
            [
              -38.457611,
              -3.827724
            ],
            [
              -38.456335,
              -3.827991
            ],
            [
              -38.4562,
              -3.827242
            ],
            [
              -38.456318,
              -3.82721
            ],
            [
              -38.456013,
              -3.825727
            ],
            [
              -38.455825,
              -3.825615
            ],
            [
              -38.455251,
              -3.826005
            ],
            [
              -38.454582,
              -3.824502
            ],
            [
              -38.455183,
              -3.824106
            ],
            [
              -38.455258,
              -3.824229
            ],
            [
              -38.455661,
              -3.825112
            ],
            [
              -38.456288,
              -3.824845
            ],
            [
              -38.456809,
              -3.824834
            ],
            [
              -38.457501,
              -3.824631
            ],
            [
              -38.457804,
              -3.825304
            ]
          ]
        ],
        "type": "Polygon"
      },
      "properties": {
        "bairro": "LAGOA REDONDA",
        "faction": "CV",
        "generated_at": "2026-05-23T09:29:11.221822",
        "geometry_type": "Polygon",
        "is_centroid": false,
        "is_tactical": true,
        "local_street_pressure": 6.424,
        "municipality": "Fortaleza",
        "name": "Palmeirinha",
        "nearby_streets": [
          "PALMEIRINHA",
          "COMUNIDADE ISABELZINHA",
          "RUA SETE"
        ],
        "nearby_streets_count": 21,
        "node_id": 327,
        "parent_area": "LAGOA REDONDA",
        "parent_risk_level": "moderado",
        "parent_risk_score": 33.2,
        "parent_status": "MODERADO",
        "peak_hours": "Entre 17hs e 22hs",
        "rank": 327,
        "region": "fortaleza",
        "risk_score": 32.147,
        "score": 32.147,
        "source_geometry_type": "Polygon"
      },
      "type": "Feature"
    },
    {
      "geometry": {
        "coordinates": [
          [
            [
              [
                -38.456927,
                -3.821189
              ],
              [
                -38.458006,
                -3.820642
              ],
              [
                -38.458234,
                -3.821354
              ],
              [
                -38.457227,
                -3.8218
              ],
              [
                -38.456927,
                -3.821189
              ]
            ]
          ],
          [
            [
              [
                -38.458234,
                -3.821354
              ],
              [
                -38.45899,
                -3.820994
              ],
              [
                -38.459778,
                -3.822478
              ],
              [
                -38.458816,
                -3.823265
              ],
              [
                -38.458697,
                -3.822928
              ],
              [
                -38.458109,
                -3.823085
              ],
              [
                -38.457873,
                -3.822352
              ],
              [
                -38.45821,
                -3.822192
              ],
              [
                -38.458187,
                -3.822081
              ],
              [
                -38.458413,
                -3.821941
              ],
              [
                -38.458234,
                -3.821354
              ]
            ]
          ],
          [
            [
              [
                -38.455984,
                -3.821763
              ],
              [
                -38.456085,
                -3.821939
              ],
              [
                -38.455629,
                -3.822212
              ],
              [
                -38.455663,
                -3.822374
              ],
              [
                -38.45579,
                -3.822503
              ],
              [
                -38.455876,
                -3.822717
              ],
              [
                -38.456284,
                -3.822609
              ],
              [
                -38.456438,
                -3.823116
              ],
              [
                -38.456388,
                -3.823428
              ],
              [
                -38.456661,
                -3.823535
              ],
              [
                -38.456641,
                -3.824027
              ],
              [
                -38.454855,
                -3.823539
              ],
              [
                -38.454615,
                -3.822455
              ],
              [
                -38.455984,
                -3.821763
              ]
            ]
          ]
        ],
        "type": "MultiPolygon"
      },
      "properties": {
        "bairro": "LAGOA REDONDA",
        "faction": "CV",
        "generated_at": "2026-05-23T09:29:11.221822",
        "geometry_type": "MultiPolygon",
        "is_centroid": false,
        "is_tactical": true,
        "local_street_pressure": 6.405,
        "municipality": "Fortaleza",
        "name": "Comunidade Isabelzinha",
        "nearby_streets": [
          "COMUNIDADE ISABELZINHA",
          "PALMEIRINHA",
          "FINAL FELIZ"
        ],
        "nearby_streets_count": 27,
        "node_id": 328,
        "parent_area": "LAGOA REDONDA",
        "parent_risk_level": "moderado",
        "parent_risk_score": 33.2,
        "parent_status": "MODERADO",
        "peak_hours": "Entre 17hs e 22hs",
        "rank": 328,
        "region": "fortaleza",
        "risk_score": 32.109,
        "score": 32.109,
        "source_geometry_type": "MultiPolygon"
      },
      "type": "Feature"
    },
    {
      "geometry": {
        "coordinates": [
          [
            [
              -38.598446,
              -3.735409
            ],
            [
              -38.598433,
              -3.735696
            ],
            [
              -38.598302,
              -3.73659
            ],
            [
              -38.598225,
              -3.736928
            ],
            [
              -38.597899,
              -3.73735
            ],
            [
              -38.597817,
              -3.737356
            ],
            [
              -38.597405,
              -3.737183
            ],
            [
              -38.597337,
              -3.737176
            ],
            [
              -38.597233,
              -3.73716
            ],
            [
              -38.596917,
              -3.737034
            ],
            [
              -38.596928,
              -3.737002
            ],
            [
              -38.596892,
              -3.736989
            ],
            [
              -38.596874,
              -3.736973
            ],
            [
              -38.595244,
              -3.736304
            ],
            [
              -38.595265,
              -3.736142
            ],
            [
              -38.596099,
              -3.735965
            ],
            [
              -38.59613,
              -3.735838
            ],
            [
              -38.596548,
              -3.734801
            ],
            [
              -38.597203,
              -3.735089
            ],
            [
              -38.597557,
              -3.735239
            ],
            [
              -38.597837,
              -3.735332
            ],
            [
              -38.597977,
              -3.735563
            ],
            [
              -38.598117,
              -3.735569
            ],
            [
              -38.598446,
              -3.735409
            ]
          ]
        ],
        "type": "Polygon"
      },
      "properties": {
        "bairro": "ANTÔNIO BEZERRA",
        "faction": "CV",
        "generated_at": "2026-05-23T09:29:11.221822",
        "geometry_type": "Polygon",
        "is_centroid": false,
        "is_tactical": true,
        "local_street_pressure": 6.17,
        "municipality": "Quintino Cunha",
        "name": "Comunidade do Sossego - Quintino Cunha",
        "nearby_streets": [
          "COMUNIDADE DO SOSSEGO - QUINTINO CUNHA",
          "RUA ANÁRIO BRAGA",
          "COMUNIDADE DOS PLÁSTICOS - QUINTINO CUNHA"
        ],
        "nearby_streets_count": 14,
        "node_id": 329,
        "parent_area": "ANTÔNIO BEZERRA",
        "parent_risk_level": "moderado",
        "parent_risk_score": 33.0,
        "parent_status": "MODERADO",
        "peak_hours": "Entre 18hs e 23hs",
        "rank": 329,
        "region": "fortaleza",
        "risk_score": 31.733,
        "score": 31.733,
        "source_geometry_type": "Polygon"
      },
      "type": "Feature"
    },
    {
      "geometry": {
        "coordinates": [
          [
            [
              -38.598953,
              -3.707995
            ],
            [
              -38.598725,
              -3.708187
            ],
            [
              -38.598356,
              -3.70789
            ],
            [
              -38.59811,
              -3.707719
            ],
            [
              -38.597782,
              -3.707542
            ],
            [
              -38.597541,
              -3.707446
            ],
            [
              -38.597128,
              -3.707258
            ],
            [
              -38.596784,
              -3.707076
            ],
            [
              -38.59642,
              -3.7069
            ],
            [
              -38.595921,
              -3.7066
            ],
            [
              -38.595642,
              -3.706391
            ],
            [
              -38.595374,
              -3.706193
            ],
            [
              -38.595052,
              -3.705915
            ],
            [
              -38.594886,
              -3.705771
            ],
            [
              -38.59464,
              -3.705992
            ],
            [
              -38.594478,
              -3.705861
            ],
            [
              -38.594126,
              -3.705494
            ],
            [
              -38.594322,
              -3.705307
            ],
            [
              -38.593603,
              -3.704657
            ],
            [
              -38.59334,
              -3.704405
            ],
            [
              -38.593131,
              -3.704202
            ],
            [
              -38.592922,
              -3.703955
            ],
            [
              -38.593056,
              -3.703816
            ],
            [
              -38.593373,
              -3.704057
            ],
            [
              -38.593544,
              -3.704143
            ],
            [
              -38.593791,
              -3.704416
            ],
            [
              -38.594043,
              -3.704635
            ],
            [
              -38.594279,
              -3.704801
            ],
            [
              -38.594387,
              -3.704951
            ],
            [
              -38.594574,
              -3.704812
            ],
            [
              -38.594682,
              -3.70494
            ],
            [
              -38.594569,
              -3.705064
            ],
            [
              -38.594676,
              -3.705154
            ],
            [
              -38.594918,
              -3.705422
            ],
            [
              -38.594816,
              -3.705492
            ],
            [
              -38.595122,
              -3.705733
            ],
            [
              -38.59532,
              -3.705829
            ],
            [
              -38.595653,
              -3.706064
            ],
            [
              -38.59584,
              -3.706188
            ],
            [
              -38.595905,
              -3.706123
            ],
            [
              -38.596012,
              -3.70614
            ],
            [
              -38.595948,
              -3.70622
            ],
            [
              -38.596178,
              -3.706364
            ],
            [
              -38.596114,
              -3.706429
            ],
            [
              -38.596302,
              -3.706546
            ],
            [
              -38.596446,
              -3.706316
            ],
            [
              -38.596656,
              -3.706434
            ],
            [
              -38.596613,
              -3.706578
            ],
            [
              -38.596699,
              -3.706643
            ],
            [
              -38.596656,
              -3.70676
            ],
            [
              -38.596935,
              -3.706884
            ],
            [
              -38.597047,
              -3.70675
            ],
            [
              -38.597165,
              -3.706873
            ],
            [
              -38.597139,
              -3.706964
            ],
            [
              -38.597364,
              -3.707071
            ],
            [
              -38.597707,
              -3.70721
            ],
            [
              -38.598072,
              -3.707403
            ],
            [
              -38.598351,
              -3.70759
            ],
            [
              -38.598684,
              -3.70781
            ],
            [
              -38.598796,
              -3.707869
            ],
            [
              -38.598953,
              -3.707995
            ]
          ]
        ],
        "type": "Polygon"
      },
      "properties": {
        "bairro": "VILA VELHA",
        "faction": "CV",
        "generated_at": "2026-05-23T09:29:11.221822",
        "geometry_type": "Polygon",
        "is_centroid": false,
        "is_tactical": true,
        "local_street_pressure": 7.357,
        "municipality": "Fortaleza",
        "name": "Estradinha do Garfanhotos - Vila Velha",
        "nearby_streets": [
          "ESTRADINHA DO GARFANHOTOS - VILA VELHA",
          "12",
          "COMUNIDADE GAFANHOTOS"
        ],
        "nearby_streets_count": 38,
        "node_id": 330,
        "parent_area": "VILA VELHA",
        "parent_risk_level": "moderado",
        "parent_risk_score": 31.6,
        "parent_status": "MODERADO",
        "peak_hours": "Entre 16hs e 21hs",
        "rank": 330,
        "region": "fortaleza",
        "risk_score": 31.48,
        "score": 31.48,
        "source_geometry_type": "Polygon"
      },
      "type": "Feature"
    },
    {
      "geometry": {
        "coordinates": [
          [
            [
              -38.460914,
              -3.833812
            ],
            [
              -38.462168,
              -3.834493
            ],
            [
              -38.462144,
              -3.834564
            ],
            [
              -38.462347,
              -3.834688
            ],
            [
              -38.462079,
              -3.83512
            ],
            [
              -38.46257,
              -3.835409
            ],
            [
              -38.46237,
              -3.835758
            ],
            [
              -38.463006,
              -3.836146
            ],
            [
              -38.462615,
              -3.836798
            ],
            [
              -38.461562,
              -3.836134
            ],
            [
              -38.461309,
              -3.836546
            ],
            [
              -38.460882,
              -3.836329
            ],
            [
              -38.460753,
              -3.836434
            ],
            [
              -38.460602,
              -3.836527
            ],
            [
              -38.4604,
              -3.836568
            ],
            [
              -38.460198,
              -3.83657
            ],
            [
              -38.460186,
              -3.836635
            ],
            [
              -38.460108,
              -3.836637
            ],
            [
              -38.460095,
              -3.836571
            ],
            [
              -38.459846,
              -3.83657
            ],
            [
              -38.459802,
              -3.836896
            ],
            [
              -38.45964,
              -3.83729
            ],
            [
              -38.45939,
              -3.837186
            ],
            [
              -38.459324,
              -3.837313
            ],
            [
              -38.459176,
              -3.837255
            ],
            [
              -38.45923,
              -3.837093
            ],
            [
              -38.459132,
              -3.837069
            ],
            [
              -38.459299,
              -3.83665
            ],
            [
              -38.459557,
              -3.836096
            ],
            [
              -38.459613,
              -3.835834
            ],
            [
              -38.459539,
              -3.835817
            ],
            [
              -38.45957,
              -3.835757
            ],
            [
              -38.459753,
              -3.835224
            ],
            [
              -38.459898,
              -3.834847
            ],
            [
              -38.460241,
              -3.834266
            ],
            [
              -38.459836,
              -3.834081
            ],
            [
              -38.460177,
              -3.833452
            ],
            [
              -38.460914,
              -3.833812
            ]
          ]
        ],
        "type": "Polygon"
      },
      "properties": {
        "bairro": "LAGOA REDONDA",
        "faction": "CV",
        "generated_at": "2026-05-23T09:29:11.221822",
        "geometry_type": "Polygon",
        "is_centroid": false,
        "is_tactical": true,
        "local_street_pressure": 4.985,
        "municipality": "Curió",
        "name": "Serrote - Curió",
        "nearby_streets": [
          "SERROTE - CURIÓ",
          "COMUNIDADE CARANDIRU",
          "COMUNIDADE DO BROOKLYN"
        ],
        "nearby_streets_count": 17,
        "node_id": 331,
        "parent_area": "LAGOA REDONDA",
        "parent_risk_level": "moderado",
        "parent_risk_score": 33.2,
        "parent_status": "MODERADO",
        "peak_hours": "Entre 17hs e 22hs",
        "rank": 331,
        "region": "fortaleza",
        "risk_score": 31.154,
        "score": 31.154,
        "source_geometry_type": "Polygon"
      },
      "type": "Feature"
    },
    {
      "geometry": {
        "coordinates": [
          [
            [
              -38.448989,
              -3.808656
            ],
            [
              -38.449072,
              -3.808087
            ],
            [
              -38.449423,
              -3.808067
            ],
            [
              -38.449494,
              -3.80798
            ],
            [
              -38.45004,
              -3.808001
            ],
            [
              -38.449987,
              -3.808347
            ],
            [
              -38.452079,
              -3.80847
            ],
            [
              -38.452151,
              -3.80917
            ],
            [
              -38.45311,
              -3.809176
            ],
            [
              -38.453204,
              -3.809942
            ],
            [
              -38.452844,
              -3.809994
            ],
            [
              -38.452854,
              -3.810266
            ],
            [
              -38.452682,
              -3.810308
            ],
            [
              -38.452731,
              -3.810615
            ],
            [
              -38.45256,
              -3.810714
            ],
            [
              -38.452448,
              -3.810136
            ],
            [
              -38.452149,
              -3.810138
            ],
            [
              -38.452094,
              -3.810086
            ],
            [
              -38.4518,
              -3.810153
            ],
            [
              -38.452007,
              -3.810841
            ],
            [
              -38.451416,
              -3.811063
            ],
            [
              -38.451227,
              -3.809255
            ],
            [
              -38.448989,
              -3.808656
            ]
          ]
        ],
        "type": "Polygon"
      },
      "properties": {
        "bairro": "LAGOA REDONDA",
        "faction": "CV",
        "generated_at": "2026-05-23T09:29:11.221822",
        "geometry_type": "Polygon",
        "is_centroid": false,
        "is_tactical": true,
        "local_street_pressure": 2.199,
        "municipality": "Fortaleza",
        "name": "Beco do 12",
        "nearby_streets": [
          "BECO DO 12",
          "ALDEIA",
          "BARRO DURO"
        ],
        "nearby_streets_count": 9,
        "node_id": 332,
        "parent_area": "LAGOA REDONDA",
        "parent_risk_level": "moderado",
        "parent_risk_score": 33.2,
        "parent_status": "MODERADO",
        "peak_hours": "Entre 17hs e 22hs",
        "rank": 332,
        "region": "fortaleza",
        "risk_score": 29.017,
        "score": 29.017,
        "source_geometry_type": "Polygon"
      },
      "type": "Feature"
    }
  ],
  "metadata": {
    "generated_at": "2026-05-23T09:29:11.221822",
    "region": "capital",
    "source": "Sentinela Micronodes Dynamic Overlay",
    "threshold_min_score": 31.0,
    "total": 332
  },
  "type": "FeatureCollection"
}