agencia,ais,area_faccao,arma,bairro,cidade,comment,consolidado,data,database,editar,excluir,hora,id,id_evento,idade,latitude,longitude,name,sexo,tipo,tipo_evento,type,version,dia_semana,eh_feriado,dia_quente_cvp,clima,precipitacao_mm,qtd_mortes,nature,ais_original,regiao_risp
2.0,AIS 05,,,MONTESE,Fortaleza,,Sim,2026-02-19,,,,12:21:28,74810.0,4390795.0,,-3.7643831711,-38.5429787577,,,cvp,ROUBO A PESSOA,,,Quinta-feira,False,False,Nublado,3.1,,,AIS 05,CAPITAL OESTE
2.0,AIS 05,,,MONTESE,Fortaleza,,Sim,2026-02-19,,,,12:21:28,75217.0,4390795.0,,-3.7643831711,-38.5429787577,,,cvp,ROUBO A PESSOA,,,Quinta-feira,False,False,Nublado,3.1,,,AIS 05,CAPITAL OESTE
2.0,AIS 05,,,MONTESE,Fortaleza,,Sim,2026-02-19,,,,12:21:28,75583.0,4390795.0,,-3.7643831711,-38.5429787577,,,cvp,ROUBO A PESSOA,,,Quinta-feira,False,False,Nublado,3.1,,,AIS 05,CAPITAL OESTE
2.0,AIS 12,,,PARQUE SOLEDADE,Caucaia,,Sim,2026-02-19,,,,19:47:14,74811.0,4390460.0,,-3.7333613591,-38.6552907795,,,cvp,ROUBO A PESSOA,,,Quinta-feira,False,False,Nublado,3.1,,,AIS 12,RMF OESTE
2.0,AIS 12,,,PARQUE SOLEDADE,Caucaia,,Sim,2026-02-19,,,,19:47:14,75212.0,4390460.0,,-3.7333613591,-38.6552907795,,,cvp,ROUBO A PESSOA,,,Quinta-feira,False,False,Nublado,3.1,,,AIS 12,RMF OESTE
2.0,AIS 12,,,PARQUE SOLEDADE,Caucaia,,Sim,2026-02-19,,,,19:47:14,75578.0,4390460.0,,-3.7333613591,-38.6552907795,,,cvp,ROUBO A PESSOA,,,Quinta-feira,False,False,Nublado,3.1,,,AIS 12,RMF OESTE
2.0,AIS 19,,,JOAQUIM TÁVORA,Fortaleza,,Sim,2026-02-19,,,,06:21:23,74812.0,4390792.0,,-3.7452071411,-38.5111434081,,,cvp,ROUBO A PESSOA,,,Quinta-feira,False,False,Nublado,3.1,,,AIS 19,CAPITAL LESTE
2.0,AIS 19,,,JOAQUIM TÁVORA,Fortaleza,,Sim,2026-02-19,,,,06:21:23,75215.0,4390792.0,,-3.7452071411,-38.5111434081,,,cvp,ROUBO A PESSOA,,,Quinta-feira,False,False,Nublado,3.1,,,AIS 19,CAPITAL LESTE
2.0,AIS 19,,,JOAQUIM TÁVORA,Fortaleza,,Sim,2026-02-19,,,,06:21:23,75581.0,4390792.0,,-3.7452071411,-38.5111434081,,,cvp,ROUBO A PESSOA,,,Quinta-feira,False,False,Nublado,3.1,,,AIS 19,CAPITAL LESTE
2.0,AIS 19,,,CIDADE 2000,Fortaleza,,Sim,2026-02-19,,,,07:51:57,74813.0,4390793.0,,-3.7524855384,-38.4742402868,,,cvp,ROUBO A PESSOA,,,Quinta-feira,False,False,Nublado,3.1,,,AIS 19,CAPITAL LESTE
2.0,AIS 19,,,CIDADE 2000,Fortaleza,,Sim,2026-02-19,,,,07:51:57,75216.0,4390793.0,,-3.7524855384,-38.4742402868,,,cvp,ROUBO A PESSOA,,,Quinta-feira,False,False,Nublado,3.1,,,AIS 19,CAPITAL LESTE
2.0,AIS 19,,,CIDADE 2000,Fortaleza,,Sim,2026-02-19,,,,07:51:57,75582.0,4390793.0,,-3.7524855384,-38.4742402868,,,cvp,ROUBO A PESSOA,,,Quinta-feira,False,False,Nublado,3.1,,,AIS 19,CAPITAL LESTE
2.0,AIS 08,,,PRAIA DE IRACEMA,Fortaleza,,Sim,2026-02-19,,,,15:05:33,74814.0,4390796.0,,-3.723555294,-38.514755437,,,cvp,ROUBO A FARMÁCIA,,,Quinta-feira,False,False,Nublado,3.1,,,AIS 08,CAPITAL LESTE
2.0,AIS 08,,,PRAIA DE IRACEMA,Fortaleza,,Sim,2026-02-19,,,,15:05:33,75218.0,4390796.0,,-3.723555294,-38.514755437,,,cvp,ROUBO A FARMÁCIA,,,Quinta-feira,False,False,Nublado,3.1,,,AIS 08,CAPITAL LESTE
2.0,AIS 08,,,PRAIA DE IRACEMA,Fortaleza,,Sim,2026-02-19,,,,15:05:33,75584.0,4390796.0,,-3.723555294,-38.514755437,,,cvp,ROUBO A FARMÁCIA,,,Quinta-feira,False,False,Nublado,3.1,,,AIS 08,CAPITAL LESTE
2.0,AIS 18,,,PRESIDENTE KENNEDY,Fortaleza,,Sim,2026-02-19,,,,18:44:01,74815.0,4390798.0,,-3.7236070262,-38.5688241259,,,cvp,ROUBO A PESSOA,,,Quinta-feira,False,False,Nublado,3.1,,,AIS 18,CAPITAL OESTE
2.0,AIS 18,,,PRESIDENTE KENNEDY,Fortaleza,,Sim,2026-02-19,,,,18:44:01,75219.0,4390798.0,,-3.7236070262,-38.5688241259,,,cvp,ROUBO A PESSOA,,,Quinta-feira,False,False,Nublado,3.1,,,AIS 18,CAPITAL OESTE
2.0,AIS 18,,,PRESIDENTE KENNEDY,Fortaleza,,Sim,2026-02-19,,,,18:44:01,75585.0,4390798.0,,-3.7236070262,-38.5688241259,,,cvp,ROUBO A PESSOA,,,Quinta-feira,False,False,Nublado,3.1,,,AIS 18,CAPITAL OESTE
2.0,AIS 05,,,DAMAS,Fortaleza,,Sim,2026-02-19,,,,22:01:45,74816.0,4390801.0,,-3.7560772186,-38.5480720131,,,cvp,ROUBO APLICATIVO DE ENTREGAS,,,Quinta-feira,False,False,Nublado,3.1,,,AIS 05,CAPITAL OESTE
2.0,AIS 05,,,DAMAS,Fortaleza,,Sim,2026-02-19,,,,22:01:45,75214.0,4390801.0,,-3.7560772186,-38.5480720131,,,cvp,ROUBO APLICATIVO DE ENTREGAS,,,Quinta-feira,False,False,Nublado,3.1,,,AIS 05,CAPITAL OESTE
2.0,AIS 05,,,DAMAS,Fortaleza,,Sim,2026-02-19,,,,22:01:45,75577.0,4390801.0,,-3.7560772186,-38.5480720131,,,cvp,ROUBO APLICATIVO DE ENTREGAS,,,Quinta-feira,False,False,Nublado,3.1,,,AIS 05,CAPITAL OESTE
2.0,AIS 08,,,VARJOTA,Fortaleza,,Sim,2026-02-19,,,,22:19:01,74817.0,4390802.0,,-3.7392513632,-38.4878361067,,,cvp,ROUBO A PESSOA,,,Quinta-feira,False,False,Nublado,3.1,,,AIS 08,CAPITAL LESTE
2.0,AIS 08,,,VARJOTA,Fortaleza,,Sim,2026-02-19,,,,22:19:01,75213.0,4390802.0,,-3.7392513632,-38.4878361067,,,cvp,ROUBO A PESSOA,,,Quinta-feira,False,False,Nublado,3.1,,,AIS 08,CAPITAL LESTE
2.0,AIS 08,,,VARJOTA,Fortaleza,,Sim,2026-02-19,,,,22:19:01,75580.0,4390802.0,,-3.7392513632,-38.4878361067,,,cvp,ROUBO A PESSOA,,,Quinta-feira,False,False,Nublado,3.1,,,AIS 08,CAPITAL LESTE
2.0,AIS 12,,,,Caucaia,,Sim,2026-02-19,,,,21:10:20,74818.0,4390461.0,,-3.7300681646,-38.7032925808,,,cvp,ROUBO A PESSOA,,,Quinta-feira,False,False,Nublado,3.1,,,AIS 12,RMF OESTE
2.0,AIS 12,,,,Caucaia,,Sim,2026-02-19,,,,21:10:20,75220.0,4390461.0,,-3.7300681646,-38.7032925808,,,cvp,ROUBO A PESSOA,,,Quinta-feira,False,False,Nublado,3.1,,,AIS 12,RMF OESTE
2.0,AIS 12,,,,Caucaia,,Sim,2026-02-19,,,,21:10:20,75579.0,4390461.0,,-3.7300681646,-38.7032925808,,,cvp,ROUBO A PESSOA,,,Quinta-feira,False,False,Nublado,3.1,,,AIS 12,RMF OESTE
2.0,AIS 27,,,,Jijoca de Jericoacoara,,Sim,2026-02-20,,,,23:35:45,74819.0,4390954.0,,-2.7956361105,-40.5175815585,,,cvp,ROUBO A PESSOA,,,Sexta-feira,False,False,Nublado,2.2,,,AIS 27,NORTE
2.0,AIS 27,,,,Jijoca de Jericoacoara,,Sim,2026-02-20,,,,23:35:45,75232.0,4390954.0,,-2.7956361105,-40.5175815585,,,cvp,ROUBO A PESSOA,,,Sexta-feira,False,False,Nublado,2.2,,,AIS 27,NORTE
2.0,AIS 27,,,,Jijoca de Jericoacoara,,Sim,2026-02-20,,,,23:35:45,75597.0,4390954.0,,-2.7956361105,-40.5175815585,,,cvp,ROUBO A PESSOA,,,Sexta-feira,False,False,Nublado,2.2,,,AIS 27,NORTE
2.0,AIS 06,,,RODOLFO TEÓFILO,Fortaleza,,Sim,2026-02-20,,,,21:57:44,74820.0,4390818.0,,-3.7505209073,-38.5509640548,,,cvp,ROUBO A PESSOA,,,Sexta-feira,False,False,Nublado,2.2,,,AIS 05,CAPITAL OESTE
2.0,AIS 06,,,RODOLFO TEÓFILO,Fortaleza,,Sim,2026-02-20,,,,21:57:44,75227.0,4390818.0,,-3.7505209073,-38.5509640548,,,cvp,ROUBO A PESSOA,,,Sexta-feira,False,False,Nublado,2.2,,,AIS 05,CAPITAL OESTE
2.0,AIS 06,,,RODOLFO TEÓFILO,Fortaleza,,Sim,2026-02-20,,,,21:57:44,75594.0,4390818.0,,-3.7505209073,-38.5509640548,,,cvp,ROUBO A PESSOA,,,Sexta-feira,False,False,Nublado,2.2,,,AIS 05,CAPITAL OESTE
2.0,AIS 08,,,ALDEOTA,Fortaleza,,Sim,2026-02-20,,,,13:42:52,74821.0,4390812.0,,-3.7413130252,-38.5083872779,,,cvp,ROUBO A PESSOA,,,Sexta-feira,False,False,Nublado,2.2,,,AIS 08,CAPITAL LESTE
2.0,AIS 08,,,ALDEOTA,Fortaleza,,Sim,2026-02-20,,,,13:42:52,75223.0,4390812.0,,-3.7413130252,-38.5083872779,,,cvp,ROUBO A PESSOA,,,Sexta-feira,False,False,Nublado,2.2,,,AIS 08,CAPITAL LESTE
2.0,AIS 08,,,ALDEOTA,Fortaleza,,Sim,2026-02-20,,,,13:42:52,75587.0,4390812.0,,-3.7413130252,-38.5083872779,,,cvp,ROUBO A PESSOA,,,Sexta-feira,False,False,Nublado,2.2,,,AIS 08,CAPITAL LESTE
2.0,AIS 18,,,CENTRO,Fortaleza,,Sim,2026-02-20,,,,13:10:34,74822.0,4390811.0,,-3.727284027,-38.5307078262,,,cvp,ROUBO A PESSOA,,,Sexta-feira,False,False,Nublado,2.2,,,AIS 18,CAPITAL OESTE
2.0,AIS 18,,,CENTRO,Fortaleza,,Sim,2026-02-20,,,,13:10:34,75222.0,4390811.0,,-3.727284027,-38.5307078262,,,cvp,ROUBO A PESSOA,,,Sexta-feira,False,False,Nublado,2.2,,,AIS 18,CAPITAL OESTE
2.0,AIS 18,,,CENTRO,Fortaleza,,Sim,2026-02-20,,,,13:10:34,75588.0,4390811.0,,-3.727284027,-38.5307078262,,,cvp,ROUBO A PESSOA,,,Sexta-feira,False,False,Nublado,2.2,,,AIS 18,CAPITAL OESTE
2.0,AIS 17,,,CANINDEZINHO,Fortaleza,,Sim,2026-02-20,,,,15:10:48,74823.0,4390813.0,,-3.7999676846,-38.5970219502,,,cvp,ROUBO A ESTABELECIMENTO COMERCIAL,,,Sexta-feira,False,False,Nublado,2.2,,,AIS 17,CAPITAL OESTE
2.0,AIS 17,,,CANINDEZINHO,Fortaleza,,Sim,2026-02-20,,,,15:10:48,75224.0,4390813.0,,-3.7999676846,-38.5970219502,,,cvp,ROUBO A ESTABELECIMENTO COMERCIAL,,,Sexta-feira,False,False,Nublado,2.2,,,AIS 17,CAPITAL OESTE
2.0,AIS 17,,,CANINDEZINHO,Fortaleza,,Sim,2026-02-20,,,,15:10:48,75595.0,4390813.0,,-3.7999676846,-38.5970219502,,,cvp,ROUBO A ESTABELECIMENTO COMERCIAL,,,Sexta-feira,False,False,Nublado,2.2,,,AIS 17,CAPITAL OESTE
2.0,AIS 06,,,RODOLFO TEÓFILO,Fortaleza,,Sim,2026-02-20,,,,12:38:38,74824.0,4390810.0,,-3.7506612287,-38.5559252776,,,cvp,ROUBO A PESSOA,,,Sexta-feira,False,False,Nublado,2.2,,,AIS 06,CAPITAL OESTE
2.0,AIS 06,,,RODOLFO TEÓFILO,Fortaleza,,Sim,2026-02-20,,,,12:38:38,75231.0,4390810.0,,-3.7506612287,-38.5559252776,,,cvp,ROUBO A PESSOA,,,Sexta-feira,False,False,Nublado,2.2,,,AIS 06,CAPITAL OESTE
2.0,AIS 06,,,RODOLFO TEÓFILO,Fortaleza,,Sim,2026-02-20,,,,12:38:38,75589.0,4390810.0,,-3.7506612287,-38.5559252776,,,cvp,ROUBO A PESSOA,,,Sexta-feira,False,False,Nublado,2.2,,,AIS 06,CAPITAL OESTE
2.0,AIS 16,,,PAUPINA,Fortaleza,,Sim,2026-02-20,,,,11:10:57,74825.0,4390809.0,,-3.8789074333,-38.5003738141,,,cvp,ROUBO A COLETIVO,,,Sexta-feira,False,False,Nublado,2.2,,,AIS 16,CAPITAL LESTE
2.0,AIS 16,,,PAUPINA,Fortaleza,,Sim,2026-02-20,,,,11:10:57,75230.0,4390809.0,,-3.8789074333,-38.5003738141,,,cvp,ROUBO A COLETIVO,,,Sexta-feira,False,False,Nublado,2.2,,,AIS 16,CAPITAL LESTE
2.0,AIS 16,,,PAUPINA,Fortaleza,,Sim,2026-02-20,,,,11:10:57,75590.0,4390809.0,,-3.8789074333,-38.5003738141,,,cvp,ROUBO A COLETIVO,,,Sexta-feira,False,False,Nublado,2.2,,,AIS 16,CAPITAL LESTE
2.0,AIS 20,,,JARDIM CEARENSE,Fortaleza,,Sim,2026-02-20,,,,09:19:27,74826.0,4390807.0,,-3.7965520189,-38.5691766318,,,cvp,ROUBO A PESSOA,,,Sexta-feira,False,False,Nublado,2.2,,,AIS 05,CAPITAL OESTE
2.0,AIS 20,,,JARDIM CEARENSE,Fortaleza,,Sim,2026-02-20,,,,09:19:27,75229.0,4390807.0,,-3.7965520189,-38.5691766318,,,cvp,ROUBO A PESSOA,,,Sexta-feira,False,False,Nublado,2.2,,,AIS 05,CAPITAL OESTE
2.0,AIS 20,,,JARDIM CEARENSE,Fortaleza,,Sim,2026-02-20,,,,09:19:27,75592.0,4390807.0,,-3.7965520189,-38.5691766318,,,cvp,ROUBO A PESSOA,,,Sexta-feira,False,False,Nublado,2.2,,,AIS 05,CAPITAL OESTE
2.0,AIS 12,,,PARQUE SOLEDADE,Caucaia,,Sim,2026-02-20,,,,06:00:25,74827.0,4390462.0,,-3.7119724047,-38.6619463987,,,cvp,ROUBO A PESSOA,,,Sexta-feira,False,False,Nublado,2.2,,,AIS 12,RMF OESTE
2.0,AIS 12,,,PARQUE SOLEDADE,Caucaia,,Sim,2026-02-20,,,,06:00:25,75228.0,4390462.0,,-3.7119724047,-38.6619463987,,,cvp,ROUBO A PESSOA,,,Sexta-feira,False,False,Nublado,2.2,,,AIS 12,RMF OESTE
2.0,AIS 12,,,PARQUE SOLEDADE,Caucaia,,Sim,2026-02-20,,,,06:00:25,75586.0,4390462.0,,-3.7119724047,-38.6619463987,,,cvp,ROUBO A PESSOA,,,Sexta-feira,False,False,Nublado,2.2,,,AIS 12,RMF OESTE
2.0,AIS 05,,,JOSÉ BONIFÁCIO,Fortaleza,,Sim,2026-02-20,,,,19:21:31,74828.0,4390816.0,,-3.7392853553,-38.5291636774,,,cvp,ROUBO A PESSOA,,,Sexta-feira,False,False,Nublado,2.2,,,AIS 05,CAPITAL OESTE
2.0,AIS 05,,,JOSÉ BONIFÁCIO,Fortaleza,,Sim,2026-02-20,,,,19:21:31,75225.0,4390816.0,,-3.7392853553,-38.5291636774,,,cvp,ROUBO A PESSOA,,,Sexta-feira,False,False,Nublado,2.2,,,AIS 05,CAPITAL OESTE
2.0,AIS 05,,,JOSÉ BONIFÁCIO,Fortaleza,,Sim,2026-02-20,,,,19:21:31,75591.0,4390816.0,,-3.7392853553,-38.5291636774,,,cvp,ROUBO A PESSOA,,,Sexta-feira,False,False,Nublado,2.2,,,AIS 05,CAPITAL OESTE
2.0,AIS 06,,,RODOLFO TEÓFILO,Fortaleza,,Sim,2026-02-20,,,,21:45:24,74829.0,4390817.0,,-3.7484571166,-38.5496009382,,,cvp,ROUBO A PESSOA,,,Sexta-feira,False,False,Nublado,2.2,,,AIS 06,CAPITAL OESTE
2.0,AIS 06,,,RODOLFO TEÓFILO,Fortaleza,,Sim,2026-02-20,,,,21:45:24,75226.0,4390817.0,,-3.7484571166,-38.5496009382,,,cvp,ROUBO A PESSOA,,,Sexta-feira,False,False,Nublado,2.2,,,AIS 06,CAPITAL OESTE
2.0,AIS 06,,,RODOLFO TEÓFILO,Fortaleza,,Sim,2026-02-20,,,,21:45:24,75593.0,4390817.0,,-3.7484571166,-38.5496009382,,,cvp,ROUBO A PESSOA,,,Sexta-feira,False,False,Nublado,2.2,,,AIS 06,CAPITAL OESTE
2.0,AIS 16,,,PEDRAS,Itaitinga,,Sim,2026-02-20,,,,02:16:51,74830.0,4390892.0,,-3.9245385051,-38.5152377947,,,cvp,ROUBO A PESSOA,,,Sexta-feira,False,False,Nublado,2.2,,,AIS 16,CAPITAL LESTE
2.0,AIS 16,,,PEDRAS,Itaitinga,,Sim,2026-02-20,,,,02:16:51,75221.0,4390892.0,,-3.9245385051,-38.5152377947,,,cvp,ROUBO A PESSOA,,,Sexta-feira,False,False,Nublado,2.2,,,AIS 16,CAPITAL LESTE
2.0,AIS 16,,,PEDRAS,Itaitinga,,Sim,2026-02-20,,,,02:16:51,75596.0,4390892.0,,-3.9245385051,-38.5152377947,,,cvp,ROUBO A PESSOA,,,Sexta-feira,False,False,Nublado,2.2,,,AIS 16,CAPITAL LESTE
2.0,AIS 20,,,CIDADE NOVA,Maracanaú,,Sim,2026-02-21,,,,07:42:22,74831.0,4390905.0,,-3.874939912,-38.5913951935,,,cvp,ROUBO A PESSOA,,,Sábado,False,False,Nublado,0.8,,,AIS 20,CAPITAL OESTE
2.0,AIS 20,,,CIDADE NOVA,Maracanaú,,Sim,2026-02-21,,,,07:42:22,75246.0,4390905.0,,-3.874939912,-38.5913951935,,,cvp,ROUBO A PESSOA,,,Sábado,False,False,Nublado,0.8,,,AIS 20,CAPITAL OESTE
2.0,AIS 20,,,CIDADE NOVA,Maracanaú,,Sim,2026-02-21,,,,07:42:22,75599.0,4390905.0,,-3.874939912,-38.5913951935,,,cvp,ROUBO A PESSOA,,,Sábado,False,False,Nublado,0.8,,,AIS 20,CAPITAL OESTE
2.0,AIS 20,,,CIDADE NOVA,Maracanaú,,Sim,2026-02-21,,,,11:15:14,74832.0,4390906.0,,-3.8569736568,-38.5796959754,,,cvp,ROUBO A PESSOA,,,Sábado,False,False,Nublado,0.8,,,AIS 20,CAPITAL OESTE
2.0,AIS 20,,,CIDADE NOVA,Maracanaú,,Sim,2026-02-21,,,,11:15:14,75234.0,4390906.0,,-3.8569736568,-38.5796959754,,,cvp,ROUBO A PESSOA,,,Sábado,False,False,Nublado,0.8,,,AIS 20,CAPITAL OESTE
2.0,AIS 20,,,CIDADE NOVA,Maracanaú,,Sim,2026-02-21,,,,11:15:14,75600.0,4390906.0,,-3.8569736568,-38.5796959754,,,cvp,ROUBO A PESSOA,,,Sábado,False,False,Nublado,0.8,,,AIS 20,CAPITAL OESTE
2.0,AIS 06,,,PARQUELÂNDIA,Fortaleza,,Sim,2026-02-21,,,,10:35:39,74833.0,4390829.0,,-3.7352831843,-38.5580767781,,,cvp,ROUBO A PESSOA,,,Sábado,False,False,Nublado,0.8,,,AIS 06,CAPITAL OESTE
2.0,AIS 06,,,PARQUELÂNDIA,Fortaleza,,Sim,2026-02-21,,,,10:35:39,75242.0,4390829.0,,-3.7352831843,-38.5580767781,,,cvp,ROUBO A PESSOA,,,Sábado,False,False,Nublado,0.8,,,AIS 06,CAPITAL OESTE
2.0,AIS 06,,,PARQUELÂNDIA,Fortaleza,,Sim,2026-02-21,,,,10:35:39,75608.0,4390829.0,,-3.7352831843,-38.5580767781,,,cvp,ROUBO A PESSOA,,,Sábado,False,False,Nublado,0.8,,,AIS 06,CAPITAL OESTE
2.0,AIS 08,,,ALDEOTA,Fortaleza,,Sim,2026-02-21,,,,20:52:19,74834.0,4390834.0,,-3.7368063096,-38.5039456973,,,cvp,ROUBO A CONDOMÍNIO,,,Sábado,False,False,Nublado,0.8,,,AIS 08,CAPITAL LESTE
2.0,AIS 08,,,ALDEOTA,Fortaleza,,Sim,2026-02-21,,,,20:52:19,75245.0,4390834.0,,-3.7368063096,-38.5039456973,,,cvp,ROUBO A CONDOMÍNIO,,,Sábado,False,False,Nublado,0.8,,,AIS 08,CAPITAL LESTE
2.0,AIS 08,,,ALDEOTA,Fortaleza,,Sim,2026-02-21,,,,20:52:19,75611.0,4390834.0,,-3.7368063096,-38.5039456973,,,cvp,ROUBO A CONDOMÍNIO,,,Sábado,False,False,Nublado,0.8,,,AIS 08,CAPITAL LESTE
2.0,AIS 18,,,PRESIDENTE KENNEDY,Fortaleza,,Sim,2026-02-21,,,,09:25:50,74835.0,4390828.0,,-3.7222446626,-38.5667510337,,,cvp,ROUBO A PESSOA,,,Sábado,False,False,Nublado,0.8,,,AIS 18,CAPITAL OESTE
2.0,AIS 18,,,PRESIDENTE KENNEDY,Fortaleza,,Sim,2026-02-21,,,,09:25:50,75241.0,4390828.0,,-3.7222446626,-38.5667510337,,,cvp,ROUBO A PESSOA,,,Sábado,False,False,Nublado,0.8,,,AIS 18,CAPITAL OESTE
2.0,AIS 18,,,PRESIDENTE KENNEDY,Fortaleza,,Sim,2026-02-21,,,,09:25:50,75607.0,4390828.0,,-3.7222446626,-38.5667510337,,,cvp,ROUBO A PESSOA,,,Sábado,False,False,Nublado,0.8,,,AIS 18,CAPITAL OESTE
2.0,AIS 05,,,JARDIM GUANABARA,Fortaleza,,Sim,2026-02-21,,,,08:53:55,74836.0,4390827.0,,-3.7266816565,-38.5855917994,,,cvp,ROUBO A PESSOA,,,Sábado,False,False,Nublado,0.8,,,AIS 05,CAPITAL OESTE
2.0,AIS 05,,,JARDIM GUANABARA,Fortaleza,,Sim,2026-02-21,,,,08:53:55,75240.0,4390827.0,,-3.7266816565,-38.5855917994,,,cvp,ROUBO A PESSOA,,,Sábado,False,False,Nublado,0.8,,,AIS 05,CAPITAL OESTE
2.0,AIS 05,,,JARDIM GUANABARA,Fortaleza,,Sim,2026-02-21,,,,08:53:55,75606.0,4390827.0,,-3.7266816565,-38.5855917994,,,cvp,ROUBO A PESSOA,,,Sábado,False,False,Nublado,0.8,,,AIS 05,CAPITAL OESTE
2.0,AIS 06,,,PARQUELÂNDIA,Fortaleza,,Sim,2026-02-21,,,,20:27:12,74837.0,4390833.0,,-3.7401715397,-38.5645541756,,,cvp,ROUBO A PESSOA,,,Sábado,False,False,Nublado,0.8,,,AIS 06,CAPITAL OESTE
2.0,AIS 06,,,PARQUELÂNDIA,Fortaleza,,Sim,2026-02-21,,,,20:27:12,75244.0,4390833.0,,-3.7401715397,-38.5645541756,,,cvp,ROUBO A PESSOA,,,Sábado,False,False,Nublado,0.8,,,AIS 06,CAPITAL OESTE
2.0,AIS 06,,,PARQUELÂNDIA,Fortaleza,,Sim,2026-02-21,,,,20:27:12,75610.0,4390833.0,,-3.7401715397,-38.5645541756,,,cvp,ROUBO A PESSOA,,,Sábado,False,False,Nublado,0.8,,,AIS 06,CAPITAL OESTE
2.0,AIS 05,,,PANAMERICANO,Fortaleza,,Sim,2026-02-21,,,,19:17:13,74838.0,4390832.0,,-3.7523005283,-38.5677124111,,,cvp,ROUBO A PESSOA,,,Sábado,False,False,Nublado,0.8,,,AIS 05,CAPITAL OESTE
2.0,AIS 05,,,PANAMERICANO,Fortaleza,,Sim,2026-02-21,,,,19:17:13,75243.0,4390832.0,,-3.7523005283,-38.5677124111,,,cvp,ROUBO A PESSOA,,,Sábado,False,False,Nublado,0.8,,,AIS 05,CAPITAL OESTE
2.0,AIS 05,,,PANAMERICANO,Fortaleza,,Sim,2026-02-21,,,,19:17:13,75609.0,4390832.0,,-3.7523005283,-38.5677124111,,,cvp,ROUBO A PESSOA,,,Sábado,False,False,Nublado,0.8,,,AIS 05,CAPITAL OESTE
2.0,,,,GENTILÂNDIA,Fortaleza,,Sim,2026-02-21,,,,02:17:08,74839.0,4390821.0,,-3.744376652,-38.538216486,,,cvp,ROUBO A PESSOA,,,Sábado,False,False,Nublado,0.8,,,AIS 05,
2.0,,,,GENTILÂNDIA,Fortaleza,,Sim,2026-02-21,,,,02:17:08,75236.0,4390821.0,,-3.744376652,-38.538216486,,,cvp,ROUBO A PESSOA,,,Sábado,False,False,Nublado,0.8,,,AIS 05,
2.0,,,,GENTILÂNDIA,Fortaleza,,Sim,2026-02-21,,,,02:17:08,75603.0,4390821.0,,-3.744376652,-38.538216486,,,cvp,ROUBO A PESSOA,,,Sábado,False,False,Nublado,0.8,,,AIS 05,
2.0,AIS 08,,,ALDEOTA,Fortaleza,,Sim,2026-02-21,,,,05:27:39,74840.0,4390823.0,,-3.7415355521,-38.4986388149,,,cvp,ROUBO A PESSOA,,,Sábado,False,False,Nublado,0.8,,,AIS 08,CAPITAL LESTE
2.0,AIS 08,,,ALDEOTA,Fortaleza,,Sim,2026-02-21,,,,05:27:39,75238.0,4390823.0,,-3.7415355521,-38.4986388149,,,cvp,ROUBO A PESSOA,,,Sábado,False,False,Nublado,0.8,,,AIS 08,CAPITAL LESTE
2.0,AIS 08,,,ALDEOTA,Fortaleza,,Sim,2026-02-21,,,,05:27:39,75605.0,4390823.0,,-3.7415355521,-38.4986388149,,,cvp,ROUBO A PESSOA,,,Sábado,False,False,Nublado,0.8,,,AIS 08,CAPITAL LESTE
2.0,AIS 16,,,CONJUNTO PALMEIRAS,Fortaleza,,Sim,2026-02-21,,,,00:09:56,74841.0,4390820.0,,-3.8459759751,-38.5303851462,,,cvp,ROUBO A RESIDÊNCIA,,,Sábado,False,False,Nublado,0.8,,,AIS 16,CAPITAL LESTE
2.0,AIS 16,,,CONJUNTO PALMEIRAS,Fortaleza,,Sim,2026-02-21,,,,00:09:56,75235.0,4390820.0,,-3.8459759751,-38.5303851462,,,cvp,ROUBO A RESIDÊNCIA,,,Sábado,False,False,Nublado,0.8,,,AIS 16,CAPITAL LESTE
2.0,AIS 16,,,CONJUNTO PALMEIRAS,Fortaleza,,Sim,2026-02-21,,,,00:09:56,75602.0,4390820.0,,-3.8459759751,-38.5303851462,,,cvp,ROUBO A RESIDÊNCIA,,,Sábado,False,False,Nublado,0.8,,,AIS 16,CAPITAL LESTE
2.0,AIS 08,,,MEIRELES,Fortaleza,,Sim,2026-02-21,,,,03:21:41,74842.0,4390822.0,,-3.7237008145,-38.5089882688,,,cvp,ROUBO A PESSOA,,,Sábado,False,False,Nublado,0.8,,,AIS 08,CAPITAL LESTE
2.0,AIS 08,,,MEIRELES,Fortaleza,,Sim,2026-02-21,,,,03:21:41,75237.0,4390822.0,,-3.7237008145,-38.5089882688,,,cvp,ROUBO A PESSOA,,,Sábado,False,False,Nublado,0.8,,,AIS 08,CAPITAL LESTE
2.0,AIS 08,,,MEIRELES,Fortaleza,,Sim,2026-02-21,,,,03:21:41,75604.0,4390822.0,,-3.7237008145,-38.5089882688,,,cvp,ROUBO A PESSOA,,,Sábado,False,False,Nublado,0.8,,,AIS 08,CAPITAL LESTE
2.0,AIS 08,,,PRAIA DE IRACEMA,Fortaleza,,Sim,2026-02-21,,,,08:24:19,74843.0,4390825.0,,-3.7178095311,-38.5165785419,,,cvp,ROUBO A PESSOA,,,Sábado,False,False,Nublado,0.8,,,AIS 08,CAPITAL LESTE
2.0,AIS 08,,,PRAIA DE IRACEMA,Fortaleza,,Sim,2026-02-21,,,,08:24:19,75239.0,4390825.0,,-3.7178095311,-38.5165785419,,,cvp,ROUBO A PESSOA,,,Sábado,False,False,Nublado,0.8,,,AIS 08,CAPITAL LESTE
2.0,AIS 08,,,PRAIA DE IRACEMA,Fortaleza,,Sim,2026-02-21,,,,08:24:19,75601.0,4390825.0,,-3.7178095311,-38.5165785419,,,cvp,ROUBO A PESSOA,,,Sábado,False,False,Nublado,0.8,,,AIS 08,CAPITAL LESTE
2.0,AIS 27,,,,Granja,,Sim,2026-02-21,,,,14:39:21,74844.0,4390945.0,,-3.1180831728,-40.8300273917,,,cvp,ROUBO A PESSOA,,,Sábado,False,False,Nublado,0.8,,,AIS 27,NORTE
2.0,AIS 27,,,,Granja,,Sim,2026-02-21,,,,14:39:21,75233.0,4390945.0,,-3.1180831728,-40.8300273917,,,cvp,ROUBO A PESSOA,,,Sábado,False,False,Nublado,0.8,,,AIS 27,NORTE
2.0,AIS 27,,,,Granja,,Sim,2026-02-21,,,,14:39:21,75612.0,4390945.0,,-3.1180831728,-40.8300273917,,,cvp,ROUBO A PESSOA,,,Sábado,False,False,Nublado,0.8,,,AIS 27,NORTE
2.0,AIS 12,,,,Caucaia,,Sim,2026-02-21,,,,16:20:15,74845.0,4390464.0,,-3.7064793455,-38.7491097194,,,cvp,ROUBO A PESSOA,,,Sábado,False,False,Nublado,0.8,,,AIS 12,RMF OESTE
2.0,AIS 12,,,,Caucaia,,Sim,2026-02-21,,,,16:20:15,75247.0,4390464.0,,-3.7064793455,-38.7491097194,,,cvp,ROUBO A PESSOA,,,Sábado,False,False,Nublado,0.8,,,AIS 12,RMF OESTE
2.0,AIS 12,,,,Caucaia,,Sim,2026-02-21,,,,16:20:15,75598.0,4390464.0,,-3.7064793455,-38.7491097194,,,cvp,ROUBO A PESSOA,,,Sábado,False,False,Nublado,0.8,,,AIS 12,RMF OESTE
2.0,AIS 19,,,JOAQUIM TÁVORA,Frecheirinha,,Sim,2026-02-22,,,,08:48:59,74846.0,4390943.0,,-3.7370742149,-38.5189164642,,,cvp,ROUBO A PESSOA,,,Domingo,False,False,Nublado,3.3,,,AIS 19,CAPITAL LESTE
2.0,AIS 19,,,JOAQUIM TÁVORA,Frecheirinha,,Sim,2026-02-22,,,,08:48:59,75258.0,4390943.0,,-3.7370742149,-38.5189164642,,,cvp,ROUBO A PESSOA,,,Domingo,False,False,Nublado,3.3,,,AIS 19,CAPITAL LESTE
2.0,AIS 19,,,JOAQUIM TÁVORA,Frecheirinha,,Sim,2026-02-22,,,,08:48:59,75614.0,4390943.0,,-3.7370742149,-38.5189164642,,,cvp,ROUBO A PESSOA,,,Domingo,False,False,Nublado,3.3,,,AIS 19,CAPITAL LESTE
2.0,AIS 27,,,,Camocim,,Sim,2026-02-22,,,,20:51:49,74847.0,4390940.0,,-2.8970487195,-40.8437669281,,,cvp,ROUBO A PESSOA,,,Domingo,False,False,Nublado,3.3,,,AIS 27,NORTE
2.0,AIS 27,,,,Camocim,,Sim,2026-02-22,,,,20:51:49,75255.0,4390940.0,,-2.8970487195,-40.8437669281,,,cvp,ROUBO A PESSOA,,,Domingo,False,False,Nublado,3.3,,,AIS 27,NORTE
2.0,AIS 27,,,,Camocim,,Sim,2026-02-22,,,,20:51:49,75615.0,4390940.0,,-2.8970487195,-40.8437669281,,,cvp,ROUBO A PESSOA,,,Domingo,False,False,Nublado,3.3,,,AIS 27,NORTE
2.0,AIS 20,,,ALTO ALEGRE II,Maracanaú,,Sim,2026-02-22,,,,00:52:04,74848.0,4390908.0,,-3.8383145199,-38.6077021939,,,cvp,ROUBO A PESSOA,,,Domingo,False,False,Nublado,3.3,,,AIS 20,CAPITAL OESTE
2.0,AIS 20,,,ALTO ALEGRE II,Maracanaú,,Sim,2026-02-22,,,,00:52:04,75251.0,4390908.0,,-3.8383145199,-38.6077021939,,,cvp,ROUBO A PESSOA,,,Domingo,False,False,Nublado,3.3,,,AIS 20,CAPITAL OESTE
2.0,AIS 20,,,ALTO ALEGRE II,Maracanaú,,Sim,2026-02-22,,,,00:52:04,75623.0,4390908.0,,-3.8383145199,-38.6077021939,,,cvp,ROUBO A PESSOA,,,Domingo,False,False,Nublado,3.3,,,AIS 20,CAPITAL OESTE
2.0,AIS 05,,,DEMÓCRITO ROCHA,Fortaleza,,Sim,2026-02-22,,,,04:21:20,74849.0,4390836.0,,-3.7594489266,-38.5713555901,,,cvp,ROUBO A PESSOA,,,Domingo,False,False,Nublado,3.3,,,AIS 05,CAPITAL OESTE
2.0,AIS 05,,,DEMÓCRITO ROCHA,Fortaleza,,Sim,2026-02-22,,,,04:21:20,75254.0,4390836.0,,-3.7594489266,-38.5713555901,,,cvp,ROUBO A PESSOA,,,Domingo,False,False,Nublado,3.3,,,AIS 05,CAPITAL OESTE
2.0,AIS 05,,,DEMÓCRITO ROCHA,Fortaleza,,Sim,2026-02-22,,,,04:21:20,75616.0,4390836.0,,-3.7594489266,-38.5713555901,,,cvp,ROUBO A PESSOA,,,Domingo,False,False,Nublado,3.3,,,AIS 05,CAPITAL OESTE
2.0,AIS 05,,,JARDIM AMÉRICA,Fortaleza,,Sim,2026-02-22,,,,19:26:15,74850.0,4390843.0,,-3.7527590321,-38.54552404,,,cvp,ROUBO A PESSOA,,,Domingo,False,False,Nublado,3.3,,,AIS 05,CAPITAL OESTE
2.0,AIS 05,,,JARDIM AMÉRICA,Fortaleza,,Sim,2026-02-22,,,,19:26:15,75248.0,4390843.0,,-3.7527590321,-38.54552404,,,cvp,ROUBO A PESSOA,,,Domingo,False,False,Nublado,3.3,,,AIS 05,CAPITAL OESTE
2.0,AIS 05,,,JARDIM AMÉRICA,Fortaleza,,Sim,2026-02-22,,,,19:26:15,75620.0,4390843.0,,-3.7527590321,-38.54552404,,,cvp,ROUBO A PESSOA,,,Domingo,False,False,Nublado,3.3,,,AIS 05,CAPITAL OESTE
2.0,AIS 16,,,CONJUNTO PALMEIRAS,Fortaleza,,Sim,2026-02-22,,,,18:42:33,74851.0,4390842.0,,-3.8535464044,-38.5226951576,,,cvp,ROUBO A PESSOA,,,Domingo,False,False,Nublado,3.3,,,AIS 16,CAPITAL LESTE
2.0,AIS 16,,,CONJUNTO PALMEIRAS,Fortaleza,,Sim,2026-02-22,,,,18:42:33,75257.0,4390842.0,,-3.8535464044,-38.5226951576,,,cvp,ROUBO A PESSOA,,,Domingo,False,False,Nublado,3.3,,,AIS 16,CAPITAL LESTE
2.0,AIS 16,,,CONJUNTO PALMEIRAS,Fortaleza,,Sim,2026-02-22,,,,18:42:33,75621.0,4390842.0,,-3.8535464044,-38.5226951576,,,cvp,ROUBO A PESSOA,,,Domingo,False,False,Nublado,3.3,,,AIS 16,CAPITAL LESTE
2.0,AIS 18,,,SÃO GERARDO,Fortaleza,,Sim,2026-02-22,,,,21:08:14,74852.0,4390845.0,,-3.7349539217,-38.5641035026,,,cvp,ROUBO A FARMÁCIA,,,Domingo,False,False,Nublado,3.3,,,AIS 06,CAPITAL OESTE
2.0,AIS 18,,,SÃO GERARDO,Fortaleza,,Sim,2026-02-22,,,,21:08:14,75250.0,4390845.0,,-3.7349539217,-38.5641035026,,,cvp,ROUBO A FARMÁCIA,,,Domingo,False,False,Nublado,3.3,,,AIS 06,CAPITAL OESTE
2.0,AIS 18,,,SÃO GERARDO,Fortaleza,,Sim,2026-02-22,,,,21:08:14,75618.0,4390845.0,,-3.7349539217,-38.5641035026,,,cvp,ROUBO A FARMÁCIA,,,Domingo,False,False,Nublado,3.3,,,AIS 06,CAPITAL OESTE
2.0,AIS 19,,,MANUEL DIAS BRANCO,Fortaleza,,Sim,2026-02-22,,,,12:19:28,74853.0,4390838.0,,-3.7484271098,-38.4671365606,,,cvp,ROUBO A PESSOA,,,Domingo,False,False,Nublado,3.3,,,AIS 19,CAPITAL LESTE
2.0,AIS 19,,,MANUEL DIAS BRANCO,Fortaleza,,Sim,2026-02-22,,,,12:19:28,75253.0,4390838.0,,-3.7484271098,-38.4671365606,,,cvp,ROUBO A PESSOA,,,Domingo,False,False,Nublado,3.3,,,AIS 19,CAPITAL LESTE
2.0,AIS 19,,,MANUEL DIAS BRANCO,Fortaleza,,Sim,2026-02-22,,,,12:19:28,75617.0,4390838.0,,-3.7484271098,-38.4671365606,,,cvp,ROUBO A PESSOA,,,Domingo,False,False,Nublado,3.3,,,AIS 19,CAPITAL LESTE
2.0,AIS 18,,,CENTRO,Fortaleza,,Sim,2026-02-22,,,,15:43:26,74854.0,4390840.0,,-3.7359193315,-38.5219007765,,,cvp,ROUBO A PESSOA,,,Domingo,False,False,Nublado,3.3,,,AIS 05,CAPITAL OESTE
2.0,AIS 18,,,CENTRO,Fortaleza,,Sim,2026-02-22,,,,15:43:26,75252.0,4390840.0,,-3.7359193315,-38.5219007765,,,cvp,ROUBO A PESSOA,,,Domingo,False,False,Nublado,3.3,,,AIS 05,CAPITAL OESTE
2.0,AIS 18,,,CENTRO,Fortaleza,,Sim,2026-02-22,,,,15:43:26,75613.0,4390840.0,,-3.7359193315,-38.5219007765,,,cvp,ROUBO A PESSOA,,,Domingo,False,False,Nublado,3.3,,,AIS 05,CAPITAL OESTE
2.0,AIS 05,,,MARAPONGA,Fortaleza,,Sim,2026-02-22,,,,18:21:09,74855.0,4390841.0,,-3.7902847561,-38.5637599797,,,cvp,ROUBO A PESSOA,,,Domingo,False,False,Nublado,3.3,,,AIS 05,CAPITAL OESTE
2.0,AIS 05,,,MARAPONGA,Fortaleza,,Sim,2026-02-22,,,,18:21:09,75256.0,4390841.0,,-3.7902847561,-38.5637599797,,,cvp,ROUBO A PESSOA,,,Domingo,False,False,Nublado,3.3,,,AIS 05,CAPITAL OESTE
2.0,AIS 05,,,MARAPONGA,Fortaleza,,Sim,2026-02-22,,,,18:21:09,75622.0,4390841.0,,-3.7902847561,-38.5637599797,,,cvp,ROUBO A PESSOA,,,Domingo,False,False,Nublado,3.3,,,AIS 05,CAPITAL OESTE
2.0,AIS 18,,,MONTE CASTELO,Fortaleza,,Sim,2026-02-22,,,,19:28:37,74856.0,4390844.0,,-3.7245682378,-38.5555850301,,,cvp,ROUBO A PESSOA,,,Domingo,False,False,Nublado,3.3,,,AIS 18,CAPITAL OESTE
2.0,AIS 18,,,MONTE CASTELO,Fortaleza,,Sim,2026-02-22,,,,19:28:37,75249.0,4390844.0,,-3.7245682378,-38.5555850301,,,cvp,ROUBO A PESSOA,,,Domingo,False,False,Nublado,3.3,,,AIS 18,CAPITAL OESTE
2.0,AIS 18,,,MONTE CASTELO,Fortaleza,,Sim,2026-02-22,,,,19:28:37,75619.0,4390844.0,,-3.7245682378,-38.5555850301,,,cvp,ROUBO A PESSOA,,,Domingo,False,False,Nublado,3.3,,,AIS 18,CAPITAL OESTE
2.0,AIS 19,,,DIONÍSIO TORRES,Fortaleza,,Sim,2026-02-23,,,,07:19:58,74857.0,4390853.0,,-3.751376977,-38.5046736128,,,cvp,ROUBO A PESSOA,,,Segunda-feira,False,False,Chuvoso,15.1,,,AIS 19,CAPITAL LESTE
2.0,AIS 19,,,DIONÍSIO TORRES,Fortaleza,,Sim,2026-02-23,,,,07:19:58,75264.0,4390853.0,,-3.751376977,-38.5046736128,,,cvp,ROUBO A PESSOA,,,Segunda-feira,False,False,Chuvoso,15.1,,,AIS 19,CAPITAL LESTE
2.0,AIS 19,,,DIONÍSIO TORRES,Fortaleza,,Sim,2026-02-23,,,,07:19:58,75629.0,4390853.0,,-3.751376977,-38.5046736128,,,cvp,ROUBO A PESSOA,,,Segunda-feira,False,False,Chuvoso,15.1,,,AIS 19,CAPITAL LESTE
2.0,AIS 16,,,CAJAZEIRAS,Fortaleza,,Sim,2026-02-23,,,,05:47:23,74858.0,4390852.0,,-3.8057849585,-38.5078742474,,,cvp,ROUBO A PESSOA,,,Segunda-feira,False,False,Chuvoso,15.1,,,AIS 16,CAPITAL LESTE
2.0,AIS 16,,,CAJAZEIRAS,Fortaleza,,Sim,2026-02-23,,,,05:47:23,75259.0,4390852.0,,-3.8057849585,-38.5078742474,,,cvp,ROUBO A PESSOA,,,Segunda-feira,False,False,Chuvoso,15.1,,,AIS 16,CAPITAL LESTE
2.0,AIS 16,,,CAJAZEIRAS,Fortaleza,,Sim,2026-02-23,,,,05:47:23,75628.0,4390852.0,,-3.8057849585,-38.5078742474,,,cvp,ROUBO A PESSOA,,,Segunda-feira,False,False,Chuvoso,15.1,,,AIS 16,CAPITAL LESTE
2.0,AIS 18,,,CENTRO,Fortaleza,,Sim,2026-02-23,,,,21:20:01,74859.0,4390865.0,,-3.7283577752,-38.5220041942,,,cvp,ROUBO A PESSOA,,,Segunda-feira,False,False,Chuvoso,15.1,,,AIS 18,CAPITAL OESTE
2.0,AIS 18,,,CENTRO,Fortaleza,,Sim,2026-02-23,,,,21:20:01,75263.0,4390865.0,,-3.7283577752,-38.5220041942,,,cvp,ROUBO A PESSOA,,,Segunda-feira,False,False,Chuvoso,15.1,,,AIS 18,CAPITAL OESTE
2.0,AIS 18,,,CENTRO,Fortaleza,,Sim,2026-02-23,,,,21:20:01,75635.0,4390865.0,,-3.7283577752,-38.5220041942,,,cvp,ROUBO A PESSOA,,,Segunda-feira,False,False,Chuvoso,15.1,,,AIS 18,CAPITAL OESTE
2.0,AIS 21,,,EDSON QUEIROZ,Fortaleza,,Sim,2026-02-23,,,,18:58:56,74860.0,4390858.0,,-3.7698297523,-38.4816082893,,,cvp,ROUBO A PESSOA,,,Segunda-feira,False,False,Chuvoso,15.1,,,AIS 19,CAPITAL OESTE
2.0,AIS 21,,,EDSON QUEIROZ,Fortaleza,,Sim,2026-02-23,,,,18:58:56,75260.0,4390858.0,,-3.7698297523,-38.4816082893,,,cvp,ROUBO A PESSOA,,,Segunda-feira,False,False,Chuvoso,15.1,,,AIS 19,CAPITAL OESTE
2.0,AIS 21,,,EDSON QUEIROZ,Fortaleza,,Sim,2026-02-23,,,,18:58:56,75632.0,4390858.0,,-3.7698297523,-38.4816082893,,,cvp,ROUBO A PESSOA,,,Segunda-feira,False,False,Chuvoso,15.1,,,AIS 19,CAPITAL OESTE
2.0,,,,CIRSTO REDENTOR,Fortaleza,,Sim,2026-02-23,,,,18:20:32,74861.0,4390857.0,,-3.7080566827,-38.5627379356,,,cvp,ROUBO A PESSOA,,,Segunda-feira,False,False,Chuvoso,15.1,,,AIS 18,
2.0,,,,CIRSTO REDENTOR,Fortaleza,,Sim,2026-02-23,,,,18:20:32,75265.0,4390857.0,,-3.7080566827,-38.5627379356,,,cvp,ROUBO A PESSOA,,,Segunda-feira,False,False,Chuvoso,15.1,,,AIS 18,
2.0,,,,CIRSTO REDENTOR,Fortaleza,,Sim,2026-02-23,,,,18:20:32,75631.0,4390857.0,,-3.7080566827,-38.5627379356,,,cvp,ROUBO A PESSOA,,,Segunda-feira,False,False,Chuvoso,15.1,,,AIS 18,
2.0,AIS 06,,,ANTÔNIO BEZERRA,Fortaleza,,Sim,2026-02-23,,,,14:10:01,74862.0,4390856.0,,-3.7397267687,-38.5930247311,,,cvp,ROUBO A PESSOA,,,Segunda-feira,False,False,Chuvoso,15.1,,,AIS 06,CAPITAL OESTE
2.0,AIS 06,,,ANTÔNIO BEZERRA,Fortaleza,,Sim,2026-02-23,,,,14:10:01,75268.0,4390856.0,,-3.7397267687,-38.5930247311,,,cvp,ROUBO A PESSOA,,,Segunda-feira,False,False,Chuvoso,15.1,,,AIS 06,CAPITAL OESTE
2.0,AIS 06,,,ANTÔNIO BEZERRA,Fortaleza,,Sim,2026-02-23,,,,14:10:01,75626.0,4390856.0,,-3.7397267687,-38.5930247311,,,cvp,ROUBO A PESSOA,,,Segunda-feira,False,False,Chuvoso,15.1,,,AIS 06,CAPITAL OESTE
2.0,AIS 05,,,PARANGABA,Fortaleza,,Sim,2026-02-23,,,,12:04:06,74863.0,4390854.0,,-3.7805971747,-38.5581158443,,,cvp,ROUBO A COLETIVO,,,Segunda-feira,False,False,Chuvoso,15.1,,,AIS 05,CAPITAL OESTE
2.0,AIS 05,,,PARANGABA,Fortaleza,,Sim,2026-02-23,,,,12:04:06,75267.0,4390854.0,,-3.7805971747,-38.5581158443,,,cvp,ROUBO A COLETIVO,,,Segunda-feira,False,False,Chuvoso,15.1,,,AIS 05,CAPITAL OESTE
2.0,AIS 05,,,PARANGABA,Fortaleza,,Sim,2026-02-23,,,,12:04:06,75630.0,4390854.0,,-3.7805971747,-38.5581158443,,,cvp,ROUBO A COLETIVO,,,Segunda-feira,False,False,Chuvoso,15.1,,,AIS 05,CAPITAL OESTE
2.0,AIS 05,,,COUTO FERNANDES,Fortaleza,,Sim,2026-02-23,,,,05:31:27,74864.0,4390851.0,,-3.7618093998,-38.5601589215,,,cvp,ROUBO A PESSOA,,,Segunda-feira,False,False,Chuvoso,15.1,,,AIS 05,CAPITAL OESTE
2.0,AIS 05,,,COUTO FERNANDES,Fortaleza,,Sim,2026-02-23,,,,05:31:27,75266.0,4390851.0,,-3.7618093998,-38.5601589215,,,cvp,ROUBO A PESSOA,,,Segunda-feira,False,False,Chuvoso,15.1,,,AIS 05,CAPITAL OESTE
2.0,AIS 05,,,COUTO FERNANDES,Fortaleza,,Sim,2026-02-23,,,,05:31:27,75627.0,4390851.0,,-3.7618093998,-38.5601589215,,,cvp,ROUBO A PESSOA,,,Segunda-feira,False,False,Chuvoso,15.1,,,AIS 05,CAPITAL OESTE
2.0,AIS 18,,,MONTE CASTELO,Fortaleza,,Sim,2026-02-23,,,,20:27:09,74865.0,4390863.0,,-3.724483391,-38.5525783602,,,cvp,ROUBO A COLETIVO,,,Segunda-feira,False,False,Chuvoso,15.1,,,AIS 18,CAPITAL OESTE
2.0,AIS 18,,,MONTE CASTELO,Fortaleza,,Sim,2026-02-23,,,,20:27:09,75262.0,4390863.0,,-3.724483391,-38.5525783602,,,cvp,ROUBO A COLETIVO,,,Segunda-feira,False,False,Chuvoso,15.1,,,AIS 18,CAPITAL OESTE
2.0,AIS 18,,,MONTE CASTELO,Fortaleza,,Sim,2026-02-23,,,,20:27:09,75634.0,4390863.0,,-3.724483391,-38.5525783602,,,cvp,ROUBO A COLETIVO,,,Segunda-feira,False,False,Chuvoso,15.1,,,AIS 18,CAPITAL OESTE
2.0,AIS 18,,,CENTRO,Fortaleza,,Sim,2026-02-23,,,,20:22:02,74866.0,4390862.0,,-3.7278588614,-38.5285364163,,,cvp,ROUBO A PESSOA,,,Segunda-feira,False,False,Chuvoso,15.1,,,AIS 18,CAPITAL OESTE
2.0,AIS 18,,,CENTRO,Fortaleza,,Sim,2026-02-23,,,,20:22:02,75261.0,4390862.0,,-3.7278588614,-38.5285364163,,,cvp,ROUBO A PESSOA,,,Segunda-feira,False,False,Chuvoso,15.1,,,AIS 18,CAPITAL OESTE
2.0,AIS 18,,,CENTRO,Fortaleza,,Sim,2026-02-23,,,,20:22:02,75633.0,4390862.0,,-3.7278588614,-38.5285364163,,,cvp,ROUBO A PESSOA,,,Segunda-feira,False,False,Chuvoso,15.1,,,AIS 18,CAPITAL OESTE
2.0,AIS 26,,,URUCUTUBA,Caucaia,,Sim,2026-02-23,,,,09:47:56,74867.0,4390469.0,,-3.7651011383,-38.6533193874,,,cvp,ROUBO A PESSOA,,,Segunda-feira,False,False,Chuvoso,15.1,,,AIS 26,RMF OESTE
2.0,AIS 26,,,URUCUTUBA,Caucaia,,Sim,2026-02-23,,,,09:47:56,75271.0,4390469.0,,-3.7651011383,-38.6533193874,,,cvp,ROUBO A PESSOA,,,Segunda-feira,False,False,Chuvoso,15.1,,,AIS 26,RMF OESTE
2.0,AIS 26,,,URUCUTUBA,Caucaia,,Sim,2026-02-23,,,,09:47:56,75624.0,4390469.0,,-3.7651011383,-38.6533193874,,,cvp,ROUBO A PESSOA,,,Segunda-feira,False,False,Chuvoso,15.1,,,AIS 26,RMF OESTE
2.0,AIS 26,,,GUADALAJARA,Caucaia,,Sim,2026-02-23,,,,15:57:22,74868.0,4390470.0,,-3.7619899026,-38.6238108045,,,cvp,ROUBO A PESSOA,,,Segunda-feira,False,False,Chuvoso,15.1,,,AIS 26,RMF OESTE
2.0,AIS 26,,,GUADALAJARA,Caucaia,,Sim,2026-02-23,,,,15:57:22,75270.0,4390470.0,,-3.7619899026,-38.6238108045,,,cvp,ROUBO A PESSOA,,,Segunda-feira,False,False,Chuvoso,15.1,,,AIS 26,RMF OESTE
2.0,AIS 26,,,GUADALAJARA,Caucaia,,Sim,2026-02-23,,,,15:57:22,75625.0,4390470.0,,-3.7619899026,-38.6238108045,,,cvp,ROUBO A PESSOA,,,Segunda-feira,False,False,Chuvoso,15.1,,,AIS 26,RMF OESTE
2.0,AIS 23,,,,São Gonçalo do Amarante,,Sim,2026-02-23,,,,16:34:21,74869.0,4390923.0,,-3.5261117198,-38.910097403,,,cvp,ROUBO A PESSOA,,,Segunda-feira,False,False,Chuvoso,15.1,,,AIS 23,RMF OESTE
2.0,AIS 23,,,,São Gonçalo do Amarante,,Sim,2026-02-23,,,,16:34:21,75269.0,4390923.0,,-3.5261117198,-38.910097403,,,cvp,ROUBO A PESSOA,,,Segunda-feira,False,False,Chuvoso,15.1,,,AIS 23,RMF OESTE
2.0,AIS 23,,,,São Gonçalo do Amarante,,Sim,2026-02-23,,,,16:34:21,75636.0,4390923.0,,-3.5261117198,-38.910097403,,,cvp,ROUBO A PESSOA,,,Segunda-feira,False,False,Chuvoso,15.1,,,AIS 23,RMF OESTE
2.0,AIS 14,,,MARACANAÚ,Pacatuba,,Sim,2026-02-23,,,,08:37:45,74870.0,4390920.0,,-3.8879196894,-38.6131689871,,,cvp,ROUBO A PESSOA,,,Segunda-feira,False,False,Chuvoso,15.1,,,AIS 14,RMF LESTE
2.0,AIS 14,,,MARACANAÚ,Pacatuba,,Sim,2026-02-23,,,,08:37:45,75272.0,4390920.0,,-3.8879196894,-38.6131689871,,,cvp,ROUBO A PESSOA,,,Segunda-feira,False,False,Chuvoso,15.1,,,AIS 14,RMF LESTE
2.0,AIS 14,,,MARACANAÚ,Pacatuba,,Sim,2026-02-23,,,,08:37:45,75637.0,4390920.0,,-3.8879196894,-38.6131689871,,,cvp,ROUBO A PESSOA,,,Segunda-feira,False,False,Chuvoso,15.1,,,AIS 14,RMF LESTE
2.0,AIS 29,,,,Aracati,,Sim,2026-02-24,,,,21:26:52,74871.0,4390933.0,,-4.566035169,-37.7710538147,,,cvp,ROUBO A PESSOA,,,Terça-feira,False,False,Chuvoso,6.0,,,AIS 29,NORDESTE
2.0,AIS 29,,,,Aracati,,Sim,2026-02-24,,,,21:26:52,75274.0,4390933.0,,-4.566035169,-37.7710538147,,,cvp,ROUBO A PESSOA,,,Terça-feira,False,False,Chuvoso,6.0,,,AIS 29,NORDESTE
2.0,AIS 29,,,,Aracati,,Sim,2026-02-24,,,,21:26:52,75638.0,4390933.0,,-4.566035169,-37.7710538147,,,cvp,ROUBO A PESSOA,,,Terça-feira,False,False,Chuvoso,6.0,,,AIS 29,NORDESTE
2.0,AIS 34,,,,Icó,,Sim,2026-02-24,,,,22:46:42,74872.0,4390950.0,,-6.4050453018,-38.9521395371,,,cvp,ROUBO A RESTAURANTE/BAR/LANCHONETE,,,Terça-feira,False,False,Chuvoso,6.0,,,AIS 34,SUL
2.0,AIS 34,,,,Icó,,Sim,2026-02-24,,,,22:46:42,75276.0,4390950.0,,-6.4050453018,-38.9521395371,,,cvp,ROUBO A RESTAURANTE/BAR/LANCHONETE,,,Terça-feira,False,False,Chuvoso,6.0,,,AIS 34,SUL
2.0,AIS 34,,,,Icó,,Sim,2026-02-24,,,,22:46:42,75641.0,4390950.0,,-6.4050453018,-38.9521395371,,,cvp,ROUBO A RESTAURANTE/BAR/LANCHONETE,,,Terça-feira,False,False,Chuvoso,6.0,,,AIS 34,SUL
2.0,AIS 18,,,FARIAS BRITO,Fortaleza,,Sim,2026-02-24,,,,14:36:14,74873.0,4390877.0,,-3.7359468123,-38.5387210615,,,cvp,ROUBO A PESSOA,,,Terça-feira,False,False,Chuvoso,6.0,,,AIS 18,CAPITAL OESTE
2.0,AIS 18,,,FARIAS BRITO,Fortaleza,,Sim,2026-02-24,,,,14:36:14,75283.0,4390877.0,,-3.7359468123,-38.5387210615,,,cvp,ROUBO A PESSOA,,,Terça-feira,False,False,Chuvoso,6.0,,,AIS 18,CAPITAL OESTE
2.0,AIS 18,,,FARIAS BRITO,Fortaleza,,Sim,2026-02-24,,,,14:36:14,75652.0,4390877.0,,-3.7359468123,-38.5387210615,,,cvp,ROUBO A PESSOA,,,Terça-feira,False,False,Chuvoso,6.0,,,AIS 18,CAPITAL OESTE
2.0,AIS 19,,,JOAQUIM TÁVORA,Fortaleza,,Sim,2026-02-24,,,,02:22:50,74874.0,4390870.0,,-3.7409747973,-38.5158870526,,,cvp,ROUBO A PESSOA,,,Terça-feira,False,False,Chuvoso,6.0,,,AIS 19,CAPITAL LESTE
2.0,AIS 19,,,JOAQUIM TÁVORA,Fortaleza,,Sim,2026-02-24,,,,02:22:50,75287.0,4390870.0,,-3.7409747973,-38.5158870526,,,cvp,ROUBO A PESSOA,,,Terça-feira,False,False,Chuvoso,6.0,,,AIS 19,CAPITAL LESTE
2.0,AIS 19,,,JOAQUIM TÁVORA,Fortaleza,,Sim,2026-02-24,,,,02:22:50,75642.0,4390870.0,,-3.7409747973,-38.5158870526,,,cvp,ROUBO A PESSOA,,,Terça-feira,False,False,Chuvoso,6.0,,,AIS 19,CAPITAL LESTE
2.0,AIS 17,,,CANINDEZINHO,Fortaleza,,Sim,2026-02-24,,,,01:56:02,74875.0,4390869.0,,-3.8196104868,-38.6055643006,,,cvp,ROUBO A PESSOA,,,Terça-feira,False,False,Chuvoso,6.0,,,AIS 17,CAPITAL OESTE
2.0,AIS 17,,,CANINDEZINHO,Fortaleza,,Sim,2026-02-24,,,,01:56:02,75288.0,4390869.0,,-3.8196104868,-38.6055643006,,,cvp,ROUBO A PESSOA,,,Terça-feira,False,False,Chuvoso,6.0,,,AIS 17,CAPITAL OESTE
2.0,AIS 17,,,CANINDEZINHO,Fortaleza,,Sim,2026-02-24,,,,01:56:02,75650.0,4390869.0,,-3.8196104868,-38.6055643006,,,cvp,ROUBO A PESSOA,,,Terça-feira,False,False,Chuvoso,6.0,,,AIS 17,CAPITAL OESTE
2.0,AIS 08,,,MEIRELES,Fortaleza,,Sim,2026-02-24,,,,06:15:45,74876.0,4390872.0,,-3.7271162958,-38.5117952311,,,cvp,ROUBO A PESSOA,,,Terça-feira,False,False,Chuvoso,6.0,,,AIS 08,CAPITAL LESTE
2.0,AIS 08,,,MEIRELES,Fortaleza,,Sim,2026-02-24,,,,06:15:45,75285.0,4390872.0,,-3.7271162958,-38.5117952311,,,cvp,ROUBO A PESSOA,,,Terça-feira,False,False,Chuvoso,6.0,,,AIS 08,CAPITAL LESTE
2.0,AIS 08,,,MEIRELES,Fortaleza,,Sim,2026-02-24,,,,06:15:45,75648.0,4390872.0,,-3.7271162958,-38.5117952311,,,cvp,ROUBO A PESSOA,,,Terça-feira,False,False,Chuvoso,6.0,,,AIS 08,CAPITAL LESTE
2.0,AIS 05,,,PARANGABA,Fortaleza,,Sim,2026-02-24,,,,08:31:04,74877.0,4390873.0,,-3.7868783981,-38.5714881343,,,cvp,ROUBO A PESSOA,,,Terça-feira,False,False,Chuvoso,6.0,,,AIS 05,CAPITAL OESTE
2.0,AIS 05,,,PARANGABA,Fortaleza,,Sim,2026-02-24,,,,08:31:04,75275.0,4390873.0,,-3.7868783981,-38.5714881343,,,cvp,ROUBO A PESSOA,,,Terça-feira,False,False,Chuvoso,6.0,,,AIS 05,CAPITAL OESTE
2.0,AIS 05,,,PARANGABA,Fortaleza,,Sim,2026-02-24,,,,08:31:04,75647.0,4390873.0,,-3.7868783981,-38.5714881343,,,cvp,ROUBO A PESSOA,,,Terça-feira,False,False,Chuvoso,6.0,,,AIS 05,CAPITAL OESTE
2.0,AIS 05,,,BENFICA,Fortaleza,,Sim,2026-02-24,,,,13:21:11,74878.0,4390875.0,,-3.7349924166,-38.5344938594,,,cvp,ROUBO A PESSOA,,,Terça-feira,False,False,Chuvoso,6.0,,,AIS 05,CAPITAL OESTE
2.0,AIS 05,,,BENFICA,Fortaleza,,Sim,2026-02-24,,,,13:21:11,75279.0,4390875.0,,-3.7349924166,-38.5344938594,,,cvp,ROUBO A PESSOA,,,Terça-feira,False,False,Chuvoso,6.0,,,AIS 05,CAPITAL OESTE
2.0,AIS 05,,,BENFICA,Fortaleza,,Sim,2026-02-24,,,,13:21:11,75646.0,4390875.0,,-3.7349924166,-38.5344938594,,,cvp,ROUBO A PESSOA,,,Terça-feira,False,False,Chuvoso,6.0,,,AIS 05,CAPITAL OESTE
2.0,AIS 05,,,BENFICA,Fortaleza,,Sim,2026-02-24,,,,14:04:26,74879.0,4390876.0,,-3.7381578077,-38.536833527,,,cvp,ROUBO A ESTABELECIMENTO COMERCIAL,,,Terça-feira,False,False,Chuvoso,6.0,,,AIS 05,CAPITAL OESTE
2.0,AIS 05,,,BENFICA,Fortaleza,,Sim,2026-02-24,,,,14:04:26,75284.0,4390876.0,,-3.7381578077,-38.536833527,,,cvp,ROUBO A ESTABELECIMENTO COMERCIAL,,,Terça-feira,False,False,Chuvoso,6.0,,,AIS 05,CAPITAL OESTE
2.0,AIS 05,,,BENFICA,Fortaleza,,Sim,2026-02-24,,,,14:04:26,75645.0,4390876.0,,-3.7381578077,-38.536833527,,,cvp,ROUBO A ESTABELECIMENTO COMERCIAL,,,Terça-feira,False,False,Chuvoso,6.0,,,AIS 05,CAPITAL OESTE
2.0,AIS 05,,,MONTESE,Fortaleza,,Sim,2026-02-24,,,,17:27:17,74880.0,4390880.0,,-3.7609435017,-38.5494737725,,,cvp,ROUBO A PESSOA,,,Terça-feira,False,False,Chuvoso,6.0,,,AIS 05,CAPITAL OESTE
2.0,AIS 05,,,MONTESE,Fortaleza,,Sim,2026-02-24,,,,17:27:17,75280.0,4390880.0,,-3.7609435017,-38.5494737725,,,cvp,ROUBO A PESSOA,,,Terça-feira,False,False,Chuvoso,6.0,,,AIS 05,CAPITAL OESTE
2.0,AIS 05,,,MONTESE,Fortaleza,,Sim,2026-02-24,,,,17:27:17,75651.0,4390880.0,,-3.7609435017,-38.5494737725,,,cvp,ROUBO A PESSOA,,,Terça-feira,False,False,Chuvoso,6.0,,,AIS 05,CAPITAL OESTE
2.0,AIS 18,,,CENTRO,Fortaleza,,Sim,2026-02-24,,,,03:49:06,74881.0,4390871.0,,-3.7356269478,-38.5260650521,,,cvp,ROUBO A PESSOA,,,Terça-feira,False,False,Chuvoso,6.0,,,AIS 05,CAPITAL OESTE
2.0,AIS 18,,,CENTRO,Fortaleza,,Sim,2026-02-24,,,,03:49:06,75286.0,4390871.0,,-3.7356269478,-38.5260650521,,,cvp,ROUBO A PESSOA,,,Terça-feira,False,False,Chuvoso,6.0,,,AIS 05,CAPITAL OESTE
2.0,AIS 18,,,CENTRO,Fortaleza,,Sim,2026-02-24,,,,03:49:06,75649.0,4390871.0,,-3.7356269478,-38.5260650521,,,cvp,ROUBO A PESSOA,,,Terça-feira,False,False,Chuvoso,6.0,,,AIS 05,CAPITAL OESTE
2.0,AIS 08,,,ALDEOTA,Fortaleza,,Sim,2026-02-24,,,,00:03:49,74882.0,4390866.0,,-3.7316716398,-38.5126406652,,,cvp,ROUBO A FARMÁCIA,,,Terça-feira,False,False,Chuvoso,6.0,,,AIS 08,CAPITAL LESTE
2.0,AIS 08,,,ALDEOTA,Fortaleza,,Sim,2026-02-24,,,,00:03:49,75281.0,4390866.0,,-3.7316716398,-38.5126406652,,,cvp,ROUBO A FARMÁCIA,,,Terça-feira,False,False,Chuvoso,6.0,,,AIS 08,CAPITAL LESTE
2.0,AIS 08,,,ALDEOTA,Fortaleza,,Sim,2026-02-24,,,,00:03:49,75653.0,4390866.0,,-3.7316716398,-38.5126406652,,,cvp,ROUBO A FARMÁCIA,,,Terça-feira,False,False,Chuvoso,6.0,,,AIS 08,CAPITAL LESTE
2.0,AIS 19,,,MANUEL DIAS BRANCO,Fortaleza,,Sim,2026-02-24,,,,01:12:16,74883.0,4390867.0,,-3.7484089205,-38.4649101432,,,cvp,ROUBO A PESSOA,,,Terça-feira,False,False,Chuvoso,6.0,,,AIS 19,CAPITAL LESTE
2.0,AIS 19,,,MANUEL DIAS BRANCO,Fortaleza,,Sim,2026-02-24,,,,01:12:16,75278.0,4390867.0,,-3.7484089205,-38.4649101432,,,cvp,ROUBO A PESSOA,,,Terça-feira,False,False,Chuvoso,6.0,,,AIS 19,CAPITAL LESTE
2.0,AIS 19,,,MANUEL DIAS BRANCO,Fortaleza,,Sim,2026-02-24,,,,01:12:16,75644.0,4390867.0,,-3.7484089205,-38.4649101432,,,cvp,ROUBO A PESSOA,,,Terça-feira,False,False,Chuvoso,6.0,,,AIS 19,CAPITAL LESTE
2.0,AIS 05,,,PANAMERICANO,Fortaleza,,Sim,2026-02-24,,,,01:46:37,74884.0,4390868.0,,-3.7560931195,-38.5641782381,,,cvp,ROUBO A ESTABELECIMENTO DE ENSINO,,,Terça-feira,False,False,Chuvoso,6.0,,,AIS 05,CAPITAL OESTE
2.0,AIS 05,,,PANAMERICANO,Fortaleza,,Sim,2026-02-24,,,,01:46:37,75277.0,4390868.0,,-3.7560931195,-38.5641782381,,,cvp,ROUBO A ESTABELECIMENTO DE ENSINO,,,Terça-feira,False,False,Chuvoso,6.0,,,AIS 05,CAPITAL OESTE
2.0,AIS 05,,,PANAMERICANO,Fortaleza,,Sim,2026-02-24,,,,01:46:37,75643.0,4390868.0,,-3.7560931195,-38.5641782381,,,cvp,ROUBO A ESTABELECIMENTO DE ENSINO,,,Terça-feira,False,False,Chuvoso,6.0,,,AIS 05,CAPITAL OESTE
2.0,AIS 07,,,,Novo Oriente,,Sim,2026-02-24,,,,21:28:57,74885.0,4390958.0,,-5.53842638,-40.7720740922,,,cvp,ROUBO A PESSOA,,,Terça-feira,False,False,Chuvoso,6.0,,,AIS 07,NORTE
2.0,AIS 07,,,,Novo Oriente,,Sim,2026-02-24,,,,21:28:57,75282.0,4390958.0,,-5.53842638,-40.7720740922,,,cvp,ROUBO A PESSOA,,,Terça-feira,False,False,Chuvoso,6.0,,,AIS 07,NORTE
2.0,AIS 07,,,,Novo Oriente,,Sim,2026-02-24,,,,21:28:57,75640.0,4390958.0,,-5.53842638,-40.7720740922,,,cvp,ROUBO A PESSOA,,,Terça-feira,False,False,Chuvoso,6.0,,,AIS 07,NORTE
2.0,AIS 24,,,EUSÉBIO,Eusébio,,Sim,2026-02-24,,,,16:04:47,74886.0,4390478.0,,-3.8822559349,-38.4541688582,,,cvp,ROUBO A PESSOA,,,Terça-feira,False,False,Chuvoso,6.0,,,AIS 24,RMF LESTE
2.0,AIS 24,,,EUSÉBIO,Eusébio,,Sim,2026-02-24,,,,16:04:47,75273.0,4390478.0,,-3.8822559349,-38.4541688582,,,cvp,ROUBO A PESSOA,,,Terça-feira,False,False,Chuvoso,6.0,,,AIS 24,RMF LESTE
2.0,AIS 24,,,EUSÉBIO,Eusébio,,Sim,2026-02-24,,,,16:04:47,75639.0,4390478.0,,-3.8822559349,-38.4541688582,,,cvp,ROUBO A PESSOA,,,Terça-feira,False,False,Chuvoso,6.0,,,AIS 24,RMF LESTE
2.0,AIS 05,,,MARAPONGA,Fortaleza,,Sim,2026-02-25,,,,07:26:43,74887.0,4390888.0,,-3.7954237963,-38.5687877665,,,cvp,ROUBO A PESSOA,,,Quarta-feira,False,False,Nublado,3.7,,,AIS 05,CAPITAL OESTE
2.0,AIS 05,,,MARAPONGA,Fortaleza,,Sim,2026-02-25,,,,07:26:43,75291.0,4390888.0,,-3.7954237963,-38.5687877665,,,cvp,ROUBO A PESSOA,,,Quarta-feira,False,False,Nublado,3.7,,,AIS 05,CAPITAL OESTE
2.0,AIS 05,,,MARAPONGA,Fortaleza,,Sim,2026-02-25,,,,07:26:43,75658.0,4390888.0,,-3.7954237963,-38.5687877665,,,cvp,ROUBO A PESSOA,,,Quarta-feira,False,False,Nublado,3.7,,,AIS 05,CAPITAL OESTE
2.0,AIS 05,,,PARANGABA,Fortaleza,,Sim,2026-02-25,,,,07:06:53,74888.0,4390887.0,,-3.7854305872,-38.5720708148,,,cvp,ROUBO A PESSOA,,,Quarta-feira,False,False,Nublado,3.7,,,AIS 05,CAPITAL OESTE
2.0,AIS 05,,,PARANGABA,Fortaleza,,Sim,2026-02-25,,,,07:06:53,75290.0,4390887.0,,-3.7854305872,-38.5720708148,,,cvp,ROUBO A PESSOA,,,Quarta-feira,False,False,Nublado,3.7,,,AIS 05,CAPITAL OESTE
2.0,AIS 05,,,PARANGABA,Fortaleza,,Sim,2026-02-25,,,,07:06:53,75654.0,4390887.0,,-3.7854305872,-38.5720708148,,,cvp,ROUBO A PESSOA,,,Quarta-feira,False,False,Nublado,3.7,,,AIS 05,CAPITAL OESTE
2.0,AIS 05,,,ITAOCA,Fortaleza,,Sim,2026-02-25,,,,05:53:50,74889.0,4390886.0,,-3.7703588539,-38.5520326228,,,cvp,ROUBO A PESSOA,,,Quarta-feira,False,False,Nublado,3.7,,,AIS 05,CAPITAL OESTE
2.0,AIS 05,,,ITAOCA,Fortaleza,,Sim,2026-02-25,,,,05:53:50,75289.0,4390886.0,,-3.7703588539,-38.5520326228,,,cvp,ROUBO A PESSOA,,,Quarta-feira,False,False,Nublado,3.7,,,AIS 05,CAPITAL OESTE
2.0,AIS 05,,,ITAOCA,Fortaleza,,Sim,2026-02-25,,,,05:53:50,75655.0,4390886.0,,-3.7703588539,-38.5520326228,,,cvp,ROUBO A PESSOA,,,Quarta-feira,False,False,Nublado,3.7,,,AIS 05,CAPITAL OESTE
2.0,AIS 20,,,PARQUE SANTA ROSA,Fortaleza,,Sim,2026-02-25,,,,04:33:03,74890.0,4390885.0,,-3.8182103767,-38.5927130976,,,cvp,ROUBO A PESSOA,,,Quarta-feira,False,False,Nublado,3.7,,,AIS 20,CAPITAL OESTE
2.0,AIS 20,,,PARQUE SANTA ROSA,Fortaleza,,Sim,2026-02-25,,,,04:33:03,75292.0,4390885.0,,-3.8182103767,-38.5927130976,,,cvp,ROUBO A PESSOA,,,Quarta-feira,False,False,Nublado,3.7,,,AIS 20,CAPITAL OESTE
2.0,AIS 20,,,PARQUE SANTA ROSA,Fortaleza,,Sim,2026-02-25,,,,04:33:03,75656.0,4390885.0,,-3.8182103767,-38.5927130976,,,cvp,ROUBO A PESSOA,,,Quarta-feira,False,False,Nublado,3.7,,,AIS 20,CAPITAL OESTE
2.0,AIS 08,,,ALDEOTA,Fortaleza,,Sim,2026-02-25,,,,01:32:33,74891.0,4390884.0,,-3.7370590921,-38.4887359384,,,cvp,ROUBO A PESSOA,,,Quarta-feira,False,False,Nublado,3.7,,,AIS 08,CAPITAL LESTE
2.0,AIS 08,,,ALDEOTA,Fortaleza,,Sim,2026-02-25,,,,01:32:33,75293.0,4390884.0,,-3.7370590921,-38.4887359384,,,cvp,ROUBO A PESSOA,,,Quarta-feira,False,False,Nublado,3.7,,,AIS 08,CAPITAL LESTE
2.0,AIS 08,,,ALDEOTA,Fortaleza,,Sim,2026-02-25,,,,01:32:33,75657.0,4390884.0,,-3.7370590921,-38.4887359384,,,cvp,ROUBO A PESSOA,,,Quarta-feira,False,False,Nublado,3.7,,,AIS 08,CAPITAL LESTE
2.0,AIS 26,,,GUADALAJARA,Caucaia,,Sim,2026-02-25,,,,13:16:00,75294.0,4393238.0,,-3.7613422583,-38.6310139429,,,cvp,ROUBO A POSTO DE GASOLINA,,,Quarta-feira,False,False,Nublado,3.7,,,AIS 26,RMF OESTE
2.0,AIS 26,,,GUADALAJARA,Caucaia,,Sim,2026-02-25,,,,13:16:00,75668.0,4393238.0,,-3.7613422583,-38.6310139429,,,cvp,ROUBO A POSTO DE GASOLINA,,,Quarta-feira,False,False,Nublado,3.7,,,AIS 26,RMF OESTE
2.0,AIS 27,,,,Camocim,,Sim,2026-02-25,,,,19:52:29,75295.0,4393749.0,,-2.9074985811,-40.8538043155,,,cvp,ROUBO A ESTABELECIMENTO COMERCIAL,,,Quarta-feira,False,False,Nublado,3.7,,,AIS 27,NORTE
2.0,AIS 27,,,,Camocim,,Sim,2026-02-25,,,,19:52:29,75660.0,4393749.0,,-2.9074985811,-40.8538043155,,,cvp,ROUBO A ESTABELECIMENTO COMERCIAL,,,Quarta-feira,False,False,Nublado,3.7,,,AIS 27,NORTE
2.0,AIS 24,,,EUSÉBIO,Eusébio,,Sim,2026-02-25,,,,10:04:14,75296.0,4393248.0,,-3.896084422,-38.4387079922,,,cvp,ROUBO A PESSOA,,,Quarta-feira,False,False,Nublado,3.7,,,AIS 24,RMF LESTE
2.0,AIS 24,,,EUSÉBIO,Eusébio,,Sim,2026-02-25,,,,10:04:14,75667.0,4393248.0,,-3.896084422,-38.4387079922,,,cvp,ROUBO A PESSOA,,,Quarta-feira,False,False,Nublado,3.7,,,AIS 24,RMF LESTE
2.0,AIS 16,,,CONJUNTO PALMEIRAS,Fortaleza,,Sim,2026-02-25,,,,22:10:23,75297.0,4393668.0,,-3.8391415439,-38.530887845,,,cvp,ROUBO A PESSOA,,,Quarta-feira,False,False,Nublado,3.7,,,AIS 16,CAPITAL LESTE
2.0,AIS 16,,,CONJUNTO PALMEIRAS,Fortaleza,,Sim,2026-02-25,,,,22:10:23,75661.0,4393668.0,,-3.8391415439,-38.530887845,,,cvp,ROUBO A PESSOA,,,Quarta-feira,False,False,Nublado,3.7,,,AIS 16,CAPITAL LESTE
2.0,AIS 18,,,CENTRO,Fortaleza,,Sim,2026-02-25,,,,23:44:56,75298.0,4393671.0,,-3.7343708393,-38.5202770353,,,cvp,ROUBO A PESSOA,,,Quarta-feira,False,False,Nublado,3.7,,,AIS 18,CAPITAL OESTE
2.0,AIS 18,,,CENTRO,Fortaleza,,Sim,2026-02-25,,,,23:44:56,75662.0,4393671.0,,-3.7343708393,-38.5202770353,,,cvp,ROUBO A PESSOA,,,Quarta-feira,False,False,Nublado,3.7,,,AIS 18,CAPITAL OESTE
2.0,AIS 05,,,AEROPORTO,Fortaleza,,Sim,2026-02-25,,,,14:09:34,75299.0,4393665.0,,-3.7591769105,-38.5238949756,,,cvp,ROUBO A PESSOA,,,Quarta-feira,False,False,Nublado,3.7,,,AIS 05,CAPITAL OESTE
2.0,AIS 05,,,AEROPORTO,Fortaleza,,Sim,2026-02-25,,,,14:09:34,75665.0,4393665.0,,-3.7591769105,-38.5238949756,,,cvp,ROUBO A PESSOA,,,Quarta-feira,False,False,Nublado,3.7,,,AIS 05,CAPITAL OESTE
2.0,AIS 20,,,PARQUE SĂO JOSÉ,Fortaleza,,Sim,2026-02-25,,,,21:21:04,75300.0,4393667.0,,-3.8000455378,-38.5877712967,,,cvp,ROUBO A COLETIVO,,,Quarta-feira,False,False,Nublado,3.7,,,AIS 20,CAPITAL OESTE
2.0,AIS 20,,,PARQUE SĂO JOSÉ,Fortaleza,,Sim,2026-02-25,,,,21:21:04,75666.0,4393667.0,,-3.8000455378,-38.5877712967,,,cvp,ROUBO A COLETIVO,,,Quarta-feira,False,False,Nublado,3.7,,,AIS 20,CAPITAL OESTE
2.0,AIS 24,,,,Aquiraz,,Sim,2026-02-25,,,,16:07:01,75301.0,4393191.0,,-3.9425665152,-38.296464808,,,cvp,ROUBO A PESSOA,,,Quarta-feira,False,False,Nublado,3.7,,,AIS 24,RMF LESTE
2.0,AIS 24,,,,Aquiraz,,Sim,2026-02-25,,,,16:07:01,75659.0,4393191.0,,-3.9425665152,-38.296464808,,,cvp,ROUBO A PESSOA,,,Quarta-feira,False,False,Nublado,3.7,,,AIS 24,RMF LESTE
2.0,AIS 08,,,VARJOTA,Fortaleza,,Sim,2026-02-25,,,,11:44:29,75302.0,4393663.0,,-3.7319565179,-38.4883608457,,,cvp,ROUBO A PESSOA,,,Quarta-feira,False,False,Nublado,3.7,,,AIS 08,CAPITAL LESTE
2.0,AIS 08,,,VARJOTA,Fortaleza,,Sim,2026-02-25,,,,11:44:29,75664.0,4393663.0,,-3.7319565179,-38.4883608457,,,cvp,ROUBO A PESSOA,,,Quarta-feira,False,False,Nublado,3.7,,,AIS 08,CAPITAL LESTE
2.0,AIS 16,,,BARROSO,Fortaleza,,Sim,2026-02-25,,,,12:19:25,75303.0,4393664.0,,-3.829819711,-38.5070642172,,,cvp,ROUBO A ESTABELECIMENTO COMERCIAL,,,Quarta-feira,False,False,Nublado,3.7,,,AIS 16,CAPITAL LESTE
2.0,AIS 16,,,BARROSO,Fortaleza,,Sim,2026-02-25,,,,12:19:25,75663.0,4393664.0,,-3.829819711,-38.5070642172,,,cvp,ROUBO A ESTABELECIMENTO COMERCIAL,,,Quarta-feira,False,False,Nublado,3.7,,,AIS 16,CAPITAL LESTE
2.0,AIS 08,,,ALDEOTA,Fortaleza,,Sim,2026-02-26,,,,20:46:22,75304.0,4393681.0,,-3.7352926884,-38.5091778845,,,cvp,ROUBO A RESIDÊNCIA,,,Quinta-feira,False,False,Nublado,3.7,,,AIS 08,CAPITAL LESTE
2.0,AIS 08,,,ALDEOTA,Fortaleza,,Sim,2026-02-26,,,,20:46:22,75673.0,4393681.0,,-3.7352926884,-38.5091778845,,,cvp,ROUBO A RESIDÊNCIA,,,Quinta-feira,False,False,Nublado,3.7,,,AIS 08,CAPITAL LESTE
2.0,AIS 21,,,EDSON QUEIROZ,Fortaleza,,Sim,2026-02-26,,,,14:44:00,75305.0,4393675.0,,-3.7866956113,-38.4728149103,,,cvp,ROUBO A PESSOA,,,Quinta-feira,False,False,Nublado,3.7,,,AIS 21,CAPITAL OESTE
2.0,AIS 21,,,EDSON QUEIROZ,Fortaleza,,Sim,2026-02-26,,,,14:44:00,75675.0,4393675.0,,-3.7866956113,-38.4728149103,,,cvp,ROUBO A PESSOA,,,Quinta-feira,False,False,Nublado,3.7,,,AIS 21,CAPITAL OESTE
2.0,AIS 05,,,AEROPORTO,Fortaleza,,Sim,2026-02-26,,,,14:44:48,75306.0,4393676.0,,-3.7585313391,-38.5238854194,,,cvp,ROUBO A RESIDÊNCIA,,,Quinta-feira,False,False,Nublado,3.7,,,AIS 05,CAPITAL OESTE
2.0,AIS 05,,,AEROPORTO,Fortaleza,,Sim,2026-02-26,,,,14:44:48,75676.0,4393676.0,,-3.7585313391,-38.5238854194,,,cvp,ROUBO A RESIDÊNCIA,,,Quinta-feira,False,False,Nublado,3.7,,,AIS 05,CAPITAL OESTE
2.0,,,,GENTILÂNDIA,Fortaleza,,Sim,2026-02-26,,,,19:37:12,75307.0,4393680.0,,-3.7472569311,-38.5423612371,,,cvp,ROUBO A PESSOA,,,Quinta-feira,False,False,Nublado,3.7,,,AIS 05,
2.0,,,,GENTILÂNDIA,Fortaleza,,Sim,2026-02-26,,,,19:37:12,75672.0,4393680.0,,-3.7472569311,-38.5423612371,,,cvp,ROUBO A PESSOA,,,Quinta-feira,False,False,Nublado,3.7,,,AIS 05,
2.0,AIS 16,,,PEDRAS,Eusébio,,Sim,2026-02-26,,,,13:34:00,75308.0,4393249.0,,-3.897811963,-38.4995279055,,,cvp,ROUBO A PESSOA,,,Quinta-feira,False,False,Nublado,3.7,,,AIS 16,CAPITAL LESTE
2.0,AIS 16,,,PEDRAS,Eusébio,,Sim,2026-02-26,,,,13:34:00,75671.0,4393249.0,,-3.897811963,-38.4995279055,,,cvp,ROUBO A PESSOA,,,Quinta-feira,False,False,Nublado,3.7,,,AIS 16,CAPITAL LESTE
2.0,AIS 14,,,MARACANAÚ,Maracanaú,,Sim,2026-02-26,,,,20:31:07,75309.0,4393718.0,,-3.8742614476,-38.6113984829,,,cvp,ROUBO A PESSOA,,,Quinta-feira,False,False,Nublado,3.7,,,AIS 14,RMF LESTE
2.0,AIS 14,,,MARACANAÚ,Maracanaú,,Sim,2026-02-26,,,,20:31:07,75674.0,4393718.0,,-3.8742614476,-38.6113984829,,,cvp,ROUBO A PESSOA,,,Quinta-feira,False,False,Nublado,3.7,,,AIS 14,RMF LESTE
2.0,AIS 26,,,URUCUTUBA,Caucaia,,Sim,2026-02-26,,,,12:33:54,75310.0,4393240.0,,-3.7640142093,-38.6475695644,,,cvp,ROUBO A PESSOA,,,Quinta-feira,False,False,Nublado,3.7,,,AIS 26,RMF OESTE
2.0,AIS 26,,,URUCUTUBA,Caucaia,,Sim,2026-02-26,,,,12:33:54,75670.0,4393240.0,,-3.7640142093,-38.6475695644,,,cvp,ROUBO A PESSOA,,,Quinta-feira,False,False,Nublado,3.7,,,AIS 26,RMF OESTE
2.0,AIS 12,,,INDUSTRIAL,Maracanaú,,Sim,2026-02-26,,,,00:24:20,75311.0,4393714.0,,-3.8376348873,-38.5957967808,,,cvp,ROUBO A PESSOA,,,Quinta-feira,False,False,Nublado,3.7,,,AIS 12,RMF OESTE
2.0,AIS 12,,,INDUSTRIAL,Maracanaú,,Sim,2026-02-26,,,,00:24:20,75669.0,4393714.0,,-3.8376348873,-38.5957967808,,,cvp,ROUBO A PESSOA,,,Quinta-feira,False,False,Nublado,3.7,,,AIS 12,RMF OESTE
2.0,AIS 20,,,PARQUE DOIS IRMĂOS,Fortaleza,,Sim,2026-02-27,,,,01:30:19,75312.0,4393683.0,,-3.7998347594,-38.5431716519,,,cvp,ROUBO A PESSOA C/ CONSTRANGIMENTO DA LIBERDADE,,,Sexta-feira,False,False,Nublado,3.7,,,AIS 20,CAPITAL OESTE
2.0,AIS 20,,,PARQUE DOIS IRMĂOS,Fortaleza,,Sim,2026-02-27,,,,01:30:19,75689.0,4393683.0,,-3.7998347594,-38.5431716519,,,cvp,ROUBO A PESSOA C/ CONSTRANGIMENTO DA LIBERDADE,,,Sexta-feira,False,False,Nublado,3.7,,,AIS 20,CAPITAL OESTE
2.0,AIS 05,,,JOSÉ BONIFÁCIO,Fortaleza,,Sim,2026-02-27,,,,07:27:39,75313.0,4393687.0,,-3.7389231863,-38.5245879152,,,cvp,ROUBO A PESSOA,,,Sexta-feira,False,False,Nublado,3.7,,,AIS 05,CAPITAL OESTE
2.0,AIS 05,,,JOSÉ BONIFÁCIO,Fortaleza,,Sim,2026-02-27,,,,07:27:39,75677.0,4393687.0,,-3.7389231863,-38.5245879152,,,cvp,ROUBO A PESSOA,,,Sexta-feira,False,False,Nublado,3.7,,,AIS 05,CAPITAL OESTE
2.0,AIS 05,,,BENFICA,Fortaleza,,Sim,2026-02-27,,,,06:36:46,75314.0,4393686.0,,-3.7349924166,-38.5344938594,,,cvp,ROUBO A COLETIVO,,,Sexta-feira,False,False,Nublado,3.7,,,AIS 05,CAPITAL OESTE
2.0,AIS 05,,,BENFICA,Fortaleza,,Sim,2026-02-27,,,,06:36:46,75690.0,4393686.0,,-3.7349924166,-38.5344938594,,,cvp,ROUBO A COLETIVO,,,Sexta-feira,False,False,Nublado,3.7,,,AIS 05,CAPITAL OESTE
2.0,AIS 05,,,BENFICA,Fortaleza,,Sim,2026-02-27,,,,09:20:59,75315.0,4393690.0,,-3.7386601561,-38.5390387988,,,cvp,ROUBO A PESSOA,,,Sexta-feira,False,False,Nublado,3.7,,,AIS 05,CAPITAL OESTE
2.0,AIS 05,,,BENFICA,Fortaleza,,Sim,2026-02-27,,,,09:20:59,75679.0,4393690.0,,-3.7386601561,-38.5390387988,,,cvp,ROUBO A PESSOA,,,Sexta-feira,False,False,Nublado,3.7,,,AIS 05,CAPITAL OESTE
2.0,AIS 18,,,CENTRO,Fortaleza,,Sim,2026-02-27,,,,08:37:45,75316.0,4393689.0,,-3.7219416128,-38.5201217659,,,cvp,ROUBO A PESSOA,,,Sexta-feira,False,False,Nublado,3.7,,,AIS 08,CAPITAL OESTE
2.0,AIS 18,,,CENTRO,Fortaleza,,Sim,2026-02-27,,,,08:37:45,75678.0,4393689.0,,-3.7219416128,-38.5201217659,,,cvp,ROUBO A PESSOA,,,Sexta-feira,False,False,Nublado,3.7,,,AIS 08,CAPITAL OESTE
2.0,AIS 19,,,DIONÍSIO TORRES,Fortaleza,,Sim,2026-02-27,,,,08:13:56,75317.0,4393688.0,,-3.7458075678,-38.5017097877,,,cvp,ROUBO A PESSOA,,,Sexta-feira,False,False,Nublado,3.7,,,AIS 19,CAPITAL LESTE
2.0,AIS 19,,,DIONÍSIO TORRES,Fortaleza,,Sim,2026-02-27,,,,08:13:56,75691.0,4393688.0,,-3.7458075678,-38.5017097877,,,cvp,ROUBO A PESSOA,,,Sexta-feira,False,False,Nublado,3.7,,,AIS 19,CAPITAL LESTE
2.0,,,,DENDÊ,Fortaleza,,Sim,2026-02-28,,,,21:57:07,75693.0,4395253.0,,-3.8000612148,-38.5575791055,Rua K (Loteamento Expedicionários II),,cvp,ROUBO A PESSOA,,,Sábado,False,False,Chuvoso,15.2,,,AIS 05,
2.0,AIS 06,,,RODOLFO TEÓFILO,Fortaleza,,Sim,2026-02-28,,,,22:50:54,75694.0,4395254.0,,-3.75123767,-38.552012936,Avenida José Bastos,,cvp,ROUBO A PESSOA,,,Sábado,False,False,Chuvoso,15.2,,,AIS 21,CAPITAL OESTE
2.0,AIS 25,,,HORIZONTE,Horizonte,,Sim,2026-02-28,,,,07:39:56,75695.0,4395258.0,,-4.1023865973,-38.4963516695,Rua Francisco da Mata Pereira,,cvp,ROUBO A PESSOA,,,Sábado,False,False,Chuvoso,15.2,,,AIS 25,RMF LESTE
2.0,AIS 08,,,VICENTE PINZÓN,Fortaleza,,Sim,2026-02-28,,,,18:44:39,75696.0,4395249.0,,-3.7325446871,-38.4813715358,Rua Fausto Cabral,,cvp,ROUBO A FARMÁCIA,,,Sábado,False,False,Chuvoso,15.2,,,AIS 08,CAPITAL LESTE
2.0,AIS 05,,,MARAPONGA,Fortaleza,,Sim,2026-02-28,,,,18:44:02,75697.0,4395248.0,,-3.7959298297,-38.5647565576,Rua Mimosa Coelho,,cvp,ROUBO A PESSOA,,,Sábado,False,False,Chuvoso,15.2,,,AIS 05,CAPITAL OESTE
2.0,AIS 17,,,CONJUNTO CEARA I,Caucaia,,Sim,2026-02-28,,,,18:24:16,75698.0,4394775.0,,-3.7711640339,-38.6536237302,Rua 323,,cvp,ROUBO A PESSOA,,,Sábado,False,False,Chuvoso,15.2,,,AIS 17,CAPITAL OESTE
2.0,AIS 20,,,MANOEL SÁTIRO,Fortaleza,,Sim,2026-02-28,,,,16:03:04,75699.0,4395246.0,,-3.8047998111,-38.5865812965,Avenida Contorno Oeste,,cvp,ROUBO A ESTABELECIMENTO COMERCIAL,,,Sábado,False,False,Chuvoso,15.2,,,AIS 17,CAPITAL OESTE
2.0,AIS 17,,,BOM JARDIM,Fortaleza,,Sim,2026-02-28,,,,15:33:39,75700.0,4395244.0,,-3.7946207437,-38.5924385053,Avenida General Osório de Paiva,,cvp,ROUBO A PESSOA,,,Sábado,False,False,Chuvoso,15.2,,,AIS 06,CAPITAL OESTE
2.0,AIS 19,,,SABIAGUABA,Fortaleza,,Sim,2026-02-28,,,,02:26:16,75701.0,4395240.0,,-3.7850327648,-38.4384920786,Rodovia Deputado Joaquim Noronha Mota,,cvp,ROUBO A PESSOA,,,Sábado,False,False,Chuvoso,15.2,,,AIS 19,CAPITAL LESTE
2.0,AIS 20,,,PREFEITO JOSÉ WALTER,Fortaleza,,Sim,2026-02-28,,,,09:36:36,75702.0,4395243.0,,-3.8360115403,-38.5589107805,Avenida L,,cvp,ROUBO A PESSOA,,,Sábado,False,False,Chuvoso,15.2,,,AIS 16,CAPITAL OESTE
2.0,,,,PRAIA DO FURUTO II,Fortaleza,,Sim,2026-02-28,,,,08:12:32,75703.0,4395242.0,,-3.7595829838,-38.4428171296,Avenida Clóvis Arrais Maia,,cvp,ROUBO A PESSOA,,,Sábado,False,False,Chuvoso,15.2,,,AIS 19,
2.0,AIS 08,,,ALDEOTA,Fortaleza,,Sim,2026-02-28,,,,19:04:30,75704.0,4395250.0,,-3.7333897381,-38.5133960823,Rua Ildefonso Albano,,cvp,ROUBO A PESSOA,,,Sábado,False,False,Chuvoso,15.2,,,AIS 21,CAPITAL LESTE
2.0,,,,GENTILÂNDIA,Fortaleza,,Sim,2026-02-28,,,,04:53:43,75705.0,4395241.0,,-3.7434381766,-38.5368915421,Praça da Gentilândia,,cvp,ROUBO A PESSOA,,,Sábado,False,False,Chuvoso,15.2,,,AIS 21,
2.0,AIS 17,,,BOM JARDIM,Maracanaú,,Sim,2026-02-28,,,,18:18:25,75706.0,4395286.0,,-3.8399970627,-38.5938869895,Rua 12 A,,cvp,ROUBO A PESSOA,,,Sábado,False,False,Chuvoso,15.2,,,AIS 17,CAPITAL OESTE
2.0,AIS 26,,,GUADALAJARA,Caucaia,,Sim,2026-03-01,,,,00:05:02,75707.0,4396061.0,,-3.7317511359,-38.6576254666,Rua Juaci Sampaio Pontes,,cvp,ROUBO A CLÍNICA/CONSULTÓRIO,,,Domingo,False,True,Chuvoso,11.2,,,AIS 26,RMF OESTE
2.0,AIS 26,,,GUADALAJARA,Caucaia,,Sim,2026-03-01,,,,00:05:02,75824.0,4396061.0,,-3.7317511359,-38.6576254666,Rua Juaci Sampaio Pontes,,cvp,ROUBO A CLÍNICA/CONSULTÓRIO,,,Domingo,False,True,Chuvoso,11.2,,,AIS 26,RMF OESTE
2.0,AIS 26,,,GUADALAJARA,Caucaia,,Sim,2026-03-01,,,,00:05:02,76048.0,4396061.0,,-3.7317511359,-38.6576254666,Rua Juaci Sampaio Pontes,,cvp,ROUBO A CLÍNICA/CONSULTÓRIO,,,Domingo,False,True,Chuvoso,11.2,,,AIS 26,RMF OESTE
2.0,AIS 26,,,GUADALAJARA,Caucaia,,Sim,2026-03-01,,,,00:05:02,76324.0,4396061.0,,-3.7317511359,-38.6576254666,Rua Juaci Sampaio Pontes,,cvp,ROUBO A CLÍNICA/CONSULTÓRIO,,,Domingo,False,True,Chuvoso,11.2,,,AIS 26,RMF OESTE
2.0,AIS 26,,,GUADALAJARA,Caucaia,,Sim,2026-03-01,,,,00:05:02,76709.0,4396061.0,,-3.7317511359,-38.6576254666,Rua Juaci Sampaio Pontes,,cvp,ROUBO A CLÍNICA/CONSULTÓRIO,,,Domingo,False,True,Chuvoso,11.2,,,AIS 26,RMF OESTE
2.0,AIS 17,,,BOM JARDIM,Maracanaú,,Sim,2026-03-01,,,,19:35:14,75708.0,4396076.0,,-3.821650928,-38.6318690256,Rua Sítio Jari,,cvp,ROUBO APLICATIVO DE ENTREGAS,,,Domingo,False,True,Chuvoso,11.2,,,AIS 17,CAPITAL OESTE
2.0,AIS 17,,,BOM JARDIM,Maracanaú,,Sim,2026-03-01,,,,19:35:14,75835.0,4396076.0,,-3.821650928,-38.6318690256,Rua Sítio Jari,,cvp,ROUBO APLICATIVO DE ENTREGAS,,,Domingo,False,True,Chuvoso,11.2,,,AIS 17,CAPITAL OESTE
2.0,AIS 17,,,BOM JARDIM,Maracanaú,,Sim,2026-03-01,,,,19:35:14,76049.0,4396076.0,,-3.821650928,-38.6318690256,Rua Sítio Jari,,cvp,ROUBO APLICATIVO DE ENTREGAS,,,Domingo,False,True,Chuvoso,11.2,,,AIS 17,CAPITAL OESTE
2.0,AIS 17,,,BOM JARDIM,Maracanaú,,Sim,2026-03-01,,,,19:35:14,76323.0,4396076.0,,-3.821650928,-38.6318690256,Rua Sítio Jari,,cvp,ROUBO APLICATIVO DE ENTREGAS,,,Domingo,False,True,Chuvoso,11.2,,,AIS 17,CAPITAL OESTE
2.0,AIS 17,,,BOM JARDIM,Maracanaú,,Sim,2026-03-01,,,,19:35:14,76705.0,4396076.0,,-3.821650928,-38.6318690256,Rua Sítio Jari,,cvp,ROUBO APLICATIVO DE ENTREGAS,,,Domingo,False,True,Chuvoso,11.2,,,AIS 17,CAPITAL OESTE
2.0,AIS 20,,,PREFEITO JOSÉ WALTER,Fortaleza,,Sim,2026-03-01,,,,22:39:31,75709.0,4396078.0,,-3.8365714428,-38.5514668693,Rua E,,cvp,ROUBO A PESSOA,,,Domingo,False,True,Chuvoso,11.2,,,AIS 16,CAPITAL OESTE
2.0,AIS 20,,,PREFEITO JOSÉ WALTER,Fortaleza,,Sim,2026-03-01,,,,22:39:31,75833.0,4396078.0,,-3.8365714428,-38.5514668693,Rua E,,cvp,ROUBO A PESSOA,,,Domingo,False,True,Chuvoso,11.2,,,AIS 16,CAPITAL OESTE
2.0,AIS 20,,,PREFEITO JOSÉ WALTER,Fortaleza,,Sim,2026-03-01,,,,22:39:31,76056.0,4396078.0,,-3.8365714428,-38.5514668693,Rua E,,cvp,ROUBO A PESSOA,,,Domingo,False,True,Chuvoso,11.2,,,AIS 16,CAPITAL OESTE
2.0,AIS 20,,,PREFEITO JOSÉ WALTER,Fortaleza,,Sim,2026-03-01,,,,22:39:31,76326.0,4396078.0,,-3.8365714428,-38.5514668693,Rua E,,cvp,ROUBO A PESSOA,,,Domingo,False,True,Chuvoso,11.2,,,AIS 16,CAPITAL OESTE
2.0,AIS 20,,,PREFEITO JOSÉ WALTER,Fortaleza,,Sim,2026-03-01,,,,22:39:31,76707.0,4396078.0,,-3.8365714428,-38.5514668693,Rua E,,cvp,ROUBO A PESSOA,,,Domingo,False,True,Chuvoso,11.2,,,AIS 16,CAPITAL OESTE
2.0,AIS 31,,,,Pedra Branca,,Sim,2026-03-01,,,,23:12:27,75710.0,4396079.0,,-5.4694869021,-39.7136101935,Rua Santa Rosa,,cvp,ROUBO A RESIDÊNCIA,,,Domingo,False,True,Chuvoso,11.2,,,AIS 31,SUDESTE
2.0,AIS 31,,,,Pedra Branca,,Sim,2026-03-01,,,,23:12:27,75834.0,4396079.0,,-5.4694869021,-39.7136101935,Rua Santa Rosa,,cvp,ROUBO A RESIDÊNCIA,,,Domingo,False,True,Chuvoso,11.2,,,AIS 31,SUDESTE
2.0,AIS 31,,,,Pedra Branca,,Sim,2026-03-01,,,,23:12:27,76050.0,4396079.0,,-5.4694869021,-39.7136101935,Rua Santa Rosa,,cvp,ROUBO A RESIDÊNCIA,,,Domingo,False,True,Chuvoso,11.2,,,AIS 31,SUDESTE
2.0,AIS 31,,,,Pedra Branca,,Sim,2026-03-01,,,,23:12:27,76328.0,4396079.0,,-5.4694869021,-39.7136101935,Rua Santa Rosa,,cvp,ROUBO A RESIDÊNCIA,,,Domingo,False,True,Chuvoso,11.2,,,AIS 31,SUDESTE
2.0,AIS 31,,,,Pedra Branca,,Sim,2026-03-01,,,,23:12:27,76706.0,4396079.0,,-5.4694869021,-39.7136101935,Rua Santa Rosa,,cvp,ROUBO A RESIDÊNCIA,,,Domingo,False,True,Chuvoso,11.2,,,AIS 31,SUDESTE
2.0,AIS 05,,,PARANGABA,Fortaleza,,Sim,2026-03-01,,,,00:03:27,75711.0,4396059.0,,-3.7767617401,-38.5686687549,Rua Iguapé,,cvp,ROUBO A COLETIVO,,,Domingo,False,True,Chuvoso,11.2,,,AIS 05,CAPITAL OESTE
2.0,AIS 05,,,PARANGABA,Fortaleza,,Sim,2026-03-01,,,,00:03:27,75826.0,4396059.0,,-3.7767617401,-38.5686687549,Rua Iguapé,,cvp,ROUBO A COLETIVO,,,Domingo,False,True,Chuvoso,11.2,,,AIS 05,CAPITAL OESTE
2.0,AIS 05,,,PARANGABA,Fortaleza,,Sim,2026-03-01,,,,00:03:27,76051.0,4396059.0,,-3.7767617401,-38.5686687549,Rua Iguapé,,cvp,ROUBO A COLETIVO,,,Domingo,False,True,Chuvoso,11.2,,,AIS 05,CAPITAL OESTE
2.0,AIS 05,,,PARANGABA,Fortaleza,,Sim,2026-03-01,,,,00:03:27,76334.0,4396059.0,,-3.7767617401,-38.5686687549,Rua Iguapé,,cvp,ROUBO A COLETIVO,,,Domingo,False,True,Chuvoso,11.2,,,AIS 05,CAPITAL OESTE
2.0,AIS 05,,,PARANGABA,Fortaleza,,Sim,2026-03-01,,,,00:03:27,76714.0,4396059.0,,-3.7767617401,-38.5686687549,Rua Iguapé,,cvp,ROUBO A COLETIVO,,,Domingo,False,True,Chuvoso,11.2,,,AIS 05,CAPITAL OESTE
2.0,AIS 19,,,COCÓ,Fortaleza,,Sim,2026-03-01,,,,19:17:09,75712.0,4396075.0,,-3.7425210662,-38.479117464,Rua Doutor Batista de Oliveira,,cvp,ROUBO A FARMÁCIA,,,Domingo,False,True,Chuvoso,11.2,,,AIS 21,CAPITAL LESTE
2.0,AIS 19,,,COCÓ,Fortaleza,,Sim,2026-03-01,,,,19:17:09,75825.0,4396075.0,,-3.7425210662,-38.479117464,Rua Doutor Batista de Oliveira,,cvp,ROUBO A FARMÁCIA,,,Domingo,False,True,Chuvoso,11.2,,,AIS 21,CAPITAL LESTE
2.0,AIS 19,,,COCÓ,Fortaleza,,Sim,2026-03-01,,,,19:17:09,76057.0,4396075.0,,-3.7425210662,-38.479117464,Rua Doutor Batista de Oliveira,,cvp,ROUBO A FARMÁCIA,,,Domingo,False,True,Chuvoso,11.2,,,AIS 21,CAPITAL LESTE
2.0,AIS 19,,,COCÓ,Fortaleza,,Sim,2026-03-01,,,,19:17:09,76325.0,4396075.0,,-3.7425210662,-38.479117464,Rua Doutor Batista de Oliveira,,cvp,ROUBO A FARMÁCIA,,,Domingo,False,True,Chuvoso,11.2,,,AIS 21,CAPITAL LESTE
2.0,AIS 19,,,COCÓ,Fortaleza,,Sim,2026-03-01,,,,19:17:09,76703.0,4396075.0,,-3.7425210662,-38.479117464,Rua Doutor Batista de Oliveira,,cvp,ROUBO A FARMÁCIA,,,Domingo,False,True,Chuvoso,11.2,,,AIS 21,CAPITAL LESTE
2.0,AIS 08,,,ALDEOTA,Fortaleza,,Sim,2026-03-01,,,,18:05:15,75713.0,4396074.0,,-3.7311305951,-38.5076811602,Avenida Rui Barbosa,,cvp,ROUBO A PESSOA,,,Domingo,False,True,Chuvoso,11.2,,,AIS 21,CAPITAL LESTE
2.0,AIS 08,,,ALDEOTA,Fortaleza,,Sim,2026-03-01,,,,18:05:15,75832.0,4396074.0,,-3.7311305951,-38.5076811602,Avenida Rui Barbosa,,cvp,ROUBO A PESSOA,,,Domingo,False,True,Chuvoso,11.2,,,AIS 21,CAPITAL LESTE
2.0,AIS 08,,,ALDEOTA,Fortaleza,,Sim,2026-03-01,,,,18:05:15,76058.0,4396074.0,,-3.7311305951,-38.5076811602,Avenida Rui Barbosa,,cvp,ROUBO A PESSOA,,,Domingo,False,True,Chuvoso,11.2,,,AIS 21,CAPITAL LESTE
2.0,AIS 08,,,ALDEOTA,Fortaleza,,Sim,2026-03-01,,,,18:05:15,76329.0,4396074.0,,-3.7311305951,-38.5076811602,Avenida Rui Barbosa,,cvp,ROUBO A PESSOA,,,Domingo,False,True,Chuvoso,11.2,,,AIS 21,CAPITAL LESTE
2.0,AIS 08,,,ALDEOTA,Fortaleza,,Sim,2026-03-01,,,,18:05:15,76708.0,4396074.0,,-3.7311305951,-38.5076811602,Avenida Rui Barbosa,,cvp,ROUBO A PESSOA,,,Domingo,False,True,Chuvoso,11.2,,,AIS 21,CAPITAL LESTE
2.0,AIS 19,,,JOAQUIM TÁVORA,Fortaleza,,Sim,2026-03-01,,,,17:55:19,75714.0,4396073.0,,-3.7415697268,-38.522344659,Avenida Visconde do Rio Branco,,cvp,ROUBO A PESSOA,,,Domingo,False,True,Chuvoso,11.2,,,AIS 21,CAPITAL LESTE
2.0,AIS 19,,,JOAQUIM TÁVORA,Fortaleza,,Sim,2026-03-01,,,,17:55:19,75831.0,4396073.0,,-3.7415697268,-38.522344659,Avenida Visconde do Rio Branco,,cvp,ROUBO A PESSOA,,,Domingo,False,True,Chuvoso,11.2,,,AIS 21,CAPITAL LESTE
2.0,AIS 19,,,JOAQUIM TÁVORA,Fortaleza,,Sim,2026-03-01,,,,17:55:19,76059.0,4396073.0,,-3.7415697268,-38.522344659,Avenida Visconde do Rio Branco,,cvp,ROUBO A PESSOA,,,Domingo,False,True,Chuvoso,11.2,,,AIS 21,CAPITAL LESTE
2.0,AIS 19,,,JOAQUIM TÁVORA,Fortaleza,,Sim,2026-03-01,,,,17:55:19,76330.0,4396073.0,,-3.7415697268,-38.522344659,Avenida Visconde do Rio Branco,,cvp,ROUBO A PESSOA,,,Domingo,False,True,Chuvoso,11.2,,,AIS 21,CAPITAL LESTE
2.0,AIS 19,,,JOAQUIM TÁVORA,Fortaleza,,Sim,2026-03-01,,,,17:55:19,76704.0,4396073.0,,-3.7415697268,-38.522344659,Avenida Visconde do Rio Branco,,cvp,ROUBO A PESSOA,,,Domingo,False,True,Chuvoso,11.2,,,AIS 21,CAPITAL LESTE
2.0,AIS 06,,,RODOLFO TEÓFILO,Fortaleza,,Sim,2026-03-01,,,,11:17:48,75715.0,4396069.0,,-3.7483241637,-38.5489639496,Avenida José Bastos,,cvp,ROUBO A COLETIVO,,,Domingo,False,True,Chuvoso,11.2,,,AIS 21,CAPITAL OESTE
2.0,AIS 06,,,RODOLFO TEÓFILO,Fortaleza,,Sim,2026-03-01,,,,11:17:48,75830.0,4396069.0,,-3.7483241637,-38.5489639496,Avenida José Bastos,,cvp,ROUBO A COLETIVO,,,Domingo,False,True,Chuvoso,11.2,,,AIS 21,CAPITAL OESTE
2.0,AIS 06,,,RODOLFO TEÓFILO,Fortaleza,,Sim,2026-03-01,,,,11:17:48,76055.0,4396069.0,,-3.7483241637,-38.5489639496,Avenida José Bastos,,cvp,ROUBO A COLETIVO,,,Domingo,False,True,Chuvoso,11.2,,,AIS 21,CAPITAL OESTE
2.0,AIS 06,,,RODOLFO TEÓFILO,Fortaleza,,Sim,2026-03-01,,,,11:17:48,76331.0,4396069.0,,-3.7483241637,-38.5489639496,Avenida José Bastos,,cvp,ROUBO A COLETIVO,,,Domingo,False,True,Chuvoso,11.2,,,AIS 21,CAPITAL OESTE
2.0,AIS 06,,,RODOLFO TEÓFILO,Fortaleza,,Sim,2026-03-01,,,,11:17:48,76713.0,4396069.0,,-3.7483241637,-38.5489639496,Avenida José Bastos,,cvp,ROUBO A COLETIVO,,,Domingo,False,True,Chuvoso,11.2,,,AIS 21,CAPITAL OESTE
2.0,AIS 18,,,CENTRO,Fortaleza,,Sim,2026-03-01,,,,10:53:27,75716.0,4396068.0,,-3.7218229835,-38.5282551505,Rua Senador Pompeu,,cvp,ROUBO A PESSOA,,,Domingo,False,True,Chuvoso,11.2,,,AIS 08,CAPITAL OESTE
2.0,AIS 18,,,CENTRO,Fortaleza,,Sim,2026-03-01,,,,10:53:27,75829.0,4396068.0,,-3.7218229835,-38.5282551505,Rua Senador Pompeu,,cvp,ROUBO A PESSOA,,,Domingo,False,True,Chuvoso,11.2,,,AIS 08,CAPITAL OESTE
2.0,AIS 18,,,CENTRO,Fortaleza,,Sim,2026-03-01,,,,10:53:27,76054.0,4396068.0,,-3.7218229835,-38.5282551505,Rua Senador Pompeu,,cvp,ROUBO A PESSOA,,,Domingo,False,True,Chuvoso,11.2,,,AIS 08,CAPITAL OESTE
2.0,AIS 18,,,CENTRO,Fortaleza,,Sim,2026-03-01,,,,10:53:27,76332.0,4396068.0,,-3.7218229835,-38.5282551505,Rua Senador Pompeu,,cvp,ROUBO A PESSOA,,,Domingo,False,True,Chuvoso,11.2,,,AIS 08,CAPITAL OESTE
2.0,AIS 18,,,CENTRO,Fortaleza,,Sim,2026-03-01,,,,10:53:27,76712.0,4396068.0,,-3.7218229835,-38.5282551505,Rua Senador Pompeu,,cvp,ROUBO A PESSOA,,,Domingo,False,True,Chuvoso,11.2,,,AIS 08,CAPITAL OESTE
2.0,AIS 18,,,VILA VELHA,Fortaleza,,Sim,2026-03-01,,,,05:58:53,75717.0,4396066.0,,-3.714571087,-38.5921125284,Rua Ministro Antônio Coelho,,cvp,ROUBO A PESSOA,,,Domingo,False,True,Chuvoso,11.2,,,AIS 06,CAPITAL OESTE
2.0,AIS 18,,,VILA VELHA,Fortaleza,,Sim,2026-03-01,,,,05:58:53,75828.0,4396066.0,,-3.714571087,-38.5921125284,Rua Ministro Antônio Coelho,,cvp,ROUBO A PESSOA,,,Domingo,False,True,Chuvoso,11.2,,,AIS 06,CAPITAL OESTE
2.0,AIS 18,,,VILA VELHA,Fortaleza,,Sim,2026-03-01,,,,05:58:53,76053.0,4396066.0,,-3.714571087,-38.5921125284,Rua Ministro Antônio Coelho,,cvp,ROUBO A PESSOA,,,Domingo,False,True,Chuvoso,11.2,,,AIS 06,CAPITAL OESTE
2.0,AIS 18,,,VILA VELHA,Fortaleza,,Sim,2026-03-01,,,,05:58:53,76333.0,4396066.0,,-3.714571087,-38.5921125284,Rua Ministro Antônio Coelho,,cvp,ROUBO A PESSOA,,,Domingo,False,True,Chuvoso,11.2,,,AIS 06,CAPITAL OESTE
2.0,AIS 18,,,VILA VELHA,Fortaleza,,Sim,2026-03-01,,,,05:58:53,76711.0,4396066.0,,-3.714571087,-38.5921125284,Rua Ministro Antônio Coelho,,cvp,ROUBO A PESSOA,,,Domingo,False,True,Chuvoso,11.2,,,AIS 06,CAPITAL OESTE
2.0,AIS 06,,,RODOLFO TEÓFILO,Fortaleza,,Sim,2026-03-01,,,,03:30:34,75718.0,4396063.0,,-3.7454978453,-38.5490313179,Rua Monsenhor Furtado,,cvp,ROUBO A RESIDÊNCIA,,,Domingo,False,True,Chuvoso,11.2,,,AIS 21,CAPITAL OESTE
2.0,AIS 06,,,RODOLFO TEÓFILO,Fortaleza,,Sim,2026-03-01,,,,03:30:34,75827.0,4396063.0,,-3.7454978453,-38.5490313179,Rua Monsenhor Furtado,,cvp,ROUBO A RESIDÊNCIA,,,Domingo,False,True,Chuvoso,11.2,,,AIS 21,CAPITAL OESTE
2.0,AIS 06,,,RODOLFO TEÓFILO,Fortaleza,,Sim,2026-03-01,,,,03:30:34,76052.0,4396063.0,,-3.7454978453,-38.5490313179,Rua Monsenhor Furtado,,cvp,ROUBO A RESIDÊNCIA,,,Domingo,False,True,Chuvoso,11.2,,,AIS 21,CAPITAL OESTE
2.0,AIS 06,,,RODOLFO TEÓFILO,Fortaleza,,Sim,2026-03-01,,,,03:30:34,76327.0,4396063.0,,-3.7454978453,-38.5490313179,Rua Monsenhor Furtado,,cvp,ROUBO A RESIDÊNCIA,,,Domingo,False,True,Chuvoso,11.2,,,AIS 21,CAPITAL OESTE
2.0,AIS 06,,,RODOLFO TEÓFILO,Fortaleza,,Sim,2026-03-01,,,,03:30:34,76710.0,4396063.0,,-3.7454978453,-38.5490313179,Rua Monsenhor Furtado,,cvp,ROUBO A RESIDÊNCIA,,,Domingo,False,True,Chuvoso,11.2,,,AIS 21,CAPITAL OESTE
2.0,AIS 18,,,FLORESTA,Fortaleza,,Sim,2026-03-02,,,,12:52:20,75719.0,4396088.0,,-3.727671218,-38.5767574566,Travessa Sangati,,cvp,ROUBO A PESSOA,,,Segunda-feira,False,True,Chuvoso,11.8,,,AIS 06,CAPITAL OESTE
2.0,AIS 18,,,FLORESTA,Fortaleza,,Sim,2026-03-02,,,,12:52:20,75839.0,4396088.0,,-3.727671218,-38.5767574566,Travessa Sangati,,cvp,ROUBO A PESSOA,,,Segunda-feira,False,True,Chuvoso,11.8,,,AIS 06,CAPITAL OESTE
2.0,AIS 18,,,FLORESTA,Fortaleza,,Sim,2026-03-02,,,,12:52:20,76063.0,4396088.0,,-3.727671218,-38.5767574566,Travessa Sangati,,cvp,ROUBO A PESSOA,,,Segunda-feira,False,True,Chuvoso,11.8,,,AIS 06,CAPITAL OESTE
2.0,AIS 18,,,FLORESTA,Fortaleza,,Sim,2026-03-02,,,,12:52:20,76335.0,4396088.0,,-3.727671218,-38.5767574566,Travessa Sangati,,cvp,ROUBO A PESSOA,,,Segunda-feira,False,True,Chuvoso,11.8,,,AIS 06,CAPITAL OESTE
2.0,AIS 18,,,FLORESTA,Fortaleza,,Sim,2026-03-02,,,,12:52:20,76726.0,4396088.0,,-3.727671218,-38.5767574566,Travessa Sangati,,cvp,ROUBO A PESSOA,,,Segunda-feira,False,True,Chuvoso,11.8,,,AIS 06,CAPITAL OESTE
2.0,AIS 06,,,JÓQUEI CLUBE,Fortaleza,,Sim,2026-03-02,,,,22:51:39,75720.0,4396107.0,,-3.7711888449,-38.5734867607,Rua Estrada do Pici,,cvp,ROUBO A PESSOA,,,Segunda-feira,False,True,Chuvoso,11.8,,,AIS 05,CAPITAL OESTE
2.0,AIS 06,,,JÓQUEI CLUBE,Fortaleza,,Sim,2026-03-02,,,,22:51:39,75848.0,4396107.0,,-3.7711888449,-38.5734867607,Rua Estrada do Pici,,cvp,ROUBO A PESSOA,,,Segunda-feira,False,True,Chuvoso,11.8,,,AIS 05,CAPITAL OESTE
2.0,AIS 06,,,JÓQUEI CLUBE,Fortaleza,,Sim,2026-03-02,,,,22:51:39,76073.0,4396107.0,,-3.7711888449,-38.5734867607,Rua Estrada do Pici,,cvp,ROUBO A PESSOA,,,Segunda-feira,False,True,Chuvoso,11.8,,,AIS 05,CAPITAL OESTE
2.0,AIS 06,,,JÓQUEI CLUBE,Fortaleza,,Sim,2026-03-02,,,,22:51:39,76344.0,4396107.0,,-3.7711888449,-38.5734867607,Rua Estrada do Pici,,cvp,ROUBO A PESSOA,,,Segunda-feira,False,True,Chuvoso,11.8,,,AIS 05,CAPITAL OESTE
2.0,AIS 06,,,JÓQUEI CLUBE,Fortaleza,,Sim,2026-03-02,,,,22:51:39,76728.0,4396107.0,,-3.7711888449,-38.5734867607,Rua Estrada do Pici,,cvp,ROUBO A PESSOA,,,Segunda-feira,False,True,Chuvoso,11.8,,,AIS 05,CAPITAL OESTE
2.0,AIS 05,,,JOSÉ BONIFÁCIO,Fortaleza,,Sim,2026-03-02,,,,22:51:27,75721.0,4396106.0,,-3.7366425835,-38.5280217535,Rua Solon Pinheiro,,cvp,ROUBO A PESSOA,,,Segunda-feira,False,True,Chuvoso,11.8,,,AIS 21,CAPITAL OESTE
2.0,AIS 05,,,JOSÉ BONIFÁCIO,Fortaleza,,Sim,2026-03-02,,,,22:51:27,75847.0,4396106.0,,-3.7366425835,-38.5280217535,Rua Solon Pinheiro,,cvp,ROUBO A PESSOA,,,Segunda-feira,False,True,Chuvoso,11.8,,,AIS 21,CAPITAL OESTE
2.0,AIS 05,,,JOSÉ BONIFÁCIO,Fortaleza,,Sim,2026-03-02,,,,22:51:27,76072.0,4396106.0,,-3.7366425835,-38.5280217535,Rua Solon Pinheiro,,cvp,ROUBO A PESSOA,,,Segunda-feira,False,True,Chuvoso,11.8,,,AIS 21,CAPITAL OESTE
2.0,AIS 05,,,JOSÉ BONIFÁCIO,Fortaleza,,Sim,2026-03-02,,,,22:51:27,76343.0,4396106.0,,-3.7366425835,-38.5280217535,Rua Solon Pinheiro,,cvp,ROUBO A PESSOA,,,Segunda-feira,False,True,Chuvoso,11.8,,,AIS 21,CAPITAL OESTE
2.0,AIS 05,,,JOSÉ BONIFÁCIO,Fortaleza,,Sim,2026-03-02,,,,22:51:27,76724.0,4396106.0,,-3.7366425835,-38.5280217535,Rua Solon Pinheiro,,cvp,ROUBO A PESSOA,,,Segunda-feira,False,True,Chuvoso,11.8,,,AIS 21,CAPITAL OESTE
2.0,AIS 16,,,JOSÉ DE ALENCAR,Fortaleza,,Sim,2026-03-02,,,,20:03:58,75722.0,4396100.0,,-3.8041061803,-38.4764709992,Rua Elizeu Oriá,,cvp,ROUBO A PESSOA,,,Segunda-feira,False,True,Chuvoso,11.8,,,AIS 21,CAPITAL LESTE
2.0,AIS 16,,,JOSÉ DE ALENCAR,Fortaleza,,Sim,2026-03-02,,,,20:03:58,75845.0,4396100.0,,-3.8041061803,-38.4764709992,Rua Elizeu Oriá,,cvp,ROUBO A PESSOA,,,Segunda-feira,False,True,Chuvoso,11.8,,,AIS 21,CAPITAL LESTE
2.0,AIS 16,,,JOSÉ DE ALENCAR,Fortaleza,,Sim,2026-03-02,,,,20:03:58,76070.0,4396100.0,,-3.8041061803,-38.4764709992,Rua Elizeu Oriá,,cvp,ROUBO A PESSOA,,,Segunda-feira,False,True,Chuvoso,11.8,,,AIS 21,CAPITAL LESTE
2.0,AIS 16,,,JOSÉ DE ALENCAR,Fortaleza,,Sim,2026-03-02,,,,20:03:58,76345.0,4396100.0,,-3.8041061803,-38.4764709992,Rua Elizeu Oriá,,cvp,ROUBO A PESSOA,,,Segunda-feira,False,True,Chuvoso,11.8,,,AIS 21,CAPITAL LESTE
2.0,AIS 16,,,JOSÉ DE ALENCAR,Fortaleza,,Sim,2026-03-02,,,,20:03:58,76719.0,4396100.0,,-3.8041061803,-38.4764709992,Rua Elizeu Oriá,,cvp,ROUBO A PESSOA,,,Segunda-feira,False,True,Chuvoso,11.8,,,AIS 21,CAPITAL LESTE
2.0,AIS 08,,,MEIRELES,Fortaleza,,Sim,2026-03-02,,,,19:49:25,75723.0,4396098.0,,-3.7237743968,-38.5100198757,Rua Ildefonso Albano,,cvp,ROUBO A PESSOA,,,Segunda-feira,False,True,Chuvoso,11.8,,,AIS 08,CAPITAL LESTE
2.0,AIS 08,,,MEIRELES,Fortaleza,,Sim,2026-03-02,,,,19:49:25,75844.0,4396098.0,,-3.7237743968,-38.5100198757,Rua Ildefonso Albano,,cvp,ROUBO A PESSOA,,,Segunda-feira,False,True,Chuvoso,11.8,,,AIS 08,CAPITAL LESTE
2.0,AIS 08,,,MEIRELES,Fortaleza,,Sim,2026-03-02,,,,19:49:25,76069.0,4396098.0,,-3.7237743968,-38.5100198757,Rua Ildefonso Albano,,cvp,ROUBO A PESSOA,,,Segunda-feira,False,True,Chuvoso,11.8,,,AIS 08,CAPITAL LESTE
2.0,AIS 08,,,MEIRELES,Fortaleza,,Sim,2026-03-02,,,,19:49:25,76342.0,4396098.0,,-3.7237743968,-38.5100198757,Rua Ildefonso Albano,,cvp,ROUBO A PESSOA,,,Segunda-feira,False,True,Chuvoso,11.8,,,AIS 08,CAPITAL LESTE
2.0,AIS 08,,,MEIRELES,Fortaleza,,Sim,2026-03-02,,,,19:49:25,76715.0,4396098.0,,-3.7237743968,-38.5100198757,Rua Ildefonso Albano,,cvp,ROUBO A PESSOA,,,Segunda-feira,False,True,Chuvoso,11.8,,,AIS 08,CAPITAL LESTE
2.0,AIS 18,,,CENTRO,Fortaleza,,Sim,2026-03-02,,,,19:37:16,75724.0,4396096.0,,-3.7305115818,-38.5165394631,Avenida Santos Dumont,,cvp,ROUBO A PESSOA,,,Segunda-feira,False,True,Chuvoso,11.8,,,AIS 21,CAPITAL OESTE
2.0,AIS 18,,,CENTRO,Fortaleza,,Sim,2026-03-02,,,,19:37:16,75843.0,4396096.0,,-3.7305115818,-38.5165394631,Avenida Santos Dumont,,cvp,ROUBO A PESSOA,,,Segunda-feira,False,True,Chuvoso,11.8,,,AIS 21,CAPITAL OESTE
2.0,AIS 18,,,CENTRO,Fortaleza,,Sim,2026-03-02,,,,19:37:16,76068.0,4396096.0,,-3.7305115818,-38.5165394631,Avenida Santos Dumont,,cvp,ROUBO A PESSOA,,,Segunda-feira,False,True,Chuvoso,11.8,,,AIS 21,CAPITAL OESTE
2.0,AIS 18,,,CENTRO,Fortaleza,,Sim,2026-03-02,,,,19:37:16,76341.0,4396096.0,,-3.7305115818,-38.5165394631,Avenida Santos Dumont,,cvp,ROUBO A PESSOA,,,Segunda-feira,False,True,Chuvoso,11.8,,,AIS 21,CAPITAL OESTE
2.0,AIS 18,,,CENTRO,Fortaleza,,Sim,2026-03-02,,,,19:37:16,76718.0,4396096.0,,-3.7305115818,-38.5165394631,Avenida Santos Dumont,,cvp,ROUBO A PESSOA,,,Segunda-feira,False,True,Chuvoso,11.8,,,AIS 21,CAPITAL OESTE
2.0,AIS 16,,,JOSÉ DE ALENCAR,Fortaleza,,Sim,2026-03-02,,,,19:34:59,75725.0,4396095.0,,-3.810162359,-38.475837001,José de Alencar,,cvp,ROUBO A PESSOA,,,Segunda-feira,False,True,Chuvoso,11.8,,,AIS 16,CAPITAL LESTE
2.0,AIS 16,,,JOSÉ DE ALENCAR,Fortaleza,,Sim,2026-03-02,,,,19:34:59,75849.0,4396095.0,,-3.810162359,-38.475837001,José de Alencar,,cvp,ROUBO A PESSOA,,,Segunda-feira,False,True,Chuvoso,11.8,,,AIS 16,CAPITAL LESTE
2.0,AIS 16,,,JOSÉ DE ALENCAR,Fortaleza,,Sim,2026-03-02,,,,19:34:59,76067.0,4396095.0,,-3.810162359,-38.475837001,José de Alencar,,cvp,ROUBO A PESSOA,,,Segunda-feira,False,True,Chuvoso,11.8,,,AIS 16,CAPITAL LESTE
2.0,AIS 16,,,JOSÉ DE ALENCAR,Fortaleza,,Sim,2026-03-02,,,,19:34:59,76340.0,4396095.0,,-3.810162359,-38.475837001,José de Alencar,,cvp,ROUBO A PESSOA,,,Segunda-feira,False,True,Chuvoso,11.8,,,AIS 16,CAPITAL LESTE
2.0,AIS 16,,,JOSÉ DE ALENCAR,Fortaleza,,Sim,2026-03-02,,,,19:34:59,76717.0,4396095.0,,-3.810162359,-38.475837001,José de Alencar,,cvp,ROUBO A PESSOA,,,Segunda-feira,False,True,Chuvoso,11.8,,,AIS 16,CAPITAL LESTE
2.0,AIS 06,,,DOM LUSTOSA,Fortaleza,,Sim,2026-03-02,,,,19:27:07,75726.0,4396094.0,,-3.7468128622,-38.5857080716,Rua Rui Monte,,cvp,ROUBO A PESSOA,,,Segunda-feira,False,True,Chuvoso,11.8,,,AIS 06,CAPITAL OESTE
2.0,AIS 06,,,DOM LUSTOSA,Fortaleza,,Sim,2026-03-02,,,,19:27:07,75842.0,4396094.0,,-3.7468128622,-38.5857080716,Rua Rui Monte,,cvp,ROUBO A PESSOA,,,Segunda-feira,False,True,Chuvoso,11.8,,,AIS 06,CAPITAL OESTE
2.0,AIS 06,,,DOM LUSTOSA,Fortaleza,,Sim,2026-03-02,,,,19:27:07,76066.0,4396094.0,,-3.7468128622,-38.5857080716,Rua Rui Monte,,cvp,ROUBO A PESSOA,,,Segunda-feira,False,True,Chuvoso,11.8,,,AIS 06,CAPITAL OESTE
2.0,AIS 06,,,DOM LUSTOSA,Fortaleza,,Sim,2026-03-02,,,,19:27:07,76339.0,4396094.0,,-3.7468128622,-38.5857080716,Rua Rui Monte,,cvp,ROUBO A PESSOA,,,Segunda-feira,False,True,Chuvoso,11.8,,,AIS 06,CAPITAL OESTE
2.0,AIS 06,,,DOM LUSTOSA,Fortaleza,,Sim,2026-03-02,,,,19:27:07,76716.0,4396094.0,,-3.7468128622,-38.5857080716,Rua Rui Monte,,cvp,ROUBO A PESSOA,,,Segunda-feira,False,True,Chuvoso,11.8,,,AIS 06,CAPITAL OESTE
2.0,AIS 06,,,PARQUE ARAXÁ,Fortaleza,,Sim,2026-03-02,,,,22:07:51,75727.0,4396104.0,,-3.7335054277,-38.5474513157,Rua Gustavo Sampaio,,cvp,ROUBO A PESSOA,,,Segunda-feira,False,True,Chuvoso,11.8,,,AIS 05,CAPITAL OESTE
2.0,AIS 06,,,PARQUE ARAXÁ,Fortaleza,,Sim,2026-03-02,,,,22:07:51,75846.0,4396104.0,,-3.7335054277,-38.5474513157,Rua Gustavo Sampaio,,cvp,ROUBO A PESSOA,,,Segunda-feira,False,True,Chuvoso,11.8,,,AIS 05,CAPITAL OESTE
2.0,AIS 06,,,PARQUE ARAXÁ,Fortaleza,,Sim,2026-03-02,,,,22:07:51,76071.0,4396104.0,,-3.7335054277,-38.5474513157,Rua Gustavo Sampaio,,cvp,ROUBO A PESSOA,,,Segunda-feira,False,True,Chuvoso,11.8,,,AIS 05,CAPITAL OESTE
2.0,AIS 06,,,PARQUE ARAXÁ,Fortaleza,,Sim,2026-03-02,,,,22:07:51,76346.0,4396104.0,,-3.7335054277,-38.5474513157,Rua Gustavo Sampaio,,cvp,ROUBO A PESSOA,,,Segunda-feira,False,True,Chuvoso,11.8,,,AIS 05,CAPITAL OESTE
2.0,AIS 06,,,PARQUE ARAXÁ,Fortaleza,,Sim,2026-03-02,,,,22:07:51,76725.0,4396104.0,,-3.7335054277,-38.5474513157,Rua Gustavo Sampaio,,cvp,ROUBO A PESSOA,,,Segunda-feira,False,True,Chuvoso,11.8,,,AIS 05,CAPITAL OESTE
2.0,AIS 17,,,GRANJA PORTUGAL,Fortaleza,,Sim,2026-03-02,,,,17:36:01,75728.0,4396091.0,,-3.7784808406,-38.6067648318,Rua José Torres,,cvp,ROUBO A PESSOA,,,Segunda-feira,False,True,Chuvoso,11.8,,,AIS 06,CAPITAL OESTE
2.0,AIS 17,,,GRANJA PORTUGAL,Fortaleza,,Sim,2026-03-02,,,,17:36:01,75841.0,4396091.0,,-3.7784808406,-38.6067648318,Rua José Torres,,cvp,ROUBO A PESSOA,,,Segunda-feira,False,True,Chuvoso,11.8,,,AIS 06,CAPITAL OESTE
2.0,AIS 17,,,GRANJA PORTUGAL,Fortaleza,,Sim,2026-03-02,,,,17:36:01,76065.0,4396091.0,,-3.7784808406,-38.6067648318,Rua José Torres,,cvp,ROUBO A PESSOA,,,Segunda-feira,False,True,Chuvoso,11.8,,,AIS 06,CAPITAL OESTE
2.0,AIS 17,,,GRANJA PORTUGAL,Fortaleza,,Sim,2026-03-02,,,,17:36:01,76338.0,4396091.0,,-3.7784808406,-38.6067648318,Rua José Torres,,cvp,ROUBO A PESSOA,,,Segunda-feira,False,True,Chuvoso,11.8,,,AIS 06,CAPITAL OESTE
2.0,AIS 17,,,GRANJA PORTUGAL,Fortaleza,,Sim,2026-03-02,,,,17:36:01,76720.0,4396091.0,,-3.7784808406,-38.6067648318,Rua José Torres,,cvp,ROUBO A PESSOA,,,Segunda-feira,False,True,Chuvoso,11.8,,,AIS 06,CAPITAL OESTE
2.0,AIS 18,,,FLORESTA,Fortaleza,,Sim,2026-03-02,,,,14:34:59,75729.0,4396090.0,,-3.7228843619,-38.5704535491,Rua Luís Guimarães,,cvp,ROUBO A PESSOA,,,Segunda-feira,False,True,Chuvoso,11.8,,,AIS 06,CAPITAL OESTE
2.0,AIS 18,,,FLORESTA,Fortaleza,,Sim,2026-03-02,,,,14:34:59,75840.0,4396090.0,,-3.7228843619,-38.5704535491,Rua Luís Guimarães,,cvp,ROUBO A PESSOA,,,Segunda-feira,False,True,Chuvoso,11.8,,,AIS 06,CAPITAL OESTE
2.0,AIS 18,,,FLORESTA,Fortaleza,,Sim,2026-03-02,,,,14:34:59,76060.0,4396090.0,,-3.7228843619,-38.5704535491,Rua Luís Guimarães,,cvp,ROUBO A PESSOA,,,Segunda-feira,False,True,Chuvoso,11.8,,,AIS 06,CAPITAL OESTE
2.0,AIS 18,,,FLORESTA,Fortaleza,,Sim,2026-03-02,,,,14:34:59,76337.0,4396090.0,,-3.7228843619,-38.5704535491,Rua Luís Guimarães,,cvp,ROUBO A PESSOA,,,Segunda-feira,False,True,Chuvoso,11.8,,,AIS 06,CAPITAL OESTE
2.0,AIS 18,,,FLORESTA,Fortaleza,,Sim,2026-03-02,,,,14:34:59,76721.0,4396090.0,,-3.7228843619,-38.5704535491,Rua Luís Guimarães,,cvp,ROUBO A PESSOA,,,Segunda-feira,False,True,Chuvoso,11.8,,,AIS 06,CAPITAL OESTE
2.0,AIS 05,,,DAMAS,Fortaleza,,Sim,2026-03-02,,,,13:49:48,75730.0,4396089.0,,-3.7567893391,-38.5490585805,Rua Desembargador Coelho Cintra,,cvp,ROUBO A PESSOA,,,Segunda-feira,False,True,Chuvoso,11.8,,,AIS 21,CAPITAL OESTE
2.0,AIS 05,,,DAMAS,Fortaleza,,Sim,2026-03-02,,,,13:49:48,75836.0,4396089.0,,-3.7567893391,-38.5490585805,Rua Desembargador Coelho Cintra,,cvp,ROUBO A PESSOA,,,Segunda-feira,False,True,Chuvoso,11.8,,,AIS 21,CAPITAL OESTE
2.0,AIS 05,,,DAMAS,Fortaleza,,Sim,2026-03-02,,,,13:49:48,76064.0,4396089.0,,-3.7567893391,-38.5490585805,Rua Desembargador Coelho Cintra,,cvp,ROUBO A PESSOA,,,Segunda-feira,False,True,Chuvoso,11.8,,,AIS 21,CAPITAL OESTE
2.0,AIS 05,,,DAMAS,Fortaleza,,Sim,2026-03-02,,,,13:49:48,76336.0,4396089.0,,-3.7567893391,-38.5490585805,Rua Desembargador Coelho Cintra,,cvp,ROUBO A PESSOA,,,Segunda-feira,False,True,Chuvoso,11.8,,,AIS 21,CAPITAL OESTE
2.0,AIS 05,,,DAMAS,Fortaleza,,Sim,2026-03-02,,,,13:49:48,76727.0,4396089.0,,-3.7567893391,-38.5490585805,Rua Desembargador Coelho Cintra,,cvp,ROUBO A PESSOA,,,Segunda-feira,False,True,Chuvoso,11.8,,,AIS 21,CAPITAL OESTE
2.0,AIS 08,,,ALDEOTA,Fortaleza,,Sim,2026-03-02,,,,07:28:30,75731.0,4396085.0,,-3.7350617364,-38.5148725017,Rua Jovino Guedes,,cvp,ROUBO A PESSOA,,,Segunda-feira,False,True,Chuvoso,11.8,,,AIS 21,CAPITAL LESTE
2.0,AIS 08,,,ALDEOTA,Fortaleza,,Sim,2026-03-02,,,,07:28:30,75837.0,4396085.0,,-3.7350617364,-38.5148725017,Rua Jovino Guedes,,cvp,ROUBO A PESSOA,,,Segunda-feira,False,True,Chuvoso,11.8,,,AIS 21,CAPITAL LESTE
2.0,AIS 08,,,ALDEOTA,Fortaleza,,Sim,2026-03-02,,,,07:28:30,76061.0,4396085.0,,-3.7350617364,-38.5148725017,Rua Jovino Guedes,,cvp,ROUBO A PESSOA,,,Segunda-feira,False,True,Chuvoso,11.8,,,AIS 21,CAPITAL LESTE
2.0,AIS 08,,,ALDEOTA,Fortaleza,,Sim,2026-03-02,,,,07:28:30,76347.0,4396085.0,,-3.7350617364,-38.5148725017,Rua Jovino Guedes,,cvp,ROUBO A PESSOA,,,Segunda-feira,False,True,Chuvoso,11.8,,,AIS 21,CAPITAL LESTE
2.0,AIS 08,,,ALDEOTA,Fortaleza,,Sim,2026-03-02,,,,07:28:30,76722.0,4396085.0,,-3.7350617364,-38.5148725017,Rua Jovino Guedes,,cvp,ROUBO A PESSOA,,,Segunda-feira,False,True,Chuvoso,11.8,,,AIS 21,CAPITAL LESTE
2.0,AIS 19,,,COCÓ,Fortaleza,,Sim,2026-03-02,,,,11:51:57,75732.0,4396087.0,,-3.742329524,-38.4827275034,Rua Vilebaldo Aguiar,,cvp,ROUBO A PESSOA,,,Segunda-feira,False,True,Chuvoso,11.8,,,AIS 21,CAPITAL LESTE
2.0,AIS 19,,,COCÓ,Fortaleza,,Sim,2026-03-02,,,,11:51:57,75838.0,4396087.0,,-3.742329524,-38.4827275034,Rua Vilebaldo Aguiar,,cvp,ROUBO A PESSOA,,,Segunda-feira,False,True,Chuvoso,11.8,,,AIS 21,CAPITAL LESTE
2.0,AIS 19,,,COCÓ,Fortaleza,,Sim,2026-03-02,,,,11:51:57,76062.0,4396087.0,,-3.742329524,-38.4827275034,Rua Vilebaldo Aguiar,,cvp,ROUBO A PESSOA,,,Segunda-feira,False,True,Chuvoso,11.8,,,AIS 21,CAPITAL LESTE
2.0,AIS 19,,,COCÓ,Fortaleza,,Sim,2026-03-02,,,,11:51:57,76348.0,4396087.0,,-3.742329524,-38.4827275034,Rua Vilebaldo Aguiar,,cvp,ROUBO A PESSOA,,,Segunda-feira,False,True,Chuvoso,11.8,,,AIS 21,CAPITAL LESTE
2.0,AIS 19,,,COCÓ,Fortaleza,,Sim,2026-03-02,,,,11:51:57,76723.0,4396087.0,,-3.742329524,-38.4827275034,Rua Vilebaldo Aguiar,,cvp,ROUBO A PESSOA,,,Segunda-feira,False,True,Chuvoso,11.8,,,AIS 21,CAPITAL LESTE
2.0,AIS 14,,,MARACANAU,Maracanaú,,Sim,2026-03-03,,,,05:22:24,75733.0,4396109.0,,-3.8794229445,-38.6253856052,Rua Manoel Pereira,,cvp,ROUBO A ESTABELECIMENTO COMERCIAL,,,Terça-feira,False,True,Chuva Intensa,20.9,,,AIS 14,RMF LESTE
2.0,AIS 14,,,MARACANAU,Maracanaú,,Sim,2026-03-03,,,,05:22:24,75851.0,4396109.0,,-3.8794229445,-38.6253856052,Rua Manoel Pereira,,cvp,ROUBO A ESTABELECIMENTO COMERCIAL,,,Terça-feira,False,True,Chuva Intensa,20.9,,,AIS 14,RMF LESTE
2.0,AIS 14,,,MARACANAU,Maracanaú,,Sim,2026-03-03,,,,05:22:24,76075.0,4396109.0,,-3.8794229445,-38.6253856052,Rua Manoel Pereira,,cvp,ROUBO A ESTABELECIMENTO COMERCIAL,,,Terça-feira,False,True,Chuva Intensa,20.9,,,AIS 14,RMF LESTE
2.0,AIS 14,,,MARACANAU,Maracanaú,,Sim,2026-03-03,,,,05:22:24,76358.0,4396109.0,,-3.8794229445,-38.6253856052,Rua Manoel Pereira,,cvp,ROUBO A ESTABELECIMENTO COMERCIAL,,,Terça-feira,False,True,Chuva Intensa,20.9,,,AIS 14,RMF LESTE
2.0,AIS 14,,,MARACANAU,Maracanaú,,Sim,2026-03-03,,,,05:22:24,76737.0,4396109.0,,-3.8794229445,-38.6253856052,Rua Manoel Pereira,,cvp,ROUBO A ESTABELECIMENTO COMERCIAL,,,Terça-feira,False,True,Chuva Intensa,20.9,,,AIS 14,RMF LESTE
2.0,AIS 22,,,PASSARÉ,Fortaleza,,Sim,2026-03-03,,,,11:01:11,75734.0,4396112.0,,-3.8243090101,-38.5420878769,Avenida Presidente Costa e Silva,,cvp,ROUBO A MOTEL,,,Terça-feira,False,True,Chuva Intensa,20.9,,,AIS 16,CAPITAL LESTE
2.0,AIS 22,,,PASSARÉ,Fortaleza,,Sim,2026-03-03,,,,11:01:11,75850.0,4396112.0,,-3.8243090101,-38.5420878769,Avenida Presidente Costa e Silva,,cvp,ROUBO A MOTEL,,,Terça-feira,False,True,Chuva Intensa,20.9,,,AIS 16,CAPITAL LESTE
2.0,AIS 22,,,PASSARÉ,Fortaleza,,Sim,2026-03-03,,,,11:01:11,76077.0,4396112.0,,-3.8243090101,-38.5420878769,Avenida Presidente Costa e Silva,,cvp,ROUBO A MOTEL,,,Terça-feira,False,True,Chuva Intensa,20.9,,,AIS 16,CAPITAL LESTE
2.0,AIS 22,,,PASSARÉ,Fortaleza,,Sim,2026-03-03,,,,11:01:11,76351.0,4396112.0,,-3.8243090101,-38.5420878769,Avenida Presidente Costa e Silva,,cvp,ROUBO A MOTEL,,,Terça-feira,False,True,Chuva Intensa,20.9,,,AIS 16,CAPITAL LESTE
2.0,AIS 22,,,PASSARÉ,Fortaleza,,Sim,2026-03-03,,,,11:01:11,76730.0,4396112.0,,-3.8243090101,-38.5420878769,Avenida Presidente Costa e Silva,,cvp,ROUBO A MOTEL,,,Terça-feira,False,True,Chuva Intensa,20.9,,,AIS 16,CAPITAL LESTE
2.0,AIS 16,,,MESSEJANA,Fortaleza,,Sim,2026-03-03,,,,13:15:31,75735.0,4396114.0,,-3.8359259358,-38.4980170723,Rua João Ivo,,cvp,ROUBO A PESSOA,,,Terça-feira,False,True,Chuva Intensa,20.9,,,AIS 16,CAPITAL LESTE
2.0,AIS 16,,,MESSEJANA,Fortaleza,,Sim,2026-03-03,,,,13:15:31,75859.0,4396114.0,,-3.8359259358,-38.4980170723,Rua João Ivo,,cvp,ROUBO A PESSOA,,,Terça-feira,False,True,Chuva Intensa,20.9,,,AIS 16,CAPITAL LESTE
2.0,AIS 16,,,MESSEJANA,Fortaleza,,Sim,2026-03-03,,,,13:15:31,76078.0,4396114.0,,-3.8359259358,-38.4980170723,Rua João Ivo,,cvp,ROUBO A PESSOA,,,Terça-feira,False,True,Chuva Intensa,20.9,,,AIS 16,CAPITAL LESTE
2.0,AIS 16,,,MESSEJANA,Fortaleza,,Sim,2026-03-03,,,,13:15:31,76352.0,4396114.0,,-3.8359259358,-38.4980170723,Rua João Ivo,,cvp,ROUBO A PESSOA,,,Terça-feira,False,True,Chuva Intensa,20.9,,,AIS 16,CAPITAL LESTE
2.0,AIS 16,,,MESSEJANA,Fortaleza,,Sim,2026-03-03,,,,13:15:31,76731.0,4396114.0,,-3.8359259358,-38.4980170723,Rua João Ivo,,cvp,ROUBO A PESSOA,,,Terça-feira,False,True,Chuva Intensa,20.9,,,AIS 16,CAPITAL LESTE
2.0,AIS 29,,,FORTIM,Fortim,,Sim,2026-03-03,,,,14:04:07,75736.0,4396115.0,,-4.4169861515,-37.89047918,,,cvp,ROUBO A RESIDÊNCIA,,,Terça-feira,False,True,Chuva Intensa,20.9,,,AIS 29,NORDESTE
2.0,AIS 29,,,FORTIM,Fortim,,Sim,2026-03-03,,,,14:04:07,75856.0,4396115.0,,-4.4169861515,-37.89047918,,,cvp,ROUBO A RESIDÊNCIA,,,Terça-feira,False,True,Chuva Intensa,20.9,,,AIS 29,NORDESTE
2.0,AIS 29,,,FORTIM,Fortim,,Sim,2026-03-03,,,,14:04:07,76074.0,4396115.0,,-4.4169861515,-37.89047918,,,cvp,ROUBO A RESIDÊNCIA,,,Terça-feira,False,True,Chuva Intensa,20.9,,,AIS 29,NORDESTE
2.0,AIS 29,,,FORTIM,Fortim,,Sim,2026-03-03,,,,14:04:07,76350.0,4396115.0,,-4.4169861515,-37.89047918,,,cvp,ROUBO A RESIDÊNCIA,,,Terça-feira,False,True,Chuva Intensa,20.9,,,AIS 29,NORDESTE
2.0,AIS 29,,,FORTIM,Fortim,,Sim,2026-03-03,,,,14:04:07,76738.0,4396115.0,,-4.4169861515,-37.89047918,,,cvp,ROUBO A RESIDÊNCIA,,,Terça-feira,False,True,Chuva Intensa,20.9,,,AIS 29,NORDESTE
2.0,AIS 19,,,PAPICU,Fortaleza,,Sim,2026-03-03,,,,15:46:52,75737.0,4396116.0,,-3.7436451789,-38.475318386,Avenida Santos Dumont,,cvp,ROUBO A FARMÁCIA,,,Terça-feira,False,True,Chuva Intensa,20.9,,,AIS 21,CAPITAL LESTE
2.0,AIS 19,,,PAPICU,Fortaleza,,Sim,2026-03-03,,,,15:46:52,75855.0,4396116.0,,-3.7436451789,-38.475318386,Avenida Santos Dumont,,cvp,ROUBO A FARMÁCIA,,,Terça-feira,False,True,Chuva Intensa,20.9,,,AIS 21,CAPITAL LESTE
2.0,AIS 19,,,PAPICU,Fortaleza,,Sim,2026-03-03,,,,15:46:52,76079.0,4396116.0,,-3.7436451789,-38.475318386,Avenida Santos Dumont,,cvp,ROUBO A FARMÁCIA,,,Terça-feira,False,True,Chuva Intensa,20.9,,,AIS 21,CAPITAL LESTE
2.0,AIS 19,,,PAPICU,Fortaleza,,Sim,2026-03-03,,,,15:46:52,76353.0,4396116.0,,-3.7436451789,-38.475318386,Avenida Santos Dumont,,cvp,ROUBO A FARMÁCIA,,,Terça-feira,False,True,Chuva Intensa,20.9,,,AIS 21,CAPITAL LESTE
2.0,AIS 19,,,PAPICU,Fortaleza,,Sim,2026-03-03,,,,15:46:52,76732.0,4396116.0,,-3.7436451789,-38.475318386,Avenida Santos Dumont,,cvp,ROUBO A FARMÁCIA,,,Terça-feira,False,True,Chuva Intensa,20.9,,,AIS 21,CAPITAL LESTE
2.0,AIS 08,,,MEIRELES,Fortaleza,,Sim,2026-03-03,,,,17:28:00,75738.0,4396118.0,,-3.7224044077,-38.5089361259,Rua Barão de Aracati,,cvp,ROUBO A PESSOA,,,Terça-feira,False,True,Chuva Intensa,20.9,,,AIS 08,CAPITAL LESTE
2.0,AIS 08,,,MEIRELES,Fortaleza,,Sim,2026-03-03,,,,17:28:00,75853.0,4396118.0,,-3.7224044077,-38.5089361259,Rua Barão de Aracati,,cvp,ROUBO A PESSOA,,,Terça-feira,False,True,Chuva Intensa,20.9,,,AIS 08,CAPITAL LESTE
2.0,AIS 08,,,MEIRELES,Fortaleza,,Sim,2026-03-03,,,,17:28:00,76080.0,4396118.0,,-3.7224044077,-38.5089361259,Rua Barão de Aracati,,cvp,ROUBO A PESSOA,,,Terça-feira,False,True,Chuva Intensa,20.9,,,AIS 08,CAPITAL LESTE
2.0,AIS 08,,,MEIRELES,Fortaleza,,Sim,2026-03-03,,,,17:28:00,76354.0,4396118.0,,-3.7224044077,-38.5089361259,Rua Barão de Aracati,,cvp,ROUBO A PESSOA,,,Terça-feira,False,True,Chuva Intensa,20.9,,,AIS 08,CAPITAL LESTE
2.0,AIS 08,,,MEIRELES,Fortaleza,,Sim,2026-03-03,,,,17:28:00,76729.0,4396118.0,,-3.7224044077,-38.5089361259,Rua Barão de Aracati,,cvp,ROUBO A PESSOA,,,Terça-feira,False,True,Chuva Intensa,20.9,,,AIS 08,CAPITAL LESTE
2.0,AIS 19,,,COCÓ,Fortaleza,,Sim,2026-03-03,,,,18:05:49,75739.0,4396119.0,,-3.7425210662,-38.479117464,Rua Doutor Batista de Oliveira,,cvp,ROUBO A FARMÁCIA,,,Terça-feira,False,True,Chuva Intensa,20.9,,,AIS 21,CAPITAL LESTE
2.0,AIS 19,,,COCÓ,Fortaleza,,Sim,2026-03-03,,,,18:05:49,75858.0,4396119.0,,-3.7425210662,-38.479117464,Rua Doutor Batista de Oliveira,,cvp,ROUBO A FARMÁCIA,,,Terça-feira,False,True,Chuva Intensa,20.9,,,AIS 21,CAPITAL LESTE
2.0,AIS 19,,,COCÓ,Fortaleza,,Sim,2026-03-03,,,,18:05:49,76081.0,4396119.0,,-3.7425210662,-38.479117464,Rua Doutor Batista de Oliveira,,cvp,ROUBO A FARMÁCIA,,,Terça-feira,False,True,Chuva Intensa,20.9,,,AIS 21,CAPITAL LESTE
2.0,AIS 19,,,COCÓ,Fortaleza,,Sim,2026-03-03,,,,18:05:49,76349.0,4396119.0,,-3.7425210662,-38.479117464,Rua Doutor Batista de Oliveira,,cvp,ROUBO A FARMÁCIA,,,Terça-feira,False,True,Chuva Intensa,20.9,,,AIS 21,CAPITAL LESTE
2.0,AIS 19,,,COCÓ,Fortaleza,,Sim,2026-03-03,,,,18:05:49,76733.0,4396119.0,,-3.7425210662,-38.479117464,Rua Doutor Batista de Oliveira,,cvp,ROUBO A FARMÁCIA,,,Terça-feira,False,True,Chuva Intensa,20.9,,,AIS 21,CAPITAL LESTE
2.0,AIS 18,,,CENTRO,Fortaleza,,Sim,2026-03-03,,,,20:10:59,75740.0,4396122.0,,-3.7204614285,-38.5208267802,Rua Pessoa Anta,,cvp,ROUBO A PESSOA,,,Terça-feira,False,True,Chuva Intensa,20.9,,,AIS 08,CAPITAL OESTE
2.0,AIS 18,,,CENTRO,Fortaleza,,Sim,2026-03-03,,,,20:10:59,75857.0,4396122.0,,-3.7204614285,-38.5208267802,Rua Pessoa Anta,,cvp,ROUBO A PESSOA,,,Terça-feira,False,True,Chuva Intensa,20.9,,,AIS 08,CAPITAL OESTE
2.0,AIS 18,,,CENTRO,Fortaleza,,Sim,2026-03-03,,,,20:10:59,76076.0,4396122.0,,-3.7204614285,-38.5208267802,Rua Pessoa Anta,,cvp,ROUBO A PESSOA,,,Terça-feira,False,True,Chuva Intensa,20.9,,,AIS 08,CAPITAL OESTE
2.0,AIS 18,,,CENTRO,Fortaleza,,Sim,2026-03-03,,,,20:10:59,76355.0,4396122.0,,-3.7204614285,-38.5208267802,Rua Pessoa Anta,,cvp,ROUBO A PESSOA,,,Terça-feira,False,True,Chuva Intensa,20.9,,,AIS 08,CAPITAL OESTE
2.0,AIS 18,,,CENTRO,Fortaleza,,Sim,2026-03-03,,,,20:10:59,76734.0,4396122.0,,-3.7204614285,-38.5208267802,Rua Pessoa Anta,,cvp,ROUBO A PESSOA,,,Terça-feira,False,True,Chuva Intensa,20.9,,,AIS 08,CAPITAL OESTE
2.0,AIS 06,,,ANTÔNIO BEZERRA,Fortaleza,,Sim,2026-03-03,,,,20:18:31,75741.0,4396123.0,,-3.7436283488,-38.5884124203,Rua Pedro Melo,,cvp,ROUBO A PESSOA,,,Terça-feira,False,True,Chuva Intensa,20.9,,,AIS 06,CAPITAL OESTE
2.0,AIS 06,,,ANTÔNIO BEZERRA,Fortaleza,,Sim,2026-03-03,,,,20:18:31,75852.0,4396123.0,,-3.7436283488,-38.5884124203,Rua Pedro Melo,,cvp,ROUBO A PESSOA,,,Terça-feira,False,True,Chuva Intensa,20.9,,,AIS 06,CAPITAL OESTE
2.0,AIS 06,,,ANTÔNIO BEZERRA,Fortaleza,,Sim,2026-03-03,,,,20:18:31,76082.0,4396123.0,,-3.7436283488,-38.5884124203,Rua Pedro Melo,,cvp,ROUBO A PESSOA,,,Terça-feira,False,True,Chuva Intensa,20.9,,,AIS 06,CAPITAL OESTE
2.0,AIS 06,,,ANTÔNIO BEZERRA,Fortaleza,,Sim,2026-03-03,,,,20:18:31,76356.0,4396123.0,,-3.7436283488,-38.5884124203,Rua Pedro Melo,,cvp,ROUBO A PESSOA,,,Terça-feira,False,True,Chuva Intensa,20.9,,,AIS 06,CAPITAL OESTE
2.0,AIS 06,,,ANTÔNIO BEZERRA,Fortaleza,,Sim,2026-03-03,,,,20:18:31,76735.0,4396123.0,,-3.7436283488,-38.5884124203,Rua Pedro Melo,,cvp,ROUBO A PESSOA,,,Terça-feira,False,True,Chuva Intensa,20.9,,,AIS 06,CAPITAL OESTE
2.0,AIS 05,,,FÁTIMA,Fortaleza,,Sim,2026-03-03,,,,23:53:46,75742.0,4396128.0,,-3.7472013295,-38.5268209739,Rua Monsenhor Otávio de Castro,,cvp,ROUBO A PESSOA,,,Terça-feira,False,True,Chuva Intensa,20.9,,,AIS 21,CAPITAL OESTE
2.0,AIS 05,,,FÁTIMA,Fortaleza,,Sim,2026-03-03,,,,23:53:46,75854.0,4396128.0,,-3.7472013295,-38.5268209739,Rua Monsenhor Otávio de Castro,,cvp,ROUBO A PESSOA,,,Terça-feira,False,True,Chuva Intensa,20.9,,,AIS 21,CAPITAL OESTE
2.0,AIS 05,,,FÁTIMA,Fortaleza,,Sim,2026-03-03,,,,23:53:46,76083.0,4396128.0,,-3.7472013295,-38.5268209739,Rua Monsenhor Otávio de Castro,,cvp,ROUBO A PESSOA,,,Terça-feira,False,True,Chuva Intensa,20.9,,,AIS 21,CAPITAL OESTE
2.0,AIS 05,,,FÁTIMA,Fortaleza,,Sim,2026-03-03,,,,23:53:46,76357.0,4396128.0,,-3.7472013295,-38.5268209739,Rua Monsenhor Otávio de Castro,,cvp,ROUBO A PESSOA,,,Terça-feira,False,True,Chuva Intensa,20.9,,,AIS 21,CAPITAL OESTE
2.0,AIS 05,,,FÁTIMA,Fortaleza,,Sim,2026-03-03,,,,23:53:46,76736.0,4396128.0,,-3.7472013295,-38.5268209739,Rua Monsenhor Otávio de Castro,,cvp,ROUBO A PESSOA,,,Terça-feira,False,True,Chuva Intensa,20.9,,,AIS 21,CAPITAL OESTE
2.0,AIS 22,,,DIAS MACÊDO,Fortaleza,,Sim,2026-03-04,,,,04:36:13,75743.0,4396131.0,,-3.7845965823,-38.5165047356,Dias Macêdo,,cvp,ROUBO A PESSOA,,,Quarta-feira,False,True,Chuvoso,11.6,,,AIS 21,CAPITAL LESTE
2.0,AIS 22,,,DIAS MACÊDO,Fortaleza,,Sim,2026-03-04,,,,04:36:13,75868.0,4396131.0,,-3.7845965823,-38.5165047356,Dias Macêdo,,cvp,ROUBO A PESSOA,,,Quarta-feira,False,True,Chuvoso,11.6,,,AIS 21,CAPITAL LESTE
2.0,AIS 22,,,DIAS MACÊDO,Fortaleza,,Sim,2026-03-04,,,,04:36:13,76085.0,4396131.0,,-3.7845965823,-38.5165047356,Dias Macêdo,,cvp,ROUBO A PESSOA,,,Quarta-feira,False,True,Chuvoso,11.6,,,AIS 21,CAPITAL LESTE
2.0,AIS 22,,,DIAS MACÊDO,Fortaleza,,Sim,2026-03-04,,,,04:36:13,76361.0,4396131.0,,-3.7845965823,-38.5165047356,Dias Macêdo,,cvp,ROUBO A PESSOA,,,Quarta-feira,False,True,Chuvoso,11.6,,,AIS 21,CAPITAL LESTE
2.0,AIS 22,,,DIAS MACÊDO,Fortaleza,,Sim,2026-03-04,,,,04:36:13,76741.0,4396131.0,,-3.7845965823,-38.5165047356,Dias Macêdo,,cvp,ROUBO A PESSOA,,,Quarta-feira,False,True,Chuvoso,11.6,,,AIS 21,CAPITAL LESTE
2.0,AIS 06,,,ANTONIO BEZERRA,Caucaia,,Sim,2026-03-04,,,,06:22:30,75744.0,4396132.0,,-3.7523994588,-38.6305631798,Rua Guararapes,,cvp,ROUBO A PESSOA,,,Quarta-feira,False,True,Chuvoso,11.6,,,AIS 06,CAPITAL OESTE
2.0,AIS 06,,,ANTONIO BEZERRA,Caucaia,,Sim,2026-03-04,,,,06:22:30,75870.0,4396132.0,,-3.7523994588,-38.6305631798,Rua Guararapes,,cvp,ROUBO A PESSOA,,,Quarta-feira,False,True,Chuvoso,11.6,,,AIS 06,CAPITAL OESTE
2.0,AIS 06,,,ANTONIO BEZERRA,Caucaia,,Sim,2026-03-04,,,,06:22:30,76094.0,4396132.0,,-3.7523994588,-38.6305631798,Rua Guararapes,,cvp,ROUBO A PESSOA,,,Quarta-feira,False,True,Chuvoso,11.6,,,AIS 06,CAPITAL OESTE
2.0,AIS 06,,,ANTONIO BEZERRA,Caucaia,,Sim,2026-03-04,,,,06:22:30,76359.0,4396132.0,,-3.7523994588,-38.6305631798,Rua Guararapes,,cvp,ROUBO A PESSOA,,,Quarta-feira,False,True,Chuvoso,11.6,,,AIS 06,CAPITAL OESTE
2.0,AIS 06,,,ANTONIO BEZERRA,Caucaia,,Sim,2026-03-04,,,,06:22:30,76739.0,4396132.0,,-3.7523994588,-38.6305631798,Rua Guararapes,,cvp,ROUBO A PESSOA,,,Quarta-feira,False,True,Chuvoso,11.6,,,AIS 06,CAPITAL OESTE
2.0,AIS 22,,,PASSARÉ,Fortaleza,,Sim,2026-03-04,,,,06:43:35,75745.0,4396133.0,,-3.8030758673,-38.5328486212,Avenida Heróis do Acre,,cvp,ROUBO A PESSOA,,,Quarta-feira,False,True,Chuvoso,11.6,,,AIS 21,CAPITAL LESTE
2.0,AIS 22,,,PASSARÉ,Fortaleza,,Sim,2026-03-04,,,,06:43:35,75860.0,4396133.0,,-3.8030758673,-38.5328486212,Avenida Heróis do Acre,,cvp,ROUBO A PESSOA,,,Quarta-feira,False,True,Chuvoso,11.6,,,AIS 21,CAPITAL LESTE
2.0,AIS 22,,,PASSARÉ,Fortaleza,,Sim,2026-03-04,,,,06:43:35,76086.0,4396133.0,,-3.8030758673,-38.5328486212,Avenida Heróis do Acre,,cvp,ROUBO A PESSOA,,,Quarta-feira,False,True,Chuvoso,11.6,,,AIS 21,CAPITAL LESTE
2.0,AIS 22,,,PASSARÉ,Fortaleza,,Sim,2026-03-04,,,,06:43:35,76363.0,4396133.0,,-3.8030758673,-38.5328486212,Avenida Heróis do Acre,,cvp,ROUBO A PESSOA,,,Quarta-feira,False,True,Chuvoso,11.6,,,AIS 21,CAPITAL LESTE
2.0,AIS 22,,,PASSARÉ,Fortaleza,,Sim,2026-03-04,,,,06:43:35,76743.0,4396133.0,,-3.8030758673,-38.5328486212,Avenida Heróis do Acre,,cvp,ROUBO A PESSOA,,,Quarta-feira,False,True,Chuvoso,11.6,,,AIS 21,CAPITAL LESTE
2.0,AIS 06,,,PICI,Fortaleza,,Sim,2026-03-04,,,,09:17:00,75746.0,4396135.0,,-3.7574605219,-38.5725681013,Rua Pernambuco,,cvp,ROUBO A PESSOA,,,Quarta-feira,False,True,Chuvoso,11.6,,,AIS 05,CAPITAL OESTE
2.0,AIS 06,,,PICI,Fortaleza,,Sim,2026-03-04,,,,09:17:00,75869.0,4396135.0,,-3.7574605219,-38.5725681013,Rua Pernambuco,,cvp,ROUBO A PESSOA,,,Quarta-feira,False,True,Chuvoso,11.6,,,AIS 05,CAPITAL OESTE
2.0,AIS 06,,,PICI,Fortaleza,,Sim,2026-03-04,,,,09:17:00,76084.0,4396135.0,,-3.7574605219,-38.5725681013,Rua Pernambuco,,cvp,ROUBO A PESSOA,,,Quarta-feira,False,True,Chuvoso,11.6,,,AIS 05,CAPITAL OESTE
2.0,AIS 06,,,PICI,Fortaleza,,Sim,2026-03-04,,,,09:17:00,76364.0,4396135.0,,-3.7574605219,-38.5725681013,Rua Pernambuco,,cvp,ROUBO A PESSOA,,,Quarta-feira,False,True,Chuvoso,11.6,,,AIS 05,CAPITAL OESTE
2.0,AIS 06,,,PICI,Fortaleza,,Sim,2026-03-04,,,,09:17:00,76744.0,4396135.0,,-3.7574605219,-38.5725681013,Rua Pernambuco,,cvp,ROUBO A PESSOA,,,Quarta-feira,False,True,Chuvoso,11.6,,,AIS 05,CAPITAL OESTE
2.0,AIS 19,,,JOAQUIM TÁVORA,Fortaleza,,Sim,2026-03-04,,,,15:11:04,75747.0,4396138.0,,-3.7466539615,-38.5132442283,Avenida Rui Barbosa,,cvp,ROUBO A PESSOA,,,Quarta-feira,False,True,Chuvoso,11.6,,,AIS 21,CAPITAL LESTE
2.0,AIS 19,,,JOAQUIM TÁVORA,Fortaleza,,Sim,2026-03-04,,,,15:11:04,75861.0,4396138.0,,-3.7466539615,-38.5132442283,Avenida Rui Barbosa,,cvp,ROUBO A PESSOA,,,Quarta-feira,False,True,Chuvoso,11.6,,,AIS 21,CAPITAL LESTE
2.0,AIS 19,,,JOAQUIM TÁVORA,Fortaleza,,Sim,2026-03-04,,,,15:11:04,76093.0,4396138.0,,-3.7466539615,-38.5132442283,Avenida Rui Barbosa,,cvp,ROUBO A PESSOA,,,Quarta-feira,False,True,Chuvoso,11.6,,,AIS 21,CAPITAL LESTE
2.0,AIS 19,,,JOAQUIM TÁVORA,Fortaleza,,Sim,2026-03-04,,,,15:11:04,76365.0,4396138.0,,-3.7466539615,-38.5132442283,Avenida Rui Barbosa,,cvp,ROUBO A PESSOA,,,Quarta-feira,False,True,Chuvoso,11.6,,,AIS 21,CAPITAL LESTE
2.0,AIS 19,,,JOAQUIM TÁVORA,Fortaleza,,Sim,2026-03-04,,,,15:11:04,76745.0,4396138.0,,-3.7466539615,-38.5132442283,Avenida Rui Barbosa,,cvp,ROUBO A PESSOA,,,Quarta-feira,False,True,Chuvoso,11.6,,,AIS 21,CAPITAL LESTE
2.0,AIS 05,,,JOSÉ BONIFÁCIO,Fortaleza,,Sim,2026-03-04,,,,15:43:12,75748.0,4396139.0,,-3.7358461407,-38.5285656581,Rua Solon Pinheiro,,cvp,ROUBO A PESSOA,,,Quarta-feira,False,True,Chuvoso,11.6,,,AIS 21,CAPITAL OESTE
2.0,AIS 05,,,JOSÉ BONIFÁCIO,Fortaleza,,Sim,2026-03-04,,,,15:43:12,75862.0,4396139.0,,-3.7358461407,-38.5285656581,Rua Solon Pinheiro,,cvp,ROUBO A PESSOA,,,Quarta-feira,False,True,Chuvoso,11.6,,,AIS 21,CAPITAL OESTE
2.0,AIS 05,,,JOSÉ BONIFÁCIO,Fortaleza,,Sim,2026-03-04,,,,15:43:12,76092.0,4396139.0,,-3.7358461407,-38.5285656581,Rua Solon Pinheiro,,cvp,ROUBO A PESSOA,,,Quarta-feira,False,True,Chuvoso,11.6,,,AIS 21,CAPITAL OESTE
2.0,AIS 05,,,JOSÉ BONIFÁCIO,Fortaleza,,Sim,2026-03-04,,,,15:43:12,76366.0,4396139.0,,-3.7358461407,-38.5285656581,Rua Solon Pinheiro,,cvp,ROUBO A PESSOA,,,Quarta-feira,False,True,Chuvoso,11.6,,,AIS 21,CAPITAL OESTE
2.0,AIS 05,,,JOSÉ BONIFÁCIO,Fortaleza,,Sim,2026-03-04,,,,15:43:12,76746.0,4396139.0,,-3.7358461407,-38.5285656581,Rua Solon Pinheiro,,cvp,ROUBO A PESSOA,,,Quarta-feira,False,True,Chuvoso,11.6,,,AIS 21,CAPITAL OESTE
2.0,AIS 18,,,CENTRO,Fortaleza,,Sim,2026-03-04,,,,22:07:31,75749.0,4396145.0,,-3.7277319683,-38.5182697397,Rua Dona Leopoldina,,cvp,ROUBO A PESSOA,,,Quarta-feira,False,True,Chuvoso,11.6,,,AIS 21,CAPITAL OESTE
2.0,AIS 18,,,CENTRO,Fortaleza,,Sim,2026-03-04,,,,22:07:31,75863.0,4396145.0,,-3.7277319683,-38.5182697397,Rua Dona Leopoldina,,cvp,ROUBO A PESSOA,,,Quarta-feira,False,True,Chuvoso,11.6,,,AIS 21,CAPITAL OESTE
2.0,AIS 18,,,CENTRO,Fortaleza,,Sim,2026-03-04,,,,22:07:31,76091.0,4396145.0,,-3.7277319683,-38.5182697397,Rua Dona Leopoldina,,cvp,ROUBO A PESSOA,,,Quarta-feira,False,True,Chuvoso,11.6,,,AIS 21,CAPITAL OESTE
2.0,AIS 18,,,CENTRO,Fortaleza,,Sim,2026-03-04,,,,22:07:31,76367.0,4396145.0,,-3.7277319683,-38.5182697397,Rua Dona Leopoldina,,cvp,ROUBO A PESSOA,,,Quarta-feira,False,True,Chuvoso,11.6,,,AIS 21,CAPITAL OESTE
2.0,AIS 18,,,CENTRO,Fortaleza,,Sim,2026-03-04,,,,22:07:31,76747.0,4396145.0,,-3.7277319683,-38.5182697397,Rua Dona Leopoldina,,cvp,ROUBO A PESSOA,,,Quarta-feira,False,True,Chuvoso,11.6,,,AIS 21,CAPITAL OESTE
2.0,AIS 19,,,DIONÍSIO TORRES,Fortaleza,,Sim,2026-03-04,,,,23:13:43,75750.0,4396149.0,,-3.7480594636,-38.505721114,Rua Joaquim Nabuco,,cvp,ROUBO A PESSOA,,,Quarta-feira,False,True,Chuvoso,11.6,,,AIS 21,CAPITAL LESTE
2.0,AIS 19,,,DIONÍSIO TORRES,Fortaleza,,Sim,2026-03-04,,,,23:13:43,75866.0,4396149.0,,-3.7480594636,-38.505721114,Rua Joaquim Nabuco,,cvp,ROUBO A PESSOA,,,Quarta-feira,False,True,Chuvoso,11.6,,,AIS 21,CAPITAL LESTE
2.0,AIS 19,,,DIONÍSIO TORRES,Fortaleza,,Sim,2026-03-04,,,,23:13:43,76088.0,4396149.0,,-3.7480594636,-38.505721114,Rua Joaquim Nabuco,,cvp,ROUBO A PESSOA,,,Quarta-feira,False,True,Chuvoso,11.6,,,AIS 21,CAPITAL LESTE
2.0,AIS 19,,,DIONÍSIO TORRES,Fortaleza,,Sim,2026-03-04,,,,23:13:43,76362.0,4396149.0,,-3.7480594636,-38.505721114,Rua Joaquim Nabuco,,cvp,ROUBO A PESSOA,,,Quarta-feira,False,True,Chuvoso,11.6,,,AIS 21,CAPITAL LESTE
2.0,AIS 19,,,DIONÍSIO TORRES,Fortaleza,,Sim,2026-03-04,,,,23:13:43,76742.0,4396149.0,,-3.7480594636,-38.505721114,Rua Joaquim Nabuco,,cvp,ROUBO A PESSOA,,,Quarta-feira,False,True,Chuvoso,11.6,,,AIS 21,CAPITAL LESTE
2.0,AIS 19,,,DIONÍSIO TORRES,Fortaleza,,Sim,2026-03-04,,,,22:19:48,75751.0,4396146.0,,-3.7480594636,-38.505721114,Rua Joaquim Nabuco,,cvp,ROUBO A PESSOA,,,Quarta-feira,False,True,Chuvoso,11.6,,,AIS 21,CAPITAL LESTE
2.0,AIS 19,,,DIONÍSIO TORRES,Fortaleza,,Sim,2026-03-04,,,,22:19:48,75864.0,4396146.0,,-3.7480594636,-38.505721114,Rua Joaquim Nabuco,,cvp,ROUBO A PESSOA,,,Quarta-feira,False,True,Chuvoso,11.6,,,AIS 21,CAPITAL LESTE
2.0,AIS 19,,,DIONÍSIO TORRES,Fortaleza,,Sim,2026-03-04,,,,22:19:48,76090.0,4396146.0,,-3.7480594636,-38.505721114,Rua Joaquim Nabuco,,cvp,ROUBO A PESSOA,,,Quarta-feira,False,True,Chuvoso,11.6,,,AIS 21,CAPITAL LESTE
2.0,AIS 19,,,DIONÍSIO TORRES,Fortaleza,,Sim,2026-03-04,,,,22:19:48,76368.0,4396146.0,,-3.7480594636,-38.505721114,Rua Joaquim Nabuco,,cvp,ROUBO A PESSOA,,,Quarta-feira,False,True,Chuvoso,11.6,,,AIS 21,CAPITAL LESTE
2.0,AIS 19,,,DIONÍSIO TORRES,Fortaleza,,Sim,2026-03-04,,,,22:19:48,76748.0,4396146.0,,-3.7480594636,-38.505721114,Rua Joaquim Nabuco,,cvp,ROUBO A PESSOA,,,Quarta-feira,False,True,Chuvoso,11.6,,,AIS 21,CAPITAL LESTE
2.0,AIS 20,,,PLANALTO AYRTON SENNA,Fortaleza,,Sim,2026-03-04,,,,22:35:22,75752.0,4396147.0,,-3.8377291168,-38.5765314021,Rua Direita,,cvp,ROUBO A PESSOA,,,Quarta-feira,False,True,Chuvoso,11.6,,,AIS 17,CAPITAL OESTE
2.0,AIS 20,,,PLANALTO AYRTON SENNA,Fortaleza,,Sim,2026-03-04,,,,22:35:22,75865.0,4396147.0,,-3.8377291168,-38.5765314021,Rua Direita,,cvp,ROUBO A PESSOA,,,Quarta-feira,False,True,Chuvoso,11.6,,,AIS 17,CAPITAL OESTE
2.0,AIS 20,,,PLANALTO AYRTON SENNA,Fortaleza,,Sim,2026-03-04,,,,22:35:22,76089.0,4396147.0,,-3.8377291168,-38.5765314021,Rua Direita,,cvp,ROUBO A PESSOA,,,Quarta-feira,False,True,Chuvoso,11.6,,,AIS 17,CAPITAL OESTE
2.0,AIS 20,,,PLANALTO AYRTON SENNA,Fortaleza,,Sim,2026-03-04,,,,22:35:22,76369.0,4396147.0,,-3.8377291168,-38.5765314021,Rua Direita,,cvp,ROUBO A PESSOA,,,Quarta-feira,False,True,Chuvoso,11.6,,,AIS 17,CAPITAL OESTE
2.0,AIS 20,,,PLANALTO AYRTON SENNA,Fortaleza,,Sim,2026-03-04,,,,22:35:22,76749.0,4396147.0,,-3.8377291168,-38.5765314021,Rua Direita,,cvp,ROUBO A PESSOA,,,Quarta-feira,False,True,Chuvoso,11.6,,,AIS 17,CAPITAL OESTE
2.0,AIS 21,,,AEROLÂNDIA,Fortaleza,,Sim,2026-03-04,,,,03:42:55,75753.0,4396130.0,,-3.7774655133,-38.51634568,Rua Adolfo Quixadá,,cvp,ROUBO A PESSOA,,,Quarta-feira,False,True,Chuvoso,11.6,,,AIS 21,CAPITAL OESTE
2.0,AIS 21,,,AEROLÂNDIA,Fortaleza,,Sim,2026-03-04,,,,03:42:55,75867.0,4396130.0,,-3.7774655133,-38.51634568,Rua Adolfo Quixadá,,cvp,ROUBO A PESSOA,,,Quarta-feira,False,True,Chuvoso,11.6,,,AIS 21,CAPITAL OESTE
2.0,AIS 21,,,AEROLÂNDIA,Fortaleza,,Sim,2026-03-04,,,,03:42:55,76087.0,4396130.0,,-3.7774655133,-38.51634568,Rua Adolfo Quixadá,,cvp,ROUBO A PESSOA,,,Quarta-feira,False,True,Chuvoso,11.6,,,AIS 21,CAPITAL OESTE
2.0,AIS 21,,,AEROLÂNDIA,Fortaleza,,Sim,2026-03-04,,,,03:42:55,76360.0,4396130.0,,-3.7774655133,-38.51634568,Rua Adolfo Quixadá,,cvp,ROUBO A PESSOA,,,Quarta-feira,False,True,Chuvoso,11.6,,,AIS 21,CAPITAL OESTE
2.0,AIS 21,,,AEROLÂNDIA,Fortaleza,,Sim,2026-03-04,,,,03:42:55,76740.0,4396130.0,,-3.7774655133,-38.51634568,Rua Adolfo Quixadá,,cvp,ROUBO A PESSOA,,,Quarta-feira,False,True,Chuvoso,11.6,,,AIS 21,CAPITAL OESTE
2.0,AIS 06,,,PARQUELÂNDIA,Fortaleza,,Sim,2026-03-05,,,,14:22:52,75754.0,4396160.0,,-3.7374625618,-38.5642840858,Rua Azevedo Bolão,,cvp,ROUBO A PESSOA,,,Quinta-feira,False,True,Chuvoso,5.5,,,AIS 05,CAPITAL OESTE
2.0,AIS 06,,,PARQUELÂNDIA,Fortaleza,,Sim,2026-03-05,,,,14:22:52,75882.0,4396160.0,,-3.7374625618,-38.5642840858,Rua Azevedo Bolão,,cvp,ROUBO A PESSOA,,,Quinta-feira,False,True,Chuvoso,5.5,,,AIS 05,CAPITAL OESTE
2.0,AIS 06,,,PARQUELÂNDIA,Fortaleza,,Sim,2026-03-05,,,,14:22:52,76102.0,4396160.0,,-3.7374625618,-38.5642840858,Rua Azevedo Bolão,,cvp,ROUBO A PESSOA,,,Quinta-feira,False,True,Chuvoso,5.5,,,AIS 05,CAPITAL OESTE
2.0,AIS 06,,,PARQUELÂNDIA,Fortaleza,,Sim,2026-03-05,,,,14:22:52,76381.0,4396160.0,,-3.7374625618,-38.5642840858,Rua Azevedo Bolão,,cvp,ROUBO A PESSOA,,,Quinta-feira,False,True,Chuvoso,5.5,,,AIS 05,CAPITAL OESTE
2.0,AIS 06,,,PARQUELÂNDIA,Fortaleza,,Sim,2026-03-05,,,,14:22:52,76758.0,4396160.0,,-3.7374625618,-38.5642840858,Rua Azevedo Bolão,,cvp,ROUBO A PESSOA,,,Quinta-feira,False,True,Chuvoso,5.5,,,AIS 05,CAPITAL OESTE
2.0,AIS 06,,,ANTÔNIO BEZERRA,Fortaleza,,Sim,2026-03-05,,,,20:09:09,75755.0,4396168.0,,-3.7407029581,-38.5910007274,Rua Martins Neto,,cvp,ROUBO A PESSOA,,,Quinta-feira,False,True,Chuvoso,5.5,,,AIS 06,CAPITAL OESTE
2.0,AIS 06,,,ANTÔNIO BEZERRA,Fortaleza,,Sim,2026-03-05,,,,20:09:09,75873.0,4396168.0,,-3.7407029581,-38.5910007274,Rua Martins Neto,,cvp,ROUBO A PESSOA,,,Quinta-feira,False,True,Chuvoso,5.5,,,AIS 06,CAPITAL OESTE
2.0,AIS 06,,,ANTÔNIO BEZERRA,Fortaleza,,Sim,2026-03-05,,,,20:09:09,76098.0,4396168.0,,-3.7407029581,-38.5910007274,Rua Martins Neto,,cvp,ROUBO A PESSOA,,,Quinta-feira,False,True,Chuvoso,5.5,,,AIS 06,CAPITAL OESTE
2.0,AIS 06,,,ANTÔNIO BEZERRA,Fortaleza,,Sim,2026-03-05,,,,20:09:09,76373.0,4396168.0,,-3.7407029581,-38.5910007274,Rua Martins Neto,,cvp,ROUBO A PESSOA,,,Quinta-feira,False,True,Chuvoso,5.5,,,AIS 06,CAPITAL OESTE
2.0,AIS 06,,,ANTÔNIO BEZERRA,Fortaleza,,Sim,2026-03-05,,,,20:09:09,76761.0,4396168.0,,-3.7407029581,-38.5910007274,Rua Martins Neto,,cvp,ROUBO A PESSOA,,,Quinta-feira,False,True,Chuvoso,5.5,,,AIS 06,CAPITAL OESTE
2.0,AIS 05,,,AEROPORTO,Fortaleza,,Sim,2026-03-05,,,,12:55:57,75756.0,4396158.0,,-3.7816927773,-38.5354323746,Aeroporto,,cvp,ROUBO A COLETIVO,,,Quinta-feira,False,True,Chuvoso,5.5,,,AIS 21,CAPITAL OESTE
2.0,AIS 05,,,AEROPORTO,Fortaleza,,Sim,2026-03-05,,,,12:55:57,75881.0,4396158.0,,-3.7816927773,-38.5354323746,Aeroporto,,cvp,ROUBO A COLETIVO,,,Quinta-feira,False,True,Chuvoso,5.5,,,AIS 21,CAPITAL OESTE
2.0,AIS 05,,,AEROPORTO,Fortaleza,,Sim,2026-03-05,,,,12:55:57,76103.0,4396158.0,,-3.7816927773,-38.5354323746,Aeroporto,,cvp,ROUBO A COLETIVO,,,Quinta-feira,False,True,Chuvoso,5.5,,,AIS 21,CAPITAL OESTE
2.0,AIS 05,,,AEROPORTO,Fortaleza,,Sim,2026-03-05,,,,12:55:57,76379.0,4396158.0,,-3.7816927773,-38.5354323746,Aeroporto,,cvp,ROUBO A COLETIVO,,,Quinta-feira,False,True,Chuvoso,5.5,,,AIS 21,CAPITAL OESTE
2.0,AIS 05,,,AEROPORTO,Fortaleza,,Sim,2026-03-05,,,,12:55:57,76757.0,4396158.0,,-3.7816927773,-38.5354323746,Aeroporto,,cvp,ROUBO A COLETIVO,,,Quinta-feira,False,True,Chuvoso,5.5,,,AIS 21,CAPITAL OESTE
2.0,AIS 06,,,PARQUELÂNDIA,Fortaleza,,Sim,2026-03-05,,,,12:07:43,75757.0,4396157.0,,-3.7366149712,-38.5533210308,Rua Moreninha Irineu,,cvp,ROUBO A PESSOA,,,Quinta-feira,False,True,Chuvoso,5.5,,,AIS 05,CAPITAL OESTE
2.0,AIS 06,,,PARQUELÂNDIA,Fortaleza,,Sim,2026-03-05,,,,12:07:43,75880.0,4396157.0,,-3.7366149712,-38.5533210308,Rua Moreninha Irineu,,cvp,ROUBO A PESSOA,,,Quinta-feira,False,True,Chuvoso,5.5,,,AIS 05,CAPITAL OESTE
2.0,AIS 06,,,PARQUELÂNDIA,Fortaleza,,Sim,2026-03-05,,,,12:07:43,76106.0,4396157.0,,-3.7366149712,-38.5533210308,Rua Moreninha Irineu,,cvp,ROUBO A PESSOA,,,Quinta-feira,False,True,Chuvoso,5.5,,,AIS 05,CAPITAL OESTE
2.0,AIS 06,,,PARQUELÂNDIA,Fortaleza,,Sim,2026-03-05,,,,12:07:43,76380.0,4396157.0,,-3.7366149712,-38.5533210308,Rua Moreninha Irineu,,cvp,ROUBO A PESSOA,,,Quinta-feira,False,True,Chuvoso,5.5,,,AIS 05,CAPITAL OESTE
2.0,AIS 06,,,PARQUELÂNDIA,Fortaleza,,Sim,2026-03-05,,,,12:07:43,76756.0,4396157.0,,-3.7366149712,-38.5533210308,Rua Moreninha Irineu,,cvp,ROUBO A PESSOA,,,Quinta-feira,False,True,Chuvoso,5.5,,,AIS 05,CAPITAL OESTE
2.0,AIS 19,,,SÃO JOÃO DO TAUAPE,Fortaleza,,Sim,2026-03-05,,,,10:58:45,75758.0,4396156.0,,-3.7585069166,-38.5168348009,Rua Tibúrcio Rodrigues,,cvp,ROUBO A PESSOA,,,Quinta-feira,False,True,Chuvoso,5.5,,,AIS 21,CAPITAL LESTE
2.0,AIS 19,,,SÃO JOÃO DO TAUAPE,Fortaleza,,Sim,2026-03-05,,,,10:58:45,75879.0,4396156.0,,-3.7585069166,-38.5168348009,Rua Tibúrcio Rodrigues,,cvp,ROUBO A PESSOA,,,Quinta-feira,False,True,Chuvoso,5.5,,,AIS 21,CAPITAL LESTE
2.0,AIS 19,,,SÃO JOÃO DO TAUAPE,Fortaleza,,Sim,2026-03-05,,,,10:58:45,76100.0,4396156.0,,-3.7585069166,-38.5168348009,Rua Tibúrcio Rodrigues,,cvp,ROUBO A PESSOA,,,Quinta-feira,False,True,Chuvoso,5.5,,,AIS 21,CAPITAL LESTE
2.0,AIS 19,,,SÃO JOÃO DO TAUAPE,Fortaleza,,Sim,2026-03-05,,,,10:58:45,76378.0,4396156.0,,-3.7585069166,-38.5168348009,Rua Tibúrcio Rodrigues,,cvp,ROUBO A PESSOA,,,Quinta-feira,False,True,Chuvoso,5.5,,,AIS 21,CAPITAL LESTE
2.0,AIS 19,,,SÃO JOÃO DO TAUAPE,Fortaleza,,Sim,2026-03-05,,,,10:58:45,76750.0,4396156.0,,-3.7585069166,-38.5168348009,Rua Tibúrcio Rodrigues,,cvp,ROUBO A PESSOA,,,Quinta-feira,False,True,Chuvoso,5.5,,,AIS 21,CAPITAL LESTE
2.0,AIS 12,,,PARQUE SOLEDADE,Fortaleza,,Sim,2026-03-05,,,,09:16:52,75759.0,4396155.0,,-3.732818299,-38.6567171123,Travessa Jerônimo Amaral,,cvp,ROUBO A ESTABELECIMENTO COMERCIAL,,,Quinta-feira,False,True,Chuvoso,5.5,,,AIS 17,RMF OESTE
2.0,AIS 12,,,PARQUE SOLEDADE,Fortaleza,,Sim,2026-03-05,,,,09:16:52,75878.0,4396155.0,,-3.732818299,-38.6567171123,Travessa Jerônimo Amaral,,cvp,ROUBO A ESTABELECIMENTO COMERCIAL,,,Quinta-feira,False,True,Chuvoso,5.5,,,AIS 17,RMF OESTE
2.0,AIS 12,,,PARQUE SOLEDADE,Fortaleza,,Sim,2026-03-05,,,,09:16:52,76104.0,4396155.0,,-3.732818299,-38.6567171123,Travessa Jerônimo Amaral,,cvp,ROUBO A ESTABELECIMENTO COMERCIAL,,,Quinta-feira,False,True,Chuvoso,5.5,,,AIS 17,RMF OESTE
2.0,AIS 12,,,PARQUE SOLEDADE,Fortaleza,,Sim,2026-03-05,,,,09:16:52,76377.0,4396155.0,,-3.732818299,-38.6567171123,Travessa Jerônimo Amaral,,cvp,ROUBO A ESTABELECIMENTO COMERCIAL,,,Quinta-feira,False,True,Chuvoso,5.5,,,AIS 17,RMF OESTE
2.0,AIS 12,,,PARQUE SOLEDADE,Fortaleza,,Sim,2026-03-05,,,,09:16:52,76755.0,4396155.0,,-3.732818299,-38.6567171123,Travessa Jerônimo Amaral,,cvp,ROUBO A ESTABELECIMENTO COMERCIAL,,,Quinta-feira,False,True,Chuvoso,5.5,,,AIS 17,RMF OESTE
2.0,AIS 08,,,MUCURIPE,Fortaleza,,Sim,2026-03-05,,,,08:23:32,75760.0,4396154.0,,-3.7279958399,-38.4812762247,Rua Mestre Jerônimo,,cvp,ROUBO A PESSOA,,,Quinta-feira,False,True,Chuvoso,5.5,,,AIS 08,CAPITAL LESTE
2.0,AIS 08,,,MUCURIPE,Fortaleza,,Sim,2026-03-05,,,,08:23:32,75877.0,4396154.0,,-3.7279958399,-38.4812762247,Rua Mestre Jerônimo,,cvp,ROUBO A PESSOA,,,Quinta-feira,False,True,Chuvoso,5.5,,,AIS 08,CAPITAL LESTE
2.0,AIS 08,,,MUCURIPE,Fortaleza,,Sim,2026-03-05,,,,08:23:32,76105.0,4396154.0,,-3.7279958399,-38.4812762247,Rua Mestre Jerônimo,,cvp,ROUBO A PESSOA,,,Quinta-feira,False,True,Chuvoso,5.5,,,AIS 08,CAPITAL LESTE
2.0,AIS 08,,,MUCURIPE,Fortaleza,,Sim,2026-03-05,,,,08:23:32,76376.0,4396154.0,,-3.7279958399,-38.4812762247,Rua Mestre Jerônimo,,cvp,ROUBO A PESSOA,,,Quinta-feira,False,True,Chuvoso,5.5,,,AIS 08,CAPITAL LESTE
2.0,AIS 08,,,MUCURIPE,Fortaleza,,Sim,2026-03-05,,,,08:23:32,76754.0,4396154.0,,-3.7279958399,-38.4812762247,Rua Mestre Jerônimo,,cvp,ROUBO A PESSOA,,,Quinta-feira,False,True,Chuvoso,5.5,,,AIS 08,CAPITAL LESTE
2.0,AIS 05,,,FÁTIMA,Fortaleza,,Sim,2026-03-05,,,,06:31:19,75761.0,4396153.0,,-3.7558401086,-38.5203431556,Avenida Visconde do Rio Branco,,cvp,ROUBO A PESSOA,,,Quinta-feira,False,True,Chuvoso,5.5,,,AIS 21,CAPITAL OESTE
2.0,AIS 05,,,FÁTIMA,Fortaleza,,Sim,2026-03-05,,,,06:31:19,75876.0,4396153.0,,-3.7558401086,-38.5203431556,Avenida Visconde do Rio Branco,,cvp,ROUBO A PESSOA,,,Quinta-feira,False,True,Chuvoso,5.5,,,AIS 21,CAPITAL OESTE
2.0,AIS 05,,,FÁTIMA,Fortaleza,,Sim,2026-03-05,,,,06:31:19,76099.0,4396153.0,,-3.7558401086,-38.5203431556,Avenida Visconde do Rio Branco,,cvp,ROUBO A PESSOA,,,Quinta-feira,False,True,Chuvoso,5.5,,,AIS 21,CAPITAL OESTE
2.0,AIS 05,,,FÁTIMA,Fortaleza,,Sim,2026-03-05,,,,06:31:19,76375.0,4396153.0,,-3.7558401086,-38.5203431556,Avenida Visconde do Rio Branco,,cvp,ROUBO A PESSOA,,,Quinta-feira,False,True,Chuvoso,5.5,,,AIS 21,CAPITAL OESTE
2.0,AIS 05,,,FÁTIMA,Fortaleza,,Sim,2026-03-05,,,,06:31:19,76753.0,4396153.0,,-3.7558401086,-38.5203431556,Avenida Visconde do Rio Branco,,cvp,ROUBO A PESSOA,,,Quinta-feira,False,True,Chuvoso,5.5,,,AIS 21,CAPITAL OESTE
2.0,AIS 19,,,JOAQUIM TÁVORA,Fortaleza,,Sim,2026-03-05,,,,06:18:41,75762.0,4396152.0,,-3.7511665723,-38.520565532,Avenida Visconde do Rio Branco,,cvp,ROUBO A PESSOA,,,Quinta-feira,False,True,Chuvoso,5.5,,,AIS 21,CAPITAL LESTE
2.0,AIS 19,,,JOAQUIM TÁVORA,Fortaleza,,Sim,2026-03-05,,,,06:18:41,75875.0,4396152.0,,-3.7511665723,-38.520565532,Avenida Visconde do Rio Branco,,cvp,ROUBO A PESSOA,,,Quinta-feira,False,True,Chuvoso,5.5,,,AIS 21,CAPITAL LESTE
2.0,AIS 19,,,JOAQUIM TÁVORA,Fortaleza,,Sim,2026-03-05,,,,06:18:41,76107.0,4396152.0,,-3.7511665723,-38.520565532,Avenida Visconde do Rio Branco,,cvp,ROUBO A PESSOA,,,Quinta-feira,False,True,Chuvoso,5.5,,,AIS 21,CAPITAL LESTE
2.0,AIS 19,,,JOAQUIM TÁVORA,Fortaleza,,Sim,2026-03-05,,,,06:18:41,76374.0,4396152.0,,-3.7511665723,-38.520565532,Avenida Visconde do Rio Branco,,cvp,ROUBO A PESSOA,,,Quinta-feira,False,True,Chuvoso,5.5,,,AIS 21,CAPITAL LESTE
2.0,AIS 19,,,JOAQUIM TÁVORA,Fortaleza,,Sim,2026-03-05,,,,06:18:41,76752.0,4396152.0,,-3.7511665723,-38.520565532,Avenida Visconde do Rio Branco,,cvp,ROUBO A PESSOA,,,Quinta-feira,False,True,Chuvoso,5.5,,,AIS 21,CAPITAL LESTE
2.0,AIS 05,,,BENFICA,Fortaleza,,Sim,2026-03-05,,,,14:37:26,75763.0,4396161.0,,-3.7417449977,-38.5413301745,Avenida Carapinima,,cvp,ROUBO A PESSOA,,,Quinta-feira,False,True,Chuvoso,5.5,,,AIS 21,CAPITAL OESTE
2.0,AIS 05,,,BENFICA,Fortaleza,,Sim,2026-03-05,,,,14:37:26,75874.0,4396161.0,,-3.7417449977,-38.5413301745,Avenida Carapinima,,cvp,ROUBO A PESSOA,,,Quinta-feira,False,True,Chuvoso,5.5,,,AIS 21,CAPITAL OESTE
2.0,AIS 05,,,BENFICA,Fortaleza,,Sim,2026-03-05,,,,14:37:26,76101.0,4396161.0,,-3.7417449977,-38.5413301745,Avenida Carapinima,,cvp,ROUBO A PESSOA,,,Quinta-feira,False,True,Chuvoso,5.5,,,AIS 21,CAPITAL OESTE
2.0,AIS 05,,,BENFICA,Fortaleza,,Sim,2026-03-05,,,,14:37:26,76371.0,4396161.0,,-3.7417449977,-38.5413301745,Avenida Carapinima,,cvp,ROUBO A PESSOA,,,Quinta-feira,False,True,Chuvoso,5.5,,,AIS 21,CAPITAL OESTE
2.0,AIS 05,,,BENFICA,Fortaleza,,Sim,2026-03-05,,,,14:37:26,76759.0,4396161.0,,-3.7417449977,-38.5413301745,Avenida Carapinima,,cvp,ROUBO A PESSOA,,,Quinta-feira,False,True,Chuvoso,5.5,,,AIS 21,CAPITAL OESTE
2.0,AIS 18,,,PRESIDENTE KENNEDY,Fortaleza,,Sim,2026-03-05,,,,18:04:28,75764.0,4396166.0,,-3.7346749096,-38.5657160724,Rua Margarida Maria,,cvp,ROUBO A PESSOA,,,Quinta-feira,False,True,Chuvoso,5.5,,,AIS 06,CAPITAL OESTE
2.0,AIS 18,,,PRESIDENTE KENNEDY,Fortaleza,,Sim,2026-03-05,,,,18:04:28,75883.0,4396166.0,,-3.7346749096,-38.5657160724,Rua Margarida Maria,,cvp,ROUBO A PESSOA,,,Quinta-feira,False,True,Chuvoso,5.5,,,AIS 06,CAPITAL OESTE
2.0,AIS 18,,,PRESIDENTE KENNEDY,Fortaleza,,Sim,2026-03-05,,,,18:04:28,76096.0,4396166.0,,-3.7346749096,-38.5657160724,Rua Margarida Maria,,cvp,ROUBO A PESSOA,,,Quinta-feira,False,True,Chuvoso,5.5,,,AIS 06,CAPITAL OESTE
2.0,AIS 18,,,PRESIDENTE KENNEDY,Fortaleza,,Sim,2026-03-05,,,,18:04:28,76372.0,4396166.0,,-3.7346749096,-38.5657160724,Rua Margarida Maria,,cvp,ROUBO A PESSOA,,,Quinta-feira,False,True,Chuvoso,5.5,,,AIS 06,CAPITAL OESTE
2.0,AIS 18,,,PRESIDENTE KENNEDY,Fortaleza,,Sim,2026-03-05,,,,18:04:28,76760.0,4396166.0,,-3.7346749096,-38.5657160724,Rua Margarida Maria,,cvp,ROUBO A PESSOA,,,Quinta-feira,False,True,Chuvoso,5.5,,,AIS 06,CAPITAL OESTE
2.0,AIS 18,,,VILA VELHA,Caucaia,,Sim,2026-03-05,,,,05:47:47,75765.0,4396150.0,,-3.6995064614,-38.6454812969,Rua Manoel Benedito,,cvp,ROUBO A PESSOA,,,Quinta-feira,False,True,Chuvoso,5.5,,,AIS 18,CAPITAL OESTE
2.0,AIS 18,,,VILA VELHA,Caucaia,,Sim,2026-03-05,,,,05:47:47,75871.0,4396150.0,,-3.6995064614,-38.6454812969,Rua Manoel Benedito,,cvp,ROUBO A PESSOA,,,Quinta-feira,False,True,Chuvoso,5.5,,,AIS 18,CAPITAL OESTE
2.0,AIS 18,,,VILA VELHA,Caucaia,,Sim,2026-03-05,,,,05:47:47,76097.0,4396150.0,,-3.6995064614,-38.6454812969,Rua Manoel Benedito,,cvp,ROUBO A PESSOA,,,Quinta-feira,False,True,Chuvoso,5.5,,,AIS 18,CAPITAL OESTE
2.0,AIS 18,,,VILA VELHA,Caucaia,,Sim,2026-03-05,,,,05:47:47,76382.0,4396150.0,,-3.6995064614,-38.6454812969,Rua Manoel Benedito,,cvp,ROUBO A PESSOA,,,Quinta-feira,False,True,Chuvoso,5.5,,,AIS 18,CAPITAL OESTE
2.0,AIS 18,,,VILA VELHA,Caucaia,,Sim,2026-03-05,,,,05:47:47,76751.0,4396150.0,,-3.6995064614,-38.6454812969,Rua Manoel Benedito,,cvp,ROUBO A PESSOA,,,Quinta-feira,False,True,Chuvoso,5.5,,,AIS 18,CAPITAL OESTE
2.0,AIS 08,,,ALDEOTA,Fortaleza,,Sim,2026-03-05,,,,21:09:04,75766.0,4396170.0,,-3.7401706542,-38.5020510385,Rua Carolina Sucupira,,cvp,ROUBO A PESSOA,,,Quinta-feira,False,True,Chuvoso,5.5,,,AIS 21,CAPITAL LESTE
2.0,AIS 08,,,ALDEOTA,Fortaleza,,Sim,2026-03-05,,,,21:09:04,75872.0,4396170.0,,-3.7401706542,-38.5020510385,Rua Carolina Sucupira,,cvp,ROUBO A PESSOA,,,Quinta-feira,False,True,Chuvoso,5.5,,,AIS 21,CAPITAL LESTE
2.0,AIS 08,,,ALDEOTA,Fortaleza,,Sim,2026-03-05,,,,21:09:04,76095.0,4396170.0,,-3.7401706542,-38.5020510385,Rua Carolina Sucupira,,cvp,ROUBO A PESSOA,,,Quinta-feira,False,True,Chuvoso,5.5,,,AIS 21,CAPITAL LESTE
2.0,AIS 08,,,ALDEOTA,Fortaleza,,Sim,2026-03-05,,,,21:09:04,76370.0,4396170.0,,-3.7401706542,-38.5020510385,Rua Carolina Sucupira,,cvp,ROUBO A PESSOA,,,Quinta-feira,False,True,Chuvoso,5.5,,,AIS 21,CAPITAL LESTE
2.0,AIS 08,,,ALDEOTA,Fortaleza,,Sim,2026-03-05,,,,21:09:04,76762.0,4396170.0,,-3.7401706542,-38.5020510385,Rua Carolina Sucupira,,cvp,ROUBO A PESSOA,,,Quinta-feira,False,True,Chuvoso,5.5,,,AIS 21,CAPITAL LESTE
2.0,AIS 20,,,MONDUBIM,Fortaleza,,Sim,2026-03-06,,,,08:44:59,75767.0,4396181.0,,-3.8252946,-38.5623961667,Rua Monte Líbano,,cvp,ROUBO A PESSOA,,,Sexta-feira,False,True,Chuvoso,13.3,,,AIS 16,CAPITAL OESTE
2.0,AIS 20,,,MONDUBIM,Fortaleza,,Sim,2026-03-06,,,,08:44:59,75892.0,4396181.0,,-3.8252946,-38.5623961667,Rua Monte Líbano,,cvp,ROUBO A PESSOA,,,Sexta-feira,False,True,Chuvoso,13.3,,,AIS 16,CAPITAL OESTE
2.0,AIS 20,,,MONDUBIM,Fortaleza,,Sim,2026-03-06,,,,08:44:59,76116.0,4396181.0,,-3.8252946,-38.5623961667,Rua Monte Líbano,,cvp,ROUBO A PESSOA,,,Sexta-feira,False,True,Chuvoso,13.3,,,AIS 16,CAPITAL OESTE
2.0,AIS 20,,,MONDUBIM,Fortaleza,,Sim,2026-03-06,,,,08:44:59,76398.0,4396181.0,,-3.8252946,-38.5623961667,Rua Monte Líbano,,cvp,ROUBO A PESSOA,,,Sexta-feira,False,True,Chuvoso,13.3,,,AIS 16,CAPITAL OESTE
2.0,AIS 20,,,MONDUBIM,Fortaleza,,Sim,2026-03-06,,,,08:44:59,76770.0,4396181.0,,-3.8252946,-38.5623961667,Rua Monte Líbano,,cvp,ROUBO A PESSOA,,,Sexta-feira,False,True,Chuvoso,13.3,,,AIS 16,CAPITAL OESTE
2.0,AIS 20,,,PREFEITO JOSÉ WALTER,Fortaleza,,Sim,2026-03-06,,,,08:04:00,75768.0,4396179.0,,-3.8228411658,-38.5554091746,Avenida M,,cvp,ROUBO A PESSOA,,,Sexta-feira,False,True,Chuvoso,13.3,,,AIS 16,CAPITAL OESTE
2.0,AIS 20,,,PREFEITO JOSÉ WALTER,Fortaleza,,Sim,2026-03-06,,,,08:04:00,75891.0,4396179.0,,-3.8228411658,-38.5554091746,Avenida M,,cvp,ROUBO A PESSOA,,,Sexta-feira,False,True,Chuvoso,13.3,,,AIS 16,CAPITAL OESTE
2.0,AIS 20,,,PREFEITO JOSÉ WALTER,Fortaleza,,Sim,2026-03-06,,,,08:04:00,76115.0,4396179.0,,-3.8228411658,-38.5554091746,Avenida M,,cvp,ROUBO A PESSOA,,,Sexta-feira,False,True,Chuvoso,13.3,,,AIS 16,CAPITAL OESTE
2.0,AIS 20,,,PREFEITO JOSÉ WALTER,Fortaleza,,Sim,2026-03-06,,,,08:04:00,76401.0,4396179.0,,-3.8228411658,-38.5554091746,Avenida M,,cvp,ROUBO A PESSOA,,,Sexta-feira,False,True,Chuvoso,13.3,,,AIS 16,CAPITAL OESTE
2.0,AIS 20,,,PREFEITO JOSÉ WALTER,Fortaleza,,Sim,2026-03-06,,,,08:04:00,76769.0,4396179.0,,-3.8228411658,-38.5554091746,Avenida M,,cvp,ROUBO A PESSOA,,,Sexta-feira,False,True,Chuvoso,13.3,,,AIS 16,CAPITAL OESTE
2.0,AIS 18,,,CENTRO,Fortaleza,,Sim,2026-03-06,,,,03:29:47,75769.0,4396175.0,,-3.7288869805,-38.5196465723,Vila Gonçalves dos Santos,,cvp,ROUBO A RESIDÊNCIA,,,Sexta-feira,False,True,Chuvoso,13.3,,,AIS 21,CAPITAL OESTE
2.0,AIS 18,,,CENTRO,Fortaleza,,Sim,2026-03-06,,,,03:29:47,75887.0,4396175.0,,-3.7288869805,-38.5196465723,Vila Gonçalves dos Santos,,cvp,ROUBO A RESIDÊNCIA,,,Sexta-feira,False,True,Chuvoso,13.3,,,AIS 21,CAPITAL OESTE
2.0,AIS 18,,,CENTRO,Fortaleza,,Sim,2026-03-06,,,,03:29:47,76111.0,4396175.0,,-3.7288869805,-38.5196465723,Vila Gonçalves dos Santos,,cvp,ROUBO A RESIDÊNCIA,,,Sexta-feira,False,True,Chuvoso,13.3,,,AIS 21,CAPITAL OESTE
2.0,AIS 18,,,CENTRO,Fortaleza,,Sim,2026-03-06,,,,03:29:47,76395.0,4396175.0,,-3.7288869805,-38.5196465723,Vila Gonçalves dos Santos,,cvp,ROUBO A RESIDÊNCIA,,,Sexta-feira,False,True,Chuvoso,13.3,,,AIS 21,CAPITAL OESTE
2.0,AIS 18,,,CENTRO,Fortaleza,,Sim,2026-03-06,,,,03:29:47,76765.0,4396175.0,,-3.7288869805,-38.5196465723,Vila Gonçalves dos Santos,,cvp,ROUBO A RESIDÊNCIA,,,Sexta-feira,False,True,Chuvoso,13.3,,,AIS 21,CAPITAL OESTE
2.0,AIS 18,,,CENTRO,Fortaleza,,Sim,2026-03-06,,,,05:17:42,75770.0,4396176.0,,-3.7230859959,-38.5282796933,Rua Senador Pompeu,,cvp,ROUBO A PESSOA,,,Sexta-feira,False,True,Chuvoso,13.3,,,AIS 08,CAPITAL OESTE
2.0,AIS 18,,,CENTRO,Fortaleza,,Sim,2026-03-06,,,,05:17:42,75888.0,4396176.0,,-3.7230859959,-38.5282796933,Rua Senador Pompeu,,cvp,ROUBO A PESSOA,,,Sexta-feira,False,True,Chuvoso,13.3,,,AIS 08,CAPITAL OESTE
2.0,AIS 18,,,CENTRO,Fortaleza,,Sim,2026-03-06,,,,05:17:42,76112.0,4396176.0,,-3.7230859959,-38.5282796933,Rua Senador Pompeu,,cvp,ROUBO A PESSOA,,,Sexta-feira,False,True,Chuvoso,13.3,,,AIS 08,CAPITAL OESTE
2.0,AIS 18,,,CENTRO,Fortaleza,,Sim,2026-03-06,,,,05:17:42,76394.0,4396176.0,,-3.7230859959,-38.5282796933,Rua Senador Pompeu,,cvp,ROUBO A PESSOA,,,Sexta-feira,False,True,Chuvoso,13.3,,,AIS 08,CAPITAL OESTE
2.0,AIS 18,,,CENTRO,Fortaleza,,Sim,2026-03-06,,,,05:17:42,76766.0,4396176.0,,-3.7230859959,-38.5282796933,Rua Senador Pompeu,,cvp,ROUBO A PESSOA,,,Sexta-feira,False,True,Chuvoso,13.3,,,AIS 08,CAPITAL OESTE
2.0,AIS 21,,,EDSON QUEIROZ,Fortaleza,,Sim,2026-03-06,,,,06:04:55,75771.0,4396177.0,,-3.7650581537,-38.4746906063,Avenida Contorno,,cvp,ROUBO A PESSOA,,,Sexta-feira,False,True,Chuvoso,13.3,,,AIS 21,CAPITAL OESTE
2.0,AIS 21,,,EDSON QUEIROZ,Fortaleza,,Sim,2026-03-06,,,,06:04:55,75889.0,4396177.0,,-3.7650581537,-38.4746906063,Avenida Contorno,,cvp,ROUBO A PESSOA,,,Sexta-feira,False,True,Chuvoso,13.3,,,AIS 21,CAPITAL OESTE
2.0,AIS 21,,,EDSON QUEIROZ,Fortaleza,,Sim,2026-03-06,,,,06:04:55,76113.0,4396177.0,,-3.7650581537,-38.4746906063,Avenida Contorno,,cvp,ROUBO A PESSOA,,,Sexta-feira,False,True,Chuvoso,13.3,,,AIS 21,CAPITAL OESTE
2.0,AIS 21,,,EDSON QUEIROZ,Fortaleza,,Sim,2026-03-06,,,,06:04:55,76393.0,4396177.0,,-3.7650581537,-38.4746906063,Avenida Contorno,,cvp,ROUBO A PESSOA,,,Sexta-feira,False,True,Chuvoso,13.3,,,AIS 21,CAPITAL OESTE
2.0,AIS 21,,,EDSON QUEIROZ,Fortaleza,,Sim,2026-03-06,,,,06:04:55,76767.0,4396177.0,,-3.7650581537,-38.4746906063,Avenida Contorno,,cvp,ROUBO A PESSOA,,,Sexta-feira,False,True,Chuvoso,13.3,,,AIS 21,CAPITAL OESTE
2.0,AIS 05,,,FÁTIMA,Fortaleza,,Sim,2026-03-06,,,,06:15:45,75772.0,4396178.0,,-3.7532502431,-38.5287936464,Rua Ministro Joaquim Bastos,,cvp,ROUBO A PESSOA,,,Sexta-feira,False,True,Chuvoso,13.3,,,AIS 21,CAPITAL OESTE
2.0,AIS 05,,,FÁTIMA,Fortaleza,,Sim,2026-03-06,,,,06:15:45,75890.0,4396178.0,,-3.7532502431,-38.5287936464,Rua Ministro Joaquim Bastos,,cvp,ROUBO A PESSOA,,,Sexta-feira,False,True,Chuvoso,13.3,,,AIS 21,CAPITAL OESTE
2.0,AIS 05,,,FÁTIMA,Fortaleza,,Sim,2026-03-06,,,,06:15:45,76114.0,4396178.0,,-3.7532502431,-38.5287936464,Rua Ministro Joaquim Bastos,,cvp,ROUBO A PESSOA,,,Sexta-feira,False,True,Chuvoso,13.3,,,AIS 21,CAPITAL OESTE
2.0,AIS 05,,,FÁTIMA,Fortaleza,,Sim,2026-03-06,,,,06:15:45,76397.0,4396178.0,,-3.7532502431,-38.5287936464,Rua Ministro Joaquim Bastos,,cvp,ROUBO A PESSOA,,,Sexta-feira,False,True,Chuvoso,13.3,,,AIS 21,CAPITAL OESTE
2.0,AIS 05,,,FÁTIMA,Fortaleza,,Sim,2026-03-06,,,,06:15:45,76768.0,4396178.0,,-3.7532502431,-38.5287936464,Rua Ministro Joaquim Bastos,,cvp,ROUBO A PESSOA,,,Sexta-feira,False,True,Chuvoso,13.3,,,AIS 21,CAPITAL OESTE
2.0,AIS 22,,,PASSARÉ,Fortaleza,,Sim,2026-03-06,,,,00:03:37,75773.0,4396172.0,,-3.8158600289,-38.5314147715,Avenida Juscelino Kubitschek,,cvp,ROUBO A COLETIVO,,,Sexta-feira,False,True,Chuvoso,13.3,,,AIS 21,CAPITAL LESTE
2.0,AIS 22,,,PASSARÉ,Fortaleza,,Sim,2026-03-06,,,,00:03:37,75886.0,4396172.0,,-3.8158600289,-38.5314147715,Avenida Juscelino Kubitschek,,cvp,ROUBO A COLETIVO,,,Sexta-feira,False,True,Chuvoso,13.3,,,AIS 21,CAPITAL LESTE
2.0,AIS 22,,,PASSARÉ,Fortaleza,,Sim,2026-03-06,,,,00:03:37,76110.0,4396172.0,,-3.8158600289,-38.5314147715,Avenida Juscelino Kubitschek,,cvp,ROUBO A COLETIVO,,,Sexta-feira,False,True,Chuvoso,13.3,,,AIS 21,CAPITAL LESTE
2.0,AIS 22,,,PASSARÉ,Fortaleza,,Sim,2026-03-06,,,,00:03:37,76396.0,4396172.0,,-3.8158600289,-38.5314147715,Avenida Juscelino Kubitschek,,cvp,ROUBO A COLETIVO,,,Sexta-feira,False,True,Chuvoso,13.3,,,AIS 21,CAPITAL LESTE
2.0,AIS 22,,,PASSARÉ,Fortaleza,,Sim,2026-03-06,,,,00:03:37,76764.0,4396172.0,,-3.8158600289,-38.5314147715,Avenida Juscelino Kubitschek,,cvp,ROUBO A COLETIVO,,,Sexta-feira,False,True,Chuvoso,13.3,,,AIS 21,CAPITAL LESTE
2.0,AIS 16,,,MESSEJANA,Fortaleza,,Sim,2026-03-16,,,,06:16:54,76021.0,4399772.0,,-3.8327860585,-38.4840680753,Rua Inácio Oriá,,cvp,ROUBO A PESSOA,,,Segunda-feira,False,False,Nublado,3.9,,,AIS 16,CAPITAL LESTE
2.0,AIS 16,,,MESSEJANA,Fortaleza,,Sim,2026-03-16,,,,06:16:54,76243.0,4399772.0,,-3.8327860585,-38.4840680753,Rua Inácio Oriá,,cvp,ROUBO A PESSOA,,,Segunda-feira,False,False,Nublado,3.9,,,AIS 16,CAPITAL LESTE
2.0,AIS 16,,,MESSEJANA,Fortaleza,,Sim,2026-03-16,,,,06:16:54,76524.0,4399772.0,,-3.8327860585,-38.4840680753,Rua Inácio Oriá,,cvp,ROUBO A PESSOA,,,Segunda-feira,False,False,Nublado,3.9,,,AIS 16,CAPITAL LESTE
2.0,AIS 16,,,MESSEJANA,Fortaleza,,Sim,2026-03-16,,,,06:16:54,76897.0,4399772.0,,-3.8327860585,-38.4840680753,Rua Inácio Oriá,,cvp,ROUBO A PESSOA,,,Segunda-feira,False,False,Nublado,3.9,,,AIS 16,CAPITAL LESTE
2.0,,,,SAPIRANGA COITÉ,Fortaleza,,Sim,2026-03-16,,,,06:06:37,76020.0,4399771.0,,-3.8002486771,-38.4638840605,Rua Doutor Joaquim Frota,,cvp,ROUBO A PESSOA,,,Segunda-feira,False,False,Nublado,3.9,,,AIS 16,
2.0,,,,SAPIRANGA COITÉ,Fortaleza,,Sim,2026-03-16,,,,06:06:37,76242.0,4399771.0,,-3.8002486771,-38.4638840605,Rua Doutor Joaquim Frota,,cvp,ROUBO A PESSOA,,,Segunda-feira,False,False,Nublado,3.9,,,AIS 16,
2.0,,,,SAPIRANGA COITÉ,Fortaleza,,Sim,2026-03-16,,,,06:06:37,76523.0,4399771.0,,-3.8002486771,-38.4638840605,Rua Doutor Joaquim Frota,,cvp,ROUBO A PESSOA,,,Segunda-feira,False,False,Nublado,3.9,,,AIS 16,
2.0,,,,SAPIRANGA COITÉ,Fortaleza,,Sim,2026-03-16,,,,06:06:37,76896.0,4399771.0,,-3.8002486771,-38.4638840605,Rua Doutor Joaquim Frota,,cvp,ROUBO A PESSOA,,,Segunda-feira,False,False,Nublado,3.9,,,AIS 16,
2.0,AIS 06,,,ANTÔNIO BEZERRA,Fortaleza,,Sim,2026-03-16,,,,07:05:22,76019.0,4399774.0,,-3.7400339452,-38.5884735345,Rua Vale Costa,,cvp,ROUBO A PESSOA,,,Segunda-feira,False,False,Nublado,3.9,,,AIS 06,CAPITAL OESTE
2.0,AIS 06,,,ANTÔNIO BEZERRA,Fortaleza,,Sim,2026-03-16,,,,07:05:22,76245.0,4399774.0,,-3.7400339452,-38.5884735345,Rua Vale Costa,,cvp,ROUBO A PESSOA,,,Segunda-feira,False,False,Nublado,3.9,,,AIS 06,CAPITAL OESTE
2.0,AIS 06,,,ANTÔNIO BEZERRA,Fortaleza,,Sim,2026-03-16,,,,07:05:22,76526.0,4399774.0,,-3.7400339452,-38.5884735345,Rua Vale Costa,,cvp,ROUBO A PESSOA,,,Segunda-feira,False,False,Nublado,3.9,,,AIS 06,CAPITAL OESTE
2.0,AIS 06,,,ANTÔNIO BEZERRA,Fortaleza,,Sim,2026-03-16,,,,07:05:22,76899.0,4399774.0,,-3.7400339452,-38.5884735345,Rua Vale Costa,,cvp,ROUBO A PESSOA,,,Segunda-feira,False,False,Nublado,3.9,,,AIS 06,CAPITAL OESTE
2.0,AIS 22,,,CASTELÃO,Fortaleza,,Sim,2026-03-16,,,,06:46:06,76018.0,4399773.0,,-3.8025544544,-38.5197697414,Rua Adélia Feijó,,cvp,ROUBO A PESSOA,,,Segunda-feira,False,False,Nublado,3.9,,,AIS 21,CAPITAL LESTE
2.0,AIS 22,,,CASTELÃO,Fortaleza,,Sim,2026-03-16,,,,06:46:06,76244.0,4399773.0,,-3.8025544544,-38.5197697414,Rua Adélia Feijó,,cvp,ROUBO A PESSOA,,,Segunda-feira,False,False,Nublado,3.9,,,AIS 21,CAPITAL LESTE
2.0,AIS 22,,,CASTELÃO,Fortaleza,,Sim,2026-03-16,,,,06:46:06,76525.0,4399773.0,,-3.8025544544,-38.5197697414,Rua Adélia Feijó,,cvp,ROUBO A PESSOA,,,Segunda-feira,False,False,Nublado,3.9,,,AIS 21,CAPITAL LESTE
2.0,AIS 22,,,CASTELÃO,Fortaleza,,Sim,2026-03-16,,,,06:46:06,76898.0,4399773.0,,-3.8025544544,-38.5197697414,Rua Adélia Feijó,,cvp,ROUBO A PESSOA,,,Segunda-feira,False,False,Nublado,3.9,,,AIS 21,CAPITAL LESTE
2.0,AIS 21,,,CAMBEBA,Fortaleza,,Sim,2026-03-16,,,,07:35:10,76017.0,4399775.0,,-3.8021651849,-38.4893109574,Rua Desembargador José Gil de Carvalho,,cvp,ROUBO A PESSOA,,,Segunda-feira,False,False,Nublado,3.9,,,AIS 21,CAPITAL OESTE
2.0,AIS 21,,,CAMBEBA,Fortaleza,,Sim,2026-03-16,,,,07:35:10,76246.0,4399775.0,,-3.8021651849,-38.4893109574,Rua Desembargador José Gil de Carvalho,,cvp,ROUBO A PESSOA,,,Segunda-feira,False,False,Nublado,3.9,,,AIS 21,CAPITAL OESTE
2.0,AIS 21,,,CAMBEBA,Fortaleza,,Sim,2026-03-16,,,,07:35:10,76527.0,4399775.0,,-3.8021651849,-38.4893109574,Rua Desembargador José Gil de Carvalho,,cvp,ROUBO A PESSOA,,,Segunda-feira,False,False,Nublado,3.9,,,AIS 21,CAPITAL OESTE
2.0,AIS 21,,,CAMBEBA,Fortaleza,,Sim,2026-03-16,,,,07:35:10,76900.0,4399775.0,,-3.8021651849,-38.4893109574,Rua Desembargador José Gil de Carvalho,,cvp,ROUBO A PESSOA,,,Segunda-feira,False,False,Nublado,3.9,,,AIS 21,CAPITAL OESTE
2.0,AIS 21,,,ENGENHEIRO LUCIANO CAVALCANTE,Fortaleza,,Sim,2026-03-15,,,,20:57:54,76016.0,4399765.0,,-3.7701852365,-38.4976756007,Avenida Rogaciano Leite,,cvp,ROUBO A PESSOA,,,Domingo,False,False,Chuvoso,9.6,,,AIS 21,CAPITAL LESTE
2.0,AIS 21,,,ENGENHEIRO LUCIANO CAVALCANTE,Fortaleza,,Sim,2026-03-15,,,,20:57:54,76233.0,4399765.0,,-3.7701852365,-38.4976756007,Avenida Rogaciano Leite,,cvp,ROUBO A PESSOA,,,Domingo,False,False,Chuvoso,9.6,,,AIS 21,CAPITAL LESTE
2.0,AIS 21,,,ENGENHEIRO LUCIANO CAVALCANTE,Fortaleza,,Sim,2026-03-15,,,,20:57:54,76509.0,4399765.0,,-3.7701852365,-38.4976756007,Avenida Rogaciano Leite,,cvp,ROUBO A PESSOA,,,Domingo,False,False,Chuvoso,9.6,,,AIS 21,CAPITAL LESTE
2.0,AIS 21,,,ENGENHEIRO LUCIANO CAVALCANTE,Fortaleza,,Sim,2026-03-15,,,,20:57:54,76889.0,4399765.0,,-3.7701852365,-38.4976756007,Avenida Rogaciano Leite,,cvp,ROUBO A PESSOA,,,Domingo,False,False,Chuvoso,9.6,,,AIS 21,CAPITAL LESTE
2.0,AIS 20,,,MONDUBIM,Fortaleza,,Sim,2026-03-15,,,,23:55:50,76015.0,4399768.0,,-3.8096227091,-38.5729530431,Rua Coronel Tibúrcio,,cvp,ROUBO A PESSOA,,,Domingo,False,False,Chuvoso,9.6,,,AIS 17,CAPITAL OESTE
2.0,AIS 20,,,MONDUBIM,Fortaleza,,Sim,2026-03-15,,,,23:55:50,76235.0,4399768.0,,-3.8096227091,-38.5729530431,Rua Coronel Tibúrcio,,cvp,ROUBO A PESSOA,,,Domingo,False,False,Chuvoso,9.6,,,AIS 17,CAPITAL OESTE
2.0,AIS 20,,,MONDUBIM,Fortaleza,,Sim,2026-03-15,,,,23:55:50,76512.0,4399768.0,,-3.8096227091,-38.5729530431,Rua Coronel Tibúrcio,,cvp,ROUBO A PESSOA,,,Domingo,False,False,Chuvoso,9.6,,,AIS 17,CAPITAL OESTE
2.0,AIS 20,,,MONDUBIM,Fortaleza,,Sim,2026-03-15,,,,23:55:50,76892.0,4399768.0,,-3.8096227091,-38.5729530431,Rua Coronel Tibúrcio,,cvp,ROUBO A PESSOA,,,Domingo,False,False,Chuvoso,9.6,,,AIS 17,CAPITAL OESTE
2.0,AIS 05,,,VILA PERY,Fortaleza,,Sim,2026-03-15,,,,05:49:06,76014.0,4399760.0,,-3.7945173628,-38.5867864874,Rua Costa Freire,,cvp,ROUBO A COLETIVO,,,Domingo,False,False,Chuvoso,9.6,,,AIS 06,CAPITAL OESTE
2.0,AIS 05,,,VILA PERY,Fortaleza,,Sim,2026-03-15,,,,05:49:06,76230.0,4399760.0,,-3.7945173628,-38.5867864874,Rua Costa Freire,,cvp,ROUBO A COLETIVO,,,Domingo,False,False,Chuvoso,9.6,,,AIS 06,CAPITAL OESTE
2.0,AIS 05,,,VILA PERY,Fortaleza,,Sim,2026-03-15,,,,05:49:06,76507.0,4399760.0,,-3.7945173628,-38.5867864874,Rua Costa Freire,,cvp,ROUBO A COLETIVO,,,Domingo,False,False,Chuvoso,9.6,,,AIS 06,CAPITAL OESTE
2.0,AIS 05,,,VILA PERY,Fortaleza,,Sim,2026-03-15,,,,05:49:06,76887.0,4399760.0,,-3.7945173628,-38.5867864874,Rua Costa Freire,,cvp,ROUBO A COLETIVO,,,Domingo,False,False,Chuvoso,9.6,,,AIS 06,CAPITAL OESTE
2.0,AIS 18,,,CENTRO,Fortaleza,,Sim,2026-03-15,,,,04:33:15,76013.0,4399759.0,,-3.7248251021,-38.5174294129,Rua Tenente Benévolo,,cvp,ROUBO A PESSOA,,,Domingo,False,False,Chuvoso,9.6,,,AIS 08,CAPITAL OESTE
2.0,AIS 18,,,CENTRO,Fortaleza,,Sim,2026-03-15,,,,04:33:15,76229.0,4399759.0,,-3.7248251021,-38.5174294129,Rua Tenente Benévolo,,cvp,ROUBO A PESSOA,,,Domingo,False,False,Chuvoso,9.6,,,AIS 08,CAPITAL OESTE
2.0,AIS 18,,,CENTRO,Fortaleza,,Sim,2026-03-15,,,,04:33:15,76506.0,4399759.0,,-3.7248251021,-38.5174294129,Rua Tenente Benévolo,,cvp,ROUBO A PESSOA,,,Domingo,False,False,Chuvoso,9.6,,,AIS 08,CAPITAL OESTE
2.0,AIS 18,,,CENTRO,Fortaleza,,Sim,2026-03-15,,,,04:33:15,76886.0,4399759.0,,-3.7248251021,-38.5174294129,Rua Tenente Benévolo,,cvp,ROUBO A PESSOA,,,Domingo,False,False,Chuvoso,9.6,,,AIS 08,CAPITAL OESTE
2.0,AIS 20,,,MONDUBIM,Fortaleza,,Sim,2026-03-15,,,,23:38:06,76012.0,4399767.0,,-3.807847937,-38.5639546999,Rua Itacyra,,cvp,ROUBO A PESSOA,,,Domingo,False,False,Chuvoso,9.6,,,AIS 05,CAPITAL OESTE
2.0,AIS 20,,,MONDUBIM,Fortaleza,,Sim,2026-03-15,,,,23:38:06,76234.0,4399767.0,,-3.807847937,-38.5639546999,Rua Itacyra,,cvp,ROUBO A PESSOA,,,Domingo,False,False,Chuvoso,9.6,,,AIS 05,CAPITAL OESTE
2.0,AIS 20,,,MONDUBIM,Fortaleza,,Sim,2026-03-15,,,,23:38:06,76511.0,4399767.0,,-3.807847937,-38.5639546999,Rua Itacyra,,cvp,ROUBO A PESSOA,,,Domingo,False,False,Chuvoso,9.6,,,AIS 05,CAPITAL OESTE
2.0,AIS 20,,,MONDUBIM,Fortaleza,,Sim,2026-03-15,,,,23:38:06,76891.0,4399767.0,,-3.807847937,-38.5639546999,Rua Itacyra,,cvp,ROUBO A PESSOA,,,Domingo,False,False,Chuvoso,9.6,,,AIS 05,CAPITAL OESTE
2.0,AIS 21,,,AEROLÂNDIA,Fortaleza,,Sim,2026-03-15,,,,21:53:35,76011.0,4399766.0,,-3.7764208868,-38.5148617337,Pista Marginal,,cvp,ROUBO A PESSOA,,,Domingo,False,False,Chuvoso,9.6,,,AIS 21,CAPITAL OESTE
2.0,AIS 21,,,AEROLÂNDIA,Fortaleza,,Sim,2026-03-15,,,,21:53:35,76232.0,4399766.0,,-3.7764208868,-38.5148617337,Pista Marginal,,cvp,ROUBO A PESSOA,,,Domingo,False,False,Chuvoso,9.6,,,AIS 21,CAPITAL OESTE
2.0,AIS 21,,,AEROLÂNDIA,Fortaleza,,Sim,2026-03-15,,,,21:53:35,76510.0,4399766.0,,-3.7764208868,-38.5148617337,Pista Marginal,,cvp,ROUBO A PESSOA,,,Domingo,False,False,Chuvoso,9.6,,,AIS 21,CAPITAL OESTE
2.0,AIS 21,,,AEROLÂNDIA,Fortaleza,,Sim,2026-03-15,,,,21:53:35,76890.0,4399766.0,,-3.7764208868,-38.5148617337,Pista Marginal,,cvp,ROUBO A PESSOA,,,Domingo,False,False,Chuvoso,9.6,,,AIS 21,CAPITAL OESTE
2.0,AIS 06,,,ANTONIO BEZERRA,Caucaia,,Sim,2026-03-15,,,,11:17:20,76010.0,4399510.0,,-3.7530052552,-38.6310537384,Rua Araré,,cvp,ROUBO A PESSOA,,,Domingo,False,False,Chuvoso,9.6,,,AIS 06,CAPITAL OESTE
2.0,AIS 06,,,ANTONIO BEZERRA,Caucaia,,Sim,2026-03-15,,,,11:17:20,76240.0,4399510.0,,-3.7530052552,-38.6310537384,Rua Araré,,cvp,ROUBO A PESSOA,,,Domingo,False,False,Chuvoso,9.6,,,AIS 06,CAPITAL OESTE
2.0,AIS 06,,,ANTONIO BEZERRA,Caucaia,,Sim,2026-03-15,,,,11:17:20,76514.0,4399510.0,,-3.7530052552,-38.6310537384,Rua Araré,,cvp,ROUBO A PESSOA,,,Domingo,False,False,Chuvoso,9.6,,,AIS 06,CAPITAL OESTE
2.0,AIS 06,,,ANTONIO BEZERRA,Caucaia,,Sim,2026-03-15,,,,11:17:20,76881.0,4399510.0,,-3.7530052552,-38.6310537384,Rua Araré,,cvp,ROUBO A PESSOA,,,Domingo,False,False,Chuvoso,9.6,,,AIS 06,CAPITAL OESTE
2.0,,,,SAPIRANGA COITÉ,Fortaleza,,Sim,2026-03-15,,,,14:38:23,76009.0,4399762.0,,-3.8070882144,-38.4608602706,Rua Raimundo Galdino,,cvp,ROUBO A PESSOA,,,Domingo,False,False,Chuvoso,9.6,,,AIS 16,
2.0,,,,SAPIRANGA COITÉ,Fortaleza,,Sim,2026-03-15,,,,14:38:23,76231.0,4399762.0,,-3.8070882144,-38.4608602706,Rua Raimundo Galdino,,cvp,ROUBO A PESSOA,,,Domingo,False,False,Chuvoso,9.6,,,AIS 16,
2.0,,,,SAPIRANGA COITÉ,Fortaleza,,Sim,2026-03-15,,,,14:38:23,76508.0,4399762.0,,-3.8070882144,-38.4608602706,Rua Raimundo Galdino,,cvp,ROUBO A PESSOA,,,Domingo,False,False,Chuvoso,9.6,,,AIS 16,
2.0,,,,SAPIRANGA COITÉ,Fortaleza,,Sim,2026-03-15,,,,14:38:23,76888.0,4399762.0,,-3.8070882144,-38.4608602706,Rua Raimundo Galdino,,cvp,ROUBO A PESSOA,,,Domingo,False,False,Chuvoso,9.6,,,AIS 16,
2.0,AIS 18,,,CENTRO,Fortaleza,,Sim,2026-03-15,,,,03:31:44,76008.0,4399756.0,,-3.7325196092,-38.5287378152,Avenida Duque de Caxias,,cvp,ROUBO A PESSOA,,,Domingo,False,False,Chuvoso,9.6,,,AIS 21,CAPITAL OESTE
2.0,AIS 18,,,CENTRO,Fortaleza,,Sim,2026-03-15,,,,03:31:44,76236.0,4399756.0,,-3.7325196092,-38.5287378152,Avenida Duque de Caxias,,cvp,ROUBO A PESSOA,,,Domingo,False,False,Chuvoso,9.6,,,AIS 21,CAPITAL OESTE
2.0,AIS 18,,,CENTRO,Fortaleza,,Sim,2026-03-15,,,,03:31:44,76504.0,4399756.0,,-3.7325196092,-38.5287378152,Avenida Duque de Caxias,,cvp,ROUBO A PESSOA,,,Domingo,False,False,Chuvoso,9.6,,,AIS 21,CAPITAL OESTE
2.0,AIS 18,,,CENTRO,Fortaleza,,Sim,2026-03-15,,,,03:31:44,76884.0,4399756.0,,-3.7325196092,-38.5287378152,Avenida Duque de Caxias,,cvp,ROUBO A PESSOA,,,Domingo,False,False,Chuvoso,9.6,,,AIS 21,CAPITAL OESTE
2.0,AIS 20,,,PREFEITO JOSÉ WALTER,Fortaleza,,Sim,2026-03-15,,,,04:13:09,76007.0,4399757.0,,-3.831394396,-38.5356909732,Rua 8H,,cvp,ROUBO A PESSOA,,,Domingo,False,False,Chuvoso,9.6,,,AIS 16,CAPITAL OESTE
2.0,AIS 20,,,PREFEITO JOSÉ WALTER,Fortaleza,,Sim,2026-03-15,,,,04:13:09,76228.0,4399757.0,,-3.831394396,-38.5356909732,Rua 8H,,cvp,ROUBO A PESSOA,,,Domingo,False,False,Chuvoso,9.6,,,AIS 16,CAPITAL OESTE
2.0,AIS 20,,,PREFEITO JOSÉ WALTER,Fortaleza,,Sim,2026-03-15,,,,04:13:09,76505.0,4399757.0,,-3.831394396,-38.5356909732,Rua 8H,,cvp,ROUBO A PESSOA,,,Domingo,False,False,Chuvoso,9.6,,,AIS 16,CAPITAL OESTE
2.0,AIS 20,,,PREFEITO JOSÉ WALTER,Fortaleza,,Sim,2026-03-15,,,,04:13:09,76885.0,4399757.0,,-3.831394396,-38.5356909732,Rua 8H,,cvp,ROUBO A PESSOA,,,Domingo,False,False,Chuvoso,9.6,,,AIS 16,CAPITAL OESTE
2.0,AIS 20,,,PARQUE DOIS IRMĂOS,Fortaleza,,Sim,2026-03-15,,,,03:17:15,76006.0,4399755.0,,-3.8134820517,-38.5536596549,Rua Barbacena,,cvp,ROUBO A PESSOA,,,Domingo,False,False,Chuvoso,9.6,,,AIS 05,CAPITAL OESTE
2.0,AIS 20,,,PARQUE DOIS IRMĂOS,Fortaleza,,Sim,2026-03-15,,,,03:17:15,76237.0,4399755.0,,-3.8134820517,-38.5536596549,Rua Barbacena,,cvp,ROUBO A PESSOA,,,Domingo,False,False,Chuvoso,9.6,,,AIS 05,CAPITAL OESTE
2.0,AIS 20,,,PARQUE DOIS IRMĂOS,Fortaleza,,Sim,2026-03-15,,,,03:17:15,76515.0,4399755.0,,-3.8134820517,-38.5536596549,Rua Barbacena,,cvp,ROUBO A PESSOA,,,Domingo,False,False,Chuvoso,9.6,,,AIS 05,CAPITAL OESTE
2.0,AIS 20,,,PARQUE DOIS IRMĂOS,Fortaleza,,Sim,2026-03-15,,,,03:17:15,76883.0,4399755.0,,-3.8134820517,-38.5536596549,Rua Barbacena,,cvp,ROUBO A PESSOA,,,Domingo,False,False,Chuvoso,9.6,,,AIS 05,CAPITAL OESTE
2.0,AIS 21,,,ALTO DA BALANÇA,Fortaleza,,Sim,2026-03-15,,,,00:38:33,76005.0,4399754.0,,-3.7653043851,-38.5130065009,Rua Djalma Petit,,cvp,ROUBO A RESIDÊNCIA,,,Domingo,False,False,Chuvoso,9.6,,,AIS 21,CAPITAL OESTE
2.0,AIS 21,,,ALTO DA BALANÇA,Fortaleza,,Sim,2026-03-15,,,,00:38:33,76238.0,4399754.0,,-3.7653043851,-38.5130065009,Rua Djalma Petit,,cvp,ROUBO A RESIDÊNCIA,,,Domingo,False,False,Chuvoso,9.6,,,AIS 21,CAPITAL OESTE
2.0,AIS 21,,,ALTO DA BALANÇA,Fortaleza,,Sim,2026-03-15,,,,00:38:33,76513.0,4399754.0,,-3.7653043851,-38.5130065009,Rua Djalma Petit,,cvp,ROUBO A RESIDÊNCIA,,,Domingo,False,False,Chuvoso,9.6,,,AIS 21,CAPITAL OESTE
2.0,AIS 21,,,ALTO DA BALANÇA,Fortaleza,,Sim,2026-03-15,,,,00:38:33,76882.0,4399754.0,,-3.7653043851,-38.5130065009,Rua Djalma Petit,,cvp,ROUBO A RESIDÊNCIA,,,Domingo,False,False,Chuvoso,9.6,,,AIS 21,CAPITAL OESTE
2.0,AIS 28,,,,Apuiarés,,Sim,2026-03-15,,,,20:33:22,76004.0,4399799.0,,-3.946157347,-39.4301752245,Rua Vinte e Cinco de Janeiro,,cvp,ROUBO A ESTABELECIMENTO COMERCIAL,,,Domingo,False,False,Chuvoso,9.6,,,AIS 28,NORTE
2.0,AIS 28,,,,Apuiarés,,Sim,2026-03-15,,,,20:33:22,76239.0,4399799.0,,-3.946157347,-39.4301752245,Rua Vinte e Cinco de Janeiro,,cvp,ROUBO A ESTABELECIMENTO COMERCIAL,,,Domingo,False,False,Chuvoso,9.6,,,AIS 28,NORTE
2.0,AIS 28,,,,Apuiarés,,Sim,2026-03-15,,,,20:33:22,76502.0,4399799.0,,-3.946157347,-39.4301752245,Rua Vinte e Cinco de Janeiro,,cvp,ROUBO A ESTABELECIMENTO COMERCIAL,,,Domingo,False,False,Chuvoso,9.6,,,AIS 28,NORTE
2.0,AIS 28,,,,Apuiarés,,Sim,2026-03-15,,,,20:33:22,76893.0,4399799.0,,-3.946157347,-39.4301752245,Rua Vinte e Cinco de Janeiro,,cvp,ROUBO A ESTABELECIMENTO COMERCIAL,,,Domingo,False,False,Chuvoso,9.6,,,AIS 28,NORTE
2.0,AIS 29,,,,Aracati,,Sim,2026-03-15,,,,11:56:58,76003.0,4399801.0,,-4.5254524075,-37.7053319268,Rua Dragão do Mar,,cvp,ROUBO A PESSOA,,,Domingo,False,False,Chuvoso,9.6,,,AIS 29,NORDESTE
2.0,AIS 29,,,,Aracati,,Sim,2026-03-15,,,,11:56:58,76227.0,4399801.0,,-4.5254524075,-37.7053319268,Rua Dragão do Mar,,cvp,ROUBO A PESSOA,,,Domingo,False,False,Chuvoso,9.6,,,AIS 29,NORDESTE
2.0,AIS 29,,,,Aracati,,Sim,2026-03-15,,,,11:56:58,76503.0,4399801.0,,-4.5254524075,-37.7053319268,Rua Dragão do Mar,,cvp,ROUBO A PESSOA,,,Domingo,False,False,Chuvoso,9.6,,,AIS 29,NORDESTE
2.0,AIS 29,,,,Aracati,,Sim,2026-03-15,,,,11:56:58,76895.0,4399801.0,,-4.5254524075,-37.7053319268,Rua Dragão do Mar,,cvp,ROUBO A PESSOA,,,Domingo,False,False,Chuvoso,9.6,,,AIS 29,NORDESTE
2.0,AIS 29,,,,Aracati,,Sim,2026-03-15,,,,11:53:39,76002.0,4399800.0,,-4.5270909914,-37.6968219572,Via do Estevão 2,,cvp,ROUBO A PESSOA,,,Domingo,False,False,Chuvoso,9.6,,,AIS 29,NORDESTE
2.0,AIS 29,,,,Aracati,,Sim,2026-03-15,,,,11:53:39,76226.0,4399800.0,,-4.5270909914,-37.6968219572,Via do Estevão 2,,cvp,ROUBO A PESSOA,,,Domingo,False,False,Chuvoso,9.6,,,AIS 29,NORDESTE
2.0,AIS 29,,,,Aracati,,Sim,2026-03-15,,,,11:53:39,76501.0,4399800.0,,-4.5270909914,-37.6968219572,Via do Estevão 2,,cvp,ROUBO A PESSOA,,,Domingo,False,False,Chuvoso,9.6,,,AIS 29,NORDESTE
2.0,AIS 29,,,,Aracati,,Sim,2026-03-15,,,,11:53:39,76894.0,4399800.0,,-4.5270909914,-37.6968219572,Via do Estevão 2,,cvp,ROUBO A PESSOA,,,Domingo,False,False,Chuvoso,9.6,,,AIS 29,NORDESTE
2.0,AIS 23,,,PARAIPABA,Paraipaba,,Sim,2026-03-14,,,,08:16:11,76001.0,4399817.0,,-3.4319597266,-39.1450462418,Rua Maria Clarice Moreira,,cvp,ROUBO A PESSOA,,,Sábado,False,False,Chuvoso,5.9,,,AIS 23,RMF OESTE
2.0,AIS 23,,,PARAIPABA,Paraipaba,,Sim,2026-03-14,,,,08:16:11,76224.0,4399817.0,,-3.4319597266,-39.1450462418,Rua Maria Clarice Moreira,,cvp,ROUBO A PESSOA,,,Sábado,False,False,Chuvoso,5.9,,,AIS 23,RMF OESTE
2.0,AIS 23,,,PARAIPABA,Paraipaba,,Sim,2026-03-14,,,,08:16:11,76498.0,4399817.0,,-3.4319597266,-39.1450462418,Rua Maria Clarice Moreira,,cvp,ROUBO A PESSOA,,,Sábado,False,False,Chuvoso,5.9,,,AIS 23,RMF OESTE
2.0,AIS 23,,,PARAIPABA,Paraipaba,,Sim,2026-03-14,,,,08:16:11,76880.0,4399817.0,,-3.4319597266,-39.1450462418,Rua Maria Clarice Moreira,,cvp,ROUBO A PESSOA,,,Sábado,False,False,Chuvoso,5.9,,,AIS 23,RMF OESTE
2.0,AIS 21,,,CAMBEBA,Fortaleza,,Sim,2026-03-14,,,,20:21:03,76000.0,4399752.0,,-3.8064968379,-38.4833784158,Rua São Raimundo,,cvp,ROUBO A PESSOA,,,Sábado,False,False,Chuvoso,5.9,,,AIS 21,CAPITAL OESTE
2.0,AIS 21,,,CAMBEBA,Fortaleza,,Sim,2026-03-14,,,,20:21:03,76221.0,4399752.0,,-3.8064968379,-38.4833784158,Rua São Raimundo,,cvp,ROUBO A PESSOA,,,Sábado,False,False,Chuvoso,5.9,,,AIS 21,CAPITAL OESTE
2.0,AIS 21,,,CAMBEBA,Fortaleza,,Sim,2026-03-14,,,,20:21:03,76497.0,4399752.0,,-3.8064968379,-38.4833784158,Rua São Raimundo,,cvp,ROUBO A PESSOA,,,Sábado,False,False,Chuvoso,5.9,,,AIS 21,CAPITAL OESTE
2.0,AIS 21,,,CAMBEBA,Fortaleza,,Sim,2026-03-14,,,,20:21:03,76879.0,4399752.0,,-3.8064968379,-38.4833784158,Rua São Raimundo,,cvp,ROUBO A PESSOA,,,Sábado,False,False,Chuvoso,5.9,,,AIS 21,CAPITAL OESTE
2.0,,,,GENTILÂNDIA,Fortaleza,,Sim,2026-03-14,,,,05:44:11,75999.0,4399744.0,,-3.7440568663,-38.5385829993,Rua João Gentil,,cvp,ROUBO A PESSOA,,,Sábado,False,False,Chuvoso,5.9,,,AIS 21,
2.0,,,,GENTILÂNDIA,Fortaleza,,Sim,2026-03-14,,,,05:44:11,76223.0,4399744.0,,-3.7440568663,-38.5385829993,Rua João Gentil,,cvp,ROUBO A PESSOA,,,Sábado,False,False,Chuvoso,5.9,,,AIS 21,
2.0,,,,GENTILÂNDIA,Fortaleza,,Sim,2026-03-14,,,,05:44:11,76499.0,4399744.0,,-3.7440568663,-38.5385829993,Rua João Gentil,,cvp,ROUBO A PESSOA,,,Sábado,False,False,Chuvoso,5.9,,,AIS 21,
2.0,,,,GENTILÂNDIA,Fortaleza,,Sim,2026-03-14,,,,05:44:11,76875.0,4399744.0,,-3.7440568663,-38.5385829993,Rua João Gentil,,cvp,ROUBO A PESSOA,,,Sábado,False,False,Chuvoso,5.9,,,AIS 21,
2.0,AIS 08,,,PRAIA DE IRACEMA,Fortaleza,,Sim,2026-03-14,,,,17:36:55,75998.0,4399750.0,,-3.7192465494,-38.5138886066,Calçadão da Beira Mar,,cvp,ROUBO A PESSOA,,,Sábado,False,False,Chuvoso,5.9,,,AIS 08,CAPITAL LESTE
2.0,AIS 08,,,PRAIA DE IRACEMA,Fortaleza,,Sim,2026-03-14,,,,17:36:55,76220.0,4399750.0,,-3.7192465494,-38.5138886066,Calçadão da Beira Mar,,cvp,ROUBO A PESSOA,,,Sábado,False,False,Chuvoso,5.9,,,AIS 08,CAPITAL LESTE
2.0,AIS 08,,,PRAIA DE IRACEMA,Fortaleza,,Sim,2026-03-14,,,,17:36:55,76496.0,4399750.0,,-3.7192465494,-38.5138886066,Calçadão da Beira Mar,,cvp,ROUBO A PESSOA,,,Sábado,False,False,Chuvoso,5.9,,,AIS 08,CAPITAL LESTE
2.0,AIS 08,,,PRAIA DE IRACEMA,Fortaleza,,Sim,2026-03-14,,,,17:36:55,76877.0,4399750.0,,-3.7192465494,-38.5138886066,Calçadão da Beira Mar,,cvp,ROUBO A PESSOA,,,Sábado,False,False,Chuvoso,5.9,,,AIS 08,CAPITAL LESTE
2.0,AIS 08,,,VICENTE PINZÓN,Fortaleza,,Sim,2026-03-14,,,,12:31:18,75997.0,4399749.0,,-3.7273187668,-38.4727300559,Rua Lousano,,cvp,ROUBO A RESIDÊNCIA,,,Sábado,False,False,Chuvoso,5.9,,,AIS 08,CAPITAL LESTE
2.0,AIS 08,,,VICENTE PINZÓN,Fortaleza,,Sim,2026-03-14,,,,12:31:18,76222.0,4399749.0,,-3.7273187668,-38.4727300559,Rua Lousano,,cvp,ROUBO A RESIDÊNCIA,,,Sábado,False,False,Chuvoso,5.9,,,AIS 08,CAPITAL LESTE
2.0,AIS 08,,,VICENTE PINZÓN,Fortaleza,,Sim,2026-03-14,,,,12:31:18,76495.0,4399749.0,,-3.7273187668,-38.4727300559,Rua Lousano,,cvp,ROUBO A RESIDÊNCIA,,,Sábado,False,False,Chuvoso,5.9,,,AIS 08,CAPITAL LESTE
2.0,AIS 08,,,VICENTE PINZÓN,Fortaleza,,Sim,2026-03-14,,,,12:31:18,76876.0,4399749.0,,-3.7273187668,-38.4727300559,Rua Lousano,,cvp,ROUBO A RESIDÊNCIA,,,Sábado,False,False,Chuvoso,5.9,,,AIS 08,CAPITAL LESTE
2.0,AIS 05,,,JOSÉ BONIFÁCIO,Fortaleza,,Sim,2026-03-14,,,,03:45:46,75996.0,4399743.0,,-3.7419148349,-38.5237994919,Rua Lauro Maia,,cvp,ROUBO A PESSOA,,,Sábado,False,False,Chuvoso,5.9,,,AIS 21,CAPITAL OESTE
2.0,AIS 05,,,JOSÉ BONIFÁCIO,Fortaleza,,Sim,2026-03-14,,,,03:45:46,76225.0,4399743.0,,-3.7419148349,-38.5237994919,Rua Lauro Maia,,cvp,ROUBO A PESSOA,,,Sábado,False,False,Chuvoso,5.9,,,AIS 21,CAPITAL OESTE
2.0,AIS 05,,,JOSÉ BONIFÁCIO,Fortaleza,,Sim,2026-03-14,,,,03:45:46,76500.0,4399743.0,,-3.7419148349,-38.5237994919,Rua Lauro Maia,,cvp,ROUBO A PESSOA,,,Sábado,False,False,Chuvoso,5.9,,,AIS 21,CAPITAL OESTE
2.0,AIS 05,,,JOSÉ BONIFÁCIO,Fortaleza,,Sim,2026-03-14,,,,03:45:46,76874.0,4399743.0,,-3.7419148349,-38.5237994919,Rua Lauro Maia,,cvp,ROUBO A PESSOA,,,Sábado,False,False,Chuvoso,5.9,,,AIS 21,CAPITAL OESTE
2.0,AIS 17,,,CANINDEZINHO,Fortaleza,,Sim,2026-03-14,,,,18:51:05,75995.0,4399751.0,,-3.8177651682,-38.6131615843,Rua Teresa,,cvp,ROUBO APLICATIVO DE TRANSPORTE,,,Sábado,False,False,Chuvoso,5.9,,,AIS 17,CAPITAL OESTE
2.0,AIS 17,,,CANINDEZINHO,Fortaleza,,Sim,2026-03-14,,,,18:51:05,76219.0,4399751.0,,-3.8177651682,-38.6131615843,Rua Teresa,,cvp,ROUBO APLICATIVO DE TRANSPORTE,,,Sábado,False,False,Chuvoso,5.9,,,AIS 17,CAPITAL OESTE
2.0,AIS 17,,,CANINDEZINHO,Fortaleza,,Sim,2026-03-14,,,,18:51:05,76494.0,4399751.0,,-3.8177651682,-38.6131615843,Rua Teresa,,cvp,ROUBO APLICATIVO DE TRANSPORTE,,,Sábado,False,False,Chuvoso,5.9,,,AIS 17,CAPITAL OESTE
2.0,AIS 17,,,CANINDEZINHO,Fortaleza,,Sim,2026-03-14,,,,18:51:05,76878.0,4399751.0,,-3.8177651682,-38.6131615843,Rua Teresa,,cvp,ROUBO APLICATIVO DE TRANSPORTE,,,Sábado,False,False,Chuvoso,5.9,,,AIS 17,CAPITAL OESTE
2.0,AIS 07,,,,Varjota,,Sim,2026-03-13,,,,18:50:34,75994.0,4399823.0,,-4.1939284085,-40.4763827921,Rua Clóvis Ximenes,,cvp,ROUBO A PESSOA,,,Sexta-feira,False,False,Nublado,2.6,,,AIS 07,NORTE
2.0,AIS 07,,,,Varjota,,Sim,2026-03-13,,,,18:50:34,76206.0,4399823.0,,-4.1939284085,-40.4763827921,Rua Clóvis Ximenes,,cvp,ROUBO A PESSOA,,,Sexta-feira,False,False,Nublado,2.6,,,AIS 07,NORTE
2.0,AIS 07,,,,Varjota,,Sim,2026-03-13,,,,18:50:34,76492.0,4399823.0,,-4.1939284085,-40.4763827921,Rua Clóvis Ximenes,,cvp,ROUBO A PESSOA,,,Sexta-feira,False,False,Nublado,2.6,,,AIS 07,NORTE
2.0,AIS 07,,,,Varjota,,Sim,2026-03-13,,,,18:50:34,76873.0,4399823.0,,-4.1939284085,-40.4763827921,Rua Clóvis Ximenes,,cvp,ROUBO A PESSOA,,,Sexta-feira,False,False,Nublado,2.6,,,AIS 07,NORTE
2.0,AIS 18,,,CENTRO,Fortaleza,,Sim,2026-03-13,,,,01:59:14,75993.0,4399724.0,,-3.7336648122,-38.5257044466,Rua General Clarindo de Queiroz,,cvp,ROUBO A PESSOA,,,Sexta-feira,False,False,Nublado,2.6,,,AIS 21,CAPITAL OESTE
2.0,AIS 18,,,CENTRO,Fortaleza,,Sim,2026-03-13,,,,01:59:14,76215.0,4399724.0,,-3.7336648122,-38.5257044466,Rua General Clarindo de Queiroz,,cvp,ROUBO A PESSOA,,,Sexta-feira,False,False,Nublado,2.6,,,AIS 21,CAPITAL OESTE
2.0,AIS 18,,,CENTRO,Fortaleza,,Sim,2026-03-13,,,,01:59:14,76479.0,4399724.0,,-3.7336648122,-38.5257044466,Rua General Clarindo de Queiroz,,cvp,ROUBO A PESSOA,,,Sexta-feira,False,False,Nublado,2.6,,,AIS 21,CAPITAL OESTE
2.0,AIS 18,,,CENTRO,Fortaleza,,Sim,2026-03-13,,,,01:59:14,76860.0,4399724.0,,-3.7336648122,-38.5257044466,Rua General Clarindo de Queiroz,,cvp,ROUBO A PESSOA,,,Sexta-feira,False,False,Nublado,2.6,,,AIS 21,CAPITAL OESTE
2.0,AIS 08,,,MUCURIPE,Fortaleza,,Sim,2026-03-13,,,,16:53:23,75992.0,4399733.0,,-3.7239581992,-38.4805448403,Avenida Almirante Henrique Sabóia,,cvp,ROUBO A PESSOA,,,Sexta-feira,False,False,Nublado,2.6,,,AIS 08,CAPITAL LESTE
2.0,AIS 08,,,MUCURIPE,Fortaleza,,Sim,2026-03-13,,,,16:53:23,76209.0,4399733.0,,-3.7239581992,-38.4805448403,Avenida Almirante Henrique Sabóia,,cvp,ROUBO A PESSOA,,,Sexta-feira,False,False,Nublado,2.6,,,AIS 08,CAPITAL LESTE
2.0,AIS 08,,,MUCURIPE,Fortaleza,,Sim,2026-03-13,,,,16:53:23,76485.0,4399733.0,,-3.7239581992,-38.4805448403,Avenida Almirante Henrique Sabóia,,cvp,ROUBO A PESSOA,,,Sexta-feira,False,False,Nublado,2.6,,,AIS 08,CAPITAL LESTE
2.0,AIS 08,,,MUCURIPE,Fortaleza,,Sim,2026-03-13,,,,16:53:23,76866.0,4399733.0,,-3.7239581992,-38.4805448403,Avenida Almirante Henrique Sabóia,,cvp,ROUBO A PESSOA,,,Sexta-feira,False,False,Nublado,2.6,,,AIS 08,CAPITAL LESTE
2.0,AIS 18,,,CENTRO,Fortaleza,,Sim,2026-03-13,,,,13:25:30,75991.0,4399730.0,,-3.7335664168,-38.5161694715,Residencial Raimundo Pinheiro Peixoto Filho,,cvp,ROUBO A PESSOA,,,Sexta-feira,False,False,Nublado,2.6,,,AIS 21,CAPITAL OESTE
2.0,AIS 18,,,CENTRO,Fortaleza,,Sim,2026-03-13,,,,13:25:30,76216.0,4399730.0,,-3.7335664168,-38.5161694715,Residencial Raimundo Pinheiro Peixoto Filho,,cvp,ROUBO A PESSOA,,,Sexta-feira,False,False,Nublado,2.6,,,AIS 21,CAPITAL OESTE
2.0,AIS 18,,,CENTRO,Fortaleza,,Sim,2026-03-13,,,,13:25:30,76484.0,4399730.0,,-3.7335664168,-38.5161694715,Residencial Raimundo Pinheiro Peixoto Filho,,cvp,ROUBO A PESSOA,,,Sexta-feira,False,False,Nublado,2.6,,,AIS 21,CAPITAL OESTE
2.0,AIS 18,,,CENTRO,Fortaleza,,Sim,2026-03-13,,,,13:25:30,76865.0,4399730.0,,-3.7335664168,-38.5161694715,Residencial Raimundo Pinheiro Peixoto Filho,,cvp,ROUBO A PESSOA,,,Sexta-feira,False,False,Nublado,2.6,,,AIS 21,CAPITAL OESTE
2.0,AIS 08,,,PRAIA DE IRACEMA,Fortaleza,,Sim,2026-03-13,,,,12:43:58,75990.0,4399729.0,,-3.7197589898,-38.5116765419,Calçadão da Beira Mar,,cvp,ROUBO A PESSOA,,,Sexta-feira,False,False,Nublado,2.6,,,AIS 08,CAPITAL LESTE
2.0,AIS 08,,,PRAIA DE IRACEMA,Fortaleza,,Sim,2026-03-13,,,,12:43:58,76218.0,4399729.0,,-3.7197589898,-38.5116765419,Calçadão da Beira Mar,,cvp,ROUBO A PESSOA,,,Sexta-feira,False,False,Nublado,2.6,,,AIS 08,CAPITAL LESTE
2.0,AIS 08,,,PRAIA DE IRACEMA,Fortaleza,,Sim,2026-03-13,,,,12:43:58,76483.0,4399729.0,,-3.7197589898,-38.5116765419,Calçadão da Beira Mar,,cvp,ROUBO A PESSOA,,,Sexta-feira,False,False,Nublado,2.6,,,AIS 08,CAPITAL LESTE
2.0,AIS 08,,,PRAIA DE IRACEMA,Fortaleza,,Sim,2026-03-13,,,,12:43:58,76864.0,4399729.0,,-3.7197589898,-38.5116765419,Calçadão da Beira Mar,,cvp,ROUBO A PESSOA,,,Sexta-feira,False,False,Nublado,2.6,,,AIS 08,CAPITAL LESTE
2.0,AIS 18,,,CENTRO,Fortaleza,,Sim,2026-03-13,,,,07:18:45,75989.0,4399728.0,,-3.727699837,-38.5197257433,Rua Costa Barros,,cvp,ROUBO A PESSOA,,,Sexta-feira,False,False,Nublado,2.6,,,AIS 21,CAPITAL OESTE
2.0,AIS 18,,,CENTRO,Fortaleza,,Sim,2026-03-13,,,,07:18:45,76217.0,4399728.0,,-3.727699837,-38.5197257433,Rua Costa Barros,,cvp,ROUBO A PESSOA,,,Sexta-feira,False,False,Nublado,2.6,,,AIS 21,CAPITAL OESTE
2.0,AIS 18,,,CENTRO,Fortaleza,,Sim,2026-03-13,,,,07:18:45,76482.0,4399728.0,,-3.727699837,-38.5197257433,Rua Costa Barros,,cvp,ROUBO A PESSOA,,,Sexta-feira,False,False,Nublado,2.6,,,AIS 21,CAPITAL OESTE
2.0,AIS 18,,,CENTRO,Fortaleza,,Sim,2026-03-13,,,,07:18:45,76863.0,4399728.0,,-3.727699837,-38.5197257433,Rua Costa Barros,,cvp,ROUBO A PESSOA,,,Sexta-feira,False,False,Nublado,2.6,,,AIS 21,CAPITAL OESTE
2.0,AIS 18,,,CENTRO,Fortaleza,,Sim,2026-03-13,,,,06:59:13,75988.0,4399727.0,,-3.7309357917,-38.5205183525,Rua Rodrigues Júnior,,cvp,ROUBO A PESSOA,,,Sexta-feira,False,False,Nublado,2.6,,,AIS 21,CAPITAL OESTE
2.0,AIS 18,,,CENTRO,Fortaleza,,Sim,2026-03-13,,,,06:59:13,76212.0,4399727.0,,-3.7309357917,-38.5205183525,Rua Rodrigues Júnior,,cvp,ROUBO A PESSOA,,,Sexta-feira,False,False,Nublado,2.6,,,AIS 21,CAPITAL OESTE
2.0,AIS 18,,,CENTRO,Fortaleza,,Sim,2026-03-13,,,,06:59:13,76481.0,4399727.0,,-3.7309357917,-38.5205183525,Rua Rodrigues Júnior,,cvp,ROUBO A PESSOA,,,Sexta-feira,False,False,Nublado,2.6,,,AIS 21,CAPITAL OESTE
2.0,AIS 18,,,CENTRO,Fortaleza,,Sim,2026-03-13,,,,06:59:13,76862.0,4399727.0,,-3.7309357917,-38.5205183525,Rua Rodrigues Júnior,,cvp,ROUBO A PESSOA,,,Sexta-feira,False,False,Nublado,2.6,,,AIS 21,CAPITAL OESTE
2.0,,,,JANGURURSSU,Fortaleza,,Sim,2026-03-13,,,,06:04:05,75987.0,4399726.0,,-3.842548607,-38.5151067817,Jangurussu,,cvp,ROUBO A PESSOA,,,Sexta-feira,False,False,Nublado,2.6,,,AIS 16,
2.0,,,,JANGURURSSU,Fortaleza,,Sim,2026-03-13,,,,06:04:05,76214.0,4399726.0,,-3.842548607,-38.5151067817,Jangurussu,,cvp,ROUBO A PESSOA,,,Sexta-feira,False,False,Nublado,2.6,,,AIS 16,
2.0,,,,JANGURURSSU,Fortaleza,,Sim,2026-03-13,,,,06:04:05,76480.0,4399726.0,,-3.842548607,-38.5151067817,Jangurussu,,cvp,ROUBO A PESSOA,,,Sexta-feira,False,False,Nublado,2.6,,,AIS 16,
2.0,,,,JANGURURSSU,Fortaleza,,Sim,2026-03-13,,,,06:04:05,76861.0,4399726.0,,-3.842548607,-38.5151067817,Jangurussu,,cvp,ROUBO A PESSOA,,,Sexta-feira,False,False,Nublado,2.6,,,AIS 16,
2.0,AIS 19,,,COCÓ,Fortaleza,,Sim,2026-03-13,,,,21:03:06,75986.0,4399739.0,,-3.7478969406,-38.4900771509,Avenida Engenheiro Santana Júnior,,cvp,ROUBO A PESSOA,,,Sexta-feira,False,False,Nublado,2.6,,,AIS 21,CAPITAL LESTE
2.0,AIS 19,,,COCÓ,Fortaleza,,Sim,2026-03-13,,,,21:03:06,76204.0,4399739.0,,-3.7478969406,-38.4900771509,Avenida Engenheiro Santana Júnior,,cvp,ROUBO A PESSOA,,,Sexta-feira,False,False,Nublado,2.6,,,AIS 21,CAPITAL LESTE
2.0,AIS 19,,,COCÓ,Fortaleza,,Sim,2026-03-13,,,,21:03:06,76488.0,4399739.0,,-3.7478969406,-38.4900771509,Avenida Engenheiro Santana Júnior,,cvp,ROUBO A PESSOA,,,Sexta-feira,False,False,Nublado,2.6,,,AIS 21,CAPITAL LESTE
2.0,AIS 19,,,COCÓ,Fortaleza,,Sim,2026-03-13,,,,21:03:06,76869.0,4399739.0,,-3.7478969406,-38.4900771509,Avenida Engenheiro Santana Júnior,,cvp,ROUBO A PESSOA,,,Sexta-feira,False,False,Nublado,2.6,,,AIS 21,CAPITAL LESTE
2.0,AIS 06,,,ANTONIO BEZERRA,Caucaia,,Sim,2026-03-13,,,,10:28:19,75985.0,4399507.0,,-3.7565814655,-38.6243667072,Rua Jorge Guimarães,,cvp,ROUBO A PESSOA,,,Sexta-feira,False,False,Nublado,2.6,,,AIS 06,CAPITAL OESTE
2.0,AIS 06,,,ANTONIO BEZERRA,Caucaia,,Sim,2026-03-13,,,,10:28:19,76211.0,4399507.0,,-3.7565814655,-38.6243667072,Rua Jorge Guimarães,,cvp,ROUBO A PESSOA,,,Sexta-feira,False,False,Nublado,2.6,,,AIS 06,CAPITAL OESTE
2.0,AIS 06,,,ANTONIO BEZERRA,Caucaia,,Sim,2026-03-13,,,,10:28:19,76491.0,4399507.0,,-3.7565814655,-38.6243667072,Rua Jorge Guimarães,,cvp,ROUBO A PESSOA,,,Sexta-feira,False,False,Nublado,2.6,,,AIS 06,CAPITAL OESTE
2.0,AIS 06,,,ANTONIO BEZERRA,Caucaia,,Sim,2026-03-13,,,,10:28:19,76858.0,4399507.0,,-3.7565814655,-38.6243667072,Rua Jorge Guimarães,,cvp,ROUBO A PESSOA,,,Sexta-feira,False,False,Nublado,2.6,,,AIS 06,CAPITAL OESTE
2.0,AIS 06,,,ANTONIO BEZERRA,Caucaia,,Sim,2026-03-13,,,,13:50:29,75984.0,4399508.0,,-3.7694623692,-38.6173078558,Avenida J,,cvp,ROUBO A PESSOA,,,Sexta-feira,False,False,Nublado,2.6,,,AIS 06,CAPITAL OESTE
2.0,AIS 06,,,ANTONIO BEZERRA,Caucaia,,Sim,2026-03-13,,,,13:50:29,76213.0,4399508.0,,-3.7694623692,-38.6173078558,Avenida J,,cvp,ROUBO A PESSOA,,,Sexta-feira,False,False,Nublado,2.6,,,AIS 06,CAPITAL OESTE
2.0,AIS 06,,,ANTONIO BEZERRA,Caucaia,,Sim,2026-03-13,,,,13:50:29,76490.0,4399508.0,,-3.7694623692,-38.6173078558,Avenida J,,cvp,ROUBO A PESSOA,,,Sexta-feira,False,False,Nublado,2.6,,,AIS 06,CAPITAL OESTE
2.0,AIS 06,,,ANTONIO BEZERRA,Caucaia,,Sim,2026-03-13,,,,13:50:29,76859.0,4399508.0,,-3.7694623692,-38.6173078558,Avenida J,,cvp,ROUBO A PESSOA,,,Sexta-feira,False,False,Nublado,2.6,,,AIS 06,CAPITAL OESTE
2.0,AIS 20,,,MONDUBIM,Fortaleza,,Sim,2026-03-13,,,,22:11:37,75983.0,4399740.0,,-3.820541236,-38.5855124637,Rua F,,cvp,ROUBO A PESSOA,,,Sexta-feira,False,False,Nublado,2.6,,,AIS 17,CAPITAL OESTE
2.0,AIS 20,,,MONDUBIM,Fortaleza,,Sim,2026-03-13,,,,22:11:37,76205.0,4399740.0,,-3.820541236,-38.5855124637,Rua F,,cvp,ROUBO A PESSOA,,,Sexta-feira,False,False,Nublado,2.6,,,AIS 17,CAPITAL OESTE
2.0,AIS 20,,,MONDUBIM,Fortaleza,,Sim,2026-03-13,,,,22:11:37,76478.0,4399740.0,,-3.820541236,-38.5855124637,Rua F,,cvp,ROUBO A PESSOA,,,Sexta-feira,False,False,Nublado,2.6,,,AIS 17,CAPITAL OESTE
2.0,AIS 20,,,MONDUBIM,Fortaleza,,Sim,2026-03-13,,,,22:11:37,76870.0,4399740.0,,-3.820541236,-38.5855124637,Rua F,,cvp,ROUBO A PESSOA,,,Sexta-feira,False,False,Nublado,2.6,,,AIS 17,CAPITAL OESTE
2.0,AIS 08,,,ALDEOTA,Fortaleza,,Sim,2026-03-13,,,,18:14:35,75982.0,4399734.0,,-3.7342912445,-38.5061463196,Avenida Barão de Studart,,cvp,ROUBO A FARMÁCIA,,,Sexta-feira,False,False,Nublado,2.6,,,AIS 21,CAPITAL LESTE
2.0,AIS 08,,,ALDEOTA,Fortaleza,,Sim,2026-03-13,,,,18:14:35,76210.0,4399734.0,,-3.7342912445,-38.5061463196,Avenida Barão de Studart,,cvp,ROUBO A FARMÁCIA,,,Sexta-feira,False,False,Nublado,2.6,,,AIS 21,CAPITAL LESTE
2.0,AIS 08,,,ALDEOTA,Fortaleza,,Sim,2026-03-13,,,,18:14:35,76486.0,4399734.0,,-3.7342912445,-38.5061463196,Avenida Barão de Studart,,cvp,ROUBO A FARMÁCIA,,,Sexta-feira,False,False,Nublado,2.6,,,AIS 21,CAPITAL LESTE
2.0,AIS 08,,,ALDEOTA,Fortaleza,,Sim,2026-03-13,,,,18:14:35,76867.0,4399734.0,,-3.7342912445,-38.5061463196,Avenida Barão de Studart,,cvp,ROUBO A FARMÁCIA,,,Sexta-feira,False,False,Nublado,2.6,,,AIS 21,CAPITAL LESTE
2.0,AIS 18,,,CENTRO,Fortaleza,,Sim,2026-03-13,,,,19:53:21,75981.0,4399738.0,,-3.7269443296,-38.5341092431,Avenida Imperador,,cvp,ROUBO A PESSOA,,,Sexta-feira,False,False,Nublado,2.6,,,AIS 05,CAPITAL OESTE
2.0,AIS 18,,,CENTRO,Fortaleza,,Sim,2026-03-13,,,,19:53:21,76203.0,4399738.0,,-3.7269443296,-38.5341092431,Avenida Imperador,,cvp,ROUBO A PESSOA,,,Sexta-feira,False,False,Nublado,2.6,,,AIS 05,CAPITAL OESTE
2.0,AIS 18,,,CENTRO,Fortaleza,,Sim,2026-03-13,,,,19:53:21,76487.0,4399738.0,,-3.7269443296,-38.5341092431,Avenida Imperador,,cvp,ROUBO A PESSOA,,,Sexta-feira,False,False,Nublado,2.6,,,AIS 05,CAPITAL OESTE
2.0,AIS 18,,,CENTRO,Fortaleza,,Sim,2026-03-13,,,,19:53:21,76868.0,4399738.0,,-3.7269443296,-38.5341092431,Avenida Imperador,,cvp,ROUBO A PESSOA,,,Sexta-feira,False,False,Nublado,2.6,,,AIS 05,CAPITAL OESTE
2.0,AIS 10,,,IGUATU,Iguatu,,Sim,2026-03-13,,,,14:42:21,75980.0,4399808.0,,-6.3554971685,-39.2977737522,Rua Júlio Cavalvante,,cvp,ROUBO A PESSOA,,,Sexta-feira,False,False,Nublado,2.6,,,AIS 10,SUL
2.0,AIS 10,,,IGUATU,Iguatu,,Sim,2026-03-13,,,,14:42:21,76208.0,4399808.0,,-6.3554971685,-39.2977737522,Rua Júlio Cavalvante,,cvp,ROUBO A PESSOA,,,Sexta-feira,False,False,Nublado,2.6,,,AIS 10,SUL
2.0,AIS 10,,,IGUATU,Iguatu,,Sim,2026-03-13,,,,14:42:21,76489.0,4399808.0,,-6.3554971685,-39.2977737522,Rua Júlio Cavalvante,,cvp,ROUBO A PESSOA,,,Sexta-feira,False,False,Nublado,2.6,,,AIS 10,SUL
2.0,AIS 10,,,IGUATU,Iguatu,,Sim,2026-03-13,,,,14:42:21,76871.0,4399808.0,,-6.3554971685,-39.2977737522,Rua Júlio Cavalvante,,cvp,ROUBO A PESSOA,,,Sexta-feira,False,False,Nublado,2.6,,,AIS 10,SUL
2.0,AIS 09,,,,Russas,,Sim,2026-03-13,,,,16:54:27,75979.0,4399819.0,,-4.931730469,-37.972309372,Rua São José,,cvp,ROUBO A PESSOA,,,Sexta-feira,False,False,Nublado,2.6,,,AIS 09,SUDESTE
2.0,AIS 09,,,,Russas,,Sim,2026-03-13,,,,16:54:27,76207.0,4399819.0,,-4.931730469,-37.972309372,Rua São José,,cvp,ROUBO A PESSOA,,,Sexta-feira,False,False,Nublado,2.6,,,AIS 09,SUDESTE
2.0,AIS 09,,,,Russas,,Sim,2026-03-13,,,,16:54:27,76493.0,4399819.0,,-4.931730469,-37.972309372,Rua São José,,cvp,ROUBO A PESSOA,,,Sexta-feira,False,False,Nublado,2.6,,,AIS 09,SUDESTE
2.0,AIS 09,,,,Russas,,Sim,2026-03-13,,,,16:54:27,76872.0,4399819.0,,-4.931730469,-37.972309372,Rua São José,,cvp,ROUBO A PESSOA,,,Sexta-feira,False,False,Nublado,2.6,,,AIS 09,SUDESTE
2.0,AIS 17,,,CANINDEZINHO,Maracanaú,,Sim,2026-03-12,,,,13:49:15,75978.0,4399793.0,,-3.8448504505,-38.5862429986,Rua São Bento,,cvp,ROUBO A PESSOA C/ CONSTRANGIMENTO DA LIBERDADE,,,Quinta-feira,False,False,Nublado,0.6,,,AIS 17,CAPITAL OESTE
2.0,AIS 17,,,CANINDEZINHO,Maracanaú,,Sim,2026-03-12,,,,13:49:15,76202.0,4399793.0,,-3.8448504505,-38.5862429986,Rua São Bento,,cvp,ROUBO A PESSOA C/ CONSTRANGIMENTO DA LIBERDADE,,,Quinta-feira,False,False,Nublado,0.6,,,AIS 17,CAPITAL OESTE
2.0,AIS 17,,,CANINDEZINHO,Maracanaú,,Sim,2026-03-12,,,,13:49:15,76468.0,4399793.0,,-3.8448504505,-38.5862429986,Rua São Bento,,cvp,ROUBO A PESSOA C/ CONSTRANGIMENTO DA LIBERDADE,,,Quinta-feira,False,False,Nublado,0.6,,,AIS 17,CAPITAL OESTE
2.0,AIS 17,,,CANINDEZINHO,Maracanaú,,Sim,2026-03-12,,,,13:49:15,76857.0,4399793.0,,-3.8448504505,-38.5862429986,Rua São Bento,,cvp,ROUBO A PESSOA C/ CONSTRANGIMENTO DA LIBERDADE,,,Quinta-feira,False,False,Nublado,0.6,,,AIS 17,CAPITAL OESTE
2.0,AIS 06,,,QUINTINO CUNHA,Fortaleza,,Sim,2026-03-12,,,,20:47:08,75977.0,4399722.0,,-3.7279157365,-38.5914210761,Rua Doutor José Goiana,,cvp,ROUBO A PESSOA,,,Quinta-feira,False,False,Nublado,0.6,,,AIS 06,CAPITAL OESTE
2.0,AIS 06,,,QUINTINO CUNHA,Fortaleza,,Sim,2026-03-12,,,,20:47:08,76196.0,4399722.0,,-3.7279157365,-38.5914210761,Rua Doutor José Goiana,,cvp,ROUBO A PESSOA,,,Quinta-feira,False,False,Nublado,0.6,,,AIS 06,CAPITAL OESTE
2.0,AIS 06,,,QUINTINO CUNHA,Fortaleza,,Sim,2026-03-12,,,,20:47:08,76467.0,4399722.0,,-3.7279157365,-38.5914210761,Rua Doutor José Goiana,,cvp,ROUBO A PESSOA,,,Quinta-feira,False,False,Nublado,0.6,,,AIS 06,CAPITAL OESTE
2.0,AIS 06,,,QUINTINO CUNHA,Fortaleza,,Sim,2026-03-12,,,,20:47:08,76856.0,4399722.0,,-3.7279157365,-38.5914210761,Rua Doutor José Goiana,,cvp,ROUBO A PESSOA,,,Quinta-feira,False,False,Nublado,0.6,,,AIS 06,CAPITAL OESTE
2.0,AIS 06,,,JÓQUEI CLUBE,Fortaleza,,Sim,2026-03-12,,,,18:34:31,75976.0,4399718.0,,-3.7642741517,-38.5743048826,Rua Professor Manoel Lourenço,,cvp,ROUBO A PESSOA,,,Quinta-feira,False,False,Nublado,0.6,,,AIS 05,CAPITAL OESTE
2.0,AIS 06,,,JÓQUEI CLUBE,Fortaleza,,Sim,2026-03-12,,,,18:34:31,76195.0,4399718.0,,-3.7642741517,-38.5743048826,Rua Professor Manoel Lourenço,,cvp,ROUBO A PESSOA,,,Quinta-feira,False,False,Nublado,0.6,,,AIS 05,CAPITAL OESTE
2.0,AIS 06,,,JÓQUEI CLUBE,Fortaleza,,Sim,2026-03-12,,,,18:34:31,76477.0,4399718.0,,-3.7642741517,-38.5743048826,Rua Professor Manoel Lourenço,,cvp,ROUBO A PESSOA,,,Quinta-feira,False,False,Nublado,0.6,,,AIS 05,CAPITAL OESTE
2.0,AIS 06,,,JÓQUEI CLUBE,Fortaleza,,Sim,2026-03-12,,,,18:34:31,76855.0,4399718.0,,-3.7642741517,-38.5743048826,Rua Professor Manoel Lourenço,,cvp,ROUBO A PESSOA,,,Quinta-feira,False,False,Nublado,0.6,,,AIS 05,CAPITAL OESTE
2.0,AIS 21,,,AEROLÂNDIA,Fortaleza,,Sim,2026-03-12,,,,17:32:21,75975.0,4399717.0,,-3.772886225,-38.5123257672,Avenida Governador Raul Barbosa,,cvp,ROUBO A PESSOA,,,Quinta-feira,False,False,Nublado,0.6,,,AIS 21,CAPITAL OESTE
2.0,AIS 21,,,AEROLÂNDIA,Fortaleza,,Sim,2026-03-12,,,,17:32:21,76194.0,4399717.0,,-3.772886225,-38.5123257672,Avenida Governador Raul Barbosa,,cvp,ROUBO A PESSOA,,,Quinta-feira,False,False,Nublado,0.6,,,AIS 21,CAPITAL OESTE
2.0,AIS 21,,,AEROLÂNDIA,Fortaleza,,Sim,2026-03-12,,,,17:32:21,76476.0,4399717.0,,-3.772886225,-38.5123257672,Avenida Governador Raul Barbosa,,cvp,ROUBO A PESSOA,,,Quinta-feira,False,False,Nublado,0.6,,,AIS 21,CAPITAL OESTE
2.0,AIS 21,,,AEROLÂNDIA,Fortaleza,,Sim,2026-03-12,,,,17:32:21,76854.0,4399717.0,,-3.772886225,-38.5123257672,Avenida Governador Raul Barbosa,,cvp,ROUBO A PESSOA,,,Quinta-feira,False,False,Nublado,0.6,,,AIS 21,CAPITAL OESTE
2.0,AIS 05,,,SERRINHA,Fortaleza,,Sim,2026-03-12,,,,17:09:37,75974.0,4399716.0,,-3.7890496925,-38.5425876932,Rua Duarte Pimentel,,cvp,ROUBO A PESSOA,,,Quinta-feira,False,False,Nublado,0.6,,,AIS 21,CAPITAL OESTE
2.0,AIS 05,,,SERRINHA,Fortaleza,,Sim,2026-03-12,,,,17:09:37,76193.0,4399716.0,,-3.7890496925,-38.5425876932,Rua Duarte Pimentel,,cvp,ROUBO A PESSOA,,,Quinta-feira,False,False,Nublado,0.6,,,AIS 21,CAPITAL OESTE
2.0,AIS 05,,,SERRINHA,Fortaleza,,Sim,2026-03-12,,,,17:09:37,76475.0,4399716.0,,-3.7890496925,-38.5425876932,Rua Duarte Pimentel,,cvp,ROUBO A PESSOA,,,Quinta-feira,False,False,Nublado,0.6,,,AIS 21,CAPITAL OESTE
2.0,AIS 05,,,SERRINHA,Fortaleza,,Sim,2026-03-12,,,,17:09:37,76853.0,4399716.0,,-3.7890496925,-38.5425876932,Rua Duarte Pimentel,,cvp,ROUBO A PESSOA,,,Quinta-feira,False,False,Nublado,0.6,,,AIS 21,CAPITAL OESTE
2.0,AIS 22,,,DIAS MACÊDO,Fortaleza,,Sim,2026-03-12,,,,14:26:26,75973.0,4399714.0,,-3.7822094539,-38.5144008372,Avenida Alberto Craveiro,,cvp,ROUBO A PESSOA,,,Quinta-feira,False,False,Nublado,0.6,,,AIS 21,CAPITAL LESTE
2.0,AIS 22,,,DIAS MACÊDO,Fortaleza,,Sim,2026-03-12,,,,14:26:26,76201.0,4399714.0,,-3.7822094539,-38.5144008372,Avenida Alberto Craveiro,,cvp,ROUBO A PESSOA,,,Quinta-feira,False,False,Nublado,0.6,,,AIS 21,CAPITAL LESTE
2.0,AIS 22,,,DIAS MACÊDO,Fortaleza,,Sim,2026-03-12,,,,14:26:26,76474.0,4399714.0,,-3.7822094539,-38.5144008372,Avenida Alberto Craveiro,,cvp,ROUBO A PESSOA,,,Quinta-feira,False,False,Nublado,0.6,,,AIS 21,CAPITAL LESTE
2.0,AIS 22,,,DIAS MACÊDO,Fortaleza,,Sim,2026-03-12,,,,14:26:26,76852.0,4399714.0,,-3.7822094539,-38.5144008372,Avenida Alberto Craveiro,,cvp,ROUBO A PESSOA,,,Quinta-feira,False,False,Nublado,0.6,,,AIS 21,CAPITAL LESTE
2.0,AIS 18,,,JACARECANGA,Fortaleza,,Sim,2026-03-12,,,,12:01:28,75972.0,4399711.0,,-3.7175630824,-38.546788116,Rua Professor Jurema,,cvp,ROUBO A PESSOA,,,Quinta-feira,False,False,Nublado,0.6,,,AIS 08,CAPITAL OESTE
2.0,AIS 18,,,JACARECANGA,Fortaleza,,Sim,2026-03-12,,,,12:01:28,76200.0,4399711.0,,-3.7175630824,-38.546788116,Rua Professor Jurema,,cvp,ROUBO A PESSOA,,,Quinta-feira,False,False,Nublado,0.6,,,AIS 08,CAPITAL OESTE
2.0,AIS 18,,,JACARECANGA,Fortaleza,,Sim,2026-03-12,,,,12:01:28,76471.0,4399711.0,,-3.7175630824,-38.546788116,Rua Professor Jurema,,cvp,ROUBO A PESSOA,,,Quinta-feira,False,False,Nublado,0.6,,,AIS 08,CAPITAL OESTE
2.0,AIS 18,,,JACARECANGA,Fortaleza,,Sim,2026-03-12,,,,12:01:28,76850.0,4399711.0,,-3.7175630824,-38.546788116,Rua Professor Jurema,,cvp,ROUBO A PESSOA,,,Quinta-feira,False,False,Nublado,0.6,,,AIS 08,CAPITAL OESTE
2.0,AIS 08,,,MEIRELES,Fortaleza,,Sim,2026-03-12,,,,11:33:43,75971.0,4399710.0,,-3.7226590102,-38.5091537329,Rua Barão de Aracati,,cvp,ROUBO A PESSOA,,,Quinta-feira,False,False,Nublado,0.6,,,AIS 08,CAPITAL LESTE
2.0,AIS 08,,,MEIRELES,Fortaleza,,Sim,2026-03-12,,,,11:33:43,76199.0,4399710.0,,-3.7226590102,-38.5091537329,Rua Barão de Aracati,,cvp,ROUBO A PESSOA,,,Quinta-feira,False,False,Nublado,0.6,,,AIS 08,CAPITAL LESTE
2.0,AIS 08,,,MEIRELES,Fortaleza,,Sim,2026-03-12,,,,11:33:43,76472.0,4399710.0,,-3.7226590102,-38.5091537329,Rua Barão de Aracati,,cvp,ROUBO A PESSOA,,,Quinta-feira,False,False,Nublado,0.6,,,AIS 08,CAPITAL LESTE
2.0,AIS 08,,,MEIRELES,Fortaleza,,Sim,2026-03-12,,,,11:33:43,76849.0,4399710.0,,-3.7226590102,-38.5091537329,Rua Barão de Aracati,,cvp,ROUBO A PESSOA,,,Quinta-feira,False,False,Nublado,0.6,,,AIS 08,CAPITAL LESTE
2.0,,,,JANGURURSSU,Fortaleza,,Sim,2026-03-12,,,,10:43:35,75970.0,4399709.0,,-3.8393349602,-38.5163284366,Rua Muira,,cvp,ROUBO A PESSOA,,,Quinta-feira,False,False,Nublado,0.6,,,AIS 16,
2.0,,,,JANGURURSSU,Fortaleza,,Sim,2026-03-12,,,,10:43:35,76198.0,4399709.0,,-3.8393349602,-38.5163284366,Rua Muira,,cvp,ROUBO A PESSOA,,,Quinta-feira,False,False,Nublado,0.6,,,AIS 16,
2.0,,,,JANGURURSSU,Fortaleza,,Sim,2026-03-12,,,,10:43:35,76470.0,4399709.0,,-3.8393349602,-38.5163284366,Rua Muira,,cvp,ROUBO A PESSOA,,,Quinta-feira,False,False,Nublado,0.6,,,AIS 16,
2.0,,,,JANGURURSSU,Fortaleza,,Sim,2026-03-12,,,,10:43:35,76848.0,4399709.0,,-3.8393349602,-38.5163284366,Rua Muira,,cvp,ROUBO A PESSOA,,,Quinta-feira,False,False,Nublado,0.6,,,AIS 16,
2.0,AIS 08,,,MEIRELES,Fortaleza,,Sim,2026-03-12,,,,05:38:52,75969.0,4399708.0,,-3.7331328592,-38.4932127107,Rua Coronel Linhares,,cvp,ROUBO A PESSOA,,,Quinta-feira,False,False,Nublado,0.6,,,AIS 21,CAPITAL LESTE
2.0,AIS 08,,,MEIRELES,Fortaleza,,Sim,2026-03-12,,,,05:38:52,76197.0,4399708.0,,-3.7331328592,-38.4932127107,Rua Coronel Linhares,,cvp,ROUBO A PESSOA,,,Quinta-feira,False,False,Nublado,0.6,,,AIS 21,CAPITAL LESTE
2.0,AIS 08,,,MEIRELES,Fortaleza,,Sim,2026-03-12,,,,05:38:52,76469.0,4399708.0,,-3.7331328592,-38.4932127107,Rua Coronel Linhares,,cvp,ROUBO A PESSOA,,,Quinta-feira,False,False,Nublado,0.6,,,AIS 21,CAPITAL LESTE
2.0,AIS 08,,,MEIRELES,Fortaleza,,Sim,2026-03-12,,,,05:38:52,76847.0,4399708.0,,-3.7331328592,-38.4932127107,Rua Coronel Linhares,,cvp,ROUBO A PESSOA,,,Quinta-feira,False,False,Nublado,0.6,,,AIS 21,CAPITAL LESTE
2.0,AIS 06,,,PARQUELÂNDIA,Fortaleza,,Sim,2026-03-12,,,,13:36:16,75968.0,4399712.0,,-3.7364658785,-38.5649873671,Rua Tipógrafo Sales,,cvp,ROUBO A PESSOA,,,Quinta-feira,False,False,Nublado,0.6,,,AIS 06,CAPITAL OESTE
2.0,AIS 06,,,PARQUELÂNDIA,Fortaleza,,Sim,2026-03-12,,,,13:36:16,76192.0,4399712.0,,-3.7364658785,-38.5649873671,Rua Tipógrafo Sales,,cvp,ROUBO A PESSOA,,,Quinta-feira,False,False,Nublado,0.6,,,AIS 06,CAPITAL OESTE
2.0,AIS 06,,,PARQUELÂNDIA,Fortaleza,,Sim,2026-03-12,,,,13:36:16,76473.0,4399712.0,,-3.7364658785,-38.5649873671,Rua Tipógrafo Sales,,cvp,ROUBO A PESSOA,,,Quinta-feira,False,False,Nublado,0.6,,,AIS 06,CAPITAL OESTE
2.0,AIS 06,,,PARQUELÂNDIA,Fortaleza,,Sim,2026-03-12,,,,13:36:16,76851.0,4399712.0,,-3.7364658785,-38.5649873671,Rua Tipógrafo Sales,,cvp,ROUBO A PESSOA,,,Quinta-feira,False,False,Nublado,0.6,,,AIS 06,CAPITAL OESTE
2.0,AIS 06,,,PADRE ANDRADE,Fortaleza,,Sim,2026-03-11,,,,07:55:44,75967.0,4399702.0,,-3.7327549669,-38.5800695821,Rua Francisco Uchôa,,cvp,ROUBO A PESSOA,,,Quarta-feira,False,False,Nublado,2.4,,,AIS 06,CAPITAL OESTE
2.0,AIS 06,,,PADRE ANDRADE,Fortaleza,,Sim,2026-03-11,,,,07:55:44,76191.0,4399702.0,,-3.7327549669,-38.5800695821,Rua Francisco Uchôa,,cvp,ROUBO A PESSOA,,,Quarta-feira,False,False,Nublado,2.4,,,AIS 06,CAPITAL OESTE
2.0,AIS 06,,,PADRE ANDRADE,Fortaleza,,Sim,2026-03-11,,,,07:55:44,76459.0,4399702.0,,-3.7327549669,-38.5800695821,Rua Francisco Uchôa,,cvp,ROUBO A PESSOA,,,Quarta-feira,False,False,Nublado,2.4,,,AIS 06,CAPITAL OESTE
2.0,AIS 06,,,PADRE ANDRADE,Fortaleza,,Sim,2026-03-11,,,,07:55:44,76839.0,4399702.0,,-3.7327549669,-38.5800695821,Rua Francisco Uchôa,,cvp,ROUBO A PESSOA,,,Quarta-feira,False,False,Nublado,2.4,,,AIS 06,CAPITAL OESTE
2.0,AIS 18,,,SÃO GERARDO,Fortaleza,,Sim,2026-03-11,,,,07:39:30,75966.0,4399701.0,,-3.7330142084,-38.5608085489,Rua Aluísio Eleutério,,cvp,ROUBO A PESSOA,,,Quarta-feira,False,False,Nublado,2.4,,,AIS 06,CAPITAL OESTE
2.0,AIS 18,,,SÃO GERARDO,Fortaleza,,Sim,2026-03-11,,,,07:39:30,76183.0,4399701.0,,-3.7330142084,-38.5608085489,Rua Aluísio Eleutério,,cvp,ROUBO A PESSOA,,,Quarta-feira,False,False,Nublado,2.4,,,AIS 06,CAPITAL OESTE
2.0,AIS 18,,,SÃO GERARDO,Fortaleza,,Sim,2026-03-11,,,,07:39:30,76461.0,4399701.0,,-3.7330142084,-38.5608085489,Rua Aluísio Eleutério,,cvp,ROUBO A PESSOA,,,Quarta-feira,False,False,Nublado,2.4,,,AIS 06,CAPITAL OESTE
2.0,AIS 18,,,SÃO GERARDO,Fortaleza,,Sim,2026-03-11,,,,07:39:30,76838.0,4399701.0,,-3.7330142084,-38.5608085489,Rua Aluísio Eleutério,,cvp,ROUBO A PESSOA,,,Quarta-feira,False,False,Nublado,2.4,,,AIS 06,CAPITAL OESTE
2.0,AIS 18,,,BARRA DO CEARÁ,Fortaleza,,Sim,2026-03-11,,,,17:29:06,75965.0,4399706.0,,-3.6998312312,-38.5875016157,Barra do Ceará,,cvp,ROUBO A PESSOA,,,Quarta-feira,False,False,Nublado,2.4,,,AIS 06,CAPITAL OESTE
2.0,AIS 18,,,BARRA DO CEARÁ,Fortaleza,,Sim,2026-03-11,,,,17:29:06,76187.0,4399706.0,,-3.6998312312,-38.5875016157,Barra do Ceará,,cvp,ROUBO A PESSOA,,,Quarta-feira,False,False,Nublado,2.4,,,AIS 06,CAPITAL OESTE
2.0,AIS 18,,,BARRA DO CEARÁ,Fortaleza,,Sim,2026-03-11,,,,17:29:06,76463.0,4399706.0,,-3.6998312312,-38.5875016157,Barra do Ceará,,cvp,ROUBO A PESSOA,,,Quarta-feira,False,False,Nublado,2.4,,,AIS 06,CAPITAL OESTE
2.0,AIS 18,,,BARRA DO CEARÁ,Fortaleza,,Sim,2026-03-11,,,,17:29:06,76844.0,4399706.0,,-3.6998312312,-38.5875016157,Barra do Ceará,,cvp,ROUBO A PESSOA,,,Quarta-feira,False,False,Nublado,2.4,,,AIS 06,CAPITAL OESTE
2.0,,,,JANGURURSSU,Fortaleza,,Sim,2026-03-11,,,,16:43:33,75964.0,4399705.0,,-3.8339533047,-38.5178862466,Avenida Bulevar 3,,cvp,ROUBO A PESSOA,,,Quarta-feira,False,False,Nublado,2.4,,,AIS 16,
2.0,,,,JANGURURSSU,Fortaleza,,Sim,2026-03-11,,,,16:43:33,76186.0,4399705.0,,-3.8339533047,-38.5178862466,Avenida Bulevar 3,,cvp,ROUBO A PESSOA,,,Quarta-feira,False,False,Nublado,2.4,,,AIS 16,
2.0,,,,JANGURURSSU,Fortaleza,,Sim,2026-03-11,,,,16:43:33,76464.0,4399705.0,,-3.8339533047,-38.5178862466,Avenida Bulevar 3,,cvp,ROUBO A PESSOA,,,Quarta-feira,False,False,Nublado,2.4,,,AIS 16,
2.0,,,,JANGURURSSU,Fortaleza,,Sim,2026-03-11,,,,16:43:33,76842.0,4399705.0,,-3.8339533047,-38.5178862466,Avenida Bulevar 3,,cvp,ROUBO A PESSOA,,,Quarta-feira,False,False,Nublado,2.4,,,AIS 16,
2.0,AIS 06,,,ANTÔNIO BEZERRA,Fortaleza,,Sim,2026-03-11,,,,01:11:26,75963.0,4399699.0,,-3.7378447787,-38.594377242,Rua Tomás Rodrigues,,cvp,ROUBO A PESSOA,,,Quarta-feira,False,False,Nublado,2.4,,,AIS 06,CAPITAL OESTE
2.0,AIS 06,,,ANTÔNIO BEZERRA,Fortaleza,,Sim,2026-03-11,,,,01:11:26,76189.0,4399699.0,,-3.7378447787,-38.594377242,Rua Tomás Rodrigues,,cvp,ROUBO A PESSOA,,,Quarta-feira,False,False,Nublado,2.4,,,AIS 06,CAPITAL OESTE
2.0,AIS 06,,,ANTÔNIO BEZERRA,Fortaleza,,Sim,2026-03-11,,,,01:11:26,76460.0,4399699.0,,-3.7378447787,-38.594377242,Rua Tomás Rodrigues,,cvp,ROUBO A PESSOA,,,Quarta-feira,False,False,Nublado,2.4,,,AIS 06,CAPITAL OESTE
2.0,AIS 06,,,ANTÔNIO BEZERRA,Fortaleza,,Sim,2026-03-11,,,,01:11:26,76843.0,4399699.0,,-3.7378447787,-38.594377242,Rua Tomás Rodrigues,,cvp,ROUBO A PESSOA,,,Quarta-feira,False,False,Nublado,2.4,,,AIS 06,CAPITAL OESTE
2.0,AIS 18,,,CENTRO,Fortaleza,,Sim,2026-03-11,,,,01:34:03,75962.0,4399700.0,,-3.7351993723,-38.5208535637,Rua Dona Leopoldina,,cvp,ROUBO A PESSOA,,,Quarta-feira,False,False,Nublado,2.4,,,AIS 21,CAPITAL OESTE
2.0,AIS 18,,,CENTRO,Fortaleza,,Sim,2026-03-11,,,,01:34:03,76190.0,4399700.0,,-3.7351993723,-38.5208535637,Rua Dona Leopoldina,,cvp,ROUBO A PESSOA,,,Quarta-feira,False,False,Nublado,2.4,,,AIS 21,CAPITAL OESTE
2.0,AIS 18,,,CENTRO,Fortaleza,,Sim,2026-03-11,,,,01:34:03,76456.0,4399700.0,,-3.7351993723,-38.5208535637,Rua Dona Leopoldina,,cvp,ROUBO A PESSOA,,,Quarta-feira,False,False,Nublado,2.4,,,AIS 21,CAPITAL OESTE
2.0,AIS 18,,,CENTRO,Fortaleza,,Sim,2026-03-11,,,,01:34:03,76837.0,4399700.0,,-3.7351993723,-38.5208535637,Rua Dona Leopoldina,,cvp,ROUBO A PESSOA,,,Quarta-feira,False,False,Nublado,2.4,,,AIS 21,CAPITAL OESTE
2.0,AIS 08,,,ALDEOTA,Fortaleza,,Sim,2026-03-11,,,,11:17:04,75961.0,4399704.0,,-3.7371129878,-38.5066639055,Rua Afonso Celso,,cvp,ROUBO A FARMÁCIA,,,Quarta-feira,False,False,Nublado,2.4,,,AIS 21,CAPITAL LESTE
2.0,AIS 08,,,ALDEOTA,Fortaleza,,Sim,2026-03-11,,,,11:17:04,76185.0,4399704.0,,-3.7371129878,-38.5066639055,Rua Afonso Celso,,cvp,ROUBO A FARMÁCIA,,,Quarta-feira,False,False,Nublado,2.4,,,AIS 21,CAPITAL LESTE
2.0,AIS 08,,,ALDEOTA,Fortaleza,,Sim,2026-03-11,,,,11:17:04,76465.0,4399704.0,,-3.7371129878,-38.5066639055,Rua Afonso Celso,,cvp,ROUBO A FARMÁCIA,,,Quarta-feira,False,False,Nublado,2.4,,,AIS 21,CAPITAL LESTE
2.0,AIS 08,,,ALDEOTA,Fortaleza,,Sim,2026-03-11,,,,11:17:04,76841.0,4399704.0,,-3.7371129878,-38.5066639055,Rua Afonso Celso,,cvp,ROUBO A FARMÁCIA,,,Quarta-feira,False,False,Nublado,2.4,,,AIS 21,CAPITAL LESTE
2.0,AIS 22,,,DIAS MACÊDO,Fortaleza,,Sim,2026-03-11,,,,08:36:15,75960.0,4399703.0,,-3.7822626359,-38.5145405793,Avenida Alberto Craveiro,,cvp,ROUBO A PESSOA,,,Quarta-feira,False,False,Nublado,2.4,,,AIS 21,CAPITAL LESTE
2.0,AIS 22,,,DIAS MACÊDO,Fortaleza,,Sim,2026-03-11,,,,08:36:15,76184.0,4399703.0,,-3.7822626359,-38.5145405793,Avenida Alberto Craveiro,,cvp,ROUBO A PESSOA,,,Quarta-feira,False,False,Nublado,2.4,,,AIS 21,CAPITAL LESTE
2.0,AIS 22,,,DIAS MACÊDO,Fortaleza,,Sim,2026-03-11,,,,08:36:15,76458.0,4399703.0,,-3.7822626359,-38.5145405793,Avenida Alberto Craveiro,,cvp,ROUBO A PESSOA,,,Quarta-feira,False,False,Nublado,2.4,,,AIS 21,CAPITAL LESTE
2.0,AIS 22,,,DIAS MACÊDO,Fortaleza,,Sim,2026-03-11,,,,08:36:15,76840.0,4399703.0,,-3.7822626359,-38.5145405793,Avenida Alberto Craveiro,,cvp,ROUBO A PESSOA,,,Quarta-feira,False,False,Nublado,2.4,,,AIS 21,CAPITAL LESTE
2.0,AIS 17,,,BOM JARDIM,Maracanaú,,Sim,2026-03-11,,,,04:58:42,75959.0,4399792.0,,-3.8343569145,-38.6115728592,Rodovia Quarto Anel Viário,,cvp,ROUBO A PESSOA,,,Quarta-feira,False,False,Nublado,2.4,,,AIS 17,CAPITAL OESTE
2.0,AIS 17,,,BOM JARDIM,Maracanaú,,Sim,2026-03-11,,,,04:58:42,76181.0,4399792.0,,-3.8343569145,-38.6115728592,Rodovia Quarto Anel Viário,,cvp,ROUBO A PESSOA,,,Quarta-feira,False,False,Nublado,2.4,,,AIS 17,CAPITAL OESTE
2.0,AIS 17,,,BOM JARDIM,Maracanaú,,Sim,2026-03-11,,,,04:58:42,76466.0,4399792.0,,-3.8343569145,-38.6115728592,Rodovia Quarto Anel Viário,,cvp,ROUBO A PESSOA,,,Quarta-feira,False,False,Nublado,2.4,,,AIS 17,CAPITAL OESTE
2.0,AIS 17,,,BOM JARDIM,Maracanaú,,Sim,2026-03-11,,,,04:58:42,76845.0,4399792.0,,-3.8343569145,-38.6115728592,Rodovia Quarto Anel Viário,,cvp,ROUBO A PESSOA,,,Quarta-feira,False,False,Nublado,2.4,,,AIS 17,CAPITAL OESTE
2.0,AIS 27,,,,Acaraú,,Sim,2026-03-11,,,,04:46:04,75958.0,4399798.0,,-2.8975306094,-40.1189226639,Avenida José Giffone da Silveira,,cvp,ROUBO A RESIDÊNCIA,,,Quarta-feira,False,False,Nublado,2.4,,,AIS 27,NORTE
2.0,AIS 27,,,,Acaraú,,Sim,2026-03-11,,,,04:46:04,76182.0,4399798.0,,-2.8975306094,-40.1189226639,Avenida José Giffone da Silveira,,cvp,ROUBO A RESIDÊNCIA,,,Quarta-feira,False,False,Nublado,2.4,,,AIS 27,NORTE
2.0,AIS 27,,,,Acaraú,,Sim,2026-03-11,,,,04:46:04,76462.0,4399798.0,,-2.8975306094,-40.1189226639,Avenida José Giffone da Silveira,,cvp,ROUBO A RESIDÊNCIA,,,Quarta-feira,False,False,Nublado,2.4,,,AIS 27,NORTE
2.0,AIS 27,,,,Acaraú,,Sim,2026-03-11,,,,04:46:04,76846.0,4399798.0,,-2.8975306094,-40.1189226639,Avenida José Giffone da Silveira,,cvp,ROUBO A RESIDÊNCIA,,,Quarta-feira,False,False,Nublado,2.4,,,AIS 27,NORTE
2.0,AIS 12,,,,Caucaia,,Sim,2026-03-11,,,,10:34:11,75957.0,4399503.0,,-3.725920215,-38.7665327167,Rua José Rocha Crisóstomo,,cvp,ROUBO A PESSOA,,,Quarta-feira,False,False,Nublado,2.4,,,AIS 12,RMF OESTE
2.0,AIS 12,,,,Caucaia,,Sim,2026-03-11,,,,10:34:11,76188.0,4399503.0,,-3.725920215,-38.7665327167,Rua José Rocha Crisóstomo,,cvp,ROUBO A PESSOA,,,Quarta-feira,False,False,Nublado,2.4,,,AIS 12,RMF OESTE
2.0,AIS 12,,,,Caucaia,,Sim,2026-03-11,,,,10:34:11,76457.0,4399503.0,,-3.725920215,-38.7665327167,Rua José Rocha Crisóstomo,,cvp,ROUBO A PESSOA,,,Quarta-feira,False,False,Nublado,2.4,,,AIS 12,RMF OESTE
2.0,AIS 12,,,,Caucaia,,Sim,2026-03-11,,,,10:34:11,76836.0,4399503.0,,-3.725920215,-38.7665327167,Rua José Rocha Crisóstomo,,cvp,ROUBO A PESSOA,,,Quarta-feira,False,False,Nublado,2.4,,,AIS 12,RMF OESTE
2.0,AIS 12,,,,Caucaia,,Sim,2026-03-10,,,,12:26:06,75956.0,4399502.0,,-3.6782562754,-38.749847684,Japuara,,cvp,ROUBO A PESSOA,,,Terça-feira,False,True,Nublado,3.9,,,AIS 12,RMF OESTE
2.0,AIS 12,,,,Caucaia,,Sim,2026-03-10,,,,12:26:06,76173.0,4399502.0,,-3.6782562754,-38.749847684,Japuara,,cvp,ROUBO A PESSOA,,,Terça-feira,False,True,Nublado,3.9,,,AIS 12,RMF OESTE
2.0,AIS 12,,,,Caucaia,,Sim,2026-03-10,,,,12:26:06,76450.0,4399502.0,,-3.6782562754,-38.749847684,Japuara,,cvp,ROUBO A PESSOA,,,Terça-feira,False,True,Nublado,3.9,,,AIS 12,RMF OESTE
2.0,AIS 12,,,,Caucaia,,Sim,2026-03-10,,,,12:26:06,76824.0,4399502.0,,-3.6782562754,-38.749847684,Japuara,,cvp,ROUBO A PESSOA,,,Terça-feira,False,True,Nublado,3.9,,,AIS 12,RMF OESTE
2.0,AIS 05,,,JARDIM GUANABARA,Fortaleza,,Sim,2026-03-10,,,,18:03:31,75955.0,4399694.0,,-3.7237436082,-38.5885766628,Avenida Major Assis,,cvp,ROUBO A PESSOA,,,Terça-feira,False,True,Nublado,3.9,,,AIS 06,CAPITAL OESTE
2.0,AIS 05,,,JARDIM GUANABARA,Fortaleza,,Sim,2026-03-10,,,,18:03:31,76171.0,4399694.0,,-3.7237436082,-38.5885766628,Avenida Major Assis,,cvp,ROUBO A PESSOA,,,Terça-feira,False,True,Nublado,3.9,,,AIS 06,CAPITAL OESTE
2.0,AIS 05,,,JARDIM GUANABARA,Fortaleza,,Sim,2026-03-10,,,,18:03:31,76449.0,4399694.0,,-3.7237436082,-38.5885766628,Avenida Major Assis,,cvp,ROUBO A PESSOA,,,Terça-feira,False,True,Nublado,3.9,,,AIS 06,CAPITAL OESTE
2.0,AIS 05,,,JARDIM GUANABARA,Fortaleza,,Sim,2026-03-10,,,,18:03:31,76833.0,4399694.0,,-3.7237436082,-38.5885766628,Avenida Major Assis,,cvp,ROUBO A PESSOA,,,Terça-feira,False,True,Nublado,3.9,,,AIS 06,CAPITAL OESTE
2.0,AIS 19,,,PAPICU,Fortaleza,,Sim,2026-03-10,,,,16:05:12,75954.0,4399693.0,,-3.744866865,-38.4702904462,Avenida Santos Dumont,,cvp,ROUBO A PESSOA,,,Terça-feira,False,True,Nublado,3.9,,,AIS 08,CAPITAL LESTE
2.0,AIS 19,,,PAPICU,Fortaleza,,Sim,2026-03-10,,,,16:05:12,76170.0,4399693.0,,-3.744866865,-38.4702904462,Avenida Santos Dumont,,cvp,ROUBO A PESSOA,,,Terça-feira,False,True,Nublado,3.9,,,AIS 08,CAPITAL LESTE
2.0,AIS 19,,,PAPICU,Fortaleza,,Sim,2026-03-10,,,,16:05:12,76451.0,4399693.0,,-3.744866865,-38.4702904462,Avenida Santos Dumont,,cvp,ROUBO A PESSOA,,,Terça-feira,False,True,Nublado,3.9,,,AIS 08,CAPITAL LESTE
2.0,AIS 19,,,PAPICU,Fortaleza,,Sim,2026-03-10,,,,16:05:12,76832.0,4399693.0,,-3.744866865,-38.4702904462,Avenida Santos Dumont,,cvp,ROUBO A PESSOA,,,Terça-feira,False,True,Nublado,3.9,,,AIS 08,CAPITAL LESTE
2.0,AIS 08,,,ALDEOTA,Fortaleza,,Sim,2026-03-10,,,,20:10:21,75953.0,4399697.0,,-3.7394360926,-38.4970295637,Rua Leonardo Mota,,cvp,ROUBO A PESSOA,,,Terça-feira,False,True,Nublado,3.9,,,AIS 21,CAPITAL LESTE
2.0,AIS 08,,,ALDEOTA,Fortaleza,,Sim,2026-03-10,,,,20:10:21,76172.0,4399697.0,,-3.7394360926,-38.4970295637,Rua Leonardo Mota,,cvp,ROUBO A PESSOA,,,Terça-feira,False,True,Nublado,3.9,,,AIS 21,CAPITAL LESTE
2.0,AIS 08,,,ALDEOTA,Fortaleza,,Sim,2026-03-10,,,,20:10:21,76453.0,4399697.0,,-3.7394360926,-38.4970295637,Rua Leonardo Mota,,cvp,ROUBO A PESSOA,,,Terça-feira,False,True,Nublado,3.9,,,AIS 21,CAPITAL LESTE
2.0,AIS 08,,,ALDEOTA,Fortaleza,,Sim,2026-03-10,,,,20:10:21,76834.0,4399697.0,,-3.7394360926,-38.4970295637,Rua Leonardo Mota,,cvp,ROUBO A PESSOA,,,Terça-feira,False,True,Nublado,3.9,,,AIS 21,CAPITAL LESTE
2.0,AIS 05,,,BENFICA,Fortaleza,,Sim,2026-03-10,,,,05:36:48,75952.0,4399681.0,,-3.7382169329,-38.5400157657,Rua Juvenal Galeno,,cvp,ROUBO A PESSOA,,,Terça-feira,False,True,Nublado,3.9,,,AIS 21,CAPITAL OESTE
2.0,AIS 05,,,BENFICA,Fortaleza,,Sim,2026-03-10,,,,05:36:48,76176.0,4399681.0,,-3.7382169329,-38.5400157657,Rua Juvenal Galeno,,cvp,ROUBO A PESSOA,,,Terça-feira,False,True,Nublado,3.9,,,AIS 21,CAPITAL OESTE
2.0,AIS 05,,,BENFICA,Fortaleza,,Sim,2026-03-10,,,,05:36:48,76445.0,4399681.0,,-3.7382169329,-38.5400157657,Rua Juvenal Galeno,,cvp,ROUBO A PESSOA,,,Terça-feira,False,True,Nublado,3.9,,,AIS 21,CAPITAL OESTE
2.0,AIS 05,,,BENFICA,Fortaleza,,Sim,2026-03-10,,,,05:36:48,76827.0,4399681.0,,-3.7382169329,-38.5400157657,Rua Juvenal Galeno,,cvp,ROUBO A PESSOA,,,Terça-feira,False,True,Nublado,3.9,,,AIS 21,CAPITAL OESTE
2.0,AIS 19,,,SÃO JOÃO DO TAUAPE,Fortaleza,,Sim,2026-03-10,,,,09:39:08,75951.0,4399686.0,,-3.7549528951,-38.518680389,Rua João Paulino Barros Leal,,cvp,ROUBO A PESSOA,,,Terça-feira,False,True,Nublado,3.9,,,AIS 21,CAPITAL LESTE
2.0,AIS 19,,,SÃO JOÃO DO TAUAPE,Fortaleza,,Sim,2026-03-10,,,,09:39:08,76180.0,4399686.0,,-3.7549528951,-38.518680389,Rua João Paulino Barros Leal,,cvp,ROUBO A PESSOA,,,Terça-feira,False,True,Nublado,3.9,,,AIS 21,CAPITAL LESTE
2.0,AIS 19,,,SÃO JOÃO DO TAUAPE,Fortaleza,,Sim,2026-03-10,,,,09:39:08,76446.0,4399686.0,,-3.7549528951,-38.518680389,Rua João Paulino Barros Leal,,cvp,ROUBO A PESSOA,,,Terça-feira,False,True,Nublado,3.9,,,AIS 21,CAPITAL LESTE
2.0,AIS 19,,,SÃO JOÃO DO TAUAPE,Fortaleza,,Sim,2026-03-10,,,,09:39:08,76828.0,4399686.0,,-3.7549528951,-38.518680389,Rua João Paulino Barros Leal,,cvp,ROUBO A PESSOA,,,Terça-feira,False,True,Nublado,3.9,,,AIS 21,CAPITAL LESTE
2.0,AIS 18,,,JACARECANGA,Fortaleza,,Sim,2026-03-10,,,,09:59:37,75950.0,4399687.0,,-3.7236745773,-38.5426607235,Rua Carneiro da Cunha,,cvp,ROUBO A PESSOA,,,Terça-feira,False,True,Nublado,3.9,,,AIS 08,CAPITAL OESTE
2.0,AIS 18,,,JACARECANGA,Fortaleza,,Sim,2026-03-10,,,,09:59:37,76179.0,4399687.0,,-3.7236745773,-38.5426607235,Rua Carneiro da Cunha,,cvp,ROUBO A PESSOA,,,Terça-feira,False,True,Nublado,3.9,,,AIS 08,CAPITAL OESTE
2.0,AIS 18,,,JACARECANGA,Fortaleza,,Sim,2026-03-10,,,,09:59:37,76447.0,4399687.0,,-3.7236745773,-38.5426607235,Rua Carneiro da Cunha,,cvp,ROUBO A PESSOA,,,Terça-feira,False,True,Nublado,3.9,,,AIS 08,CAPITAL OESTE
2.0,AIS 18,,,JACARECANGA,Fortaleza,,Sim,2026-03-10,,,,09:59:37,76829.0,4399687.0,,-3.7236745773,-38.5426607235,Rua Carneiro da Cunha,,cvp,ROUBO A PESSOA,,,Terça-feira,False,True,Nublado,3.9,,,AIS 08,CAPITAL OESTE
2.0,AIS 08,,,VARJOTA,Fortaleza,,Sim,2026-03-10,,,,12:23:02,75949.0,4399690.0,,-3.7338199485,-38.4882375642,Rua Delmiro Gouveia,,cvp,ROUBO A PESSOA,,,Terça-feira,False,True,Nublado,3.9,,,AIS 21,CAPITAL LESTE
2.0,AIS 08,,,VARJOTA,Fortaleza,,Sim,2026-03-10,,,,12:23:02,76169.0,4399690.0,,-3.7338199485,-38.4882375642,Rua Delmiro Gouveia,,cvp,ROUBO A PESSOA,,,Terça-feira,False,True,Nublado,3.9,,,AIS 21,CAPITAL LESTE
2.0,AIS 08,,,VARJOTA,Fortaleza,,Sim,2026-03-10,,,,12:23:02,76452.0,4399690.0,,-3.7338199485,-38.4882375642,Rua Delmiro Gouveia,,cvp,ROUBO A PESSOA,,,Terça-feira,False,True,Nublado,3.9,,,AIS 21,CAPITAL LESTE
2.0,AIS 08,,,VARJOTA,Fortaleza,,Sim,2026-03-10,,,,12:23:02,76831.0,4399690.0,,-3.7338199485,-38.4882375642,Rua Delmiro Gouveia,,cvp,ROUBO A PESSOA,,,Terça-feira,False,True,Nublado,3.9,,,AIS 21,CAPITAL LESTE
2.0,AIS 06,,,HENRIQUE JORGE,Fortaleza,,Sim,2026-03-10,,,,11:07:13,75948.0,4399688.0,,-3.7591410648,-38.5920440316,Rua Porto Alegre,,cvp,ROUBO A PESSOA,,,Terça-feira,False,True,Nublado,3.9,,,AIS 06,CAPITAL OESTE
2.0,AIS 06,,,HENRIQUE JORGE,Fortaleza,,Sim,2026-03-10,,,,11:07:13,76174.0,4399688.0,,-3.7591410648,-38.5920440316,Rua Porto Alegre,,cvp,ROUBO A PESSOA,,,Terça-feira,False,True,Nublado,3.9,,,AIS 06,CAPITAL OESTE
2.0,AIS 06,,,HENRIQUE JORGE,Fortaleza,,Sim,2026-03-10,,,,11:07:13,76448.0,4399688.0,,-3.7591410648,-38.5920440316,Rua Porto Alegre,,cvp,ROUBO A PESSOA,,,Terça-feira,False,True,Nublado,3.9,,,AIS 06,CAPITAL OESTE
2.0,AIS 06,,,HENRIQUE JORGE,Fortaleza,,Sim,2026-03-10,,,,11:07:13,76830.0,4399688.0,,-3.7591410648,-38.5920440316,Rua Porto Alegre,,cvp,ROUBO A PESSOA,,,Terça-feira,False,True,Nublado,3.9,,,AIS 06,CAPITAL OESTE
2.0,AIS 08,,,ALDEOTA,Fortaleza,,Sim,2026-03-10,,,,00:47:43,75947.0,4399678.0,,-3.7351217417,-38.5121521999,Rua Fiúza de Pontes,,cvp,ROUBO A PESSOA,,,Terça-feira,False,True,Nublado,3.9,,,AIS 21,CAPITAL LESTE
2.0,AIS 08,,,ALDEOTA,Fortaleza,,Sim,2026-03-10,,,,00:47:43,76178.0,4399678.0,,-3.7351217417,-38.5121521999,Rua Fiúza de Pontes,,cvp,ROUBO A PESSOA,,,Terça-feira,False,True,Nublado,3.9,,,AIS 21,CAPITAL LESTE
2.0,AIS 08,,,ALDEOTA,Fortaleza,,Sim,2026-03-10,,,,00:47:43,76454.0,4399678.0,,-3.7351217417,-38.5121521999,Rua Fiúza de Pontes,,cvp,ROUBO A PESSOA,,,Terça-feira,False,True,Nublado,3.9,,,AIS 21,CAPITAL LESTE
2.0,AIS 08,,,ALDEOTA,Fortaleza,,Sim,2026-03-10,,,,00:47:43,76825.0,4399678.0,,-3.7351217417,-38.5121521999,Rua Fiúza de Pontes,,cvp,ROUBO A PESSOA,,,Terça-feira,False,True,Nublado,3.9,,,AIS 21,CAPITAL LESTE
2.0,AIS 06,,,GENIBAÚ,Fortaleza,,Sim,2026-03-10,,,,05:14:29,75946.0,4399680.0,,-3.7605080506,-38.602858626,Rua José Mendonça,,cvp,ROUBO A PESSOA,,,Terça-feira,False,True,Nublado,3.9,,,AIS 06,CAPITAL OESTE
2.0,AIS 06,,,GENIBAÚ,Fortaleza,,Sim,2026-03-10,,,,05:14:29,76177.0,4399680.0,,-3.7605080506,-38.602858626,Rua José Mendonça,,cvp,ROUBO A PESSOA,,,Terça-feira,False,True,Nublado,3.9,,,AIS 06,CAPITAL OESTE
2.0,AIS 06,,,GENIBAÚ,Fortaleza,,Sim,2026-03-10,,,,05:14:29,76455.0,4399680.0,,-3.7605080506,-38.602858626,Rua José Mendonça,,cvp,ROUBO A PESSOA,,,Terça-feira,False,True,Nublado,3.9,,,AIS 06,CAPITAL OESTE
2.0,AIS 06,,,GENIBAÚ,Fortaleza,,Sim,2026-03-10,,,,05:14:29,76826.0,4399680.0,,-3.7605080506,-38.602858626,Rua José Mendonça,,cvp,ROUBO A PESSOA,,,Terça-feira,False,True,Nublado,3.9,,,AIS 06,CAPITAL OESTE
2.0,AIS 17,,,BOM JARDIM,Maracanaú,,Sim,2026-03-10,,,,20:34:58,75945.0,4399791.0,,-3.838183477,-38.5878620806,Rua Alan Castelo,,cvp,ROUBO A PESSOA,,,Terça-feira,False,True,Nublado,3.9,,,AIS 17,CAPITAL OESTE
2.0,AIS 17,,,BOM JARDIM,Maracanaú,,Sim,2026-03-10,,,,20:34:58,76175.0,4399791.0,,-3.838183477,-38.5878620806,Rua Alan Castelo,,cvp,ROUBO A PESSOA,,,Terça-feira,False,True,Nublado,3.9,,,AIS 17,CAPITAL OESTE
2.0,AIS 17,,,BOM JARDIM,Maracanaú,,Sim,2026-03-10,,,,20:34:58,76444.0,4399791.0,,-3.838183477,-38.5878620806,Rua Alan Castelo,,cvp,ROUBO A PESSOA,,,Terça-feira,False,True,Nublado,3.9,,,AIS 17,CAPITAL OESTE
2.0,AIS 17,,,BOM JARDIM,Maracanaú,,Sim,2026-03-10,,,,20:34:58,76835.0,4399791.0,,-3.838183477,-38.5878620806,Rua Alan Castelo,,cvp,ROUBO A PESSOA,,,Terça-feira,False,True,Nublado,3.9,,,AIS 17,CAPITAL OESTE
2.0,AIS 22,,,CASTELÃO,Fortaleza,,Sim,2026-03-09,,,,08:29:26,75944.0,4399664.0,,-3.8086583315,-38.51775699,Rua Francisco Nogueira da Silva,,cvp,ROUBO A PESSOA,,,Segunda-feira,False,True,Chuvoso,8.1,,,AIS 21,CAPITAL LESTE
2.0,AIS 22,,,CASTELÃO,Fortaleza,,Sim,2026-03-09,,,,08:29:26,76162.0,4399664.0,,-3.8086583315,-38.51775699,Rua Francisco Nogueira da Silva,,cvp,ROUBO A PESSOA,,,Segunda-feira,False,True,Chuvoso,8.1,,,AIS 21,CAPITAL LESTE
2.0,AIS 22,,,CASTELÃO,Fortaleza,,Sim,2026-03-09,,,,08:29:26,76429.0,4399664.0,,-3.8086583315,-38.51775699,Rua Francisco Nogueira da Silva,,cvp,ROUBO A PESSOA,,,Segunda-feira,False,True,Chuvoso,8.1,,,AIS 21,CAPITAL LESTE
2.0,AIS 22,,,CASTELÃO,Fortaleza,,Sim,2026-03-09,,,,08:29:26,76810.0,4399664.0,,-3.8086583315,-38.51775699,Rua Francisco Nogueira da Silva,,cvp,ROUBO A PESSOA,,,Segunda-feira,False,True,Chuvoso,8.1,,,AIS 21,CAPITAL LESTE
2.0,AIS 08,,,ALDEOTA,Fortaleza,,Sim,2026-03-09,,,,07:31:11,75943.0,4399663.0,,-3.730715559,-38.5120882618,Rua Ildefonso Albano,,cvp,ROUBO A PESSOA,,,Segunda-feira,False,True,Chuvoso,8.1,,,AIS 21,CAPITAL LESTE
2.0,AIS 08,,,ALDEOTA,Fortaleza,,Sim,2026-03-09,,,,07:31:11,76161.0,4399663.0,,-3.730715559,-38.5120882618,Rua Ildefonso Albano,,cvp,ROUBO A PESSOA,,,Segunda-feira,False,True,Chuvoso,8.1,,,AIS 21,CAPITAL LESTE
2.0,AIS 08,,,ALDEOTA,Fortaleza,,Sim,2026-03-09,,,,07:31:11,76428.0,4399663.0,,-3.730715559,-38.5120882618,Rua Ildefonso Albano,,cvp,ROUBO A PESSOA,,,Segunda-feira,False,True,Chuvoso,8.1,,,AIS 21,CAPITAL LESTE
2.0,AIS 08,,,ALDEOTA,Fortaleza,,Sim,2026-03-09,,,,07:31:11,76809.0,4399663.0,,-3.730715559,-38.5120882618,Rua Ildefonso Albano,,cvp,ROUBO A PESSOA,,,Segunda-feira,False,True,Chuvoso,8.1,,,AIS 21,CAPITAL LESTE
2.0,AIS 21,,,EDSON QUEIROZ,Fortaleza,,Sim,2026-03-09,,,,06:14:12,75942.0,4399661.0,,-3.7747362078,-38.4800454896,Travessa Carlos Ribeiro Pamplona,,cvp,ROUBO A PESSOA,,,Segunda-feira,False,True,Chuvoso,8.1,,,AIS 21,CAPITAL OESTE
2.0,AIS 21,,,EDSON QUEIROZ,Fortaleza,,Sim,2026-03-09,,,,06:14:12,76160.0,4399661.0,,-3.7747362078,-38.4800454896,Travessa Carlos Ribeiro Pamplona,,cvp,ROUBO A PESSOA,,,Segunda-feira,False,True,Chuvoso,8.1,,,AIS 21,CAPITAL OESTE
2.0,AIS 21,,,EDSON QUEIROZ,Fortaleza,,Sim,2026-03-09,,,,06:14:12,76427.0,4399661.0,,-3.7747362078,-38.4800454896,Travessa Carlos Ribeiro Pamplona,,cvp,ROUBO A PESSOA,,,Segunda-feira,False,True,Chuvoso,8.1,,,AIS 21,CAPITAL OESTE
2.0,AIS 21,,,EDSON QUEIROZ,Fortaleza,,Sim,2026-03-09,,,,06:14:12,76803.0,4399661.0,,-3.7747362078,-38.4800454896,Travessa Carlos Ribeiro Pamplona,,cvp,ROUBO A PESSOA,,,Segunda-feira,False,True,Chuvoso,8.1,,,AIS 21,CAPITAL OESTE
2.0,AIS 16,,,MESSEJANA,Fortaleza,,Sim,2026-03-09,,,,03:16:46,75941.0,4399660.0,,-3.8375571867,-38.49736072,Rua João Ivo,,cvp,ROUBO A RESIDÊNCIA,,,Segunda-feira,False,True,Chuvoso,8.1,,,AIS 16,CAPITAL LESTE
2.0,AIS 16,,,MESSEJANA,Fortaleza,,Sim,2026-03-09,,,,03:16:46,76159.0,4399660.0,,-3.8375571867,-38.49736072,Rua João Ivo,,cvp,ROUBO A RESIDÊNCIA,,,Segunda-feira,False,True,Chuvoso,8.1,,,AIS 16,CAPITAL LESTE
2.0,AIS 16,,,MESSEJANA,Fortaleza,,Sim,2026-03-09,,,,03:16:46,76423.0,4399660.0,,-3.8375571867,-38.49736072,Rua João Ivo,,cvp,ROUBO A RESIDÊNCIA,,,Segunda-feira,False,True,Chuvoso,8.1,,,AIS 16,CAPITAL LESTE
2.0,AIS 16,,,MESSEJANA,Fortaleza,,Sim,2026-03-09,,,,03:16:46,76808.0,4399660.0,,-3.8375571867,-38.49736072,Rua João Ivo,,cvp,ROUBO A RESIDÊNCIA,,,Segunda-feira,False,True,Chuvoso,8.1,,,AIS 16,CAPITAL LESTE
2.0,AIS 05,,,FÁTIMA,Fortaleza,,Sim,2026-03-09,,,,01:16:52,75940.0,4399659.0,,-3.7461102755,-38.5307842755,Rua Barão de Aratanha,,cvp,ROUBO A PESSOA,,,Segunda-feira,False,True,Chuvoso,8.1,,,AIS 21,CAPITAL OESTE
2.0,AIS 05,,,FÁTIMA,Fortaleza,,Sim,2026-03-09,,,,01:16:52,76158.0,4399659.0,,-3.7461102755,-38.5307842755,Rua Barão de Aratanha,,cvp,ROUBO A PESSOA,,,Segunda-feira,False,True,Chuvoso,8.1,,,AIS 21,CAPITAL OESTE
2.0,AIS 05,,,FÁTIMA,Fortaleza,,Sim,2026-03-09,,,,01:16:52,76441.0,4399659.0,,-3.7461102755,-38.5307842755,Rua Barão de Aratanha,,cvp,ROUBO A PESSOA,,,Segunda-feira,False,True,Chuvoso,8.1,,,AIS 21,CAPITAL OESTE
2.0,AIS 05,,,FÁTIMA,Fortaleza,,Sim,2026-03-09,,,,01:16:52,76807.0,4399659.0,,-3.7461102755,-38.5307842755,Rua Barão de Aratanha,,cvp,ROUBO A PESSOA,,,Segunda-feira,False,True,Chuvoso,8.1,,,AIS 21,CAPITAL OESTE
2.0,AIS 20,,,CONJUNTO ESPERANCA,Maracanaú,,Sim,2026-03-09,,,,23:24:58,75939.0,4399789.0,,-3.8607129015,-38.5885191943,Rua São Mateus,,cvp,ROUBO A PESSOA,,,Segunda-feira,False,True,Chuvoso,8.1,,,AIS 20,CAPITAL OESTE
2.0,AIS 20,,,CONJUNTO ESPERANCA,Maracanaú,,Sim,2026-03-09,,,,23:24:58,76150.0,4399789.0,,-3.8607129015,-38.5885191943,Rua São Mateus,,cvp,ROUBO A PESSOA,,,Segunda-feira,False,True,Chuvoso,8.1,,,AIS 20,CAPITAL OESTE
2.0,AIS 20,,,CONJUNTO ESPERANCA,Maracanaú,,Sim,2026-03-09,,,,23:24:58,76443.0,4399789.0,,-3.8607129015,-38.5885191943,Rua São Mateus,,cvp,ROUBO A PESSOA,,,Segunda-feira,False,True,Chuvoso,8.1,,,AIS 20,CAPITAL OESTE
2.0,AIS 20,,,CONJUNTO ESPERANCA,Maracanaú,,Sim,2026-03-09,,,,23:24:58,76821.0,4399789.0,,-3.8607129015,-38.5885191943,Rua São Mateus,,cvp,ROUBO A PESSOA,,,Segunda-feira,False,True,Chuvoso,8.1,,,AIS 20,CAPITAL OESTE
2.0,AIS 08,,,ALDEOTA,Fortaleza,,Sim,2026-03-09,,,,20:54:06,75938.0,4399677.0,,-3.7411706145,-38.5083565585,Avenida Barão de Studart,,cvp,ROUBO A FARMÁCIA,,,Segunda-feira,False,True,Chuvoso,8.1,,,AIS 21,CAPITAL LESTE
2.0,AIS 08,,,ALDEOTA,Fortaleza,,Sim,2026-03-09,,,,20:54:06,76157.0,4399677.0,,-3.7411706145,-38.5083565585,Avenida Barão de Studart,,cvp,ROUBO A FARMÁCIA,,,Segunda-feira,False,True,Chuvoso,8.1,,,AIS 21,CAPITAL LESTE
2.0,AIS 08,,,ALDEOTA,Fortaleza,,Sim,2026-03-09,,,,20:54:06,76439.0,4399677.0,,-3.7411706145,-38.5083565585,Avenida Barão de Studart,,cvp,ROUBO A FARMÁCIA,,,Segunda-feira,False,True,Chuvoso,8.1,,,AIS 21,CAPITAL LESTE
2.0,AIS 08,,,ALDEOTA,Fortaleza,,Sim,2026-03-09,,,,20:54:06,76820.0,4399677.0,,-3.7411706145,-38.5083565585,Avenida Barão de Studart,,cvp,ROUBO A FARMÁCIA,,,Segunda-feira,False,True,Chuvoso,8.1,,,AIS 21,CAPITAL LESTE
2.0,AIS 21,,,EDSON QUEIROZ,Fortaleza,,Sim,2026-03-09,,,,20:37:17,75937.0,4399676.0,,-3.7758359652,-38.4813509462,Avenida Washington Soares,,cvp,ROUBO A PESSOA,,,Segunda-feira,False,True,Chuvoso,8.1,,,AIS 21,CAPITAL OESTE
2.0,AIS 21,,,EDSON QUEIROZ,Fortaleza,,Sim,2026-03-09,,,,20:37:17,76156.0,4399676.0,,-3.7758359652,-38.4813509462,Avenida Washington Soares,,cvp,ROUBO A PESSOA,,,Segunda-feira,False,True,Chuvoso,8.1,,,AIS 21,CAPITAL OESTE
2.0,AIS 21,,,EDSON QUEIROZ,Fortaleza,,Sim,2026-03-09,,,,20:37:17,76438.0,4399676.0,,-3.7758359652,-38.4813509462,Avenida Washington Soares,,cvp,ROUBO A PESSOA,,,Segunda-feira,False,True,Chuvoso,8.1,,,AIS 21,CAPITAL OESTE
2.0,AIS 21,,,EDSON QUEIROZ,Fortaleza,,Sim,2026-03-09,,,,20:37:17,76819.0,4399676.0,,-3.7758359652,-38.4813509462,Avenida Washington Soares,,cvp,ROUBO A PESSOA,,,Segunda-feira,False,True,Chuvoso,8.1,,,AIS 21,CAPITAL OESTE
2.0,AIS 21,,,EDSON QUEIROZ,Fortaleza,,Sim,2026-03-09,,,,19:47:58,75936.0,4399674.0,,-3.7648745362,-38.4812084876,Avenida Washington Soares,,cvp,ROUBO A COLETIVO,,,Segunda-feira,False,True,Chuvoso,8.1,,,AIS 21,CAPITAL OESTE
2.0,AIS 21,,,EDSON QUEIROZ,Fortaleza,,Sim,2026-03-09,,,,19:47:58,76155.0,4399674.0,,-3.7648745362,-38.4812084876,Avenida Washington Soares,,cvp,ROUBO A COLETIVO,,,Segunda-feira,False,True,Chuvoso,8.1,,,AIS 21,CAPITAL OESTE
2.0,AIS 21,,,EDSON QUEIROZ,Fortaleza,,Sim,2026-03-09,,,,19:47:58,76437.0,4399674.0,,-3.7648745362,-38.4812084876,Avenida Washington Soares,,cvp,ROUBO A COLETIVO,,,Segunda-feira,False,True,Chuvoso,8.1,,,AIS 21,CAPITAL OESTE
2.0,AIS 21,,,EDSON QUEIROZ,Fortaleza,,Sim,2026-03-09,,,,19:47:58,76817.0,4399674.0,,-3.7648745362,-38.4812084876,Avenida Washington Soares,,cvp,ROUBO A COLETIVO,,,Segunda-feira,False,True,Chuvoso,8.1,,,AIS 21,CAPITAL OESTE
2.0,AIS 08,,,VARJOTA,Fortaleza,,Sim,2026-03-09,,,,17:26:29,75935.0,4399672.0,,-3.7324150688,-38.4881722782,Rua Delmiro Gouveia,,cvp,ROUBO A PESSOA,,,Segunda-feira,False,True,Chuvoso,8.1,,,AIS 21,CAPITAL LESTE
2.0,AIS 08,,,VARJOTA,Fortaleza,,Sim,2026-03-09,,,,17:26:29,76154.0,4399672.0,,-3.7324150688,-38.4881722782,Rua Delmiro Gouveia,,cvp,ROUBO A PESSOA,,,Segunda-feira,False,True,Chuvoso,8.1,,,AIS 21,CAPITAL LESTE
2.0,AIS 08,,,VARJOTA,Fortaleza,,Sim,2026-03-09,,,,17:26:29,76436.0,4399672.0,,-3.7324150688,-38.4881722782,Rua Delmiro Gouveia,,cvp,ROUBO A PESSOA,,,Segunda-feira,False,True,Chuvoso,8.1,,,AIS 21,CAPITAL LESTE
2.0,AIS 08,,,VARJOTA,Fortaleza,,Sim,2026-03-09,,,,17:26:29,76816.0,4399672.0,,-3.7324150688,-38.4881722782,Rua Delmiro Gouveia,,cvp,ROUBO A PESSOA,,,Segunda-feira,False,True,Chuvoso,8.1,,,AIS 21,CAPITAL LESTE
2.0,AIS 05,,,AEROPORTO,Fortaleza,,Sim,2026-03-09,,,,13:25:19,75934.0,4399671.0,,-3.7708482867,-38.5299993471,Vila União,,cvp,ROUBO A PESSOA,,,Segunda-feira,False,True,Chuvoso,8.1,,,AIS 21,CAPITAL OESTE
2.0,AIS 05,,,AEROPORTO,Fortaleza,,Sim,2026-03-09,,,,13:25:19,76153.0,4399671.0,,-3.7708482867,-38.5299993471,Vila União,,cvp,ROUBO A PESSOA,,,Segunda-feira,False,True,Chuvoso,8.1,,,AIS 21,CAPITAL OESTE
2.0,AIS 05,,,AEROPORTO,Fortaleza,,Sim,2026-03-09,,,,13:25:19,76435.0,4399671.0,,-3.7708482867,-38.5299993471,Vila União,,cvp,ROUBO A PESSOA,,,Segunda-feira,False,True,Chuvoso,8.1,,,AIS 21,CAPITAL OESTE
2.0,AIS 05,,,AEROPORTO,Fortaleza,,Sim,2026-03-09,,,,13:25:19,76818.0,4399671.0,,-3.7708482867,-38.5299993471,Vila União,,cvp,ROUBO A PESSOA,,,Segunda-feira,False,True,Chuvoso,8.1,,,AIS 21,CAPITAL OESTE
2.0,AIS 16,,,MESSEJANA,Fortaleza,,Sim,2026-03-09,,,,10:56:46,75933.0,4399669.0,,-3.8312729595,-38.4948507057,Rua Joaquim Bezerra,,cvp,ROUBO SAIDINHA BANCÁRIA,,,Segunda-feira,False,True,Chuvoso,8.1,,,AIS 16,CAPITAL LESTE
2.0,AIS 16,,,MESSEJANA,Fortaleza,,Sim,2026-03-09,,,,10:56:46,76152.0,4399669.0,,-3.8312729595,-38.4948507057,Rua Joaquim Bezerra,,cvp,ROUBO SAIDINHA BANCÁRIA,,,Segunda-feira,False,True,Chuvoso,8.1,,,AIS 16,CAPITAL LESTE
2.0,AIS 16,,,MESSEJANA,Fortaleza,,Sim,2026-03-09,,,,10:56:46,76434.0,4399669.0,,-3.8312729595,-38.4948507057,Rua Joaquim Bezerra,,cvp,ROUBO SAIDINHA BANCÁRIA,,,Segunda-feira,False,True,Chuvoso,8.1,,,AIS 16,CAPITAL LESTE
2.0,AIS 16,,,MESSEJANA,Fortaleza,,Sim,2026-03-09,,,,10:56:46,76815.0,4399669.0,,-3.8312729595,-38.4948507057,Rua Joaquim Bezerra,,cvp,ROUBO SAIDINHA BANCÁRIA,,,Segunda-feira,False,True,Chuvoso,8.1,,,AIS 16,CAPITAL LESTE
2.0,AIS 08,,,ALDEOTA,Fortaleza,,Sim,2026-03-09,,,,10:44:54,75932.0,4399668.0,,-3.7394360926,-38.4970295637,Rua Leonardo Mota,,cvp,ROUBO A PESSOA,,,Segunda-feira,False,True,Chuvoso,8.1,,,AIS 21,CAPITAL LESTE
2.0,AIS 08,,,ALDEOTA,Fortaleza,,Sim,2026-03-09,,,,10:44:54,76151.0,4399668.0,,-3.7394360926,-38.4970295637,Rua Leonardo Mota,,cvp,ROUBO A PESSOA,,,Segunda-feira,False,True,Chuvoso,8.1,,,AIS 21,CAPITAL LESTE
2.0,AIS 08,,,ALDEOTA,Fortaleza,,Sim,2026-03-09,,,,10:44:54,76433.0,4399668.0,,-3.7394360926,-38.4970295637,Rua Leonardo Mota,,cvp,ROUBO A PESSOA,,,Segunda-feira,False,True,Chuvoso,8.1,,,AIS 21,CAPITAL LESTE
2.0,AIS 08,,,ALDEOTA,Fortaleza,,Sim,2026-03-09,,,,10:44:54,76814.0,4399668.0,,-3.7394360926,-38.4970295637,Rua Leonardo Mota,,cvp,ROUBO A PESSOA,,,Segunda-feira,False,True,Chuvoso,8.1,,,AIS 21,CAPITAL LESTE
2.0,AIS 08,,,MUCURIPE,Fortaleza,,Sim,2026-03-09,,,,10:29:01,75931.0,4399667.0,,-3.7247596105,-38.4837258446,Avenida da Abolição,,cvp,ROUBO A PESSOA,,,Segunda-feira,False,True,Chuvoso,8.1,,,AIS 08,CAPITAL LESTE
2.0,AIS 08,,,MUCURIPE,Fortaleza,,Sim,2026-03-09,,,,10:29:01,76165.0,4399667.0,,-3.7247596105,-38.4837258446,Avenida da Abolição,,cvp,ROUBO A PESSOA,,,Segunda-feira,False,True,Chuvoso,8.1,,,AIS 08,CAPITAL LESTE
2.0,AIS 08,,,MUCURIPE,Fortaleza,,Sim,2026-03-09,,,,10:29:01,76432.0,4399667.0,,-3.7247596105,-38.4837258446,Avenida da Abolição,,cvp,ROUBO A PESSOA,,,Segunda-feira,False,True,Chuvoso,8.1,,,AIS 08,CAPITAL LESTE
2.0,AIS 08,,,MUCURIPE,Fortaleza,,Sim,2026-03-09,,,,10:29:01,76813.0,4399667.0,,-3.7247596105,-38.4837258446,Avenida da Abolição,,cvp,ROUBO A PESSOA,,,Segunda-feira,False,True,Chuvoso,8.1,,,AIS 08,CAPITAL LESTE
2.0,AIS 19,,,SÃO JOÃO DO TAUAPE,Fortaleza,,Sim,2026-03-09,,,,09:03:03,75930.0,4399666.0,,-3.7550878274,-38.5186025965,Rua João Paulino Barros Leal,,cvp,ROUBO A ESTABELECIMENTO COMERCIAL,,,Segunda-feira,False,True,Chuvoso,8.1,,,AIS 21,CAPITAL LESTE
2.0,AIS 19,,,SÃO JOÃO DO TAUAPE,Fortaleza,,Sim,2026-03-09,,,,09:03:03,76164.0,4399666.0,,-3.7550878274,-38.5186025965,Rua João Paulino Barros Leal,,cvp,ROUBO A ESTABELECIMENTO COMERCIAL,,,Segunda-feira,False,True,Chuvoso,8.1,,,AIS 21,CAPITAL LESTE
2.0,AIS 19,,,SÃO JOÃO DO TAUAPE,Fortaleza,,Sim,2026-03-09,,,,09:03:03,76431.0,4399666.0,,-3.7550878274,-38.5186025965,Rua João Paulino Barros Leal,,cvp,ROUBO A ESTABELECIMENTO COMERCIAL,,,Segunda-feira,False,True,Chuvoso,8.1,,,AIS 21,CAPITAL LESTE
2.0,AIS 19,,,SÃO JOÃO DO TAUAPE,Fortaleza,,Sim,2026-03-09,,,,09:03:03,76812.0,4399666.0,,-3.7550878274,-38.5186025965,Rua João Paulino Barros Leal,,cvp,ROUBO A ESTABELECIMENTO COMERCIAL,,,Segunda-feira,False,True,Chuvoso,8.1,,,AIS 21,CAPITAL LESTE
2.0,AIS 09,,,LIMOEIRO DO NORTE,Limoeiro do Norte,,Sim,2026-03-09,,,,20:11:20,75929.0,4399812.0,,-5.1463418699,-38.0961632753,,,cvp,ROUBO A PESSOA,,,Segunda-feira,False,True,Chuvoso,8.1,,,AIS 09,SUDESTE
2.0,AIS 09,,,LIMOEIRO DO NORTE,Limoeiro do Norte,,Sim,2026-03-09,,,,20:11:20,76148.0,4399812.0,,-5.1463418699,-38.0961632753,,,cvp,ROUBO A PESSOA,,,Segunda-feira,False,True,Chuvoso,8.1,,,AIS 09,SUDESTE
2.0,AIS 09,,,LIMOEIRO DO NORTE,Limoeiro do Norte,,Sim,2026-03-09,,,,20:11:20,76442.0,4399812.0,,-5.1463418699,-38.0961632753,,,cvp,ROUBO A PESSOA,,,Segunda-feira,False,True,Chuvoso,8.1,,,AIS 09,SUDESTE
2.0,AIS 09,,,LIMOEIRO DO NORTE,Limoeiro do Norte,,Sim,2026-03-09,,,,20:11:20,76822.0,4399812.0,,-5.1463418699,-38.0961632753,,,cvp,ROUBO A PESSOA,,,Segunda-feira,False,True,Chuvoso,8.1,,,AIS 09,SUDESTE
2.0,AIS 21,,,AEROLÂNDIA,Fortaleza,,Sim,2026-03-09,,,,08:39:33,75928.0,4399665.0,,-3.7708583309,-38.5134359607,Vila Chagas Mendes,,cvp,ROUBO A PESSOA,,,Segunda-feira,False,True,Chuvoso,8.1,,,AIS 21,CAPITAL OESTE
2.0,AIS 21,,,AEROLÂNDIA,Fortaleza,,Sim,2026-03-09,,,,08:39:33,76163.0,4399665.0,,-3.7708583309,-38.5134359607,Vila Chagas Mendes,,cvp,ROUBO A PESSOA,,,Segunda-feira,False,True,Chuvoso,8.1,,,AIS 21,CAPITAL OESTE
2.0,AIS 21,,,AEROLÂNDIA,Fortaleza,,Sim,2026-03-09,,,,08:39:33,76430.0,4399665.0,,-3.7708583309,-38.5134359607,Vila Chagas Mendes,,cvp,ROUBO A PESSOA,,,Segunda-feira,False,True,Chuvoso,8.1,,,AIS 21,CAPITAL OESTE
2.0,AIS 21,,,AEROLÂNDIA,Fortaleza,,Sim,2026-03-09,,,,08:39:33,76811.0,4399665.0,,-3.7708583309,-38.5134359607,Vila Chagas Mendes,,cvp,ROUBO A PESSOA,,,Segunda-feira,False,True,Chuvoso,8.1,,,AIS 21,CAPITAL OESTE
2.0,AIS 26,,,GUADALAJARA,Caucaia,,Sim,2026-03-09,,,,13:20:31,75927.0,4399499.0,,-3.7343059478,-38.6585643896,Avenida Edson da Mota Correia,,cvp,ROUBO A ESTABELECIMENTO COMERCIAL,,,Segunda-feira,False,True,Chuvoso,8.1,,,AIS 26,RMF OESTE
2.0,AIS 26,,,GUADALAJARA,Caucaia,,Sim,2026-03-09,,,,13:20:31,76167.0,4399499.0,,-3.7343059478,-38.6585643896,Avenida Edson da Mota Correia,,cvp,ROUBO A ESTABELECIMENTO COMERCIAL,,,Segunda-feira,False,True,Chuvoso,8.1,,,AIS 26,RMF OESTE
2.0,AIS 26,,,GUADALAJARA,Caucaia,,Sim,2026-03-09,,,,13:20:31,76426.0,4399499.0,,-3.7343059478,-38.6585643896,Avenida Edson da Mota Correia,,cvp,ROUBO A ESTABELECIMENTO COMERCIAL,,,Segunda-feira,False,True,Chuvoso,8.1,,,AIS 26,RMF OESTE
2.0,AIS 26,,,GUADALAJARA,Caucaia,,Sim,2026-03-09,,,,13:20:31,76806.0,4399499.0,,-3.7343059478,-38.6585643896,Avenida Edson da Mota Correia,,cvp,ROUBO A ESTABELECIMENTO COMERCIAL,,,Segunda-feira,False,True,Chuvoso,8.1,,,AIS 26,RMF OESTE
2.0,AIS 12,,,IPARANA,Caucaia,,Sim,2026-03-09,,,,06:12:16,75926.0,4399498.0,,-3.7241115566,-38.6563760297,Rua 3,,cvp,ROUBO A PESSOA,,,Segunda-feira,False,True,Chuvoso,8.1,,,AIS 12,RMF OESTE
2.0,AIS 12,,,IPARANA,Caucaia,,Sim,2026-03-09,,,,06:12:16,76166.0,4399498.0,,-3.7241115566,-38.6563760297,Rua 3,,cvp,ROUBO A PESSOA,,,Segunda-feira,False,True,Chuvoso,8.1,,,AIS 12,RMF OESTE
2.0,AIS 12,,,IPARANA,Caucaia,,Sim,2026-03-09,,,,06:12:16,76425.0,4399498.0,,-3.7241115566,-38.6563760297,Rua 3,,cvp,ROUBO A PESSOA,,,Segunda-feira,False,True,Chuvoso,8.1,,,AIS 12,RMF OESTE
2.0,AIS 12,,,IPARANA,Caucaia,,Sim,2026-03-09,,,,06:12:16,76805.0,4399498.0,,-3.7241115566,-38.6563760297,Rua 3,,cvp,ROUBO A PESSOA,,,Segunda-feira,False,True,Chuvoso,8.1,,,AIS 12,RMF OESTE
2.0,AIS 18,,,VILA VELHA,Caucaia,,Sim,2026-03-09,,,,05:44:13,75925.0,4399497.0,,-3.7228210755,-38.6527976698,Rua Pereira Valente,,cvp,ROUBO A PESSOA,,,Segunda-feira,False,True,Chuvoso,8.1,,,AIS 18,CAPITAL OESTE
2.0,AIS 18,,,VILA VELHA,Caucaia,,Sim,2026-03-09,,,,05:44:13,76168.0,4399497.0,,-3.7228210755,-38.6527976698,Rua Pereira Valente,,cvp,ROUBO A PESSOA,,,Segunda-feira,False,True,Chuvoso,8.1,,,AIS 18,CAPITAL OESTE
2.0,AIS 18,,,VILA VELHA,Caucaia,,Sim,2026-03-09,,,,05:44:13,76424.0,4399497.0,,-3.7228210755,-38.6527976698,Rua Pereira Valente,,cvp,ROUBO A PESSOA,,,Segunda-feira,False,True,Chuvoso,8.1,,,AIS 18,CAPITAL OESTE
2.0,AIS 18,,,VILA VELHA,Caucaia,,Sim,2026-03-09,,,,05:44:13,76804.0,4399497.0,,-3.7228210755,-38.6527976698,Rua Pereira Valente,,cvp,ROUBO A PESSOA,,,Segunda-feira,False,True,Chuvoso,8.1,,,AIS 18,CAPITAL OESTE
2.0,AIS 23,,,,Trairi,,Sim,2026-03-09,,,,19:50:53,75924.0,4399821.0,,-3.2777572398,-39.2681232382,,,cvp,ROUBO A PESSOA,,,Segunda-feira,False,True,Chuvoso,8.1,,,AIS 23,RMF OESTE
2.0,AIS 23,,,,Trairi,,Sim,2026-03-09,,,,19:50:53,76149.0,4399821.0,,-3.2777572398,-39.2681232382,,,cvp,ROUBO A PESSOA,,,Segunda-feira,False,True,Chuvoso,8.1,,,AIS 23,RMF OESTE
2.0,AIS 23,,,,Trairi,,Sim,2026-03-09,,,,19:50:53,76440.0,4399821.0,,-3.2777572398,-39.2681232382,,,cvp,ROUBO A PESSOA,,,Segunda-feira,False,True,Chuvoso,8.1,,,AIS 23,RMF OESTE
2.0,AIS 23,,,,Trairi,,Sim,2026-03-09,,,,19:50:53,76823.0,4399821.0,,-3.2777572398,-39.2681232382,,,cvp,ROUBO A PESSOA,,,Segunda-feira,False,True,Chuvoso,8.1,,,AIS 23,RMF OESTE
2.0,AIS 16,,,ANCURI,Eusébio,,Sim,2026-03-08,,,,21:31:46,75923.0,4399516.0,,-3.8696167776,-38.4719126043,,,cvp,ROUBO A PESSOA,,,Domingo,False,True,Chuvoso,7.9,,,AIS 16,CAPITAL LESTE
2.0,AIS 16,,,ANCURI,Eusébio,,Sim,2026-03-08,,,,21:31:46,76147.0,4399516.0,,-3.8696167776,-38.4719126043,,,cvp,ROUBO A PESSOA,,,Domingo,False,True,Chuvoso,7.9,,,AIS 16,CAPITAL LESTE
2.0,AIS 16,,,ANCURI,Eusébio,,Sim,2026-03-08,,,,21:31:46,76422.0,4399516.0,,-3.8696167776,-38.4719126043,,,cvp,ROUBO A PESSOA,,,Domingo,False,True,Chuvoso,7.9,,,AIS 16,CAPITAL LESTE
2.0,AIS 16,,,ANCURI,Eusébio,,Sim,2026-03-08,,,,21:31:46,76802.0,4399516.0,,-3.8696167776,-38.4719126043,,,cvp,ROUBO A PESSOA,,,Domingo,False,True,Chuvoso,7.9,,,AIS 16,CAPITAL LESTE
2.0,AIS 05,,,DAMAS,Fortaleza,,Sim,2026-03-08,,,,03:38:08,75922.0,4399653.0,,-3.7513808161,-38.5485601013,Avenida João Pessoa,,cvp,ROUBO A PESSOA,,,Domingo,False,True,Chuvoso,7.9,,,AIS 21,CAPITAL OESTE
2.0,AIS 05,,,DAMAS,Fortaleza,,Sim,2026-03-08,,,,03:38:08,76141.0,4399653.0,,-3.7513808161,-38.5485601013,Avenida João Pessoa,,cvp,ROUBO A PESSOA,,,Domingo,False,True,Chuvoso,7.9,,,AIS 21,CAPITAL OESTE
2.0,AIS 05,,,DAMAS,Fortaleza,,Sim,2026-03-08,,,,03:38:08,76416.0,4399653.0,,-3.7513808161,-38.5485601013,Avenida João Pessoa,,cvp,ROUBO A PESSOA,,,Domingo,False,True,Chuvoso,7.9,,,AIS 21,CAPITAL OESTE
2.0,AIS 05,,,DAMAS,Fortaleza,,Sim,2026-03-08,,,,03:38:08,76796.0,4399653.0,,-3.7513808161,-38.5485601013,Avenida João Pessoa,,cvp,ROUBO A PESSOA,,,Domingo,False,True,Chuvoso,7.9,,,AIS 21,CAPITAL OESTE
2.0,AIS 08,,,ALDEOTA,Fortaleza,,Sim,2026-03-08,,,,14:25:19,75921.0,4399655.0,,-3.7304162716,-38.5143225708,Rua João Cordeiro,,cvp,ROUBO A FARMÁCIA,,,Domingo,False,True,Chuvoso,7.9,,,AIS 21,CAPITAL LESTE
2.0,AIS 08,,,ALDEOTA,Fortaleza,,Sim,2026-03-08,,,,14:25:19,76143.0,4399655.0,,-3.7304162716,-38.5143225708,Rua João Cordeiro,,cvp,ROUBO A FARMÁCIA,,,Domingo,False,True,Chuvoso,7.9,,,AIS 21,CAPITAL LESTE
2.0,AIS 08,,,ALDEOTA,Fortaleza,,Sim,2026-03-08,,,,14:25:19,76418.0,4399655.0,,-3.7304162716,-38.5143225708,Rua João Cordeiro,,cvp,ROUBO A FARMÁCIA,,,Domingo,False,True,Chuvoso,7.9,,,AIS 21,CAPITAL LESTE
2.0,AIS 08,,,ALDEOTA,Fortaleza,,Sim,2026-03-08,,,,14:25:19,76798.0,4399655.0,,-3.7304162716,-38.5143225708,Rua João Cordeiro,,cvp,ROUBO A FARMÁCIA,,,Domingo,False,True,Chuvoso,7.9,,,AIS 21,CAPITAL LESTE
2.0,AIS 08,,,VICENTE PINZÓN,Fortaleza,,Sim,2026-03-08,,,,21:26:45,75920.0,4399658.0,,-3.7250698603,-38.4798146711,Vicente Pinzón,,cvp,ROUBO A PESSOA,,,Domingo,False,True,Chuvoso,7.9,,,AIS 08,CAPITAL LESTE
2.0,AIS 08,,,VICENTE PINZÓN,Fortaleza,,Sim,2026-03-08,,,,21:26:45,76146.0,4399658.0,,-3.7250698603,-38.4798146711,Vicente Pinzón,,cvp,ROUBO A PESSOA,,,Domingo,False,True,Chuvoso,7.9,,,AIS 08,CAPITAL LESTE
2.0,AIS 08,,,VICENTE PINZÓN,Fortaleza,,Sim,2026-03-08,,,,21:26:45,76421.0,4399658.0,,-3.7250698603,-38.4798146711,Vicente Pinzón,,cvp,ROUBO A PESSOA,,,Domingo,False,True,Chuvoso,7.9,,,AIS 08,CAPITAL LESTE
2.0,AIS 08,,,VICENTE PINZÓN,Fortaleza,,Sim,2026-03-08,,,,21:26:45,76801.0,4399658.0,,-3.7250698603,-38.4798146711,Vicente Pinzón,,cvp,ROUBO A PESSOA,,,Domingo,False,True,Chuvoso,7.9,,,AIS 08,CAPITAL LESTE
2.0,AIS 05,,,VILA UNIÃO,Fortaleza,,Sim,2026-03-08,,,,12:14:28,75919.0,4399654.0,,-3.7627075128,-38.5342117327,Rua Moreira Gomes,,cvp,ROUBO A PESSOA,,,Domingo,False,True,Chuvoso,7.9,,,AIS 21,CAPITAL OESTE
2.0,AIS 05,,,VILA UNIÃO,Fortaleza,,Sim,2026-03-08,,,,12:14:28,76144.0,4399654.0,,-3.7627075128,-38.5342117327,Rua Moreira Gomes,,cvp,ROUBO A PESSOA,,,Domingo,False,True,Chuvoso,7.9,,,AIS 21,CAPITAL OESTE
2.0,AIS 05,,,VILA UNIÃO,Fortaleza,,Sim,2026-03-08,,,,12:14:28,76417.0,4399654.0,,-3.7627075128,-38.5342117327,Rua Moreira Gomes,,cvp,ROUBO A PESSOA,,,Domingo,False,True,Chuvoso,7.9,,,AIS 21,CAPITAL OESTE
2.0,AIS 05,,,VILA UNIÃO,Fortaleza,,Sim,2026-03-08,,,,12:14:28,76797.0,4399654.0,,-3.7627075128,-38.5342117327,Rua Moreira Gomes,,cvp,ROUBO A PESSOA,,,Domingo,False,True,Chuvoso,7.9,,,AIS 21,CAPITAL OESTE
2.0,AIS 05,,,PARANGABA,Fortaleza,,Sim,2026-03-08,,,,18:45:58,75918.0,4399657.0,,-3.7753162872,-38.5616858413,Ciclovia Metrofor,,cvp,ROUBO A ESTABELECIMENTO COMERCIAL,,,Domingo,False,True,Chuvoso,7.9,,,AIS 21,CAPITAL OESTE
2.0,AIS 05,,,PARANGABA,Fortaleza,,Sim,2026-03-08,,,,18:45:58,76140.0,4399657.0,,-3.7753162872,-38.5616858413,Ciclovia Metrofor,,cvp,ROUBO A ESTABELECIMENTO COMERCIAL,,,Domingo,False,True,Chuvoso,7.9,,,AIS 21,CAPITAL OESTE
2.0,AIS 05,,,PARANGABA,Fortaleza,,Sim,2026-03-08,,,,18:45:58,76420.0,4399657.0,,-3.7753162872,-38.5616858413,Ciclovia Metrofor,,cvp,ROUBO A ESTABELECIMENTO COMERCIAL,,,Domingo,False,True,Chuvoso,7.9,,,AIS 21,CAPITAL OESTE
2.0,AIS 05,,,PARANGABA,Fortaleza,,Sim,2026-03-08,,,,18:45:58,76800.0,4399657.0,,-3.7753162872,-38.5616858413,Ciclovia Metrofor,,cvp,ROUBO A ESTABELECIMENTO COMERCIAL,,,Domingo,False,True,Chuvoso,7.9,,,AIS 21,CAPITAL OESTE
2.0,AIS 18,,,CENTRO,Fortaleza,,Sim,2026-03-08,,,,18:06:58,75917.0,4399656.0,,-3.7327145811,-38.5260863358,Avenida Duque de Caxias,,cvp,ROUBO A PESSOA,,,Domingo,False,True,Chuvoso,7.9,,,AIS 21,CAPITAL OESTE
2.0,AIS 18,,,CENTRO,Fortaleza,,Sim,2026-03-08,,,,18:06:58,76142.0,4399656.0,,-3.7327145811,-38.5260863358,Avenida Duque de Caxias,,cvp,ROUBO A PESSOA,,,Domingo,False,True,Chuvoso,7.9,,,AIS 21,CAPITAL OESTE
2.0,AIS 18,,,CENTRO,Fortaleza,,Sim,2026-03-08,,,,18:06:58,76415.0,4399656.0,,-3.7327145811,-38.5260863358,Avenida Duque de Caxias,,cvp,ROUBO A PESSOA,,,Domingo,False,True,Chuvoso,7.9,,,AIS 21,CAPITAL OESTE
2.0,AIS 18,,,CENTRO,Fortaleza,,Sim,2026-03-08,,,,18:06:58,76799.0,4399656.0,,-3.7327145811,-38.5260863358,Avenida Duque de Caxias,,cvp,ROUBO A PESSOA,,,Domingo,False,True,Chuvoso,7.9,,,AIS 21,CAPITAL OESTE
2.0,AIS 09,,,,Morada Nova,,Sim,2026-03-08,,,,22:54:21,75916.0,4399813.0,,-5.1080558947,-38.3716797024,Rua Venâncio Nogueira,,cvp,ROUBO A RESIDÊNCIA,,,Domingo,False,True,Chuvoso,7.9,,,AIS 09,SUDESTE
2.0,AIS 09,,,,Morada Nova,,Sim,2026-03-08,,,,22:54:21,76145.0,4399813.0,,-5.1080558947,-38.3716797024,Rua Venâncio Nogueira,,cvp,ROUBO A RESIDÊNCIA,,,Domingo,False,True,Chuvoso,7.9,,,AIS 09,SUDESTE
2.0,AIS 09,,,,Morada Nova,,Sim,2026-03-08,,,,22:54:21,76419.0,4399813.0,,-5.1080558947,-38.3716797024,Rua Venâncio Nogueira,,cvp,ROUBO A RESIDÊNCIA,,,Domingo,False,True,Chuvoso,7.9,,,AIS 09,SUDESTE
2.0,AIS 09,,,,Morada Nova,,Sim,2026-03-08,,,,22:54:21,76795.0,4399813.0,,-5.1080558947,-38.3716797024,Rua Venâncio Nogueira,,cvp,ROUBO A RESIDÊNCIA,,,Domingo,False,True,Chuvoso,7.9,,,AIS 09,SUDESTE
2.0,,,,CIRSTO REDENTOR,Fortaleza,,Sim,2026-03-07,,,,21:39:58,75915.0,4399649.0,,-3.7116128801,-38.5707330326,Cristo Redentor,,cvp,ROUBO A PESSOA,,,Sábado,False,True,Sem Chuva,0.0,,,AIS 06,
2.0,,,,CIRSTO REDENTOR,Fortaleza,,Sim,2026-03-07,,,,21:39:58,76138.0,4399649.0,,-3.7116128801,-38.5707330326,Cristo Redentor,,cvp,ROUBO A PESSOA,,,Sábado,False,True,Sem Chuva,0.0,,,AIS 06,
2.0,,,,CIRSTO REDENTOR,Fortaleza,,Sim,2026-03-07,,,,21:39:58,76411.0,4399649.0,,-3.7116128801,-38.5707330326,Cristo Redentor,,cvp,ROUBO A PESSOA,,,Sábado,False,True,Sem Chuva,0.0,,,AIS 06,
2.0,,,,CIRSTO REDENTOR,Fortaleza,,Sim,2026-03-07,,,,21:39:58,76791.0,4399649.0,,-3.7116128801,-38.5707330326,Cristo Redentor,,cvp,ROUBO A PESSOA,,,Sábado,False,True,Sem Chuva,0.0,,,AIS 06,
2.0,AIS 25,,,HORIZONTE,Horizonte,,Sim,2026-03-07,,,,11:04:21,75914.0,4399777.0,,-4.0908960155,-38.4806704292,Rua Elias Nicolau de Carvalho,,cvp,ROUBO A PESSOA,,,Sábado,False,True,Sem Chuva,0.0,,,AIS 25,RMF LESTE
2.0,AIS 25,,,HORIZONTE,Horizonte,,Sim,2026-03-07,,,,11:04:21,76135.0,4399777.0,,-4.0908960155,-38.4806704292,Rua Elias Nicolau de Carvalho,,cvp,ROUBO A PESSOA,,,Sábado,False,True,Sem Chuva,0.0,,,AIS 25,RMF LESTE
2.0,AIS 25,,,HORIZONTE,Horizonte,,Sim,2026-03-07,,,,11:04:21,76412.0,4399777.0,,-4.0908960155,-38.4806704292,Rua Elias Nicolau de Carvalho,,cvp,ROUBO A PESSOA,,,Sábado,False,True,Sem Chuva,0.0,,,AIS 25,RMF LESTE
2.0,AIS 25,,,HORIZONTE,Horizonte,,Sim,2026-03-07,,,,11:04:21,76793.0,4399777.0,,-4.0908960155,-38.4806704292,Rua Elias Nicolau de Carvalho,,cvp,ROUBO A PESSOA,,,Sábado,False,True,Sem Chuva,0.0,,,AIS 25,RMF LESTE
2.0,AIS 22,,,CASTELÃO,Fortaleza,,Sim,2026-03-07,,,,19:48:09,75913.0,4399647.0,,-3.80288751,-38.5192122577,Rua Maestro Neo Miranda,,cvp,ROUBO A PESSOA,,,Sábado,False,True,Sem Chuva,0.0,,,AIS 21,CAPITAL LESTE
2.0,AIS 22,,,CASTELÃO,Fortaleza,,Sim,2026-03-07,,,,19:48:09,76136.0,4399647.0,,-3.80288751,-38.5192122577,Rua Maestro Neo Miranda,,cvp,ROUBO A PESSOA,,,Sábado,False,True,Sem Chuva,0.0,,,AIS 21,CAPITAL LESTE
2.0,AIS 22,,,CASTELÃO,Fortaleza,,Sim,2026-03-07,,,,19:48:09,76410.0,4399647.0,,-3.80288751,-38.5192122577,Rua Maestro Neo Miranda,,cvp,ROUBO A PESSOA,,,Sábado,False,True,Sem Chuva,0.0,,,AIS 21,CAPITAL LESTE
2.0,AIS 22,,,CASTELÃO,Fortaleza,,Sim,2026-03-07,,,,19:48:09,76790.0,4399647.0,,-3.80288751,-38.5192122577,Rua Maestro Neo Miranda,,cvp,ROUBO A PESSOA,,,Sábado,False,True,Sem Chuva,0.0,,,AIS 21,CAPITAL LESTE
2.0,,,,GENTILÂNDIA,Fortaleza,,Sim,2026-03-07,,,,19:01:56,75912.0,4399644.0,,-3.7470350689,-38.5383372083,Rua Marechal Deodoro,,cvp,ROUBO A PESSOA,,,Sábado,False,True,Sem Chuva,0.0,,,AIS 21,
2.0,,,,GENTILÂNDIA,Fortaleza,,Sim,2026-03-07,,,,19:01:56,76127.0,4399644.0,,-3.7470350689,-38.5383372083,Rua Marechal Deodoro,,cvp,ROUBO A PESSOA,,,Sábado,False,True,Sem Chuva,0.0,,,AIS 21,
2.0,,,,GENTILÂNDIA,Fortaleza,,Sim,2026-03-07,,,,19:01:56,76407.0,4399644.0,,-3.7470350689,-38.5383372083,Rua Marechal Deodoro,,cvp,ROUBO A PESSOA,,,Sábado,False,True,Sem Chuva,0.0,,,AIS 21,
2.0,,,,GENTILÂNDIA,Fortaleza,,Sim,2026-03-07,,,,19:01:56,76787.0,4399644.0,,-3.7470350689,-38.5383372083,Rua Marechal Deodoro,,cvp,ROUBO A PESSOA,,,Sábado,False,True,Sem Chuva,0.0,,,AIS 21,
2.0,AIS 05,,,JOSÉ BONIFÁCIO,Fortaleza,,Sim,2026-03-07,,,,19:14:00,75911.0,4399645.0,,-3.7422932588,-38.5278079122,Rua Conselheiro Tristão,,cvp,ROUBO A PESSOA,,,Sábado,False,True,Sem Chuva,0.0,,,AIS 21,CAPITAL OESTE
2.0,AIS 05,,,JOSÉ BONIFÁCIO,Fortaleza,,Sim,2026-03-07,,,,19:14:00,76137.0,4399645.0,,-3.7422932588,-38.5278079122,Rua Conselheiro Tristão,,cvp,ROUBO A PESSOA,,,Sábado,False,True,Sem Chuva,0.0,,,AIS 21,CAPITAL OESTE
2.0,AIS 05,,,JOSÉ BONIFÁCIO,Fortaleza,,Sim,2026-03-07,,,,19:14:00,76408.0,4399645.0,,-3.7422932588,-38.5278079122,Rua Conselheiro Tristão,,cvp,ROUBO A PESSOA,,,Sábado,False,True,Sem Chuva,0.0,,,AIS 21,CAPITAL OESTE
2.0,AIS 05,,,JOSÉ BONIFÁCIO,Fortaleza,,Sim,2026-03-07,,,,19:14:00,76788.0,4399645.0,,-3.7422932588,-38.5278079122,Rua Conselheiro Tristão,,cvp,ROUBO A PESSOA,,,Sábado,False,True,Sem Chuva,0.0,,,AIS 21,CAPITAL OESTE
2.0,,,,DENDÊ,Fortaleza,,Sim,2026-03-07,,,,19:37:51,75910.0,4399646.0,,-3.7983765296,-38.5556101428,Rua João Evangelista,,cvp,ROUBO A RESIDÊNCIA,,,Sábado,False,True,Sem Chuva,0.0,,,AIS 21,
2.0,,,,DENDÊ,Fortaleza,,Sim,2026-03-07,,,,19:37:51,76139.0,4399646.0,,-3.7983765296,-38.5556101428,Rua João Evangelista,,cvp,ROUBO A RESIDÊNCIA,,,Sábado,False,True,Sem Chuva,0.0,,,AIS 21,
2.0,,,,DENDÊ,Fortaleza,,Sim,2026-03-07,,,,19:37:51,76409.0,4399646.0,,-3.7983765296,-38.5556101428,Rua João Evangelista,,cvp,ROUBO A RESIDÊNCIA,,,Sábado,False,True,Sem Chuva,0.0,,,AIS 21,
2.0,,,,DENDÊ,Fortaleza,,Sim,2026-03-07,,,,19:37:51,76789.0,4399646.0,,-3.7983765296,-38.5556101428,Rua João Evangelista,,cvp,ROUBO A RESIDÊNCIA,,,Sábado,False,True,Sem Chuva,0.0,,,AIS 21,
2.0,AIS 06,,,ANTONIO BEZERRA,Caucaia,,Sim,2026-03-07,,,,14:41:33,75909.0,4399495.0,,-3.754894545,-38.6318361769,Rua Galiente,,cvp,ROUBO A PESSOA,,,Sábado,False,True,Sem Chuva,0.0,,,AIS 06,CAPITAL OESTE
2.0,AIS 06,,,ANTONIO BEZERRA,Caucaia,,Sim,2026-03-07,,,,14:41:33,76128.0,4399495.0,,-3.754894545,-38.6318361769,Rua Galiente,,cvp,ROUBO A PESSOA,,,Sábado,False,True,Sem Chuva,0.0,,,AIS 06,CAPITAL OESTE
2.0,AIS 06,,,ANTONIO BEZERRA,Caucaia,,Sim,2026-03-07,,,,14:41:33,76402.0,4399495.0,,-3.754894545,-38.6318361769,Rua Galiente,,cvp,ROUBO A PESSOA,,,Sábado,False,True,Sem Chuva,0.0,,,AIS 06,CAPITAL OESTE
2.0,AIS 06,,,ANTONIO BEZERRA,Caucaia,,Sim,2026-03-07,,,,14:41:33,76782.0,4399495.0,,-3.754894545,-38.6318361769,Rua Galiente,,cvp,ROUBO A PESSOA,,,Sábado,False,True,Sem Chuva,0.0,,,AIS 06,CAPITAL OESTE
2.0,AIS 05,,,FÁTIMA,Fortaleza,,Sim,2026-03-07,,,,12:57:11,75908.0,4399641.0,,-3.7531037116,-38.5213683176,Avenida 13 de Maio,,cvp,ROUBO A PESSOA,,,Sábado,False,True,Sem Chuva,0.0,,,AIS 21,CAPITAL OESTE
2.0,AIS 05,,,FÁTIMA,Fortaleza,,Sim,2026-03-07,,,,12:57:11,76134.0,4399641.0,,-3.7531037116,-38.5213683176,Avenida 13 de Maio,,cvp,ROUBO A PESSOA,,,Sábado,False,True,Sem Chuva,0.0,,,AIS 21,CAPITAL OESTE
2.0,AIS 05,,,FÁTIMA,Fortaleza,,Sim,2026-03-07,,,,12:57:11,76406.0,4399641.0,,-3.7531037116,-38.5213683176,Avenida 13 de Maio,,cvp,ROUBO A PESSOA,,,Sábado,False,True,Sem Chuva,0.0,,,AIS 21,CAPITAL OESTE
2.0,AIS 05,,,FÁTIMA,Fortaleza,,Sim,2026-03-07,,,,12:57:11,76792.0,4399641.0,,-3.7531037116,-38.5213683176,Avenida 13 de Maio,,cvp,ROUBO A PESSOA,,,Sábado,False,True,Sem Chuva,0.0,,,AIS 21,CAPITAL OESTE
2.0,AIS 06,,,AMADEU FURTADO,Fortaleza,,Sim,2026-03-07,,,,12:32:11,75907.0,4399640.0,,-3.7475758836,-38.5573817801,Rua Francisca Clotilde,,cvp,ROUBO A MERCEARIA/MERCADINHO,,,Sábado,False,True,Sem Chuva,0.0,,,AIS 05,CAPITAL OESTE
2.0,AIS 06,,,AMADEU FURTADO,Fortaleza,,Sim,2026-03-07,,,,12:32:11,76133.0,4399640.0,,-3.7475758836,-38.5573817801,Rua Francisca Clotilde,,cvp,ROUBO A MERCEARIA/MERCADINHO,,,Sábado,False,True,Sem Chuva,0.0,,,AIS 05,CAPITAL OESTE
2.0,AIS 06,,,AMADEU FURTADO,Fortaleza,,Sim,2026-03-07,,,,12:32:11,76405.0,4399640.0,,-3.7475758836,-38.5573817801,Rua Francisca Clotilde,,cvp,ROUBO A MERCEARIA/MERCADINHO,,,Sábado,False,True,Sem Chuva,0.0,,,AIS 05,CAPITAL OESTE
2.0,AIS 06,,,AMADEU FURTADO,Fortaleza,,Sim,2026-03-07,,,,12:32:11,76794.0,4399640.0,,-3.7475758836,-38.5573817801,Rua Francisca Clotilde,,cvp,ROUBO A MERCEARIA/MERCADINHO,,,Sábado,False,True,Sem Chuva,0.0,,,AIS 05,CAPITAL OESTE
2.0,AIS 08,,,VARJOTA,Fortaleza,,Sim,2026-03-07,,,,06:49:37,75906.0,4399637.0,,-3.7392513632,-38.4878361067,Rua Delmiro Gouveia,,cvp,ROUBO A PESSOA,,,Sábado,False,True,Sem Chuva,0.0,,,AIS 21,CAPITAL LESTE
2.0,AIS 08,,,VARJOTA,Fortaleza,,Sim,2026-03-07,,,,06:49:37,76132.0,4399637.0,,-3.7392513632,-38.4878361067,Rua Delmiro Gouveia,,cvp,ROUBO A PESSOA,,,Sábado,False,True,Sem Chuva,0.0,,,AIS 21,CAPITAL LESTE
2.0,AIS 08,,,VARJOTA,Fortaleza,,Sim,2026-03-07,,,,06:49:37,76404.0,4399637.0,,-3.7392513632,-38.4878361067,Rua Delmiro Gouveia,,cvp,ROUBO A PESSOA,,,Sábado,False,True,Sem Chuva,0.0,,,AIS 21,CAPITAL LESTE
2.0,AIS 08,,,VARJOTA,Fortaleza,,Sim,2026-03-07,,,,06:49:37,76786.0,4399637.0,,-3.7392513632,-38.4878361067,Rua Delmiro Gouveia,,cvp,ROUBO A PESSOA,,,Sábado,False,True,Sem Chuva,0.0,,,AIS 21,CAPITAL LESTE
2.0,AIS 21,,,CIDADE DOS FUNCIONÁRIOS,Fortaleza,,Sim,2026-03-07,,,,06:11:37,75905.0,4399636.0,,-3.7886695358,-38.4936184125,Rua Doutor José Perdigão,,cvp,ROUBO A PESSOA,,,Sábado,False,True,Sem Chuva,0.0,,,AIS 21,CAPITAL OESTE
2.0,AIS 21,,,CIDADE DOS FUNCIONÁRIOS,Fortaleza,,Sim,2026-03-07,,,,06:11:37,76131.0,4399636.0,,-3.7886695358,-38.4936184125,Rua Doutor José Perdigão,,cvp,ROUBO A PESSOA,,,Sábado,False,True,Sem Chuva,0.0,,,AIS 21,CAPITAL OESTE
2.0,AIS 21,,,CIDADE DOS FUNCIONÁRIOS,Fortaleza,,Sim,2026-03-07,,,,06:11:37,76403.0,4399636.0,,-3.7886695358,-38.4936184125,Rua Doutor José Perdigão,,cvp,ROUBO A PESSOA,,,Sábado,False,True,Sem Chuva,0.0,,,AIS 21,CAPITAL OESTE
2.0,AIS 21,,,CIDADE DOS FUNCIONÁRIOS,Fortaleza,,Sim,2026-03-07,,,,06:11:37,76785.0,4399636.0,,-3.7886695358,-38.4936184125,Rua Doutor José Perdigão,,cvp,ROUBO A PESSOA,,,Sábado,False,True,Sem Chuva,0.0,,,AIS 21,CAPITAL OESTE
2.0,AIS 19,,,PAPICU,Fortaleza,,Sim,2026-03-07,,,,04:45:50,75904.0,4399633.0,,-3.7381093472,-38.4838725845,Avenida Engenheiro Santana Júnior,,cvp,ROUBO A PESSOA,,,Sábado,False,True,Sem Chuva,0.0,,,AIS 21,CAPITAL LESTE
2.0,AIS 19,,,PAPICU,Fortaleza,,Sim,2026-03-07,,,,04:45:50,76130.0,4399633.0,,-3.7381093472,-38.4838725845,Avenida Engenheiro Santana Júnior,,cvp,ROUBO A PESSOA,,,Sábado,False,True,Sem Chuva,0.0,,,AIS 21,CAPITAL LESTE
2.0,AIS 19,,,PAPICU,Fortaleza,,Sim,2026-03-07,,,,04:45:50,76414.0,4399633.0,,-3.7381093472,-38.4838725845,Avenida Engenheiro Santana Júnior,,cvp,ROUBO A PESSOA,,,Sábado,False,True,Sem Chuva,0.0,,,AIS 21,CAPITAL LESTE
2.0,AIS 19,,,PAPICU,Fortaleza,,Sim,2026-03-07,,,,04:45:50,76784.0,4399633.0,,-3.7381093472,-38.4838725845,Avenida Engenheiro Santana Júnior,,cvp,ROUBO A PESSOA,,,Sábado,False,True,Sem Chuva,0.0,,,AIS 21,CAPITAL LESTE
2.0,AIS 19,,,PAPICU,Fortaleza,,Sim,2026-03-07,,,,02:35:45,75903.0,4399630.0,,-3.7405686575,-38.4840304524,Avenida Santos Dumont,,cvp,ROUBO A ESTABELECIMENTO COMERCIAL,,,Sábado,False,True,Sem Chuva,0.0,,,AIS 21,CAPITAL LESTE
2.0,AIS 19,,,PAPICU,Fortaleza,,Sim,2026-03-07,,,,02:35:45,76129.0,4399630.0,,-3.7405686575,-38.4840304524,Avenida Santos Dumont,,cvp,ROUBO A ESTABELECIMENTO COMERCIAL,,,Sábado,False,True,Sem Chuva,0.0,,,AIS 21,CAPITAL LESTE
2.0,AIS 19,,,PAPICU,Fortaleza,,Sim,2026-03-07,,,,02:35:45,76413.0,4399630.0,,-3.7405686575,-38.4840304524,Avenida Santos Dumont,,cvp,ROUBO A ESTABELECIMENTO COMERCIAL,,,Sábado,False,True,Sem Chuva,0.0,,,AIS 21,CAPITAL LESTE
2.0,AIS 19,,,PAPICU,Fortaleza,,Sim,2026-03-07,,,,02:35:45,76783.0,4399630.0,,-3.7405686575,-38.4840304524,Avenida Santos Dumont,,cvp,ROUBO A ESTABELECIMENTO COMERCIAL,,,Sábado,False,True,Sem Chuva,0.0,,,AIS 21,CAPITAL LESTE
2.0,AIS 06,,,JÓQUEI CLUBE,Fortaleza,,Sim,2026-03-16,,,,19:53:02,76241.0,4402661.0,,-3.7699787895,-38.5744632252,Rua Estrada do Pici,,cvp,ROUBO A PESSOA,,,Segunda-feira,False,False,Nublado,3.9,,,AIS 05,CAPITAL OESTE
2.0,AIS 06,,,JÓQUEI CLUBE,Fortaleza,,Sim,2026-03-16,,,,19:53:02,76521.0,4402661.0,,-3.7699787895,-38.5744632252,Rua Estrada do Pici,,cvp,ROUBO A PESSOA,,,Segunda-feira,False,False,Nublado,3.9,,,AIS 05,CAPITAL OESTE
2.0,AIS 06,,,JÓQUEI CLUBE,Fortaleza,,Sim,2026-03-16,,,,19:53:02,76910.0,4402661.0,,-3.7699787895,-38.5744632252,Rua Estrada do Pici,,cvp,ROUBO A PESSOA,,,Segunda-feira,False,False,Nublado,3.9,,,AIS 05,CAPITAL OESTE
2.0,AIS 06,,,RODOLFO TEÓFILO,Fortaleza,,Sim,2026-03-16,,,,13:00:56,76247.0,4402650.0,,-3.7406565009,-38.5461734592,Rua Dom Joaquim de Melo,,cvp,ROUBO A PESSOA,,,Segunda-feira,False,False,Nublado,3.9,,,AIS 21,CAPITAL OESTE
2.0,AIS 06,,,RODOLFO TEÓFILO,Fortaleza,,Sim,2026-03-16,,,,13:00:56,76528.0,4402650.0,,-3.7406565009,-38.5461734592,Rua Dom Joaquim de Melo,,cvp,ROUBO A PESSOA,,,Segunda-feira,False,False,Nublado,3.9,,,AIS 21,CAPITAL OESTE
2.0,AIS 06,,,RODOLFO TEÓFILO,Fortaleza,,Sim,2026-03-16,,,,13:00:56,76901.0,4402650.0,,-3.7406565009,-38.5461734592,Rua Dom Joaquim de Melo,,cvp,ROUBO A PESSOA,,,Segunda-feira,False,False,Nublado,3.9,,,AIS 21,CAPITAL OESTE
2.0,AIS 18,,,CENTRO,Fortaleza,,Sim,2026-03-16,,,,13:05:11,76248.0,4402651.0,,-3.7247904361,-38.5382549081,Rua Agapito dos Santos,,cvp,ROUBO A PESSOA,,,Segunda-feira,False,False,Nublado,3.9,,,AIS 05,CAPITAL OESTE
2.0,AIS 18,,,CENTRO,Fortaleza,,Sim,2026-03-16,,,,13:05:11,76529.0,4402651.0,,-3.7247904361,-38.5382549081,Rua Agapito dos Santos,,cvp,ROUBO A PESSOA,,,Segunda-feira,False,False,Nublado,3.9,,,AIS 05,CAPITAL OESTE
2.0,AIS 18,,,CENTRO,Fortaleza,,Sim,2026-03-16,,,,13:05:11,76902.0,4402651.0,,-3.7247904361,-38.5382549081,Rua Agapito dos Santos,,cvp,ROUBO A PESSOA,,,Segunda-feira,False,False,Nublado,3.9,,,AIS 05,CAPITAL OESTE
2.0,AIS 21,,,EDSON QUEIROZ,Fortaleza,,Sim,2026-03-16,,,,13:34:35,76249.0,4402652.0,,-3.7698297523,-38.4816082893,Avenida Washington Soares,,cvp,ROUBO A COLETIVO,,,Segunda-feira,False,False,Nublado,3.9,,,AIS 21,CAPITAL OESTE
2.0,AIS 21,,,EDSON QUEIROZ,Fortaleza,,Sim,2026-03-16,,,,13:34:35,76530.0,4402652.0,,-3.7698297523,-38.4816082893,Avenida Washington Soares,,cvp,ROUBO A COLETIVO,,,Segunda-feira,False,False,Nublado,3.9,,,AIS 21,CAPITAL OESTE
2.0,AIS 21,,,EDSON QUEIROZ,Fortaleza,,Sim,2026-03-16,,,,13:34:35,76903.0,4402652.0,,-3.7698297523,-38.4816082893,Avenida Washington Soares,,cvp,ROUBO A COLETIVO,,,Segunda-feira,False,False,Nublado,3.9,,,AIS 21,CAPITAL OESTE
2.0,AIS 05,,,VILA UNIÃO,Fortaleza,,Sim,2026-03-16,,,,13:39:25,76250.0,4402653.0,,-3.7684471525,-38.5303686128,Rua Helvécio Monte,,cvp,ROUBO A PESSOA,,,Segunda-feira,False,False,Nublado,3.9,,,AIS 21,CAPITAL OESTE
2.0,AIS 05,,,VILA UNIÃO,Fortaleza,,Sim,2026-03-16,,,,13:39:25,76531.0,4402653.0,,-3.7684471525,-38.5303686128,Rua Helvécio Monte,,cvp,ROUBO A PESSOA,,,Segunda-feira,False,False,Nublado,3.9,,,AIS 21,CAPITAL OESTE
2.0,AIS 05,,,VILA UNIÃO,Fortaleza,,Sim,2026-03-16,,,,13:39:25,76904.0,4402653.0,,-3.7684471525,-38.5303686128,Rua Helvécio Monte,,cvp,ROUBO A PESSOA,,,Segunda-feira,False,False,Nublado,3.9,,,AIS 21,CAPITAL OESTE
2.0,AIS 18,,,CENTRO,Fortaleza,,Sim,2026-03-16,,,,18:39:29,76251.0,4402656.0,,-3.7262616593,-38.5178423356,Rua Dona Leopoldina,,cvp,ROUBO A PESSOA,,,Segunda-feira,False,False,Nublado,3.9,,,AIS 21,CAPITAL OESTE
2.0,AIS 18,,,CENTRO,Fortaleza,,Sim,2026-03-16,,,,18:39:29,76516.0,4402656.0,,-3.7262616593,-38.5178423356,Rua Dona Leopoldina,,cvp,ROUBO A PESSOA,,,Segunda-feira,False,False,Nublado,3.9,,,AIS 21,CAPITAL OESTE
2.0,AIS 18,,,CENTRO,Fortaleza,,Sim,2026-03-16,,,,18:39:29,76905.0,4402656.0,,-3.7262616593,-38.5178423356,Rua Dona Leopoldina,,cvp,ROUBO A PESSOA,,,Segunda-feira,False,False,Nublado,3.9,,,AIS 21,CAPITAL OESTE
2.0,AIS 05,,,PARREÃO,Fortaleza,,Sim,2026-03-16,,,,18:56:46,76252.0,4402657.0,,-3.7592332532,-38.5377847878,Rua Esperanto,,cvp,ROUBO A PESSOA,,,Segunda-feira,False,False,Nublado,3.9,,,AIS 21,CAPITAL OESTE
2.0,AIS 05,,,PARREÃO,Fortaleza,,Sim,2026-03-16,,,,18:56:46,76517.0,4402657.0,,-3.7592332532,-38.5377847878,Rua Esperanto,,cvp,ROUBO A PESSOA,,,Segunda-feira,False,False,Nublado,3.9,,,AIS 21,CAPITAL OESTE
2.0,AIS 05,,,PARREÃO,Fortaleza,,Sim,2026-03-16,,,,18:56:46,76906.0,4402657.0,,-3.7592332532,-38.5377847878,Rua Esperanto,,cvp,ROUBO A PESSOA,,,Segunda-feira,False,False,Nublado,3.9,,,AIS 21,CAPITAL OESTE
2.0,AIS 08,,,MUCURIPE,Fortaleza,,Sim,2026-03-16,,,,18:58:27,76253.0,4402658.0,,-3.72202663,-38.4801742357,Avenida Beira Mar,,cvp,ROUBO A RESTAURANTE/BAR/LANCHONETE,,,Segunda-feira,False,False,Nublado,3.9,,,AIS 08,CAPITAL LESTE
2.0,AIS 08,,,MUCURIPE,Fortaleza,,Sim,2026-03-16,,,,18:58:27,76520.0,4402658.0,,-3.72202663,-38.4801742357,Avenida Beira Mar,,cvp,ROUBO A RESTAURANTE/BAR/LANCHONETE,,,Segunda-feira,False,False,Nublado,3.9,,,AIS 08,CAPITAL LESTE
2.0,AIS 08,,,MUCURIPE,Fortaleza,,Sim,2026-03-16,,,,18:58:27,76907.0,4402658.0,,-3.72202663,-38.4801742357,Avenida Beira Mar,,cvp,ROUBO A RESTAURANTE/BAR/LANCHONETE,,,Segunda-feira,False,False,Nublado,3.9,,,AIS 08,CAPITAL LESTE
2.0,AIS 05,,,PARREÃO,Fortaleza,,Sim,2026-03-16,,,,19:14:18,76254.0,4402659.0,,-3.7620538288,-38.5393518306,Rua Tianguá,,cvp,ROUBO A PESSOA,,,Segunda-feira,False,False,Nublado,3.9,,,AIS 21,CAPITAL OESTE
2.0,AIS 05,,,PARREÃO,Fortaleza,,Sim,2026-03-16,,,,19:14:18,76519.0,4402659.0,,-3.7620538288,-38.5393518306,Rua Tianguá,,cvp,ROUBO A PESSOA,,,Segunda-feira,False,False,Nublado,3.9,,,AIS 21,CAPITAL OESTE
2.0,AIS 05,,,PARREÃO,Fortaleza,,Sim,2026-03-16,,,,19:14:18,76908.0,4402659.0,,-3.7620538288,-38.5393518306,Rua Tianguá,,cvp,ROUBO A PESSOA,,,Segunda-feira,False,False,Nublado,3.9,,,AIS 21,CAPITAL OESTE
2.0,AIS 06,,,HENRIQUE JORGE,Fortaleza,,Sim,2026-03-16,,,,19:42:55,76255.0,4402660.0,,-3.7629978965,-38.5792363519,Rua Guarani,,cvp,ROUBO A PESSOA,,,Segunda-feira,False,False,Nublado,3.9,,,AIS 06,CAPITAL OESTE
2.0,AIS 06,,,HENRIQUE JORGE,Fortaleza,,Sim,2026-03-16,,,,19:42:55,76522.0,4402660.0,,-3.7629978965,-38.5792363519,Rua Guarani,,cvp,ROUBO A PESSOA,,,Segunda-feira,False,False,Nublado,3.9,,,AIS 06,CAPITAL OESTE
2.0,AIS 06,,,HENRIQUE JORGE,Fortaleza,,Sim,2026-03-16,,,,19:42:55,76909.0,4402660.0,,-3.7629978965,-38.5792363519,Rua Guarani,,cvp,ROUBO A PESSOA,,,Segunda-feira,False,False,Nublado,3.9,,,AIS 06,CAPITAL OESTE
2.0,AIS 16,,,ANCURI,Fortaleza,,Sim,2026-03-16,,,,20:06:34,76256.0,4402662.0,,-3.8604298254,-38.5029620001,Rua São Leopoldo,,cvp,ROUBO A PESSOA,,,Segunda-feira,False,False,Nublado,3.9,,,AIS 16,CAPITAL LESTE
2.0,AIS 16,,,ANCURI,Fortaleza,,Sim,2026-03-16,,,,20:06:34,76518.0,4402662.0,,-3.8604298254,-38.5029620001,Rua São Leopoldo,,cvp,ROUBO A PESSOA,,,Segunda-feira,False,False,Nublado,3.9,,,AIS 16,CAPITAL LESTE
2.0,AIS 16,,,ANCURI,Fortaleza,,Sim,2026-03-16,,,,20:06:34,76911.0,4402662.0,,-3.8604298254,-38.5029620001,Rua São Leopoldo,,cvp,ROUBO A PESSOA,,,Segunda-feira,False,False,Nublado,3.9,,,AIS 16,CAPITAL LESTE
2.0,AIS 21,,,ENGENHEIRO LUCIANO CAVALCANTE,Fortaleza,,Sim,2026-03-16,,,,20:11:16,76257.0,4402663.0,,-3.7762143622,-38.4837396912,Rua Luiza Miranda Coelho,,cvp,ROUBO A PESSOA,,,Segunda-feira,False,False,Nublado,3.9,,,AIS 21,CAPITAL LESTE
2.0,AIS 21,,,ENGENHEIRO LUCIANO CAVALCANTE,Fortaleza,,Sim,2026-03-16,,,,20:11:16,76533.0,4402663.0,,-3.7762143622,-38.4837396912,Rua Luiza Miranda Coelho,,cvp,ROUBO A PESSOA,,,Segunda-feira,False,False,Nublado,3.9,,,AIS 21,CAPITAL LESTE
2.0,AIS 21,,,ENGENHEIRO LUCIANO CAVALCANTE,Fortaleza,,Sim,2026-03-16,,,,20:11:16,76912.0,4402663.0,,-3.7762143622,-38.4837396912,Rua Luiza Miranda Coelho,,cvp,ROUBO A PESSOA,,,Segunda-feira,False,False,Nublado,3.9,,,AIS 21,CAPITAL LESTE
2.0,AIS 05,,,BENFICA,Fortaleza,,Sim,2026-03-16,,,,20:13:02,76258.0,4402664.0,,-3.7400266258,-38.5383063875,Avenida da Universidade,,cvp,ROUBO A PESSOA,,,Segunda-feira,False,False,Nublado,3.9,,,AIS 21,CAPITAL OESTE
2.0,AIS 05,,,BENFICA,Fortaleza,,Sim,2026-03-16,,,,20:13:02,76532.0,4402664.0,,-3.7400266258,-38.5383063875,Avenida da Universidade,,cvp,ROUBO A PESSOA,,,Segunda-feira,False,False,Nublado,3.9,,,AIS 21,CAPITAL OESTE
2.0,AIS 05,,,BENFICA,Fortaleza,,Sim,2026-03-16,,,,20:13:02,76913.0,4402664.0,,-3.7400266258,-38.5383063875,Avenida da Universidade,,cvp,ROUBO A PESSOA,,,Segunda-feira,False,False,Nublado,3.9,,,AIS 21,CAPITAL OESTE
2.0,AIS 31,,,,Mombaça,,Sim,2026-03-17,,,,16:20:21,76259.0,4402768.0,,-5.7415973271,-39.6265922816,Rua Doutor José Carneiro,,cvp,ROUBO A PESSOA,,,Terça-feira,False,False,Nublado,2.6,,,AIS 31,SUDESTE
2.0,AIS 31,,,,Mombaça,,Sim,2026-03-17,,,,16:20:21,76538.0,4402768.0,,-5.7415973271,-39.6265922816,Rua Doutor José Carneiro,,cvp,ROUBO A PESSOA,,,Terça-feira,False,False,Nublado,2.6,,,AIS 31,SUDESTE
2.0,AIS 31,,,,Mombaça,,Sim,2026-03-17,,,,16:20:21,76927.0,4402768.0,,-5.7415973271,-39.6265922816,Rua Doutor José Carneiro,,cvp,ROUBO A PESSOA,,,Terça-feira,False,False,Nublado,2.6,,,AIS 31,SUDESTE
2.0,AIS 08,,,ALDEOTA,Fortaleza,,Sim,2026-03-17,,,,07:28:49,76260.0,4402671.0,,-3.7361639027,-38.5160498978,Avenida Heráclito Graça,,cvp,ROUBO A PESSOA,,,Terça-feira,False,False,Nublado,2.6,,,AIS 21,CAPITAL LESTE
2.0,AIS 08,,,ALDEOTA,Fortaleza,,Sim,2026-03-17,,,,07:28:49,76535.0,4402671.0,,-3.7361639027,-38.5160498978,Avenida Heráclito Graça,,cvp,ROUBO A PESSOA,,,Terça-feira,False,False,Nublado,2.6,,,AIS 21,CAPITAL LESTE
2.0,AIS 08,,,ALDEOTA,Fortaleza,,Sim,2026-03-17,,,,07:28:49,76916.0,4402671.0,,-3.7361639027,-38.5160498978,Avenida Heráclito Graça,,cvp,ROUBO A PESSOA,,,Terça-feira,False,False,Nublado,2.6,,,AIS 21,CAPITAL LESTE
2.0,AIS 18,,,CENTRO,Fortaleza,,Sim,2026-03-17,,,,02:48:51,76261.0,4402668.0,,-3.7237581394,-38.5192336687,Avenida Dom Manuel,,cvp,ROUBO A PESSOA,,,Terça-feira,False,False,Nublado,2.6,,,AIS 08,CAPITAL OESTE
2.0,AIS 18,,,CENTRO,Fortaleza,,Sim,2026-03-17,,,,02:48:51,76536.0,4402668.0,,-3.7237581394,-38.5192336687,Avenida Dom Manuel,,cvp,ROUBO A PESSOA,,,Terça-feira,False,False,Nublado,2.6,,,AIS 08,CAPITAL OESTE
2.0,AIS 18,,,CENTRO,Fortaleza,,Sim,2026-03-17,,,,02:48:51,76915.0,4402668.0,,-3.7237581394,-38.5192336687,Avenida Dom Manuel,,cvp,ROUBO A PESSOA,,,Terça-feira,False,False,Nublado,2.6,,,AIS 08,CAPITAL OESTE
2.0,AIS 05,,,PARANGABA,Fortaleza,,Sim,2026-03-17,,,,23:21:42,76262.0,4402683.0,,-3.7771651003,-38.5667955036,Rua Cônego de Castro,,cvp,ROUBO A COLETIVO,,,Terça-feira,False,False,Nublado,2.6,,,AIS 05,CAPITAL OESTE
2.0,AIS 05,,,PARANGABA,Fortaleza,,Sim,2026-03-17,,,,23:21:42,76545.0,4402683.0,,-3.7771651003,-38.5667955036,Rua Cônego de Castro,,cvp,ROUBO A COLETIVO,,,Terça-feira,False,False,Nublado,2.6,,,AIS 05,CAPITAL OESTE
2.0,AIS 05,,,PARANGABA,Fortaleza,,Sim,2026-03-17,,,,23:21:42,76926.0,4402683.0,,-3.7771651003,-38.5667955036,Rua Cônego de Castro,,cvp,ROUBO A COLETIVO,,,Terça-feira,False,False,Nublado,2.6,,,AIS 05,CAPITAL OESTE
2.0,AIS 21,,,ENGENHEIRO LUCIANO CAVALCANTE,Fortaleza,,Sim,2026-03-17,,,,00:12:30,76263.0,4402667.0,,-3.7762143622,-38.4837396912,Rua Luiza Miranda Coelho,,cvp,ROUBO A PESSOA,,,Terça-feira,False,False,Nublado,2.6,,,AIS 21,CAPITAL LESTE
2.0,AIS 21,,,ENGENHEIRO LUCIANO CAVALCANTE,Fortaleza,,Sim,2026-03-17,,,,00:12:30,76537.0,4402667.0,,-3.7762143622,-38.4837396912,Rua Luiza Miranda Coelho,,cvp,ROUBO A PESSOA,,,Terça-feira,False,False,Nublado,2.6,,,AIS 21,CAPITAL LESTE
2.0,AIS 21,,,ENGENHEIRO LUCIANO CAVALCANTE,Fortaleza,,Sim,2026-03-17,,,,00:12:30,76914.0,4402667.0,,-3.7762143622,-38.4837396912,Rua Luiza Miranda Coelho,,cvp,ROUBO A PESSOA,,,Terça-feira,False,False,Nublado,2.6,,,AIS 21,CAPITAL LESTE
2.0,AIS 19,,,COCÓ,Fortaleza,,Sim,2026-03-17,,,,21:19:03,76264.0,4402681.0,,-3.7469191004,-38.4822463471,Rua Doutor Batista de Oliveira,,cvp,ROUBO A PESSOA C/ CONSTRANGIMENTO DA LIBERDADE,,,Terça-feira,False,False,Nublado,2.6,,,AIS 21,CAPITAL LESTE
2.0,AIS 19,,,COCÓ,Fortaleza,,Sim,2026-03-17,,,,21:19:03,76544.0,4402681.0,,-3.7469191004,-38.4822463471,Rua Doutor Batista de Oliveira,,cvp,ROUBO A PESSOA C/ CONSTRANGIMENTO DA LIBERDADE,,,Terça-feira,False,False,Nublado,2.6,,,AIS 21,CAPITAL LESTE
2.0,AIS 19,,,COCÓ,Fortaleza,,Sim,2026-03-17,,,,21:19:03,76925.0,4402681.0,,-3.7469191004,-38.4822463471,Rua Doutor Batista de Oliveira,,cvp,ROUBO A PESSOA C/ CONSTRANGIMENTO DA LIBERDADE,,,Terça-feira,False,False,Nublado,2.6,,,AIS 21,CAPITAL LESTE
2.0,AIS 19,,,JOAQUIM TÁVORA,Fortaleza,,Sim,2026-03-17,,,,21:04:36,76265.0,4402680.0,,-3.7482143637,-38.5164154845,Rua Barão de Aracati,,cvp,ROUBO A PESSOA,,,Terça-feira,False,False,Nublado,2.6,,,AIS 21,CAPITAL LESTE
2.0,AIS 19,,,JOAQUIM TÁVORA,Fortaleza,,Sim,2026-03-17,,,,21:04:36,76543.0,4402680.0,,-3.7482143637,-38.5164154845,Rua Barão de Aracati,,cvp,ROUBO A PESSOA,,,Terça-feira,False,False,Nublado,2.6,,,AIS 21,CAPITAL LESTE
2.0,AIS 19,,,JOAQUIM TÁVORA,Fortaleza,,Sim,2026-03-17,,,,21:04:36,76924.0,4402680.0,,-3.7482143637,-38.5164154845,Rua Barão de Aracati,,cvp,ROUBO A PESSOA,,,Terça-feira,False,False,Nublado,2.6,,,AIS 21,CAPITAL LESTE
2.0,AIS 19,,,JOAQUIM TÁVORA,Fortaleza,,Sim,2026-03-17,,,,20:48:38,76266.0,4402679.0,,-3.7468093771,-38.5127489276,Avenida Rui Barbosa,,cvp,ROUBO A PESSOA,,,Terça-feira,False,False,Nublado,2.6,,,AIS 21,CAPITAL LESTE
2.0,AIS 19,,,JOAQUIM TÁVORA,Fortaleza,,Sim,2026-03-17,,,,20:48:38,76542.0,4402679.0,,-3.7468093771,-38.5127489276,Avenida Rui Barbosa,,cvp,ROUBO A PESSOA,,,Terça-feira,False,False,Nublado,2.6,,,AIS 21,CAPITAL LESTE
2.0,AIS 19,,,JOAQUIM TÁVORA,Fortaleza,,Sim,2026-03-17,,,,20:48:38,76923.0,4402679.0,,-3.7468093771,-38.5127489276,Avenida Rui Barbosa,,cvp,ROUBO A PESSOA,,,Terça-feira,False,False,Nublado,2.6,,,AIS 21,CAPITAL LESTE
2.0,AIS 08,,,MUCURIPE,Fortaleza,,Sim,2026-03-17,,,,19:41:10,76267.0,4402678.0,,-3.7250619125,-38.4878373014,Rua da Paz,,cvp,ROUBO A PESSOA,,,Terça-feira,False,False,Nublado,2.6,,,AIS 08,CAPITAL LESTE
2.0,AIS 08,,,MUCURIPE,Fortaleza,,Sim,2026-03-17,,,,19:41:10,76541.0,4402678.0,,-3.7250619125,-38.4878373014,Rua da Paz,,cvp,ROUBO A PESSOA,,,Terça-feira,False,False,Nublado,2.6,,,AIS 08,CAPITAL LESTE
2.0,AIS 08,,,MUCURIPE,Fortaleza,,Sim,2026-03-17,,,,19:41:10,76922.0,4402678.0,,-3.7250619125,-38.4878373014,Rua da Paz,,cvp,ROUBO A PESSOA,,,Terça-feira,False,False,Nublado,2.6,,,AIS 08,CAPITAL LESTE
2.0,AIS 21,,,ENGENHEIRO LUCIANO CAVALCANTE,Fortaleza,,Sim,2026-03-17,,,,18:26:40,76268.0,4402677.0,,-3.7730422132,-38.4962352852,Rua Jaime Leonel,,cvp,ROUBO A PESSOA,,,Terça-feira,False,False,Nublado,2.6,,,AIS 21,CAPITAL LESTE
2.0,AIS 21,,,ENGENHEIRO LUCIANO CAVALCANTE,Fortaleza,,Sim,2026-03-17,,,,18:26:40,76539.0,4402677.0,,-3.7730422132,-38.4962352852,Rua Jaime Leonel,,cvp,ROUBO A PESSOA,,,Terça-feira,False,False,Nublado,2.6,,,AIS 21,CAPITAL LESTE
2.0,AIS 21,,,ENGENHEIRO LUCIANO CAVALCANTE,Fortaleza,,Sim,2026-03-17,,,,18:26:40,76921.0,4402677.0,,-3.7730422132,-38.4962352852,Rua Jaime Leonel,,cvp,ROUBO A PESSOA,,,Terça-feira,False,False,Nublado,2.6,,,AIS 21,CAPITAL LESTE
2.0,AIS 06,,,ANTÔNIO BEZERRA,Fortaleza,,Sim,2026-03-17,,,,17:21:36,76269.0,4402676.0,,-3.7396372277,-38.5911309916,Avenida Mister Hull,,cvp,ROUBO A PESSOA C/ CONSTRANGIMENTO DA LIBERDADE,,,Terça-feira,False,False,Nublado,2.6,,,AIS 06,CAPITAL OESTE
2.0,AIS 06,,,ANTÔNIO BEZERRA,Fortaleza,,Sim,2026-03-17,,,,17:21:36,76540.0,4402676.0,,-3.7396372277,-38.5911309916,Avenida Mister Hull,,cvp,ROUBO A PESSOA C/ CONSTRANGIMENTO DA LIBERDADE,,,Terça-feira,False,False,Nublado,2.6,,,AIS 06,CAPITAL OESTE
2.0,AIS 06,,,ANTÔNIO BEZERRA,Fortaleza,,Sim,2026-03-17,,,,17:21:36,76920.0,4402676.0,,-3.7396372277,-38.5911309916,Avenida Mister Hull,,cvp,ROUBO A PESSOA C/ CONSTRANGIMENTO DA LIBERDADE,,,Terça-feira,False,False,Nublado,2.6,,,AIS 06,CAPITAL OESTE
2.0,AIS 21,,,ENGENHEIRO LUCIANO CAVALCANTE,Fortaleza,,Sim,2026-03-17,,,,16:13:15,76270.0,4402675.0,,-3.7730422132,-38.4962352852,Rua Jaime Leonel,,cvp,ROUBO A PESSOA,,,Terça-feira,False,False,Nublado,2.6,,,AIS 21,CAPITAL LESTE
2.0,AIS 21,,,ENGENHEIRO LUCIANO CAVALCANTE,Fortaleza,,Sim,2026-03-17,,,,16:13:15,76546.0,4402675.0,,-3.7730422132,-38.4962352852,Rua Jaime Leonel,,cvp,ROUBO A PESSOA,,,Terça-feira,False,False,Nublado,2.6,,,AIS 21,CAPITAL LESTE
2.0,AIS 21,,,ENGENHEIRO LUCIANO CAVALCANTE,Fortaleza,,Sim,2026-03-17,,,,16:13:15,76919.0,4402675.0,,-3.7730422132,-38.4962352852,Rua Jaime Leonel,,cvp,ROUBO A PESSOA,,,Terça-feira,False,False,Nublado,2.6,,,AIS 21,CAPITAL LESTE
2.0,AIS 19,,,DIONÍSIO TORRES,Fortaleza,,Sim,2026-03-17,,,,15:18:23,76271.0,4402674.0,,-3.7513182541,-38.5084908417,Rua Nunes Valente,,cvp,ROUBO A ESTABELECIMENTO COMERCIAL,,,Terça-feira,False,False,Nublado,2.6,,,AIS 21,CAPITAL LESTE
2.0,AIS 19,,,DIONÍSIO TORRES,Fortaleza,,Sim,2026-03-17,,,,15:18:23,76547.0,4402674.0,,-3.7513182541,-38.5084908417,Rua Nunes Valente,,cvp,ROUBO A ESTABELECIMENTO COMERCIAL,,,Terça-feira,False,False,Nublado,2.6,,,AIS 21,CAPITAL LESTE
2.0,AIS 19,,,DIONÍSIO TORRES,Fortaleza,,Sim,2026-03-17,,,,15:18:23,76918.0,4402674.0,,-3.7513182541,-38.5084908417,Rua Nunes Valente,,cvp,ROUBO A ESTABELECIMENTO COMERCIAL,,,Terça-feira,False,False,Nublado,2.6,,,AIS 21,CAPITAL LESTE
2.0,AIS 19,,,DIONÍSIO TORRES,Fortaleza,,Sim,2026-03-17,,,,15:08:28,76272.0,4402673.0,,-3.7475434525,-38.5022310367,Avenida Desembargador Moreira,,cvp,ROUBO A PESSOA,,,Terça-feira,False,False,Nublado,2.6,,,AIS 21,CAPITAL LESTE
2.0,AIS 19,,,DIONÍSIO TORRES,Fortaleza,,Sim,2026-03-17,,,,15:08:28,76534.0,4402673.0,,-3.7475434525,-38.5022310367,Avenida Desembargador Moreira,,cvp,ROUBO A PESSOA,,,Terça-feira,False,False,Nublado,2.6,,,AIS 21,CAPITAL LESTE
2.0,AIS 19,,,DIONÍSIO TORRES,Fortaleza,,Sim,2026-03-17,,,,15:08:28,76917.0,4402673.0,,-3.7475434525,-38.5022310367,Avenida Desembargador Moreira,,cvp,ROUBO A PESSOA,,,Terça-feira,False,False,Nublado,2.6,,,AIS 21,CAPITAL LESTE
2.0,AIS 16,,,ANCURI,Fortaleza,,Sim,2026-03-18,,,,09:33:22,76273.0,4402689.0,,-3.8591399961,-38.4976418661,Rua Jorge da Veiga,,cvp,ROUBO A PESSOA,,,Quarta-feira,False,False,Chuvoso,10.4,,,AIS 16,CAPITAL LESTE
2.0,AIS 16,,,ANCURI,Fortaleza,,Sim,2026-03-18,,,,09:33:22,76550.0,4402689.0,,-3.8591399961,-38.4976418661,Rua Jorge da Veiga,,cvp,ROUBO A PESSOA,,,Quarta-feira,False,False,Chuvoso,10.4,,,AIS 16,CAPITAL LESTE
2.0,AIS 16,,,ANCURI,Fortaleza,,Sim,2026-03-18,,,,09:33:22,76930.0,4402689.0,,-3.8591399961,-38.4976418661,Rua Jorge da Veiga,,cvp,ROUBO A PESSOA,,,Quarta-feira,False,False,Chuvoso,10.4,,,AIS 16,CAPITAL LESTE
2.0,AIS 21,,,CIDADE DOS FUNCIONÁRIOS,Fortaleza,,Sim,2026-03-18,,,,09:02:11,76274.0,4402688.0,,-3.7992373956,-38.5051752373,Pista Marginal,,cvp,ROUBO A PESSOA,,,Quarta-feira,False,False,Chuvoso,10.4,,,AIS 21,CAPITAL OESTE
2.0,AIS 21,,,CIDADE DOS FUNCIONÁRIOS,Fortaleza,,Sim,2026-03-18,,,,09:02:11,76548.0,4402688.0,,-3.7992373956,-38.5051752373,Pista Marginal,,cvp,ROUBO A PESSOA,,,Quarta-feira,False,False,Chuvoso,10.4,,,AIS 21,CAPITAL OESTE
2.0,AIS 21,,,CIDADE DOS FUNCIONÁRIOS,Fortaleza,,Sim,2026-03-18,,,,09:02:11,76929.0,4402688.0,,-3.7992373956,-38.5051752373,Pista Marginal,,cvp,ROUBO A PESSOA,,,Quarta-feira,False,False,Chuvoso,10.4,,,AIS 21,CAPITAL OESTE
2.0,AIS 05,,,MONTESE,Fortaleza,,Sim,2026-03-18,,,,08:49:53,76275.0,4402687.0,,-3.7632787116,-38.5444412372,Avenida José do Patrocínio,,cvp,ROUBO A PESSOA,,,Quarta-feira,False,False,Chuvoso,10.4,,,AIS 21,CAPITAL OESTE
2.0,AIS 05,,,MONTESE,Fortaleza,,Sim,2026-03-18,,,,08:49:53,76549.0,4402687.0,,-3.7632787116,-38.5444412372,Avenida José do Patrocínio,,cvp,ROUBO A PESSOA,,,Quarta-feira,False,False,Chuvoso,10.4,,,AIS 21,CAPITAL OESTE
2.0,AIS 05,,,MONTESE,Fortaleza,,Sim,2026-03-18,,,,08:49:53,76928.0,4402687.0,,-3.7632787116,-38.5444412372,Avenida José do Patrocínio,,cvp,ROUBO A PESSOA,,,Quarta-feira,False,False,Chuvoso,10.4,,,AIS 21,CAPITAL OESTE
2.0,AIS 19,,,PRAIA DO FUTURO I,Fortaleza,,Sim,2026-03-18,,,,18:10:42,76276.0,4402693.0,,-3.7489035859,-38.4467844138,Avenida Clóvis Arrais Maia,,cvp,ROUBO A PESSOA,,,Quarta-feira,False,False,Chuvoso,10.4,,,AIS 08,CAPITAL LESTE
2.0,AIS 19,,,PRAIA DO FUTURO I,Fortaleza,,Sim,2026-03-18,,,,18:10:42,76554.0,4402693.0,,-3.7489035859,-38.4467844138,Avenida Clóvis Arrais Maia,,cvp,ROUBO A PESSOA,,,Quarta-feira,False,False,Chuvoso,10.4,,,AIS 08,CAPITAL LESTE
2.0,AIS 19,,,PRAIA DO FUTURO I,Fortaleza,,Sim,2026-03-18,,,,18:10:42,76934.0,4402693.0,,-3.7489035859,-38.4467844138,Avenida Clóvis Arrais Maia,,cvp,ROUBO A PESSOA,,,Quarta-feira,False,False,Chuvoso,10.4,,,AIS 08,CAPITAL LESTE
2.0,AIS 05,,,VILA PERY,Fortaleza,,Sim,2026-03-18,,,,20:51:19,76277.0,4402695.0,,-3.7824330933,-38.5783897157,Rua Leão do Norte,,cvp,ROUBO A PESSOA,,,Quarta-feira,False,False,Chuvoso,10.4,,,AIS 05,CAPITAL OESTE
2.0,AIS 05,,,VILA PERY,Fortaleza,,Sim,2026-03-18,,,,20:51:19,76556.0,4402695.0,,-3.7824330933,-38.5783897157,Rua Leão do Norte,,cvp,ROUBO A PESSOA,,,Quarta-feira,False,False,Chuvoso,10.4,,,AIS 05,CAPITAL OESTE
2.0,AIS 05,,,VILA PERY,Fortaleza,,Sim,2026-03-18,,,,20:51:19,76936.0,4402695.0,,-3.7824330933,-38.5783897157,Rua Leão do Norte,,cvp,ROUBO A PESSOA,,,Quarta-feira,False,False,Chuvoso,10.4,,,AIS 05,CAPITAL OESTE
2.0,AIS 19,,,JOAQUIM TÁVORA,Fortaleza,,Sim,2026-03-18,,,,20:18:22,76278.0,4402694.0,,-3.7434292341,-38.5127999668,Rua Robério Távora,,cvp,ROUBO A PESSOA,,,Quarta-feira,False,False,Chuvoso,10.4,,,AIS 21,CAPITAL LESTE
2.0,AIS 19,,,JOAQUIM TÁVORA,Fortaleza,,Sim,2026-03-18,,,,20:18:22,76555.0,4402694.0,,-3.7434292341,-38.5127999668,Rua Robério Távora,,cvp,ROUBO A PESSOA,,,Quarta-feira,False,False,Chuvoso,10.4,,,AIS 21,CAPITAL LESTE
2.0,AIS 19,,,JOAQUIM TÁVORA,Fortaleza,,Sim,2026-03-18,,,,20:18:22,76935.0,4402694.0,,-3.7434292341,-38.5127999668,Rua Robério Távora,,cvp,ROUBO A PESSOA,,,Quarta-feira,False,False,Chuvoso,10.4,,,AIS 21,CAPITAL LESTE
2.0,AIS 05,,,FÁTIMA,Fortaleza,,Sim,2026-03-18,,,,15:52:09,76279.0,4402692.0,,-3.7497575645,-38.5230430159,Rua João Filho,,cvp,ROUBO A PESSOA,,,Quarta-feira,False,False,Chuvoso,10.4,,,AIS 21,CAPITAL OESTE
2.0,AIS 05,,,FÁTIMA,Fortaleza,,Sim,2026-03-18,,,,15:52:09,76553.0,4402692.0,,-3.7497575645,-38.5230430159,Rua João Filho,,cvp,ROUBO A PESSOA,,,Quarta-feira,False,False,Chuvoso,10.4,,,AIS 21,CAPITAL OESTE
2.0,AIS 05,,,FÁTIMA,Fortaleza,,Sim,2026-03-18,,,,15:52:09,76933.0,4402692.0,,-3.7497575645,-38.5230430159,Rua João Filho,,cvp,ROUBO A PESSOA,,,Quarta-feira,False,False,Chuvoso,10.4,,,AIS 21,CAPITAL OESTE
2.0,AIS 05,,,SERRINHA,Fortaleza,,Sim,2026-03-18,,,,12:40:16,76280.0,4402691.0,,-3.7870321288,-38.5481160043,Rua Vila Rica,,cvp,ROUBO A ESTABELECIMENTO DE ENSINO,,,Quarta-feira,False,False,Chuvoso,10.4,,,AIS 21,CAPITAL OESTE
2.0,AIS 05,,,SERRINHA,Fortaleza,,Sim,2026-03-18,,,,12:40:16,76552.0,4402691.0,,-3.7870321288,-38.5481160043,Rua Vila Rica,,cvp,ROUBO A ESTABELECIMENTO DE ENSINO,,,Quarta-feira,False,False,Chuvoso,10.4,,,AIS 21,CAPITAL OESTE
2.0,AIS 05,,,SERRINHA,Fortaleza,,Sim,2026-03-18,,,,12:40:16,76932.0,4402691.0,,-3.7870321288,-38.5481160043,Rua Vila Rica,,cvp,ROUBO A ESTABELECIMENTO DE ENSINO,,,Quarta-feira,False,False,Chuvoso,10.4,,,AIS 21,CAPITAL OESTE
2.0,AIS 05,,,MONTESE,Fortaleza,,Sim,2026-03-18,,,,11:12:41,76281.0,4402690.0,,-3.7632787116,-38.5444412372,Avenida José do Patrocínio,,cvp,ROUBO A PESSOA,,,Quarta-feira,False,False,Chuvoso,10.4,,,AIS 21,CAPITAL OESTE
2.0,AIS 05,,,MONTESE,Fortaleza,,Sim,2026-03-18,,,,11:12:41,76551.0,4402690.0,,-3.7632787116,-38.5444412372,Avenida José do Patrocínio,,cvp,ROUBO A PESSOA,,,Quarta-feira,False,False,Chuvoso,10.4,,,AIS 21,CAPITAL OESTE
2.0,AIS 05,,,MONTESE,Fortaleza,,Sim,2026-03-18,,,,11:12:41,76931.0,4402690.0,,-3.7632787116,-38.5444412372,Avenida José do Patrocínio,,cvp,ROUBO A PESSOA,,,Quarta-feira,False,False,Chuvoso,10.4,,,AIS 21,CAPITAL OESTE
2.0,AIS 08,,,MEIRELES,Fortaleza,,Sim,2026-03-19,,,,04:50:39,76282.0,4402700.0,,-3.7335545508,-38.4921723474,Avenida Senador Virgílio Távora,,cvp,ROUBO A PESSOA,,,Quinta-feira,True,False,Nublado,3.7,,,AIS 21,CAPITAL LESTE
2.0,AIS 08,,,MEIRELES,Fortaleza,,Sim,2026-03-19,,,,04:50:39,76558.0,4402700.0,,-3.7335545508,-38.4921723474,Avenida Senador Virgílio Távora,,cvp,ROUBO A PESSOA,,,Quinta-feira,True,False,Nublado,3.7,,,AIS 21,CAPITAL LESTE
2.0,AIS 08,,,MEIRELES,Fortaleza,,Sim,2026-03-19,,,,04:50:39,76939.0,4402700.0,,-3.7335545508,-38.4921723474,Avenida Senador Virgílio Távora,,cvp,ROUBO A PESSOA,,,Quinta-feira,True,False,Nublado,3.7,,,AIS 21,CAPITAL LESTE
2.0,AIS 18,,,PRESIDENTE KENNEDY,Fortaleza,,Sim,2026-03-19,,,,21:21:56,76283.0,4402715.0,,-3.7278582154,-38.5687753184,Avenida Sargento Hermínio Sampaio,,cvp,ROUBO A FARMÁCIA,,,Quinta-feira,True,False,Nublado,3.7,,,AIS 06,CAPITAL OESTE
2.0,AIS 18,,,PRESIDENTE KENNEDY,Fortaleza,,Sim,2026-03-19,,,,21:21:56,76568.0,4402715.0,,-3.7278582154,-38.5687753184,Avenida Sargento Hermínio Sampaio,,cvp,ROUBO A FARMÁCIA,,,Quinta-feira,True,False,Nublado,3.7,,,AIS 06,CAPITAL OESTE
2.0,AIS 18,,,PRESIDENTE KENNEDY,Fortaleza,,Sim,2026-03-19,,,,21:21:56,76948.0,4402715.0,,-3.7278582154,-38.5687753184,Avenida Sargento Hermínio Sampaio,,cvp,ROUBO A FARMÁCIA,,,Quinta-feira,True,False,Nublado,3.7,,,AIS 06,CAPITAL OESTE
2.0,AIS 06,,,JÓQUEI CLUBE,Fortaleza,,Sim,2026-03-19,,,,21:36:39,76284.0,4402716.0,,-3.7647692255,-38.5762367477,Avenida Lineu Machado,,cvp,ROUBO A PESSOA,,,Quinta-feira,True,False,Nublado,3.7,,,AIS 05,CAPITAL OESTE
2.0,AIS 06,,,JÓQUEI CLUBE,Fortaleza,,Sim,2026-03-19,,,,21:36:39,76569.0,4402716.0,,-3.7647692255,-38.5762367477,Avenida Lineu Machado,,cvp,ROUBO A PESSOA,,,Quinta-feira,True,False,Nublado,3.7,,,AIS 05,CAPITAL OESTE
2.0,AIS 06,,,JÓQUEI CLUBE,Fortaleza,,Sim,2026-03-19,,,,21:36:39,76949.0,4402716.0,,-3.7647692255,-38.5762367477,Avenida Lineu Machado,,cvp,ROUBO A PESSOA,,,Quinta-feira,True,False,Nublado,3.7,,,AIS 05,CAPITAL OESTE
2.0,AIS 16,,,MESSEJANA,Fortaleza,,Sim,2026-03-19,,,,22:55:27,76285.0,4402718.0,,-3.8243454523,-38.4902516363,Rua Bartolomeu Dias,,cvp,ROUBO A RESIDÊNCIA,,,Quinta-feira,True,False,Nublado,3.7,,,AIS 16,CAPITAL LESTE
2.0,AIS 16,,,MESSEJANA,Fortaleza,,Sim,2026-03-19,,,,22:55:27,76570.0,4402718.0,,-3.8243454523,-38.4902516363,Rua Bartolomeu Dias,,cvp,ROUBO A RESIDÊNCIA,,,Quinta-feira,True,False,Nublado,3.7,,,AIS 16,CAPITAL LESTE
2.0,AIS 16,,,MESSEJANA,Fortaleza,,Sim,2026-03-19,,,,22:55:27,76950.0,4402718.0,,-3.8243454523,-38.4902516363,Rua Bartolomeu Dias,,cvp,ROUBO A RESIDÊNCIA,,,Quinta-feira,True,False,Nublado,3.7,,,AIS 16,CAPITAL LESTE
2.0,,,,PRAIA DO FURUTO II,Fortaleza,,Sim,2026-03-19,,,,10:54:44,76286.0,4402703.0,,-3.763590986,-38.4397882477,Avenida Clóvis Arrais Maia,,cvp,ROUBO A PESSOA,,,Quinta-feira,True,False,Nublado,3.7,,,AIS 19,
2.0,,,,PRAIA DO FURUTO II,Fortaleza,,Sim,2026-03-19,,,,10:54:44,76561.0,4402703.0,,-3.763590986,-38.4397882477,Avenida Clóvis Arrais Maia,,cvp,ROUBO A PESSOA,,,Quinta-feira,True,False,Nublado,3.7,,,AIS 19,
2.0,,,,PRAIA DO FURUTO II,Fortaleza,,Sim,2026-03-19,,,,10:54:44,76941.0,4402703.0,,-3.763590986,-38.4397882477,Avenida Clóvis Arrais Maia,,cvp,ROUBO A PESSOA,,,Quinta-feira,True,False,Nublado,3.7,,,AIS 19,
2.0,AIS 22,,,DIAS MACÊDO,Fortaleza,,Sim,2026-03-19,,,,09:01:58,76287.0,4402702.0,,-3.7822094539,-38.5144008372,Avenida Alberto Craveiro,,cvp,ROUBO A PESSOA C/ CONSTRANGIMENTO DA LIBERDADE,,,Quinta-feira,True,False,Nublado,3.7,,,AIS 21,CAPITAL LESTE
2.0,AIS 22,,,DIAS MACÊDO,Fortaleza,,Sim,2026-03-19,,,,09:01:58,76560.0,4402702.0,,-3.7822094539,-38.5144008372,Avenida Alberto Craveiro,,cvp,ROUBO A PESSOA C/ CONSTRANGIMENTO DA LIBERDADE,,,Quinta-feira,True,False,Nublado,3.7,,,AIS 21,CAPITAL LESTE
2.0,AIS 22,,,DIAS MACÊDO,Fortaleza,,Sim,2026-03-19,,,,09:01:58,76940.0,4402702.0,,-3.7822094539,-38.5144008372,Avenida Alberto Craveiro,,cvp,ROUBO A PESSOA C/ CONSTRANGIMENTO DA LIBERDADE,,,Quinta-feira,True,False,Nublado,3.7,,,AIS 21,CAPITAL LESTE
2.0,AIS 06,,,AMADEU FURTADO,Fortaleza,,Sim,2026-03-19,,,,21:19:18,76288.0,4402714.0,,-3.7436439312,-38.558625173,Rua Damião Fernandes,,cvp,ROUBO A PESSOA,,,Quinta-feira,True,False,Nublado,3.7,,,AIS 05,CAPITAL OESTE
2.0,AIS 06,,,AMADEU FURTADO,Fortaleza,,Sim,2026-03-19,,,,21:19:18,76567.0,4402714.0,,-3.7436439312,-38.558625173,Rua Damião Fernandes,,cvp,ROUBO A PESSOA,,,Quinta-feira,True,False,Nublado,3.7,,,AIS 05,CAPITAL OESTE
2.0,AIS 06,,,AMADEU FURTADO,Fortaleza,,Sim,2026-03-19,,,,21:19:18,76947.0,4402714.0,,-3.7436439312,-38.558625173,Rua Damião Fernandes,,cvp,ROUBO A PESSOA,,,Quinta-feira,True,False,Nublado,3.7,,,AIS 05,CAPITAL OESTE
2.0,AIS 08,,,MEIRELES,Fortaleza,,Sim,2026-03-19,,,,20:50:16,76289.0,4402711.0,,-3.7210808174,-38.5104268721,Avenida Historiador Raimundo Girão,,cvp,ROUBO A PESSOA,,,Quinta-feira,True,False,Nublado,3.7,,,AIS 08,CAPITAL LESTE
2.0,AIS 08,,,MEIRELES,Fortaleza,,Sim,2026-03-19,,,,20:50:16,76566.0,4402711.0,,-3.7210808174,-38.5104268721,Avenida Historiador Raimundo Girão,,cvp,ROUBO A PESSOA,,,Quinta-feira,True,False,Nublado,3.7,,,AIS 08,CAPITAL LESTE
2.0,AIS 08,,,MEIRELES,Fortaleza,,Sim,2026-03-19,,,,20:50:16,76946.0,4402711.0,,-3.7210808174,-38.5104268721,Avenida Historiador Raimundo Girão,,cvp,ROUBO A PESSOA,,,Quinta-feira,True,False,Nublado,3.7,,,AIS 08,CAPITAL LESTE
2.0,AIS 16,,,BARROSO,Fortaleza,,Sim,2026-03-19,,,,20:46:48,76290.0,4402710.0,,-3.8290340484,-38.5088479313,Avenida Jornalista Thomaz Coelho,,cvp,ROUBO A PESSOA,,,Quinta-feira,True,False,Nublado,3.7,,,AIS 16,CAPITAL LESTE
2.0,AIS 16,,,BARROSO,Fortaleza,,Sim,2026-03-19,,,,20:46:48,76563.0,4402710.0,,-3.8290340484,-38.5088479313,Avenida Jornalista Thomaz Coelho,,cvp,ROUBO A PESSOA,,,Quinta-feira,True,False,Nublado,3.7,,,AIS 16,CAPITAL LESTE
2.0,AIS 16,,,BARROSO,Fortaleza,,Sim,2026-03-19,,,,20:46:48,76945.0,4402710.0,,-3.8290340484,-38.5088479313,Avenida Jornalista Thomaz Coelho,,cvp,ROUBO A PESSOA,,,Quinta-feira,True,False,Nublado,3.7,,,AIS 16,CAPITAL LESTE
2.0,AIS 19,,,JOAQUIM TÁVORA,Fortaleza,,Sim,2026-03-19,,,,20:22:48,76291.0,4402709.0,,-3.7522787379,-38.5138258512,Rua Capitão Melo,,cvp,ROUBO A ESTABELECIMENTO COMERCIAL,,,Quinta-feira,True,False,Nublado,3.7,,,AIS 21,CAPITAL LESTE
2.0,AIS 19,,,JOAQUIM TÁVORA,Fortaleza,,Sim,2026-03-19,,,,20:22:48,76565.0,4402709.0,,-3.7522787379,-38.5138258512,Rua Capitão Melo,,cvp,ROUBO A ESTABELECIMENTO COMERCIAL,,,Quinta-feira,True,False,Nublado,3.7,,,AIS 21,CAPITAL LESTE
2.0,AIS 19,,,JOAQUIM TÁVORA,Fortaleza,,Sim,2026-03-19,,,,20:22:48,76944.0,4402709.0,,-3.7522787379,-38.5138258512,Rua Capitão Melo,,cvp,ROUBO A ESTABELECIMENTO COMERCIAL,,,Quinta-feira,True,False,Nublado,3.7,,,AIS 21,CAPITAL LESTE
2.0,AIS 18,,,VILA VELHA,Fortaleza,,Sim,2026-03-19,,,,20:22:04,76292.0,4402708.0,,-3.7172328214,-38.5974441797,Rua 31,,cvp,ROUBO A PESSOA,,,Quinta-feira,True,False,Nublado,3.7,,,AIS 06,CAPITAL OESTE
2.0,AIS 18,,,VILA VELHA,Fortaleza,,Sim,2026-03-19,,,,20:22:04,76564.0,4402708.0,,-3.7172328214,-38.5974441797,Rua 31,,cvp,ROUBO A PESSOA,,,Quinta-feira,True,False,Nublado,3.7,,,AIS 06,CAPITAL OESTE
2.0,AIS 18,,,VILA VELHA,Fortaleza,,Sim,2026-03-19,,,,20:22:04,76943.0,4402708.0,,-3.7172328214,-38.5974441797,Rua 31,,cvp,ROUBO A PESSOA,,,Quinta-feira,True,False,Nublado,3.7,,,AIS 06,CAPITAL OESTE
2.0,AIS 06,,,GENIBAÚ,Fortaleza,,Sim,2026-03-19,,,,10:56:58,76293.0,4402704.0,,-3.7562206162,-38.6056022758,Rua Rio Verde,,cvp,ROUBO A PESSOA,,,Quinta-feira,True,False,Nublado,3.7,,,AIS 06,CAPITAL OESTE
2.0,AIS 06,,,GENIBAÚ,Fortaleza,,Sim,2026-03-19,,,,10:56:58,76559.0,4402704.0,,-3.7562206162,-38.6056022758,Rua Rio Verde,,cvp,ROUBO A PESSOA,,,Quinta-feira,True,False,Nublado,3.7,,,AIS 06,CAPITAL OESTE
2.0,AIS 06,,,GENIBAÚ,Fortaleza,,Sim,2026-03-19,,,,10:56:58,76942.0,4402704.0,,-3.7562206162,-38.6056022758,Rua Rio Verde,,cvp,ROUBO A PESSOA,,,Quinta-feira,True,False,Nublado,3.7,,,AIS 06,CAPITAL OESTE
2.0,AIS 24,,,,Aquiraz,,Sim,2026-03-19,,,,11:39:03,76294.0,4402352.0,,-3.9058923064,-38.3870705055,Rua Angélica,,cvp,ROUBO A RESIDÊNCIA,,,Quinta-feira,True,False,Nublado,3.7,,,AIS 24,RMF LESTE
2.0,AIS 24,,,,Aquiraz,,Sim,2026-03-19,,,,11:39:03,76562.0,4402352.0,,-3.9058923064,-38.3870705055,Rua Angélica,,cvp,ROUBO A RESIDÊNCIA,,,Quinta-feira,True,False,Nublado,3.7,,,AIS 24,RMF LESTE
2.0,AIS 24,,,,Aquiraz,,Sim,2026-03-19,,,,11:39:03,76937.0,4402352.0,,-3.9058923064,-38.3870705055,Rua Angélica,,cvp,ROUBO A RESIDÊNCIA,,,Quinta-feira,True,False,Nublado,3.7,,,AIS 24,RMF LESTE
2.0,AIS 24,,,,Cascavel,,Sim,2026-03-19,,,,23:25:10,76295.0,4402385.0,,-4.1307731341,-38.2467357512,Rua Delio Porto,,cvp,ROUBO A PESSOA,,,Quinta-feira,True,False,Nublado,3.7,,,AIS 24,RMF LESTE
2.0,AIS 24,,,,Cascavel,,Sim,2026-03-19,,,,23:25:10,76571.0,4402385.0,,-4.1307731341,-38.2467357512,Rua Delio Porto,,cvp,ROUBO A PESSOA,,,Quinta-feira,True,False,Nublado,3.7,,,AIS 24,RMF LESTE
2.0,AIS 24,,,,Cascavel,,Sim,2026-03-19,,,,23:25:10,76938.0,4402385.0,,-4.1307731341,-38.2467357512,Rua Delio Porto,,cvp,ROUBO A PESSOA,,,Quinta-feira,True,False,Nublado,3.7,,,AIS 24,RMF LESTE
2.0,AIS 10,,,,Acopiara,,Sim,2026-03-19,,,,20:40:52,76296.0,4402751.0,,-6.1073102105,-39.4456761868,,,cvp,ROUBO A PESSOA,,,Quinta-feira,True,False,Nublado,3.7,,,AIS 10,SUL
2.0,AIS 10,,,,Acopiara,,Sim,2026-03-19,,,,20:40:52,76557.0,4402751.0,,-6.1073102105,-39.4456761868,,,cvp,ROUBO A PESSOA,,,Quinta-feira,True,False,Nublado,3.7,,,AIS 10,SUL
2.0,AIS 10,,,,Acopiara,,Sim,2026-03-19,,,,20:40:52,76951.0,4402751.0,,-6.1073102105,-39.4456761868,,,cvp,ROUBO A PESSOA,,,Quinta-feira,True,False,Nublado,3.7,,,AIS 10,SUL
2.0,AIS 09,,,LIMOEIRO DO NORTE,Limoeiro do Norte,,Sim,2026-03-20,,,,10:44:55,76297.0,4402767.0,,-5.1452463852,-38.0938789811,Rua Estevam Remígio de Freitas,,cvp,ROUBO A PESSOA,,,Sexta-feira,False,False,Nublado,3.6,,,AIS 09,SUDESTE
2.0,AIS 09,,,LIMOEIRO DO NORTE,Limoeiro do Norte,,Sim,2026-03-20,,,,10:44:55,76583.0,4402767.0,,-5.1452463852,-38.0938789811,Rua Estevam Remígio de Freitas,,cvp,ROUBO A PESSOA,,,Sexta-feira,False,False,Nublado,3.6,,,AIS 09,SUDESTE
2.0,AIS 09,,,LIMOEIRO DO NORTE,Limoeiro do Norte,,Sim,2026-03-20,,,,10:44:55,76963.0,4402767.0,,-5.1452463852,-38.0938789811,Rua Estevam Remígio de Freitas,,cvp,ROUBO A PESSOA,,,Sexta-feira,False,False,Nublado,3.6,,,AIS 09,SUDESTE
2.0,AIS 05,,,ITAOCA,Fortaleza,,Sim,2026-03-20,,,,04:00:39,76298.0,4402721.0,,-3.7712580016,-38.5567895015,Rua Almirante Rubim,,cvp,ROUBO A PESSOA,,,Sexta-feira,False,False,Nublado,3.6,,,AIS 21,CAPITAL OESTE
2.0,AIS 05,,,ITAOCA,Fortaleza,,Sim,2026-03-20,,,,04:00:39,76581.0,4402721.0,,-3.7712580016,-38.5567895015,Rua Almirante Rubim,,cvp,ROUBO A PESSOA,,,Sexta-feira,False,False,Nublado,3.6,,,AIS 21,CAPITAL OESTE
2.0,AIS 05,,,ITAOCA,Fortaleza,,Sim,2026-03-20,,,,04:00:39,76954.0,4402721.0,,-3.7712580016,-38.5567895015,Rua Almirante Rubim,,cvp,ROUBO A PESSOA,,,Sexta-feira,False,False,Nublado,3.6,,,AIS 21,CAPITAL OESTE
2.0,AIS 18,,,VILA VELHA,Fortaleza,,Sim,2026-03-20,,,,00:24:21,76299.0,4402719.0,,-3.708210652,-38.5933556489,Rua 13 Polar,,cvp,ROUBO A PESSOA,,,Sexta-feira,False,False,Nublado,3.6,,,AIS 06,CAPITAL OESTE
2.0,AIS 18,,,VILA VELHA,Fortaleza,,Sim,2026-03-20,,,,00:24:21,76580.0,4402719.0,,-3.708210652,-38.5933556489,Rua 13 Polar,,cvp,ROUBO A PESSOA,,,Sexta-feira,False,False,Nublado,3.6,,,AIS 06,CAPITAL OESTE
2.0,AIS 18,,,VILA VELHA,Fortaleza,,Sim,2026-03-20,,,,00:24:21,76953.0,4402719.0,,-3.708210652,-38.5933556489,Rua 13 Polar,,cvp,ROUBO A PESSOA,,,Sexta-feira,False,False,Nublado,3.6,,,AIS 06,CAPITAL OESTE
2.0,AIS 08,,,MEIRELES,Fortaleza,,Sim,2026-03-21,,,,10:20:23,76584.0,4405884.0,,-3.7295747731,-38.4938782631,Rua Francisco Porfírio da Ponte,,cvp,ROUBO A PESSOA,,,Sábado,False,False,Nublado,3.4,,,AIS 21,CAPITAL LESTE
2.0,AIS 08,,,MEIRELES,Fortaleza,,Sim,2026-03-21,,,,10:20:23,76966.0,4405884.0,,-3.7295747731,-38.4938782631,Rua Francisco Porfírio da Ponte,,cvp,ROUBO A PESSOA,,,Sábado,False,False,Nublado,3.4,,,AIS 21,CAPITAL LESTE
2.0,AIS 06,,,PADRE ANDRADE,Fortaleza,,Sim,2026-03-21,,,,23:41:33,76585.0,4405893.0,,-3.7359451043,-38.5840580512,Rua Demétrio Menezes,,cvp,ROUBO A PESSOA,,,Sábado,False,False,Nublado,3.4,,,AIS 06,CAPITAL OESTE
2.0,AIS 06,,,PADRE ANDRADE,Fortaleza,,Sim,2026-03-21,,,,23:41:33,76972.0,4405893.0,,-3.7359451043,-38.5840580512,Rua Demétrio Menezes,,cvp,ROUBO A PESSOA,,,Sábado,False,False,Nublado,3.4,,,AIS 06,CAPITAL OESTE
2.0,AIS 08,,,MEIRELES,Fortaleza,,Sim,2026-03-21,,,,03:56:46,76586.0,4405881.0,,-3.7265717926,-38.4961325691,Rua Visconde de Mauá,,cvp,ROUBO A ESTABELECIMENTO COMERCIAL,,,Sábado,False,False,Nublado,3.4,,,AIS 08,CAPITAL LESTE
2.0,AIS 08,,,MEIRELES,Fortaleza,,Sim,2026-03-21,,,,03:56:46,76965.0,4405881.0,,-3.7265717926,-38.4961325691,Rua Visconde de Mauá,,cvp,ROUBO A ESTABELECIMENTO COMERCIAL,,,Sábado,False,False,Nublado,3.4,,,AIS 08,CAPITAL LESTE
2.0,AIS 07,,,,Santa Quitéria,,Sim,2026-03-21,,,,17:02:21,76587.0,4406075.0,,-4.3352585754,-40.1545610554,Rua Tabelião Francisco de Paula Lobo,,cvp,ROUBO A PESSOA,,,Sábado,False,False,Nublado,3.4,,,AIS 07,NORTE
2.0,AIS 07,,,,Santa Quitéria,,Sim,2026-03-21,,,,17:02:21,76964.0,4406075.0,,-4.3352585754,-40.1545610554,Rua Tabelião Francisco de Paula Lobo,,cvp,ROUBO A PESSOA,,,Sábado,False,False,Nublado,3.4,,,AIS 07,NORTE
2.0,AIS 08,,,ALDEOTA,Fortaleza,,Sim,2026-03-21,,,,10:54:14,76588.0,4405885.0,,-3.7316314085,-38.5057416628,Avenida Barão de Studart,,cvp,ROUBO A FARMÁCIA,,,Sábado,False,False,Nublado,3.4,,,AIS 21,CAPITAL LESTE
2.0,AIS 08,,,ALDEOTA,Fortaleza,,Sim,2026-03-21,,,,10:54:14,76967.0,4405885.0,,-3.7316314085,-38.5057416628,Avenida Barão de Studart,,cvp,ROUBO A FARMÁCIA,,,Sábado,False,False,Nublado,3.4,,,AIS 21,CAPITAL LESTE
2.0,AIS 18,,,BARRA DO CEARÁ,Fortaleza,,Sim,2026-03-21,,,,13:15:10,76589.0,4405886.0,,-3.7051720546,-38.5747583099,Rua Alberto da Oliveira,,cvp,ROUBO A FARMÁCIA,,,Sábado,False,False,Nublado,3.4,,,AIS 06,CAPITAL OESTE
2.0,AIS 18,,,BARRA DO CEARÁ,Fortaleza,,Sim,2026-03-21,,,,13:15:10,76968.0,4405886.0,,-3.7051720546,-38.5747583099,Rua Alberto da Oliveira,,cvp,ROUBO A FARMÁCIA,,,Sábado,False,False,Nublado,3.4,,,AIS 06,CAPITAL OESTE
2.0,AIS 21,,,EDSON QUEIROZ,Fortaleza,,Sim,2026-03-21,,,,19:37:17,76590.0,4405889.0,,-3.755664343,-38.4890307897,Avenida Washington Soares,,cvp,ROUBO A ESTABELECIMENTO COMERCIAL,,,Sábado,False,False,Nublado,3.4,,,AIS 21,CAPITAL OESTE
2.0,AIS 21,,,EDSON QUEIROZ,Fortaleza,,Sim,2026-03-21,,,,19:37:17,76969.0,4405889.0,,-3.755664343,-38.4890307897,Avenida Washington Soares,,cvp,ROUBO A ESTABELECIMENTO COMERCIAL,,,Sábado,False,False,Nublado,3.4,,,AIS 21,CAPITAL OESTE
2.0,AIS 16,,,PAUPINA,Fortaleza,,Sim,2026-03-21,,,,21:56:22,76591.0,4405891.0,,-3.8406312096,-38.4861474679,Rua Luís Francisco Xavier,,cvp,ROUBO A RESIDÊNCIA,,,Sábado,False,False,Nublado,3.4,,,AIS 16,CAPITAL LESTE
2.0,AIS 16,,,PAUPINA,Fortaleza,,Sim,2026-03-21,,,,21:56:22,76970.0,4405891.0,,-3.8406312096,-38.4861474679,Rua Luís Francisco Xavier,,cvp,ROUBO A RESIDÊNCIA,,,Sábado,False,False,Nublado,3.4,,,AIS 16,CAPITAL LESTE
2.0,AIS 06,,,HENRIQUE JORGE,Fortaleza,,Sim,2026-03-21,,,,22:04:35,76592.0,4405892.0,,-3.7607514371,-38.5790740648,Rua Tupi,,cvp,ROUBO A PESSOA,,,Sábado,False,False,Nublado,3.4,,,AIS 06,CAPITAL OESTE
2.0,AIS 06,,,HENRIQUE JORGE,Fortaleza,,Sim,2026-03-21,,,,22:04:35,76971.0,4405892.0,,-3.7607514371,-38.5790740648,Rua Tupi,,cvp,ROUBO A PESSOA,,,Sábado,False,False,Nublado,3.4,,,AIS 06,CAPITAL OESTE
2.0,AIS 12,,,,Caucaia,,Sim,2026-03-22,,,,19:08:22,76593.0,4405261.0,,-3.650766585,-38.726030406,Estrada do Caranguejo Tabuba,,cvp,ROUBO A RESIDÊNCIA,,,Domingo,False,False,Nublado,2.8,,,AIS 12,RMF OESTE
2.0,AIS 12,,,,Caucaia,,Sim,2026-03-22,,,,19:08:22,76975.0,4405261.0,,-3.650766585,-38.726030406,Estrada do Caranguejo Tabuba,,cvp,ROUBO A RESIDÊNCIA,,,Domingo,False,False,Nublado,2.8,,,AIS 12,RMF OESTE
2.0,AIS 08,,,MEIRELES,Fortaleza,,Sim,2026-03-22,,,,15:58:19,76594.0,4405898.0,,-3.7313006191,-38.5000783692,Rua Pereira Valente,,cvp,ROUBO A PESSOA,,,Domingo,False,False,Nublado,2.8,,,AIS 21,CAPITAL LESTE
2.0,AIS 08,,,MEIRELES,Fortaleza,,Sim,2026-03-22,,,,15:58:19,76977.0,4405898.0,,-3.7313006191,-38.5000783692,Rua Pereira Valente,,cvp,ROUBO A PESSOA,,,Domingo,False,False,Nublado,2.8,,,AIS 21,CAPITAL LESTE
2.0,AIS 05,,,FÁTIMA,Fortaleza,,Sim,2026-03-22,,,,18:10:40,76595.0,4405900.0,,-3.7507721761,-38.523105235,Rua Bonfim Sobrinho,,cvp,ROUBO A ESTABELECIMENTO COMERCIAL,,,Domingo,False,False,Nublado,2.8,,,AIS 21,CAPITAL OESTE
2.0,AIS 05,,,FÁTIMA,Fortaleza,,Sim,2026-03-22,,,,18:10:40,76979.0,4405900.0,,-3.7507721761,-38.523105235,Rua Bonfim Sobrinho,,cvp,ROUBO A ESTABELECIMENTO COMERCIAL,,,Domingo,False,False,Nublado,2.8,,,AIS 21,CAPITAL OESTE
2.0,AIS 08,,,MUCURIPE,Fortaleza,,Sim,2026-03-22,,,,16:22:03,76596.0,4405899.0,,-3.7287355465,-38.4884629378,Rua Pedro Rufino,,cvp,ROUBO A FARMÁCIA,,,Domingo,False,False,Nublado,2.8,,,AIS 08,CAPITAL LESTE
2.0,AIS 08,,,MUCURIPE,Fortaleza,,Sim,2026-03-22,,,,16:22:03,76978.0,4405899.0,,-3.7287355465,-38.4884629378,Rua Pedro Rufino,,cvp,ROUBO A FARMÁCIA,,,Domingo,False,False,Nublado,2.8,,,AIS 08,CAPITAL LESTE
2.0,AIS 18,,,ÁLVARO WEYNE,Fortaleza,,Sim,2026-03-22,,,,06:09:36,76597.0,4405895.0,,-3.7154643827,-38.5640451923,Rua Engenheiro João Nogueira,,cvp,ROUBO A RESIDÊNCIA,,,Domingo,False,False,Nublado,2.8,,,AIS 06,CAPITAL OESTE
2.0,AIS 18,,,ÁLVARO WEYNE,Fortaleza,,Sim,2026-03-22,,,,06:09:36,76973.0,4405895.0,,-3.7154643827,-38.5640451923,Rua Engenheiro João Nogueira,,cvp,ROUBO A RESIDÊNCIA,,,Domingo,False,False,Nublado,2.8,,,AIS 06,CAPITAL OESTE
2.0,AIS 16,,,JOSÉ DE ALENCAR,Fortaleza,,Sim,2026-03-22,,,,12:17:03,76598.0,4405896.0,,-3.8066238651,-38.4787581123,Avenida Washington Soares,,cvp,ROUBO A COLETIVO,,,Domingo,False,False,Nublado,2.8,,,AIS 21,CAPITAL LESTE
2.0,AIS 16,,,JOSÉ DE ALENCAR,Fortaleza,,Sim,2026-03-22,,,,12:17:03,76974.0,4405896.0,,-3.8066238651,-38.4787581123,Avenida Washington Soares,,cvp,ROUBO A COLETIVO,,,Domingo,False,False,Nublado,2.8,,,AIS 21,CAPITAL LESTE
2.0,AIS 10,,,IGUATU,Iguatu,,Sim,2026-03-22,,,,12:17:19,76599.0,4406051.0,,-6.3520715084,-39.2984014517,Rua Quinze de Novembro,,cvp,ROUBO A ESTABELECIMENTO COMERCIAL,,,Domingo,False,False,Nublado,2.8,,,AIS 10,SUL
2.0,AIS 10,,,IGUATU,Iguatu,,Sim,2026-03-22,,,,12:17:19,76982.0,4406051.0,,-6.3520715084,-39.2984014517,Rua Quinze de Novembro,,cvp,ROUBO A ESTABELECIMENTO COMERCIAL,,,Domingo,False,False,Nublado,2.8,,,AIS 10,SUL
2.0,AIS 20,,,PARQUE DOIS IRMÃOS,Fortaleza,,Sim,2026-03-22,,,,21:00:12,76600.0,4405903.0,,-3.7963588127,-38.5504688687,Avenida Bernardo Manuel,,cvp,ROUBO A PESSOA,,,Domingo,False,False,Nublado,2.8,,,AIS 21,CAPITAL OESTE
2.0,AIS 20,,,PARQUE DOIS IRMÃOS,Fortaleza,,Sim,2026-03-22,,,,21:00:12,76981.0,4405903.0,,-3.7963588127,-38.5504688687,Avenida Bernardo Manuel,,cvp,ROUBO A PESSOA,,,Domingo,False,False,Nublado,2.8,,,AIS 21,CAPITAL OESTE
2.0,AIS 20,,,PREFEITO JOSÉ WALTER,Fortaleza,,Sim,2026-03-22,,,,20:30:45,76601.0,4405902.0,,-3.831432063,-38.552867802,Rua 48,,cvp,ROUBO A PESSOA,,,Domingo,False,False,Nublado,2.8,,,AIS 16,CAPITAL OESTE
2.0,AIS 20,,,PREFEITO JOSÉ WALTER,Fortaleza,,Sim,2026-03-22,,,,20:30:45,76980.0,4405902.0,,-3.831432063,-38.552867802,Rua 48,,cvp,ROUBO A PESSOA,,,Domingo,False,False,Nublado,2.8,,,AIS 16,CAPITAL OESTE
2.0,,,,PRAIA DO FURUTO II,Fortaleza,,Sim,2026-03-22,,,,12:47:40,76602.0,4405897.0,,-3.7501850236,-38.4483557859,Avenida Dioguinho,,cvp,ROUBO A PESSOA,,,Domingo,False,False,Nublado,2.8,,,AIS 08,
2.0,,,,PRAIA DO FURUTO II,Fortaleza,,Sim,2026-03-22,,,,12:47:40,76976.0,4405897.0,,-3.7501850236,-38.4483557859,Avenida Dioguinho,,cvp,ROUBO A PESSOA,,,Domingo,False,False,Nublado,2.8,,,AIS 08,
2.0,AIS 20,,,PREFEITO JOSÉ WALTER,Fortaleza,,Sim,2026-03-23,,,,05:18:22,76603.0,4405906.0,,-3.8250619157,-38.5520799839,Rua 19,,cvp,ROUBO A PESSOA,,,Segunda-feira,False,False,Nublado,0.7,,,AIS 16,CAPITAL OESTE
2.0,AIS 20,,,PREFEITO JOSÉ WALTER,Fortaleza,,Sim,2026-03-23,,,,05:18:22,76983.0,4405906.0,,-3.8250619157,-38.5520799839,Rua 19,,cvp,ROUBO A PESSOA,,,Segunda-feira,False,False,Nublado,0.7,,,AIS 16,CAPITAL OESTE
2.0,AIS 08,,,VICENTE PINZÓN,Fortaleza,,Sim,2026-03-23,,,,23:24:40,76604.0,4405928.0,,-3.7301828038,-38.4616997262,Rua Hermínia Bonavides,,cvp,ROUBO A PESSOA,,,Segunda-feira,False,False,Nublado,0.7,,,AIS 08,CAPITAL LESTE
2.0,AIS 08,,,VICENTE PINZÓN,Fortaleza,,Sim,2026-03-23,,,,23:24:40,76999.0,4405928.0,,-3.7301828038,-38.4616997262,Rua Hermínia Bonavides,,cvp,ROUBO A PESSOA,,,Segunda-feira,False,False,Nublado,0.7,,,AIS 08,CAPITAL LESTE
2.0,AIS 06,,,HENRIQUE JORGE,Fortaleza,,Sim,2026-03-23,,,,09:48:20,76605.0,4405912.0,,-3.7659328259,-38.5794354128,Rua Desembargador Luís Paulino,,cvp,ROUBO A PESSOA,,,Segunda-feira,False,False,Nublado,0.7,,,AIS 06,CAPITAL OESTE
2.0,AIS 06,,,HENRIQUE JORGE,Fortaleza,,Sim,2026-03-23,,,,09:48:20,76988.0,4405912.0,,-3.7659328259,-38.5794354128,Rua Desembargador Luís Paulino,,cvp,ROUBO A PESSOA,,,Segunda-feira,False,False,Nublado,0.7,,,AIS 06,CAPITAL OESTE
2.0,AIS 08,,,MUCURIPE,Fortaleza,,Sim,2026-03-23,,,,10:50:35,76606.0,4405913.0,,-3.7287355465,-38.4884629378,Rua Pedro Rufino,,cvp,ROUBO A FARMÁCIA,,,Segunda-feira,False,False,Nublado,0.7,,,AIS 08,CAPITAL LESTE
2.0,AIS 08,,,MUCURIPE,Fortaleza,,Sim,2026-03-23,,,,10:50:35,76989.0,4405913.0,,-3.7287355465,-38.4884629378,Rua Pedro Rufino,,cvp,ROUBO A FARMÁCIA,,,Segunda-feira,False,False,Nublado,0.7,,,AIS 08,CAPITAL LESTE
2.0,AIS 08,,,MEIRELES,Fortaleza,,Sim,2026-03-23,,,,11:22:13,76607.0,4405915.0,,-3.7284673859,-38.4979782143,Rua Osvaldo Cruz,,cvp,ROUBO A PESSOA,,,Segunda-feira,False,False,Nublado,0.7,,,AIS 21,CAPITAL LESTE
2.0,AIS 08,,,MEIRELES,Fortaleza,,Sim,2026-03-23,,,,11:22:13,76991.0,4405915.0,,-3.7284673859,-38.4979782143,Rua Osvaldo Cruz,,cvp,ROUBO A PESSOA,,,Segunda-feira,False,False,Nublado,0.7,,,AIS 21,CAPITAL LESTE
2.0,AIS 06,,,PARQUELÂNDIA,Fortaleza,,Sim,2026-03-23,,,,11:43:11,76608.0,4405916.0,,-3.739912953,-38.5639435476,Rua Uruoca,,cvp,ROUBO A ESTABELECIMENTO COMERCIAL,,,Segunda-feira,False,False,Nublado,0.7,,,AIS 05,CAPITAL OESTE
2.0,AIS 06,,,PARQUELÂNDIA,Fortaleza,,Sim,2026-03-23,,,,11:43:11,76992.0,4405916.0,,-3.739912953,-38.5639435476,Rua Uruoca,,cvp,ROUBO A ESTABELECIMENTO COMERCIAL,,,Segunda-feira,False,False,Nublado,0.7,,,AIS 05,CAPITAL OESTE
2.0,AIS 19,,,DIONÍSIO TORRES,Fortaleza,,Sim,2026-03-23,,,,14:53:04,76609.0,4405917.0,,-3.751376977,-38.5046736128,Avenida Pontes Vieira,,cvp,ROUBO A PESSOA,,,Segunda-feira,False,False,Nublado,0.7,,,AIS 21,CAPITAL LESTE
2.0,AIS 19,,,DIONÍSIO TORRES,Fortaleza,,Sim,2026-03-23,,,,14:53:04,76993.0,4405917.0,,-3.751376977,-38.5046736128,Avenida Pontes Vieira,,cvp,ROUBO A PESSOA,,,Segunda-feira,False,False,Nublado,0.7,,,AIS 21,CAPITAL LESTE
2.0,AIS 19,,,SÃO JOÃO DO TAUAPE,Fortaleza,,Sim,2026-03-23,,,,15:24:11,76610.0,4405918.0,,-3.755204673,-38.5041872244,Avenida Almirante Henrique Sabóia,,cvp,ROUBO A PESSOA,,,Segunda-feira,False,False,Nublado,0.7,,,AIS 21,CAPITAL LESTE
2.0,AIS 19,,,SÃO JOÃO DO TAUAPE,Fortaleza,,Sim,2026-03-23,,,,15:24:11,76994.0,4405918.0,,-3.755204673,-38.5041872244,Avenida Almirante Henrique Sabóia,,cvp,ROUBO A PESSOA,,,Segunda-feira,False,False,Nublado,0.7,,,AIS 21,CAPITAL LESTE
2.0,AIS 05,,,PARANGABA,Fortaleza,,Sim,2026-03-23,,,,20:39:06,76611.0,4405923.0,,-3.7785306789,-38.5694851705,Rua da Constituição,,cvp,ROUBO A SUPERMERCADO/MERCANTIL,,,Segunda-feira,False,False,Nublado,0.7,,,AIS 05,CAPITAL OESTE
2.0,AIS 05,,,PARANGABA,Fortaleza,,Sim,2026-03-23,,,,20:39:06,76995.0,4405923.0,,-3.7785306789,-38.5694851705,Rua da Constituição,,cvp,ROUBO A SUPERMERCADO/MERCANTIL,,,Segunda-feira,False,False,Nublado,0.7,,,AIS 05,CAPITAL OESTE
2.0,AIS 20,,,PARQUE SĂO JOSÉ,Fortaleza,,Sim,2026-03-23,,,,21:29:11,76612.0,4405924.0,,-3.7984101938,-38.5889580951,Rua Einstein,,cvp,ROUBO A PESSOA,,,Segunda-feira,False,False,Nublado,0.7,,,AIS 06,CAPITAL OESTE
2.0,AIS 20,,,PARQUE SĂO JOSÉ,Fortaleza,,Sim,2026-03-23,,,,21:29:11,76996.0,4405924.0,,-3.7984101938,-38.5889580951,Rua Einstein,,cvp,ROUBO A PESSOA,,,Segunda-feira,False,False,Nublado,0.7,,,AIS 06,CAPITAL OESTE
2.0,AIS 05,,,BENFICA,Fortaleza,,Sim,2026-03-23,,,,21:39:04,76613.0,4405925.0,,-3.7386601561,-38.5390387988,Rua Princesa Isabel,,cvp,ROUBO A PESSOA,,,Segunda-feira,False,False,Nublado,0.7,,,AIS 21,CAPITAL OESTE
2.0,AIS 05,,,BENFICA,Fortaleza,,Sim,2026-03-23,,,,21:39:04,76990.0,4405925.0,,-3.7386601561,-38.5390387988,Rua Princesa Isabel,,cvp,ROUBO A PESSOA,,,Segunda-feira,False,False,Nublado,0.7,,,AIS 21,CAPITAL OESTE
2.0,AIS 19,,,DIONÍSIO TORRES,Fortaleza,,Sim,2026-03-23,,,,21:48:15,76614.0,4405926.0,,-3.7527421115,-38.5021414623,Travessa Barbosa de Freitas,,cvp,ROUBO A PESSOA,,,Segunda-feira,False,False,Nublado,0.7,,,AIS 21,CAPITAL LESTE
2.0,AIS 19,,,DIONÍSIO TORRES,Fortaleza,,Sim,2026-03-23,,,,21:48:15,76997.0,4405926.0,,-3.7527421115,-38.5021414623,Travessa Barbosa de Freitas,,cvp,ROUBO A PESSOA,,,Segunda-feira,False,False,Nublado,0.7,,,AIS 21,CAPITAL LESTE
2.0,AIS 19,,,DIONÍSIO TORRES,Fortaleza,,Sim,2026-03-23,,,,22:03:44,76615.0,4405927.0,,-3.7463753554,-38.5055700458,Travessa Benjamim Torres,,cvp,ROUBO A PESSOA,,,Segunda-feira,False,False,Nublado,0.7,,,AIS 21,CAPITAL LESTE
2.0,AIS 19,,,DIONÍSIO TORRES,Fortaleza,,Sim,2026-03-23,,,,22:03:44,76998.0,4405927.0,,-3.7463753554,-38.5055700458,Travessa Benjamim Torres,,cvp,ROUBO A PESSOA,,,Segunda-feira,False,False,Nublado,0.7,,,AIS 21,CAPITAL LESTE
2.0,AIS 19,,,JOAQUIM TÁVORA,Fortaleza,,Sim,2026-03-23,,,,06:35:52,76616.0,4405910.0,,-3.739105463,-38.5232352841,Avenida Visconde do Rio Branco,,cvp,ROUBO A PESSOA,,,Segunda-feira,False,False,Nublado,0.7,,,AIS 21,CAPITAL LESTE
2.0,AIS 19,,,JOAQUIM TÁVORA,Fortaleza,,Sim,2026-03-23,,,,06:35:52,76987.0,4405910.0,,-3.739105463,-38.5232352841,Avenida Visconde do Rio Branco,,cvp,ROUBO A PESSOA,,,Segunda-feira,False,False,Nublado,0.7,,,AIS 21,CAPITAL LESTE
2.0,AIS 19,,,DIONÍSIO TORRES,Fortaleza,,Sim,2026-03-23,,,,05:55:05,76617.0,4405909.0,,-3.7501154009,-38.5108718667,Avenida Barão de Studart,,cvp,ROUBO A PESSOA,,,Segunda-feira,False,False,Nublado,0.7,,,AIS 21,CAPITAL LESTE
2.0,AIS 19,,,DIONÍSIO TORRES,Fortaleza,,Sim,2026-03-23,,,,05:55:05,76986.0,4405909.0,,-3.7501154009,-38.5108718667,Avenida Barão de Studart,,cvp,ROUBO A PESSOA,,,Segunda-feira,False,False,Nublado,0.7,,,AIS 21,CAPITAL LESTE
2.0,AIS 06,,,JÓQUEI CLUBE,Fortaleza,,Sim,2026-03-23,,,,05:44:46,76618.0,4405908.0,,-3.7723767471,-38.5765912302,Rua Araripe Macedo,,cvp,ROUBO A PESSOA,,,Segunda-feira,False,False,Nublado,0.7,,,AIS 05,CAPITAL OESTE
2.0,AIS 06,,,JÓQUEI CLUBE,Fortaleza,,Sim,2026-03-23,,,,05:44:46,76985.0,4405908.0,,-3.7723767471,-38.5765912302,Rua Araripe Macedo,,cvp,ROUBO A PESSOA,,,Segunda-feira,False,False,Nublado,0.7,,,AIS 05,CAPITAL OESTE
2.0,AIS 17,,,CONJUNTO CEARÁ II,Fortaleza,,Sim,2026-03-23,,,,05:18:34,76619.0,4405907.0,,-3.77640525,-38.6191011494,Rua 922,,cvp,ROUBO A PESSOA,,,Segunda-feira,False,False,Nublado,0.7,,,AIS 06,CAPITAL OESTE
2.0,AIS 17,,,CONJUNTO CEARÁ II,Fortaleza,,Sim,2026-03-23,,,,05:18:34,76984.0,4405907.0,,-3.77640525,-38.6191011494,Rua 922,,cvp,ROUBO A PESSOA,,,Segunda-feira,False,False,Nublado,0.7,,,AIS 06,CAPITAL OESTE
2.0,AIS 34,,,,Icó,,Sim,2026-03-23,,,,18:58:15,76620.0,4406048.0,,-6.4001772128,-38.8568675354,Avenida Josefa Nogueira Monteiro,,cvp,ROUBO A PESSOA,,,Segunda-feira,False,False,Nublado,0.7,,,AIS 34,SUL
2.0,AIS 34,,,,Icó,,Sim,2026-03-23,,,,18:58:15,77000.0,4406048.0,,-6.4001772128,-38.8568675354,Avenida Josefa Nogueira Monteiro,,cvp,ROUBO A PESSOA,,,Segunda-feira,False,False,Nublado,0.7,,,AIS 34,SUL
2.0,AIS 34,,,,Icó,,Sim,2026-03-23,,,,19:30:53,76621.0,4406049.0,,-6.251292189,-38.5845957324,Rua Evaldo Augusto de Souza,,cvp,ROUBO A PESSOA,,,Segunda-feira,False,False,Nublado,0.7,,,AIS 34,SUL
2.0,AIS 34,,,,Icó,,Sim,2026-03-23,,,,19:30:53,77001.0,4406049.0,,-6.251292189,-38.5845957324,Rua Evaldo Augusto de Souza,,cvp,ROUBO A PESSOA,,,Segunda-feira,False,False,Nublado,0.7,,,AIS 34,SUL
2.0,AIS 03,,,,Sobral,,Sim,2026-03-23,,,,09:51:28,76622.0,4406080.0,,-3.664429784,-40.3863271929,Nossa Senhora de Fátima,,cvp,ROUBO A PESSOA,,,Segunda-feira,False,False,Nublado,0.7,,,AIS 03,NORTE
2.0,AIS 03,,,,Sobral,,Sim,2026-03-23,,,,09:51:28,77002.0,4406080.0,,-3.664429784,-40.3863271929,Nossa Senhora de Fátima,,cvp,ROUBO A PESSOA,,,Segunda-feira,False,False,Nublado,0.7,,,AIS 03,NORTE
2.0,AIS 16,,,GUAJERU,Fortaleza,,Sim,2026-03-24,,,,18:15:29,76623.0,4405942.0,,-3.8346613773,-38.484169264,Rua Professor Paulo Maria de Aragão,,cvp,ROUBO A PESSOA,,,Terça-feira,False,False,Nublado,1.4,,,AIS 16,CAPITAL LESTE
2.0,AIS 16,,,GUAJERU,Fortaleza,,Sim,2026-03-24,,,,18:15:29,77011.0,4405942.0,,-3.8346613773,-38.484169264,Rua Professor Paulo Maria de Aragão,,cvp,ROUBO A PESSOA,,,Terça-feira,False,False,Nublado,1.4,,,AIS 16,CAPITAL LESTE
2.0,AIS 19,,,DIONÍSIO TORRES,Fortaleza,,Sim,2026-03-24,,,,13:23:12,76624.0,4405938.0,,-3.7459615382,-38.5076045365,Rua Tomás Acioli,,cvp,ROUBO A PESSOA,,,Terça-feira,False,False,Nublado,1.4,,,AIS 21,CAPITAL LESTE
2.0,AIS 19,,,DIONÍSIO TORRES,Fortaleza,,Sim,2026-03-24,,,,13:23:12,77009.0,4405938.0,,-3.7459615382,-38.5076045365,Rua Tomás Acioli,,cvp,ROUBO A PESSOA,,,Terça-feira,False,False,Nublado,1.4,,,AIS 21,CAPITAL LESTE
2.0,AIS 12,,,,Caucaia,,Sim,2026-03-24,,,,12:44:20,76625.0,4405262.0,,-3.6547876699,-38.7555006106,Estrada do Garrote,,cvp,ROUBO A PESSOA,,,Terça-feira,False,False,Nublado,1.4,,,AIS 12,RMF OESTE
2.0,AIS 12,,,,Caucaia,,Sim,2026-03-24,,,,12:44:20,77003.0,4405262.0,,-3.6547876699,-38.7555006106,Estrada do Garrote,,cvp,ROUBO A PESSOA,,,Terça-feira,False,False,Nublado,1.4,,,AIS 12,RMF OESTE
2.0,AIS 06,,,ANTÔNIO BEZERRA,Fortaleza,,Sim,2026-03-24,,,,17:10:48,76626.0,4405940.0,,-3.7336828726,-38.5884281345,Avenida Sargento Hermínio Sampaio,,cvp,ROUBO A PESSOA,,,Terça-feira,False,False,Nublado,1.4,,,AIS 06,CAPITAL OESTE
2.0,AIS 06,,,ANTÔNIO BEZERRA,Fortaleza,,Sim,2026-03-24,,,,17:10:48,77010.0,4405940.0,,-3.7336828726,-38.5884281345,Avenida Sargento Hermínio Sampaio,,cvp,ROUBO A PESSOA,,,Terça-feira,False,False,Nublado,1.4,,,AIS 06,CAPITAL OESTE
2.0,AIS 19,,,COCÓ,Fortaleza,,Sim,2026-03-24,,,,19:21:37,76627.0,4405943.0,,-3.745111551,-38.4757988557,Rua Doutor Gilberto Studart,,cvp,ROUBO A PESSOA,,,Terça-feira,False,False,Nublado,1.4,,,AIS 21,CAPITAL LESTE
2.0,AIS 19,,,COCÓ,Fortaleza,,Sim,2026-03-24,,,,19:21:37,77012.0,4405943.0,,-3.745111551,-38.4757988557,Rua Doutor Gilberto Studart,,cvp,ROUBO A PESSOA,,,Terça-feira,False,False,Nublado,1.4,,,AIS 21,CAPITAL LESTE
2.0,AIS 05,,,AEROPORTO,Fortaleza,,Sim,2026-03-24,,,,12:09:35,76628.0,4405934.0,,-3.7575915926,-38.5239137565,Avenida Aguanambi,,cvp,ROUBO DE CARGA,,,Terça-feira,False,False,Nublado,1.4,,,AIS 21,CAPITAL OESTE
2.0,AIS 05,,,AEROPORTO,Fortaleza,,Sim,2026-03-24,,,,12:09:35,77006.0,4405934.0,,-3.7575915926,-38.5239137565,Avenida Aguanambi,,cvp,ROUBO DE CARGA,,,Terça-feira,False,False,Nublado,1.4,,,AIS 21,CAPITAL OESTE
2.0,AIS 06,,,RODOLFO TEÓFILO,Fortaleza,,Sim,2026-03-24,,,,12:18:02,76629.0,4405935.0,,-3.745000835,-38.5509864119,Rua Ana Néri,,cvp,ROUBO A PESSOA,,,Terça-feira,False,False,Nublado,1.4,,,AIS 21,CAPITAL OESTE
2.0,AIS 06,,,RODOLFO TEÓFILO,Fortaleza,,Sim,2026-03-24,,,,12:18:02,77007.0,4405935.0,,-3.745000835,-38.5509864119,Rua Ana Néri,,cvp,ROUBO A PESSOA,,,Terça-feira,False,False,Nublado,1.4,,,AIS 21,CAPITAL OESTE
2.0,AIS 21,,,PARQUE MANIBURA,Fortaleza,,Sim,2026-03-24,,,,13:21:07,76630.0,4405937.0,,-3.7922416601,-38.4920766718,Rua Trajano Alves de Aguiar,,cvp,ROUBO A PESSOA,,,Terça-feira,False,False,Nublado,1.4,,,AIS 21,CAPITAL OESTE
2.0,AIS 21,,,PARQUE MANIBURA,Fortaleza,,Sim,2026-03-24,,,,13:21:07,77008.0,4405937.0,,-3.7922416601,-38.4920766718,Rua Trajano Alves de Aguiar,,cvp,ROUBO A PESSOA,,,Terça-feira,False,False,Nublado,1.4,,,AIS 21,CAPITAL OESTE
2.0,AIS 05,,,JOSÉ BONIFÁCIO,Fortaleza,,Sim,2026-03-24,,,,06:24:16,76631.0,4405930.0,,-3.7397224941,-38.5259933313,Rua Eusébio de Sousa,,cvp,ROUBO A PESSOA,,,Terça-feira,False,False,Nublado,1.4,,,AIS 21,CAPITAL OESTE
2.0,AIS 05,,,JOSÉ BONIFÁCIO,Fortaleza,,Sim,2026-03-24,,,,06:24:16,77005.0,4405930.0,,-3.7397224941,-38.5259933313,Rua Eusébio de Sousa,,cvp,ROUBO A PESSOA,,,Terça-feira,False,False,Nublado,1.4,,,AIS 21,CAPITAL OESTE
2.0,AIS 05,,,SERRINHA,Fortaleza,,Sim,2026-03-24,,,,04:21:45,76632.0,4405929.0,,-3.7890496925,-38.5425876932,Rua Duarte Pimentel,,cvp,ROUBO A ESTABELECIMENTO COMERCIAL,,,Terça-feira,False,False,Nublado,1.4,,,AIS 21,CAPITAL OESTE
2.0,AIS 05,,,SERRINHA,Fortaleza,,Sim,2026-03-24,,,,04:21:45,77004.0,4405929.0,,-3.7890496925,-38.5425876932,Rua Duarte Pimentel,,cvp,ROUBO A ESTABELECIMENTO COMERCIAL,,,Terça-feira,False,False,Nublado,1.4,,,AIS 21,CAPITAL OESTE
2.0,AIS 17,,,BOM JARDIM,Maracanaú,,Sim,2026-03-24,,,,14:57:10,76633.0,4406020.0,,-3.838216755,-38.5923469836,Rua 12,,cvp,ROUBO A PESSOA,,,Terça-feira,False,False,Nublado,1.4,,,AIS 17,CAPITAL OESTE
2.0,AIS 17,,,BOM JARDIM,Maracanaú,,Sim,2026-03-24,,,,14:57:10,77013.0,4406020.0,,-3.838216755,-38.5923469836,Rua 12,,cvp,ROUBO A PESSOA,,,Terça-feira,False,False,Nublado,1.4,,,AIS 17,CAPITAL OESTE
2.0,AIS 20,,,JARDIM CEARENSE,Fortaleza,,Sim,2026-03-25,,,,14:46:55,76634.0,4405955.0,,-3.7964936426,-38.5696689355,Avenida Godofredo Maciel,,cvp,ROUBO A ESTABELECIMENTO COMERCIAL,,,Quarta-feira,True,False,Nublado,1.0,,,AIS 05,CAPITAL OESTE
2.0,AIS 20,,,JARDIM CEARENSE,Fortaleza,,Sim,2026-03-25,,,,14:46:55,77024.0,4405955.0,,-3.7964936426,-38.5696689355,Avenida Godofredo Maciel,,cvp,ROUBO A ESTABELECIMENTO COMERCIAL,,,Quarta-feira,True,False,Nublado,1.0,,,AIS 05,CAPITAL OESTE
2.0,AIS 08,,,MEIRELES,Fortaleza,,Sim,2026-03-25,,,,05:06:49,76635.0,4405947.0,,-3.7240115977,-38.509046451,Avenida Monsenhor Tabosa,,cvp,ROUBO A PESSOA,,,Quarta-feira,True,False,Nublado,1.0,,,AIS 08,CAPITAL LESTE
2.0,AIS 08,,,MEIRELES,Fortaleza,,Sim,2026-03-25,,,,05:06:49,77016.0,4405947.0,,-3.7240115977,-38.509046451,Avenida Monsenhor Tabosa,,cvp,ROUBO A PESSOA,,,Quarta-feira,True,False,Nublado,1.0,,,AIS 08,CAPITAL LESTE
2.0,AIS 19,,,JOAQUIM TÁVORA,Fortaleza,,Sim,2026-03-25,,,,07:43:00,76636.0,4405948.0,,-3.7514085283,-38.5186855713,Rua Capitão Gustavo,,cvp,ROUBO A PESSOA,,,Quarta-feira,True,False,Nublado,1.0,,,AIS 21,CAPITAL LESTE
2.0,AIS 19,,,JOAQUIM TÁVORA,Fortaleza,,Sim,2026-03-25,,,,07:43:00,77017.0,4405948.0,,-3.7514085283,-38.5186855713,Rua Capitão Gustavo,,cvp,ROUBO A PESSOA,,,Quarta-feira,True,False,Nublado,1.0,,,AIS 21,CAPITAL LESTE
2.0,AIS 18,,,BARRA DO CEARÁ,Fortaleza,,Sim,2026-03-25,,,,09:28:25,76637.0,4405949.0,,-3.7051720546,-38.5747583099,Rua Alberto da Oliveira,,cvp,ROUBO A FARMÁCIA,,,Quarta-feira,True,False,Nublado,1.0,,,AIS 06,CAPITAL OESTE
2.0,AIS 18,,,BARRA DO CEARÁ,Fortaleza,,Sim,2026-03-25,,,,09:28:25,77018.0,4405949.0,,-3.7051720546,-38.5747583099,Rua Alberto da Oliveira,,cvp,ROUBO A FARMÁCIA,,,Quarta-feira,True,False,Nublado,1.0,,,AIS 06,CAPITAL OESTE
2.0,AIS 16,,,PEDRAS,Fortaleza,,Sim,2026-03-25,,,,09:57:38,76638.0,4405950.0,,-3.900906893,-38.5206106383,Barrocão,,cvp,ROUBO A PESSOA,,,Quarta-feira,True,False,Nublado,1.0,,,AIS 16,CAPITAL LESTE
2.0,AIS 16,,,PEDRAS,Fortaleza,,Sim,2026-03-25,,,,09:57:38,77019.0,4405950.0,,-3.900906893,-38.5206106383,Barrocão,,cvp,ROUBO A PESSOA,,,Quarta-feira,True,False,Nublado,1.0,,,AIS 16,CAPITAL LESTE
2.0,AIS 21,,,ALTO DA BALANÇA,Fortaleza,,Sim,2026-03-25,,,,12:10:28,76639.0,4405951.0,,-3.767187902,-38.5162705806,Rua Capitão Uruguai,,cvp,ROUBO A PESSOA,,,Quarta-feira,True,False,Nublado,1.0,,,AIS 21,CAPITAL OESTE
2.0,AIS 21,,,ALTO DA BALANÇA,Fortaleza,,Sim,2026-03-25,,,,12:10:28,77020.0,4405951.0,,-3.767187902,-38.5162705806,Rua Capitão Uruguai,,cvp,ROUBO A PESSOA,,,Quarta-feira,True,False,Nublado,1.0,,,AIS 21,CAPITAL OESTE
2.0,AIS 22,,,PASSARÉ,Fortaleza,,Sim,2026-03-25,,,,12:40:54,76640.0,4405952.0,,-3.8158600289,-38.5314148616,Avenida Juscelino Kubitschek,,cvp,ROUBO A ESTABELECIMENTO COMERCIAL,,,Quarta-feira,True,False,Nublado,1.0,,,AIS 21,CAPITAL LESTE
2.0,AIS 22,,,PASSARÉ,Fortaleza,,Sim,2026-03-25,,,,12:40:54,77021.0,4405952.0,,-3.8158600289,-38.5314148616,Avenida Juscelino Kubitschek,,cvp,ROUBO A ESTABELECIMENTO COMERCIAL,,,Quarta-feira,True,False,Nublado,1.0,,,AIS 21,CAPITAL LESTE
2.0,AIS 19,,,SÃO JOÃO DO TAUAPE,Fortaleza,,Sim,2026-03-25,,,,13:12:10,76641.0,4405954.0,,-3.7527725204,-38.5078968302,Rua Tibúrcio Cavalcante,,cvp,ROUBO A PESSOA,,,Quarta-feira,True,False,Nublado,1.0,,,AIS 21,CAPITAL LESTE
2.0,AIS 19,,,SÃO JOÃO DO TAUAPE,Fortaleza,,Sim,2026-03-25,,,,13:12:10,77022.0,4405954.0,,-3.7527725204,-38.5078968302,Rua Tibúrcio Cavalcante,,cvp,ROUBO A PESSOA,,,Quarta-feira,True,False,Nublado,1.0,,,AIS 21,CAPITAL LESTE
2.0,AIS 21,,,CIDADE DOS FUNCIONÁRIOS,Fortaleza,,Sim,2026-03-25,,,,15:49:09,76642.0,4405956.0,,-3.7963415446,-38.4935844079,Rua Manoel Monteiro,,cvp,ROUBO A PESSOA,,,Quarta-feira,True,False,Nublado,1.0,,,AIS 21,CAPITAL OESTE
2.0,AIS 21,,,CIDADE DOS FUNCIONÁRIOS,Fortaleza,,Sim,2026-03-25,,,,15:49:09,77023.0,4405956.0,,-3.7963415446,-38.4935844079,Rua Manoel Monteiro,,cvp,ROUBO A PESSOA,,,Quarta-feira,True,False,Nublado,1.0,,,AIS 21,CAPITAL OESTE
2.0,,,,JANGURURSSU,Fortaleza,,Sim,2026-03-25,,,,20:21:22,76643.0,4405958.0,,-3.8331239166,-38.5040022124,Rodovia Santos Dumont,,cvp,ROUBO A PESSOA,,,Quarta-feira,True,False,Nublado,1.0,,,AIS 16,
2.0,,,,JANGURURSSU,Fortaleza,,Sim,2026-03-25,,,,20:21:22,77026.0,4405958.0,,-3.8331239166,-38.5040022124,Rodovia Santos Dumont,,cvp,ROUBO A PESSOA,,,Quarta-feira,True,False,Nublado,1.0,,,AIS 16,
2.0,AIS 20,,,SANTA CLARA,Eusébio,,Sim,2026-03-25,,,,19:56:07,76644.0,4405533.0,,-3.8988204607,-38.4463728715,Rua Paraná,,cvp,ROUBO A PESSOA,,,Quarta-feira,True,False,Nublado,1.0,,,AIS 20,CAPITAL OESTE
2.0,AIS 20,,,SANTA CLARA,Eusébio,,Sim,2026-03-25,,,,19:56:07,77015.0,4405533.0,,-3.8988204607,-38.4463728715,Rua Paraná,,cvp,ROUBO A PESSOA,,,Quarta-feira,True,False,Nublado,1.0,,,AIS 20,CAPITAL OESTE
2.0,AIS 08,,,MUCURIPE,Fortaleza,,Sim,2026-03-25,,,,16:09:04,76645.0,4405957.0,,-3.7287550878,-38.4884640972,Rua Pedro Rufino,,cvp,ROUBO A FARMÁCIA,,,Quarta-feira,True,False,Nublado,1.0,,,AIS 08,CAPITAL LESTE
2.0,AIS 08,,,MUCURIPE,Fortaleza,,Sim,2026-03-25,,,,16:09:04,77025.0,4405957.0,,-3.7287550878,-38.4884640972,Rua Pedro Rufino,,cvp,ROUBO A FARMÁCIA,,,Quarta-feira,True,False,Nublado,1.0,,,AIS 08,CAPITAL LESTE
2.0,AIS 06,,,AUTRAN NUNES,Caucaia,,Sim,2026-03-25,,,,10:53:34,76646.0,4405263.0,,-3.7676656521,-38.6357201954,Avenida São Vicente de Paula,,cvp,ROUBO A PESSOA,,,Quarta-feira,True,False,Nublado,1.0,,,AIS 06,CAPITAL OESTE
2.0,AIS 06,,,AUTRAN NUNES,Caucaia,,Sim,2026-03-25,,,,10:53:34,77014.0,4405263.0,,-3.7676656521,-38.6357201954,Avenida São Vicente de Paula,,cvp,ROUBO A PESSOA,,,Quarta-feira,True,False,Nublado,1.0,,,AIS 06,CAPITAL OESTE
2.0,AIS 20,,,PREFEITO JOSÉ WALTER,Fortaleza,,Sim,2026-03-26,,,,15:23:01,76647.0,4405974.0,,-3.8346806828,-38.5480126914,Rua J,,cvp,ROUBO A PESSOA,,,Quinta-feira,False,False,Nublado,2.1,,,AIS 16,CAPITAL OESTE
2.0,AIS 20,,,PREFEITO JOSÉ WALTER,Fortaleza,,Sim,2026-03-26,,,,15:23:01,77028.0,4405974.0,,-3.8346806828,-38.5480126914,Rua J,,cvp,ROUBO A PESSOA,,,Quinta-feira,False,False,Nublado,2.1,,,AIS 16,CAPITAL OESTE
2.0,AIS 21,,,CIDADE DOS FUNCIONÁRIOS,Fortaleza,,Sim,2026-03-26,,,,22:30:12,76648.0,4405980.0,,-3.7941859716,-38.5070779336,Rua José Alves Cavalcante,,cvp,ROUBO A PESSOA,,,Quinta-feira,False,False,Nublado,2.1,,,AIS 21,CAPITAL OESTE
2.0,AIS 21,,,CIDADE DOS FUNCIONÁRIOS,Fortaleza,,Sim,2026-03-26,,,,22:30:12,77038.0,4405980.0,,-3.7941859716,-38.5070779336,Rua José Alves Cavalcante,,cvp,ROUBO A PESSOA,,,Quinta-feira,False,False,Nublado,2.1,,,AIS 21,CAPITAL OESTE
2.0,AIS 08,,,MUCURIPE,Fortaleza,,Sim,2026-03-26,,,,07:45:52,76649.0,4405965.0,,-3.7287355465,-38.4884629378,Rua Pedro Rufino,,cvp,ROUBO A FARMÁCIA,,,Quinta-feira,False,False,Nublado,2.1,,,AIS 08,CAPITAL LESTE
2.0,AIS 08,,,MUCURIPE,Fortaleza,,Sim,2026-03-26,,,,07:45:52,77033.0,4405965.0,,-3.7287355465,-38.4884629378,Rua Pedro Rufino,,cvp,ROUBO A FARMÁCIA,,,Quinta-feira,False,False,Nublado,2.1,,,AIS 08,CAPITAL LESTE
2.0,AIS 16,,,JOSÉ DE ALENCAR,Fortaleza,,Sim,2026-03-26,,,,12:31:34,76650.0,4405969.0,,-3.81596352,-38.4775831233,Rua Clodoaldo Arruda,,cvp,ROUBO A PESSOA,,,Quinta-feira,False,False,Nublado,2.1,,,AIS 16,CAPITAL LESTE
2.0,AIS 16,,,JOSÉ DE ALENCAR,Fortaleza,,Sim,2026-03-26,,,,12:31:34,77032.0,4405969.0,,-3.81596352,-38.4775831233,Rua Clodoaldo Arruda,,cvp,ROUBO A PESSOA,,,Quinta-feira,False,False,Nublado,2.1,,,AIS 16,CAPITAL LESTE
2.0,AIS 16,,,CAJAZEIRAS,Fortaleza,,Sim,2026-03-26,,,,05:11:22,76651.0,4405962.0,,-3.7974811137,-38.5078954364,Pista Marginal,,cvp,ROUBO A PESSOA,,,Quinta-feira,False,False,Nublado,2.1,,,AIS 21,CAPITAL LESTE
2.0,AIS 16,,,CAJAZEIRAS,Fortaleza,,Sim,2026-03-26,,,,05:11:22,77027.0,4405962.0,,-3.7974811137,-38.5078954364,Pista Marginal,,cvp,ROUBO A PESSOA,,,Quinta-feira,False,False,Nublado,2.1,,,AIS 21,CAPITAL LESTE
2.0,AIS 06,,,ANTÔNIO BEZERRA,Fortaleza,,Sim,2026-03-26,,,,13:12:48,76652.0,4405970.0,,-3.7396002122,-38.5911001196,Avenida Mister Hull,,cvp,ROUBO A PESSOA,,,Quinta-feira,False,False,Nublado,2.1,,,AIS 06,CAPITAL OESTE
2.0,AIS 06,,,ANTÔNIO BEZERRA,Fortaleza,,Sim,2026-03-26,,,,13:12:48,77031.0,4405970.0,,-3.7396002122,-38.5911001196,Avenida Mister Hull,,cvp,ROUBO A PESSOA,,,Quinta-feira,False,False,Nublado,2.1,,,AIS 06,CAPITAL OESTE
2.0,AIS 05,,,PARANGABA,Fortaleza,,Sim,2026-03-26,,,,14:21:19,76653.0,4405972.0,,-3.7844199163,-38.5663091813,Avenida Godofredo Maciel,,cvp,ROUBO A PESSOA,,,Quinta-feira,False,False,Nublado,2.1,,,AIS 05,CAPITAL OESTE
2.0,AIS 05,,,PARANGABA,Fortaleza,,Sim,2026-03-26,,,,14:21:19,77030.0,4405972.0,,-3.7844199163,-38.5663091813,Avenida Godofredo Maciel,,cvp,ROUBO A PESSOA,,,Quinta-feira,False,False,Nublado,2.1,,,AIS 05,CAPITAL OESTE
2.0,AIS 21,,,CIDADE DOS FUNCIONÁRIOS,Fortaleza,,Sim,2026-03-26,,,,14:25:31,76654.0,4405973.0,,-3.7908993704,-38.5074333706,Rua Tenente Nicolau,,cvp,ROUBO A PESSOA,,,Quinta-feira,False,False,Nublado,2.1,,,AIS 21,CAPITAL OESTE
2.0,AIS 21,,,CIDADE DOS FUNCIONÁRIOS,Fortaleza,,Sim,2026-03-26,,,,14:25:31,77029.0,4405973.0,,-3.7908993704,-38.5074333706,Rua Tenente Nicolau,,cvp,ROUBO A PESSOA,,,Quinta-feira,False,False,Nublado,2.1,,,AIS 21,CAPITAL OESTE
2.0,AIS 16,,,CONJUNTO PALMEIRAS,Fortaleza,,Sim,2026-03-26,,,,22:03:14,76655.0,4405979.0,,-3.8615281323,-38.5362341638,Rodovia Quarto Anel Viário,,cvp,ROUBO APLICATIVO DE TRANSPORTE,,,Quinta-feira,False,False,Nublado,2.1,,,AIS 16,CAPITAL LESTE
2.0,AIS 16,,,CONJUNTO PALMEIRAS,Fortaleza,,Sim,2026-03-26,,,,22:03:14,77037.0,4405979.0,,-3.8615281323,-38.5362341638,Rodovia Quarto Anel Viário,,cvp,ROUBO APLICATIVO DE TRANSPORTE,,,Quinta-feira,False,False,Nublado,2.1,,,AIS 16,CAPITAL LESTE
2.0,AIS 19,,,DE LOURDES,Fortaleza,,Sim,2026-03-26,,,,05:16:57,76656.0,4405963.0,,-3.7453584934,-38.4630977564,Rua Dalva Rodrigues,,cvp,ROUBO A RESIDÊNCIA,,,Quinta-feira,False,False,Nublado,2.1,,,AIS 08,CAPITAL LESTE
2.0,AIS 19,,,DE LOURDES,Fortaleza,,Sim,2026-03-26,,,,05:16:57,77034.0,4405963.0,,-3.7453584934,-38.4630977564,Rua Dalva Rodrigues,,cvp,ROUBO A RESIDÊNCIA,,,Quinta-feira,False,False,Nublado,2.1,,,AIS 08,CAPITAL LESTE
2.0,AIS 05,,,MONTESE,Fortaleza,,Sim,2026-03-26,,,,21:26:05,76657.0,4405978.0,,-3.7653466161,-38.5528437258,Rua Coronel Alexandrino,,cvp,ROUBO A PESSOA,,,Quinta-feira,False,False,Nublado,2.1,,,AIS 21,CAPITAL OESTE
2.0,AIS 05,,,MONTESE,Fortaleza,,Sim,2026-03-26,,,,21:26:05,77036.0,4405978.0,,-3.7653466161,-38.5528437258,Rua Coronel Alexandrino,,cvp,ROUBO A PESSOA,,,Quinta-feira,False,False,Nublado,2.1,,,AIS 21,CAPITAL OESTE
2.0,AIS 24,,,,Cascavel,,Sim,2026-03-26,,,,12:28:26,76658.0,4405528.0,,-4.1444365555,-38.3301213288,,,cvp,ROUBO A PESSOA,,,Quinta-feira,False,False,Nublado,2.1,,,AIS 24,RMF LESTE
2.0,AIS 24,,,,Cascavel,,Sim,2026-03-26,,,,12:28:26,77035.0,4405528.0,,-4.1444365555,-38.3301213288,,,cvp,ROUBO A PESSOA,,,Quinta-feira,False,False,Nublado,2.1,,,AIS 24,RMF LESTE
2.0,AIS 14,,,MARACANAU,Pacatuba,,Sim,2026-03-26,,,,00:57:14,76659.0,4406026.0,,-3.8944956137,-38.6101820814,Rua 37,,cvp,ROUBO A PESSOA,,,Quinta-feira,False,False,Nublado,2.1,,,AIS 14,RMF LESTE
2.0,AIS 14,,,MARACANAU,Pacatuba,,Sim,2026-03-26,,,,00:57:14,77040.0,4406026.0,,-3.8944956137,-38.6101820814,Rua 37,,cvp,ROUBO A PESSOA,,,Quinta-feira,False,False,Nublado,2.1,,,AIS 14,RMF LESTE
2.0,AIS 27,,,,Acaraú,,Sim,2026-03-26,,,,19:58:23,76660.0,4406033.0,,-2.8850737423,-40.116690246,Travessa Benedito Pará,,cvp,ROUBO A PESSOA,,,Quinta-feira,False,False,Nublado,2.1,,,AIS 27,NORTE
2.0,AIS 27,,,,Acaraú,,Sim,2026-03-26,,,,19:58:23,77041.0,4406033.0,,-2.8850737423,-40.116690246,Travessa Benedito Pará,,cvp,ROUBO A PESSOA,,,Quinta-feira,False,False,Nublado,2.1,,,AIS 27,NORTE
2.0,AIS 25,,,,Horizonte,,Sim,2026-03-26,,,,12:45:36,76661.0,4405994.0,,-4.1080148686,-38.3971011854,Rua Raimundo Pereira Lima,,cvp,ROUBO A RESIDÊNCIA,,,Quinta-feira,False,False,Nublado,2.1,,,AIS 25,RMF LESTE
2.0,AIS 25,,,,Horizonte,,Sim,2026-03-26,,,,12:45:36,77039.0,4405994.0,,-4.1080148686,-38.3971011854,Rua Raimundo Pereira Lima,,cvp,ROUBO A RESIDÊNCIA,,,Quinta-feira,False,False,Nublado,2.1,,,AIS 25,RMF LESTE
2.0,AIS 21,,,CIDADE DOS FUNCIONÁRIOS,Fortaleza,,Sim,2026-03-27,,,,08:22:42,76662.0,4405985.0,,-3.7946387706,-38.5063183787,Rua José Alves Cavalcante,,cvp,ROUBO A PESSOA,,,Sexta-feira,False,False,Nublado,4.5,,,AIS 21,CAPITAL OESTE
2.0,AIS 21,,,CIDADE DOS FUNCIONÁRIOS,Fortaleza,,Sim,2026-03-27,,,,08:22:42,77043.0,4405985.0,,-3.7946387706,-38.5063183787,Rua José Alves Cavalcante,,cvp,ROUBO A PESSOA,,,Sexta-feira,False,False,Nublado,4.5,,,AIS 21,CAPITAL OESTE
2.0,AIS 22,,,DIAS MACÊDO,Fortaleza,,Sim,2026-03-27,,,,08:46:58,76663.0,4405986.0,,-3.7822094539,-38.5144008372,Avenida Alberto Craveiro,,cvp,ROUBO A PESSOA,,,Sexta-feira,False,False,Nublado,4.5,,,AIS 21,CAPITAL LESTE
2.0,AIS 22,,,DIAS MACÊDO,Fortaleza,,Sim,2026-03-27,,,,08:46:58,77044.0,4405986.0,,-3.7822094539,-38.5144008372,Avenida Alberto Craveiro,,cvp,ROUBO A PESSOA,,,Sexta-feira,False,False,Nublado,4.5,,,AIS 21,CAPITAL LESTE
2.0,AIS 23,,,,Paracuru,,Sim,2026-03-27,,,,11:54:17,76664.0,4406068.0,,-3.4100799379,-39.0298374338,Rua Coronel Meireles,,cvp,ROUBO A PESSOA,,,Sexta-feira,False,False,Nublado,4.5,,,AIS 23,RMF OESTE
2.0,AIS 23,,,,Paracuru,,Sim,2026-03-27,,,,11:54:17,77042.0,4406068.0,,-3.4100799379,-39.0298374338,Rua Coronel Meireles,,cvp,ROUBO A PESSOA,,,Sexta-feira,False,False,Nublado,4.5,,,AIS 23,RMF OESTE
2.0,AIS 08,,,ALDEOTA,Fortaleza,,Sim,2026-03-27,,,,12:59:56,76665.0,4405987.0,,-3.7285989089,-38.5133609855,Rua Pereira Filgueiras,,cvp,ROUBO A PESSOA,,,Sexta-feira,False,False,Nublado,4.5,,,AIS 21,CAPITAL LESTE
2.0,AIS 08,,,ALDEOTA,Fortaleza,,Sim,2026-03-27,,,,12:59:56,77045.0,4405987.0,,-3.7285989089,-38.5133609855,Rua Pereira Filgueiras,,cvp,ROUBO A PESSOA,,,Sexta-feira,False,False,Nublado,4.5,,,AIS 21,CAPITAL LESTE
2.0,AIS 22,,,DIAS MACÊDO,Fortaleza,,Sim,2026-03-28,,,,13:20:08,77052.0,4407733.0,,-3.78637503,-38.5169492739,Dias Macêdo,NAN,cvp,ROUBO A PESSOA,,,Sábado,False,False,Nublado,2.1,,ROUBO A PESSOA,AIS 21,CAPITAL LESTE
2.0,AIS 08,,,ALDEOTA,Fortaleza,,Sim,2026-03-28,,,,12:50:38,77053.0,4407732.0,,-3.7334938792,-38.4981905001,Praça Portugal,NAN,cvp,ROUBO A PESSOA,,,Sábado,False,False,Nublado,2.1,,ROUBO A PESSOA,AIS 21,CAPITAL LESTE
2.0,AIS 17,,,CONJUNTO CEARÁ I,Fortaleza,,Sim,2026-03-28,,,,00:26:20,77054.0,4407729.0,,-3.7598685726,-38.6117495225,Rua 1133,NAN,cvp,ROUBO A PESSOA,,,Sábado,False,False,Nublado,2.1,,ROUBO A PESSOA,AIS 06,CAPITAL OESTE
2.0,AIS 08,,,MEIRELES,Fortaleza,,Sim,2026-03-28,,,,06:49:09,77055.0,4407730.0,,-3.7265717926,-38.4961325691,Rua Visconde de Mauá,NAN,cvp,ROUBO A PESSOA,,,Sábado,False,False,Nublado,2.1,,ROUBO A PESSOA,AIS 08,CAPITAL LESTE
2.0,AIS 21,,,CAMBEBA,Fortaleza,,Sim,2026-03-28,,,,15:25:30,77056.0,4407737.0,,-3.8014649619,-38.4845755269,Rua Plínio Salgado,NAN,cvp,ROUBO A PESSOA,,,Sábado,False,False,Nublado,2.1,,ROUBO A PESSOA,AIS 21,CAPITAL OESTE
2.0,AIS 19,,,SABIAGUABA,Fortaleza,,Sim,2026-03-28,,,,16:38:41,77057.0,4407739.0,,-3.8108106769,-38.4239671555,Travessa Terral das Flores,NAN,cvp,ROUBO A PESSOA,,,Sábado,False,False,Nublado,2.1,,ROUBO A PESSOA,AIS 16,CAPITAL LESTE
2.0,,,,JANGURURSSU,Fortaleza,,Sim,2026-03-28,,,,20:59:05,77058.0,4407743.0,,-3.8418307905,-38.5194670697,Rua Mandacaru,NAN,cvp,ROUBO A PESSOA,,,Sábado,False,False,Nublado,2.1,,ROUBO A PESSOA,AIS 16,
2.0,AIS 06,,,AMADEU FURTADO,Fortaleza,,Sim,2026-03-28,,,,21:28:58,77059.0,4407744.0,,-3.7436439312,-38.558625173,Rua Damião Fernandes,NAN,cvp,ROUBO A PESSOA,,,Sábado,False,False,Nublado,2.1,,ROUBO A PESSOA,AIS 05,CAPITAL OESTE
2.0,AIS 16,,,ANCURI,Itaitinga,,Sim,2026-03-28,,,,15:37:53,77060.0,4407746.0,,-3.8868121803,-38.5355195592,Ancuri,NAN,cvp,ROUBO A RESIDÊNCIA,,,Sábado,False,False,Nublado,2.1,,ROUBO A RESIDÊNCIA,AIS 16,CAPITAL LESTE
2.0,AIS 27,,,,Cruz,,Sim,2026-03-28,,,,01:45:56,77061.0,4407751.0,,-2.8961087443,-40.1730664919,,NAN,cvp,ROUBO A RESIDÊNCIA,,,Sábado,False,False,Nublado,2.1,,ROUBO A RESIDÊNCIA,AIS 27,NORTE
2.0,AIS 29,,,,Fortim,,Sim,2026-03-28,,,,14:37:10,77062.0,4407752.0,,-4.4015295631,-37.7811734959,,NAN,cvp,ROUBO A PESSOA,,,Sábado,False,False,Nublado,2.1,,ROUBO A PESSOA,AIS 29,NORDESTE
2.0,AIS 27,,,,Marco,,Sim,2026-03-28,,,,00:15:05,77063.0,4407753.0,,-3.1222361018,-40.150377916,Rua Parsifal Barroso,NAN,cvp,ROUBO A RESIDÊNCIA,,,Sábado,False,False,Nublado,2.1,,ROUBO A RESIDÊNCIA,AIS 27,NORTE
2.0,AIS 06,,,ANTONIO BEZERRA,Caucaia,,Sim,2026-03-29,,,,17:36:29,77064.0,4407755.0,,-3.6981499085,-38.5937690733,Parque Leblon,NAN,cvp,ROUBO A PESSOA,,,Domingo,False,False,Chuvoso,11.5,,ROUBO A PESSOA,AIS 06,CAPITAL OESTE
2.0,AIS 20,,,PARQUE SANTA ROSA,Fortaleza,,Sim,2026-03-29,,,,20:16:54,77065.0,4407768.0,,-3.8208385477,-38.5938962011,Rua Iná Brito,NAN,cvp,ROUBO A PESSOA,,,Domingo,False,False,Chuvoso,11.5,,ROUBO A PESSOA,AIS 17,CAPITAL OESTE
2.0,AIS 05,,,JARDIM AMÉRICA,Fortaleza,,Sim,2026-03-29,,,,19:31:25,77066.0,4407766.0,,-3.7524712289,-38.5446008402,Rua Delmiro de Farias,NAN,cvp,ROUBO A PESSOA,,,Domingo,False,False,Chuvoso,11.5,,ROUBO A PESSOA,AIS 21,CAPITAL OESTE
2.0,AIS 08,,,ALDEOTA,Fortaleza,,Sim,2026-03-29,,,,19:22:06,77067.0,4407765.0,,-3.7339337883,-38.4997259401,Rua Osvaldo Cruz,NAN,cvp,ROUBO A PESSOA,,,Domingo,False,False,Chuvoso,11.5,,ROUBO A PESSOA,AIS 21,CAPITAL LESTE
2.0,AIS 19,,,JOAQUIM TÁVORA,Fortaleza,,Sim,2026-03-29,,,,15:54:28,77068.0,4407764.0,,-3.7466539615,-38.5132442283,Avenida Rui Barbosa,NAN,cvp,ROUBO A PESSOA,,,Domingo,False,False,Chuvoso,11.5,,ROUBO A PESSOA,AIS 21,CAPITAL LESTE
2.0,AIS 08,,,VICENTE PINZÓN,Fortaleza,,Sim,2026-03-29,,,,08:22:05,77069.0,4407762.0,,-3.727580953,-38.4592347643,Avenida Zezé Diogo,NAN,cvp,ROUBO A PESSOA,,,Domingo,False,False,Chuvoso,11.5,,ROUBO A PESSOA,AIS 08,CAPITAL LESTE
2.0,AIS 16,,,ANCURI,Fortaleza,,Sim,2026-03-29,,,,08:19:20,77070.0,4407761.0,,-3.8501534123,-38.5002386077,Rua Augusto Benevides,NAN,cvp,ROUBO A PESSOA,,,Domingo,False,False,Chuvoso,11.5,,ROUBO A PESSOA,AIS 16,CAPITAL LESTE
2.0,AIS 17,,,GRANJA PORTUGAL,Fortaleza,,Sim,2026-03-29,,,,06:08:57,77071.0,4407759.0,,-3.7786739933,-38.6039991877,Rua Primeiro de Maio,NAN,cvp,ROUBO A RESIDÊNCIA,,,Domingo,False,False,Chuvoso,11.5,,ROUBO A RESIDÊNCIA,AIS 06,CAPITAL OESTE
2.0,AIS 08,,,VICENTE PINZÓN,Fortaleza,,Sim,2026-03-29,,,,02:03:26,77072.0,4407757.0,,-3.7324239493,-38.4671063324,Avenida Engenheiro Luís Vieira,NAN,cvp,ROUBO A PESSOA C/ CONSTRANGIMENTO DA LIBERDADE,,,Domingo,False,False,Chuvoso,11.5,,ROUBO A PESSOA C/ CONSTRANGIMENTO DA LIBERDADE,AIS 08,CAPITAL LESTE
2.0,AIS 16,,,MESSEJANA,Fortaleza,,Sim,2026-03-30,,,,05:17:17,77073.0,4407782.0,,-3.8242472103,-38.483023682,Rua Capitão Santos,NAN,cvp,ROUBO A PESSOA,,,Segunda-feira,False,True,Chuvoso,6.2,,ROUBO A PESSOA,AIS 16,CAPITAL LESTE
2.0,,,,SAPIRANGA COITÉ,Fortaleza,,Sim,2026-03-30,,,,21:12:33,77074.0,4407798.0,,-3.8018318392,-38.479383491,Avenida Washington Soares,NAN,cvp,ROUBO A COLETIVO,,,Segunda-feira,False,True,Chuvoso,6.2,,ROUBO A COLETIVO,AIS 21,
2.0,AIS 27,,,,Acaraú,,Sim,2026-03-30,,,,13:36:42,77075.0,4407802.0,,-2.8863767783,-40.121302876,Rua Coronel Duca Silveira,NAN,cvp,ROUBO A PESSOA,,,Segunda-feira,False,True,Chuvoso,6.2,,ROUBO A PESSOA,AIS 27,NORTE
2.0,AIS 18,,,CENTRO,Fortaleza,,Sim,2026-03-30,,,,17:04:19,77076.0,4407795.0,,-3.7283839033,-38.5395596264,Rua Agapito dos Santos,NAN,cvp,ROUBO A COLETIVO,,,Segunda-feira,False,True,Chuvoso,6.2,,ROUBO A COLETIVO,AIS 05,CAPITAL OESTE
2.0,AIS 06,,,HENRIQUE JORGE,Fortaleza,,Sim,2026-03-30,,,,16:39:27,77077.0,4407794.0,,-3.7645529154,-38.5861739534,Rua Professor Heribaldo Costa,NAN,cvp,ROUBO A RESIDÊNCIA,,,Segunda-feira,False,True,Chuvoso,6.2,,ROUBO A RESIDÊNCIA,AIS 06,CAPITAL OESTE
2.0,AIS 19,,,DE LOURDES,Fortaleza,,Sim,2026-03-30,,,,15:29:40,77078.0,4407793.0,,-3.734146941,-38.4667896562,Rua Coronel José Aurélio Câmara,NAN,cvp,ROUBO A RESIDÊNCIA,,,Segunda-feira,False,True,Chuvoso,6.2,,ROUBO A RESIDÊNCIA,AIS 08,CAPITAL LESTE
2.0,AIS 18,,,BARRA DO CEARÁ,Fortaleza,,Sim,2026-03-30,,,,13:43:11,77079.0,4407792.0,,-3.7044745897,-38.5776568739,Rua Araquém,NAN,cvp,ROUBO A PESSOA,,,Segunda-feira,False,True,Chuvoso,6.2,,ROUBO A PESSOA,AIS 06,CAPITAL OESTE
2.0,AIS 06,,,PARQUELÂNDIA,Fortaleza,,Sim,2026-03-30,,,,08:36:30,77080.0,4407789.0,,-3.7348604871,-38.5498349094,Rua Professor Nogueira,NAN,cvp,ROUBO A PESSOA,,,Segunda-feira,False,True,Chuvoso,6.2,,ROUBO A PESSOA,AIS 05,CAPITAL OESTE
2.0,AIS 08,,,ALDEOTA,Fortaleza,,Sim,2026-03-30,,,,07:03:44,77081.0,4407787.0,,-3.7373313728,-38.5147531937,Rua Ildefonso Albano,NAN,cvp,ROUBO A PESSOA,,,Segunda-feira,False,True,Chuvoso,6.2,,ROUBO A PESSOA,AIS 21,CAPITAL LESTE
2.0,AIS 21,,,CAMBEBA,Fortaleza,,Sim,2026-03-30,,,,06:53:07,77082.0,4407786.0,,-3.8012553286,-38.4810729232,Rua Crisanto Moreira da Rocha,NAN,cvp,ROUBO A PESSOA,,,Segunda-feira,False,True,Chuvoso,6.2,,ROUBO A PESSOA,AIS 21,CAPITAL OESTE
2.0,AIS 08,,,MEIRELES,Fortaleza,,Sim,2026-03-30,,,,06:31:07,77083.0,4407785.0,,-3.7314792212,-38.491313978,Avenida Senador Virgílio Távora,NAN,cvp,ROUBO A PESSOA,,,Segunda-feira,False,True,Chuvoso,6.2,,ROUBO A PESSOA,AIS 21,CAPITAL LESTE
2.0,AIS 17,,,BOM JARDIM,Maracanaú,,Sim,2026-03-30,,,,06:19:25,77084.0,4407801.0,,-3.8382982516,-38.592885629,Rua 12 B,NAN,cvp,ROUBO A PESSOA,,,Segunda-feira,False,True,Chuvoso,6.2,,ROUBO A PESSOA,AIS 17,CAPITAL OESTE
2.0,AIS 16,,,ANCURI,Fortaleza,,Sim,2026-03-30,,,,05:44:34,77085.0,4407784.0,,-3.8499034196,-38.4952805345,Rua Padre Pedro de Alencar,NAN,cvp,ROUBO A PESSOA,,,Segunda-feira,False,True,Chuvoso,6.2,,ROUBO A PESSOA,AIS 16,CAPITAL LESTE
2.0,AIS 15,,,,Guaiúba,,Sim,2026-03-30,,,,09:47:56,77086.0,4407799.0,,-4.0468269981,-38.6314845924,Rua 2,NAN,cvp,ROUBO A PESSOA,,,Segunda-feira,False,True,Chuvoso,6.2,,ROUBO A PESSOA,AIS 15,RMF LESTE
2.0,AIS 07,,,,Ipu,,Sim,2026-03-30,,,,17:57:09,77087.0,4407803.0,,-4.3294720271,-40.7116112245,Rua Francisco Matos,NAN,cvp,ROUBO A ESTABELECIMENTO COMERCIAL,,,Segunda-feira,False,True,Chuvoso,6.2,,ROUBO A ESTABELECIMENTO COMERCIAL,AIS 07,NORTE
2.0,AIS 18,,,CENTRO,Fortaleza,,Sim,2026-03-31,,,,01:48:21,77088.0,4407804.0,,-3.7206347964,-38.5223864025,Rua Gerson Gradvol,NAN,cvp,ROUBO A PESSOA,,,Terça-feira,False,True,Chuvoso,8.8,,ROUBO A PESSOA,AIS 08,CAPITAL OESTE
2.0,AIS 10,,,IGUATU,Iguatu,,Sim,2026-03-31,,,,23:54:55,77089.0,4407824.0,,-6.3734569087,-39.2971113593,Rua Coronel José Adolfo de Oliveira,NAN,cvp,ROUBO A PESSOA,,,Terça-feira,False,True,Chuvoso,8.8,,ROUBO A PESSOA,AIS 10,SUL
2.0,,,,JANGURURSSU,Fortaleza,,Sim,2026-03-31,,,,20:13:09,77090.0,4407816.0,,-3.835431198,-38.5142949913,Travessa Santa Terezinha do Contorno,NAN,cvp,ROUBO A PESSOA,,,Terça-feira,False,True,Chuvoso,8.8,,ROUBO A PESSOA,AIS 16,
2.0,AIS 06,,,HENRIQUE JORGE,Fortaleza,,Sim,2026-03-31,,,,21:31:32,77091.0,4407817.0,,-3.7675416559,-38.5795574801,Rua Doutor Júlio Maciel,NAN,cvp,ROUBO A PESSOA,,,Terça-feira,False,True,Chuvoso,8.8,,ROUBO A PESSOA,AIS 05,CAPITAL OESTE
2.0,AIS 21,,,CIDADE DOS FUNCIONÁRIOS,Fortaleza,,Sim,2026-03-31,,,,20:06:52,77092.0,4407815.0,,-3.7892695325,-38.4981588673,Rua Alice,NAN,cvp,ROUBO A PESSOA,,,Terça-feira,False,True,Chuvoso,8.8,,ROUBO A PESSOA,AIS 21,CAPITAL OESTE
2.0,AIS 08,,,ALDEOTA,Fortaleza,,Sim,2026-03-31,,,,19:17:46,77093.0,4407813.0,,-3.7403278478,-38.4934842387,Rua Professor Dias da Rocha,NAN,cvp,ROUBO A PESSOA,,,Terça-feira,False,True,Chuvoso,8.8,,ROUBO A PESSOA,AIS 21,CAPITAL LESTE
2.0,,,,GENTILÂNDIA,Fortaleza,,Sim,2026-03-31,,,,19:11:42,77094.0,4407812.0,,-3.7454727753,-38.5415413066,Rua Carlos Câmara,NAN,cvp,ROUBO A PESSOA,,,Terça-feira,False,True,Chuvoso,8.8,,ROUBO A PESSOA,AIS 21,
2.0,AIS 19,,,COCÓ,Fortaleza,,Sim,2026-03-31,,,,19:05:56,77095.0,4407811.0,,-3.7446488601,-38.4788889085,Rua Professor Otávio Lobo,NAN,cvp,ROUBO A PESSOA,,,Terça-feira,False,True,Chuvoso,8.8,,ROUBO A PESSOA,AIS 21,CAPITAL LESTE
2.0,AIS 21,,,ENGENHEIRO LUCIANO CAVALCANTE,Fortaleza,,Sim,2026-03-31,,,,17:37:40,77096.0,4407810.0,,-3.7826635806,-38.4819609108,Rua Antônio Fortes,NAN,cvp,ROUBO A PESSOA,,,Terça-feira,False,True,Chuvoso,8.8,,ROUBO A PESSOA,AIS 21,CAPITAL LESTE
2.0,AIS 16,,,MESSEJANA,Fortaleza,,Sim,2026-03-31,,,,16:34:11,77097.0,4407809.0,,-3.8229966944,-38.5031558617,Rua Alberto Torres,NAN,cvp,ROUBO A PESSOA,,,Terça-feira,False,True,Chuvoso,8.8,,ROUBO A PESSOA,AIS 21,CAPITAL LESTE
2.0,AIS 05,,,JARDIM AMÉRICA,Fortaleza,,Sim,2026-03-31,,,,02:58:39,77098.0,4407805.0,,-3.7526568561,-38.5421648978,Rua Grijalva Costa,NAN,cvp,ROUBO A PESSOA,,,Terça-feira,False,True,Chuvoso,8.8,,ROUBO A PESSOA,AIS 21,CAPITAL OESTE
2.0,AIS 18,,,CENTRO,Fortaleza,,Sim,2026-04-01,,,,02:11:15,77099.0,4407961.0,,-3.7303007615,-38.5229166512,Rua 25 de Março,NAN,cvp,ROUBO A PESSOA,,,Quarta-feira,False,True,,,,ROUBO A PESSOA,AIS 21,CAPITAL OESTE
2.0,AIS 18,,,CENTRO,Fortaleza,,Sim,2026-04-01,,,,02:11:15,77179.0,4407961.0,,-3.7303007615,-38.5229166512,Rua 25 de Março,NAN,cvp,ROUBO A PESSOA,,,Quarta-feira,False,True,,,,ROUBO A PESSOA,AIS 21,CAPITAL OESTE
2.0,AIS 18,,,CENTRO,Fortaleza,,Sim,2026-04-01,,,,02:11:15,77360.0,4407961.0,,-3.7303007615,-38.5229166512,Rua 25 de Março,NAN,cvp,ROUBO A PESSOA,,,Quarta-feira,False,True,,,,ROUBO A PESSOA,AIS 21,CAPITAL OESTE
2.0,AIS 20,,,PLANALTO AYRTON SENNA,Fortaleza,,Sim,2026-04-01,,,,22:35:12,77100.0,4407972.0,,-3.8395210879,-38.5736469723,Avenida Nova Fortaleza,NAN,cvp,ROUBO A PESSOA,,,Quarta-feira,False,True,,,,ROUBO A PESSOA,AIS 17,CAPITAL OESTE
2.0,AIS 20,,,PLANALTO AYRTON SENNA,Fortaleza,,Sim,2026-04-01,,,,22:35:12,77187.0,4407972.0,,-3.8395210879,-38.5736469723,Avenida Nova Fortaleza,NAN,cvp,ROUBO A PESSOA,,,Quarta-feira,False,True,,,,ROUBO A PESSOA,AIS 17,CAPITAL OESTE
2.0,AIS 20,,,PLANALTO AYRTON SENNA,Fortaleza,,Sim,2026-04-01,,,,22:35:12,77353.0,4407972.0,,-3.8395210879,-38.5736469723,Avenida Nova Fortaleza,NAN,cvp,ROUBO A PESSOA,,,Quarta-feira,False,True,,,,ROUBO A PESSOA,AIS 17,CAPITAL OESTE
2.0,AIS 17,,,GRANJA LISBOA,Fortaleza,,Sim,2026-04-01,,,,19:08:43,77101.0,4407971.0,,-3.7863475429,-38.620011377,Rua Geraldo Barbosa,NAN,cvp,ROUBO A PESSOA,,,Quarta-feira,False,True,,,,ROUBO A PESSOA,AIS 06,CAPITAL OESTE
2.0,AIS 17,,,GRANJA LISBOA,Fortaleza,,Sim,2026-04-01,,,,19:08:43,77186.0,4407971.0,,-3.7863475429,-38.620011377,Rua Geraldo Barbosa,NAN,cvp,ROUBO A PESSOA,,,Quarta-feira,False,True,,,,ROUBO A PESSOA,AIS 06,CAPITAL OESTE
2.0,AIS 17,,,GRANJA LISBOA,Fortaleza,,Sim,2026-04-01,,,,19:08:43,77357.0,4407971.0,,-3.7863475429,-38.620011377,Rua Geraldo Barbosa,NAN,cvp,ROUBO A PESSOA,,,Quarta-feira,False,True,,,,ROUBO A PESSOA,AIS 06,CAPITAL OESTE
2.0,AIS 19,,,DIONÍSIO TORRES,Fortaleza,,Sim,2026-04-01,,,,18:50:21,77102.0,4407970.0,,-3.7485140352,-38.4933863266,Avenida Almirante Henrique Sabóia,NAN,cvp,ROUBO A PESSOA,,,Quarta-feira,False,True,,,,ROUBO A PESSOA,AIS 21,CAPITAL LESTE
2.0,AIS 19,,,DIONÍSIO TORRES,Fortaleza,,Sim,2026-04-01,,,,18:50:21,77178.0,4407970.0,,-3.7485140352,-38.4933863266,Avenida Almirante Henrique Sabóia,NAN,cvp,ROUBO A PESSOA,,,Quarta-feira,False,True,,,,ROUBO A PESSOA,AIS 21,CAPITAL LESTE
2.0,AIS 19,,,DIONÍSIO TORRES,Fortaleza,,Sim,2026-04-01,,,,18:50:21,77356.0,4407970.0,,-3.7485140352,-38.4933863266,Avenida Almirante Henrique Sabóia,NAN,cvp,ROUBO A PESSOA,,,Quarta-feira,False,True,,,,ROUBO A PESSOA,AIS 21,CAPITAL LESTE
2.0,AIS 05,,,PARANGABA,Fortaleza,,Sim,2026-04-01,,,,16:03:35,77103.0,4407968.0,,-3.7870630659,-38.5720866744,Rua Polônia,NAN,cvp,ROUBO A PESSOA,,,Quarta-feira,False,True,,,,ROUBO A PESSOA,AIS 05,CAPITAL OESTE
2.0,AIS 05,,,PARANGABA,Fortaleza,,Sim,2026-04-01,,,,16:03:35,77185.0,4407968.0,,-3.7870630659,-38.5720866744,Rua Polônia,NAN,cvp,ROUBO A PESSOA,,,Quarta-feira,False,True,,,,ROUBO A PESSOA,AIS 05,CAPITAL OESTE
2.0,AIS 05,,,PARANGABA,Fortaleza,,Sim,2026-04-01,,,,16:03:35,77355.0,4407968.0,,-3.7870630659,-38.5720866744,Rua Polônia,NAN,cvp,ROUBO A PESSOA,,,Quarta-feira,False,True,,,,ROUBO A PESSOA,AIS 05,CAPITAL OESTE
2.0,AIS 20,,,MONDUBIM,Fortaleza,,Sim,2026-04-01,,,,15:47:49,77104.0,4407967.0,,-3.8054100846,-38.5659982652,Rua Coronel Jaime Rolemberg,NAN,cvp,ROUBO A PESSOA,,,Quarta-feira,False,True,,,,ROUBO A PESSOA,AIS 05,CAPITAL OESTE
2.0,AIS 20,,,MONDUBIM,Fortaleza,,Sim,2026-04-01,,,,15:47:49,77184.0,4407967.0,,-3.8054100846,-38.5659982652,Rua Coronel Jaime Rolemberg,NAN,cvp,ROUBO A PESSOA,,,Quarta-feira,False,True,,,,ROUBO A PESSOA,AIS 05,CAPITAL OESTE
2.0,AIS 20,,,MONDUBIM,Fortaleza,,Sim,2026-04-01,,,,15:47:49,77354.0,4407967.0,,-3.8054100846,-38.5659982652,Rua Coronel Jaime Rolemberg,NAN,cvp,ROUBO A PESSOA,,,Quarta-feira,False,True,,,,ROUBO A PESSOA,AIS 05,CAPITAL OESTE
2.0,AIS 20,,,JARDIM CEARENSE,Fortaleza,,Sim,2026-04-01,,,,15:38:18,77105.0,4407966.0,,-3.8017535054,-38.5684927343,Rua Maria Josefina Pessoa,NAN,cvp,ROUBO A PESSOA,,,Quarta-feira,False,True,,,,ROUBO A PESSOA,AIS 05,CAPITAL OESTE
2.0,AIS 20,,,JARDIM CEARENSE,Fortaleza,,Sim,2026-04-01,,,,15:38:18,77183.0,4407966.0,,-3.8017535054,-38.5684927343,Rua Maria Josefina Pessoa,NAN,cvp,ROUBO A PESSOA,,,Quarta-feira,False,True,,,,ROUBO A PESSOA,AIS 05,CAPITAL OESTE
2.0,AIS 20,,,JARDIM CEARENSE,Fortaleza,,Sim,2026-04-01,,,,15:38:18,77358.0,4407966.0,,-3.8017535054,-38.5684927343,Rua Maria Josefina Pessoa,NAN,cvp,ROUBO A PESSOA,,,Quarta-feira,False,True,,,,ROUBO A PESSOA,AIS 05,CAPITAL OESTE
2.0,AIS 05,,,PARANGABA,Fortaleza,,Sim,2026-04-01,,,,13:47:33,77106.0,4407965.0,,-3.7800213582,-38.569243166,Rua Cônego de Castro,NAN,cvp,ROUBO A PESSOA,,,Quarta-feira,False,True,,,,ROUBO A PESSOA,AIS 05,CAPITAL OESTE
2.0,AIS 05,,,PARANGABA,Fortaleza,,Sim,2026-04-01,,,,13:47:33,77182.0,4407965.0,,-3.7800213582,-38.569243166,Rua Cônego de Castro,NAN,cvp,ROUBO A PESSOA,,,Quarta-feira,False,True,,,,ROUBO A PESSOA,AIS 05,CAPITAL OESTE
2.0,AIS 05,,,PARANGABA,Fortaleza,,Sim,2026-04-01,,,,13:47:33,77361.0,4407965.0,,-3.7800213582,-38.569243166,Rua Cônego de Castro,NAN,cvp,ROUBO A PESSOA,,,Quarta-feira,False,True,,,,ROUBO A PESSOA,AIS 05,CAPITAL OESTE
2.0,AIS 18,,,CENTRO,Fortaleza,,Sim,2026-04-01,,,,13:32:05,77107.0,4407964.0,,-3.7282391353,-38.5396904599,Rua Padre Ibiapina,NAN,cvp,ROUBO A COLETIVO,,,Quarta-feira,False,True,,,,ROUBO A COLETIVO,AIS 05,CAPITAL OESTE
2.0,AIS 18,,,CENTRO,Fortaleza,,Sim,2026-04-01,,,,13:32:05,77181.0,4407964.0,,-3.7282391353,-38.5396904599,Rua Padre Ibiapina,NAN,cvp,ROUBO A COLETIVO,,,Quarta-feira,False,True,,,,ROUBO A COLETIVO,AIS 05,CAPITAL OESTE
2.0,AIS 18,,,CENTRO,Fortaleza,,Sim,2026-04-01,,,,13:32:05,77359.0,4407964.0,,-3.7282391353,-38.5396904599,Rua Padre Ibiapina,NAN,cvp,ROUBO A COLETIVO,,,Quarta-feira,False,True,,,,ROUBO A COLETIVO,AIS 05,CAPITAL OESTE
2.0,AIS 06,,,GENIBAÚ,Fortaleza,,Sim,2026-04-01,,,,11:11:56,77108.0,4407963.0,,-3.7599497408,-38.5988340132,Rua Ricardo Pontes,NAN,cvp,ROUBO A PESSOA,,,Quarta-feira,False,True,,,,ROUBO A PESSOA,AIS 06,CAPITAL OESTE
2.0,AIS 06,,,GENIBAÚ,Fortaleza,,Sim,2026-04-01,,,,11:11:56,77180.0,4407963.0,,-3.7599497408,-38.5988340132,Rua Ricardo Pontes,NAN,cvp,ROUBO A PESSOA,,,Quarta-feira,False,True,,,,ROUBO A PESSOA,AIS 06,CAPITAL OESTE
2.0,AIS 06,,,GENIBAÚ,Fortaleza,,Sim,2026-04-01,,,,11:11:56,77362.0,4407963.0,,-3.7599497408,-38.5988340132,Rua Ricardo Pontes,NAN,cvp,ROUBO A PESSOA,,,Quarta-feira,False,True,,,,ROUBO A PESSOA,AIS 06,CAPITAL OESTE
2.0,AIS 16,,,BARROSO,Fortaleza,,Sim,2026-04-02,,,,09:13:10,77109.0,4407981.0,,-3.8270950534,-38.511299219,Rua Augusto Calheiros,NAN,cvp,ROUBO A CONDOMÍNIO,,,Quinta-feira,False,True,,,,ROUBO A CONDOMÍNIO,AIS 16,CAPITAL LESTE
2.0,AIS 16,,,BARROSO,Fortaleza,,Sim,2026-04-02,,,,09:13:10,77191.0,4407981.0,,-3.8270950534,-38.511299219,Rua Augusto Calheiros,NAN,cvp,ROUBO A CONDOMÍNIO,,,Quinta-feira,False,True,,,,ROUBO A CONDOMÍNIO,AIS 16,CAPITAL LESTE
2.0,AIS 16,,,BARROSO,Fortaleza,,Sim,2026-04-02,,,,09:13:10,77364.0,4407981.0,,-3.8270950534,-38.511299219,Rua Augusto Calheiros,NAN,cvp,ROUBO A CONDOMÍNIO,,,Quinta-feira,False,True,,,,ROUBO A CONDOMÍNIO,AIS 16,CAPITAL LESTE
2.0,AIS 19,,,PAPICU,Fortaleza,,Sim,2026-04-02,,,,16:33:46,77110.0,4407989.0,,-3.7443452969,-38.4726242547,Avenida Santos Dumont,NAN,cvp,ROUBO A ESTABELECIMENTO COMERCIAL,,,Quinta-feira,False,True,,,,ROUBO A ESTABELECIMENTO COMERCIAL,AIS 08,CAPITAL LESTE
2.0,AIS 19,,,PAPICU,Fortaleza,,Sim,2026-04-02,,,,16:33:46,77197.0,4407989.0,,-3.7443452969,-38.4726242547,Avenida Santos Dumont,NAN,cvp,ROUBO A ESTABELECIMENTO COMERCIAL,,,Quinta-feira,False,True,,,,ROUBO A ESTABELECIMENTO COMERCIAL,AIS 08,CAPITAL LESTE
2.0,AIS 19,,,PAPICU,Fortaleza,,Sim,2026-04-02,,,,16:33:46,77371.0,4407989.0,,-3.7443452969,-38.4726242547,Avenida Santos Dumont,NAN,cvp,ROUBO A ESTABELECIMENTO COMERCIAL,,,Quinta-feira,False,True,,,,ROUBO A ESTABELECIMENTO COMERCIAL,AIS 08,CAPITAL LESTE
2.0,AIS 08,,,MEIRELES,Fortaleza,,Sim,2026-04-02,,,,17:09:38,77111.0,4407991.0,,-3.7320486097,-38.4947489274,Rua Leonardo Mota,NAN,cvp,ROUBO A PESSOA,,,Quinta-feira,False,True,,,,ROUBO A PESSOA,AIS 21,CAPITAL LESTE
2.0,AIS 08,,,MEIRELES,Fortaleza,,Sim,2026-04-02,,,,17:09:38,77198.0,4407991.0,,-3.7320486097,-38.4947489274,Rua Leonardo Mota,NAN,cvp,ROUBO A PESSOA,,,Quinta-feira,False,True,,,,ROUBO A PESSOA,AIS 21,CAPITAL LESTE
2.0,AIS 08,,,MEIRELES,Fortaleza,,Sim,2026-04-02,,,,17:09:38,77372.0,4407991.0,,-3.7320486097,-38.4947489274,Rua Leonardo Mota,NAN,cvp,ROUBO A PESSOA,,,Quinta-feira,False,True,,,,ROUBO A PESSOA,AIS 21,CAPITAL LESTE
2.0,,,,PATRIOLINO RIBEIRO,Fortaleza,,Sim,2026-04-02,,,,18:55:43,77112.0,4407993.0,,-3.7680841305,-38.4884704235,Rua Jornalista César Magalhães,NAN,cvp,ROUBO A PESSOA,,,Quinta-feira,False,True,,,,ROUBO A PESSOA,AIS 21,
2.0,,,,PATRIOLINO RIBEIRO,Fortaleza,,Sim,2026-04-02,,,,18:55:43,77188.0,4407993.0,,-3.7680841305,-38.4884704235,Rua Jornalista César Magalhães,NAN,cvp,ROUBO A PESSOA,,,Quinta-feira,False,True,,,,ROUBO A PESSOA,AIS 21,
2.0,,,,PATRIOLINO RIBEIRO,Fortaleza,,Sim,2026-04-02,,,,18:55:43,77363.0,4407993.0,,-3.7680841305,-38.4884704235,Rua Jornalista César Magalhães,NAN,cvp,ROUBO A PESSOA,,,Quinta-feira,False,True,,,,ROUBO A PESSOA,AIS 21,
2.0,,,,PRAIA DO FURUTO II,Fortaleza,,Sim,2026-04-02,,,,20:27:38,77113.0,4407995.0,,-3.7495573146,-38.4479711951,Rua Antônio Atualpa Rodrigues,NAN,cvp,ROUBO A PESSOA,,,Quinta-feira,False,True,,,,ROUBO A PESSOA,AIS 08,
2.0,,,,PRAIA DO FURUTO II,Fortaleza,,Sim,2026-04-02,,,,20:27:38,77189.0,4407995.0,,-3.7495573146,-38.4479711951,Rua Antônio Atualpa Rodrigues,NAN,cvp,ROUBO A PESSOA,,,Quinta-feira,False,True,,,,ROUBO A PESSOA,AIS 08,
2.0,,,,PRAIA DO FURUTO II,Fortaleza,,Sim,2026-04-02,,,,20:27:38,77373.0,4407995.0,,-3.7495573146,-38.4479711951,Rua Antônio Atualpa Rodrigues,NAN,cvp,ROUBO A PESSOA,,,Quinta-feira,False,True,,,,ROUBO A PESSOA,AIS 08,
2.0,,,,SAPIRANGA COITÉ,Fortaleza,,Sim,2026-04-02,,,,21:48:04,77114.0,4407997.0,,-3.8067192356,-38.4590346961,Rua José Júlio Feitosa,NAN,cvp,ROUBO A PESSOA,,,Quinta-feira,False,True,,,,ROUBO A PESSOA,AIS 16,
2.0,,,,SAPIRANGA COITÉ,Fortaleza,,Sim,2026-04-02,,,,21:48:04,77190.0,4407997.0,,-3.8067192356,-38.4590346961,Rua José Júlio Feitosa,NAN,cvp,ROUBO A PESSOA,,,Quinta-feira,False,True,,,,ROUBO A PESSOA,AIS 16,
2.0,,,,SAPIRANGA COITÉ,Fortaleza,,Sim,2026-04-02,,,,21:48:04,77374.0,4407997.0,,-3.8067192356,-38.4590346961,Rua José Júlio Feitosa,NAN,cvp,ROUBO A PESSOA,,,Quinta-feira,False,True,,,,ROUBO A PESSOA,AIS 16,
2.0,,,,BOA VISTA,Fortaleza,,Sim,2026-04-02,,,,10:33:58,77115.0,4407982.0,,-3.7975999546,-38.518725435,Avenida Alberto Craveiro,NAN,cvp,ROUBO A TEMPLOS RELIGIOSOS,,,Quinta-feira,False,True,,,,ROUBO A TEMPLOS RELIGIOSOS,AIS 21,
2.0,,,,BOA VISTA,Fortaleza,,Sim,2026-04-02,,,,10:33:58,77192.0,4407982.0,,-3.7975999546,-38.518725435,Avenida Alberto Craveiro,NAN,cvp,ROUBO A TEMPLOS RELIGIOSOS,,,Quinta-feira,False,True,,,,ROUBO A TEMPLOS RELIGIOSOS,AIS 21,
2.0,,,,BOA VISTA,Fortaleza,,Sim,2026-04-02,,,,10:33:58,77365.0,4407982.0,,-3.7975999546,-38.518725435,Avenida Alberto Craveiro,NAN,cvp,ROUBO A TEMPLOS RELIGIOSOS,,,Quinta-feira,False,True,,,,ROUBO A TEMPLOS RELIGIOSOS,AIS 21,
2.0,AIS 17,,,CONJUNTO CEARÁ II,Fortaleza,,Sim,2026-04-02,,,,13:09:11,77116.0,4407983.0,,-3.7695491871,-38.6172384724,Avenida J,NAN,cvp,ROUBO A ESTABELECIMENTO COMERCIAL,,,Quinta-feira,False,True,,,,ROUBO A ESTABELECIMENTO COMERCIAL,AIS 06,CAPITAL OESTE
2.0,AIS 17,,,CONJUNTO CEARÁ II,Fortaleza,,Sim,2026-04-02,,,,13:09:11,77193.0,4407983.0,,-3.7695491871,-38.6172384724,Avenida J,NAN,cvp,ROUBO A ESTABELECIMENTO COMERCIAL,,,Quinta-feira,False,True,,,,ROUBO A ESTABELECIMENTO COMERCIAL,AIS 06,CAPITAL OESTE
2.0,AIS 17,,,CONJUNTO CEARÁ II,Fortaleza,,Sim,2026-04-02,,,,13:09:11,77366.0,4407983.0,,-3.7695491871,-38.6172384724,Avenida J,NAN,cvp,ROUBO A ESTABELECIMENTO COMERCIAL,,,Quinta-feira,False,True,,,,ROUBO A ESTABELECIMENTO COMERCIAL,AIS 06,CAPITAL OESTE
2.0,AIS 17,,,SIQUEIRA,Fortaleza,,Sim,2026-04-02,,,,13:17:35,77117.0,4407984.0,,-3.8108394831,-38.6084195205,Rua José Maurício,NAN,cvp,ROUBO A ESTABELECIMENTO COMERCIAL,,,Quinta-feira,False,True,,,,ROUBO A ESTABELECIMENTO COMERCIAL,AIS 17,CAPITAL OESTE
2.0,AIS 17,,,SIQUEIRA,Fortaleza,,Sim,2026-04-02,,,,13:17:35,77199.0,4407984.0,,-3.8108394831,-38.6084195205,Rua José Maurício,NAN,cvp,ROUBO A ESTABELECIMENTO COMERCIAL,,,Quinta-feira,False,True,,,,ROUBO A ESTABELECIMENTO COMERCIAL,AIS 17,CAPITAL OESTE
2.0,AIS 17,,,SIQUEIRA,Fortaleza,,Sim,2026-04-02,,,,13:17:35,77367.0,4407984.0,,-3.8108394831,-38.6084195205,Rua José Maurício,NAN,cvp,ROUBO A ESTABELECIMENTO COMERCIAL,,,Quinta-feira,False,True,,,,ROUBO A ESTABELECIMENTO COMERCIAL,AIS 17,CAPITAL OESTE
2.0,AIS 18,,,BARRA DO CEARÁ,Fortaleza,,Sim,2026-04-02,,,,13:45:04,77118.0,4407985.0,,-3.7035917121,-38.578769613,Rua Senador Robert Kennedy,NAN,cvp,ROUBO A ESTABELECIMENTO COMERCIAL,,,Quinta-feira,False,True,,,,ROUBO A ESTABELECIMENTO COMERCIAL,AIS 06,CAPITAL OESTE
2.0,AIS 18,,,BARRA DO CEARÁ,Fortaleza,,Sim,2026-04-02,,,,13:45:04,77194.0,4407985.0,,-3.7035917121,-38.578769613,Rua Senador Robert Kennedy,NAN,cvp,ROUBO A ESTABELECIMENTO COMERCIAL,,,Quinta-feira,False,True,,,,ROUBO A ESTABELECIMENTO COMERCIAL,AIS 06,CAPITAL OESTE
2.0,AIS 18,,,BARRA DO CEARÁ,Fortaleza,,Sim,2026-04-02,,,,13:45:04,77368.0,4407985.0,,-3.7035917121,-38.578769613,Rua Senador Robert Kennedy,NAN,cvp,ROUBO A ESTABELECIMENTO COMERCIAL,,,Quinta-feira,False,True,,,,ROUBO A ESTABELECIMENTO COMERCIAL,AIS 06,CAPITAL OESTE
2.0,AIS 19,,,SÃO JOÃO DO TAUAPE,Fortaleza,,Sim,2026-04-02,,,,16:14:26,77119.0,4407988.0,,-3.7567011069,-38.5153388754,Rua Fiscal Vieira,NAN,cvp,ROUBO A RESIDÊNCIA,,,Quinta-feira,False,True,,,,ROUBO A RESIDÊNCIA,AIS 21,CAPITAL LESTE
2.0,AIS 19,,,SÃO JOÃO DO TAUAPE,Fortaleza,,Sim,2026-04-02,,,,16:14:26,77196.0,4407988.0,,-3.7567011069,-38.5153388754,Rua Fiscal Vieira,NAN,cvp,ROUBO A RESIDÊNCIA,,,Quinta-feira,False,True,,,,ROUBO A RESIDÊNCIA,AIS 21,CAPITAL LESTE
2.0,AIS 19,,,SÃO JOÃO DO TAUAPE,Fortaleza,,Sim,2026-04-02,,,,16:14:26,77370.0,4407988.0,,-3.7567011069,-38.5153388754,Rua Fiscal Vieira,NAN,cvp,ROUBO A RESIDÊNCIA,,,Quinta-feira,False,True,,,,ROUBO A RESIDÊNCIA,AIS 21,CAPITAL LESTE
2.0,AIS 18,,,BARRA DO CEARÁ,Fortaleza,,Sim,2026-04-02,,,,14:01:16,77120.0,4407986.0,,-3.7051720546,-38.5747583099,Rua Alberto da Oliveira,NAN,cvp,ROUBO A FARMÁCIA,,,Quinta-feira,False,True,,,,ROUBO A FARMÁCIA,AIS 06,CAPITAL OESTE
2.0,AIS 18,,,BARRA DO CEARÁ,Fortaleza,,Sim,2026-04-02,,,,14:01:16,77195.0,4407986.0,,-3.7051720546,-38.5747583099,Rua Alberto da Oliveira,NAN,cvp,ROUBO A FARMÁCIA,,,Quinta-feira,False,True,,,,ROUBO A FARMÁCIA,AIS 06,CAPITAL OESTE
2.0,AIS 18,,,BARRA DO CEARÁ,Fortaleza,,Sim,2026-04-02,,,,14:01:16,77369.0,4407986.0,,-3.7051720546,-38.5747583099,Rua Alberto da Oliveira,NAN,cvp,ROUBO A FARMÁCIA,,,Quinta-feira,False,True,,,,ROUBO A FARMÁCIA,AIS 06,CAPITAL OESTE
2.0,AIS 17,,,CANINDEZINHO,Fortaleza,,Sim,2026-04-03,,,,10:46:00,77121.0,4408002.0,,-3.8019652757,-38.5981636415,Rua Monsenhor Agostinho,NAN,cvp,ROUBO A PESSOA,,,Sexta-feira,True,True,,,,ROUBO A PESSOA,AIS 06,CAPITAL OESTE
2.0,AIS 17,,,CANINDEZINHO,Fortaleza,,Sim,2026-04-03,,,,10:46:00,77203.0,4408002.0,,-3.8019652757,-38.5981636415,Rua Monsenhor Agostinho,NAN,cvp,ROUBO A PESSOA,,,Sexta-feira,True,True,,,,ROUBO A PESSOA,AIS 06,CAPITAL OESTE
2.0,AIS 17,,,CANINDEZINHO,Fortaleza,,Sim,2026-04-03,,,,10:46:00,77377.0,4408002.0,,-3.8019652757,-38.5981636415,Rua Monsenhor Agostinho,NAN,cvp,ROUBO A PESSOA,,,Sexta-feira,True,True,,,,ROUBO A PESSOA,AIS 06,CAPITAL OESTE
2.0,AIS 20,,,MANOEL SÁTIRO,Fortaleza,,Sim,2026-04-03,,,,13:08:51,77122.0,4408004.0,,-3.8059543061,-38.5870581671,Rua Mário Filho,NAN,cvp,ROUBO A COLETIVO,,,Sexta-feira,True,True,,,,ROUBO A COLETIVO,AIS 17,CAPITAL OESTE
2.0,AIS 20,,,MANOEL SÁTIRO,Fortaleza,,Sim,2026-04-03,,,,13:08:51,77205.0,4408004.0,,-3.8059543061,-38.5870581671,Rua Mário Filho,NAN,cvp,ROUBO A COLETIVO,,,Sexta-feira,True,True,,,,ROUBO A COLETIVO,AIS 17,CAPITAL OESTE
2.0,AIS 20,,,MANOEL SÁTIRO,Fortaleza,,Sim,2026-04-03,,,,13:08:51,77379.0,4408004.0,,-3.8059543061,-38.5870581671,Rua Mário Filho,NAN,cvp,ROUBO A COLETIVO,,,Sexta-feira,True,True,,,,ROUBO A COLETIVO,AIS 17,CAPITAL OESTE
2.0,AIS 20,,,PLANALTO AYRTON SENNA,Fortaleza,,Sim,2026-04-03,,,,16:54:58,77123.0,4408005.0,,-3.8357655278,-38.5730617882,Rua Doutor Almeida Lustosa,NAN,cvp,ROUBO A PESSOA,,,Sexta-feira,True,True,,,,ROUBO A PESSOA,AIS 17,CAPITAL OESTE
2.0,AIS 20,,,PLANALTO AYRTON SENNA,Fortaleza,,Sim,2026-04-03,,,,16:54:58,77206.0,4408005.0,,-3.8357655278,-38.5730617882,Rua Doutor Almeida Lustosa,NAN,cvp,ROUBO A PESSOA,,,Sexta-feira,True,True,,,,ROUBO A PESSOA,AIS 17,CAPITAL OESTE
2.0,AIS 20,,,PLANALTO AYRTON SENNA,Fortaleza,,Sim,2026-04-03,,,,16:54:58,77380.0,4408005.0,,-3.8357655278,-38.5730617882,Rua Doutor Almeida Lustosa,NAN,cvp,ROUBO A PESSOA,,,Sexta-feira,True,True,,,,ROUBO A PESSOA,AIS 17,CAPITAL OESTE
2.0,AIS 19,,,PRAIA DO FUTURO I,Fortaleza,,Sim,2026-04-03,,,,17:13:54,77124.0,4408006.0,,-3.7489035859,-38.4467844138,Avenida Clóvis Arrais Maia,NAN,cvp,ROUBO A PESSOA,,,Sexta-feira,True,True,,,,ROUBO A PESSOA,AIS 08,CAPITAL LESTE
2.0,AIS 19,,,PRAIA DO FUTURO I,Fortaleza,,Sim,2026-04-03,,,,17:13:54,77200.0,4408006.0,,-3.7489035859,-38.4467844138,Avenida Clóvis Arrais Maia,NAN,cvp,ROUBO A PESSOA,,,Sexta-feira,True,True,,,,ROUBO A PESSOA,AIS 08,CAPITAL LESTE
2.0,AIS 19,,,PRAIA DO FUTURO I,Fortaleza,,Sim,2026-04-03,,,,17:13:54,77381.0,4408006.0,,-3.7489035859,-38.4467844138,Avenida Clóvis Arrais Maia,NAN,cvp,ROUBO A PESSOA,,,Sexta-feira,True,True,,,,ROUBO A PESSOA,AIS 08,CAPITAL LESTE
2.0,AIS 08,,,MUCURIPE,Fortaleza,,Sim,2026-04-03,,,,19:05:52,77125.0,4408007.0,,-3.7287355465,-38.4884629378,Rua Pedro Rufino,NAN,cvp,ROUBO A FARMÁCIA,,,Sexta-feira,True,True,,,,ROUBO A FARMÁCIA,AIS 08,CAPITAL LESTE
2.0,AIS 08,,,MUCURIPE,Fortaleza,,Sim,2026-04-03,,,,19:05:52,77207.0,4408007.0,,-3.7287355465,-38.4884629378,Rua Pedro Rufino,NAN,cvp,ROUBO A FARMÁCIA,,,Sexta-feira,True,True,,,,ROUBO A FARMÁCIA,AIS 08,CAPITAL LESTE
2.0,AIS 08,,,MUCURIPE,Fortaleza,,Sim,2026-04-03,,,,19:05:52,77382.0,4408007.0,,-3.7287355465,-38.4884629378,Rua Pedro Rufino,NAN,cvp,ROUBO A FARMÁCIA,,,Sexta-feira,True,True,,,,ROUBO A FARMÁCIA,AIS 08,CAPITAL LESTE
2.0,,,,PATRIOLINO RIBEIRO,Fortaleza,,Sim,2026-04-03,,,,19:59:22,77126.0,4408008.0,,-3.762970593,-38.4908352372,Rua Augusto Jaime Benevides,NAN,cvp,ROUBO A PESSOA,,,Sexta-feira,True,True,,,,ROUBO A PESSOA,AIS 21,
2.0,,,,PATRIOLINO RIBEIRO,Fortaleza,,Sim,2026-04-03,,,,19:59:22,77208.0,4408008.0,,-3.762970593,-38.4908352372,Rua Augusto Jaime Benevides,NAN,cvp,ROUBO A PESSOA,,,Sexta-feira,True,True,,,,ROUBO A PESSOA,AIS 21,
2.0,,,,PATRIOLINO RIBEIRO,Fortaleza,,Sim,2026-04-03,,,,19:59:22,77383.0,4408008.0,,-3.762970593,-38.4908352372,Rua Augusto Jaime Benevides,NAN,cvp,ROUBO A PESSOA,,,Sexta-feira,True,True,,,,ROUBO A PESSOA,AIS 21,
2.0,AIS 08,,,MEIRELES,Fortaleza,,Sim,2026-04-03,,,,07:14:08,77127.0,4408000.0,,-3.7257613221,-38.5082772373,Rua Tomás Pompeu,NAN,cvp,ROUBO A PESSOA,,,Sexta-feira,True,True,,,,ROUBO A PESSOA,AIS 21,CAPITAL LESTE
2.0,AIS 08,,,MEIRELES,Fortaleza,,Sim,2026-04-03,,,,07:14:08,77201.0,4408000.0,,-3.7257613221,-38.5082772373,Rua Tomás Pompeu,NAN,cvp,ROUBO A PESSOA,,,Sexta-feira,True,True,,,,ROUBO A PESSOA,AIS 21,CAPITAL LESTE
2.0,AIS 08,,,MEIRELES,Fortaleza,,Sim,2026-04-03,,,,07:14:08,77375.0,4408000.0,,-3.7257613221,-38.5082772373,Rua Tomás Pompeu,NAN,cvp,ROUBO A PESSOA,,,Sexta-feira,True,True,,,,ROUBO A PESSOA,AIS 21,CAPITAL LESTE
2.0,AIS 16,,,PEDRAS,Fortaleza,,Sim,2026-04-03,,,,22:11:03,77128.0,4408010.0,,-3.8940399552,-38.5134568668,Rua Francisco Monteiro de Oliveira,NAN,cvp,ROUBO A ESTABELECIMENTO COMERCIAL,,,Sexta-feira,True,True,,,,ROUBO A ESTABELECIMENTO COMERCIAL,AIS 16,CAPITAL LESTE
2.0,AIS 16,,,PEDRAS,Fortaleza,,Sim,2026-04-03,,,,22:11:03,77210.0,4408010.0,,-3.8940399552,-38.5134568668,Rua Francisco Monteiro de Oliveira,NAN,cvp,ROUBO A ESTABELECIMENTO COMERCIAL,,,Sexta-feira,True,True,,,,ROUBO A ESTABELECIMENTO COMERCIAL,AIS 16,CAPITAL LESTE
2.0,AIS 16,,,PEDRAS,Fortaleza,,Sim,2026-04-03,,,,22:11:03,77385.0,4408010.0,,-3.8940399552,-38.5134568668,Rua Francisco Monteiro de Oliveira,NAN,cvp,ROUBO A ESTABELECIMENTO COMERCIAL,,,Sexta-feira,True,True,,,,ROUBO A ESTABELECIMENTO COMERCIAL,AIS 16,CAPITAL LESTE
2.0,AIS 18,,,FARIAS BRITO,Fortaleza,,Sim,2026-04-03,,,,20:02:32,77129.0,4408009.0,,-3.7292455105,-38.5480910784,Rua Ribeiro da Silva,NAN,cvp,ROUBO A PESSOA,,,Sexta-feira,True,True,,,,ROUBO A PESSOA,AIS 05,CAPITAL OESTE
2.0,AIS 18,,,FARIAS BRITO,Fortaleza,,Sim,2026-04-03,,,,20:02:32,77209.0,4408009.0,,-3.7292455105,-38.5480910784,Rua Ribeiro da Silva,NAN,cvp,ROUBO A PESSOA,,,Sexta-feira,True,True,,,,ROUBO A PESSOA,AIS 05,CAPITAL OESTE
2.0,AIS 18,,,FARIAS BRITO,Fortaleza,,Sim,2026-04-03,,,,20:02:32,77384.0,4408009.0,,-3.7292455105,-38.5480910784,Rua Ribeiro da Silva,NAN,cvp,ROUBO A PESSOA,,,Sexta-feira,True,True,,,,ROUBO A PESSOA,AIS 05,CAPITAL OESTE
2.0,AIS 18,,,CENTRO,Fortaleza,,Sim,2026-04-03,,,,09:06:10,77130.0,4408001.0,,-3.726139867,-38.5338708442,Avenida Imperador,NAN,cvp,ROUBO A COLETIVO,,,Sexta-feira,True,True,,,,ROUBO A COLETIVO,AIS 05,CAPITAL OESTE
2.0,AIS 18,,,CENTRO,Fortaleza,,Sim,2026-04-03,,,,09:06:10,77202.0,4408001.0,,-3.726139867,-38.5338708442,Avenida Imperador,NAN,cvp,ROUBO A COLETIVO,,,Sexta-feira,True,True,,,,ROUBO A COLETIVO,AIS 05,CAPITAL OESTE
2.0,AIS 18,,,CENTRO,Fortaleza,,Sim,2026-04-03,,,,09:06:10,77376.0,4408001.0,,-3.726139867,-38.5338708442,Avenida Imperador,NAN,cvp,ROUBO A COLETIVO,,,Sexta-feira,True,True,,,,ROUBO A COLETIVO,AIS 05,CAPITAL OESTE
2.0,AIS 19,,,COCÓ,Fortaleza,,Sim,2026-04-03,,,,12:30:15,77131.0,4408003.0,,-3.745111551,-38.4757988557,Rua Doutor Gilberto Studart,NAN,cvp,ROUBO A PESSOA,,,Sexta-feira,True,True,,,,ROUBO A PESSOA,AIS 21,CAPITAL LESTE
2.0,AIS 19,,,COCÓ,Fortaleza,,Sim,2026-04-03,,,,12:30:15,77204.0,4408003.0,,-3.745111551,-38.4757988557,Rua Doutor Gilberto Studart,NAN,cvp,ROUBO A PESSOA,,,Sexta-feira,True,True,,,,ROUBO A PESSOA,AIS 21,CAPITAL LESTE
2.0,AIS 19,,,COCÓ,Fortaleza,,Sim,2026-04-03,,,,12:30:15,77378.0,4408003.0,,-3.745111551,-38.4757988557,Rua Doutor Gilberto Studart,NAN,cvp,ROUBO A PESSOA,,,Sexta-feira,True,True,,,,ROUBO A PESSOA,AIS 21,CAPITAL LESTE
2.0,AIS 21,,,EDSON QUEIROZ,Fortaleza,,Sim,2026-04-04,,,,11:00:33,77132.0,4408021.0,,-3.7698297523,-38.4816082893,Avenida Washington Soares,NAN,cvp,ROUBO A COLETIVO,,,Sábado,False,True,,,,ROUBO A COLETIVO,AIS 21,CAPITAL OESTE
2.0,AIS 21,,,EDSON QUEIROZ,Fortaleza,,Sim,2026-04-04,,,,11:00:33,77212.0,4408021.0,,-3.7698297523,-38.4816082893,Avenida Washington Soares,NAN,cvp,ROUBO A COLETIVO,,,Sábado,False,True,,,,ROUBO A COLETIVO,AIS 21,CAPITAL OESTE
2.0,AIS 21,,,EDSON QUEIROZ,Fortaleza,,Sim,2026-04-04,,,,11:00:33,77387.0,4408021.0,,-3.7698297523,-38.4816082893,Avenida Washington Soares,NAN,cvp,ROUBO A COLETIVO,,,Sábado,False,True,,,,ROUBO A COLETIVO,AIS 21,CAPITAL OESTE
2.0,,,,PATRIOLINO RIBEIRO,Fortaleza,,Sim,2026-04-04,,,,10:54:22,77133.0,4408020.0,,-3.7647224866,-38.4826119334,Avenida Washington Soares,NAN,cvp,ROUBO A COLETIVO,,,Sábado,False,True,,,,ROUBO A COLETIVO,AIS 21,
2.0,,,,PATRIOLINO RIBEIRO,Fortaleza,,Sim,2026-04-04,,,,10:54:22,77211.0,4408020.0,,-3.7647224866,-38.4826119334,Avenida Washington Soares,NAN,cvp,ROUBO A COLETIVO,,,Sábado,False,True,,,,ROUBO A COLETIVO,AIS 21,
2.0,,,,PATRIOLINO RIBEIRO,Fortaleza,,Sim,2026-04-04,,,,10:54:22,77386.0,4408020.0,,-3.7647224866,-38.4826119334,Avenida Washington Soares,NAN,cvp,ROUBO A COLETIVO,,,Sábado,False,True,,,,ROUBO A COLETIVO,AIS 21,
2.0,AIS 08,,,MUCURIPE,Fortaleza,,Sim,2026-04-04,,,,17:59:43,77134.0,4408024.0,,-3.7289456065,-38.4812227168,Rua Irmã Simas,NAN,cvp,ROUBO A PESSOA,,,Sábado,False,True,,,,ROUBO A PESSOA,AIS 08,CAPITAL LESTE
2.0,AIS 08,,,MUCURIPE,Fortaleza,,Sim,2026-04-04,,,,17:59:43,77215.0,4408024.0,,-3.7289456065,-38.4812227168,Rua Irmã Simas,NAN,cvp,ROUBO A PESSOA,,,Sábado,False,True,,,,ROUBO A PESSOA,AIS 08,CAPITAL LESTE
2.0,AIS 08,,,MUCURIPE,Fortaleza,,Sim,2026-04-04,,,,17:59:43,77392.0,4408024.0,,-3.7289456065,-38.4812227168,Rua Irmã Simas,NAN,cvp,ROUBO A PESSOA,,,Sábado,False,True,,,,ROUBO A PESSOA,AIS 08,CAPITAL LESTE
2.0,AIS 20,,,MANOEL SÁTIRO,Fortaleza,,Sim,2026-04-04,,,,16:35:50,77135.0,4408023.0,,-3.809282372,-38.5877566395,Rua 107,NAN,cvp,ROUBO A COLETIVO,,,Sábado,False,True,,,,ROUBO A COLETIVO,AIS 17,CAPITAL OESTE
2.0,AIS 20,,,MANOEL SÁTIRO,Fortaleza,,Sim,2026-04-04,,,,16:35:50,77213.0,4408023.0,,-3.809282372,-38.5877566395,Rua 107,NAN,cvp,ROUBO A COLETIVO,,,Sábado,False,True,,,,ROUBO A COLETIVO,AIS 17,CAPITAL OESTE
2.0,AIS 20,,,MANOEL SÁTIRO,Fortaleza,,Sim,2026-04-04,,,,16:35:50,77391.0,4408023.0,,-3.809282372,-38.5877566395,Rua 107,NAN,cvp,ROUBO A COLETIVO,,,Sábado,False,True,,,,ROUBO A COLETIVO,AIS 17,CAPITAL OESTE
2.0,AIS 23,,,,Paracuru,,Sim,2026-04-04,,,,19:49:48,77136.0,4408031.0,,-3.4166981493,-39.03059413,Avenida Oscar Prata,NAN,cvp,ROUBO A PESSOA,,,Sábado,False,True,,,,ROUBO A PESSOA,AIS 23,RMF OESTE
2.0,AIS 23,,,,Paracuru,,Sim,2026-04-04,,,,19:49:48,77216.0,4408031.0,,-3.4166981493,-39.03059413,Avenida Oscar Prata,NAN,cvp,ROUBO A PESSOA,,,Sábado,False,True,,,,ROUBO A PESSOA,AIS 23,RMF OESTE
2.0,AIS 23,,,,Paracuru,,Sim,2026-04-04,,,,19:49:48,77388.0,4408031.0,,-3.4166981493,-39.03059413,Avenida Oscar Prata,NAN,cvp,ROUBO A PESSOA,,,Sábado,False,True,,,,ROUBO A PESSOA,AIS 23,RMF OESTE
2.0,AIS 17,,,BOM JARDIM,Maracanaú,,Sim,2026-04-04,,,,08:41:08,77137.0,4408028.0,,-3.8332647149,-38.6309533216,Rua Manduca,NAN,cvp,ROUBO A PESSOA,,,Sábado,False,True,,,,ROUBO A PESSOA,AIS 17,CAPITAL OESTE
2.0,AIS 17,,,BOM JARDIM,Maracanaú,,Sim,2026-04-04,,,,08:41:08,77214.0,4408028.0,,-3.8332647149,-38.6309533216,Rua Manduca,NAN,cvp,ROUBO A PESSOA,,,Sábado,False,True,,,,ROUBO A PESSOA,AIS 17,CAPITAL OESTE
2.0,AIS 17,,,BOM JARDIM,Maracanaú,,Sim,2026-04-04,,,,08:41:08,77389.0,4408028.0,,-3.8332647149,-38.6309533216,Rua Manduca,NAN,cvp,ROUBO A PESSOA,,,Sábado,False,True,,,,ROUBO A PESSOA,AIS 17,CAPITAL OESTE
2.0,AIS 16,,,CAJAZEIRAS,Fortaleza,,Sim,2026-04-04,,,,20:56:48,77138.0,4408025.0,,-3.8159666817,-38.5015758864,Rodovia Santos Dumont,NAN,cvp,ROUBO A COLETIVO,,,Sábado,False,True,,,,ROUBO A COLETIVO,AIS 21,CAPITAL LESTE
2.0,AIS 16,,,CAJAZEIRAS,Fortaleza,,Sim,2026-04-04,,,,20:56:48,77217.0,4408025.0,,-3.8159666817,-38.5015758864,Rodovia Santos Dumont,NAN,cvp,ROUBO A COLETIVO,,,Sábado,False,True,,,,ROUBO A COLETIVO,AIS 21,CAPITAL LESTE
2.0,AIS 16,,,CAJAZEIRAS,Fortaleza,,Sim,2026-04-04,,,,20:56:48,77390.0,4408025.0,,-3.8159666817,-38.5015758864,Rodovia Santos Dumont,NAN,cvp,ROUBO A COLETIVO,,,Sábado,False,True,,,,ROUBO A COLETIVO,AIS 21,CAPITAL LESTE
2.0,AIS 06,,,QUINTINO CUNHA,Fortaleza,,Sim,2026-04-05,,,,07:58:03,77139.0,4408041.0,,-3.7309529171,-38.5999025685,Rua Francisquinha Portela,NAN,cvp,ROUBO A PESSOA,,,Domingo,False,True,,,,ROUBO A PESSOA,AIS 06,CAPITAL OESTE
2.0,AIS 06,,,QUINTINO CUNHA,Fortaleza,,Sim,2026-04-05,,,,07:58:03,77218.0,4408041.0,,-3.7309529171,-38.5999025685,Rua Francisquinha Portela,NAN,cvp,ROUBO A PESSOA,,,Domingo,False,True,,,,ROUBO A PESSOA,AIS 06,CAPITAL OESTE
2.0,AIS 06,,,QUINTINO CUNHA,Fortaleza,,Sim,2026-04-05,,,,07:58:03,77396.0,4408041.0,,-3.7309529171,-38.5999025685,Rua Francisquinha Portela,NAN,cvp,ROUBO A PESSOA,,,Domingo,False,True,,,,ROUBO A PESSOA,AIS 06,CAPITAL OESTE
2.0,AIS 16,,,PEDRAS,Fortaleza,,Sim,2026-04-05,,,,05:04:06,77140.0,4408038.0,,-3.873041474,-38.5113653399,Rua Palmeira dos Índios,NAN,cvp,ROUBO A PESSOA,,,Domingo,False,True,,,,ROUBO A PESSOA,AIS 16,CAPITAL LESTE
2.0,AIS 16,,,PEDRAS,Fortaleza,,Sim,2026-04-05,,,,05:04:06,77221.0,4408038.0,,-3.873041474,-38.5113653399,Rua Palmeira dos Índios,NAN,cvp,ROUBO A PESSOA,,,Domingo,False,True,,,,ROUBO A PESSOA,AIS 16,CAPITAL LESTE
2.0,AIS 16,,,PEDRAS,Fortaleza,,Sim,2026-04-05,,,,05:04:06,77395.0,4408038.0,,-3.873041474,-38.5113653399,Rua Palmeira dos Índios,NAN,cvp,ROUBO A PESSOA,,,Domingo,False,True,,,,ROUBO A PESSOA,AIS 16,CAPITAL LESTE
2.0,AIS 23,,,,Trairi,,Sim,2026-04-05,,,,22:26:24,77141.0,4408055.0,,-3.2202470274,-39.2688445957,,NAN,cvp,ROUBO A RESIDÊNCIA,,,Domingo,False,True,,,,ROUBO A RESIDÊNCIA,AIS 23,RMF OESTE
2.0,AIS 23,,,,Trairi,,Sim,2026-04-05,,,,22:26:24,77223.0,4408055.0,,-3.2202470274,-39.2688445957,,NAN,cvp,ROUBO A RESIDÊNCIA,,,Domingo,False,True,,,,ROUBO A RESIDÊNCIA,AIS 23,RMF OESTE
2.0,AIS 23,,,,Trairi,,Sim,2026-04-05,,,,22:26:24,77398.0,4408055.0,,-3.2202470274,-39.2688445957,,NAN,cvp,ROUBO A RESIDÊNCIA,,,Domingo,False,True,,,,ROUBO A RESIDÊNCIA,AIS 23,RMF OESTE
2.0,AIS 17,,,BOM JARDIM,Maracanaú,,Sim,2026-04-05,,,,05:13:15,77142.0,4408053.0,,-3.8409781537,-38.5951720405,Rua 13,NAN,cvp,ROUBO A PESSOA,,,Domingo,False,True,,,,ROUBO A PESSOA,AIS 17,CAPITAL OESTE
2.0,AIS 17,,,BOM JARDIM,Maracanaú,,Sim,2026-04-05,,,,05:13:15,77222.0,4408053.0,,-3.8409781537,-38.5951720405,Rua 13,NAN,cvp,ROUBO A PESSOA,,,Domingo,False,True,,,,ROUBO A PESSOA,AIS 17,CAPITAL OESTE
2.0,AIS 17,,,BOM JARDIM,Maracanaú,,Sim,2026-04-05,,,,05:13:15,77394.0,4408053.0,,-3.8409781537,-38.5951720405,Rua 13,NAN,cvp,ROUBO A PESSOA,,,Domingo,False,True,,,,ROUBO A PESSOA,AIS 17,CAPITAL OESTE
2.0,AIS 21,,,PARQUE MANIBURA,Fortaleza,,Sim,2026-04-05,,,,21:40:02,77143.0,4408048.0,,-3.7947631498,-38.4822489308,Rua João Regino,NAN,cvp,ROUBO A PESSOA,,,Domingo,False,True,,,,ROUBO A PESSOA,AIS 21,CAPITAL OESTE
2.0,AIS 21,,,PARQUE MANIBURA,Fortaleza,,Sim,2026-04-05,,,,21:40:02,77220.0,4408048.0,,-3.7947631498,-38.4822489308,Rua João Regino,NAN,cvp,ROUBO A PESSOA,,,Domingo,False,True,,,,ROUBO A PESSOA,AIS 21,CAPITAL OESTE
2.0,AIS 21,,,PARQUE MANIBURA,Fortaleza,,Sim,2026-04-05,,,,21:40:02,77393.0,4408048.0,,-3.7947631498,-38.4822489308,Rua João Regino,NAN,cvp,ROUBO A PESSOA,,,Domingo,False,True,,,,ROUBO A PESSOA,AIS 21,CAPITAL OESTE
2.0,AIS 19,,,PRAIA DO FUTURO I,Fortaleza,,Sim,2026-04-05,,,,14:49:03,77144.0,4408042.0,,-3.7330209358,-38.4575352858,Rua Gerôncio Brígido Neto,NAN,cvp,ROUBO A PESSOA,,,Domingo,False,True,,,,ROUBO A PESSOA,AIS 08,CAPITAL LESTE
2.0,AIS 19,,,PRAIA DO FUTURO I,Fortaleza,,Sim,2026-04-05,,,,14:49:03,77219.0,4408042.0,,-3.7330209358,-38.4575352858,Rua Gerôncio Brígido Neto,NAN,cvp,ROUBO A PESSOA,,,Domingo,False,True,,,,ROUBO A PESSOA,AIS 08,CAPITAL LESTE
2.0,AIS 19,,,PRAIA DO FUTURO I,Fortaleza,,Sim,2026-04-05,,,,14:49:03,77397.0,4408042.0,,-3.7330209358,-38.4575352858,Rua Gerôncio Brígido Neto,NAN,cvp,ROUBO A PESSOA,,,Domingo,False,True,,,,ROUBO A PESSOA,AIS 08,CAPITAL LESTE
2.0,AIS 06,,,GENIBAÚ,Fortaleza,,Sim,2026-04-06,,,,04:39:57,77145.0,4408057.0,,-3.7553005207,-38.6017265281,Rua José Mendonça,NAN,cvp,ROUBO A PESSOA,,,Segunda-feira,False,True,,,,ROUBO A PESSOA,AIS 06,CAPITAL OESTE
2.0,AIS 06,,,GENIBAÚ,Fortaleza,,Sim,2026-04-06,,,,04:39:57,77225.0,4408057.0,,-3.7553005207,-38.6017265281,Rua José Mendonça,NAN,cvp,ROUBO A PESSOA,,,Segunda-feira,False,True,,,,ROUBO A PESSOA,AIS 06,CAPITAL OESTE
2.0,AIS 06,,,GENIBAÚ,Fortaleza,,Sim,2026-04-06,,,,04:39:57,77405.0,4408057.0,,-3.7553005207,-38.6017265281,Rua José Mendonça,NAN,cvp,ROUBO A PESSOA,,,Segunda-feira,False,True,,,,ROUBO A PESSOA,AIS 06,CAPITAL OESTE
2.0,AIS 18,,,BARRA DO CEARA,Caucaia,,Sim,2026-04-06,,,,06:16:12,77146.0,4408056.0,,-3.6915595689,-38.6163063282,Avenida Pintor João Figueiredo,NAN,cvp,ROUBO A PESSOA,,,Segunda-feira,False,True,,,,ROUBO A PESSOA,AIS 18,CAPITAL OESTE
2.0,AIS 18,,,BARRA DO CEARA,Caucaia,,Sim,2026-04-06,,,,06:16:12,77227.0,4408056.0,,-3.6915595689,-38.6163063282,Avenida Pintor João Figueiredo,NAN,cvp,ROUBO A PESSOA,,,Segunda-feira,False,True,,,,ROUBO A PESSOA,AIS 18,CAPITAL OESTE
2.0,AIS 18,,,BARRA DO CEARA,Caucaia,,Sim,2026-04-06,,,,06:16:12,77406.0,4408056.0,,-3.6915595689,-38.6163063282,Avenida Pintor João Figueiredo,NAN,cvp,ROUBO A PESSOA,,,Segunda-feira,False,True,,,,ROUBO A PESSOA,AIS 18,CAPITAL OESTE
2.0,AIS 08,,,ALDEOTA,Fortaleza,,Sim,2026-04-06,,,,08:36:58,77147.0,4408061.0,,-3.7358399225,-38.4964459004,Rua Maria Tomásia,NAN,cvp,ROUBO A PESSOA,,,Segunda-feira,False,True,,,,ROUBO A PESSOA,AIS 21,CAPITAL LESTE
2.0,AIS 08,,,ALDEOTA,Fortaleza,,Sim,2026-04-06,,,,08:36:58,77229.0,4408061.0,,-3.7358399225,-38.4964459004,Rua Maria Tomásia,NAN,cvp,ROUBO A PESSOA,,,Segunda-feira,False,True,,,,ROUBO A PESSOA,AIS 21,CAPITAL LESTE
2.0,AIS 08,,,ALDEOTA,Fortaleza,,Sim,2026-04-06,,,,08:36:58,77401.0,4408061.0,,-3.7358399225,-38.4964459004,Rua Maria Tomásia,NAN,cvp,ROUBO A PESSOA,,,Segunda-feira,False,True,,,,ROUBO A PESSOA,AIS 21,CAPITAL LESTE
2.0,AIS 18,,,CARLITO PAMPLONA,Fortaleza,,Sim,2026-04-06,,,,08:21:33,77148.0,4408060.0,,-3.7166104853,-38.5573012834,Avenida Francisco Sá,NAN,cvp,ROUBO A PESSOA,,,Segunda-feira,False,True,,,,ROUBO A PESSOA,AIS 06,CAPITAL OESTE
2.0,AIS 18,,,CARLITO PAMPLONA,Fortaleza,,Sim,2026-04-06,,,,08:21:33,77228.0,4408060.0,,-3.7166104853,-38.5573012834,Avenida Francisco Sá,NAN,cvp,ROUBO A PESSOA,,,Segunda-feira,False,True,,,,ROUBO A PESSOA,AIS 06,CAPITAL OESTE
2.0,AIS 18,,,CARLITO PAMPLONA,Fortaleza,,Sim,2026-04-06,,,,08:21:33,77400.0,4408060.0,,-3.7166104853,-38.5573012834,Avenida Francisco Sá,NAN,cvp,ROUBO A PESSOA,,,Segunda-feira,False,True,,,,ROUBO A PESSOA,AIS 06,CAPITAL OESTE
2.0,AIS 18,,,MONTE CASTELO,Fortaleza,,Sim,2026-04-06,,,,06:37:57,77149.0,4408059.0,,-3.7243968789,-38.5562704247,Rua Bernardo Porto,NAN,cvp,ROUBO A PESSOA,,,Segunda-feira,False,True,,,,ROUBO A PESSOA,AIS 06,CAPITAL OESTE
2.0,AIS 18,,,MONTE CASTELO,Fortaleza,,Sim,2026-04-06,,,,06:37:57,77224.0,4408059.0,,-3.7243968789,-38.5562704247,Rua Bernardo Porto,NAN,cvp,ROUBO A PESSOA,,,Segunda-feira,False,True,,,,ROUBO A PESSOA,AIS 06,CAPITAL OESTE
2.0,AIS 18,,,MONTE CASTELO,Fortaleza,,Sim,2026-04-06,,,,06:37:57,77399.0,4408059.0,,-3.7243968789,-38.5562704247,Rua Bernardo Porto,NAN,cvp,ROUBO A PESSOA,,,Segunda-feira,False,True,,,,ROUBO A PESSOA,AIS 06,CAPITAL OESTE
2.0,AIS 16,,,LAGOA REDONDA,Fortaleza,,Sim,2026-04-06,,,,05:00:27,77150.0,4408058.0,,-3.8260575125,-38.4739762038,Avenida Professor José Arthur de Carvalho,NAN,cvp,ROUBO A PESSOA,,,Segunda-feira,False,True,,,,ROUBO A PESSOA,AIS 16,CAPITAL LESTE
2.0,AIS 16,,,LAGOA REDONDA,Fortaleza,,Sim,2026-04-06,,,,05:00:27,77226.0,4408058.0,,-3.8260575125,-38.4739762038,Avenida Professor José Arthur de Carvalho,NAN,cvp,ROUBO A PESSOA,,,Segunda-feira,False,True,,,,ROUBO A PESSOA,AIS 16,CAPITAL LESTE
2.0,AIS 16,,,LAGOA REDONDA,Fortaleza,,Sim,2026-04-06,,,,05:00:27,77404.0,4408058.0,,-3.8260575125,-38.4739762038,Avenida Professor José Arthur de Carvalho,NAN,cvp,ROUBO A PESSOA,,,Segunda-feira,False,True,,,,ROUBO A PESSOA,AIS 16,CAPITAL LESTE
2.0,AIS 17,,,BOM JARDIM,Fortaleza,,Sim,2026-04-14,,,,05:35:53,77324.0,4410197.0,,-3.7936729639,-38.597921519,,NAN,cvp,ROUBO A RESIDÊNCIA,,,Terça-feira,False,False,,,,ROUBO A RESIDÊNCIA,AIS 06,CAPITAL OESTE
2.0,AIS 17,,,BOM JARDIM,Fortaleza,,Sim,2026-04-14,,,,05:35:53,77504.0,4410197.0,,-3.7936729639,-38.597921519,,NAN,cvp,ROUBO A RESIDÊNCIA,,,Terça-feira,False,False,,,,ROUBO A RESIDÊNCIA,AIS 06,CAPITAL OESTE
2.0,AIS 05,,,FÁTIMA,Fortaleza,,Sim,2026-04-14,,,,06:27:53,77323.0,4410198.0,,-3.7442797334,-38.5241736552,Rua Padre Matos Serra,NAN,cvp,ROUBO A PESSOA,,,Terça-feira,False,False,,,,ROUBO A PESSOA,AIS 21,CAPITAL OESTE
2.0,AIS 05,,,FÁTIMA,Fortaleza,,Sim,2026-04-14,,,,06:27:53,77505.0,4410198.0,,-3.7442797334,-38.5241736552,Rua Padre Matos Serra,NAN,cvp,ROUBO A PESSOA,,,Terça-feira,False,False,,,,ROUBO A PESSOA,AIS 21,CAPITAL OESTE
2.0,AIS 18,,,JACARECANGA,Fortaleza,,Sim,2026-04-13,,,,02:06:07,77322.0,4410183.0,,-3.7244288439,-38.5453660834,Rua José Pinto do Carmo,NAN,cvp,ROUBO A PESSOA,,,Segunda-feira,False,False,,,,ROUBO A PESSOA,AIS 08,CAPITAL OESTE
2.0,AIS 18,,,JACARECANGA,Fortaleza,,Sim,2026-04-13,,,,02:06:07,77495.0,4410183.0,,-3.7244288439,-38.5453660834,Rua José Pinto do Carmo,NAN,cvp,ROUBO A PESSOA,,,Segunda-feira,False,False,,,,ROUBO A PESSOA,AIS 08,CAPITAL OESTE
2.0,AIS 18,,,SÃO GERARDO,Fortaleza,,Sim,2026-04-13,,,,16:29:04,77321.0,4410188.0,,-3.7342729541,-38.5606141256,Avenida Bezerra de Menezes,NAN,cvp,ROUBO A PESSOA,,,Segunda-feira,False,False,,,,ROUBO A PESSOA,AIS 05,CAPITAL OESTE
2.0,AIS 18,,,SÃO GERARDO,Fortaleza,,Sim,2026-04-13,,,,16:29:04,77494.0,4410188.0,,-3.7342729541,-38.5606141256,Avenida Bezerra de Menezes,NAN,cvp,ROUBO A PESSOA,,,Segunda-feira,False,False,,,,ROUBO A PESSOA,AIS 05,CAPITAL OESTE
2.0,AIS 17,,,BOM JARDIM,Maracanaú,,Sim,2026-04-13,,,,01:13:03,77320.0,4410181.0,,-3.8395178115,-38.5932164043,Rua 12,NAN,cvp,ROUBO A RESIDÊNCIA,,,Segunda-feira,False,False,,,,ROUBO A RESIDÊNCIA,AIS 17,CAPITAL OESTE
2.0,AIS 17,,,BOM JARDIM,Maracanaú,,Sim,2026-04-13,,,,01:13:03,77493.0,4410181.0,,-3.8395178115,-38.5932164043,Rua 12,NAN,cvp,ROUBO A RESIDÊNCIA,,,Segunda-feira,False,False,,,,ROUBO A RESIDÊNCIA,AIS 17,CAPITAL OESTE
2.0,AIS 05,,,BOM FUTURO,Fortaleza,,Sim,2026-04-13,,,,20:23:03,77319.0,4410192.0,,-3.7562787351,-38.5462506898,Rua Padre Macedo,NAN,cvp,ROUBO A PESSOA,,,Segunda-feira,False,False,,,,ROUBO A PESSOA,AIS 21,CAPITAL OESTE
2.0,AIS 05,,,BOM FUTURO,Fortaleza,,Sim,2026-04-13,,,,20:23:03,77496.0,4410192.0,,-3.7562787351,-38.5462506898,Rua Padre Macedo,NAN,cvp,ROUBO A PESSOA,,,Segunda-feira,False,False,,,,ROUBO A PESSOA,AIS 21,CAPITAL OESTE
2.0,AIS 06,,,ANTONIO BEZERRA,Caucaia,,Sim,2026-04-13,,,,17:26:53,77318.0,4410189.0,,-3.7698181114,-38.6252401042,Rua Catoche,NAN,cvp,ROUBO A PESSOA,,,Segunda-feira,False,False,,,,ROUBO A PESSOA,AIS 06,CAPITAL OESTE
2.0,AIS 06,,,ANTONIO BEZERRA,Caucaia,,Sim,2026-04-13,,,,17:26:53,77497.0,4410189.0,,-3.7698181114,-38.6252401042,Rua Catoche,NAN,cvp,ROUBO A PESSOA,,,Segunda-feira,False,False,,,,ROUBO A PESSOA,AIS 06,CAPITAL OESTE
2.0,AIS 18,,,CENTRO,Fortaleza,,Sim,2026-04-12,,,,11:26:07,77317.0,4410168.0,,-3.7253059073,-38.5307373313,Rua General Sampaio,NAN,cvp,ROUBO A PESSOA,,,Domingo,False,False,,,,ROUBO A PESSOA,AIS 05,CAPITAL OESTE
2.0,AIS 18,,,CENTRO,Fortaleza,,Sim,2026-04-12,,,,11:26:07,77486.0,4410168.0,,-3.7253059073,-38.5307373313,Rua General Sampaio,NAN,cvp,ROUBO A PESSOA,,,Domingo,False,False,,,,ROUBO A PESSOA,AIS 05,CAPITAL OESTE
2.0,AIS 18,,,CENTRO,Fortaleza,,Sim,2026-04-12,,,,12:39:45,77316.0,4410169.0,,-3.7243062486,-38.5258421107,Rua Castro e Silva,NAN,cvp,ROUBO A ESTABELECIMENTO COMERCIAL,,,Domingo,False,False,,,,ROUBO A ESTABELECIMENTO COMERCIAL,AIS 05,CAPITAL OESTE
2.0,AIS 18,,,CENTRO,Fortaleza,,Sim,2026-04-12,,,,12:39:45,77488.0,4410169.0,,-3.7243062486,-38.5258421107,Rua Castro e Silva,NAN,cvp,ROUBO A ESTABELECIMENTO COMERCIAL,,,Domingo,False,False,,,,ROUBO A ESTABELECIMENTO COMERCIAL,AIS 05,CAPITAL OESTE
2.0,AIS 24,,,,Aquiraz,,Sim,2026-04-12,,,,13:59:19,77315.0,4410170.0,,-3.942307733,-38.2920328336,Rua Grupo Escolar,NAN,cvp,ROUBO A PESSOA,,,Domingo,False,False,,,,ROUBO A PESSOA,AIS 24,RMF LESTE
2.0,AIS 24,,,,Aquiraz,,Sim,2026-04-12,,,,13:59:19,77475.0,4410170.0,,-3.942307733,-38.2920328336,Rua Grupo Escolar,NAN,cvp,ROUBO A PESSOA,,,Domingo,False,False,,,,ROUBO A PESSOA,AIS 24,RMF LESTE
2.0,AIS 08,,,VICENTE PINZÓN,Fortaleza,,Sim,2026-04-12,,,,15:46:16,77314.0,4410174.0,,-3.7236945718,-38.465303785,Rua Oliveira Filho,NAN,cvp,ROUBO A PESSOA,,,Domingo,False,False,,,,ROUBO A PESSOA,AIS 08,CAPITAL LESTE
2.0,AIS 08,,,VICENTE PINZÓN,Fortaleza,,Sim,2026-04-12,,,,15:46:16,77489.0,4410174.0,,-3.7236945718,-38.465303785,Rua Oliveira Filho,NAN,cvp,ROUBO A PESSOA,,,Domingo,False,False,,,,ROUBO A PESSOA,AIS 08,CAPITAL LESTE
2.0,AIS 07,,,,Ipu,,Sim,2026-04-12,,,,17:42:33,77313.0,4410175.0,,-4.3343798041,-40.7238968174,Rua São Pedro,NAN,cvp,ROUBO A PESSOA,,,Domingo,False,False,,,,ROUBO A PESSOA,AIS 07,NORTE
2.0,AIS 07,,,,Ipu,,Sim,2026-04-12,,,,17:42:33,77476.0,4410175.0,,-4.3343798041,-40.7238968174,Rua São Pedro,NAN,cvp,ROUBO A PESSOA,,,Domingo,False,False,,,,ROUBO A PESSOA,AIS 07,NORTE
2.0,AIS 18,,,JACARECANGA,Fortaleza,,Sim,2026-04-12,,,,19:06:22,77312.0,4410176.0,,-3.7196770504,-38.5487956713,Rua Padre Anchieta,NAN,cvp,ROUBO A FARMÁCIA,,,Domingo,False,False,,,,ROUBO A FARMÁCIA,AIS 08,CAPITAL OESTE
2.0,AIS 18,,,JACARECANGA,Fortaleza,,Sim,2026-04-12,,,,19:06:22,77490.0,4410176.0,,-3.7196770504,-38.5487956713,Rua Padre Anchieta,NAN,cvp,ROUBO A FARMÁCIA,,,Domingo,False,False,,,,ROUBO A FARMÁCIA,AIS 08,CAPITAL OESTE
2.0,AIS 08,,,PRAIA DE IRACEMA,Fortaleza,,Sim,2026-04-12,,,,21:14:38,77311.0,4410178.0,,-3.7197589898,-38.5116765419,Calçadão da Beira Mar,NAN,cvp,ROUBO A PESSOA,,,Domingo,False,False,,,,ROUBO A PESSOA,AIS 08,CAPITAL LESTE
2.0,AIS 08,,,PRAIA DE IRACEMA,Fortaleza,,Sim,2026-04-12,,,,21:14:38,77491.0,4410178.0,,-3.7197589898,-38.5116765419,Calçadão da Beira Mar,NAN,cvp,ROUBO A PESSOA,,,Domingo,False,False,,,,ROUBO A PESSOA,AIS 08,CAPITAL LESTE
2.0,AIS 21,,,ENGENHEIRO LUCIANO CAVALCANTE,Fortaleza,,Sim,2026-04-12,,,,21:48:29,77310.0,4410180.0,,-3.7701852366,-38.4976756907,Avenida Rogaciano Leite,NAN,cvp,ROUBO A PESSOA,,,Domingo,False,False,,,,ROUBO A PESSOA,AIS 21,CAPITAL LESTE
2.0,AIS 21,,,ENGENHEIRO LUCIANO CAVALCANTE,Fortaleza,,Sim,2026-04-12,,,,21:48:29,77492.0,4410180.0,,-3.7701852366,-38.4976756907,Avenida Rogaciano Leite,NAN,cvp,ROUBO A PESSOA,,,Domingo,False,False,,,,ROUBO A PESSOA,AIS 21,CAPITAL LESTE
2.0,AIS 18,,,VILA VELHA,Fortaleza,,Sim,2026-04-12,,,,08:00:57,77309.0,4410167.0,,-3.7202052167,-38.5958859822,Rua Creusa Rocha,NAN,cvp,ROUBO A FARMÁCIA,,,Domingo,False,False,,,,ROUBO A FARMÁCIA,AIS 06,CAPITAL OESTE
2.0,AIS 18,,,VILA VELHA,Fortaleza,,Sim,2026-04-12,,,,08:00:57,77479.0,4410167.0,,-3.7202052167,-38.5958859822,Rua Creusa Rocha,NAN,cvp,ROUBO A FARMÁCIA,,,Domingo,False,False,,,,ROUBO A FARMÁCIA,AIS 06,CAPITAL OESTE
2.0,AIS 18,,,CENTRO,Fortaleza,,Sim,2026-04-12,,,,06:08:19,77308.0,4410166.0,,-3.7365646554,-38.5246110685,Rua Antônio Pompeu,NAN,cvp,ROUBO A PESSOA C/ CONSTRANGIMENTO DA LIBERDADE,,,Domingo,False,False,,,,ROUBO A PESSOA C/ CONSTRANGIMENTO DA LIBERDADE,AIS 21,CAPITAL OESTE
2.0,AIS 18,,,CENTRO,Fortaleza,,Sim,2026-04-12,,,,06:08:19,77484.0,4410166.0,,-3.7365646554,-38.5246110685,Rua Antônio Pompeu,NAN,cvp,ROUBO A PESSOA C/ CONSTRANGIMENTO DA LIBERDADE,,,Domingo,False,False,,,,ROUBO A PESSOA C/ CONSTRANGIMENTO DA LIBERDADE,AIS 21,CAPITAL OESTE
2.0,AIS 17,,,PARQUE PRESIDENTE VARGAS,Maracanaú,,Sim,2026-04-12,,,,05:44:52,77307.0,4410163.0,,-3.8745217788,-38.5997118025,Avenida Parque Sul,NAN,cvp,ROUBO A PESSOA,,,Domingo,False,False,,,,ROUBO A PESSOA,AIS 17,CAPITAL OESTE
2.0,AIS 17,,,PARQUE PRESIDENTE VARGAS,Maracanaú,,Sim,2026-04-12,,,,05:44:52,77487.0,4410163.0,,-3.8745217788,-38.5997118025,Avenida Parque Sul,NAN,cvp,ROUBO A PESSOA,,,Domingo,False,False,,,,ROUBO A PESSOA,AIS 17,CAPITAL OESTE
2.0,AIS 16,,,MESSEJANA,Fortaleza,,Sim,2026-04-12,,,,05:48:06,77306.0,4410164.0,,-3.8344114729,-38.4980541618,Rua Santa Ângela,NAN,cvp,ROUBO A PESSOA,,,Domingo,False,False,,,,ROUBO A PESSOA,AIS 16,CAPITAL LESTE
2.0,AIS 16,,,MESSEJANA,Fortaleza,,Sim,2026-04-12,,,,05:48:06,77483.0,4410164.0,,-3.8344114729,-38.4980541618,Rua Santa Ângela,NAN,cvp,ROUBO A PESSOA,,,Domingo,False,False,,,,ROUBO A PESSOA,AIS 16,CAPITAL LESTE
2.0,AIS 17,,,BOM JARDIM,Maracanaú,,Sim,2026-04-12,,,,02:52:05,77305.0,4410159.0,,-3.8379798154,-38.5965139935,Avenida do Contorno Oeste,NAN,cvp,ROUBO A RESIDÊNCIA,,,Domingo,False,False,,,,ROUBO A RESIDÊNCIA,AIS 17,CAPITAL OESTE
2.0,AIS 17,,,BOM JARDIM,Maracanaú,,Sim,2026-04-12,,,,02:52:05,77485.0,4410159.0,,-3.8379798154,-38.5965139935,Avenida do Contorno Oeste,NAN,cvp,ROUBO A RESIDÊNCIA,,,Domingo,False,False,,,,ROUBO A RESIDÊNCIA,AIS 17,CAPITAL OESTE
2.0,AIS 06,,,QUINTINO CUNHA,Caucaia,,Sim,2026-04-12,,,,02:45:26,77304.0,4410158.0,,-3.7295129437,-38.6439416269,Estrada José Aragão Albuquerque,NAN,cvp,ROUBO A POSTO DE GASOLINA,,,Domingo,False,False,,,,ROUBO A POSTO DE GASOLINA,AIS 06,CAPITAL OESTE
2.0,AIS 06,,,QUINTINO CUNHA,Caucaia,,Sim,2026-04-12,,,,02:45:26,77478.0,4410158.0,,-3.7295129437,-38.6439416269,Estrada José Aragão Albuquerque,NAN,cvp,ROUBO A POSTO DE GASOLINA,,,Domingo,False,False,,,,ROUBO A POSTO DE GASOLINA,AIS 06,CAPITAL OESTE
2.0,AIS 18,,,CENTRO,Fortaleza,,Sim,2026-04-12,,,,02:34:49,77303.0,4410157.0,,-3.7307216011,-38.5316225732,Rua General Sampaio,NAN,cvp,ROUBO A PESSOA,,,Domingo,False,False,,,,ROUBO A PESSOA,AIS 21,CAPITAL OESTE
2.0,AIS 18,,,CENTRO,Fortaleza,,Sim,2026-04-12,,,,02:34:49,77480.0,4410157.0,,-3.7307216011,-38.5316225732,Rua General Sampaio,NAN,cvp,ROUBO A PESSOA,,,Domingo,False,False,,,,ROUBO A PESSOA,AIS 21,CAPITAL OESTE
2.0,AIS 06,,,ANTONIO BEZERRA,Caucaia,,Sim,2026-04-12,,,,04:02:58,77302.0,4410160.0,,-3.7743116659,-38.6222188422,Rua Carpina,NAN,cvp,ROUBO A PESSOA,,,Domingo,False,False,,,,ROUBO A PESSOA,AIS 06,CAPITAL OESTE
2.0,AIS 06,,,ANTONIO BEZERRA,Caucaia,,Sim,2026-04-12,,,,04:02:58,77477.0,4410160.0,,-3.7743116659,-38.6222188422,Rua Carpina,NAN,cvp,ROUBO A PESSOA,,,Domingo,False,False,,,,ROUBO A PESSOA,AIS 06,CAPITAL OESTE
2.0,AIS 16,,,MESSEJANA,Fortaleza,,Sim,2026-04-12,,,,05:00:27,77301.0,4410161.0,,-3.8282940127,-38.4886065434,Rua Muniz Freire,NAN,cvp,ROUBO A PESSOA,,,Domingo,False,False,,,,ROUBO A PESSOA,AIS 16,CAPITAL LESTE
2.0,AIS 16,,,MESSEJANA,Fortaleza,,Sim,2026-04-12,,,,05:00:27,77481.0,4410161.0,,-3.8282940127,-38.4886065434,Rua Muniz Freire,NAN,cvp,ROUBO A PESSOA,,,Domingo,False,False,,,,ROUBO A PESSOA,AIS 16,CAPITAL LESTE
2.0,AIS 16,,,MESSEJANA,Fortaleza,,Sim,2026-04-12,,,,05:30:25,77300.0,4410162.0,,-3.8299954106,-38.500860604,,NAN,cvp,ROUBO A PESSOA,,,Domingo,False,False,,,,ROUBO A PESSOA,AIS 16,CAPITAL LESTE
2.0,AIS 16,,,MESSEJANA,Fortaleza,,Sim,2026-04-12,,,,05:30:25,77482.0,4410162.0,,-3.8299954106,-38.500860604,,NAN,cvp,ROUBO A PESSOA,,,Domingo,False,False,,,,ROUBO A PESSOA,AIS 16,CAPITAL LESTE
2.0,AIS 27,,,,Camocim,,Sim,2026-04-11,,,,10:53:02,77299.0,4410138.0,,-2.9026636978,-40.8435917452,Rua General Tiburcio Cavalcante,NAN,cvp,ROUBO A PESSOA,,,Sábado,False,False,,,,ROUBO A PESSOA,AIS 27,NORTE
2.0,AIS 27,,,,Camocim,,Sim,2026-04-11,,,,10:53:02,77473.0,4410138.0,,-2.9026636978,-40.8435917452,Rua General Tiburcio Cavalcante,NAN,cvp,ROUBO A PESSOA,,,Sábado,False,False,,,,ROUBO A PESSOA,AIS 27,NORTE
2.0,AIS 11,,,,Tianguá,,Sim,2026-04-11,,,,10:49:49,77298.0,4410137.0,,-3.7286928726,-40.9900286001,Rua Doze de Agosto,NAN,cvp,ROUBO A RESIDÊNCIA,,,Sábado,False,False,,,,ROUBO A RESIDÊNCIA,AIS 11,NORDESTE
2.0,AIS 11,,,,Tianguá,,Sim,2026-04-11,,,,10:49:49,77467.0,4410137.0,,-3.7286928726,-40.9900286001,Rua Doze de Agosto,NAN,cvp,ROUBO A RESIDÊNCIA,,,Sábado,False,False,,,,ROUBO A RESIDÊNCIA,AIS 11,NORDESTE
2.0,AIS 06,,,PARQUELÂNDIA,Fortaleza,,Sim,2026-04-11,,,,03:07:44,77297.0,4410133.0,,-3.7402984922,-38.5604516392,Rua Professor Lino Encarnação,NAN,cvp,ROUBO A PESSOA,,,Sábado,False,False,,,,ROUBO A PESSOA,AIS 05,CAPITAL OESTE
2.0,AIS 06,,,PARQUELÂNDIA,Fortaleza,,Sim,2026-04-11,,,,03:07:44,77470.0,4410133.0,,-3.7402984922,-38.5604516392,Rua Professor Lino Encarnação,NAN,cvp,ROUBO A PESSOA,,,Sábado,False,False,,,,ROUBO A PESSOA,AIS 05,CAPITAL OESTE
2.0,AIS 16,,,COACU,Eusébio,,Sim,2026-04-11,,,,00:34:33,77296.0,4410131.0,,-3.8886173547,-38.4543398644,Avenida Parnamirim,NAN,cvp,ROUBO A PESSOA,,,Sábado,False,False,,,,ROUBO A PESSOA,AIS 16,CAPITAL LESTE
2.0,AIS 16,,,COACU,Eusébio,,Sim,2026-04-11,,,,00:34:33,77472.0,4410131.0,,-3.8886173547,-38.4543398644,Avenida Parnamirim,NAN,cvp,ROUBO A PESSOA,,,Sábado,False,False,,,,ROUBO A PESSOA,AIS 16,CAPITAL LESTE
2.0,AIS 05,,,MONTESE,Fortaleza,,Sim,2026-04-11,,,,00:08:49,77295.0,4410130.0,,-3.7662148492,-38.5546554288,Rua Almirante Rubim,NAN,cvp,ROUBO A PESSOA C/ CONSTRANGIMENTO DA LIBERDADE,,,Sábado,False,False,,,,ROUBO A PESSOA C/ CONSTRANGIMENTO DA LIBERDADE,AIS 21,CAPITAL OESTE
2.0,AIS 05,,,MONTESE,Fortaleza,,Sim,2026-04-11,,,,00:08:49,77462.0,4410130.0,,-3.7662148492,-38.5546554288,Rua Almirante Rubim,NAN,cvp,ROUBO A PESSOA C/ CONSTRANGIMENTO DA LIBERDADE,,,Sábado,False,False,,,,ROUBO A PESSOA C/ CONSTRANGIMENTO DA LIBERDADE,AIS 21,CAPITAL OESTE
2.0,AIS 18,,,CENTRO,Fortaleza,,Sim,2026-04-11,,,,22:59:42,77294.0,4410155.0,,-3.7281620128,-38.5188719643,Rua Dona Leopoldina,NAN,cvp,ROUBO A PESSOA,,,Sábado,False,False,,,,ROUBO A PESSOA,AIS 21,CAPITAL OESTE
2.0,AIS 18,,,CENTRO,Fortaleza,,Sim,2026-04-11,,,,22:59:42,77466.0,4410155.0,,-3.7281620128,-38.5188719643,Rua Dona Leopoldina,NAN,cvp,ROUBO A PESSOA,,,Sábado,False,False,,,,ROUBO A PESSOA,AIS 21,CAPITAL OESTE
2.0,AIS 05,,,VILA UNIĂO,Fortaleza,,Sim,2026-04-11,,,,22:20:31,77293.0,4410154.0,,-3.7630452033,-38.5328262008,Rua Edgar Pinho Filho,NAN,cvp,ROUBO A PESSOA,,,Sábado,False,False,,,,ROUBO A PESSOA,AIS 21,CAPITAL OESTE
2.0,AIS 05,,,VILA UNIĂO,Fortaleza,,Sim,2026-04-11,,,,22:20:31,77461.0,4410154.0,,-3.7630452033,-38.5328262008,Rua Edgar Pinho Filho,NAN,cvp,ROUBO A PESSOA,,,Sábado,False,False,,,,ROUBO A PESSOA,AIS 21,CAPITAL OESTE
2.0,AIS 16,,,MESSEJANA,Fortaleza,,Sim,2026-04-11,,,,20:32:52,77292.0,4410150.0,,-3.8220290489,-38.4979991387,Rua Leôncio Tabosa,NAN,cvp,ROUBO A PESSOA,,,Sábado,False,False,,,,ROUBO A PESSOA,AIS 21,CAPITAL LESTE
2.0,AIS 16,,,MESSEJANA,Fortaleza,,Sim,2026-04-11,,,,20:32:52,77460.0,4410150.0,,-3.8220290489,-38.4979991387,Rua Leôncio Tabosa,NAN,cvp,ROUBO A PESSOA,,,Sábado,False,False,,,,ROUBO A PESSOA,AIS 21,CAPITAL LESTE
2.0,AIS 15,,,,Guaiúba,,Sim,2026-04-11,,,,13:19:43,77291.0,4410141.0,,-4.0419731568,-38.6332142266,Rua Doutor Leite de Andrade,NAN,cvp,ROUBO A PESSOA,,,Sábado,False,False,,,,ROUBO A PESSOA,AIS 15,RMF LESTE
2.0,AIS 15,,,,Guaiúba,,Sim,2026-04-11,,,,13:19:43,77471.0,4410141.0,,-4.0419731568,-38.6332142266,Rua Doutor Leite de Andrade,NAN,cvp,ROUBO A PESSOA,,,Sábado,False,False,,,,ROUBO A PESSOA,AIS 15,RMF LESTE
2.0,AIS 19,,,COCÓ,Fortaleza,,Sim,2026-04-11,,,,11:00:41,77290.0,4410140.0,,-3.7444503356,-38.4884559069,Avenida Engenheiro Santana Júnior,NAN,cvp,ROUBO A FARMÁCIA,,,Sábado,False,False,,,,ROUBO A FARMÁCIA,AIS 21,CAPITAL LESTE
2.0,AIS 19,,,COCÓ,Fortaleza,,Sim,2026-04-11,,,,11:00:41,77468.0,4410140.0,,-3.7444503356,-38.4884559069,Avenida Engenheiro Santana Júnior,NAN,cvp,ROUBO A FARMÁCIA,,,Sábado,False,False,,,,ROUBO A FARMÁCIA,AIS 21,CAPITAL LESTE
2.0,AIS 06,,,JOÃO XXIII,Fortaleza,,Sim,2026-04-11,,,,20:04:12,77289.0,4410149.0,,-3.7682826346,-38.5828601095,Rua Porto Velho,NAN,cvp,ROUBO A PESSOA,,,Sábado,False,False,,,,ROUBO A PESSOA,AIS 06,CAPITAL OESTE
2.0,AIS 06,,,JOÃO XXIII,Fortaleza,,Sim,2026-04-11,,,,20:04:12,77469.0,4410149.0,,-3.7682826346,-38.5828601095,Rua Porto Velho,NAN,cvp,ROUBO A PESSOA,,,Sábado,False,False,,,,ROUBO A PESSOA,AIS 06,CAPITAL OESTE
2.0,AIS 28,,,ACARAPE,Acarape,,Sim,2026-04-11,,,,19:46:40,77288.0,4410148.0,,-4.2229239388,-38.7079089315,Rua Manoel Gomes Pereira,NAN,cvp,ROUBO A PESSOA,,,Sábado,False,False,,,,ROUBO A PESSOA,AIS 28,NORTE
2.0,AIS 28,,,ACARAPE,Acarape,,Sim,2026-04-11,,,,19:46:40,77474.0,4410148.0,,-4.2229239388,-38.7079089315,Rua Manoel Gomes Pereira,NAN,cvp,ROUBO A PESSOA,,,Sábado,False,False,,,,ROUBO A PESSOA,AIS 28,NORTE
2.0,AIS 20,,,MANOEL SÁTIRO,Fortaleza,,Sim,2026-04-11,,,,18:36:38,77287.0,4410145.0,,-3.8092374514,-38.5884086254,Avenida Contorno Sul,NAN,cvp,ROUBO A PESSOA,,,Sábado,False,False,,,,ROUBO A PESSOA,AIS 17,CAPITAL OESTE
2.0,AIS 20,,,MANOEL SÁTIRO,Fortaleza,,Sim,2026-04-11,,,,18:36:38,77463.0,4410145.0,,-3.8092374514,-38.5884086254,Avenida Contorno Sul,NAN,cvp,ROUBO A PESSOA,,,Sábado,False,False,,,,ROUBO A PESSOA,AIS 17,CAPITAL OESTE
2.0,AIS 08,,,MEIRELES,Fortaleza,,Sim,2026-04-11,,,,16:24:40,77286.0,4410143.0,,-3.7280043335,-38.5009055706,Rua Deputado Moreira da Rocha,NAN,cvp,ROUBO A PESSOA,,,Sábado,False,False,,,,ROUBO A PESSOA,AIS 21,CAPITAL LESTE
2.0,AIS 08,,,MEIRELES,Fortaleza,,Sim,2026-04-11,,,,16:24:40,77464.0,4410143.0,,-3.7280043335,-38.5009055706,Rua Deputado Moreira da Rocha,NAN,cvp,ROUBO A PESSOA,,,Sábado,False,False,,,,ROUBO A PESSOA,AIS 21,CAPITAL LESTE
2.0,AIS 20,,,PREFEITO JOSÉ WALTER,Fortaleza,,Sim,2026-04-11,,,,13:51:37,77285.0,4410142.0,,-3.8330229557,-38.5543320612,Rua 91,NAN,cvp,ROUBO A PESSOA,,,Sábado,False,False,,,,ROUBO A PESSOA,AIS 16,CAPITAL OESTE
2.0,AIS 20,,,PREFEITO JOSÉ WALTER,Fortaleza,,Sim,2026-04-11,,,,13:51:37,77465.0,4410142.0,,-3.8330229557,-38.5543320612,Rua 91,NAN,cvp,ROUBO A PESSOA,,,Sábado,False,False,,,,ROUBO A PESSOA,AIS 16,CAPITAL OESTE
2.0,AIS 08,,,MEIRELES,Fortaleza,,Sim,2026-04-10,,,,20:01:22,77284.0,4410124.0,,-3.7233386851,-38.5094845714,Rua Torquato Aguiar,NAN,cvp,ROUBO A PESSOA,,,Sexta-feira,False,True,,,,ROUBO A PESSOA,AIS 08,CAPITAL LESTE
2.0,AIS 08,,,MEIRELES,Fortaleza,,Sim,2026-04-10,,,,20:01:22,77457.0,4410124.0,,-3.7233386851,-38.5094845714,Rua Torquato Aguiar,NAN,cvp,ROUBO A PESSOA,,,Sexta-feira,False,True,,,,ROUBO A PESSOA,AIS 08,CAPITAL LESTE
2.0,AIS 05,,,BENFICA,Fortaleza,,Sim,2026-04-10,,,,22:18:41,77283.0,4410127.0,,-3.7389888625,-38.53740503,Avenida da Universidade,NAN,cvp,ROUBO A PESSOA,,,Sexta-feira,False,True,,,,ROUBO A PESSOA,AIS 21,CAPITAL OESTE
2.0,AIS 05,,,BENFICA,Fortaleza,,Sim,2026-04-10,,,,22:18:41,77458.0,4410127.0,,-3.7389888625,-38.53740503,Avenida da Universidade,NAN,cvp,ROUBO A PESSOA,,,Sexta-feira,False,True,,,,ROUBO A PESSOA,AIS 21,CAPITAL OESTE
2.0,AIS 08,,,ALDEOTA,Fortaleza,,Sim,2026-04-10,,,,12:08:25,77282.0,4410115.0,,-3.7310419507,-38.5120709715,Rua Isaac Meyer,NAN,cvp,ROUBO A FARMÁCIA,,,Sexta-feira,False,True,,,,ROUBO A FARMÁCIA,AIS 21,CAPITAL LESTE
2.0,AIS 08,,,ALDEOTA,Fortaleza,,Sim,2026-04-10,,,,12:08:25,77453.0,4410115.0,,-3.7310419507,-38.5120709715,Rua Isaac Meyer,NAN,cvp,ROUBO A FARMÁCIA,,,Sexta-feira,False,True,,,,ROUBO A FARMÁCIA,AIS 21,CAPITAL LESTE
2.0,,,,PRAIA DO FURUTO II,Fortaleza,,Sim,2026-04-10,,,,12:31:37,77281.0,4410116.0,,-3.7495454376,-38.4469305295,Avenida Clóvis Arrais Maia,NAN,cvp,ROUBO A PESSOA,,,Sexta-feira,False,True,,,,ROUBO A PESSOA,AIS 08,
2.0,,,,PRAIA DO FURUTO II,Fortaleza,,Sim,2026-04-10,,,,12:31:37,77454.0,4410116.0,,-3.7495454376,-38.4469305295,Avenida Clóvis Arrais Maia,NAN,cvp,ROUBO A PESSOA,,,Sexta-feira,False,True,,,,ROUBO A PESSOA,AIS 08,
2.0,,,,GENTILÂNDIA,Fortaleza,,Sim,2026-04-10,,,,13:23:14,77280.0,4410117.0,,-3.745126513,-38.5414507106,Rua Carlos Câmara,NAN,cvp,ROUBO A PESSOA,,,Sexta-feira,False,True,,,,ROUBO A PESSOA,AIS 21,
2.0,,,,GENTILÂNDIA,Fortaleza,,Sim,2026-04-10,,,,13:23:14,77455.0,4410117.0,,-3.745126513,-38.5414507106,Rua Carlos Câmara,NAN,cvp,ROUBO A PESSOA,,,Sexta-feira,False,True,,,,ROUBO A PESSOA,AIS 21,
2.0,,,,PRAIA DO FURUTO II,Fortaleza,,Sim,2026-04-10,,,,14:14:32,77279.0,4410118.0,,-3.7587812831,-38.4438064497,Rua 10,NAN,cvp,ROUBO A PESSOA,,,Sexta-feira,False,True,,,,ROUBO A PESSOA,AIS 19,
2.0,,,,PRAIA DO FURUTO II,Fortaleza,,Sim,2026-04-10,,,,14:14:32,77456.0,4410118.0,,-3.7587812831,-38.4438064497,Rua 10,NAN,cvp,ROUBO A PESSOA,,,Sexta-feira,False,True,,,,ROUBO A PESSOA,AIS 19,
2.0,AIS 21,,,EDSON QUEIROZ,Fortaleza,,Sim,2026-04-10,,,,15:07:57,77278.0,4410120.0,,-3.7642533814,-38.4808744744,Avenida Washington Soares,NAN,cvp,ROUBO A PESSOA,,,Sexta-feira,False,True,,,,ROUBO A PESSOA,AIS 21,CAPITAL OESTE
2.0,AIS 21,,,EDSON QUEIROZ,Fortaleza,,Sim,2026-04-10,,,,15:07:57,77447.0,4410120.0,,-3.7642533814,-38.4808744744,Avenida Washington Soares,NAN,cvp,ROUBO A PESSOA,,,Sexta-feira,False,True,,,,ROUBO A PESSOA,AIS 21,CAPITAL OESTE
2.0,AIS 08,,,ALDEOTA,Fortaleza,,Sim,2026-04-10,,,,05:05:18,77277.0,4410108.0,,-3.7328603909,-38.5015950749,Rua Tibúrcio Cavalcante,NAN,cvp,ROUBO A CONDOMÍNIO,,,Sexta-feira,False,True,,,,ROUBO A CONDOMÍNIO,AIS 21,CAPITAL LESTE
2.0,AIS 08,,,ALDEOTA,Fortaleza,,Sim,2026-04-10,,,,05:05:18,77449.0,4410108.0,,-3.7328603909,-38.5015950749,Rua Tibúrcio Cavalcante,NAN,cvp,ROUBO A CONDOMÍNIO,,,Sexta-feira,False,True,,,,ROUBO A CONDOMÍNIO,AIS 21,CAPITAL LESTE
2.0,AIS 06,,,HENRIQUE JORGE,Fortaleza,,Sim,2026-04-10,,,,11:06:10,77276.0,4410114.0,,-3.7620028803,-38.5862683667,Rua Professor Miramar da Ponte,NAN,cvp,ROUBO A PESSOA,,,Sexta-feira,False,True,,,,ROUBO A PESSOA,AIS 06,CAPITAL OESTE
2.0,AIS 06,,,HENRIQUE JORGE,Fortaleza,,Sim,2026-04-10,,,,11:06:10,77452.0,4410114.0,,-3.7620028803,-38.5862683667,Rua Professor Miramar da Ponte,NAN,cvp,ROUBO A PESSOA,,,Sexta-feira,False,True,,,,ROUBO A PESSOA,AIS 06,CAPITAL OESTE
2.0,AIS 05,,,BENFICA,Fortaleza,,Sim,2026-04-10,,,,04:35:44,77275.0,4410107.0,,-3.7386601561,-38.5390387988,Rua Princesa Isabel,NAN,cvp,ROUBO A PESSOA,,,Sexta-feira,False,True,,,,ROUBO A PESSOA,AIS 21,CAPITAL OESTE
2.0,AIS 05,,,BENFICA,Fortaleza,,Sim,2026-04-10,,,,04:35:44,77448.0,4410107.0,,-3.7386601561,-38.5390387988,Rua Princesa Isabel,NAN,cvp,ROUBO A PESSOA,,,Sexta-feira,False,True,,,,ROUBO A PESSOA,AIS 21,CAPITAL OESTE
2.0,AIS 30,,,,Tauá,,Sim,2026-04-10,,,,02:18:27,77274.0,4410105.0,,-5.9995140837,-40.2949520106,Rua Domingas Gomes,NAN,cvp,ROUBO A RESIDÊNCIA,,,Sexta-feira,False,True,,,,ROUBO A RESIDÊNCIA,AIS 30,SUDESTE
2.0,AIS 30,,,,Tauá,,Sim,2026-04-10,,,,02:18:27,77459.0,4410105.0,,-5.9995140837,-40.2949520106,Rua Domingas Gomes,NAN,cvp,ROUBO A RESIDÊNCIA,,,Sexta-feira,False,True,,,,ROUBO A RESIDÊNCIA,AIS 30,SUDESTE
2.0,AIS 16,,,GUAJERU,Fortaleza,,Sim,2026-04-10,,,,08:46:47,77273.0,4410112.0,,-3.8299039053,-38.4803129785,Rua Antônio Candeia,NAN,cvp,ROUBO A PESSOA,,,Sexta-feira,False,True,,,,ROUBO A PESSOA,AIS 16,CAPITAL LESTE
2.0,AIS 16,,,GUAJERU,Fortaleza,,Sim,2026-04-10,,,,08:46:47,77451.0,4410112.0,,-3.8299039053,-38.4803129785,Rua Antônio Candeia,NAN,cvp,ROUBO A PESSOA,,,Sexta-feira,False,True,,,,ROUBO A PESSOA,AIS 16,CAPITAL LESTE
2.0,AIS 16,,,MESSEJANA,Fortaleza,,Sim,2026-04-10,,,,08:24:11,77272.0,4410111.0,,-3.8231723058,-38.4857346799,Rua Coronel João de Oliveira,NAN,cvp,ROUBO A PESSOA,,,Sexta-feira,False,True,,,,ROUBO A PESSOA,AIS 16,CAPITAL LESTE
2.0,AIS 16,,,MESSEJANA,Fortaleza,,Sim,2026-04-10,,,,08:24:11,77450.0,4410111.0,,-3.8231723058,-38.4857346799,Rua Coronel João de Oliveira,NAN,cvp,ROUBO A PESSOA,,,Sexta-feira,False,True,,,,ROUBO A PESSOA,AIS 16,CAPITAL LESTE
2.0,,,,JANGURURSSU,Fortaleza,,Sim,2026-04-09,,,,04:46:57,77271.0,4410088.0,,-3.8470985083,-38.5148130281,Rua Recanto Verde,NAN,cvp,ROUBO A PESSOA,,,Quinta-feira,False,True,,,,ROUBO A PESSOA,AIS 16,
2.0,,,,JANGURURSSU,Fortaleza,,Sim,2026-04-09,,,,04:46:57,77437.0,4410088.0,,-3.8470985083,-38.5148130281,Rua Recanto Verde,NAN,cvp,ROUBO A PESSOA,,,Quinta-feira,False,True,,,,ROUBO A PESSOA,AIS 16,
2.0,AIS 22,,,CASTELÃO,Fortaleza,,Sim,2026-04-09,,,,07:33:13,77270.0,4410089.0,,-3.8017243685,-38.5167537821,Rua Edno Alves de Oliveira,NAN,cvp,ROUBO A PESSOA,,,Quinta-feira,False,True,,,,ROUBO A PESSOA,AIS 21,CAPITAL LESTE
2.0,AIS 22,,,CASTELÃO,Fortaleza,,Sim,2026-04-09,,,,07:33:13,77438.0,4410089.0,,-3.8017243685,-38.5167537821,Rua Edno Alves de Oliveira,NAN,cvp,ROUBO A PESSOA,,,Quinta-feira,False,True,,,,ROUBO A PESSOA,AIS 21,CAPITAL LESTE
2.0,AIS 11,,,,Croatá,,Sim,2026-04-09,,,,21:37:55,77269.0,4410101.0,,-4.4164210003,-40.9072758335,Travessa Cazuza de Pinho,NAN,cvp,ROUBO A PESSOA,,,Quinta-feira,False,True,,,,ROUBO A PESSOA,AIS 11,NORDESTE
2.0,AIS 11,,,,Croatá,,Sim,2026-04-09,,,,21:37:55,77444.0,4410101.0,,-4.4164210003,-40.9072758335,Travessa Cazuza de Pinho,NAN,cvp,ROUBO A PESSOA,,,Quinta-feira,False,True,,,,ROUBO A PESSOA,AIS 11,NORDESTE
2.0,AIS 06,,,JÓQUEI CLUBE,Fortaleza,,Sim,2026-04-09,,,,21:32:29,77268.0,4410100.0,,-3.7662839235,-38.5736763809,Avenida Senador Fernandes Távora,NAN,cvp,ROUBO A PESSOA,,,Quinta-feira,False,True,,,,ROUBO A PESSOA,AIS 05,CAPITAL OESTE
2.0,AIS 06,,,JÓQUEI CLUBE,Fortaleza,,Sim,2026-04-09,,,,21:32:29,77440.0,4410100.0,,-3.7662839235,-38.5736763809,Avenida Senador Fernandes Távora,NAN,cvp,ROUBO A PESSOA,,,Quinta-feira,False,True,,,,ROUBO A PESSOA,AIS 05,CAPITAL OESTE
2.0,AIS 19,,,PRAIA DO FUTURO I,Fortaleza,,Sim,2026-04-09,,,,18:50:18,77267.0,4410099.0,,-3.7480687432,-38.4534813139,Avenida Santos Dumont,NAN,cvp,ROUBO A PESSOA,,,Quinta-feira,False,True,,,,ROUBO A PESSOA,AIS 08,CAPITAL LESTE
2.0,AIS 19,,,PRAIA DO FUTURO I,Fortaleza,,Sim,2026-04-09,,,,18:50:18,77442.0,4410099.0,,-3.7480687432,-38.4534813139,Avenida Santos Dumont,NAN,cvp,ROUBO A PESSOA,,,Quinta-feira,False,True,,,,ROUBO A PESSOA,AIS 08,CAPITAL LESTE
2.0,AIS 06,,,DOM LUSTOSA,Fortaleza,,Sim,2026-04-09,,,,15:41:30,77266.0,4410098.0,,-3.7463840524,-38.5853339993,Avenida Coronel Matos Dourado,NAN,cvp,ROUBO A PESSOA C/ CONSTRANGIMENTO DA LIBERDADE,,,Quinta-feira,False,True,,,,ROUBO A PESSOA C/ CONSTRANGIMENTO DA LIBERDADE,AIS 06,CAPITAL OESTE
2.0,AIS 06,,,DOM LUSTOSA,Fortaleza,,Sim,2026-04-09,,,,15:41:30,77443.0,4410098.0,,-3.7463840524,-38.5853339993,Avenida Coronel Matos Dourado,NAN,cvp,ROUBO A PESSOA C/ CONSTRANGIMENTO DA LIBERDADE,,,Quinta-feira,False,True,,,,ROUBO A PESSOA C/ CONSTRANGIMENTO DA LIBERDADE,AIS 06,CAPITAL OESTE
2.0,AIS 22,,,PASSARÉ,Fortaleza,,Sim,2026-04-09,,,,14:48:57,77265.0,4410096.0,,-3.8038236657,-38.5365360608,Rua das Aroeiras,NAN,cvp,ROUBO A PESSOA,,,Quinta-feira,False,True,,,,ROUBO A PESSOA,AIS 21,CAPITAL LESTE
2.0,AIS 22,,,PASSARÉ,Fortaleza,,Sim,2026-04-09,,,,14:48:57,77436.0,4410096.0,,-3.8038236657,-38.5365360608,Rua das Aroeiras,NAN,cvp,ROUBO A PESSOA,,,Quinta-feira,False,True,,,,ROUBO A PESSOA,AIS 21,CAPITAL LESTE
2.0,AIS 17,,,CONJUNTO CEARA I,Caucaia,,Sim,2026-04-09,,,,14:40:23,77264.0,4410095.0,,-3.7718744721,-38.6547488339,Rua 339,NAN,cvp,ROUBO A ESTABELECIMENTO COMERCIAL,,,Quinta-feira,False,True,,,,ROUBO A ESTABELECIMENTO COMERCIAL,AIS 17,CAPITAL OESTE
2.0,AIS 17,,,CONJUNTO CEARA I,Caucaia,,Sim,2026-04-09,,,,14:40:23,77445.0,4410095.0,,-3.7718744721,-38.6547488339,Rua 339,NAN,cvp,ROUBO A ESTABELECIMENTO COMERCIAL,,,Quinta-feira,False,True,,,,ROUBO A ESTABELECIMENTO COMERCIAL,AIS 17,CAPITAL OESTE
2.0,AIS 20,,,MANOEL SÁTIRO,Fortaleza,,Sim,2026-04-09,,,,14:34:06,77263.0,4410094.0,,-3.8066098855,-38.5847364038,Rua Joaquim Alfredo,NAN,cvp,ROUBO A RESIDÊNCIA,,,Quinta-feira,False,True,,,,ROUBO A RESIDÊNCIA,AIS 17,CAPITAL OESTE
2.0,AIS 20,,,MANOEL SÁTIRO,Fortaleza,,Sim,2026-04-09,,,,14:34:06,77439.0,4410094.0,,-3.8066098855,-38.5847364038,Rua Joaquim Alfredo,NAN,cvp,ROUBO A RESIDÊNCIA,,,Quinta-feira,False,True,,,,ROUBO A RESIDÊNCIA,AIS 17,CAPITAL OESTE
2.0,AIS 12,,,,Caucaia,,Sim,2026-04-09,,,,14:31:51,77262.0,4410093.0,,-3.7308748641,-38.7623381183,BR-222,NAN,cvp,ROUBO A PESSOA,,,Quinta-feira,False,True,,,,ROUBO A PESSOA,AIS 12,RMF OESTE
2.0,AIS 12,,,,Caucaia,,Sim,2026-04-09,,,,14:31:51,77441.0,4410093.0,,-3.7308748641,-38.7623381183,BR-222,NAN,cvp,ROUBO A PESSOA,,,Quinta-feira,False,True,,,,ROUBO A PESSOA,AIS 12,RMF OESTE
2.0,AIS 06,,,JÓQUEI CLUBE,Fortaleza,,Sim,2026-04-09,,,,07:58:33,77261.0,4410090.0,,-3.7682634536,-38.5772472244,Rua Goiânia,NAN,cvp,ROUBO A PESSOA,,,Quinta-feira,False,True,,,,ROUBO A PESSOA,AIS 05,CAPITAL OESTE
2.0,AIS 06,,,JÓQUEI CLUBE,Fortaleza,,Sim,2026-04-09,,,,07:58:33,77435.0,4410090.0,,-3.7682634536,-38.5772472244,Rua Goiânia,NAN,cvp,ROUBO A PESSOA,,,Quinta-feira,False,True,,,,ROUBO A PESSOA,AIS 05,CAPITAL OESTE
2.0,AIS 25,,,ITAITINGA,Itaitinga,,Sim,2026-04-09,,,,01:02:54,77260.0,4410087.0,,-3.9734449558,-38.5406830054,Rua João Florindo Rodrigues,NAN,cvp,ROUBO A PESSOA,,,Quinta-feira,False,True,,,,ROUBO A PESSOA,AIS 25,RMF LESTE
2.0,AIS 25,,,ITAITINGA,Itaitinga,,Sim,2026-04-09,,,,01:02:54,77446.0,4410087.0,,-3.9734449558,-38.5406830054,Rua João Florindo Rodrigues,NAN,cvp,ROUBO A PESSOA,,,Quinta-feira,False,True,,,,ROUBO A PESSOA,AIS 25,RMF LESTE
2.0,AIS 16,,,MESSEJANA,Fortaleza,,Sim,2026-04-08,,,,22:55:42,77259.0,4410084.0,,-3.8309981607,-38.4886801418,Rua Antônio Barros,NAN,cvp,ROUBO A PESSOA,,,Quarta-feira,False,True,,,,ROUBO A PESSOA,AIS 16,CAPITAL LESTE
2.0,AIS 16,,,MESSEJANA,Fortaleza,,Sim,2026-04-08,,,,22:55:42,77421.0,4410084.0,,-3.8309981607,-38.4886801418,Rua Antônio Barros,NAN,cvp,ROUBO A PESSOA,,,Quarta-feira,False,True,,,,ROUBO A PESSOA,AIS 16,CAPITAL LESTE
2.0,AIS 18,,,CENTRO,Fortaleza,,Sim,2026-04-08,,,,22:07:17,77258.0,4410082.0,,-3.7223755973,-38.5378729895,Rua Agapito dos Santos,NAN,cvp,ROUBO A PESSOA,,,Quarta-feira,False,True,,,,ROUBO A PESSOA,AIS 08,CAPITAL OESTE
2.0,AIS 18,,,CENTRO,Fortaleza,,Sim,2026-04-08,,,,22:07:17,77434.0,4410082.0,,-3.7223755973,-38.5378729895,Rua Agapito dos Santos,NAN,cvp,ROUBO A PESSOA,,,Quarta-feira,False,True,,,,ROUBO A PESSOA,AIS 08,CAPITAL OESTE
2.0,AIS 18,,,ÁLVARO WEYNE,Fortaleza,,Sim,2026-04-08,,,,18:02:31,77257.0,4410079.0,,-3.7156612484,-38.5604280313,Avenida Pasteur,NAN,cvp,ROUBO A PESSOA,,,Quarta-feira,False,True,,,,ROUBO A PESSOA,AIS 06,CAPITAL OESTE
2.0,AIS 18,,,ÁLVARO WEYNE,Fortaleza,,Sim,2026-04-08,,,,18:02:31,77433.0,4410079.0,,-3.7156612484,-38.5604280313,Avenida Pasteur,NAN,cvp,ROUBO A PESSOA,,,Quarta-feira,False,True,,,,ROUBO A PESSOA,AIS 06,CAPITAL OESTE
2.0,,,,PATRIOLINO RIBEIRO,Fortaleza,,Sim,2026-04-08,,,,12:44:07,77256.0,4410072.0,,-3.7655242531,-38.4845401198,Rua Alberto Feitosa Lima,NAN,cvp,ROUBO A PESSOA,,,Quarta-feira,False,True,,,,ROUBO A PESSOA,AIS 21,
2.0,,,,PATRIOLINO RIBEIRO,Fortaleza,,Sim,2026-04-08,,,,12:44:07,77430.0,4410072.0,,-3.7655242531,-38.4845401198,Rua Alberto Feitosa Lima,NAN,cvp,ROUBO A PESSOA,,,Quarta-feira,False,True,,,,ROUBO A PESSOA,AIS 21,
2.0,AIS 16,,,JOSÉ DE ALENCAR,Fortaleza,,Sim,2026-04-08,,,,12:31:34,77255.0,4410071.0,,-3.8112961552,-38.4780533609,Avenida Washington Soares,NAN,cvp,ROUBO A COLETIVO,,,Quarta-feira,False,True,,,,ROUBO A COLETIVO,AIS 16,CAPITAL LESTE
2.0,AIS 16,,,JOSÉ DE ALENCAR,Fortaleza,,Sim,2026-04-08,,,,12:31:34,77429.0,4410071.0,,-3.8112961552,-38.4780533609,Avenida Washington Soares,NAN,cvp,ROUBO A COLETIVO,,,Quarta-feira,False,True,,,,ROUBO A COLETIVO,AIS 16,CAPITAL LESTE
2.0,AIS 18,,,CENTRO,Fortaleza,,Sim,2026-04-08,,,,11:47:42,77254.0,4410070.0,,-3.7294090138,-38.5327867647,Rua 24 de Maio,NAN,cvp,ROUBO A PESSOA,,,Quarta-feira,False,True,,,,ROUBO A PESSOA,AIS 21,CAPITAL OESTE
2.0,AIS 18,,,CENTRO,Fortaleza,,Sim,2026-04-08,,,,11:47:42,77428.0,4410070.0,,-3.7294090138,-38.5327867647,Rua 24 de Maio,NAN,cvp,ROUBO A PESSOA,,,Quarta-feira,False,True,,,,ROUBO A PESSOA,AIS 21,CAPITAL OESTE
2.0,AIS 05,,,PARANGABA,Fortaleza,,Sim,2026-04-08,,,,08:08:08,77253.0,4410067.0,,-3.778395567,-38.5650521549,,NAN,cvp,ROUBO A PESSOA,,,Quarta-feira,False,True,,,,ROUBO A PESSOA,AIS 05,CAPITAL OESTE
2.0,AIS 05,,,PARANGABA,Fortaleza,,Sim,2026-04-08,,,,08:08:08,77427.0,4410067.0,,-3.778395567,-38.5650521549,,NAN,cvp,ROUBO A PESSOA,,,Quarta-feira,False,True,,,,ROUBO A PESSOA,AIS 05,CAPITAL OESTE
2.0,AIS 08,,,ALDEOTA,Fortaleza,,Sim,2026-04-08,,,,04:49:19,77252.0,4410065.0,,-3.7343918294,-38.4978513874,Avenida Desembargador Moreira,NAN,cvp,ROUBO A FARMÁCIA,,,Quarta-feira,False,True,,,,ROUBO A FARMÁCIA,AIS 21,CAPITAL LESTE
2.0,AIS 08,,,ALDEOTA,Fortaleza,,Sim,2026-04-08,,,,04:49:19,77426.0,4410065.0,,-3.7343918294,-38.4978513874,Avenida Desembargador Moreira,NAN,cvp,ROUBO A FARMÁCIA,,,Quarta-feira,False,True,,,,ROUBO A FARMÁCIA,AIS 21,CAPITAL LESTE
2.0,AIS 08,,,VICENTE PINZÓN,Fortaleza,,Sim,2026-04-08,,,,01:56:43,77251.0,4410063.0,,-3.7255256801,-38.4629309651,Rua Visconde de Cairu,NAN,cvp,ROUBO A PESSOA,,,Quarta-feira,False,True,,,,ROUBO A PESSOA,AIS 08,CAPITAL LESTE
2.0,AIS 08,,,VICENTE PINZÓN,Fortaleza,,Sim,2026-04-08,,,,01:56:43,77425.0,4410063.0,,-3.7255256801,-38.4629309651,Rua Visconde de Cairu,NAN,cvp,ROUBO A PESSOA,,,Quarta-feira,False,True,,,,ROUBO A PESSOA,AIS 08,CAPITAL LESTE
2.0,AIS 08,,,VICENTE PINZÓN,Fortaleza,,Sim,2026-04-08,,,,01:54:48,77250.0,4410062.0,,-3.7321463881,-38.4624933409,Rua Manoel Rodrigues Monteiro,NAN,cvp,ROUBO A COLETIVO,,,Quarta-feira,False,True,,,,ROUBO A COLETIVO,AIS 08,CAPITAL LESTE
2.0,AIS 08,,,VICENTE PINZÓN,Fortaleza,,Sim,2026-04-08,,,,01:54:48,77424.0,4410062.0,,-3.7321463881,-38.4624933409,Rua Manoel Rodrigues Monteiro,NAN,cvp,ROUBO A COLETIVO,,,Quarta-feira,False,True,,,,ROUBO A COLETIVO,AIS 08,CAPITAL LESTE
2.0,AIS 24,,,CARARU,Aquiraz,,Sim,2026-04-08,,,,17:11:42,77249.0,4410078.0,,-3.8447605686,-38.3926267713,Avenida dos Oceanos,NAN,cvp,ROUBO A PESSOA,,,Quarta-feira,False,True,,,,ROUBO A PESSOA,AIS 24,RMF LESTE
2.0,AIS 24,,,CARARU,Aquiraz,,Sim,2026-04-08,,,,17:11:42,77422.0,4410078.0,,-3.8447605686,-38.3926267713,Avenida dos Oceanos,NAN,cvp,ROUBO A PESSOA,,,Quarta-feira,False,True,,,,ROUBO A PESSOA,AIS 24,RMF LESTE
2.0,AIS 16,,,ANCURI,Itaitinga,,Sim,2026-04-08,,,,15:11:03,77248.0,4410076.0,,-3.8883119355,-38.5184827391,Pedras,NAN,cvp,ROUBO A PESSOA C/ CONSTRANGIMENTO DA LIBERDADE,,,Quarta-feira,False,True,,,,ROUBO A PESSOA C/ CONSTRANGIMENTO DA LIBERDADE,AIS 16,CAPITAL LESTE
2.0,AIS 16,,,ANCURI,Itaitinga,,Sim,2026-04-08,,,,15:11:03,77420.0,4410076.0,,-3.8883119355,-38.5184827391,Pedras,NAN,cvp,ROUBO A PESSOA C/ CONSTRANGIMENTO DA LIBERDADE,,,Quarta-feira,False,True,,,,ROUBO A PESSOA C/ CONSTRANGIMENTO DA LIBERDADE,AIS 16,CAPITAL LESTE
2.0,AIS 18,,,CENTRO,Fortaleza,,Sim,2026-04-08,,,,13:49:48,77247.0,4410075.0,,-3.7257397394,-38.5340505315,Avenida Imperador,NAN,cvp,ROUBO A PESSOA,,,Quarta-feira,False,True,,,,ROUBO A PESSOA,AIS 05,CAPITAL OESTE
2.0,AIS 18,,,CENTRO,Fortaleza,,Sim,2026-04-08,,,,13:49:48,77432.0,4410075.0,,-3.7257397394,-38.5340505315,Avenida Imperador,NAN,cvp,ROUBO A PESSOA,,,Quarta-feira,False,True,,,,ROUBO A PESSOA,AIS 05,CAPITAL OESTE
2.0,AIS 20,,,SANTA CLARA,Eusébio,,Sim,2026-04-08,,,,13:48:22,77246.0,4410074.0,,-3.8943448117,-38.4444592911,Rua Itajaí,NAN,cvp,ROUBO A RESIDÊNCIA,,,Quarta-feira,False,True,,,,ROUBO A RESIDÊNCIA,AIS 20,CAPITAL OESTE
2.0,AIS 20,,,SANTA CLARA,Eusébio,,Sim,2026-04-08,,,,13:48:22,77423.0,4410074.0,,-3.8943448117,-38.4444592911,Rua Itajaí,NAN,cvp,ROUBO A RESIDÊNCIA,,,Quarta-feira,False,True,,,,ROUBO A RESIDÊNCIA,AIS 20,CAPITAL OESTE
2.0,AIS 16,,,MESSEJANA,Fortaleza,,Sim,2026-04-08,,,,13:12:09,77245.0,4410073.0,,-3.8289571879,-38.5001754599,Messejana,NAN,cvp,ROUBO A PESSOA,,,Quarta-feira,False,True,,,,ROUBO A PESSOA,AIS 16,CAPITAL LESTE
2.0,AIS 16,,,MESSEJANA,Fortaleza,,Sim,2026-04-08,,,,13:12:09,77431.0,4410073.0,,-3.8289571879,-38.5001754599,Messejana,NAN,cvp,ROUBO A PESSOA,,,Quarta-feira,False,True,,,,ROUBO A PESSOA,AIS 16,CAPITAL LESTE
2.0,AIS 05,,,MARAPONGA,Fortaleza,,Sim,2026-04-07,,,,14:48:38,77244.0,4410043.0,,-3.7948639169,-38.5700920387,Rua Luxemburgo,NAN,cvp,ROUBO A PESSOA,,,Terça-feira,False,True,,,,ROUBO A PESSOA,AIS 05,CAPITAL OESTE
2.0,AIS 05,,,MARAPONGA,Fortaleza,,Sim,2026-04-07,,,,14:48:38,77416.0,4410043.0,,-3.7948639169,-38.5700920387,Rua Luxemburgo,NAN,cvp,ROUBO A PESSOA,,,Terça-feira,False,True,,,,ROUBO A PESSOA,AIS 05,CAPITAL OESTE
2.0,AIS 16,,,CAJAZEIRAS,Fortaleza,,Sim,2026-04-07,,,,18:02:26,77243.0,4410046.0,,-3.7926307267,-38.5085805667,Rodovia Santos Dumont,NAN,cvp,ROUBO A PESSOA,,,Terça-feira,False,True,,,,ROUBO A PESSOA,AIS 21,CAPITAL LESTE
2.0,AIS 16,,,CAJAZEIRAS,Fortaleza,,Sim,2026-04-07,,,,18:02:26,77417.0,4410046.0,,-3.7926307267,-38.5085805667,Rodovia Santos Dumont,NAN,cvp,ROUBO A PESSOA,,,Terça-feira,False,True,,,,ROUBO A PESSOA,AIS 21,CAPITAL LESTE
2.0,AIS 20,,,PREFEITO JOSÉ WALTER,Fortaleza,,Sim,2026-04-07,,,,19:29:26,77242.0,4410048.0,,-3.8327141165,-38.537691948,Prefeito José Walter,NAN,cvp,ROUBO A PESSOA,,,Terça-feira,False,True,,,,ROUBO A PESSOA,AIS 16,CAPITAL OESTE
2.0,AIS 20,,,PREFEITO JOSÉ WALTER,Fortaleza,,Sim,2026-04-07,,,,19:29:26,77411.0,4410048.0,,-3.8327141165,-38.537691948,Prefeito José Walter,NAN,cvp,ROUBO A PESSOA,,,Terça-feira,False,True,,,,ROUBO A PESSOA,AIS 16,CAPITAL OESTE
2.0,AIS 08,,,ALDEOTA,Fortaleza,,Sim,2026-04-07,,,,19:48:33,77241.0,4410049.0,,-3.7395191024,-38.5031350327,Avenida Padre Antônio Tomás,NAN,cvp,ROUBO A PESSOA,,,Terça-feira,False,True,,,,ROUBO A PESSOA,AIS 21,CAPITAL LESTE
2.0,AIS 08,,,ALDEOTA,Fortaleza,,Sim,2026-04-07,,,,19:48:33,77410.0,4410049.0,,-3.7395191024,-38.5031350327,Avenida Padre Antônio Tomás,NAN,cvp,ROUBO A PESSOA,,,Terça-feira,False,True,,,,ROUBO A PESSOA,AIS 21,CAPITAL LESTE
2.0,AIS 31,,,DEPUTADO IRAPUAN PINHEIRO,Deputado Irapuan Pinheiro,,Sim,2026-04-07,,,,20:18:20,77240.0,4410052.0,,-5.9177008326,-39.2665958373,Rua Cândido Borges da Costa,NAN,cvp,ROUBO A RESIDÊNCIA,,,Terça-feira,False,True,,,,ROUBO A RESIDÊNCIA,AIS 31,SUDESTE
2.0,AIS 31,,,DEPUTADO IRAPUAN PINHEIRO,Deputado Irapuan Pinheiro,,Sim,2026-04-07,,,,20:18:20,77413.0,4410052.0,,-5.9177008326,-39.2665958373,Rua Cândido Borges da Costa,NAN,cvp,ROUBO A RESIDÊNCIA,,,Terça-feira,False,True,,,,ROUBO A RESIDÊNCIA,AIS 31,SUDESTE
2.0,AIS 18,,,PRESIDENTE KENNEDY,Fortaleza,,Sim,2026-04-07,,,,20:58:15,77239.0,4410053.0,,-3.7220703305,-38.5682155706,Rua Francisco Nogueira,NAN,cvp,ROUBO A PESSOA,,,Terça-feira,False,True,,,,ROUBO A PESSOA,AIS 06,CAPITAL OESTE
2.0,AIS 18,,,PRESIDENTE KENNEDY,Fortaleza,,Sim,2026-04-07,,,,20:58:15,77412.0,4410053.0,,-3.7220703305,-38.5682155706,Rua Francisco Nogueira,NAN,cvp,ROUBO A PESSOA,,,Terça-feira,False,True,,,,ROUBO A PESSOA,AIS 06,CAPITAL OESTE
2.0,AIS 18,,,JARDIM IRACEMA,Fortaleza,,Sim,2026-04-07,,,,23:01:45,77238.0,4410058.0,,-3.7283850628,-38.5829290829,Rua Eretides de Alencar,NAN,cvp,ROUBO A PESSOA,,,Terça-feira,False,True,,,,ROUBO A PESSOA,AIS 06,CAPITAL OESTE
2.0,AIS 18,,,JARDIM IRACEMA,Fortaleza,,Sim,2026-04-07,,,,23:01:45,77407.0,4410058.0,,-3.7283850628,-38.5829290829,Rua Eretides de Alencar,NAN,cvp,ROUBO A PESSOA,,,Terça-feira,False,True,,,,ROUBO A PESSOA,AIS 06,CAPITAL OESTE
2.0,AIS 18,,,CENTRO,Fortaleza,,Sim,2026-04-07,,,,09:43:41,77237.0,4410040.0,,-3.7316469986,-38.5319949073,Rua General Sampaio,NAN,cvp,ROUBO A PESSOA,,,Terça-feira,False,True,,,,ROUBO A PESSOA,AIS 21,CAPITAL OESTE
2.0,AIS 18,,,CENTRO,Fortaleza,,Sim,2026-04-07,,,,09:43:41,77415.0,4410040.0,,-3.7316469986,-38.5319949073,Rua General Sampaio,NAN,cvp,ROUBO A PESSOA,,,Terça-feira,False,True,,,,ROUBO A PESSOA,AIS 21,CAPITAL OESTE
2.0,AIS 06,,,PARQUELÂNDIA,Fortaleza,,Sim,2026-04-07,,,,08:04:06,77236.0,4410038.0,,-3.7400695445,-38.5599582499,Rua Pedro de Queirós,NAN,cvp,ROUBO A PESSOA,,,Terça-feira,False,True,,,,ROUBO A PESSOA,AIS 05,CAPITAL OESTE
2.0,AIS 06,,,PARQUELÂNDIA,Fortaleza,,Sim,2026-04-07,,,,08:04:06,77414.0,4410038.0,,-3.7400695445,-38.5599582499,Rua Pedro de Queirós,NAN,cvp,ROUBO A PESSOA,,,Terça-feira,False,True,,,,ROUBO A PESSOA,AIS 05,CAPITAL OESTE
2.0,AIS 18,,,CENTRO,Fortaleza,,Sim,2026-04-07,,,,21:18:51,77235.0,4410055.0,,-3.7356269478,-38.5260650521,Rua Antônio Pompeu,NAN,cvp,ROUBO A PESSOA,,,Terça-feira,False,True,,,,ROUBO A PESSOA,AIS 21,CAPITAL OESTE
2.0,AIS 18,,,CENTRO,Fortaleza,,Sim,2026-04-07,,,,21:18:51,77408.0,4410055.0,,-3.7356269478,-38.5260650521,Rua Antônio Pompeu,NAN,cvp,ROUBO A PESSOA,,,Terça-feira,False,True,,,,ROUBO A PESSOA,AIS 21,CAPITAL OESTE
2.0,AIS 08,,,VARJOTA,Fortaleza,,Sim,2026-04-07,,,,05:59:17,77234.0,4410034.0,,-3.734508588,-38.4844074468,Avenida Almirante Henrique Sabóia,NAN,cvp,ROUBO A PESSOA,,,Terça-feira,False,True,,,,ROUBO A PESSOA,AIS 21,CAPITAL LESTE
2.0,AIS 08,,,VARJOTA,Fortaleza,,Sim,2026-04-07,,,,05:59:17,77419.0,4410034.0,,-3.734508588,-38.4844074468,Avenida Almirante Henrique Sabóia,NAN,cvp,ROUBO A PESSOA,,,Terça-feira,False,True,,,,ROUBO A PESSOA,AIS 21,CAPITAL LESTE
2.0,AIS 08,,,VICENTE PINZÓN,Fortaleza,,Sim,2026-04-07,,,,02:38:28,77233.0,4410033.0,,-3.7258989099,-38.4634732157,Rua Visconde de Cairu,NAN,cvp,ROUBO A MOTEL,,,Terça-feira,False,True,,,,ROUBO A MOTEL,AIS 08,CAPITAL LESTE
2.0,AIS 08,,,VICENTE PINZÓN,Fortaleza,,Sim,2026-04-07,,,,02:38:28,77418.0,4410033.0,,-3.7258989099,-38.4634732157,Rua Visconde de Cairu,NAN,cvp,ROUBO A MOTEL,,,Terça-feira,False,True,,,,ROUBO A MOTEL,AIS 08,CAPITAL LESTE
2.0,AIS 07,,,,Crateús,,Sim,2026-04-07,,,,07:04:50,77232.0,4410035.0,,-5.1762262896,-40.6646682759,Rua Francisco Sá,NAN,cvp,ROUBO A PESSOA,,,Terça-feira,False,True,,,,ROUBO A PESSOA,AIS 07,NORTE
2.0,AIS 07,,,,Crateús,,Sim,2026-04-07,,,,07:04:50,77409.0,4410035.0,,-5.1762262896,-40.6646682759,Rua Francisco Sá,NAN,cvp,ROUBO A PESSOA,,,Terça-feira,False,True,,,,ROUBO A PESSOA,AIS 07,NORTE
2.0,AIS 05,,,MONTESE,Fortaleza,,Sim,2026-02-19,,,,12:21:28,74810,4390795.0,,-3.7643831711,-38.5429787577,,,cvp,ROUBO A PESSOA,,,,,,,,,,,CAPITAL OESTE
2.0,AIS 12,,,,Caucaia,,Sim,2026-02-19,,,,19:47:14,74811,4390460.0,,-3.7333613591,-38.6552907795,,,cvp,ROUBO A PESSOA,,,,,,,,,,AIS 12,RMF OESTE
2.0,AIS 19,,,JOAQUIM TÁVORA,Fortaleza,,Sim,2026-02-19,,,,06:21:23,74812,4390792.0,,-3.7452071411,-38.5111434081,,,cvp,ROUBO A PESSOA,,,,,,,,,,,CAPITAL LESTE
2.0,AIS 19,,,CIDADE 2000,Fortaleza,,Sim,2026-02-19,,,,07:51:57,74813,4390793.0,,-3.7524855384,-38.4742402868,,,cvp,ROUBO A PESSOA,,,,,,,,,,,CAPITAL LESTE
2.0,AIS 08,,,PRAIA DE IRACEMA,Fortaleza,,Sim,2026-02-19,,,,15:05:33,74814,4390796.0,,-3.723555294,-38.514755437,,,cvp,ROUBO A FARMÁCIA,,,,,,,,,,,CAPITAL LESTE
2.0,AIS 18,,,PRESIDENTE KENNEDY,Fortaleza,,Sim,2026-02-19,,,,18:44:01,74815,4390798.0,,-3.7236070262,-38.5688241259,,,cvp,ROUBO A PESSOA,,,,,,,,,,,CAPITAL OESTE
2.0,AIS 05,,,DAMAS,Fortaleza,,Sim,2026-02-19,,,,22:01:45,74816,4390801.0,,-3.7560772186,-38.5480720131,,,cvp,ROUBO APLICATIVO DE ENTREGAS,,,,,,,,,,,CAPITAL OESTE
2.0,AIS 08,,,VARJOTA,Fortaleza,,Sim,2026-02-19,,,,22:19:01,74817,4390802.0,,-3.7392513632,-38.4878361067,,,cvp,ROUBO A PESSOA,,,,,,,,,,,CAPITAL LESTE
2.0,AIS 12,,,,Caucaia,,Sim,2026-02-19,,,,21:10:20,74818,4390461.0,,-3.7300681646,-38.7032925808,,,cvp,ROUBO A PESSOA,,,,,,,,,,AIS 12,RMF OESTE
2.0,AIS 27,,,,Jijoca de Jericoacoara,,Sim,2026-02-20,,,,23:35:45,74819,4390954.0,,-2.7956361105,-40.5175815585,,,cvp,ROUBO A PESSOA,,,,,,,,,,AIS 27,NORTE
2.0,AIS 06,,,RODOLFO TEÓFILO,Fortaleza,,Sim,2026-02-20,,,,21:57:44,74820,4390818.0,,-3.7505209073,-38.5509640548,,,cvp,ROUBO A PESSOA,,,,,,,,,,,CAPITAL OESTE
2.0,AIS 08,,,ALDEOTA,Fortaleza,,Sim,2026-02-20,,,,13:42:52,74821,4390812.0,,-3.7413130252,-38.5083872779,,,cvp,ROUBO A PESSOA,,,,,,,,,,,CAPITAL LESTE
2.0,AIS 18,,,CENTRO,Fortaleza,,Sim,2026-02-20,,,,13:10:34,74822,4390811.0,,-3.727284027,-38.5307078262,,,cvp,ROUBO A PESSOA,,,,,,,,,,,CAPITAL OESTE
2.0,AIS 17,,,CANINDEZINHO,Fortaleza,,Sim,2026-02-20,,,,15:10:48,74823,4390813.0,,-3.7999676846,-38.5970219502,,,cvp,ROUBO A ESTABELECIMENTO COMERCIAL,,,,,,,,,,,CAPITAL OESTE
2.0,AIS 06,,,RODOLFO TEÓFILO,Fortaleza,,Sim,2026-02-20,,,,12:38:38,74824,4390810.0,,-3.7506612287,-38.5559252776,,,cvp,ROUBO A PESSOA,,,,,,,,,,,CAPITAL OESTE
2.0,AIS 16,,,PAUPINA,Fortaleza,,Sim,2026-02-20,,,,11:10:57,74825,4390809.0,,-3.8789074333,-38.5003738141,,,cvp,ROUBO A COLETIVO,,,,,,,,,,,CAPITAL LESTE
2.0,AIS 20,,,JARDIM CEARENSE,Fortaleza,,Sim,2026-02-20,,,,09:19:27,74826,4390807.0,,-3.7965520189,-38.5691766318,,,cvp,ROUBO A PESSOA,,,,,,,,,,,CAPITAL OESTE
2.0,AIS 12,,,,Caucaia,,Sim,2026-02-20,,,,06:00:25,74827,4390462.0,,-3.7119724047,-38.6619463987,,,cvp,ROUBO A PESSOA,,,,,,,,,,AIS 12,RMF OESTE
2.0,AIS 05,,,JOSÉ BONIFÁCIO,Fortaleza,,Sim,2026-02-20,,,,19:21:31,74828,4390816.0,,-3.7392853553,-38.5291636774,,,cvp,ROUBO A PESSOA,,,,,,,,,,,CAPITAL OESTE
2.0,AIS 06,,,RODOLFO TEÓFILO,Fortaleza,,Sim,2026-02-20,,,,21:45:24,74829,4390817.0,,-3.7484571166,-38.5496009382,,,cvp,ROUBO A PESSOA,,,,,,,,,,,CAPITAL OESTE
2.0,AIS 25,,,,Itaitinga,,Sim,2026-02-20,,,,02:16:51,74830,4390892.0,,-3.9245385051,-38.5152377947,,,cvp,ROUBO A PESSOA,,,,,,,,,,AIS 25,RMF LESTE
2.0,AIS 14,,,,Maracanaú,,Sim,2026-02-21,,,,07:42:22,74831,4390905.0,,-3.874939912,-38.5913951935,,,cvp,ROUBO A PESSOA,,,,,,,,,,AIS 14,RMF LESTE
2.0,AIS 14,,,,Maracanaú,,Sim,2026-02-21,,,,11:15:14,74832,4390906.0,,-3.8569736568,-38.5796959754,,,cvp,ROUBO A PESSOA,,,,,,,,,,AIS 14,RMF LESTE
2.0,AIS 06,,,PARQUELÂNDIA,Fortaleza,,Sim,2026-02-21,,,,10:35:39,74833,4390829.0,,-3.7352831843,-38.5580767781,,,cvp,ROUBO A PESSOA,,,,,,,,,,,CAPITAL OESTE
2.0,AIS 08,,,ALDEOTA,Fortaleza,,Sim,2026-02-21,,,,20:52:19,74834,4390834.0,,-3.7368063096,-38.5039456973,,,cvp,ROUBO A CONDOMÍNIO,,,,,,,,,,,CAPITAL LESTE
2.0,AIS 18,,,PRESIDENTE KENNEDY,Fortaleza,,Sim,2026-02-21,,,,09:25:50,74835,4390828.0,,-3.7222446626,-38.5667510337,,,cvp,ROUBO A PESSOA,,,,,,,,,,,CAPITAL OESTE
2.0,AIS 05,,,JARDIM GUANABARA,Fortaleza,,Sim,2026-02-21,,,,08:53:55,74836,4390827.0,,-3.7266816565,-38.5855917994,,,cvp,ROUBO A PESSOA,,,,,,,,,,,CAPITAL OESTE
2.0,AIS 06,,,PARQUELÂNDIA,Fortaleza,,Sim,2026-02-21,,,,20:27:12,74837,4390833.0,,-3.7401715397,-38.5645541756,,,cvp,ROUBO A PESSOA,,,,,,,,,,,CAPITAL OESTE
2.0,AIS 05,,,PANAMERICANO,Fortaleza,,Sim,2026-02-21,,,,19:17:13,74838,4390832.0,,-3.7523005283,-38.5677124111,,,cvp,ROUBO A PESSOA,,,,,,,,,,,CAPITAL OESTE
2.0,,,,GENTILÂNDIA,Fortaleza,,Sim,2026-02-21,,,,02:17:08,74839,4390821.0,,-3.744376652,-38.538216486,,,cvp,ROUBO A PESSOA,,,,,,,,,,,
2.0,AIS 08,,,ALDEOTA,Fortaleza,,Sim,2026-02-21,,,,05:27:39,74840,4390823.0,,-3.7415355521,-38.4986388149,,,cvp,ROUBO A PESSOA,,,,,,,,,,,CAPITAL LESTE
2.0,AIS 16,,,CONJUNTO PALMEIRAS,Fortaleza,,Sim,2026-02-21,,,,00:09:56,74841,4390820.0,,-3.8459759751,-38.5303851462,,,cvp,ROUBO A RESIDÊNCIA,,,,,,,,,,,CAPITAL LESTE
2.0,AIS 08,,,MEIRELES,Fortaleza,,Sim,2026-02-21,,,,03:21:41,74842,4390822.0,,-3.7237008145,-38.5089882688,,,cvp,ROUBO A PESSOA,,,,,,,,,,,CAPITAL LESTE
2.0,AIS 08,,,PRAIA DE IRACEMA,Fortaleza,,Sim,2026-02-21,,,,08:24:19,74843,4390825.0,,-3.7178095311,-38.5165785419,,,cvp,ROUBO A PESSOA,,,,,,,,,,,CAPITAL LESTE
2.0,AIS 27,,,,Granja,,Sim,2026-02-21,,,,14:39:21,74844,4390945.0,,-3.1180831728,-40.8300273917,,,cvp,ROUBO A PESSOA,,,,,,,,,,AIS 27,NORTE
2.0,AIS 12,,,,Caucaia,,Sim,2026-02-21,,,,16:20:15,74845,4390464.0,,-3.7064793455,-38.7491097194,,,cvp,ROUBO A PESSOA,,,,,,,,,,AIS 12,RMF OESTE
2.0,AIS 11,,,,Frecheirinha,,Sim,2026-02-22,,,,08:48:59,74846,4390943.0,,-3.7370742149,-38.5189164642,,,cvp,ROUBO A PESSOA,,,,,,,,,,AIS 11,NORDESTE
2.0,AIS 27,,,,Camocim,,Sim,2026-02-22,,,,20:51:49,74847,4390940.0,,-2.8970487195,-40.8437669281,,,cvp,ROUBO A PESSOA,,,,,,,,,,AIS 27,NORTE
2.0,AIS 14,,,,Maracanaú,,Sim,2026-02-22,,,,00:52:04,74848,4390908.0,,-3.8383145199,-38.6077021939,,,cvp,ROUBO A PESSOA,,,,,,,,,,AIS 14,RMF LESTE
2.0,AIS 05,,,DEMÓCRITO ROCHA,Fortaleza,,Sim,2026-02-22,,,,04:21:20,74849,4390836.0,,-3.7594489266,-38.5713555901,,,cvp,ROUBO A PESSOA,,,,,,,,,,,CAPITAL OESTE
2.0,AIS 05,,,JARDIM AMÉRICA,Fortaleza,,Sim,2026-02-22,,,,19:26:15,74850,4390843.0,,-3.7527590321,-38.54552404,,,cvp,ROUBO A PESSOA,,,,,,,,,,,CAPITAL OESTE
2.0,AIS 16,,,CONJUNTO PALMEIRAS,Fortaleza,,Sim,2026-02-22,,,,18:42:33,74851,4390842.0,,-3.8535464044,-38.5226951576,,,cvp,ROUBO A PESSOA,,,,,,,,,,,CAPITAL LESTE
2.0,AIS 18,,,SÃO GERARDO,Fortaleza,,Sim,2026-02-22,,,,21:08:14,74852,4390845.0,,-3.7349539217,-38.5641035026,,,cvp,ROUBO A FARMÁCIA,,,,,,,,,,,CAPITAL OESTE
2.0,AIS 19,,,MANUEL DIAS BRANCO,Fortaleza,,Sim,2026-02-22,,,,12:19:28,74853,4390838.0,,-3.7484271098,-38.4671365606,,,cvp,ROUBO A PESSOA,,,,,,,,,,,CAPITAL LESTE
2.0,AIS 18,,,CENTRO,Fortaleza,,Sim,2026-02-22,,,,15:43:26,74854,4390840.0,,-3.7359193315,-38.5219007765,,,cvp,ROUBO A PESSOA,,,,,,,,,,,CAPITAL OESTE
2.0,AIS 05,,,MARAPONGA,Fortaleza,,Sim,2026-02-22,,,,18:21:09,74855,4390841.0,,-3.7902847561,-38.5637599797,,,cvp,ROUBO A PESSOA,,,,,,,,,,,CAPITAL OESTE
2.0,AIS 18,,,MONTE CASTELO,Fortaleza,,Sim,2026-02-22,,,,19:28:37,74856,4390844.0,,-3.7245682378,-38.5555850301,,,cvp,ROUBO A PESSOA,,,,,,,,,,,CAPITAL OESTE
2.0,AIS 19,,,DIONÍSIO TORRES,Fortaleza,,Sim,2026-02-23,,,,07:19:58,74857,4390853.0,,-3.751376977,-38.5046736128,,,cvp,ROUBO A PESSOA,,,,,,,,,,,CAPITAL LESTE
2.0,AIS 16,,,CAJAZEIRAS,Fortaleza,,Sim,2026-02-23,,,,05:47:23,74858,4390852.0,,-3.8057849585,-38.5078742474,,,cvp,ROUBO A PESSOA,,,,,,,,,,,CAPITAL LESTE
2.0,AIS 18,,,CENTRO,Fortaleza,,Sim,2026-02-23,,,,21:20:01,74859,4390865.0,,-3.7283577752,-38.5220041942,,,cvp,ROUBO A PESSOA,,,,,,,,,,,CAPITAL OESTE
2.0,AIS 21,,,EDSON QUEIROZ,Fortaleza,,Sim,2026-02-23,,,,18:58:56,74860,4390858.0,,-3.7698297523,-38.4816082893,,,cvp,ROUBO A PESSOA,,,,,,,,,,,CAPITAL OESTE
2.0,,,,CIRSTO REDENTOR,Fortaleza,,Sim,2026-02-23,,,,18:20:32,74861,4390857.0,,-3.7080566827,-38.5627379356,,,cvp,ROUBO A PESSOA,,,,,,,,,,,
2.0,AIS 06,,,ANTÔNIO BEZERRA,Fortaleza,,Sim,2026-02-23,,,,14:10:01,74862,4390856.0,,-3.7397267687,-38.5930247311,,,cvp,ROUBO A PESSOA,,,,,,,,,,,CAPITAL OESTE
2.0,AIS 05,,,PARANGABA,Fortaleza,,Sim,2026-02-23,,,,12:04:06,74863,4390854.0,,-3.7805971747,-38.5581158443,,,cvp,ROUBO A COLETIVO,,,,,,,,,,,CAPITAL OESTE
2.0,AIS 05,,,COUTO FERNANDES,Fortaleza,,Sim,2026-02-23,,,,05:31:27,74864,4390851.0,,-3.7618093998,-38.5601589215,,,cvp,ROUBO A PESSOA,,,,,,,,,,,CAPITAL OESTE
2.0,AIS 18,,,MONTE CASTELO,Fortaleza,,Sim,2026-02-23,,,,20:27:09,74865,4390863.0,,-3.724483391,-38.5525783602,,,cvp,ROUBO A COLETIVO,,,,,,,,,,,CAPITAL OESTE
2.0,AIS 18,,,CENTRO,Fortaleza,,Sim,2026-02-23,,,,20:22:02,74866,4390862.0,,-3.7278588614,-38.5285364163,,,cvp,ROUBO A PESSOA,,,,,,,,,,,CAPITAL OESTE
2.0,AIS 12,,,,Caucaia,,Sim,2026-02-23,,,,09:47:56,74867,4390469.0,,-3.7651011383,-38.6533193874,,,cvp,ROUBO A PESSOA,,,,,,,,,,AIS 12,RMF OESTE
2.0,AIS 12,,,,Caucaia,,Sim,2026-02-23,,,,15:57:22,74868,4390470.0,,-3.7619899026,-38.6238108045,,,cvp,ROUBO A PESSOA,,,,,,,,,,AIS 12,RMF OESTE
2.0,AIS 23,,,,São Gonçalo do Amarante,,Sim,2026-02-23,,,,16:34:21,74869,4390923.0,,-3.5261117198,-38.910097403,,,cvp,ROUBO A PESSOA,,,,,,,,,,AIS 23,RMF OESTE
2.0,AIS 15,,,,Pacatuba,,Sim,2026-02-23,,,,08:37:45,74870,4390920.0,,-3.8879196894,-38.6131689871,,,cvp,ROUBO A PESSOA,,,,,,,,,,AIS 15,RMF LESTE
2.0,AIS 29,,,,Aracati,,Sim,2026-02-24,,,,21:26:52,74871,4390933.0,,-4.566035169,-37.7710538147,,,cvp,ROUBO A PESSOA,,,,,,,,,,AIS 29,NORDESTE
2.0,AIS 34,,,,Icó,,Sim,2026-02-24,,,,22:46:42,74872,4390950.0,,-6.4050453018,-38.9521395371,,,cvp,ROUBO A RESTAURANTE/BAR/LANCHONETE,,,,,,,,,,AIS 34,SUL
2.0,AIS 18,,,FARIAS BRITO,Fortaleza,,Sim,2026-02-24,,,,14:36:14,74873,4390877.0,,-3.7359468123,-38.5387210615,,,cvp,ROUBO A PESSOA,,,,,,,,,,,CAPITAL OESTE
2.0,AIS 19,,,JOAQUIM TÁVORA,Fortaleza,,Sim,2026-02-24,,,,02:22:50,74874,4390870.0,,-3.7409747973,-38.5158870526,,,cvp,ROUBO A PESSOA,,,,,,,,,,,CAPITAL LESTE
2.0,AIS 17,,,CANINDEZINHO,Fortaleza,,Sim,2026-02-24,,,,01:56:02,74875,4390869.0,,-3.8196104868,-38.6055643006,,,cvp,ROUBO A PESSOA,,,,,,,,,,,CAPITAL OESTE
2.0,AIS 08,,,MEIRELES,Fortaleza,,Sim,2026-02-24,,,,06:15:45,74876,4390872.0,,-3.7271162958,-38.5117952311,,,cvp,ROUBO A PESSOA,,,,,,,,,,,CAPITAL LESTE
2.0,AIS 05,,,PARANGABA,Fortaleza,,Sim,2026-02-24,,,,08:31:04,74877,4390873.0,,-3.7868783981,-38.5714881343,,,cvp,ROUBO A PESSOA,,,,,,,,,,,CAPITAL OESTE
2.0,AIS 05,,,BENFICA,Fortaleza,,Sim,2026-02-24,,,,13:21:11,74878,4390875.0,,-3.7349924166,-38.5344938594,,,cvp,ROUBO A PESSOA,,,,,,,,,,,CAPITAL OESTE
2.0,AIS 05,,,BENFICA,Fortaleza,,Sim,2026-02-24,,,,14:04:26,74879,4390876.0,,-3.7381578077,-38.536833527,,,cvp,ROUBO A ESTABELECIMENTO COMERCIAL,,,,,,,,,,,CAPITAL OESTE
2.0,AIS 05,,,MONTESE,Fortaleza,,Sim,2026-02-24,,,,17:27:17,74880,4390880.0,,-3.7609435017,-38.5494737725,,,cvp,ROUBO A PESSOA,,,,,,,,,,,CAPITAL OESTE
2.0,AIS 18,,,CENTRO,Fortaleza,,Sim,2026-02-24,,,,03:49:06,74881,4390871.0,,-3.7356269478,-38.5260650521,,,cvp,ROUBO A PESSOA,,,,,,,,,,,CAPITAL OESTE
2.0,AIS 08,,,ALDEOTA,Fortaleza,,Sim,2026-02-24,,,,00:03:49,74882,4390866.0,,-3.7316716398,-38.5126406652,,,cvp,ROUBO A FARMÁCIA,,,,,,,,,,,CAPITAL LESTE
2.0,AIS 19,,,MANUEL DIAS BRANCO,Fortaleza,,Sim,2026-02-24,,,,01:12:16,74883,4390867.0,,-3.7484089205,-38.4649101432,,,cvp,ROUBO A PESSOA,,,,,,,,,,,CAPITAL LESTE
2.0,AIS 05,,,PANAMERICANO,Fortaleza,,Sim,2026-02-24,,,,01:46:37,74884,4390868.0,,-3.7560931195,-38.5641782381,,,cvp,ROUBO A ESTABELECIMENTO DE ENSINO,,,,,,,,,,,CAPITAL OESTE
2.0,AIS 07,,,,Novo Oriente,,Sim,2026-02-24,,,,21:28:57,74885,4390958.0,,-5.53842638,-40.7720740922,,,cvp,ROUBO A PESSOA,,,,,,,,,,AIS 07,NORTE
2.0,AIS 24,,,,Eusébio,,Sim,2026-02-24,,,,16:04:47,74886,4390478.0,,-3.8822559349,-38.4541688582,,,cvp,ROUBO A PESSOA,,,,,,,,,,AIS 24,RMF LESTE
2.0,AIS 05,,,MARAPONGA,Fortaleza,,Sim,2026-02-25,,,,07:26:43,74887,4390888.0,,-3.7954237963,-38.5687877665,,,cvp,ROUBO A PESSOA,,,,,,,,,,,CAPITAL OESTE
2.0,AIS 05,,,PARANGABA,Fortaleza,,Sim,2026-02-25,,,,07:06:53,74888,4390887.0,,-3.7854305872,-38.5720708148,,,cvp,ROUBO A PESSOA,,,,,,,,,,,CAPITAL OESTE
2.0,AIS 05,,,ITAOCA,Fortaleza,,Sim,2026-02-25,,,,05:53:50,74889,4390886.0,,-3.7703588539,-38.5520326228,,,cvp,ROUBO A PESSOA,,,,,,,,,,,CAPITAL OESTE
2.0,AIS 20,,,PARQUE SANTA ROSA,Fortaleza,,Sim,2026-02-25,,,,04:33:03,74890,4390885.0,,-3.8182103767,-38.5927130976,,,cvp,ROUBO A PESSOA,,,,,,,,,,,CAPITAL OESTE
2.0,AIS 08,,,ALDEOTA,Fortaleza,,Sim,2026-02-25,,,,01:32:33,74891,4390884.0,,-3.7370590921,-38.4887359384,,,cvp,ROUBO A PESSOA,,,,,,,,,,,CAPITAL LESTE
2.0,AIS 12,,,,Caucaia,,Sim,2026-02-19,,,,19:47:14,75212,4393225.0,,-3.7333613591,-38.6552907795,,,cvp,ROUBO A PESSOA,,,,,,,,,,AIS 12,RMF OESTE
2.0,AIS 08,,,VARJOTA,Fortaleza,,Sim,2026-02-19,,,,22:19:01,75213,4393574.0,,-3.7392513632,-38.4878361067,,,cvp,ROUBO A PESSOA,,,,,,,,,,,CAPITAL LESTE
2.0,AIS 05,,,DAMAS,Fortaleza,,Sim,2026-02-19,,,,22:01:45,75214,4393573.0,,-3.7560772186,-38.5480720131,,,cvp,ROUBO APLICATIVO DE ENTREGAS,,,,,,,,,,,CAPITAL OESTE
2.0,AIS 19,,,JOAQUIM TÁVORA,Fortaleza,,Sim,2026-02-19,,,,06:21:23,75215,4393564.0,,-3.7452071411,-38.5111434081,,,cvp,ROUBO A PESSOA,,,,,,,,,,,CAPITAL LESTE
2.0,AIS 19,,,CIDADE 2000,Fortaleza,,Sim,2026-02-19,,,,07:51:57,75216,4393565.0,,-3.7524855384,-38.4742402868,,,cvp,ROUBO A PESSOA,,,,,,,,,,,CAPITAL LESTE
2.0,AIS 05,,,MONTESE,Fortaleza,,Sim,2026-02-19,,,,12:21:28,75217,4393567.0,,-3.7643831711,-38.5429787577,,,cvp,ROUBO A PESSOA,,,,,,,,,,,CAPITAL OESTE
2.0,AIS 08,,,PRAIA DE IRACEMA,Fortaleza,,Sim,2026-02-19,,,,15:05:33,75218,4393568.0,,-3.723555294,-38.514755437,,,cvp,ROUBO A FARMÁCIA,,,,,,,,,,,CAPITAL LESTE
2.0,AIS 18,,,PRESIDENTE KENNEDY,Fortaleza,,Sim,2026-02-19,,,,18:44:01,75219,4393570.0,,-3.7236070262,-38.5688241259,,,cvp,ROUBO A PESSOA,,,,,,,,,,,CAPITAL OESTE
2.0,AIS 12,,,,Caucaia,,Sim,2026-02-19,,,,21:10:20,75220,4393226.0,,-3.7300681646,-38.7032925808,,,cvp,ROUBO A PESSOA,,,,,,,,,,AIS 12,RMF OESTE
2.0,AIS 25,,,,Itaitinga,,Sim,2026-02-20,,,,02:16:51,75221,4393694.0,,-3.9245385051,-38.5152377947,,,cvp,ROUBO A PESSOA,,,,,,,,,,AIS 25,RMF LESTE
2.0,AIS 18,,,CENTRO,Fortaleza,,Sim,2026-02-20,,,,13:10:34,75222,4393583.0,,-3.727284027,-38.5307078262,,,cvp,ROUBO A PESSOA,,,,,,,,,,,CAPITAL OESTE
2.0,AIS 08,,,ALDEOTA,Fortaleza,,Sim,2026-02-20,,,,13:42:52,75223,4393584.0,,-3.7413130252,-38.5083872779,,,cvp,ROUBO A PESSOA,,,,,,,,,,,CAPITAL LESTE
2.0,AIS 17,,,CANINDEZINHO,Fortaleza,,Sim,2026-02-20,,,,15:10:48,75224,4393585.0,,-3.7999676846,-38.5970219502,,,cvp,ROUBO A ESTABELECIMENTO COMERCIAL,,,,,,,,,,,CAPITAL OESTE
2.0,AIS 05,,,JOSÉ BONIFÁCIO,Fortaleza,,Sim,2026-02-20,,,,19:21:31,75225,4393588.0,,-3.7392853553,-38.5291636774,,,cvp,ROUBO A PESSOA,,,,,,,,,,,CAPITAL OESTE
2.0,AIS 06,,,RODOLFO TEÓFILO,Fortaleza,,Sim,2026-02-20,,,,21:45:24,75226,4393589.0,,-3.7484571166,-38.5496009382,,,cvp,ROUBO A PESSOA,,,,,,,,,,,CAPITAL OESTE
2.0,AIS 06,,,RODOLFO TEÓFILO,Fortaleza,,Sim,2026-02-20,,,,21:57:44,75227,4393590.0,,-3.7505209073,-38.5509640548,,,cvp,ROUBO A PESSOA,,,,,,,,,,,CAPITAL OESTE
2.0,AIS 12,,,,Caucaia,,Sim,2026-02-20,,,,06:00:25,75228,4393227.0,,-3.7119724047,-38.6619463987,,,cvp,ROUBO A PESSOA,,,,,,,,,,AIS 12,RMF OESTE
2.0,AIS 20,,,JARDIM CEARENSE,Fortaleza,,Sim,2026-02-20,,,,09:19:27,75229,4393579.0,,-3.7965520189,-38.5691766318,,,cvp,ROUBO A PESSOA,,,,,,,,,,,CAPITAL OESTE
2.0,AIS 16,,,PAUPINA,Fortaleza,,Sim,2026-02-20,,,,11:10:57,75230,4393581.0,,-3.8789074333,-38.5003738141,,,cvp,ROUBO A COLETIVO,,,,,,,,,,,CAPITAL LESTE
2.0,AIS 06,,,RODOLFO TEÓFILO,Fortaleza,,Sim,2026-02-20,,,,12:38:38,75231,4393582.0,,-3.7506612287,-38.5559252776,,,cvp,ROUBO A PESSOA,,,,,,,,,,,CAPITAL OESTE
2.0,AIS 27,,,,Jijoca de Jericoacoara,,Sim,2026-02-20,,,,23:35:45,75232,4393763.0,,-2.7956361105,-40.5175815585,,,cvp,ROUBO A PESSOA,,,,,,,,,,AIS 27,NORTE
2.0,AIS 27,,,,Granja,,Sim,2026-02-21,,,,14:39:21,75233,4393754.0,,-3.1180831728,-40.8300273917,,,cvp,ROUBO A PESSOA,,,,,,,,,,AIS 27,NORTE
2.0,AIS 14,,,,Maracanaú,,Sim,2026-02-21,,,,11:15:14,75234,4393708.0,,-3.8569736568,-38.5796959754,,,cvp,ROUBO A PESSOA,,,,,,,,,,AIS 14,RMF LESTE
2.0,AIS 16,,,CONJUNTO PALMEIRAS,Fortaleza,,Sim,2026-02-21,,,,00:09:56,75235,4393592.0,,-3.8459759751,-38.5303851462,,,cvp,ROUBO A RESIDÊNCIA,,,,,,,,,,,CAPITAL LESTE
2.0,,,,GENTILÂNDIA,Fortaleza,,Sim,2026-02-21,,,,02:17:08,75236,4393593.0,,-3.744376652,-38.538216486,,,cvp,ROUBO A PESSOA,,,,,,,,,,,
2.0,AIS 08,,,MEIRELES,Fortaleza,,Sim,2026-02-21,,,,03:21:41,75237,4393594.0,,-3.7237008145,-38.5089882688,,,cvp,ROUBO A PESSOA,,,,,,,,,,,CAPITAL LESTE
2.0,AIS 08,,,ALDEOTA,Fortaleza,,Sim,2026-02-21,,,,05:27:39,75238,4393595.0,,-3.7415355521,-38.4986388149,,,cvp,ROUBO A PESSOA,,,,,,,,,,,CAPITAL LESTE
2.0,AIS 08,,,PRAIA DE IRACEMA,Fortaleza,,Sim,2026-02-21,,,,08:24:19,75239,4393597.0,,-3.7178095311,-38.5165785419,,,cvp,ROUBO A PESSOA,,,,,,,,,,,CAPITAL LESTE
2.0,AIS 05,,,JARDIM GUANABARA,Fortaleza,,Sim,2026-02-21,,,,08:53:55,75240,4393599.0,,-3.7266816565,-38.5855917994,,,cvp,ROUBO A PESSOA,,,,,,,,,,,CAPITAL OESTE
2.0,AIS 18,,,PRESIDENTE KENNEDY,Fortaleza,,Sim,2026-02-21,,,,09:25:50,75241,4393600.0,,-3.7222446626,-38.5667510337,,,cvp,ROUBO A PESSOA,,,,,,,,,,,CAPITAL OESTE
2.0,AIS 06,,,PARQUELÂNDIA,Fortaleza,,Sim,2026-02-21,,,,10:35:39,75242,4393601.0,,-3.7352831843,-38.5580767781,,,cvp,ROUBO A PESSOA,,,,,,,,,,,CAPITAL OESTE
2.0,AIS 05,,,PANAMERICANO,Fortaleza,,Sim,2026-02-21,,,,19:17:13,75243,4393604.0,,-3.7523005283,-38.5677124111,,,cvp,ROUBO A PESSOA,,,,,,,,,,,CAPITAL OESTE
2.0,AIS 06,,,PARQUELÂNDIA,Fortaleza,,Sim,2026-02-21,,,,20:27:12,75244,4393605.0,,-3.7401715397,-38.5645541756,,,cvp,ROUBO A PESSOA,,,,,,,,,,,CAPITAL OESTE
2.0,AIS 08,,,ALDEOTA,Fortaleza,,Sim,2026-02-21,,,,20:52:19,75245,4393606.0,,-3.7368063096,-38.5039456973,,,cvp,ROUBO A CONDOMÍNIO,,,,,,,,,,,CAPITAL LESTE
2.0,AIS 14,,,,Maracanaú,,Sim,2026-02-21,,,,07:42:22,75246,4393707.0,,-3.874939912,-38.5913951935,,,cvp,ROUBO A PESSOA,,,,,,,,,,AIS 14,RMF LESTE
2.0,AIS 12,,,,Caucaia,,Sim,2026-02-21,,,,16:20:15,75247,4393229.0,,-3.7064793455,-38.7491097194,,,cvp,ROUBO A PESSOA,,,,,,,,,,AIS 12,RMF OESTE
2.0,AIS 05,,,JARDIM AMÉRICA,Fortaleza,,Sim,2026-02-22,,,,19:26:15,75248,4393615.0,,-3.7527590321,-38.54552404,,,cvp,ROUBO A PESSOA,,,,,,,,,,,CAPITAL OESTE
2.0,AIS 18,,,MONTE CASTELO,Fortaleza,,Sim,2026-02-22,,,,19:28:37,75249,4393616.0,,-3.7245682378,-38.5555850301,,,cvp,ROUBO A PESSOA,,,,,,,,,,,CAPITAL OESTE
2.0,AIS 18,,,SÃO GERARDO,Fortaleza,,Sim,2026-02-22,,,,21:08:14,75250,4393617.0,,-3.7349539217,-38.5641035026,,,cvp,ROUBO A FARMÁCIA,,,,,,,,,,,CAPITAL OESTE
2.0,AIS 14,,,,Maracanaú,,Sim,2026-02-22,,,,00:52:04,75251,4393710.0,,-3.8383145199,-38.6077021939,,,cvp,ROUBO A PESSOA,,,,,,,,,,AIS 14,RMF LESTE
2.0,AIS 18,,,CENTRO,Fortaleza,,Sim,2026-02-22,,,,15:43:26,75252,4393612.0,,-3.7359193315,-38.5219007765,,,cvp,ROUBO A PESSOA,,,,,,,,,,,CAPITAL OESTE
2.0,AIS 19,,,MANUEL DIAS BRANCO,Fortaleza,,Sim,2026-02-22,,,,12:19:28,75253,4393610.0,,-3.7484271098,-38.4671365606,,,cvp,ROUBO A PESSOA,,,,,,,,,,,CAPITAL LESTE
2.0,AIS 05,,,DEMÓCRITO ROCHA,Fortaleza,,Sim,2026-02-22,,,,04:21:20,75254,4393608.0,,-3.7594489266,-38.5713555901,,,cvp,ROUBO A PESSOA,,,,,,,,,,,CAPITAL OESTE
2.0,AIS 27,,,,Camocim,,Sim,2026-02-22,,,,20:51:49,75255,4393748.0,,-2.8970487195,-40.8437669281,,,cvp,ROUBO A PESSOA,,,,,,,,,,AIS 27,NORTE
2.0,AIS 05,,,MARAPONGA,Fortaleza,,Sim,2026-02-22,,,,18:21:09,75256,4393613.0,,-3.7902847561,-38.5637599797,,,cvp,ROUBO A PESSOA,,,,,,,,,,,CAPITAL OESTE
2.0,AIS 16,,,CONJUNTO PALMEIRAS,Fortaleza,,Sim,2026-02-22,,,,18:42:33,75257,4393614.0,,-3.8535464044,-38.5226951576,,,cvp,ROUBO A PESSOA,,,,,,,,,,,CAPITAL LESTE
2.0,AIS 11,,,,Frecheirinha,,Sim,2026-02-22,,,,08:48:59,75258,4393752.0,,-3.7370742149,-38.5189164642,,,cvp,ROUBO A PESSOA,,,,,,,,,,AIS 11,NORDESTE
2.0,AIS 16,,,CAJAZEIRAS,Fortaleza,,Sim,2026-02-23,,,,05:47:23,75259,4393624.0,,-3.8057849585,-38.5078742474,,,cvp,ROUBO A PESSOA,,,,,,,,,,,CAPITAL LESTE
2.0,AIS 21,,,EDSON QUEIROZ,Fortaleza,,Sim,2026-02-23,,,,18:58:56,75260,4393630.0,,-3.7698297523,-38.4816082893,,,cvp,ROUBO A PESSOA,,,,,,,,,,,CAPITAL OESTE
2.0,AIS 18,,,CENTRO,Fortaleza,,Sim,2026-02-23,,,,20:22:02,75261,4393634.0,,-3.7278588614,-38.5285364163,,,cvp,ROUBO A PESSOA,,,,,,,,,,,CAPITAL OESTE
2.0,AIS 18,,,MONTE CASTELO,Fortaleza,,Sim,2026-02-23,,,,20:27:09,75262,4393635.0,,-3.724483391,-38.5525783602,,,cvp,ROUBO A COLETIVO,,,,,,,,,,,CAPITAL OESTE
2.0,AIS 18,,,CENTRO,Fortaleza,,Sim,2026-02-23,,,,21:20:01,75263,4393637.0,,-3.7283577752,-38.5220041942,,,cvp,ROUBO A PESSOA,,,,,,,,,,,CAPITAL OESTE
2.0,AIS 19,,,DIONÍSIO TORRES,Fortaleza,,Sim,2026-02-23,,,,07:19:58,75264,4393625.0,,-3.751376977,-38.5046736128,,,cvp,ROUBO A PESSOA,,,,,,,,,,,CAPITAL LESTE
2.0,,,,CIRSTO REDENTOR,Fortaleza,,Sim,2026-02-23,,,,18:20:32,75265,4393629.0,,-3.7080566827,-38.5627379356,,,cvp,ROUBO A PESSOA,,,,,,,,,,,
2.0,AIS 05,,,COUTO FERNANDES,Fortaleza,,Sim,2026-02-23,,,,05:31:27,75266,4393623.0,,-3.7618093998,-38.5601589215,,,cvp,ROUBO A PESSOA,,,,,,,,,,,CAPITAL OESTE
2.0,AIS 05,,,PARANGABA,Fortaleza,,Sim,2026-02-23,,,,12:04:06,75267,4393626.0,,-3.7805971747,-38.5581158443,,,cvp,ROUBO A COLETIVO,,,,,,,,,,,CAPITAL OESTE
2.0,AIS 06,,,ANTÔNIO BEZERRA,Fortaleza,,Sim,2026-02-23,,,,14:10:01,75268,4393628.0,,-3.7397267687,-38.5930247311,,,cvp,ROUBO A PESSOA,,,,,,,,,,,CAPITAL OESTE
2.0,AIS 23,,,,São Gonçalo do Amarante,,Sim,2026-02-23,,,,16:34:21,75269,4393731.0,,-3.5261117198,-38.910097403,,,cvp,ROUBO A PESSOA,,,,,,,,,,AIS 23,RMF OESTE
2.0,AIS 12,,,,Caucaia,,Sim,2026-02-23,,,,15:57:22,75270,4393235.0,,-3.7619899026,-38.6238108045,,,cvp,ROUBO A PESSOA,,,,,,,,,,AIS 12,RMF OESTE
2.0,AIS 12,,,,Caucaia,,Sim,2026-02-23,,,,09:47:56,75271,4393234.0,,-3.7651011383,-38.6533193874,,,cvp,ROUBO A PESSOA,,,,,,,,,,AIS 12,RMF OESTE
2.0,AIS 15,,,,Pacatuba,,Sim,2026-02-23,,,,08:37:45,75272,4393727.0,,-3.8879196894,-38.6131689871,,,cvp,ROUBO A PESSOA,,,,,,,,,,AIS 15,RMF LESTE
2.0,AIS 24,,,,Eusébio,,Sim,2026-02-24,,,,16:04:47,75273,4393247.0,,-3.8822559349,-38.4541688582,,,cvp,ROUBO A PESSOA,,,,,,,,,,AIS 24,RMF LESTE
2.0,AIS 29,,,,Aracati,,Sim,2026-02-24,,,,21:26:52,75274,4393741.0,,-4.566035169,-37.7710538147,,,cvp,ROUBO A PESSOA,,,,,,,,,,AIS 29,NORDESTE
2.0,AIS 05,,,PARANGABA,Fortaleza,,Sim,2026-02-24,,,,08:31:04,75275,4393645.0,,-3.7868783981,-38.5714881343,,,cvp,ROUBO A PESSOA,,,,,,,,,,,CAPITAL OESTE
2.0,AIS 34,,,,Icó,,Sim,2026-02-24,,,,22:46:42,75276,4393759.0,,-6.4050453018,-38.9521395371,,,cvp,ROUBO A RESTAURANTE/BAR/LANCHONETE,,,,,,,,,,AIS 34,SUL
2.0,AIS 05,,,PANAMERICANO,Fortaleza,,Sim,2026-02-24,,,,01:46:37,75277,4393640.0,,-3.7560931195,-38.5641782381,,,cvp,ROUBO A ESTABELECIMENTO DE ENSINO,,,,,,,,,,,CAPITAL OESTE
2.0,AIS 19,,,MANUEL DIAS BRANCO,Fortaleza,,Sim,2026-02-24,,,,01:12:16,75278,4393639.0,,-3.7484089205,-38.4649101432,,,cvp,ROUBO A PESSOA,,,,,,,,,,,CAPITAL LESTE
2.0,AIS 05,,,BENFICA,Fortaleza,,Sim,2026-02-24,,,,13:21:11,75279,4393647.0,,-3.7349924166,-38.5344938594,,,cvp,ROUBO A PESSOA,,,,,,,,,,,CAPITAL OESTE
2.0,AIS 05,,,MONTESE,Fortaleza,,Sim,2026-02-24,,,,17:27:17,75280,4393652.0,,-3.7609435017,-38.5494737725,,,cvp,ROUBO A PESSOA,,,,,,,,,,,CAPITAL OESTE
2.0,AIS 08,,,ALDEOTA,Fortaleza,,Sim,2026-02-24,,,,00:03:49,75281,4393638.0,,-3.7316716398,-38.5126406652,,,cvp,ROUBO A FARMÁCIA,,,,,,,,,,,CAPITAL LESTE
2.0,AIS 07,,,,Novo Oriente,,Sim,2026-02-24,,,,21:28:57,75282,4393767.0,,-5.53842638,-40.7720740922,,,cvp,ROUBO A PESSOA,,,,,,,,,,AIS 07,NORTE
2.0,AIS 18,,,FARIAS BRITO,Fortaleza,,Sim,2026-02-24,,,,14:36:14,75283,4393649.0,,-3.7359468123,-38.5387210615,,,cvp,ROUBO A PESSOA,,,,,,,,,,,CAPITAL OESTE
2.0,AIS 05,,,BENFICA,Fortaleza,,Sim,2026-02-24,,,,14:04:26,75284,4393648.0,,-3.7381578077,-38.536833527,,,cvp,ROUBO A ESTABELECIMENTO COMERCIAL,,,,,,,,,,,CAPITAL OESTE
2.0,AIS 08,,,MEIRELES,Fortaleza,,Sim,2026-02-24,,,,06:15:45,75285,4393644.0,,-3.7271162958,-38.5117952311,,,cvp,ROUBO A PESSOA,,,,,,,,,,,CAPITAL LESTE
2.0,AIS 18,,,CENTRO,Fortaleza,,Sim,2026-02-24,,,,03:49:06,75286,4393643.0,,-3.7356269478,-38.5260650521,,,cvp,ROUBO A PESSOA,,,,,,,,,,,CAPITAL OESTE
2.0,AIS 19,,,JOAQUIM TÁVORA,Fortaleza,,Sim,2026-02-24,,,,02:22:50,75287,4393642.0,,-3.7409747973,-38.5158870526,,,cvp,ROUBO A PESSOA,,,,,,,,,,,CAPITAL LESTE
2.0,AIS 17,,,CANINDEZINHO,Fortaleza,,Sim,2026-02-24,,,,01:56:02,75288,4393641.0,,-3.8196104868,-38.6055643006,,,cvp,ROUBO A PESSOA,,,,,,,,,,,CAPITAL OESTE
2.0,AIS 05,,,ITAOCA,Fortaleza,,Sim,2026-02-25,,,,05:53:50,75289,4393658.0,,-3.7703588539,-38.5520326228,,,cvp,ROUBO A PESSOA,,,,,,,,,,,CAPITAL OESTE
2.0,AIS 05,,,PARANGABA,Fortaleza,,Sim,2026-02-25,,,,07:06:53,75290,4393659.0,,-3.7854305872,-38.5720708148,,,cvp,ROUBO A PESSOA,,,,,,,,,,,CAPITAL OESTE
2.0,AIS 05,,,MARAPONGA,Fortaleza,,Sim,2026-02-25,,,,07:26:43,75291,4393660.0,,-3.7954237963,-38.5687877665,,,cvp,ROUBO A PESSOA,,,,,,,,,,,CAPITAL OESTE
2.0,AIS 20,,,PARQUE SANTA ROSA,Fortaleza,,Sim,2026-02-25,,,,04:33:03,75292,4393657.0,,-3.8182103767,-38.5927130976,,,cvp,ROUBO A PESSOA,,,,,,,,,,,CAPITAL OESTE
2.0,AIS 08,,,ALDEOTA,Fortaleza,,Sim,2026-02-25,,,,01:32:33,75293,4393656.0,,-3.7370590921,-38.4887359384,,,cvp,ROUBO A PESSOA,,,,,,,,,,,CAPITAL LESTE
2.0,AIS 12,,,,Caucaia,,Sim,2026-02-25,,,,13:16:00,75294,4393238.0,,-3.7613422583,-38.6310139429,,,cvp,ROUBO A POSTO DE GASOLINA,,,,,,,,,,AIS 12,RMF OESTE
2.0,AIS 27,,,,Camocim,,Sim,2026-02-25,,,,19:52:29,75295,4393749.0,,-2.9074985811,-40.8538043155,,,cvp,ROUBO A ESTABELECIMENTO COMERCIAL,,,,,,,,,,AIS 27,NORTE
2.0,AIS 24,,,,Eusébio,,Sim,2026-02-25,,,,10:04:14,75296,4393248.0,,-3.896084422,-38.4387079922,,,cvp,ROUBO A PESSOA,,,,,,,,,,AIS 24,RMF LESTE
2.0,AIS 16,,,CONJUNTO PALMEIRAS,Fortaleza,,Sim,2026-02-25,,,,22:10:23,75297,4393668.0,,-3.8391415439,-38.530887845,,,cvp,ROUBO A PESSOA,,,,,,,,,,,CAPITAL LESTE
2.0,AIS 18,,,CENTRO,Fortaleza,,Sim,2026-02-25,,,,23:44:56,75298,4393671.0,,-3.7343708393,-38.5202770353,,,cvp,ROUBO A PESSOA,,,,,,,,,,,CAPITAL OESTE
2.0,AIS 05,,,AEROPORTO,Fortaleza,,Sim,2026-02-25,,,,14:09:34,75299,4393665.0,,-3.7591769105,-38.5238949756,,,cvp,ROUBO A PESSOA,,,,,,,,,,,CAPITAL OESTE
2.0,AIS 20,,,PARQUE SĂO JOSÉ,Fortaleza,,Sim,2026-02-25,,,,21:21:04,75300,4393667.0,,-3.8000455378,-38.5877712967,,,cvp,ROUBO A COLETIVO,,,,,,,,,,,CAPITAL OESTE
2.0,AIS 24,,,,Aquiraz,,Sim,2026-02-25,,,,16:07:01,75301,4393191.0,,-3.9425665152,-38.296464808,,,cvp,ROUBO A PESSOA,,,,,,,,,,AIS 24,RMF LESTE
2.0,AIS 08,,,VARJOTA,Fortaleza,,Sim,2026-02-25,,,,11:44:29,75302,4393663.0,,-3.7319565179,-38.4883608457,,,cvp,ROUBO A PESSOA,,,,,,,,,,,CAPITAL LESTE
2.0,AIS 16,,,BARROSO,Fortaleza,,Sim,2026-02-25,,,,12:19:25,75303,4393664.0,,-3.829819711,-38.5070642172,,,cvp,ROUBO A ESTABELECIMENTO COMERCIAL,,,,,,,,,,,CAPITAL LESTE
2.0,AIS 08,,,ALDEOTA,Fortaleza,,Sim,2026-02-26,,,,20:46:22,75304,4393681.0,,-3.7352926884,-38.5091778845,,,cvp,ROUBO A RESIDÊNCIA,,,,,,,,,,,CAPITAL LESTE
2.0,AIS 21,,,EDSON QUEIROZ,Fortaleza,,Sim,2026-02-26,,,,14:44:00,75305,4393675.0,,-3.7866956113,-38.4728149103,,,cvp,ROUBO A PESSOA,,,,,,,,,,,CAPITAL OESTE
2.0,AIS 05,,,AEROPORTO,Fortaleza,,Sim,2026-02-26,,,,14:44:48,75306,4393676.0,,-3.7585313391,-38.5238854194,,,cvp,ROUBO A RESIDÊNCIA,,,,,,,,,,,CAPITAL OESTE
2.0,,,,GENTILÂNDIA,Fortaleza,,Sim,2026-02-26,,,,19:37:12,75307,4393680.0,,-3.7472569311,-38.5423612371,,,cvp,ROUBO A PESSOA,,,,,,,,,,,
2.0,AIS 24,,,,Eusébio,,Sim,2026-02-26,,,,13:34:00,75308,4393249.0,,-3.897811963,-38.4995279055,,,cvp,ROUBO A PESSOA,,,,,,,,,,AIS 24,RMF LESTE
2.0,AIS 14,,,,Maracanaú,,Sim,2026-02-26,,,,20:31:07,75309,4393718.0,,-3.8742614476,-38.6113984829,,,cvp,ROUBO A PESSOA,,,,,,,,,,AIS 14,RMF LESTE
2.0,AIS 12,,,,Caucaia,,Sim,2026-02-26,,,,12:33:54,75310,4393240.0,,-3.7640142093,-38.6475695644,,,cvp,ROUBO A PESSOA,,,,,,,,,,AIS 12,RMF OESTE
2.0,AIS 14,,,,Maracanaú,,Sim,2026-02-26,,,,00:24:20,75311,4393714.0,,-3.8376348873,-38.5957967808,,,cvp,ROUBO A PESSOA,,,,,,,,,,AIS 14,RMF LESTE
2.0,AIS 20,,,PARQUE DOIS IRMĂOS,Fortaleza,,Sim,2026-02-27,,,,01:30:19,75312,4393683.0,,-3.7998347594,-38.5431716519,,,cvp,ROUBO A PESSOA C/ CONSTRANGIMENTO DA LIBERDADE,,,,,,,,,,,CAPITAL OESTE
2.0,AIS 05,,,JOSÉ BONIFÁCIO,Fortaleza,,Sim,2026-02-27,,,,07:27:39,75313,4393687.0,,-3.7389231863,-38.5245879152,,,cvp,ROUBO A PESSOA,,,,,,,,,,,CAPITAL OESTE
2.0,AIS 05,,,BENFICA,Fortaleza,,Sim,2026-02-27,,,,06:36:46,75314,4393686.0,,-3.7349924166,-38.5344938594,,,cvp,ROUBO A COLETIVO,,,,,,,,,,,CAPITAL OESTE
2.0,AIS 05,,,BENFICA,Fortaleza,,Sim,2026-02-27,,,,09:20:59,75315,4393690.0,,-3.7386601561,-38.5390387988,,,cvp,ROUBO A PESSOA,,,,,,,,,,,CAPITAL OESTE
2.0,AIS 18,,,CENTRO,Fortaleza,,Sim,2026-02-27,,,,08:37:45,75316,4393689.0,,-3.7219416128,-38.5201217659,,,cvp,ROUBO A PESSOA,,,,,,,,,,,CAPITAL OESTE
2.0,AIS 19,,,DIONÍSIO TORRES,Fortaleza,,Sim,2026-02-27,,,,08:13:56,75317,4393688.0,,-3.7458075678,-38.5017097877,,,cvp,ROUBO A PESSOA,,,,,,,,,,,CAPITAL LESTE
2.0,AIS 05,,,DAMAS,Fortaleza,,Sim,2026-02-19,,,,22:01:45,75577,4395108.0,,-3.7560772186,-38.5480720131,,,cvp,ROUBO APLICATIVO DE ENTREGAS,,,,,,,,,,,CAPITAL OESTE
2.0,AIS 12,,,,Caucaia,,Sim,2026-02-19,,,,19:47:14,75578,4394756.0,,-3.7333613591,-38.6552907795,,,cvp,ROUBO A PESSOA,,,,,,,,,,AIS 12,RMF OESTE
2.0,AIS 12,,,,Caucaia,,Sim,2026-02-19,,,,21:10:20,75579,4394757.0,,-3.7300681646,-38.7032925808,,,cvp,ROUBO A PESSOA,,,,,,,,,,AIS 12,RMF OESTE
2.0,AIS 08,,,VARJOTA,Fortaleza,,Sim,2026-02-19,,,,22:19:01,75580,4395109.0,,-3.7392513632,-38.4878361067,,,cvp,ROUBO A PESSOA,,,,,,,,,,,CAPITAL LESTE
2.0,AIS 19,,,JOAQUIM TÁVORA,Fortaleza,,Sim,2026-02-19,,,,06:21:23,75581,4395099.0,,-3.7452071411,-38.5111434081,,,cvp,ROUBO A PESSOA,,,,,,,,,,,CAPITAL LESTE
2.0,AIS 19,,,CIDADE 2000,Fortaleza,,Sim,2026-02-19,,,,07:51:57,75582,4395100.0,,-3.7524855384,-38.4742402868,,,cvp,ROUBO A PESSOA,,,,,,,,,,,CAPITAL LESTE
2.0,AIS 05,,,MONTESE,Fortaleza,,Sim,2026-02-19,,,,12:21:28,75583,4395102.0,,-3.7643831711,-38.5429787577,,,cvp,ROUBO A PESSOA,,,,,,,,,,,CAPITAL OESTE
2.0,AIS 08,,,PRAIA DE IRACEMA,Fortaleza,,Sim,2026-02-19,,,,15:05:33,75584,4395103.0,,-3.723555294,-38.514755437,,,cvp,ROUBO A FARMÁCIA,,,,,,,,,,,CAPITAL LESTE
2.0,AIS 18,,,PRESIDENTE KENNEDY,Fortaleza,,Sim,2026-02-19,,,,18:44:01,75585,4395105.0,,-3.7236070262,-38.5688241259,,,cvp,ROUBO A PESSOA,,,,,,,,,,,CAPITAL OESTE
2.0,AIS 12,,,,Caucaia,,Sim,2026-02-20,,,,06:00:25,75586,4394758.0,,-3.7119724047,-38.6619463987,,,cvp,ROUBO A PESSOA,,,,,,,,,,AIS 12,RMF OESTE
2.0,AIS 08,,,ALDEOTA,Fortaleza,,Sim,2026-02-20,,,,13:42:52,75587,4395119.0,,-3.7413130252,-38.5083872779,,,cvp,ROUBO A PESSOA,,,,,,,,,,,CAPITAL LESTE
2.0,AIS 18,,,CENTRO,Fortaleza,,Sim,2026-02-20,,,,13:10:34,75588,4395118.0,,-3.727284027,-38.5307078262,,,cvp,ROUBO A PESSOA,,,,,,,,,,,CAPITAL OESTE
2.0,AIS 06,,,RODOLFO TEÓFILO,Fortaleza,,Sim,2026-02-20,,,,12:38:38,75589,4395117.0,,-3.7506612287,-38.5559252776,,,cvp,ROUBO A PESSOA,,,,,,,,,,,CAPITAL OESTE
2.0,AIS 16,,,PAUPINA,Fortaleza,,Sim,2026-02-20,,,,11:10:57,75590,4395116.0,,-3.8789074333,-38.5003738141,,,cvp,ROUBO A COLETIVO,,,,,,,,,,,CAPITAL LESTE
2.0,AIS 05,,,JOSÉ BONIFÁCIO,Fortaleza,,Sim,2026-02-20,,,,19:21:31,75591,4395123.0,,-3.7392853553,-38.5291636774,,,cvp,ROUBO A PESSOA,,,,,,,,,,,CAPITAL OESTE
2.0,AIS 20,,,JARDIM CEARENSE,Fortaleza,,Sim,2026-02-20,,,,09:19:27,75592,4395114.0,,-3.7965520189,-38.5691766318,,,cvp,ROUBO A PESSOA,,,,,,,,,,,CAPITAL OESTE
2.0,AIS 06,,,RODOLFO TEÓFILO,Fortaleza,,Sim,2026-02-20,,,,21:45:24,75593,4395124.0,,-3.7484571166,-38.5496009382,,,cvp,ROUBO A PESSOA,,,,,,,,,,,CAPITAL OESTE
2.0,AIS 06,,,RODOLFO TEÓFILO,Fortaleza,,Sim,2026-02-20,,,,21:57:44,75594,4395125.0,,-3.7505209073,-38.5509640548,,,cvp,ROUBO A PESSOA,,,,,,,,,,,CAPITAL OESTE
2.0,AIS 17,,,CANINDEZINHO,Fortaleza,,Sim,2026-02-20,,,,15:10:48,75595,4395120.0,,-3.7999676846,-38.5970219502,,,cvp,ROUBO A ESTABELECIMENTO COMERCIAL,,,,,,,,,,,CAPITAL OESTE
2.0,AIS 25,,,,Itaitinga,,Sim,2026-02-20,,,,02:16:51,75596,4395260.0,,-3.9245385051,-38.5152377947,,,cvp,ROUBO A PESSOA,,,,,,,,,,AIS 25,RMF LESTE
2.0,AIS 27,,,,Jijoca de Jericoacoara,,Sim,2026-02-20,,,,23:35:45,75597,4395333.0,,-2.7956361105,-40.5175815585,,,cvp,ROUBO A PESSOA,,,,,,,,,,AIS 27,NORTE
2.0,AIS 12,,,,Caucaia,,Sim,2026-02-21,,,,16:20:15,75598,4394760.0,,-3.7064793455,-38.7491097194,,,cvp,ROUBO A PESSOA,,,,,,,,,,AIS 12,RMF OESTE
2.0,AIS 14,,,,Maracanaú,,Sim,2026-02-21,,,,07:42:22,75599,4395273.0,,-3.874939912,-38.5913951935,,,cvp,ROUBO A PESSOA,,,,,,,,,,AIS 14,RMF LESTE
2.0,AIS 14,,,,Maracanaú,,Sim,2026-02-21,,,,11:15:14,75600,4395274.0,,-3.8569736568,-38.5796959754,,,cvp,ROUBO A PESSOA,,,,,,,,,,AIS 14,RMF LESTE
2.0,AIS 08,,,PRAIA DE IRACEMA,Fortaleza,,Sim,2026-02-21,,,,08:24:19,75601,4395132.0,,-3.7178095311,-38.5165785419,,,cvp,ROUBO A PESSOA,,,,,,,,,,,CAPITAL LESTE
2.0,AIS 16,,,CONJUNTO PALMEIRAS,Fortaleza,,Sim,2026-02-21,,,,00:09:56,75602,4395127.0,,-3.8459759751,-38.5303851462,,,cvp,ROUBO A RESIDÊNCIA,,,,,,,,,,,CAPITAL LESTE
2.0,,,,GENTILÂNDIA,Fortaleza,,Sim,2026-02-21,,,,02:17:08,75603,4395128.0,,-3.744376652,-38.538216486,,,cvp,ROUBO A PESSOA,,,,,,,,,,,
2.0,AIS 08,,,MEIRELES,Fortaleza,,Sim,2026-02-21,,,,03:21:41,75604,4395129.0,,-3.7237008145,-38.5089882688,,,cvp,ROUBO A PESSOA,,,,,,,,,,,CAPITAL LESTE
2.0,AIS 08,,,ALDEOTA,Fortaleza,,Sim,2026-02-21,,,,05:27:39,75605,4395130.0,,-3.7415355521,-38.4986388149,,,cvp,ROUBO A PESSOA,,,,,,,,,,,CAPITAL LESTE
2.0,AIS 05,,,JARDIM GUANABARA,Fortaleza,,Sim,2026-02-21,,,,08:53:55,75606,4395134.0,,-3.7266816565,-38.5855917994,,,cvp,ROUBO A PESSOA,,,,,,,,,,,CAPITAL OESTE
2.0,AIS 18,,,PRESIDENTE KENNEDY,Fortaleza,,Sim,2026-02-21,,,,09:25:50,75607,4395135.0,,-3.7222446626,-38.5667510337,,,cvp,ROUBO A PESSOA,,,,,,,,,,,CAPITAL OESTE
2.0,AIS 06,,,PARQUELÂNDIA,Fortaleza,,Sim,2026-02-21,,,,10:35:39,75608,4395136.0,,-3.7352831843,-38.5580767781,,,cvp,ROUBO A PESSOA,,,,,,,,,,,CAPITAL OESTE
2.0,AIS 05,,,PANAMERICANO,Fortaleza,,Sim,2026-02-21,,,,19:17:13,75609,4395139.0,,-3.7523005283,-38.5677124111,,,cvp,ROUBO A PESSOA,,,,,,,,,,,CAPITAL OESTE
2.0,AIS 06,,,PARQUELÂNDIA,Fortaleza,,Sim,2026-02-21,,,,20:27:12,75610,4395140.0,,-3.7401715397,-38.5645541756,,,cvp,ROUBO A PESSOA,,,,,,,,,,,CAPITAL OESTE
2.0,AIS 08,,,ALDEOTA,Fortaleza,,Sim,2026-02-21,,,,20:52:19,75611,4395141.0,,-3.7368063096,-38.5039456973,,,cvp,ROUBO A CONDOMÍNIO,,,,,,,,,,,CAPITAL LESTE
2.0,AIS 27,,,,Granja,,Sim,2026-02-21,,,,14:39:21,75612,4395323.0,,-3.1180831728,-40.8300273917,,,cvp,ROUBO A PESSOA,,,,,,,,,,AIS 27,NORTE
2.0,AIS 18,,,CENTRO,Fortaleza,,Sim,2026-02-22,,,,15:43:26,75613,4395147.0,,-3.7359193315,-38.5219007765,,,cvp,ROUBO A PESSOA,,,,,,,,,,,CAPITAL OESTE
2.0,AIS 11,,,,Frecheirinha,,Sim,2026-02-22,,,,08:48:59,75614,4395321.0,,-3.7370742149,-38.5189164642,,,cvp,ROUBO A PESSOA,,,,,,,,,,AIS 11,NORDESTE
2.0,AIS 27,,,,Camocim,,Sim,2026-02-22,,,,20:51:49,75615,4395317.0,,-2.8970487195,-40.8437669281,,,cvp,ROUBO A PESSOA,,,,,,,,,,AIS 27,NORTE
2.0,AIS 05,,,DEMÓCRITO ROCHA,Fortaleza,,Sim,2026-02-22,,,,04:21:20,75616,4395143.0,,-3.7594489266,-38.5713555901,,,cvp,ROUBO A PESSOA,,,,,,,,,,,CAPITAL OESTE
2.0,AIS 19,,,MANUEL DIAS BRANCO,Fortaleza,,Sim,2026-02-22,,,,12:19:28,75617,4395145.0,,-3.7484271098,-38.4671365606,,,cvp,ROUBO A PESSOA,,,,,,,,,,,CAPITAL LESTE
2.0,AIS 18,,,SÃO GERARDO,Fortaleza,,Sim,2026-02-22,,,,21:08:14,75618,4395152.0,,-3.7349539217,-38.5641035026,,,cvp,ROUBO A FARMÁCIA,,,,,,,,,,,CAPITAL OESTE
2.0,AIS 18,,,MONTE CASTELO,Fortaleza,,Sim,2026-02-22,,,,19:28:37,75619,4395151.0,,-3.7245682378,-38.5555850301,,,cvp,ROUBO A PESSOA,,,,,,,,,,,CAPITAL OESTE
2.0,AIS 05,,,JARDIM AMÉRICA,Fortaleza,,Sim,2026-02-22,,,,19:26:15,75620,4395150.0,,-3.7527590321,-38.54552404,,,cvp,ROUBO A PESSOA,,,,,,,,,,,CAPITAL OESTE
2.0,AIS 16,,,CONJUNTO PALMEIRAS,Fortaleza,,Sim,2026-02-22,,,,18:42:33,75621,4395149.0,,-3.8535464044,-38.5226951576,,,cvp,ROUBO A PESSOA,,,,,,,,,,,CAPITAL LESTE
2.0,AIS 05,,,MARAPONGA,Fortaleza,,Sim,2026-02-22,,,,18:21:09,75622,4395148.0,,-3.7902847561,-38.5637599797,,,cvp,ROUBO A PESSOA,,,,,,,,,,,CAPITAL OESTE
2.0,AIS 14,,,,Maracanaú,,Sim,2026-02-22,,,,00:52:04,75623,4395276.0,,-3.8383145199,-38.6077021939,,,cvp,ROUBO A PESSOA,,,,,,,,,,AIS 14,RMF LESTE
2.0,AIS 12,,,,Caucaia,,Sim,2026-02-23,,,,09:47:56,75624,4394765.0,,-3.7651011383,-38.6533193874,,,cvp,ROUBO A PESSOA,,,,,,,,,,AIS 12,RMF OESTE
2.0,AIS 12,,,,Caucaia,,Sim,2026-02-23,,,,15:57:22,75625,4394766.0,,-3.7619899026,-38.6238108045,,,cvp,ROUBO A PESSOA,,,,,,,,,,AIS 12,RMF OESTE
2.0,AIS 06,,,ANTÔNIO BEZERRA,Fortaleza,,Sim,2026-02-23,,,,14:10:01,75626,4395163.0,,-3.7397267687,-38.5930247311,,,cvp,ROUBO A PESSOA,,,,,,,,,,,CAPITAL OESTE
2.0,AIS 05,,,COUTO FERNANDES,Fortaleza,,Sim,2026-02-23,,,,05:31:27,75627,4395158.0,,-3.7618093998,-38.5601589215,,,cvp,ROUBO A PESSOA,,,,,,,,,,,CAPITAL OESTE
2.0,AIS 16,,,CAJAZEIRAS,Fortaleza,,Sim,2026-02-23,,,,05:47:23,75628,4395159.0,,-3.8057849585,-38.5078742474,,,cvp,ROUBO A PESSOA,,,,,,,,,,,CAPITAL LESTE
2.0,AIS 19,,,DIONÍSIO TORRES,Fortaleza,,Sim,2026-02-23,,,,07:19:58,75629,4395160.0,,-3.751376977,-38.5046736128,,,cvp,ROUBO A PESSOA,,,,,,,,,,,CAPITAL LESTE
2.0,AIS 05,,,PARANGABA,Fortaleza,,Sim,2026-02-23,,,,12:04:06,75630,4395161.0,,-3.7805971747,-38.5581158443,,,cvp,ROUBO A COLETIVO,,,,,,,,,,,CAPITAL OESTE
2.0,,,,CIRSTO REDENTOR,Fortaleza,,Sim,2026-02-23,,,,18:20:32,75631,4395164.0,,-3.7080566827,-38.5627379356,,,cvp,ROUBO A PESSOA,,,,,,,,,,,
2.0,AIS 21,,,EDSON QUEIROZ,Fortaleza,,Sim,2026-02-23,,,,18:58:56,75632,4395165.0,,-3.7698297523,-38.4816082893,,,cvp,ROUBO A PESSOA,,,,,,,,,,,CAPITAL OESTE
2.0,AIS 18,,,CENTRO,Fortaleza,,Sim,2026-02-23,,,,20:22:02,75633,4395169.0,,-3.7278588614,-38.5285364163,,,cvp,ROUBO A PESSOA,,,,,,,,,,,CAPITAL OESTE
2.0,AIS 18,,,MONTE CASTELO,Fortaleza,,Sim,2026-02-23,,,,20:27:09,75634,4395170.0,,-3.724483391,-38.5525783602,,,cvp,ROUBO A COLETIVO,,,,,,,,,,,CAPITAL OESTE
2.0,AIS 18,,,CENTRO,Fortaleza,,Sim,2026-02-23,,,,21:20:01,75635,4395172.0,,-3.7283577752,-38.5220041942,,,cvp,ROUBO A PESSOA,,,,,,,,,,,CAPITAL OESTE
2.0,AIS 23,,,,São Gonçalo do Amarante,,Sim,2026-02-23,,,,16:34:21,75636,4395300.0,,-3.5261117198,-38.910097403,,,cvp,ROUBO A PESSOA,,,,,,,,,,AIS 23,RMF OESTE
2.0,AIS 15,,,,Pacatuba,,Sim,2026-02-23,,,,08:37:45,75637,4395296.0,,-3.8879196894,-38.6131689871,,,cvp,ROUBO A PESSOA,,,,,,,,,,AIS 15,RMF LESTE
2.0,AIS 29,,,,Aracati,,Sim,2026-02-24,,,,21:26:52,75638,4395310.0,,-4.566035169,-37.7710538147,,,cvp,ROUBO A PESSOA,,,,,,,,,,AIS 29,NORDESTE
2.0,AIS 24,,,,Eusébio,,Sim,2026-02-24,,,,16:04:47,75639,4394782.0,,-3.8822559349,-38.4541688582,,,cvp,ROUBO A PESSOA,,,,,,,,,,AIS 24,RMF LESTE
2.0,AIS 07,,,,Novo Oriente,,Sim,2026-02-24,,,,21:28:57,75640,4395337.0,,-5.53842638,-40.7720740922,,,cvp,ROUBO A PESSOA,,,,,,,,,,AIS 07,NORTE
2.0,AIS 34,,,,Icó,,Sim,2026-02-24,,,,22:46:42,75641,4395328.0,,-6.4050453018,-38.9521395371,,,cvp,ROUBO A RESTAURANTE/BAR/LANCHONETE,,,,,,,,,,AIS 34,SUL
2.0,AIS 19,,,JOAQUIM TÁVORA,Fortaleza,,Sim,2026-02-24,,,,02:22:50,75642,4395177.0,,-3.7409747973,-38.5158870526,,,cvp,ROUBO A PESSOA,,,,,,,,,,,CAPITAL LESTE
2.0,AIS 05,,,PANAMERICANO,Fortaleza,,Sim,2026-02-24,,,,01:46:37,75643,4395175.0,,-3.7560931195,-38.5641782381,,,cvp,ROUBO A ESTABELECIMENTO DE ENSINO,,,,,,,,,,,CAPITAL OESTE
2.0,AIS 19,,,MANUEL DIAS BRANCO,Fortaleza,,Sim,2026-02-24,,,,01:12:16,75644,4395174.0,,-3.7484089205,-38.4649101432,,,cvp,ROUBO A PESSOA,,,,,,,,,,,CAPITAL LESTE
2.0,AIS 05,,,BENFICA,Fortaleza,,Sim,2026-02-24,,,,14:04:26,75645,4395183.0,,-3.7381578077,-38.536833527,,,cvp,ROUBO A ESTABELECIMENTO COMERCIAL,,,,,,,,,,,CAPITAL OESTE
2.0,AIS 05,,,BENFICA,Fortaleza,,Sim,2026-02-24,,,,13:21:11,75646,4395182.0,,-3.7349924166,-38.5344938594,,,cvp,ROUBO A PESSOA,,,,,,,,,,,CAPITAL OESTE
2.0,AIS 05,,,PARANGABA,Fortaleza,,Sim,2026-02-24,,,,08:31:04,75647,4395180.0,,-3.7868783981,-38.5714881343,,,cvp,ROUBO A PESSOA,,,,,,,,,,,CAPITAL OESTE
2.0,AIS 08,,,MEIRELES,Fortaleza,,Sim,2026-02-24,,,,06:15:45,75648,4395179.0,,-3.7271162958,-38.5117952311,,,cvp,ROUBO A PESSOA,,,,,,,,,,,CAPITAL LESTE
2.0,AIS 18,,,CENTRO,Fortaleza,,Sim,2026-02-24,,,,03:49:06,75649,4395178.0,,-3.7356269478,-38.5260650521,,,cvp,ROUBO A PESSOA,,,,,,,,,,,CAPITAL OESTE
2.0,AIS 17,,,CANINDEZINHO,Fortaleza,,Sim,2026-02-24,,,,01:56:02,75650,4395176.0,,-3.8196104868,-38.6055643006,,,cvp,ROUBO A PESSOA,,,,,,,,,,,CAPITAL OESTE
2.0,AIS 05,,,MONTESE,Fortaleza,,Sim,2026-02-24,,,,17:27:17,75651,4395187.0,,-3.7609435017,-38.5494737725,,,cvp,ROUBO A PESSOA,,,,,,,,,,,CAPITAL OESTE
2.0,AIS 18,,,FARIAS BRITO,Fortaleza,,Sim,2026-02-24,,,,14:36:14,75652,4395184.0,,-3.7359468123,-38.5387210615,,,cvp,ROUBO A PESSOA,,,,,,,,,,,CAPITAL OESTE
2.0,AIS 08,,,ALDEOTA,Fortaleza,,Sim,2026-02-24,,,,00:03:49,75653,4395173.0,,-3.7316716398,-38.5126406652,,,cvp,ROUBO A FARMÁCIA,,,,,,,,,,,CAPITAL LESTE
2.0,AIS 05,,,PARANGABA,Fortaleza,,Sim,2026-02-25,,,,07:06:53,75654,4395194.0,,-3.7854305872,-38.5720708148,,,cvp,ROUBO A PESSOA,,,,,,,,,,,CAPITAL OESTE
2.0,AIS 05,,,ITAOCA,Fortaleza,,Sim,2026-02-25,,,,05:53:50,75655,4395193.0,,-3.7703588539,-38.5520326228,,,cvp,ROUBO A PESSOA,,,,,,,,,,,CAPITAL OESTE
2.0,AIS 20,,,PARQUE SANTA ROSA,Fortaleza,,Sim,2026-02-25,,,,04:33:03,75656,4395192.0,,-3.8182103767,-38.5927130976,,,cvp,ROUBO A PESSOA,,,,,,,,,,,CAPITAL OESTE
2.0,AIS 08,,,ALDEOTA,Fortaleza,,Sim,2026-02-25,,,,01:32:33,75657,4395191.0,,-3.7370590921,-38.4887359384,,,cvp,ROUBO A PESSOA,,,,,,,,,,,CAPITAL LESTE
2.0,AIS 05,,,MARAPONGA,Fortaleza,,Sim,2026-02-25,,,,07:26:43,75658,4395195.0,,-3.7954237963,-38.5687877665,,,cvp,ROUBO A PESSOA,,,,,,,,,,,CAPITAL OESTE
2.0,AIS 24,,,,Aquiraz,,Sim,2026-02-25,,,,16:07:01,75659,4394728.0,,-3.9425665152,-38.296464808,,,cvp,ROUBO A PESSOA,,,,,,,,,,AIS 24,RMF LESTE
2.0,AIS 27,,,,Camocim,,Sim,2026-02-25,,,,19:52:29,75660,4395318.0,,-2.9074985811,-40.8538043155,,,cvp,ROUBO A ESTABELECIMENTO COMERCIAL,,,,,,,,,,AIS 27,NORTE
2.0,AIS 16,,,CONJUNTO PALMEIRAS,Fortaleza,,Sim,2026-02-25,,,,22:10:23,75661,4395203.0,,-3.8391415439,-38.530887845,,,cvp,ROUBO A PESSOA,,,,,,,,,,,CAPITAL LESTE
2.0,AIS 18,,,CENTRO,Fortaleza,,Sim,2026-02-25,,,,23:44:56,75662,4395206.0,,-3.7343708393,-38.5202770353,,,cvp,ROUBO A PESSOA,,,,,,,,,,,CAPITAL OESTE
2.0,AIS 16,,,BARROSO,Fortaleza,,Sim,2026-02-25,,,,12:19:25,75663,4395199.0,,-3.829819711,-38.5070642172,,,cvp,ROUBO A ESTABELECIMENTO COMERCIAL,,,,,,,,,,,CAPITAL LESTE
2.0,AIS 08,,,VARJOTA,Fortaleza,,Sim,2026-02-25,,,,11:44:29,75664,4395198.0,,-3.7319565179,-38.4883608457,,,cvp,ROUBO A PESSOA,,,,,,,,,,,CAPITAL LESTE
2.0,AIS 05,,,AEROPORTO,Fortaleza,,Sim,2026-02-25,,,,14:09:34,75665,4395200.0,,-3.7591769105,-38.5238949756,,,cvp,ROUBO A PESSOA,,,,,,,,,,,CAPITAL OESTE
2.0,AIS 20,,,PARQUE SĂO JOSÉ,Fortaleza,,Sim,2026-02-25,,,,21:21:04,75666,4395202.0,,-3.8000455378,-38.5877712967,,,cvp,ROUBO A COLETIVO,,,,,,,,,,,CAPITAL OESTE
2.0,AIS 24,,,,Eusébio,,Sim,2026-02-25,,,,10:04:14,75667,4394783.0,,-3.896084422,-38.4387079922,,,cvp,ROUBO A PESSOA,,,,,,,,,,AIS 24,RMF LESTE
2.0,AIS 12,,,,Caucaia,,Sim,2026-02-25,,,,13:16:00,75668,4394769.0,,-3.7613422583,-38.6310139429,,,cvp,ROUBO A POSTO DE GASOLINA,,,,,,,,,,AIS 12,RMF OESTE
2.0,AIS 14,,,,Maracanaú,,Sim,2026-02-26,,,,00:24:20,75669,4395280.0,,-3.8376348873,-38.5957967808,,,cvp,ROUBO A PESSOA,,,,,,,,,,AIS 14,RMF LESTE
2.0,AIS 12,,,,Caucaia,,Sim,2026-02-26,,,,12:33:54,75670,4394771.0,,-3.7640142093,-38.6475695644,,,cvp,ROUBO A PESSOA,,,,,,,,,,AIS 12,RMF OESTE
2.0,AIS 24,,,,Eusébio,,Sim,2026-02-26,,,,13:34:00,75671,4394784.0,,-3.897811963,-38.4995279055,,,cvp,ROUBO A PESSOA,,,,,,,,,,AIS 24,RMF LESTE
2.0,,,,GENTILÂNDIA,Fortaleza,,Sim,2026-02-26,,,,19:37:12,75672,4395215.0,,-3.7472569311,-38.5423612371,,,cvp,ROUBO A PESSOA,,,,,,,,,,,
2.0,AIS 08,,,ALDEOTA,Fortaleza,,Sim,2026-02-26,,,,20:46:22,75673,4395216.0,,-3.7352926884,-38.5091778845,,,cvp,ROUBO A RESIDÊNCIA,,,,,,,,,,,CAPITAL LESTE
2.0,AIS 14,,,,Maracanaú,,Sim,2026-02-26,,,,20:31:07,75674,4395284.0,,-3.8742614476,-38.6113984829,,,cvp,ROUBO A PESSOA,,,,,,,,,,AIS 14,RMF LESTE
2.0,AIS 21,,,EDSON QUEIROZ,Fortaleza,,Sim,2026-02-26,,,,14:44:00,75675,4395210.0,,-3.7866956113,-38.4728149103,,,cvp,ROUBO A PESSOA,,,,,,,,,,,CAPITAL OESTE
2.0,AIS 05,,,AEROPORTO,Fortaleza,,Sim,2026-02-26,,,,14:44:48,75676,4395211.0,,-3.7585313391,-38.5238854194,,,cvp,ROUBO A RESIDÊNCIA,,,,,,,,,,,CAPITAL OESTE
2.0,AIS 05,,,JOSÉ BONIFÁCIO,Fortaleza,,Sim,2026-02-27,,,,07:27:39,75677,4395222.0,,-3.7389231863,-38.5245879152,,,cvp,ROUBO A PESSOA,,,,,,,,,,,CAPITAL OESTE
2.0,AIS 18,,,CENTRO,Fortaleza,,Sim,2026-02-27,,,,08:37:45,75678,4395224.0,,-3.7219416128,-38.5201217659,,,cvp,ROUBO A PESSOA,,,,,,,,,,,CAPITAL OESTE
2.0,AIS 05,,,BENFICA,Fortaleza,,Sim,2026-02-27,,,,09:20:59,75679,4395225.0,,-3.7386601561,-38.5390387988,,,cvp,ROUBO A PESSOA,,,,,,,,,,,CAPITAL OESTE
2.0,AIS 08,,,ALDEOTA,Fortaleza,,Sim,2026-02-27,,,,12:49:04,75680,4395227.0,,-3.7375223458,-38.4996536655,,,cvp,ROUBO A PESSOA,,,,,,,,,,,CAPITAL LESTE
2.0,AIS 05,,,FÁTIMA,Fortaleza,,Sim,2026-02-27,,,,14:57:17,75681,4395228.0,,-3.7518347112,-38.5229592184,,,cvp,ROUBO A PESSOA,,,,,,,,,,,CAPITAL OESTE
2.0,AIS 18,,,SÃO GERARDO,Fortaleza,,Sim,2026-02-27,,,,16:14:27,75682,4395229.0,,-3.7337140318,-38.5582374099,,,cvp,ROUBO A PESSOA,,,,,,,,,,,CAPITAL OESTE
2.0,AIS 06,,,HENRIQUE JORGE,Fortaleza,,Sim,2026-02-27,,,,16:14:29,75683,4395230.0,,-3.7604064983,-38.584174557,,,cvp,ROUBO A PESSOA,,,,,,,,,,,CAPITAL OESTE
2.0,AIS 05,,,ITAPERI,Fortaleza,,Sim,2026-02-27,,,,16:49:17,75684,4395231.0,,-3.7815055467,-38.5586431336,,,cvp,ROUBO A PESSOA,,,,,,,,,,,CAPITAL OESTE
2.0,AIS 20,,,PREFEITO JOSÉ WALTER,Fortaleza,,Sim,2026-02-27,,,,19:47:52,75685,4395233.0,,-3.8332690301,-38.5490061274,,,cvp,ROUBO A PESSOA,,,,,,,,,,,CAPITAL OESTE
2.0,AIS 08,,,CAIS DO PORTO,Fortaleza,,Sim,2026-02-27,,,,20:46:55,75686,4395234.0,,-3.7197503414,-38.4739502623,,,cvp,ROUBO A PESSOA,,,,,,,,,,,CAPITAL LESTE
2.0,AIS 19,,,PAPICU,Fortaleza,,Sim,2026-02-27,,,,22:03:31,75687,4395237.0,,-3.7436451789,-38.475318386,,,cvp,ROUBO A FARMÁCIA,,,,,,,,,,,CAPITAL LESTE
2.0,AIS 14,,,,Maracanaú,,Sim,2026-02-27,,,,11:13:19,75688,4395285.0,,-3.8679003992,-38.626142121,,,cvp,ROUBO DE CARGA,,,,,,,,,,AIS 14,RMF LESTE
2.0,AIS 20,,,PARQUE DOIS IRMĂOS,Fortaleza,,Sim,2026-02-27,,,,01:30:19,75689,4395218.0,,-3.7998347594,-38.5431716519,,,cvp,ROUBO A PESSOA C/ CONSTRANGIMENTO DA LIBERDADE,,,,,,,,,,,CAPITAL OESTE
2.0,AIS 05,,,BENFICA,Fortaleza,,Sim,2026-02-27,,,,06:36:46,75690,4395221.0,,-3.7349924166,-38.5344938594,,,cvp,ROUBO A COLETIVO,,,,,,,,,,,CAPITAL OESTE
2.0,AIS 19,,,DIONÍSIO TORRES,Fortaleza,,Sim,2026-02-27,,,,08:13:56,75691,4395223.0,,-3.7458075678,-38.5017097877,,,cvp,ROUBO A PESSOA,,,,,,,,,,,CAPITAL LESTE
2.0,AIS 12,,,,Caucaia,,Sim,2026-02-27,,,,12:13:37,75692,4394772.0,,-3.7277856721,-38.6616044672,,,cvp,ROUBO A PESSOA,,,,,,,,,,AIS 12,RMF OESTE
2.0,,,,DENDÊ,Fortaleza,,Sim,2026-02-28,,,,21:57:07,75693,4395253.0,,-3.8000612148,-38.5575791055,,,cvp,ROUBO A PESSOA,,,,,,,,,,,
2.0,AIS 06,,,RODOLFO TEÓFILO,Fortaleza,,Sim,2026-02-28,,,,22:50:54,75694,4395254.0,,-3.75123767,-38.552012936,,,cvp,ROUBO A PESSOA,,,,,,,,,,,CAPITAL OESTE
2.0,AIS 25,,,,Horizonte,,Sim,2026-02-28,,,,07:39:56,75695,4395258.0,,-4.1023865973,-38.4963516695,,,cvp,ROUBO A PESSOA,,,,,,,,,,AIS 25,RMF LESTE
2.0,AIS 08,,,VICENTE PINZÓN,Fortaleza,,Sim,2026-02-28,,,,18:44:39,75696,4395249.0,,-3.7325446871,-38.4813715358,,,cvp,ROUBO A FARMÁCIA,,,,,,,,,,,CAPITAL LESTE
2.0,AIS 05,,,MARAPONGA,Fortaleza,,Sim,2026-02-28,,,,18:44:02,75697,4395248.0,,-3.7959298297,-38.5647565576,,,cvp,ROUBO A PESSOA,,,,,,,,,,,CAPITAL OESTE
2.0,AIS 12,,,,Caucaia,,Sim,2026-02-28,,,,18:24:16,75698,4394775.0,,-3.7711640339,-38.6536237302,,,cvp,ROUBO A PESSOA,,,,,,,,,,AIS 12,RMF OESTE
2.0,AIS 20,,,MANOEL SÁTIRO,Fortaleza,,Sim,2026-02-28,,,,16:03:04,75699,4395246.0,,-3.8047998111,-38.5865812965,,,cvp,ROUBO A ESTABELECIMENTO COMERCIAL,,,,,,,,,,,CAPITAL OESTE
2.0,AIS 17,,,BOM JARDIM,Fortaleza,,Sim,2026-02-28,,,,15:33:39,75700,4395244.0,,-3.7946207437,-38.5924385053,,,cvp,ROUBO A PESSOA,,,,,,,,,,,CAPITAL OESTE
2.0,AIS 19,,,SABIAGUABA,Fortaleza,,Sim,2026-02-28,,,,02:26:16,75701,4395240.0,,-3.7850327648,-38.4384920786,,,cvp,ROUBO A PESSOA,,,,,,,,,,,CAPITAL LESTE
2.0,AIS 20,,,PREFEITO JOSÉ WALTER,Fortaleza,,Sim,2026-02-28,,,,09:36:36,75702,4395243.0,,-3.8360115403,-38.5589107805,,,cvp,ROUBO A PESSOA,,,,,,,,,,,CAPITAL OESTE
2.0,,,,PRAIA DO FURUTO II,Fortaleza,,Sim,2026-02-28,,,,08:12:32,75703,4395242.0,,-3.7595829838,-38.4428171296,,,cvp,ROUBO A PESSOA,,,,,,,,,,,
2.0,AIS 08,,,ALDEOTA,Fortaleza,,Sim,2026-02-28,,,,19:04:30,75704,4395250.0,,-3.7333897381,-38.5133960823,,,cvp,ROUBO A PESSOA,,,,,,,,,,,CAPITAL LESTE
2.0,,,,GENTILÂNDIA,Fortaleza,,Sim,2026-02-28,,,,04:53:43,75705,4395241.0,,-3.7434381766,-38.5368915421,,,cvp,ROUBO A PESSOA,,,,,,,,,,,
2.0,AIS 14,,,,Maracanaú,,Sim,2026-02-28,,,,18:18:25,75706,4395286.0,,-3.8399970627,-38.5938869895,,,cvp,ROUBO A PESSOA,,,,,,,,,,AIS 14,RMF LESTE
2.0,AIS 12,,,,Caucaia,,Sim,2026-03-01,,,,00:05:02,75707,4396061.0,,-3.7317511359,-38.6576254666,,,cvp,ROUBO A CLÍNICA/CONSULTÓRIO,,,,,,,,,,AIS 12,RMF OESTE
2.0,AIS 14,,,,Maracanaú,,Sim,2026-03-01,,,,19:35:14,75708,4396076.0,,-3.821650928,-38.6318690256,,,cvp,ROUBO APLICATIVO DE ENTREGAS,,,,,,,,,,AIS 14,RMF LESTE
2.0,AIS 20,,,PREFEITO JOSÉ WALTER,Fortaleza,,Sim,2026-03-01,,,,22:39:31,75709,4396078.0,,-3.8365714428,-38.5514668693,,,cvp,ROUBO A PESSOA,,,,,,,,,,,CAPITAL OESTE
2.0,AIS 31,,,,Pedra Branca,,Sim,2026-03-01,,,,23:12:27,75710,4396079.0,,-5.4694869021,-39.7136101935,,,cvp,ROUBO A RESIDÊNCIA,,,,,,,,,,AIS 31,SUDESTE
2.0,AIS 05,,,PARANGABA,Fortaleza,,Sim,2026-03-01,,,,00:03:27,75711,4396059.0,,-3.7767617401,-38.5686687549,,,cvp,ROUBO A COLETIVO,,,,,,,,,,,CAPITAL OESTE
2.0,AIS 19,,,COCÓ,Fortaleza,,Sim,2026-03-01,,,,19:17:09,75712,4396075.0,,-3.7425210662,-38.479117464,,,cvp,ROUBO A FARMÁCIA,,,,,,,,,,,CAPITAL LESTE
2.0,AIS 08,,,ALDEOTA,Fortaleza,,Sim,2026-03-01,,,,18:05:15,75713,4396074.0,,-3.7311305951,-38.5076811602,,,cvp,ROUBO A PESSOA,,,,,,,,,,,CAPITAL LESTE
2.0,AIS 19,,,JOAQUIM TÁVORA,Fortaleza,,Sim,2026-03-01,,,,17:55:19,75714,4396073.0,,-3.7415697268,-38.522344659,,,cvp,ROUBO A PESSOA,,,,,,,,,,,CAPITAL LESTE
2.0,AIS 06,,,RODOLFO TEÓFILO,Fortaleza,,Sim,2026-03-01,,,,11:17:48,75715,4396069.0,,-3.7483241637,-38.5489639496,,,cvp,ROUBO A COLETIVO,,,,,,,,,,,CAPITAL OESTE
2.0,AIS 18,,,CENTRO,Fortaleza,,Sim,2026-03-01,,,,10:53:27,75716,4396068.0,,-3.7218229835,-38.5282551505,,,cvp,ROUBO A PESSOA,,,,,,,,,,,CAPITAL OESTE
2.0,AIS 18,,,VILA VELHA,Fortaleza,,Sim,2026-03-01,,,,05:58:53,75717,4396066.0,,-3.714571087,-38.5921125284,,,cvp,ROUBO A PESSOA,,,,,,,,,,,CAPITAL OESTE
2.0,AIS 06,,,RODOLFO TEÓFILO,Fortaleza,,Sim,2026-03-01,,,,03:30:34,75718,4396063.0,,-3.7454978453,-38.5490313179,,,cvp,ROUBO A RESIDÊNCIA,,,,,,,,,,,CAPITAL OESTE
2.0,AIS 18,,,FLORESTA,Fortaleza,,Sim,2026-03-02,,,,12:52:20,75719,4396088.0,,-3.727671218,-38.5767574566,,,cvp,ROUBO A PESSOA,,,,,,,,,,,CAPITAL OESTE
2.0,AIS 06,,,JÓQUEI CLUBE,Fortaleza,,Sim,2026-03-02,,,,22:51:39,75720,4396107.0,,-3.7711888449,-38.5734867607,,,cvp,ROUBO A PESSOA,,,,,,,,,,,CAPITAL OESTE
2.0,AIS 05,,,JOSÉ BONIFÁCIO,Fortaleza,,Sim,2026-03-02,,,,22:51:27,75721,4396106.0,,-3.7366425835,-38.5280217535,,,cvp,ROUBO A PESSOA,,,,,,,,,,,CAPITAL OESTE
2.0,AIS 16,,,JOSÉ DE ALENCAR,Fortaleza,,Sim,2026-03-02,,,,20:03:58,75722,4396100.0,,-3.8041061803,-38.4764709992,,,cvp,ROUBO A PESSOA,,,,,,,,,,,CAPITAL LESTE
2.0,AIS 08,,,MEIRELES,Fortaleza,,Sim,2026-03-02,,,,19:49:25,75723,4396098.0,,-3.7237743968,-38.5100198757,,,cvp,ROUBO A PESSOA,,,,,,,,,,,CAPITAL LESTE
2.0,AIS 18,,,CENTRO,Fortaleza,,Sim,2026-03-02,,,,19:37:16,75724,4396096.0,,-3.7305115818,-38.5165394631,,,cvp,ROUBO A PESSOA,,,,,,,,,,,CAPITAL OESTE
2.0,AIS 16,,,JOSÉ DE ALENCAR,Fortaleza,,Sim,2026-03-02,,,,19:34:59,75725,4396095.0,,-3.810162359,-38.475837001,,,cvp,ROUBO A PESSOA,,,,,,,,,,,CAPITAL LESTE
2.0,AIS 06,,,DOM LUSTOSA,Fortaleza,,Sim,2026-03-02,,,,19:27:07,75726,4396094.0,,-3.7468128622,-38.5857080716,,,cvp,ROUBO A PESSOA,,,,,,,,,,,CAPITAL OESTE
2.0,AIS 06,,,PARQUE ARAXÁ,Fortaleza,,Sim,2026-03-02,,,,22:07:51,75727,4396104.0,,-3.7335054277,-38.5474513157,,,cvp,ROUBO A PESSOA,,,,,,,,,,,CAPITAL OESTE
2.0,AIS 17,,,GRANJA PORTUGAL,Fortaleza,,Sim,2026-03-02,,,,17:36:01,75728,4396091.0,,-3.7784808406,-38.6067648318,,,cvp,ROUBO A PESSOA,,,,,,,,,,,CAPITAL OESTE
2.0,AIS 18,,,FLORESTA,Fortaleza,,Sim,2026-03-02,,,,14:34:59,75729,4396090.0,,-3.7228843619,-38.5704535491,,,cvp,ROUBO A PESSOA,,,,,,,,,,,CAPITAL OESTE
2.0,AIS 05,,,DAMAS,Fortaleza,,Sim,2026-03-02,,,,13:49:48,75730,4396089.0,,-3.7567893391,-38.5490585805,,,cvp,ROUBO A PESSOA,,,,,,,,,,,CAPITAL OESTE
2.0,AIS 08,,,ALDEOTA,Fortaleza,,Sim,2026-03-02,,,,07:28:30,75731,4396085.0,,-3.7350617364,-38.5148725017,,,cvp,ROUBO A PESSOA,,,,,,,,,,,CAPITAL LESTE
2.0,AIS 19,,,COCÓ,Fortaleza,,Sim,2026-03-02,,,,11:51:57,75732,4396087.0,,-3.742329524,-38.4827275034,,,cvp,ROUBO A PESSOA,,,,,,,,,,,CAPITAL LESTE
2.0,AIS 14,,,,Maracanaú,,Sim,2026-03-03,,,,05:22:24,75733,4396109.0,,-3.8794229445,-38.6253856052,,,cvp,ROUBO A ESTABELECIMENTO COMERCIAL,,,,,,,,,,AIS 14,RMF LESTE
2.0,AIS 22,,,PASSARÉ,Fortaleza,,Sim,2026-03-03,,,,11:01:11,75734,4396112.0,,-3.8243090101,-38.5420878769,,,cvp,ROUBO A MOTEL,,,,,,,,,,,CAPITAL LESTE
2.0,AIS 16,,,MESSEJANA,Fortaleza,,Sim,2026-03-03,,,,13:15:31,75735,4396114.0,,-3.8359259358,-38.4980170723,,,cvp,ROUBO A PESSOA,,,,,,,,,,,CAPITAL LESTE
2.0,AIS 29,,,,Fortim,,Sim,2026-03-03,,,,14:04:07,75736,4396115.0,,-4.4169861515,-37.89047918,,,cvp,ROUBO A RESIDÊNCIA,,,,,,,,,,AIS 29,NORDESTE
2.0,AIS 19,,,PAPICU,Fortaleza,,Sim,2026-03-03,,,,15:46:52,75737,4396116.0,,-3.7436451789,-38.475318386,,,cvp,ROUBO A FARMÁCIA,,,,,,,,,,,CAPITAL LESTE
2.0,AIS 08,,,MEIRELES,Fortaleza,,Sim,2026-03-03,,,,17:28:00,75738,4396118.0,,-3.7224044077,-38.5089361259,,,cvp,ROUBO A PESSOA,,,,,,,,,,,CAPITAL LESTE
2.0,AIS 19,,,COCÓ,Fortaleza,,Sim,2026-03-03,,,,18:05:49,75739,4396119.0,,-3.7425210662,-38.479117464,,,cvp,ROUBO A FARMÁCIA,,,,,,,,,,,CAPITAL LESTE
2.0,AIS 18,,,CENTRO,Fortaleza,,Sim,2026-03-03,,,,20:10:59,75740,4396122.0,,-3.7204614285,-38.5208267802,,,cvp,ROUBO A PESSOA,,,,,,,,,,,CAPITAL OESTE
2.0,AIS 06,,,ANTÔNIO BEZERRA,Fortaleza,,Sim,2026-03-03,,,,20:18:31,75741,4396123.0,,-3.7436283488,-38.5884124203,,,cvp,ROUBO A PESSOA,,,,,,,,,,,CAPITAL OESTE
2.0,AIS 05,,,FÁTIMA,Fortaleza,,Sim,2026-03-03,,,,23:53:46,75742,4396128.0,,-3.7472013295,-38.5268209739,,,cvp,ROUBO A PESSOA,,,,,,,,,,,CAPITAL OESTE
2.0,AIS 22,,,DIAS MACÊDO,Fortaleza,,Sim,2026-03-04,,,,04:36:13,75743,4396131.0,,-3.7845965823,-38.5165047356,,,cvp,ROUBO A PESSOA,,,,,,,,,,,CAPITAL LESTE
2.0,AIS 12,,,,Caucaia,,Sim,2026-03-04,,,,06:22:30,75744,4396132.0,,-3.7523994588,-38.6305631798,,,cvp,ROUBO A PESSOA,,,,,,,,,,AIS 12,RMF OESTE
2.0,AIS 22,,,PASSARÉ,Fortaleza,,Sim,2026-03-04,,,,06:43:35,75745,4396133.0,,-3.8030758673,-38.5328486212,,,cvp,ROUBO A PESSOA,,,,,,,,,,,CAPITAL LESTE
2.0,AIS 06,,,PICI,Fortaleza,,Sim,2026-03-04,,,,09:17:00,75746,4396135.0,,-3.7574605219,-38.5725681013,,,cvp,ROUBO A PESSOA,,,,,,,,,,,CAPITAL OESTE
2.0,AIS 19,,,JOAQUIM TÁVORA,Fortaleza,,Sim,2026-03-04,,,,15:11:04,75747,4396138.0,,-3.7466539615,-38.5132442283,,,cvp,ROUBO A PESSOA,,,,,,,,,,,CAPITAL LESTE
2.0,AIS 05,,,JOSÉ BONIFÁCIO,Fortaleza,,Sim,2026-03-04,,,,15:43:12,75748,4396139.0,,-3.7358461407,-38.5285656581,,,cvp,ROUBO A PESSOA,,,,,,,,,,,CAPITAL OESTE
2.0,AIS 18,,,CENTRO,Fortaleza,,Sim,2026-03-04,,,,22:07:31,75749,4396145.0,,-3.7277319683,-38.5182697397,,,cvp,ROUBO A PESSOA,,,,,,,,,,,CAPITAL OESTE
2.0,AIS 19,,,DIONÍSIO TORRES,Fortaleza,,Sim,2026-03-04,,,,23:13:43,75750,4396149.0,,-3.7480594636,-38.505721114,,,cvp,ROUBO A PESSOA,,,,,,,,,,,CAPITAL LESTE
2.0,AIS 19,,,DIONÍSIO TORRES,Fortaleza,,Sim,2026-03-04,,,,22:19:48,75751,4396146.0,,-3.7480594636,-38.505721114,,,cvp,ROUBO A PESSOA,,,,,,,,,,,CAPITAL LESTE
2.0,AIS 20,,,PLANALTO AYRTON SENNA,Fortaleza,,Sim,2026-03-04,,,,22:35:22,75752,4396147.0,,-3.8377291168,-38.5765314021,,,cvp,ROUBO A PESSOA,,,,,,,,,,,CAPITAL OESTE
2.0,AIS 21,,,AEROLÂNDIA,Fortaleza,,Sim,2026-03-04,,,,03:42:55,75753,4396130.0,,-3.7774655133,-38.51634568,,,cvp,ROUBO A PESSOA,,,,,,,,,,,CAPITAL OESTE
2.0,AIS 06,,,PARQUELÂNDIA,Fortaleza,,Sim,2026-03-05,,,,14:22:52,75754,4396160.0,,-3.7374625618,-38.5642840858,,,cvp,ROUBO A PESSOA,,,,,,,,,,,CAPITAL OESTE
2.0,AIS 06,,,ANTÔNIO BEZERRA,Fortaleza,,Sim,2026-03-05,,,,20:09:09,75755,4396168.0,,-3.7407029581,-38.5910007274,,,cvp,ROUBO A PESSOA,,,,,,,,,,,CAPITAL OESTE
2.0,AIS 05,,,AEROPORTO,Fortaleza,,Sim,2026-03-05,,,,12:55:57,75756,4396158.0,,-3.7816927773,-38.5354323746,,,cvp,ROUBO A COLETIVO,,,,,,,,,,,CAPITAL OESTE
2.0,AIS 06,,,PARQUELÂNDIA,Fortaleza,,Sim,2026-03-05,,,,12:07:43,75757,4396157.0,,-3.7366149712,-38.5533210308,,,cvp,ROUBO A PESSOA,,,,,,,,,,,CAPITAL OESTE
2.0,AIS 19,,,SÃO JOÃO DO TAUAPE,Fortaleza,,Sim,2026-03-05,,,,10:58:45,75758,4396156.0,,-3.7585069166,-38.5168348009,,,cvp,ROUBO A PESSOA,,,,,,,,,,,CAPITAL LESTE
2.0,AIS 12,,,PARQUE SOLEDADE,Fortaleza,,Sim,2026-03-05,,,,09:16:52,75759,4396155.0,,-3.732818299,-38.6567171123,,,cvp,ROUBO A ESTABELECIMENTO COMERCIAL,,,,,,,,,,,RMF OESTE
2.0,AIS 08,,,MUCURIPE,Fortaleza,,Sim,2026-03-05,,,,08:23:32,75760,4396154.0,,-3.7279958399,-38.4812762247,,,cvp,ROUBO A PESSOA,,,,,,,,,,,CAPITAL LESTE
2.0,AIS 05,,,FÁTIMA,Fortaleza,,Sim,2026-03-05,,,,06:31:19,75761,4396153.0,,-3.7558401086,-38.5203431556,,,cvp,ROUBO A PESSOA,,,,,,,,,,,CAPITAL OESTE
2.0,AIS 19,,,JOAQUIM TÁVORA,Fortaleza,,Sim,2026-03-05,,,,06:18:41,75762,4396152.0,,-3.7511665723,-38.520565532,,,cvp,ROUBO A PESSOA,,,,,,,,,,,CAPITAL LESTE
2.0,AIS 05,,,BENFICA,Fortaleza,,Sim,2026-03-05,,,,14:37:26,75763,4396161.0,,-3.7417449977,-38.5413301745,,,cvp,ROUBO A PESSOA,,,,,,,,,,,CAPITAL OESTE
2.0,AIS 18,,,PRESIDENTE KENNEDY,Fortaleza,,Sim,2026-03-05,,,,18:04:28,75764,4396166.0,,-3.7346749096,-38.5657160724,,,cvp,ROUBO A PESSOA,,,,,,,,,,,CAPITAL OESTE
2.0,AIS 12,,,,Caucaia,,Sim,2026-03-05,,,,05:47:47,75765,4396150.0,,-3.6995064614,-38.6454812969,,,cvp,ROUBO A PESSOA,,,,,,,,,,AIS 12,RMF OESTE
2.0,AIS 08,,,ALDEOTA,Fortaleza,,Sim,2026-03-05,,,,21:09:04,75766,4396170.0,,-3.7401706542,-38.5020510385,,,cvp,ROUBO A PESSOA,,,,,,,,,,,CAPITAL LESTE
2.0,AIS 20,,,MONDUBIM,Fortaleza,,Sim,2026-03-06,,,,08:44:59,75767,4396181.0,,-3.8252946,-38.5623961667,,,cvp,ROUBO A PESSOA,,,,,,,,,,,CAPITAL OESTE
2.0,AIS 20,,,PREFEITO JOSÉ WALTER,Fortaleza,,Sim,2026-03-06,,,,08:04:00,75768,4396179.0,,-3.8228411658,-38.5554091746,,,cvp,ROUBO A PESSOA,,,,,,,,,,,CAPITAL OESTE
2.0,AIS 18,,,CENTRO,Fortaleza,,Sim,2026-03-06,,,,03:29:47,75769,4396175.0,,-3.7288869805,-38.5196465723,,,cvp,ROUBO A RESIDÊNCIA,,,,,,,,,,,CAPITAL OESTE
2.0,AIS 18,,,CENTRO,Fortaleza,,Sim,2026-03-06,,,,05:17:42,75770,4396176.0,,-3.7230859959,-38.5282796933,,,cvp,ROUBO A PESSOA,,,,,,,,,,,CAPITAL OESTE
2.0,AIS 21,,,EDSON QUEIROZ,Fortaleza,,Sim,2026-03-06,,,,06:04:55,75771,4396177.0,,-3.7650581537,-38.4746906063,,,cvp,ROUBO A PESSOA,,,,,,,,,,,CAPITAL OESTE
2.0,AIS 05,,,FÁTIMA,Fortaleza,,Sim,2026-03-06,,,,06:15:45,75772,4396178.0,,-3.7532502431,-38.5287936464,,,cvp,ROUBO A PESSOA,,,,,,,,,,,CAPITAL OESTE
2.0,AIS 22,,,PASSARÉ,Fortaleza,,Sim,2026-03-06,,,,00:03:37,75773,4396172.0,,-3.8158600289,-38.5314147715,,,cvp,ROUBO A COLETIVO,,,,,,,,,,,CAPITAL LESTE
2.0,AIS 12,,,,Caucaia,,Sim,2026-03-01,,,,00:05:02,75824,4399486.0,,-3.7317511359,-38.6576254666,,,cvp,ROUBO A CLÍNICA/CONSULTÓRIO,,,,,,,,,,AIS 12,RMF OESTE
2.0,AIS 19,,,COCÓ,Fortaleza,,Sim,2026-03-01,,,,19:17:09,75825,4399530.0,,-3.7425210662,-38.479117464,,,cvp,ROUBO A FARMÁCIA,,,,,,,,,,,CAPITAL LESTE
2.0,AIS 05,,,PARANGABA,Fortaleza,,Sim,2026-03-01,,,,00:03:27,75826,4399517.0,,-3.7767617401,-38.5686687549,,,cvp,ROUBO A COLETIVO,,,,,,,,,,,CAPITAL OESTE
2.0,AIS 06,,,RODOLFO TEÓFILO,Fortaleza,,Sim,2026-03-01,,,,03:30:34,75827,4399520.0,,-3.7454978453,-38.5490313179,,,cvp,ROUBO A RESIDÊNCIA,,,,,,,,,,,CAPITAL OESTE
2.0,AIS 18,,,VILA VELHA,Fortaleza,,Sim,2026-03-01,,,,05:58:53,75828,4399523.0,,-3.714571087,-38.5921125284,,,cvp,ROUBO A PESSOA,,,,,,,,,,,CAPITAL OESTE
2.0,AIS 18,,,CENTRO,Fortaleza,,Sim,2026-03-01,,,,10:53:27,75829,4399524.0,,-3.7218229835,-38.5282551505,,,cvp,ROUBO A PESSOA,,,,,,,,,,,CAPITAL OESTE
2.0,AIS 06,,,RODOLFO TEÓFILO,Fortaleza,,Sim,2026-03-01,,,,11:17:48,75830,4399525.0,,-3.7483241637,-38.5489639496,,,cvp,ROUBO A COLETIVO,,,,,,,,,,,CAPITAL OESTE
2.0,AIS 19,,,JOAQUIM TÁVORA,Fortaleza,,Sim,2026-03-01,,,,17:55:19,75831,4399528.0,,-3.7415697268,-38.522344659,,,cvp,ROUBO A PESSOA,,,,,,,,,,,CAPITAL LESTE
2.0,AIS 08,,,ALDEOTA,Fortaleza,,Sim,2026-03-01,,,,18:05:15,75832,4399529.0,,-3.7311305951,-38.5076811602,,,cvp,ROUBO A PESSOA,,,,,,,,,,,CAPITAL LESTE
2.0,AIS 20,,,PREFEITO JOSÉ WALTER,Fortaleza,,Sim,2026-03-01,,,,22:39:31,75833,4399532.0,,-3.8365714428,-38.5514668693,,,cvp,ROUBO A PESSOA,,,,,,,,,,,CAPITAL OESTE
2.0,AIS 31,,,,Pedra Branca,,Sim,2026-03-01,,,,23:12:27,75834,4399818.0,,-5.4694869021,-39.7136101935,,,cvp,ROUBO A RESIDÊNCIA,,,,,,,,,,AIS 31,SUDESTE
2.0,AIS 14,,,,Maracanaú,,Sim,2026-03-01,,,,19:35:14,75835,4399785.0,,-3.821650928,-38.6318690256,,,cvp,ROUBO APLICATIVO DE ENTREGAS,,,,,,,,,,AIS 14,RMF LESTE
2.0,AIS 05,,,DAMAS,Fortaleza,,Sim,2026-03-02,,,,13:49:48,75836,4399541.0,,-3.7567893391,-38.5490585805,,,cvp,ROUBO A PESSOA,,,,,,,,,,,CAPITAL OESTE
2.0,AIS 08,,,ALDEOTA,Fortaleza,,Sim,2026-03-02,,,,07:28:30,75837,4399537.0,,-3.7350617364,-38.5148725017,,,cvp,ROUBO A PESSOA,,,,,,,,,,,CAPITAL LESTE
2.0,AIS 19,,,COCÓ,Fortaleza,,Sim,2026-03-02,,,,11:51:57,75838,4399539.0,,-3.742329524,-38.4827275034,,,cvp,ROUBO A PESSOA,,,,,,,,,,,CAPITAL LESTE
2.0,AIS 18,,,FLORESTA,Fortaleza,,Sim,2026-03-02,,,,12:52:20,75839,4399540.0,,-3.727671218,-38.5767574566,,,cvp,ROUBO A PESSOA,,,,,,,,,,,CAPITAL OESTE
2.0,AIS 18,,,FLORESTA,Fortaleza,,Sim,2026-03-02,,,,14:34:59,75840,4399542.0,,-3.7228843619,-38.5704535491,,,cvp,ROUBO A PESSOA,,,,,,,,,,,CAPITAL OESTE
2.0,AIS 17,,,GRANJA PORTUGAL,Fortaleza,,Sim,2026-03-02,,,,17:36:01,75841,4399543.0,,-3.7784808406,-38.6067648318,,,cvp,ROUBO A PESSOA,,,,,,,,,,,CAPITAL OESTE
2.0,AIS 06,,,DOM LUSTOSA,Fortaleza,,Sim,2026-03-02,,,,19:27:07,75842,4399544.0,,-3.7468128622,-38.5857080716,,,cvp,ROUBO A PESSOA,,,,,,,,,,,CAPITAL OESTE
2.0,AIS 18,,,CENTRO,Fortaleza,,Sim,2026-03-02,,,,19:37:16,75843,4399546.0,,-3.7305115818,-38.5165394631,,,cvp,ROUBO A PESSOA,,,,,,,,,,,CAPITAL OESTE
2.0,AIS 08,,,MEIRELES,Fortaleza,,Sim,2026-03-02,,,,19:49:25,75844,4399548.0,,-3.7237743968,-38.5100198757,,,cvp,ROUBO A PESSOA,,,,,,,,,,,CAPITAL LESTE
2.0,AIS 16,,,JOSÉ DE ALENCAR,Fortaleza,,Sim,2026-03-02,,,,20:03:58,75845,4399550.0,,-3.8041061803,-38.4764709992,,,cvp,ROUBO A PESSOA,,,,,,,,,,,CAPITAL LESTE
2.0,AIS 06,,,PARQUE ARAXÁ,Fortaleza,,Sim,2026-03-02,,,,22:07:51,75846,4399554.0,,-3.7335054277,-38.5474513157,,,cvp,ROUBO A PESSOA,,,,,,,,,,,CAPITAL OESTE
2.0,AIS 05,,,JOSÉ BONIFÁCIO,Fortaleza,,Sim,2026-03-02,,,,22:51:27,75847,4399555.0,,-3.7366425835,-38.5280217535,,,cvp,ROUBO A PESSOA,,,,,,,,,,,CAPITAL OESTE
2.0,AIS 06,,,JÓQUEI CLUBE,Fortaleza,,Sim,2026-03-02,,,,22:51:39,75848,4399556.0,,-3.7711888449,-38.5734867607,,,cvp,ROUBO A PESSOA,,,,,,,,,,,CAPITAL OESTE
2.0,AIS 16,,,JOSÉ DE ALENCAR,Fortaleza,,Sim,2026-03-02,,,,19:34:59,75849,4399545.0,,-3.810162359,-38.475837001,,,cvp,ROUBO A PESSOA,,,,,,,,,,,CAPITAL LESTE
2.0,AIS 22,,,PASSARÉ,Fortaleza,,Sim,2026-03-03,,,,11:01:11,75850,4399558.0,,-3.8243090101,-38.5420878769,,,cvp,ROUBO A MOTEL,,,,,,,,,,,CAPITAL LESTE
2.0,AIS 14,,,,Maracanaú,,Sim,2026-03-03,,,,05:22:24,75851,4399787.0,,-3.8794229445,-38.6253856052,,,cvp,ROUBO A ESTABELECIMENTO COMERCIAL,,,,,,,,,,AIS 14,RMF LESTE
2.0,AIS 06,,,ANTÔNIO BEZERRA,Fortaleza,,Sim,2026-03-03,,,,20:18:31,75852,4399566.0,,-3.7436283488,-38.5884124203,,,cvp,ROUBO A PESSOA,,,,,,,,,,,CAPITAL OESTE
2.0,AIS 08,,,MEIRELES,Fortaleza,,Sim,2026-03-03,,,,17:28:00,75853,4399562.0,,-3.7224044077,-38.5089361259,,,cvp,ROUBO A PESSOA,,,,,,,,,,,CAPITAL LESTE
2.0,AIS 05,,,FÁTIMA,Fortaleza,,Sim,2026-03-03,,,,23:53:46,75854,4399570.0,,-3.7472013295,-38.5268209739,,,cvp,ROUBO A PESSOA,,,,,,,,,,,CAPITAL OESTE
2.0,AIS 19,,,PAPICU,Fortaleza,,Sim,2026-03-03,,,,15:46:52,75855,4399561.0,,-3.7436451789,-38.475318386,,,cvp,ROUBO A FARMÁCIA,,,,,,,,,,,CAPITAL LESTE
2.0,AIS 29,,,,Fortim,,Sim,2026-03-03,,,,14:04:07,75856,4399805.0,,-4.4169861515,-37.89047918,,,cvp,ROUBO A RESIDÊNCIA,,,,,,,,,,AIS 29,NORDESTE
2.0,AIS 18,,,CENTRO,Fortaleza,,Sim,2026-03-03,,,,20:10:59,75857,4399565.0,,-3.7204614285,-38.5208267802,,,cvp,ROUBO A PESSOA,,,,,,,,,,,CAPITAL OESTE
2.0,AIS 19,,,COCÓ,Fortaleza,,Sim,2026-03-03,,,,18:05:49,75858,4399563.0,,-3.7425210662,-38.479117464,,,cvp,ROUBO A FARMÁCIA,,,,,,,,,,,CAPITAL LESTE
2.0,AIS 16,,,MESSEJANA,Fortaleza,,Sim,2026-03-03,,,,13:15:31,75859,4399560.0,,-3.8359259358,-38.4980170723,,,cvp,ROUBO A PESSOA,,,,,,,,,,,CAPITAL LESTE
2.0,AIS 22,,,PASSARÉ,Fortaleza,,Sim,2026-03-04,,,,06:43:35,75860,4399574.0,,-3.8030758673,-38.5328486212,,,cvp,ROUBO A PESSOA,,,,,,,,,,,CAPITAL LESTE
2.0,AIS 19,,,JOAQUIM TÁVORA,Fortaleza,,Sim,2026-03-04,,,,15:11:04,75861,4399579.0,,-3.7466539615,-38.5132442283,,,cvp,ROUBO A PESSOA,,,,,,,,,,,CAPITAL LESTE
2.0,AIS 05,,,JOSÉ BONIFÁCIO,Fortaleza,,Sim,2026-03-04,,,,15:43:12,75862,4399580.0,,-3.7358461407,-38.5285656581,,,cvp,ROUBO A PESSOA,,,,,,,,,,,CAPITAL OESTE
2.0,AIS 18,,,CENTRO,Fortaleza,,Sim,2026-03-04,,,,22:07:31,75863,4399585.0,,-3.7277319683,-38.5182697397,,,cvp,ROUBO A PESSOA,,,,,,,,,,,CAPITAL OESTE
2.0,AIS 19,,,DIONÍSIO TORRES,Fortaleza,,Sim,2026-03-04,,,,22:19:48,75864,4399586.0,,-3.7480594636,-38.505721114,,,cvp,ROUBO A PESSOA,,,,,,,,,,,CAPITAL LESTE
2.0,AIS 20,,,PLANALTO AYRTON SENNA,Fortaleza,,Sim,2026-03-04,,,,22:35:22,75865,4399587.0,,-3.8377291168,-38.5765314021,,,cvp,ROUBO A PESSOA,,,,,,,,,,,CAPITAL OESTE
2.0,AIS 19,,,DIONÍSIO TORRES,Fortaleza,,Sim,2026-03-04,,,,23:13:43,75866,4399589.0,,-3.7480594636,-38.505721114,,,cvp,ROUBO A PESSOA,,,,,,,,,,,CAPITAL LESTE
2.0,AIS 21,,,AEROLÂNDIA,Fortaleza,,Sim,2026-03-04,,,,03:42:55,75867,4399572.0,,-3.7774655133,-38.51634568,,,cvp,ROUBO A PESSOA,,,,,,,,,,,CAPITAL OESTE
2.0,AIS 22,,,DIAS MACÊDO,Fortaleza,,Sim,2026-03-04,,,,04:36:13,75868,4399573.0,,-3.7845965823,-38.5165047356,,,cvp,ROUBO A PESSOA,,,,,,,,,,,CAPITAL LESTE
2.0,AIS 06,,,PICI,Fortaleza,,Sim,2026-03-04,,,,09:17:00,75869,4399576.0,,-3.7574605219,-38.5725681013,,,cvp,ROUBO A PESSOA,,,,,,,,,,,CAPITAL OESTE
2.0,AIS 12,,,,Caucaia,,Sim,2026-03-04,,,,06:22:30,75870,4399490.0,,-3.7523994588,-38.6305631798,,,cvp,ROUBO A PESSOA,,,,,,,,,,AIS 12,RMF OESTE
2.0,AIS 12,,,,Caucaia,,Sim,2026-03-05,,,,05:47:47,75871,4399491.0,,-3.6995064614,-38.6454812969,,,cvp,ROUBO A PESSOA,,,,,,,,,,AIS 12,RMF OESTE
2.0,AIS 08,,,ALDEOTA,Fortaleza,,Sim,2026-03-05,,,,21:09:04,75872,4399606.0,,-3.7401706542,-38.5020510385,,,cvp,ROUBO A PESSOA,,,,,,,,,,,CAPITAL LESTE
2.0,AIS 06,,,ANTÔNIO BEZERRA,Fortaleza,,Sim,2026-03-05,,,,20:09:09,75873,4399604.0,,-3.7407029581,-38.5910007274,,,cvp,ROUBO A PESSOA,,,,,,,,,,,CAPITAL OESTE
2.0,AIS 05,,,BENFICA,Fortaleza,,Sim,2026-03-05,,,,14:37:26,75874,4399600.0,,-3.7417449977,-38.5413301745,,,cvp,ROUBO A PESSOA,,,,,,,,,,,CAPITAL OESTE
2.0,AIS 19,,,JOAQUIM TÁVORA,Fortaleza,,Sim,2026-03-05,,,,06:18:41,75875,4399591.0,,-3.7511665723,-38.520565532,,,cvp,ROUBO A PESSOA,,,,,,,,,,,CAPITAL LESTE
2.0,AIS 05,,,FÁTIMA,Fortaleza,,Sim,2026-03-05,,,,06:31:19,75876,4399592.0,,-3.7558401086,-38.5203431556,,,cvp,ROUBO A PESSOA,,,,,,,,,,,CAPITAL OESTE
2.0,AIS 08,,,MUCURIPE,Fortaleza,,Sim,2026-03-05,,,,08:23:32,75877,4399593.0,,-3.7279958399,-38.4812762247,,,cvp,ROUBO A PESSOA,,,,,,,,,,,CAPITAL LESTE
2.0,AIS 12,,,PARQUE SOLEDADE,Fortaleza,,Sim,2026-03-05,,,,09:16:52,75878,4399594.0,,-3.732818299,-38.6567171123,,,cvp,ROUBO A ESTABELECIMENTO COMERCIAL,,,,,,,,,,,RMF OESTE
2.0,AIS 19,,,SÃO JOÃO DO TAUAPE,Fortaleza,,Sim,2026-03-05,,,,10:58:45,75879,4399595.0,,-3.7585069166,-38.5168348009,,,cvp,ROUBO A PESSOA,,,,,,,,,,,CAPITAL LESTE
2.0,AIS 06,,,PARQUELÂNDIA,Fortaleza,,Sim,2026-03-05,,,,12:07:43,75880,4399596.0,,-3.7366149712,-38.5533210308,,,cvp,ROUBO A PESSOA,,,,,,,,,,,CAPITAL OESTE
2.0,AIS 05,,,AEROPORTO,Fortaleza,,Sim,2026-03-05,,,,12:55:57,75881,4399597.0,,-3.7816927773,-38.5354323746,,,cvp,ROUBO A COLETIVO,,,,,,,,,,,CAPITAL OESTE
2.0,AIS 06,,,PARQUELÂNDIA,Fortaleza,,Sim,2026-03-05,,,,14:22:52,75882,4399599.0,,-3.7374625618,-38.5642840858,,,cvp,ROUBO A PESSOA,,,,,,,,,,,CAPITAL OESTE
2.0,AIS 18,,,PRESIDENTE KENNEDY,Fortaleza,,Sim,2026-03-05,,,,18:04:28,75883,4399602.0,,-3.7346749096,-38.5657160724,,,cvp,ROUBO A PESSOA,,,,,,,,,,,CAPITAL OESTE
2.0,AIS 08,,,ALDEOTA,Fortaleza,,Sim,2026-03-06,,,,13:04:21,75884,4399619.0,,-3.7292608339,-38.5107329465,,,cvp,ROUBO A ESTABELECIMENTO COMERCIAL,,,,,,,,,,,CAPITAL LESTE
2.0,AIS 12,,,,Caucaia,,Sim,2026-03-06,,,,11:47:58,75885,4399494.0,,-3.650766585,-38.726030406,,,cvp,ROUBO A PESSOA,,,,,,,,,,AIS 12,RMF OESTE
2.0,AIS 22,,,PASSARÉ,Fortaleza,,Sim,2026-03-06,,,,00:03:37,75886,4399607.0,,-3.8158600289,-38.5314147715,,,cvp,ROUBO A COLETIVO,,,,,,,,,,,CAPITAL LESTE
2.0,AIS 18,,,CENTRO,Fortaleza,,Sim,2026-03-06,,,,03:29:47,75887,4399609.0,,-3.7288869805,-38.5196465723,,,cvp,ROUBO A RESIDÊNCIA,,,,,,,,,,,CAPITAL OESTE
2.0,AIS 18,,,CENTRO,Fortaleza,,Sim,2026-03-06,,,,05:17:42,75888,4399610.0,,-3.7230859959,-38.5282796933,,,cvp,ROUBO A PESSOA,,,,,,,,,,,CAPITAL OESTE
2.0,AIS 21,,,EDSON QUEIROZ,Fortaleza,,Sim,2026-03-06,,,,06:04:55,75889,4399611.0,,-3.7650581537,-38.4746906063,,,cvp,ROUBO A PESSOA,,,,,,,,,,,CAPITAL OESTE
2.0,AIS 05,,,FÁTIMA,Fortaleza,,Sim,2026-03-06,,,,06:15:45,75890,4399612.0,,-3.7532502431,-38.5287936464,,,cvp,ROUBO A PESSOA,,,,,,,,,,,CAPITAL OESTE
2.0,AIS 20,,,PREFEITO JOSÉ WALTER,Fortaleza,,Sim,2026-03-06,,,,08:04:00,75891,4399613.0,,-3.8228411658,-38.5554091746,,,cvp,ROUBO A PESSOA,,,,,,,,,,,CAPITAL OESTE
2.0,AIS 20,,,MONDUBIM,Fortaleza,,Sim,2026-03-06,,,,08:44:59,75892,4399614.0,,-3.8252946,-38.5623961667,,,cvp,ROUBO A PESSOA,,,,,,,,,,,CAPITAL OESTE
2.0,AIS 20,,,MANOEL SÁTIRO,Fortaleza,,Sim,2026-03-06,,,,10:15:03,75893,4399616.0,,-3.7976369624,-38.5756910467,,,cvp,ROUBO A PESSOA,,,,,,,,,,,CAPITAL OESTE
2.0,AIS 08,,,MEIRELES,Fortaleza,,Sim,2026-03-06,,,,18:46:09,75894,4399620.0,,-3.7269671471,-38.495221096,,,cvp,ROUBO A PESSOA,,,,,,,,,,,CAPITAL LESTE
2.0,AIS 21,,,CIDADE DOS FUNCIONÁRIOS,Fortaleza,,Sim,2026-03-06,,,,19:21:01,75895,4399621.0,,-3.7997863001,-38.4932863707,,,cvp,ROUBO A PESSOA,,,,,,,,,,,CAPITAL OESTE
2.0,AIS 08,,,ALDEOTA,Fortaleza,,Sim,2026-03-06,,,,19:23:42,75896,4399622.0,,-3.7324068174,-38.5127317548,,,cvp,ROUBO A PESSOA,,,,,,,,,,,CAPITAL LESTE
2.0,AIS 18,,,CENTRO,Fortaleza,,Sim,2026-03-06,,,,19:25:59,75897,4399623.0,,-3.7316905886,-38.5153251618,,,cvp,ROUBO A PESSOA,,,,,,,,,,,CAPITAL OESTE
2.0,AIS 19,,,DIONÍSIO TORRES,Fortaleza,,Sim,2026-03-06,,,,19:44:50,75898,4399625.0,,-3.7503374823,-38.5011091645,,,cvp,ROUBO A PESSOA,,,,,,,,,,,CAPITAL LESTE
2.0,AIS 08,,,ALDEOTA,Fortaleza,,Sim,2026-03-06,,,,20:14:47,75899,4399626.0,,-3.7367162039,-38.5060218597,,,cvp,ROUBO A PESSOA,,,,,,,,,,,CAPITAL LESTE
2.0,AIS 08,,,MEIRELES,Fortaleza,,Sim,2026-03-06,,,,20:49:18,75900,4399627.0,,-3.722737897,-38.5088308494,,,cvp,ROUBO A PESSOA,,,,,,,,,,,CAPITAL LESTE
2.0,,,,PATRIOLINO RIBEIRO,Fortaleza,,Sim,2026-03-06,,,,23:10:12,75901,4399628.0,,-3.7680690556,-38.4912968807,,,cvp,ROUBO A PESSOA,,,,,,,,,,,
2.0,AIS 06,,,DOM LUSTOSA,Fortaleza,,Sim,2026-03-06,,,,23:40:36,75902,4399629.0,,-3.7480082869,-38.5874159704,,,cvp,ROUBO A PESSOA,,,,,,,,,,,CAPITAL OESTE
2.0,AIS 19,,,PAPICU,Fortaleza,,Sim,2026-03-07,,,,02:35:45,75903,4399630.0,,-3.7405686575,-38.4840304524,,,cvp,ROUBO A ESTABELECIMENTO COMERCIAL,,,,,,,,,,,CAPITAL LESTE
2.0,AIS 19,,,PAPICU,Fortaleza,,Sim,2026-03-07,,,,04:45:50,75904,4399633.0,,-3.7381093472,-38.4838725845,,,cvp,ROUBO A PESSOA,,,,,,,,,,,CAPITAL LESTE
2.0,AIS 21,,,CIDADE DOS FUNCIONÁRIOS,Fortaleza,,Sim,2026-03-07,,,,06:11:37,75905,4399636.0,,-3.7886695358,-38.4936184125,,,cvp,ROUBO A PESSOA,,,,,,,,,,,CAPITAL OESTE
2.0,AIS 08,,,VARJOTA,Fortaleza,,Sim,2026-03-07,,,,06:49:37,75906,4399637.0,,-3.7392513632,-38.4878361067,,,cvp,ROUBO A PESSOA,,,,,,,,,,,CAPITAL LESTE
2.0,AIS 06,,,AMADEU FURTADO,Fortaleza,,Sim,2026-03-07,,,,12:32:11,75907,4399640.0,,-3.7475758836,-38.5573817801,,,cvp,ROUBO A MERCEARIA/MERCADINHO,,,,,,,,,,,CAPITAL OESTE
2.0,AIS 05,,,FÁTIMA,Fortaleza,,Sim,2026-03-07,,,,12:57:11,75908,4399641.0,,-3.7531037116,-38.5213683176,,,cvp,ROUBO A PESSOA,,,,,,,,,,,CAPITAL OESTE
2.0,AIS 12,,,,Caucaia,,Sim,2026-03-07,,,,14:41:33,75909,4399495.0,,-3.754894545,-38.6318361769,,,cvp,ROUBO A PESSOA,,,,,,,,,,AIS 12,RMF OESTE
2.0,,,,DENDÊ,Fortaleza,,Sim,2026-03-07,,,,19:37:51,75910,4399646.0,,-3.7983765296,-38.5556101428,,,cvp,ROUBO A RESIDÊNCIA,,,,,,,,,,,
2.0,AIS 05,,,JOSÉ BONIFÁCIO,Fortaleza,,Sim,2026-03-07,,,,19:14:00,75911,4399645.0,,-3.7422932588,-38.5278079122,,,cvp,ROUBO A PESSOA,,,,,,,,,,,CAPITAL OESTE
2.0,,,,GENTILÂNDIA,Fortaleza,,Sim,2026-03-07,,,,19:01:56,75912,4399644.0,,-3.7470350689,-38.5383372083,,,cvp,ROUBO A PESSOA,,,,,,,,,,,
2.0,AIS 22,,,CASTELÃO,Fortaleza,,Sim,2026-03-07,,,,19:48:09,75913,4399647.0,,-3.80288751,-38.5192122577,,,cvp,ROUBO A PESSOA,,,,,,,,,,,CAPITAL LESTE
2.0,AIS 25,,,,Horizonte,,Sim,2026-03-07,,,,11:04:21,75914,4399777.0,,-4.0908960155,-38.4806704292,,,cvp,ROUBO A PESSOA,,,,,,,,,,AIS 25,RMF LESTE
2.0,,,,CIRSTO REDENTOR,Fortaleza,,Sim,2026-03-07,,,,21:39:58,75915,4399649.0,,-3.7116128801,-38.5707330326,,,cvp,ROUBO A PESSOA,,,,,,,,,,,
2.0,AIS 09,,,,Morada Nova,,Sim,2026-03-08,,,,22:54:21,75916,4399813.0,,-5.1080558947,-38.3716797024,,,cvp,ROUBO A RESIDÊNCIA,,,,,,,,,,AIS 09,SUDESTE
2.0,AIS 18,,,CENTRO,Fortaleza,,Sim,2026-03-08,,,,18:06:58,75917,4399656.0,,-3.7327145811,-38.5260863358,,,cvp,ROUBO A PESSOA,,,,,,,,,,,CAPITAL OESTE
2.0,AIS 05,,,PARANGABA,Fortaleza,,Sim,2026-03-08,,,,18:45:58,75918,4399657.0,,-3.7753162872,-38.5616858413,,,cvp,ROUBO A ESTABELECIMENTO COMERCIAL,,,,,,,,,,,CAPITAL OESTE
2.0,AIS 05,,,VILA UNIÃO,Fortaleza,,Sim,2026-03-08,,,,12:14:28,75919,4399654.0,,-3.7627075128,-38.5342117327,,,cvp,ROUBO A PESSOA,,,,,,,,,,,CAPITAL OESTE
2.0,AIS 08,,,VICENTE PINZÓN,Fortaleza,,Sim,2026-03-08,,,,21:26:45,75920,4399658.0,,-3.7250698603,-38.4798146711,,,cvp,ROUBO A PESSOA,,,,,,,,,,,CAPITAL LESTE
2.0,AIS 08,,,ALDEOTA,Fortaleza,,Sim,2026-03-08,,,,14:25:19,75921,4399655.0,,-3.7304162716,-38.5143225708,,,cvp,ROUBO A FARMÁCIA,,,,,,,,,,,CAPITAL LESTE
2.0,AIS 05,,,DAMAS,Fortaleza,,Sim,2026-03-08,,,,03:38:08,75922,4399653.0,,-3.7513808161,-38.5485601013,,,cvp,ROUBO A PESSOA,,,,,,,,,,,CAPITAL OESTE
2.0,AIS 24,,,,Eusébio,,Sim,2026-03-08,,,,21:31:46,75923,4399516.0,,-3.8696167776,-38.4719126043,,,cvp,ROUBO A PESSOA,,,,,,,,,,AIS 24,RMF LESTE
2.0,AIS 23,,,,Trairi,,Sim,2026-03-09,,,,19:50:53,75924,4399821.0,,-3.2777572398,-39.2681232382,,,cvp,ROUBO A PESSOA,,,,,,,,,,AIS 23,RMF OESTE
2.0,AIS 12,,,,Caucaia,,Sim,2026-03-09,,,,05:44:13,75925,4399497.0,,-3.7228210755,-38.6527976698,,,cvp,ROUBO A PESSOA,,,,,,,,,,AIS 12,RMF OESTE
2.0,AIS 12,,,,Caucaia,,Sim,2026-03-09,,,,06:12:16,75926,4399498.0,,-3.7241115566,-38.6563760297,,,cvp,ROUBO A PESSOA,,,,,,,,,,AIS 12,RMF OESTE
2.0,AIS 12,,,,Caucaia,,Sim,2026-03-09,,,,13:20:31,75927,4399499.0,,-3.7343059478,-38.6585643896,,,cvp,ROUBO A ESTABELECIMENTO COMERCIAL,,,,,,,,,,AIS 12,RMF OESTE
2.0,AIS 21,,,AEROLÂNDIA,Fortaleza,,Sim,2026-03-09,,,,08:39:33,75928,4399665.0,,-3.7708583309,-38.5134359607,,,cvp,ROUBO A PESSOA,,,,,,,,,,,CAPITAL OESTE
2.0,AIS 09,,,,Limoeiro do Norte,,Sim,2026-03-09,,,,20:11:20,75929,4399812.0,,-5.1463418699,-38.0961632753,,,cvp,ROUBO A PESSOA,,,,,,,,,,AIS 09,SUDESTE
2.0,AIS 19,,,SÃO JOÃO DO TAUAPE,Fortaleza,,Sim,2026-03-09,,,,09:03:03,75930,4399666.0,,-3.7550878274,-38.5186025965,,,cvp,ROUBO A ESTABELECIMENTO COMERCIAL,,,,,,,,,,,CAPITAL LESTE
2.0,AIS 08,,,MUCURIPE,Fortaleza,,Sim,2026-03-09,,,,10:29:01,75931,4399667.0,,-3.7247596105,-38.4837258446,,,cvp,ROUBO A PESSOA,,,,,,,,,,,CAPITAL LESTE
2.0,AIS 08,,,ALDEOTA,Fortaleza,,Sim,2026-03-09,,,,10:44:54,75932,4399668.0,,-3.7394360926,-38.4970295637,,,cvp,ROUBO A PESSOA,,,,,,,,,,,CAPITAL LESTE
2.0,AIS 16,,,MESSEJANA,Fortaleza,,Sim,2026-03-09,,,,10:56:46,75933,4399669.0,,-3.8312729595,-38.4948507057,,,cvp,ROUBO SAIDINHA BANCÁRIA,,,,,,,,,,,CAPITAL LESTE
2.0,AIS 05,,,AEROPORTO,Fortaleza,,Sim,2026-03-09,,,,13:25:19,75934,4399671.0,,-3.7708482867,-38.5299993471,,,cvp,ROUBO A PESSOA,,,,,,,,,,,CAPITAL OESTE
2.0,AIS 08,,,VARJOTA,Fortaleza,,Sim,2026-03-09,,,,17:26:29,75935,4399672.0,,-3.7324150688,-38.4881722782,,,cvp,ROUBO A PESSOA,,,,,,,,,,,CAPITAL LESTE
2.0,AIS 21,,,EDSON QUEIROZ,Fortaleza,,Sim,2026-03-09,,,,19:47:58,75936,4399674.0,,-3.7648745362,-38.4812084876,,,cvp,ROUBO A COLETIVO,,,,,,,,,,,CAPITAL OESTE
2.0,AIS 21,,,EDSON QUEIROZ,Fortaleza,,Sim,2026-03-09,,,,20:37:17,75937,4399676.0,,-3.7758359652,-38.4813509462,,,cvp,ROUBO A PESSOA,,,,,,,,,,,CAPITAL OESTE
2.0,AIS 08,,,ALDEOTA,Fortaleza,,Sim,2026-03-09,,,,20:54:06,75938,4399677.0,,-3.7411706145,-38.5083565585,,,cvp,ROUBO A FARMÁCIA,,,,,,,,,,,CAPITAL LESTE
2.0,AIS 14,,,,Maracanaú,,Sim,2026-03-09,,,,23:24:58,75939,4399789.0,,-3.8607129015,-38.5885191943,,,cvp,ROUBO A PESSOA,,,,,,,,,,AIS 14,RMF LESTE
2.0,AIS 05,,,FÁTIMA,Fortaleza,,Sim,2026-03-09,,,,01:16:52,75940,4399659.0,,-3.7461102755,-38.5307842755,,,cvp,ROUBO A PESSOA,,,,,,,,,,,CAPITAL OESTE
2.0,AIS 16,,,MESSEJANA,Fortaleza,,Sim,2026-03-09,,,,03:16:46,75941,4399660.0,,-3.8375571867,-38.49736072,,,cvp,ROUBO A RESIDÊNCIA,,,,,,,,,,,CAPITAL LESTE
2.0,AIS 21,,,EDSON QUEIROZ,Fortaleza,,Sim,2026-03-09,,,,06:14:12,75942,4399661.0,,-3.7747362078,-38.4800454896,,,cvp,ROUBO A PESSOA,,,,,,,,,,,CAPITAL OESTE
2.0,AIS 08,,,ALDEOTA,Fortaleza,,Sim,2026-03-09,,,,07:31:11,75943,4399663.0,,-3.730715559,-38.5120882618,,,cvp,ROUBO A PESSOA,,,,,,,,,,,CAPITAL LESTE
2.0,AIS 22,,,CASTELÃO,Fortaleza,,Sim,2026-03-09,,,,08:29:26,75944,4399664.0,,-3.8086583315,-38.51775699,,,cvp,ROUBO A PESSOA,,,,,,,,,,,CAPITAL LESTE
2.0,AIS 14,,,,Maracanaú,,Sim,2026-03-10,,,,20:34:58,75945,4399791.0,,-3.838183477,-38.5878620806,,,cvp,ROUBO A PESSOA,,,,,,,,,,AIS 14,RMF LESTE
2.0,AIS 06,,,GENIBAÚ,Fortaleza,,Sim,2026-03-10,,,,05:14:29,75946,4399680.0,,-3.7605080506,-38.602858626,,,cvp,ROUBO A PESSOA,,,,,,,,,,,CAPITAL OESTE
2.0,AIS 08,,,ALDEOTA,Fortaleza,,Sim,2026-03-10,,,,00:47:43,75947,4399678.0,,-3.7351217417,-38.5121521999,,,cvp,ROUBO A PESSOA,,,,,,,,,,,CAPITAL LESTE
2.0,AIS 06,,,HENRIQUE JORGE,Fortaleza,,Sim,2026-03-10,,,,11:07:13,75948,4399688.0,,-3.7591410648,-38.5920440316,,,cvp,ROUBO A PESSOA,,,,,,,,,,,CAPITAL OESTE
2.0,AIS 08,,,VARJOTA,Fortaleza,,Sim,2026-03-10,,,,12:23:02,75949,4399690.0,,-3.7338199485,-38.4882375642,,,cvp,ROUBO A PESSOA,,,,,,,,,,,CAPITAL LESTE
2.0,AIS 18,,,JACARECANGA,Fortaleza,,Sim,2026-03-10,,,,09:59:37,75950,4399687.0,,-3.7236745773,-38.5426607235,,,cvp,ROUBO A PESSOA,,,,,,,,,,,CAPITAL OESTE
2.0,AIS 19,,,SÃO JOÃO DO TAUAPE,Fortaleza,,Sim,2026-03-10,,,,09:39:08,75951,4399686.0,,-3.7549528951,-38.518680389,,,cvp,ROUBO A PESSOA,,,,,,,,,,,CAPITAL LESTE
2.0,AIS 05,,,BENFICA,Fortaleza,,Sim,2026-03-10,,,,05:36:48,75952,4399681.0,,-3.7382169329,-38.5400157657,,,cvp,ROUBO A PESSOA,,,,,,,,,,,CAPITAL OESTE
2.0,AIS 08,,,ALDEOTA,Fortaleza,,Sim,2026-03-10,,,,20:10:21,75953,4399697.0,,-3.7394360926,-38.4970295637,,,cvp,ROUBO A PESSOA,,,,,,,,,,,CAPITAL LESTE
2.0,AIS 19,,,PAPICU,Fortaleza,,Sim,2026-03-10,,,,16:05:12,75954,4399693.0,,-3.744866865,-38.4702904462,,,cvp,ROUBO A PESSOA,,,,,,,,,,,CAPITAL LESTE
2.0,AIS 05,,,JARDIM GUANABARA,Fortaleza,,Sim,2026-03-10,,,,18:03:31,75955,4399694.0,,-3.7237436082,-38.5885766628,,,cvp,ROUBO A PESSOA,,,,,,,,,,,CAPITAL OESTE
2.0,AIS 12,,,,Caucaia,,Sim,2026-03-10,,,,12:26:06,75956,4399502.0,,-3.6782562754,-38.749847684,,,cvp,ROUBO A PESSOA,,,,,,,,,,AIS 12,RMF OESTE
2.0,AIS 12,,,,Caucaia,,Sim,2026-03-11,,,,10:34:11,75957,4399503.0,,-3.725920215,-38.7665327167,,,cvp,ROUBO A PESSOA,,,,,,,,,,AIS 12,RMF OESTE
2.0,AIS 27,,,,Acaraú,,Sim,2026-03-11,,,,04:46:04,75958,4399798.0,,-2.8975306094,-40.1189226639,,,cvp,ROUBO A RESIDÊNCIA,,,,,,,,,,AIS 27,NORTE
2.0,AIS 14,,,,Maracanaú,,Sim,2026-03-11,,,,04:58:42,75959,4399792.0,,-3.8343569145,-38.6115728592,,,cvp,ROUBO A PESSOA,,,,,,,,,,AIS 14,RMF LESTE
2.0,AIS 22,,,DIAS MACÊDO,Fortaleza,,Sim,2026-03-11,,,,08:36:15,75960,4399703.0,,-3.7822626359,-38.5145405793,,,cvp,ROUBO A PESSOA,,,,,,,,,,,CAPITAL LESTE
2.0,AIS 08,,,ALDEOTA,Fortaleza,,Sim,2026-03-11,,,,11:17:04,75961,4399704.0,,-3.7371129878,-38.5066639055,,,cvp,ROUBO A FARMÁCIA,,,,,,,,,,,CAPITAL LESTE
2.0,AIS 18,,,CENTRO,Fortaleza,,Sim,2026-03-11,,,,01:34:03,75962,4399700.0,,-3.7351993723,-38.5208535637,,,cvp,ROUBO A PESSOA,,,,,,,,,,,CAPITAL OESTE
2.0,AIS 06,,,ANTÔNIO BEZERRA,Fortaleza,,Sim,2026-03-11,,,,01:11:26,75963,4399699.0,,-3.7378447787,-38.594377242,,,cvp,ROUBO A PESSOA,,,,,,,,,,,CAPITAL OESTE
2.0,,,,JANGURURSSU,Fortaleza,,Sim,2026-03-11,,,,16:43:33,75964,4399705.0,,-3.8339533047,-38.5178862466,,,cvp,ROUBO A PESSOA,,,,,,,,,,,
2.0,AIS 18,,,BARRA DO CEARÁ,Fortaleza,,Sim,2026-03-11,,,,17:29:06,75965,4399706.0,,-3.6998312312,-38.5875016157,,,cvp,ROUBO A PESSOA,,,,,,,,,,,CAPITAL OESTE
2.0,AIS 18,,,SÃO GERARDO,Fortaleza,,Sim,2026-03-11,,,,07:39:30,75966,4399701.0,,-3.7330142084,-38.5608085489,,,cvp,ROUBO A PESSOA,,,,,,,,,,,CAPITAL OESTE
2.0,AIS 06,,,PADRE ANDRADE,Fortaleza,,Sim,2026-03-11,,,,07:55:44,75967,4399702.0,,-3.7327549669,-38.5800695821,,,cvp,ROUBO A PESSOA,,,,,,,,,,,CAPITAL OESTE
2.0,AIS 06,,,PARQUELÂNDIA,Fortaleza,,Sim,2026-03-12,,,,13:36:16,75968,4399712.0,,-3.7364658785,-38.5649873671,,,cvp,ROUBO A PESSOA,,,,,,,,,,,CAPITAL OESTE
2.0,AIS 08,,,MEIRELES,Fortaleza,,Sim,2026-03-12,,,,05:38:52,75969,4399708.0,,-3.7331328592,-38.4932127107,,,cvp,ROUBO A PESSOA,,,,,,,,,,,CAPITAL LESTE
2.0,,,,JANGURURSSU,Fortaleza,,Sim,2026-03-12,,,,10:43:35,75970,4399709.0,,-3.8393349602,-38.5163284366,,,cvp,ROUBO A PESSOA,,,,,,,,,,,
2.0,AIS 08,,,MEIRELES,Fortaleza,,Sim,2026-03-12,,,,11:33:43,75971,4399710.0,,-3.7226590102,-38.5091537329,,,cvp,ROUBO A PESSOA,,,,,,,,,,,CAPITAL LESTE
2.0,AIS 18,,,JACARECANGA,Fortaleza,,Sim,2026-03-12,,,,12:01:28,75972,4399711.0,,-3.7175630824,-38.546788116,,,cvp,ROUBO A PESSOA,,,,,,,,,,,CAPITAL OESTE
2.0,AIS 22,,,DIAS MACÊDO,Fortaleza,,Sim,2026-03-12,,,,14:26:26,75973,4399714.0,,-3.7822094539,-38.5144008372,,,cvp,ROUBO A PESSOA,,,,,,,,,,,CAPITAL LESTE
2.0,AIS 05,,,SERRINHA,Fortaleza,,Sim,2026-03-12,,,,17:09:37,75974,4399716.0,,-3.7890496925,-38.5425876932,,,cvp,ROUBO A PESSOA,,,,,,,,,,,CAPITAL OESTE
2.0,AIS 21,,,AEROLÂNDIA,Fortaleza,,Sim,2026-03-12,,,,17:32:21,75975,4399717.0,,-3.772886225,-38.5123257672,,,cvp,ROUBO A PESSOA,,,,,,,,,,,CAPITAL OESTE
2.0,AIS 06,,,JÓQUEI CLUBE,Fortaleza,,Sim,2026-03-12,,,,18:34:31,75976,4399718.0,,-3.7642741517,-38.5743048826,,,cvp,ROUBO A PESSOA,,,,,,,,,,,CAPITAL OESTE
2.0,AIS 06,,,QUINTINO CUNHA,Fortaleza,,Sim,2026-03-12,,,,20:47:08,75977,4399722.0,,-3.7279157365,-38.5914210761,,,cvp,ROUBO A PESSOA,,,,,,,,,,,CAPITAL OESTE
2.0,AIS 14,,,,Maracanaú,,Sim,2026-03-12,,,,13:49:15,75978,4399793.0,,-3.8448504505,-38.5862429986,,,cvp,ROUBO A PESSOA C/ CONSTRANGIMENTO DA LIBERDADE,,,,,,,,,,AIS 14,RMF LESTE
2.0,AIS 09,,,,Russas,,Sim,2026-03-13,,,,16:54:27,75979,4399819.0,,-4.931730469,-37.972309372,,,cvp,ROUBO A PESSOA,,,,,,,,,,AIS 09,SUDESTE
2.0,AIS 10,,,,Iguatu,,Sim,2026-03-13,,,,14:42:21,75980,4399808.0,,-6.3554971685,-39.2977737522,,,cvp,ROUBO A PESSOA,,,,,,,,,,AIS 10,SUL
2.0,AIS 18,,,CENTRO,Fortaleza,,Sim,2026-03-13,,,,19:53:21,75981,4399738.0,,-3.7269443296,-38.5341092431,,,cvp,ROUBO A PESSOA,,,,,,,,,,,CAPITAL OESTE
2.0,AIS 08,,,ALDEOTA,Fortaleza,,Sim,2026-03-13,,,,18:14:35,75982,4399734.0,,-3.7342912445,-38.5061463196,,,cvp,ROUBO A FARMÁCIA,,,,,,,,,,,CAPITAL LESTE
2.0,AIS 20,,,MONDUBIM,Fortaleza,,Sim,2026-03-13,,,,22:11:37,75983,4399740.0,,-3.820541236,-38.5855124637,,,cvp,ROUBO A PESSOA,,,,,,,,,,,CAPITAL OESTE
2.0,AIS 12,,,,Caucaia,,Sim,2026-03-13,,,,13:50:29,75984,4399508.0,,-3.7694623692,-38.6173078558,,,cvp,ROUBO A PESSOA,,,,,,,,,,AIS 12,RMF OESTE
2.0,AIS 12,,,,Caucaia,,Sim,2026-03-13,,,,10:28:19,75985,4399507.0,,-3.7565814655,-38.6243667072,,,cvp,ROUBO A PESSOA,,,,,,,,,,AIS 12,RMF OESTE
2.0,AIS 19,,,COCÓ,Fortaleza,,Sim,2026-03-13,,,,21:03:06,75986,4399739.0,,-3.7478969406,-38.4900771509,,,cvp,ROUBO A PESSOA,,,,,,,,,,,CAPITAL LESTE
2.0,,,,JANGURURSSU,Fortaleza,,Sim,2026-03-13,,,,06:04:05,75987,4399726.0,,-3.842548607,-38.5151067817,,,cvp,ROUBO A PESSOA,,,,,,,,,,,
2.0,AIS 18,,,CENTRO,Fortaleza,,Sim,2026-03-13,,,,06:59:13,75988,4399727.0,,-3.7309357917,-38.5205183525,,,cvp,ROUBO A PESSOA,,,,,,,,,,,CAPITAL OESTE
2.0,AIS 18,,,CENTRO,Fortaleza,,Sim,2026-03-13,,,,07:18:45,75989,4399728.0,,-3.727699837,-38.5197257433,,,cvp,ROUBO A PESSOA,,,,,,,,,,,CAPITAL OESTE
2.0,AIS 08,,,PRAIA DE IRACEMA,Fortaleza,,Sim,2026-03-13,,,,12:43:58,75990,4399729.0,,-3.7197589898,-38.5116765419,,,cvp,ROUBO A PESSOA,,,,,,,,,,,CAPITAL LESTE
2.0,AIS 18,,,CENTRO,Fortaleza,,Sim,2026-03-13,,,,13:25:30,75991,4399730.0,,-3.7335664168,-38.5161694715,,,cvp,ROUBO A PESSOA,,,,,,,,,,,CAPITAL OESTE
2.0,AIS 08,,,MUCURIPE,Fortaleza,,Sim,2026-03-13,,,,16:53:23,75992,4399733.0,,-3.7239581992,-38.4805448403,,,cvp,ROUBO A PESSOA,,,,,,,,,,,CAPITAL LESTE
2.0,AIS 18,,,CENTRO,Fortaleza,,Sim,2026-03-13,,,,01:59:14,75993,4399724.0,,-3.7336648122,-38.5257044466,,,cvp,ROUBO A PESSOA,,,,,,,,,,,CAPITAL OESTE
2.0,AIS 07,,,,Varjota,,Sim,2026-03-13,,,,18:50:34,75994,4399823.0,,-4.1939284085,-40.4763827921,,,cvp,ROUBO A PESSOA,,,,,,,,,,AIS 07,NORTE
2.0,AIS 17,,,CANINDEZINHO,Fortaleza,,Sim,2026-03-14,,,,18:51:05,75995,4399751.0,,-3.8177651682,-38.6131615843,,,cvp,ROUBO APLICATIVO DE TRANSPORTE,,,,,,,,,,,CAPITAL OESTE
2.0,AIS 05,,,JOSÉ BONIFÁCIO,Fortaleza,,Sim,2026-03-14,,,,03:45:46,75996,4399743.0,,-3.7419148349,-38.5237994919,,,cvp,ROUBO A PESSOA,,,,,,,,,,,CAPITAL OESTE
2.0,AIS 08,,,VICENTE PINZÓN,Fortaleza,,Sim,2026-03-14,,,,12:31:18,75997,4399749.0,,-3.7273187668,-38.4727300559,,,cvp,ROUBO A RESIDÊNCIA,,,,,,,,,,,CAPITAL LESTE
2.0,AIS 08,,,PRAIA DE IRACEMA,Fortaleza,,Sim,2026-03-14,,,,17:36:55,75998,4399750.0,,-3.7192465494,-38.5138886066,,,cvp,ROUBO A PESSOA,,,,,,,,,,,CAPITAL LESTE
2.0,,,,GENTILÂNDIA,Fortaleza,,Sim,2026-03-14,,,,05:44:11,75999,4399744.0,,-3.7440568663,-38.5385829993,,,cvp,ROUBO A PESSOA,,,,,,,,,,,
2.0,AIS 21,,,CAMBEBA,Fortaleza,,Sim,2026-03-14,,,,20:21:03,76000,4399752.0,,-3.8064968379,-38.4833784158,,,cvp,ROUBO A PESSOA,,,,,,,,,,,CAPITAL OESTE
2.0,AIS 23,,,,Paraipaba,,Sim,2026-03-14,,,,08:16:11,76001,4399817.0,,-3.4319597266,-39.1450462418,,,cvp,ROUBO A PESSOA,,,,,,,,,,AIS 23,RMF OESTE
2.0,AIS 29,,,,Aracati,,Sim,2026-03-15,,,,11:53:39,76002,4399800.0,,-4.5270909914,-37.6968219572,,,cvp,ROUBO A PESSOA,,,,,,,,,,AIS 29,NORDESTE
2.0,AIS 29,,,,Aracati,,Sim,2026-03-15,,,,11:56:58,76003,4399801.0,,-4.5254524075,-37.7053319268,,,cvp,ROUBO A PESSOA,,,,,,,,,,AIS 29,NORDESTE
2.0,AIS 28,,,,Apuiarés,,Sim,2026-03-15,,,,20:33:22,76004,4399799.0,,-3.946157347,-39.4301752245,,,cvp,ROUBO A ESTABELECIMENTO COMERCIAL,,,,,,,,,,AIS 28,NORTE
2.0,AIS 21,,,ALTO DA BALANÇA,Fortaleza,,Sim,2026-03-15,,,,00:38:33,76005,4399754.0,,-3.7653043851,-38.5130065009,,,cvp,ROUBO A RESIDÊNCIA,,,,,,,,,,,CAPITAL OESTE
2.0,AIS 20,,,PARQUE DOIS IRMĂOS,Fortaleza,,Sim,2026-03-15,,,,03:17:15,76006,4399755.0,,-3.8134820517,-38.5536596549,,,cvp,ROUBO A PESSOA,,,,,,,,,,,CAPITAL OESTE
2.0,AIS 20,,,PREFEITO JOSÉ WALTER,Fortaleza,,Sim,2026-03-15,,,,04:13:09,76007,4399757.0,,-3.831394396,-38.5356909732,,,cvp,ROUBO A PESSOA,,,,,,,,,,,CAPITAL OESTE
2.0,AIS 18,,,CENTRO,Fortaleza,,Sim,2026-03-15,,,,03:31:44,76008,4399756.0,,-3.7325196092,-38.5287378152,,,cvp,ROUBO A PESSOA,,,,,,,,,,,CAPITAL OESTE
2.0,,,,SAPIRANGA COITÉ,Fortaleza,,Sim,2026-03-15,,,,14:38:23,76009,4399762.0,,-3.8070882144,-38.4608602706,,,cvp,ROUBO A PESSOA,,,,,,,,,,,
2.0,AIS 12,,,,Caucaia,,Sim,2026-03-15,,,,11:17:20,76010,4399510.0,,-3.7530052552,-38.6310537384,,,cvp,ROUBO A PESSOA,,,,,,,,,,AIS 12,RMF OESTE
2.0,AIS 21,,,AEROLÂNDIA,Fortaleza,,Sim,2026-03-15,,,,21:53:35,76011,4399766.0,,-3.7764208868,-38.5148617337,,,cvp,ROUBO A PESSOA,,,,,,,,,,,CAPITAL OESTE
2.0,AIS 20,,,MONDUBIM,Fortaleza,,Sim,2026-03-15,,,,23:38:06,76012,4399767.0,,-3.807847937,-38.5639546999,,,cvp,ROUBO A PESSOA,,,,,,,,,,,CAPITAL OESTE
2.0,AIS 18,,,CENTRO,Fortaleza,,Sim,2026-03-15,,,,04:33:15,76013,4399759.0,,-3.7248251021,-38.5174294129,,,cvp,ROUBO A PESSOA,,,,,,,,,,,CAPITAL OESTE
2.0,AIS 05,,,VILA PERY,Fortaleza,,Sim,2026-03-15,,,,05:49:06,76014,4399760.0,,-3.7945173628,-38.5867864874,,,cvp,ROUBO A COLETIVO,,,,,,,,,,,CAPITAL OESTE
2.0,AIS 20,,,MONDUBIM,Fortaleza,,Sim,2026-03-15,,,,23:55:50,76015,4399768.0,,-3.8096227091,-38.5729530431,,,cvp,ROUBO A PESSOA,,,,,,,,,,,CAPITAL OESTE
2.0,AIS 21,,,ENGENHEIRO LUCIANO CAVALCANTE,Fortaleza,,Sim,2026-03-15,,,,20:57:54,76016,4399765.0,,-3.7701852365,-38.4976756007,,,cvp,ROUBO A PESSOA,,,,,,,,,,,CAPITAL LESTE
2.0,AIS 21,,,CAMBEBA,Fortaleza,,Sim,2026-03-16,,,,07:35:10,76017,4399775.0,,-3.8021651849,-38.4893109574,,,cvp,ROUBO A PESSOA,,,,,,,,,,,CAPITAL OESTE
2.0,AIS 22,,,CASTELÃO,Fortaleza,,Sim,2026-03-16,,,,06:46:06,76018,4399773.0,,-3.8025544544,-38.5197697414,,,cvp,ROUBO A PESSOA,,,,,,,,,,,CAPITAL LESTE
2.0,AIS 06,,,ANTÔNIO BEZERRA,Fortaleza,,Sim,2026-03-16,,,,07:05:22,76019,4399774.0,,-3.7400339452,-38.5884735345,,,cvp,ROUBO A PESSOA,,,,,,,,,,,CAPITAL OESTE
2.0,,,,SAPIRANGA COITÉ,Fortaleza,,Sim,2026-03-16,,,,06:06:37,76020,4399771.0,,-3.8002486771,-38.4638840605,,,cvp,ROUBO A PESSOA,,,,,,,,,,,
2.0,AIS 16,,,MESSEJANA,Fortaleza,,Sim,2026-03-16,,,,06:16:54,76021,4399772.0,,-3.8327860585,-38.4840680753,,,cvp,ROUBO A PESSOA,,,,,,,,,,,CAPITAL LESTE
2.0,AIS 12,,,,Caucaia,,Sim,2026-03-01,,,,00:05:02,76048,4402353.0,,-3.7317511359,-38.6576254666,,,cvp,ROUBO A CLÍNICA/CONSULTÓRIO,,,,,,,,,,AIS 12,RMF OESTE
2.0,AIS 14,,,,Maracanaú,,Sim,2026-03-01,,,,19:35:14,76049,4402732.0,,-3.821650928,-38.6318690256,,,cvp,ROUBO APLICATIVO DE ENTREGAS,,,,,,,,,,AIS 14,RMF LESTE
2.0,AIS 31,,,,Pedra Branca,,Sim,2026-03-01,,,,23:12:27,76050,4402774.0,,-5.4694869021,-39.7136101935,,,cvp,ROUBO A RESIDÊNCIA,,,,,,,,,,AIS 31,SUDESTE
2.0,AIS 05,,,PARANGABA,Fortaleza,,Sim,2026-03-01,,,,00:03:27,76051,4402390.0,,-3.7767617401,-38.5686687549,,,cvp,ROUBO A COLETIVO,,,,,,,,,,,CAPITAL OESTE
2.0,AIS 06,,,RODOLFO TEÓFILO,Fortaleza,,Sim,2026-03-01,,,,03:30:34,76052,4402393.0,,-3.7454978453,-38.5490313179,,,cvp,ROUBO A RESIDÊNCIA,,,,,,,,,,,CAPITAL OESTE
2.0,AIS 18,,,VILA VELHA,Fortaleza,,Sim,2026-03-01,,,,05:58:53,76053,4402396.0,,-3.714571087,-38.5921125284,,,cvp,ROUBO A PESSOA,,,,,,,,,,,CAPITAL OESTE
2.0,AIS 18,,,CENTRO,Fortaleza,,Sim,2026-03-01,,,,10:53:27,76054,4402397.0,,-3.7218229835,-38.5282551505,,,cvp,ROUBO A PESSOA,,,,,,,,,,,CAPITAL OESTE
2.0,AIS 06,,,RODOLFO TEÓFILO,Fortaleza,,Sim,2026-03-01,,,,11:17:48,76055,4402398.0,,-3.7483241637,-38.5489639496,,,cvp,ROUBO A COLETIVO,,,,,,,,,,,CAPITAL OESTE
2.0,AIS 20,,,PREFEITO JOSÉ WALTER,Fortaleza,,Sim,2026-03-01,,,,22:39:31,76056,4402405.0,,-3.8365714428,-38.5514668693,,,cvp,ROUBO A PESSOA,,,,,,,,,,,CAPITAL OESTE
2.0,AIS 19,,,COCÓ,Fortaleza,,Sim,2026-03-01,,,,19:17:09,76057,4402403.0,,-3.7425210662,-38.479117464,,,cvp,ROUBO A FARMÁCIA,,,,,,,,,,,CAPITAL LESTE
2.0,AIS 08,,,ALDEOTA,Fortaleza,,Sim,2026-03-01,,,,18:05:15,76058,4402402.0,,-3.7311305951,-38.5076811602,,,cvp,ROUBO A PESSOA,,,,,,,,,,,CAPITAL LESTE
2.0,AIS 19,,,JOAQUIM TÁVORA,Fortaleza,,Sim,2026-03-01,,,,17:55:19,76059,4402401.0,,-3.7415697268,-38.522344659,,,cvp,ROUBO A PESSOA,,,,,,,,,,,CAPITAL LESTE
2.0,AIS 18,,,FLORESTA,Fortaleza,,Sim,2026-03-02,,,,14:34:59,76060,4402415.0,,-3.7228843619,-38.5704535491,,,cvp,ROUBO A PESSOA,,,,,,,,,,,CAPITAL OESTE
2.0,AIS 08,,,ALDEOTA,Fortaleza,,Sim,2026-03-02,,,,07:28:30,76061,4402410.0,,-3.7350617364,-38.5148725017,,,cvp,ROUBO A PESSOA,,,,,,,,,,,CAPITAL LESTE
2.0,AIS 19,,,COCÓ,Fortaleza,,Sim,2026-03-02,,,,11:51:57,76062,4402412.0,,-3.742329524,-38.4827275034,,,cvp,ROUBO A PESSOA,,,,,,,,,,,CAPITAL LESTE
2.0,AIS 18,,,FLORESTA,Fortaleza,,Sim,2026-03-02,,,,12:52:20,76063,4402413.0,,-3.727671218,-38.5767574566,,,cvp,ROUBO A PESSOA,,,,,,,,,,,CAPITAL OESTE
2.0,AIS 05,,,DAMAS,Fortaleza,,Sim,2026-03-02,,,,13:49:48,76064,4402414.0,,-3.7567893391,-38.5490585805,,,cvp,ROUBO A PESSOA,,,,,,,,,,,CAPITAL OESTE
2.0,AIS 17,,,GRANJA PORTUGAL,Fortaleza,,Sim,2026-03-02,,,,17:36:01,76065,4402416.0,,-3.7784808406,-38.6067648318,,,cvp,ROUBO A PESSOA,,,,,,,,,,,CAPITAL OESTE
2.0,AIS 06,,,DOM LUSTOSA,Fortaleza,,Sim,2026-03-02,,,,19:27:07,76066,4402417.0,,-3.7468128622,-38.5857080716,,,cvp,ROUBO A PESSOA,,,,,,,,,,,CAPITAL OESTE
2.0,AIS 16,,,JOSÉ DE ALENCAR,Fortaleza,,Sim,2026-03-02,,,,19:34:59,76067,4402418.0,,-3.810162359,-38.475837001,,,cvp,ROUBO A PESSOA,,,,,,,,,,,CAPITAL LESTE
2.0,AIS 18,,,CENTRO,Fortaleza,,Sim,2026-03-02,,,,19:37:16,76068,4402419.0,,-3.7305115818,-38.5165394631,,,cvp,ROUBO A PESSOA,,,,,,,,,,,CAPITAL OESTE
2.0,AIS 08,,,MEIRELES,Fortaleza,,Sim,2026-03-02,,,,19:49:25,76069,4402421.0,,-3.7237743968,-38.5100198757,,,cvp,ROUBO A PESSOA,,,,,,,,,,,CAPITAL LESTE
2.0,AIS 16,,,JOSÉ DE ALENCAR,Fortaleza,,Sim,2026-03-02,,,,20:03:58,76070,4402423.0,,-3.8041061803,-38.4764709992,,,cvp,ROUBO A PESSOA,,,,,,,,,,,CAPITAL LESTE
2.0,AIS 06,,,PARQUE ARAXÁ,Fortaleza,,Sim,2026-03-02,,,,22:07:51,76071,4402427.0,,-3.7335054277,-38.5474513157,,,cvp,ROUBO A PESSOA,,,,,,,,,,,CAPITAL OESTE
2.0,AIS 05,,,JOSÉ BONIFÁCIO,Fortaleza,,Sim,2026-03-02,,,,22:51:27,76072,4402428.0,,-3.7366425835,-38.5280217535,,,cvp,ROUBO A PESSOA,,,,,,,,,,,CAPITAL OESTE
2.0,AIS 06,,,JÓQUEI CLUBE,Fortaleza,,Sim,2026-03-02,,,,22:51:39,76073,4402429.0,,-3.7711888449,-38.5734867607,,,cvp,ROUBO A PESSOA,,,,,,,,,,,CAPITAL OESTE
2.0,AIS 29,,,,Fortim,,Sim,2026-03-03,,,,14:04:07,76074,4402759.0,,-4.4169861515,-37.89047918,,,cvp,ROUBO A RESIDÊNCIA,,,,,,,,,,AIS 29,NORDESTE
2.0,AIS 14,,,,Maracanaú,,Sim,2026-03-03,,,,05:22:24,76075,4402734.0,,-3.8794229445,-38.6253856052,,,cvp,ROUBO A ESTABELECIMENTO COMERCIAL,,,,,,,,,,AIS 14,RMF LESTE
2.0,AIS 18,,,CENTRO,Fortaleza,,Sim,2026-03-03,,,,20:10:59,76076,4402438.0,,-3.7204614285,-38.5208267802,,,cvp,ROUBO A PESSOA,,,,,,,,,,,CAPITAL OESTE
2.0,AIS 22,,,PASSARÉ,Fortaleza,,Sim,2026-03-03,,,,11:01:11,76077,4402431.0,,-3.8243090101,-38.5420878769,,,cvp,ROUBO A MOTEL,,,,,,,,,,,CAPITAL LESTE
2.0,AIS 16,,,MESSEJANA,Fortaleza,,Sim,2026-03-03,,,,13:15:31,76078,4402433.0,,-3.8359259358,-38.4980170723,,,cvp,ROUBO A PESSOA,,,,,,,,,,,CAPITAL LESTE
2.0,AIS 19,,,PAPICU,Fortaleza,,Sim,2026-03-03,,,,15:46:52,76079,4402434.0,,-3.7436451789,-38.475318386,,,cvp,ROUBO A FARMÁCIA,,,,,,,,,,,CAPITAL LESTE
2.0,AIS 08,,,MEIRELES,Fortaleza,,Sim,2026-03-03,,,,17:28:00,76080,4402435.0,,-3.7224044077,-38.5089361259,,,cvp,ROUBO A PESSOA,,,,,,,,,,,CAPITAL LESTE
2.0,AIS 19,,,COCÓ,Fortaleza,,Sim,2026-03-03,,,,18:05:49,76081,4402436.0,,-3.7425210662,-38.479117464,,,cvp,ROUBO A FARMÁCIA,,,,,,,,,,,CAPITAL LESTE
2.0,AIS 06,,,ANTÔNIO BEZERRA,Fortaleza,,Sim,2026-03-03,,,,20:18:31,76082,4402439.0,,-3.7436283488,-38.5884124203,,,cvp,ROUBO A PESSOA,,,,,,,,,,,CAPITAL OESTE
2.0,AIS 05,,,FÁTIMA,Fortaleza,,Sim,2026-03-03,,,,23:53:46,76083,4402443.0,,-3.7472013295,-38.5268209739,,,cvp,ROUBO A PESSOA,,,,,,,,,,,CAPITAL OESTE
2.0,AIS 06,,,PICI,Fortaleza,,Sim,2026-03-04,,,,09:17:00,76084,4402449.0,,-3.7574605219,-38.5725681013,,,cvp,ROUBO A PESSOA,,,,,,,,,,,CAPITAL OESTE
2.0,AIS 22,,,DIAS MACÊDO,Fortaleza,,Sim,2026-03-04,,,,04:36:13,76085,4402446.0,,-3.7845965823,-38.5165047356,,,cvp,ROUBO A PESSOA,,,,,,,,,,,CAPITAL LESTE
2.0,AIS 22,,,PASSARÉ,Fortaleza,,Sim,2026-03-04,,,,06:43:35,76086,4402447.0,,-3.8030758673,-38.5328486212,,,cvp,ROUBO A PESSOA,,,,,,,,,,,CAPITAL LESTE
2.0,AIS 21,,,AEROLÂNDIA,Fortaleza,,Sim,2026-03-04,,,,03:42:55,76087,4402445.0,,-3.7774655133,-38.51634568,,,cvp,ROUBO A PESSOA,,,,,,,,,,,CAPITAL OESTE
2.0,AIS 19,,,DIONÍSIO TORRES,Fortaleza,,Sim,2026-03-04,,,,23:13:43,76088,4402462.0,,-3.7480594636,-38.505721114,,,cvp,ROUBO A PESSOA,,,,,,,,,,,CAPITAL LESTE
2.0,AIS 20,,,PLANALTO AYRTON SENNA,Fortaleza,,Sim,2026-03-04,,,,22:35:22,76089,4402460.0,,-3.8377291168,-38.5765314021,,,cvp,ROUBO A PESSOA,,,,,,,,,,,CAPITAL OESTE
2.0,AIS 19,,,DIONÍSIO TORRES,Fortaleza,,Sim,2026-03-04,,,,22:19:48,76090,4402459.0,,-3.7480594636,-38.505721114,,,cvp,ROUBO A PESSOA,,,,,,,,,,,CAPITAL LESTE
2.0,AIS 18,,,CENTRO,Fortaleza,,Sim,2026-03-04,,,,22:07:31,76091,4402458.0,,-3.7277319683,-38.5182697397,,,cvp,ROUBO A PESSOA,,,,,,,,,,,CAPITAL OESTE
2.0,AIS 05,,,JOSÉ BONIFÁCIO,Fortaleza,,Sim,2026-03-04,,,,15:43:12,76092,4402453.0,,-3.7358461407,-38.5285656581,,,cvp,ROUBO A PESSOA,,,,,,,,,,,CAPITAL OESTE
2.0,AIS 19,,,JOAQUIM TÁVORA,Fortaleza,,Sim,2026-03-04,,,,15:11:04,76093,4402452.0,,-3.7466539615,-38.5132442283,,,cvp,ROUBO A PESSOA,,,,,,,,,,,CAPITAL LESTE
2.0,AIS 12,,,,Caucaia,,Sim,2026-03-04,,,,06:22:30,76094,4402357.0,,-3.7523994588,-38.6305631798,,,cvp,ROUBO A PESSOA,,,,,,,,,,AIS 12,RMF OESTE
2.0,AIS 08,,,ALDEOTA,Fortaleza,,Sim,2026-03-05,,,,21:09:04,76095,4402479.0,,-3.7401706542,-38.5020510385,,,cvp,ROUBO A PESSOA,,,,,,,,,,,CAPITAL LESTE
2.0,AIS 18,,,PRESIDENTE KENNEDY,Fortaleza,,Sim,2026-03-05,,,,18:04:28,76096,4402475.0,,-3.7346749096,-38.5657160724,,,cvp,ROUBO A PESSOA,,,,,,,,,,,CAPITAL OESTE
2.0,AIS 12,,,,Caucaia,,Sim,2026-03-05,,,,05:47:47,76097,4402358.0,,-3.6995064614,-38.6454812969,,,cvp,ROUBO A PESSOA,,,,,,,,,,AIS 12,RMF OESTE
2.0,AIS 06,,,ANTÔNIO BEZERRA,Fortaleza,,Sim,2026-03-05,,,,20:09:09,76098,4402477.0,,-3.7407029581,-38.5910007274,,,cvp,ROUBO A PESSOA,,,,,,,,,,,CAPITAL OESTE
2.0,AIS 05,,,FÁTIMA,Fortaleza,,Sim,2026-03-05,,,,06:31:19,76099,4402465.0,,-3.7558401086,-38.5203431556,,,cvp,ROUBO A PESSOA,,,,,,,,,,,CAPITAL OESTE
2.0,AIS 19,,,SÃO JOÃO DO TAUAPE,Fortaleza,,Sim,2026-03-05,,,,10:58:45,76100,4402468.0,,-3.7585069166,-38.5168348009,,,cvp,ROUBO A PESSOA,,,,,,,,,,,CAPITAL LESTE
2.0,AIS 05,,,BENFICA,Fortaleza,,Sim,2026-03-05,,,,14:37:26,76101,4402473.0,,-3.7417449977,-38.5413301745,,,cvp,ROUBO A PESSOA,,,,,,,,,,,CAPITAL OESTE
2.0,AIS 06,,,PARQUELÂNDIA,Fortaleza,,Sim,2026-03-05,,,,14:22:52,76102,4402472.0,,-3.7374625618,-38.5642840858,,,cvp,ROUBO A PESSOA,,,,,,,,,,,CAPITAL OESTE
2.0,AIS 05,,,AEROPORTO,Fortaleza,,Sim,2026-03-05,,,,12:55:57,76103,4402470.0,,-3.7816927773,-38.5354323746,,,cvp,ROUBO A COLETIVO,,,,,,,,,,,CAPITAL OESTE
2.0,AIS 12,,,PARQUE SOLEDADE,Fortaleza,,Sim,2026-03-05,,,,09:16:52,76104,4402467.0,,-3.732818299,-38.6567171123,,,cvp,ROUBO A ESTABELECIMENTO COMERCIAL,,,,,,,,,,,RMF OESTE
2.0,AIS 08,,,MUCURIPE,Fortaleza,,Sim,2026-03-05,,,,08:23:32,76105,4402466.0,,-3.7279958399,-38.4812762247,,,cvp,ROUBO A PESSOA,,,,,,,,,,,CAPITAL LESTE
2.0,AIS 06,,,PARQUELÂNDIA,Fortaleza,,Sim,2026-03-05,,,,12:07:43,76106,4402469.0,,-3.7366149712,-38.5533210308,,,cvp,ROUBO A PESSOA,,,,,,,,,,,CAPITAL OESTE
2.0,AIS 19,,,JOAQUIM TÁVORA,Fortaleza,,Sim,2026-03-05,,,,06:18:41,76107,4402464.0,,-3.7511665723,-38.520565532,,,cvp,ROUBO A PESSOA,,,,,,,,,,,CAPITAL LESTE
2.0,AIS 08,,,ALDEOTA,Fortaleza,,Sim,2026-03-06,,,,20:14:47,76108,4402499.0,,-3.7367162039,-38.5060218597,,,cvp,ROUBO A PESSOA,,,,,,,,,,,CAPITAL LESTE
2.0,AIS 12,,,,Caucaia,,Sim,2026-03-06,,,,11:47:58,76109,4402361.0,,-3.650766585,-38.726030406,,,cvp,ROUBO A PESSOA,,,,,,,,,,AIS 12,RMF OESTE
2.0,AIS 22,,,PASSARÉ,Fortaleza,,Sim,2026-03-06,,,,00:03:37,76110,4402480.0,,-3.8158600289,-38.5314147715,,,cvp,ROUBO A COLETIVO,,,,,,,,,,,CAPITAL LESTE
2.0,AIS 18,,,CENTRO,Fortaleza,,Sim,2026-03-06,,,,03:29:47,76111,4402482.0,,-3.7288869805,-38.5196465723,,,cvp,ROUBO A RESIDÊNCIA,,,,,,,,,,,CAPITAL OESTE
2.0,AIS 18,,,CENTRO,Fortaleza,,Sim,2026-03-06,,,,05:17:42,76112,4402483.0,,-3.7230859959,-38.5282796933,,,cvp,ROUBO A PESSOA,,,,,,,,,,,CAPITAL OESTE
2.0,AIS 21,,,EDSON QUEIROZ,Fortaleza,,Sim,2026-03-06,,,,06:04:55,76113,4402484.0,,-3.7650581537,-38.4746906063,,,cvp,ROUBO A PESSOA,,,,,,,,,,,CAPITAL OESTE
2.0,AIS 05,,,FÁTIMA,Fortaleza,,Sim,2026-03-06,,,,06:15:45,76114,4402485.0,,-3.7532502431,-38.5287936464,,,cvp,ROUBO A PESSOA,,,,,,,,,,,CAPITAL OESTE
2.0,AIS 20,,,PREFEITO JOSÉ WALTER,Fortaleza,,Sim,2026-03-06,,,,08:04:00,76115,4402486.0,,-3.8228411658,-38.5554091746,,,cvp,ROUBO A PESSOA,,,,,,,,,,,CAPITAL OESTE
2.0,AIS 20,,,MONDUBIM,Fortaleza,,Sim,2026-03-06,,,,08:44:59,76116,4402487.0,,-3.8252946,-38.5623961667,,,cvp,ROUBO A PESSOA,,,,,,,,,,,CAPITAL OESTE
2.0,AIS 20,,,MANOEL SÁTIRO,Fortaleza,,Sim,2026-03-06,,,,10:15:03,76117,4402489.0,,-3.7976369624,-38.5756910467,,,cvp,ROUBO A PESSOA,,,,,,,,,,,CAPITAL OESTE
2.0,AIS 08,,,ALDEOTA,Fortaleza,,Sim,2026-03-06,,,,13:04:21,76118,4402492.0,,-3.7292608339,-38.5107329465,,,cvp,ROUBO A ESTABELECIMENTO COMERCIAL,,,,,,,,,,,CAPITAL LESTE
2.0,AIS 08,,,MEIRELES,Fortaleza,,Sim,2026-03-06,,,,18:46:09,76119,4402493.0,,-3.7269671471,-38.495221096,,,cvp,ROUBO A PESSOA,,,,,,,,,,,CAPITAL LESTE
2.0,AIS 21,,,CIDADE DOS FUNCIONÁRIOS,Fortaleza,,Sim,2026-03-06,,,,19:21:01,76120,4402494.0,,-3.7997863001,-38.4932863707,,,cvp,ROUBO A PESSOA,,,,,,,,,,,CAPITAL OESTE
2.0,AIS 08,,,ALDEOTA,Fortaleza,,Sim,2026-03-06,,,,19:23:42,76121,4402495.0,,-3.7324068174,-38.5127317548,,,cvp,ROUBO A PESSOA,,,,,,,,,,,CAPITAL LESTE
2.0,AIS 18,,,CENTRO,Fortaleza,,Sim,2026-03-06,,,,19:25:59,76122,4402496.0,,-3.7316905886,-38.5153251618,,,cvp,ROUBO A PESSOA,,,,,,,,,,,CAPITAL OESTE
2.0,AIS 19,,,DIONÍSIO TORRES,Fortaleza,,Sim,2026-03-06,,,,19:44:50,76123,4402498.0,,-3.7503374823,-38.5011091645,,,cvp,ROUBO A PESSOA,,,,,,,,,,,CAPITAL LESTE
2.0,AIS 08,,,MEIRELES,Fortaleza,,Sim,2026-03-06,,,,20:49:18,76124,4402500.0,,-3.722737897,-38.5088308494,,,cvp,ROUBO A PESSOA,,,,,,,,,,,CAPITAL LESTE
2.0,,,,PATRIOLINO RIBEIRO,Fortaleza,,Sim,2026-03-06,,,,23:10:12,76125,4402501.0,,-3.7680690556,-38.4912968807,,,cvp,ROUBO A PESSOA,,,,,,,,,,,
2.0,AIS 06,,,DOM LUSTOSA,Fortaleza,,Sim,2026-03-06,,,,23:40:36,76126,4402502.0,,-3.7480082869,-38.5874159704,,,cvp,ROUBO A PESSOA,,,,,,,,,,,CAPITAL OESTE
2.0,,,,GENTILÂNDIA,Fortaleza,,Sim,2026-03-07,,,,19:01:56,76127,4402517.0,,-3.7470350689,-38.5383372083,,,cvp,ROUBO A PESSOA,,,,,,,,,,,
2.0,AIS 12,,,,Caucaia,,Sim,2026-03-07,,,,14:41:33,76128,4402362.0,,-3.754894545,-38.6318361769,,,cvp,ROUBO A PESSOA,,,,,,,,,,AIS 12,RMF OESTE
2.0,AIS 19,,,PAPICU,Fortaleza,,Sim,2026-03-07,,,,02:35:45,76129,4402503.0,,-3.7405686575,-38.4840304524,,,cvp,ROUBO A ESTABELECIMENTO COMERCIAL,,,,,,,,,,,CAPITAL LESTE
2.0,AIS 19,,,PAPICU,Fortaleza,,Sim,2026-03-07,,,,04:45:50,76130,4402506.0,,-3.7381093472,-38.4838725845,,,cvp,ROUBO A PESSOA,,,,,,,,,,,CAPITAL LESTE
2.0,AIS 21,,,CIDADE DOS FUNCIONÁRIOS,Fortaleza,,Sim,2026-03-07,,,,06:11:37,76131,4402509.0,,-3.7886695358,-38.4936184125,,,cvp,ROUBO A PESSOA,,,,,,,,,,,CAPITAL OESTE
2.0,AIS 08,,,VARJOTA,Fortaleza,,Sim,2026-03-07,,,,06:49:37,76132,4402510.0,,-3.7392513632,-38.4878361067,,,cvp,ROUBO A PESSOA,,,,,,,,,,,CAPITAL LESTE
2.0,AIS 06,,,AMADEU FURTADO,Fortaleza,,Sim,2026-03-07,,,,12:32:11,76133,4402513.0,,-3.7475758836,-38.5573817801,,,cvp,ROUBO A MERCEARIA/MERCADINHO,,,,,,,,,,,CAPITAL OESTE
2.0,AIS 05,,,FÁTIMA,Fortaleza,,Sim,2026-03-07,,,,12:57:11,76134,4402514.0,,-3.7531037116,-38.5213683176,,,cvp,ROUBO A PESSOA,,,,,,,,,,,CAPITAL OESTE
2.0,AIS 25,,,,Horizonte,,Sim,2026-03-07,,,,11:04:21,76135,4402723.0,,-4.0908960155,-38.4806704292,,,cvp,ROUBO A PESSOA,,,,,,,,,,AIS 25,RMF LESTE
2.0,AIS 22,,,CASTELÃO,Fortaleza,,Sim,2026-03-07,,,,19:48:09,76136,4402520.0,,-3.80288751,-38.5192122577,,,cvp,ROUBO A PESSOA,,,,,,,,,,,CAPITAL LESTE
2.0,AIS 05,,,JOSÉ BONIFÁCIO,Fortaleza,,Sim,2026-03-07,,,,19:14:00,76137,4402518.0,,-3.7422932588,-38.5278079122,,,cvp,ROUBO A PESSOA,,,,,,,,,,,CAPITAL OESTE
2.0,,,,CIRSTO REDENTOR,Fortaleza,,Sim,2026-03-07,,,,21:39:58,76138,4402522.0,,-3.7116128801,-38.5707330326,,,cvp,ROUBO A PESSOA,,,,,,,,,,,
2.0,,,,DENDÊ,Fortaleza,,Sim,2026-03-07,,,,19:37:51,76139,4402519.0,,-3.7983765296,-38.5556101428,,,cvp,ROUBO A RESIDÊNCIA,,,,,,,,,,,
2.0,AIS 05,,,PARANGABA,Fortaleza,,Sim,2026-03-08,,,,18:45:58,76140,4402530.0,,-3.7753162872,-38.5616858413,,,cvp,ROUBO A ESTABELECIMENTO COMERCIAL,,,,,,,,,,,CAPITAL OESTE
2.0,AIS 05,,,DAMAS,Fortaleza,,Sim,2026-03-08,,,,03:38:08,76141,4402526.0,,-3.7513808161,-38.5485601013,,,cvp,ROUBO A PESSOA,,,,,,,,,,,CAPITAL OESTE
2.0,AIS 18,,,CENTRO,Fortaleza,,Sim,2026-03-08,,,,18:06:58,76142,4402529.0,,-3.7327145811,-38.5260863358,,,cvp,ROUBO A PESSOA,,,,,,,,,,,CAPITAL OESTE
2.0,AIS 08,,,ALDEOTA,Fortaleza,,Sim,2026-03-08,,,,14:25:19,76143,4402528.0,,-3.7304162716,-38.5143225708,,,cvp,ROUBO A FARMÁCIA,,,,,,,,,,,CAPITAL LESTE
2.0,AIS 05,,,VILA UNIÃO,Fortaleza,,Sim,2026-03-08,,,,12:14:28,76144,4402527.0,,-3.7627075128,-38.5342117327,,,cvp,ROUBO A PESSOA,,,,,,,,,,,CAPITAL OESTE
2.0,AIS 09,,,,Morada Nova,,Sim,2026-03-08,,,,22:54:21,76145,4402769.0,,-5.1080558947,-38.3716797024,,,cvp,ROUBO A RESIDÊNCIA,,,,,,,,,,AIS 09,SUDESTE
2.0,AIS 08,,,VICENTE PINZÓN,Fortaleza,,Sim,2026-03-08,,,,21:26:45,76146,4402531.0,,-3.7250698603,-38.4798146711,,,cvp,ROUBO A PESSOA,,,,,,,,,,,CAPITAL LESTE
2.0,AIS 24,,,,Eusébio,,Sim,2026-03-08,,,,21:31:46,76147,4402388.0,,-3.8696167776,-38.4719126043,,,cvp,ROUBO A PESSOA,,,,,,,,,,AIS 24,RMF LESTE
2.0,AIS 09,,,,Limoeiro do Norte,,Sim,2026-03-09,,,,20:11:20,76148,4402766.0,,-5.1463418699,-38.0961632753,,,cvp,ROUBO A PESSOA,,,,,,,,,,AIS 09,SUDESTE
2.0,AIS 23,,,,Trairi,,Sim,2026-03-09,,,,19:50:53,76149,4402781.0,,-3.2777572398,-39.2681232382,,,cvp,ROUBO A PESSOA,,,,,,,,,,AIS 23,RMF OESTE
2.0,AIS 14,,,,Maracanaú,,Sim,2026-03-09,,,,23:24:58,76150,4402736.0,,-3.8607129015,-38.5885191943,,,cvp,ROUBO A PESSOA,,,,,,,,,,AIS 14,RMF LESTE
2.0,AIS 08,,,ALDEOTA,Fortaleza,,Sim,2026-03-09,,,,10:44:54,76151,4402541.0,,-3.7394360926,-38.4970295637,,,cvp,ROUBO A PESSOA,,,,,,,,,,,CAPITAL LESTE
2.0,AIS 16,,,MESSEJANA,Fortaleza,,Sim,2026-03-09,,,,10:56:46,76152,4402542.0,,-3.8312729595,-38.4948507057,,,cvp,ROUBO SAIDINHA BANCÁRIA,,,,,,,,,,,CAPITAL LESTE
2.0,AIS 05,,,AEROPORTO,Fortaleza,,Sim,2026-03-09,,,,13:25:19,76153,4402544.0,,-3.7708482867,-38.5299993471,,,cvp,ROUBO A PESSOA,,,,,,,,,,,CAPITAL OESTE
2.0,AIS 08,,,VARJOTA,Fortaleza,,Sim,2026-03-09,,,,17:26:29,76154,4402545.0,,-3.7324150688,-38.4881722782,,,cvp,ROUBO A PESSOA,,,,,,,,,,,CAPITAL LESTE
2.0,AIS 21,,,EDSON QUEIROZ,Fortaleza,,Sim,2026-03-09,,,,19:47:58,76155,4402547.0,,-3.7648745362,-38.4812084876,,,cvp,ROUBO A COLETIVO,,,,,,,,,,,CAPITAL OESTE
2.0,AIS 21,,,EDSON QUEIROZ,Fortaleza,,Sim,2026-03-09,,,,20:37:17,76156,4402549.0,,-3.7758359652,-38.4813509462,,,cvp,ROUBO A PESSOA,,,,,,,,,,,CAPITAL OESTE
2.0,AIS 08,,,ALDEOTA,Fortaleza,,Sim,2026-03-09,,,,20:54:06,76157,4402550.0,,-3.7411706145,-38.5083565585,,,cvp,ROUBO A FARMÁCIA,,,,,,,,,,,CAPITAL LESTE
2.0,AIS 05,,,FÁTIMA,Fortaleza,,Sim,2026-03-09,,,,01:16:52,76158,4402532.0,,-3.7461102755,-38.5307842755,,,cvp,ROUBO A PESSOA,,,,,,,,,,,CAPITAL OESTE
2.0,AIS 16,,,MESSEJANA,Fortaleza,,Sim,2026-03-09,,,,03:16:46,76159,4402533.0,,-3.8375571867,-38.49736072,,,cvp,ROUBO A RESIDÊNCIA,,,,,,,,,,,CAPITAL LESTE
2.0,AIS 21,,,EDSON QUEIROZ,Fortaleza,,Sim,2026-03-09,,,,06:14:12,76160,4402534.0,,-3.7747362078,-38.4800454896,,,cvp,ROUBO A PESSOA,,,,,,,,,,,CAPITAL OESTE
2.0,AIS 08,,,ALDEOTA,Fortaleza,,Sim,2026-03-09,,,,07:31:11,76161,4402536.0,,-3.730715559,-38.5120882618,,,cvp,ROUBO A PESSOA,,,,,,,,,,,CAPITAL LESTE
2.0,AIS 22,,,CASTELÃO,Fortaleza,,Sim,2026-03-09,,,,08:29:26,76162,4402537.0,,-3.8086583315,-38.51775699,,,cvp,ROUBO A PESSOA,,,,,,,,,,,CAPITAL LESTE
2.0,AIS 21,,,AEROLÂNDIA,Fortaleza,,Sim,2026-03-09,,,,08:39:33,76163,4402538.0,,-3.7708583309,-38.5134359607,,,cvp,ROUBO A PESSOA,,,,,,,,,,,CAPITAL OESTE
2.0,AIS 19,,,SÃO JOÃO DO TAUAPE,Fortaleza,,Sim,2026-03-09,,,,09:03:03,76164,4402539.0,,-3.7550878274,-38.5186025965,,,cvp,ROUBO A ESTABELECIMENTO COMERCIAL,,,,,,,,,,,CAPITAL LESTE
2.0,AIS 08,,,MUCURIPE,Fortaleza,,Sim,2026-03-09,,,,10:29:01,76165,4402540.0,,-3.7247596105,-38.4837258446,,,cvp,ROUBO A PESSOA,,,,,,,,,,,CAPITAL LESTE
2.0,AIS 12,,,,Caucaia,,Sim,2026-03-09,,,,06:12:16,76166,4402365.0,,-3.7241115566,-38.6563760297,,,cvp,ROUBO A PESSOA,,,,,,,,,,AIS 12,RMF OESTE
2.0,AIS 12,,,,Caucaia,,Sim,2026-03-09,,,,13:20:31,76167,4402366.0,,-3.7343059478,-38.6585643896,,,cvp,ROUBO A ESTABELECIMENTO COMERCIAL,,,,,,,,,,AIS 12,RMF OESTE
2.0,AIS 12,,,,Caucaia,,Sim,2026-03-09,,,,05:44:13,76168,4402364.0,,-3.7228210755,-38.6527976698,,,cvp,ROUBO A PESSOA,,,,,,,,,,AIS 12,RMF OESTE
2.0,AIS 08,,,VARJOTA,Fortaleza,,Sim,2026-03-10,,,,12:23:02,76169,4402563.0,,-3.7338199485,-38.4882375642,,,cvp,ROUBO A PESSOA,,,,,,,,,,,CAPITAL LESTE
2.0,AIS 19,,,PAPICU,Fortaleza,,Sim,2026-03-10,,,,16:05:12,76170,4402566.0,,-3.744866865,-38.4702904462,,,cvp,ROUBO A PESSOA,,,,,,,,,,,CAPITAL LESTE
2.0,AIS 05,,,JARDIM GUANABARA,Fortaleza,,Sim,2026-03-10,,,,18:03:31,76171,4402567.0,,-3.7237436082,-38.5885766628,,,cvp,ROUBO A PESSOA,,,,,,,,,,,CAPITAL OESTE
2.0,AIS 08,,,ALDEOTA,Fortaleza,,Sim,2026-03-10,,,,20:10:21,76172,4402570.0,,-3.7394360926,-38.4970295637,,,cvp,ROUBO A PESSOA,,,,,,,,,,,CAPITAL LESTE
2.0,AIS 12,,,,Caucaia,,Sim,2026-03-10,,,,12:26:06,76173,4402369.0,,-3.6782562754,-38.749847684,,,cvp,ROUBO A PESSOA,,,,,,,,,,AIS 12,RMF OESTE
2.0,AIS 06,,,HENRIQUE JORGE,Fortaleza,,Sim,2026-03-10,,,,11:07:13,76174,4402561.0,,-3.7591410648,-38.5920440316,,,cvp,ROUBO A PESSOA,,,,,,,,,,,CAPITAL OESTE
2.0,AIS 14,,,,Maracanaú,,Sim,2026-03-10,,,,20:34:58,76175,4402738.0,,-3.838183477,-38.5878620806,,,cvp,ROUBO A PESSOA,,,,,,,,,,AIS 14,RMF LESTE
2.0,AIS 05,,,BENFICA,Fortaleza,,Sim,2026-03-10,,,,05:36:48,76176,4402554.0,,-3.7382169329,-38.5400157657,,,cvp,ROUBO A PESSOA,,,,,,,,,,,CAPITAL OESTE
2.0,AIS 06,,,GENIBAÚ,Fortaleza,,Sim,2026-03-10,,,,05:14:29,76177,4402553.0,,-3.7605080506,-38.602858626,,,cvp,ROUBO A PESSOA,,,,,,,,,,,CAPITAL OESTE
2.0,AIS 08,,,ALDEOTA,Fortaleza,,Sim,2026-03-10,,,,00:47:43,76178,4402551.0,,-3.7351217417,-38.5121521999,,,cvp,ROUBO A PESSOA,,,,,,,,,,,CAPITAL LESTE
2.0,AIS 18,,,JACARECANGA,Fortaleza,,Sim,2026-03-10,,,,09:59:37,76179,4402560.0,,-3.7236745773,-38.5426607235,,,cvp,ROUBO A PESSOA,,,,,,,,,,,CAPITAL OESTE
2.0,AIS 19,,,SÃO JOÃO DO TAUAPE,Fortaleza,,Sim,2026-03-10,,,,09:39:08,76180,4402559.0,,-3.7549528951,-38.518680389,,,cvp,ROUBO A PESSOA,,,,,,,,,,,CAPITAL LESTE
2.0,AIS 14,,,,Maracanaú,,Sim,2026-03-11,,,,04:58:42,76181,4402739.0,,-3.8343569145,-38.6115728592,,,cvp,ROUBO A PESSOA,,,,,,,,,,AIS 14,RMF LESTE
2.0,AIS 27,,,,Acaraú,,Sim,2026-03-11,,,,04:46:04,76182,4402750.0,,-2.8975306094,-40.1189226639,,,cvp,ROUBO A RESIDÊNCIA,,,,,,,,,,AIS 27,NORTE
2.0,AIS 18,,,SÃO GERARDO,Fortaleza,,Sim,2026-03-11,,,,07:39:30,76183,4402574.0,,-3.7330142084,-38.5608085489,,,cvp,ROUBO A PESSOA,,,,,,,,,,,CAPITAL OESTE
2.0,AIS 22,,,DIAS MACÊDO,Fortaleza,,Sim,2026-03-11,,,,08:36:15,76184,4402576.0,,-3.7822626359,-38.5145405793,,,cvp,ROUBO A PESSOA,,,,,,,,,,,CAPITAL LESTE
2.0,AIS 08,,,ALDEOTA,Fortaleza,,Sim,2026-03-11,,,,11:17:04,76185,4402577.0,,-3.7371129878,-38.5066639055,,,cvp,ROUBO A FARMÁCIA,,,,,,,,,,,CAPITAL LESTE
2.0,,,,JANGURURSSU,Fortaleza,,Sim,2026-03-11,,,,16:43:33,76186,4402578.0,,-3.8339533047,-38.5178862466,,,cvp,ROUBO A PESSOA,,,,,,,,,,,
2.0,AIS 18,,,BARRA DO CEARÁ,Fortaleza,,Sim,2026-03-11,,,,17:29:06,76187,4402579.0,,-3.6998312312,-38.5875016157,,,cvp,ROUBO A PESSOA,,,,,,,,,,,CAPITAL OESTE
2.0,AIS 12,,,,Caucaia,,Sim,2026-03-11,,,,10:34:11,76188,4402370.0,,-3.725920215,-38.7665327167,,,cvp,ROUBO A PESSOA,,,,,,,,,,AIS 12,RMF OESTE
2.0,AIS 06,,,ANTÔNIO BEZERRA,Fortaleza,,Sim,2026-03-11,,,,01:11:26,76189,4402572.0,,-3.7378447787,-38.594377242,,,cvp,ROUBO A PESSOA,,,,,,,,,,,CAPITAL OESTE
2.0,AIS 18,,,CENTRO,Fortaleza,,Sim,2026-03-11,,,,01:34:03,76190,4402573.0,,-3.7351993723,-38.5208535637,,,cvp,ROUBO A PESSOA,,,,,,,,,,,CAPITAL OESTE
2.0,AIS 06,,,PADRE ANDRADE,Fortaleza,,Sim,2026-03-11,,,,07:55:44,76191,4402575.0,,-3.7327549669,-38.5800695821,,,cvp,ROUBO A PESSOA,,,,,,,,,,,CAPITAL OESTE
2.0,AIS 06,,,PARQUELÂNDIA,Fortaleza,,Sim,2026-03-12,,,,13:36:16,76192,4402585.0,,-3.7364658785,-38.5649873671,,,cvp,ROUBO A PESSOA,,,,,,,,,,,CAPITAL OESTE
2.0,AIS 05,,,SERRINHA,Fortaleza,,Sim,2026-03-12,,,,17:09:37,76193,4402589.0,,-3.7890496925,-38.5425876932,,,cvp,ROUBO A PESSOA,,,,,,,,,,,CAPITAL OESTE
2.0,AIS 21,,,AEROLÂNDIA,Fortaleza,,Sim,2026-03-12,,,,17:32:21,76194,4402590.0,,-3.772886225,-38.5123257672,,,cvp,ROUBO A PESSOA,,,,,,,,,,,CAPITAL OESTE
2.0,AIS 06,,,JÓQUEI CLUBE,Fortaleza,,Sim,2026-03-12,,,,18:34:31,76195,4402591.0,,-3.7642741517,-38.5743048826,,,cvp,ROUBO A PESSOA,,,,,,,,,,,CAPITAL OESTE
2.0,AIS 06,,,QUINTINO CUNHA,Fortaleza,,Sim,2026-03-12,,,,20:47:08,76196,4402595.0,,-3.7279157365,-38.5914210761,,,cvp,ROUBO A PESSOA,,,,,,,,,,,CAPITAL OESTE
2.0,AIS 08,,,MEIRELES,Fortaleza,,Sim,2026-03-12,,,,05:38:52,76197,4402581.0,,-3.7331328592,-38.4932127107,,,cvp,ROUBO A PESSOA,,,,,,,,,,,CAPITAL LESTE
2.0,,,,JANGURURSSU,Fortaleza,,Sim,2026-03-12,,,,10:43:35,76198,4402582.0,,-3.8393349602,-38.5163284366,,,cvp,ROUBO A PESSOA,,,,,,,,,,,
2.0,AIS 08,,,MEIRELES,Fortaleza,,Sim,2026-03-12,,,,11:33:43,76199,4402583.0,,-3.7226590102,-38.5091537329,,,cvp,ROUBO A PESSOA,,,,,,,,,,,CAPITAL LESTE
2.0,AIS 18,,,JACARECANGA,Fortaleza,,Sim,2026-03-12,,,,12:01:28,76200,4402584.0,,-3.7175630824,-38.546788116,,,cvp,ROUBO A PESSOA,,,,,,,,,,,CAPITAL OESTE
2.0,AIS 22,,,DIAS MACÊDO,Fortaleza,,Sim,2026-03-12,,,,14:26:26,76201,4402587.0,,-3.7822094539,-38.5144008372,,,cvp,ROUBO A PESSOA,,,,,,,,,,,CAPITAL LESTE
2.0,AIS 14,,,,Maracanaú,,Sim,2026-03-12,,,,13:49:15,76202,4402740.0,,-3.8448504505,-38.5862429986,,,cvp,ROUBO A PESSOA C/ CONSTRANGIMENTO DA LIBERDADE,,,,,,,,,,AIS 14,RMF LESTE
2.0,AIS 18,,,CENTRO,Fortaleza,,Sim,2026-03-13,,,,19:53:21,76203,4402611.0,,-3.7269443296,-38.5341092431,,,cvp,ROUBO A PESSOA,,,,,,,,,,,CAPITAL OESTE
2.0,AIS 19,,,COCÓ,Fortaleza,,Sim,2026-03-13,,,,21:03:06,76204,4402612.0,,-3.7478969406,-38.4900771509,,,cvp,ROUBO A PESSOA,,,,,,,,,,,CAPITAL LESTE
2.0,AIS 20,,,MONDUBIM,Fortaleza,,Sim,2026-03-13,,,,22:11:37,76205,4402613.0,,-3.820541236,-38.5855124637,,,cvp,ROUBO A PESSOA,,,,,,,,,,,CAPITAL OESTE
2.0,AIS 07,,,,Varjota,,Sim,2026-03-13,,,,18:50:34,76206,4402784.0,,-4.1939284085,-40.4763827921,,,cvp,ROUBO A PESSOA,,,,,,,,,,AIS 07,NORTE
2.0,AIS 09,,,,Russas,,Sim,2026-03-13,,,,16:54:27,76207,4402776.0,,-4.931730469,-37.972309372,,,cvp,ROUBO A PESSOA,,,,,,,,,,AIS 09,SUDESTE
2.0,AIS 10,,,,Iguatu,,Sim,2026-03-13,,,,14:42:21,76208,4402762.0,,-6.3554971685,-39.2977737522,,,cvp,ROUBO A PESSOA,,,,,,,,,,AIS 10,SUL
2.0,AIS 08,,,MUCURIPE,Fortaleza,,Sim,2026-03-13,,,,16:53:23,76209,4402606.0,,-3.7239581992,-38.4805448403,,,cvp,ROUBO A PESSOA,,,,,,,,,,,CAPITAL LESTE
2.0,AIS 08,,,ALDEOTA,Fortaleza,,Sim,2026-03-13,,,,18:14:35,76210,4402607.0,,-3.7342912445,-38.5061463196,,,cvp,ROUBO A FARMÁCIA,,,,,,,,,,,CAPITAL LESTE
2.0,AIS 12,,,,Caucaia,,Sim,2026-03-13,,,,10:28:19,76211,4402374.0,,-3.7565814655,-38.6243667072,,,cvp,ROUBO A PESSOA,,,,,,,,,,AIS 12,RMF OESTE
2.0,AIS 18,,,CENTRO,Fortaleza,,Sim,2026-03-13,,,,06:59:13,76212,4402600.0,,-3.7309357917,-38.5205183525,,,cvp,ROUBO A PESSOA,,,,,,,,,,,CAPITAL OESTE
2.0,AIS 12,,,,Caucaia,,Sim,2026-03-13,,,,13:50:29,76213,4402375.0,,-3.7694623692,-38.6173078558,,,cvp,ROUBO A PESSOA,,,,,,,,,,AIS 12,RMF OESTE
2.0,,,,JANGURURSSU,Fortaleza,,Sim,2026-03-13,,,,06:04:05,76214,4402599.0,,-3.842548607,-38.5151067817,,,cvp,ROUBO A PESSOA,,,,,,,,,,,
2.0,AIS 18,,,CENTRO,Fortaleza,,Sim,2026-03-13,,,,01:59:14,76215,4402597.0,,-3.7336648122,-38.5257044466,,,cvp,ROUBO A PESSOA,,,,,,,,,,,CAPITAL OESTE
2.0,AIS 18,,,CENTRO,Fortaleza,,Sim,2026-03-13,,,,13:25:30,76216,4402603.0,,-3.7335664168,-38.5161694715,,,cvp,ROUBO A PESSOA,,,,,,,,,,,CAPITAL OESTE
2.0,AIS 18,,,CENTRO,Fortaleza,,Sim,2026-03-13,,,,07:18:45,76217,4402601.0,,-3.727699837,-38.5197257433,,,cvp,ROUBO A PESSOA,,,,,,,,,,,CAPITAL OESTE
2.0,AIS 08,,,PRAIA DE IRACEMA,Fortaleza,,Sim,2026-03-13,,,,12:43:58,76218,4402602.0,,-3.7197589898,-38.5116765419,,,cvp,ROUBO A PESSOA,,,,,,,,,,,CAPITAL LESTE
2.0,AIS 17,,,CANINDEZINHO,Fortaleza,,Sim,2026-03-14,,,,18:51:05,76219,4402624.0,,-3.8177651682,-38.6131615843,,,cvp,ROUBO APLICATIVO DE TRANSPORTE,,,,,,,,,,,CAPITAL OESTE
2.0,AIS 08,,,PRAIA DE IRACEMA,Fortaleza,,Sim,2026-03-14,,,,17:36:55,76220,4402623.0,,-3.7192465494,-38.5138886066,,,cvp,ROUBO A PESSOA,,,,,,,,,,,CAPITAL LESTE
2.0,AIS 21,,,CAMBEBA,Fortaleza,,Sim,2026-03-14,,,,20:21:03,76221,4402625.0,,-3.8064968379,-38.4833784158,,,cvp,ROUBO A PESSOA,,,,,,,,,,,CAPITAL OESTE
2.0,AIS 08,,,VICENTE PINZÓN,Fortaleza,,Sim,2026-03-14,,,,12:31:18,76222,4402622.0,,-3.7273187668,-38.4727300559,,,cvp,ROUBO A RESIDÊNCIA,,,,,,,,,,,CAPITAL LESTE
2.0,,,,GENTILÂNDIA,Fortaleza,,Sim,2026-03-14,,,,05:44:11,76223,4402617.0,,-3.7440568663,-38.5385829993,,,cvp,ROUBO A PESSOA,,,,,,,,,,,
2.0,AIS 23,,,,Paraipaba,,Sim,2026-03-14,,,,08:16:11,76224,4402773.0,,-3.4319597266,-39.1450462418,,,cvp,ROUBO A PESSOA,,,,,,,,,,AIS 23,RMF OESTE
2.0,AIS 05,,,JOSÉ BONIFÁCIO,Fortaleza,,Sim,2026-03-14,,,,03:45:46,76225,4402616.0,,-3.7419148349,-38.5237994919,,,cvp,ROUBO A PESSOA,,,,,,,,,,,CAPITAL OESTE
2.0,AIS 29,,,,Aracati,,Sim,2026-03-15,,,,11:53:39,76226,4402753.0,,-4.5270909914,-37.6968219572,,,cvp,ROUBO A PESSOA,,,,,,,,,,AIS 29,NORDESTE
2.0,AIS 29,,,,Aracati,,Sim,2026-03-15,,,,11:56:58,76227,4402754.0,,-4.5254524075,-37.7053319268,,,cvp,ROUBO A PESSOA,,,,,,,,,,AIS 29,NORDESTE
2.0,AIS 20,,,PREFEITO JOSÉ WALTER,Fortaleza,,Sim,2026-03-15,,,,04:13:09,76228,4402630.0,,-3.831394396,-38.5356909732,,,cvp,ROUBO A PESSOA,,,,,,,,,,,CAPITAL OESTE
2.0,AIS 18,,,CENTRO,Fortaleza,,Sim,2026-03-15,,,,04:33:15,76229,4402632.0,,-3.7248251021,-38.5174294129,,,cvp,ROUBO A PESSOA,,,,,,,,,,,CAPITAL OESTE
2.0,AIS 05,,,VILA PERY,Fortaleza,,Sim,2026-03-15,,,,05:49:06,76230,4402633.0,,-3.7945173628,-38.5867864874,,,cvp,ROUBO A COLETIVO,,,,,,,,,,,CAPITAL OESTE
2.0,,,,SAPIRANGA COITÉ,Fortaleza,,Sim,2026-03-15,,,,14:38:23,76231,4402635.0,,-3.8070882144,-38.4608602706,,,cvp,ROUBO A PESSOA,,,,,,,,,,,
2.0,AIS 21,,,AEROLÂNDIA,Fortaleza,,Sim,2026-03-15,,,,21:53:35,76232,4402639.0,,-3.7764208868,-38.5148617337,,,cvp,ROUBO A PESSOA,,,,,,,,,,,CAPITAL OESTE
2.0,AIS 21,,,ENGENHEIRO LUCIANO CAVALCANTE,Fortaleza,,Sim,2026-03-15,,,,20:57:54,76233,4402638.0,,-3.7701852365,-38.4976756007,,,cvp,ROUBO A PESSOA,,,,,,,,,,,CAPITAL LESTE
2.0,AIS 20,,,MONDUBIM,Fortaleza,,Sim,2026-03-15,,,,23:38:06,76234,4402640.0,,-3.807847937,-38.5639546999,,,cvp,ROUBO A PESSOA,,,,,,,,,,,CAPITAL OESTE
2.0,AIS 20,,,MONDUBIM,Fortaleza,,Sim,2026-03-15,,,,23:55:50,76235,4402641.0,,-3.8096227091,-38.5729530431,,,cvp,ROUBO A PESSOA,,,,,,,,,,,CAPITAL OESTE
2.0,AIS 18,,,CENTRO,Fortaleza,,Sim,2026-03-15,,,,03:31:44,76236,4402629.0,,-3.7325196092,-38.5287378152,,,cvp,ROUBO A PESSOA,,,,,,,,,,,CAPITAL OESTE
2.0,AIS 20,,,PARQUE DOIS IRMĂOS,Fortaleza,,Sim,2026-03-15,,,,03:17:15,76237,4402628.0,,-3.8134820517,-38.5536596549,,,cvp,ROUBO A PESSOA,,,,,,,,,,,CAPITAL OESTE
2.0,AIS 21,,,ALTO DA BALANÇA,Fortaleza,,Sim,2026-03-15,,,,00:38:33,76238,4402627.0,,-3.7653043851,-38.5130065009,,,cvp,ROUBO A RESIDÊNCIA,,,,,,,,,,,CAPITAL OESTE
2.0,AIS 28,,,,Apuiarés,,Sim,2026-03-15,,,,20:33:22,76239,4402752.0,,-3.946157347,-39.4301752245,,,cvp,ROUBO A ESTABELECIMENTO COMERCIAL,,,,,,,,,,AIS 28,NORTE
2.0,AIS 12,,,,Caucaia,,Sim,2026-03-15,,,,11:17:20,76240,4402377.0,,-3.7530052552,-38.6310537384,,,cvp,ROUBO A PESSOA,,,,,,,,,,AIS 12,RMF OESTE
2.0,AIS 06,,,JÓQUEI CLUBE,Fortaleza,,Sim,2026-03-16,,,,19:53:02,76241,4402661.0,,-3.7699787895,-38.5744632252,,,cvp,ROUBO A PESSOA,,,,,,,,,,,CAPITAL OESTE
2.0,,,,SAPIRANGA COITÉ,Fortaleza,,Sim,2026-03-16,,,,06:06:37,76242,4402644.0,,-3.8002486771,-38.4638840605,,,cvp,ROUBO A PESSOA,,,,,,,,,,,
2.0,AIS 16,,,MESSEJANA,Fortaleza,,Sim,2026-03-16,,,,06:16:54,76243,4402645.0,,-3.8327860585,-38.4840680753,,,cvp,ROUBO A PESSOA,,,,,,,,,,,CAPITAL LESTE
2.0,AIS 22,,,CASTELÃO,Fortaleza,,Sim,2026-03-16,,,,06:46:06,76244,4402646.0,,-3.8025544544,-38.5197697414,,,cvp,ROUBO A PESSOA,,,,,,,,,,,CAPITAL LESTE
2.0,AIS 06,,,ANTÔNIO BEZERRA,Fortaleza,,Sim,2026-03-16,,,,07:05:22,76245,4402647.0,,-3.7400339452,-38.5884735345,,,cvp,ROUBO A PESSOA,,,,,,,,,,,CAPITAL OESTE
2.0,AIS 21,,,CAMBEBA,Fortaleza,,Sim,2026-03-16,,,,07:35:10,76246,4402648.0,,-3.8021651849,-38.4893109574,,,cvp,ROUBO A PESSOA,,,,,,,,,,,CAPITAL OESTE
2.0,AIS 06,,,RODOLFO TEÓFILO,Fortaleza,,Sim,2026-03-16,,,,13:00:56,76247,4402650.0,,-3.7406565009,-38.5461734592,,,cvp,ROUBO A PESSOA,,,,,,,,,,,CAPITAL OESTE
2.0,AIS 18,,,CENTRO,Fortaleza,,Sim,2026-03-16,,,,13:05:11,76248,4402651.0,,-3.7247904361,-38.5382549081,,,cvp,ROUBO A PESSOA,,,,,,,,,,,CAPITAL OESTE
2.0,AIS 21,,,EDSON QUEIROZ,Fortaleza,,Sim,2026-03-16,,,,13:34:35,76249,4402652.0,,-3.7698297523,-38.4816082893,,,cvp,ROUBO A COLETIVO,,,,,,,,,,,CAPITAL OESTE
2.0,AIS 05,,,VILA UNIÃO,Fortaleza,,Sim,2026-03-16,,,,13:39:25,76250,4402653.0,,-3.7684471525,-38.5303686128,,,cvp,ROUBO A PESSOA,,,,,,,,,,,CAPITAL OESTE
2.0,AIS 18,,,CENTRO,Fortaleza,,Sim,2026-03-16,,,,18:39:29,76251,4402656.0,,-3.7262616593,-38.5178423356,,,cvp,ROUBO A PESSOA,,,,,,,,,,,CAPITAL OESTE
2.0,AIS 05,,,PARREÃO,Fortaleza,,Sim,2026-03-16,,,,18:56:46,76252,4402657.0,,-3.7592332532,-38.5377847878,,,cvp,ROUBO A PESSOA,,,,,,,,,,,CAPITAL OESTE
2.0,AIS 08,,,MUCURIPE,Fortaleza,,Sim,2026-03-16,,,,18:58:27,76253,4402658.0,,-3.72202663,-38.4801742357,,,cvp,ROUBO A RESTAURANTE/BAR/LANCHONETE,,,,,,,,,,,CAPITAL LESTE
2.0,AIS 05,,,PARREÃO,Fortaleza,,Sim,2026-03-16,,,,19:14:18,76254,4402659.0,,-3.7620538288,-38.5393518306,,,cvp,ROUBO A PESSOA,,,,,,,,,,,CAPITAL OESTE
2.0,AIS 06,,,HENRIQUE JORGE,Fortaleza,,Sim,2026-03-16,,,,19:42:55,76255,4402660.0,,-3.7629978965,-38.5792363519,,,cvp,ROUBO A PESSOA,,,,,,,,,,,CAPITAL OESTE
2.0,AIS 16,,,ANCURI,Fortaleza,,Sim,2026-03-16,,,,20:06:34,76256,4402662.0,,-3.8604298254,-38.5029620001,,,cvp,ROUBO A PESSOA,,,,,,,,,,,CAPITAL LESTE
2.0,AIS 21,,,ENGENHEIRO LUCIANO CAVALCANTE,Fortaleza,,Sim,2026-03-16,,,,20:11:16,76257,4402663.0,,-3.7762143622,-38.4837396912,,,cvp,ROUBO A PESSOA,,,,,,,,,,,CAPITAL LESTE
2.0,AIS 05,,,BENFICA,Fortaleza,,Sim,2026-03-16,,,,20:13:02,76258,4402664.0,,-3.7400266258,-38.5383063875,,,cvp,ROUBO A PESSOA,,,,,,,,,,,CAPITAL OESTE
2.0,AIS 31,,,,Mombaça,,Sim,2026-03-17,,,,16:20:21,76259,4402768.0,,-5.7415973271,-39.6265922816,,,cvp,ROUBO A PESSOA,,,,,,,,,,AIS 31,SUDESTE
2.0,AIS 08,,,ALDEOTA,Fortaleza,,Sim,2026-03-17,,,,07:28:49,76260,4402671.0,,-3.7361639027,-38.5160498978,,,cvp,ROUBO A PESSOA,,,,,,,,,,,CAPITAL LESTE
2.0,AIS 18,,,CENTRO,Fortaleza,,Sim,2026-03-17,,,,02:48:51,76261,4402668.0,,-3.7237581394,-38.5192336687,,,cvp,ROUBO A PESSOA,,,,,,,,,,,CAPITAL OESTE
2.0,AIS 05,,,PARANGABA,Fortaleza,,Sim,2026-03-17,,,,23:21:42,76262,4402683.0,,-3.7771651003,-38.5667955036,,,cvp,ROUBO A COLETIVO,,,,,,,,,,,CAPITAL OESTE
2.0,AIS 21,,,ENGENHEIRO LUCIANO CAVALCANTE,Fortaleza,,Sim,2026-03-17,,,,00:12:30,76263,4402667.0,,-3.7762143622,-38.4837396912,,,cvp,ROUBO A PESSOA,,,,,,,,,,,CAPITAL LESTE
2.0,AIS 19,,,COCÓ,Fortaleza,,Sim,2026-03-17,,,,21:19:03,76264,4402681.0,,-3.7469191004,-38.4822463471,,,cvp,ROUBO A PESSOA C/ CONSTRANGIMENTO DA LIBERDADE,,,,,,,,,,,CAPITAL LESTE
2.0,AIS 19,,,JOAQUIM TÁVORA,Fortaleza,,Sim,2026-03-17,,,,21:04:36,76265,4402680.0,,-3.7482143637,-38.5164154845,,,cvp,ROUBO A PESSOA,,,,,,,,,,,CAPITAL LESTE
2.0,AIS 19,,,JOAQUIM TÁVORA,Fortaleza,,Sim,2026-03-17,,,,20:48:38,76266,4402679.0,,-3.7468093771,-38.5127489276,,,cvp,ROUBO A PESSOA,,,,,,,,,,,CAPITAL LESTE
2.0,AIS 08,,,MUCURIPE,Fortaleza,,Sim,2026-03-17,,,,19:41:10,76267,4402678.0,,-3.7250619125,-38.4878373014,,,cvp,ROUBO A PESSOA,,,,,,,,,,,CAPITAL LESTE
2.0,AIS 21,,,ENGENHEIRO LUCIANO CAVALCANTE,Fortaleza,,Sim,2026-03-17,,,,18:26:40,76268,4402677.0,,-3.7730422132,-38.4962352852,,,cvp,ROUBO A PESSOA,,,,,,,,,,,CAPITAL LESTE
2.0,AIS 06,,,ANTÔNIO BEZERRA,Fortaleza,,Sim,2026-03-17,,,,17:21:36,76269,4402676.0,,-3.7396372277,-38.5911309916,,,cvp,ROUBO A PESSOA C/ CONSTRANGIMENTO DA LIBERDADE,,,,,,,,,,,CAPITAL OESTE
2.0,AIS 21,,,ENGENHEIRO LUCIANO CAVALCANTE,Fortaleza,,Sim,2026-03-17,,,,16:13:15,76270,4402675.0,,-3.7730422132,-38.4962352852,,,cvp,ROUBO A PESSOA,,,,,,,,,,,CAPITAL LESTE
2.0,AIS 19,,,DIONÍSIO TORRES,Fortaleza,,Sim,2026-03-17,,,,15:18:23,76271,4402674.0,,-3.7513182541,-38.5084908417,,,cvp,ROUBO A ESTABELECIMENTO COMERCIAL,,,,,,,,,,,CAPITAL LESTE
2.0,AIS 19,,,DIONÍSIO TORRES,Fortaleza,,Sim,2026-03-17,,,,15:08:28,76272,4402673.0,,-3.7475434525,-38.5022310367,,,cvp,ROUBO A PESSOA,,,,,,,,,,,CAPITAL LESTE
2.0,AIS 16,,,ANCURI,Fortaleza,,Sim,2026-03-18,,,,09:33:22,76273,4402689.0,,-3.8591399961,-38.4976418661,,,cvp,ROUBO A PESSOA,,,,,,,,,,,CAPITAL LESTE
2.0,AIS 21,,,CIDADE DOS FUNCIONÁRIOS,Fortaleza,,Sim,2026-03-18,,,,09:02:11,76274,4402688.0,,-3.7992373956,-38.5051752373,,,cvp,ROUBO A PESSOA,,,,,,,,,,,CAPITAL OESTE
2.0,AIS 05,,,MONTESE,Fortaleza,,Sim,2026-03-18,,,,08:49:53,76275,4402687.0,,-3.7632787116,-38.5444412372,,,cvp,ROUBO A PESSOA,,,,,,,,,,,CAPITAL OESTE
2.0,AIS 19,,,PRAIA DO FUTURO I,Fortaleza,,Sim,2026-03-18,,,,18:10:42,76276,4402693.0,,-3.7489035859,-38.4467844138,,,cvp,ROUBO A PESSOA,,,,,,,,,,,CAPITAL LESTE
2.0,AIS 05,,,VILA PERY,Fortaleza,,Sim,2026-03-18,,,,20:51:19,76277,4402695.0,,-3.7824330933,-38.5783897157,,,cvp,ROUBO A PESSOA,,,,,,,,,,,CAPITAL OESTE
2.0,AIS 19,,,JOAQUIM TÁVORA,Fortaleza,,Sim,2026-03-18,,,,20:18:22,76278,4402694.0,,-3.7434292341,-38.5127999668,,,cvp,ROUBO A PESSOA,,,,,,,,,,,CAPITAL LESTE
2.0,AIS 05,,,FÁTIMA,Fortaleza,,Sim,2026-03-18,,,,15:52:09,76279,4402692.0,,-3.7497575645,-38.5230430159,,,cvp,ROUBO A PESSOA,,,,,,,,,,,CAPITAL OESTE
2.0,AIS 05,,,SERRINHA,Fortaleza,,Sim,2026-03-18,,,,12:40:16,76280,4402691.0,,-3.7870321288,-38.5481160043,,,cvp,ROUBO A ESTABELECIMENTO DE ENSINO,,,,,,,,,,,CAPITAL OESTE
2.0,AIS 05,,,MONTESE,Fortaleza,,Sim,2026-03-18,,,,11:12:41,76281,4402690.0,,-3.7632787116,-38.5444412372,,,cvp,ROUBO A PESSOA,,,,,,,,,,,CAPITAL OESTE
2.0,AIS 08,,,MEIRELES,Fortaleza,,Sim,2026-03-19,,,,04:50:39,76282,4402700.0,,-3.7335545508,-38.4921723474,,,cvp,ROUBO A PESSOA,,,,,,,,,,,CAPITAL LESTE
2.0,AIS 18,,,PRESIDENTE KENNEDY,Fortaleza,,Sim,2026-03-19,,,,21:21:56,76283,4402715.0,,-3.7278582154,-38.5687753184,,,cvp,ROUBO A FARMÁCIA,,,,,,,,,,,CAPITAL OESTE
2.0,AIS 06,,,JÓQUEI CLUBE,Fortaleza,,Sim,2026-03-19,,,,21:36:39,76284,4402716.0,,-3.7647692255,-38.5762367477,,,cvp,ROUBO A PESSOA,,,,,,,,,,,CAPITAL OESTE
2.0,AIS 16,,,MESSEJANA,Fortaleza,,Sim,2026-03-19,,,,22:55:27,76285,4402718.0,,-3.8243454523,-38.4902516363,,,cvp,ROUBO A RESIDÊNCIA,,,,,,,,,,,CAPITAL LESTE
2.0,,,,PRAIA DO FURUTO II,Fortaleza,,Sim,2026-03-19,,,,10:54:44,76286,4402703.0,,-3.763590986,-38.4397882477,,,cvp,ROUBO A PESSOA,,,,,,,,,,,
2.0,AIS 22,,,DIAS MACÊDO,Fortaleza,,Sim,2026-03-19,,,,09:01:58,76287,4402702.0,,-3.7822094539,-38.5144008372,,,cvp,ROUBO A PESSOA C/ CONSTRANGIMENTO DA LIBERDADE,,,,,,,,,,,CAPITAL LESTE
2.0,AIS 06,,,AMADEU FURTADO,Fortaleza,,Sim,2026-03-19,,,,21:19:18,76288,4402714.0,,-3.7436439312,-38.558625173,,,cvp,ROUBO A PESSOA,,,,,,,,,,,CAPITAL OESTE
2.0,AIS 08,,,MEIRELES,Fortaleza,,Sim,2026-03-19,,,,20:50:16,76289,4402711.0,,-3.7210808174,-38.5104268721,,,cvp,ROUBO A PESSOA,,,,,,,,,,,CAPITAL LESTE
2.0,AIS 16,,,BARROSO,Fortaleza,,Sim,2026-03-19,,,,20:46:48,76290,4402710.0,,-3.8290340484,-38.5088479313,,,cvp,ROUBO A PESSOA,,,,,,,,,,,CAPITAL LESTE
2.0,AIS 19,,,JOAQUIM TÁVORA,Fortaleza,,Sim,2026-03-19,,,,20:22:48,76291,4402709.0,,-3.7522787379,-38.5138258512,,,cvp,ROUBO A ESTABELECIMENTO COMERCIAL,,,,,,,,,,,CAPITAL LESTE
2.0,AIS 18,,,VILA VELHA,Fortaleza,,Sim,2026-03-19,,,,20:22:04,76292,4402708.0,,-3.7172328214,-38.5974441797,,,cvp,ROUBO A PESSOA,,,,,,,,,,,CAPITAL OESTE
2.0,AIS 06,,,GENIBAÚ,Fortaleza,,Sim,2026-03-19,,,,10:56:58,76293,4402704.0,,-3.7562206162,-38.6056022758,,,cvp,ROUBO A PESSOA,,,,,,,,,,,CAPITAL OESTE
2.0,AIS 24,,,,Aquiraz,,Sim,2026-03-19,,,,11:39:03,76294,4402352.0,,-3.9058923064,-38.3870705055,,,cvp,ROUBO A RESIDÊNCIA,,,,,,,,,,AIS 24,RMF LESTE
2.0,AIS 24,,,,Cascavel,,Sim,2026-03-19,,,,23:25:10,76295,4402385.0,,-4.1307731341,-38.2467357512,,,cvp,ROUBO A PESSOA,,,,,,,,,,AIS 24,RMF LESTE
2.0,AIS 10,,,,Acopiara,,Sim,2026-03-19,,,,20:40:52,76296,4402751.0,,-6.1073102105,-39.4456761868,,,cvp,ROUBO A PESSOA,,,,,,,,,,AIS 10,SUL
2.0,AIS 09,,,,Limoeiro do Norte,,Sim,2026-03-20,,,,10:44:55,76297,4402767.0,,-5.1452463852,-38.0938789811,,,cvp,ROUBO A PESSOA,,,,,,,,,,AIS 09,SUDESTE
2.0,AIS 05,,,ITAOCA,Fortaleza,,Sim,2026-03-20,,,,04:00:39,76298,4402721.0,,-3.7712580016,-38.5567895015,,,cvp,ROUBO A PESSOA,,,,,,,,,,,CAPITAL OESTE
2.0,AIS 18,,,VILA VELHA,Fortaleza,,Sim,2026-03-20,,,,00:24:21,76299,4402719.0,,-3.708210652,-38.5933556489,,,cvp,ROUBO A PESSOA,,,,,,,,,,,CAPITAL OESTE
2.0,AIS 14,,,,Maracanaú,,Sim,2026-03-01,,,,19:35:14,76323,4406003.0,,-3.821650928,-38.6318690256,,,cvp,ROUBO APLICATIVO DE ENTREGAS,,,,,,,,,,AIS 14,RMF LESTE
2.0,AIS 12,,,,Caucaia,,Sim,2026-03-01,,,,00:05:02,76324,4405495.0,,-3.7317511359,-38.6576254666,,,cvp,ROUBO A CLÍNICA/CONSULTÓRIO,,,,,,,,,,AIS 12,RMF OESTE
2.0,AIS 19,,,COCÓ,Fortaleza,,Sim,2026-03-01,,,,19:17:09,76325,4405547.0,,-3.7425210662,-38.479117464,,,cvp,ROUBO A FARMÁCIA,,,,,,,,,,,CAPITAL LESTE
2.0,AIS 20,,,PREFEITO JOSÉ WALTER,Fortaleza,,Sim,2026-03-01,,,,22:39:31,76326,4405549.0,,-3.8365714428,-38.5514668693,,,cvp,ROUBO A PESSOA,,,,,,,,,,,CAPITAL OESTE
2.0,AIS 06,,,RODOLFO TEÓFILO,Fortaleza,,Sim,2026-03-01,,,,03:30:34,76327,4405537.0,,-3.7454978453,-38.5490313179,,,cvp,ROUBO A RESIDÊNCIA,,,,,,,,,,,CAPITAL OESTE
2.0,AIS 31,,,,Pedra Branca,,Sim,2026-03-01,,,,23:12:27,76328,4406070.0,,-5.4694869021,-39.7136101935,,,cvp,ROUBO A RESIDÊNCIA,,,,,,,,,,AIS 31,SUDESTE
2.0,AIS 08,,,ALDEOTA,Fortaleza,,Sim,2026-03-01,,,,18:05:15,76329,4405546.0,,-3.7311305951,-38.5076811602,,,cvp,ROUBO A PESSOA,,,,,,,,,,,CAPITAL LESTE
2.0,AIS 19,,,JOAQUIM TÁVORA,Fortaleza,,Sim,2026-03-01,,,,17:55:19,76330,4405545.0,,-3.7415697268,-38.522344659,,,cvp,ROUBO A PESSOA,,,,,,,,,,,CAPITAL LESTE
2.0,AIS 06,,,RODOLFO TEÓFILO,Fortaleza,,Sim,2026-03-01,,,,11:17:48,76331,4405542.0,,-3.7483241637,-38.5489639496,,,cvp,ROUBO A COLETIVO,,,,,,,,,,,CAPITAL OESTE
2.0,AIS 18,,,CENTRO,Fortaleza,,Sim,2026-03-01,,,,10:53:27,76332,4405541.0,,-3.7218229835,-38.5282551505,,,cvp,ROUBO A PESSOA,,,,,,,,,,,CAPITAL OESTE
2.0,AIS 18,,,VILA VELHA,Fortaleza,,Sim,2026-03-01,,,,05:58:53,76333,4405540.0,,-3.714571087,-38.5921125284,,,cvp,ROUBO A PESSOA,,,,,,,,,,,CAPITAL OESTE
2.0,AIS 05,,,PARANGABA,Fortaleza,,Sim,2026-03-01,,,,00:03:27,76334,4405534.0,,-3.7767617401,-38.5686687549,,,cvp,ROUBO A COLETIVO,,,,,,,,,,,CAPITAL OESTE
2.0,AIS 18,,,FLORESTA,Fortaleza,,Sim,2026-03-02,,,,12:52:20,76335,4405557.0,,-3.727671218,-38.5767574566,,,cvp,ROUBO A PESSOA,,,,,,,,,,,CAPITAL OESTE
2.0,AIS 05,,,DAMAS,Fortaleza,,Sim,2026-03-02,,,,13:49:48,76336,4405558.0,,-3.7567893391,-38.5490585805,,,cvp,ROUBO A PESSOA,,,,,,,,,,,CAPITAL OESTE
2.0,AIS 18,,,FLORESTA,Fortaleza,,Sim,2026-03-02,,,,14:34:59,76337,4405559.0,,-3.7228843619,-38.5704535491,,,cvp,ROUBO A PESSOA,,,,,,,,,,,CAPITAL OESTE
2.0,AIS 17,,,GRANJA PORTUGAL,Fortaleza,,Sim,2026-03-02,,,,17:36:01,76338,4405560.0,,-3.7784808406,-38.6067648318,,,cvp,ROUBO A PESSOA,,,,,,,,,,,CAPITAL OESTE
2.0,AIS 06,,,DOM LUSTOSA,Fortaleza,,Sim,2026-03-02,,,,19:27:07,76339,4405561.0,,-3.7468128622,-38.5857080716,,,cvp,ROUBO A PESSOA,,,,,,,,,,,CAPITAL OESTE
2.0,AIS 16,,,JOSÉ DE ALENCAR,Fortaleza,,Sim,2026-03-02,,,,19:34:59,76340,4405562.0,,-3.810162359,-38.475837001,,,cvp,ROUBO A PESSOA,,,,,,,,,,,CAPITAL LESTE
2.0,AIS 18,,,CENTRO,Fortaleza,,Sim,2026-03-02,,,,19:37:16,76341,4405563.0,,-3.7305115818,-38.5165394631,,,cvp,ROUBO A PESSOA,,,,,,,,,,,CAPITAL OESTE
2.0,AIS 08,,,MEIRELES,Fortaleza,,Sim,2026-03-02,,,,19:49:25,76342,4405565.0,,-3.7237743968,-38.5100198757,,,cvp,ROUBO A PESSOA,,,,,,,,,,,CAPITAL LESTE
2.0,AIS 05,,,JOSÉ BONIFÁCIO,Fortaleza,,Sim,2026-03-02,,,,22:51:27,76343,4405572.0,,-3.7366425835,-38.5280217535,,,cvp,ROUBO A PESSOA,,,,,,,,,,,CAPITAL OESTE
2.0,AIS 06,,,JÓQUEI CLUBE,Fortaleza,,Sim,2026-03-02,,,,22:51:39,76344,4405573.0,,-3.7711888449,-38.5734867607,,,cvp,ROUBO A PESSOA,,,,,,,,,,,CAPITAL OESTE
2.0,AIS 16,,,JOSÉ DE ALENCAR,Fortaleza,,Sim,2026-03-02,,,,20:03:58,76345,4405567.0,,-3.8041061803,-38.4764709992,,,cvp,ROUBO A PESSOA,,,,,,,,,,,CAPITAL LESTE
2.0,AIS 06,,,PARQUE ARAXÁ,Fortaleza,,Sim,2026-03-02,,,,22:07:51,76346,4405571.0,,-3.7335054277,-38.5474513157,,,cvp,ROUBO A PESSOA,,,,,,,,,,,CAPITAL OESTE
2.0,AIS 08,,,ALDEOTA,Fortaleza,,Sim,2026-03-02,,,,07:28:30,76347,4405554.0,,-3.7350617364,-38.5148725017,,,cvp,ROUBO A PESSOA,,,,,,,,,,,CAPITAL LESTE
2.0,AIS 19,,,COCÓ,Fortaleza,,Sim,2026-03-02,,,,11:51:57,76348,4405556.0,,-3.742329524,-38.4827275034,,,cvp,ROUBO A PESSOA,,,,,,,,,,,CAPITAL LESTE
2.0,AIS 19,,,COCÓ,Fortaleza,,Sim,2026-03-03,,,,18:05:49,76349,4405580.0,,-3.7425210662,-38.479117464,,,cvp,ROUBO A FARMÁCIA,,,,,,,,,,,CAPITAL LESTE
2.0,AIS 29,,,,Fortim,,Sim,2026-03-03,,,,14:04:07,76350,4406045.0,,-4.4169861515,-37.89047918,,,cvp,ROUBO A RESIDÊNCIA,,,,,,,,,,AIS 29,NORDESTE
2.0,AIS 22,,,PASSARÉ,Fortaleza,,Sim,2026-03-03,,,,11:01:11,76351,4405575.0,,-3.8243090101,-38.5420878769,,,cvp,ROUBO A MOTEL,,,,,,,,,,,CAPITAL LESTE
2.0,AIS 16,,,MESSEJANA,Fortaleza,,Sim,2026-03-03,,,,13:15:31,76352,4405577.0,,-3.8359259358,-38.4980170723,,,cvp,ROUBO A PESSOA,,,,,,,,,,,CAPITAL LESTE
2.0,AIS 19,,,PAPICU,Fortaleza,,Sim,2026-03-03,,,,15:46:52,76353,4405578.0,,-3.7436451789,-38.475318386,,,cvp,ROUBO A FARMÁCIA,,,,,,,,,,,CAPITAL LESTE
2.0,AIS 08,,,MEIRELES,Fortaleza,,Sim,2026-03-03,,,,17:28:00,76354,4405579.0,,-3.7224044077,-38.5089361259,,,cvp,ROUBO A PESSOA,,,,,,,,,,,CAPITAL LESTE
2.0,AIS 18,,,CENTRO,Fortaleza,,Sim,2026-03-03,,,,20:10:59,76355,4405582.0,,-3.7204614285,-38.5208267802,,,cvp,ROUBO A PESSOA,,,,,,,,,,,CAPITAL OESTE
2.0,AIS 06,,,ANTÔNIO BEZERRA,Fortaleza,,Sim,2026-03-03,,,,20:18:31,76356,4405583.0,,-3.7436283488,-38.5884124203,,,cvp,ROUBO A PESSOA,,,,,,,,,,,CAPITAL OESTE
2.0,AIS 05,,,FÁTIMA,Fortaleza,,Sim,2026-03-03,,,,23:53:46,76357,4405587.0,,-3.7472013295,-38.5268209739,,,cvp,ROUBO A PESSOA,,,,,,,,,,,CAPITAL OESTE
2.0,AIS 14,,,,Maracanaú,,Sim,2026-03-03,,,,05:22:24,76358,4406005.0,,-3.8794229445,-38.6253856052,,,cvp,ROUBO A ESTABELECIMENTO COMERCIAL,,,,,,,,,,AIS 14,RMF LESTE
2.0,AIS 12,,,,Caucaia,,Sim,2026-03-04,,,,06:22:30,76359,4405499.0,,-3.7523994588,-38.6305631798,,,cvp,ROUBO A PESSOA,,,,,,,,,,AIS 12,RMF OESTE
2.0,AIS 21,,,AEROLÂNDIA,Fortaleza,,Sim,2026-03-04,,,,03:42:55,76360,4405589.0,,-3.7774655133,-38.51634568,,,cvp,ROUBO A PESSOA,,,,,,,,,,,CAPITAL OESTE
2.0,AIS 22,,,DIAS MACÊDO,Fortaleza,,Sim,2026-03-04,,,,04:36:13,76361,4405590.0,,-3.7845965823,-38.5165047356,,,cvp,ROUBO A PESSOA,,,,,,,,,,,CAPITAL LESTE
2.0,AIS 19,,,DIONÍSIO TORRES,Fortaleza,,Sim,2026-03-04,,,,23:13:43,76362,4405606.0,,-3.7480594636,-38.505721114,,,cvp,ROUBO A PESSOA,,,,,,,,,,,CAPITAL LESTE
2.0,AIS 22,,,PASSARÉ,Fortaleza,,Sim,2026-03-04,,,,06:43:35,76363,4405591.0,,-3.8030758673,-38.5328486212,,,cvp,ROUBO A PESSOA,,,,,,,,,,,CAPITAL LESTE
2.0,AIS 06,,,PICI,Fortaleza,,Sim,2026-03-04,,,,09:17:00,76364,4405593.0,,-3.7574605219,-38.5725681013,,,cvp,ROUBO A PESSOA,,,,,,,,,,,CAPITAL OESTE
2.0,AIS 19,,,JOAQUIM TÁVORA,Fortaleza,,Sim,2026-03-04,,,,15:11:04,76365,4405596.0,,-3.7466539615,-38.5132442283,,,cvp,ROUBO A PESSOA,,,,,,,,,,,CAPITAL LESTE
2.0,AIS 05,,,JOSÉ BONIFÁCIO,Fortaleza,,Sim,2026-03-04,,,,15:43:12,76366,4405597.0,,-3.7358461407,-38.5285656581,,,cvp,ROUBO A PESSOA,,,,,,,,,,,CAPITAL OESTE
2.0,AIS 18,,,CENTRO,Fortaleza,,Sim,2026-03-04,,,,22:07:31,76367,4405602.0,,-3.7277319683,-38.5182697397,,,cvp,ROUBO A PESSOA,,,,,,,,,,,CAPITAL OESTE
2.0,AIS 19,,,DIONÍSIO TORRES,Fortaleza,,Sim,2026-03-04,,,,22:19:48,76368,4405603.0,,-3.7480594636,-38.505721114,,,cvp,ROUBO A PESSOA,,,,,,,,,,,CAPITAL LESTE
2.0,AIS 20,,,PLANALTO AYRTON SENNA,Fortaleza,,Sim,2026-03-04,,,,22:35:22,76369,4405604.0,,-3.8377291168,-38.5765314021,,,cvp,ROUBO A PESSOA,,,,,,,,,,,CAPITAL OESTE
2.0,AIS 08,,,ALDEOTA,Fortaleza,,Sim,2026-03-05,,,,21:09:04,76370,4405623.0,,-3.7401706542,-38.5020510385,,,cvp,ROUBO A PESSOA,,,,,,,,,,,CAPITAL LESTE
2.0,AIS 05,,,BENFICA,Fortaleza,,Sim,2026-03-05,,,,14:37:26,76371,4405617.0,,-3.7417449977,-38.5413301745,,,cvp,ROUBO A PESSOA,,,,,,,,,,,CAPITAL OESTE
2.0,AIS 18,,,PRESIDENTE KENNEDY,Fortaleza,,Sim,2026-03-05,,,,18:04:28,76372,4405619.0,,-3.7346749096,-38.5657160724,,,cvp,ROUBO A PESSOA,,,,,,,,,,,CAPITAL OESTE
2.0,AIS 06,,,ANTÔNIO BEZERRA,Fortaleza,,Sim,2026-03-05,,,,20:09:09,76373,4405621.0,,-3.7407029581,-38.5910007274,,,cvp,ROUBO A PESSOA,,,,,,,,,,,CAPITAL OESTE
2.0,AIS 19,,,JOAQUIM TÁVORA,Fortaleza,,Sim,2026-03-05,,,,06:18:41,76374,4405608.0,,-3.7511665723,-38.520565532,,,cvp,ROUBO A PESSOA,,,,,,,,,,,CAPITAL LESTE
2.0,AIS 05,,,FÁTIMA,Fortaleza,,Sim,2026-03-05,,,,06:31:19,76375,4405609.0,,-3.7558401086,-38.5203431556,,,cvp,ROUBO A PESSOA,,,,,,,,,,,CAPITAL OESTE
2.0,AIS 08,,,MUCURIPE,Fortaleza,,Sim,2026-03-05,,,,08:23:32,76376,4405610.0,,-3.7279958399,-38.4812762247,,,cvp,ROUBO A PESSOA,,,,,,,,,,,CAPITAL LESTE
2.0,AIS 12,,,PARQUE SOLEDADE,Fortaleza,,Sim,2026-03-05,,,,09:16:52,76377,4405611.0,,-3.732818299,-38.6567171123,,,cvp,ROUBO A ESTABELECIMENTO COMERCIAL,,,,,,,,,,,RMF OESTE
2.0,AIS 19,,,SÃO JOÃO DO TAUAPE,Fortaleza,,Sim,2026-03-05,,,,10:58:45,76378,4405612.0,,-3.7585069166,-38.5168348009,,,cvp,ROUBO A PESSOA,,,,,,,,,,,CAPITAL LESTE
2.0,AIS 05,,,AEROPORTO,Fortaleza,,Sim,2026-03-05,,,,12:55:57,76379,4405614.0,,-3.7816927773,-38.5354323746,,,cvp,ROUBO A COLETIVO,,,,,,,,,,,CAPITAL OESTE
2.0,AIS 06,,,PARQUELÂNDIA,Fortaleza,,Sim,2026-03-05,,,,12:07:43,76380,4405613.0,,-3.7366149712,-38.5533210308,,,cvp,ROUBO A PESSOA,,,,,,,,,,,CAPITAL OESTE
2.0,AIS 06,,,PARQUELÂNDIA,Fortaleza,,Sim,2026-03-05,,,,14:22:52,76381,4405616.0,,-3.7374625618,-38.5642840858,,,cvp,ROUBO A PESSOA,,,,,,,,,,,CAPITAL OESTE
2.0,AIS 12,,,,Caucaia,,Sim,2026-03-05,,,,05:47:47,76382,4405500.0,,-3.6995064614,-38.6454812969,,,cvp,ROUBO A PESSOA,,,,,,,,,,AIS 12,RMF OESTE
2.0,AIS 08,,,MEIRELES,Fortaleza,,Sim,2026-03-06,,,,20:49:18,76383,4405644.0,,-3.722737897,-38.5088308494,,,cvp,ROUBO A PESSOA,,,,,,,,,,,CAPITAL LESTE
2.0,AIS 08,,,MEIRELES,Fortaleza,,Sim,2026-03-06,,,,18:46:09,76384,4405637.0,,-3.7269671471,-38.495221096,,,cvp,ROUBO A PESSOA,,,,,,,,,,,CAPITAL LESTE
2.0,AIS 08,,,ALDEOTA,Fortaleza,,Sim,2026-03-06,,,,13:04:21,76385,4405636.0,,-3.7292608339,-38.5107329465,,,cvp,ROUBO A ESTABELECIMENTO COMERCIAL,,,,,,,,,,,CAPITAL LESTE
2.0,AIS 06,,,DOM LUSTOSA,Fortaleza,,Sim,2026-03-06,,,,23:40:36,76386,4405646.0,,-3.7480082869,-38.5874159704,,,cvp,ROUBO A PESSOA,,,,,,,,,,,CAPITAL OESTE
2.0,AIS 18,,,CENTRO,Fortaleza,,Sim,2026-03-06,,,,19:25:59,76387,4405640.0,,-3.7316905886,-38.5153251618,,,cvp,ROUBO A PESSOA,,,,,,,,,,,CAPITAL OESTE
2.0,AIS 08,,,ALDEOTA,Fortaleza,,Sim,2026-03-06,,,,19:23:42,76388,4405639.0,,-3.7324068174,-38.5127317548,,,cvp,ROUBO A PESSOA,,,,,,,,,,,CAPITAL LESTE
2.0,AIS 21,,,CIDADE DOS FUNCIONÁRIOS,Fortaleza,,Sim,2026-03-06,,,,19:21:01,76389,4405638.0,,-3.7997863001,-38.4932863707,,,cvp,ROUBO A PESSOA,,,,,,,,,,,CAPITAL OESTE
2.0,,,,PATRIOLINO RIBEIRO,Fortaleza,,Sim,2026-03-06,,,,23:10:12,76390,4405645.0,,-3.7680690556,-38.4912968807,,,cvp,ROUBO A PESSOA,,,,,,,,,,,
2.0,AIS 08,,,ALDEOTA,Fortaleza,,Sim,2026-03-06,,,,20:14:47,76391,4405643.0,,-3.7367162039,-38.5060218597,,,cvp,ROUBO A PESSOA,,,,,,,,,,,CAPITAL LESTE
2.0,AIS 19,,,DIONÍSIO TORRES,Fortaleza,,Sim,2026-03-06,,,,19:44:50,76392,4405642.0,,-3.7503374823,-38.5011091645,,,cvp,ROUBO A PESSOA,,,,,,,,,,,CAPITAL LESTE
2.0,AIS 21,,,EDSON QUEIROZ,Fortaleza,,Sim,2026-03-06,,,,06:04:55,76393,4405628.0,,-3.7650581537,-38.4746906063,,,cvp,ROUBO A PESSOA,,,,,,,,,,,CAPITAL OESTE
2.0,AIS 18,,,CENTRO,Fortaleza,,Sim,2026-03-06,,,,05:17:42,76394,4405627.0,,-3.7230859959,-38.5282796933,,,cvp,ROUBO A PESSOA,,,,,,,,,,,CAPITAL OESTE
2.0,AIS 18,,,CENTRO,Fortaleza,,Sim,2026-03-06,,,,03:29:47,76395,4405626.0,,-3.7288869805,-38.5196465723,,,cvp,ROUBO A RESIDÊNCIA,,,,,,,,,,,CAPITAL OESTE
2.0,AIS 22,,,PASSARÉ,Fortaleza,,Sim,2026-03-06,,,,00:03:37,76396,4405624.0,,-3.8158600289,-38.5314147715,,,cvp,ROUBO A COLETIVO,,,,,,,,,,,CAPITAL LESTE
2.0,AIS 05,,,FÁTIMA,Fortaleza,,Sim,2026-03-06,,,,06:15:45,76397,4405629.0,,-3.7532502431,-38.5287936464,,,cvp,ROUBO A PESSOA,,,,,,,,,,,CAPITAL OESTE
2.0,AIS 20,,,MONDUBIM,Fortaleza,,Sim,2026-03-06,,,,08:44:59,76398,4405631.0,,-3.8252946,-38.5623961667,,,cvp,ROUBO A PESSOA,,,,,,,,,,,CAPITAL OESTE
2.0,AIS 12,,,,Caucaia,,Sim,2026-03-06,,,,11:47:58,76399,4405503.0,,-3.650766585,-38.726030406,,,cvp,ROUBO A PESSOA,,,,,,,,,,AIS 12,RMF OESTE
2.0,AIS 20,,,MANOEL SÁTIRO,Fortaleza,,Sim,2026-03-06,,,,10:15:03,76400,4405633.0,,-3.7976369624,-38.5756910467,,,cvp,ROUBO A PESSOA,,,,,,,,,,,CAPITAL OESTE
2.0,AIS 20,,,PREFEITO JOSÉ WALTER,Fortaleza,,Sim,2026-03-06,,,,08:04:00,76401,4405630.0,,-3.8228411658,-38.5554091746,,,cvp,ROUBO A PESSOA,,,,,,,,,,,CAPITAL OESTE
2.0,AIS 12,,,,Caucaia,,Sim,2026-03-07,,,,14:41:33,76402,4405504.0,,-3.754894545,-38.6318361769,,,cvp,ROUBO A PESSOA,,,,,,,,,,AIS 12,RMF OESTE
2.0,AIS 21,,,CIDADE DOS FUNCIONÁRIOS,Fortaleza,,Sim,2026-03-07,,,,06:11:37,76403,4405653.0,,-3.7886695358,-38.4936184125,,,cvp,ROUBO A PESSOA,,,,,,,,,,,CAPITAL OESTE
2.0,AIS 08,,,VARJOTA,Fortaleza,,Sim,2026-03-07,,,,06:49:37,76404,4405654.0,,-3.7392513632,-38.4878361067,,,cvp,ROUBO A PESSOA,,,,,,,,,,,CAPITAL LESTE
2.0,AIS 06,,,AMADEU FURTADO,Fortaleza,,Sim,2026-03-07,,,,12:32:11,76405,4405657.0,,-3.7475758836,-38.5573817801,,,cvp,ROUBO A MERCEARIA/MERCADINHO,,,,,,,,,,,CAPITAL OESTE
2.0,AIS 05,,,FÁTIMA,Fortaleza,,Sim,2026-03-07,,,,12:57:11,76406,4405658.0,,-3.7531037116,-38.5213683176,,,cvp,ROUBO A PESSOA,,,,,,,,,,,CAPITAL OESTE
2.0,,,,GENTILÂNDIA,Fortaleza,,Sim,2026-03-07,,,,19:01:56,76407,4405661.0,,-3.7470350689,-38.5383372083,,,cvp,ROUBO A PESSOA,,,,,,,,,,,
2.0,AIS 05,,,JOSÉ BONIFÁCIO,Fortaleza,,Sim,2026-03-07,,,,19:14:00,76408,4405662.0,,-3.7422932588,-38.5278079122,,,cvp,ROUBO A PESSOA,,,,,,,,,,,CAPITAL OESTE
2.0,,,,DENDÊ,Fortaleza,,Sim,2026-03-07,,,,19:37:51,76409,4405663.0,,-3.7983765296,-38.5556101428,,,cvp,ROUBO A RESIDÊNCIA,,,,,,,,,,,
2.0,AIS 22,,,CASTELÃO,Fortaleza,,Sim,2026-03-07,,,,19:48:09,76410,4405664.0,,-3.80288751,-38.5192122577,,,cvp,ROUBO A PESSOA,,,,,,,,,,,CAPITAL LESTE
2.0,,,,CIRSTO REDENTOR,Fortaleza,,Sim,2026-03-07,,,,21:39:58,76411,4405666.0,,-3.7116128801,-38.5707330326,,,cvp,ROUBO A PESSOA,,,,,,,,,,,
2.0,AIS 25,,,,Horizonte,,Sim,2026-03-07,,,,11:04:21,76412,4405989.0,,-4.0908960155,-38.4806704292,,,cvp,ROUBO A PESSOA,,,,,,,,,,AIS 25,RMF LESTE
2.0,AIS 19,,,PAPICU,Fortaleza,,Sim,2026-03-07,,,,02:35:45,76413,4405647.0,,-3.7405686575,-38.4840304524,,,cvp,ROUBO A ESTABELECIMENTO COMERCIAL,,,,,,,,,,,CAPITAL LESTE
2.0,AIS 19,,,PAPICU,Fortaleza,,Sim,2026-03-07,,,,04:45:50,76414,4405650.0,,-3.7381093472,-38.4838725845,,,cvp,ROUBO A PESSOA,,,,,,,,,,,CAPITAL LESTE
2.0,AIS 18,,,CENTRO,Fortaleza,,Sim,2026-03-08,,,,18:06:58,76415,4405673.0,,-3.7327145811,-38.5260863358,,,cvp,ROUBO A PESSOA,,,,,,,,,,,CAPITAL OESTE
2.0,AIS 05,,,DAMAS,Fortaleza,,Sim,2026-03-08,,,,03:38:08,76416,4405670.0,,-3.7513808161,-38.5485601013,,,cvp,ROUBO A PESSOA,,,,,,,,,,,CAPITAL OESTE
2.0,AIS 05,,,VILA UNIÃO,Fortaleza,,Sim,2026-03-08,,,,12:14:28,76417,4405671.0,,-3.7627075128,-38.5342117327,,,cvp,ROUBO A PESSOA,,,,,,,,,,,CAPITAL OESTE
2.0,AIS 08,,,ALDEOTA,Fortaleza,,Sim,2026-03-08,,,,14:25:19,76418,4405672.0,,-3.7304162716,-38.5143225708,,,cvp,ROUBO A FARMÁCIA,,,,,,,,,,,CAPITAL LESTE
2.0,AIS 09,,,,Morada Nova,,Sim,2026-03-08,,,,22:54:21,76419,4406063.0,,-5.1080558947,-38.3716797024,,,cvp,ROUBO A RESIDÊNCIA,,,,,,,,,,AIS 09,SUDESTE
2.0,AIS 05,,,PARANGABA,Fortaleza,,Sim,2026-03-08,,,,18:45:58,76420,4405674.0,,-3.7753162872,-38.5616858413,,,cvp,ROUBO A ESTABELECIMENTO COMERCIAL,,,,,,,,,,,CAPITAL OESTE
2.0,AIS 08,,,VICENTE PINZÓN,Fortaleza,,Sim,2026-03-08,,,,21:26:45,76421,4405675.0,,-3.7250698603,-38.4798146711,,,cvp,ROUBO A PESSOA,,,,,,,,,,,CAPITAL LESTE
2.0,AIS 24,,,,Eusébio,,Sim,2026-03-08,,,,21:31:46,76422,4405531.0,,-3.8696167776,-38.4719126043,,,cvp,ROUBO A PESSOA,,,,,,,,,,AIS 24,RMF LESTE
2.0,AIS 16,,,MESSEJANA,Fortaleza,,Sim,2026-03-09,,,,03:16:46,76423,4405677.0,,-3.8375571867,-38.49736072,,,cvp,ROUBO A RESIDÊNCIA,,,,,,,,,,,CAPITAL LESTE
2.0,AIS 12,,,,Caucaia,,Sim,2026-03-09,,,,05:44:13,76424,4405506.0,,-3.7228210755,-38.6527976698,,,cvp,ROUBO A PESSOA,,,,,,,,,,AIS 12,RMF OESTE
2.0,AIS 12,,,,Caucaia,,Sim,2026-03-09,,,,06:12:16,76425,4405507.0,,-3.7241115566,-38.6563760297,,,cvp,ROUBO A PESSOA,,,,,,,,,,AIS 12,RMF OESTE
2.0,AIS 12,,,,Caucaia,,Sim,2026-03-09,,,,13:20:31,76426,4405508.0,,-3.7343059478,-38.6585643896,,,cvp,ROUBO A ESTABELECIMENTO COMERCIAL,,,,,,,,,,AIS 12,RMF OESTE
2.0,AIS 21,,,EDSON QUEIROZ,Fortaleza,,Sim,2026-03-09,,,,06:14:12,76427,4405678.0,,-3.7747362078,-38.4800454896,,,cvp,ROUBO A PESSOA,,,,,,,,,,,CAPITAL OESTE
2.0,AIS 08,,,ALDEOTA,Fortaleza,,Sim,2026-03-09,,,,07:31:11,76428,4405680.0,,-3.730715559,-38.5120882618,,,cvp,ROUBO A PESSOA,,,,,,,,,,,CAPITAL LESTE
2.0,AIS 22,,,CASTELÃO,Fortaleza,,Sim,2026-03-09,,,,08:29:26,76429,4405681.0,,-3.8086583315,-38.51775699,,,cvp,ROUBO A PESSOA,,,,,,,,,,,CAPITAL LESTE
2.0,AIS 21,,,AEROLÂNDIA,Fortaleza,,Sim,2026-03-09,,,,08:39:33,76430,4405682.0,,-3.7708583309,-38.5134359607,,,cvp,ROUBO A PESSOA,,,,,,,,,,,CAPITAL OESTE
2.0,AIS 19,,,SÃO JOÃO DO TAUAPE,Fortaleza,,Sim,2026-03-09,,,,09:03:03,76431,4405683.0,,-3.7550878274,-38.5186025965,,,cvp,ROUBO A ESTABELECIMENTO COMERCIAL,,,,,,,,,,,CAPITAL LESTE
2.0,AIS 08,,,MUCURIPE,Fortaleza,,Sim,2026-03-09,,,,10:29:01,76432,4405684.0,,-3.7247596105,-38.4837258446,,,cvp,ROUBO A PESSOA,,,,,,,,,,,CAPITAL LESTE
2.0,AIS 08,,,ALDEOTA,Fortaleza,,Sim,2026-03-09,,,,10:44:54,76433,4405685.0,,-3.7394360926,-38.4970295637,,,cvp,ROUBO A PESSOA,,,,,,,,,,,CAPITAL LESTE
2.0,AIS 16,,,MESSEJANA,Fortaleza,,Sim,2026-03-09,,,,10:56:46,76434,4405686.0,,-3.8312729595,-38.4948507057,,,cvp,ROUBO SAIDINHA BANCÁRIA,,,,,,,,,,,CAPITAL LESTE
2.0,AIS 05,,,AEROPORTO,Fortaleza,,Sim,2026-03-09,,,,13:25:19,76435,4405688.0,,-3.7708482867,-38.5299993471,,,cvp,ROUBO A PESSOA,,,,,,,,,,,CAPITAL OESTE
2.0,AIS 08,,,VARJOTA,Fortaleza,,Sim,2026-03-09,,,,17:26:29,76436,4405689.0,,-3.7324150688,-38.4881722782,,,cvp,ROUBO A PESSOA,,,,,,,,,,,CAPITAL LESTE
2.0,AIS 21,,,EDSON QUEIROZ,Fortaleza,,Sim,2026-03-09,,,,19:47:58,76437,4405691.0,,-3.7648745362,-38.4812084876,,,cvp,ROUBO A COLETIVO,,,,,,,,,,,CAPITAL OESTE
2.0,AIS 21,,,EDSON QUEIROZ,Fortaleza,,Sim,2026-03-09,,,,20:37:17,76438,4405693.0,,-3.7758359652,-38.4813509462,,,cvp,ROUBO A PESSOA,,,,,,,,,,,CAPITAL OESTE
2.0,AIS 08,,,ALDEOTA,Fortaleza,,Sim,2026-03-09,,,,20:54:06,76439,4405694.0,,-3.7411706145,-38.5083565585,,,cvp,ROUBO A FARMÁCIA,,,,,,,,,,,CAPITAL LESTE
2.0,AIS 23,,,,Trairi,,Sim,2026-03-09,,,,19:50:53,76440,4406082.0,,-3.2777572398,-39.2681232382,,,cvp,ROUBO A PESSOA,,,,,,,,,,AIS 23,RMF OESTE
2.0,AIS 05,,,FÁTIMA,Fortaleza,,Sim,2026-03-09,,,,01:16:52,76441,4405676.0,,-3.7461102755,-38.5307842755,,,cvp,ROUBO A PESSOA,,,,,,,,,,,CAPITAL OESTE
2.0,AIS 09,,,,Limoeiro do Norte,,Sim,2026-03-09,,,,20:11:20,76442,4406058.0,,-5.1463418699,-38.0961632753,,,cvp,ROUBO A PESSOA,,,,,,,,,,AIS 09,SUDESTE
2.0,AIS 14,,,,Maracanaú,,Sim,2026-03-09,,,,23:24:58,76443,4406007.0,,-3.8607129015,-38.5885191943,,,cvp,ROUBO A PESSOA,,,,,,,,,,AIS 14,RMF LESTE
2.0,AIS 14,,,,Maracanaú,,Sim,2026-03-10,,,,20:34:58,76444,4406009.0,,-3.838183477,-38.5878620806,,,cvp,ROUBO A PESSOA,,,,,,,,,,AIS 14,RMF LESTE
2.0,AIS 05,,,BENFICA,Fortaleza,,Sim,2026-03-10,,,,05:36:48,76445,4405698.0,,-3.7382169329,-38.5400157657,,,cvp,ROUBO A PESSOA,,,,,,,,,,,CAPITAL OESTE
2.0,AIS 19,,,SÃO JOÃO DO TAUAPE,Fortaleza,,Sim,2026-03-10,,,,09:39:08,76446,4405703.0,,-3.7549528951,-38.518680389,,,cvp,ROUBO A PESSOA,,,,,,,,,,,CAPITAL LESTE
2.0,AIS 18,,,JACARECANGA,Fortaleza,,Sim,2026-03-10,,,,09:59:37,76447,4405704.0,,-3.7236745773,-38.5426607235,,,cvp,ROUBO A PESSOA,,,,,,,,,,,CAPITAL OESTE
2.0,AIS 06,,,HENRIQUE JORGE,Fortaleza,,Sim,2026-03-10,,,,11:07:13,76448,4405705.0,,-3.7591410648,-38.5920440316,,,cvp,ROUBO A PESSOA,,,,,,,,,,,CAPITAL OESTE
2.0,AIS 05,,,JARDIM GUANABARA,Fortaleza,,Sim,2026-03-10,,,,18:03:31,76449,4405711.0,,-3.7237436082,-38.5885766628,,,cvp,ROUBO A PESSOA,,,,,,,,,,,CAPITAL OESTE
2.0,AIS 12,,,,Caucaia,,Sim,2026-03-10,,,,12:26:06,76450,4405511.0,,-3.6782562754,-38.749847684,,,cvp,ROUBO A PESSOA,,,,,,,,,,AIS 12,RMF OESTE
2.0,AIS 19,,,PAPICU,Fortaleza,,Sim,2026-03-10,,,,16:05:12,76451,4405710.0,,-3.744866865,-38.4702904462,,,cvp,ROUBO A PESSOA,,,,,,,,,,,CAPITAL LESTE
2.0,AIS 08,,,VARJOTA,Fortaleza,,Sim,2026-03-10,,,,12:23:02,76452,4405707.0,,-3.7338199485,-38.4882375642,,,cvp,ROUBO A PESSOA,,,,,,,,,,,CAPITAL LESTE
2.0,AIS 08,,,ALDEOTA,Fortaleza,,Sim,2026-03-10,,,,20:10:21,76453,4405714.0,,-3.7394360926,-38.4970295637,,,cvp,ROUBO A PESSOA,,,,,,,,,,,CAPITAL LESTE
2.0,AIS 08,,,ALDEOTA,Fortaleza,,Sim,2026-03-10,,,,00:47:43,76454,4405695.0,,-3.7351217417,-38.5121521999,,,cvp,ROUBO A PESSOA,,,,,,,,,,,CAPITAL LESTE
2.0,AIS 06,,,GENIBAÚ,Fortaleza,,Sim,2026-03-10,,,,05:14:29,76455,4405697.0,,-3.7605080506,-38.602858626,,,cvp,ROUBO A PESSOA,,,,,,,,,,,CAPITAL OESTE
2.0,AIS 18,,,CENTRO,Fortaleza,,Sim,2026-03-11,,,,01:34:03,76456,4405717.0,,-3.7351993723,-38.5208535637,,,cvp,ROUBO A PESSOA,,,,,,,,,,,CAPITAL OESTE
2.0,AIS 12,,,,Caucaia,,Sim,2026-03-11,,,,10:34:11,76457,4405512.0,,-3.725920215,-38.7665327167,,,cvp,ROUBO A PESSOA,,,,,,,,,,AIS 12,RMF OESTE
2.0,AIS 22,,,DIAS MACÊDO,Fortaleza,,Sim,2026-03-11,,,,08:36:15,76458,4405720.0,,-3.7822626359,-38.5145405793,,,cvp,ROUBO A PESSOA,,,,,,,,,,,CAPITAL LESTE
2.0,AIS 06,,,PADRE ANDRADE,Fortaleza,,Sim,2026-03-11,,,,07:55:44,76459,4405719.0,,-3.7327549669,-38.5800695821,,,cvp,ROUBO A PESSOA,,,,,,,,,,,CAPITAL OESTE
2.0,AIS 06,,,ANTÔNIO BEZERRA,Fortaleza,,Sim,2026-03-11,,,,01:11:26,76460,4405716.0,,-3.7378447787,-38.594377242,,,cvp,ROUBO A PESSOA,,,,,,,,,,,CAPITAL OESTE
2.0,AIS 18,,,SÃO GERARDO,Fortaleza,,Sim,2026-03-11,,,,07:39:30,76461,4405718.0,,-3.7330142084,-38.5608085489,,,cvp,ROUBO A PESSOA,,,,,,,,,,,CAPITAL OESTE
2.0,AIS 27,,,,Acaraú,,Sim,2026-03-11,,,,04:46:04,76462,4406032.0,,-2.8975306094,-40.1189226639,,,cvp,ROUBO A RESIDÊNCIA,,,,,,,,,,AIS 27,NORTE
2.0,AIS 18,,,BARRA DO CEARÁ,Fortaleza,,Sim,2026-03-11,,,,17:29:06,76463,4405723.0,,-3.6998312312,-38.5875016157,,,cvp,ROUBO A PESSOA,,,,,,,,,,,CAPITAL OESTE
2.0,,,,JANGURURSSU,Fortaleza,,Sim,2026-03-11,,,,16:43:33,76464,4405722.0,,-3.8339533047,-38.5178862466,,,cvp,ROUBO A PESSOA,,,,,,,,,,,
2.0,AIS 08,,,ALDEOTA,Fortaleza,,Sim,2026-03-11,,,,11:17:04,76465,4405721.0,,-3.7371129878,-38.5066639055,,,cvp,ROUBO A FARMÁCIA,,,,,,,,,,,CAPITAL LESTE
2.0,AIS 14,,,,Maracanaú,,Sim,2026-03-11,,,,04:58:42,76466,4406010.0,,-3.8343569145,-38.6115728592,,,cvp,ROUBO A PESSOA,,,,,,,,,,AIS 14,RMF LESTE
2.0,AIS 06,,,QUINTINO CUNHA,Fortaleza,,Sim,2026-03-12,,,,20:47:08,76467,4405739.0,,-3.7279157365,-38.5914210761,,,cvp,ROUBO A PESSOA,,,,,,,,,,,CAPITAL OESTE
2.0,AIS 14,,,,Maracanaú,,Sim,2026-03-12,,,,13:49:15,76468,4406011.0,,-3.8448504505,-38.5862429986,,,cvp,ROUBO A PESSOA C/ CONSTRANGIMENTO DA LIBERDADE,,,,,,,,,,AIS 14,RMF LESTE
2.0,AIS 08,,,MEIRELES,Fortaleza,,Sim,2026-03-12,,,,05:38:52,76469,4405725.0,,-3.7331328592,-38.4932127107,,,cvp,ROUBO A PESSOA,,,,,,,,,,,CAPITAL LESTE
2.0,,,,JANGURURSSU,Fortaleza,,Sim,2026-03-12,,,,10:43:35,76470,4405726.0,,-3.8393349602,-38.5163284366,,,cvp,ROUBO A PESSOA,,,,,,,,,,,
2.0,AIS 18,,,JACARECANGA,Fortaleza,,Sim,2026-03-12,,,,12:01:28,76471,4405728.0,,-3.7175630824,-38.546788116,,,cvp,ROUBO A PESSOA,,,,,,,,,,,CAPITAL OESTE
2.0,AIS 08,,,MEIRELES,Fortaleza,,Sim,2026-03-12,,,,11:33:43,76472,4405727.0,,-3.7226590102,-38.5091537329,,,cvp,ROUBO A PESSOA,,,,,,,,,,,CAPITAL LESTE
2.0,AIS 06,,,PARQUELÂNDIA,Fortaleza,,Sim,2026-03-12,,,,13:36:16,76473,4405729.0,,-3.7364658785,-38.5649873671,,,cvp,ROUBO A PESSOA,,,,,,,,,,,CAPITAL OESTE
2.0,AIS 22,,,DIAS MACÊDO,Fortaleza,,Sim,2026-03-12,,,,14:26:26,76474,4405731.0,,-3.7822094539,-38.5144008372,,,cvp,ROUBO A PESSOA,,,,,,,,,,,CAPITAL LESTE
2.0,AIS 05,,,SERRINHA,Fortaleza,,Sim,2026-03-12,,,,17:09:37,76475,4405733.0,,-3.7890496925,-38.5425876932,,,cvp,ROUBO A PESSOA,,,,,,,,,,,CAPITAL OESTE
2.0,AIS 21,,,AEROLÂNDIA,Fortaleza,,Sim,2026-03-12,,,,17:32:21,76476,4405734.0,,-3.772886225,-38.5123257672,,,cvp,ROUBO A PESSOA,,,,,,,,,,,CAPITAL OESTE
2.0,AIS 06,,,JÓQUEI CLUBE,Fortaleza,,Sim,2026-03-12,,,,18:34:31,76477,4405735.0,,-3.7642741517,-38.5743048826,,,cvp,ROUBO A PESSOA,,,,,,,,,,,CAPITAL OESTE
2.0,AIS 20,,,MONDUBIM,Fortaleza,,Sim,2026-03-13,,,,22:11:37,76478,4405757.0,,-3.820541236,-38.5855124637,,,cvp,ROUBO A PESSOA,,,,,,,,,,,CAPITAL OESTE
2.0,AIS 18,,,CENTRO,Fortaleza,,Sim,2026-03-13,,,,01:59:14,76479,4405741.0,,-3.7336648122,-38.5257044466,,,cvp,ROUBO A PESSOA,,,,,,,,,,,CAPITAL OESTE
2.0,,,,JANGURURSSU,Fortaleza,,Sim,2026-03-13,,,,06:04:05,76480,4405743.0,,-3.842548607,-38.5151067817,,,cvp,ROUBO A PESSOA,,,,,,,,,,,
2.0,AIS 18,,,CENTRO,Fortaleza,,Sim,2026-03-13,,,,06:59:13,76481,4405744.0,,-3.7309357917,-38.5205183525,,,cvp,ROUBO A PESSOA,,,,,,,,,,,CAPITAL OESTE
2.0,AIS 18,,,CENTRO,Fortaleza,,Sim,2026-03-13,,,,07:18:45,76482,4405745.0,,-3.727699837,-38.5197257433,,,cvp,ROUBO A PESSOA,,,,,,,,,,,CAPITAL OESTE
2.0,AIS 08,,,PRAIA DE IRACEMA,Fortaleza,,Sim,2026-03-13,,,,12:43:58,76483,4405746.0,,-3.7197589898,-38.5116765419,,,cvp,ROUBO A PESSOA,,,,,,,,,,,CAPITAL LESTE
2.0,AIS 18,,,CENTRO,Fortaleza,,Sim,2026-03-13,,,,13:25:30,76484,4405747.0,,-3.7335664168,-38.5161694715,,,cvp,ROUBO A PESSOA,,,,,,,,,,,CAPITAL OESTE
2.0,AIS 08,,,MUCURIPE,Fortaleza,,Sim,2026-03-13,,,,16:53:23,76485,4405750.0,,-3.7239581992,-38.4805448403,,,cvp,ROUBO A PESSOA,,,,,,,,,,,CAPITAL LESTE
2.0,AIS 08,,,ALDEOTA,Fortaleza,,Sim,2026-03-13,,,,18:14:35,76486,4405751.0,,-3.7342912445,-38.5061463196,,,cvp,ROUBO A FARMÁCIA,,,,,,,,,,,CAPITAL LESTE
2.0,AIS 18,,,CENTRO,Fortaleza,,Sim,2026-03-13,,,,19:53:21,76487,4405755.0,,-3.7269443296,-38.5341092431,,,cvp,ROUBO A PESSOA,,,,,,,,,,,CAPITAL OESTE
2.0,AIS 19,,,COCÓ,Fortaleza,,Sim,2026-03-13,,,,21:03:06,76488,4405756.0,,-3.7478969406,-38.4900771509,,,cvp,ROUBO A PESSOA,,,,,,,,,,,CAPITAL LESTE
2.0,AIS 10,,,,Iguatu,,Sim,2026-03-13,,,,14:42:21,76489,4406050.0,,-6.3554971685,-39.2977737522,,,cvp,ROUBO A PESSOA,,,,,,,,,,AIS 10,SUL
2.0,AIS 12,,,,Caucaia,,Sim,2026-03-13,,,,13:50:29,76490,4405517.0,,-3.7694623692,-38.6173078558,,,cvp,ROUBO A PESSOA,,,,,,,,,,AIS 12,RMF OESTE
2.0,AIS 12,,,,Caucaia,,Sim,2026-03-13,,,,10:28:19,76491,4405516.0,,-3.7565814655,-38.6243667072,,,cvp,ROUBO A PESSOA,,,,,,,,,,AIS 12,RMF OESTE
2.0,AIS 07,,,,Varjota,,Sim,2026-03-13,,,,18:50:34,76492,4406086.0,,-4.1939284085,-40.4763827921,,,cvp,ROUBO A PESSOA,,,,,,,,,,AIS 07,NORTE
2.0,AIS 09,,,,Russas,,Sim,2026-03-13,,,,16:54:27,76493,4406073.0,,-4.931730469,-37.972309372,,,cvp,ROUBO A PESSOA,,,,,,,,,,AIS 09,SUDESTE
2.0,AIS 17,,,CANINDEZINHO,Fortaleza,,Sim,2026-03-14,,,,18:51:05,76494,4405768.0,,-3.8177651682,-38.6131615843,,,cvp,ROUBO APLICATIVO DE TRANSPORTE,,,,,,,,,,,CAPITAL OESTE
2.0,AIS 08,,,VICENTE PINZÓN,Fortaleza,,Sim,2026-03-14,,,,12:31:18,76495,4405766.0,,-3.7273187668,-38.4727300559,,,cvp,ROUBO A RESIDÊNCIA,,,,,,,,,,,CAPITAL LESTE
2.0,AIS 08,,,PRAIA DE IRACEMA,Fortaleza,,Sim,2026-03-14,,,,17:36:55,76496,4405767.0,,-3.7192465494,-38.5138886066,,,cvp,ROUBO A PESSOA,,,,,,,,,,,CAPITAL LESTE
2.0,AIS 21,,,CAMBEBA,Fortaleza,,Sim,2026-03-14,,,,20:21:03,76497,4405769.0,,-3.8064968379,-38.4833784158,,,cvp,ROUBO A PESSOA,,,,,,,,,,,CAPITAL OESTE
2.0,AIS 23,,,,Paraipaba,,Sim,2026-03-14,,,,08:16:11,76498,4406069.0,,-3.4319597266,-39.1450462418,,,cvp,ROUBO A PESSOA,,,,,,,,,,AIS 23,RMF OESTE
2.0,,,,GENTILÂNDIA,Fortaleza,,Sim,2026-03-14,,,,05:44:11,76499,4405761.0,,-3.7440568663,-38.5385829993,,,cvp,ROUBO A PESSOA,,,,,,,,,,,
2.0,AIS 05,,,JOSÉ BONIFÁCIO,Fortaleza,,Sim,2026-03-14,,,,03:45:46,76500,4405760.0,,-3.7419148349,-38.5237994919,,,cvp,ROUBO A PESSOA,,,,,,,,,,,CAPITAL OESTE
2.0,AIS 29,,,,Aracati,,Sim,2026-03-15,,,,11:53:39,76501,4406037.0,,-4.5270909914,-37.6968219572,,,cvp,ROUBO A PESSOA,,,,,,,,,,AIS 29,NORDESTE
2.0,AIS 28,,,,Apuiarés,,Sim,2026-03-15,,,,20:33:22,76502,4406036.0,,-3.946157347,-39.4301752245,,,cvp,ROUBO A ESTABELECIMENTO COMERCIAL,,,,,,,,,,AIS 28,NORTE
2.0,AIS 29,,,,Aracati,,Sim,2026-03-15,,,,11:56:58,76503,4406038.0,,-4.5254524075,-37.7053319268,,,cvp,ROUBO A PESSOA,,,,,,,,,,AIS 29,NORDESTE
2.0,AIS 18,,,CENTRO,Fortaleza,,Sim,2026-03-15,,,,03:31:44,76504,4405773.0,,-3.7325196092,-38.5287378152,,,cvp,ROUBO A PESSOA,,,,,,,,,,,CAPITAL OESTE
2.0,AIS 20,,,PREFEITO JOSÉ WALTER,Fortaleza,,Sim,2026-03-15,,,,04:13:09,76505,4405774.0,,-3.831394396,-38.5356909732,,,cvp,ROUBO A PESSOA,,,,,,,,,,,CAPITAL OESTE
2.0,AIS 18,,,CENTRO,Fortaleza,,Sim,2026-03-15,,,,04:33:15,76506,4405776.0,,-3.7248251021,-38.5174294129,,,cvp,ROUBO A PESSOA,,,,,,,,,,,CAPITAL OESTE
2.0,AIS 05,,,VILA PERY,Fortaleza,,Sim,2026-03-15,,,,05:49:06,76507,4405777.0,,-3.7945173628,-38.5867864874,,,cvp,ROUBO A COLETIVO,,,,,,,,,,,CAPITAL OESTE
2.0,,,,SAPIRANGA COITÉ,Fortaleza,,Sim,2026-03-15,,,,14:38:23,76508,4405779.0,,-3.8070882144,-38.4608602706,,,cvp,ROUBO A PESSOA,,,,,,,,,,,
2.0,AIS 21,,,ENGENHEIRO LUCIANO CAVALCANTE,Fortaleza,,Sim,2026-03-15,,,,20:57:54,76509,4405782.0,,-3.7701852365,-38.4976756007,,,cvp,ROUBO A PESSOA,,,,,,,,,,,CAPITAL LESTE
2.0,AIS 21,,,AEROLÂNDIA,Fortaleza,,Sim,2026-03-15,,,,21:53:35,76510,4405783.0,,-3.7764208868,-38.5148617337,,,cvp,ROUBO A PESSOA,,,,,,,,,,,CAPITAL OESTE
2.0,AIS 20,,,MONDUBIM,Fortaleza,,Sim,2026-03-15,,,,23:38:06,76511,4405784.0,,-3.807847937,-38.5639546999,,,cvp,ROUBO A PESSOA,,,,,,,,,,,CAPITAL OESTE
2.0,AIS 20,,,MONDUBIM,Fortaleza,,Sim,2026-03-15,,,,23:55:50,76512,4405785.0,,-3.8096227091,-38.5729530431,,,cvp,ROUBO A PESSOA,,,,,,,,,,,CAPITAL OESTE
2.0,AIS 21,,,ALTO DA BALANÇA,Fortaleza,,Sim,2026-03-15,,,,00:38:33,76513,4405771.0,,-3.7653043851,-38.5130065009,,,cvp,ROUBO A RESIDÊNCIA,,,,,,,,,,,CAPITAL OESTE
2.0,AIS 12,,,,Caucaia,,Sim,2026-03-15,,,,11:17:20,76514,4405519.0,,-3.7530052552,-38.6310537384,,,cvp,ROUBO A PESSOA,,,,,,,,,,AIS 12,RMF OESTE
2.0,AIS 20,,,PARQUE DOIS IRMĂOS,Fortaleza,,Sim,2026-03-15,,,,03:17:15,76515,4405772.0,,-3.8134820517,-38.5536596549,,,cvp,ROUBO A PESSOA,,,,,,,,,,,CAPITAL OESTE
2.0,AIS 18,,,CENTRO,Fortaleza,,Sim,2026-03-16,,,,18:39:29,76516,4405800.0,,-3.7262616593,-38.5178423356,,,cvp,ROUBO A PESSOA,,,,,,,,,,,CAPITAL OESTE
2.0,AIS 05,,,PARREÃO,Fortaleza,,Sim,2026-03-16,,,,18:56:46,76517,4405801.0,,-3.7592332532,-38.5377847878,,,cvp,ROUBO A PESSOA,,,,,,,,,,,CAPITAL OESTE
2.0,AIS 16,,,ANCURI,Fortaleza,,Sim,2026-03-16,,,,20:06:34,76518,4405806.0,,-3.8604298254,-38.5029620001,,,cvp,ROUBO A PESSOA,,,,,,,,,,,CAPITAL LESTE
2.0,AIS 05,,,PARREÃO,Fortaleza,,Sim,2026-03-16,,,,19:14:18,76519,4405803.0,,-3.7620538288,-38.5393518306,,,cvp,ROUBO A PESSOA,,,,,,,,,,,CAPITAL OESTE
2.0,AIS 08,,,MUCURIPE,Fortaleza,,Sim,2026-03-16,,,,18:58:27,76520,4405802.0,,-3.72202663,-38.4801742357,,,cvp,ROUBO A RESTAURANTE/BAR/LANCHONETE,,,,,,,,,,,CAPITAL LESTE
2.0,AIS 06,,,JÓQUEI CLUBE,Fortaleza,,Sim,2026-03-16,,,,19:53:02,76521,4405805.0,,-3.7699787895,-38.5744632252,,,cvp,ROUBO A PESSOA,,,,,,,,,,,CAPITAL OESTE
2.0,AIS 06,,,HENRIQUE JORGE,Fortaleza,,Sim,2026-03-16,,,,19:42:55,76522,4405804.0,,-3.7629978965,-38.5792363519,,,cvp,ROUBO A PESSOA,,,,,,,,,,,CAPITAL OESTE
2.0,,,,SAPIRANGA COITÉ,Fortaleza,,Sim,2026-03-16,,,,06:06:37,76523,4405788.0,,-3.8002486771,-38.4638840605,,,cvp,ROUBO A PESSOA,,,,,,,,,,,
2.0,AIS 16,,,MESSEJANA,Fortaleza,,Sim,2026-03-16,,,,06:16:54,76524,4405789.0,,-3.8327860585,-38.4840680753,,,cvp,ROUBO A PESSOA,,,,,,,,,,,CAPITAL LESTE
2.0,AIS 22,,,CASTELÃO,Fortaleza,,Sim,2026-03-16,,,,06:46:06,76525,4405790.0,,-3.8025544544,-38.5197697414,,,cvp,ROUBO A PESSOA,,,,,,,,,,,CAPITAL LESTE
2.0,AIS 06,,,ANTÔNIO BEZERRA,Fortaleza,,Sim,2026-03-16,,,,07:05:22,76526,4405791.0,,-3.7400339452,-38.5884735345,,,cvp,ROUBO A PESSOA,,,,,,,,,,,CAPITAL OESTE
2.0,AIS 21,,,CAMBEBA,Fortaleza,,Sim,2026-03-16,,,,07:35:10,76527,4405792.0,,-3.8021651849,-38.4893109574,,,cvp,ROUBO A PESSOA,,,,,,,,,,,CAPITAL OESTE
2.0,AIS 06,,,RODOLFO TEÓFILO,Fortaleza,,Sim,2026-03-16,,,,13:00:56,76528,4405794.0,,-3.7406565009,-38.5461734592,,,cvp,ROUBO A PESSOA,,,,,,,,,,,CAPITAL OESTE
2.0,AIS 18,,,CENTRO,Fortaleza,,Sim,2026-03-16,,,,13:05:11,76529,4405795.0,,-3.7247904361,-38.5382549081,,,cvp,ROUBO A PESSOA,,,,,,,,,,,CAPITAL OESTE
2.0,AIS 21,,,EDSON QUEIROZ,Fortaleza,,Sim,2026-03-16,,,,13:34:35,76530,4405796.0,,-3.7698297523,-38.4816082893,,,cvp,ROUBO A COLETIVO,,,,,,,,,,,CAPITAL OESTE
2.0,AIS 05,,,VILA UNIÃO,Fortaleza,,Sim,2026-03-16,,,,13:39:25,76531,4405797.0,,-3.7684471525,-38.5303686128,,,cvp,ROUBO A PESSOA,,,,,,,,,,,CAPITAL OESTE
2.0,AIS 05,,,BENFICA,Fortaleza,,Sim,2026-03-16,,,,20:13:02,76532,4405808.0,,-3.7400266258,-38.5383063875,,,cvp,ROUBO A PESSOA,,,,,,,,,,,CAPITAL OESTE
2.0,AIS 21,,,ENGENHEIRO LUCIANO CAVALCANTE,Fortaleza,,Sim,2026-03-16,,,,20:11:16,76533,4405807.0,,-3.7762143622,-38.4837396912,,,cvp,ROUBO A PESSOA,,,,,,,,,,,CAPITAL LESTE
2.0,AIS 19,,,DIONÍSIO TORRES,Fortaleza,,Sim,2026-03-17,,,,15:08:28,76534,4405817.0,,-3.7475434525,-38.5022310367,,,cvp,ROUBO A PESSOA,,,,,,,,,,,CAPITAL LESTE
2.0,AIS 08,,,ALDEOTA,Fortaleza,,Sim,2026-03-17,,,,07:28:49,76535,4405815.0,,-3.7361639027,-38.5160498978,,,cvp,ROUBO A PESSOA,,,,,,,,,,,CAPITAL LESTE
2.0,AIS 18,,,CENTRO,Fortaleza,,Sim,2026-03-17,,,,02:48:51,76536,4405812.0,,-3.7237581394,-38.5192336687,,,cvp,ROUBO A PESSOA,,,,,,,,,,,CAPITAL OESTE
2.0,AIS 21,,,ENGENHEIRO LUCIANO CAVALCANTE,Fortaleza,,Sim,2026-03-17,,,,00:12:30,76537,4405811.0,,-3.7762143622,-38.4837396912,,,cvp,ROUBO A PESSOA,,,,,,,,,,,CAPITAL LESTE
2.0,AIS 31,,,,Mombaça,,Sim,2026-03-17,,,,16:20:21,76538,4406062.0,,-5.7415973271,-39.6265922816,,,cvp,ROUBO A PESSOA,,,,,,,,,,AIS 31,SUDESTE
2.0,AIS 21,,,ENGENHEIRO LUCIANO CAVALCANTE,Fortaleza,,Sim,2026-03-17,,,,18:26:40,76539,4405821.0,,-3.7730422132,-38.4962352852,,,cvp,ROUBO A PESSOA,,,,,,,,,,,CAPITAL LESTE
2.0,AIS 06,,,ANTÔNIO BEZERRA,Fortaleza,,Sim,2026-03-17,,,,17:21:36,76540,4405820.0,,-3.7396372277,-38.5911309916,,,cvp,ROUBO A PESSOA C/ CONSTRANGIMENTO DA LIBERDADE,,,,,,,,,,,CAPITAL OESTE
2.0,AIS 08,,,MUCURIPE,Fortaleza,,Sim,2026-03-17,,,,19:41:10,76541,4405822.0,,-3.7250619125,-38.4878373014,,,cvp,ROUBO A PESSOA,,,,,,,,,,,CAPITAL LESTE
2.0,AIS 19,,,JOAQUIM TÁVORA,Fortaleza,,Sim,2026-03-17,,,,20:48:38,76542,4405823.0,,-3.7468093771,-38.5127489276,,,cvp,ROUBO A PESSOA,,,,,,,,,,,CAPITAL LESTE
2.0,AIS 19,,,JOAQUIM TÁVORA,Fortaleza,,Sim,2026-03-17,,,,21:04:36,76543,4405824.0,,-3.7482143637,-38.5164154845,,,cvp,ROUBO A PESSOA,,,,,,,,,,,CAPITAL LESTE
2.0,AIS 19,,,COCÓ,Fortaleza,,Sim,2026-03-17,,,,21:19:03,76544,4405825.0,,-3.7469191004,-38.4822463471,,,cvp,ROUBO A PESSOA C/ CONSTRANGIMENTO DA LIBERDADE,,,,,,,,,,,CAPITAL LESTE
2.0,AIS 05,,,PARANGABA,Fortaleza,,Sim,2026-03-17,,,,23:21:42,76545,4405827.0,,-3.7771651003,-38.5667955036,,,cvp,ROUBO A COLETIVO,,,,,,,,,,,CAPITAL OESTE
2.0,AIS 21,,,ENGENHEIRO LUCIANO CAVALCANTE,Fortaleza,,Sim,2026-03-17,,,,16:13:15,76546,4405819.0,,-3.7730422132,-38.4962352852,,,cvp,ROUBO A PESSOA,,,,,,,,,,,CAPITAL LESTE
2.0,AIS 19,,,DIONÍSIO TORRES,Fortaleza,,Sim,2026-03-17,,,,15:18:23,76547,4405818.0,,-3.7513182541,-38.5084908417,,,cvp,ROUBO A ESTABELECIMENTO COMERCIAL,,,,,,,,,,,CAPITAL LESTE
2.0,AIS 21,,,CIDADE DOS FUNCIONÁRIOS,Fortaleza,,Sim,2026-03-18,,,,09:02:11,76548,4405832.0,,-3.7992373956,-38.5051752373,,,cvp,ROUBO A PESSOA,,,,,,,,,,,CAPITAL OESTE
2.0,AIS 05,,,MONTESE,Fortaleza,,Sim,2026-03-18,,,,08:49:53,76549,4405831.0,,-3.7632787116,-38.5444412372,,,cvp,ROUBO A PESSOA,,,,,,,,,,,CAPITAL OESTE
2.0,AIS 16,,,ANCURI,Fortaleza,,Sim,2026-03-18,,,,09:33:22,76550,4405833.0,,-3.8591399961,-38.4976418661,,,cvp,ROUBO A PESSOA,,,,,,,,,,,CAPITAL LESTE
2.0,AIS 05,,,MONTESE,Fortaleza,,Sim,2026-03-18,,,,11:12:41,76551,4405834.0,,-3.7632787116,-38.5444412372,,,cvp,ROUBO A PESSOA,,,,,,,,,,,CAPITAL OESTE
2.0,AIS 05,,,SERRINHA,Fortaleza,,Sim,2026-03-18,,,,12:40:16,76552,4405835.0,,-3.7870321288,-38.5481160043,,,cvp,ROUBO A ESTABELECIMENTO DE ENSINO,,,,,,,,,,,CAPITAL OESTE
2.0,AIS 05,,,FÁTIMA,Fortaleza,,Sim,2026-03-18,,,,15:52:09,76553,4405836.0,,-3.7497575645,-38.5230430159,,,cvp,ROUBO A PESSOA,,,,,,,,,,,CAPITAL OESTE
2.0,AIS 19,,,PRAIA DO FUTURO I,Fortaleza,,Sim,2026-03-18,,,,18:10:42,76554,4405837.0,,-3.7489035859,-38.4467844138,,,cvp,ROUBO A PESSOA,,,,,,,,,,,CAPITAL LESTE
2.0,AIS 19,,,JOAQUIM TÁVORA,Fortaleza,,Sim,2026-03-18,,,,20:18:22,76555,4405838.0,,-3.7434292341,-38.5127999668,,,cvp,ROUBO A PESSOA,,,,,,,,,,,CAPITAL LESTE
2.0,AIS 05,,,VILA PERY,Fortaleza,,Sim,2026-03-18,,,,20:51:19,76556,4405839.0,,-3.7824330933,-38.5783897157,,,cvp,ROUBO A PESSOA,,,,,,,,,,,CAPITAL OESTE
2.0,AIS 10,,,,Acopiara,,Sim,2026-03-19,,,,20:40:52,76557,4406034.0,,-6.1073102105,-39.4456761868,,,cvp,ROUBO A PESSOA,,,,,,,,,,AIS 10,SUL
2.0,AIS 08,,,MEIRELES,Fortaleza,,Sim,2026-03-19,,,,04:50:39,76558,4405844.0,,-3.7335545508,-38.4921723474,,,cvp,ROUBO A PESSOA,,,,,,,,,,,CAPITAL LESTE
2.0,AIS 06,,,GENIBAÚ,Fortaleza,,Sim,2026-03-19,,,,10:56:58,76559,4405848.0,,-3.7562206162,-38.6056022758,,,cvp,ROUBO A PESSOA,,,,,,,,,,,CAPITAL OESTE
2.0,AIS 22,,,DIAS MACÊDO,Fortaleza,,Sim,2026-03-19,,,,09:01:58,76560,4405846.0,,-3.7822094539,-38.5144008372,,,cvp,ROUBO A PESSOA C/ CONSTRANGIMENTO DA LIBERDADE,,,,,,,,,,,CAPITAL LESTE
2.0,,,,PRAIA DO FURUTO II,Fortaleza,,Sim,2026-03-19,,,,10:54:44,76561,4405847.0,,-3.763590986,-38.4397882477,,,cvp,ROUBO A PESSOA,,,,,,,,,,,
2.0,AIS 24,,,,Aquiraz,,Sim,2026-03-19,,,,11:39:03,76562,4405490.0,,-3.9058923064,-38.3870705055,,,cvp,ROUBO A RESIDÊNCIA,,,,,,,,,,AIS 24,RMF LESTE
2.0,AIS 16,,,BARROSO,Fortaleza,,Sim,2026-03-19,,,,20:46:48,76563,4405854.0,,-3.8290340484,-38.5088479313,,,cvp,ROUBO A PESSOA,,,,,,,,,,,CAPITAL LESTE
2.0,AIS 18,,,VILA VELHA,Fortaleza,,Sim,2026-03-19,,,,20:22:04,76564,4405852.0,,-3.7172328214,-38.5974441797,,,cvp,ROUBO A PESSOA,,,,,,,,,,,CAPITAL OESTE
2.0,AIS 19,,,JOAQUIM TÁVORA,Fortaleza,,Sim,2026-03-19,,,,20:22:48,76565,4405853.0,,-3.7522787379,-38.5138258512,,,cvp,ROUBO A ESTABELECIMENTO COMERCIAL,,,,,,,,,,,CAPITAL LESTE
2.0,AIS 08,,,MEIRELES,Fortaleza,,Sim,2026-03-19,,,,20:50:16,76566,4405855.0,,-3.7210808174,-38.5104268721,,,cvp,ROUBO A PESSOA,,,,,,,,,,,CAPITAL LESTE
2.0,AIS 06,,,AMADEU FURTADO,Fortaleza,,Sim,2026-03-19,,,,21:19:18,76567,4405858.0,,-3.7436439312,-38.558625173,,,cvp,ROUBO A PESSOA,,,,,,,,,,,CAPITAL OESTE
2.0,AIS 18,,,PRESIDENTE KENNEDY,Fortaleza,,Sim,2026-03-19,,,,21:21:56,76568,4405859.0,,-3.7278582154,-38.5687753184,,,cvp,ROUBO A FARMÁCIA,,,,,,,,,,,CAPITAL OESTE
2.0,AIS 06,,,JÓQUEI CLUBE,Fortaleza,,Sim,2026-03-19,,,,21:36:39,76569,4405860.0,,-3.7647692255,-38.5762367477,,,cvp,ROUBO A PESSOA,,,,,,,,,,,CAPITAL OESTE
2.0,AIS 16,,,MESSEJANA,Fortaleza,,Sim,2026-03-19,,,,22:55:27,76570,4405862.0,,-3.8243454523,-38.4902516363,,,cvp,ROUBO A RESIDÊNCIA,,,,,,,,,,,CAPITAL LESTE
2.0,AIS 24,,,,Cascavel,,Sim,2026-03-19,,,,23:25:10,76571,4405526.0,,-4.1307731341,-38.2467357512,,,cvp,ROUBO A PESSOA,,,,,,,,,,AIS 24,RMF LESTE
2.0,,,,PATRIOLINO RIBEIRO,Fortaleza,,Sim,2026-03-20,,,,12:52:50,76572,4405867.0,,-3.7668522707,-38.4886418912,,,cvp,ROUBO A PESSOA,,,,,,,,,,,
2.0,AIS 18,,,CENTRO,Fortaleza,,Sim,2026-03-20,,,,13:10:51,76573,4405868.0,,-3.7184982242,-38.5415325082,,,cvp,ROUBO A PESSOA,,,,,,,,,,,CAPITAL OESTE
2.0,,,,PATRIOLINO RIBEIRO,Fortaleza,,Sim,2026-03-20,,,,13:11:42,76574,4405869.0,,-3.764881769,-38.4908326864,,,cvp,ROUBO A PESSOA,,,,,,,,,,,
2.0,AIS 18,,,CENTRO,Fortaleza,,Sim,2026-03-20,,,,13:19:39,76575,4405870.0,,-3.7276330146,-38.5391813406,,,cvp,ROUBO A PESSOA,,,,,,,,,,,CAPITAL OESTE
2.0,AIS 08,,,ALDEOTA,Fortaleza,,Sim,2026-03-20,,,,19:06:11,76576,4405872.0,,-3.7401242526,-38.5084591736,,,cvp,ROUBO A PESSOA,,,,,,,,,,,CAPITAL LESTE
2.0,AIS 21,,,EDSON QUEIROZ,Fortaleza,,Sim,2026-03-20,,,,19:49:10,76577,4405873.0,,-3.7642039867,-38.4808736031,,,cvp,ROUBO A PESSOA,,,,,,,,,,,CAPITAL OESTE
2.0,,,,CIRSTO REDENTOR,Fortaleza,,Sim,2026-03-20,,,,20:58:14,76578,4405875.0,,-3.7114017399,-38.5661347821,,,cvp,ROUBO A PESSOA,,,,,,,,,,,
2.0,AIS 08,,,ALDEOTA,Fortaleza,,Sim,2026-03-20,,,,21:11:10,76579,4405877.0,,-3.7348694028,-38.511450817,,,cvp,ROUBO A PESSOA,,,,,,,,,,,CAPITAL LESTE
2.0,AIS 18,,,VILA VELHA,Fortaleza,,Sim,2026-03-20,,,,00:24:21,76580,4405863.0,,-3.708210652,-38.5933556489,,,cvp,ROUBO A PESSOA,,,,,,,,,,,CAPITAL OESTE
2.0,AIS 05,,,ITAOCA,Fortaleza,,Sim,2026-03-20,,,,04:00:39,76581,4405865.0,,-3.7712580016,-38.5567895015,,,cvp,ROUBO A PESSOA,,,,,,,,,,,CAPITAL OESTE
2.0,AIS 05,,,SERRINHA,Fortaleza,,Sim,2026-03-20,,,,11:46:58,76582,4405866.0,,-3.7861192291,-38.548282188,,,cvp,ROUBO DE CARGA,,,,,,,,,,,CAPITAL OESTE
2.0,AIS 09,,,,Limoeiro do Norte,,Sim,2026-03-20,,,,10:44:55,76583,4406059.0,,-5.1452463852,-38.0938789811,,,cvp,ROUBO A PESSOA,,,,,,,,,,AIS 09,SUDESTE
2.0,AIS 08,,,MEIRELES,Fortaleza,,Sim,2026-03-21,,,,10:20:23,76584,4405884.0,,-3.7295747731,-38.4938782631,,,cvp,ROUBO A PESSOA,,,,,,,,,,,CAPITAL LESTE
2.0,AIS 06,,,PADRE ANDRADE,Fortaleza,,Sim,2026-03-21,,,,23:41:33,76585,4405893.0,,-3.7359451043,-38.5840580512,,,cvp,ROUBO A PESSOA,,,,,,,,,,,CAPITAL OESTE
2.0,AIS 08,,,MEIRELES,Fortaleza,,Sim,2026-03-21,,,,03:56:46,76586,4405881.0,,-3.7265717926,-38.4961325691,,,cvp,ROUBO A ESTABELECIMENTO COMERCIAL,,,,,,,,,,,CAPITAL LESTE
2.0,AIS 07,,,,Santa Quitéria,,Sim,2026-03-21,,,,17:02:21,76587,4406075.0,,-4.3352585754,-40.1545610554,,,cvp,ROUBO A PESSOA,,,,,,,,,,AIS 07,NORTE
2.0,AIS 08,,,ALDEOTA,Fortaleza,,Sim,2026-03-21,,,,10:54:14,76588,4405885.0,,-3.7316314085,-38.5057416628,,,cvp,ROUBO A FARMÁCIA,,,,,,,,,,,CAPITAL LESTE
2.0,AIS 18,,,BARRA DO CEARÁ,Fortaleza,,Sim,2026-03-21,,,,13:15:10,76589,4405886.0,,-3.7051720546,-38.5747583099,,,cvp,ROUBO A FARMÁCIA,,,,,,,,,,,CAPITAL OESTE
2.0,AIS 21,,,EDSON QUEIROZ,Fortaleza,,Sim,2026-03-21,,,,19:37:17,76590,4405889.0,,-3.755664343,-38.4890307897,,,cvp,ROUBO A ESTABELECIMENTO COMERCIAL,,,,,,,,,,,CAPITAL OESTE
2.0,AIS 16,,,PAUPINA,Fortaleza,,Sim,2026-03-21,,,,21:56:22,76591,4405891.0,,-3.8406312096,-38.4861474679,,,cvp,ROUBO A RESIDÊNCIA,,,,,,,,,,,CAPITAL LESTE
2.0,AIS 06,,,HENRIQUE JORGE,Fortaleza,,Sim,2026-03-21,,,,22:04:35,76592,4405892.0,,-3.7607514371,-38.5790740648,,,cvp,ROUBO A PESSOA,,,,,,,,,,,CAPITAL OESTE
2.0,AIS 12,,,,Caucaia,,Sim,2026-03-22,,,,19:08:22,76593,4405261.0,,-3.650766585,-38.726030406,,,cvp,ROUBO A RESIDÊNCIA,,,,,,,,,,AIS 12,RMF OESTE
2.0,AIS 08,,,MEIRELES,Fortaleza,,Sim,2026-03-22,,,,15:58:19,76594,4405898.0,,-3.7313006191,-38.5000783692,,,cvp,ROUBO A PESSOA,,,,,,,,,,,CAPITAL LESTE
2.0,AIS 05,,,FÁTIMA,Fortaleza,,Sim,2026-03-22,,,,18:10:40,76595,4405900.0,,-3.7507721761,-38.523105235,,,cvp,ROUBO A ESTABELECIMENTO COMERCIAL,,,,,,,,,,,CAPITAL OESTE
2.0,AIS 08,,,MUCURIPE,Fortaleza,,Sim,2026-03-22,,,,16:22:03,76596,4405899.0,,-3.7287355465,-38.4884629378,,,cvp,ROUBO A FARMÁCIA,,,,,,,,,,,CAPITAL LESTE
2.0,AIS 18,,,ÁLVARO WEYNE,Fortaleza,,Sim,2026-03-22,,,,06:09:36,76597,4405895.0,,-3.7154643827,-38.5640451923,,,cvp,ROUBO A RESIDÊNCIA,,,,,,,,,,,CAPITAL OESTE
2.0,AIS 16,,,JOSÉ DE ALENCAR,Fortaleza,,Sim,2026-03-22,,,,12:17:03,76598,4405896.0,,-3.8066238651,-38.4787581123,,,cvp,ROUBO A COLETIVO,,,,,,,,,,,CAPITAL LESTE
2.0,AIS 10,,,,Iguatu,,Sim,2026-03-22,,,,12:17:19,76599,4406051.0,,-6.3520715084,-39.2984014517,,,cvp,ROUBO A ESTABELECIMENTO COMERCIAL,,,,,,,,,,AIS 10,SUL
2.0,AIS 20,,,PARQUE DOIS IRMÃOS,Fortaleza,,Sim,2026-03-22,,,,21:00:12,76600,4405903.0,,-3.7963588127,-38.5504688687,,,cvp,ROUBO A PESSOA,,,,,,,,,,,CAPITAL OESTE
2.0,AIS 20,,,PREFEITO JOSÉ WALTER,Fortaleza,,Sim,2026-03-22,,,,20:30:45,76601,4405902.0,,-3.831432063,-38.552867802,,,cvp,ROUBO A PESSOA,,,,,,,,,,,CAPITAL OESTE
2.0,,,,PRAIA DO FURUTO II,Fortaleza,,Sim,2026-03-22,,,,12:47:40,76602,4405897.0,,-3.7501850236,-38.4483557859,,,cvp,ROUBO A PESSOA,,,,,,,,,,,
2.0,AIS 20,,,PREFEITO JOSÉ WALTER,Fortaleza,,Sim,2026-03-23,,,,05:18:22,76603,4405906.0,,-3.8250619157,-38.5520799839,,,cvp,ROUBO A PESSOA,,,,,,,,,,,CAPITAL OESTE
2.0,AIS 08,,,VICENTE PINZÓN,Fortaleza,,Sim,2026-03-23,,,,23:24:40,76604,4405928.0,,-3.7301828038,-38.4616997262,,,cvp,ROUBO A PESSOA,,,,,,,,,,,CAPITAL LESTE
2.0,AIS 06,,,HENRIQUE JORGE,Fortaleza,,Sim,2026-03-23,,,,09:48:20,76605,4405912.0,,-3.7659328259,-38.5794354128,,,cvp,ROUBO A PESSOA,,,,,,,,,,,CAPITAL OESTE
2.0,AIS 08,,,MUCURIPE,Fortaleza,,Sim,2026-03-23,,,,10:50:35,76606,4405913.0,,-3.7287355465,-38.4884629378,,,cvp,ROUBO A FARMÁCIA,,,,,,,,,,,CAPITAL LESTE
2.0,AIS 08,,,MEIRELES,Fortaleza,,Sim,2026-03-23,,,,11:22:13,76607,4405915.0,,-3.7284673859,-38.4979782143,,,cvp,ROUBO A PESSOA,,,,,,,,,,,CAPITAL LESTE
2.0,AIS 06,,,PARQUELÂNDIA,Fortaleza,,Sim,2026-03-23,,,,11:43:11,76608,4405916.0,,-3.739912953,-38.5639435476,,,cvp,ROUBO A ESTABELECIMENTO COMERCIAL,,,,,,,,,,,CAPITAL OESTE
2.0,AIS 19,,,DIONÍSIO TORRES,Fortaleza,,Sim,2026-03-23,,,,14:53:04,76609,4405917.0,,-3.751376977,-38.5046736128,,,cvp,ROUBO A PESSOA,,,,,,,,,,,CAPITAL LESTE
2.0,AIS 19,,,SÃO JOÃO DO TAUAPE,Fortaleza,,Sim,2026-03-23,,,,15:24:11,76610,4405918.0,,-3.755204673,-38.5041872244,,,cvp,ROUBO A PESSOA,,,,,,,,,,,CAPITAL LESTE
2.0,AIS 05,,,PARANGABA,Fortaleza,,Sim,2026-03-23,,,,20:39:06,76611,4405923.0,,-3.7785306789,-38.5694851705,,,cvp,ROUBO A SUPERMERCADO/MERCANTIL,,,,,,,,,,,CAPITAL OESTE
2.0,AIS 20,,,PARQUE SĂO JOSÉ,Fortaleza,,Sim,2026-03-23,,,,21:29:11,76612,4405924.0,,-3.7984101938,-38.5889580951,,,cvp,ROUBO A PESSOA,,,,,,,,,,,CAPITAL OESTE
2.0,AIS 05,,,BENFICA,Fortaleza,,Sim,2026-03-23,,,,21:39:04,76613,4405925.0,,-3.7386601561,-38.5390387988,,,cvp,ROUBO A PESSOA,,,,,,,,,,,CAPITAL OESTE
2.0,AIS 19,,,DIONÍSIO TORRES,Fortaleza,,Sim,2026-03-23,,,,21:48:15,76614,4405926.0,,-3.7527421115,-38.5021414623,,,cvp,ROUBO A PESSOA,,,,,,,,,,,CAPITAL LESTE
2.0,AIS 19,,,DIONÍSIO TORRES,Fortaleza,,Sim,2026-03-23,,,,22:03:44,76615,4405927.0,,-3.7463753554,-38.5055700458,,,cvp,ROUBO A PESSOA,,,,,,,,,,,CAPITAL LESTE
2.0,AIS 19,,,JOAQUIM TÁVORA,Fortaleza,,Sim,2026-03-23,,,,06:35:52,76616,4405910.0,,-3.739105463,-38.5232352841,,,cvp,ROUBO A PESSOA,,,,,,,,,,,CAPITAL LESTE
2.0,AIS 19,,,DIONÍSIO TORRES,Fortaleza,,Sim,2026-03-23,,,,05:55:05,76617,4405909.0,,-3.7501154009,-38.5108718667,,,cvp,ROUBO A PESSOA,,,,,,,,,,,CAPITAL LESTE
2.0,AIS 06,,,JÓQUEI CLUBE,Fortaleza,,Sim,2026-03-23,,,,05:44:46,76618,4405908.0,,-3.7723767471,-38.5765912302,,,cvp,ROUBO A PESSOA,,,,,,,,,,,CAPITAL OESTE
2.0,AIS 17,,,CONJUNTO CEARÁ II,Fortaleza,,Sim,2026-03-23,,,,05:18:34,76619,4405907.0,,-3.77640525,-38.6191011494,,,cvp,ROUBO A PESSOA,,,,,,,,,,,CAPITAL OESTE
2.0,AIS 34,,,,Icó,,Sim,2026-03-23,,,,18:58:15,76620,4406048.0,,-6.4001772128,-38.8568675354,,,cvp,ROUBO A PESSOA,,,,,,,,,,AIS 34,SUL
2.0,AIS 34,,,,Icó,,Sim,2026-03-23,,,,19:30:53,76621,4406049.0,,-6.251292189,-38.5845957324,,,cvp,ROUBO A PESSOA,,,,,,,,,,AIS 34,SUL
2.0,AIS 03,,,,Sobral,,Sim,2026-03-23,,,,09:51:28,76622,4406080.0,,-3.664429784,-40.3863271929,,,cvp,ROUBO A PESSOA,,,,,,,,,,AIS 03,NORTE
2.0,AIS 16,,,GUAJERU,Fortaleza,,Sim,2026-03-24,,,,18:15:29,76623,4405942.0,,-3.8346613773,-38.484169264,,,cvp,ROUBO A PESSOA,,,,,,,,,,,CAPITAL LESTE
2.0,AIS 19,,,DIONÍSIO TORRES,Fortaleza,,Sim,2026-03-24,,,,13:23:12,76624,4405938.0,,-3.7459615382,-38.5076045365,,,cvp,ROUBO A PESSOA,,,,,,,,,,,CAPITAL LESTE
2.0,AIS 12,,,,Caucaia,,Sim,2026-03-24,,,,12:44:20,76625,4405262.0,,-3.6547876699,-38.7555006106,,,cvp,ROUBO A PESSOA,,,,,,,,,,AIS 12,RMF OESTE
2.0,AIS 06,,,ANTÔNIO BEZERRA,Fortaleza,,Sim,2026-03-24,,,,17:10:48,76626,4405940.0,,-3.7336828726,-38.5884281345,,,cvp,ROUBO A PESSOA,,,,,,,,,,,CAPITAL OESTE
2.0,AIS 19,,,COCÓ,Fortaleza,,Sim,2026-03-24,,,,19:21:37,76627,4405943.0,,-3.745111551,-38.4757988557,,,cvp,ROUBO A PESSOA,,,,,,,,,,,CAPITAL LESTE
2.0,AIS 05,,,AEROPORTO,Fortaleza,,Sim,2026-03-24,,,,12:09:35,76628,4405934.0,,-3.7575915926,-38.5239137565,,,cvp,ROUBO DE CARGA,,,,,,,,,,,CAPITAL OESTE
2.0,AIS 06,,,RODOLFO TEÓFILO,Fortaleza,,Sim,2026-03-24,,,,12:18:02,76629,4405935.0,,-3.745000835,-38.5509864119,,,cvp,ROUBO A PESSOA,,,,,,,,,,,CAPITAL OESTE
2.0,AIS 21,,,PARQUE MANIBURA,Fortaleza,,Sim,2026-03-24,,,,13:21:07,76630,4405937.0,,-3.7922416601,-38.4920766718,,,cvp,ROUBO A PESSOA,,,,,,,,,,,CAPITAL OESTE
2.0,AIS 05,,,JOSÉ BONIFÁCIO,Fortaleza,,Sim,2026-03-24,,,,06:24:16,76631,4405930.0,,-3.7397224941,-38.5259933313,,,cvp,ROUBO A PESSOA,,,,,,,,,,,CAPITAL OESTE
2.0,AIS 05,,,SERRINHA,Fortaleza,,Sim,2026-03-24,,,,04:21:45,76632,4405929.0,,-3.7890496925,-38.5425876932,,,cvp,ROUBO A ESTABELECIMENTO COMERCIAL,,,,,,,,,,,CAPITAL OESTE
2.0,AIS 14,,,,Maracanaú,,Sim,2026-03-24,,,,14:57:10,76633,4406020.0,,-3.838216755,-38.5923469836,,,cvp,ROUBO A PESSOA,,,,,,,,,,AIS 14,RMF LESTE
2.0,AIS 20,,,JARDIM CEARENSE,Fortaleza,,Sim,2026-03-25,,,,14:46:55,76634,4405955.0,,-3.7964936426,-38.5696689355,,,cvp,ROUBO A ESTABELECIMENTO COMERCIAL,,,,,,,,,,,CAPITAL OESTE
2.0,AIS 08,,,MEIRELES,Fortaleza,,Sim,2026-03-25,,,,05:06:49,76635,4405947.0,,-3.7240115977,-38.509046451,,,cvp,ROUBO A PESSOA,,,,,,,,,,,CAPITAL LESTE
2.0,AIS 19,,,JOAQUIM TÁVORA,Fortaleza,,Sim,2026-03-25,,,,07:43:00,76636,4405948.0,,-3.7514085283,-38.5186855713,,,cvp,ROUBO A PESSOA,,,,,,,,,,,CAPITAL LESTE
2.0,AIS 18,,,BARRA DO CEARÁ,Fortaleza,,Sim,2026-03-25,,,,09:28:25,76637,4405949.0,,-3.7051720546,-38.5747583099,,,cvp,ROUBO A FARMÁCIA,,,,,,,,,,,CAPITAL OESTE
2.0,AIS 16,,,PEDRAS,Fortaleza,,Sim,2026-03-25,,,,09:57:38,76638,4405950.0,,-3.900906893,-38.5206106383,,,cvp,ROUBO A PESSOA,,,,,,,,,,,CAPITAL LESTE
2.0,AIS 21,,,ALTO DA BALANÇA,Fortaleza,,Sim,2026-03-25,,,,12:10:28,76639,4405951.0,,-3.767187902,-38.5162705806,,,cvp,ROUBO A PESSOA,,,,,,,,,,,CAPITAL OESTE
2.0,AIS 22,,,PASSARÉ,Fortaleza,,Sim,2026-03-25,,,,12:40:54,76640,4405952.0,,-3.8158600289,-38.5314148616,,,cvp,ROUBO A ESTABELECIMENTO COMERCIAL,,,,,,,,,,,CAPITAL LESTE
2.0,AIS 19,,,SÃO JOÃO DO TAUAPE,Fortaleza,,Sim,2026-03-25,,,,13:12:10,76641,4405954.0,,-3.7527725204,-38.5078968302,,,cvp,ROUBO A PESSOA,,,,,,,,,,,CAPITAL LESTE
2.0,AIS 21,,,CIDADE DOS FUNCIONÁRIOS,Fortaleza,,Sim,2026-03-25,,,,15:49:09,76642,4405956.0,,-3.7963415446,-38.4935844079,,,cvp,ROUBO A PESSOA,,,,,,,,,,,CAPITAL OESTE
2.0,,,,JANGURURSSU,Fortaleza,,Sim,2026-03-25,,,,20:21:22,76643,4405958.0,,-3.8331239166,-38.5040022124,,,cvp,ROUBO A PESSOA,,,,,,,,,,,
2.0,AIS 24,,,,Eusébio,,Sim,2026-03-25,,,,19:56:07,76644,4405533.0,,-3.8988204607,-38.4463728715,,,cvp,ROUBO A PESSOA,,,,,,,,,,AIS 24,RMF LESTE
2.0,AIS 08,,,MUCURIPE,Fortaleza,,Sim,2026-03-25,,,,16:09:04,76645,4405957.0,,-3.7287550878,-38.4884640972,,,cvp,ROUBO A FARMÁCIA,,,,,,,,,,,CAPITAL LESTE
2.0,AIS 12,,,,Caucaia,,Sim,2026-03-25,,,,10:53:34,76646,4405263.0,,-3.7676656521,-38.6357201954,,,cvp,ROUBO A PESSOA,,,,,,,,,,AIS 12,RMF OESTE
2.0,AIS 20,,,PREFEITO JOSÉ WALTER,Fortaleza,,Sim,2026-03-26,,,,15:23:01,76647,4405974.0,,-3.8346806828,-38.5480126914,,,cvp,ROUBO A PESSOA,,,,,,,,,,,CAPITAL OESTE
2.0,AIS 21,,,CIDADE DOS FUNCIONÁRIOS,Fortaleza,,Sim,2026-03-26,,,,22:30:12,76648,4405980.0,,-3.7941859716,-38.5070779336,,,cvp,ROUBO A PESSOA,,,,,,,,,,,CAPITAL OESTE
2.0,AIS 08,,,MUCURIPE,Fortaleza,,Sim,2026-03-26,,,,07:45:52,76649,4405965.0,,-3.7287355465,-38.4884629378,,,cvp,ROUBO A FARMÁCIA,,,,,,,,,,,CAPITAL LESTE
2.0,AIS 16,,,JOSÉ DE ALENCAR,Fortaleza,,Sim,2026-03-26,,,,12:31:34,76650,4405969.0,,-3.81596352,-38.4775831233,,,cvp,ROUBO A PESSOA,,,,,,,,,,,CAPITAL LESTE
2.0,AIS 16,,,CAJAZEIRAS,Fortaleza,,Sim,2026-03-26,,,,05:11:22,76651,4405962.0,,-3.7974811137,-38.5078954364,,,cvp,ROUBO A PESSOA,,,,,,,,,,,CAPITAL LESTE
2.0,AIS 06,,,ANTÔNIO BEZERRA,Fortaleza,,Sim,2026-03-26,,,,13:12:48,76652,4405970.0,,-3.7396002122,-38.5911001196,,,cvp,ROUBO A PESSOA,,,,,,,,,,,CAPITAL OESTE
2.0,AIS 05,,,PARANGABA,Fortaleza,,Sim,2026-03-26,,,,14:21:19,76653,4405972.0,,-3.7844199163,-38.5663091813,,,cvp,ROUBO A PESSOA,,,,,,,,,,,CAPITAL OESTE
2.0,AIS 21,,,CIDADE DOS FUNCIONÁRIOS,Fortaleza,,Sim,2026-03-26,,,,14:25:31,76654,4405973.0,,-3.7908993704,-38.5074333706,,,cvp,ROUBO A PESSOA,,,,,,,,,,,CAPITAL OESTE
2.0,AIS 16,,,CONJUNTO PALMEIRAS,Fortaleza,,Sim,2026-03-26,,,,22:03:14,76655,4405979.0,,-3.8615281323,-38.5362341638,,,cvp,ROUBO APLICATIVO DE TRANSPORTE,,,,,,,,,,,CAPITAL LESTE
2.0,AIS 19,,,DE LOURDES,Fortaleza,,Sim,2026-03-26,,,,05:16:57,76656,4405963.0,,-3.7453584934,-38.4630977564,,,cvp,ROUBO A RESIDÊNCIA,,,,,,,,,,,CAPITAL LESTE
2.0,AIS 05,,,MONTESE,Fortaleza,,Sim,2026-03-26,,,,21:26:05,76657,4405978.0,,-3.7653466161,-38.5528437258,,,cvp,ROUBO A PESSOA,,,,,,,,,,,CAPITAL OESTE
2.0,AIS 24,,,,Cascavel,,Sim,2026-03-26,,,,12:28:26,76658,4405528.0,,-4.1444365555,-38.3301213288,,,cvp,ROUBO A PESSOA,,,,,,,,,,AIS 24,RMF LESTE
2.0,AIS 15,,,,Pacatuba,,Sim,2026-03-26,,,,00:57:14,76659,4406026.0,,-3.8944956137,-38.6101820814,,,cvp,ROUBO A PESSOA,,,,,,,,,,AIS 15,RMF LESTE
2.0,AIS 27,,,,Acaraú,,Sim,2026-03-26,,,,19:58:23,76660,4406033.0,,-2.8850737423,-40.116690246,,,cvp,ROUBO A PESSOA,,,,,,,,,,AIS 27,NORTE
2.0,AIS 25,,,,Horizonte,,Sim,2026-03-26,,,,12:45:36,76661,4405994.0,,-4.1080148686,-38.3971011854,,,cvp,ROUBO A RESIDÊNCIA,,,,,,,,,,AIS 25,RMF LESTE
2.0,AIS 21,,,CIDADE DOS FUNCIONÁRIOS,Fortaleza,,Sim,2026-03-27,,,,08:22:42,76662,4405985.0,,-3.7946387706,-38.5063183787,,,cvp,ROUBO A PESSOA,,,,,,,,,,,CAPITAL OESTE
2.0,AIS 22,,,DIAS MACÊDO,Fortaleza,,Sim,2026-03-27,,,,08:46:58,76663,4405986.0,,-3.7822094539,-38.5144008372,,,cvp,ROUBO A PESSOA,,,,,,,,,,,CAPITAL LESTE
2.0,AIS 23,,,,Paracuru,,Sim,2026-03-27,,,,11:54:17,76664,4406068.0,,-3.4100799379,-39.0298374338,,,cvp,ROUBO A PESSOA,,,,,,,,,,AIS 23,RMF OESTE
2.0,AIS 08,,,ALDEOTA,Fortaleza,,Sim,2026-03-27,,,,12:59:56,76665,4405987.0,,-3.7285989089,-38.5133609855,,,cvp,ROUBO A PESSOA,,,,,,,,,,,CAPITAL LESTE
2.0,AIS 19,,,COCÓ,Fortaleza,,Sim,2026-03-01,,,,19:17:09,76703,4407132.0,,-3.7425210662,-38.479117464,,,cvp,ROUBO A FARMÁCIA,,,,,,,,,,,CAPITAL LESTE
2.0,AIS 19,,,JOAQUIM TÁVORA,Fortaleza,,Sim,2026-03-01,,,,17:55:19,76704,4407130.0,,-3.7415697268,-38.522344659,,,cvp,ROUBO A PESSOA,,,,,,,,,,,CAPITAL LESTE
2.0,AIS 14,,,,Maracanaú,,Sim,2026-03-01,,,,19:35:14,76705,4407135.0,,-3.821650928,-38.6318690256,,,cvp,ROUBO APLICATIVO DE ENTREGAS,,,,,,,,,,AIS 14,RMF LESTE
2.0,AIS 31,,,,Pedra Branca,,Sim,2026-03-01,,,,23:12:27,76706,4407137.0,,-5.4694869021,-39.7136101935,,,cvp,ROUBO A RESIDÊNCIA,,,,,,,,,,AIS 31,SUDESTE
2.0,AIS 20,,,PREFEITO JOSÉ WALTER,Fortaleza,,Sim,2026-03-01,,,,22:39:31,76707,4407134.0,,-3.8365714428,-38.5514668693,,,cvp,ROUBO A PESSOA,,,,,,,,,,,CAPITAL OESTE
2.0,AIS 08,,,ALDEOTA,Fortaleza,,Sim,2026-03-01,,,,18:05:15,76708,4407131.0,,-3.7311305951,-38.5076811602,,,cvp,ROUBO A PESSOA,,,,,,,,,,,CAPITAL LESTE
2.0,AIS 12,,,,Caucaia,,Sim,2026-03-01,,,,00:05:02,76709,4407116.0,,-3.7317511359,-38.6576254666,,,cvp,ROUBO A CLÍNICA/CONSULTÓRIO,,,,,,,,,,AIS 12,RMF OESTE
2.0,AIS 06,,,RODOLFO TEÓFILO,Fortaleza,,Sim,2026-03-01,,,,03:30:34,76710,4407122.0,,-3.7454978453,-38.5490313179,,,cvp,ROUBO A RESIDÊNCIA,,,,,,,,,,,CAPITAL OESTE
2.0,AIS 18,,,VILA VELHA,Fortaleza,,Sim,2026-03-01,,,,05:58:53,76711,4407125.0,,-3.714571087,-38.5921125284,,,cvp,ROUBO A PESSOA,,,,,,,,,,,CAPITAL OESTE
2.0,AIS 18,,,CENTRO,Fortaleza,,Sim,2026-03-01,,,,10:53:27,76712,4407126.0,,-3.7218229835,-38.5282551505,,,cvp,ROUBO A PESSOA,,,,,,,,,,,CAPITAL OESTE
2.0,AIS 06,,,RODOLFO TEÓFILO,Fortaleza,,Sim,2026-03-01,,,,11:17:48,76713,4407127.0,,-3.7483241637,-38.5489639496,,,cvp,ROUBO A COLETIVO,,,,,,,,,,,CAPITAL OESTE
2.0,AIS 05,,,PARANGABA,Fortaleza,,Sim,2026-03-01,,,,00:03:27,76714,4407119.0,,-3.7767617401,-38.5686687549,,,cvp,ROUBO A COLETIVO,,,,,,,,,,,CAPITAL OESTE
2.0,AIS 08,,,MEIRELES,Fortaleza,,Sim,2026-03-02,,,,19:49:25,76715,4407110.0,,-3.7237743968,-38.5100198757,,,cvp,ROUBO A PESSOA,,,,,,,,,,,CAPITAL LESTE
2.0,AIS 06,,,DOM LUSTOSA,Fortaleza,,Sim,2026-03-02,,,,19:27:07,76716,4407106.0,,-3.7468128622,-38.5857080716,,,cvp,ROUBO A PESSOA,,,,,,,,,,,CAPITAL OESTE
2.0,AIS 16,,,JOSÉ DE ALENCAR,Fortaleza,,Sim,2026-03-02,,,,19:34:59,76717,4407107.0,,-3.810162359,-38.475837001,,,cvp,ROUBO A PESSOA,,,,,,,,,,,CAPITAL LESTE
2.0,AIS 18,,,CENTRO,Fortaleza,,Sim,2026-03-02,,,,19:37:16,76718,4407108.0,,-3.7305115818,-38.5165394631,,,cvp,ROUBO A PESSOA,,,,,,,,,,,CAPITAL OESTE
2.0,AIS 16,,,JOSÉ DE ALENCAR,Fortaleza,,Sim,2026-03-02,,,,20:03:58,76719,4407112.0,,-3.8041061803,-38.4764709992,,,cvp,ROUBO A PESSOA,,,,,,,,,,,CAPITAL LESTE
2.0,AIS 17,,,GRANJA PORTUGAL,Fortaleza,,Sim,2026-03-02,,,,17:36:01,76720,4407148.0,,-3.7784808406,-38.6067648318,,,cvp,ROUBO A PESSOA,,,,,,,,,,,CAPITAL OESTE
2.0,AIS 18,,,FLORESTA,Fortaleza,,Sim,2026-03-02,,,,14:34:59,76721,4407147.0,,-3.7228843619,-38.5704535491,,,cvp,ROUBO A PESSOA,,,,,,,,,,,CAPITAL OESTE
2.0,AIS 08,,,ALDEOTA,Fortaleza,,Sim,2026-03-02,,,,07:28:30,76722,4407142.0,,-3.7350617364,-38.5148725017,,,cvp,ROUBO A PESSOA,,,,,,,,,,,CAPITAL LESTE
2.0,AIS 19,,,COCÓ,Fortaleza,,Sim,2026-03-02,,,,11:51:57,76723,4407144.0,,-3.742329524,-38.4827275034,,,cvp,ROUBO A PESSOA,,,,,,,,,,,CAPITAL LESTE
2.0,AIS 05,,,JOSÉ BONIFÁCIO,Fortaleza,,Sim,2026-03-02,,,,22:51:27,76724,4407150.0,,-3.7366425835,-38.5280217535,,,cvp,ROUBO A PESSOA,,,,,,,,,,,CAPITAL OESTE
2.0,AIS 06,,,PARQUE ARAXÁ,Fortaleza,,Sim,2026-03-02,,,,22:07:51,76725,4407149.0,,-3.7335054277,-38.5474513157,,,cvp,ROUBO A PESSOA,,,,,,,,,,,CAPITAL OESTE
2.0,AIS 18,,,FLORESTA,Fortaleza,,Sim,2026-03-02,,,,12:52:20,76726,4407145.0,,-3.727671218,-38.5767574566,,,cvp,ROUBO A PESSOA,,,,,,,,,,,CAPITAL OESTE
2.0,AIS 05,,,DAMAS,Fortaleza,,Sim,2026-03-02,,,,13:49:48,76727,4407146.0,,-3.7567893391,-38.5490585805,,,cvp,ROUBO A PESSOA,,,,,,,,,,,CAPITAL OESTE
2.0,AIS 06,,,JÓQUEI CLUBE,Fortaleza,,Sim,2026-03-02,,,,22:51:39,76728,4407151.0,,-3.7711888449,-38.5734867607,,,cvp,ROUBO A PESSOA,,,,,,,,,,,CAPITAL OESTE
2.0,AIS 08,,,MEIRELES,Fortaleza,,Sim,2026-03-03,,,,17:28:00,76729,4407161.0,,-3.7224044077,-38.5089361259,,,cvp,ROUBO A PESSOA,,,,,,,,,,,CAPITAL LESTE
2.0,AIS 22,,,PASSARÉ,Fortaleza,,Sim,2026-03-03,,,,11:01:11,76730,4407157.0,,-3.8243090101,-38.5420878769,,,cvp,ROUBO A MOTEL,,,,,,,,,,,CAPITAL LESTE
2.0,AIS 16,,,MESSEJANA,Fortaleza,,Sim,2026-03-03,,,,13:15:31,76731,4407159.0,,-3.8359259358,-38.4980170723,,,cvp,ROUBO A PESSOA,,,,,,,,,,,CAPITAL LESTE
2.0,AIS 19,,,PAPICU,Fortaleza,,Sim,2026-03-03,,,,15:46:52,76732,4407160.0,,-3.7436451789,-38.475318386,,,cvp,ROUBO A FARMÁCIA,,,,,,,,,,,CAPITAL LESTE
2.0,AIS 19,,,COCÓ,Fortaleza,,Sim,2026-03-03,,,,18:05:49,76733,4407162.0,,-3.7425210662,-38.479117464,,,cvp,ROUBO A FARMÁCIA,,,,,,,,,,,CAPITAL LESTE
2.0,AIS 18,,,CENTRO,Fortaleza,,Sim,2026-03-03,,,,20:10:59,76734,4407164.0,,-3.7204614285,-38.5208267802,,,cvp,ROUBO A PESSOA,,,,,,,,,,,CAPITAL OESTE
2.0,AIS 06,,,ANTÔNIO BEZERRA,Fortaleza,,Sim,2026-03-03,,,,20:18:31,76735,4407165.0,,-3.7436283488,-38.5884124203,,,cvp,ROUBO A PESSOA,,,,,,,,,,,CAPITAL OESTE
2.0,AIS 05,,,FÁTIMA,Fortaleza,,Sim,2026-03-03,,,,23:53:46,76736,4407169.0,,-3.7472013295,-38.5268209739,,,cvp,ROUBO A PESSOA,,,,,,,,,,,CAPITAL OESTE
2.0,AIS 14,,,,Maracanaú,,Sim,2026-03-03,,,,05:22:24,76737,4407172.0,,-3.8794229445,-38.6253856052,,,cvp,ROUBO A ESTABELECIMENTO COMERCIAL,,,,,,,,,,AIS 14,RMF LESTE
2.0,AIS 29,,,,Fortim,,Sim,2026-03-03,,,,14:04:07,76738,4407174.0,,-4.4169861515,-37.89047918,,,cvp,ROUBO A RESIDÊNCIA,,,,,,,,,,AIS 29,NORDESTE
2.0,AIS 12,,,,Caucaia,,Sim,2026-03-04,,,,06:22:30,76739,4407176.0,,-3.7523994588,-38.6305631798,,,cvp,ROUBO A PESSOA,,,,,,,,,,AIS 12,RMF OESTE
2.0,AIS 21,,,AEROLÂNDIA,Fortaleza,,Sim,2026-03-04,,,,03:42:55,76740,4407179.0,,-3.7774655133,-38.51634568,,,cvp,ROUBO A PESSOA,,,,,,,,,,,CAPITAL OESTE
2.0,AIS 22,,,DIAS MACÊDO,Fortaleza,,Sim,2026-03-04,,,,04:36:13,76741,4407180.0,,-3.7845965823,-38.5165047356,,,cvp,ROUBO A PESSOA,,,,,,,,,,,CAPITAL LESTE
2.0,AIS 19,,,DIONÍSIO TORRES,Fortaleza,,Sim,2026-03-04,,,,23:13:43,76742,4407196.0,,-3.7480594636,-38.505721114,,,cvp,ROUBO A PESSOA,,,,,,,,,,,CAPITAL LESTE
2.0,AIS 22,,,PASSARÉ,Fortaleza,,Sim,2026-03-04,,,,06:43:35,76743,4407181.0,,-3.8030758673,-38.5328486212,,,cvp,ROUBO A PESSOA,,,,,,,,,,,CAPITAL LESTE
2.0,AIS 06,,,PICI,Fortaleza,,Sim,2026-03-04,,,,09:17:00,76744,4407183.0,,-3.7574605219,-38.5725681013,,,cvp,ROUBO A PESSOA,,,,,,,,,,,CAPITAL OESTE
2.0,AIS 19,,,JOAQUIM TÁVORA,Fortaleza,,Sim,2026-03-04,,,,15:11:04,76745,4407186.0,,-3.7466539615,-38.5132442283,,,cvp,ROUBO A PESSOA,,,,,,,,,,,CAPITAL LESTE
2.0,AIS 05,,,JOSÉ BONIFÁCIO,Fortaleza,,Sim,2026-03-04,,,,15:43:12,76746,4407187.0,,-3.7358461407,-38.5285656581,,,cvp,ROUBO A PESSOA,,,,,,,,,,,CAPITAL OESTE
2.0,AIS 18,,,CENTRO,Fortaleza,,Sim,2026-03-04,,,,22:07:31,76747,4407192.0,,-3.7277319683,-38.5182697397,,,cvp,ROUBO A PESSOA,,,,,,,,,,,CAPITAL OESTE
2.0,AIS 19,,,DIONÍSIO TORRES,Fortaleza,,Sim,2026-03-04,,,,22:19:48,76748,4407193.0,,-3.7480594636,-38.505721114,,,cvp,ROUBO A PESSOA,,,,,,,,,,,CAPITAL LESTE
2.0,AIS 20,,,PLANALTO AYRTON SENNA,Fortaleza,,Sim,2026-03-04,,,,22:35:22,76749,4407194.0,,-3.8377291168,-38.5765314021,,,cvp,ROUBO A PESSOA,,,,,,,,,,,CAPITAL OESTE
2.0,AIS 19,,,SÃO JOÃO DO TAUAPE,Fortaleza,,Sim,2026-03-05,,,,10:58:45,76750,4407205.0,,-3.7585069166,-38.5168348009,,,cvp,ROUBO A PESSOA,,,,,,,,,,,CAPITAL LESTE
2.0,AIS 12,,,,Caucaia,,Sim,2026-03-05,,,,05:47:47,76751,4407197.0,,-3.6995064614,-38.6454812969,,,cvp,ROUBO A PESSOA,,,,,,,,,,AIS 12,RMF OESTE
2.0,AIS 19,,,JOAQUIM TÁVORA,Fortaleza,,Sim,2026-03-05,,,,06:18:41,76752,4407201.0,,-3.7511665723,-38.520565532,,,cvp,ROUBO A PESSOA,,,,,,,,,,,CAPITAL LESTE
2.0,AIS 05,,,FÁTIMA,Fortaleza,,Sim,2026-03-05,,,,06:31:19,76753,4407202.0,,-3.7558401086,-38.5203431556,,,cvp,ROUBO A PESSOA,,,,,,,,,,,CAPITAL OESTE
2.0,AIS 08,,,MUCURIPE,Fortaleza,,Sim,2026-03-05,,,,08:23:32,76754,4407203.0,,-3.7279958399,-38.4812762247,,,cvp,ROUBO A PESSOA,,,,,,,,,,,CAPITAL LESTE
2.0,AIS 12,,,PARQUE SOLEDADE,Fortaleza,,Sim,2026-03-05,,,,09:16:52,76755,4407204.0,,-3.732818299,-38.6567171123,,,cvp,ROUBO A ESTABELECIMENTO COMERCIAL,,,,,,,,,,,RMF OESTE
2.0,AIS 06,,,PARQUELÂNDIA,Fortaleza,,Sim,2026-03-05,,,,12:07:43,76756,4407206.0,,-3.7366149712,-38.5533210308,,,cvp,ROUBO A PESSOA,,,,,,,,,,,CAPITAL OESTE
2.0,AIS 05,,,AEROPORTO,Fortaleza,,Sim,2026-03-05,,,,12:55:57,76757,4407207.0,,-3.7816927773,-38.5354323746,,,cvp,ROUBO A COLETIVO,,,,,,,,,,,CAPITAL OESTE
2.0,AIS 06,,,PARQUELÂNDIA,Fortaleza,,Sim,2026-03-05,,,,14:22:52,76758,4407209.0,,-3.7374625618,-38.5642840858,,,cvp,ROUBO A PESSOA,,,,,,,,,,,CAPITAL OESTE
2.0,AIS 05,,,BENFICA,Fortaleza,,Sim,2026-03-05,,,,14:37:26,76759,4407210.0,,-3.7417449977,-38.5413301745,,,cvp,ROUBO A PESSOA,,,,,,,,,,,CAPITAL OESTE
2.0,AIS 18,,,PRESIDENTE KENNEDY,Fortaleza,,Sim,2026-03-05,,,,18:04:28,76760,4407212.0,,-3.7346749096,-38.5657160724,,,cvp,ROUBO A PESSOA,,,,,,,,,,,CAPITAL OESTE
2.0,AIS 06,,,ANTÔNIO BEZERRA,Fortaleza,,Sim,2026-03-05,,,,20:09:09,76761,4407214.0,,-3.7407029581,-38.5910007274,,,cvp,ROUBO A PESSOA,,,,,,,,,,,CAPITAL OESTE
2.0,AIS 08,,,ALDEOTA,Fortaleza,,Sim,2026-03-05,,,,21:09:04,76762,4407216.0,,-3.7401706542,-38.5020510385,,,cvp,ROUBO A PESSOA,,,,,,,,,,,CAPITAL LESTE
2.0,AIS 12,,,,Caucaia,,Sim,2026-03-06,,,,11:47:58,76763,4407222.0,,-3.650766585,-38.726030406,,,cvp,ROUBO A PESSOA,,,,,,,,,,AIS 12,RMF OESTE
2.0,AIS 22,,,PASSARÉ,Fortaleza,,Sim,2026-03-06,,,,00:03:37,76764,4407224.0,,-3.8158600289,-38.5314147715,,,cvp,ROUBO A COLETIVO,,,,,,,,,,,CAPITAL LESTE
2.0,AIS 18,,,CENTRO,Fortaleza,,Sim,2026-03-06,,,,03:29:47,76765,4407226.0,,-3.7288869805,-38.5196465723,,,cvp,ROUBO A RESIDÊNCIA,,,,,,,,,,,CAPITAL OESTE
2.0,AIS 18,,,CENTRO,Fortaleza,,Sim,2026-03-06,,,,05:17:42,76766,4407227.0,,-3.7230859959,-38.5282796933,,,cvp,ROUBO A PESSOA,,,,,,,,,,,CAPITAL OESTE
2.0,AIS 21,,,EDSON QUEIROZ,Fortaleza,,Sim,2026-03-06,,,,06:04:55,76767,4407228.0,,-3.7650581537,-38.4746906063,,,cvp,ROUBO A PESSOA,,,,,,,,,,,CAPITAL OESTE
2.0,AIS 05,,,FÁTIMA,Fortaleza,,Sim,2026-03-06,,,,06:15:45,76768,4407229.0,,-3.7532502431,-38.5287936464,,,cvp,ROUBO A PESSOA,,,,,,,,,,,CAPITAL OESTE
2.0,AIS 20,,,PREFEITO JOSÉ WALTER,Fortaleza,,Sim,2026-03-06,,,,08:04:00,76769,4407230.0,,-3.8228411658,-38.5554091746,,,cvp,ROUBO A PESSOA,,,,,,,,,,,CAPITAL OESTE
2.0,AIS 20,,,MONDUBIM,Fortaleza,,Sim,2026-03-06,,,,08:44:59,76770,4407231.0,,-3.8252946,-38.5623961667,,,cvp,ROUBO A PESSOA,,,,,,,,,,,CAPITAL OESTE
2.0,AIS 20,,,MANOEL SÁTIRO,Fortaleza,,Sim,2026-03-06,,,,10:15:03,76771,4407233.0,,-3.7976369624,-38.5756910467,,,cvp,ROUBO A PESSOA,,,,,,,,,,,CAPITAL OESTE
2.0,AIS 08,,,ALDEOTA,Fortaleza,,Sim,2026-03-06,,,,13:04:21,76772,4407236.0,,-3.7292608339,-38.5107329465,,,cvp,ROUBO A ESTABELECIMENTO COMERCIAL,,,,,,,,,,,CAPITAL LESTE
2.0,AIS 08,,,MEIRELES,Fortaleza,,Sim,2026-03-06,,,,18:46:09,76773,4407237.0,,-3.7269671471,-38.495221096,,,cvp,ROUBO A PESSOA,,,,,,,,,,,CAPITAL LESTE
2.0,AIS 21,,,CIDADE DOS FUNCIONÁRIOS,Fortaleza,,Sim,2026-03-06,,,,19:21:01,76774,4407238.0,,-3.7997863001,-38.4932863707,,,cvp,ROUBO A PESSOA,,,,,,,,,,,CAPITAL OESTE
2.0,AIS 08,,,ALDEOTA,Fortaleza,,Sim,2026-03-06,,,,19:23:42,76775,4407239.0,,-3.7324068174,-38.5127317548,,,cvp,ROUBO A PESSOA,,,,,,,,,,,CAPITAL LESTE
2.0,AIS 18,,,CENTRO,Fortaleza,,Sim,2026-03-06,,,,19:25:59,76776,4407240.0,,-3.7316905886,-38.5153251618,,,cvp,ROUBO A PESSOA,,,,,,,,,,,CAPITAL OESTE
2.0,AIS 19,,,DIONÍSIO TORRES,Fortaleza,,Sim,2026-03-06,,,,19:44:50,76777,4407242.0,,-3.7503374823,-38.5011091645,,,cvp,ROUBO A PESSOA,,,,,,,,,,,CAPITAL LESTE
2.0,AIS 08,,,ALDEOTA,Fortaleza,,Sim,2026-03-06,,,,20:14:47,76778,4407243.0,,-3.7367162039,-38.5060218597,,,cvp,ROUBO A PESSOA,,,,,,,,,,,CAPITAL LESTE
2.0,AIS 08,,,MEIRELES,Fortaleza,,Sim,2026-03-06,,,,20:49:18,76779,4407244.0,,-3.722737897,-38.5088308494,,,cvp,ROUBO A PESSOA,,,,,,,,,,,CAPITAL LESTE
2.0,,,,PATRIOLINO RIBEIRO,Fortaleza,,Sim,2026-03-06,,,,23:10:12,76780,4407245.0,,-3.7680690556,-38.4912968807,,,cvp,ROUBO A PESSOA,,,,,,,,,,,
2.0,AIS 06,,,DOM LUSTOSA,Fortaleza,,Sim,2026-03-06,,,,23:40:36,76781,4407246.0,,-3.7480082869,-38.5874159704,,,cvp,ROUBO A PESSOA,,,,,,,,,,,CAPITAL OESTE
2.0,AIS 12,,,,Caucaia,,Sim,2026-03-07,,,,14:41:33,76782,4407250.0,,-3.754894545,-38.6318361769,,,cvp,ROUBO A PESSOA,,,,,,,,,,AIS 12,RMF OESTE
2.0,AIS 19,,,PAPICU,Fortaleza,,Sim,2026-03-07,,,,02:35:45,76783,4407252.0,,-3.7405686575,-38.4840304524,,,cvp,ROUBO A ESTABELECIMENTO COMERCIAL,,,,,,,,,,,CAPITAL LESTE
2.0,AIS 19,,,PAPICU,Fortaleza,,Sim,2026-03-07,,,,04:45:50,76784,4407255.0,,-3.7381093472,-38.4838725845,,,cvp,ROUBO A PESSOA,,,,,,,,,,,CAPITAL LESTE
2.0,AIS 21,,,CIDADE DOS FUNCIONÁRIOS,Fortaleza,,Sim,2026-03-07,,,,06:11:37,76785,4407258.0,,-3.7886695358,-38.4936184125,,,cvp,ROUBO A PESSOA,,,,,,,,,,,CAPITAL OESTE
2.0,AIS 08,,,VARJOTA,Fortaleza,,Sim,2026-03-07,,,,06:49:37,76786,4407259.0,,-3.7392513632,-38.4878361067,,,cvp,ROUBO A PESSOA,,,,,,,,,,,CAPITAL LESTE
2.0,,,,GENTILÂNDIA,Fortaleza,,Sim,2026-03-07,,,,19:01:56,76787,4407266.0,,-3.7470350689,-38.5383372083,,,cvp,ROUBO A PESSOA,,,,,,,,,,,
2.0,AIS 05,,,JOSÉ BONIFÁCIO,Fortaleza,,Sim,2026-03-07,,,,19:14:00,76788,4407267.0,,-3.7422932588,-38.5278079122,,,cvp,ROUBO A PESSOA,,,,,,,,,,,CAPITAL OESTE
2.0,,,,DENDÊ,Fortaleza,,Sim,2026-03-07,,,,19:37:51,76789,4407268.0,,-3.7983765296,-38.5556101428,,,cvp,ROUBO A RESIDÊNCIA,,,,,,,,,,,
2.0,AIS 22,,,CASTELÃO,Fortaleza,,Sim,2026-03-07,,,,19:48:09,76790,4407269.0,,-3.80288751,-38.5192122577,,,cvp,ROUBO A PESSOA,,,,,,,,,,,CAPITAL LESTE
2.0,,,,CIRSTO REDENTOR,Fortaleza,,Sim,2026-03-07,,,,21:39:58,76791,4407271.0,,-3.7116128801,-38.5707330326,,,cvp,ROUBO A PESSOA,,,,,,,,,,,
2.0,AIS 05,,,FÁTIMA,Fortaleza,,Sim,2026-03-07,,,,12:57:11,76792,4407263.0,,-3.7531037116,-38.5213683176,,,cvp,ROUBO A PESSOA,,,,,,,,,,,CAPITAL OESTE
2.0,AIS 25,,,,Horizonte,,Sim,2026-03-07,,,,11:04:21,76793,4407274.0,,-4.0908960155,-38.4806704292,,,cvp,ROUBO A PESSOA,,,,,,,,,,AIS 25,RMF LESTE
2.0,AIS 06,,,AMADEU FURTADO,Fortaleza,,Sim,2026-03-07,,,,12:32:11,76794,4407262.0,,-3.7475758836,-38.5573817801,,,cvp,ROUBO A MERCEARIA/MERCADINHO,,,,,,,,,,,CAPITAL OESTE
2.0,AIS 09,,,,Morada Nova,,Sim,2026-03-08,,,,22:54:21,76795,4407286.0,,-5.1080558947,-38.3716797024,,,cvp,ROUBO A RESIDÊNCIA,,,,,,,,,,AIS 09,SUDESTE
2.0,AIS 05,,,DAMAS,Fortaleza,,Sim,2026-03-08,,,,03:38:08,76796,4407278.0,,-3.7513808161,-38.5485601013,,,cvp,ROUBO A PESSOA,,,,,,,,,,,CAPITAL OESTE
2.0,AIS 05,,,VILA UNIÃO,Fortaleza,,Sim,2026-03-08,,,,12:14:28,76797,4407279.0,,-3.7627075128,-38.5342117327,,,cvp,ROUBO A PESSOA,,,,,,,,,,,CAPITAL OESTE
2.0,AIS 08,,,ALDEOTA,Fortaleza,,Sim,2026-03-08,,,,14:25:19,76798,4407280.0,,-3.7304162716,-38.5143225708,,,cvp,ROUBO A FARMÁCIA,,,,,,,,,,,CAPITAL LESTE
2.0,AIS 18,,,CENTRO,Fortaleza,,Sim,2026-03-08,,,,18:06:58,76799,4407281.0,,-3.7327145811,-38.5260863358,,,cvp,ROUBO A PESSOA,,,,,,,,,,,CAPITAL OESTE
2.0,AIS 05,,,PARANGABA,Fortaleza,,Sim,2026-03-08,,,,18:45:58,76800,4407282.0,,-3.7753162872,-38.5616858413,,,cvp,ROUBO A ESTABELECIMENTO COMERCIAL,,,,,,,,,,,CAPITAL OESTE
2.0,AIS 08,,,VICENTE PINZÓN,Fortaleza,,Sim,2026-03-08,,,,21:26:45,76801,4407283.0,,-3.7250698603,-38.4798146711,,,cvp,ROUBO A PESSOA,,,,,,,,,,,CAPITAL LESTE
2.0,AIS 24,,,,Eusébio,,Sim,2026-03-08,,,,21:31:46,76802,4407276.0,,-3.8696167776,-38.4719126043,,,cvp,ROUBO A PESSOA,,,,,,,,,,AIS 24,RMF LESTE
2.0,AIS 21,,,EDSON QUEIROZ,Fortaleza,,Sim,2026-03-09,,,,06:14:12,76803,4407294.0,,-3.7747362078,-38.4800454896,,,cvp,ROUBO A PESSOA,,,,,,,,,,,CAPITAL OESTE
2.0,AIS 12,,,,Caucaia,,Sim,2026-03-09,,,,05:44:13,76804,4407288.0,,-3.7228210755,-38.6527976698,,,cvp,ROUBO A PESSOA,,,,,,,,,,AIS 12,RMF OESTE
2.0,AIS 12,,,,Caucaia,,Sim,2026-03-09,,,,06:12:16,76805,4407289.0,,-3.7241115566,-38.6563760297,,,cvp,ROUBO A PESSOA,,,,,,,,,,AIS 12,RMF OESTE
2.0,AIS 12,,,,Caucaia,,Sim,2026-03-09,,,,13:20:31,76806,4407290.0,,-3.7343059478,-38.6585643896,,,cvp,ROUBO A ESTABELECIMENTO COMERCIAL,,,,,,,,,,AIS 12,RMF OESTE
2.0,AIS 05,,,FÁTIMA,Fortaleza,,Sim,2026-03-09,,,,01:16:52,76807,4407292.0,,-3.7461102755,-38.5307842755,,,cvp,ROUBO A PESSOA,,,,,,,,,,,CAPITAL OESTE
2.0,AIS 16,,,MESSEJANA,Fortaleza,,Sim,2026-03-09,,,,03:16:46,76808,4407293.0,,-3.8375571867,-38.49736072,,,cvp,ROUBO A RESIDÊNCIA,,,,,,,,,,,CAPITAL LESTE
2.0,AIS 08,,,ALDEOTA,Fortaleza,,Sim,2026-03-09,,,,07:31:11,76809,4407296.0,,-3.730715559,-38.5120882618,,,cvp,ROUBO A PESSOA,,,,,,,,,,,CAPITAL LESTE
2.0,AIS 22,,,CASTELÃO,Fortaleza,,Sim,2026-03-09,,,,08:29:26,76810,4407297.0,,-3.8086583315,-38.51775699,,,cvp,ROUBO A PESSOA,,,,,,,,,,,CAPITAL LESTE
2.0,AIS 21,,,AEROLÂNDIA,Fortaleza,,Sim,2026-03-09,,,,08:39:33,76811,4407298.0,,-3.7708583309,-38.5134359607,,,cvp,ROUBO A PESSOA,,,,,,,,,,,CAPITAL OESTE
2.0,AIS 19,,,SÃO JOÃO DO TAUAPE,Fortaleza,,Sim,2026-03-09,,,,09:03:03,76812,4407299.0,,-3.7550878274,-38.5186025965,,,cvp,ROUBO A ESTABELECIMENTO COMERCIAL,,,,,,,,,,,CAPITAL LESTE
2.0,AIS 08,,,MUCURIPE,Fortaleza,,Sim,2026-03-09,,,,10:29:01,76813,4407300.0,,-3.7247596105,-38.4837258446,,,cvp,ROUBO A PESSOA,,,,,,,,,,,CAPITAL LESTE
2.0,AIS 08,,,ALDEOTA,Fortaleza,,Sim,2026-03-09,,,,10:44:54,76814,4407301.0,,-3.7394360926,-38.4970295637,,,cvp,ROUBO A PESSOA,,,,,,,,,,,CAPITAL LESTE
2.0,AIS 16,,,MESSEJANA,Fortaleza,,Sim,2026-03-09,,,,10:56:46,76815,4407302.0,,-3.8312729595,-38.4948507057,,,cvp,ROUBO SAIDINHA BANCÁRIA,,,,,,,,,,,CAPITAL LESTE
2.0,AIS 08,,,VARJOTA,Fortaleza,,Sim,2026-03-09,,,,17:26:29,76816,4407305.0,,-3.7324150688,-38.4881722782,,,cvp,ROUBO A PESSOA,,,,,,,,,,,CAPITAL LESTE
2.0,AIS 21,,,EDSON QUEIROZ,Fortaleza,,Sim,2026-03-09,,,,19:47:58,76817,4407307.0,,-3.7648745362,-38.4812084876,,,cvp,ROUBO A COLETIVO,,,,,,,,,,,CAPITAL OESTE
2.0,AIS 05,,,AEROPORTO,Fortaleza,,Sim,2026-03-09,,,,13:25:19,76818,4407304.0,,-3.7708482867,-38.5299993471,,,cvp,ROUBO A PESSOA,,,,,,,,,,,CAPITAL OESTE
2.0,AIS 21,,,EDSON QUEIROZ,Fortaleza,,Sim,2026-03-09,,,,20:37:17,76819,4407309.0,,-3.7758359652,-38.4813509462,,,cvp,ROUBO A PESSOA,,,,,,,,,,,CAPITAL OESTE
2.0,AIS 08,,,ALDEOTA,Fortaleza,,Sim,2026-03-09,,,,20:54:06,76820,4407310.0,,-3.7411706145,-38.5083565585,,,cvp,ROUBO A FARMÁCIA,,,,,,,,,,,CAPITAL LESTE
2.0,AIS 14,,,,Maracanaú,,Sim,2026-03-09,,,,23:24:58,76821,4407312.0,,-3.8607129015,-38.5885191943,,,cvp,ROUBO A PESSOA,,,,,,,,,,AIS 14,RMF LESTE
2.0,AIS 09,,,,Limoeiro do Norte,,Sim,2026-03-09,,,,20:11:20,76822,4407314.0,,-5.1463418699,-38.0961632753,,,cvp,ROUBO A PESSOA,,,,,,,,,,AIS 09,SUDESTE
2.0,AIS 23,,,,Trairi,,Sim,2026-03-09,,,,19:50:53,76823,4407315.0,,-3.2777572398,-39.2681232382,,,cvp,ROUBO A PESSOA,,,,,,,,,,AIS 23,RMF OESTE
2.0,AIS 12,,,,Caucaia,,Sim,2026-03-10,,,,12:26:06,76824,4407317.0,,-3.6782562754,-38.749847684,,,cvp,ROUBO A PESSOA,,,,,,,,,,AIS 12,RMF OESTE
2.0,AIS 08,,,ALDEOTA,Fortaleza,,Sim,2026-03-10,,,,00:47:43,76825,4407318.0,,-3.7351217417,-38.5121521999,,,cvp,ROUBO A PESSOA,,,,,,,,,,,CAPITAL LESTE
2.0,AIS 06,,,GENIBAÚ,Fortaleza,,Sim,2026-03-10,,,,05:14:29,76826,4407320.0,,-3.7605080506,-38.602858626,,,cvp,ROUBO A PESSOA,,,,,,,,,,,CAPITAL OESTE
2.0,AIS 05,,,BENFICA,Fortaleza,,Sim,2026-03-10,,,,05:36:48,76827,4407321.0,,-3.7382169329,-38.5400157657,,,cvp,ROUBO A PESSOA,,,,,,,,,,,CAPITAL OESTE
2.0,AIS 19,,,SÃO JOÃO DO TAUAPE,Fortaleza,,Sim,2026-03-10,,,,09:39:08,76828,4407326.0,,-3.7549528951,-38.518680389,,,cvp,ROUBO A PESSOA,,,,,,,,,,,CAPITAL LESTE
2.0,AIS 18,,,JACARECANGA,Fortaleza,,Sim,2026-03-10,,,,09:59:37,76829,4407327.0,,-3.7236745773,-38.5426607235,,,cvp,ROUBO A PESSOA,,,,,,,,,,,CAPITAL OESTE
2.0,AIS 06,,,HENRIQUE JORGE,Fortaleza,,Sim,2026-03-10,,,,11:07:13,76830,4407328.0,,-3.7591410648,-38.5920440316,,,cvp,ROUBO A PESSOA,,,,,,,,,,,CAPITAL OESTE
2.0,AIS 08,,,VARJOTA,Fortaleza,,Sim,2026-03-10,,,,12:23:02,76831,4407330.0,,-3.7338199485,-38.4882375642,,,cvp,ROUBO A PESSOA,,,,,,,,,,,CAPITAL LESTE
2.0,AIS 19,,,PAPICU,Fortaleza,,Sim,2026-03-10,,,,16:05:12,76832,4407333.0,,-3.744866865,-38.4702904462,,,cvp,ROUBO A PESSOA,,,,,,,,,,,CAPITAL LESTE
2.0,AIS 05,,,JARDIM GUANABARA,Fortaleza,,Sim,2026-03-10,,,,18:03:31,76833,4407334.0,,-3.7237436082,-38.5885766628,,,cvp,ROUBO A PESSOA,,,,,,,,,,,CAPITAL OESTE
2.0,AIS 08,,,ALDEOTA,Fortaleza,,Sim,2026-03-10,,,,20:10:21,76834,4407337.0,,-3.7394360926,-38.4970295637,,,cvp,ROUBO A PESSOA,,,,,,,,,,,CAPITAL LESTE
2.0,AIS 14,,,,Maracanaú,,Sim,2026-03-10,,,,20:34:58,76835,4407342.0,,-3.838183477,-38.5878620806,,,cvp,ROUBO A PESSOA,,,,,,,,,,AIS 14,RMF LESTE
2.0,AIS 12,,,,Caucaia,,Sim,2026-03-11,,,,10:34:11,76836,4407346.0,,-3.725920215,-38.7665327167,,,cvp,ROUBO A PESSOA,,,,,,,,,,AIS 12,RMF OESTE
2.0,AIS 18,,,CENTRO,Fortaleza,,Sim,2026-03-11,,,,01:34:03,76837,4407350.0,,-3.7351993723,-38.5208535637,,,cvp,ROUBO A PESSOA,,,,,,,,,,,CAPITAL OESTE
2.0,AIS 18,,,SÃO GERARDO,Fortaleza,,Sim,2026-03-11,,,,07:39:30,76838,4407351.0,,-3.7330142084,-38.5608085489,,,cvp,ROUBO A PESSOA,,,,,,,,,,,CAPITAL OESTE
2.0,AIS 06,,,PADRE ANDRADE,Fortaleza,,Sim,2026-03-11,,,,07:55:44,76839,4407352.0,,-3.7327549669,-38.5800695821,,,cvp,ROUBO A PESSOA,,,,,,,,,,,CAPITAL OESTE
2.0,AIS 22,,,DIAS MACÊDO,Fortaleza,,Sim,2026-03-11,,,,08:36:15,76840,4407353.0,,-3.7822626359,-38.5145405793,,,cvp,ROUBO A PESSOA,,,,,,,,,,,CAPITAL LESTE
2.0,AIS 08,,,ALDEOTA,Fortaleza,,Sim,2026-03-11,,,,11:17:04,76841,4407354.0,,-3.7371129878,-38.5066639055,,,cvp,ROUBO A FARMÁCIA,,,,,,,,,,,CAPITAL LESTE
2.0,,,,JANGURURSSU,Fortaleza,,Sim,2026-03-11,,,,16:43:33,76842,4407355.0,,-3.8339533047,-38.5178862466,,,cvp,ROUBO A PESSOA,,,,,,,,,,,
2.0,AIS 06,,,ANTÔNIO BEZERRA,Fortaleza,,Sim,2026-03-11,,,,01:11:26,76843,4407349.0,,-3.7378447787,-38.594377242,,,cvp,ROUBO A PESSOA,,,,,,,,,,,CAPITAL OESTE
2.0,AIS 18,,,BARRA DO CEARÁ,Fortaleza,,Sim,2026-03-11,,,,17:29:06,76844,4407356.0,,-3.6998312312,-38.5875016157,,,cvp,ROUBO A PESSOA,,,,,,,,,,,CAPITAL OESTE
2.0,AIS 14,,,,Maracanaú,,Sim,2026-03-11,,,,04:58:42,76845,4407357.0,,-3.8343569145,-38.6115728592,,,cvp,ROUBO A PESSOA,,,,,,,,,,AIS 14,RMF LESTE
2.0,AIS 27,,,,Acaraú,,Sim,2026-03-11,,,,04:46:04,76846,4407358.0,,-2.8975306094,-40.1189226639,,,cvp,ROUBO A RESIDÊNCIA,,,,,,,,,,AIS 27,NORTE
2.0,AIS 08,,,MEIRELES,Fortaleza,,Sim,2026-03-12,,,,05:38:52,76847,4407363.0,,-3.7331328592,-38.4932127107,,,cvp,ROUBO A PESSOA,,,,,,,,,,,CAPITAL LESTE
2.0,,,,JANGURURSSU,Fortaleza,,Sim,2026-03-12,,,,10:43:35,76848,4407364.0,,-3.8393349602,-38.5163284366,,,cvp,ROUBO A PESSOA,,,,,,,,,,,
2.0,AIS 08,,,MEIRELES,Fortaleza,,Sim,2026-03-12,,,,11:33:43,76849,4407365.0,,-3.7226590102,-38.5091537329,,,cvp,ROUBO A PESSOA,,,,,,,,,,,CAPITAL LESTE
2.0,AIS 18,,,JACARECANGA,Fortaleza,,Sim,2026-03-12,,,,12:01:28,76850,4407366.0,,-3.7175630824,-38.546788116,,,cvp,ROUBO A PESSOA,,,,,,,,,,,CAPITAL OESTE
2.0,AIS 06,,,PARQUELÂNDIA,Fortaleza,,Sim,2026-03-12,,,,13:36:16,76851,4407367.0,,-3.7364658785,-38.5649873671,,,cvp,ROUBO A PESSOA,,,,,,,,,,,CAPITAL OESTE
2.0,AIS 22,,,DIAS MACÊDO,Fortaleza,,Sim,2026-03-12,,,,14:26:26,76852,4407369.0,,-3.7822094539,-38.5144008372,,,cvp,ROUBO A PESSOA,,,,,,,,,,,CAPITAL LESTE
2.0,AIS 05,,,SERRINHA,Fortaleza,,Sim,2026-03-12,,,,17:09:37,76853,4407371.0,,-3.7890496925,-38.5425876932,,,cvp,ROUBO A PESSOA,,,,,,,,,,,CAPITAL OESTE
2.0,AIS 21,,,AEROLÂNDIA,Fortaleza,,Sim,2026-03-12,,,,17:32:21,76854,4407372.0,,-3.772886225,-38.5123257672,,,cvp,ROUBO A PESSOA,,,,,,,,,,,CAPITAL OESTE
2.0,AIS 06,,,JÓQUEI CLUBE,Fortaleza,,Sim,2026-03-12,,,,18:34:31,76855,4407373.0,,-3.7642741517,-38.5743048826,,,cvp,ROUBO A PESSOA,,,,,,,,,,,CAPITAL OESTE
2.0,AIS 06,,,QUINTINO CUNHA,Fortaleza,,Sim,2026-03-12,,,,20:47:08,76856,4407377.0,,-3.7279157365,-38.5914210761,,,cvp,ROUBO A PESSOA,,,,,,,,,,,CAPITAL OESTE
2.0,AIS 14,,,,Maracanaú,,Sim,2026-03-12,,,,13:49:15,76857,4407378.0,,-3.8448504505,-38.5862429986,,,cvp,ROUBO A PESSOA C/ CONSTRANGIMENTO DA LIBERDADE,,,,,,,,,,AIS 14,RMF LESTE
2.0,AIS 12,,,,Caucaia,,Sim,2026-03-13,,,,10:28:19,76858,4407382.0,,-3.7565814655,-38.6243667072,,,cvp,ROUBO A PESSOA,,,,,,,,,,AIS 12,RMF OESTE
2.0,AIS 12,,,,Caucaia,,Sim,2026-03-13,,,,13:50:29,76859,4407383.0,,-3.7694623692,-38.6173078558,,,cvp,ROUBO A PESSOA,,,,,,,,,,AIS 12,RMF OESTE
2.0,AIS 18,,,CENTRO,Fortaleza,,Sim,2026-03-13,,,,01:59:14,76860,4407385.0,,-3.7336648122,-38.5257044466,,,cvp,ROUBO A PESSOA,,,,,,,,,,,CAPITAL OESTE
2.0,,,,JANGURURSSU,Fortaleza,,Sim,2026-03-13,,,,06:04:05,76861,4407387.0,,-3.842548607,-38.5151067817,,,cvp,ROUBO A PESSOA,,,,,,,,,,,
2.0,AIS 18,,,CENTRO,Fortaleza,,Sim,2026-03-13,,,,06:59:13,76862,4407388.0,,-3.7309357917,-38.5205183525,,,cvp,ROUBO A PESSOA,,,,,,,,,,,CAPITAL OESTE
2.0,AIS 18,,,CENTRO,Fortaleza,,Sim,2026-03-13,,,,07:18:45,76863,4407389.0,,-3.727699837,-38.5197257433,,,cvp,ROUBO A PESSOA,,,,,,,,,,,CAPITAL OESTE
2.0,AIS 08,,,PRAIA DE IRACEMA,Fortaleza,,Sim,2026-03-13,,,,12:43:58,76864,4407390.0,,-3.7197589898,-38.5116765419,,,cvp,ROUBO A PESSOA,,,,,,,,,,,CAPITAL LESTE
2.0,AIS 18,,,CENTRO,Fortaleza,,Sim,2026-03-13,,,,13:25:30,76865,4407391.0,,-3.7335664168,-38.5161694715,,,cvp,ROUBO A PESSOA,,,,,,,,,,,CAPITAL OESTE
2.0,AIS 08,,,MUCURIPE,Fortaleza,,Sim,2026-03-13,,,,16:53:23,76866,4407394.0,,-3.7239581992,-38.4805448403,,,cvp,ROUBO A PESSOA,,,,,,,,,,,CAPITAL LESTE
2.0,AIS 08,,,ALDEOTA,Fortaleza,,Sim,2026-03-13,,,,18:14:35,76867,4407395.0,,-3.7342912445,-38.5061463196,,,cvp,ROUBO A FARMÁCIA,,,,,,,,,,,CAPITAL LESTE
2.0,AIS 18,,,CENTRO,Fortaleza,,Sim,2026-03-13,,,,19:53:21,76868,4407399.0,,-3.7269443296,-38.5341092431,,,cvp,ROUBO A PESSOA,,,,,,,,,,,CAPITAL OESTE
2.0,AIS 19,,,COCÓ,Fortaleza,,Sim,2026-03-13,,,,21:03:06,76869,4407400.0,,-3.7478969406,-38.4900771509,,,cvp,ROUBO A PESSOA,,,,,,,,,,,CAPITAL LESTE
2.0,AIS 20,,,MONDUBIM,Fortaleza,,Sim,2026-03-13,,,,22:11:37,76870,4407401.0,,-3.820541236,-38.5855124637,,,cvp,ROUBO A PESSOA,,,,,,,,,,,CAPITAL OESTE
2.0,AIS 10,,,,Iguatu,,Sim,2026-03-13,,,,14:42:21,76871,4407404.0,,-6.3554971685,-39.2977737522,,,cvp,ROUBO A PESSOA,,,,,,,,,,AIS 10,SUL
2.0,AIS 09,,,,Russas,,Sim,2026-03-13,,,,16:54:27,76872,4407405.0,,-4.931730469,-37.972309372,,,cvp,ROUBO A PESSOA,,,,,,,,,,AIS 09,SUDESTE
2.0,AIS 07,,,,Varjota,,Sim,2026-03-13,,,,18:50:34,76873,4407406.0,,-4.1939284085,-40.4763827921,,,cvp,ROUBO A PESSOA,,,,,,,,,,AIS 07,NORTE
2.0,AIS 05,,,JOSÉ BONIFÁCIO,Fortaleza,,Sim,2026-03-14,,,,03:45:46,76874,4407409.0,,-3.7419148349,-38.5237994919,,,cvp,ROUBO A PESSOA,,,,,,,,,,,CAPITAL OESTE
2.0,,,,GENTILÂNDIA,Fortaleza,,Sim,2026-03-14,,,,05:44:11,76875,4407410.0,,-3.7440568663,-38.5385829993,,,cvp,ROUBO A PESSOA,,,,,,,,,,,
2.0,AIS 08,,,VICENTE PINZÓN,Fortaleza,,Sim,2026-03-14,,,,12:31:18,76876,4407415.0,,-3.7273187668,-38.4727300559,,,cvp,ROUBO A RESIDÊNCIA,,,,,,,,,,,CAPITAL LESTE
2.0,AIS 08,,,PRAIA DE IRACEMA,Fortaleza,,Sim,2026-03-14,,,,17:36:55,76877,4407416.0,,-3.7192465494,-38.5138886066,,,cvp,ROUBO A PESSOA,,,,,,,,,,,CAPITAL LESTE
2.0,AIS 17,,,CANINDEZINHO,Fortaleza,,Sim,2026-03-14,,,,18:51:05,76878,4407417.0,,-3.8177651682,-38.6131615843,,,cvp,ROUBO APLICATIVO DE TRANSPORTE,,,,,,,,,,,CAPITAL OESTE
2.0,AIS 21,,,CAMBEBA,Fortaleza,,Sim,2026-03-14,,,,20:21:03,76879,4407418.0,,-3.8064968379,-38.4833784158,,,cvp,ROUBO A PESSOA,,,,,,,,,,,CAPITAL OESTE
2.0,AIS 23,,,,Paraipaba,,Sim,2026-03-14,,,,08:16:11,76880,4407421.0,,-3.4319597266,-39.1450462418,,,cvp,ROUBO A PESSOA,,,,,,,,,,AIS 23,RMF OESTE
2.0,AIS 12,,,,Caucaia,,Sim,2026-03-15,,,,11:17:20,76881,4407423.0,,-3.7530052552,-38.6310537384,,,cvp,ROUBO A PESSOA,,,,,,,,,,AIS 12,RMF OESTE
2.0,AIS 21,,,ALTO DA BALANÇA,Fortaleza,,Sim,2026-03-15,,,,00:38:33,76882,4407425.0,,-3.7653043851,-38.5130065009,,,cvp,ROUBO A RESIDÊNCIA,,,,,,,,,,,CAPITAL OESTE
2.0,AIS 20,,,PARQUE DOIS IRMĂOS,Fortaleza,,Sim,2026-03-15,,,,03:17:15,76883,4407426.0,,-3.8134820517,-38.5536596549,,,cvp,ROUBO A PESSOA,,,,,,,,,,,CAPITAL OESTE
2.0,AIS 18,,,CENTRO,Fortaleza,,Sim,2026-03-15,,,,03:31:44,76884,4407427.0,,-3.7325196092,-38.5287378152,,,cvp,ROUBO A PESSOA,,,,,,,,,,,CAPITAL OESTE
2.0,AIS 20,,,PREFEITO JOSÉ WALTER,Fortaleza,,Sim,2026-03-15,,,,04:13:09,76885,4407428.0,,-3.831394396,-38.5356909732,,,cvp,ROUBO A PESSOA,,,,,,,,,,,CAPITAL OESTE
2.0,AIS 18,,,CENTRO,Fortaleza,,Sim,2026-03-15,,,,04:33:15,76886,4407430.0,,-3.7248251021,-38.5174294129,,,cvp,ROUBO A PESSOA,,,,,,,,,,,CAPITAL OESTE
2.0,AIS 05,,,VILA PERY,Fortaleza,,Sim,2026-03-15,,,,05:49:06,76887,4407431.0,,-3.7945173628,-38.5867864874,,,cvp,ROUBO A COLETIVO,,,,,,,,,,,CAPITAL OESTE
2.0,,,,SAPIRANGA COITÉ,Fortaleza,,Sim,2026-03-15,,,,14:38:23,76888,4407433.0,,-3.8070882144,-38.4608602706,,,cvp,ROUBO A PESSOA,,,,,,,,,,,
2.0,AIS 21,,,ENGENHEIRO LUCIANO CAVALCANTE,Fortaleza,,Sim,2026-03-15,,,,20:57:54,76889,4407436.0,,-3.7701852365,-38.4976756007,,,cvp,ROUBO A PESSOA,,,,,,,,,,,CAPITAL LESTE
2.0,AIS 21,,,AEROLÂNDIA,Fortaleza,,Sim,2026-03-15,,,,21:53:35,76890,4407437.0,,-3.7764208868,-38.5148617337,,,cvp,ROUBO A PESSOA,,,,,,,,,,,CAPITAL OESTE
2.0,AIS 20,,,MONDUBIM,Fortaleza,,Sim,2026-03-15,,,,23:38:06,76891,4407438.0,,-3.807847937,-38.5639546999,,,cvp,ROUBO A PESSOA,,,,,,,,,,,CAPITAL OESTE
2.0,AIS 20,,,MONDUBIM,Fortaleza,,Sim,2026-03-15,,,,23:55:50,76892,4407439.0,,-3.8096227091,-38.5729530431,,,cvp,ROUBO A PESSOA,,,,,,,,,,,CAPITAL OESTE
2.0,AIS 28,,,,Apuiarés,,Sim,2026-03-15,,,,20:33:22,76893,4407441.0,,-3.946157347,-39.4301752245,,,cvp,ROUBO A ESTABELECIMENTO COMERCIAL,,,,,,,,,,AIS 28,NORTE
2.0,AIS 29,,,,Aracati,,Sim,2026-03-15,,,,11:53:39,76894,4407442.0,,-4.5270909914,-37.6968219572,,,cvp,ROUBO A PESSOA,,,,,,,,,,AIS 29,NORDESTE
2.0,AIS 29,,,,Aracati,,Sim,2026-03-15,,,,11:56:58,76895,4407443.0,,-4.5254524075,-37.7053319268,,,cvp,ROUBO A PESSOA,,,,,,,,,,AIS 29,NORDESTE
2.0,,,,SAPIRANGA COITÉ,Fortaleza,,Sim,2026-03-16,,,,06:06:37,76896,4407447.0,,-3.8002486771,-38.4638840605,,,cvp,ROUBO A PESSOA,,,,,,,,,,,
2.0,AIS 16,,,MESSEJANA,Fortaleza,,Sim,2026-03-16,,,,06:16:54,76897,4407448.0,,-3.8327860585,-38.4840680753,,,cvp,ROUBO A PESSOA,,,,,,,,,,,CAPITAL LESTE
2.0,AIS 22,,,CASTELÃO,Fortaleza,,Sim,2026-03-16,,,,06:46:06,76898,4407449.0,,-3.8025544544,-38.5197697414,,,cvp,ROUBO A PESSOA,,,,,,,,,,,CAPITAL LESTE
2.0,AIS 06,,,ANTÔNIO BEZERRA,Fortaleza,,Sim,2026-03-16,,,,07:05:22,76899,4407450.0,,-3.7400339452,-38.5884735345,,,cvp,ROUBO A PESSOA,,,,,,,,,,,CAPITAL OESTE
2.0,AIS 21,,,CAMBEBA,Fortaleza,,Sim,2026-03-16,,,,07:35:10,76900,4407451.0,,-3.8021651849,-38.4893109574,,,cvp,ROUBO A PESSOA,,,,,,,,,,,CAPITAL OESTE
2.0,AIS 06,,,RODOLFO TEÓFILO,Fortaleza,,Sim,2026-03-16,,,,13:00:56,76901,4407453.0,,-3.7406565009,-38.5461734592,,,cvp,ROUBO A PESSOA,,,,,,,,,,,CAPITAL OESTE
2.0,AIS 18,,,CENTRO,Fortaleza,,Sim,2026-03-16,,,,13:05:11,76902,4407454.0,,-3.7247904361,-38.5382549081,,,cvp,ROUBO A PESSOA,,,,,,,,,,,CAPITAL OESTE
2.0,AIS 21,,,EDSON QUEIROZ,Fortaleza,,Sim,2026-03-16,,,,13:34:35,76903,4407455.0,,-3.7698297523,-38.4816082893,,,cvp,ROUBO A COLETIVO,,,,,,,,,,,CAPITAL OESTE
2.0,AIS 05,,,VILA UNIÃO,Fortaleza,,Sim,2026-03-16,,,,13:39:25,76904,4407456.0,,-3.7684471525,-38.5303686128,,,cvp,ROUBO A PESSOA,,,,,,,,,,,CAPITAL OESTE
2.0,AIS 18,,,CENTRO,Fortaleza,,Sim,2026-03-16,,,,18:39:29,76905,4407459.0,,-3.7262616593,-38.5178423356,,,cvp,ROUBO A PESSOA,,,,,,,,,,,CAPITAL OESTE
2.0,AIS 05,,,PARREÃO,Fortaleza,,Sim,2026-03-16,,,,18:56:46,76906,4407460.0,,-3.7592332532,-38.5377847878,,,cvp,ROUBO A PESSOA,,,,,,,,,,,CAPITAL OESTE
2.0,AIS 08,,,MUCURIPE,Fortaleza,,Sim,2026-03-16,,,,18:58:27,76907,4407461.0,,-3.72202663,-38.4801742357,,,cvp,ROUBO A RESTAURANTE/BAR/LANCHONETE,,,,,,,,,,,CAPITAL LESTE
2.0,AIS 05,,,PARREÃO,Fortaleza,,Sim,2026-03-16,,,,19:14:18,76908,4407462.0,,-3.7620538288,-38.5393518306,,,cvp,ROUBO A PESSOA,,,,,,,,,,,CAPITAL OESTE
2.0,AIS 06,,,HENRIQUE JORGE,Fortaleza,,Sim,2026-03-16,,,,19:42:55,76909,4407463.0,,-3.7629978965,-38.5792363519,,,cvp,ROUBO A PESSOA,,,,,,,,,,,CAPITAL OESTE
2.0,AIS 06,,,JÓQUEI CLUBE,Fortaleza,,Sim,2026-03-16,,,,19:53:02,76910,4407464.0,,-3.7699787895,-38.5744632252,,,cvp,ROUBO A PESSOA,,,,,,,,,,,CAPITAL OESTE
2.0,AIS 16,,,ANCURI,Fortaleza,,Sim,2026-03-16,,,,20:06:34,76911,4407465.0,,-3.8604298254,-38.5029620001,,,cvp,ROUBO A PESSOA,,,,,,,,,,,CAPITAL LESTE
2.0,AIS 21,,,ENGENHEIRO LUCIANO CAVALCANTE,Fortaleza,,Sim,2026-03-16,,,,20:11:16,76912,4407466.0,,-3.7762143622,-38.4837396912,,,cvp,ROUBO A PESSOA,,,,,,,,,,,CAPITAL LESTE
2.0,AIS 05,,,BENFICA,Fortaleza,,Sim,2026-03-16,,,,20:13:02,76913,4407467.0,,-3.7400266258,-38.5383063875,,,cvp,ROUBO A PESSOA,,,,,,,,,,,CAPITAL OESTE
2.0,AIS 21,,,ENGENHEIRO LUCIANO CAVALCANTE,Fortaleza,,Sim,2026-03-17,,,,00:12:30,76914,4407474.0,,-3.7762143622,-38.4837396912,,,cvp,ROUBO A PESSOA,,,,,,,,,,,CAPITAL LESTE
2.0,AIS 18,,,CENTRO,Fortaleza,,Sim,2026-03-17,,,,02:48:51,76915,4407475.0,,-3.7237581394,-38.5192336687,,,cvp,ROUBO A PESSOA,,,,,,,,,,,CAPITAL OESTE
2.0,AIS 08,,,ALDEOTA,Fortaleza,,Sim,2026-03-17,,,,07:28:49,76916,4407478.0,,-3.7361639027,-38.5160498978,,,cvp,ROUBO A PESSOA,,,,,,,,,,,CAPITAL LESTE
2.0,AIS 19,,,DIONÍSIO TORRES,Fortaleza,,Sim,2026-03-17,,,,15:08:28,76917,4407480.0,,-3.7475434525,-38.5022310367,,,cvp,ROUBO A PESSOA,,,,,,,,,,,CAPITAL LESTE
2.0,AIS 19,,,DIONÍSIO TORRES,Fortaleza,,Sim,2026-03-17,,,,15:18:23,76918,4407481.0,,-3.7513182541,-38.5084908417,,,cvp,ROUBO A ESTABELECIMENTO COMERCIAL,,,,,,,,,,,CAPITAL LESTE
2.0,AIS 21,,,ENGENHEIRO LUCIANO CAVALCANTE,Fortaleza,,Sim,2026-03-17,,,,16:13:15,76919,4407482.0,,-3.7730422132,-38.4962352852,,,cvp,ROUBO A PESSOA,,,,,,,,,,,CAPITAL LESTE
2.0,AIS 06,,,ANTÔNIO BEZERRA,Fortaleza,,Sim,2026-03-17,,,,17:21:36,76920,4407483.0,,-3.7396372277,-38.5911309916,,,cvp,ROUBO A PESSOA C/ CONSTRANGIMENTO DA LIBERDADE,,,,,,,,,,,CAPITAL OESTE
2.0,AIS 21,,,ENGENHEIRO LUCIANO CAVALCANTE,Fortaleza,,Sim,2026-03-17,,,,18:26:40,76921,4407484.0,,-3.7730422132,-38.4962352852,,,cvp,ROUBO A PESSOA,,,,,,,,,,,CAPITAL LESTE
2.0,AIS 08,,,MUCURIPE,Fortaleza,,Sim,2026-03-17,,,,19:41:10,76922,4407485.0,,-3.7250619125,-38.4878373014,,,cvp,ROUBO A PESSOA,,,,,,,,,,,CAPITAL LESTE
2.0,AIS 19,,,JOAQUIM TÁVORA,Fortaleza,,Sim,2026-03-17,,,,20:48:38,76923,4407486.0,,-3.7468093771,-38.5127489276,,,cvp,ROUBO A PESSOA,,,,,,,,,,,CAPITAL LESTE
2.0,AIS 19,,,JOAQUIM TÁVORA,Fortaleza,,Sim,2026-03-17,,,,21:04:36,76924,4407487.0,,-3.7482143637,-38.5164154845,,,cvp,ROUBO A PESSOA,,,,,,,,,,,CAPITAL LESTE
2.0,AIS 19,,,COCÓ,Fortaleza,,Sim,2026-03-17,,,,21:19:03,76925,4407488.0,,-3.7469191004,-38.4822463471,,,cvp,ROUBO A PESSOA C/ CONSTRANGIMENTO DA LIBERDADE,,,,,,,,,,,CAPITAL LESTE
2.0,AIS 05,,,PARANGABA,Fortaleza,,Sim,2026-03-17,,,,23:21:42,76926,4407490.0,,-3.7771651003,-38.5667955036,,,cvp,ROUBO A COLETIVO,,,,,,,,,,,CAPITAL OESTE
2.0,AIS 31,,,,Mombaça,,Sim,2026-03-17,,,,16:20:21,76927,4407492.0,,-5.7415973271,-39.6265922816,,,cvp,ROUBO A PESSOA,,,,,,,,,,AIS 31,SUDESTE
2.0,AIS 05,,,MONTESE,Fortaleza,,Sim,2026-03-18,,,,08:49:53,76928,4407497.0,,-3.7632787116,-38.5444412372,,,cvp,ROUBO A PESSOA,,,,,,,,,,,CAPITAL OESTE
2.0,AIS 21,,,CIDADE DOS FUNCIONÁRIOS,Fortaleza,,Sim,2026-03-18,,,,09:02:11,76929,4407498.0,,-3.7992373956,-38.5051752373,,,cvp,ROUBO A PESSOA,,,,,,,,,,,CAPITAL OESTE
2.0,AIS 16,,,ANCURI,Fortaleza,,Sim,2026-03-18,,,,09:33:22,76930,4407499.0,,-3.8591399961,-38.4976418661,,,cvp,ROUBO A PESSOA,,,,,,,,,,,CAPITAL LESTE
2.0,AIS 05,,,MONTESE,Fortaleza,,Sim,2026-03-18,,,,11:12:41,76931,4407500.0,,-3.7632787116,-38.5444412372,,,cvp,ROUBO A PESSOA,,,,,,,,,,,CAPITAL OESTE
2.0,AIS 05,,,SERRINHA,Fortaleza,,Sim,2026-03-18,,,,12:40:16,76932,4407501.0,,-3.7870321288,-38.5481160043,,,cvp,ROUBO A ESTABELECIMENTO DE ENSINO,,,,,,,,,,,CAPITAL OESTE
2.0,AIS 05,,,FÁTIMA,Fortaleza,,Sim,2026-03-18,,,,15:52:09,76933,4407502.0,,-3.7497575645,-38.5230430159,,,cvp,ROUBO A PESSOA,,,,,,,,,,,CAPITAL OESTE
2.0,AIS 19,,,PRAIA DO FUTURO I,Fortaleza,,Sim,2026-03-18,,,,18:10:42,76934,4407503.0,,-3.7489035859,-38.4467844138,,,cvp,ROUBO A PESSOA,,,,,,,,,,,CAPITAL LESTE
2.0,AIS 19,,,JOAQUIM TÁVORA,Fortaleza,,Sim,2026-03-18,,,,20:18:22,76935,4407504.0,,-3.7434292341,-38.5127999668,,,cvp,ROUBO A PESSOA,,,,,,,,,,,CAPITAL LESTE
2.0,AIS 05,,,VILA PERY,Fortaleza,,Sim,2026-03-18,,,,20:51:19,76936,4407505.0,,-3.7824330933,-38.5783897157,,,cvp,ROUBO A PESSOA,,,,,,,,,,,CAPITAL OESTE
2.0,AIS 24,,,,Aquiraz,,Sim,2026-03-19,,,,11:39:03,76937,4407511.0,,-3.9058923064,-38.3870705055,,,cvp,ROUBO A RESIDÊNCIA,,,,,,,,,,AIS 24,RMF LESTE
2.0,AIS 24,,,,Cascavel,,Sim,2026-03-19,,,,23:25:10,76938,4407514.0,,-4.1307731341,-38.2467357512,,,cvp,ROUBO A PESSOA,,,,,,,,,,AIS 24,RMF LESTE
2.0,AIS 08,,,MEIRELES,Fortaleza,,Sim,2026-03-19,,,,04:50:39,76939,4407517.0,,-3.7335545508,-38.4921723474,,,cvp,ROUBO A PESSOA,,,,,,,,,,,CAPITAL LESTE
2.0,AIS 22,,,DIAS MACÊDO,Fortaleza,,Sim,2026-03-19,,,,09:01:58,76940,4407519.0,,-3.7822094539,-38.5144008372,,,cvp,ROUBO A PESSOA C/ CONSTRANGIMENTO DA LIBERDADE,,,,,,,,,,,CAPITAL LESTE
2.0,,,,PRAIA DO FURUTO II,Fortaleza,,Sim,2026-03-19,,,,10:54:44,76941,4407520.0,,-3.763590986,-38.4397882477,,,cvp,ROUBO A PESSOA,,,,,,,,,,,
2.0,AIS 06,,,GENIBAÚ,Fortaleza,,Sim,2026-03-19,,,,10:56:58,76942,4407521.0,,-3.7562206162,-38.6056022758,,,cvp,ROUBO A PESSOA,,,,,,,,,,,CAPITAL OESTE
2.0,AIS 18,,,VILA VELHA,Fortaleza,,Sim,2026-03-19,,,,20:22:04,76943,4407525.0,,-3.7172328214,-38.5974441797,,,cvp,ROUBO A PESSOA,,,,,,,,,,,CAPITAL OESTE
2.0,AIS 19,,,JOAQUIM TÁVORA,Fortaleza,,Sim,2026-03-19,,,,20:22:48,76944,4407526.0,,-3.7522787379,-38.5138258512,,,cvp,ROUBO A ESTABELECIMENTO COMERCIAL,,,,,,,,,,,CAPITAL LESTE
2.0,AIS 16,,,BARROSO,Fortaleza,,Sim,2026-03-19,,,,20:46:48,76945,4407527.0,,-3.8290340484,-38.5088479313,,,cvp,ROUBO A PESSOA,,,,,,,,,,,CAPITAL LESTE
2.0,AIS 08,,,MEIRELES,Fortaleza,,Sim,2026-03-19,,,,20:50:16,76946,4407528.0,,-3.7210808174,-38.5104268721,,,cvp,ROUBO A PESSOA,,,,,,,,,,,CAPITAL LESTE
2.0,AIS 06,,,AMADEU FURTADO,Fortaleza,,Sim,2026-03-19,,,,21:19:18,76947,4407531.0,,-3.7436439312,-38.558625173,,,cvp,ROUBO A PESSOA,,,,,,,,,,,CAPITAL OESTE
2.0,AIS 18,,,PRESIDENTE KENNEDY,Fortaleza,,Sim,2026-03-19,,,,21:21:56,76948,4407532.0,,-3.7278582154,-38.5687753184,,,cvp,ROUBO A FARMÁCIA,,,,,,,,,,,CAPITAL OESTE
2.0,AIS 06,,,JÓQUEI CLUBE,Fortaleza,,Sim,2026-03-19,,,,21:36:39,76949,4407533.0,,-3.7647692255,-38.5762367477,,,cvp,ROUBO A PESSOA,,,,,,,,,,,CAPITAL OESTE
2.0,AIS 16,,,MESSEJANA,Fortaleza,,Sim,2026-03-19,,,,22:55:27,76950,4407535.0,,-3.8243454523,-38.4902516363,,,cvp,ROUBO A RESIDÊNCIA,,,,,,,,,,,CAPITAL LESTE
2.0,AIS 10,,,,Acopiara,,Sim,2026-03-19,,,,20:40:52,76951,4407537.0,,-6.1073102105,-39.4456761868,,,cvp,ROUBO A PESSOA,,,,,,,,,,AIS 10,SUL
2.0,AIS 05,,,SERRINHA,Fortaleza,,Sim,2026-03-20,,,,11:46:58,76952,4407542.0,,-3.7861192291,-38.548282188,,,cvp,ROUBO DE CARGA,,,,,,,,,,,CAPITAL OESTE
2.0,AIS 18,,,VILA VELHA,Fortaleza,,Sim,2026-03-20,,,,00:24:21,76953,4407539.0,,-3.708210652,-38.5933556489,,,cvp,ROUBO A PESSOA,,,,,,,,,,,CAPITAL OESTE
2.0,AIS 05,,,ITAOCA,Fortaleza,,Sim,2026-03-20,,,,04:00:39,76954,4407541.0,,-3.7712580016,-38.5567895015,,,cvp,ROUBO A PESSOA,,,,,,,,,,,CAPITAL OESTE
2.0,,,,PATRIOLINO RIBEIRO,Fortaleza,,Sim,2026-03-20,,,,12:52:50,76955,4407543.0,,-3.7668522707,-38.4886418912,,,cvp,ROUBO A PESSOA,,,,,,,,,,,
2.0,AIS 18,,,CENTRO,Fortaleza,,Sim,2026-03-20,,,,13:10:51,76956,4407544.0,,-3.7184982242,-38.5415325082,,,cvp,ROUBO A PESSOA,,,,,,,,,,,CAPITAL OESTE
2.0,,,,PATRIOLINO RIBEIRO,Fortaleza,,Sim,2026-03-20,,,,13:11:42,76957,4407545.0,,-3.764881769,-38.4908326864,,,cvp,ROUBO A PESSOA,,,,,,,,,,,
2.0,AIS 18,,,CENTRO,Fortaleza,,Sim,2026-03-20,,,,13:19:39,76958,4407546.0,,-3.7276330146,-38.5391813406,,,cvp,ROUBO A PESSOA,,,,,,,,,,,CAPITAL OESTE
2.0,AIS 08,,,ALDEOTA,Fortaleza,,Sim,2026-03-20,,,,19:06:11,76959,4407548.0,,-3.7401242526,-38.5084591736,,,cvp,ROUBO A PESSOA,,,,,,,,,,,CAPITAL LESTE
2.0,AIS 21,,,EDSON QUEIROZ,Fortaleza,,Sim,2026-03-20,,,,19:49:10,76960,4407549.0,,-3.7642039867,-38.4808736031,,,cvp,ROUBO A PESSOA,,,,,,,,,,,CAPITAL OESTE
2.0,,,,CIRSTO REDENTOR,Fortaleza,,Sim,2026-03-20,,,,20:58:14,76961,4407551.0,,-3.7114017399,-38.5661347821,,,cvp,ROUBO A PESSOA,,,,,,,,,,,
2.0,AIS 08,,,ALDEOTA,Fortaleza,,Sim,2026-03-20,,,,21:11:10,76962,4407553.0,,-3.7348694028,-38.511450817,,,cvp,ROUBO A PESSOA,,,,,,,,,,,CAPITAL LESTE
2.0,AIS 09,,,,Limoeiro do Norte,,Sim,2026-03-20,,,,10:44:55,76963,4407560.0,,-5.1452463852,-38.0938789811,,,cvp,ROUBO A PESSOA,,,,,,,,,,AIS 09,SUDESTE
2.0,AIS 07,,,,Santa Quitéria,,Sim,2026-03-21,,,,17:02:21,76964,4407582.0,,-4.3352585754,-40.1545610554,,,cvp,ROUBO A PESSOA,,,,,,,,,,AIS 07,NORTE
2.0,AIS 08,,,MEIRELES,Fortaleza,,Sim,2026-03-21,,,,03:56:46,76965,4407567.0,,-3.7265717926,-38.4961325691,,,cvp,ROUBO A ESTABELECIMENTO COMERCIAL,,,,,,,,,,,CAPITAL LESTE
2.0,AIS 08,,,MEIRELES,Fortaleza,,Sim,2026-03-21,,,,10:20:23,76966,4407570.0,,-3.7295747731,-38.4938782631,,,cvp,ROUBO A PESSOA,,,,,,,,,,,CAPITAL LESTE
2.0,AIS 08,,,ALDEOTA,Fortaleza,,Sim,2026-03-21,,,,10:54:14,76967,4407571.0,,-3.7316314085,-38.5057416628,,,cvp,ROUBO A FARMÁCIA,,,,,,,,,,,CAPITAL LESTE
2.0,AIS 18,,,BARRA DO CEARÁ,Fortaleza,,Sim,2026-03-21,,,,13:15:10,76968,4407572.0,,-3.7051720546,-38.5747583099,,,cvp,ROUBO A FARMÁCIA,,,,,,,,,,,CAPITAL OESTE
2.0,AIS 21,,,EDSON QUEIROZ,Fortaleza,,Sim,2026-03-21,,,,19:37:17,76969,4407575.0,,-3.755664343,-38.4890307897,,,cvp,ROUBO A ESTABELECIMENTO COMERCIAL,,,,,,,,,,,CAPITAL OESTE
2.0,AIS 16,,,PAUPINA,Fortaleza,,Sim,2026-03-21,,,,21:56:22,76970,4407577.0,,-3.8406312096,-38.4861474679,,,cvp,ROUBO A RESIDÊNCIA,,,,,,,,,,,CAPITAL LESTE
2.0,AIS 06,,,HENRIQUE JORGE,Fortaleza,,Sim,2026-03-21,,,,22:04:35,76971,4407578.0,,-3.7607514371,-38.5790740648,,,cvp,ROUBO A PESSOA,,,,,,,,,,,CAPITAL OESTE
2.0,AIS 06,,,PADRE ANDRADE,Fortaleza,,Sim,2026-03-21,,,,23:41:33,76972,4407579.0,,-3.7359451043,-38.5840580512,,,cvp,ROUBO A PESSOA,,,,,,,,,,,CAPITAL OESTE
2.0,AIS 18,,,ÁLVARO WEYNE,Fortaleza,,Sim,2026-03-22,,,,06:09:36,76973,4407586.0,,-3.7154643827,-38.5640451923,,,cvp,ROUBO A RESIDÊNCIA,,,,,,,,,,,CAPITAL OESTE
2.0,AIS 16,,,JOSÉ DE ALENCAR,Fortaleza,,Sim,2026-03-22,,,,12:17:03,76974,4407587.0,,-3.8066238651,-38.4787581123,,,cvp,ROUBO A COLETIVO,,,,,,,,,,,CAPITAL LESTE
2.0,AIS 12,,,,Caucaia,,Sim,2026-03-22,,,,19:08:22,76975,4407583.0,,-3.650766585,-38.726030406,,,cvp,ROUBO A RESIDÊNCIA,,,,,,,,,,AIS 12,RMF OESTE
2.0,,,,PRAIA DO FURUTO II,Fortaleza,,Sim,2026-03-22,,,,12:47:40,76976,4407588.0,,-3.7501850236,-38.4483557859,,,cvp,ROUBO A PESSOA,,,,,,,,,,,
2.0,AIS 08,,,MEIRELES,Fortaleza,,Sim,2026-03-22,,,,15:58:19,76977,4407589.0,,-3.7313006191,-38.5000783692,,,cvp,ROUBO A PESSOA,,,,,,,,,,,CAPITAL LESTE
2.0,AIS 08,,,MUCURIPE,Fortaleza,,Sim,2026-03-22,,,,16:22:03,76978,4407590.0,,-3.7287355465,-38.4884629378,,,cvp,ROUBO A FARMÁCIA,,,,,,,,,,,CAPITAL LESTE
2.0,AIS 05,,,FÁTIMA,Fortaleza,,Sim,2026-03-22,,,,18:10:40,76979,4407591.0,,-3.7507721761,-38.523105235,,,cvp,ROUBO A ESTABELECIMENTO COMERCIAL,,,,,,,,,,,CAPITAL OESTE
2.0,AIS 20,,,PREFEITO JOSÉ WALTER,Fortaleza,,Sim,2026-03-22,,,,20:30:45,76980,4407593.0,,-3.831432063,-38.552867802,,,cvp,ROUBO A PESSOA,,,,,,,,,,,CAPITAL OESTE
2.0,AIS 20,,,PARQUE DOIS IRMÃOS,Fortaleza,,Sim,2026-03-22,,,,21:00:12,76981,4407594.0,,-3.7963588127,-38.5504688687,,,cvp,ROUBO A PESSOA,,,,,,,,,,,CAPITAL OESTE
2.0,AIS 10,,,,Iguatu,,Sim,2026-03-22,,,,12:17:19,76982,4407596.0,,-6.3520715084,-39.2984014517,,,cvp,ROUBO A ESTABELECIMENTO COMERCIAL,,,,,,,,,,AIS 10,SUL
2.0,AIS 20,,,PREFEITO JOSÉ WALTER,Fortaleza,,Sim,2026-03-23,,,,05:18:22,76983,4407599.0,,-3.8250619157,-38.5520799839,,,cvp,ROUBO A PESSOA,,,,,,,,,,,CAPITAL OESTE
2.0,AIS 17,,,CONJUNTO CEARÁ II,Fortaleza,,Sim,2026-03-23,,,,05:18:34,76984,4407600.0,,-3.77640525,-38.6191011494,,,cvp,ROUBO A PESSOA,,,,,,,,,,,CAPITAL OESTE
2.0,AIS 06,,,JÓQUEI CLUBE,Fortaleza,,Sim,2026-03-23,,,,05:44:46,76985,4407601.0,,-3.7723767471,-38.5765912302,,,cvp,ROUBO A PESSOA,,,,,,,,,,,CAPITAL OESTE
2.0,AIS 19,,,DIONÍSIO TORRES,Fortaleza,,Sim,2026-03-23,,,,05:55:05,76986,4407602.0,,-3.7501154009,-38.5108718667,,,cvp,ROUBO A PESSOA,,,,,,,,,,,CAPITAL LESTE
2.0,AIS 19,,,JOAQUIM TÁVORA,Fortaleza,,Sim,2026-03-23,,,,06:35:52,76987,4407603.0,,-3.739105463,-38.5232352841,,,cvp,ROUBO A PESSOA,,,,,,,,,,,CAPITAL LESTE
2.0,AIS 06,,,HENRIQUE JORGE,Fortaleza,,Sim,2026-03-23,,,,09:48:20,76988,4407605.0,,-3.7659328259,-38.5794354128,,,cvp,ROUBO A PESSOA,,,,,,,,,,,CAPITAL OESTE
2.0,AIS 08,,,MUCURIPE,Fortaleza,,Sim,2026-03-23,,,,10:50:35,76989,4407606.0,,-3.7287355465,-38.4884629378,,,cvp,ROUBO A FARMÁCIA,,,,,,,,,,,CAPITAL LESTE
2.0,AIS 05,,,BENFICA,Fortaleza,,Sim,2026-03-23,,,,21:39:04,76990,4407618.0,,-3.7386601561,-38.5390387988,,,cvp,ROUBO A PESSOA,,,,,,,,,,,CAPITAL OESTE
2.0,AIS 08,,,MEIRELES,Fortaleza,,Sim,2026-03-23,,,,11:22:13,76991,4407608.0,,-3.7284673859,-38.4979782143,,,cvp,ROUBO A PESSOA,,,,,,,,,,,CAPITAL LESTE
2.0,AIS 06,,,PARQUELÂNDIA,Fortaleza,,Sim,2026-03-23,,,,11:43:11,76992,4407609.0,,-3.739912953,-38.5639435476,,,cvp,ROUBO A ESTABELECIMENTO COMERCIAL,,,,,,,,,,,CAPITAL OESTE
2.0,AIS 19,,,DIONÍSIO TORRES,Fortaleza,,Sim,2026-03-23,,,,14:53:04,76993,4407610.0,,-3.751376977,-38.5046736128,,,cvp,ROUBO A PESSOA,,,,,,,,,,,CAPITAL LESTE
2.0,AIS 19,,,SÃO JOÃO DO TAUAPE,Fortaleza,,Sim,2026-03-23,,,,15:24:11,76994,4407611.0,,-3.755204673,-38.5041872244,,,cvp,ROUBO A PESSOA,,,,,,,,,,,CAPITAL LESTE
2.0,AIS 05,,,PARANGABA,Fortaleza,,Sim,2026-03-23,,,,20:39:06,76995,4407616.0,,-3.7785306789,-38.5694851705,,,cvp,ROUBO A SUPERMERCADO/MERCANTIL,,,,,,,,,,,CAPITAL OESTE
2.0,AIS 20,,,PARQUE SĂO JOSÉ,Fortaleza,,Sim,2026-03-23,,,,21:29:11,76996,4407617.0,,-3.7984101938,-38.5889580951,,,cvp,ROUBO A PESSOA,,,,,,,,,,,CAPITAL OESTE
2.0,AIS 19,,,DIONÍSIO TORRES,Fortaleza,,Sim,2026-03-23,,,,21:48:15,76997,4407619.0,,-3.7527421115,-38.5021414623,,,cvp,ROUBO A PESSOA,,,,,,,,,,,CAPITAL LESTE
2.0,AIS 19,,,DIONÍSIO TORRES,Fortaleza,,Sim,2026-03-23,,,,22:03:44,76998,4407620.0,,-3.7463753554,-38.5055700458,,,cvp,ROUBO A PESSOA,,,,,,,,,,,CAPITAL LESTE
2.0,AIS 08,,,VICENTE PINZÓN,Fortaleza,,Sim,2026-03-23,,,,23:24:40,76999,4407621.0,,-3.7301828038,-38.4616997262,,,cvp,ROUBO A PESSOA,,,,,,,,,,,CAPITAL LESTE
2.0,AIS 34,,,,Icó,,Sim,2026-03-23,,,,18:58:15,77000,4407625.0,,-6.4001772128,-38.8568675354,,,cvp,ROUBO A PESSOA,,,,,,,,,,AIS 34,SUL
2.0,AIS 34,,,,Icó,,Sim,2026-03-23,,,,19:30:53,77001,4407626.0,,-6.251292189,-38.5845957324,,,cvp,ROUBO A PESSOA,,,,,,,,,,AIS 34,SUL
2.0,AIS 03,,,,Sobral,,Sim,2026-03-23,,,,09:51:28,77002,4407628.0,,-3.664429784,-40.3863271929,,,cvp,ROUBO A PESSOA,,,,,,,,,,AIS 03,NORTE
2.0,AIS 12,,,,Caucaia,,Sim,2026-03-24,,,,12:44:20,77003,4407629.0,,-3.6547876699,-38.7555006106,,,cvp,ROUBO A PESSOA,,,,,,,,,,AIS 12,RMF OESTE
2.0,AIS 05,,,SERRINHA,Fortaleza,,Sim,2026-03-24,,,,04:21:45,77004,4407630.0,,-3.7890496925,-38.5425876932,,,cvp,ROUBO A ESTABELECIMENTO COMERCIAL,,,,,,,,,,,CAPITAL OESTE
2.0,AIS 05,,,JOSÉ BONIFÁCIO,Fortaleza,,Sim,2026-03-24,,,,06:24:16,77005,4407631.0,,-3.7397224941,-38.5259933313,,,cvp,ROUBO A PESSOA,,,,,,,,,,,CAPITAL OESTE
2.0,AIS 05,,,AEROPORTO,Fortaleza,,Sim,2026-03-24,,,,12:09:35,77006,4407635.0,,-3.7575915926,-38.5239137565,,,cvp,ROUBO DE CARGA,,,,,,,,,,,CAPITAL OESTE
2.0,AIS 06,,,RODOLFO TEÓFILO,Fortaleza,,Sim,2026-03-24,,,,12:18:02,77007,4407636.0,,-3.745000835,-38.5509864119,,,cvp,ROUBO A PESSOA,,,,,,,,,,,CAPITAL OESTE
2.0,AIS 21,,,PARQUE MANIBURA,Fortaleza,,Sim,2026-03-24,,,,13:21:07,77008,4407638.0,,-3.7922416601,-38.4920766718,,,cvp,ROUBO A PESSOA,,,,,,,,,,,CAPITAL OESTE
2.0,AIS 19,,,DIONÍSIO TORRES,Fortaleza,,Sim,2026-03-24,,,,13:23:12,77009,4407639.0,,-3.7459615382,-38.5076045365,,,cvp,ROUBO A PESSOA,,,,,,,,,,,CAPITAL LESTE
2.0,AIS 06,,,ANTÔNIO BEZERRA,Fortaleza,,Sim,2026-03-24,,,,17:10:48,77010,4407641.0,,-3.7336828726,-38.5884281345,,,cvp,ROUBO A PESSOA,,,,,,,,,,,CAPITAL OESTE
2.0,AIS 16,,,GUAJERU,Fortaleza,,Sim,2026-03-24,,,,18:15:29,77011,4407643.0,,-3.8346613773,-38.484169264,,,cvp,ROUBO A PESSOA,,,,,,,,,,,CAPITAL LESTE
2.0,AIS 19,,,COCÓ,Fortaleza,,Sim,2026-03-24,,,,19:21:37,77012,4407644.0,,-3.745111551,-38.4757988557,,,cvp,ROUBO A PESSOA,,,,,,,,,,,CAPITAL LESTE
2.0,AIS 14,,,,Maracanaú,,Sim,2026-03-24,,,,14:57:10,77013,4407648.0,,-3.838216755,-38.5923469836,,,cvp,ROUBO A PESSOA,,,,,,,,,,AIS 14,RMF LESTE
2.0,AIS 12,,,,Caucaia,,Sim,2026-03-25,,,,10:53:34,77014,4407655.0,,-3.7676656521,-38.6357201954,,,cvp,ROUBO A PESSOA,,,,,,,,,,AIS 12,RMF OESTE
2.0,AIS 24,,,,Eusébio,,Sim,2026-03-25,,,,19:56:07,77015,4407657.0,,-3.8988204607,-38.4463728715,,,cvp,ROUBO A PESSOA,,,,,,,,,,AIS 24,RMF LESTE
2.0,AIS 08,,,MEIRELES,Fortaleza,,Sim,2026-03-25,,,,05:06:49,77016,4407659.0,,-3.7240115977,-38.509046451,,,cvp,ROUBO A PESSOA,,,,,,,,,,,CAPITAL LESTE
2.0,AIS 19,,,JOAQUIM TÁVORA,Fortaleza,,Sim,2026-03-25,,,,07:43:00,77017,4407660.0,,-3.7514085283,-38.5186855713,,,cvp,ROUBO A PESSOA,,,,,,,,,,,CAPITAL LESTE
2.0,AIS 18,,,BARRA DO CEARÁ,Fortaleza,,Sim,2026-03-25,,,,09:28:25,77018,4407661.0,,-3.7051720546,-38.5747583099,,,cvp,ROUBO A FARMÁCIA,,,,,,,,,,,CAPITAL OESTE
2.0,AIS 16,,,PEDRAS,Fortaleza,,Sim,2026-03-25,,,,09:57:38,77019,4407662.0,,-3.900906893,-38.5206106383,,,cvp,ROUBO A PESSOA,,,,,,,,,,,CAPITAL LESTE
2.0,AIS 21,,,ALTO DA BALANÇA,Fortaleza,,Sim,2026-03-25,,,,12:10:28,77020,4407663.0,,-3.767187902,-38.5162705806,,,cvp,ROUBO A PESSOA,,,,,,,,,,,CAPITAL OESTE
2.0,AIS 22,,,PASSARÉ,Fortaleza,,Sim,2026-03-25,,,,12:40:54,77021,4407664.0,,-3.8158600289,-38.5314148616,,,cvp,ROUBO A ESTABELECIMENTO COMERCIAL,,,,,,,,,,,CAPITAL LESTE
2.0,AIS 19,,,SÃO JOÃO DO TAUAPE,Fortaleza,,Sim,2026-03-25,,,,13:12:10,77022,4407666.0,,-3.7527725204,-38.5078968302,,,cvp,ROUBO A PESSOA,,,,,,,,,,,CAPITAL LESTE
2.0,AIS 21,,,CIDADE DOS FUNCIONÁRIOS,Fortaleza,,Sim,2026-03-25,,,,15:49:09,77023,4407668.0,,-3.7963415446,-38.4935844079,,,cvp,ROUBO A PESSOA,,,,,,,,,,,CAPITAL OESTE
2.0,AIS 20,,,JARDIM CEARENSE,Fortaleza,,Sim,2026-03-25,,,,14:46:55,77024,4407667.0,,-3.7964936426,-38.5696689355,,,cvp,ROUBO A ESTABELECIMENTO COMERCIAL,,,,,,,,,,,CAPITAL OESTE
2.0,AIS 08,,,MUCURIPE,Fortaleza,,Sim,2026-03-25,,,,16:09:04,77025,4407669.0,,-3.7287550878,-38.4884640972,,,cvp,ROUBO A FARMÁCIA,,,,,,,,,,,CAPITAL LESTE
2.0,,,,JANGURURSSU,Fortaleza,,Sim,2026-03-25,,,,20:21:22,77026,4407670.0,,-3.8331239166,-38.5040022124,,,cvp,ROUBO A PESSOA,,,,,,,,,,,
2.0,AIS 16,,,CAJAZEIRAS,Fortaleza,,Sim,2026-03-26,,,,05:11:22,77027,4407681.0,,-3.7974811137,-38.5078954364,,,cvp,ROUBO A PESSOA,,,,,,,,,,,CAPITAL LESTE
2.0,AIS 20,,,PREFEITO JOSÉ WALTER,Fortaleza,,Sim,2026-03-26,,,,15:23:01,77028,4407693.0,,-3.8346806828,-38.5480126914,,,cvp,ROUBO A PESSOA,,,,,,,,,,,CAPITAL OESTE
2.0,AIS 21,,,CIDADE DOS FUNCIONÁRIOS,Fortaleza,,Sim,2026-03-26,,,,14:25:31,77029,4407692.0,,-3.7908993704,-38.5074333706,,,cvp,ROUBO A PESSOA,,,,,,,,,,,CAPITAL OESTE
2.0,AIS 05,,,PARANGABA,Fortaleza,,Sim,2026-03-26,,,,14:21:19,77030,4407691.0,,-3.7844199163,-38.5663091813,,,cvp,ROUBO A PESSOA,,,,,,,,,,,CAPITAL OESTE
2.0,AIS 06,,,ANTÔNIO BEZERRA,Fortaleza,,Sim,2026-03-26,,,,13:12:48,77031,4407689.0,,-3.7396002122,-38.5911001196,,,cvp,ROUBO A PESSOA,,,,,,,,,,,CAPITAL OESTE
2.0,AIS 16,,,JOSÉ DE ALENCAR,Fortaleza,,Sim,2026-03-26,,,,12:31:34,77032,4407688.0,,-3.81596352,-38.4775831233,,,cvp,ROUBO A PESSOA,,,,,,,,,,,CAPITAL LESTE
2.0,AIS 08,,,MUCURIPE,Fortaleza,,Sim,2026-03-26,,,,07:45:52,77033,4407684.0,,-3.7287355465,-38.4884629378,,,cvp,ROUBO A FARMÁCIA,,,,,,,,,,,CAPITAL LESTE
2.0,AIS 19,,,DE LOURDES,Fortaleza,,Sim,2026-03-26,,,,05:16:57,77034,4407682.0,,-3.7453584934,-38.4630977564,,,cvp,ROUBO A RESIDÊNCIA,,,,,,,,,,,CAPITAL LESTE
2.0,AIS 24,,,,Cascavel,,Sim,2026-03-26,,,,12:28:26,77035,4407679.0,,-4.1444365555,-38.3301213288,,,cvp,ROUBO A PESSOA,,,,,,,,,,AIS 24,RMF LESTE
2.0,AIS 05,,,MONTESE,Fortaleza,,Sim,2026-03-26,,,,21:26:05,77036,4407697.0,,-3.7653466161,-38.5528437258,,,cvp,ROUBO A PESSOA,,,,,,,,,,,CAPITAL OESTE
2.0,AIS 16,,,CONJUNTO PALMEIRAS,Fortaleza,,Sim,2026-03-26,,,,22:03:14,77037,4407698.0,,-3.8615281323,-38.5362341638,,,cvp,ROUBO APLICATIVO DE TRANSPORTE,,,,,,,,,,,CAPITAL LESTE
2.0,AIS 21,,,CIDADE DOS FUNCIONÁRIOS,Fortaleza,,Sim,2026-03-26,,,,22:30:12,77038,4407699.0,,-3.7941859716,-38.5070779336,,,cvp,ROUBO A PESSOA,,,,,,,,,,,CAPITAL OESTE
2.0,AIS 25,,,,Horizonte,,Sim,2026-03-26,,,,12:45:36,77039,4407700.0,,-4.1080148686,-38.3971011854,,,cvp,ROUBO A RESIDÊNCIA,,,,,,,,,,AIS 25,RMF LESTE
2.0,AIS 15,,,,Pacatuba,,Sim,2026-03-26,,,,00:57:14,77040,4407703.0,,-3.8944956137,-38.6101820814,,,cvp,ROUBO A PESSOA,,,,,,,,,,AIS 15,RMF LESTE
2.0,AIS 27,,,,Acaraú,,Sim,2026-03-26,,,,19:58:23,77041,4407704.0,,-2.8850737423,-40.116690246,,,cvp,ROUBO A PESSOA,,,,,,,,,,AIS 27,NORTE
2.0,AIS 23,,,,Paracuru,,Sim,2026-03-27,,,,11:54:17,77042,4407724.0,,-3.4100799379,-39.0298374338,,,cvp,ROUBO A PESSOA,,,,,,,,,,AIS 23,RMF OESTE
2.0,AIS 21,,,CIDADE DOS FUNCIONÁRIOS,Fortaleza,,Sim,2026-03-27,,,,08:22:42,77043,4407712.0,,-3.7946387706,-38.5063183787,,,cvp,ROUBO A PESSOA,,,,,,,,,,,CAPITAL OESTE
2.0,AIS 22,,,DIAS MACÊDO,Fortaleza,,Sim,2026-03-27,,,,08:46:58,77044,4407713.0,,-3.7822094539,-38.5144008372,,,cvp,ROUBO A PESSOA,,,,,,,,,,,CAPITAL LESTE
2.0,AIS 08,,,ALDEOTA,Fortaleza,,Sim,2026-03-27,,,,12:59:56,77045,4407714.0,,-3.7285989089,-38.5133609855,,,cvp,ROUBO A PESSOA,,,,,,,,,,,CAPITAL LESTE
2.0,AIS 08,,,MUCURIPE,Fortaleza,,Sim,2026-03-27,,,,16:08:49,77046,4407715.0,,-3.7240392316,-38.4877401853,,,cvp,ROUBO A PESSOA,,,,,,,,,,,CAPITAL LESTE
2.0,AIS 05,,,SERRINHA,Fortaleza,,Sim,2026-03-27,,,,19:04:57,77047,4407716.0,,-3.7807666551,-38.5478584389,,,cvp,ROUBO A PESSOA,,,,,,,,,,,CAPITAL OESTE
2.0,AIS 05,,,ITAPERI,Fortaleza,,Sim,2026-03-27,,,,19:11:27,77048,4407717.0,,-3.7861952682,-38.5661997757,,,cvp,ROUBO A PESSOA,,,,,,,,,,,CAPITAL OESTE
2.0,AIS 06,,,JÓQUEI CLUBE,Fortaleza,,Sim,2026-03-27,,,,20:27:41,77049,4407718.0,,-3.7642741517,-38.5743048826,,,cvp,ROUBO A PESSOA,,,,,,,,,,,CAPITAL OESTE
2.0,,,,GENTILÂNDIA,Fortaleza,,Sim,2026-03-27,,,,21:43:53,77050,4407719.0,,-3.7451935695,-38.5408019149,,,cvp,ROUBO A PESSOA,,,,,,,,,,,
2.0,AIS 10,,,,Iguatu,,Sim,2026-03-27,,,,19:44:27,77051,4407722.0,,-6.3480454493,-39.2996720239,,,cvp,ROUBO A PESSOA,,,,,,,,,,AIS 10,SUL
2.0,AIS 22,,,DIAS MACÊDO,Fortaleza,,Sim,2026-03-28,,,,13:20:08,77052,4407733.0,,-3.78637503,-38.5169492739,,,cvp,ROUBO A PESSOA,,,,,,,,,,,CAPITAL LESTE
2.0,AIS 08,,,ALDEOTA,Fortaleza,,Sim,2026-03-28,,,,12:50:38,77053,4407732.0,,-3.7334938792,-38.4981905001,,,cvp,ROUBO A PESSOA,,,,,,,,,,,CAPITAL LESTE
2.0,AIS 17,,,CONJUNTO CEARÁ I,Fortaleza,,Sim,2026-03-28,,,,00:26:20,77054,4407729.0,,-3.7598685726,-38.6117495225,,,cvp,ROUBO A PESSOA,,,,,,,,,,,CAPITAL OESTE
2.0,AIS 08,,,MEIRELES,Fortaleza,,Sim,2026-03-28,,,,06:49:09,77055,4407730.0,,-3.7265717926,-38.4961325691,,,cvp,ROUBO A PESSOA,,,,,,,,,,,CAPITAL LESTE
2.0,AIS 21,,,CAMBEBA,Fortaleza,,Sim,2026-03-28,,,,15:25:30,77056,4407737.0,,-3.8014649619,-38.4845755269,,,cvp,ROUBO A PESSOA,,,,,,,,,,,CAPITAL OESTE
2.0,AIS 19,,,SABIAGUABA,Fortaleza,,Sim,2026-03-28,,,,16:38:41,77057,4407739.0,,-3.8108106769,-38.4239671555,,,cvp,ROUBO A PESSOA,,,,,,,,,,,CAPITAL LESTE
2.0,,,,JANGURURSSU,Fortaleza,,Sim,2026-03-28,,,,20:59:05,77058,4407743.0,,-3.8418307905,-38.5194670697,,,cvp,ROUBO A PESSOA,,,,,,,,,,,
2.0,AIS 06,,,AMADEU FURTADO,Fortaleza,,Sim,2026-03-28,,,,21:28:58,77059,4407744.0,,-3.7436439312,-38.558625173,,,cvp,ROUBO A PESSOA,,,,,,,,,,,CAPITAL OESTE
2.0,AIS 25,,,,Itaitinga,,Sim,2026-03-28,,,,15:37:53,77060,4407746.0,,-3.8868121803,-38.5355195592,,,cvp,ROUBO A RESIDÊNCIA,,,,,,,,,,AIS 25,RMF LESTE
2.0,AIS 27,,,,Cruz,,Sim,2026-03-28,,,,01:45:56,77061,4407751.0,,-2.8961087443,-40.1730664919,,,cvp,ROUBO A RESIDÊNCIA,,,,,,,,,,AIS 27,NORTE
2.0,AIS 29,,,,Fortim,,Sim,2026-03-28,,,,14:37:10,77062,4407752.0,,-4.4015295631,-37.7811734959,,,cvp,ROUBO A PESSOA,,,,,,,,,,AIS 29,NORDESTE
2.0,AIS 27,,,,Marco,,Sim,2026-03-28,,,,00:15:05,77063,4407753.0,,-3.1222361018,-40.150377916,,,cvp,ROUBO A RESIDÊNCIA,,,,,,,,,,AIS 27,NORTE
2.0,AIS 12,,,,Caucaia,,Sim,2026-03-29,,,,17:36:29,77064,4407755.0,,-3.6981499085,-38.5937690733,,,cvp,ROUBO A PESSOA,,,,,,,,,,AIS 12,RMF OESTE
2.0,AIS 20,,,PARQUE SANTA ROSA,Fortaleza,,Sim,2026-03-29,,,,20:16:54,77065,4407768.0,,-3.8208385477,-38.5938962011,,,cvp,ROUBO A PESSOA,,,,,,,,,,,CAPITAL OESTE
2.0,AIS 05,,,JARDIM AMÉRICA,Fortaleza,,Sim,2026-03-29,,,,19:31:25,77066,4407766.0,,-3.7524712289,-38.5446008402,,,cvp,ROUBO A PESSOA,,,,,,,,,,,CAPITAL OESTE
2.0,AIS 08,,,ALDEOTA,Fortaleza,,Sim,2026-03-29,,,,19:22:06,77067,4407765.0,,-3.7339337883,-38.4997259401,,,cvp,ROUBO A PESSOA,,,,,,,,,,,CAPITAL LESTE
2.0,AIS 19,,,JOAQUIM TÁVORA,Fortaleza,,Sim,2026-03-29,,,,15:54:28,77068,4407764.0,,-3.7466539615,-38.5132442283,,,cvp,ROUBO A PESSOA,,,,,,,,,,,CAPITAL LESTE
2.0,AIS 08,,,VICENTE PINZÓN,Fortaleza,,Sim,2026-03-29,,,,08:22:05,77069,4407762.0,,-3.727580953,-38.4592347643,,,cvp,ROUBO A PESSOA,,,,,,,,,,,CAPITAL LESTE
2.0,AIS 16,,,ANCURI,Fortaleza,,Sim,2026-03-29,,,,08:19:20,77070,4407761.0,,-3.8501534123,-38.5002386077,,,cvp,ROUBO A PESSOA,,,,,,,,,,,CAPITAL LESTE
2.0,AIS 17,,,GRANJA PORTUGAL,Fortaleza,,Sim,2026-03-29,,,,06:08:57,77071,4407759.0,,-3.7786739933,-38.6039991877,,,cvp,ROUBO A RESIDÊNCIA,,,,,,,,,,,CAPITAL OESTE
2.0,AIS 08,,,VICENTE PINZÓN,Fortaleza,,Sim,2026-03-29,,,,02:03:26,77072,4407757.0,,-3.7324239493,-38.4671063324,,,cvp,ROUBO A PESSOA C/ CONSTRANGIMENTO DA LIBERDADE,,,,,,,,,,,CAPITAL LESTE
2.0,AIS 16,,,MESSEJANA,Fortaleza,,Sim,2026-03-30,,,,05:17:17,77073,4407782.0,,-3.8242472103,-38.483023682,,,cvp,ROUBO A PESSOA,,,,,,,,,,,CAPITAL LESTE
2.0,,,,SAPIRANGA COITÉ,Fortaleza,,Sim,2026-03-30,,,,21:12:33,77074,4407798.0,,-3.8018318392,-38.479383491,,,cvp,ROUBO A COLETIVO,,,,,,,,,,,
2.0,AIS 27,,,,Acaraú,,Sim,2026-03-30,,,,13:36:42,77075,4407802.0,,-2.8863767783,-40.121302876,,,cvp,ROUBO A PESSOA,,,,,,,,,,AIS 27,NORTE
2.0,AIS 18,,,CENTRO,Fortaleza,,Sim,2026-03-30,,,,17:04:19,77076,4407795.0,,-3.7283839033,-38.5395596264,,,cvp,ROUBO A COLETIVO,,,,,,,,,,,CAPITAL OESTE
2.0,AIS 06,,,HENRIQUE JORGE,Fortaleza,,Sim,2026-03-30,,,,16:39:27,77077,4407794.0,,-3.7645529154,-38.5861739534,,,cvp,ROUBO A RESIDÊNCIA,,,,,,,,,,,CAPITAL OESTE
2.0,AIS 19,,,DE LOURDES,Fortaleza,,Sim,2026-03-30,,,,15:29:40,77078,4407793.0,,-3.734146941,-38.4667896562,,,cvp,ROUBO A RESIDÊNCIA,,,,,,,,,,,CAPITAL LESTE
2.0,AIS 18,,,BARRA DO CEARÁ,Fortaleza,,Sim,2026-03-30,,,,13:43:11,77079,4407792.0,,-3.7044745897,-38.5776568739,,,cvp,ROUBO A PESSOA,,,,,,,,,,,CAPITAL OESTE
2.0,AIS 06,,,PARQUELÂNDIA,Fortaleza,,Sim,2026-03-30,,,,08:36:30,77080,4407789.0,,-3.7348604871,-38.5498349094,,,cvp,ROUBO A PESSOA,,,,,,,,,,,CAPITAL OESTE
2.0,AIS 08,,,ALDEOTA,Fortaleza,,Sim,2026-03-30,,,,07:03:44,77081,4407787.0,,-3.7373313728,-38.5147531937,,,cvp,ROUBO A PESSOA,,,,,,,,,,,CAPITAL LESTE
2.0,AIS 21,,,CAMBEBA,Fortaleza,,Sim,2026-03-30,,,,06:53:07,77082,4407786.0,,-3.8012553286,-38.4810729232,,,cvp,ROUBO A PESSOA,,,,,,,,,,,CAPITAL OESTE
2.0,AIS 08,,,MEIRELES,Fortaleza,,Sim,2026-03-30,,,,06:31:07,77083,4407785.0,,-3.7314792212,-38.491313978,,,cvp,ROUBO A PESSOA,,,,,,,,,,,CAPITAL LESTE
2.0,AIS 14,,,,Maracanaú,,Sim,2026-03-30,,,,06:19:25,77084,4407801.0,,-3.8382982516,-38.592885629,,,cvp,ROUBO A PESSOA,,,,,,,,,,AIS 14,RMF LESTE
2.0,AIS 16,,,ANCURI,Fortaleza,,Sim,2026-03-30,,,,05:44:34,77085,4407784.0,,-3.8499034196,-38.4952805345,,,cvp,ROUBO A PESSOA,,,,,,,,,,,CAPITAL LESTE
2.0,AIS 15,,,,Guaiúba,,Sim,2026-03-30,,,,09:47:56,77086,4407799.0,,-4.0468269981,-38.6314845924,,,cvp,ROUBO A PESSOA,,,,,,,,,,AIS 15,RMF LESTE
2.0,AIS 07,,,,Ipu,,Sim,2026-03-30,,,,17:57:09,77087,4407803.0,,-4.3294720271,-40.7116112245,,,cvp,ROUBO A ESTABELECIMENTO COMERCIAL,,,,,,,,,,AIS 07,NORTE
2.0,AIS 18,,,CENTRO,Fortaleza,,Sim,2026-03-31,,,,01:48:21,77088,4407804.0,,-3.7206347964,-38.5223864025,,,cvp,ROUBO A PESSOA,,,,,,,,,,,CAPITAL OESTE
2.0,AIS 10,,,,Iguatu,,Sim,2026-03-31,,,,23:54:55,77089,4407824.0,,-6.3734569087,-39.2971113593,,,cvp,ROUBO A PESSOA,,,,,,,,,,AIS 10,SUL
2.0,,,,JANGURURSSU,Fortaleza,,Sim,2026-03-31,,,,20:13:09,77090,4407816.0,,-3.835431198,-38.5142949913,,,cvp,ROUBO A PESSOA,,,,,,,,,,,
2.0,AIS 06,,,HENRIQUE JORGE,Fortaleza,,Sim,2026-03-31,,,,21:31:32,77091,4407817.0,,-3.7675416559,-38.5795574801,,,cvp,ROUBO A PESSOA,,,,,,,,,,,CAPITAL OESTE
2.0,AIS 21,,,CIDADE DOS FUNCIONÁRIOS,Fortaleza,,Sim,2026-03-31,,,,20:06:52,77092,4407815.0,,-3.7892695325,-38.4981588673,,,cvp,ROUBO A PESSOA,,,,,,,,,,,CAPITAL OESTE
2.0,AIS 08,,,ALDEOTA,Fortaleza,,Sim,2026-03-31,,,,19:17:46,77093,4407813.0,,-3.7403278478,-38.4934842387,,,cvp,ROUBO A PESSOA,,,,,,,,,,,CAPITAL LESTE
2.0,,,,GENTILÂNDIA,Fortaleza,,Sim,2026-03-31,,,,19:11:42,77094,4407812.0,,-3.7454727753,-38.5415413066,,,cvp,ROUBO A PESSOA,,,,,,,,,,,
2.0,AIS 19,,,COCÓ,Fortaleza,,Sim,2026-03-31,,,,19:05:56,77095,4407811.0,,-3.7446488601,-38.4788889085,,,cvp,ROUBO A PESSOA,,,,,,,,,,,CAPITAL LESTE
2.0,AIS 21,,,ENGENHEIRO LUCIANO CAVALCANTE,Fortaleza,,Sim,2026-03-31,,,,17:37:40,77096,4407810.0,,-3.7826635806,-38.4819609108,,,cvp,ROUBO A PESSOA,,,,,,,,,,,CAPITAL LESTE
2.0,AIS 16,,,MESSEJANA,Fortaleza,,Sim,2026-03-31,,,,16:34:11,77097,4407809.0,,-3.8229966944,-38.5031558617,,,cvp,ROUBO A PESSOA,,,,,,,,,,,CAPITAL LESTE
2.0,AIS 05,,,JARDIM AMÉRICA,Fortaleza,,Sim,2026-03-31,,,,02:58:39,77098,4407805.0,,-3.7526568561,-38.5421648978,,,cvp,ROUBO A PESSOA,,,,,,,,,,,CAPITAL OESTE
2.0,AIS 18,,,CENTRO,Fortaleza,,Sim,2026-04-01,,,,02:11:15,77099,4407961.0,,-3.7303007615,-38.5229166512,,,cvp,ROUBO A PESSOA,,,,,,,,,,,CAPITAL OESTE
2.0,AIS 20,,,PLANALTO AYRTON SENNA,Fortaleza,,Sim,2026-04-01,,,,22:35:12,77100,4407972.0,,-3.8395210879,-38.5736469723,,,cvp,ROUBO A PESSOA,,,,,,,,,,,CAPITAL OESTE
2.0,AIS 17,,,GRANJA LISBOA,Fortaleza,,Sim,2026-04-01,,,,19:08:43,77101,4407971.0,,-3.7863475429,-38.620011377,,,cvp,ROUBO A PESSOA,,,,,,,,,,,CAPITAL OESTE
2.0,AIS 19,,,DIONÍSIO TORRES,Fortaleza,,Sim,2026-04-01,,,,18:50:21,77102,4407970.0,,-3.7485140352,-38.4933863266,,,cvp,ROUBO A PESSOA,,,,,,,,,,,CAPITAL LESTE
2.0,AIS 05,,,PARANGABA,Fortaleza,,Sim,2026-04-01,,,,16:03:35,77103,4407968.0,,-3.7870630659,-38.5720866744,,,cvp,ROUBO A PESSOA,,,,,,,,,,,CAPITAL OESTE
2.0,AIS 20,,,MONDUBIM,Fortaleza,,Sim,2026-04-01,,,,15:47:49,77104,4407967.0,,-3.8054100846,-38.5659982652,,,cvp,ROUBO A PESSOA,,,,,,,,,,,CAPITAL OESTE
2.0,AIS 20,,,JARDIM CEARENSE,Fortaleza,,Sim,2026-04-01,,,,15:38:18,77105,4407966.0,,-3.8017535054,-38.5684927343,,,cvp,ROUBO A PESSOA,,,,,,,,,,,CAPITAL OESTE
2.0,AIS 05,,,PARANGABA,Fortaleza,,Sim,2026-04-01,,,,13:47:33,77106,4407965.0,,-3.7800213582,-38.569243166,,,cvp,ROUBO A PESSOA,,,,,,,,,,,CAPITAL OESTE
2.0,AIS 18,,,CENTRO,Fortaleza,,Sim,2026-04-01,,,,13:32:05,77107,4407964.0,,-3.7282391353,-38.5396904599,,,cvp,ROUBO A COLETIVO,,,,,,,,,,,CAPITAL OESTE
2.0,AIS 06,,,GENIBAÚ,Fortaleza,,Sim,2026-04-01,,,,11:11:56,77108,4407963.0,,-3.7599497408,-38.5988340132,,,cvp,ROUBO A PESSOA,,,,,,,,,,,CAPITAL OESTE
2.0,AIS 16,,,BARROSO,Fortaleza,,Sim,2026-04-02,,,,09:13:10,77109,4407981.0,,-3.8270950534,-38.511299219,,,cvp,ROUBO A CONDOMÍNIO,,,,,,,,,,,CAPITAL LESTE
2.0,AIS 19,,,PAPICU,Fortaleza,,Sim,2026-04-02,,,,16:33:46,77110,4407989.0,,-3.7443452969,-38.4726242547,,,cvp,ROUBO A ESTABELECIMENTO COMERCIAL,,,,,,,,,,,CAPITAL LESTE
2.0,AIS 08,,,MEIRELES,Fortaleza,,Sim,2026-04-02,,,,17:09:38,77111,4407991.0,,-3.7320486097,-38.4947489274,,,cvp,ROUBO A PESSOA,,,,,,,,,,,CAPITAL LESTE
2.0,,,,PATRIOLINO RIBEIRO,Fortaleza,,Sim,2026-04-02,,,,18:55:43,77112,4407993.0,,-3.7680841305,-38.4884704235,,,cvp,ROUBO A PESSOA,,,,,,,,,,,
2.0,,,,PRAIA DO FURUTO II,Fortaleza,,Sim,2026-04-02,,,,20:27:38,77113,4407995.0,,-3.7495573146,-38.4479711951,,,cvp,ROUBO A PESSOA,,,,,,,,,,,
2.0,,,,SAPIRANGA COITÉ,Fortaleza,,Sim,2026-04-02,,,,21:48:04,77114,4407997.0,,-3.8067192356,-38.4590346961,,,cvp,ROUBO A PESSOA,,,,,,,,,,,
2.0,,,,BOA VISTA,Fortaleza,,Sim,2026-04-02,,,,10:33:58,77115,4407982.0,,-3.7975999546,-38.518725435,,,cvp,ROUBO A TEMPLOS RELIGIOSOS,,,,,,,,,,,
2.0,AIS 17,,,CONJUNTO CEARÁ II,Fortaleza,,Sim,2026-04-02,,,,13:09:11,77116,4407983.0,,-3.7695491871,-38.6172384724,,,cvp,ROUBO A ESTABELECIMENTO COMERCIAL,,,,,,,,,,,CAPITAL OESTE
2.0,AIS 17,,,SIQUEIRA,Fortaleza,,Sim,2026-04-02,,,,13:17:35,77117,4407984.0,,-3.8108394831,-38.6084195205,,,cvp,ROUBO A ESTABELECIMENTO COMERCIAL,,,,,,,,,,,CAPITAL OESTE
2.0,AIS 18,,,BARRA DO CEARÁ,Fortaleza,,Sim,2026-04-02,,,,13:45:04,77118,4407985.0,,-3.7035917121,-38.578769613,,,cvp,ROUBO A ESTABELECIMENTO COMERCIAL,,,,,,,,,,,CAPITAL OESTE
2.0,AIS 19,,,SÃO JOÃO DO TAUAPE,Fortaleza,,Sim,2026-04-02,,,,16:14:26,77119,4407988.0,,-3.7567011069,-38.5153388754,,,cvp,ROUBO A RESIDÊNCIA,,,,,,,,,,,CAPITAL LESTE
2.0,AIS 18,,,BARRA DO CEARÁ,Fortaleza,,Sim,2026-04-02,,,,14:01:16,77120,4407986.0,,-3.7051720546,-38.5747583099,,,cvp,ROUBO A FARMÁCIA,,,,,,,,,,,CAPITAL OESTE
2.0,AIS 17,,,CANINDEZINHO,Fortaleza,,Sim,2026-04-03,,,,10:46:00,77121,4408002.0,,-3.8019652757,-38.5981636415,,,cvp,ROUBO A PESSOA,,,,,,,,,,,CAPITAL OESTE
2.0,AIS 20,,,MANOEL SÁTIRO,Fortaleza,,Sim,2026-04-03,,,,13:08:51,77122,4408004.0,,-3.8059543061,-38.5870581671,,,cvp,ROUBO A COLETIVO,,,,,,,,,,,CAPITAL OESTE
2.0,AIS 20,,,PLANALTO AYRTON SENNA,Fortaleza,,Sim,2026-04-03,,,,16:54:58,77123,4408005.0,,-3.8357655278,-38.5730617882,,,cvp,ROUBO A PESSOA,,,,,,,,,,,CAPITAL OESTE
2.0,AIS 19,,,PRAIA DO FUTURO I,Fortaleza,,Sim,2026-04-03,,,,17:13:54,77124,4408006.0,,-3.7489035859,-38.4467844138,,,cvp,ROUBO A PESSOA,,,,,,,,,,,CAPITAL LESTE
2.0,AIS 08,,,MUCURIPE,Fortaleza,,Sim,2026-04-03,,,,19:05:52,77125,4408007.0,,-3.7287355465,-38.4884629378,,,cvp,ROUBO A FARMÁCIA,,,,,,,,,,,CAPITAL LESTE
2.0,,,,PATRIOLINO RIBEIRO,Fortaleza,,Sim,2026-04-03,,,,19:59:22,77126,4408008.0,,-3.762970593,-38.4908352372,,,cvp,ROUBO A PESSOA,,,,,,,,,,,
2.0,AIS 08,,,MEIRELES,Fortaleza,,Sim,2026-04-03,,,,07:14:08,77127,4408000.0,,-3.7257613221,-38.5082772373,,,cvp,ROUBO A PESSOA,,,,,,,,,,,CAPITAL LESTE
2.0,AIS 16,,,PEDRAS,Fortaleza,,Sim,2026-04-03,,,,22:11:03,77128,4408010.0,,-3.8940399552,-38.5134568668,,,cvp,ROUBO A ESTABELECIMENTO COMERCIAL,,,,,,,,,,,CAPITAL LESTE
2.0,AIS 18,,,FARIAS BRITO,Fortaleza,,Sim,2026-04-03,,,,20:02:32,77129,4408009.0,,-3.7292455105,-38.5480910784,,,cvp,ROUBO A PESSOA,,,,,,,,,,,CAPITAL OESTE
2.0,AIS 18,,,CENTRO,Fortaleza,,Sim,2026-04-03,,,,09:06:10,77130,4408001.0,,-3.726139867,-38.5338708442,,,cvp,ROUBO A COLETIVO,,,,,,,,,,,CAPITAL OESTE
2.0,AIS 19,,,COCÓ,Fortaleza,,Sim,2026-04-03,,,,12:30:15,77131,4408003.0,,-3.745111551,-38.4757988557,,,cvp,ROUBO A PESSOA,,,,,,,,,,,CAPITAL LESTE
2.0,AIS 21,,,EDSON QUEIROZ,Fortaleza,,Sim,2026-04-04,,,,11:00:33,77132,4408021.0,,-3.7698297523,-38.4816082893,,,cvp,ROUBO A COLETIVO,,,,,,,,,,,CAPITAL OESTE
2.0,,,,PATRIOLINO RIBEIRO,Fortaleza,,Sim,2026-04-04,,,,10:54:22,77133,4408020.0,,-3.7647224866,-38.4826119334,,,cvp,ROUBO A COLETIVO,,,,,,,,,,,
2.0,AIS 08,,,MUCURIPE,Fortaleza,,Sim,2026-04-04,,,,17:59:43,77134,4408024.0,,-3.7289456065,-38.4812227168,,,cvp,ROUBO A PESSOA,,,,,,,,,,,CAPITAL LESTE
2.0,AIS 20,,,MANOEL SÁTIRO,Fortaleza,,Sim,2026-04-04,,,,16:35:50,77135,4408023.0,,-3.809282372,-38.5877566395,,,cvp,ROUBO A COLETIVO,,,,,,,,,,,CAPITAL OESTE
2.0,AIS 23,,,,Paracuru,,Sim,2026-04-04,,,,19:49:48,77136,4408031.0,,-3.4166981493,-39.03059413,,,cvp,ROUBO A PESSOA,,,,,,,,,,AIS 23,RMF OESTE
2.0,AIS 14,,,,Maracanaú,,Sim,2026-04-04,,,,08:41:08,77137,4408028.0,,-3.8332647149,-38.6309533216,,,cvp,ROUBO A PESSOA,,,,,,,,,,AIS 14,RMF LESTE
2.0,AIS 16,,,CAJAZEIRAS,Fortaleza,,Sim,2026-04-04,,,,20:56:48,77138,4408025.0,,-3.8159666817,-38.5015758864,,,cvp,ROUBO A COLETIVO,,,,,,,,,,,CAPITAL LESTE
2.0,AIS 06,,,QUINTINO CUNHA,Fortaleza,,Sim,2026-04-05,,,,07:58:03,77139,4408041.0,,-3.7309529171,-38.5999025685,,,cvp,ROUBO A PESSOA,,,,,,,,,,,CAPITAL OESTE
2.0,AIS 16,,,PEDRAS,Fortaleza,,Sim,2026-04-05,,,,05:04:06,77140,4408038.0,,-3.873041474,-38.5113653399,,,cvp,ROUBO A PESSOA,,,,,,,,,,,CAPITAL LESTE
2.0,AIS 23,,,,Trairi,,Sim,2026-04-05,,,,22:26:24,77141,4408055.0,,-3.2202470274,-39.2688445957,,,cvp,ROUBO A RESIDÊNCIA,,,,,,,,,,AIS 23,RMF OESTE
2.0,AIS 14,,,,Maracanaú,,Sim,2026-04-05,,,,05:13:15,77142,4408053.0,,-3.8409781537,-38.5951720405,,,cvp,ROUBO A PESSOA,,,,,,,,,,AIS 14,RMF LESTE
2.0,AIS 21,,,PARQUE MANIBURA,Fortaleza,,Sim,2026-04-05,,,,21:40:02,77143,4408048.0,,-3.7947631498,-38.4822489308,,,cvp,ROUBO A PESSOA,,,,,,,,,,,CAPITAL OESTE
2.0,AIS 19,,,PRAIA DO FUTURO I,Fortaleza,,Sim,2026-04-05,,,,14:49:03,77144,4408042.0,,-3.7330209358,-38.4575352858,,,cvp,ROUBO A PESSOA,,,,,,,,,,,CAPITAL LESTE
2.0,AIS 06,,,GENIBAÚ,Fortaleza,,Sim,2026-04-06,,,,04:39:57,77145,4408057.0,,-3.7553005207,-38.6017265281,,,cvp,ROUBO A PESSOA,,,,,,,,,,,CAPITAL OESTE
2.0,AIS 12,,,,Caucaia,,Sim,2026-04-06,,,,06:16:12,77146,4408056.0,,-3.6915595689,-38.6163063282,,,cvp,ROUBO A PESSOA,,,,,,,,,,AIS 12,RMF OESTE
2.0,AIS 08,,,ALDEOTA,Fortaleza,,Sim,2026-04-06,,,,08:36:58,77147,4408061.0,,-3.7358399225,-38.4964459004,,,cvp,ROUBO A PESSOA,,,,,,,,,,,CAPITAL LESTE
2.0,AIS 18,,,CARLITO PAMPLONA,Fortaleza,,Sim,2026-04-06,,,,08:21:33,77148,4408060.0,,-3.7166104853,-38.5573012834,,,cvp,ROUBO A PESSOA,,,,,,,,,,,CAPITAL OESTE
2.0,AIS 18,,,MONTE CASTELO,Fortaleza,,Sim,2026-04-06,,,,06:37:57,77149,4408059.0,,-3.7243968789,-38.5562704247,,,cvp,ROUBO A PESSOA,,,,,,,,,,,CAPITAL OESTE
2.0,AIS 16,,,LAGOA REDONDA,Fortaleza,,Sim,2026-04-06,,,,05:00:27,77150,4408058.0,,-3.8260575125,-38.4739762038,,,cvp,ROUBO A PESSOA,,,,,,,,,,,CAPITAL LESTE
2.0,AIS 19,,,DIONÍSIO TORRES,Fortaleza,,Sim,2026-04-01,,,,18:50:21,77178,4409937.0,,-3.7485140352,-38.4933863266,,,cvp,ROUBO A PESSOA,,,,,,,,,,,CAPITAL LESTE
2.0,AIS 18,,,CENTRO,Fortaleza,,Sim,2026-04-01,,,,02:11:15,77179,4409927.0,,-3.7303007615,-38.5229166512,,,cvp,ROUBO A PESSOA,,,,,,,,,,,CAPITAL OESTE
2.0,AIS 06,,,GENIBAÚ,Fortaleza,,Sim,2026-04-01,,,,11:11:56,77180,4409929.0,,-3.7599497408,-38.5988340132,,,cvp,ROUBO A PESSOA,,,,,,,,,,,CAPITAL OESTE
2.0,AIS 18,,,CENTRO,Fortaleza,,Sim,2026-04-01,,,,13:32:05,77181,4409930.0,,-3.7282391353,-38.5396904599,,,cvp,ROUBO A COLETIVO,,,,,,,,,,,CAPITAL OESTE
2.0,AIS 05,,,PARANGABA,Fortaleza,,Sim,2026-04-01,,,,13:47:33,77182,4409931.0,,-3.7800213582,-38.569243166,,,cvp,ROUBO A PESSOA,,,,,,,,,,,CAPITAL OESTE
2.0,AIS 20,,,JARDIM CEARENSE,Fortaleza,,Sim,2026-04-01,,,,15:38:18,77183,4409932.0,,-3.8017535054,-38.5684927343,,,cvp,ROUBO A PESSOA,,,,,,,,,,,CAPITAL OESTE
2.0,AIS 20,,,MONDUBIM,Fortaleza,,Sim,2026-04-01,,,,15:47:49,77184,4409933.0,,-3.8054100846,-38.5659982652,,,cvp,ROUBO A PESSOA,,,,,,,,,,,CAPITAL OESTE
2.0,AIS 05,,,PARANGABA,Fortaleza,,Sim,2026-04-01,,,,16:03:35,77185,4409934.0,,-3.7870630659,-38.5720866744,,,cvp,ROUBO A PESSOA,,,,,,,,,,,CAPITAL OESTE
2.0,AIS 17,,,GRANJA LISBOA,Fortaleza,,Sim,2026-04-01,,,,19:08:43,77186,4409938.0,,-3.7863475429,-38.620011377,,,cvp,ROUBO A PESSOA,,,,,,,,,,,CAPITAL OESTE
2.0,AIS 20,,,PLANALTO AYRTON SENNA,Fortaleza,,Sim,2026-04-01,,,,22:35:12,77187,4409940.0,,-3.8395210879,-38.5736469723,,,cvp,ROUBO A PESSOA,,,,,,,,,,,CAPITAL OESTE
2.0,,,,PATRIOLINO RIBEIRO,Fortaleza,,Sim,2026-04-02,,,,18:55:43,77188,4409922.0,,-3.7680841305,-38.4884704235,,,cvp,ROUBO A PESSOA,,,,,,,,,,,
2.0,,,,PRAIA DO FURUTO II,Fortaleza,,Sim,2026-04-02,,,,20:27:38,77189,4409924.0,,-3.7495573146,-38.4479711951,,,cvp,ROUBO A PESSOA,,,,,,,,,,,
2.0,,,,SAPIRANGA COITÉ,Fortaleza,,Sim,2026-04-02,,,,21:48:04,77190,4409926.0,,-3.8067192356,-38.4590346961,,,cvp,ROUBO A PESSOA,,,,,,,,,,,
2.0,AIS 16,,,BARROSO,Fortaleza,,Sim,2026-04-02,,,,09:13:10,77191,4409946.0,,-3.8270950534,-38.511299219,,,cvp,ROUBO A CONDOMÍNIO,,,,,,,,,,,CAPITAL LESTE
2.0,,,,BOA VISTA,Fortaleza,,Sim,2026-04-02,,,,10:33:58,77192,4409947.0,,-3.7975999546,-38.518725435,,,cvp,ROUBO A TEMPLOS RELIGIOSOS,,,,,,,,,,,
2.0,AIS 17,,,CONJUNTO CEARÁ II,Fortaleza,,Sim,2026-04-02,,,,13:09:11,77193,4409949.0,,-3.7695491871,-38.6172384724,,,cvp,ROUBO A ESTABELECIMENTO COMERCIAL,,,,,,,,,,,CAPITAL OESTE
2.0,AIS 18,,,BARRA DO CEARÁ,Fortaleza,,Sim,2026-04-02,,,,13:45:04,77194,4409950.0,,-3.7035917121,-38.578769613,,,cvp,ROUBO A ESTABELECIMENTO COMERCIAL,,,,,,,,,,,CAPITAL OESTE
2.0,AIS 18,,,BARRA DO CEARÁ,Fortaleza,,Sim,2026-04-02,,,,14:01:16,77195,4409951.0,,-3.7051720546,-38.5747583099,,,cvp,ROUBO A FARMÁCIA,,,,,,,,,,,CAPITAL OESTE
2.0,AIS 19,,,SÃO JOÃO DO TAUAPE,Fortaleza,,Sim,2026-04-02,,,,16:14:26,77196,4409954.0,,-3.7567011069,-38.5153388754,,,cvp,ROUBO A RESIDÊNCIA,,,,,,,,,,,CAPITAL LESTE
2.0,AIS 19,,,PAPICU,Fortaleza,,Sim,2026-04-02,,,,16:33:46,77197,4409955.0,,-3.7443452969,-38.4726242547,,,cvp,ROUBO A ESTABELECIMENTO COMERCIAL,,,,,,,,,,,CAPITAL LESTE
2.0,AIS 08,,,MEIRELES,Fortaleza,,Sim,2026-04-02,,,,17:09:38,77198,4409957.0,,-3.7320486097,-38.4947489274,,,cvp,ROUBO A PESSOA,,,,,,,,,,,CAPITAL LESTE
2.0,AIS 17,,,SIQUEIRA,Fortaleza,,Sim,2026-04-02,,,,13:17:35,77199,4409959.0,,-3.8108394831,-38.6084195205,,,cvp,ROUBO A ESTABELECIMENTO COMERCIAL,,,,,,,,,,,CAPITAL OESTE
2.0,AIS 19,,,PRAIA DO FUTURO I,Fortaleza,,Sim,2026-04-03,,,,17:13:54,77200,4409968.0,,-3.7489035859,-38.4467844138,,,cvp,ROUBO A PESSOA,,,,,,,,,,,CAPITAL LESTE
2.0,AIS 08,,,MEIRELES,Fortaleza,,Sim,2026-04-03,,,,07:14:08,77201,4409962.0,,-3.7257613221,-38.5082772373,,,cvp,ROUBO A PESSOA,,,,,,,,,,,CAPITAL LESTE
2.0,AIS 18,,,CENTRO,Fortaleza,,Sim,2026-04-03,,,,09:06:10,77202,4409963.0,,-3.726139867,-38.5338708442,,,cvp,ROUBO A COLETIVO,,,,,,,,,,,CAPITAL OESTE
2.0,AIS 17,,,CANINDEZINHO,Fortaleza,,Sim,2026-04-03,,,,10:46:00,77203,4409964.0,,-3.8019652757,-38.5981636415,,,cvp,ROUBO A PESSOA,,,,,,,,,,,CAPITAL OESTE
2.0,AIS 19,,,COCÓ,Fortaleza,,Sim,2026-04-03,,,,12:30:15,77204,4409965.0,,-3.745111551,-38.4757988557,,,cvp,ROUBO A PESSOA,,,,,,,,,,,CAPITAL LESTE
2.0,AIS 20,,,MANOEL SÁTIRO,Fortaleza,,Sim,2026-04-03,,,,13:08:51,77205,4409966.0,,-3.8059543061,-38.5870581671,,,cvp,ROUBO A COLETIVO,,,,,,,,,,,CAPITAL OESTE
2.0,AIS 20,,,PLANALTO AYRTON SENNA,Fortaleza,,Sim,2026-04-03,,,,16:54:58,77206,4409967.0,,-3.8357655278,-38.5730617882,,,cvp,ROUBO A PESSOA,,,,,,,,,,,CAPITAL OESTE
2.0,AIS 08,,,MUCURIPE,Fortaleza,,Sim,2026-04-03,,,,19:05:52,77207,4409969.0,,-3.7287355465,-38.4884629378,,,cvp,ROUBO A FARMÁCIA,,,,,,,,,,,CAPITAL LESTE
2.0,,,,PATRIOLINO RIBEIRO,Fortaleza,,Sim,2026-04-03,,,,19:59:22,77208,4409971.0,,-3.762970593,-38.4908352372,,,cvp,ROUBO A PESSOA,,,,,,,,,,,
2.0,AIS 18,,,FARIAS BRITO,Fortaleza,,Sim,2026-04-03,,,,20:02:32,77209,4409972.0,,-3.7292455105,-38.5480910784,,,cvp,ROUBO A PESSOA,,,,,,,,,,,CAPITAL OESTE
2.0,AIS 16,,,PEDRAS,Fortaleza,,Sim,2026-04-03,,,,22:11:03,77210,4409974.0,,-3.8940399552,-38.5134568668,,,cvp,ROUBO A ESTABELECIMENTO COMERCIAL,,,,,,,,,,,CAPITAL LESTE
2.0,,,,PATRIOLINO RIBEIRO,Fortaleza,,Sim,2026-04-04,,,,10:54:22,77211,4409980.0,,-3.7647224866,-38.4826119334,,,cvp,ROUBO A COLETIVO,,,,,,,,,,,
2.0,AIS 21,,,EDSON QUEIROZ,Fortaleza,,Sim,2026-04-04,,,,11:00:33,77212,4409981.0,,-3.7698297523,-38.4816082893,,,cvp,ROUBO A COLETIVO,,,,,,,,,,,CAPITAL OESTE
2.0,AIS 20,,,MANOEL SÁTIRO,Fortaleza,,Sim,2026-04-04,,,,16:35:50,77213,4409983.0,,-3.809282372,-38.5877566395,,,cvp,ROUBO A COLETIVO,,,,,,,,,,,CAPITAL OESTE
2.0,AIS 14,,,,Maracanaú,,Sim,2026-04-04,,,,08:41:08,77214,4409979.0,,-3.8332647149,-38.6309533216,,,cvp,ROUBO A PESSOA,,,,,,,,,,AIS 14,RMF LESTE
2.0,AIS 08,,,MUCURIPE,Fortaleza,,Sim,2026-04-04,,,,17:59:43,77215,4409984.0,,-3.7289456065,-38.4812227168,,,cvp,ROUBO A PESSOA,,,,,,,,,,,CAPITAL LESTE
2.0,AIS 23,,,,Paracuru,,Sim,2026-04-04,,,,19:49:48,77216,4409988.0,,-3.4166981493,-39.03059413,,,cvp,ROUBO A PESSOA,,,,,,,,,,AIS 23,RMF OESTE
2.0,AIS 16,,,CAJAZEIRAS,Fortaleza,,Sim,2026-04-04,,,,20:56:48,77217,4409990.0,,-3.8159666817,-38.5015758864,,,cvp,ROUBO A COLETIVO,,,,,,,,,,,CAPITAL LESTE
2.0,AIS 06,,,QUINTINO CUNHA,Fortaleza,,Sim,2026-04-05,,,,07:58:03,77218,4410005.0,,-3.7309529171,-38.5999025685,,,cvp,ROUBO A PESSOA,,,,,,,,,,,CAPITAL OESTE
2.0,AIS 19,,,PRAIA DO FUTURO I,Fortaleza,,Sim,2026-04-05,,,,14:49:03,77219,4410007.0,,-3.7330209358,-38.4575352858,,,cvp,ROUBO A PESSOA,,,,,,,,,,,CAPITAL LESTE
2.0,AIS 21,,,PARQUE MANIBURA,Fortaleza,,Sim,2026-04-05,,,,21:40:02,77220,4410014.0,,-3.7947631498,-38.4822489308,,,cvp,ROUBO A PESSOA,,,,,,,,,,,CAPITAL OESTE
2.0,AIS 16,,,PEDRAS,Fortaleza,,Sim,2026-04-05,,,,05:04:06,77221,4410000.0,,-3.873041474,-38.5113653399,,,cvp,ROUBO A PESSOA,,,,,,,,,,,CAPITAL LESTE
2.0,AIS 14,,,,Maracanaú,,Sim,2026-04-05,,,,05:13:15,77222,4410001.0,,-3.8409781537,-38.5951720405,,,cvp,ROUBO A PESSOA,,,,,,,,,,AIS 14,RMF LESTE
2.0,AIS 23,,,,Trairi,,Sim,2026-04-05,,,,22:26:24,77223,4410015.0,,-3.2202470274,-39.2688445957,,,cvp,ROUBO A RESIDÊNCIA,,,,,,,,,,AIS 23,RMF OESTE
2.0,AIS 18,,,MONTE CASTELO,Fortaleza,,Sim,2026-04-06,,,,06:37:57,77224,4410021.0,,-3.7243968789,-38.5562704247,,,cvp,ROUBO A PESSOA,,,,,,,,,,,CAPITAL OESTE
2.0,AIS 06,,,GENIBAÚ,Fortaleza,,Sim,2026-04-06,,,,04:39:57,77225,4410018.0,,-3.7553005207,-38.6017265281,,,cvp,ROUBO A PESSOA,,,,,,,,,,,CAPITAL OESTE
2.0,AIS 16,,,LAGOA REDONDA,Fortaleza,,Sim,2026-04-06,,,,05:00:27,77226,4410019.0,,-3.8260575125,-38.4739762038,,,cvp,ROUBO A PESSOA,,,,,,,,,,,CAPITAL LESTE
2.0,AIS 12,,,,Caucaia,,Sim,2026-04-06,,,,06:16:12,77227,4410020.0,,-3.6915595689,-38.6163063282,,,cvp,ROUBO A PESSOA,,,,,,,,,,AIS 12,RMF OESTE
2.0,AIS 18,,,CARLITO PAMPLONA,Fortaleza,,Sim,2026-04-06,,,,08:21:33,77228,4410022.0,,-3.7166104853,-38.5573012834,,,cvp,ROUBO A PESSOA,,,,,,,,,,,CAPITAL OESTE
2.0,AIS 08,,,ALDEOTA,Fortaleza,,Sim,2026-04-06,,,,08:36:58,77229,4410023.0,,-3.7358399225,-38.4964459004,,,cvp,ROUBO A PESSOA,,,,,,,,,,,CAPITAL LESTE
2.0,AIS 08,,,ALDEOTA,Fortaleza,,Sim,2026-04-06,,,,18:57:26,77230,4410026.0,,-3.7361904478,-38.5101024235,,,cvp,ROUBO A PESSOA,,,,,,,,,,,CAPITAL LESTE
2.0,AIS 05,,,FÁTIMA,Fortaleza,,Sim,2026-04-06,,,,20:32:17,77231,4410029.0,,-3.7528968367,-38.5225610442,,,cvp,ROUBO A PESSOA,,,,,,,,,,,CAPITAL OESTE
2.0,AIS 07,,,,Crateús,,Sim,2026-04-07,,,,07:04:50,77232,4410035.0,,-5.1762262896,-40.6646682759,,,cvp,ROUBO A PESSOA,,,,,,,,,,AIS 07,NORTE
2.0,AIS 08,,,VICENTE PINZÓN,Fortaleza,,Sim,2026-04-07,,,,02:38:28,77233,4410033.0,,-3.7258989099,-38.4634732157,,,cvp,ROUBO A MOTEL,,,,,,,,,,,CAPITAL LESTE
2.0,AIS 08,,,VARJOTA,Fortaleza,,Sim,2026-04-07,,,,05:59:17,77234,4410034.0,,-3.734508588,-38.4844074468,,,cvp,ROUBO A PESSOA,,,,,,,,,,,CAPITAL LESTE
2.0,AIS 18,,,CENTRO,Fortaleza,,Sim,2026-04-07,,,,21:18:51,77235,4410055.0,,-3.7356269478,-38.5260650521,,,cvp,ROUBO A PESSOA,,,,,,,,,,,CAPITAL OESTE
2.0,AIS 06,,,PARQUELÂNDIA,Fortaleza,,Sim,2026-04-07,,,,08:04:06,77236,4410038.0,,-3.7400695445,-38.5599582499,,,cvp,ROUBO A PESSOA,,,,,,,,,,,CAPITAL OESTE
2.0,AIS 18,,,CENTRO,Fortaleza,,Sim,2026-04-07,,,,09:43:41,77237,4410040.0,,-3.7316469986,-38.5319949073,,,cvp,ROUBO A PESSOA,,,,,,,,,,,CAPITAL OESTE
2.0,AIS 18,,,JARDIM IRACEMA,Fortaleza,,Sim,2026-04-07,,,,23:01:45,77238,4410058.0,,-3.7283850628,-38.5829290829,,,cvp,ROUBO A PESSOA,,,,,,,,,,,CAPITAL OESTE
2.0,AIS 18,,,PRESIDENTE KENNEDY,Fortaleza,,Sim,2026-04-07,,,,20:58:15,77239,4410053.0,,-3.7220703305,-38.5682155706,,,cvp,ROUBO A PESSOA,,,,,,,,,,,CAPITAL OESTE
2.0,AIS 31,,,,Deputado Irapuan Pinheiro,,Sim,2026-04-07,,,,20:18:20,77240,4410052.0,,-5.9177008326,-39.2665958373,,,cvp,ROUBO A RESIDÊNCIA,,,,,,,,,,AIS 31,SUDESTE
2.0,AIS 08,,,ALDEOTA,Fortaleza,,Sim,2026-04-07,,,,19:48:33,77241,4410049.0,,-3.7395191024,-38.5031350327,,,cvp,ROUBO A PESSOA,,,,,,,,,,,CAPITAL LESTE
2.0,AIS 20,,,PREFEITO JOSÉ WALTER,Fortaleza,,Sim,2026-04-07,,,,19:29:26,77242,4410048.0,,-3.8327141165,-38.537691948,,,cvp,ROUBO A PESSOA,,,,,,,,,,,CAPITAL OESTE
2.0,AIS 16,,,CAJAZEIRAS,Fortaleza,,Sim,2026-04-07,,,,18:02:26,77243,4410046.0,,-3.7926307267,-38.5085805667,,,cvp,ROUBO A PESSOA,,,,,,,,,,,CAPITAL LESTE
2.0,AIS 05,,,MARAPONGA,Fortaleza,,Sim,2026-04-07,,,,14:48:38,77244,4410043.0,,-3.7948639169,-38.5700920387,,,cvp,ROUBO A PESSOA,,,,,,,,,,,CAPITAL OESTE
2.0,AIS 16,,,MESSEJANA,Fortaleza,,Sim,2026-04-08,,,,13:12:09,77245,4410073.0,,-3.8289571879,-38.5001754599,,,cvp,ROUBO A PESSOA,,,,,,,,,,,CAPITAL LESTE
2.0,AIS 24,,,,Eusébio,,Sim,2026-04-08,,,,13:48:22,77246,4410074.0,,-3.8943448117,-38.4444592911,,,cvp,ROUBO A RESIDÊNCIA,,,,,,,,,,AIS 24,RMF LESTE
2.0,AIS 18,,,CENTRO,Fortaleza,,Sim,2026-04-08,,,,13:49:48,77247,4410075.0,,-3.7257397394,-38.5340505315,,,cvp,ROUBO A PESSOA,,,,,,,,,,,CAPITAL OESTE
2.0,AIS 25,,,,Itaitinga,,Sim,2026-04-08,,,,15:11:03,77248,4410076.0,,-3.8883119355,-38.5184827391,,,cvp,ROUBO A PESSOA C/ CONSTRANGIMENTO DA LIBERDADE,,,,,,,,,,AIS 25,RMF LESTE
2.0,AIS 24,,,,Aquiraz,,Sim,2026-04-08,,,,17:11:42,77249,4410078.0,,-3.8447605686,-38.3926267713,,,cvp,ROUBO A PESSOA,,,,,,,,,,AIS 24,RMF LESTE
2.0,AIS 08,,,VICENTE PINZÓN,Fortaleza,,Sim,2026-04-08,,,,01:54:48,77250,4410062.0,,-3.7321463881,-38.4624933409,,,cvp,ROUBO A COLETIVO,,,,,,,,,,,CAPITAL LESTE
2.0,AIS 08,,,VICENTE PINZÓN,Fortaleza,,Sim,2026-04-08,,,,01:56:43,77251,4410063.0,,-3.7255256801,-38.4629309651,,,cvp,ROUBO A PESSOA,,,,,,,,,,,CAPITAL LESTE
2.0,AIS 08,,,ALDEOTA,Fortaleza,,Sim,2026-04-08,,,,04:49:19,77252,4410065.0,,-3.7343918294,-38.4978513874,,,cvp,ROUBO A FARMÁCIA,,,,,,,,,,,CAPITAL LESTE
2.0,AIS 05,,,PARANGABA,Fortaleza,,Sim,2026-04-08,,,,08:08:08,77253,4410067.0,,-3.778395567,-38.5650521549,,,cvp,ROUBO A PESSOA,,,,,,,,,,,CAPITAL OESTE
2.0,AIS 18,,,CENTRO,Fortaleza,,Sim,2026-04-08,,,,11:47:42,77254,4410070.0,,-3.7294090138,-38.5327867647,,,cvp,ROUBO A PESSOA,,,,,,,,,,,CAPITAL OESTE
2.0,AIS 16,,,JOSÉ DE ALENCAR,Fortaleza,,Sim,2026-04-08,,,,12:31:34,77255,4410071.0,,-3.8112961552,-38.4780533609,,,cvp,ROUBO A COLETIVO,,,,,,,,,,,CAPITAL LESTE
2.0,,,,PATRIOLINO RIBEIRO,Fortaleza,,Sim,2026-04-08,,,,12:44:07,77256,4410072.0,,-3.7655242531,-38.4845401198,,,cvp,ROUBO A PESSOA,,,,,,,,,,,
2.0,AIS 18,,,ÁLVARO WEYNE,Fortaleza,,Sim,2026-04-08,,,,18:02:31,77257,4410079.0,,-3.7156612484,-38.5604280313,,,cvp,ROUBO A PESSOA,,,,,,,,,,,CAPITAL OESTE
2.0,AIS 18,,,CENTRO,Fortaleza,,Sim,2026-04-08,,,,22:07:17,77258,4410082.0,,-3.7223755973,-38.5378729895,,,cvp,ROUBO A PESSOA,,,,,,,,,,,CAPITAL OESTE
2.0,AIS 16,,,MESSEJANA,Fortaleza,,Sim,2026-04-08,,,,22:55:42,77259,4410084.0,,-3.8309981607,-38.4886801418,,,cvp,ROUBO A PESSOA,,,,,,,,,,,CAPITAL LESTE
2.0,AIS 25,,,,Itaitinga,,Sim,2026-04-09,,,,01:02:54,77260,4410087.0,,-3.9734449558,-38.5406830054,,,cvp,ROUBO A PESSOA,,,,,,,,,,AIS 25,RMF LESTE
2.0,AIS 06,,,JÓQUEI CLUBE,Fortaleza,,Sim,2026-04-09,,,,07:58:33,77261,4410090.0,,-3.7682634536,-38.5772472244,,,cvp,ROUBO A PESSOA,,,,,,,,,,,CAPITAL OESTE
2.0,AIS 12,,,,Caucaia,,Sim,2026-04-09,,,,14:31:51,77262,4410093.0,,-3.7308748641,-38.7623381183,,,cvp,ROUBO A PESSOA,,,,,,,,,,AIS 12,RMF OESTE
2.0,AIS 20,,,MANOEL SÁTIRO,Fortaleza,,Sim,2026-04-09,,,,14:34:06,77263,4410094.0,,-3.8066098855,-38.5847364038,,,cvp,ROUBO A RESIDÊNCIA,,,,,,,,,,,CAPITAL OESTE
2.0,AIS 12,,,,Caucaia,,Sim,2026-04-09,,,,14:40:23,77264,4410095.0,,-3.7718744721,-38.6547488339,,,cvp,ROUBO A ESTABELECIMENTO COMERCIAL,,,,,,,,,,AIS 12,RMF OESTE
2.0,AIS 22,,,PASSARÉ,Fortaleza,,Sim,2026-04-09,,,,14:48:57,77265,4410096.0,,-3.8038236657,-38.5365360608,,,cvp,ROUBO A PESSOA,,,,,,,,,,,CAPITAL LESTE
2.0,AIS 06,,,DOM LUSTOSA,Fortaleza,,Sim,2026-04-09,,,,15:41:30,77266,4410098.0,,-3.7463840524,-38.5853339993,,,cvp,ROUBO A PESSOA C/ CONSTRANGIMENTO DA LIBERDADE,,,,,,,,,,,CAPITAL OESTE
2.0,AIS 19,,,PRAIA DO FUTURO I,Fortaleza,,Sim,2026-04-09,,,,18:50:18,77267,4410099.0,,-3.7480687432,-38.4534813139,,,cvp,ROUBO A PESSOA,,,,,,,,,,,CAPITAL LESTE
2.0,AIS 06,,,JÓQUEI CLUBE,Fortaleza,,Sim,2026-04-09,,,,21:32:29,77268,4410100.0,,-3.7662839235,-38.5736763809,,,cvp,ROUBO A PESSOA,,,,,,,,,,,CAPITAL OESTE
2.0,AIS 11,,,,Croatá,,Sim,2026-04-09,,,,21:37:55,77269,4410101.0,,-4.4164210003,-40.9072758335,,,cvp,ROUBO A PESSOA,,,,,,,,,,AIS 11,NORDESTE
2.0,AIS 22,,,CASTELÃO,Fortaleza,,Sim,2026-04-09,,,,07:33:13,77270,4410089.0,,-3.8017243685,-38.5167537821,,,cvp,ROUBO A PESSOA,,,,,,,,,,,CAPITAL LESTE
2.0,,,,JANGURURSSU,Fortaleza,,Sim,2026-04-09,,,,04:46:57,77271,4410088.0,,-3.8470985083,-38.5148130281,,,cvp,ROUBO A PESSOA,,,,,,,,,,,
2.0,AIS 16,,,MESSEJANA,Fortaleza,,Sim,2026-04-10,,,,08:24:11,77272,4410111.0,,-3.8231723058,-38.4857346799,,,cvp,ROUBO A PESSOA,,,,,,,,,,,CAPITAL LESTE
2.0,AIS 16,,,GUAJERU,Fortaleza,,Sim,2026-04-10,,,,08:46:47,77273,4410112.0,,-3.8299039053,-38.4803129785,,,cvp,ROUBO A PESSOA,,,,,,,,,,,CAPITAL LESTE
2.0,AIS 30,,,,Tauá,,Sim,2026-04-10,,,,02:18:27,77274,4410105.0,,-5.9995140837,-40.2949520106,,,cvp,ROUBO A RESIDÊNCIA,,,,,,,,,,AIS 30,SUDESTE
2.0,AIS 05,,,BENFICA,Fortaleza,,Sim,2026-04-10,,,,04:35:44,77275,4410107.0,,-3.7386601561,-38.5390387988,,,cvp,ROUBO A PESSOA,,,,,,,,,,,CAPITAL OESTE
2.0,AIS 06,,,HENRIQUE JORGE,Fortaleza,,Sim,2026-04-10,,,,11:06:10,77276,4410114.0,,-3.7620028803,-38.5862683667,,,cvp,ROUBO A PESSOA,,,,,,,,,,,CAPITAL OESTE
2.0,AIS 08,,,ALDEOTA,Fortaleza,,Sim,2026-04-10,,,,05:05:18,77277,4410108.0,,-3.7328603909,-38.5015950749,,,cvp,ROUBO A CONDOMÍNIO,,,,,,,,,,,CAPITAL LESTE
2.0,AIS 21,,,EDSON QUEIROZ,Fortaleza,,Sim,2026-04-10,,,,15:07:57,77278,4410120.0,,-3.7642533814,-38.4808744744,,,cvp,ROUBO A PESSOA,,,,,,,,,,,CAPITAL OESTE
2.0,,,,PRAIA DO FURUTO II,Fortaleza,,Sim,2026-04-10,,,,14:14:32,77279,4410118.0,,-3.7587812831,-38.4438064497,,,cvp,ROUBO A PESSOA,,,,,,,,,,,
2.0,,,,GENTILÂNDIA,Fortaleza,,Sim,2026-04-10,,,,13:23:14,77280,4410117.0,,-3.745126513,-38.5414507106,,,cvp,ROUBO A PESSOA,,,,,,,,,,,
2.0,,,,PRAIA DO FURUTO II,Fortaleza,,Sim,2026-04-10,,,,12:31:37,77281,4410116.0,,-3.7495454376,-38.4469305295,,,cvp,ROUBO A PESSOA,,,,,,,,,,,
2.0,AIS 08,,,ALDEOTA,Fortaleza,,Sim,2026-04-10,,,,12:08:25,77282,4410115.0,,-3.7310419507,-38.5120709715,,,cvp,ROUBO A FARMÁCIA,,,,,,,,,,,CAPITAL LESTE
2.0,AIS 05,,,BENFICA,Fortaleza,,Sim,2026-04-10,,,,22:18:41,77283,4410127.0,,-3.7389888625,-38.53740503,,,cvp,ROUBO A PESSOA,,,,,,,,,,,CAPITAL OESTE
2.0,AIS 08,,,MEIRELES,Fortaleza,,Sim,2026-04-10,,,,20:01:22,77284,4410124.0,,-3.7233386851,-38.5094845714,,,cvp,ROUBO A PESSOA,,,,,,,,,,,CAPITAL LESTE
2.0,AIS 20,,,PREFEITO JOSÉ WALTER,Fortaleza,,Sim,2026-04-11,,,,13:51:37,77285,4410142.0,,-3.8330229557,-38.5543320612,,,cvp,ROUBO A PESSOA,,,,,,,,,,,CAPITAL OESTE
2.0,AIS 08,,,MEIRELES,Fortaleza,,Sim,2026-04-11,,,,16:24:40,77286,4410143.0,,-3.7280043335,-38.5009055706,,,cvp,ROUBO A PESSOA,,,,,,,,,,,CAPITAL LESTE
2.0,AIS 20,,,MANOEL SÁTIRO,Fortaleza,,Sim,2026-04-11,,,,18:36:38,77287,4410145.0,,-3.8092374514,-38.5884086254,,,cvp,ROUBO A PESSOA,,,,,,,,,,,CAPITAL OESTE
2.0,AIS 28,,,,Acarape,,Sim,2026-04-11,,,,19:46:40,77288,4410148.0,,-4.2229239388,-38.7079089315,,,cvp,ROUBO A PESSOA,,,,,,,,,,AIS 28,NORTE
2.0,AIS 06,,,JOÃO XXIII,Fortaleza,,Sim,2026-04-11,,,,20:04:12,77289,4410149.0,,-3.7682826346,-38.5828601095,,,cvp,ROUBO A PESSOA,,,,,,,,,,,CAPITAL OESTE
2.0,AIS 19,,,COCÓ,Fortaleza,,Sim,2026-04-11,,,,11:00:41,77290,4410140.0,,-3.7444503356,-38.4884559069,,,cvp,ROUBO A FARMÁCIA,,,,,,,,,,,CAPITAL LESTE
2.0,AIS 15,,,,Guaiúba,,Sim,2026-04-11,,,,13:19:43,77291,4410141.0,,-4.0419731568,-38.6332142266,,,cvp,ROUBO A PESSOA,,,,,,,,,,AIS 15,RMF LESTE
2.0,AIS 16,,,MESSEJANA,Fortaleza,,Sim,2026-04-11,,,,20:32:52,77292,4410150.0,,-3.8220290489,-38.4979991387,,,cvp,ROUBO A PESSOA,,,,,,,,,,,CAPITAL LESTE
2.0,AIS 05,,,VILA UNIĂO,Fortaleza,,Sim,2026-04-11,,,,22:20:31,77293,4410154.0,,-3.7630452033,-38.5328262008,,,cvp,ROUBO A PESSOA,,,,,,,,,,,CAPITAL OESTE
2.0,AIS 18,,,CENTRO,Fortaleza,,Sim,2026-04-11,,,,22:59:42,77294,4410155.0,,-3.7281620128,-38.5188719643,,,cvp,ROUBO A PESSOA,,,,,,,,,,,CAPITAL OESTE
2.0,AIS 05,,,MONTESE,Fortaleza,,Sim,2026-04-11,,,,00:08:49,77295,4410130.0,,-3.7662148492,-38.5546554288,,,cvp,ROUBO A PESSOA C/ CONSTRANGIMENTO DA LIBERDADE,,,,,,,,,,,CAPITAL OESTE
2.0,AIS 24,,,,Eusébio,,Sim,2026-04-11,,,,00:34:33,77296,4410131.0,,-3.8886173547,-38.4543398644,,,cvp,ROUBO A PESSOA,,,,,,,,,,AIS 24,RMF LESTE
2.0,AIS 06,,,PARQUELÂNDIA,Fortaleza,,Sim,2026-04-11,,,,03:07:44,77297,4410133.0,,-3.7402984922,-38.5604516392,,,cvp,ROUBO A PESSOA,,,,,,,,,,,CAPITAL OESTE
2.0,AIS 11,,,,Tianguá,,Sim,2026-04-11,,,,10:49:49,77298,4410137.0,,-3.7286928726,-40.9900286001,,,cvp,ROUBO A RESIDÊNCIA,,,,,,,,,,AIS 11,NORDESTE
2.0,AIS 27,,,,Camocim,,Sim,2026-04-11,,,,10:53:02,77299,4410138.0,,-2.9026636978,-40.8435917452,,,cvp,ROUBO A PESSOA,,,,,,,,,,AIS 27,NORTE
2.0,AIS 16,,,MESSEJANA,Fortaleza,,Sim,2026-04-12,,,,05:30:25,77300,4410162.0,,-3.8299954106,-38.500860604,,,cvp,ROUBO A PESSOA,,,,,,,,,,,CAPITAL LESTE
2.0,AIS 16,,,MESSEJANA,Fortaleza,,Sim,2026-04-12,,,,05:00:27,77301,4410161.0,,-3.8282940127,-38.4886065434,,,cvp,ROUBO A PESSOA,,,,,,,,,,,CAPITAL LESTE
2.0,AIS 12,,,,Caucaia,,Sim,2026-04-12,,,,04:02:58,77302,4410160.0,,-3.7743116659,-38.6222188422,,,cvp,ROUBO A PESSOA,,,,,,,,,,AIS 12,RMF OESTE
2.0,AIS 18,,,CENTRO,Fortaleza,,Sim,2026-04-12,,,,02:34:49,77303,4410157.0,,-3.7307216011,-38.5316225732,,,cvp,ROUBO A PESSOA,,,,,,,,,,,CAPITAL OESTE
2.0,AIS 12,,,,Caucaia,,Sim,2026-04-12,,,,02:45:26,77304,4410158.0,,-3.7295129437,-38.6439416269,,,cvp,ROUBO A POSTO DE GASOLINA,,,,,,,,,,AIS 12,RMF OESTE
2.0,AIS 14,,,,Maracanaú,,Sim,2026-04-12,,,,02:52:05,77305,4410159.0,,-3.8379798154,-38.5965139935,,,cvp,ROUBO A RESIDÊNCIA,,,,,,,,,,AIS 14,RMF LESTE
2.0,AIS 16,,,MESSEJANA,Fortaleza,,Sim,2026-04-12,,,,05:48:06,77306,4410164.0,,-3.8344114729,-38.4980541618,,,cvp,ROUBO A PESSOA,,,,,,,,,,,CAPITAL LESTE
2.0,AIS 14,,,,Maracanaú,,Sim,2026-04-12,,,,05:44:52,77307,4410163.0,,-3.8745217788,-38.5997118025,,,cvp,ROUBO A PESSOA,,,,,,,,,,AIS 14,RMF LESTE
2.0,AIS 18,,,CENTRO,Fortaleza,,Sim,2026-04-12,,,,06:08:19,77308,4410166.0,,-3.7365646554,-38.5246110685,,,cvp,ROUBO A PESSOA C/ CONSTRANGIMENTO DA LIBERDADE,,,,,,,,,,,CAPITAL OESTE
2.0,AIS 18,,,VILA VELHA,Fortaleza,,Sim,2026-04-12,,,,08:00:57,77309,4410167.0,,-3.7202052167,-38.5958859822,,,cvp,ROUBO A FARMÁCIA,,,,,,,,,,,CAPITAL OESTE
2.0,AIS 21,,,ENGENHEIRO LUCIANO CAVALCANTE,Fortaleza,,Sim,2026-04-12,,,,21:48:29,77310,4410180.0,,-3.7701852366,-38.4976756907,,,cvp,ROUBO A PESSOA,,,,,,,,,,,CAPITAL LESTE
2.0,AIS 08,,,PRAIA DE IRACEMA,Fortaleza,,Sim,2026-04-12,,,,21:14:38,77311,4410178.0,,-3.7197589898,-38.5116765419,,,cvp,ROUBO A PESSOA,,,,,,,,,,,CAPITAL LESTE
2.0,AIS 18,,,JACARECANGA,Fortaleza,,Sim,2026-04-12,,,,19:06:22,77312,4410176.0,,-3.7196770504,-38.5487956713,,,cvp,ROUBO A FARMÁCIA,,,,,,,,,,,CAPITAL OESTE
2.0,AIS 07,,,,Ipu,,Sim,2026-04-12,,,,17:42:33,77313,4410175.0,,-4.3343798041,-40.7238968174,,,cvp,ROUBO A PESSOA,,,,,,,,,,AIS 07,NORTE
2.0,AIS 08,,,VICENTE PINZÓN,Fortaleza,,Sim,2026-04-12,,,,15:46:16,77314,4410174.0,,-3.7236945718,-38.465303785,,,cvp,ROUBO A PESSOA,,,,,,,,,,,CAPITAL LESTE
2.0,AIS 24,,,,Aquiraz,,Sim,2026-04-12,,,,13:59:19,77315,4410170.0,,-3.942307733,-38.2920328336,,,cvp,ROUBO A PESSOA,,,,,,,,,,AIS 24,RMF LESTE
2.0,AIS 18,,,CENTRO,Fortaleza,,Sim,2026-04-12,,,,12:39:45,77316,4410169.0,,-3.7243062486,-38.5258421107,,,cvp,ROUBO A ESTABELECIMENTO COMERCIAL,,,,,,,,,,,CAPITAL OESTE
2.0,AIS 18,,,CENTRO,Fortaleza,,Sim,2026-04-12,,,,11:26:07,77317,4410168.0,,-3.7253059073,-38.5307373313,,,cvp,ROUBO A PESSOA,,,,,,,,,,,CAPITAL OESTE
2.0,AIS 12,,,,Caucaia,,Sim,2026-04-13,,,,17:26:53,77318,4410189.0,,-3.7698181114,-38.6252401042,,,cvp,ROUBO A PESSOA,,,,,,,,,,AIS 12,RMF OESTE
2.0,AIS 05,,,BOM FUTURO,Fortaleza,,Sim,2026-04-13,,,,20:23:03,77319,4410192.0,,-3.7562787351,-38.5462506898,,,cvp,ROUBO A PESSOA,,,,,,,,,,,CAPITAL OESTE
2.0,AIS 14,,,,Maracanaú,,Sim,2026-04-13,,,,01:13:03,77320,4410181.0,,-3.8395178115,-38.5932164043,,,cvp,ROUBO A RESIDÊNCIA,,,,,,,,,,AIS 14,RMF LESTE
2.0,AIS 18,,,SÃO GERARDO,Fortaleza,,Sim,2026-04-13,,,,16:29:04,77321,4410188.0,,-3.7342729541,-38.5606141256,,,cvp,ROUBO A PESSOA,,,,,,,,,,,CAPITAL OESTE
2.0,AIS 18,,,JACARECANGA,Fortaleza,,Sim,2026-04-13,,,,02:06:07,77322,4410183.0,,-3.7244288439,-38.5453660834,,,cvp,ROUBO A PESSOA,,,,,,,,,,,CAPITAL OESTE
2.0,AIS 05,,,FÁTIMA,Fortaleza,,Sim,2026-04-14,,,,06:27:53,77323,4410198.0,,-3.7442797334,-38.5241736552,,,cvp,ROUBO A PESSOA,,,,,,,,,,,CAPITAL OESTE
2.0,AIS 17,,,BOM JARDIM,Fortaleza,,Sim,2026-04-14,,,,05:35:53,77324,4410197.0,,-3.7936729639,-38.597921519,,,cvp,ROUBO A RESIDÊNCIA,,,,,,,,,,,CAPITAL OESTE
2.0,AIS 20,,,PLANALTO AYRTON SENNA,Fortaleza,,Sim,2026-04-01,,,,22:35:12,77353,4414062.0,,-3.8395210879,-38.5736469723,,,cvp,ROUBO A PESSOA,,,,,,,,,,,CAPITAL OESTE
2.0,AIS 20,,,MONDUBIM,Fortaleza,,Sim,2026-04-01,,,,15:47:49,77354,4414057.0,,-3.8054100846,-38.5659982652,,,cvp,ROUBO A PESSOA,,,,,,,,,,,CAPITAL OESTE
2.0,AIS 05,,,PARANGABA,Fortaleza,,Sim,2026-04-01,,,,16:03:35,77355,4414058.0,,-3.7870630659,-38.5720866744,,,cvp,ROUBO A PESSOA,,,,,,,,,,,CAPITAL OESTE
2.0,AIS 19,,,DIONÍSIO TORRES,Fortaleza,,Sim,2026-04-01,,,,18:50:21,77356,4414060.0,,-3.7485140352,-38.4933863266,,,cvp,ROUBO A PESSOA,,,,,,,,,,,CAPITAL LESTE
2.0,AIS 17,,,GRANJA LISBOA,Fortaleza,,Sim,2026-04-01,,,,19:08:43,77357,4414061.0,,-3.7863475429,-38.620011377,,,cvp,ROUBO A PESSOA,,,,,,,,,,,CAPITAL OESTE
2.0,AIS 20,,,JARDIM CEARENSE,Fortaleza,,Sim,2026-04-01,,,,15:38:18,77358,4414056.0,,-3.8017535054,-38.5684927343,,,cvp,ROUBO A PESSOA,,,,,,,,,,,CAPITAL OESTE
2.0,AIS 18,,,CENTRO,Fortaleza,,Sim,2026-04-01,,,,13:32:05,77359,4414054.0,,-3.7282391353,-38.5396904599,,,cvp,ROUBO A COLETIVO,,,,,,,,,,,CAPITAL OESTE
2.0,AIS 18,,,CENTRO,Fortaleza,,Sim,2026-04-01,,,,02:11:15,77360,4414051.0,,-3.7303007615,-38.5229166512,,,cvp,ROUBO A PESSOA,,,,,,,,,,,CAPITAL OESTE
2.0,AIS 05,,,PARANGABA,Fortaleza,,Sim,2026-04-01,,,,13:47:33,77361,4414055.0,,-3.7800213582,-38.569243166,,,cvp,ROUBO A PESSOA,,,,,,,,,,,CAPITAL OESTE
2.0,AIS 06,,,GENIBAÚ,Fortaleza,,Sim,2026-04-01,,,,11:11:56,77362,4414053.0,,-3.7599497408,-38.5988340132,,,cvp,ROUBO A PESSOA,,,,,,,,,,,CAPITAL OESTE
2.0,,,,PATRIOLINO RIBEIRO,Fortaleza,,Sim,2026-04-02,,,,18:55:43,77363,4414079.0,,-3.7680841305,-38.4884704235,,,cvp,ROUBO A PESSOA,,,,,,,,,,,
2.0,AIS 16,,,BARROSO,Fortaleza,,Sim,2026-04-02,,,,09:13:10,77364,4414067.0,,-3.8270950534,-38.511299219,,,cvp,ROUBO A CONDOMÍNIO,,,,,,,,,,,CAPITAL LESTE
2.0,,,,BOA VISTA,Fortaleza,,Sim,2026-04-02,,,,10:33:58,77365,4414068.0,,-3.7975999546,-38.518725435,,,cvp,ROUBO A TEMPLOS RELIGIOSOS,,,,,,,,,,,
2.0,AIS 17,,,CONJUNTO CEARÁ II,Fortaleza,,Sim,2026-04-02,,,,13:09:11,77366,4414069.0,,-3.7695491871,-38.6172384724,,,cvp,ROUBO A ESTABELECIMENTO COMERCIAL,,,,,,,,,,,CAPITAL OESTE
2.0,AIS 17,,,SIQUEIRA,Fortaleza,,Sim,2026-04-02,,,,13:17:35,77367,4414070.0,,-3.8108394831,-38.6084195205,,,cvp,ROUBO A ESTABELECIMENTO COMERCIAL,,,,,,,,,,,CAPITAL OESTE
2.0,AIS 18,,,BARRA DO CEARÁ,Fortaleza,,Sim,2026-04-02,,,,13:45:04,77368,4414071.0,,-3.7035917121,-38.578769613,,,cvp,ROUBO A ESTABELECIMENTO COMERCIAL,,,,,,,,,,,CAPITAL OESTE
2.0,AIS 18,,,BARRA DO CEARÁ,Fortaleza,,Sim,2026-04-02,,,,14:01:16,77369,4414072.0,,-3.7051720546,-38.5747583099,,,cvp,ROUBO A FARMÁCIA,,,,,,,,,,,CAPITAL OESTE
2.0,AIS 19,,,SÃO JOÃO DO TAUAPE,Fortaleza,,Sim,2026-04-02,,,,16:14:26,77370,4414074.0,,-3.7567011069,-38.5153388754,,,cvp,ROUBO A RESIDÊNCIA,,,,,,,,,,,CAPITAL LESTE
2.0,AIS 19,,,PAPICU,Fortaleza,,Sim,2026-04-02,,,,16:33:46,77371,4414075.0,,-3.7443452969,-38.4726242547,,,cvp,ROUBO A ESTABELECIMENTO COMERCIAL,,,,,,,,,,,CAPITAL LESTE
2.0,AIS 08,,,MEIRELES,Fortaleza,,Sim,2026-04-02,,,,17:09:38,77372,4414077.0,,-3.7320486097,-38.4947489274,,,cvp,ROUBO A PESSOA,,,,,,,,,,,CAPITAL LESTE
2.0,,,,PRAIA DO FURUTO II,Fortaleza,,Sim,2026-04-02,,,,20:27:38,77373,4414081.0,,-3.7495573146,-38.4479711951,,,cvp,ROUBO A PESSOA,,,,,,,,,,,
2.0,,,,SAPIRANGA COITÉ,Fortaleza,,Sim,2026-04-02,,,,21:48:04,77374,4414083.0,,-3.8067192356,-38.4590346961,,,cvp,ROUBO A PESSOA,,,,,,,,,,,
2.0,AIS 08,,,MEIRELES,Fortaleza,,Sim,2026-04-03,,,,07:14:08,77375,4414085.0,,-3.7257613221,-38.5082772373,,,cvp,ROUBO A PESSOA,,,,,,,,,,,CAPITAL LESTE
2.0,AIS 18,,,CENTRO,Fortaleza,,Sim,2026-04-03,,,,09:06:10,77376,4414086.0,,-3.726139867,-38.5338708442,,,cvp,ROUBO A COLETIVO,,,,,,,,,,,CAPITAL OESTE
2.0,AIS 17,,,CANINDEZINHO,Fortaleza,,Sim,2026-04-03,,,,10:46:00,77377,4414087.0,,-3.8019652757,-38.5981636415,,,cvp,ROUBO A PESSOA,,,,,,,,,,,CAPITAL OESTE
2.0,AIS 19,,,COCÓ,Fortaleza,,Sim,2026-04-03,,,,12:30:15,77378,4414088.0,,-3.745111551,-38.4757988557,,,cvp,ROUBO A PESSOA,,,,,,,,,,,CAPITAL LESTE
2.0,AIS 20,,,MANOEL SÁTIRO,Fortaleza,,Sim,2026-04-03,,,,13:08:51,77379,4414089.0,,-3.8059543061,-38.5870581671,,,cvp,ROUBO A COLETIVO,,,,,,,,,,,CAPITAL OESTE
2.0,AIS 20,,,PLANALTO AYRTON SENNA,Fortaleza,,Sim,2026-04-03,,,,16:54:58,77380,4414090.0,,-3.8357655278,-38.5730617882,,,cvp,ROUBO A PESSOA,,,,,,,,,,,CAPITAL OESTE
2.0,AIS 19,,,PRAIA DO FUTURO I,Fortaleza,,Sim,2026-04-03,,,,17:13:54,77381,4414091.0,,-3.7489035859,-38.4467844138,,,cvp,ROUBO A PESSOA,,,,,,,,,,,CAPITAL LESTE
2.0,AIS 08,,,MUCURIPE,Fortaleza,,Sim,2026-04-03,,,,19:05:52,77382,4414092.0,,-3.7287355465,-38.4884629378,,,cvp,ROUBO A FARMÁCIA,,,,,,,,,,,CAPITAL LESTE
2.0,,,,PATRIOLINO RIBEIRO,Fortaleza,,Sim,2026-04-03,,,,19:59:22,77383,4414093.0,,-3.762970593,-38.4908352372,,,cvp,ROUBO A PESSOA,,,,,,,,,,,
2.0,AIS 18,,,FARIAS BRITO,Fortaleza,,Sim,2026-04-03,,,,20:02:32,77384,4414094.0,,-3.7292455105,-38.5480910784,,,cvp,ROUBO A PESSOA,,,,,,,,,,,CAPITAL OESTE
2.0,AIS 16,,,PEDRAS,Fortaleza,,Sim,2026-04-03,,,,22:11:03,77385,4414095.0,,-3.8940399552,-38.5134568668,,,cvp,ROUBO A ESTABELECIMENTO COMERCIAL,,,,,,,,,,,CAPITAL LESTE
2.0,,,,PATRIOLINO RIBEIRO,Fortaleza,,Sim,2026-04-04,,,,10:54:22,77386,4414097.0,,-3.7647224866,-38.4826119334,,,cvp,ROUBO A COLETIVO,,,,,,,,,,,
2.0,AIS 21,,,EDSON QUEIROZ,Fortaleza,,Sim,2026-04-04,,,,11:00:33,77387,4414098.0,,-3.7698297523,-38.4816082893,,,cvp,ROUBO A COLETIVO,,,,,,,,,,,CAPITAL OESTE
2.0,AIS 23,,,,Paracuru,,Sim,2026-04-04,,,,19:49:48,77388,4414441.0,,-3.4166981493,-39.03059413,,,cvp,ROUBO A PESSOA,,,,,,,,,,AIS 23,RMF OESTE
2.0,AIS 14,,,,Maracanaú,,Sim,2026-04-04,,,,08:41:08,77389,4414384.0,,-3.8332647149,-38.6309533216,,,cvp,ROUBO A PESSOA,,,,,,,,,,AIS 14,RMF LESTE
2.0,AIS 16,,,CAJAZEIRAS,Fortaleza,,Sim,2026-04-04,,,,20:56:48,77390,4414102.0,,-3.8159666817,-38.5015758864,,,cvp,ROUBO A COLETIVO,,,,,,,,,,,CAPITAL LESTE
2.0,AIS 20,,,MANOEL SÁTIRO,Fortaleza,,Sim,2026-04-04,,,,16:35:50,77391,4414100.0,,-3.809282372,-38.5877566395,,,cvp,ROUBO A COLETIVO,,,,,,,,,,,CAPITAL OESTE
2.0,AIS 08,,,MUCURIPE,Fortaleza,,Sim,2026-04-04,,,,17:59:43,77392,4414101.0,,-3.7289456065,-38.4812227168,,,cvp,ROUBO A PESSOA,,,,,,,,,,,CAPITAL LESTE
2.0,AIS 21,,,PARQUE MANIBURA,Fortaleza,,Sim,2026-04-05,,,,21:40:02,77393,4414119.0,,-3.7947631498,-38.4822489308,,,cvp,ROUBO A PESSOA,,,,,,,,,,,CAPITAL OESTE
2.0,AIS 14,,,,Maracanaú,,Sim,2026-04-05,,,,05:13:15,77394,4414385.0,,-3.8409781537,-38.5951720405,,,cvp,ROUBO A PESSOA,,,,,,,,,,AIS 14,RMF LESTE
2.0,AIS 16,,,PEDRAS,Fortaleza,,Sim,2026-04-05,,,,05:04:06,77395,4414109.0,,-3.873041474,-38.5113653399,,,cvp,ROUBO A PESSOA,,,,,,,,,,,CAPITAL LESTE
2.0,AIS 06,,,QUINTINO CUNHA,Fortaleza,,Sim,2026-04-05,,,,07:58:03,77396,4414112.0,,-3.7309529171,-38.5999025685,,,cvp,ROUBO A PESSOA,,,,,,,,,,,CAPITAL OESTE
2.0,AIS 19,,,PRAIA DO FUTURO I,Fortaleza,,Sim,2026-04-05,,,,14:49:03,77397,4414113.0,,-3.7330209358,-38.4575352858,,,cvp,ROUBO A PESSOA,,,,,,,,,,,CAPITAL LESTE
2.0,AIS 23,,,,Trairi,,Sim,2026-04-05,,,,22:26:24,77398,4414457.0,,-3.2202470274,-39.2688445957,,,cvp,ROUBO A RESIDÊNCIA,,,,,,,,,,AIS 23,RMF OESTE
2.0,AIS 18,,,MONTE CASTELO,Fortaleza,,Sim,2026-04-06,,,,06:37:57,77399,4414124.0,,-3.7243968789,-38.5562704247,,,cvp,ROUBO A PESSOA,,,,,,,,,,,CAPITAL OESTE
2.0,AIS 18,,,CARLITO PAMPLONA,Fortaleza,,Sim,2026-04-06,,,,08:21:33,77400,4414125.0,,-3.7166104853,-38.5573012834,,,cvp,ROUBO A PESSOA,,,,,,,,,,,CAPITAL OESTE
2.0,AIS 08,,,ALDEOTA,Fortaleza,,Sim,2026-04-06,,,,08:36:58,77401,4414126.0,,-3.7358399225,-38.4964459004,,,cvp,ROUBO A PESSOA,,,,,,,,,,,CAPITAL LESTE
2.0,AIS 08,,,ALDEOTA,Fortaleza,,Sim,2026-04-06,,,,18:57:26,77402,4414128.0,,-3.7361904478,-38.5101024235,,,cvp,ROUBO A PESSOA,,,,,,,,,,,CAPITAL LESTE
2.0,AIS 05,,,FÁTIMA,Fortaleza,,Sim,2026-04-06,,,,20:32:17,77403,4414130.0,,-3.7528968367,-38.5225610442,,,cvp,ROUBO A PESSOA,,,,,,,,,,,CAPITAL OESTE
2.0,AIS 16,,,LAGOA REDONDA,Fortaleza,,Sim,2026-04-06,,,,05:00:27,77404,4414123.0,,-3.8260575125,-38.4739762038,,,cvp,ROUBO A PESSOA,,,,,,,,,,,CAPITAL LESTE
2.0,AIS 06,,,GENIBAÚ,Fortaleza,,Sim,2026-04-06,,,,04:39:57,77405,4414122.0,,-3.7553005207,-38.6017265281,,,cvp,ROUBO A PESSOA,,,,,,,,,,,CAPITAL OESTE
2.0,AIS 12,,,,Caucaia,,Sim,2026-04-06,,,,06:16:12,77406,4414023.0,,-3.6915595689,-38.6163063282,,,cvp,ROUBO A PESSOA,,,,,,,,,,AIS 12,RMF OESTE
2.0,AIS 18,,,JARDIM IRACEMA,Fortaleza,,Sim,2026-04-07,,,,23:01:45,77407,4414150.0,,-3.7283850628,-38.5829290829,,,cvp,ROUBO A PESSOA,,,,,,,,,,,CAPITAL OESTE
2.0,AIS 18,,,CENTRO,Fortaleza,,Sim,2026-04-07,,,,21:18:51,77408,4414148.0,,-3.7356269478,-38.5260650521,,,cvp,ROUBO A PESSOA,,,,,,,,,,,CAPITAL OESTE
2.0,AIS 07,,,,Crateús,,Sim,2026-04-07,,,,07:04:50,77409,4414426.0,,-5.1762262896,-40.6646682759,,,cvp,ROUBO A PESSOA,,,,,,,,,,AIS 07,NORTE
2.0,AIS 08,,,ALDEOTA,Fortaleza,,Sim,2026-04-07,,,,19:48:33,77410,4414145.0,,-3.7395191024,-38.5031350327,,,cvp,ROUBO A PESSOA,,,,,,,,,,,CAPITAL LESTE
2.0,AIS 20,,,PREFEITO JOSÉ WALTER,Fortaleza,,Sim,2026-04-07,,,,19:29:26,77411,4414144.0,,-3.8327141165,-38.537691948,,,cvp,ROUBO A PESSOA,,,,,,,,,,,CAPITAL OESTE
2.0,AIS 18,,,PRESIDENTE KENNEDY,Fortaleza,,Sim,2026-04-07,,,,20:58:15,77412,4414147.0,,-3.7220703305,-38.5682155706,,,cvp,ROUBO A PESSOA,,,,,,,,,,,CAPITAL OESTE
2.0,AIS 31,,,,Deputado Irapuan Pinheiro,,Sim,2026-04-07,,,,20:18:20,77413,4414429.0,,-5.9177008326,-39.2665958373,,,cvp,ROUBO A RESIDÊNCIA,,,,,,,,,,AIS 31,SUDESTE
2.0,AIS 06,,,PARQUELÂNDIA,Fortaleza,,Sim,2026-04-07,,,,08:04:06,77414,4414138.0,,-3.7400695445,-38.5599582499,,,cvp,ROUBO A PESSOA,,,,,,,,,,,CAPITAL OESTE
2.0,AIS 18,,,CENTRO,Fortaleza,,Sim,2026-04-07,,,,09:43:41,77415,4414140.0,,-3.7316469986,-38.5319949073,,,cvp,ROUBO A PESSOA,,,,,,,,,,,CAPITAL OESTE
2.0,AIS 05,,,MARAPONGA,Fortaleza,,Sim,2026-04-07,,,,14:48:38,77416,4414141.0,,-3.7948639169,-38.5700920387,,,cvp,ROUBO A PESSOA,,,,,,,,,,,CAPITAL OESTE
2.0,AIS 16,,,CAJAZEIRAS,Fortaleza,,Sim,2026-04-07,,,,18:02:26,77417,4414142.0,,-3.7926307267,-38.5085805667,,,cvp,ROUBO A PESSOA,,,,,,,,,,,CAPITAL LESTE
2.0,AIS 08,,,VICENTE PINZÓN,Fortaleza,,Sim,2026-04-07,,,,02:38:28,77418,4414134.0,,-3.7258989099,-38.4634732157,,,cvp,ROUBO A MOTEL,,,,,,,,,,,CAPITAL LESTE
2.0,AIS 08,,,VARJOTA,Fortaleza,,Sim,2026-04-07,,,,05:59:17,77419,4414135.0,,-3.734508588,-38.4844074468,,,cvp,ROUBO A PESSOA,,,,,,,,,,,CAPITAL LESTE
2.0,AIS 25,,,,Itaitinga,,Sim,2026-04-08,,,,15:11:03,77420,4414377.0,,-3.8883119355,-38.5184827391,,,cvp,ROUBO A PESSOA C/ CONSTRANGIMENTO DA LIBERDADE,,,,,,,,,,AIS 25,RMF LESTE
2.0,AIS 16,,,MESSEJANA,Fortaleza,,Sim,2026-04-08,,,,22:55:42,77421,4414171.0,,-3.8309981607,-38.4886801418,,,cvp,ROUBO A PESSOA,,,,,,,,,,,CAPITAL LESTE
2.0,AIS 24,,,,Aquiraz,,Sim,2026-04-08,,,,17:11:42,77422,4414014.0,,-3.8447605686,-38.3926267713,,,cvp,ROUBO A PESSOA,,,,,,,,,,AIS 24,RMF LESTE
2.0,AIS 24,,,,Eusébio,,Sim,2026-04-08,,,,13:48:22,77423,4414045.0,,-3.8943448117,-38.4444592911,,,cvp,ROUBO A RESIDÊNCIA,,,,,,,,,,AIS 24,RMF LESTE
2.0,AIS 08,,,VICENTE PINZÓN,Fortaleza,,Sim,2026-04-08,,,,01:54:48,77424,4414154.0,,-3.7321463881,-38.4624933409,,,cvp,ROUBO A COLETIVO,,,,,,,,,,,CAPITAL LESTE
2.0,AIS 08,,,VICENTE PINZÓN,Fortaleza,,Sim,2026-04-08,,,,01:56:43,77425,4414155.0,,-3.7255256801,-38.4629309651,,,cvp,ROUBO A PESSOA,,,,,,,,,,,CAPITAL LESTE
2.0,AIS 08,,,ALDEOTA,Fortaleza,,Sim,2026-04-08,,,,04:49:19,77426,4414157.0,,-3.7343918294,-38.4978513874,,,cvp,ROUBO A FARMÁCIA,,,,,,,,,,,CAPITAL LESTE
2.0,AIS 05,,,PARANGABA,Fortaleza,,Sim,2026-04-08,,,,08:08:08,77427,4414159.0,,-3.778395567,-38.5650521549,,,cvp,ROUBO A PESSOA,,,,,,,,,,,CAPITAL OESTE
2.0,AIS 18,,,CENTRO,Fortaleza,,Sim,2026-04-08,,,,11:47:42,77428,4414161.0,,-3.7294090138,-38.5327867647,,,cvp,ROUBO A PESSOA,,,,,,,,,,,CAPITAL OESTE
2.0,AIS 16,,,JOSÉ DE ALENCAR,Fortaleza,,Sim,2026-04-08,,,,12:31:34,77429,4414162.0,,-3.8112961552,-38.4780533609,,,cvp,ROUBO A COLETIVO,,,,,,,,,,,CAPITAL LESTE
2.0,,,,PATRIOLINO RIBEIRO,Fortaleza,,Sim,2026-04-08,,,,12:44:07,77430,4414163.0,,-3.7655242531,-38.4845401198,,,cvp,ROUBO A PESSOA,,,,,,,,,,,
2.0,AIS 16,,,MESSEJANA,Fortaleza,,Sim,2026-04-08,,,,13:12:09,77431,4414164.0,,-3.8289571879,-38.5001754599,,,cvp,ROUBO A PESSOA,,,,,,,,,,,CAPITAL LESTE
2.0,AIS 18,,,CENTRO,Fortaleza,,Sim,2026-04-08,,,,13:49:48,77432,4414165.0,,-3.7257397394,-38.5340505315,,,cvp,ROUBO A PESSOA,,,,,,,,,,,CAPITAL OESTE
2.0,AIS 18,,,ÁLVARO WEYNE,Fortaleza,,Sim,2026-04-08,,,,18:02:31,77433,4414167.0,,-3.7156612484,-38.5604280313,,,cvp,ROUBO A PESSOA,,,,,,,,,,,CAPITAL OESTE
2.0,AIS 18,,,CENTRO,Fortaleza,,Sim,2026-04-08,,,,22:07:17,77434,4414170.0,,-3.7223755973,-38.5378729895,,,cvp,ROUBO A PESSOA,,,,,,,,,,,CAPITAL OESTE
2.0,AIS 06,,,JÓQUEI CLUBE,Fortaleza,,Sim,2026-04-09,,,,07:58:33,77435,4414176.0,,-3.7682634536,-38.5772472244,,,cvp,ROUBO A PESSOA,,,,,,,,,,,CAPITAL OESTE
2.0,AIS 22,,,PASSARÉ,Fortaleza,,Sim,2026-04-09,,,,14:48:57,77436,4414180.0,,-3.8038236657,-38.5365360608,,,cvp,ROUBO A PESSOA,,,,,,,,,,,CAPITAL LESTE
2.0,,,,JANGURURSSU,Fortaleza,,Sim,2026-04-09,,,,04:46:57,77437,4414174.0,,-3.8470985083,-38.5148130281,,,cvp,ROUBO A PESSOA,,,,,,,,,,,
2.0,AIS 22,,,CASTELÃO,Fortaleza,,Sim,2026-04-09,,,,07:33:13,77438,4414175.0,,-3.8017243685,-38.5167537821,,,cvp,ROUBO A PESSOA,,,,,,,,,,,CAPITAL LESTE
2.0,AIS 20,,,MANOEL SÁTIRO,Fortaleza,,Sim,2026-04-09,,,,14:34:06,77439,4414179.0,,-3.8066098855,-38.5847364038,,,cvp,ROUBO A RESIDÊNCIA,,,,,,,,,,,CAPITAL OESTE
2.0,AIS 06,,,JÓQUEI CLUBE,Fortaleza,,Sim,2026-04-09,,,,21:32:29,77440,4414183.0,,-3.7662839235,-38.5736763809,,,cvp,ROUBO A PESSOA,,,,,,,,,,,CAPITAL OESTE
2.0,AIS 12,,,,Caucaia,,Sim,2026-04-09,,,,14:31:51,77441,4414027.0,,-3.7308748641,-38.7623381183,,,cvp,ROUBO A PESSOA,,,,,,,,,,AIS 12,RMF OESTE
2.0,AIS 19,,,PRAIA DO FUTURO I,Fortaleza,,Sim,2026-04-09,,,,18:50:18,77442,4414182.0,,-3.7480687432,-38.4534813139,,,cvp,ROUBO A PESSOA,,,,,,,,,,,CAPITAL LESTE
2.0,AIS 06,,,DOM LUSTOSA,Fortaleza,,Sim,2026-04-09,,,,15:41:30,77443,4414181.0,,-3.7463840524,-38.5853339993,,,cvp,ROUBO A PESSOA C/ CONSTRANGIMENTO DA LIBERDADE,,,,,,,,,,,CAPITAL OESTE
2.0,AIS 11,,,,Croatá,,Sim,2026-04-09,,,,21:37:55,77444,4414428.0,,-4.4164210003,-40.9072758335,,,cvp,ROUBO A PESSOA,,,,,,,,,,AIS 11,NORDESTE
2.0,AIS 12,,,,Caucaia,,Sim,2026-04-09,,,,14:40:23,77445,4414028.0,,-3.7718744721,-38.6547488339,,,cvp,ROUBO A ESTABELECIMENTO COMERCIAL,,,,,,,,,,AIS 12,RMF OESTE
2.0,AIS 25,,,,Itaitinga,,Sim,2026-04-09,,,,01:02:54,77446,4414378.0,,-3.9734449558,-38.5406830054,,,cvp,ROUBO A PESSOA,,,,,,,,,,AIS 25,RMF LESTE
2.0,AIS 21,,,EDSON QUEIROZ,Fortaleza,,Sim,2026-04-10,,,,15:07:57,77447,4414199.0,,-3.7642533814,-38.4808744744,,,cvp,ROUBO A PESSOA,,,,,,,,,,,CAPITAL OESTE
2.0,AIS 05,,,BENFICA,Fortaleza,,Sim,2026-04-10,,,,04:35:44,77448,4414187.0,,-3.7386601561,-38.5390387988,,,cvp,ROUBO A PESSOA,,,,,,,,,,,CAPITAL OESTE
2.0,AIS 08,,,ALDEOTA,Fortaleza,,Sim,2026-04-10,,,,05:05:18,77449,4414188.0,,-3.7328603909,-38.5015950749,,,cvp,ROUBO A CONDOMÍNIO,,,,,,,,,,,CAPITAL LESTE
2.0,AIS 16,,,MESSEJANA,Fortaleza,,Sim,2026-04-10,,,,08:24:11,77450,4414191.0,,-3.8231723058,-38.4857346799,,,cvp,ROUBO A PESSOA,,,,,,,,,,,CAPITAL LESTE
2.0,AIS 16,,,GUAJERU,Fortaleza,,Sim,2026-04-10,,,,08:46:47,77451,4414192.0,,-3.8299039053,-38.4803129785,,,cvp,ROUBO A PESSOA,,,,,,,,,,,CAPITAL LESTE
2.0,AIS 06,,,HENRIQUE JORGE,Fortaleza,,Sim,2026-04-10,,,,11:06:10,77452,4414194.0,,-3.7620028803,-38.5862683667,,,cvp,ROUBO A PESSOA,,,,,,,,,,,CAPITAL OESTE
2.0,AIS 08,,,ALDEOTA,Fortaleza,,Sim,2026-04-10,,,,12:08:25,77453,4414195.0,,-3.7310419507,-38.5120709715,,,cvp,ROUBO A FARMÁCIA,,,,,,,,,,,CAPITAL LESTE
2.0,,,,PRAIA DO FURUTO II,Fortaleza,,Sim,2026-04-10,,,,12:31:37,77454,4414196.0,,-3.7495454376,-38.4469305295,,,cvp,ROUBO A PESSOA,,,,,,,,,,,
2.0,,,,GENTILÂNDIA,Fortaleza,,Sim,2026-04-10,,,,13:23:14,77455,4414197.0,,-3.745126513,-38.5414507106,,,cvp,ROUBO A PESSOA,,,,,,,,,,,
2.0,,,,PRAIA DO FURUTO II,Fortaleza,,Sim,2026-04-10,,,,14:14:32,77456,4414198.0,,-3.7587812831,-38.4438064497,,,cvp,ROUBO A PESSOA,,,,,,,,,,,
2.0,AIS 08,,,MEIRELES,Fortaleza,,Sim,2026-04-10,,,,20:01:22,77457,4414201.0,,-3.7233386851,-38.5094845714,,,cvp,ROUBO A PESSOA,,,,,,,,,,,CAPITAL LESTE
2.0,AIS 05,,,BENFICA,Fortaleza,,Sim,2026-04-10,,,,22:18:41,77458,4414203.0,,-3.7389888625,-38.53740503,,,cvp,ROUBO A PESSOA,,,,,,,,,,,CAPITAL OESTE
2.0,AIS 30,,,,Tauá,,Sim,2026-04-10,,,,02:18:27,77459,4414455.0,,-5.9995140837,-40.2949520106,,,cvp,ROUBO A RESIDÊNCIA,,,,,,,,,,AIS 30,SUDESTE
2.0,AIS 16,,,MESSEJANA,Fortaleza,,Sim,2026-04-11,,,,20:32:52,77460,4414217.0,,-3.8220290489,-38.4979991387,,,cvp,ROUBO A PESSOA,,,,,,,,,,,CAPITAL LESTE
2.0,AIS 05,,,VILA UNIĂO,Fortaleza,,Sim,2026-04-11,,,,22:20:31,77461,4414219.0,,-3.7630452033,-38.5328262008,,,cvp,ROUBO A PESSOA,,,,,,,,,,,CAPITAL OESTE
2.0,AIS 05,,,MONTESE,Fortaleza,,Sim,2026-04-11,,,,00:08:49,77462,4414205.0,,-3.7662148492,-38.5546554288,,,cvp,ROUBO A PESSOA C/ CONSTRANGIMENTO DA LIBERDADE,,,,,,,,,,,CAPITAL OESTE
2.0,AIS 20,,,MANOEL SÁTIRO,Fortaleza,,Sim,2026-04-11,,,,18:36:38,77463,4414213.0,,-3.8092374514,-38.5884086254,,,cvp,ROUBO A PESSOA,,,,,,,,,,,CAPITAL OESTE
2.0,AIS 08,,,MEIRELES,Fortaleza,,Sim,2026-04-11,,,,16:24:40,77464,4414212.0,,-3.7280043335,-38.5009055706,,,cvp,ROUBO A PESSOA,,,,,,,,,,,CAPITAL LESTE
2.0,AIS 20,,,PREFEITO JOSÉ WALTER,Fortaleza,,Sim,2026-04-11,,,,13:51:37,77465,4414211.0,,-3.8330229557,-38.5543320612,,,cvp,ROUBO A PESSOA,,,,,,,,,,,CAPITAL OESTE
2.0,AIS 18,,,CENTRO,Fortaleza,,Sim,2026-04-11,,,,22:59:42,77466,4414220.0,,-3.7281620128,-38.5188719643,,,cvp,ROUBO A PESSOA,,,,,,,,,,,CAPITAL OESTE
2.0,AIS 11,,,,Tianguá,,Sim,2026-04-11,,,,10:49:49,77467,4414456.0,,-3.7286928726,-40.9900286001,,,cvp,ROUBO A RESIDÊNCIA,,,,,,,,,,AIS 11,NORDESTE
2.0,AIS 19,,,COCÓ,Fortaleza,,Sim,2026-04-11,,,,11:00:41,77468,4414210.0,,-3.7444503356,-38.4884559069,,,cvp,ROUBO A FARMÁCIA,,,,,,,,,,,CAPITAL LESTE
2.0,AIS 06,,,JOÃO XXIII,Fortaleza,,Sim,2026-04-11,,,,20:04:12,77469,4414216.0,,-3.7682826346,-38.5828601095,,,cvp,ROUBO A PESSOA,,,,,,,,,,,CAPITAL OESTE
2.0,AIS 06,,,PARQUELÂNDIA,Fortaleza,,Sim,2026-04-11,,,,03:07:44,77470,4414207.0,,-3.7402984922,-38.5604516392,,,cvp,ROUBO A PESSOA,,,,,,,,,,,CAPITAL OESTE
2.0,AIS 15,,,,Guaiúba,,Sim,2026-04-11,,,,13:19:43,77471,4414372.0,,-4.0419731568,-38.6332142266,,,cvp,ROUBO A PESSOA,,,,,,,,,,AIS 15,RMF LESTE
2.0,AIS 24,,,,Eusébio,,Sim,2026-04-11,,,,00:34:33,77472,4414047.0,,-3.8886173547,-38.4543398644,,,cvp,ROUBO A PESSOA,,,,,,,,,,AIS 24,RMF LESTE
2.0,AIS 27,,,,Camocim,,Sim,2026-04-11,,,,10:53:02,77473,4414422.0,,-2.9026636978,-40.8435917452,,,cvp,ROUBO A PESSOA,,,,,,,,,,AIS 27,NORTE
2.0,AIS 28,,,,Acarape,,Sim,2026-04-11,,,,19:46:40,77474,4414417.0,,-4.2229239388,-38.7079089315,,,cvp,ROUBO A PESSOA,,,,,,,,,,AIS 28,NORTE
2.0,AIS 24,,,,Aquiraz,,Sim,2026-04-12,,,,13:59:19,77475,4414015.0,,-3.942307733,-38.2920328336,,,cvp,ROUBO A PESSOA,,,,,,,,,,AIS 24,RMF LESTE
2.0,AIS 07,,,,Ipu,,Sim,2026-04-12,,,,17:42:33,77476,4414435.0,,-4.3343798041,-40.7238968174,,,cvp,ROUBO A PESSOA,,,,,,,,,,AIS 07,NORTE
2.0,AIS 12,,,,Caucaia,,Sim,2026-04-12,,,,04:02:58,77477,4414033.0,,-3.7743116659,-38.6222188422,,,cvp,ROUBO A PESSOA,,,,,,,,,,AIS 12,RMF OESTE
2.0,AIS 12,,,,Caucaia,,Sim,2026-04-12,,,,02:45:26,77478,4414032.0,,-3.7295129437,-38.6439416269,,,cvp,ROUBO A POSTO DE GASOLINA,,,,,,,,,,AIS 12,RMF OESTE
2.0,AIS 18,,,VILA VELHA,Fortaleza,,Sim,2026-04-12,,,,08:00:57,77479,4414228.0,,-3.7202052167,-38.5958859822,,,cvp,ROUBO A FARMÁCIA,,,,,,,,,,,CAPITAL OESTE
2.0,AIS 18,,,CENTRO,Fortaleza,,Sim,2026-04-12,,,,02:34:49,77480,4414222.0,,-3.7307216011,-38.5316225732,,,cvp,ROUBO A PESSOA,,,,,,,,,,,CAPITAL OESTE
2.0,AIS 16,,,MESSEJANA,Fortaleza,,Sim,2026-04-12,,,,05:00:27,77481,4414223.0,,-3.8282940127,-38.4886065434,,,cvp,ROUBO A PESSOA,,,,,,,,,,,CAPITAL LESTE
2.0,AIS 16,,,MESSEJANA,Fortaleza,,Sim,2026-04-12,,,,05:30:25,77482,4414224.0,,-3.8299954106,-38.500860604,,,cvp,ROUBO A PESSOA,,,,,,,,,,,CAPITAL LESTE
2.0,AIS 16,,,MESSEJANA,Fortaleza,,Sim,2026-04-12,,,,05:48:06,77483,4414225.0,,-3.8344114729,-38.4980541618,,,cvp,ROUBO A PESSOA,,,,,,,,,,,CAPITAL LESTE
2.0,AIS 18,,,CENTRO,Fortaleza,,Sim,2026-04-12,,,,06:08:19,77484,4414226.0,,-3.7365646554,-38.5246110685,,,cvp,ROUBO A PESSOA C/ CONSTRANGIMENTO DA LIBERDADE,,,,,,,,,,,CAPITAL OESTE
2.0,AIS 14,,,,Maracanaú,,Sim,2026-04-12,,,,02:52:05,77485,4414391.0,,-3.8379798154,-38.5965139935,,,cvp,ROUBO A RESIDÊNCIA,,,,,,,,,,AIS 14,RMF LESTE
2.0,AIS 18,,,CENTRO,Fortaleza,,Sim,2026-04-12,,,,11:26:07,77486,4414229.0,,-3.7253059073,-38.5307373313,,,cvp,ROUBO A PESSOA,,,,,,,,,,,CAPITAL OESTE
2.0,AIS 14,,,,Maracanaú,,Sim,2026-04-12,,,,05:44:52,77487,4414392.0,,-3.8745217788,-38.5997118025,,,cvp,ROUBO A PESSOA,,,,,,,,,,AIS 14,RMF LESTE
2.0,AIS 18,,,CENTRO,Fortaleza,,Sim,2026-04-12,,,,12:39:45,77488,4414230.0,,-3.7243062486,-38.5258421107,,,cvp,ROUBO A ESTABELECIMENTO COMERCIAL,,,,,,,,,,,CAPITAL OESTE
2.0,AIS 08,,,VICENTE PINZÓN,Fortaleza,,Sim,2026-04-12,,,,15:46:16,77489,4414234.0,,-3.7236945718,-38.465303785,,,cvp,ROUBO A PESSOA,,,,,,,,,,,CAPITAL LESTE
2.0,AIS 18,,,JACARECANGA,Fortaleza,,Sim,2026-04-12,,,,19:06:22,77490,4414235.0,,-3.7196770504,-38.5487956713,,,cvp,ROUBO A FARMÁCIA,,,,,,,,,,,CAPITAL OESTE
2.0,AIS 08,,,PRAIA DE IRACEMA,Fortaleza,,Sim,2026-04-12,,,,21:14:38,77491,4414237.0,,-3.7197589898,-38.5116765419,,,cvp,ROUBO A PESSOA,,,,,,,,,,,CAPITAL LESTE
2.0,AIS 21,,,ENGENHEIRO LUCIANO CAVALCANTE,Fortaleza,,Sim,2026-04-12,,,,21:48:29,77492,4414239.0,,-3.7701852366,-38.4976756907,,,cvp,ROUBO A PESSOA,,,,,,,,,,,CAPITAL LESTE
2.0,AIS 14,,,,Maracanaú,,Sim,2026-04-13,,,,01:13:03,77493,4414393.0,,-3.8395178115,-38.5932164043,,,cvp,ROUBO A RESIDÊNCIA,,,,,,,,,,AIS 14,RMF LESTE
2.0,AIS 18,,,SÃO GERARDO,Fortaleza,,Sim,2026-04-13,,,,16:29:04,77494,4414244.0,,-3.7342729541,-38.5606141256,,,cvp,ROUBO A PESSOA,,,,,,,,,,,CAPITAL OESTE
2.0,AIS 18,,,JACARECANGA,Fortaleza,,Sim,2026-04-13,,,,02:06:07,77495,4414241.0,,-3.7244288439,-38.5453660834,,,cvp,ROUBO A PESSOA,,,,,,,,,,,CAPITAL OESTE
2.0,AIS 05,,,BOM FUTURO,Fortaleza,,Sim,2026-04-13,,,,20:23:03,77496,4414245.0,,-3.7562787351,-38.5462506898,,,cvp,ROUBO A PESSOA,,,,,,,,,,,CAPITAL OESTE
2.0,AIS 12,,,,Caucaia,,Sim,2026-04-13,,,,17:26:53,77497,4414034.0,,-3.7698181114,-38.6252401042,,,cvp,ROUBO A PESSOA,,,,,,,,,,AIS 12,RMF OESTE
2.0,AIS 29,,,,Aracati,,Sim,2026-04-14,,,,07:33:00,77498,4414419.0,,-4.574164499,-37.7307180595,,,cvp,ROUBO A PESSOA,,,,,,,,,,AIS 29,NORDESTE
2.0,AIS 24,,,,Aquiraz,,Sim,2026-04-14,,,,10:13:50,77499,4414016.0,,-3.9441665899,-38.276777681,,,cvp,ROUBO A PESSOA,,,,,,,,,,AIS 24,RMF LESTE
2.0,AIS 22,,,DIAS MACÊDO,Fortaleza,,Sim,2026-04-14,,,,12:47:10,77500,4414255.0,,-3.7822626359,-38.5145405793,,,cvp,ROUBO A PESSOA,,,,,,,,,,,CAPITAL LESTE
2.0,AIS 06,,,RODOLFO TEÓFILO,Fortaleza,,Sim,2026-04-14,,,,09:15:52,77501,4414251.0,,-3.7471056909,-38.5530471705,,,cvp,ROUBO A PESSOA,,,,,,,,,,,CAPITAL OESTE
2.0,AIS 21,,,CAMBEBA,Fortaleza,,Sim,2026-04-14,,,,21:07:13,77502,4414262.0,,-3.8126305966,-38.4834112325,,,cvp,ROUBO A PESSOA,,,,,,,,,,,CAPITAL OESTE
2.0,AIS 21,,,EDSON QUEIROZ,Fortaleza,,Sim,2026-04-14,,,,21:23:07,77503,4414263.0,,-3.7642039867,-38.4808736031,,,cvp,ROUBO A COLETIVO,,,,,,,,,,,CAPITAL OESTE
2.0,AIS 17,,,BOM JARDIM,Fortaleza,,Sim,2026-04-14,,,,05:35:53,77504,4414249.0,,-3.7936729639,-38.597921519,,,cvp,ROUBO A RESIDÊNCIA,,,,,,,,,,,CAPITAL OESTE
2.0,AIS 05,,,FÁTIMA,Fortaleza,,Sim,2026-04-14,,,,06:27:53,77505,4414250.0,,-3.7442797334,-38.5241736552,,,cvp,ROUBO A PESSOA,,,,,,,,,,,CAPITAL OESTE
2.0,AIS 21,,,EDSON QUEIROZ,Fortaleza,,Sim,2026-04-14,,,,20:17:45,77506,4414261.0,,-3.7683922018,-38.4777469477,,,cvp,ROUBO A COLETIVO,,,,,,,,,,,CAPITAL OESTE
2.0,AIS 19,,,COCÓ,Fortaleza,,Sim,2026-04-14,,,,18:19:45,77507,4414259.0,,-3.7452133983,-38.4905964304,,,cvp,ROUBO A PESSOA,,,,,,,,,,,CAPITAL LESTE
2.0,AIS 21,,,CAMBEBA,Fortaleza,,Sim,2026-04-14,,,,17:14:53,77508,4414258.0,,-3.8137009329,-38.4825765301,,,cvp,ROUBO A PESSOA,,,,,,,,,,,CAPITAL OESTE
2.0,AIS 20,,,PARQUE DOIS IRMĂOS,Fortaleza,,Sim,2026-04-14,,,,17:07:58,77509,4414257.0,,-3.8086162845,-38.5492671227,,,cvp,ROUBO A ESTABELECIMENTO COMERCIAL,,,,,,,,,,,CAPITAL OESTE
2.0,AIS 21,,,AEROLÂNDIA,Fortaleza,,Sim,2026-04-14,,,,13:00:19,77510,4414256.0,,-3.7810534516,-38.5133842644,,,cvp,ROUBO A PESSOA,,,,,,,,,,,CAPITAL OESTE
2.0,AIS 18,,,CENTRO,Fortaleza,,Sim,2026-04-14,,,,09:51:23,77511,4414252.0,,-3.7263122246,-38.5332264199,,,cvp,ROUBO A PESSOA,,,,,,,,,,,CAPITAL OESTE
2.0,AIS 23,,,,Trairi,,Sim,2026-04-14,,,,21:37:08,77512,4414458.0,,-3.3197726771,-39.4239942499,,,cvp,ROUBO A PESSOA,,,,,,,,,,AIS 23,RMF OESTE
2.0,AIS 06,,,ANTÔNIO BEZERRA,Fortaleza,,Sim,2026-04-15,,,,19:19:05,77513,4414275.0,,-3.7397267687,-38.5930247311,,,cvp,ROUBO A COLETIVO,,,,,,,,,,,CAPITAL OESTE
2.0,AIS 16,,,MESSEJANA,Fortaleza,,Sim,2026-04-15,,,,20:18:56,77514,4414277.0,,-3.8328861469,-38.4937911461,,,cvp,ROUBO A PESSOA,,,,,,,,,,,CAPITAL LESTE
2.0,AIS 01,,,,Quixeramobim,,Sim,2026-04-15,,,,22:30:33,77515,4414443.0,,-5.2057024337,-39.3111887572,,,cvp,ROUBO A RESIDÊNCIA,,,,,,,,,,AIS 01,SUDESTE
2.0,,,,PRAIA DO FURUTO II,Fortaleza,,Sim,2026-04-15,,,,15:37:49,77516,4414272.0,,-3.7622119075,-38.440722829,,,cvp,ROUBO A PESSOA,,,,,,,,,,,
2.0,AIS 14,,,,Maracanaú,,Sim,2026-04-15,,,,20:42:58,77517,4414398.0,,-3.853611206,-38.6418633335,,,cvp,ROUBO A PESSOA,,,,,,,,,,AIS 14,RMF LESTE
2.0,AIS 22,,,DIAS MACÊDO,Fortaleza,,Sim,2026-04-15,,,,11:49:11,77518,4414270.0,,-3.782209454,-38.5144009272,,,cvp,ROUBO A PESSOA,,,,,,,,,,,CAPITAL LESTE
2.0,AIS 17,,,CANINDEZINHO,Fortaleza,,Sim,2026-04-15,,,,05:24:50,77519,4414266.0,,-3.8075594165,-38.5988052684,,,cvp,ROUBO A PESSOA,,,,,,,,,,,CAPITAL OESTE
2.0,AIS 18,,,VILA VELHA,Fortaleza,,Sim,2026-04-15,,,,10:12:55,77520,4414267.0,,-3.7202052167,-38.5958859822,,,cvp,ROUBO A ESTABELECIMENTO COMERCIAL,,,,,,,,,,,CAPITAL OESTE
2.0,AIS 20,,,MONDUBIM,Fortaleza,,Sim,2026-04-15,,,,10:51:40,77521,4414268.0,,-3.8215840056,-38.5588294515,,,cvp,ROUBO A PESSOA,,,,,,,,,,,CAPITAL OESTE
2.0,AIS 08,,,ALDEOTA,Fortaleza,,Sim,2026-04-15,,,,11:14:35,77522,4414269.0,,-3.736897073,-38.5016035144,,,cvp,ROUBO A PESSOA,,,,,,,,,,,CAPITAL LESTE
2.0,AIS 12,,,,Caucaia,,Sim,2026-04-16,,,,12:54:55,77523,4414036.0,,-3.7277856721,-38.6616044672,,,cvp,ROUBO A PESSOA,,,,,,,,,,AIS 12,RMF OESTE
2.0,AIS 17,,,BOM JARDIM,Fortaleza,,Sim,2026-04-16,,,,00:34:20,77524,4414279.0,,-3.7938435942,-38.5991075477,,,cvp,ROUBO A RESIDÊNCIA,,,,,,,,,,,CAPITAL OESTE
2.0,AIS 08,,,MEIRELES,Fortaleza,,Sim,2026-04-16,,,,00:45:25,77525,4414280.0,,-3.7198745763,-38.5111358921,,,cvp,ROUBO A PESSOA,,,,,,,,,,,CAPITAL LESTE
2.0,AIS 05,,,AEROPORTO,Fortaleza,,Sim,2026-04-16,,,,01:27:39,77526,4414282.0,,-3.7819935512,-38.5162467183,,,cvp,ROUBO A PESSOA C/ CONSTRANGIMENTO DA LIBERDADE,,,,,,,,,,,CAPITAL OESTE
2.0,AIS 21,,,CIDADE DOS FUNCIONÁRIOS,Fortaleza,,Sim,2026-04-16,,,,01:39:06,77527,4414283.0,,-3.7950778626,-38.4964183466,,,cvp,ROUBO A PESSOA,,,,,,,,,,,CAPITAL OESTE
2.0,AIS 18,,,CENTRO,Fortaleza,,Sim,2026-04-16,,,,04:10:33,77528,4414285.0,,-3.7288869805,-38.5196465723,,,cvp,ROUBO A PESSOA,,,,,,,,,,,CAPITAL OESTE
2.0,AIS 18,,,VILA VELHA,Fortaleza,,Sim,2026-04-16,,,,18:38:09,77529,4414290.0,,-3.715647363,-38.597790523,,,cvp,ROUBO A PESSOA,,,,,,,,,,,CAPITAL OESTE
2.0,AIS 16,,,LAGOA REDONDA,Fortaleza,,Sim,2026-04-16,,,,12:13:33,77530,4414288.0,,-3.8206771782,-38.4578792062,,,cvp,ROUBO A PESSOA,,,,,,,,,,,CAPITAL LESTE
2.0,AIS 16,,,GUAJERU,Fortaleza,,Sim,2026-04-16,,,,13:13:46,77531,4414289.0,,-3.829844398,-38.478118886,,,cvp,ROUBO A PESSOA,,,,,,,,,,,CAPITAL LESTE
2.0,AIS 06,,,PICI,Fortaleza,,Sim,2026-04-16,,,,11:03:59,77532,4414287.0,,-3.7481699986,-38.5840859664,,,cvp,ROUBO A PESSOA,,,,,,,,,,,CAPITAL OESTE
2.0,AIS 12,,,,Caucaia,,Sim,2026-04-16,,,,17:49:31,77533,4414037.0,,-3.7715430934,-38.6301850635,,,cvp,ROUBO A RESIDÊNCIA,,,,,,,,,,AIS 12,RMF OESTE
2.0,AIS 05,,,BENFICA,Fortaleza,,Sim,2026-04-16,,,,10:11:23,77534,4414286.0,,-3.7417170011,-38.5355967316,,,cvp,ROUBO A COLETIVO,,,,,,,,,,,CAPITAL OESTE
2.0,AIS 24,,,,Eusébio,,Sim,2026-04-16,,,,09:54:00,77535,4414048.0,,-3.9200319714,-38.5031097411,,,cvp,ROUBO A PESSOA,,,,,,,,,,AIS 24,RMF LESTE
2.0,AIS 27,,,,Acaraú,,Sim,2026-04-16,,,,19:14:43,77536,4414418.0,,-2.8852546618,-40.1128201833,,,cvp,ROUBO A PESSOA,,,,,,,,,,AIS 27,NORTE
2.0,AIS 08,,,ALDEOTA,Fortaleza,,Sim,2026-04-17,,,,14:06:20,77537,4414305.0,,-3.7429027325,-38.5001664486,,,cvp,ROUBO A PESSOA,,,,,,,,,,,CAPITAL LESTE
2.0,AIS 18,,,PRESIDENTE KENNEDY,Fortaleza,,Sim,2026-04-17,,,,21:36:15,77538,4414308.0,,-3.7292621992,-38.5717912755,,,cvp,ROUBO A PESSOA,,,,,,,,,,,CAPITAL OESTE
2.0,AIS 05,,,JOSÉ BONIFÁCIO,Fortaleza,,Sim,2026-04-17,,,,13:43:54,77539,4414304.0,,-3.7421939253,-38.533192996,,,cvp,ROUBO A PESSOA C/ CONSTRANGIMENTO DA LIBERDADE,,,,,,,,,,,CAPITAL OESTE
2.0,AIS 08,,,ALDEOTA,Fortaleza,,Sim,2026-04-17,,,,11:23:45,77540,4414302.0,,-3.7369274382,-38.4921086316,,,cvp,ROUBO A FARMÁCIA,,,,,,,,,,,CAPITAL LESTE
2.0,AIS 21,,,CIDADE DOS FUNCIONÁRIOS,Fortaleza,,Sim,2026-04-17,,,,09:00:10,77541,4414301.0,,-3.7976245981,-38.5011441456,,,cvp,ROUBO A ESTABELECIMENTO COMERCIAL,,,,,,,,,,,CAPITAL OESTE
2.0,AIS 05,,,MONTESE,Fortaleza,,Sim,2026-04-17,,,,06:14:43,77542,4414300.0,,-3.7646284966,-38.5509211788,,,cvp,ROUBO A PESSOA,,,,,,,,,,,CAPITAL OESTE
2.0,AIS 05,,,PARANGABA,Fortaleza,,Sim,2026-04-17,,,,05:08:04,77543,4414299.0,,-3.7794195406,-38.5724590378,,,cvp,ROUBO A PESSOA,,,,,,,,,,,CAPITAL OESTE
2.0,AIS 08,,,MEIRELES,Fortaleza,,Sim,2026-04-17,,,,02:55:27,77544,4414296.0,,-3.728933864,-38.4958337783,,,cvp,ROUBO A PESSOA,,,,,,,,,,,CAPITAL LESTE
2.0,AIS 19,,,JOAQUIM TÁVORA,Fortaleza,,Sim,2026-04-17,,,,00:54:05,77545,4414295.0,,-3.7520909628,-38.5151830989,,,cvp,ROUBO A ESTABELECIMENTO COMERCIAL,,,,,,,,,,,CAPITAL LESTE
2.0,AIS 10,,,,Iguatu,,Sim,2026-04-17,,,,00:42:00,77546,4414433.0,,-6.370551151,-39.2983268437,,,cvp,ROUBO A PESSOA,,,,,,,,,,AIS 10,SUL
2.0,AIS 14,,,,Maracanaú,,Sim,2026-04-17,,,,20:53:38,77547,4414400.0,,-3.8241183649,-38.628807121,,,cvp,ROUBO A PESSOA,,,,,,,,,,AIS 14,RMF LESTE
2.0,AIS 18,,,JARDIM IRACEMA,Fortaleza,,Sim,2026-04-18,,,,20:01:15,77548,4414321.0,,-3.7232355696,-38.5859325545,,,cvp,ROUBO A FARMÁCIA,,,,,,,,,,,CAPITAL OESTE
2.0,AIS 16,,,MESSEJANA,Fortaleza,,Sim,2026-04-18,,,,19:42:38,77549,4414320.0,,-3.83392416,-38.4885019686,,,cvp,ROUBO A PESSOA,,,,,,,,,,,CAPITAL LESTE
2.0,AIS 23,,,,São Gonçalo do Amarante,,Sim,2026-04-18,,,,11:38:46,77550,4414416.0,,-3.5029848167,-38.9161954906,,,cvp,ROUBO A PESSOA,,,,,,,,,,AIS 23,RMF OESTE
2.0,AIS 05,,,FÁTIMA,Fortaleza,,Sim,2026-04-18,,,,12:30:42,77551,4414311.0,,-3.7493986801,-38.5285241008,,,cvp,ROUBO A COLETIVO,,,,,,,,,,,CAPITAL OESTE
2.0,AIS 21,,,EDSON QUEIROZ,Fortaleza,,Sim,2026-04-18,,,,01:09:19,77552,4414309.0,,-3.7683922018,-38.4777469477,,,cvp,ROUBO A PESSOA,,,,,,,,,,,CAPITAL OESTE
2.0,AIS 21,,,CIDADE DOS FUNCIONÁRIOS,Fortaleza,,Sim,2026-04-18,,,,01:28:04,77553,4414310.0,,-3.7991838108,-38.4939213791,,,cvp,ROUBO A RESIDÊNCIA,,,,,,,,,,,CAPITAL OESTE
2.0,AIS 15,,,,Pacatuba,,Sim,2026-04-18,,,,02:03:31,77554,4414409.0,,-3.9032535115,-38.6091749052,,,cvp,ROUBO A ESTABELECIMENTO COMERCIAL,,,,,,,,,,AIS 15,RMF LESTE
2.0,AIS 16,,,LAGOA REDONDA,Fortaleza,,Sim,2026-04-18,,,,13:19:47,77555,4414314.0,,-3.8223200249,-38.4529064588,,,cvp,ROUBO A ESTABELECIMENTO COMERCIAL,,,,,,,,,,,CAPITAL LESTE
2.0,AIS 28,,,,Canindé,,Sim,2026-04-18,,,,02:19:30,77556,4414424.0,,-4.3575764711,-39.3121206017,,,cvp,ROUBO A PESSOA,,,,,,,,,,AIS 28,NORTE
2.0,AIS 28,,,,Canindé,,Sim,2026-04-18,,,,20:47:20,77557,4414425.0,,-4.3641031108,-39.3189525688,,,cvp,ROUBO A PESSOA,,,,,,,,,,AIS 28,NORTE
2.0,AIS 06,,,PARQUELÂNDIA,Fortaleza,,Sim,2026-04-18,,,,12:57:20,77558,4414313.0,,-3.7378399602,-38.5595298887,,,cvp,ROUBO A PESSOA,,,,,,,,,,,CAPITAL OESTE
2.0,AIS 06,,,PARQUELÂNDIA,Fortaleza,,Sim,2026-04-18,,,,12:50:04,77559,4414312.0,,-3.7373574588,-38.5542643415,,,cvp,ROUBO A PESSOA,,,,,,,,,,,CAPITAL OESTE
2.0,AIS 12,,,,Caucaia,,Sim,2026-04-18,,,,18:28:57,77560,4414040.0,,-3.837380868,-38.764932751,,,cvp,ROUBO A PESSOA,,,,,,,,,,AIS 12,RMF OESTE
2.0,AIS 12,,,,Caucaia,,Sim,2026-04-18,,,,10:48:27,77561,4414039.0,,-3.7381107351,-38.641572661,,,cvp,ROUBO A PESSOA,,,,,,,,,,AIS 12,RMF OESTE
2.0,AIS 09,,,,Limoeiro do Norte,,Sim,2026-04-19,,,,21:19:20,77562,4414440.0,,-5.1463418699,-38.0961632753,,,cvp,ROUBO A PESSOA,,,,,,,,,,AIS 09,SUDESTE
2.0,AIS 12,,,,Caucaia,,Sim,2026-04-19,,,,14:46:04,77563,4414041.0,,-3.7700194944,-38.6212888541,,,cvp,ROUBO A PESSOA,,,,,,,,,,AIS 12,RMF OESTE
2.0,AIS 19,,,JOAQUIM TÁVORA,Fortaleza,,Sim,2026-04-19,,,,21:01:34,77564,4414331.0,,-3.7388754693,-38.5200399959,,,cvp,ROUBO A PESSOA,,,,,,,,,,,CAPITAL LESTE
2.0,AIS 18,,,VILA VELHA,Fortaleza,,Sim,2026-04-19,,,,05:46:23,77565,4414324.0,,-3.7123884889,-38.6002238789,,,cvp,ROUBO A PESSOA,,,,,,,,,,,CAPITAL OESTE
2.0,AIS 16,,,CAJAZEIRAS,Fortaleza,,Sim,2026-04-19,,,,00:27:15,77566,4414322.0,,-3.8065229145,-38.5083943842,,,cvp,ROUBO A PESSOA,,,,,,,,,,,CAPITAL LESTE
2.0,AIS 08,,,MEIRELES,Fortaleza,,Sim,2026-04-19,,,,23:04:22,77567,4414332.0,,-3.7331120076,-38.4904848144,,,cvp,ROUBO A PESSOA,,,,,,,,,,,CAPITAL LESTE
2.0,AIS 22,,,PASSARÉ,Fortaleza,,Sim,2026-04-19,,,,08:59:17,77568,4414327.0,,-3.813166918,-38.5290556018,,,cvp,ROUBO A PESSOA,,,,,,,,,,,CAPITAL LESTE
2.0,,,,PRAIA DO FURUTO II,Fortaleza,,Sim,2026-04-19,,,,18:08:38,77569,4414330.0,,-3.7568812533,-38.4436745511,,,cvp,ROUBO A PESSOA,,,,,,,,,,,
2.0,AIS 18,,,SÃO GERARDO,Fortaleza,,Sim,2026-04-20,,,,12:12:03,77570,4414339.0,,-3.7259824288,-38.5566926136,,,cvp,ROUBO A PESSOA,,,,,,,,,,,CAPITAL OESTE
2.0,AIS 19,,,JOAQUIM TÁVORA,Fortaleza,,Sim,2026-04-20,,,,03:36:46,77571,4414333.0,,-3.7472685305,-38.5195077911,,,cvp,ROUBO A PESSOA,,,,,,,,,,,CAPITAL LESTE
2.0,AIS 16,,,MESSEJANA,Fortaleza,,Sim,2026-04-20,,,,03:39:15,77572,4414334.0,,-3.8309477692,-38.4882233681,,,cvp,ROUBO A PESSOA,,,,,,,,,,,CAPITAL LESTE
2.0,AIS 20,,,PLANALTO AYRTON SENNA,Fortaleza,,Sim,2026-04-20,,,,11:10:08,77573,4414338.0,,-3.8382562911,-38.5765826601,,,cvp,ROUBO A PESSOA,,,,,,,,,,,CAPITAL OESTE
2.0,AIS 22,,,PASSARÉ,Fortaleza,,Sim,2026-04-20,,,,15:14:04,77574,4414341.0,,-3.8257470328,-38.5383349594,,,cvp,ROUBO A PESSOA,,,,,,,,,,,CAPITAL LESTE
2.0,AIS 06,,,DOM LUSTOSA,Fortaleza,,Sim,2026-04-20,,,,16:31:33,77575,4414342.0,,-3.7553026361,-38.592609573,,,cvp,ROUBO A PESSOA,,,,,,,,,,,CAPITAL OESTE
2.0,AIS 16,,,PEDRAS,Fortaleza,,Sim,2026-04-20,,,,16:37:51,77576,4414343.0,,-3.883344847,-38.5066462604,,,cvp,ROUBO A ESTABELECIMENTO COMERCIAL,,,,,,,,,,,CAPITAL LESTE
2.0,AIS 17,,,CONJUNTO CEARÁ II,Fortaleza,,Sim,2026-04-20,,,,16:41:20,77577,4414344.0,,-3.7677029398,-38.6150049204,,,cvp,ROUBO A PESSOA,,,,,,,,,,,CAPITAL OESTE
2.0,AIS 16,,,MESSEJANA,Fortaleza,,Sim,2026-04-20,,,,19:13:09,77578,4414345.0,,-3.8167762121,-38.5013395461,,,cvp,ROUBO A PESSOA,,,,,,,,,,,CAPITAL LESTE
2.0,AIS 17,,,CANINDEZINHO,Fortaleza,,Sim,2026-04-20,,,,20:01:28,77579,4414346.0,,-3.8101701669,-38.6059572276,,,cvp,ROUBO A PESSOA,,,,,,,,,,,CAPITAL OESTE
2.0,AIS 06,,,PARQUELÂNDIA,Fortaleza,,Sim,2026-04-20,,,,21:33:20,77580,4414347.0,,-3.7382644453,-38.5642579343,,,cvp,ROUBO A PESSOA,,,,,,,,,,,CAPITAL OESTE
2.0,AIS 09,,,,Russas,,Sim,2026-04-20,,,,22:33:43,77581,4414448.0,,-4.9537014529,-37.992432812,,,cvp,ROUBO A PESSOA,,,,,,,,,,AIS 09,SUDESTE
2.0,AIS 08,,,VICENTE PINZÓN,Fortaleza,,Sim,2026-04-21,,,,07:30:59,77582,4414353.0,,-3.7338738019,-38.4766478924,,,cvp,ROUBO A PESSOA,,,,,,,,,,,CAPITAL LESTE
2.0,AIS 16,,,MESSEJANA,Fortaleza,,Sim,2026-04-21,,,,08:30:10,77583,4414354.0,,-3.8292740992,-38.4864679417,,,cvp,ROUBO A FARMÁCIA,,,,,,,,,,,CAPITAL LESTE
2.0,AIS 05,,,MONTESE,Fortaleza,,Sim,2026-04-21,,,,09:42:10,77584,4414355.0,,-3.7673968575,-38.5509157074,,,cvp,ROUBO A PESSOA,,,,,,,,,,,CAPITAL OESTE
2.0,AIS 16,,,MESSEJANA,Fortaleza,,Sim,2026-04-21,,,,10:17:15,77585,4414356.0,,-3.8287340122,-38.4935761725,,,cvp,ROUBO A CLÍNICA/CONSULTÓRIO,,,,,,,,,,,CAPITAL LESTE
2.0,,,,JANGURURSSU,Fortaleza,,Sim,2026-04-21,,,,10:58:11,77586,4414357.0,,-3.8366836865,-38.5131657728,,,cvp,ROUBO A PESSOA,,,,,,,,,,,
2.0,AIS 05,,,MONTESE,Fortaleza,,Sim,2026-04-21,,,,12:04:24,77587,4414358.0,,-3.763088388,-38.546204032,,,cvp,ROUBO A ESTABELECIMENTO COMERCIAL,,,,,,,,,,,CAPITAL OESTE
2.0,AIS 06,,,QUINTINO CUNHA,Fortaleza,,Sim,2026-04-21,,,,01:31:08,77588,4414349.0,,-3.7340741274,-38.5955811195,,,cvp,ROUBO A PESSOA,,,,,,,,,,,CAPITAL OESTE
2.0,AIS 03,,,,Santana do Acaraú,,Sim,2026-04-21,,,,23:43:03,77589,4414450.0,,-3.4601420533,-40.200331881,,,cvp,ROUBO A RESIDÊNCIA,,,,,,,,,,AIS 03,NORTE
2.0,AIS 18,,,SÃO GERARDO,Fortaleza,,Sim,2026-04-21,,,,06:15:15,77590,4414352.0,,-3.7346494069,-38.5640955478,,,cvp,ROUBO A PESSOA,,,,,,,,,,,CAPITAL OESTE
2.0,AIS 20,,,PREFEITO JOSÉ WALTER,Fortaleza,,Sim,2026-04-21,,,,22:21:33,77591,4414365.0,,-3.8301594386,-38.5540129131,,,cvp,ROUBO A PESSOA,,,,,,,,,,,CAPITAL OESTE
2.0,AIS 22,,,PASSARÉ,Fortaleza,,Sim,2026-04-21,,,,18:34:29,77592,4414362.0,,-3.8158600289,-38.5314148616,,,cvp,ROUBO A PESSOA,,,,,,,,,,,CAPITAL LESTE
2.0,AIS 16,,,MESSEJANA,Fortaleza,,Sim,2026-04-21,,,,21:46:36,77593,4414363.0,,-3.8157339178,-38.4944777565,,,cvp,ROUBO A PESSOA C/ CONSTRANGIMENTO DA LIBERDADE,,,,,,,,,,,CAPITAL LESTE
2.0,AIS 22,,,PASSARÉ,Fortaleza,,Sim,2026-04-22,,,,00:36:01,77594,4414367.0,,-3.8267778142,-38.5336875554,,,cvp,ROUBO A PESSOA,,,,,,,,,,,CAPITAL LESTE
2.0,AIS 14,,,,Maracanaú,,Sim,2026-04-22,,,,04:08:41,77595,4414403.0,,-3.8531467432,-38.6422833345,,,cvp,ROUBO A CLÍNICA/CONSULTÓRIO,,,,,,,,,,AIS 14,RMF LESTE
2.0,AIS 07,,,,Crateús,,Sim,2026-04-22,,,,01:18:11,77596,4414427.0,,-5.1795127879,-40.6548815003,,,cvp,ROUBO A ESTABELECIMENTO COMERCIAL,,,,,,,,,,AIS 07,NORTE
2.0,AIS 18,,,CENTRO,Fortaleza,,Sim,2026-05-05,,,,00:10:59,78321,4424350.0,,-3.7304156291,-38.5154501347,AVENIDA SANTOS DUMONT,NONE,cvp,ROUBO A PESSOA,,,Terça-feira,False,True,,,,ROUBO A PESSOA,AIS 21,CAPITAL OESTE
2.0,AIS 06,,,BONSUCESSO,Fortaleza,,Sim,2026-05-05,,,,01:39:34,78320,4424352.0,,-3.7787671209,-38.5823313218,RUA RISO DO PRADO,NONE,cvp,ROUBO A PESSOA,,,Terça-feira,False,True,,,,ROUBO A PESSOA,AIS 06,CAPITAL OESTE
2.0,AIS 18,,,JARDIM IRACEMA,Fortaleza,,Sim,2026-05-05,,,,05:27:32,78319,4424355.0,,-3.7244458578,-38.5838729032,RUA RIO PARAGUAI,NONE,cvp,ROUBO A PESSOA,,,Terça-feira,False,True,,,,ROUBO A PESSOA,AIS 06,CAPITAL OESTE
2.0,AIS 05,,,JOSÉ BONIFÁCIO,Fortaleza,,Sim,2026-05-05,,,,03:04:50,78318,4424353.0,,-3.738728013,-38.5320670727,RUA INTERNA,NONE,cvp,ROUBO A PESSOA,,,Terça-feira,False,True,,,,ROUBO A PESSOA,AIS 21,CAPITAL OESTE
2.0,AIS 05,,,SERRINHA,Fortaleza,,Sim,2026-05-05,,,,04:32:09,78317,4424354.0,,-3.7829759119,-38.5464339022,RUA ÁLVARES CABRAL,NONE,cvp,ROUBO A PESSOA,,,Terça-feira,False,True,,,,ROUBO A PESSOA,AIS 21,CAPITAL OESTE
2.0,AIS 17,,,BOM JARDIM,Maracanaú,,Sim,2026-05-05,,,,06:14:12,78316,4424365.0,,-3.8295834796,-38.5966670771,RUA JACARANDÁ,NONE,cvp,ROUBO A PESSOA,,,Terça-feira,False,True,,,,ROUBO A PESSOA,AIS 17,CAPITAL OESTE
2.0,AIS 16,,,MESSEJANA,Fortaleza,,Sim,2026-05-04,,,,20:15:43,78315,4424347.0,,-3.8180011774,-38.4975715207,AVENIDA FREI CIRILO,NONE,cvp,ROUBO A PESSOA,,,Segunda-feira,False,True,,,,ROUBO A PESSOA,AIS 21,CAPITAL LESTE
2.0,AIS 06,,,PARQUELÂNDIA,Fortaleza,,Sim,2026-05-04,,,,03:51:27,78314,4424342.0,,-3.7364176096,-38.564704438,RUA TIPÓGRAFO SALES,NONE,cvp,ROUBO A ESTABELECIMENTO COMERCIAL,,,Segunda-feira,False,True,,,,ROUBO A ESTABELECIMENTO COMERCIAL,AIS 06,CAPITAL OESTE
2.0,AIS 21,,,PARQUE MANIBURA,Fortaleza,,Sim,2026-05-04,,,,01:28:34,78313,4424341.0,,-3.7959738733,-38.48910872,AVENIDA OLIVEIRA PAIVA,NONE,cvp,ROUBO A PESSOA,,,Segunda-feira,False,True,,,,ROUBO A PESSOA,AIS 21,CAPITAL OESTE
2.0,AIS 16,,,MESSEJANA,Fortaleza,,Sim,2026-05-04,,,,10:37:36,78312,4424344.0,,-3.8310241101,-38.492598534,RUA DOUTOR PERGENTINO MAIA,NONE,cvp,ROUBO A PESSOA,,,Segunda-feira,False,True,,,,ROUBO A PESSOA,AIS 16,CAPITAL LESTE
2.0,AIS 19,,,PAPICU,Fortaleza,,Sim,2026-05-03,,,,19:59:37,78311,4424338.0,,-3.7388810329,-38.4866632746,RUA JOAQUIM LIMA,NONE,cvp,ROUBO A PESSOA,,,Domingo,False,True,,,,ROUBO A PESSOA,AIS 21,CAPITAL LESTE
2.0,AIS 05,,,FÁTIMA,Fortaleza,,Sim,2026-05-03,,,,00:16:15,78310,4424332.0,,-3.7546920953,-38.5289647913,RUA GRACILIANO RAMOS,NONE,cvp,ROUBO A PESSOA,,,Domingo,False,True,,,,ROUBO A PESSOA,AIS 21,CAPITAL OESTE
2.0,AIS 18,,,CENTRO,Fortaleza,,Sim,2026-05-03,,,,08:18:32,78309,4424335.0,,-3.7312569536,-38.5368488513,RUA PRINCESA ISABEL,NONE,cvp,ROUBO A PESSOA,,,Domingo,False,True,,,,ROUBO A PESSOA,AIS 21,CAPITAL OESTE
2.0,AIS 19,,,COCÓ,Fortaleza,,Sim,2026-05-03,,,,15:54:04,78308,4424336.0,,-3.7443361429,-38.4772608143,RUA ARAGÃO FONTENELE,NONE,cvp,ROUBO A PESSOA,,,Domingo,False,True,,,,ROUBO A PESSOA,AIS 21,CAPITAL LESTE
2.0,AIS 19,,,JOAQUIM TÁVORA,Fortaleza,,Sim,2026-05-03,,,,23:16:19,78307,4424340.0,,-3.7468093771,-38.5127489276,AVENIDA RUI BARBOSA,NONE,cvp,ROUBO A PESSOA,,,Domingo,False,True,,,,ROUBO A PESSOA,AIS 21,CAPITAL LESTE
2.0,AIS 04,,,ITAPAJE,Itapajé,,Sim,2026-05-03,,,,06:36:23,78306,4424369.0,,-3.6848332464,-39.5854483158,RUA BACHAREL JOSÉ AIRTON ROCHA,NONE,cvp,ROUBO A CONDOMÍNIO,,,Domingo,False,True,,,,ROUBO A CONDOMÍNIO,AIS 04,NORDESTE
2.0,AIS 17,,,PARQUE PRESIDENTE VARGAS,Maracanaú,,Sim,2026-05-02,,,,04:48:44,78305,4424362.0,,-3.8679003992,-38.626142121,RUA FERREIRA NETO,NONE,cvp,ROUBO A ESTABELECIMENTO DE ENSINO,,,Sábado,False,True,,,,ROUBO A ESTABELECIMENTO DE ENSINO,AIS 17,CAPITAL OESTE
2.0,AIS 17,,,CANINDEZINHO,Maracanaú,,Sim,2026-05-02,,,,03:51:00,78304,4424361.0,,-3.8416913144,-38.5735145792,AVENIDA RADIALISTA JOÃO RAMOS,NONE,cvp,ROUBO A PESSOA,,,Sábado,False,True,,,,ROUBO A PESSOA,AIS 17,CAPITAL OESTE
2.0,AIS 17,,,CANINDEZINHO,Maracanaú,,Sim,2026-05-02,,,,00:54:40,78303,4424360.0,,-3.8562522147,-38.588798479,AVENIDA DOUTOR MENDEL STEINBRUCH,NONE,cvp,ROUBO A POSTO DE GASOLINA,,,Sábado,False,True,,,,ROUBO A POSTO DE GASOLINA,AIS 17,CAPITAL OESTE
2.0,AIS 03,,,,Sobral,,Sim,2026-05-02,,,,08:59:01,78302,4424374.0,,-4.1626859861,-40.7501953401,PRAÇA 09 DE JANEIRO,NONE,cvp,ROUBO A PESSOA,,,Sábado,False,True,,,,ROUBO A PESSOA,AIS 03,NORTE
2.0,AIS 16,,,MESSEJANA,Fortaleza,,Sim,2026-05-02,,,,19:43:40,78301,4424329.0,,-3.834609407,-38.4917827806,RUA RAIMUNDO CARLOS RODRIGUES,NONE,cvp,ROUBO A PESSOA,,,Sábado,False,True,,,,ROUBO A PESSOA,AIS 16,CAPITAL LESTE
2.0,AIS 08,,,ALDEOTA,Fortaleza,,Sim,2026-05-02,,,,20:27:08,78300,4424330.0,,-3.7376478707,-38.497528943,RUA BARBOSA DE FREITAS,NONE,cvp,ROUBO A PESSOA,,,Sábado,False,True,,,,ROUBO A PESSOA,AIS 21,CAPITAL LESTE
2.0,AIS 18,,,MOURA BRASIL,Fortaleza,,Sim,2026-05-02,,,,20:40:49,78299,4424331.0,,-3.7192284871,-38.5297473551,AVENIDA PRESIDENTE CASTELO BRANCO,NONE,cvp,ROUBO A PESSOA,,,Sábado,False,True,,,,ROUBO A PESSOA,AIS 08,CAPITAL OESTE
2.0,AIS 06,,,HENRIQUE JORGE,Fortaleza,,Sim,2026-05-02,,,,06:59:49,78298,4424324.0,,-3.7597007196,-38.5874962178,RUA ARACAJÚ,NONE,cvp,ROUBO A PESSOA,,,Sábado,False,True,,,,ROUBO A PESSOA,AIS 06,CAPITAL OESTE
2.0,AIS 21,,,CIDADE DOS FUNCIONÁRIOS,Fortaleza,,Sim,2026-05-02,,,,11:57:27,78297,4424325.0,,-3.79522242,-38.5010723954,RUA ANTÔNIO DE CASTRO,NONE,cvp,ROUBO A PESSOA,,,Sábado,False,True,,,,ROUBO A PESSOA,AIS 21,CAPITAL OESTE
2.0,AIS 17,,,CONJUNTO CEARÁ I,Fortaleza,,Sim,2026-05-02,,,,13:30:37,78296,4424326.0,,-3.7634688407,-38.6116304931,RUA 1165,NONE,cvp,ROUBO A PESSOA,,,Sábado,False,True,,,,ROUBO A PESSOA,AIS 06,CAPITAL OESTE
2.0,AIS 08,,,CAIS DO PORTO,Fortaleza,,Sim,2026-05-02,,,,14:31:35,78295,4424327.0,,-3.7125954069,-38.4662532184,RUA GENERAL MURILO BORGES,NONE,cvp,ROUBO A PESSOA,,,Sábado,False,True,,,,ROUBO A PESSOA,AIS 08,CAPITAL LESTE
2.0,,,,GENTILÂNDIA,Fortaleza,,Sim,2026-05-02,,,,00:56:03,78294,4424322.0,,-3.7434669136,-38.5400858831,RUA PADRE FRANCISCO PINTO,NONE,cvp,ROUBO A PESSOA C/ CONSTRANGIMENTO DA LIBERDADE,,,Sábado,False,True,,,,ROUBO A PESSOA C/ CONSTRANGIMENTO DA LIBERDADE,AIS 21,
2.0,AIS 08,,,MEIRELES,Fortaleza,,Sim,2026-05-01,,,,16:20:10,78293,4424317.0,,-3.7265717926,-38.4961325691,RUA VISCONDE DE MAUÁ,NONE,cvp,ROUBO A PESSOA,,,Sexta-feira,True,True,,,,ROUBO A PESSOA,AIS 08,CAPITAL LESTE
2.0,AIS 19,,,PRAIA DO FUTURO I,Fortaleza,,Sim,2026-05-01,,,,14:14:47,78292,4424315.0,,-3.7420019394,-38.4508364059,AVENIDA CLÓVIS ARRAIS MAIA,NONE,cvp,ROUBO A PESSOA,,,Sexta-feira,True,True,,,,ROUBO A PESSOA,AIS 08,CAPITAL LESTE
2.0,AIS 08,,,MUCURIPE,Fortaleza,,Sim,2026-05-01,,,,17:08:17,78291,4424318.0,,-3.7293758824,-38.4829440123,AVENIDA ÁLVARO CORREIA,NONE,cvp,ROUBO A PESSOA,,,Sexta-feira,True,True,,,,ROUBO A PESSOA,AIS 08,CAPITAL LESTE
2.0,AIS 16,,,MESSEJANA,Fortaleza,,Sim,2026-05-01,,,,09:54:06,78290,4424312.0,,-3.8247302347,-38.4877326125,LEVADA,NONE,cvp,ROUBO A PESSOA,,,Sexta-feira,True,True,,,,ROUBO A PESSOA,AIS 16,CAPITAL LESTE
2.0,AIS 21,,,ENGENHEIRO LUCIANO CAVALCANTE,Fortaleza,,Sim,2026-05-01,,,,23:10:29,78289,4424321.0,,-3.7771057186,-38.4837388043,RUA FILADÉLFIA,NONE,cvp,ROUBO A PESSOA,,,Sexta-feira,True,True,,,,ROUBO A PESSOA,AIS 21,CAPITAL LESTE
2.0,AIS 18,,,CENTRO,Fortaleza,,Sim,2026-05-01,,,,17:33:21,78288,4424319.0,,-3.724999559,-38.5371569565,RUA PADRE MORORÓ,NONE,cvp,ROUBO A PESSOA,,,Sexta-feira,True,True,,,,ROUBO A PESSOA,AIS 05,CAPITAL OESTE
2.0,AIS 19,,,PRAIA DO FUTURO I,Fortaleza,,Sim,2026-05-01,,,,00:13:23,78287,4424311.0,,-3.7489035859,-38.4467844138,AVENIDA CLÓVIS ARRAIS MAIA,NONE,cvp,ROUBO A PESSOA,,,Sexta-feira,True,True,,,,ROUBO A PESSOA,AIS 08,CAPITAL LESTE
2.0,AIS 05,,,VILA UNIĂO,Fortaleza,,Sim,2026-05-01,,,,21:53:20,78286,4424320.0,,-3.7681618652,-38.53973641,RUA SÃO MATEUS,NONE,cvp,ROUBO A ESTABELECIMENTO COMERCIAL,,,Sexta-feira,True,True,,,,ROUBO A ESTABELECIMENTO COMERCIAL,AIS 21,CAPITAL OESTE
2.0,AIS 12,,,INDUSTRIAL,Maracanaú,,Sim,2026-05-01,,,,17:58:22,78285,4424359.0,,-3.8731355768,-38.6268209339,RUA RAIMUNDO VASCONCELOS ALBUQUERQUE,NONE,cvp,ROUBO A PESSOA,,,Sexta-feira,True,True,,,,ROUBO A PESSOA,AIS 12,RMF OESTE
2.0,AIS 05,,,COUTO FERNANDES,Fortaleza,,Sim,2026-04-30,,,,21:15:30,78284,4425562.0,,-3.7597140595,-38.5636635641,RUA JOSÉ BASTOS,NONE,cvp,ROUBO A PESSOA,,,Quinta-feira,False,True,,,,ROUBO A PESSOA,AIS 05,CAPITAL OESTE
2.0,AIS 08,,,PRAIA DE IRACEMA,Fortaleza,,Sim,2026-04-30,,,,15:21:08,78283,4425554.0,,-3.7202113952,-38.5175467416,BECO DOS POTIGUARAS,NONE,cvp,ROUBO A PESSOA C/ CONSTRANGIMENTO DA LIBERDADE,,,Quinta-feira,False,True,,,,ROUBO A PESSOA C/ CONSTRANGIMENTO DA LIBERDADE,AIS 08,CAPITAL LESTE
2.0,AIS 06,,,JÓQUEI CLUBE,Fortaleza,,Sim,2026-04-30,,,,10:52:05,78282,4425547.0,,-3.7605330748,-38.5742925592,AVENIDA CARNEIRO DE MENDONÇA,NONE,cvp,ROUBO A PESSOA,,,Quinta-feira,False,True,,,,ROUBO A PESSOA,AIS 05,CAPITAL OESTE
2.0,AIS 06,,,AMADEU FURTADO,Fortaleza,,Sim,2026-04-30,,,,10:40:30,78281,4425546.0,,-3.7415373651,-38.5590605651,RUA ABÍLIO MARTINS,NONE,cvp,ROUBO A PESSOA,,,Quinta-feira,False,True,,,,ROUBO A PESSOA,AIS 05,CAPITAL OESTE
2.0,AIS 16,,,MESSEJANA,Fortaleza,,Sim,2026-04-30,,,,21:10:23,78280,4425561.0,,-3.8323006399,-38.4934627566,RUA TENENTE JURANDIR ALENCAR,NONE,cvp,ROUBO A FARMÁCIA,,,Quinta-feira,False,True,,,,ROUBO A FARMÁCIA,AIS 16,CAPITAL LESTE
2.0,AIS 05,,,JARDIM AMÉRICA,Fortaleza,,Sim,2026-04-30,,,,16:06:14,78279,4425555.0,,-3.7563534961,-38.5426881835,RUA ALBERTO MAGNO,NONE,cvp,ROUBO A ESTABELECIMENTO COMERCIAL,,,Quinta-feira,False,True,,,,ROUBO A ESTABELECIMENTO COMERCIAL,AIS 21,CAPITAL OESTE
2.0,,,,DENDÊ,Fortaleza,,Sim,2026-04-30,,,,15:13:22,78278,4425553.0,,-3.7970378885,-38.5623055262,RUA HOLANDA,NONE,cvp,ROUBO A PESSOA,,,Quinta-feira,False,True,,,,ROUBO A PESSOA,AIS 05,
2.0,AIS 08,,,ALDEOTA,Fortaleza,,Sim,2026-04-30,,,,17:35:21,78277,4425556.0,,-3.7353834925,-38.5009749802,AVENIDA SANTOS DUMONT,NONE,cvp,ROUBO A ESTABELECIMENTO COMERCIAL,,,Quinta-feira,False,True,,,,ROUBO A ESTABELECIMENTO COMERCIAL,AIS 21,CAPITAL LESTE
2.0,AIS 21,,,PARQUE MANIBURA,Fortaleza,,Sim,2026-04-30,,,,11:47:59,78276,4425549.0,,-3.795145644,-38.4898433765,RUA PADRE JANUÁRIO CAMPOS,NONE,cvp,ROUBO A PESSOA,,,Quinta-feira,False,True,,,,ROUBO A PESSOA,AIS 21,CAPITAL OESTE
2.0,AIS 21,,,ENGENHEIRO LUCIANO CAVALCANTE,Fortaleza,,Sim,2026-04-30,,,,20:04:07,78275,4425559.0,,-3.7686149236,-38.4953221297,RUA JOSÉ GUILHERME DA COSTA,NONE,cvp,ROUBO A TEMPLOS RELIGIOSOS,,,Quinta-feira,False,True,,,,ROUBO A TEMPLOS RELIGIOSOS,AIS 21,CAPITAL LESTE
2.0,AIS 16,,,CURIÓ,Fortaleza,,Sim,2026-04-30,,,,11:51:17,78274,4425550.0,,-3.8224493344,-38.4769765017,AVENIDA ODILON GUIMARÃES,NONE,cvp,ROUBO A PESSOA,,,Quinta-feira,False,True,,,,ROUBO A PESSOA,AIS 16,CAPITAL LESTE
2.0,AIS 16,,,MESSEJANA,Fortaleza,,Sim,2026-04-30,,,,14:57:15,78273,4425551.0,,-3.8323006399,-38.4934627566,RUA TENENTE JURANDIR ALENCAR,NONE,cvp,ROUBO A FARMÁCIA,,,Quinta-feira,False,True,,,,ROUBO A FARMÁCIA,AIS 16,CAPITAL LESTE
2.0,AIS 05,,,COUTO FERNANDES,Fortaleza,,Sim,2026-04-30,,,,20:04:38,78272,4425560.0,,-3.759338792,-38.5634593204,AVENIDA AMÉRICO BARREIRA,NONE,cvp,ROUBO A PESSOA,,,Quinta-feira,False,True,,,,ROUBO A PESSOA,AIS 05,CAPITAL OESTE
2.0,AIS 14,,,MARACANAU,Maracanaú,,Sim,2026-04-30,,,,16:45:19,78271,4425608.0,,-3.8871525571,-38.6215845184,AVENIDA XII,NONE,cvp,ROUBO A PESSOA,,,Quinta-feira,False,True,,,,ROUBO A PESSOA,AIS 14,RMF LESTE
2.0,AIS 12,,,IPARANA,Caucaia,,Sim,2026-04-30,,,,05:22:56,78270,4425070.0,,-3.7253309225,-38.6534923602,RUA JOÃO FORTE,NONE,cvp,ROUBO A PESSOA,,,Quinta-feira,False,True,,,,ROUBO A PESSOA,AIS 12,RMF OESTE
2.0,AIS 05,,,BENFICA,Fortaleza,,Sim,2026-04-30,,,,01:03:20,78269,4425542.0,,-3.7396300566,-38.53991813,RUA CARAPINIMA,NONE,cvp,ROUBO A PESSOA,,,Quinta-feira,False,True,,,,ROUBO A PESSOA,AIS 21,CAPITAL OESTE
2.0,AIS 05,,,BENFICA,Fortaleza,,Sim,2026-04-30,,,,02:23:05,78268,4425543.0,,-3.7400266258,-38.5383063875,AVENIDA DA UNIVERSIDADE,NONE,cvp,ROUBO A PESSOA,,,Quinta-feira,False,True,,,,ROUBO A PESSOA,AIS 21,CAPITAL OESTE
2.0,AIS 31,,,DEPUTADO IRAPUAN PINHEIRO,Deputado Irapuan Pinheiro,,Sim,2026-04-30,,,,19:58:19,78267,4425642.0,,-5.9177009226,-39.2665968311,IRAPUAN RIBEIRO,NONE,cvp,ROUBO A PESSOA,,,Quinta-feira,False,True,,,,ROUBO A PESSOA,AIS 31,SUDESTE
2.0,AIS 19,,,JOAQUIM TÁVORA,Fortaleza,,Sim,2026-04-29,,,,19:55:08,78266,4425540.0,,-3.7519242063,-38.5167625029,RUA ANTÔNIO FURTADO,NONE,cvp,ROUBO A PESSOA,,,Quarta-feira,False,False,,,,ROUBO A PESSOA,AIS 21,CAPITAL LESTE
2.0,AIS 08,,,MEIRELES,Fortaleza,,Sim,2026-04-29,,,,19:13:09,78265,4425538.0,,-3.7281613702,-38.4919033929,RUA PAULA BARROS,NONE,cvp,ROUBO A PESSOA,,,Quarta-feira,False,False,,,,ROUBO A PESSOA,AIS 08,CAPITAL LESTE
2.0,,,,JANGURURSSU,Fortaleza,,Sim,2026-04-29,,,,15:10:45,78264,4425536.0,,-3.8366045728,-38.5161029192,RUA 5,NONE,cvp,ROUBO A PESSOA,,,Quarta-feira,False,False,,,,ROUBO A PESSOA,AIS 16,
2.0,AIS 16,,,CURIÓ,Fortaleza,,Sim,2026-04-29,,,,14:46:23,78263,4425535.0,,-3.8190360132,-38.4752455883,RUA DO PARQUE,NONE,cvp,ROUBO A PESSOA,,,Quarta-feira,False,False,,,,ROUBO A PESSOA,AIS 16,CAPITAL LESTE
2.0,AIS 05,,,PARANGABA,Fortaleza,,Sim,2026-04-29,,,,05:05:42,78262,4425532.0,,-3.7831742454,-38.5693124867,RUA ROQUETE PINTO,NONE,cvp,ROUBO A PESSOA,,,Quarta-feira,False,False,,,,ROUBO A PESSOA,AIS 05,CAPITAL OESTE
2.0,AIS 08,,,MEIRELES,Fortaleza,,Sim,2026-04-29,,,,00:07:34,78261,4425529.0,,-3.7265717926,-38.4961325691,RUA VISCONDE DE MAUÁ,NONE,cvp,ROUBO A ESTABELECIMENTO COMERCIAL,,,Quarta-feira,False,False,,,,ROUBO A ESTABELECIMENTO COMERCIAL,AIS 08,CAPITAL LESTE
2.0,AIS 08,,,ALDEOTA,Fortaleza,,Sim,2026-04-29,,,,22:56:36,78260,4425541.0,,-3.7376478707,-38.497528943,RUA BARBOSA DE FREITAS,NONE,cvp,ROUBO A PESSOA,,,Quarta-feira,False,False,,,,ROUBO A PESSOA,AIS 21,CAPITAL LESTE
2.0,AIS 17,,,PARQUE PRESIDENTE VARGAS,Maracanaú,,Sim,2026-04-29,,,,13:04:11,78259,4425606.0,,-3.8708683613,-38.6166714404,RUA BEIRA RIO,NONE,cvp,ROUBO A PESSOA,,,Quarta-feira,False,False,,,,ROUBO A PESSOA,AIS 17,CAPITAL OESTE
2.0,AIS 17,,,CANINDEZINHO,Maracanaú,,Sim,2026-04-29,,,,02:03:18,78258,4425604.0,,-3.8417222865,-38.5732185168,AVENIDA RADIALISTA JOÃO RAMOS,NONE,cvp,ROUBO A POSTO DE GASOLINA,,,Quarta-feira,False,False,,,,ROUBO A POSTO DE GASOLINA,AIS 17,CAPITAL OESTE
2.0,AIS 25,,,PACAJUS,Pacajus,,Sim,2026-04-28,,,,10:07:08,78257,4425612.0,,-4.1781873523,-38.4679210025,RUA D,NONE,cvp,ROUBO A PESSOA,,,Terça-feira,False,False,,,,ROUBO A PESSOA,AIS 25,RMF LESTE
2.0,AIS 25,,,HORIZONTE,Horizonte,,Sim,2026-04-28,,,,13:05:11,78256,4425567.0,,-4.1040872609,-38.4950834391,RUA FRANCISCO EUDES XIMENES,NONE,cvp,ROUBO SAIDINHA BANCÁRIA,,,Terça-feira,False,False,,,,ROUBO SAIDINHA BANCÁRIA,AIS 25,RMF LESTE
2.0,AIS 05,,,FÁTIMA,Fortaleza,,Sim,2026-04-28,,,,05:24:18,78255,4425518.0,,-3.7505262645,-38.5268794341,RUA CAROLINO DE AQUINO,NONE,cvp,ROUBO A FARMÁCIA,,,Terça-feira,False,False,,,,ROUBO A FARMÁCIA,AIS 21,CAPITAL OESTE
2.0,AIS 08,,,MEIRELES,Fortaleza,,Sim,2026-04-28,,,,12:05:43,78254,4425520.0,,-3.7271419505,-38.4962063584,RUA VISCONDE DE MAUÁ,NONE,cvp,ROUBO A PESSOA,,,Terça-feira,False,False,,,,ROUBO A PESSOA,AIS 08,CAPITAL LESTE
2.0,,,,DENDÊ,Fortaleza,,Sim,2026-04-28,,,,12:40:31,78253,4425522.0,,-3.796485176,-38.5629148883,RUA HOLANDA,NONE,cvp,ROUBO A ESTABELECIMENTO COMERCIAL,,,Terça-feira,False,False,,,,ROUBO A ESTABELECIMENTO COMERCIAL,AIS 05,
2.0,AIS 20,,,PARQUE DOIS IRMĂOS,Fortaleza,,Sim,2026-04-28,,,,15:06:38,78252,4425523.0,,-3.8204693932,-38.5560767763,RUA ECILDA DE QUEIROZ,NONE,cvp,ROUBO A ESTABELECIMENTO COMERCIAL,,,Terça-feira,False,False,,,,ROUBO A ESTABELECIMENTO COMERCIAL,AIS 16,CAPITAL OESTE
2.0,AIS 17,,,BOM JARDIM,Fortaleza,,Sim,2026-04-28,,,,15:42:30,78251,4425524.0,,-3.7905146642,-38.5998492925,RUA EDSON MARTINS,NONE,cvp,ROUBO A PESSOA,,,Terça-feira,False,False,,,,ROUBO A PESSOA,AIS 06,CAPITAL OESTE
2.0,AIS 06,,,BELA VISTA,Fortaleza,,Sim,2026-04-28,,,,17:37:54,78250,4425526.0,,-3.7586254466,-38.5550340102,AVENIDA JOÃO PESSOA,NONE,cvp,ROUBO A PESSOA,,,Terça-feira,False,False,,,,ROUBO A PESSOA,AIS 21,CAPITAL OESTE
2.0,AIS 16,,,PEDRAS,Fortaleza,,Sim,2026-04-28,,,,21:19:33,78249,4425528.0,,-3.8685750465,-38.5097254189,RODOVIA 4º ANEL VIÁRIO,NONE,cvp,ROUBO A PESSOA,,,Terça-feira,False,False,,,,ROUBO A PESSOA,AIS 16,CAPITAL LESTE
2.0,AIS 20,,,PARQUE DOIS IRMĂOS,Fortaleza,,Sim,2026-04-28,,,,08:41:32,78248,4425519.0,,-3.8034659953,-38.5478117907,RUA F,NONE,cvp,ROUBO A PESSOA,,,Terça-feira,False,False,,,,ROUBO A PESSOA,AIS 21,CAPITAL OESTE
2.0,AIS 28,,,BATURITE,Baturité,,Sim,2026-04-27,,,,02:49:46,78247,4425632.0,,-4.3309438924,-38.8786405848,RUA PAULO,NONE,cvp,ROUBO A RESIDÊNCIA,,,Segunda-feira,False,False,,,,ROUBO A RESIDÊNCIA,AIS 28,NORTE
2.0,AIS 19,,,JOAQUIM TÁVORA,Fortaleza,,Sim,2026-04-27,,,,13:12:35,78246,4425507.0,,-3.7429563971,-38.5208677238,PIEDADE - JOAQUIM TAVORA,NONE,cvp,ROUBO A RESIDÊNCIA,,,Segunda-feira,False,False,,,,ROUBO A RESIDÊNCIA,AIS 21,CAPITAL LESTE
2.0,AIS 06,,,JÓQUEI CLUBE,Fortaleza,,Sim,2026-04-27,,,,05:31:50,78245,4425502.0,,-3.7642758648,-38.5697023792,RUA MINAS GERAIS,NONE,cvp,ROUBO A PESSOA,,,Segunda-feira,False,False,,,,ROUBO A PESSOA,AIS 05,CAPITAL OESTE
2.0,AIS 16,,,ANCURI,Fortaleza,,Sim,2026-04-27,,,,14:11:20,78244,4425509.0,,-3.857931128,-38.5058391972,RUA FRANKLIN XAVIER,NONE,cvp,ROUBO A PESSOA,,,Segunda-feira,False,False,,,,ROUBO A PESSOA,AIS 16,CAPITAL LESTE
2.0,AIS 16,,,PARQUE IRACEMA,Fortaleza,,Sim,2026-04-27,,,,15:19:57,78243,4425510.0,,-3.8055148708,-38.4928546946,RUA JOSÉ RIBAMAR SOARES AGUIAR,NONE,cvp,ROUBO A PESSOA,,,Segunda-feira,False,False,,,,ROUBO A PESSOA,AIS 21,CAPITAL LESTE
2.0,AIS 18,,,JACARECANGA,Fortaleza,,Sim,2026-04-27,,,,10:39:45,78242,4425506.0,,-3.7200650402,-38.548050374,AVENIDA FRANCISCO SÁ,NONE,cvp,ROUBO A ESTABELECIMENTO COMERCIAL,,,Segunda-feira,False,False,,,,ROUBO A ESTABELECIMENTO COMERCIAL,AIS 08,CAPITAL OESTE
2.0,AIS 06,,,GENIBAÚ,Fortaleza,,Sim,2026-04-27,,,,15:45:47,78241,4425511.0,,-3.7538534547,-38.6028158858,RUA 24 DE OUTUBRO,NONE,cvp,ROUBO A PESSOA,,,Segunda-feira,False,False,,,,ROUBO A PESSOA,AIS 06,CAPITAL OESTE
2.0,AIS 08,,,ALDEOTA,Fortaleza,,Sim,2026-04-27,,,,19:34:13,78240,4425513.0,,-3.740650811,-38.5070958117,RUA GENERAL MELO MACHADO,NONE,cvp,ROUBO A PESSOA,,,Segunda-feira,False,False,,,,ROUBO A PESSOA,AIS 21,CAPITAL LESTE
2.0,AIS 20,,,CONJUNTO ESPERANCA,Maracanaú,,Sim,2026-04-27,,,,00:02:13,78239,4425602.0,,-3.8559477245,-38.574532726,RUA LUÍS GONZAGA DOS SANTOS,NONE,cvp,ROUBO A PESSOA,,,Segunda-feira,False,False,,,,ROUBO A PESSOA,AIS 20,CAPITAL OESTE
2.0,AIS 16,,,COACU,Eusébio,,Sim,2026-04-27,,,,04:02:22,78238,4425090.0,,-3.839810267,-38.4358742273,RUA MARIA ZULEIDE ROCHA,NONE,cvp,ROUBO A RESIDÊNCIA,,,Segunda-feira,False,False,,,,ROUBO A RESIDÊNCIA,AIS 16,CAPITAL LESTE
2.0,AIS 05,,,FÁTIMA,Fortaleza,,Sim,2026-04-26,,,,18:30:52,78237,4425498.0,,-3.7570423197,-38.5308133861,AVENIDA BORGES DE MELO,NONE,cvp,ROUBO A PESSOA,,,Domingo,False,False,,,,ROUBO A PESSOA,AIS 21,CAPITAL OESTE
2.0,AIS 21,,,EDSON QUEIROZ,Fortaleza,,Sim,2026-04-26,,,,18:18:33,78236,4425497.0,,-3.7785207205,-38.4777581902,RUA DO CORRENTE,NONE,cvp,ROUBO A PESSOA,,,Domingo,False,False,,,,ROUBO A PESSOA,AIS 21,CAPITAL OESTE
2.0,AIS 20,,,JARDIM CEARENSE,Fortaleza,,Sim,2026-04-26,,,,16:41:10,78235,4425495.0,,-3.7964936426,-38.5696689355,AVENIDA GODOFREDO MACIEL,NONE,cvp,ROUBO A PESSOA,,,Domingo,False,False,,,,ROUBO A PESSOA,AIS 05,CAPITAL OESTE
2.0,,,,JANGURURSSU,Fortaleza,,Sim,2026-04-26,,,,15:55:16,78234,4425494.0,,-3.8385205417,-38.5055328147,RUA ALAN PROST,NONE,cvp,ROUBO A PESSOA,,,Domingo,False,False,,,,ROUBO A PESSOA,AIS 16,
2.0,AIS 30,,,,Tauá,,Sim,2026-04-26,,,,03:44:57,78233,4425677.0,,-6.0028811453,-40.2943176633,RUA MONSENHOR JUVINIANO BARRETO,NONE,cvp,ROUBO A PESSOA,,,Domingo,False,False,,,,ROUBO A PESSOA,AIS 30,SUDESTE
2.0,AIS 21,,,EDSON QUEIROZ,Fortaleza,,Sim,2026-04-26,,,,13:37:51,78232,4425493.0,,-3.7683922018,-38.4777469477,AVENIDA WASHINGTON SOARES,NONE,cvp,ROUBO A PESSOA,,,Domingo,False,False,,,,ROUBO A PESSOA,AIS 21,CAPITAL OESTE
2.0,AIS 19,,,JOAQUIM TÁVORA,Fortaleza,,Sim,2026-04-26,,,,12:06:40,78231,4425492.0,,-3.7418222508,-38.5133854012,AVENIDA ANTÔNIO SALES,NONE,cvp,ROUBO A PESSOA,,,Domingo,False,False,,,,ROUBO A PESSOA,AIS 21,CAPITAL LESTE
2.0,AIS 06,,,PADRE ANDRADE,Fortaleza,,Sim,2026-04-26,,,,08:03:30,78230,4425491.0,,-3.7348673792,-38.5819835093,RUA BALDUÍNO FREIRE,NONE,cvp,ROUBO A PESSOA,,,Domingo,False,False,,,,ROUBO A PESSOA,AIS 06,CAPITAL OESTE
2.0,AIS 08,,,MEIRELES,Fortaleza,,Sim,2026-04-26,,,,05:13:24,78229,4425490.0,,-3.72675147,-38.491761738,AVENIDA DA ABOLIÇÃO,NONE,cvp,ROUBO A ESTABELECIMENTO COMERCIAL,,,Domingo,False,False,,,,ROUBO A ESTABELECIMENTO COMERCIAL,AIS 08,CAPITAL LESTE
2.0,AIS 18,,,CENTRO,Fortaleza,,Sim,2026-04-26,,,,16:57:30,78228,4425496.0,,-3.7248251021,-38.5174294129,RUA TENENTE BENÉVOLO,NONE,cvp,ROUBO A PESSOA,,,Domingo,False,False,,,,ROUBO A PESSOA,AIS 08,CAPITAL OESTE
2.0,AIS 24,,,,Aquiraz,,Sim,2026-04-26,,,,11:04:10,78227,4425037.0,,-3.9412184999,-38.2936481197,RUA LUÍS EDUARDO STUDART,NONE,cvp,ROUBO A RESIDÊNCIA,,,Domingo,False,False,,,,ROUBO A RESIDÊNCIA,AIS 24,RMF LESTE
2.0,AIS 12,,,IPARANA,Caucaia,,Sim,2026-04-25,,,,20:23:31,78226,4425066.0,,-3.708713569,-38.6640610071,RUA RAIMUNDO NONATO ALEXANDRE,NONE,cvp,ROUBO A PESSOA,,,Sábado,False,False,,,,ROUBO A PESSOA,AIS 12,RMF OESTE
2.0,AIS 28,,,,Apuiarés,,Sim,2026-04-25,,,,11:00:53,78225,4425626.0,,-3.9476709753,-39.4304528107,RUA JOSE LOPES FILHO,NONE,cvp,ROUBO A PESSOA,,,Sábado,False,False,,,,ROUBO A PESSOA,AIS 28,NORTE
2.0,AIS 05,,,FÁTIMA,Fortaleza,,Sim,2026-04-25,,,,20:03:00,78224,4425482.0,,-3.7494893227,-38.5235217181,AVENIDA AGUANAMBI,NONE,cvp,ROUBO A ESTABELECIMENTO COMERCIAL,,,Sábado,False,False,,,,ROUBO A ESTABELECIMENTO COMERCIAL,AIS 21,CAPITAL OESTE
2.0,AIS 17,,,BOM JARDIM,Fortaleza,,Sim,2026-04-25,,,,15:00:52,78223,4425477.0,,-3.7929642652,-38.594677842,AVENIDA OSCAR ARARIPE,NONE,cvp,ROUBO A PESSOA,,,Sábado,False,False,,,,ROUBO A PESSOA,AIS 06,CAPITAL OESTE
2.0,,,,SAPIRANGA COITÉ,Fortaleza,,Sim,2026-04-25,,,,12:27:59,78222,4425476.0,,-3.8012081902,-38.4788182846,RUA MINISTRO ABNER DE VASCONCELOS,NONE,cvp,ROUBO A PESSOA,,,Sábado,False,False,,,,ROUBO A PESSOA,AIS 21,
2.0,AIS 16,,,GUAJERU,Fortaleza,,Sim,2026-04-25,,,,11:32:45,78221,4425474.0,,-3.8288921467,-38.4791348381,RUA JOSÉ PEREIRA BARROS,NONE,cvp,ROUBO A PESSOA,,,Sábado,False,False,,,,ROUBO A PESSOA,AIS 16,CAPITAL LESTE
2.0,AIS 18,,,CENTRO,Fortaleza,,Sim,2026-04-25,,,,09:11:38,78220,4425473.0,,-3.7282601041,-38.5272381679,RUA PEDRO BORGES,NONE,cvp,ROUBO A PESSOA,,,Sábado,False,False,,,,ROUBO A PESSOA,AIS 21,CAPITAL OESTE
2.0,,,,JANGURURSSU,Fortaleza,,Sim,2026-04-25,,,,08:10:58,78219,4425472.0,,-3.8379016203,-38.5163301437,RUA MANDACARU,NONE,cvp,ROUBO A PESSOA,,,Sábado,False,False,,,,ROUBO A PESSOA,AIS 16,
2.0,AIS 08,,,VARJOTA,Fortaleza,,Sim,2026-04-25,,,,06:38:17,78218,4425470.0,,-3.7392513631,-38.4878360167,RUA DELMIRO GOUVEIA,NONE,cvp,ROUBO A PESSOA,,,Sábado,False,False,,,,ROUBO A PESSOA,AIS 21,CAPITAL LESTE
2.0,AIS 21,,,EDSON QUEIROZ,Fortaleza,,Sim,2026-04-25,,,,06:23:51,78217,4425469.0,,-3.7698297523,-38.4816082893,AVENIDA WASHINGTON SOARES,NONE,cvp,ROUBO A PESSOA,,,Sábado,False,False,,,,ROUBO A PESSOA,AIS 21,CAPITAL OESTE
2.0,AIS 05,,,FÁTIMA,Fortaleza,,Sim,2026-04-25,,,,06:19:00,78216,4425468.0,,-3.7500218709,-38.5288018598,AVENIDA TREZE DE MAIO,NONE,cvp,ROUBO A PESSOA,,,Sábado,False,False,,,,ROUBO A PESSOA,AIS 21,CAPITAL OESTE
2.0,AIS 08,,,MEIRELES,Fortaleza,,Sim,2026-04-25,,,,04:27:57,78215,4425465.0,,-3.7246377334,-38.5029733744,AVENIDA DA ABOLIÇÃO,NONE,cvp,ROUBO A PESSOA,,,Sábado,False,False,,,,ROUBO A PESSOA,AIS 08,CAPITAL LESTE
2.0,AIS 18,,,MOURA BRASIL,Fortaleza,,Sim,2026-04-25,,,,01:06:52,78214,4425463.0,,-3.7181728927,-38.5361569709,AVENIDA PRESIDENTE CASTELO BRANCO,NONE,cvp,ROUBO A PESSOA,,,Sábado,False,False,,,,ROUBO A PESSOA,AIS 08,CAPITAL OESTE
2.0,AIS 19,,,PAPICU,Fortaleza,,Sim,2026-04-25,,,,00:24:42,78213,4425462.0,,-3.7426953547,-38.4779916792,AVENIDA SANTOS DUMONT,NONE,cvp,ROUBO A PESSOA,,,Sábado,False,False,,,,ROUBO A PESSOA,AIS 21,CAPITAL LESTE
2.0,AIS 08,,,MEIRELES,Fortaleza,,Sim,2026-04-25,,,,20:14:50,78212,4425483.0,,-3.7309610245,-38.5002619104,RUA PEREIRA VALENTE,NONE,cvp,ROUBO A PESSOA,,,Sábado,False,False,,,,ROUBO A PESSOA,AIS 21,CAPITAL LESTE
2.0,AIS 21,,,EDSON QUEIROZ,Fortaleza,,Sim,2026-04-25,,,,20:45:48,78211,4425484.0,,-3.7844564777,-38.4802397215,AVENIDA WASHINGTON SOARES,NONE,cvp,ROUBO A PESSOA,,,Sábado,False,False,,,,ROUBO A PESSOA,AIS 21,CAPITAL OESTE
2.0,AIS 21,,,EDSON QUEIROZ,Fortaleza,,Sim,2026-04-25,,,,21:28:44,78210,4425487.0,,-3.7844564777,-38.4802397215,AVENIDA WASHINGTON SOARES,NONE,cvp,ROUBO A PESSOA,,,Sábado,False,False,,,,ROUBO A PESSOA,AIS 21,CAPITAL OESTE
2.0,AIS 05,,,FÁTIMA,Fortaleza,,Sim,2026-04-25,,,,22:42:44,78209,4425489.0,,-3.7506109682,-38.5269297299,RUA CAROLINO DE AQUINO,NONE,cvp,ROUBO A PESSOA,,,Sábado,False,False,,,,ROUBO A PESSOA,AIS 21,CAPITAL OESTE
2.0,AIS 03,,,,Sobral,,Sim,2026-04-25,,,,15:28:54,78208,4425675.0,,-3.70667514,-40.3326949991,RUA MARECHAL RONDON,NONE,cvp,ROUBO A PESSOA,,,Sábado,False,False,,,,ROUBO A PESSOA,AIS 03,NORTE
2.0,AIS 16,,,ANCURI,Eusébio,,Sim,2026-04-25,,,,10:21:24,78207,4425088.0,,-3.8626425964,-38.457114893,RUA MOISÉS BALTAZAR,NONE,cvp,ROUBO A PESSOA,,,Sábado,False,False,,,,ROUBO A PESSOA,AIS 16,CAPITAL LESTE
2.0,AIS 08,,,MEIRELES,Fortaleza,,Sim,2026-04-25,,,,17:53:02,78206,4425479.0,,-3.727610591,-38.4973584133,RUA SILVA JATAHY,NONE,cvp,ROUBO A ESTABELECIMENTO COMERCIAL,,,Sábado,False,False,,,,ROUBO A ESTABELECIMENTO COMERCIAL,AIS 21,CAPITAL LESTE
2.0,AIS 16,,,ANCURI,Itaitinga,,Sim,2026-04-24,,,,12:43:37,78205,4425575.0,,-3.8805795088,-38.5305912942,RUA TURMALINA,NONE,cvp,ROUBO A PESSOA,,,Sexta-feira,False,False,,,,ROUBO A PESSOA,AIS 16,CAPITAL LESTE
2.0,AIS 19,,,COCÓ,Fortaleza,,Sim,2026-04-24,,,,17:40:35,78204,4425459.0,,-3.7440405466,-38.4777897006,RUA VILEBALDO AGUIAR,NONE,cvp,ROUBO A PESSOA,,,Sexta-feira,False,False,,,,ROUBO A PESSOA,AIS 21,CAPITAL LESTE
2.0,AIS 19,,,SÃO JOÃO DO TAUAPE,Fortaleza,,Sim,2026-04-24,,,,19:20:51,78203,4425461.0,,-3.7506140364,-38.4921773828,RUA ISRAEL BEZERRA,NONE,cvp,ROUBO A PESSOA,,,Sexta-feira,False,False,,,,ROUBO A PESSOA,AIS 21,CAPITAL LESTE
2.0,AIS 34,,,,Icó,,Sim,2026-04-24,,,,19:34:30,78202,4425645.0,,-6.4050453018,-38.9521395371,RUA B,NONE,cvp,ROUBO A PESSOA,,,Sexta-feira,False,False,,,,ROUBO A PESSOA,AIS 34,SUL
2.0,AIS 28,,,,Redenção,,Sim,2026-04-24,,,,21:43:25,78201,4425663.0,,-4.3140938472,-38.7422436561,RUA FRANCISCO MARIA SILVA,NONE,cvp,ROUBO A PESSOA,,,Sexta-feira,False,False,,,,ROUBO A PESSOA,AIS 28,NORTE
2.0,AIS 28,,,BATURITE,Baturité,,Sim,2026-04-24,,,,21:38:09,78200,4425630.0,,-4.3309438924,-38.8786405848,RUA PAULO,NONE,cvp,ROUBO A RESIDÊNCIA,,,Sexta-feira,False,False,,,,ROUBO A RESIDÊNCIA,AIS 28,NORTE
2.0,AIS 16,,,PAUPINA,Fortaleza,,Sim,2026-04-24,,,,08:25:23,78199,4425452.0,,-3.8427985244,-38.4937530668,RUA A LOT MESSEJANA,NONE,cvp,ROUBO A PESSOA,,,Sexta-feira,False,False,,,,ROUBO A PESSOA,AIS 16,CAPITAL LESTE
2.0,AIS 05,,,PARANGABA,Fortaleza,,Sim,2026-04-24,,,,08:01:30,78198,4425450.0,,-3.7753162872,-38.5616858413,CICLOVIA METROFOR,NONE,cvp,ROUBO A PESSOA,,,Sexta-feira,False,False,,,,ROUBO A PESSOA,AIS 21,CAPITAL OESTE
2.0,AIS 05,,,MONTESE,Fortaleza,,Sim,2026-04-24,,,,06:05:06,78197,4425449.0,,-3.7608545818,-38.5524685858,RUA DESEMBARGADOR JOÃO FIRMINO,NONE,cvp,ROUBO A PESSOA,,,Sexta-feira,False,False,,,,ROUBO A PESSOA,AIS 21,CAPITAL OESTE
2.0,AIS 20,,,MANOEL SÁTIRO,Fortaleza,,Sim,2026-04-24,,,,04:53:33,78196,4425447.0,,-3.8119847678,-38.5850710233,RUA MACIEL BRITO,NONE,cvp,ROUBO A PESSOA,,,Sexta-feira,False,False,,,,ROUBO A PESSOA,AIS 17,CAPITAL OESTE
2.0,,,,CIRSTO REDENTOR,Fortaleza,,Sim,2026-04-24,,,,01:54:10,78195,4425446.0,,-3.7110131274,-38.5706338141,RUA WALTER POMPEU,NONE,cvp,ROUBO A PESSOA,,,Sexta-feira,False,False,,,,ROUBO A PESSOA,AIS 06,
2.0,AIS 12,,,,Caucaia,,Sim,2026-04-24,,,,15:05:03,78194,4425065.0,,-3.6254054193,-38.7306510041,RUA SUÉCIA,NONE,cvp,ROUBO A PESSOA,,,Sexta-feira,False,False,,,,ROUBO A PESSOA,AIS 12,RMF OESTE
2.0,AIS 05,,,FÁTIMA,Fortaleza,,Sim,2026-04-24,,,,15:08:45,78193,4425456.0,,-3.7493986801,-38.5285241008,RUA NAPOLEÃO LAUREANO,NONE,cvp,ROUBO A PESSOA,,,Sexta-feira,False,False,,,,ROUBO A PESSOA,AIS 21,CAPITAL OESTE
2.0,AIS 16,,,MESSEJANA,Fortaleza,,Sim,2026-04-24,,,,17:38:57,78192,4425458.0,,-3.8204086748,-38.4956154874,RUA JOAQUIM PESSOA,NONE,cvp,ROUBO A PESSOA,,,Sexta-feira,False,False,,,,ROUBO A PESSOA,AIS 21,CAPITAL LESTE
2.0,AIS 05,,,PARANGABA,Fortaleza,,Sim,2026-04-24,,,,08:01:30,77879,4416655.0,,-3.7753162872,-38.5616858413,CICLOVIA METROFOR,NONE,cvp,ROUBO A PESSOA,,,Sexta-feira,False,False,,,,ROUBO A PESSOA,AIS 21,CAPITAL OESTE
2.0,AIS 05,,,MONTESE,Fortaleza,,Sim,2026-04-24,,,,06:05:06,77878,4416654.0,,-3.7608545818,-38.5524685858,RUA DESEMBARGADOR JOÃO FIRMINO,NONE,cvp,ROUBO A PESSOA,,,Sexta-feira,False,False,,,,ROUBO A PESSOA,AIS 21,CAPITAL OESTE
2.0,AIS 20,,,MANOEL SÁTIRO,Fortaleza,,Sim,2026-04-24,,,,04:53:33,77877,4416652.0,,-3.8119847678,-38.5850710233,RUA MACIEL BRITO,NONE,cvp,ROUBO A PESSOA,,,Sexta-feira,False,False,,,,ROUBO A PESSOA,AIS 17,CAPITAL OESTE
2.0,,,,CIRSTO REDENTOR,Fortaleza,,Sim,2026-04-24,,,,01:54:10,77876,4416651.0,,-3.7110131274,-38.5706338141,RUA WALTER POMPEU,NONE,cvp,ROUBO A PESSOA,,,Sexta-feira,False,False,,,,ROUBO A PESSOA,AIS 06,
2.0,AIS 20,,,MONDUBIM,Fortaleza,,Sim,2026-05-08,,,,03:13:47,78401,4426320.0,,-3.804801645,-38.572028949,RUA DOUTOR RODRIGO CODES SANDOVAL,NONE,cvp,ROUBO A PESSOA,,,Sexta-feira,False,True,,,,ROUBO A PESSOA,AIS 17,CAPITAL OESTE
2.0,AIS 20,,,MANOEL SÁTIRO,Fortaleza,,Sim,2026-05-07,,,,05:08:02,78400,4426303.0,,-3.8074067895,-38.5937806509,RUA CÔNEGO DE CASTRO,NONE,cvp,ROUBO A PESSOA,,,Quinta-feira,False,True,,,,ROUBO A PESSOA,AIS 17,CAPITAL OESTE
2.0,AIS 08,,,ALDEOTA,Fortaleza,,Sim,2026-05-07,,,,06:18:06,78399,4426304.0,,-3.7312674171,-38.5148865611,RUA JOÃO CORDEIRO,NONE,cvp,ROUBO A RESIDÊNCIA,,,Quinta-feira,False,True,,,,ROUBO A RESIDÊNCIA,AIS 21,CAPITAL LESTE
2.0,AIS 18,,,JARDIM IRACEMA,Fortaleza,,Sim,2026-05-07,,,,07:40:53,78398,4426306.0,,-3.7304172383,-38.5829657679,RUA ALCÂNTARA BILHAR,NONE,cvp,ROUBO A PESSOA,,,Quinta-feira,False,True,,,,ROUBO A PESSOA,AIS 06,CAPITAL OESTE
2.0,AIS 05,,,PANAMERICANO,Fortaleza,,Sim,2026-05-07,,,,08:22:58,78397,4426307.0,,-3.759434476,-38.5648446255,RUA CEARÁ,NONE,cvp,ROUBO A ESTABELECIMENTO COMERCIAL,,,Quinta-feira,False,True,,,,ROUBO A ESTABELECIMENTO COMERCIAL,AIS 05,CAPITAL OESTE
2.0,AIS 20,,,PARQUE SANTA ROSA,Fortaleza,,Sim,2026-05-07,,,,04:46:33,78396,4426300.0,,-3.8208730785,-38.5976692401,RUA ANTÔNIO MONTEIRO,NONE,cvp,ROUBO A PESSOA,,,Quinta-feira,False,True,,,,ROUBO A PESSOA,AIS 17,CAPITAL OESTE
2.0,AIS 06,,,DOM LUSTOSA,Fortaleza,,Sim,2026-05-07,,,,08:40:38,78395,4426308.0,,-3.757811193,-38.5897183737,AVENIDA SENADOR FERNANDES TÁVORA,NONE,cvp,ROUBO A ESTABELECIMENTO COMERCIAL,,,Quinta-feira,False,True,,,,ROUBO A ESTABELECIMENTO COMERCIAL,AIS 06,CAPITAL OESTE
2.0,AIS 20,,,PARQUE SANTA ROSA,Fortaleza,,Sim,2026-05-07,,,,04:55:16,78394,4426301.0,,-3.8172264498,-38.5978637645,RUA LUÍS GUEDES,NONE,cvp,ROUBO A PESSOA,,,Quinta-feira,False,True,,,,ROUBO A PESSOA,AIS 17,CAPITAL OESTE
2.0,AIS 07,,,,Crateús,,Sim,2026-05-07,,,,07:48:52,78393,4426342.0,,-5.425143522,-40.8573106091,ESTRADA MONTENEBO A ROSÁRIO,NONE,cvp,ROUBO A RESIDÊNCIA,,,Quinta-feira,False,True,,,,ROUBO A RESIDÊNCIA,AIS 07,NORTE
2.0,AIS 21,,,ALTO DA BALANÇA,Fortaleza,,Sim,2026-05-07,,,,20:38:26,78392,4426317.0,,-3.76387565,-38.5176987354,RUA CAPITÃO NOGUEIRA,NONE,cvp,ROUBO A COLETIVO,,,Quinta-feira,False,True,,,,ROUBO A COLETIVO,AIS 21,CAPITAL OESTE
2.0,AIS 05,,,ITAOCA,Fortaleza,,Sim,2026-05-07,,,,20:17:44,78391,4426316.0,,-3.7686241169,-38.5591919681,RUA DOM CARLOTO TÁVORA,NONE,cvp,ROUBO A PESSOA,,,Quinta-feira,False,True,,,,ROUBO A PESSOA,AIS 21,CAPITAL OESTE
2.0,AIS 08,,,VARJOTA,Fortaleza,,Sim,2026-05-07,,,,20:00:10,78390,4426315.0,,-3.7392513632,-38.4878361067,RUA DELMIRO GOUVEIA,NONE,cvp,ROUBO A ESTABELECIMENTO COMERCIAL,,,Quinta-feira,False,True,,,,ROUBO A ESTABELECIMENTO COMERCIAL,AIS 21,CAPITAL LESTE
2.0,AIS 21,,,CIDADE DOS FUNCIONÁRIOS,Fortaleza,,Sim,2026-05-07,,,,18:05:19,78389,4426312.0,,-3.796357063,-38.49939464,AVENIDA OLIVEIRA PAIVA,NONE,cvp,ROUBO A FARMÁCIA,,,Quinta-feira,False,True,,,,ROUBO A FARMÁCIA,AIS 21,CAPITAL OESTE
2.0,AIS 17,,,CANINDEZINHO,Maracanaú,,Sim,2026-05-07,,,,01:46:25,78388,4426338.0,,-3.854349357,-38.5827218189,RUA SÃO JOSÉ,NONE,cvp,ROUBO A ESTABELECIMENTO COMERCIAL,,,Quinta-feira,False,True,,,,ROUBO A ESTABELECIMENTO COMERCIAL,AIS 17,CAPITAL OESTE
2.0,AIS 27,,,,Bela Cruz,,Sim,2026-05-07,,,,02:33:47,78387,4426341.0,,-3.0538013349,-40.1655407262,RUA VICENTE,NONE,cvp,ROUBO A POSTO DE GASOLINA,,,Quinta-feira,False,True,,,,ROUBO A POSTO DE GASOLINA,AIS 27,NORTE
2.0,AIS 12,,,IPARANA,Caucaia,,Sim,2026-05-06,,,,11:29:43,78386,4426222.0,,-3.6764157847,-38.6675389922,RUA VIRGINIA PEREIRA,NONE,cvp,ROUBO A PESSOA,,,Quarta-feira,False,True,,,,ROUBO A PESSOA,AIS 12,RMF OESTE
2.0,,,,JANGURURSSU,Fortaleza,,Sim,2026-05-06,,,,13:13:42,78385,4426292.0,,-3.8331239166,-38.5040022124,RODOVIA SANTOS DUMONT,NONE,cvp,ROUBO A PESSOA,,,Quarta-feira,False,True,,,,ROUBO A PESSOA,AIS 16,
2.0,AIS 05,,,PARANGABA,Fortaleza,,Sim,2026-05-06,,,,12:00:29,78384,4426290.0,,-3.7729886893,-38.5615389516,AVENIDA JOÃO PESSOA,NONE,cvp,ROUBO A PESSOA,,,Quarta-feira,False,True,,,,ROUBO A PESSOA,AIS 21,CAPITAL OESTE
2.0,AIS 05,,,PARANGABA,Fortaleza,,Sim,2026-05-06,,,,11:18:23,78383,4426288.0,,-3.7865841707,-38.5734381739,RUA POLÔNIA,NONE,cvp,ROUBO A PESSOA,,,Quarta-feira,False,True,,,,ROUBO A PESSOA,AIS 05,CAPITAL OESTE
2.0,AIS 08,,,ALDEOTA,Fortaleza,,Sim,2026-05-06,,,,10:31:45,78382,4426287.0,,-3.7364283976,-38.5069238244,AVENIDA BARÃO DE STUDART,NONE,cvp,ROUBO A FARMÁCIA,,,Quarta-feira,False,True,,,,ROUBO A FARMÁCIA,AIS 21,CAPITAL LESTE
2.0,AIS 06,,,HENRIQUE JORGE,Fortaleza,,Sim,2026-05-06,,,,16:46:48,78381,4426295.0,,-3.7603349477,-38.5870405878,RUA ARACAJÚ,NONE,cvp,ROUBO A PESSOA,,,Quarta-feira,False,True,,,,ROUBO A PESSOA,AIS 06,CAPITAL OESTE
2.0,,,,CIRSTO REDENTOR,Fortaleza,,Sim,2026-05-06,,,,15:47:45,78380,4426293.0,,-3.7078851026,-38.568318371,COLONIA,NONE,cvp,ROUBO A PESSOA,,,Quarta-feira,False,True,,,,ROUBO A PESSOA,AIS 06,
2.0,AIS 20,,,PLANALTO AYRTON SENNA,Fortaleza,,Sim,2026-05-05,,,,10:26:29,78379,4426272.0,,-3.8379195804,-38.57477764,RUA DIREITA,NONE,cvp,ROUBO A PESSOA,,,Terça-feira,False,True,,,,ROUBO A PESSOA,AIS 17,CAPITAL OESTE
2.0,AIS 19,,,PAPICU,Fortaleza,,Sim,2026-05-05,,,,12:39:19,78378,4426273.0,,-3.7412988092,-38.4762793114,RUA PEREIRA DE MIRANDA,NONE,cvp,ROUBO A PESSOA,,,Terça-feira,False,True,,,,ROUBO A PESSOA,AIS 08,CAPITAL LESTE
2.0,AIS 05,,,MONTESE,Fortaleza,,Sim,2026-05-05,,,,16:56:14,78377,4426276.0,,-3.764058284,-38.5516168064,RUA EUSÉBIO DE QUEIRÓS,NONE,cvp,ROUBO A PESSOA,,,Terça-feira,False,True,,,,ROUBO A PESSOA,AIS 21,CAPITAL OESTE
2.0,AIS 21,,,JARDIM DAS OLIVEIRAS,Fortaleza,,Sim,2026-05-05,,,,14:21:29,78376,4426275.0,,-3.7843533786,-38.5008560871,RUA DESEMBARGADOR CARVALHO LIMA,NONE,cvp,ROUBO A PESSOA,,,Terça-feira,False,True,,,,ROUBO A PESSOA,AIS 21,CAPITAL OESTE
2.0,AIS 18,,,JARDIM IRACEMA,Fortaleza,,Sim,2026-05-05,,,,05:27:32,78375,4426269.0,,-3.7244458578,-38.5838729032,RUA RIO PARAGUAI,NONE,cvp,ROUBO A PESSOA,,,Terça-feira,False,True,,,,ROUBO A PESSOA,AIS 06,CAPITAL OESTE
2.0,AIS 21,,,PARQUE MANIBURA,Fortaleza,,Sim,2026-05-05,,,,08:39:52,78374,4426270.0,,-3.7946192242,-38.4904541124,RUA PADRE JANUÁRIO CAMPOS,NONE,cvp,ROUBO A ESTABELECIMENTO COMERCIAL,,,Terça-feira,False,True,,,,ROUBO A ESTABELECIMENTO COMERCIAL,AIS 21,CAPITAL OESTE
2.0,AIS 19,,,DIONÍSIO TORRES,Fortaleza,,Sim,2026-05-05,,,,23:56:24,78373,4426283.0,,-3.7486631323,-38.4973124756,AVENIDA SENADOR VIRGÍLIO TÁVORA,NONE,cvp,ROUBO A RESIDÊNCIA,,,Terça-feira,False,True,,,,ROUBO A RESIDÊNCIA,AIS 21,CAPITAL LESTE
2.0,AIS 17,,,BOM JARDIM,Maracanaú,,Sim,2026-05-05,,,,06:14:12,78372,4426333.0,,-3.8295834796,-38.5966670771,RUA JACARANDÁ,NONE,cvp,ROUBO A PESSOA,,,Terça-feira,False,True,,,,ROUBO A PESSOA,AIS 17,CAPITAL OESTE
2.0,AIS 25,,,CHOROZINHO,Chorozinho,,Sim,2026-05-05,,,,17:03:14,78371,4426224.0,,-4.2998000482,-38.4979076766,AVENIDA RAIMUNDO SIMPLÍCIO DE CARVALHO,NONE,cvp,ROUBO A PESSOA,,,Terça-feira,False,True,,,,ROUBO A PESSOA,AIS 25,RMF LESTE
2.0,AIS 17,,,BOM JARDIM,Maracanaú,,Sim,2026-05-05,,,,09:38:48,78370,4426334.0,,-3.8378006802,-38.59401493,RUA DEZOITO,NONE,cvp,ROUBO A PESSOA,,,Terça-feira,False,True,,,,ROUBO A PESSOA,AIS 17,CAPITAL OESTE
2.0,AIS 17,,,PARQUE PRESIDENTE VARGAS,Maracanaú,,Sim,2026-05-05,,,,21:22:01,78369,4426335.0,,-3.871152283,-38.6201572772,RUA 7,NONE,cvp,ROUBO A PESSOA,,,Terça-feira,False,True,,,,ROUBO A PESSOA,AIS 17,CAPITAL OESTE
2.0,AIS 18,,,CENTRO,Fortaleza,,Sim,2026-05-05,,,,00:10:59,78368,4426264.0,,-3.7304156291,-38.5154501347,AVENIDA SANTOS DUMONT,NONE,cvp,ROUBO A PESSOA,,,Terça-feira,False,True,,,,ROUBO A PESSOA,AIS 21,CAPITAL OESTE
2.0,AIS 05,,,SERRINHA,Fortaleza,,Sim,2026-05-05,,,,04:32:09,78367,4426268.0,,-3.7829759119,-38.5464339022,RUA ÁLVARES CABRAL,NONE,cvp,ROUBO A PESSOA,,,Terça-feira,False,True,,,,ROUBO A PESSOA,AIS 21,CAPITAL OESTE
2.0,AIS 05,,,JOSÉ BONIFÁCIO,Fortaleza,,Sim,2026-05-05,,,,03:04:50,78366,4426267.0,,-3.738728013,-38.5320670727,RUA INTERNA,NONE,cvp,ROUBO A PESSOA,,,Terça-feira,False,True,,,,ROUBO A PESSOA,AIS 21,CAPITAL OESTE
2.0,AIS 06,,,BONSUCESSO,Fortaleza,,Sim,2026-05-05,,,,01:39:34,78365,4426266.0,,-3.7787671209,-38.5823313218,RUA RISO DO PRADO,NONE,cvp,ROUBO A PESSOA,,,Terça-feira,False,True,,,,ROUBO A PESSOA,AIS 06,CAPITAL OESTE
2.0,AIS 08,,,MEIRELES,Fortaleza,,Sim,2026-05-11,,,,06:20:14,78517,4426786.0,,-3.7253167387,-38.4995736695,AVENIDA BEIRA MAR,NAN,cvp,ROUBO A PESSOA,,,Segunda-feira,False,False,,,,ROUBO A PESSOA,AIS 08,CAPITAL LESTE
2.0,AIS 05,,,PARANGABA,Fortaleza,,Sim,2026-05-11,,,,01:46:08,78516,4426783.0,,-3.77560447,-38.5633906942,AVENIDA CARLOS AMORA,NAN,cvp,ROUBO A PESSOA,,,Segunda-feira,False,False,,,,ROUBO A PESSOA,AIS 21,CAPITAL OESTE
2.0,AIS 07,,,,Crateús,,Sim,2026-05-11,,,,05:40:39,78515,4426812.0,,-5.1757406944,-40.667004955,RUA CORONEL LÚCIO,NAN,cvp,ROUBO A PESSOA,,,Segunda-feira,False,False,,,,ROUBO A PESSOA,AIS 07,NORTE
2.0,AIS 03,,,,Sobral,,Sim,2026-05-10,,,,11:52:02,78514,4426828.0,,-3.6610625209,-40.3802425229,RUA JOSE PAULA FERREIRA,NAN,cvp,ROUBO A PESSOA,,,Domingo,False,True,,,,ROUBO A PESSOA,AIS 03,NORTE
2.0,AIS 26,,,GUADALAJARA,Caucaia,,Sim,2026-05-10,,,,02:01:38,78513,4426637.0,,-3.7413388712,-38.6601033477,RUA: BARÃO DE IBIAPABA,NAN,cvp,ROUBO A RESIDÊNCIA,,,Domingo,False,True,,,,ROUBO A RESIDÊNCIA,AIS 26,RMF OESTE
2.0,AIS 10,,,IGUATU,Iguatu,,Sim,2026-05-10,,,,05:25:16,78512,4426816.0,,-6.3512740857,-39.314018714,RUA ANTÔNIO EPIFÂNIO DE SOUSA,NAN,cvp,ROUBO A ESTABELECIMENTO COMERCIAL,,,Domingo,False,True,,,,ROUBO A ESTABELECIMENTO COMERCIAL,AIS 10,SUL
2.0,AIS 16,,,ANCURI,Eusébio,,Sim,2026-05-10,,,,20:06:55,78511,4426643.0,,-3.8581278987,-38.4726677103,CE-040,NAN,cvp,ROUBO A PESSOA,,,Domingo,False,True,,,,ROUBO A PESSOA,AIS 16,CAPITAL LESTE
2.0,AIS 16,,,COACU,Eusébio,,Sim,2026-05-10,,,,17:55:53,78510,4426642.0,,-3.8637165956,-38.4430484957,ESTRADA DO FIO,NAN,cvp,ROUBO A POSTO DE GASOLINA,,,Domingo,False,True,,,,ROUBO A POSTO DE GASOLINA,AIS 16,CAPITAL LESTE
2.0,AIS 08,,,ALDEOTA,Fortaleza,,Sim,2026-05-10,,,,01:17:48,78509,4426763.0,,-3.7311305951,-38.5076811602,AVENIDA RUI BARBOSA,NAN,cvp,ROUBO A PESSOA,,,Domingo,False,True,,,,ROUBO A PESSOA,AIS 21,CAPITAL LESTE
2.0,AIS 17,,,CANINDEZINHO,Fortaleza,,Sim,2026-05-10,,,,08:20:00,78508,4426767.0,,-3.8093076976,-38.6027131909,RUA ITATIAIA,NAN,cvp,ROUBO A SUPERMERCADO/MERCANTIL,,,Domingo,False,True,,,,ROUBO A SUPERMERCADO/MERCANTIL,AIS 17,CAPITAL OESTE
2.0,AIS 06,,,BONSUCESSO,Fortaleza,,Sim,2026-05-10,,,,02:24:05,78507,4426764.0,,-3.7825998194,-38.5851135123,RUA EMÍLIO DE MENEZES,NAN,cvp,ROUBO A PESSOA,,,Domingo,False,True,,,,ROUBO A PESSOA,AIS 06,CAPITAL OESTE
2.0,AIS 08,,,ALDEOTA,Fortaleza,,Sim,2026-05-10,,,,08:37:56,78506,4426768.0,,-3.7452279671,-38.4954329161,RUA POETA NAPOLEÃO MENEZES,NAN,cvp,ROUBO A ESTABELECIMENTO COMERCIAL,,,Domingo,False,True,,,,ROUBO A ESTABELECIMENTO COMERCIAL,AIS 21,CAPITAL LESTE
2.0,AIS 05,,,PARANGABA,Fortaleza,,Sim,2026-05-10,,,,09:29:51,78505,4426770.0,,-3.774737577,-38.5629479472,RUA DOM PEDRO II,NAN,cvp,ROUBO A PESSOA,,,Domingo,False,True,,,,ROUBO A PESSOA,AIS 21,CAPITAL OESTE
2.0,AIS 16,,,ANCURI,Fortaleza,,Sim,2026-05-10,,,,10:41:18,78504,4426771.0,,-3.85058818,-38.4953255244,RUA PADRE PEDRO DE ALENCAR,NAN,cvp,ROUBO A POSTO DE GASOLINA,,,Domingo,False,True,,,,ROUBO A POSTO DE GASOLINA,AIS 16,CAPITAL LESTE
2.0,AIS 06,,,ANTÔNIO BEZERRA,Fortaleza,,Sim,2026-05-10,,,,13:48:56,78503,4426772.0,,-3.7393970617,-38.5892512817,AVENIDA MISTER HULL,NAN,cvp,ROUBO A FARMÁCIA,,,Domingo,False,True,,,,ROUBO A FARMÁCIA,AIS 06,CAPITAL OESTE
2.0,AIS 19,,,DIONÍSIO TORRES,Fortaleza,,Sim,2026-05-10,,,,13:54:49,78502,4426773.0,,-3.7467711656,-38.5102620685,AVENIDA BARÃO DE STUDART,NAN,cvp,ROUBO A FARMÁCIA,,,Domingo,False,True,,,,ROUBO A FARMÁCIA,AIS 21,CAPITAL LESTE
2.0,AIS 05,,,JOSÉ BONIFÁCIO,Fortaleza,,Sim,2026-05-10,,,,15:41:18,78501,4426774.0,,-3.7432951906,-38.5235103896,RUA LAURO MAIA,NAN,cvp,ROUBO A PESSOA,,,Domingo,False,True,,,,ROUBO A PESSOA,AIS 21,CAPITAL OESTE
2.0,AIS 21,,,CIDADE DOS FUNCIONÁRIOS,Fortaleza,,Sim,2026-05-10,,,,17:04:43,78500,4426776.0,,-3.7879718946,-38.5017550602,AVENIDA JOSÉ LEON,NAN,cvp,ROUBO A PESSOA,,,Domingo,False,True,,,,ROUBO A PESSOA,AIS 21,CAPITAL OESTE
2.0,AIS 21,,,ENGENHEIRO LUCIANO CAVALCANTE,Fortaleza,,Sim,2026-05-10,,,,17:17:38,78499,4426777.0,,-3.7824125038,-38.4831115595,RUA ARMANDO DALL'OLIO,NAN,cvp,ROUBO A RESIDÊNCIA,,,Domingo,False,True,,,,ROUBO A RESIDÊNCIA,AIS 21,CAPITAL LESTE
2.0,AIS 16,,,MESSEJANA,Fortaleza,,Sim,2026-05-10,,,,20:07:35,78498,4426779.0,,-3.8322388039,-38.4938390804,RUA PADRE PEDRO DE ALENCAR,NAN,cvp,ROUBO A PESSOA,,,Domingo,False,True,,,,ROUBO A PESSOA,AIS 16,CAPITAL LESTE
2.0,AIS 17,,,CANINDEZINHO,Fortaleza,,Sim,2026-05-10,,,,08:03:00,78497,4426766.0,,-3.8169962829,-38.6139510682,AVENIDA GENERAL OSÓRIO DE PAIVA,NAN,cvp,ROUBO A POSTO DE GASOLINA,,,Domingo,False,True,,,,ROUBO A POSTO DE GASOLINA,AIS 17,CAPITAL OESTE
2.0,AIS 16,,,MESSEJANA,Fortaleza,,Sim,2026-05-10,,,,06:35:05,78496,4426765.0,,-3.8176920838,-38.4970016945,AVENIDA FREI CIRILO,NAN,cvp,ROUBO A PESSOA,,,Domingo,False,True,,,,ROUBO A PESSOA,AIS 21,CAPITAL LESTE
2.0,AIS 08,,,ALDEOTA,Fortaleza,,Sim,2026-05-09,,,,22:43:30,78495,4426760.0,,-3.7364283976,-38.5069238244,AVENIDA BARÃO DE STUDART,NAN,cvp,ROUBO A PESSOA,,,Sábado,False,True,,,,ROUBO A PESSOA,AIS 21,CAPITAL LESTE
2.0,AIS 05,,,MONTESE,Fortaleza,,Sim,2026-05-09,,,,19:09:06,78494,4426759.0,,-3.7580122875,-38.5533129693,POLÍGONO 2227,NAN,cvp,ROUBO A PESSOA,,,Sábado,False,True,,,,ROUBO A PESSOA,AIS 21,CAPITAL OESTE
2.0,AIS 20,,,MANOEL SÁTIRO,Fortaleza,,Sim,2026-05-09,,,,18:21:44,78493,4426758.0,,-3.8085353587,-38.5863793956,RUA CENTO E QUATRO,NAN,cvp,ROUBO A PESSOA,,,Sábado,False,True,,,,ROUBO A PESSOA,AIS 17,CAPITAL OESTE
2.0,AIS 18,,,PRESIDENTE KENNEDY,Fortaleza,,Sim,2026-05-09,,,,18:20:10,78492,4426757.0,,-3.7357438875,-38.5664936219,RODOVIA PRESIDENTE JUSCELINO KUBITSCHEK,NAN,cvp,ROUBO A PESSOA,,,Sábado,False,True,,,,ROUBO A PESSOA,AIS 06,CAPITAL OESTE
2.0,AIS 21,,,PARQUE MANIBURA,Fortaleza,,Sim,2026-05-09,,,,04:41:36,78491,4426752.0,,-3.787850434,-38.4828908424,RUA JOÃO REGINO,NAN,cvp,ROUBO A PESSOA,,,Sábado,False,True,,,,ROUBO A PESSOA,AIS 21,CAPITAL OESTE
2.0,AIS 06,,,BONSUCESSO,Fortaleza,,Sim,2026-05-09,,,,23:11:35,78490,4426762.0,,-3.7750210609,-38.5845663107,RUA MENINO JESUS DE PRAGA,NAN,cvp,ROUBO A PESSOA,,,Sábado,False,True,,,,ROUBO A PESSOA,AIS 06,CAPITAL OESTE
2.0,AIS 05,,,PARANGABA,Fortaleza,,Sim,2026-05-09,,,,01:45:27,78489,4426750.0,,-3.7816400734,-38.5650774663,AVENIDA GODOFREDO MACIEL,NAN,cvp,ROUBO A PESSOA,,,Sábado,False,True,,,,ROUBO A PESSOA,AIS 05,CAPITAL OESTE
2.0,,,,PRAIA DO FURUTO II,Fortaleza,,Sim,2026-05-09,,,,04:12:55,78488,4426751.0,,-3.7635068607,-38.4416263467,RUA SERRA DA CALIXTA,NAN,cvp,ROUBO A PESSOA C/ CONSTRANGIMENTO DA LIBERDADE,,,Sábado,False,True,,,,ROUBO A PESSOA C/ CONSTRANGIMENTO DA LIBERDADE,AIS 19,
2.0,AIS 19,,,DIONÍSIO TORRES,Fortaleza,,Sim,2026-05-09,,,,11:32:11,78487,4426755.0,,-3.7477689481,-38.5020097332,AVENIDA DESEMBARGADOR MOREIRA,NAN,cvp,ROUBO A PESSOA,,,Sábado,False,True,,,,ROUBO A PESSOA,AIS 21,CAPITAL LESTE
2.0,AIS 20,,,JARDIM CEARENSE,Fortaleza,,Sim,2026-05-09,,,,11:27:49,78486,4426754.0,,-3.7964936426,-38.5696689355,AVENIDA GODOFREDO MACIEL,NAN,cvp,ROUBO A RESIDÊNCIA,,,Sábado,False,True,,,,ROUBO A RESIDÊNCIA,AIS 05,CAPITAL OESTE
2.0,AIS 08,,,VARJOTA,Fortaleza,,Sim,2026-05-09,,,,00:38:38,78485,4426749.0,,-3.7302899799,-38.4880867866,AVENIDA ANTÔNIO JUSTA,NAN,cvp,ROUBO A PESSOA,,,Sábado,False,True,,,,ROUBO A PESSOA,AIS 08,CAPITAL LESTE
2.0,AIS 03,,,,Sobral,,Sim,2026-05-09,,,,10:54:22,78484,4426827.0,,-3.6911269275,-40.3657705143,RUA ARTHUR DA SILVEIRA BORGES,NAN,cvp,ROUBO A PESSOA,,,Sábado,False,True,,,,ROUBO A PESSOA,AIS 03,NORTE
2.0,AIS 24,,,EUSEBIO,Eusébio,,Sim,2026-05-09,,,,10:05:11,78483,4426640.0,,-3.9199150955,-38.4492212724,RUA JASMIN,NAN,cvp,ROUBO A PESSOA,,,Sábado,False,True,,,,ROUBO A PESSOA,AIS 24,RMF LESTE
2.0,AIS 05,,,PARANGABA,Fortaleza,,Sim,2026-05-08,,,,15:48:30,78482,4426742.0,,-3.7783433412,-38.5715285305,AVENIDA GENERAL OSÓRIO DE PAIVA,NAN,cvp,ROUBO A PESSOA,,,Sexta-feira,False,True,,,,ROUBO A PESSOA,AIS 05,CAPITAL OESTE
2.0,AIS 20,,,MONDUBIM,Fortaleza,,Sim,2026-05-08,,,,03:13:47,78481,4426738.0,,-3.804801645,-38.572028949,RUA DOUTOR RODRIGO CODES SANDOVAL,NAN,cvp,ROUBO A PESSOA,,,Sexta-feira,False,True,,,,ROUBO A PESSOA,AIS 17,CAPITAL OESTE
2.0,AIS 16,,,PARQUE IRACEMA,Fortaleza,,Sim,2026-05-12,,,,07:53:02,78640,4427559.0,,-3.8036615649,-38.4931147037,AVENIDA ENGENHEIRO AGRÔNOMO JOSÉ GUIMARÃES DUQUE,NONE,cvp,ROUBO A PESSOA,,,Terça-feira,False,False,,,,ROUBO A PESSOA,AIS 21,CAPITAL LESTE
2.0,AIS 18,,,VILA VELHA,Fortaleza,,Sim,2026-05-12,,,,07:31:42,78639,4427558.0,,-3.7174055163,-38.595457432,AVENIDA MOZART PINHEIRO DE LUCENA,NONE,cvp,ROUBO A FARMÁCIA,,,Terça-feira,False,False,,,,ROUBO A FARMÁCIA,AIS 06,CAPITAL OESTE
2.0,AIS 21,,,ENGENHEIRO LUCIANO CAVALCANTE,Fortaleza,,Sim,2026-05-12,,,,05:53:29,78638,4427557.0,,-3.7832268068,-38.4816392467,RUA ANTÔNIO FORTES,NONE,cvp,ROUBO A PESSOA,,,Terça-feira,False,False,,,,ROUBO A PESSOA,AIS 21,CAPITAL LESTE
2.0,AIS 07,,,,Crateús,,Sim,2026-05-11,,,,05:40:39,78637,4427586.0,,-5.1757406944,-40.667004955,RUA CORONEL LÚCIO,NONE,cvp,ROUBO A PESSOA,,,Segunda-feira,False,False,,,,ROUBO A PESSOA,AIS 07,NORTE
2.0,AIS 18,,,VILA VELHA,Fortaleza,,Sim,2026-05-11,,,,09:28:40,78636,4427544.0,,-3.7158977219,-38.5978701969,AVENIDA AMBIENTALISTA ARY THIERS,NONE,cvp,ROUBO A PESSOA,,,Segunda-feira,False,False,,,,ROUBO A PESSOA,AIS 06,CAPITAL OESTE
2.0,AIS 18,,,CARLITO PAMPLONA,Fortaleza,,Sim,2026-05-11,,,,09:17:14,78635,4427543.0,,-3.7182562117,-38.5575766555,AVENIDA TENENTE LISBOA,NONE,cvp,ROUBO A PESSOA,,,Segunda-feira,False,False,,,,ROUBO A PESSOA,AIS 06,CAPITAL OESTE
2.0,AIS 08,,,MEIRELES,Fortaleza,,Sim,2026-05-11,,,,06:20:14,78634,4427540.0,,-3.7253167387,-38.4995736695,AVENIDA BEIRA MAR,NONE,cvp,ROUBO A PESSOA,,,Segunda-feira,False,False,,,,ROUBO A PESSOA,AIS 08,CAPITAL LESTE
2.0,AIS 05,,,PARANGABA,Fortaleza,,Sim,2026-05-11,,,,01:46:08,78633,4427537.0,,-3.77560447,-38.5633906942,AVENIDA CARLOS AMORA,NONE,cvp,ROUBO A PESSOA,,,Segunda-feira,False,False,,,,ROUBO A PESSOA,AIS 21,CAPITAL OESTE
2.0,AIS 06,,,RODOLFO TEÓFILO,Fortaleza,,Sim,2026-05-11,,,,20:16:59,78632,4427555.0,,-3.7489191348,-38.5568545461,RUA TAVÁRES IRACEMA,NONE,cvp,ROUBO A PESSOA,,,Segunda-feira,False,False,,,,ROUBO A PESSOA,AIS 05,CAPITAL OESTE
2.0,,,,BOA VISTA,Fortaleza,,Sim,2026-05-11,,,,17:59:55,78631,4427552.0,,-3.8016030595,-38.5291630241,RUA ANTÔNIO FERREIRA,NONE,cvp,ROUBO A PESSOA,,,Segunda-feira,False,False,,,,ROUBO A PESSOA,AIS 21,
2.0,AIS 18,,,PRESIDENTE KENNEDY,Fortaleza,,Sim,2026-05-11,,,,15:21:21,78630,4427550.0,,-3.7274277012,-38.5743676235,AVENIDA VIA FÉRREA SOBRAL - LADO ÍMPAR,NONE,cvp,ROUBO A RESIDÊNCIA,,,Segunda-feira,False,False,,,,ROUBO A RESIDÊNCIA,AIS 06,CAPITAL OESTE
2.0,AIS 21,,,CIDADE DOS FUNCIONÁRIOS,Fortaleza,,Sim,2026-05-11,,,,11:23:18,78629,4427548.0,,-3.7969683877,-38.5027570548,RUA JÚLIO LIMA,NONE,cvp,ROUBO A PESSOA,,,Segunda-feira,False,False,,,,ROUBO A PESSOA,AIS 21,CAPITAL OESTE
2.0,AIS 06,,,QUINTINO CUNHA,Fortaleza,,Sim,2026-05-11,,,,09:52:39,78628,4427546.0,,-3.7314769551,-38.5952886386,RUA XXIX,NONE,cvp,ROUBO A PESSOA,,,Segunda-feira,False,False,,,,ROUBO A PESSOA,AIS 06,CAPITAL OESTE
2.0,AIS 21,,,ALTO DA BALANÇA,Fortaleza,,Sim,2026-05-11,,,,20:41:09,78627,4427556.0,,-3.769233963,-38.5165801498,RUA CAPITĀO CLÓVIS MAIA,NONE,cvp,ROUBO A POSTO DE GASOLINA,,,Segunda-feira,False,False,,,,ROUBO A POSTO DE GASOLINA,AIS 21,CAPITAL OESTE
2.0,AIS 16,,,MESSEJANA,Fortaleza,,Sim,2026-05-11,,,,16:20:23,78626,4427551.0,,-3.8304417604,-38.4851550174,RUA DIONÍSIO ALENCAR FILHO,NONE,cvp,ROUBO A PESSOA,,,Segunda-feira,False,False,,,,ROUBO A PESSOA,AIS 16,CAPITAL LESTE
2.0,AIS 19,,,JOAQUIM TÁVORA,Fortaleza,,Sim,2026-05-11,,,,13:17:34,78625,4427549.0,,-3.7412490856,-38.5180065248,RUA JOÃO CORDEIRO,NONE,cvp,ROUBO A PESSOA,,,Segunda-feira,False,False,,,,ROUBO A PESSOA,AIS 21,CAPITAL LESTE
2.0,AIS 28,,,ACARAPE,Acarape,,Sim,2026-05-13,,,,13:45:03,78773,4428156.0,,-4.2214662668,-38.704628062,RUA JULIETA TINÔCO,NONE,cvp,ROUBO A PESSOA,,,Quarta-feira,False,False,,,,ROUBO A PESSOA,AIS 28,NORTE
2.0,AIS 16,,,MESSEJANA,Fortaleza,,Sim,2026-05-13,,,,12:47:09,78772,4428132.0,,-3.8302940672,-38.4929267062,RUA CORONEL FRANCISCO PEREIRA,NONE,cvp,ROUBO A ESTABELECIMENTO COMERCIAL,,,Quarta-feira,False,False,,,,ROUBO A ESTABELECIMENTO COMERCIAL,AIS 16,CAPITAL LESTE
2.0,AIS 06,,,PARQUE ARAXÁ,Fortaleza,,Sim,2026-05-13,,,,07:29:57,78771,4428129.0,,-3.7370750176,-38.5444183304,AVENIDA JOVITA FEITOSA,NONE,cvp,ROUBO A PESSOA,,,Quarta-feira,False,False,,,,ROUBO A PESSOA,AIS 21,CAPITAL OESTE
2.0,AIS 17,,,BOM JARDIM,Fortaleza,,Sim,2026-05-13,,,,08:54:40,78770,4428130.0,,-3.7988910754,-38.6015730048,RUA SÃO FRANCISCO DO JARDIM,NONE,cvp,ROUBO A PESSOA,,,Quarta-feira,False,False,,,,ROUBO A PESSOA,AIS 06,CAPITAL OESTE
2.0,AIS 08,,,MEIRELES,Fortaleza,,Sim,2026-05-13,,,,05:05:38,78769,4428128.0,,-3.7230184143,-38.5063786425,RUA MONSENHOR BRUNO,NONE,cvp,ROUBO A PESSOA,,,Quarta-feira,False,False,,,,ROUBO A PESSOA,AIS 08,CAPITAL LESTE
2.0,AIS 21,,,PARQUE MANIBURA,Fortaleza,,Sim,2026-05-13,,,,11:09:29,78768,4428131.0,,-3.7956811581,-38.4909958324,AVENIDA OLIVEIRA PAIVA,NONE,cvp,ROUBO A FARMÁCIA,,,Quarta-feira,False,False,,,,ROUBO A FARMÁCIA,AIS 21,CAPITAL OESTE
2.0,AIS 21,,,ENGENHEIRO LUCIANO CAVALCANTE,Fortaleza,,Sim,2026-05-12,,,,05:53:29,78767,4428120.0,,-3.7832268068,-38.4816392467,RUA ANTÔNIO FORTES,NONE,cvp,ROUBO A PESSOA,,,Terça-feira,False,False,,,,ROUBO A PESSOA,AIS 21,CAPITAL LESTE
2.0,AIS 16,,,MESSEJANA,Fortaleza,,Sim,2026-05-12,,,,23:43:25,78766,4428127.0,,-3.8311700822,-38.4891952949,RUA ANTÔNIO BARROS,NONE,cvp,ROUBO A PESSOA,,,Terça-feira,False,False,,,,ROUBO A PESSOA,AIS 16,CAPITAL LESTE
2.0,AIS 18,,,VILA VELHA,Fortaleza,,Sim,2026-05-12,,,,07:31:42,78765,4428121.0,,-3.7174055163,-38.595457432,AVENIDA MOZART PINHEIRO DE LUCENA,NONE,cvp,ROUBO A FARMÁCIA,,,Terça-feira,False,False,,,,ROUBO A FARMÁCIA,AIS 06,CAPITAL OESTE
2.0,AIS 16,,,PARQUE IRACEMA,Fortaleza,,Sim,2026-05-12,,,,07:53:02,78764,4428122.0,,-3.8036615649,-38.4931147037,AVENIDA ENGENHEIRO AGRÔNOMO JOSÉ GUIMARÃES DUQUE,NONE,cvp,ROUBO A PESSOA,,,Terça-feira,False,False,,,,ROUBO A PESSOA,AIS 21,CAPITAL LESTE
2.0,AIS 20,,,MONDUBIM,Fortaleza,,Sim,2026-05-12,,,,15:21:40,78763,4428124.0,,-3.8208561678,-38.5862957792,RUA F,NONE,cvp,ROUBO A ESTABELECIMENTO COMERCIAL,,,Terça-feira,False,False,,,,ROUBO A ESTABELECIMENTO COMERCIAL,AIS 17,CAPITAL OESTE
2.0,AIS 03,,,,Sobral,,Sim,2026-05-12,,,,16:56:32,78762,4428181.0,,-3.6818480106,-40.3412816118,AVENIDA DOUTOR GUARANI,NONE,cvp,ROUBO A RESIDÊNCIA,,,Terça-feira,False,False,,,,ROUBO A RESIDÊNCIA,AIS 03,NORTE
2.0,AIS 01,,,,Quixeramobim,,Sim,2026-05-12,,,,21:59:56,78761,4428173.0,,-5.1884412458,-39.2887958789,AVENIDA HUMBERTO SENA,NONE,cvp,ROUBO A ESTABELECIMENTO COMERCIAL,,,Terça-feira,False,False,,,,ROUBO A ESTABELECIMENTO COMERCIAL,AIS 01,SUDESTE
2.0,AIS 05,,,FÁTIMA,Fortaleza,,Sim,2026-05-15,,,,09:02:44,78938,4429430.0,,-3.7528968367,-38.5225610442,RUA JOÃO LOBO FILHO,NONE,cvp,ROUBO A COLETIVO,,,Sexta-feira,False,False,,,,ROUBO A COLETIVO,AIS 21,CAPITAL OESTE
2.0,,,,BOA VISTA,Fortaleza,,Sim,2026-05-15,,,,05:06:52,78937,4429428.0,,-3.7918610016,-38.5169943231,RUA JOANA MOREIRA,NONE,cvp,ROUBO A POSTO DE GASOLINA,,,Sexta-feira,False,False,,,,ROUBO A POSTO DE GASOLINA,AIS 21,
2.0,,,,JANGURURSSU,Fortaleza,,Sim,2026-05-15,,,,03:29:31,78936,4429426.0,,-3.8308064568,-38.5209537943,AVENIDA GOVERNADOR LEONEL BRIZOLA,NONE,cvp,ROUBO A PESSOA,,,Sexta-feira,False,False,,,,ROUBO A PESSOA,AIS 16,
2.0,AIS 20,,,MANOEL SÁTIRO,Fortaleza,,Sim,2026-05-15,,,,04:50:21,78935,4429427.0,,-3.804442476,-38.5843481026,RUA PROFESSOR GLAUCO LOBO,NONE,cvp,ROUBO A PESSOA,,,Sexta-feira,False,False,,,,ROUBO A PESSOA,AIS 17,CAPITAL OESTE
2.0,AIS 16,,,ANCURI,Fortaleza,,Sim,2026-05-15,,,,08:32:06,78934,4429429.0,,-3.8676985407,-38.5095975758,RODOVIA 4º ANEL VIÁRIO,NONE,cvp,ROUBO A PESSOA,,,Sexta-feira,False,False,,,,ROUBO A PESSOA,AIS 16,CAPITAL LESTE
2.0,AIS 04,,,,Itapipoca,,Sim,2026-05-14,,,,10:38:22,78933,4429476.0,,-3.6777658719,-40.3489390469,RUA PEDRO MENDES CARNEIRO,NONE,cvp,ROUBO A ESTABELECIMENTO COMERCIAL,,,Quinta-feira,False,False,,,,ROUBO A ESTABELECIMENTO COMERCIAL,AIS 04,NORDESTE
2.0,AIS 12,,,INDUSTRIAL,Maracanaú,,Sim,2026-05-14,,,,04:21:21,78932,4429456.0,,-3.8776430545,-38.6190317459,RUA 10,NONE,cvp,ROUBO A ESTABELECIMENTO COMERCIAL,,,Quinta-feira,False,False,,,,ROUBO A ESTABELECIMENTO COMERCIAL,AIS 12,RMF OESTE
2.0,AIS 28,,,,Canindé,,Sim,2026-05-14,,,,10:08:51,78931,4429464.0,,-7.068049053,-40.3704065797,RUA DA PATRIARCA,NONE,cvp,ROUBO A PESSOA,,,Quinta-feira,False,False,,,,ROUBO A PESSOA,AIS 28,NORTE
2.0,AIS 17,,,CANINDEZINHO,Maracanaú,,Sim,2026-05-14,,,,18:25:56,78930,4429457.0,,-3.8489139562,-38.5987210818,AVENIDA SENADOR VIRGÍLIO TÁVORA,NONE,cvp,ROUBO A PESSOA C/ CONSTRANGIMENTO DA LIBERDADE,,,Quinta-feira,False,False,,,,ROUBO A PESSOA C/ CONSTRANGIMENTO DA LIBERDADE,AIS 17,CAPITAL OESTE
2.0,AIS 07,,,,Crateús,,Sim,2026-05-14,,,,10:24:21,78929,4429468.0,,-3.6818162187,-40.3412521252,AVENIDA DOUTOR GUARANI,NONE,cvp,ROUBO A PESSOA,,,Quinta-feira,False,False,,,,ROUBO A PESSOA,AIS 07,NORTE
2.0,AIS 03,,,,Sobral,,Sim,2026-05-14,,,,10:13:21,78928,4429495.0,,-3.6818525458,-40.3413329342,AVENIDA DOUTOR GUARANI,NONE,cvp,ROUBO A RESIDÊNCIA,,,Quinta-feira,False,False,,,,ROUBO A RESIDÊNCIA,AIS 03,NORTE
2.0,AIS 03,,,,Sobral,,Sim,2026-05-14,,,,10:21:21,78927,4429498.0,,-3.6818273451,-40.3413108398,AVENIDA DOUTOR GUARANI,NONE,cvp,ROUBO A RESIDÊNCIA,,,Quinta-feira,False,False,,,,ROUBO A RESIDÊNCIA,AIS 03,NORTE
2.0,AIS 03,,,,Sobral,,Sim,2026-05-14,,,,10:14:21,78926,4429497.0,,-3.6818421732,-40.3413140129,AVENIDA DOUTOR GUARANI,NONE,cvp,ROUBO A PESSOA,,,Quinta-feira,False,False,,,,ROUBO A PESSOA,AIS 03,NORTE
2.0,AIS 03,,,,Sobral,,Sim,2026-05-14,,,,10:13:51,78925,4429496.0,,-3.6818421732,-40.3413140129,AVENIDA DOUTOR GUARANI,NONE,cvp,ROUBO A ESTABELECIMENTO COMERCIAL,,,Quinta-feira,False,False,,,,ROUBO A ESTABELECIMENTO COMERCIAL,AIS 03,NORTE
2.0,AIS 03,,,,Sobral,,Sim,2026-05-14,,,,10:10:36,78924,4429490.0,,-3.6777069107,-40.3392429661,AVENIDA MARGARIDA MOURA,NONE,cvp,ROUBO A PESSOA,,,Quinta-feira,False,False,,,,ROUBO A PESSOA,AIS 03,NORTE
2.0,AIS 03,,,,Sobral,,Sim,2026-05-14,,,,10:11:51,78923,4429491.0,,-3.676916485,-40.3387819282,AVENIDA MARGARIDA MOURA,NONE,cvp,ROUBO A ESTABELECIMENTO COMERCIAL,,,Quinta-feira,False,False,,,,ROUBO A ESTABELECIMENTO COMERCIAL,AIS 03,NORTE
2.0,AIS 03,,,,Sobral,,Sim,2026-05-14,,,,10:12:21,78922,4429492.0,,-3.6769244001,-40.3387510607,AVENIDA MARGARIDA MOURA,NONE,cvp,ROUBO A PESSOA,,,Quinta-feira,False,False,,,,ROUBO A PESSOA,AIS 03,NORTE
2.0,AIS 03,,,,Sobral,,Sim,2026-05-14,,,,10:38:07,78921,4429500.0,,-3.6777658719,-40.3489390469,RUA PEDRO MENDES CARNEIRO,NONE,cvp,ROUBO A RESIDÊNCIA,,,Quinta-feira,False,False,,,,ROUBO A RESIDÊNCIA,AIS 03,NORTE
2.0,AIS 06,,,AMADEU FURTADO,Fortaleza,,Sim,2026-05-14,,,,11:49:45,78920,4429418.0,,-3.7483852134,-38.560814405,AVENIDA HUMBERTO MONTE,NONE,cvp,ROUBO A FARMÁCIA,,,Quinta-feira,False,False,,,,ROUBO A FARMÁCIA,AIS 05,CAPITAL OESTE
2.0,AIS 05,,,ITAPERI,Fortaleza,,Sim,2026-05-14,,,,09:42:33,78919,4429417.0,,-3.7918972781,-38.5439130579,RUA PEDRO ÁGUIAR,NONE,cvp,ROUBO A PESSOA,,,Quinta-feira,False,False,,,,ROUBO A PESSOA,AIS 21,CAPITAL OESTE
2.0,AIS 08,,,ALDEOTA,Fortaleza,,Sim,2026-05-14,,,,09:10:41,78918,4429416.0,,-3.7413741524,-38.5040146334,RUA TIBÚRCIO CAVALCANTE,NONE,cvp,ROUBO A PESSOA,,,Quinta-feira,False,False,,,,ROUBO A PESSOA,AIS 21,CAPITAL LESTE
2.0,AIS 18,,,FARIAS BRITO,Fortaleza,,Sim,2026-05-14,,,,05:15:46,78917,4429415.0,,-3.7335839858,-38.5409095371,RUA RÚBIA SAMPAIO,NONE,cvp,ROUBO A PESSOA,,,Quinta-feira,False,False,,,,ROUBO A PESSOA,AIS 21,CAPITAL OESTE
2.0,AIS 19,,,DE LOURDES,Fortaleza,,Sim,2026-05-14,,,,13:50:35,78916,4429420.0,,-3.7350413168,-38.4665502043,AVENIDA PROFESSOR EUCLIDES CESAR,NONE,cvp,ROUBO A RESIDÊNCIA,,,Quinta-feira,False,False,,,,ROUBO A RESIDÊNCIA,AIS 08,CAPITAL LESTE
2.0,AIS 08,,,ALDEOTA,Fortaleza,,Sim,2026-05-14,,,,19:16:32,78915,4429425.0,,-3.7370761996,-38.4982863544,AVENIDA SANTOS DUMONT,NONE,cvp,ROUBO A PESSOA,,,Quinta-feira,False,False,,,,ROUBO A PESSOA,AIS 21,CAPITAL LESTE
2.0,AIS 21,,,EDSON QUEIROZ,Fortaleza,,Sim,2026-05-14,,,,15:30:43,78914,4429422.0,,-3.758036377,-38.4853883463,RUA DOUTOR MÁRLIO FERNANDES,NONE,cvp,ROUBO A PESSOA,,,Quinta-feira,False,False,,,,ROUBO A PESSOA,AIS 21,CAPITAL OESTE
2.0,AIS 16,,,MESSEJANA,Fortaleza,,Sim,2026-05-14,,,,18:28:14,78913,4429424.0,,-3.8176920838,-38.4970016945,AVENIDA FREI CIRILO,NONE,cvp,ROUBO A ESTABELECIMENTO COMERCIAL,,,Quinta-feira,False,False,,,,ROUBO A ESTABELECIMENTO COMERCIAL,AIS 21,CAPITAL LESTE
2.0,AIS 06,,,HENRIQUE JORGE,Fortaleza,,Sim,2026-05-14,,,,12:00:37,78912,4429419.0,,-3.7637709044,-38.5799205119,RUA DESEMBARGADOR LUÍS PAULINO,NONE,cvp,ROUBO A ESTABELECIMENTO COMERCIAL,,,Quinta-feira,False,False,,,,ROUBO A ESTABELECIMENTO COMERCIAL,AIS 06,CAPITAL OESTE
2.0,AIS 21,,,CAMBEBA,Fortaleza,,Sim,2026-05-13,,,,18:41:16,78911,4429412.0,,-3.8012553286,-38.4810729232,RUA CRISANTO MOREIRA DA ROCHA,NONE,cvp,ROUBO A PESSOA,,,Quarta-feira,False,False,,,,ROUBO A PESSOA,AIS 21,CAPITAL OESTE
2.0,AIS 19,,,DIONÍSIO TORRES,Fortaleza,,Sim,2026-05-13,,,,22:37:52,78910,4429413.0,,-3.7461314357,-38.4994961377,AVENIDA ANTÔNIO SALES,NONE,cvp,ROUBO A PESSOA,,,Quarta-feira,False,False,,,,ROUBO A PESSOA,AIS 21,CAPITAL LESTE
2.0,AIS 08,,,MEIRELES,Fortaleza,,Sim,2026-05-13,,,,05:05:38,78909,4429406.0,,-3.7230184143,-38.5063786425,RUA MONSENHOR BRUNO,NONE,cvp,ROUBO A PESSOA,,,Quarta-feira,False,False,,,,ROUBO A PESSOA,AIS 08,CAPITAL LESTE
2.0,AIS 06,,,PARQUE ARAXÁ,Fortaleza,,Sim,2026-05-13,,,,07:29:57,78908,4429407.0,,-3.7370750176,-38.5444183304,AVENIDA JOVITA FEITOSA,NONE,cvp,ROUBO A PESSOA,,,Quarta-feira,False,False,,,,ROUBO A PESSOA,AIS 21,CAPITAL OESTE
2.0,AIS 17,,,BOM JARDIM,Fortaleza,,Sim,2026-05-13,,,,08:54:40,78907,4429408.0,,-3.7988910754,-38.6015730048,RUA SÃO FRANCISCO DO JARDIM,NONE,cvp,ROUBO A PESSOA,,,Quarta-feira,False,False,,,,ROUBO A PESSOA,AIS 06,CAPITAL OESTE
2.0,AIS 21,,,PARQUE MANIBURA,Fortaleza,,Sim,2026-05-13,,,,11:09:29,78906,4429409.0,,-3.7956811581,-38.4909958324,AVENIDA OLIVEIRA PAIVA,NONE,cvp,ROUBO A FARMÁCIA,,,Quarta-feira,False,False,,,,ROUBO A FARMÁCIA,AIS 21,CAPITAL OESTE
2.0,AIS 16,,,MESSEJANA,Fortaleza,,Sim,2026-05-13,,,,12:47:09,78905,4429410.0,,-3.8302940672,-38.4929267062,RUA CORONEL FRANCISCO PEREIRA,NONE,cvp,ROUBO A ESTABELECIMENTO COMERCIAL,,,Quarta-feira,False,False,,,,ROUBO A ESTABELECIMENTO COMERCIAL,AIS 16,CAPITAL LESTE
2.0,AIS 06,,,HENRIQUE JORGE,Fortaleza,,Sim,2026-05-13,,,,15:40:17,78904,4429411.0,,-3.7685436564,-38.57841902,AVENIDA LINEU MACHADO,NONE,cvp,ROUBO A PESSOA,,,Quarta-feira,False,False,,,,ROUBO A PESSOA,AIS 05,CAPITAL OESTE
2.0,AIS 28,,,ACARAPE,Acarape,,Sim,2026-05-13,,,,13:45:03,78903,4429459.0,,-4.2214662668,-38.704628062,RUA JULIETA TINÔCO,NONE,cvp,ROUBO A PESSOA,,,Quarta-feira,False,False,,,,ROUBO A PESSOA,AIS 28,NORTE
2.0,AIS 12,,,IPARANA,Caucaia,,Sim,2026-05-20,,,,01:42:13,79168,4430914.0,,-3.6949331711,-38.6540129039,RUA NEUZA VALE DE AGUIAR,NONE,cvp,ROUBO A RESIDÊNCIA,,,Quarta-feira,False,False,,,,ROUBO A RESIDÊNCIA,AIS 12,RMF OESTE
2.0,AIS 17,,,CANINDEZINHO,Maracanaú,,Sim,2026-05-20,,,,03:58:08,79167,4431212.0,,-3.8421122536,-38.5686634134,AVENIDA DA ALEGRIA,NONE,cvp,ROUBO A PESSOA,,,Quarta-feira,False,False,,,,ROUBO A PESSOA,AIS 17,CAPITAL OESTE
2.0,AIS 06,,,PADRE ANDRADE,Fortaleza,,Sim,2026-05-20,,,,08:35:14,79166,4431180.0,,-3.7352282665,-38.5818252018,RUA BALDUÍNO FREIRE,NONE,cvp,ROUBO A PESSOA,,,Quarta-feira,False,False,,,,ROUBO A PESSOA,AIS 06,CAPITAL OESTE
2.0,AIS 08,,,MEIRELES,Fortaleza,,Sim,2026-05-20,,,,05:26:09,79165,4431179.0,,-3.72635446,-38.5062592643,AVENIDA RUI BARBOSA,NONE,cvp,ROUBO A PESSOA,,,Quarta-feira,False,False,,,,ROUBO A PESSOA,AIS 21,CAPITAL LESTE
2.0,AIS 21,,,CIDADE DOS FUNCIONÁRIOS,Fortaleza,,Sim,2026-05-20,,,,01:56:22,79164,4431177.0,,-3.7908831721,-38.507424734,RUA TENENTE NICOLAU,NONE,cvp,ROUBO A PESSOA,,,Quarta-feira,False,False,,,,ROUBO A PESSOA,AIS 21,CAPITAL OESTE
2.0,AIS 20,,,PLANALTO AYRTON SENNA,Pacatuba,,Sim,2026-05-19,,,,23:31:31,79163,4431216.0,,-3.880300761,-38.5848618051,RUA CÍCERO RODRIGUES DE MOURA,NONE,cvp,ROUBO A PESSOA,,,Terça-feira,False,False,,,,ROUBO A PESSOA,AIS 20,CAPITAL OESTE
2.0,AIS 21,,,CIDADE DOS FUNCIONÁRIOS,Fortaleza,,Sim,2026-05-19,,,,01:30:51,79162,4431166.0,,-3.7894706144,-38.5091287434,RUA PROFESSORA EMÍLIA PEREIRA,NONE,cvp,ROUBO A PESSOA,,,Terça-feira,False,False,,,,ROUBO A PESSOA,AIS 21,CAPITAL OESTE
2.0,AIS 18,,,CENTRO,Fortaleza,,Sim,2026-05-19,,,,17:25:03,79161,4431172.0,,-3.732722277,-38.5321571563,PRACA CLOVIS BEVILAQUA,NONE,cvp,ROUBO A PESSOA,,,Terça-feira,False,False,,,,ROUBO A PESSOA,AIS 21,CAPITAL OESTE
2.0,AIS 19,,,PRAIA DO FUTURO I,Fortaleza,,Sim,2026-05-19,,,,16:31:02,79160,4431171.0,,-3.7489035859,-38.4467844138,AVENIDA CLÓVIS ARRAIS MAIA,NONE,cvp,ROUBO A PESSOA,,,Terça-feira,False,False,,,,ROUBO A PESSOA,AIS 08,CAPITAL LESTE
2.0,AIS 05,,,FÁTIMA,Fortaleza,,Sim,2026-05-19,,,,04:30:06,79159,4431168.0,,-3.7546236463,-38.5291949222,RUA GRACILIANO RAMOS,NONE,cvp,ROUBO A PESSOA,,,Terça-feira,False,False,,,,ROUBO A PESSOA,AIS 21,CAPITAL OESTE
2.0,AIS 05,,,FÁTIMA,Fortaleza,,Sim,2026-05-19,,,,02:37:08,79158,4431167.0,,-3.7573269525,-38.5303587177,AVENIDA DEPUTADO OSWALDO STUDART,NONE,cvp,ROUBO A PESSOA,,,Terça-feira,False,False,,,,ROUBO A PESSOA,AIS 21,CAPITAL OESTE
2.0,AIS 19,,,JOAQUIM TÁVORA,Fortaleza,,Sim,2026-05-19,,,,17:31:39,79157,4431174.0,,-3.7405205674,-38.5167049097,RUA ANTÔNIO AUGUSTO,NONE,cvp,ROUBO A PESSOA,,,Terça-feira,False,False,,,,ROUBO A PESSOA,AIS 21,CAPITAL LESTE
2.0,AIS 08,,,MEIRELES,Fortaleza,,Sim,2026-05-19,,,,22:42:55,79156,4431176.0,,-3.7296679441,-38.5055957924,RUA VALMAN CASTRO DE MIRANDA,NONE,cvp,ROUBO A PESSOA,,,Terça-feira,False,False,,,,ROUBO A PESSOA,AIS 21,CAPITAL LESTE
2.0,AIS 18,,,ÁLVARO WEYNE,Fortaleza,,Sim,2026-05-18,,,,19:25:40,79155,4431160.0,,-3.7142346966,-38.5651991917,RUA Fᶜᵒ. SALGADO,NONE,cvp,ROUBO A FARMÁCIA,,,Segunda-feira,False,False,,,,ROUBO A FARMÁCIA,AIS 06,CAPITAL OESTE
2.0,AIS 18,,,MONTE CASTELO,Fortaleza,,Sim,2026-05-18,,,,20:02:49,79154,4431161.0,,-3.7232115101,-38.5589945093,CANAL - RABO DA GATA,NONE,cvp,ROUBO A RESIDÊNCIA,,,Segunda-feira,False,False,,,,ROUBO A RESIDÊNCIA,AIS 06,CAPITAL OESTE
2.0,AIS 05,,,ITAOCA,Fortaleza,,Sim,2026-05-18,,,,21:55:54,79153,4431162.0,,-3.7716533665,-38.5564870648,RUA LIVINO DE CARVALHO,NONE,cvp,ROUBO A PESSOA,,,Segunda-feira,False,False,,,,ROUBO A PESSOA,AIS 21,CAPITAL OESTE
2.0,AIS 19,,,JOAQUIM TÁVORA,Fortaleza,,Sim,2026-05-18,,,,22:37:26,79152,4431164.0,,-3.752329446,-38.5142349477,RUA CAPITÃO MELO,NONE,cvp,ROUBO A COLETIVO,,,Segunda-feira,False,False,,,,ROUBO A COLETIVO,AIS 21,CAPITAL LESTE
2.0,AIS 18,,,FARIAS BRITO,Fortaleza,,Sim,2026-05-18,,,,00:16:22,79151,4431144.0,,-3.732338234,-38.5408529095,RUA RÚBIA SAMPAIO,NONE,cvp,ROUBO A RESIDÊNCIA,,,Segunda-feira,False,False,,,,ROUBO A RESIDÊNCIA,AIS 05,CAPITAL OESTE
2.0,AIS 05,,,MARAPONGA,Fortaleza,,Sim,2026-05-18,,,,01:42:07,79150,4431147.0,,-3.7927118266,-38.5656191495,RUA NORUEGA,NONE,cvp,ROUBO A PESSOA,,,Segunda-feira,False,False,,,,ROUBO A PESSOA,AIS 05,CAPITAL OESTE
2.0,AIS 08,,,PRAIA DE IRACEMA,Fortaleza,,Sim,2026-05-18,,,,03:44:10,79149,4431149.0,,-3.7217055918,-38.5188079308,RUA DRAGÃO DO MAR,NONE,cvp,ROUBO A PESSOA,,,Segunda-feira,False,False,,,,ROUBO A PESSOA,AIS 08,CAPITAL LESTE
2.0,AIS 08,,,PRAIA DE IRACEMA,Fortaleza,,Sim,2026-05-18,,,,05:23:48,79148,4431150.0,,-3.7215364753,-38.5189087018,RUA DRAGÃO DO MAR,NONE,cvp,ROUBO A PESSOA,,,Segunda-feira,False,False,,,,ROUBO A PESSOA,AIS 08,CAPITAL LESTE
2.0,AIS 19,,,PAPICU,Fortaleza,,Sim,2026-05-18,,,,10:53:00,79147,4431151.0,,-3.7401534756,-38.4824401553,RUA VALDETÁRIO MOTA,NONE,cvp,ROUBO A PESSOA,,,Segunda-feira,False,False,,,,ROUBO A PESSOA,AIS 21,CAPITAL LESTE
2.0,AIS 19,,,DIONÍSIO TORRES,Fortaleza,,Sim,2026-05-18,,,,12:53:25,79146,4431152.0,,-3.7478538898,-38.4964827176,AVENIDA SENADOR VIRGÍLIO TÁVORA,NONE,cvp,ROUBO A FARMÁCIA,,,Segunda-feira,False,False,,,,ROUBO A FARMÁCIA,AIS 21,CAPITAL LESTE
2.0,AIS 21,,,CIDADE DOS FUNCIONÁRIOS,Fortaleza,,Sim,2026-05-18,,,,14:58:57,79145,4431153.0,,-3.7912344193,-38.5061036263,RUA B1,NONE,cvp,ROUBO A PESSOA,,,Segunda-feira,False,False,,,,ROUBO A PESSOA,AIS 21,CAPITAL OESTE
2.0,AIS 05,,,AEROPORTO,Fortaleza,,Sim,2026-05-18,,,,14:59:31,79144,4431154.0,,-3.7613862813,-38.5209439581,AVENIDA BORGES DE MELO,NONE,cvp,ROUBO A COLETIVO,,,Segunda-feira,False,False,,,,ROUBO A COLETIVO,AIS 21,CAPITAL OESTE
2.0,AIS 08,,,ALDEOTA,Fortaleza,,Sim,2026-05-18,,,,18:19:23,79143,4431157.0,,-3.7394360926,-38.4970295637,RUA LEONARDO MOTA,NONE,cvp,ROUBO A PESSOA,,,Segunda-feira,False,False,,,,ROUBO A PESSOA,AIS 21,CAPITAL LESTE
2.0,AIS 08,,,ALDEOTA,Fortaleza,,Sim,2026-05-18,,,,18:33:38,79142,4431158.0,,-3.7444072535,-38.4951054959,RUA ANTÔNIO DE PÁDUA NEVES JÚNIOR,NONE,cvp,ROUBO A PESSOA,,,Segunda-feira,False,False,,,,ROUBO A PESSOA,AIS 21,CAPITAL LESTE
2.0,AIS 34,,,ICO,Icó,,Sim,2026-05-17,,,,21:38:53,79141,4431234.0,,-6.3648498914,-38.7840621995,RODOVIA SANTOS DUMONT,NONE,cvp,ROUBO DE CARGA,,,Domingo,False,False,,,,ROUBO DE CARGA,AIS 34,SUL
2.0,AIS 01,,,,Quixeramobim,,Sim,2026-05-17,,,,02:40:10,79140,4431247.0,,-5.1940641465,-39.3042349155,TRAVESSA ANTÔNIO SARAÍVA,NONE,cvp,ROUBO A RESIDÊNCIA,,,Domingo,False,False,,,,ROUBO A RESIDÊNCIA,AIS 01,SUDESTE
2.0,AIS 25,,,PACAJUS,Pacajus,,Sim,2026-05-17,,,,10:59:47,79139,4431213.0,,-4.1789745967,-38.4746543067,RUA FRANCISCO FERREIRA LIMA,NONE,cvp,ROUBO A PESSOA,,,Domingo,False,False,,,,ROUBO A PESSOA,AIS 25,RMF LESTE
2.0,AIS 07,,,CATUNDA,Catunda,,Sim,2026-05-17,,,,11:30:19,79138,4431224.0,,-4.6540368532,-40.2001503493,RUA MANOEL NOÉ ROSA CHAVES,NONE,cvp,ROUBO A ESTABELECIMENTO COMERCIAL,,,Domingo,False,False,,,,ROUBO A ESTABELECIMENTO COMERCIAL,AIS 07,NORTE
2.0,AIS 05,,,JARDIM GUANABARA,Fortaleza,,Sim,2026-05-17,,,,08:15:51,79137,4431138.0,,-3.7233175725,-38.587362753,RUA MARIO CAMPOS,NONE,cvp,ROUBO A RESIDÊNCIA,,,Domingo,False,False,,,,ROUBO A RESIDÊNCIA,AIS 06,CAPITAL OESTE
2.0,AIS 17,,,BOM JARDIM,Fortaleza,,Sim,2026-05-17,,,,07:56:21,79136,4431137.0,,-3.7909335141,-38.6017782976,BOM JARDIM,NONE,cvp,ROUBO A PESSOA,,,Domingo,False,False,,,,ROUBO A PESSOA,AIS 06,CAPITAL OESTE
2.0,AIS 05,,,VILA UNIĂO,Fortaleza,,Sim,2026-05-17,,,,06:47:29,79135,4431136.0,,-3.767431189,-38.5333354814,RUA HELVÉCIO MONTE,NONE,cvp,ROUBO A PESSOA,,,Domingo,False,False,,,,ROUBO A PESSOA,AIS 21,CAPITAL OESTE
2.0,AIS 17,,,GRANJA LISBOA,Fortaleza,,Sim,2026-05-17,,,,01:35:44,79134,4431135.0,,-3.7902046205,-38.6092956639,RUA CORONEL JOÃO CORREIA,NONE,cvp,ROUBO A PESSOA,,,Domingo,False,False,,,,ROUBO A PESSOA,AIS 06,CAPITAL OESTE
2.0,AIS 05,,,JARDIM AMÉRICA,Fortaleza,,Sim,2026-05-17,,,,10:38:14,79133,4431141.0,,-3.7558533974,-38.541311116,AVENIDA PROFESSOR GOMES DE MATOS,NONE,cvp,ROUBO A PESSOA,,,Domingo,False,False,,,,ROUBO A PESSOA,AIS 21,CAPITAL OESTE
2.0,AIS 18,,,SÃO GERARDO,Fortaleza,,Sim,2026-05-17,,,,19:06:58,79132,4431142.0,,-3.7320121248,-38.5494348975,AVENIDA BEZERRA DE MENEZES,NONE,cvp,ROUBO A FARMÁCIA,,,Domingo,False,False,,,,ROUBO A FARMÁCIA,AIS 05,CAPITAL OESTE
2.0,AIS 09,,,,Tabuleiro do Norte,,Sim,2026-05-17,,,,04:17:35,79131,4431267.0,,-4.9377499512,-37.974234322,RUA PADRE RAUL VIÊIRA,NONE,cvp,ROUBO A PESSOA,,,Domingo,False,False,,,,ROUBO A PESSOA,AIS 09,SUDESTE
2.0,AIS 17,,,GRANJA PORTUGAL,Fortaleza,,Sim,2026-05-17,,,,10:17:38,79130,4431140.0,,-3.7739414658,-38.5986557729,RUA CAPITÃO THEÓGENES GONDIM,NONE,cvp,ROUBO A PESSOA,,,Domingo,False,False,,,,ROUBO A PESSOA,AIS 06,CAPITAL OESTE
2.0,AIS 17,,,GRANJA PORTUGAL,Fortaleza,,Sim,2026-05-17,,,,08:36:49,79129,4431139.0,,-3.7774403109,-38.5993164647,RUA VITAL BRASIL,NONE,cvp,ROUBO A PESSOA,,,Domingo,False,False,,,,ROUBO A PESSOA,AIS 06,CAPITAL OESTE
2.0,AIS 05,,,MARAPONGA,Fortaleza,,Sim,2026-05-16,,,,07:39:10,79128,4431120.0,,-3.7897255446,-38.5651190928,RUA NORUEGA,NONE,cvp,ROUBO A PESSOA,,,Sábado,False,False,,,,ROUBO A PESSOA,AIS 05,CAPITAL OESTE
2.0,,,,GENTILÂNDIA,Fortaleza,,Sim,2026-05-16,,,,05:53:45,79127,4431119.0,,-3.7443833642,-38.5384210886,RUA JOÃO GENTIL,NONE,cvp,ROUBO A PESSOA,,,Sábado,False,False,,,,ROUBO A PESSOA,AIS 21,
2.0,AIS 08,,,ALDEOTA,Fortaleza,,Sim,2026-05-16,,,,19:59:28,79126,4431129.0,,-3.7395170411,-38.4940181866,AVENIDA SENADOR VIRGÍLIO TÁVORA,NONE,cvp,ROUBO A FARMÁCIA,,,Sábado,False,False,,,,ROUBO A FARMÁCIA,AIS 21,CAPITAL LESTE
2.0,,,,JANGURURSSU,Fortaleza,,Sim,2026-05-16,,,,21:53:16,79125,4431132.0,,-3.8318848799,-38.5191463238,AVENIDA GOVERNADOR LEONEL BRIZOLA,NONE,cvp,ROUBO A PESSOA,,,Sábado,False,False,,,,ROUBO A PESSOA,AIS 16,
2.0,,,,JANGURURSSU,Fortaleza,,Sim,2026-05-16,,,,21:45:35,79124,4431131.0,,-3.8388078825,-38.5169246033,RUA MANDACARU,NONE,cvp,ROUBO A PESSOA,,,Sábado,False,False,,,,ROUBO A PESSOA,AIS 16,
2.0,AIS 08,,,MEIRELES,Fortaleza,,Sim,2026-05-16,,,,14:32:32,79123,4431124.0,,-3.7327200921,-38.4979751705,PRAÇA PORTUGAL,NONE,cvp,ROUBO A PESSOA,,,Sábado,False,False,,,,ROUBO A PESSOA,AIS 21,CAPITAL LESTE
2.0,AIS 19,,,PRAIA DO FUTURO I,Fortaleza,,Sim,2026-05-16,,,,17:04:26,79122,4431125.0,,-3.7489035859,-38.4467844138,AVENIDA CLÓVIS ARRAIS MAIA,NONE,cvp,ROUBO A PESSOA,,,Sábado,False,False,,,,ROUBO A PESSOA,AIS 08,CAPITAL LESTE
2.0,AIS 08,,,MEIRELES,Fortaleza,,Sim,2026-05-16,,,,08:14:58,79121,4431121.0,,-3.7304082817,-38.4906801672,RUA SILVA JATAHY,NONE,cvp,ROUBO A ESTABELECIMENTO COMERCIAL,,,Sábado,False,False,,,,ROUBO A ESTABELECIMENTO COMERCIAL,AIS 08,CAPITAL LESTE
2.0,AIS 06,,,ANTONIO BEZERRA,Caucaia,,Sim,2026-05-16,,,,21:19:41,79120,4430913.0,,-3.7504429809,-38.6275143954,RUA DOM ORIONE,NONE,cvp,ROUBO A RESIDÊNCIA,,,Sábado,False,False,,,,ROUBO A RESIDÊNCIA,AIS 06,CAPITAL OESTE
2.0,AIS 17,,,CANINDEZINHO,Maracanaú,,Sim,2026-05-16,,,,23:41:22,79119,4431209.0,,-3.8565676177,-38.5886864632,RUA GERALDO AVELINO FERREIRA,NONE,cvp,ROUBO A POSTO DE GASOLINA,,,Sábado,False,False,,,,ROUBO A POSTO DE GASOLINA,AIS 17,CAPITAL OESTE
2.0,AIS 34,,,,Icó,,Sim,2026-05-16,,,,19:48:17,79118,4431233.0,,-6.4075684739,-38.8618521482,RUA UZIAS SOARES DINIZ,NONE,cvp,ROUBO A PESSOA,,,Sábado,False,False,,,,ROUBO A PESSOA,AIS 34,SUL
2.0,AIS 07,,,CRATEUS,Crateús,,Sim,2026-05-15,,,,12:08:25,79117,4431229.0,,-5.1826613971,-40.6728308987,RUA FRANCISCO MARIANO,NONE,cvp,ROUBO A PESSOA,,,Sexta-feira,False,False,,,,ROUBO A PESSOA,AIS 07,NORTE
2.0,AIS 05,,,FÁTIMA,Fortaleza,,Sim,2026-05-15,,,,09:02:44,79116,4431114.0,,-3.7528968367,-38.5225610442,RUA JOÃO LOBO FILHO,NONE,cvp,ROUBO A COLETIVO,,,Sexta-feira,False,False,,,,ROUBO A COLETIVO,AIS 21,CAPITAL OESTE
2.0,AIS 16,,,ANCURI,Fortaleza,,Sim,2026-05-15,,,,08:32:06,79115,4431113.0,,-3.8676985407,-38.5095975758,RODOVIA 4º ANEL VIÁRIO,NONE,cvp,ROUBO A PESSOA,,,Sexta-feira,False,False,,,,ROUBO A PESSOA,AIS 16,CAPITAL LESTE
2.0,,,,BOA VISTA,Fortaleza,,Sim,2026-05-15,,,,05:06:52,79114,4431111.0,,-3.7918610016,-38.5169943231,RUA JOANA MOREIRA,NONE,cvp,ROUBO A POSTO DE GASOLINA,,,Sexta-feira,False,False,,,,ROUBO A POSTO DE GASOLINA,AIS 21,
2.0,AIS 20,,,MANOEL SÁTIRO,Fortaleza,,Sim,2026-05-15,,,,04:50:21,79113,4431110.0,,-3.804442476,-38.5843481026,RUA PROFESSOR GLAUCO LOBO,NONE,cvp,ROUBO A PESSOA,,,Sexta-feira,False,False,,,,ROUBO A PESSOA,AIS 17,CAPITAL OESTE
2.0,,,,JANGURURSSU,Fortaleza,,Sim,2026-05-15,,,,03:29:31,79112,4431109.0,,-3.8308064568,-38.5209537943,AVENIDA GOVERNADOR LEONEL BRIZOLA,NONE,cvp,ROUBO A PESSOA,,,Sexta-feira,False,False,,,,ROUBO A PESSOA,AIS 16,
2.0,AIS 19,,,JOAQUIM TÁVORA,Fortaleza,,Sim,2026-05-15,,,,17:59:31,79111,4431118.0,,-3.7433146082,-38.5163719757,RUA JOÃO COSTA,NONE,cvp,ROUBO A PESSOA,,,Sexta-feira,False,False,,,,ROUBO A PESSOA,AIS 21,CAPITAL LESTE
2.0,AIS 06,,,ANTONIO BEZERRA,Caucaia,,Sim,2026-05-15,,,,13:35:58,79110,4430912.0,,-3.7432672977,-38.6145972246,RODOVIA PRESIDENTE JUSCELINO KUBITSCHEK,NONE,cvp,ROUBO A PESSOA,,,Sexta-feira,False,False,,,,ROUBO A PESSOA,AIS 06,CAPITAL OESTE
2.0,AIS 04,,Arma de fogo,,Amontada,,Sim,2026-02-19,,,,00:40:00,74962,4392558.0,21.0,-3.0870779173,-39.5578138462,,M,cvli,HOMICIDIO DOLOSO,,,,,,,,1.0,,AIS 04,NORDESTE
2.0,AIS 34,,Arma de fogo,,Orós,,Sim,2026-02-19,,,,07:45:00,74963,4392559.0,49.0,-6.338279426,-38.9825808188,,M,cvli,HOMICIDIO DOLOSO,,,,,,,,1.0,,AIS 34,SUL
2.0,AIS 03,,Arma de fogo,,Sobral,,Sim,2026-02-19,,,,10:50:00,74964,4392560.0,26.0,-3.6893653765,-40.3615448039,,M,cvli,HOMICIDIO DOLOSO,,,,,,,,1.0,,AIS 03,NORTE
2.0,AIS 06,,Outros meios,ANTÔNIO BEZERRA,Fortaleza,,Sim,2026-02-19,,,,14:42:00,75319,4394035.0,18.0,-3.7370520908,-38.5855628875,,M,cvli,LESAO CORPORAL SEGUIDA DE MORTE,,,,,,,,1.0,,,CAPITAL OESTE
2.0,AIS 04,,Arma de fogo,,Amontada,,Sim,2026-02-20,,,,07:50:00,74965,4392562.0,29.0,-3.3661269008,-39.8328257954,,M,cvli,HOMICIDIO DOLOSO,,,,,,,,1.0,,AIS 04,NORDESTE
2.0,AIS 04,,Arma de fogo,,Tururu,,Sim,2026-02-21,,,,00:20:00,74968,4392565.0,24.0,-3.5879890893,-39.3800789655,,M,cvli,HOMICIDIO DOLOSO,,,,,,,,1.0,,AIS 04,NORDESTE
2.0,AIS 34,,Arma de fogo,,Orós,,Sim,2026-02-21,,,,02:30:00,74967,4392564.0,31.0,-6.2347196826,-38.9172626014,,M,cvli,HOMICIDIO DOLOSO,,,,,,,,1.0,,AIS 34,SUL
2.0,AIS 09,,Arma de fogo,,Limoeiro do Norte,,Sim,2026-02-21,,,,23:21:00,74966,4392563.0,36.0,-5.2170728352,-37.8884102766,,M,cvli,HOMICIDIO DOLOSO,,,,,,,,1.0,,AIS 09,SUDESTE
2.0,AIS 28,,Arma branca,,Boa Viagem,,Sim,2026-02-22,,,,09:00:00,74969 | 74972 | 74969 | 74972,4392566.0,43.0,-4.9118768602,-39.8092932589,RUA JOSÉ SILVEIRA DE SOUZA,F,cvli,FEMINICÍDIO,,,Domingo,False,False,Nublado,3.3,1.0,FEMINICÍDIO,AIS 28,NORTE
2.0,AIS 03,,Arma de fogo,,Sobral,,Sim,2026-02-22,,,,19:20:00,74970 | 74971 | 74970 | 74971,4392567.0,36.0,-3.8764453832,-40.0205099039,RUA NOSSA SENHORA DE FÁTIMA,M,cvli,HOMICIDIO DOLOSO,,,Domingo,False,False,Nublado,3.3,1.0,HOMICIDIO DOLOSO,AIS 03,NORTE
2.0,AIS 03,,Arma de fogo,,Sobral,,Sim,2026-02-23,,,,13:27:00,74975,4392571.0,40.0,-3.6784582362,-40.3782619329,,M,cvli,HOMICIDIO DOLOSO,,,,,,,,1.0,,AIS 03,NORTE
2.0,AIS 27,,Arma branca,,Uruoca,,Sim,2026-02-23,,,,20:15:00,74976,4392572.0,32.0,-3.3321266655,-40.6147428393,,M,cvli,HOMICIDIO DOLOSO,,,,,,,,1.0,,AIS 27,NORTE
2.0,AIS 32,,Arma de fogo,,Missão Velha,,Sim,2026-02-23,,,,21:40:00,74974 | 75321 | 74974 | 75321,4392570.0,31.0,-7.2522360934,-39.1361390448,RUA JOAQUIM DANTAS TEODÓSIO,F,cvli,HOMICIDIO DOLOSO,,,Segunda-feira,False,False,Chuvoso,15.1,1.0,HOMICIDIO DOLOSO,AIS 32,SUL
2.0,AIS 27,,Outros meios,,Uruoca,,Sim,2026-02-23,,,,22:00:00,75320,4394051.0,25.0,-3.312261053,-40.5577652477,,M,cvli,LESAO CORPORAL SEGUIDA DE MORTE,,,,,,,,1.0,,AIS 27,NORTE
2.0,AIS 32,,Outros meios,,Missão Velha,,Sim,2026-02-23,,,,22:30:00,74973,4392568.0,47.0,-7.2504094934,-39.1448211859,,M,cvli,HOMICIDIO DOLOSO,,,,,,,,1.0,,AIS 32,SUL
2.0,AIS 33,,Arma de fogo,,Salitre,,Sim,2026-02-24,,,,00:05:00,74978,4392573.0,38.0,-7.2805575179,-40.4610215831,,M,cvli,HOMICIDIO DOLOSO,,,,,,,,1.0,,AIS 33,SUL
2.0,AIS 28,,Arma de fogo,,Tejuçuoca,,Sim,2026-02-24,,,,19:30:00,75322,4394054.0,26.0,-3.9862189484,-39.5795016859,,M,cvli,HOMICIDIO DOLOSO,,,,,,,,1.0,,AIS 28,NORTE
2.0,AIS 23,,Arma de fogo,,Trairi,,Sim,2026-02-24,,,,20:18:00,74977,4392576.0,39.0,-3.2855938382,-39.2083228742,,M,cvli,HOMICIDIO DOLOSO,,,,,,,,1.0,,AIS 23,RMF OESTE
2.0,AIS 31,,Arma de fogo,,Solonópole,,Sim,2026-02-24,,,,22:53:00,74979,4392574.0,49.0,-5.7328967794,-39.0099845215,,M,cvli,HOMICIDIO DOLOSO,,,,,,,,1.0,,AIS 31,SUDESTE
2.0,AIS 03,,Arma de fogo,,Sobral,,Sim,2026-02-25,,,,01:00:00,74981.0 | 74981 | 74981,4392581.0,33.0,-3.6801980678,-40.3708018215,RUA 12 DE OUTUBRO,M,cvli,HOMICIDIO DOLOSO,,,Quarta-feira,False,False,Nublado,3.7,1.0,HOMICIDIO DOLOSO,AIS 03,NORTE
2.0,AIS 16,,Outros meios,BARROSO,Fortaleza,,Sim,2026-02-25,,,,02:14:00,74983.0,4392578.0,51.0,-3.8199859458,-38.5097235448,,M,cvli,HOMICIDIO DOLOSO,,,Quarta-feira,False,False,Nublado,3.7,1.0,,AIS 16,CAPITAL LESTE
2.0,AIS 16,,Outros meios,BARROSO,Fortaleza,,Sim,2026-02-25,,,,02:14:00,74983,4392578.0,51.0,-3.8199859458,-38.5097235448,,M,cvli,HOMICIDIO DOLOSO,,,,,,,,1.0,,,CAPITAL LESTE
2.0,AIS 03,,Arma de fogo,,Sobral,,Sim,2026-02-25,,,,06:00:00,74982.0 | 74982 | 74982,4392582.0,28.0,-3.6846939746,-40.3699804742,RUA BOA VISTA,M,cvli,HOMICIDIO DOLOSO,,,Quarta-feira,False,False,Nublado,3.7,1.0,HOMICIDIO DOLOSO,AIS 03,NORTE
2.0,AIS 25,,Arma de fogo,,Itaitinga,,Sim,2026-02-25,,,,13:51:00,75323,4394058.0,50.0,-3.898305198,-38.5161137859,,M,cvli,HOMICIDIO DOLOSO,,,,,,,,1.0,,AIS 25,RMF LESTE
2.0,AIS 23,,Outros meios,,São Gonçalo do Amarante,,Sim,2026-02-25,,,,17:00:00,74980.0 | 74980 | 74980,4392580.0,19.0,-3.548413709,-38.8251531341,RUA CLODOALDO ALCÂNTARA,M,cvli,HOMICIDIO DOLOSO,,,Quarta-feira,False,False,Nublado,3.7,1.0,HOMICIDIO DOLOSO,AIS 23,RMF OESTE
2.0,AIS 18,,Arma de fogo,JACARECANGA,Fortaleza,,Sim,2026-02-26,,,,15:58:00,75324,4394062.0,29.0,-3.7224879315,-38.5441631291,,M,cvli,HOMICIDIO DOLOSO,,,,,,,,1.0,,,CAPITAL OESTE
2.0,AIS 30,,Arma de fogo,,Tauá,,Sim,2026-02-26,,,,19:50:00,75325,4394064.0,26.0,-6.0098613542,-40.2954071327,,M,cvli,HOMICIDIO DOLOSO,,,,,,,,1.0,,AIS 30,SUDESTE
2.0,AIS 04,,Arma de fogo,ITAPAJÉ,Itapajé,,Sim,2026-02-26,,,,20:05:00,74984.0,4392584.0,22.0,-3.6918611766,-39.5869704327,,M,cvli,HOMICIDIO DOLOSO,,,Quinta-feira,False,False,Nublado,3.7,1.0,,AIS 04,NORDESTE
2.0,AIS 04,,Arma de fogo,,Itapajé,,Sim,2026-02-26,,,,20:05:00,74984,4392584.0,22.0,-3.6918611766,-39.5869704327,,M,cvli,HOMICIDIO DOLOSO,,,,,,,,1.0,,AIS 04,NORDESTE
2.0,AIS 03,,Arma de fogo,,Alcântaras,,Sim,2026-02-27,,,,01:21:00,75326,4394066.0,22.0,-3.6333396818,-40.5226710919,,M,cvli,HOMICIDIO DOLOSO,,,,,,,,1.0,,AIS 03,NORTE
2.0,AIS 12,,Arma de fogo,,Caucaia,,Sim,2026-02-27,,,,11:36:00,75329,4394065.0,33.0,-3.7709409625,-38.6565112477,,F,cvli,HOMICIDIO DOLOSO,,,,,,,,1.0,,AIS 12,RMF OESTE
2.0,AIS 11,,Arma de fogo,,Tianguá,,Sim,2026-02-27,,,,16:30:00,75328,4394069.0,21.0,-3.7230756281,-40.9889169784,,M,cvli,HOMICIDIO DOLOSO,,,,,,,,1.0,,AIS 11,NORDESTE
2.0,AIS 04,,Arma de fogo,,Tururu,,Sim,2026-02-27,,,,20:40:00,75330,4394070.0,29.0,-3.4660160573,-39.4214860692,,M,cvli,HOMICIDIO DOLOSO,,,,,,,,1.0,,AIS 04,NORDESTE
2.0,AIS 02,,Arma de fogo,,Juazeiro do Norte,,Sim,2026-02-27,,,,21:20:00,75327,4394068.0,29.0,-7.2510765636,-39.3356459342,,M,cvli,HOMICIDIO DOLOSO,,,,,,,,1.0,,AIS 02,SUL
2.0,AIS 25,,Arma de fogo,,Chorozinho,,Sim,2026-02-28,,,,08:20:00,75335.0 | 75335 | 75335,4394071.0,35.0,-4.310239755,-38.3957085973,RUA DA PRAÇA DO CÉDRO,M,cvli,HOMICIDIO DOLOSO,,,Sábado,False,False,Chuvoso,15.2,1.0,HOMICIDIO DOLOSO,AIS 25,RMF LESTE
2.0,AIS 16,,Arma de fogo,LAGOA REDONDA,Fortaleza,,Sim,2026-02-28,,,,12:13:00,75331.0,4394074.0,23.0,-3.8235487961,-38.4706598054,Rua Nenê Arruda,M,cvli,HOMICIDIO DOLOSO,,,Sábado,False,False,Chuvoso,15.2,1.0,,AIS 16,CAPITAL LESTE
2.0,AIS 16,,Arma de fogo,LAGOA REDONDA,Fortaleza,,Sim,2026-02-28,,,,12:13:00,75331,4394074.0,23.0,-3.8235487961,-38.4706598054,,M,cvli,HOMICIDIO DOLOSO,,,,,,,,1.0,,,CAPITAL LESTE
2.0,AIS 16,,Arma de fogo,JOSÉ DE ALENCAR,Fortaleza,,Sim,2026-02-28,,,,13:40:00,75336.0,4394072.0,39.0,-3.8201298811,-38.4810662766,Rua Elizeu Oriá,M,cvli,HOMICIDIO DOLOSO,,,Sábado,False,False,Chuvoso,15.2,1.0,,AIS 16,CAPITAL LESTE
2.0,AIS 16,,Arma de fogo,JOSÉ DE ALENCAR,Fortaleza,,Sim,2026-02-28,,,,13:40:00,75336,4394072.0,39.0,-3.8201298811,-38.4810662766,,M,cvli,HOMICIDIO DOLOSO,,,,,,,,1.0,,,CAPITAL LESTE
2.0,AIS 03,,Arma de fogo,,Sobral,,Sim,2026-02-28,,,,15:30:00,75332.0 | 75332 | 75332,4394076.0,31.0,-3.6838117963,-40.3696536343,Vila União,M,cvli,HOMICIDIO DOLOSO,,,Sábado,False,False,Chuvoso,15.2,1.0,HOMICIDIO DOLOSO,AIS 03,NORTE
2.0,AIS 10,,Arma branca,IGUATU,Iguatu,,Sim,2026-02-28,,,,16:00:00,75334.0,4394075.0,45.0,-6.3175925609,-39.2599828025,,M,cvli,HOMICIDIO DOLOSO,,,Sábado,False,False,Chuvoso,15.2,1.0,,AIS 10,SUL
2.0,AIS 10,,Arma branca,,Iguatu,,Sim,2026-02-28,,,,16:00:00,75334,4394075.0,45.0,-6.3175925609,-39.2599828025,,M,cvli,HOMICIDIO DOLOSO,,,,,,,,1.0,,AIS 10,SUL
2.0,AIS 18,,Arma de fogo,CARLITO PAMPLONA,Fortaleza,,Sim,2026-02-28,,,,17:40:00,75333.0,4394073.0,34.0,-3.7148244648,-38.5526264631,Vila Cordeiro,M,cvli,HOMICIDIO DOLOSO,,,Sábado,False,False,Chuvoso,15.2,1.0,,AIS 06,CAPITAL OESTE
2.0,AIS 18,,Arma de fogo,CARLITO PAMPLONA,Fortaleza,,Sim,2026-02-28,,,,17:40:00,75333,4394073.0,34.0,-3.7148244648,-38.5526264631,,M,cvli,HOMICIDIO DOLOSO,,,,,,,,1.0,,,CAPITAL OESTE
2.0,AIS 04,,Arma de fogo,,Itapipoca,,Sim,2026-03-01,,,,01:00:00,75340.0 | 75341.0 | 75774.0 | 75340.0 | 75341.0 | 75774.0 | 75340 | 75341 | 75774 | 75340 | 75341 | 75774,4395933.0,20.0,-3.4861836875,-39.5244409766,Rodovia Deputado Perilo Teixeira,F,cvli,HOMICIDIO DOLOSO,,,Domingo,False,True,Chuvoso,11.2,1.0,HOMICIDIO DOLOSO,AIS 04,NORDESTE
2.0,AIS 16,,Arma de fogo,LAGOA REDONDA,Fortaleza,,Sim,2026-03-01,,,,08:30:00,75339.0,4395924.0,23.0,-3.8226140812,-38.4660532631,Rua Santa Isabel,M,cvli,HOMICIDIO DOLOSO,,,Domingo,False,True,Chuvoso,11.2,1.0,,AIS 16,CAPITAL LESTE
2.0,AIS 16,,Arma de fogo,LAGOA REDONDA,Fortaleza,,Sim,2026-03-01,,,,08:30:00,75339,4395924.0,23.0,-3.8226140812,-38.4660532631,,M,cvli,HOMICIDIO DOLOSO,,,,,,,,1.0,,,CAPITAL LESTE
2.0,AIS 04,,Arma de fogo,,Irauçuba,,Sim,2026-03-01,,,,11:00:00,75338.0 | 75338 | 75338,4395931.0,55.0,-3.7668145509,-39.8300901054,CE-173,M,cvli,HOMICIDIO DOLOSO,,,Domingo,False,True,Chuvoso,11.2,1.0,HOMICIDIO DOLOSO,AIS 04,NORDESTE
2.0,AIS 13,,Arma de fogo,,Crato,,Sim,2026-03-01,,,,20:30:00,75337.0 | 75337 | 75337,4395929.0,43.0,-7.2211173554,-39.408517175,Rua Maestro Azul,M,cvli,HOMICIDIO DOLOSO,,,Domingo,False,True,Chuvoso,11.2,1.0,HOMICIDIO DOLOSO,AIS 13,SUL
2.0,AIS 04,,Arma de fogo,,Miraíma,,Sim,2026-03-02,,,,08:50:00,75344.0 | 75344 | 75344,4395934.0,19.0,-3.5619918655,-39.7937137736,ESTRADA LUNDU BROTAS,M,cvli,HOMICIDIO DOLOSO,,,Segunda-feira,False,True,Chuvoso,11.8,1.0,HOMICIDIO DOLOSO,AIS 04,NORDESTE
2.0,AIS 17,,Outros meios,GRANJA LISBOA,Fortaleza,,Sim,2026-03-02,,,,13:06:00,76666,4406254.0,40.0,-3.7930127748,-38.626933675,,M,cvli,HOMICIDIO DOLOSO,,,,,,,,1.0,,,CAPITAL OESTE
2.0,AIS 16,,Arma de fogo,GUAJERU,Fortaleza,,Sim,2026-03-02,,,,16:14:00,75342.0,4395923.0,42.0,-3.8296686717,-38.4766881615,Guajeru,M,cvli,HOMICIDIO DOLOSO,,,Segunda-feira,False,True,Chuvoso,11.8,1.0,,AIS 16,CAPITAL LESTE
2.0,AIS 16,,Arma de fogo,GUAJERU,Fortaleza,,Sim,2026-03-02,,,,16:14:00,75342,4395923.0,42.0,-3.8296686717,-38.4766881615,,M,cvli,HOMICIDIO DOLOSO,,,,,,,,1.0,,,CAPITAL LESTE
2.0,AIS 13,,Arma de fogo,,Crato,,Sim,2026-03-02,,,,17:00:00,75343.0 | 75343 | 75343,4395930.0,21.0,-7.2245867181,-39.4100776327,Rua Antonina do Norte,M,cvli,HOMICIDIO DOLOSO,,,Segunda-feira,False,True,Chuvoso,11.8,1.0,HOMICIDIO DOLOSO,AIS 13,SUL
2.0,AIS 01,,Arma de fogo,,Quixadá,,Sim,2026-03-03,,,,09:50:00,75347.0 | 75347 | 75347,4395935.0,34.0,-4.9648459293,-39.0365337327,Rua Abrão Baquit,M,cvli,HOMICIDIO DOLOSO,,,Terça-feira,False,True,Chuva Intensa,20.9,1.0,HOMICIDIO DOLOSO,AIS 01,SUDESTE
2.0,AIS 13,,Arma de fogo,,Barbalha,,Sim,2026-03-03,,,,13:20:00,75345.0 | 75345 | 75345,4395928.0,33.0,-7.2879312554,-39.316645875,Avenida Paulo Marquês,M,cvli,HOMICIDIO DOLOSO,,,Terça-feira,False,True,Chuva Intensa,20.9,1.0,HOMICIDIO DOLOSO,AIS 13,SUL
2.0,AIS 17,,Arma de fogo,CONJUNTO CEARA I,Caucaia,,Sim,2026-03-03,,,,16:02:00,75346.0,4395921.0,28.0,-3.7749567851,-38.653151175,Rodovia Raimundo Pessoa de Araújo,M,cvli,HOMICIDIO DOLOSO,,,Terça-feira,False,True,Chuva Intensa,20.9,1.0,,AIS 17,CAPITAL OESTE
2.0,AIS 12,,Arma de fogo,,Caucaia,,Sim,2026-03-03,,,,16:02:00,75346,4395921.0,28.0,-3.7749567851,-38.653151175,,M,cvli,HOMICIDIO DOLOSO,,,,,,,,1.0,,AIS 12,RMF OESTE
2.0,AIS 25,,Arma de fogo,HORIZONTE,Horizonte,,Sim,2026-03-04,,,,06:00:00,75348.0,4395927.0,25.0,-4.0819429446,-38.4455557458,Rua Mariano F. de Almeida,M,cvli,HOMICIDIO DOLOSO,,,Quarta-feira,False,True,Chuvoso,11.6,1.0,,AIS 25,RMF LESTE
2.0,AIS 25,,Arma de fogo,,Horizonte,,Sim,2026-03-04,,,,06:00:00,75348,4395927.0,25.0,-4.0819429446,-38.4455557458,,M,cvli,HOMICIDIO DOLOSO,,,,,,,,1.0,,AIS 25,RMF LESTE
2.0,AIS 16,,Arma de fogo,MESSEJANA,Fortaleza,,Sim,2026-03-04,,,,16:30:00,75349.0,4395925.0,18.0,-3.8220117961,-38.4936626327,Rua Letícia,M,cvli,HOMICIDIO DOLOSO,,,Quarta-feira,False,True,Chuvoso,11.6,1.0,,AIS 16,CAPITAL LESTE
2.0,AIS 16,,Arma de fogo,MESSEJANA,Fortaleza,,Sim,2026-03-04,,,,16:30:00,75349,4395925.0,18.0,-3.8220117961,-38.4936626327,,M,cvli,HOMICIDIO DOLOSO,,,,,,,,1.0,,,CAPITAL LESTE
2.0,AIS 12,,Arma de fogo,,Caucaia,,Sim,2026-03-05,,,,18:22:00,75775,4399068.0,40.0,-3.6884808667,-38.6578982803,,M,cvli,HOMICIDIO DOLOSO,,,,,,,,1.0,,AIS 12,RMF OESTE
2.0,AIS 13,,Arma de fogo,,Crato,,Sim,2026-03-06,,,,14:00:00,75780,4399109.0,26.0,-7.2302598492,-39.4184593342,,M,cvli,HOMICIDIO DOLOSO,,,,,,,,1.0,,AIS 13,SUL
2.0,AIS 09,,Arma de fogo,,Morada Nova,,Sim,2026-03-06,,,,15:10:00,75777,4399123.0,33.0,-5.1058217084,-38.3891051188,,M,cvli,HOMICIDIO DOLOSO,,,,,,,,1.0,,AIS 09,SUDESTE
2.0,AIS 23,,Arma de fogo,,Paraipaba,,Sim,2026-03-06,,,,15:50:00,75779,4399125.0,53.0,-3.496374093,-39.158425721,,M,cvli,HOMICIDIO DOLOSO,,,,,,,,1.0,,AIS 23,RMF OESTE
2.0,AIS 32,,Arma de fogo,,Missão Velha,,Sim,2026-03-06,,,,17:20:00,75778,4399122.0,35.0,-7.2491562912,-39.1508176765,,M,cvli,HOMICIDIO DOLOSO,,,,,,,,1.0,,AIS 32,SUL
2.0,AIS 30,,Arma de fogo,,Quiterianópolis,,Sim,2026-03-06,,,,18:26:00,75781,4399128.0,26.0,-5.9056295307,-40.7756691909,,M,cvli,HOMICIDIO DOLOSO,,,,,,,,1.0,,AIS 30,SUDESTE
2.0,AIS 10,,Arma de fogo,,Acopiara,,Sim,2026-03-06,,,,22:20:00,75776,4399095.0,28.0,-6.1010719913,-39.4679289818,,M,cvli,HOMICIDIO DOLOSO,,,,,,,,1.0,,AIS 10,SUL
2.0,AIS 04,,Arma de fogo,,Itapipoca,,Sim,2026-03-07,,,,03:00:00,75783.0 | 75783 | 75783,4399113.0,27.0,-3.2539945671,-39.6211771567,P9WH+CG CRUXATI,M,cvli,HOMICIDIO DOLOSO,,,Sábado,False,True,Sem Chuva,0.0,1.0,HOMICIDIO DOLOSO,AIS 04,NORDESTE
2.0,AIS 16,,Arma de fogo,MESSEJANA,Fortaleza,,Sim,2026-03-07,,,,03:40:00,75786.0,4399083.0,25.0,-3.8205127762,-38.4930985208,Rua Vilamar Damasceno,M,cvli,HOMICIDIO DOLOSO,,,Sábado,False,True,Sem Chuva,0.0,1.0,,AIS 16,CAPITAL LESTE
2.0,AIS 16,,Arma de fogo,MESSEJANA,Fortaleza,,Sim,2026-03-07,,,,03:40:00,75786,4399083.0,25.0,-3.8205127762,-38.4930985208,,M,cvli,HOMICIDIO DOLOSO,,,,,,,,1.0,,,CAPITAL LESTE
2.0,AIS 16,,Arma de fogo,MESSEJANA,Fortaleza,,Sim,2026-03-07,,,,13:48:00,75784.0,4399082.0,25.0,-3.8197641761,-38.4888107477,Rua Cecília Meireles,M,cvli,HOMICIDIO DOLOSO,,,Sábado,False,True,Sem Chuva,0.0,1.0,,AIS 16,CAPITAL LESTE
2.0,AIS 16,,Arma de fogo,MESSEJANA,Fortaleza,,Sim,2026-03-07,,,,13:48:00,75784,4399082.0,25.0,-3.8197641761,-38.4888107477,,M,cvli,HOMICIDIO DOLOSO,,,,,,,,1.0,,,CAPITAL LESTE
2.0,AIS 16,,Arma de fogo,JOSÉ DE ALENCAR,Fortaleza,,Sim,2026-03-07,,,,17:39:00,75785.0 | 75787.0 | 75785.0 | 75787.0 | 75785 | 75787,4399085.0,25.0,-3.8158321759,-38.4708414343,Rua Branca,M,cvli,HOMICIDIO DOLOSO,,,Sábado,False,True,Sem Chuva,0.0,1.0,HOMICIDIO DOLOSO,AIS 16,CAPITAL LESTE
2.0,AIS 16,,Arma de fogo,JOSÉ DE ALENCAR,Fortaleza,,Sim,2026-03-07,,,,17:39:00,75785 | 75787,4399081.0,26.0,-3.8158321759,-38.4708414343,,M,cvli,HOMICIDIO DOLOSO,,,,,,,,1.0,,,CAPITAL LESTE
2.0,AIS 07,,Arma branca,,Ipueiras,,Sim,2026-03-07,,,,22:00:00,75782.0 | 75782 | 75782,4399111.0,21.0,-4.5515490904,-40.7285804631,Rua Antônio Silva Lima,M,cvli,HOMICIDIO DOLOSO,,,Sábado,False,True,Sem Chuva,0.0,1.0,HOMICIDIO DOLOSO,AIS 07,NORTE
2.0,AIS 18,,Arma de fogo,BARRA DO CEARA,Caucaia,,Sim,2026-03-08,,,,11:20:00,75788.0,4399067.0,69.0,-3.6935243832,-38.6072497054,Avenida Ulisses Guimarães,M,cvli,HOMICIDIO DOLOSO,,,Domingo,False,True,Chuvoso,7.9,1.0,,AIS 18,CAPITAL OESTE
2.0,AIS 12,,Arma de fogo,,Caucaia,,Sim,2026-03-08,,,,11:20:00,75788,4399067.0,69.0,-3.6935243832,-38.6072497054,,M,cvli,HOMICIDIO DOLOSO,,,,,,,,1.0,,AIS 12,RMF OESTE
2.0,AIS 10,,Arma de fogo,,Catarina,,Sim,2026-03-08,,,,23:00:00,75789.0 | 75789 | 75789,4399105.0,50.0,-6.1433909044,-39.8829788709,Rua Maria Cecília de Carvalho,M,cvli,HOMICIDIO DOLOSO,,,Domingo,False,True,Chuvoso,7.9,1.0,HOMICIDIO DOLOSO,AIS 10,SUL
2.0,AIS 16,,Arma de fogo,CURIÓ,Fortaleza,,Sim,2026-03-09,,,,07:40:00,75790.0,4399084.0,25.0,-3.8228090908,-38.4775322622,Avenida Odilon Guimarães,M,cvli,HOMICIDIO DOLOSO,,,Segunda-feira,False,True,Chuvoso,8.1,1.0,,AIS 16,CAPITAL LESTE
2.0,AIS 16,,Arma de fogo,CURIÓ,Fortaleza,,Sim,2026-03-09,,,,07:40:00,75790,4399084.0,25.0,-3.8228090908,-38.4775322622,,M,cvli,HOMICIDIO DOLOSO,,,,,,,,1.0,,,CAPITAL LESTE
2.0,AIS 26,,Arma de fogo,GUADALAJARA,Caucaia,,Sim,2026-03-09,,,,18:43:00,75792.0,4399070.0,26.0,-3.7572094831,-38.6622222037,Rua Padre Cícero,M,cvli,HOMICIDIO DOLOSO,,,Segunda-feira,False,True,Chuvoso,8.1,1.0,,AIS 26,RMF OESTE
2.0,AIS 12,,Arma de fogo,,Caucaia,,Sim,2026-03-09,,,,18:43:00,75792,4399070.0,26.0,-3.7572094831,-38.6622222037,,M,cvli,HOMICIDIO DOLOSO,,,,,,,,1.0,,AIS 12,RMF OESTE
2.0,AIS 06,,Arma de fogo,ANTONIO BEZERRA,Caucaia,,Sim,2026-03-09,,,,20:34:00,75791.0,4399075.0,18.0,-3.7405388681,-38.6344464153,Avenida Coronel Correia,F,cvli,HOMICIDIO DOLOSO,,,Segunda-feira,False,True,Chuvoso,8.1,1.0,,AIS 06,CAPITAL OESTE
2.0,AIS 12,,Arma de fogo,,Caucaia,,Sim,2026-03-09,,,,20:34:00,75791,4399075.0,18.0,-3.7405388681,-38.6344464153,,F,cvli,HOMICIDIO DOLOSO,,,,,,,,1.0,,AIS 12,RMF OESTE
2.0,AIS 29,,Arma de fogo,,Aracati,,Sim,2026-03-10,,,,03:00:00,75795.0 | 75795 | 75795,4399097.0,22.0,-4.8687951642,-37.4541800039,Rota do Sol Nascente,M,cvli,HOMICIDIO DOLOSO,,,Terça-feira,False,True,Nublado,3.9,1.0,HOMICIDIO DOLOSO,AIS 29,NORDESTE
2.0,AIS 09,,Arma de fogo,,Quixeré,,Sim,2026-03-10,,,,03:00:00,75796.0 | 75796 | 75796,4399133.0,48.0,-5.0713785607,-37.9911564615,Rua Mestre Felipe,M,cvli,HOMICIDIO DOLOSO,,,Terça-feira,False,True,Nublado,3.9,1.0,HOMICIDIO DOLOSO,AIS 09,SUDESTE
2.0,AIS 26,,Arma de fogo,GUADALAJARA,Caucaia,,Sim,2026-03-10,,,,07:20:00,75793.0,4399071.0,20.0,-3.7447163979,-38.6552765837,Rua da Palha,M,cvli,HOMICIDIO DOLOSO,,,Terça-feira,False,True,Nublado,3.9,1.0,,AIS 26,RMF OESTE
2.0,AIS 12,,Arma de fogo,,Caucaia,,Sim,2026-03-10,,,,07:20:00,75793,4399071.0,20.0,-3.7447163979,-38.6552765837,,M,cvli,HOMICIDIO DOLOSO,,,,,,,,1.0,,AIS 12,RMF OESTE
2.0,AIS 16,,Arma de fogo,ANCURI,Itaitinga,,Sim,2026-03-10,,,,21:00:00,75794.0,4399093.0,53.0,-3.896893736,-38.5181470683,Rua Quatorze,M,cvli,HOMICIDIO DOLOSO,,,Terça-feira,False,True,Nublado,3.9,1.0,,AIS 16,CAPITAL LESTE
2.0,AIS 25,,Arma de fogo,,Itaitinga,,Sim,2026-03-10,,,,21:00:00,75794,4399093.0,53.0,-3.896893736,-38.5181470683,,M,cvli,HOMICIDIO DOLOSO,,,,,,,,1.0,,AIS 25,RMF LESTE
2.0,AIS 20,,Arma branca,MONDUBIM,Fortaleza,,Sim,2026-03-11,,,,00:53:00,75801.0,4399079.0,35.0,-3.8188799355,-38.5838895738,Rua São Lucas,M,cvli,HOMICIDIO DOLOSO,,,Quarta-feira,False,False,Nublado,2.4,1.0,,AIS 17,CAPITAL OESTE
2.0,AIS 20,,Arma branca,MONDUBIM,Fortaleza,,Sim,2026-03-11,,,,00:53:00,75801,4399079.0,35.0,-3.8188799355,-38.5838895738,,M,cvli,HOMICIDIO DOLOSO,,,,,,,,1.0,,,CAPITAL OESTE
2.0,AIS 23,,Arma de fogo,,Paracuru,,Sim,2026-03-11,,,,02:00:00,75800.0 | 75800 | 75800,4399124.0,30.0,-3.441179187,-39.1086686327,Beco 2,M,cvli,HOMICIDIO DOLOSO,,,Quarta-feira,False,False,Nublado,2.4,1.0,HOMICIDIO DOLOSO,AIS 23,RMF OESTE
2.0,AIS 31,,Arma de fogo,,Pedra Branca,,Sim,2026-03-11,,,,14:40:00,75797.0 | 75797 | 75797,4399127.0,40.0,-5.453795934,-39.7236859039,Rua Cajueiro,M,cvli,HOMICIDIO DOLOSO,,,Quarta-feira,False,False,Nublado,2.4,1.0,HOMICIDIO DOLOSO,AIS 31,SUDESTE
2.0,AIS 13,,Arma de fogo,,Crato,,Sim,2026-03-11,,,,17:00:00,75799.0 | 75799 | 75799,4399108.0,27.0,-7.2212495803,-39.3708378038,Rua Francisco Bezerra,M,cvli,HOMICIDIO DOLOSO,,,Quarta-feira,False,False,Nublado,2.4,1.0,HOMICIDIO DOLOSO,AIS 13,SUL
2.0,AIS 27,,Arma de fogo,,Martinópole,,Sim,2026-03-11,,,,20:10:00,75798.0 | 75798 | 75798,4399120.0,38.0,-3.2257209849,-40.694944575,Rua Rufino Pereira,M,cvli,HOMICIDIO DOLOSO,,,Quarta-feira,False,False,Nublado,2.4,1.0,HOMICIDIO DOLOSO,AIS 27,NORTE
2.0,AIS 16,,Arma de fogo,JOSÉ DE ALENCAR,Fortaleza,,Sim,2026-03-12,,,,15:10:00,75802.0 | 75803.0 | 75802.0 | 75803.0 | 75802 | 75803,4399089.0,17.0,-3.8041305616,-38.4749935496,Rua Granja São Francisco,M,cvli,HOMICIDIO DOLOSO,,,Quinta-feira,False,False,Nublado,0.6,1.0,HOMICIDIO DOLOSO,AIS 21,CAPITAL LESTE
2.0,AIS 16,,Arma de fogo,JOSÉ DE ALENCAR,Fortaleza,,Sim,2026-03-12,,,,15:10:00,75802 | 75803,4399080.0,26.0,-3.8041305616,-38.4749935496,,M,cvli,HOMICIDIO DOLOSO,,,,,,,,1.0,,,CAPITAL LESTE
2.0,AIS 28,,Arma de fogo,,Canindé,,Sim,2026-03-12,,,,17:50:00,75806.0 | 75806 | 75806,4399104.0,49.0,-4.3595777934,-39.3075570039,RUA DOUTOR CAMPELO,M,cvli,HOMICIDIO DOLOSO,,,Quinta-feira,False,False,Nublado,0.6,1.0,HOMICIDIO DOLOSO,AIS 28,NORTE
2.0,AIS 13,,Arma de fogo,,Crato,,Sim,2026-03-12,,,,21:00:00,75805.0 | 75805 | 75805,4399107.0,39.0,-7.2408086495,-39.4054202462,Rua José Sátiro Vilar,M,cvli,HOMICIDIO DOLOSO,,,Quinta-feira,False,False,Nublado,0.6,1.0,HOMICIDIO DOLOSO,AIS 13,SUL
2.0,AIS 22,,Arma branca,PASSARÉ,Fortaleza,,Sim,2026-03-12,,,,21:16:00,75804.0,4399078.0,35.0,-3.8137130465,-38.5382831171,Avenida 2 de Maio,M,cvli,HOMICIDIO DOLOSO,,,Quinta-feira,False,False,Nublado,0.6,1.0,,AIS 21,CAPITAL LESTE
2.0,AIS 22,,Arma branca,PASSARÉ,Fortaleza,,Sim,2026-03-12,,,,21:16:00,75804,4399078.0,35.0,-3.8137130465,-38.5382831171,,M,cvli,HOMICIDIO DOLOSO,,,,,,,,1.0,,,CAPITAL LESTE
2.0,AIS 04,,Arma de fogo,,Amontada,,Sim,2026-03-13,,,,02:22:00,75815.0 | 75815 | 75815,4399096.0,23.0,-3.0728124969,-39.6486982343,ESTRADA BURITIZAL AO BOM SUCESSO,F,cvli,HOMICIDIO DOLOSO,,,Sexta-feira,False,False,Nublado,2.6,1.0,HOMICIDIO DOLOSO,AIS 04,NORDESTE
2.0,AIS 16,,Arma de fogo,JOSÉ DE ALENCAR,Fortaleza,,Sim,2026-03-13,,,,06:50:00,75813.0,4399086.0,23.0,-3.8194131911,-38.4818110919,Avenida Washington Soares,M,cvli,HOMICIDIO DOLOSO,,,Sexta-feira,False,False,Nublado,2.6,1.0,,AIS 16,CAPITAL LESTE
2.0,AIS 16,,Arma de fogo,JOSÉ DE ALENCAR,Fortaleza,,Sim,2026-03-13,,,,06:50:00,75813,4399086.0,23.0,-3.8194131911,-38.4818110919,,M,cvli,HOMICIDIO DOLOSO,,,,,,,,1.0,,,CAPITAL LESTE
2.0,AIS 28,,Arma de fogo,,Itapiúna,,Sim,2026-03-13,,,,14:00:00,75809.0 | 75810.0 | 75809.0 | 75810.0 | 75809 | 75810 | 75809 | 75810,4399117.0,26.0,-4.5237633561,-39.0048578765,Rua Antônio Felix de Sousa,M,cvli,HOMICIDIO DOLOSO,,,Sexta-feira,False,False,Nublado,2.6,1.0,HOMICIDIO DOLOSO,AIS 28,NORTE
2.0,AIS 34,,Arma de fogo,AURORA,Aurora,,Sim,2026-03-13,,,,15:00:00,75812.0,4399098.0,30.0,-6.9424436425,-38.9561889765,Avenida Vicente Tavares Simões,M,cvli,HOMICIDIO DOLOSO,,,Sexta-feira,False,False,Nublado,2.6,1.0,,AIS 34,SUL
2.0,AIS 34,,Arma de fogo,,Aurora,,Sim,2026-03-13,,,,15:00:00,75812,4399098.0,30.0,-6.9424436425,-38.9561889765,,M,cvli,HOMICIDIO DOLOSO,,,,,,,,1.0,,AIS 34,SUL
2.0,AIS 02,,Arma de fogo,,Juazeiro do Norte,,Sim,2026-03-13,,,,15:44:00,75811.0 | 75811 | 75811,4399118.0,32.0,-7.247335734,-39.3381461054,Avenida Manoel Tavares Lopes,M,cvli,HOMICIDIO DOLOSO,,,Sexta-feira,False,False,Nublado,2.6,1.0,HOMICIDIO DOLOSO,AIS 02,SUL
2.0,AIS 13,,Arma de fogo,,Barbalha,,Sim,2026-03-13,,,,20:00:00,75808.0 | 75808 | 75808,4399101.0,24.0,-7.3067645173,-39.2782328919,Malvinas,M,cvli,HOMICIDIO DOLOSO,,,Sexta-feira,False,False,Nublado,2.6,1.0,HOMICIDIO DOLOSO,AIS 13,SUL
2.0,AIS 17,,Arma de fogo,GRANJA PORTUGAL,Fortaleza,,Sim,2026-03-13,,,,20:42:00,75814.0,4399076.0,45.0,-3.7860682745,-38.6058547631,Rua João XXIII,M,cvli,HOMICIDIO DOLOSO,,,Sexta-feira,False,False,Nublado,2.6,1.0,,AIS 06,CAPITAL OESTE
2.0,AIS 17,,Arma de fogo,GRANJA PORTUGAL,Fortaleza,,Sim,2026-03-13,,,,20:42:00,75814,4399076.0,45.0,-3.7860682745,-38.6058547631,,M,cvli,HOMICIDIO DOLOSO,,,,,,,,1.0,,,CAPITAL OESTE
2.0,AIS 30,,Arma de fogo,,Parambu,,Sim,2026-03-13,,,,23:40:00,75807.0 | 75807 | 75807,4399126.0,29.0,-6.2216249938,-40.7107044631,VILA CACHIMBÓ II,M,cvli,HOMICIDIO DOLOSO,,,Sexta-feira,False,False,Nublado,2.6,1.0,HOMICIDIO DOLOSO,AIS 30,SUDESTE
2.0,AIS 06,,Arma de fogo,AUTRAN NUNES,Caucaia,,Sim,2026-03-14,,,,06:19:00,75816.0,4399072.0,18.0,-3.7758435851,-38.6324777343,Rua Fabiano de Cristo,M,cvli,HOMICIDIO DOLOSO,,,Sábado,False,False,Chuvoso,5.9,1.0,,AIS 06,CAPITAL OESTE
2.0,AIS 12,,Arma de fogo,,Caucaia,,Sim,2026-03-14,,,,06:19:00,75816,4399072.0,18.0,-3.7758435851,-38.6324777343,,M,cvli,HOMICIDIO DOLOSO,,,,,,,,1.0,,AIS 12,RMF OESTE
2.0,AIS 30,,Arma de fogo,,Quiterianópolis,,Sim,2026-03-14,,,,21:00:00,75817.0 | 75817 | 75817,4399129.0,23.0,-5.8414824224,-40.6802641676,SITIO MALHADA,F,cvli,HOMICIDIO DOLOSO,,,Sábado,False,False,Chuvoso,5.9,1.0,HOMICIDIO DOLOSO,AIS 30,SUDESTE
2.0,AIS 17,,Arma de fogo,SIQUEIRA,Maracanaú,,Sim,2026-03-15,,,,00:57:00,75823.0,4399094.0,30.0,-3.8340646156,-38.6604540502,Jaçanaú,M,cvli,HOMICIDIO DOLOSO,,,Domingo,False,False,Chuvoso,9.6,1.0,,AIS 17,CAPITAL OESTE
2.0,AIS 14,,Arma de fogo,,Maracanaú,,Sim,2026-03-15,,,,00:57:00,75823,4399094.0,30.0,-3.8340646156,-38.6604540502,,M,cvli,HOMICIDIO DOLOSO,,,,,,,,1.0,,AIS 14,RMF LESTE
2.0,AIS 10,,Arma de fogo,,Quixelô,,Sim,2026-03-15,,,,05:00:00,75818.0 | 75819.0 | 75818.0 | 75819.0 | 75818 | 75819 | 75818 | 75819,4399132.0,19.0,-6.2520585286,-39.2006003734,RUA SÃO FRANCISCO,M,cvli,HOMICIDIO DOLOSO,,,Domingo,False,False,Chuvoso,9.6,1.0,HOMICIDIO DOLOSO,AIS 10,SUL
2.0,AIS 13,,Arma de fogo,,Barbalha,,Sim,2026-03-15,,,,11:00:00,75820.0 | 75820 | 75820,4399102.0,17.0,-7.3161069682,-39.2526047615,SÍTIO BARRO BRANCO,M,cvli,HOMICIDIO DOLOSO,,,Domingo,False,False,Chuvoso,9.6,1.0,HOMICIDIO DOLOSO,AIS 13,SUL
2.0,AIS 32,,Arma de fogo,,Brejo Santo,,Sim,2026-03-15,,,,15:30:00,75822.0 | 75822 | 75822,4399103.0,31.0,-7.4937444714,-38.9809213156,Rua Santa Terezinha,M,cvli,HOMICIDIO DOLOSO,,,Domingo,False,False,Chuvoso,9.6,1.0,HOMICIDIO DOLOSO,AIS 32,SUL
2.0,AIS 13,,Arma de fogo,,Barbalha,,Sim,2026-03-15,,,,20:30:00,75821.0 | 75821 | 75821,4399100.0,32.0,-7.3074170927,-39.2783100327,Malvinas,M,cvli,HOMICIDIO DOLOSO,,,Domingo,False,False,Chuvoso,9.6,1.0,HOMICIDIO DOLOSO,AIS 13,SUL
2.0,AIS 30,,Arma de fogo,IRACEMA,Iracema,,Sim,2026-03-16,,,,02:00:00,76022.0,4401868.0,43.0,-5.8106368519,-38.3039258038,Rua Ulisses de Holanda Campelo,M,cvli,HOMICIDIO DOLOSO,,,Segunda-feira,False,False,Nublado,3.9,1.0,,AIS 30,SUDESTE
2.0,AIS 30,,Arma de fogo,,Iracema,,Sim,2026-03-16,,,,02:00:00,76022,4401868.0,43.0,-5.8106368519,-38.3039258038,,M,cvli,HOMICIDIO DOLOSO,,,,,,,,1.0,,AIS 30,SUDESTE
2.0,AIS 23,,Arma de fogo,,Trairi,,Sim,2026-03-16,,,,09:16:00,76024.0 | 76024 | 76024,4401903.0,24.0,-3.2219858281,-39.369379653,RUA ZEQUIAS E. DA CUNHA,M,cvli,HOMICIDIO DOLOSO,,,Segunda-feira,False,False,Nublado,3.9,1.0,HOMICIDIO DOLOSO,AIS 23,RMF OESTE
2.0,AIS 14,,Outros meios,,Maracanaú,,Sim,2026-03-16,,,,13:00:00,76300,4404352.0,58.0,-3.8274721618,-38.6291217054,,M,cvli,HOMICIDIO DOLOSO,,,,,,,,1.0,,AIS 14,RMF LESTE
2.0,AIS 24,,Arma de fogo,,Beberibe,,Sim,2026-03-16,,,,14:00:00,76023.0 | 76023 | 76023,4401853.0,25.0,-4.3153955972,-37.9959167039,ESTRADA DO POSTO PAI TEREZA LAGOA DA BOLACHA,M,cvli,HOMICIDIO DOLOSO,,,Segunda-feira,False,False,Nublado,3.9,1.0,HOMICIDIO DOLOSO,AIS 24,RMF LESTE
2.0,AIS 01,,Arma branca,,Quixeramobim,,Sim,2026-03-17,,,,08:00:00,76301,4404415.0,25.0,-5.155617222,-39.4769136904,,M,cvli,HOMICIDIO DOLOSO,,,,,,,,1.0,,AIS 01,SUDESTE
2.0,AIS 17,,Arma branca,BOM JARDIM,Maracanaú,,Sim,2026-03-17,,,,08:29:00,76027.0,4401842.0,32.0,-3.8438860103,-38.5980541547,Avenida Parque Norte 2,M,cvli,HOMICIDIO DOLOSO,,,Terça-feira,False,False,Nublado,2.6,1.0,,AIS 17,CAPITAL OESTE
2.0,AIS 14,,Arma branca,,Maracanaú,,Sim,2026-03-17,,,,08:29:00,76027,4401842.0,32.0,-3.8438860103,-38.5980541547,,M,cvli,HOMICIDIO DOLOSO,,,,,,,,1.0,,AIS 14,RMF LESTE
2.0,AIS 03,,Arma de fogo,,Sobral,,Sim,2026-03-17,,,,14:00:00,76025.0 | 76025 | 76025,4401899.0,27.0,-3.6717711827,-40.3749869462,Rua Tancredo Neves,M,cvli,HOMICIDIO DOLOSO,,,Terça-feira,False,False,Nublado,2.6,1.0,HOMICIDIO DOLOSO,AIS 03,NORTE
2.0,AIS 27,,Arma branca,,Chaval,,Sim,2026-03-17,,,,21:30:00,76028.0 | 76028 | 76028,4401859.0,67.0,-3.1249297633,-41.1700367871,ESTRADA PARÁ BARROQUINHA,M,cvli,HOMICIDIO DOLOSO,,,Terça-feira,False,False,Nublado,2.6,1.0,HOMICIDIO DOLOSO,AIS 27,NORTE
2.0,AIS 23,,Arma de fogo,,Trairi,,Sim,2026-03-17,,,,21:30:00,76026.0 | 76026 | 76026,4401902.0,26.0,-3.3556024603,-39.2889532215,CE-163,M,cvli,HOMICIDIO DOLOSO,,,Terça-feira,False,False,Nublado,2.6,1.0,HOMICIDIO DOLOSO,AIS 23,RMF OESTE
2.0,AIS 34,,Outros meios,VARZEA ALEGRE,Várzea Alegre,,Sim,2026-03-18,,,,10:00:00,76031.0,4401904.0,5.0,-6.796770726,-39.289558275,Rua Pergentino Brito de Lima,F,cvli,HOMICIDIO DOLOSO,,,Quarta-feira,False,False,Chuvoso,10.4,1.0,,AIS 34,SUL
2.0,AIS 34,,Outros meios,,Várzea Alegre,,Sim,2026-03-18,,,,10:00:00,76031,4401904.0,5.0,-6.796770726,-39.289558275,,F,cvli,HOMICIDIO DOLOSO,,,,,,,,1.0,,AIS 34,SUL
2.0,AIS 07,,Arma de fogo,CARIRE,Cariré,,Sim,2026-03-18,,,,15:30:00,76029.0,4401857.0,23.0,-3.9536004795,-40.4804227327,,M,cvli,HOMICIDIO DOLOSO,,,Quarta-feira,False,False,Chuvoso,10.4,1.0,,AIS 07,NORTE
2.0,AIS 07,,Arma de fogo,,Cariré,,Sim,2026-03-18,,,,15:30:00,76029,4401857.0,23.0,-3.9536004795,-40.4804227327,,M,cvli,HOMICIDIO DOLOSO,,,,,,,,1.0,,AIS 07,NORTE
2.0,AIS 34,,Arma de fogo,OROS,Orós,,Sim,2026-03-18,,,,22:50:00,76030.0,4401884.0,34.0,-6.236469179,-38.9168404198,,M,cvli,HOMICIDIO DOLOSO,,,Quarta-feira,False,False,Chuvoso,10.4,1.0,,AIS 34,SUL
2.0,AIS 34,,Arma de fogo,,Orós,,Sim,2026-03-18,,,,22:50:00,76030,4401884.0,34.0,-6.236469179,-38.9168404198,,M,cvli,HOMICIDIO DOLOSO,,,,,,,,1.0,,AIS 34,SUL
2.0,AIS 15,,Arma de fogo,SAO LUIS DO CURU,São Luís do Curu,,Sim,2026-03-19,,,,10:02:00,76033.0,4401897.0,65.0,-3.6699973196,-39.2413889039,Rua Rochael Moreira,M,cvli,HOMICIDIO DOLOSO,,,Quinta-feira,True,False,Nublado,3.7,1.0,,AIS 15,RMF LESTE
2.0,AIS 15,,Arma de fogo,,São Luís do Curu,,Sim,2026-03-19,,,,10:02:00,76033,4401897.0,65.0,-3.6699973196,-39.2413889039,,M,cvli,HOMICIDIO DOLOSO,,,,,,,,1.0,,AIS 15,RMF LESTE
2.0,AIS 03,,Arma de fogo,,Sobral,,Sim,2026-03-19,,,,12:30:00,76034.0 | 76034 | 76034,4401898.0,28.0,-3.7108476587,-40.4192294113,BR-222;BR-403,M,cvli,HOMICIDIO DOLOSO,,,Quinta-feira,True,False,Nublado,3.7,1.0,HOMICIDIO DOLOSO,AIS 03,NORTE
2.0,AIS 16,,Arma de fogo,CURIÓ,Fortaleza,,Sim,2026-03-19,,,,16:39:00,76032.0,4401833.0,24.0,-3.8227852341,-38.4793435349,Rua Ambrósio de Carvalho,M,cvli,HOMICIDIO DOLOSO,,,Quinta-feira,True,False,Nublado,3.7,1.0,,AIS 16,CAPITAL LESTE
2.0,AIS 16,,Arma de fogo,CURIÓ,Fortaleza,,Sim,2026-03-19,,,,16:39:00,76032,4401833.0,24.0,-3.8227852341,-38.4793435349,,M,cvli,HOMICIDIO DOLOSO,,,,,,,,1.0,,,CAPITAL LESTE
2.0,AIS 02,,Arma de fogo,,Juazeiro do Norte,,Sim,2026-03-20,,,,02:20:00,76037.0 | 76037 | 76037,4401876.0,20.0,-7.2540202639,-39.2932470189,Campo Alegre,M,cvli,HOMICIDIO DOLOSO,,,Sexta-feira,False,False,Nublado,3.6,1.0,HOMICIDIO DOLOSO,AIS 02,SUL
2.0,AIS 09,,Arma de fogo,,Russas,,Sim,2026-03-20,,,,08:00:00,76035.0 | 76035 | 76035,4401895.0,31.0,-5.0480342421,-38.0473563289,VILA MIGUEL PEREIRA,M,cvli,HOMICIDIO DOLOSO,,,Sexta-feira,False,False,Nublado,3.6,1.0,HOMICIDIO DOLOSO,AIS 09,SUDESTE
2.0,AIS 24,,Arma branca,,Cascavel,,Sim,2026-03-20,,,,13:30:00,76038.0 | 76039.0 | 76038.0 | 76039.0 | 76038 | 76039 | 76038 | 76039,4401821.0,42.0,-4.1119066849,-38.1672040901,Estrada do Toin,F,cvli,HOMICIDIO DOLOSO,,,Sexta-feira,False,False,Nublado,3.6,1.0,HOMICIDIO DOLOSO,AIS 24,RMF LESTE
2.0,AIS 24,,Arma de fogo,,Cascavel,,Sim,2026-03-20,,,,21:00:00,76302,4404324.0,48.0,-4.1334018903,-38.2448988631,,M,cvli,HOMICIDIO DOLOSO,,,,,,,,1.0,,AIS 24,RMF LESTE
2.0,AIS 11,,Arma de fogo,,Tianguá,,Sim,2026-03-20,,,,23:00:00,76036.0 | 76036 | 76036,4401901.0,17.0,-3.7240629653,-40.9888387631,Rua Vereador Raimundo Lima,M,cvli,HOMICIDIO DOLOSO,,,Sexta-feira,False,False,Nublado,3.6,1.0,HOMICIDIO DOLOSO,AIS 11,NORDESTE
2.0,AIS 33,,Arma de fogo,,Campos Sales,,Sim,2026-03-21,,,,08:55:00,76040.0 | 76040 | 76040,4401855.0,28.0,-7.0818495459,-40.3784764477,Travessa Cícero Simão de Alencar,M,cvli,HOMICIDIO DOLOSO,,,Sábado,False,False,Nublado,3.4,1.0,HOMICIDIO DOLOSO,AIS 33,SUL
2.0,AIS 32,,Arma de fogo,,Missão Velha,,Sim,2026-03-21,,,,19:00:00,76042.0 | 76042 | 76042,4401882.0,30.0,-7.2523433487,-39.1334679477,Rua Coronel José Dantas,M,cvli,HOMICIDIO DOLOSO,,,Sábado,False,False,Nublado,3.4,1.0,HOMICIDIO DOLOSO,AIS 32,SUL
2.0,AIS 11,,Arma de fogo,,São Benedito,,Sim,2026-03-21,,,,21:00:00,76041.0 | 76041 | 76041,4401896.0,18.0,-4.1116847956,-40.871659763,Avenida Brandão,M,cvli,HOMICIDIO DOLOSO,,,Sábado,False,False,Nublado,3.4,1.0,HOMICIDIO DOLOSO,AIS 11,NORDESTE
2.0,AIS 34,,Arma de fogo,LAVRAS DA MANGABEIRA,Lavras da Mangabeira,,Sim,2026-03-21,,,,23:00:00,76043.0,4401878.0,20.0,-6.7521319682,-38.962905057,Rua Raimundo Gomes de Holanda,M,cvli,HOMICIDIO DOLOSO,,,Sábado,False,False,Nublado,3.4,1.0,,AIS 34,SUL
2.0,AIS 34,,Arma de fogo,,Lavras da Mangabeira,,Sim,2026-03-21,,,,23:00:00,76043,4401878.0,20.0,-6.7521319682,-38.962905057,,M,cvli,HOMICIDIO DOLOSO,,,,,,,,1.0,,AIS 34,SUL
2.0,AIS 30,,Arma de fogo,,Tauá,,Sim,2026-03-22,,,,10:50:00,76044.0 | 76044 | 76044,4401900.0,38.0,-5.9877212722,-40.2922545919,Rua Sabino Ferreira,M,cvli,HOMICIDIO DOLOSO,,,Domingo,False,False,Nublado,2.8,1.0,HOMICIDIO DOLOSO,AIS 30,SUDESTE
2.0,AIS 18,,Arma de fogo,FARIAS BRITO,Fortaleza,,Sim,2026-03-22,,,,20:05:00,76047.0,4401822.0,54.0,-3.7371197962,-38.5390728477,Rua Campos Sales,M,cvli,HOMICIDIO DOLOSO,,,Domingo,False,False,Nublado,2.8,1.0,,AIS 21,CAPITAL OESTE
2.0,AIS 18,,Arma de fogo,FARIAS BRITO,Fortaleza,,Sim,2026-03-22,,,,20:05:00,76047,4401822.0,54.0,-3.7371197962,-38.5390728477,,M,cvli,HOMICIDIO DOLOSO,,,,,,,,1.0,,,CAPITAL OESTE
2.0,AIS 13,,Arma de fogo,CRATO,Crato,,Sim,2026-03-22,,,,20:50:00,76046.0,4401863.0,30.0,-7.2565154353,-39.4499824919,Avenida José Horácio Pequeno,M,cvli,HOMICIDIO DOLOSO,,,Domingo,False,False,Nublado,2.8,1.0,,AIS 13,SUL
2.0,AIS 27,,Arma de fogo,,Coreaú,,Sim,2026-03-22,,,,20:50:00,76667,4406342.0,38.0,-3.7398451603,-40.6899949054,,M,cvli,HOMICIDIO DOLOSO,,,,,,,,1.0,,AIS 27,NORTE
2.0,AIS 13,,Arma de fogo,,Crato,,Sim,2026-03-22,,,,20:50:00,76046,4401863.0,30.0,-7.2565154353,-39.4499824919,,M,cvli,HOMICIDIO DOLOSO,,,,,,,,1.0,,AIS 13,SUL
2.0,AIS 32,,Arma branca,ABAIARA,Abaiara,,Sim,2026-03-22,,,,23:27:00,76045.0,4401844.0,22.0,-7.3605379097,-39.0477736342,Avenida Padre Ibiapina,M,cvli,HOMICIDIO DOLOSO,,,Domingo,False,False,Nublado,2.8,1.0,,AIS 32,SUL
2.0,AIS 32,,Arma branca,,Abaiara,,Sim,2026-03-22,,,,23:27:00,76045,4401844.0,22.0,-7.3605379097,-39.0477736342,,M,cvli,HOMICIDIO DOLOSO,,,,,,,,1.0,,AIS 32,SUL
2.0,AIS 16,,Arma branca,MESSEJANA,Fortaleza,,Sim,2026-03-23,,,,14:27:00,76304.0,4404332.0,30.0,-3.8313567816,-38.4947329327,Praça de Messejana,M,cvli,HOMICIDIO DOLOSO,,,Segunda-feira,False,False,Nublado,0.7,1.0,,AIS 16,CAPITAL LESTE
2.0,AIS 16,,Arma branca,MESSEJANA,Fortaleza,,Sim,2026-03-23,,,,14:27:00,76304,4404332.0,30.0,-3.8313567816,-38.4947329327,,M,cvli,HOMICIDIO DOLOSO,,,,,,,,1.0,,,CAPITAL LESTE
2.0,AIS 23,,Outros meios,PARAIPABA,Paraipaba,,Sim,2026-03-23,,,,19:40:00,76303.0,4404407.0,46.0,-3.4284278129,-39.157727453,Cacimbão,M,cvli,HOMICIDIO DOLOSO,,,Segunda-feira,False,False,Nublado,0.7,1.0,,AIS 23,RMF OESTE
2.0,AIS 23,,Outros meios,,Paraipaba,,Sim,2026-03-23,,,,19:40:00,76303,4404407.0,46.0,-3.4284278129,-39.157727453,,M,cvli,HOMICIDIO DOLOSO,,,,,,,,1.0,,AIS 23,RMF OESTE
2.0,AIS 13,,Arma de fogo,,Farias Brito,,Sim,2026-03-24,,,,05:00:00,76310.0 | 76310 | 76310,4404381.0,58.0,-6.927666592,-39.5737688207,Rua Coronel Manoel Pinheiro de Almeida,M,cvli,HOMICIDIO DOLOSO,,,Terça-feira,False,False,Nublado,1.4,1.0,HOMICIDIO DOLOSO,AIS 13,SUL
2.0,AIS 09,,Arma branca,LIMOEIRO DO NORTE,Limoeiro do Norte,,Sim,2026-03-24,,,,06:30:00,76306.0,4404398.0,63.0,-5.1418119375,-38.0623979766,,M,cvli,HOMICIDIO DOLOSO,,,Terça-feira,False,False,Nublado,1.4,1.0,,AIS 09,SUDESTE
2.0,AIS 09,,Arma branca,,Limoeiro do Norte,,Sim,2026-03-24,,,,06:30:00,76306,4404398.0,63.0,-5.1418119375,-38.0623979766,,M,cvli,HOMICIDIO DOLOSO,,,,,,,,1.0,,AIS 09,SUDESTE
2.0,AIS 09,,Arma de fogo,,Russas,,Sim,2026-03-24,,,,07:20:00,76311.0 | 76311 | 76311,4404417.0,39.0,-5.0020972626,-38.0245184357,Estrada para Limoeiro do Norte,M,cvli,HOMICIDIO DOLOSO,,,Terça-feira,False,False,Nublado,1.4,1.0,HOMICIDIO DOLOSO,AIS 09,SUDESTE
2.0,AIS 02,,Arma de fogo,,Juazeiro do Norte,,Sim,2026-03-24,,,,15:00:00,76307.0 | 76308.0 | 76307.0 | 76308.0 | 76307 | 76308 | 76307 | 76308,4404394.0,89.0,-7.2346874757,-39.3158128919,Rua José de Alencar,F,cvli,HOMICIDIO DOLOSO,,,Terça-feira,False,False,Nublado,1.4,1.0,HOMICIDIO DOLOSO,AIS 02,SUL
2.0,AIS 03,,Arma de fogo,,Sobral,,Sim,2026-03-24,,,,17:30:00,76313.0 | 76313 | 76313,4404421.0,29.0,-3.6638781894,-40.374433675,Rua Moisés Plínio de Arruda,M,cvli,HOMICIDIO DOLOSO,,,Terça-feira,False,False,Nublado,1.4,1.0,HOMICIDIO DOLOSO,AIS 03,NORTE
2.0,AIS 27,,Arma de fogo,,Jijoca de Jericoacoara,,Sim,2026-03-24,,,,19:20:00,76309.0 | 76309 | 76309,4404390.0,25.0,-2.9017639915,-40.4505160039,Rua Cesário Paereira,M,cvli,HOMICIDIO DOLOSO,,,Terça-feira,False,False,Nublado,1.4,1.0,HOMICIDIO DOLOSO,AIS 27,NORTE
2.0,AIS 06,,Outros meios,DOM LUSTOSA,Fortaleza,,Sim,2026-03-24,,,,21:07:00,76305.0,4404329.0,37.0,-3.7533898496,-38.5840182189,Rua Conselheiro Araújo Lima,M,cvli,LESAO CORPORAL SEGUIDA DE MORTE,,,Terça-feira,False,False,Nublado,1.4,1.0,,AIS 06,CAPITAL OESTE
2.0,AIS 06,,Outros meios,DOM LUSTOSA,Fortaleza,,Sim,2026-03-24,,,,21:07:00,76305,4404329.0,37.0,-3.7533898496,-38.5840182189,,M,cvli,LESAO CORPORAL SEGUIDA DE MORTE,,,,,,,,1.0,,,CAPITAL OESTE
2.0,AIS 23,,Arma de fogo,,Trairi,,Sim,2026-03-24,,,,22:00:00,76314.0 | 76314 | 76314,4404427.0,30.0,-3.2235860137,-39.360190275,ESTRADA SEM NOME,M,cvli,HOMICIDIO DOLOSO,,,Terça-feira,False,False,Nublado,1.4,1.0,HOMICIDIO DOLOSO,AIS 23,RMF OESTE
2.0,AIS 13,,Arma de fogo,,Barbalha,,Sim,2026-03-24,,,,22:00:00,76312.0 | 76312 | 76312,4404362.0,42.0,-7.3174361439,-39.2980341462,Avenida Martinho de Luna Alencar,M,cvli,HOMICIDIO DOLOSO,,,Terça-feira,False,False,Nublado,1.4,1.0,HOMICIDIO DOLOSO,AIS 13,SUL
2.0,AIS 20,,Arma de fogo,MONDUBIM,Fortaleza,,Sim,2026-03-25,,,,01:04:00,76318.0,4404342.0,23.0,-3.8093694602,-38.5561218327,Rua Vereadora Zélia Correia de Sousa,M,cvli,HOMICIDIO DOLOSO,,,Quarta-feira,True,False,Nublado,1.0,1.0,,AIS 05,CAPITAL OESTE
2.0,AIS 20,,Arma de fogo,MONDUBIM,Fortaleza,,Sim,2026-03-25,,,,01:04:00,76318,4404342.0,23.0,-3.8093694602,-38.5561218327,,M,cvli,HOMICIDIO DOLOSO,,,,,,,,1.0,,,CAPITAL OESTE
2.0,AIS 29,,Arma de fogo,,Aracati,,Sim,2026-03-25,,,,01:50:00,76316.0 | 76316 | 76316,4404359.0,40.0,-4.5783265224,-37.7787485462,Rota do Sol Nascente,M,cvli,HOMICIDIO DOLOSO,,,Quarta-feira,True,False,Nublado,1.0,1.0,HOMICIDIO DOLOSO,AIS 29,NORDESTE
2.0,AIS 18,,Outros meios,BARRA DO CEARÁ,Fortaleza,,Sim,2026-03-25,,,,02:52:00,76317.0,4404339.0,25.0,-3.6999892898,-38.5797436615,Rua do Leme,M,cvli,HOMICIDIO DOLOSO,,,Quarta-feira,True,False,Nublado,1.0,1.0,,AIS 06,CAPITAL OESTE
2.0,AIS 18,,Outros meios,BARRA DO CEARÁ,Fortaleza,,Sim,2026-03-25,,,,02:52:00,76317,4404339.0,25.0,-3.6999892898,-38.5797436615,,M,cvli,HOMICIDIO DOLOSO,,,,,,,,1.0,,,CAPITAL OESTE
2.0,AIS 34,,Arma de fogo,LAVRAS DA MANGABEIRA,Lavras da Mangabeira,,Sim,2026-03-25,,,,20:00:00,76319.0,4404395.0,62.0,-6.7998653331,-39.0109025462,,M,cvli,HOMICIDIO DOLOSO,,,Quarta-feira,True,False,Nublado,1.0,1.0,,AIS 34,SUL
2.0,AIS 34,,Arma de fogo,,Lavras da Mangabeira,,Sim,2026-03-25,,,,20:00:00,76319,4404395.0,62.0,-6.7998653331,-39.0109025462,,M,cvli,HOMICIDIO DOLOSO,,,,,,,,1.0,,AIS 34,SUL
2.0,AIS 07,,Arma de fogo,,Tamboril,,Sim,2026-03-25,,,,22:00:00,76315.0 | 76315 | 76315,4404424.0,51.0,-4.9417776735,-40.5378207396,Seminário de Sucesso,M,cvli,HOMICIDIO DOLOSO,,,Quarta-feira,True,False,Nublado,1.0,1.0,HOMICIDIO DOLOSO,AIS 07,NORTE
2.0,AIS 04,,Arma de fogo,,Amontada,,Sim,2026-03-26,,,,00:30:00,76322.0 | 76322 | 76322,4404357.0,41.0,-3.3615331463,-39.8308600753,Avenida General Alípio dos Santos,M,cvli,HOMICIDIO DOLOSO,,,Quinta-feira,False,False,Nublado,2.1,1.0,HOMICIDIO DOLOSO,AIS 04,NORDESTE
2.0,AIS 19,,Arma branca,PAPICU,Fortaleza,,Sim,2026-03-26,,,,10:00:00,76321.0,4404348.0,67.0,-3.7445426041,-38.4693083646,Rua Doutor Francisco Matos,F,cvli,HOMICIDIO DOLOSO,,,Quinta-feira,False,False,Nublado,2.1,1.0,,AIS 08,CAPITAL LESTE
2.0,AIS 19,,Arma branca,PAPICU,Fortaleza,,Sim,2026-03-26,,,,10:00:00,76321,4404348.0,67.0,-3.7445426041,-38.4693083646,,F,cvli,HOMICIDIO DOLOSO,,,,,,,,1.0,,,CAPITAL LESTE
2.0,AIS 16,,Arma de fogo,JOSÉ DE ALENCAR,Fortaleza,,Sim,2026-03-26,,,,17:10:00,76320.0,4404344.0,19.0,-3.8105408766,-38.4744450742,Avenida Engenheiro Leal Lima Verde,M,cvli,HOMICIDIO DOLOSO,,,Quinta-feira,False,False,Nublado,2.1,1.0,,AIS 16,CAPITAL LESTE
2.0,AIS 16,,Arma de fogo,JOSÉ DE ALENCAR,Fortaleza,,Sim,2026-03-26,,,,17:10:00,76320,4404344.0,19.0,-3.8105408766,-38.4744450742,,M,cvli,HOMICIDIO DOLOSO,,,,,,,,1.0,,,CAPITAL LESTE
2.0,AIS 04,,Arma de fogo,,Itapipoca,,Sim,2026-03-27,,,,09:30:00,76669,4406371.0,24.0,-3.4865570247,-39.5706970054,,M,cvli,HOMICIDIO DOLOSO,,,,,,,,1.0,,AIS 04,NORDESTE
2.0,AIS 06,,Arma de fogo,BONSUCESSO,Fortaleza,,Sim,2026-03-27,,,,11:00:00,76671,4406367.0,29.0,-3.776646774,-38.5849101631,,M,cvli,HOMICIDIO DOLOSO,,,,,,,,1.0,,,CAPITAL OESTE
2.0,AIS 04,,Arma de fogo,,Itapipoca,,Sim,2026-03-27,,,,14:30:00,76672,4406370.0,29.0,-3.4836385514,-39.5822435208,,M,cvli,HOMICIDIO DOLOSO,,,,,,,,1.0,,AIS 04,NORDESTE
2.0,AIS 30,,Arma de fogo,,Tauá,,Sim,2026-03-27,,,,19:40:00,76673,4406372.0,21.0,-6.0546086559,-40.3557814631,,M,cvli,HOMICIDIO DOLOSO,,,,,,,,1.0,,AIS 30,SUDESTE
2.0,AIS 07,,Arma de fogo,,Cariré,,Sim,2026-03-27,,,,21:30:00,76670,4406368.0,30.0,-3.9525106993,-40.4850214631,,M,cvli,HOMICIDIO DOLOSO,,,,,,,,1.0,,AIS 07,NORTE
2.0,AIS 13,,Arma de fogo,,Crato,,Sim,2026-03-27,,,,23:59:00,76668,4406369.0,26.0,-7.2398882464,-39.403621763,,M,cvli,HOMICIDIO DOLOSO,,,,,,,,1.0,,AIS 13,SUL
2.0,AIS 28,,Arma branca,,Boa Viagem,,Sim,2026-03-28,,,,15:00:00,76680.0 | 76680 | 76680,4406373.0,53.0,-5.1162703061,-39.7337069919,RUA MARIA DA CONCEIÇÃO ALVES DE MELO,M,cvli,HOMICIDIO DOLOSO,,,Sábado,False,False,Nublado,2.1,1.0,HOMICIDIO DOLOSO,AIS 28,NORTE
2.0,AIS 02,,Arma de fogo,,Juazeiro do Norte,,Sim,2026-03-28,,,,17:30:00,76674.0 | 76674 | 76674,4406374.0,20.0,-7.2493173897,-39.2974502342,Rua Adalberto Napoleão de Araújo,M,cvli,HOMICIDIO DOLOSO,,,Sábado,False,False,Nublado,2.1,1.0,HOMICIDIO DOLOSO,AIS 02,SUL
2.0,AIS 03,,Arma de fogo,,Sobral,,Sim,2026-03-28,,,,20:30:00,76676.0 | 76677.0 | 76678.0 | 76676.0 | 76677.0 | 76678.0 | 76676.0 | 76677.0 | 76678.0 | 76676 | 76677 | 76678 | 76676 | 76677 | 76678,4406376.0,30.0,-3.8364592614,-40.6700310693,RUA RAIMUNDO LUIZ DA COSTA,M,cvli,HOMICIDIO DOLOSO,,,Sábado,False,False,Nublado,2.1,1.0,HOMICIDIO DOLOSO,AIS 03,NORTE
2.0,AIS 02,,Arma branca,JUAZEIRO DO NORTE,Juazeiro do Norte,,Sim,2026-03-28,,,,22:00:00,76675.0,4406375.0,41.0,-7.2151024417,-39.322782263,Rua Fiscal José Soares,F,cvli,HOMICIDIO DOLOSO,,,Sábado,False,False,Nublado,2.1,1.0,HOMICIDIO DOLOSO,AIS 02,SUL
2.0,AIS 02,,Arma branca,,Juazeiro do Norte,,Sim,2026-03-28,,,,22:00:00,76675,4406375.0,41.0,-7.2151024417,-39.322782263,,F,cvli,HOMICIDIO DOLOSO,,,,,,,,1.0,,AIS 02,SUL
2.0,AIS 30,,Arma de fogo,,Tauá,,Sim,2026-03-28,,,,23:30:00,76679.0 | 76679 | 76679,4406379.0,40.0,-6.0090537252,-40.2834556496,Rua A2,F,cvli,HOMICIDIO DOLOSO,,,Sábado,False,False,Nublado,2.1,1.0,HOMICIDIO DOLOSO,AIS 30,SUDESTE
2.0,AIS 11,,Arma de fogo,TIANGUA,Tianguá,,Sim,2026-03-29,,,,05:00:00,76681.0,4406380.0,20.0,-3.747338208,-41.0061191039,,F,cvli,FEMINICÍDIO,,,Domingo,False,False,Chuvoso,11.5,1.0,FEMINICÍDIO,AIS 11,NORDESTE
2.0,AIS 11,,Arma de fogo,,Tianguá,,Sim,2026-03-29,,,,05:00:00,76681,4406380.0,20.0,-3.747338208,-41.0061191039,,F,cvli,FEMINICÍDIO,,,,,,,,1.0,,AIS 11,NORDESTE
2.0,AIS 03,,Arma de fogo,,Sobral,,Sim,2026-03-30,,,,03:30:00,76686.0 | 76686 | 76686,4406386.0,55.0,-3.6668694482,-40.4847222039,RUA DA MATRIZ,M,cvli,HOMICIDIO DOLOSO,,,Segunda-feira,False,True,Chuvoso,6.2,1.0,HOMICIDIO DOLOSO,AIS 03,NORTE
2.0,AIS 27,,Arma de fogo,JIJOCA DE JERICOACOARA,Jijoca de Jericoacoara,,Sim,2026-03-30,,,,08:10:00,76682.0,4406384.0,26.0,-2.8983118668,-40.449711475,Rua Izaura Vasconcelos,M,cvli,HOMICIDIO DOLOSO,,,Segunda-feira,False,True,Chuvoso,6.2,1.0,HOMICIDIO DOLOSO,AIS 27,NORTE
2.0,AIS 27,,Arma de fogo,,Jijoca de Jericoacoara,,Sim,2026-03-30,,,,08:10:00,76682,4406384.0,26.0,-2.8983118668,-40.449711475,,M,cvli,HOMICIDIO DOLOSO,,,,,,,,1.0,,AIS 27,NORTE
2.0,AIS 23,,Arma branca,,Paracuru,,Sim,2026-03-30,,,,09:20:00,76684.0 | 76684 | 76684,4406385.0,40.0,-3.4530127591,-38.9661111039,AVENIDA MARIA ACÁCIO DE MATOS,M,cvli,HOMICIDIO DOLOSO,,,Segunda-feira,False,True,Chuvoso,6.2,1.0,HOMICIDIO DOLOSO,AIS 23,RMF OESTE
2.0,AIS 16,,Arma branca,MESSEJANA,Fortaleza,,Sim,2026-03-30,,,,13:10:00,76687.0,4406382.0,37.0,-3.8282988654,-38.487529207,Rua Doutor Joaquim Bento,F,cvli,HOMICIDIO DOLOSO,,,Segunda-feira,False,True,Chuvoso,6.2,1.0,HOMICIDIO DOLOSO,AIS 16,CAPITAL LESTE
2.0,AIS 16,,Arma branca,MESSEJANA,Fortaleza,,Sim,2026-03-30,,,,13:10:00,76687,4406382.0,37.0,-3.8282988654,-38.487529207,,F,cvli,HOMICIDIO DOLOSO,,,,,,,,1.0,,,CAPITAL LESTE
2.0,AIS 11,,Arma de fogo,,Carnaubal,,Sim,2026-03-30,,,,19:45:00,76683.0 | 76683 | 76683,4406383.0,45.0,-4.1315720011,-40.9480616664,CE-192,M,cvli,HOMICIDIO DOLOSO,,,Segunda-feira,False,True,Chuvoso,6.2,1.0,HOMICIDIO DOLOSO,AIS 11,NORDESTE
2.0,AIS 12,,Arma de fogo,,Caucaia,,Sim,2026-03-30,,,,20:40:00,76685.0 | 76685 | 76685,4406381.0,52.0,-3.5909172585,-38.8254572337,Rua José Paulino Alves,M,cvli,HOMICIDIO DOLOSO,,,Segunda-feira,False,True,Chuvoso,6.2,1.0,HOMICIDIO DOLOSO,AIS 12,RMF OESTE
2.0,AIS 12,,Outros meios,IPARANA,Caucaia,,Sim,2026-04-01,,,,16:55:00,76688.0,4407842.0,45.0,-3.7259289778,-38.6583831477,Rua Florêncio Matias,M,cvli,HOMICIDIO DOLOSO,,,Quarta-feira,False,True,,,1.0,HOMICIDIO DOLOSO,AIS 12,RMF OESTE
2.0,AIS 12,,Outros meios,,Caucaia,,Sim,2026-04-01,,,,16:55:00,76688,4407842.0,45.0,-3.7259289778,-38.6583831477,,M,cvli,HOMICIDIO DOLOSO,,,,,,,,1.0,,AIS 12,RMF OESTE
2.0,AIS 09,,Arma de fogo,,Russas,,Sim,2026-04-02,,,,06:30:00,76694.0 | 76694 | 76694,4407855.0,23.0,-4.922429238,-37.9769103477,Rua Joaquim de Sousa Barreto,M,cvli,HOMICIDIO DOLOSO,,,Quinta-feira,False,True,,,1.0,HOMICIDIO DOLOSO,AIS 09,SUDESTE
2.0,AIS 34,,Arma branca,CEDRO,Cedro,,Sim,2026-04-02,,,,08:00:00,76692.0,4407848.0,32.0,-6.6035578051,-39.0627885342,Rua Joaquim Ferreira da Silva,F,cvli,FEMINICÍDIO,,,Quinta-feira,False,True,,,1.0,FEMINICÍDIO,AIS 34,SUL
2.0,AIS 34,,Arma branca,,Cedro,,Sim,2026-04-02,,,,08:00:00,76692,4407848.0,32.0,-6.6035578051,-39.0627885342,,F,cvli,FEMINICÍDIO,,,,,,,,1.0,,AIS 34,SUL
2.0,,,Arma de fogo,GENTILÂNDIA,Fortaleza,,Sim,2026-04-02,,,,09:00:00,76690.0,4407843.0,23.0,-3.7446809021,-38.5384407054,Rua Padre Francisco Pinto,M,cvli,HOMICIDIO DOLOSO,,,Quinta-feira,False,True,,,1.0,HOMICIDIO DOLOSO,AIS 21,
2.0,,,Arma de fogo,GENTILÂNDIA,Fortaleza,,Sim,2026-04-02,,,,09:00:00,76690,4407843.0,23.0,-3.7446809021,-38.5384407054,,M,cvli,HOMICIDIO DOLOSO,,,,,,,,1.0,,,
2.0,,,Arma de fogo,BOA VISTA,Fortaleza,,Sim,2026-04-02,,,,16:30:00,76691.0 | 77151.0 | 76691 | 77151,4407844.0,43.0,-3.80156867,-38.5217163766,Rua Crisanto Barroso,F,cvli,HOMICIDIO DOLOSO,,,Quinta-feira,False,True,,,1.0,HOMICIDIO DOLOSO,AIS 21,
2.0,,,Arma de fogo,BOA VISTA,Fortaleza,,Sim,2026-04-02,,,,16:30:00,76691 | 77151,4407844.0,43.0,-3.80156867,-38.5217163766,,F,cvli,HOMICIDIO DOLOSO,,,,,,,,1.0,,,
2.0,AIS 30,,Arma de fogo,,Tauá,,Sim,2026-04-02,,,,17:10:00,76693.0 | 76693 | 76693,4407857.0,26.0,-6.004934555,-40.2925884842,Rua Pôr do Sol,M,cvli,HOMICIDIO DOLOSO,,,Quinta-feira,False,True,,,1.0,HOMICIDIO DOLOSO,AIS 30,SUDESTE
2.0,AIS 10,,Outros meios,ACOPIARA,Acopiara,,Sim,2026-04-02,,,,23:40:00,76689.0,4407845.0,74.0,-6.0969145894,-39.4543138342,Rua Coronel Raimundo de Pinho,M,cvli,HOMICIDIO DOLOSO,,,Quinta-feira,False,True,,,1.0,HOMICIDIO DOLOSO,AIS 10,SUL
2.0,AIS 10,,Outros meios,,Acopiara,,Sim,2026-04-02,,,,23:40:00,76689,4407845.0,74.0,-6.0969145894,-39.4543138342,,M,cvli,HOMICIDIO DOLOSO,,,,,,,,1.0,,AIS 10,SUL
2.0,AIS 02,,Arma de fogo,,Juazeiro do Norte,,Sim,2026-04-03,,,,23:00:00,76695.0 | 76695 | 76695,4407854.0,,-7.2364596325,-39.3199472765,Rua Beata Maria de Araújo,M,cvli,HOMICIDIO DOLOSO,,,Sexta-feira,True,True,,,1.0,HOMICIDIO DOLOSO,AIS 02,SUL
2.0,AIS 04,,Arma de fogo,,Itapipoca,,Sim,2026-04-04,,,,05:00:00,76696.0 | 76696 | 76696,4407852.0,22.0,-3.2852135295,-39.6569765919,Rua Antônio Alves dos Santos,M,cvli,HOMICIDIO DOLOSO,,,Sábado,False,True,,,1.0,HOMICIDIO DOLOSO,AIS 04,NORDESTE
2.0,AIS 29,,Arma de fogo,,Jaguaruana,,Sim,2026-04-04,,,,15:30:00,76697.0 | 76697 | 76697,4407853.0,26.0,-4.9216453165,-37.8025214631,RUA LUÍS EDILBERTO DE CARVALHO,M,cvli,HOMICIDIO DOLOSO,,,Sábado,False,True,,,1.0,HOMICIDIO DOLOSO,AIS 29,NORDESTE
2.0,AIS 03,,Arma de fogo,SANTANA DO ACARAU,Santana do Acaraú,,Sim,2026-04-05,,,,00:00:00,76701.0,4407856.0,20.0,-3.4574582132,-40.2075867715,Rua Lucineide de Oliveira,M,cvli,HOMICIDIO DOLOSO,,,Domingo,False,True,,,1.0,HOMICIDIO DOLOSO,AIS 03,NORTE
2.0,AIS 03,,Arma de fogo,,Santana do Acaraú,,Sim,2026-04-05,,,,00:00:00,76701,4407856.0,20.0,-3.4574582132,-40.2075867715,,M,cvli,HOMICIDIO DOLOSO,,,,,,,,1.0,,AIS 03,NORTE
2.0,AIS 04,,Arma de fogo,,Itapajé,,Sim,2026-04-05,,,,03:55:00,76699.0 | 76699 | 76699,4407851.0,40.0,-3.6837650696,-39.5911131919,Rua Joaquim Carlos Holanda,M,cvli,HOMICIDIO DOLOSO,,,Domingo,False,True,,,1.0,HOMICIDIO DOLOSO,AIS 04,NORDESTE
2.0,AIS 07,,Outros meios,,Poranga,,Sim,2026-04-05,,,,04:00:00,77153,4409616.0,32.0,-4.7474999952,-40.9258440327,,M,cvli,HOMICIDIO DOLOSO,,,,,,,,1.0,,AIS 07,NORTE
2.0,AIS 04,,Arma de fogo,,Irauçuba,,Sim,2026-04-05,,,,09:20:00,76698.0 | 76698 | 76698,4407850.0,29.0,-3.7421432962,-39.7853619039,RUA LUÍS MOTA E MELO,M,cvli,HOMICIDIO DOLOSO,,,Domingo,False,True,,,1.0,HOMICIDIO DOLOSO,AIS 04,NORDESTE
2.0,AIS 13,,Arma de fogo,,Barbalha,,Sim,2026-04-05,,,,12:00:00,76700.0 | 76700 | 76700,4407846.0,26.0,-7.2893656451,-39.315992263,Avenida Paulo Marquês,M,cvli,HOMICIDIO DOLOSO,,,Domingo,False,True,,,1.0,HOMICIDIO DOLOSO,AIS 13,SUL
2.0,AIS 27,,Outros meios,,Bela Cruz,,Sim,2026-04-05,,,,20:00:00,77152,4409613.0,42.0,-3.0001335687,-40.4078974615,,M,cvli,HOMICIDIO DOLOSO,,,,,,,,1.0,,AIS 27,NORTE
2.0,AIS 11,,Arma branca,,Ibiapina,,Sim,2026-04-05,,,,23:00:00,76702.0 | 76702 | 76702,4407849.0,19.0,-3.97922919,-40.938278275,RUA OTAVIO SOARES,M,cvli,HOMICIDIO DOLOSO,,,Domingo,False,True,,,1.0,HOMICIDIO DOLOSO,AIS 11,NORDESTE
2.0,AIS 04,,Arma de fogo,,Irauçuba,,Sim,2026-04-07,,,,01:30:00,77156.0 | 77156 | 77156,4409622.0,41.0,-3.7348247599,-39.8937327327,RUA JOANA FERREIRA,M,cvli,HOMICIDIO DOLOSO,,,Terça-feira,False,True,,,1.0,HOMICIDIO DOLOSO,AIS 04,NORDESTE
2.0,AIS 20,,Arma de fogo,PARQUE DOIS IRMĂOS,Fortaleza,,Sim,2026-04-07,,,,09:44:00,77154.0,4409620.0,41.0,-3.8044122806,-38.5464103615,Rua J,M,cvli,HOMICIDIO DOLOSO,,,Terça-feira,False,True,,,1.0,HOMICIDIO DOLOSO,AIS 21,CAPITAL OESTE
2.0,AIS 20,,Arma de fogo,PARQUE DOIS IRMĂOS,Fortaleza,,Sim,2026-04-07,,,,09:44:00,77154,4409620.0,41.0,-3.8044122806,-38.5464103615,,M,cvli,HOMICIDIO DOLOSO,,,,,,,,1.0,,,CAPITAL OESTE
2.0,AIS 16,,Arma branca,BARROSO,Fortaleza,,Sim,2026-04-07,,,,18:00:00,77155.0,4409621.0,31.0,-3.8198938573,-38.5082610642,Avenida Capitão Waldemar Paula Lima,M,cvli,HOMICIDIO DOLOSO,,,Terça-feira,False,True,,,1.0,HOMICIDIO DOLOSO,AIS 21,CAPITAL LESTE
2.0,AIS 16,,Arma branca,BARROSO,Fortaleza,,Sim,2026-04-07,,,,18:00:00,77155,4409621.0,31.0,-3.8198938573,-38.5082610642,,M,cvli,HOMICIDIO DOLOSO,,,,,,,,1.0,,,CAPITAL LESTE
2.0,AIS 23,,Arma de fogo,,Trairi,,Sim,2026-04-08,,,,06:30:00,77163.0 | 77163 | 77163,4409629.0,33.0,-3.2283742849,-39.2661935462,RUA ELIAS FERREIRA,M,cvli,HOMICIDIO DOLOSO,,,Quarta-feira,False,True,,,1.0,HOMICIDIO DOLOSO,AIS 23,RMF OESTE
2.0,AIS 13,,Arma branca,,Crato,,Sim,2026-04-08,,,,11:00:00,77157.0 | 77157 | 77157,4409623.0,42.0,-7.2306523447,-39.4201762462,Rua Comandante Marcelo Teixeira,M,cvli,HOMICIDIO DOLOSO,,,Quarta-feira,False,True,,,1.0,HOMICIDIO DOLOSO,AIS 13,SUL
2.0,AIS 27,,Arma de fogo,,Marco,,Sim,2026-04-08,,,,12:30:00,77158.0 | 77158 | 77158,4409624.0,16.0,-3.1900739968,-40.0834580039,BR-402;BR-403;CE-178,M,cvli,HOMICIDIO DOLOSO,,,Quarta-feira,False,True,,,1.0,HOMICIDIO DOLOSO,AIS 27,NORTE
2.0,AIS 32,,Arma de fogo,,Missão Velha,,Sim,2026-04-08,,,,12:40:00,77159.0 | 77160.0 | 77159.0 | 77160.0 | 77159 | 77160 | 77159 | 77160,4409626.0,33.0,-7.2774999927,-39.2172222038,ESTRADA PASSAGEM DE PEDRA,F,cvli,HOMICIDIO DOLOSO,,,Quarta-feira,False,True,,,1.0,HOMICIDIO DOLOSO,AIS 32,SUL
2.0,AIS 31,,Arma de fogo,,Pedra Branca,,Sim,2026-04-08,,,,18:30:00,77161.0 | 77161 | 77161,4409627.0,36.0,-5.4491182124,-39.7184795173,Rua Manoel Feitosa Ferro,M,cvli,HOMICIDIO DOLOSO,,,Quarta-feira,False,True,,,1.0,HOMICIDIO DOLOSO,AIS 31,SUDESTE
2.0,AIS 04,,Arma branca,URUBURETAMA,Uruburetama,,Sim,2026-04-08,,,,19:00:00,77164.0,4409630.0,43.0,-3.6285331394,-39.4951050905,CE-243;URB-040,M,cvli,HOMICIDIO DOLOSO,,,Quarta-feira,False,True,,,1.0,HOMICIDIO DOLOSO,AIS 04,NORDESTE
2.0,AIS 04,,Arma branca,,Uruburetama,,Sim,2026-04-08,,,,19:00:00,77164,4409630.0,43.0,-3.6285331394,-39.4951050905,,M,cvli,HOMICIDIO DOLOSO,,,,,,,,1.0,,AIS 04,NORDESTE
2.0,AIS 03,,Arma de fogo,,Sobral,,Sim,2026-04-08,,,,19:30:00,77162.0 | 77162 | 77162,4409628.0,33.0,-3.688898216,-40.3567697943,Rua Coronel Sabino Guimarães,M,cvli,HOMICIDIO DOLOSO,,,Quarta-feira,False,True,,,1.0,HOMICIDIO DOLOSO,AIS 03,NORTE
2.0,AIS 23,,Arma de fogo,,São Gonçalo do Amarante,,Sim,2026-04-09,,,,06:00:00,77166.0 | 77166 | 77166,4409632.0,41.0,-3.530245671,-38.906933675,RUA DO POSTO DE SAÚDE,M,cvli,HOMICIDIO DOLOSO,,,Quinta-feira,False,True,,,1.0,HOMICIDIO DOLOSO,AIS 23,RMF OESTE
2.0,AIS 03,,Arma de fogo,,Sobral,,Sim,2026-04-09,,,,06:30:00,77167.0 | 77167.0 | 77167 | 77167,4409633.0,52.0,-3.6954301564,-40.3407950834,Avenida Senador Fernandes Távora,M,cvli,HOMICIDIO DOLOSO,,,Quinta-feira,False,True,,,1.0,HOMICIDIO DOLOSO,AIS 03,NORTE
2.0,AIS 16,,Arma de fogo,MESSEJANA,Fortaleza,,Sim,2026-04-09,,,,22:00:00,77165.0 | 77165.0,4409631.0,21.0,-3.829229362,-38.5019293327,Rua Santa Clara de Assis,M,cvli,HOMICIDIO DOLOSO,,,Quinta-feira,False,True,,,1.0,HOMICIDIO DOLOSO,AIS 16,CAPITAL LESTE
2.0,AIS 16,,Arma de fogo,MESSEJANA,Fortaleza,,Sim,2026-04-09,,,,22:00:00,77165,4409631.0,21.0,-3.829229362,-38.5019293327,,M,cvli,HOMICIDIO DOLOSO,,,,,,,,1.0,,,CAPITAL LESTE
2.0,AIS 04,,Arma de fogo,MIRAIMA,Miraíma,,Sim,2026-04-10,,,,04:30:00,77168.0,4409635.0,1.0,-3.5683690402,-39.9638222766,Rua  Elinor Braga,M,cvli,HOMICIDIO DOLOSO,,,Sexta-feira,False,True,,,1.0,HOMICIDIO DOLOSO,AIS 04,NORDESTE
2.0,AIS 04,,Arma de fogo,,Miraíma,,Sim,2026-04-10,,,,04:30:00,77168,4409635.0,1.0,-3.5683690402,-39.9638222766,,M,cvli,HOMICIDIO DOLOSO,,,,,,,,1.0,,AIS 04,NORDESTE
2.0,AIS 13,,Arma de fogo,,Barbalha,,Sim,2026-04-10,,,,13:00:00,77325,4413513.0,50.0,-7.3195866341,-39.3010097327,,M,cvli,HOMICIDIO DOLOSO,,,,,,,,1.0,,AIS 13,SUL
2.0,AIS 02,,Arma de fogo,JUAZEIRO DO NORTE,Juazeiro do Norte,,Sim,2026-04-10,,,,21:30:00,77169.0,4409634.0,35.0,-7.2097221928,-39.3091667054,Rua Sete de Setembro,M,cvli,HOMICIDIO DOLOSO,,,Sexta-feira,False,True,,,1.0,HOMICIDIO DOLOSO,AIS 02,SUL
2.0,AIS 02,,Arma de fogo,,Juazeiro do Norte,,Sim,2026-04-10,,,,21:30:00,77169,4409634.0,35.0,-7.2097221928,-39.3091667054,,M,cvli,HOMICIDIO DOLOSO,,,,,,,,1.0,,AIS 02,SUL
2.0,AIS 27,,Arma branca,CHAVAL,Chaval,,Sim,2026-04-11,,,,11:30:00,77170.0,4409636.0,39.0,-3.0778573172,-41.1993971321,,M,cvli,HOMICIDIO DOLOSO,,,Sábado,False,False,,,1.0,HOMICIDIO DOLOSO,AIS 27,NORTE
2.0,AIS 27,,Arma branca,,Chaval,,Sim,2026-04-11,,,,11:30:00,77170,4409636.0,39.0,-3.0778573172,-41.1993971321,,M,cvli,HOMICIDIO DOLOSO,,,,,,,,1.0,,AIS 27,NORTE
2.0,AIS 33,,Arma de fogo,,Campos Sales,,Sim,2026-04-12,,,,01:17:00,77173.0 | 77173 | 77173,4409638.0,21.0,-7.0771796045,-40.3911111054,Transamazônica,M,cvli,HOMICIDIO DOLOSO,,,Domingo,False,False,,,1.0,HOMICIDIO DOLOSO,AIS 33,SUL
2.0,AIS 09,,Arma de fogo,,Limoeiro do Norte,,Sim,2026-04-12,,,,04:00:00,77172.0 | 77172 | 77172,4409639.0,28.0,-5.1494123382,-38.1436111039,AVENIDA MANOEL FIDELIS MAIA,M,cvli,HOMICIDIO DOLOSO,,,Domingo,False,False,,,1.0,HOMICIDIO DOLOSO,AIS 09,SUDESTE
2.0,AIS 16,,Arma de fogo,JOSÉ DE ALENCAR,Fortaleza,,Sim,2026-04-12,,,,16:23:00,77174.0,4409637.0,43.0,-3.8195444911,-38.4774737343,Rua Fulgêncio Cruz,M,cvli,HOMICIDIO DOLOSO,,,Domingo,False,False,,,1.0,HOMICIDIO DOLOSO,AIS 16,CAPITAL LESTE
2.0,AIS 16,,Arma de fogo,JOSÉ DE ALENCAR,Fortaleza,,Sim,2026-04-12,,,,16:23:00,77174,4409637.0,43.0,-3.8195444911,-38.4774737343,,M,cvli,HOMICIDIO DOLOSO,,,,,,,,1.0,,,CAPITAL LESTE
2.0,AIS 13,,Arma de fogo,,Santana do Cariri,,Sim,2026-04-12,,,,18:00:00,77171.0 | 77171 | 77171,4409641.0,63.0,-7.3756917125,-39.6128240038,ESTRADA SEM NOME,M,cvli,HOMICIDIO DOLOSO,,,Domingo,False,False,,,1.0,HOMICIDIO DOLOSO,AIS 13,SUL
2.0,AIS 30,,Arma de fogo,,Parambu,,Sim,2026-04-12,,,,19:30:00,77175.0 | 77175 | 77175,4409640.0,32.0,-6.1993697311,-40.6964210919,Rua Francisco Cota,M,cvli,HOMICIDIO DOLOSO,,,Domingo,False,False,,,1.0,HOMICIDIO DOLOSO,AIS 30,SUDESTE
2.0,AIS 27,,Arma de fogo,,Marco,,Sim,2026-04-13,,,,08:00:00,77176.0 | 77177.0 | 77176.0 | 77177.0 | 77176 | 77177 | 77176 | 77177,4409643.0,24.0,-3.1269069042,-40.0847168367,RODOVIA ROTA TURISTICA SERRA DA IBIAPABA,M,cvli,HOMICIDIO DOLOSO,,,Segunda-feira,False,False,,,1.0,HOMICIDIO DOLOSO,AIS 27,NORTE
2.0,AIS 17,,Arma de fogo,CANINDEZINHO,Fortaleza,,Sim,2026-04-13,,,,21:34:00,77326,4413495.0,46.0,-3.8158514608,-38.6080841615,,M,cvli,HOMICIDIO DOLOSO,,,,,,,,1.0,,,CAPITAL OESTE
2.0,AIS 27,,Arma branca,,Camocim,,Sim,2026-04-14,,,,05:20:00,77328,4413519.0,47.0,-2.9054710617,-40.8445760615,,M,cvli,HOMICIDIO DOLOSO,,,,,,,,1.0,,AIS 27,NORTE
2.0,AIS 07,,Arma de fogo,,Ipu,,Sim,2026-04-14,,,,18:30:00,77327,4413530.0,40.0,-4.3287310027,-40.7048336039,,M,cvli,HOMICIDIO DOLOSO,,,,,,,,1.0,,AIS 07,NORTE
2.0,AIS 29,,Arma de fogo,,Aracati,,Sim,2026-04-15,,,,02:30:00,77329,4413512.0,29.0,-4.5766506535,-37.7625006742,,M,cvli,HOMICIDIO DOLOSO,,,,,,,,1.0,,AIS 29,NORDESTE
2.0,AIS 03,,Arma de fogo,,Sobral,,Sim,2026-04-15,,,,06:30:00,77332,4413557.0,43.0,-3.6977650823,-40.3661124448,,M,cvli,HOMICIDIO DOLOSO,,,,,,,,1.0,,AIS 03,NORTE
2.0,AIS 02,,Arma de fogo,,Juazeiro do Norte,,Sim,2026-04-15,,,,20:30:00,77330,4413539.0,33.0,-7.2412926744,-39.3385884236,,M,cvli,HOMICIDIO DOLOSO,,,,,,,,1.0,,AIS 02,SUL
2.0,AIS 11,,Arma de fogo,,Carnaubal,,Sim,2026-04-15,,,,23:00:00,77331,4413523.0,36.0,-4.1661860241,-40.9376974708,,M,cvli,HOMICIDIO DOLOSO,,,,,,,,1.0,,AIS 11,NORDESTE
2.0,AIS 04,,Arma de fogo,,Itapajé,,Sim,2026-04-16,,,,04:00:00,77334,4413534.0,37.0,-3.6772061362,-39.580267075,,M,cvli,HOMICIDIO DOLOSO,,,,,,,,1.0,,AIS 04,NORDESTE
2.0,AIS 33,,Arma de fogo,,Campos Sales,,Sim,2026-04-16,,,,18:06:00,77333,4413520.0,48.0,-7.0736755627,-40.377605975,,M,cvli,HOMICIDIO DOLOSO,,,,,,,,1.0,,AIS 33,SUL
2.0,AIS 12,,Outros meios,,Caucaia,,Sim,2026-04-17,,,,06:43:00,77597,4415676.0,20.0,-3.6250107037,-38.7291774343,,M,cvli,HOMICIDIO DOLOSO,,,,,,,,1.0,,AIS 12,RMF OESTE
2.0,AIS 02,,Outros meios,,Caririaçu,,Sim,2026-04-17,,,,15:00:00,77338,4413522.0,47.0,-7.0330130005,-39.2769336765,,M,cvli,HOMICIDIO DOLOSO,,,,,,,,1.0,,AIS 02,SUL
2.0,AIS 05,,Arma branca,COUTO FERNANDES,Fortaleza,,Sim,2026-04-17,,,,16:49:00,77337,4413499.0,39.0,-3.7588139559,-38.5611218343,,M,cvli,HOMICIDIO DOLOSO,,,,,,,,1.0,,,CAPITAL OESTE
2.0,AIS 13,,Arma de fogo,,Altaneira,,Sim,2026-04-17,,,,20:30:00,77335,4413511.0,44.0,-6.9958119951,-39.7344122173,,M,cvli,HOMICIDIO DOLOSO,,,,,,,,1.0,,AIS 13,SUL
2.0,AIS 25,,Arma branca,,Horizonte,,Sim,2026-04-17,,,,22:30:00,77336,4413506.0,44.0,-4.1011003945,-38.481655975,,M,cvli,HOMICIDIO DOLOSO,,,,,,,,1.0,,AIS 25,RMF LESTE
2.0,AIS 11,,Arma branca,,Ubajara,,Sim,2026-04-18,,,,03:00:00,77341,4413561.0,,-3.8563139643,-41.1216881631,,M,cvli,HOMICIDIO DOLOSO,,,,,,,,1.0,,AIS 11,NORDESTE
2.0,AIS 25,,Arma de fogo,,Horizonte,,Sim,2026-04-18,,,,04:00:00,77339,4413507.0,38.0,-4.1138032863,-38.4894122189,,M,cvli,HOMICIDIO DOLOSO,,,,,,,,1.0,,AIS 25,RMF LESTE
2.0,AIS 07,,Arma de fogo,,Varjota,,Sim,2026-04-18,,,,18:00:00,77342,4413563.0,,-4.1715596917,-40.4747007462,,F,cvli,HOMICIDIO DOLOSO,,,,,,,,1.0,,AIS 07,NORTE
2.0,AIS 32,,Arma de fogo,,Brejo Santo,,Sim,2026-04-18,,,,22:25:00,77340,4413518.0,30.0,-7.4921008946,-38.9907971919,,F,cvli,HOMICIDIO DOLOSO,,,,,,,,1.0,,AIS 32,SUL
2.0,AIS 07,,Arma branca,,Hidrolândia,,Sim,2026-04-18,,,,22:30:00,77344,4413527.0,60.0,-4.4009212096,-40.4428400342,,M,cvli,HOMICIDIO DOLOSO,,,,,,,,1.0,,AIS 07,NORTE
2.0,AIS 10,,Arma de fogo,,Saboeiro,,Sim,2026-04-18,,,,23:00:00,77343,4413553.0,29.0,-6.5711539128,-39.8777264806,,M,cvli,HOMICIDIO DOLOSO,,,,,,,,1.0,,AIS 10,SUL
2.0,AIS 05,,Arma de fogo,ITAPERI,Fortaleza,,Sim,2026-04-19,,,,12:46:00,77345,4413498.0,40.0,-3.7908011801,-38.5511218327,,M,cvli,HOMICIDIO DOLOSO,,,,,,,,1.0,,,CAPITAL OESTE
2.0,AIS 16,,Arma de fogo,MESSEJANA,Fortaleza,,Sim,2026-04-19,,,,17:08:00,77347,4413503.0,21.0,-3.8183180258,-38.4927762214,,M,cvli,HOMICIDIO DOLOSO,,,,,,,,1.0,,,CAPITAL LESTE
2.0,AIS 16,,Arma de fogo,MESSEJANA,Fortaleza,,Sim,2026-04-19,,,,17:08:00,77346,4413501.0,23.0,-3.8205234841,-38.4933440299,,M,cvli,HOMICIDIO DOLOSO,,,,,,,,1.0,,,CAPITAL LESTE
2.0,AIS 28,,Arma de fogo,,Boa Viagem,,Sim,2026-04-19,,,,23:30:00,77348,4413517.0,36.0,-5.1350740375,-39.7307147039,,M,cvli,HOMICIDIO DOLOSO,,,,,,,,1.0,,AIS 28,NORTE
2.0,AIS 10,,Arma de fogo,,Iguatu,,Sim,2026-04-20,,,,18:00:00,77349,4413529.0,44.0,-6.4186213866,-39.2908972657,,F,cvli,HOMICIDIO DOLOSO,,,,,,,,1.0,,AIS 10,SUL
2.0,AIS 31,,Arma de fogo,,Pedra Branca,,Sim,2026-04-21,,,,00:07:00,77350,4413549.0,36.0,-5.5127243984,-39.6255770615,,M,cvli,HOMICIDIO DOLOSO,,,,,,,,1.0,,AIS 31,SUDESTE
2.0,AIS 07,,Arma de fogo,,Varjota,,Sim,2026-04-21,,,,01:10:00,77598 | 77599 | 77598 | 77599,4415750.0,18.0,-4.2227180094,-40.5164490658,POVOADO ANGELIM,M,cvli,HOMICIDIO DOLOSO,,,Terça-feira,True,False,,,1.0,HOMICIDIO DOLOSO,AIS 07,NORTE
2.0,AIS 09,,Arma de fogo,,Jaguaribara,,Sim,2026-04-21,,,,03:51:00,77351,4413536.0,41.0,-5.4565137195,-38.4654986384,,M,cvli,HOMICIDIO DOLOSO,,,,,,,,1.0,,AIS 09,SUDESTE
2.0,AIS 13,,Arma de fogo,,Barbalha,,Sim,2026-04-21,,,,22:00:00,77352,4413515.0,15.0,-7.3204043324,-39.2943587534,,M,cvli,HOMICIDIO DOLOSO,,,,,,,,1.0,,AIS 13,SUL
2.0,AIS 32,,Arma branca,,Barro,,Sim,2026-04-22,,,,15:40:00,77600,4415699.0,28.0,-7.1816560482,-38.7761111038,,F,cvli,FEMINICÍDIO,,,,,,,,1.0,,AIS 32,SUL
2.0,AIS 07,,Arma de fogo,,Monsenhor Tabosa,,Sim,2026-04-23,,,,17:30:00,77603,4415732.0,37.0,-4.8245610092,-40.0523494685,,M,cvli,HOMICIDIO DOLOSO,,,Quinta-feira,False,False,,,1.0,HOMICIDIO DOLOSO,AIS 07,NORTE
2.0,AIS 30,,Arma de fogo,,Tauá,,Sim,2026-04-23,,,,19:40:00,77601,4415745.0,33.0,-6.0163782242,-40.2850321903,,M,cvli,HOMICIDIO DOLOSO,,,,,,,,1.0,,AIS 30,SUDESTE
2.0,AIS 01,,Arma de fogo,,Quixadá,,Sim,2026-04-23,,,,20:00:00,77602,4415737.0,19.0,-4.9618392096,-39.011032666,,M,cvli,HOMICIDIO DOLOSO,,,,,,,,1.0,,AIS 01,SUDESTE
2.0,AIS 19,,Outros meios,SABIAGUABA,Fortaleza,,Sim,2026-04-24,,,,04:00:00,77884,4424196.0,39.0,-3.8083118859,-38.4272329327,RUA DO AMIANTO,M,cvli,HOMICIDIO DOLOSO,,,Sexta-feira,False,False,,,1.0,HOMICIDIO DOLOSO,AIS 21,CAPITAL LESTE
2.0,AIS 02,,Arma de fogo,JUAZEIRO DO NORTE,Juazeiro do Norte,,Sim,2026-04-24,,,,07:00:00,77885,4424197.0,46.0,-7.2082907166,-39.2703099903,RUA JOAQUIM LEANDRO DE SOUZA,M,cvli,HOMICIDIO DOLOSO,,,Sexta-feira,False,False,,,1.0,HOMICIDIO DOLOSO,AIS 02,SUL
2.0,AIS 02,,Arma branca,JUAZEIRO DO NORTE,Juazeiro do Norte,,Sim,2026-04-24,,,,23:00:00,77883,4424198.0,38.0,-7.2122221928,-39.3227778038,AVENIDA PADRE CÍCERO,M,cvli,HOMICIDIO DOLOSO,,,Sexta-feira,False,False,,,1.0,HOMICIDIO DOLOSO,AIS 02,SUL
2.0,AIS 04,,Arma branca,,Itapajé,,Sim,2026-04-25,,,,11:00:00,77889,4424203.0,50.0,-3.7596885905,-39.6596112615,FAZENDA CONCEIÇÃO,M,cvli,HOMICIDIO DOLOSO,,,Sábado,False,False,,,1.0,HOMICIDIO DOLOSO,AIS 04,NORDESTE
2.0,AIS 09,,Arma de fogo,,Russas,,Sim,2026-04-25,,,,15:40:00,77888,4424204.0,21.0,-5.0616789339,-38.060732275,RUA JOÃO ANTÔNIO,M,cvli,HOMICIDIO DOLOSO,,,Sábado,False,False,,,1.0,HOMICIDIO DOLOSO,AIS 09,SUDESTE
2.0,AIS 31,,Arma de fogo,DEPUTADO IRAPUAN PINHEIRO,Deputado Irapuan Pinheiro,,Sim,2026-04-25,,,,18:15:00,77887,4424202.0,17.0,-5.9281552708,-39.269829184,ESTRADA PARA ACOPIARA,F,cvli,FEMINICÍDIO,,,Sábado,False,False,,,1.0,FEMINICÍDIO,AIS 31,SUDESTE
2.0,AIS 02,,Arma de fogo,,Juazeiro do Norte,,Sim,2026-04-25,,,,18:30:00,77891,4424200.0,37.0,-7.2498008344,-39.3363875327,AREA SEM NOME,M,cvli,HOMICIDIO DOLOSO,,,Sábado,False,False,,,1.0,HOMICIDIO DOLOSO,AIS 02,SUL
2.0,AIS 02,,Arma de fogo,,Juazeiro do Norte,,Sim,2026-04-25,,,,18:57:00,77886,4424201.0,30.0,-7.2480236634,-39.285544875,RUA JOÃO PEREIRA DE CARVALHO,M,cvli,HOMICIDIO DOLOSO,,,Sábado,False,False,,,1.0,HOMICIDIO DOLOSO,AIS 02,SUL
2.0,AIS 07,,Arma de fogo,,Independência,,Sim,2026-04-25,,,,23:00:00,77890,4424199.0,35.0,-5.4291453331,-40.3105556039,CE-176,M,cvli,HOMICIDIO DOLOSO,,,Sábado,False,False,,,1.0,HOMICIDIO DOLOSO,AIS 07,NORTE
2.0,AIS 13,,Arma de fogo,,Crato,,Sim,2026-04-26,,,,02:30:00,77897 | 77896 | 77892,4424215.0,16.0,-7.2730662352,-39.420544875,ESTRADA SEM NOME,M,cvli,HOMICIDIO DOLOSO,,,Domingo,False,False,,,1.0,HOMICIDIO DOLOSO,AIS 13,SUL
2.0,AIS 09,,Arma de fogo,,Morada Nova,,Sim,2026-04-26,,,,06:29:00,77894 | 77893,4424206.0,41.0,-4.7574679196,-38.4041667039,ESTRADA SEM NOME,M,cvli,HOMICIDIO DOLOSO,,,Domingo,False,False,,,1.0,HOMICIDIO DOLOSO,AIS 09,SUDESTE
2.0,AIS 05,,Arma branca,DEMÓCRITO ROCHA,Fortaleza,,Sim,2026-04-26,,,,09:16:00,77895,4424208.0,22.0,-3.7641419791,-38.5654589039,RUA HELENO MOURA,M,cvli,HOMICIDIO DOLOSO,,,Domingo,False,False,,,1.0,HOMICIDIO DOLOSO,AIS 05,CAPITAL OESTE
2.0,AIS 13,,Arma de fogo,,Barbalha,,Sim,2026-04-27,,,,01:50:00,77901,4424212.0,29.0,-7.3171477024,-39.2505556038,MORRO BRANCO,M,cvli,HOMICIDIO DOLOSO,,,Segunda-feira,False,False,,,1.0,HOMICIDIO DOLOSO,AIS 13,SUL
2.0,AIS 30,,Arma branca,QUITERIANOPOLIS,Quiterianópolis,,Sim,2026-04-27,,,,03:00:00,77898,4424213.0,20.0,-5.8837341771,-40.7187193904,RUA DA IGREJA,M,cvli,HOMICIDIO DOLOSO,,,Segunda-feira,False,False,,,1.0,HOMICIDIO DOLOSO,AIS 30,SUDESTE
2.0,AIS 28,,Arma de fogo,,Canindé,,Sim,2026-04-27,,,,06:00:00,77900,4424211.0,28.0,-4.640010689,-39.249155975,RUA LÔBO DOS SANTOS,M,cvli,HOMICIDIO DOLOSO,,,Segunda-feira,False,False,,,1.0,HOMICIDIO DOLOSO,AIS 28,NORTE
2.0,AIS 17,,Outros meios,CANINDEZINHO,Maracanaú,,Sim,2026-04-27,,,,10:24:00,77899,4424210.0,58.0,-3.8476307961,-38.5772586039,RUA PAULO BATISTA DOS SANTOS,M,cvli,HOMICIDIO DOLOSO,,,Segunda-feira,False,False,,,1.0,HOMICIDIO DOLOSO,AIS 17,CAPITAL OESTE
2.0,AIS 29,,Arma branca,,Aracati,,Sim,2026-04-27,,,,12:20:00,77902,4424214.0,66.0,-4.5655465954,-37.7743433615,RUA PEDRO PEREIRA,M,cvli,HOMICIDIO DOLOSO,,,Segunda-feira,False,False,,,1.0,HOMICIDIO DOLOSO,AIS 29,NORDESTE
2.0,AIS 21,,Arma de fogo,CAMBEBA,Fortaleza,,Sim,2026-04-27,,,,13:12:00,77903,4424209.0,29.0,-3.815106736,-38.4817395109,AVENIDA WASHINGTON SOARES,M,cvli,HOMICIDIO DOLOSO,,,Segunda-feira,False,False,,,1.0,HOMICIDIO DOLOSO,AIS 16,CAPITAL OESTE
2.0,AIS 10,,Arma de fogo,,Catarina,,Sim,2026-04-28,,,,18:40:00,77904,4424217.0,51.0,-6.1344017242,-39.8794658615,RUA ANTÔNIO LEITÃO DE MENDONÇA,M,cvli,HOMICIDIO DOLOSO,,,Terça-feira,False,False,,,1.0,HOMICIDIO DOLOSO,AIS 10,SUL
2.0,AIS 29,,Arma de fogo,,Aracati,,Sim,2026-04-28,,,,20:00:00,77906,4424218.0,30.0,-4.8300856785,-37.4135885507,ESTRADA SEM NOME,F,cvli,HOMICIDIO DOLOSO,,,Terça-feira,False,False,,,1.0,HOMICIDIO DOLOSO,AIS 29,NORDESTE
2.0,AIS 28,,Arma de fogo,,Itatira,,Sim,2026-04-28,,,,20:45:00,77905,4424216.0,24.0,-4.6378453016,-39.6745904615,CONJUNTO LÚCIA DE FÁTIMA ASSUNÇÃO MELO,M,cvli,HOMICIDIO DOLOSO,,,Terça-feira,False,False,,,1.0,HOMICIDIO DOLOSO,AIS 28,NORTE
2.0,AIS 11,,Arma de fogo,,São Benedito,,Sim,2026-04-29,,,,00:30:00,77908,4424220.0,16.0,-4.0556717873,-40.8847981536,SITIO LAGOA,M,cvli,HOMICIDIO DOLOSO,,,Quarta-feira,False,False,,,1.0,HOMICIDIO DOLOSO,AIS 11,NORDESTE
2.0,AIS 07,,Arma de fogo,CARIRE,Cariré,,Sim,2026-04-29,,,,09:35:00,77909,4424219.0,19.0,-3.9464420803,-40.4795046463,RUA SEBASTIÃO MIRANDA,M,cvli,HOMICIDIO DOLOSO,,,Quarta-feira,False,False,,,1.0,HOMICIDIO DOLOSO,AIS 07,NORTE
2.0,AIS 02,,Arma branca,,Juazeiro do Norte,,Sim,2026-04-29,,,,11:20:00,77907,4424221.0,72.0,-7.2258426895,-39.3249902026,RUA CATULO DA PAIXÃO CEARENSE,M,cvli,HOMICIDIO DOLOSO,,,Quarta-feira,False,False,,,1.0,HOMICIDIO DOLOSO,AIS 02,SUL
2.0,AIS 03,,Arma de fogo,,Sobral,,Sim,2026-05-01,,,,03:30:00,77910,4424243.0,19.0,-3.6790730941,-40.3418963529,RUA MARIA ALICE BARRETO,M,cvli,HOMICIDIO DOLOSO,,,Sexta-feira,True,True,,,1.0,HOMICIDIO DOLOSO,AIS 03,NORTE
2.0,AIS 13,,Arma de fogo,,Barbalha,,Sim,2026-05-01,,,,17:30:00,77911,4424235.0,34.0,-7.3203690685,-39.2483857327,SÍTIO BARRO BRANCO,M,cvli,HOMICIDIO DOLOSO,,,Sexta-feira,True,True,,,1.0,HOMICIDIO DOLOSO,AIS 13,SUL
2.0,AIS 03,,Arma de fogo,,Sobral,,Sim,2026-05-02,,,,09:50:00,77912,4424242.0,29.0,-3.6652260937,-40.3386684536,RUA JOÃO PAULO I,M,cvli,HOMICIDIO DOLOSO,,,Sábado,False,True,,,1.0,HOMICIDIO DOLOSO,AIS 03,NORTE
2.0,AIS 11,,Arma de fogo,,Graça,,Sim,2026-05-03,,,,03:00:00,77916 | 77915,4424237.0,41.0,-4.1056767946,-40.8003554192,V5VX+PV LAPA,F,cvli,HOMICIDIO DOLOSO,,,Domingo,False,True,,,1.0,HOMICIDIO DOLOSO,AIS 11,NORDESTE
2.0,AIS 17,,Arma de fogo,SIQUEIRA,Fortaleza,,Sim,2026-05-03,,,,13:30:00,77914,4424234.0,22.0,-3.816683576,-38.6167350039,RUA ITAPOÃ,M,cvli,HOMICIDIO DOLOSO,,,Domingo,False,True,,,1.0,HOMICIDIO DOLOSO,AIS 17,CAPITAL OESTE
2.0,AIS 04,,Arma de fogo,,Itapajé,,Sim,2026-05-03,,,,17:52:00,77913,4424239.0,33.0,-3.6768234963,-39.5852871615,RUA CHICO FURNA,M,cvli,HOMICIDIO DOLOSO,,,Domingo,False,True,,,1.0,HOMICIDIO DOLOSO,AIS 04,NORDESTE
2.0,AIS 30,,Arma de fogo,,Parambu,,Sim,2026-05-03,,,,18:20:00,77917,4424240.0,45.0,-6.2877564651,-40.7858440327,SERRA DOS BATISTAS,M,cvli,HOMICIDIO DOLOSO,,,Domingo,False,True,,,1.0,HOMICIDIO DOLOSO,AIS 30,SUDESTE
2.0,AIS 33,,Arma de fogo,,Salitre,,Sim,2026-05-04,,,,03:00:00,77918,4424241.0,27.0,-7.2877245819,-40.443044875,CE-187,M,cvli,HOMICIDIO DOLOSO,,,Segunda-feira,False,True,,,1.0,HOMICIDIO DOLOSO,AIS 33,SUL
2.0,AIS 07,,Arma de fogo,,Ipu,,Sim,2026-05-04,,,,13:40:00,77919,4424238.0,25.0,-4.3305341992,-40.715822575,CE-187,M,cvli,HOMICIDIO DOLOSO,,,Segunda-feira,False,True,,,1.0,HOMICIDIO DOLOSO,AIS 07,NORTE
2.0,AIS 16,,Arma de fogo,CURIÓ,Fortaleza,,Sim,2026-05-05,,,,05:46:00,78324,4426059.0,41.0,-3.8205663011,-38.4747329327,CUMBUCA,M,cvli,HOMICIDIO DOLOSO,,,Terça-feira,False,True,,,1.0,HOMICIDIO DOLOSO,AIS 16,CAPITAL LESTE
2.0,AIS 09,,Arma branca,,Morada Nova,,Sim,2026-05-05,,,,10:00:00,78322,4426076.0,81.0,-4.8984042365,-38.388906275,ESTRADA SÍTIO CIRIDOR,F,cvli,HOMICIDIO DOLOSO,,,Terça-feira,False,True,,,1.0,HOMICIDIO DOLOSO,AIS 09,SUDESTE
2.0,AIS 28,,Arma de fogo,,Boa Viagem,,Sim,2026-05-05,,,,15:53:00,78325,4426067.0,49.0,-5.1210378368,-39.7373420327,LADISLAU VIEIRA CARNEIRO,M,cvli,HOMICIDIO DOLOSO,,,Terça-feira,False,True,,,1.0,HOMICIDIO DOLOSO,AIS 28,NORTE
2.0,AIS 16,,Arma branca,ANCURI,Itaitinga,,Sim,2026-05-05,,,,19:52:00,78323,4426062.0,47.0,-3.9018908762,-38.5200000039,RUA LIZETE VANDERLEI,M,cvli,HOMICIDIO DOLOSO,,,Terça-feira,False,True,,,1.0,HOMICIDIO DOLOSO,AIS 16,CAPITAL LESTE
2.0,AIS 31,,Arma branca,,Mombaça,,Sim,2026-05-06,,,,05:30:00,78326,4426074.0,35.0,-5.7071474647,-39.5844444038,CE-363,M,cvli,HOMICIDIO DOLOSO,,,Quarta-feira,False,True,,,1.0,HOMICIDIO DOLOSO,AIS 31,SUDESTE
2.0,AIS 30,,Arma de fogo,,Parambu,,Sim,2026-05-06,,,,10:30:00,78328,4426078.0,38.0,-6.214433728,-40.6930877903,RUA LUÍS MOREIRA DE LIMA,M,cvli,HOMICIDIO DOLOSO,,,Quarta-feira,False,True,,,1.0,HOMICIDIO DOLOSO,AIS 30,SUDESTE
2.0,AIS 28,,Arma de fogo,,Apuiarés,,Sim,2026-05-06,,,,11:10:00,78327,4426065.0,50.0,-3.9445774789,-39.4276394615,RUA MANOEL SOARES GUIMARÃES,M,cvli,HOMICIDIO DOLOSO,,,Quarta-feira,False,True,,,1.0,HOMICIDIO DOLOSO,AIS 28,NORTE
2.0,AIS 13,,Arma branca,,Crato,,Sim,2026-05-07,,,,05:00:00,78329,4426068.0,31.0,-7.2316134753,-39.4247329327,RUA TREZE DE DEZEMBRO,M,cvli,HOMICIDIO DOLOSO,,,Quinta-feira,False,True,,,1.0,HOMICIDIO DOLOSO,AIS 13,SUL
2.0,AIS 11,,Arma de fogo,,Frecheirinha,,Sim,2026-05-07,,,,11:00:00,78333,4426069.0,17.0,-3.7707178794,-40.812739275,AVENIDA ANTÔNIO DAVI,M,cvli,HOMICIDIO DOLOSO,,,Quinta-feira,False,True,,,1.0,HOMICIDIO DOLOSO,AIS 11,NORDESTE
2.0,AIS 04,,Arma de fogo,,Amontada,,Sim,2026-05-07,,,,16:50:00,78331,4426064.0,24.0,-3.0918545704,-39.5775494615,ESTR. SABIAGUABA,M,cvli,HOMICIDIO DOLOSO,,,Quinta-feira,False,True,,,1.0,HOMICIDIO DOLOSO,AIS 04,NORDESTE
2.0,AIS 16,,Arma de fogo,CONJUNTO PALMEIRAS,Maracanaú,,Sim,2026-05-07,,,,20:30:00,78332,4426063.0,32.0,-3.8647280784,-38.5732664327,RUA SENADOR POMPEU,M,cvli,HOMICIDIO DOLOSO,,,Quinta-feira,False,True,,,1.0,HOMICIDIO DOLOSO,AIS 16,CAPITAL LESTE
2.0,AIS 07,,Arma de fogo,,Monsenhor Tabosa,,Sim,2026-05-07,,,,20:52:00,78330,4426075.0,53.0,-4.9915781884,-39.9756294882,ESTRADA SEM NOME,M,cvli,HOMICIDIO DOLOSO,,,Quinta-feira,False,True,,,1.0,HOMICIDIO DOLOSO,AIS 07,NORTE
2.0,AIS 04,,Arma de fogo,,Itapipoca,,Sim,2026-05-08,,,,08:26:00,78404,4426414.0,15.0,-3.5552039531,-39.7510690003,ESTRADA ITAPIPOCA BROTAS,M,cvli,HOMICIDIO DOLOSO,,,Sexta-feira,False,True,,,1.0,HOMICIDIO DOLOSO,AIS 04,NORDESTE
2.0,AIS 03,,Arma de fogo,,Sobral,,Sim,2026-05-09,,,,02:45:00,78407,4426423.0,37.0,-3.7863741762,-40.4988909154,RUA BELA VISTA,M,cvli,HOMICIDIO DOLOSO,,,Sábado,False,True,,,1.0,HOMICIDIO DOLOSO,AIS 03,NORTE
2.0,AIS 02,,Arma de fogo,,Juazeiro do Norte,,Sim,2026-05-09,,,,03:20:00,78405,4426415.0,44.0,-7.2316609232,-39.3210985331,RUA JAIME DORCY,F,cvli,HOMICIDIO DOLOSO,,,Sábado,False,True,,,1.0,HOMICIDIO DOLOSO,AIS 02,SUL
2.0,AIS 04,,Arma de fogo,,Itapipoca,,Sim,2026-05-09,,,,08:30:00,78406,4426413.0,26.0,-3.1795975978,-39.4171900037,ESTRADA JOSÉ VILA DOS PRACIANOS,M,cvli,HOMICIDIO DOLOSO,,,Sábado,False,True,,,1.0,HOMICIDIO DOLOSO,AIS 04,NORDESTE
2.0,AIS 23,,Arma de fogo,,Trairi,,Sim,2026-05-09,,,,19:50:00,78408,4426428.0,42.0,-3.4058876092,-39.2764823331,ESTRADA BOM FIM 1,M,cvli,HOMICIDIO DOLOSO,,,Sábado,False,True,,,1.0,HOMICIDIO DOLOSO,AIS 23,RMF OESTE
2.0,AIS 09,,Arma de fogo,ALTO SANTO,Alto Santo,,Sim,2026-05-10,,,,01:00:00,78411,4426400.0,19.0,-5.4969290427,-38.263053592,CONJUNTO FRANCISCO WILKER CAMPELO BEZERRA,M,cvli,HOMICIDIO DOLOSO,,,Domingo,False,True,,,1.0,HOMICIDIO DOLOSO,AIS 09,SUDESTE
2.0,AIS 30,,Arma branca,,Aiuaba,,Sim,2026-05-10,,,,01:00:00,78412,4426399.0,20.0,-6.5722744114,-40.1232281555,RUA RAIMUNDO DIAS OLIVEIRA,M,cvli,HOMICIDIO DOLOSO,,,Domingo,False,True,,,1.0,HOMICIDIO DOLOSO,AIS 30,SUDESTE
2.0,AIS 16,,Arma de fogo,CAJAZEIRAS,Fortaleza,,Sim,2026-05-10,,,,03:00:00,78413,4426393.0,28.0,-3.8152650839,-38.5038902448,RUA LUCIA HELENA DO NASCIMENTO,M,cvli,HOMICIDIO DOLOSO,,,Domingo,False,True,,,1.0,HOMICIDIO DOLOSO,AIS 21,CAPITAL LESTE
2.0,AIS 09,,Arma de fogo,,Tabuleiro do Norte,,Sim,2026-05-10,,,,10:35:00,78409,4426427.0,33.0,-5.2899859731,-38.1077771331,SITIO GANGORRINHA,M,cvli,HOMICIDIO DOLOSO,,,Domingo,False,True,,,1.0,HOMICIDIO DOLOSO,AIS 09,SUDESTE
2.0,AIS 13,,Arma de fogo,,Barbalha,,Sim,2026-05-10,,,,19:00:00,78410,4426405.0,30.0,-7.318982856,-39.3030451036,RUA FRANCISCO FERREIRA DE ARAÚJO,F,cvli,HOMICIDIO DOLOSO,,,Domingo,False,True,,,1.0,HOMICIDIO DOLOSO,AIS 13,SUL
2.0,AIS 04,,Arma de fogo,ITAPAJE,Itapajé,,Sim,2026-05-11,,,,03:00:00,78519,4427136.0,47.0,-3.6841653614,-39.5808339708,RUA MARIA APARECIDA LIMA BARBOSA,M,cvli,HOMICIDIO DOLOSO,,,Segunda-feira,False,False,,,1.0,HOMICIDIO DOLOSO,AIS 04,NORDESTE
2.0,AIS 34,,Arma de fogo,VARZEA ALEGRE,Várzea Alegre,,Sim,2026-05-11,,,,03:00:00,78522,4427158.0,,-6.7961776789,-39.2897419036,RUA POETA PERGENTINO BRITO DE LIMA,M,cvli,HOMICIDIO DOLOSO,,,Segunda-feira,False,False,,,1.0,HOMICIDIO DOLOSO,AIS 34,SUL
2.0,AIS 21,,Arma de fogo,ENGENHEIRO LUCIANO CAVALCANTE,Fortaleza,,Sim,2026-05-11,,,,05:28:00,78518,4427115.0,39.0,-3.7693854301,-38.4933013708,RUA JOÃO NONATO COSTA,M,cvli,HOMICIDIO DOLOSO,,,Segunda-feira,False,False,,,1.0,HOMICIDIO DOLOSO,AIS 21,CAPITAL LESTE
2.0,AIS 23,,Outros meios,TRAIRI,Trairi,,Sim,2026-05-11,,,,10:00:00,78521,4427157.0,36.0,-3.3549846003,-39.3955556037,ESTRADA SEM NOME,F,cvli,FEMINICÍDIO,,,Segunda-feira,False,False,,,1.0,FEMINICÍDIO,AIS 23,RMF OESTE
2.0,AIS 30,,Arma de fogo,,Quiterianópolis,,Sim,2026-05-11,,,,20:23:00,78523 | 78520,4427148.0,40.0,-5.849272987,-40.7044098038,AVENIDA LAURINDO GOMES,M,cvli,HOMICIDIO DOLOSO,,,Segunda-feira,False,False,,,1.0,HOMICIDIO DOLOSO,AIS 30,SUDESTE
2.0,AIS 09,,Arma de fogo,,Morada Nova,,Sim,2026-05-12,,,,06:17:00,78643,4427687.0,39.0,-4.5743566271,-38.3588573448,RUA FRANCISCO GALVÃO,M,cvli,HOMICIDIO DOLOSO,,,Terça-feira,False,False,,,1.0,HOMICIDIO DOLOSO,AIS 09,SUDESTE
2.0,AIS 31,,Arma de fogo,,Pedra Branca,,Sim,2026-05-12,,,,07:30:00,78642,4427692.0,27.0,-5.4552617742,-39.7150013448,BR-226,M,cvli,HOMICIDIO DOLOSO,,,Terça-feira,False,False,,,1.0,HOMICIDIO DOLOSO,AIS 31,SUDESTE
2.0,AIS 10,,Arma branca,,Jucás,,Sim,2026-05-12,,,,10:53:00,78645,4427684.0,60.0,-6.4778117478,-39.4576175065,CE-375,M,cvli,HOMICIDIO DOLOSO,,,Terça-feira,False,False,,,1.0,HOMICIDIO DOLOSO,AIS 10,SUL
2.0,AIS 01,,Arma de fogo,,Quixadá,,Sim,2026-05-12,,,,16:50:00,78641,4427695.0,42.0,-4.9652001982,-39.0357226742,RUA ABRAÃO BAQUIT,M,cvli,HOMICIDIO DOLOSO,,,Terça-feira,False,False,,,1.0,HOMICIDIO DOLOSO,AIS 01,SUDESTE
2.0,AIS 04,,Arma de fogo,ITAPAJE,Itapajé,,Sim,2026-05-12,,,,20:40:00,78646,4427679.0,18.0,-3.7530415448,-39.5447228742,POVOADO AREIAS,M,cvli,HOMICIDIO DOLOSO,,,Terça-feira,False,False,,,1.0,HOMICIDIO DOLOSO,AIS 04,NORDESTE
2.0,AIS 23,,Arma de fogo,,Trairi,,Sim,2026-05-12,,,,22:30:00,78644,4427703.0,15.0,-3.2208178984,-39.3719444037,RUA HOSPITAL,M,cvli,HOMICIDIO DOLOSO,,,Terça-feira,False,False,,,1.0,HOMICIDIO DOLOSO,AIS 23,RMF OESTE
2.0,AIS 11,,Arma de fogo,TIANGUA,Tianguá,,Sim,2026-05-13,,,,13:30:00,78779,4428932.0,29.0,-3.751931683,-41.0086111037,ESTRADA SEM NOME,M,cvli,HOMICIDIO DOLOSO,,,Quarta-feira,False,False,,,1.0,HOMICIDIO DOLOSO,AIS 11,NORDESTE
2.0,AIS 28,,Arma de fogo,,Boa Viagem,,Sim,2026-05-13,,,,18:30:00,78778,4428899.0,45.0,-4.9899859668,-39.6919464154,ESTRADA OLHO D'ÁGUA DOS FACUNDOS,M,cvli,HOMICIDIO DOLOSO,,,Quarta-feira,False,False,,,1.0,HOMICIDIO DOLOSO,AIS 28,NORTE
2.0,AIS 04,,Arma de fogo,,Itapipoca,,Sim,2026-05-14,,,,04:50:00,78781,4428911.0,32.0,-3.1855381894,-39.5177791448,CE-168,F,cvli,HOMICIDIO DOLOSO,,,Quinta-feira,False,False,,,1.0,HOMICIDIO DOLOSO,AIS 04,NORDESTE
2.0,AIS 33,,Arma de fogo,POTENGI,Potengi,,Sim,2026-05-14,,,,18:00:00,78780,4428922.0,36.0,-7.0893813211,-40.0116055878,VILA SARAÍVA,M,cvli,HOMICIDIO DOLOSO,,,Quinta-feira,False,False,,,1.0,HOMICIDIO DOLOSO,AIS 33,SUL
2.0,AIS 16,,Arma de fogo,CAJAZEIRAS,Fortaleza,,Sim,2026-05-15,,,,01:41:00,78939,4430449.0,26.0,-3.8144290076,-38.5050006743,RUA WALDA GUIMARÃES SAUNDERS,M,cvli,HOMICIDIO DOLOSO,,,Sexta-feira,False,False,,,1.0,HOMICIDIO DOLOSO,AIS 21,CAPITAL LESTE
2.0,AIS 33,,Arma de fogo,,Campos Sales,,Sim,2026-05-15,,,,10:00:00,78941,4430473.0,34.0,-7.0799846878,-40.3688882331,RUA ISABEL MENDES,M,cvli,HOMICIDIO DOLOSO,,,Sexta-feira,False,False,,,1.0,HOMICIDIO DOLOSO,AIS 33,SUL
2.0,AIS 11,,Arma de fogo,CARNAUBAL,Carnaubal,,Sim,2026-05-15,,,,11:00:00,78940,4430474.0,50.0,-4.1661851857,-41.0015156853,ESTRADA SEM NOME,M,cvli,HOMICIDIO DOLOSO,,,Sexta-feira,False,False,,,1.0,HOMICIDIO DOLOSO,AIS 11,NORDESTE
2.0,AIS 27,,Arma branca,URUOCA,Uruoca,,Sim,2026-05-16,,,,01:30:00,78945,4430518.0,31.0,-3.3557933899,-40.7014207684,SITIO JURUMENHA,M,cvli,HOMICIDIO DOLOSO,,,Sábado,False,False,,,1.0,HOMICIDIO DOLOSO,AIS 27,NORTE
2.0,,,Arma de fogo,JANGURURSSU,Fortaleza,,Sim,2026-05-16,,,,02:14:00,78942,4430447.0,32.0,-3.8327644151,-38.5188902448,RUA 404,M,cvli,HOMICIDIO DOLOSO,,,Sábado,False,False,,,1.0,HOMICIDIO DOLOSO,AIS 16,
2.0,AIS 01,,Arma branca,,Ibaretama,,Sim,2026-05-16,,,,08:40:00,78943,4430479.0,51.0,-4.8191237906,-38.8229832037,RUA VALDEVINO CABRAL,M,cvli,HOMICIDIO DOLOSO,,,Sábado,False,False,,,1.0,HOMICIDIO DOLOSO,AIS 01,SUDESTE
2.0,AIS 32,,Arma de fogo,,Brejo Santo,,Sim,2026-05-16,,,,20:40:00,78944,4430472.0,19.0,-7.487287931,-38.9964835153,RUA PEDRO CRISÓSTOMO,M,cvli,HOMICIDIO DOLOSO,,,Sábado,False,False,,,1.0,HOMICIDIO DOLOSO,AIS 32,SUL
2.0,AIS 32,,Arma de fogo,,Porteiras,,Sim,2026-05-17,,,,06:00:00,78946,4430500.0,58.0,-7.5423935642,-39.0344074751,SITIO MUQUÉM,M,cvli,HOMICIDIO DOLOSO,,,Domingo,False,False,,,1.0,HOMICIDIO DOLOSO,AIS 32,SUL
2.0,AIS 33,,Arma branca,,Araripe,,Sim,2026-05-17,,,,18:00:00,78948,4430466.0,39.0,-7.209533692,-40.1374907331,RUA JOAQUIM PAULINO,M,cvli,HOMICIDIO DOLOSO,,,Domingo,False,False,,,1.0,HOMICIDIO DOLOSO,AIS 33,SUL
2.0,AIS 23,,Arma branca,,Paraipaba,,Sim,2026-05-17,,,,22:00:00,78947,4430496.0,66.0,-3.3613200588,-39.2040847394,RUA SANTA RITA,M,cvli,HOMICIDIO DOLOSO,,,Domingo,False,False,,,1.0,HOMICIDIO DOLOSO,AIS 23,RMF OESTE
2.0,AIS 04,,Arma de fogo,,Itapipoca,,Sim,2026-05-18,,,,04:00:00,78950,4430484.0,37.0,-3.1516249365,-39.4978630154,RUA RAIMUNDA ROCHA,M,cvli,HOMICIDIO DOLOSO,,,Segunda-feira,False,False,,,1.0,HOMICIDIO DOLOSO,AIS 04,NORDESTE
2.0,AIS 04,,Arma de fogo,AMONTADA,Amontada,,Sim,2026-05-18,,,,06:00:00,78952 | 78951,4430463.0,26.0,-3.2741249412,-39.7857226708,ESTRADA RECANTO VILA URUBÚ,M,cvli,HOMICIDIO DOLOSO,,,Segunda-feira,False,False,,,2.0,HOMICIDIO DOLOSO,AIS 04,NORDESTE
2.0,AIS 28,,Outros meios,BARREIRA,Barreira,,Sim,2026-05-18,,,,08:10:00,78949,4430469.0,39.0,-4.2875111739,-38.6513258331,ESTRADA JATOBÁ 2,M,cvli,HOMICIDIO DOLOSO,,,Segunda-feira,False,False,,,1.0,HOMICIDIO DOLOSO,AIS 28,NORTE
2.0,AIS 23,,Arma de fogo,,Trairi,,Sim,2026-05-18,,,,09:00:00,78953,4430513.0,56.0,-3.2762346178,-39.2804025309,RUA FLORÊNCIO JOSE BARBOSA,M,cvli,ROUBO SEGUIDO DE MORTE (LATROCINIO),,,Segunda-feira,False,False,,,1.0,ROUBO SEGUIDO DE MORTE (LATROCINIO),AIS 23,RMF OESTE
2.0,AIS 03,,Arma de fogo,,Sobral,,Sim,2026-05-18,,,,13:30:00,78954,4430508.0,26.0,-3.7058537653,-40.5777254943,POVOADO LAGOA DO MEIO,M,cvli,HOMICIDIO DOLOSO,,,Segunda-feira,False,False,,,1.0,HOMICIDIO DOLOSO,AIS 03,NORTE
2.0,AIS 23,,Arma de fogo,,Trairi,,Sim,2026-05-19,,,,04:16:00,78955,4430515.0,25.0,-3.2139565983,-39.3660300152,RUA DA PULGA,M,cvli,HOMICIDIO DOLOSO,,,Terça-feira,False,False,,,1.0,HOMICIDIO DOLOSO,AIS 23,RMF OESTE
2.0,AIS 15,,Arma de fogo,,Guaiúba,,Sim,2026-05-19,,,,09:29:00,78956,4430455.0,23.0,-4.0358669426,-38.6364630153,RUA GERVÁSIO TEIXEIRA,M,cvli,HOMICIDIO DOLOSO,,,Terça-feira,False,False,,,1.0,HOMICIDIO DOLOSO,AIS 15,RMF LESTE
2.0,AIS 04,,Arma de fogo,AMONTADA,Amontada,,Sim,2026-05-18,,,,06:00:00,78952,4430463.0,26.0,-3.2741249412,-39.7857226708,ESTRADA RECANTO VILA URUBÚ,M,cvli,HOMICIDIO DOLOSO,,,Segunda-feira,False,False,,,,HOMICIDIO DOLOSO,AIS 04,NORDESTE
2.0,AIS 04,,Arma de fogo,AMONTADA,Amontada,,Sim,2026-05-18,,,,06:00:00,78951,4430462.0,27.0,-3.2741249412,-39.7857226708,ESTRADA RECANTO VILA URUBÚ,M,cvli,HOMICIDIO DOLOSO,,,Segunda-feira,False,False,,,,HOMICIDIO DOLOSO,AIS 04,NORDESTE
