micronodo,area_oficial,faction,lat,long,cvli_count_500m,cvli_count_1km,cvli_count_2km,cvli_count_total
Cidade Jardim I,PREFEITO JOSÉ WALTER,CV,-3.827103,-38.54983532965874,56,70,70,70
Pajuçara,CIDADE NOVA,CV,-3.856525,-38.583179882044135,46,64,64,64
Groaíras,GROAIRAS,PCC,-3.9159515,-40.386728289153126,31,55,59,101
Comunidade do Estadio - Jurema ,MARECHAL RONDON,CV,-3.771888,-38.62228149030471,50,50,50,50
CONJUNTO METROPOLITANO - PICUÍ,URUCUTUBA,CV,-3.75741895,-38.66212739456881,44,46,46,46
Comunidade dos Macacos - Pajuçara,CIDADE NOVA,CV,-3.860804,-38.58469484978912,36,46,50,50
Favela do Terminal do Siqueira / Favela da Paloma,PARQUE SĂO JOSÉ,CV,-3.7911445,-38.58706214060025,44,44,44,44
Beco da Maravilha,MESSEJANA,CV,-3.829054,-38.489061798589546,30,44,44,44
Jardim Violeta,BARROSO,CV,-3.8143835,-38.50933653228371,42,42,42,42
Comunidade do Barreirão,PARQUE IRACEMA,MASSA,-3.8143025,-38.50382035891089,42,42,42,42
Cariré ,CARIRE,PCC,-3.9501885,-40.47505149937589,25,42,45,57
Cidade Jardim II,PREFEITO JOSÉ WALTER,CV,-3.8429585,-38.552781657032,40,40,40,40
Alvorada (Maracanaú),MARACANAÚ,CV,-3.8895255,-38.59425583289951,32,38,40,40
Área Seca,MARACANAÚ,CV,-3.875621,-38.66503563398959,32,38,38,38
Areá verde - Pajuçara,CIDADE NOVA,CV,-3.870018,-38.58449673546388,32,38,38,38
Favela do Metroposto,MARECHAL RONDON,CV,-3.759363,-38.6446304956479,34,38,38,38
Cidade de Aratuba,ARATUBA,CV,-4.4197515,-39.04596721814415,34,38,38,65
João Cabral,JUAZEIRO DO NORTE,CV,-7.23306,-39.31735755,29,37,37,37
Coqueiral - Maracanaú,MARACANAÚ,CV,-3.8671445,-38.62560295402973,36,36,36,36
PADRE PALHANO,MERUOCA,PCC,-3.698328,-40.36739934824902,33,34,39,39
Jubina,SOBRAL,CV,-3.800898,-40.26620134694976,34,34,34,35
Romeirão,JUAZEIRO DO NORTE,CV,-7.225991,-39.31589562739788,24,34,34,34
Alto da Paz,GRANJA LISBOA,CV,-3.789362,-38.61599671896083,33,33,33,33
Multirão - Maracanaú,MARACANAÚ,CV,-3.8902595,-38.63845525,18,32,42,42
Cidade de Uruburetama,URUBURETAMA,CV,-3.623227,-39.50691104402428,12,32,40,48
Cidade Jardim V,PREFEITO JOSÉ WALTER,CV,-3.83193455,-38.54695453427696,22,32,32,32
Vila cazumba ,JARDIM DAS OLIVEIRAS,CV,-3.788672,-38.50599618553315,30,32,34,34
Faixa de Gaza,JUAZEIRO DO NORTE,CV,-7.2192575,-39.32109266134061,26,31,31,31
Viçosa do Ceará ,VICOSA DO CEARA,CV,-3.5693485000000003,-41.090519377614655,16,30,32,59
Parque São Gerardo,PARQUE SOLEDADE,CV,-3.741815,-38.64207839994323,26,30,30,30
Jereissati Setor C - Maracanaú,MARACANAÚ,CV,-3.8800895,-38.61079963458626,24,30,30,30
Bairro do Seminário- Crato,CRATO,PCC,-7.2315465,-39.42092153852367,22,29,29,29
Cidade de Capistrano,CAPISTRANO,CV,-4.467674499999999,-38.90090412757114,24,28,36,40
General Sampaio ,GENERAL SAMPAIO,PCC,-4.048277499999999,-39.44864920913642,10,28,28,35
Comunidade Da Upa,CRISTO REDENTOR,CV,-3.709878,-38.56828848762376,28,28,28,28
Pio 12,JUAZEIRO DO NORTE,CV,-7.2133195,-39.30789835480981,26,28,28,28
Piratininga,MARACANAÚ,CV,-3.870813,-38.627834152504434,28,28,28,28
Sem Terra,CIDADE NOVA,CV,-3.875043,-38.584938853707385,26,28,28,28
Área Verde - Novo Maranguape I,MARACANAÚ,CV,-3.870572,-38.66889182338462,26,28,28,28
Cidade de Alto Santo,ALTO SANTO,TCP/GDE,-5.520659,-38.27101214487232,22,28,40,44
Comunidade do Renascer,MONDUBIM,CV,-3.8259085,-38.564743252369134,24,28,28,28
Favela do Cano,CIDADE NOVA,CV,-3.842213,-38.5657987947355,12,28,28,28
Cidade de Itapiúna,ITAPIUNA,CV,-4.565382,-38.922706851612375,22,28,37,37
Conjunto José Euclides,JANGURUSSU,CV,-3.8531795,-38.51685047530764,28,28,28,28
Alameda Das Palmeiras ,PEDRAS,CV,-3.874815,-38.51730007702784,21,27,27,27
Cidade de Acopiara,ACOPIARA,PCC,-6.0950525,-39.45569729477465,17,27,36,51
Cidade de Mulungu,MULUNGU,CV,-4.306894,-38.99794296511628,12,26,30,40
Campo do Palmeiras,MARACANAÚ,CV,-3.8800675,-38.67220300948276,26,26,26,26
Rua da Feira - Antonio Bezerra,ANTÔNIO BEZERRA,CV,-3.7446915,-38.58838226377642,26,26,26,26
Campos do Jordão ,MARACANAÚ,CV,-3.8891785,-38.60260813349872,26,26,26,26
Favelinha- Granja Lisboa,GRANJA LISBOA,CV,-3.792488,-38.6201384410407,24,26,26,26
Jardim Bandeirantes,CIDADE NOVA,CV,-3.874468,-38.59155352846825,24,26,26,26
Jereissati Setor D - Maracanaú,MARACANAÚ,CV,-3.881595,-38.61792305206943,26,26,26,26
Nova esperança - Pajuçara,DIF III,CV,-3.8567905,-38.55918465601504,8,26,36,36
Gruta - Colônia ,MARACANAÚ,CV,-3.8848815,-38.64153473372807,22,26,26,26
Mutirão da São Francisco ,GRANJA LISBOA,CV,-3.7841665,-38.61459417098374,26,26,26,26
Comunidade do Quintal,GRANJA PORTUGAL,CV,-3.7872475,-38.597414509409056,26,26,26,26
Comunidade da Central  - Jaçanaú,MARACANAÚ,CV,-3.841667,-38.64273025941044,20,26,26,26
Colônia - (Em Disputa),MARACANAÚ,CV,-3.8841585,-38.63334104923701,26,26,26,26
Favela da Macumba ,BONSUCESSO,CV,-3.780345,-38.5843975550611,25,25,25,25
Comunidade da Conquista,MESSEJANA,MASSA,-3.8208995,-38.49315783526076,23,25,25,25
Malvinas - Quintino Cunha,OLAVO OLIVEIRA,CV,-3.729035,-38.595687894387,25,25,25,25
Cacimba de Pombos (Complexo do Pirambu),PIRAMBU,CV,-3.712995,-38.54725391977897,24,24,24,24
Beco do Siri,CARLITO PAMPLONA,CV,-3.7131205,-38.55741495626288,24,24,24,24
Solonope ,SOLONÓPOLE,PCC,-5.731851000000001,-39.008273357553776,15,24,32,41
Paraibapa,PARAIPABA,CV,-3.435586,-39.14733936533894,14,24,30,30
Cidade De Aracoiaba,BATURITÉ,CV,-4.3694275000000005,-38.80975324676851,16,24,24,24
Vila Machado,PEDRAS,CV,-3.8983525,-38.51673362585935,17,24,28,28
LV,MOURA BRASIL,CV,-3.7212625,-38.53449077503794,18,24,24,24
Jardim Guanabara,JARDIM GUANABARA,CV,-3.7183675,-38.58954681461313,24,24,24,24
Jardim Iracema,JARDIM IRACEMA,CV,-3.724541,-38.58360851258912,24,24,24,24
Conjunto Vitoria - Pajuçara,CIDADE NOVA,CV,-3.858458,-38.57659958334408,24,24,24,24
Comunidade dos Tribo - Joaquim Tavora,JOSÉ BONIFÁCIO,CV,-3.740108,-38.522376474618085,14,24,26,26
Alto Alegre I,ALTO ALEGRE II,CV,-3.8377665,-38.61218983035327,16,24,24,24
Alto da Mangueira - Maracanaú,MARACANAÚ,CV,-3.8872625,-38.63149666843999,24,24,24,24
Novo Maracanaú,MARACANAÚ,CV,-3.8664015,-38.62239021561527,24,24,24,24
Comunidade do Flamenguinho - Pajuçara,CIDADE NOVA,CV,-3.8585675,-38.57406320720275,18,24,28,28
JOSÉ EUCLIDES,JANGURUSSU,CV,-3.852485,-38.51890262720397,24,24,24,24
Conjunto Araturi ,MARECHAL RONDON,PCC,-3.765142,-38.638562658222256,24,24,24,24
Comunidade do Caroço,PRAIA DO FUTURO I,CV,-3.748988,-38.45124280526985,24,24,24,24
Maria Tomásia - Jangurussu,JANGURUSSU,CV,-3.8567925,-38.5176298625955,24,24,24,24
Castanhola,PARQUE DOIS IRMĂOS,CV,-3.8147955,-38.55442993598234,21,23,23,23
Cidade de Missão Velha,MISSÃO VELHA,PCC,-7.2467705,-39.141799464108914,11,23,27,28
Igrejinha,CURIÓ,MASSA,-3.821515,-38.47248938136278,22,22,22,22
Tabapuá,TABAPUÁ,CV,-3.740063,-38.612434744609246,22,22,22,22
Residencial/Jabuti - Maracanaú,MARACANAÚ,CV,-3.859822,-38.63196411427665,14,22,22,22
Residencial ll,MARACANAÚ,CV,-3.856367,-38.63573626122033,16,22,22,22
Timbaúba,JUAZEIRO DO NORTE,PCC,-7.216200000000001,-39.30091447667612,20,22,22,22
Favela da Aliança ,PARQUE ALBANO,CV,-3.7515465,-38.62066133609179,18,22,22,22
Beco do Rato,JOSÉ BONIFÁCIO,CV,-3.7386915,-38.52830636445352,12,22,24,24
Vila Nova,PARQUE ALBANO,CV,-3.7456945,-38.62683567032934,22,22,22,22
Jereissati Setor A - Maracanaú,MARACANAÚ,CV,-3.8758105,-38.619344899018905,22,22,22,22
Sítio Crack,MARAPONGA,CV,-3.791257,-38.57428131650531,22,22,22,22
Passarela ,MARACANAÚ,CV,-3.8819715,-38.62487542936204,22,22,22,22
Horto,MARACANAÚ,CV,-3.906553,-38.62002672759395,18,22,22,22
Conjunto Marcos Freire,MONDUBIM,CV,-3.8231525,-38.56308567024763,10,22,22,22
BARRACAL,PLANALTO AYRTON SENNA,CV,-3.8324735,-38.56379231818991,18,22,22,22
Conjunto Abelardo Rocha - Mondubim,MONDUBIM,CV,-3.8188435,-38.566551671817706,20,22,22,22
Bairro do Cruzeiro,NOVA OLINDA,PCC,-7.091108999999999,-39.67761850620667,16,22,30,33
Conjunto Novo Caiçara,MERUOCA,PCC,-3.667613,-40.3777994693162,19,22,27,28
Conjunto Castelo Branco,PRESIDENTE KENNEDY,CV,-3.7306745,-38.57273944137056,16,22,22,22
Comunidade do Japãozinho - Cidade Nova,CIDADE NOVA,CV,-3.842883,-38.579505627020666,8,21,21,21
Bairro Limoeiro ,JUAZEIRO DO NORTE,CV,-7.225184,-39.30080815653923,4,21,24,24
Itarema,ITAREMA,CV,-2.9247885,-39.91477017701784,14,21,25,29
Jereissati Setor G - Pacatuba,MARACANAÚ,CV,-3.8869085,-38.60708732690692,20,20,20,20
Jereissati Setor H - Pacatuba,MARACANAÚ,CV,-3.889052,-38.61488990432099,20,20,20,20
Lagoa Seca de Pacajus,PACAJUS,CV,-4.1744900000000005,-38.48681183026031,8,20,24,24
Velho Timbó,MARACANAÚ,CV,-3.906831,-38.60193316066046,6,20,24,24
Beco do Melão (Complexo do Pirambu),PIRAMBU,CV,-3.7109515,-38.5557016037296,20,20,20,20
Palmeiras 2,CONJUNTO PALMEIRAS,CV,-3.83846,-38.529086277944685,20,20,20,20
Campo Novo- Quixadá,QUIXADA,CV,-4.9874345,-39.01945186488087,20,20,20,20
Cidade de Deus- Forquilha,SOBRAL,CV,-3.805528,-40.26883171347347,20,20,20,21
Comunidade da Cidade Nobre,JANGURUSSU,CV,-3.8340295,-38.50594425519195,10,20,20,20
Conjunto Patativa do Assaré,JANGURUSSU,CV,-3.854315,-38.515313138522,20,20,20,20
Sitio São João,JANGURUSSU,CV,-3.8489095,-38.51498740090823,20,20,20,20
Cidade de Óros,ORÓS,PCC,-6.24469,-38.91462765984702,14,20,25,33
Arianópolis - Caucaia,URUCUTUBA,CV,-3.764712,-38.64869038309124,20,20,20,20
Lage ou Padre Júlio Maria,PARQUE SOLEDADE,CV,-3.7410905,-38.6700306915648,16,20,20,20
BOM NOME - LIMOEIRO DO NORTE - TCP,LIMOEIRO DO NORTE,CV,-5.143312,-38.085902608815424,16,20,22,26
Comunidade do Aterro/Ocupação,ANTÔNIO BEZERRA,CV,-3.7457625,-38.59533880631189,20,20,20,20
Favela da Swat ,SÃO LUÍS DO CURU,CV,-3.67032,-39.23958628480664,16,20,20,28
Lago Verde,URUCUTUBA,CV,-3.758459,-38.66847815065274,14,20,22,22
Central Picuí,URUCUTUBA,CV,-3.757816,-38.657191264935335,18,20,20,20
Favela da Catita,PACATUBA,CV,-3.920524,-38.597862791744845,12,20,20,20
Cemitério,MESSEJANA,CV,-3.8360235,-38.4918284115426,10,20,20,20
Cidade de Frecheirinha,FRECHEIRINHA,CV,-3.759212,-40.81749064797508,12,20,20,32
Mercado Velho,FARIAS BRITO,CV,-3.7273285,-38.54247056563328,14,20,20,20
Salsa,SOBRAL,CV,-3.800015,-40.26354178455976,19,19,19,19
Munguba,IPARANA,CV,-3.67278,-38.67909431917808,12,19,19,19
Cidade Independência,INDEPENDÊNCIA,PCC,-5.3939145,-40.31258167786154,11,19,27,33
Zumbi,HORIZONTE,CV,-4.1024785,-38.48467248050119,19,19,19,19
SIQUEIRA,SIQUEIRA,CV,-3.816384,-38.61790177116891,19,19,19,19
Jaguaretama,JAGUARETAMA,TCP/GDE,-5.605302,-38.76170527008927,6,19,26,33
Cidade de Pedra Branca,PEDRA BRANCA,PCC,-5.460202000000001,-39.71587434014117,2,19,35,54
Comunidade do Sol Nascente,PLANALTO AYRTON SENNA,CV,-3.836394,-38.57468173148148,18,18,18,18
Bairro Industrial,INDUSTRIAL,CV,-3.839072,-38.59370076154289,14,18,18,18
Pantanal - Planalto Ayrton Senna ,PLANALTO AYRTON SENNA,CV,-3.8328445,-38.57113839163297,18,18,18,18
Franciscano ,JUAZEIRO DO NORTE,CV,-7.214399500000001,-39.31248122459408,10,18,18,18
Bairro do Triângulo,JUAZEIRO DO NORTE,CV,-7.231905,-39.327912351784434,13,18,18,18
Jagatá - Maracanaú,ALTO ALEGRE II,CV,-3.833576,-38.62190007623318,12,18,18,18
Comunidade da Paz,PAUPINA,CV,-3.869958,-38.491566497778855,6,18,18,18
Comunidade da Sideral - Bonsucesso,BONSUCESSO,CV,-3.78596,-38.587011265179854,18,18,18,18
Conjunto Leonel Brizola,GRANJA LISBOA,CV,-3.7822475,-38.62421238396438,14,18,18,18
Facó,CRISTO REDENTOR,CV,-3.710421,-38.56474040883549,18,18,18,18
Favelinha,GUADALAJARA,CV,-3.7643975,-38.61815434400134,18,18,18,18
Parque Soledade,PARQUE SOLEDADE,CV,-3.740703,-38.64979648813525,16,18,18,18
Comunidade do Açaí - Antonio Bezerra,PADRE ANDRADE,CV,-3.741714,-38.58319291740246,18,18,18,18
Rua da Palha,PARQUE SOLEDADE,CV,-3.7433685,-38.6553064938132,18,18,18,18
Cercadão ,IPARANA,CV,-3.6829545,-38.66777949209946,2,18,18,18
Comunidade Zé do Caldo,BOM JARDIM,CV,-3.796506,-38.59770970944674,18,18,18,18
Travessa,BARRA DO CEARÁ,CV,-3.7000815,-38.582844202047646,18,18,18,18
Favela do Sabão ,JACARECANGA,CV,-3.7157475,-38.54595650625279,14,18,18,18
Carlito Pamplona,CARLITO PAMPLONA,CV,-3.715066,-38.55805684067792,18,18,18,18
MIRAIMA,MIRAIMA,CV,-3.56507955,-39.96765792453306,16,18,22,26
Favela do Facão ,CURIÓ,CV,-3.8158645,-38.47903583526811,18,18,18,18
Canal Leste,BOM JARDIM,CV,-3.793477,-38.60708037167892,18,18,18,18
Potira lll,GUADALAJARA,CV,-3.760682,-38.63763413119214,16,18,18,18
Portelinha,MARACANAÚ,CV,-3.8670375,-38.66872848529412,12,18,20,20
Santo Antônio,PEDRAS,CV,-3.8916055,-38.49971487771015,10,18,20,20
Guará,GUADALAJARA,CV,-3.756553,-38.62978226102415,10,18,18,18
Pedra Branca,PEDRA BRANCA,CV,-4.1695355,-38.476974,12,18,18,18
Comunidade do Areal,AEROLÂNDIA,CV,-3.7784195,-38.51251775773616,18,18,18,18
Residencial Dummar 3,MARACANAÚ,CV,-3.879677,-38.59729885211465,18,18,18,18
Favela do Circo,JANGURUSSU,CV,-3.8441965,-38.52025697010663,18,18,18,18
Comunidade da maravilha,ALTO DA BALANÇA,CV,-3.7588465,-38.52137841703418,18,18,18,18
Anario Braga ,ANTÔNIO BEZERRA,CV,-3.7359285,-38.59205487517456,18,18,18,18
José Walter,PREFEITO JOSÉ WALTER,CV,-3.838715,-38.55835632196657,10,18,18,18
Ceará Brasil,PARQUE SANTA MARIA,CV,-3.8386485,-38.498396496812646,16,18,18,18
Acaracuzinho,ALTO ALEGRE II,CV,-3.8484495,-38.61440558739064,18,18,18,18
Itapoa,PARQUE SOLEDADE,CV,-3.715921,-38.66946822418693,18,18,18,18
Comunidade do Açude,PARQUE SOLEDADE,CV,-3.7401915,-38.65710401299192,18,18,18,18
Comunidade do Paredão,GRANJA PORTUGAL,CV,-3.7848255,-38.60322335367432,18,18,18,18
Aeroporto ,AEROPORTO,PCC,-7.2084905,-39.27089166742664,17,18,18,22
Jagatá ,CONJUNTO PALMEIRAS,CV,-3.852907,-38.52109006932153,18,18,18,18
Comunidade do Santo Afonso,JARDIM DAS OLIVEIRAS,CV,-3.775582,-38.505065653183024,18,18,18,18
Santa Terezinha ,PARQUE SĂO JOSÉ,CV,-3.7915295,-38.5901613327733,18,18,18,18
JATOBÁ,SIQUEIRA,CV,-3.8085715,-38.63233230207024,16,18,18,18
Cidade de Mucambo,MUCAMBO,CV,-3.904511,-40.74555138,12,18,22,24
MILAGRES,MILAGRES,PCC,-7.3106085,-38.946193713283975,8,18,18,33
Comunidade do Capim,HENRIQUE JORGE,CV,-3.7632575,-38.594054305713385,16,18,18,18
Comunidade do Museu - Pajuçara,CIDADE NOVA,CV,-3.865604,-38.58086107825783,16,18,18,18
ADEMIR MARTINS,JANGURUSSU,CV,-3.8545025,-38.51182507067247,18,18,18,18
Distrito de Pecém,PARACURU,CV,-3.553209,-38.83296065395794,6,17,23,28
Comunidade do Triângulo,COUTO FERNANDES,CV,-3.7597275,-38.56140679081633,15,17,17,17
Campo Velho- Quixadá,QUIXADA,CV,-4.9647475,-39.00859400897199,17,17,17,17
Piçarra,ITAPAJÉ,CV,-3.69079,-39.587041364950224,17,17,17,17
Comunidade do Riacinho,DEMÓCRITO ROCHA,CV,-3.7632955,-38.56433898514428,13,17,17,17
Cidade de Banabuiú,BANABUIÚ,CV,-5.3035630000000005,-38.91818389893617,8,17,17,24
Bairro Novo,PEDRAS,CV,-3.866931,-38.523069677438656,10,16,20,20
Nova Metrópole II,URUCUTUBA,CV,-3.772786,-38.654354627906976,16,16,16,16
Esplanada do Araturi,MARECHAL RONDON,CV,-3.767589,-38.63000694492254,16,16,16,16
Chaval,CHAVAL,MASSA,-3.037491,-41.24002248179825,7,16,17,26
Os Forno,COAÇU,MASSA,-3.842355,-38.48415435397543,16,16,16,16
Comunidade da Portelinha- Planalto Ayrton Senna,PLANALTO AYRTON SENNA,CV,-3.8285085,-38.5714402519849,16,16,16,16
Parque São José,PARQUE SĂO JOSÉ,CV,-3.7968895,-38.58915868952419,16,16,16,16
Olho D’Água,MARACANAÚ,CV,-3.9176135,-38.62585844521072,16,16,20,20
Cidade dos Anjos,SOBRAL,CV,-3.802558,-40.27065335390356,16,16,18,19
Tancredo Neves ,JARDIM DAS OLIVEIRAS,CV,-3.7836335,-38.50703731456041,16,16,16,16
Jardim Icaraí l,IPARANA,CV,-3.692546,-38.64941866504854,10,16,16,16
Favela Do 18 ,ALTO ALEGRE II,CV,-3.8280685,-38.626795127968336,16,16,16,16
Conjunto Habitacional Orgulho do Ceará,DIF III,CV,-3.857806,-38.55209190068011,16,16,24,24
Dedé Gama,PACAJUS,CV,-4.1784575,-38.47025880733053,8,16,16,16
Comunidade do Seu Rosa,JOSÉ DE ALENCAR,CV,-3.8146165,-38.475231743820224,16,16,16,16
Jereissati Setor F - Pacatuba,MARACANAÚ,CV,-3.892746,-38.60954231225716,16,16,16,16
Vacaria,ALTO ALEGRE II,CV,-3.8280375,-38.60501625816549,16,16,16,16
Gereba,PASSARÉ,MASSA,-3.8271207,-38.52842854870427,16,16,16,16
Favelinha - São Miguel,CURIÓ,MASSA,-3.8243195,-38.4804648011965,16,16,16,16
Ferros,ITAPAJÉ,CV,-3.7029535,-39.57347306879036,14,16,16,18
Sumaré,MERUOCA,TCP/GDE,-3.7001565,-40.36383262378881,13,16,16,16
Coqueiral,JOSÉ DE ALENCAR,CV,-3.816142,-38.471717170539385,16,16,16,16
Bairro do Aeroporto,TIANGUA,PCC,-3.722277,-41.01162898205455,16,16,16,16
Cajazeiras,CAJAZEIRAS,CV,-3.799961,-38.50991813461538,10,16,18,18
Comunidade da Rosalina (Complexo da Rosalina),PARQUE DOIS IRMĂOS,CV,-3.8051985,-38.5456734625965,16,16,16,16
VILA FATIMA ,JUAZEIRO DO NORTE,PCC,-7.2062224,-39.29924867067281,6,16,20,20
Levada,MESSEJANA,CV,-3.8249565,-38.4880188336917,14,16,16,16
Ap´s Acaracuzinho - ÁGUAS DE JAÇANÃ,ALTO ALEGRE II,CV,-3.845177,-38.62240587486133,16,16,16,16
Ruazinha,MARECHAL RONDON,CV,-3.7733155,-38.62442159394014,16,16,16,16
Comunidade De Itaperaoba,ITAPERI,CV,-3.7846465,-38.55082089737766,16,16,16,16
Ibicuitinga ,IBICUITINGA,CV,-4.9714075,-38.6371804550759,7,16,21,42
Mutirão ,HORIZONTE,CV,-4.094871,-38.49190602066116,16,16,16,16
Granjinha - Levada,GUAJERU,CV,-3.8288785,-38.485782262274085,16,16,16,16
Cidade de Barreira,BARREIRA,CV,-4.288603,-38.64003945519481,12,16,19,28
Mucunã - Maracanaú,MARACANAÚ,CV,-3.846034,-38.65740818191197,10,16,16,16
Itambé I,PARQUE SOLEDADE,CV,-3.728125,-38.65084886949304,16,16,16,16
FLORES,IGUATU,CV,-6.357290000000001,-39.29614070324941,12,16,16,16
Beco do Chico Vei,VARJOTA,CV,-3.7350305,-38.48055732104122,16,16,16,16
Vila Peri,VILA PERI,CV,-3.793897,-38.58334140890018,16,16,16,16
Vila Centenário,IGUATU,CV,-6.3694105,-39.31013210409347,16,16,16,16
Favela do Rato - Barroso ll,PASSARÉ,CV,-3.819259,-38.5239917906044,16,16,16,16
Croatá 2,PACAJUS,CV,-4.1729205,-38.45811296564215,2,16,16,16
Tucum,PACAJUS,CV,-4.1523905,-38.46398294401143,6,16,20,20
Vila Moskito,TABAPUÁ,CV,-3.7401565,-38.62176316394167,16,16,16,16
Parque Ipiranga ,TABAPUÁ,CV,-3.73509,-38.61747317878682,14,16,16,16
Capim De Roça ,PINDORETAMA,CV,-4.0944755,-38.29972671425888,8,16,20,28
Comunidade do Sossego - Quintino Cunha,ANTÔNIO BEZERRA,CV,-3.7360535,-38.59703130732662,16,16,16,16
Cidade de Tejuçuoca,TEJUÇUOCA,CV,-3.9879685,-39.580169329715446,11,16,19,35
Comunidade dos Plásticos - Quintino Cunha,QUINTINO CUNHA,CV,-3.733801,-38.59827161604185,16,16,16,16
Santa Marta,ALTO ALEGRE II,CV,-3.8279895,-38.620788982716064,10,16,16,16
Alto Novo,MERUOCA,CV,-3.6934665,-40.36127483894593,16,16,16,16
Alto Alegre,ALTO ALEGRE II,CV,-3.827131,-38.61013110889398,14,16,16,16
Estação - Boa Vista ,MARACANAÚ,CV,-3.887359,-38.62518408364899,14,16,16,16
Alto,PEDRAS,CV,-3.873893,-38.5078685851711,14,16,16,16
Comunidade Beira Rio de Baturité,BATURITE,CV,-4.318654,-38.884702078750976,16,16,16,16
Feira dos Peixes,GRAÇA,TCP/GDE,-4.0441595,-40.86200899401885,16,16,16,16
Bairro do Csu,TIANGUA,PCC,-3.7226665,-40.99376877321082,16,16,16,16
Portelinha ,ALTO ALEGRE II,CV,-3.849528,-38.619446270334926,16,16,16,16
Lago Azul - Barroso I,BARROSO,CV,-3.8193865,-38.51075875275362,16,16,16,16
Favela do Quadrado,PLANALTO AYRTON SENNA,CV,-3.834967,-38.568943613456696,16,16,16,16
Sem Terra,MERUOCA,CV,-3.6933645,-40.36523706593657,13,15,15,15
Comunidade Sem Terra,CANINDEZINHO,CV,-3.815239,-38.611004136286354,15,15,15,15
Comunidade Raquel,GRANJA LISBOA,CV,-3.7929785,-38.62586630581094,13,15,15,15
Comunidade da Portelinha- Messejana,MESSEJANA,MASSA,-3.818391,-38.49267784302326,15,15,15,15
Zona de Confronto ,TABAPUÁ,CV,-3.7410065,-38.6200077395178,13,15,15,15
Outra Banda,MARACANAÚ,CV,-3.881854,-38.6779497822889,14,15,15,15
Vertentes,HORIZONTE,CV,-4.089672,-38.47723658160125,15,15,15,15
Tabatinga ,PACATUBA,CV,-3.954559,-38.693724992569,12,15,15,15
Comunidade do Uga- Uga,PARQUE ALBANO,CV,-3.745899,-38.62848913319033,15,15,15,15
Alto Da Penha ,CRATO,CV,-7.240131,-39.409411521649126,8,15,15,15
Comunidade São Francisco - Itapajé,ITAPAJÉ,CV,-3.684906,-39.58898915453807,15,15,15,15
Bairro do Campo,AMONTADA,CV,-3.364892,-39.82796849760467,8,15,15,15
Caponga,PINDORETAMA,CV,-4.04436,-38.19553966337274,11,15,15,15
Quadras - Aracape,ARACAPÉ,CV,-3.831236,-38.5885624024776,12,14,14,14
Muro de Pedra - Aracape,PARQUE SANTA ROSA,CV,-3.8215705,-38.58729909494602,14,14,14,14
Alto Alegre II,ALTO ALEGRE II,CV,-3.8342385,-38.600697500929286,8,14,14,14
Malhada ,HORIZONTE,CV,-4.134748,-38.49013435942148,8,14,14,14
Comunidade da Granjinha- Planalto Pici,PICI,CV,-3.754951,-38.577411479874776,14,14,14,14
Salinas - Leblon ,IPARANA,CV,-3.6924635,-38.61342174192569,10,14,14,14
Cidade de Umirim ,UMIRIM,CV,-3.676696,-39.346823216696734,10,14,20,31
Por do Sol,TIANGUA,PCC,-3.721325,-41.0033866601384,14,14,14,14
TDG,GUAJERU,CV,-3.8292945,-38.47448493690389,14,14,14,14
Santa Rosa,CARLITO PAMPLONA,CV,-3.7161565,-38.55332894353258,14,14,14,14
Favela do Marrocos,BOM JARDIM,CV,-3.8009065,-38.60960888306452,14,14,14,14
Comunidade Do Campinho,BARRA DO CEARÁ,CV,-3.700046,-38.58464394069105,14,14,14,14
Mirambe,URUCUTUBA,CV,-3.7910835,-38.65991622882162,8,14,16,16
Praia Caetanos,AMONTADA,CV,-3.0780015,-39.56288151224227,5,14,16,46
B13 - (Complexo da Barra do Ceará),BARRA DO CEARÁ,CV,-3.707219,-38.57353999421014,14,14,14,14
Favela do Cajueiro,JANGURUSSU,CV,-3.845824,-38.50669743443319,14,14,14,14
Camurupim,PARQUE SOLEDADE,CV,-3.7062765,-38.65446969175812,14,14,14,14
Coaçu,COAÇU,CV,-4.1667225000000006,-38.47020438667232,12,14,14,14
MANGUEIRAL,PINDORETAMA,CV,-4.07588735,-38.29545359961361,8,14,16,16
Jereissati Setor E - Maracanaú,MARACANAÚ,CV,-3.886841,-38.61850011133237,14,14,14,14
Loteamento Nova Jurema ou CDD,MARECHAL RONDON,CV,-3.7705245,-38.63520723993426,14,14,14,14
Favela Da Lagoa,MARACANAÚ,CV,-3.8766905,-38.62619676858056,14,14,14,14
Parque tijuca,ALTO ALEGRE II,CV,-3.8399605,-38.62543495183096,10,14,14,14
Vila verde,JARDIM DAS OLIVEIRAS,CV,-3.7833595,-38.50176702269036,14,14,14,14
Cidade de Deus - Área Seca,MARACANAÚ,CV,-3.8753855,-38.66089854039866,12,14,14,14
Torrões,CIDADE NOVA,CV,-3.883665,-38.58117823370647,8,14,25,25
Comunidade Graviolas,PRAIA DE IRACEMA,CV,-3.725056,-38.51496806508203,10,14,14,14
Comunidade do 14,MARECHAL RONDON,CV,-3.76902,-38.626569599814125,14,14,14,14
Comunidade Da Cagece ,PLANALTO AYRTON SENNA,CV,-3.8315865,-38.57503646013128,14,14,14,14
Cidade de Graça,GRAÇA,CV,-4.042299,-40.752520050219566,12,14,18,28
Eldorado,URUCUTUBA,CV,-3.7745455,-38.64843377201258,10,14,14,14
Planalto Pici,PICI,CV,-3.750783,-38.58036816348314,14,14,14,14
Comunidade da Portelinha- Planalto Pici,DOM LUSTOSA,CV,-3.7522025,-38.5812520573782,14,14,14,14
Comunidade do Mutirão,SIQUEIRA,CV,-3.801825,-38.62866811021099,14,14,14,14
Caça e Pesca ,PRAIA DO FUTURO II,CV,-3.765734,-38.44225652523585,14,14,14,14
Comunidade Muro de Pedra - (Complexo do Vincent Pinzon),VICENTE PINZÓN,CV,-3.727865,-38.46752325910504,14,14,14,14
Comunidade do Paufininho,DE LOURDES,CV,-3.7444325,-38.46732866842476,14,14,14,14
Comunidade do Canal ou Mela Mela,GRANJA PORTUGAL,CV,-3.781395,-38.59784770092634,14,14,14,14
Beco da Galinha,PAPICU,CV,-3.739197,-38.47957478491489,14,14,14,14
Cidade 2000,CIDADE 2000,CV,-3.751195,-38.4702808160026,12,14,14,14
Comunidade Baixa Pau,PRAIA DE IRACEMA,CV,-3.7194895,-38.52100128246754,8,14,18,18
Padre Andrade,PADRE ANDRADE,CV,-3.734169,-38.5773679033576,14,14,14,14
Recreio- Boa Viagem,BOA VIAGEM,PCC,-5.1159605,-39.734004389323815,7,14,17,31
Comunidade da Mangueira,CURIÓ,MASSA,-3.8212305,-38.478871509052766,14,14,14,14
Morro do Pinto,CRISTO REDENTOR,CV,-3.70628825,-38.56265608897182,14,14,14,14
Mutirão ll ou Frei Damião ,JUAZEIRO DO NORTE,PCC,-7.2443475,-39.33842431594949,12,14,14,14
Comunidade da Fumaça ,SÃO MIGUEL,CV,-3.746109,-38.599622812223856,14,14,14,14
Vila Alta,CRATO,PCC,-7.227076999999999,-39.411062173058255,12,14,14,14
Favela do Magalhães - Jaçanaú,MARACANAÚ,CV,-3.847066,-38.64527089239956,14,14,14,14
Ponte ,URUCUTUBA,CV,-3.762377,-38.65764988243495,14,14,14,14
Comunidade dos Cocos ,MANUEL DIAS BRANCO,CV,-3.751617,-38.4505439978153,10,14,14,14
Comunidade Entrada da Lua,DOM LUSTOSA,CV,-3.751132,-38.58264330487805,14,14,14,14
Comunidade da Ponte,PARQUE SOLEDADE,CV,-3.7407585,-38.63136263390193,14,14,14,14
Favela do CK,BARROSO,CV,-3.8180255,-38.51032753790585,14,14,14,14
Alto Alegre,SOBRAL,CV,-3.803407,-40.26128753804033,12,14,14,14
Água da bomba,BOM JARDIM,CV,-3.7923755,-38.59594769126959,14,14,14,14
Amanari,MARANGUAPE,CV,-4.0244095,-38.86948756441447,13,13,15,19
2 de Agosto,MORADA NOVA,TCP/GDE,-5.1078195,-38.36595472625366,11,13,13,13
Morro do Ouro,JACARECANGA,CV,-3.7255475,-38.54499371518152,13,13,13,13
Tamarindo ,MERUOCA,CV,-3.694071,-40.35345295873287,11,13,13,13
Sulina,PINDORETAMA,TCP/GDE,-4.0430665,-38.20586025384727,7,13,13,13
Favela do Verdão,PACATUBA,CV,-3.9192205,-38.60190014727172,9,13,13,13
Favelinha,PADRE ANDRADE,CV,-3.740154,-38.58431116896014,13,13,13,13
TABULEIRO DO NORTE - SEDE - CV,LIMOEIRO DO NORTE,CV,-5.2502865,-38.12806275972676,2,13,23,36
Quadrinhas ,BARRA DO CEARÁ,CV,-3.699271,-38.58104561733333,13,13,13,13
Icarai de Amontada ,ITAREMA,CV,-3.031478,-39.65541026968985,6,13,24,27
Barra Nova,IPARANA,CV,-3.690687,-38.66697158864119,8,13,14,14
Distrito de Croatá,SÃO GONÇALO DO AMARANTE,CV,-3.6752575,-39.11609934214039,9,13,17,19
Comunidade do Parazinho,IPARANA,CV,-3.640575,-38.70920666213124,11,13,13,13
Conjunto São Cristovão,JANGURUSSU,CV,-3.835421,-38.52026176580363,13,13,13,13
Caixa D´agua - Varjota,PIRES FERREIRA,CV,-4.196277,-40.47501958600306,11,13,13,13
Comunidade do Carrapicho,CAMBEBA,MASSA,-3.8151895,-38.484213193702686,13,13,13,13
Castanhola ,CURIÓ,MASSA,-3.819031,-38.47931675879908,12,12,12,12
Comunidade da Central,FLORESTA,CV,-3.723182,-38.57969565537167,12,12,12,12
Morro - Corrente,GRAÇA,TCP/GDE,-4.03483,-40.8653939123854,11,12,12,12
Beco do Pinheiro ,VILA PERI,CV,-3.7880705,-38.58234212264959,12,12,12,12
Parque Iracema II,PARQUE IRACEMA,MASSA,-3.8101825,-38.49603626840356,10,12,12,12
Timbó,MARACANAÚ,CV,-3.8777455,-38.60183495198069,12,12,12,12
Boa Vista - Maracanaú,MARACANAÚ,CV,-3.8873575,-38.62323676355296,12,12,12,12
QUIXERÉ - LAGOINHA - PCC,QUIXERE,PCC,-5.077942,-37.90707468494686,0,12,14,18
CiIdade de São Gonçalo do Amarante (SGA),SÃO GONÇALO DO AMARANTE,CV,-3.610337,-38.96645690207989,8,12,15,17
Bairro de Fátima - Cedro,CEDRO,TCP/GDE,-6.604508,-39.0641149126365,10,12,12,12
Rafael Santos,HORIZONTE,CV,-4.0936375,-38.50054855821693,12,12,12,12
Maracananzinho,MARACANAÚ,CV,-3.866286,-38.63442398674911,12,12,12,12
Área Verde,HORIZONTE,CV,-4.0905515,-38.48142120157976,12,12,12,12
Jaibaras,CARIRE,PCC,-3.7736865,-40.500172669664565,9,12,14,16
Alto Fechado,PEDRAS,CV,-3.8898945,-38.54656713199867,4,12,20,20
Comunidade Da Julia,DOM LUSTOSA,CV,-3.749187,-38.58397291505701,12,12,12,12
Vila Nova,PENTECOSTE,CV,-3.789902,-39.2675974112727,12,12,12,12
Pantanal,JOSÉ DE ALENCAR,CV,-3.8094035,-38.47753446994885,10,12,12,12
Buraco da Gia - Antonio Bezerra,PADRE ANDRADE,CV,-3.739172,-38.58143006056369,10,12,12,12
Residencial Luiz Gonzaga,ANCURI,CV,-3.8576785,-38.51145861703078,12,12,12,12
Rua Canudos,PLANALTO AYRTON SENNA,CV,-3.838046,-38.56879082527555,12,12,12,12
Bairro Santo Anônio,TIANGUA,PCC,-3.7271345,-41.00211395,12,12,12,12
Favelinha,GUAJERU,CV,-3.828393,-38.47706401151032,12,12,12,12
Pica- Pau (Distrito Industrial),HORIZONTE,CV,-4.1213075,-38.48341933145174,10,12,12,12
Ancuri,ANCURI,CV,-3.8813655,-38.53183542540323,4,12,12,12
Cajueiros,MARECHAL RONDON,CV,-3.776443,-38.63173227661456,12,12,12,12
Patrícia Gomes,URUCUTUBA,CV,-3.75795,-38.65095808954777,12,12,12,12
Beco do Castelo - Aracapé,ARACAPÉ,CV,-3.8372925,-38.583673261864405,8,12,12,12
Grilo,PARQUE SOLEDADE,CV,-3.724557,-38.66406739559764,12,12,12,12
Campo do América,MEIRELES,CV,-3.730488,-38.50242284543745,8,12,12,12
Frifor,SÃO MIGUEL,CV,-3.743576,-38.60217255358222,12,12,12,12
Mororó,MARACANAÚ,CV,-3.8866645,-38.675158949373696,12,12,12,12
Vilinha,ANCURI,CV,-3.857877,-38.515749222698105,10,12,12,12
Pedrinhas,JUAZEIRO DO NORTE,PCC,-7.203310999999999,-39.27594027606983,10,12,14,14
Apuiarés,APUIARÉS,CV,-3.9447175,-39.43202582611829,6,12,12,19
10,CURIÓ,CV,-3.8233775,-38.470671522520576,12,12,12,12
Cidade de Deus 2,PARQUE SANTA MARIA,CV,-3.8442695,-38.50208134657164,12,12,12,12
AP DO JATOBÁ - JARDIM DO EDEM,SIQUEIRA,CV,-3.7993033,-38.63025686946844,10,12,12,12
Rua Codó,CONJUNTO PALMEIRAS,CV,-3.849113,-38.52181620431432,12,12,12,12
Cj Palmeiras l,CONJUNTO PALMEIRAS,CV,-3.8449525,-38.528139559674685,12,12,12,12
Comunidade PSD,PICI,CV,-3.756914,-38.57748653465765,12,12,12,12
Jardim das Maravilhas,ALTO ALEGRE II,CV,-3.842582,-38.61707915820895,12,12,12,12
São Francisco ,QUINTINO CUNHA,CV,-3.729333,-38.60386704002505,12,12,12,12
Palmeirinha,CARARU,CV,-3.840616,-38.4271072510722,10,12,14,14
Alto da Queiroz,BOA VIAGEM,PCC,-5.1246455,-39.74019193913043,7,12,13,15
Pavuna,PACATUBA,CV,-3.916267,-38.59922617525774,10,12,12,12
Vila Rolim - Boa Vista,DIAS MACÊDO,CV,-3.7910785,-38.51628217401515,12,12,12,12
Barreiros,CIDADE 2000,CV,-3.7575215,-38.46906035976201,6,12,12,12
Beco do Jeremias,VILA VELHA,CV,-3.7127895,-38.604871528685166,12,12,12,12
Babilônia ,PASSARÉ,CV,-3.8213325,-38.52844042044518,12,12,12,12
Condomínio Pabussu,PARQUE SOLEDADE,CV,-3.741578,-38.66621140698702,12,12,12,12
Palmirim,PARQUE SOLEDADE,CV,-3.7412625,-38.67464085972295,10,12,12,12
Rua do Meio,CIDADE NOVA,CV,-3.840683,-38.57169991407448,12,12,12,12
Conjunto São Bernardo,MESSEJANA,MASSA,-3.819506,-38.490376972872994,12,12,12,12
Flecheiras ,TRAIRI,CV,-3.224902,-39.268914473115714,7,12,12,12
Curicaca,PARQUE SOLEDADE,CV,-3.714558,-38.66157193919919,10,12,12,12
Potira ll,GUADALAJARA,CV,-3.7591045,-38.63325968873183,12,12,12,12
Vila de Jericoacoara,JIJOCA DE JERICOACOARA,CV,-2.796309,-40.51364993922262,11,12,12,14
Comunidade Joana D'arc (Complexo do Vicente Pinzon),VICENTE PINZÓN,CV,-3.728943,-38.47018883805248,12,12,12,12
Vila Nova - Trairí ,TRAIRI,CV,-3.2725790000000003,-39.26911768863921,7,12,14,14
Comunidade da Jamaica,GRANJA PORTUGAL,CV,-3.7875955,-38.603431269589,12,12,12,12
Parque São João,SIQUEIRA,CV,-3.814537,-38.62585707179908,12,12,12,12
Rua da Lama,BOA VISTA/CASTELÃO,CV,-3.7951255,-38.5161166909548,12,12,12,12
Gavião/Mata Galinha - Boa Vista,BOA VISTA/CASTELÃO,CV,-3.798428,-38.51610250555158,12,12,12,12
LAGOA SECA,MESSEJANA,CV,-3.8228084,-38.50027342335487,12,12,12,12
Boa Esperança - Pajuçara,CIDADE NOVA,CV,-3.8539085,-38.577856003630615,8,12,12,12
Favela do Trilho,GUADALAJARA,CV,-3.766137,-38.62696301312719,12,12,12,12
Comunidade do Polo da Barra,BARRA DO CEARÁ,CV,-3.696219,-38.58447783205443,12,12,12,12
Pracinha do Abel (Complexo do Pirambu),PIRAMBU,CV,-3.7083555,-38.55606151770387,12,12,12,12
Cidade de Chorozinho,CHOROZINHO,CV,-4.2948755,-38.49775357891157,8,12,16,44
Comunidade das Antenas,HENRIQUE JORGE,CV,-3.7660835,-38.58076391611842,10,12,12,12
Favelinha,PARQUE IRACEMA,MASSA,-3.8126,-38.49301125,12,12,12,12
Bela Vista- Itapajé,ITAPAJÉ,CV,-3.681466,-39.58073450352113,8,12,12,12
Parque Betânia,JANGURUSSU,CV,-3.8384965,-38.50512429906705,12,12,12,12
Cocobó,IGUATU,CV,-6.3709995,-39.30328160150904,12,12,12,12
Santa Cecília,BOM JARDIM,CV,-3.792208,-38.61047403645564,12,12,12,12
Comunidade do Serrote - Messejana,PARQUE SANTA MARIA,CV,-3.841724,-38.49104324118699,12,12,12,12
Frei Damião,JUAZEIRO DO NORTE,PCC,-7.253387,-39.33630284131742,11,12,12,12
Campo Alegre ,JUAZEIRO DO NORTE,CV,-7.251706,-39.29101641457297,5,11,14,14
VP,ITAPERI,CV,-3.7915955,-38.55077265656912,7,11,11,11
Nova Metrópole V,URUCUTUBA,CV,-3.772819,-38.65805490668475,9,11,15,15
Cidade De Barro,BARRO,TCP/GDE,-7.178776,-38.77740678382915,8,11,11,17
Cumbuca,CURIÓ,MASSA,-3.8214135,-38.47546163770137,11,11,11,11
QUIXERE - CENTRO - PCC,QUIXERE,PCC,-5.07271,-37.99138541499542,6,11,15,16
Jaguaribara,JAGUARIBARA,CV,-5.455572500000001,-38.46544098553583,9,11,11,18
Várzea Grande,SOBRAL,TCP/GDE,-3.6963105,-40.3416265203462,10,11,11,11
Distrito de Matuões ,CAUCAIA,CV,-3.58447,-38.827396366346655,1,11,16,21
OLHO-DA-AGUA DA BICA ,TABULEIRO DO NORTE,CV,-5.3879315000000005,-38.01405575858696,11,11,11,15
Sítios Novos- Caucaia,CAUCAIA,CV,-3.7449175,-38.95171421861144,7,11,15,17
Alto do Motor,BOA VIAGEM,PCC,-5.125899,-39.734269865302586,11,11,11,11
Batateiras- Crato,CRATO,PCC,-7.223076499999999,-39.427604285272274,10,11,11,15
CENTRO - RUSSAS ,QUIXERE,CV,-4.9378715,-37.97317816490717,11,11,11,11
VG,AEROLÂNDIA,CV,-3.7717525,-38.51794187443821,11,11,11,11
Cidade de Camocim,CAMOCIM,CV,-2.9013995,-40.8521068081746,0,11,45,61
Polígono 2240,CONJUNTO CEARÁ II,CV,-3.7792795,-38.61308702793296,11,11,11,11
Cidade de Icó,ICÓ,CV,-6.4034465,-38.85924128193898,5,11,21,41
Condomínio da Santa,MARACANAÚ,CV,-3.874857,-38.67910986965001,11,11,11,11
Salitre,SALITRE,CV,-7.2830695,-40.45844653461538,9,11,13,17
Comunidade Do Coqueirin ,CURIÓ,CV,-3.818703,-38.47656395951951,11,11,11,11
Comunidade do Pau Serrado,MARACANAÚ,CV,-3.8636955,-38.65345424798387,10,10,10,10
Cajueiro - Caça e Pesca ,PRAIA DO FUTURO II,CV,-3.7714185,-38.44518808847856,10,10,10,10
Pratius l,PINDORETAMA,CV,-4.0371305,-38.27379988861141,10,10,10,12
Vila da Paz,ALTO ALEGRE II,CV,-3.8438465,-38.606459911243306,10,10,10,10
Angorá de Itaitinga,ITAITINGA,CV,-3.97532,-38.517495533611935,6,10,12,12
AP do Guajiru,IPARANA,CV,-3.7007465,-38.64731557555555,8,10,10,10
São João do Amanari,MARANGUAPE,CV,-4.0202765,-38.88917250183992,7,10,10,11
Morro da Colônia (Complexo da Barra do Ceará),CRISTO REDENTOR,CV,-3.705602,-38.5709569428934,10,10,10,10
Boqueirão dos Tabosas,PARAIPABA,CV,-3.4284745,-39.15731618044933,8,10,10,10
Conjunto Carandiru - Planalto Horizonte,HORIZONTE,CV,-4.1156445,-38.4782262881796,10,10,10,10
Papoco - Mucunã,MARACANAÚ,CV,-3.8537205,-38.651118835417705,6,10,10,10
Campo do Guanabara,JARDIM GUANABARA,CV,-3.724977,-38.59363180171199,10,10,10,10
Favela do Capinzal,OLAVO OLIVEIRA,CV,-3.7308005,-38.5905497506978,10,10,10,10
Lagoa Seca da Sapiranga,SAPIRANGA / COITÉ,CV,-3.789762,-38.46826873137255,10,10,10,10
Favelinha,QUINTINO CUNHA,CV,-3.7274435,-38.59964192469893,10,10,10,10
Rua Fortaleza - Planalto Ayrton Senna ,PLANALTO AYRTON SENNA,CV,-3.8337995,-38.57606781709446,10,10,10,10
Laje - Planalto Ayrton Senna ,PLANALTO AYRTON SENNA,CV,-3.8306595,-38.57418759173534,10,10,10,10
Rua da Montenegro - Aracape,ARACAPÉ,CV,-3.8342995,-38.586466956213286,10,10,10,10
Monte Libano,PLANALTO AYRTON SENNA,CV,-3.829485,-38.56609896765417,10,10,10,10
Monguba,PACATUBA,CV,-3.9308985,-38.60329266246845,8,10,14,14
Conj. Dom Pedro II,PEDRAS,CV,-3.9054735,-38.511420997598925,0,10,10,10
Fluminense,CANINDEZINHO,CV,-3.8179225,-38.60584898057068,10,10,10,10
Cruzeiro,TIANGUA,PCC,-3.729514,-40.998029046400006,10,10,10,10
Conjunto Alvorada,PARQUE MANIBURA,CV,-3.7915935,-38.47604659753704,10,10,10,10
Comunidade Santa Rita,BARROSO,CV,-3.8267225,-38.5217111586524,10,10,10,10
Favela da Maiqueira,JARDIM DAS OLIVEIRAS,CV,-3.7757085,-38.50661961870027,10,10,10,10
Comunidade São Francisco ,GRANJA PORTUGAL,CV,-3.784073,-38.60919494759642,10,10,10,10
Vila Nova - Maracanaú,ALTO ALEGRE II,CV,-3.8341295,-38.638519984878215,6,10,10,10
Padre Lima,ITAPAJÉ,CV,-3.734503,-39.54737957390353,10,10,10,14
Barateiro,ITAPAJÉ,CV,-3.693469,-39.60242652870494,8,10,10,10
Jari - Maracanaú,SIQUEIRA,CV,-3.8154185,-38.63523988751946,10,10,10,10
Sem Terra,GUAJERU,CV,-3.8385125,-38.4855902766934,10,10,10,10
Canal (Complexo da Barra do Ceará),BARRA DO CEARÁ,CV,-3.7009105,-38.57635950799544,10,10,10,10
Jambalaia / Morro do Falcão,CRISTO REDENTOR,CV,-3.704079,-38.56741712052698,10,10,10,10
Comunidade do Prourb ,MARACANAÚ,CV,-3.8843885,-38.671984410816776,10,10,10,10
Favelinha da São Francisco ,CONJUNTO CEARÁ II,CV,-3.780597,-38.60938376655172,10,10,10,10
Parque Da Paz,PASSARÉ,CV,-3.818153,-38.53918767650215,6,10,10,10
Santo Antônio,SOBRAL,CV,-3.7054595,-40.34073269362744,9,10,10,10
Comunidade do Cachorro Morto- Sapiranga,PARQUE MANIBURA,CV,-3.7912615,-38.4794686040724,8,10,10,10
Esplanada do Mondubim,INDUSTRIAL,CV,-3.8348955,-38.590463316744014,10,10,10,10
Canaã ,TRAIRI,CV,-3.216222,-39.36545932715065,2,10,11,13
Cidade de Ubajara,UBAJARA,CV,-3.8528045,-40.92145233088235,6,10,11,15
Luzardo Viana ,MARACANAÚ,CV,-3.8594185,-38.6486672516407,10,10,10,10
Casinhas do Maria Tomasia,JANGURUSSU,CV,-3.8558985,-38.51583074895134,10,10,10,10
Quadras do Luzardo Viana,MARACANAÚ,CV,-3.866628,-38.64726309988541,0,10,10,10
Comunidade Gafanhotos,VILA VELHA,CV,-3.711361,-38.60379233474208,10,10,10,10
Nova Olinda ,NOVA OLINDA,PCC,-7.0911985,-39.68197247469325,6,10,14,33
Babilônia do Picuí,URUCUTUBA,CV,-3.7597915,-38.65478477263986,10,10,10,10
Cachoeira 2,HORIZONTE,CV,-4.079696,-38.47505342494301,4,10,10,12
Fatima l,CRATEÚS,CV,-5.1795515000000005,-40.67644575182905,8,10,10,10
Mutirão,CRISTO REDENTOR,CV,-3.7044795,-38.57000157229832,10,10,10,10
Comunidade do Riacho Doce (Complexo da Rosalina),PARQUE DOIS IRMĂOS,CV,-3.808679,-38.54284148850932,10,10,10,10
Pereiro,PEREIRO,TCP/GDE,-6.049976,-38.46097574216776,2,10,16,24
Rua do trilho,MARACANAÚ,CV,-3.881574,-38.62683091172341,10,10,10,10
Sítio,JARDIM IRACEMA,CV,-3.7140975,-38.58065046873675,10,10,10,10
Vila Chagas,MORADA NOVA,TCP/GDE,-5.101075,-38.37638102464789,10,10,10,10
Comunidade dos Canos - Jerusalém,PARQUE SĂO JOSÉ,CV,-3.800993,-38.59392063155738,10,10,10,10
Dom Expedito,MERUOCA,TCP/GDE,-3.6941315,-40.34668506431308,9,10,10,10
Cumbuco,IPARANA,CV,-3.6267,-38.728320946079776,10,10,10,10
Açude - Cedro,CEDRO,TCP/GDE,-6.607885,-39.057059171802514,9,10,10,10
Mercado,HORIZONTE,CV,-4.10524,-38.491313361675125,10,10,10,10
Comunidade do Lajeiro,URUCUTUBA,CV,-3.8136335,-38.66434756213415,6,10,10,10
Área Verde,PACAJUS,CV,-4.171735,-38.45176877273554,10,10,10,10
Comunidade Rabo da Gata,SÃO LUÍS DO CURU,CV,-3.6747155,-39.23550187458357,10,10,10,10
Comunidade da Marica,JARDIM DAS OLIVEIRAS,CV,-3.775549,-38.49976590647482,4,10,10,10
Santo Satiro,ALTO ALEGRE II,CV,-3.851872,-38.61505090548346,10,10,10,10
Parque Veraneio - Caucaia,IPARANA,CV,-3.684732,-38.65910904537064,8,10,10,10
José Dodô ,ASSARÉ,PCC,-6.874480999999999,-39.87730503882,4,10,10,13
BOA FE - LIMOEIRO DO NORTE - TCP,LIMOEIRO DO NORTE,CV,-5.1272145,-38.0878860056412,8,10,10,10
Palmeiras 1,JANGURUSSU,CV,-3.8423405,-38.5234228272913,10,10,10,10
Comunidade da Mimosa,MARAPONGA,CV,-3.7955955,-38.5672456815289,10,10,10,10
Comunidade do Cemitério,SIQUEIRA,CV,-3.796811,-38.629975064003226,10,10,10,10
CABEÇA PRETA - LIMOEIRO DO NORTE - CV,LIMOEIRO DO NORTE,CV,-5.1609415,-38.02598157576867,4,10,14,18
Bairro do Cemitério ,AQUIRAZ,CV,-3.9019035,-38.38682034682081,8,10,10,10
Campos Belos,CARIDADE,CV,-4.095076000000001,-39.057916087449,8,10,11,20
SÃO JOÃO DO JAGUARIBE,SÃO JOÃO DO JAGUARIBE,CV,-5.2738755,-38.27250221696795,5,10,13,31
Curva da Viúva ,CIDADE NOVA,CV,-3.8414595,-38.563616475743245,10,10,10,10
6 Companheiros,BARRA DO CEARÁ,CV,-3.7079135,-38.57843421705793,10,10,10,10
Alto da Guaramiranga- Canindé,CANINDÉ,CV,-4.362146,-39.30550104086584,10,10,10,10
Palestina (Canindé),CANINDÉ,CV,-4.3712985,-39.30742110622131,10,10,11,17
Zuca,BARBALHA,CV,-7.319796500000001,-39.30312986565272,10,10,10,10
Comunidade Riacho Doce - Bonsucesso,BONSUCESSO,CV,-3.7768155,-38.5894528026126,10,10,10,10
Almofala,ITAREMA,CV,-2.939411,-39.8303099379581,7,10,11,11
Gongon ou Gonçalves Dias ,RODOLFO TEÓFILO,CV,-3.743148,-38.55415375936768,10,10,10,10
Mirador - Jurema,MARECHAL RONDON,CV,-3.7756375,-38.6217305348427,10,10,10,10
Dendê,EDSON QUEIROZ,CV,-3.773644,-38.46263604263566,10,10,10,10
Cidade de Reriutaba,RERIUTABA,CV,-4.13884,-40.57859254169662,2,10,13,19
Comunidade Bragança,GRANJA PORTUGAL,CV,-3.776453,-38.59648271836555,10,10,10,10
Morro das Placas - (Complexo do Vincent Pinzon),VICENTE PINZÓN,CV,-3.7319585,-38.4706763000394,10,10,10,10
Lagoa do Coração - Complexo do Vincent Pinzon,VICENTE PINZÓN,CV,-3.7294815,-38.46515836646341,10,10,10,10
Jabuti ,PEDRAS,CV,-3.9244625,-38.51501283494386,10,10,14,14
Favela do Urubu,CANINDEZINHO,CV,-3.805863,-38.60794882259364,10,10,10,10
Loteamento Jatobá,SIQUEIRA,CV,-3.807644,-38.62409119391486,10,10,10,10
Sem Terra,MARAPONGA,CV,-3.7967385,-38.57336387335893,8,10,10,10
LAGOA - JAGUARUANA,JAGUARUANA,CV,-4.8406905,-37.78080200622352,10,10,10,10
Comunidade do Buraco,SIQUEIRA,CV,-3.80496,-38.613376550392005,10,10,10,10
Caic,GRANJA LISBOA,CV,-3.781452,-38.61873332689972,10,10,10,10
SANTA LUZIA - LIMOEIRO DO NORTE,LIMOEIRO DO NORTE,CV,-5.138816,-38.092228461718754,8,10,10,10
Maré ,DOM LUSTOSA,CV,-3.747471,-38.58316502313883,10,10,10,10
Genibaú 1 ,GENIBAÚ,CV,-3.75486,-38.60370486274092,10,10,10,10
1° de Maio,SOBRAL,CV,-3.804102,-40.26732890929203,10,10,10,10
Araras,PIRES FERREIRA,CV,-4.1917955,-40.47765865963921,8,10,10,11
Cagece,ITAOCA,CV,-3.768768,-38.55635916481433,10,10,10,10
Fumaça - Pici,PICI,CV,-3.75467,-38.57919091676925,10,10,10,10
Alto,JUAZEIRO DO NORTE,CV,-7.2048365,-39.31381584221852,6,10,12,12
Urucutuba,URUCUTUBA,CV,-3.791226,-38.64536450191205,8,10,10,10
Comunidade Pôr do Sol,COAÇU,CV,-3.8500605,-38.47410337224714,8,10,10,10
Comunidade 1 de Abril,BOA VISTA/CASTELÃO,CV,-3.802487,-38.52482782377679,10,10,10,10
Milhã,MILHÃ,CV,-5.6786772,-39.19501415559712,9,10,12,22
Beco do Suvaco,DOM LUSTOSA,CV,-3.7535885,-38.58397116986755,4,10,10,10
Carandiru,PARQUE SOLEDADE,CV,-3.73539,-38.652118771367526,8,10,10,10
Acacias,IPARANA,CV,-3.6594225,-38.69132541065851,3,10,10,10
Comunidade do Cal,CAJAZEIRAS,CV,-3.809099,-38.51572857383746,8,10,10,10
Centro,CENTRO,CV,-4.09748,-38.49936888301988,10,10,10,10
Comunidade da Mata- João XXIII,JOÃO XXIII,CV,-3.767394,-38.59167499997474,8,10,10,10
Polígono 2042,MERUOCA,CV,-3.6812825,-40.35789534443957,7,10,10,10
Genibau 2 ,CONJUNTO CEARÁ I,CV,-3.7638275,-38.60059170651665,10,10,10,10
Buraco da Gia- Benfica,BENFICA,CV,-3.7368985,-38.53792724162827,6,10,10,10
Bom Jesus - Caucaia,PARQUE SOLEDADE,CV,-3.7169095,-38.68008528590465,10,10,10,10
Comunidade do Pombal,JACARECANGA,CV,-3.717135,-38.54893499494631,10,10,10,10
Ironete,JACARECANGA,CV,-3.718741,-38.549284825069975,10,10,10,10
Comunidade da Luxou,PRAIA DO FUTURO I,CV,-3.7420365,-38.45625280478813,10,10,10,10
Distrito de Torrões,ITAREMA,CV,-2.951813,-39.80165938609463,3,10,12,12
Morro da Embratel,PRAIA DO FUTURO II,CV,-3.7615815,-38.44621542995444,8,10,10,10
Favela Da Cagece,PARQUE SOLEDADE,CV,-3.7456815,-38.64866414174536,10,10,10,10
João Paulo II,IGUATU,CV,-6.3384655,-39.31560473286683,2,10,10,10
Morro do Galo,CRISTO REDENTOR,CV,-3.70488575,-38.56473942708803,10,10,10,10
Comunidade Final da Linha,SERRINHA,CV,-3.789046,-38.53744483200092,10,10,10,10
Rua do Gelo,EDSON QUEIROZ,CV,-3.7699815,-38.47205589966897,10,10,10,10
Itamaraty,PAUPINA,CV,-3.861397,-38.49286292458295,10,10,10,10
Favela de Baixo - Barroso ll,BARROSO,CV,-3.821199,-38.522229434962725,10,10,10,10
Pracinha,MARECHAL RONDON,CV,-3.777801,-38.618678237981385,10,10,10,10
Bairro 7 de Setembro,IGUATU,CV,-6.367235000000001,-39.30237473890237,10,10,10,10
Comunidade do Brejo,CURIÓ,MASSA,-3.8203625,-38.47290001604403,10,10,10,10
Almeida Rego,PARQUE IRACEMA,MASSA,-3.8141085,-38.49636535699588,10,10,10,10
Planalto Popular,PACAJUS,CV,-4.175608,-38.45520896548871,10,10,10,10
Jereissati Setor B - Maracanaú,MARACANAÚ,CV,-3.874906,-38.6135656270109,8,10,12,12
Comunidade da theberg (Complexo do Pirambu),CRISTO REDENTOR,CV,-3.70802,-38.56394965032269,10,10,10,10
Pintor Lemos,MERUOCA,MASSA,-3.6940325,-40.35714252647462,9,9,9,9
Parajuru ,FORTIM,MASSA,-4.38788,-37.859069385049736,0,9,13,13
Cidade de Massapê,MASSAPÊ,CV,-3.523683,-40.34173797068112,4,9,12,19
Bairro Tapeba,PARQUE SOLEDADE,CV,-3.728003,-38.70174486840087,7,9,9,9
Irajá- Quixadá,QUIXADA,CV,-4.97086,-39.00900012790698,5,9,9,9
CV,MERUOCA,CV,-3.6818945,-40.3475583851734,6,9,9,9
Bairro do Ginasio,TIANGUA,CV,-3.725501,-40.98633274230769,9,9,9,9
Cigana,PARQUE SOLEDADE,CV,-3.7409925,-38.66162428232759,9,9,9,9
Nova Metrópole I,URUCUTUBA,CV,-3.765475,-38.65441725734256,9,9,9,9
Bairro da Malvinas - Barbalha,JUAZEIRO DO NORTE,CV,-7.305433000000001,-39.27887736337983,7,9,9,9
Bairro Antonio Vieira,JUAZEIRO DO NORTE,CV,-7.222378,-39.33412238329136,6,9,9,9
Preá,JIJOCA DE JERICOACOARA,CV,-2.8217805,-40.40805330745264,4,9,11,11
Beco da Bomba - Sabiaguaba,SABIAGUABA,CV,-3.810127,-38.42740878566556,7,9,9,9
Cidade de Itaiçaba,ITAIÇABA,CV,-4.681476,-37.823155787538354,8,9,13,13
Mutirão ,JAGUARIBE,TCP/GDE,-5.886714,-38.6090350818582,8,9,9,9
Rosário ,MORADA NOVA,TCP/GDE,-5.1116565000000005,-38.37389625733785,9,9,9,9
LAGOA DO TOCO - RUSSAS - PCC,QUIXERE,PCC,-4.9239245,-37.97543353154624,9,9,9,9
Planalto Horizonte,HORIZONTE,CV,-4.109450000000001,-38.4832905660064,8,9,9,9
Alto Cristo,MERUOCA,CV,-3.6872725,-40.35932386165148,6,9,9,9
Vila Holanda,BOA VIAGEM,PCC,-5.1368565,-39.7373092168616,9,9,9,17
Paraíso Verde,SALINAS,CV,-3.7689865,-38.49704268619452,9,9,9,9
Sem Terra - Aquiraz ,AQUIRAZ,CV,-3.904631,-38.377993303245525,9,9,9,9
Cidade de Tururu,TURURU,CV,-3.600755,-39.43546777413762,8,9,12,25
Alto da alvorada - Mucunã ,MARACANAÚ,CV,-3.844607,-38.661673195606696,2,9,15,15
Mutirão ,JUAZEIRO DO NORTE,PCC,-7.235951999999999,-39.33963530750965,5,9,9,9
Itapebussu,MARANGUAPE,CV,-4.029199500000001,-38.92553186153829,3,9,11,11
Laje da Colônia ,CRISTO REDENTOR,CV,-3.706008,-38.56945544985152,9,9,9,9
Alto São Francisco,QUIXADA,CV,-4.9658455,-39.0025190148568,6,8,12,16
Carandiru,VILA UNIĂO,CV,-3.76337,-38.52919034070796,6,8,8,8
COMUNIDADE CAIXA DÁGUA,MANOEL SÁTIRO,CV,-3.7976865,-38.581553294166135,8,8,8,8
Ceasa,TIANGUA,TCP/GDE,-3.716393,-40.99832735073834,6,8,8,8
Comunidade Reino Encantado,ÁLVARO WEYNE,CV,-3.7186685,-38.56785518993654,8,8,8,8
Morro do Oitão Preto ou Moura brasil,MOURA BRASIL,CV,-3.7189005,-38.5372795478396,8,8,8,8
Caveca,PARQUE IRACEMA,MASSA,-3.816608,-38.50131848045977,8,8,8,8
Cruz das Almas,PACAJUS,CV,-4.166677,-38.45635646764106,6,8,8,8
Beco da Rocinha ,PARQUE IRACEMA,MASSA,-3.807772,-38.49614032124682,2,8,10,10
Areias II,IGUATU,CV,-6.3492835,-39.31129848413984,2,8,8,8
Alto de Santa Rita- Redenção,REDENÇÃO,CV,-4.221691,-38.73041709337875,8,8,8,10
Aerolândia,AEROLÂNDIA,CV,-3.7743735,-38.514299677311,8,8,8,8
Mangueirinha,CURIÓ,MASSA,-3.8235105,-38.4762269499836,8,8,8,8
Comunidade do Multirão- Paranguaba,PARANGABA,CV,-3.778555,-38.57594556502242,6,8,8,8
Pracinha- Piedade,JOAQUIM TÁVORA,CV,-3.7462385,-38.51821411717216,8,8,8,8
Vila Xexeu,PINDORETAMA,CV,-4.130992,-38.25102572791065,8,8,8,8
Rocinha,EDSON QUEIROZ,CV,-3.7764055,-38.47603391739528,0,8,8,8
Primavera,CAUCAIA,CV,-3.7117185,-38.82556285559453,8,8,9,11
Área Verde,PARQUE ALBANO,CV,-3.7561115,-38.61021840230728,8,8,8,8
Beco da Saudade,BOM JARDIM,CV,-3.797102,-38.59941574347826,8,8,8,8
Irauçuba,IRAUÇUBA,CV,-3.7505045,-39.78109696402983,5,8,13,20
Santa Fé,PARQUE SOLEDADE,CV,-3.705271,-38.66748610053763,4,8,8,8
Parque Das Nações ,PARQUE DAS NAÇÕES,CV,-3.7440645,-38.60799204595581,8,8,8,8
CIDADE ALTA - LIMOEIRO DO NORTE,LIMOEIRO DO NORTE,CV,-5.1505315,-38.13947503479308,6,8,9,9
Santa Luzia,SALITRE,CV,-7.077426,-40.37585993584071,7,8,8,8
Novo Crato,CRATO,CV,-7.2360935,-39.42447541424039,7,8,8,8
Favela do Rato ou Rua Luís Fabianl,CANINDÉ,CV,-4.360678500000001,-39.32286902274591,8,8,8,8
Caixa D’água ,LAGOA REDONDA,CV,-3.8311375,-38.46553716684948,8,8,8,8
Beco do Boi,PASSARÉ,CV,-3.8233495,-38.533404525813694,6,8,8,8
Cidade de Acarape,ACARAPE,CV,-4.2199635,-38.70394809856376,2,8,10,19
Mutirão ,PARQUE DOIS IRMĂOS,CV,-3.8117215,-38.556195351902176,8,8,8,8
Rua Larga,FARIAS BRITO,CV,-3.729118,-38.54338224832215,8,8,8,8
Pico da Esperança ,SOBRAL,CV,-3.808454,-40.2666490390625,8,8,8,8
Jabuti - Eusébio ,PEDRAS,CV,-3.9294195,-38.50409998534511,5,8,8,8
Papoco- Montese,ITAOCA,CV,-3.7704995,-38.55885393164933,8,8,8,8
Bairro Ellery,ELLERY,CV,-3.7216025,-38.56292497046123,8,8,8,8
Vilinha B2,PASSARÉ,CV,-3.80967,-38.52623559452202,4,8,8,8
Planalto Caucaia,PARQUE SOLEDADE,CV,-3.743526,-38.66667115788462,8,8,8,8
11 De Novembro,LAGOA REDONDA,CV,-3.828773,-38.46478618793887,8,8,8,8
Favela Do Pó,LAGOA REDONDA,CV,-3.8272685,-38.46303159514332,8,8,8,8
Beco do Jucá,EDSON QUEIROZ,CV,-3.7700975,-38.47348800444356,8,8,8,8
Vila Cazé,PARQUE SOLEDADE,CV,-3.7361775,-38.665184123563336,8,8,8,8
Choró,CHORÓ,CV,-4.845154,-39.135427809555566,7,8,12,23
Guajiru,IPARANA,CV,-3.7007845,-38.64464091028162,8,8,8,8
Conjunto Ceará,CONJUNTO CEARÁ II,CV,-3.7708485,-38.60550079009525,6,8,8,8
Comunidade João XXIII,JOÃO XXIII,CV,-3.7727585,-38.58459347751392,6,8,8,8
Distrito de Serrota,APUIARÉS,CV,-3.85867,-39.3386060571321,8,8,9,13
Comunidade da Senzala,CAIS DO PORTO,CV,-3.717078,-38.46406524085274,8,8,8,8
Cidade de Catunda,CATUNDA,CV,-4.6491105,-40.199265222473606,6,8,8,11
Pedras,PEDRAS,CV,-3.8843175,-38.5077171820208,2,8,8,8
Proafa - Complexo Do Vicente Pizon ,VICENTE PINZÓN,CV,-3.7238475,-38.46800700953999,8,8,8,8
Encantada,COAÇU,CV,-3.8505945,-38.45307104429304,4,8,8,8
Comunidade do Titanzinho,CAIS DO PORTO,CV,-3.712448,-38.465820871428576,8,8,8,8
Pacheco,IPARANA,CV,-3.6903235,-38.63837649834336,2,8,8,8
São Francisco - Trairí ,TRAIRI,CV,-3.2849935,-39.26447287363391,7,8,8,8
Jurema,MARECHAL RONDON,CV,-3.7724155,-38.62037484704124,8,8,8,8
CR,GRANJA LISBOA,CV,-3.7862825,-38.62940749888722,6,8,8,8
Bulandeira ,BATURITÉ,CV,-4.378724500000001,-38.815426616633175,8,8,14,16
Socorro,JUAZEIRO DO NORTE,CV,-7.2039135000000005,-39.32303248665326,6,8,8,8
Favela Do Gás ,CANINDÉ,CV,-4.3622245,-39.31013540793056,8,8,8,8
CPP - COMUNIDADE COMANDO DOS PIVETES PIRADOS OU HIPERCRÉDITO,PARQUE SĂO JOSÉ,CV,-3.79834565,-38.58565136850986,8,8,8,8
GH (Marechal Rondon),MARECHAL RONDON,CV,-3.7751745,-38.6254296689847,8,8,8,8
Comunidade dos Indios - Passaré,SERRINHA,CV,-3.7924705,-38.539893866362505,2,8,8,8
Comunidade Do TA,JOÃO XXIII,CV,-3.7715465,-38.59686671883289,6,8,8,8
Comunidade do S,PAUPINA,CV,-3.8678135,-38.49431537195903,8,8,8,8
Favela Do Japão ,PRAIA DE IRACEMA,CV,-3.7252385,-38.51104754648014,6,8,8,8
Alto Da Paz (Complexo do Vicente Pinzon),VICENTE PINZÓN,CV,-3.723533,-38.4718124390554,8,8,8,8
Morro Do Farol - Complexo Do Vicente Pizon,VICENTE PINZÓN,CV,-3.726578,-38.47272679937058,8,8,8,8
Comunidade dos Canos - (Complexo do Vincent Pinzon),MUCURIPE,CV,-3.7271425,-38.47837365042194,8,8,8,8
Canal da Mancha,JARDIM AMÉRICA,CV,-3.748972,-38.543375232689485,8,8,8,8
Comunidade Mutirão,GRANJA LISBOA,CV,-3.7962815,-38.61430638067171,8,8,8,8
30 de Abril,BOA VISTA/CASTELÃO,CV,-3.8015315,-38.5219529748739,8,8,8,8
Rua do Arame,TIANGUA,PCC,-3.730878,-41.00611513215031,8,8,8,8
Baixa da Raposa,JUAZEIRO DO NORTE,PCC,-7.260709999999999,-39.33485335313878,4,8,11,12
Lameiro,CRATO,PCC,-7.2533395,-39.450745005763096,4,8,9,9
COMUNIDADE BACIA SECA,MANOEL SÁTIRO,CV,-3.7984503,-38.581959712694825,8,8,8,8
Comunidade da GDD,NOVO MONDUBIM,CV,-3.8047615,-38.58509213038308,8,8,8,8
Canal da Jurema,MARECHAL RONDON,CV,-3.7758845,-38.62448961531365,8,8,8,8
Comunidade do gato morto - Sobral,MERUOCA,CV,-3.67426,-40.37499016380839,8,8,8,8
Bairro do Cruzeiro ,ITAPAJÉ,PCC,-3.687416,-39.58837214243724,6,8,8,8
Comunidade Caramuru,SERRINHA,CV,-3.7921475,-38.5433049161567,8,8,8,8
Guanaces,PINDORETAMA,CV,-4.146576,-38.32874297699914,8,8,10,13
Buraco da Gia,GUAIÚBA,CV,-4.040748,-38.638366156152685,8,8,8,8
Alto Santo Antônio ,GUAIÚBA,CV,-4.048225,-38.634179488992686,8,8,9,11
Canal Leste da Sapiranga,SAPIRANGA / COITÉ,CV,-3.7932965,-38.45930246484375,8,8,8,8
Conjunto Lino SIlveira,MARECHAL RONDON,PCC,-3.770457,-38.63976068701624,8,8,8,8
Comunidade Do Real - São Cristóvão ,BARROSO,CV,-3.8310105,-38.52644777262253,8,8,8,8
Alto Alegre ,PAUPINA,CV,-3.8583105,-38.487621785138415,8,8,8,8
Cidade de Farias Brito,ALTANEIRA,CV,-6.9282475,-39.5717895,7,8,8,17
Porteiras ,PORTEIRAS,PCC,-7.5340055,-39.11549744480736,6,8,8,9
Irapuan Ribeiro,DEPUTADO IRAPUAN PINHEIRO,PCC,-5.9181740000000005,-39.26721206234097,6,8,9,17
Conjunto ,CRATEÚS,CV,-5.1719335,-40.67918133360656,8,8,8,9
Favela da H.R,CONJUNTO ESPERANÇA,CV,-3.8143045,-38.59210920404722,8,8,8,8
Mossoró,PIRAMBU,CV,-3.7129695,-38.552950402010055,8,8,8,8
Beco da Praça,FÁTIMA,CV,-3.7468625,-38.52640460082504,6,8,8,8
Lavras da Mangabeira,LAVRAS DA MANGABEIRA,PCC,-6.7521255,-38.96489525815976,6,8,10,15
Parque Presidente Vargas,PARQUE PRESIDENTE VARGAS,CV,-3.826081,-38.59658403717216,8,8,8,8
Comunidade Língua da Cobra,BARRA DO CEARÁ,CV,-3.696349,-38.58000551470589,8,8,8,8
Polo - Tancredo Neves ,JARDIM DAS OLIVEIRAS,CV,-3.7839905,-38.51002246489499,8,8,8,8
Zeza,JARDIM DAS OLIVEIRAS,CV,-3.7814075,-38.503915534152185,8,8,8,8
Calcadão ,PARQUE DAS NAÇÕES,CV,-3.7493625,-38.603745648961535,8,8,8,8
Parque Santa Rosa (Apolo XI),PARQUE SANTA ROSA,CV,-3.820215,-38.59507936319133,8,8,8,8
Guabiraba,MARACANAÚ,CV,-3.894955,-38.68854775287402,7,8,8,8
Polígono 1245,PARACURU,CV,-3.4437299,-39.00688400231567,4,8,16,22
Conjunto Miguel Arraes,SIQUEIRA,CV,-3.802272,-38.62034594601367,8,8,8,8
Verdes Mares,PAPICU,CV,-3.737023,-38.47761936541925,8,8,8,8
Comunidade da Tieta,MONTESE,CV,-3.768346,-38.54780547833577,8,8,8,8
Canal,SIQUEIRA,CV,-3.7991715,-38.61243961145251,8,8,8,8
Abreulandia,CARARU,CV,-3.8118965,-38.41225664053193,4,8,8,8
Paraíso Verde,SIQUEIRA,CV,-3.8102475,-38.620336733060746,8,8,8,8
Campo do Velho,CRATEÚS,CV,-5.1939505,-40.67179852617153,8,8,8,8
Quinzinho,ITAITINGA,CV,-3.9510335,-38.49265782407012,6,8,8,8
Sem Terra- João XXIII,JÓQUEI CLUBE,CV,-3.767887,-38.57647823984772,6,8,8,8
Toco- Caucaia,URUCUTUBA,CV,-3.7822485,-38.67323115137095,4,8,10,10
Planalto Vitória ,ALTO ALEGRE II,CV,-3.8224895,-38.60897098964101,8,8,8,8
Carrapicho- Caucaia,URUCUTUBA,CV,-3.782721,-38.68553112837573,6,8,8,11
Pantanal,CRATO,CV,-7.244381499999999,-39.41728787842558,6,8,8,8
Mundaú ,TRAIRI,CV,-3.181831,-39.37278054177592,7,8,9,9
Condomínio da Palmeirinha ,MARACANAÚ,CV,-3.882551,-38.66969881400652,6,8,8,8
RDP,GUAJERU,CV,-3.828634,-38.48030036716843,8,8,8,8
Beco da Merda,CRISTO REDENTOR,CV,-3.7100225,-38.5605932706368,8,8,8,8
Beco do Edson,GRANJA LISBOA,CV,-3.7867025,-38.60917582788018,8,8,8,8
Comunidade da Areninha- Barroso,BARROSO,CV,-3.8234365,-38.50922476106194,8,8,8,8
Praça,TIANGUA,CV,-3.730046,-40.98831768851133,5,8,8,8
Beco dos pintos,FARIAS BRITO,CV,-3.735445,-38.54120655936278,8,8,8,8
Riacho Doce- Sapiranga,PARQUE MANIBURA,CV,-3.795131,-38.4792610690709,8,8,8,8
Vila Neuma,IGUATU,CV,-6.3710665,-39.29007055897103,8,8,8,8
Muriçoca - Quintino Cunha,QUINTINO CUNHA,CV,-3.736094,-38.60028151802031,8,8,8,8
Beco Do Caranguejo ,PRAIA DO FUTURO II,CV,-3.767783,-38.4397000729984,8,8,8,8
Morro do Galo,HORIZONTE,CV,-4.097088,-38.492793683134366,8,8,8,8
Favela da Invasão ,DIF III,CV,-3.8438595,-38.560144776262966,6,8,8,8
Comunidade do Canal - Vila Velha,VILA VELHA,CV,-3.7153975,-38.60390799312019,8,8,8,8
Carnaúba - Itapajé ,ITAPAJÉ,CV,-3.678667,-39.58463476278933,7,8,8,9
CNE,GUAJERU,CV,-3.833114,-38.47982123419719,8,8,8,8
Parque Leblon,PARQUE LEBLON,CV,-3.6976225,-38.59685029306153,8,8,8,8
Beco da Pompeia,BARRA DO CEARÁ,CV,-3.7024795,-38.57933847936383,8,8,8,8
Boa Fé,PINDORETAMA,CV,-4.1249125,-38.25372314193813,5,8,8,8
Favela da Mangueira,GRANJA LISBOA,CV,-3.784897,-38.6124799568708,8,8,8,8
Rafael Arruda,MUCAMBO,PCC,-3.838184,-40.66830602485839,8,8,8,9
Jardim União - Complexo Da Rosalina ,PASSARÉ,CV,-3.8145225,-38.53871300093228,8,8,8,8
Planalto Benjamin,MARACANAÚ,CV,-3.8943695,-38.61849751531851,8,8,8,8
Ilha,MARACANAÚ,CV,-3.881023,-38.66759275154428,8,8,8,8
Vila Society ,BARROSO,CV,-3.812763,-38.51311915932766,8,8,8,8
Labirinto - Caça e Pesca ,PRAIA DO FUTURO II,CV,-3.76903,-38.44189923077774,8,8,8,8
Favela da Caverninha ,GRANJA PORTUGAL,CV,-3.782102,-38.595381426644266,8,8,8,8
Parronca,GUAIÚBA,CV,-4.1133405,-38.65152579429039,8,8,10,13
Diadema 2,HORIZONTE,CV,-4.0955595,-38.48478552718964,8,8,8,8
Zumbi,HORIZONTE,CV,-4.098656,-38.48462875192333,6,8,8,8
Beco Dos Potiguaras,PRAIA DE IRACEMA,CV,-3.719901,-38.517673408823526,4,8,8,8
Bairro Pedrinhas,MERUOCA,CV,-3.68691,-40.34107475744609,7,8,9,9
Iguapé,AQUIRAZ,CV,-3.9429795,-38.29332024501812,6,8,8,8
Cidade De Jardim,JARDIM,TCP/GDE,-7.586609,-39.27766687249931,2,8,10,11
Comunidade do Alfavila,OLAVO OLIVEIRA,CV,-3.7312815,-38.58596338962022,8,8,8,8
Santa Luzia,PEDRAS,CV,-3.8892605,-38.50987151449276,6,8,10,10
Paraíso - Caririaçu ,CARIRIAÇU,TCP/GDE,-7.044968,-39.2854336512605,8,8,8,8
MIRAIMA,MIRAIMA,PCC,-3.5700218,-39.96374999348186,4,8,10,10
São Miguel,SÃO MIGUEL,CV,-3.823783,-38.47246106717967,8,8,8,8
Conj. Tia Joana ,BOM JARDIM,CV,-3.8001925,-38.603127782407405,8,8,8,8
Pajeú,PACAJUS,CV,-4.1882815,-38.45565962080548,2,8,8,8
Invasão ,PICI,CV,-3.7475915,-38.56962481376519,2,8,8,8
Comunidade do Tremzinho,BOM FUTURO,CV,-3.7588755,-38.547886652980594,6,8,8,8
Condomínios,PACAJUS,CV,-4.1803345,-38.47348850516944,8,8,8,8
Comandinho ,ÁLVARO WEYNE,CV,-3.7110715,-38.57455848440213,8,8,8,8
Vila Nascimento,HORIZONTE,CV,-4.103975,-38.49684334917356,8,8,8,8
Queimados,HORIZONTE,CV,-4.1327435,-38.50041018877717,8,8,8,8
Comunidade do Inferninho,QUINTINO CUNHA,CV,-3.721459,-38.59978372558387,8,8,8,8
Pirambu (Complexo do Pirambu),CRISTO REDENTOR,CV,-3.709074,-38.55978256747309,8,8,8,8
Gesso- Crato,CRATO,CV,-7.2317415,-39.40418418932322,7,8,8,8
Polígono 1496,IRACEMA,TCP/GDE,-5.812189500000001,-38.302071047750815,8,8,8,8
Comunidade da Cagece,TABAPUÁ,CV,-3.7363585,-38.60962052771494,8,8,8,8
Comunidade do Pantanal ,BOM JARDIM,CV,-3.7956645,-38.60471504130656,8,8,8,8
João Paulo ll ,BARROSO,CV,-3.8252175,-38.52069928028223,8,8,8,8
Borel - João Paulo ll ,BARROSO,CV,-3.824327,-38.515997942769935,8,8,8,8
CP - João Paulo ll,BARROSO,CV,-3.824778,-38.518745989845215,8,8,8,8
Campo de Aviação ,MORADA NOVA,TCP/GDE,-5.0955425000000005,-38.36926789882605,5,7,8,8
Prado - Cedro,CEDRO,TCP/GDE,-6.6034965,-39.0570325052494,7,7,7,7
Palestina - Caririaçu,CARIRIAÇU,TCP/GDE,-7.033496,-39.27789312444895,5,7,7,7
Nova Aldeota ,ITAPIPOCA,PCC,-3.4831385,-39.56939781740027,3,7,7,7
São Francisco ,BREJO SANTO,PCC,-7.4938685,-38.98092018619767,6,7,7,7
Telha,AQUIRAZ,CV,-3.9637475,-38.46919686848437,4,7,7,8
Cidade de Uruoca,SENADOR SÁ,CV,-3.3136395,-40.559527433199776,7,7,7,8
Cidade de Martinópole,MARTINÓPOLE,CV,-3.2254025,-40.695194287234045,2,7,7,8
Polígono 2250,ITAREMA,CV,-2.9420595,-39.9076479016728,7,7,7,7
Pau Ferrado,ITAPAJÉ,CV,-3.6774085,-39.59668254215977,6,7,7,19
Comunidade Pimentel,BARROSO,CV,-3.8320565,-38.51660933582565,7,7,7,7
Quadras,DIONÍSIO TORRES,CV,-3.7448675,-38.49683861414064,7,7,7,7
Bairro Arariranha- Varjota,PIRES FERREIRA,CV,-4.2022825,-40.464213780172415,6,7,8,8
Santa Inês,PENTECOSTE,PCC,-3.7851885,-39.26248334964854,5,7,8,12
Icapuí,ICAPUÍ,CV,-4.717347500000001,-37.35182554749165,1,7,7,7
Catuana,CAUCAIA,CV,-3.686981,-38.91341209129625,5,7,11,14
Oiticia ,ITAITINGA,CV,-3.964589,-38.508376389314925,2,7,9,9
Baixa Grande,EUSÉBIO,CV,-3.930251,-38.45586286640538,1,7,7,7
Polígono 662,PARACURU,CV,-3.41119895,-39.03136368408872,7,7,7,7
Rua do Bueiro,MERUOCA,CV,-3.693987,-40.35998360070323,7,7,7,7
Pedreira,SÃO LUÍS DO CURU,CV,-3.7861365,-39.271247593836726,7,7,7,11
Comunidade da Vacaria - Araturi,MARECHAL RONDON,PCC,-3.768464,-38.6413891054365,7,7,7,7
Cidade Nova- Tauá,TAUÁ,PCC,-5.9964695,-40.29155289689514,4,7,7,7
LUIS ALVES DE FREITAS - LIMOEIRO DO NORTE - CV,LIMOEIRO DO NORTE,CV,-5.134498,-38.09638899700076,5,7,7,7
Missi,MIRAÍMA,CV,-3.6218165,-39.819819339408,6,7,7,22
MORRO BRANCO,MISSÃO VELHA,CV,-7.31749665,-39.25090430953183,6,7,7,9
CONDOMÍNIO SÃO PAULO E SÃO PEDRO,IPARANA,CV,-3.68839,-38.66055708552152,5,7,7,7
Altamira,CRATEÚS,CV,-5.1756765,-40.67416757422508,2,7,7,7
Santa Luzia ,CANINDÉ,CV,-4.3560485,-39.31540062855543,7,7,7,7
Alto do Moinho,CANINDÉ,CV,-4.363944500000001,-39.30717734811629,7,7,7,7
Mangue Seco,JIJOCA DE JERICOACOARA,CV,-2.843005,-40.55660370766222,4,7,7,8
Cajueiro,ARACATI,CV,-4.591009,-37.738963407659575,6,7,7,7
Bertolândia,JUAZEIRO DO NORTE,CV,-7.2314405,-39.2824009227817,2,7,8,8
Coité Pedreira,CAUCAIA,CV,-3.745641,-38.74446321189545,6,7,8,8
Moitas,ITAREMA,CV,-3.007436,-39.69112538499551,0,7,8,10
Loteamento Osório de Paiva,SIQUEIRA,CV,-3.8262885,-38.63021138873873,7,7,7,7
Tianguazinho,TIANGUA,CV,-3.7229435,-40.98182077894289,7,7,7,7
Putiú- Quixadá,QUIXADA,CV,-4.980758,-39.01787042311469,7,7,7,7
Salesianos,JUAZEIRO DO NORTE,CV,-7.21001,-39.32529692926609,3,7,7,7
Guriú - Camocim,JIJOCA DE JERICOACOARA,CV,-2.8502635,-40.59299396202157,6,7,7,13
Bulandeira - Barbalha,JUAZEIRO DO NORTE,CV,-7.2909495,-39.31221800861352,3,7,7,7
Perseguidas - Acaraú ,ACARAÚ,CV,-2.8959055,-40.12089261279754,5,7,9,9
Conjunto Nova Esperança ,PARACURU,CV,-3.415432,-39.04113394971949,6,7,7,7
Canal,RODOLFO TEÓFILO,CV,-3.7438705,-38.54742457377049,7,7,7,7
Marinheiros,TRAIRI,CV,-3.1692629,-39.47611856688587,4,7,9,19
Planalto Cidade Nova,PLANALTO AYRTON SENNA,CV,-3.8371245,-38.57879912993618,7,7,7,7
Morro do Macaco,PACATUBA,CV,-3.958423,-38.69812482456141,7,7,7,9
Vila da volta - Aracati,FORTIM,TCP/GDE,-4.536895,-37.79003113668556,4,7,7,8
Cidade de Bela Cruz ,ACARAU,CV,-3.059576,-40.1714791455718,3,7,9,16
Favelinha- Aerolândia,AEROLÂNDIA,CV,-3.7775145,-38.51426623578887,7,7,7,7
Felipe Camarão (Complexo do Pirambu),PIRAMBU,CV,-3.710334,-38.55413709444905,7,7,7,7
Roldão ,MORADA NOVA,TCP/GDE,-5.2398735,-38.48917377811727,6,7,7,12
Canal - Rabo da gata,ELLERY,CV,-3.7232095,-38.55908382700743,6,6,6,6
Favelinha (Comunidade Izabel),CRISTO REDENTOR,CV,-3.7062425,-38.55918049321113,6,6,6,6
Comunidade do Caldeirão (Complexo do Pirambu),PIRAMBU,CV,-3.710021,-38.55164647811816,6,6,6,6
Comunidade Grafiteiros,BARRA DO CEARÁ,CV,-3.710839,-38.58038893014142,6,6,6,6
Comunidade do Gato Morto,BARRA DO CEARÁ,CV,-3.7065845,-38.5887955334596,6,6,6,6
Comunidade Tocantins,AUTRAN NUNES,CV,-3.7585925,-38.5957377581786,6,6,6,6
2.V,VILA VELHA,CV,-3.7175995,-38.60733660628019,6,6,6,6
Rua da Paz (Complexo do Pirambu),PIRAMBU,CV,-3.7121295,-38.55110915972492,6,6,6,6
Conjunto Cidade de Deus ou CDD,BARRA DO CEARÁ,CV,-3.711478,-38.577656105452384,6,6,6,6
Buenos Aires II,HORIZONTE,CV,-4.0978460000000005,-38.50685747361733,6,6,6,6
Catolé,HORIZONTE,CV,-4.075209,-38.50955086124229,0,6,12,12
Cidade de Morrinhos,MORRINHOS,CV,-3.2307275,-40.1204569127907,0,6,7,16
Vila Inês,JARDIM IRACEMA,CV,-3.7270115,-38.58016712099339,6,6,6,6
Zezinho da costa - Várzea alegre,VÁRZEA ALEGRE,TCP/GDE,-6.792827000000001,-39.29689914272544,6,6,6,6
Vila Peri - Várzea alegre,VÁRZEA ALEGRE,TCP/GDE,-6.7937425000000005,-39.307779368834616,6,6,8,8
Mondego,BATURITE,TCP/GDE,-4.320202,-38.883659683333335,6,6,6,6
Parque Genezare,ITAITINGA,CV,-3.978349,-38.53817377507161,6,6,6,6
Favela do Balão - Boa Vista,GUADALAJARA,CV,-3.760037,-38.61397351352875,6,6,6,6
Bairro do Salgado,SÃO LUÍS DO CURU,CV,-3.675915,-39.2384290525675,4,6,6,6
Beira Rio,IRACEMA,TCP/GDE,-5.807459,-38.31116221111735,6,6,6,9
Vila Bezerra,MORADA NOVA,TCP/GDE,-5.0963745,-38.37282495298628,5,6,6,6
Girilândia,MORADA NOVA,TCP/GDE,-5.1048735,-38.38082352152162,5,6,6,6
Cidade De Jati,JATI,TCP/GDE,-7.689069,-39.00502259708122,6,6,6,15
Cidade de Palmácias,PALMÁCIA,CV,-4.147291,-38.84889892929293,2,6,6,20
Alto do Bode,AUTRAN NUNES,CV,-3.753444,-38.5962852423611,6,6,6,6
Buenos Aires I,HORIZONTE,CV,-4.108301,-38.50643820635264,6,6,6,6
Comunidade do São Pedro - Aracape,ARACAPÉ,CV,-3.8283715,-38.585552801136366,6,6,6,6
Comunidade do Bandeirantes - Conjunto Esperança,CONJUNTO ESPERANÇA,CV,-3.813789,-38.5952337154195,6,6,6,6
Conj. Siqueira ,CANINDEZINHO,CV,-3.813316,-38.59904759421365,6,6,6,6
Rua do Catole ,JARDIM DAS OLIVEIRAS,CV,-3.7845775,-38.50493069204718,6,6,6,6
Brooklyn ,SALINAS,CV,-3.7696375,-38.49823283096089,6,6,6,6
Favela do Seu Geraldo,JANGURUSSU,CV,-3.844035,-38.5091806344086,6,6,6,6
Invasão ,CANINDEZINHO,CV,-3.808082,-38.6107440074392,6,6,6,6
GM,PRESIDENTE KENNEDY,CV,-3.730473,-38.56523295399736,2,6,6,6
CAMPO ,SÃO BENTO,CV,-3.850747,-38.48463752596538,6,6,6,6
Favela Do NB ,PRAIA DO FUTURO I,CV,-3.7330565,-38.45977123674405,6,6,6,6
Salgadeira - Jardim América,JARDIM AMÉRICA,CV,-3.754038,-38.5388013229958,6,6,6,6
Favela dos Pirineus,MONDUBIM,CV,-3.820546,-38.57637195238095,6,6,6,6
Camberrinha,NOVO MONDUBIM,CV,-3.809952,-38.58678954377859,6,6,6,6
Campo do Botafogo,SÃO MIGUEL,CV,-3.747213,-38.60303598447645,6,6,6,6
Jari,SIQUEIRA,CV,-3.82079,-38.624422903953615,6,6,6,6
Favela da Gv,PARQUE SĂO JOSÉ,CV,-3.80244,-38.59068917825224,6,6,6,6
Comunidade Vertical,PARQUE SĂO JOSÉ,CV,-3.8040865,-38.59236823866348,6,6,6,6
Cidade Alta,ELLERY,CV,-3.719333,-38.5598730507752,6,6,6,6
Beira Rio - Conj. Palmeiras I,CONJUNTO PALMEIRAS,CV,-3.842482,-38.530646870260014,6,6,6,6
São Francisco,BATURITE,CV,-4.336657000000001,-38.88819171803978,4,6,8,8
Bairro da Manga,BATURITE,CV,-4.340898,-38.87125664413057,6,6,6,6
Areias,BATURITE,CV,-4.323727,-38.86071357005787,4,6,6,6
Palmatória ,ITAPIÚNA,CV,-4.524122,-39.00555984118581,6,6,6,14
Vila dos Operários,PARQUELÂNDIA,CV,-3.739009,-38.55827456890674,6,6,6,6
Conjunto Ceará I,CONJUNTO CEARÁ I,CV,-3.7616865,-38.60836059715923,6,6,6,6
Conjunto Ceará II,CONJUNTO CEARÁ II,CV,-3.77051,-38.61579657532102,4,6,6,6
Parque Guadalajara,GUADALAJARA,CV,-3.7631425,-38.62174492984909,6,6,6,6
Comunidade Rua 1,FLORESTA,CV,-3.7192185,-38.57763283871889,6,6,6,6
Centro De Monsenhor Tabosa ,MONSENHOR TABOSA,CV,-4.791156,-40.06449335370071,6,6,6,6
Palmeiras1,CONJUNTO PALMEIRAS,CV,-3.8434995,-38.52511695394736,6,6,6,6
JUCÁS - Buraco da Gia,JUCÁS,CV,-6.519747,-39.523729859741785,6,6,6,7
Quadra 14 - Cidade Jardim ll,DIF III,CV,-3.8477155,-38.55206935389133,6,6,6,6
Residencial Maria Alves Carioca,GRANJA LISBOA,CV,-3.783119,-38.61596789195583,6,6,6,6
Rio Novo,PINDORETAMA,CV,-4.1341055,-38.24429452356307,5,6,6,6
Conjunto Rosa Luxemburgo,SÃO BENTO,CV,-3.8575325,-38.48388619702099,6,6,6,6
Alto do Rosário- Barbalha,BARBALHA,CV,-7.315147,-39.30693059275242,6,6,6,6
São José,JUAZEIRO DO NORTE,CV,-7.231138,-39.34885709481189,3,6,6,6
Rua da Palha- Quixadá,QUIXADA,CV,-4.9835675,-39.0127105714693,6,6,8,8
Herval- Quixadá,QUIXADA,CV,-4.965663,-39.01724453296704,4,6,7,7
Vila Peri,VILA PERI,CV,-3.784549,-38.57532977626988,6,6,6,6
Lagoa Do Urubu - Álvaro Weyne,FLORESTA,CV,-3.7207535,-38.574421210798135,6,6,6,6
Castanhola,JARDIM DAS OLIVEIRAS,CV,-3.7871075,-38.50889735344509,6,6,6,6
Distrito de Rasteira,FORQUILHA,CV,-3.85784,-40.23221682139853,4,6,10,10
PARANÁ,IGUATU,CV,-6.34960955,-39.29924653560758,4,6,6,7
Deserto,TURURU,CV,-3.5119955,-39.49297332457611,5,6,7,21
BRASÍLIA,IGUATU,CV,-6.3529496000000005,-39.29933270005682,6,6,6,6
QUIXELÔ,QUIXELÔ,CV,-6.252388,-39.19921163043479,6,6,6,14
ALTO DO JUCÁ,IGUATU,CV,-6.37458245,-39.29618205646307,6,6,6,6
JARDIM OASIS,IGUATU,CV,-6.3572905,-39.31235272729344,6,6,6,6
Sol Nascente - Aquiraz,AQUIRAZ,CV,-3.9162125,-38.37714590827397,4,6,7,7
Venâncio ,CRATEÚS,CV,-5.1801390000000005,-40.65621389198896,5,6,6,6
Sem Terra,JARDIM IRACEMA,CV,-3.7159965,-38.58468586979083,6,6,6,6
Complexo da Areninha,AUTRAN NUNES,CV,-3.751535,-38.60084699049847,6,6,6,6
São José - Quixada ,QUIXADA,CV,-4.956569,-39.02926723470944,3,6,6,6
Lagoa Seca de Maraponga,MARAPONGA,CV,-3.788805,-38.56197244024045,2,6,6,6
Vila Nova - Parangaba,PARANGABA,CV,-3.779173,-38.565800720244425,6,6,6,6
Tirol ,CARLITO PAMPLONA,CV,-3.714997,-38.55320732149999,6,6,6,6
Parque Iracema,PARQUE IRACEMA,CV,-3.9028095,-38.67700362018756,4,6,8,8
Croata I,PACAJUS,CV,-4.167022,-38.45304483726433,6,6,7,7
Sinhá Saboia,SOBRAL,CV,-3.7067535,-40.33444980325609,6,6,6,6
Coxinha,MERUOCA,CV,-3.6778145,-40.37642767948135,6,6,6,8
Carandiru (Alto do Bode),AUTRAN NUNES,CV,-3.7572765,-38.594097862257854,6,6,6,6
Comunidade Inferninho,CANINDEZINHO,CV,-3.811121,-38.60422462396397,6,6,6,6
Sem Terra - Guaiuba,GUAIÚBA,CV,-4.046153,-38.63155653847048,6,6,6,6
Vila das Flores,MARACANAÚ,CV,-3.8960955,-38.62152429908679,4,6,6,6
Conj. Novo Modumbi ,NOVO MONDUBIM,CV,-3.8087615,-38.58772168486766,6,6,6,6
Barreiros - Planalto Ayrton Senna ,PLANALTO AYRTON SENNA,CV,-3.8359235,-38.571991058758925,6,6,6,6
Baixada - Complexo Da Rosalina,PARQUE DOIS IRMĂOS,CV,-3.8134565,-38.54421945851709,6,6,6,6
Palestina - Presidente Vargas,PARQUE PRESIDENTE VARGAS,CV,-3.8263405,-38.601796803344605,4,6,6,6
Campo Do Baleia - Barroso ll,PASSARÉ,CV,-3.8211855,-38.52538533154006,6,6,6,6
Novo Barroso,PASSARÉ,CV,-3.8162895,-38.52848398352734,6,6,6,6
Mutirão ,PINDORETAMA,CV,-4.13666,-38.24899988085852,5,6,6,6
Baú - Guaiuba ,GUAIÚBA,CV,-4.1234465,-38.66190165128755,6,6,6,10
Favela Do Abc,LAGOA REDONDA,CV,-3.822155,-38.46619734003892,6,6,6,6
GS,EDSON QUEIROZ,CV,-3.7718895,-38.47336977971845,6,6,6,6
Rua da Feira,EDSON QUEIROZ,CV,-3.773135,-38.47268845787234,6,6,6,6
Nova Cigana,PARQUE SOLEDADE,CV,-3.7464685,-38.65803610251798,6,6,6,6
Tabuba,IPARANA,CV,-3.6482865,-38.70060571386245,4,6,6,6
Residencial Nossa Senhora das Dores - Juazeiro do norte,JUAZEIRO DO NORTE,CV,-7.2237455,-39.276844787425546,2,6,6,6
Vila Manuel Sátiro,MANOEL SÁTIRO,CV,-3.79399765,-38.57836297642193,6,6,6,6
Beco do 12 ,VARJOTA,CV,-3.733311,-38.48796381837042,6,6,6,6
Cajueiros ,CIDADE 2000,CV,-3.7606475,-38.47214343705899,6,6,6,6
Favela da Peste,ALTO DA BALANÇA,CV,-3.7628825,-38.51386016916961,6,6,6,6
Comunidade da Barreirinha (Alto da Balança),ALTO DA BALANÇA,CV,-3.763616,-38.50983837091263,6,6,6,6
Pio XII,SÃO JOÃO DO TAUAPE,CV,-3.758138,-38.51068204708199,6,6,6,6
Favelinha (Lagamar),ALTO DA BALANÇA,CV,-3.7610415,-38.51615021995856,6,6,6,6
Lagamar,ALTO DA BALANÇA,CV,-3.7614085,-38.51327794209743,6,6,6,6
Morro do Gengibre,CIDADE 2000,CV,-3.749169,-38.46498332663043,4,6,6,6
Comunidade Madureira - Caucaia,PARQUE SOLEDADE,CV,-3.719665,-38.65228627120944,6,6,6,6
Tabapuazinho,TABAPUÁ,CV,-3.738008,-38.61780787025316,6,6,6,6
Padre Romualdo,PARQUE SOLEDADE,CV,-3.7234465,-38.65502129872789,4,6,6,6
Marrocos,PARQUE DOIS IRMĂOS,CV,-3.817427,-38.542944840326825,6,6,6,6
Barreiros,PARQUE ALBANO,CV,-3.7520335,-38.62551040458819,6,6,6,6
Apê,EDSON QUEIROZ,CV,-3.7724425,-38.45779936476239,6,6,8,8
Comunidade do Jacaré,COAÇU,CV,-3.8482875,-38.48089129966074,6,6,6,6
COMUNIDADE DO ÓLEO - CAMPO DO ESTRELA,BARROSO,CV,-3.8293785,-38.51631853194085,6,6,6,6
Comunidade Beira Sol ,ITAOCA,CV,-3.777309,-38.54918699876042,6,6,6,6
Conefor,CAIS DO PORTO,CV,-3.7104265,-38.46846780654988,6,6,6,6
Comunidade Da Principal ,GENIBAÚ,CV,-3.7604605,-38.59788242467079,6,6,6,6
Novo Oriente,NOVO ORIENTE,CV,-3.845704,-38.61392684304559,6,6,6,6
15 de Novembro,PENTECOSTE,CV,-3.7930065,-39.25795141246407,6,6,6,14
Rua da Bosta - Alto da Liberdade ,SANTANA DO ACARAÚ,CV,-3.456945,-40.20677142974294,6,6,6,7
Invasão - Sabiaguaba,SABIAGUABA,CV,-3.8084495,-38.43135027105052,6,6,6,6
Estação Rachel de Queiroz,ALTO ALEGRE II,CV,-3.850888,-38.60919353848064,6,6,10,10
Cidade de Carnaubal,CARNAUBAL,CV,-4.1595225,-40.94033451068083,4,6,6,7
Parque de Vaquejada,ASSARÉ,PCC,-6.8710365,-39.86720112645349,2,6,6,9
Comunidade Isabelzinha,LAGOA REDONDA,CV,-3.8229165,-38.45554728974432,4,6,6,6
Tamboril,TAMBORIL,CV,-4.8357835,-40.32402106592025,3,6,12,16
Inhuçu - São Benedito,SAO BENEDITO,CV,-4.11558675,-40.87159444889837,3,6,8,12
25 E 26 DE AGOSTO - RUSSAS ,QUIXERE,CV,-4.9406415,-37.97899649553092,6,6,6,6
Fazendinha,VICENTE PINZÓN,CV,-3.7314595,-38.46904081258841,6,6,6,6
Comunidade do Muro Alto - (Complexo do Vincent Pizon),VICENTE PINZÓN,CV,-3.7300675,-38.46900690755562,6,6,6,6
Mirante (Complexo do Vicente Pinzon),VICENTE PINZÓN,CV,-3.7247645,-38.47539716713092,6,6,6,6
Condomínios Tenente Coelho,JUAZEIRO DO NORTE,PCC,-7.2108915,-39.28661537622834,6,6,8,8
Bairro do Estádio ,TIANGUA,PCC,-3.7318805,-41.00388967647059,6,6,6,6
Baixa Da Jumenta - Maraponga,PARANGABA,CV,-3.784447,-38.57091035515218,6,6,6,6
Cidade de Cariús,CARIÚS,CV,-6.534705000000001,-39.497408168348045,6,6,7,14
Beco da Sodine,PARREÃO,CV,-3.759463,-38.53154133670034,4,6,6,6
Coreaú,COREAÚ,PCC,-3.5504085,-40.657290404960136,4,6,8,9
Cirolândia,BARBALHA,PCC,-7.3217265,-39.29685497717257,5,6,6,6
Planalto dos Colibris,TAUÁ,PCC,-6.006648,-40.29780184787267,5,6,6,6
Jenipapeiro - Aquiraz,AQUIRAZ,CV,-3.971608,-38.40694192259697,2,6,10,10
CARAÚBAS,TRAIRI,PCC,-3.3208046,-39.33166387202823,6,6,6,8
Comunidade do Alecrim- Lagoa da Sapiranga,SAPIRANGA / COITÉ,CV,-3.792992,-38.46863167130441,6,6,6,6
A.P- Planalto Pici,DOM LUSTOSA,CV,-3.75323,-38.58061054607978,6,6,6,6
Residencial Turmalina,VILA VELHA,CV,-3.718478,-38.60406419492183,6,6,6,6
Terra Prometida,TIANGUA,PCC,-3.729712,-41.01059252081678,4,6,6,6
Quiterianopolis ,QUITERIANÓPOLIS,PCC,-5.8474105000000005,-40.70433476036273,3,6,6,14
Piçarra,JARDIM IRACEMA,CV,-3.7144555,-38.58247761425428,6,6,6,6
Comunidade ABC - Quintino Cunha,QUINTINO CUNHA,CV,-3.732296,-38.60199338939385,6,6,6,6
Bairro José Rosa,BOA VIAGEM,PCC,-5.1228045,-39.726063917003785,5,6,6,6
CORREGO FUNDO,TRAIRI,PCC,-3.3611086500000003,-39.35643504969938,4,6,6,6
Vila Azul- Boa Viagem,BOA VIAGEM,PCC,-5.1294895,-39.73491930049261,5,6,6,6
Favela da 3P,BARRA DO CEARÁ,CV,-3.7024425,-38.572831384127696,6,6,6,6
Favela do Bical,BARRA DO CEARÁ,CV,-3.704716,-38.574990664573605,6,6,6,6
Conjunto Habitacional 1° de Março ou Blocos,BARROSO,CV,-3.817677,-38.51772741330451,6,6,6,6
Parque Havaí,EUSÉBIO,CV,-3.9052285,-38.44893587148439,4,6,6,6
Condomínio da 6 (Complexo da Barra do Ceará),BARRA DO CEARÁ,CV,-3.7038345,-38.57585399791628,6,6,6,6
4 Varas,BARRA DO CEARÁ,CV,-3.701241,-38.574595031954885,6,6,6,6
S2,ANCURI,CV,-3.874102,-38.49732363191565,4,6,6,6
Fronteira ,SAPIRANGA / COITÉ,CV,-3.790005,-38.47233379856959,4,6,6,6
Coaçu,COAÇU,CV,-3.854321,-38.46170643867924,4,6,6,6
Vilinha,CASCAVEL,CV,-4.1694565,-38.124888777055546,1,6,7,11
Mal Cozinhado ,HORIZONTE,CV,-4.085805000000001,-38.48926758905489,6,6,6,6
São Mateus,PARREÃO,CV,-3.7609315,-38.538895416,6,6,6,6
Cohab,SOBRAL,CV,-3.8015345,-40.26375577873522,6,6,6,6
Novo Parque Iracema - Alto do João Grande,MARACANAÚ,CV,-3.915771,-38.69039844512149,6,6,6,6
Alta Delta,MARACANAÚ,CV,-3.92129,-38.69084963343354,6,6,6,6
Ponte Nova,BOA VIAGEM,PCC,-5.1287695,-39.74007910631166,6,6,7,7
Vila Azul,ITAOCA,CV,-3.772305,-38.55373274210821,6,6,6,6
COCOBÓ,IGUATU,CV,-6.3742615,-39.30397618632075,6,6,6,6
Altiplano,IGUATU,CV,-6.3804465,-39.31342405372733,4,6,6,8
Fatima l,CRATEÚS,CV,-5.184009,-40.67186402294603,6,6,6,6
cuzcuz - Paupina,SÃO BENTO,CV,-3.854222,-38.48577297556093,6,6,6,6
Cohab,PENTECOSTE,PCC,-3.786998,-39.26357358664306,6,6,6,6
Centro,CENTRO,PCC,-5.5354185000000005,-40.77186305841325,6,6,6,6
Araçá - Aurora,AURORA,PCC,-6.941471,-38.97330292236831,6,6,6,7
venceslau,CAMBEBA,CV,-3.8100565,-38.4813102701788,6,6,6,6
Comunidade da Luminosa,GRANJA PORTUGAL,CV,-3.787997,-38.59416881289545,6,6,6,6
Beco da Morte,BONSUCESSO,CV,-3.786295,-38.5923738510194,6,6,6,6
Novo Pabussu,PARQUE SOLEDADE,CV,-3.7301635,-38.6635695,2,6,6,6
Conjunto Renascer,DIAS MACÊDO,CV,-3.787386,-38.52716370682113,6,6,6,6
Horto- Juazeiro do Norte,JUAZEIRO DO NORTE,CV,-7.183596,-39.33259769425841,4,6,10,10
Vila Moura,IGUATU,CV,-6.3700165,-39.28681374131721,6,6,6,6
PEDREGAL,FORTIM,CV,-4.578309,-37.79226595435748,6,6,6,6
Maranhão - Itapipoca ,ITAPIPOCA,PCC,-3.483004,-39.58231678754317,5,6,6,6
Ouro Verde,VILA UNIĂO,CV,-3.7669105,-38.52982203853638,6,6,6,6
Padre Manoel Lima e Silva,ITAPAJÉ,CV,-3.6967885,-39.57990307439066,2,6,6,6
Precabura,PRECABURA,CV,-3.8290895,-38.436295979390295,4,6,6,6
Riachão de Itaitinga,ITAITINGA,CV,-3.9800825,-38.52899826226289,6,6,6,6
Granja,GRANJA,CV,-4.1895695,-38.462900069072,6,6,6,6
COHAB,PACAJUS,CV,-4.1828375,-38.46882074792589,4,6,6,6
Cumaru,PACAJUS,CV,-4.1915215,-38.46767288292772,4,6,6,7
Campo do Ganso,ALTO ALEGRE II,CV,-3.844841,-38.61032479857957,6,6,6,6
Vila Dos Almirantes,PRAIA DE IRACEMA,CV,-3.719781,-38.51888658333333,6,6,6,6
Travessa ,GRANJA LISBOA,CV,-3.789024,-38.60967657767087,6,6,6,6
Fronteira (Complexo da Barra do Ceará),CRISTO REDENTOR,CV,-3.7065245,-38.566351374418105,6,6,6,6
Sem Terra,HORIZONTE,CV,-4.0908905,-38.48805250354948,6,6,6,6
Alto da Boa Vista,PACAJUS,CV,-4.1631965,-38.47507524840066,4,6,6,6
Lagoa do Barro,IPARANA,CV,-3.6353495,-38.74018870630511,2,6,7,7
Gato Morto,OLAVO OLIVEIRA,CV,-3.730788,-38.59289516415663,6,6,6,6
CDD,HORIZONTE,CV,-4.125852,-38.50235700826599,4,6,6,6
Goiabeiras ,BARRA DO CEARÁ,CV,-3.6996115,-38.57810312797619,6,6,6,6
invasão,PRAIA DO FUTURO II,CV,-3.774554,-38.4404015420822,2,6,6,6
ÁREA DE INFLUÊNCIA DO PCC,JUAZEIRO DO NORTE,PCC,-7.223516699999999,-39.37378527528241,4,6,8,8
ALTO DA PENHA,CRATO,PCC,-7.24065365,-39.40538481857287,6,6,6,6
VÁRZEA ALEGRE - RUSSAS - PCC,QUIXERE,PCC,-4.928377,-37.968371783126194,5,6,6,6
Comunidade do 5 (Presidente Kennedy),PRESIDENTE KENNEDY,CV,-3.727371,-38.57245743548387,6,6,6,6
AP do Parque Albano,PARQUE ALBANO,CV,-3.7546585,-38.61414536479674,6,6,6,6
Favela do Pacote,ANCURI,CV,-3.8632575,-38.5095429474207,4,6,6,6
Alto Brilhante- Tauá,TAUÁ,PCC,-6.007683,-40.28975190625,4,6,6,6
Boa Vista - Itapipoca ,ITAPIPOCA,PCC,-3.50499,-39.581371006239095,6,6,6,6
Morro Da Macaca,MERUOCA,PCC,-3.670874,-40.37724839133448,6,6,6,6
Beco da Macumba,PACATUBA,TCP/GDE,-3.9927155,-38.61589236769854,6,6,6,6
BURACÃO,SÃO BENTO,CV,-3.8479305,-38.48525798960303,6,6,6,6
Conjunto Nova Metrópole,URUCUTUBA,CV,-3.767627,-38.65806237672796,6,6,6,6
Conjunto Carandiru,CARLITO PAMPLONA,CV,-3.7164685,-38.55519021256039,6,6,6,6
Jaguaribe,JAGUARIBE,TCP/GDE,-5.883336,-38.62190033536585,5,6,9,9
Jatoba,IRACEMA,TCP/GDE,-5.803139,-38.313408198529416,6,6,6,9
Praia Da Baleia,TRAIRI,CV,-3.1511425,-39.438632060490825,6,6,6,10
Bela Vista - Paramoti ,PARAMOTI,CV,-4.095329,-39.24290246064468,4,6,6,6
Fraudes - João Paulo ll,BARROSO,CV,-3.8275445,-38.518162325842695,6,6,6,6
Parque Iracema I,MESSEJANA,MASSA,-3.81634,-38.49369503621208,6,6,6,6
Vila Franco ,SAO BENEDITO,TCP/GDE,-4.043779000000001,-40.86948721155726,6,6,6,6
Cidade Alta,GRAÇA,TCP/GDE,-4.038198,-40.86210686954586,5,6,6,6
Bairro Populares,MAURITI,PCC,-7.381023,-38.77357303144397,4,5,7,7
Bairro do Pedregal (DISPUTA CV X MASSA),FORTIM,MASSA,-4.5788335,-37.79691652041954,4,5,6,6
ILHA - LIMOEIRO DO NORTE - CV,LIMOEIRO DO NORTE,CV,-5.1413025,-38.10391077756084,0,5,6,6
Bairro Rodoviária,TIANGUA,CV,-3.715206,-40.98408594057124,3,5,5,5
BROTOLANCIA - LIMOEIRO DO NORTE,LIMOEIRO DO NORTE,CV,-5.1569455,-38.09994377013213,3,5,5,7
Vila Santa Rita,ITAREMA,CV,-2.9284645,-39.90142453556979,4,5,5,5
Cipó - Caucaia,PARQUE SOLEDADE,CV,-3.702293,-38.70077816623912,4,5,6,6
Rua da Paz,TIANGUA,CV,-3.711623,-40.97811181408507,5,5,5,5
Cidade de Madalena ,MADALENA,PCC,-4.8510175,-39.57499700397544,3,5,7,38
Violete - Itapipoca ,ITAPIPOCA,PCC,-3.4849810000000003,-39.574210264811526,2,5,5,5
São Francisco - Itapipoca ,ITAPIPOCA,PCC,-3.497443,-39.59534242855256,5,5,5,5
Cidade de Catarina ,CATARINA,PCC,-6.13305,-39.8768397821517,5,5,6,19
Pitanga,TIANGUA,PCC,-3.7593195,-40.980851462443866,1,5,5,9
Campo do Laurao ,TIANGUA,CV,-3.7278425,-40.988379997334405,5,5,5,5
Mutirão ,CRATO,CV,-7.244667,-39.41312910392482,5,5,5,5
Bairro José Aurelio Camara,QUIXERAMOBIM,CV,-5.193892999999999,-39.302394623049054,2,5,5,5
Combate - Quixada,QUIXADA,CV,-4.973041,-39.02743308123425,4,5,5,5
Nova Jerusalém - Quixada,QUIXADÁ,CV,-4.995376,-39.012707000000006,4,5,5,6
Alto do Garrote - Caucaia,PARQUE SOLEDADE,CV,-3.691548,-38.70658940863984,2,5,5,5
Distrito de Prainha,AQUIRAZ,CV,-3.903238,-38.34862622984441,5,5,5,5
Jardim do Amor,PARQUE SOLEDADE,CV,-3.737965,-38.712096174182754,5,5,6,6
Emboaça,TRAIRI,CV,-3.2092845,-39.311595482583385,5,5,6,8
Papara,MARANGUAPE,CV,-3.9902285,-38.72711387724474,1,5,6,10
Sitiá,IBICUITINGA,CV,-5.165348,-38.65732281815757,5,5,5,15
JORDÃO,ALCÂNTARAS,PCC,-3.668335,-40.48487357692117,5,5,6,13
Bairro Pedregal- Tauá,TAUÁ,PCC,-6.0101835,-40.285604561271626,5,5,5,5
Camboas - Paraipaba,PARAIPABA,CV,-3.4047635,-39.12289063468998,1,5,5,5
Vila São Rafael,ARACATI,CV,-4.5579205,-37.75770241666667,5,5,5,5
Campinas (Canindé),CANINDÉ,CV,-4.34182,-39.30652030157447,4,5,5,6
Aprazível ,ALCÂNTARAS,PCC,-3.752193,-40.55842584450278,5,5,5,7
Sangradouro ,PIRES FERREIRA,CV,-4.2145995,-40.43333883171709,4,5,5,5
Cidade de Cruz,ACARAÚ,CV,-2.918514,-40.18123818375824,0,5,8,15
Cidade de Marco,MARCO,CV,-3.121187,-40.15386818481595,3,5,7,17
Cidade de Ocara,OCARA,CV,-4.489912500000001,-38.59645293206833,2,5,5,14
Bela Vista,BELA VISTA,CV,-4.348362,-39.30819775248448,3,5,5,5
BETÂNIA,ITAPIPOCA,PCC,-3.27983555,-39.65377068197778,3,5,7,16
Aruaru - Morada Nova,OCARA,CV,-4.5773405,-38.36383952787955,4,5,5,11
Bairro Nossa Senhora de Fátima- Boa Viagem,BOA VIAGEM,PCC,-5.131895,-39.72633738743508,4,5,5,5
Ubaúna - Coreaú ,COREAÚ,PCC,-3.74283,-40.6907057989011,4,5,6,7
Comunidade Do Pombal,BARRA DO CEARÁ,CV,-3.699474,-38.586449119402985,5,5,5,5
Flecheiras,TIANGUA,PCC,-3.741961,-40.99132781837453,5,5,5,5
Residencial Rachel de Queiroz,QUIXADA,CV,-4.9613595,-39.05855305799797,5,5,6,15
Riachinho - Várzea alegre,VÁRZEA ALEGRE,TCP/GDE,-6.796618,-39.28910474453571,5,5,5,5
Guarani,SALITRE,CV,-7.077266,-40.38837952374185,5,5,6,6
Santo Antônio- Juazeiro do Norte,JUAZEIRO DO NORTE,CV,-7.215578499999999,-39.32888237889596,5,5,5,5
Ipu,IPU,CV,-4.325563,-40.7113184290795,0,5,10,16
Lagoa Do Mato - Itatira,ITATIRA,CV,-4.6489235,-39.67485336673384,4,5,7,16
Planalto Renascer- Quixadá,QUIXADA,CV,-4.959346,-39.03370209190832,5,5,5,5
Residencial Anacetaba,SÃO GONÇALO DO AMARANTE,CV,-3.594879,-38.96139600635132,3,5,10,14
Cidade de Nova Russas,NOVA RUSSAS,CV,-4.7080175,-40.56549374095322,4,5,9,26
Caio Prado,ITAPIUNA,CV,-4.6521385,-38.94139191462439,4,5,5,5
Bairro Pedreira,PIRES FERREIRA,CV,-4.198684,-40.483361048019816,5,5,6,9
São José ,TRAIRI,CV,-3.292161,-39.26293813845583,5,5,5,5
Mumbaba,MASSAPÊ,CV,-3.572827,-40.34197815455531,5,5,5,7
Loló,GUAIÚBA,CV,-4.0454245,-38.63381014904043,5,5,5,5
Jatobá ,SOBRAL,CV,-3.704791,-40.32839429496403,4,5,5,5
Sao Francisco ,MORADA NOVA,TCP/GDE,-5.100777,-38.36831839045766,4,5,5,5
Alto do Cemitério ,GUAIÚBA,CV,-4.0367945,-38.63262412629758,4,5,5,5
Pinheiro,GUAIÚBA,CV,-4.0391445,-38.63898672167302,5,5,5,5
Antônio Marques,PALMÁCIA,CV,-4.075025999999999,-38.894423414163086,3,5,6,9
Alto Cemitério,MARACANAÚ,CV,-3.886763,-38.68636076771957,4,5,5,5
Santos Dumont,MARACANAÚ,CV,-3.906302,-38.68743913211382,3,5,5,5
Pindoba,EUSÉBIO,CV,-3.8987285,-38.41581033123466,2,5,5,6
CATUMBELA - RUSSAS ,QUIXERE,CV,-4.9424695,-37.98417994810971,5,5,5,5
Morro do QC,QUINTINO CUNHA,CV,-3.7264585,-38.60364852115734,5,5,5,5
Bairro Limoeiro,HORIZONTE,CV,-4.164278,-38.42368517622606,2,5,5,5
Júa - Quixadá,ITAPIÚNA,TCP/GDE,-4.7237860000000005,-38.97290193429773,5,5,5,9
Alto Tiradentes,MORADA NOVA,TCP/GDE,-5.10336,-38.35868606599361,5,5,5,5
Comunidade dos Coqueiros (Complexo da Barra do Ceará),CRISTO REDENTOR,CV,-3.7026005,-38.57047472948717,4,4,4,4
Sítio Estrela,BARROSO,CV,-3.8249455,-38.5137156637618,4,4,4,4
Conjunto Fernando de Noronha,PAUPINA,CV,-3.854103,-38.49101834544062,4,4,4,4
João Alfredo- Santana do Acaraú,SANTANA DO ACARAÚ,CV,-3.4706205,-40.21284249874635,4,4,4,11
Barra Velha,PINDORETAMA,CV,-4.07622,-38.18024897125424,3,4,6,8
Padre Lima,ITAPAJÉ,CV,-3.678193,-39.59029849591098,4,4,4,4
Beco do chocolate ,DIAS MACÊDO,CV,-3.7938475,-38.52946199127413,4,4,4,4
RAMAL DE FLORES - RUSSAS - PCC,LIMOEIRO DO NORTE,PCC,-5.058061,-38.07314989070582,2,4,5,6
CURA,ITAPIPOCA,PCC,-3.30760685,-39.65357933555556,3,4,6,22
MORRO DOURADO - TCP,BREJO SANTO,PCC,-7.47645655,-38.97823755640663,3,4,5,5
Bairro Subestação ,TIANGUA,PCC,-3.743781,-41.00500757532723,4,4,4,4
Varjota - Várzea alegre,VÁRZEA ALEGRE,TCP/GDE,-6.7977405,-39.3012444118485,2,4,4,4
Grossos - Várzea Alegre,VÁRZEA ALEGRE,TCP/GDE,-6.7754205,-39.29154045170455,4,4,4,7
Invasão,BARROSO,CV,-3.830864,-38.51245998542986,4,4,4,4
Vila União,VILA UNIĂO,CV,-3.7742545,-38.52914011469549,4,4,4,4
Cachoeira- Maranguape,MARANGUAPE,CV,-4.0693315000000005,-38.757514762482494,4,4,4,5
Ocupação,ITAITINGA,CV,-3.9651725,-38.52607272576656,4,4,4,4
Comunidade da Balsa,GRANJA PORTUGAL,CV,-3.786074,-38.5946263463785,4,4,4,4
Favela Beira Rio,GRANJA PORTUGAL,CV,-3.7847485,-38.59405871032323,4,4,4,4
Sem Terra,BELA VISTA,CV,-3.748949,-38.56681369233138,4,4,4,4
Estação - Itapipoca ,ITAPIPOCA,PCC,-3.4956445,-39.58349823107818,2,4,4,4
Amontada - Itapipoca ,ITAPIPOCA,PCC,-3.4916105,-39.57794178278927,3,4,4,4
RUSSAS - MIGUEL PEREIRA - PCC,LIMOEIRO DO NORTE,PCC,-5.0442160000000005,-38.044163397644326,1,4,5,5
FLORES - RUSSAS - PCC,LIMOEIRO DO NORTE,PCC,-5.0674645,-38.06272988424519,1,4,4,5
Comunidade Caneco Amassado - Santa Maria,PAUPINA,CV,-3.8609935,-38.49951306904869,4,4,4,4
Comunidade Espaço Verde- Santa Maria,PARQUE SANTA MARIA,CV,-3.8527515,-38.49801548806435,4,4,4,4
Araripe,ARARIPE,PCC,-7.211093,-40.13732116542056,3,4,5,22
Cidade de Itatira,ITATIRA,CV,-4.5296775,-39.62048332957136,3,4,4,8
Taquari de Bonsucesso ,BONSUCESSO,CV,-3.777393,-38.59288034341826,4,4,4,4
Cidade de Meruoca,MERUOCA,CV,-3.5397265,-40.45586562702574,2,4,4,7
Vila Pascoal,TIANGUA,CV,-3.7120885,-40.99376111378439,2,4,6,6
Comunidade da GMC,MONTE CASTELO,CV,-3.724562,-38.55376832319406,4,4,4,4
Recreio - Aurora,AURORA,PCC,-6.9446225,-38.971920571942526,2,4,4,4
João Antero,NOVO ORIENTE,PCC,-5.5350905,-40.77919272892939,4,4,4,4
Conj. Barro Branco 2,CRATO,PCC,-7.248283900000001,-39.38387860189475,4,4,4,4
Conj. Barro Branco 1,JUAZEIRO DO NORTE,PCC,-7.242817,-39.37833585175005,3,4,4,4
Cidade de Moraújo,MORAÚJO,CV,-3.4658865,-40.677670746001226,2,4,4,8
Cidade de Senador Sá,SENADOR SÁ,CV,-3.3491980000000003,-40.465150406197886,3,4,4,5
Maratoan,CRATEÚS,CV,-5.194108,-40.66667704643279,2,4,4,5
GUAJIRU,IPARANA,CV,-3.700857,-38.64231735694133,4,4,4,4
Poço Doce,PARAIPABA,CV,-3.444157,-39.1073884328633,4,4,4,4
COLONIA,CRISTO REDENTOR,CV,-3.7076225,-38.56782090359116,4,4,4,4
Cidrião,DIAS MACÊDO,CV,-3.794775,-38.53037254139414,4,4,4,4
Aldeia,CURIÓ,CV,-3.825103,-38.47486274758781,4,4,4,4
Comunidade São Pedro,BARRA DO CEARÁ,CV,-3.695925,-38.58178900321889,4,4,4,4
Comunidade do Gueto,BARRA DO CEARÁ,CV,-3.7085185,-38.58180144057548,4,4,4,4
Cidade de Piquet Carneiro,PIQUET CARNEIRO,PCC,-5.8052485,-39.41787611542664,2,4,5,13
Corrego,TIANGUA,PCC,-3.7083925,-40.97600362165458,4,4,4,5
Comunidade Do Canal ,ITAPIPOCA,PCC,-3.48903,-39.58481660505837,2,4,4,4
Alfa Vile,OLAVO OLIVEIRA,CV,-3.72813,-38.59408776083277,4,4,4,4
Rua da Lama,PLANALTO AYRTON SENNA,CV,-3.838998,-38.567997326475655,4,4,4,4
São José ,IPAPORANGA,CV,-4.906304,-40.76492811791929,4,4,6,8
Aldeia,SAPIRANGA / COITÉ,CV,-3.804847,-38.45562713454608,2,4,4,4
Taquara - Caucaia,URUCUTUBA,CV,-3.819832,-38.66204813641304,2,4,4,4
Beco do Canal - Maraponga,JARDIM CEARENSE,CV,-3.7995965,-38.56241922297074,4,4,4,4
Conjunto Tatumandé,SIQUEIRA,CV,-3.8017285,-38.6154676928161,4,4,4,4
Comunidade do Sem Terra da Sapiranga,SAPIRANGA / COITÉ,CV,-3.7909825,-38.46117856393377,2,4,4,4
Antonina do Norte,ANTONINA DO NORTE,PCC,-6.7743495,-39.9889131724232,2,4,6,8
Bairro Bezerra de Sousa- Tauá,TAUÁ,PCC,-6.0069165,-40.2823017945946,3,4,5,5
SALGADOS DOS MACHADOS,SOBRAL,PCC,-3.776194,-40.34236885245902,4,4,5,5
São Bento- Crato,CRATO,PCC,-7.213841,-39.39064457532854,4,4,5,5
Vila Alta/ Brejo- Crato,CRATO,PCC,-7.220417,-39.40929756626666,2,4,4,4
Final da Linha,FLORESTA,CV,-3.7173645,-38.57771497763864,4,4,4,4
Quadra G,SALITRE,CV,-7.075645,-40.36778131936801,3,4,4,4
Bairro da Baixa,SANTANA DO ACARAÚ,CV,-3.461827,-40.20789131083991,4,4,4,4
Olinda Ubajara - Tianguá ,UBAJARA,CV,-3.8350665,-40.97155957848392,2,4,6,8
Ribeira ,AQUIRAZ,CV,-3.980903,-38.440728192512765,4,4,6,6
Patos,ITAREMA,CV,-3.0038295,-39.74979099260487,3,4,7,13
VILA 3 MARIAS,JUAZEIRO DO NORTE,CV,-7.1764487500000005,-39.30967887432216,0,4,4,4
CABELO DE NEGO - RUSSAS ,QUIXERE,CV,-4.939201000000001,-37.98826392372881,4,4,4,4
Beco Do Cu,SAPIRANGA / COITÉ,CV,-3.7952125,-38.46808265733376,4,4,4,4
Granja Portugal,GRANJA PORTUGAL,CV,-3.7789495,-38.60260644707184,4,4,4,4
Alto do Bode - Redenção,REDENÇÃO,CV,-4.231588,-38.72627876361936,4,4,4,4
Vila Nova,JUAZEIRO DO NORTE,PCC,-7.2004075,-39.27148644132805,4,4,4,6
Boa Vista,ASSARÉ,PCC,-6.8658205,-39.86788959606691,4,4,4,4
Favela da Coruja,ASSARÉ,PCC,-6.863115,-39.86619308057294,2,4,6,6
Comunidade Panamirim ,IPARANA,CV,-3.646347,-38.71402247760642,4,4,6,6
Uruca,SAPIRANGA / COITÉ,CV,-3.7969675,-38.46084647227488,4,4,4,4
Portelinha,SAPIRANGA / COITÉ,CV,-3.798961,-38.46518591217311,4,4,4,4
Cidade Nova,CIDADE NOVA,CV,-3.801216,-38.46523677387084,4,4,4,4
Pisarreira ou Jardim Novo Paraíso,SAPIRANGA / COITÉ,CV,-3.7994965,-38.4698706068198,4,4,4,4
Favela da Mana ou Sem Terra,PREFEITO JOSÉ WALTER,CV,-3.83302,-38.53288051520308,2,4,4,4
Comunidade GNG,ITAPERI,CV,-3.782321,-38.54838383725255,4,4,4,4
Campo do Sobral,BARROSO,CV,-3.812781,-38.51680202702703,4,4,4,4
Recanto,MERUOCA,CV,-3.669482,-40.34107531125159,4,4,4,4
Comunidade do Torino,BARROSO,CV,-3.8313705,-38.51574001868753,4,4,4,4
Comunidade do Alto - Santa fé,ANCURI,CV,-3.858209,-38.50679025,4,4,4,4
P.F,EUSÉBIO,CV,-3.8647,-38.447084981329695,4,4,4,4
Pau da Veia,DOM LUSTOSA,CV,-3.749848,-38.58983375357711,4,4,4,4
Travessa Flamengo,AEROLÂNDIA,CV,-3.770385,-38.51593224872286,4,4,4,4
Morro Do Santiago,BARRA DO CEARÁ,CV,-3.698203,-38.58549661503002,4,4,4,4
Novo Aquiraz,AQUIRAZ,CV,-3.9296495,-38.38595344464308,4,4,4,4
Comunidade das Casinhas - Paupina,PAUPINA,CV,-3.852036,-38.49046251454561,4,4,4,4
Ararinha - Varjota,PIRES FERREIRA,CV,-4.201653,-40.47587390186916,1,4,5,5
Cabatan,PARQUE SOLEDADE,CV,-3.727409,-38.670449871271934,2,4,4,4
Itambé II,PARQUE SOLEDADE,CV,-3.7290515,-38.64584930650723,4,4,6,6
Distrito de Iratinga,ITAPAJÉ,CV,-3.7373185,-39.54862083442811,4,4,5,14
Tangueira,MARACANAÚ,CV,-3.8968545,-38.677531351679576,3,4,6,6
Parque Estrela,PARQUE SOLEDADE,CV,-3.7047105,-38.6637196581712,4,4,4,4
Rampa,SERRINHA,CV,-3.7852855,-38.54509120136496,4,4,4,4
Bairro Santa Fé,ANCURI,CV,-3.8643895,-38.50513153572739,4,4,4,4
Condomínios,MARECHAL RONDON,CV,-3.778231,-38.63266647563515,2,4,4,4
Peixinhos - Canaã,TRAIRI,CV,-3.2253905,-39.34759253656172,2,4,4,5
Morro do Pilão (Complexo do Vicente Pinzon),VICENTE PINZÓN,CV,-3.729608,-38.47487346486719,4,4,4,4
Periferia de Canoa Quebrada,ARACATI,CV,-4.5277555,-37.70335435553847,4,4,5,6
Residencial São Sebastião,JUAZEIRO DO NORTE,CV,-7.231545499999999,-39.27051656156337,2,4,6,9
Canindezinho,CANINDEZINHO,CV,-3.7281915,-38.67908577286765,4,4,4,4
Planalto Caucaia,PARQUE SOLEDADE,CV,-3.744521,-38.66299316265494,4,4,4,4
Japuara- Caucaia,PARQUE SOLEDADE,CV,-3.682892,-38.743467023453945,2,4,4,4
Capuan,PARQUE SOLEDADE,CV,-3.736021,-38.69616125683797,4,4,4,4
Jardim Planalto ,PARQUE SOLEDADE,CV,-3.741775,-38.7051107423844,2,4,4,5
Vila União ,VILA UNIĂO,CV,-3.6807245,-40.37144470510096,4,4,4,4
Tanubapa,CAUCAIA,CV,-3.643064,-38.77079091446767,3,4,11,23
Ararendá,ARARENDÁ,CV,-4.751500500000001,-40.8314358360752,2,4,4,4
Castelo Encantado (Complexo do Vicente Pinzon),CAIS DO PORTO,CV,-3.7217065,-38.47433137931302,2,4,4,4
Conj. São Pedro - Complexo Do Vicente Pizon ,VICENTE PINZÓN,CV,-3.725682,-38.46950577407932,4,4,4,4
Aps do Inferninho - Vila Velha,VILA VELHA,CV,-3.718911,-38.60434230356078,4,4,4,4
Carrascal- Quixadá,QUIXADA,CV,-4.9665775,-39.036345666520525,3,4,4,4
Travessa do Mal,PANAMERICANO,CV,-3.7572575,-38.56710435678509,4,4,4,4
COHAB II,SOBRAL,CV,-3.7139393,-40.33607099785357,4,4,4,4
Comunidade da Feira - Jurema,GUADALAJARA,CV,-3.769947,-38.61793527703985,4,4,4,4
Campo Grande,URUCUTUBA,CV,-3.7722795,-38.68240725468054,4,4,8,9
Comunidade do Pom,EDSON QUEIROZ,CV,-3.772147,-38.46806158489106,4,4,4,4
Comunidade da Carroça,BONSUCESSO,CV,-3.778679,-38.58943433152045,4,4,4,4
Mingau - Caucaia,CAUCAIA,CV,-3.8249425,-38.73814549823004,2,4,4,4
Alto do Cemitério ,CAMOCIM,CV,-3.1213300000000004,-40.83161687278737,4,4,4,4
CDD - CIDADE DOS DOIDOS,VICENTE PINZÓN,CV,-3.730716,-38.4687311510676,4,4,4,4
Trilho do Carlito,CARLITO PAMPLONA,CV,-3.7204655,-38.55662333170015,4,4,4,4
Lagoa Seca- Juazeiro do Norte,JUAZEIRO DO NORTE,CV,-7.2478775,-39.32519391494628,0,4,6,6
VILA ROSÂNGELA,PARQUE SĂO JOSÉ,CV,-3.79828525,-38.58559117393855,4,4,4,4
Areia Grossa (Complexo do Pirambu),PIRAMBU,CV,-3.708434,-38.55405555205884,4,4,4,4
Cacimba Funda - Aracati,ICAPUÍ,CV,-4.861095000000001,-37.4592224176931,4,4,5,9
Distrito de Campo Novo,FORQUILHA,CV,-3.8281895,-40.251449191105,2,4,6,9
JAIBARAS CV,CARIRE,CV,-3.78693315,-40.49855935,4,4,4,5
Beco do Porte,PARANGABA,CV,-3.77914,-38.569562657660455,4,4,4,4
Distrito de Antônio Diogo,REDENÇÃO,CV,-4.3179765,-38.74225655061949,1,4,5,9
Lama Seca,BARRA DO CEARÁ,CV,-3.7066515,-38.58463176679583,4,4,4,4
Conj. Palmares,MARECHAL RONDON,CV,-3.7827905,-38.62902943413391,4,4,4,4
Comunidade da Vertical (Complexo da Rosalina),PASSARÉ,CV,-3.8093845,-38.53887032601318,4,4,4,4
Comunidade Do Coroa,GENIBAÚ,CV,-3.7577655,-38.60043032687166,4,4,4,4
Beira Rio - Genibaú,JOÃO XXIII,CV,-3.7677405,-38.59569772823357,4,4,4,4
Parque Guadalajara ,GUADALAJARA,CV,-3.7577155,-38.61816230992216,4,4,4,4
Primeiro de Abril ,BONSUCESSO,CV,-3.782222,-38.59104936738599,4,4,4,4
Gustavo Sampaio,BATURITE,CV,-4.33078,-38.87360305103588,4,4,4,4
Jesuítas,BATURITE,CV,-4.330246499999999,-38.88573083650012,4,4,4,4
Conselheiro Estilita,BATURITE,CV,-4.3344575,-38.88207040882591,4,4,4,4
Loteamento,CONJUNTO PALMEIRAS,CV,-3.85353,-38.525712957811095,4,4,4,4
Rua da Feira,CONJUNTO PALMEIRAS,CV,-3.846491,-38.52632224262972,4,4,4,4
ÁREA DE GUERRA,CONJUNTO PALMEIRAS,CV,-3.847518,-38.52414552025152,4,4,4,4
São João Do Queiroz,QUIXADA,TCP/GDE,-4.799996,-38.88656801419559,4,4,4,4
Potira,GUADALAJARA,CV,-3.757899,-38.624080248793234,4,4,4,4
Alto Da Boa Vista,MONSENHOR TABOSA,CV,-4.7936605,-40.06188294640419,4,4,4,4
Pracinha - Santa Maria ,PARQUE SANTA MARIA,CV,-3.852711,-38.50109029662005,4,4,4,4
Comunidade Do HK - Santa Maria ,PARQUE SANTA MARIA,CV,-3.856484,-38.50214784606848,4,4,4,4
Comunidade Do Santa Maria ,PARQUE SANTA MARIA,CV,-3.858137,-38.500460370399736,4,4,4,4
PBT - Jardim América,JARDIM AMÉRICA,CV,-3.7505325,-38.539231756991214,2,4,4,4
Araticum,FRECHEIRINHA,CV,-3.8141495,-40.87909013829787,2,4,5,10
Comunidade do Cais,CAIS DO PORTO,CV,-3.717933,-38.475930779968806,4,4,4,4
Beco Planaltina,PLANALTO AYRTON SENNA,CV,-3.837445,-38.5721934375,4,4,4,4
Taperuaba,IRAUÇUBA,CV,-4.0807465,-39.94645465597015,3,4,8,11
Rua da Gaveta,IRACEMA,TCP/GDE,-5.808768000000001,-38.30202267599206,4,4,4,4
Comunidade do Arroz,SÃO BENTO,CV,-3.8537715,-38.482051844546746,2,4,4,4
Malvina (Bela Vista),BELA VISTA,CV,-3.7519005,-38.56394590686621,4,4,4,4
Mercado Bela Vista,COUTO FERNANDES,CV,-3.756267,-38.55897509437736,4,4,4,4
Favelinha Parquelândia,AMADEU FURTADO,CV,-3.747163,-38.56129145841789,4,4,4,4
Comunidade do Bloco,RODOLFO TEÓFILO,CV,-3.741579,-38.551056543715845,4,4,4,4
Alto da Cruz- Baturité,BATURITE,CV,-4.337545,-38.870731910186215,4,4,4,4
Bairro de Macunã,BATURITE,CV,-4.344887,-38.87194946634164,4,4,4,4
Junco,MERUOCA,CV,-3.676699,-40.36490569247897,2,4,4,4
Alto da Balança,ALTO DA BALANÇA,CV,-3.764068,-38.51404626346299,4,4,4,4
Aerolândia,AEROLÂNDIA,CV,-3.7664755,-38.51406538057969,4,4,4,4
Terreno dos Padres,JOAQUIM TÁVORA,CV,-3.7500655,-38.51810004970461,4,4,4,4
Apartamentos do Novo Mondubim,NOVO MONDUBIM,CV,-3.807631,-38.58845184925287,4,4,4,4
Sítio Corrego,MONDUBIM,CV,-3.816863,-38.57125880796835,4,4,4,4
Beco do HR,NOVO MONDUBIM,CV,-3.811637,-38.58297625954614,4,4,4,4
Comunidade do C3,CONJUNTO ESPERANÇA,CV,-3.820356,-38.58366460574727,4,4,4,4
Favela do Cuca,NOVO MONDUBIM,CV,-3.80682,-38.58256423810409,4,4,4,4
Comunidade da Lagoa - Mondubim,NOVO MONDUBIM,CV,-3.8071755,-38.57862215101633,4,4,4,4
Beco Do Espinho - Aracapé,ARACAPÉ,CV,-3.82837,-38.58169156036078,4,4,4,4
Favela da GN,NOVO MONDUBIM,CV,-3.8132965,-38.58491020570807,4,4,4,4
Beco America - Mondubim,MONDUBIM,CV,-3.8232655,-38.575225626716914,2,4,4,4
Canal Baixo ,PLANALTO AYRTON SENNA,CV,-3.8345125,-38.57900925830511,4,4,4,4
Aurora - Cidade Nova,PLANALTO AYRTON SENNA,CV,-3.837806,-38.57340650187054,4,4,4,4
THS - Santa Maria ,PARQUE SANTA MARIA,CV,-3.8543695,-38.499190676136365,4,4,4,4
Polígono 2222,GUADALAJARA,CV,-3.759761,-38.61537457994923,4,4,4,4
São Gonçalo ,TRAIRI,CV,-3.2937190000000003,-39.25851765580855,4,4,4,4
Conjunto Bandeirante,GUAJERU,CV,-3.8353565,-38.485670574058574,4,4,4,4
Polígono 2217,FLORESTA,CV,-3.7146675,-38.57738900716118,4,4,4,4
Rua da Lama,MERUOCA,CV,-3.677673,-40.3465802657682,4,4,4,4
Comunidade 8 de Dezembro,CANINDEZINHO,CV,-3.819561,-38.61513595333567,4,4,4,4
Comunidade do Posto - Canidezinho,CANINDEZINHO,CV,-3.81212,-38.59828285482847,4,4,4,4
Beco da Morte - Conjunto Esperança,CONJUNTO ESPERANÇA,CV,-3.8158795,-38.59078324732006,4,4,4,4
Conjunto Esperança,CONJUNTO ESPERANÇA,CV,-3.8124355,-38.59157139509385,4,4,4,4
Parque Santana,NOVO MONDUBIM,CV,-3.814064,-38.57974738789494,4,4,4,4
Canal - Conjunto Esperança,CONJUNTO ESPERANÇA,CV,-3.8116915,-38.59605950478056,4,4,4,4
Titanic,MONDUBIM,CV,-3.8196355,-38.574817294453744,4,4,4,4
Setor C1 - Paraipaba,PARAIPABA,CV,-3.45468,-39.171856761559184,4,4,6,6
Setor B ,PARAIPABA,CV,-3.4387215,-39.16600859695663,4,4,4,10
Setor C2 - Paraipaba ,PARAIPABA,CV,-3.4514655000000003,-39.1517936794132,2,4,5,6
Sorriso - São Cristóvão ,CONJUNTO PALMEIRAS,CV,-3.834945,-38.52739885839341,4,4,4,4
Comunidade da Lara ou Vila Berne,FLORESTA,CV,-3.714966,-38.5789378930883,4,4,4,4
Conjunto Juraci Magalhães,CANINDEZINHO,CV,-3.8093775,-38.60450773129424,4,4,4,4
Vila Nova,MUCURIPE,CV,-3.7283145,-38.48250047237569,4,4,4,4
São Mateus,VARJOTA,CV,-3.7299195,-38.48681988116529,4,4,4,4
Comunidade do Moranguinho do Edson Queiroz,EDSON QUEIROZ,CV,-3.7742235,-38.473793984375,4,4,4,4
AP,LAGOA REDONDA,CV,-3.824844,-38.46425843954707,4,4,4,4
Portelinha (Alto do Bode),AUTRAN NUNES,CV,-3.749862,-38.59526121314741,4,4,4,4
Gereberaba,SABIAGUABA,CV,-3.8019695,-38.4333892190027,4,4,6,6
Mucambinho,MERUOCA,CV,-3.6829825,-40.369116444304254,4,4,4,4
Parque Silvana,MERUOCA,CV,-3.67318,-40.35290108621071,3,4,4,4
Alto da Expectativa,MERUOCA,CV,-3.675011,-40.34815998108747,4,4,4,4
Jardim União 2 - Complexo Da Rosalina ,PARQUE DOIS IRMĂOS,CV,-3.810905,-38.544177412159314,4,4,4,4
Alto da Brasília ,MERUOCA,CV,-3.6737895,-40.34230541992187,4,4,4,4
Pracinha Saporé,MUCURIPE,CV,-3.7245455,-38.483073567489626,4,4,4,4
Vila São Miguel,VARJOTA,CV,-3.730698,-38.4858431,4,4,4,4
Parque São Vicente ,BOM JARDIM,CV,-3.80162,-38.60560162920538,4,4,4,4
Cidade de Caridade,CARIDADE,CV,-4.2309705,-39.197030655963374,2,4,5,6
Itaperi,ITAPERI,CV,-3.8128315,-38.56284403488101,4,4,4,4
Parque Roberto Feitosa,PACAJUS,CV,-4.1814925,-38.43650568064872,4,4,4,7
Sem Terra,EDSON QUEIROZ,CV,-3.7760435,-38.46959666677309,2,4,4,4
Favela do Tatu,ALTO DA BALANÇA,CV,-3.7630585,-38.51688186636471,4,4,4,4
Comunidade no bairro Tamandaré,JANGURUSSU,CV,-3.8401595,-38.51135545715796,4,4,4,4
Comunidade Tupiniquim,FLORESTA,CV,-3.724044,-38.57128241638955,4,4,4,4
Coité,MARACANAÚ,CV,-3.9074605,-38.67590803152309,4,4,4,4
Residencial Pacatuba 1,MARACANAÚ,CV,-3.891322,-38.60649726808264,2,4,4,4
Residencial Pacatuba 2,MARACANAÚ,CV,-3.8903055,-38.6061944939693,4,4,4,4
Bairro Alto São João,PACATUBA,CV,-3.997197,-38.62222215114699,4,4,4,4
Piripau,PACATUBA,CV,-3.9804785,-38.617192929741776,2,4,6,6
São Gregório ,PACATUBA,CV,-3.9766215,-38.60964994098364,4,4,6,6
Buraco da Gia,GUAIÚBA,CV,-4.0430790000000005,-38.63895884493671,4,4,4,4
Aldeia,CARLITO PAMPLONA,CV,-3.713848,-38.553397141808205,4,4,4,4
Planalto - Parambu,PARAMBU,CV,-6.2125145,-40.698500445353794,2,4,4,4
CDD,PACAJUS,CV,-4.1621815,-38.47995108760362,4,4,4,4
Cidade de Pindoretama,PINDORETAMA,CV,-4.023222499999999,-38.31052900394304,0,4,18,22
Tanques,HORIZONTE,CV,-4.068967000000001,-38.43784520845243,0,4,6,6
COHAB III,IGUATU,CV,-6.3665405,-39.31086403859187,4,4,4,4
PRADO,IGUATU,CV,-6.36857595,-39.295230299265526,4,4,4,4
Santa Luzia,CANINDÉ,CV,-4.352246,-39.32001016184971,4,4,4,4
Serrote - Curió,LAGOA REDONDA,CV,-3.8353165,-38.46106704355447,4,4,4,4
Comunidade Asa Branca,HORIZONTE,CV,-4.131391,-38.4785238945616,0,4,4,4
Morro Do TN,MERUOCA,CV,-3.673466,-40.37734463947476,4,4,4,4
Polígono 661,PARACURU,CV,-3.43148755,-39.03314094904454,2,4,8,12
Comunidade do Alagadiço ,PARACURU,CV,-3.4263115,-39.02254505151888,2,4,4,4
Carlotas,PARACURU,CV,-3.4257160000000004,-39.0297509272698,4,4,4,4
Maleitas,PARACURU,CV,-3.419879,-39.03757931262855,2,4,5,5
VILA MATOSO - RUSSAS ,QUIXERE,CV,-4.947945499999999,-37.967005929848966,3,4,4,4
Trilhos do São Miguel,SÃO MIGUEL,CV,-3.7463935,-38.60094697363636,4,4,4,4
Baixada- Otávio Bonfim,PARQUE ARAXÁ,CV,-3.733904,-38.54580712941977,4,4,4,4
Mutirão,PANAMERICANO,CV,-3.7558285,-38.5716291682243,4,4,4,4
AREIAS I,IGUATU,CV,-6.3532601,-39.30380001373955,4,4,4,4
CHAPADINHA,IGUATU,CV,-6.37554745,-39.26724688442641,0,4,6,6
Bessalandia,PINDORETAMA,CV,-4.127449,-38.24291813012044,2,4,4,4
Lotemenento Espaço Nobre,PINDORETAMA,CV,-4.115337,-38.24105045621846,1,4,5,5
Mataquiri,PINDORETAMA,CV,-4.1148035,-38.262885634966125,3,4,5,5
Coaçu,COAÇU,CV,-4.11764,-38.22616050337852,1,4,5,6
Alto Da Macaca - Aracoiaba,BATURITE,CV,-4.3649635,-38.80692013791513,4,4,5,8
Autódromo,EUSÉBIO,CV,-3.895682,-38.46253464259077,2,4,4,4
Vila da Prata,EUSÉBIO,CV,-3.8933605,-38.45616025411184,2,4,8,8
Gruta - Aquiraz,AQUIRAZ,CV,-3.9085715,-38.38668617608184,4,4,4,4
Comunidade dos Índios,CANINDEZINHO,CV,-3.804431,-38.59663660183366,4,4,4,4
Beco Da Zeza,BARRA DO CEARÁ,CV,-3.7043005,-38.58038711692015,4,4,4,4
Cidade 2000,CIDADE 2000,CV,-5.1598690000000005,-40.66617673911644,4,4,4,4
Buriti,PACAJUS,CV,-4.173857999999999,-38.47915620031115,4,4,4,4
Barro preto,PINDORETAMA,CV,-3.9492645,-38.27618392489239,3,4,4,5
Comunidade Riacho Doce- Barra do Ceará,BARRA DO CEARÁ,CV,-3.711013,-38.58621582230175,4,4,4,4
São Miguel ll,PARQUE DAS NAÇÕES,CV,-3.7486975,-38.60913585813088,4,4,4,4
Tijucussu 1,PINDORETAMA,CV,-4.0865045,-38.248501346868366,2,4,6,6
Planalto - Cascavel,PINDORETAMA,CV,-4.1229890000000005,-38.24679768556895,3,4,4,4
Polígono 1397,IGUATU,CV,-6.32642325,-39.31925790196594,0,4,4,4
Campo Verde,ARACATI,CV,-4.567358499999999,-37.76744667663961,4,4,4,4
Cristo Redentor Colônia - (Complexo Da Barra Do Ceará),CRISTO REDENTOR,CV,-3.7056895,-38.567972411810615,4,4,4,4
Travessa,PARQUE MANIBURA,CV,-3.788742,-38.48633276572959,4,4,4,4
CASARÃO / RUA DO MEIO,PARQUE MANIBURA,CV,-3.78971295,-38.48728214362114,4,4,4,4
Beco Da Raposa,BOM JARDIM,CV,-3.791746,-38.603680117582414,4,4,4,4
Vila Buriti,ALTO ALEGRE II,CV,-3.8420985,-38.61364461534954,4,4,4,4
Comunidade Itu,BOM JARDIM,CV,-3.794096,-38.60332712004615,4,4,4,4
Ouro preto,MARACANAÚ,CV,-3.8712665,-38.62174447586375,4,4,4,4
Dourados,HORIZONTE,CV,-4.1017785,-38.45448225423181,2,4,6,6
Banguê I,PACAJUS,CV,-4.184707,-38.459783252366336,4,4,4,4
Papoco,PANAMERICANO,CV,-3.7540605,-38.569862199734914,4,4,4,4
Arrudas - Paramoti,PARAMOTI,CV,-4.101871,-39.23034457266846,3,4,4,6
Terrenos Novos,MERUOCA,CV,-3.676144,-40.37228966977602,4,4,4,4
Rua Do Posto,ÁLVARO WEYNE,CV,-3.7163365,-38.57130933091779,4,4,4,4
Parque Veras,MONDUBIM,CV,-3.809247,-38.56791161921349,4,4,4,4
Invasão ,JARDIM CEARENSE,CV,-3.8076925,-38.561735480479456,4,4,4,4
Urucunema,EUSÉBIO,CV,-3.911195,-38.45470261828821,2,4,4,4
Santo Amaro- Bom Jardim,BOM JARDIM,CV,-3.798435,-38.60301416751901,4,4,4,4
Comunidade do Gueto Novo,BARRA DO CEARÁ,CV,-3.7103795,-38.5826731342086,4,4,4,4
Presidente Kennedy,PRESIDENTE KENNEDY,CV,-3.7246315,-38.568804894450096,4,4,4,4
Das Piranhas - Acaraú ,ACARAÚ,CV,-2.8823915,-40.10455265240351,2,4,4,6
12,VILA VELHA,CV,-3.71075,-38.59556326600277,4,4,4,4
Fazendinha,CONJUNTO ESPERANÇA,CV,-3.8059765,-38.59337038618373,4,4,4,4
Comunidade do Canção ,VILA VELHA,CV,-3.7140905,-38.60267427047005,2,4,4,4
Conjunto Tasso,JARDIM DAS OLIVEIRAS,CV,-3.777847,-38.50561084361957,4,4,4,4
Cracôlandia,JARDIM DAS OLIVEIRAS,CV,-3.7794855,-38.50308606395349,4,4,4,4
Favela da Cirandar,BARRA DO CEARÁ,CV,-3.703474,-38.57383748833671,4,4,4,4
Divisão - Cedro ,CEDRO,TCP/GDE,-6.610474,-39.06174275197414,4,4,4,4
Distrito de Siupé,PARACURU,CV,-3.53433,-38.94744666599128,2,4,8,12
Comunidade do BC (Padre Andrade),PADRE ANDRADE,CV,-3.729816,-38.57881342070729,4,4,4,4
Distrito de Cacimbinha,SOBRAL,CV,-3.8051785,-40.203796668120766,4,4,4,4
Comunidade Sitiozinho - Paupina,SÃO BENTO,CV,-3.8497985,-38.48758829707935,4,4,4,4
Polígono 2227,MONTESE,CV,-3.758439,-38.55337260938504,4,4,4,4
Cemitério Dos Cachorro,DIAS MACÊDO,CV,-3.7859495,-38.52197208909247,4,4,4,4
Colônia ,CRISTO REDENTOR,CV,-3.704384,-38.57193202261104,4,4,4,4
Miragem - Caririaçu,CARIRIAÇU,TCP/GDE,-7.039490000000001,-39.29412959124869,2,4,4,4
Balneario - Morada Nova,MORADA NOVA,TCP/GDE,-5.1286495,-38.36642742245668,4,4,5,9
Tamatanduba,SANTA CLARA,CV,-3.8735145,-38.47128923711857,0,4,6,6
COHAB- Beberibe,CASCAVEL,CV,-4.182163,-38.127612284905474,2,4,4,4
Comunidade Cidade de Deus 1,PARQUE SANTA MARIA,CV,-3.844939,-38.499883530982906,4,4,4,4
Alonso Diogenes,JAGUARIBE,TCP/GDE,-5.879334,-38.61842393360305,4,4,4,4
Comunidade do HX ,BARRA DO CEARÁ,CV,-3.701991,-38.58003625838997,4,4,4,4
Beco Do Moicano,BONSUCESSO,CV,-3.783468,-38.590827181856895,4,4,4,4
Rua da Vicência,MERUOCA,CV,-3.6743215,-40.37222563392552,3,3,3,3
Comunidade Graça Aranha,FLORESTA,CV,-3.715729,-38.57475171843076,3,3,3,3
Bitupitá ,BARROQUINHA,TCP/GDE,-2.8938125,-41.27391558178478,3,3,3,4
Ipiranga,GRAÇA,TCP/GDE,-4.068657,-40.86285769227886,3,3,6,14
Toca do Quati,GRAÇA,TCP/GDE,-4.0643135,-40.86216153437606,3,3,3,3
QUIXERÉ - ÁGUA FRIA - CV,QUIXERE,CV,-5.036169299999999,-38.00502035201016,3,3,4,7
Sítio Estrela - Barbalha,JUAZEIRO DO NORTE,CV,-7.279042,-39.26786394419946,3,3,4,8
Campo Velho,IBARETAMA,TCP/GDE,-4.821847,-38.82271197665467,2,3,3,6
Ibicuitaba - Icapui,ICAPUÍ,TCP/GDE,-4.7405605,-37.31465109497576,2,3,3,12
Majorlândia,ARACATI,CV,-4.5543665,-37.675224676961605,2,3,3,3
Alto do Bernardo,ITAPAJÉ,CV,-3.681071,-39.590439152951696,3,3,3,3
Bairro José Geraldo da Cruz,JUAZEIRO DO NORTE,CV,-7.238286,-39.30582470379248,3,3,6,6
Porteiras ,PORTEIRAS,CV,-3.73728,-38.76048205361813,2,3,3,3
Lagoa do Banana,IPARANA,CV,-3.639372,-38.76072184324741,1,3,4,4
Praia do Japão - Aquiraz,AQUIRAZ,CV,-3.8944995,-38.3563815609956,1,3,3,3
Jandaiguabinha,PARQUE SOLEDADE,CV,-3.729802,-38.691818373563365,1,3,3,3
Campinho ,PARQUE SOLEDADE,CV,-3.7287865,-38.697621902040936,3,3,3,3
Parque São João,MARACANAÚ,CV,-3.899859,-38.67746868042184,3,3,3,3
Lages,GUAIÚBA,CV,-4.0155935,-38.71156078842306,3,3,3,3
Minha Casa Minha Vida- Canindé,CANINDÉ,CV,-4.3547715,-39.30518244438175,3,3,3,3
Mosquito,AMONTADA,CV,-3.092069,-39.68766498579198,3,3,3,16
Vila Nova de Baturité,BATURITE,CV,-4.323457,-38.88647832636656,2,3,3,3
Pissareira - Conj. Palmeiras I ,CONJUNTO PALMEIRAS,CV,-3.8483595,-38.5293553666139,3,3,3,3
Cidade de Fortim ,FORTIM,CV,-4.453645,-37.79681053941606,2,3,3,3
Parque Grangeiro,CRATO,CV,-7.25235,-39.42225347155957,1,3,3,3
Cohab,PORANGA,CV,-4.741243,-40.92073985560991,3,3,3,3
Alto do Bode,SENADOR POMPEU,CV,-5.58528,-39.3741634582791,3,3,3,3
Chafariz,SALITRE,CV,-7.081504,-40.37640865752351,3,3,3,3
Pedras - Morada Nova,LIMOEIRO DO NORTE,CV,-5.1298905,-38.24107006720844,2,3,3,3
CDD - Trairí ,TRAIRI,CV,-3.3033415,-39.26683271151267,2,3,3,3
Gualdrapras - Trairí ,TRAIRI,CV,-3.4039985,-39.29524428832365,2,3,7,22
Crianco - Trairí ,TRAIRI,CV,-3.270167,-39.25629654850347,2,3,4,4
Cotesa - Trairí ,TRAIRI,CV,-3.269354,-39.26054922998297,3,3,3,3
Santa Quitéria,SANTA QUITÉRIA,CV,-4.3364295,-40.15428342972256,1,3,4,6
Bofim,SENADOR POMPEU,CV,-5.5241455,-39.49210621650465,3,3,3,7
Croatá,CROATÁ,CV,-4.4167760000000005,-40.905357341418885,1,3,3,12
Distrito de Porto do Barco,ITAREMA,CV,-2.907321,-39.88444744002608,3,3,4,4
Sitio Alegre,ITAREMA,CV,-2.9344615000000003,-39.84829382021634,1,3,3,5
Comunidade Do Rato,PALMÁCIA,CV,-4.057525500000001,-38.90893686629338,3,3,3,3
Matadouro,CRATO,CV,-7.2404635,-39.42702475224274,3,3,3,3
Comunidade dos Gaviões ,MERUOCA,TCP/GDE,-3.698937,-40.35064313253676,3,3,3,3
Distrito de Patos,OCARA,TCP/GDE,-4.702464,-38.39817134668857,3,3,3,8
Malvinas,EUSÉBIO,CV,-3.9457035,-38.47446705996549,3,3,4,4
Varzante,FRECHEIRINHA,CV,-3.769152,-40.80752576819672,2,3,4,6
Saquin,ITAREMA,CV,-2.96228,-39.81320692257645,2,3,3,18
Vila Da Prata - Aquiraz,AQUIRAZ,CV,-3.9020415,-38.37799221583944,2,3,3,3
Rodoviária - Maranguape ,MARACANAÚ,CV,-3.8964795,-38.681329277259685,3,3,3,3
MULTIRÃO - LIMOEIRO DO NRTE,LIMOEIRO DO NORTE,CV,-5.1269895,-38.092021,2,3,3,3
MULTIRÃO VELHO - RUSSAS,QUIXERE,PCC,-4.921355,-37.98379382894737,3,3,3,3
São Raimundo,AMONTADA,CV,-3.3558975,-39.82830195464523,1,3,3,3
ABC,SAO BENEDITO,PCC,-4.0338465,-40.86873643967286,3,3,3,3
Rua dos Passos - Aracati,FORTIM,CV,-4.5571555,-37.76542305477426,3,3,3,3
Favela da Cuba,GUAIÚBA,CV,-4.043536,-38.62886724124425,1,3,3,3
ZÉ AIRES,TRAIRI,PCC,-3.3520067,-39.39330427800949,3,3,9,18
Tauazinho I/II,TAUÁ,PCC,-6.0109035,-40.29554564098379,3,3,3,3
Belmonte,CRATO,CV,-7.2648435,-39.45316279137352,3,3,6,7
Aracatiaçu,IRAUÇUBA,CV,-3.879309,-40.02360586132954,2,3,3,7
Caracará- Senador Pompeu,SENADOR POMPEU,CV,-5.5814765,-39.370074209598855,3,3,3,3
LIMOEIRO DO NORTE - TOMÉ - PCC,QUIXERE,PCC,-5.134623,-37.94911534625543,2,3,5,9
BELA VISTA PCC,BREJO SANTO,PCC,-7.49337855,-38.98980135943854,3,3,3,3
Lagamar,JAGUARIBARA,CV,-5.6804065,-38.6733351753937,3,3,3,5
Bairro Quandú,PACATUBA,CV,-4.008672000000001,-38.61989403860569,1,3,4,8
Bairro Oséas Facundo,BOA VIAGEM,PCC,-5.13272,-39.72063524231306,2,3,3,13
Vila Lobos- Crato,CRATO,PCC,-7.245425,-39.40323934858215,3,3,3,3
Águas Belas,IPAPORANGA,CV,-4.8987475,-40.75993936011905,1,3,3,6
Canindezinho,CANINDEZINHO,CV,-4.349728,-39.33032695693912,1,3,3,7
Buenos Aires,AMONTADA,CV,-3.3710045,-39.825464611684,1,3,3,11
Vila São José,PARACURU,CV,-3.4242660000000003,-39.032697466049385,3,3,3,3
Carlotas ll,PARACURU,CV,-3.4272035,-39.026585762724096,3,3,3,3
Comunidade da Babilônia ,MARANGUAPE,CV,-4.029582,-38.873552765209126,3,3,4,5
Lagoa do Juvenal - Maranguape,MARANGUAPE,CV,-4.026025499999999,-38.97177902345474,2,3,4,5
Pato Selvagem,MARACANAÚ,CV,-3.9121255,-38.67584176555815,3,3,3,3
Dom Bosco- Mauriti,MAURITI,PCC,-7.3917515,-38.77356786883556,1,3,4,4
Bela Vista I- Mauriti,MAURITI,PCC,-7.385247,-38.76813591703056,3,3,3,3
Riacho Doce,PARACURU,CV,-3.4170705,-39.04350125613948,3,3,5,6
Morro São Sebastião ,UBAJARA,CV,-3.8687065,-40.917002901073445,0,3,8,13
Bica - Cascavel ,PINDORETAMA,CV,-4.127585,-38.2239903456536,2,3,4,4
AP De Catatau ,TIANGUA,PCC,-3.746999,-41.00624990101661,2,3,3,3
Cruzeiro - Itapipoca ,ITAPIPOCA,PCC,-3.4879005000000003,-39.5784537255752,3,3,3,3
Cachoeira,SAO BENEDITO,PCC,-4.0512665000000005,-40.86934724663677,1,3,3,3
Santa Maria - Limoeiro Do Norte ,LIMOEIRO DO NORTE,CV,-5.2282845,-38.01285451828007,3,3,3,4
Zezé Da Cruz ,AURORA,PCC,-6.937456,-38.96527370101556,0,3,5,5
Capilé ,BREJO SANTO,PCC,-7.489815,-38.9944497028834,2,3,3,3
Luzia Leite,BREJO SANTO,PCC,-7.4906205,-38.9894531342601,3,3,3,3
Vila Feliz,NOVO ORIENTE,PCC,-5.5407455,-40.78407582386647,3,3,3,3
Colinas,NOVO ORIENTE,PCC,-5.540037,-40.77527281255114,3,3,3,3
Boa Vista,NOVO ORIENTE,PCC,-5.5390905,-40.77039404572412,3,3,3,5
Palhano,PALHANO,PCC,-4.744373,-37.96216887063563,3,3,3,3
Cidade de Guaciraba do Norte,GRAÇA,CV,-4.161015,-40.75289011039787,1,3,5,9
Ladeira,ITAPIPOCA,PCC,-3.509327,-39.58471492957872,3,3,3,9
Sanharão - Itapipoca ,ITAPIPOCA,PCC,-3.5035665,-39.58547705762935,3,3,3,3
Alto Alegre - Itapipoca ,ITAPIPOCA,PCC,-3.500993,-39.59134005244083,3,3,3,3
VILA RAMALHO - RUSSAS - PCC,QUIXERE,PCC,-4.9321625,-37.96584027298765,1,3,3,3
GADELHA,IGUATU,CV,-6.4187534,-39.28239978379047,0,3,3,7
Tupuiú,EUSÉBIO,CV,-3.878595,-38.40963619061942,3,3,3,3
Águas Belas,PINDORETAMA,CV,-4.05281,-38.18883328232789,2,3,3,3
Bairro José Holanda Lima- Tauá,TAUÁ,PCC,-6.0158235,-40.30155425738294,1,3,3,7
Cohab de Cascavel,PINDORETAMA,CV,-4.1395865,-38.23407117827552,2,3,3,5
Ilha,TRAIRI,PCC,-3.278401,-39.28461858882645,1,3,3,3
Conj. Geraldo G. Azavedo - Itapipoca ,ITAPIPOCA,PCC,-3.4965945,-39.59996500302199,3,3,3,6
Comunidade Terra Livre,CRATEÚS,CV,-5.1885225,-40.66798094814175,3,3,3,3
Bairro Maravilha,QUIXERAMOBIM,CV,-5.2074595,-39.29611194365464,3,3,3,5
São Francisco ou Barrocão,CAMOCIM,CV,-3.1169345,-40.82458313248988,3,3,3,3
Córrego Do Urubu - Acaraú ,ACARAÚ,CV,-2.889001,-40.11929442153427,1,3,3,3
Padre Lucena,MORADA NOVA,TCP/GDE,-5.108973499999999,-38.37761734564597,2,3,3,3
Beco da Fumaça ,BOM JARDIM,CV,-3.794094,-38.60490511666393,3,3,3,3
IPAUMIRIM ,IPAUMIRIM,OKAIDA,-6.78858145,-38.7185734,2,2,2,2
Lisieux,FORQUILHA,CV,-4.0026215,-40.186681956281305,0,2,2,5
Poeiral ,BARROSO,CV,-3.827888,-38.51394477134588,2,2,2,2
Divino Espírito Santo,MORADA NOVA,TCP/GDE,-5.0933685,-38.361046008253695,1,2,3,3
Alto da Boa Vista,IBARETAMA,TCP/GDE,-4.8194985,-38.82394620906433,2,2,2,2
Comunidade Do Serrote,SERRINHA,CV,-3.782717,-38.54144753438303,2,2,2,2
Betesda (Alto do Bode),AUTRAN NUNES,CV,-3.7516645,-38.5977219511375,2,2,2,2
Tucunduba,CAUCAIA,CV,-3.872173,-38.75222757941733,2,2,2,2
Gruta,ARACATI,CV,-4.572833,-37.76793868778721,2,2,2,2
CAPIM DE ROÇA,PINDORETAMA,CV,-4.1006185,-38.299958515085535,2,2,3,4
TRAPIÁ,FORQUILHA,CV,-3.890724,-40.25846104859869,2,2,4,4
Distrito de Lagoa Nova,FORQUILHA,CV,-3.857888,-40.213272789364375,2,2,2,2
COMUNIDADE DEUS É FIEL,CAJAZEIRAS,CV,-3.80400325,-38.51255301580137,2,2,2,2
Favela do Preá,JANGURUSSU,CV,-3.843508,-38.50645617553464,2,2,2,2
Pindorama,SALINAS,CV,-3.772162,-38.50142077480788,2,2,2,2
Comunidade da 50tinha,JARDIM DAS OLIVEIRAS,CV,-3.779831,-38.50412841446028,2,2,2,2
Rua da Granja,JARDIM DAS OLIVEIRAS,CV,-3.779928,-38.5023386013324,2,2,2,2
Comunidade do Cimpelco (Complexo da Barra do Ceará),BARRA DO CEARÁ,CV,-3.7024405,-38.57509746398685,2,2,2,2
Coloral,JARDIM DAS OLIVEIRAS,CV,-3.786001,-38.50993661789552,2,2,2,2
Cavalaria,PACAJUS,CV,-4.178312,-38.51793049615806,2,2,8,12
Beco da Foice,SAPIRANGA / COITÉ,CV,-3.7983985,-38.46438696860002,2,2,2,2
Residencial Dummar 2,MARACANAÚ,CV,-3.8810765,-38.59758822793828,2,2,2,2
Distrito de São Jerônimo,GUAIÚBA,CV,-4.0802605,-38.701526507442495,2,2,2,2
Barragem Santo Antônio ,PACATUBA,CV,-3.9403555,-38.64329062403165,0,2,3,3
Final Feliz,LAGOA REDONDA,CV,-3.8237705,-38.4630693600693,2,2,2,2
Itaoca,ITAOCA,CV,-3.77511,-38.5557183539532,2,2,2,2
Alto Luminoso,PINDORETAMA,CV,-4.140422,-38.246717479729725,2,2,4,4
Favela da Fossa,DIAS MACÊDO,CV,-3.7907575,-38.526766579631385,2,2,2,2
Comunidade da Caixa D'água- Planalto Pici,DEMÓCRITO ROCHA,CV,-3.7592345,-38.57247946717172,2,2,2,2
Comunidade do Catatau,TIANGUA,PCC,-3.7462025,-41.00774849974055,2,2,2,6
Sítios Cacimbas,TIANGUA,PCC,-3.7428285,-41.00962217165967,2,2,2,4
Casinhas,ITAPIPOCA,PCC,-3.4700935,-39.56245002752025,1,2,2,13
Rua dos Cocos,SOBRAL,CV,-3.805575,-40.26281358648062,2,2,2,2
Bairro Coelce,SÃO LUÍS DO CURU,CV,-3.672894,-39.23345952393311,2,2,2,3
Terreno ll,FLORESTA,CV,-3.715908,-38.57751717106302,2,2,2,2
Caixa d'água ,IRACEMA,TCP/GDE,-5.818612,-38.30453060850767,2,2,2,2
Holandinho ,IRACEMA,TCP/GDE,-5.80959,-38.29976755674734,2,2,2,4
Paraguaçu ,SERRINHA,CV,-3.7885405,-38.54096971072309,2,2,2,2
Comunidade do Mangueiral - Quintino Cunha,OLAVO OLIVEIRA,CV,-3.7350285,-38.59374924459274,2,2,2,2
Buriti - Acaraú ,ACARAÚ,CV,-2.8979790000000003,-40.11435132219812,2,2,2,2
Residencial Dummar 1,MARACANAÚ,CV,-3.881087,-38.59872384689289,2,2,2,2
Jacundá ,EUSÉBIO,CV,-3.8893125,-38.41674275469877,0,2,2,2
Parnamirim 2,EUSÉBIO,CV,-3.8864235,-38.45907833963294,0,2,2,2
Favela da Portelinha,CANINDEZINHO,CV,-3.809157,-38.59961363521483,2,2,2,2
Inferninho,PRECABURA,CV,-3.8406545,-38.43611426358959,2,2,2,2
Santa Cruz De Banabuiu ,PEDRA BRANCA,PCC,-5.4402535,-40.00278351034659,2,2,2,10
IB,VILA UNIĂO,CV,-3.7700725,-38.53418578483607,2,2,2,2
Pracinha do Vila União,VILA UNIĂO,CV,-3.7696205,-38.537013873852274,2,2,2,2
Jana Barroso,RACHEL DE QUEIROZ,CV,-3.7997935,-38.55512934841862,0,2,2,2
Umarizeiras,MARANGUAPE,CV,-4.006944000000001,-38.72811071648599,0,2,2,2
Jibóia,ITAITINGA,CV,-3.9575955,-38.52852782154793,2,2,3,3
Baixinhas,ITAREMA,CV,-2.9536105,-39.91648450206164,2,2,4,21
Caucaia,CAUCAIA,CV,-3.0141220000000004,-41.13031082758621,1,2,2,2
Serpa,HORIZONTE,CV,-4.0420985,-38.493843886193936,1,2,3,9
Triângulo ,JUCÁS,CV,-6.520254,-39.52116441872792,1,2,2,3
Barreiros,PENTECOSTE,CV,-3.793044,-39.26399024019608,2,2,2,5
Açude Oriente,NOVO ORIENTE,PCC,-5.5474250000000005,-40.78629722632688,2,2,2,5
Barro Branco,CRATO,PCC,-7.240506,-39.38225549819661,2,2,3,3
Cidade de Guaramiranga,GUARAMIRANGA,CV,-4.260816999999999,-38.93421858436336,2,2,4,6
Novo America,ITAPIPOCA,PCC,-3.485557,-39.57030907486532,2,2,2,2
COITÉ,MAURITI,PCC,-7.380606500000001,-38.71623179561889,2,2,6,6
Vila Vintem,ALTO ALEGRE II,CV,-3.849145,-38.62087679266348,2,2,2,2
Lagoinha,HORIZONTE,CV,-4.093986,-38.509231173159066,0,2,3,3
Bom Jardim ,BOM JARDIM,CV,-3.791472,-38.60221963235294,2,2,2,2
Coqueiros,HORIZONTE,CV,-4.110318,-38.44413293408847,0,2,4,6
Vila Diogo,PACAJUS,CV,-4.1869705,-38.476613331461294,2,2,2,2
Aldeia Park,PACAJUS,CV,-4.1792055,-38.45813854580809,2,2,2,2
Barroso,BARROSO,CV,-3.822139,-38.51062487723365,2,2,2,2
Opaia,AEROPORTO,CV,-3.77144,-38.53356976153846,2,2,2,2
Dom Timóteo ,TIANGUA,PCC,-3.7412195,-40.98873165558241,2,2,2,2
Campo do Dragao,ITAPERI,CV,-3.7943545,-38.54671230509429,2,2,2,2
Precabura,PRECABURA,CV,-3.8253635,-38.451420754320296,2,2,2,2
Sao Jose,HORIZONTE,CV,-4.1039105,-38.46520230259807,2,2,2,2
Comunidade da Peroba,TIANGUA,CV,-3.7164145,-40.99416275185297,2,2,2,2
Pingo De Ouro - Aquiraz,AQUIRAZ,CV,-3.983724,-38.358804306729446,0,2,8,11
Bairro Mangueiral,HORIZONTE,CV,-4.0953230000000005,-38.48887097330527,2,2,2,2
SANTO ANTÔNIO,IGUATU,CV,-6.3697435,-39.29844849853717,2,2,2,2
Timonha,GRANJA,CV,-3.2580815000000003,-41.13560579225629,2,2,2,4
Rua do Rio,SENADOR POMPEU,CV,-5.5834865,-39.36854192152399,2,2,2,3
Distrito de Água Verde - Guaiuba,GUAIÚBA,CV,-4.154158499999999,-38.68180722998349,2,2,3,9
São Benedito - Aurora,AURORA,PCC,-6.951688,-38.964781852695296,2,2,2,2
Praia do Batoque,PINDORETAMA,CV,-4.000567,-38.23929250354967,2,2,2,2
Tapera de Aquiraz,AQUIRAZ,CV,-3.9504365,-38.34852056275756,2,2,4,4
Aeroporto ,AEROPORTO,CV,-4.739955,-40.92692408277768,0,2,2,3
Favela da Macaca,OLAVO OLIVEIRA,CV,-3.729607,-38.59305863179986,2,2,2,2
Cidade de Saboeiro,SABOEIRO,CV,-6.5368845,-39.90311544957961,2,2,2,12
Mutirão ,MARACANAÚ,CV,-3.8632795,-38.65066021038341,2,2,2,2
Conjunto Vitória ,MONDUBIM,CV,-3.8119875,-38.56954740666156,2,2,2,2
Tabuleiro do Luna - Itaiçaba,ITAIÇABA,CV,-4.717507,-37.84220517173913,2,2,2,10
Dias Macedo,DIAS MACÊDO,CV,-3.785879,-38.519748134822166,2,2,2,2
Nossa Senhora das Graças ,CANINDÉ,CV,-4.3657515,-39.32935902957836,2,2,2,7
Cipó ,PACAJUS,CV,-4.16857,-38.44350711906944,2,2,2,2
Alto da Paz,HORIZONTE,CV,-4.1021065,-38.47678185538578,2,2,2,2
Caminho das Estrelas,PACAJUS,CV,-4.1696935,-38.44680804943479,2,2,2,2
Betânia ,PORANGA,CV,-4.752041,-40.92092782755102,1,2,2,2
Favela Da Linha,ITAPERI,CV,-3.7854075,-38.55948733024692,2,2,2,2
Comunidade do Posto,BARROSO,CV,-3.8282525,-38.525154766171326,2,2,2,2
Palestina do cariri - Mauriti,MAURITI,PCC,-7.4704165,-38.7726694702337,2,2,2,6
Canto da Cruz - Palhano,PALHANO,PCC,-4.7593095000000005,-37.96116561211288,1,2,2,2
São José Do Torto,CARIRE,PCC,-3.785788,-40.61873534694497,2,2,2,3
Governador Ferraz,TIANGUA,PCC,-3.735495,-41.00051306825765,2,2,2,2
Corrego dos Furtados,TRAIRI,PCC,-3.3110220000000004,-39.32284943441832,2,2,2,6
Jaçanan,SABIAGUABA,CV,-3.790125,-38.44479373372979,2,2,2,2
Jagatá - Castelão,BOA VISTA/CASTELÃO,CV,-3.7970925,-38.52838821851995,2,2,2,2
Comunidade São Antonio,BARRA DO CEARÁ,CV,-3.696699,-38.58221609327519,2,2,2,2
Beco da 20 ,BARRA DO CEARÁ,CV,-3.7060425,-38.58234054977257,2,2,2,2
VILA DOS COQUEIROS,IGUATU,CV,-6.384922700000001,-39.30744761266817,2,2,2,2
FOMENTO,IGUATU,CV,-6.39639435,-39.29841069005434,0,2,4,4
Renê Lucena,BREJO SANTO,CV,-7.488234,-39.00244575613431,2,2,2,5
Favela do Pantanal,PARQUE MANIBURA,CV,-3.7897475,-38.49144840325516,0,2,2,2
Jari,URUCUTUBA,CV,-3.79748,-38.64833940429825,2,2,2,2
Barroquinha dos fiéis ,BARROQUINHA,CV,-2.9777575,-41.1359988467526,2,2,2,2
Araras,BARROQUINHA,CV,-2.9374355000000003,-41.15876874801971,2,2,4,5
Comunidade Coração de Jesus,BARROSO,CV,-3.8196105,-38.51745960840893,2,2,2,2
Conjunto Vitória ,ANCURI,CV,-3.8584115,-38.50438175417019,2,2,2,2
Comunidade do Viaduto- Santa Maria,PARQUE SANTA MARIA,CV,-3.8510205,-38.49702856784583,2,2,2,2
PACUJÁ,PACUJÁ,CV,-3.982142,-40.698995371284326,2,2,2,8
Urucara,MARACANAÚ,CV,-3.926345,-38.69272892988039,2,2,2,2
Buriti ,PACAJUS,CV,-4.1793965,-38.47881167656656,2,2,2,2
Bairro do Can,CANINDÉ,CV,-4.356167,-39.32131914320548,2,2,2,2
José Cordeiro,CANINDÉ,CV,-4.359178,-39.32303719890941,1,2,2,2
João Paulo ll,JAGUARIBE,CV,-5.906647,-38.633697215703975,2,2,3,3
Jardim Primaveira,PINDORETAMA,CV,-4.130666,-38.25447126467881,2,2,2,2
Favela da RB - Barroso ll,PASSARÉ,CV,-3.815635,-38.52159594679301,2,2,2,2
Cajueiro - Tanques,MARANGUAPE,CV,-4.052447,-38.824042469808,2,2,2,6
Rua do Meio - Barroso ll,PASSARÉ,CV,-3.814345,-38.52785501966305,2,2,2,2
Campo do Cruzeiro ,BARRA DO CEARÁ,CV,-3.703096,-38.58527753337927,2,2,2,2
Campo de Aviação ,PARACURU,CV,-3.418953,-39.02792735717658,2,2,2,2
Tanques,PALMÁCIA,CV,-4.083038,-38.79283460683254,2,2,2,10
Comunidade Olical,BARRA DO CEARÁ,CV,-3.709943,-38.575422529481614,2,2,2,2
Comunidade da Boba,FÁTIMA,CV,-3.759051,-38.527571521739134,2,2,2,2
São João ,IBIAPINA,CV,-3.9314085,-40.88841698628789,2,2,2,3
Jamaica - Caça e Pesca ,PRAIA DO FUTURO II,CV,-3.771308,-38.441910165817504,2,2,2,2
Vila Nova de Maranguape,MARANGUAPE,CV,-3.9863145,-38.715116613758994,1,2,2,2
MIGUEL PEREIRA DO MAURO - RUSSAS  - PCC,LIMOEIRO DO NORTE,PCC,-5.0445335,-38.06373947168069,1,2,3,3
Bairro da Brasília ,SENADOR POMPEU,PCC,-5.58999,-39.37832449943288,2,2,2,2
Buraco do Céu ,CRISTO REDENTOR,CV,-3.7069525,-38.56490878483271,2,2,2,2
Praia de Uruaú,BEBERIBE,CV,-4.2245805,-38.04465187449933,1,2,2,4
Veneza,IGUATU,CV,-6.365989,-39.30566042274084,2,2,2,2
Conjunto Industrial,IGUATU,CV,-6.366678,-39.31501127192982,2,2,2,2
CG,GUAJERU,CV,-3.8345255,-38.47405670878626,2,2,2,2
Aldeia Dos Índios ,PACAJUS,CV,-4.1770705,-38.45008241646728,2,2,2,2
BECO DO BURACO - VILA SÃO JOSÉ - ALTO DO CAJUEIRO,MARACANAÚ,CV,-3.895212,-38.69095230633209,1,2,2,2
Ponta da Serra de Pitaguari,PACATUBA,CV,-3.937844,-38.609739219689615,2,2,6,6
Quiobal - Pacatuba,PACATUBA,CV,-3.999385,-38.61919422424909,0,2,2,2
Bela Vista de Barbalha,BARBALHA,PCC,-7.3279825,-39.29743449754902,2,2,2,3
Acoafa - Missão Velha,MISSÃO VELHA,PCC,-7.2572975,-39.14584500948574,2,2,2,5
Cacimbas,CRATO,PCC,-7.235053,-39.4282281336794,1,2,3,3
São Sebastião ,BATURITE,CV,-4.2889365,-38.827012927545866,2,2,2,6
Ponte ,SÃO JOÃO DO TAUAPE,CV,-3.7544785,-38.50397284208776,2,2,2,2
Vila São Vicente,VARJOTA,CV,-3.730866,-38.486788419113424,2,2,2,2
Parque Santa Fé,MARACANAÚ,CV,-3.8998485,-38.68684307680023,2,2,2,2
Nova Aldeota- Tauá,TAUÁ,PCC,-5.987464,-40.292775637153326,2,2,2,2
Conjunto Comando Vermelho,ÁLVARO WEYNE,CV,-3.7129145,-38.57423904833636,2,2,2,2
Comunidade do Presídio,RACHEL DE QUEIROZ,CV,-3.805377,-38.55628175583897,2,2,2,2
Distrito de Paripueira,FORTIM,CV,-4.372215000000001,-37.92418796149896,2,2,4,4
Praia da Redonda - Icapuí,ICAPUÍ,CV,-4.650521,-37.47504666666667,2,2,2,2
Morro do Grêmio ,BARRA DO CEARÁ,CV,-3.6985515,-38.57881062878393,2,2,2,2
Vila Novo Horizonte,CRATO,CV,-7.255941,-39.43004164949748,2,2,2,2
Guaribas,EUSÉBIO,CV,-3.8728815,-38.45991829534715,2,2,2,2
Timbu,EUSÉBIO,CV,-3.864665,-38.43689050137699,0,2,6,6
Ap,RACHEL DE QUEIROZ,CV,-3.8026365,-38.55222624066092,2,2,2,2
Vila Pacheco,PINDORETAMA,CV,-4.114174,-38.248306277909066,0,2,2,2
Gereraú,MARACANAÚ,CV,-3.9423455,-38.68974270917971,0,2,5,5
Ladeira Grande ,MARANGUAPE,CV,-3.9742835,-38.708074645786425,2,2,2,3
Tabajara,TIANGUA,CV,-3.730194,-40.98402233193624,2,2,2,2
Campo Do Bangu - Complexo Da Rosalina ,PARQUE DOIS IRMĂOS,CV,-3.8130545,-38.54154082034909,2,2,2,2
Betânia ,MERUOCA,CV,-3.6749825,-40.34001012662338,0,2,2,2
Cidade de Aiuabá ,AIUABA,CV,-6.567087,-40.12166362751883,0,2,3,7
Parazinho,MARTINÓPOLE,CV,-3.0405985,-40.681127888301866,2,2,3,3
Mirante ,PINDORETAMA,CV,-4.131612499999999,-38.26061498864499,1,2,2,2
Lagoinha ,PARAIPABA,CV,-3.3485608,-39.137210448652525,2,2,2,2
Comunidade da Maloca,ARACATI,CV,-4.5751925,-37.76971553804751,2,2,2,2
Jardim - Aracati,FORTIM,CV,-4.5308065,-37.800264970342496,2,2,2,7
Beco do 12,LAGOA REDONDA,CV,-3.8095985,-38.45221237758389,0,2,2,2
CENTRO DE BARBALHA,BARBALHA,PCC,-7.3097654,-39.3029558058638,1,2,2,2
Comunidade dos Sem Terra,SIQUEIRA,CV,-3.8001935,-38.62400491556603,2,2,2,2
Parque Aratanha,PACATUBA,CV,-3.9791125,-38.61293133126252,2,2,2,2
Bairro São Luís - Pacatuba,PACATUBA,CV,-3.979643,-38.59122510167922,0,2,8,8
São Bento- Pacatuba,PACATUBA,CV,-3.984154,-38.60619018091832,0,2,2,4
Comunidade da feira,CANINDEZINHO,CV,-3.8086455,-38.60372697211538,2,2,2,2
Ac,CARLITO PAMPLONA,CV,-3.715404,-38.54973787772688,2,2,2,2
Conj. Jaciara ,BARRA DO CEARÁ,CV,-3.7124715,-38.581573643401015,2,2,2,2
Novo Recanto,MERUOCA,CV,-3.6636755,-40.33944704314814,2,2,4,5
Comunidade Beira Rio - Canidezinho,CANINDEZINHO,CV,-3.8096675,-38.59696583563536,2,2,2,2
Tanque,CONJUNTO ESPERANÇA,CV,-3.8095455,-38.59420090674418,2,2,2,2
Atibaia ,ALTO ALEGRE II,CV,-3.8231945,-38.6187965860215,2,2,2,2
Novo Mondubim  ,NOVO MONDUBIM,CV,-3.8052575,-38.58948612857799,2,2,2,2
Comunidade do Reservatório ,CANINDEZINHO,CV,-3.816079,-38.60374892700535,2,2,2,2
sidronio - Presidente Vargas,PARQUE PRESIDENTE VARGAS,CV,-3.829219,-38.59997309995421,2,2,2,2
"CJ. NOSSA SENHORA DO ROSÁRIO, CDD - RUSSAS - CV",QUIXERE,PCC,-4.917683,-37.98010000960369,2,2,2,2
Carapió - Itaitinga,ITAITINGA,CV,-3.965347,-38.55383438253798,2,2,2,6
Distrito de Juriatinha,ACARAÚ,CV,-2.8989005,-40.00421259958792,2,2,3,9
Bairro Pedragal - Santana do Acaraú,SANTANA DO ACARAÚ,CV,-3.460445,-40.20044706594349,2,2,2,2
Rua Gaspar Dutra,PLANALTO AYRTON SENNA,CV,-3.836228,-38.56917137135399,2,2,2,2
Comunidade Do Brooklyn ,LAGOA REDONDA,CV,-3.8300765,-38.461618767892446,2,2,2,2
Aranaú,CRUZ,CV,-2.821926,-40.22255588089431,0,2,2,3
Comunidade Da Feira - Conjunto Esperança,CONJUNTO ESPERANÇA,CV,-3.8161315,-38.59255808460886,2,2,2,2
Comunidade do gatilho - Conjunto Esperança,CONJUNTO ESPERANÇA,CV,-3.815158,-38.593703070901455,2,2,2,2
Comunidade Do Canal - São Cristóvão ,BARROSO,CV,-3.830431,-38.52440328329536,2,2,2,2
Padre Ibiapina ,MERUOCA,CV,-3.6883075,-40.36313892048011,2,2,2,2
Ap Cidade De Deus,ALTO DA BALANÇA,CV,-3.759465,-38.51809110661474,2,2,2,2
Conjunto Nossa Senhora de Fátima,ALTO DA BALANÇA,CV,-3.7580795,-38.51894736668346,2,2,2,2
Comunidade Dos Trilho,SÃO JOÃO DO TAUAPE,CV,-3.760333,-38.51035228207811,2,2,2,2
Barreira,BARREIRA,CV,-3.7455615,-38.49139542589792,2,2,2,2
MATINHO - JAGUARUANA - TDN/MASSA,JAGUARUANA,CV,-4.860538,-37.79211104555206,2,2,2,4
ALTO DO VELAME - RUSSAS ,QUIXERE,CV,-4.955302,-37.97586783232629,1,2,2,5
PLACAS - RUSSAS ,QUIXERE,CV,-4.955826999999999,-37.99818805579399,2,2,3,3
Comunidade do Come Queto,ITAPERI,CV,-3.791845,-38.546007544316105,2,2,2,2
Comunidade dos Cariocas - Caucaia,MARECHAL RONDON,CV,-3.7793745,-38.631213609798365,2,2,2,2
Multirão - itaitinga,ITAITINGA,CV,-4.002528,-38.51766125,2,2,4,9
Comunidade do Posto,JACARECANGA,CV,-3.7185635,-38.54773945498671,2,2,2,2
Comunidade da Iracema,JACARECANGA,CV,-3.7148295,-38.54752266167193,2,2,2,2
Beco Dos Pescadores ,CAIS DO PORTO,CV,-3.7187485,-38.464316485190565,2,2,2,2
Tapuio,EUSÉBIO,CV,-3.9229135,-38.44040198736161,0,2,2,2
Divineia,AQUIRAZ,CV,-3.9132665,-38.38546179170086,2,2,2,2
Parnamirim ,EUSÉBIO,CV,-3.8820515,-38.45616917016177,0,2,2,2
ALTO - JAGUARUANA - TDN/MASSA,JAGUARUANA,CV,-4.8293455,-37.77807327092442,2,2,3,3
FAVELA DO AGACI - RUSSAS ,QUIXERE,CV,-4.931357,-37.98732204290022,2,2,2,2
Conjunto Papicu,DE LOURDES,CV,-3.743865,-38.468140302209726,2,2,2,2
Comunidade do Campinho (Aerolândia),ALTO DA BALANÇA,CV,-3.7670985,-38.50975769625744,2,2,2,2
Comunidade do Papoco,MUCURIPE,CV,-3.7254435,-38.48872501604156,2,2,2,2
Cajamar,NOVO MONDUBIM,CV,-3.8105605,-38.58595736427469,2,2,2,2
Lagoa Da Libania - Parque Santana,MONDUBIM,CV,-3.816672,-38.576853742972695,2,2,2,2
Boa Vista - Mondubim,ARACAPÉ,CV,-3.822789,-38.58200605056625,2,2,2,2
Loteamento São Mateus,NOVO MONDUBIM,CV,-3.816337,-38.58256021628721,2,2,2,2
Campo Rio Negro - Parque Santana,MONDUBIM,CV,-3.818114,-38.57801365391154,2,2,2,2
Favela do Morcego,ARACAPÉ,CV,-3.8208565,-38.58063144929078,2,2,2,2
Viametro,PLANALTO AYRTON SENNA,CV,-3.8315875,-38.57935174489796,2,2,2,2
Distrito de Alto Lindo,SÃO BENEDITO,TCP/GDE,-3.98229,-40.942244101668464,1,2,2,4
Patos - Várzea alegre,VÁRZEA ALEGRE,TCP/GDE,-6.7906955,-39.28989023226311,2,2,2,2
Vila Cacilda - Várzea alegre,VÁRZEA ALEGRE,TCP/GDE,-6.787307,-39.29469283983326,2,2,2,2
Planalto dos lemos - Cedro,CEDRO,TCP/GDE,-6.627967,-39.06129057571256,2,2,2,2
Jardim Afonso Celso - Cedro,CEDRO,TCP/GDE,-6.596099000000001,-39.06745513445078,2,2,4,8
Novo Rumo,AQUIRAZ,CV,-3.920352,-38.3855750919624,1,2,2,2
Bairro do Machuca,AQUIRAZ,CV,-3.9403535,-38.38619597367379,0,2,2,2
Fazendinha - Santa Maria ,PARQUE SANTA MARIA,CV,-3.853102,-38.503707374717656,2,2,2,2
Rua Do Moreira - Santa Maria ,PARQUE SANTA MARIA,CV,-3.850955,-38.50103781849315,2,2,2,2
Fornalhão ,FRECHEIRINHA,CV,-3.800886,-40.859524070062776,2,2,2,2
Velame - Aracati,FORTIM,CV,-4.572595,-37.78085409937391,0,2,2,2
Samambaia Bonsucesso,JOÃO XXIII,CV,-3.774042,-38.59190260330882,2,2,2,2
Maré Alta - Serviluz,CAIS DO PORTO,CV,-3.708156,-38.4687995,2,2,2,2
Beco Da Pf ,VICENTE PINZÓN,CV,-3.721291,-38.46356709166666,2,2,2,2
Comunidade do Parafuso,VICENTE PINZÓN,CV,-3.728278,-38.459852211427126,2,2,2,2
Comunidade da VP,VICENTE PINZÓN,CV,-3.723915,-38.46235531489285,2,2,2,2
Comunidade Renascer,SÃO BENTO,CV,-3.8498845,-38.48103081146064,2,2,2,2
Jacaré (Bela Vista),BELA VISTA,CV,-3.753585,-38.56138433580783,2,2,2,2
Marmoré,CAPISTRANO,CV,-4.495927999999999,-38.89954806003759,2,2,2,5
Conjunto Habitacional Maria José,BATURITE,CV,-4.34767,-38.862651674084674,0,2,2,2
Alto Alegre - Baturité,BATURITE,CV,-4.3544125000000005,-38.84834784218352,2,2,4,4
Nova Veneza,UBAJARA,CV,-3.8442415,-41.005872622314605,0,2,2,4
Bairro do Cemitério ,IPAPORANGA,CV,-4.9027325,-40.76351322208251,2,2,2,2
Morro Alto,ICAPUÍ,CV,-4.701653,-37.36324143808852,0,2,4,4
Faveira Carnaubal - São Benedito,SAO BENEDITO,TCP/GDE,-4.06059695,-40.96565245321344,2,2,2,6
Beco Dos Cavalos ,FLORESTA,CV,-3.7278,-38.578319456970576,2,2,2,2
Araquen - Coreaú,COREAÚ,CV,-3.59898,-40.81064971983453,2,2,3,6
Marechal Benfica,BENFICA,CV,-3.7390645,-38.53629199148983,2,2,2,2
Bom Jesus - Maracanaú,SIQUEIRA,CV,-3.814899,-38.63701696626264,2,2,2,2
Casinhas ,VILA VELHA,CV,-3.713084,-38.602851282167066,2,2,2,2
Comunidade O.R,VILA VELHA,CV,-3.7132435,-38.60448446935833,2,2,2,2
Praia do Canto Verde,FORTIM,TCP/GDE,-4.3206825,-37.93067389752492,2,2,3,3
Comunidade do Rato,JARDIM CEARENSE,CV,-3.8074595,-38.56312316564208,2,2,2,2
Comunidade Alto da Paz,JARDIM CEARENSE,CV,-3.8048665,-38.560065306122446,2,2,2,2
Nova Brasilia ,JAGUARIBE,CV,-5.9037295,-38.62437378774963,0,2,3,3
Portelinha ,VILA VELHA,CV,-3.721082,-38.60470896703258,2,2,2,2
SÃO JOSÉ X COM JN,JUAZEIRO DO NORTE,CV,-7.23481795,-39.364006302889656,1,2,4,4
Comunidade da Ilha,CRATEÚS,CV,-5.1694365,-40.6665955985309,2,2,2,2
Sem Terra,BATURITE,CV,-4.340706,-38.86552959984926,2,2,2,2
Bairro PROUBR,BATURITE,CV,-4.347761,-38.87205029947819,2,2,2,4
Guajiru - Trairí ,TRAIRI,CV,-3.240032,-39.23433483180378,2,2,2,2
Itacima,PALMÁCIA,CV,-4.1391765,-38.75435404257358,2,2,4,6
Bairro Emprestimos,PIRES FERREIRA,CV,-4.187424,-40.48580910314524,2,2,3,9
Lages,JAGUARIBARA,CV,-5.4657205,-38.47334357815839,2,2,3,4
Pires Ferreira,PIRES FERREIRA,CV,-4.245874000000001,-40.64822390409195,1,2,2,3
VILA DA PAZ - LIMOEIRO DO NORTE,LIMOEIRO DO NORTE,CV,-5.153873,-38.151304212532935,1,2,2,2
Comunidade Cidade de Deus,ALTO DA BALANÇA,CV,-3.7595215,-38.516691910956965,2,2,2,2
Bairro Balneario,PIRES FERREIRA,CV,-4.195031,-40.47876680032523,2,2,2,2
Favela Dos cocó ,GENIBAÚ,CV,-3.760785,-38.59689424416658,2,2,2,2
Canal - Conj. Palmeiras I ,CONJUNTO PALMEIRAS,CV,-3.846035,-38.530503863978495,2,2,2,2
Favelinha,CONJUNTO PALMEIRAS,CV,-3.8520125,-38.525234346089306,2,2,2,2
Comunidade da Travessa,ITAOCA,CV,-3.7778675,-38.553794016550526,2,2,2,2
Comunidade dos Fluxos,ITAPERI,CV,-3.785214,-38.54924318932874,2,2,2,2
Comunidade das cobras,PARQUE SANTA MARIA,CV,-3.8473185,-38.50078983956044,2,2,2,2
Tarrafas,TARRAFAS,CV,-6.68441,-39.75618968871129,2,2,2,7
Ouro Verde,EUSÉBIO,CV,-3.856812,-38.44689018651087,0,2,2,2
Distrito de Sucatinga,BEBERIBE,CV,-4.2607035,-38.05169310827085,1,2,2,7
Favela do Texas ou Favela do T,AEROLÂNDIA,CV,-3.7713185,-38.51248860871528,2,2,2,2
Polígono 2223,BOM FUTURO,CV,-3.7574465,-38.54849645411717,2,2,2,2
Comunidade do Riacho Doce,DAMAS,CV,-3.7571645,-38.55203387515489,2,2,2,2
Pedras- Itaitinga,ITAITINGA,CV,-3.9732755,-38.5416528792873,2,2,2,2
Jardim Das Oliveiras ,JARDIM DAS OLIVEIRAS,CV,-4.7473565,-40.93348083938356,1,2,2,2
Pascoal,PACAJUS,CV,-4.223929500000001,-38.5738045348104,2,2,3,12
Comunidade da Baixada,EDSON QUEIROZ,CV,-3.769978,-38.47071729631972,2,2,2,2
Mestre Antônio ,PARQUE SOLEDADE,CV,-3.7091225,-38.67194340733634,2,2,2,2
Campo do Urubu - Caucaia,PARQUE SOLEDADE,CV,-3.7187165,-38.66817737412961,2,2,2,2
Iparana,IPARANA,CV,-3.6921965,-38.6208781,2,2,2,2
GUAIÉ,IPARANA,CV,-3.697032,-38.62592755444896,0,2,2,2
Caixa D'água ,MONSENHOR TABOSA,CV,-4.801224,-40.06495272945206,2,2,2,8
Comunidade 4 Quadras,FLORESTA,CV,-3.7180445,-38.57595936111111,2,2,2,2
Lagoa - Paracuru,PARACURU,CV,-3.4113965,-39.02488465147213,2,2,2,2
BARROSO,BARROSO,CV,-3.50002,-38.99727632766209,2,2,2,14
Bairro do Planalto ,CRATEÚS,CV,-5.1872705,-40.677462556,2,2,2,2
Bairro da Mutamba,ICAPUÍ,CV,-4.6892205,-37.39237203458123,0,2,4,5
Comunidade dos Trilhos,DAMAS,CV,-3.7490115,-38.54845786389585,2,2,2,2
Cicol,SÃO GERARDO,CV,-3.729441,-38.554900809712905,2,2,2,2
Mangueiras ,PARQUE SOLEDADE,CV,-3.706248,-38.6738475334935,2,2,2,2
BOA VISTA - PARAIPABA,PARAIPABA,CV,-3.35993305,-39.20270842646,2,2,2,2
Mal. Rondon,MARECHAL RONDON,CV,-3.7761885,-38.62817806523363,2,2,2,2
Mirinduba,AMONTADA,CV,-3.0669605,-39.68070005668605,0,2,3,9
Genipabu,PARQUE SOLEDADE,CV,-3.7250335,-38.71875842149368,0,2,2,2
Vacaria do Dom Lustosa,DOM LUSTOSA,CV,-3.749957,-38.58871304544556,2,2,2,2
PITOMBEIRA - RUSSAS ,QUIXERE,CV,-4.959562999999999,-37.9918457923529,0,2,2,3
IPUEIRA DOS GOMES,CARIDADE,CV,-4.305875500000001,-39.19662873953376,2,2,2,3
Comunidade Forró do Meu,GRANJA LISBOA,CV,-3.796283,-38.619942941761366,2,2,2,2
Palmeirinha ,LAGOA REDONDA,CV,-3.826254,-38.45686883556212,2,2,2,2
Santa Rosa- Messejana,COAÇU,CV,-3.846108,-38.47351265004486,2,2,2,2
Arrebol,COAÇU,CV,-3.841285,-38.471130851837074,2,2,2,2
RDF,VICENTE PINZÓN,CV,-3.726706,-38.46523310282363,2,2,2,2
Comunidade da Estiva,CAIS DO PORTO,CV,-3.7112885,-38.47071585999629,2,2,2,2
Petecas ,VICENTE PINZÓN,CV,-3.728137,-38.4625455813492,2,2,2,2
Bairro do Coité,EUSÉBIO,CV,-3.8822275,-38.47494950896337,0,2,2,2
Favelinha ,BARRA DO CEARÁ,CV,-3.6981895,-38.581784449831645,2,2,2,2
Comunidade da Tubiacanga,PASSARÉ,CV,-3.8167275,-38.53777609924243,2,2,2,2
Caixa d' Água,SERRINHA,CV,-3.782505,-38.543668320629365,2,2,2,2
Pajuçara,IPARANA,CV,-3.6680705,-38.713011435294206,0,2,2,2
Bairro Cajas,CRATEÚS,CV,-5.165112499999999,-40.65962115769232,2,2,2,2
Comunidade Rabo da Gata,CRATEÚS,CV,-5.1761415,-40.6626637537594,2,2,2,2
Comunidade Cristo Redentor,PAUPINA,CV,-3.8707095,-38.4930260718295,2,2,2,2
Bico da Arara - Caririaçu,CARIRIAÇU,TCP/GDE,-7.0435385,-39.27141109745263,2,2,4,6
Monte Nego - Caririaçu,CARIRIAÇU,TCP/GDE,-7.042282999999999,-39.28062004265655,2,2,2,2
José Agustinho - Caririaçu,CARIRIAÇU,TCP/GDE,-7.0392335,-39.28234505383443,2,2,2,2
Buraco (Complexo do Vicente Pinzon),VICENTE PINZÓN,CV,-3.727407,-38.47485823413904,2,2,2,2
Comunidade do Velame,FORTIM,CV,-4.5664565,-37.77500108522728,2,2,2,2
Vila São Cristóvão ,ARACATI,CV,-4.574577,-37.77674635477533,2,2,2,2
Quixabá,ARACATI,CV,-4.5719445,-37.6574172949536,2,2,2,2
Farol - Serviluz ,CAIS DO PORTO,CV,-3.708092,-38.46982650648648,2,2,2,2
Barra Nova,PINDORETAMA,CV,-4.0997385,-38.15378826716751,2,2,2,5
Mingau ll,CAUCAIA,CV,-3.8139025,-38.72685775336584,2,2,2,2
Alto da Alegria - Barbalha,BARBALHA,CV,-7.3090345,-39.29372738050479,1,2,2,2
Morro do Urubu,CRATEÚS,CV,-5.170977000000001,-40.672012389728806,2,2,2,2
Cohab - Crateús ,CRATEÚS,CV,-5.156844,-40.66140935911371,2,2,2,4
Monte (Canindé),CANINDÉ,CV,-4.360272,-39.31991997730585,2,2,2,2
Coelho Neto,ÁLVARO WEYNE,CV,-3.7186985,-38.569913,2,2,2,2
Boqueirão- Caucaia,CAUCAIA,CV,-3.725665,-38.76734659426866,2,2,3,3
Comunidade Coelho Neto ou Vila Amarela,FLORESTA,CV,-3.715168,-38.57626549554942,2,2,2,2
Conjunto 7 Prédios,BARRA DO CEARÁ,CV,-3.705647,-38.58330883807066,2,2,2,2
MATA DOS LIMAS,JUAZEIRO DO NORTE,CV,-7.27841795,-39.32609351031857,1,2,5,6
Conjunto Habitacional da Rosalina (Complexo da Rosalina),PARQUE DOIS IRMĂOS,CV,-3.8092085,-38.54718783366599,2,2,2,2
Cidade Nova ,CIDADE NOVA,TCP/GDE,-4.0410925,-40.86065747802374,2,2,2,2
Blocos- Paupina,COAÇU,CV,-3.847221,-38.48161743536404,2,2,2,2
Queimados,HORIZONTE,CV,-4.1198005,-38.526050134556,2,2,2,2
Parque Araxá,PARQUE ARAXÁ,CV,-3.7390505,-38.54507869322444,0,2,2,2
Mirante da Serra - Cascavel,PINDORETAMA,CV,-4.1434185,-38.252932522686535,2,2,3,9
Alto da Coruja,ITAPERI,CV,-3.787102,-38.55031323097463,2,2,2,2
PRAIA DAS CURIMÃS,BARROQUINHA,CV,-2.8908547,-41.184212607529645,2,2,2,2
Potiretama,POTIRETAMA,CV,-5.7205555,-38.15294135212025,2,2,2,9
Vila Brasilia - Banabuiu,BANABUIÚ,CV,-5.3184255,-38.92020698471223,0,2,2,3
Lagoinha,EUSÉBIO,CV,-3.8944345,-38.43832489181632,0,2,2,2
Quatigaba,TIANGUA,CV,-3.674697,-41.06723559607984,0,2,3,11
Comunidade dos Trilhos,COCÓ,CV,-3.745208,-38.49018138383838,2,2,6,6
Alto do Cristo,CAMOCIM,CV,-3.1238155,-40.82511418057828,2,2,2,2
Vacaria do Dom Lustosa,DOM LUSTOSA,CV,-3.7488935,-38.586669894184425,2,2,2,2
Sem terra ,BOA VISTA/CASTELÃO,CV,-3.8004325,-38.52749863535032,2,2,2,2
Samassa,RODOLFO TEÓFILO,CV,-3.7450355,-38.55246534973924,2,2,2,2
Beco da Betânia ,PARANGABA,CV,-3.784089,-38.56257552777778,2,2,2,2
Brejo,EUSÉBIO,CV,-3.8567535,-38.45712929813025,2,2,2,2
Coimbra (Complexo do Pirambu),CRISTO REDENTOR,CV,-3.7068075,-38.560593773047565,2,2,2,2
Morada Nova - Acaraú ,ACARAÚ,CV,-2.9146,-40.12231816271276,0,2,2,2
AEROPORTO - RUSSAS ,QUIXERE,CV,-4.945611,-38.00364620555608,2,2,2,2
Comunidade da Arca,SÃO MIGUEL,CV,-3.745727,-38.6019423610649,2,2,2,2
Favela do Lameral,PARQUE DAS NAÇÕES,CV,-3.745599,-38.60723114817606,2,2,2,2
Parque Albano,PARQUE ALBANO,CV,-3.7548755,-38.61191105317578,2,2,2,2
Praia das Fontes ,CASCAVEL,CV,-4.185195,-38.09552309392524,0,2,3,4
Planalto Nova Pompeia,QUIXERAMOBIM,CV,-5.1871825000000005,-39.301583438257325,1,1,1,2
Violete ,SÃO GONÇALO DO AMARANTE,CV,-3.672304,-39.07993671015643,1,1,2,3
Papara - Maranguape,MARANGUAPE,CV,-4.025085000000001,-38.74585017102842,1,1,1,1
Boca do Acre,CAMOCIM,CV,-3.130125,-40.828634891321045,1,1,1,2
Pimenteira- São Benedito,SAO BENEDITO,TCP/GDE,-4.031795499999999,-40.86757368601269,1,1,1,1
José de Alencar,JOSÉ DE ALENCAR,CV,-4.572158,-37.76909970352917,1,1,1,1
Beleza - Parambu,PARAMBU,CV,-6.204238500000001,-40.698821145142205,0,1,1,2
Vila Nova - Parambu,PARAMBU,CV,-6.2192505,-40.70816068888739,1,1,1,5
Caixa D'Água - Parambu,PARAMBU,CV,-6.214154000000001,-40.70225835678883,1,1,1,1
Bairro Brasília - Parambu,PARAMBU,CV,-6.2196885,-40.69905913569079,1,1,1,1
ALTO SÃO JOÃO - RUSSAS,QUIXERE,CV,-4.9401235,-38.000235341780666,0,1,1,1
Severino - Uruburetama ,URUBURETAMA,CV,-3.569522,-39.509736366339126,1,1,1,2
Bairro Santo André de Barbalha,BARBALHA,CV,-7.3277185,-39.29490061117396,1,1,1,1
Comunidade Pedra Viva,CRATEÚS,CV,-5.183778,-40.6524019226941,1,1,1,1
Ibaretama,IBARETAMA,TCP/GDE,-4.8185965,-38.81739213533034,1,1,1,21
Cruzeiro,GRAÇA,TCP/GDE,-4.059226000000001,-40.86422522329356,1,1,1,1
Pedra Redonda,ITAIÇABA,MASSA,-4.592385500000001,-37.79706788565506,1,1,1,1
Pedrinha - Acaraú ,ACARAÚ,CV,-2.8760125,-40.11988675532424,1,1,1,1
Itaipaba,ACARAPE,CV,-4.185887,-38.58543463200935,0,1,1,5
EMBOQUE TCP,BREJO SANTO,TCP/GDE,-7.49663375,-38.98160462798354,1,1,1,3
Pega Avoante - Cedro,CEDRO,TCP/GDE,-6.615581499999999,-39.0604580118451,1,1,1,1
Distrito de Várzea Redonda,SÃO GONÇALO DO AMARANTE,CV,-3.531141,-39.146702974563325,1,1,2,2
Beco do Siri,ARACATI,CV,-4.573481,-37.77403222253582,1,1,1,1
Comunidade da Prescilha,ARACATI,CV,-4.576075,-37.76358912599049,1,1,1,1
Vila São José,ARACATI,CV,-4.5844465,-37.77580122099402,1,1,1,1
Castelo,ARACATI,CV,-4.572292,-37.77236681782946,1,1,1,1
Vila Por do Sol,PARAIPABA,CV,-3.348394,-39.144498669305,1,1,2,2
Bairro do Aterro,ARACATI,CV,-4.570834,-37.76652603717472,1,1,1,1
PEIXE - RUSSAS - PCC,RUSSAS,PCC,-4.9264655,-38.08906801417878,1,1,1,1
SITIO CANTO - RUSSAS ,QUIXERE,PCC,-4.9867805,-38.02234954932168,1,1,4,4
BONFIM,GROAIRAS,PCC,-3.77551995,-40.45660911541083,1,1,1,2
Multirao,QUIXERE,PCC,-4.91913,-37.98648288681152,1,1,1,1
Aroeiras - Coreau,ALCÂNTARAS,CV,-3.64286,-40.62257194060838,1,1,1,5
Alto do Cruzeiro- Senador Pompeu,SENADOR POMPEU,CV,-5.584097,-39.378789160194174,1,1,1,1
Pantanal- Senador Pompeu,SENADOR POMPEU,CV,-5.5834775,-39.38197114677419,1,1,1,2
São Vicente,CRATEÚS,CV,-5.178925,-40.66435268272346,1,1,1,1
Conjunto Nova Assunção,BARROSO,CV,-3.8167655,-38.51537033470456,1,1,1,1
Alto da Raposa,CAUCAIA,CV,-3.7042635,-38.758763363575866,1,1,1,1
Vila do Felix - Beberibe,BEBERIBE,CV,-4.513702,-38.18288922529632,0,1,2,5
Cajuais,ICAPUÍ,CV,-4.699125,-37.37843153678078,1,1,1,1
Conjunto Esperança - Quixeramobim,QUIXERAMOBIM,CV,-5.188613999999999,-39.27756156292829,1,1,1,2
Vila São Paulo,QUIXERAMOBIM,CV,-5.1956035,-39.28232205420801,1,1,1,1
Loteamente Monte Flor,QUIXERAMOBIM,CV,-5.183465,-39.2979394915334,0,1,1,1
CORREGO DE AREIA - LIMOEIRO DO NORTE,LIMOEIRO DO NORTE,CV,-5.199031,-38.12430660586979,0,1,1,3
Duque de Caxias,FORTIM,CV,-4.5543885,-37.76314283968309,1,1,1,1
Bairro da Baixada,ARACATI,CV,-4.559145,-37.7634271615424,1,1,1,1
Vila Pinheiro,JAGUARIBE,CV,-5.9071545,-38.62229170278865,1,1,1,1
Guajiru,FORTIM,CV,-4.415637,-37.84731316098901,1,1,1,3
Sítio Guarda,AQUIRAZ,CV,-4.034732,-38.42441318439288,0,1,3,5
Sinal,ARACATI,CV,-4.5618695,-37.76551496120324,1,1,1,1
Bairro do Patu,SENADOR POMPEU,PCC,-5.5935935,-39.37838274788584,1,1,1,4
Urbano Teixeira - Itapipoca ,ITAPIPOCA,PCC,-3.4907855,-39.599771499207954,1,1,6,8
Novo Horizonte - Itapipoca ,ITAPIPOCA,PCC,-3.4939955,-39.594880915804325,1,1,1,1
Mourão - Itapipoca ,ITAPIPOCA,PCC,-3.50155,-39.59733507270906,1,1,1,1
JARDIM DE SÃO JOSÉ - RUSSAS ,LIMOEIRO DO NORTE,PCC,-5.0107610000000005,-38.04868010897178,0,1,3,3
Chácara da Prainha ou Portelinha,AQUIRAZ,CV,-3.906082,-38.368614317422654,1,1,1,1
Boqueirão - Caucaia ,CAUCAIA,CV,-3.746939,-38.87516787567205,0,1,1,5
Rua da Torre,FORTIM,CV,-4.5550025000000005,-37.76247319411682,1,1,1,1
Barra - Fortim,FORTIM,CV,-4.4347005,-37.78501848087461,0,1,1,1
Maceió - Fortim,FORTIM,CV,-4.408803,-37.78649404853059,1,1,1,1
Olho D'água - Aracati,ARACATI,CV,-4.644607499999999,-37.59367329686114,1,1,2,3
Salgadinho,ITAPIPOCA,PCC,-3.5031845,-39.575081916702246,0,1,1,1
Área Nobre,ITAPIPOCA,PCC,-3.4969015,-39.57176385604953,0,1,1,1
Bairro José Alexandrino Nogueira- Tauá,TAUÁ,PCC,-5.995145,-40.298858073239366,1,1,1,1
SÃO MIGUEL,SÃO MIGUEL,PCC,-7.337009,-38.66448823781549,1,1,1,1
Boa Vista dos Vieiras,MARANGUAPE,CV,-4.0212465,-38.71882331504024,1,1,2,2
Jubaia de Maranguape,GUAIÚBA,CV,-4.052271,-38.71212501812039,0,1,1,1
Nossa Sra. Dos Navegantes ,BARROQUINHA,CV,-3.0225745,-41.13553855208452,1,1,1,1
Comunidade do Canal - Pajuçara,CIDADE NOVA,CV,-3.864122,-38.57832183712354,0,1,1,1
JARANDRAGOEIRA,CAUCAIA,CV,-3.8085208,-38.7461326206013,1,1,1,3
Tabua Lascada - Aracati,ITAIÇABA,CV,-4.640371,-37.79642617513369,0,1,1,1
Alto do Posto ,CAMOCIM,CV,-3.1277565000000003,-40.833564366411565,1,1,1,3
Alto do Tor,JUCÁS,CV,-6.5257775,-39.53725137498004,1,1,1,4
Gargoe,ITAREMA,CV,-2.9440125000000004,-39.91256337240058,1,1,1,1
Ererê,ERERÉ,PCC,-6.0272015,-38.3429266056077,0,1,1,1
Planalto Das Bailarinas,ACARAÚ,CV,-2.9067815,-40.1150862429348,1,1,1,1
Vila Cabral,EUSÉBIO,CV,-3.8848155,-38.40904141990978,0,1,2,2
Pratius ll,PINDORETAMA,CV,-4.035363,-38.252506005810254,1,1,4,4
Lagoa Do Tigre Sul,NOVO ORIENTE,PCC,-5.5388605,-40.78721945517714,0,1,1,1
Boqueirão De Cesário - Russas ,BEBERIBE,CV,-4.590256,-38.209810714442966,1,1,1,3
Patriarcas,CRATEÚS,CV,-5.164568,-40.66733086024213,1,1,1,1
Jose Rosa,CRATEÚS,CV,-5.1795290000000005,-40.649122431208056,1,1,1,2
Vicente Rodrigues ,NOVO ORIENTE,PCC,-5.5274265,-40.77853589293461,0,1,1,6
Mirandao,CRATO,PCC,-7.2366075,-39.39618299789758,1,1,1,1
Praia do Balbino,PINDORETAMA,CV,-4.021958,-38.221910205002594,1,1,2,2
Tijucussu 2,PINDORETAMA,CV,-4.0773075,-38.24678216832242,1,1,1,1
Praia do Presídio,AQUIRAZ,CV,-3.934014,-38.31170290739915,1,1,1,1
Beira do Açude ,PACAJUS,CV,-4.165425,-38.44522456058509,1,1,1,1
Caracará,MIRAIMA,CV,-3.7143545,-40.01846947510094,1,1,1,3
Caiçara,JIJOCA DE JERICOACOARA,CV,-2.8578145,-40.4078603592763,1,1,1,1
Cohab,PARQUE SOLEDADE,CV,-3.723916,-38.698575540777696,1,1,2,2
Aningas,HORIZONTE,CV,-4.1083485,-38.400872051362086,1,1,2,2
Distrito de Cabreiro,ITAIÇABA,CV,-4.6162995,-37.83219973361192,1,1,1,1
Trizidela - Monsenhor Tabosa ,MONSENHOR TABOSA,CV,-4.787567,-40.05740396403944,1,1,1,1
Prado - Monsenhor Tabosa ,MONSENHOR TABOSA,CV,-4.7952405,-40.06225397638366,1,1,1,1
Jucás - Monsenhor Tabosa ,MONSENHOR TABOSA,CV,-4.796412500000001,-40.067145963803085,1,1,1,3
Quadra - Monsenhor Tabosa ,MONSENHOR TABOSA,CV,-4.7907025,-40.0600927465733,1,1,1,1
Boa Vista,BATURITE,CV,-4.295187,-38.855854007756136,1,1,1,1
Vila Salete,MOMBAÇA,PCC,-5.7484465,-39.630080258198745,0,1,1,1
Bairro do Pavãozinho,SENADOR POMPEU,PCC,-5.5925725,-39.37994874228916,1,1,1,1
Comunidade Do Avante,ITAPIPOCA,PCC,-3.491655,-39.58262016073449,1,1,1,1
Chora,SAO BENEDITO,PCC,-4.0495505000000005,-40.87358405873644,1,1,2,2
Distrito de Candeia de Baixo,REDENÇÃO,CV,-4.274679,-38.83465104467088,1,1,1,3
Batalhão ,SALITRE,CV,-7.081064,-40.36966914104976,1,1,1,1
Cohab,SALITRE,CV,-7.086262,-40.37268154545454,1,1,1,3
Barragem,SALITRE,CV,-7.0679765,-40.37846887355667,1,1,1,1
SETOR E - PARAIPABA,PARAIPABA,CV,-3.47600725,-39.17556304248168,1,1,3,6
ITANS,ITAPIUNA,CV,-4.60781325,-38.8746562970025,1,1,1,3
Pedrinhas,IBIAPINA,CV,-3.925875,-40.88527074684671,1,1,1,3
Raimundo Linhares,IBIAPINA,CV,-3.922563,-40.89773886693989,0,1,1,1
José Avelino Portela,IBIAPINA,CV,-3.923977,-40.89153411398468,0,1,2,2
Vila Recreio,MOMBAÇA,PCC,-5.739085,-39.62202630383833,1,1,2,6
Pinto Madeira,CRATO,CV,-7.237871999999999,-39.40458301577707,1,1,1,1
Caponga da Bernarda,PINDORETAMA,CV,-4.047810999999999,-38.36417593594801,1,1,6,9
Cajueirinho,BELA CRUZ,CV,-3.0770635000000004,-40.46844984051378,1,1,1,12
Vila Iracema- Mombaça,MOMBAÇA,PCC,-5.750446,-39.63793973580736,1,1,1,1
Bela Vista II- Mauriti,MAURITI,PCC,-7.3757735,-38.76642209951787,1,1,1,1
Setor NH3 - Morada Nova,SÃO JOÃO DO JAGUARIBE,CV,-5.144943,-38.24674640895954,0,1,1,2
João Paulo ll,CANINDÉ,CV,-4.365797000000001,-39.31788524939202,1,1,1,1
Vale do amanhecer,CRATO,CV,-7.2597228,-39.40721675617042,0,1,1,1
Bela vista - Crato,JUAZEIRO DO NORTE,CV,-7.1774465,-39.38654265592602,1,1,1,4
Bairro da Torre,PARACURU,CV,-3.415485,-39.02602995395468,1,1,1,1
Serrote do Piaba ,MERUOCA,PCC,-3.7320865,-40.39207326772031,0,1,1,2
Planalto,PENTECOSTE,CV,-3.7949015,-39.27474035177108,1,1,1,3
Cidade de Ipueiras ,IPUEIRAS,CV,-4.5379345,-40.71876805290879,0,1,3,6
Tibiaquari,BOA VIAGEM,PCC,-5.1261715,-39.72678028886554,1,1,1,1
Favela do Polo,BARROQUINHA,CV,-3.0311195,-41.12967823566038,1,1,1,4
Distrito de Logradouro - Itaiçaba,ITAIÇABA,CV,-4.726433,-37.778326185225694,1,1,1,3
Bairro Miguel de Souza - Guaiuba,GUAIÚBA,CV,-4.046551,-38.63650305390995,1,1,1,1
Ipu Mazagao,URUBURETAMA,CV,-3.5332095,-39.51477659829381,1,1,2,2
Camurupim,TRAIRI,PCC,-3.2888855,-39.29084480277841,0,1,1,1
Manoel Alves Mota,TAUÁ,PCC,-6.0140025,-40.28691754867789,1,1,1,4
Jaime Laurindo,BARROQUINHA,CV,-3.025356,-41.130492411178935,1,1,1,1
Morro do Caboré,ITAREMA,CV,-2.9629380000000003,-39.79557607385121,1,1,2,9
Campo da Espinha,FORTIM,CV,-4.55746,-37.77025485971195,1,1,1,1
Distrito de Vo Terta,GUARACIABA DO NORTE,CV,-4.175031499999999,-40.94466311108049,0,1,4,10
São Sebastião ,AMONTADA,CV,-3.3523305,-39.83384792453271,1,1,1,8
Vila Marizera,JAGUARIBARA,CV,-5.4677395,-38.45280899276983,1,1,3,4
Comunidade Beirada do Rio,FORTIM,CV,-4.55673,-37.774457043650784,1,1,1,1
Ipase,CRATEÚS,CV,-5.18542,-40.66416724813693,1,1,1,1
SITIO GARÇAS - RUSSAS - PCC,QUIXERE,CV,-4.9426845,-37.961777605309145,1,1,1,1
Conjunto Cohab,SENADOR POMPEU,CV,-5.5866765,-39.38184638394496,1,1,3,3
Flores ,AMONTADA,CV,-3.3723645,-39.833449819479526,1,1,1,3
TABULEIRO DO CATAVENTO - RUSSAS - CV,QUIXERE,PCC,-4.923654,-37.982758119732736,1,1,1,1
Mirandinha,SAO BENEDITO,PCC,-4.0452595,-40.876991084926885,1,1,1,1
Boa Vista - Maranguape ,MARANGUAPE,CV,-4.0500915,-38.73729727251705,1,1,2,2
Bairro do Piau,AQUIRAZ,CV,-3.9193805,-38.36892824166529,1,1,1,1
Área Verde,EUSÉBIO,CV,-3.950242,-38.46472992331502,1,1,1,1
Vila Zé augusto - Jaguaruana,JAGUARUANA,CV,-4.842784,-37.7911869676259,0,1,1,1
Campo de Aviação ,CAMOCIM,CV,-3.118908,-40.839123072295024,1,1,1,2
Favela da Cachoeira ,CAMOCIM,CV,-3.1273775,-40.82933917297578,1,1,1,1
Distrito de Taiba,PARACURU,CV,-3.513345,-38.88653545433587,1,1,2,6
Várzea ,MORADA NOVA,TCP/GDE,-5.113097,-38.37252841690981,1,1,1,1
Morro Do Moinho - Paramoti ,PARAMOTI,CV,-4.1028725,-39.24434737794349,0,1,1,4
Serrote - Paramoti ,PARAMOTI,CV,-4.092424,-39.24760929921488,1,1,1,6
MUCAMBINHO,MERUOCA,TCP/GDE,-3.6970983,-40.35676446870579,1,1,1,1
Mongubas - Acaraú ,ACARAÚ,CV,-2.8769645,-40.114586873129255,1,1,1,2
IPIRANGA - RUSSAS ,QUIXERE,CV,-4.947938000000001,-37.986246669032326,0,1,1,1
Planalto Novo- Beberibe,CASCAVEL,CV,-4.1836590000000005,-38.14240391207197,0,1,1,5
Califórnia - Quixadá ,QUIXADA,TCP/GDE,-4.771406499999999,-39.01683274286803,1,1,1,3
Jurema,IBIAPINA,TCP/GDE,-3.940994,-40.92379625,0,1,3,4
Vazantes - Morada Nova,MORADA NOVA,TCP/GDE,-5.100727,-38.33291345376872,1,1,1,3
Parque De Exposições,MORADA NOVA,TCP/GDE,-5.1044345,-38.38757667523685,1,1,3,14
Uiraponga,SÃO JOÃO DO JAGUARIBE,TCP/GDE,-5.2830645,-38.36073418730332,1,1,1,5
CÓRREGO DO SAL,FORTIM,TCP/GDE,-4.3497465,-37.94243051830665,0,1,1,2
BAIXIO,BAIXIO,OKAIDA,-6.7266236,-38.71507900653352,0,0,0,2
Mr2 - João Paulo ll ,BARROSO,CV,-3.823037,-38.5193777270115,0,0,0,0
VOLTA DO SOCÓ / CAMPESTRE DA PENHA,FORTIM,TCP/GDE,-4.34212,-37.93818840451925,0,0,0,1
Comunidade do Cemitério,FORTIM,CV,-4.555369499999999,-37.76914685981309,0,0,0,0
Conjunto José Luna Filho,SÃO LUÍS DO CURU,CV,-3.674629,-39.23380103530752,0,0,0,0
Preaoca,PINDORETAMA,TCP/GDE,-4.085024000000001,-38.35587719889937,0,0,2,6
Jari - Maracanaú,SIQUEIRA,CV,-3.8193475,-38.63062258379432,0,0,0,0
Favela dos Canos,PARQUE SĂO JOSÉ,CV,-3.803023,-38.59263546470588,0,0,0,0
MORRO DOURADO - TCP,BREJO SANTO,TCP/GDE,-7.47185045,-38.977478647521295,0,0,0,0
Rocinha (Complexo do Pirambu),PIRAMBU,CV,-3.710899,-38.55137925600663,0,0,0,0
CIDADE UNIVERSITÁRIA - RUSSAS ,QUIXERE,CV,-4.946251,-37.97454688740815,0,0,0,0
Vila da 6 Q.C,QUINTINO CUNHA,CV,-3.7267795,-38.6017402682016,0,0,0,0
Ilha Dourada ,QUINTINO CUNHA,CV,-3.724744,-38.605321056451615,0,0,0,0
QC,QUINTINO CUNHA,CV,-3.7240585,-38.6036889678334,0,0,0,0
Lagoa - Barbalha,JUAZEIRO DO NORTE,CV,-7.2796615,-39.290750912786606,0,0,0,0
Renê Lucena ll,BREJO SANTO,CV,-7.4816265,-39.00275140012107,0,0,0,0
Raimundo Fernandes,BREJO SANTO,CV,-7.4836825,-39.00879619224072,0,0,1,5
Setor 1 - Morada Nova,MORADA NOVA,TCP/GDE,-5.126215,-38.340856976465616,0,0,1,2
Jardim Novo - Alto santo,ALTO SANTO,TCP/GDE,-5.487707,-38.26170960573825,0,0,3,4
Planalto- Beberibe,CASCAVEL,CV,-4.180161,-38.14354783359136,0,0,0,4
Marinho,HIDROLÂNDIA,CV,-4.411053000000001,-40.4078491170164,0,0,0,1
Progresso,HIDROLÂNDIA,CV,-4.4121115,-40.40203920584489,0,0,0,2
Mororó ,HIDROLÂNDIA,CV,-4.4057815,-40.405667822579446,0,0,0,0
Beco Da Chinesa,AEROLÂNDIA,CV,-3.778868,-38.51720041785968,0,0,0,0
Comunidade da Galileia,ENGENHEIRO LUCIANO CAVALCANTE,CV,-3.772002,-38.48823481459386,0,0,0,0
Comunidade da 25 ,JARDIM DAS OLIVEIRAS,CV,-3.7791165,-38.50423189921223,0,0,0,0
Comunidade Da vela,VARJOTA,CV,-3.742555,-38.48943819964048,0,0,0,0
VILA DOS CARNEIRO - RUSSAS - PCC,QUIXERE,CV,-4.9374995,-37.94684994812872,0,0,0,3
Alto do Bom Princípio ,IPAPORANGA,CV,-4.90517,-40.75757034500074,0,0,0,7
Terra Nova ,CRATEÚS,CV,-5.189593,-40.67349403542609,0,0,0,0
Berra Bode,AQUIRAZ,CV,-3.921465,-38.39313663143808,0,0,0,0
Brasília - Jardim América ,JARDIM AMÉRICA,CV,-3.7513025,-38.537556380992186,0,0,0,0
VDM,CAIS DO PORTO,CV,-3.709533,-38.47094692101911,0,0,0,0
Comunidade dos Pescadores,CAIS DO PORTO,CV,-3.7199835,-38.46579515193515,0,0,0,0
Comunidade do Trilho (Complexo do Vicente Pinzon),MUCURIPE,CV,-3.7248295,-38.47909777780209,0,0,0,0
Beco Da Fumaça ,CAIS DO PORTO,CV,-3.719444,-38.46464925298161,0,0,0,0
TABULEIRO - JAGUARUANA - TDN/MASSA,JAGUARUANA,CV,-4.8362560000000006,-37.77506999525802,0,0,0,2
COHAB - JAGUARUANA - TDN/MASSA,JAGUARUANA,CV,-4.831625,-37.78118340708154,0,0,0,0
CARDEAIS - JAGUARUANA - TDN/MASSA,JAGUARUANA,CV,-4.8541715,-37.81109355461497,0,0,1,1
JUAZEIRO - JAGUARUANA - TDN/MASSA,JAGUARUANA,CV,-4.846658,-37.7839160820316,0,0,0,0
CORREGO DAS MELANCIAS - JAGUARUANA - TDN/MASSA,JAGUARUANA,CV,-4.83692,-37.78865938540396,0,0,0,1
SOCORRO - LIMOEIRO DO NORTE,LIMOEIRO DO NORTE,CV,-5.160368500000001,-38.102371801400736,0,0,2,12
TABULEIRO DA VAQUEJADA -RUSSAS ,QUIXERE,PCC,-4.927158,-37.983991738,0,0,0,0
São José ou Cohab,ASSARÉ,PCC,-6.8619355,-39.87237759055959,0,0,3,3
VILA LOBO,CRATO,PCC,-7.26881805,-39.43485884232148,0,0,1,1
BARREIRAS - RUSSAS ,QUIXERE,CV,-4.931184999999999,-37.99143796308725,0,0,0,0
PLANALTO DA BELA VISTA - RUSSAS ,QUIXERE,CV,-4.9350135,-37.98248225430159,0,0,0,0
CONJUNTO GERARDO MATOSO - RUSSAS ,QUIXERE,CV,-4.93319,-37.98397787091026,0,0,0,0
Comunidade das Areias,PAPICU,CV,-3.74331,-38.47313073688376,0,0,0,0
Comunidade Padre Ciço,ALTO DA BALANÇA,CV,-3.7632185,-38.50790788896848,0,0,0,0
Vila - Piedade,JOAQUIM TÁVORA,CV,-3.747204,-38.51830563709677,0,0,0,0
Pau Melado ,DIONÍSIO TORRES,CV,-3.752994,-38.50221095945946,0,0,0,0
Planalto Mondubim,CONJUNTO ESPERANÇA,CV,-3.8181625,-38.58231623314317,0,0,0,0
Cidade Nova,CIDADE NOVA,CV,-3.8395175,-38.5775659976572,0,0,0,0
Beco do Chocolate,NOVO MONDUBIM,CV,-3.8044585,-38.590389097115725,0,0,0,0
Conjunto Nova União - Mondubim,NOVO MONDUBIM,CV,-3.811969,-38.58052034444445,0,0,0,0
Modumbi ,NOVO MONDUBIM,CV,-3.8075865,-38.58504144680465,0,0,0,0
Beco do Piloto- Aerolândia,ALTO DA BALANÇA,CV,-3.765391,-38.509834048786246,0,0,0,0
Morgado,CRUZ,CV,-2.824955,-40.27708029041132,0,0,0,2
Vilinha,GUADALAJARA,CV,-3.760595,-38.61727876542106,0,0,0,0
Km27,SENADOR POMPEU,CV,-5.5110345,-39.54945891965052,0,0,3,5
Buriti,JOSÉ DE ALENCAR,CV,-3.809489,-38.465143062251,0,0,0,0
Via Urbana,JOSÉ DE ALENCAR,CV,-3.8065085,-38.467906765355806,0,0,0,0
Comunidade Dos Coqueiros - Mucuripe,MUCURIPE,CV,-3.725353,-38.48126482042254,0,0,0,0
Comunidade da Planaltina ,CRATEÚS,CV,-5.1859,-40.68183629769327,0,0,0,3
Fatima ll,CRATEÚS,CV,-5.1880145,-40.67155401350475,0,0,0,0
NOSSA SENHORA DE FATIMA - RUSSAS - PCC,QUIXERE,CV,-4.9397,-37.96352084920518,0,0,0,0
POÇO REDONDO - RUSSAS - PCC,QUIXERE,CV,-4.9332735,-37.94891916788252,0,0,0,0
IPEPACUNHA - RUSSAS,QUIXERE,CV,-4.928243999999999,-37.945241120094536,0,0,1,1
Boa Fé - Redenção,REDENÇÃO,CV,-4.240552,-38.72676063113783,0,0,2,6
laje dos gatos - itaitinga,ITAITINGA,CV,-3.9969735,-38.51768642547496,0,0,0,1
Estádio ,CRATEÚS,CV,-5.169776000000001,-40.66304133095602,0,0,0,0
Carnauba Torta,TRAIRI,CV,-3.290044,-39.25252310385032,0,0,0,4
Comunidade Do Rodão ,DIAS MACÊDO,CV,-3.7820275,-38.51778371645895,0,0,0,0
Bairro Alto do Bode - Itaitinga,PEDRAS,CV,-3.922022,-38.54877445329181,0,0,8,10
Tabuleiro do Cabreiro,ITAIÇABA,CV,-4.6321705,-37.83412816439771,0,0,0,0
Outeiro - Aracati,ITAIÇABA,CV,-4.6428235,-37.786678660650885,0,0,0,1
B2,HORIZONTE,CV,-4.104081,-38.50161110196933,0,0,0,0
Castelhano,CRUZ,CV,-2.8332745,-40.358565713122815,0,0,1,1
Forquilha,FORQUILHA,CV,-2.8845270000000003,-40.5168349554054,0,0,2,7
Alto do Bode,TIANGUA,CV,-3.731804,-40.98668364421965,0,0,0,0
Santa Terezinha,GRANJA,CV,-3.3414945,-40.99268261828651,0,0,0,1
Paraiso,MERUOCA,CV,-3.6728965,-40.33903921784226,0,0,0,0
Viena,DOM LUSTOSA,CV,-3.7475655,-38.58950752591439,0,0,0,0
Putiú,BATURITE,CV,-4.337222,-38.86810764571119,0,0,0,0
ARRAIAL - LIMOEIRO DO NORTE - TCP,LIMOEIRO DO NORTE,CV,-5.0975415,-38.07582431502141,0,0,0,1
CONDOMINIO LEANDRO BEZERRA ,JUAZEIRO DO NORTE,CV,-7.1727869,-39.30046557574646,0,0,4,5
Patriarca,SALITRE,CV,-7.0674235,-40.36950060362694,0,0,0,0
Setor NH4 - Morada Nova,LIMOEIRO DO NORTE,CV,-5.1496285,-38.21439963097609,0,0,0,2
Linha Do Meio ,SAPIRANGA / COITÉ,CV,-3.7992685,-38.462263939674216,0,0,0,0
Vila Rica - Pacatuba,PACATUBA,CV,-3.957264,-38.60786489156119,0,0,0,0
Cachoeira do Paraíso - Pacatuba,PACATUBA,CV,-4.0130040000000005,-38.62838806542056,0,0,1,1
Pracinha- Pacatuba,PACATUBA,CV,-3.9804385,-38.61570388213714,0,0,0,0
Lagoa Encantada- Crato,CRATO,PCC,-7.206765000000001,-39.390210023962325,0,0,0,0
CEMITÉRIO SANTANA DO ACARAÚ,SANTANA DO ACARAÚ,PCC,-3.4623523,-40.21046541238353,0,0,0,0
EMBOQUE,BREJO SANTO,PCC,-7.496055,-38.987364245424295,0,0,0,0
Morrinhos - Aracati,ARACATI,CV,-4.6356235,-37.74415354438701,0,0,0,0
Comunidade das Quadras,PRECABURA,CV,-3.8171345,-38.43515523999372,0,0,0,0
Conjunto Raquel de Queiroz,SIQUEIRA,CV,-3.8034115,-38.617131117720334,0,0,0,0
Vila Uruca,SAPIRANGA / COITÉ,CV,-3.793931,-38.461353773320894,0,0,0,0
Rabo da Gata,PACATUBA,CV,-3.964576,-38.61285129101788,0,0,0,0
São José ,PACATUBA,CV,-3.976822,-38.61435580762085,0,0,0,0
Forró da Bala,AMADEU FURTADO,CV,-3.748394,-38.55834292337884,0,0,0,0
Saporé,MUCURIPE,CV,-3.7272545,-38.48550945224612,0,0,0,0
Vila Do Amor - Vila Peri,VILA PERI,CV,-3.787706,-38.57707357676416,0,0,0,0
Beco da santos Dumont,PAPICU,CV,-3.743418,-38.476126638373294,0,0,0,0
Nova Belém - Icapui,ICAPUÍ,CV,-4.708319,-37.49401439252959,0,0,0,0
Quadras,EUSÉBIO,CV,-3.863191,-38.45803660255624,0,0,0,0
Vila Santo Antônio,BARBALHA,CV,-7.3272271,-39.303603225,0,0,0,2
Conjunto São Bento 1- Crato,CRATO,CV,-7.180078,-39.39555526422764,0,0,2,7
Beco Do Coroa,MONDUBIM,CV,-3.809313,-38.57510732427938,0,0,0,0
Casarão ,PARQUE MANIBURA,CV,-3.7909255,-38.48249357344566,0,0,0,0
Serra Pelada,MARACANAÚ,CV,-3.916503,-38.69776592230444,0,0,0,0
Piraporã,MARACANAÚ,CV,-3.8917385,-38.69586396705747,0,0,0,0
COHAB I,SOBRAL,CV,-3.707768,-40.33211413030661,0,0,0,0
COHAB II,SOBRAL,CV,-3.702336,-40.332481697602624,0,0,0,0
Beco da disbece,VILA PERI,CV,-3.782519,-38.574684279981966,0,0,0,0
Vila Rola ,FLORESTA,CV,-3.712679,-38.57660813125348,0,0,0,0
TABULEIRO,IGUATU,CV,-6.3535165,-39.29520556390701,0,0,0,4
Vila Bincel,JANGURUSSU,CV,-3.837669,-38.51169328385399,0,0,0,0
Jardim Castelão l,PASSARÉ,CV,-3.8196425,-38.53071445784605,0,0,0,0
Aeroporto,AEROPORTO,CV,-3.7702845,-38.54488562994543,0,0,0,0
Monte Alegre- Mauriti,MAURITI,PCC,-7.373097,-38.76943032053309,0,0,0,1
Favela do Bala,DIAS MACÊDO,CV,-3.788659,-38.519871061764704,0,0,0,0
Vacaria,BOA VISTA/CASTELÃO,CV,-3.795738,-38.52963603999805,0,0,0,0
Comunidade Legião,FARIAS BRITO,CV,-3.7277135,-38.546686461376495,0,0,0,0
José Othon ,PACAJUS,CV,-4.1787495,-38.44401065127518,0,0,0,0
Lago Verde,JAGUARIBE,CV,-5.909392,-38.62632812987013,0,0,0,0
Corrego das Varas,ACARAÚ,CV,-2.9630945,-40.127004238188974,0,0,4,6
Barroso ll,BARROSO,CV,-3.816749,-38.52194948852811,0,0,0,0
As Travessas - Barroso ll,BARROSO,CV,-3.818028,-38.521826124351584,0,0,0,0
Rua Sousa Pinto,ALTO DA BALANÇA,CV,-3.762764,-38.51593215275265,0,0,0,0
Veneza,SANTANA DO ACARAÚ,CV,-3.45277,-40.20118428716745,0,0,0,3
Munduca,SANTA QUITÉRIA,CV,-4.3045195,-40.150485800538775,0,0,0,3
Setor NH5 - Morada Nova,LIMOEIRO DO NORTE,CV,-5.1532195000000005,-38.1902175879844,0,0,1,1
BURACO DA GIA - LIMOEIRO DO NORTE,LIMOEIRO DO NORTE,CV,-5.1516455,-38.15700516156818,0,0,0,0
Barrocao,PEDRAS,CV,-3.917696,-38.5034140384447,0,0,0,0
Camará,AQUIRAZ,CV,-3.955847,-38.46842297576296,0,0,0,0
Jordão,BATURITE,CV,-4.352522,-38.902957577968266,0,0,0,4
Carqueja,CAPISTRANO,CV,-4.470983,-38.94803904361208,0,0,0,1
Beco - Conj. Palmeiras ,CONJUNTO PALMEIRAS,CV,-3.844688,-38.53216594520802,0,0,0,0
Alto Alegre- Aquiraz,AQUIRAZ,CV,-3.905442,-38.39330531768341,0,0,0,0
Vila da Tapa,COUTO FERNANDES,CV,-3.7575845,-38.5557884977101,0,0,0,0
Cidade de Alcântaras,ALCÂNTARAS,CV,-3.58599,-40.545021421165146,0,0,0,6
Cachoeira 1,HORIZONTE,CV,-4.0778955,-38.4611076971335,0,0,2,2
COQUEIROS,PINDORETAMA,CV,-4.117238,-38.31836422340426,0,0,0,0
Mangue - Caça e Pesca ,PRAIA DO FUTURO II,CV,-3.772937,-38.44304399900399,0,0,0,0
Vila São José- Mombaça,MOMBAÇA,PCC,-5.739891,-39.63149143344749,0,0,1,2
Pacoti,PACOTI,CV,-4.2264175,-38.92059631275096,0,0,0,4
João Paulo ll,CANINDÉ,CV,-4.3645785,-39.32077575598072,0,0,0,0
Polígono 660,PARACURU,CV,-3.4181272,-39.02045909741291,0,0,1,1
Jericó,PORANGA,CV,-4.7542485,-40.93549883855226,0,0,0,6
Estadio,CASCAVEL,CV,-4.186778,-38.12264469067068,0,0,1,2
Vila São Domingos- Mombaça,MOMBAÇA,PCC,-5.7546095,-39.6375415557284,0,0,1,10
Curralinho,JAGUARIBE,CV,-5.909051,-38.63813215017898,0,0,0,2
Ap Jana Barroso,RACHEL DE QUEIROZ,CV,-3.800893,-38.55617586147976,0,0,0,0
Arneiroz ,ARNEIROZ,PCC,-6.3248225,-40.15850052828306,0,0,0,2
São José - Palhano,PALHANO,PCC,-4.6177075,-38.088933955028295,0,0,0,1
Peixe - Russas,RUSSAS,PCC,-4.925844,-38.0909599268326,0,0,0,3
Sítio Canto - Russas ,QUIXERE,PCC,-4.9784825,-38.01705341993671,0,0,0,0
Dos Pico - Itapipoca ,URUBURETAMA,PCC,-3.5157895,-39.5614086675824,0,0,0,4
Favelinha - Barroso,BARROSO,CV,-3.8284455,-38.50883730912162,0,0,0,0
Alto Alegre,SALITRE,CV,-7.06541,-40.36995226537153,0,0,0,3
Rua da Pousada,SALITRE,CV,-7.067560500000001,-40.36674056604525,0,0,0,1
Córrego dos Fernandes - Aracati,FORTIM,CV,-4.579257999999999,-37.87183811422756,0,0,0,0
Beco da Reta Velha,DEMÓCRITO ROCHA,CV,-3.759013,-38.56887739454916,0,0,0,0
Vila Buiu,ARACATI,CV,-4.5645045,-37.75956085321526,0,0,0,0
Comunidade Da Vila ,GENIBAÚ,CV,-3.7631045,-38.59775633639474,0,0,0,0
São Francisco,MERUOCA,CV,-3.5971450000000003,-40.42629549855212,0,0,0,0
Alto da Pipoca,BATURITE,CV,-4.329231999999999,-38.86903381833461,0,0,0,0
Rua das Palmeiras,TIANGUA,CV,-3.7154605,-40.99297560576923,0,0,0,0
Vila Pagã - Aquiraz,AQUIRAZ,CV,-3.9602255,-38.36045082643443,0,0,2,2
Vila Catu - Horizonte,HORIZONTE,CV,-4.0825265,-38.49450684558509,0,0,0,0
COHAB I,IGUATU,CV,-6.3720425,-39.31144937216088,0,0,0,0
Terreno,FLORESTA,CV,-3.7217965,-38.572851139776574,0,0,0,0
Favelinha do Palmeiras ,CONJUNTO PALMEIRAS,CV,-3.849522,-38.52644203976054,0,0,0,0
São Mateus,CANINDÉ,CV,-4.368418,-39.31941799646643,0,0,0,0
Muro Alto (Sapiranga),SAPIRANGA / COITÉ,CV,-3.795689,-38.465546751218525,0,0,0,0
Esquina do BN,ITAPERI,CV,-3.784134,-38.54771732107818,0,0,0,0
Comunidade ZF,SERRINHA,CV,-3.7846865,-38.54250759063444,0,0,0,0
Camurupim ou Palmeiras,IPARANA,CV,-3.698257,-38.65326475763666,0,0,0,0
Carrapicho - Monsenhor Tabosa ,MONSENHOR TABOSA,CV,-4.7865245,-40.06966572770468,0,0,0,0
Quadras,MONSENHOR TABOSA,CV,-4.793994,-40.05461855507532,0,0,0,0
Caruaru,PRECABURA,CV,-3.8140645,-38.43121290888552,0,0,0,0
Vila Paraguai,CRUZ,CV,-2.9104855,-40.40981911927865,0,0,1,5
Volta,PARAIPABA,CV,-3.5027495,-39.13181539460514,0,0,0,1
Parque Jerusalém,CANINDEZINHO,CV,-3.804416,-38.59974044779163,0,0,0,0
Piranha,EUSÉBIO,CV,-3.8872585,-38.4221861208451,0,0,0,0
Novo Portugal,EUSÉBIO,CV,-3.882846,-38.423318435929644,0,0,2,2
Vila São Francisco,PRECABURA,CV,-3.837518,-38.44038828221184,0,0,0,0
Mineirolandia,SENADOR POMPEU,PCC,-5.5239215,-39.600884943449095,0,0,1,4
Mundo Novo,TRAIRI,PCC,-3.2751665,-39.31592498252291,0,0,0,0
Campos - Aurora,AURORA,PCC,-6.9500435,-38.968531778578026,0,0,0,0
Araújão,BREJO SANTO,PCC,-7.484621499999999,-38.99002252991418,0,0,0,0
Lagoa Do Tigre Norte,NOVO ORIENTE,PCC,-5.532008,-40.78519279352346,0,0,1,1
Patacas,AQUIRAZ,CV,-3.993547,-38.35003750783802,0,0,0,4
Novo iguape,AQUIRAZ,CV,-3.9596845,-38.3191308233005,0,0,0,0
Dendê ,RACHEL DE QUEIROZ,CV,-3.803005,-38.55430762111352,0,0,0,0
Vila Nova,JUCÁS,CV,-6.528563,-39.54001741639871,0,0,0,2
Ponte Preta,CRATEÚS,CV,-5.1699850000000005,-40.674388537129445,0,0,1,1
Vila Prata,PINDORETAMA,CV,-4.072705,-38.23152755375777,0,0,3,3
Pindoguaba,TIANGUÁ,PCC,-3.7512155,-41.13981163133446,0,0,0,3
Cipó Dos Anjos,IBICUITINGA,CV,-5.0120615,-38.73067580483136,0,0,0,8
Barro Duro,SAPIRANGA / COITÉ,CV,-3.805026,-38.45882688178321,0,0,0,0
Língua da Cobra,CAUCAIA,CV,-3.842806,-38.78093121548059,0,0,2,6
Bairro da Estação ,CAMOCIM,CV,-3.1150825,-40.83203336060885,0,0,0,0
Futurama,VICENTE PINZÓN,CV,-3.723294,-38.46631367622031,0,0,0,0
Marrocos,VICENTE PINZÓN,CV,-3.7242905,-38.46584963352669,0,0,0,0
Comunidade DSV,VICENTE PINZÓN,CV,-3.723673,-38.46461212210016,0,0,0,0
Gamaleira,HORIZONTE,CV,-4.1070265,-38.49849982378473,0,0,2,2
Arco Verde ,LAGOA REDONDA,CV,-3.8304095,-38.468016700608274,0,0,0,0
Tamandaré,JANGURUSSU,CV,-3.840893,-38.51454348689579,0,0,0,0
Bonfim,GROAIRAS,PCC,-3.7732685,-40.39835654449153,0,0,1,2
Ouro Branco,MUCAMBO,PCC,-3.80463,-40.67459154295408,0,0,1,1
Alto São José- Senador Pompeu,SENADOR POMPEU,CV,-5.576151,-39.367141466873306,0,0,0,1
Armador,ITAPAJÉ,CV,-3.728778,-39.6478063010059,0,0,0,13
Alto São Luís - Palhano,PALHANO,PCC,-4.760528,-37.97184193395594,0,0,0,0
Pantanal - São Luís Do Curu,SÃO LUÍS DO CURU,CV,-3.6850075,-39.23892470627803,0,0,0,1
Viçosa - Fortim,FORTIM,CV,-4.470192,-37.797712408377066,0,0,0,5
Mangabeira- Caucaia,CAUCAIA,CV,-3.664418,-38.75521290032451,0,0,1,1
Julho,ITAPIPOCA,PCC,-3.471009,-39.55361517637402,0,0,0,3
Genipapeiro,TRAIRI,PCC,-3.2936485,-39.30486058199592,0,0,0,0
Comunidade do Burro (Jardim Primavera),RACHEL DE QUEIROZ,CV,-3.801653,-38.55077499157304,0,0,0,0
Brito - Itaiçaba,ITAIÇABA,CV,-4.6994035,-37.83336251665597,0,0,0,0
Boca do forno - Etaiçaba,ITAIÇABA,CV,-4.6675255,-37.81895160167166,0,0,0,0
Poço Imperial,BARROQUINHA,CV,-3.0157875,-41.13509068211334,0,0,0,0
Planalto Verde,MARACANAÚ,CV,-3.9017055,-38.61967629901055,0,0,0,0
Cidade de Jericoacoara,JIJOCA DE JERICOACOARA,CV,-2.8924545,-40.462139299438505,0,0,20,33
Beco do Tatu,JANGURUSSU,CV,-3.835267,-38.51438588450293,0,0,0,0
Santa Terezinha - Aracati,ITAIÇABA,CV,-4.6052420000000005,-37.882029686984175,0,0,0,1
Lagoa do Mato - Aracati,ARACATI,CV,-4.5915555,-37.63568868786337,0,0,0,0
Praia da Barrinha,ICAPUÍ,CV,-4.683561,-37.3796279164569,0,0,0,0
LAGOA DO PREÁ,FORTIM,CV,-4.541346000000001,-37.90284027121744,0,0,0,2
Vila Milano,ALTO DA BALANÇA,CV,-3.769519,-38.51157089303351,0,0,0,0
Ilha Do xavier,BARROQUINHA,CV,-2.971925,-41.09519597485876,0,0,0,0
Centro,CENTRO,CV,-3.0181095,-41.1368764334654,0,0,0,0
BARBALHO,PINDORETAMA,CV,-4.128144499999999,-38.2866058160323,0,0,2,2
Acarape,ACARAPE,PCC,-3.6747725,-40.96959436516035,0,0,1,1
Bela Vista,BELA VISTA,PCC,-3.658674,-40.91968555378313,0,0,2,3
Pedra Fina,TIANGUA,PCC,-3.736129,-41.00692121925077,0,0,0,0
Dom Expedito ,TIANGUA,PCC,-3.727138,-41.00767967995865,0,0,0,0
Fazendinha,ITAPIPOCA,PCC,-3.4981165,-39.58920372219271,0,0,0,0
Comunidade da Sardinha,VICENTE PINZÓN,CV,-3.7214855,-38.46574135088692,0,0,0,0
Comunidade Dos Trilhos,CAIS DO PORTO,CV,-3.7131735,-38.47148586353712,0,0,0,0
São Sebastião - Garrote,PARQUE SOLEDADE,CV,-3.6802555,-38.73431060807435,0,0,2,2
Santa Rosa- Caucaia,CAUCAIA,CV,-3.693908,-38.78946569766505,0,0,1,10
Beco Do SC,CAIS DO PORTO,CV,-3.709892,-38.4696492547735,0,0,0,0
Favelinha - Serviluz ,CAIS DO PORTO,CV,-3.7085185,-38.4689757331881,0,0,0,0
Caraussanga,URUCUTUBA,CV,-3.8320795,-38.7073689657001,0,0,1,2
Turiaçu,PARANGABA,CV,-3.779933,-38.560434393186114,0,0,0,0
Planalto Sabonete ,QUIXERAMOBIM,CV,-5.1741625,-39.28120509581349,0,0,1,1
Terra e Mar (Complexo do Vicente Pinzon),MUCURIPE,CV,-3.725395,-38.47701224013158,0,0,0,0
Comunidade do Mirante - Castelo Encantado ,VICENTE PINZÓN,CV,-3.7239645,-38.47540536153274,0,0,0,0
Gerardo Arcanjo,SANTANA DO ACARAÚ,CV,-3.459257,-40.204840268502025,0,0,0,0
BARREIRAS,IGUATU,CV,-6.3235826,-39.33435282777185,0,0,1,1
ANAUÁ,MAURITI,PCC,-7.255307,-38.626808276266274,0,0,0,0
Campo Quebra Pé,BARROQUINHA,CV,-3.0192585000000003,-41.12566462034247,0,0,0,0
Banguê II,PACAJUS,CV,-4.185546,-38.47131106780186,0,0,0,0
Riacho Doce,PICI,CV,-3.7496825,-38.57166901333404,0,0,0,0
Canal da Bela Vista,PANAMERICANO,CV,-3.7502255,-38.567777733490566,0,0,0,0
Comunidade Do Sem Terra - Barroso l,BARROSO,CV,-3.824709,-38.51127706302712,0,0,0,0
COHAB II,IGUATU,CV,-6.3695357,-39.31228103614424,0,0,0,0
Espinho ,LIMOEIRO DO NORTE,CV,-5.1167795,-38.13606191868574,0,0,2,9
Pantanalzinho,PARQUE MANIBURA,CV,-3.7892425,-38.48657695744326,0,0,0,0
CASARÃO DE FESTAS,PARQUE MANIBURA,CV,-3.7896686,-38.482644288449066,0,0,0,0
Beco do Kaleb,PARQUE MANIBURA,CV,-3.790305,-38.486547986301375,0,0,0,0
Fronteira ,PARQUE SANTA MARIA,CV,-3.8491275,-38.503163168161215,0,0,0,0
Estradinha do Garfanhotos - Vila Velha,VILA VELHA,CV,-3.706028,-38.595392436063065,0,0,0,0
Recanto,GRAÇA,TCP/GDE,-4.037274,-40.86001016334973,0,0,0,2
QUIXERÉ - SERRA DO VIEIRA - PCC,QUIXERÉ,PCC,-4.991587,-37.81583813947079,0,0,0,0
RUSSAS - CAPIM GROSSO - BONHU - PCC,RUSSAS,PCC,-4.8739175,-38.23711183141711,0,0,0,4
Carmelita Veras,BARROQUINHA,CV,-3.021453,-41.13056559124493,0,0,0,0
Papoquinho,DIAS MACÊDO,CV,-3.7887125,-38.521852353933696,0,0,0,0
Maceió - Camocim ,CAMOCIM,CV,-2.8797225,-40.95771064480024,0,0,0,1
Olho D'Água,EUSÉBIO,CV,-3.8698705,-38.41807739880228,0,0,0,0
Tabajara,FORTIM,CV,-4.5541775,-37.76662861111112,0,0,0,0
Camará,CAUCAIA,CV,-3.7011,-38.74628474769993,0,0,0,0
Jenipapeiro,MARACANAÚ,CV,-3.8579515,-38.61682511714285,0,0,0,0
EMBOQUE CV,BREJO SANTO,CV,-7.497123950000001,-38.98627448348865,0,0,0,0
BELA VISTA CV,BREJO SANTO,CV,-7.4942766,-38.99119110478753,0,0,0,0
CRAS SANTANA DO ACARAÚ,SANTANA DO ACARAÚ,CV,-3.4642238,-40.20999147675599,0,0,0,0
Jardim Norte 1,QUIXERAMOBIM,CV,-5.167569,-39.2816595130261,0,0,0,2
BOM SUCESSO - RUSSAS -  CV,QUIXERE,CV,-4.923713,-37.949080972861566,0,0,1,1
SANTA LUZIA - JAGUARUANA - CV,ITAIÇABA,CV,-4.849666,-37.890761002383606,0,0,0,0
VOLTA - JAGUARUANA - CV,ITAIÇABA,CV,-4.7797615,-37.79814885133631,0,0,0,1
SÃO JOSÉ - JAGUARUANA - CV,JAGUARUANA,CV,-4.788826,-37.74670280760982,0,0,0,0
Gereraú,ITAITINGA,CV,-3.97857,-38.54269278096545,0,0,0,0
Vilinha,BARRA DO CEARÁ,CV,-3.7023875,-38.589290124161074,0,0,0,0
Invasão ,DIAS MACÊDO,CV,-3.783674,-38.52448933793103,0,0,0,0
Comunidade Barracal,JARDIM CEARENSE,CV,-3.8036595,-38.567406407386656,0,0,0,0
Penedo de Maranguape,MARANGUAPE,CV,-4.0000195000000005,-38.815443161401234,0,0,4,6
MELÂNCIAS - RUSSAS - PCC,QUIXERE,PCC,-4.9339035,-37.89828332348026,0,0,1,2
Morro Da Formiga,FORTIM,CV,-4.5527375,-37.76962577304269,0,0,0,0
Tatumundé,SIQUEIRA,CV,-3.8021525,-38.616367654065286,0,0,0,0
Comunidade Carandiru ,LAGOA REDONDA,CV,-3.8339485,-38.46467402083333,0,0,0,0
Nova Hidrolândia ,HIDROLÂNDIA,CV,-4.404366,-40.399574246063,0,0,0,0
Mirian Ferreira,HIDROLÂNDIA,CV,-4.4060765,-40.397921024602574,0,0,0,0
Rua do Canal,SÃO MIGUEL,CV,-3.745212,-38.60415593890727,0,0,0,0
Mangabeira,HORIZONTE,CV,-4.153388,-38.39988963333333,0,0,1,4
Juremal,ALTO SANTO,TCP/GDE,-5.438982,-38.270657287586815,0,0,1,4
Cidade de Granjeiro,GRANJEIRO,TCP/GDE,-6.8874145,-39.2206402172223,0,0,0,1
Juremal - Varzea alegre,VÁRZEA ALEGRE,TCP/GDE,-6.7887450000000005,-39.30533672923215,0,0,0,0
Santo Antonio -  Varzea alegre,VÁRZEA ALEGRE,TCP/GDE,-6.7860925,-39.2975936642917,0,0,0,0
Distrito do Cágado,PARAIPABA,CV,-3.5266525,-39.17572785874239,0,0,0,3
Distrito de Umarituba,SÃO GONÇALO DO AMARANTE,CV,-3.670959,-38.97963446135545,0,0,4,8
Distrito de Bolso,CAUCAIA,CV,-3.6216155,-38.8574271884405,0,0,3,7
Comunidade Liberdade,PAUPINA,CV,-3.8635295,-38.493878801025645,0,0,0,0
Córrego Rodrigues,ARACATI,CV,-4.5579535,-37.72188170150052,0,0,0,0
Cohab,BARROQUINHA,CV,-3.0277995,-41.122179292533815,0,0,0,1
Juatama - Quixadá,QUIXADÁ,CV,-5.088063999999999,-39.04051887425368,0,0,0,1
EUA - Quixada,QUIXADA,CV,-4.954335,-39.02720651970483,0,0,0,0
Lagoa Cumprida,OCARA,CV,-4.6083885,-38.446490395315486,0,0,0,3
Comunidade do Açai - Serrinha,SERRINHA,CV,-3.786298,-38.53999931422932,0,0,0,0
GIQUI - JAGUARUANA -CV,ITAIÇABA,CV,-4.770436,-37.77710286939984,0,0,0,0
Comunidade da Lagoa- Parangaba,PARANGABA,CV,-3.7712315,-38.56337270031284,0,0,0,0
Bairro Jaime Lopes,QUIXERAMOBIM,CV,-5.2032975,-39.3035997588657,0,0,0,2
Cohab - Quixada ,QUIXADA,CV,-4.9924745,-39.02406513323702,0,0,2,2
Jacarecoara,PINDORETAMA,CV,-4.1178755,-38.175316872019856,0,0,1,5
Conj. Maria José Gomes,ÁLVARO WEYNE,CV,-3.7146405,-38.57153605651106,0,0,0,0
São Vicente,TIANGUA,CV,-3.711645,-40.98942747799606,0,0,2,2
São Francisco ,ÁLVARO WEYNE,CV,-3.7179215,-38.57076105799618,0,0,0,0
João Leite - Papara,MARANGUAPE,CV,-4.0218855,-38.75325100096649,0,0,0,3
Alto dos Pescadores,CAMOCIM,CV,-3.125781,-40.82446247025723,0,0,0,0
Comunidade Da Igrejinha ,FLORESTA,CV,-3.7164535,-38.57273606241023,0,0,0,0
Comunidade São Pedro,MARTINÓPOLE,CV,-3.129654,-40.82543682657631,0,0,0,0
SANTA RITA - PARAMBU / CE,PARAMBU,CV,-6.2147424,-40.67672573745034,0,0,0,6
Vila São José,IPAUMIRIM,OKAIDA,-6.7881127,-38.728331364420505,0,0,2,2
Alto Bandeirante,IPAUMIRIM,OKAIDA,-6.7934182,-38.70938402797656,0,0,0,0
COMUNIDADE AEROPORTO OU CAMPO DE POUSO,SAO BENEDITO,TCP/GDE,-4.04078625,-40.89454082546553,0,0,5,11
Amarelas,BARROQUINHA,CV,-2.936686,-41.04141073809524,0,0,0,1
SAO RAIMUNDO - LIMOEIRO DO NORTE - TCP,LIMOEIRO DO NORTE,CV,-5.114257,-38.08937321278906,0,0,0,1
LIMOEIRINHO - LIMOEIRO DO NORTE,LIMOEIRO DO NORTE,CV,-5.156012499999999,-38.104822955510016,0,0,0,0
Comunidade do Índio,VARJOTA,CV,-3.7307685,-38.4813877871547,0,0,0,0
Comunidade Serviluz,CAIS DO PORTO,CV,-3.7091785,-38.46923324876424,0,0,0,0
Gleba,CIDADE 2000,CV,-3.758849,-38.47202089880952,0,0,0,0
Piedade - Joaquim Tavora,JOAQUIM TÁVORA,CV,-3.743102,-38.520862343626106,0,0,2,2
Comunidade do Campinho (Bela Vista),PICI,CV,-3.748277,-38.568303807421465,0,0,0,0
Comunidade Tiofim,PARQUE ARAXÁ,CV,-3.736151,-38.55265314457472,0,0,0,0
Cajuás,CAPISTRANO,CV,-4.493402,-38.95093561101287,0,0,1,3
Coió,BATURITE,CV,-4.3361595,-38.86232882120139,0,0,0,0
São Raimundo,CAMOCIM,CV,-3.1235865,-40.83740177605541,0,0,0,0
Bairro de Fatima,CAMOCIM,CV,-3.1114755,-40.8292565637752,0,0,0,0
Oiteiro,CAMOCIM,CV,-3.1120555,-40.83467959946236,0,0,0,0
Distrito de Borrachudo,PARACURU,CV,-3.563408,-38.88684954549912,0,0,1,10
São José - Barro,BARRO,TCP/GDE,-7.161064,-38.78188253164557,0,0,2,2
Castanhão,ALTO SANTO,TCP/GDE,-5.466604,-38.40718668514115,0,0,0,4
