cidade,bairro,rua,cvli_count
MORADA NOVA,DESCONHECIDO,ESTRADA SEM NOME,24
AMONTADA,DESCONHECIDO,ESTRADA SEM NOME,21
ITAPIPOCA,DESCONHECIDO,ESTRADA SEM NOME,18
SÃO GONÇALO DO AMARANTE,DESCONHECIDO,ESTRADA SEM NOME,17
SOBRAL,DESCONHECIDO,AVENIDA DOS IPÊS,16
ITAREMA,DESCONHECIDO,ESTRADA SEM NOME,15
CAUCAIA,DESCONHECIDO,ESTRADA SEM NOME,15
VARJOTA,DESCONHECIDO,AVENIDA PRESIDENTE CASTELO BRANCO,13
QUIXADÁ,DESCONHECIDO,ESTRADA SEM NOME,11
BEBERIBE,DESCONHECIDO,ESTRADA SEM NOME,10
SOBRAL,DESCONHECIDO,RUA MONSENHOR DOMINGOS,10
JAGUARETAMA,DESCONHECIDO,ESTRADA SEM NOME,9
AMONTADA,DESCONHECIDO,RUA PRINCIPAL,9
MARANGUAPE,DESCONHECIDO,CE-065,9
QUIXADÁ,DESCONHECIDO,CE-060,9
SOBRAL,DESCONHECIDO,RUA JOSÉ MARIA ALVERNE,9
TRAIRI,DESCONHECIDO,ESTRADA SEM NOME,9
JAGUARETAMA,DESCONHECIDO,AVENIDA PADRE SEBASTIÃO MARLENO,8
AMONTADA,DESCONHECIDO,AVENIDA GENERAL ALÍPIO DOS SANTOS,8
SOBRAL,DESCONHECIDO,BR-222,8
CAUCAIA,DESCONHECIDO,CE-156,7
MADALENA,DESCONHECIDO,ESTRADA SEM NOME,7
BOA VIAGEM,DESCONHECIDO,ESTRADA SEM NOME,7
TURURU,DESCONHECIDO,RUA MARIA GLÓRIA DA CONCEIÇÃO,7
RUSSAS,DESCONHECIDO,ESTRADA SEM NOME,6
AMONTADA,DESCONHECIDO,RUA ANTÔNIO MARÇAL DOS SANTOS,6
MADALENA,DESCONHECIDO,RUA JOÃO BATISTA DOS SANTOS,6
BOA VIAGEM,DESCONHECIDO,RUA VINTE E SEIS DE JUNHO,6
MARANGUAPE,DESCONHECIDO,ESTRADA SEM NOME,6
ITAREMA,DESCONHECIDO,ESTRADA BATEDEIRA,6
SOBRAL,DESCONHECIDO,RUA NAPOLEAO LINHARES MADEIRA,6
CAUCAIA,DESCONHECIDO,ESTRADA DO GARROTE,6
SÃO GONÇALO DO AMARANTE,DESCONHECIDO,RUA VALDO UCHÔA,6
TRAIRI,DESCONHECIDO,CE-163,6
TRAIRI,DESCONHECIDO,CE-346,6
CASCAVEL,DESCONHECIDO,CE-040,6
TRAIRI,DESCONHECIDO,GUALDRAPAS-TRAIRI,6
SÃO BENEDITO,DESCONHECIDO,AVENIDA TABAJARA,6
UBAJARA,DESCONHECIDO,ESTRADA SEM NOME,6
ARACATI,DESCONHECIDO,BR-304,5
ACOPIARA,DESCONHECIDO,AVENIDA PEDRO ALVES,5
ITAPIPOCA,DESCONHECIDO,CE-168,5
MARANGUAPE,DESCONHECIDO,RUA AMARO DE MORAIS,5
MARANGUAPE,DESCONHECIDO,RUA GONTRAN NASCIMENTO,5
MISSÃO VELHA,DESCONHECIDO,RUA CORONEL JOSÉ DANTAS,5
MONSENHOR TABOSA,DESCONHECIDO,AVENIDA HONÓRIO DE MELO,5
ITAREMA,DESCONHECIDO,RUA SÃO RAIMUNDO,5
MORADA NOVA,DESCONHECIDO,RUA VENÂNCIO NOGUEIRA,5
PARACURU,DESCONHECIDO,RUA MARIA FERREIRA NERI,5
QUIXADÁ,DESCONHECIDO,AVENIA EDVARDES M. DE CARVALHO,5
ITAPIPOCA,DESCONHECIDO,RUA CEMITÉRIO,5
BEBERIBE,DESCONHECIDO,CE-040,5
CASCAVEL,DESCONHECIDO,RODOVIA PLÁCIDO CASTELO,5
QUIXADÁ,DESCONHECIDO,RUA LUCIANO CAVALCANTE,5
CAUCAIA,DESCONHECIDO,RUA BOA ESPERANÇA,5
SALITRE,DESCONHECIDO,CE-187,5
JIJOCA DE JERICOACOARA,DESCONHECIDO,RUA AIRTON SENNA,5
CAUCAIA,DESCONHECIDO,RUA ALMIRANTE TAMANDARÉ,5
PEDRA BRANCA,DESCONHECIDO,ESTRADA SEM NOME,5
ARACATI,DESCONHECIDO,ESTRADA SEM NOME,5
ITAREMA,DESCONHECIDO,AVENIDA JOÃO BATISTA RIOS,5
CASCAVEL,DESCONHECIDO,ESTRADA SEM NOME,5
SOBRAL,DESCONHECIDO,RUA VEREADOR FRANCISCO FELIX PORTO,5
CASCAVEL,DESCONHECIDO,RUA DO COMÉRCIO,5
AMONTADA,DESCONHECIDO,RUA DA PRAIA,5
SÃO JOÃO DO JAGUARIBE,DESCONHECIDO,ESTRADA SEM NOME,5
TABULEIRO DO NORTE,DESCONHECIDO,RUA ZILTAMIR CHAVES,5
SOBRAL,DESCONHECIDO,RUA JOAQUIM ALVES PEREIRA,5
TEJUÇUOCA,DESCONHECIDO,ESTRADA SEM NOME,5
CAMOCIM,DESCONHECIDO,ESTRADA SEM NOME,5
BARBALHA,DESCONHECIDO,SÍTIO BARRO BRANCO,5
IBICUITINGA,DESCONHECIDO,AVENIDA JOSÉ FURTADO,5
GUAIÚBA,DESCONHECIDO,RUA JOSÉ LOPES DA COSTA,5
TRAIRI,DESCONHECIDO,RUA VALTER SÁLES,5
CAUCAIA,DESCONHECIDO,RUA JOSÉ PAULINO ALVES,5
CRATO,DESCONHECIDO,RUA TREZE DE DEZEMBRO,5
TAMBORIL,DESCONHECIDO,ESTRADA SEM NOME,5
LIMOEIRO DO NORTE,DESCONHECIDO,AVENIDA MANOEL FIDELIS MAIA,4
LIMOEIRO DO NORTE,DESCONHECIDO,CAMINHO DA FAIXA,4
LIMOEIRO DO NORTE,DESCONHECIDO,ESTRADA SEM NOME,4
IBICUITINGA,DESCONHECIDO,RUA JOSÉ DAMASCENO,4
CAUCAIA,DESCONHECIDO,CE-421,4
CARIRÉ,DESCONHECIDO,ESTRADA DE JURITI A PEDRA PRETA,4
GUAIÚBA,DESCONHECIDO,CE-060,4
MARANGUAPE,DESCONHECIDO,RUA DO COMÉRCIO,4
CHAVAL,DESCONHECIDO,RUA CORONEL JOSÉ PORFÍRIO,4
MARANGUAPE,DESCONHECIDO,RUA VICENTINA HONÓRIO DE ABREU,4
MASSAPÊ,DESCONHECIDO,AVENIDA DOCA PEREIRA,4
MIRAÍMA,MIRAIMA,RUA JOSÉ ALVES,4
MISSÃO VELHA,DESCONHECIDO,CE-153,4
ITAPIPOCA,DESCONHECIDO,RUA TENENTE JOSÉ VICENTE,4
BOA VIAGEM,DESCONHECIDO,RUA FRANCISCO TIBIRÍÇA FAÇANHA,4
MORADA NOVA,DESCONHECIDO,AVENIDA MANOEL CASTRO GOMES DE ANDRADE,4
MORADA NOVA,DESCONHECIDO,AVENIDA VALDÍVINO ROLDÃO,4
ARACATI,DESCONHECIDO,RUA VILA SÃO RAFAEL,4
MORADA NOVA,DESCONHECIDO,RUA ANTÔNIO BEZERRA,4
CRATO,DESCONHECIDO,RUA MARIO TEIXEIRA MENDES,4
PARACURU,DESCONHECIDO,ESTRADA PEDRO,4
PARACURU,DESCONHECIDO,RUA JOSÉ LOPES MEIRELES,4
ITAPIÚNA,DESCONHECIDO,RUA ANTÔNIO FELIX DE SOUSA,4
MARANGUAPE,DESCONHECIDO,AVENIDA TABATINGA,4
PEDRA BRANCA,DESCONHECIDO,RUA JOAQUIM CAVALCANTE,4
PEDRA BRANCA,DESCONHECIDO,RUA JOSE JOAQUIM DE SOUZA,4
PENTECOSTE,DESCONHECIDO,RUA TETÊ BEZERRA,4
ACARAÚ,DESCONHECIDO,ESTRADA SEM NOME,4
CAUCAIA,DESCONHECIDO,ESTRADA TUCUNDUBA,4
QUIXADÁ,DESCONHECIDO,CE-265,4
CATARINA,DESCONHECIDO,ESTRADA SEM NOME,4
CHAVAL,DESCONHECIDO,RUA PEDRO,4
BOA VIAGEM,DESCONHECIDO,CE-266,4
QUIXERAMOBIM,DESCONHECIDO,ESTRADA SEM NOME,4
CANINDÉ,DESCONHECIDO,RUA DOUTOR PEIXOTO,4
RUSSAS,DESCONHECIDO,RUA SAMUEL FERNANDES RIBEIRO,4
RUSSAS,DESCONHECIDO,VILA MIGUEL PEREIRA,4
CRATO,DESCONHECIDO,AVENIDA THOMAZ OSTERNE DE ALENCAR,4
SANTA QUITÉRIA,DESCONHECIDO,ESTRADA SEM NOME,4
CAUCAIA,DESCONHECIDO,BR-020,4
SOBRAL,DESCONHECIDO,AVENIDA MONSENHOR JOSÉ ALOÍSIO PINTO,4
SOBRAL,DESCONHECIDO,AVENIDA PARQUE MUCAMBINHO,4
CANINDÉ,DESCONHECIDO,RUA LUIZ FABIANO,4
SOBRAL,DESCONHECIDO,ESTRADA SEM NOME,4
SOBRAL,DESCONHECIDO,RUA ARCO VERDE,4
SOBRAL,DESCONHECIDO,RUA DA MATRIZ,4
JAGUARIBARA,DESCONHECIDO,RUA EDUARDO RODRIGUES DA SILVA,4
CAUCAIA,DESCONHECIDO,RUA J,4
BARBALHA,DESCONHECIDO,AVENIDA PAULO MARQUÊS,4
JAGUARIBE,DESCONHECIDO,AVENIDA OITO DE NOVEMBRO,4
SOBRAL,DESCONHECIDO,RUA PINTOR LEMOS,4
SOBRAL,DESCONHECIDO,RUA PRESIDENTE JUSCELINO KUBITSCHECK,4
SOBRAL,DESCONHECIDO,RUA TUPI,4
FARIAS BRITO,DESCONHECIDO,RUA CORONEL MANOEL PINHEIRO DE ALMEIDA,4
SOBRAL,DESCONHECIDO,TV. AREOLINO ARRUDA,4
SÃO BENEDITO,DESCONHECIDO,ESTRADA SEM NOME,4
SÃO BENEDITO,DESCONHECIDO,RUA ARISTÍDES BARRETO,4
SÃO BENEDITO,DESCONHECIDO,RUA FRANCISCO MARQUES DE ALCÂNTARA,4
SÃO BENEDITO,DESCONHECIDO,RUA SANTUÁRIO DE FÁTIMA,4
SÃO GONÇALO DO AMARANTE,DESCONHECIDO,AVENIDA CORONEL NECO MARTINS,4
BOA VIAGEM,DESCONHECIDO,ESTRADA PARA BOA VIAGEM,4
SÃO GONÇALO DO AMARANTE,DESCONHECIDO,RODOVIA BR-222,4
SÃO GONÇALO DO AMARANTE,DESCONHECIDO,RODOVIA CE-090,4
AMONTADA,DESCONHECIDO,ESTRADA BURITIZAL AO BOM SUCESSO,4
SÃO GONÇALO DO AMARANTE,DESCONHECIDO,RUA VARJOTA,4
SÃO JOÃO DO JAGUARIBE,DESCONHECIDO,CE-377,4
CAUCAIA,DESCONHECIDO,RUA JOSE FERREIRA DAMASCENO,4
TABULEIRO DO NORTE,DESCONHECIDO,BR-437,4
TABULEIRO DO NORTE,DESCONHECIDO,RUA PEDRO PESSOA,4
ITAREMA,DESCONHECIDO,AVENIDA TOMAZ SABINO DE SOUSA,4
JUAZEIRO DO NORTE,DESCONHECIDO,RUA DAVID ANDRADE DA SILVA,4
AMONTADA,DESCONHECIDO,ESTRADA JUREMA,4
TEJUÇUOCA,DESCONHECIDO,RUA ALFREDO PINTO MESQUITA,4
JUAZEIRO DO NORTE,DESCONHECIDO,RUA FRANCISCO MARTINS DE SOUZA,4
BARROQUINHA,DESCONHECIDO,ESTRADA SEM NOME,4
CASCAVEL,DESCONHECIDO,CE-253,4
BANABUIÚ,DESCONHECIDO,TRAVESSA JOSÉ CANOTO DE ALMEIDA,4
CASCAVEL,DESCONHECIDO,VILA NOVA,4
BEBERIBE,DESCONHECIDO,RUA JOSÉ JOÃO LOBÃO,4
JUAZEIRO DO NORTE,DESCONHECIDO,RUA OZANA PEREIRA,4
UBAJARA,DESCONHECIDO,SITIO AMARO,4
UBAJARA,DESCONHECIDO,SITIO MOITINGA,4
UMIRIM,DESCONHECIDO,ESTRADA SEM NOME,4
JUCÁS,DESCONHECIDO,RUA MANOEL VENÂNCIO LEITE,4
VARJOTA,DESCONHECIDO,RUA FRANCISCA RODRIGUES DE FARIAS,4
BOA VIAGEM,DESCONHECIDO,RUA ANTÔNIO ROCHA BEZERRA,3
GUAIÚBA,DESCONHECIDO,RUA GERVÁSIO TEIXEIRA,3
CAMOCIM,DESCONHECIDO,RUA DUQUE DE CAXIAS,3
ARACATI,DESCONHECIDO,BOCA DO FORNO,3
ITATIRA,DESCONHECIDO,POVOADO ALEGRE II,3
JAGUARETAMA,DESCONHECIDO,AVENIDA JUAREZ DE QUEIROZ OLÍMPIO,3
JUAZEIRO DO NORTE,DESCONHECIDO,ESTRADA SEM NOME,3
JUAZEIRO DO NORTE,DESCONHECIDO,RUA BEATA MARIA DE ARAÚJO,3
JUAZEIRO DO NORTE,DESCONHECIDO,RUA CAPITÃO COIMBRA,3
JUAZEIRO DO NORTE,DESCONHECIDO,RUA DAS FLORES,3
JUAZEIRO DO NORTE,DESCONHECIDO,RUA DOUTOR JOSÉ PARACAMPOS,3
JUAZEIRO DO NORTE,DESCONHECIDO,RUA JOSÉ ANDRADE DE LAVOR,3
JUAZEIRO DO NORTE,DESCONHECIDO,RUA JOSÉ DE ALENCAR,3
JUAZEIRO DO NORTE,DESCONHECIDO,RUA JOSÉ MAGALHÃES LANDIM,3
ICAPUÍ,DESCONHECIDO,ESTRADA SEM NOME,3
IGUATU,DESCONHECIDO,ESTRADA SEM NOME,3
BOA VIAGEM,DESCONHECIDO,RUA DEODATO JOSÉ RAMALHO,3
ARACATI,DESCONHECIDO,ESTRADA DA VILA DA VOLTA,3
LIMOEIRO DO NORTE,DESCONHECIDO,ESTRADA SANTA MARIA SANTA FÉ,3
CARIDADE,DESCONHECIDO,ESTRADA SEM NOME,3
MADALENA,DESCONHECIDO,AVENIDA ANTÔNIO COSTA VIEIRA,3
ARACATI,DESCONHECIDO,ESTRADA DE VILA DA VOLTA,3
BOA VIAGEM,DESCONHECIDO,RUA JOSÉ LEORNE LEITÃO,3
MARANGUAPE,DESCONHECIDO,AVENIDA CARLOS PEREIRA,3
CHAVAL,DESCONHECIDO,RUA PADRE ANTONIO CARNEIRO,3
CARIRÉ,DESCONHECIDO,RUA JOSÉ ALCÍDES ROCHA,3
ASSARÉ,DESCONHECIDO,BR-230,3
ARACATI,DESCONHECIDO,RUA ANTÔNIO CALIXTO,3
MARANGUAPE,DESCONHECIDO,RUA CAPITÃO JOSÉ MARQUES,3
MARANGUAPE,DESCONHECIDO,RUA CHAGAS VITORIANO,3
MARANGUAPE,DESCONHECIDO,RUA CÔNEGO HEITOR VIÊIRA CAVALCANTE,3
GUAIÚBA,DESCONHECIDO,RUA OITO DE DEZEMBRO,3
MARANGUAPE,DESCONHECIDO,RUA FRANCISCO ANTÔNIO DA SILVA,3
MARANGUAPE,DESCONHECIDO,RUA GERERAÚ,3
CAMOCIM,DESCONHECIDO,RUA NOSSA SENHORA DAS GRAÇAS,3
MARANGUAPE,DESCONHECIDO,RUA GONÇALO CÂNDIDO,3
MARANGUAPE,DESCONHECIDO,RUA JOSÉ FERNANDES VIÊIRA,3
MARANGUAPE,DESCONHECIDO,RUA LAURO CIRINO,3
MARANGUAPE,DESCONHECIDO,RUA PAULO CIRINO,3
CAUCAIA,DESCONHECIDO,RUA HENRIQUE MARTINS,3
MARCO,DESCONHECIDO,BR-402,3
MARCO,DESCONHECIDO,RUA GENERAL DEMÉTRIO,3
ITAPIPOCA,DESCONHECIDO,RUA JOSÉ ROMERO,3
MASSAPÊ,DESCONHECIDO,CE-362,3
ITAPAJÉ,DESCONHECIDO,RUA FELIPE SAMPAIO,3
INDEPENDÊNCIA,DESCONHECIDO,RUA CÍCERO JUSTINO,3
FORTALEZA,BARRA DO CEARÁ,RUA DOUTOR JOSÉ ROBERTO SALES,3
MOMBAÇA,DESCONHECIDO,CE-168,3
MOMBAÇA,DESCONHECIDO,ESTRADA SEM NOME,3
ITAREMA,DESCONHECIDO,CE-434,3
MONSENHOR TABOSA,DESCONHECIDO,RUA SANTO ANTÔNIO,3
MORADA NOVA,DESCONHECIDO,AVENIDA AGOSTINHO CHAGAS,3
CANINDÉ,DESCONHECIDO,RUA PETRONILO BARBOSA,3
CHORÓ,DESCONHECIDO,RUA MARIA BERNARDINO SOUSA SARAIVA,3
MORADA NOVA,DESCONHECIDO,CE-266,3
ITAPIPOCA,DESCONHECIDO,RUA MARECHAL HERMES DA FONSECA,3
MORADA NOVA,DESCONHECIDO,POVOADO NOVA ESPERANÇA,3
CRATEÚS,DESCONHECIDO,RUA DOUTOR MOREIRA DA ROCHA,3
AQUIRAZ,DESCONHECIDO,RUA AGULHA,3
NOVO ORIENTE,DESCONHECIDO,RUA DEOCLECIANO ARAGÃO,3
OCARA,DESCONHECIDO,AVENIDA CORONEL JOÃO FELIPE,3
PACAJUS,DESCONHECIDO,AVENIDA LÚCIO JOSÉ DE MENEZES,3
PACAJUS,DESCONHECIDO,POVOADO TUCUM 2,3
BOA VIAGEM,DESCONHECIDO,RUA PADRE ANTÔNIO CORRÊA DE SÁ,3
PARACURU,DESCONHECIDO,RUA CENTRAL,3
CRATEÚS,DESCONHECIDO,RUA FRANCISCO MARIANO,3
ITAREMA,DESCONHECIDO,RUA MANOEL TEÓFILO DA GUIA,3
IBICUITINGA,DESCONHECIDO,ESTRADA SEM NOME,3
PEDRA BRANCA,DESCONHECIDO,RUA CARMO MILÉO,3
PEDRA BRANCA,DESCONHECIDO,RUA FURTUNATO SILVA,3
CASCAVEL,DESCONHECIDO,AVENIDA CHANCELER EDSON QUEIROZ,3
BEBERIBE,DESCONHECIDO,RUA ADERALDO,3
PENTECOSTE,DESCONHECIDO,RUA ANTÔNIO CARDOSO,3
PENTECOSTE,DESCONHECIDO,RUA BELA VISTA,3
PENTECOSTE,DESCONHECIDO,RUA JOAQUIM MARTINIANO DA,3
PENTECOSTE,DESCONHECIDO,RUA JOSÉ DE OLIVEIRA PINHO,3
PENTECOSTE,DESCONHECIDO,RUA SEBASTIÃO DE ABREU,3
CAUCAIA,DESCONHECIDO,RODOVIA BR-222,3
PORANGA,DESCONHECIDO,AVENIDA EPITÁCIO DE PINHO,3
CAUCAIA,DESCONHECIDO,RUA JOSÉ GOMES,3
CAMOCIM,DESCONHECIDO,RUA VINTE E QUATRO DE MAIO,3
CARIDADE,DESCONHECIDO,RUA BEIRA RIO,3
CHOROZINHO,DESCONHECIDO,ESTRADA SEM NOME,3
QUIXADÁ,DESCONHECIDO,RUA DA LAVANDERIA,3
QUIXADÁ,DESCONHECIDO,RUA DO ARAME,3
QUIXADÁ,DESCONHECIDO,RUA DO CEMITÉRIO,3
GUAIÚBA,DESCONHECIDO,RUA JOAQUIM DIAS DA CUNHA,3
ITAREMA,DESCONHECIDO,RUA ROGERIO MONTEIRO,3
QUIXADÁ,DESCONHECIDO,TRAVESSA JOÃO RIBEIRO DOS SANTOS,3
CARIDADE,DESCONHECIDO,RUA BELA VISTA,3
CAUCAIA,DESCONHECIDO,AVENIDA PRINCIPAL,3
CARIDADE,DESCONHECIDO,RUA CORONEL FRANCISCO LINHARES,3
RUSSAS,DESCONHECIDO,RUA VASCO DA GAMA,3
ITAPIPOCA,DESCONHECIDO,POVOADO ASSUNÇÃO DE CIMA,3
SABOEIRO,DESCONHECIDO,ESTRADA SEM NOME,3
HORIZONTE,DESCONHECIDO,RUA MARILENE SEVERO,3
SALITRE,DESCONHECIDO,ESTRADA SEM NOME,3
INDEPENDÊNCIA,DESCONHECIDO,RUA FRANCISCO SILVA CARVALHO,3
SANTA QUITÉRIA,DESCONHECIDO,FAZENDA AREAL VELHO,3
SANTA QUITÉRIA,DESCONHECIDO,RUA PRINCIPAL,3
SENADOR POMPEU,DESCONHECIDO,ESTRADA SEM NOME,3
CANINDÉ,DESCONHECIDO,RUA JOAQUIM MEDEIROS,3
ALTO SANTO,DESCONHECIDO,ESTRADA SEM NOME,3
ITAREMA,DESCONHECIDO,ESTRADA MORRO DOS PATOS,3
SOBRAL,DESCONHECIDO,AVENIDA SENADOR FERNANDES TÁVORA,3
SOBRAL,DESCONHECIDO,AVENIDA SENADOR JOSÉ ERMÍRIO DE MORAES,3
FRECHEIRINHA,DESCONHECIDO,RUA REGINO CUSTÓDIO,3
CRATO,DESCONHECIDO,RUA JOSÉ SÁTIRO VILAR,3
IRAUÇUBA,DESCONHECIDO,AVENIDA PAULO BASTOS,3
SOBRAL,DESCONHECIDO,RUA BELA VISTA,3
SOBRAL,DESCONHECIDO,RUA CATEQUISTA ANA ALEXANDRE,3
AMONTADA,AMONTADA,ESTRADA RECANTO VILA URUBÚ,3
SOBRAL,DESCONHECIDO,RUA DA PAZ,3
SOBRAL,DESCONHECIDO,RUA DOM JOSÉ,3
SOBRAL,DESCONHECIDO,RUA FREI ÁLVARO,3
SOBRAL,DESCONHECIDO,RUA GALO DE CAMPINA,3
GUAIÚBA,DESCONHECIDO,RUA JOÃO PEIXOTO,3
SOBRAL,DESCONHECIDO,RUA JOAQUIM TEOTÔNIO,3
SOBRAL,DESCONHECIDO,RUA JOSÉ FIRMINO SIQUEIRA,3
CASCAVEL,DESCONHECIDO,RUA PEDRO MIGUEL,3
SOBRAL,DESCONHECIDO,RUA JOÃO BARBOSA,3
SOBRAL,DESCONHECIDO,RUA JÚLIO CÉSAR,3
ITAPIPOCA,DESCONHECIDO,RUA FRANCISCO DE CASTRO FILHO,3
SOBRAL,DESCONHECIDO,RUA MÃE CRISPINA,3
CAUCAIA,DESCONHECIDO,BR-222,3
AMONTADA,DESCONHECIDO,ESTR. CAETANOS DE BAIXO,3
IBICUITINGA,DESCONHECIDO,RUA CAPITÃO MANOEL ANTÔNIO,3
SOBRAL,DESCONHECIDO,RUA PROFESSOR JOSÉ OLIMAR MAGALHÃES CARNEIRO,3
SOBRAL,DESCONHECIDO,RUA SETE DE SETEMBRO,3
SOBRAL,DESCONHECIDO,RUA SETOR 1,3
SOBRAL,DESCONHECIDO,RUA TUBIBA,3
ARACATI,DESCONHECIDO,VILA CUMBÉ,3
GRANJA,DESCONHECIDO,SITIO TIAIA DE CIMA,3
SOBRAL,DESCONHECIDO,TRAVESSA RAIMUNDO NONATO DOS SANTOS,3
AQUIRAZ,DESCONHECIDO,RUA JOSÉ AMORA MOREIRA,3
SOBRAL,DESCONHECIDO,VILA UNIÃO,3
SÃO BENEDITO,DESCONHECIDO,CE-187,3
ITAPIPOCA,DESCONHECIDO,AVENIDA JOSÉ DO PATROCÍNIO,3
BELA CRUZ,DESCONHECIDO,ESTRADA SEM NOME,3
CASCAVEL,DESCONHECIDO,ESTRADA ZABUMBA ESTRADA NOVA,3
SÃO BENEDITO,DESCONHECIDO,RUA MINISTRO ANTÔNIO COELHO,3
CRATO,DESCONHECIDO,AVENIDA JOAQUIM PINHEIRO BEZERRA DE MENEZES,3
SÃO GONÇALO DO AMARANTE,DESCONHECIDO,AVENIDA BEATRIZ BRAGA,3
CAMPOS SALES,DESCONHECIDO,RUA VALDEMAR FALCÃO,3
SÃO GONÇALO DO AMARANTE,DESCONHECIDO,CE-423,3
ITAPIPOCA,DESCONHECIDO,BR-402,3
ITAPAJÉ,DESCONHECIDO,RUA JOAQUIM CARLOS HOLANDA,3
AMONTADA,DESCONHECIDO,RUA ADERBAL PRACIANO SAMPAIO,3
SÃO GONÇALO DO AMARANTE,DESCONHECIDO,RUA MARCIONÍLIA SAMPAIO,3
SÃO GONÇALO DO AMARANTE,DESCONHECIDO,RUA RAIMUNDO LAUREANO SAMPAIO,3
CRATO,DESCONHECIDO,RUA SATURNINO CANDEIA,3
ITAREMA,DESCONHECIDO,POVOADO PATOS,3
BARBALHA,DESCONHECIDO,MALVINAS,3
CRATO,DESCONHECIDO,RUA DOUTOR MANUEL MACEDO,3
CRUZ,DESCONHECIDO,RUA VEREADOR MUNDICO MARTINS,3
TABULEIRO DO NORTE,DESCONHECIDO,ESTRADA SEM NOME,3
GUAIÚBA,DESCONHECIDO,RUA CUSTÓDIO TEIXEIRA DE MELO,3
CAUCAIA,DESCONHECIDO,RUA ROSENA,3
ITAREMA,DESCONHECIDO,RUA JOÃO AMÂNCIO,3
TAMBORIL,DESCONHECIDO,RUA JOAQUIM FELÍCIO DE OLIVEIRA,3
ITAPIPOCA,DESCONHECIDO,RUA JOAQUIM RODRIGUES TEIXEIRA DE MENEZES,3
BOA VIAGEM,DESCONHECIDO,ESTRADA PARA POÇO D ÁGUA,3
TEJUÇUOCA,DESCONHECIDO,RUA ARMANDO FERREIRA DA SILVA,3
TIANGUÁ,DESCONHECIDO,ESTRADA SEM NOME,3
TIANGUÁ,DESCONHECIDO,RUA FRANCISCO ANANIAS DE VASCONCELOS,3
TIANGUÁ,DESCONHECIDO,RUA TRINTA E UM DE MAIO,3
TIANGUÁ,TIANGUA,RUA DAS PALMEIRAS COMPRIDAS,3
TIANGUÁ,TIANGUA,RUA JOSÉ NOGUEIRA DE VASCONCELOS,3
TIANGUÁ,TIANGUA,RUA MANOEL LOURENÇO DE VASCONCELOS,3
CANINDÉ,DESCONHECIDO,ESTRADA SEM NOME,3
CAMOCIM,DESCONHECIDO,RUA ANTÔNIO LIMA,3
TRAIRI,DESCONHECIDO,ESTRADA PARÁ CAIXA DE ÁGUA DE BONFIM,3
AQUIRAZ,DESCONHECIDO,RUA POSSIDÔNIO SOARES,3
CAPISTRANO,DESCONHECIDO,ESTRADA SEM NOME,3
TRAIRI,DESCONHECIDO,RUA DA PRAIA,3
TRAIRI,DESCONHECIDO,RUA DOUTOR JOSÉ DA SILVEIRA,3
ITAREMA,DESCONHECIDO,RUA MORRO,3
CAMOCIM,DESCONHECIDO,RUA BELA VISTA,3
CAUCAIA,DESCONHECIDO,RUA DAS ACACIAS,3
CHORÓ,DESCONHECIDO,FAZENDA UMARI,3
IRACEMA,DESCONHECIDO,ESTRADA SEM NOME,3
CAUCAIA,DESCONHECIDO,ESTRADA GARROTE CUMBUCO,3
CHORÓ,DESCONHECIDO,RUA CORONEL JOÃO PARACAMPOS,3
VARJOTA,DESCONHECIDO,RUA ANTº FLORÊNCIO DE ARAÚJO,3
ITAPIÚNA,DESCONHECIDO,RUA MANUEL VIANA,3
VIÇOSA DO CEARÁ,DESCONHECIDO,CE-187,3
CRATO,DESCONHECIDO,RUA GENERAL JOAQUIM PINHEIRO MONTEIRO,2
ARACATI,DESCONHECIDO,ESTRADA DE SÃO CHICO,2
GUAIÚBA,DESCONHECIDO,CE-451,2
ITAPAJÉ,DESCONHECIDO,RUA FAUSTO PINHEIRO,2
CAMOCIM,DESCONHECIDO,RUA JOAQUIM TÁVORA,2
ARACATI,DESCONHECIDO,ROTA DO SOL NASCENTE,2
ARACATI,DESCONHECIDO,RUA ARMANDO PRAÇA,2
CAMOCIM,DESCONHECIDO,RUA PAISSANDÚ,2
ARACATI,DESCONHECIDO,RUA CORONEL POMPEU,2
CAMOCIM,DESCONHECIDO,RUA SANTA RITA I,2
CAUCAIA,DESCONHECIDO,AVENIDA AMARO RODRIGUES DOS SANTOS,2
ARACATI,DESCONHECIDO,RUA DESCIDA DA PRAIA,2
CAMOCIM,DESCONHECIDO,RUA SANTOS DUMONT,2
CAMOCIM,DESCONHECIDO,RUA TABELIÃO MARIO ÁGUIAR COELHO,2
ARACATI,DESCONHECIDO,RUA FRANCISCO JANES ZARANZA,2
CAUCAIA,DESCONHECIDO,AVENIDA DOS COQUEIROS,2
ARACATI,DESCONHECIDO,RUA HÍLTON GONDIN BANDEIRA,2
CHOROZINHO,DESCONHECIDO,RODOVIA BRUNILO JACÓ DE CASTRO E SILVA,2
CRATO,DESCONHECIDO,RUA JOSÉ HAMILTON TERTULIANO,2
CHOROZINHO,DESCONHECIDO,RUA A,2
CAUCAIA,DESCONHECIDO,AVENIDA LITORÂNEA,2
CAMPOS SALES,DESCONHECIDO,ESTRADA SEM NOME,2
CAUCAIA,DESCONHECIDO,AVENIDA RAPOSO TAVARES,2
CAMPOS SALES,DESCONHECIDO,RUA CORONEL BALECO,2
CAMPOS SALES,DESCONHECIDO,RUA CORONEL ENÉAS ARRAIS,2
FORTALEZA,PARQUE SĂO JOSÉ,AVENIDA LUIZ VIEIRA,2
CAMPOS SALES,DESCONHECIDO,RUA FELICIDADE,2
ARACATI,DESCONHECIDO,TRAVESSA CAIXA DAGUA,2
ARACATI,DESCONHECIDO,TRAVESSA PARGO,2
CAUCAIA,DESCONHECIDO,CE-090,2
CAUCAIA,DESCONHECIDO,CE-155,2
ARACOIABA,BATURITE,ESTRADA ARAÇOIABA PARÁ Ó CANDEIA,2
CRATO,DESCONHECIDO,RUA LUIZ BARRETO DE MORAIS,2
CANINDÉ,DESCONHECIDO,AVENIDA PERIMETRAL,2
ARACOIABA,DESCONHECIDO,ESTRADA ARAÇOIABA CURUPIRA,2
CANINDÉ,DESCONHECIDO,AVENIDA RAIMUNDO ALCOFORADO,2
CHOROZINHO,DESCONHECIDO,RUA LUÍZ NEPOMUCENO,2
CHORÓ,DESCONHECIDO,ESTRADA SEM NOME,2
CRATO,DESCONHECIDO,RUA MANOEL ALMINO DE LIMA,2
FORTALEZA,PAUPINA,RUA MANOEL PEREIRA,2
CHORÓ,DESCONHECIDO,FAZENDA MARAJÓ,2
IRAUÇUBA,DESCONHECIDO,CE-173,2
ARARIPE,DESCONHECIDO,CE-292,2
GUAIÚBA,DESCONHECIDO,RUA FREDERICO AUGUSTO,2
CANINDÉ,DESCONHECIDO,RUA ABEL QUEIROZ SOARES,2
CANINDÉ,DESCONHECIDO,RUA ANTÔNIO ÁLVARO MARTINS,2
CRATO,DESCONHECIDO,RUA MESTRE DEDÉ DE LUNA,2
FORTALEZA,PIRAMBU,RUA SÃO RAIMUNDO,2
GUAIÚBA,DESCONHECIDO,RUA GUILHERME PEREIRA DE SOUSA,2
CANINDÉ,DESCONHECIDO,RUA FRANCISCO DAS CHAGAS BARROS,2
CANINDÉ,DESCONHECIDO,RUA FREI CELESTINO,2
CRATO,DESCONHECIDO,RUA MONSENHOR TAVÁRES,2
CAUCAIA,DESCONHECIDO,RODOVIA CE-090,2
CAUCAIA,DESCONHECIDO,RODOVIA ESTRUTURANTE CE 085,2
CRATO,DESCONHECIDO,RUA NELSON ALENCAR,2
CANINDÉ,DESCONHECIDO,RUA JOAQUIM BOTICÁRIO,2
COREAÚ,DESCONHECIDO,CE-364,2
BARBALHA,DESCONHECIDO,AV. LUIZ GONZAGA,2
BARBALHA,DESCONHECIDO,AVENIDA CORONEL JOÃO COELHO,2
GUAIÚBA,DESCONHECIDO,RUA JOSÉ RUBISMAR MENDES,2
CANINDÉ,DESCONHECIDO,RUA JOSÉ VELOSO JUCÁ,2
CANINDÉ,DESCONHECIDO,RUA JOÃO BASTOS,2
CAUCAIA,DESCONHECIDO,RUA ANTONIO ALCANTARA,2
CAUCAIA,DESCONHECIDO,RUA ANTONIO BRASILEIRO,2
CANINDÉ,DESCONHECIDO,RUA JUCÁ MARTINS,2
BARBALHA,DESCONHECIDO,ESTRADA SEM NOME,2
BARBALHA,DESCONHECIDO,PRAÇA MARIA FELICIO,2
CAUCAIA,DESCONHECIDO,RUA ANTONIO FERREIRA DA SILVA,2
IRAUÇUBA,DESCONHECIDO,ESTRADA PARA SÃO JOSÉ,2
BARBALHA,DESCONHECIDO,RUA ANTONIO CÂNDIDO DA SILVA,2
CAUCAIA,DESCONHECIDO,RUA ANTÔNIO BRASILEIRO,2
BARBALHA,DESCONHECIDO,RUA DA AJUDA,2
BARBALHA,DESCONHECIDO,RUA DE APARECIDA,2
BARBALHA,DESCONHECIDO,RUA DO PEQUZEIRO,2
BARBALHA,DESCONHECIDO,RUA ENGENHEIRO MARCOS AURELIO,2
IBICUITINGA,DESCONHECIDO,RUA JOSÉ RODRIGUES,2
IRAUÇUBA,DESCONHECIDO,ESTRADA SEM NOME,2
CANINDÉ,DESCONHECIDO,RUA RAIMUNDO COSTA RIBEIRO,2
IRAUÇUBA,DESCONHECIDO,FAZENDA CACHOEIRA,2
FORTALEZA,QUINTINO CUNHA,RUA ANÁRIO BRAGA,2
CANINDÉ,DESCONHECIDO,RUA SANTA VITÓRIA,2
ITAPIPOCA,DESCONHECIDO,RUA DEPUTADO DANUSIO BARROSO,2
CANINDÉ,DESCONHECIDO,RUA SÃO JOSÉ,2
GUAIÚBA,DESCONHECIDO,RUA SÃO CRISTÓVÃO,2
ITAPIPOCA,DESCONHECIDO,POVOADO BOM JESUS,2
CAUCAIA,DESCONHECIDO,RUA CORONEL ALFREDO MIRANDA,2
CANINDÉ,DESCONHECIDO,TRAVESSA FORTALEZA,2
INDEPENDÊNCIA,DESCONHECIDO,AVENIDA SETE DE SETEMBRO,2
CAPISTRANO,CAPISTRANO,RUA ANTÔNIO FERNANDES BEZERRA,2
CRATO,DESCONHECIDO,RUA SÃO CRISTÓVÃO,2
ITAPIPOCA,DESCONHECIDO,POVOADO PARACATU DE BAIXO,2
CARIDADE,DESCONHECIDO,AVENIDA CORONEL JOSÉ CÍCERO SAMPAIO,2
CAUCAIA,DESCONHECIDO,RUA DA SALGADEIRA,2
BARREIRA,DESCONHECIDO,ESTRADA BARREIRA CHOROZINHO,2
BARREIRA,DESCONHECIDO,ESTRADA SEM NOME,2
GUAIÚBA,DESCONHECIDO,VILA FÁTIMA,2
CARIDADE,DESCONHECIDO,RODOVIA PRESIDENTE JUSCELINO KUBITSCHEK,2
BARRO,DESCONHECIDO,RUA FIRMINO TAVÁRES,2
CAUCAIA,DESCONHECIDO,RUA DAS PORTEIRAS,2
CARIDADE,DESCONHECIDO,RUA ELIAS GOMES,2
BARROQUINHA,DESCONHECIDO,RUA COMÉRCIO,2
CARIRÉ,CARIRE,RUA SANTO ANTÔNIO,2
ITAPIPOCA,DESCONHECIDO,RUA URBANO TEIXEIRA MENEZES,2
ICAPUÍ,DESCONHECIDO,CE-261,2
ITAREMA,DESCONHECIDO,ESTRADA ANTÔNIO A VARJOTA,2
ITAREMA,DESCONHECIDO,ESTRADA DO FAROL DO ITAPAJÉ,2
ITAREMA,DESCONHECIDO,ESTRADA LAGOA DO MINEIRO CÉDRO,2
ITAREMA,DESCONHECIDO,RODOVIA CE-090,2
ITAREMA,DESCONHECIDO,RUA AMARO,2
ITAREMA,DESCONHECIDO,RUA ANTÔNIO INÁCIO,2
ITAREMA,DESCONHECIDO,RUA CEMITÉRIO,2
ITAREMA,DESCONHECIDO,RUA DA CASTANHOLEIRA,2
ITAREMA,DESCONHECIDO,RUA JOÃO JAIME,2
ITAREMA,DESCONHECIDO,RUA MARIA RITA DE MOURA CANUTO,2
ITAREMA,DESCONHECIDO,RUA MIGUEL MONTEIRO,2
ITAREMA,DESCONHECIDO,RUA SENADOR VIRGÍLIO TÁVORA,2
ITATIRA,DESCONHECIDO,AVENIDA TRAJANO HONORATO,2
ITATIRA,DESCONHECIDO,CE-366,2
ITATIRA,DESCONHECIDO,CONJUNTO LÚCIA DE FÁTIMA ASSUNÇÃO MELO,2
ITATIRA,DESCONHECIDO,ESTRADA CACHOEIRA A BANDEIRA,2
ITATIRA,DESCONHECIDO,FAZENDA BARRO VERMELHO,2
CARIRÉ,DESCONHECIDO,ESTRADA DANIEL ALMAS,2
ACARAPE,DESCONHECIDO,RODOVIA BRUNILO JACÓ,2
ITAPIPOCA,DESCONHECIDO,RODOVIA CE-090,2
CARIRÉ,DESCONHECIDO,ESTRADA PEDRA PRETA,2
JAGUARETAMA,DESCONHECIDO,RUA JAIME COSTA PINHEIRO,2
JAGUARETAMA,DESCONHECIDO,RUA MARIA NEUSA DA PAZ,2
JAGUARETAMA,DESCONHECIDO,RUA PEDRO LEMOS PEIXOTO,2
JAGUARIBARA,DESCONHECIDO,ASSENTAMENTO MANDACARÚ,2
JAGUARIBARA,DESCONHECIDO,ESTRADA SEM NOME,2
BATURITÉ,BATURITE,RUA A,2
JAGUARIBARA,DESCONHECIDO,RUA JOSÉ MARTINS GONÇALVES,2
JAGUARIBARA,DESCONHECIDO,RUA VL UM UM,2
JAGUARIBE,DESCONHECIDO,AVENIDA ALMIR FERNANDES TÁVORA,2
JAGUARIBE,DESCONHECIDO,AVENIDA ALOÍSIO DÍOGENES,2
JAGUARIBE,DESCONHECIDO,AVENIDA DOUTOR JOSÉ APARÍCIO BEZERRA DE FIGUEIREDO,2
ACARAÚ,DESCONHECIDO,AVENIDA JOSÉ GIFFONE DA SILVEIRA,2
JAGUARIBE,DESCONHECIDO,RUA CHICO NUNES,2
JAGUARIBE,DESCONHECIDO,RUA JEREMIAS MAIA,2
JIJOCA DE JERICOACOARA,DESCONHECIDO,ESTRADA SEM NOME,2
ACARAÚ,DESCONHECIDO,AVENIDA VOLUNTÁRIOS DA PÁTRIA,2
JIJOCA DE JERICOACOARA,DESCONHECIDO,RUA ANGELA MARQUES,2
JIJOCA DE JERICOACOARA,DESCONHECIDO,RUA DO FORRÓ,2
JIJOCA DE JERICOACOARA,DESCONHECIDO,RUA DOS COQUEIROS,2
JIJOCA DE JERICOACOARA,DESCONHECIDO,RUA SÃO FRANCISCO,2
JUAZEIRO DO NORTE,DESCONHECIDO,AVENIDA 31 DE MARÇO,2
JUAZEIRO DO NORTE,DESCONHECIDO,AVENIDA N.SENHORA APARECIDA,2
JUAZEIRO DO NORTE,DESCONHECIDO,AVENIDA PLÁCIDO ADERALDO CASTELO,2
JUAZEIRO DO NORTE,DESCONHECIDO,CAMPO ALEGRE,2
CAUCAIA,DESCONHECIDO,RUA DO GARROTE,2
JUAZEIRO DO NORTE,DESCONHECIDO,RUA ANA MARIA DUARTE,2
JUAZEIRO DO NORTE,DESCONHECIDO,RUA ANTÔNIO CORTÊZ DE ALENCAR,2
CRATEÚS,DESCONHECIDO,ESTRADA SEM NOME,2
ITAPIPOCA,DESCONHECIDO,RODOVIA DEPUTADO PERILO TEIXEIRA,2
JUAZEIRO DO NORTE,DESCONHECIDO,RUA CATULO DA PAIXÃO CEARENSE,2
GUARACIABA DO NORTE,DESCONHECIDO,RUA MELQUIDES FERREIRA,2
BATURITÉ,BATURITE,RUA E,2
JUAZEIRO DO NORTE,DESCONHECIDO,RUA DOUTOR ANTÔNIO YONE RODRIGUES,2
BATURITÉ,BATURITE,RUA F,2
CRATEÚS,DESCONHECIDO,RUA ANDRÉ MOREIRA,2
JUAZEIRO DO NORTE,DESCONHECIDO,RUA JAIME DORCY,2
BATURITÉ,BATURITE,RUA LEITEIRO RAIMUNDO PARAIBANO,2
BATURITÉ,BATURITE,RUA MAJOR PEDRO CATÃO,2
ITAPIÚNA,DESCONHECIDO,ESTRADA PALMATÓRIA ITAPIÚNA,2
JUAZEIRO DO NORTE,DESCONHECIDO,RUA JOÃO PEREIRA DE CARVALHO,2
JUAZEIRO DO NORTE,DESCONHECIDO,RUA MANOEL TAVARES LOPES,2
JUAZEIRO DO NORTE,DESCONHECIDO,RUA MARIANA DANTAS DE MEDEIROS,2
JUAZEIRO DO NORTE,DESCONHECIDO,RUA MONSENHOR LIMA,2
JUAZEIRO DO NORTE,DESCONHECIDO,RUA Mᵃ. GENEROSA DE ALMEIDA,2
CAUCAIA,DESCONHECIDO,RUA FRANCISCA NUNES ROCHA,2
JUAZEIRO DO NORTE,DESCONHECIDO,RUA PERPÉTUA CARNEIRO DA CUNHA,2
JUAZEIRO DO NORTE,DESCONHECIDO,RUA PIO NORÕES,2
JUAZEIRO DO NORTE,DESCONHECIDO,RUA POETA JOSÉ BERNARDO DA SILVA,2
JUAZEIRO DO NORTE,DESCONHECIDO,RUA RAIMUNDO MACHADO DA SILVA,2
JUAZEIRO DO NORTE,DESCONHECIDO,RUA RENAN CARVALHO,2
JUAZEIRO DO NORTE,DESCONHECIDO,RUA SENHOR DO BONFIM,2
JUAZEIRO DO NORTE,JUAZEIRO DO NORTE,RUA JOAQUIM LEANDRO DE SOUZA,2
JUCÁS,DESCONHECIDO,ESTRADA SEM NOME,2
JUCÁS,DESCONHECIDO,RUA ANTÔNIO PEREIRA DA SILVA,2
ACARAÚ,DESCONHECIDO,RUA DO POSTO,2
CRATEÚS,DESCONHECIDO,RUA BENONY MOURÃO FILHO,2
IRAUÇUBA,DESCONHECIDO,RUA MIGUEL BARBOSA,2
LIMOEIRO DO NORTE,DESCONHECIDO,ESTRADA ENTRADA DO TOMÉ,2
ACARAÚ,DESCONHECIDO,RUA GENERAL HUMBERTO MOURA,2
ICAPUÍ,DESCONHECIDO,RUA DO GINÁSIO,2
LIMOEIRO DO NORTE,DESCONHECIDO,RUA INÁCIO MENDES,2
LIMOEIRO DO NORTE,DESCONHECIDO,RUA RAIMUNDO CRAVEIRO,2
LIMOEIRO DO NORTE,DESCONHECIDO,RUA TERESINHA IVO FREITAS,2
ACARAÚ,DESCONHECIDO,RUA MUCUNAM,2
ICAPUÍ,DESCONHECIDO,RUA PADRE MARCONDES CAVALCANTE,2
CARIÚS,DESCONHECIDO,RUA LAGOA,2
MADALENA,DESCONHECIDO,RUA RAIMUNDO SILVA SOUSA,2
MADALENA,DESCONHECIDO,RUA VEREADOR EDMILSON PATRÍCIO ALMEIDA,2
MARACANAÚ,PARQUE PRESIDENTE VARGAS,RUA 15,2
CARIÚS,DESCONHECIDO,RUA MANOEL ROQUE BEZERRA,2
ITAPAJÉ,DESCONHECIDO,RUA RAIMUNDO HENRIQUE NETO,2
ITAPAJÉ,DESCONHECIDO,RUA ROMÃO F. LIMA,2
MARANGUAPE,DESCONHECIDO,CE-455,2
CAUCAIA,DESCONHECIDO,RUA JOAQUIM GADELHA,2
MARANGUAPE,DESCONHECIDO,POVOADO LAGES,2
MARANGUAPE,DESCONHECIDO,RODOVIA BRUNILO JACÓ DE CASTRO E SILVA,2
MARANGUAPE,DESCONHECIDO,RUA 6,2
ICAPUÍ,DESCONHECIDO,RUA SERRA DE REDONDA,2
CARNAUBAL,DESCONHECIDO,AVENIDA PAULO SARASATE,2
MARANGUAPE,DESCONHECIDO,RUA CENTRAL,2
CRATEÚS,DESCONHECIDO,RUA EDUARDO ALBUQUERQUE,2
HORIZONTE,DESCONHECIDO,RUA JORGE BRASILINO,2
CAUCAIA,DESCONHECIDO,RUA JOSE FORTE BRAGA,2
MARANGUAPE,DESCONHECIDO,RUA DO JORDÃO,2
CARNAUBAL,DESCONHECIDO,RUA VALDIVINO FONTENELE SAMPAIO,2
MARANGUAPE,DESCONHECIDO,RUA FRANCISCO SAMPAIO,2
HORIZONTE,DESCONHECIDO,RUA JOSÉ BERNARDO,2
FRECHEIRINHA,DESCONHECIDO,AV. ANTÔNIO PINTO,2
CAUCAIA,DESCONHECIDO,RUA JOSÉ HOLANDA NOGUEIRA,2
MARANGUAPE,DESCONHECIDO,RUA JOSE CRISTOVAO ARAUJO,2
MARANGUAPE,DESCONHECIDO,RUA JOSE PEREIRA DE SOUZA,2
ITAPIPOCA,DESCONHECIDO,RUA ANTÔNIO CARVALHO,2
MARANGUAPE,DESCONHECIDO,RUA JOÃO CIRINO,2
MARANGUAPE,DESCONHECIDO,RUA JOÃO MOREIRA,2
MARANGUAPE,DESCONHECIDO,RUA JOÃO TEIXEIRA JOCA,2
CASCAVEL,DESCONHECIDO,AVENIDA OTÁVIO FELÍCIO DE SOUSA,2
MARANGUAPE,DESCONHECIDO,RUA MANOEL NUNES DO NASCIMENTO,2
MARANGUAPE,DESCONHECIDO,RUA MARIA EFIGÊNIA CAMPOS TÉLES,2
MARANGUAPE,DESCONHECIDO,RUA MARIA GERALDA,2
MARANGUAPE,DESCONHECIDO,RUA MARITA COLARES GARCÍA,2
HORIZONTE,DESCONHECIDO,RUA JOÃO DE SOUSA FALCÃO,2
MARANGUAPE,DESCONHECIDO,RUA ROSALVO RAMOS,2
MARANGUAPE,DESCONHECIDO,RUA VALDECY SOUSA DE OLIVEIRA,2
BEBERIBE,DESCONHECIDO,RUA DEUS É PAI,2
CASCAVEL,DESCONHECIDO,CE-138,2
AIUABA,DESCONHECIDO,RUA RAIMUNDO DIAS OLIVEIRA,2
BEBERIBE,DESCONHECIDO,RUA ESTEVÃO CARVALHO,2
BEBERIBE,DESCONHECIDO,RUA EXPEDITO RODRIGUES DA SILVA,2
MASSAPÊ,DESCONHECIDO,RUA MANOEL JARBAS DE ÁGUIAR,2
MAURITI,DESCONHECIDO,RUA 3,2
MAURITI,DESCONHECIDO,RUA 5,2
MIRAÍMA,DESCONHECIDO,ESTRADA LUNDU BROTAS,2
MIRAÍMA,DESCONHECIDO,ESTRADA SEM NOME,2
MIRAÍMA,DESCONHECIDO,RUA DO MOTOR,2
MIRAÍMA,DESCONHECIDO,RUA MARIA COELHO RODRIGUES,2
MIRAÍMA,MIRAIMA,AVENIDA SARGENTO JÚLIO PARENTE,2
MIRAÍMA,MIRAIMA,RUA  ELINOR BRAGA,2
ICAPUÍ,DESCONHECIDO,RUA ZÉ BIRU,2
CRUZ,DESCONHECIDO,ESTRADA CRUZ A LAGOA DOS MONTEIROS,2
MISSÃO VELHA,DESCONHECIDO,RUA AFONSO RIBEIRO,2
BEBERIBE,DESCONHECIDO,RUA JUVENAL SILVANO ALCÂNTARA,2
MISSÃO VELHA,DESCONHECIDO,RUA ONZE DE JULHO,2
MISSÃO VELHA,DESCONHECIDO,RUA PADRE FÉLIX,2
MOMBAÇA,DESCONHECIDO,CE-166,2
ALTO SANTO,DESCONHECIDO,CE-138,2
ITAPIPOCA,DESCONHECIDO,ESTRADA JOSÉ VILA DOS PRACIANOS,2
CASCAVEL,DESCONHECIDO,ESTRADA DO CANAL,2
CRUZ,DESCONHECIDO,ESTRADA SEM NOME,2
MONSENHOR TABOSA,DESCONHECIDO,RUA VINTE DE JANEIRO,2
CAUCAIA,DESCONHECIDO,RUA LONDRINA,2
ICÓ,DESCONHECIDO,AVENIDA NOGUEIRA ACIOLY,2
MORADA NOVA,DESCONHECIDO,AVENIDA MANOEL DE CASTRO FILHO,2
BEBERIBE,DESCONHECIDO,RUA SIMIÃO JOAQUIM DOS SANTOS,2
MORADA NOVA,DESCONHECIDO,BECO DA LAGOA,2
MORADA NOVA,DESCONHECIDO,CE-138,2
MORADA NOVA,DESCONHECIDO,CE-265,2
ITAPIPOCA,DESCONHECIDO,RUA AUDÍRIO FONTOURA,2
MORADA NOVA,DESCONHECIDO,ESTRADA AÇUDE CIPOADA,2
MORADA NOVA,DESCONHECIDO,ESTRADA DA FELIPA PARA LAGOA GRANDE,2
CASCAVEL,DESCONHECIDO,ESTRADA NOVA,2
AMONTADA,DESCONHECIDO,AVENIDA ALZIRA ROQUES DOS SANTOS SOUSA,2
MORADA NOVA,DESCONHECIDO,RUA ANA NOGUEIRA MAIA,2
AMONTADA,DESCONHECIDO,AVENIDA BALDUINO CARNEIRO NETO,2
MORADA NOVA,DESCONHECIDO,RUA BANABUIU,2
MORADA NOVA,DESCONHECIDO,RUA DE FÁTIMA,2
MORADA NOVA,DESCONHECIDO,RUA JOSÉ AMBRÓSIO,2
MORADA NOVA,DESCONHECIDO,RUA JUSCELINO KUBISTCHEK,2
MORADA NOVA,DESCONHECIDO,RUA PADRE FRANCISCO ALVES TEIXEIRA,2
MORADA NOVA,DESCONHECIDO,RUA RAIMUNDO VIANA,2
MORADA NOVA,DESCONHECIDO,RUA RAUL NOGUEIRA,2
FORTALEZA,JANGURURSSU,RUA NUNES FEIJÓ,2
MORADA NOVA,DESCONHECIDO,VILA ANDRADE,2
MORADA NOVA,DESCONHECIDO,VILA CHAGAS,2
MORADA NOVA,DESCONHECIDO,VILA GIRÃO,2
MORRINHOS,DESCONHECIDO,RODOVIA BRUNILO JACÓ DE CASTRO E SILVA,2
MORRINHOS,DESCONHECIDO,RUA JOAQUIM CORIOLANO ROCHA,2
NOVA RUSSAS,DESCONHECIDO,ESTRADA SEM NOME,2
NOVA RUSSAS,DESCONHECIDO,RUA HERMENEGILDO MARTINS,2
AMONTADA,DESCONHECIDO,CE-176,2
AMONTADA,DESCONHECIDO,ESTR. SABIAGUABA,2
OCARA,DESCONHECIDO,BR-122,2
OCARA,DESCONHECIDO,ESTRADA SEM NOME,2
ICÓ,DESCONHECIDO,RUA 4 DE JULHO,2
PACAJUS,DESCONHECIDO,CE-253,2
PACAJUS,DESCONHECIDO,ESTRADA UMARI DO MEIO,2
AMONTADA,DESCONHECIDO,ESTRADA ARENGAS,2
PACAJUS,DESCONHECIDO,RUA CHICO PADRE,2
PACAJUS,DESCONHECIDO,RUA LUIZ MENDES XAVIER,2
PALHANO,DESCONHECIDO,RUA POSSIDÔNIO BARRETO,2
GRANJA,DESCONHECIDO,AVENIDA VIRGÍLIO TÁVORA,2
CAUCAIA,DESCONHECIDO,RUA MINGUAU,2
PARACURU,DESCONHECIDO,RUA ERIVANE DE PONTES MOREIRA,2
PARACURU,DESCONHECIDO,RUA ESTRADA DAS MALEITAS,2
AMONTADA,DESCONHECIDO,ESTRADA JUREMA A SABIAGUABA,2
CRATO,DESCONHECIDO,AVENIDA JOSÉ ALVES DE FIGUEIREDO,2
PARACURU,DESCONHECIDO,RUA RAIMUNDA MOREIRA DE CASTRO,2
PARAIPABA,DESCONHECIDO,RUA PRIMEIRO DE MAIO,2
PARAIPABA,DESCONHECIDO,RUA SANTA RITA,2
PARAMBU,DESCONHECIDO,RODOVIA BELA VISTA,2
PARAMBU,DESCONHECIDO,SERRA DOS BATISTAS,2
PARAMOTI,DESCONHECIDO,ESTRADA PARÁ GENERAL SAMPAIO,2
PEDRA BRANCA,DESCONHECIDO,BR-226,2
CRATO,DESCONHECIDO,AVENIDA JOSÉ HORÁCIO PEQUENO,2
AMONTADA,DESCONHECIDO,MIRINDUBA,2
PEDRA BRANCA,DESCONHECIDO,RUA FRANCISCO LEANDRO,2
CAUCAIA,DESCONHECIDO,RUA NOSSA SENHORA DA SAÚDE,2
ITAPIPOCA,DESCONHECIDO,ESTRADA LAGOA DE BAIXO PARÁ RETIRO NOVO,2
ITAPIPOCA,DESCONHECIDO,RUA SERROTE 01,2
PEDRA BRANCA,DESCONHECIDO,RUA MARIA ALVES DE MESQUITA,2
PEDRA BRANCA,DESCONHECIDO,RUA PADRE JOÃO EPIFÂNIO,2
PEDRA BRANCA,DESCONHECIDO,RUA ÁLVARO CESÁRIO DANTAS,2
PEDRA BRANCA,DESCONHECIDO,SITIO BAIXA VERDE 5,2
PENTECOSTE,DESCONHECIDO,ESTRADA VILA NOVA,2
PENTECOSTE,DESCONHECIDO,POVOADO CERQUINHA,2
CRUZ,DESCONHECIDO,RUA RAIMUNDO SOBRINHO,2
PENTECOSTE,DESCONHECIDO,RUA ANTÔNIO MÁRIO DA SILVA,2
BELA CRUZ,DESCONHECIDO,RUA NICOLAU PEIXOTO,2
PENTECOSTE,DESCONHECIDO,RUA DOQUINHA CARNEIRO,2
PENTECOSTE,DESCONHECIDO,RUA FRANCISCO JOSÉ DA SILVA,2
PENTECOSTE,DESCONHECIDO,RUA FRANCISCO PEDRO,2
PENTECOSTE,DESCONHECIDO,RUA JACINTO FEIJÓ DE MELO,2
AMONTADA,DESCONHECIDO,RUA ARTUR FERREIRA ALVES,2
CAUCAIA,DESCONHECIDO,RUA PRINCIPAL,2
PENTECOSTE,DESCONHECIDO,RUA JOSÉ DE PAULA FILHO,2
PENTECOSTE,DESCONHECIDO,RUA PADRE RAIMUNDO,2
BOA VIAGEM,DESCONHECIDO,CE-265,2
GRANJA,DESCONHECIDO,ESTRADA AGROVILA,2
PINDORETAMA,PINDORETAMA,ESTRADA JOÃO MOREIRA MANGUEIRAL,2
CRATO,DESCONHECIDO,ESTRADA SANTA FÉ - CRATO,2
POTIRETAMA,DESCONHECIDO,ESTRADA SEM NOME,2
QUITERIANÓPOLIS,DESCONHECIDO,AVENIDA LAURINDO GOMES,2
QUITERIANÓPOLIS,DESCONHECIDO,RUA ACADÊMICO DEUSDETE PEDROSA,2
QUIXADÁ,DESCONHECIDO,AV. PRESIDENTE VARGAS,2
BOA VIAGEM,DESCONHECIDO,ESTRADA MÓR,2
QUIXADÁ,DESCONHECIDO,AVENIDA BELO HORIZONTE,2
QUIXADÁ,DESCONHECIDO,AVENIDA JEAN DA SILVA PEREIRA,2
CRATO,DESCONHECIDO,ESTRADA SEM NOME,2
IBARETAMA,DESCONHECIDO,AVENIDA JOÃO DE ALMEIDA,2
CASCAVEL,DESCONHECIDO,RUA CÂNDIDO RODRIGUES,2
QUIXADÁ,DESCONHECIDO,RUA CAROLINE SARAIVA SILVA,2
BOA VIAGEM,DESCONHECIDO,ESTRADA RIACHO DA JUREMA,2
QUIXADÁ,DESCONHECIDO,RUA DALVA HOLANDA BARROCAS,2
BOA VIAGEM,DESCONHECIDO,ESTRADA SABONETE,2
QUIXADÁ,DESCONHECIDO,RUA DO AÇUDE,2
AMONTADA,DESCONHECIDO,RUA MARTINS TEIXEIRA,2
QUIXADÁ,DESCONHECIDO,RUA DO OLIVEIRA,2
QUIXADÁ,DESCONHECIDO,RUA FRANCISCO AIRES DE QUEIROZ,2
QUIXADÁ,DESCONHECIDO,RUA FRAZÃO CRAVO,2
AMONTADA,DESCONHECIDO,RUA PADRE PEDRO VITORINO,2
QUIXADÁ,DESCONHECIDO,RUA JUVÊNCIO ALVES,2
QUIXADÁ,DESCONHECIDO,RUA LUCAS RIBEIRO POMPEU,2
AMONTADA,DESCONHECIDO,RUA PEDRO CABRAL ROCHA,2
QUIXADÁ,DESCONHECIDO,RUA NEO MARTINS,2
QUIXADÁ,DESCONHECIDO,RUA NILSON MAIA,2
QUIXADÁ,DESCONHECIDO,RUA PARAGUAI,2
QUIXADÁ,DESCONHECIDO,TRAVESSA DO OLIVEIRA,2
ITAITINGA,DESCONHECIDO,AVENIDA LEO RODRIGUES,2
QUIXELÔ,DESCONHECIDO,RUA VITORINO JOSÉ DE OLIVEIRA,2
QUIXERAMOBIM,DESCONHECIDO,ESTRADA PARÁ CAJUEIRO,2
CRATO,DESCONHECIDO,LADEIRA PADRE ENRILE,2
QUIXERÉ,DESCONHECIDO,ESTRADA SEM NOME,2
QUIXERÉ,DESCONHECIDO,RUA GERARDO COSTA,2
QUIXERÉ,DESCONHECIDO,RUA MESTRE FELIPE,2
RERIUTABA,DESCONHECIDO,POVOADO RIACHO DAS FLORES,2
RUSSAS,DESCONHECIDO,AVENIDA CORONEL ARAÚJO LIMA,2
RUSSAS,DESCONHECIDO,AVENIDA JOAQUIM DE SOUSA BARRETO,2
RUSSAS,DESCONHECIDO,ESTRADA POÇO DO BOI,2
ITAPAJÉ,DESCONHECIDO,TRAVESSA ASSIS BASTOS,2
RUSSAS,DESCONHECIDO,RUA ALEXANDRE MARREIRO,2
RUSSAS,DESCONHECIDO,RUA CÔNEGO AGOSTINHO,2
RUSSAS,DESCONHECIDO,RUA DOUTOR DALTRO HOLANDA,2
RUSSAS,DESCONHECIDO,RUA JOÃO RICARDO,2
RUSSAS,DESCONHECIDO,RUA PADRE RAUL VIÊIRA,2
RUSSAS,DESCONHECIDO,RUA RAMAL DE FLORES,2
BOA VIAGEM,DESCONHECIDO,LADISLAU VIEIRA CARNEIRO,2
AMONTADA,DESCONHECIDO,RUA SILVESTRE PEREIRA AZEVEDO,2
RUSSAS,DESCONHECIDO,SITIO PARAÍSO,2
RUSSAS,DESCONHECIDO,SITIO TIMBAÚBA DAS DORES,2
RUSSAS,DESCONHECIDO,TRAVESSA BRUNO EPAMINONDAS,2
RUSSAS,DESCONHECIDO,TRAVESSA FRANCISCO ANTÔNIO,2
AMONTADA,DESCONHECIDO,RUA TEREZA ANASTASIO,2
SABOEIRO,DESCONHECIDO,ESTRADA SABOEIRO CRUZETA,2
ITAPAJÉ,DESCONHECIDO,TRAVESSA AUGUSTO DE CASTRO,2
SABOEIRO,DESCONHECIDO,G667+3J BARRINHA,2
CASCAVEL,DESCONHECIDO,RUA DAS PALMEIRAS,2
CASCAVEL,DESCONHECIDO,RUA DELIO PORTO,2
BOA VIAGEM,DESCONHECIDO,RUA AGOSTINHA GONÇALVES DE CARVALHO,2
CASCAVEL,DESCONHECIDO,RUA DO BAR REAL,2
SANTA QUITÉRIA,DESCONHECIDO,RUA JOSÉ NASCIMENTO FRANÇA,2
ITAPIPOCA,DESCONHECIDO,RUA CAPITÃO FRANCISCO PINHEIRO,2
SANTANA DO ACARAÚ,DESCONHECIDO,ESTRADA PARÁ SANTANA DO ACARAÚ,2
SENADOR POMPEU,DESCONHECIDO,BR-226,2
SENADOR POMPEU,DESCONHECIDO,CE-060,2
IBARETAMA,DESCONHECIDO,ESTRADA SEM NOME,2
SENADOR POMPEU,DESCONHECIDO,RUA JOÃO FERNANDES VIEIRA,2
SOBRAL,DESCONHECIDO,ACESSO JORDÃO,2
BOA VIAGEM,DESCONHECIDO,RUA BASÍLIO VIÊIRA CARNEIRO,2
SOBRAL,DESCONHECIDO,AVENIDA ILDELFONSO DE HOLANDA CAVALCANTE,2
SOBRAL,DESCONHECIDO,AVENIDA JOAQUIM CIALDINO,2
SOBRAL,DESCONHECIDO,AVENIDA LÚCIA SABÓIA,2
SOBRAL,DESCONHECIDO,AVENIDA MINISTRO CESAR CALS OLIVEIRA,2
APUIARÉS,DESCONHECIDO,RUA ISAAC DE CASTRO,2
SOBRAL,DESCONHECIDO,AVENIDA MURILO AGUIAR,2
APUIARÉS,DESCONHECIDO,RUA JOSE DE FREITAS,2
SOBRAL,DESCONHECIDO,AVENIDA PERIMETRAL,2
APUIARÉS,DESCONHECIDO,RUA JOÃO PAULO,2
APUIARÉS,DESCONHECIDO,RUA LUIS CARNEIRO DE AZEVEDO,2
BOA VIAGEM,DESCONHECIDO,RUA DAVID CAPISTRANO,2
SOBRAL,DESCONHECIDO,CE-183,2
SOBRAL,DESCONHECIDO,CE-440,2
IBARETAMA,DESCONHECIDO,RUA DO POSTO,2
SOBRAL,DESCONHECIDO,RUA ANTÔNIO CRISÓSTOMO DE MELO,2
SOBRAL,DESCONHECIDO,RUA ANTÔNIO RODRIGUES MAGALHÃES,2
FORTALEZA,LAGOA REDONDA,RUA SANTA ISABEL,2
AQUIRAZ,DESCONHECIDO,AVENIDA BEIRA MAR,2
FORTALEZA,LAGOA REDONDA,RUA SETE,2
SOBRAL,DESCONHECIDO,RUA CAUBI VASCONCELOS,2
SOBRAL,DESCONHECIDO,RUA CORONEL ALBUQUERQUE,2
SOBRAL,DESCONHECIDO,RUA CORONEL ESTANISLAU FROTA,2
SOBRAL,DESCONHECIDO,RUA CORONEL SABINO GUIMARÃES,2
AQUIRAZ,DESCONHECIDO,AVENIDA CÂNDIDO BENÍCIO SAMPAIO,2
EUSÉBIO,DESCONHECIDO,RUA MARIA CÂNDIDA,2
SOBRAL,DESCONHECIDO,RUA DAS FLORES II,2
SOBRAL,DESCONHECIDO,RUA DESEMBARGADOR MOREIRA DA ROCHA,2
ICÓ,DESCONHECIDO,RUA EDIJALME ALVES MACIEL,2
SOBRAL,DESCONHECIDO,RUA DOUTOR JOSÉ CUSTÓDIO DE AZEVEDO,2
SOBRAL,DESCONHECIDO,RUA DOUTOR JOÃO ALVES DE MELO,2
SOBRAL,DESCONHECIDO,RUA DOUTOR TOMÁS ARAGÃO,2
SOBRAL,DESCONHECIDO,RUA FERROVIÁRIA,2
SOBRAL,DESCONHECIDO,RUA FRANCISQUINHA FROTA,2
CAUCAIA,DESCONHECIDO,RUA VALTER MOURA,2
AQUIRAZ,DESCONHECIDO,AVENIDA SANTOS DUMONT,2
CAUCAIA,DESCONHECIDO,RUA VENTOS ATLÂNTICOS,2
ITAPIPOCA,DESCONHECIDO,RUA FREI CASSIANO,2
BOA VIAGEM,DESCONHECIDO,RUA JOÃO AMARO FILHO,2
SOBRAL,DESCONHECIDO,RUA JOSÉ GERARDO FROTA PARENTE,2
IPU,DESCONHECIDO,AVENIDA MANOEL DE ASSIS,2
SOBRAL,DESCONHECIDO,RUA JOSÉ RENATO COELHO RODRIGUES,2
ITAPIPOCA,DESCONHECIDO,RUA CHICO COITÉ,2
AQUIRAZ,DESCONHECIDO,ESTRADA DO FIO,2
SOBRAL,DESCONHECIDO,RUA MARIINHA PAIVA,2
CAUCAIA,DESCONHECIDO,TRAVESSA DO PROFESSOR,2
ITAPIPOCA,DESCONHECIDO,AVENIDA ANASTÁCIO BRAGA,2
CRATO,DESCONHECIDO,RUA BOM JESUS,2
AQUIRAZ,DESCONHECIDO,ESTRADA SEM NOME,2
AQUIRAZ,DESCONHECIDO,ESTRADA VILA NOVA,2
CASCAVEL,DESCONHECIDO,RUA JOSÉ ESTEVES DA SILVA,2
SOBRAL,DESCONHECIDO,RUA RAIMUNDO MENDES ÁGUIAR,2
SOBRAL,DESCONHECIDO,RUA RAIMUNDO RIBEIRO DA SILVA,2
SOBRAL,DESCONHECIDO,RUA SANTA MARTA,2
BOA VIAGEM,DESCONHECIDO,RUA MARIA CRISTINA DA SILVA,2
CASCAVEL,DESCONHECIDO,RUA JOSÉ QUARIGUAZIL,2
SOBRAL,DESCONHECIDO,RUA SINHÁ SABÓIA,2
SOBRAL,DESCONHECIDO,RUA SÃO JOSÉ III,2
SOBRAL,DESCONHECIDO,RUA TANCREDO NEVES,2
CASCAVEL,DESCONHECIDO,RUA JOÃO IRINEU ARAÚJO,2
ITAPAJÉ,DESCONHECIDO,ESTRADA DO CEMITÉRIO,2
SOBRAL,DESCONHECIDO,RUA VALÉRIA,2
FORTALEZA,MESSEJANA,RUA DOUTOR JOAQUIM BENTO,2
SOBRAL,DESCONHECIDO,RUA VIRIATO DE MEDEIROS,2
ITAPIPOCA,DESCONHECIDO,AVENIDA BEIRA MAR,2
CASCAVEL,DESCONHECIDO,RUA MAJOR ENGENHEIRO JOSÉ GOIÂNIA PRIMO,2
CRATO,DESCONHECIDO,RUA CORONEL ANTÔNIO LUÍZ,2
SOLONÓPOLE,DESCONHECIDO,RUA MANOEL FORTUNATO,2
QUIXADÁ,DESCONHECIDO,RUA JOSÉ JUCÁ NETO,2
BOA VIAGEM,DESCONHECIDO,RUA VEREADOR JOSÉ VIÊIRA DE LIMA,2
AQUIRAZ,DESCONHECIDO,RUA BEIRA RIO,2
CAUCAIA,IPARANA,RUA ELIEZER DE FREITAS GUIMARÃES,2
SÃO BENEDITO,DESCONHECIDO,RUA ELEAZAR GOMES,2
SÃO BENEDITO,DESCONHECIDO,RUA FRANCISCO CAVALCANTE,2
SÃO BENEDITO,DESCONHECIDO,RUA FRANCISCO EUSÉBIO,2
CRATO,DESCONHECIDO,RUA CORONEL LUÍS TEIXEIRA,2
SÃO BENEDITO,DESCONHECIDO,RUA GONÇALO DE FREITAS,2
SÃO BENEDITO,DESCONHECIDO,RUA JUCA OLIVEIRA,2
SÃO BENEDITO,DESCONHECIDO,RUA MANOEL BILEGA,2
CRATO,DESCONHECIDO,RUA CORONEL SEGUNDO,2
SÃO BENEDITO,DESCONHECIDO,RUA PAULO MARQUES,2
SÃO BENEDITO,DESCONHECIDO,RUA PROFESSOR LIMA BOTELHO,2
AQUIRAZ,DESCONHECIDO,RUA DA POUSADA DO MAGELA,2
SÃO BENEDITO,DESCONHECIDO,SITIO JUSSARA,2
SÃO BENEDITO,DESCONHECIDO,SITIO LAGOA,2
SÃO BENEDITO,DESCONHECIDO,SITIO MURICITUBA,2
BREJO SANTO,DESCONHECIDO,AVENIDA ANTÔNIO FLORENTINO,2
AQUIRAZ,DESCONHECIDO,RUA DAUREA PELÚCIO,2
SÃO GONÇALO DO AMARANTE,DESCONHECIDO,BR-222,2
SÃO GONÇALO DO AMARANTE,DESCONHECIDO,CE-085,2
SÃO GONÇALO DO AMARANTE,DESCONHECIDO,CE-421,2
CRATO,DESCONHECIDO,RUA CORONEL TEÓFILO SIQUEIRA,2
ICÓ,DESCONHECIDO,RUA SÃO GERALDO,2
AQUIRAZ,DESCONHECIDO,RUA E,2
ITAPIPOCA,DESCONHECIDO,RUA SOUSA QUIRINO,2
SÃO GONÇALO DO AMARANTE,DESCONHECIDO,RUA 4,2
SÃO GONÇALO DO AMARANTE,DESCONHECIDO,RUA DONA VITÓRIA,2
SÃO GONÇALO DO AMARANTE,DESCONHECIDO,RUA IRMÃ ZULMIRA FONTENELE,2
ITAPAJÉ,DESCONHECIDO,FAZENDA CONCEIÇÃO,2
SÃO GONÇALO DO AMARANTE,DESCONHECIDO,RUA ORLANDO LIMA,2
BREJO SANTO,DESCONHECIDO,RUA BALBINA VIANA ARRAES,2
SÃO GONÇALO DO AMARANTE,DESCONHECIDO,RUA RAIMUNDO RAMOS,2
AQUIRAZ,DESCONHECIDO,RUA FERREIRA 2,2
CASCAVEL,DESCONHECIDO,RUA PADRE VALDEVINO NOGUEIRA,2
SÃO GONÇALO DO AMARANTE,DESCONHECIDO,RUA VICENTE PEREIRA CRISÓSTOMO,2
FORQUILHA,DESCONHECIDO,FAZENDA TAMANDÚA,2
FORQUILHA,DESCONHECIDO,FAZENDA VIRAÇÃO,2
SÃO JOÃO DO JAGUARIBE,DESCONHECIDO,RUA JOAQUIM FERREIRA DE LIMA,2
CASCAVEL,DESCONHECIDO,RUA PEDRO FACUNDO,2
TABULEIRO DO NORTE,DESCONHECIDO,CE-358,2
AQUIRAZ,DESCONHECIDO,RUA FRANCISCO MOURA DE ABREU,2
TABULEIRO DO NORTE,DESCONHECIDO,ESTRADA TABULEIRO DO NORTE,2
TABULEIRO DO NORTE,DESCONHECIDO,RUA JERÔNIMO BATISTA,2
TABULEIRO DO NORTE,DESCONHECIDO,RUA LINO FERNANDES PESSOA,2
CASCAVEL,DESCONHECIDO,RUA PEDRO MOITA,2
BREJO SANTO,DESCONHECIDO,RUA MANOEL ARCELINO JANUÁRIO,2
TABULEIRO DO NORTE,DESCONHECIDO,SITIO GANGORRINHA,2
TABULEIRO DO NORTE,DESCONHECIDO,SITIO JUAZEIRO,2
FORQUILHA,DESCONHECIDO,POVOADO SABONETE,2
FORQUILHA,DESCONHECIDO,POVOADO SERENO,2
TAUÁ,DESCONHECIDO,AVENIDA PEDRO INÁCIO DE SOUZA,2
TAUÁ,DESCONHECIDO,RODOVIA PRESIDENTE JUSCELINO KUBITSCHEK,2
TAUÁ,DESCONHECIDO,RUA ABGAIL CIDRÃO,2
TAUÁ,DESCONHECIDO,RUA LUÍS VENÂNCIO DE MELO,2
ITAPIPOCA,DESCONHECIDO,BECO DO MANOEL CODOR,2
TEJUÇUOCA,DESCONHECIDO,POVOADO BOA AÇÃO,2
CEDRO,DESCONHECIDO,RUA CHIQUINHO CARTEIRO,2
CEDRO,DESCONHECIDO,RUA CORONEL JOSÉ ALBUQUERQUE,2
TEJUÇUOCA,DESCONHECIDO,RUA MAMEDE RODRIGUES TEIXEIRA,2
TIANGUÁ,DESCONHECIDO,AVENIDA PREFEITO JAQUES NUNES,2
AQUIRAZ,DESCONHECIDO,RUA LAMARÃO MALVINAS CAMARÁ,2
TIANGUÁ,DESCONHECIDO,ESTRADA SÍTIO PITANGUINHA,2
TIANGUÁ,DESCONHECIDO,RUA DA PAZ,2
CASCAVEL,DESCONHECIDO,RUA SULINA,2
TIANGUÁ,DESCONHECIDO,RUA JOÃO DUDA ALVES,2
TIANGUÁ,DESCONHECIDO,RUA TARCÍSIO VASCONCELOS,2
IBIAPINA,DESCONHECIDO,RUA OTAVIO SOARES,2
TIANGUÁ,DESCONHECIDO,RUA VEREADOR RAIMUNDO LIMA,2
TIANGUÁ,TIANGUA,BR-222,2
TIANGUÁ,TIANGUA,RUA CAPITÃO JOAQUIM LOURENÇO,2
CAMOCIM,DESCONHECIDO,AVENIDA BEIRA MAR,2
TIANGUÁ,TIANGUA,RUA DEPUTADO MANOEL FRANCISCO,2
TIANGUÁ,TIANGUA,RUA DOZE DE AGOSTO,2
CAMOCIM,DESCONHECIDO,CE-085,2
CASCAVEL,DESCONHECIDO,SITIO SERROTE,2
TIANGUÁ,TIANGUA,RUA PRINCIPAL,2
TIANGUÁ,TIANGUA,RUA VEREADOR RAIMUNDO LIMA,2
TRAIRI,DESCONHECIDO,AVENIDA NOSSA SENHORA DO LIVRAMENTO,2
TRAIRI,DESCONHECIDO,AVENIDA SENADOR VIRGILIO TAVORA MEIRELES,2
CEDRO,DESCONHECIDO,RUA H,2
GRAÇA,DESCONHECIDO,SITIO CAETANO,2
TRAIRI,DESCONHECIDO,ESTRADA FAZENDA BOM,2
CAMOCIM,DESCONHECIDO,R. CARLOS TAVARES,2
CASCAVEL,DESCONHECIDO,TRAVESSA RIO DE JANEIRO,2
AQUIRAZ,DESCONHECIDO,RUA PAULINO DE OLIVEIRA,2
TRAIRI,DESCONHECIDO,RUA ANTÔNIO DOCA,2
ITAPIPOCA,DESCONHECIDO,CE-085,2
TRAIRI,DESCONHECIDO,RUA DONA OSCARINA,2
TRAIRI,DESCONHECIDO,RUA DOS OLIVEIRAS,2
CAMOCIM,DESCONHECIDO,RUA ANTÔNIO MAGALHÃES,2
TRAIRI,DESCONHECIDO,RUA FLORÊNCIO JOSE BARBOSA,2
TRAIRI,DESCONHECIDO,RUA JOSÉ F. DA CUNHA,2
TRAIRI,DESCONHECIDO,RUA MIGUEL CUSTÓDIO,2
TRAIRI,DESCONHECIDO,RUA SÃO PEDRO,2
AQUIRAZ,DESCONHECIDO,RUA POVOADO DE RUSSEGA,2
TRAIRI,TRAIRI,ESTRADA SEM NOME,2
TURURU,DESCONHECIDO,AVENIDA NENÉM BARROSO,2
TURURU,DESCONHECIDO,POVOADO LAGOA DO INÁCIO,2
CEDRO,DESCONHECIDO,RUA SINHÁ DE ALCÂNTARA,2
CATARINA,DESCONHECIDO,CE-168,2
UBAJARA,DESCONHECIDO,RUA JOSÉ AGAPITO PEREIRA,2
CATARINA,DESCONHECIDO,RUA ANTÔNIO LEITÃO DE MENDONÇA,2
GRAÇA,DESCONHECIDO,V5VX+PV LAPA,2
UMARI,DESCONHECIDO,SITIO LOGRADOURO,2
CEDRO,DESCONHECIDO,RUA VEREADOR CÍCERO FERNANDES VIEIRA,2
UMIRIM,DESCONHECIDO,RUA DA PRAÇA,2
CRATO,DESCONHECIDO,RUA ELVIRA DE CARVALHO,2
ITAPIPOCA,DESCONHECIDO,RUA PRINCIPAL,2
VARJOTA,DESCONHECIDO,RUA ANTÔNIO DE OLIVEIRA,2
CRATO,DESCONHECIDO,RUA ELÍSIO SALDANHA,2
VARJOTA,DESCONHECIDO,RUA TRINTA E UM DE MARÇO,2
VARJOTA,DESCONHECIDO,TRAVESSA ANTÔNIO FLORÊNCIO DE ARAÚJO,2
CHAVAL,DESCONHECIDO,ESTRADA PARÁ BARROQUINHA,2
VIÇOSA DO CEARÁ,DESCONHECIDO,RUA DO CARANGUEJO,2
VIÇOSA DO CEARÁ,DESCONHECIDO,RUA NOSSA SENHORA DA SAÚDE,2
CAMOCIM,DESCONHECIDO,RUA BURITÍ,1
CAMOCIM,DESCONHECIDO,RUA CARLOS VERAS,1
CAMOCIM,DESCONHECIDO,RUA CEARÁ,1
CAMOCIM,DESCONHECIDO,RUA CENTRAL,1
CAMOCIM,DESCONHECIDO,RUA CIRO FERREIRA GOMES,1
CAMOCIM,DESCONHECIDO,RUA CURITIBA,1
CAMOCIM,DESCONHECIDO,RUA CÉSAR CALS,1
CAMOCIM,DESCONHECIDO,RUA D,1
CAMOCIM,DESCONHECIDO,RUA DA MATRIZ,1
CAMOCIM,DESCONHECIDO,RUA DA PRAIA,1
CAMOCIM,DESCONHECIDO,RUA DOUTOR RAIMUNDO VERAS,1
CAMOCIM,DESCONHECIDO,RUA ESPERANTINA,1
CAMOCIM,DESCONHECIDO,RUA ESTADOS UNIDOS,1
CAMOCIM,DESCONHECIDO,RUA FORTALEZA,1
CAMOCIM,DESCONHECIDO,RUA GENTIL BARREIRA,1
CAMOCIM,DESCONHECIDO,RUA GIRASSOL,1
CAMOCIM,DESCONHECIDO,RUA IVANIR,1
CAMOCIM,DESCONHECIDO,RUA JOAQUIM ROCHA VERAS,1
CAMOCIM,DESCONHECIDO,RUA N,1
CAMOCIM,DESCONHECIDO,RUA PANTANAL III,1
CAMOCIM,DESCONHECIDO,RUA QUIXADÁ,1
CAMOCIM,DESCONHECIDO,RUA RIACHUELO,1
CAMOCIM,DESCONHECIDO,RUA SANTA LUZIA,1
CAMOCIM,DESCONHECIDO,RUA SANTA RITA II,1
CAMOCIM,DESCONHECIDO,RUA SANTA TERESINHA,1
CAMOCIM,DESCONHECIDO,RUA SOL NASCENTE,1
CAMOCIM,DESCONHECIDO,RUA ZEFERINO VERAS,1
CAMOCIM,DESCONHECIDO,TRAVESSA JOÃO TOMÉ VI,1
CAMPOS SALES,DESCONHECIDO,AVENIDA FRANCISCO ADEMAR DE ANDRADE,1
CAMPOS SALES,DESCONHECIDO,AVENIDA PADRE NOBRE,1
CAMPOS SALES,DESCONHECIDO,AVENIDA SETE SETEMBRO,1
CAMPOS SALES,DESCONHECIDO,CE-187,1
CAMPOS SALES,DESCONHECIDO,ESTRADA DAS QUEIMADAS SENTIDO ARIZONA,1
CAMPOS SALES,DESCONHECIDO,RUA ANTÔNIO DIONÍSIO,1
CAMPOS SALES,DESCONHECIDO,RUA CÍCERO,1
CAMPOS SALES,DESCONHECIDO,RUA ISABEL MENDES,1
CAMPOS SALES,DESCONHECIDO,RUA JOÃO ROMÃO,1
CAMPOS SALES,DESCONHECIDO,RUA MACHADO DE ASSIS,1
CAMPOS SALES,DESCONHECIDO,RUA NOVA FLORESTA,1
CAMPOS SALES,DESCONHECIDO,RUA ODORICO FERNANDES,1
CAMPOS SALES,DESCONHECIDO,RUA PROJETADA CINCO,1
CAMPOS SALES,DESCONHECIDO,RUA VALMIR PAES DE ARRAES,1
CAMPOS SALES,DESCONHECIDO,TRANSAMAZÔNICA,1
CAMPOS SALES,DESCONHECIDO,TRAVESSA CÍCERO SIMÃO DE ALENCAR,1
CANINDÉ,DESCONHECIDO,AVENIDA LUCIANO MAGALHÃES,1
CANINDÉ,DESCONHECIDO,BR-020,1
CANINDÉ,DESCONHECIDO,CE-257,1
CANINDÉ,DESCONHECIDO,ESTRADA ARATUBA,1
CANINDÉ,DESCONHECIDO,ESTRADA DA ESCOLA,1
CANINDÉ,DESCONHECIDO,ESTRADA SERROTE BRANCO TARGINOS,1
CANINDÉ,DESCONHECIDO,ESTRADA TARGINOS LAGOA VERDE,1
CANINDÉ,DESCONHECIDO,ESTRADA TARGINOS PARÁ PEDRAS PRETAS,1
CANINDÉ,DESCONHECIDO,FAZENDA CAMPOS,1
CANINDÉ,DESCONHECIDO,FAZENDA MULUNGÚ,1
CANINDÉ,DESCONHECIDO,FAZENDA TOURO,1
CANINDÉ,DESCONHECIDO,RUA ALEARDO JUCÁ,1
CANINDÉ,DESCONHECIDO,RUA ANGÉLICA,1
CANINDÉ,DESCONHECIDO,RUA ANTONIO NECO,1
CANINDÉ,DESCONHECIDO,RUA APÓLO XI,1
CANINDÉ,DESCONHECIDO,RUA BENTO RABÊLO,1
CANINDÉ,DESCONHECIDO,RUA CARLOS ROCHA,1
CANINDÉ,DESCONHECIDO,RUA DOM HENRIQUE,1
CANINDÉ,DESCONHECIDO,RUA DOUTOR CAMPELO,1
CANINDÉ,DESCONHECIDO,RUA EUCLÍDES BARROSO,1
CANINDÉ,DESCONHECIDO,RUA FRANCISCO JOSÉ,1
CANINDÉ,DESCONHECIDO,RUA GENERAL ALBUQUERQUE,1
CANINDÉ,DESCONHECIDO,RUA H,1
CANINDÉ,DESCONHECIDO,RUA HOMERO MARTINS,1
CANINDÉ,DESCONHECIDO,RUA IMACULADA CONCEIÇÃO,1
CANINDÉ,DESCONHECIDO,RUA IRMÃ MANUELA MAGALHÃES,1
CANINDÉ,DESCONHECIDO,RUA J PINTO,1
CANINDÉ,DESCONHECIDO,RUA JOAQUIM CUSTÓDIO,1
CANINDÉ,DESCONHECIDO,RUA JOAQUIM MACÁRIO,1
CANINDÉ,DESCONHECIDO,RUA JOSÉ BALTAZAR DE LIMA,1
CANINDÉ,DESCONHECIDO,RUA JOSÉ FARIAS,1
CANINDÉ,DESCONHECIDO,RUA JOSÉ PAIXÃO,1
CANINDÉ,DESCONHECIDO,RUA JOÃO NECO,1
CANINDÉ,DESCONHECIDO,RUA JOÃO PINTO DAMASCENO,1
CANINDÉ,DESCONHECIDO,RUA LUÍS MAGALHÃES VIEIRA,1
CANINDÉ,DESCONHECIDO,RUA LÔBO DOS SANTOS,1
CANINDÉ,DESCONHECIDO,RUA MADEIDA CORTADA,1
CANINDÉ,DESCONHECIDO,RUA MARIA SANTA VIEIRA,1
CANINDÉ,DESCONHECIDO,RUA PAULINO BARROSO,1
CANINDÉ,DESCONHECIDO,RUA PEDRO MOREIRA,1
CANINDÉ,DESCONHECIDO,RUA PROFESSOR RAIMUNDO MARTINS,1
CANINDÉ,DESCONHECIDO,RUA PROJETADA,1
CANINDÉ,DESCONHECIDO,RUA RAIMUNDO MARREIRO,1
CANINDÉ,DESCONHECIDO,RUA ROMEU MARTINS,1
CANINDÉ,DESCONHECIDO,RUA SANTO ANTONIO,1
CANINDÉ,DESCONHECIDO,RUA SÃO FRANCISCO,1
CANINDÉ,DESCONHECIDO,RUA TABELIÃO FACUNDO,1
CANINDÉ,DESCONHECIDO,TRAVESSA DENISE CORDEIRO,1
CANINDÉ,DESCONHECIDO,TRAVESSA ERCILIO MARTINS,1
CANINDÉ,DESCONHECIDO,TRAVESSA J PINTO,1
CAPISTRANO,CAPISTRANO,CE-257,1
CAPISTRANO,DESCONHECIDO,ESTRADA ITAPIÚNA CACHOEIRA,1
CAPISTRANO,DESCONHECIDO,ESTRADA PESQUEIRO CAPISTRANO,1
CARIDADE,DESCONHECIDO,CAMARÃO,1
CARIDADE,DESCONHECIDO,ESTRADA DE ACESSO AOS CABOCLOS,1
CARIDADE,DESCONHECIDO,FAZENDA FORMOSA,1
CARIDADE,DESCONHECIDO,RUA DA BALIZA,1
CARIDADE,DESCONHECIDO,RUA FRANCISCO TAVÁRES,1
CARIRÉ,CARIRE,FAZENDA RIACHÃO,1
CARIRÉ,CARIRE,RUA SEBASTIÃO MIRANDA,1
CARIRÉ,DESCONHECIDO,AVENIDA DEPUTADO ELÍSIO AGUIAR,1
CARIRÉ,DESCONHECIDO,AVENIDA JOAQUIM CIALDINO,1
CARIRÉ,DESCONHECIDO,CE-253,1
CARIRÉ,DESCONHECIDO,ESTRADA JUCÁ A GROAÍRAS,1
CARIRÉ,DESCONHECIDO,ESTRADA SEM NOME,1
CARIRÉ,DESCONHECIDO,RODOVIA PEDRO LUÍS DA COSTA,1
CARIRÉ,DESCONHECIDO,RUA BAIXA,1
CARIRÉ,DESCONHECIDO,RUA DEPUTADO ELÍSIO ÁGUIAR,1
CARIRÉ,DESCONHECIDO,RUA DO PAPOCO,1
CARIRÉ,DESCONHECIDO,RUA EDUARDO DURVAL DE BRITO,1
CARIRÉ,DESCONHECIDO,RUA ERIBERTO DE SÁ PONTE,1
CARIRÉ,DESCONHECIDO,RUA MAGNÓLIA,1
CARIRÉ,DESCONHECIDO,RUA MANUEL PAULO DA SILVA,1
CARIRÉ,DESCONHECIDO,RUA PRINCIPAL,1
CARIRÉ,DESCONHECIDO,RUA VEREADOR SEBASTIÃO MARTINS,1
CARIÚS,DESCONHECIDO,ESTRADA SEM NOME,1
CARIÚS,DESCONHECIDO,RUA CEMITERIO,1
CARIÚS,DESCONHECIDO,RUA EDVIRGES VIGÁRIO,1
CARIÚS,DESCONHECIDO,RUA JONAS OLIVEIRA LOPES,1
CARIÚS,DESCONHECIDO,RUA PASCOAL PARA CAMPOS,1
CARIÚS,DESCONHECIDO,RUA RAIMUNDO BEZERRA DE MORAIS,1
CARIÚS,DESCONHECIDO,RUA RAUL NOGUEIRA,1
CARIÚS,DESCONHECIDO,SITIO CANGA,1
CARNAUBAL,CARNAUBAL,ESTRADA SEM NOME,1
CARNAUBAL,DESCONHECIDO,CE-192,1
CARNAUBAL,DESCONHECIDO,ESTRADA SEM NOME,1
CARNAUBAL,DESCONHECIDO,RUA JOSÉ BARROSO,1
CARNAUBAL,DESCONHECIDO,RUA LINDOLFO GOMES,1
CARNAUBAL,DESCONHECIDO,RUA MAJOR FELINTO,1
CARNAUBAL,DESCONHECIDO,RUA MINISTRO ANTÔNIO COELHO,1
CARNAUBAL,DESCONHECIDO,RUA WILSON DE MELO AGUIAR,1
CASCAVEL,DESCONHECIDO,AVENIDA CÂNDIDO BENÍCIO SAMPAIO,1
CASCAVEL,DESCONHECIDO,AVENIDA DAS NAÇÕES,1
CASCAVEL,DESCONHECIDO,AVENIDA ELIEZER XIMENES RODRIGUES,1
CASCAVEL,DESCONHECIDO,AVENIDA EXPEDICIONÁRIO ANTÔNIO BATISTA,1
CASCAVEL,DESCONHECIDO,AVENIDA HENRIQUE RODRIGUES,1
CASCAVEL,DESCONHECIDO,AVENIDA PRATIÚS - CAPONGA,1
CASCAVEL,DESCONHECIDO,CE-263,1
CASCAVEL,DESCONHECIDO,ESTRADA ALAGADIÇO GRANDE,1
CASCAVEL,DESCONHECIDO,ESTRADA BOA VISTA,1
CASCAVEL,DESCONHECIDO,ESTRADA DO BAR DA DORINHA,1
CASCAVEL,DESCONHECIDO,ESTRADA DO BURITIZAL,1
CASCAVEL,DESCONHECIDO,ESTRADA DO ESTÁDIO JUAREIZAO,1
CASCAVEL,DESCONHECIDO,ESTRADA DO SÍTIO MEU SONHO,1
CASCAVEL,DESCONHECIDO,ESTRADA DO TOIN,1
CASCAVEL,DESCONHECIDO,ESTRADA DOS ISRAELITAS,1
CASCAVEL,DESCONHECIDO,ESTRADA MATA QUIRI CASCAVEL,1
CASCAVEL,DESCONHECIDO,ESTRADA PARA COAÇU,1
CASCAVEL,DESCONHECIDO,ESTRADA PARA JACARECOARA,1
CASCAVEL,DESCONHECIDO,ESTRADA PARA PREAOCA,1
CASCAVEL,DESCONHECIDO,ESTRADA PARÁ JACARECOARA,1
CASCAVEL,DESCONHECIDO,ESTRADA PEDRA REDONDA 1,1
CASCAVEL,DESCONHECIDO,LOTEAMENTO MORADA LESTE,1
CASCAVEL,DESCONHECIDO,POVOADO BRITO,1
CASCAVEL,DESCONHECIDO,RUA ADALBERTO DE SENA,1
CASCAVEL,DESCONHECIDO,RUA ANTÔNIO AUGUSTO LIMA,1
CASCAVEL,DESCONHECIDO,RUA ANTÔNIO CAMILO,1
CASCAVEL,DESCONHECIDO,RUA BERNARDO SIMÕES,1
CASCAVEL,DESCONHECIDO,RUA BIA COELHO,1
CASCAVEL,DESCONHECIDO,RUA BOM SUCESSO,1
CASCAVEL,DESCONHECIDO,RUA CAMPINAS,1
CASCAVEL,DESCONHECIDO,RUA CARDINAL,1
CASCAVEL,DESCONHECIDO,RUA CEARÁ,1
CASCAVEL,DESCONHECIDO,RUA CHANCELER ÉDSON QUEIRÓS,1
CASCAVEL,DESCONHECIDO,RUA COMANDANTE ARISTON,1
CASCAVEL,DESCONHECIDO,RUA CORONEL BIA,1
CASCAVEL,DESCONHECIDO,RUA CORONEL FEITOZA,1
CASCAVEL,DESCONHECIDO,RUA DA ESCOLA,1
CASCAVEL,DESCONHECIDO,RUA DA FÁBRICA DE GELO,1
CASCAVEL,DESCONHECIDO,RUA DA IGREJA,1
CASCAVEL,DESCONHECIDO,RUA DA IMPRENSA,1
CASCAVEL,DESCONHECIDO,RUA DOM CARLOS DA COSTA,1
CASCAVEL,DESCONHECIDO,RUA DOM MANUEL,1
CASCAVEL,DESCONHECIDO,RUA DOROTÉIA GOMES MONTEIRO,1
CASCAVEL,DESCONHECIDO,RUA DOS BOUNGAINVILLES,1
CASCAVEL,DESCONHECIDO,RUA EMANUEL BARBOSA SILVA,1
CASCAVEL,DESCONHECIDO,RUA F,1
CASCAVEL,DESCONHECIDO,RUA FELIPE JOSÉ DA SILVA,1
CASCAVEL,DESCONHECIDO,RUA FERREIRA LIMA,1
CASCAVEL,DESCONHECIDO,RUA FRANCISCA DE HOLANDA MARQUES,1
CASCAVEL,DESCONHECIDO,RUA FRANCISCA MARTINS,1
CASCAVEL,DESCONHECIDO,RUA FRANCISCO BENOVENUTO PEREIRA,1
CASCAVEL,DESCONHECIDO,RUA HORÁCIO BESSA,1
CASCAVEL,DESCONHECIDO,RUA ISAAC BENÍCIO,1
CASCAVEL,DESCONHECIDO,RUA JALLES BARBOSA,1
CASCAVEL,DESCONHECIDO,RUA JOAQUIM BENICIO DE FARIAS,1
CASCAVEL,DESCONHECIDO,RUA JOAQUIM CARTAXO,1
CASCAVEL,DESCONHECIDO,RUA JOSÉ AGOSTINHO,1
CASCAVEL,DESCONHECIDO,RUA JOÃO DAMASCENO FONTENELE,1
CASCAVEL,DESCONHECIDO,RUA JOÃO IRINEU FILHO,1
CASCAVEL,DESCONHECIDO,RUA LUIZ PESSOA DE OLIVEIRA,1
CASCAVEL,DESCONHECIDO,RUA LÍBIA RIBEIRO,1
CASCAVEL,DESCONHECIDO,RUA MANOEL LOPES DA SILVA,1
CASCAVEL,DESCONHECIDO,RUA MANUEL BALBINO,1
CASCAVEL,DESCONHECIDO,RUA MARIA DE LOURDES BEZERRA,1
CASCAVEL,DESCONHECIDO,RUA MARIA FELICIANO BARBOSA,1
CASCAVEL,DESCONHECIDO,RUA MAXIMIANO COSTA,1
CASCAVEL,DESCONHECIDO,RUA Mª JANUÁRIO DOS SANTOS,1
CASCAVEL,DESCONHECIDO,RUA NOSSA SENHORA DAS GRAÇAS,1
CASCAVEL,DESCONHECIDO,RUA NOVA GERAÇÃO,1
CASCAVEL,DESCONHECIDO,RUA PEDRO CIRÍACO,1
CASCAVEL,DESCONHECIDO,RUA PEDRO DE SOUSA,1
CASCAVEL,DESCONHECIDO,RUA PREFEITO VITÓRIANO ANTUNES,1
CASCAVEL,DESCONHECIDO,RUA PROFESSOR DARIO,1
CASCAVEL,DESCONHECIDO,RUA PROFESSORA ERIDEA DE COSTA BESSA,1
CASCAVEL,DESCONHECIDO,RUA QUARENTA E DOIS,1
CASCAVEL,DESCONHECIDO,RUA QUIXERAMOMBIM,1
CASCAVEL,DESCONHECIDO,RUA RAIMUNDA MARIA DE SOUSA,1
CASCAVEL,DESCONHECIDO,RUA RAIMUNDO GADELHA DA COSTA,1
CASCAVEL,DESCONHECIDO,RUA RICARDO ALBINO,1
CASCAVEL,DESCONHECIDO,RUA TIJUCUSSU II,1
CASCAVEL,DESCONHECIDO,TRAVESSA JOSÉ ESTEVES MARQUÊS,1
CASCAVEL,DESCONHECIDO,TRAVESSA LÍBIA RIBEIRO,1
CASCAVEL,DESCONHECIDO,TRAVESSA MANOEL GOMES,1
CASCAVEL,DESCONHECIDO,TRAVESSA SALVIANO NEO DE SOUZA,1
CASCAVEL,PINDORETAMA,ESTRADA CAPIM DE ROÇA,1
CATARINA,DESCONHECIDO,RUA FRUTUOSO RODRIGUES,1
CATARINA,DESCONHECIDO,RUA MARIA CECÍLIA DE CARVALHO,1
CATUNDA,DESCONHECIDO,RUA DA PRAÇA,1
CAUCAIA,AMADEU FURTADO,RUA URUGUAI,1
CAUCAIA,ANTONIO BEZERRA,AVENIDA CORONEL CORREIA,1
CAUCAIA,ANTONIO BEZERRA,RUA BOA ESPERANÇA,1
CAUCAIA,ANTONIO BEZERRA,RUA COCAL,1
CAUCAIA,ANTONIO BEZERRA,RUA DOZE,1
CAUCAIA,ANTONIO BEZERRA,RUA NOSSA SENHORA DOS PRAZERES,1
CAUCAIA,ANTONIO BEZERRA,RUA PIANCÓ,1
CAUCAIA,ANTONIO BEZERRA,RUA PONTE NOVA,1
CAUCAIA,AUTRAN NUNES,AVENIDA SÃO VICENTE DE PAULA,1
CAUCAIA,AUTRAN NUNES,RUA ALTO DA GLÓRIA,1
CAUCAIA,AUTRAN NUNES,RUA FABIANO DE CRISTO,1
CAUCAIA,AUTRAN NUNES,RUA MARIA DA PIEDADE,1
CAUCAIA,BARRA DO CEARA,AVENIDA CAMINHO DO MAR,1
CAUCAIA,BARRA DO CEARA,AVENIDA ULISSES GUIMARÃES,1
CAUCAIA,BOM JARDIM,CE-040,1
CAUCAIA,CONJUNTO CEARA I,RODOVIA RAIMUNDO PESSOA DE ARAÚJO,1
CAUCAIA,CONJUNTO CEARA I,RUA JUÁ,1
CAUCAIA,DESCONHECIDO,87WR+FF CAUCAIA,1
CAUCAIA,DESCONHECIDO,AVENIDA CENTRAL,1
CAUCAIA,DESCONHECIDO,AVENIDA CRUZEIRO DO SUL,1
CAUCAIA,DESCONHECIDO,AVENIDA INÁCIO GADELHA DE GOIS,1
CAUCAIA,DESCONHECIDO,AVENIDA JOAO FONTENELE,1
CAUCAIA,DESCONHECIDO,AVENIDA JORGE FERREIRA DE ASSIS,1
CAUCAIA,DESCONHECIDO,AVENIDA JOÃO PAULINO DE OLIVEIRA,1
CAUCAIA,DESCONHECIDO,AVENIDA TABUBA CUMBUCO,1
CAUCAIA,DESCONHECIDO,BECO DO VOVÕ,1
CAUCAIA,DESCONHECIDO,BECO DOS TAPEBAS,1
CAUCAIA,DESCONHECIDO,CAMINHO SÃO BENTO,1
CAUCAIA,DESCONHECIDO,CONDOMINIO PEDRO HENRIQUE,1
CAUCAIA,DESCONHECIDO,ESTRADA ANTIGA GARROTE COMBUCO,1
CAUCAIA,DESCONHECIDO,ESTRADA BARRA NOVA,1
CAUCAIA,DESCONHECIDO,ESTRADA CERÂMICA,1
CAUCAIA,DESCONHECIDO,ESTRADA COMBUCO-TABUBA-ICARAI,1
CAUCAIA,DESCONHECIDO,ESTRADA CRISÓLITO GUIMARÃES,1
CAUCAIA,DESCONHECIDO,ESTRADA DE SANTA ROSA,1
CAUCAIA,DESCONHECIDO,ESTRADA DO CAPIM GROSSO,1
CAUCAIA,DESCONHECIDO,ESTRADA DO PECEM,1
CAUCAIA,DESCONHECIDO,ESTRADA DOS PORCOS,1
CAUCAIA,DESCONHECIDO,ESTRADA JAU,1
CAUCAIA,DESCONHECIDO,ESTRADA PARÁ AGRIVILA,1
CAUCAIA,DESCONHECIDO,ESTRADA SÍTIO GAVIÃO,1
CAUCAIA,DESCONHECIDO,LUZ DO CAMPO BARRA DO CAUIPE,1
CAUCAIA,DESCONHECIDO,POVOADO JARANDRAGOEIRA,1
CAUCAIA,DESCONHECIDO,POVOADO LAGOA DOS PORCOS,1
CAUCAIA,DESCONHECIDO,POVOADO LAGOINHA,1
CAUCAIA,DESCONHECIDO,POVOADO MUQUÉM,1
CAUCAIA,DESCONHECIDO,RODOVIA TABUBA ICARAI,1
CAUCAIA,DESCONHECIDO,RUA ACACIAS,1
CAUCAIA,DESCONHECIDO,RUA ALEXANDRE LIMA,1
CAUCAIA,DESCONHECIDO,RUA ALMIRANTE PEDRO DE FRONTIM,1
CAUCAIA,DESCONHECIDO,RUA ALTO DAS CAMPINAS,1
CAUCAIA,DESCONHECIDO,RUA ALTO VERMELHO,1
CAUCAIA,DESCONHECIDO,RUA ANTÔNIO,1
CAUCAIA,DESCONHECIDO,RUA ANTÔNIO VICENTE DE NOJOSA,1
CAUCAIA,DESCONHECIDO,RUA BARBOSA DE FREITAS,1
CAUCAIA,DESCONHECIDO,RUA BEATRIZ CORRÉA,1
CAUCAIA,DESCONHECIDO,RUA CAMARÁ 2,1
CAUCAIA,DESCONHECIDO,RUA CAMPO VERDE,1
CAUCAIA,DESCONHECIDO,RUA CATIRINA,1
CAUCAIA,DESCONHECIDO,RUA CAUBY DAMASCENO,1
CAUCAIA,DESCONHECIDO,RUA CEARÁ,1
CAUCAIA,DESCONHECIDO,RUA CHAGAS MIGUEL,1
CAUCAIA,DESCONHECIDO,RUA CHIQUINHA FÉLIX,1
CAUCAIA,DESCONHECIDO,RUA CORONEL PINHO,1
CAUCAIA,DESCONHECIDO,RUA DA ESTACAO,1
CAUCAIA,DESCONHECIDO,RUA DA FELICIDADE,1
CAUCAIA,DESCONHECIDO,RUA DA PAZ,1
CAUCAIA,DESCONHECIDO,RUA DAS FLORES,1
CAUCAIA,DESCONHECIDO,RUA DO BOM PRINCÍPIO,1
CAUCAIA,DESCONHECIDO,RUA DO BOSQUE,1
CAUCAIA,DESCONHECIDO,RUA DO CAMPO,1
CAUCAIA,DESCONHECIDO,RUA DO CASSIMIRO,1
CAUCAIA,DESCONHECIDO,RUA DO CEMITÉRIO,1
CAUCAIA,DESCONHECIDO,RUA DO COLÉGIO,1
CAUCAIA,DESCONHECIDO,RUA DO CONDOMÍNIO MAR BELO,1
CAUCAIA,DESCONHECIDO,RUA DO TRILHO,1
CAUCAIA,DESCONHECIDO,RUA DOS ATOBAS,1
CAUCAIA,DESCONHECIDO,RUA DOUTORA JAQUELINE,1
CAUCAIA,DESCONHECIDO,RUA ELEODORO FREIRE,1
CAUCAIA,DESCONHECIDO,RUA FAZENDA IMPERIAL,1
CAUCAIA,DESCONHECIDO,RUA FCO. JEOVÁ DA MOTA,1
CAUCAIA,DESCONHECIDO,RUA FRANCISCO COELHO DE ANDRADE,1
CAUCAIA,DESCONHECIDO,RUA FRANCISCO FERREIRA LIMA,1
CAUCAIA,DESCONHECIDO,RUA FRANCISCO LEITE RANGEL,1
CAUCAIA,DESCONHECIDO,RUA HONORINA BARROS FONTELES,1
CAUCAIA,DESCONHECIDO,RUA I,1
CAUCAIA,DESCONHECIDO,RUA INÁCIO SERAFIN,1
CAUCAIA,DESCONHECIDO,RUA ISABEL MULATA,1
CAUCAIA,DESCONHECIDO,RUA JERUSALÉM,1
CAUCAIA,DESCONHECIDO,RUA JOAQUIM GÁSPAR DE OLIVEIRA,1
CAUCAIA,DESCONHECIDO,RUA JOAQUIM MOTA,1
CAUCAIA,DESCONHECIDO,RUA JOAQUIM MOTA E SILVA,1
CAUCAIA,DESCONHECIDO,RUA JOSE FERREIRA,1
CAUCAIA,DESCONHECIDO,RUA JOSEFA CRISOSTOMO,1
CAUCAIA,DESCONHECIDO,RUA JOSÉ ALVES BEZERRA,1
CAUCAIA,DESCONHECIDO,RUA JOSÉ BASTOS MITOSO,1
CAUCAIA,DESCONHECIDO,RUA JOSÉ MOTA SILVA,1
CAUCAIA,DESCONHECIDO,RUA JOSÉ ROCHA CRISÓSTOMO,1
CAUCAIA,DESCONHECIDO,RUA JUAREZ ANDRADE,1
CAUCAIA,DESCONHECIDO,RUA JÚLIA FELIX,1
CAUCAIA,DESCONHECIDO,RUA KAMALOUCO,1
CAUCAIA,DESCONHECIDO,RUA LAGOA DO BARRO,1
CAUCAIA,DESCONHECIDO,RUA LETICIA MARQUES CAVALCANTE,1
CAUCAIA,DESCONHECIDO,RUA LOCALIDADE PINHÕES,1
CAUCAIA,DESCONHECIDO,RUA MAGNO DE SOUSA LIMA,1
CAUCAIA,DESCONHECIDO,RUA MAJOR JOÃO MARTINS,1
CAUCAIA,DESCONHECIDO,RUA MANOEL RODRIGUES DE LIMA,1
CAUCAIA,DESCONHECIDO,RUA MARIA DO PATROCÍNIO,1
CAUCAIA,DESCONHECIDO,RUA MARIA JOSE,1
CAUCAIA,DESCONHECIDO,RUA MARIA LUIZA SOARES,1
CAUCAIA,DESCONHECIDO,RUA MARIO ADRIÃO SILVEIRA,1
CAUCAIA,DESCONHECIDO,RUA MONTE SIÃO,1
CAUCAIA,DESCONHECIDO,RUA N,1
CAUCAIA,DESCONHECIDO,RUA NEYARA,1
CAUCAIA,DESCONHECIDO,RUA O,1
CAUCAIA,DESCONHECIDO,RUA OITO,1
CAUCAIA,DESCONHECIDO,RUA PADRE CÍCERO,1
CAUCAIA,DESCONHECIDO,RUA QUINZE DE OUTUBRO,1
CAUCAIA,DESCONHECIDO,RUA RAIMUNDO ALVES BRASILEIRO,1
CAUCAIA,DESCONHECIDO,RUA RAIMUNDO NONATO B. ALVES,1
CAUCAIA,DESCONHECIDO,RUA RDO ALVES BRASILEIRO,1
CAUCAIA,DESCONHECIDO,RUA SANTA EDWIGES,1
CAUCAIA,DESCONHECIDO,RUA SANTA LUZIA,1
CAUCAIA,DESCONHECIDO,RUA SANTA MARIA GORETE,1
CAUCAIA,DESCONHECIDO,RUA SAO MATEUS,1
CAUCAIA,DESCONHECIDO,RUA SENHORA GENOVEVA,1
CAUCAIA,DESCONHECIDO,RUA SESSENTA SETE,1
CAUCAIA,DESCONHECIDO,RUA SUÉCIA,1
CAUCAIA,DESCONHECIDO,RUA SÃO FRANCISCO,1
CAUCAIA,DESCONHECIDO,RUA SÃO JOSÉ,1
CAUCAIA,DESCONHECIDO,RUA SÃO JOÃO DEL REI,1
CAUCAIA,DESCONHECIDO,RUA SÃO RAIMUNDO,1
CAUCAIA,DESCONHECIDO,RUA TABATAU,1
CAUCAIA,DESCONHECIDO,RUA TENENTE NOGUEIRA,1
CAUCAIA,DESCONHECIDO,RUA TOBIAS OLIVEIRA MIRANDA,1
CAUCAIA,DESCONHECIDO,RUA VALESCA,1
CAUCAIA,DESCONHECIDO,RUA VICENTE RIBEIRO,1
CAUCAIA,DESCONHECIDO,RUA ZEZITO PONTES,1
CAUCAIA,DESCONHECIDO,TRAVESSA DAS DUNAS 2,1
CAUCAIA,DESCONHECIDO,TRAVESSA JEOVÁ,1
CAUCAIA,GUADALAJARA,RUA 107,1
CAUCAIA,GUADALAJARA,RUA AURINO SANTOS COLARES,1
CAUCAIA,GUADALAJARA,RUA BELA VISTA,1
CAUCAIA,GUADALAJARA,RUA DA PALHA,1
CAUCAIA,GUADALAJARA,RUA PADRE CÍCERO,1
CAUCAIA,IPARANA,RUA DANIEL FRANCO,1
CAUCAIA,IPARANA,RUA FLORÊNCIO MATIAS,1
CAUCAIA,MARECHAL RONDON,BR-020,1
CAUCAIA,PARQUE SOLEDADE,AVENIDA CONTÔRNO NORTE,1
CAUCAIA,PARQUE SOLEDADE,RUA DO TRILHO,1
CAUCAIA,PARQUE SOLEDADE,RUA Fᶜᵒ EDSON DA SILVA,1
CAUCAIA,PARQUE SOLEDADE,RUA JOAO DE SALES FILHO,1
CAUCAIA,QUINTINO CUNHA,RUA ITAMBE,1
CAUCAIA,URUCUTUBA,RODOVIA RAIMUNDO PESSOA DE ARAÚJO,1
CAUCAIA,VILA VELHA,RUA CAMPO VERDE,1
CEDRO,CEDRO,RUA ADAUTO CASTELO,1
CEDRO,CEDRO,RUA JOAQUIM FERREIRA DA SILVA,1
CEDRO,DESCONHECIDO,ESTRADA CE 113,1
CEDRO,DESCONHECIDO,ESTRADA PARÁ BARRAGEM DO CARIUZINHO,1
CEDRO,DESCONHECIDO,RUA DUQUE DE CAXIAS,1
CEDRO,DESCONHECIDO,RUA FRANCISCO CHAGAS ALCÂNTARA,1
CEDRO,DESCONHECIDO,RUA JOSÉ DE PAIVA MAGALHÕES,1
CEDRO,DESCONHECIDO,RUA NOSSA SENHORA DA CONCEIÇÃO,1
CEDRO,DESCONHECIDO,RUA PRINCIPAL,1
CEDRO,DESCONHECIDO,RUA SÃO JOSÉ,1
CEDRO,DESCONHECIDO,RUA VEREADOR FRANCISCO CHAGAS AQUINO,1
CEDRO,DESCONHECIDO,RUA VEREADOR SALUSTIANO MOURA,1
CEDRO,DESCONHECIDO,RUA VICENTE VIANA,1
CEDRO,DESCONHECIDO,SITIO MIGUEL,1
CEDRO,DESCONHECIDO,TRAVESSA ANTÔNIO PEREIRA,1
CEDRO,DESCONHECIDO,TRAVESSA ÓRION,1
CHAVAL,DESCONHECIDO,RODOVIA QUATROCENTOS E DOIS,1
CHAVAL,DESCONHECIDO,RUA ANATÓLIO THIERS CARNEIRO,1
CHAVAL,DESCONHECIDO,RUA CRUZEIRO,1
CHAVAL,DESCONHECIDO,RUA JOSE ROMÃO RIOS,1
CHAVAL,DESCONHECIDO,RUA MARINA TELES DA SILVA,1
CHAVAL,DESCONHECIDO,RUA RAIMUNDO DE CASTRO MIRANDA,1
CHAVAL,DESCONHECIDO,TRAVESSA PÔRTO DA MISSA,1
CHOROZINHO,DESCONHECIDO,ESTRADA CHORÓ MARTINS PARÁ CARNAUBINHA,1
CHOROZINHO,DESCONHECIDO,ESTRADA CHORÓ MUCAMBO,1
CHOROZINHO,DESCONHECIDO,ESTRADA DA BAIXA FUNDA,1
CHOROZINHO,DESCONHECIDO,ESTRADA PARÁ SALGADO,1
CHOROZINHO,DESCONHECIDO,RODOVIA SANTOS DUMONT,1
CHOROZINHO,DESCONHECIDO,RUA ANA MARIA DE JESUS,1
CHOROZINHO,DESCONHECIDO,RUA AUGUSTO LIBERATO,1
CHOROZINHO,DESCONHECIDO,RUA BAIXA DA ABELHA,1
CHOROZINHO,DESCONHECIDO,RUA DA PRAÇA DO CÉDRO,1
CHOROZINHO,DESCONHECIDO,RUA ISABEL CARVALHO,1
CHORÓ,DESCONHECIDO,CE-456,1
CHORÓ,DESCONHECIDO,FAZENDA BELÉM 2,1
CHORÓ,DESCONHECIDO,FAZENDA CHOROLANDIA,1
CHORÓ,DESCONHECIDO,FAZENDA OLHO D`AGUA,1
CHORÓ,DESCONHECIDO,FAZENDA PALESTINA,1
CHORÓ,DESCONHECIDO,RUA FRANCISCO VIRIATO RIBEIRO,1
CHORÓ,DESCONHECIDO,RUA JOSÉ CLARINDO DE BRITO,1
CHORÓ,DESCONHECIDO,RUA JOSÉ DE BARROS,1
CHORÓ,DESCONHECIDO,RUA JOÃO NEY PARACAMPOS,1
CHORÓ,DESCONHECIDO,RUA MARAJÓ,1
COREAÚ,DESCONHECIDO,AVENIDA ANTÔNIO CRISTINO DE MENEZES,1
COREAÚ,DESCONHECIDO,AVENIDA SAMUEL FÉLIX DA CUNHA,1
COREAÚ,DESCONHECIDO,BR-222,1
COREAÚ,DESCONHECIDO,CE-240,1
COREAÚ,DESCONHECIDO,ESTRADA ARAQUÉM AO OLHO D`AGUA SÊCA,1
COREAÚ,DESCONHECIDO,ESTRADA COREAÚ ARAQUÉM,1
COREAÚ,DESCONHECIDO,ESTRADA SEM NOME,1
COREAÚ,DESCONHECIDO,ESTRADA UBAUNA MARIA,1
COREAÚ,DESCONHECIDO,FAZENDA PIANCÓ,1
COREAÚ,DESCONHECIDO,RODOVIA BR-222,1
COREAÚ,DESCONHECIDO,RUA BENEDITA NÉRI DE AGUIAR,1
COREAÚ,DESCONHECIDO,RUA CORONEL ANTÔNIO TÉLES,1
COREAÚ,DESCONHECIDO,RUA DA POEIRA,1
COREAÚ,DESCONHECIDO,RUA DOS AMERICOS,1
COREAÚ,DESCONHECIDO,RUA H,1
COREAÚ,DESCONHECIDO,RUA JOSÉ ANDRÉ GOMES,1
COREAÚ,DESCONHECIDO,RUA JOSÉ EUCLIDES F GOMES,1
COREAÚ,DESCONHECIDO,RUA MANOEL LÓPES,1
COREAÚ,DESCONHECIDO,RUA NOSSA SENHORA DA PIEDADE,1
COREAÚ,DESCONHECIDO,TRAVESSA MARECHAL RONDON,1
COREAÚ,DESCONHECIDO,TRAVESSA MIGUEL DAVI,1
CRATEÚS,DESCONHECIDO,AVENIDA BENONY MOURÃO FILHO,1
CRATEÚS,DESCONHECIDO,AVENIDA VERA MOURÃO,1
CRATEÚS,DESCONHECIDO,BR-226,1
CRATEÚS,DESCONHECIDO,CE-187,1
CRATEÚS,DESCONHECIDO,ESTRADA ANTÔNIO,1
CRATEÚS,DESCONHECIDO,ESTRADA BARRA D`AGUA A SANTANA,1
CRATEÚS,DESCONHECIDO,ESTRADA BARRO VERMELHO A LAGOA DAS PEDRAS,1
CRATEÚS,DESCONHECIDO,ESTRADA CURIU A AÇUDE DOS SERVOLOS,1
CRATEÚS,DESCONHECIDO,ESTRADA SÃO LOURENÇO,1
CRATEÚS,DESCONHECIDO,RUA 13 DE MAIO,1
CRATEÚS,DESCONHECIDO,RUA ANASTÁCIO FIDELIS,1
CRATEÚS,DESCONHECIDO,RUA ANTÔNIO SOARES DE OLIVEIRA,1
CRATEÚS,DESCONHECIDO,RUA BETRÔNIO FROTA,1
CRATEÚS,DESCONHECIDO,RUA CAZUZA FERREIRA,1
CRATEÚS,DESCONHECIDO,RUA CHICO LOPES,1
CRATEÚS,DESCONHECIDO,RUA CORONEL JILÓ,1
CRATEÚS,DESCONHECIDO,RUA CORONEL TOBIAS,1
CRATEÚS,DESCONHECIDO,RUA DO CAMPO,1
CRATEÚS,DESCONHECIDO,RUA DOUTOR JOÃO TOMÉ,1
CRATEÚS,DESCONHECIDO,RUA DOUTOR JÚLIO LIMA,1
CRATEÚS,DESCONHECIDO,RUA EDVALDO RODRIGUES LEITÃO,1
CRATEÚS,DESCONHECIDO,RUA GENTIL FALCÃO,1
CRATEÚS,DESCONHECIDO,RUA GUSTAVO BARROSO,1
CRATEÚS,DESCONHECIDO,RUA JOAQUIM IZÍDIO BRAZ,1
CRATEÚS,DESCONHECIDO,RUA JOAQUIM LOPES DE ARAÚJO,1
CRATEÚS,DESCONHECIDO,RUA JOSE REGINO,1
CRATEÚS,DESCONHECIDO,RUA JOSÉ DE SOUZA MARTINS,1
CRATEÚS,DESCONHECIDO,RUA MARIA MOURA,1
CRATEÚS,DESCONHECIDO,RUA MAXÍMIANO BARRETO,1
CRATEÚS,DESCONHECIDO,RUA MENINO JESUS,1
CRATEÚS,DESCONHECIDO,RUA MOURA FÉ,1
CRATEÚS,DESCONHECIDO,RUA NELSON VIEIRA DOS SANTOS,1
CRATEÚS,DESCONHECIDO,RUA ODÉSIO FROTA GOMES,1
CRATEÚS,DESCONHECIDO,RUA QUINTINO CUNHA,1
CRATEÚS,DESCONHECIDO,RUA RAIMUNDO LUCAS DE OLIVERA,1
CRATEÚS,DESCONHECIDO,RUA TABELIÃO FRANCISCO ANTERO,1
CRATO,CRATO,AVENIDA JOSÉ HORÁCIO PEQUENO,1
CRATO,DESCONHECIDO,AVENIDA A,1
CRATO,DESCONHECIDO,AVENIDA ORESTES COSTA,1
CRATO,DESCONHECIDO,AVENIDA PADRE CÍCERO,1
CRATO,DESCONHECIDO,AVENIDA PEDRO FELÍCIO CAVALCANTE,1
CRATO,DESCONHECIDO,AVENIDA TEODORICO TELES,1
CRATO,DESCONHECIDO,CE-386,1
CRATO,DESCONHECIDO,ESTRADA SÍTIO LAGOINHA,1
CRATO,DESCONHECIDO,JOSÉ SIEBRA DE OLIVEIRA,1
CRATO,DESCONHECIDO,PARQUE DE EXPOSIÇÃO PEDRO FELICIO,1
CRATO,DESCONHECIDO,RODOVIA CE CINQUENTA CINCO,1
CRATO,DESCONHECIDO,RUA 05 ERNANDO RIBEIRO DA CRUZ,1
CRATO,DESCONHECIDO,RUA ABDOM DA FRANCA,1
CRATO,DESCONHECIDO,RUA ADALGISA ALVES CARVALHO,1
CRATO,DESCONHECIDO,RUA ANT. MORAIS DE BRITO,1
CRATO,DESCONHECIDO,RUA ANTONINA DO NORTE,1
CRATO,DESCONHECIDO,RUA ANTONIO VALDEMAR,1
CRATO,DESCONHECIDO,RUA ANTÔNIO ALVES PEREIRA,1
CRATO,DESCONHECIDO,RUA ANTÔNIO DE ALENCAR ARARIPE,1
CRATO,DESCONHECIDO,RUA ANTÔNIO ESMERALDO LEITE,1
CRATO,DESCONHECIDO,RUA ANTÔNIO XENOFONTE,1
CRATO,DESCONHECIDO,RUA ANÚZIA PINHEIRO ROLIM,1
CRATO,DESCONHECIDO,RUA AURORA,1
CRATO,DESCONHECIDO,RUA BERNARDO VIEIRA,1
CRATO,DESCONHECIDO,RUA BÁRBARA DE ALENCAR,1
CRATO,DESCONHECIDO,RUA CHIQUINHA MACÊDO,1
CRATO,DESCONHECIDO,RUA CHIQUINHA PIANCÓ,1
CRATO,DESCONHECIDO,RUA COMANDANTE MARCELO TEIXEIRA,1
CRATO,DESCONHECIDO,RUA CÍCERO,1
CRATO,DESCONHECIDO,RUA DA BAIXA,1
CRATO,DESCONHECIDO,RUA DEODORO DA FONSECA,1
CRATO,DESCONHECIDO,RUA DIOGENES FRAZÃO,1
CRATO,DESCONHECIDO,RUA DO ACAMPAMENTO,1
CRATO,DESCONHECIDO,RUA DO MEIO,1
CRATO,DESCONHECIDO,RUA DOM BÔSCO,1
CRATO,DESCONHECIDO,RUA DOM MELO,1
CRATO,DESCONHECIDO,RUA DOM QUINTINO,1
CRATO,DESCONHECIDO,RUA DOUTOR ELÍSIO FIGUEIREDO,1
CRATO,DESCONHECIDO,RUA DOUTOR FRANCISCO ESMERALDO DE MELO,1
CRATO,DESCONHECIDO,RUA DOUTOR JOSÉ NILO,1
CRATO,DESCONHECIDO,RUA DOUTOR MIGUEL LIMA VERDE,1
CRATO,DESCONHECIDO,RUA DOUTOR RAIMUNDO NORÕES DE MILFONT,1
CRATO,DESCONHECIDO,RUA DOUTORA ANA AMÉLIA,1
CRATO,DESCONHECIDO,RUA EDILSON SUCUPIRA,1
CRATO,DESCONHECIDO,RUA EDITE ARAÚJO TÉLES,1
CRATO,DESCONHECIDO,RUA ELÍAS SIQUEIRA,1
CRATO,DESCONHECIDO,RUA ESMERINDO TAVÁRES,1
CRATO,DESCONHECIDO,RUA FRANCISCO AUGUSTO DOS SANTOS,1
CRATO,DESCONHECIDO,RUA FRANCISCO BEZERRA,1
CRATO,DESCONHECIDO,RUA GEORGE SALDANHA,1
CRATO,DESCONHECIDO,RUA GERALDO MURICI,1
CRATO,DESCONHECIDO,RUA GERSON ZABULON,1
CRATO,DESCONHECIDO,RUA GETÚLIO JOAQUIM PEREIRA,1
CRATO,DESCONHECIDO,RUA GLICÉRIO BENÍCIO PINHEIRO,1
CRATO,DESCONHECIDO,RUA HELENO TOMAZ DE SOUZA,1
CRATO,DESCONHECIDO,RUA HERMENEGILDO FIRMEZA,1
CRATO,DESCONHECIDO,RUA JESUS DE NAZARÉ,1
CRATO,DESCONHECIDO,RUA JOSÉ MARROCOS,1
CRATO,DESCONHECIDO,RUA JOSÉ VALDEVINO CRUZ,1
CRATO,DESCONHECIDO,RUA JUVÊNCIO BARRETO,1
CRATO,DESCONHECIDO,RUA MAESTRO AZUL,1
CRATO,DESCONHECIDO,RUA MANOEL ALVES BEZERRA,1
CRATO,DESCONHECIDO,RUA MARIA AMÉLIA,1
CRATO,DESCONHECIDO,RUA MARIA AMÉLIA ESMERALDO,1
CRATO,DESCONHECIDO,RUA MARIA LUCIOLA SIQUEIRA DE MELLO,1
CRATO,DESCONHECIDO,RUA MONSENHOR ALBOINO PEQUENO,1
CRATO,DESCONHECIDO,RUA MONSENHOR ALENÇAR,1
CRATO,DESCONHECIDO,RUA MÁRIO BEZERRA SAMPAIO,1
CRATO,DESCONHECIDO,RUA NOSSA SENHORA DA CONCEIÇÃO,1
CRATO,DESCONHECIDO,RUA PADRE CÍCERO,1
CRATO,DESCONHECIDO,RUA PADRE FREDERICO,1
CRATO,DESCONHECIDO,RUA PADRE LEMOS,1
CRATO,DESCONHECIDO,RUA PADRE RODOLFO,1
CRATO,DESCONHECIDO,RUA PAULINHO AMARELINHO,1
CRATO,DESCONHECIDO,RUA PEDRO AGOSTINHO DE SOUSA,1
CRATO,DESCONHECIDO,RUA PEDRO GOMES DE NORÕES,1
CRATO,DESCONHECIDO,RUA PLÍNIO CAVALCANTE,1
CRATO,DESCONHECIDO,RUA RAIMUNDA DOMINGOS ALVES,1
CRATO,DESCONHECIDO,RUA RATISBONA,1
CRATO,DESCONHECIDO,RUA RITINHA TAVÁRES,1
CRATO,DESCONHECIDO,RUA SANTANA DO CARIRI,1
CRATO,DESCONHECIDO,RUA SANTO ANTÔNIO,1
CRATO,DESCONHECIDO,RUA SETE DE SETEMBRO,1
CRATO,DESCONHECIDO,RUA SÃO FRANCISCO,1
CRATO,DESCONHECIDO,RUA SÃO PAULO,1
CRATO,DESCONHECIDO,RUA VICENTE MÃXIMO FEITOSA,1
CRATO,DESCONHECIDO,RUA VICENTE TAVARES BEZERRA,1
CRATO,DESCONHECIDO,RUA ÁLVARO MADEIRA,1
CRATO,DESCONHECIDO,RUA ÂNGELO FIGUEIREDO,1
CRATO,DESCONHECIDO,SITIO ANTÔNIO,1
CRATO,DESCONHECIDO,SITIO JUÁ,1
CRATO,DESCONHECIDO,SITIO MONTEIRO CARIRI,1
CRATO,DESCONHECIDO,SITIO QUEBRA,1
CRATO,DESCONHECIDO,TRAVESSA SÃO ROQUE,1
CRATO,DESCONHECIDO,VILA VITÓRIA,1
CROATÁ,DESCONHECIDO,ESTRADA LAGOA SÃO ROQUE,1
CROATÁ,DESCONHECIDO,ESTRADA VIA BARRA DO SOTERO,1
CROATÁ,DESCONHECIDO,ESTRADA VIA DISTRITO BETÂNIA,1
CROATÁ,DESCONHECIDO,RUA PRINCESA ISABEL,1
CROATÁ,DESCONHECIDO,RUA RAIMUNDO LÚCIO,1
CROATÁ,DESCONHECIDO,RUA TOMÁS CRISPA,1
CROATÁ,DESCONHECIDO,RUA WELINGTON MELO,1
CROATÁ,DESCONHECIDO,SITIO BAIXIO,1
CRUZ,DESCONHECIDO,AVENIDA BEIRA MAR,1
CRUZ,DESCONHECIDO,AVENIDA ESTEVÃO SABÓIA,1
CRUZ,DESCONHECIDO,AVENIDA FRANCISCO XAVIER CHAVES,1
CRUZ,DESCONHECIDO,AVENIDA QUATORZE DE JANEIRO,1
CRUZ,DESCONHECIDO,BECO CÓRREGO DO PREFEITO,1
CRUZ,DESCONHECIDO,CE-085,1
CRUZ,DESCONHECIDO,ESTRADA CÓRREGO DO MOURÃO A SOLIDÃO 2,1
CRUZ,DESCONHECIDO,ESTRADA PARÁ AROEIRA,1
CRUZ,DESCONHECIDO,ESTRADA PREÁ A CASTELIANO,1
CRUZ,DESCONHECIDO,RODOVIA ROTA TURISTICA SERRA DA IBIAPABA,1
CRUZ,DESCONHECIDO,RUA CORONEL TEIXEIRA PINTO,1
CRUZ,DESCONHECIDO,RUA ISAURA MUNIZ,1
CRUZ,DESCONHECIDO,RUA JOSÉ LEÔNCIO,1
CRUZ,DESCONHECIDO,RUA MIGUEL INÁCIO,1
CRUZ,DESCONHECIDO,RUA PADRE VALDERY,1
CRUZ,DESCONHECIDO,RUA PEDRO FERREIRA,1
CRUZ,DESCONHECIDO,RUA PORTAL DAS ALMAS,1
CRUZ,DESCONHECIDO,RUA RAIMUNDO ALBANO,1
CRUZ,DESCONHECIDO,RUA TATAJUBA,1
CRUZ,DESCONHECIDO,RUA VICENTE JUSTO,1
DEPUTADO IRAPUAN PINHEIRO,DEPUTADO IRAPUAN PINHEIRO,ESTRADA PARA ACOPIARA,1
DEPUTADO IRAPUAN PINHEIRO,DEPUTADO IRAPUAN PINHEIRO,RUA CÂNDIDO BORGES DA COSTA,1
DEPUTADO IRAPUAN PINHEIRO,DESCONHECIDO,ESTRADA VARJOTA,1
ERERÉ,DESCONHECIDO,AVENIDA PADRE DANIEL,1
EUSÉBIO,ANCURI,RUA DOMINGOS SÁVIO,1
EUSÉBIO,COACU,RUA MENINO JESUS,1
EUSÉBIO,DESCONHECIDO,RUA JOÃO NONATO,1
EUSÉBIO,DESCONHECIDO,RUA LOURIVAL SÁLES,1
EUSÉBIO,DESCONHECIDO,RUA LÍRIO DOS VALES,1
EUSÉBIO,DESCONHECIDO,RUA MANOEL PRETINHO,1
EUSÉBIO,SAO BENTO,AVENIDA CORONEL CÍCERO DE SÁ,1
FARIAS BRITO,DESCONHECIDO,BR-122,1
FARIAS BRITO,DESCONHECIDO,ESTRADA SEM NOME,1
FARIAS BRITO,DESCONHECIDO,RUA ANTÔNIO PEREIRA DE SOUSA,1
FARIAS BRITO,DESCONHECIDO,RUA AÇUDE,1
FARIAS BRITO,DESCONHECIDO,RUA DO COMÉRCIO,1
FARIAS BRITO,DESCONHECIDO,RUA MARIA CARMELITA LEITE,1
FARIAS BRITO,DESCONHECIDO,RUA NOVA,1
FARIAS BRITO,DESCONHECIDO,RUA SÃO VICENTE DE PAULA,1
FARIAS BRITO,DESCONHECIDO,SITIO GRAJAÚ,1
FORQUILHA,DESCONHECIDO,ESTRADA SEM NOME,1
FORQUILHA,DESCONHECIDO,POVOADO SETOR 2,1
FORQUILHA,DESCONHECIDO,RUA DO MEIO,1
FORQUILHA,DESCONHECIDO,RUA FRANCISCO PEREIRA ALVES,1
FORQUILHA,FORQUILHA,AVENIDA CRIANÇA DANTE VALÉRIO,1
FORQUILHA,FORQUILHA,FAZENDA RASTEIRA,1
FORQUILHA,FORQUILHA,RUA ANTÔNIO DE LOURDES,1
FORQUILHA,FORQUILHA,RUA MANOEL LIBERATO ARAGÃO,1
FORQUILHA,FORQUILHA,RUA PAULO FRANKLIN BARBOSA,1
FORTALEZA,ALTO DA BALANÇA,RUA CAPITÃO NOGUEIRA,1
FORTALEZA,ALTO DA BALANÇA,RUA SOUSA PINTO,1
FORTALEZA,AMADEU FURTADO,RUA GENERAL PIRAGIBE,1
FORTALEZA,ANCURI,RUA CAPITÃO PORFÍRIO,1
FORTALEZA,ANCURI,RUA HONORINO MAIA,1
FORTALEZA,ANTÔNIO BEZERRA,RUA PANAMÁ,1
FORTALEZA,ANTÔNIO BEZERRA,RUA PROFESSOR JOAQUIM NOGUEIRA,1
FORTALEZA,ANTÔNIO BEZERRA,RUA RUI MONTE,1
FORTALEZA,AUTRAN NUNES,RUA MOÇAMBIQUE,1
FORTALEZA,BARRA DO CEARÁ,AVENIDA 20 DE JANEIRO,1
FORTALEZA,BARRA DO CEARÁ,RUA DO LEME,1
FORTALEZA,BARRA DO CEARÁ,RUA JANGADA,1
FORTALEZA,BARRA DO CEARÁ,RUA JOSÉ LUÍS NETO,1
FORTALEZA,BARRA DO CEARÁ,RUA SANTIAGO DA BARRA DO CEARÁ,1
FORTALEZA,BARRA DO CEARÁ,RUA TAMBAÚ,1
FORTALEZA,BARROSO,AVENIDA CAPITÃO WALDEMAR PAULA LIMA,1
FORTALEZA,BARROSO,RUA ADRIANO GASPAR BRIGIDO RIBEIRO,1
FORTALEZA,BARROSO,RUA BENEDITO LACERDA,1
FORTALEZA,BARROSO,RUA MARIA ELISANGELA,1
FORTALEZA,BOA VISTA,AVENIDA ALBERTO CRAVEIRO,1
FORTALEZA,BOA VISTA,RUA 30 DE ABRIL,1
FORTALEZA,BOA VISTA,RUA CRISANTO BARROSO,1
FORTALEZA,BOA VISTA,RUA JOSÉ MESSÍAS MATOS,1
FORTALEZA,BOM FUTURO,RUA AQUIRAZ,1
FORTALEZA,BOM JARDIM,RUA CORONEL JOÃO CORREIA,1
FORTALEZA,BOM JARDIM,RUA EDSON MARTINS,1
FORTALEZA,BOM JARDIM,RUA OSCAR FRANÇA,1
FORTALEZA,BOM JARDIM,RUA ZACARIAS FLORINDO,1
FORTALEZA,BONSUCESSO,RUA VITAL BRASIL,1
FORTALEZA,CAJAZEIRAS,AVENIDA GEÓGRAFO ANTÔNIO RIBEIRO ZARANZA,1
FORTALEZA,CAJAZEIRAS,RUA ALZIRIA BENTO DO NASCIMENTO,1
FORTALEZA,CAJAZEIRAS,RUA FIDEL CASTRO,1
FORTALEZA,CAJAZEIRAS,RUA LUCIA HELENA DO NASCIMENTO,1
FORTALEZA,CAJAZEIRAS,RUA WALDA GUIMARÃES SAUNDERS,1
FORTALEZA,CAMBEBA,AVENIDA WASHINGTON SOARES,1
FORTALEZA,CANINDEZINHO,RUA RIO VERDE,1
FORTALEZA,CARLITO PAMPLONA,RUA 11 DE JULHO,1
FORTALEZA,CARLITO PAMPLONA,RUA MONSENHOR ROSA,1
FORTALEZA,CARLITO PAMPLONA,TRAVESSA ÁGUIAR,1
FORTALEZA,CARLITO PAMPLONA,VILA CORDEIRO,1
FORTALEZA,CENTRO,RUA JOSÉ AVELINO,1
FORTALEZA,CENTRO,RUA SENADOR ALENCAR,1
FORTALEZA,CIDADE DOS FUNCIONÁRIOS,RODOVIA BR116,1
FORTALEZA,CIRSTO REDENTOR,RUA MARCÍLIO DIAS,1
FORTALEZA,COAÇU,RUA ZUMBI,1
FORTALEZA,CONJUNTO PALMEIRAS,RUA OLÁVO BILAC,1
FORTALEZA,CONJUNTO PALMEIRAS,RUA VALPARAÍSO,1
FORTALEZA,CURIÓ,AVENIDA ODILON GUIMARÃES,1
FORTALEZA,CURIÓ,CUMBUCA,1
FORTALEZA,CURIÓ,RUA AMBRÓSIO DE CARVALHO,1
FORTALEZA,CURIÓ,TRAVESSA ELIEL,1
FORTALEZA,DEMÓCRITO ROCHA,RUA HELENO MOURA,1
FORTALEZA,DOM LUSTOSA,RUA CONSELHEIRO ARAÚJO LIMA,1
FORTALEZA,DOM LUSTOSA,RUA CORONEL MATOS DOURADO,1
FORTALEZA,ENGENHEIRO LUCIANO CAVALCANTE,RUA JOÃO NONATO COSTA,1
FORTALEZA,FARIAS BRITO,RUA CAMPOS SALES,1
FORTALEZA,FLORESTA,AVENIDA MAJOR ASSIS,1
FORTALEZA,FLORESTA,RUA GENERAL MÁRIO HERMES,1
FORTALEZA,GENTILÂNDIA,RUA PADRE FRANCISCO PINTO,1
FORTALEZA,GRANJA PORTUGAL,RUA JOÃO XXIII,1
FORTALEZA,GRANJA PORTUGAL,RUA LONDRINA,1
FORTALEZA,GUAJERU,GUAJERU,1
FORTALEZA,GUAJERU,RUA COSME DE ALMEIDA,1
FORTALEZA,GUAJERU,RUA JOAQUIM FELÍCIO,1
FORTALEZA,HENRIQUE JORGE,RUA JOAQUIM MANUEL DE MACÊDO,1
FORTALEZA,JANGURURSSU,AVENIDA CASTELO DE CASTRO,1
FORTALEZA,JANGURURSSU,AVENIDA GOVERNADOR LEONEL BRIZOLA,1
FORTALEZA,JANGURURSSU,RUA 404,1
FORTALEZA,JANGURURSSU,RUA A (CONJUNTO RESIDENCIAL JOSÉ EUCLIDES),1
FORTALEZA,JANGURURSSU,RUA ABENÇOADA,1
FORTALEZA,JANGURURSSU,RUA D,1
FORTALEZA,JANGURURSSU,RUA NOVA PORTUGUESA,1
FORTALEZA,JARDIM AMÉRICA,TRAVESSA MONSENHOR TABOSA,1
FORTALEZA,JARDIM GUANABARA,RUA ROSINHA SAMPAIO,1
FORTALEZA,JOSÉ BONIFÁCIO,RUA JOAQUIM MAGALHÃES,1
FORTALEZA,JOSÉ DE ALENCAR,AVENIDA ENGENHEIRO LEAL LIMA VERDE,1
FORTALEZA,JOSÉ DE ALENCAR,AVENIDA WASHINGTON SOARES,1
FORTALEZA,JOSÉ DE ALENCAR,RUA BRANCA,1
FORTALEZA,JOSÉ DE ALENCAR,RUA ELIZEU ORIÁ,1
FORTALEZA,JOSÉ DE ALENCAR,RUA FULGÊNCIO CRUZ,1
FORTALEZA,JOSÉ DE ALENCAR,RUA GRANJA SÃO FRANCISCO,1
FORTALEZA,JOSÉ DE ALENCAR,RUA OSVALDO ÁGUIAR,1
FORTALEZA,JOÃO XXIII,TRAVESSA RIO DE JANEIRO,1
FORTALEZA,LAGOA REDONDA,RUA JOSÉ BONFIM JUNIOR,1
FORTALEZA,LAGOA REDONDA,RUA NENÊ ARRUDA,1
FORTALEZA,LAGOA REDONDA,RUA PAULO DE TASSO RAMOS,1
FORTALEZA,MANOEL SÁTIRO,RUA PROFESSOR GLAUCO LOBO,1
FORTALEZA,MANOEL SÁTIRO,RUA SÃO LÁZARO,1
FORTALEZA,MARAPONGA,RUA ÁUSTRIA,1
FORTALEZA,MESSEJANA,PRAÇA DE MESSEJANA,1
FORTALEZA,MESSEJANA,RUA CECÍLIA MEIRELES,1
FORTALEZA,MESSEJANA,RUA COPÉRNICO,1
FORTALEZA,MESSEJANA,RUA JURITI,1
FORTALEZA,MESSEJANA,RUA LETÍCIA,1
FORTALEZA,MESSEJANA,RUA SANTA CLARA DE ASSIS,1
FORTALEZA,MESSEJANA,RUA SANTO EXPEDITO,1
FORTALEZA,MESSEJANA,RUA VICENTE NOBRE MACÊDO,1
FORTALEZA,MESSEJANA,RUA VILAMAR DAMASCENO,1
FORTALEZA,MONDUBIM,AVENIDA B,1
FORTALEZA,MONDUBIM,RUA A,1
FORTALEZA,MONDUBIM,RUA ANTÔNIO DIVINO,1
FORTALEZA,MONDUBIM,RUA ITACIRA,1
FORTALEZA,MONDUBIM,RUA MONTE LÍBANO,1
FORTALEZA,MONDUBIM,RUA SÃO LUCAS,1
FORTALEZA,MONDUBIM,RUA VEREADORA ZÉLIA CORREIA DE SOUSA,1
FORTALEZA,MONDUBIM,TRAVESSA PAULO MENDONÇA,1
FORTALEZA,MONTESE,RUA 15 DE NOVEMBRO,1
FORTALEZA,MUCURIPE,AVENIDA BEIRA MAR,1
FORTALEZA,PADRE ANDRADE,RUA CUBA,1
FORTALEZA,PAPICU,AVENIDA ALMIRANTE HENRIQUE SABÓIA,1
FORTALEZA,PAPICU,RUA ANDRÉ DALL'OLIO,1
FORTALEZA,PAPICU,RUA DOUTOR FRANCISCO MATOS,1
FORTALEZA,PARQUE DOIS IRMĂOS,RUA BARBACENA,1
FORTALEZA,PARQUE DOIS IRMĂOS,RUA J,1
FORTALEZA,PARQUE DOIS IRMĂOS,RUA MATADOURO,1
FORTALEZA,PARQUE IRACEMA,RUA EVARISTO DA VEIGA,1
FORTALEZA,PARQUE SANTA ROSA,RUA INÁ BRITO,1
FORTALEZA,PASSARÉ,AVENIDA 2 DE MAIO,1
FORTALEZA,PASSARÉ,AVENIDA PRESIDENTE COSTA E SILVA,1
FORTALEZA,PASSARÉ,RUA SÃO CIPRIANO,1
FORTALEZA,PICI,RUA DOS MONARCAS,1
FORTALEZA,PICI,RUA SANTO AMARO,1
FORTALEZA,PIRAMBU,RUA SANTA ROSA,1
FORTALEZA,PLANALTO AYRTON SENNA,RUA PLANALTINA,1
FORTALEZA,PRAIA DO FURUTO II,AVENIDA CLÓVIS ARRAIS MAIA,1
FORTALEZA,PRAIA DO FURUTO II,AVENIDA SANTOS DUMONT,1
FORTALEZA,PRAIA DO FURUTO II,RUA GRITO DO IPIRANGA,1
FORTALEZA,PRAIA DO FURUTO II,RUA IPAMERI,1
FORTALEZA,PRAIA DO FURUTO II,RUA SALUSTIANO DE PINHO,1
FORTALEZA,PRAIA DO FUTURO I,AVENIDA CLÓVIS ARRAIS MAIA,1
FORTALEZA,PREFEITO JOSÉ WALTER,AVENIDA G,1
FORTALEZA,PREFEITO JOSÉ WALTER,RUA 01A,1
FORTALEZA,PREFEITO JOSÉ WALTER,RUA MACHADO DE ASSIS,1
FORTALEZA,QUINTINO CUNHA,AVENIDA INDEPENDÊNCIA,1
FORTALEZA,QUINTINO CUNHA,RUA LUÍS COSTA FILHO,1
FORTALEZA,QUINTINO CUNHA,RUA SANTA MARIA GORETE,1
FORTALEZA,SABIAGUABA,RUA ANTÔNIO ECLÊ,1
FORTALEZA,SABIAGUABA,RUA DO AMIANTO,1
FORTALEZA,SIQUEIRA,RUA C ( LOTEAMENTO PARAÍSO VERDE),1
FORTALEZA,SIQUEIRA,RUA ERINEU RAMOS,1
FORTALEZA,SIQUEIRA,RUA ITAPOÃ,1
FORTALEZA,SIQUEIRA,RUA JOSÉ MAURÍCIO,1
FORTALEZA,SIQUEIRA,RUA MARIA NÚBIA DE QUEIROZ,1
FORTALEZA,SÃO BENTO,RUA AGOSTINHO GALDINO NETO,1
FORTALEZA,SÃO BENTO,RUA CRISTINA ARAÚJO,1
FORTALEZA,VICENTE PINZÓN,RUA FEDERAÇÃO,1
FORTALEZA,VICENTE PINZÓN,RUA JOSIAS PAULO DE SOUSA,1
FORTALEZA,VILA VELHA,RUA SANTA LIDUÍNA,1
FORTALEZA,ÁLVARO WEYNE,RUA JOAQUIM PINTO,1
FORTIM,DESCONHECIDO,CE-040,1
FORTIM,DESCONHECIDO,CE-123,1
FORTIM,DESCONHECIDO,F5P9+JH ARACATI,1
FORTIM,DESCONHECIDO,RUA FRANCISCO BATISTA,1
FORTIM,DESCONHECIDO,RUA GERALDO CÂNDIDO,1
FORTIM,DESCONHECIDO,RUA JOÃO DE ANIL,1
FORTIM,DESCONHECIDO,RUA MARIA GOMES,1
FORTIM,DESCONHECIDO,RUA RAIMUNDO BALA,1
FORTIM,DESCONHECIDO,SITIO CARNAUBINHA,1
FORTIM,DESCONHECIDO,VILA GURGURI,1
FORTIM,DESCONHECIDO,VILA JARDIM DE BAIXO,1
FORTIM,DESCONHECIDO,VILA MUNDO NOVO,1
FRECHEIRINHA,DESCONHECIDO,AVENIDA ANTÔNIO DAVI,1
FRECHEIRINHA,DESCONHECIDO,ESTRADA BARREIRA BARRA,1
FRECHEIRINHA,DESCONHECIDO,ESTRADA PAU BRANCO CAIÇARA,1
FRECHEIRINHA,DESCONHECIDO,ESTRADA PRA BOA VISTA,1
FRECHEIRINHA,DESCONHECIDO,ESTRADA SIRIEMA DE CIMA A FRECHEIRINHA,1
FRECHEIRINHA,DESCONHECIDO,RUA ANTÔNIO CRISTÓVÃO,1
FRECHEIRINHA,DESCONHECIDO,RUA FREI ANASTÁCIO,1
FRECHEIRINHA,DESCONHECIDO,SITIO CAIÇARA DO MEIO,1
GENERAL SAMPAIO,DESCONHECIDO,ESTRADA SEM NOME,1
GENERAL SAMPAIO,DESCONHECIDO,VILA JOÃO,1
GRANJA,DESCONHECIDO,CE-085,1
GRANJA,DESCONHECIDO,CE-364,1
GRANJA,DESCONHECIDO,ESTRADA SEM NOME,1
GRANJA,DESCONHECIDO,RUA ALTO DA BRASÍLIA,1
GRANJA,DESCONHECIDO,RUA ANGELO ADRIAO,1
GRANJA,DESCONHECIDO,RUA BOULEVAR COREAU,1
GRANJA,DESCONHECIDO,RUA DA ALEGRIA,1
GRANJA,DESCONHECIDO,RUA DA INDEPENDENCIA,1
GRANJA,DESCONHECIDO,RUA DOIS DE NOVEMBRO,1
GRANJA,DESCONHECIDO,RUA DONÁ MAROCA OLIVEIRA,1
GRANJA,DESCONHECIDO,RUA E,1
GRANJA,DESCONHECIDO,RUA FRANCISCO SOUSA,1
GRANJA,DESCONHECIDO,RUA NOVA AURORA,1
GRANJA,DESCONHECIDO,RUA PARÁ,1
GRANJA,DESCONHECIDO,RUA PAULA PESSOA,1
GRANJA,DESCONHECIDO,RUA PAULO ROCHA,1
GRANJA,DESCONHECIDO,RUA PESSOA ANTA,1
GRANJA,DESCONHECIDO,RUA PROFESSOR MAGDALA,1
GRANJA,DESCONHECIDO,RUA SÃO PEDRO,1
GRANJA,DESCONHECIDO,RUA VEREADOR INÁCIO BARCELOS,1
GRANJA,DESCONHECIDO,RUA VICENTE ARRUDA,1
GRAÇA,DESCONHECIDO,ESTRADA SEM NOME,1
GRAÇA,DESCONHECIDO,RUA DOMINGOS LÓPES DE CARVALHO,1
GRAÇA,DESCONHECIDO,RUA NOSSA SENHORA DE FÁTIMA,1
GRAÇA,DESCONHECIDO,RUA NOSSA SENHORA DO ROSÁRIO,1
GRAÇA,DESCONHECIDO,SITIO PIRITUBA,1
GRAÇA,DESCONHECIDO,V6V2+R5 LAPA,1
GROAÍRAS,DESCONHECIDO,FAZENDA CAIÇARA,1
GROAÍRAS,DESCONHECIDO,FAZENDA CAPIM 1,1
GROAÍRAS,GROAIRAS,FAZENDA MARRECAS,1
GROAÍRAS,GROAIRAS,RUA MANOEL VICENTE DE MELO,1
GUAIÚBA,DESCONHECIDO,ESTRADA DAS TORRES,1
GUAIÚBA,DESCONHECIDO,ESTRADA GUAIUBA-JATOBA,1
GUAIÚBA,DESCONHECIDO,ESTRADA PARADA DA ALEGRIA,1
GUAIÚBA,DESCONHECIDO,ESTRADA SEM NOME,1
GUAIÚBA,DESCONHECIDO,RUA 2,1
GUAIÚBA,DESCONHECIDO,RUA BEIRA RIO,1
GUAIÚBA,DESCONHECIDO,RUA CELSO GONÇALVES DA SILVA,1
GUAIÚBA,DESCONHECIDO,RUA CORONEL JOÃO MENDES,1
GUAIÚBA,DESCONHECIDO,RUA FRANCISCO GALDINO,1
GUAIÚBA,DESCONHECIDO,RUA LUÍS MANOEL DOS SANTOS,1
GUAIÚBA,DESCONHECIDO,RUA MARIANA MENDES,1
GUAIÚBA,DESCONHECIDO,RUA POMPÍLIO DE ANDRADE,1
GUAIÚBA,DESCONHECIDO,RUA RAIMUNDO BANDEIRA,1
GUAIÚBA,DESCONHECIDO,RUA RAIMUNDO INÁCIO SILVA,1
GUAIÚBA,DESCONHECIDO,RUA RODOLFO TEOFILO,1
GUAIÚBA,DESCONHECIDO,RUA SINVAL LEITÃO,1
GUAIÚBA,DESCONHECIDO,RUA UM,1
GUAIÚBA,DESCONHECIDO,TRAVESSA JOÃO CABRAL ARAÚJO,1
GUAIÚBA,DESCONHECIDO,TRAVESSA MATEUS COSTA PIRES,1
GUAIÚBA,GUAIUBA,RUA ALBINIANO JOSÉ DE SOUSA,1
GUAIÚBA,GUAIUBA,RUA TICA,1
GUARACIABA DO NORTE,DESCONHECIDO,ESTAÇÃO ANTIGA ESTRADA P PERIUTABA,1
GUARACIABA DO NORTE,DESCONHECIDO,RODOVIA DEPUTADO JOSÉ MARIA MELO,1
GUARACIABA DO NORTE,DESCONHECIDO,RUA C,1
GUARACIABA DO NORTE,DESCONHECIDO,RUA CAPITÃO FERREIRA,1
GUARACIABA DO NORTE,DESCONHECIDO,RUA FRANCISCO VIÊIRA,1
GUARACIABA DO NORTE,DESCONHECIDO,RUA MONSENHOR EURICO,1
GUARACIABA DO NORTE,DESCONHECIDO,RUA PREFEITO METON SILVANO,1
GUARACIABA DO NORTE,DESCONHECIDO,RUA PREFEITO VALDEMIRO FERREIRA GOMES,1
GUARACIABA DO NORTE,DESCONHECIDO,SITIO CRUZ DAS ALMAS,1
HIDROLÂNDIA,DESCONHECIDO,ESTRADA FAZ TIMBAÚBA A SALGADO,1
HIDROLÂNDIA,DESCONHECIDO,RUA MATEUS FERREIRA GOMES,1
HORIZONTE,DESCONHECIDO,BENTO,1
HORIZONTE,DESCONHECIDO,RODOVIA PRINCIPAL,1
HORIZONTE,DESCONHECIDO,RUA DOCA DE SOUSA FALCÃO,1
HORIZONTE,DESCONHECIDO,RUA FRANCISCA ALVES,1
HORIZONTE,DESCONHECIDO,RUA JOÃO A DA SILVA,1
HORIZONTE,DESCONHECIDO,RUA MANUEL NUNES,1
HORIZONTE,DESCONHECIDO,RUA RAFAEL SANTOS,1
HORIZONTE,DESCONHECIDO,RUA RAIMUNDO PEREIRA LIMA,1
HORIZONTE,DESCONHECIDO,RUA SIMEÃO CORREIA LIMA,1
HORIZONTE,HORIZONTE,AVENIDA ELÍAS BENTO FERREIRA,1
HORIZONTE,HORIZONTE,AVENIDA LEANDRO BEZERRA,1
HORIZONTE,HORIZONTE,RUA ENIR SANTOS,1
HORIZONTE,HORIZONTE,RUA MARIANO F. DE ALMEIDA,1
HORIZONTE,HORIZONTE,RUA VENÂNCIO RAIMUNDO DE SOUSA,1
IBARETAMA,DESCONHECIDO,AVENIDA JOÃO RABÊLO SAMPAIO,1
IBARETAMA,DESCONHECIDO,ESTRADA EXTREMA A LAGOA CANAFÍSTULA,1
IBARETAMA,DESCONHECIDO,ESTRADA MARAMBAIA DOURADO,1
IBARETAMA,DESCONHECIDO,ESTRADA NOVA VIDA EXTREMA,1
IBARETAMA,DESCONHECIDO,ESTRADA PARÁ VÁRZEA DE CIMA,1
IBARETAMA,DESCONHECIDO,ESTRADA TRECHO CARRI PARÁ CUME DASERRA,1
IBARETAMA,DESCONHECIDO,RUA JOÃO ALVES DE ALMEIDA,1
IBARETAMA,DESCONHECIDO,RUA RAIMUNDO AGOSTINHO,1
IBARETAMA,DESCONHECIDO,RUA VALDEVINO CABRAL,1
IBARETAMA,DESCONHECIDO,TRAVESSA ANTÔNIO DE PAULA BARROS,1
IBARETAMA,DESCONHECIDO,VILA PAULO,1
IBARETAMA,IBARETAMA,ESTRADA TRIUNFO AO BARREIROS,1
IBIAPINA,DESCONHECIDO,CE-253,1
IBIAPINA,DESCONHECIDO,ESTRADA JUREMA NORTE,1
IBIAPINA,DESCONHECIDO,ESTRADA PARÁ CANTO ALEGRE,1
IBIAPINA,DESCONHECIDO,ESTRADA SEM NOME,1
IBIAPINA,DESCONHECIDO,RUA DOUTOR FRANCISCO AVELINO,1
IBIAPINA,DESCONHECIDO,RUA JOAQUIM LUÍS DE SOUSA,1
IBIAPINA,DESCONHECIDO,RUA JOSÉ ELIAQUIM,1
IBIAPINA,DESCONHECIDO,RUA SANTA RITA DE CÁSSIA,1
IBIAPINA,DESCONHECIDO,RUA TABELIÃO JÚLIO PEREIRA,1
IBIAPINA,DESCONHECIDO,RUA TARCÍSIO ARAÚJO SANTANA,1
IBIAPINA,DESCONHECIDO,SITIO BILHEIRA,1
IBIAPINA,DESCONHECIDO,SITIO JACOBINA,1
IBIAPINA,DESCONHECIDO,SUL,1
IBICUITINGA,DESCONHECIDO,AVENIDA EGÍDIO NOBRE,1
IBICUITINGA,DESCONHECIDO,ESTRADA ASSENTAMENTO,1
IBICUITINGA,DESCONHECIDO,ESTRADA PARA AÇUDE DOS PINHEIROS,1
IBICUITINGA,DESCONHECIDO,ESTRADA PARÁ Ó MUQUÉM,1
IBICUITINGA,DESCONHECIDO,RUA ADÉLSON FURTADO,1
IBICUITINGA,DESCONHECIDO,RUA EDVAL MAIA,1
IBICUITINGA,DESCONHECIDO,RUA FRANCISCA FERREIRA LACERDA,1
IBICUITINGA,DESCONHECIDO,RUA JOÃO DUARTE,1
IBICUITINGA,DESCONHECIDO,RUA MANOEL PINHEIRO SANTIAGO,1
IBICUITINGA,DESCONHECIDO,RUA MELQUÍADES ALVES MAIA,1
IBICUITINGA,DESCONHECIDO,RUA PROFESSORA RAIMUNDA JOVÊNCIA,1
IBICUITINGA,DESCONHECIDO,SITIO ALTO BONITO,1
IBICUITINGA,DESCONHECIDO,SITIO CARRAPICHO,1
ICAPUÍ,DESCONHECIDO,AV. FRANCISCO MANOEL DO NASCIMENTO,1
ICAPUÍ,DESCONHECIDO,AVENIDA BEIRA MAR,1
ICAPUÍ,DESCONHECIDO,AVENIDA CHICÓ FÉLIX,1
ICAPUÍ,DESCONHECIDO,AVENIDA MANIBU,1
ICAPUÍ,DESCONHECIDO,FRANCISCO PEREIRA MAIA,1
ICAPUÍ,DESCONHECIDO,RUA ANTONIO CARLOS DE MOURA,1
ICAPUÍ,DESCONHECIDO,RUA DA BALEIA,1
ICAPUÍ,DESCONHECIDO,RUA DA ECETEL 2,1
ICAPUÍ,DESCONHECIDO,RUA DO CAMPO,1
ICAPUÍ,DESCONHECIDO,RUA DO PESCADOR,1
ICAPUÍ,DESCONHECIDO,RUA PROFESSORA MARIA CORREIA,1
ICAPUÍ,DESCONHECIDO,RUA PÉ DA SERRA,1
ICAPUÍ,DESCONHECIDO,RUA SERRA DE CAJUAIS,1
ICAPUÍ,DESCONHECIDO,RUA TEOTÔNIO ALCÂNTARA,1
ICAPUÍ,DESCONHECIDO,VILA NOVA,1
ICAPUÍ,DESCONHECIDO,VILA UNIÃO,1
ICÓ,DESCONHECIDO,CONJUNTO DO BONFIM,1
ICÓ,DESCONHECIDO,ESTRADA JERUSALÉM,1
ICÓ,DESCONHECIDO,RUA A,1
ICÓ,DESCONHECIDO,RUA ANTONIO MARTINS,1
ICÓ,DESCONHECIDO,RUA ANTÔNIO BARBOSA,1
ICÓ,DESCONHECIDO,RUA B,1
ICÓ,DESCONHECIDO,RUA CONCEIÇÃO,1
ICÓ,DESCONHECIDO,RUA DAS OLIMPÍADAS,1
ICÓ,DESCONHECIDO,RUA DOS AMORÉS,1
ICÓ,DESCONHECIDO,RUA E,1
ICÓ,DESCONHECIDO,RUA JOÃO,1
ICÓ,DESCONHECIDO,RUA MONSENHOR FROTA,1
ICÓ,DESCONHECIDO,RUA PADRE VIEIRA,1
ICÓ,DESCONHECIDO,RUA SANTA CECÍLIA,1
ICÓ,DESCONHECIDO,RUA SANTA TEREZINHA,1
ICÓ,DESCONHECIDO,RUA SENHOR DO BONFIM,1
ICÓ,DESCONHECIDO,RUA SÃO JOSÉ,1
ICÓ,DESCONHECIDO,RUA SÃO SEBASTIÃO,1
ICÓ,DESCONHECIDO,RUA UZIAS SOARES DINIZ,1
ICÓ,DESCONHECIDO,SITIO ALTO DA VÁRZEA,1
ICÓ,DESCONHECIDO,SITIO BELO MONTE,1
ICÓ,DESCONHECIDO,SITIO BRITO,1
ICÓ,DESCONHECIDO,SITIO CACHOEIRA,1
ICÓ,DESCONHECIDO,TRAVESSA NOSSA SENHORA CONCEICAO,1
ICÓ,ICO,RUA MATRIZ,1
IGUATU,DESCONHECIDO,ESTRADA DO GENIPAPEIRO,1
IGUATU,DESCONHECIDO,RUA APÓLO,1
IGUATU,DESCONHECIDO,RUA PLANALTO,1
IGUATU,DESCONHECIDO,SITIO BARRA DO CANGATI,1
IGUATU,DESCONHECIDO,SITIO CATOLÉ,1
IGUATU,DESCONHECIDO,VILA JULIETA,1
IGUATU,IGUATU,RUA CHICO PINHEIRO,1
IGUATU,IGUATU,RUA DAS ACÁCIAS,1
IGUATU,IGUATU,RUA FRANCISCO JOACIR MATIAS COSTA,1
IGUATU,IGUATU,RUA JOSÉ CUSTÓDIO DA COSTA,1
INDEPENDÊNCIA,DESCONHECIDO,AVENIDA JERÔNIMO ALVES,1
INDEPENDÊNCIA,DESCONHECIDO,AVENIDA JORNALISTA MARIA INÊS PIRES DE SABÓIA,1
INDEPENDÊNCIA,DESCONHECIDO,AVENIDA MANOEL FERREIRA DE MELO,1
INDEPENDÊNCIA,DESCONHECIDO,CE-176,1
INDEPENDÊNCIA,DESCONHECIDO,ESTRADA SEM NOME,1
INDEPENDÊNCIA,DESCONHECIDO,FAZENDA ALVAÇÃO DE BAIXO,1
INDEPENDÊNCIA,DESCONHECIDO,FAZENDA RIO VERDE,1
INDEPENDÊNCIA,DESCONHECIDO,RUA,1
INDEPENDÊNCIA,DESCONHECIDO,RUA 4 ALTO DA AABB,1
INDEPENDÊNCIA,DESCONHECIDO,RUA COMENDADOR ARI FREITAS,1
INDEPENDÊNCIA,DESCONHECIDO,RUA CONJUNTO SANTA RITA,1
INDEPENDÊNCIA,DESCONHECIDO,RUA CORONEL SENHOR PÍRES,1
INDEPENDÊNCIA,DESCONHECIDO,RUA CRUZEIRO,1
INDEPENDÊNCIA,DESCONHECIDO,RUA DA BARRAGEM,1
INDEPENDÊNCIA,DESCONHECIDO,RUA DA LIBERDADE,1
INDEPENDÊNCIA,DESCONHECIDO,RUA DAS PEDRINHAS,1
INDEPENDÊNCIA,DESCONHECIDO,RUA FERROLÂNDIA,1
INDEPENDÊNCIA,DESCONHECIDO,RUA JOÃO MARQUÊS DE MÂCEDO,1
INDEPENDÊNCIA,DESCONHECIDO,RUA LAFAYETE COUTINHO,1
INDEPENDÊNCIA,DESCONHECIDO,RUA RUI BARBOSA,1
INDEPENDÊNCIA,DESCONHECIDO,SITIO CACHOEIRINHA,1
INDEPENDÊNCIA,DESCONHECIDO,TRAVESSA INDEPENDÊNCIA,1
IPAPORANGA,DESCONHECIDO,BR-404,1
IPAPORANGA,DESCONHECIDO,ESTRADA PIEDADE,1
IPAPORANGA,DESCONHECIDO,ESTRADA SEM NOME,1
IPU,DESCONHECIDO,AVENIDA CORONEL JILÓ,1
IPU,DESCONHECIDO,AVENIDA DOUTOR MILTON CARVALHO,1
IPU,DESCONHECIDO,AVENIDA JOSÉ CARVALHO DE ARAGÃO,1
IPU,DESCONHECIDO,CE-187,1
IPU,DESCONHECIDO,RUA CORONEL JOSÉ ASSIS,1
IPU,DESCONHECIDO,RUA FRANÇA,1
IPU,DESCONHECIDO,RUA PADRE MACÁRIO,1
IPU,IPU,AVENIDA TENENTE JOSÉ ARAÚJO,1
IPUEIRAS,DESCONHECIDO,ESTRADA PAI MANÉ A VILA CAZUZA,1
IPUEIRAS,DESCONHECIDO,ESTRADA RIACHO SANTA LUZIA A VAGALUME,1
IPUEIRAS,DESCONHECIDO,RUA ANTÔNIO SILVA LIMA,1
IPUEIRAS,DESCONHECIDO,RUA CORONEL JOSÉ POMPÉU,1
IPUEIRAS,DESCONHECIDO,RUA JOSEFA NUNES CAMELO,1
IPUEIRAS,DESCONHECIDO,RUA MARIANO CORRÊA MARTINS,1
IRACEMA,DESCONHECIDO,RUA MARIA FLORENTINA DA SILVA,1
IRACEMA,DESCONHECIDO,RUA TRISTÃO GONÇALVES,1
IRACEMA,DESCONHECIDO,SITIO MACEIÓ,1
IRACEMA,IRACEMA,RUA ULISSES DE HOLANDA CAMPELO,1
IRACEMA,IRACEMA,RUA VEREADOR FRANCISCO T DE OLIVEIRA,1
IRAUÇUBA,DESCONHECIDO,85MQ+8P MISSI,1
IRAUÇUBA,DESCONHECIDO,FAZENDA CACIMBA SALGADA,1
IRAUÇUBA,DESCONHECIDO,FAZENDA JOAQUIM,1
IRAUÇUBA,DESCONHECIDO,FAZENDA PEDRA ATRAVESSADA,1
IRAUÇUBA,DESCONHECIDO,RUA AÇUDE,1
IRAUÇUBA,DESCONHECIDO,RUA CAIXA DÁGUA,1
IRAUÇUBA,DESCONHECIDO,RUA EULÂMPIO BRAGA,1
IRAUÇUBA,DESCONHECIDO,RUA JOANA FERREIRA,1
IRAUÇUBA,DESCONHECIDO,RUA JORGE DOMINGUES ARAÚJO,1
IRAUÇUBA,DESCONHECIDO,RUA JOSÉ AIRTON ARAÚJO ROCHA,1
IRAUÇUBA,DESCONHECIDO,RUA LUÍS MOTA E MELO,1
IRAUÇUBA,DESCONHECIDO,RUA MARLIM DUTRA,1
IRAUÇUBA,DESCONHECIDO,RUA ODILON FERREIRA DA SILVA,1
IRAUÇUBA,DESCONHECIDO,RUA PÔSTO,1
IRAUÇUBA,DESCONHECIDO,RUA RAIMUNDÃO,1
IRAUÇUBA,DESCONHECIDO,RUA VALMAR BRAGA,1
IRAUÇUBA,DESCONHECIDO,RUA VINTE E UM DE JUNHO,1
IRAUÇUBA,DESCONHECIDO,RUA WALMAR BRAGA,1
IRAUÇUBA,DESCONHECIDO,RUA ZENEIDE DE AZEVEDO,1
ITAITINGA,ANCURI,RUA LIZETE VANDERLEI,1
ITAITINGA,ANCURI,RUA QUATORZE,1
ITAITINGA,DESCONHECIDO,ESTRADA SEM NOME,1
ITAITINGA,DESCONHECIDO,RUA SDO JOÃO PESSOA,1
ITAITINGA,DESCONHECIDO,RUA VILA BELA,1
ITAITINGA,ITAITINGA,BR-116,1
ITAITINGA,ITAITINGA,RUA Fᶜᵃ DE ASSUNÇÃO RIBEIRO,1
ITAIÇABA,DESCONHECIDO,RUA A,1
ITAIÇABA,DESCONHECIDO,RUA BENEDITO JOSÉ DINIZ,1
ITAPAJÉ,DESCONHECIDO,ESTRADA DA PEDRA D'ÁGUA,1
ITAPAJÉ,DESCONHECIDO,ESTRADA SEM NOME,1
ITAPAJÉ,DESCONHECIDO,ESTRADA SÃO TOMÉ,1
ITAPAJÉ,DESCONHECIDO,POVOADO PITOMBEIRA,1
ITAPAJÉ,DESCONHECIDO,RODOVIA FRANCISCO SILVA MOTA,1
ITAPAJÉ,DESCONHECIDO,RODOVIA JORGE DO ARÃO,1
ITAPAJÉ,DESCONHECIDO,RUA ALBERTO COELHO,1
ITAPAJÉ,DESCONHECIDO,RUA ANTÔNIO PAZ,1
ITAPAJÉ,DESCONHECIDO,RUA CHICO FURNA,1
ITAPAJÉ,DESCONHECIDO,RUA EXPEDITO MATOS,1
ITAPAJÉ,DESCONHECIDO,RUA FRANCISCO DE SOUZA,1
ITAPAJÉ,DESCONHECIDO,RUA FRANCISCO JOSÉ DE OLIVEIRA,1
ITAPAJÉ,DESCONHECIDO,RUA GEORGINA GONÇALVES DAS CHAGAS,1
ITAPAJÉ,DESCONHECIDO,RUA GERARDO FURNA,1
ITAPAJÉ,DESCONHECIDO,RUA J,1
ITAPAJÉ,DESCONHECIDO,RUA JESUINO P. DE MESQUITA,1
ITAPAJÉ,DESCONHECIDO,RUA JOÃO DA SILVA MOTA,1
ITAPAJÉ,DESCONHECIDO,RUA ODETE SANTANA DE SOUSA,1
ITAPAJÉ,DESCONHECIDO,RUA OLÁVO CAVALCANTE,1
ITAPAJÉ,DESCONHECIDO,RUA OTÁVIO PINTO DE MESQUITA,1
ITAPAJÉ,DESCONHECIDO,RUA PEDRO FIRMO DE MESQUITA,1
ITAPAJÉ,DESCONHECIDO,RUA PEDRO GOMES,1
ITAPAJÉ,DESCONHECIDO,RUA RAIMUNDO GALDENCIO BRAGA,1
ITAPAJÉ,DESCONHECIDO,RUA ROSELITA LIMA ARAÚJO,1
ITAPAJÉ,DESCONHECIDO,RUA SALES NETO,1
ITAPAJÉ,DESCONHECIDO,RUA TARCILA CARNEIRO SARAIVA,1
ITAPAJÉ,DESCONHECIDO,RUA TEIXEIRA PINTO,1
ITAPAJÉ,DESCONHECIDO,RUA TEREZA MAGALHÃES,1
ITAPAJÉ,DESCONHECIDO,SITIO TRÊS OLHOS DE ÁGUA,1
ITAPAJÉ,ITAPAJE,POVOADO AREIAS,1
ITAPAJÉ,ITAPAJE,RUA ANTÔNIO RODRIGUES DA SILVA,1
ITAPAJÉ,ITAPAJE,RUA JANDIRA BASTOS MAGALHÃES,1
ITAPAJÉ,ITAPAJE,RUA MARIA APARECIDA LIMA BARBOSA,1
ITAPIPOCA,DESCONHECIDO,ALAMEDA COQUEIROS DE CIMA,1
ITAPIPOCA,DESCONHECIDO,AVENIDA DO CONTORNO,1
ITAPIPOCA,DESCONHECIDO,CE-240,1
ITAPIPOCA,DESCONHECIDO,ESTRADA ARAPARI SÃO GONÇALO,1
ITAPIPOCA,DESCONHECIDO,ESTRADA ASSUNÇÃO OITICICA,1
ITAPIPOCA,DESCONHECIDO,ESTRADA BARRA DAS TABOCAS LAGOA DO JUÁ,1
ITAPIPOCA,DESCONHECIDO,ESTRADA BARREIRO,1
ITAPIPOCA,DESCONHECIDO,ESTRADA BASTIOES PIRANGI,1
ITAPIPOCA,DESCONHECIDO,ESTRADA BETÂNIA,1
ITAPIPOCA,DESCONHECIDO,ESTRADA CURA,1
ITAPIPOCA,DESCONHECIDO,ESTRADA CURA CALUGI,1
ITAPIPOCA,DESCONHECIDO,ESTRADA DA TABOCA,1
ITAPIPOCA,DESCONHECIDO,ESTRADA DAS OITÍCICAS,1
ITAPIPOCA,DESCONHECIDO,ESTRADA DOS BASTIOES,1
ITAPIPOCA,DESCONHECIDO,ESTRADA ITAPIPOCA ASSUNÇÃO,1
ITAPIPOCA,DESCONHECIDO,ESTRADA ITAPIPOCA BROTAS,1
ITAPIPOCA,DESCONHECIDO,ESTRADA ITAPIPOCA CRUXATI,1
ITAPIPOCA,DESCONHECIDO,ESTRADA ITAPIPOCA | IPU MAZAGÃO,1
ITAPIPOCA,DESCONHECIDO,ESTRADA JOÃO BIRÉ,1
ITAPIPOCA,DESCONHECIDO,ESTRADA LAGOA DAS PEDRAS DOS PAULOS,1
ITAPIPOCA,DESCONHECIDO,ESTRADA LAGOA DO MATO,1
ITAPIPOCA,DESCONHECIDO,ESTRADA MANGUEIRA RAJADA,1
ITAPIPOCA,DESCONHECIDO,ESTRADA PARA ITAPIPOCA,1
ITAPIPOCA,DESCONHECIDO,ESTRADA PARACATU ARARA,1
ITAPIPOCA,DESCONHECIDO,ESTRADA PARÁ ASSUNÇÃO,1
ITAPIPOCA,DESCONHECIDO,ESTRADA PARÁ Ó ESCALVADO,1
ITAPIPOCA,DESCONHECIDO,ESTRADA PARÁ Ó PIRANGI,1
ITAPIPOCA,DESCONHECIDO,ESTRADA POÇO VERDE,1
ITAPIPOCA,DESCONHECIDO,ESTRADA RAMADÃ AO RIO CRUXATI VIA PASSAGEM,1
ITAPIPOCA,DESCONHECIDO,ESTRADA VALDEVINO,1
ITAPIPOCA,DESCONHECIDO,P9WH+CG CRUXATI,1
ITAPIPOCA,DESCONHECIDO,POVOADO SALGADO DOS PIRES,1
ITAPIPOCA,DESCONHECIDO,RODOVIA BALEIA ITAPIPOCA,1
ITAPIPOCA,DESCONHECIDO,RUA 02,1
ITAPIPOCA,DESCONHECIDO,RUA 03 NOVA JERUSALÉM,1
ITAPIPOCA,DESCONHECIDO,RUA ANTÔNIO ALVES DOS SANTOS,1
ITAPIPOCA,DESCONHECIDO,RUA C,1
ITAPIPOCA,DESCONHECIDO,RUA CAIO PRADO,1
ITAPIPOCA,DESCONHECIDO,RUA CAPITÃO MANOEL ALVES,1
ITAPIPOCA,DESCONHECIDO,RUA CENTO E DOIS,1
ITAPIPOCA,DESCONHECIDO,RUA CHICO DE SOUSA,1
ITAPIPOCA,DESCONHECIDO,RUA CRISTO REDENTOR,1
ITAPIPOCA,DESCONHECIDO,RUA DA IGREJA,1
ITAPIPOCA,DESCONHECIDO,RUA DALVA PACHECO,1
ITAPIPOCA,DESCONHECIDO,RUA DO AÇUDE,1
ITAPIPOCA,DESCONHECIDO,RUA DOM ORIONE,1
ITAPIPOCA,DESCONHECIDO,RUA DOS CARNEIROS,1
ITAPIPOCA,DESCONHECIDO,RUA FIRMINO MARTINS,1
ITAPIPOCA,DESCONHECIDO,RUA FRANCISCO ANTÓNIO SOARES,1
ITAPIPOCA,DESCONHECIDO,RUA FRANCISCO DOMINGOS BRAGA FILHO,1
ITAPIPOCA,DESCONHECIDO,RUA FRANCISCO EDSON GOMES TÁVORA,1
ITAPIPOCA,DESCONHECIDO,RUA G,1
ITAPIPOCA,DESCONHECIDO,RUA GUSTAVO H DE OLIVEIRA,1
ITAPIPOCA,DESCONHECIDO,RUA IRENE AGRELA DOS SANTOS,1
ITAPIPOCA,DESCONHECIDO,RUA JOAO BATISTA BARROSO,1
ITAPIPOCA,DESCONHECIDO,RUA JOAQUIM ESTEVÃO,1
ITAPIPOCA,DESCONHECIDO,RUA JOSÉ AIRTON TEIXEIRA,1
ITAPIPOCA,DESCONHECIDO,RUA JOSÉ BRIOSO,1
ITAPIPOCA,DESCONHECIDO,RUA JOÃO DA FROTA BRAGA,1
ITAPIPOCA,DESCONHECIDO,RUA JULIA BRAGA,1
ITAPIPOCA,DESCONHECIDO,RUA LAGOA DO MATO,1
ITAPIPOCA,DESCONHECIDO,RUA MAJOR ANTÔNIO RODRIGUES,1
ITAPIPOCA,DESCONHECIDO,RUA MANOEL MOURA NEGRÃO,1
ITAPIPOCA,DESCONHECIDO,RUA MARIA APOLÔNIA SOARES,1
ITAPIPOCA,DESCONHECIDO,RUA MARIA ÂNGELA GÓES,1
ITAPIPOCA,DESCONHECIDO,RUA MARIANO MARQUES,1
ITAPIPOCA,DESCONHECIDO,RUA NOVE,1
ITAPIPOCA,DESCONHECIDO,RUA PAULO ALVES TEIXEIRA,1
ITAPIPOCA,DESCONHECIDO,RUA PEDRO GADELHA GÓES,1
ITAPIPOCA,DESCONHECIDO,RUA QUATRO,1
ITAPIPOCA,DESCONHECIDO,RUA RAIMUNDA ROCHA,1
ITAPIPOCA,DESCONHECIDO,RUA SANTA VERUSKA,1
ITAPIPOCA,DESCONHECIDO,RUA SEBASTIÃO GONÇALVES,1
ITAPIPOCA,DESCONHECIDO,RUA SEVERIANO MOREIRA,1
ITAPIPOCA,DESCONHECIDO,RUA VICENTE XAVIER DE LIMA,1
ITAPIPOCA,DESCONHECIDO,SITIO BALANÇA,1
ITAPIPOCA,DESCONHECIDO,SITIO CABECEIRAS DO MUNDAÚ,1
ITAPIPOCA,DESCONHECIDO,SITIO ITAPICU,1
ITAPIPOCA,DESCONHECIDO,TRAVESSA BASTIOES CORGUINHO,1
ITAPIPOCA,DESCONHECIDO,TRAVESSA CRISTO REDENTOR,1
ITAPIPOCA,DESCONHECIDO,TRAVESSA JOAQUIM TABOSA BRAGA II,1
ITAPIPOCA,DESCONHECIDO,TRAVESSA MAJOR ANTÔNIO RODRIGUES TEIXEIRA,1
ITAPIPOCA,DESCONHECIDO,TRAVESSA MARECHAL HERMES,1
ITAPIPOCA,DESCONHECIDO,VIA CRUXATI,1
ITAPIÚNA,DESCONHECIDO,ESTR. TATAJUBA,1
ITAPIÚNA,DESCONHECIDO,ESTRADA ALTO DA UMBURANA,1
ITAPIÚNA,DESCONHECIDO,ESTRADA CARRAPATEIRA,1
ITAPIÚNA,DESCONHECIDO,ESTRADA JOÃO ROSA A SERROTE PRETO,1
ITAPIÚNA,DESCONHECIDO,ESTRADA LÁZARO,1
ITAPIÚNA,DESCONHECIDO,ESTRADA MARACAJÁ,1
ITAPIÚNA,DESCONHECIDO,ESTRADA SERROTE PRETO,1
ITAPIÚNA,DESCONHECIDO,RUA ARAÚJO MATIAS,1
ITAPIÚNA,DESCONHECIDO,RUA FRANCISCO SARAÍVA,1
ITAPIÚNA,DESCONHECIDO,RUA JOSÉ ESMERINO LEITE,1
ITAPIÚNA,DESCONHECIDO,RUA JOSÉ JERÔNIMO FILHO,1
ITAPIÚNA,DESCONHECIDO,RUA SÁBINO LEITÃO,1
ITAPIÚNA,DESCONHECIDO,VILA MARIA JOSE LIMA,1
ITAPIÚNA,ITAPIUNA,RUA CELESTINO,1
ITAPIÚNA,ITAPIUNA,RUA DAS FLORES,1
ITAREMA,DESCONHECIDO,25J2+99 ALMOFALA,1
ITAREMA,DESCONHECIDO,AVENIDA ADÔNIAS ALVES DA COSTA,1
ITAREMA,DESCONHECIDO,AVENIDA FRANCISCO CATARINA SANTOS,1
ACARAPE,DESCONHECIDO,ESTRADA ARERE PASCOAL,1
ACARAPE,DESCONHECIDO,NOSSA SENHORA,1
ACARAPE,DESCONHECIDO,RUA PEDRO ALVES DE LIMA,1
ITAREMA,DESCONHECIDO,CONDOMINIO BRAGA MONTEIRO,1
ITAREMA,DESCONHECIDO,ESTRADA ALMOFALA,1
ITAREMA,DESCONHECIDO,ESTRADA ALTO ALEGRE TORRÕES,1
ACARAPE,DESCONHECIDO,RUA RIACHÃO DO NORTE,1
ITAREMA,DESCONHECIDO,ESTRADA BAIXINHA CÓRREGO GRANDE,1
ACARAÚ,ACARAU,RODOVIA QUATROCENTOS E TRÊS,1
ACARAÚ,DESCONHECIDO,ANTIGA ESTRADA CRUZ,1
ITAREMA,DESCONHECIDO,ESTRADA GENIPAPERO,1
ACARAÚ,DESCONHECIDO,BECO DO SEU MANOEL,1
ACARAÚ,DESCONHECIDO,CE-085,1
ITAREMA,DESCONHECIDO,ESTRADA OITICICA,1
ITAREMA,DESCONHECIDO,ESTRADA PARA PÔRTO DO BARCO,1
ITAREMA,DESCONHECIDO,ESTRADA PARÁ GUABIRABAS,1
ITAREMA,DESCONHECIDO,ESTRADA PARÁ SAQUINHO,1
ACARAÚ,DESCONHECIDO,ESTRADA ACARAÚ,1
ACARAÚ,DESCONHECIDO,ESTRADA AROEIRA,1
ACARAÚ,DESCONHECIDO,ESTRADA DA INÊS,1
ACARAÚ,DESCONHECIDO,ESTRADA ITAREMA,1
ACARAÚ,DESCONHECIDO,POVOADO CÓRREGO DOS IUS,1
ITAREMA,DESCONHECIDO,RUA B,1
ITAREMA,DESCONHECIDO,RUA BAIXO,1
ITAREMA,DESCONHECIDO,RUA CAIS,1
ITAREMA,DESCONHECIDO,RUA CAMBÔA DA LAMA,1
ITAREMA,DESCONHECIDO,RUA CARAÚBA DO COSME,1
ACARAÚ,DESCONHECIDO,POVOADO MORRO BARRINHA DE CIMA,1
ITAREMA,DESCONHECIDO,RUA CESARINA SILVA DA COSTA RUFINO,1
ITAREMA,DESCONHECIDO,RUA CINCO DE FEVEREIRO,1
ACARAÚ,DESCONHECIDO,RUA ANTÔNIO ALTÍNO RODRÍGUES,1
ITAREMA,DESCONHECIDO,RUA ENTRADA PARÁ TIJUCA,1
ITAREMA,DESCONHECIDO,RUA FRANCISCA IEDA RIOS,1
ITAREMA,DESCONHECIDO,RUA JOSÉ ERASMO BRANDÃO,1
ACARAÚ,DESCONHECIDO,RUA BEIRA MAR,1
ITAREMA,DESCONHECIDO,RUA JOÃO AMÂNCIO DE OLIVEIRA,1
ACARAÚ,DESCONHECIDO,RUA CAUASSU,1
ITAREMA,DESCONHECIDO,RUA MAIRTON FILHO,1
ITAREMA,DESCONHECIDO,RUA MANOEL BRAGA,1
ITAREMA,DESCONHECIDO,RUA MANOEL CARNEIRO DE COUTO,1
ITAREMA,DESCONHECIDO,RUA MANOEL SILVA,1
ACARAÚ,DESCONHECIDO,RUA CAUASSU RODAGEM,1
ITAREMA,DESCONHECIDO,RUA MANÉ SILVA,1
ACARAÚ,DESCONHECIDO,RUA COSMO PINTO DA SILVEIRA,1
ACARAÚ,DESCONHECIDO,RUA DOUTORA MÁRCIA MARIA ROCHA,1
ACARAÚ,DESCONHECIDO,RUA EDGAR SALES MOURA,1
ITAREMA,DESCONHECIDO,RUA PANA,1
ITAREMA,DESCONHECIDO,RUA PORTO DOS BARCOS,1
ITAREMA,DESCONHECIDO,RUA PÔRTO DOS BARCOS,1
ITAREMA,DESCONHECIDO,RUA QUADRA,1
ACARAÚ,DESCONHECIDO,RUA JOSÉ JULIO LOUZADA,1
ACARAÚ,DESCONHECIDO,RUA JOSÉ PEREIRA MUNIZ,1
ITAREMA,DESCONHECIDO,RUA SEVERIANO CORRÊA ANDRADE,1
ACARAÚ,DESCONHECIDO,RUA LIVINO GRACIANO DA SILVEIRA,1
ITAREMA,DESCONHECIDO,TRAVESSA BEIRA MAR,1
ITAREMA,DESCONHECIDO,VILA DIMAS,1
ITAREMA,ITAREMA,CE-434,1
ITATIRA,DESCONHECIDO,AVENIDA ANTÔNIO SÁBINO GUERRA,1
ACARAÚ,DESCONHECIDO,RUA PADRE JOSÉ ARTEIRO,1
ITATIRA,DESCONHECIDO,AVENIDA ZEZÉ JUCÁ,1
ITATIRA,DESCONHECIDO,BR-020,1
ACARAÚ,DESCONHECIDO,RUA SANTO ANTÔNIO,1
ACARAÚ,DESCONHECIDO,RUA SANTOS MOURA,1
ACARAÚ,DESCONHECIDO,RUA VENÂNCIO MIGUEL DE SOUSA,1
ITATIRA,DESCONHECIDO,ESTRADA SEM NOME,1
ACARAÚ,DESCONHECIDO,RUA VICENTE PAULA DA COSTA,1
ITATIRA,DESCONHECIDO,FAZENDA JOSÉ DOS GUERRA,1
ITATIRA,DESCONHECIDO,FAZENDA MATO GROSSO,1
ACARAÚ,DESCONHECIDO,RUA VOLTA DO RIO,1
ITATIRA,DESCONHECIDO,POVOADO BANDEIRA VELHO,1
ITATIRA,DESCONHECIDO,POVOADO BARRO VERMELHO,1
ITATIRA,DESCONHECIDO,RUA 25 DE MARÇO,1
ITATIRA,DESCONHECIDO,RUA ANTONIO GONÇALVES DE SOUSA,1
ITATIRA,DESCONHECIDO,RUA DOIS,1
ITATIRA,DESCONHECIDO,RUA PADRE JOÃO SCOPEL,1
ITATIRA,DESCONHECIDO,RUA PRINCESA ISABEL,1
ITATIRA,DESCONHECIDO,RUA SEM DENOMINACAO,1
ITATIRA,DESCONHECIDO,TRAVESSA ISABEL MARIA,1
ACARAÚ,DESCONHECIDO,SITIO VENTURA,1
JAGUARETAMA,DESCONHECIDO,AVENIDA MANOEL DE CASTRO FILHO,1
JAGUARETAMA,DESCONHECIDO,AVENIDA MANOEL LEMOS DE ALMEIDA,1
JAGUARETAMA,DESCONHECIDO,AVENIDA MARILÂNDIA,1
ACOPIARA,ACOPIARA,RUA CORONEL RAIMUNDO DE PINHO,1
JAGUARETAMA,DESCONHECIDO,CE-371,1
ACOPIARA,DESCONHECIDO,AVENIDA CAZUZINHA MARQUÊS,1
JAGUARETAMA,DESCONHECIDO,RUA ANTÔNIO OTON PINHEIRO,1
JAGUARETAMA,DESCONHECIDO,RUA FLOSCO BARRETO,1
ACOPIARA,DESCONHECIDO,CE-371,1
JAGUARETAMA,DESCONHECIDO,RUA MARIA FLORINDA PEIXOTO CHAVES,1
ACOPIARA,DESCONHECIDO,ESTRADA PARADE,1
JAGUARETAMA,DESCONHECIDO,RUA OTÁVIO ALENÇAR,1
ACOPIARA,DESCONHECIDO,ESTRADA PARÁ Ó MUQUÉM,1
JAGUARETAMA,DESCONHECIDO,RUA ROBSON RICARDO M. DE LIMA,1
JAGUARETAMA,DESCONHECIDO,TRAVESSA JOAQUIM PINHEIRO,1
ACOPIARA,DESCONHECIDO,ESTRADA SEM NOME,1
JAGUARIBARA,DESCONHECIDO,AVENIDA ANISÍO MENDES BARRETO,1
JAGUARIBARA,DESCONHECIDO,AVENIDA FRANCISCO ROBSON BEZERRA DO CEARÁ,1
JAGUARIBARA,DESCONHECIDO,AVENIDA SEBASTIÃO DANTAS,1
JAGUARIBARA,DESCONHECIDO,AVENIDA VEREADOR SOBRINHO,1
JAGUARIBARA,DESCONHECIDO,CE-269,1
JAGUARIBARA,DESCONHECIDO,ESTRADA ARAÇÁ,1
JAGUARIBARA,DESCONHECIDO,ESTRADA DO CURUPATI,1
ACOPIARA,DESCONHECIDO,RUA DA RODAGEM,1
JAGUARIBARA,DESCONHECIDO,RUA DEMETRIO GARCIA,1
ACOPIARA,DESCONHECIDO,RUA JOSÉ PAULINO,1
ACOPIARA,DESCONHECIDO,RUA JOÃO MOREIRA BARROS,1
JAGUARIBARA,DESCONHECIDO,RUA VL UM DOIS,1
ACOPIARA,DESCONHECIDO,RUA PADRE CICERO,1
JAGUARIBARA,DESCONHECIDO,RUA VL UM VINTE CINCO,1
JAGUARIBARA,DESCONHECIDO,RUA VL UM VINTE E UM,1
ACOPIARA,DESCONHECIDO,RUA PADRE LEOPOLDO,1
ACOPIARA,DESCONHECIDO,RUA RAIMUNDO MARIANO,1
ACOPIARA,DESCONHECIDO,RUA SENHOR DO BONFIM,1
ACOPIARA,DESCONHECIDO,RUA VICENTE CARLOS PINHEIRO,1
JAGUARIBE,DESCONHECIDO,AVENIDA VIRGÍLIO TÁVORA,1
JAGUARIBE,DESCONHECIDO,ESTRADA SEM NOME,1
JAGUARIBE,DESCONHECIDO,FAZENDA RIACHO DOS CAVALOS JAGUARIBÉ,1
JAGUARIBE,DESCONHECIDO,RUA ANTÔNIA DIÓGENES,1
JAGUARIBE,DESCONHECIDO,RUA ANTÔNIO GOMES DA SILVA,1
JAGUARIBE,DESCONHECIDO,RUA CAPITÃO AFRODÍSIO DIÓGENES,1
ACOPIARA,DESCONHECIDO,RUA VINTE E UM DE ABRIL,1
JAGUARIBE,DESCONHECIDO,RUA FRANCISCO ALVES RODRIGUES,1
ACOPIARA,DESCONHECIDO,SITIO CATINGUEIRA,1
JAGUARIBE,DESCONHECIDO,RUA JOSEFA PEIXOTO DE LEMOS,1
JAGUARIBE,DESCONHECIDO,RUA JOSÉ RODRIGUES PINHEIRO,1
JAGUARIBE,DESCONHECIDO,RUA JOÃO OLIVEIRA,1
JAGUARIBE,DESCONHECIDO,RUA JULIETA C. GONDIN,1
JAGUARIBE,DESCONHECIDO,RUA PADRE JOÃO BANDEIRA,1
JAGUARIBE,DESCONHECIDO,RUA SANTA TEREZINHA,1
JAGUARIBE,DESCONHECIDO,RUA SAVINO BARREIRA,1
JAGUARIBE,DESCONHECIDO,RUA SIGEFREDO DIÓGENES,1
JAGUARIBE,DESCONHECIDO,RUA SINOB LINO PINHEIRO,1
JAGUARIBE,DESCONHECIDO,SITIO TORRÕES,1
JAGUARUANA,DESCONHECIDO,AVENIDA SÃO FRANCISCO DE ASSIS,1
JAGUARUANA,DESCONHECIDO,ESTRADA JAGUARUANA ITAICARA,1
JAGUARUANA,DESCONHECIDO,ESTRADA SEM NOME,1
JAGUARUANA,DESCONHECIDO,RUA LUÍS EDILBERTO DE CARVALHO,1
JAGUARUANA,DESCONHECIDO,RUA LUÍS GONZAGA DA COSTA,1
JAGUARUANA,DESCONHECIDO,SITIO CAIÇARA,1
JAGUARUANA,DESCONHECIDO,SITIO JUREMA,1
JAGUARUANA,DESCONHECIDO,VILA DO DIO II,1
JAGUARUANA,JAGUARUANA,CE-263,1
JAGUARUANA,JAGUARUANA,SITIO MATINHO,1
JARDIM,DESCONHECIDO,ESTRADA PARÁ ORI OITAVO CORREDOR,1
JARDIM,DESCONHECIDO,RUA JOÃO AQUINO PINHEIRO,1
JIJOCA DE JERICOACOARA,DESCONHECIDO,AVENIDA LUDIGAR TEIXEIRA,1
JIJOCA DE JERICOACOARA,DESCONHECIDO,AVENIDA MANOEL MARQUES ALBUQUERQUE,1
JIJOCA DE JERICOACOARA,DESCONHECIDO,ESTRADA DE MANGUE SECO A JERICOACOARA,1
ACOPIARA,DESCONHECIDO,SITIO JUREMA,1
ACOPIARA,DESCONHECIDO,SITIO MALHADA,1
ACOPIARA,DESCONHECIDO,SITIO MONTE BELO,1
JIJOCA DE JERICOACOARA,DESCONHECIDO,RUA BAIXIO,1
JIJOCA DE JERICOACOARA,DESCONHECIDO,RUA CESÁRIO PAEREIRA,1
JIJOCA DE JERICOACOARA,DESCONHECIDO,RUA DA IGREJA,1
ACOPIARA,DESCONHECIDO,SITIO PANELAS DOS PAULINO,1
ACOPIARA,DESCONHECIDO,SITIO VARJOTA,1
JIJOCA DE JERICOACOARA,DESCONHECIDO,RUA MARAVILHA,1
JIJOCA DE JERICOACOARA,DESCONHECIDO,RUA MARÇAL DE SOUSA,1
ACOPIARA,DESCONHECIDO,TRAVESSA EMÍLIA DE LIMA PINHO,1
JIJOCA DE JERICOACOARA,DESCONHECIDO,RUA VICENTE RUFINO,1
JIJOCA DE JERICOACOARA,DESCONHECIDO,TRAVESSA PÔR DO SOL,1
JIJOCA DE JERICOACOARA,JIJOCA DE JERICOACOARA,RUA IZAURA VASCONCELOS,1
JUAZEIRO DO NORTE,DESCONHECIDO,AREA SEM NOME,1
ACOPIARA,DESCONHECIDO,TRAVESSA SÃO SEBASTIÃO,1
JUAZEIRO DO NORTE,DESCONHECIDO,AVENIDA AUGUSTO ANTONIO DA SILVA,1
JUAZEIRO DO NORTE,DESCONHECIDO,AVENIDA CICERO GONÇALVES,1
JUAZEIRO DO NORTE,DESCONHECIDO,AVENIDA LEÃO SAMPAIO,1
JUAZEIRO DO NORTE,DESCONHECIDO,AVENIDA MANOEL TAVARES LOPES,1
AIUABA,DESCONHECIDO,CE-176,1
JUAZEIRO DO NORTE,DESCONHECIDO,AVENIDA PADRE CÍCERO,1
JUAZEIRO DO NORTE,DESCONHECIDO,AVENIDA PAIZINHO SABIÁ,1
AIUABA,DESCONHECIDO,CE-284,1
JUAZEIRO DO NORTE,DESCONHECIDO,AVENIDA SEBASTIÃO MARIANO DA SILVA,1
JUAZEIRO DO NORTE,DESCONHECIDO,AVENIDA UNIVERSITÁRIA,1
AIUABA,DESCONHECIDO,SITIO SERRA NOVA,1
JUAZEIRO DO NORTE,DESCONHECIDO,CE-292,1
JUAZEIRO DO NORTE,DESCONHECIDO,ESTRADA DA CHUMBADA,1
JUAZEIRO DO NORTE,DESCONHECIDO,ESTRADA POPOS SERRARIA,1
ALTANEIRA,DESCONHECIDO,ESTRADA PARA ESTEVÃO,1
JUAZEIRO DO NORTE,DESCONHECIDO,RUA ADALBERTO NAPOLEÃO DE ARAÚJO,1
JUAZEIRO DO NORTE,DESCONHECIDO,RUA ALICE MATIAS DE MELO,1
JUAZEIRO DO NORTE,DESCONHECIDO,RUA AMADEU CORDEIRO,1
ALTANEIRA,DESCONHECIDO,ESTRADA SEM NOME,1
JUAZEIRO DO NORTE,DESCONHECIDO,RUA ANTÔNIO BERNARDINO SILVA,1
ALTO SANTO,ALTO SANTO,AVENIDA DO TIBOLO,1
JUAZEIRO DO NORTE,DESCONHECIDO,RUA ANTÔNIO ESTEVÃO DO NASCIMENTO,1
JUAZEIRO DO NORTE,DESCONHECIDO,RUA ANTÔNIO ROSENDO,1
JUAZEIRO DO NORTE,DESCONHECIDO,RUA ANTÔNIO SARAIVA LANDIM,1
JUAZEIRO DO NORTE,DESCONHECIDO,RUA ANTÔNIO SOBREIRA GUEDES,1
JUAZEIRO DO NORTE,DESCONHECIDO,RUA APOLO Ⅺ,1
ALTO SANTO,ALTO SANTO,CONJUNTO FRANCISCO WILKER CAMPELO BEZERRA,1
ALTO SANTO,ALTO SANTO,ESTRADA SEM NOME,1
ALTO SANTO,DESCONHECIDO,BAIXA DA UMBURANA,1
JUAZEIRO DO NORTE,DESCONHECIDO,RUA CECÍLIA MEIRELES,1
JUAZEIRO DO NORTE,DESCONHECIDO,RUA CHANCELER EDSON QUEIROZ,1
JUAZEIRO DO NORTE,DESCONHECIDO,RUA CÍCERO DE ALENCAR RIBEIRO,1
JUAZEIRO DO NORTE,DESCONHECIDO,RUA CÍCERO MIGUEL DA SILVA,1
ALTO SANTO,DESCONHECIDO,ESTRADA ALTO SANTO BAIXA FUNDA,1
ALTO SANTO,DESCONHECIDO,ESTRADA BOM JESUS DE BAIXO,1
JUAZEIRO DO NORTE,DESCONHECIDO,RUA DO SABIÁ,1
ALTO SANTO,DESCONHECIDO,ESTRADA CARVALHO,1
JUAZEIRO DO NORTE,DESCONHECIDO,RUA DOUTOR BELEM,1
JUAZEIRO DO NORTE,DESCONHECIDO,RUA DOUTOR FRANCISCO MONTEIRO,1
ALTO SANTO,DESCONHECIDO,ESTRADA PRINCIPAL,1
JUAZEIRO DO NORTE,DESCONHECIDO,RUA DOUTOR LUCIANO TORRES DE MELO,1
JUAZEIRO DO NORTE,DESCONHECIDO,RUA EDSON QUEIROZ,1
JUAZEIRO DO NORTE,DESCONHECIDO,RUA ENGENHEIRO APOLÔNIO DE M. COSTA,1
JUAZEIRO DO NORTE,DESCONHECIDO,RUA ENGENHEIRO JOSÉ ONOFRE MARQUES,1
JUAZEIRO DO NORTE,DESCONHECIDO,RUA ESTUDANTE JOSÉ DOS SANTOS LOPES,1
JUAZEIRO DO NORTE,DESCONHECIDO,RUA FARIAS BRITO,1
JUAZEIRO DO NORTE,DESCONHECIDO,RUA FRANCISCA DUARTE GOUVEIA,1
JUAZEIRO DO NORTE,DESCONHECIDO,RUA FRANCISCA MENEZES DE VASCONCELOS,1
JUAZEIRO DO NORTE,DESCONHECIDO,RUA FRANCISCO DIAS SOBREIRA,1
JUAZEIRO DO NORTE,DESCONHECIDO,RUA FRANCISCO DOMINGOS DA SILVA,1
ALTO SANTO,DESCONHECIDO,ESTRADA RECREIO,1
JUAZEIRO DO NORTE,DESCONHECIDO,RUA FRANCISCO MEDEIROS DA SILVA,1
JUAZEIRO DO NORTE,DESCONHECIDO,RUA FRANCISCO WILSON BEZERRA,1
JUAZEIRO DO NORTE,DESCONHECIDO,RUA HILDEGARDA BARBOSA,1
ALTO SANTO,DESCONHECIDO,SITIO ANDRÉ DIAS,1
JUAZEIRO DO NORTE,DESCONHECIDO,RUA JOAQUIM DE FIGUEIREDO,1
JUAZEIRO DO NORTE,DESCONHECIDO,RUA JOAQUIM DE SOUZA MENEZES,1
JUAZEIRO DO NORTE,DESCONHECIDO,RUA JOSE CARNEIRO FILHO,1
ALTO SANTO,DESCONHECIDO,SITIO AÇUDE NOVO,1
JUAZEIRO DO NORTE,DESCONHECIDO,RUA JOSÉ AUGUSTO GONÇALVES,1
ALTO SANTO,DESCONHECIDO,SITIO BAIXA DOS CABRAS,1
ALTO SANTO,DESCONHECIDO,SITIO CAROBAS,1
JUAZEIRO DO NORTE,DESCONHECIDO,RUA JOSÉ ROMEIRO FEIJOEIRO,1
ALTO SANTO,DESCONHECIDO,SITIO FLORESTA,1
JUAZEIRO DO NORTE,DESCONHECIDO,RUA JUCELINO GARCIA CUSTÓDIO,1
JUAZEIRO DO NORTE,DESCONHECIDO,RUA JÚLIA JORGE COUTO,1
JUAZEIRO DO NORTE,DESCONHECIDO,RUA LADISLAU DE ARRUDA CAMPOS,1
JUAZEIRO DO NORTE,DESCONHECIDO,RUA LETÍCIA VASCONCELOS,1
JUAZEIRO DO NORTE,DESCONHECIDO,RUA LUIZ DE SOUZA FREITAS,1
JUAZEIRO DO NORTE,DESCONHECIDO,RUA MANOEL AMORIM DOS SANTOS,1
JUAZEIRO DO NORTE,DESCONHECIDO,RUA MANOEL CASSIMIRO,1
JUAZEIRO DO NORTE,DESCONHECIDO,RUA MANOEL GOMES DA SILVA,1
JUAZEIRO DO NORTE,DESCONHECIDO,RUA MANOEL PÍRES,1
AMONTADA,DESCONHECIDO,AVENIDA AGOSTINHO ALVES DE OLIVEIRA,1
JUAZEIRO DO NORTE,DESCONHECIDO,RUA MANOEL VALDIR NOGUEIRA,1
JUAZEIRO DO NORTE,DESCONHECIDO,RUA MARIA ANA PEREIRA,1
JUAZEIRO DO NORTE,DESCONHECIDO,RUA MARIA DE LOURDES SOARES,1
JUAZEIRO DO NORTE,DESCONHECIDO,RUA MARIA DIVA DE CARVALHO,1
JUAZEIRO DO NORTE,DESCONHECIDO,RUA MARIA TAVARES NOCA,1
AMONTADA,DESCONHECIDO,AVENIDA RAIMUNDO MUNDOLA BRUNO,1
JUAZEIRO DO NORTE,DESCONHECIDO,RUA MOACIR GONDIN LOCIO,1
AMONTADA,DESCONHECIDO,BR-402,1
JUAZEIRO DO NORTE,DESCONHECIDO,RUA Mª. AUGUSTA PEREIRA,1
JUAZEIRO DO NORTE,DESCONHECIDO,RUA Mª. DIVA DE CARVALHO,1
AMONTADA,DESCONHECIDO,ESTRADA AMONTADA BETÂNIA,1
JUAZEIRO DO NORTE,DESCONHECIDO,RUA NOVE,1
AMONTADA,DESCONHECIDO,ESTRADA CAMPO GRANDE BOM SUCESSO,1
JUAZEIRO DO NORTE,DESCONHECIDO,RUA PADRE JOÃO MORETTI,1
JUAZEIRO DO NORTE,DESCONHECIDO,RUA PEDRO SÉRGÍO DE ARAÚJO,1
AMONTADA,DESCONHECIDO,ESTRADA DA PALMEIRA,1
AMONTADA,DESCONHECIDO,ESTRADA DO JATOBÁ,1
AMONTADA,DESCONHECIDO,ESTRADA GARÇAS A GAVIÃO,1
JUAZEIRO DO NORTE,DESCONHECIDO,RUA PROFESSORA MARIA PEDRINA,1
JUAZEIRO DO NORTE,DESCONHECIDO,RUA PROFESSORA VANEIDA SOARES,1
JUAZEIRO DO NORTE,DESCONHECIDO,RUA PROJETADA,1
AMONTADA,DESCONHECIDO,ESTRADA MIRINDUBA,1
AMONTADA,DESCONHECIDO,ESTRADA SABIAGUABA A RONCADOR,1
JUAZEIRO DO NORTE,DESCONHECIDO,RUA ROBÉRIO ALMEIDA,1
JUAZEIRO DO NORTE,DESCONHECIDO,RUA SANTA QUITERIA,1
JUAZEIRO DO NORTE,DESCONHECIDO,RUA SEBASTIÃO PALMEIRA,1
AMONTADA,DESCONHECIDO,ESTRADA SANTARÉM,1
JUAZEIRO DO NORTE,DESCONHECIDO,RUA SOCORRO NORÕES MOTA,1
JUAZEIRO DO NORTE,DESCONHECIDO,RUA SÃO LÁZARO,1
JUAZEIRO DO NORTE,DESCONHECIDO,RUA TEN ALFREDO,1
JUAZEIRO DO NORTE,DESCONHECIDO,RUA TODOS OS SANTOS,1
JUAZEIRO DO NORTE,DESCONHECIDO,RUA VICENTE BARBOSA DE MELO,1
JUAZEIRO DO NORTE,DESCONHECIDO,RUA ZEFERINO PEDRO DOS SANTOS,1
JUAZEIRO DO NORTE,DESCONHECIDO,RUA ZÉLIA DE SÁ BARRETO,1
JUAZEIRO DO NORTE,DESCONHECIDO,SITIO GAVIÃO,1
JUAZEIRO DO NORTE,DESCONHECIDO,SITIO JOSÉ,1
JUAZEIRO DO NORTE,DESCONHECIDO,TRAVESSA DA LIBERDADE,1
JUAZEIRO DO NORTE,DESCONHECIDO,TRAVESSA MARIA VALÉRIO PINHEIRO,1
JUAZEIRO DO NORTE,DESCONHECIDO,TRAVESSA SÃO JOSÉ,1
JUAZEIRO DO NORTE,DESCONHECIDO,VILA JOSE APOLINARIO,1
JUAZEIRO DO NORTE,JUAZEIRO DO NORTE,AVENIDA PADRE CÍCERO,1
JUAZEIRO DO NORTE,JUAZEIRO DO NORTE,AVENIDA PRESIDENTE CASTELO BRANCO,1
JUAZEIRO DO NORTE,JUAZEIRO DO NORTE,RUA ASSIS DIAS SOBREIRA,1
JUAZEIRO DO NORTE,JUAZEIRO DO NORTE,RUA DO SEMINÁRIO,1
JUAZEIRO DO NORTE,JUAZEIRO DO NORTE,RUA FISCAL JOSÉ SOARES,1
JUAZEIRO DO NORTE,JUAZEIRO DO NORTE,RUA JOAQUIM DA ROCHA,1
AMONTADA,DESCONHECIDO,ESTRADA SÃO JOÃO E LESTE,1
JUAZEIRO DO NORTE,JUAZEIRO DO NORTE,RUA JOSÉ MARROCOS,1
JUAZEIRO DO NORTE,JUAZEIRO DO NORTE,RUA LEÃO XIII,1
JUAZEIRO DO NORTE,JUAZEIRO DO NORTE,RUA SETE DE SETEMBRO,1
JUCÁS,DESCONHECIDO,CE-375,1
JUCÁS,DESCONHECIDO,ESTAÇÃO ESTRADA PARA IGUATU,1
JUCÁS,DESCONHECIDO,ESTRADA BAIXIO DOS FERREIRAS,1
JUCÁS,DESCONHECIDO,ESTRADA CRUZ,1
AMONTADA,DESCONHECIDO,M3MQ+92,1
JUCÁS,DESCONHECIDO,RUA ANTÔNIO FERREIRA DA SILVA,1
AMONTADA,DESCONHECIDO,POVOADO PATOS,1
JUCÁS,DESCONHECIDO,RUA CÂNDIDO BARBOSA,1
AMONTADA,DESCONHECIDO,PRAÇA NAVEGANTES,1
JUCÁS,DESCONHECIDO,RUA PADRE JANUÁRIO CAMPOS,1
JUCÁS,DESCONHECIDO,RUA PADRE MANOEL L BRAGA,1
JUCÁS,DESCONHECIDO,RUA SAO FRANCISCO,1
JUCÁS,DESCONHECIDO,SÍTIO MUTUCA,1
LAVRAS DA MANGABEIRA,DESCONHECIDO,FAZENDA CAIXA D`AGUA,1
LAVRAS DA MANGABEIRA,DESCONHECIDO,RUA CÉLIA LUCENA,1
LAVRAS DA MANGABEIRA,LAVRAS DA MANGABEIRA,RUA RAIMUNDO GOMES DE HOLANDA,1
LIMOEIRO DO NORTE,DESCONHECIDO,AVENIDA CORONEL FRANCISCO REMÍGIO,1
AMONTADA,DESCONHECIDO,RODOVIA CE-090,1
AMONTADA,DESCONHECIDO,RUA ANTONIO CARNEIRO SOBRINHO,1
LIMOEIRO DO NORTE,DESCONHECIDO,CE-123,1
LIMOEIRO DO NORTE,DESCONHECIDO,CE-358,1
LIMOEIRO DO NORTE,DESCONHECIDO,CE-371,1
LIMOEIRO DO NORTE,DESCONHECIDO,CE-377,1
LIMOEIRO DO NORTE,DESCONHECIDO,ESTRADA DE GANGORRA,1
AMONTADA,DESCONHECIDO,RUA BARRA DE MOITAS,1
LIMOEIRO DO NORTE,DESCONHECIDO,ESTRADA FAPIJA,1
LIMOEIRO DO NORTE,DESCONHECIDO,ESTRADA LAGOAS DAS CARNAÚBAS,1
LIMOEIRO DO NORTE,DESCONHECIDO,ESTRADA MORROS SÍTIO SOCORRO,1
LIMOEIRO DO NORTE,DESCONHECIDO,ESTRADA NH 5,1
LIMOEIRO DO NORTE,DESCONHECIDO,ESTRADA PARÁ A BARRA DO BANABUIU,1
LIMOEIRO DO NORTE,DESCONHECIDO,ESTRADA PARÁ ARRAIAL,1
AMONTADA,DESCONHECIDO,RUA BEIRA MAR,1
AMONTADA,DESCONHECIDO,RUA CAETANOS,1
LIMOEIRO DO NORTE,DESCONHECIDO,ESTRADA SÍTIO MILAGRES LIMOEIRO,1
LIMOEIRO DO NORTE,DESCONHECIDO,POVOADO PEDRA BRANÇA,1
LIMOEIRO DO NORTE,DESCONHECIDO,RUA CAETANO EMÍLIO DE OLIVEIRA,1
LIMOEIRO DO NORTE,DESCONHECIDO,RUA CELSO MALVEIRA MAIA,1
LIMOEIRO DO NORTE,DESCONHECIDO,RUA CÔNEGO BESSA,1
LIMOEIRO DO NORTE,DESCONHECIDO,RUA ENGENHEIRA GERLÊNI DE CASTRO,1
LIMOEIRO DO NORTE,DESCONHECIDO,RUA HIPÓLITO JERÔNIMO DE OLIVEIRA,1
AMONTADA,DESCONHECIDO,RUA DO MAÇARICO,1
LIMOEIRO DO NORTE,DESCONHECIDO,RUA JOAQUIM LOPES DOS SANTOS,1
LIMOEIRO DO NORTE,DESCONHECIDO,RUA JOSÉ FERREIRA SOMBRA,1
LIMOEIRO DO NORTE,DESCONHECIDO,RUA JOSÉ VICTOR DE OLIVEIRA,1
LIMOEIRO DO NORTE,DESCONHECIDO,RUA JOÃO FERREIRA FREITAS,1
LIMOEIRO DO NORTE,DESCONHECIDO,RUA LUÍS FORTUNATO DE ANDRADE,1
LIMOEIRO DO NORTE,DESCONHECIDO,RUA MARIA JOSÉ CHAVES DE ALMEIDA,1
LIMOEIRO DO NORTE,DESCONHECIDO,RUA PAULINO FERREIRA COSTA,1
AMONTADA,DESCONHECIDO,RUA DOS PIOES,1
LIMOEIRO DO NORTE,DESCONHECIDO,RUA ROSA TEREZA DE JESUS,1
AMONTADA,DESCONHECIDO,RUA FRANCISCO ADONIAS DE VASCONCELOS,1
LIMOEIRO DO NORTE,DESCONHECIDO,SITIO DANCAS,1
LIMOEIRO DO NORTE,DESCONHECIDO,SITIO FERRÃO,1
LIMOEIRO DO NORTE,DESCONHECIDO,TRAVESSA LUÍS ARAÚJO,1
LIMOEIRO DO NORTE,LIMOEIRO DO NORTE,RUA AUGUSTO FIDÉLIS,1
AMONTADA,DESCONHECIDO,RUA FRANCISCO DOS SANTOS,1
MADALENA,DESCONHECIDO,AVENIDA JOSÉ RAIMUNDO SANTOS FILHO,1
AMONTADA,DESCONHECIDO,RUA JOAQUIM ESTEVÃO,1
MADALENA,DESCONHECIDO,FAZENDA VÁRZEA GRANDE,1
MADALENA,DESCONHECIDO,RUA ARMANDO BARBOSA DE ALMEIDA,1
MADALENA,DESCONHECIDO,RUA JEREMIAS VIEIRA DE FREITAS,1
MADALENA,DESCONHECIDO,RUA JOSE DE ARAUJO SOUSA,1
MADALENA,DESCONHECIDO,RUA JOSÉ MARTINS DE SOUSA,1
AMONTADA,DESCONHECIDO,RUA JOSE MARIA DE QUEIROZ,1
MADALENA,DESCONHECIDO,RUA JOÃO DA ROCHA BEZERRA,1
AMONTADA,DESCONHECIDO,RUA JOSÉ ANTÔNIO DE LIMA,1
AMONTADA,DESCONHECIDO,RUA JOSÉ SALES BARROS,1
MARACANAÚ,ALTO ALEGRE II,RUA JOSÉ R. DE FREITAS,1
MARACANAÚ,BOM JARDIM,AVENIDA PARQUE NORTE 2,1
MARACANAÚ,BOM JARDIM,RUA DEZESSEIS,1
MARACANAÚ,BOM JARDIM,RUA LITUANA,1
MARACANAÚ,BOM JARDIM,RUA PIRAJUSSARA,1
MARACANAÚ,CANINDEZINHO,RUA JOAQUIM FERREIRA DE SOUZA,1
MARACANAÚ,CANINDEZINHO,RUA PAULO BATISTA DOS SANTOS,1
MARACANAÚ,CANINDEZINHO,RUA QUATRO DE JULHO,1
MARACANAÚ,CANINDEZINHO,RUA RAIMUNDO JOSÉ DA SILVA,1
MARACANAÚ,CANINDEZINHO,RUA VINTE E UM,1
MARACANAÚ,CIDADE NOVA,RUA 125,1
MARACANAÚ,CONJUNTO PALMEIRAS,RUA SENADOR POMPEU,1
MARACANAÚ,DESCONHECIDO,ESTRADA ANTÔNIO,1
MARACANAÚ,DESCONHECIDO,RUA PEDRO LOURENÇO,1
MARACANAÚ,INDUSTRIAL,RUA PERU,1
MARACANAÚ,MARACANAU,RUA ANA PAULA DE MORAIS,1
MARACANAÚ,MARACANAU,RUA ANTÔNIO FRANCISCO,1
MARACANAÚ,MARACANAU,RUA LUIS GIRÃO,1
AMONTADA,DESCONHECIDO,RUA JOÃO GONÇALVES DE SOUSA,1
MARACANAÚ,PARQUE PRESIDENTE VARGAS,RUA ARI LOBO,1
MARACANAÚ,PARQUE PRESIDENTE VARGAS,RUA CINCO,1
MARACANAÚ,PLANALTO AYRTON SENNA,RUA CÍCERO RODRIGUES DE MOURA,1
MARACANAÚ,PLANALTO AYRTON SENNA,RUA PEDRO LOURENÇO GUERREIRO,1
MARACANAÚ,SIQUEIRA,JAÇANAÚ,1
MARANGUAPE,DESCONHECIDO,AVENIDA B,1
AMONTADA,DESCONHECIDO,RUA JOÃO TOME DE CASTRO,1
MARANGUAPE,DESCONHECIDO,AVENIDA JOSÉ SIMÃO DE ABREU,1
MARANGUAPE,DESCONHECIDO,AVENIDA MANUEL HONÓRIO DE ABREU,1
MARANGUAPE,DESCONHECIDO,AVENIDA MARIA EFIGÊNIA CAMPOS TÉLES,1
MARANGUAPE,DESCONHECIDO,AVENIDA NOSSA SENHORA DO CARMO,1
AMONTADA,DESCONHECIDO,RUA LAGOA VERDE,1
MARANGUAPE,DESCONHECIDO,BECO 100 NOÇÃO,1
MARANGUAPE,DESCONHECIDO,BECO DAS ALMAS,1
AMONTADA,DESCONHECIDO,RUA LUÍS ALVES PARENTE,1
MARANGUAPE,DESCONHECIDO,CE-354,1
AMONTADA,DESCONHECIDO,RUA MANOEL MARTINS FILHO,1
MARANGUAPE,DESCONHECIDO,ESTRADA DO CEDRO,1
MARANGUAPE,DESCONHECIDO,ESTRADA GAVIÃO,1
MARANGUAPE,DESCONHECIDO,ESTRADA ITAPEBUSSU RATO,1
MARANGUAPE,DESCONHECIDO,ESTRADA POCINHO - MANOEL GUEDES,1
MARANGUAPE,DESCONHECIDO,ESTRADA RIACHO DA PALHA,1
AMONTADA,DESCONHECIDO,RUA OTACIANA LIMA DOS SANTOS,1
MARANGUAPE,DESCONHECIDO,ESTRADA UMARIZEIRAS LAGES,1
AMONTADA,DESCONHECIDO,RUA PROFESSOR JOÃO MANOEL PEREIRA,1
MARANGUAPE,DESCONHECIDO,POVOADO TRAPIÁ,1
MARANGUAPE,DESCONHECIDO,PRAÇA CAPISTRANO DE ABREU,1
MARANGUAPE,DESCONHECIDO,R. TEIXEIRA DE SOUSA,1
AMONTADA,DESCONHECIDO,RUA RAIMUNDO JOSÉ NONATO,1
MARANGUAPE,DESCONHECIDO,RODOVIA CARLOS JEREISSATI,1
MARANGUAPE,DESCONHECIDO,RODOVIA CE SESSENTA CINCO,1
MARANGUAPE,DESCONHECIDO,RODOVIA MIGUEL FERNANDES,1
MARANGUAPE,DESCONHECIDO,RODOVIA SENADOR ALMIR PINTO,1
AMONTADA,DESCONHECIDO,RUA RICÓ - ENGENHEIRO JEAN CLAUDE FRANÇOIS RICCOBONI,1
MARANGUAPE,DESCONHECIDO,RUA AGOSTINHO FERNANDES,1
MARANGUAPE,DESCONHECIDO,RUA ALBERTO LOPES,1
MARANGUAPE,DESCONHECIDO,RUA ALZIRA SAMPAIO,1
AMONTADA,DESCONHECIDO,RUA SARGENTO HÉLIO,1
MARANGUAPE,DESCONHECIDO,RUA ANTÔNIO GOMES BESSA,1
MARANGUAPE,DESCONHECIDO,RUA ANTÔNIO MARQUES DE ABREU,1
MARANGUAPE,DESCONHECIDO,RUA CAETANO RODRIGUES,1
MARANGUAPE,DESCONHECIDO,RUA CAPITÃO JEOVÁ COLARES,1
AMONTADA,DESCONHECIDO,RUA VEREADOR JONAS PEREIRA AZEVEDO,1
APUIARÉS,APUIARES,VILA MIGUEL,1
APUIARÉS,DESCONHECIDO,CE-341,1
MARANGUAPE,DESCONHECIDO,RUA CHICÓ AMADOR,1
MARANGUAPE,DESCONHECIDO,RUA CHICÓ ANÍSIO,1
MARANGUAPE,DESCONHECIDO,RUA CORONEL AFRO CAMPOS,1
MARANGUAPE,DESCONHECIDO,RUA CORONEL ANTÔNIO BOTELHO,1
MARANGUAPE,DESCONHECIDO,RUA CORONEL MANUEL PAULA,1
APUIARÉS,DESCONHECIDO,ESTRADA APUIARES MOREIRA,1
APUIARÉS,DESCONHECIDO,ESTRADA CAETANO APUIARES,1
APUIARÉS,DESCONHECIDO,ESTRADA CARRAPATO APUIARES,1
MARANGUAPE,DESCONHECIDO,RUA DOUTOR ARGEU BRAGA HERBSTER,1
MARANGUAPE,DESCONHECIDO,RUA ENÓI DE ABREU BRAGA,1
MARANGUAPE,DESCONHECIDO,RUA ESTRADA DO PAPARA,1
MARANGUAPE,DESCONHECIDO,RUA ESTRADA LAGES BOA VISTA,1
MARANGUAPE,DESCONHECIDO,RUA FLÔR DA ACÁCIA,1
MARANGUAPE,DESCONHECIDO,RUA FLÔR MARGARIDA,1
MARANGUAPE,DESCONHECIDO,RUA FLÔR PRIMAVERA,1
APUIARÉS,DESCONHECIDO,ESTRADA MONTE ÁLVERNE,1
MARANGUAPE,DESCONHECIDO,RUA FRANCISCO ANTÔNIO DE LIMA,1
MARANGUAPE,DESCONHECIDO,RUA FRANCISCO CALVALCANTE,1
APUIARÉS,DESCONHECIDO,ESTRADA PARÁ TABULEIRO,1
APUIARÉS,DESCONHECIDO,ESTRADA SABONETE,1
MARANGUAPE,DESCONHECIDO,RUA GERVÁSIO COLARES,1
APUIARÉS,DESCONHECIDO,POVOADO BOA VISTA,1
APUIARÉS,DESCONHECIDO,RUA FREDERICO FERREIRA PONTES,1
MARANGUAPE,DESCONHECIDO,RUA GUIOMAR CÂMARA,1
MARANGUAPE,DESCONHECIDO,RUA HENRIQUE CHAVES,1
APUIARÉS,DESCONHECIDO,RUA MANOEL SOARES GUIMARÃES,1
APUIARÉS,DESCONHECIDO,RUA P,1
MARANGUAPE,DESCONHECIDO,RUA JOSÉ DE SOUSA ALBUQUERQUE,1
APUIARÉS,DESCONHECIDO,RUA PROFESSORA ZILDA DOURADO,1
MARANGUAPE,DESCONHECIDO,RUA JOSÉ PEREIRA FILHO,1
MARANGUAPE,DESCONHECIDO,RUA JOSÉ PINHEIRO,1
MARANGUAPE,DESCONHECIDO,RUA JOSÉ SIMÃO DE ABREU,1
MARANGUAPE,DESCONHECIDO,RUA JOÃO ALBANO DA COSTA,1
MARANGUAPE,DESCONHECIDO,RUA JOÃO BARBOSA,1
MARANGUAPE,DESCONHECIDO,RUA JOÃO BIRO,1
AQUIRAZ,AQUIRAZ,RUA BOM JESUS DO JENIPAPEIRO,1
MARANGUAPE,DESCONHECIDO,RUA JOÃO HOLANDA,1
AQUIRAZ,AQUIRAZ,RUA PINGO DE OURO,1
AQUIRAZ,DESCONHECIDO,AVENIDA AIRTON SENNA,1
MARANGUAPE,DESCONHECIDO,RUA JOÃO UCHOA,1
MARANGUAPE,DESCONHECIDO,RUA JUDITE RAMOS,1
AQUIRAZ,DESCONHECIDO,AVENIDA BONITO,1
MARANGUAPE,DESCONHECIDO,RUA LEÔNCIO LEITE DE SOUSA,1
MARANGUAPE,DESCONHECIDO,RUA LOTEAMENTO,1
MARANGUAPE,DESCONHECIDO,RUA MAJOR AGOSTINHO,1
MARANGUAPE,DESCONHECIDO,RUA MANOEL DUARTE MESQUITA,1
AQUIRAZ,DESCONHECIDO,AVENIDA JOSÉ NICODEMOS ASSUNÇÃO,1
MARANGUAPE,DESCONHECIDO,RUA MANOEL QUEIRÓS DE OLIVEIRA,1
MARANGUAPE,DESCONHECIDO,RUA MARCOS LEITE,1
AQUIRAZ,DESCONHECIDO,AVENIDA MANOEL FELICIANO DE LIMA,1
MARANGUAPE,DESCONHECIDO,RUA MARIA ESTRELA,1
AQUIRAZ,DESCONHECIDO,AVENIDA NOSSA SENHORA DE LURDES,1
AQUIRAZ,DESCONHECIDO,AVENIDA RAIMUNDO PIRES CARDOSO,1
MARANGUAPE,DESCONHECIDO,RUA MARTINA REBOUCAS,1
MARANGUAPE,DESCONHECIDO,RUA MONTE VERDE,1
MARANGUAPE,DESCONHECIDO,RUA MUNDINHO CARLOS,1
MARANGUAPE,DESCONHECIDO,RUA NOVA JERUSALÉM,1
MARANGUAPE,DESCONHECIDO,RUA OLÍMPIO MIGUEL DOS SANTOS,1
MARANGUAPE,DESCONHECIDO,RUA OSÉIAS SILVA BRAGA,1
MARANGUAPE,DESCONHECIDO,RUA PASTOR JOÃO ANTUNES,1
AQUIRAZ,DESCONHECIDO,AVENIDA TORRES DE MELO,1
MARANGUAPE,DESCONHECIDO,RUA PEDRO DE ANDRADE,1
MARANGUAPE,DESCONHECIDO,RUA PEDRO PESSOA CÂMARA,1
MARANGUAPE,DESCONHECIDO,RUA RAIMUNDA XAVIER DE SOUSA,1
MARANGUAPE,DESCONHECIDO,RUA RAIMUNDO BONIFÁCIO DA SILVA,1
MARANGUAPE,DESCONHECIDO,RUA RAIMUNDO FIRMINO,1
MARANGUAPE,DESCONHECIDO,RUA RAIMUNDO HERBSTER,1
MARANGUAPE,DESCONHECIDO,RUA RAIMUNDO MARIANO,1
MARANGUAPE,DESCONHECIDO,RUA RATO DOS MACIEL,1
MARANGUAPE,DESCONHECIDO,RUA RIACHO VERDE,1
AQUIRAZ,DESCONHECIDO,BR-116,1
MARANGUAPE,DESCONHECIDO,RUA RUBENS CARVALHO,1
MARANGUAPE,DESCONHECIDO,RUA SILVA CAVALCANTE,1
MARANGUAPE,DESCONHECIDO,RUA TENENTE VALDEMAR PEREIRA,1
MARANGUAPE,DESCONHECIDO,RUA TREZE DE MAIO,1
AQUIRAZ,DESCONHECIDO,ESTRADA ALDEIA ENCANTADA,1
MARANGUAPE,DESCONHECIDO,RUA VALDEMAR MARQUES,1
AQUIRAZ,DESCONHECIDO,ESTRADA CACHOEIRA TAPUIO,1
MARANGUAPE,DESCONHECIDO,RUA WALTER LOPES,1
MARANGUAPE,DESCONHECIDO,RUA ÁLVARO CORREIA LIMA,1
MARANGUAPE,DESCONHECIDO,TRAVESSA ALTO DOS SANTOS REZES,1
MARANGUAPE,DESCONHECIDO,TRAVESSA BELEM,1
MARANGUAPE,DESCONHECIDO,TRAVESSA VALTER PIMENTA LÍRA,1
MARANGUAPE,DESCONHECIDO,TV JOÃO FERREIRA DE ALENCAR 2,1
MARANGUAPE,DESCONHECIDO,VIA ARTERIAL,1
MARANGUAPE,DESCONHECIDO,VILA BU,1
MARANGUAPE,DESCONHECIDO,VILA SÃO JOSÉ,1
MARANGUAPE,MARACANAU,RUA RAIMUNDO INÁCIO DA SILVA,1
MARANGUAPE,MARACANAU,RUA RAIMUNDO JUSTINI DE MORAIS,1
MARANGUAPE,MARACANAU,RUA RAIMUNDO PACHÊCO,1
AQUIRAZ,DESCONHECIDO,ESTRADA CAPONGA DA BERNADA,1
MARCO,DESCONHECIDO,BR-402;BR-403;CE-178,1
MARCO,DESCONHECIDO,ESTRADA BARRO VERMELHO,1
MARCO,DESCONHECIDO,ESTRADA CENORTE,1
MARCO,DESCONHECIDO,ESTRADA PANACUI REMANSO,1
MARCO,DESCONHECIDO,ESTRADA PARAÍSO,1
MARCO,DESCONHECIDO,ESTRADA SEM NOME,1
MARCO,DESCONHECIDO,RODOVIA ROTA TURISTICA SERRA DA IBIAPABA,1
MARCO,DESCONHECIDO,RUA ANTÔNIO MINERVINO VASCONCELOS,1
MARCO,DESCONHECIDO,RUA DA PAZ,1
AQUIRAZ,DESCONHECIDO,ESTRADA DO PICÃO,1
MARCO,DESCONHECIDO,RUA PARSIFAL BARROSO,1
MARCO,DESCONHECIDO,RUA PRESIDENTE MÉDICI,1
MARCO,DESCONHECIDO,RUA SANTA RITA,1
MARCO,DESCONHECIDO,RUA VINTE CINCO DE MARÇO,1
MARTINÓPOLE,DESCONHECIDO,ESTRADA LAGOA DO CURRAL,1
MARTINÓPOLE,DESCONHECIDO,RUA FORMEL CARNEIRO,1
MARTINÓPOLE,DESCONHECIDO,RUA JOÃO BATISTA,1
MARTINÓPOLE,DESCONHECIDO,RUA PADRE EUDES,1
MARTINÓPOLE,DESCONHECIDO,RUA PEDRO FEIJÓ,1
MARTINÓPOLE,DESCONHECIDO,RUA RUFINO PEREIRA,1
MARTINÓPOLE,DESCONHECIDO,RUA VICENTE LINHARES,1
AQUIRAZ,DESCONHECIDO,ESTRADA MIRADOR,1
MASSAPÊ,DESCONHECIDO,AVENIDA MANOEL BEZERRA,1
MASSAPÊ,DESCONHECIDO,CE-232,1
AQUIRAZ,DESCONHECIDO,ESTRADA RIBEIRA - AROEIRA,1
MASSAPÊ,DESCONHECIDO,ESTRADA MASSAPÊ IPAGUASSU,1
MASSAPÊ,DESCONHECIDO,POVOADO ARRAIAL,1
MASSAPÊ,DESCONHECIDO,RUA DA LAGOA,1
MASSAPÊ,DESCONHECIDO,RUA ELPÍDIO MARQUÊS DA COSTA,1
MASSAPÊ,DESCONHECIDO,RUA JOSÉ POMPÍLIO,1
MASSAPÊ,DESCONHECIDO,RUA MAJOR FELINTO ÁGUIAR,1
AQUIRAZ,DESCONHECIDO,ESTRADA ÁREA VERDE,1
MASSAPÊ,DESCONHECIDO,RUA SIGEFREDO ARRUDA,1
MASSAPÊ,DESCONHECIDO,RUA SÃO RAIMUNDO,1
MAURITI,DESCONHECIDO,AVENIDA BURITI GRANDE,1
MAURITI,DESCONHECIDO,AVENIDA MARTINS DE MORAIS,1
MAURITI,DESCONHECIDO,AVENIDA SENHOR MARTINS,1
MAURITI,DESCONHECIDO,CE-152,1
MAURITI,DESCONHECIDO,ESTRADA APANHA PEIXE A MAURITI,1
MAURITI,DESCONHECIDO,ESTRADA SEM NOME,1
MAURITI,DESCONHECIDO,ESTRADA SÃO FÉLIX A OLHO D`AGUA,1
AQUIRAZ,DESCONHECIDO,ESTRADA ÁREA VERDE ABIDOM,1
AQUIRAZ,DESCONHECIDO,POVOADO AREA VERDE,1
MAURITI,DESCONHECIDO,RUA ALCIDES MARQUES DA SILVA,1
MAURITI,DESCONHECIDO,RUA ALEXANDRE JOSÉ DE SÁ,1
MAURITI,DESCONHECIDO,RUA CENTRAL,1
MAURITI,DESCONHECIDO,RUA CORIOLANO LEITE,1
MAURITI,DESCONHECIDO,RUA DA MATRIZ,1
MAURITI,DESCONHECIDO,RUA DOMINGOS CORREIA,1
MAURITI,DESCONHECIDO,RUA JOSÉ TEODORICO LEITE,1
MAURITI,DESCONHECIDO,RUA JOÃO LUCAS,1
MAURITI,DESCONHECIDO,RUA MARIQUINHA CARTAXO,1
MAURITI,DESCONHECIDO,RUA NOVA UMBURANA,1
MAURITI,DESCONHECIDO,RUA UM,1
MERUOCA,DESCONHECIDO,RUA RAIMUNDO NONATO DE PAULO,1
MILAGRES,DESCONHECIDO,ESTRADA SEM NOME,1
MILAGRES,DESCONHECIDO,SITIO PILAR,1
MILHÃ,DESCONHECIDO,RUA DAS TETINHAS,1
MILHÃ,DESCONHECIDO,RUA FRANCISCO FERREIRA CALADO,1
MILHÃ,DESCONHECIDO,RUA MARIA VALDINA DE LIMA,1
MILHÃ,DESCONHECIDO,RUA VALDO PINHEIRO,1
MILHÃ,DESCONHECIDO,SITIO ARACAJÚ,1
MILHÃ,DESCONHECIDO,SITIO BARRA,1
MIRAÍMA,DESCONHECIDO,CONJUNTO HABITACIONAL MANUEL DE SOUSA,1
MIRAÍMA,DESCONHECIDO,ESTRADA ARAGÃO A MIRAIMA,1
MIRAÍMA,DESCONHECIDO,ESTRADA BARREIRAS MIRAÍMA,1
MIRAÍMA,DESCONHECIDO,ESTRADA BOM JESUS MIRAMA,1
MIRAÍMA,DESCONHECIDO,ESTRADA CAMPOS A BARREIRAS,1
MIRAÍMA,DESCONHECIDO,ESTRADA FAZENDA BOM SUCESSO A CAMPOS,1
AQUIRAZ,DESCONHECIDO,POVOADO CINZENTO,1
MIRAÍMA,DESCONHECIDO,ESTRADA POÇO DA ONÇA A MIRAÍMA,1
MIRAÍMA,DESCONHECIDO,ESTRADA RIACHO FUNDO,1
AQUIRAZ,DESCONHECIDO,RUA ADELINA ALVES FERREIRA,1
MIRAÍMA,DESCONHECIDO,RUA DA OLARIA,1
AQUIRAZ,DESCONHECIDO,RUA ALDENORA CARDOSO PORTO,1
MIRAÍMA,DESCONHECIDO,RUA HORÁCIO TEODOSIO MOURA,1
MIRAÍMA,DESCONHECIDO,RUA JOAQUIM CAÇOTE,1
AQUIRAZ,DESCONHECIDO,RUA ALMIR FILHO,1
AQUIRAZ,DESCONHECIDO,RUA ALTEMAR DUTRA,1
MIRAÍMA,MIRAIMA,CE-240,1
MIRAÍMA,MIRAIMA,HILDEBERTO BARROSO,1
AQUIRAZ,DESCONHECIDO,RUA ANIS,1
MIRAÍMA,MIRAIMA,RUA DEZINHO TEIXEIRA,1
MIRAÍMA,MIRAIMA,RUA JOAQUIM CAÇOTE,1
AQUIRAZ,DESCONHECIDO,RUA ANTONIO JOAQUIM RODRIGUES DA SILVA,1
MIRAÍMA,MIRAIMA,RUA MOZAR BRAGA,1
MISSÃO VELHA,DESCONHECIDO,AVENIDA JOSÉ SOBREIRA DA CRUZ,1
AQUIRAZ,DESCONHECIDO,RUA ANTÔNIO SOARES PEREIRA,1
MISSÃO VELHA,DESCONHECIDO,ESTRADA CARNAÚBA II,1
MISSÃO VELHA,DESCONHECIDO,ESTRADA FORQUILHA,1
MISSÃO VELHA,DESCONHECIDO,ESTRADA PASSAGEM DE PEDRA,1
MISSÃO VELHA,DESCONHECIDO,ESTRADA SEM NOME,1
AQUIRAZ,DESCONHECIDO,RUA AÇUCENA,1
MISSÃO VELHA,DESCONHECIDO,RUA ANTONIO AUGUSTO SARAIVA LEÃO,1
AQUIRAZ,DESCONHECIDO,RUA BONITO,1
MISSÃO VELHA,DESCONHECIDO,RUA FRANCISCO BASÍLIO,1
MISSÃO VELHA,DESCONHECIDO,RUA JOAQUIM DANTAS TEODÓSIO,1
MISSÃO VELHA,DESCONHECIDO,RUA JOSÉ ANDRÉ GOMES,1
MISSÃO VELHA,DESCONHECIDO,RUA JOSÉ FERREIRA DE SOUZA,1
MISSÃO VELHA,DESCONHECIDO,RUA NOEME JÁCOME,1
AQUIRAZ,DESCONHECIDO,RUA CAMPO DO ZÉ PEIXEIRA,1
AQUIRAZ,DESCONHECIDO,RUA DA IGREJA,1
MISSÃO VELHA,DESCONHECIDO,RUA T JOSÉ,1
MISSÃO VELHA,DESCONHECIDO,RUA VINCENTE FECHINE DE PARCIO,1
MOMBAÇA,DESCONHECIDO,CE-060,1
AQUIRAZ,DESCONHECIDO,RUA DA PAZ,1
AQUIRAZ,DESCONHECIDO,RUA DAS DUNAS,1
MOMBAÇA,DESCONHECIDO,CE-363,1
MOMBAÇA,DESCONHECIDO,DITRITO,1
MOMBAÇA,DESCONHECIDO,ESTRADA PARÁ SÍTIO CAMPOS,1
MOMBAÇA,DESCONHECIDO,ESTRADA SAQUINHO,1
AQUIRAZ,DESCONHECIDO,RUA DO JANGADEIRO,1
MOMBAÇA,DESCONHECIDO,RUA ANTONIA GENEROSA DE ALMEIDA 2,1
MOMBAÇA,DESCONHECIDO,RUA NOSSA SENHORA APARECIDA,1
MOMBAÇA,DESCONHECIDO,RUA VITAL BATISTA DE SOUZA,1
MOMBAÇA,DESCONHECIDO,SITIO AUTO ALEGRE,1
MOMBAÇA,DESCONHECIDO,SITIO BENTO RODRÍGUES,1
MOMBAÇA,DESCONHECIDO,SITIO ENCANTADO,1
MOMBAÇA,DESCONHECIDO,VIELA,1
AQUIRAZ,DESCONHECIDO,RUA DOS BANDEIRANTES,1
MONSENHOR TABOSA,DESCONHECIDO,CE-467,1
MONSENHOR TABOSA,DESCONHECIDO,ESTRADA SEM NOME,1
MONSENHOR TABOSA,DESCONHECIDO,ESTRADA SÍTIO JUCÁ,1
MONSENHOR TABOSA,DESCONHECIDO,ESTRADA TABOSA A JUCÁS,1
MONSENHOR TABOSA,DESCONHECIDO,RUA ALTO DA BOA VISTA,1
MONSENHOR TABOSA,DESCONHECIDO,RUA JOSÉ LINO,1
MONSENHOR TABOSA,DESCONHECIDO,RUA JOSÉ TEIXEIRA SOUTO,1
MONSENHOR TABOSA,DESCONHECIDO,RUA SALUSTIANO C ALBUQUERQUE,1
AQUIRAZ,DESCONHECIDO,RUA ESTRA JOÃO DA REBECA,1
MONSENHOR TABOSA,DESCONHECIDO,RUA TENENTE ANASTÁCIO DE ALMEIDA,1
AQUIRAZ,DESCONHECIDO,RUA ESTRELA DO MAR,1
MONSENHOR TABOSA,DESCONHECIDO,TRAVESSA NOSSA SENHORA DE FÁTIMA,1
MORADA NOVA,DESCONHECIDO,5F3H+P2 BOA ÁGUA,1
AQUIRAZ,DESCONHECIDO,RUA EUDES DE FREITAS FAÇANHA,1
MORADA NOVA,DESCONHECIDO,AVENIDA FRANCISCO GALVÃO DE OLIVEIRA,1
AQUIRAZ,DESCONHECIDO,RUA FRANCISCA FAUSTINA DE CASTRO,1
AQUIRAZ,DESCONHECIDO,RUA FRANCISCO,1
MORADA NOVA,DESCONHECIDO,AVENIDA PRESIDENTE GEISEL,1
MORADA NOVA,DESCONHECIDO,AVENIDA SANTOS DUMONT,1
AQUIRAZ,DESCONHECIDO,RUA FRANCISCO COSMO FERREIRA,1
AQUIRAZ,DESCONHECIDO,RUA FRANCISCO MOREIRA LIMA,1
AQUIRAZ,DESCONHECIDO,RUA Fᶜº MOREIRA ALVES,1
AQUIRAZ,DESCONHECIDO,RUA GOLFINHOS,1
AQUIRAZ,DESCONHECIDO,RUA H,1
MORADA NOVA,DESCONHECIDO,CE-371,1
AQUIRAZ,DESCONHECIDO,RUA HORÁCIO BENTO DE FREITAS,1
MORADA NOVA,DESCONHECIDO,ESTRADA CIPOADA VILA BATISTA,1
AQUIRAZ,DESCONHECIDO,RUA ISIDORO ASSUNÇÃO FILHO,1
MORADA NOVA,DESCONHECIDO,ESTRADA DE POCINHO A DOURADO,1
MORADA NOVA,DESCONHECIDO,ESTRADA DO DOURADO,1
MORADA NOVA,DESCONHECIDO,ESTRADA DO UIRAPONGA,1
MORADA NOVA,DESCONHECIDO,ESTRADA DOS BASTIOES,1
MORADA NOVA,DESCONHECIDO,ESTRADA PARA QUIXADÁ,1
MORADA NOVA,DESCONHECIDO,ESTRADA PARA SETOR O,1
MORADA NOVA,DESCONHECIDO,ESTRADA POÇO DA PEDRA,1
AQUIRAZ,DESCONHECIDO,RUA JERÔNIMO JOSÉ DA SILVA,1
MORADA NOVA,DESCONHECIDO,ESTRADA SÍTIO CIRIDOR,1
AQUIRAZ,DESCONHECIDO,RUA JOSÉ DA SILVA ASSUNÇÃO,1
MORADA NOVA,DESCONHECIDO,PRAÇA EDUARDO GIRÃO,1
MORADA NOVA,DESCONHECIDO,R. LUÍS DAMASCENO GIRÃO,1
AQUIRAZ,DESCONHECIDO,RUA JOÃO DE CASTRO,1
AQUIRAZ,DESCONHECIDO,RUA JOÃO TOMÉ DOS SANTOS,1
AQUIRAZ,DESCONHECIDO,RUA LADY DAIANA,1
MORADA NOVA,DESCONHECIDO,RUA BENÍCIO CHAGAS,1
MORADA NOVA,DESCONHECIDO,RUA CEL. JOSÉ AMBROSIO,1
MORADA NOVA,DESCONHECIDO,RUA CORONEL JOSÉ EPIFÂNIO,1
AQUIRAZ,DESCONHECIDO,RUA LAGOA,1
MORADA NOVA,DESCONHECIDO,RUA DIOMEDES BRILHANTE,1
MORADA NOVA,DESCONHECIDO,RUA DO COMÉRCIO 1,1
MORADA NOVA,DESCONHECIDO,RUA DOM ALUÍSIO ANTÔNIO DOS SANTOS,1
MORADA NOVA,DESCONHECIDO,RUA EGÍDIA MUNIZ ZACARIAS,1
MORADA NOVA,DESCONHECIDO,RUA FRANCISCO DA SILVA RAULINO,1
MORADA NOVA,DESCONHECIDO,RUA FRANCISCO GALVÃO,1
MORADA NOVA,DESCONHECIDO,RUA FRANCISCO SECUNDINO FREIRE,1
MORADA NOVA,DESCONHECIDO,RUA H,1
MORADA NOVA,DESCONHECIDO,RUA JEREMIAS CÂNDIDO,1
MORADA NOVA,DESCONHECIDO,RUA JOAQUIM CHAGAS FILHO,1
AQUIRAZ,DESCONHECIDO,RUA LUIZ ALVES FERREIRA,1
MORADA NOVA,DESCONHECIDO,RUA JOSÉ BENTO DA SILVA,1
MORADA NOVA,DESCONHECIDO,RUA JOÃO MONTEIRO,1
AQUIRAZ,DESCONHECIDO,RUA LUIZ DE LIMA ALVES,1
MORADA NOVA,DESCONHECIDO,RUA LUÍS SILVA,1
MORADA NOVA,DESCONHECIDO,RUA MANOEL ANASTÁCIO,1
MORADA NOVA,DESCONHECIDO,RUA MARECHAL DEODORO,1
MORADA NOVA,DESCONHECIDO,RUA MARIA DE LOURDES TERCEIRO CHAGAS,1
MORADA NOVA,DESCONHECIDO,RUA MÂNCIO RODRIGUES,1
MORADA NOVA,DESCONHECIDO,RUA MÃE ROSÁRIO,1
AQUIRAZ,DESCONHECIDO,RUA LUIZ PAULO DE SOUSA,1
MORADA NOVA,DESCONHECIDO,RUA PADRE JOÃO LOBO,1
MORADA NOVA,DESCONHECIDO,RUA PAULO SARASATE,1
MORADA NOVA,DESCONHECIDO,RUA QUINCAS GOMES,1
MORADA NOVA,DESCONHECIDO,RUA RAIMUNDO BELMIRO,1
MORADA NOVA,DESCONHECIDO,RUA RAIMUNDO CARNEIRO GIRÃO,1
AQUIRAZ,DESCONHECIDO,RUA LUIZ SILVA,1
AQUIRAZ,DESCONHECIDO,RUA LUÍS EDUARDO STUDART,1
MORADA NOVA,DESCONHECIDO,RUA RODOLFO TEÓFILO,1
MORADA NOVA,DESCONHECIDO,RUA ROZENDO CHAGAS,1
MORADA NOVA,DESCONHECIDO,RUA SALUSTIANO CAVALCANTE,1
MORADA NOVA,DESCONHECIDO,RUA SALUSTIANO DE CASTRO,1
MORADA NOVA,DESCONHECIDO,RUA SARGENTO MACEDO,1
AQUIRAZ,DESCONHECIDO,RUA MANOEL FERREIRA DA COSTA,1
MORADA NOVA,DESCONHECIDO,RUA ZÉCA NOBRE,1
MORADA NOVA,DESCONHECIDO,SITIO BARBADA,1
MORADA NOVA,DESCONHECIDO,SITIO EXÚ,1
MORADA NOVA,DESCONHECIDO,SITIO MELOES,1
AQUIRAZ,DESCONHECIDO,RUA MANUEL ASSUNÇÃO PÍRES,1
AQUIRAZ,DESCONHECIDO,RUA MORRO,1
AQUIRAZ,DESCONHECIDO,RUA NOSSA SENHORA LOURDES,1
MORRINHOS,DESCONHECIDO,ESTRADA SEM NOME,1
MORRINHOS,DESCONHECIDO,POVOADO INTANS,1
AQUIRAZ,DESCONHECIDO,RUA OSCAR BAINA LANDIM,1
AQUIRAZ,DESCONHECIDO,RUA OSVALDO GERALDO DA SILVA,1
MORRINHOS,DESCONHECIDO,RUA JOÃO ANDRÉ DA ROCHA,1
MORRINHOS,DESCONHECIDO,RUA PADRE JOÃO BATISTA,1
MORRINHOS,DESCONHECIDO,RUA SANTO ANTÔNIO,1
MORRINHOS,DESCONHECIDO,RUA SEIS DE SETEMBRO,1
MUCAMBO,DESCONHECIDO,ESTRADA CALDEIRÃO,1
MUCAMBO,MUCAMBO,RUA GONÇALO DE MELO GOMES,1
MULUNGU,DESCONHECIDO,ESTRADA SEM NOME,1
MULUNGU,MULUNGU,CE-065,1
NOVA OLINDA,DESCONHECIDO,CE-292,1
NOVA OLINDA,DESCONHECIDO,ESTRADA SEM NOME,1
NOVA OLINDA,DESCONHECIDO,SITIO BAIXIO DOS BERNARDES,1
NOVA OLINDA,NOVA OLINDA,RUA MANOEL FERREIRA LIMA,1
NOVA RUSSAS,DESCONHECIDO,ESTRADA PIÇARREIRA SÃO GONÇALO,1
AQUIRAZ,DESCONHECIDO,RUA PEDRO BRASIL,1
NOVA RUSSAS,DESCONHECIDO,ESTRADA SENTIDO LAGEDO DE CIMA,1
AQUIRAZ,DESCONHECIDO,RUA PLANALTO DO SOL,1
NOVA RUSSAS,DESCONHECIDO,RUA ORIEL MOTA,1
NOVO ORIENTE,DESCONHECIDO,AVENIDA DEOCLECIANO ARAGÃO,1
NOVO ORIENTE,DESCONHECIDO,AVENIDA JOSÉ MARIA FERNANDES LEITÃO,1
NOVO ORIENTE,DESCONHECIDO,BR-404,1
NOVO ORIENTE,DESCONHECIDO,CE-187,1
NOVO ORIENTE,DESCONHECIDO,ESTRADA GAMBÁ,1
NOVO ORIENTE,DESCONHECIDO,ESTRADA PARÁ Ó RIACHO,1
NOVO ORIENTE,DESCONHECIDO,ESTRADA SEM NOME,1
NOVO ORIENTE,DESCONHECIDO,ESTRADA VÁRZEA DO FEIJÃO,1
NOVO ORIENTE,DESCONHECIDO,ESTRADA VÁRZEA DO MORRO DE CIMA,1
NOVO ORIENTE,DESCONHECIDO,RUA AIRTON SENNA,1
NOVO ORIENTE,DESCONHECIDO,RUA ANTÔNIO LOTERO,1
NOVO ORIENTE,DESCONHECIDO,RUA CAZUZA ROCHA,1
NOVO ORIENTE,DESCONHECIDO,RUA COSTA AZEVEDO,1
AQUIRAZ,DESCONHECIDO,RUA PORTELINHA,1
NOVO ORIENTE,DESCONHECIDO,RUA FRANCISCO ALEX SOARES,1
NOVO ORIENTE,DESCONHECIDO,RUA FRANCISCO RUFINO,1
NOVO ORIENTE,DESCONHECIDO,RUA JUSCELINO KUBISTCHECK,1
NOVO ORIENTE,DESCONHECIDO,RUA LUIS BEZERRA,1
NOVO ORIENTE,DESCONHECIDO,RUA MANOEL LUSTOSA,1
NOVO ORIENTE,DESCONHECIDO,RUA MANSUETO BEZERRA,1
NOVO ORIENTE,DESCONHECIDO,RUA PEDRO CARVALHEDO,1
NOVO ORIENTE,DESCONHECIDO,RUA SAO JOSE,1
AQUIRAZ,DESCONHECIDO,RUA RAIMUNDO SOBREIRA MOTA,1
OCARA,DESCONHECIDO,AVENIDA CÍCERO FERREIRA DO NASCIMENTO,1
OCARA,DESCONHECIDO,AVENIDA SIMÃO LOPES,1
OCARA,DESCONHECIDO,BR-116,1
AQUIRAZ,DESCONHECIDO,RUA SAO FRANCISCO,1
OCARA,DESCONHECIDO,CE-356,1
OCARA,DESCONHECIDO,ESTRADA PARÁ CURRALINHO,1
OCARA,DESCONHECIDO,ESTRADA PARÁ CURUPIRA,1
AQUIRAZ,DESCONHECIDO,RUA SARDINHA,1
OCARA,DESCONHECIDO,RUA GAMA,1
ORÓS,DESCONHECIDO,RUA 21 DE ABRIL,1
ORÓS,DESCONHECIDO,RUA CEMITERIO,1
ORÓS,DESCONHECIDO,RUA DO CAFÉ,1
ORÓS,DESCONHECIDO,RUA GERALDA MAGELA,1
ORÓS,DESCONHECIDO,RUA ISRAEL CASEMIRO,1
ORÓS,DESCONHECIDO,TRAVESSA CLUBE,1
ORÓS,OROS,RUA CECÍLIO RICARTE,1
AQUIRAZ,DESCONHECIDO,RUA SÃO CAETANO,1
PACAJUS,DESCONHECIDO,BECO DA LOURA,1
AQUIRAZ,DESCONHECIDO,RUA SÃO JOSÉ,1
PACAJUS,DESCONHECIDO,ESTRADA AÇUDE SÃO PEDRO,1
PACAJUS,DESCONHECIDO,ESTRADA DO TUCUM,1
PACAJUS,DESCONHECIDO,ESTRADA SEM NOME,1
AQUIRAZ,DESCONHECIDO,RUA SÃO JOÃO,1
AQUIRAZ,DESCONHECIDO,RUA TIBURCIO TARGINO,1
PACAJUS,DESCONHECIDO,RUA AMÉRICO EVARISTO DE CASTRO,1
PACAJUS,DESCONHECIDO,RUA BENEVIDIA GOMES,1
AQUIRAZ,DESCONHECIDO,RUA VINDINA MANÁ DE QUEIROZ,1
PACAJUS,DESCONHECIDO,RUA DO LIMOEIRO,1
PACAJUS,DESCONHECIDO,RUA IVANI CORREIA,1
PACAJUS,DESCONHECIDO,RUA JOSÉ HENRIQUE DA SILVA,1
PACAJUS,DESCONHECIDO,RUA JOSÉ RIBEIRO,1
AQUIRAZ,DESCONHECIDO,RUA VIRGÍLIO COELHO,1
PACAJUS,DESCONHECIDO,RUA MARIA FELICIANO DA COSTA,1
PACAJUS,DESCONHECIDO,RUA PEQUENA ALEXANDRE,1
PACAJUS,DESCONHECIDO,RUA PRINCIPAL,1
PACAJUS,DESCONHECIDO,RUA ZEZINHO ONORIO,1
PACAJUS,PACAJUS,CE-253,1
PACAJUS,PACAJUS,ESTRADA PARA TUCUMÃ,1
PACAJUS,PACAJUS,RUA BIRRO,1
PACATUBA,CIDADE NOVA,RUA PADRE CÍCERO ROMÃO,1
PACATUBA,CONJUNTO PALMEIRAS,RUA SENADOR POMPEU,1
PACATUBA,DESCONHECIDO,AVENIDA ADALTO MEDEIROS,1
PACATUBA,DESCONHECIDO,ESTRADA JOÃO CAVALCANTE FILHO,1
PACATUBA,DESCONHECIDO,ESTRADA QUIBAL,1
PACATUBA,DESCONHECIDO,RODOVIA CE ZERO VINTE UM,1
PACATUBA,DESCONHECIDO,RUA JOSÉ GOMES DE OLIVEIRA,1
PACATUBA,DESCONHECIDO,RUA LUIS MANOEL DOS SANTOS,1
PACATUBA,DESCONHECIDO,RUA MANOEL RIBEIRO DOS SANTOS,1
PACATUBA,ITAITINGA,ESTRADA SEM NOME,1
PACATUBA,ITAITINGA,RUA AURORA GALDÊNCIO DE SOUSA,1
PACATUBA,MARACANAU,AVENIDA B,1
PACATUBA,MARACANAU,AVENIDA JOSÉ GUILHERME,1
PACATUBA,MARACANAU,AVENIDA XVII,1
PACATUBA,MARACANAU,RUA PEDRO ALVARES CABRAL,1
PACATUBA,MARACANAU,RUA SABINO CHAGAS,1
PACATUBA,PACATUBA,RUA SENADOR POMPÉU,1
PACATUBA,PEDRAS,RUA DOS BAMBUS,1
PACOTI,DESCONHECIDO,RUA C,1
PACOTI,DESCONHECIDO,SITIO S JARDIM DE AREIAS,1
PALHANO,DESCONHECIDO,ESTRADA SEM NOME,1
PALHANO,DESCONHECIDO,RUA FRANCISCO PEDRO DA SILVA,1
PALHANO,DESCONHECIDO,RUA MATEUS,1
AQUIRAZ,DESCONHECIDO,TRAVESSA IGUAPÉ,1
PALMÁCIA,DESCONHECIDO,CE-354,1
PARACURU,DESCONHECIDO,AVENIDA GERALDO CIRÍACO,1
PARACURU,DESCONHECIDO,AVENIDA MARIA ACÁCIO DE MATOS,1
PARACURU,DESCONHECIDO,BECO 2,1
PARACURU,DESCONHECIDO,CE-085,1
PARACURU,DESCONHECIDO,ESTRADA DA CASA DE TELHA,1
PARACURU,DESCONHECIDO,ESTRADA DO SÃO PEDRO,1
AQUIRAZ,DESCONHECIDO,TRAVESSA JANGADA,1
PARACURU,DESCONHECIDO,ESTRADA SEM NOME,1
PARACURU,DESCONHECIDO,RUA ANA MELO,1
PARACURU,DESCONHECIDO,RUA ANTONIO DE LIMA,1
PARACURU,DESCONHECIDO,RUA ANTÔNIA MARLÚCIA,1
PARACURU,DESCONHECIDO,RUA CARLOS ALBERTO DE CASTRO,1
AQUIRAZ,DESCONHECIDO,VILA DA PRATA,1
PARACURU,DESCONHECIDO,RUA COMUNIDADE NOVA,1
PARACURU,DESCONHECIDO,RUA CORONEL JOSÉ AUSTRAGÉSILO RODRIGUES,1
PARACURU,DESCONHECIDO,RUA EDITH GURGEL PINHEIRO,1
PARACURU,DESCONHECIDO,RUA ERCI DE CASTRO,1
AQUIRAZ,EUSEBIO,RUA AREA VERDE,1
ARACATI,DESCONHECIDO,AR-020 - ESTRADA DA BEIRADA,1
PARACURU,DESCONHECIDO,RUA FRANCISCO FERNANDES DO VALE,1
PARACURU,DESCONHECIDO,RUA GABRIEL FERREIRA NERI,1
PARACURU,DESCONHECIDO,RUA GUMERCINDO AGUIAR JUVÊNCIO,1
PARACURU,DESCONHECIDO,RUA JOAQUIM PONTES DE OLIVEIRA,1
PARACURU,DESCONHECIDO,RUA JORGE P FROTA,1
PARACURU,DESCONHECIDO,RUA JOSÉ EVANGELISTA DA SILVA,1
ARACATI,DESCONHECIDO,AVENIDA FELISMINO FILHO,1
PARACURU,DESCONHECIDO,RUA JOSÉ LOURIVAL DE CASTRO,1
PARACURU,DESCONHECIDO,RUA JOSÉ MAGALHÃES CUNHA,1
PARACURU,DESCONHECIDO,RUA JOSÉ PEREIRA PESSOA,1
PARACURU,DESCONHECIDO,RUA JOSÉ VALMIR MARTINS,1
PARACURU,DESCONHECIDO,RUA MARIA CÂNDIDA DA SILVA,1
ARACATI,DESCONHECIDO,AVENIDA SANTO ANTÔNIO,1
PARACURU,DESCONHECIDO,RUA MARIA SILVESTRE,1
PARACURU,DESCONHECIDO,RUA MENINO JESUS,1
PARACURU,DESCONHECIDO,RUA ORMEZINDA SAMPAIO,1
PARACURU,DESCONHECIDO,RUA PEDRO ANTUNES PAZ,1
PARACURU,DESCONHECIDO,RUA PEDRO VITOR,1
ARACATI,DESCONHECIDO,CE-123,1
PARACURU,DESCONHECIDO,RUA RAIMUNDO MOREIRA LIMA,1
PARACURU,DESCONHECIDO,RUA RUTH FÉLIX DE FREITAS,1
PARACURU,DESCONHECIDO,RUA SEVERINO V. DE SOUSA,1
PARACURU,DESCONHECIDO,RUA SÃO JOÃO EVANGELISTA,1
PARACURU,DESCONHECIDO,VILA NOVA,1
PARAIPABA,DESCONHECIDO,ESTRADA BARREIRA DOS MOUROES,1
PARAIPABA,DESCONHECIDO,ESTRADA CAMBOAS,1
PARAIPABA,DESCONHECIDO,ESTRADA PARÁ A LAGOA DO RETIRO,1
PARAIPABA,DESCONHECIDO,ESTRADA SEM NOME,1
PARAIPABA,DESCONHECIDO,POVOADO TIMBAÚBA,1
PARAIPABA,DESCONHECIDO,RUA 21 DE ABRIL,1
PARAIPABA,DESCONHECIDO,RUA FRANCISCO HENRIQUE DE AZEVEDO,1
PARAIPABA,DESCONHECIDO,RUA FÉLIPE DOS SANTOS,1
PARAIPABA,DESCONHECIDO,RUA PETROLINA BARROSO,1
PARAIPABA,DESCONHECIDO,RUA PRAÇA,1
ARACATI,DESCONHECIDO,EST. DE TABULEIRO,1
ARACATI,DESCONHECIDO,ESTRADA DA CANAVIEIRA,1
PARAIPABA,DESCONHECIDO,RUA SÃO SEBASTIÃO,1
PARAIPABA,DESCONHECIDO,RUA VILA PÔR DO SOL,1
PARAIPABA,PARAIPABA,CACIMBÃO,1
PARAMBU,DESCONHECIDO,FAZENDA JUÁ,1
PARAMBU,DESCONHECIDO,POVOADO CIPÓ,1
PARAMBU,DESCONHECIDO,PRAÇA IZABÉL RODRÍGUES DA SILVA,1
ARACATI,DESCONHECIDO,ESTRADA DE FERREIRA,1
PARAMBU,DESCONHECIDO,RUA DO ALTO,1
PARAMBU,DESCONHECIDO,RUA FRANCISCO COTA,1
PARAMBU,DESCONHECIDO,RUA JOAQUIM NORONHA,1
PARAMBU,DESCONHECIDO,RUA JOÃO SEVERINO DA SILVA,1
PARAMBU,DESCONHECIDO,RUA LUÍS MOREIRA DE LIMA,1
PARAMBU,DESCONHECIDO,RUA MARIA DO ROSÁRIO CONCEIÇÃO,1
PARAMBU,DESCONHECIDO,RUA PEDRO,1
PARAMBU,DESCONHECIDO,RUA SANTA ROSA,1
PARAMBU,DESCONHECIDO,RUA SENIR MOREIRA,1
ARACATI,DESCONHECIDO,ESTRADA DIQUE,1
PARAMBU,DESCONHECIDO,VILA CACHIMBÓ II,1
PARAMOTI,DESCONHECIDO,AVENIDA ELISA SAMPAIO,1
PARAMOTI,DESCONHECIDO,AVENIDA PREFEITO WILSON SAMPAIO,1
PARAMOTI,DESCONHECIDO,AVENIDA TOMÉ GOMES DOS SANTOS,1
PARAMOTI,DESCONHECIDO,CE-162,1
PARAMOTI,DESCONHECIDO,CE-253,1
PARAMOTI,DESCONHECIDO,ESTRADA PARAMOTI MONTE PEDRAL,1
PARAMOTI,DESCONHECIDO,ESTRADA PARAMOTI PEREIRO,1
ARACATI,DESCONHECIDO,ESTRADA DO BAIXIO,1
PARAMOTI,DESCONHECIDO,RUA ANTÔNIO BENEDITO DE BRITO,1
PARAMOTI,DESCONHECIDO,RUA EUCLIDES ROCHA,1
PARAMOTI,DESCONHECIDO,RUA FIRMINO COSTA,1
PARAMOTI,DESCONHECIDO,RUA GENÉSIA GOMES,1
PARAMOTI,DESCONHECIDO,RUA GONÇALO SOARES,1
PARAMOTI,DESCONHECIDO,RUA VINTE CINCO DE JANEIRO,1
PARAMOTI,DESCONHECIDO,TRAVESSA PEDRO CAMELO,1
PARAMOTI,DESCONHECIDO,VP7J+C4 PARAMOTI,1
PEDRA BRANCA,DESCONHECIDO,AVENIDA MIGUEL BEZERRA DE CARVALHO,1
ARACATI,DESCONHECIDO,ESTRADA DO CAJUEIRO,1
PEDRA BRANCA,DESCONHECIDO,CE-168,1
ARACATI,DESCONHECIDO,ESTRADA PEDRA REDONDA,1
PEDRA BRANCA,DESCONHECIDO,RUA CAJUEIRO,1
ARACATI,DESCONHECIDO,RUA ADOLFO CAMINHA,1
ARACATI,DESCONHECIDO,RUA BEIRA RIO,1
ARACATI,DESCONHECIDO,RUA CACIMBÃO,1
PEDRA BRANCA,DESCONHECIDO,RUA HILÁRIO AZEVEDO,1
PEDRA BRANCA,DESCONHECIDO,RUA JOAQUIM CARVALHO,1
ARACATI,DESCONHECIDO,RUA CAIMBA DO POVO,1
ARACATI,DESCONHECIDO,RUA CAIXA DAGUA,1
PEDRA BRANCA,DESCONHECIDO,RUA JOSÉ DA SILVA,1
PEDRA BRANCA,DESCONHECIDO,RUA JOSÉ VERONICO FLOR BEZERRA,1
PEDRA BRANCA,DESCONHECIDO,RUA JOSÉ VIEIRA DA SILVA,1
PEDRA BRANCA,DESCONHECIDO,RUA MANOEL FEITOSA FERRO,1
PEDRA BRANCA,DESCONHECIDO,RUA MANOEL SOARES,1
ARACATI,DESCONHECIDO,RUA CASTORINA PINTO,1
ARACATI,DESCONHECIDO,RUA CORONEL ALEXANDRINO,1
PEDRA BRANCA,DESCONHECIDO,RUA PAU BRANCO,1
PEDRA BRANCA,DESCONHECIDO,RUA RAIMUNDO NARDI,1
PEDRA BRANCA,DESCONHECIDO,RUA SR FÉLIX,1
ARACATI,DESCONHECIDO,RUA DA BIQUARA,1
ARACATI,DESCONHECIDO,RUA DA ESPERANÇA,1
PEDRA BRANCA,DESCONHECIDO,SITIO BOM PRINCÍPIO,1
PEDRA BRANCA,DESCONHECIDO,SITIO GUARANÍ,1
PEDRA BRANCA,DESCONHECIDO,SITIO JERICÓ,1
PEDRA BRANCA,DESCONHECIDO,SITIO JOÃO DE SOUZA DOS CIPRIANOS,1
PEDRA BRANCA,DESCONHECIDO,SITIO NOVO,1
PEDRA BRANCA,DESCONHECIDO,SITIO VOLTA 01,1
PEDRA BRANCA,DESCONHECIDO,TRAVESSA JOSÉ ALMEIDA BRAGA,1
PEDRA BRANCA,DESCONHECIDO,TRAVESSA RAIMUNDO NARDI,1
PEDRA BRANCA,PEDRA BRANCA,ESTRADA SEM NOME,1
PENAFORTE,DESCONHECIDO,AVENIDA ANTONIO MATIAS,1
PENAFORTE,DESCONHECIDO,AVENIDA ANTÔNIO FERREIRA SOBRINHO,1
PENAFORTE,DESCONHECIDO,AVENIDA PADRE CÍCERO,1
PENAFORTE,DESCONHECIDO,RUA ANTÔNIO ÂNGELO,1
PENAFORTE,DESCONHECIDO,RUA PROFESSORA FRANCISCA FERREIRA ROCHA,1
PENTECOSTE,DESCONHECIDO,AVENIDA BRASIL,1
PENTECOSTE,DESCONHECIDO,AVENIDA QUINZE DE NOVEMBRO,1
PENTECOSTE,DESCONHECIDO,CE-341,1
PENTECOSTE,DESCONHECIDO,ESTRADA CIPÓ,1
PENTECOSTE,DESCONHECIDO,ESTRADA CRUZ DO MATIAS PROVIDÊNCIA,1
PENTECOSTE,DESCONHECIDO,ESTRADA DA BARRINHA,1
PENTECOSTE,DESCONHECIDO,ESTRADA MULUNGÚ,1
PENTECOSTE,DESCONHECIDO,ESTRADA PARNAÍBA ARISCO,1
PENTECOSTE,DESCONHECIDO,ESTRADA POSTO AGRÍCOLA,1
PENTECOSTE,DESCONHECIDO,ESTRADA RIACHO DA PORTA,1
PENTECOSTE,DESCONHECIDO,ESTRADA SEM NOME,1
ARACATI,DESCONHECIDO,RUA DAS FLORES,1
PENTECOSTE,DESCONHECIDO,JOSÉ TEIXEIRA DE ARAÚJO,1
ARACATI,DESCONHECIDO,RUA DO MARRECO,1
PENTECOSTE,DESCONHECIDO,POVOADO IRAPUÃ,1
PENTECOSTE,DESCONHECIDO,RUA AGAPITO CORDEIRO,1
PENTECOSTE,DESCONHECIDO,RUA AMÂNCIO CAMPÊLO,1
ARACATI,DESCONHECIDO,RUA DO PÔR DO SOL,1
ARACATI,DESCONHECIDO,RUA DRAGÃO DO MAR,1
ARACATI,DESCONHECIDO,RUA FCO RAFAEL ANDRADE,1
PENTECOSTE,DESCONHECIDO,RUA CAMPO VELHO,1
PENTECOSTE,DESCONHECIDO,RUA DEPUTADO JOSÉ GOMES DA SILVA,1
PENTECOSTE,DESCONHECIDO,RUA DO BOI,1
PENTECOSTE,DESCONHECIDO,RUA DO CEMITÉRIO,1
PENTECOSTE,DESCONHECIDO,RUA DO ROSÁRIO,1
ARACATI,DESCONHECIDO,RUA GUSTAVO PEREIRA NASCIMENTO,1
PENTECOSTE,DESCONHECIDO,RUA DULCE DOS POBRES,1
PENTECOSTE,DESCONHECIDO,RUA ELISEU VIÊIRA,1
ARACATI,DESCONHECIDO,RUA HERIBERTO CAVALCANTE PORTO,1
PENTECOSTE,DESCONHECIDO,RUA FRANCISCO NUNES,1
ARACATI,DESCONHECIDO,RUA LUZ DO LUAR,1
ARACATI,DESCONHECIDO,RUA MARIA EUNICE DAMASCENO,1
ARACATI,DESCONHECIDO,RUA PARGO,1
PENTECOSTE,DESCONHECIDO,RUA JOAQUIM PEDRO DA SILVA,1
ARACATI,DESCONHECIDO,RUA PEDRO PEREIRA,1
ARACATI,DESCONHECIDO,RUA PÔR DO SOL,1
PENTECOSTE,DESCONHECIDO,RUA JOSÉ DEMÓCRITO,1
PENTECOSTE,DESCONHECIDO,RUA JOSÉ SALU,1
PENTECOSTE,DESCONHECIDO,RUA JOÃO PESSOA BRAGA,1
PENTECOSTE,DESCONHECIDO,RUA MARGEM DO AÇUDE,1
PENTECOSTE,DESCONHECIDO,RUA MARIA CLEIDE PINHO,1
PENTECOSTE,DESCONHECIDO,RUA MARIA MENEZES FURTADO,1
PENTECOSTE,DESCONHECIDO,RUA MARIA ZILMAR ALVES TEIXEIRA,1
ARACATI,DESCONHECIDO,RUA SALGADO FILHO,1
PENTECOSTE,DESCONHECIDO,RUA PAULO BARBOSA GOMES,1
PENTECOSTE,DESCONHECIDO,RUA RAIMUNDA SÃO DE OLIVEIRA,1
PENTECOSTE,DESCONHECIDO,RUA RAIMUNDO AUGUSTO DA SILVA,1
PENTECOSTE,DESCONHECIDO,RUA RIACHO DO MARFIM,1
PENTECOSTE,DESCONHECIDO,RUA RITA,1
ARACATI,DESCONHECIDO,RUA SANTA LUZIA,1
ARACATI,DESCONHECIDO,RUA SOL NASCENTE,1
PENTECOSTE,DESCONHECIDO,VILA NOVA,1
PEREIRO,DESCONHECIDO,SITIO BAIXIO DOS CLEMENTINO,1
PINDORETAMA,DESCONHECIDO,ESTRADA DO BATOQUE A PRATIUS 2,1
PINDORETAMA,PINDORETAMA,CE-350,1
ARACATI,DESCONHECIDO,RUA VINTE DE NOVEMBRO,1
PINDORETAMA,PINDORETAMA,RUA RAIMUNDO MUNDORO DA SILVA,1
PINDORETAMA,PINDORETAMA,SITIO ALTO ALEGRE,1
PIQUET CARNEIRO,DESCONHECIDO,RUA ALFREDO FERNANDES FRANCO,1
PIQUET CARNEIRO,DESCONHECIDO,RUA ALUÍZIO SARAIVA,1
PIQUET CARNEIRO,DESCONHECIDO,RUA JOAQUIM CIRÍLO MAGALHÃES,1
PIQUET CARNEIRO,DESCONHECIDO,RUA LUZIA MAIA CHAGAS,1
PIQUET CARNEIRO,DESCONHECIDO,RUA MARIA JOANA DE MELO,1
PIQUET CARNEIRO,DESCONHECIDO,SITIO BOA UNIÃO,1
PIQUET CARNEIRO,DESCONHECIDO,SITIO MALVAS,1
PIQUET CARNEIRO,DESCONHECIDO,SITIO MANDACARÚ,1
PIQUET CARNEIRO,DESCONHECIDO,SITIO SERROTE DOS MARTINS,1
PIRES FERREIRA,DESCONHECIDO,POVOADO ANTÔNIO,1
PIRES FERREIRA,DESCONHECIDO,RUA DOMINGOS MATOS,1
PIRES FERREIRA,DESCONHECIDO,RUA JOSÉ SALUSTIANO,1
ARACATI,DESCONHECIDO,RUA ZAURA LEITE DE FIGUEIREDO,1
PORANGA,DESCONHECIDO,ESTRADA CABOCLOS A DESCOBERTA,1
PORANGA,DESCONHECIDO,ESTRADA PARA CHAPADA,1
PORANGA,DESCONHECIDO,RUA ALOÍSIO,1
PORANGA,DESCONHECIDO,RUA ANTÔNIO ALMEIDA LIMA,1
PORANGA,DESCONHECIDO,RUA CABANA SÉCULO XX,1
PORANGA,DESCONHECIDO,RUA FRANCINEUDA PEREIRA DA CRUZ ALVES,1
PORANGA,DESCONHECIDO,RUA LAURENTINO MARINHO,1
PORANGA,DESCONHECIDO,TRAVESSA CORONEL MALAQUIAS,1
PORTEIRAS,DESCONHECIDO,ESTRADA PORTEIRAS PARÁ BREJO SANTO,1
PORTEIRAS,DESCONHECIDO,SITIO MUQUÉM,1
PORTEIRAS,DESCONHECIDO,SITIO MUTAMBA,1
POTENGI,POTENGI,VILA SARAÍVA,1
ARACATI,DESCONHECIDO,SITIO GAMELEIRA,1
POTIRETAMA,DESCONHECIDO,RUA FRANCISCO,1
POTIRETAMA,DESCONHECIDO,SITIO BAIXINHA,1
POTIRETAMA,DESCONHECIDO,SITIO BARROS,1
ARACATI,DESCONHECIDO,TRAVESSA BARÃO DE MESSEJANA,1
QUITERIANÓPOLIS,DESCONHECIDO,CE-351,1
QUITERIANÓPOLIS,DESCONHECIDO,POVOADO SÍTIO,1
ARACATI,DESCONHECIDO,TRAVESSA BEIRA RIO,1
QUITERIANÓPOLIS,DESCONHECIDO,RUA QUITÉRIA DE LIMA,1
QUITERIANÓPOLIS,DESCONHECIDO,SITIO BANDARRO,1
QUITERIANÓPOLIS,DESCONHECIDO,SITIO MALHADA,1
QUITERIANÓPOLIS,DESCONHECIDO,SITIO PINTADA,1
QUITERIANÓPOLIS,QUITERIANOPOLIS,RUA DA IGREJA,1
QUIXADÁ,DESCONHECIDO,3V5W+79 RIACHO VERDE,1
ARACATI,DESCONHECIDO,TRAVESSA DA PAZ,1
ARACATI,DESCONHECIDO,TRAVESSA DUQUE DE CAXIAS,1
ARACATI,DESCONHECIDO,VILA CAJAZEIRAS,1
ARACATI,DESCONHECIDO,VILA RAFAEL,1
QUIXADÁ,DESCONHECIDO,AVENIDA JUSCELINO KUBITSCHEK,1
QUIXADÁ,DESCONHECIDO,AVENIDA PLÁCIDO CASTELO,1
ARACOIABA,ARACOIABA,AVENIDA VEREADOR FRANCISCO AMARO BEZERRA,1
ARACOIABA,BATURITE,AVENIDA FRANCISCO DANTAS DA SILVA,1
QUIXADÁ,DESCONHECIDO,ESTRADA BALUADA POVOADO BOM FIM LAGOA,1
QUIXADÁ,DESCONHECIDO,ESTRADA DO AEROPORTO,1
QUIXADÁ,DESCONHECIDO,ESTRADA ENGANO DOM MAURÍCIO,1
QUIXADÁ,DESCONHECIDO,ESTRADA GUARUJÁ,1
QUIXADÁ,DESCONHECIDO,ESTRADA REDONDA,1
ARACOIABA,BATURITE,RUA CENTO E TRINTA E DOIS,1
QUIXADÁ,DESCONHECIDO,RODOVIA PRESIDENTE COSTA E SILVA,1
QUIXADÁ,DESCONHECIDO,RUA 1,1
QUIXADÁ,DESCONHECIDO,RUA 6,1
QUIXADÁ,DESCONHECIDO,RUA ABRAÃO BAQUIT,1
QUIXADÁ,DESCONHECIDO,RUA ABRÃO BAQUIT,1
QUIXADÁ,DESCONHECIDO,RUA ADER. FERREIRA ARAÚJO,1
QUIXADÁ,DESCONHECIDO,RUA ARGEMIRO VIÊIRA LIMA,1
QUIXADÁ,DESCONHECIDO,RUA ARGENTINA,1
QUIXADÁ,DESCONHECIDO,RUA AUTRAN MORENO,1
QUIXADÁ,DESCONHECIDO,RUA CARLOS JOSÉ BEZERRA,1
ARACOIABA,BATURITE,RUA RAIMUNDO DE CASTRO E SILVA,1
QUIXADÁ,DESCONHECIDO,RUA DA FAMÍLIA,1
ARACOIABA,DESCONHECIDO,BECO DO CAMPO,1
QUIXADÁ,DESCONHECIDO,RUA DA LUA,1
ARACOIABA,DESCONHECIDO,CE-060,1
ARACOIABA,DESCONHECIDO,ESTRADA PRÁ VOLTA 2,1
ARACOIABA,DESCONHECIDO,ESTRADA SEM NOME,1
ARACOIABA,DESCONHECIDO,RUA PADRE GABRIEL,1
QUIXADÁ,DESCONHECIDO,RUA DO CÔRTE,1
ARARENDÁ,DESCONHECIDO,AVENIDA SÃO VICENTE DE PAULO,1
QUIXADÁ,DESCONHECIDO,RUA DO POSTO,1
QUIXADÁ,DESCONHECIDO,RUA DOIS,1
QUIXADÁ,DESCONHECIDO,RUA DOUTOR ALESSANDRO NOTEGAR,1
QUIXADÁ,DESCONHECIDO,RUA ELIEZER MESQUITA,1
QUIXADÁ,DESCONHECIDO,RUA EPITÁCIO PESSOA,1
QUIXADÁ,DESCONHECIDO,RUA FERNANDO BARBOSA,1
QUIXADÁ,DESCONHECIDO,RUA FRANCISCA RICARDO DA SILVEIRA,1
ARARENDÁ,DESCONHECIDO,ESTRADA ASSENTAMENTO A BOA VISTA,1
QUIXADÁ,DESCONHECIDO,RUA FRANCISCO BATISTA DE QUEIROZ,1
QUIXADÁ,DESCONHECIDO,RUA FRANCISCO BEZERRA DE FIGUEIREDO,1
QUIXADÁ,DESCONHECIDO,RUA FRANCISCO DE ASSIS BRASILEIRO,1
ARARENDÁ,DESCONHECIDO,RUA BORETE MOURÃO,1
QUIXADÁ,DESCONHECIDO,RUA G,1
QUIXADÁ,DESCONHECIDO,RUA JOAQUIM DA SILVEIRA MEDEIROS,1
QUIXADÁ,DESCONHECIDO,RUA JOSÉ CAZUZA LOPES,1
QUIXADÁ,DESCONHECIDO,RUA JOSÉ DE QUEIROZ PESSOA,1
QUIXADÁ,DESCONHECIDO,RUA JOSÉ JUCÁ,1
ARARENDÁ,DESCONHECIDO,RUA FRANCISCO DE PAULA,1
QUIXADÁ,DESCONHECIDO,RUA JOSÉ LADISLAU DE OLIVEIRA,1
QUIXADÁ,DESCONHECIDO,RUA JOSÉ LOURENÇO DA SILVA,1
ARARENDÁ,DESCONHECIDO,RUA FRANCISCO MOURÃO LIMA,1
QUIXADÁ,DESCONHECIDO,RUA JUVÊNCIO ALVES DE OLIVEIRA,1
QUIXADÁ,DESCONHECIDO,RUA JÔNATAS BRITO DE ALENCAR,1
QUIXADÁ,DESCONHECIDO,RUA LAGOA DOS MONÓLITOS,1
ARARIPE,DESCONHECIDO,AVENIDA VICENTE ALENÇAR BARBOSA,1
ARARIPE,DESCONHECIDO,ESTRADA SEM NOME,1
QUIXADÁ,DESCONHECIDO,RUA LUIZA DE PINHO,1
QUIXADÁ,DESCONHECIDO,RUA MANOEL DÉCIO PINHEIRO,1
QUIXADÁ,DESCONHECIDO,RUA MARIA BENÍGNO,1
QUIXADÁ,DESCONHECIDO,RUA MONTE ALEGRE,1
ARARIPE,DESCONHECIDO,RUA ANTÔNIO GUEDES,1
ARARIPE,DESCONHECIDO,RUA CAMPO AVIAÇÃO,1
QUIXADÁ,DESCONHECIDO,RUA PADRE JOSÉ BEZERRA FILHO,1
ARARIPE,DESCONHECIDO,RUA CORONEL MIGUEL ARRAIS SOBRINHO,1
QUIXADÁ,DESCONHECIDO,RUA PRINCESA ISABEL,1
QUIXADÁ,DESCONHECIDO,RUA REGINALDO LOPES,1
QUIXADÁ,DESCONHECIDO,RUA SANTO ANTÔNIO,1
QUIXADÁ,DESCONHECIDO,RUA SAÍDA PARÁ OLHO DAGUA,1
QUIXADÁ,DESCONHECIDO,RUA SÃO LÁZARO,1
QUIXADÁ,DESCONHECIDO,RUA SÓLON VIANA,1
QUIXADÁ,DESCONHECIDO,RUA TENENTE CRAVO,1
QUIXADÁ,DESCONHECIDO,RUA TRÊS,1
QUIXADÁ,DESCONHECIDO,RUA UM,1
QUIXADÁ,DESCONHECIDO,RUA VILA BELCHIOR,1
QUIXADÁ,DESCONHECIDO,SITIO POTÉ SECO,1
QUIXADÁ,DESCONHECIDO,TRAVESSA ACUDE,1
ARARIPE,DESCONHECIDO,RUA JOAQUIM PAULINO,1
QUIXADÁ,DESCONHECIDO,TRAVESSA JOSÉ DE ALENCAR,1
ARARIPE,DESCONHECIDO,SITIO ÁGUA BRANCA,1
QUIXADÁ,DESCONHECIDO,TRAVESSA PERI B BARBOSA,1
QUIXADÁ,DESCONHECIDO,TRAVESSA PERY BARBOSA BARROCAS,1
QUIXADÁ,DESCONHECIDO,TRAVESSA SÓLON VIANA,1
QUIXADÁ,QUIXADA,CE-265,1
QUIXELÔ,DESCONHECIDO,AVENIDA PERIMETRAL,1
QUIXELÔ,DESCONHECIDO,CE-375,1
QUIXELÔ,DESCONHECIDO,ESTRADA DO FAÉ,1
QUIXELÔ,DESCONHECIDO,ESTRADA QUIXELO A ACAMPAMENTO,1
QUIXELÔ,DESCONHECIDO,ESTRADA UMARIZINHO,1
QUIXELÔ,DESCONHECIDO,RUA LUÍS GOMES DE ARAÚJO,1
QUIXELÔ,DESCONHECIDO,RUA SÃO FRANCISCO,1
ARATUBA,ARATUBA,RUA LUÍZ GERVÁSIO COLARES,1
QUIXERAMOBIM,DESCONHECIDO,AV. AMÂNCIO,1
QUIXERAMOBIM,DESCONHECIDO,AVENIDA GERALDO BIZARRIA DE CARVALHO,1
QUIXERAMOBIM,DESCONHECIDO,ESTRADA CAJUEIRO,1
ARATUBA,DESCONHECIDO,SITIO JARDIM DOS MELOS,1
QUIXERAMOBIM,DESCONHECIDO,ESTRADA RIAHO VERDE DOIS,1
ARATUBA,DESCONHECIDO,SITIO PINDOBÁ,1
QUIXERAMOBIM,DESCONHECIDO,FAZENDA JAPÃO,1
QUIXERAMOBIM,DESCONHECIDO,FAZENDA RIACHO VERDE,1
QUIXERAMOBIM,DESCONHECIDO,RUA ANTÔNIO CONSELHEIRO,1
QUIXERAMOBIM,DESCONHECIDO,RUA DIAS FERREIRA,1
QUIXERAMOBIM,DESCONHECIDO,RUA DOUTOR ANTÔNIO FURTADO,1
QUIXERAMOBIM,DESCONHECIDO,RUA FRANCISCO IVO,1
QUIXERAMOBIM,DESCONHECIDO,RUA JOSÉ MARQUÊS FILHO,1
QUIXERAMOBIM,DESCONHECIDO,RUA LUÍZ GOMES COUTINHO,1
QUIXERAMOBIM,DESCONHECIDO,RUA PENELON CÂMARA,1
QUIXERAMOBIM,DESCONHECIDO,RUA SALDANHA ALMEIDA,1
QUIXERAMOBIM,DESCONHECIDO,RUA VINTE E CINCO DE MARÇO,1
QUIXERAMOBIM,DESCONHECIDO,TRAVESSA TEÓFILO LESSA,1
QUIXERÉ,DESCONHECIDO,CE-123,1
QUIXERÉ,DESCONHECIDO,CE-377,1
QUIXERÉ,DESCONHECIDO,ESTRADA CABEÇA DE SANTA CRUZ,1
QUIXERÉ,DESCONHECIDO,ESTRADA PARÁ QUIXERE,1
QUIXERÉ,DESCONHECIDO,ESTRADA PARÁ Ó SÍTIO LEÃO,1
QUIXERÉ,DESCONHECIDO,ESTRADA SECUNDÁRIA BARREIRAS,1
ARNEIROZ,DESCONHECIDO,CE-176,1
QUIXERÉ,DESCONHECIDO,ESTRADA SÍTIO ILHA 1,1
QUIXERÉ,DESCONHECIDO,ESTRADA ÁGUA FRIA RUSSAS,1
QUIXERÉ,DESCONHECIDO,RUA CENOBE BANDEIRA,1
ARNEIROZ,DESCONHECIDO,ESTRADA SEM NOME,1
QUIXERÉ,DESCONHECIDO,RUA JOSÉ GONÇALVES FERREIRA LIMA,1
QUIXERÉ,DESCONHECIDO,RUA JOÃO ALVES CARNEIRO,1
QUIXERÉ,DESCONHECIDO,RUA LEÃO 2,1
QUIXERÉ,DESCONHECIDO,RUA MANOEL GONÇALVES,1
QUIXERÉ,DESCONHECIDO,RUA MARIA LEONILIA DE LIMA SANTIAGO,1
ASSARÉ,DESCONHECIDO,AVENIDA ALENCAR SEVERINO,1
QUIXERÉ,DESCONHECIDO,RUA NOÉ VIANA BARBOSA,1
QUIXERÉ,DESCONHECIDO,RUA PADRE JOAQUIM DE MENEZES,1
QUIXERÉ,DESCONHECIDO,RUA PADRE ZACARIAS,1
QUIXERÉ,DESCONHECIDO,RUA RAIMUNDO GALDINO SILVEIRA LIMA,1
QUIXERÉ,DESCONHECIDO,RUA VEREADOR EFÍSIO COSTA,1
QUIXERÉ,DESCONHECIDO,RUA VICENTE FERNANDES DE OLIVEIRA,1
QUIXERÉ,DESCONHECIDO,TRAVESSA ESTRADA PARA LAGOINHA,1
QUIXERÉ,QUIXERE,ESTRADA PARÁ RUA DO MEIO,1
QUIXERÉ,QUIXERE,RUA FRANCISCO AURÉLIO FRANCO,1
QUIXERÉ,QUIXERE,SITIO TERESINHA,1
REDENÇÃO,DESCONHECIDO,ACESSO A SERRA VELHA,1
REDENÇÃO,DESCONHECIDO,AVENIDA JUSTINIANO FERREIRA,1
REDENÇÃO,DESCONHECIDO,ESTRADA ANTÔNIO DIOGO,1
REDENÇÃO,DESCONHECIDO,ESTRADA REDENÇÃO A,1
REDENÇÃO,DESCONHECIDO,RUA ALUÍSIO FRANKLIN,1
REDENÇÃO,DESCONHECIDO,RUA FRANCISCO MARIA SILVA,1
REDENÇÃO,DESCONHECIDO,RUA JOAQUIM DOS SANTOS,1
REDENÇÃO,DESCONHECIDO,RUA JOSÉ INÁCIO BEZERRA,1
RERIUTABA,DESCONHECIDO,AVENIDA JOSÉ CASEMIRO ALBUQUERQUE,1
RERIUTABA,DESCONHECIDO,AVENIDA MANUEL LOPES DE MEDEIROS,1
RERIUTABA,DESCONHECIDO,CE-329,1
RERIUTABA,DESCONHECIDO,ESTRADA SEM NOME,1
ASSARÉ,DESCONHECIDO,ESTRADA ASSARÉ ALTANEIRA,1
RUSSAS,DESCONHECIDO,AVENIDA CORONEL ANTÔNIO CORDEIRO,1
ASSARÉ,DESCONHECIDO,ESTRADA PARÁ CAJAZEIRAS,1
RUSSAS,DESCONHECIDO,AVENIDA GONÇALVES,1
ASSARÉ,DESCONHECIDO,ESTRADA SÃO JOSÉ AO SÍTIO BARÃO,1
RUSSAS,DESCONHECIDO,AVENIDA PRINCIPAL,1
RUSSAS,DESCONHECIDO,CE-356,1
RUSSAS,DESCONHECIDO,CE-522,1
RUSSAS,DESCONHECIDO,ESTRADA DE RUSSAS A PEIXE,1
RUSSAS,DESCONHECIDO,ESTRADA JARDIM AO MIGUEL PEREIRA,1
RUSSAS,DESCONHECIDO,ESTRADA PARA FRADE,1
RUSSAS,DESCONHECIDO,ESTRADA PARA LIMOEIRO DO NORTE,1
ASSARÉ,DESCONHECIDO,ESTRADA SÍTIO VOLTA,1
ASSARÉ,DESCONHECIDO,RUA SEBASTIÃO,1
RUSSAS,DESCONHECIDO,ESTRADA UM,1
RUSSAS,DESCONHECIDO,R. JOSÉ OSMILDO MOURA MAIA,1
RUSSAS,DESCONHECIDO,RUA A,1
RUSSAS,DESCONHECIDO,RUA AGOSTINHO CARLOS SANTIAGO,1
ASSARÉ,DESCONHECIDO,SITIO BOQUEIRÃO DOS ALMEIDA,1
RUSSAS,DESCONHECIDO,RUA ALTO DO VELAME,1
RUSSAS,DESCONHECIDO,RUA ANA LINA BIANA,1
RUSSAS,DESCONHECIDO,RUA ARAIBU,1
RUSSAS,DESCONHECIDO,RUA ARISTÓTELES NOGUEIRA,1
AURORA,AURORA,AVENIDA VICENTE TAVARES SIMÕES,1
RUSSAS,DESCONHECIDO,RUA DO CONJUNTO HABITACIONAL BRASIL,1
RUSSAS,DESCONHECIDO,RUA DOIS IRMÃOS,1
RUSSAS,DESCONHECIDO,RUA DONA AFRA,1
AURORA,DESCONHECIDO,ESTRADA DA LAGOA DO MACHADO,1
RUSSAS,DESCONHECIDO,RUA DOUTOR JOSÉ RAMALHO,1
RUSSAS,DESCONHECIDO,RUA FELIPE SANTIAGO,1
RUSSAS,DESCONHECIDO,RUA FRANCISCO LAILSON PINTO,1
RUSSAS,DESCONHECIDO,RUA FRANCISCO SÉRGIO REBOUÇAS,1
RUSSAS,DESCONHECIDO,RUA GOVERNADOR RAUL BARBOSA,1
RUSSAS,DESCONHECIDO,RUA HERMÍNIO DE OLIVEIRA BRITO,1
RUSSAS,DESCONHECIDO,RUA JOAQUIM DE SOUSA BARRETO,1
RUSSAS,DESCONHECIDO,RUA JOSÉ ALVES MAIA,1
RUSSAS,DESCONHECIDO,RUA JOSÉ ANTÔNIO DE MOURA,1
RUSSAS,DESCONHECIDO,RUA JOÃO AFONSO,1
RUSSAS,DESCONHECIDO,RUA JOÃO ANTÔNIO,1
BANABUIÚ,DESCONHECIDO,FAZENDA GOVERNO 2,1
RUSSAS,DESCONHECIDO,RUA LEÔNIDA VIÊIRA LEITE,1
RUSSAS,DESCONHECIDO,RUA MARIA CELESTINA DE MOURA,1
RUSSAS,DESCONHECIDO,RUA MARIA DE LOURDES SANTIAGO,1
RUSSAS,DESCONHECIDO,RUA MATRIZ,1
RUSSAS,DESCONHECIDO,RUA MIGUEL REINALDO MACIEL,1
RUSSAS,DESCONHECIDO,RUA OCION LOPES DA SILVEIRA,1
BANABUIÚ,DESCONHECIDO,RUA DA MATRIZ,1
RUSSAS,DESCONHECIDO,RUA RAIMUNDO AGOSTINHO SANTIAGO,1
BANABUIÚ,DESCONHECIDO,RUA JOAQUIM DIAS CORREIA,1
RUSSAS,DESCONHECIDO,RUA RAUL DE QUEIROZ LIMA,1
BANABUIÚ,DESCONHECIDO,SITIO CASINHAS,1
RUSSAS,DESCONHECIDO,RUA TABELIÃO SANTIAGO,1
BANABUIÚ,DESCONHECIDO,SITIO GONÇALO,1
RUSSAS,DESCONHECIDO,RUA VEREADOR ORSETE LEÃO RIBEIRO,1
RUSSAS,DESCONHECIDO,RUA VICENTE LIMA RAMALHO,1
RUSSAS,DESCONHECIDO,RUA VINTE,1
RUSSAS,DESCONHECIDO,SITIO CANTO,1
RUSSAS,DESCONHECIDO,SITIO CARPINA,1
RUSSAS,DESCONHECIDO,SITIO GRACISMOES I,1
RUSSAS,DESCONHECIDO,SITIO INGÁ,1
RUSSAS,DESCONHECIDO,SITIO IPEPACONHA,1
BANABUIÚ,DESCONHECIDO,VILA DOS MARIANOS,1
RUSSAS,DESCONHECIDO,SITIO PARELHAS,1
RUSSAS,DESCONHECIDO,SITIO PASSAGEM DE RUSSAS,1
BANABUIÚ,DESCONHECIDO,VILA MARIANA,1
RUSSAS,DESCONHECIDO,SITIO TORAO,1
RUSSAS,DESCONHECIDO,TRAVESSA AGOSTINHO GONÇALVES,1
RUSSAS,DESCONHECIDO,TRAVESSA ANTÔNIO GONÇALVES FERREIRA,1
BARBALHA,DESCONHECIDO,AVENIDA JOSÉ GERALDO DE OLÉGARIO SANTANA,1
RUSSAS,DESCONHECIDO,TRAVESSA CORONEL JOSÉ VIÊIRA,1
RUSSAS,DESCONHECIDO,TRAVESSA DA CHESF,1
BARBALHA,DESCONHECIDO,AVENIDA JULES RIMET,1
RUSSAS,DESCONHECIDO,TRAVESSA FRANCISCO GOMES,1
RUSSAS,DESCONHECIDO,TRAVESSA JOAQUIM FÉLIX,1
RUSSAS,DESCONHECIDO,TRAVESSA JOAQUIM NOGUEIRA,1
RUSSAS,DESCONHECIDO,TRAVESSA JOÃO NOGUEIRA DA COSTA,1
RUSSAS,DESCONHECIDO,TRAVESSA MANUEL JUNQUEIRA,1
RUSSAS,DESCONHECIDO,TRAVESSA MIGUEL MATIAS NETO,1
RUSSAS,DESCONHECIDO,TRAVESSA RAIMUNDO FERREIRA DE FREITAS,1
RUSSAS,DESCONHECIDO,TRAVESSA VEREADOR JOEL CORRÊA LIMA,1
BARBALHA,DESCONHECIDO,AVENIDA LEÃO SAMPAIO,1
SABOEIRO,DESCONHECIDO,CE-168,1
BARBALHA,DESCONHECIDO,AVENIDA MARTINHO DE LUNA ALENCAR,1
BARBALHA,DESCONHECIDO,AVENIDA PAULO MAURÍCIO C. B. SAMPAIO,1
BARBALHA,DESCONHECIDO,AVENIDA SALUSTIANO CANUTO DE SOUSA,1
SABOEIRO,DESCONHECIDO,RUA ANTÔNIO DUQUESA,1
SABOEIRO,DESCONHECIDO,RUA ANTÔNIO ELÍZIO FLORENTINO,1
SABOEIRO,DESCONHECIDO,RUA FERNANDES BASTOS,1
SABOEIRO,DESCONHECIDO,RUA PADRE JOSÉ FRANCISCO,1
SABOEIRO,DESCONHECIDO,SITIO FABIANO,1
SABOEIRO,DESCONHECIDO,SITIO LAGOA DE DENTRO,1
SABOEIRO,DESCONHECIDO,TRAVESSA MARIA OZANA BRAGA,1
BARBALHA,DESCONHECIDO,AVENIDA SANTO EXPEDITO,1
SALITRE,DESCONHECIDO,ESTRADA PARA LAGOA,1
SALITRE,DESCONHECIDO,ESTRADA SALITRE CAMPOS SALES,1
BARBALHA,DESCONHECIDO,CE-293,1
SALITRE,DESCONHECIDO,RUA ANTONIO LEITE DE ALENCAR,1
SALITRE,DESCONHECIDO,RUA BRUNO,1
SALITRE,DESCONHECIDO,RUA DO COMÉRCIO,1
SALITRE,DESCONHECIDO,RUA JOSÉ,1
SALITRE,DESCONHECIDO,RUA JUDAS TADEU,1
SALITRE,DESCONHECIDO,RUA SANTO ANTÔNIO,1
SALITRE,DESCONHECIDO,SITIO BULANDEIRA,1
SALITRE,DESCONHECIDO,SITIO PAU DARCO,1
SANTA QUITÉRIA,DESCONHECIDO,AVENIDA EGBERTO MESQUITA MARTINS,1
SANTA QUITÉRIA,DESCONHECIDO,CE-176,1
SANTA QUITÉRIA,DESCONHECIDO,CE-366,1
BARBALHA,DESCONHECIDO,ESTRADA FORMIGA PARÁ ÁGUA FRIA,1
BARBALHA,DESCONHECIDO,MORRO BRANCO,1
SANTA QUITÉRIA,DESCONHECIDO,FAZENDA BOA FAZENDA,1
SANTA QUITÉRIA,DESCONHECIDO,FAZENDA PIRAJÁ,1
SANTA QUITÉRIA,DESCONHECIDO,POVOADO DOMINGO,1
SANTA QUITÉRIA,DESCONHECIDO,RUA FRENTE SANGRIA DO AÇUDE,1
SANTA QUITÉRIA,DESCONHECIDO,RUA JOSÉ MARQUÊS DE SOUZA,1
BARBALHA,DESCONHECIDO,RODOVIA CE-386,1
SANTA QUITÉRIA,DESCONHECIDO,RUA NAPOLEÃO CAMELO,1
BARBALHA,DESCONHECIDO,RUA 22 DE ABRIL,1
SANTA QUITÉRIA,DESCONHECIDO,RUA TABELIÃO FRANCISCO DE PAULA LOBO,1
BARBALHA,DESCONHECIDO,RUA CANAÃ,1
SANTANA DO ACARAÚ,DESCONHECIDO,FAZENDA EQUITOS,1
SANTANA DO ACARAÚ,DESCONHECIDO,FAZENDA POÇO SALGADO,1
SANTANA DO ACARAÚ,DESCONHECIDO,RUA BEIRA RIO,1
SANTANA DO ACARAÚ,DESCONHECIDO,RUA FRANCISCO ABÍLIO NUNES,1
SANTANA DO ACARAÚ,DESCONHECIDO,RUA JOÃO,1
SANTANA DO ACARAÚ,DESCONHECIDO,RUA PRINCIPAL,1
SANTANA DO ACARAÚ,SANTANA DO ACARAU,RUA LUCINEIDE DE OLIVEIRA,1
SANTANA DO CARIRI,DESCONHECIDO,ESTRADA SEM NOME,1
SANTANA DO CARIRI,DESCONHECIDO,RUA MARIA ZENILDA DANTAS,1
SANTANA DO CARIRI,DESCONHECIDO,SITIO LÍRIO,1
SENADOR POMPEU,DESCONHECIDO,AVENIDA CARLOS JEREISSATI,1
BARBALHA,DESCONHECIDO,RUA EXPEDITO SAMPAIO,1
BARBALHA,DESCONHECIDO,RUA FRANCISCO FERREIRA DE ARAÚJO,1
SENADOR POMPEU,DESCONHECIDO,CE-363,1
SENADOR POMPEU,DESCONHECIDO,ESTRADA PARÁ SÍTIO ANJICO,1
BARBALHA,DESCONHECIDO,RUA JOÃO SARAIVA DA CRUZ,1
SENADOR POMPEU,DESCONHECIDO,RUA ANTÔNIO MANO CARVALHO,1
SENADOR POMPEU,DESCONHECIDO,RUA CAPISTRANO DE ABREU,1
SENADOR POMPEU,DESCONHECIDO,RUA E,1
SENADOR POMPEU,DESCONHECIDO,RUA FRANCO MAGALHÃES,1
SENADOR POMPEU,DESCONHECIDO,RUA JOSÉ JACKSON DE SOUZA,1
BARBALHA,DESCONHECIDO,RUA MARECHAL PEIXOTO,1
SENADOR POMPEU,DESCONHECIDO,RUA PADRE JOACI,1
SENADOR POMPEU,DESCONHECIDO,RUA PADRE LINO ADERALDO,1
SENADOR POMPEU,DESCONHECIDO,RUA PANTANAL,1
SENADOR POMPEU,DESCONHECIDO,RUA PROFESSOR MAZE SÁ,1
SENADOR POMPEU,DESCONHECIDO,RUA SÃO PEDRO,1
SENADOR POMPEU,DESCONHECIDO,RUA VICENTE ESMERALDO,1
SENADOR POMPEU,DESCONHECIDO,SITIO AREIAS,1
SENADOR POMPEU,DESCONHECIDO,SITIO CÉDRO,1
SENADOR POMPEU,DESCONHECIDO,SITIO DO Ó,1
SENADOR POMPEU,DESCONHECIDO,SITIO LAGOA NOVA,1
SENADOR POMPEU,DESCONHECIDO,SITIO MUXINATO,1
SENADOR POMPEU,DESCONHECIDO,SITIO PASSAGEM DO MEIO,1
SENADOR POMPEU,DESCONHECIDO,SITIO VINTE SETE,1
SENADOR POMPEU,SENADOR POMPEU,SITIO CAIÇARA,1
SENADOR SÁ,DESCONHECIDO,AVENIDA 23 DE AGOSTO,1
SENADOR SÁ,DESCONHECIDO,FAZENDA CÓRREGO DE BAIXO,1
SENADOR SÁ,DESCONHECIDO,RUA ALFREDO CAMPOS,1
SENADOR SÁ,DESCONHECIDO,RUA FRANCISCO SANCHO,1
SENADOR SÁ,DESCONHECIDO,RUA VICENTE ARISTIDES,1
BARBALHA,DESCONHECIDO,RUA MARIA JOSÉ COSTA BARRETO,1
SOBRAL,DESCONHECIDO,AVENIDA ANGELICO AGUIAR,1
SOBRAL,DESCONHECIDO,AVENIDA ANTÔNIO LUZARDO DE AZEVEDO,1
SOBRAL,DESCONHECIDO,AVENIDA DAS ACÁCIAS,1
SOBRAL,DESCONHECIDO,AVENIDA DEPUTADO JOÃO FREDERICO FERREIRA GOMES,1
SOBRAL,DESCONHECIDO,AVENIDA DOM JOSÉ TUPINAMBÁ DA FROTA,1
BARBALHA,DESCONHECIDO,RUA MIGUEL DE FREITAS ANDRADE,1
SOBRAL,DESCONHECIDO,AVENIDA DOUTOR JOSÉ ARIMATHÉA MONTE E SILVA,1
SOBRAL,DESCONHECIDO,AVENIDA EURÍPEDES FERREIRA GOMES,1
BARBALHA,DESCONHECIDO,RUA MISSÃO VELHA,1
SOBRAL,DESCONHECIDO,AVENIDA JATOBÁ,1
BARBALHA,DESCONHECIDO,RUA NATANAEL PEREIRA DE SOUZA,1
SOBRAL,DESCONHECIDO,AVENIDA JOSE FIGUEIREDO DE PAULA PESSOA,1
SOBRAL,DESCONHECIDO,AVENIDA JOSÉ FIGUEIREDO DE PAULA PESSOA,1
BARBALHA,DESCONHECIDO,RUA P UM,1
BARBALHA,DESCONHECIDO,RUA P-18,1
BARBALHA,DESCONHECIDO,RUA P-30,1
BARBALHA,DESCONHECIDO,RUA P4,1
SOBRAL,DESCONHECIDO,AVENIDA PADRE FRANCISCO SADOC DE ARAÚJO,1
BARBALHA,DESCONHECIDO,RUA PADRE CORREIA,1
BARBALHA,DESCONHECIDO,RUA PROJETADA | M,1
SOBRAL,DESCONHECIDO,AVENIDA PIMENTEL GOMES,1
BARBALHA,DESCONHECIDO,RUA RAIMUNDA MARIA DA CONCEIÇÃO,1
BARBALHA,DESCONHECIDO,RUA SANTA QUITERIA,1
SOBRAL,DESCONHECIDO,BECO DO COTOVELO,1
BARBALHA,DESCONHECIDO,RUA T 10,1
SOBRAL,DESCONHECIDO,BR-222;BR-403,1
SOBRAL,DESCONHECIDO,CE-179,1
BARBALHA,DESCONHECIDO,RUA T 8,1
SOBRAL,DESCONHECIDO,CE-240,1
BARBALHA,DESCONHECIDO,RUA T CINCO,1
SOBRAL,DESCONHECIDO,ESTRADA BONFIM,1
SOBRAL,DESCONHECIDO,ESTRADA DE SANTA LUZIA PARÁ BARACHO,1
SOBRAL,DESCONHECIDO,ESTRADA DO SETOR,1
SOBRAL,DESCONHECIDO,ESTRADA FAZENDA OITICICA,1
SOBRAL,DESCONHECIDO,ESTRADA JAÍBARAS SOBRAL,1
SOBRAL,DESCONHECIDO,ESTRADA MALHADA DOS BOIS,1
SOBRAL,DESCONHECIDO,ESTRADA MASSAPÊ,1
SOBRAL,DESCONHECIDO,ESTRADA PATRIARCA,1
BARBALHA,DESCONHECIDO,RUA T-07,1
SOBRAL,DESCONHECIDO,ESTRADA SOBRAL A GRAIRAS,1
SOBRAL,DESCONHECIDO,FAZENDA JOÃO,1
SOBRAL,DESCONHECIDO,FAZENDA TOURO 1,1
SOBRAL,DESCONHECIDO,FAZENDA TRAPIÁ,1
SOBRAL,DESCONHECIDO,FAZENDA VICENTE,1
SOBRAL,DESCONHECIDO,POVOADO LAGOA DO MEIO,1
SOBRAL,DESCONHECIDO,RODOVIA RAFAEL ARRUDA RECREIO,1
SOBRAL,DESCONHECIDO,RUA 11,1
SOBRAL,DESCONHECIDO,RUA 12 DE OUTUBRO,1
SOBRAL,DESCONHECIDO,RUA 13 DE MAIO,1
SOBRAL,DESCONHECIDO,RUA 8,1
SOBRAL,DESCONHECIDO,RUA ANAHID ANDRADE,1
BARBALHA,DESCONHECIDO,RUA VILA SÃO FRANCISCO,1
SOBRAL,DESCONHECIDO,RUA ANTÔNIO CUSTÓDIO DE AZEVEDO,1
BARBALHA,DESCONHECIDO,RUA ZUCA SAMPAIO,1
BARREIRA,BARREIRA,ESTRADA JATOBÁ 2,1
SOBRAL,DESCONHECIDO,RUA ARGENTINO FERREIRA DA PONTE,1
SOBRAL,DESCONHECIDO,RUA ARLÍNDO VIÊIRA DE ALMEIDA,1
SOBRAL,DESCONHECIDO,RUA BARÃO DO RIO BRANCO,1
BARREIRA,DESCONHECIDO,AVENIDA JOSÉ ALVES FEITOSA,1
SOBRAL,DESCONHECIDO,RUA BENJAMIN,1
SOBRAL,DESCONHECIDO,RUA BOA VISTA,1
SOBRAL,DESCONHECIDO,RUA BOQUEIRÃO,1
SOBRAL,DESCONHECIDO,RUA CANÁRIO,1
BARREIRA,DESCONHECIDO,BECO CHÁFARIZ,1
BARREIRA,DESCONHECIDO,CE-354,1
SOBRAL,DESCONHECIDO,RUA CEZÁRIO CUSTÓDIO,1
SOBRAL,DESCONHECIDO,RUA CORONEL ADEODATO,1
BARREIRA,DESCONHECIDO,ESTRADA DO CAPIM,1
SOBRAL,DESCONHECIDO,RUA CORONEL ANTONIO R MAGALHAES,1
SOBRAL,DESCONHECIDO,RUA CORONEL ANTÔNIO DIOGO,1
BARREIRA,DESCONHECIDO,RUA ARERÉ,1
SOBRAL,DESCONHECIDO,RUA CORONEL JOSÉ SABÓIA,1
SOBRAL,DESCONHECIDO,RUA CORONEL JOSÉ SILVESTRE,1
SOBRAL,DESCONHECIDO,RUA CORONEL MIGUEL ARRUDA,1
SOBRAL,DESCONHECIDO,RUA CORONEL MONT'ALVERNE,1
SOBRAL,DESCONHECIDO,RUA CORONEL RANGEL,1
BARRO,DESCONHECIDO,BR-116,1
SOBRAL,DESCONHECIDO,RUA DA ANTENA,1
SOBRAL,DESCONHECIDO,RUA DA CASTANHOLA,1
SOBRAL,DESCONHECIDO,RUA DA FELICIDADE,1
SOBRAL,DESCONHECIDO,RUA DA LOQUINHA,1
SOBRAL,DESCONHECIDO,RUA DA MANGA,1
BARRO,DESCONHECIDO,ESTRADA PARA MILAGRES,1
BARRO,DESCONHECIDO,RUA JOÃO TAVARES NETO,1
BARRO,DESCONHECIDO,RUA JUSTINO ALVES FEITOSA,1
SOBRAL,DESCONHECIDO,RUA DAS LARANJEIRAS,1
SOBRAL,DESCONHECIDO,RUA DAS PEDRINHAS,1
BARRO,DESCONHECIDO,RUA PADRE TIBÚRCIO,1
SOBRAL,DESCONHECIDO,RUA DO CEMITÉRIO,1
SOBRAL,DESCONHECIDO,RUA DO COLÉGIO,1
SOBRAL,DESCONHECIDO,RUA DO COMÉRCIO,1
SOBRAL,DESCONHECIDO,RUA DO MILA,1
SOBRAL,DESCONHECIDO,RUA DO PAPOCO,1
SOBRAL,DESCONHECIDO,RUA DO ROSÁRIO,1
SOBRAL,DESCONHECIDO,RUA DOCTOR CARLITO POMPEU,1
BARROQUINHA,BARROQUINHA,ESTRADA SÍTIO ISIDÓRIO,1
SOBRAL,DESCONHECIDO,RUA DOMINGOS OLÍMPIO,1
SOBRAL,DESCONHECIDO,RUA DOS IPÊS,1
SOBRAL,DESCONHECIDO,RUA DOUTOR CARLOS ROLIM MARTINIANO,1
BARROQUINHA,DESCONHECIDO,CE-187,1
BARROQUINHA,DESCONHECIDO,RUA 15 DE AGOSTO,1
SOBRAL,DESCONHECIDO,RUA DOUTOR RAIMUNDO GRIJALBA MENDES CARNEIRO,1
BARROQUINHA,DESCONHECIDO,RUA DA CAIXA DA AGUA,1
SOBRAL,DESCONHECIDO,RUA EFRATA,1
SOBRAL,DESCONHECIDO,RUA ENGENHEIRO JOSÉ FIGUEIREDO,1
BARROQUINHA,DESCONHECIDO,RUA DOIS,1
SOBRAL,DESCONHECIDO,RUA FRANCISCO ALFREDO CAVALCANTE,1
SOBRAL,DESCONHECIDO,RUA FRANCISCO COSTA,1
SOBRAL,DESCONHECIDO,RUA FRANCISCO DAS CHAGAS BARRETO LIMA,1
SOBRAL,DESCONHECIDO,RUA FRANCISCO EVANDRO SOUSA FILHO,1
SOBRAL,DESCONHECIDO,RUA FRANCISCO FENELON ALVES,1
SOBRAL,DESCONHECIDO,RUA FRANCISCO RODRIGUES DA COSTA,1
BARROQUINHA,DESCONHECIDO,RUA FRANCISCO BENTO,1
BARROQUINHA,DESCONHECIDO,RUA GONÇALA,1
BARROQUINHA,DESCONHECIDO,RUA PICADA NOVA,1
SOBRAL,DESCONHECIDO,RUA GUARANÍ,1
SOBRAL,DESCONHECIDO,RUA HENRIQUE RODRIGUES,1
SOBRAL,DESCONHECIDO,RUA IDELBRANDO PORTELA,1
SOBRAL,DESCONHECIDO,RUA JANDÁIA,1
BATURITÉ,BATURITE,CE-356,1
SOBRAL,DESCONHECIDO,RUA JOAQUIM DIAS DA PONTE,1
SOBRAL,DESCONHECIDO,RUA JOAQUIM MARIANO,1
BATURITÉ,BATURITE,ESTRADA DO CANDEIA,1
SOBRAL,DESCONHECIDO,RUA JOSÉ CAVALCANTE PARENTE,1
BATURITÉ,BATURITE,ESTRADA PARÁ Ó JORDÃO,1
SOBRAL,DESCONHECIDO,RUA JOSÉ FROTA CARNEIRO,1
BATURITÉ,BATURITE,ESTRADA RAPOSO OITICICA,1
SOBRAL,DESCONHECIDO,RUA JOSÉ LOPES PONTE,1
BATURITÉ,BATURITE,RUA ALVINA ALVES FERREIRA,1
SOBRAL,DESCONHECIDO,RUA JOSÉ PIERRE,1
SOBRAL,DESCONHECIDO,RUA JOSÉ RADIER DE SOUSA,1
BATURITÉ,BATURITE,RUA AUDIFAX MENDES,1
SOBRAL,DESCONHECIDO,RUA JOSÉ SABÓIA NETO,1
SOBRAL,DESCONHECIDO,RUA JOSÉ SOLON AGUIAR,1
BATURITÉ,BATURITE,RUA COMERCIANTE JOSÉ DIAS,1
SOBRAL,DESCONHECIDO,RUA JOÃO DIAS DE CARVALHO,1
SOBRAL,DESCONHECIDO,RUA JOÃO PAULO I,1
SOBRAL,DESCONHECIDO,RUA JOÃO XIMENES DO PRADO,1
SOBRAL,DESCONHECIDO,RUA JURITI,1
SOBRAL,DESCONHECIDO,RUA JUÁ,1
BATURITÉ,BATURITE,RUA CORONEL PEDRO CASTELO,1
SOBRAL,DESCONHECIDO,RUA LEONOR ÁUREA DE LOIOLA SIQUEIRA,1
SOBRAL,DESCONHECIDO,RUA LINDOLFO SOUZA ALBUQUERQUE,1
SOBRAL,DESCONHECIDO,RUA LUÍS SANTO AQUINO,1
SOBRAL,DESCONHECIDO,RUA MARIA ALICE BARRETO,1
SOBRAL,DESCONHECIDO,RUA MARIA ALICE BARRETO LIMA,1
SOBRAL,DESCONHECIDO,RUA MARIA DA GLÓRIA,1
SOBRAL,DESCONHECIDO,RUA MARIA DE LOURDES DE SOUSA,1
SOBRAL,DESCONHECIDO,RUA MARIA SELMA VASCONCELOS CARNEIRO,1
SOBRAL,DESCONHECIDO,RUA MARIANO FEIJÓ DE MELO,1
BATURITÉ,BATURITE,RUA EDITE SARAIVA CAVALCANTE,1
SOBRAL,DESCONHECIDO,RUA MENINO DEUS,1
SOBRAL,DESCONHECIDO,RUA MOISÉS PLÍNIO DE ARRUDA,1
BATURITÉ,BATURITE,RUA G,1
SOBRAL,DESCONHECIDO,RUA MONSENHOR LINHARES,1
BATURITÉ,BATURITE,RUA MONTE MOR,1
BATURITÉ,BATURITE,RUA PADRE ANTÔNIO PINTO,1
SOBRAL,DESCONHECIDO,RUA NOSSA SENHORA DE FÁTIMA,1
SOBRAL,DESCONHECIDO,RUA OLÁVO BILAC,1
SOBRAL,DESCONHECIDO,RUA ORIANO MENDES,1
SOBRAL,DESCONHECIDO,RUA PADRE CICERO,1
SOBRAL,DESCONHECIDO,RUA PADRE JOÃO MENDES LIRA,1
SOBRAL,DESCONHECIDO,RUA PADRE OSVALDO CHAVES,1
SOBRAL,DESCONHECIDO,RUA PADRE ÉDSON,1
SOBRAL,DESCONHECIDO,RUA PEDRO GRENDENE,1
SOBRAL,DESCONHECIDO,RUA PEDRO MENDES CARNEIRO,1
SOBRAL,DESCONHECIDO,RUA PIMENTEL GOMES,1
BATURITÉ,BATURITE,RUA QUINZE DE NOVEMBRO,1
BATURITÉ,BATURITE,RUA SENADOR JOÃO CORDEIRO,1
BATURITÉ,BATURITE,TRAVESSA COMERCIANTE QUINCAS PINHEIRO,1
SOBRAL,DESCONHECIDO,RUA PROFESSORA MARIA PINTO,1
SOBRAL,DESCONHECIDO,RUA RAIMUNDO ALVES,1
SOBRAL,DESCONHECIDO,RUA RAIMUNDO LUIZ DA COSTA,1
BATURITÉ,BATURITE,TRAVESSA DOUTOR JOÃO RAMOS,1
SOBRAL,DESCONHECIDO,RUA RAIMUNDO NEVES,1
SOBRAL,DESCONHECIDO,RUA RAIMUNDO NONATO VASCONCELOS,1
BATURITÉ,DESCONHECIDO,BECO IRMÃ RUBUSTINA,1
SOBRAL,DESCONHECIDO,RUA RESSURREIÇÃO,1
SOBRAL,DESCONHECIDO,RUA ROSA ROCHA,1
SOBRAL,DESCONHECIDO,RUA SALVADOR,1
SOBRAL,DESCONHECIDO,RUA SANTA CLARA,1
BATURITÉ,DESCONHECIDO,ESTRADA VÍA RIACHO DO PANTA,1
SOBRAL,DESCONHECIDO,RUA SANTA TEREZINHA,1
SOBRAL,DESCONHECIDO,RUA SAO JOAQUIM,1
SOBRAL,DESCONHECIDO,RUA SEBASTIÃO DA PEDREIRA,1
BATURITÉ,DESCONHECIDO,RUA CORAÇÃO DE JESUS,1
BATURITÉ,DESCONHECIDO,RUA COSME PASO MACIEL CARVALHO,1
BATURITÉ,DESCONHECIDO,RUA ROBUSTINA,1
SOBRAL,DESCONHECIDO,RUA SINÉZIO DE ALBUQUERQUE,1
SOBRAL,DESCONHECIDO,RUA SÃO CRISTÓVÃO,1
BATURITÉ,DESCONHECIDO,SITIO JESUÍTAS,1
SOBRAL,DESCONHECIDO,RUA TABELIÃO ILDEFONSO CAVALCANTE,1
BATURITÉ,DESCONHECIDO,SITIO OITICICA,1
BATURITÉ,DESCONHECIDO,TRAVESSA JOSÉ BRAULINO DE FREITAS,1
SOBRAL,DESCONHECIDO,RUA TULÍPA,1
BEBERIBE,DESCONHECIDO,AVENIDA A,1
BEBERIBE,DESCONHECIDO,AVENIDA MANOEL MACHADO,1
SOBRAL,DESCONHECIDO,RUA VENTURA,1
BEBERIBE,DESCONHECIDO,AVENIDA MARIA CALADO,1
SOBRAL,DESCONHECIDO,RUA VEREADOR NELSON TAVARES,1
SOBRAL,DESCONHECIDO,RUA VEREADOR RAIMUNDO NILO DONIZETE,1
SOBRAL,DESCONHECIDO,RUA VICENTE CORREIA DE SÁ,1
SOBRAL,DESCONHECIDO,RUA VICENTE CORRÊA,1
BEBERIBE,DESCONHECIDO,AVENIDA OMAR PEIXOTO,1
SOBRAL,DESCONHECIDO,RUA VIVIANE AGUIAR HOLANDA,1
SOBRAL,DESCONHECIDO,RUA ZIZI PONTES,1
SOBRAL,DESCONHECIDO,SITIO PÉ DE SERRA DO CÉDRO,1
SOBRAL,DESCONHECIDO,SITIO TANQUES,1
SOBRAL,DESCONHECIDO,TRAVESSA BANGU,1
SOBRAL,DESCONHECIDO,TRAVESSA DAS FLORES,1
SOBRAL,DESCONHECIDO,TRAVESSA ITÁLIA,1
SOBRAL,DESCONHECIDO,TRAVESSA JOAQUIM RODRIGUES FILHO,1
SOBRAL,DESCONHECIDO,TRAVESSA JOÃO XXIII,1
SOBRAL,DESCONHECIDO,TRAVESSA MARECHAL RONDON,1
SOBRAL,DESCONHECIDO,TRAVESSA PINTOR LEMOS,1
BEBERIBE,DESCONHECIDO,AVENIDA PEDRO MACIEL,1
SOBRAL,DESCONHECIDO,TRAVESSA VALDEMAR,1
BEBERIBE,DESCONHECIDO,BR-304,1
BEBERIBE,DESCONHECIDO,CE-123,1
SOLONÓPOLE,DESCONHECIDO,RUA COMÉRCIO,1
SOLONÓPOLE,DESCONHECIDO,RUA DO ORIENTE,1
BEBERIBE,DESCONHECIDO,ESTRADA DO CANAL DO TRABALHADOR,1
SOLONÓPOLE,DESCONHECIDO,RUA MANOEL ONIAS PINHEIRO,1
SOLONÓPOLE,DESCONHECIDO,RUA RAIMUNDO NOGUEIRA PINHEIRO,1
SOLONÓPOLE,DESCONHECIDO,SITIO ASSUNÇÃO NOVA,1
SOLONÓPOLE,DESCONHECIDO,SITIO ÁGUAS BELAS,1
SOLONÓPOLE,SOLONOPOLE,RUA GENERAL CLODOVEL JUSTO PINHEIRO,1
SÃO BENEDITO,DESCONHECIDO,AVENIDA BRANDÃO,1
SÃO BENEDITO,DESCONHECIDO,AVENIDA FRANCISCO JÚLIO FILIZOLA,1
SÃO BENEDITO,DESCONHECIDO,AVENIDA NOEME AMARAL,1
SÃO BENEDITO,DESCONHECIDO,AVENIDA SALMITO FERREIRA DE ALMEIDA,1
SÃO BENEDITO,DESCONHECIDO,AVENIDA SALMITO FERREIRA DE ANDRADE,1
SÃO BENEDITO,DESCONHECIDO,AVENIDA SANTÍSSIMA TRINDADE,1
BEBERIBE,DESCONHECIDO,ESTRADA DO POSTO PAI TEREZA LAGOA DA BOLACHA,1
SÃO BENEDITO,DESCONHECIDO,CAMINHO PARÁ Ó SÍTIO POTOS,1
BEBERIBE,DESCONHECIDO,ESTRADA DO TAPUIO,1
SÃO BENEDITO,DESCONHECIDO,CE-321,1
SÃO BENEDITO,DESCONHECIDO,ESTRADA CAMPO DE POUSO,1
SÃO BENEDITO,DESCONHECIDO,ESTRADA PARA SÍTIO MIRANDA,1
SÃO BENEDITO,DESCONHECIDO,ESTRADA PARÁ Ó SÍTIO LAGOA,1
SÃO BENEDITO,DESCONHECIDO,ESTRADA PAU DARCO UMBURANA,1
BEBERIBE,DESCONHECIDO,ESTRADA PRINCIPAL,1
SÃO BENEDITO,DESCONHECIDO,ESTRADA SÍTIO RECANTO,1
SÃO BENEDITO,DESCONHECIDO,RUA ANTONIO CÔCO,1
SÃO BENEDITO,DESCONHECIDO,RUA ANTÔNIO JÚLIO FILIZOLA,1
SÃO BENEDITO,DESCONHECIDO,RUA ANTÔNIO SOUZA SILVA,1
BEBERIBE,DESCONHECIDO,J574+C6 PARAJURU,1
SÃO BENEDITO,DESCONHECIDO,RUA CAPITÃO CARAPEBA,1
SÃO BENEDITO,DESCONHECIDO,RUA CAPITÃO MIRANDA,1
SÃO BENEDITO,DESCONHECIDO,RUA CORONEL TIBÚRCIO,1
SÃO BENEDITO,DESCONHECIDO,RUA DA ARENINHA,1
SÃO BENEDITO,DESCONHECIDO,RUA DOMINGOS PAIVA FILHO,1
BEBERIBE,DESCONHECIDO,POVOADO PONTA D`AGUA 2,1
BEBERIBE,DESCONHECIDO,RUA ANA MONTEIRO,1
BEBERIBE,DESCONHECIDO,RUA AÇUDE,1
BEBERIBE,DESCONHECIDO,RUA BENEDITO VIEIRA,1
BEBERIBE,DESCONHECIDO,RUA CHICO MATIAS,1
SÃO BENEDITO,DESCONHECIDO,RUA GUSTAVO MARQUES DE SOUSA,1
SÃO BENEDITO,DESCONHECIDO,RUA ISAURO XIMENES,1
BEBERIBE,DESCONHECIDO,RUA CINCO A,1
BEBERIBE,DESCONHECIDO,RUA CORONEL BIA,1
BEBERIBE,DESCONHECIDO,RUA DA PAZ,1
SÃO BENEDITO,DESCONHECIDO,RUA NESTOR JORGE DE SOUSA,1
SÃO BENEDITO,DESCONHECIDO,RUA NOSSA SENHORA DO PERPÉTUO SOCORRO,1
BEBERIBE,DESCONHECIDO,RUA DOS AMORÉS,1
BEBERIBE,DESCONHECIDO,RUA E,1
BEBERIBE,DESCONHECIDO,RUA EDISON MACHADO AGUIAR,1
SÃO BENEDITO,DESCONHECIDO,RUA VALFRIDO SALMITO,1
SÃO BENEDITO,DESCONHECIDO,SITIO CAMPO DE POUSO,1
SÃO BENEDITO,DESCONHECIDO,SITIO CARNAÚBA,1
BEBERIBE,DESCONHECIDO,RUA FRANCISCO MACIEL,1
BEBERIBE,DESCONHECIDO,RUA FRANCISCO XAVIER,1
BEBERIBE,DESCONHECIDO,RUA LUÍS BARBOSA,1
SÃO BENEDITO,DESCONHECIDO,SITIO PIRITUBA,1
SÃO BENEDITO,DESCONHECIDO,SITIO TRIÂNGULO,1
SÃO BENEDITO,DESCONHECIDO,TRAVESSA BRANDÃO,1
SÃO BENEDITO,DESCONHECIDO,TRAVESSA JOSÉ L FERNANDES,1
SÃO BENEDITO,DESCONHECIDO,TRAVESSA MANOEL JORGE,1
SÃO BENEDITO,DESCONHECIDO,TRAVESSA SANTOS DUMONT,1
SÃO BENEDITO,SAO BENEDITO,ESTRADA CHAPADA,1
SÃO GONÇALO DO AMARANTE,DESCONHECIDO,ASSENTAMENTO NOVO TAPUIO,1
SÃO GONÇALO DO AMARANTE,DESCONHECIDO,AVENIDA ANTÔNIO BRASILEIRO,1
BEBERIBE,DESCONHECIDO,RUA LUÍS CARDOSO PEROBA,1
BEBERIBE,DESCONHECIDO,RUA MARIA VENTURA,1
SÃO GONÇALO DO AMARANTE,DESCONHECIDO,BECO UM,1
BEBERIBE,DESCONHECIDO,RUA MOREIRA ROCHA,1
SÃO GONÇALO DO AMARANTE,DESCONHECIDO,CAMINHO DAS QUEIMADAS,1
BEBERIBE,DESCONHECIDO,RUA PEDRO DE QUEIROZ FERREIRA,1
SÃO GONÇALO DO AMARANTE,DESCONHECIDO,CE-341,1
SÃO GONÇALO DO AMARANTE,DESCONHECIDO,CE-343,1
SÃO GONÇALO DO AMARANTE,DESCONHECIDO,CE-348,1
BEBERIBE,DESCONHECIDO,RUA PRAINHA DO CANTO VERDE,1
BEBERIBE,DESCONHECIDO,RUA PRINCIPAL A,1
SÃO GONÇALO DO AMARANTE,DESCONHECIDO,CONJUNTO CONJUNTO NOVO,1
SÃO GONÇALO DO AMARANTE,DESCONHECIDO,ESTRADA CROATA-PARACURU,1
SÃO GONÇALO DO AMARANTE,DESCONHECIDO,ESTRADA DE ACESSO PARÁ Ó JACARÉ,1
SÃO GONÇALO DO AMARANTE,DESCONHECIDO,ESTRADA DO SAQUINHO,1
SÃO GONÇALO DO AMARANTE,DESCONHECIDO,ESTRADA PARÁ OS CARDEIROS,1
SÃO GONÇALO DO AMARANTE,DESCONHECIDO,ESTRADA POVOADO TABUBA,1
SÃO GONÇALO DO AMARANTE,DESCONHECIDO,ESTRADA SAQUINHO,1
BEBERIBE,DESCONHECIDO,RUA PROAFA,1
SÃO GONÇALO DO AMARANTE,DESCONHECIDO,ESTRADA SENTINDO GUARIBAS,1
SÃO GONÇALO DO AMARANTE,DESCONHECIDO,ESTRADA SIUPE PARACURU,1
SÃO GONÇALO DO AMARANTE,DESCONHECIDO,POVOADO FREXEIRA,1
SÃO GONÇALO DO AMARANTE,DESCONHECIDO,POVOADO ÁREA VERDE,1
BEBERIBE,DESCONHECIDO,RUA SOCÓ,1
SÃO GONÇALO DO AMARANTE,DESCONHECIDO,RODOVIA CE TREZENTOS QUARENTA OITO,1
BEBERIBE,DESCONHECIDO,RUA THOMAS MATIAS,1
BEBERIBE,DESCONHECIDO,RUA UM,1
SÃO GONÇALO DO AMARANTE,DESCONHECIDO,RUA ANTÔNIO MARQUES,1
SÃO GONÇALO DO AMARANTE,DESCONHECIDO,RUA CAPITÃO INÁCIO PRATA,1
SÃO GONÇALO DO AMARANTE,DESCONHECIDO,RUA CARAÚBAS,1
SÃO GONÇALO DO AMARANTE,DESCONHECIDO,RUA CLODOALDO ALCÂNTARA,1
SÃO GONÇALO DO AMARANTE,DESCONHECIDO,RUA DA TIBORNA,1
SÃO GONÇALO DO AMARANTE,DESCONHECIDO,RUA DO COBRE,1
SÃO GONÇALO DO AMARANTE,DESCONHECIDO,RUA DO POSTO DE SAÚDE,1
SÃO GONÇALO DO AMARANTE,DESCONHECIDO,RUA DOCA MORAIS,1
SÃO GONÇALO DO AMARANTE,DESCONHECIDO,RUA DOMINGOS TABAJARA,1
SÃO GONÇALO DO AMARANTE,DESCONHECIDO,RUA DONA BIDA,1
BEBERIBE,DESCONHECIDO,RUA VALDEMAR FERREIRA DAS CHAGAS,1
SÃO GONÇALO DO AMARANTE,DESCONHECIDO,RUA DONÁ MOCINHA,1
SÃO GONÇALO DO AMARANTE,DESCONHECIDO,RUA ESTRADA DA LIBERDADE,1
SÃO GONÇALO DO AMARANTE,DESCONHECIDO,RUA FRANCISCO BARBOSA,1
SÃO GONÇALO DO AMARANTE,DESCONHECIDO,RUA FRANCISCO CARCIO,1
SÃO GONÇALO DO AMARANTE,DESCONHECIDO,RUA FRANCISCO CÂNDIDO,1
SÃO GONÇALO DO AMARANTE,DESCONHECIDO,RUA FRANCISCO MARTINS DA SILVA,1
BEBERIBE,DESCONHECIDO,SITIO CARAÚBAS,1
SÃO GONÇALO DO AMARANTE,DESCONHECIDO,RUA IVETE ALCÂNTARA,1
SÃO GONÇALO DO AMARANTE,DESCONHECIDO,RUA JOANA MELÍCIA,1
SÃO GONÇALO DO AMARANTE,DESCONHECIDO,RUA JONAS ALCÂNTARA,1
SÃO GONÇALO DO AMARANTE,DESCONHECIDO,RUA JOSÉ BARROS DE OLIVEIRA,1
SÃO GONÇALO DO AMARANTE,DESCONHECIDO,RUA JOSÉ IRANILDO,1
SÃO GONÇALO DO AMARANTE,DESCONHECIDO,RUA JOSÉ PAIVA,1
SÃO GONÇALO DO AMARANTE,DESCONHECIDO,RUA JÚLIO MORAES,1
SÃO GONÇALO DO AMARANTE,DESCONHECIDO,RUA MAQUINÉ,1
BELA CRUZ,DESCONHECIDO,BR-402,1
SÃO GONÇALO DO AMARANTE,DESCONHECIDO,RUA MARIA DE LOURDES SAMPAIO,1
SÃO GONÇALO DO AMARANTE,DESCONHECIDO,RUA MESSÍAS ROCHA,1
SÃO GONÇALO DO AMARANTE,DESCONHECIDO,RUA MOCINHA,1
BELA CRUZ,DESCONHECIDO,BR-403,1
SÃO GONÇALO DO AMARANTE,DESCONHECIDO,RUA PORFIRIO DE ARAUJO,1
SÃO GONÇALO DO AMARANTE,DESCONHECIDO,RUA PROFESSOR JOSÉ DENILSON,1
SÃO GONÇALO DO AMARANTE,DESCONHECIDO,RUA RAIMUNDO BRAGA DO NASCIMENTO,1
BELA CRUZ,DESCONHECIDO,ESTRADA BAIXA NOVA SENTIDO A BAIXA DOS FAUSTINO,1
BELA CRUZ,DESCONHECIDO,RUA ANICETO PINTO VASCONCELOS,1
SÃO GONÇALO DO AMARANTE,DESCONHECIDO,RUA RODRIGUES BARROS,1
SÃO GONÇALO DO AMARANTE,DESCONHECIDO,RUA VALDECIR SERAFIM DOS SANTOS,1
BELA CRUZ,DESCONHECIDO,RUA CHAPADINHA,1
BELA CRUZ,DESCONHECIDO,RUA GERALDO FERREIRA ROCHA,1
SÃO GONÇALO DO AMARANTE,DESCONHECIDO,RUA VEREADOR CESÁRIO,1
SÃO GONÇALO DO AMARANTE,DESCONHECIDO,RUA VICENTE DA COSTA SAMPAIO,1
BELA CRUZ,DESCONHECIDO,RUA HUMAITÁ,1
SÃO GONÇALO DO AMARANTE,DESCONHECIDO,SITIO JAQUAREQUARA,1
BELA CRUZ,DESCONHECIDO,RUA JOÃO GEVES DE ARAÚJO,1
ABAIARA,ABAIARA,AVENIDA PADRE IBIAPINA,1
BELA CRUZ,DESCONHECIDO,RUA PROFESSOR NICÁCIO,1
SÃO JOÃO DO JAGUARIBE,DESCONHECIDO,RUA PADRE JOÃO MENDES,1
SÃO JOÃO DO JAGUARIBE,DESCONHECIDO,RUA PEDRO PAULO,1
SÃO JOÃO DO JAGUARIBE,DESCONHECIDO,RUA PRIMEIRO DE JUNHO,1
SÃO JOÃO DO JAGUARIBE,SAO JOAO DO JAGUARIBE,ESTRADA SEM NOME,1
SÃO LUÍS DO CURU,DESCONHECIDO,ESTRADA DO PENTECOSTE,1
SÃO LUÍS DO CURU,DESCONHECIDO,RUA ELISEU FERNANDES CRUZ,1
SÃO LUÍS DO CURU,SAO LUIS DO CURU,ESTRADA SEM NOME,1
SÃO LUÍS DO CURU,SAO LUIS DO CURU,RUA ROCHAEL MOREIRA,1
SÃO LUÍS DO CURU,SAO LUIS DO CURU,RUA VALDEMAR ALVES DE FREITAS,1
TABULEIRO DO NORTE,DESCONHECIDO,AVENIDA VEREADOR MANOEL DA GANGORRINHA,1
BELA CRUZ,DESCONHECIDO,RUA SETE DE SETEMBRO,1
BELA CRUZ,DESCONHECIDO,SITIO VILA DOS RIBEIROS,1
BOA VIAGEM,DESCONHECIDO,AVENIDA PADRE ANTÔNIO CORRÊA DE SÁ,1
BOA VIAGEM,DESCONHECIDO,ESTRADA CACHOEIRA,1
TABULEIRO DO NORTE,DESCONHECIDO,ESTRADA TABULEIRO DO NORTE - BEBEDOURO,1
TABULEIRO DO NORTE,DESCONHECIDO,RUA AVELINO MAGALHÃES,1
TABULEIRO DO NORTE,DESCONHECIDO,RUA ELISEU DA COSTA LIMA,1
TABULEIRO DO NORTE,DESCONHECIDO,RUA ENÉAS MOREIRA DE ALENCAR,1
TABULEIRO DO NORTE,DESCONHECIDO,RUA FRANCISCO MOREIRA,1
TABULEIRO DO NORTE,DESCONHECIDO,RUA ISAAC BESSA CONRRADO,1
BOA VIAGEM,DESCONHECIDO,ESTRADA CONCEIÇÃO A GUIA,1
TABULEIRO DO NORTE,DESCONHECIDO,RUA JOAQUIM IZÍDIO GADELHA,1
BOA VIAGEM,DESCONHECIDO,ESTRADA ESTREITO 1,1
BOA VIAGEM,DESCONHECIDO,ESTRADA FAZENDA BOA ESPERANÇA,1
TABULEIRO DO NORTE,DESCONHECIDO,RUA VEREADOR LUÍS CHAVES,1
BOA VIAGEM,DESCONHECIDO,ESTRADA OLHO D'ÁGUA DOS FACUNDOS,1
BOA VIAGEM,DESCONHECIDO,ESTRADA PARA BARRA DOS MOREIRAS,1
BOA VIAGEM,DESCONHECIDO,ESTRADA PARA CAPITÃO MOR,1
TABULEIRO DO NORTE,DESCONHECIDO,SITIO PATOS,1
TABULEIRO DO NORTE,DESCONHECIDO,SITIO POÇO BARRETO,1
TAMBORIL,DESCONHECIDO,CE-266,1
TAMBORIL,DESCONHECIDO,ESTRADA CÉDRO,1
TAMBORIL,DESCONHECIDO,ESTRADA GROTA VERDE A CHUPADOR,1
BOA VIAGEM,DESCONHECIDO,ESTRADA PARÁ,1
TAMBORIL,DESCONHECIDO,R. LUIZ PEREIRA DE PAIVA,1
TAMBORIL,DESCONHECIDO,RUA ANTÔNIA LUZENIR CAMELO,1
TAMBORIL,DESCONHECIDO,RUA CIRO OTÁVIO,1
TAMBORIL,DESCONHECIDO,RUA CORONEL SALUSTIANO,1
TAMBORIL,DESCONHECIDO,RUA EDMILSON DE SOUZA ARAÚJO,1
TAMBORIL,DESCONHECIDO,RUA FAR JOÃO RODRIGUES,1
TAMBORIL,DESCONHECIDO,RUA FRANCISCO DE ASSIS GOMES RUFINO,1
TAMBORIL,DESCONHECIDO,RUA FRANCISCO MARTINS DE HOLANDA,1
TAMBORIL,DESCONHECIDO,RUA FRANCISCO MENDES,1
BOA VIAGEM,DESCONHECIDO,ESTRADA VÁRZEA DA IPUEIRA,1
TAMBORIL,DESCONHECIDO,RUA MONSENHOR HOLANDA,1
TAMBORIL,DESCONHECIDO,RUA VICENTE ALVES DO VALÊ,1
TAMBORIL,DESCONHECIDO,RUA VICENTE FERREIRA,1
TAMBORIL,DESCONHECIDO,SEMINÁRIO DE SUCESSO,1
TAMBORIL,DESCONHECIDO,VILA AMARO,1
TARRAFAS,DESCONHECIDO,ESTRADA SEM NOME,1
TARRAFAS,DESCONHECIDO,RUA OSCÁR CÂNDIDO DE ARAÚJO,1
TARRAFAS,DESCONHECIDO,RUA SÃO JOSÉ,1
TAUÁ,DESCONHECIDO,AVENIDA CHERMONT ALVES DE OLIVEIRA,1
TAUÁ,DESCONHECIDO,AVENIDA FRANCISCA CAVALCANTE FIÁLHO,1
BOA VIAGEM,DESCONHECIDO,FAZENDA ARVOREDO,1
TAUÁ,DESCONHECIDO,BR-020,1
TAUÁ,DESCONHECIDO,CE-168,1
TAUÁ,DESCONHECIDO,CE-187,1
TAUÁ,DESCONHECIDO,ESTRADA CE TAUÁ ARNEIROZ APOS A ENTRAD,1
TAUÁ,DESCONHECIDO,ESTRADA DA CONFIANCA PARÁ TAUÁ,1
TAUÁ,DESCONHECIDO,FAZENDA FORQUILHA,1
TAUÁ,DESCONHECIDO,R. MARIA MOTA VIANA ABREU,1
TAUÁ,DESCONHECIDO,RODOVIA DA CONFIANÇA,1
BOA VIAGEM,DESCONHECIDO,FAZENDA VARZINHA,1
TAUÁ,DESCONHECIDO,RUA A,1
TAUÁ,DESCONHECIDO,RUA A2,1
BOA VIAGEM,DESCONHECIDO,RODOVIA CE,1
TAUÁ,DESCONHECIDO,RUA ALFREDO FERREIRA VALE,1
TAUÁ,DESCONHECIDO,RUA AMÂNCIO CORDEIRO JÚNIOR,1
TAUÁ,DESCONHECIDO,RUA ANTÔNIO JATAÍ SOBRINHO,1
TAUÁ,DESCONHECIDO,RUA CEM,1
TAUÁ,DESCONHECIDO,RUA DA ESPERANÇA,1
TAUÁ,DESCONHECIDO,RUA DA IGREJA,1
TAUÁ,DESCONHECIDO,RUA DOIS DE AGOSTO,1
TAUÁ,DESCONHECIDO,RUA DONDON FEITOSA,1
TAUÁ,DESCONHECIDO,RUA DOUTOR BERNARDO DE CASTRO FEITOSA,1
TAUÁ,DESCONHECIDO,RUA DOUTOR ROBERTO ANDU,1
TAUÁ,DESCONHECIDO,RUA EMILIANO FERREIRA FERRO,1
TAUÁ,DESCONHECIDO,RUA HORÁCIO MARQUÊS,1
TAUÁ,DESCONHECIDO,RUA JOÃO RUFINO DE LUCENA,1
TAUÁ,DESCONHECIDO,RUA LULU GONÇALVES,1
BOA VIAGEM,DESCONHECIDO,RODOVIA DOUTOR SÓLON XIMENES ARAGÃO,1
TAUÁ,DESCONHECIDO,RUA MANOEL ARAÚJO CHAVES,1
TAUÁ,DESCONHECIDO,RUA MONSENHOR JUVINIANO BARRETO,1
TAUÁ,DESCONHECIDO,RUA PEDRO ALVES FEITOSA,1
TAUÁ,DESCONHECIDO,RUA PÔR DO SOL,1
TAUÁ,DESCONHECIDO,RUA RAIMUNDO ANÍSIO GONÇALVES,1
TAUÁ,DESCONHECIDO,RUA RAIMUNDO SANTOS MOTA,1
TAUÁ,DESCONHECIDO,RUA SABINO FERREIRA,1
TAUÁ,DESCONHECIDO,RUA SEFISA F. SOUZA,1
TAUÁ,DESCONHECIDO,RUA SEIS,1
TAUÁ,DESCONHECIDO,RUA TEMISTOCLES FIALHO,1
TAUÁ,DESCONHECIDO,RUA VENERANDO ALEXANDRINO,1
TAUÁ,DESCONHECIDO,SITIO CATINGUEIRA,1
TEJUÇUOCA,DESCONHECIDO,CONJUNTO JOSÉ,1
TEJUÇUOCA,DESCONHECIDO,ESTRADA APUIARES A LOGRADOURO,1
TEJUÇUOCA,DESCONHECIDO,ESTRADA CAIÇARA LOGRADOURO,1
TEJUÇUOCA,DESCONHECIDO,ESTRADA CAIÇARA RIACHO DOS PORCOS,1
TEJUÇUOCA,DESCONHECIDO,ESTRADA JERIMUM,1
TEJUÇUOCA,DESCONHECIDO,ESTRADA MONTE TEJUCUOCA,1
TEJUÇUOCA,DESCONHECIDO,ESTRADA RAPINA MACACO,1
BOA VIAGEM,DESCONHECIDO,RODOVIA PRESIDENTE JUSCELINO KUBITSCHEK,1
TEJUÇUOCA,DESCONHECIDO,ESTRADA VERTENTES CAIÇARA,1
BOA VIAGEM,DESCONHECIDO,RUA ALFREDO TERCEIRO,1
TEJUÇUOCA,DESCONHECIDO,RUA ALFREDO COELHO DA CRUZ,1
BOA VIAGEM,DESCONHECIDO,RUA ALUÍSIO XIMENES DE ARAGÃO,1
TEJUÇUOCA,DESCONHECIDO,RUA ANTÔNIO TEIXEIRA MARQUES,1
BOA VIAGEM,DESCONHECIDO,RUA ANTENOR GOMES DE BARROS LEAL,1
TEJUÇUOCA,DESCONHECIDO,RUA CATÃO ANDRADE DE ARAÚJO,1
TEJUÇUOCA,DESCONHECIDO,RUA DO CAMPO,1
TEJUÇUOCA,DESCONHECIDO,RUA FRANCISCO DAS CHAGAS BARROSO SALES,1
TEJUÇUOCA,DESCONHECIDO,RUA JOSÉ ANDRADE DE SOUZA,1
TEJUÇUOCA,DESCONHECIDO,RUA LUÍS SILVA MOTA,1
BOA VIAGEM,DESCONHECIDO,RUA ANTÔNIO CARNEIRO DE FREITAS,1
TEJUÇUOCA,DESCONHECIDO,RUA PRINCIPAL,1
TIANGUÁ,DESCONHECIDO,AVENIDA AFONSO MARANGUAPE,1
TIANGUÁ,DESCONHECIDO,AVENIDA MOISÉS MOITA,1
TIANGUÁ,DESCONHECIDO,AVENIDA NEZITO TEXEIRA,1
BOA VIAGEM,DESCONHECIDO,RUA ANTÔNIO DOMINGUES,1
TIANGUÁ,DESCONHECIDO,ESTRADA CARACÓL A TABOCA,1
TIANGUÁ,DESCONHECIDO,ESTRADA PARÁ ITAGUARUNA,1
BOA VIAGEM,DESCONHECIDO,RUA ELIEL RAFAEL DA SILVA,1
TIANGUÁ,DESCONHECIDO,ESTRADA SÍTIO LAGES,1
BOA VIAGEM,DESCONHECIDO,RUA FELISBELO VIÊIRA FREITAS,1
TIANGUÁ,DESCONHECIDO,RODOVIA BR-222,1
TIANGUÁ,DESCONHECIDO,RUA 31 DE JULHO,1
TIANGUÁ,DESCONHECIDO,RUA AILA CORREIA,1
TIANGUÁ,DESCONHECIDO,RUA ANTÔNIO NUNES DE MENEZES,1
TIANGUÁ,DESCONHECIDO,RUA ASSEMBLÉIA DE DEUS,1
TIANGUÁ,DESCONHECIDO,RUA BELA VISTA,1
TIANGUÁ,DESCONHECIDO,RUA DA CAIXA D'ÁGUA,1
BOA VIAGEM,DESCONHECIDO,RUA FRANCISCO CAMURÇA,1
TIANGUÁ,DESCONHECIDO,RUA FRANCISCA ALBUQUERQUE ALVES,1
TIANGUÁ,DESCONHECIDO,RUA FRANCISCO AILTON SILVA,1
BOA VIAGEM,DESCONHECIDO,RUA IZAAC FRAGOSO VIEIRA,1
TIANGUÁ,DESCONHECIDO,RUA FRANCISCO CÂNDIDO DE SÁ,1
BOA VIAGEM,DESCONHECIDO,RUA JOSÉ CÂNDIDO DE CARVALHO,1
TIANGUÁ,DESCONHECIDO,RUA NOSSA SENHORA DO PERPÉTUO SOCORRO,1
TIANGUÁ,DESCONHECIDO,RUA NOSSA SENHORA DOS PRAZERES,1
TIANGUÁ,DESCONHECIDO,RUA ODILON ÁGUIAR,1
TIANGUÁ,DESCONHECIDO,RUA PRESBÍTERO JOÃO RODOLFO PESSOA,1
TIANGUÁ,DESCONHECIDO,RUA PRESBÍTERO RAMALHO,1
TIANGUÁ,DESCONHECIDO,RUA SANTA MARTA,1
TIANGUÁ,DESCONHECIDO,RUA SÃO PEDRO,1
BOA VIAGEM,DESCONHECIDO,RUA JOSÉ DE QUEIRÓS SAMPAIO,1
BOA VIAGEM,DESCONHECIDO,RUA JOSÉ PEDRO DE SOUSA,1
BOA VIAGEM,DESCONHECIDO,RUA JOSÉ SILVEIRA DE SOUZA,1
TIANGUÁ,DESCONHECIDO,SITIO MALHADAS DOS BOIS,1
TIANGUÁ,DESCONHECIDO,TRAVESSA ESTRADA SÍTIO JANEIRO,1
TIANGUÁ,TIANGUA,AVENIDA ENF. JOSÉ EVANGELISTA DE VASCONCELOS,1
TIANGUÁ,TIANGUA,AVENIDA JOSÉ NOGUEIRA,1
TIANGUÁ,TIANGUA,AVENIDA LAIR FÉLIX NUNES,1
TIANGUÁ,TIANGUA,AVENIDA LUIZ GONZAGA DE VASCONCELOS,1
TIANGUÁ,TIANGUA,AVENIDA PERFEITO ANTÔNIO HUMBERTO DE VASCONCELOS,1
BOA VIAGEM,DESCONHECIDO,RUA JOSÉ VIÊIRA COSTA,1
TIANGUÁ,TIANGUA,CE-240,1
TIANGUÁ,TIANGUA,ESTRADA SEM NOME,1
TIANGUÁ,TIANGUA,RUA 13 DE JUNHO,1
TIANGUÁ,TIANGUA,RUA 31 DE JULHO,1
TIANGUÁ,TIANGUA,RUA ADALTO DAMASCENO VASCONCELOS,1
TIANGUÁ,TIANGUA,RUA ASSEMBLEIA DE DEUS,1
BOA VIAGEM,DESCONHECIDO,RUA JOÃO CARNEIRO DE OLIVEIRA,1
BOA VIAGEM,DESCONHECIDO,RUA JOÃO RAIMUNDO DO NASCIMENTO,1
BOA VIAGEM,DESCONHECIDO,RUA LUIZ GONZAGA FERREIRA DE ALMEIDA,1
TIANGUÁ,TIANGUA,RUA DEUSDEDITH BEZERRA SILVA,1
TIANGUÁ,TIANGUA,RUA DOCTOR EDIVALDO COELHO MOITA,1
BOA VIAGEM,DESCONHECIDO,RUA MANOEL AMARO DE OLIVEIRA,1
TIANGUÁ,TIANGUA,RUA FRANCISCO GENTIL DE FARIAS,1
TIANGUÁ,TIANGUA,RUA FRANCISCO SOARES DA COSTA,1
TIANGUÁ,TIANGUA,RUA JOAQUINA TELES DE MENESES,1
TIANGUÁ,TIANGUA,RUA JOSÉ GOMES DINIZ,1
BOA VIAGEM,DESCONHECIDO,RUA MARIA AGUIAR ARAGÃO,1
TIANGUÁ,TIANGUA,RUA MADALENA NUNES,1
BOA VIAGEM,DESCONHECIDO,RUA MARIA ALVES ROCHA,1
TIANGUÁ,TIANGUA,RUA MANOEL NOGUEIRA MOTA,1
TIANGUÁ,TIANGUA,RUA MANOEL SIMÃO BATISTA,1
TIANGUÁ,TIANGUA,RUA MESSÍAS ÁGUIAR,1
TIANGUÁ,TIANGUA,RUA PISTA DE POUSO,1
TIANGUÁ,TIANGUA,RUA PRESBÍTERO JOÃO RODOLFO PESSOA,1
BOA VIAGEM,DESCONHECIDO,RUA MARIA DA CONCEIÇÃO ALVES DE MELO,1
TIANGUÁ,TIANGUA,RUA SANTO ANTÔNIO,1
BOA VIAGEM,DESCONHECIDO,RUA MONSENHOR JOSÉ CÂNDIDO,1
TIANGUÁ,TIANGUA,SÍTIO SÃO JOÃO,1
TRAIRI,DESCONHECIDO,AVENIDA ANTÔNIO,1
TRAIRI,DESCONHECIDO,AVENIDA BOA ESPERANÇA,1
TRAIRI,DESCONHECIDO,AVENIDA DOCA MALAQUIAS,1
TRAIRI,DESCONHECIDO,AVENIDA MIGUEL PINTO FERREIRA,1
BOA VIAGEM,DESCONHECIDO,RUA PADRE ANTÔNIO CORREIA DE SÁ,1
TRAIRI,DESCONHECIDO,AVENIDA PADRE TOMÁS FELIU AMENGUAL,1
BOA VIAGEM,DESCONHECIDO,RUA RAIMUNDO DA CUNHA RAMOS,1
TRAIRI,DESCONHECIDO,BECO JOSÉ ARMANDO,1
TRAIRI,DESCONHECIDO,CE-085,1
BOA VIAGEM,DESCONHECIDO,RUA SÁBINO PEREIRA,1
TRAIRI,DESCONHECIDO,CE-240,1
BOA VIAGEM,DESCONHECIDO,RUA SÃO VICENTE DE PAULA,1
TRAIRI,DESCONHECIDO,ESTRADA BARRENTO CANAÃ,1
TRAIRI,DESCONHECIDO,ESTRADA BOM FIM 1,1
TRAIRI,DESCONHECIDO,ESTRADA CANA BRAVA,1
TRAIRI,DESCONHECIDO,ESTRADA CANAÃ,1
TRAIRI,DESCONHECIDO,ESTRADA DO PORÃO,1
BOA VIAGEM,DESCONHECIDO,RUA TARCÍSIO XAVIER,1
TRAIRI,DESCONHECIDO,ESTRADA PARÁ,1
BOA VIAGEM,DESCONHECIDO,RUA TEÓFILO DA COSTA FILHO,1
TRAIRI,DESCONHECIDO,ESTRADA PARÁ TRAÍRI,1
TRAIRI,DESCONHECIDO,ESTRADA PARÁ Ó GENIPAPEIRO TRAÍRI,1
TRAIRI,DESCONHECIDO,ESTRADA PRÁ CEMOABA,1
BOA VIAGEM,DESCONHECIDO,RUA ZENEIDA VIEIRA BRUNO,1
TRAIRI,DESCONHECIDO,ESTRADA TRANS LITORÂNEA,1
TRAIRI,DESCONHECIDO,ESTRADA TRAÍRI CANAAN,1
BOA VIAGEM,DESCONHECIDO,VILA CANINDEZINHO,1
TRAIRI,DESCONHECIDO,PADRE ANCHIETA,1
TRAIRI,DESCONHECIDO,POVOADO BACUMIXA DE BAIXO,1
TRAIRI,DESCONHECIDO,POVOADO FEIJÃO DE BAIXO,1
TRAIRI,DESCONHECIDO,R. ESTIVAS,1
TRAIRI,DESCONHECIDO,RUA ALAGADICO,1
TRAIRI,DESCONHECIDO,RUA ALTO ALEGRE,1
TRAIRI,DESCONHECIDO,RUA ANTÔNIO AMARO,1
BREJO SANTO,DESCONHECIDO,AVENIDA ANTÔNIO DENGUINHO DE SANTANA,1
TRAIRI,DESCONHECIDO,RUA ASSUCENA,1
TRAIRI,DESCONHECIDO,RUA BILIZA,1
TRAIRI,DESCONHECIDO,RUA C,1
TRAIRI,DESCONHECIDO,RUA CAETANO FLORES,1
TRAIRI,DESCONHECIDO,RUA CENTRAL,1
TRAIRI,DESCONHECIDO,RUA CÂNDIDO GONÇALVES,1
TRAIRI,DESCONHECIDO,RUA DA ARENINHA,1
BREJO SANTO,DESCONHECIDO,AVENIDA TONHEIRO TAVÁRES,1
TRAIRI,DESCONHECIDO,RUA DA PULGA,1
TRAIRI,DESCONHECIDO,RUA DAVID ROCHA,1
TRAIRI,DESCONHECIDO,RUA DO ALTO,1
TRAIRI,DESCONHECIDO,RUA DO CAMPO,1
TRAIRI,DESCONHECIDO,RUA DO MERCADO,1
TRAIRI,DESCONHECIDO,RUA DO PORTUGUÊS,1
TRAIRI,DESCONHECIDO,RUA DONA LÍDIA,1
BREJO SANTO,DESCONHECIDO,ESTRADA DO SÍTIO PITOMBEIRA,1
TRAIRI,DESCONHECIDO,RUA DONA RITA,1
BREJO SANTO,DESCONHECIDO,ESTRADA SEM NOME,1
TRAIRI,DESCONHECIDO,RUA DOUTOR CÉLSO BARROSO,1
BREJO SANTO,DESCONHECIDO,RUA ARISTÍDES NÉZINHO,1
TRAIRI,DESCONHECIDO,RUA ELIAS FERREIRA,1
TRAIRI,DESCONHECIDO,RUA ESMERALDA,1
BREJO SANTO,DESCONHECIDO,RUA DOUTOR MARCELO TEIXEIRA,1
TRAIRI,DESCONHECIDO,RUA HOSPITAL,1
TRAIRI,DESCONHECIDO,RUA JOSEFA MARTINS,1
TRAIRI,DESCONHECIDO,RUA JOSÉ DIAS DE SENA,1
BREJO SANTO,DESCONHECIDO,RUA FRANCISCO BASÍLIO,1
TRAIRI,DESCONHECIDO,RUA JOSÉ RODRIGUES,1
TRAIRI,DESCONHECIDO,RUA MANOEL TEIXEIRA,1
TRAIRI,DESCONHECIDO,RUA MARCILENE,1
BREJO SANTO,DESCONHECIDO,RUA FRANCISCO DE SOUZA NETO,1
TRAIRI,DESCONHECIDO,RUA MIGUEL LOPES,1
TRAIRI,DESCONHECIDO,RUA PRINCIPAL,1
TRAIRI,DESCONHECIDO,RUA PROFESSOR JOÃO VERÔNICA,1
TRAIRI,DESCONHECIDO,RUA RAIMUNDO NATO,1
BREJO SANTO,DESCONHECIDO,RUA JOAQUIM INÁCIO DE LUCENA,1
TRAIRI,DESCONHECIDO,RUA TOLENTINO CHAVES,1
TRAIRI,DESCONHECIDO,RUA TRÊS,1
TRAIRI,DESCONHECIDO,RUA UM,1
BREJO SANTO,DESCONHECIDO,RUA JOSÉ ARISTARCO BRAZ,1
TRAIRI,DESCONHECIDO,RUA VICENTE VIANA,1
TRAIRI,DESCONHECIDO,RUA ZEQUIAS E. DA CUNHA,1
TRAIRI,DESCONHECIDO,TRAVESSA BAIXA GRANDE,1
TRAIRI,DESCONHECIDO,TRAVESSA DA MATRIZ,1
TRAIRI,DESCONHECIDO,TRAVESSA JOÃO EMÍLIO,1
TRAIRI,DESCONHECIDO,UBAIA,1
TRAIRI,DESCONHECIDO,VILA MARIANO,1
TRAIRI,TRAIRI,ESTRADA PARÁ ESPERINHA,1
BREJO SANTO,DESCONHECIDO,RUA MANDEL A. CABRAL,1
BREJO SANTO,DESCONHECIDO,RUA MANOEL INÁCIO BEZERRA,1
TURURU,DESCONHECIDO,ESTRADA TURURU ÁGUA PRETA,1
TURURU,DESCONHECIDO,POVOADO CACIMBAS,1
BREJO SANTO,DESCONHECIDO,RUA MANOEL ÂNGELO DA SILVA,1
TURURU,DESCONHECIDO,RODOVIA BRUNILO JACÓ DE CASTRO E SILVA,1
TURURU,DESCONHECIDO,RUA CHICO PEDRO,1
TURURU,DESCONHECIDO,RUA JOSÉ FACUNDES DE SOUSA,1
BREJO SANTO,DESCONHECIDO,RUA PEDRO CRISÓSTOMO,1
UBAJARA,DESCONHECIDO,538R+VC,1
UBAJARA,DESCONHECIDO,CE-187,1
UBAJARA,DESCONHECIDO,ESTRADA PARÁ SANTA LUZIA,1
BREJO SANTO,DESCONHECIDO,RUA PROJETADA,1
UBAJARA,DESCONHECIDO,POVOADO DE CHAPADA,1
UBAJARA,DESCONHECIDO,PRAÇA ANTÔNIO FURTADO PINTO,1
UBAJARA,DESCONHECIDO,RODOVIA BR-222,1
UBAJARA,DESCONHECIDO,RUA CAMILO FERREIRA,1
UBAJARA,DESCONHECIDO,RUA CESÁRIO CUNHA,1
UBAJARA,DESCONHECIDO,RUA DOMINGOS FERREIRA,1
UBAJARA,DESCONHECIDO,RUA FRANCISCO BOLIVAR,1
UBAJARA,DESCONHECIDO,RUA JOANA PERDIGÃO PEREIRA,1
BREJO SANTO,DESCONHECIDO,RUA SANTA TEREZINHA,1
UBAJARA,DESCONHECIDO,RUA JOSÉ CUNHA SOARES,1
UBAJARA,DESCONHECIDO,RUA JOSÉ RUFINO PEREIRA,1
UBAJARA,DESCONHECIDO,RUA JUVENTINA PERDIGÃO,1
UBAJARA,DESCONHECIDO,RUA JUVÊNCIO LUIZ PEREIRA,1
UBAJARA,DESCONHECIDO,RUA LUIZ CUNHA,1
UBAJARA,DESCONHECIDO,RUA MARIA DE LOURDES,1
UBAJARA,DESCONHECIDO,RUA PRAXEDES DE ANDRADE,1
UBAJARA,DESCONHECIDO,RUA SALUSTIANO DE ALMEIDA,1
BREJO SANTO,DESCONHECIDO,RUA VALDEMAR NAPOLEÃO DE ARAUJO,1
UBAJARA,DESCONHECIDO,SITIO DO MEIO,1
UBAJARA,DESCONHECIDO,SITIO IPUZINHO,1
UBAJARA,DESCONHECIDO,SITIO JENIPAPO,1
UBAJARA,DESCONHECIDO,SITIO LUZIA,1
BREJO SANTO,DESCONHECIDO,RUA VEREADOR ELIZEU GOMES DE LUCENA,1
UBAJARA,DESCONHECIDO,SITIO PALMEIRINHA,1
BREJO SANTO,DESCONHECIDO,SITIO BAIXIO DO BOI,1
UMIRIM,DESCONHECIDO,ESTRADA JOAQUIM,1
UMIRIM,DESCONHECIDO,ESTRADA MOREIRA PARÁ MIRANDA,1
BREJO SANTO,DESCONHECIDO,SITIO CARRASCO,1
BREJO SANTO,DESCONHECIDO,SITIO LAGOA DA VACA,1
UMIRIM,DESCONHECIDO,RUA JACA PARAÍBA,1
UMIRIM,DESCONHECIDO,RUA LUIZ MOURA,1
URUBURETAMA,DESCONHECIDO,ESTRADA DO TAMBOATÁ,1
URUBURETAMA,DESCONHECIDO,ESTRADA ITALCOMI | ITAPAJÉ,1
URUBURETAMA,URUBURETAMA,AVENIDA ARTUR RODRIGUES VASCONCELOS,1
URUBURETAMA,URUBURETAMA,CE-243;URB-040,1
URUBURETAMA,URUBURETAMA,RUA JOSÉ PIRES CHAVES,1
URUOCA,DESCONHECIDO,AVENIDA BRASÍLIA,1
URUOCA,DESCONHECIDO,AVENIDA JOAO BATISTA DE VASCONCELOS,1
URUOCA,DESCONHECIDO,RUA ANTÔNIO ARRUDA,1
URUOCA,DESCONHECIDO,RUA BENEVIDES MOREIRA,1
URUOCA,DESCONHECIDO,RUA JOÃO BATISTA DE VASCONCELOS,1
URUOCA,DESCONHECIDO,RUA NOSSA SENHORA DAS GRAÇAS,1
URUOCA,DESCONHECIDO,RUA ROBERTO OLÍMPIO,1
URUOCA,DESCONHECIDO,RUA VICENTE DE PAULA FERREIRA,1
URUOCA,DESCONHECIDO,TRAVESSA FIRMO XIMENES ALBUQUERQUE,1
URUOCA,URUOCA,SITIO JURUMENHA,1
CAMOCIM,DESCONHECIDO,CÓRREGO DO BRAÇO,1
VARJOTA,DESCONHECIDO,AVENIDA SENADOR VIRGÍLIO TÁVORA,1
VARJOTA,DESCONHECIDO,CE-183,1
VARJOTA,DESCONHECIDO,ESTRADA CARNAÚBA IPUEIRAS DE CIMA,1
VARJOTA,DESCONHECIDO,ESTRADA JATOBÁ,1
VARJOTA,DESCONHECIDO,ESTRADA PARÁ PITOMBEIRA,1
VARJOTA,DESCONHECIDO,ESTRADA PARÁ Ó ANGELIM,1
VARJOTA,DESCONHECIDO,ESTRADA SEM NOME,1
VARJOTA,DESCONHECIDO,NETO,1
VARJOTA,DESCONHECIDO,POVOADO ANGELIM,1
VARJOTA,DESCONHECIDO,POVOADO ARARAS VELHO,1
VARJOTA,DESCONHECIDO,POVOADO CAJAZEIRAS DOS CAETANOS,1
VARJOTA,DESCONHECIDO,POVOADO NAIARA,1
VARJOTA,DESCONHECIDO,POVOADO OLHO D`AGUA,1
CAMOCIM,DESCONHECIDO,ESTRADA ESTREITO,1
CAMOCIM,DESCONHECIDO,ESTRADA PARA CAMOCIM,1
VARJOTA,DESCONHECIDO,RUA ANTÔNIO ROMUALDO TAVARES,1
VARJOTA,DESCONHECIDO,RUA CAPITÃO JUCÁ,1
VARJOTA,DESCONHECIDO,RUA CLÓVIS XIMENES,1
VARJOTA,DESCONHECIDO,RUA DA JUREMA,1
VARJOTA,DESCONHECIDO,RUA DELMIRO GOUVEIA,1
VARJOTA,DESCONHECIDO,RUA DOS TAMBORES,1
CAMOCIM,DESCONHECIDO,QUADRA D,1
VARJOTA,DESCONHECIDO,RUA FRANCISCO PONTES,1
VARJOTA,DESCONHECIDO,RUA JAÍR CASTELO BRANCO,1
VARJOTA,DESCONHECIDO,RUA JUREMA,1
VARJOTA,DESCONHECIDO,RUA LUZ,1
VARJOTA,DESCONHECIDO,RUA MANOEL ROMUALDO LÓPES,1
VARJOTA,DESCONHECIDO,RUA MARIA JOSÉ VERAS,1
VARJOTA,DESCONHECIDO,RUA MODESTO MENDONÇA,1
VARJOTA,DESCONHECIDO,RUA PRESIDENTE JUSCELINO KUBITSCHEK,1
CAMOCIM,DESCONHECIDO,RODOVIA CE-090,1
VARJOTA,DESCONHECIDO,RUA ÂNGELO SEVERIANO DA SILVA,1
CAMOCIM,DESCONHECIDO,RUA ANTONIETA PRADO,1
CAMOCIM,DESCONHECIDO,RUA ANTÔNIO ZEFERINO VERAS,1
VIÇOSA DO CEARÁ,DESCONHECIDO,ESTRADA BOQUEIRÃO,1
VIÇOSA DO CEARÁ,DESCONHECIDO,ESTRADA SEM NOME,1
VIÇOSA DO CEARÁ,DESCONHECIDO,RUA 10 DE NOVEMBRO,1
VIÇOSA DO CEARÁ,DESCONHECIDO,RUA DA AMIZADE,1
VIÇOSA DO CEARÁ,DESCONHECIDO,RUA DA LUZ,1
CAMOCIM,DESCONHECIDO,RUA AYRTON SENNA,1
VIÇOSA DO CEARÁ,DESCONHECIDO,RUA JUÁ DO MEIO,1
CAMOCIM,DESCONHECIDO,RUA BELA VISTA III,1
VIÇOSA DO CEARÁ,DESCONHECIDO,RUA QUATRO,1
VIÇOSA DO CEARÁ,DESCONHECIDO,SITIO ASSIMIM,1
VIÇOSA DO CEARÁ,DESCONHECIDO,SITIO BREJO GRANDE,1
VIÇOSA DO CEARÁ,DESCONHECIDO,SITIO CACIMBÃO,1
VIÇOSA DO CEARÁ,DESCONHECIDO,SITIO INGÁ,1
VIÇOSA DO CEARÁ,DESCONHECIDO,SITIO JOÃO FERREIRA,1
VIÇOSA DO CEARÁ,DESCONHECIDO,VC-001,1
VIÇOSA DO CEARÁ,VICOSA DO CEARA,AVENIDA LAMARTINE NOGUEIRA,1
VIÇOSA DO CEARÁ,VICOSA DO CEARA,CE-232,1
VIÇOSA DO CEARÁ,VICOSA DO CEARA,RUA HORÁCIO FONTENELE MAGALHÃES,1
VIÇOSA DO CEARÁ,VICOSA DO CEARA,RUA PROFESSORA ANA MARIA,1
VIÇOSA DO CEARÁ,VICOSA DO CEARA,SITIO BANANAL,1
VÁRZEA ALEGRE,VARZEA ALEGRE,AVENIDA VICENTE ALVES COSTA,1
VÁRZEA ALEGRE,VARZEA ALEGRE,RUA PERGENTINO BRITO DE LIMA,1
VÁRZEA ALEGRE,VARZEA ALEGRE,RUA POETA PERGENTINO BRITO DE LIMA,1
