{
  "type": "FeatureCollection",
  "features": [
    {
      "type": "Feature",
      "properties": {
        "node_id": 1,
        "rank": 1,
        "name": "Sítios Novos- Caucaia",
        "bairro": "CAUCAIA",
        "municipality": "Caucaia",
        "faction": "CV",
        "risk_score": 79.71,
        "score": 79.71,
        "region": "rmf",
        "parent_area": "CAUCAIA",
        "parent_risk_score": 96.2,
        "parent_risk_level": "crítico",
        "parent_status": "CRÍTICO",
        "local_street_pressure": 2.021,
        "nearby_streets_count": 4,
        "nearby_streets": [
          "SÍTIOS NOVOS- CAUCAIA",
          "RUA BOA ESPERANÇA",
          "ESTRADA PARÁ AGRIVILA"
        ],
        "is_tactical": true,
        "generated_at": "2026-08-14T15:03:06.222921"
      },
      "geometry": {
        "type": "Point",
        "coordinates": [
          -38.95021675,
          -3.7455504687499994
        ]
      }
    },
    {
      "type": "Feature",
      "properties": {
        "node_id": 2,
        "rank": 2,
        "name": "Coité Pedreira",
        "bairro": "CAUCAIA",
        "municipality": "CAUCAIA",
        "faction": "CV",
        "risk_score": 79.663,
        "score": 79.663,
        "region": "rmf",
        "parent_area": "CAUCAIA",
        "parent_risk_score": 96.2,
        "parent_risk_level": "crítico",
        "parent_status": "CRÍTICO",
        "local_street_pressure": 3.092,
        "nearby_streets_count": 5,
        "nearby_streets": [
          "COITÉ PEDREIRA",
          "TRAVESSA DO PROFESSOR",
          "RUA MARIA DO PATROCÍNIO"
        ],
        "is_tactical": true,
        "generated_at": "2026-08-14T15:03:06.222921"
      },
      "geometry": {
        "type": "Point",
        "coordinates": [
          -38.744439309523806,
          -3.7462188095238096
        ]
      }
    },
    {
      "type": "Feature",
      "properties": {
        "node_id": 3,
        "rank": 3,
        "name": "Comunidade dos Cariocas - Caucaia",
        "bairro": "MARECHAL RONDON",
        "municipality": "Caucaia",
        "faction": "CV",
        "risk_score": 79.547,
        "score": 79.547,
        "region": "rmf",
        "parent_area": "MARECHAL RONDON",
        "parent_risk_score": 96.2,
        "parent_risk_level": "crítico",
        "parent_status": "CRÍTICO",
        "local_street_pressure": 3.429,
        "nearby_streets_count": 8,
        "nearby_streets": [
          "COMUNIDADE DOS CARIOCAS - CAUCAIA",
          "CONDOMÍNIOS",
          "CAJUEIROS"
        ],
        "is_tactical": true,
        "generated_at": "2026-08-14T15:03:06.222921"
      },
      "geometry": {
        "type": "Point",
        "coordinates": [
          -38.63100255555556,
          -3.7793906666666666
        ]
      }
    },
    {
      "type": "Feature",
      "properties": {
        "node_id": 4,
        "rank": 4,
        "name": "Japuara- Caucaia",
        "bairro": "PARQUE SOLEDADE",
        "municipality": "Caucaia",
        "faction": "CV",
        "risk_score": 79.242,
        "score": 79.242,
        "region": "rmf",
        "parent_area": "PARQUE SOLEDADE",
        "parent_risk_score": 96.2,
        "parent_risk_level": "crítico",
        "parent_status": "CRÍTICO",
        "local_street_pressure": 1.572,
        "nearby_streets_count": 4,
        "nearby_streets": [
          "AVENIDA RAPOSO TAVARES",
          "JAPUARA- CAUCAIA",
          "RUA MARIA LUIZA SOARES"
        ],
        "is_tactical": true,
        "generated_at": "2026-08-14T15:03:06.222921"
      },
      "geometry": {
        "type": "Point",
        "coordinates": [
          -38.747452042553206,
          -3.682344829787234
        ]
      }
    },
    {
      "type": "Feature",
      "properties": {
        "node_id": 5,
        "rank": 5,
        "name": "Primavera",
        "bairro": "CAUCAIA",
        "municipality": "CAUCAIA",
        "faction": "CV",
        "risk_score": 78.808,
        "score": 78.808,
        "region": "rmf",
        "parent_area": "CAUCAIA",
        "parent_risk_score": 96.2,
        "parent_risk_level": "crítico",
        "parent_status": "CRÍTICO",
        "local_street_pressure": 2.793,
        "nearby_streets_count": 4,
        "nearby_streets": [
          "PRIMAVERA",
          "RUA VALESCA",
          "RUA ANTÔNIO BRASILEIRO"
        ],
        "is_tactical": true,
        "generated_at": "2026-08-14T15:03:06.222921"
      },
      "geometry": {
        "type": "Point",
        "coordinates": [
          -38.82577786363637,
          -3.7108689090909093
        ]
      }
    },
    {
      "type": "Feature",
      "properties": {
        "node_id": 6,
        "rank": 6,
        "name": "Tanubapa",
        "bairro": "CAUCAIA",
        "municipality": "CAUCAIA",
        "faction": "CV",
        "risk_score": 78.768,
        "score": 78.768,
        "region": "rmf",
        "parent_area": "CAUCAIA",
        "parent_risk_score": 96.2,
        "parent_risk_level": "crítico",
        "parent_status": "CRÍTICO",
        "local_street_pressure": 2.3,
        "nearby_streets_count": 3,
        "nearby_streets": [
          "TANUBAPA",
          "TRAVESSA JEOVÁ",
          "RUA FCO. JEOVÁ DA MOTA"
        ],
        "is_tactical": true,
        "generated_at": "2026-08-14T15:03:06.222921"
      },
      "geometry": {
        "type": "Point",
        "coordinates": [
          -38.7704654054054,
          -3.6430006756756748
        ]
      }
    },
    {
      "type": "Feature",
      "properties": {
        "node_id": 7,
        "rank": 7,
        "name": "Taquara - Caucaia",
        "bairro": "URUCUTUBA",
        "municipality": "Caucaia",
        "faction": "CV",
        "risk_score": 78.518,
        "score": 78.518,
        "region": "rmf",
        "parent_area": "URUCUTUBA",
        "parent_risk_score": 96.2,
        "parent_risk_level": "crítico",
        "parent_status": "CRÍTICO",
        "local_street_pressure": 0.964,
        "nearby_streets_count": 2,
        "nearby_streets": [
          "RODOVIA RAIMUNDO PESSOA DE ARAÚJO",
          "TAQUARA - CAUCAIA"
        ],
        "is_tactical": true,
        "generated_at": "2026-08-14T15:03:06.222921"
      },
      "geometry": {
        "type": "Point",
        "coordinates": [
          -38.663501657142845,
          -3.822248923809524
        ]
      }
    },
    {
      "type": "Feature",
      "properties": {
        "node_id": 8,
        "rank": 8,
        "name": "Planalto Caucaia",
        "bairro": "PARQUE SOLEDADE",
        "municipality": "CAUCAIA",
        "faction": "CV",
        "risk_score": 78.433,
        "score": 78.433,
        "region": "rmf",
        "parent_area": "PARQUE SOLEDADE",
        "parent_risk_score": 96.2,
        "parent_risk_level": "crítico",
        "parent_status": "CRÍTICO",
        "local_street_pressure": 2.71,
        "nearby_streets_count": 7,
        "nearby_streets": [
          "PLANALTO CAUCAIA",
          "RUA 107",
          "NOVA CIGANA"
        ],
        "is_tactical": true,
        "generated_at": "2026-08-14T15:03:06.222921"
      },
      "geometry": {
        "type": "Point",
        "coordinates": [
          -38.662789479999994,
          -3.7458330000000006
        ]
      }
    },
    {
      "type": "Feature",
      "properties": {
        "node_id": 9,
        "rank": 9,
        "name": "Planalto Caucaia",
        "bairro": "PARQUE SOLEDADE",
        "municipality": "CAUCAIA",
        "faction": "CV",
        "risk_score": 77.914,
        "score": 77.914,
        "region": "rmf",
        "parent_area": "PARQUE SOLEDADE",
        "parent_risk_score": 96.2,
        "parent_risk_level": "crítico",
        "parent_status": "CRÍTICO",
        "local_street_pressure": 2.516,
        "nearby_streets_count": 7,
        "nearby_streets": [
          "AVENIDA CONTÔRNO NORTE",
          "CONDOMÍNIO PABUSSU",
          "RUA 107"
        ],
        "is_tactical": true,
        "generated_at": "2026-08-14T15:03:06.222921"
      },
      "geometry": {
        "type": "Point",
        "coordinates": [
          -38.6664246,
          -3.7444564999999996
        ]
      }
    },
    {
      "type": "Feature",
      "properties": {
        "node_id": 10,
        "rank": 10,
        "name": "Mingau - Caucaia",
        "bairro": "CAUCAIA",
        "municipality": "Caucaia",
        "faction": "CV",
        "risk_score": 77.75,
        "score": 77.75,
        "region": "rmf",
        "parent_area": "CAUCAIA",
        "parent_risk_score": 96.2,
        "parent_risk_level": "crítico",
        "parent_status": "CRÍTICO",
        "local_street_pressure": 2.447,
        "nearby_streets_count": 4,
        "nearby_streets": [
          "MINGAU - CAUCAIA",
          "RUA MINGUAU",
          "RUA ALTO DAS CAMPINAS"
        ],
        "is_tactical": true,
        "generated_at": "2026-08-14T15:03:06.222921"
      },
      "geometry": {
        "type": "Point",
        "coordinates": [
          -38.737788392857134,
          -3.825179428571428
        ]
      }
    },
    {
      "type": "Feature",
      "properties": {
        "node_id": 11,
        "rank": 11,
        "name": "Boqueirão- Caucaia",
        "bairro": "CAUCAIA",
        "municipality": "Caucaia",
        "faction": "CV",
        "risk_score": 77.116,
        "score": 77.116,
        "region": "rmf",
        "parent_area": "CAUCAIA",
        "parent_risk_score": 96.2,
        "parent_risk_level": "crítico",
        "parent_status": "CRÍTICO",
        "local_street_pressure": 1.964,
        "nearby_streets_count": 3,
        "nearby_streets": [
          "BOQUEIRÃO- CAUCAIA",
          "RUA JOSÉ ROCHA CRISÓSTOMO",
          "RUA MANOEL RODRIGUES DE LIMA"
        ],
        "is_tactical": true,
        "generated_at": "2026-08-14T15:03:06.222921"
      },
      "geometry": {
        "type": "Point",
        "coordinates": [
          -38.766643676470586,
          -3.725872588235294
        ]
      }
    },
    {
      "type": "Feature",
      "properties": {
        "node_id": 12,
        "rank": 12,
        "name": "Cipó - Caucaia",
        "bairro": "PARQUE SOLEDADE",
        "municipality": "Caucaia",
        "faction": "CV",
        "risk_score": 77.012,
        "score": 77.012,
        "region": "rmf",
        "parent_area": "PARQUE SOLEDADE",
        "parent_risk_score": 96.2,
        "parent_risk_level": "crítico",
        "parent_status": "CRÍTICO",
        "local_street_pressure": 1.993,
        "nearby_streets_count": 4,
        "nearby_streets": [
          "CIPÓ - CAUCAIA",
          "AVENIDA AMARO RODRIGUES DOS SANTOS",
          "RUA JOSÉ ALVES BEZERRA"
        ],
        "is_tactical": true,
        "generated_at": "2026-08-14T15:03:06.222921"
      },
      "geometry": {
        "type": "Point",
        "coordinates": [
          -38.69940679310345,
          -3.7020965517241384
        ]
      }
    },
    {
      "type": "Feature",
      "properties": {
        "node_id": 13,
        "rank": 13,
        "name": "Alto da Raposa",
        "bairro": "CAUCAIA",
        "municipality": "CAUCAIA",
        "faction": "CV",
        "risk_score": 76.468,
        "score": 76.468,
        "region": "rmf",
        "parent_area": "CAUCAIA",
        "parent_risk_score": 96.2,
        "parent_risk_level": "crítico",
        "parent_status": "CRÍTICO",
        "local_street_pressure": 1.9,
        "nearby_streets_count": 3,
        "nearby_streets": [
          "ALTO DA RAPOSA",
          "RUA CAMARÁ 2",
          "CAMARÁ"
        ],
        "is_tactical": true,
        "generated_at": "2026-08-14T15:03:06.222921"
      },
      "geometry": {
        "type": "Point",
        "coordinates": [
          -38.759018437499996,
          -3.7043610624999994
        ]
      }
    },
    {
      "type": "Feature",
      "properties": {
        "node_id": 14,
        "rank": 14,
        "name": "Alto do Garrote - Caucaia",
        "bairro": "PARQUE SOLEDADE",
        "municipality": "Caucaia",
        "faction": "CV",
        "risk_score": 76.46,
        "score": 76.46,
        "region": "rmf",
        "parent_area": "PARQUE SOLEDADE",
        "parent_risk_score": 96.2,
        "parent_risk_level": "crítico",
        "parent_status": "CRÍTICO",
        "local_street_pressure": 1.715,
        "nearby_streets_count": 3,
        "nearby_streets": [
          "RUA JOAQUIM GADELHA",
          "ALTO DO GARROTE - CAUCAIA",
          "RUA ZEZITO PONTES"
        ],
        "is_tactical": true,
        "generated_at": "2026-08-14T15:03:06.222921"
      },
      "geometry": {
        "type": "Point",
        "coordinates": [
          -38.70540721428572,
          -3.6928268571428573
        ]
      }
    },
    {
      "type": "Feature",
      "properties": {
        "node_id": 15,
        "rank": 15,
        "name": "JARANDRAGOEIRA",
        "bairro": "CAUCAIA",
        "municipality": "CAUCAIA",
        "faction": "CV",
        "risk_score": 76.439,
        "score": 76.439,
        "region": "rmf",
        "parent_area": "CAUCAIA",
        "parent_risk_score": 96.2,
        "parent_risk_level": "crítico",
        "parent_status": "CRÍTICO",
        "local_street_pressure": 1.683,
        "nearby_streets_count": 2,
        "nearby_streets": [
          "JARANDRAGOEIRA",
          "POVOADO JARANDRAGOEIRA"
        ],
        "is_tactical": true,
        "generated_at": "2026-08-14T15:03:06.222921"
      },
      "geometry": {
        "type": "Point",
        "coordinates": [
          -38.74641870588235,
          -3.8078237176470586
        ]
      }
    },
    {
      "type": "Feature",
      "properties": {
        "node_id": 16,
        "rank": 16,
        "name": "Arianópolis - Caucaia",
        "bairro": "URUCUTUBA",
        "municipality": "Caucaia",
        "faction": "CV",
        "risk_score": 76.42,
        "score": 76.42,
        "region": "rmf",
        "parent_area": "URUCUTUBA",
        "parent_risk_score": 96.2,
        "parent_risk_level": "crítico",
        "parent_status": "CRÍTICO",
        "local_street_pressure": 0.707,
        "nearby_streets_count": 2,
        "nearby_streets": [
          "ARIANÓPOLIS - CAUCAIA",
          "COMUNIDADE DA VACARIA - ARATURI"
        ],
        "is_tactical": true,
        "generated_at": "2026-08-14T15:03:06.222921"
      },
      "geometry": {
        "type": "Point",
        "coordinates": [
          -38.64739823809524,
          -3.767287619047619
        ]
      }
    },
    {
      "type": "Feature",
      "properties": {
        "node_id": 17,
        "rank": 17,
        "name": "Mangabeira- Caucaia",
        "bairro": "CAUCAIA",
        "municipality": "Caucaia",
        "faction": "CV",
        "risk_score": 76.329,
        "score": 76.329,
        "region": "rmf",
        "parent_area": "CAUCAIA",
        "parent_risk_score": 96.2,
        "parent_risk_level": "crítico",
        "parent_status": "CRÍTICO",
        "local_street_pressure": 0.488,
        "nearby_streets_count": 1,
        "nearby_streets": [
          "MANGABEIRA- CAUCAIA"
        ],
        "is_tactical": true,
        "generated_at": "2026-08-14T15:03:06.222921"
      },
      "geometry": {
        "type": "Point",
        "coordinates": [
          -38.753065533333334,
          -3.6610709333333338
        ]
      }
    },
    {
      "type": "Feature",
      "properties": {
        "node_id": 18,
        "rank": 18,
        "name": "Campo do Urubu - Caucaia",
        "bairro": "PARQUE SOLEDADE",
        "municipality": "Caucaia",
        "faction": "CV",
        "risk_score": 76.314,
        "score": 76.314,
        "region": "rmf",
        "parent_area": "PARQUE SOLEDADE",
        "parent_risk_score": 96.2,
        "parent_risk_level": "crítico",
        "parent_status": "CRÍTICO",
        "local_street_pressure": 1.789,
        "nearby_streets_count": 4,
        "nearby_streets": [
          "CAMPO DO URUBU - CAUCAIA",
          "ITAPOA",
          "RUA JOAO DE SALES FILHO"
        ],
        "is_tactical": true,
        "generated_at": "2026-08-14T15:03:06.222921"
      },
      "geometry": {
        "type": "Point",
        "coordinates": [
          -38.667880000000004,
          -3.7186306
        ]
      }
    },
    {
      "type": "Feature",
      "properties": {
        "node_id": 19,
        "rank": 19,
        "name": "Camará",
        "bairro": "CAUCAIA",
        "municipality": "CAUCAIA",
        "faction": "CV",
        "risk_score": 76.224,
        "score": 76.224,
        "region": "rmf",
        "parent_area": "CAUCAIA",
        "parent_risk_score": 96.2,
        "parent_risk_level": "crítico",
        "parent_status": "CRÍTICO",
        "local_street_pressure": 0.825,
        "nearby_streets_count": 2,
        "nearby_streets": [
          "CAMARÁ",
          "ALTO DA RAPOSA"
        ],
        "is_tactical": true,
        "generated_at": "2026-08-14T15:03:06.222921"
      },
      "geometry": {
        "type": "Point",
        "coordinates": [
          -38.74877465,
          -3.6997147499999996
        ]
      }
    },
    {
      "type": "Feature",
      "properties": {
        "node_id": 20,
        "rank": 20,
        "name": "Comunidade Madureira - Caucaia",
        "bairro": "PARQUE SOLEDADE",
        "municipality": "Caucaia",
        "faction": "CV",
        "risk_score": 75.747,
        "score": 75.747,
        "region": "rmf",
        "parent_area": "PARQUE SOLEDADE",
        "parent_risk_score": 96.2,
        "parent_risk_level": "crítico",
        "parent_status": "CRÍTICO",
        "local_street_pressure": 1.548,
        "nearby_streets_count": 3,
        "nearby_streets": [
          "COMUNIDADE MADUREIRA - CAUCAIA",
          "PADRE ROMUALDO",
          "RUA ITAMBE"
        ],
        "is_tactical": true,
        "generated_at": "2026-08-14T15:03:06.222921"
      },
      "geometry": {
        "type": "Point",
        "coordinates": [
          -38.652227875,
          -3.719691125
        ]
      }
    },
    {
      "type": "Feature",
      "properties": {
        "node_id": 21,
        "rank": 21,
        "name": "Mingau ll",
        "bairro": "CAUCAIA",
        "municipality": "CAUCAIA",
        "faction": "CV",
        "risk_score": 75.611,
        "score": 75.611,
        "region": "rmf",
        "parent_area": "CAUCAIA",
        "parent_risk_score": 96.2,
        "parent_risk_level": "crítico",
        "parent_status": "CRÍTICO",
        "local_street_pressure": 1.211,
        "nearby_streets_count": 2,
        "nearby_streets": [
          "MINGAU LL",
          "MINGAU - CAUCAIA"
        ],
        "is_tactical": true,
        "generated_at": "2026-08-14T15:03:06.222921"
      },
      "geometry": {
        "type": "Point",
        "coordinates": [
          -38.72749604761904,
          -3.8136852380952373
        ]
      }
    },
    {
      "type": "Feature",
      "properties": {
        "node_id": 22,
        "rank": 22,
        "name": "Santa Rosa- Caucaia",
        "bairro": "CAUCAIA",
        "municipality": "Caucaia",
        "faction": "CV",
        "risk_score": 75.6,
        "score": 75.6,
        "region": "rmf",
        "parent_area": "CAUCAIA",
        "parent_risk_score": 96.2,
        "parent_risk_level": "crítico",
        "parent_status": "CRÍTICO",
        "local_street_pressure": 1.161,
        "nearby_streets_count": 1,
        "nearby_streets": [
          "SANTA ROSA- CAUCAIA"
        ],
        "is_tactical": true,
        "generated_at": "2026-08-14T15:03:06.222921"
      },
      "geometry": {
        "type": "Point",
        "coordinates": [
          -38.78958215094341,
          -3.694259094339621
        ]
      }
    },
    {
      "type": "Feature",
      "properties": {
        "node_id": 23,
        "rank": 23,
        "name": "Parque Veraneio - Caucaia",
        "bairro": "IPARANA",
        "municipality": "Caucaia",
        "faction": "CV",
        "risk_score": 75.356,
        "score": 75.356,
        "region": "rmf",
        "parent_area": "IPARANA",
        "parent_risk_score": 96.2,
        "parent_risk_level": "crítico",
        "parent_status": "CRÍTICO",
        "local_street_pressure": 1.314,
        "nearby_streets_count": 2,
        "nearby_streets": [
          "PARQUE VERANEIO - CAUCAIA",
          "CONDOMÍNIO SÃO PAULO E SÃO PEDRO"
        ],
        "is_tactical": true,
        "generated_at": "2026-08-14T15:03:06.222921"
      },
      "geometry": {
        "type": "Point",
        "coordinates": [
          -38.65913514285713,
          -3.684865
        ]
      }
    },
    {
      "type": "Feature",
      "properties": {
        "node_id": 24,
        "rank": 24,
        "name": "Boqueirão - Caucaia",
        "bairro": "CAUCAIA",
        "municipality": "Caucaia",
        "faction": "CV",
        "risk_score": 75.169,
        "score": 75.169,
        "region": "rmf",
        "parent_area": "CAUCAIA",
        "parent_risk_score": 96.2,
        "parent_risk_level": "crítico",
        "parent_status": "CRÍTICO",
        "local_street_pressure": 1.226,
        "nearby_streets_count": 1,
        "nearby_streets": [
          "BOQUEIRÃO - CAUCAIA"
        ],
        "is_tactical": true,
        "generated_at": "2026-08-14T15:03:06.222921"
      },
      "geometry": {
        "type": "Point",
        "coordinates": [
          -38.87538952941177,
          -3.7468802352941175
        ]
      }
    },
    {
      "type": "Feature",
      "properties": {
        "node_id": 25,
        "rank": 25,
        "name": "Tucunduba",
        "bairro": "CAUCAIA",
        "municipality": "CAUCAIA",
        "faction": "CV",
        "risk_score": 74.891,
        "score": 74.891,
        "region": "rmf",
        "parent_area": "CAUCAIA",
        "parent_risk_score": 96.2,
        "parent_risk_level": "crítico",
        "parent_status": "CRÍTICO",
        "local_street_pressure": 0.984,
        "nearby_streets_count": 1,
        "nearby_streets": [
          "TUCUNDUBA"
        ],
        "is_tactical": true,
        "generated_at": "2026-08-14T15:03:06.222921"
      },
      "geometry": {
        "type": "Point",
        "coordinates": [
          -38.753029229166664,
          -3.8719210208333323
        ]
      }
    },
    {
      "type": "Feature",
      "properties": {
        "node_id": 26,
        "rank": 26,
        "name": "Distrito de Bolso",
        "bairro": "CAUCAIA",
        "municipality": "CAUCAIA",
        "faction": "CV",
        "risk_score": 74.888,
        "score": 74.888,
        "region": "rmf",
        "parent_area": "CAUCAIA",
        "parent_risk_score": 96.2,
        "parent_risk_level": "crítico",
        "parent_status": "CRÍTICO",
        "local_street_pressure": 0.554,
        "nearby_streets_count": 1,
        "nearby_streets": [
          "DISTRITO DE BOLSO"
        ],
        "is_tactical": true,
        "generated_at": "2026-08-14T15:03:06.222921"
      },
      "geometry": {
        "type": "Point",
        "coordinates": [
          -38.85515045161291,
          -3.619330677419356
        ]
      }
    },
    {
      "type": "Feature",
      "properties": {
        "node_id": 27,
        "rank": 27,
        "name": "Toco- Caucaia",
        "bairro": "URUCUTUBA",
        "municipality": "Caucaia",
        "faction": "CV",
        "risk_score": 74.773,
        "score": 74.773,
        "region": "rmf",
        "parent_area": "URUCUTUBA",
        "parent_risk_score": 96.2,
        "parent_risk_level": "crítico",
        "parent_status": "CRÍTICO",
        "local_street_pressure": 0.308,
        "nearby_streets_count": 1,
        "nearby_streets": [
          "TOCO- CAUCAIA"
        ],
        "is_tactical": true,
        "generated_at": "2026-08-14T15:03:06.222921"
      },
      "geometry": {
        "type": "Point",
        "coordinates": [
          -38.67696664583333,
          -3.7788568333333337
        ]
      }
    },
    {
      "type": "Feature",
      "properties": {
        "node_id": 28,
        "rank": 28,
        "name": "Língua da Cobra",
        "bairro": "CAUCAIA",
        "municipality": "CAUCAIA",
        "faction": "CV",
        "risk_score": 74.547,
        "score": 74.547,
        "region": "rmf",
        "parent_area": "CAUCAIA",
        "parent_risk_score": 96.2,
        "parent_risk_level": "crítico",
        "parent_status": "CRÍTICO",
        "local_street_pressure": 0.766,
        "nearby_streets_count": 1,
        "nearby_streets": [
          "LÍNGUA DA COBRA"
        ],
        "is_tactical": true,
        "generated_at": "2026-08-14T15:03:06.222921"
      },
      "geometry": {
        "type": "Point",
        "coordinates": [
          -38.78185689189189,
          -3.841368378378378
        ]
      }
    },
    {
      "type": "Feature",
      "properties": {
        "node_id": 29,
        "rank": 29,
        "name": "Carrapicho- Caucaia",
        "bairro": "URUCUTUBA",
        "municipality": "Caucaia",
        "faction": "CV",
        "risk_score": 74.54,
        "score": 74.54,
        "region": "rmf",
        "parent_area": "URUCUTUBA",
        "parent_risk_score": 96.2,
        "parent_risk_level": "crítico",
        "parent_status": "CRÍTICO",
        "local_street_pressure": 0.625,
        "nearby_streets_count": 1,
        "nearby_streets": [
          "CARRAPICHO- CAUCAIA"
        ],
        "is_tactical": true,
        "generated_at": "2026-08-14T15:03:06.222921"
      },
      "geometry": {
        "type": "Point",
        "coordinates": [
          -38.686855,
          -3.782990586206896
        ]
      }
    },
    {
      "type": "Feature",
      "properties": {
        "node_id": 30,
        "rank": 30,
        "name": "Bom Jesus - Caucaia",
        "bairro": "PARQUE SOLEDADE",
        "municipality": "Caucaia",
        "faction": "CV",
        "risk_score": 73.911,
        "score": 73.911,
        "region": "rmf",
        "parent_area": "PARQUE SOLEDADE",
        "parent_risk_score": 96.2,
        "parent_risk_level": "crítico",
        "parent_status": "CRÍTICO",
        "local_street_pressure": 0.522,
        "nearby_streets_count": 1,
        "nearby_streets": [
          "BOM JESUS - CAUCAIA"
        ],
        "is_tactical": true,
        "generated_at": "2026-08-14T15:03:06.222921"
      },
      "geometry": {
        "type": "Point",
        "coordinates": [
          -38.67954290909092,
          -3.714925909090909
        ]
      }
    },
    {
      "type": "Feature",
      "properties": {
        "node_id": 31,
        "rank": 31,
        "name": "Rodoviária - Maranguape",
        "bairro": "MARACANAÚ",
        "municipality": "Maranguape",
        "faction": "CV",
        "risk_score": 73.357,
        "score": 73.357,
        "region": "rmf",
        "parent_area": "MARACANAÚ",
        "parent_risk_score": 72.1,
        "parent_risk_level": "crítico",
        "parent_status": "CRÍTICO",
        "local_street_pressure": 8.882,
        "nearby_streets_count": 28,
        "nearby_streets": [
          "RODOVIÁRIA - MARANGUAPE",
          "RUA CHICÓ ANÍSIO",
          "TANGUEIRA"
        ],
        "is_tactical": true,
        "generated_at": "2026-08-14T15:03:06.222921"
      },
      "geometry": {
        "type": "Point",
        "coordinates": [
          -38.680890857142856,
          -3.8962617857142847
        ]
      }
    },
    {
      "type": "Feature",
      "properties": {
        "node_id": 32,
        "rank": 32,
        "name": "Guabiraba",
        "bairro": "MARACANAÚ",
        "municipality": "MARACANAU",
        "faction": "CV",
        "risk_score": 72.704,
        "score": 72.704,
        "region": "rmf",
        "parent_area": "MARACANAÚ",
        "parent_risk_score": 72.1,
        "parent_risk_level": "crítico",
        "parent_status": "CRÍTICO",
        "local_street_pressure": 8.46,
        "nearby_streets_count": 22,
        "nearby_streets": [
          "GUABIRABA",
          "RUA ENÓI DE ABREU BRAGA",
          "BECO DO BURACO - VILA SÃO JOSÉ - ALTO DO CAJUEIRO"
        ],
        "is_tactical": true,
        "generated_at": "2026-08-14T15:03:06.222921"
      },
      "geometry": {
        "type": "Point",
        "coordinates": [
          -38.688817368421056,
          -3.8961198947368425
        ]
      }
    },
    {
      "type": "Feature",
      "properties": {
        "node_id": 33,
        "rank": 33,
        "name": "Mororó",
        "bairro": "MARACANAÚ",
        "municipality": "MARACANAU",
        "faction": "CV",
        "risk_score": 72.615,
        "score": 72.615,
        "region": "rmf",
        "parent_area": "MARACANAÚ",
        "parent_risk_score": 72.1,
        "parent_risk_level": "crítico",
        "parent_status": "CRÍTICO",
        "local_street_pressure": 8.553,
        "nearby_streets_count": 22,
        "nearby_streets": [
          "MORORÓ",
          "RUA RAIMUNDO JUSTINI DE MORAIS",
          "RUA MARIA ESTRELA"
        ],
        "is_tactical": true,
        "generated_at": "2026-08-14T15:03:06.222921"
      },
      "geometry": {
        "type": "Point",
        "coordinates": [
          -38.67521514285715,
          -3.886540071428571
        ]
      }
    },
    {
      "type": "Feature",
      "properties": {
        "node_id": 34,
        "rank": 34,
        "name": "Alto Cemitério",
        "bairro": "MARACANAÚ",
        "municipality": "MARACANAU",
        "faction": "CV",
        "risk_score": 72.492,
        "score": 72.492,
        "region": "rmf",
        "parent_area": "MARACANAÚ",
        "parent_risk_score": 72.1,
        "parent_risk_level": "crítico",
        "parent_status": "CRÍTICO",
        "local_street_pressure": 8.466,
        "nearby_streets_count": 27,
        "nearby_streets": [
          "ALTO CEMITÉRIO",
          "RUA CHICÓ AMADOR",
          "RUA RAIMUNDO HERBSTER"
        ],
        "is_tactical": true,
        "generated_at": "2026-08-14T15:03:06.222921"
      },
      "geometry": {
        "type": "Point",
        "coordinates": [
          -38.685423351351346,
          -3.887221891891892
        ]
      }
    },
    {
      "type": "Feature",
      "properties": {
        "node_id": 35,
        "rank": 35,
        "name": "Outra Banda",
        "bairro": "MARACANAÚ",
        "municipality": "MARACANAU",
        "faction": "CV",
        "risk_score": 71.394,
        "score": 71.394,
        "region": "rmf",
        "parent_area": "MARACANAÚ",
        "parent_risk_score": 72.1,
        "parent_risk_level": "crítico",
        "parent_status": "CRÍTICO",
        "local_street_pressure": 7.747,
        "nearby_streets_count": 24,
        "nearby_streets": [
          "OUTRA BANDA",
          "RUA GONTRAN NASCIMENTO",
          "RUA DOUTOR ARGEU BRAGA HERBSTER"
        ],
        "is_tactical": true,
        "generated_at": "2026-08-14T15:03:06.222921"
      },
      "geometry": {
        "type": "Point",
        "coordinates": [
          -38.679789529411764,
          -3.8816516960784324
        ]
      }
    },
    {
      "type": "Feature",
      "properties": {
        "node_id": 36,
        "rank": 36,
        "name": "Jereissati Setor D - Maracanaú",
        "bairro": "MARACANAÚ",
        "municipality": "Maracanaú",
        "faction": "CV",
        "risk_score": 71.056,
        "score": 71.056,
        "region": "rmf",
        "parent_area": "MARACANAÚ",
        "parent_risk_score": 72.1,
        "parent_risk_level": "crítico",
        "parent_status": "CRÍTICO",
        "local_street_pressure": 7.12,
        "nearby_streets_count": 26,
        "nearby_streets": [
          "JEREISSATI SETOR D - MARACANAÚ",
          "JEREISSATI SETOR E - MARACANAÚ",
          "JEREISSATI SETOR A - MARACANAÚ"
        ],
        "is_tactical": true,
        "generated_at": "2026-08-14T15:03:06.222921"
      },
      "geometry": {
        "type": "Point",
        "coordinates": [
          -38.618326520000004,
          -3.8813451199999998
        ]
      }
    },
    {
      "type": "Feature",
      "properties": {
        "node_id": 37,
        "rank": 37,
        "name": "Rua do trilho",
        "bairro": "MARACANAÚ",
        "municipality": "MARACANAU",
        "faction": "CV",
        "risk_score": 70.811,
        "score": 70.811,
        "region": "rmf",
        "parent_area": "MARACANAÚ",
        "parent_risk_score": 72.1,
        "parent_risk_level": "crítico",
        "parent_status": "CRÍTICO",
        "local_street_pressure": 7.681,
        "nearby_streets_count": 25,
        "nearby_streets": [
          "RUA DO TRILHO",
          "PASSARELA",
          "FAVELA DA LAGOA"
        ],
        "is_tactical": true,
        "generated_at": "2026-08-14T15:03:06.222921"
      },
      "geometry": {
        "type": "Point",
        "coordinates": [
          -38.62686676923076,
          -3.881599692307692
        ]
      }
    },
    {
      "type": "Feature",
      "properties": {
        "node_id": 38,
        "rank": 38,
        "name": "Parque São João",
        "bairro": "MARACANAÚ",
        "municipality": "MARACANAU",
        "faction": "CV",
        "risk_score": 70.598,
        "score": 70.598,
        "region": "rmf",
        "parent_area": "MARACANAÚ",
        "parent_risk_score": 72.1,
        "parent_risk_level": "crítico",
        "parent_status": "CRÍTICO",
        "local_street_pressure": 7.502,
        "nearby_streets_count": 22,
        "nearby_streets": [
          "PARQUE SÃO JOÃO",
          "RUA CÔNEGO HEITOR VIÊIRA CAVALCANTE",
          "TANGUEIRA"
        ],
        "is_tactical": true,
        "generated_at": "2026-08-14T15:03:06.222921"
      },
      "geometry": {
        "type": "Point",
        "coordinates": [
          -38.67814661111111,
          -3.9002411666666665
        ]
      }
    },
    {
      "type": "Feature",
      "properties": {
        "node_id": 39,
        "rank": 39,
        "name": "Parque Santa Fé",
        "bairro": "MARACANAÚ",
        "municipality": "MARACANAU",
        "faction": "CV",
        "risk_score": 70.586,
        "score": 70.586,
        "region": "rmf",
        "parent_area": "MARACANAÚ",
        "parent_risk_score": 72.1,
        "parent_risk_level": "crítico",
        "parent_status": "CRÍTICO",
        "local_street_pressure": 7.324,
        "nearby_streets_count": 21,
        "nearby_streets": [
          "PARQUE SANTA FÉ",
          "TRAVESSA VALTER PIMENTA LÍRA",
          "RUA AGOSTINHO FERNANDES"
        ],
        "is_tactical": true,
        "generated_at": "2026-08-14T15:03:06.222921"
      },
      "geometry": {
        "type": "Point",
        "coordinates": [
          -38.685771823529414,
          -3.899302823529411
        ]
      }
    },
    {
      "type": "Feature",
      "properties": {
        "node_id": 40,
        "rank": 40,
        "name": "Jereissati Setor H - Pacatuba",
        "bairro": "MARACANAÚ",
        "municipality": "Pacatuba",
        "faction": "CV",
        "risk_score": 70.213,
        "score": 70.213,
        "region": "rmf",
        "parent_area": "MARACANAÚ",
        "parent_risk_score": 72.1,
        "parent_risk_level": "crítico",
        "parent_status": "CRÍTICO",
        "local_street_pressure": 6.626,
        "nearby_streets_count": 21,
        "nearby_streets": [
          "JEREISSATI SETOR H - PACATUBA",
          "AVENIDA XVII",
          "JEREISSATI SETOR E - MARACANAÚ"
        ],
        "is_tactical": true,
        "generated_at": "2026-08-14T15:03:06.222921"
      },
      "geometry": {
        "type": "Point",
        "coordinates": [
          -38.614602777777776,
          -3.8890546296296313
        ]
      }
    },
    {
      "type": "Feature",
      "properties": {
        "node_id": 41,
        "rank": 41,
        "name": "Coité",
        "bairro": "MARACANAÚ",
        "municipality": "MARACANAU",
        "faction": "CV",
        "risk_score": 70.18,
        "score": 70.18,
        "region": "rmf",
        "parent_area": "MARACANAÚ",
        "parent_risk_score": 72.1,
        "parent_risk_level": "crítico",
        "parent_status": "CRÍTICO",
        "local_street_pressure": 7.316,
        "nearby_streets_count": 18,
        "nearby_streets": [
          "COITÉ",
          "RUA MANOEL QUEIRÓS DE OLIVEIRA",
          "RUA OLÍMPIO MIGUEL DOS SANTOS"
        ],
        "is_tactical": true,
        "generated_at": "2026-08-14T15:03:06.222921"
      },
      "geometry": {
        "type": "Point",
        "coordinates": [
          -38.67582890625,
          -3.907433
        ]
      }
    },
    {
      "type": "Feature",
      "properties": {
        "node_id": 42,
        "rank": 42,
        "name": "Tangueira",
        "bairro": "MARACANAÚ",
        "municipality": "MARACANAU",
        "faction": "CV",
        "risk_score": 70.053,
        "score": 70.053,
        "region": "rmf",
        "parent_area": "MARACANAÚ",
        "parent_risk_score": 72.1,
        "parent_risk_level": "crítico",
        "parent_status": "CRÍTICO",
        "local_street_pressure": 7.215,
        "nearby_streets_count": 22,
        "nearby_streets": [
          "TANGUEIRA",
          "PARQUE SÃO JOÃO",
          "RUA RAIMUNDO BONIFÁCIO DA SILVA"
        ],
        "is_tactical": true,
        "generated_at": "2026-08-14T15:03:06.222921"
      },
      "geometry": {
        "type": "Point",
        "coordinates": [
          -38.677139933333336,
          -3.896820333333333
        ]
      }
    },
    {
      "type": "Feature",
      "properties": {
        "node_id": 43,
        "rank": 43,
        "name": "Passarela",
        "bairro": "MARACANAÚ",
        "municipality": "MARACANAU",
        "faction": "CV",
        "risk_score": 69.677,
        "score": 69.677,
        "region": "rmf",
        "parent_area": "MARACANAÚ",
        "parent_risk_score": 72.1,
        "parent_risk_level": "crítico",
        "parent_status": "CRÍTICO",
        "local_street_pressure": 6.868,
        "nearby_streets_count": 23,
        "nearby_streets": [
          "PASSARELA",
          "RUA DO TRILHO",
          "FAVELA DA LAGOA"
        ],
        "is_tactical": true,
        "generated_at": "2026-08-14T15:03:06.228461"
      },
      "geometry": {
        "type": "Point",
        "coordinates": [
          -38.62390864516128,
          -3.8811986774193548
        ]
      }
    },
    {
      "type": "Feature",
      "properties": {
        "node_id": 44,
        "rank": 44,
        "name": "Jereissati Setor C - Maracanaú",
        "bairro": "MARACANAÚ",
        "municipality": "Maracanaú",
        "faction": "CV",
        "risk_score": 69.539,
        "score": 69.539,
        "region": "rmf",
        "parent_area": "MARACANAÚ",
        "parent_risk_score": 72.1,
        "parent_risk_level": "crítico",
        "parent_status": "CRÍTICO",
        "local_street_pressure": 6.716,
        "nearby_streets_count": 24,
        "nearby_streets": [
          "JEREISSATI SETOR C - MARACANAÚ",
          "RUA 31",
          "JEREISSATI SETOR B - MARACANAÚ"
        ],
        "is_tactical": true,
        "generated_at": "2026-08-14T15:03:06.228461"
      },
      "geometry": {
        "type": "Point",
        "coordinates": [
          -38.610529,
          -3.880414538461539
        ]
      }
    },
    {
      "type": "Feature",
      "properties": {
        "node_id": 45,
        "rank": 45,
        "name": "Jereissati Setor E - Maracanaú",
        "bairro": "MARACANAÚ",
        "municipality": "Maracanaú",
        "faction": "CV",
        "risk_score": 69.465,
        "score": 69.465,
        "region": "rmf",
        "parent_area": "MARACANAÚ",
        "parent_risk_score": 72.1,
        "parent_risk_level": "crítico",
        "parent_status": "CRÍTICO",
        "local_street_pressure": 6.828,
        "nearby_streets_count": 23,
        "nearby_streets": [
          "JEREISSATI SETOR E - MARACANAÚ",
          "BOA VISTA - MARACANAÚ",
          "JEREISSATI SETOR H - PACATUBA"
        ],
        "is_tactical": true,
        "generated_at": "2026-08-14T15:03:06.228461"
      },
      "geometry": {
        "type": "Point",
        "coordinates": [
          -38.619134352941174,
          -3.887311470588235
        ]
      }
    },
    {
      "type": "Feature",
      "properties": {
        "node_id": 46,
        "rank": 46,
        "name": "Piratininga",
        "bairro": "MARACANAÚ",
        "municipality": "MARACANAU",
        "faction": "CV",
        "risk_score": 69.341,
        "score": 69.341,
        "region": "rmf",
        "parent_area": "MARACANAÚ",
        "parent_risk_score": 72.1,
        "parent_risk_level": "crítico",
        "parent_status": "CRÍTICO",
        "local_street_pressure": 6.467,
        "nearby_streets_count": 20,
        "nearby_streets": [
          "PIRATININGA",
          "COQUEIRAL - MARACANAÚ",
          "RUA 15"
        ],
        "is_tactical": true,
        "generated_at": "2026-08-14T15:03:06.228461"
      },
      "geometry": {
        "type": "Point",
        "coordinates": [
          -38.62739308333334,
          -3.869460666666667
        ]
      }
    },
    {
      "type": "Feature",
      "properties": {
        "node_id": 47,
        "rank": 47,
        "name": "Comunidade do Prourb",
        "bairro": "MARACANAÚ",
        "municipality": "MARACANAU",
        "faction": "CV",
        "risk_score": 69.13,
        "score": 69.13,
        "region": "rmf",
        "parent_area": "MARACANAÚ",
        "parent_risk_score": 72.1,
        "parent_risk_level": "crítico",
        "parent_status": "CRÍTICO",
        "local_street_pressure": 6.742,
        "nearby_streets_count": 21,
        "nearby_streets": [
          "COMUNIDADE DO PROURB",
          "CONDOMÍNIO DA PALMEIRINHA",
          "MORORÓ"
        ],
        "is_tactical": true,
        "generated_at": "2026-08-14T15:03:06.228461"
      },
      "geometry": {
        "type": "Point",
        "coordinates": [
          -38.67169216666666,
          -3.885003133333333
        ]
      }
    },
    {
      "type": "Feature",
      "properties": {
        "node_id": 48,
        "rank": 48,
        "name": "Jereissati Setor G - Pacatuba",
        "bairro": "MARACANAÚ",
        "municipality": "Pacatuba",
        "faction": "CV",
        "risk_score": 68.92,
        "score": 68.92,
        "region": "rmf",
        "parent_area": "MARACANAÚ",
        "parent_risk_score": 72.1,
        "parent_risk_level": "crítico",
        "parent_status": "CRÍTICO",
        "local_street_pressure": 6.406,
        "nearby_streets_count": 23,
        "nearby_streets": [
          "JEREISSATI SETOR G - PACATUBA",
          "RESIDENCIAL PACATUBA 2",
          "CAMPOS DO JORDÃO"
        ],
        "is_tactical": true,
        "generated_at": "2026-08-14T15:03:06.228461"
      },
      "geometry": {
        "type": "Point",
        "coordinates": [
          -38.60721523529413,
          -3.8852174117647063
        ]
      }
    },
    {
      "type": "Feature",
      "properties": {
        "node_id": 49,
        "rank": 49,
        "name": "Residencial Pacatuba 1",
        "bairro": "MARACANAÚ",
        "municipality": "MARACANAU",
        "faction": "CV",
        "risk_score": 68.677,
        "score": 68.677,
        "region": "rmf",
        "parent_area": "MARACANAÚ",
        "parent_risk_score": 72.1,
        "parent_risk_level": "crítico",
        "parent_status": "CRÍTICO",
        "local_street_pressure": 6.628,
        "nearby_streets_count": 19,
        "nearby_streets": [
          "RESIDENCIAL PACATUBA 1",
          "RESIDENCIAL PACATUBA 2",
          "JEREISSATI SETOR F - PACATUBA"
        ],
        "is_tactical": true,
        "generated_at": "2026-08-14T15:03:06.228461"
      },
      "geometry": {
        "type": "Point",
        "coordinates": [
          -38.60664216666667,
          -3.8910968333333336
        ]
      }
    },
    {
      "type": "Feature",
      "properties": {
        "node_id": 50,
        "rank": 50,
        "name": "Favela Da Lagoa",
        "bairro": "MARACANAÚ",
        "municipality": "MARACANAU",
        "faction": "CV",
        "risk_score": 68.597,
        "score": 68.597,
        "region": "rmf",
        "parent_area": "MARACANAÚ",
        "parent_risk_score": 72.1,
        "parent_risk_level": "crítico",
        "parent_status": "CRÍTICO",
        "local_street_pressure": 6.553,
        "nearby_streets_count": 20,
        "nearby_streets": [
          "FAVELA DA LAGOA",
          "RUA 15",
          "RUA DO TRILHO"
        ],
        "is_tactical": true,
        "generated_at": "2026-08-14T15:03:06.228461"
      },
      "geometry": {
        "type": "Point",
        "coordinates": [
          -38.626757722222216,
          -3.876714611111111
        ]
      }
    },
    {
      "type": "Feature",
      "properties": {
        "node_id": 51,
        "rank": 51,
        "name": "Alta Delta",
        "bairro": "MARACANAÚ",
        "municipality": "MARACANAU",
        "faction": "CV",
        "risk_score": 68.583,
        "score": 68.583,
        "region": "rmf",
        "parent_area": "MARACANAÚ",
        "parent_risk_score": 72.1,
        "parent_risk_level": "crítico",
        "parent_status": "CRÍTICO",
        "local_street_pressure": 6.333,
        "nearby_streets_count": 15,
        "nearby_streets": [
          "ALTA DELTA",
          "RUA MANOEL NUNES DO NASCIMENTO",
          "RUA MUNDINHO CARLOS"
        ],
        "is_tactical": true,
        "generated_at": "2026-08-14T15:03:06.228461"
      },
      "geometry": {
        "type": "Point",
        "coordinates": [
          -38.691858624999995,
          -3.920908125
        ]
      }
    },
    {
      "type": "Feature",
      "properties": {
        "node_id": 52,
        "rank": 52,
        "name": "Ouro preto",
        "bairro": "MARACANAÚ",
        "municipality": "MARACANAU",
        "faction": "CV",
        "risk_score": 68.576,
        "score": 68.576,
        "region": "rmf",
        "parent_area": "MARACANAÚ",
        "parent_risk_score": 72.1,
        "parent_risk_level": "crítico",
        "parent_status": "CRÍTICO",
        "local_street_pressure": 6.527,
        "nearby_streets_count": 20,
        "nearby_streets": [
          "OURO PRETO",
          "RUA 15",
          "JEREISSATI SETOR A - MARACANAÚ"
        ],
        "is_tactical": true,
        "generated_at": "2026-08-14T15:03:06.228461"
      },
      "geometry": {
        "type": "Point",
        "coordinates": [
          -38.621796791666675,
          -3.8714770416666666
        ]
      }
    },
    {
      "type": "Feature",
      "properties": {
        "node_id": 53,
        "rank": 53,
        "name": "Residencial Pacatuba 2",
        "bairro": "MARACANAÚ",
        "municipality": "MARACANAU",
        "faction": "CV",
        "risk_score": 68.516,
        "score": 68.516,
        "region": "rmf",
        "parent_area": "MARACANAÚ",
        "parent_risk_score": 72.1,
        "parent_risk_level": "crítico",
        "parent_status": "CRÍTICO",
        "local_street_pressure": 6.544,
        "nearby_streets_count": 18,
        "nearby_streets": [
          "RESIDENCIAL PACATUBA 2",
          "RESIDENCIAL PACATUBA 1",
          "JEREISSATI SETOR G - PACATUBA"
        ],
        "is_tactical": true,
        "generated_at": "2026-08-14T15:03:06.228461"
      },
      "geometry": {
        "type": "Point",
        "coordinates": [
          -38.606330428571425,
          -3.890242
        ]
      }
    },
    {
      "type": "Feature",
      "properties": {
        "node_id": 54,
        "rank": 54,
        "name": "Santos Dumont",
        "bairro": "MARACANAÚ",
        "municipality": "MARACANAU",
        "faction": "CV",
        "risk_score": 68.456,
        "score": 68.456,
        "region": "rmf",
        "parent_area": "MARACANAÚ",
        "parent_risk_score": 72.1,
        "parent_risk_level": "crítico",
        "parent_status": "CRÍTICO",
        "local_street_pressure": 6.217,
        "nearby_streets_count": 19,
        "nearby_streets": [
          "SANTOS DUMONT",
          "RUA GUIOMAR CÂMARA",
          "RUA VALDECY SOUSA DE OLIVEIRA"
        ],
        "is_tactical": true,
        "generated_at": "2026-08-14T15:03:06.228461"
      },
      "geometry": {
        "type": "Point",
        "coordinates": [
          -38.687354595238105,
          -3.9059278095238095
        ]
      }
    },
    {
      "type": "Feature",
      "properties": {
        "node_id": 55,
        "rank": 55,
        "name": "Jereissati Setor A - Maracanaú",
        "bairro": "MARACANAÚ",
        "municipality": "Maracanaú",
        "faction": "CV",
        "risk_score": 68.247,
        "score": 68.247,
        "region": "rmf",
        "parent_area": "MARACANAÚ",
        "parent_risk_score": 72.1,
        "parent_risk_level": "crítico",
        "parent_status": "CRÍTICO",
        "local_street_pressure": 5.966,
        "nearby_streets_count": 20,
        "nearby_streets": [
          "JEREISSATI SETOR A - MARACANAÚ",
          "OURO PRETO",
          "RUA 15"
        ],
        "is_tactical": true,
        "generated_at": "2026-08-14T15:03:06.228461"
      },
      "geometry": {
        "type": "Point",
        "coordinates": [
          -38.620903479999996,
          -3.87406864
        ]
      }
    },
    {
      "type": "Feature",
      "properties": {
        "node_id": 56,
        "rank": 56,
        "name": "Planalto Benjamin",
        "bairro": "MARACANAÚ",
        "municipality": "MARACANAU",
        "faction": "CV",
        "risk_score": 68.243,
        "score": 68.243,
        "region": "rmf",
        "parent_area": "MARACANAÚ",
        "parent_risk_score": 72.1,
        "parent_risk_level": "crítico",
        "parent_status": "CRÍTICO",
        "local_street_pressure": 6.191,
        "nearby_streets_count": 21,
        "nearby_streets": [
          "PLANALTO BENJAMIN",
          "VILA DAS FLORES",
          "AVENIDA XVII"
        ],
        "is_tactical": true,
        "generated_at": "2026-08-14T15:03:06.228461"
      },
      "geometry": {
        "type": "Point",
        "coordinates": [
          -38.61897728571429,
          -3.893911428571429
        ]
      }
    },
    {
      "type": "Feature",
      "properties": {
        "node_id": 57,
        "rank": 57,
        "name": "Boa Vista - Maracanaú",
        "bairro": "MARACANAÚ",
        "municipality": "Maracanaú",
        "faction": "CV",
        "risk_score": 68.073,
        "score": 68.073,
        "region": "rmf",
        "parent_area": "MARACANAÚ",
        "parent_risk_score": 72.1,
        "parent_risk_level": "crítico",
        "parent_status": "CRÍTICO",
        "local_street_pressure": 6.239,
        "nearby_streets_count": 21,
        "nearby_streets": [
          "BOA VISTA - MARACANAÚ",
          "ESTAÇÃO - BOA VISTA",
          "JEREISSATI SETOR E - MARACANAÚ"
        ],
        "is_tactical": true,
        "generated_at": "2026-08-14T15:03:06.228461"
      },
      "geometry": {
        "type": "Point",
        "coordinates": [
          -38.623106285714286,
          -3.8887884285714276
        ]
      }
    },
    {
      "type": "Feature",
      "properties": {
        "node_id": 58,
        "rank": 58,
        "name": "Coqueiral - Maracanaú",
        "bairro": "MARACANAÚ",
        "municipality": "Maracanaú",
        "faction": "CV",
        "risk_score": 68.042,
        "score": 68.042,
        "region": "rmf",
        "parent_area": "MARACANAÚ",
        "parent_risk_score": 72.1,
        "parent_risk_level": "crítico",
        "parent_status": "CRÍTICO",
        "local_street_pressure": 6.043,
        "nearby_streets_count": 17,
        "nearby_streets": [
          "COQUEIRAL - MARACANAÚ",
          "RUA CINCO",
          "RUA ARI LOBO"
        ],
        "is_tactical": true,
        "generated_at": "2026-08-14T15:03:06.228461"
      },
      "geometry": {
        "type": "Point",
        "coordinates": [
          -38.626063411764704,
          -3.8662988235294127
        ]
      }
    },
    {
      "type": "Feature",
      "properties": {
        "node_id": 59,
        "rank": 59,
        "name": "Jereissati Setor F - Pacatuba",
        "bairro": "MARACANAÚ",
        "municipality": "Pacatuba",
        "faction": "CV",
        "risk_score": 67.93,
        "score": 67.93,
        "region": "rmf",
        "parent_area": "MARACANAÚ",
        "parent_risk_score": 72.1,
        "parent_risk_level": "crítico",
        "parent_status": "CRÍTICO",
        "local_street_pressure": 5.807,
        "nearby_streets_count": 19,
        "nearby_streets": [
          "JEREISSATI SETOR F - PACATUBA",
          "RESIDENCIAL PACATUBA 1",
          "RESIDENCIAL PACATUBA 2"
        ],
        "is_tactical": true,
        "generated_at": "2026-08-14T15:03:06.228461"
      },
      "geometry": {
        "type": "Point",
        "coordinates": [
          -38.609832,
          -3.8931822857142855
        ]
      }
    },
    {
      "type": "Feature",
      "properties": {
        "node_id": 60,
        "rank": 60,
        "name": "Timbó",
        "bairro": "MARACANAÚ",
        "municipality": "MARACANAU",
        "faction": "CV",
        "risk_score": 67.804,
        "score": 67.804,
        "region": "rmf",
        "parent_area": "MARACANAÚ",
        "parent_risk_score": 72.1,
        "parent_risk_level": "crítico",
        "parent_status": "CRÍTICO",
        "local_street_pressure": 5.473,
        "nearby_streets_count": 19,
        "nearby_streets": [
          "RUA 125",
          "TIMBÓ",
          "JEREISSATI SETOR C - MARACANAÚ"
        ],
        "is_tactical": true,
        "generated_at": "2026-08-14T15:03:06.228461"
      },
      "geometry": {
        "type": "Point",
        "coordinates": [
          -38.60467241176471,
          -3.8787646764705888
        ]
      }
    },
    {
      "type": "Feature",
      "properties": {
        "node_id": 61,
        "rank": 61,
        "name": "Alto da Mangueira - Maracanaú",
        "bairro": "MARACANAÚ",
        "municipality": "Maracanaú",
        "faction": "CV",
        "risk_score": 67.786,
        "score": 67.786,
        "region": "rmf",
        "parent_area": "MARACANAÚ",
        "parent_risk_score": 72.1,
        "parent_risk_level": "crítico",
        "parent_status": "CRÍTICO",
        "local_street_pressure": 5.671,
        "nearby_streets_count": 19,
        "nearby_streets": [
          "ALTO DA MANGUEIRA - MARACANAÚ",
          "RUA LUIS GIRÃO",
          "COLÔNIA - (EM DISPUTA)"
        ],
        "is_tactical": true,
        "generated_at": "2026-08-14T15:03:06.228461"
      },
      "geometry": {
        "type": "Point",
        "coordinates": [
          -38.62994783333333,
          -3.8872123333333337
        ]
      }
    },
    {
      "type": "Feature",
      "properties": {
        "node_id": 62,
        "rank": 62,
        "name": "Campo do Palmeiras",
        "bairro": "MARACANAÚ",
        "municipality": "MARACANAU",
        "faction": "CV",
        "risk_score": 67.157,
        "score": 67.157,
        "region": "rmf",
        "parent_area": "MARACANAÚ",
        "parent_risk_score": 72.1,
        "parent_risk_level": "crítico",
        "parent_status": "CRÍTICO",
        "local_street_pressure": 5.544,
        "nearby_streets_count": 15,
        "nearby_streets": [
          "CAMPO DO PALMEIRAS",
          "CONDOMÍNIO DA PALMEIRINHA",
          "ILHA"
        ],
        "is_tactical": true,
        "generated_at": "2026-08-14T15:03:06.228461"
      },
      "geometry": {
        "type": "Point",
        "coordinates": [
          -38.6711151,
          -3.88047445
        ]
      }
    },
    {
      "type": "Feature",
      "properties": {
        "node_id": 63,
        "rank": 63,
        "name": "Condomínio da Santa",
        "bairro": "MARACANAÚ",
        "municipality": "MARACANAU",
        "faction": "CV",
        "risk_score": 67.064,
        "score": 67.064,
        "region": "rmf",
        "parent_area": "MARACANAÚ",
        "parent_risk_score": 72.1,
        "parent_risk_level": "crítico",
        "parent_status": "CRÍTICO",
        "local_street_pressure": 5.821,
        "nearby_streets_count": 17,
        "nearby_streets": [
          "CONDOMÍNIO DA SANTA",
          "RUA GONÇALO CÂNDIDO",
          "RUA LOTEAMENTO"
        ],
        "is_tactical": true,
        "generated_at": "2026-08-14T15:03:06.228461"
      },
      "geometry": {
        "type": "Point",
        "coordinates": [
          -38.67920781818182,
          -3.874911727272728
        ]
      }
    },
    {
      "type": "Feature",
      "properties": {
        "node_id": 64,
        "rank": 64,
        "name": "Jereissati Setor B - Maracanaú",
        "bairro": "MARACANAÚ",
        "municipality": "Maracanaú",
        "faction": "CV",
        "risk_score": 67.012,
        "score": 67.012,
        "region": "rmf",
        "parent_area": "MARACANAÚ",
        "parent_risk_score": 72.1,
        "parent_risk_level": "crítico",
        "parent_status": "CRÍTICO",
        "local_street_pressure": 5.559,
        "nearby_streets_count": 22,
        "nearby_streets": [
          "JEREISSATI SETOR B - MARACANAÚ",
          "JEREISSATI SETOR C - MARACANAÚ",
          "JEREISSATI SETOR A - MARACANAÚ"
        ],
        "is_tactical": true,
        "generated_at": "2026-08-14T15:03:06.228461"
      },
      "geometry": {
        "type": "Point",
        "coordinates": [
          -38.613721125,
          -3.876170125
        ]
      }
    },
    {
      "type": "Feature",
      "properties": {
        "node_id": 65,
        "rank": 65,
        "name": "Residencial Dummar 1",
        "bairro": "MARACANAÚ",
        "municipality": "MARACANAU",
        "faction": "CV",
        "risk_score": 66.893,
        "score": 66.893,
        "region": "rmf",
        "parent_area": "MARACANAÚ",
        "parent_risk_score": 72.1,
        "parent_risk_level": "crítico",
        "parent_status": "CRÍTICO",
        "local_street_pressure": 5.743,
        "nearby_streets_count": 15,
        "nearby_streets": [
          "RESIDENCIAL DUMMAR 1",
          "RESIDENCIAL DUMMAR 2",
          "RESIDENCIAL DUMMAR 3"
        ],
        "is_tactical": true,
        "generated_at": "2026-08-14T15:03:06.228461"
      },
      "geometry": {
        "type": "Point",
        "coordinates": [
          -38.598757000000006,
          -3.8808097777777775
        ]
      }
    },
    {
      "type": "Feature",
      "properties": {
        "node_id": 66,
        "rank": 66,
        "name": "Condomínio da Palmeirinha",
        "bairro": "MARACANAÚ",
        "municipality": "MARACANAU",
        "faction": "CV",
        "risk_score": 66.669,
        "score": 66.669,
        "region": "rmf",
        "parent_area": "MARACANAÚ",
        "parent_risk_score": 72.1,
        "parent_risk_level": "crítico",
        "parent_status": "CRÍTICO",
        "local_street_pressure": 5.585,
        "nearby_streets_count": 14,
        "nearby_streets": [
          "CONDOMÍNIO DA PALMEIRINHA",
          "ILHA",
          "COMUNIDADE DO PROURB"
        ],
        "is_tactical": true,
        "generated_at": "2026-08-14T15:03:06.228461"
      },
      "geometry": {
        "type": "Point",
        "coordinates": [
          -38.669548500000005,
          -3.8824635
        ]
      }
    },
    {
      "type": "Feature",
      "properties": {
        "node_id": 67,
        "rank": 67,
        "name": "Vila das Flores",
        "bairro": "MARACANAÚ",
        "municipality": "MARACANAU",
        "faction": "CV",
        "risk_score": 66.622,
        "score": 66.622,
        "region": "rmf",
        "parent_area": "MARACANAÚ",
        "parent_risk_score": 72.1,
        "parent_risk_level": "crítico",
        "parent_status": "CRÍTICO",
        "local_street_pressure": 5.333,
        "nearby_streets_count": 18,
        "nearby_streets": [
          "VILA DAS FLORES",
          "PLANALTO BENJAMIN",
          "PLANALTO VERDE"
        ],
        "is_tactical": true,
        "generated_at": "2026-08-14T15:03:06.228461"
      },
      "geometry": {
        "type": "Point",
        "coordinates": [
          -38.62182189285715,
          -3.8962576428571425
        ]
      }
    },
    {
      "type": "Feature",
      "properties": {
        "node_id": 68,
        "rank": 68,
        "name": "Ilha",
        "bairro": "MARACANAÚ",
        "municipality": "MARACANAU",
        "faction": "CV",
        "risk_score": 66.248,
        "score": 66.248,
        "region": "rmf",
        "parent_area": "MARACANAÚ",
        "parent_risk_score": 72.1,
        "parent_risk_level": "crítico",
        "parent_status": "CRÍTICO",
        "local_street_pressure": 5.401,
        "nearby_streets_count": 14,
        "nearby_streets": [
          "ILHA",
          "CONDOMÍNIO DA PALMEIRINHA",
          "CAMPO DO PALMEIRAS"
        ],
        "is_tactical": true,
        "generated_at": "2026-08-14T15:03:06.228461"
      },
      "geometry": {
        "type": "Point",
        "coordinates": [
          -38.667613214285716,
          -3.8808333571428575
        ]
      }
    },
    {
      "type": "Feature",
      "properties": {
        "node_id": 69,
        "rank": 69,
        "name": "Área Seca",
        "bairro": "MARACANAÚ",
        "municipality": "MARACANAU",
        "faction": "CV",
        "risk_score": 66.225,
        "score": 66.225,
        "region": "rmf",
        "parent_area": "MARACANAÚ",
        "parent_risk_score": 72.1,
        "parent_risk_level": "crítico",
        "parent_status": "CRÍTICO",
        "local_street_pressure": 5.075,
        "nearby_streets_count": 14,
        "nearby_streets": [
          "ÁREA SECA",
          "RUA RAIMUNDO PACHÊCO",
          "CIDADE DE DEUS - ÁREA SECA"
        ],
        "is_tactical": true,
        "generated_at": "2026-08-14T15:03:06.228461"
      },
      "geometry": {
        "type": "Point",
        "coordinates": [
          -38.6646286521739,
          -3.876095521739131
        ]
      }
    },
    {
      "type": "Feature",
      "properties": {
        "node_id": 70,
        "rank": 70,
        "name": "Campos do Jordão",
        "bairro": "MARACANAÚ",
        "municipality": "MARACANAU",
        "faction": "CV",
        "risk_score": 66.139,
        "score": 66.139,
        "region": "rmf",
        "parent_area": "MARACANAÚ",
        "parent_risk_score": 72.1,
        "parent_risk_level": "crítico",
        "parent_status": "CRÍTICO",
        "local_street_pressure": 5.196,
        "nearby_streets_count": 15,
        "nearby_streets": [
          "CAMPOS DO JORDÃO",
          "RESIDENCIAL PACATUBA 2",
          "RESIDENCIAL PACATUBA 1"
        ],
        "is_tactical": true,
        "generated_at": "2026-08-14T15:03:06.228461"
      },
      "geometry": {
        "type": "Point",
        "coordinates": [
          -38.602475000000005,
          -3.8897672666666665
        ]
      }
    },
    {
      "type": "Feature",
      "properties": {
        "node_id": 71,
        "rank": 71,
        "name": "Residencial Dummar 2",
        "bairro": "MARACANAÚ",
        "municipality": "MARACANAU",
        "faction": "CV",
        "risk_score": 65.985,
        "score": 65.985,
        "region": "rmf",
        "parent_area": "MARACANAÚ",
        "parent_risk_score": 72.1,
        "parent_risk_level": "crítico",
        "parent_status": "CRÍTICO",
        "local_street_pressure": 5.297,
        "nearby_streets_count": 12,
        "nearby_streets": [
          "RESIDENCIAL DUMMAR 2",
          "RESIDENCIAL DUMMAR 1",
          "RESIDENCIAL DUMMAR 3"
        ],
        "is_tactical": true,
        "generated_at": "2026-08-14T15:03:06.228461"
      },
      "geometry": {
        "type": "Point",
        "coordinates": [
          -38.5976572,
          -3.8809238
        ]
      }
    },
    {
      "type": "Feature",
      "properties": {
        "node_id": 72,
        "rank": 72,
        "name": "Pato Selvagem",
        "bairro": "MARACANAÚ",
        "municipality": "MARACANAU",
        "faction": "CV",
        "risk_score": 65.86,
        "score": 65.86,
        "region": "rmf",
        "parent_area": "MARACANAÚ",
        "parent_risk_score": 72.1,
        "parent_risk_level": "crítico",
        "parent_status": "CRÍTICO",
        "local_street_pressure": 4.959,
        "nearby_streets_count": 12,
        "nearby_streets": [
          "PATO SELVAGEM",
          "RUA FLÔR PRIMAVERA",
          "RUA FLÔR DA ACÁCIA"
        ],
        "is_tactical": true,
        "generated_at": "2026-08-14T15:03:06.228461"
      },
      "geometry": {
        "type": "Point",
        "coordinates": [
          -38.675674307692304,
          -3.9126038076923075
        ]
      }
    },
    {
      "type": "Feature",
      "properties": {
        "node_id": 73,
        "rank": 73,
        "name": "Novo Maracanaú",
        "bairro": "MARACANAÚ",
        "municipality": "MARACANAU",
        "faction": "CV",
        "risk_score": 65.757,
        "score": 65.757,
        "region": "rmf",
        "parent_area": "MARACANAÚ",
        "parent_risk_score": 72.1,
        "parent_risk_level": "crítico",
        "parent_status": "CRÍTICO",
        "local_street_pressure": 4.784,
        "nearby_streets_count": 15,
        "nearby_streets": [
          "NOVO MARACANAÚ",
          "COQUEIRAL - MARACANAÚ",
          "RUA CINCO"
        ],
        "is_tactical": true,
        "generated_at": "2026-08-14T15:03:06.228461"
      },
      "geometry": {
        "type": "Point",
        "coordinates": [
          -38.62261466666667,
          -3.8651738333333334
        ]
      }
    },
    {
      "type": "Feature",
      "properties": {
        "node_id": 74,
        "rank": 74,
        "name": "Luzardo Viana",
        "bairro": "MARACANAÚ",
        "municipality": "MARACANAU",
        "faction": "CV",
        "risk_score": 65.703,
        "score": 65.703,
        "region": "rmf",
        "parent_area": "MARACANAÚ",
        "parent_risk_score": 72.1,
        "parent_risk_level": "crítico",
        "parent_status": "CRÍTICO",
        "local_street_pressure": 3.978,
        "nearby_streets_count": 10,
        "nearby_streets": [
          "MUTIRÃO",
          "LUZARDO VIANA",
          "RUA JOSEFINA LIBERATO RODRIGUES"
        ],
        "is_tactical": true,
        "generated_at": "2026-08-14T15:03:06.228461"
      },
      "geometry": {
        "type": "Point",
        "coordinates": [
          -38.64944326470587,
          -3.861614058823529
        ]
      }
    },
    {
      "type": "Feature",
      "properties": {
        "node_id": 75,
        "rank": 75,
        "name": "Residencial Dummar 3",
        "bairro": "MARACANAÚ",
        "municipality": "MARACANAU",
        "faction": "CV",
        "risk_score": 65.615,
        "score": 65.615,
        "region": "rmf",
        "parent_area": "MARACANAÚ",
        "parent_risk_score": 72.1,
        "parent_risk_level": "crítico",
        "parent_status": "CRÍTICO",
        "local_street_pressure": 5.117,
        "nearby_streets_count": 13,
        "nearby_streets": [
          "RESIDENCIAL DUMMAR 3",
          "RESIDENCIAL DUMMAR 2",
          "RESIDENCIAL DUMMAR 1"
        ],
        "is_tactical": true,
        "generated_at": "2026-08-14T15:03:06.228461"
      },
      "geometry": {
        "type": "Point",
        "coordinates": [
          -38.59718,
          -3.8795730000000006
        ]
      }
    },
    {
      "type": "Feature",
      "properties": {
        "node_id": 76,
        "rank": 76,
        "name": "Alvorada (Maracanaú)",
        "bairro": "MARACANAÚ",
        "municipality": "MARACANAU",
        "faction": "CV",
        "risk_score": 64.504,
        "score": 64.504,
        "region": "rmf",
        "parent_area": "MARACANAÚ",
        "parent_risk_score": 72.1,
        "parent_risk_level": "crítico",
        "parent_status": "CRÍTICO",
        "local_street_pressure": 3.25,
        "nearby_streets_count": 12,
        "nearby_streets": [
          "ALVORADA (MARACANAÚ)",
          "RUA SABINO CHAGAS",
          "RUA PADRE CÍCERO ROMÃO"
        ],
        "is_tactical": true,
        "generated_at": "2026-08-14T15:03:06.228461"
      },
      "geometry": {
        "type": "Point",
        "coordinates": [
          -38.59164499999999,
          -3.8898429473684217
        ]
      }
    },
    {
      "type": "Feature",
      "properties": {
        "node_id": 77,
        "rank": 77,
        "name": "Mutirão",
        "bairro": "MARACANAÚ",
        "municipality": "MARACANAU",
        "faction": "CV",
        "risk_score": 63.729,
        "score": 63.729,
        "region": "rmf",
        "parent_area": "MARACANAÚ",
        "parent_risk_score": 72.1,
        "parent_risk_level": "crítico",
        "parent_status": "CRÍTICO",
        "local_street_pressure": 4.105,
        "nearby_streets_count": 9,
        "nearby_streets": [
          "MUTIRÃO",
          "COMUNIDADE DO PAU SERRADO",
          "LUZARDO VIANA"
        ],
        "is_tactical": true,
        "generated_at": "2026-08-14T15:03:06.228461"
      },
      "geometry": {
        "type": "Point",
        "coordinates": [
          -38.65055952173912,
          -3.8635063478260885
        ]
      }
    },
    {
      "type": "Feature",
      "properties": {
        "node_id": 78,
        "rank": 78,
        "name": "Planalto Verde",
        "bairro": "MARACANAÚ",
        "municipality": "MARACANAU",
        "faction": "CV",
        "risk_score": 63.613,
        "score": 63.613,
        "region": "rmf",
        "parent_area": "MARACANAÚ",
        "parent_risk_score": 72.1,
        "parent_risk_level": "crítico",
        "parent_status": "CRÍTICO",
        "local_street_pressure": 3.891,
        "nearby_streets_count": 12,
        "nearby_streets": [
          "PLANALTO VERDE",
          "HORTO",
          "VILA DAS FLORES"
        ],
        "is_tactical": true,
        "generated_at": "2026-08-14T15:03:06.228461"
      },
      "geometry": {
        "type": "Point",
        "coordinates": [
          -38.620563,
          -3.9014924166666667
        ]
      }
    },
    {
      "type": "Feature",
      "properties": {
        "node_id": 79,
        "rank": 79,
        "name": "Comunidade do Pau Serrado",
        "bairro": "MARACANAÚ",
        "municipality": "MARACANAU",
        "faction": "CV",
        "risk_score": 63.588,
        "score": 63.588,
        "region": "rmf",
        "parent_area": "MARACANAÚ",
        "parent_risk_score": 72.1,
        "parent_risk_level": "crítico",
        "parent_status": "CRÍTICO",
        "local_street_pressure": 3.931,
        "nearby_streets_count": 11,
        "nearby_streets": [
          "COMUNIDADE DO PAU SERRADO",
          "MUTIRÃO",
          "RUA PEDRO ALVES DA CUNHA"
        ],
        "is_tactical": true,
        "generated_at": "2026-08-14T15:03:06.228461"
      },
      "geometry": {
        "type": "Point",
        "coordinates": [
          -38.65339042307692,
          -3.864550807692308
        ]
      }
    },
    {
      "type": "Feature",
      "properties": {
        "node_id": 80,
        "rank": 80,
        "name": "Quadras do Luzardo Viana",
        "bairro": "MARACANAÚ",
        "municipality": "MARACANAU",
        "faction": "CV",
        "risk_score": 63.08,
        "score": 63.08,
        "region": "rmf",
        "parent_area": "MARACANAÚ",
        "parent_risk_score": 72.1,
        "parent_risk_level": "crítico",
        "parent_status": "CRÍTICO",
        "local_street_pressure": 3.816,
        "nearby_streets_count": 11,
        "nearby_streets": [
          "QUADRAS DO LUZARDO VIANA",
          "MUTIRÃO",
          "COMUNIDADE DO PAU SERRADO"
        ],
        "is_tactical": true,
        "generated_at": "2026-08-14T15:03:06.228461"
      },
      "geometry": {
        "type": "Point",
        "coordinates": [
          -38.64728139999999,
          -3.8665042400000003
        ]
      }
    },
    {
      "type": "Feature",
      "properties": {
        "node_id": 81,
        "rank": 81,
        "name": "Maracananzinho",
        "bairro": "MARACANAÚ",
        "municipality": "MARACANAU",
        "faction": "CV",
        "risk_score": 63.007,
        "score": 63.007,
        "region": "rmf",
        "parent_area": "MARACANAÚ",
        "parent_risk_score": 72.1,
        "parent_risk_level": "crítico",
        "parent_status": "CRÍTICO",
        "local_street_pressure": 3.779,
        "nearby_streets_count": 13,
        "nearby_streets": [
          "MARACANANZINHO",
          "RESIDENCIAL/JABUTI - MARACANAÚ",
          "PIRATININGA"
        ],
        "is_tactical": true,
        "generated_at": "2026-08-14T15:03:06.228461"
      },
      "geometry": {
        "type": "Point",
        "coordinates": [
          -38.634940125,
          -3.86622125
        ]
      }
    },
    {
      "type": "Feature",
      "properties": {
        "node_id": 82,
        "rank": 82,
        "name": "Urucara",
        "bairro": "MARACANAÚ",
        "municipality": "MARACANAU",
        "faction": "CV",
        "risk_score": 62.999,
        "score": 62.999,
        "region": "rmf",
        "parent_area": "MARACANAÚ",
        "parent_risk_score": 72.1,
        "parent_risk_level": "crítico",
        "parent_status": "CRÍTICO",
        "local_street_pressure": 3.787,
        "nearby_streets_count": 9,
        "nearby_streets": [
          "URUCARA",
          "RUA ALBERTO LOPES",
          "ALTA DELTA"
        ],
        "is_tactical": true,
        "generated_at": "2026-08-14T15:03:06.228461"
      },
      "geometry": {
        "type": "Point",
        "coordinates": [
          -38.69336123255813,
          -3.92572665116279
        ]
      }
    },
    {
      "type": "Feature",
      "properties": {
        "node_id": 83,
        "rank": 83,
        "name": "Multirão - Maracanaú",
        "bairro": "MARACANAÚ",
        "municipality": "Maracanaú",
        "faction": "CV",
        "risk_score": 62.56,
        "score": 62.56,
        "region": "rmf",
        "parent_area": "MARACANAÚ",
        "parent_risk_score": 72.1,
        "parent_risk_level": "crítico",
        "parent_status": "CRÍTICO",
        "local_street_pressure": 3.583,
        "nearby_streets_count": 11,
        "nearby_streets": [
          "MULTIRÃO - MARACANAÚ",
          "RUA LUIS GIRÃO",
          "GRUTA - COLÔNIA"
        ],
        "is_tactical": true,
        "generated_at": "2026-08-14T15:03:06.228461"
      },
      "geometry": {
        "type": "Point",
        "coordinates": [
          -38.6379594,
          -3.8894543999999995
        ]
      }
    },
    {
      "type": "Feature",
      "properties": {
        "node_id": 84,
        "rank": 84,
        "name": "Portelinha",
        "bairro": "MARACANAÚ",
        "municipality": "MARACANAU",
        "faction": "CV",
        "risk_score": 62.311,
        "score": 62.311,
        "region": "rmf",
        "parent_area": "MARACANAÚ",
        "parent_risk_score": 72.1,
        "parent_risk_level": "crítico",
        "parent_status": "CRÍTICO",
        "local_street_pressure": 3.493,
        "nearby_streets_count": 11,
        "nearby_streets": [
          "PORTELINHA",
          "ÁREA VERDE - NOVO MARANGUAPE I",
          "RUA RAIMUNDO PACHÊCO"
        ],
        "is_tactical": true,
        "generated_at": "2026-08-14T15:03:06.228461"
      },
      "geometry": {
        "type": "Point",
        "coordinates": [
          -38.669094090909084,
          -3.866796590909091
        ]
      }
    },
    {
      "type": "Feature",
      "properties": {
        "node_id": 85,
        "rank": 85,
        "name": "Residencial/Jabuti - Maracanaú",
        "bairro": "MARACANAÚ",
        "municipality": "Maracanaú",
        "faction": "CV",
        "risk_score": 62.167,
        "score": 62.167,
        "region": "rmf",
        "parent_area": "MARACANAÚ",
        "parent_risk_score": 72.1,
        "parent_risk_level": "crítico",
        "parent_status": "CRÍTICO",
        "local_street_pressure": 2.647,
        "nearby_streets_count": 9,
        "nearby_streets": [
          "RESIDENCIAL/JABUTI - MARACANAÚ",
          "RESIDENCIAL LL",
          "RUA VINTE E UM"
        ],
        "is_tactical": true,
        "generated_at": "2026-08-14T15:03:06.228461"
      },
      "geometry": {
        "type": "Point",
        "coordinates": [
          -38.631274937499995,
          -3.8572706875
        ]
      }
    },
    {
      "type": "Feature",
      "properties": {
        "node_id": 86,
        "rank": 86,
        "name": "Piraporã",
        "bairro": "MARACANAÚ",
        "municipality": "MARACANAU",
        "faction": "CV",
        "risk_score": 62.043,
        "score": 62.043,
        "region": "rmf",
        "parent_area": "MARACANAÚ",
        "parent_risk_score": 72.1,
        "parent_risk_level": "crítico",
        "parent_status": "CRÍTICO",
        "local_street_pressure": 3.35,
        "nearby_streets_count": 9,
        "nearby_streets": [
          "PIRAPORÃ",
          "BECO DO BURACO - VILA SÃO JOSÉ - ALTO DO CAJUEIRO",
          "VILA SÃO JOSÉ"
        ],
        "is_tactical": true,
        "generated_at": "2026-08-14T15:03:06.228461"
      },
      "geometry": {
        "type": "Point",
        "coordinates": [
          -38.695714363636355,
          -3.8916036818181823
        ]
      }
    },
    {
      "type": "Feature",
      "properties": {
        "node_id": 87,
        "rank": 87,
        "name": "Horto",
        "bairro": "MARACANAÚ",
        "municipality": "MARACANAU",
        "faction": "CV",
        "risk_score": 61.68,
        "score": 61.68,
        "region": "rmf",
        "parent_area": "MARACANAÚ",
        "parent_risk_score": 72.1,
        "parent_risk_level": "crítico",
        "parent_status": "CRÍTICO",
        "local_street_pressure": 2.705,
        "nearby_streets_count": 7,
        "nearby_streets": [
          "HORTO",
          "RUA ANTÔNIO FRANCISCO",
          "PLANALTO VERDE"
        ],
        "is_tactical": true,
        "generated_at": "2026-08-14T15:03:06.228461"
      },
      "geometry": {
        "type": "Point",
        "coordinates": [
          -38.62115735294117,
          -3.9076130000000004
        ]
      }
    },
    {
      "type": "Feature",
      "properties": {
        "node_id": 88,
        "rank": 88,
        "name": "Serra Pelada",
        "bairro": "MARACANAÚ",
        "municipality": "MARACANAU",
        "faction": "CV",
        "risk_score": 61.624,
        "score": 61.624,
        "region": "rmf",
        "parent_area": "MARACANAÚ",
        "parent_risk_score": 72.1,
        "parent_risk_level": "crítico",
        "parent_status": "CRÍTICO",
        "local_street_pressure": 3.145,
        "nearby_streets_count": 8,
        "nearby_streets": [
          "SERRA PELADA",
          "NOVO PARQUE IRACEMA - ALTO DO JOÃO GRANDE",
          "ALTA DELTA"
        ],
        "is_tactical": true,
        "generated_at": "2026-08-14T15:03:06.228461"
      },
      "geometry": {
        "type": "Point",
        "coordinates": [
          -38.69774353125,
          -3.9165278437500004
        ]
      }
    },
    {
      "type": "Feature",
      "properties": {
        "node_id": 89,
        "rank": 89,
        "name": "Mucunã - Maracanaú",
        "bairro": "MARACANAÚ",
        "municipality": "Maracanaú",
        "faction": "CV",
        "risk_score": 61.261,
        "score": 61.261,
        "region": "rmf",
        "parent_area": "MARACANAÚ",
        "parent_risk_score": 72.1,
        "parent_risk_level": "crítico",
        "parent_status": "CRÍTICO",
        "local_street_pressure": 2.544,
        "nearby_streets_count": 8,
        "nearby_streets": [
          "MUCUNÃ - MARACANAÚ",
          "ALTO DA ALVORADA - MUCUNÃ",
          "PAPOCO - MUCUNÃ"
        ],
        "is_tactical": true,
        "generated_at": "2026-08-14T15:03:06.228461"
      },
      "geometry": {
        "type": "Point",
        "coordinates": [
          -38.65635572549021,
          -3.8460578431372547
        ]
      }
    },
    {
      "type": "Feature",
      "properties": {
        "node_id": 90,
        "rank": 90,
        "name": "Velho Timbó",
        "bairro": "MARACANAÚ",
        "municipality": "MARACANAU",
        "faction": "CV",
        "risk_score": 59.914,
        "score": 59.914,
        "region": "rmf",
        "parent_area": "MARACANAÚ",
        "parent_risk_score": 72.1,
        "parent_risk_level": "crítico",
        "parent_status": "CRÍTICO",
        "local_street_pressure": 1.362,
        "nearby_streets_count": 4,
        "nearby_streets": [
          "VELHO TIMBÓ",
          "AVENIDA JOSÉ GUILHERME",
          "AVENIDA B"
        ],
        "is_tactical": true,
        "generated_at": "2026-08-14T15:03:06.228461"
      },
      "geometry": {
        "type": "Point",
        "coordinates": [
          -38.59954907692308,
          -3.9067746923076925
        ]
      }
    },
    {
      "type": "Feature",
      "properties": {
        "node_id": 91,
        "rank": 91,
        "name": "Olho D’Água",
        "bairro": "MARACANAÚ",
        "municipality": "MARACANAU",
        "faction": "CV",
        "risk_score": 59.23,
        "score": 59.23,
        "region": "rmf",
        "parent_area": "MARACANAÚ",
        "parent_risk_score": 72.1,
        "parent_risk_level": "crítico",
        "parent_status": "CRÍTICO",
        "local_street_pressure": 1.546,
        "nearby_streets_count": 5,
        "nearby_streets": [
          "OLHO D’ÁGUA",
          "RUA ANTÔNIO FRANCISCO",
          "HORTO"
        ],
        "is_tactical": true,
        "generated_at": "2026-08-14T15:03:06.228461"
      },
      "geometry": {
        "type": "Point",
        "coordinates": [
          -38.62399946875,
          -3.916878375
        ]
      }
    },
    {
      "type": "Feature",
      "properties": {
        "node_id": 92,
        "rank": 92,
        "name": "Jagatá - Maracanaú",
        "bairro": "ALTO ALEGRE II",
        "municipality": "Maracanaú",
        "faction": "CV",
        "risk_score": 58.638,
        "score": 58.638,
        "region": "rmf",
        "parent_area": "ALTO ALEGRE II",
        "parent_risk_score": 72.1,
        "parent_risk_level": "crítico",
        "parent_status": "CRÍTICO",
        "local_street_pressure": 1.546,
        "nearby_streets_count": 4,
        "nearby_streets": [
          "JAGATÁ - MARACANAÚ",
          "SANTA MARTA",
          "AREA SEM NOME"
        ],
        "is_tactical": true,
        "generated_at": "2026-08-14T15:03:06.228461"
      },
      "geometry": {
        "type": "Point",
        "coordinates": [
          -38.62173174999999,
          -3.8341934583333326
        ]
      }
    },
    {
      "type": "Feature",
      "properties": {
        "node_id": 93,
        "rank": 93,
        "name": "Vila Nova - Maracanaú",
        "bairro": "ALTO ALEGRE II",
        "municipality": "Maracanaú",
        "faction": "CV",
        "risk_score": 58.121,
        "score": 58.121,
        "region": "rmf",
        "parent_area": "ALTO ALEGRE II",
        "parent_risk_score": 72.1,
        "parent_risk_level": "crítico",
        "parent_status": "CRÍTICO",
        "local_street_pressure": 1.39,
        "nearby_streets_count": 3,
        "nearby_streets": [
          "VILA NOVA - MARACANAÚ",
          "COMUNIDADE DA CENTRAL  - JAÇANAÚ",
          "FAVELA DO MAGALHÃES - JAÇANAÚ"
        ],
        "is_tactical": true,
        "generated_at": "2026-08-14T15:03:06.228461"
      },
      "geometry": {
        "type": "Point",
        "coordinates": [
          -38.638551875,
          -3.8343103125
        ]
      }
    },
    {
      "type": "Feature",
      "properties": {
        "node_id": 94,
        "rank": 94,
        "name": "Gereraú",
        "bairro": "MARACANAÚ",
        "municipality": "MARACANAU",
        "faction": "CV",
        "risk_score": 57.898,
        "score": 57.898,
        "region": "rmf",
        "parent_area": "MARACANAÚ",
        "parent_risk_score": 72.1,
        "parent_risk_level": "crítico",
        "parent_status": "CRÍTICO",
        "local_street_pressure": 1.17,
        "nearby_streets_count": 4,
        "nearby_streets": [
          "GERERAÚ",
          "RUA MARIA GERALDA",
          "TV JOÃO FERREIRA DE ALENCAR 2"
        ],
        "is_tactical": true,
        "generated_at": "2026-08-14T15:03:06.228461"
      },
      "geometry": {
        "type": "Point",
        "coordinates": [
          -38.693862947368416,
          -3.942389631578947
        ]
      }
    },
    {
      "type": "Feature",
      "properties": {
        "node_id": 95,
        "rank": 95,
        "name": "Amanari",
        "bairro": "MARANGUAPE",
        "municipality": "MARANGUAPE",
        "faction": "CV",
        "risk_score": 47.673,
        "score": 47.673,
        "region": "rmf",
        "parent_area": "MARANGUAPE",
        "parent_risk_score": 48.1,
        "parent_risk_level": "moderado",
        "parent_status": "MODERADO",
        "local_street_pressure": 4.306,
        "nearby_streets_count": 10,
        "nearby_streets": [
          "AMANARI",
          "R. TEIXEIRA DE SOUSA",
          "RUA ALZIRA SAMPAIO"
        ],
        "is_tactical": true,
        "generated_at": "2026-08-14T15:03:06.228461"
      },
      "geometry": {
        "type": "Point",
        "coordinates": [
          -38.86824336842105,
          -4.024119605263158
        ]
      }
    },
    {
      "type": "Feature",
      "properties": {
        "node_id": 96,
        "rank": 96,
        "name": "Ladeira Grande",
        "bairro": "MARANGUAPE",
        "municipality": "MARANGUAPE",
        "faction": "CV",
        "risk_score": 43.88,
        "score": 43.88,
        "region": "rmf",
        "parent_area": "MARANGUAPE",
        "parent_risk_score": 48.1,
        "parent_risk_level": "moderado",
        "parent_status": "MODERADO",
        "local_street_pressure": 2.811,
        "nearby_streets_count": 5,
        "nearby_streets": [
          "LADEIRA GRANDE",
          "RUA RAIMUNDA XAVIER DE SOUSA",
          "CE-065"
        ],
        "is_tactical": true,
        "generated_at": "2026-08-14T15:03:06.228461"
      },
      "geometry": {
        "type": "Point",
        "coordinates": [
          -38.707464363636355,
          -3.9743006818181827
        ]
      }
    },
    {
      "type": "Feature",
      "properties": {
        "node_id": 97,
        "rank": 97,
        "name": "São João do Amanari",
        "bairro": "MARANGUAPE",
        "municipality": "MARANGUAPE",
        "faction": "CV",
        "risk_score": 43.782,
        "score": 43.782,
        "region": "rmf",
        "parent_area": "MARANGUAPE",
        "parent_risk_score": 48.1,
        "parent_risk_level": "moderado",
        "parent_status": "MODERADO",
        "local_street_pressure": 2.352,
        "nearby_streets_count": 5,
        "nearby_streets": [
          "SÃO JOÃO DO AMANARI",
          "RUA JOÃO TEIXEIRA JOCA",
          "RUA CHAGAS VITORIANO"
        ],
        "is_tactical": true,
        "generated_at": "2026-08-14T15:03:06.228461"
      },
      "geometry": {
        "type": "Point",
        "coordinates": [
          -38.88725178378378,
          -4.019513148648647
        ]
      }
    },
    {
      "type": "Feature",
      "properties": {
        "node_id": 98,
        "rank": 98,
        "name": "Papara",
        "bairro": "MARANGUAPE",
        "municipality": "MARANGUAPE",
        "faction": "CV",
        "risk_score": 43.681,
        "score": 43.681,
        "region": "rmf",
        "parent_area": "MARANGUAPE",
        "parent_risk_score": 48.1,
        "parent_risk_level": "moderado",
        "parent_status": "MODERADO",
        "local_street_pressure": 2.022,
        "nearby_streets_count": 4,
        "nearby_streets": [
          "PAPARA",
          "RUA LEÔNCIO LEITE DE SOUSA",
          "RUA VICENTINA HONÓRIO DE ABREU"
        ],
        "is_tactical": true,
        "generated_at": "2026-08-14T15:03:06.228461"
      },
      "geometry": {
        "type": "Point",
        "coordinates": [
          -38.72677949999999,
          -3.990343493333333
        ]
      }
    },
    {
      "type": "Feature",
      "properties": {
        "node_id": 99,
        "rank": 99,
        "name": "Lagoa do Juvenal - Maranguape",
        "bairro": "MARANGUAPE",
        "municipality": "Maranguape",
        "faction": "CV",
        "risk_score": 42.872,
        "score": 42.872,
        "region": "rmf",
        "parent_area": "MARANGUAPE",
        "parent_risk_score": 48.1,
        "parent_risk_level": "moderado",
        "parent_status": "MODERADO",
        "local_street_pressure": 2.085,
        "nearby_streets_count": 4,
        "nearby_streets": [
          "LAGOA DO JUVENAL - MARANGUAPE",
          "AVENIDA NOSSA SENHORA DO CARMO",
          "RUA JOSÉ DE SOUSA ALBUQUERQUE"
        ],
        "is_tactical": true,
        "generated_at": "2026-08-14T15:03:06.228461"
      },
      "geometry": {
        "type": "Point",
        "coordinates": [
          -38.97327075925927,
          -4.026686407407407
        ]
      }
    },
    {
      "type": "Feature",
      "properties": {
        "node_id": 100,
        "rank": 100,
        "name": "Comunidade da Babilônia",
        "bairro": "MARANGUAPE",
        "municipality": "MARANGUAPE",
        "faction": "CV",
        "risk_score": 42.549,
        "score": 42.549,
        "region": "rmf",
        "parent_area": "MARANGUAPE",
        "parent_risk_score": 48.1,
        "parent_risk_level": "moderado",
        "parent_status": "MODERADO",
        "local_street_pressure": 2.209,
        "nearby_streets_count": 4,
        "nearby_streets": [
          "COMUNIDADE DA BABILÔNIA",
          "TRAVESSA ALTO DOS SANTOS REZES",
          "AMANARI"
        ],
        "is_tactical": true,
        "generated_at": "2026-08-14T15:03:06.228461"
      },
      "geometry": {
        "type": "Point",
        "coordinates": [
          -38.87344256249999,
          -4.0297299375
        ]
      }
    },
    {
      "type": "Feature",
      "properties": {
        "node_id": 101,
        "rank": 101,
        "name": "Papara - Maranguape",
        "bairro": "MARANGUAPE",
        "municipality": "Maranguape",
        "faction": "CV",
        "risk_score": 42.023,
        "score": 42.023,
        "region": "rmf",
        "parent_area": "MARANGUAPE",
        "parent_risk_score": 48.1,
        "parent_risk_level": "moderado",
        "parent_status": "MODERADO",
        "local_street_pressure": 1.659,
        "nearby_streets_count": 3,
        "nearby_streets": [
          "PAPARA - MARANGUAPE",
          "RUA FRANCISCO ANTÔNIO DE LIMA",
          "JOÃO LEITE - PAPARA"
        ],
        "is_tactical": true,
        "generated_at": "2026-08-14T15:03:06.228461"
      },
      "geometry": {
        "type": "Point",
        "coordinates": [
          -38.745229679245284,
          -4.024548735849057
        ]
      }
    },
    {
      "type": "Feature",
      "properties": {
        "node_id": 102,
        "rank": 102,
        "name": "Vila Nova de Maranguape",
        "bairro": "MARANGUAPE",
        "municipality": "MARANGUAPE",
        "faction": "CV",
        "risk_score": 41.719,
        "score": 41.719,
        "region": "rmf",
        "parent_area": "MARANGUAPE",
        "parent_risk_score": 48.1,
        "parent_risk_level": "moderado",
        "parent_status": "MODERADO",
        "local_street_pressure": 1.745,
        "nearby_streets_count": 4,
        "nearby_streets": [
          "VILA NOVA DE MARANGUAPE",
          "RUA JOSÉ SIMÃO DE ABREU",
          "PAPARA"
        ],
        "is_tactical": true,
        "generated_at": "2026-08-14T15:03:06.228461"
      },
      "geometry": {
        "type": "Point",
        "coordinates": [
          -38.71594311627906,
          -3.987047162790698
        ]
      }
    },
    {
      "type": "Feature",
      "properties": {
        "node_id": 103,
        "rank": 103,
        "name": "Boa Vista dos Vieiras",
        "bairro": "MARANGUAPE",
        "municipality": "MARANGUAPE",
        "faction": "CV",
        "risk_score": 41.401,
        "score": 41.401,
        "region": "rmf",
        "parent_area": "MARANGUAPE",
        "parent_risk_score": 48.1,
        "parent_risk_level": "moderado",
        "parent_status": "MODERADO",
        "local_street_pressure": 1.668,
        "nearby_streets_count": 2,
        "nearby_streets": [
          "BOA VISTA DOS VIEIRAS",
          "RUA ESTRADA LAGES BOA VISTA"
        ],
        "is_tactical": true,
        "generated_at": "2026-08-14T15:03:06.228461"
      },
      "geometry": {
        "type": "Point",
        "coordinates": [
          -38.718682,
          -4.0214645
        ]
      }
    },
    {
      "type": "Feature",
      "properties": {
        "node_id": 104,
        "rank": 104,
        "name": "Jari - Maracanaú",
        "bairro": "SIQUEIRA",
        "municipality": "Maracanaú",
        "faction": "CV",
        "risk_score": 41.041,
        "score": 41.041,
        "region": "rmf",
        "parent_area": "SIQUEIRA",
        "parent_risk_score": 40.7,
        "parent_risk_level": "moderado",
        "parent_status": "MODERADO",
        "local_street_pressure": 4.148,
        "nearby_streets_count": 13,
        "nearby_streets": [
          "JARI - MARACANAÚ",
          "JARI",
          "PARQUE SÃO JOÃO"
        ],
        "is_tactical": true,
        "generated_at": "2026-08-14T15:03:06.228461"
      },
      "geometry": {
        "type": "Point",
        "coordinates": [
          -38.630870125,
          -3.8192313750000007
        ]
      }
    },
    {
      "type": "Feature",
      "properties": {
        "node_id": 105,
        "rank": 105,
        "name": "Penedo de Maranguape",
        "bairro": "MARANGUAPE",
        "municipality": "MARANGUAPE",
        "faction": "CV",
        "risk_score": 40.896,
        "score": 40.896,
        "region": "rmf",
        "parent_area": "MARANGUAPE",
        "parent_risk_score": 48.1,
        "parent_risk_level": "moderado",
        "parent_status": "MODERADO",
        "local_street_pressure": 1.335,
        "nearby_streets_count": 2,
        "nearby_streets": [
          "PENEDO DE MARANGUAPE",
          "AREA SEM NOME"
        ],
        "is_tactical": true,
        "generated_at": "2026-08-14T15:03:06.228461"
      },
      "geometry": {
        "type": "Point",
        "coordinates": [
          -38.8156963,
          -3.9997619
        ]
      }
    },
    {
      "type": "Feature",
      "properties": {
        "node_id": 106,
        "rank": 106,
        "name": "Cachoeira- Maranguape",
        "bairro": "MARANGUAPE",
        "municipality": "Maranguape",
        "faction": "CV",
        "risk_score": 40.649,
        "score": 40.649,
        "region": "rmf",
        "parent_area": "MARANGUAPE",
        "parent_risk_score": 48.1,
        "parent_risk_level": "moderado",
        "parent_status": "MODERADO",
        "local_street_pressure": 1.019,
        "nearby_streets_count": 3,
        "nearby_streets": [
          "CACHOEIRA- MARANGUAPE",
          "RODOVIA CARLOS JEREISSATI",
          "RUA FRANCISCO ANTÔNIO DA SILVA"
        ],
        "is_tactical": true,
        "generated_at": "2026-08-14T15:03:06.228461"
      },
      "geometry": {
        "type": "Point",
        "coordinates": [
          -38.753266666666676,
          -4.068459600000001
        ]
      }
    },
    {
      "type": "Feature",
      "properties": {
        "node_id": 107,
        "rank": 107,
        "name": "Umarizeiras",
        "bairro": "MARANGUAPE",
        "municipality": "MARANGUAPE",
        "faction": "CV",
        "risk_score": 40.61,
        "score": 40.61,
        "region": "rmf",
        "parent_area": "MARANGUAPE",
        "parent_risk_score": 48.1,
        "parent_risk_level": "moderado",
        "parent_status": "MODERADO",
        "local_street_pressure": 1.099,
        "nearby_streets_count": 2,
        "nearby_streets": [
          "UMARIZEIRAS",
          "ESTRADA UMARIZEIRAS LAGES"
        ],
        "is_tactical": true,
        "generated_at": "2026-08-14T15:03:06.228461"
      },
      "geometry": {
        "type": "Point",
        "coordinates": [
          -38.72651875,
          -4.0066249
        ]
      }
    },
    {
      "type": "Feature",
      "properties": {
        "node_id": 108,
        "rank": 108,
        "name": "Boa Vista - Maranguape",
        "bairro": "MARANGUAPE",
        "municipality": "Maranguape",
        "faction": "CV",
        "risk_score": 40.552,
        "score": 40.552,
        "region": "rmf",
        "parent_area": "MARANGUAPE",
        "parent_risk_score": 48.1,
        "parent_risk_level": "moderado",
        "parent_status": "MODERADO",
        "local_street_pressure": 1.142,
        "nearby_streets_count": 1,
        "nearby_streets": [
          "BOA VISTA - MARANGUAPE"
        ],
        "is_tactical": true,
        "generated_at": "2026-08-14T15:03:06.228461"
      },
      "geometry": {
        "type": "Point",
        "coordinates": [
          -38.736982250000004,
          -4.04983021875
        ]
      }
    },
    {
      "type": "Feature",
      "properties": {
        "node_id": 109,
        "rank": 109,
        "name": "Jari - Maracanaú",
        "bairro": "SIQUEIRA",
        "municipality": "Maracanaú",
        "faction": "CV",
        "risk_score": 39.462,
        "score": 39.462,
        "region": "rmf",
        "parent_area": "SIQUEIRA",
        "parent_risk_score": 40.7,
        "parent_risk_level": "moderado",
        "parent_status": "MODERADO",
        "local_street_pressure": 3.033,
        "nearby_streets_count": 11,
        "nearby_streets": [
          "BOM JESUS - MARACANAÚ",
          "JARI - MARACANAÚ",
          "JATOBÁ"
        ],
        "is_tactical": true,
        "generated_at": "2026-08-14T15:03:06.228461"
      },
      "geometry": {
        "type": "Point",
        "coordinates": [
          -38.63578075757576,
          -3.816102818181818
        ]
      }
    },
    {
      "type": "Feature",
      "properties": {
        "node_id": 110,
        "rank": 110,
        "name": "Bom Jesus - Maracanaú",
        "bairro": "SIQUEIRA",
        "municipality": "Maracanaú",
        "faction": "CV",
        "risk_score": 39.365,
        "score": 39.365,
        "region": "rmf",
        "parent_area": "SIQUEIRA",
        "parent_risk_score": 40.7,
        "parent_risk_level": "moderado",
        "parent_status": "MODERADO",
        "local_street_pressure": 3.286,
        "nearby_streets_count": 11,
        "nearby_streets": [
          "BOM JESUS - MARACANAÚ",
          "JATOBÁ",
          "JARI - MARACANAÚ"
        ],
        "is_tactical": true,
        "generated_at": "2026-08-14T15:03:06.228461"
      },
      "geometry": {
        "type": "Point",
        "coordinates": [
          -38.6372686875,
          -3.814628625
        ]
      }
    },
    {
      "type": "Feature",
      "properties": {
        "node_id": 111,
        "rank": 111,
        "name": "Tabatinga",
        "bairro": "PACATUBA",
        "municipality": "PACATUBA",
        "faction": "CV",
        "risk_score": 37.066,
        "score": 37.066,
        "region": "rmf",
        "parent_area": "PACATUBA",
        "parent_risk_score": 32.2,
        "parent_risk_level": "moderado",
        "parent_status": "MODERADO",
        "local_street_pressure": 4.454,
        "nearby_streets_count": 10,
        "nearby_streets": [
          "TABATINGA",
          "AVENIDA TABATINGA",
          "RUA JOÃO UCHOA"
        ],
        "is_tactical": true,
        "generated_at": "2026-08-14T15:03:06.228461"
      },
      "geometry": {
        "type": "Point",
        "coordinates": [
          -38.69608606349206,
          -3.95539238095238
        ]
      }
    },
    {
      "type": "Feature",
      "properties": {
        "node_id": 112,
        "rank": 112,
        "name": "Morro do Macaco",
        "bairro": "PACATUBA",
        "municipality": "PACATUBA",
        "faction": "CV",
        "risk_score": 35.415,
        "score": 35.415,
        "region": "rmf",
        "parent_area": "PACATUBA",
        "parent_risk_score": 32.2,
        "parent_risk_level": "moderado",
        "parent_status": "MODERADO",
        "local_street_pressure": 4.368,
        "nearby_streets_count": 9,
        "nearby_streets": [
          "MORRO DO MACACO",
          "RUA RUBENS CARVALHO",
          "RUA JOÃO UCHOA"
        ],
        "is_tactical": true,
        "generated_at": "2026-08-14T15:03:06.228461"
      },
      "geometry": {
        "type": "Point",
        "coordinates": [
          -38.69842306666667,
          -3.957983533333333
        ]
      }
    },
    {
      "type": "Feature",
      "properties": {
        "node_id": 113,
        "rank": 113,
        "name": "Parque Aratanha",
        "bairro": "PACATUBA",
        "municipality": "PACATUBA",
        "faction": "CV",
        "risk_score": 34.679,
        "score": 34.679,
        "region": "rmf",
        "parent_area": "PACATUBA",
        "parent_risk_score": 32.2,
        "parent_risk_level": "moderado",
        "parent_status": "MODERADO",
        "local_street_pressure": 3.915,
        "nearby_streets_count": 8,
        "nearby_streets": [
          "PARQUE ARATANHA",
          "SÃO JOSÉ",
          "PRACINHA- PACATUBA"
        ],
        "is_tactical": true,
        "generated_at": "2026-08-14T15:03:06.228461"
      },
      "geometry": {
        "type": "Point",
        "coordinates": [
          -38.612764285714285,
          -3.9787495
        ]
      }
    },
    {
      "type": "Feature",
      "properties": {
        "node_id": 114,
        "rank": 114,
        "name": "Pracinha- Pacatuba",
        "bairro": "PACATUBA",
        "municipality": "Pacatuba",
        "faction": "CV",
        "risk_score": 33.663,
        "score": 33.663,
        "region": "rmf",
        "parent_area": "PACATUBA",
        "parent_risk_score": 32.2,
        "parent_risk_level": "moderado",
        "parent_status": "MODERADO",
        "local_street_pressure": 3.434,
        "nearby_streets_count": 7,
        "nearby_streets": [
          "PRACINHA- PACATUBA",
          "PIRIPAU",
          "PARQUE ARATANHA"
        ],
        "is_tactical": true,
        "generated_at": "2026-08-14T15:03:06.228461"
      },
      "geometry": {
        "type": "Point",
        "coordinates": [
          -38.61632533333333,
          -3.981352
        ]
      }
    },
    {
      "type": "Feature",
      "properties": {
        "node_id": 115,
        "rank": 115,
        "name": "Pavuna",
        "bairro": "PACATUBA",
        "municipality": "PACATUBA",
        "faction": "CV",
        "risk_score": 33.642,
        "score": 33.642,
        "region": "rmf",
        "parent_area": "PACATUBA",
        "parent_risk_score": 32.2,
        "parent_risk_level": "moderado",
        "parent_status": "MODERADO",
        "local_street_pressure": 2.516,
        "nearby_streets_count": 6,
        "nearby_streets": [
          "PAVUNA",
          "AVENIDA JOSÉ GUILHERME",
          "FAVELA DA CATITA"
        ],
        "is_tactical": true,
        "generated_at": "2026-08-14T15:03:06.228461"
      },
      "geometry": {
        "type": "Point",
        "coordinates": [
          -38.597941728813566,
          -3.915259542372881
        ]
      }
    },
    {
      "type": "Feature",
      "properties": {
        "node_id": 116,
        "rank": 116,
        "name": "Piripau",
        "bairro": "PACATUBA",
        "municipality": "PACATUBA",
        "faction": "CV",
        "risk_score": 33.526,
        "score": 33.526,
        "region": "rmf",
        "parent_area": "PACATUBA",
        "parent_risk_score": 32.2,
        "parent_risk_level": "moderado",
        "parent_status": "MODERADO",
        "local_street_pressure": 3.459,
        "nearby_streets_count": 7,
        "nearby_streets": [
          "PIRIPAU",
          "PRACINHA- PACATUBA",
          "PARQUE ARATANHA"
        ],
        "is_tactical": true,
        "generated_at": "2026-08-14T15:03:06.228461"
      },
      "geometry": {
        "type": "Point",
        "coordinates": [
          -38.61754835294117,
          -3.9805155294117647
        ]
      }
    },
    {
      "type": "Feature",
      "properties": {
        "node_id": 117,
        "rank": 117,
        "name": "Favela da Catita",
        "bairro": "PACATUBA",
        "municipality": "PACATUBA",
        "faction": "CV",
        "risk_score": 33.137,
        "score": 33.137,
        "region": "rmf",
        "parent_area": "PACATUBA",
        "parent_risk_score": 32.2,
        "parent_risk_level": "moderado",
        "parent_status": "MODERADO",
        "local_street_pressure": 3.201,
        "nearby_streets_count": 7,
        "nearby_streets": [
          "FAVELA DA CATITA",
          "FAVELA DO VERDÃO",
          "RUA SENADOR POMPÉU"
        ],
        "is_tactical": true,
        "generated_at": "2026-08-14T15:03:06.228461"
      },
      "geometry": {
        "type": "Point",
        "coordinates": [
          -38.597913500000004,
          -3.9208922857142867
        ]
      }
    },
    {
      "type": "Feature",
      "properties": {
        "node_id": 118,
        "rank": 118,
        "name": "São José",
        "bairro": "PACATUBA",
        "municipality": "PACATUBA",
        "faction": "CV",
        "risk_score": 33.089,
        "score": 33.089,
        "region": "rmf",
        "parent_area": "PACATUBA",
        "parent_risk_score": 32.2,
        "parent_risk_level": "moderado",
        "parent_status": "MODERADO",
        "local_street_pressure": 3.136,
        "nearby_streets_count": 7,
        "nearby_streets": [
          "SÃO JOSÉ",
          "PARQUE ARATANHA",
          "SÃO GREGÓRIO"
        ],
        "is_tactical": true,
        "generated_at": "2026-08-14T15:03:06.228461"
      },
      "geometry": {
        "type": "Point",
        "coordinates": [
          -38.61360676470589,
          -3.9758302352941173
        ]
      }
    },
    {
      "type": "Feature",
      "properties": {
        "node_id": 119,
        "rank": 119,
        "name": "Monguba",
        "bairro": "PACATUBA",
        "municipality": "PACATUBA",
        "faction": "CV",
        "risk_score": 33.064,
        "score": 33.064,
        "region": "rmf",
        "parent_area": "PACATUBA",
        "parent_risk_score": 32.2,
        "parent_risk_level": "moderado",
        "parent_status": "MODERADO",
        "local_street_pressure": 2.592,
        "nearby_streets_count": 7,
        "nearby_streets": [
          "MONGUBA",
          "AREA SEM NOME",
          "PONTA DA SERRA DE PITAGUARI"
        ],
        "is_tactical": true,
        "generated_at": "2026-08-14T15:03:06.228461"
      },
      "geometry": {
        "type": "Point",
        "coordinates": [
          -38.60384694736842,
          -3.9319844210526327
        ]
      }
    },
    {
      "type": "Feature",
      "properties": {
        "node_id": 120,
        "rank": 120,
        "name": "Favela do Verdão",
        "bairro": "PACATUBA",
        "municipality": "PACATUBA",
        "faction": "CV",
        "risk_score": 32.898,
        "score": 32.898,
        "region": "rmf",
        "parent_area": "PACATUBA",
        "parent_risk_score": 32.2,
        "parent_risk_level": "moderado",
        "parent_status": "MODERADO",
        "local_street_pressure": 3.064,
        "nearby_streets_count": 7,
        "nearby_streets": [
          "FAVELA DO VERDÃO",
          "FAVELA DA CATITA",
          "PAVUNA"
        ],
        "is_tactical": true,
        "generated_at": "2026-08-14T15:03:06.228461"
      },
      "geometry": {
        "type": "Point",
        "coordinates": [
          -38.60201171428571,
          -3.919836285714286
        ]
      }
    },
    {
      "type": "Feature",
      "properties": {
        "node_id": 121,
        "rank": 121,
        "name": "Quiobal - Pacatuba",
        "bairro": "PACATUBA",
        "municipality": "Pacatuba",
        "faction": "CV",
        "risk_score": 32.52,
        "score": 32.52,
        "region": "rmf",
        "parent_area": "PACATUBA",
        "parent_risk_score": 32.2,
        "parent_risk_level": "moderado",
        "parent_status": "MODERADO",
        "local_street_pressure": 2.941,
        "nearby_streets_count": 6,
        "nearby_streets": [
          "QUIOBAL - PACATUBA",
          "BAIRRO ALTO SÃO JOÃO",
          "RUA LUIS MANOEL DOS SANTOS"
        ],
        "is_tactical": true,
        "generated_at": "2026-08-14T15:03:06.228461"
      },
      "geometry": {
        "type": "Point",
        "coordinates": [
          -38.619269880000004,
          -3.9991833199999998
        ]
      }
    },
    {
      "type": "Feature",
      "properties": {
        "node_id": 122,
        "rank": 122,
        "name": "Bairro Alto São João",
        "bairro": "PACATUBA",
        "municipality": "PACATUBA",
        "faction": "CV",
        "risk_score": 32.308,
        "score": 32.308,
        "region": "rmf",
        "parent_area": "PACATUBA",
        "parent_risk_score": 32.2,
        "parent_risk_level": "moderado",
        "parent_status": "MODERADO",
        "local_street_pressure": 2.601,
        "nearby_streets_count": 5,
        "nearby_streets": [
          "BAIRRO ALTO SÃO JOÃO",
          "QUIOBAL - PACATUBA",
          "BECO DA MACUMBA"
        ],
        "is_tactical": true,
        "generated_at": "2026-08-14T15:03:06.228461"
      },
      "geometry": {
        "type": "Point",
        "coordinates": [
          -38.622191375,
          -3.9970976428571423
        ]
      }
    },
    {
      "type": "Feature",
      "properties": {
        "node_id": 123,
        "rank": 123,
        "name": "Bairro Quandú",
        "bairro": "PACATUBA",
        "municipality": "PACATUBA",
        "faction": "CV",
        "risk_score": 32.246,
        "score": 32.246,
        "region": "rmf",
        "parent_area": "PACATUBA",
        "parent_risk_score": 32.2,
        "parent_risk_level": "moderado",
        "parent_status": "MODERADO",
        "local_street_pressure": 2.392,
        "nearby_streets_count": 7,
        "nearby_streets": [
          "BAIRRO QUANDÚ",
          "RUA JOSÉ GOMES DE OLIVEIRA",
          "AVENIDA ADALTO MEDEIROS"
        ],
        "is_tactical": true,
        "generated_at": "2026-08-14T15:03:06.228461"
      },
      "geometry": {
        "type": "Point",
        "coordinates": [
          -38.617833933333344,
          -4.0105579
        ]
      }
    },
    {
      "type": "Feature",
      "properties": {
        "node_id": 124,
        "rank": 124,
        "name": "Beco da Macumba",
        "bairro": "PACATUBA",
        "municipality": "PACATUBA",
        "faction": "CV",
        "risk_score": 32.173,
        "score": 32.173,
        "region": "rmf",
        "parent_area": "PACATUBA",
        "parent_risk_score": 32.2,
        "parent_risk_level": "moderado",
        "parent_status": "MODERADO",
        "local_street_pressure": 2.791,
        "nearby_streets_count": 8,
        "nearby_streets": [
          "BECO DA MACUMBA",
          "QUIOBAL - PACATUBA",
          "BAIRRO ALTO SÃO JOÃO"
        ],
        "is_tactical": true,
        "generated_at": "2026-08-14T15:03:06.228461"
      },
      "geometry": {
        "type": "Point",
        "coordinates": [
          -38.616183899999996,
          -3.9926936
        ]
      }
    },
    {
      "type": "Feature",
      "properties": {
        "node_id": 125,
        "rank": 125,
        "name": "São Gregório",
        "bairro": "PACATUBA",
        "municipality": "PACATUBA",
        "faction": "CV",
        "risk_score": 32.046,
        "score": 32.046,
        "region": "rmf",
        "parent_area": "PACATUBA",
        "parent_risk_score": 32.2,
        "parent_risk_level": "moderado",
        "parent_status": "MODERADO",
        "local_street_pressure": 2.525,
        "nearby_streets_count": 7,
        "nearby_streets": [
          "SÃO GREGÓRIO",
          "PARQUE ARATANHA",
          "SÃO JOSÉ"
        ],
        "is_tactical": true,
        "generated_at": "2026-08-14T15:03:06.228461"
      },
      "geometry": {
        "type": "Point",
        "coordinates": [
          -38.608275687500004,
          -3.9756806249999985
        ]
      }
    },
    {
      "type": "Feature",
      "properties": {
        "node_id": 126,
        "rank": 126,
        "name": "São Bento- Pacatuba",
        "bairro": "PACATUBA",
        "municipality": "Pacatuba",
        "faction": "CV",
        "risk_score": 31.937,
        "score": 31.937,
        "region": "rmf",
        "parent_area": "PACATUBA",
        "parent_risk_score": 32.2,
        "parent_risk_level": "moderado",
        "parent_status": "MODERADO",
        "local_street_pressure": 2.476,
        "nearby_streets_count": 7,
        "nearby_streets": [
          "SÃO BENTO- PACATUBA",
          "PARQUE ARATANHA",
          "SÃO GREGÓRIO"
        ],
        "is_tactical": true,
        "generated_at": "2026-08-14T15:03:06.228461"
      },
      "geometry": {
        "type": "Point",
        "coordinates": [
          -38.60731537837839,
          -3.9835828648648643
        ]
      }
    },
    {
      "type": "Feature",
      "properties": {
        "node_id": 127,
        "rank": 127,
        "name": "Rabo da Gata",
        "bairro": "PACATUBA",
        "municipality": "PACATUBA",
        "faction": "CV",
        "risk_score": 31.31,
        "score": 31.31,
        "region": "rmf",
        "parent_area": "PACATUBA",
        "parent_risk_score": 32.2,
        "parent_risk_level": "moderado",
        "parent_status": "MODERADO",
        "local_street_pressure": 2.335,
        "nearby_streets_count": 6,
        "nearby_streets": [
          "RABO DA GATA",
          "VILA RICA - PACATUBA",
          "SÃO JOSÉ"
        ],
        "is_tactical": true,
        "generated_at": "2026-08-14T15:03:06.228461"
      },
      "geometry": {
        "type": "Point",
        "coordinates": [
          -38.61290124999999,
          -3.9646503749999997
        ]
      }
    },
    {
      "type": "Feature",
      "properties": {
        "node_id": 128,
        "rank": 128,
        "name": "Planalto- Beberibe",
        "bairro": "CASCAVEL",
        "municipality": "Beberibe",
        "faction": "CV",
        "risk_score": 30.536,
        "score": 30.536,
        "region": "rmf",
        "parent_area": "CASCAVEL",
        "parent_risk_score": 31.3,
        "parent_risk_level": "moderado",
        "parent_status": "MODERADO",
        "local_street_pressure": 1.835,
        "nearby_streets_count": 4,
        "nearby_streets": [
          "PLANALTO- BEBERIBE",
          "PLANALTO NOVO- BEBERIBE",
          "AVENIDA MARIA CALADO"
        ],
        "is_tactical": true,
        "generated_at": "2026-08-14T15:03:06.228461"
      },
      "geometry": {
        "type": "Point",
        "coordinates": [
          -38.14285328571428,
          -4.1794810714285715
        ]
      }
    },
    {
      "type": "Feature",
      "properties": {
        "node_id": 129,
        "rank": 129,
        "name": "COHAB- Beberibe",
        "bairro": "CASCAVEL",
        "municipality": "Beberibe",
        "faction": "CV",
        "risk_score": 30.444,
        "score": 30.444,
        "region": "rmf",
        "parent_area": "CASCAVEL",
        "parent_risk_score": 31.3,
        "parent_risk_level": "moderado",
        "parent_status": "MODERADO",
        "local_street_pressure": 2.144,
        "nearby_streets_count": 6,
        "nearby_streets": [
          "COHAB- BEBERIBE",
          "RUA CHICO MATIAS",
          "ESTADIO"
        ],
        "is_tactical": true,
        "generated_at": "2026-08-14T15:03:06.228461"
      },
      "geometry": {
        "type": "Point",
        "coordinates": [
          -38.1272898125,
          -4.1808994375
        ]
      }
    },
    {
      "type": "Feature",
      "properties": {
        "node_id": 130,
        "rank": 130,
        "name": "Ponta da Serra de Pitaguari",
        "bairro": "PACATUBA",
        "municipality": "PACATUBA",
        "faction": "CV",
        "risk_score": 30.38,
        "score": 30.38,
        "region": "rmf",
        "parent_area": "PACATUBA",
        "parent_risk_score": 32.2,
        "parent_risk_level": "moderado",
        "parent_status": "MODERADO",
        "local_street_pressure": 1.405,
        "nearby_streets_count": 4,
        "nearby_streets": [
          "PONTA DA SERRA DE PITAGUARI",
          "AREA SEM NOME",
          "MONGUBA"
        ],
        "is_tactical": true,
        "generated_at": "2026-08-14T15:03:06.228461"
      },
      "geometry": {
        "type": "Point",
        "coordinates": [
          -38.61099531914894,
          -3.938971106382979
        ]
      }
    },
    {
      "type": "Feature",
      "properties": {
        "node_id": 131,
        "rank": 131,
        "name": "Cachoeira do Paraíso - Pacatuba",
        "bairro": "PACATUBA",
        "municipality": "Pacatuba",
        "faction": "CV",
        "risk_score": 30.23,
        "score": 30.23,
        "region": "rmf",
        "parent_area": "PACATUBA",
        "parent_risk_score": 32.2,
        "parent_risk_level": "moderado",
        "parent_status": "MODERADO",
        "local_street_pressure": 1.817,
        "nearby_streets_count": 3,
        "nearby_streets": [
          "CACHOEIRA DO PARAÍSO - PACATUBA",
          "RODOVIA CE ZERO VINTE UM",
          "BAIRRO QUANDÚ"
        ],
        "is_tactical": true,
        "generated_at": "2026-08-14T15:03:06.228461"
      },
      "geometry": {
        "type": "Point",
        "coordinates": [
          -38.62847906666668,
          -4.013121777777778
        ]
      }
    },
    {
      "type": "Feature",
      "properties": {
        "node_id": 132,
        "rank": 132,
        "name": "Planalto Novo- Beberibe",
        "bairro": "CASCAVEL",
        "municipality": "Beberibe",
        "faction": "CV",
        "risk_score": 30.169,
        "score": 30.169,
        "region": "rmf",
        "parent_area": "CASCAVEL",
        "parent_risk_score": 31.3,
        "parent_risk_level": "moderado",
        "parent_status": "MODERADO",
        "local_street_pressure": 2.006,
        "nearby_streets_count": 4,
        "nearby_streets": [
          "PLANALTO NOVO- BEBERIBE",
          "PLANALTO- BEBERIBE",
          "AVENIDA MARIA CALADO"
        ],
        "is_tactical": true,
        "generated_at": "2026-08-14T15:03:06.228461"
      },
      "geometry": {
        "type": "Point",
        "coordinates": [
          -38.14182127272728,
          -4.183025181818182
        ]
      }
    },
    {
      "type": "Feature",
      "properties": {
        "node_id": 133,
        "rank": 133,
        "name": "Vila Rica - Pacatuba",
        "bairro": "PACATUBA",
        "municipality": "Pacatuba",
        "faction": "CV",
        "risk_score": 29.499,
        "score": 29.499,
        "region": "rmf",
        "parent_area": "PACATUBA",
        "parent_risk_score": 32.2,
        "parent_risk_level": "moderado",
        "parent_status": "MODERADO",
        "local_street_pressure": 1.274,
        "nearby_streets_count": 3,
        "nearby_streets": [
          "VILA RICA - PACATUBA",
          "RABO DA GATA",
          "AREA SEM NOME"
        ],
        "is_tactical": true,
        "generated_at": "2026-08-14T15:03:06.228461"
      },
      "geometry": {
        "type": "Point",
        "coordinates": [
          -38.606548545454544,
          -3.9572333636363637
        ]
      }
    },
    {
      "type": "Feature",
      "properties": {
        "node_id": 134,
        "rank": 134,
        "name": "Granja",
        "bairro": "GRANJA",
        "municipality": "GRANJA LISBOA",
        "faction": "CV",
        "risk_score": 29.479,
        "score": 29.479,
        "region": "rmf",
        "parent_area": "GRANJA",
        "parent_risk_score": 31.1,
        "parent_risk_level": "moderado",
        "parent_status": "MODERADO",
        "local_street_pressure": 1.292,
        "nearby_streets_count": 3,
        "nearby_streets": [
          "GRANJA",
          "CUMARU",
          "BANGUÊ I"
        ],
        "is_tactical": true,
        "generated_at": "2026-08-14T15:03:06.228461"
      },
      "geometry": {
        "type": "Point",
        "coordinates": [
          -38.46301473529411,
          -4.190890470588236
        ]
      }
    },
    {
      "type": "Feature",
      "properties": {
        "node_id": 135,
        "rank": 135,
        "name": "Barragem Santo Antônio",
        "bairro": "PACATUBA",
        "municipality": "PACATUBA",
        "faction": "CV",
        "risk_score": 29.42,
        "score": 29.42,
        "region": "rmf",
        "parent_area": "PACATUBA",
        "parent_risk_score": 32.2,
        "parent_risk_level": "moderado",
        "parent_status": "MODERADO",
        "local_street_pressure": 1.312,
        "nearby_streets_count": 1,
        "nearby_streets": [
          "BARRAGEM SANTO ANTÔNIO"
        ],
        "is_tactical": true,
        "generated_at": "2026-08-14T15:03:06.228461"
      },
      "geometry": {
        "type": "Point",
        "coordinates": [
          -38.64323738095239,
          -3.9403979642857156
        ]
      }
    },
    {
      "type": "Feature",
      "properties": {
        "node_id": 136,
        "rank": 136,
        "name": "Bairro São Luís - Pacatuba",
        "bairro": "PACATUBA",
        "municipality": "Pacatuba",
        "faction": "CV",
        "risk_score": 29.405,
        "score": 29.405,
        "region": "rmf",
        "parent_area": "PACATUBA",
        "parent_risk_score": 32.2,
        "parent_risk_level": "moderado",
        "parent_status": "MODERADO",
        "local_street_pressure": 1.354,
        "nearby_streets_count": 2,
        "nearby_streets": [
          "BAIRRO SÃO LUÍS - PACATUBA",
          "SÃO BENTO- PACATUBA"
        ],
        "is_tactical": true,
        "generated_at": "2026-08-14T15:03:06.228461"
      },
      "geometry": {
        "type": "Point",
        "coordinates": [
          -38.59141088888889,
          -3.9793777777777777
        ]
      }
    }
  ],
  "metadata": {
    "total": 136,
    "source": "Sentinela Micronodes Dynamic Overlay",
    "threshold_min_score": 31.0,
    "generated_at": "2026-08-14T15:03:06.228461",
    "region": "rmf"
  }
}