{
  "type": "FeatureCollection",
  "features": [
    {
      "type": "Feature",
      "properties": {
        "node_id": 1,
        "rank": 1,
        "name": "João Cabral",
        "bairro": "JUAZEIRO DO NORTE",
        "municipality": "JUAZEIRO DO NORTE",
        "faction": "CV",
        "risk_score": 81.771,
        "score": 81.771,
        "region": "interior",
        "parent_area": "JUAZEIRO DO NORTE",
        "parent_risk_score": 93.9,
        "parent_risk_level": "crítico",
        "parent_status": "CRÍTICO",
        "local_street_pressure": 10.522,
        "nearby_streets_count": 27,
        "nearby_streets": [
          "JOÃO CABRAL",
          "RUA OZANA PEREIRA",
          "RUA PIO NORÕES"
        ],
        "is_tactical": true,
        "generated_at": "2026-09-24T14:42:50.254860"
      },
      "geometry": {
        "type": "Point",
        "coordinates": [
          -39.31815930434783,
          -7.233151869565215
        ]
      }
    },
    {
      "type": "Feature",
      "properties": {
        "node_id": 2,
        "rank": 2,
        "name": "Bairro do Triângulo",
        "bairro": "JUAZEIRO DO NORTE",
        "municipality": "JUAZEIRO DO NORTE",
        "faction": "CV",
        "risk_score": 80.346,
        "score": 80.346,
        "region": "interior",
        "parent_area": "JUAZEIRO DO NORTE",
        "parent_risk_score": 93.9,
        "parent_risk_level": "crítico",
        "parent_status": "CRÍTICO",
        "local_street_pressure": 9.168,
        "nearby_streets_count": 28,
        "nearby_streets": [
          "BAIRRO DO TRIÂNGULO",
          "RUA LETÍCIA VASCONCELOS",
          "RUA JOAQUIM DE FIGUEIREDO"
        ],
        "is_tactical": true,
        "generated_at": "2026-09-24T14:42:50.254860"
      },
      "geometry": {
        "type": "Point",
        "coordinates": [
          -39.32688142857143,
          -7.231872107142855
        ]
      }
    },
    {
      "type": "Feature",
      "properties": {
        "node_id": 3,
        "rank": 3,
        "name": "Mutirão ll ou Frei Damião",
        "bairro": "JUAZEIRO DO NORTE",
        "municipality": "JUAZEIRO DO NORTE",
        "faction": "PCC",
        "risk_score": 79.385,
        "score": 79.385,
        "region": "interior",
        "parent_area": "JUAZEIRO DO NORTE",
        "parent_risk_score": 93.9,
        "parent_risk_level": "crítico",
        "parent_status": "CRÍTICO",
        "local_street_pressure": 8.539,
        "nearby_streets_count": 21,
        "nearby_streets": [
          "MUTIRÃO LL OU FREI DAMIÃO",
          "RUA JOSÉ MAGALHÃES LANDIM",
          "RUA ÁRVORE DE NATAL"
        ],
        "is_tactical": true,
        "generated_at": "2026-09-24T14:42:50.254860"
      },
      "geometry": {
        "type": "Point",
        "coordinates": [
          -39.33870954545454,
          -7.244146545454544
        ]
      }
    },
    {
      "type": "Feature",
      "properties": {
        "node_id": 4,
        "rank": 4,
        "name": "Romeirão",
        "bairro": "JUAZEIRO DO NORTE",
        "municipality": "JUAZEIRO DO NORTE",
        "faction": "CV",
        "risk_score": 79.093,
        "score": 79.093,
        "region": "interior",
        "parent_area": "JUAZEIRO DO NORTE",
        "parent_risk_score": 93.9,
        "parent_risk_level": "crítico",
        "parent_status": "CRÍTICO",
        "local_street_pressure": 8.124,
        "nearby_streets_count": 26,
        "nearby_streets": [
          "ROMEIRÃO",
          "AVENIDA PRESIDENTE CASTELO BRANCO",
          "RUA JOAQUIM DA ROCHA"
        ],
        "is_tactical": true,
        "generated_at": "2026-09-24T14:42:50.254860"
      },
      "geometry": {
        "type": "Point",
        "coordinates": [
          -39.31531508333334,
          -7.2254932499999995
        ]
      }
    },
    {
      "type": "Feature",
      "properties": {
        "node_id": 5,
        "rank": 5,
        "name": "Comunidade do gato morto - Sobral",
        "bairro": "MERUOCA",
        "municipality": "Sobral",
        "faction": "CV",
        "risk_score": 79.038,
        "score": 79.038,
        "region": "interior",
        "parent_area": "MERUOCA",
        "parent_risk_score": 91.5,
        "parent_risk_level": "crítico",
        "parent_status": "CRÍTICO",
        "local_street_pressure": 10.218,
        "nearby_streets_count": 24,
        "nearby_streets": [
          "COMUNIDADE DO GATO MORTO - SOBRAL",
          "RUA RAIMUNDO MENDES ÁGUIAR",
          "TRAVESSA RAIMUNDO NONATO DOS SANTOS"
        ],
        "is_tactical": true,
        "generated_at": "2026-09-24T14:42:50.254860"
      },
      "geometry": {
        "type": "Point",
        "coordinates": [
          -40.375543,
          -3.6744842333333327
        ]
      }
    },
    {
      "type": "Feature",
      "properties": {
        "node_id": 6,
        "rank": 6,
        "name": "Faixa de Gaza",
        "bairro": "JUAZEIRO DO NORTE",
        "municipality": "JUAZEIRO DO NORTE",
        "faction": "CV",
        "risk_score": 78.096,
        "score": 78.096,
        "region": "interior",
        "parent_area": "JUAZEIRO DO NORTE",
        "parent_risk_score": 93.9,
        "parent_risk_level": "crítico",
        "parent_status": "CRÍTICO",
        "local_street_pressure": 7.424,
        "nearby_streets_count": 23,
        "nearby_streets": [
          "FAIXA DE GAZA",
          "RUA JOSÉ MARROCOS",
          "RUA FISCAL JOSÉ SOARES"
        ],
        "is_tactical": true,
        "generated_at": "2026-09-24T14:42:50.254860"
      },
      "geometry": {
        "type": "Point",
        "coordinates": [
          -39.321389874999994,
          -7.219006375
        ]
      }
    },
    {
      "type": "Feature",
      "properties": {
        "node_id": 7,
        "rank": 7,
        "name": "Distrito de Matuões",
        "bairro": "CAUCAIA",
        "municipality": "CAUCAIA",
        "faction": "CV",
        "risk_score": 77.533,
        "score": 77.533,
        "region": "interior",
        "parent_area": "CAUCAIA",
        "parent_risk_score": 96.2,
        "parent_risk_level": "crítico",
        "parent_status": "CRÍTICO",
        "local_street_pressure": 2.128,
        "nearby_streets_count": 5,
        "nearby_streets": [
          "RUA JOSÉ PAULINO ALVES",
          "DISTRITO DE MATUÕES",
          "RUA ANTONIO BRASILEIRO"
        ],
        "is_tactical": true,
        "generated_at": "2026-09-24T14:42:50.254860"
      },
      "geometry": {
        "type": "Point",
        "coordinates": [
          -38.82523231428571,
          -3.588355628571428
        ]
      }
    },
    {
      "type": "Feature",
      "properties": {
        "node_id": 8,
        "rank": 8,
        "name": "Bairro Antonio Vieira",
        "bairro": "JUAZEIRO DO NORTE",
        "municipality": "JUAZEIRO DO NORTE",
        "faction": "CV",
        "risk_score": 77.531,
        "score": 77.531,
        "region": "interior",
        "parent_area": "JUAZEIRO DO NORTE",
        "parent_risk_score": 93.9,
        "parent_risk_level": "crítico",
        "parent_status": "CRÍTICO",
        "local_street_pressure": 6.509,
        "nearby_streets_count": 17,
        "nearby_streets": [
          "BAIRRO ANTONIO VIEIRA",
          "RUA LADISLAU DE ARRUDA CAMPOS",
          "RUA CECÍLIA MEIRELES"
        ],
        "is_tactical": true,
        "generated_at": "2026-09-24T14:42:50.254860"
      },
      "geometry": {
        "type": "Point",
        "coordinates": [
          -39.333412599999996,
          -7.2221098
        ]
      }
    },
    {
      "type": "Feature",
      "properties": {
        "node_id": 9,
        "rank": 9,
        "name": "Pio 12",
        "bairro": "JUAZEIRO DO NORTE",
        "municipality": "JUAZEIRO DO NORTE",
        "faction": "CV",
        "risk_score": 77.283,
        "score": 77.283,
        "region": "interior",
        "parent_area": "JUAZEIRO DO NORTE",
        "parent_risk_score": 93.9,
        "parent_risk_level": "crítico",
        "parent_status": "CRÍTICO",
        "local_street_pressure": 5.89,
        "nearby_streets_count": 18,
        "nearby_streets": [
          "PIO 12",
          "RUA FORMOSA",
          "RUA SETE DE SETEMBRO"
        ],
        "is_tactical": true,
        "generated_at": "2026-09-24T14:42:50.254860"
      },
      "geometry": {
        "type": "Point",
        "coordinates": [
          -39.306744153333334,
          -7.211463766666668
        ]
      }
    },
    {
      "type": "Feature",
      "properties": {
        "node_id": 10,
        "rank": 10,
        "name": "Franciscano",
        "bairro": "JUAZEIRO DO NORTE",
        "municipality": "JUAZEIRO DO NORTE",
        "faction": "CV",
        "risk_score": 77.177,
        "score": 77.177,
        "region": "interior",
        "parent_area": "JUAZEIRO DO NORTE",
        "parent_risk_score": 93.9,
        "parent_risk_level": "crítico",
        "parent_status": "CRÍTICO",
        "local_street_pressure": 6.443,
        "nearby_streets_count": 22,
        "nearby_streets": [
          "FRANCISCANO",
          "RUA DO SEMINÁRIO",
          "PIO 12"
        ],
        "is_tactical": true,
        "generated_at": "2026-09-24T14:42:50.254860"
      },
      "geometry": {
        "type": "Point",
        "coordinates": [
          -39.31343644444445,
          -7.213875
        ]
      }
    },
    {
      "type": "Feature",
      "properties": {
        "node_id": 11,
        "rank": 11,
        "name": "Santo Antônio- Juazeiro do Norte",
        "bairro": "JUAZEIRO DO NORTE",
        "municipality": "JUAZEIRO DO NORTE",
        "faction": "CV",
        "risk_score": 76.824,
        "score": 76.824,
        "region": "interior",
        "parent_area": "JUAZEIRO DO NORTE",
        "parent_risk_score": 93.9,
        "parent_risk_level": "crítico",
        "parent_status": "CRÍTICO",
        "local_street_pressure": 5.872,
        "nearby_streets_count": 15,
        "nearby_streets": [
          "SANTO ANTÔNIO- JUAZEIRO DO NORTE",
          "RUA APOLO Ⅺ",
          "RUA MONSENHOR LIMA"
        ],
        "is_tactical": true,
        "generated_at": "2026-09-24T14:42:50.254860"
      },
      "geometry": {
        "type": "Point",
        "coordinates": [
          -39.32932818181819,
          -7.215488045454546
        ]
      }
    },
    {
      "type": "Feature",
      "properties": {
        "node_id": 12,
        "rank": 12,
        "name": "Timbaúba",
        "bairro": "JUAZEIRO DO NORTE",
        "municipality": "JUAZEIRO DO NORTE",
        "faction": "PCC",
        "risk_score": 76.685,
        "score": 76.685,
        "region": "interior",
        "parent_area": "JUAZEIRO DO NORTE",
        "parent_risk_score": 93.9,
        "parent_risk_level": "crítico",
        "parent_status": "CRÍTICO",
        "local_street_pressure": 5.63,
        "nearby_streets_count": 18,
        "nearby_streets": [
          "TIMBAÚBA",
          "RUA ASSIS DIAS SOBREIRA",
          "AREA SEM NOME"
        ],
        "is_tactical": true,
        "generated_at": "2026-09-24T14:42:50.254860"
      },
      "geometry": {
        "type": "Point",
        "coordinates": [
          -39.301542184210525,
          -7.2154447631578975
        ]
      }
    },
    {
      "type": "Feature",
      "properties": {
        "node_id": 13,
        "rank": 13,
        "name": "Frei Damião",
        "bairro": "JUAZEIRO DO NORTE",
        "municipality": "JUAZEIRO DO NORTE",
        "faction": "PCC",
        "risk_score": 76.389,
        "score": 76.389,
        "region": "interior",
        "parent_area": "JUAZEIRO DO NORTE",
        "parent_risk_score": 93.9,
        "parent_risk_level": "crítico",
        "parent_status": "CRÍTICO",
        "local_street_pressure": 5.134,
        "nearby_streets_count": 14,
        "nearby_streets": [
          "FREI DAMIÃO",
          "RUA MARIA TAVARES NOCA",
          "RUA ANA MARIA DUARTE"
        ],
        "is_tactical": true,
        "generated_at": "2026-09-24T14:42:50.254860"
      },
      "geometry": {
        "type": "Point",
        "coordinates": [
          -39.33711433333334,
          -7.254219714285715
        ]
      }
    },
    {
      "type": "Feature",
      "properties": {
        "node_id": 14,
        "rank": 14,
        "name": "Catuana",
        "bairro": "CAUCAIA",
        "municipality": "CAUCAIA",
        "faction": "CV",
        "risk_score": 76.309,
        "score": 76.309,
        "region": "interior",
        "parent_area": "CAUCAIA",
        "parent_risk_score": 96.2,
        "parent_risk_level": "crítico",
        "parent_status": "CRÍTICO",
        "local_street_pressure": 3.209,
        "nearby_streets_count": 5,
        "nearby_streets": [
          "CATUANA",
          "RUA DA ESTACAO",
          "RUA J"
        ],
        "is_tactical": true,
        "generated_at": "2026-09-24T14:42:50.254860"
      },
      "geometry": {
        "type": "Point",
        "coordinates": [
          -38.91335163636364,
          -3.6866190606060605
        ]
      }
    },
    {
      "type": "Feature",
      "properties": {
        "node_id": 15,
        "rank": 15,
        "name": "Mutirão",
        "bairro": "JUAZEIRO DO NORTE",
        "municipality": "JUAZEIRO DO NORTE",
        "faction": "PCC",
        "risk_score": 76.231,
        "score": 76.231,
        "region": "interior",
        "parent_area": "JUAZEIRO DO NORTE",
        "parent_risk_score": 93.9,
        "parent_risk_level": "crítico",
        "parent_status": "CRÍTICO",
        "local_street_pressure": 5.191,
        "nearby_streets_count": 13,
        "nearby_streets": [
          "MUTIRÃO",
          "RUA Mᵃ. GENEROSA DE ALMEIDA",
          "RUA JOSÉ ROMEIRO FEIJOEIRO"
        ],
        "is_tactical": true,
        "generated_at": "2026-09-24T14:42:50.254860"
      },
      "geometry": {
        "type": "Point",
        "coordinates": [
          -39.34112122222222,
          -7.235104000000001
        ]
      }
    },
    {
      "type": "Feature",
      "properties": {
        "node_id": 16,
        "rank": 16,
        "name": "Salesianos",
        "bairro": "JUAZEIRO DO NORTE",
        "municipality": "JUAZEIRO DO NORTE",
        "faction": "CV",
        "risk_score": 76.178,
        "score": 76.178,
        "region": "interior",
        "parent_area": "JUAZEIRO DO NORTE",
        "parent_risk_score": 93.9,
        "parent_risk_level": "crítico",
        "parent_status": "CRÍTICO",
        "local_street_pressure": 5.171,
        "nearby_streets_count": 16,
        "nearby_streets": [
          "SALESIANOS",
          "AVENIDA PADRE CÍCERO",
          "RUA FISCAL JOSÉ SOARES"
        ],
        "is_tactical": true,
        "generated_at": "2026-09-24T14:42:50.254860"
      },
      "geometry": {
        "type": "Point",
        "coordinates": [
          -39.32501874468086,
          -7.209594425531915
        ]
      }
    },
    {
      "type": "Feature",
      "properties": {
        "node_id": 17,
        "rank": 17,
        "name": "Alto",
        "bairro": "JUAZEIRO DO NORTE",
        "municipality": "JUAZEIRO DO NORTE",
        "faction": "CV",
        "risk_score": 75.99,
        "score": 75.99,
        "region": "interior",
        "parent_area": "JUAZEIRO DO NORTE",
        "parent_risk_score": 93.9,
        "parent_risk_level": "crítico",
        "parent_status": "CRÍTICO",
        "local_street_pressure": 5.111,
        "nearby_streets_count": 16,
        "nearby_streets": [
          "ALTO",
          "ERRO_API_KEY",
          "RUA DO SEMINÁRIO"
        ],
        "is_tactical": true,
        "generated_at": "2026-09-24T14:42:50.254860"
      },
      "geometry": {
        "type": "Point",
        "coordinates": [
          -39.312726875,
          -7.205163812500001
        ]
      }
    },
    {
      "type": "Feature",
      "properties": {
        "node_id": 18,
        "rank": 18,
        "name": "1° de Maio",
        "bairro": "SOBRAL",
        "municipality": "SOBRAL",
        "faction": "CV",
        "risk_score": 75.885,
        "score": 75.885,
        "region": "interior",
        "parent_area": "SOBRAL",
        "parent_risk_score": 91.5,
        "parent_risk_level": "crítico",
        "parent_status": "CRÍTICO",
        "local_street_pressure": 6.9,
        "nearby_streets_count": 14,
        "nearby_streets": [
          "1° DE MAIO",
          "CIDADE DE DEUS- FORQUILHA",
          "AREA SEM NOME"
        ],
        "is_tactical": true,
        "generated_at": "2026-09-24T14:42:50.254860"
      },
      "geometry": {
        "type": "Point",
        "coordinates": [
          -40.266874333333334,
          -3.804587833333333
        ]
      }
    },
    {
      "type": "Feature",
      "properties": {
        "node_id": 19,
        "rank": 19,
        "name": "Baixa da Raposa",
        "bairro": "JUAZEIRO DO NORTE",
        "municipality": "JUAZEIRO DO NORTE",
        "faction": "PCC",
        "risk_score": 75.785,
        "score": 75.785,
        "region": "interior",
        "parent_area": "JUAZEIRO DO NORTE",
        "parent_risk_score": 93.9,
        "parent_risk_level": "crítico",
        "parent_status": "CRÍTICO",
        "local_street_pressure": 5.013,
        "nearby_streets_count": 8,
        "nearby_streets": [
          "BAIXA DA RAPOSA",
          "RUA ANTÔNIO CORTÊZ DE ALENCAR",
          "RUA RENAN CARVALHO"
        ],
        "is_tactical": true,
        "generated_at": "2026-09-24T14:42:50.254860"
      },
      "geometry": {
        "type": "Point",
        "coordinates": [
          -39.33474714285715,
          -7.260922428571429
        ]
      }
    },
    {
      "type": "Feature",
      "properties": {
        "node_id": 20,
        "rank": 20,
        "name": "Cohab",
        "bairro": "SOBRAL",
        "municipality": "SOBRAL",
        "faction": "CV",
        "risk_score": 75.775,
        "score": 75.775,
        "region": "interior",
        "parent_area": "SOBRAL",
        "parent_risk_score": 91.5,
        "parent_risk_level": "crítico",
        "parent_status": "CRÍTICO",
        "local_street_pressure": 6.861,
        "nearby_streets_count": 13,
        "nearby_streets": [
          "COHAB",
          "SALSA",
          "AREA SEM NOME"
        ],
        "is_tactical": true,
        "generated_at": "2026-09-24T14:42:50.254860"
      },
      "geometry": {
        "type": "Point",
        "coordinates": [
          -40.263533125,
          -3.8013503749999997
        ]
      }
    },
    {
      "type": "Feature",
      "properties": {
        "node_id": 21,
        "rank": 21,
        "name": "Jubina",
        "bairro": "SOBRAL",
        "municipality": "SOBRAL",
        "faction": "CV",
        "risk_score": 75.662,
        "score": 75.662,
        "region": "interior",
        "parent_area": "SOBRAL",
        "parent_risk_score": 91.5,
        "parent_risk_level": "crítico",
        "parent_status": "CRÍTICO",
        "local_street_pressure": 6.729,
        "nearby_streets_count": 13,
        "nearby_streets": [
          "JUBINA",
          "COHAB",
          "SALSA"
        ],
        "is_tactical": true,
        "generated_at": "2026-09-24T14:42:50.254860"
      },
      "geometry": {
        "type": "Point",
        "coordinates": [
          -40.2658641,
          -3.8006215000000005
        ]
      }
    },
    {
      "type": "Feature",
      "properties": {
        "node_id": 22,
        "rank": 22,
        "name": "Caucaia",
        "bairro": "CAUCAIA",
        "municipality": "CAUCAIA",
        "faction": "CV",
        "risk_score": 75.286,
        "score": 75.286,
        "region": "interior",
        "parent_area": "CAUCAIA",
        "parent_risk_score": 96.2,
        "parent_risk_level": "crítico",
        "parent_status": "CRÍTICO",
        "local_street_pressure": 2.598,
        "nearby_streets_count": 5,
        "nearby_streets": [
          "CAUCAIA",
          "RUA FRANCISCO BENTO",
          "POÇO IMPERIAL"
        ],
        "is_tactical": true,
        "generated_at": "2026-09-24T14:42:50.254860"
      },
      "geometry": {
        "type": "Point",
        "coordinates": [
          -41.13028516129034,
          -3.0140951935483873
        ]
      }
    },
    {
      "type": "Feature",
      "properties": {
        "node_id": 23,
        "rank": 23,
        "name": "Salsa",
        "bairro": "SOBRAL",
        "municipality": "SOBRAL",
        "faction": "CV",
        "risk_score": 75.196,
        "score": 75.196,
        "region": "interior",
        "parent_area": "SOBRAL",
        "parent_risk_score": 91.5,
        "parent_risk_level": "crítico",
        "parent_status": "CRÍTICO",
        "local_street_pressure": 6.237,
        "nearby_streets_count": 12,
        "nearby_streets": [
          "SALSA",
          "COHAB",
          "AREA SEM NOME"
        ],
        "is_tactical": true,
        "generated_at": "2026-09-24T14:42:50.254860"
      },
      "geometry": {
        "type": "Point",
        "coordinates": [
          -40.2635782,
          -3.800054133333333
        ]
      }
    },
    {
      "type": "Feature",
      "properties": {
        "node_id": 24,
        "rank": 24,
        "name": "Bairro Limoeiro",
        "bairro": "JUAZEIRO DO NORTE",
        "municipality": "JUAZEIRO DO NORTE",
        "faction": "CV",
        "risk_score": 75.133,
        "score": 75.133,
        "region": "interior",
        "parent_area": "JUAZEIRO DO NORTE",
        "parent_risk_score": 93.9,
        "parent_risk_level": "crítico",
        "parent_status": "CRÍTICO",
        "local_street_pressure": 4.139,
        "nearby_streets_count": 13,
        "nearby_streets": [
          "BAIRRO LIMOEIRO",
          "RUA MAJOR GONÇALO MUNDO",
          "TIMBAÚBA"
        ],
        "is_tactical": true,
        "generated_at": "2026-09-24T14:42:50.254860"
      },
      "geometry": {
        "type": "Point",
        "coordinates": [
          -39.30056788235294,
          -7.224925588235293
        ]
      }
    },
    {
      "type": "Feature",
      "properties": {
        "node_id": 25,
        "rank": 25,
        "name": "VILA FATIMA",
        "bairro": "JUAZEIRO DO NORTE",
        "municipality": "JUAZEIRO DO NORTE",
        "faction": "PCC",
        "risk_score": 75.045,
        "score": 75.045,
        "region": "interior",
        "parent_area": "JUAZEIRO DO NORTE",
        "parent_risk_score": 93.9,
        "parent_risk_level": "crítico",
        "parent_status": "CRÍTICO",
        "local_street_pressure": 3.666,
        "nearby_streets_count": 12,
        "nearby_streets": [
          "VILA FATIMA",
          "AREA SEM NOME",
          "RUA FORMOSA"
        ],
        "is_tactical": true,
        "generated_at": "2026-09-24T14:42:50.254860"
      },
      "geometry": {
        "type": "Point",
        "coordinates": [
          -39.29991402222222,
          -7.207199266666667
        ]
      }
    },
    {
      "type": "Feature",
      "properties": {
        "node_id": 26,
        "rank": 26,
        "name": "Sinhá Saboia",
        "bairro": "SOBRAL",
        "municipality": "SOBRAL",
        "faction": "CV",
        "risk_score": 75.027,
        "score": 75.027,
        "region": "interior",
        "parent_area": "SOBRAL",
        "parent_risk_score": 91.5,
        "parent_risk_level": "crítico",
        "parent_status": "CRÍTICO",
        "local_street_pressure": 5.71,
        "nearby_streets_count": 13,
        "nearby_streets": [
          "SINHÁ SABOIA",
          "RUA MARIINHA PAIVA",
          "RUA SINHÁ SABÓIA"
        ],
        "is_tactical": true,
        "generated_at": "2026-09-24T14:42:50.254860"
      },
      "geometry": {
        "type": "Point",
        "coordinates": [
          -40.33474492307692,
          -3.7058815384615382
        ]
      }
    },
    {
      "type": "Feature",
      "properties": {
        "node_id": 27,
        "rank": 27,
        "name": "Rua dos Cocos",
        "bairro": "SOBRAL",
        "municipality": "SOBRAL",
        "faction": "CV",
        "risk_score": 74.888,
        "score": 74.888,
        "region": "interior",
        "parent_area": "SOBRAL",
        "parent_risk_score": 91.5,
        "parent_risk_level": "crítico",
        "parent_status": "CRÍTICO",
        "local_street_pressure": 5.94,
        "nearby_streets_count": 13,
        "nearby_streets": [
          "RUA DOS COCOS",
          "ALTO ALEGRE",
          "AREA SEM NOME"
        ],
        "is_tactical": true,
        "generated_at": "2026-09-24T14:42:50.254860"
      },
      "geometry": {
        "type": "Point",
        "coordinates": [
          -40.26302266666668,
          -3.8057770833333335
        ]
      }
    },
    {
      "type": "Feature",
      "properties": {
        "node_id": 28,
        "rank": 28,
        "name": "Cidade de Deus- Forquilha",
        "bairro": "SOBRAL",
        "municipality": "Forquilha",
        "faction": "CV",
        "risk_score": 74.793,
        "score": 74.793,
        "region": "interior",
        "parent_area": "SOBRAL",
        "parent_risk_score": 91.5,
        "parent_risk_level": "crítico",
        "parent_status": "CRÍTICO",
        "local_street_pressure": 5.802,
        "nearby_streets_count": 13,
        "nearby_streets": [
          "CIDADE DE DEUS- FORQUILHA",
          "RUA ANTÔNIO DE LOURDES",
          "1° DE MAIO"
        ],
        "is_tactical": true,
        "generated_at": "2026-09-24T14:42:50.254860"
      },
      "geometry": {
        "type": "Point",
        "coordinates": [
          -40.269666046511645,
          -3.806140953488373
        ]
      }
    },
    {
      "type": "Feature",
      "properties": {
        "node_id": 29,
        "rank": 29,
        "name": "Bairro da Malvinas - Barbalha",
        "bairro": "JUAZEIRO DO NORTE",
        "municipality": "Barbalha",
        "faction": "CV",
        "risk_score": 74.718,
        "score": 74.718,
        "region": "interior",
        "parent_area": "JUAZEIRO DO NORTE",
        "parent_risk_score": 93.9,
        "parent_risk_level": "crítico",
        "parent_status": "CRÍTICO",
        "local_street_pressure": 2.451,
        "nearby_streets_count": 7,
        "nearby_streets": [
          "BAIRRO DA MALVINAS - BARBALHA",
          "AV. LUIZ GONZAGA",
          "RUA P-18"
        ],
        "is_tactical": true,
        "generated_at": "2026-09-24T14:42:50.254860"
      },
      "geometry": {
        "type": "Point",
        "coordinates": [
          -39.28155913636363,
          -7.303047386363636
        ]
      }
    },
    {
      "type": "Feature",
      "properties": {
        "node_id": 30,
        "rank": 30,
        "name": "Várzea Grande",
        "bairro": "SOBRAL",
        "municipality": "SOBRAL",
        "faction": "TCP/GDE",
        "risk_score": 74.711,
        "score": 74.711,
        "region": "interior",
        "parent_area": "SOBRAL",
        "parent_risk_score": 91.5,
        "parent_risk_level": "crítico",
        "parent_status": "CRÍTICO",
        "local_street_pressure": 7.295,
        "nearby_streets_count": 18,
        "nearby_streets": [
          "VÁRZEA GRANDE",
          "TRAVESSA ITÁLIA",
          "RUA VEREADOR FRANCISCO FELIX PORTO"
        ],
        "is_tactical": true,
        "generated_at": "2026-09-24T14:42:50.254860"
      },
      "geometry": {
        "type": "Point",
        "coordinates": [
          -40.341413953488384,
          -3.6962589069767446
        ]
      }
    },
    {
      "type": "Feature",
      "properties": {
        "node_id": 31,
        "rank": 31,
        "name": "Cidade dos Anjos",
        "bairro": "SOBRAL",
        "municipality": "SOBRAL",
        "faction": "CV",
        "risk_score": 74.52,
        "score": 74.52,
        "region": "interior",
        "parent_area": "SOBRAL",
        "parent_risk_score": 91.5,
        "parent_risk_level": "crítico",
        "parent_status": "CRÍTICO",
        "local_street_pressure": 5.568,
        "nearby_streets_count": 13,
        "nearby_streets": [
          "CIDADE DOS ANJOS",
          "CIDADE DE DEUS- FORQUILHA",
          "1° DE MAIO"
        ],
        "is_tactical": true,
        "generated_at": "2026-09-24T14:42:50.254860"
      },
      "geometry": {
        "type": "Point",
        "coordinates": [
          -40.27067613333334,
          -3.8022530666666667
        ]
      }
    },
    {
      "type": "Feature",
      "properties": {
        "node_id": 32,
        "rank": 32,
        "name": "São José",
        "bairro": "JUAZEIRO DO NORTE",
        "municipality": "JUAZEIRO DO NORTE",
        "faction": "CV",
        "risk_score": 74.466,
        "score": 74.466,
        "region": "interior",
        "parent_area": "JUAZEIRO DO NORTE",
        "parent_risk_score": 93.9,
        "parent_risk_level": "crítico",
        "parent_status": "CRÍTICO",
        "local_street_pressure": 3.237,
        "nearby_streets_count": 9,
        "nearby_streets": [
          "SÃO JOSÉ",
          "TRAVESSA SÃO JOSÉ",
          "AVENIDA CICERO GONÇALVES"
        ],
        "is_tactical": true,
        "generated_at": "2026-09-24T14:42:50.254860"
      },
      "geometry": {
        "type": "Point",
        "coordinates": [
          -39.34910941666667,
          -7.229535208333334
        ]
      }
    },
    {
      "type": "Feature",
      "properties": {
        "node_id": 33,
        "rank": 33,
        "name": "ÁREA DE INFLUÊNCIA DO PCC",
        "bairro": "JUAZEIRO DO NORTE",
        "municipality": "JUAZEIRO DO NORTE",
        "faction": "PCC",
        "risk_score": 74.448,
        "score": 74.448,
        "region": "interior",
        "parent_area": "JUAZEIRO DO NORTE",
        "parent_risk_score": 93.9,
        "parent_risk_level": "crítico",
        "parent_status": "CRÍTICO",
        "local_street_pressure": 2.435,
        "nearby_streets_count": 6,
        "nearby_streets": [
          "ÁREA DE INFLUÊNCIA DO PCC",
          "RUA DOUTOR FRANCISCO ESMERALDO DE MELO",
          "RUA PEDRO GOMES DE NORÕES"
        ],
        "is_tactical": true,
        "generated_at": "2026-09-24T14:42:50.254860"
      },
      "geometry": {
        "type": "Point",
        "coordinates": [
          -39.374815468181815,
          -7.225181972727273
        ]
      }
    },
    {
      "type": "Feature",
      "properties": {
        "node_id": 34,
        "rank": 34,
        "name": "Pedrinhas",
        "bairro": "JUAZEIRO DO NORTE",
        "municipality": "JUAZEIRO DO NORTE",
        "faction": "PCC",
        "risk_score": 74.377,
        "score": 74.377,
        "region": "interior",
        "parent_area": "JUAZEIRO DO NORTE",
        "parent_risk_score": 93.9,
        "parent_risk_level": "crítico",
        "parent_status": "CRÍTICO",
        "local_street_pressure": 2.947,
        "nearby_streets_count": 6,
        "nearby_streets": [
          "RUA ANA MARIA DE OLIVEIRA",
          "RUA ENGENHEIRO JOÃO FRANCISCO LANDIM TAVARES",
          "PEDRINHAS"
        ],
        "is_tactical": true,
        "generated_at": "2026-09-24T14:42:50.254860"
      },
      "geometry": {
        "type": "Point",
        "coordinates": [
          -39.27631445,
          -7.199595775000001
        ]
      }
    },
    {
      "type": "Feature",
      "properties": {
        "node_id": 35,
        "rank": 35,
        "name": "Pico da Esperança",
        "bairro": "SOBRAL",
        "municipality": "SOBRAL",
        "faction": "CV",
        "risk_score": 74.167,
        "score": 74.167,
        "region": "interior",
        "parent_area": "SOBRAL",
        "parent_risk_score": 91.5,
        "parent_risk_level": "crítico",
        "parent_status": "CRÍTICO",
        "local_street_pressure": 5.188,
        "nearby_streets_count": 12,
        "nearby_streets": [
          "PICO DA ESPERANÇA",
          "RUA MANOEL LIBERATO ARAGÃO",
          "CIDADE DE DEUS- FORQUILHA"
        ],
        "is_tactical": true,
        "generated_at": "2026-09-24T14:42:50.254860"
      },
      "geometry": {
        "type": "Point",
        "coordinates": [
          -40.2675967037037,
          -3.809076296296296
        ]
      }
    },
    {
      "type": "Feature",
      "properties": {
        "node_id": 36,
        "rank": 36,
        "name": "Santo Antônio",
        "bairro": "SOBRAL",
        "municipality": "SOBRAL",
        "faction": "CV",
        "risk_score": 74.133,
        "score": 74.133,
        "region": "interior",
        "parent_area": "SOBRAL",
        "parent_risk_score": 91.5,
        "parent_risk_level": "crítico",
        "parent_status": "CRÍTICO",
        "local_street_pressure": 4.994,
        "nearby_streets_count": 14,
        "nearby_streets": [
          "SANTO ANTÔNIO",
          "RUA SANTA CLARA",
          "RUA SAO JOAQUIM"
        ],
        "is_tactical": true,
        "generated_at": "2026-09-24T14:42:50.254860"
      },
      "geometry": {
        "type": "Point",
        "coordinates": [
          -40.341418999999995,
          -3.7056791666666666
        ]
      }
    },
    {
      "type": "Feature",
      "properties": {
        "node_id": 37,
        "rank": 37,
        "name": "Socorro",
        "bairro": "JUAZEIRO DO NORTE",
        "municipality": "JUAZEIRO DO NORTE",
        "faction": "CV",
        "risk_score": 74.128,
        "score": 74.128,
        "region": "interior",
        "parent_area": "JUAZEIRO DO NORTE",
        "parent_risk_score": 93.9,
        "parent_risk_level": "crítico",
        "parent_status": "CRÍTICO",
        "local_street_pressure": 3.161,
        "nearby_streets_count": 11,
        "nearby_streets": [
          "SOCORRO",
          "SALESIANOS",
          "AVENIDA PADRE CÍCERO"
        ],
        "is_tactical": true,
        "generated_at": "2026-09-24T14:42:50.254860"
      },
      "geometry": {
        "type": "Point",
        "coordinates": [
          -39.32336263888889,
          -7.202973916666666
        ]
      }
    },
    {
      "type": "Feature",
      "properties": {
        "node_id": 38,
        "rank": 38,
        "name": "Conj. Barro Branco 1",
        "bairro": "JUAZEIRO DO NORTE",
        "municipality": "JUAZEIRO DO NORTE",
        "faction": "PCC",
        "risk_score": 74.127,
        "score": 74.127,
        "region": "interior",
        "parent_area": "JUAZEIRO DO NORTE",
        "parent_risk_score": 93.9,
        "parent_risk_level": "crítico",
        "parent_status": "CRÍTICO",
        "local_street_pressure": 3.251,
        "nearby_streets_count": 7,
        "nearby_streets": [
          "CONJ. BARRO BRANCO 1",
          "RUA PEDRO AGOSTINHO DE SOUSA",
          "RUA 05 ERNANDO RIBEIRO DA CRUZ"
        ],
        "is_tactical": true,
        "generated_at": "2026-09-24T14:42:50.254860"
      },
      "geometry": {
        "type": "Point",
        "coordinates": [
          -39.378038200000006,
          -7.2435856
        ]
      }
    },
    {
      "type": "Feature",
      "properties": {
        "node_id": 39,
        "rank": 39,
        "name": "Campo Alegre",
        "bairro": "JUAZEIRO DO NORTE",
        "municipality": "JUAZEIRO DO NORTE",
        "faction": "CV",
        "risk_score": 73.991,
        "score": 73.991,
        "region": "interior",
        "parent_area": "JUAZEIRO DO NORTE",
        "parent_risk_score": 93.9,
        "parent_risk_level": "crítico",
        "parent_status": "CRÍTICO",
        "local_street_pressure": 2.724,
        "nearby_streets_count": 7,
        "nearby_streets": [
          "CAMPO ALEGRE",
          "RUA JOÃO PEREIRA DE CARVALHO",
          "RUA FRANCISCO MEDEIROS DA SILVA"
        ],
        "is_tactical": true,
        "generated_at": "2026-09-24T14:42:50.254860"
      },
      "geometry": {
        "type": "Point",
        "coordinates": [
          -39.287976138888894,
          -7.2508061111111095
        ]
      }
    },
    {
      "type": "Feature",
      "properties": {
        "node_id": 40,
        "rank": 40,
        "name": "Bulandeira - Barbalha",
        "bairro": "JUAZEIRO DO NORTE",
        "municipality": "Barbalha",
        "faction": "CV",
        "risk_score": 73.912,
        "score": 73.912,
        "region": "interior",
        "parent_area": "JUAZEIRO DO NORTE",
        "parent_risk_score": 93.9,
        "parent_risk_level": "crítico",
        "parent_status": "CRÍTICO",
        "local_street_pressure": 1.712,
        "nearby_streets_count": 4,
        "nearby_streets": [
          "BULANDEIRA - BARBALHA",
          "AVENIDA PAULO MARQUÊS",
          "RUA PROJETADA | M"
        ],
        "is_tactical": true,
        "generated_at": "2026-09-24T14:42:50.254860"
      },
      "geometry": {
        "type": "Point",
        "coordinates": [
          -39.31173175,
          -7.293588833333332
        ]
      }
    },
    {
      "type": "Feature",
      "properties": {
        "node_id": 41,
        "rank": 41,
        "name": "Alto Alegre",
        "bairro": "SOBRAL",
        "municipality": "SOBRAL",
        "faction": "CV",
        "risk_score": 73.889,
        "score": 73.889,
        "region": "interior",
        "parent_area": "SOBRAL",
        "parent_risk_score": 91.5,
        "parent_risk_level": "crítico",
        "parent_status": "CRÍTICO",
        "local_street_pressure": 4.854,
        "nearby_streets_count": 10,
        "nearby_streets": [
          "ALTO ALEGRE",
          "RUA DOS COCOS",
          "AREA SEM NOME"
        ],
        "is_tactical": true,
        "generated_at": "2026-09-24T14:42:50.254860"
      },
      "geometry": {
        "type": "Point",
        "coordinates": [
          -40.260892269230766,
          -3.8036265769230764
        ]
      }
    },
    {
      "type": "Feature",
      "properties": {
        "node_id": 42,
        "rank": 42,
        "name": "SÃO JOSÉ X COM JN",
        "bairro": "JUAZEIRO DO NORTE",
        "municipality": "JUAZEIRO DO NORTE",
        "faction": "CV",
        "risk_score": 73.863,
        "score": 73.863,
        "region": "interior",
        "parent_area": "JUAZEIRO DO NORTE",
        "parent_risk_score": 93.9,
        "parent_risk_level": "crítico",
        "parent_status": "CRÍTICO",
        "local_street_pressure": 2.623,
        "nearby_streets_count": 6,
        "nearby_streets": [
          "SÃO JOSÉ X COM JN",
          "RUA PADRE FREDERICO",
          "RUA JOÃO AVELINO SOARES"
        ],
        "is_tactical": true,
        "generated_at": "2026-09-24T14:42:50.254860"
      },
      "geometry": {
        "type": "Point",
        "coordinates": [
          -39.363320996296295,
          -7.234312781481482
        ]
      }
    },
    {
      "type": "Feature",
      "properties": {
        "node_id": 43,
        "rank": 43,
        "name": "Bertolândia",
        "bairro": "JUAZEIRO DO NORTE",
        "municipality": "JUAZEIRO DO NORTE",
        "faction": "CV",
        "risk_score": 73.733,
        "score": 73.733,
        "region": "interior",
        "parent_area": "JUAZEIRO DO NORTE",
        "parent_risk_score": 93.9,
        "parent_risk_level": "crítico",
        "parent_status": "CRÍTICO",
        "local_street_pressure": 2.077,
        "nearby_streets_count": 5,
        "nearby_streets": [
          "BERTOLÂNDIA",
          "RESIDENCIAL NOSSA SENHORA DAS DORES - JUAZEIRO DO NORTE",
          "RESIDENCIAL SÃO SEBASTIÃO"
        ],
        "is_tactical": true,
        "generated_at": "2026-09-24T14:42:50.254860"
      },
      "geometry": {
        "type": "Point",
        "coordinates": [
          -39.28222486666667,
          -7.2311659666666666
        ]
      }
    },
    {
      "type": "Feature",
      "properties": {
        "node_id": 44,
        "rank": 44,
        "name": "Jatobá",
        "bairro": "SOBRAL",
        "municipality": "SOBRAL",
        "faction": "CV",
        "risk_score": 73.599,
        "score": 73.599,
        "region": "interior",
        "parent_area": "SOBRAL",
        "parent_risk_score": 91.5,
        "parent_risk_level": "crítico",
        "parent_status": "CRÍTICO",
        "local_street_pressure": 4.592,
        "nearby_streets_count": 11,
        "nearby_streets": [
          "JATOBÁ",
          "COHAB I",
          "COHAB II"
        ],
        "is_tactical": true,
        "generated_at": "2026-09-24T14:42:50.254860"
      },
      "geometry": {
        "type": "Point",
        "coordinates": [
          -40.328697999999996,
          -3.705087666666667
        ]
      }
    },
    {
      "type": "Feature",
      "properties": {
        "node_id": 45,
        "rank": 45,
        "name": "Sítio Estrela - Barbalha",
        "bairro": "JUAZEIRO DO NORTE",
        "municipality": "Barbalha",
        "faction": "CV",
        "risk_score": 73.447,
        "score": 73.447,
        "region": "interior",
        "parent_area": "JUAZEIRO DO NORTE",
        "parent_risk_score": 93.9,
        "parent_risk_level": "crítico",
        "parent_status": "CRÍTICO",
        "local_street_pressure": 1.448,
        "nearby_streets_count": 2,
        "nearby_streets": [
          "SÍTIO ESTRELA - BARBALHA",
          "PRAÇA MARIA FELICIO"
        ],
        "is_tactical": true,
        "generated_at": "2026-09-24T14:42:50.254860"
      },
      "geometry": {
        "type": "Point",
        "coordinates": [
          -39.26650672413793,
          -7.279947310344825
        ]
      }
    },
    {
      "type": "Feature",
      "properties": {
        "node_id": 46,
        "rank": 46,
        "name": "COHAB II",
        "bairro": "SOBRAL",
        "municipality": "SOBRAL",
        "faction": "CV",
        "risk_score": 73.423,
        "score": 73.423,
        "region": "interior",
        "parent_area": "SOBRAL",
        "parent_risk_score": 91.5,
        "parent_risk_level": "crítico",
        "parent_status": "CRÍTICO",
        "local_street_pressure": 4.084,
        "nearby_streets_count": 12,
        "nearby_streets": [
          "COHAB II",
          "RUA 8",
          "JATOBÁ"
        ],
        "is_tactical": true,
        "generated_at": "2026-09-24T14:42:50.254860"
      },
      "geometry": {
        "type": "Point",
        "coordinates": [
          -40.3318,
          -3.7005100400000015
        ]
      }
    },
    {
      "type": "Feature",
      "properties": {
        "node_id": 47,
        "rank": 47,
        "name": "COHAB I",
        "bairro": "SOBRAL",
        "municipality": "SOBRAL",
        "faction": "CV",
        "risk_score": 73.414,
        "score": 73.414,
        "region": "interior",
        "parent_area": "SOBRAL",
        "parent_risk_score": 91.5,
        "parent_risk_level": "crítico",
        "parent_status": "CRÍTICO",
        "local_street_pressure": 4.274,
        "nearby_streets_count": 12,
        "nearby_streets": [
          "COHAB I",
          "SINHÁ SABOIA",
          "JATOBÁ"
        ],
        "is_tactical": true,
        "generated_at": "2026-09-24T14:42:50.254860"
      },
      "geometry": {
        "type": "Point",
        "coordinates": [
          -40.333028222222225,
          -3.7090693333333338
        ]
      }
    },
    {
      "type": "Feature",
      "properties": {
        "node_id": 48,
        "rank": 48,
        "name": "Vila Nova",
        "bairro": "JUAZEIRO DO NORTE",
        "municipality": "JUAZEIRO DO NORTE",
        "faction": "PCC",
        "risk_score": 73.284,
        "score": 73.284,
        "region": "interior",
        "parent_area": "JUAZEIRO DO NORTE",
        "parent_risk_score": 93.9,
        "parent_risk_level": "crítico",
        "parent_status": "CRÍTICO",
        "local_street_pressure": 2.131,
        "nearby_streets_count": 5,
        "nearby_streets": [
          "VILA NOVA",
          "RUA ENGENHEIRO JOÃO FRANCISCO LANDIM TAVARES",
          "RUA ANA MARIA DE OLIVEIRA"
        ],
        "is_tactical": true,
        "generated_at": "2026-09-24T14:42:50.254860"
      },
      "geometry": {
        "type": "Point",
        "coordinates": [
          -39.27197727586208,
          -7.198310034482757
        ]
      }
    },
    {
      "type": "Feature",
      "properties": {
        "node_id": 49,
        "rank": 49,
        "name": "MATA DOS LIMAS",
        "bairro": "JUAZEIRO DO NORTE",
        "municipality": "JUAZEIRO DO NORTE",
        "faction": "CV",
        "risk_score": 73.276,
        "score": 73.276,
        "region": "interior",
        "parent_area": "JUAZEIRO DO NORTE",
        "parent_risk_score": 93.9,
        "parent_risk_level": "crítico",
        "parent_status": "CRÍTICO",
        "local_street_pressure": 0.922,
        "nearby_streets_count": 1,
        "nearby_streets": [
          "MATA DOS LIMAS"
        ],
        "is_tactical": true,
        "generated_at": "2026-09-24T14:42:50.254860"
      },
      "geometry": {
        "type": "Point",
        "coordinates": [
          -39.32526368666666,
          -7.279065693333334
        ]
      }
    },
    {
      "type": "Feature",
      "properties": {
        "node_id": 50,
        "rank": 50,
        "name": "Lagoa Seca- Juazeiro do Norte",
        "bairro": "JUAZEIRO DO NORTE",
        "municipality": "JUAZEIRO DO NORTE",
        "faction": "CV",
        "risk_score": 73.234,
        "score": 73.234,
        "region": "interior",
        "parent_area": "JUAZEIRO DO NORTE",
        "parent_risk_score": 93.9,
        "parent_risk_level": "crítico",
        "parent_status": "CRÍTICO",
        "local_street_pressure": 2.191,
        "nearby_streets_count": 7,
        "nearby_streets": [
          "LAGOA SECA- JUAZEIRO DO NORTE",
          "AVENIDA LEÃO SAMPAIO",
          "RUA JÚLIA JORGE COUTO"
        ],
        "is_tactical": true,
        "generated_at": "2026-09-24T14:42:50.254860"
      },
      "geometry": {
        "type": "Point",
        "coordinates": [
          -39.32613322222223,
          -7.247637000000002
        ]
      }
    },
    {
      "type": "Feature",
      "properties": {
        "node_id": 51,
        "rank": 51,
        "name": "Condomínios Tenente Coelho",
        "bairro": "JUAZEIRO DO NORTE",
        "municipality": "JUAZEIRO DO NORTE",
        "faction": "PCC",
        "risk_score": 73.208,
        "score": 73.208,
        "region": "interior",
        "parent_area": "JUAZEIRO DO NORTE",
        "parent_risk_score": 93.9,
        "parent_risk_level": "crítico",
        "parent_status": "CRÍTICO",
        "local_street_pressure": 2.305,
        "nearby_streets_count": 8,
        "nearby_streets": [
          "CONDOMÍNIOS TENENTE COELHO",
          "RUA FOTÓGRAFO PACÍFICO ALVES FREITAS",
          "RUA NOVA FAZENDA"
        ],
        "is_tactical": true,
        "generated_at": "2026-09-24T14:42:50.254860"
      },
      "geometry": {
        "type": "Point",
        "coordinates": [
          -39.2853975875,
          -7.2109234375
        ]
      }
    },
    {
      "type": "Feature",
      "properties": {
        "node_id": 52,
        "rank": 52,
        "name": "Residencial São Sebastião",
        "bairro": "JUAZEIRO DO NORTE",
        "municipality": "JUAZEIRO DO NORTE",
        "faction": "CV",
        "risk_score": 73.183,
        "score": 73.183,
        "region": "interior",
        "parent_area": "JUAZEIRO DO NORTE",
        "parent_risk_score": 93.9,
        "parent_risk_level": "crítico",
        "parent_status": "CRÍTICO",
        "local_street_pressure": 2.199,
        "nearby_streets_count": 4,
        "nearby_streets": [
          "RESIDENCIAL SÃO SEBASTIÃO",
          "AREA SEM NOME",
          "RESIDENCIAL NOSSA SENHORA DAS DORES - JUAZEIRO DO NORTE"
        ],
        "is_tactical": true,
        "generated_at": "2026-09-24T14:42:50.254860"
      },
      "geometry": {
        "type": "Point",
        "coordinates": [
          -39.271257142857145,
          -7.230486142857143
        ]
      }
    },
    {
      "type": "Feature",
      "properties": {
        "node_id": 53,
        "rank": 53,
        "name": "Bairro José Geraldo da Cruz",
        "bairro": "JUAZEIRO DO NORTE",
        "municipality": "JUAZEIRO DO NORTE",
        "faction": "CV",
        "risk_score": 73.098,
        "score": 73.098,
        "region": "interior",
        "parent_area": "JUAZEIRO DO NORTE",
        "parent_risk_score": 93.9,
        "parent_risk_level": "crítico",
        "parent_status": "CRÍTICO",
        "local_street_pressure": 1.859,
        "nearby_streets_count": 5,
        "nearby_streets": [
          "BAIRRO JOSÉ GERALDO DA CRUZ",
          "AVENIDA UNIVERSITÁRIA",
          "JOÃO CABRAL"
        ],
        "is_tactical": true,
        "generated_at": "2026-09-24T14:42:50.254860"
      },
      "geometry": {
        "type": "Point",
        "coordinates": [
          -39.3048692,
          -7.2387502
        ]
      }
    },
    {
      "type": "Feature",
      "properties": {
        "node_id": 54,
        "rank": 54,
        "name": "Residencial Nossa Senhora das Dores - Juazeiro do norte",
        "bairro": "JUAZEIRO DO NORTE",
        "municipality": "JUAZEIRO DO NORTE",
        "faction": "CV",
        "risk_score": 72.974,
        "score": 72.974,
        "region": "interior",
        "parent_area": "JUAZEIRO DO NORTE",
        "parent_risk_score": 93.9,
        "parent_risk_level": "crítico",
        "parent_status": "CRÍTICO",
        "local_street_pressure": 2.022,
        "nearby_streets_count": 6,
        "nearby_streets": [
          "RESIDENCIAL NOSSA SENHORA DAS DORES - JUAZEIRO DO NORTE",
          "BERTOLÂNDIA",
          "RESIDENCIAL SÃO SEBASTIÃO"
        ],
        "is_tactical": true,
        "generated_at": "2026-09-24T14:42:50.254860"
      },
      "geometry": {
        "type": "Point",
        "coordinates": [
          -39.27799215384616,
          -7.224133384615384
        ]
      }
    },
    {
      "type": "Feature",
      "properties": {
        "node_id": 55,
        "rank": 55,
        "name": "Lagoa - Barbalha",
        "bairro": "JUAZEIRO DO NORTE",
        "municipality": "Barbalha",
        "faction": "CV",
        "risk_score": 72.866,
        "score": 72.866,
        "region": "interior",
        "parent_area": "JUAZEIRO DO NORTE",
        "parent_risk_score": 93.9,
        "parent_risk_level": "crítico",
        "parent_status": "CRÍTICO",
        "local_street_pressure": 1.188,
        "nearby_streets_count": 1,
        "nearby_streets": [
          "LAGOA - BARBALHA"
        ],
        "is_tactical": true,
        "generated_at": "2026-09-24T14:42:50.254860"
      },
      "geometry": {
        "type": "Point",
        "coordinates": [
          -39.29101172727272,
          -7.279823954545455
        ]
      }
    },
    {
      "type": "Feature",
      "properties": {
        "node_id": 56,
        "rank": 56,
        "name": "VILA 3 MARIAS",
        "bairro": "JUAZEIRO DO NORTE",
        "municipality": "JUAZEIRO DO NORTE",
        "faction": "CV",
        "risk_score": 72.775,
        "score": 72.775,
        "region": "interior",
        "parent_area": "JUAZEIRO DO NORTE",
        "parent_risk_score": 93.9,
        "parent_risk_level": "crítico",
        "parent_status": "CRÍTICO",
        "local_street_pressure": 1.675,
        "nearby_streets_count": 3,
        "nearby_streets": [
          "VILA 3 MARIAS",
          "VILA TRÊS MARIAS",
          "CONDOMINIO LEANDRO BEZERRA"
        ],
        "is_tactical": true,
        "generated_at": "2026-09-24T14:42:50.254860"
      },
      "geometry": {
        "type": "Point",
        "coordinates": [
          -39.310322449999994,
          -7.176342278571428
        ]
      }
    },
    {
      "type": "Feature",
      "properties": {
        "node_id": 57,
        "rank": 57,
        "name": "CONDOMINIO LEANDRO BEZERRA",
        "bairro": "JUAZEIRO DO NORTE",
        "municipality": "JUAZEIRO DO NORTE",
        "faction": "CV",
        "risk_score": 72.467,
        "score": 72.467,
        "region": "interior",
        "parent_area": "JUAZEIRO DO NORTE",
        "parent_risk_score": 93.9,
        "parent_risk_level": "crítico",
        "parent_status": "CRÍTICO",
        "local_street_pressure": 1.385,
        "nearby_streets_count": 3,
        "nearby_streets": [
          "CONDOMINIO LEANDRO BEZERRA",
          "VILA 3 MARIAS",
          "VILA TRÊS MARIAS"
        ],
        "is_tactical": true,
        "generated_at": "2026-09-24T14:42:50.254860"
      },
      "geometry": {
        "type": "Point",
        "coordinates": [
          -39.30089946,
          -7.171924680000001
        ]
      }
    },
    {
      "type": "Feature",
      "properties": {
        "node_id": 58,
        "rank": 58,
        "name": "Bela vista - Crato",
        "bairro": "JUAZEIRO DO NORTE",
        "municipality": "Crato",
        "faction": "CV",
        "risk_score": 72.207,
        "score": 72.207,
        "region": "interior",
        "parent_area": "JUAZEIRO DO NORTE",
        "parent_risk_score": 93.9,
        "parent_risk_level": "crítico",
        "parent_status": "CRÍTICO",
        "local_street_pressure": 0.963,
        "nearby_streets_count": 1,
        "nearby_streets": [
          "BELA VISTA - CRATO"
        ],
        "is_tactical": true,
        "generated_at": "2026-09-24T14:42:50.254860"
      },
      "geometry": {
        "type": "Point",
        "coordinates": [
          -39.38628216666667,
          -7.178315916666667
        ]
      }
    },
    {
      "type": "Feature",
      "properties": {
        "node_id": 59,
        "rank": 59,
        "name": "COHAB II",
        "bairro": "SOBRAL",
        "municipality": "SOBRAL",
        "faction": "CV",
        "risk_score": 72.196,
        "score": 72.196,
        "region": "interior",
        "parent_area": "SOBRAL",
        "parent_risk_score": 91.5,
        "parent_risk_level": "crítico",
        "parent_status": "CRÍTICO",
        "local_street_pressure": 3.007,
        "nearby_streets_count": 8,
        "nearby_streets": [
          "RUA FRANCISCO RODRIGUES DA COSTA",
          "RUA JOSÉ RADIER DE SOUSA",
          "SINHÁ SABOIA"
        ],
        "is_tactical": true,
        "generated_at": "2026-09-24T14:42:50.254860"
      },
      "geometry": {
        "type": "Point",
        "coordinates": [
          -40.33633494444444,
          -3.713177955555556
        ]
      }
    },
    {
      "type": "Feature",
      "properties": {
        "node_id": 60,
        "rank": 60,
        "name": "Horto- Juazeiro do Norte",
        "bairro": "JUAZEIRO DO NORTE",
        "municipality": "JUAZEIRO DO NORTE",
        "faction": "CV",
        "risk_score": 71.971,
        "score": 71.971,
        "region": "interior",
        "parent_area": "JUAZEIRO DO NORTE",
        "parent_risk_score": 93.9,
        "parent_risk_level": "crítico",
        "parent_status": "CRÍTICO",
        "local_street_pressure": 0.513,
        "nearby_streets_count": 1,
        "nearby_streets": [
          "HORTO- JUAZEIRO DO NORTE"
        ],
        "is_tactical": true,
        "generated_at": "2026-09-24T14:42:50.254860"
      },
      "geometry": {
        "type": "Point",
        "coordinates": [
          -39.328922383561654,
          -7.18321616438356
        ]
      }
    },
    {
      "type": "Feature",
      "properties": {
        "node_id": 61,
        "rank": 61,
        "name": "SALGADOS DOS MACHADOS",
        "bairro": "SOBRAL",
        "municipality": "SOBRAL",
        "faction": "PCC",
        "risk_score": 71.404,
        "score": 71.404,
        "region": "interior",
        "parent_area": "SOBRAL",
        "parent_risk_score": 91.5,
        "parent_risk_level": "crítico",
        "parent_status": "CRÍTICO",
        "local_street_pressure": 2.113,
        "nearby_streets_count": 3,
        "nearby_streets": [
          "SALGADOS DOS MACHADOS",
          "RUA JOAQUIM TEOTÔNIO",
          "RUA DO MILA"
        ],
        "is_tactical": true,
        "generated_at": "2026-09-24T14:42:50.254860"
      },
      "geometry": {
        "type": "Point",
        "coordinates": [
          -40.34261556716418,
          -3.7766170597014934
        ]
      }
    },
    {
      "type": "Feature",
      "properties": {
        "node_id": 62,
        "rank": 62,
        "name": "Distrito de Cacimbinha",
        "bairro": "SOBRAL",
        "municipality": "SOBRAL",
        "faction": "CV",
        "risk_score": 70.192,
        "score": 70.192,
        "region": "interior",
        "parent_area": "SOBRAL",
        "parent_risk_score": 91.5,
        "parent_risk_level": "crítico",
        "parent_status": "CRÍTICO",
        "local_street_pressure": 0.93,
        "nearby_streets_count": 1,
        "nearby_streets": [
          "DISTRITO DE CACIMBINHA"
        ],
        "is_tactical": true,
        "generated_at": "2026-09-24T14:42:50.254860"
      },
      "geometry": {
        "type": "Point",
        "coordinates": [
          -40.2042639,
          -3.8042765750000007
        ]
      }
    },
    {
      "type": "Feature",
      "properties": {
        "node_id": 63,
        "rank": 63,
        "name": "Bairro Santo Anônio",
        "bairro": "TIANGUA",
        "municipality": "TIANGUA",
        "faction": "PCC",
        "risk_score": 61.378,
        "score": 61.378,
        "region": "interior",
        "parent_area": "TIANGUA",
        "parent_risk_score": 55.2,
        "parent_risk_level": "alto",
        "parent_status": "ALTO",
        "local_street_pressure": 18.855,
        "nearby_streets_count": 52,
        "nearby_streets": [
          "BAIRRO SANTO ANÔNIO",
          "RUA 13 DE JUNHO",
          "RUA JOSÉ GOMES DINIZ"
        ],
        "is_tactical": true,
        "generated_at": "2026-09-24T14:42:50.254860"
      },
      "geometry": {
        "type": "Point",
        "coordinates": [
          -41.00293895,
          -3.7275475
        ]
      }
    },
    {
      "type": "Feature",
      "properties": {
        "node_id": 64,
        "rank": 64,
        "name": "Cruzeiro",
        "bairro": "TIANGUA",
        "municipality": "TIANGUA",
        "faction": "PCC",
        "risk_score": 59.892,
        "score": 59.892,
        "region": "interior",
        "parent_area": "TIANGUA",
        "parent_risk_score": 55.2,
        "parent_risk_level": "alto",
        "parent_status": "ALTO",
        "local_street_pressure": 17.429,
        "nearby_streets_count": 56,
        "nearby_streets": [
          "CRUZEIRO",
          "AVENIDA LAIR FÉLIX NUNES",
          "RUA DOCTOR EDIVALDO COELHO MOITA"
        ],
        "is_tactical": true,
        "generated_at": "2026-09-24T14:42:50.254860"
      },
      "geometry": {
        "type": "Point",
        "coordinates": [
          -40.998068266666664,
          -3.7301130000000002
        ]
      }
    },
    {
      "type": "Feature",
      "properties": {
        "node_id": 65,
        "rank": 65,
        "name": "Bairro do Csu",
        "bairro": "TIANGUA",
        "municipality": "TIANGUA",
        "faction": "PCC",
        "risk_score": 59.386,
        "score": 59.386,
        "region": "interior",
        "parent_area": "TIANGUA",
        "parent_risk_score": 55.2,
        "parent_risk_level": "alto",
        "parent_status": "ALTO",
        "local_street_pressure": 16.896,
        "nearby_streets_count": 54,
        "nearby_streets": [
          "BAIRRO DO CSU",
          "RUA VEREADOR RAIMUNDO LIMA",
          "RUA MANOEL LOURENÇO DE VASCONCELOS"
        ],
        "is_tactical": true,
        "generated_at": "2026-09-24T14:42:50.254860"
      },
      "geometry": {
        "type": "Point",
        "coordinates": [
          -40.99388361538461,
          -3.721718307692308
        ]
      }
    },
    {
      "type": "Feature",
      "properties": {
        "node_id": 66,
        "rank": 66,
        "name": "Bairro do Estádio",
        "bairro": "TIANGUA",
        "municipality": "TIANGUA",
        "faction": "PCC",
        "risk_score": 58.944,
        "score": 58.944,
        "region": "interior",
        "parent_area": "TIANGUA",
        "parent_risk_score": 55.2,
        "parent_risk_level": "alto",
        "parent_status": "ALTO",
        "local_street_pressure": 16.487,
        "nearby_streets_count": 47,
        "nearby_streets": [
          "RUA CORONEL JOÃO DAMASCENO",
          "RUA DO MEIO",
          "BAIRRO DO ESTÁDIO"
        ],
        "is_tactical": true,
        "generated_at": "2026-09-24T14:42:50.254860"
      },
      "geometry": {
        "type": "Point",
        "coordinates": [
          -41.0049414,
          -3.732140333333333
        ]
      }
    },
    {
      "type": "Feature",
      "properties": {
        "node_id": 67,
        "rank": 67,
        "name": "Campo do Laurao",
        "bairro": "TIANGUA",
        "municipality": "TIANGUA",
        "faction": "CV",
        "risk_score": 58.665,
        "score": 58.665,
        "region": "interior",
        "parent_area": "TIANGUA",
        "parent_risk_score": 55.2,
        "parent_risk_level": "alto",
        "parent_status": "ALTO",
        "local_street_pressure": 16.243,
        "nearby_streets_count": 49,
        "nearby_streets": [
          "CAMPO DO LAURAO",
          "RUA AILA CORREIA",
          "BAIRRO DO GINASIO"
        ],
        "is_tactical": true,
        "generated_at": "2026-09-24T14:42:50.254860"
      },
      "geometry": {
        "type": "Point",
        "coordinates": [
          -40.98798742857143,
          -3.7267832857142857
        ]
      }
    },
    {
      "type": "Feature",
      "properties": {
        "node_id": 68,
        "rank": 68,
        "name": "Rua do Arame",
        "bairro": "TIANGUA",
        "municipality": "TIANGUA",
        "faction": "PCC",
        "risk_score": 58.602,
        "score": 58.602,
        "region": "interior",
        "parent_area": "TIANGUA",
        "parent_risk_score": 55.2,
        "parent_risk_level": "alto",
        "parent_status": "ALTO",
        "local_street_pressure": 16.238,
        "nearby_streets_count": 47,
        "nearby_streets": [
          "RUA DO MEIO",
          "RUA DO ARAME",
          "RUA CORONEL JOÃO DAMASCENO"
        ],
        "is_tactical": true,
        "generated_at": "2026-09-24T14:42:50.254860"
      },
      "geometry": {
        "type": "Point",
        "coordinates": [
          -41.00618758333335,
          -3.73141775
        ]
      }
    },
    {
      "type": "Feature",
      "properties": {
        "node_id": 69,
        "rank": 69,
        "name": "Praça",
        "bairro": "TIANGUA",
        "municipality": "TIANGUA",
        "faction": "CV",
        "risk_score": 58.108,
        "score": 58.108,
        "region": "interior",
        "parent_area": "TIANGUA",
        "parent_risk_score": 55.2,
        "parent_risk_level": "alto",
        "parent_status": "ALTO",
        "local_street_pressure": 15.681,
        "nearby_streets_count": 47,
        "nearby_streets": [
          "PRAÇA",
          "ALTO DO BODE",
          "RUA ODILON ÁGUIAR"
        ],
        "is_tactical": true,
        "generated_at": "2026-09-24T14:42:50.254860"
      },
      "geometry": {
        "type": "Point",
        "coordinates": [
          -40.98847428571428,
          -3.7302850000000007
        ]
      }
    },
    {
      "type": "Feature",
      "properties": {
        "node_id": 70,
        "rank": 70,
        "name": "Por do Sol",
        "bairro": "TIANGUA",
        "municipality": "TIANGUA",
        "faction": "PCC",
        "risk_score": 57.89,
        "score": 57.89,
        "region": "interior",
        "parent_area": "TIANGUA",
        "parent_risk_score": 55.2,
        "parent_risk_level": "alto",
        "parent_status": "ALTO",
        "local_street_pressure": 15.319,
        "nearby_streets_count": 51,
        "nearby_streets": [
          "POR DO SOL",
          "RUA PISTA DE POUSO",
          "RUA MESSÍAS ÁGUIAR"
        ],
        "is_tactical": true,
        "generated_at": "2026-09-24T14:42:50.254860"
      },
      "geometry": {
        "type": "Point",
        "coordinates": [
          -41.003663550000006,
          -3.7209348500000003
        ]
      }
    },
    {
      "type": "Feature",
      "properties": {
        "node_id": 71,
        "rank": 71,
        "name": "Bairro do Ginasio",
        "bairro": "TIANGUA",
        "municipality": "TIANGUA",
        "faction": "CV",
        "risk_score": 57.002,
        "score": 57.002,
        "region": "interior",
        "parent_area": "TIANGUA",
        "parent_risk_score": 55.2,
        "parent_risk_level": "alto",
        "parent_status": "ALTO",
        "local_street_pressure": 14.409,
        "nearby_streets_count": 43,
        "nearby_streets": [
          "BAIRRO DO GINASIO",
          "CAMPO DO LAURAO",
          "RUA DOZE DE AGOSTO"
        ],
        "is_tactical": true,
        "generated_at": "2026-09-24T14:42:50.254860"
      },
      "geometry": {
        "type": "Point",
        "coordinates": [
          -40.98618700000001,
          -3.725994
        ]
      }
    },
    {
      "type": "Feature",
      "properties": {
        "node_id": 72,
        "rank": 72,
        "name": "Dom Expedito",
        "bairro": "TIANGUA",
        "municipality": "TIANGUA",
        "faction": "PCC",
        "risk_score": 56.047,
        "score": 56.047,
        "region": "interior",
        "parent_area": "TIANGUA",
        "parent_risk_score": 55.2,
        "parent_risk_level": "alto",
        "parent_status": "ALTO",
        "local_street_pressure": 13.159,
        "nearby_streets_count": 42,
        "nearby_streets": [
          "DOM EXPEDITO",
          "TERRA PROMETIDA",
          "RUA EXPEDITO COELHO DE MORAIS"
        ],
        "is_tactical": true,
        "generated_at": "2026-09-24T14:42:50.254860"
      },
      "geometry": {
        "type": "Point",
        "coordinates": [
          -41.008255500000004,
          -3.7265383
        ]
      }
    },
    {
      "type": "Feature",
      "properties": {
        "node_id": 73,
        "rank": 73,
        "name": "Ceasa",
        "bairro": "TIANGUA",
        "municipality": "TIANGUA",
        "faction": "TCP/GDE",
        "risk_score": 55.896,
        "score": 55.896,
        "region": "interior",
        "parent_area": "TIANGUA",
        "parent_risk_score": 55.2,
        "parent_risk_level": "alto",
        "parent_status": "ALTO",
        "local_street_pressure": 14.804,
        "nearby_streets_count": 50,
        "nearby_streets": [
          "CEASA",
          "RUA JOSÉ NOGUEIRA DE VASCONCELOS",
          "RUA MANOEL LOURENÇO DE VASCONCELOS"
        ],
        "is_tactical": true,
        "generated_at": "2026-09-24T14:42:50.254860"
      },
      "geometry": {
        "type": "Point",
        "coordinates": [
          -40.997840185185176,
          -3.7180927407407407
        ]
      }
    },
    {
      "type": "Feature",
      "properties": {
        "node_id": 74,
        "rank": 74,
        "name": "Comunidade da Peroba",
        "bairro": "TIANGUA",
        "municipality": "TIANGUA",
        "faction": "CV",
        "risk_score": 55.647,
        "score": 55.647,
        "region": "interior",
        "parent_area": "TIANGUA",
        "parent_risk_score": 55.2,
        "parent_risk_level": "alto",
        "parent_status": "ALTO",
        "local_street_pressure": 13.065,
        "nearby_streets_count": 43,
        "nearby_streets": [
          "COMUNIDADE DA PEROBA",
          "RUA DAS PALMEIRAS",
          "RUA JOAQUINA TELES DE MENESES"
        ],
        "is_tactical": true,
        "generated_at": "2026-09-24T14:42:50.254860"
      },
      "geometry": {
        "type": "Point",
        "coordinates": [
          -40.994798625,
          -3.716521875
        ]
      }
    },
    {
      "type": "Feature",
      "properties": {
        "node_id": 75,
        "rank": 75,
        "name": "Governador Ferraz",
        "bairro": "TIANGUA",
        "municipality": "TIANGUA",
        "faction": "PCC",
        "risk_score": 55.367,
        "score": 55.367,
        "region": "interior",
        "parent_area": "TIANGUA",
        "parent_risk_score": 55.2,
        "parent_risk_level": "alto",
        "parent_status": "ALTO",
        "local_street_pressure": 12.568,
        "nearby_streets_count": 47,
        "nearby_streets": [
          "GOVERNADOR FERRAZ",
          "RUA MANOEL NOGUEIRA MOTA",
          "AVENIDA ENF. JOSÉ EVANGELISTA DE VASCONCELOS"
        ],
        "is_tactical": true,
        "generated_at": "2026-09-24T14:42:50.254860"
      },
      "geometry": {
        "type": "Point",
        "coordinates": [
          -41.000699805555556,
          -3.7371320000000003
        ]
      }
    },
    {
      "type": "Feature",
      "properties": {
        "node_id": 76,
        "rank": 76,
        "name": "Pedra Fina",
        "bairro": "TIANGUA",
        "municipality": "TIANGUA",
        "faction": "PCC",
        "risk_score": 55.352,
        "score": 55.352,
        "region": "interior",
        "parent_area": "TIANGUA",
        "parent_risk_score": 55.2,
        "parent_risk_level": "alto",
        "parent_status": "ALTO",
        "local_street_pressure": 12.809,
        "nearby_streets_count": 42,
        "nearby_streets": [
          "RUA DIVA MARIA DO NASCIMENTO",
          "PEDRA FINA",
          "AVENIDA ENF. JOSÉ EVANGELISTA DE VASCONCELOS"
        ],
        "is_tactical": true,
        "generated_at": "2026-09-24T14:42:50.254860"
      },
      "geometry": {
        "type": "Point",
        "coordinates": [
          -41.00571866666667,
          -3.7353399999999994
        ]
      }
    },
    {
      "type": "Feature",
      "properties": {
        "node_id": 77,
        "rank": 77,
        "name": "Rua das Palmeiras",
        "bairro": "TIANGUA",
        "municipality": "TIANGUA",
        "faction": "CV",
        "risk_score": 54.482,
        "score": 54.482,
        "region": "interior",
        "parent_area": "TIANGUA",
        "parent_risk_score": 55.2,
        "parent_risk_level": "alto",
        "parent_status": "ALTO",
        "local_street_pressure": 11.936,
        "nearby_streets_count": 43,
        "nearby_streets": [
          "RUA DAS PALMEIRAS",
          "COMUNIDADE DA PEROBA",
          "VILA PASCOAL"
        ],
        "is_tactical": true,
        "generated_at": "2026-09-24T14:42:50.254860"
      },
      "geometry": {
        "type": "Point",
        "coordinates": [
          -40.99283471428572,
          -3.714698380952381
        ]
      }
    },
    {
      "type": "Feature",
      "properties": {
        "node_id": 78,
        "rank": 78,
        "name": "BECO DO BURACO - VILA SÃO JOSÉ - ALTO DO CAJUEIRO",
        "bairro": "MARACANAÚ",
        "municipality": "ALTO DO CAJUEIRO",
        "faction": "CV",
        "risk_score": 54.453,
        "score": 54.453,
        "region": "interior",
        "parent_area": "MARACANAÚ",
        "parent_risk_score": 61.8,
        "parent_risk_level": "alto",
        "parent_status": "ALTO",
        "local_street_pressure": 6.906,
        "nearby_streets_count": 18,
        "nearby_streets": [
          "BECO DO BURACO - VILA SÃO JOSÉ - ALTO DO CAJUEIRO",
          "VILA SÃO JOSÉ",
          "GUABIRABA"
        ],
        "is_tactical": true,
        "generated_at": "2026-09-24T14:42:50.254860"
      },
      "geometry": {
        "type": "Point",
        "coordinates": [
          -38.69226130882353,
          -3.8953126470588226
        ]
      }
    },
    {
      "type": "Feature",
      "properties": {
        "node_id": 79,
        "rank": 79,
        "name": "Cidade de Deus - Área Seca",
        "bairro": "MARACANAÚ",
        "municipality": "Área Seca",
        "faction": "CV",
        "risk_score": 54.405,
        "score": 54.405,
        "region": "interior",
        "parent_area": "MARACANAÚ",
        "parent_risk_score": 61.8,
        "parent_risk_level": "alto",
        "parent_status": "ALTO",
        "local_street_pressure": 6.908,
        "nearby_streets_count": 15,
        "nearby_streets": [
          "CIDADE DE DEUS - ÁREA SECA",
          "RUA RAIMUNDO INÁCIO DA SILVA",
          "ÁREA SECA"
        ],
        "is_tactical": true,
        "generated_at": "2026-09-24T14:42:50.254860"
      },
      "geometry": {
        "type": "Point",
        "coordinates": [
          -38.66095119999999,
          -3.8752303999999995
        ]
      }
    },
    {
      "type": "Feature",
      "properties": {
        "node_id": 80,
        "rank": 80,
        "name": "Novo Parque Iracema - Alto do João Grande",
        "bairro": "MARACANAÚ",
        "municipality": "Alto do João Grande",
        "faction": "CV",
        "risk_score": 54.281,
        "score": 54.281,
        "region": "interior",
        "parent_area": "MARACANAÚ",
        "parent_risk_score": 61.8,
        "parent_risk_level": "alto",
        "parent_status": "ALTO",
        "local_street_pressure": 6.415,
        "nearby_streets_count": 16,
        "nearby_streets": [
          "RUA CAETANO RODRIGUES",
          "NOVO PARQUE IRACEMA - ALTO DO JOÃO GRANDE",
          "RUA MANOEL DUARTE MESQUITA"
        ],
        "is_tactical": true,
        "generated_at": "2026-09-24T14:42:50.254860"
      },
      "geometry": {
        "type": "Point",
        "coordinates": [
          -38.68869488461538,
          -3.914271307692306
        ]
      }
    },
    {
      "type": "Feature",
      "properties": {
        "node_id": 81,
        "rank": 81,
        "name": "Estação - Boa Vista",
        "bairro": "MARACANAÚ",
        "municipality": "Boa Vista",
        "faction": "CV",
        "risk_score": 54.261,
        "score": 54.261,
        "region": "interior",
        "parent_area": "MARACANAÚ",
        "parent_risk_score": 61.8,
        "parent_risk_level": "alto",
        "parent_status": "ALTO",
        "local_street_pressure": 6.685,
        "nearby_streets_count": 20,
        "nearby_streets": [
          "ESTAÇÃO - BOA VISTA",
          "BOA VISTA - MARACANAÚ",
          "PASSARELA"
        ],
        "is_tactical": true,
        "generated_at": "2026-09-24T14:42:50.254860"
      },
      "geometry": {
        "type": "Point",
        "coordinates": [
          -38.625701086956525,
          -3.8873841304347825
        ]
      }
    },
    {
      "type": "Feature",
      "properties": {
        "node_id": 82,
        "rank": 82,
        "name": "Terra Prometida",
        "bairro": "TIANGUA",
        "municipality": "TIANGUA",
        "faction": "PCC",
        "risk_score": 54.091,
        "score": 54.091,
        "region": "interior",
        "parent_area": "TIANGUA",
        "parent_risk_score": 55.2,
        "parent_risk_level": "alto",
        "parent_status": "ALTO",
        "local_street_pressure": 11.48,
        "nearby_streets_count": 37,
        "nearby_streets": [
          "TERRA PROMETIDA",
          "RUA EXPEDITO COELHO DE MORAIS",
          "DOM EXPEDITO"
        ],
        "is_tactical": true,
        "generated_at": "2026-09-24T14:42:50.254860"
      },
      "geometry": {
        "type": "Point",
        "coordinates": [
          -41.01085536363637,
          -3.729538363636364
        ]
      }
    },
    {
      "type": "Feature",
      "properties": {
        "node_id": 83,
        "rank": 83,
        "name": "Alto do Bode",
        "bairro": "TIANGUA",
        "municipality": "TIANGUA",
        "faction": "CV",
        "risk_score": 53.92,
        "score": 53.92,
        "region": "interior",
        "parent_area": "TIANGUA",
        "parent_risk_score": 55.2,
        "parent_risk_level": "alto",
        "parent_status": "ALTO",
        "local_street_pressure": 11.369,
        "nearby_streets_count": 35,
        "nearby_streets": [
          "ALTO DO BODE",
          "PRAÇA",
          "TABAJARA"
        ],
        "is_tactical": true,
        "generated_at": "2026-09-24T14:42:50.254860"
      },
      "geometry": {
        "type": "Point",
        "coordinates": [
          -40.98661918181817,
          -3.731951272727273
        ]
      }
    },
    {
      "type": "Feature",
      "properties": {
        "node_id": 84,
        "rank": 84,
        "name": "Área Verde - Novo Maranguape I",
        "bairro": "MARACANAÚ",
        "municipality": "Novo Maranguape I",
        "faction": "CV",
        "risk_score": 53.382,
        "score": 53.382,
        "region": "interior",
        "parent_area": "MARACANAÚ",
        "parent_risk_score": 61.8,
        "parent_risk_level": "alto",
        "parent_status": "ALTO",
        "local_street_pressure": 5.44,
        "nearby_streets_count": 16,
        "nearby_streets": [
          "ÁREA VERDE - NOVO MARANGUAPE I",
          "PORTELINHA",
          "RODOVIA SENADOR ALMIR PINTO"
        ],
        "is_tactical": true,
        "generated_at": "2026-09-24T14:42:50.254860"
      },
      "geometry": {
        "type": "Point",
        "coordinates": [
          -38.67124333333333,
          -3.871072666666667
        ]
      }
    },
    {
      "type": "Feature",
      "properties": {
        "node_id": 85,
        "rank": 85,
        "name": "Tabajara",
        "bairro": "TIANGUA",
        "municipality": "TIANGUA",
        "faction": "CV",
        "risk_score": 53.228,
        "score": 53.228,
        "region": "interior",
        "parent_area": "TIANGUA",
        "parent_risk_score": 55.2,
        "parent_risk_level": "alto",
        "parent_status": "ALTO",
        "local_street_pressure": 10.569,
        "nearby_streets_count": 32,
        "nearby_streets": [
          "TABAJARA",
          "RUA PRESBÍTERO RAMALHO",
          "ALTO DO BODE"
        ],
        "is_tactical": true,
        "generated_at": "2026-09-24T14:42:50.254860"
      },
      "geometry": {
        "type": "Point",
        "coordinates": [
          -40.984056571428575,
          -3.7297785000000006
        ]
      }
    },
    {
      "type": "Feature",
      "properties": {
        "node_id": 86,
        "rank": 86,
        "name": "Tianguazinho",
        "bairro": "TIANGUA",
        "municipality": "TIANGUA",
        "faction": "CV",
        "risk_score": 53.118,
        "score": 53.118,
        "region": "interior",
        "parent_area": "TIANGUA",
        "parent_risk_score": 55.2,
        "parent_risk_level": "alto",
        "parent_status": "ALTO",
        "local_street_pressure": 10.169,
        "nearby_streets_count": 30,
        "nearby_streets": [
          "TIANGUAZINHO",
          "RUA JOÃO DUDA ALVES",
          "AVENIDA NEZITO TEXEIRA"
        ],
        "is_tactical": true,
        "generated_at": "2026-09-24T14:42:50.254860"
      },
      "geometry": {
        "type": "Point",
        "coordinates": [
          -40.981644640000006,
          -3.723113399999999
        ]
      }
    },
    {
      "type": "Feature",
      "properties": {
        "node_id": 87,
        "rank": 87,
        "name": "Bairro Rodoviária",
        "bairro": "TIANGUA",
        "municipality": "TIANGUA",
        "faction": "CV",
        "risk_score": 52.588,
        "score": 52.588,
        "region": "interior",
        "parent_area": "TIANGUA",
        "parent_risk_score": 55.2,
        "parent_risk_level": "alto",
        "parent_status": "ALTO",
        "local_street_pressure": 9.435,
        "nearby_streets_count": 33,
        "nearby_streets": [
          "BAIRRO RODOVIÁRIA",
          "RUA ANTÔNIO NUNES DE MENEZES",
          "RUA FRANCISCO GENTIL DE FARIAS"
        ],
        "is_tactical": true,
        "generated_at": "2026-09-24T14:42:50.254860"
      },
      "geometry": {
        "type": "Point",
        "coordinates": [
          -40.98410617647059,
          -3.7151502352941175
        ]
      }
    },
    {
      "type": "Feature",
      "properties": {
        "node_id": 88,
        "rank": 88,
        "name": "Colônia - (Em Disputa)",
        "bairro": "MARACANAÚ",
        "municipality": "(Em Disputa)",
        "faction": "CV",
        "risk_score": 52.353,
        "score": 52.353,
        "region": "interior",
        "parent_area": "MARACANAÚ",
        "parent_risk_score": 61.8,
        "parent_risk_level": "alto",
        "parent_status": "ALTO",
        "local_street_pressure": 4.492,
        "nearby_streets_count": 14,
        "nearby_streets": [
          "COLÔNIA - (EM DISPUTA)",
          "ALTO DA MANGUEIRA - MARACANAÚ",
          "AREA SEM NOME"
        ],
        "is_tactical": true,
        "generated_at": "2026-09-24T14:42:50.254860"
      },
      "geometry": {
        "type": "Point",
        "coordinates": [
          -38.635009172413795,
          -3.884029758620689
        ]
      }
    },
    {
      "type": "Feature",
      "properties": {
        "node_id": 89,
        "rank": 89,
        "name": "Papoco - Mucunã",
        "bairro": "MARACANAÚ",
        "municipality": "Mucunã",
        "faction": "CV",
        "risk_score": 52.026,
        "score": 52.026,
        "region": "interior",
        "parent_area": "MARACANAÚ",
        "parent_risk_score": 61.8,
        "parent_risk_level": "alto",
        "parent_status": "ALTO",
        "local_street_pressure": 4.232,
        "nearby_streets_count": 13,
        "nearby_streets": [
          "PAPOCO - MUCUNÃ",
          "RUA JOSÉ R. DE FREITAS",
          "RUA JOSEFINA LIBERATO RODRIGUES"
        ],
        "is_tactical": true,
        "generated_at": "2026-09-24T14:42:50.254860"
      },
      "geometry": {
        "type": "Point",
        "coordinates": [
          -38.651285586206896,
          -3.8522155862068974
        ]
      }
    },
    {
      "type": "Feature",
      "properties": {
        "node_id": 90,
        "rank": 90,
        "name": "Bairro do Aeroporto",
        "bairro": "TIANGUA",
        "municipality": "TIANGUA",
        "faction": "PCC",
        "risk_score": 51.504,
        "score": 51.504,
        "region": "interior",
        "parent_area": "TIANGUA",
        "parent_risk_score": 55.2,
        "parent_risk_level": "alto",
        "parent_status": "ALTO",
        "local_street_pressure": 8.785,
        "nearby_streets_count": 32,
        "nearby_streets": [
          "BAIRRO DO AEROPORTO",
          "RUA MARIA CARDOZO",
          "RUA MESSÍAS ÁGUIAR"
        ],
        "is_tactical": true,
        "generated_at": "2026-09-24T14:42:50.254860"
      },
      "geometry": {
        "type": "Point",
        "coordinates": [
          -41.0121253125,
          -3.7227314999999996
        ]
      }
    },
    {
      "type": "Feature",
      "properties": {
        "node_id": 91,
        "rank": 91,
        "name": "Vila Pascoal",
        "bairro": "TIANGUA",
        "municipality": "TIANGUA",
        "faction": "CV",
        "risk_score": 51.072,
        "score": 51.072,
        "region": "interior",
        "parent_area": "TIANGUA",
        "parent_risk_score": 55.2,
        "parent_risk_level": "alto",
        "parent_status": "ALTO",
        "local_street_pressure": 8.329,
        "nearby_streets_count": 29,
        "nearby_streets": [
          "VILA PASCOAL",
          "RUA DAS PALMEIRAS",
          "SÃO VICENTE"
        ],
        "is_tactical": true,
        "generated_at": "2026-09-24T14:42:50.254860"
      },
      "geometry": {
        "type": "Point",
        "coordinates": [
          -40.99404755172413,
          -3.7116389655172415
        ]
      }
    },
    {
      "type": "Feature",
      "properties": {
        "node_id": 92,
        "rank": 92,
        "name": "Flecheiras",
        "bairro": "TIANGUA",
        "municipality": "TIANGUA",
        "faction": "PCC",
        "risk_score": 50.947,
        "score": 50.947,
        "region": "interior",
        "parent_area": "TIANGUA",
        "parent_risk_score": 55.2,
        "parent_risk_level": "alto",
        "parent_status": "ALTO",
        "local_street_pressure": 7.942,
        "nearby_streets_count": 31,
        "nearby_streets": [
          "FLECHEIRAS",
          "RUA TARCÍSIO VASCONCELOS",
          "RUA FRANCISCO AILTON SILVA"
        ],
        "is_tactical": true,
        "generated_at": "2026-09-24T14:42:50.254860"
      },
      "geometry": {
        "type": "Point",
        "coordinates": [
          -40.99319851612902,
          -3.7419451612903227
        ]
      }
    },
    {
      "type": "Feature",
      "properties": {
        "node_id": 93,
        "rank": 93,
        "name": "Favela do Magalhães - Jaçanaú",
        "bairro": "MARACANAÚ",
        "municipality": "Jaçanaú",
        "faction": "CV",
        "risk_score": 50.942,
        "score": 50.942,
        "region": "interior",
        "parent_area": "MARACANAÚ",
        "parent_risk_score": 61.8,
        "parent_risk_level": "alto",
        "parent_status": "ALTO",
        "local_street_pressure": 3.136,
        "nearby_streets_count": 10,
        "nearby_streets": [
          "FAVELA DO MAGALHÃES - JAÇANAÚ",
          "COMUNIDADE DA CENTRAL  - JAÇANAÚ",
          "PAPOCO - MUCUNÃ"
        ],
        "is_tactical": true,
        "generated_at": "2026-09-24T14:42:50.254860"
      },
      "geometry": {
        "type": "Point",
        "coordinates": [
          -38.64580655555556,
          -3.846872222222222
        ]
      }
    },
    {
      "type": "Feature",
      "properties": {
        "node_id": 94,
        "rank": 94,
        "name": "Gruta - Colônia",
        "bairro": "MARACANAÚ",
        "municipality": "Colônia",
        "faction": "CV",
        "risk_score": 50.862,
        "score": 50.862,
        "region": "interior",
        "parent_area": "MARACANAÚ",
        "parent_risk_score": 61.8,
        "parent_risk_level": "alto",
        "parent_status": "ALTO",
        "local_street_pressure": 3.099,
        "nearby_streets_count": 8,
        "nearby_streets": [
          "GRUTA - COLÔNIA",
          "MULTIRÃO - MARACANAÚ",
          "RUA ANA PAULA DE MORAIS"
        ],
        "is_tactical": true,
        "generated_at": "2026-09-24T14:42:50.254860"
      },
      "geometry": {
        "type": "Point",
        "coordinates": [
          -38.641463422222216,
          -3.8852641999999986
        ]
      }
    },
    {
      "type": "Feature",
      "properties": {
        "node_id": 95,
        "rank": 95,
        "name": "São Vicente",
        "bairro": "TIANGUA",
        "municipality": "TIANGUA",
        "faction": "CV",
        "risk_score": 50.746,
        "score": 50.746,
        "region": "interior",
        "parent_area": "TIANGUA",
        "parent_risk_score": 55.2,
        "parent_risk_level": "alto",
        "parent_status": "ALTO",
        "local_street_pressure": 7.967,
        "nearby_streets_count": 29,
        "nearby_streets": [
          "SÃO VICENTE",
          "VILA PASCOAL",
          "RUA DAS PALMEIRAS"
        ],
        "is_tactical": true,
        "generated_at": "2026-09-24T14:42:50.254860"
      },
      "geometry": {
        "type": "Point",
        "coordinates": [
          -40.98904905882354,
          -3.712083882352941
        ]
      }
    },
    {
      "type": "Feature",
      "properties": {
        "node_id": 96,
        "rank": 96,
        "name": "Dom Timóteo",
        "bairro": "TIANGUA",
        "municipality": "TIANGUA",
        "faction": "PCC",
        "risk_score": 50.122,
        "score": 50.122,
        "region": "interior",
        "parent_area": "TIANGUA",
        "parent_risk_score": 55.2,
        "parent_risk_level": "alto",
        "parent_status": "ALTO",
        "local_street_pressure": 7.16,
        "nearby_streets_count": 25,
        "nearby_streets": [
          "DOM TIMÓTEO",
          "FLECHEIRAS",
          "RUA FRANCISCA ALBUQUERQUE ALVES"
        ],
        "is_tactical": true,
        "generated_at": "2026-09-24T14:42:50.254860"
      },
      "geometry": {
        "type": "Point",
        "coordinates": [
          -40.98859176,
          -3.740343840000001
        ]
      }
    },
    {
      "type": "Feature",
      "properties": {
        "node_id": 97,
        "rank": 97,
        "name": "Bairro Subestação",
        "bairro": "TIANGUA",
        "municipality": "TIANGUA",
        "faction": "PCC",
        "risk_score": 49.79,
        "score": 49.79,
        "region": "interior",
        "parent_area": "TIANGUA",
        "parent_risk_score": 55.2,
        "parent_risk_level": "alto",
        "parent_status": "ALTO",
        "local_street_pressure": 6.988,
        "nearby_streets_count": 23,
        "nearby_streets": [
          "BAIRRO SUBESTAÇÃO",
          "COMUNIDADE DO CATATAU",
          "AP DE CATATAU"
        ],
        "is_tactical": true,
        "generated_at": "2026-09-24T14:42:50.254860"
      },
      "geometry": {
        "type": "Point",
        "coordinates": [
          -41.00555935897435,
          -3.743852384615384
        ]
      }
    },
    {
      "type": "Feature",
      "properties": {
        "node_id": 98,
        "rank": 98,
        "name": "Comunidade da Central  - Jaçanaú",
        "bairro": "MARACANAÚ",
        "municipality": "Jaçanaú",
        "faction": "CV",
        "risk_score": 49.466,
        "score": 49.466,
        "region": "interior",
        "parent_area": "MARACANAÚ",
        "parent_risk_score": 61.8,
        "parent_risk_level": "alto",
        "parent_status": "ALTO",
        "local_street_pressure": 1.463,
        "nearby_streets_count": 4,
        "nearby_streets": [
          "COMUNIDADE DA CENTRAL  - JAÇANAÚ",
          "FAVELA DO MAGALHÃES - JAÇANAÚ",
          "MUCUNÃ - MARACANAÚ"
        ],
        "is_tactical": true,
        "generated_at": "2026-09-24T14:42:50.254860"
      },
      "geometry": {
        "type": "Point",
        "coordinates": [
          -38.642674875,
          -3.8401806250000003
        ]
      }
    },
    {
      "type": "Feature",
      "properties": {
        "node_id": 99,
        "rank": 99,
        "name": "Sítios Cacimbas",
        "bairro": "TIANGUA",
        "municipality": "TIANGUA",
        "faction": "PCC",
        "risk_score": 49.366,
        "score": 49.366,
        "region": "interior",
        "parent_area": "TIANGUA",
        "parent_risk_score": 55.2,
        "parent_risk_level": "alto",
        "parent_status": "ALTO",
        "local_street_pressure": 6.519,
        "nearby_streets_count": 22,
        "nearby_streets": [
          "SÍTIOS CACIMBAS",
          "COMUNIDADE DO CATATAU",
          "BAIRRO SUBESTAÇÃO"
        ],
        "is_tactical": true,
        "generated_at": "2026-09-24T14:42:50.254860"
      },
      "geometry": {
        "type": "Point",
        "coordinates": [
          -41.00927825000001,
          -3.7421494499999994
        ]
      }
    },
    {
      "type": "Feature",
      "properties": {
        "node_id": 100,
        "rank": 100,
        "name": "Alto da alvorada - Mucunã",
        "bairro": "MARACANAÚ",
        "municipality": "Mucunã",
        "faction": "CV",
        "risk_score": 49.164,
        "score": 49.164,
        "region": "interior",
        "parent_area": "MARACANAÚ",
        "parent_risk_score": 61.8,
        "parent_risk_level": "alto",
        "parent_status": "ALTO",
        "local_street_pressure": 1.21,
        "nearby_streets_count": 3,
        "nearby_streets": [
          "ALTO DA ALVORADA - MUCUNÃ",
          "RUA PEDRO LOURENÇO",
          "MUCUNÃ - MARACANAÚ"
        ],
        "is_tactical": true,
        "generated_at": "2026-09-24T14:42:50.254860"
      },
      "geometry": {
        "type": "Point",
        "coordinates": [
          -38.664738660714285,
          -3.8423726071428583
        ]
      }
    },
    {
      "type": "Feature",
      "properties": {
        "node_id": 101,
        "rank": 101,
        "name": "Comunidade do Catatau",
        "bairro": "TIANGUA",
        "municipality": "TIANGUA",
        "faction": "PCC",
        "risk_score": 48.92,
        "score": 48.92,
        "region": "interior",
        "parent_area": "TIANGUA",
        "parent_risk_score": 55.2,
        "parent_risk_level": "alto",
        "parent_status": "ALTO",
        "local_street_pressure": 6.127,
        "nearby_streets_count": 16,
        "nearby_streets": [
          "COMUNIDADE DO CATATAU",
          "RUA SERGIPE",
          "AP DE CATATAU"
        ],
        "is_tactical": true,
        "generated_at": "2026-09-24T14:42:50.254860"
      },
      "geometry": {
        "type": "Point",
        "coordinates": [
          -41.00805127272727,
          -3.746345454545455
        ]
      }
    },
    {
      "type": "Feature",
      "properties": {
        "node_id": 102,
        "rank": 102,
        "name": "AP De Catatau",
        "bairro": "TIANGUA",
        "municipality": "TIANGUA",
        "faction": "PCC",
        "risk_score": 48.811,
        "score": 48.811,
        "region": "interior",
        "parent_area": "TIANGUA",
        "parent_risk_score": 55.2,
        "parent_risk_level": "alto",
        "parent_status": "ALTO",
        "local_street_pressure": 6.021,
        "nearby_streets_count": 17,
        "nearby_streets": [
          "AP DE CATATAU",
          "COMUNIDADE DO CATATAU",
          "RUA SERGIPE"
        ],
        "is_tactical": true,
        "generated_at": "2026-09-24T14:42:50.254860"
      },
      "geometry": {
        "type": "Point",
        "coordinates": [
          -41.0060485,
          -3.747052
        ]
      }
    },
    {
      "type": "Feature",
      "properties": {
        "node_id": 103,
        "rank": 103,
        "name": "Rua da Paz",
        "bairro": "TIANGUA",
        "municipality": "TIANGUA",
        "faction": "CV",
        "risk_score": 47.737,
        "score": 47.737,
        "region": "interior",
        "parent_area": "TIANGUA",
        "parent_risk_score": 55.2,
        "parent_risk_level": "alto",
        "parent_status": "ALTO",
        "local_street_pressure": 4.893,
        "nearby_streets_count": 15,
        "nearby_streets": [
          "RUA DA PAZ",
          "CORREGO",
          "RUA TRINTA E UM DE MAIO"
        ],
        "is_tactical": true,
        "generated_at": "2026-09-24T14:42:50.254860"
      },
      "geometry": {
        "type": "Point",
        "coordinates": [
          -40.97835785714285,
          -3.7108917142857143
        ]
      }
    },
    {
      "type": "Feature",
      "properties": {
        "node_id": 104,
        "rank": 104,
        "name": "Corrego",
        "bairro": "TIANGUA",
        "municipality": "TIANGUA",
        "faction": "PCC",
        "risk_score": 46.874,
        "score": 46.874,
        "region": "interior",
        "parent_area": "TIANGUA",
        "parent_risk_score": 55.2,
        "parent_risk_level": "alto",
        "parent_status": "ALTO",
        "local_street_pressure": 3.794,
        "nearby_streets_count": 10,
        "nearby_streets": [
          "CORREGO",
          "RUA TRINTA E UM DE MAIO",
          "RUA DA PAZ"
        ],
        "is_tactical": true,
        "generated_at": "2026-09-24T14:42:50.254860"
      },
      "geometry": {
        "type": "Point",
        "coordinates": [
          -40.9753755625,
          -3.7087780625000004
        ]
      }
    },
    {
      "type": "Feature",
      "properties": {
        "node_id": 105,
        "rank": 105,
        "name": "Quatigaba",
        "bairro": "TIANGUA",
        "municipality": "TIANGUA",
        "faction": "CV",
        "risk_score": 44.63,
        "score": 44.63,
        "region": "interior",
        "parent_area": "TIANGUA",
        "parent_risk_score": 55.2,
        "parent_risk_level": "alto",
        "parent_status": "ALTO",
        "local_street_pressure": 1.486,
        "nearby_streets_count": 2,
        "nearby_streets": [
          "QUATIGABA",
          "CE-240"
        ],
        "is_tactical": true,
        "generated_at": "2026-09-24T14:42:50.254860"
      },
      "geometry": {
        "type": "Point",
        "coordinates": [
          -41.06694808108109,
          -3.674352189189189
        ]
      }
    },
    {
      "type": "Feature",
      "properties": {
        "node_id": 106,
        "rank": 106,
        "name": "Pitanga",
        "bairro": "TIANGUA",
        "municipality": "TIANGUA",
        "faction": "PCC",
        "risk_score": 44.447,
        "score": 44.447,
        "region": "interior",
        "parent_area": "TIANGUA",
        "parent_risk_score": 55.2,
        "parent_risk_level": "alto",
        "parent_status": "ALTO",
        "local_street_pressure": 1.362,
        "nearby_streets_count": 2,
        "nearby_streets": [
          "PITANGA",
          "ESTRADA PARÁ ITAGUARUNA"
        ],
        "is_tactical": true,
        "generated_at": "2026-09-24T14:42:50.254860"
      },
      "geometry": {
        "type": "Point",
        "coordinates": [
          -40.98126346938777,
          -3.7591266530612257
        ]
      }
    },
    {
      "type": "Feature",
      "properties": {
        "node_id": 107,
        "rank": 107,
        "name": "Pindoguaba",
        "bairro": "TIANGUÁ",
        "municipality": "TIANGUA",
        "faction": "PCC",
        "risk_score": 44.137,
        "score": 44.137,
        "region": "interior",
        "parent_area": "TIANGUÁ",
        "parent_risk_score": 55.2,
        "parent_risk_level": "alto",
        "parent_status": "ALTO",
        "local_street_pressure": 0.975,
        "nearby_streets_count": 1,
        "nearby_streets": [
          "PINDOGUABA"
        ],
        "is_tactical": true,
        "generated_at": "2026-09-24T14:42:50.254860"
      },
      "geometry": {
        "type": "Point",
        "coordinates": [
          -41.13899385714285,
          -3.750933642857142
        ]
      }
    },
    {
      "type": "Feature",
      "properties": {
        "node_id": 108,
        "rank": 108,
        "name": "Olinda Ubajara - Tianguá",
        "bairro": "UBAJARA",
        "municipality": "Tianguá",
        "faction": "CV",
        "risk_score": 44.12,
        "score": 44.12,
        "region": "interior",
        "parent_area": "UBAJARA",
        "parent_risk_score": 55.2,
        "parent_risk_level": "alto",
        "parent_status": "ALTO",
        "local_street_pressure": 0.928,
        "nearby_streets_count": 1,
        "nearby_streets": [
          "OLINDA UBAJARA - TIANGUÁ"
        ],
        "is_tactical": true,
        "generated_at": "2026-09-24T14:42:50.254860"
      },
      "geometry": {
        "type": "Point",
        "coordinates": [
          -40.971396199999994,
          -3.835011
        ]
      }
    },
    {
      "type": "Feature",
      "properties": {
        "node_id": 109,
        "rank": 109,
        "name": "Alto do Motor",
        "bairro": "BOA VIAGEM",
        "municipality": "BOA VIAGEM",
        "faction": "PCC",
        "risk_score": 42.928,
        "score": 42.928,
        "region": "interior",
        "parent_area": "BOA VIAGEM",
        "parent_risk_score": 40.1,
        "parent_risk_level": "moderado",
        "parent_status": "MODERADO",
        "local_street_pressure": 11.068,
        "nearby_streets_count": 31,
        "nearby_streets": [
          "ALTO DO MOTOR",
          "RUA JOSÉ LEORNE LEITÃO",
          "RODOVIA DOUTOR SÓLON XIMENES ARAGÃO"
        ],
        "is_tactical": true,
        "generated_at": "2026-09-24T14:42:50.254860"
      },
      "geometry": {
        "type": "Point",
        "coordinates": [
          -39.73506981818182,
          -5.125659636363637
        ]
      }
    },
    {
      "type": "Feature",
      "properties": {
        "node_id": 110,
        "rank": 110,
        "name": "CENTRO - RUSSAS",
        "bairro": "QUIXERE",
        "municipality": "RUSSAS",
        "faction": "CV",
        "risk_score": 41.956,
        "score": 41.956,
        "region": "interior",
        "parent_area": "QUIXERE",
        "parent_risk_score": 44.7,
        "parent_risk_level": "moderado",
        "parent_status": "MODERADO",
        "local_street_pressure": 5.817,
        "nearby_streets_count": 14,
        "nearby_streets": [
          "TRAVESSA BRUNO EPAMINONDAS",
          "CENTRO - RUSSAS",
          "TRAVESSA JOAQUIM NOGUEIRA"
        ],
        "is_tactical": true,
        "generated_at": "2026-09-24T14:42:50.254860"
      },
      "geometry": {
        "type": "Point",
        "coordinates": [
          -37.971933413461564,
          -4.937958394230771
        ]
      }
    },
    {
      "type": "Feature",
      "properties": {
        "node_id": 111,
        "rank": 111,
        "name": "Vila Azul- Boa Viagem",
        "bairro": "BOA VIAGEM",
        "municipality": "BOA VIAGEM",
        "faction": "PCC",
        "risk_score": 41.751,
        "score": 41.751,
        "region": "interior",
        "parent_area": "BOA VIAGEM",
        "parent_risk_score": 40.1,
        "parent_risk_level": "moderado",
        "parent_status": "MODERADO",
        "local_street_pressure": 9.8,
        "nearby_streets_count": 29,
        "nearby_streets": [
          "VILA AZUL- BOA VIAGEM",
          "RUA VEREADOR JOSÉ VIÊIRA DE LIMA",
          "ALTO DO MOTOR"
        ],
        "is_tactical": true,
        "generated_at": "2026-09-24T14:42:50.254860"
      },
      "geometry": {
        "type": "Point",
        "coordinates": [
          -39.73495333333333,
          -5.1302027
        ]
      }
    },
    {
      "type": "Feature",
      "properties": {
        "node_id": 112,
        "rank": 112,
        "name": "25 E 26 DE AGOSTO - RUSSAS",
        "bairro": "QUIXERE",
        "municipality": "RUSSAS",
        "faction": "CV",
        "risk_score": 41.559,
        "score": 41.559,
        "region": "interior",
        "parent_area": "QUIXERE",
        "parent_risk_score": 44.7,
        "parent_risk_level": "moderado",
        "parent_status": "MODERADO",
        "local_street_pressure": 6.172,
        "nearby_streets_count": 16,
        "nearby_streets": [
          "25 E 26 DE AGOSTO - RUSSAS",
          "TRAVESSA CORONEL JOSÉ VIÊIRA",
          "RUA GOVERNADOR RAUL BARBOSA"
        ],
        "is_tactical": true,
        "generated_at": "2026-09-24T14:42:50.254860"
      },
      "geometry": {
        "type": "Point",
        "coordinates": [
          -37.97917972727272,
          -4.940770787878788
        ]
      }
    },
    {
      "type": "Feature",
      "properties": {
        "node_id": 113,
        "rank": 113,
        "name": "Alto da Queiroz",
        "bairro": "BOA VIAGEM",
        "municipality": "BOA VIAGEM",
        "faction": "PCC",
        "risk_score": 41.372,
        "score": 41.372,
        "region": "interior",
        "parent_area": "BOA VIAGEM",
        "parent_risk_score": 40.1,
        "parent_risk_level": "moderado",
        "parent_status": "MODERADO",
        "local_street_pressure": 9.538,
        "nearby_streets_count": 26,
        "nearby_streets": [
          "ALTO DA QUEIROZ",
          "RUA MANOEL AMARO DE OLIVEIRA",
          "RUA ANTENOR GOMES DE BARROS LEAL"
        ],
        "is_tactical": true,
        "generated_at": "2026-09-24T14:42:50.254860"
      },
      "geometry": {
        "type": "Point",
        "coordinates": [
          -39.73920418181819,
          -5.1246391212121205
        ]
      }
    },
    {
      "type": "Feature",
      "properties": {
        "node_id": 114,
        "rank": 114,
        "name": "CATUMBELA - RUSSAS",
        "bairro": "QUIXERE",
        "municipality": "RUSSAS",
        "faction": "CV",
        "risk_score": 40.887,
        "score": 40.887,
        "region": "interior",
        "parent_area": "QUIXERE",
        "parent_risk_score": 44.7,
        "parent_risk_level": "moderado",
        "parent_status": "MODERADO",
        "local_street_pressure": 5.162,
        "nearby_streets_count": 13,
        "nearby_streets": [
          "CATUMBELA - RUSSAS",
          "RUA RAIMUNDO AGOSTINHO SANTIAGO",
          "R. JOSÉ OSMILDO MOURA MAIA"
        ],
        "is_tactical": true,
        "generated_at": "2026-09-24T14:42:50.254860"
      },
      "geometry": {
        "type": "Point",
        "coordinates": [
          -37.98548293220339,
          -4.9422516440678
        ]
      }
    },
    {
      "type": "Feature",
      "properties": {
        "node_id": 115,
        "rank": 115,
        "name": "VÁRZEA ALEGRE - RUSSAS - PCC",
        "bairro": "QUIXERE",
        "municipality": "PCC",
        "faction": "PCC",
        "risk_score": 40.823,
        "score": 40.823,
        "region": "interior",
        "parent_area": "QUIXERE",
        "parent_risk_score": 44.7,
        "parent_risk_level": "moderado",
        "parent_status": "MODERADO",
        "local_street_pressure": 4.333,
        "nearby_streets_count": 10,
        "nearby_streets": [
          "VÁRZEA ALEGRE - RUSSAS - PCC",
          "RUA OCION LOPES DA SILVEIRA",
          "RUA VASCO DA GAMA"
        ],
        "is_tactical": true,
        "generated_at": "2026-09-24T14:42:50.254860"
      },
      "geometry": {
        "type": "Point",
        "coordinates": [
          -37.96794058333333,
          -4.92764573809524
        ]
      }
    },
    {
      "type": "Feature",
      "properties": {
        "node_id": 116,
        "rank": 116,
        "name": "CABELO DE NEGO - RUSSAS",
        "bairro": "QUIXERE",
        "municipality": "RUSSAS",
        "faction": "CV",
        "risk_score": 40.646,
        "score": 40.646,
        "region": "interior",
        "parent_area": "QUIXERE",
        "parent_risk_score": 44.7,
        "parent_risk_level": "moderado",
        "parent_status": "MODERADO",
        "local_street_pressure": 5.291,
        "nearby_streets_count": 12,
        "nearby_streets": [
          "RUA JOÃO RICARDO",
          "RUA ANA LINA BIANA",
          "CABELO DE NEGO - RUSSAS"
        ],
        "is_tactical": true,
        "generated_at": "2026-09-24T14:42:50.254860"
      },
      "geometry": {
        "type": "Point",
        "coordinates": [
          -37.98752093939394,
          -4.938602090909091
        ]
      }
    },
    {
      "type": "Feature",
      "properties": {
        "node_id": 117,
        "rank": 117,
        "name": "TABULEIRO DO CATAVENTO - RUSSAS - CV",
        "bairro": "QUIXERE",
        "municipality": "CV",
        "faction": "PCC",
        "risk_score": 40.39,
        "score": 40.39,
        "region": "interior",
        "parent_area": "QUIXERE",
        "parent_risk_score": 44.7,
        "parent_risk_level": "moderado",
        "parent_status": "MODERADO",
        "local_street_pressure": 4.741,
        "nearby_streets_count": 12,
        "nearby_streets": [
          "TABULEIRO DO CATAVENTO - RUSSAS - CV",
          "RUA JOÃO AFONSO",
          "MULTIRÃO VELHO - RUSSAS"
        ],
        "is_tactical": true,
        "generated_at": "2026-09-24T14:42:50.254860"
      },
      "geometry": {
        "type": "Point",
        "coordinates": [
          -37.98281537142857,
          -4.922347457142859
        ]
      }
    },
    {
      "type": "Feature",
      "properties": {
        "node_id": 118,
        "rank": 118,
        "name": "LAGOA DO TOCO - RUSSAS - PCC",
        "bairro": "QUIXERE",
        "municipality": "PCC",
        "faction": "PCC",
        "risk_score": 40.228,
        "score": 40.228,
        "region": "interior",
        "parent_area": "QUIXERE",
        "parent_risk_score": 44.7,
        "parent_risk_level": "moderado",
        "parent_status": "MODERADO",
        "local_street_pressure": 4.171,
        "nearby_streets_count": 10,
        "nearby_streets": [
          "LAGOA DO TOCO - RUSSAS - PCC",
          "RUA RAUL DE QUEIROZ LIMA",
          "AVENIDA JOAQUIM DE SOUSA BARRETO"
        ],
        "is_tactical": true,
        "generated_at": "2026-09-24T14:42:50.254860"
      },
      "geometry": {
        "type": "Point",
        "coordinates": [
          -37.97425835087719,
          -4.923676245614036
        ]
      }
    },
    {
      "type": "Feature",
      "properties": {
        "node_id": 119,
        "rank": 119,
        "name": "Cidade de Nova Russas",
        "bairro": "NOVA RUSSAS",
        "municipality": "RUSSAS",
        "faction": "CV",
        "risk_score": 40.039,
        "score": 40.039,
        "region": "interior",
        "parent_area": "NOVA RUSSAS",
        "parent_risk_score": 44.7,
        "parent_risk_level": "moderado",
        "parent_status": "MODERADO",
        "local_street_pressure": 0.582,
        "nearby_streets_count": 1,
        "nearby_streets": [
          "CIDADE DE NOVA RUSSAS"
        ],
        "is_tactical": true,
        "generated_at": "2026-09-24T14:42:50.254860"
      },
      "geometry": {
        "type": "Point",
        "coordinates": [
          -40.56400447407409,
          -4.7096432296296316
        ]
      }
    },
    {
      "type": "Feature",
      "properties": {
        "node_id": 120,
        "rank": 120,
        "name": "PLANALTO DA BELA VISTA - RUSSAS",
        "bairro": "QUIXERE",
        "municipality": "RUSSAS",
        "faction": "CV",
        "risk_score": 39.816,
        "score": 39.816,
        "region": "interior",
        "parent_area": "QUIXERE",
        "parent_risk_score": 44.7,
        "parent_risk_level": "moderado",
        "parent_status": "MODERADO",
        "local_street_pressure": 4.045,
        "nearby_streets_count": 11,
        "nearby_streets": [
          "RUA LEÔNIDA VIÊIRA LEITE",
          "CONJUNTO GERARDO MATOSO - RUSSAS",
          "PLANALTO DA BELA VISTA - RUSSAS"
        ],
        "is_tactical": true,
        "generated_at": "2026-09-24T14:42:50.254860"
      },
      "geometry": {
        "type": "Point",
        "coordinates": [
          -37.98512550666665,
          -4.935331373333332
        ]
      }
    },
    {
      "type": "Feature",
      "properties": {
        "node_id": 121,
        "rank": 121,
        "name": "Bairro Nossa Senhora de Fátima- Boa Viagem",
        "bairro": "BOA VIAGEM",
        "municipality": "BOA VIAGEM",
        "faction": "PCC",
        "risk_score": 39.671,
        "score": 39.671,
        "region": "interior",
        "parent_area": "BOA VIAGEM",
        "parent_risk_score": 40.1,
        "parent_risk_level": "moderado",
        "parent_status": "MODERADO",
        "local_street_pressure": 7.417,
        "nearby_streets_count": 19,
        "nearby_streets": [
          "AREA SEM NOME",
          "BAIRRO NOSSA SENHORA DE FÁTIMA- BOA VIAGEM",
          "RUA PADRE ANTÔNIO CORREIA DE SÁ"
        ],
        "is_tactical": true,
        "generated_at": "2026-09-24T14:42:50.254860"
      },
      "geometry": {
        "type": "Point",
        "coordinates": [
          -39.72875031372549,
          -5.132062529411765
        ]
      }
    },
    {
      "type": "Feature",
      "properties": {
        "node_id": 122,
        "rank": 122,
        "name": "Ponte Nova",
        "bairro": "BOA VIAGEM",
        "municipality": "BOA VIAGEM",
        "faction": "PCC",
        "risk_score": 39.646,
        "score": 39.646,
        "region": "interior",
        "parent_area": "BOA VIAGEM",
        "parent_risk_score": 40.1,
        "parent_risk_level": "moderado",
        "parent_status": "MODERADO",
        "local_street_pressure": 7.672,
        "nearby_streets_count": 21,
        "nearby_streets": [
          "PONTE NOVA",
          "RUA FRANCISCO TIBIRÍÇA FAÇANHA",
          "RUA FRANCISCO CAMURÇA"
        ],
        "is_tactical": true,
        "generated_at": "2026-09-24T14:42:50.254860"
      },
      "geometry": {
        "type": "Point",
        "coordinates": [
          -39.740032437499984,
          -5.129059468749999
        ]
      }
    },
    {
      "type": "Feature",
      "properties": {
        "node_id": 123,
        "rank": 123,
        "name": "MULTIRÃO VELHO - RUSSAS",
        "bairro": "QUIXERE",
        "municipality": "RUSSAS",
        "faction": "PCC",
        "risk_score": 39.577,
        "score": 39.577,
        "region": "interior",
        "parent_area": "QUIXERE",
        "parent_risk_score": 44.7,
        "parent_risk_level": "moderado",
        "parent_status": "MODERADO",
        "local_street_pressure": 4.218,
        "nearby_streets_count": 10,
        "nearby_streets": [
          "MULTIRÃO VELHO - RUSSAS",
          "RUA JOÃO AFONSO",
          "TABULEIRO DO CATAVENTO - RUSSAS - CV"
        ],
        "is_tactical": true,
        "generated_at": "2026-09-24T14:42:50.254860"
      },
      "geometry": {
        "type": "Point",
        "coordinates": [
          -37.98406433333334,
          -4.921324944444445
        ]
      }
    },
    {
      "type": "Feature",
      "properties": {
        "node_id": 124,
        "rank": 124,
        "name": "FLORES - RUSSAS - PCC",
        "bairro": "LIMOEIRO DO NORTE",
        "municipality": "PCC",
        "faction": "PCC",
        "risk_score": 39.468,
        "score": 39.468,
        "region": "interior",
        "parent_area": "LIMOEIRO DO NORTE",
        "parent_risk_score": 44.7,
        "parent_risk_level": "moderado",
        "parent_status": "MODERADO",
        "local_street_pressure": 2.204,
        "nearby_streets_count": 5,
        "nearby_streets": [
          "TRAVESSA MANUEL JUNQUEIRA",
          "RUA JOSÉ ALVES MAIA",
          "FLORES - RUSSAS - PCC"
        ],
        "is_tactical": true,
        "generated_at": "2026-09-24T14:42:50.254860"
      },
      "geometry": {
        "type": "Point",
        "coordinates": [
          -38.06539577108434,
          -5.068339228915661
        ]
      }
    },
    {
      "type": "Feature",
      "properties": {
        "node_id": 125,
        "rank": 125,
        "name": "FAVELA DO AGACI - RUSSAS",
        "bairro": "QUIXERE",
        "municipality": "RUSSAS",
        "faction": "CV",
        "risk_score": 39.359,
        "score": 39.359,
        "region": "interior",
        "parent_area": "QUIXERE",
        "parent_risk_score": 44.7,
        "parent_risk_level": "moderado",
        "parent_status": "MODERADO",
        "local_street_pressure": 3.991,
        "nearby_streets_count": 8,
        "nearby_streets": [
          "RUA DO CONJUNTO HABITACIONAL BRASIL",
          "RUA ARISTÓTELES NOGUEIRA",
          "FAVELA DO AGACI - RUSSAS"
        ],
        "is_tactical": true,
        "generated_at": "2026-09-24T14:42:50.254860"
      },
      "geometry": {
        "type": "Point",
        "coordinates": [
          -37.98746761904762,
          -4.930411619047618
        ]
      }
    },
    {
      "type": "Feature",
      "properties": {
        "node_id": 126,
        "rank": 126,
        "name": "VILA MATOSO - RUSSAS",
        "bairro": "QUIXERE",
        "municipality": "RUSSAS",
        "faction": "CV",
        "risk_score": 39.256,
        "score": 39.256,
        "region": "interior",
        "parent_area": "QUIXERE",
        "parent_risk_score": 44.7,
        "parent_risk_level": "moderado",
        "parent_status": "MODERADO",
        "local_street_pressure": 3.073,
        "nearby_streets_count": 7,
        "nearby_streets": [
          "RUA MARIA CELESTINA DE MOURA",
          "VILA MATOSO - RUSSAS",
          "TRAVESSA AGOSTINHO GONÇALVES"
        ],
        "is_tactical": true,
        "generated_at": "2026-09-24T14:42:50.254860"
      },
      "geometry": {
        "type": "Point",
        "coordinates": [
          -37.965361227722774,
          -4.947636663366336
        ]
      }
    },
    {
      "type": "Feature",
      "properties": {
        "node_id": 127,
        "rank": 127,
        "name": "Tibiaquari",
        "bairro": "BOA VIAGEM",
        "municipality": "BOA VIAGEM",
        "faction": "PCC",
        "risk_score": 39.107,
        "score": 39.107,
        "region": "interior",
        "parent_area": "BOA VIAGEM",
        "parent_risk_score": 40.1,
        "parent_risk_level": "moderado",
        "parent_status": "MODERADO",
        "local_street_pressure": 7.1,
        "nearby_streets_count": 20,
        "nearby_streets": [
          "TIBIAQUARI",
          "BAIRRO JOSÉ ROSA",
          "RUA MONSENHOR JOSÉ CÂNDIDO"
        ],
        "is_tactical": true,
        "generated_at": "2026-09-24T14:42:50.254860"
      },
      "geometry": {
        "type": "Point",
        "coordinates": [
          -39.726969571428576,
          -5.126676857142856
        ]
      }
    },
    {
      "type": "Feature",
      "properties": {
        "node_id": 128,
        "rank": 128,
        "name": "Recreio- Boa Viagem",
        "bairro": "BOA VIAGEM",
        "municipality": "BOA VIAGEM",
        "faction": "PCC",
        "risk_score": 38.951,
        "score": 38.951,
        "region": "interior",
        "parent_area": "BOA VIAGEM",
        "parent_risk_score": 40.1,
        "parent_risk_level": "moderado",
        "parent_status": "MODERADO",
        "local_street_pressure": 6.745,
        "nearby_streets_count": 19,
        "nearby_streets": [
          "RUA RAIMUNDO DA CUNHA RAMOS",
          "RECREIO- BOA VIAGEM",
          "RUA EDSON TADEU ALBUQUERQUE"
        ],
        "is_tactical": true,
        "generated_at": "2026-09-24T14:42:50.254860"
      },
      "geometry": {
        "type": "Point",
        "coordinates": [
          -39.73134233333333,
          -5.116242488888888
        ]
      }
    },
    {
      "type": "Feature",
      "properties": {
        "node_id": 129,
        "rank": 129,
        "name": "CJ. NOSSA SENHORA DO ROSÁRIO, CDD - RUSSAS - CV",
        "bairro": "QUIXERE",
        "municipality": "CV",
        "faction": "PCC",
        "risk_score": 38.948,
        "score": 38.948,
        "region": "interior",
        "parent_area": "QUIXERE",
        "parent_risk_score": 44.7,
        "parent_risk_level": "moderado",
        "parent_status": "MODERADO",
        "local_street_pressure": 3.514,
        "nearby_streets_count": 10,
        "nearby_streets": [
          "CJ. NOSSA SENHORA DO ROSÁRIO, CDD - RUSSAS - CV",
          "RUA VEREADOR ORSETE LEÃO RIBEIRO",
          "ESTRADA PARA FRADE"
        ],
        "is_tactical": true,
        "generated_at": "2026-09-24T14:42:50.254860"
      },
      "geometry": {
        "type": "Point",
        "coordinates": [
          -37.978622095238094,
          -4.917745523809524
        ]
      }
    },
    {
      "type": "Feature",
      "properties": {
        "node_id": 130,
        "rank": 130,
        "name": "TABULEIRO DA VAQUEJADA -RUSSAS",
        "bairro": "QUIXERE",
        "municipality": "RUSSAS",
        "faction": "PCC",
        "risk_score": 38.873,
        "score": 38.873,
        "region": "interior",
        "parent_area": "QUIXERE",
        "parent_risk_score": 44.7,
        "parent_risk_level": "moderado",
        "parent_status": "MODERADO",
        "local_street_pressure": 3.244,
        "nearby_streets_count": 9,
        "nearby_streets": [
          "TABULEIRO DA VAQUEJADA -RUSSAS",
          "TABULEIRO DO CATAVENTO - RUSSAS - CV",
          "RUA SAMUEL FERNANDES RIBEIRO"
        ],
        "is_tactical": true,
        "generated_at": "2026-09-24T14:42:50.254860"
      },
      "geometry": {
        "type": "Point",
        "coordinates": [
          -37.983553699999995,
          -4.927011425000002
        ]
      }
    },
    {
      "type": "Feature",
      "properties": {
        "node_id": 131,
        "rank": 131,
        "name": "CONJUNTO GERARDO MATOSO - RUSSAS",
        "bairro": "QUIXERE",
        "municipality": "RUSSAS",
        "faction": "CV",
        "risk_score": 38.803,
        "score": 38.803,
        "region": "interior",
        "parent_area": "QUIXERE",
        "parent_risk_score": 44.7,
        "parent_risk_level": "moderado",
        "parent_status": "MODERADO",
        "local_street_pressure": 3.332,
        "nearby_streets_count": 9,
        "nearby_streets": [
          "CONJUNTO GERARDO MATOSO - RUSSAS",
          "PLANALTO DA BELA VISTA - RUSSAS",
          "FAVELA DO AGACI - RUSSAS"
        ],
        "is_tactical": true,
        "generated_at": "2026-09-24T14:42:50.254860"
      },
      "geometry": {
        "type": "Point",
        "coordinates": [
          -37.983341647058815,
          -4.932687205882353
        ]
      }
    },
    {
      "type": "Feature",
      "properties": {
        "node_id": 132,
        "rank": 132,
        "name": "IPIRANGA - RUSSAS",
        "bairro": "QUIXERE",
        "municipality": "RUSSAS",
        "faction": "CV",
        "risk_score": 38.699,
        "score": 38.699,
        "region": "interior",
        "parent_area": "QUIXERE",
        "parent_risk_score": 44.7,
        "parent_risk_level": "moderado",
        "parent_status": "MODERADO",
        "local_street_pressure": 2.364,
        "nearby_streets_count": 7,
        "nearby_streets": [
          "IPIRANGA - RUSSAS",
          "RUA AGOSTINHO CARLOS SANTIAGO",
          "CATUMBELA - RUSSAS"
        ],
        "is_tactical": true,
        "generated_at": "2026-09-24T14:42:50.254860"
      },
      "geometry": {
        "type": "Point",
        "coordinates": [
          -37.98395903252032,
          -4.947481276422764
        ]
      }
    },
    {
      "type": "Feature",
      "properties": {
        "node_id": 133,
        "rank": 133,
        "name": "NOSSA SENHORA DE FATIMA - RUSSAS - PCC",
        "bairro": "QUIXERE",
        "municipality": "PCC",
        "faction": "CV",
        "risk_score": 38.659,
        "score": 38.659,
        "region": "interior",
        "parent_area": "QUIXERE",
        "parent_risk_score": 44.7,
        "parent_risk_level": "moderado",
        "parent_status": "MODERADO",
        "local_street_pressure": 2.334,
        "nearby_streets_count": 7,
        "nearby_streets": [
          "NOSSA SENHORA DE FATIMA - RUSSAS - PCC",
          "SITIO GARÇAS - RUSSAS - PCC",
          "TRAVESSA VEREADOR JOEL CORRÊA LIMA"
        ],
        "is_tactical": true,
        "generated_at": "2026-09-24T14:42:50.254860"
      },
      "geometry": {
        "type": "Point",
        "coordinates": [
          -37.962739396551726,
          -4.938958439655173
        ]
      }
    },
    {
      "type": "Feature",
      "properties": {
        "node_id": 134,
        "rank": 134,
        "name": "Vila Holanda",
        "bairro": "BOA VIAGEM",
        "municipality": "BOA VIAGEM",
        "faction": "PCC",
        "risk_score": 38.41,
        "score": 38.41,
        "region": "interior",
        "parent_area": "BOA VIAGEM",
        "parent_risk_score": 40.1,
        "parent_risk_level": "moderado",
        "parent_status": "MODERADO",
        "local_street_pressure": 6.445,
        "nearby_streets_count": 18,
        "nearby_streets": [
          "VILA HOLANDA",
          "RUA ANTÔNIO ROCHA BEZERRA",
          "RUA FELISBELO VIÊIRA FREITAS"
        ],
        "is_tactical": true,
        "generated_at": "2026-09-24T14:42:50.254860"
      },
      "geometry": {
        "type": "Point",
        "coordinates": [
          -39.736831232558146,
          -5.135675534883721
        ]
      }
    },
    {
      "type": "Feature",
      "properties": {
        "node_id": 135,
        "rank": 135,
        "name": "PITOMBEIRA - RUSSAS",
        "bairro": "QUIXERE",
        "municipality": "RUSSAS",
        "faction": "CV",
        "risk_score": 38.218,
        "score": 38.218,
        "region": "interior",
        "parent_area": "QUIXERE",
        "parent_risk_score": 44.7,
        "parent_risk_level": "moderado",
        "parent_status": "MODERADO",
        "local_street_pressure": 0.946,
        "nearby_streets_count": 2,
        "nearby_streets": [
          "PITOMBEIRA - RUSSAS",
          "ESTRADA POÇO DO BOI"
        ],
        "is_tactical": true,
        "generated_at": "2026-09-24T14:42:50.254860"
      },
      "geometry": {
        "type": "Point",
        "coordinates": [
          -37.9911094054054,
          -4.960164531531533
        ]
      }
    },
    {
      "type": "Feature",
      "properties": {
        "node_id": 136,
        "rank": 136,
        "name": "Bairro José Rosa",
        "bairro": "BOA VIAGEM",
        "municipality": "BOA VIAGEM",
        "faction": "PCC",
        "risk_score": 38.005,
        "score": 38.005,
        "region": "interior",
        "parent_area": "BOA VIAGEM",
        "parent_risk_score": 40.1,
        "parent_risk_level": "moderado",
        "parent_status": "MODERADO",
        "local_street_pressure": 5.918,
        "nearby_streets_count": 17,
        "nearby_streets": [
          "BAIRRO JOSÉ ROSA",
          "TIBIAQUARI",
          "RUA JOSÉ DE QUEIRÓS SAMPAIO"
        ],
        "is_tactical": true,
        "generated_at": "2026-09-24T14:42:50.254860"
      },
      "geometry": {
        "type": "Point",
        "coordinates": [
          -39.72586939285715,
          -5.122820535714287
        ]
      }
    },
    {
      "type": "Feature",
      "properties": {
        "node_id": 137,
        "rank": 137,
        "name": "Peixe - Russas",
        "bairro": "RUSSAS",
        "municipality": "RUSSAS",
        "faction": "PCC",
        "risk_score": 37.994,
        "score": 37.994,
        "region": "interior",
        "parent_area": "RUSSAS",
        "parent_risk_score": 44.7,
        "parent_risk_level": "moderado",
        "parent_status": "MODERADO",
        "local_street_pressure": 2.426,
        "nearby_streets_count": 3,
        "nearby_streets": [
          "PEIXE - RUSSAS - PCC",
          "PEIXE - RUSSAS",
          "TRAVESSA RAIMUNDO FERREIRA DE FREITAS"
        ],
        "is_tactical": true,
        "generated_at": "2026-09-24T14:42:50.254860"
      },
      "geometry": {
        "type": "Point",
        "coordinates": [
          -38.08968505882353,
          -4.925791352941177
        ]
      }
    },
    {
      "type": "Feature",
      "properties": {
        "node_id": 138,
        "rank": 138,
        "name": "Alto do Bernardo",
        "bairro": "ITAPAJÉ",
        "municipality": "ITAPAJE",
        "faction": "CV",
        "risk_score": 37.935,
        "score": 37.935,
        "region": "interior",
        "parent_area": "ITAPAJÉ",
        "parent_risk_score": 31.6,
        "parent_risk_level": "moderado",
        "parent_status": "MODERADO",
        "local_street_pressure": 12.263,
        "nearby_streets_count": 31,
        "nearby_streets": [
          "ALTO DO BERNARDO",
          "RUA ALBERTO COELHO",
          "RUA JESUINO P. DE MESQUITA"
        ],
        "is_tactical": true,
        "generated_at": "2026-09-24T14:42:50.254860"
      },
      "geometry": {
        "type": "Point",
        "coordinates": [
          -39.5904940967742,
          -3.681352677419355
        ]
      }
    },
    {
      "type": "Feature",
      "properties": {
        "node_id": 139,
        "rank": 139,
        "name": "BARREIRAS - RUSSAS",
        "bairro": "QUIXERE",
        "municipality": "RUSSAS",
        "faction": "CV",
        "risk_score": 37.863,
        "score": 37.863,
        "region": "interior",
        "parent_area": "QUIXERE",
        "parent_risk_score": 44.7,
        "parent_risk_level": "moderado",
        "parent_status": "MODERADO",
        "local_street_pressure": 2.452,
        "nearby_streets_count": 6,
        "nearby_streets": [
          "BARREIRAS - RUSSAS",
          "FAVELA DO AGACI - RUSSAS",
          "RUA ARISTÓTELES NOGUEIRA"
        ],
        "is_tactical": true,
        "generated_at": "2026-09-24T14:42:50.254860"
      },
      "geometry": {
        "type": "Point",
        "coordinates": [
          -37.990805156250005,
          -4.93108290625
        ]
      }
    },
    {
      "type": "Feature",
      "properties": {
        "node_id": 140,
        "rank": 140,
        "name": "CIDADE UNIVERSITÁRIA - RUSSAS",
        "bairro": "QUIXERE",
        "municipality": "RUSSAS",
        "faction": "CV",
        "risk_score": 37.508,
        "score": 37.508,
        "region": "interior",
        "parent_area": "QUIXERE",
        "parent_risk_score": 44.7,
        "parent_risk_level": "moderado",
        "parent_status": "MODERADO",
        "local_street_pressure": 1.936,
        "nearby_streets_count": 6,
        "nearby_streets": [
          "CIDADE UNIVERSITÁRIA - RUSSAS",
          "TRAVESSA CORONEL JOSÉ VIÊIRA",
          "RUA PADRE RAUL VIÊIRA"
        ],
        "is_tactical": true,
        "generated_at": "2026-09-24T14:42:50.254860"
      },
      "geometry": {
        "type": "Point",
        "coordinates": [
          -37.975623,
          -4.946455637681161
        ]
      }
    },
    {
      "type": "Feature",
      "properties": {
        "node_id": 141,
        "rank": 141,
        "name": "Comunidade São Francisco - Itapajé",
        "bairro": "ITAPAJÉ",
        "municipality": "ITAPAJE",
        "faction": "CV",
        "risk_score": 37.498,
        "score": 37.498,
        "region": "interior",
        "parent_area": "ITAPAJÉ",
        "parent_risk_score": 31.6,
        "parent_risk_level": "moderado",
        "parent_status": "MODERADO",
        "local_street_pressure": 11.856,
        "nearby_streets_count": 27,
        "nearby_streets": [
          "COMUNIDADE SÃO FRANCISCO - ITAPAJÉ",
          "RUA TARCILA CARNEIRO SARAIVA",
          "TRAVESSA ASSIS BASTOS"
        ],
        "is_tactical": true,
        "generated_at": "2026-09-24T14:42:50.254860"
      },
      "geometry": {
        "type": "Point",
        "coordinates": [
          -39.58936146428571,
          -3.684116642857144
        ]
      }
    },
    {
      "type": "Feature",
      "properties": {
        "node_id": 142,
        "rank": 142,
        "name": "AEROPORTO - RUSSAS",
        "bairro": "QUIXERE",
        "municipality": "RUSSAS",
        "faction": "CV",
        "risk_score": 37.463,
        "score": 37.463,
        "region": "interior",
        "parent_area": "QUIXERE",
        "parent_risk_score": 44.7,
        "parent_risk_level": "moderado",
        "parent_status": "MODERADO",
        "local_street_pressure": 2.001,
        "nearby_streets_count": 5,
        "nearby_streets": [
          "CE-522",
          "AEROPORTO - RUSSAS",
          "ALTO SÃO JOÃO - RUSSAS"
        ],
        "is_tactical": true,
        "generated_at": "2026-09-24T14:42:50.254860"
      },
      "geometry": {
        "type": "Point",
        "coordinates": [
          -38.002253057471265,
          -4.944089206896553
        ]
      }
    },
    {
      "type": "Feature",
      "properties": {
        "node_id": 143,
        "rank": 143,
        "name": "ALTO SÃO JOÃO - RUSSAS",
        "bairro": "QUIXERE",
        "municipality": "RUSSAS",
        "faction": "CV",
        "risk_score": 37.433,
        "score": 37.433,
        "region": "interior",
        "parent_area": "QUIXERE",
        "parent_risk_score": 44.7,
        "parent_risk_level": "moderado",
        "parent_status": "MODERADO",
        "local_street_pressure": 1.79,
        "nearby_streets_count": 4,
        "nearby_streets": [
          "RUA HERMÍNIO DE OLIVEIRA BRITO",
          "ALTO SÃO JOÃO - RUSSAS",
          "TRAVESSA DA CHESF"
        ],
        "is_tactical": true,
        "generated_at": "2026-09-24T14:42:50.254860"
      },
      "geometry": {
        "type": "Point",
        "coordinates": [
          -37.996086509803916,
          -4.942077803921569
        ]
      }
    },
    {
      "type": "Feature",
      "properties": {
        "node_id": 144,
        "rank": 144,
        "name": "RAMAL DE FLORES - RUSSAS - PCC",
        "bairro": "LIMOEIRO DO NORTE",
        "municipality": "PCC",
        "faction": "PCC",
        "risk_score": 37.426,
        "score": 37.426,
        "region": "interior",
        "parent_area": "LIMOEIRO DO NORTE",
        "parent_risk_score": 44.7,
        "parent_risk_level": "moderado",
        "parent_status": "MODERADO",
        "local_street_pressure": 1.174,
        "nearby_streets_count": 3,
        "nearby_streets": [
          "RAMAL DE FLORES - RUSSAS - PCC",
          "TRAVESSA FRANCISCO ANTÔNIO",
          "RUA DOIS IRMÃOS"
        ],
        "is_tactical": true,
        "generated_at": "2026-09-24T14:42:50.254860"
      },
      "geometry": {
        "type": "Point",
        "coordinates": [
          -38.07556326771655,
          -5.05932151968504
        ]
      }
    },
    {
      "type": "Feature",
      "properties": {
        "node_id": 145,
        "rank": 145,
        "name": "ALTO DO VELAME - RUSSAS",
        "bairro": "QUIXERE",
        "municipality": "RUSSAS",
        "faction": "CV",
        "risk_score": 37.395,
        "score": 37.395,
        "region": "interior",
        "parent_area": "QUIXERE",
        "parent_risk_score": 44.7,
        "parent_risk_level": "moderado",
        "parent_status": "MODERADO",
        "local_street_pressure": 1.726,
        "nearby_streets_count": 3,
        "nearby_streets": [
          "ALTO DO VELAME - RUSSAS",
          "RUA FELIPE SANTIAGO",
          "RUA ALTO DO VELAME"
        ],
        "is_tactical": true,
        "generated_at": "2026-09-24T14:42:50.254860"
      },
      "geometry": {
        "type": "Point",
        "coordinates": [
          -37.976010579710135,
          -4.955164681159422
        ]
      }
    },
    {
      "type": "Feature",
      "properties": {
        "node_id": 146,
        "rank": 146,
        "name": "PEIXE - RUSSAS - PCC",
        "bairro": "RUSSAS",
        "municipality": "PCC",
        "faction": "PCC",
        "risk_score": 37.365,
        "score": 37.365,
        "region": "interior",
        "parent_area": "RUSSAS",
        "parent_risk_score": 44.7,
        "parent_risk_level": "moderado",
        "parent_status": "MODERADO",
        "local_street_pressure": 1.494,
        "nearby_streets_count": 3,
        "nearby_streets": [
          "TRAVESSA RAIMUNDO FERREIRA DE FREITAS",
          "PEIXE - RUSSAS - PCC",
          "PEIXE - RUSSAS"
        ],
        "is_tactical": true,
        "generated_at": "2026-09-24T14:42:50.254860"
      },
      "geometry": {
        "type": "Point",
        "coordinates": [
          -38.08785828813553,
          -4.922848347457627
        ]
      }
    },
    {
      "type": "Feature",
      "properties": {
        "node_id": 147,
        "rank": 147,
        "name": "SITIO CANTO - RUSSAS",
        "bairro": "QUIXERE",
        "municipality": "RUSSAS",
        "faction": "PCC",
        "risk_score": 37.364,
        "score": 37.364,
        "region": "interior",
        "parent_area": "QUIXERE",
        "parent_risk_score": 44.7,
        "parent_risk_level": "moderado",
        "parent_status": "MODERADO",
        "local_street_pressure": 1.71,
        "nearby_streets_count": 2,
        "nearby_streets": [
          "SITIO CANTO",
          "SITIO CANTO - RUSSAS"
        ],
        "is_tactical": true,
        "generated_at": "2026-09-24T14:42:50.254860"
      },
      "geometry": {
        "type": "Point",
        "coordinates": [
          -38.02220749112428,
          -4.987135136094675
        ]
      }
    },
    {
      "type": "Feature",
      "properties": {
        "node_id": 148,
        "rank": 148,
        "name": "RUSSAS - MIGUEL PEREIRA - PCC",
        "bairro": "LIMOEIRO DO NORTE",
        "municipality": "PCC",
        "faction": "PCC",
        "risk_score": 37.323,
        "score": 37.323,
        "region": "interior",
        "parent_area": "LIMOEIRO DO NORTE",
        "parent_risk_score": 44.7,
        "parent_risk_level": "moderado",
        "parent_status": "MODERADO",
        "local_street_pressure": 0.62,
        "nearby_streets_count": 2,
        "nearby_streets": [
          "VILA MIGUEL PEREIRA",
          "RUSSAS - MIGUEL PEREIRA - PCC"
        ],
        "is_tactical": true,
        "generated_at": "2026-09-24T14:42:50.254860"
      },
      "geometry": {
        "type": "Point",
        "coordinates": [
          -38.05053979661018,
          -5.04619854237288
        ]
      }
    },
    {
      "type": "Feature",
      "properties": {
        "node_id": 149,
        "rank": 149,
        "name": "JARDIM DE SÃO JOSÉ - RUSSAS",
        "bairro": "LIMOEIRO DO NORTE",
        "municipality": "RUSSAS",
        "faction": "PCC",
        "risk_score": 37.32,
        "score": 37.32,
        "region": "interior",
        "parent_area": "LIMOEIRO DO NORTE",
        "parent_risk_score": 44.7,
        "parent_risk_level": "moderado",
        "parent_status": "MODERADO",
        "local_street_pressure": 0.475,
        "nearby_streets_count": 1,
        "nearby_streets": [
          "JARDIM DE SÃO JOSÉ - RUSSAS"
        ],
        "is_tactical": true,
        "generated_at": "2026-09-24T14:42:50.254860"
      },
      "geometry": {
        "type": "Point",
        "coordinates": [
          -38.04626947887324,
          -5.011389183098593
        ]
      }
    },
    {
      "type": "Feature",
      "properties": {
        "node_id": 150,
        "rank": 150,
        "name": "MIGUEL PEREIRA DO MAURO - RUSSAS  - PCC",
        "bairro": "LIMOEIRO DO NORTE",
        "municipality": "PCC",
        "faction": "PCC",
        "risk_score": 37.269,
        "score": 37.269,
        "region": "interior",
        "parent_area": "LIMOEIRO DO NORTE",
        "parent_risk_score": 44.7,
        "parent_risk_level": "moderado",
        "parent_status": "MODERADO",
        "local_street_pressure": 1.06,
        "nearby_streets_count": 2,
        "nearby_streets": [
          "MIGUEL PEREIRA DO MAURO - RUSSAS  - PCC",
          "ESTRADA JARDIM AO MIGUEL PEREIRA"
        ],
        "is_tactical": true,
        "generated_at": "2026-09-24T14:42:50.254860"
      },
      "geometry": {
        "type": "Point",
        "coordinates": [
          -38.063511720000015,
          -5.043986666666668
        ]
      }
    },
    {
      "type": "Feature",
      "properties": {
        "node_id": 151,
        "rank": 151,
        "name": "PLACAS - RUSSAS",
        "bairro": "QUIXERE",
        "municipality": "RUSSAS",
        "faction": "CV",
        "risk_score": 37.087,
        "score": 37.087,
        "region": "interior",
        "parent_area": "QUIXERE",
        "parent_risk_score": 44.7,
        "parent_risk_level": "moderado",
        "parent_status": "MODERADO",
        "local_street_pressure": 1.504,
        "nearby_streets_count": 3,
        "nearby_streets": [
          "PLACAS - RUSSAS",
          "RUA ALEXANDRE MARREIRO",
          "ESTRADA POÇO DO BOI"
        ],
        "is_tactical": true,
        "generated_at": "2026-09-24T14:42:50.254860"
      },
      "geometry": {
        "type": "Point",
        "coordinates": [
          -37.99741577777778,
          -4.954677599999999
        ]
      }
    },
    {
      "type": "Feature",
      "properties": {
        "node_id": 152,
        "rank": 152,
        "name": "SITIO GARÇAS - RUSSAS - PCC",
        "bairro": "QUIXERE",
        "municipality": "PCC",
        "faction": "CV",
        "risk_score": 37.032,
        "score": 37.032,
        "region": "interior",
        "parent_area": "QUIXERE",
        "parent_risk_score": 44.7,
        "parent_risk_level": "moderado",
        "parent_status": "MODERADO",
        "local_street_pressure": 1.543,
        "nearby_streets_count": 4,
        "nearby_streets": [
          "SITIO GARÇAS - RUSSAS - PCC",
          "AVENIDA GONÇALVES",
          "NOSSA SENHORA DE FATIMA - RUSSAS - PCC"
        ],
        "is_tactical": true,
        "generated_at": "2026-09-24T14:42:50.254860"
      },
      "geometry": {
        "type": "Point",
        "coordinates": [
          -37.960301022222225,
          -4.942605
        ]
      }
    },
    {
      "type": "Feature",
      "properties": {
        "node_id": 153,
        "rank": 153,
        "name": "POÇO REDONDO - RUSSAS - PCC",
        "bairro": "QUIXERE",
        "municipality": "PCC",
        "faction": "CV",
        "risk_score": 36.964,
        "score": 36.964,
        "region": "interior",
        "parent_area": "QUIXERE",
        "parent_risk_score": 44.7,
        "parent_risk_level": "moderado",
        "parent_status": "MODERADO",
        "local_street_pressure": 1.244,
        "nearby_streets_count": 3,
        "nearby_streets": [
          "POÇO REDONDO - RUSSAS - PCC",
          "VILA DOS CARNEIRO - RUSSAS - PCC",
          "IPEPACUNHA - RUSSAS"
        ],
        "is_tactical": true,
        "generated_at": "2026-09-24T14:42:50.254860"
      },
      "geometry": {
        "type": "Point",
        "coordinates": [
          -37.94990885263159,
          -4.933327715789474
        ]
      }
    },
    {
      "type": "Feature",
      "properties": {
        "node_id": 154,
        "rank": 154,
        "name": "Carnaúba - Itapajé",
        "bairro": "ITAPAJÉ",
        "municipality": "ITAPAJE",
        "faction": "CV",
        "risk_score": 36.852,
        "score": 36.852,
        "region": "interior",
        "parent_area": "ITAPAJÉ",
        "parent_risk_score": 31.6,
        "parent_risk_level": "moderado",
        "parent_status": "MODERADO",
        "local_street_pressure": 10.915,
        "nearby_streets_count": 29,
        "nearby_streets": [
          "CARNAÚBA - ITAPAJÉ",
          "RUA JOÃO DA SILVA MOTA",
          "RUA MANOEL PINTO"
        ],
        "is_tactical": true,
        "generated_at": "2026-09-24T14:42:50.254860"
      },
      "geometry": {
        "type": "Point",
        "coordinates": [
          -39.58377711666666,
          -3.6790391666666666
        ]
      }
    },
    {
      "type": "Feature",
      "properties": {
        "node_id": 155,
        "rank": 155,
        "name": "BOM SUCESSO - RUSSAS -  CV",
        "bairro": "QUIXERE",
        "municipality": "CV",
        "faction": "CV",
        "risk_score": 36.736,
        "score": 36.736,
        "region": "interior",
        "parent_area": "QUIXERE",
        "parent_risk_score": 44.7,
        "parent_risk_level": "moderado",
        "parent_status": "MODERADO",
        "local_street_pressure": 0.949,
        "nearby_streets_count": 2,
        "nearby_streets": [
          "BOM SUCESSO - RUSSAS -  CV",
          "IPEPACUNHA - RUSSAS"
        ],
        "is_tactical": true,
        "generated_at": "2026-09-24T14:42:50.254860"
      },
      "geometry": {
        "type": "Point",
        "coordinates": [
          -37.95006694339623,
          -4.923936820754716
        ]
      }
    },
    {
      "type": "Feature",
      "properties": {
        "node_id": 156,
        "rank": 156,
        "name": "VILA RAMALHO - RUSSAS - PCC",
        "bairro": "QUIXERE",
        "municipality": "PCC",
        "faction": "PCC",
        "risk_score": 36.659,
        "score": 36.659,
        "region": "interior",
        "parent_area": "QUIXERE",
        "parent_risk_score": 44.7,
        "parent_risk_level": "moderado",
        "parent_status": "MODERADO",
        "local_street_pressure": 0.783,
        "nearby_streets_count": 2,
        "nearby_streets": [
          "RUA FRANCISCO SÉRGIO REBOUÇAS",
          "VILA RAMALHO - RUSSAS - PCC"
        ],
        "is_tactical": true,
        "generated_at": "2026-09-24T14:42:50.254860"
      },
      "geometry": {
        "type": "Point",
        "coordinates": [
          -37.95963210447759,
          -4.9309377761194035
        ]
      }
    },
    {
      "type": "Feature",
      "properties": {
        "node_id": 157,
        "rank": 157,
        "name": "IPEPACUNHA - RUSSAS",
        "bairro": "QUIXERE",
        "municipality": "RUSSAS",
        "faction": "CV",
        "risk_score": 36.519,
        "score": 36.519,
        "region": "interior",
        "parent_area": "QUIXERE",
        "parent_risk_score": 44.7,
        "parent_risk_level": "moderado",
        "parent_status": "MODERADO",
        "local_street_pressure": 0.575,
        "nearby_streets_count": 2,
        "nearby_streets": [
          "IPEPACUNHA - RUSSAS",
          "SITIO IPEPACONHA"
        ],
        "is_tactical": true,
        "generated_at": "2026-09-24T14:42:50.254860"
      },
      "geometry": {
        "type": "Point",
        "coordinates": [
          -37.94033400471697,
          -4.927742009433965
        ]
      }
    },
    {
      "type": "Feature",
      "properties": {
        "node_id": 158,
        "rank": 158,
        "name": "VILA DOS CARNEIRO - RUSSAS - PCC",
        "bairro": "QUIXERE",
        "municipality": "PCC",
        "faction": "CV",
        "risk_score": 36.448,
        "score": 36.448,
        "region": "interior",
        "parent_area": "QUIXERE",
        "parent_risk_score": 44.7,
        "parent_risk_level": "moderado",
        "parent_status": "MODERADO",
        "local_street_pressure": 0.855,
        "nearby_streets_count": 2,
        "nearby_streets": [
          "VILA DOS CARNEIRO - RUSSAS - PCC",
          "POÇO REDONDO - RUSSAS - PCC"
        ],
        "is_tactical": true,
        "generated_at": "2026-09-24T14:42:50.254860"
      },
      "geometry": {
        "type": "Point",
        "coordinates": [
          -37.94912051136364,
          -4.937307602272727
        ]
      }
    },
    {
      "type": "Feature",
      "properties": {
        "node_id": 159,
        "rank": 159,
        "name": "RUSSAS - CAPIM GROSSO - BONHU - PCC",
        "bairro": "RUSSAS",
        "municipality": "PCC",
        "faction": "PCC",
        "risk_score": 36.34,
        "score": 36.34,
        "region": "interior",
        "parent_area": "RUSSAS",
        "parent_risk_score": 44.7,
        "parent_risk_level": "moderado",
        "parent_status": "MODERADO",
        "local_street_pressure": 0.282,
        "nearby_streets_count": 1,
        "nearby_streets": [
          "RUSSAS - CAPIM GROSSO - BONHU - PCC"
        ],
        "is_tactical": true,
        "generated_at": "2026-09-24T14:42:50.254860"
      },
      "geometry": {
        "type": "Point",
        "coordinates": [
          -38.22866372959183,
          -4.872710678571431
        ]
      }
    },
    {
      "type": "Feature",
      "properties": {
        "node_id": 160,
        "rank": 160,
        "name": "Sítio Canto - Russas",
        "bairro": "QUIXERE",
        "municipality": "Russas",
        "faction": "PCC",
        "risk_score": 36.313,
        "score": 36.313,
        "region": "interior",
        "parent_area": "QUIXERE",
        "parent_risk_score": 44.7,
        "parent_risk_level": "moderado",
        "parent_status": "MODERADO",
        "local_street_pressure": 0.525,
        "nearby_streets_count": 1,
        "nearby_streets": [
          "SÍTIO CANTO - RUSSAS"
        ],
        "is_tactical": true,
        "generated_at": "2026-09-24T14:42:50.254860"
      },
      "geometry": {
        "type": "Point",
        "coordinates": [
          -38.01613996153846,
          -4.97665573076923
        ]
      }
    },
    {
      "type": "Feature",
      "properties": {
        "node_id": 161,
        "rank": 161,
        "name": "MELÂNCIAS - RUSSAS - PCC",
        "bairro": "QUIXERE",
        "municipality": "PCC",
        "faction": "PCC",
        "risk_score": 36.041,
        "score": 36.041,
        "region": "interior",
        "parent_area": "QUIXERE",
        "parent_risk_score": 44.7,
        "parent_risk_level": "moderado",
        "parent_status": "MODERADO",
        "local_street_pressure": 0.395,
        "nearby_streets_count": 1,
        "nearby_streets": [
          "MELÂNCIAS - RUSSAS - PCC"
        ],
        "is_tactical": true,
        "generated_at": "2026-09-24T14:42:50.254860"
      },
      "geometry": {
        "type": "Point",
        "coordinates": [
          -37.901671442477884,
          -4.933208318584072
        ]
      }
    },
    {
      "type": "Feature",
      "properties": {
        "node_id": 162,
        "rank": 162,
        "name": "Padre Lima",
        "bairro": "ITAPAJÉ",
        "municipality": "ITAPAJE",
        "faction": "CV",
        "risk_score": 35.78,
        "score": 35.78,
        "region": "interior",
        "parent_area": "ITAPAJÉ",
        "parent_risk_score": 31.6,
        "parent_risk_level": "moderado",
        "parent_status": "MODERADO",
        "local_street_pressure": 10.049,
        "nearby_streets_count": 30,
        "nearby_streets": [
          "RUA SALES NETO",
          "ALTO DO BERNARDO",
          "RUA TEREZA MAGALHÃES"
        ],
        "is_tactical": true,
        "generated_at": "2026-09-24T14:42:50.254860"
      },
      "geometry": {
        "type": "Point",
        "coordinates": [
          -39.590193500000005,
          -3.6778966250000007
        ]
      }
    },
    {
      "type": "Feature",
      "properties": {
        "node_id": 163,
        "rank": 163,
        "name": "Bela Vista- Itapajé",
        "bairro": "ITAPAJÉ",
        "municipality": "ITAPAJE",
        "faction": "CV",
        "risk_score": 35.252,
        "score": 35.252,
        "region": "interior",
        "parent_area": "ITAPAJÉ",
        "parent_risk_score": 31.6,
        "parent_risk_level": "moderado",
        "parent_status": "MODERADO",
        "local_street_pressure": 9.378,
        "nearby_streets_count": 25,
        "nearby_streets": [
          "BELA VISTA- ITAPAJÉ",
          "RUA MARIA APARECIDA LIMA BARBOSA",
          "RUA OLÁVO CAVALCANTE"
        ],
        "is_tactical": true,
        "generated_at": "2026-09-24T14:42:50.254860"
      },
      "geometry": {
        "type": "Point",
        "coordinates": [
          -39.580755450980384,
          -3.681636921568627
        ]
      }
    },
    {
      "type": "Feature",
      "properties": {
        "node_id": 164,
        "rank": 164,
        "name": "Bairro Oséas Facundo",
        "bairro": "BOA VIAGEM",
        "municipality": "BOA VIAGEM",
        "faction": "PCC",
        "risk_score": 34.993,
        "score": 34.993,
        "region": "interior",
        "parent_area": "BOA VIAGEM",
        "parent_risk_score": 40.1,
        "parent_risk_level": "moderado",
        "parent_status": "MODERADO",
        "local_street_pressure": 2.916,
        "nearby_streets_count": 8,
        "nearby_streets": [
          "BAIRRO OSÉAS FACUNDO",
          "BAIRRO NOSSA SENHORA DE FÁTIMA- BOA VIAGEM",
          "AREA SEM NOME"
        ],
        "is_tactical": true,
        "generated_at": "2026-09-24T14:42:50.254860"
      },
      "geometry": {
        "type": "Point",
        "coordinates": [
          -39.72080481818181,
          -5.133053727272727
        ]
      }
    },
    {
      "type": "Feature",
      "properties": {
        "node_id": 165,
        "rank": 165,
        "name": "Comunidade Do Avante",
        "bairro": "ITAPIPOCA",
        "municipality": "ITAPIPOCA",
        "faction": "PCC",
        "risk_score": 34.855,
        "score": 34.855,
        "region": "interior",
        "parent_area": "ITAPIPOCA",
        "parent_risk_score": 32.7,
        "parent_risk_level": "moderado",
        "parent_status": "MODERADO",
        "local_street_pressure": 8.284,
        "nearby_streets_count": 25,
        "nearby_streets": [
          "COMUNIDADE DO AVANTE",
          "RUA FIRMINO MARTINS",
          "COMUNIDADE DO CANAL"
        ],
        "is_tactical": true,
        "generated_at": "2026-09-24T14:42:50.254860"
      },
      "geometry": {
        "type": "Point",
        "coordinates": [
          -39.58203376,
          -3.4914496800000006
        ]
      }
    },
    {
      "type": "Feature",
      "properties": {
        "node_id": 166,
        "rank": 166,
        "name": "Fazendinha",
        "bairro": "ITAPIPOCA",
        "municipality": "ITAPIPOCA",
        "faction": "PCC",
        "risk_score": 34.792,
        "score": 34.792,
        "region": "interior",
        "parent_area": "ITAPIPOCA",
        "parent_risk_score": 32.7,
        "parent_risk_level": "moderado",
        "parent_status": "MODERADO",
        "local_street_pressure": 8.244,
        "nearby_streets_count": 25,
        "nearby_streets": [
          "FAZENDINHA",
          "ALTO ALEGRE - ITAPIPOCA",
          "RUA CAPITÃO MANOEL ALVES"
        ],
        "is_tactical": true,
        "generated_at": "2026-09-24T14:42:50.254860"
      },
      "geometry": {
        "type": "Point",
        "coordinates": [
          -39.58913616666667,
          -3.4977213333333332
        ]
      }
    },
    {
      "type": "Feature",
      "properties": {
        "node_id": 167,
        "rank": 167,
        "name": "Bairro do Cruzeiro",
        "bairro": "ITAPAJÉ",
        "municipality": "ITAPAJE",
        "faction": "PCC",
        "risk_score": 34.601,
        "score": 34.601,
        "region": "interior",
        "parent_area": "ITAPAJÉ",
        "parent_risk_score": 31.6,
        "parent_risk_level": "moderado",
        "parent_status": "MODERADO",
        "local_street_pressure": 8.842,
        "nearby_streets_count": 21,
        "nearby_streets": [
          "BAIRRO DO CRUZEIRO",
          "RUA JANDIRA BASTOS MAGALHÃES",
          "RUA PENHA MESQUITA"
        ],
        "is_tactical": true,
        "generated_at": "2026-09-24T14:42:50.254860"
      },
      "geometry": {
        "type": "Point",
        "coordinates": [
          -39.588095,
          -3.6878160769230766
        ]
      }
    },
    {
      "type": "Feature",
      "properties": {
        "node_id": 168,
        "rank": 168,
        "name": "Comunidade Do Canal",
        "bairro": "ITAPIPOCA",
        "municipality": "ITAPIPOCA",
        "faction": "PCC",
        "risk_score": 34.064,
        "score": 34.064,
        "region": "interior",
        "parent_area": "ITAPIPOCA",
        "parent_risk_score": 32.7,
        "parent_risk_level": "moderado",
        "parent_status": "MODERADO",
        "local_street_pressure": 7.399,
        "nearby_streets_count": 24,
        "nearby_streets": [
          "COMUNIDADE DO CANAL",
          "TRAVESSA MAJOR ANTÔNIO RODRIGUES TEIXEIRA",
          "RUA MAJOR ANTÔNIO RODRIGUES"
        ],
        "is_tactical": true,
        "generated_at": "2026-09-24T14:42:50.254860"
      },
      "geometry": {
        "type": "Point",
        "coordinates": [
          -39.58598761111111,
          -3.489281583333333
        ]
      }
    },
    {
      "type": "Feature",
      "properties": {
        "node_id": 169,
        "rank": 169,
        "name": "Piçarra",
        "bairro": "ITAPAJÉ",
        "municipality": "ITAPAJE",
        "faction": "CV",
        "risk_score": 33.013,
        "score": 33.013,
        "region": "interior",
        "parent_area": "ITAPAJÉ",
        "parent_risk_score": 31.6,
        "parent_risk_level": "moderado",
        "parent_status": "MODERADO",
        "local_street_pressure": 7.131,
        "nearby_streets_count": 19,
        "nearby_streets": [
          "RUA PENHA MESQUITA",
          "RUA JANDIRA BASTOS MAGALHÃES",
          "PIÇARRA"
        ],
        "is_tactical": true,
        "generated_at": "2026-09-24T14:42:50.254860"
      },
      "geometry": {
        "type": "Point",
        "coordinates": [
          -39.58877145714287,
          -3.6902896857142853
        ]
      }
    },
    {
      "type": "Feature",
      "properties": {
        "node_id": 170,
        "rank": 170,
        "name": "Ladeira",
        "bairro": "ITAPIPOCA",
        "municipality": "ITAPIPOCA",
        "faction": "PCC",
        "risk_score": 32.84,
        "score": 32.84,
        "region": "interior",
        "parent_area": "ITAPIPOCA",
        "parent_risk_score": 32.7,
        "parent_risk_level": "moderado",
        "parent_status": "MODERADO",
        "local_street_pressure": 6.002,
        "nearby_streets_count": 16,
        "nearby_streets": [
          "LADEIRA",
          "RUA MARIA VIDAL DOS SANTOS",
          "RUA CHICO DE SOUSA"
        ],
        "is_tactical": true,
        "generated_at": "2026-09-24T14:42:50.254860"
      },
      "geometry": {
        "type": "Point",
        "coordinates": [
          -39.58398986666667,
          -3.5081383999999995
        ]
      }
    },
    {
      "type": "Feature",
      "properties": {
        "node_id": 171,
        "rank": 171,
        "name": "Pau Ferrado",
        "bairro": "ITAPAJÉ",
        "municipality": "ITAPAJE",
        "faction": "CV",
        "risk_score": 32.369,
        "score": 32.369,
        "region": "interior",
        "parent_area": "ITAPAJÉ",
        "parent_risk_score": 31.6,
        "parent_risk_level": "moderado",
        "parent_status": "MODERADO",
        "local_street_pressure": 6.533,
        "nearby_streets_count": 17,
        "nearby_streets": [
          "PAU FERRADO",
          "RUA GEORGINA GONÇALVES DAS CHAGAS",
          "RUA PEDRO FIRMO DE MESQUITA"
        ],
        "is_tactical": true,
        "generated_at": "2026-09-24T14:42:50.254860"
      },
      "geometry": {
        "type": "Point",
        "coordinates": [
          -39.59621002941177,
          -3.6772114411764716
        ]
      }
    },
    {
      "type": "Feature",
      "properties": {
        "node_id": 172,
        "rank": 172,
        "name": "Novo America",
        "bairro": "ITAPIPOCA",
        "municipality": "ITAPIPOCA",
        "faction": "PCC",
        "risk_score": 31.949,
        "score": 31.949,
        "region": "interior",
        "parent_area": "ITAPIPOCA",
        "parent_risk_score": 32.7,
        "parent_risk_level": "moderado",
        "parent_status": "MODERADO",
        "local_street_pressure": 5.283,
        "nearby_streets_count": 14,
        "nearby_streets": [
          "NOVO AMERICA",
          "NOVA ALDEOTA",
          "TRAVESSA JOAQUIM TABOSA BRAGA II"
        ],
        "is_tactical": true,
        "generated_at": "2026-09-24T14:42:50.254860"
      },
      "geometry": {
        "type": "Point",
        "coordinates": [
          -39.570803857142856,
          -3.4850028571428564
        ]
      }
    },
    {
      "type": "Feature",
      "properties": {
        "node_id": 173,
        "rank": 173,
        "name": "Área Nobre",
        "bairro": "ITAPIPOCA",
        "municipality": "ITAPIPOCA",
        "faction": "PCC",
        "risk_score": 31.639,
        "score": 31.639,
        "region": "interior",
        "parent_area": "ITAPIPOCA",
        "parent_risk_score": 32.7,
        "parent_risk_level": "moderado",
        "parent_status": "MODERADO",
        "local_street_pressure": 4.066,
        "nearby_streets_count": 15,
        "nearby_streets": [
          "ÁREA NOBRE",
          "RUA FREI CASSIANO",
          "AMONTADA - ITAPIPOCA"
        ],
        "is_tactical": true,
        "generated_at": "2026-09-24T14:42:50.254860"
      },
      "geometry": {
        "type": "Point",
        "coordinates": [
          -39.57140248,
          -3.494462079999999
        ]
      }
    },
    {
      "type": "Feature",
      "properties": {
        "node_id": 174,
        "rank": 174,
        "name": "Salgadinho",
        "bairro": "ITAPIPOCA",
        "municipality": "ITAPIPOCA",
        "faction": "PCC",
        "risk_score": 31.626,
        "score": 31.626,
        "region": "interior",
        "parent_area": "ITAPIPOCA",
        "parent_risk_score": 32.7,
        "parent_risk_level": "moderado",
        "parent_status": "MODERADO",
        "local_street_pressure": 4.536,
        "nearby_streets_count": 15,
        "nearby_streets": [
          "SALGADINHO",
          "BOA VISTA - ITAPIPOCA",
          "ÁREA NOBRE"
        ],
        "is_tactical": true,
        "generated_at": "2026-09-24T14:42:50.254860"
      },
      "geometry": {
        "type": "Point",
        "coordinates": [
          -39.57539555555555,
          -3.5033228888888885
        ]
      }
    },
    {
      "type": "Feature",
      "properties": {
        "node_id": 175,
        "rank": 175,
        "name": "Nova Aldeota",
        "bairro": "ITAPIPOCA",
        "municipality": "ITAPIPOCA",
        "faction": "PCC",
        "risk_score": 31.585,
        "score": 31.585,
        "region": "interior",
        "parent_area": "ITAPIPOCA",
        "parent_risk_score": 32.7,
        "parent_risk_level": "moderado",
        "parent_status": "MODERADO",
        "local_street_pressure": 4.83,
        "nearby_streets_count": 13,
        "nearby_streets": [
          "NOVA ALDEOTA",
          "NOVO AMERICA",
          "TRAVESSA JOAQUIM TABOSA BRAGA II"
        ],
        "is_tactical": true,
        "generated_at": "2026-09-24T14:42:50.254860"
      },
      "geometry": {
        "type": "Point",
        "coordinates": [
          -39.56975518181818,
          -3.4828428181818185
        ]
      }
    },
    {
      "type": "Feature",
      "properties": {
        "node_id": 176,
        "rank": 176,
        "name": "CURA",
        "bairro": "ITAPIPOCA",
        "municipality": "ITAPIPOCA",
        "faction": "PCC",
        "risk_score": 29.742,
        "score": 29.742,
        "region": "interior",
        "parent_area": "ITAPIPOCA",
        "parent_risk_score": 32.7,
        "parent_risk_level": "moderado",
        "parent_status": "MODERADO",
        "local_street_pressure": 1.207,
        "nearby_streets_count": 2,
        "nearby_streets": [
          "CURA",
          "ESTRADA CURA"
        ],
        "is_tactical": true,
        "generated_at": "2026-09-24T14:42:50.254860"
      },
      "geometry": {
        "type": "Point",
        "coordinates": [
          -39.65414321851852,
          -3.3058654851851847
        ]
      }
    },
    {
      "type": "Feature",
      "properties": {
        "node_id": 177,
        "rank": 177,
        "name": "Padre Manoel Lima e Silva",
        "bairro": "ITAPAJÉ",
        "municipality": "ITAPAJE",
        "faction": "CV",
        "risk_score": 29.739,
        "score": 29.739,
        "region": "interior",
        "parent_area": "ITAPAJÉ",
        "parent_risk_score": 31.6,
        "parent_risk_level": "moderado",
        "parent_status": "MODERADO",
        "local_street_pressure": 3.822,
        "nearby_streets_count": 12,
        "nearby_streets": [
          "PADRE MANOEL LIMA E SILVA",
          "AREA SEM NOME",
          "FERROS"
        ],
        "is_tactical": true,
        "generated_at": "2026-09-24T14:42:50.254860"
      },
      "geometry": {
        "type": "Point",
        "coordinates": [
          -39.57977238461539,
          -3.6967618461538456
        ]
      }
    },
    {
      "type": "Feature",
      "properties": {
        "node_id": 178,
        "rank": 178,
        "name": "Padre Lima",
        "bairro": "ITAPAJÉ",
        "municipality": "ITAPAJE",
        "faction": "CV",
        "risk_score": 29.46,
        "score": 29.46,
        "region": "interior",
        "parent_area": "ITAPAJÉ",
        "parent_risk_score": 31.6,
        "parent_risk_level": "moderado",
        "parent_status": "MODERADO",
        "local_street_pressure": 3.445,
        "nearby_streets_count": 5,
        "nearby_streets": [
          "PADRE LIMA",
          "DISTRITO DE IRATINGA",
          "RUA ANTÔNIO CUSTÓDIO DE MESQUITA"
        ],
        "is_tactical": true,
        "generated_at": "2026-09-24T14:42:50.254860"
      },
      "geometry": {
        "type": "Point",
        "coordinates": [
          -39.547513242424245,
          -3.7341916969696967
        ]
      }
    },
    {
      "type": "Feature",
      "properties": {
        "node_id": 179,
        "rank": 179,
        "name": "Distrito de Iratinga",
        "bairro": "ITAPAJÉ",
        "municipality": "ITAPAJE",
        "faction": "CV",
        "risk_score": 29.367,
        "score": 29.367,
        "region": "interior",
        "parent_area": "ITAPAJÉ",
        "parent_risk_score": 31.6,
        "parent_risk_level": "moderado",
        "parent_status": "MODERADO",
        "local_street_pressure": 3.151,
        "nearby_streets_count": 5,
        "nearby_streets": [
          "DISTRITO DE IRATINGA",
          "PADRE LIMA",
          "RUA ANTÔNIO CUSTÓDIO DE MESQUITA"
        ],
        "is_tactical": true,
        "generated_at": "2026-09-24T14:42:50.254860"
      },
      "geometry": {
        "type": "Point",
        "coordinates": [
          -39.54967314999999,
          -3.7367336499999992
        ]
      }
    },
    {
      "type": "Feature",
      "properties": {
        "node_id": 180,
        "rank": 180,
        "name": "BETÂNIA",
        "bairro": "ITAPIPOCA",
        "municipality": "ITAPIPOCA",
        "faction": "PCC",
        "risk_score": 28.897,
        "score": 28.897,
        "region": "interior",
        "parent_area": "ITAPIPOCA",
        "parent_risk_score": 32.7,
        "parent_risk_level": "moderado",
        "parent_status": "MODERADO",
        "local_street_pressure": 1.491,
        "nearby_streets_count": 3,
        "nearby_streets": [
          "BETÂNIA",
          "RUA FRANCISCO DE CASTRO FILHO",
          "RUA ANTÔNIO ALVES DOS SANTOS"
        ],
        "is_tactical": true,
        "generated_at": "2026-09-24T14:42:50.254860"
      },
      "geometry": {
        "type": "Point",
        "coordinates": [
          -39.6535982,
          -3.2821598904761906
        ]
      }
    },
    {
      "type": "Feature",
      "properties": {
        "node_id": 181,
        "rank": 181,
        "name": "Ferros",
        "bairro": "ITAPAJÉ",
        "municipality": "ITAPAJE",
        "faction": "CV",
        "risk_score": 28.574,
        "score": 28.574,
        "region": "interior",
        "parent_area": "ITAPAJÉ",
        "parent_risk_score": 31.6,
        "parent_risk_level": "moderado",
        "parent_status": "MODERADO",
        "local_street_pressure": 2.499,
        "nearby_streets_count": 4,
        "nearby_streets": [
          "FERROS",
          "RUA ANTÔNIO RODRIGUES DA SILVA",
          "AREA SEM NOME"
        ],
        "is_tactical": true,
        "generated_at": "2026-09-24T14:42:50.254860"
      },
      "geometry": {
        "type": "Point",
        "coordinates": [
          -39.57251205882352,
          -3.7032485882352946
        ]
      }
    },
    {
      "type": "Feature",
      "properties": {
        "node_id": 182,
        "rank": 182,
        "name": "Julho",
        "bairro": "ITAPIPOCA",
        "municipality": "ITAPIPOCA",
        "faction": "PCC",
        "risk_score": 28.557,
        "score": 28.557,
        "region": "interior",
        "parent_area": "ITAPIPOCA",
        "parent_risk_score": 32.7,
        "parent_risk_level": "moderado",
        "parent_status": "MODERADO",
        "local_street_pressure": 1.169,
        "nearby_streets_count": 2,
        "nearby_streets": [
          "JULHO",
          "CASINHAS"
        ],
        "is_tactical": true,
        "generated_at": "2026-09-24T14:42:50.254860"
      },
      "geometry": {
        "type": "Point",
        "coordinates": [
          -39.5548858125,
          -3.4711785625
        ]
      }
    },
    {
      "type": "Feature",
      "properties": {
        "node_id": 183,
        "rank": 183,
        "name": "Conjunto",
        "bairro": "CRATEÚS",
        "municipality": "CONJUNTO PALMEIRAS",
        "faction": "CV",
        "risk_score": 28.513,
        "score": 28.513,
        "region": "interior",
        "parent_area": "CRATEÚS",
        "parent_risk_score": 32.4,
        "parent_risk_level": "moderado",
        "parent_status": "MODERADO",
        "local_street_pressure": 1.864,
        "nearby_streets_count": 5,
        "nearby_streets": [
          "CONJUNTO",
          "PONTE PRETA",
          "ALTAMIRA"
        ],
        "is_tactical": true,
        "generated_at": "2026-09-24T14:42:50.254860"
      },
      "geometry": {
        "type": "Point",
        "coordinates": [
          -40.678758195121944,
          -5.171454975609755
        ]
      }
    },
    {
      "type": "Feature",
      "properties": {
        "node_id": 184,
        "rank": 184,
        "name": "Casinhas",
        "bairro": "ITAPIPOCA",
        "municipality": "ITAPIPOCA",
        "faction": "PCC",
        "risk_score": 28.269,
        "score": 28.269,
        "region": "interior",
        "parent_area": "ITAPIPOCA",
        "parent_risk_score": 32.7,
        "parent_risk_level": "moderado",
        "parent_status": "MODERADO",
        "local_street_pressure": 1.371,
        "nearby_streets_count": 3,
        "nearby_streets": [
          "CASINHAS",
          "JULHO",
          "NOVA ALDEOTA"
        ],
        "is_tactical": true,
        "generated_at": "2026-09-24T14:42:50.254860"
      },
      "geometry": {
        "type": "Point",
        "coordinates": [
          -39.56130372727272,
          -3.4702184545454546
        ]
      }
    },
    {
      "type": "Feature",
      "properties": {
        "node_id": 185,
        "rank": 185,
        "name": "Barateiro",
        "bairro": "ITAPAJÉ",
        "municipality": "ITAPAJE",
        "faction": "CV",
        "risk_score": 28.216,
        "score": 28.216,
        "region": "interior",
        "parent_area": "ITAPAJÉ",
        "parent_risk_score": 31.6,
        "parent_risk_level": "moderado",
        "parent_status": "MODERADO",
        "local_street_pressure": 2.014,
        "nearby_streets_count": 6,
        "nearby_streets": [
          "BARATEIRO",
          "RUA PENHA MESQUITA",
          "BAIRRO DO CRUZEIRO"
        ],
        "is_tactical": true,
        "generated_at": "2026-09-24T14:42:50.254860"
      },
      "geometry": {
        "type": "Point",
        "coordinates": [
          -39.60202747058823,
          -3.6933360588235296
        ]
      }
    },
    {
      "type": "Feature",
      "properties": {
        "node_id": 186,
        "rank": 186,
        "name": "Armador",
        "bairro": "ITAPAJÉ",
        "municipality": "ITAPAJE",
        "faction": "CV",
        "risk_score": 26.89,
        "score": 26.89,
        "region": "interior",
        "parent_area": "ITAPAJÉ",
        "parent_risk_score": 31.6,
        "parent_risk_level": "moderado",
        "parent_status": "MODERADO",
        "local_street_pressure": 0.747,
        "nearby_streets_count": 1,
        "nearby_streets": [
          "ARMADOR"
        ],
        "is_tactical": true,
        "generated_at": "2026-09-24T14:42:50.254860"
      },
      "geometry": {
        "type": "Point",
        "coordinates": [
          -39.64633494594593,
          -3.7277178378378384
        ]
      }
    }
  ],
  "metadata": {
    "total": 186,
    "source": "Sentinela Micronodes Dynamic Overlay",
    "threshold_min_score": 31.0,
    "generated_at": "2026-09-24T14:42:50.254860",
    "region": "interior"
  }
}