{
"type": "FeatureCollection",
"name": "AIS - METROPOLITANA",
"crs": { "type": "name", "properties": { "name": "urn:ogc:def:crs:OGC:1.3:CRS84" } },
"features": [
{ "type": "Feature", "properties": { "Name": "Caucaia - AIS 11", "Description": "descrição: <br>@id: relation/302624<br>IBGE:GEOCODIGO: 2303709<br>admin_level: 8<br>boundary: administrative<br>flag: http://upload.wikimedia.org/wikipedia/commons/b/b2/Bandeira_caucaia_ce.gif<br>name: Caucaia<br>name:bg: Каукая<br>name:ka: კაუკაია<br>name:kk: Каукая<br>name:ko: 카우카이아<br>name:lt: Kaukaja<br>name:lv: Kaukaja<br>name:pt: Caucaia<br>name:ru: Каукая<br>name:sr: Каукаја<br>name:zh: 考卡亞<br>place: municipality<br>population: 355679<br>population:date: 2023-08-31<br>source: IBGE<br>source:population: IBGE, DOU de 31/08/2023<br>type: boundary<br>website: https://www.caucaia.ce.gov.br/<br>wikidata: Q817233<br>wikipedia: pt:Caucaia<br>@relations: " }, "geometry": { "type": "Polygon", "coordinates": [ [ [ -38.617196, -3.718878, 0.0 ], [ -38.617282, -3.718806, 0.0 ], [ -38.617369, -3.718757, 0.0 ], [ -38.617441, -3.718737, 0.0 ], [ -38.61757, -3.718704, 0.0 ], [ -38.617694, -3.7187, 0.0 ], [ -38.617855, -3.718719, 0.0 ], [ -38.617961, -3.718768, 0.0 ], [ -38.618076, -3.71887, 0.0 ], [ -38.61815, -3.718982, 0.0 ], [ -38.618197, -3.719134, 0.0 ], [ -38.618268, -3.719267, 0.0 ], [ -38.618374, -3.719382, 0.0 ], [ -38.618486, -3.71945, 0.0 ], [ -38.61859, -3.719515, 0.0 ], [ -38.618699, -3.719552, 0.0 ], [ -38.618857, -3.719559, 0.0 ], [ -38.61902, -3.719545, 0.0 ], [ -38.619114, -3.719501, 0.0 ], [ -38.619276, -3.71941, 0.0 ], [ -38.61939, -3.719322, 0.0 ], [ -38.619495, -3.719205, 0.0 ], [ -38.619574, -3.719104, 0.0 ], [ -38.619662, -3.719003, 0.0 ], [ -38.619749, -3.718891, 0.0 ], [ -38.619833, -3.718823, 0.0 ], [ -38.619906, -3.71876, 0.0 ], [ -38.619993, -3.718676, 0.0 ], [ -38.62009, -3.718449, 0.0 ], [ -38.620178, -3.718236, 0.0 ], [ -38.620303, -3.717942, 0.0 ], [ -38.620376, -3.717625, 0.0 ], [ -38.62045, -3.717368, 0.0 ], [ -38.620472, -3.716978, 0.0 ], [ -38.620457, -3.71675, 0.0 ], [ -38.620326, -3.716426, 0.0 ], [ -38.619601, -3.715495, 0.0 ], [ -38.619404, -3.714774, 0.0 ], [ -38.619192, -3.713005, 0.0 ], [ -38.619053, -3.712527, 0.0 ], [ -38.618665, -3.711824, 0.0 ], [ -38.617992, -3.711059, 0.0 ], [ -38.617868, -3.710846, 0.0 ], [ -38.617795, -3.71061, 0.0 ], [ -38.617787, -3.710426, 0.0 ], [ -38.617839, -3.710242, 0.0 ], [ -38.617948, -3.710095, 0.0 ], [ -38.618117, -3.709963, 0.0 ], [ -38.618344, -3.709875, 0.0 ], [ -38.618505, -3.709831, 0.0 ], [ -38.61871, -3.709846, 0.0 ], [ -38.619003, -3.709875, 0.0 ], [ -38.619391, -3.709971, 0.0 ], [ -38.619662, -3.710022, 0.0 ], [ -38.619896, -3.710074, 0.0 ], [ -38.620102, -3.710074, 0.0 ], [ -38.62031, -3.710066, 0.0 ], [ -38.620472, -3.710054, 0.0 ], [ -38.62068, -3.709998, 0.0 ], [ -38.620851, -3.709936, 0.0 ], [ -38.620978, -3.709848, 0.0 ], [ -38.621076, -3.70977, 0.0 ], [ -38.621173, -3.709631, 0.0 ], [ -38.621238, -3.709345, 0.0 ], [ -38.621296, -3.709048, 0.0 ], [ -38.621359, -3.708721, 0.0 ], [ -38.621403, -3.708492, 0.0 ], [ -38.621456, -3.708258, 0.0 ], [ -38.621515, -3.70799, 0.0 ], [ -38.621558, -3.707817, 0.0 ], [ -38.621599, -3.707613, 0.0 ], [ -38.621666, -3.707356, 0.0 ], [ -38.621723, -3.707134, 0.0 ], [ -38.621769, -3.706933, 0.0 ], [ -38.621836, -3.706676, 0.0 ], [ -38.621897, -3.706459, 0.0 ], [ -38.621969, -3.706274, 0.0 ], [ -38.622056, -3.706109, 0.0 ], [ -38.622123, -3.706042, 0.0 ], [ -38.622189, -3.705917, 0.0 ], [ -38.622289, -3.705728, 0.0 ], [ -38.622346, -3.705515, 0.0 ], [ -38.622446, -3.705088, 0.0 ], [ -38.622559, -3.704138, 0.0 ], [ -38.622452, -3.703356, 0.0 ], [ -38.622229, -3.702906, 0.0 ], [ -38.621976, -3.702622, 0.0 ], [ -38.621762, -3.702475, 0.0 ], [ -38.621525, -3.702471, 0.0 ], [ -38.621207, -3.702465, 0.0 ], [ -38.619709, -3.702718, 0.0 ], [ -38.619141, -3.702819, 0.0 ], [ -38.618219, -3.702982, 0.0 ], [ -38.616175, -3.703118, 0.0 ], [ -38.614221, -3.703176, 0.0 ], [ -38.612068, -3.703234, 0.0 ], [ -38.610628, -3.703233, 0.0 ], [ -38.609149, -3.703115, 0.0 ], [ -38.607825, -3.702782, 0.0 ], [ -38.606658, -3.702351, 0.0 ], [ -38.605957, -3.702156, 0.0 ], [ -38.605373, -3.702155, 0.0 ], [ -38.604575, -3.702331, 0.0 ], [ -38.603407, -3.702858, 0.0 ], [ -38.601888, -3.703229, 0.0 ], [ -38.600779, -3.703346, 0.0 ], [ -38.599552, -3.7036, 0.0 ], [ -38.598716, -3.703619, 0.0 ], [ -38.597664, -3.70352, 0.0 ], [ -38.596789, -3.703266, 0.0 ], [ -38.596488, -3.703161, 0.0 ], [ -38.595835, -3.702933, 0.0 ], [ -38.595319, -3.702775, 0.0 ], [ -38.594492, -3.702522, 0.0 ], [ -38.593879, -3.702263, 0.0 ], [ -38.593286, -3.702013, 0.0 ], [ -38.592902, -3.701716, 0.0 ], [ -38.592527, -3.701426, 0.0 ], [ -38.592157, -3.701191, 0.0 ], [ -38.591191, -3.700896, 0.0 ], [ -38.590386, -3.700369, 0.0 ], [ -38.590136, -3.700085, 0.0 ], [ -38.589867, -3.69978, 0.0 ], [ -38.589628, -3.699508, 0.0 ], [ -38.589397, -3.699228, 0.0 ], [ -38.589264, -3.699068, 0.0 ], [ -38.588892, -3.698618, 0.0 ], [ -38.588772, -3.698472, 0.0 ], [ -38.587819, -3.696985, 0.0 ], [ -38.587371, -3.696144, 0.0 ], [ -38.587313, -3.695792, 0.0 ], [ -38.587745, -3.694574, 0.0 ], [ -38.588281, -3.695145, 0.0 ], [ -38.589607, -3.695721, 0.0 ], [ -38.589939, -3.695823, 0.0 ], [ -38.590583, -3.695742, 0.0 ], [ -38.591453, -3.695318, 0.0 ], [ -38.591821, -3.695221, 0.0 ], [ -38.59216, -3.694995, 0.0 ], [ -38.592632, -3.694835, 0.0 ], [ -38.593125, -3.694749, 0.0 ], [ -38.593726, -3.694589, 0.0 ], [ -38.594698, -3.694358, 0.0 ], [ -38.595078, -3.694204, 0.0 ], [ -38.596076, -3.693935, 0.0 ], [ -38.596947, -3.693694, 0.0 ], [ -38.597402, -3.693543, 0.0 ], [ -38.598166, -3.693397, 0.0 ], [ -38.599126, -3.693085, 0.0 ], [ -38.600163, -3.692894, 0.0 ], [ -38.600999, -3.692569, 0.0 ], [ -38.601967, -3.692345, 0.0 ], [ -38.602518, -3.692129, 0.0 ], [ -38.603082, -3.691901, 0.0 ], [ -38.60357, -3.691714, 0.0 ], [ -38.604198, -3.691524, 0.0 ], [ -38.604804, -3.691414, 0.0 ], [ -38.604868, -3.691462, 0.0 ], [ -38.60515, -3.691666, 0.0 ], [ -38.605472, -3.691837, 0.0 ], [ -38.605914, -3.691861, 0.0 ], [ -38.606279, -3.691829, 0.0 ], [ -38.606845, -3.691668, 0.0 ], [ -38.607098, -3.691595, 0.0 ], [ -38.607223, -3.691612, 0.0 ], [ -38.607534, -3.691553, 0.0 ], [ -38.608199, -3.691248, 0.0 ], [ -38.608843, -3.690806, 0.0 ], [ -38.609141, -3.69041, 0.0 ], [ -38.609455, -3.6901, 0.0 ], [ -38.609755, -3.689792, 0.0 ], [ -38.610356, -3.689382, 0.0 ], [ -38.610554, -3.689265, 0.0 ], [ -38.610667, -3.689166, 0.0 ], [ -38.61097, -3.688917, 0.0 ], [ -38.61134, -3.688783, 0.0 ], [ -38.611635, -3.688676, 0.0 ], [ -38.611962, -3.688686, 0.0 ], [ -38.61277, -3.688767, 0.0 ], [ -38.613513, -3.688786, 0.0 ], [ -38.614079, -3.688935, 0.0 ], [ -38.614945, -3.689163, 0.0 ], [ -38.615278, -3.689324, 0.0 ], [ -38.615908, -3.689431, 0.0 ], [ -38.616286, -3.689575, 0.0 ], [ -38.616718, -3.689677, 0.0 ], [ -38.616898, -3.689714, 0.0 ], [ -38.617016, -3.689827, 0.0 ], [ -38.617128, -3.689864, 0.0 ], [ -38.617311, -3.68984, 0.0 ], [ -38.617442, -3.689835, 0.0 ], [ -38.617689, -3.689902, 0.0 ], [ -38.617924, -3.689914, 0.0 ], [ -38.618105, -3.689969, 0.0 ], [ -38.618239, -3.69003, 0.0 ], [ -38.618416, -3.690006, 0.0 ], [ -38.618462, -3.689985, 0.0 ], [ -38.618696, -3.689933, 0.0 ], [ -38.619009, -3.689985, 0.0 ], [ -38.619113, -3.689939, 0.0 ], [ -38.619427, -3.68992, 0.0 ], [ -38.619709, -3.689824, 0.0 ], [ -38.619947, -3.689848, 0.0 ], [ -38.620232, -3.689709, 0.0 ], [ -38.62046, -3.689685, 0.0 ], [ -38.620626, -3.689661, 0.0 ], [ -38.621369, -3.689358, 0.0 ], [ -38.621723, -3.689206, 0.0 ], [ -38.621924, -3.689122, 0.0 ], [ -38.622022, -3.689049, 0.0 ], [ -38.622525, -3.689063, 0.0 ], [ -38.622583, -3.689067, 0.0 ], [ -38.622619, -3.689126, 0.0 ], [ -38.622689, -3.689291, 0.0 ], [ -38.622812, -3.689356, 0.0 ], [ -38.623045, -3.689369, 0.0 ], [ -38.625269, -3.68882, 0.0 ], [ -38.628157, -3.687989, 0.0 ], [ -38.630309, -3.687271, 0.0 ], [ -38.630475, -3.687236, 0.0 ], [ -38.63062, -3.6873, 0.0 ], [ -38.630773, -3.687375, 0.0 ], [ -38.630979, -3.687329, 0.0 ], [ -38.631738, -3.687032, 0.0 ], [ -38.632283, -3.686778, 0.0 ], [ -38.632736, -3.68655, 0.0 ], [ -38.632905, -3.686478, 0.0 ], [ -38.633729, -3.686302, 0.0 ], [ -38.634649, -3.686178, 0.0 ], [ -38.634981, -3.686256, 0.0 ], [ -38.635314, -3.686318, 0.0 ], [ -38.635676, -3.686454, 0.0 ], [ -38.635816, -3.686507, 0.0 ], [ -38.635851, -3.686528, 0.0 ], [ -38.636043, -3.686644, 0.0 ], [ -38.636269, -3.686719, 0.0 ], [ -38.636768, -3.686727, 0.0 ], [ -38.637087, -3.686818, 0.0 ], [ -38.637208, -3.686856, 0.0 ], [ -38.637498, -3.687018, 0.0 ], [ -38.637884, -3.687129, 0.0 ], [ -38.638115, -3.687127, 0.0 ], [ -38.638605, -3.687017, 0.0 ], [ -38.638736, -3.687067, 0.0 ], [ -38.638823, -3.687017, 0.0 ], [ -38.63895, -3.687017, 0.0 ], [ -38.639073, -3.687084, 0.0 ], [ -38.639656, -3.686987, 0.0 ], [ -38.640088, -3.687009, 0.0 ], [ -38.640673, -3.687016, 0.0 ], [ -38.640898, -3.687035, 0.0 ], [ -38.64116, -3.686986, 0.0 ], [ -38.641564, -3.686801, 0.0 ], [ -38.641723, -3.686775, 0.0 ], [ -38.641813, -3.686779, 0.0 ], [ -38.641976, -3.686767, 0.0 ], [ -38.642156, -3.686695, 0.0 ], [ -38.642288, -3.686612, 0.0 ], [ -38.642717, -3.686437, 0.0 ], [ -38.642809, -3.686398, 0.0 ], [ -38.642825, -3.686497, 0.0 ], [ -38.643006, -3.686532, 0.0 ], [ -38.643753, -3.686251, 0.0 ], [ -38.644028, -3.68607, 0.0 ], [ -38.64428, -3.68598, 0.0 ], [ -38.644381, -3.685979, 0.0 ], [ -38.644516, -3.68605, 0.0 ], [ -38.644577, -3.686043, 0.0 ], [ -38.644658, -3.686033, 0.0 ], [ -38.644862, -3.68589, 0.0 ], [ -38.644904, -3.685719, 0.0 ], [ -38.645053, -3.685645, 0.0 ], [ -38.645155, -3.685653, 0.0 ], [ -38.645353, -3.685742, 0.0 ], [ -38.645745, -3.685603, 0.0 ], [ -38.646397, -3.685215, 0.0 ], [ -38.646515, -3.685041, 0.0 ], [ -38.646746, -3.684888, 0.0 ], [ -38.647583, -3.684591, 0.0 ], [ -38.648247, -3.684364, 0.0 ], [ -38.648385, -3.684466, 0.0 ], [ -38.648628, -3.684492, 0.0 ], [ -38.648781, -3.684455, 0.0 ], [ -38.649479, -3.684091, 0.0 ], [ -38.650726, -3.6834, 0.0 ], [ -38.651407, -3.682964, 0.0 ], [ -38.652265, -3.682517, 0.0 ], [ -38.652947, -3.682158, 0.0 ], [ -38.654296, -3.681237, 0.0 ], [ -38.654545, -3.680948, 0.0 ], [ -38.654661, -3.680948, 0.0 ], [ -38.655189, -3.680552, 0.0 ], [ -38.655412, -3.680386, 0.0 ], [ -38.655591, -3.680359, 0.0 ], [ -38.655907, -3.680248, 0.0 ], [ -38.656809, -3.679694, 0.0 ], [ -38.656965, -3.679688, 0.0 ], [ -38.657807, -3.67904, 0.0 ], [ -38.658397, -3.678614, 0.0 ], [ -38.658732, -3.678438, 0.0 ], [ -38.658864, -3.678405, 0.0 ], [ -38.659024, -3.678403, 0.0 ], [ -38.659462, -3.678119, 0.0 ], [ -38.660425, -3.677519, 0.0 ], [ -38.661652, -3.676623, 0.0 ], [ -38.663069, -3.675541, 0.0 ], [ -38.663941, -3.674878, 0.0 ], [ -38.664306, -3.674562, 0.0 ], [ -38.664725, -3.674188, 0.0 ], [ -38.665255, -3.673638, 0.0 ], [ -38.665531, -3.67275, 0.0 ], [ -38.665699, -3.672858, 0.0 ], [ -38.66586, -3.672924, 0.0 ], [ -38.666069, -3.672974, 0.0 ], [ -38.666238, -3.673016, 0.0 ], [ -38.666402, -3.673064, 0.0 ], [ -38.666539, -3.673083, 0.0 ], [ -38.666762, -3.673062, 0.0 ], [ -38.666905, -3.67301, 0.0 ], [ -38.66713, -3.672857, 0.0 ], [ -38.668098, -3.672171, 0.0 ], [ -38.668549, -3.671787, 0.0 ], [ -38.668659, -3.671675, 0.0 ], [ -38.668843, -3.671572, 0.0 ], [ -38.669178, -3.671386, 0.0 ], [ -38.669504, -3.67116, 0.0 ], [ -38.669732, -3.670966, 0.0 ], [ -38.669802, -3.670761, 0.0 ], [ -38.669831, -3.670648, 0.0 ], [ -38.669871, -3.670536, 0.0 ], [ -38.669936, -3.670434, 0.0 ], [ -38.670054, -3.670263, 0.0 ], [ -38.670169, -3.670014, 0.0 ], [ -38.670209, -3.669768, 0.0 ], [ -38.670209, -3.66965, 0.0 ], [ -38.670209, -3.669535, 0.0 ], [ -38.670182, -3.669174, 0.0 ], [ -38.670118, -3.668812, 0.0 ], [ -38.670067, -3.668544, 0.0 ], [ -38.670067, -3.668424, 0.0 ], [ -38.670086, -3.66817, 0.0 ], [ -38.67011, -3.667958, 0.0 ], [ -38.670145, -3.667846, 0.0 ], [ -38.670266, -3.667584, 0.0 ], [ -38.670483, -3.667246, 0.0 ], [ -38.670593, -3.667062, 0.0 ], [ -38.670684, -3.666992, 0.0 ], [ -38.670756, -3.666981, 0.0 ], [ -38.670834, -3.667056, 0.0 ], [ -38.670856, -3.667145, 0.0 ], [ -38.670808, -3.667278, 0.0 ], [ -38.670706, -3.66734, 0.0 ], [ -38.67062, -3.667442, 0.0 ], [ -38.670558, -3.667541, 0.0 ], [ -38.67052, -3.66765, 0.0 ], [ -38.670531, -3.667742, 0.0 ], [ -38.670553, -3.667832, 0.0 ], [ -38.670542, -3.667926, 0.0 ], [ -38.670478, -3.668001, 0.0 ], [ -38.670419, -3.66802, 0.0 ], [ -38.670376, -3.668111, 0.0 ], [ -38.670362, -3.668229, 0.0 ], [ -38.670362, -3.668362, 0.0 ], [ -38.670362, -3.668483, 0.0 ], [ -38.670373, -3.668601, 0.0 ], [ -38.670394, -3.668713, 0.0 ], [ -38.670408, -3.668801, 0.0 ], [ -38.670432, -3.668919, 0.0 ], [ -38.670467, -3.669029, 0.0 ], [ -38.670499, -3.669144, 0.0 ], [ -38.670542, -3.669262, 0.0 ], [ -38.670655, -3.669326, 0.0 ], [ -38.670791, -3.669364, 0.0 ], [ -38.671017, -3.669425, 0.0 ], [ -38.671298, -3.669455, 0.0 ], [ -38.67158, -3.669441, 0.0 ], [ -38.671778, -3.669345, 0.0 ], [ -38.67202, -3.669171, 0.0 ], [ -38.672224, -3.669045, 0.0 ], [ -38.672473, -3.668938, 0.0 ], [ -38.672827, -3.668673, 0.0 ], [ -38.673101, -3.66848, 0.0 ], [ -38.673278, -3.668357, 0.0 ], [ -38.6736, -3.668146, 0.0 ], [ -38.673994, -3.667795, 0.0 ], [ -38.674278, -3.667535, 0.0 ], [ -38.67443, -3.667348, 0.0 ], [ -38.674442, -3.667185, 0.0 ], [ -38.674479, -3.667008, 0.0 ], [ -38.674522, -3.666898, 0.0 ], [ -38.674581, -3.666799, 0.0 ], [ -38.674643, -3.666703, 0.0 ], [ -38.674718, -3.666566, 0.0 ], [ -38.674774, -3.666467, 0.0 ], [ -38.674823, -3.66636, 0.0 ], [ -38.67485, -3.66624, 0.0 ], [ -38.67485, -3.666125, 0.0 ], [ -38.67485, -3.66601, 0.0 ], [ -38.67485, -3.665892, 0.0 ], [ -38.67485, -3.665777, 0.0 ], [ -38.674839, -3.665664, 0.0 ], [ -38.67482, -3.665547, 0.0 ], [ -38.674769, -3.665271, 0.0 ], [ -38.674744, -3.665209, 0.0 ], [ -38.674689, -3.664995, 0.0 ], [ -38.674655, -3.664761, 0.0 ], [ -38.674651, -3.664529, 0.0 ], [ -38.674654, -3.66447, 0.0 ], [ -38.674675, -3.664331, 0.0 ], [ -38.674686, -3.664274, 0.0 ], [ -38.674742, -3.664072, 0.0 ], [ -38.674808, -3.663852, 0.0 ], [ -38.674839, -3.663797, 0.0 ], [ -38.674994, -3.663582, 0.0 ], [ -38.675029, -3.663534, 0.0 ], [ -38.675202, -3.663328, 0.0 ], [ -38.675316, -3.663277, 0.0 ], [ -38.675373, -3.66329, 0.0 ], [ -38.675422, -3.663321, 0.0 ], [ -38.675432, -3.663378, 0.0 ], [ -38.675412, -3.663436, 0.0 ], [ -38.675308, -3.663574, 0.0 ], [ -38.67524, -3.663657, 0.0 ], [ -38.675201, -3.663706, 0.0 ], [ -38.675076, -3.663922, 0.0 ], [ -38.675062, -3.663978, 0.0 ], [ -38.675072, -3.664036, 0.0 ], [ -38.675095, -3.66409, 0.0 ], [ -38.675098, -3.664149, 0.0 ], [ -38.675083, -3.664207, 0.0 ], [ -38.675043, -3.66425, 0.0 ], [ -38.674988, -3.664286, 0.0 ], [ -38.674948, -3.664327, 0.0 ], [ -38.674939, -3.664385, 0.0 ], [ -38.674939, -3.664446, 0.0 ], [ -38.674926, -3.664725, 0.0 ], [ -38.674943, -3.664832, 0.0 ], [ -38.675432, -3.664947, 0.0 ], [ -38.67577, -3.664979, 0.0 ], [ -38.676295, -3.664904, 0.0 ], [ -38.676698, -3.66477, 0.0 ], [ -38.67725, -3.664487, 0.0 ], [ -38.67784, -3.664074, 0.0 ], [ -38.678945, -3.66288, 0.0 ], [ -38.679594, -3.662201, 0.0 ], [ -38.680475, -3.661107, 0.0 ], [ -38.681036, -3.660471, 0.0 ], [ -38.681263, -3.660245, 0.0 ], [ -38.68155, -3.659958, 0.0 ], [ -38.681792, -3.659636, 0.0 ], [ -38.682157, -3.65925, 0.0 ], [ -38.682416, -3.658972, 0.0 ], [ -38.682529, -3.65888, 0.0 ], [ -38.682804, -3.658586, 0.0 ], [ -38.683119, -3.658224, 0.0 ], [ -38.683298, -3.657949, 0.0 ], [ -38.683492, -3.657741, 0.0 ], [ -38.683741, -3.657558, 0.0 ], [ -38.683898, -3.657427, 0.0 ], [ -38.68399, -3.657312, 0.0 ], [ -38.684054, -3.65715, 0.0 ], [ -38.68424, -3.656796, 0.0 ], [ -38.684389, -3.656504, 0.0 ], [ -38.684491, -3.656376, 0.0 ], [ -38.684664, -3.65626, 0.0 ], [ -38.684776, -3.656236, 0.0 ], [ -38.684921, -3.656238, 0.0 ], [ -38.68507, -3.656225, 0.0 ], [ -38.685232, -3.656191, 0.0 ], [ -38.685412, -3.656082, 0.0 ], [ -38.685686, -3.655905, 0.0 ], [ -38.686052, -3.655645, 0.0 ], [ -38.686375, -3.655352, 0.0 ], [ -38.686742, -3.655044, 0.0 ], [ -38.686991, -3.654785, 0.0 ], [ -38.687434, -3.65433, 0.0 ], [ -38.687711, -3.654078, 0.0 ], [ -38.687999, -3.653852, 0.0 ], [ -38.688298, -3.653567, 0.0 ], [ -38.688589, -3.653266, 0.0 ], [ -38.688879, -3.653001, 0.0 ], [ -38.689042, -3.652812, 0.0 ], [ -38.689209, -3.652684, 0.0 ], [ -38.689313, -3.652583, 0.0 ], [ -38.689387, -3.65246, 0.0 ], [ -38.689524, -3.652234, 0.0 ], [ -38.689747, -3.651992, 0.0 ], [ -38.689914, -3.65174, 0.0 ], [ -38.690062, -3.651443, 0.0 ], [ -38.6902, -3.651261, 0.0 ], [ -38.690372, -3.651096, 0.0 ], [ -38.690585, -3.650784, 0.0 ], [ -38.690824, -3.650448, 0.0 ], [ -38.691017, -3.650178, 0.0 ], [ -38.691228, -3.649873, 0.0 ], [ -38.691463, -3.6495, 0.0 ], [ -38.691674, -3.649137, 0.0 ], [ -38.691874, -3.648933, 0.0 ], [ -38.692069, -3.648785, 0.0 ], [ -38.692288, -3.648501, 0.0 ], [ -38.692596, -3.648046, 0.0 ], [ -38.692873, -3.647697, 0.0 ], [ -38.693058, -3.647501, 0.0 ], [ -38.69346, -3.647061, 0.0 ], [ -38.693907, -3.646542, 0.0 ], [ -38.694267, -3.646141, 0.0 ], [ -38.694733, -3.645625, 0.0 ], [ -38.695163, -3.64509, 0.0 ], [ -38.69546, -3.644755, 0.0 ], [ -38.695765, -3.644502, 0.0 ], [ -38.696027, -3.644321, 0.0 ], [ -38.696225, -3.64413, 0.0 ], [ -38.696419, -3.643968, 0.0 ], [ -38.696669, -3.64371, 0.0 ], [ -38.697102, -3.643279, 0.0 ], [ -38.697294, -3.643087, 0.0 ], [ -38.697486, -3.64283, 0.0 ], [ -38.697689, -3.642607, 0.0 ], [ -38.697931, -3.642385, 0.0 ], [ -38.698192, -3.642165, 0.0 ], [ -38.698352, -3.641988, 0.0 ], [ -38.698543, -3.641764, 0.0 ], [ -38.69896, -3.641351, 0.0 ], [ -38.699288, -3.640993, 0.0 ], [ -38.699608, -3.640681, 0.0 ], [ -38.699864, -3.640447, 0.0 ], [ -38.700208, -3.640164, 0.0 ], [ -38.700627, -3.639816, 0.0 ], [ -38.701116, -3.639407, 0.0 ], [ -38.701594, -3.63906, 0.0 ], [ -38.701913, -3.638834, 0.0 ], [ -38.702369, -3.638537, 0.0 ], [ -38.70299, -3.638153, 0.0 ], [ -38.7033, -3.637929, 0.0 ], [ -38.703577, -3.637706, 0.0 ], [ -38.704024, -3.637427, 0.0 ], [ -38.704458, -3.637169, 0.0 ], [ -38.704972, -3.636836, 0.0 ], [ -38.705318, -3.63668, 0.0 ], [ -38.705608, -3.636553, 0.0 ], [ -38.705864, -3.636433, 0.0 ], [ -38.706088, -3.636267, 0.0 ], [ -38.706379, -3.636059, 0.0 ], [ -38.706789, -3.635718, 0.0 ], [ -38.707392, -3.635255, 0.0 ], [ -38.70781, -3.63492, 0.0 ], [ -38.708152, -3.634691, 0.0 ], [ -38.70853, -3.634507, 0.0 ], [ -38.709395, -3.634161, 0.0 ], [ -38.710205, -3.633834, 0.0 ], [ -38.711548, -3.633357, 0.0 ], [ -38.71208, -3.633176, 0.0 ], [ -38.714544, -3.632325, 0.0 ], [ -38.71552, -3.631894, 0.0 ], [ -38.717, -3.63119, 0.0 ], [ -38.718031, -3.63064, 0.0 ], [ -38.719254, -3.62987, 0.0 ], [ -38.72045, -3.629051, 0.0 ], [ -38.721681, -3.628139, 0.0 ], [ -38.722834, -3.627303, 0.0 ], [ -38.724074, -3.626423, 0.0 ], [ -38.724766, -3.625727, 0.0 ], [ -38.72534, -3.625515, 0.0 ], [ -38.725366, -3.625491, 0.0 ], [ -38.725522, -3.625496, 0.0 ], [ -38.725804, -3.625496, 0.0 ], [ -38.726009, -3.62545, 0.0 ], [ -38.727013, -3.625237, 0.0 ], [ -38.727582, -3.625066, 0.0 ], [ -38.727979, -3.624924, 0.0 ], [ -38.729542, -3.624503, 0.0 ], [ -38.732088, -3.62366, 0.0 ], [ -38.733995, -3.623152, 0.0 ], [ -38.736213, -3.622474, 0.0 ], [ -38.737557, -3.621974, 0.0 ], [ -38.739003, -3.621278, 0.0 ], [ -38.740116, -3.620662, 0.0 ], [ -38.741736, -3.619819, 0.0 ], [ -38.74249, -3.619591, 0.0 ], [ -38.7439, -3.619268, 0.0 ], [ -38.744668, -3.618977, 0.0 ], [ -38.7464, -3.618266, 0.0 ], [ -38.747975, -3.61745, 0.0 ], [ -38.749021, -3.616842, 0.0 ], [ -38.749984, -3.616229, 0.0 ], [ -38.751507, -3.615156, 0.0 ], [ -38.753087, -3.613986, 0.0 ], [ -38.754927, -3.612399, 0.0 ], [ -38.75615, -3.611323, 0.0 ], [ -38.756773, -3.610883, 0.0 ], [ -38.758347, -3.609799, 0.0 ], [ -38.75891, -3.609505, 0.0 ], [ -38.759127, -3.609371, 0.0 ], [ -38.761321, -3.607505, 0.0 ], [ -38.762038, -3.606932, 0.0 ], [ -38.764164, -3.604869, 0.0 ], [ -38.765074, -3.603942, 0.0 ], [ -38.765685, -3.603171, 0.0 ], [ -38.766404, -3.602275, 0.0 ], [ -38.767088, -3.601549, 0.0 ], [ -38.768027, -3.60039, 0.0 ], [ -38.768622, -3.599555, 0.0 ], [ -38.769097, -3.599017, 0.0 ], [ -38.769566, -3.598305, 0.0 ], [ -38.769974, -3.597847, 0.0 ], [ -38.771162, -3.596697, 0.0 ], [ -38.77415, -3.59303, 0.0 ], [ -38.774512, -3.592689, 0.0 ], [ -38.774983, -3.592005, 0.0 ], [ -38.776143, -3.58998, 0.0 ], [ -38.778208, -3.5865, 0.0 ], [ -38.779099, -3.585327, 0.0 ], [ -38.780118, -3.584154, 0.0 ], [ -38.781338, -3.582734, 0.0 ], [ -38.78176, -3.582243, 0.0 ], [ -38.782827, -3.581215, 0.0 ], [ -38.783267, -3.580723, 0.0 ], [ -38.783766, -3.580214, 0.0 ], [ -38.784131, -3.579893, 0.0 ], [ -38.784592, -3.579331, 0.0 ], [ -38.785145, -3.578817, 0.0 ], [ -38.785815, -3.57822, 0.0 ], [ -38.78596, -3.577826, 0.0 ], [ -38.786223, -3.577473, 0.0 ], [ -38.786598, -3.577093, 0.0 ], [ -38.78669, -3.577034, 0.0 ], [ -38.787301, -3.576605, 0.0 ], [ -38.787674, -3.575983, 0.0 ], [ -38.787859, -3.575674, 0.0 ], [ -38.788299, -3.575117, 0.0 ], [ -38.789152, -3.574096, 0.0 ], [ -38.789989, -3.573013, 0.0 ], [ -38.790375, -3.572783, 0.0 ], [ -38.790509, -3.572767, 0.0 ], [ -38.790734, -3.572692, 0.0 ], [ -38.791003, -3.572408, 0.0 ], [ -38.791486, -3.571703, 0.0 ], [ -38.792705, -3.569926, 0.0 ], [ -38.792725, -3.569897, 0.0 ], [ -38.793958, -3.568269, 0.0 ], [ -38.7953, -3.566235, 0.0 ], [ -38.797596, -3.563119, 0.0 ], [ -38.798563, -3.562036, 0.0 ], [ -38.798673, -3.561912, 0.0 ], [ -38.799116, -3.561416, 0.0 ], [ -38.799441, -3.561052, 0.0 ], [ -38.806552, -3.548643, 0.0 ], [ -38.831894, -3.570768, 0.0 ], [ -38.853157, -3.61978, 0.0 ], [ -38.881635, -3.685419, 0.0 ], [ -38.918351, -3.666659, 0.0 ], [ -38.918354, -3.667035, 0.0 ], [ -38.918295, -3.667367, 0.0 ], [ -38.918064, -3.667527, 0.0 ], [ -38.917812, -3.667442, 0.0 ], [ -38.917753, -3.66764, 0.0 ], [ -38.917818, -3.667865, 0.0 ], [ -38.917716, -3.668073, 0.0 ], [ -38.917528, -3.668229, 0.0 ], [ -38.91741, -3.668427, 0.0 ], [ -38.91756, -3.66848, 0.0 ], [ -38.917608, -3.668716, 0.0 ], [ -38.9177, -3.668908, 0.0 ], [ -38.917581, -3.669096, 0.0 ], [ -38.917592, -3.669203, 0.0 ], [ -38.917522, -3.669417, 0.0 ], [ -38.917319, -3.669685, 0.0 ], [ -38.917302, -3.669792, 0.0 ], [ -38.91742, -3.670097, 0.0 ], [ -38.917555, -3.670236, 0.0 ], [ -38.917968, -3.670343, 0.0 ], [ -38.918252, -3.670488, 0.0 ], [ -38.918257, -3.670702, 0.0 ], [ -38.918359, -3.670707, 0.0 ], [ -38.918408, -3.670804, 0.0 ], [ -38.91859, -3.670916, 0.0 ], [ -38.918649, -3.671012, 0.0 ], [ -38.918628, -3.67112, 0.0 ], [ -38.918703, -3.6712, 0.0 ], [ -38.918729, -3.671307, 0.0 ], [ -38.918719, -3.671628, 0.0 ], [ -38.918804, -3.671837, 0.0 ], [ -38.919024, -3.672072, 0.0 ], [ -38.919148, -3.672292, 0.0 ], [ -38.919164, -3.672613, 0.0 ], [ -38.919244, -3.672688, 0.0 ], [ -38.919556, -3.6728, 0.0 ], [ -38.919722, -3.672945, 0.0 ], [ -38.919738, -3.673057, 0.0 ], [ -38.919529, -3.67332, 0.0 ], [ -38.919298, -3.673336, 0.0 ], [ -38.919293, -3.673454, 0.0 ], [ -38.919368, -3.673657, 0.0 ], [ -38.919357, -3.673876, 0.0 ], [ -38.919529, -3.674, 0.0 ], [ -38.919582, -3.674214, 0.0 ], [ -38.919733, -3.67438, 0.0 ], [ -38.919679, -3.674476, 0.0 ], [ -38.919582, -3.674535, 0.0 ], [ -38.919582, -3.674647, 0.0 ], [ -38.919765, -3.674754, 0.0 ], [ -38.919711, -3.675161, 0.0 ], [ -38.919625, -3.67537, 0.0 ], [ -38.919625, -3.675482, 0.0 ], [ -38.919738, -3.675664, 0.0 ], [ -38.919738, -3.675879, 0.0 ], [ -38.919883, -3.676034, 0.0 ], [ -38.920022, -3.676334, 0.0 ], [ -38.920221, -3.676409, 0.0 ], [ -38.920451, -3.676773, 0.0 ], [ -38.920468, -3.67688, 0.0 ], [ -38.920328, -3.677051, 0.0 ], [ -38.920382, -3.677142, 0.0 ], [ -38.920312, -3.677351, 0.0 ], [ -38.920435, -3.677522, 0.0 ], [ -38.920505, -3.677838, 0.0 ], [ -38.920392, -3.678036, 0.0 ], [ -38.920199, -3.678148, 0.0 ], [ -38.91999, -3.678095, 0.0 ], [ -38.919904, -3.678164, 0.0 ], [ -38.919888, -3.678379, 0.0 ], [ -38.92006, -3.678518, 0.0 ], [ -38.920087, -3.678625, 0.0 ], [ -38.920012, -3.678834, 0.0 ], [ -38.920054, -3.67893, 0.0 ], [ -38.920215, -3.679075, 0.0 ], [ -38.920317, -3.679107, 0.0 ], [ -38.920521, -3.679037, 0.0 ], [ -38.920623, -3.679075, 0.0 ], [ -38.9208, -3.679342, 0.0 ], [ -38.920988, -3.679444, 0.0 ], [ -38.921031, -3.679664, 0.0 ], [ -38.920972, -3.679754, 0.0 ], [ -38.920897, -3.679669, 0.0 ], [ -38.9208, -3.679722, 0.0 ], [ -38.920736, -3.679936, 0.0 ], [ -38.920779, -3.680151, 0.0 ], [ -38.920859, -3.680226, 0.0 ], [ -38.920966, -3.680204, 0.0 ], [ -38.921031, -3.68029, 0.0 ], [ -38.92102, -3.680504, 0.0 ], [ -38.92109, -3.680857, 0.0 ], [ -38.920881, -3.680927, 0.0 ], [ -38.920918, -3.681253, 0.0 ], [ -38.921117, -3.681339, 0.0 ], [ -38.921213, -3.681537, 0.0 ], [ -38.921036, -3.682056, 0.0 ], [ -38.921047, -3.682169, 0.0 ], [ -38.921192, -3.682335, 0.0 ], [ -38.921256, -3.682651, 0.0 ], [ -38.92124, -3.682758, 0.0 ], [ -38.921224, -3.682865, 0.0 ], [ -38.921106, -3.683052, 0.0 ], [ -38.921047, -3.683261, 0.0 ], [ -38.921042, -3.683705, 0.0 ], [ -38.92099, -3.683973, 0.0 ], [ -38.92095, -3.684104, 0.0 ], [ -38.920886, -3.684206, 0.0 ], [ -38.920838, -3.684289, 0.0 ], [ -38.92083, -3.684412, 0.0 ], [ -38.920824, -3.684522, 0.0 ], [ -38.920846, -3.684537, 0.0 ], [ -38.931215, -3.680661, 0.0 ], [ -38.931677, -3.680545, 0.0 ], [ -38.932119, -3.680486, 0.0 ], [ -38.932713, -3.680519, 0.0 ], [ -38.933198, -3.68062, 0.0 ], [ -38.933651, -3.680813, 0.0 ], [ -38.937504, -3.683051, 0.0 ], [ -38.937832, -3.683197, 0.0 ], [ -38.938165, -3.683304, 0.0 ], [ -38.938701, -3.6834, 0.0 ], [ -38.939297, -3.683395, 0.0 ], [ -38.94025, -3.683149, 0.0 ], [ -38.96151, -3.711988, 0.0 ], [ -38.960818, -3.71209, 0.0 ], [ -38.960272, -3.712313, 0.0 ], [ -38.959934, -3.712682, 0.0 ], [ -38.95967, -3.713091, 0.0 ], [ -38.959558, -3.713495, 0.0 ], [ -38.959558, -3.713801, 0.0 ], [ -38.959848, -3.714743, 0.0 ], [ -38.959853, -3.715252, 0.0 ], [ -38.959934, -3.715851, 0.0 ], [ -38.960057, -3.716232, 0.0 ], [ -38.960529, -3.717254, 0.0 ], [ -38.961441, -3.718191, 0.0 ], [ -38.961489, -3.718587, 0.0 ], [ -38.96143, -3.718935, 0.0 ], [ -38.961446, -3.71924, 0.0 ], [ -38.961289, -3.719607, 0.0 ], [ -38.961194, -3.719834, 0.0 ], [ -38.960872, -3.720273, 0.0 ], [ -38.960416, -3.720476, 0.0 ], [ -38.960111, -3.720546, 0.0 ], [ -38.95981, -3.720616, 0.0 ], [ -38.959451, -3.720691, 0.0 ], [ -38.959064, -3.720862, 0.0 ], [ -38.958882, -3.720982, 0.0 ], [ -38.95868, -3.721118, 0.0 ], [ -38.95856, -3.721215, 0.0 ], [ -38.958051, -3.721644, 0.0 ], [ -38.95789, -3.721654, 0.0 ], [ -38.957665, -3.721581, 0.0 ], [ -38.957477, -3.721384, 0.0 ], [ -38.957388, -3.721285, 0.0 ], [ -38.95727, -3.721166, 0.0 ], [ -38.957076, -3.721004, 0.0 ], [ -38.956891, -3.720853, 0.0 ], [ -38.956634, -3.720553, 0.0 ], [ -38.956475, -3.720393, 0.0 ], [ -38.956389, -3.720257, 0.0 ], [ -38.956111, -3.71998, 0.0 ], [ -38.955924, -3.719701, 0.0 ], [ -38.95562, -3.719443, 0.0 ], [ -38.955186, -3.719411, 0.0 ], [ -38.954784, -3.719572, 0.0 ], [ -38.954178, -3.719866, 0.0 ], [ -38.953788, -3.720147, 0.0 ], [ -38.953652, -3.720584, 0.0 ], [ -38.953572, -3.720973, 0.0 ], [ -38.953552, -3.721662, 0.0 ], [ -38.953397, -3.722101, 0.0 ], [ -38.95318, -3.722424, 0.0 ], [ -38.952802, -3.722766, 0.0 ], [ -38.952506, -3.722958, 0.0 ], [ -38.952391, -3.723035, 0.0 ], [ -38.952071, -3.723126, 0.0 ], [ -38.951855, -3.723228, 0.0 ], [ -38.951676, -3.723532, 0.0 ], [ -38.951669, -3.723932, 0.0 ], [ -38.951857, -3.724288, 0.0 ], [ -38.952122, -3.724649, 0.0 ], [ -38.952486, -3.72515, 0.0 ], [ -38.952563, -3.725417, 0.0 ], [ -38.952439, -3.725605, 0.0 ], [ -38.952016, -3.725856, 0.0 ], [ -38.951597, -3.72607, 0.0 ], [ -38.951436, -3.72644, 0.0 ], [ -38.951458, -3.726825, 0.0 ], [ -38.951538, -3.726996, 0.0 ], [ -38.951667, -3.727146, 0.0 ], [ -38.951898, -3.727221, 0.0 ], [ -38.952413, -3.727339, 0.0 ], [ -38.952747, -3.727939, 0.0 ], [ -38.952851, -3.72818, 0.0 ], [ -38.953123, -3.728531, 0.0 ], [ -38.953363, -3.728685, 0.0 ], [ -38.953821, -3.728724, 0.0 ], [ -38.954147, -3.728735, 0.0 ], [ -38.954548, -3.728758, 0.0 ], [ -38.954913, -3.72892, 0.0 ], [ -38.955027, -3.729078, 0.0 ], [ -38.955254, -3.72966, 0.0 ], [ -38.95561, -3.73023, 0.0 ], [ -38.955749, -3.730547, 0.0 ], [ -38.955792, -3.730947, 0.0 ], [ -38.955651, -3.731204, 0.0 ], [ -38.95524, -3.731354, 0.0 ], [ -38.954773, -3.731552, 0.0 ], [ -38.954574, -3.731643, 0.0 ], [ -38.954419, -3.731889, 0.0 ], [ -38.954399, -3.732218, 0.0 ], [ -38.954692, -3.733101, 0.0 ], [ -38.954876, -3.733421, 0.0 ], [ -38.95519, -3.73424, 0.0 ], [ -38.955406, -3.734652, 0.0 ], [ -38.955858, -3.735003, 0.0 ], [ -38.956173, -3.735181, 0.0 ], [ -38.956452, -3.735353, 0.0 ], [ -38.956436, -3.735583, 0.0 ], [ -38.956304, -3.735835, 0.0 ], [ -38.956056, -3.73634, 0.0 ], [ -38.955931, -3.736718, 0.0 ], [ -38.95598, -3.737158, 0.0 ], [ -38.956197, -3.737469, 0.0 ], [ -38.956533, -3.737979, 0.0 ], [ -38.95675, -3.738312, 0.0 ], [ -38.956855, -3.738716, 0.0 ], [ -38.956793, -3.739113, 0.0 ], [ -38.956584, -3.739507, 0.0 ], [ -38.956454, -3.740044, 0.0 ], [ -38.95653, -3.740782, 0.0 ], [ -38.956441, -3.741166, 0.0 ], [ -38.956136, -3.741573, 0.0 ], [ -38.955545, -3.742028, 0.0 ], [ -38.955519, -3.742595, 0.0 ], [ -38.955642, -3.743086, 0.0 ], [ -38.955997, -3.743353, 0.0 ], [ -38.956281, -3.743372, 0.0 ], [ -38.956548, -3.743439, 0.0 ], [ -38.956824, -3.743659, 0.0 ], [ -38.95702, -3.743884, 0.0 ], [ -38.957078, -3.744121, 0.0 ], [ -38.957049, -3.744227, 0.0 ], [ -38.956829, -3.744472, 0.0 ], [ -38.956671, -3.744634, 0.0 ], [ -38.956317, -3.74472, 0.0 ], [ -38.956007, -3.744865, 0.0 ], [ -38.95577, -3.745202, 0.0 ], [ -38.955584, -3.745655, 0.0 ], [ -38.955589, -3.746236, 0.0 ], [ -38.955557, -3.746766, 0.0 ], [ -38.955631, -3.747263, 0.0 ], [ -38.955794, -3.747761, 0.0 ], [ -38.955774, -3.748043, 0.0 ], [ -38.955646, -3.748438, 0.0 ], [ -38.955393, -3.74876, 0.0 ], [ -38.955325, -3.749027, 0.0 ], [ -38.955436, -3.749394, 0.0 ], [ -38.955647, -3.749661, 0.0 ], [ -38.955906, -3.749933, 0.0 ], [ -38.956023, -3.75032, 0.0 ], [ -38.955933, -3.750878, 0.0 ], [ -38.955916, -3.751165, 0.0 ], [ -38.955964, -3.751551, 0.0 ], [ -38.956523, -3.752728, 0.0 ], [ -38.956747, -3.7532, 0.0 ], [ -38.957163, -3.753913, 0.0 ], [ -38.957249, -3.754487, 0.0 ], [ -38.957427, -3.755345, 0.0 ], [ -38.957583, -3.755933, 0.0 ], [ -38.957696, -3.756312, 0.0 ], [ -38.957734, -3.756669, 0.0 ], [ -38.957742, -3.757031, 0.0 ], [ -38.957691, -3.757386, 0.0 ], [ -38.957782, -3.757744, 0.0 ], [ -38.957997, -3.758178, 0.0 ], [ -38.958051, -3.75849, 0.0 ], [ -38.957906, -3.758943, 0.0 ], [ -38.957801, -3.759329, 0.0 ], [ -38.957498, -3.759484, 0.0 ], [ -38.957048, -3.759275, 0.0 ], [ -38.956647, -3.75922, 0.0 ], [ -38.95633, -3.759398, 0.0 ], [ -38.956103, -3.759923, 0.0 ], [ -38.955884, -3.760491, 0.0 ], [ -38.955779, -3.760952, 0.0 ], [ -38.955881, -3.761403, 0.0 ], [ -38.956102, -3.761811, 0.0 ], [ -38.955989, -3.762086, 0.0 ], [ -38.95608, -3.762523, 0.0 ], [ -38.956271, -3.762684, 0.0 ], [ -38.956493, -3.763056, 0.0 ], [ -38.95651, -3.763709, 0.0 ], [ -38.955904, -3.764124, 0.0 ], [ -38.955672, -3.764645, 0.0 ], [ -38.955854, -3.765292, 0.0 ], [ -38.956618, -3.765415, 0.0 ], [ -38.957144, -3.765897, 0.0 ], [ -38.957198, -3.766346, 0.0 ], [ -38.957164, -3.766882, 0.0 ], [ -38.957081, -3.767143, 0.0 ], [ -38.957081, -3.7679, 0.0 ], [ -38.95711, -3.768279, 0.0 ], [ -38.95711, -3.768659, 0.0 ], [ -38.957212, -3.769037, 0.0 ], [ -38.957433, -3.769336, 0.0 ], [ -38.958391, -3.769288, 0.0 ], [ -38.958925, -3.769686, 0.0 ], [ -38.96032, -3.770242, 0.0 ], [ -38.961036, -3.770801, 0.0 ], [ -38.961486, -3.771095, 0.0 ], [ -38.962382, -3.771696, 0.0 ], [ -38.966424, -3.773797, 0.0 ], [ -38.975494, -3.776324, 0.0 ], [ -38.978484, -3.778786, 0.0 ], [ -38.98086, -3.783454, 0.0 ], [ -38.981488, -3.78491, 0.0 ], [ -38.982818, -3.790333, 0.0 ], [ -38.982829, -3.791996, 0.0 ], [ -38.983054, -3.793378, 0.0 ], [ -38.983054, -3.79508, 0.0 ], [ -38.982925, -3.79645, 0.0 ], [ -38.982754, -3.798334, 0.0 ], [ -38.982743, -3.799469, 0.0 ], [ -38.982829, -3.80297, 0.0 ], [ -38.982872, -3.807037, 0.0 ], [ -38.982915, -3.81026, 0.0 ], [ -38.983162, -3.812583, 0.0 ], [ -38.983054, -3.814017, 0.0 ], [ -38.983365, -3.816094, 0.0 ], [ -38.984166, -3.818213, 0.0 ], [ -38.984835, -3.819958, 0.0 ], [ -38.98696, -3.823127, 0.0 ], [ -38.988826, -3.823472, 0.0 ], [ -38.989508, -3.823756, 0.0 ], [ -38.990313, -3.823815, 0.0 ], [ -38.990798, -3.823902, 0.0 ], [ -38.991646, -3.82403, 0.0 ], [ -38.991882, -3.824057, 0.0 ], [ -38.992296, -3.824305, 0.0 ], [ -38.992802, -3.824979, 0.0 ], [ -38.993425, -3.825387, 0.0 ], [ -38.994341, -3.825999, 0.0 ], [ -38.994705, -3.826425, 0.0 ], [ -38.994608, -3.827676, 0.0 ], [ -38.994376, -3.828342, 0.0 ], [ -38.993798, -3.829043, 0.0 ], [ -38.993478, -3.829806, 0.0 ], [ -38.993647, -3.830427, 0.0 ], [ -38.99411, -3.830728, 0.0 ], [ -38.994794, -3.830666, 0.0 ], [ -38.995888, -3.830365, 0.0 ], [ -38.996724, -3.830995, 0.0 ], [ -38.997355, -3.832281, 0.0 ], [ -38.997355, -3.833284, 0.0 ], [ -38.997738, -3.833932, 0.0 ], [ -38.998334, -3.834375, 0.0 ], [ -38.998758, -3.834572, 0.0 ], [ -38.999294, -3.835428, 0.0 ], [ -38.999488, -3.837826, 0.0 ], [ -38.998157, -3.839368, 0.0 ], [ -38.998071, -3.840224, 0.0 ], [ -38.998874, -3.841442, 0.0 ], [ -38.998874, -3.842738, 0.0 ], [ -38.999496, -3.845189, 0.0 ], [ -38.999003, -3.845767, 0.0 ], [ -38.997844, -3.846131, 0.0 ], [ -38.997758, -3.847201, 0.0 ], [ -38.998032, -3.849189, 0.0 ], [ -38.997383, -3.849598, 0.0 ], [ -38.997211, -3.850048, 0.0 ], [ -38.997158, -3.850774, 0.0 ], [ -38.996589, -3.851342, 0.0 ], [ -38.995458, -3.851636, 0.0 ], [ -38.99473, -3.852352, 0.0 ], [ -38.993264, -3.854215, 0.0 ], [ -38.992706, -3.855579, 0.0 ], [ -38.992744, -3.85634, 0.0 ], [ -38.992558, -3.85659, 0.0 ], [ -38.992238, -3.856539, 0.0 ], [ -38.991943, -3.85618, 0.0 ], [ -38.991872, -3.855387, 0.0 ], [ -38.992161, -3.854823, 0.0 ], [ -38.992109, -3.854516, 0.0 ], [ -38.991802, -3.854433, 0.0 ], [ -38.991218, -3.85451, 0.0 ], [ -38.990852, -3.854599, 0.0 ], [ -38.99073, -3.854855, 0.0 ], [ -38.990705, -3.855438, 0.0 ], [ -38.990448, -3.855841, 0.0 ], [ -38.989961, -3.856067, 0.0 ], [ -38.988908, -3.856303, 0.0 ], [ -38.988434, -3.856613, 0.0 ], [ -38.988295, -3.857167, 0.0 ], [ -38.988695, -3.857704, 0.0 ], [ -38.988703, -3.858373, 0.0 ], [ -38.988254, -3.858723, 0.0 ], [ -38.987909, -3.859236, 0.0 ], [ -38.988089, -3.85978, 0.0 ], [ -38.98789, -3.860229, 0.0 ], [ -38.987518, -3.860619, 0.0 ], [ -38.987139, -3.860753, 0.0 ], [ -38.986697, -3.860606, 0.0 ], [ -38.98637, -3.860241, 0.0 ], [ -38.986228, -3.859723, 0.0 ], [ -38.986094, -3.859512, 0.0 ], [ -38.985747, -3.859601, 0.0 ], [ -38.98569, -3.859947, 0.0 ], [ -38.985724, -3.860476, 0.0 ], [ -38.985512, -3.86084, 0.0 ], [ -38.984813, -3.861397, 0.0 ], [ -38.984505, -3.861768, 0.0 ], [ -38.984383, -3.862357, 0.0 ], [ -38.984375, -3.862992, 0.0 ], [ -38.984369, -3.86347, 0.0 ], [ -38.984241, -3.864123, 0.0 ], [ -38.984504, -3.864424, 0.0 ], [ -38.984953, -3.864296, 0.0 ], [ -38.985393, -3.863753, 0.0 ], [ -38.986219, -3.863619, 0.0 ], [ -38.986387, -3.864258, 0.0 ], [ -38.986842, -3.864678, 0.0 ], [ -38.987234, -3.866387, 0.0 ], [ -38.986593, -3.866918, 0.0 ], [ -38.986612, -3.867392, 0.0 ], [ -38.986811, -3.867827, 0.0 ], [ -38.987369, -3.868038, 0.0 ], [ -38.987593, -3.868384, 0.0 ], [ -38.987632, -3.868825, 0.0 ], [ -38.988081, -3.869177, 0.0 ], [ -38.988178, -3.869423, 0.0 ], [ -38.987369, -3.869724, 0.0 ], [ -38.987292, -3.870076, 0.0 ], [ -38.987504, -3.870415, 0.0 ], [ -38.987568, -3.870793, 0.0 ], [ -38.987382, -3.871183, 0.0 ], [ -38.986946, -3.871401, 0.0 ], [ -38.986465, -3.871305, 0.0 ], [ -38.986228, -3.870947, 0.0 ], [ -38.985907, -3.870857, 0.0 ], [ -38.985753, -3.871139, 0.0 ], [ -38.98581, -3.871516, 0.0 ], [ -38.985676, -3.871779, 0.0 ], [ -38.985054, -3.872037, 0.0 ], [ -38.985135, -3.872267, 0.0 ], [ -38.985299, -3.872738, 0.0 ], [ -38.985503, -3.872763, 0.0 ], [ -38.985863, -3.872681, 0.0 ], [ -38.986851, -3.873162, 0.0 ], [ -38.986941, -3.87348, 0.0 ], [ -38.986663, -3.873708, 0.0 ], [ -38.985479, -3.87383, 0.0 ], [ -38.984874, -3.87427, 0.0 ], [ -38.984504, -3.874749, 0.0 ], [ -38.984137, -3.874969, 0.0 ], [ -38.983982, -3.875336, 0.0 ], [ -38.984104, -3.875711, 0.0 ], [ -38.984635, -3.876126, 0.0 ], [ -38.984978, -3.876697, 0.0 ], [ -38.985019, -3.87721, 0.0 ], [ -38.984764, -3.877829, 0.0 ], [ -38.984404, -3.878016, 0.0 ], [ -38.984094, -3.87791, 0.0 ], [ -38.983179, -3.877047, 0.0 ], [ -38.982795, -3.877096, 0.0 ], [ -38.982501, -3.877511, 0.0 ], [ -38.982191, -3.877812, 0.0 ], [ -38.981603, -3.878, 0.0 ], [ -38.981382, -3.878269, 0.0 ], [ -38.981382, -3.879067, 0.0 ], [ -38.981921, -3.879825, 0.0 ], [ -38.981828, -3.880212, 0.0 ], [ -38.980746, -3.880699, 0.0 ], [ -38.980725, -3.88128, 0.0 ], [ -38.9811, -3.881654, 0.0 ], [ -38.981672, -3.881913, 0.0 ], [ -38.981682, -3.882328, 0.0 ], [ -38.981308, -3.882857, 0.0 ], [ -38.981048, -3.883251, 0.0 ], [ -38.980496, -3.883241, 0.0 ], [ -38.980392, -3.882795, 0.0 ], [ -38.98007, -3.882432, 0.0 ], [ -38.979852, -3.882525, 0.0 ], [ -38.979675, -3.882774, 0.0 ], [ -38.97981, -3.88321, 0.0 ], [ -38.979582, -3.883532, 0.0 ], [ -38.978926, -3.883532, 0.0 ], [ -38.978562, -3.88404, 0.0 ], [ -38.978043, -3.884372, 0.0 ], [ -38.978199, -3.885098, 0.0 ], [ -38.978895, -3.884808, 0.0 ], [ -38.979292, -3.885189, 0.0 ], [ -38.978959, -3.886123, 0.0 ], [ -38.978564, -3.886496, 0.0 ], [ -38.978616, -3.88686, 0.0 ], [ -38.978928, -3.887358, 0.0 ], [ -38.978699, -3.88827, 0.0 ], [ -38.978387, -3.888426, 0.0 ], [ -38.977877, -3.888198, 0.0 ], [ -38.977358, -3.88854, 0.0 ], [ -38.977254, -3.888851, 0.0 ], [ -38.977493, -3.889183, 0.0 ], [ -38.977867, -3.889349, 0.0 ], [ -38.978314, -3.889785, 0.0 ], [ -38.978726, -3.890585, 0.0 ], [ -38.978736, -3.892006, 0.0 ], [ -38.979235, -3.893043, 0.0 ], [ -38.979984, -3.893189, 0.0 ], [ -38.980379, -3.893552, 0.0 ], [ -38.980348, -3.89407, 0.0 ], [ -38.979942, -3.894579, 0.0 ], [ -38.978567, -3.895109, 0.0 ], [ -38.978297, -3.895461, 0.0 ], [ -38.978412, -3.896167, 0.0 ], [ -38.977985, -3.896571, 0.0 ], [ -38.977465, -3.896613, 0.0 ], [ -38.976748, -3.896312, 0.0 ], [ -38.976114, -3.896198, 0.0 ], [ -38.975375, -3.896406, 0.0 ], [ -38.975011, -3.896997, 0.0 ], [ -38.974408, -3.897671, 0.0 ], [ -38.973743, -3.897899, 0.0 ], [ -38.972935, -3.897703, 0.0 ], [ -38.972298, -3.896978, 0.0 ], [ -38.971767, -3.896953, 0.0 ], [ -38.971236, -3.897312, 0.0 ], [ -38.970738, -3.897825, 0.0 ], [ -38.970665, -3.898241, 0.0 ], [ -38.970412, -3.898404, 0.0 ], [ -38.970142, -3.898339, 0.0 ], [ -38.969933, -3.897916, 0.0 ], [ -38.969921, -3.89715, 0.0 ], [ -38.969747, -3.896723, 0.0 ], [ -38.969406, -3.896538, 0.0 ], [ -38.968599, -3.896751, 0.0 ], [ -38.968204, -3.89748, 0.0 ], [ -38.967632, -3.898185, 0.0 ], [ -38.967226, -3.89915, 0.0 ], [ -38.967012, -3.900305, 0.0 ], [ -38.966752, -3.900668, 0.0 ], [ -38.965505, -3.901166, 0.0 ], [ -38.964725, -3.902566, 0.0 ], [ -38.964652, -3.903147, 0.0 ], [ -38.964013, -3.904089, 0.0 ], [ -38.963482, -3.904415, 0.0 ], [ -38.963261, -3.904774, 0.0 ], [ -38.963441, -3.905124, 0.0 ], [ -38.963482, -3.905434, 0.0 ], [ -38.96322, -3.905678, 0.0 ], [ -38.961432, -3.905621, 0.0 ], [ -38.961064, -3.905947, 0.0 ], [ -38.961064, -3.906297, 0.0 ], [ -38.961456, -3.90655, 0.0 ], [ -38.961865, -3.906994, 0.0 ], [ -38.961871, -3.907678, 0.0 ], [ -38.961512, -3.908274, 0.0 ], [ -38.960832, -3.908862, 0.0 ], [ -38.960608, -3.909381, 0.0 ], [ -38.960627, -3.910612, 0.0 ], [ -38.959317, -3.91179, 0.0 ], [ -38.958591, -3.91323, 0.0 ], [ -38.95835, -3.913709, 0.0 ], [ -38.958163, -3.914284, 0.0 ], [ -38.958788, -3.915929, 0.0 ], [ -38.959838, -3.916292, 0.0 ], [ -38.960597, -3.91679, 0.0 ], [ -38.961013, -3.917848, 0.0 ], [ -38.961224, -3.919184, 0.0 ], [ -38.962232, -3.920169, 0.0 ], [ -38.962453, -3.922789, 0.0 ], [ -38.962122, -3.923212, 0.0 ], [ -38.961632, -3.923185, 0.0 ], [ -38.96097, -3.923317, 0.0 ], [ -38.959845, -3.924664, 0.0 ], [ -38.958587, -3.92551, 0.0 ], [ -38.958388, -3.925814, 0.0 ], [ -38.958918, -3.926183, 0.0 ], [ -38.959011, -3.926857, 0.0 ], [ -38.958719, -3.927372, 0.0 ], [ -38.957475, -3.92753, 0.0 ], [ -38.956482, -3.927966, 0.0 ], [ -38.95562, -3.929488, 0.0 ], [ -38.954601, -3.929845, 0.0 ], [ -38.954124, -3.930122, 0.0 ], [ -38.953912, -3.930505, 0.0 ], [ -38.953992, -3.931298, 0.0 ], [ -38.955051, -3.932618, 0.0 ], [ -38.954985, -3.933278, 0.0 ], [ -38.954548, -3.933675, 0.0 ], [ -38.953754, -3.933794, 0.0 ], [ -38.953158, -3.934058, 0.0 ], [ -38.952086, -3.934758, 0.0 ], [ -38.95101, -3.934625, 0.0 ], [ -38.950538, -3.934925, 0.0 ], [ -38.950109, -3.935739, 0.0 ], [ -38.948822, -3.936274, 0.0 ], [ -38.948328, -3.936188, 0.0 ], [ -38.947663, -3.936552, 0.0 ], [ -38.947298, -3.937301, 0.0 ], [ -38.947062, -3.938179, 0.0 ], [ -38.946997, -3.942478, 0.0 ], [ -38.945916, -3.943411, 0.0 ], [ -38.945793, -3.943999, 0.0 ], [ -38.945588, -3.944294, 0.0 ], [ -38.945215, -3.944492, 0.0 ], [ -38.944093, -3.944345, 0.0 ], [ -38.943573, -3.944511, 0.0 ], [ -38.943466, -3.944673, 0.0 ], [ -38.921, -3.952, 0.0 ], [ -38.906, -3.958, 0.0 ], [ -38.871651, -3.968739, 0.0 ], [ -38.848333, -3.994871, 0.0 ], [ -38.822833, -3.971992, 0.0 ], [ -38.811631, -3.961942, 0.0 ], [ -38.796199, -3.9661, 0.0 ], [ -38.794404, -3.966741, 0.0 ], [ -38.792301, -3.966966, 0.0 ], [ -38.78772, -3.966644, 0.0 ], [ -38.785176, -3.964286, 0.0 ], [ -38.780109, -3.9543, 0.0 ], [ -38.778786, -3.953171, 0.0 ], [ -38.77711, -3.952202, 0.0 ], [ -38.775966, -3.951359, 0.0 ], [ -38.775699, -3.95088, 0.0 ], [ -38.775318, -3.950497, 0.0 ], [ -38.770977, -3.945263, 0.0 ], [ -38.769237, -3.943635, 0.0 ], [ -38.766378, -3.94306, 0.0 ], [ -38.765353, -3.941958, 0.0 ], [ -38.764233, -3.94045, 0.0 ], [ -38.761374, -3.936572, 0.0 ], [ -38.757624, -3.932457, 0.0 ], [ -38.757039, -3.929748, 0.0 ], [ -38.755991, -3.927809, 0.0 ], [ -38.754418, -3.927474, 0.0 ], [ -38.75269, -3.927787, 0.0 ], [ -38.750604, -3.929076, 0.0 ], [ -38.749412, -3.930345, 0.0 ], [ -38.748088, -3.930881, 0.0 ], [ -38.747057, -3.931855, 0.0 ], [ -38.745783, -3.932543, 0.0 ], [ -38.744772, -3.933462, 0.0 ], [ -38.744066, -3.934208, 0.0 ], [ -38.743876, -3.934476, 0.0 ], [ -38.743589, -3.934783, 0.0 ], [ -38.743259, -3.935152, 0.0 ], [ -38.740412, -3.932144, 0.0 ], [ -38.73719, -3.930211, 0.0 ], [ -38.736396, -3.929426, 0.0 ], [ -38.735711, -3.926381, 0.0 ], [ -38.735349, -3.92506, 0.0 ], [ -38.735369, -3.922762, 0.0 ], [ -38.735121, -3.921172, 0.0 ], [ -38.735026, -3.91987, 0.0 ], [ -38.735637, -3.918913, 0.0 ], [ -38.735542, -3.918185, 0.0 ], [ -38.734951, -3.916959, 0.0 ], [ -38.732455, -3.91265, 0.0 ], [ -38.732468, -3.909855, 0.0 ], [ -38.731789, -3.908514, 0.0 ], [ -38.730532, -3.906832, 0.0 ], [ -38.729877, -3.905785, 0.0 ], [ -38.728954, -3.904947, 0.0 ], [ -38.727733, -3.904498, 0.0 ], [ -38.726173, -3.902277, 0.0 ], [ -38.725142, -3.902043, 0.0 ], [ -38.724308, -3.901474, 0.0 ], [ -38.72305, -3.895324, 0.0 ], [ -38.722284, -3.894442, 0.0 ], [ -38.72148, -3.893874, 0.0 ], [ -38.721012, -3.892731, 0.0 ], [ -38.720856, -3.891689, 0.0 ], [ -38.719784, -3.889325, 0.0 ], [ -38.718911, -3.887092, 0.0 ], [ -38.717819, -3.885375, 0.0 ], [ -38.717164, -3.883669, 0.0 ], [ -38.716241, -3.881964, 0.0 ], [ -38.715259, -3.880677, 0.0 ], [ -38.713531, -3.87918, 0.0 ], [ -38.711893, -3.878102, 0.0 ], [ -38.710732, -3.877534, 0.0 ], [ -38.709332, -3.876665, 0.0 ], [ -38.70826, -3.875767, 0.0 ], [ -38.707337, -3.8746, 0.0 ], [ -38.706384, -3.874301, 0.0 ], [ -38.705108, -3.87479, 0.0 ], [ -38.704119, -3.875168, 0.0 ], [ -38.703017, -3.875347, 0.0 ], [ -38.702451, -3.874718, 0.0 ], [ -38.701469, -3.87406, 0.0 ], [ -38.700635, -3.873012, 0.0 ], [ -38.69995, -3.872084, 0.0 ], [ -38.699176, -3.871156, 0.0 ], [ -38.698819, -3.870169, 0.0 ], [ -38.697717, -3.869241, 0.0 ], [ -38.696466, -3.868373, 0.0 ], [ -38.695632, -3.867206, 0.0 ], [ -38.695072, -3.865495, 0.0 ], [ -38.692403, -3.861145, 0.0 ], [ -38.690152, -3.8597, 0.0 ], [ -38.688119, -3.856787, 0.0 ], [ -38.679448, -3.841785, 0.0 ], [ -38.675406, -3.834793, 0.0 ], [ -38.669555, -3.82758, 0.0 ], [ -38.669497, -3.827491, 0.0 ], [ -38.669359, -3.827412, 0.0 ], [ -38.669228, -3.827397, 0.0 ], [ -38.668914, -3.82742, 0.0 ], [ -38.668576, -3.827511, 0.0 ], [ -38.66827, -3.827639, 0.0 ], [ -38.668029, -3.827709, 0.0 ], [ -38.66775, -3.827639, 0.0 ], [ -38.667581, -3.827591, 0.0 ], [ -38.667283, -3.827556, 0.0 ], [ -38.667047, -3.827615, 0.0 ], [ -38.666688, -3.827658, 0.0 ], [ -38.666422, -3.827742, 0.0 ], [ -38.666307, -3.827663, 0.0 ], [ -38.666234, -3.827524, 0.0 ], [ -38.666197, -3.827412, 0.0 ], [ -38.666151, -3.82731, 0.0 ], [ -38.66609, -3.827254, 0.0 ], [ -38.665966, -3.827243, 0.0 ], [ -38.665813, -3.827278, 0.0 ], [ -38.665652, -3.827281, 0.0 ], [ -38.665516, -3.827251, 0.0 ], [ -38.665379, -3.827211, 0.0 ], [ -38.665215, -3.82719, 0.0 ], [ -38.665065, -3.827171, 0.0 ], [ -38.66495, -3.827176, 0.0 ], [ -38.664794, -3.827109, 0.0 ], [ -38.664668, -3.827026, 0.0 ], [ -38.664478, -3.82696, 0.0 ], [ -38.664412, -3.826954, 0.0 ], [ -38.664337, -3.826956, 0.0 ], [ -38.664172, -3.82696, 0.0 ], [ -38.663882, -3.82697, 0.0 ], [ -38.663657, -3.826938, 0.0 ], [ -38.663313, -3.826922, 0.0 ], [ -38.663008, -3.827018, 0.0 ], [ -38.662407, -3.8272, 0.0 ], [ -38.66209, -3.82727, 0.0 ], [ -38.661511, -3.827232, 0.0 ], [ -38.661184, -3.827158, 0.0 ], [ -38.660964, -3.827061, 0.0 ], [ -38.66076, -3.826965, 0.0 ], [ -38.660299, -3.826981, 0.0 ], [ -38.660191, -3.826986, 0.0 ], [ -38.660052, -3.827083, 0.0 ], [ -38.659939, -3.827174, 0.0 ], [ -38.65973, -3.827297, 0.0 ], [ -38.659177, -3.827259, 0.0 ], [ -38.658936, -3.827232, 0.0 ], [ -38.658743, -3.827158, 0.0 ], [ -38.658671, -3.827097, 0.0 ], [ -38.65863, -3.827061, 0.0 ], [ -38.658534, -3.826852, 0.0 ], [ -38.658373, -3.826767, 0.0 ], [ -38.658206, -3.826772, 0.0 ], [ -38.658008, -3.826831, 0.0 ], [ -38.657793, -3.82696, 0.0 ], [ -38.657584, -3.827158, 0.0 ], [ -38.657525, -3.827259, 0.0 ], [ -38.657332, -3.827382, 0.0 ], [ -38.657171, -3.82758, 0.0 ], [ -38.657139, -3.827773, 0.0 ], [ -38.657032, -3.828057, 0.0 ], [ -38.65671, -3.828303, 0.0 ], [ -38.656184, -3.828442, 0.0 ], [ -38.655409, -3.828474, 0.0 ], [ -38.654677, -3.828571, 0.0 ], [ -38.654229, -3.828675, 0.0 ], [ -38.65406, -3.828704, 0.0 ], [ -38.653741, -3.828761, 0.0 ], [ -38.65337, -3.828795, 0.0 ], [ -38.653006, -3.828741, 0.0 ], [ -38.652658, -3.828698, 0.0 ], [ -38.65231, -3.828595, 0.0 ], [ -38.651614, -3.828304, 0.0 ], [ -38.651093, -3.828041, 0.0 ], [ -38.650135, -3.827618, 0.0 ], [ -38.649533, -3.82724, 0.0 ], [ -38.64891, -3.826817, 0.0 ], [ -38.648489, -3.826481, 0.0 ], [ -38.648138, -3.826381, 0.0 ], [ -38.647409, -3.826132, 0.0 ], [ -38.647061, -3.826015, 0.0 ], [ -38.646713, -3.825956, 0.0 ], [ -38.646365, -3.825884, 0.0 ], [ -38.646017, -3.825796, 0.0 ], [ -38.645669, -3.825606, 0.0 ], [ -38.645159, -3.825505, 0.0 ], [ -38.644414, -3.825439, 0.0 ], [ -38.643759, -3.825247, 0.0 ], [ -38.643127, -3.824642, 0.0 ], [ -38.642954, -3.824459, 0.0 ], [ -38.642884, -3.824389, 0.0 ], [ -38.642666, -3.824251, 0.0 ], [ -38.642534, -3.824056, 0.0 ], [ -38.642087, -3.823901, 0.0 ], [ -38.64187, -3.823798, 0.0 ], [ -38.641522, -3.823667, 0.0 ], [ -38.641276, -3.82357, 0.0 ], [ -38.641062, -3.822801, 0.0 ], [ -38.640938, -3.82188, 0.0 ], [ -38.641035, -3.821184, 0.0 ], [ -38.64127, -3.819704, 0.0 ], [ -38.641843, -3.819137, 0.0 ], [ -38.642212, -3.818664, 0.0 ], [ -38.642395, -3.818321, 0.0 ], [ -38.64254, -3.818001, 0.0 ], [ -38.642626, -3.81768, 0.0 ], [ -38.642743, -3.817359, 0.0 ], [ -38.642816, -3.817039, 0.0 ], [ -38.642816, -3.816719, 0.0 ], [ -38.642786, -3.816223, 0.0 ], [ -38.642896, -3.815218, 0.0 ], [ -38.643179, -3.814533, 0.0 ], [ -38.643476, -3.813907, 0.0 ], [ -38.643643, -3.813441, 0.0 ], [ -38.643687, -3.813223, 0.0 ], [ -38.643804, -3.812582, 0.0 ], [ -38.646163, -3.811587, 0.0 ], [ -38.646759, -3.811309, 0.0 ], [ -38.646952, -3.8111, 0.0 ], [ -38.646979, -3.81095, 0.0 ], [ -38.646949, -3.810664, 0.0 ], [ -38.646847, -3.81049, 0.0 ], [ -38.646644, -3.810294, 0.0 ], [ -38.646466, -3.810206, 0.0 ], [ -38.646381, -3.810083, 0.0 ], [ -38.64633, -3.809893, 0.0 ], [ -38.646072, -3.809858, 0.0 ], [ -38.646061, -3.809714, 0.0 ], [ -38.646094, -3.809612, 0.0 ], [ -38.646037, -3.809211, 0.0 ], [ -38.646024, -3.808996, 0.0 ], [ -38.646037, -3.808822, 0.0 ], [ -38.646013, -3.808718, 0.0 ], [ -38.64597, -3.808681, 0.0 ], [ -38.645863, -3.808643, 0.0 ], [ -38.645833, -3.808595, 0.0 ], [ -38.645809, -3.808434, 0.0 ], [ -38.645724, -3.80837, 0.0 ], [ -38.645579, -3.808194, 0.0 ], [ -38.645533, -3.808038, 0.0 ], [ -38.645364, -3.807902, 0.0 ], [ -38.645171, -3.8078, 0.0 ], [ -38.64509, -3.80765, 0.0 ], [ -38.644967, -3.807522, 0.0 ], [ -38.644602, -3.807399, 0.0 ], [ -38.644479, -3.807233, 0.0 ], [ -38.644393, -3.806965, 0.0 ], [ -38.644358, -3.806925, 0.0 ], [ -38.644259, -3.806885, 0.0 ], [ -38.644098, -3.80688, 0.0 ], [ -38.6438, -3.807, 0.0 ], [ -38.643682, -3.80711, 0.0 ], [ -38.643647, -3.807214, 0.0 ], [ -38.643532, -3.807332, 0.0 ], [ -38.643503, -3.807375, 0.0 ], [ -38.643484, -3.807482, 0.0 ], [ -38.643438, -3.807511, 0.0 ], [ -38.643328, -3.807533, 0.0 ], [ -38.643036, -3.807645, 0.0 ], [ -38.642982, -3.807634, 0.0 ], [ -38.642896, -3.807492, 0.0 ], [ -38.642854, -3.80746, 0.0 ], [ -38.642744, -3.807463, 0.0 ], [ -38.642647, -3.807516, 0.0 ], [ -38.642594, -3.807628, 0.0 ], [ -38.642442, -3.807439, 0.0 ], [ -38.642196, -3.80722, 0.0 ], [ -38.641906, -3.807059, 0.0 ], [ -38.641471, -3.806827, 0.0 ], [ -38.641003, -3.806671, 0.0 ], [ -38.640584, -3.80612, 0.0 ], [ -38.640633, -3.805766, 0.0 ], [ -38.640847, -3.805215, 0.0 ], [ -38.64082, -3.804986, 0.0 ], [ -38.640326, -3.804823, 0.0 ], [ -38.639918, -3.804614, 0.0 ], [ -38.639834, -3.804572, 0.0 ], [ -38.639726, -3.804522, 0.0 ], [ -38.639595, -3.804492, 0.0 ], [ -38.639528, -3.804417, 0.0 ], [ -38.639482, -3.804356, 0.0 ], [ -38.63945, -3.804238, 0.0 ], [ -38.639439, -3.804128, 0.0 ], [ -38.639442, -3.804021, 0.0 ], [ -38.639442, -3.803869, 0.0 ], [ -38.639485, -3.803697, 0.0 ], [ -38.639455, -3.803532, 0.0 ], [ -38.639444, -3.803237, 0.0 ], [ -38.639391, -3.803087, 0.0 ], [ -38.639275, -3.802884, 0.0 ], [ -38.638814, -3.802691, 0.0 ], [ -38.638648, -3.802571, 0.0 ], [ -38.638543, -3.802549, 0.0 ], [ -38.63839, -3.802573, 0.0 ], [ -38.638294, -3.802496, 0.0 ], [ -38.638154, -3.802322, 0.0 ], [ -38.638146, -3.802156, 0.0 ], [ -38.638093, -3.801998, 0.0 ], [ -38.638093, -3.80161, 0.0 ], [ -38.638076, -3.801559, 0.0 ], [ -38.637908, -3.801424, 0.0 ], [ -38.637717, -3.801282, 0.0 ], [ -38.637666, -3.801243, 0.0 ], [ -38.637446, -3.801096, 0.0 ], [ -38.637387, -3.801005, 0.0 ], [ -38.637159, -3.80077, 0.0 ], [ -38.636958, -3.800668, 0.0 ], [ -38.63669, -3.800502, 0.0 ], [ -38.63647, -3.799977, 0.0 ], [ -38.636195, -3.799802, 0.0 ], [ -38.635952, -3.799663, 0.0 ], [ -38.635797, -3.799471, 0.0 ], [ -38.635578, -3.799218, 0.0 ], [ -38.635266, -3.799072, 0.0 ], [ -38.635152, -3.798844, 0.0 ], [ -38.634904, -3.798626, 0.0 ], [ -38.634905, -3.798453, 0.0 ], [ -38.634548, -3.798093, 0.0 ], [ -38.634452, -3.797823, 0.0 ], [ -38.634419, -3.797567, 0.0 ], [ -38.634423, -3.79737, 0.0 ], [ -38.634542, -3.797182, 0.0 ], [ -38.635064, -3.796836, 0.0 ], [ -38.6353, -3.796527, 0.0 ], [ -38.635321, -3.796266, 0.0 ], [ -38.635017, -3.795564, 0.0 ], [ -38.635124, -3.795458, 0.0 ], [ -38.635294, -3.795398, 0.0 ], [ -38.635401, -3.795084, 0.0 ], [ -38.635632, -3.794894, 0.0 ], [ -38.635667, -3.794658, 0.0 ], [ -38.63567, -3.79459, 0.0 ], [ -38.635678, -3.794443, 0.0 ], [ -38.635459, -3.793636, 0.0 ], [ -38.635324, -3.79355, 0.0 ], [ -38.635085, -3.793547, 0.0 ], [ -38.63501, -3.79351, 0.0 ], [ -38.634836, -3.793339, 0.0 ], [ -38.634971, -3.793094, 0.0 ], [ -38.63487, -3.792949, 0.0 ], [ -38.635054, -3.792551, 0.0 ], [ -38.635049, -3.791684, 0.0 ], [ -38.634944, -3.791453, 0.0 ], [ -38.634386, -3.791236, 0.0 ], [ -38.633858, -3.790749, 0.0 ], [ -38.633439, -3.790579, 0.0 ], [ -38.631578, -3.783743, 0.0 ], [ -38.630942, -3.783887, 0.0 ], [ -38.630894, -3.783882, 0.0 ], [ -38.629438, -3.784274, 0.0 ], [ -38.628003, -3.784715, 0.0 ], [ -38.627898, -3.784362, 0.0 ], [ -38.627793, -3.784009, 0.0 ], [ -38.627718, -3.78376, 0.0 ], [ -38.627598, -3.783318, 0.0 ], [ -38.627535, -3.783081, 0.0 ], [ -38.627421, -3.782617, 0.0 ], [ -38.626012, -3.783018, 0.0 ], [ -38.625987, -3.783026, 0.0 ], [ -38.625794, -3.78234, 0.0 ], [ -38.625695, -3.782004, 0.0 ], [ -38.625606, -3.781678, 0.0 ], [ -38.62556, -3.781506, 0.0 ], [ -38.625503, -3.781302, 0.0 ], [ -38.625442, -3.781077, 0.0 ], [ -38.62541, -3.78096, 0.0 ], [ -38.623975, -3.781366, 0.0 ], [ -38.622549, -3.781774, 0.0 ], [ -38.622486, -3.781792, 0.0 ], [ -38.622328, -3.78113, 0.0 ], [ -38.622312, -3.781076, 0.0 ], [ -38.622306, -3.781054, 0.0 ], [ -38.622107, -3.780363, 0.0 ], [ -38.621919, -3.779689, 0.0 ], [ -38.621716, -3.778958, 0.0 ], [ -38.621541, -3.778265, 0.0 ], [ -38.621322, -3.777543, 0.0 ], [ -38.621185, -3.777094, 0.0 ], [ -38.621173, -3.777057, 0.0 ], [ -38.621165, -3.777026, 0.0 ], [ -38.621151, -3.77697, 0.0 ], [ -38.621318, -3.776983, 0.0 ], [ -38.621442, -3.777045, 0.0 ], [ -38.621442, -3.776995, 0.0 ], [ -38.62142, -3.776956, 0.0 ], [ -38.62141, -3.77694, 0.0 ], [ -38.62126, -3.776677, 0.0 ], [ -38.621, -3.776132, 0.0 ], [ -38.620355, -3.774944, 0.0 ], [ -38.62001, -3.774292, 0.0 ], [ -38.619888, -3.774028, 0.0 ], [ -38.619306, -3.772906, 0.0 ], [ -38.619224, -3.772763, 0.0 ], [ -38.619108, -3.772548, 0.0 ], [ -38.618903, -3.772155, 0.0 ], [ -38.618697, -3.771779, 0.0 ], [ -38.618522, -3.771423, 0.0 ], [ -38.618486, -3.771354, 0.0 ], [ -38.618363, -3.771106, 0.0 ], [ -38.618324, -3.771036, 0.0 ], [ -38.618125, -3.770669, 0.0 ], [ -38.618039, -3.770501, 0.0 ], [ -38.617919, -3.770331, 0.0 ], [ -38.617897, -3.770298, 0.0 ], [ -38.617637, -3.769949, 0.0 ], [ -38.617368, -3.769593, 0.0 ], [ -38.617094, -3.769237, 0.0 ], [ -38.616837, -3.768914, 0.0 ], [ -38.61677, -3.768829, 0.0 ], [ -38.616831, -3.768792, 0.0 ], [ -38.616972, -3.768657, 0.0 ], [ -38.616916, -3.768581, 0.0 ], [ -38.616715, -3.768252, 0.0 ], [ -38.616546, -3.767896, 0.0 ], [ -38.616386, -3.767524, 0.0 ], [ -38.61614, -3.766976, 0.0 ], [ -38.615882, -3.766376, 0.0 ], [ -38.615538, -3.765582, 0.0 ], [ -38.61526, -3.764954, 0.0 ], [ -38.614933, -3.764213, 0.0 ], [ -38.614742, -3.76377, 0.0 ], [ -38.614541, -3.763314, 0.0 ], [ -38.61453, -3.763285, 0.0 ], [ -38.61444, -3.763067, 0.0 ], [ -38.614161, -3.762432, 0.0 ], [ -38.613994, -3.762048, 0.0 ], [ -38.613623, -3.761207, 0.0 ], [ -38.612961, -3.75969, 0.0 ], [ -38.612526, -3.758667, 0.0 ], [ -38.612318, -3.758213, 0.0 ], [ -38.612103, -3.757738, 0.0 ], [ -38.611869, -3.757272, 0.0 ], [ -38.611769, -3.757081, 0.0 ], [ -38.611662, -3.756892, 0.0 ], [ -38.611441, -3.756523, 0.0 ], [ -38.611198, -3.756148, 0.0 ], [ -38.611098, -3.756004, 0.0 ], [ -38.611037, -3.755918, 0.0 ], [ -38.610482, -3.755192, 0.0 ], [ -38.609756, -3.754395, 0.0 ], [ -38.609229, -3.753902, 0.0 ], [ -38.608812, -3.753553, 0.0 ], [ -38.608651, -3.753426, 0.0 ], [ -38.608436, -3.75326, 0.0 ], [ -38.608151, -3.753053, 0.0 ], [ -38.607677, -3.752727, 0.0 ], [ -38.607467, -3.752584, 0.0 ], [ -38.607133, -3.752356, 0.0 ], [ -38.606801, -3.752133, 0.0 ], [ -38.604674, -3.750697, 0.0 ], [ -38.604455, -3.750577, 0.0 ], [ -38.604432, -3.75057, 0.0 ], [ -38.604372, -3.750529, 0.0 ], [ -38.604094, -3.750356, 0.0 ], [ -38.603131, -3.749745, 0.0 ], [ -38.602885, -3.749574, 0.0 ], [ -38.602181, -3.74909, 0.0 ], [ -38.601641, -3.748725, 0.0 ], [ -38.601458, -3.748576, 0.0 ], [ -38.601257, -3.748352, 0.0 ], [ -38.601057, -3.748111, 0.0 ], [ -38.60076, -3.747657, 0.0 ], [ -38.600454, -3.746951, 0.0 ], [ -38.600126, -3.745907, 0.0 ], [ -38.599412, -3.743769, 0.0 ], [ -38.599391, -3.743706, 0.0 ], [ -38.598962, -3.742392, 0.0 ], [ -38.598926, -3.742266, 0.0 ], [ -38.599444, -3.741681, 0.0 ], [ -38.599828, -3.74154, 0.0 ], [ -38.60006, -3.741519, 0.0 ], [ -38.600202, -3.741565, 0.0 ], [ -38.600331, -3.741667, 0.0 ], [ -38.600493, -3.741761, 0.0 ], [ -38.600662, -3.741784, 0.0 ], [ -38.600851, -3.741701, 0.0 ], [ -38.601004, -3.741598, 0.0 ], [ -38.601088, -3.741457, 0.0 ], [ -38.601167, -3.74125, 0.0 ], [ -38.601201, -3.74108, 0.0 ], [ -38.601215, -3.740981, 0.0 ], [ -38.601255, -3.74081, 0.0 ], [ -38.601557, -3.740132, 0.0 ], [ -38.601671, -3.739587, 0.0 ], [ -38.601711, -3.738754, 0.0 ], [ -38.601632, -3.737649, 0.0 ], [ -38.601669, -3.737464, 0.0 ], [ -38.60178, -3.737321, 0.0 ], [ -38.602173, -3.737124, 0.0 ], [ -38.602246, -3.736974, 0.0 ], [ -38.602226, -3.736775, 0.0 ], [ -38.60168, -3.736061, 0.0 ], [ -38.601112, -3.734645, 0.0 ], [ -38.601141, -3.734454, 0.0 ], [ -38.601337, -3.734263, 0.0 ], [ -38.60197, -3.73396, 0.0 ], [ -38.602183, -3.733795, 0.0 ], [ -38.602464, -3.733309, 0.0 ], [ -38.603559, -3.732381, 0.0 ], [ -38.604614, -3.730566, 0.0 ], [ -38.604611, -3.730135, 0.0 ], [ -38.604734, -3.72948, 0.0 ], [ -38.605468, -3.728505, 0.0 ], [ -38.605832, -3.727868, 0.0 ], [ -38.605873, -3.727712, 0.0 ], [ -38.605867, -3.727454, 0.0 ], [ -38.605982, -3.72713, 0.0 ], [ -38.606156, -3.727008, 0.0 ], [ -38.606224, -3.726972, 0.0 ], [ -38.606552, -3.727017, 0.0 ], [ -38.607943, -3.72616, 0.0 ], [ -38.608151, -3.725954, 0.0 ], [ -38.608424, -3.725819, 0.0 ], [ -38.608678, -3.725503, 0.0 ], [ -38.608658, -3.725238, 0.0 ], [ -38.608687, -3.725114, 0.0 ], [ -38.608793, -3.724967, 0.0 ], [ -38.609226, -3.724726, 0.0 ], [ -38.60942, -3.724138, 0.0 ], [ -38.609725, -3.724032, 0.0 ], [ -38.61, -3.724291, 0.0 ], [ -38.610117, -3.72432, 0.0 ], [ -38.610234, -3.724262, 0.0 ], [ -38.610299, -3.724185, 0.0 ], [ -38.610258, -3.72385, 0.0 ], [ -38.610404, -3.723585, 0.0 ], [ -38.610551, -3.723544, 0.0 ], [ -38.610838, -3.723626, 0.0 ], [ -38.611207, -3.723556, 0.0 ], [ -38.611679, -3.723212, 0.0 ], [ -38.612341, -3.723036, 0.0 ], [ -38.613176, -3.722548, 0.0 ], [ -38.613474, -3.722424, 0.0 ], [ -38.613773, -3.722418, 0.0 ], [ -38.614019, -3.722489, 0.0 ], [ -38.614371, -3.72273, 0.0 ], [ -38.614722, -3.722801, 0.0 ], [ -38.61495, -3.722713, 0.0 ], [ -38.615079, -3.722537, 0.0 ], [ -38.615033, -3.721995, 0.0 ], [ -38.615786, -3.721192, 0.0 ], [ -38.61626, -3.720898, 0.0 ], [ -38.616714, -3.72068, 0.0 ], [ -38.616942, -3.720849, 0.0 ], [ -38.617067, -3.721033, 0.0 ], [ -38.617163, -3.721236, 0.0 ], [ -38.617161, -3.721454, 0.0 ], [ -38.617106, -3.721664, 0.0 ], [ -38.617136, -3.721917, 0.0 ], [ -38.617245, -3.722065, 0.0 ], [ -38.617398, -3.722083, 0.0 ], [ -38.617609, -3.721958, 0.0 ], [ -38.617794, -3.72168, 0.0 ], [ -38.617903, -3.721368, 0.0 ], [ -38.617983, -3.721099, 0.0 ], [ -38.618047, -3.720874, 0.0 ], [ -38.618008, -3.720536, 0.0 ], [ -38.617846, -3.72025, 0.0 ], [ -38.617637, -3.720174, 0.0 ], [ -38.617293, -3.720179, 0.0 ], [ -38.617197, -3.720224, 0.0 ], [ -38.616906, -3.719927, 0.0 ], [ -38.616787, -3.719752, 0.0 ], [ -38.61673, -3.719567, 0.0 ], [ -38.616974, -3.71911, 0.0 ], [ -38.617196, -3.718878, 0.0 ] ] ] } },
{ "type": "Feature", "properties": { "Name": "Maracanaú - AIS 12", "Description": "descrição: <br>@id: relation/302620<br>IBGE:GEOCODIGO: 2307650<br>admin_level: 8<br>boundary: administrative<br>name: Maracanaú<br>place: municipality<br>population: 234509<br>population:date: 2023-08-31<br>source: IBGE<br>source:population: IBGE, DOU de 31/08/2023<br>type: boundary<br>wikidata: Q1794732<br>wikipedia: pt:Maracanaú<br>@relations: " }, "geometry": { "type": "Polygon", "coordinates": [ [ [ -38.5834, -3.839398, 0.0 ], [ -38.583372, -3.839266, 0.0 ], [ -38.583363, -3.839204, 0.0 ], [ -38.583374, -3.839117, 0.0 ], [ -38.583378, -3.839096, 0.0 ], [ -38.5834, -3.839037, 0.0 ], [ -38.58342, -3.838996, 0.0 ], [ -38.583474, -3.83894, 0.0 ], [ -38.583528, -3.838912, 0.0 ], [ -38.583605, -3.838886, 0.0 ], [ -38.583696, -3.838879, 0.0 ], [ -38.58376, -3.838889, 0.0 ], [ -38.58383, -3.838907, 0.0 ], [ -38.58393, -3.838969, 0.0 ], [ -38.583994, -3.83903, 0.0 ], [ -38.584039, -3.839119, 0.0 ], [ -38.584082, -3.839204, 0.0 ], [ -38.584138, -3.839419, 0.0 ], [ -38.58424, -3.839394, 0.0 ], [ -38.585668, -3.83902, 0.0 ], [ -38.586811, -3.838704, 0.0 ], [ -38.586952, -3.838684, 0.0 ], [ -38.587084, -3.838693, 0.0 ], [ -38.587147, -3.838716, 0.0 ], [ -38.587618, -3.838926, 0.0 ], [ -38.587657, -3.838897, 0.0 ], [ -38.587924, -3.838718, 0.0 ], [ -38.588007, -3.838657, 0.0 ], [ -38.588149, -3.838554, 0.0 ], [ -38.588544, -3.838265, 0.0 ], [ -38.589069, -3.837898, 0.0 ], [ -38.589589, -3.83752, 0.0 ], [ -38.589651, -3.837448, 0.0 ], [ -38.589877, -3.837168, 0.0 ], [ -38.59002, -3.836983, 0.0 ], [ -38.590487, -3.836628, 0.0 ], [ -38.591011, -3.836265, 0.0 ], [ -38.59157, -3.835879, 0.0 ], [ -38.592087, -3.835536, 0.0 ], [ -38.592624, -3.835188, 0.0 ], [ -38.593149, -3.834818, 0.0 ], [ -38.593665, -3.834463, 0.0 ], [ -38.59413, -3.834168, 0.0 ], [ -38.59452, -3.833947, 0.0 ], [ -38.596344, -3.833455, 0.0 ], [ -38.596637, -3.833377, 0.0 ], [ -38.596676, -3.833356, 0.0 ], [ -38.597544, -3.832934, 0.0 ], [ -38.5982, -3.832584, 0.0 ], [ -38.598503, -3.832427, 0.0 ], [ -38.599479, -3.831885, 0.0 ], [ -38.600481, -3.831353, 0.0 ], [ -38.601447, -3.83084, 0.0 ], [ -38.601957, -3.830577, 0.0 ], [ -38.602444, -3.830343, 0.0 ], [ -38.603358, -3.829903, 0.0 ], [ -38.603959, -3.829614, 0.0 ], [ -38.604372, -3.829377, 0.0 ], [ -38.604711, -3.82919, 0.0 ], [ -38.605052, -3.829002, 0.0 ], [ -38.605395, -3.828803, 0.0 ], [ -38.606374, -3.828302, 0.0 ], [ -38.607248, -3.827842, 0.0 ], [ -38.607352, -3.827789, 0.0 ], [ -38.608315, -3.827266, 0.0 ], [ -38.609298, -3.826753, 0.0 ], [ -38.610284, -3.82626, 0.0 ], [ -38.611272, -3.825752, 0.0 ], [ -38.612242, -3.82523, 0.0 ], [ -38.613229, -3.824734, 0.0 ], [ -38.613199, -3.824669, 0.0 ], [ -38.613604, -3.824441, 0.0 ], [ -38.614674, -3.823994, 0.0 ], [ -38.61476, -3.82381, 0.0 ], [ -38.614765, -3.823664, 0.0 ], [ -38.614726, -3.823508, 0.0 ], [ -38.614605, -3.823275, 0.0 ], [ -38.614487, -3.823165, 0.0 ], [ -38.614344, -3.823113, 0.0 ], [ -38.614243, -3.823046, 0.0 ], [ -38.614123, -3.822867, 0.0 ], [ -38.615093, -3.822382, 0.0 ], [ -38.617738, -3.821031, 0.0 ], [ -38.617786, -3.821006, 0.0 ], [ -38.617869, -3.820954, 0.0 ], [ -38.617952, -3.820886, 0.0 ], [ -38.618198, -3.821151, 0.0 ], [ -38.618568, -3.820789, 0.0 ], [ -38.618636, -3.820722, 0.0 ], [ -38.61868, -3.820679, 0.0 ], [ -38.619019, -3.820347, 0.0 ], [ -38.619815, -3.819591, 0.0 ], [ -38.620267, -3.819143, 0.0 ], [ -38.620602, -3.818811, 0.0 ], [ -38.621391, -3.818045, 0.0 ], [ -38.622517, -3.816973, 0.0 ], [ -38.622212, -3.816474, 0.0 ], [ -38.622184, -3.816422, 0.0 ], [ -38.622057, -3.816207, 0.0 ], [ -38.621836, -3.81583, 0.0 ], [ -38.621714, -3.815625, 0.0 ], [ -38.621513, -3.815297, 0.0 ], [ -38.622843, -3.814271, 0.0 ], [ -38.624149, -3.813269, 0.0 ], [ -38.625527, -3.812219, 0.0 ], [ -38.626848, -3.811247, 0.0 ], [ -38.62711, -3.81105, 0.0 ], [ -38.62801, -3.810435, 0.0 ], [ -38.628086, -3.810402, 0.0 ], [ -38.628125, -3.810387, 0.0 ], [ -38.628194, -3.810363, 0.0 ], [ -38.628239, -3.810349, 0.0 ], [ -38.628263, -3.81034, 0.0 ], [ -38.630464, -3.809772, 0.0 ], [ -38.63053, -3.809753, 0.0 ], [ -38.630385, -3.809121, 0.0 ], [ -38.630238, -3.808483, 0.0 ], [ -38.630086, -3.807823, 0.0 ], [ -38.629948, -3.807187, 0.0 ], [ -38.629772, -3.806542, 0.0 ], [ -38.632067, -3.805976, 0.0 ], [ -38.634368, -3.80543, 0.0 ], [ -38.635912, -3.805137, 0.0 ], [ -38.636352, -3.805036, 0.0 ], [ -38.636738, -3.804892, 0.0 ], [ -38.6368, -3.80487, 0.0 ], [ -38.637092, -3.804805, 0.0 ], [ -38.637312, -3.804784, 0.0 ], [ -38.637565, -3.804723, 0.0 ], [ -38.637726, -3.804699, 0.0 ], [ -38.637798, -3.803032, 0.0 ], [ -38.637898, -3.801613, 0.0 ], [ -38.637908, -3.801424, 0.0 ], [ -38.638076, -3.801559, 0.0 ], [ -38.638093, -3.80161, 0.0 ], [ -38.638093, -3.801998, 0.0 ], [ -38.638146, -3.802156, 0.0 ], [ -38.638154, -3.802322, 0.0 ], [ -38.638294, -3.802496, 0.0 ], [ -38.63839, -3.802573, 0.0 ], [ -38.638543, -3.802549, 0.0 ], [ -38.638648, -3.802571, 0.0 ], [ -38.638814, -3.802691, 0.0 ], [ -38.639275, -3.802884, 0.0 ], [ -38.639391, -3.803087, 0.0 ], [ -38.639444, -3.803237, 0.0 ], [ -38.639455, -3.803532, 0.0 ], [ -38.639485, -3.803697, 0.0 ], [ -38.639442, -3.803869, 0.0 ], [ -38.639442, -3.804021, 0.0 ], [ -38.639439, -3.804128, 0.0 ], [ -38.63945, -3.804238, 0.0 ], [ -38.639482, -3.804356, 0.0 ], [ -38.639528, -3.804417, 0.0 ], [ -38.639595, -3.804492, 0.0 ], [ -38.639726, -3.804522, 0.0 ], [ -38.639834, -3.804572, 0.0 ], [ -38.639918, -3.804614, 0.0 ], [ -38.640326, -3.804823, 0.0 ], [ -38.64082, -3.804986, 0.0 ], [ -38.640847, -3.805215, 0.0 ], [ -38.640633, -3.805766, 0.0 ], [ -38.640584, -3.80612, 0.0 ], [ -38.641003, -3.806671, 0.0 ], [ -38.641471, -3.806827, 0.0 ], [ -38.641906, -3.807059, 0.0 ], [ -38.642196, -3.80722, 0.0 ], [ -38.642442, -3.807439, 0.0 ], [ -38.642594, -3.807628, 0.0 ], [ -38.642647, -3.807516, 0.0 ], [ -38.642744, -3.807463, 0.0 ], [ -38.642854, -3.80746, 0.0 ], [ -38.642896, -3.807492, 0.0 ], [ -38.642982, -3.807634, 0.0 ], [ -38.643036, -3.807645, 0.0 ], [ -38.643328, -3.807533, 0.0 ], [ -38.643438, -3.807511, 0.0 ], [ -38.643484, -3.807482, 0.0 ], [ -38.643503, -3.807375, 0.0 ], [ -38.643532, -3.807332, 0.0 ], [ -38.643647, -3.807214, 0.0 ], [ -38.643682, -3.80711, 0.0 ], [ -38.6438, -3.807, 0.0 ], [ -38.644098, -3.80688, 0.0 ], [ -38.644259, -3.806885, 0.0 ], [ -38.644358, -3.806925, 0.0 ], [ -38.644393, -3.806965, 0.0 ], [ -38.644479, -3.807233, 0.0 ], [ -38.644602, -3.807399, 0.0 ], [ -38.644967, -3.807522, 0.0 ], [ -38.64509, -3.80765, 0.0 ], [ -38.645171, -3.8078, 0.0 ], [ -38.645364, -3.807902, 0.0 ], [ -38.645533, -3.808038, 0.0 ], [ -38.645579, -3.808194, 0.0 ], [ -38.645724, -3.80837, 0.0 ], [ -38.645809, -3.808434, 0.0 ], [ -38.645833, -3.808595, 0.0 ], [ -38.645863, -3.808643, 0.0 ], [ -38.64597, -3.808681, 0.0 ], [ -38.646013, -3.808718, 0.0 ], [ -38.646037, -3.808822, 0.0 ], [ -38.646024, -3.808996, 0.0 ], [ -38.646037, -3.809211, 0.0 ], [ -38.646094, -3.809612, 0.0 ], [ -38.646061, -3.809714, 0.0 ], [ -38.646072, -3.809858, 0.0 ], [ -38.64633, -3.809893, 0.0 ], [ -38.646381, -3.810083, 0.0 ], [ -38.646466, -3.810206, 0.0 ], [ -38.646644, -3.810294, 0.0 ], [ -38.646847, -3.81049, 0.0 ], [ -38.646949, -3.810664, 0.0 ], [ -38.646979, -3.81095, 0.0 ], [ -38.646952, -3.8111, 0.0 ], [ -38.646759, -3.811309, 0.0 ], [ -38.646163, -3.811587, 0.0 ], [ -38.643804, -3.812582, 0.0 ], [ -38.643687, -3.813223, 0.0 ], [ -38.643643, -3.813441, 0.0 ], [ -38.643476, -3.813907, 0.0 ], [ -38.643179, -3.814533, 0.0 ], [ -38.642896, -3.815218, 0.0 ], [ -38.642786, -3.816223, 0.0 ], [ -38.642816, -3.816719, 0.0 ], [ -38.642816, -3.817039, 0.0 ], [ -38.642743, -3.817359, 0.0 ], [ -38.642626, -3.81768, 0.0 ], [ -38.64254, -3.818001, 0.0 ], [ -38.642395, -3.818321, 0.0 ], [ -38.642212, -3.818664, 0.0 ], [ -38.641843, -3.819137, 0.0 ], [ -38.64127, -3.819704, 0.0 ], [ -38.641035, -3.821184, 0.0 ], [ -38.640938, -3.82188, 0.0 ], [ -38.641062, -3.822801, 0.0 ], [ -38.641276, -3.82357, 0.0 ], [ -38.641522, -3.823667, 0.0 ], [ -38.64187, -3.823798, 0.0 ], [ -38.642087, -3.823901, 0.0 ], [ -38.642534, -3.824056, 0.0 ], [ -38.642666, -3.824251, 0.0 ], [ -38.642884, -3.824389, 0.0 ], [ -38.642954, -3.824459, 0.0 ], [ -38.643127, -3.824642, 0.0 ], [ -38.643759, -3.825247, 0.0 ], [ -38.644414, -3.825439, 0.0 ], [ -38.645159, -3.825505, 0.0 ], [ -38.645669, -3.825606, 0.0 ], [ -38.646017, -3.825796, 0.0 ], [ -38.646365, -3.825884, 0.0 ], [ -38.646713, -3.825956, 0.0 ], [ -38.647061, -3.826015, 0.0 ], [ -38.647409, -3.826132, 0.0 ], [ -38.648138, -3.826381, 0.0 ], [ -38.648489, -3.826481, 0.0 ], [ -38.64891, -3.826817, 0.0 ], [ -38.649533, -3.82724, 0.0 ], [ -38.650135, -3.827618, 0.0 ], [ -38.651093, -3.828041, 0.0 ], [ -38.651614, -3.828304, 0.0 ], [ -38.65231, -3.828595, 0.0 ], [ -38.652658, -3.828698, 0.0 ], [ -38.653006, -3.828741, 0.0 ], [ -38.65337, -3.828795, 0.0 ], [ -38.653741, -3.828761, 0.0 ], [ -38.65406, -3.828704, 0.0 ], [ -38.654229, -3.828675, 0.0 ], [ -38.654677, -3.828571, 0.0 ], [ -38.655409, -3.828474, 0.0 ], [ -38.656184, -3.828442, 0.0 ], [ -38.65671, -3.828303, 0.0 ], [ -38.657032, -3.828057, 0.0 ], [ -38.657139, -3.827773, 0.0 ], [ -38.657171, -3.82758, 0.0 ], [ -38.657332, -3.827382, 0.0 ], [ -38.657525, -3.827259, 0.0 ], [ -38.657584, -3.827158, 0.0 ], [ -38.657793, -3.82696, 0.0 ], [ -38.658008, -3.826831, 0.0 ], [ -38.658206, -3.826772, 0.0 ], [ -38.658373, -3.826767, 0.0 ], [ -38.658534, -3.826852, 0.0 ], [ -38.65863, -3.827061, 0.0 ], [ -38.658671, -3.827097, 0.0 ], [ -38.658743, -3.827158, 0.0 ], [ -38.658936, -3.827232, 0.0 ], [ -38.659177, -3.827259, 0.0 ], [ -38.65973, -3.827297, 0.0 ], [ -38.659939, -3.827174, 0.0 ], [ -38.660052, -3.827083, 0.0 ], [ -38.660191, -3.826986, 0.0 ], [ -38.660299, -3.826981, 0.0 ], [ -38.66076, -3.826965, 0.0 ], [ -38.660964, -3.827061, 0.0 ], [ -38.661184, -3.827158, 0.0 ], [ -38.661511, -3.827232, 0.0 ], [ -38.66209, -3.82727, 0.0 ], [ -38.662407, -3.8272, 0.0 ], [ -38.663008, -3.827018, 0.0 ], [ -38.663313, -3.826922, 0.0 ], [ -38.663657, -3.826938, 0.0 ], [ -38.663882, -3.82697, 0.0 ], [ -38.664172, -3.82696, 0.0 ], [ -38.664337, -3.826956, 0.0 ], [ -38.664412, -3.826954, 0.0 ], [ -38.664478, -3.82696, 0.0 ], [ -38.664668, -3.827026, 0.0 ], [ -38.664794, -3.827109, 0.0 ], [ -38.66495, -3.827176, 0.0 ], [ -38.665065, -3.827171, 0.0 ], [ -38.665215, -3.82719, 0.0 ], [ -38.665379, -3.827211, 0.0 ], [ -38.665516, -3.827251, 0.0 ], [ -38.665652, -3.827281, 0.0 ], [ -38.665813, -3.827278, 0.0 ], [ -38.665966, -3.827243, 0.0 ], [ -38.66609, -3.827254, 0.0 ], [ -38.666151, -3.82731, 0.0 ], [ -38.666197, -3.827412, 0.0 ], [ -38.666234, -3.827524, 0.0 ], [ -38.666307, -3.827663, 0.0 ], [ -38.666422, -3.827742, 0.0 ], [ -38.666688, -3.827658, 0.0 ], [ -38.667047, -3.827615, 0.0 ], [ -38.667283, -3.827556, 0.0 ], [ -38.667581, -3.827591, 0.0 ], [ -38.66775, -3.827639, 0.0 ], [ -38.668029, -3.827709, 0.0 ], [ -38.66827, -3.827639, 0.0 ], [ -38.668576, -3.827511, 0.0 ], [ -38.668914, -3.82742, 0.0 ], [ -38.669228, -3.827397, 0.0 ], [ -38.669359, -3.827412, 0.0 ], [ -38.669497, -3.827491, 0.0 ], [ -38.669555, -3.82758, 0.0 ], [ -38.675406, -3.834793, 0.0 ], [ -38.679448, -3.841785, 0.0 ], [ -38.688119, -3.856787, 0.0 ], [ -38.688008, -3.856852, 0.0 ], [ -38.687941, -3.856893, 0.0 ], [ -38.687904, -3.85691, 0.0 ], [ -38.687721, -3.856962, 0.0 ], [ -38.687539, -3.857029, 0.0 ], [ -38.687469, -3.857077, 0.0 ], [ -38.687423, -3.857127, 0.0 ], [ -38.687396, -3.857176, 0.0 ], [ -38.687379, -3.857238, 0.0 ], [ -38.68736, -3.857284, 0.0 ], [ -38.687331, -3.857326, 0.0 ], [ -38.687292, -3.857368, 0.0 ], [ -38.687259, -3.857398, 0.0 ], [ -38.687183, -3.857438, 0.0 ], [ -38.687117, -3.857453, 0.0 ], [ -38.687041, -3.857458, 0.0 ], [ -38.686982, -3.857438, 0.0 ], [ -38.686935, -3.857401, 0.0 ], [ -38.686844, -3.857322, 0.0 ], [ -38.686794, -3.857271, 0.0 ], [ -38.686728, -3.857218, 0.0 ], [ -38.686653, -3.857171, 0.0 ], [ -38.686598, -3.857132, 0.0 ], [ -38.68655, -3.857097, 0.0 ], [ -38.6865, -3.857076, 0.0 ], [ -38.686451, -3.857077, 0.0 ], [ -38.68642, -3.857084, 0.0 ], [ -38.686379, -3.857085, 0.0 ], [ -38.686325, -3.857068, 0.0 ], [ -38.686277, -3.85705, 0.0 ], [ -38.685584, -3.856942, 0.0 ], [ -38.685534, -3.856926, 0.0 ], [ -38.685507, -3.85691, 0.0 ], [ -38.685467, -3.856875, 0.0 ], [ -38.685433, -3.856861, 0.0 ], [ -38.685347, -3.85685, 0.0 ], [ -38.685205, -3.85685, 0.0 ], [ -38.684699, -3.856815, 0.0 ], [ -38.684182, -3.856734, 0.0 ], [ -38.683931, -3.856713, 0.0 ], [ -38.683839, -3.856734, 0.0 ], [ -38.683314, -3.857018, 0.0 ], [ -38.683052, -3.857127, 0.0 ], [ -38.68211, -3.85751, 0.0 ], [ -38.682039, -3.857545, 0.0 ], [ -38.68199, -3.857555, 0.0 ], [ -38.681948, -3.857554, 0.0 ], [ -38.681908, -3.857543, 0.0 ], [ -38.681586, -3.857457, 0.0 ], [ -38.681413, -3.857843, 0.0 ], [ -38.681188, -3.858185, 0.0 ], [ -38.680276, -3.858731, 0.0 ], [ -38.67975, -3.858977, 0.0 ], [ -38.678824, -3.859257, 0.0 ], [ -38.678607, -3.859345, 0.0 ], [ -38.678287, -3.85949, 0.0 ], [ -38.677969, -3.859578, 0.0 ], [ -38.67765, -3.859635, 0.0 ], [ -38.67733, -3.85965, 0.0 ], [ -38.676519, -3.859649, 0.0 ], [ -38.675532, -3.859722, 0.0 ], [ -38.674685, -3.860114, 0.0 ], [ -38.672794, -3.860159, 0.0 ], [ -38.671686, -3.860975, 0.0 ], [ -38.671098, -3.861334, 0.0 ], [ -38.669866, -3.861945, 0.0 ], [ -38.669226, -3.862195, 0.0 ], [ -38.668054, -3.862555, 0.0 ], [ -38.667528, -3.86267, 0.0 ], [ -38.666996, -3.862753, 0.0 ], [ -38.665923, -3.862823, 0.0 ], [ -38.664848, -3.862763, 0.0 ], [ -38.664412, -3.862528, 0.0 ], [ -38.663716, -3.861988, 0.0 ], [ -38.663144, -3.861654, 0.0 ], [ -38.662524, -3.861426, 0.0 ], [ -38.662092, -3.861336, 0.0 ], [ -38.661211, -3.860933, 0.0 ], [ -38.660306, -3.860587, 0.0 ], [ -38.65938, -3.860301, 0.0 ], [ -38.658439, -3.860074, 0.0 ], [ -38.657485, -3.859908, 0.0 ], [ -38.656522, -3.859805, 0.0 ], [ -38.655555, -3.859763, 0.0 ], [ -38.655456, -3.859935, 0.0 ], [ -38.658186, -3.862749, 0.0 ], [ -38.660813, -3.865456, 0.0 ], [ -38.655659, -3.869524, 0.0 ], [ -38.655638, -3.869566, 0.0 ], [ -38.655601, -3.869618, 0.0 ], [ -38.65552, -3.869711, 0.0 ], [ -38.655446, -3.869802, 0.0 ], [ -38.65528, -3.869951, 0.0 ], [ -38.655214, -3.870003, 0.0 ], [ -38.655043, -3.870135, 0.0 ], [ -38.654736, -3.870386, 0.0 ], [ -38.654552, -3.870517, 0.0 ], [ -38.654494, -3.87056, 0.0 ], [ -38.654447, -3.870614, 0.0 ], [ -38.654298, -3.870796, 0.0 ], [ -38.65425, -3.870844, 0.0 ], [ -38.654121, -3.870962, 0.0 ], [ -38.654044, -3.871026, 0.0 ], [ -38.653967, -3.871085, 0.0 ], [ -38.653892, -3.871141, 0.0 ], [ -38.653809, -3.871193, 0.0 ], [ -38.653747, -3.871234, 0.0 ], [ -38.65367, -3.871299, 0.0 ], [ -38.653592, -3.871378, 0.0 ], [ -38.653477, -3.87151, 0.0 ], [ -38.653395, -3.871598, 0.0 ], [ -38.653166, -3.871841, 0.0 ], [ -38.652534, -3.87244, 0.0 ], [ -38.652424, -3.872536, 0.0 ], [ -38.652248, -3.87271, 0.0 ], [ -38.65214, -3.87281, 0.0 ], [ -38.651963, -3.872952, 0.0 ], [ -38.651897, -3.873016, 0.0 ], [ -38.651842, -3.87308, 0.0 ], [ -38.651809, -3.87312, 0.0 ], [ -38.651771, -3.873145, 0.0 ], [ -38.651708, -3.873177, 0.0 ], [ -38.651434, -3.873274, 0.0 ], [ -38.650802, -3.873598, 0.0 ], [ -38.650346, -3.87381, 0.0 ], [ -38.650139, -3.873899, 0.0 ], [ -38.649609, -3.874171, 0.0 ], [ -38.649359, -3.874332, 0.0 ], [ -38.64874, -3.874654, 0.0 ], [ -38.648158, -3.874931, 0.0 ], [ -38.647799, -3.875089, 0.0 ], [ -38.64753, -3.875222, 0.0 ], [ -38.646595, -3.875745, 0.0 ], [ -38.646602, -3.875814, 0.0 ], [ -38.646774, -3.876274, 0.0 ], [ -38.647, -3.876388, 0.0 ], [ -38.647368, -3.876458, 0.0 ], [ -38.647793, -3.876769, 0.0 ], [ -38.648203, -3.876811, 0.0 ], [ -38.648458, -3.87739, 0.0 ], [ -38.64888, -3.877665, 0.0 ], [ -38.649, -3.877761, 0.0 ], [ -38.649178, -3.87801, 0.0 ], [ -38.649402, -3.878198, 0.0 ], [ -38.64979, -3.878144, 0.0 ], [ -38.650351, -3.878108, 0.0 ], [ -38.650438, -3.878179, 0.0 ], [ -38.650575, -3.878323, 0.0 ], [ -38.650395, -3.878506, 0.0 ], [ -38.649389, -3.879538, 0.0 ], [ -38.649213, -3.879722, 0.0 ], [ -38.649058, -3.879952, 0.0 ], [ -38.648934, -3.880206, 0.0 ], [ -38.648844, -3.880497, 0.0 ], [ -38.648811, -3.880729, 0.0 ], [ -38.648758, -3.881825, 0.0 ], [ -38.648738, -3.882236, 0.0 ], [ -38.648486, -3.887468, 0.0 ], [ -38.64826, -3.892685, 0.0 ], [ -38.648222, -3.893058, 0.0 ], [ -38.648134, -3.893449, 0.0 ], [ -38.648029, -3.89373, 0.0 ], [ -38.648292, -3.893899, 0.0 ], [ -38.65114, -3.89551, 0.0 ], [ -38.650246, -3.897026, 0.0 ], [ -38.649797, -3.898001, 0.0 ], [ -38.649768, -3.898077, 0.0 ], [ -38.649823, -3.898142, 0.0 ], [ -38.650226, -3.898361, 0.0 ], [ -38.650605, -3.898556, 0.0 ], [ -38.651282, -3.898884, 0.0 ], [ -38.651422, -3.898956, 0.0 ], [ -38.651517, -3.899042, 0.0 ], [ -38.651733, -3.899415, 0.0 ], [ -38.651839, -3.899556, 0.0 ], [ -38.651929, -3.899623, 0.0 ], [ -38.652276, -3.899813, 0.0 ], [ -38.652484, -3.899864, 0.0 ], [ -38.652908, -3.899918, 0.0 ], [ -38.653157, -3.899914, 0.0 ], [ -38.653235, -3.899921, 0.0 ], [ -38.653948, -3.90052, 0.0 ], [ -38.65423, -3.900823, 0.0 ], [ -38.654352, -3.901072, 0.0 ], [ -38.653971, -3.901432, 0.0 ], [ -38.651646, -3.902453, 0.0 ], [ -38.652672, -3.90486, 0.0 ], [ -38.653626, -3.907113, 0.0 ], [ -38.653509, -3.907194, 0.0 ], [ -38.653698, -3.907728, 0.0 ], [ -38.653818, -3.90769, 0.0 ], [ -38.653965, -3.907605, 0.0 ], [ -38.654127, -3.907664, 0.0 ], [ -38.654327, -3.907986, 0.0 ], [ -38.6541, -3.908104, 0.0 ], [ -38.654126, -3.908222, 0.0 ], [ -38.654296, -3.9088, 0.0 ], [ -38.65441, -3.909223, 0.0 ], [ -38.654426, -3.909355, 0.0 ], [ -38.654493, -3.909813, 0.0 ], [ -38.65454, -3.91005, 0.0 ], [ -38.654712, -3.910733, 0.0 ], [ -38.654843, -3.911219, 0.0 ], [ -38.654964, -3.911536, 0.0 ], [ -38.65528, -3.912125, 0.0 ], [ -38.655535, -3.912589, 0.0 ], [ -38.655555, -3.912671, 0.0 ], [ -38.657236, -3.915733, 0.0 ], [ -38.657327, -3.91591, 0.0 ], [ -38.657474, -3.916017, 0.0 ], [ -38.657586, -3.916089, 0.0 ], [ -38.65738, -3.916333, 0.0 ], [ -38.657292, -3.91652, 0.0 ], [ -38.657294, -3.91682, 0.0 ], [ -38.6573, -3.917508, 0.0 ], [ -38.657356, -3.91781, 0.0 ], [ -38.657426, -3.917989, 0.0 ], [ -38.657498, -3.91812, 0.0 ], [ -38.657579, -3.918193, 0.0 ], [ -38.657737, -3.918262, 0.0 ], [ -38.657922, -3.918321, 0.0 ], [ -38.65804, -3.918415, 0.0 ], [ -38.658225, -3.918803, 0.0 ], [ -38.658332, -3.918912, 0.0 ], [ -38.658552, -3.918864, 0.0 ], [ -38.65948, -3.918546, 0.0 ], [ -38.660108, -3.918334, 0.0 ], [ -38.660342, -3.918233, 0.0 ], [ -38.660626, -3.918064, 0.0 ], [ -38.660891, -3.917904, 0.0 ], [ -38.660993, -3.917877, 0.0 ], [ -38.661143, -3.917891, 0.0 ], [ -38.661205, -3.917981, 0.0 ], [ -38.661275, -3.918131, 0.0 ], [ -38.661535, -3.918838, 0.0 ], [ -38.661994, -3.920028, 0.0 ], [ -38.662029, -3.920084, 0.0 ], [ -38.662079, -3.920135, 0.0 ], [ -38.662115, -3.920161, 0.0 ], [ -38.662283, -3.92021, 0.0 ], [ -38.662474, -3.920242, 0.0 ], [ -38.662635, -3.920253, 0.0 ], [ -38.662841, -3.920266, 0.0 ], [ -38.663072, -3.92032, 0.0 ], [ -38.66338, -3.920419, 0.0 ], [ -38.663582, -3.920456, 0.0 ], [ -38.663732, -3.920462, 0.0 ], [ -38.663936, -3.920398, 0.0 ], [ -38.663914, -3.920708, 0.0 ], [ -38.663979, -3.921639, 0.0 ], [ -38.663861, -3.922078, 0.0 ], [ -38.662047, -3.924529, 0.0 ], [ -38.662021, -3.924604, 0.0 ], [ -38.661876, -3.925022, 0.0 ], [ -38.661747, -3.926274, 0.0 ], [ -38.66091, -3.927794, 0.0 ], [ -38.660309, -3.929324, 0.0 ], [ -38.659977, -3.929817, 0.0 ], [ -38.659869, -3.93063, 0.0 ], [ -38.659553, -3.931237, 0.0 ], [ -38.659323, -3.931506, 0.0 ], [ -38.658974, -3.931954, 0.0 ], [ -38.65878, -3.932192, 0.0 ], [ -38.658539, -3.932429, 0.0 ], [ -38.658442, -3.932484, 0.0 ], [ -38.658342, -3.93258, 0.0 ], [ -38.657925, -3.932688, 0.0 ], [ -38.65727, -3.932869, 0.0 ], [ -38.656559, -3.933063, 0.0 ], [ -38.655856, -3.933267, 0.0 ], [ -38.655356, -3.933405, 0.0 ], [ -38.655315, -3.933548, 0.0 ], [ -38.654998, -3.934607, 0.0 ], [ -38.654472, -3.935759, 0.0 ], [ -38.654345, -3.936289, 0.0 ], [ -38.654306, -3.936943, 0.0 ], [ -38.654449, -3.937959, 0.0 ], [ -38.654435, -3.938683, 0.0 ], [ -38.654192, -3.939159, 0.0 ], [ -38.654135, -3.939778, 0.0 ], [ -38.654343, -3.941187, 0.0 ], [ -38.654322, -3.941816, 0.0 ], [ -38.65488, -3.943121, 0.0 ], [ -38.65546, -3.944213, 0.0 ], [ -38.655953, -3.945369, 0.0 ], [ -38.656104, -3.946418, 0.0 ], [ -38.656256, -3.947933, 0.0 ], [ -38.658597, -3.95404, 0.0 ], [ -38.640116, -3.968453, 0.0 ], [ -38.634733, -3.958271, 0.0 ], [ -38.633868, -3.957775, 0.0 ], [ -38.633211, -3.957551, 0.0 ], [ -38.632593, -3.957477, 0.0 ], [ -38.632116, -3.957246, 0.0 ], [ -38.631289, -3.956987, 0.0 ], [ -38.631009, -3.956474, 0.0 ], [ -38.630795, -3.955487, 0.0 ], [ -38.629988, -3.953356, 0.0 ], [ -38.628792, -3.951213, 0.0 ], [ -38.628505, -3.950932, 0.0 ], [ -38.624325, -3.947913, 0.0 ], [ -38.623017, -3.946644, 0.0 ], [ -38.621055, -3.945117, 0.0 ], [ -38.620646, -3.944709, 0.0 ], [ -38.619979, -3.943297, 0.0 ], [ -38.619215, -3.940782, 0.0 ], [ -38.619032, -3.940441, 0.0 ], [ -38.618626, -3.940246, 0.0 ], [ -38.618055, -3.939643, 0.0 ], [ -38.617896, -3.939364, 0.0 ], [ -38.617547, -3.938492, 0.0 ], [ -38.616874, -3.935965, 0.0 ], [ -38.616513, -3.930911, 0.0 ], [ -38.616137, -3.928731, 0.0 ], [ -38.614499, -3.924474, 0.0 ], [ -38.614163, -3.923711, 0.0 ], [ -38.611577, -3.921834, 0.0 ], [ -38.611795, -3.92093, 0.0 ], [ -38.611966, -3.920018, 0.0 ], [ -38.612144, -3.918477, 0.0 ], [ -38.612508, -3.91599, 0.0 ], [ -38.612947, -3.914049, 0.0 ], [ -38.613609, -3.912145, 0.0 ], [ -38.613705, -3.911883, 0.0 ], [ -38.614338, -3.909994, 0.0 ], [ -38.614363, -3.909918, 0.0 ], [ -38.6146, -3.90922, 0.0 ], [ -38.615045, -3.907902, 0.0 ], [ -38.615476, -3.90669, 0.0 ], [ -38.616282, -3.90431, 0.0 ], [ -38.61695, -3.902376, 0.0 ], [ -38.617275, -3.901408, 0.0 ], [ -38.617454, -3.900924, 0.0 ], [ -38.61762, -3.900448, 0.0 ], [ -38.618019, -3.899291, 0.0 ], [ -38.619484, -3.899403, 0.0 ], [ -38.620712, -3.899505, 0.0 ], [ -38.620779, -3.899511, 0.0 ], [ -38.62183, -3.899636, 0.0 ], [ -38.621857, -3.899405, 0.0 ], [ -38.621971, -3.898449, 0.0 ], [ -38.62235, -3.898468, 0.0 ], [ -38.622375, -3.898247, 0.0 ], [ -38.622428, -3.897795, 0.0 ], [ -38.622434, -3.897774, 0.0 ], [ -38.6225, -3.897166, 0.0 ], [ -38.622575, -3.896751, 0.0 ], [ -38.622713, -3.896256, 0.0 ], [ -38.62289, -3.895767, 0.0 ], [ -38.623016, -3.895369, 0.0 ], [ -38.623134, -3.894941, 0.0 ], [ -38.623211, -3.894426, 0.0 ], [ -38.62327, -3.89412, 0.0 ], [ -38.622856, -3.894068, 0.0 ], [ -38.622928, -3.893605, 0.0 ], [ -38.623143, -3.893626, 0.0 ], [ -38.623263, -3.893651, 0.0 ], [ -38.623397, -3.893693, 0.0 ], [ -38.623922, -3.893895, 0.0 ], [ -38.623998, -3.893541, 0.0 ], [ -38.624036, -3.893372, 0.0 ], [ -38.624089, -3.893205, 0.0 ], [ -38.624126, -3.893128, 0.0 ], [ -38.624169, -3.893055, 0.0 ], [ -38.624352, -3.892779, 0.0 ], [ -38.624448, -3.892634, 0.0 ], [ -38.624627, -3.89233, 0.0 ], [ -38.624814, -3.892065, 0.0 ], [ -38.62494, -3.891879, 0.0 ], [ -38.62512, -3.891581, 0.0 ], [ -38.625266, -3.891253, 0.0 ], [ -38.625323, -3.891117, 0.0 ], [ -38.625388, -3.890971, 0.0 ], [ -38.625149, -3.890943, 0.0 ], [ -38.624683, -3.890889, 0.0 ], [ -38.62438, -3.890618, 0.0 ], [ -38.624139, -3.890378, 0.0 ], [ -38.624, -3.890293, 0.0 ], [ -38.623937, -3.890138, 0.0 ], [ -38.62379, -3.890037, 0.0 ], [ -38.623635, -3.890045, 0.0 ], [ -38.623456, -3.890223, 0.0 ], [ -38.62327, -3.89037, 0.0 ], [ -38.623052, -3.890393, 0.0 ], [ -38.622711, -3.890486, 0.0 ], [ -38.6224, -3.890386, 0.0 ], [ -38.621903, -3.890331, 0.0 ], [ -38.621492, -3.8903, 0.0 ], [ -38.621212, -3.890184, 0.0 ], [ -38.621026, -3.890215, 0.0 ], [ -38.620918, -3.890168, 0.0 ], [ -38.620793, -3.890114, 0.0 ], [ -38.620552, -3.889921, 0.0 ], [ -38.62025, -3.88975, 0.0 ], [ -38.620009, -3.88958, 0.0 ], [ -38.619714, -3.889433, 0.0 ], [ -38.619504, -3.889332, 0.0 ], [ -38.61931, -3.889131, 0.0 ], [ -38.619012, -3.88864, 0.0 ], [ -38.618679, -3.888478, 0.0 ], [ -38.618508, -3.88847, 0.0 ], [ -38.618314, -3.888361, 0.0 ], [ -38.617988, -3.888315, 0.0 ], [ -38.617832, -3.888191, 0.0 ], [ -38.617561, -3.888059, 0.0 ], [ -38.617196, -3.887858, 0.0 ], [ -38.616532, -3.887725, 0.0 ], [ -38.616309, -3.887642, 0.0 ], [ -38.616045, -3.887475, 0.0 ], [ -38.615736, -3.887382, 0.0 ], [ -38.615413, -3.887151, 0.0 ], [ -38.615224, -3.886526, 0.0 ], [ -38.614921, -3.886069, 0.0 ], [ -38.614688, -3.885952, 0.0 ], [ -38.614145, -3.885782, 0.0 ], [ -38.613702, -3.885565, 0.0 ], [ -38.613477, -3.885511, 0.0 ], [ -38.613368, -3.885364, 0.0 ], [ -38.613314, -3.885201, 0.0 ], [ -38.613228, -3.885023, 0.0 ], [ -38.613143, -3.884852, 0.0 ], [ -38.613081, -3.884674, 0.0 ], [ -38.612941, -3.884522, 0.0 ], [ -38.612832, -3.884403, 0.0 ], [ -38.612592, -3.884411, 0.0 ], [ -38.612452, -3.884426, 0.0 ], [ -38.61232, -3.884372, 0.0 ], [ -38.612079, -3.884419, 0.0 ], [ -38.611854, -3.884357, 0.0 ], [ -38.611303, -3.884318, 0.0 ], [ -38.61095, -3.884089, 0.0 ], [ -38.610682, -3.883915, 0.0 ], [ -38.610317, -3.883791, 0.0 ], [ -38.609958, -3.883615, 0.0 ], [ -38.609665, -3.883489, 0.0 ], [ -38.609603, -3.883439, 0.0 ], [ -38.609471, -3.883311, 0.0 ], [ -38.609036, -3.883164, 0.0 ], [ -38.6085, -3.882939, 0.0 ], [ -38.60826, -3.882854, 0.0 ], [ -38.607817, -3.882629, 0.0 ], [ -38.607165, -3.882428, 0.0 ], [ -38.606823, -3.882459, 0.0 ], [ -38.606559, -3.882451, 0.0 ], [ -38.606032, -3.882699, 0.0 ], [ -38.605676, -3.88274, 0.0 ], [ -38.60548, -3.882738, 0.0 ], [ -38.605208, -3.88256, 0.0 ], [ -38.604968, -3.88242, 0.0 ], [ -38.60482, -3.882141, 0.0 ], [ -38.604813, -3.881932, 0.0 ], [ -38.604611, -3.881746, 0.0 ], [ -38.604556, -3.88156, 0.0 ], [ -38.604324, -3.881514, 0.0 ], [ -38.604137, -3.881468, 0.0 ], [ -38.603889, -3.881444, 0.0 ], [ -38.603741, -3.881553, 0.0 ], [ -38.603687, -3.881746, 0.0 ], [ -38.60357, -3.881847, 0.0 ], [ -38.603462, -3.881878, 0.0 ], [ -38.603338, -3.881847, 0.0 ], [ -38.603291, -3.881692, 0.0 ], [ -38.603159, -3.881622, 0.0 ], [ -38.602926, -3.881793, 0.0 ], [ -38.602693, -3.881816, 0.0 ], [ -38.60225, -3.881785, 0.0 ], [ -38.601956, -3.881669, 0.0 ], [ -38.60166, -3.881785, 0.0 ], [ -38.60142, -3.88177, 0.0 ], [ -38.601272, -3.881932, 0.0 ], [ -38.601109, -3.881909, 0.0 ], [ -38.600954, -3.88194, 0.0 ], [ -38.600612, -3.881824, 0.0 ], [ -38.600574, -3.881708, 0.0 ], [ -38.600442, -3.881576, 0.0 ], [ -38.600263, -3.88153, 0.0 ], [ -38.600084, -3.881522, 0.0 ], [ -38.599929, -3.881568, 0.0 ], [ -38.599774, -3.881746, 0.0 ], [ -38.599556, -3.881746, 0.0 ], [ -38.599331, -3.881739, 0.0 ], [ -38.599207, -3.881847, 0.0 ], [ -38.599091, -3.881878, 0.0 ], [ -38.59906, -3.881986, 0.0 ], [ -38.599013, -3.882064, 0.0 ], [ -38.59892, -3.882025, 0.0 ], [ -38.598811, -3.881948, 0.0 ], [ -38.598695, -3.881909, 0.0 ], [ -38.59854, -3.881932, 0.0 ], [ -38.598431, -3.882002, 0.0 ], [ -38.598376, -3.882087, 0.0 ], [ -38.59826, -3.882087, 0.0 ], [ -38.598066, -3.882025, 0.0 ], [ -38.597934, -3.882041, 0.0 ], [ -38.597817, -3.882118, 0.0 ], [ -38.59774, -3.882188, 0.0 ], [ -38.597748, -3.882304, 0.0 ], [ -38.597771, -3.882459, 0.0 ], [ -38.597678, -3.882583, 0.0 ], [ -38.597515, -3.882699, 0.0 ], [ -38.597328, -3.882846, 0.0 ], [ -38.597148, -3.882887, 0.0 ], [ -38.596987, -3.882924, 0.0 ], [ -38.596855, -3.8829, 0.0 ], [ -38.596699, -3.882738, 0.0 ], [ -38.596606, -3.882606, 0.0 ], [ -38.596459, -3.882529, 0.0 ], [ -38.596109, -3.882459, 0.0 ], [ -38.595876, -3.882335, 0.0 ], [ -38.595574, -3.882227, 0.0 ], [ -38.595403, -3.88211, 0.0 ], [ -38.595217, -3.88201, 0.0 ], [ -38.595069, -3.88201, 0.0 ], [ -38.594922, -3.882079, 0.0 ], [ -38.594782, -3.882134, 0.0 ], [ -38.594262, -3.882048, 0.0 ], [ -38.594153, -3.881909, 0.0 ], [ -38.594029, -3.881816, 0.0 ], [ -38.593889, -3.881816, 0.0 ], [ -38.593772, -3.881878, 0.0 ], [ -38.593633, -3.881971, 0.0 ], [ -38.593493, -3.882018, 0.0 ], [ -38.593283, -3.881963, 0.0 ], [ -38.592996, -3.881855, 0.0 ], [ -38.592818, -3.881692, 0.0 ], [ -38.592701, -3.881646, 0.0 ], [ -38.592554, -3.881653, 0.0 ], [ -38.592352, -3.881468, 0.0 ], [ -38.592228, -3.881444, 0.0 ], [ -38.592142, -3.881468, 0.0 ], [ -38.592026, -3.881584, 0.0 ], [ -38.591909, -3.881684, 0.0 ], [ -38.591746, -3.881684, 0.0 ], [ -38.591599, -3.881591, 0.0 ], [ -38.591498, -3.881553, 0.0 ], [ -38.591358, -3.881615, 0.0 ], [ -38.591117, -3.881646, 0.0 ], [ -38.590908, -3.881746, 0.0 ], [ -38.590706, -3.881793, 0.0 ], [ -38.590473, -3.881924, 0.0 ], [ -38.590279, -3.881909, 0.0 ], [ -38.590038, -3.881847, 0.0 ], [ -38.589898, -3.881723, 0.0 ], [ -38.589704, -3.881653, 0.0 ], [ -38.58958, -3.881622, 0.0 ], [ -38.589495, -3.881568, 0.0 ], [ -38.589363, -3.881436, 0.0 ], [ -38.588982, -3.88132, 0.0 ], [ -38.588773, -3.88146, 0.0 ], [ -38.588672, -3.881475, 0.0 ], [ -38.588479, -3.881431, 0.0 ], [ -38.5884, -3.881413, 0.0 ], [ -38.588089, -3.881274, 0.0 ], [ -38.587957, -3.881189, 0.0 ], [ -38.587802, -3.881018, 0.0 ], [ -38.587717, -3.880964, 0.0 ], [ -38.5876, -3.880987, 0.0 ], [ -38.587492, -3.881119, 0.0 ], [ -38.587414, -3.881258, 0.0 ], [ -38.587259, -3.881289, 0.0 ], [ -38.586979, -3.881111, 0.0 ], [ -38.586948, -3.880902, 0.0 ], [ -38.586948, -3.880654, 0.0 ], [ -38.586863, -3.880538, 0.0 ], [ -38.586715, -3.880546, 0.0 ], [ -38.58656, -3.8806, 0.0 ], [ -38.586451, -3.880522, 0.0 ], [ -38.586412, -3.880399, 0.0 ], [ -38.586312, -3.880197, 0.0 ], [ -38.586187, -3.88012, 0.0 ], [ -38.586063, -3.87981, 0.0 ], [ -38.585892, -3.87974, 0.0 ], [ -38.585698, -3.879624, 0.0 ], [ -38.585465, -3.879321, 0.0 ], [ -38.585386, -3.879251, 0.0 ], [ -38.585267, -3.879229, 0.0 ], [ -38.585041, -3.879052, 0.0 ], [ -38.58472, -3.879028, 0.0 ], [ -38.58454, -3.878989, 0.0 ], [ -38.584382, -3.878957, 0.0 ], [ -38.584201, -3.87884, 0.0 ], [ -38.584167, -3.878742, 0.0 ], [ -38.584053, -3.878632, 0.0 ], [ -38.583834, -3.878503, 0.0 ], [ -38.583641, -3.878292, 0.0 ], [ -38.583395, -3.878237, 0.0 ], [ -38.583276, -3.878245, 0.0 ], [ -38.58274, -3.878141, 0.0 ], [ -38.582655, -3.87809, 0.0 ], [ -38.582352, -3.877912, 0.0 ], [ -38.582065, -3.877688, 0.0 ], [ -38.581849, -3.877488, 0.0 ], [ -38.581636, -3.877204, 0.0 ], [ -38.581568, -3.877037, 0.0 ], [ -38.581428, -3.876704, 0.0 ], [ -38.581366, -3.87651, 0.0 ], [ -38.581234, -3.876386, 0.0 ], [ -38.581085, -3.87625, 0.0 ], [ -38.581048, -3.876216, 0.0 ], [ -38.580835, -3.875971, 0.0 ], [ -38.580792, -3.875921, 0.0 ], [ -38.580574, -3.875759, 0.0 ], [ -38.580419, -3.87548, 0.0 ], [ -38.580341, -3.875263, 0.0 ], [ -38.580217, -3.875193, 0.0 ], [ -38.580038, -3.875193, 0.0 ], [ -38.579891, -3.875286, 0.0 ], [ -38.579751, -3.87534, 0.0 ], [ -38.57958, -3.875356, 0.0 ], [ -38.579464, -3.87524, 0.0 ], [ -38.579396, -3.875118, 0.0 ], [ -38.579351, -3.875059, 0.0 ], [ -38.579282, -3.875012, 0.0 ], [ -38.579221, -3.87498, 0.0 ], [ -38.579131, -3.874962, 0.0 ], [ -38.579041, -3.874942, 0.0 ], [ -38.578952, -3.874953, 0.0 ], [ -38.578827, -3.87493, 0.0 ], [ -38.578726, -3.874817, 0.0 ], [ -38.578663, -3.874732, 0.0 ], [ -38.578609, -3.874647, 0.0 ], [ -38.578513, -3.874592, 0.0 ], [ -38.578416, -3.874597, 0.0 ], [ -38.578284, -3.874659, 0.0 ], [ -38.578152, -3.874643, 0.0 ], [ -38.578082, -3.874558, 0.0 ], [ -38.578035, -3.874395, 0.0 ], [ -38.577911, -3.874333, 0.0 ], [ -38.577694, -3.874202, 0.0 ], [ -38.577626, -3.87413, 0.0 ], [ -38.577562, -3.874062, 0.0 ], [ -38.577344, -3.873807, 0.0 ], [ -38.577244, -3.873629, 0.0 ], [ -38.577127, -3.87335, 0.0 ], [ -38.577049, -3.873381, 0.0 ], [ -38.577018, -3.873489, 0.0 ], [ -38.576941, -3.873481, 0.0 ], [ -38.576848, -3.873326, 0.0 ], [ -38.576894, -3.873249, 0.0 ], [ -38.576863, -3.873156, 0.0 ], [ -38.576739, -3.873086, 0.0 ], [ -38.576785, -3.872931, 0.0 ], [ -38.576638, -3.8729, 0.0 ], [ -38.576358, -3.872947, 0.0 ], [ -38.576025, -3.872978, 0.0 ], [ -38.575885, -3.872885, 0.0 ], [ -38.575691, -3.872668, 0.0 ], [ -38.575551, -3.872412, 0.0 ], [ -38.575302, -3.872374, 0.0 ], [ -38.575264, -3.872126, 0.0 ], [ -38.575217, -3.871932, 0.0 ], [ -38.575062, -3.871398, 0.0 ], [ -38.575031, -3.871196, 0.0 ], [ -38.575077, -3.871026, 0.0 ], [ -38.575155, -3.870902, 0.0 ], [ -38.575124, -3.870762, 0.0 ], [ -38.575023, -3.870701, 0.0 ], [ -38.574969, -3.870429, 0.0 ], [ -38.575008, -3.870282, 0.0 ], [ -38.574837, -3.870174, 0.0 ], [ -38.57458, -3.870228, 0.0 ], [ -38.574503, -3.870205, 0.0 ], [ -38.574348, -3.870089, 0.0 ], [ -38.574394, -3.869802, 0.0 ], [ -38.574208, -3.869663, 0.0 ], [ -38.574099, -3.869558, 0.0 ], [ -38.573871, -3.869207, 0.0 ], [ -38.573714, -3.86894, 0.0 ], [ -38.573666, -3.868782, 0.0 ], [ -38.573712, -3.868637, 0.0 ], [ -38.573804, -3.868493, 0.0 ], [ -38.573882, -3.868261, 0.0 ], [ -38.573944, -3.868051, 0.0 ], [ -38.573944, -3.867762, 0.0 ], [ -38.573856, -3.867392, 0.0 ], [ -38.573683, -3.867021, 0.0 ], [ -38.573525, -3.866742, 0.0 ], [ -38.573439, -3.866642, 0.0 ], [ -38.573354, -3.866533, 0.0 ], [ -38.573261, -3.86637, 0.0 ], [ -38.573218, -3.866326, 0.0 ], [ -38.573175, -3.866278, 0.0 ], [ -38.573091, -3.866187, 0.0 ], [ -38.573023, -3.866085, 0.0 ], [ -38.572818, -3.865882, 0.0 ], [ -38.572779, -3.865759, 0.0 ], [ -38.572671, -3.865666, 0.0 ], [ -38.57258, -3.865671, 0.0 ], [ -38.572488, -3.865692, 0.0 ], [ -38.572383, -3.865619, 0.0 ], [ -38.572293, -3.865598, 0.0 ], [ -38.572213, -3.865619, 0.0 ], [ -38.572144, -3.865582, 0.0 ], [ -38.572103, -3.865434, 0.0 ], [ -38.571832, -3.865332, 0.0 ], [ -38.571731, -3.865379, 0.0 ], [ -38.571638, -3.86536, 0.0 ], [ -38.571576, -3.865228, 0.0 ], [ -38.571492, -3.865145, 0.0 ], [ -38.571382, -3.865072, 0.0 ], [ -38.571258, -3.865023, 0.0 ], [ -38.571196, -3.864993, 0.0 ], [ -38.571129, -3.865024, 0.0 ], [ -38.571111, -3.865117, 0.0 ], [ -38.571107, -3.865186, 0.0 ], [ -38.571062, -3.865219, 0.0 ], [ -38.570975, -3.865197, 0.0 ], [ -38.570916, -3.8651, 0.0 ], [ -38.570838, -3.86505, 0.0 ], [ -38.570714, -3.865038, 0.0 ], [ -38.570559, -3.865036, 0.0 ], [ -38.57039, -3.86506, 0.0 ], [ -38.570276, -3.865106, 0.0 ], [ -38.570151, -3.865113, 0.0 ], [ -38.569891, -3.865108, 0.0 ], [ -38.569713, -3.86517, 0.0 ], [ -38.56941, -3.865108, 0.0 ], [ -38.569146, -3.865209, 0.0 ], [ -38.568905, -3.865193, 0.0 ], [ -38.568758, -3.865309, 0.0 ], [ -38.568717, -3.865466, 0.0 ], [ -38.568582, -3.865507, 0.0 ], [ -38.56837, -3.865449, 0.0 ], [ -38.568261, -3.865449, 0.0 ], [ -38.568014, -3.865621, 0.0 ], [ -38.566451, -3.858609, 0.0 ], [ -38.566417, -3.858207, 0.0 ], [ -38.565755, -3.854774, 0.0 ], [ -38.565348, -3.852907, 0.0 ], [ -38.564837, -3.85099, 0.0 ], [ -38.564832, -3.85086, 0.0 ], [ -38.559676, -3.85305, 0.0 ], [ -38.557028, -3.854163, 0.0 ], [ -38.555719, -3.854706, 0.0 ], [ -38.554872, -3.855092, 0.0 ], [ -38.554539, -3.855258, 0.0 ], [ -38.553702, -3.855659, 0.0 ], [ -38.55043, -3.857045, 0.0 ], [ -38.549556, -3.857393, 0.0 ], [ -38.548719, -3.857666, 0.0 ], [ -38.547608, -3.857928, 0.0 ], [ -38.544349, -3.858686, 0.0 ], [ -38.542322, -3.859195, 0.0 ], [ -38.542272, -3.85894, 0.0 ], [ -38.541353, -3.85339, 0.0 ], [ -38.54464, -3.852159, 0.0 ], [ -38.545304, -3.851862, 0.0 ], [ -38.550188, -3.849682, 0.0 ], [ -38.550911, -3.849381, 0.0 ], [ -38.552086, -3.84893, 0.0 ], [ -38.552595, -3.848734, 0.0 ], [ -38.552738, -3.84863, 0.0 ], [ -38.553456, -3.848353, 0.0 ], [ -38.553476, -3.8484, 0.0 ], [ -38.555301, -3.847674, 0.0 ], [ -38.555555, -3.847572, 0.0 ], [ -38.556394, -3.847232, 0.0 ], [ -38.556974, -3.847004, 0.0 ], [ -38.557236, -3.846869, 0.0 ], [ -38.55732, -3.846912, 0.0 ], [ -38.55952, -3.846085, 0.0 ], [ -38.561095, -3.845542, 0.0 ], [ -38.563065, -3.844827, 0.0 ], [ -38.563107, -3.844812, 0.0 ], [ -38.565605, -3.84391, 0.0 ], [ -38.565484, -3.843571, 0.0 ], [ -38.566022, -3.843633, 0.0 ], [ -38.566475, -3.84362, 0.0 ], [ -38.56695, -3.843544, 0.0 ], [ -38.567222, -3.843492, 0.0 ], [ -38.569116, -3.843015, 0.0 ], [ -38.571246, -3.842462, 0.0 ], [ -38.575204, -3.841464, 0.0 ], [ -38.576108, -3.841226, 0.0 ], [ -38.578474, -3.84061, 0.0 ], [ -38.580355, -3.840124, 0.0 ], [ -38.581692, -3.839772, 0.0 ], [ -38.58298, -3.839431, 0.0 ], [ -38.583357, -3.839401, 0.0 ], [ -38.5834, -3.839398, 0.0 ] ] ] } },
{ "type": "Feature", "properties": { "Name": "Cascavel - AIS 13", "Description": "descrição: <br>@id: relation/302509<br>IBGE:GEOCODIGO: 2303501<br>admin_level: 8<br>boundary: administrative<br>name: Cascavel<br>place: municipality<br>population: 72720<br>population:date: 2023-08-31<br>source: IBGE<br>source:population: IBGE, DOU de 31/08/2023<br>type: boundary<br>wikidata: Q787864<br>wikipedia: pt:Cascavel (Ceará)<br>is_in:country: <br>is_in:state: <br>note: <br>website: <br>@relations: " }, "geometry": { "type": "Polygon", "coordinates": [ [ [ -38.392851, -4.223148, 0.0 ], [ -38.384037, -4.219365, 0.0 ], [ -38.380004, -4.219232, 0.0 ], [ -38.384291, -4.23384, 0.0 ], [ -38.359625, -4.266729, 0.0 ], [ -38.360046, -4.26712, 0.0 ], [ -38.361132, -4.267953, 0.0 ], [ -38.361604, -4.268313, 0.0 ], [ -38.361933, -4.268428, 0.0 ], [ -38.362591, -4.268385, 0.0 ], [ -38.363092, -4.268185, 0.0 ], [ -38.363822, -4.267223, 0.0 ], [ -38.364252, -4.266721, 0.0 ], [ -38.364524, -4.266621, 0.0 ], [ -38.365768, -4.266808, 0.0 ], [ -38.367769, -4.267009, 0.0 ], [ -38.368042, -4.267098, 0.0 ], [ -38.389776, -4.26349, 0.0 ], [ -38.385372, -4.337928, 0.0 ], [ -38.384915, -4.337583, 0.0 ], [ -38.384381, -4.337276, 0.0 ], [ -38.383885, -4.33741, 0.0 ], [ -38.38356, -4.337639, 0.0 ], [ -38.38366, -4.337858, 0.0 ], [ -38.383713, -4.338156, 0.0 ], [ -38.38356, -4.33852, 0.0 ], [ -38.383273, -4.338769, 0.0 ], [ -38.382879, -4.339175, 0.0 ], [ -38.383162, -4.339427, 0.0 ], [ -38.383061, -4.339488, 0.0 ], [ -38.382847, -4.33981, 0.0 ], [ -38.382885, -4.340767, 0.0 ], [ -38.381892, -4.341341, 0.0 ], [ -38.381472, -4.342374, 0.0 ], [ -38.38086, -4.343676, 0.0 ], [ -38.380364, -4.34448, 0.0 ], [ -38.379925, -4.345016, 0.0 ], [ -38.380089, -4.346065, 0.0 ], [ -38.38005, -4.346678, 0.0 ], [ -38.379973, -4.347443, 0.0 ], [ -38.380049, -4.348209, 0.0 ], [ -38.380104, -4.348401, 0.0 ], [ -38.380315, -4.349128, 0.0 ], [ -38.380429, -4.349778, 0.0 ], [ -38.380467, -4.350353, 0.0 ], [ -38.380428, -4.350965, 0.0 ], [ -38.381197, -4.350472, 0.0 ], [ -38.38214, -4.350054, 0.0 ], [ -38.382962, -4.35027, 0.0 ], [ -38.383642, -4.349517, 0.0 ], [ -38.384584, -4.349697, 0.0 ], [ -38.386158, -4.349794, 0.0 ], [ -38.386658, -4.350465, 0.0 ], [ -38.386507, -4.351209, 0.0 ], [ -38.386536, -4.351554, 0.0 ], [ -38.386825, -4.351751, 0.0 ], [ -38.387179, -4.351751, 0.0 ], [ -38.387637, -4.351554, 0.0 ], [ -38.388238, -4.351541, 0.0 ], [ -38.388935, -4.351605, 0.0 ], [ -38.389562, -4.351506, 0.0 ], [ -38.389868, -4.351458, 0.0 ], [ -38.390356, -4.351399, 0.0 ], [ -38.390799, -4.351457, 0.0 ], [ -38.39134, -4.351754, 0.0 ], [ -38.392223, -4.352544, 0.0 ], [ -38.392615, -4.35275, 0.0 ], [ -38.393102, -4.35278, 0.0 ], [ -38.393499, -4.352643, 0.0 ], [ -38.394039, -4.352348, 0.0 ], [ -38.394579, -4.352053, 0.0 ], [ -38.395277, -4.351475, 0.0 ], [ -38.395954, -4.351266, 0.0 ], [ -38.396479, -4.351045, 0.0 ], [ -38.397328, -4.35107, 0.0 ], [ -38.397852, -4.351419, 0.0 ], [ -38.398153, -4.351793, 0.0 ], [ -38.398367, -4.352152, 0.0 ], [ -38.39871, -4.352626, 0.0 ], [ -38.398938, -4.353186, 0.0 ], [ -38.399138, -4.353503, 0.0 ], [ -38.39921, -4.353991, 0.0 ], [ -38.399295, -4.354465, 0.0 ], [ -38.399466, -4.354824, 0.0 ], [ -38.399609, -4.355284, 0.0 ], [ -38.399623, -4.355916, 0.0 ], [ -38.399708, -4.356303, 0.0 ], [ -38.399823, -4.356648, 0.0 ], [ -38.400152, -4.35685, 0.0 ], [ -38.400552, -4.357194, 0.0 ], [ -38.401067, -4.357496, 0.0 ], [ -38.401461, -4.357756, 0.0 ], [ -38.40202, -4.358046, 0.0 ], [ -38.40245, -4.358211, 0.0 ], [ -38.402954, -4.358604, 0.0 ], [ -38.40344, -4.358791, 0.0 ], [ -38.403756, -4.358846, 0.0 ], [ -38.404075, -4.358903, 0.0 ], [ -38.405229, -4.359036, 0.0 ], [ -38.40583, -4.359209, 0.0 ], [ -38.406445, -4.359109, 0.0 ], [ -38.407074, -4.359081, 0.0 ], [ -38.407742, -4.358967, 0.0 ], [ -38.409212, -4.359792, 0.0 ], [ -38.410394, -4.360061, 0.0 ], [ -38.412188, -4.359928, 0.0 ], [ -38.412986, -4.360048, 0.0 ], [ -38.414286, -4.360408, 0.0 ], [ -38.415132, -4.360241, 0.0 ], [ -38.415979, -4.359763, 0.0 ], [ -38.41691, -4.358926, 0.0 ], [ -38.417447, -4.358376, 0.0 ], [ -38.419355, -4.357528, 0.0 ], [ -38.421263, -4.356739, 0.0 ], [ -38.423019, -4.356588, 0.0 ], [ -38.42372, -4.356191, 0.0 ], [ -38.425007, -4.356108, 0.0 ], [ -38.426593, -4.356133, 0.0 ], [ -38.427165, -4.356253, 0.0 ], [ -38.427627, -4.357001, 0.0 ], [ -38.429438, -4.356934, 0.0 ], [ -38.432201, -4.359293, 0.0 ], [ -38.435804, -4.362455, 0.0 ], [ -38.44158, -4.367438, 0.0 ], [ -38.44586, -4.371069, 0.0 ], [ -38.446518, -4.371137, 0.0 ], [ -38.447005, -4.371195, 0.0 ], [ -38.44747, -4.371482, 0.0 ], [ -38.43682, -4.383867, 0.0 ], [ -38.433876, -4.387322, 0.0 ], [ -38.430566, -4.391146, 0.0 ], [ -38.424979, -4.397701, 0.0 ], [ -38.419863, -4.403594, 0.0 ], [ -38.418064, -4.405728, 0.0 ], [ -38.415865, -4.408252, 0.0 ], [ -38.407493, -4.417981, 0.0 ], [ -38.399903, -4.426821, 0.0 ], [ -38.383577, -4.445814, 0.0 ], [ -38.382632, -4.446926, 0.0 ], [ -38.379868, -4.450126, 0.0 ], [ -38.37454, -4.45634, 0.0 ], [ -38.373759, -4.457237, 0.0 ], [ -38.367614, -4.464384, 0.0 ], [ -38.36619, -4.46594, 0.0 ], [ -38.365019, -4.466805, 0.0 ], [ -38.36308, -4.468286, 0.0 ], [ -38.362469, -4.468855, 0.0 ], [ -38.362213, -4.469315, 0.0 ], [ -38.361991, -4.469922, 0.0 ], [ -38.361197, -4.472379, 0.0 ], [ -38.360294, -4.474889, 0.0 ], [ -38.359648, -4.476813, 0.0 ], [ -38.358816, -4.479211, 0.0 ], [ -38.358751, -4.479785, 0.0 ], [ -38.358812, -4.480088, 0.0 ], [ -38.361624, -4.491513, 0.0 ], [ -38.361658, -4.491851, 0.0 ], [ -38.361399, -4.494019, 0.0 ], [ -38.360823, -4.498255, 0.0 ], [ -38.360578, -4.500122, 0.0 ], [ -38.360382, -4.501468, 0.0 ], [ -38.359313, -4.501459, 0.0 ], [ -38.357593, -4.50083, 0.0 ], [ -38.356211, -4.499694, 0.0 ], [ -38.355513, -4.498163, 0.0 ], [ -38.355183, -4.495057, 0.0 ], [ -38.354249, -4.492804, 0.0 ], [ -38.352886, -4.491221, 0.0 ], [ -38.350847, -4.490274, 0.0 ], [ -38.347006, -4.490595, 0.0 ], [ -38.344109, -4.491814, 0.0 ], [ -38.342092, -4.491836, 0.0 ], [ -38.340869, -4.491558, 0.0 ], [ -38.339431, -4.491643, 0.0 ], [ -38.337951, -4.489953, 0.0 ], [ -38.337393, -4.489526, 0.0 ], [ -38.337092, -4.488948, 0.0 ], [ -38.337285, -4.488156, 0.0 ], [ -38.336942, -4.486809, 0.0 ], [ -38.336899, -4.486017, 0.0 ], [ -38.337393, -4.485183, 0.0 ], [ -38.339453, -4.482808, 0.0 ], [ -38.340633, -4.48206, 0.0 ], [ -38.341539, -4.481131, 0.0 ], [ -38.342097, -4.479826, 0.0 ], [ -38.342183, -4.47773, 0.0 ], [ -38.34184, -4.475954, 0.0 ], [ -38.341131, -4.473579, 0.0 ], [ -38.340709, -4.471488, 0.0 ], [ -38.340531, -4.470606, 0.0 ], [ -38.33993, -4.469772, 0.0 ], [ -38.337848, -4.468317, 0.0 ], [ -38.335767, -4.46821, 0.0 ], [ -38.334866, -4.467868, 0.0 ], [ -38.334204, -4.467911, 0.0 ], [ -38.333364, -4.467098, 0.0 ], [ -38.333438, -4.466456, 0.0 ], [ -38.334953, -4.465264, 0.0 ], [ -38.336654, -4.46336, 0.0 ], [ -38.337997, -4.461652, 0.0 ], [ -38.338614, -4.459796, 0.0 ], [ -38.338836, -4.458506, 0.0 ], [ -38.338515, -4.457314, 0.0 ], [ -38.337499, -4.455478, 0.0 ], [ -38.336012, -4.453376, 0.0 ], [ -38.335885, -4.45267, 0.0 ], [ -38.33539, -4.452148, 0.0 ], [ -38.3342, -4.452049, 0.0 ], [ -38.331836, -4.452204, 0.0 ], [ -38.33059, -4.452373, 0.0 ], [ -38.327886, -4.451738, 0.0 ], [ -38.326881, -4.450637, 0.0 ], [ -38.326754, -4.450073, 0.0 ], [ -38.327207, -4.449635, 0.0 ], [ -38.32783, -4.449367, 0.0 ], [ -38.328665, -4.449184, 0.0 ], [ -38.330236, -4.448238, 0.0 ], [ -38.330874, -4.447123, 0.0 ], [ -38.330384, -4.445953, 0.0 ], [ -38.32994, -4.444893, 0.0 ], [ -38.328567, -4.44408, 0.0 ], [ -38.327344, -4.443011, 0.0 ], [ -38.327065, -4.442283, 0.0 ], [ -38.327151, -4.441406, 0.0 ], [ -38.327451, -4.439973, 0.0 ], [ -38.328596, -4.436684, 0.0 ], [ -38.328502, -4.435844, 0.0 ], [ -38.326764, -4.434582, 0.0 ], [ -38.32494, -4.434539, 0.0 ], [ -38.32037, -4.433234, 0.0 ], [ -38.31904, -4.43364, 0.0 ], [ -38.318718, -4.43456, 0.0 ], [ -38.318825, -4.435459, 0.0 ], [ -38.318482, -4.436358, 0.0 ], [ -38.318374, -4.438561, 0.0 ], [ -38.317816, -4.439673, 0.0 ], [ -38.316915, -4.439845, 0.0 ], [ -38.316336, -4.439267, 0.0 ], [ -38.315971, -4.438689, 0.0 ], [ -38.315263, -4.438454, 0.0 ], [ -38.314254, -4.438518, 0.0 ], [ -38.312624, -4.440401, 0.0 ], [ -38.310971, -4.441104, 0.0 ], [ -38.310695, -4.441866, 0.0 ], [ -38.309622, -4.442385, 0.0 ], [ -38.309492, -4.443487, 0.0 ], [ -38.3085, -4.444979, 0.0 ], [ -38.307589, -4.445319, 0.0 ], [ -38.306678, -4.44493, 0.0 ], [ -38.305394, -4.443082, 0.0 ], [ -38.304206, -4.441817, 0.0 ], [ -38.302645, -4.440828, 0.0 ], [ -38.301556, -4.440472, 0.0 ], [ -38.299783, -4.440812, 0.0 ], [ -38.297734, -4.440018, 0.0 ], [ -38.297002, -4.439223, 0.0 ], [ -38.294127, -4.438882, 0.0 ], [ -38.293226, -4.438069, 0.0 ], [ -38.292714, -4.435953, 0.0 ], [ -38.292475, -4.434967, 0.0 ], [ -38.292797, -4.433961, 0.0 ], [ -38.293269, -4.433255, 0.0 ], [ -38.293312, -4.432399, 0.0 ], [ -38.292968, -4.431907, 0.0 ], [ -38.290737, -4.430624, 0.0 ], [ -38.289921, -4.429746, 0.0 ], [ -38.289836, -4.42857, 0.0 ], [ -38.29005, -4.427671, 0.0 ], [ -38.290951, -4.427136, 0.0 ], [ -38.292283, -4.426472, 0.0 ], [ -38.293828, -4.423712, 0.0 ], [ -38.294665, -4.422899, 0.0 ], [ -38.294322, -4.420482, 0.0 ], [ -38.293463, -4.418492, 0.0 ], [ -38.292455, -4.417358, 0.0 ], [ -38.290373, -4.416374, 0.0 ], [ -38.280546, -4.41631, 0.0 ], [ -38.280159, -4.415796, 0.0 ], [ -38.280546, -4.414256, 0.0 ], [ -38.280157, -4.412357, 0.0 ], [ -38.280355, -4.410593, 0.0 ], [ -38.280242, -4.409732, 0.0 ], [ -38.278869, -4.407022, 0.0 ], [ -38.277665, -4.406231, 0.0 ], [ -38.27523, -4.406542, 0.0 ], [ -38.273078, -4.406824, 0.0 ], [ -38.269681, -4.406274, 0.0 ], [ -38.269214, -4.405596, 0.0 ], [ -38.268987, -4.404735, 0.0 ], [ -38.269072, -4.404241, 0.0 ], [ -38.269909, -4.403037, 0.0 ], [ -38.270166, -4.400427, 0.0 ], [ -38.270724, -4.399486, 0.0 ], [ -38.27096, -4.398609, 0.0 ], [ -38.271668, -4.397068, 0.0 ], [ -38.271518, -4.396084, 0.0 ], [ -38.270574, -4.395635, 0.0 ], [ -38.268342, -4.396234, 0.0 ], [ -38.264802, -4.396234, 0.0 ], [ -38.263557, -4.395036, 0.0 ], [ -38.26257, -4.393453, 0.0 ], [ -38.261242, -4.39, 0.0 ], [ -38.262043, -4.388636, 0.0 ], [ -38.262351, -4.387162, 0.0 ], [ -38.262364, -4.385822, 0.0 ], [ -38.262092, -4.382236, 0.0 ], [ -38.262503, -4.381272, 0.0 ], [ -38.262036, -4.380002, 0.0 ], [ -38.260988, -4.379409, 0.0 ], [ -38.259841, -4.378124, 0.0 ], [ -38.258199, -4.377334, 0.0 ], [ -38.257279, -4.376233, 0.0 ], [ -38.256161, -4.376388, 0.0 ], [ -38.255368, -4.376078, 0.0 ], [ -38.25507, -4.375245, 0.0 ], [ -38.255417, -4.37349, 0.0 ], [ -38.256447, -4.370891, 0.0 ], [ -38.256532, -4.369618, 0.0 ], [ -38.256168, -4.368612, 0.0 ], [ -38.255599, -4.367949, 0.0 ], [ -38.252203, -4.36698, 0.0 ], [ -38.250638, -4.366476, 0.0 ], [ -38.250095, -4.365763, 0.0 ], [ -38.249899, -4.365506, 0.0 ], [ -38.249763, -4.364338, 0.0 ], [ -38.250281, -4.363625, 0.0 ], [ -38.25143, -4.361705, 0.0 ], [ -38.250926, -4.359992, 0.0 ], [ -38.250683, -4.35839, 0.0 ], [ -38.250085, -4.357291, 0.0 ], [ -38.248728, -4.356344, 0.0 ], [ -38.248502, -4.356126, 0.0 ], [ -38.248457, -4.356077, 0.0 ], [ -38.248368, -4.356027, 0.0 ], [ -38.248186, -4.355935, 0.0 ], [ -38.248071, -4.355868, 0.0 ], [ -38.247956, -4.355848, 0.0 ], [ -38.24784, -4.355786, 0.0 ], [ -38.247726, -4.355719, 0.0 ], [ -38.247612, -4.355697, 0.0 ], [ -38.247498, -4.355652, 0.0 ], [ -38.247384, -4.355628, 0.0 ], [ -38.246459, -4.355157, 0.0 ], [ -38.246394, -4.355066, 0.0 ], [ -38.246307, -4.35502, 0.0 ], [ -38.246197, -4.354997, 0.0 ], [ -38.246109, -4.354951, 0.0 ], [ -38.246021, -4.354928, 0.0 ], [ -38.245933, -4.354882, 0.0 ], [ -38.245823, -4.354859, 0.0 ], [ -38.245734, -4.354836, 0.0 ], [ -38.245602, -4.35479, 0.0 ], [ -38.245492, -4.354722, 0.0 ], [ -38.245448, -4.354676, 0.0 ], [ -38.245381, -4.35463, 0.0 ], [ -38.245248, -4.354561, 0.0 ], [ -38.245138, -4.354515, 0.0 ], [ -38.245049, -4.354435, 0.0 ], [ -38.244871, -4.354331, 0.0 ], [ -38.244782, -4.354262, 0.0 ], [ -38.244715, -4.35417, 0.0 ], [ -38.244615, -4.354066, 0.0 ], [ -38.244491, -4.353916, 0.0 ], [ -38.244402, -4.3538, 0.0 ], [ -38.244334, -4.353707, 0.0 ], [ -38.244266, -4.353614, 0.0 ], [ -38.244165, -4.353509, 0.0 ], [ -38.244041, -4.353451, 0.0 ], [ -38.243906, -4.353335, 0.0 ], [ -38.243793, -4.353242, 0.0 ], [ -38.24368, -4.353173, 0.0 ], [ -38.243567, -4.353104, 0.0 ], [ -38.243454, -4.353047, 0.0 ], [ -38.243296, -4.352987, 0.0 ], [ -38.243159, -4.352914, 0.0 ], [ -38.242955, -4.352865, 0.0 ], [ -38.242863, -4.352816, 0.0 ], [ -38.242772, -4.352769, 0.0 ], [ -38.242682, -4.352746, 0.0 ], [ -38.242545, -4.352665, 0.0 ], [ -38.240149, -4.351659, 0.0 ], [ -38.240062, -4.351611, 0.0 ], [ -38.239889, -4.351517, 0.0 ], [ -38.239671, -4.351421, 0.0 ], [ -38.239584, -4.351373, 0.0 ], [ -38.239278, -4.351229, 0.0 ], [ -38.239169, -4.351181, 0.0 ], [ -38.239059, -4.351132, 0.0 ], [ -38.238971, -4.351085, 0.0 ], [ -38.238815, -4.351016, 0.0 ], [ -38.238749, -4.350969, 0.0 ], [ -38.238482, -4.35083, 0.0 ], [ -38.238393, -4.350784, 0.0 ], [ -38.238259, -4.350714, 0.0 ], [ -38.238192, -4.350667, 0.0 ], [ -38.23808, -4.350621, 0.0 ], [ -38.237968, -4.350599, 0.0 ], [ -38.237809, -4.350535, 0.0 ], [ -38.237718, -4.350515, 0.0 ], [ -38.237605, -4.350497, 0.0 ], [ -38.237492, -4.350456, 0.0 ], [ -38.237378, -4.35046, 0.0 ], [ -38.237288, -4.350418, 0.0 ], [ -38.237152, -4.350421, 0.0 ], [ -38.23704, -4.350401, 0.0 ], [ -38.236882, -4.350382, 0.0 ], [ -38.236724, -4.350385, 0.0 ], [ -38.236612, -4.350385, 0.0 ], [ -38.2365, -4.350383, 0.0 ], [ -38.236478, -4.350383, 0.0 ], [ -38.236343, -4.350403, 0.0 ], [ -38.236231, -4.3504, 0.0 ], [ -38.236119, -4.35042, 0.0 ], [ -38.236006, -4.350418, 0.0 ], [ -38.235894, -4.35044, 0.0 ], [ -38.235737, -4.350441, 0.0 ], [ -38.235557, -4.350466, 0.0 ], [ -38.235422, -4.350491, 0.0 ], [ -38.235355, -4.350514, 0.0 ], [ -38.235266, -4.350584, 0.0 ], [ -38.235199, -4.350655, 0.0 ], [ -38.235087, -4.350726, 0.0 ], [ -38.234975, -4.350772, 0.0 ], [ -38.234886, -4.350842, 0.0 ], [ -38.234798, -4.350912, 0.0 ], [ -38.234708, -4.350958, 0.0 ], [ -38.234575, -4.351028, 0.0 ], [ -38.234486, -4.351097, 0.0 ], [ -38.234475, -4.351109, 0.0 ], [ -38.234332, -4.351236, 0.0 ], [ -38.234244, -4.351352, 0.0 ], [ -38.234157, -4.351444, 0.0 ], [ -38.234047, -4.351536, 0.0 ], [ -38.23396, -4.351651, 0.0 ], [ -38.233894, -4.351697, 0.0 ], [ -38.233785, -4.351834, 0.0 ], [ -38.233676, -4.351903, 0.0 ], [ -38.233588, -4.351972, 0.0 ], [ -38.233501, -4.35204, 0.0 ], [ -38.233392, -4.352108, 0.0 ], [ -38.233306, -4.3522, 0.0 ], [ -38.233241, -4.352268, 0.0 ], [ -38.233133, -4.352359, 0.0 ], [ -38.233091, -4.352427, 0.0 ], [ -38.232983, -4.352518, 0.0 ], [ -38.232899, -4.352654, 0.0 ], [ -38.232857, -4.352722, 0.0 ], [ -38.232814, -4.352788, 0.0 ], [ -38.232727, -4.352876, 0.0 ], [ -38.232618, -4.352941, 0.0 ], [ -38.232531, -4.353007, 0.0 ], [ -38.232465, -4.353072, 0.0 ], [ -38.232378, -4.353116, 0.0 ], [ -38.232269, -4.35316, 0.0 ], [ -38.232183, -4.353226, 0.0 ], [ -38.232096, -4.353292, 0.0 ], [ -38.232009, -4.353358, 0.0 ], [ -38.231856, -4.353444, 0.0 ], [ -38.231769, -4.35351, 0.0 ], [ -38.231704, -4.353574, 0.0 ], [ -38.23166, -4.353618, 0.0 ], [ -38.231486, -4.353726, 0.0 ], [ -38.231422, -4.353792, 0.0 ], [ -38.231358, -4.353837, 0.0 ], [ -38.231274, -4.353882, 0.0 ], [ -38.231127, -4.353972, 0.0 ], [ -38.231024, -4.354062, 0.0 ], [ -38.230943, -4.354152, 0.0 ], [ -38.230904, -4.354218, 0.0 ], [ -38.230822, -4.354328, 0.0 ], [ -38.230782, -4.354416, 0.0 ], [ -38.230763, -4.354481, 0.0 ], [ -38.230663, -4.354656, 0.0 ], [ -38.230623, -4.354743, 0.0 ], [ -38.230585, -4.354851, 0.0 ], [ -38.230546, -4.35496, 0.0 ], [ -38.230506, -4.355025, 0.0 ], [ -38.230448, -4.355155, 0.0 ], [ -38.230409, -4.355241, 0.0 ], [ -38.230349, -4.355327, 0.0 ], [ -38.230311, -4.355413, 0.0 ], [ -38.230272, -4.355499, 0.0 ], [ -38.230255, -4.355585, 0.0 ], [ -38.230216, -4.35567, 0.0 ], [ -38.230198, -4.355756, 0.0 ], [ -38.230116, -4.355862, 0.0 ], [ -38.230097, -4.355926, 0.0 ], [ -38.230038, -4.356053, 0.0 ], [ -38.229978, -4.35618, 0.0 ], [ -38.229959, -4.356244, 0.0 ], [ -38.22992, -4.356349, 0.0 ], [ -38.229881, -4.356454, 0.0 ], [ -38.229822, -4.356602, 0.0 ], [ -38.229804, -4.356707, 0.0 ], [ -38.229785, -4.35677, 0.0 ], [ -38.229702, -4.356875, 0.0 ], [ -38.229662, -4.356959, 0.0 ], [ -38.229621, -4.357042, 0.0 ], [ -38.229539, -4.357168, 0.0 ], [ -38.229477, -4.357231, 0.0 ], [ -38.229394, -4.357314, 0.0 ], [ -38.229288, -4.357356, 0.0 ], [ -38.229203, -4.357377, 0.0 ], [ -38.229118, -4.357398, 0.0 ], [ -38.229012, -4.357439, 0.0 ], [ -38.228991, -4.357439, 0.0 ], [ -38.228845, -4.357502, 0.0 ], [ -38.228678, -4.357564, 0.0 ], [ -38.228657, -4.357564, 0.0 ], [ -38.228531, -4.357606, 0.0 ], [ -38.228364, -4.357627, 0.0 ], [ -38.2283, -4.357627, 0.0 ], [ -38.228218, -4.357648, 0.0 ], [ -38.228054, -4.357689, 0.0 ], [ -38.22793, -4.35771, 0.0 ], [ -38.227868, -4.357709, 0.0 ], [ -38.227721, -4.357709, 0.0 ], [ -38.2277, -4.357709, 0.0 ], [ -38.227679, -4.357709, 0.0 ], [ -38.227491, -4.357709, 0.0 ], [ -38.227345, -4.357709, 0.0 ], [ -38.226546, -4.357971, 0.0 ], [ -38.226461, -4.358014, 0.0 ], [ -38.226375, -4.358013, 0.0 ], [ -38.226268, -4.358056, 0.0 ], [ -38.226182, -4.358119, 0.0 ], [ -38.226097, -4.358162, 0.0 ], [ -38.225969, -4.358225, 0.0 ], [ -38.225883, -4.358309, 0.0 ], [ -38.225798, -4.358372, 0.0 ], [ -38.225691, -4.358436, 0.0 ], [ -38.225584, -4.358499, 0.0 ], [ -38.225478, -4.358604, 0.0 ], [ -38.225372, -4.358688, 0.0 ], [ -38.225287, -4.358751, 0.0 ], [ -38.225192, -4.358845, 0.0 ], [ -38.225182, -4.358856, 0.0 ], [ -38.225055, -4.35896, 0.0 ], [ -38.22495, -4.359044, 0.0 ], [ -38.224908, -4.359107, 0.0 ], [ -38.224802, -4.359169, 0.0 ], [ -38.224739, -4.359253, 0.0 ], [ -38.224656, -4.359357, 0.0 ], [ -38.224572, -4.359398, 0.0 ], [ -38.224509, -4.35946, 0.0 ], [ -38.224404, -4.359523, 0.0 ], [ -38.224278, -4.359595, 0.0 ], [ -38.22413, -4.359626, 0.0 ], [ -38.223983, -4.359668, 0.0 ], [ -38.22388, -4.359729, 0.0 ], [ -38.223774, -4.359729, 0.0 ], [ -38.22367, -4.35975, 0.0 ], [ -38.223564, -4.35975, 0.0 ], [ -38.22348, -4.35977, 0.0 ], [ -38.223374, -4.35977, 0.0 ], [ -38.223226, -4.359812, 0.0 ], [ -38.22312, -4.359833, 0.0 ], [ -38.223035, -4.359833, 0.0 ], [ -38.223014, -4.359843, 0.0 ], [ -38.222845, -4.359895, 0.0 ], [ -38.22276, -4.359895, 0.0 ], [ -38.222654, -4.359895, 0.0 ], [ -38.22257, -4.359895, 0.0 ], [ -38.222464, -4.359895, 0.0 ], [ -38.222358, -4.359895, 0.0 ], [ -38.22221, -4.359895, 0.0 ], [ -38.222125, -4.359895, 0.0 ], [ -38.22204, -4.359895, 0.0 ], [ -38.221977, -4.359895, 0.0 ], [ -38.22183, -4.359916, 0.0 ], [ -38.221682, -4.359916, 0.0 ], [ -38.221576, -4.359916, 0.0 ], [ -38.221428, -4.359916, 0.0 ], [ -38.221239, -4.359916, 0.0 ], [ -38.220339, -4.359875, 0.0 ], [ -38.220263, -4.359873, 0.0 ], [ -38.220162, -4.359859, 0.0 ], [ -38.220103, -4.359858, 0.0 ], [ -38.22001, -4.359857, 0.0 ], [ -38.219987, -4.359858, 0.0 ], [ -38.219907, -4.359858, 0.0 ], [ -38.219837, -4.359858, 0.0 ], [ -38.219785, -4.359847, 0.0 ], [ -38.219698, -4.359847, 0.0 ], [ -38.219641, -4.359847, 0.0 ], [ -38.219594, -4.359848, 0.0 ], [ -38.219502, -4.359837, 0.0 ], [ -38.220978, -4.355361, 0.0 ], [ -38.221738, -4.353016, 0.0 ], [ -38.222503, -4.35078, 0.0 ], [ -38.22282, -4.349821, 0.0 ], [ -38.227306, -4.35026, 0.0 ], [ -38.228225, -4.347491, 0.0 ], [ -38.229054, -4.345001, 0.0 ], [ -38.229215, -4.344207, 0.0 ], [ -38.229189, -4.343652, 0.0 ], [ -38.228859, -4.342372, 0.0 ], [ -38.228428, -4.340684, 0.0 ], [ -38.228274, -4.339526, 0.0 ], [ -38.22844, -4.338354, 0.0 ], [ -38.228794, -4.33564, 0.0 ], [ -38.22905, -4.333856, 0.0 ], [ -38.229557, -4.330044, 0.0 ], [ -38.229988, -4.326998, 0.0 ], [ -38.230544, -4.323129, 0.0 ], [ -38.23058, -4.322091, 0.0 ], [ -38.230184, -4.32138, 0.0 ], [ -38.229465, -4.320337, 0.0 ], [ -38.22791, -4.318198, 0.0 ], [ -38.227078, -4.317022, 0.0 ], [ -38.226532, -4.316086, 0.0 ], [ -38.226249, -4.314692, 0.0 ], [ -38.226234, -4.313428, 0.0 ], [ -38.226299, -4.310387, 0.0 ], [ -38.226388, -4.306768, 0.0 ], [ -38.22639, -4.306651, 0.0 ], [ -38.226439, -4.303271, 0.0 ], [ -38.226506, -4.299568, 0.0 ], [ -38.226556, -4.296458, 0.0 ], [ -38.226618, -4.293212, 0.0 ], [ -38.226644, -4.289291, 0.0 ], [ -38.22669, -4.285286, 0.0 ], [ -38.226707, -4.280804, 0.0 ], [ -38.226734, -4.277524, 0.0 ], [ -38.226728, -4.274579, 0.0 ], [ -38.226813, -4.270977, 0.0 ], [ -38.226829, -4.267276, 0.0 ], [ -38.226839, -4.26325, 0.0 ], [ -38.226886, -4.259222, 0.0 ], [ -38.226927, -4.255528, 0.0 ], [ -38.226965, -4.251493, 0.0 ], [ -38.227013, -4.247403, 0.0 ], [ -38.227088, -4.238957, 0.0 ], [ -38.227157, -4.237626, 0.0 ], [ -38.227136, -4.232819, 0.0 ], [ -38.227201, -4.229038, 0.0 ], [ -38.227237, -4.223431, 0.0 ], [ -38.227282, -4.219035, 0.0 ], [ -38.2273, -4.214704, 0.0 ], [ -38.227334, -4.211872, 0.0 ], [ -38.227366, -4.209019, 0.0 ], [ -38.227386, -4.207546, 0.0 ], [ -38.227413, -4.205606, 0.0 ], [ -38.226893, -4.205358, 0.0 ], [ -38.222599, -4.202493, 0.0 ], [ -38.221308, -4.201668, 0.0 ], [ -38.22044, -4.201308, 0.0 ], [ -38.220062, -4.200938, 0.0 ], [ -38.218934, -4.200218, 0.0 ], [ -38.217679, -4.200112, 0.0 ], [ -38.217005, -4.20038, 0.0 ], [ -38.216885, -4.200864, 0.0 ], [ -38.217004, -4.201328, 0.0 ], [ -38.217518, -4.201885, 0.0 ], [ -38.217613, -4.202113, 0.0 ], [ -38.217569, -4.202401, 0.0 ], [ -38.217342, -4.202553, 0.0 ], [ -38.216978, -4.202548, 0.0 ], [ -38.216629, -4.202515, 0.0 ], [ -38.216216, -4.202428, 0.0 ], [ -38.215732, -4.20222, 0.0 ], [ -38.215308, -4.201851, 0.0 ], [ -38.214839, -4.201496, 0.0 ], [ -38.214556, -4.201202, 0.0 ], [ -38.214138, -4.200904, 0.0 ], [ -38.213707, -4.2007, 0.0 ], [ -38.213307, -4.200567, 0.0 ], [ -38.213014, -4.200402, 0.0 ], [ -38.212581, -4.200177, 0.0 ], [ -38.212254, -4.199993, 0.0 ], [ -38.212103, -4.199785, 0.0 ], [ -38.211992, -4.199496, 0.0 ], [ -38.211877, -4.198972, 0.0 ], [ -38.211865, -4.198424, 0.0 ], [ -38.211834, -4.19744, 0.0 ], [ -38.211614, -4.19693, 0.0 ], [ -38.210385, -4.196566, 0.0 ], [ -38.209138, -4.196429, 0.0 ], [ -38.208826, -4.196528, 0.0 ], [ -38.208089, -4.19696, 0.0 ], [ -38.207842, -4.19708, 0.0 ], [ -38.207606, -4.197099, 0.0 ], [ -38.207431, -4.197183, 0.0 ], [ -38.207196, -4.197071, 0.0 ], [ -38.207013, -4.196795, 0.0 ], [ -38.206842, -4.19665, 0.0 ], [ -38.206778, -4.19635, 0.0 ], [ -38.206572, -4.195846, 0.0 ], [ -38.206265, -4.195554, 0.0 ], [ -38.205887, -4.194953, 0.0 ], [ -38.205321, -4.194608, 0.0 ], [ -38.204753, -4.194191, 0.0 ], [ -38.204444, -4.194314, 0.0 ], [ -38.204329, -4.195137, 0.0 ], [ -38.203544, -4.195799, 0.0 ], [ -38.20253, -4.196733, 0.0 ], [ -38.201931, -4.196753, 0.0 ], [ -38.201517, -4.196523, 0.0 ], [ -38.201745, -4.1957, 0.0 ], [ -38.20097, -4.196013, 0.0 ], [ -38.200366, -4.195538, 0.0 ], [ -38.199524, -4.194926, 0.0 ], [ -38.19734, -4.195059, 0.0 ], [ -38.196494, -4.196147, 0.0 ], [ -38.195712, -4.196228, 0.0 ], [ -38.195206, -4.196171, 0.0 ], [ -38.194688, -4.196271, 0.0 ], [ -38.194194, -4.196458, 0.0 ], [ -38.193973, -4.196582, 0.0 ], [ -38.19368, -4.196619, 0.0 ], [ -38.193467, -4.196583, 0.0 ], [ -38.193191, -4.196555, 0.0 ], [ -38.192865, -4.196419, 0.0 ], [ -38.192575, -4.196248, 0.0 ], [ -38.192256, -4.195835, 0.0 ], [ -38.191973, -4.195494, 0.0 ], [ -38.191854, -4.19437, 0.0 ], [ -38.191422, -4.194138, 0.0 ], [ -38.191004, -4.194539, 0.0 ], [ -38.19062, -4.195784, 0.0 ], [ -38.189424, -4.197388, 0.0 ], [ -38.189024, -4.19772, 0.0 ], [ -38.188814, -4.197772, 0.0 ], [ -38.18861, -4.19778, 0.0 ], [ -38.188403, -4.197775, 0.0 ], [ -38.188268, -4.197739, 0.0 ], [ -38.187941, -4.197531, 0.0 ], [ -38.187392, -4.197062, 0.0 ], [ -38.186521, -4.196285, 0.0 ], [ -38.186085, -4.195994, 0.0 ], [ -38.185753, -4.195964, 0.0 ], [ -38.185332, -4.196059, 0.0 ], [ -38.185042, -4.196088, 0.0 ], [ -38.184691, -4.195981, 0.0 ], [ -38.184511, -4.1958, 0.0 ], [ -38.184437, -4.194861, 0.0 ], [ -38.184184, -4.194608, 0.0 ], [ -38.183408, -4.195461, 0.0 ], [ -38.183199, -4.195527, 0.0 ], [ -38.182987, -4.195564, 0.0 ], [ -38.182519, -4.195403, 0.0 ], [ -38.182243, -4.195323, 0.0 ], [ -38.181978, -4.195291, 0.0 ], [ -38.181739, -4.195093, 0.0 ], [ -38.181574, -4.19497, 0.0 ], [ -38.181436, -4.19481, 0.0 ], [ -38.181319, -4.194618, 0.0 ], [ -38.181203, -4.194383, 0.0 ], [ -38.18116, -4.194079, 0.0 ], [ -38.18124, -4.193711, 0.0 ], [ -38.181326, -4.193316, 0.0 ], [ -38.181396, -4.192777, 0.0 ], [ -38.181364, -4.191972, 0.0 ], [ -38.181387, -4.191209, 0.0 ], [ -38.181111, -4.190632, 0.0 ], [ -38.180968, -4.189837, 0.0 ], [ -38.180799, -4.188984, 0.0 ], [ -38.180471, -4.187729, 0.0 ], [ -38.179898, -4.187035, 0.0 ], [ -38.178952, -4.186773, 0.0 ], [ -38.178347, -4.186719, 0.0 ], [ -38.177996, -4.186676, 0.0 ], [ -38.177858, -4.186617, 0.0 ], [ -38.177693, -4.186489, 0.0 ], [ -38.177571, -4.186355, 0.0 ], [ -38.177428, -4.185976, 0.0 ], [ -38.177334, -4.184637, 0.0 ], [ -38.177237, -4.18308, 0.0 ], [ -38.177047, -4.18229, 0.0 ], [ -38.176833, -4.181739, 0.0 ], [ -38.176548, -4.181164, 0.0 ], [ -38.17581, -4.180206, 0.0 ], [ -38.175476, -4.179727, 0.0 ], [ -38.174832, -4.179161, 0.0 ], [ -38.174166, -4.178821, 0.0 ], [ -38.173897, -4.178685, 0.0 ], [ -38.173628, -4.178351, 0.0 ], [ -38.173416, -4.177931, 0.0 ], [ -38.17336, -4.177575, 0.0 ], [ -38.173381, -4.177127, 0.0 ], [ -38.173531, -4.176345, 0.0 ], [ -38.173709, -4.175242, 0.0 ], [ -38.173582, -4.17463, 0.0 ], [ -38.172793, -4.174064, 0.0 ], [ -38.171975, -4.174145, 0.0 ], [ -38.170856, -4.175037, 0.0 ], [ -38.170585, -4.175253, 0.0 ], [ -38.170366, -4.175465, 0.0 ], [ -38.170182, -4.175577, 0.0 ], [ -38.169963, -4.175637, 0.0 ], [ -38.169808, -4.175688, 0.0 ], [ -38.169604, -4.175716, 0.0 ], [ -38.169401, -4.175728, 0.0 ], [ -38.169194, -4.175716, 0.0 ], [ -38.168995, -4.175612, 0.0 ], [ -38.168748, -4.175395, 0.0 ], [ -38.168621, -4.175107, 0.0 ], [ -38.168446, -4.174719, 0.0 ], [ -38.168406, -4.174339, 0.0 ], [ -38.168431, -4.174014, 0.0 ], [ -38.168604, -4.173643, 0.0 ], [ -38.168757, -4.173476, 0.0 ], [ -38.169057, -4.173123, 0.0 ], [ -38.169352, -4.172831, 0.0 ], [ -38.169747, -4.172604, 0.0 ], [ -38.169998, -4.172472, 0.0 ], [ -38.170182, -4.17238, 0.0 ], [ -38.170492, -4.172281, 0.0 ], [ -38.170772, -4.172032, 0.0 ], [ -38.170996, -4.171481, 0.0 ], [ -38.171036, -4.170908, 0.0 ], [ -38.170846, -4.170272, 0.0 ], [ -38.170647, -4.169832, 0.0 ], [ -38.170508, -4.169539, 0.0 ], [ -38.170416, -4.169347, 0.0 ], [ -38.170305, -4.169139, 0.0 ], [ -38.170158, -4.168883, 0.0 ], [ -38.170066, -4.168579, 0.0 ], [ -38.170027, -4.168387, 0.0 ], [ -38.170031, -4.168174, 0.0 ], [ -38.170123, -4.167878, 0.0 ], [ -38.170291, -4.167644, 0.0 ], [ -38.170811, -4.167268, 0.0 ], [ -38.171394, -4.166825, 0.0 ], [ -38.172069, -4.166312, 0.0 ], [ -38.172476, -4.165013, 0.0 ], [ -38.172109, -4.164415, 0.0 ], [ -38.171504, -4.163998, 0.0 ], [ -38.171345, -4.163314, 0.0 ], [ -38.172488, -4.163041, 0.0 ], [ -38.172866, -4.162709, 0.0 ], [ -38.172659, -4.162348, 0.0 ], [ -38.171507, -4.161513, 0.0 ], [ -38.170181, -4.159737, 0.0 ], [ -38.169278, -4.157773, 0.0 ], [ -38.167587, -4.156168, 0.0 ], [ -38.166896, -4.155281, 0.0 ], [ -38.166611, -4.15485, 0.0 ], [ -38.166326, -4.154252, 0.0 ], [ -38.16585, -4.153461, 0.0 ], [ -38.165445, -4.152719, 0.0 ], [ -38.164969, -4.152048, 0.0 ], [ -38.164564, -4.151474, 0.0 ], [ -38.164017, -4.15097, 0.0 ], [ -38.163495, -4.150582, 0.0 ], [ -38.162908, -4.150239, 0.0 ], [ -38.162227, -4.15012, 0.0 ], [ -38.161921, -4.14999, 0.0 ], [ -38.161687, -4.14979, 0.0 ], [ -38.161499, -4.149483, 0.0 ], [ -38.16137, -4.148952, 0.0 ], [ -38.161242, -4.148598, 0.0 ], [ -38.161124, -4.148303, 0.0 ], [ -38.161066, -4.148008, 0.0 ], [ -38.161054, -4.147737, 0.0 ], [ -38.161055, -4.147489, 0.0 ], [ -38.161043, -4.147218, 0.0 ], [ -38.161197, -4.14691, 0.0 ], [ -38.161449, -4.146662, 0.0 ], [ -38.161856, -4.146347, 0.0 ], [ -38.162435, -4.145852, 0.0 ], [ -38.162932, -4.145476, 0.0 ], [ -38.163242, -4.144926, 0.0 ], [ -38.163219, -4.144495, 0.0 ], [ -38.163053, -4.14404, 0.0 ], [ -38.162839, -4.143514, 0.0 ], [ -38.162506, -4.142819, 0.0 ], [ -38.16203, -4.142005, 0.0 ], [ -38.161649, -4.141191, 0.0 ], [ -38.161507, -4.140592, 0.0 ], [ -38.161364, -4.140209, 0.0 ], [ -38.161269, -4.139754, 0.0 ], [ -38.161246, -4.139443, 0.0 ], [ -38.161222, -4.139012, 0.0 ], [ -38.161247, -4.138629, 0.0 ], [ -38.161342, -4.138246, 0.0 ], [ -38.161438, -4.137959, 0.0 ], [ -38.161534, -4.137505, 0.0 ], [ -38.161511, -4.137098, 0.0 ], [ -38.161463, -4.136619, 0.0 ], [ -38.16144, -4.136356, 0.0 ], [ -38.16144, -4.135973, 0.0 ], [ -38.161464, -4.13559, 0.0 ], [ -38.16156, -4.13504, 0.0 ], [ -38.161731, -4.134006, 0.0 ], [ -38.162153, -4.133094, 0.0 ], [ -38.162201, -4.132324, 0.0 ], [ -38.162219, -4.129839, 0.0 ], [ -38.162142, -4.128597, 0.0 ], [ -38.162113, -4.127072, 0.0 ], [ -38.161926, -4.125672, 0.0 ], [ -38.16174, -4.124068, 0.0 ], [ -38.161615, -4.12358, 0.0 ], [ -38.161538, -4.12281, 0.0 ], [ -38.161445, -4.121882, 0.0 ], [ -38.161352, -4.12108, 0.0 ], [ -38.161274, -4.120639, 0.0 ], [ -38.161243, -4.120089, 0.0 ], [ -38.161212, -4.119554, 0.0 ], [ -38.16126, -4.118925, 0.0 ], [ -38.161246, -4.11852, 0.0 ], [ -38.161205, -4.117975, 0.0 ], [ -38.161164, -4.11743, 0.0 ], [ -38.160997, -4.116787, 0.0 ], [ -38.160747, -4.116172, 0.0 ], [ -38.160358, -4.115361, 0.0 ], [ -38.15958, -4.113962, 0.0 ], [ -38.15908, -4.113346, 0.0 ], [ -38.157027, -4.110754, 0.0 ], [ -38.150842, -4.104787, 0.0 ], [ -38.149083, -4.103393, 0.0 ], [ -38.148304, -4.10239, 0.0 ], [ -38.147587, -4.100217, 0.0 ], [ -38.153, -4.093, 0.0 ], [ -38.179, -4.058, 0.0 ], [ -38.185724, -4.048874, 0.0 ], [ -38.193, -4.039, 0.0 ], [ -38.202, -4.033, 0.0 ], [ -38.223, -4.006, 0.0 ], [ -38.225454, -4.007227, 0.0 ], [ -38.227, -4.008, 0.0 ], [ -38.229115, -4.013921, 0.0 ], [ -38.229762, -4.015733, 0.0 ], [ -38.231152, -4.019624, 0.0 ], [ -38.232, -4.022, 0.0 ], [ -38.236403, -4.022775, 0.0 ], [ -38.235836, -4.033939, 0.0 ], [ -38.235555, -4.039794, 0.0 ], [ -38.235665, -4.039942, 0.0 ], [ -38.235944, -4.040162, 0.0 ], [ -38.236434, -4.040473, 0.0 ], [ -38.237078, -4.040785, 0.0 ], [ -38.237694, -4.041313, 0.0 ], [ -38.238794, -4.042162, 0.0 ], [ -38.239584, -4.042324, 0.0 ], [ -38.240272, -4.042354, 0.0 ], [ -38.24099, -4.042329, 0.0 ], [ -38.24211, -4.042285, 0.0 ], [ -38.242992, -4.042124, 0.0 ], [ -38.243611, -4.041821, 0.0 ], [ -38.244196, -4.041609, 0.0 ], [ -38.24472, -4.041583, 0.0 ], [ -38.245553, -4.041705, 0.0 ], [ -38.246284, -4.041856, 0.0 ], [ -38.246786, -4.042216, 0.0 ], [ -38.247472, -4.042915, 0.0 ], [ -38.248208, -4.043231, 0.0 ], [ -38.24918, -4.043261, 0.0 ], [ -38.250053, -4.043326, 0.0 ], [ -38.250618, -4.043198, 0.0 ], [ -38.251018, -4.043098, 0.0 ], [ -38.251541, -4.04332, 0.0 ], [ -38.25194, -4.043666, 0.0 ], [ -38.252333, -4.043925, 0.0 ], [ -38.252784, -4.044011, 0.0 ], [ -38.25322, -4.044039, 0.0 ], [ -38.253844, -4.043995, 0.0 ], [ -38.254204, -4.04408, 0.0 ], [ -38.254514, -4.044228, 0.0 ], [ -38.254993, -4.044286, 0.0 ], [ -38.255422, -4.044236, 0.0 ], [ -38.255872, -4.044136, 0.0 ], [ -38.256094, -4.044134, 0.0 ], [ -38.256566, -4.044187, 0.0 ], [ -38.256888, -4.044316, 0.0 ], [ -38.25683, -4.044632, 0.0 ], [ -38.256772, -4.045257, 0.0 ], [ -38.256664, -4.046126, 0.0 ], [ -38.256504, -4.047014, 0.0 ], [ -38.256482, -4.047452, 0.0 ], [ -38.256625, -4.04827, 0.0 ], [ -38.256917, -4.049283, 0.0 ], [ -38.257345, -4.050339, 0.0 ], [ -38.25778, -4.051495, 0.0 ], [ -38.258101, -4.05263, 0.0 ], [ -38.258243, -4.053513, 0.0 ], [ -38.258242, -4.054493, 0.0 ], [ -38.25842, -4.055007, 0.0 ], [ -38.25873, -4.055427, 0.0 ], [ -38.259242, -4.055918, 0.0 ], [ -38.259754, -4.056265, 0.0 ], [ -38.260176, -4.056537, 0.0 ], [ -38.260088, -4.056659, 0.0 ], [ -38.260018, -4.057218, 0.0 ], [ -38.25993, -4.058515, 0.0 ], [ -38.260105, -4.05905, 0.0 ], [ -38.260084, -4.06032, 0.0 ], [ -38.260166, -4.061974, 0.0 ], [ -38.260489, -4.061988, 0.0 ], [ -38.262118, -4.070075, 0.0 ], [ -38.262828, -4.073369, 0.0 ], [ -38.263362, -4.073325, 0.0 ], [ -38.26397, -4.073265, 0.0 ], [ -38.264541, -4.073096, 0.0 ], [ -38.265185, -4.072821, 0.0 ], [ -38.266601, -4.072411, 0.0 ], [ -38.268708, -4.071325, 0.0 ], [ -38.270412, -4.070185, 0.0 ], [ -38.272582, -4.069373, 0.0 ], [ -38.276021, -4.06757, 0.0 ], [ -38.276612, -4.067438, 0.0 ], [ -38.277518, -4.066529, 0.0 ], [ -38.278615, -4.065668, 0.0 ], [ -38.279283, -4.065166, 0.0 ], [ -38.280165, -4.064808, 0.0 ], [ -38.281143, -4.064905, 0.0 ], [ -38.281912, -4.065055, 0.0 ], [ -38.282751, -4.065478, 0.0 ], [ -38.283456, -4.06566, 0.0 ], [ -38.284313, -4.065764, 0.0 ], [ -38.285811, -4.065452, 0.0 ], [ -38.287435, -4.064643, 0.0 ], [ -38.289033, -4.063883, 0.0 ], [ -38.290011, -4.063309, 0.0 ], [ -38.290583, -4.062855, 0.0 ], [ -38.291048, -4.062434, 0.0 ], [ -38.291561, -4.06197, 0.0 ], [ -38.292236, -4.062018, 0.0 ], [ -38.293034, -4.062102, 0.0 ], [ -38.293727, -4.061929, 0.0 ], [ -38.294171, -4.061729, 0.0 ], [ -38.294662, -4.061514, 0.0 ], [ -38.294538, -4.061978, 0.0 ], [ -38.294344, -4.062738, 0.0 ], [ -38.293938, -4.064341, 0.0 ], [ -38.293799, -4.064823, 0.0 ], [ -38.293304, -4.06659, 0.0 ], [ -38.292656, -4.068999, 0.0 ], [ -38.29114, -4.075205, 0.0 ], [ -38.290506, -4.077801, 0.0 ], [ -38.289693, -4.080864, 0.0 ], [ -38.28943, -4.081809, 0.0 ], [ -38.288987, -4.08358, 0.0 ], [ -38.287648, -4.088964, 0.0 ], [ -38.286284, -4.094444, 0.0 ], [ -38.285638, -4.096657, 0.0 ], [ -38.285124, -4.098548, 0.0 ], [ -38.284452, -4.101314, 0.0 ], [ -38.284168, -4.102257, 0.0 ], [ -38.283879, -4.103187, 0.0 ], [ -38.283855, -4.103345, 0.0 ], [ -38.28395, -4.103508, 0.0 ], [ -38.284093, -4.103566, 0.0 ], [ -38.284202, -4.103532, 0.0 ], [ -38.284417, -4.103262, 0.0 ], [ -38.284846, -4.102748, 0.0 ], [ -38.285228, -4.102341, 0.0 ], [ -38.285711, -4.101919, 0.0 ], [ -38.287173, -4.10046, 0.0 ], [ -38.289152, -4.098455, 0.0 ], [ -38.290632, -4.097016, 0.0 ], [ -38.291348, -4.09643, 0.0 ], [ -38.292349, -4.09606, 0.0 ], [ -38.293732, -4.095559, 0.0 ], [ -38.294757, -4.095237, 0.0 ], [ -38.294944, -4.095232, 0.0 ], [ -38.296068, -4.095202, 0.0 ], [ -38.298249, -4.095347, 0.0 ], [ -38.30012, -4.095457, 0.0 ], [ -38.301002, -4.095194, 0.0 ], [ -38.302028, -4.094824, 0.0 ], [ -38.303494, -4.094382, 0.0 ], [ -38.304501, -4.094047, 0.0 ], [ -38.30811, -4.093646, 0.0 ], [ -38.311826, -4.093205, 0.0 ], [ -38.317273, -4.092504, 0.0 ], [ -38.318835, -4.091835, 0.0 ], [ -38.320194, -4.091704, 0.0 ], [ -38.327631, -4.090992, 0.0 ], [ -38.331588, -4.090517, 0.0 ], [ -38.336583, -4.089552, 0.0 ], [ -38.339813, -4.089004, 0.0 ], [ -38.341827, -4.088778, 0.0 ], [ -38.345975, -4.088435, 0.0 ], [ -38.348847, -4.088121, 0.0 ], [ -38.349007, -4.087526, 0.0 ], [ -38.349693, -4.086659, 0.0 ], [ -38.35026, -4.085911, 0.0 ], [ -38.350618, -4.085283, 0.0 ], [ -38.351036, -4.084566, 0.0 ], [ -38.351424, -4.083997, 0.0 ], [ -38.352109, -4.083519, 0.0 ], [ -38.352736, -4.082802, 0.0 ], [ -38.353392, -4.082114, 0.0 ], [ -38.353333, -4.081456, 0.0 ], [ -38.353184, -4.080528, 0.0 ], [ -38.352887, -4.07966, 0.0 ], [ -38.353097, -4.078494, 0.0 ], [ -38.353574, -4.077298, 0.0 ], [ -38.354111, -4.07646, 0.0 ], [ -38.354976, -4.075414, 0.0 ], [ -38.355692, -4.074517, 0.0 ], [ -38.356408, -4.07347, 0.0 ], [ -38.357422, -4.072424, 0.0 ], [ -38.35927, -4.071228, 0.0 ], [ -38.361804, -4.069824, 0.0 ], [ -38.370272, -4.065587, 0.0 ], [ -38.370359, -4.06609, 0.0 ], [ -38.372509, -4.078455, 0.0 ], [ -38.38189, -4.145144, 0.0 ], [ -38.387, -4.187, 0.0 ], [ -38.390083, -4.205499, 0.0 ], [ -38.392851, -4.223148, 0.0 ] ] ] } },
{ "type": "Feature", "properties": { "Name": "Pindoretama - AIS 13", "Description": "descrição: <br>@id: relation/302539<br>IBGE:GEOCODIGO: 2310852<br>admin_level: 8<br>boundary: administrative<br>name: Pindoretama<br>place: municipality<br>population: 23391<br>population:date: 2023-08-31<br>source: IBGE<br>source:population: IBGE, DOU de 31/08/2023<br>type: boundary<br>wikidata: Q948079<br>wikipedia: pt:Pindoretama<br>is_in:country: <br>is_in:state: <br>note: <br>website: <br>@relations: " }, "geometry": { "type": "Polygon", "coordinates": [ [ [ -38.370272, -4.065587, 0.0 ], [ -38.361804, -4.069824, 0.0 ], [ -38.35927, -4.071228, 0.0 ], [ -38.357422, -4.072424, 0.0 ], [ -38.356408, -4.07347, 0.0 ], [ -38.355692, -4.074517, 0.0 ], [ -38.354976, -4.075414, 0.0 ], [ -38.354111, -4.07646, 0.0 ], [ -38.353574, -4.077298, 0.0 ], [ -38.353097, -4.078494, 0.0 ], [ -38.352887, -4.07966, 0.0 ], [ -38.353184, -4.080528, 0.0 ], [ -38.353333, -4.081456, 0.0 ], [ -38.353392, -4.082114, 0.0 ], [ -38.352736, -4.082802, 0.0 ], [ -38.352109, -4.083519, 0.0 ], [ -38.351424, -4.083997, 0.0 ], [ -38.351036, -4.084566, 0.0 ], [ -38.350618, -4.085283, 0.0 ], [ -38.35026, -4.085911, 0.0 ], [ -38.349693, -4.086659, 0.0 ], [ -38.349007, -4.087526, 0.0 ], [ -38.348847, -4.088121, 0.0 ], [ -38.345975, -4.088435, 0.0 ], [ -38.341827, -4.088778, 0.0 ], [ -38.339813, -4.089004, 0.0 ], [ -38.336583, -4.089552, 0.0 ], [ -38.331588, -4.090517, 0.0 ], [ -38.327631, -4.090992, 0.0 ], [ -38.320194, -4.091704, 0.0 ], [ -38.318835, -4.091835, 0.0 ], [ -38.317273, -4.092504, 0.0 ], [ -38.311826, -4.093205, 0.0 ], [ -38.30811, -4.093646, 0.0 ], [ -38.304501, -4.094047, 0.0 ], [ -38.303494, -4.094382, 0.0 ], [ -38.302028, -4.094824, 0.0 ], [ -38.301002, -4.095194, 0.0 ], [ -38.30012, -4.095457, 0.0 ], [ -38.298249, -4.095347, 0.0 ], [ -38.296068, -4.095202, 0.0 ], [ -38.294944, -4.095232, 0.0 ], [ -38.294757, -4.095237, 0.0 ], [ -38.293732, -4.095559, 0.0 ], [ -38.292349, -4.09606, 0.0 ], [ -38.291348, -4.09643, 0.0 ], [ -38.290632, -4.097016, 0.0 ], [ -38.289152, -4.098455, 0.0 ], [ -38.287173, -4.10046, 0.0 ], [ -38.285711, -4.101919, 0.0 ], [ -38.285228, -4.102341, 0.0 ], [ -38.284846, -4.102748, 0.0 ], [ -38.284417, -4.103262, 0.0 ], [ -38.284202, -4.103532, 0.0 ], [ -38.284093, -4.103566, 0.0 ], [ -38.28395, -4.103508, 0.0 ], [ -38.283855, -4.103345, 0.0 ], [ -38.283879, -4.103187, 0.0 ], [ -38.284168, -4.102257, 0.0 ], [ -38.284452, -4.101314, 0.0 ], [ -38.285124, -4.098548, 0.0 ], [ -38.285638, -4.096657, 0.0 ], [ -38.286284, -4.094444, 0.0 ], [ -38.287648, -4.088964, 0.0 ], [ -38.288987, -4.08358, 0.0 ], [ -38.28943, -4.081809, 0.0 ], [ -38.289693, -4.080864, 0.0 ], [ -38.290506, -4.077801, 0.0 ], [ -38.29114, -4.075205, 0.0 ], [ -38.292656, -4.068999, 0.0 ], [ -38.293304, -4.06659, 0.0 ], [ -38.293799, -4.064823, 0.0 ], [ -38.293938, -4.064341, 0.0 ], [ -38.294344, -4.062738, 0.0 ], [ -38.294538, -4.061978, 0.0 ], [ -38.294662, -4.061514, 0.0 ], [ -38.294171, -4.061729, 0.0 ], [ -38.293727, -4.061929, 0.0 ], [ -38.293034, -4.062102, 0.0 ], [ -38.292236, -4.062018, 0.0 ], [ -38.291561, -4.06197, 0.0 ], [ -38.291048, -4.062434, 0.0 ], [ -38.290583, -4.062855, 0.0 ], [ -38.290011, -4.063309, 0.0 ], [ -38.289033, -4.063883, 0.0 ], [ -38.287435, -4.064643, 0.0 ], [ -38.285811, -4.065452, 0.0 ], [ -38.284313, -4.065764, 0.0 ], [ -38.283456, -4.06566, 0.0 ], [ -38.282751, -4.065478, 0.0 ], [ -38.281912, -4.065055, 0.0 ], [ -38.281143, -4.064905, 0.0 ], [ -38.280165, -4.064808, 0.0 ], [ -38.279283, -4.065166, 0.0 ], [ -38.278615, -4.065668, 0.0 ], [ -38.277518, -4.066529, 0.0 ], [ -38.276612, -4.067438, 0.0 ], [ -38.276021, -4.06757, 0.0 ], [ -38.272582, -4.069373, 0.0 ], [ -38.270412, -4.070185, 0.0 ], [ -38.268708, -4.071325, 0.0 ], [ -38.266601, -4.072411, 0.0 ], [ -38.265185, -4.072821, 0.0 ], [ -38.264541, -4.073096, 0.0 ], [ -38.26397, -4.073265, 0.0 ], [ -38.263362, -4.073325, 0.0 ], [ -38.262828, -4.073369, 0.0 ], [ -38.262118, -4.070075, 0.0 ], [ -38.260489, -4.061988, 0.0 ], [ -38.260166, -4.061974, 0.0 ], [ -38.260084, -4.06032, 0.0 ], [ -38.260105, -4.05905, 0.0 ], [ -38.25993, -4.058515, 0.0 ], [ -38.260018, -4.057218, 0.0 ], [ -38.260088, -4.056659, 0.0 ], [ -38.260176, -4.056537, 0.0 ], [ -38.259754, -4.056265, 0.0 ], [ -38.259242, -4.055918, 0.0 ], [ -38.25873, -4.055427, 0.0 ], [ -38.25842, -4.055007, 0.0 ], [ -38.258242, -4.054493, 0.0 ], [ -38.258243, -4.053513, 0.0 ], [ -38.258101, -4.05263, 0.0 ], [ -38.25778, -4.051495, 0.0 ], [ -38.257345, -4.050339, 0.0 ], [ -38.256917, -4.049283, 0.0 ], [ -38.256625, -4.04827, 0.0 ], [ -38.256482, -4.047452, 0.0 ], [ -38.256504, -4.047014, 0.0 ], [ -38.256664, -4.046126, 0.0 ], [ -38.256772, -4.045257, 0.0 ], [ -38.25683, -4.044632, 0.0 ], [ -38.256888, -4.044316, 0.0 ], [ -38.256566, -4.044187, 0.0 ], [ -38.256094, -4.044134, 0.0 ], [ -38.255872, -4.044136, 0.0 ], [ -38.255422, -4.044236, 0.0 ], [ -38.254993, -4.044286, 0.0 ], [ -38.254514, -4.044228, 0.0 ], [ -38.254204, -4.04408, 0.0 ], [ -38.253844, -4.043995, 0.0 ], [ -38.25322, -4.044039, 0.0 ], [ -38.252784, -4.044011, 0.0 ], [ -38.252333, -4.043925, 0.0 ], [ -38.25194, -4.043666, 0.0 ], [ -38.251541, -4.04332, 0.0 ], [ -38.251018, -4.043098, 0.0 ], [ -38.250618, -4.043198, 0.0 ], [ -38.250053, -4.043326, 0.0 ], [ -38.24918, -4.043261, 0.0 ], [ -38.248208, -4.043231, 0.0 ], [ -38.247472, -4.042915, 0.0 ], [ -38.246786, -4.042216, 0.0 ], [ -38.246284, -4.041856, 0.0 ], [ -38.245553, -4.041705, 0.0 ], [ -38.24472, -4.041583, 0.0 ], [ -38.244196, -4.041609, 0.0 ], [ -38.243611, -4.041821, 0.0 ], [ -38.242992, -4.042124, 0.0 ], [ -38.24211, -4.042285, 0.0 ], [ -38.24099, -4.042329, 0.0 ], [ -38.240272, -4.042354, 0.0 ], [ -38.239584, -4.042324, 0.0 ], [ -38.238794, -4.042162, 0.0 ], [ -38.237694, -4.041313, 0.0 ], [ -38.237078, -4.040785, 0.0 ], [ -38.236434, -4.040473, 0.0 ], [ -38.235944, -4.040162, 0.0 ], [ -38.235665, -4.039942, 0.0 ], [ -38.235555, -4.039794, 0.0 ], [ -38.235836, -4.033939, 0.0 ], [ -38.236403, -4.022775, 0.0 ], [ -38.236995, -4.022808, 0.0 ], [ -38.237395, -4.022898, 0.0 ], [ -38.23781, -4.023111, 0.0 ], [ -38.238582, -4.023054, 0.0 ], [ -38.238818, -4.023155, 0.0 ], [ -38.239103, -4.023604, 0.0 ], [ -38.239121, -4.023936, 0.0 ], [ -38.238789, -4.024141, 0.0 ], [ -38.238728, -4.02442, 0.0 ], [ -38.238979, -4.02472, 0.0 ], [ -38.238969, -4.025006, 0.0 ], [ -38.239097, -4.025279, 0.0 ], [ -38.238861, -4.025651, 0.0 ], [ -38.239051, -4.026022, 0.0 ], [ -38.239301, -4.026249, 0.0 ], [ -38.239515, -4.026401, 0.0 ], [ -38.239872, -4.026465, 0.0 ], [ -38.240122, -4.026608, 0.0 ], [ -38.24036, -4.026513, 0.0 ], [ -38.240621, -4.026106, 0.0 ], [ -38.240866, -4.025801, 0.0 ], [ -38.241089, -4.025885, 0.0 ], [ -38.241216, -4.026042, 0.0 ], [ -38.24136, -4.026335, 0.0 ], [ -38.241574, -4.02634, 0.0 ], [ -38.241895, -4.02612, 0.0 ], [ -38.242395, -4.026132, 0.0 ], [ -38.242868, -4.026255, 0.0 ], [ -38.243154, -4.026366, 0.0 ], [ -38.243407, -4.026769, 0.0 ], [ -38.243669, -4.026936, 0.0 ], [ -38.244277, -4.02703, 0.0 ], [ -38.244882, -4.027198, 0.0 ], [ -38.245179, -4.027087, 0.0 ], [ -38.245571, -4.027412, 0.0 ], [ -38.245883, -4.027858, 0.0 ], [ -38.246448, -4.027978, 0.0 ], [ -38.246682, -4.028026, 0.0 ], [ -38.246978, -4.028344, 0.0 ], [ -38.247427, -4.028435, 0.0 ], [ -38.248141, -4.028369, 0.0 ], [ -38.248982, -4.028415, 0.0 ], [ -38.249603, -4.028373, 0.0 ], [ -38.250082, -4.02827, 0.0 ], [ -38.250667, -4.028244, 0.0 ], [ -38.251251, -4.02842, 0.0 ], [ -38.25164, -4.028447, 0.0 ], [ -38.251934, -4.028368, 0.0 ], [ -38.252545, -4.028331, 0.0 ], [ -38.253264, -4.028686, 0.0 ], [ -38.253523, -4.028537, 0.0 ], [ -38.253877, -4.028492, 0.0 ], [ -38.254119, -4.028412, 0.0 ], [ -38.25442, -4.0283, 0.0 ], [ -38.25476, -4.0282, 0.0 ], [ -38.2552, -4.028085, 0.0 ], [ -38.255693, -4.027933, 0.0 ], [ -38.256071, -4.027876, 0.0 ], [ -38.256462, -4.027845, 0.0 ], [ -38.256726, -4.027752, 0.0 ], [ -38.256966, -4.027716, 0.0 ], [ -38.25727, -4.027743, 0.0 ], [ -38.257613, -4.027825, 0.0 ], [ -38.257878, -4.027946, 0.0 ], [ -38.25817, -4.028042, 0.0 ], [ -38.258536, -4.027992, 0.0 ], [ -38.259027, -4.027914, 0.0 ], [ -38.259482, -4.027913, 0.0 ], [ -38.259699, -4.027978, 0.0 ], [ -38.259863, -4.027976, 0.0 ], [ -38.260128, -4.027765, 0.0 ], [ -38.260224, -4.027511, 0.0 ], [ -38.260298, -4.027265, 0.0 ], [ -38.260395, -4.027075, 0.0 ], [ -38.260545, -4.027015, 0.0 ], [ -38.260697, -4.027013, 0.0 ], [ -38.260837, -4.027061, 0.0 ], [ -38.261003, -4.027134, 0.0 ], [ -38.261257, -4.02718, 0.0 ], [ -38.261484, -4.027176, 0.0 ], [ -38.261648, -4.027123, 0.0 ], [ -38.261722, -4.027078, 0.0 ], [ -38.261797, -4.027014, 0.0 ], [ -38.261998, -4.02696, 0.0 ], [ -38.262162, -4.026964, 0.0 ], [ -38.262443, -4.027047, 0.0 ], [ -38.262661, -4.027176, 0.0 ], [ -38.263014, -4.027126, 0.0 ], [ -38.263352, -4.027007, 0.0 ], [ -38.263743, -4.026775, 0.0 ], [ -38.263903, -4.026577, 0.0 ], [ -38.26398, -4.026458, 0.0 ], [ -38.264332, -4.026357, 0.0 ], [ -38.264583, -4.02629, 0.0 ], [ -38.2649, -4.026298, 0.0 ], [ -38.265214, -4.02623, 0.0 ], [ -38.265517, -4.026206, 0.0 ], [ -38.265565, -4.026111, 0.0 ], [ -38.265797, -4.026071, 0.0 ], [ -38.266227, -4.02607, 0.0 ], [ -38.266463, -4.026109, 0.0 ], [ -38.266834, -4.02626, 0.0 ], [ -38.266988, -4.026371, 0.0 ], [ -38.266999, -4.026489, 0.0 ], [ -38.267004, -4.026684, 0.0 ], [ -38.267093, -4.026914, 0.0 ], [ -38.267325, -4.027055, 0.0 ], [ -38.267567, -4.02712, 0.0 ], [ -38.267706, -4.027118, 0.0 ], [ -38.26799, -4.027181, 0.0 ], [ -38.268144, -4.02718, 0.0 ], [ -38.268388, -4.027174, 0.0 ], [ -38.26858, -4.02718, 0.0 ], [ -38.268846, -4.027252, 0.0 ], [ -38.269023, -4.02734, 0.0 ], [ -38.269264, -4.027398, 0.0 ], [ -38.269738, -4.027412, 0.0 ], [ -38.269779, -4.027317, 0.0 ], [ -38.269833, -4.027249, 0.0 ], [ -38.269989, -4.027183, 0.0 ], [ -38.270247, -4.027108, 0.0 ], [ -38.270518, -4.027058, 0.0 ], [ -38.270889, -4.02705, 0.0 ], [ -38.271319, -4.027064, 0.0 ], [ -38.271524, -4.027058, 0.0 ], [ -38.27187, -4.027017, 0.0 ], [ -38.272349, -4.026846, 0.0 ], [ -38.27275, -4.026712, 0.0 ], [ -38.273072, -4.026626, 0.0 ], [ -38.273604, -4.0265, 0.0 ], [ -38.273979, -4.026364, 0.0 ], [ -38.274173, -4.026288, 0.0 ], [ -38.274419, -4.02618, 0.0 ], [ -38.274625, -4.026123, 0.0 ], [ -38.274881, -4.026092, 0.0 ], [ -38.275097, -4.026099, 0.0 ], [ -38.275147, -4.026132, 0.0 ], [ -38.275195, -4.026223, 0.0 ], [ -38.27527, -4.026289, 0.0 ], [ -38.275356, -4.026368, 0.0 ], [ -38.275483, -4.026403, 0.0 ], [ -38.275589, -4.026399, 0.0 ], [ -38.27568, -4.026344, 0.0 ], [ -38.275798, -4.02624, 0.0 ], [ -38.276044, -4.026107, 0.0 ], [ -38.276263, -4.026037, 0.0 ], [ -38.276484, -4.025898, 0.0 ], [ -38.276645, -4.025654, 0.0 ], [ -38.276757, -4.025327, 0.0 ], [ -38.276892, -4.025076, 0.0 ], [ -38.276964, -4.024812, 0.0 ], [ -38.277076, -4.024516, 0.0 ], [ -38.277223, -4.024272, 0.0 ], [ -38.277522, -4.024091, 0.0 ], [ -38.277858, -4.023917, 0.0 ], [ -38.278146, -4.023665, 0.0 ], [ -38.278333, -4.023473, 0.0 ], [ -38.278708, -4.023262, 0.0 ], [ -38.27876, -4.023245, 0.0 ], [ -38.279004, -4.023157, 0.0 ], [ -38.279338, -4.023047, 0.0 ], [ -38.279773, -4.022933, 0.0 ], [ -38.28017, -4.022825, 0.0 ], [ -38.280367, -4.022716, 0.0 ], [ -38.2806, -4.022545, 0.0 ], [ -38.28072, -4.022378, 0.0 ], [ -38.280902, -4.022244, 0.0 ], [ -38.281094, -4.022174, 0.0 ], [ -38.281463, -4.022128, 0.0 ], [ -38.281692, -4.02211, 0.0 ], [ -38.282189, -4.022049, 0.0 ], [ -38.282393, -4.022005, 0.0 ], [ -38.282685, -4.021983, 0.0 ], [ -38.282925, -4.022016, 0.0 ], [ -38.283174, -4.022144, 0.0 ], [ -38.283359, -4.022321, 0.0 ], [ -38.283671, -4.022477, 0.0 ], [ -38.284047, -4.022597, 0.0 ], [ -38.284335, -4.022708, 0.0 ], [ -38.284611, -4.022818, 0.0 ], [ -38.285086, -4.023017, 0.0 ], [ -38.285413, -4.023071, 0.0 ], [ -38.285741, -4.023113, 0.0 ], [ -38.286009, -4.023096, 0.0 ], [ -38.286378, -4.023019, 0.0 ], [ -38.28675, -4.022872, 0.0 ], [ -38.286904, -4.022769, 0.0 ], [ -38.287125, -4.022592, 0.0 ], [ -38.287293, -4.022458, 0.0 ], [ -38.287463, -4.022336, 0.0 ], [ -38.287654, -4.022272, 0.0 ], [ -38.287794, -4.022239, 0.0 ], [ -38.288074, -4.022203, 0.0 ], [ -38.28829, -4.022153, 0.0 ], [ -38.28843, -4.022132, 0.0 ], [ -38.288681, -4.022172, 0.0 ], [ -38.288906, -4.022255, 0.0 ], [ -38.289018, -4.022316, 0.0 ], [ -38.289155, -4.022408, 0.0 ], [ -38.289266, -4.022488, 0.0 ], [ -38.289316, -4.022489, 0.0 ], [ -38.289406, -4.022467, 0.0 ], [ -38.289483, -4.022425, 0.0 ], [ -38.289622, -4.022423, 0.0 ], [ -38.289685, -4.022425, 0.0 ], [ -38.289748, -4.022408, 0.0 ], [ -38.289863, -4.022367, 0.0 ], [ -38.289977, -4.022346, 0.0 ], [ -38.29013, -4.022312, 0.0 ], [ -38.290296, -4.02226, 0.0 ], [ -38.29055, -4.022224, 0.0 ], [ -38.290714, -4.02221, 0.0 ], [ -38.290853, -4.022214, 0.0 ], [ -38.290916, -4.022216, 0.0 ], [ -38.291006, -4.022169, 0.0 ], [ -38.29112, -4.022147, 0.0 ], [ -38.291208, -4.02215, 0.0 ], [ -38.291333, -4.022185, 0.0 ], [ -38.291508, -4.022248, 0.0 ], [ -38.291583, -4.022269, 0.0 ], [ -38.291659, -4.022253, 0.0 ], [ -38.291711, -4.02221, 0.0 ], [ -38.291842, -4.022037, 0.0 ], [ -38.291919, -4.021989, 0.0 ], [ -38.292161, -4.021939, 0.0 ], [ -38.292401, -4.021903, 0.0 ], [ -38.292566, -4.02187, 0.0 ], [ -38.292694, -4.021823, 0.0 ], [ -38.29277, -4.021807, 0.0 ], [ -38.292897, -4.021766, 0.0 ], [ -38.293025, -4.021714, 0.0 ], [ -38.293029, -4.021575, 0.0 ], [ -38.292994, -4.021485, 0.0 ], [ -38.292896, -4.0214, 0.0 ], [ -38.29285, -4.021252, 0.0 ], [ -38.292781, -4.021048, 0.0 ], [ -38.292761, -4.020895, 0.0 ], [ -38.292781, -4.020752, 0.0 ], [ -38.292897, -4.02057, 0.0 ], [ -38.293, -4.020517, 0.0 ], [ -38.293103, -4.02045, 0.0 ], [ -38.293142, -4.020382, 0.0 ], [ -38.29316, -4.020243, 0.0 ], [ -38.293226, -4.020125, 0.0 ], [ -38.293498, -4.0199, 0.0 ], [ -38.293655, -4.019709, 0.0 ], [ -38.293722, -4.019572, 0.0 ], [ -38.293728, -4.019382, 0.0 ], [ -38.293769, -4.019295, 0.0 ], [ -38.293921, -4.019262, 0.0 ], [ -38.294062, -4.019178, 0.0 ], [ -38.294158, -4.018953, 0.0 ], [ -38.294263, -4.018799, 0.0 ], [ -38.294428, -4.018772, 0.0 ], [ -38.294555, -4.01872, 0.0 ], [ -38.294597, -4.018582, 0.0 ], [ -38.294728, -4.018421, 0.0 ], [ -38.294948, -4.018252, 0.0 ], [ -38.295252, -4.018167, 0.0 ], [ -38.295416, -4.018166, 0.0 ], [ -38.295619, -4.018128, 0.0 ], [ -38.295808, -4.01811, 0.0 ], [ -38.296084, -4.018112, 0.0 ], [ -38.2962, -4.01804, 0.0 ], [ -38.296391, -4.017964, 0.0 ], [ -38.296646, -4.017852, 0.0 ], [ -38.296774, -4.017762, 0.0 ], [ -38.297065, -4.017727, 0.0 ], [ -38.297307, -4.017621, 0.0 ], [ -38.297527, -4.01742, 0.0 ], [ -38.29796, -4.017238, 0.0 ], [ -38.298254, -4.017084, 0.0 ], [ -38.298524, -4.016878, 0.0 ], [ -38.298766, -4.016773, 0.0 ], [ -38.298922, -4.01662, 0.0 ], [ -38.298964, -4.016469, 0.0 ], [ -38.298933, -4.016235, 0.0 ], [ -38.299038, -4.016088, 0.0 ], [ -38.29928, -4.015951, 0.0 ], [ -38.29941, -4.015816, 0.0 ], [ -38.299589, -4.015708, 0.0 ], [ -38.299844, -4.015572, 0.0 ], [ -38.299985, -4.015488, 0.0 ], [ -38.300126, -4.015404, 0.0 ], [ -38.300335, -4.015324, 0.0 ], [ -38.300466, -4.015328, 0.0 ], [ -38.30058, -4.015294, 0.0 ], [ -38.300645, -4.015233, 0.0 ], [ -38.300771, -4.015224, 0.0 ], [ -38.300884, -4.015228, 0.0 ], [ -38.301022, -4.015196, 0.0 ], [ -38.301186, -4.01517, 0.0 ], [ -38.301309, -4.015224, 0.0 ], [ -38.301421, -4.015266, 0.0 ], [ -38.301547, -4.015257, 0.0 ], [ -38.301685, -4.015243, 0.0 ], [ -38.301811, -4.015234, 0.0 ], [ -38.301911, -4.01525, 0.0 ], [ -38.301988, -4.015196, 0.0 ], [ -38.302089, -4.015143, 0.0 ], [ -38.302191, -4.015084, 0.0 ], [ -38.302319, -4.015012, 0.0 ], [ -38.302485, -4.014941, 0.0 ], [ -38.302584, -4.014908, 0.0 ], [ -38.30266, -4.01491, 0.0 ], [ -38.30281, -4.014915, 0.0 ], [ -38.302961, -4.014914, 0.0 ], [ -38.30305, -4.014866, 0.0 ], [ -38.303102, -4.014805, 0.0 ], [ -38.30314, -4.014793, 0.0 ], [ -38.30319, -4.01482, 0.0 ], [ -38.303275, -4.014905, 0.0 ], [ -38.303361, -4.014959, 0.0 ], [ -38.303524, -4.014951, 0.0 ], [ -38.303662, -4.014875, 0.0 ], [ -38.303765, -4.014828, 0.0 ], [ -38.303781, -4.014727, 0.0 ], [ -38.303712, -4.014548, 0.0 ], [ -38.303739, -4.01443, 0.0 ], [ -38.304005, -4.014363, 0.0 ], [ -38.304484, -4.01416, 0.0 ], [ -38.304648, -4.014085, 0.0 ], [ -38.304939, -4.013987, 0.0 ], [ -38.305142, -4.013881, 0.0 ], [ -38.305599, -4.013719, 0.0 ], [ -38.305978, -4.013562, 0.0 ], [ -38.306393, -4.013445, 0.0 ], [ -38.306836, -4.013265, 0.0 ], [ -38.307014, -4.01317, 0.0 ], [ -38.307091, -4.013134, 0.0 ], [ -38.307203, -4.013163, 0.0 ], [ -38.307278, -4.013172, 0.0 ], [ -38.307363, -4.013151, 0.0 ], [ -38.307468, -4.013034, 0.0 ], [ -38.307573, -4.012893, 0.0 ], [ -38.307673, -4.012828, 0.0 ], [ -38.307911, -4.012829, 0.0 ], [ -38.308046, -4.01291, 0.0 ], [ -38.308119, -4.01295, 0.0 ], [ -38.308245, -4.012942, 0.0 ], [ -38.308335, -4.012881, 0.0 ], [ -38.308498, -4.0128, 0.0 ], [ -38.308752, -4.012834, 0.0 ], [ -38.308956, -4.012848, 0.0 ], [ -38.309107, -4.012834, 0.0 ], [ -38.309247, -4.012695, 0.0 ], [ -38.309368, -4.012478, 0.0 ], [ -38.309512, -4.012232, 0.0 ], [ -38.309625, -4.012223, 0.0 ], [ -38.309712, -4.012238, 0.0 ], [ -38.309858, -4.012357, 0.0 ], [ -38.309956, -4.01241, 0.0 ], [ -38.310191, -4.012469, 0.0 ], [ -38.31066, -4.012512, 0.0 ], [ -38.310994, -4.01247, 0.0 ], [ -38.311038, -4.012292, 0.0 ], [ -38.311105, -4.012072, 0.0 ], [ -38.311244, -4.011886, 0.0 ], [ -38.311552, -4.0117, 0.0 ], [ -38.311955, -4.01166, 0.0 ], [ -38.312125, -4.011618, 0.0 ], [ -38.312312, -4.011552, 0.0 ], [ -38.312374, -4.011363, 0.0 ], [ -38.31256, -4.011227, 0.0 ], [ -38.312631, -4.011042, 0.0 ], [ -38.312806, -4.010876, 0.0 ], [ -38.312986, -4.010853, 0.0 ], [ -38.313157, -4.010903, 0.0 ], [ -38.313329, -4.011006, 0.0 ], [ -38.314228, -4.013295, 0.0 ], [ -38.314075, -4.013539, 0.0 ], [ -38.313773, -4.013999, 0.0 ], [ -38.313582, -4.014306, 0.0 ], [ -38.313294, -4.01477, 0.0 ], [ -38.313175, -4.014955, 0.0 ], [ -38.313357, -4.01532, 0.0 ], [ -38.313612, -4.015766, 0.0 ], [ -38.313811, -4.016121, 0.0 ], [ -38.314148, -4.01681, 0.0 ], [ -38.314384, -4.017412, 0.0 ], [ -38.314521, -4.01791, 0.0 ], [ -38.314853, -4.018204, 0.0 ], [ -38.315383, -4.018287, 0.0 ], [ -38.315863, -4.01832, 0.0 ], [ -38.316222, -4.01843, 0.0 ], [ -38.316588, -4.018756, 0.0 ], [ -38.316871, -4.019161, 0.0 ], [ -38.317086, -4.019662, 0.0 ], [ -38.317302, -4.019925, 0.0 ], [ -38.31749, -4.020194, 0.0 ], [ -38.317812, -4.020595, 0.0 ], [ -38.318562, -4.019416, 0.0 ], [ -38.318872, -4.018979, 0.0 ], [ -38.319022, -4.019097, 0.0 ], [ -38.319105, -4.019077, 0.0 ], [ -38.319201, -4.019026, 0.0 ], [ -38.319267, -4.018981, 0.0 ], [ -38.319383, -4.018918, 0.0 ], [ -38.319501, -4.018856, 0.0 ], [ -38.319626, -4.018791, 0.0 ], [ -38.319771, -4.018725, 0.0 ], [ -38.319982, -4.018612, 0.0 ], [ -38.320161, -4.018532, 0.0 ], [ -38.32032, -4.018454, 0.0 ], [ -38.32042, -4.018413, 0.0 ], [ -38.320492, -4.018381, 0.0 ], [ -38.32058, -4.018346, 0.0 ], [ -38.320639, -4.018343, 0.0 ], [ -38.320755, -4.01835, 0.0 ], [ -38.320897, -4.018364, 0.0 ], [ -38.320989, -4.018392, 0.0 ], [ -38.321021, -4.018405, 0.0 ], [ -38.320992, -4.018977, 0.0 ], [ -38.320978, -4.019646, 0.0 ], [ -38.320965, -4.020025, 0.0 ], [ -38.320962, -4.020382, 0.0 ], [ -38.320948, -4.02063, 0.0 ], [ -38.320932, -4.02101, 0.0 ], [ -38.320907, -4.021467, 0.0 ], [ -38.320956, -4.022422, 0.0 ], [ -38.320943, -4.023126, 0.0 ], [ -38.320903, -4.024623, 0.0 ], [ -38.320852, -4.026648, 0.0 ], [ -38.320826, -4.027302, 0.0 ], [ -38.320803, -4.028292, 0.0 ], [ -38.320767, -4.02952, 0.0 ], [ -38.320728, -4.030797, 0.0 ], [ -38.321259, -4.030908, 0.0 ], [ -38.321891, -4.03103, 0.0 ], [ -38.322503, -4.031144, 0.0 ], [ -38.32296, -4.031193, 0.0 ], [ -38.323534, -4.031204, 0.0 ], [ -38.323604, -4.031189, 0.0 ], [ -38.32397, -4.031132, 0.0 ], [ -38.323984, -4.031069, 0.0 ], [ -38.32408, -4.030973, 0.0 ], [ -38.324282, -4.030946, 0.0 ], [ -38.325199, -4.030933, 0.0 ], [ -38.325776, -4.030934, 0.0 ], [ -38.325935, -4.030712, 0.0 ], [ -38.326162, -4.030406, 0.0 ], [ -38.326435, -4.030043, 0.0 ], [ -38.326708, -4.029706, 0.0 ], [ -38.326759, -4.029606, 0.0 ], [ -38.326779, -4.02951, 0.0 ], [ -38.326706, -4.028898, 0.0 ], [ -38.326594, -4.027964, 0.0 ], [ -38.326618, -4.027833, 0.0 ], [ -38.326576, -4.027449, 0.0 ], [ -38.326507, -4.026893, 0.0 ], [ -38.326442, -4.026236, 0.0 ], [ -38.326379, -4.025707, 0.0 ], [ -38.326433, -4.025636, 0.0 ], [ -38.32652, -4.02567, 0.0 ], [ -38.326792, -4.025833, 0.0 ], [ -38.327161, -4.026054, 0.0 ], [ -38.327448, -4.026235, 0.0 ], [ -38.327893, -4.026551, 0.0 ], [ -38.328285, -4.026822, 0.0 ], [ -38.328613, -4.027057, 0.0 ], [ -38.328888, -4.027244, 0.0 ], [ -38.329259, -4.027495, 0.0 ], [ -38.329753, -4.027825, 0.0 ], [ -38.33008, -4.028057, 0.0 ], [ -38.330654, -4.028465, 0.0 ], [ -38.330983, -4.028684, 0.0 ], [ -38.33146, -4.029018, 0.0 ], [ -38.331927, -4.029314, 0.0 ], [ -38.332376, -4.029634, 0.0 ], [ -38.332844, -4.029964, 0.0 ], [ -38.333239, -4.030182, 0.0 ], [ -38.333527, -4.030286, 0.0 ], [ -38.333737, -4.03032, 0.0 ], [ -38.334245, -4.030381, 0.0 ], [ -38.334911, -4.030517, 0.0 ], [ -38.335481, -4.030601, 0.0 ], [ -38.335829, -4.030654, 0.0 ], [ -38.336032, -4.030732, 0.0 ], [ -38.336227, -4.030886, 0.0 ], [ -38.336466, -4.031159, 0.0 ], [ -38.336657, -4.031448, 0.0 ], [ -38.336899, -4.031901, 0.0 ], [ -38.337265, -4.032565, 0.0 ], [ -38.337569, -4.033093, 0.0 ], [ -38.337898, -4.033711, 0.0 ], [ -38.33811, -4.034078, 0.0 ], [ -38.338438, -4.034624, 0.0 ], [ -38.3387, -4.034976, 0.0 ], [ -38.338905, -4.035189, 0.0 ], [ -38.339138, -4.035376, 0.0 ], [ -38.339565, -4.035677, 0.0 ], [ -38.339983, -4.035922, 0.0 ], [ -38.340721, -4.03648, 0.0 ], [ -38.341183, -4.03685, 0.0 ], [ -38.341465, -4.03713, 0.0 ], [ -38.341783, -4.037505, 0.0 ], [ -38.342034, -4.037791, 0.0 ], [ -38.342308, -4.038094, 0.0 ], [ -38.342405, -4.038225, 0.0 ], [ -38.342426, -4.03826, 0.0 ], [ -38.342477, -4.038325, 0.0 ], [ -38.342503, -4.038362, 0.0 ], [ -38.342444, -4.038462, 0.0 ], [ -38.342316, -4.038608, 0.0 ], [ -38.342202, -4.038738, 0.0 ], [ -38.342082, -4.038881, 0.0 ], [ -38.341988, -4.039025, 0.0 ], [ -38.341943, -4.039104, 0.0 ], [ -38.341886, -4.03918, 0.0 ], [ -38.341826, -4.039259, 0.0 ], [ -38.341733, -4.039381, 0.0 ], [ -38.341609, -4.039533, 0.0 ], [ -38.344153, -4.04581, 0.0 ], [ -38.349652, -4.04725, 0.0 ], [ -38.370272, -4.065587, 0.0 ] ] ] } },
{ "type": "Feature", "properties": { "Name": "Eusébio - AIS 13", "Description": "descrição: <br>@id: relation/302548<br>IBGE:GEOCODIGO: 2304285<br>admin_level: 8<br>boundary: administrative<br>name: Eusébio<br>place: municipality<br>population: 74170<br>population:date: 2023-08-31<br>source: IBGE<br>source:population: IBGE, DOU de 31/08/2023<br>type: boundary<br>wikidata: Q2027112<br>wikipedia: pt:Eusébio (Ceará)<br>is_in:country: Brazil<br>is_in:state: Ceará<br>note: não alterar limites da cidade, só melhorar<br>website: http://eusebio.ce.gov.br<br>@relations: " }, "geometry": { "type": "Polygon", "coordinates": [ [ [ -38.446019, -3.805153, 0.0 ], [ -38.445586, -3.805908, 0.0 ], [ -38.44546, -3.80621, 0.0 ], [ -38.445338, -3.806379, 0.0 ], [ -38.445255, -3.806676, 0.0 ], [ -38.445078, -3.807027, 0.0 ], [ -38.44488, -3.807284, 0.0 ], [ -38.444378, -3.807942, 0.0 ], [ -38.443163, -3.809286, 0.0 ], [ -38.442608, -3.810664, 0.0 ], [ -38.442223, -3.811694, 0.0 ], [ -38.442279, -3.813779, 0.0 ], [ -38.442586, -3.815808, 0.0 ], [ -38.442986, -3.816391, 0.0 ], [ -38.443978, -3.81793, 0.0 ], [ -38.445164, -3.819234, 0.0 ], [ -38.44547, -3.820725, 0.0 ], [ -38.445459, -3.821554, 0.0 ], [ -38.445607, -3.824201, 0.0 ], [ -38.44573, -3.82597, 0.0 ], [ -38.445722, -3.826405, 0.0 ], [ -38.446722, -3.829448, 0.0 ], [ -38.447562, -3.831917, 0.0 ], [ -38.448325, -3.833885, 0.0 ], [ -38.44904, -3.83569, 0.0 ], [ -38.449373, -3.836547, 0.0 ], [ -38.449878, -3.83786, 0.0 ], [ -38.451464, -3.839708, 0.0 ], [ -38.453307, -3.840373, 0.0 ], [ -38.455108, -3.840646, 0.0 ], [ -38.455925, -3.840747, 0.0 ], [ -38.457191, -3.841486, 0.0 ], [ -38.458135, -3.842663, 0.0 ], [ -38.45881, -3.843064, 0.0 ], [ -38.459319, -3.843081, 0.0 ], [ -38.460177, -3.84292, 0.0 ], [ -38.4609, -3.842875, 0.0 ], [ -38.461875, -3.84319, 0.0 ], [ -38.462664, -3.843491, 0.0 ], [ -38.463376, -3.843634, 0.0 ], [ -38.463624, -3.843614, 0.0 ], [ -38.463792, -3.84344, 0.0 ], [ -38.463646, -3.842943, 0.0 ], [ -38.463676, -3.842698, 0.0 ], [ -38.463623, -3.842479, 0.0 ], [ -38.463644, -3.842184, 0.0 ], [ -38.464021, -3.842081, 0.0 ], [ -38.464457, -3.842166, 0.0 ], [ -38.464627, -3.842333, 0.0 ], [ -38.46494, -3.842899, 0.0 ], [ -38.465168, -3.843153, 0.0 ], [ -38.465876, -3.843319, 0.0 ], [ -38.466332, -3.843508, 0.0 ], [ -38.466608, -3.84416, 0.0 ], [ -38.466815, -3.844509, 0.0 ], [ -38.466983, -3.844745, 0.0 ], [ -38.46719, -3.84525, 0.0 ], [ -38.467359, -3.845859, 0.0 ], [ -38.467364, -3.845962, 0.0 ], [ -38.467337, -3.847142, 0.0 ], [ -38.467424, -3.848289, 0.0 ], [ -38.467546, -3.849115, 0.0 ], [ -38.467642, -3.849317, 0.0 ], [ -38.467842, -3.849738, 0.0 ], [ -38.468171, -3.850147, 0.0 ], [ -38.468505, -3.850478, 0.0 ], [ -38.468713, -3.850809, 0.0 ], [ -38.468855, -3.850953, 0.0 ], [ -38.469091, -3.850941, 0.0 ], [ -38.46949, -3.85073, 0.0 ], [ -38.469683, -3.850425, 0.0 ], [ -38.469923, -3.850337, 0.0 ], [ -38.47039, -3.850303, 0.0 ], [ -38.470743, -3.850523, 0.0 ], [ -38.47101, -3.850636, 0.0 ], [ -38.471302, -3.850603, 0.0 ], [ -38.471538, -3.850667, 0.0 ], [ -38.471687, -3.850917, 0.0 ], [ -38.471699, -3.851446, 0.0 ], [ -38.47187, -3.851717, 0.0 ], [ -38.471988, -3.852012, 0.0 ], [ -38.471668, -3.85223, 0.0 ], [ -38.471444, -3.85232, 0.0 ], [ -38.471283, -3.852514, 0.0 ], [ -38.47117, -3.852749, 0.0 ], [ -38.471127, -3.853105, 0.0 ], [ -38.471199, -3.853546, 0.0 ], [ -38.471379, -3.8537, 0.0 ], [ -38.471647, -3.853829, 0.0 ], [ -38.472488, -3.853798, 0.0 ], [ -38.473006, -3.853835, 0.0 ], [ -38.473182, -3.85393, 0.0 ], [ -38.473379, -3.854459, 0.0 ], [ -38.473476, -3.854608, 0.0 ], [ -38.473902, -3.8548, 0.0 ], [ -38.474067, -3.854756, 0.0 ], [ -38.474478, -3.854537, 0.0 ], [ -38.474877, -3.854484, 0.0 ], [ -38.475378, -3.85473, 0.0 ], [ -38.475589, -3.85491, 0.0 ], [ -38.475782, -3.855203, 0.0 ], [ -38.475881, -3.855569, 0.0 ], [ -38.475941, -3.856046, 0.0 ], [ -38.475748, -3.856728, 0.0 ], [ -38.475624, -3.85694, 0.0 ], [ -38.475357, -3.857237, 0.0 ], [ -38.475276, -3.857563, 0.0 ], [ -38.475324, -3.857969, 0.0 ], [ -38.475515, -3.858159, 0.0 ], [ -38.475935, -3.858094, 0.0 ], [ -38.476222, -3.858134, 0.0 ], [ -38.476722, -3.85854, 0.0 ], [ -38.477329, -3.858865, 0.0 ], [ -38.47754, -3.859077, 0.0 ], [ -38.47773, -3.859194, 0.0 ], [ -38.47788, -3.859454, 0.0 ], [ -38.477993, -3.859827, 0.0 ], [ -38.478011, -3.860041, 0.0 ], [ -38.47783, -3.860419, 0.0 ], [ -38.477677, -3.860436, 0.0 ], [ -38.47758, -3.860518, 0.0 ], [ -38.477523, -3.860716, 0.0 ], [ -38.477341, -3.860985, 0.0 ], [ -38.477307, -3.861128, 0.0 ], [ -38.477368, -3.861429, 0.0 ], [ -38.477778, -3.862092, 0.0 ], [ -38.477885, -3.862156, 0.0 ], [ -38.478371, -3.86212, 0.0 ], [ -38.478614, -3.862233, 0.0 ], [ -38.478707, -3.862335, 0.0 ], [ -38.478753, -3.862337, 0.0 ], [ -38.478845, -3.862105, 0.0 ], [ -38.479532, -3.8621, 0.0 ], [ -38.479845, -3.862217, 0.0 ], [ -38.479893, -3.862258, 0.0 ], [ -38.479947, -3.862484, 0.0 ], [ -38.480483, -3.863131, 0.0 ], [ -38.480797, -3.863697, 0.0 ], [ -38.4809, -3.863774, 0.0 ], [ -38.481074, -3.863826, 0.0 ], [ -38.481194, -3.863795, 0.0 ], [ -38.481414, -3.863569, 0.0 ], [ -38.481523, -3.863521, 0.0 ], [ -38.481617, -3.863352, 0.0 ], [ -38.481744, -3.863264, 0.0 ], [ -38.481957, -3.863245, 0.0 ], [ -38.482329, -3.8633, 0.0 ], [ -38.48289, -3.863096, 0.0 ], [ -38.483119, -3.863174, 0.0 ], [ -38.483243, -3.863216, 0.0 ], [ -38.483388, -3.863314, 0.0 ], [ -38.483526, -3.86349, 0.0 ], [ -38.483576, -3.86386, 0.0 ], [ -38.483811, -3.864083, 0.0 ], [ -38.483976, -3.864213, 0.0 ], [ -38.48408, -3.864321, 0.0 ], [ -38.484259, -3.864369, 0.0 ], [ -38.484584, -3.86446, 0.0 ], [ -38.485037, -3.864369, 0.0 ], [ -38.485189, -3.864356, 0.0 ], [ -38.485305, -3.864432, 0.0 ], [ -38.485531, -3.864628, 0.0 ], [ -38.485603, -3.864691, 0.0 ], [ -38.485669, -3.864772, 0.0 ], [ -38.485798, -3.865037, 0.0 ], [ -38.485871, -3.86517, 0.0 ], [ -38.485983, -3.865312, 0.0 ], [ -38.486192, -3.865472, 0.0 ], [ -38.486356, -3.865413, 0.0 ], [ -38.486437, -3.865584, 0.0 ], [ -38.486587, -3.865532, 0.0 ], [ -38.486684, -3.865303, 0.0 ], [ -38.48696, -3.865308, 0.0 ], [ -38.487404, -3.865504, 0.0 ], [ -38.487394, -3.865702, 0.0 ], [ -38.487593, -3.865821, 0.0 ], [ -38.48764, -3.86582, 0.0 ], [ -38.487761, -3.865751, 0.0 ], [ -38.487891, -3.865741, 0.0 ], [ -38.488142, -3.865907, 0.0 ], [ -38.488093, -3.865981, 0.0 ], [ -38.488098, -3.866069, 0.0 ], [ -38.488125, -3.866136, 0.0 ], [ -38.488187, -3.866176, 0.0 ], [ -38.488227, -3.866232, 0.0 ], [ -38.488243, -3.866291, 0.0 ], [ -38.488246, -3.86635, 0.0 ], [ -38.48828, -3.866396, 0.0 ], [ -38.488313, -3.866465, 0.0 ], [ -38.488313, -3.86654, 0.0 ], [ -38.488331, -3.866588, 0.0 ], [ -38.48838, -3.866644, 0.0 ], [ -38.488479, -3.86669, 0.0 ], [ -38.488535, -3.866733, 0.0 ], [ -38.48857, -3.866816, 0.0 ], [ -38.48864, -3.866858, 0.0 ], [ -38.488667, -3.866915, 0.0 ], [ -38.488694, -3.86699, 0.0 ], [ -38.488707, -3.867064, 0.0 ], [ -38.488699, -3.867097, 0.0 ], [ -38.488659, -3.867145, 0.0 ], [ -38.488648, -3.867233, 0.0 ], [ -38.488779, -3.867885, 0.0 ], [ -38.488817, -3.868202, 0.0 ], [ -38.488908, -3.869698, 0.0 ], [ -38.489027, -3.870105, 0.0 ], [ -38.489205, -3.870526, 0.0 ], [ -38.489489, -3.871213, 0.0 ], [ -38.489531, -3.871296, 0.0 ], [ -38.489757, -3.871478, 0.0 ], [ -38.489879, -3.871606, 0.0 ], [ -38.489992, -3.87188, 0.0 ], [ -38.490232, -3.872151, 0.0 ], [ -38.490368, -3.872366, 0.0 ], [ -38.490546, -3.872736, 0.0 ], [ -38.49096, -3.87333, 0.0 ], [ -38.491034, -3.873656, 0.0 ], [ -38.491047, -3.873713, 0.0 ], [ -38.49111, -3.873793, 0.0 ], [ -38.491384, -3.873744, 0.0 ], [ -38.491522, -3.873839, 0.0 ], [ -38.49182, -3.874415, 0.0 ], [ -38.491801, -3.874728, 0.0 ], [ -38.491677, -3.874881, 0.0 ], [ -38.49164, -3.875174, 0.0 ], [ -38.491779, -3.875336, 0.0 ], [ -38.49187, -3.87527, 0.0 ], [ -38.491924, -3.87529, 0.0 ], [ -38.491938, -3.875501, 0.0 ], [ -38.492007, -3.87569, 0.0 ], [ -38.491877, -3.875871, 0.0 ], [ -38.491793, -3.875905, 0.0 ], [ -38.491752, -3.876063, 0.0 ], [ -38.491611, -3.876094, 0.0 ], [ -38.491609, -3.876247, 0.0 ], [ -38.49171, -3.876491, 0.0 ], [ -38.491678, -3.876578, 0.0 ], [ -38.491848, -3.876849, 0.0 ], [ -38.491987, -3.876905, 0.0 ], [ -38.492156, -3.877324, 0.0 ], [ -38.492283, -3.877277, 0.0 ], [ -38.492345, -3.877298, 0.0 ], [ -38.492546, -3.87756, 0.0 ], [ -38.492611, -3.877737, 0.0 ], [ -38.492531, -3.878027, 0.0 ], [ -38.492429, -3.878193, 0.0 ], [ -38.492457, -3.878365, 0.0 ], [ -38.492377, -3.878812, 0.0 ], [ -38.492421, -3.878865, 0.0 ], [ -38.492515, -3.878851, 0.0 ], [ -38.492509, -3.87947, 0.0 ], [ -38.492358, -3.879598, 0.0 ], [ -38.492569, -3.88014, 0.0 ], [ -38.492725, -3.880253, 0.0 ], [ -38.492794, -3.88025, 0.0 ], [ -38.492867, -3.880355, 0.0 ], [ -38.493015, -3.880445, 0.0 ], [ -38.493396, -3.881241, 0.0 ], [ -38.493308, -3.881327, 0.0 ], [ -38.493497, -3.88185, 0.0 ], [ -38.493555, -3.882276, 0.0 ], [ -38.493531, -3.882494, 0.0 ], [ -38.494028, -3.883671, 0.0 ], [ -38.494227, -3.88381, 0.0 ], [ -38.494311, -3.884037, 0.0 ], [ -38.494391, -3.884099, 0.0 ], [ -38.494619, -3.884147, 0.0 ], [ -38.4947, -3.884259, 0.0 ], [ -38.494861, -3.884749, 0.0 ], [ -38.495065, -3.884888, 0.0 ], [ -38.495499, -3.885419, 0.0 ], [ -38.495697, -3.885558, 0.0 ], [ -38.495791, -3.88554, 0.0 ], [ -38.496097, -3.885781, 0.0 ], [ -38.496156, -3.88589, 0.0 ], [ -38.496154, -3.885987, 0.0 ], [ -38.496277, -3.886085, 0.0 ], [ -38.496211, -3.886257, 0.0 ], [ -38.496293, -3.88636, 0.0 ], [ -38.49661, -3.886417, 0.0 ], [ -38.496745, -3.886391, 0.0 ], [ -38.496958, -3.886581, 0.0 ], [ -38.497118, -3.886568, 0.0 ], [ -38.497286, -3.886648, 0.0 ], [ -38.497454, -3.886669, 0.0 ], [ -38.497508, -3.886884, 0.0 ], [ -38.497478, -3.887044, 0.0 ], [ -38.497765, -3.887297, 0.0 ], [ -38.498349, -3.887523, 0.0 ], [ -38.498652, -3.887587, 0.0 ], [ -38.49874, -3.887571, 0.0 ], [ -38.498804, -3.887506, 0.0 ], [ -38.499017, -3.887537, 0.0 ], [ -38.499179, -3.887489, 0.0 ], [ -38.499678, -3.887637, 0.0 ], [ -38.500344, -3.887782, 0.0 ], [ -38.500553, -3.887815, 0.0 ], [ -38.500723, -3.887928, 0.0 ], [ -38.501033, -3.888022, 0.0 ], [ -38.501084, -3.888085, 0.0 ], [ -38.501159, -3.888133, 0.0 ], [ -38.501196, -3.888124, 0.0 ], [ -38.501268, -3.888118, 0.0 ], [ -38.501339, -3.888057, 0.0 ], [ -38.501408, -3.887965, 0.0 ], [ -38.501533, -3.887927, 0.0 ], [ -38.501603, -3.887967, 0.0 ], [ -38.501804, -3.887965, 0.0 ], [ -38.502008, -3.889822, 0.0 ], [ -38.502207, -3.891699, 0.0 ], [ -38.50228, -3.892164, 0.0 ], [ -38.502321, -3.892373, 0.0 ], [ -38.502788, -3.89451, 0.0 ], [ -38.503534, -3.897847, 0.0 ], [ -38.504063, -3.90046, 0.0 ], [ -38.504203, -3.901116, 0.0 ], [ -38.504604, -3.902854, 0.0 ], [ -38.50487, -3.904029, 0.0 ], [ -38.505138, -3.905349, 0.0 ], [ -38.505557, -3.907411, 0.0 ], [ -38.506158, -3.910228, 0.0 ], [ -38.506254, -3.910747, 0.0 ], [ -38.506365, -3.911532, 0.0 ], [ -38.506751, -3.91514, 0.0 ], [ -38.506766, -3.915332, 0.0 ], [ -38.507125, -3.918262, 0.0 ], [ -38.507204, -3.918936, 0.0 ], [ -38.507482, -3.922043, 0.0 ], [ -38.507519, -3.922335, 0.0 ], [ -38.507863, -3.925588, 0.0 ], [ -38.50789, -3.925944, 0.0 ], [ -38.508073, -3.929707, 0.0 ], [ -38.508163, -3.931453, 0.0 ], [ -38.508183, -3.931682, 0.0 ], [ -38.508243, -3.932257, 0.0 ], [ -38.50834, -3.93292, 0.0 ], [ -38.50859, -3.93448, 0.0 ], [ -38.508691, -3.935249, 0.0 ], [ -38.508786, -3.936034, 0.0 ], [ -38.508837, -3.936756, 0.0 ], [ -38.508632, -3.936814, 0.0 ], [ -38.508495, -3.93683, 0.0 ], [ -38.508217, -3.936956, 0.0 ], [ -38.506587, -3.93732, 0.0 ], [ -38.505975, -3.937491, 0.0 ], [ -38.505771, -3.937588, 0.0 ], [ -38.505342, -3.937598, 0.0 ], [ -38.50472, -3.937395, 0.0 ], [ -38.504505, -3.937384, 0.0 ], [ -38.504076, -3.937491, 0.0 ], [ -38.503658, -3.937513, 0.0 ], [ -38.503161, -3.937267, 0.0 ], [ -38.503061, -3.937261, 0.0 ], [ -38.502983, -3.937331, 0.0 ], [ -38.503009, -3.937428, 0.0 ], [ -38.502972, -3.937547, 0.0 ], [ -38.50283, -3.937669, 0.0 ], [ -38.502614, -3.937733, 0.0 ], [ -38.50243, -3.937756, 0.0 ], [ -38.502096, -3.937917, 0.0 ], [ -38.501849, -3.938052, 0.0 ], [ -38.501562, -3.937992, 0.0 ], [ -38.501441, -3.937934, 0.0 ], [ -38.501379, -3.937854, 0.0 ], [ -38.501207, -3.937737, 0.0 ], [ -38.500557, -3.937727, 0.0 ], [ -38.499999, -3.937256, 0.0 ], [ -38.499419, -3.937045, 0.0 ], [ -38.497925, -3.936781, 0.0 ], [ -38.497689, -3.936586, 0.0 ], [ -38.49781, -3.9355, 0.0 ], [ -38.497424, -3.93535, 0.0 ], [ -38.497016, -3.935329, 0.0 ], [ -38.496751, -3.935293, 0.0 ], [ -38.496304, -3.935317, 0.0 ], [ -38.496024, -3.935587, 0.0 ], [ -38.495546, -3.935517, 0.0 ], [ -38.495447, -3.935475, 0.0 ], [ -38.494938, -3.935368, 0.0 ], [ -38.49464, -3.935168, 0.0 ], [ -38.494602, -3.935016, 0.0 ], [ -38.494772, -3.934968, 0.0 ], [ -38.494839, -3.934768, 0.0 ], [ -38.495027, -3.934633, 0.0 ], [ -38.49473, -3.934232, 0.0 ], [ -38.494492, -3.934241, 0.0 ], [ -38.4941, -3.934416, 0.0 ], [ -38.493862, -3.934409, 0.0 ], [ -38.493519, -3.934173, 0.0 ], [ -38.493218, -3.933873, 0.0 ], [ -38.492961, -3.933531, 0.0 ], [ -38.492618, -3.933253, 0.0 ], [ -38.492231, -3.93306, 0.0 ], [ -38.491888, -3.932803, 0.0 ], [ -38.490408, -3.931198, 0.0 ], [ -38.490193, -3.930812, 0.0 ], [ -38.489656, -3.929592, 0.0 ], [ -38.489378, -3.928736, 0.0 ], [ -38.489184, -3.928329, 0.0 ], [ -38.487393, -3.925129, 0.0 ], [ -38.486931, -3.924476, 0.0 ], [ -38.486524, -3.923619, 0.0 ], [ -38.486288, -3.92347, 0.0 ], [ -38.485975, -3.923436, 0.0 ], [ -38.48596, -3.923433, 0.0 ], [ -38.485948, -3.923432, 0.0 ], [ -38.485914, -3.923429, 0.0 ], [ -38.485829, -3.923438, 0.0 ], [ -38.485753, -3.923483, 0.0 ], [ -38.485493, -3.923457, 0.0 ], [ -38.485339, -3.923511, 0.0 ], [ -38.485183, -3.923664, 0.0 ], [ -38.485071, -3.92415, 0.0 ], [ -38.484812, -3.924208, 0.0 ], [ -38.484532, -3.924102, 0.0 ], [ -38.484354, -3.924113, 0.0 ], [ -38.484192, -3.924216, 0.0 ], [ -38.484121, -3.924471, 0.0 ], [ -38.484001, -3.924607, 0.0 ], [ -38.483415, -3.924869, 0.0 ], [ -38.482495, -3.925061, 0.0 ], [ -38.481834, -3.925566, 0.0 ], [ -38.481638, -3.925612, 0.0 ], [ -38.481609, -3.925956, 0.0 ], [ -38.481444, -3.926432, 0.0 ], [ -38.480948, -3.92689, 0.0 ], [ -38.480429, -3.927176, 0.0 ], [ -38.480166, -3.927313, 0.0 ], [ -38.479886, -3.92744, 0.0 ], [ -38.479723, -3.927572, 0.0 ], [ -38.479565, -3.927818, 0.0 ], [ -38.479203, -3.928108, 0.0 ], [ -38.479087, -3.92806, 0.0 ], [ -38.479033, -3.927985, 0.0 ], [ -38.478843, -3.928015, 0.0 ], [ -38.478479, -3.928241, 0.0 ], [ -38.478376, -3.92859, 0.0 ], [ -38.477859, -3.928673, 0.0 ], [ -38.477622, -3.928702, 0.0 ], [ -38.477368, -3.928763, 0.0 ], [ -38.477053, -3.928586, 0.0 ], [ -38.476778, -3.928455, 0.0 ], [ -38.47651, -3.928462, 0.0 ], [ -38.476329, -3.928402, 0.0 ], [ -38.476236, -3.928303, 0.0 ], [ -38.47603, -3.928244, 0.0 ], [ -38.475877, -3.928261, 0.0 ], [ -38.475674, -3.92833, 0.0 ], [ -38.475549, -3.92841, 0.0 ], [ -38.475395, -3.928388, 0.0 ], [ -38.475363, -3.928276, 0.0 ], [ -38.475215, -3.928025, 0.0 ], [ -38.475035, -3.927945, 0.0 ], [ -38.474722, -3.928043, 0.0 ], [ -38.47458, -3.928181, 0.0 ], [ -38.474443, -3.928325, 0.0 ], [ -38.47419, -3.928421, 0.0 ], [ -38.474057, -3.928259, 0.0 ], [ -38.473924, -3.928175, 0.0 ], [ -38.47373, -3.928078, 0.0 ], [ -38.47356, -3.927967, 0.0 ], [ -38.47343, -3.927919, 0.0 ], [ -38.473258, -3.928154, 0.0 ], [ -38.473185, -3.928283, 0.0 ], [ -38.473034, -3.928363, 0.0 ], [ -38.472882, -3.928406, 0.0 ], [ -38.472635, -3.928453, 0.0 ], [ -38.472529, -3.928494, 0.0 ], [ -38.472343, -3.928466, 0.0 ], [ -38.472228, -3.928476, 0.0 ], [ -38.472103, -3.928563, 0.0 ], [ -38.471967, -3.928436, 0.0 ], [ -38.471635, -3.928241, 0.0 ], [ -38.471516, -3.928011, 0.0 ], [ -38.471337, -3.928003, 0.0 ], [ -38.471235, -3.928071, 0.0 ], [ -38.470979, -3.927969, 0.0 ], [ -38.470638, -3.927841, 0.0 ], [ -38.470587, -3.927722, 0.0 ], [ -38.470664, -3.927476, 0.0 ], [ -38.470511, -3.927374, 0.0 ], [ -38.470426, -3.927349, 0.0 ], [ -38.470349, -3.927238, 0.0 ], [ -38.470349, -3.927051, 0.0 ], [ -38.4704, -3.926754, 0.0 ], [ -38.470272, -3.926533, 0.0 ], [ -38.470281, -3.926278, 0.0 ], [ -38.470094, -3.926091, 0.0 ], [ -38.469881, -3.926049, 0.0 ], [ -38.469591, -3.925734, 0.0 ], [ -38.469322, -3.925551, 0.0 ], [ -38.46918, -3.925466, 0.0 ], [ -38.469024, -3.925226, 0.0 ], [ -38.469067, -3.925, 0.0 ], [ -38.468501, -3.924477, 0.0 ], [ -38.468118, -3.924717, 0.0 ], [ -38.467991, -3.92459, 0.0 ], [ -38.467722, -3.924223, 0.0 ], [ -38.467396, -3.923983, 0.0 ], [ -38.467326, -3.923743, 0.0 ], [ -38.467524, -3.922811, 0.0 ], [ -38.466915, -3.922076, 0.0 ], [ -38.466915, -3.92185, 0.0 ], [ -38.466462, -3.921398, 0.0 ], [ -38.466434, -3.921088, 0.0 ], [ -38.466547, -3.92065, 0.0 ], [ -38.46649, -3.920268, 0.0 ], [ -38.466264, -3.919718, 0.0 ], [ -38.465938, -3.919252, 0.0 ], [ -38.465726, -3.918828, 0.0 ], [ -38.46557, -3.91846, 0.0 ], [ -38.465372, -3.918277, 0.0 ], [ -38.465287, -3.918079, 0.0 ], [ -38.465202, -3.917896, 0.0 ], [ -38.46523, -3.917641, 0.0 ], [ -38.4655, -3.917656, 0.0 ], [ -38.465415, -3.917331, 0.0 ], [ -38.465273, -3.917062, 0.0 ], [ -38.465089, -3.916978, 0.0 ], [ -38.464862, -3.91678, 0.0 ], [ -38.464919, -3.916483, 0.0 ], [ -38.464749, -3.916271, 0.0 ], [ -38.464607, -3.916276, 0.0 ], [ -38.46455, -3.915952, 0.0 ], [ -38.46451, -3.915911, 0.0 ], [ -38.464306, -3.915448, 0.0 ], [ -38.464201, -3.91527, 0.0 ], [ -38.46425, -3.915035, 0.0 ], [ -38.46416, -3.914864, 0.0 ], [ -38.463981, -3.914629, 0.0 ], [ -38.463916, -3.91454, 0.0 ], [ -38.463802, -3.914613, 0.0 ], [ -38.463745, -3.914516, 0.0 ], [ -38.463754, -3.914297, 0.0 ], [ -38.46377, -3.914175, 0.0 ], [ -38.463754, -3.914102, 0.0 ], [ -38.463632, -3.914061, 0.0 ], [ -38.463542, -3.914086, 0.0 ], [ -38.463469, -3.914151, 0.0 ], [ -38.463372, -3.914059, 0.0 ], [ -38.452905, -3.920718, 0.0 ], [ -38.448608, -3.923454, 0.0 ], [ -38.448841, -3.922386, 0.0 ], [ -38.448817, -3.922225, 0.0 ], [ -38.44875, -3.921808, 0.0 ], [ -38.448699, -3.921476, 0.0 ], [ -38.448514, -3.92124, 0.0 ], [ -38.448184, -3.921045, 0.0 ], [ -38.448007, -3.920729, 0.0 ], [ -38.447975, -3.920205, 0.0 ], [ -38.448116, -3.91965, 0.0 ], [ -38.448045, -3.918794, 0.0 ], [ -38.447895, -3.918152, 0.0 ], [ -38.447866, -3.917878, 0.0 ], [ -38.447809, -3.91759, 0.0 ], [ -38.44778, -3.917301, 0.0 ], [ -38.447724, -3.917014, 0.0 ], [ -38.447695, -3.916725, 0.0 ], [ -38.447609, -3.916149, 0.0 ], [ -38.447609, -3.915889, 0.0 ], [ -38.44758, -3.91563, 0.0 ], [ -38.447536, -3.915342, 0.0 ], [ -38.447617, -3.914407, 0.0 ], [ -38.447528, -3.913977, 0.0 ], [ -38.447218, -3.912482, 0.0 ], [ -38.446394, -3.910816, 0.0 ], [ -38.445698, -3.909835, 0.0 ], [ -38.445395, -3.909338, 0.0 ], [ -38.444051, -3.906313, 0.0 ], [ -38.443602, -3.905618, 0.0 ], [ -38.443565, -3.904663, 0.0 ], [ -38.443656, -3.904072, 0.0 ], [ -38.443662, -3.903716, 0.0 ], [ -38.443571, -3.903346, 0.0 ], [ -38.443517, -3.902945, 0.0 ], [ -38.443558, -3.902493, 0.0 ], [ -38.443336, -3.902137, 0.0 ], [ -38.442897, -3.901983, 0.0 ], [ -38.442791, -3.901945, 0.0 ], [ -38.441704, -3.901559, 0.0 ], [ -38.440728, -3.901216, 0.0 ], [ -38.439891, -3.900767, 0.0 ], [ -38.438834, -3.89983, 0.0 ], [ -38.438464, -3.899134, 0.0 ], [ -38.437514, -3.897459, 0.0 ], [ -38.436989, -3.896747, 0.0 ], [ -38.436664, -3.896108, 0.0 ], [ -38.436425, -3.895768, 0.0 ], [ -38.435352, -3.895211, 0.0 ], [ -38.434639, -3.89512, 0.0 ], [ -38.433958, -3.894382, 0.0 ], [ -38.433791, -3.89398, 0.0 ], [ -38.4337, -3.893777, 0.0 ], [ -38.433484, -3.89326, 0.0 ], [ -38.433386, -3.893012, 0.0 ], [ -38.433024, -3.89207, 0.0 ], [ -38.432858, -3.891106, 0.0 ], [ -38.432896, -3.890641, 0.0 ], [ -38.432525, -3.889784, 0.0 ], [ -38.432896, -3.887932, 0.0 ], [ -38.432814, -3.887502, 0.0 ], [ -38.432576, -3.88659, 0.0 ], [ -38.432514, -3.886296, 0.0 ], [ -38.43243, -3.88615, 0.0 ], [ -38.432204, -3.885936, 0.0 ], [ -38.431664, -3.885727, 0.0 ], [ -38.431398, -3.885658, 0.0 ], [ -38.431116, -3.885737, 0.0 ], [ -38.431006, -3.88573, 0.0 ], [ -38.430962, -3.885677, 0.0 ], [ -38.43079, -3.885684, 0.0 ], [ -38.430669, -3.885729, 0.0 ], [ -38.430575, -3.885776, 0.0 ], [ -38.430536, -3.885837, 0.0 ], [ -38.430441, -3.885851, 0.0 ], [ -38.430379, -3.885838, 0.0 ], [ -38.430129, -3.885875, 0.0 ], [ -38.430037, -3.885709, 0.0 ], [ -38.429997, -3.885619, 0.0 ], [ -38.429962, -3.885565, 0.0 ], [ -38.429973, -3.88548, 0.0 ], [ -38.429937, -3.885407, 0.0 ], [ -38.429838, -3.885352, 0.0 ], [ -38.429701, -3.885405, 0.0 ], [ -38.429602, -3.885439, 0.0 ], [ -38.429477, -3.885423, 0.0 ], [ -38.429361, -3.885343, 0.0 ], [ -38.429221, -3.885375, 0.0 ], [ -38.429103, -3.885344, 0.0 ], [ -38.428943, -3.885268, 0.0 ], [ -38.428855, -3.885219, 0.0 ], [ -38.428497, -3.885211, 0.0 ], [ -38.428236, -3.885118, 0.0 ], [ -38.427911, -3.884898, 0.0 ], [ -38.427438, -3.884802, 0.0 ], [ -38.427053, -3.884748, 0.0 ], [ -38.426812, -3.884721, 0.0 ], [ -38.426501, -3.884733, 0.0 ], [ -38.426008, -3.884836, 0.0 ], [ -38.425893, -3.884849, 0.0 ], [ -38.425375, -3.884902, 0.0 ], [ -38.425248, -3.884885, 0.0 ], [ -38.425103, -3.884831, 0.0 ], [ -38.424867, -3.884715, 0.0 ], [ -38.42465, -3.88453, 0.0 ], [ -38.424528, -3.884412, 0.0 ], [ -38.424432, -3.88423, 0.0 ], [ -38.424378, -3.884186, 0.0 ], [ -38.424314, -3.884197, 0.0 ], [ -38.42427, -3.884349, 0.0 ], [ -38.424189, -3.884475, 0.0 ], [ -38.423983, -3.884463, 0.0 ], [ -38.423896, -3.884483, 0.0 ], [ -38.423783, -3.884483, 0.0 ], [ -38.423647, -3.88446, 0.0 ], [ -38.423567, -3.88438, 0.0 ], [ -38.423544, -3.884198, 0.0 ], [ -38.423467, -3.884045, 0.0 ], [ -38.423413, -3.883902, 0.0 ], [ -38.423271, -3.88381, 0.0 ], [ -38.423019, -3.883713, 0.0 ], [ -38.422653, -3.883441, 0.0 ], [ -38.422281, -3.883336, 0.0 ], [ -38.42195, -3.883155, 0.0 ], [ -38.421648, -3.883018, 0.0 ], [ -38.421297, -3.88282, 0.0 ], [ -38.421143, -3.882729, 0.0 ], [ -38.421041, -3.882574, 0.0 ], [ -38.420973, -3.882348, 0.0 ], [ -38.420851, -3.882196, 0.0 ], [ -38.42067, -3.882105, 0.0 ], [ -38.420564, -3.88205, 0.0 ], [ -38.420068, -3.881919, 0.0 ], [ -38.419569, -3.88179, 0.0 ], [ -38.419316, -3.881733, 0.0 ], [ -38.419271, -3.881725, 0.0 ], [ -38.419071, -3.881691, 0.0 ], [ -38.419001, -3.881664, 0.0 ], [ -38.418933, -3.881637, 0.0 ], [ -38.418706, -3.881519, 0.0 ], [ -38.41848, -3.881424, 0.0 ], [ -38.418332, -3.881319, 0.0 ], [ -38.417361, -3.880844, 0.0 ], [ -38.417215, -3.8807, 0.0 ], [ -38.416995, -3.880504, 0.0 ], [ -38.416756, -3.880348, 0.0 ], [ -38.416356, -3.88016, 0.0 ], [ -38.416095, -3.87994, 0.0 ], [ -38.415819, -3.879832, 0.0 ], [ -38.415469, -3.879543, 0.0 ], [ -38.414992, -3.87906, 0.0 ], [ -38.414831, -3.878843, 0.0 ], [ -38.414736, -3.878676, 0.0 ], [ -38.414576, -3.878353, 0.0 ], [ -38.414509, -3.878253, 0.0 ], [ -38.41437, -3.878044, 0.0 ], [ -38.414108, -3.877055, 0.0 ], [ -38.414055, -3.876595, 0.0 ], [ -38.413913, -3.876247, 0.0 ], [ -38.413889, -3.876022, 0.0 ], [ -38.413775, -3.875847, 0.0 ], [ -38.413705, -3.875737, 0.0 ], [ -38.413588, -3.875416, 0.0 ], [ -38.413588, -3.875263, 0.0 ], [ -38.413552, -3.874974, 0.0 ], [ -38.41352, -3.874865, 0.0 ], [ -38.413509, -3.874702, 0.0 ], [ -38.413473, -3.874532, 0.0 ], [ -38.413405, -3.87442, 0.0 ], [ -38.41325, -3.873984, 0.0 ], [ -38.413237, -3.87347, 0.0 ], [ -38.413194, -3.873367, 0.0 ], [ -38.413195, -3.873259, 0.0 ], [ -38.413242, -3.87318, 0.0 ], [ -38.413255, -3.873116, 0.0 ], [ -38.413256, -3.873011, 0.0 ], [ -38.413226, -3.872929, 0.0 ], [ -38.413104, -3.872628, 0.0 ], [ -38.413105, -3.872369, 0.0 ], [ -38.413063, -3.872191, 0.0 ], [ -38.413003, -3.872052, 0.0 ], [ -38.41268, -3.871596, 0.0 ], [ -38.412572, -3.871437, 0.0 ], [ -38.412561, -3.871283, 0.0 ], [ -38.412583, -3.871102, 0.0 ], [ -38.412672, -3.870859, 0.0 ], [ -38.412731, -3.870551, 0.0 ], [ -38.412713, -3.870108, 0.0 ], [ -38.412654, -3.869834, 0.0 ], [ -38.412712, -3.869447, 0.0 ], [ -38.412788, -3.869243, 0.0 ], [ -38.412968, -3.869013, 0.0 ], [ -38.413035, -3.868854, 0.0 ], [ -38.413026, -3.868545, 0.0 ], [ -38.412966, -3.868257, 0.0 ], [ -38.412851, -3.867858, 0.0 ], [ -38.412828, -3.867613, 0.0 ], [ -38.412794, -3.867328, 0.0 ], [ -38.412826, -3.867071, 0.0 ], [ -38.412859, -3.866923, 0.0 ], [ -38.412957, -3.866782, 0.0 ], [ -38.413145, -3.866253, 0.0 ], [ -38.413308, -3.865994, 0.0 ], [ -38.413549, -3.865716, 0.0 ], [ -38.413685, -3.865469, 0.0 ], [ -38.413758, -3.865144, 0.0 ], [ -38.41375, -3.864871, 0.0 ], [ -38.413834, -3.864324, 0.0 ], [ -38.413928, -3.863888, 0.0 ], [ -38.414001, -3.863645, 0.0 ], [ -38.413973, -3.863262, 0.0 ], [ -38.413825, -3.863056, 0.0 ], [ -38.413663, -3.862816, 0.0 ], [ -38.413544, -3.862562, 0.0 ], [ -38.413458, -3.862275, 0.0 ], [ -38.413363, -3.862026, 0.0 ], [ -38.41322, -3.861873, 0.0 ], [ -38.412958, -3.861763, 0.0 ], [ -38.412704, -3.861702, 0.0 ], [ -38.412444, -3.86147, 0.0 ], [ -38.412377, -3.861212, 0.0 ], [ -38.412468, -3.860982, 0.0 ], [ -38.412725, -3.860769, 0.0 ], [ -38.413012, -3.860729, 0.0 ], [ -38.413331, -3.86058, 0.0 ], [ -38.413338, -3.860142, 0.0 ], [ -38.413379, -3.859885, 0.0 ], [ -38.413372, -3.859714, 0.0 ], [ -38.41332, -3.859532, 0.0 ], [ -38.413427, -3.859289, 0.0 ], [ -38.413746, -3.859108, 0.0 ], [ -38.414313, -3.858839, 0.0 ], [ -38.414457, -3.85868, 0.0 ], [ -38.414552, -3.85845, 0.0 ], [ -38.414541, -3.85824, 0.0 ], [ -38.414124, -3.857692, 0.0 ], [ -38.414011, -3.857557, 0.0 ], [ -38.413835, -3.857245, 0.0 ], [ -38.413748, -3.85716, 0.0 ], [ -38.413569, -3.857141, 0.0 ], [ -38.413135, -3.857137, 0.0 ], [ -38.412994, -3.857099, 0.0 ], [ -38.412958, -3.857016, 0.0 ], [ -38.41306, -3.856872, 0.0 ], [ -38.413535, -3.856809, 0.0 ], [ -38.414158, -3.856801, 0.0 ], [ -38.414218, -3.856758, 0.0 ], [ -38.414293, -3.856603, 0.0 ], [ -38.414229, -3.856518, 0.0 ], [ -38.414124, -3.856449, 0.0 ], [ -38.414092, -3.856342, 0.0 ], [ -38.413865, -3.856098, 0.0 ], [ -38.413386, -3.855719, 0.0 ], [ -38.413312, -3.855596, 0.0 ], [ -38.413326, -3.855488, 0.0 ], [ -38.413452, -3.855415, 0.0 ], [ -38.413631, -3.855397, 0.0 ], [ -38.413748, -3.855396, 0.0 ], [ -38.413847, -3.855456, 0.0 ], [ -38.413974, -3.855722, 0.0 ], [ -38.414024, -3.85573, 0.0 ], [ -38.414141, -3.855697, 0.0 ], [ -38.414244, -3.855452, 0.0 ], [ -38.414363, -3.855241, 0.0 ], [ -38.414452, -3.855154, 0.0 ], [ -38.414569, -3.855102, 0.0 ], [ -38.414916, -3.855091, 0.0 ], [ -38.415028, -3.8551, 0.0 ], [ -38.415263, -3.855041, 0.0 ], [ -38.415444, -3.854927, 0.0 ], [ -38.415596, -3.85474, 0.0 ], [ -38.415689, -3.854656, 0.0 ], [ -38.416048, -3.854638, 0.0 ], [ -38.416329, -3.854533, 0.0 ], [ -38.416486, -3.854343, 0.0 ], [ -38.416489, -3.85407, 0.0 ], [ -38.416392, -3.853806, 0.0 ], [ -38.416178, -3.8535, 0.0 ], [ -38.41608, -3.853392, 0.0 ], [ -38.415938, -3.853237, 0.0 ], [ -38.415396, -3.852807, 0.0 ], [ -38.415262, -3.852577, 0.0 ], [ -38.415196, -3.85234, 0.0 ], [ -38.41568, -3.851579, 0.0 ], [ -38.416087, -3.850864, 0.0 ], [ -38.416126, -3.850796, 0.0 ], [ -38.41638, -3.84984, 0.0 ], [ -38.416613, -3.848159, 0.0 ], [ -38.416863, -3.846956, 0.0 ], [ -38.417051, -3.846152, 0.0 ], [ -38.418042, -3.845093, 0.0 ], [ -38.418766, -3.844967, 0.0 ], [ -38.419427, -3.84543, 0.0 ], [ -38.419958, -3.84663, 0.0 ], [ -38.420429, -3.846895, 0.0 ], [ -38.420959, -3.846822, 0.0 ], [ -38.421386, -3.846292, 0.0 ], [ -38.421681, -3.845541, 0.0 ], [ -38.421968, -3.845062, 0.0 ], [ -38.422432, -3.844444, 0.0 ], [ -38.422652, -3.844061, 0.0 ], [ -38.42277, -3.843546, 0.0 ], [ -38.422858, -3.843141, 0.0 ], [ -38.422822, -3.842655, 0.0 ], [ -38.422402, -3.842317, 0.0 ], [ -38.421865, -3.84203, 0.0 ], [ -38.421327, -3.841647, 0.0 ], [ -38.421062, -3.841176, 0.0 ], [ -38.420761, -3.840396, 0.0 ], [ -38.420827, -3.839623, 0.0 ], [ -38.42135, -3.838563, 0.0 ], [ -38.421968, -3.837282, 0.0 ], [ -38.422064, -3.836649, 0.0 ], [ -38.422005, -3.83606, 0.0 ], [ -38.421637, -3.835375, 0.0 ], [ -38.42143, -3.835103, 0.0 ], [ -38.421084, -3.834787, 0.0 ], [ -38.420623, -3.834105, 0.0 ], [ -38.420002, -3.833189, 0.0 ], [ -38.419671, -3.832019, 0.0 ], [ -38.419598, -3.831864, 0.0 ], [ -38.418648, -3.829612, 0.0 ], [ -38.418361, -3.829089, 0.0 ], [ -38.418015, -3.828522, 0.0 ], [ -38.41775, -3.828021, 0.0 ], [ -38.417992, -3.827318, 0.0 ], [ -38.418752, -3.826563, 0.0 ], [ -38.41934, -3.826286, 0.0 ], [ -38.419772, -3.825959, 0.0 ], [ -38.419991, -3.825548, 0.0 ], [ -38.41996, -3.824945, 0.0 ], [ -38.418961, -3.82291, 0.0 ], [ -38.418644, -3.822336, 0.0 ], [ -38.418287, -3.821965, 0.0 ], [ -38.417846, -3.821678, 0.0 ], [ -38.415644, -3.820894, 0.0 ], [ -38.415307, -3.820945, 0.0 ], [ -38.412989, -3.822126, 0.0 ], [ -38.412628, -3.822199, 0.0 ], [ -38.412277, -3.822075, 0.0 ], [ -38.411887, -3.821571, 0.0 ], [ -38.409396, -3.819093, 0.0 ], [ -38.428745, -3.808253, 0.0 ], [ -38.442928, -3.80155, 0.0 ], [ -38.443061, -3.80177, 0.0 ], [ -38.443183, -3.801809, 0.0 ], [ -38.44323, -3.801862, 0.0 ], [ -38.443286, -3.802062, 0.0 ], [ -38.443298, -3.802265, 0.0 ], [ -38.443286, -3.802682, 0.0 ], [ -38.443305, -3.80274, 0.0 ], [ -38.443396, -3.802815, 0.0 ], [ -38.44345, -3.802859, 0.0 ], [ -38.443489, -3.80285, 0.0 ], [ -38.443578, -3.80274, 0.0 ], [ -38.443653, -3.802771, 0.0 ], [ -38.443816, -3.802939, 0.0 ], [ -38.444043, -3.80312, 0.0 ], [ -38.444355, -3.803264, 0.0 ], [ -38.444435, -3.803314, 0.0 ], [ -38.444576, -3.803424, 0.0 ], [ -38.444663, -3.803652, 0.0 ], [ -38.444613, -3.803775, 0.0 ], [ -38.444521, -3.803849, 0.0 ], [ -38.444515, -3.803984, 0.0 ], [ -38.444521, -3.804125, 0.0 ], [ -38.444595, -3.804304, 0.0 ], [ -38.4447, -3.804377, 0.0 ], [ -38.444811, -3.804377, 0.0 ], [ -38.445069, -3.804261, 0.0 ], [ -38.445265, -3.804369, 0.0 ], [ -38.445414, -3.804733, 0.0 ], [ -38.44553, -3.80483, 0.0 ], [ -38.445662, -3.804825, 0.0 ], [ -38.445721, -3.804829, 0.0 ], [ -38.445815, -3.804868, 0.0 ], [ -38.446019, -3.805153, 0.0 ] ] ] } },
{ "type": "Feature", "properties": { "Name": "Aquiraz - AIS 13", "Description": "descrição: <br>@id: relation/302563<br>IBGE:GEOCODIGO: 2301000<br>admin_level: 8<br>boundary: administrative<br>name: Aquiraz<br>place: municipality<br>population: 80645<br>population:date: 2023-08-31<br>source: IBGE<br>source:population: IBGE, DOU de 31/08/2023<br>type: boundary<br>wikidata: Q1794121<br>wikipedia: pt:Aquiraz<br>is_in:country: <br>is_in:state: <br>note: <br>website: <br>@relations: " }, "geometry": { "type": "Polygon", "coordinates": [ [ [ -38.535851, -4.041351, 0.0 ], [ -38.503975, -4.060077, 0.0 ], [ -38.503651, -4.060255, 0.0 ], [ -38.501543, -4.061037, 0.0 ], [ -38.501031, -4.061157, 0.0 ], [ -38.500702, -4.061158, 0.0 ], [ -38.500399, -4.061125, 0.0 ], [ -38.497975, -4.060689, 0.0 ], [ -38.492679, -4.059768, 0.0 ], [ -38.492117, -4.059679, 0.0 ], [ -38.49196, -4.059665, 0.0 ], [ -38.491602, -4.059688, 0.0 ], [ -38.486662, -4.060242, 0.0 ], [ -38.485305, -4.060382, 0.0 ], [ -38.483954, -4.06051, 0.0 ], [ -38.483003, -4.060562, 0.0 ], [ -38.482924, -4.060567, 0.0 ], [ -38.480307, -4.060741, 0.0 ], [ -38.479339, -4.060796, 0.0 ], [ -38.476954, -4.06096, 0.0 ], [ -38.476572, -4.060989, 0.0 ], [ -38.475731, -4.061108, 0.0 ], [ -38.475544, -4.061134, 0.0 ], [ -38.474835, -4.061227, 0.0 ], [ -38.474114, -4.061334, 0.0 ], [ -38.472885, -4.061503, 0.0 ], [ -38.472419, -4.061606, 0.0 ], [ -38.471994, -4.061815, 0.0 ], [ -38.466315, -4.065066, 0.0 ], [ -38.465746, -4.065368, 0.0 ], [ -38.465517, -4.065432, 0.0 ], [ -38.465369, -4.065458, 0.0 ], [ -38.464901, -4.06547, 0.0 ], [ -38.462806, -4.065525, 0.0 ], [ -38.461258, -4.065554, 0.0 ], [ -38.460681, -4.065582, 0.0 ], [ -38.460388, -4.065641, 0.0 ], [ -38.45965, -4.065925, 0.0 ], [ -38.453795, -4.068629, 0.0 ], [ -38.453544, -4.06874, 0.0 ], [ -38.453351, -4.068794, 0.0 ], [ -38.452995, -4.068808, 0.0 ], [ -38.452038, -4.068771, 0.0 ], [ -38.451949, -4.068768, 0.0 ], [ -38.448176, -4.068588, 0.0 ], [ -38.447186, -4.068592, 0.0 ], [ -38.446956, -4.068652, 0.0 ], [ -38.446833, -4.068704, 0.0 ], [ -38.444939, -4.069828, 0.0 ], [ -38.443866, -4.07048, 0.0 ], [ -38.443097, -4.070951, 0.0 ], [ -38.442786, -4.07112, 0.0 ], [ -38.442629, -4.071175, 0.0 ], [ -38.442404, -4.071226, 0.0 ], [ -38.442371, -4.071229, 0.0 ], [ -38.442305, -4.071237, 0.0 ], [ -38.442163, -4.071243, 0.0 ], [ -38.441879, -4.071226, 0.0 ], [ -38.440202, -4.071007, 0.0 ], [ -38.439138, -4.070876, 0.0 ], [ -38.437192, -4.070632, 0.0 ], [ -38.434907, -4.070352, 0.0 ], [ -38.433231, -4.070185, 0.0 ], [ -38.431988, -4.070105, 0.0 ], [ -38.430198, -4.069976, 0.0 ], [ -38.429306, -4.069916, 0.0 ], [ -38.429085, -4.069904, 0.0 ], [ -38.427221, -4.069795, 0.0 ], [ -38.42658, -4.069735, 0.0 ], [ -38.424764, -4.069608, 0.0 ], [ -38.422839, -4.069491, 0.0 ], [ -38.421815, -4.069419, 0.0 ], [ -38.421668, -4.069408, 0.0 ], [ -38.420565, -4.069351, 0.0 ], [ -38.414101, -4.068938, 0.0 ], [ -38.413049, -4.068871, 0.0 ], [ -38.402814, -4.069792, 0.0 ], [ -38.399931, -4.070075, 0.0 ], [ -38.394654, -4.070563, 0.0 ], [ -38.3912, -4.070942, 0.0 ], [ -38.39034, -4.071001, 0.0 ], [ -38.390082, -4.070987, 0.0 ], [ -38.389132, -4.070809, 0.0 ], [ -38.387429, -4.070446, 0.0 ], [ -38.386661, -4.070295, 0.0 ], [ -38.38634, -4.070286, 0.0 ], [ -38.385985, -4.070329, 0.0 ], [ -38.385187, -4.070665, 0.0 ], [ -38.382546, -4.072025, 0.0 ], [ -38.380288, -4.073176, 0.0 ], [ -38.379354, -4.073672, 0.0 ], [ -38.378348, -4.074322, 0.0 ], [ -38.375644, -4.076899, 0.0 ], [ -38.375198, -4.077177, 0.0 ], [ -38.374466, -4.077539, 0.0 ], [ -38.372509, -4.078455, 0.0 ], [ -38.370359, -4.06609, 0.0 ], [ -38.370272, -4.065587, 0.0 ], [ -38.349652, -4.04725, 0.0 ], [ -38.344153, -4.04581, 0.0 ], [ -38.341609, -4.039533, 0.0 ], [ -38.341733, -4.039381, 0.0 ], [ -38.341826, -4.039259, 0.0 ], [ -38.341886, -4.03918, 0.0 ], [ -38.341943, -4.039104, 0.0 ], [ -38.341988, -4.039025, 0.0 ], [ -38.342082, -4.038881, 0.0 ], [ -38.342202, -4.038738, 0.0 ], [ -38.342316, -4.038608, 0.0 ], [ -38.342444, -4.038462, 0.0 ], [ -38.342503, -4.038362, 0.0 ], [ -38.342477, -4.038325, 0.0 ], [ -38.342426, -4.03826, 0.0 ], [ -38.342405, -4.038225, 0.0 ], [ -38.342308, -4.038094, 0.0 ], [ -38.342034, -4.037791, 0.0 ], [ -38.341783, -4.037505, 0.0 ], [ -38.341465, -4.03713, 0.0 ], [ -38.341183, -4.03685, 0.0 ], [ -38.340721, -4.03648, 0.0 ], [ -38.339983, -4.035922, 0.0 ], [ -38.339565, -4.035677, 0.0 ], [ -38.339138, -4.035376, 0.0 ], [ -38.338905, -4.035189, 0.0 ], [ -38.3387, -4.034976, 0.0 ], [ -38.338438, -4.034624, 0.0 ], [ -38.33811, -4.034078, 0.0 ], [ -38.337898, -4.033711, 0.0 ], [ -38.337569, -4.033093, 0.0 ], [ -38.337265, -4.032565, 0.0 ], [ -38.336899, -4.031901, 0.0 ], [ -38.336657, -4.031448, 0.0 ], [ -38.336466, -4.031159, 0.0 ], [ -38.336227, -4.030886, 0.0 ], [ -38.336032, -4.030732, 0.0 ], [ -38.335829, -4.030654, 0.0 ], [ -38.335481, -4.030601, 0.0 ], [ -38.334911, -4.030517, 0.0 ], [ -38.334245, -4.030381, 0.0 ], [ -38.333737, -4.03032, 0.0 ], [ -38.333527, -4.030286, 0.0 ], [ -38.333239, -4.030182, 0.0 ], [ -38.332844, -4.029964, 0.0 ], [ -38.332376, -4.029634, 0.0 ], [ -38.331927, -4.029314, 0.0 ], [ -38.33146, -4.029018, 0.0 ], [ -38.330983, -4.028684, 0.0 ], [ -38.330654, -4.028465, 0.0 ], [ -38.33008, -4.028057, 0.0 ], [ -38.329753, -4.027825, 0.0 ], [ -38.329259, -4.027495, 0.0 ], [ -38.328888, -4.027244, 0.0 ], [ -38.328613, -4.027057, 0.0 ], [ -38.328285, -4.026822, 0.0 ], [ -38.327893, -4.026551, 0.0 ], [ -38.327448, -4.026235, 0.0 ], [ -38.327161, -4.026054, 0.0 ], [ -38.326792, -4.025833, 0.0 ], [ -38.32652, -4.02567, 0.0 ], [ -38.326433, -4.025636, 0.0 ], [ -38.326379, -4.025707, 0.0 ], [ -38.326442, -4.026236, 0.0 ], [ -38.326507, -4.026893, 0.0 ], [ -38.326576, -4.027449, 0.0 ], [ -38.326618, -4.027833, 0.0 ], [ -38.326594, -4.027964, 0.0 ], [ -38.326706, -4.028898, 0.0 ], [ -38.326779, -4.02951, 0.0 ], [ -38.326759, -4.029606, 0.0 ], [ -38.326708, -4.029706, 0.0 ], [ -38.326435, -4.030043, 0.0 ], [ -38.326162, -4.030406, 0.0 ], [ -38.325935, -4.030712, 0.0 ], [ -38.325776, -4.030934, 0.0 ], [ -38.325199, -4.030933, 0.0 ], [ -38.324282, -4.030946, 0.0 ], [ -38.32408, -4.030973, 0.0 ], [ -38.323984, -4.031069, 0.0 ], [ -38.32397, -4.031132, 0.0 ], [ -38.323604, -4.031189, 0.0 ], [ -38.323534, -4.031204, 0.0 ], [ -38.32296, -4.031193, 0.0 ], [ -38.322503, -4.031144, 0.0 ], [ -38.321891, -4.03103, 0.0 ], [ -38.321259, -4.030908, 0.0 ], [ -38.320728, -4.030797, 0.0 ], [ -38.320767, -4.02952, 0.0 ], [ -38.320803, -4.028292, 0.0 ], [ -38.320826, -4.027302, 0.0 ], [ -38.320852, -4.026648, 0.0 ], [ -38.320903, -4.024623, 0.0 ], [ -38.320943, -4.023126, 0.0 ], [ -38.320956, -4.022422, 0.0 ], [ -38.320907, -4.021467, 0.0 ], [ -38.320932, -4.02101, 0.0 ], [ -38.320948, -4.02063, 0.0 ], [ -38.320962, -4.020382, 0.0 ], [ -38.320965, -4.020025, 0.0 ], [ -38.320978, -4.019646, 0.0 ], [ -38.320992, -4.018977, 0.0 ], [ -38.321021, -4.018405, 0.0 ], [ -38.320989, -4.018392, 0.0 ], [ -38.320897, -4.018364, 0.0 ], [ -38.320755, -4.01835, 0.0 ], [ -38.320639, -4.018343, 0.0 ], [ -38.32058, -4.018346, 0.0 ], [ -38.320492, -4.018381, 0.0 ], [ -38.32042, -4.018413, 0.0 ], [ -38.32032, -4.018454, 0.0 ], [ -38.320161, -4.018532, 0.0 ], [ -38.319982, -4.018612, 0.0 ], [ -38.319771, -4.018725, 0.0 ], [ -38.319626, -4.018791, 0.0 ], [ -38.319501, -4.018856, 0.0 ], [ -38.319383, -4.018918, 0.0 ], [ -38.319267, -4.018981, 0.0 ], [ -38.319201, -4.019026, 0.0 ], [ -38.319105, -4.019077, 0.0 ], [ -38.319022, -4.019097, 0.0 ], [ -38.318872, -4.018979, 0.0 ], [ -38.318562, -4.019416, 0.0 ], [ -38.317812, -4.020595, 0.0 ], [ -38.31749, -4.020194, 0.0 ], [ -38.317302, -4.019925, 0.0 ], [ -38.317086, -4.019662, 0.0 ], [ -38.316871, -4.019161, 0.0 ], [ -38.316588, -4.018756, 0.0 ], [ -38.316222, -4.01843, 0.0 ], [ -38.315863, -4.01832, 0.0 ], [ -38.315383, -4.018287, 0.0 ], [ -38.314853, -4.018204, 0.0 ], [ -38.314521, -4.01791, 0.0 ], [ -38.314384, -4.017412, 0.0 ], [ -38.314148, -4.01681, 0.0 ], [ -38.313811, -4.016121, 0.0 ], [ -38.313612, -4.015766, 0.0 ], [ -38.313357, -4.01532, 0.0 ], [ -38.313175, -4.014955, 0.0 ], [ -38.313294, -4.01477, 0.0 ], [ -38.313582, -4.014306, 0.0 ], [ -38.313773, -4.013999, 0.0 ], [ -38.314075, -4.013539, 0.0 ], [ -38.314228, -4.013295, 0.0 ], [ -38.313329, -4.011006, 0.0 ], [ -38.313157, -4.010903, 0.0 ], [ -38.312986, -4.010853, 0.0 ], [ -38.312806, -4.010876, 0.0 ], [ -38.312631, -4.011042, 0.0 ], [ -38.31256, -4.011227, 0.0 ], [ -38.312374, -4.011363, 0.0 ], [ -38.312312, -4.011552, 0.0 ], [ -38.312125, -4.011618, 0.0 ], [ -38.311955, -4.01166, 0.0 ], [ -38.311552, -4.0117, 0.0 ], [ -38.311244, -4.011886, 0.0 ], [ -38.311105, -4.012072, 0.0 ], [ -38.311038, -4.012292, 0.0 ], [ -38.310994, -4.01247, 0.0 ], [ -38.31066, -4.012512, 0.0 ], [ -38.310191, -4.012469, 0.0 ], [ -38.309956, -4.01241, 0.0 ], [ -38.309858, -4.012357, 0.0 ], [ -38.309712, -4.012238, 0.0 ], [ -38.309625, -4.012223, 0.0 ], [ -38.309512, -4.012232, 0.0 ], [ -38.309368, -4.012478, 0.0 ], [ -38.309247, -4.012695, 0.0 ], [ -38.309107, -4.012834, 0.0 ], [ -38.308956, -4.012848, 0.0 ], [ -38.308752, -4.012834, 0.0 ], [ -38.308498, -4.0128, 0.0 ], [ -38.308335, -4.012881, 0.0 ], [ -38.308245, -4.012942, 0.0 ], [ -38.308119, -4.01295, 0.0 ], [ -38.308046, -4.01291, 0.0 ], [ -38.307911, -4.012829, 0.0 ], [ -38.307673, -4.012828, 0.0 ], [ -38.307573, -4.012893, 0.0 ], [ -38.307468, -4.013034, 0.0 ], [ -38.307363, -4.013151, 0.0 ], [ -38.307278, -4.013172, 0.0 ], [ -38.307203, -4.013163, 0.0 ], [ -38.307091, -4.013134, 0.0 ], [ -38.307014, -4.01317, 0.0 ], [ -38.306836, -4.013265, 0.0 ], [ -38.306393, -4.013445, 0.0 ], [ -38.305978, -4.013562, 0.0 ], [ -38.305599, -4.013719, 0.0 ], [ -38.305142, -4.013881, 0.0 ], [ -38.304939, -4.013987, 0.0 ], [ -38.304648, -4.014085, 0.0 ], [ -38.304484, -4.01416, 0.0 ], [ -38.304005, -4.014363, 0.0 ], [ -38.303739, -4.01443, 0.0 ], [ -38.303712, -4.014548, 0.0 ], [ -38.303781, -4.014727, 0.0 ], [ -38.303765, -4.014828, 0.0 ], [ -38.303662, -4.014875, 0.0 ], [ -38.303524, -4.014951, 0.0 ], [ -38.303361, -4.014959, 0.0 ], [ -38.303275, -4.014905, 0.0 ], [ -38.30319, -4.01482, 0.0 ], [ -38.30314, -4.014793, 0.0 ], [ -38.303102, -4.014805, 0.0 ], [ -38.30305, -4.014866, 0.0 ], [ -38.302961, -4.014914, 0.0 ], [ -38.30281, -4.014915, 0.0 ], [ -38.30266, -4.01491, 0.0 ], [ -38.302584, -4.014908, 0.0 ], [ -38.302485, -4.014941, 0.0 ], [ -38.302319, -4.015012, 0.0 ], [ -38.302191, -4.015084, 0.0 ], [ -38.302089, -4.015143, 0.0 ], [ -38.301988, -4.015196, 0.0 ], [ -38.301911, -4.01525, 0.0 ], [ -38.301811, -4.015234, 0.0 ], [ -38.301685, -4.015243, 0.0 ], [ -38.301547, -4.015257, 0.0 ], [ -38.301421, -4.015266, 0.0 ], [ -38.301309, -4.015224, 0.0 ], [ -38.301186, -4.01517, 0.0 ], [ -38.301022, -4.015196, 0.0 ], [ -38.300884, -4.015228, 0.0 ], [ -38.300771, -4.015224, 0.0 ], [ -38.300645, -4.015233, 0.0 ], [ -38.30058, -4.015294, 0.0 ], [ -38.300466, -4.015328, 0.0 ], [ -38.300335, -4.015324, 0.0 ], [ -38.300126, -4.015404, 0.0 ], [ -38.299985, -4.015488, 0.0 ], [ -38.299844, -4.015572, 0.0 ], [ -38.299589, -4.015708, 0.0 ], [ -38.29941, -4.015816, 0.0 ], [ -38.29928, -4.015951, 0.0 ], [ -38.299038, -4.016088, 0.0 ], [ -38.298933, -4.016235, 0.0 ], [ -38.298964, -4.016469, 0.0 ], [ -38.298922, -4.01662, 0.0 ], [ -38.298766, -4.016773, 0.0 ], [ -38.298524, -4.016878, 0.0 ], [ -38.298254, -4.017084, 0.0 ], [ -38.29796, -4.017238, 0.0 ], [ -38.297527, -4.01742, 0.0 ], [ -38.297307, -4.017621, 0.0 ], [ -38.297065, -4.017727, 0.0 ], [ -38.296774, -4.017762, 0.0 ], [ -38.296646, -4.017852, 0.0 ], [ -38.296391, -4.017964, 0.0 ], [ -38.2962, -4.01804, 0.0 ], [ -38.296084, -4.018112, 0.0 ], [ -38.295808, -4.01811, 0.0 ], [ -38.295619, -4.018128, 0.0 ], [ -38.295416, -4.018166, 0.0 ], [ -38.295252, -4.018167, 0.0 ], [ -38.294948, -4.018252, 0.0 ], [ -38.294728, -4.018421, 0.0 ], [ -38.294597, -4.018582, 0.0 ], [ -38.294555, -4.01872, 0.0 ], [ -38.294428, -4.018772, 0.0 ], [ -38.294263, -4.018799, 0.0 ], [ -38.294158, -4.018953, 0.0 ], [ -38.294062, -4.019178, 0.0 ], [ -38.293921, -4.019262, 0.0 ], [ -38.293769, -4.019295, 0.0 ], [ -38.293728, -4.019382, 0.0 ], [ -38.293722, -4.019572, 0.0 ], [ -38.293655, -4.019709, 0.0 ], [ -38.293498, -4.0199, 0.0 ], [ -38.293226, -4.020125, 0.0 ], [ -38.29316, -4.020243, 0.0 ], [ -38.293142, -4.020382, 0.0 ], [ -38.293103, -4.02045, 0.0 ], [ -38.293, -4.020517, 0.0 ], [ -38.292897, -4.02057, 0.0 ], [ -38.292781, -4.020752, 0.0 ], [ -38.292761, -4.020895, 0.0 ], [ -38.292781, -4.021048, 0.0 ], [ -38.29285, -4.021252, 0.0 ], [ -38.292896, -4.0214, 0.0 ], [ -38.292994, -4.021485, 0.0 ], [ -38.293029, -4.021575, 0.0 ], [ -38.293025, -4.021714, 0.0 ], [ -38.292897, -4.021766, 0.0 ], [ -38.29277, -4.021807, 0.0 ], [ -38.292694, -4.021823, 0.0 ], [ -38.292566, -4.02187, 0.0 ], [ -38.292401, -4.021903, 0.0 ], [ -38.292161, -4.021939, 0.0 ], [ -38.291919, -4.021989, 0.0 ], [ -38.291842, -4.022037, 0.0 ], [ -38.291711, -4.02221, 0.0 ], [ -38.291659, -4.022253, 0.0 ], [ -38.291583, -4.022269, 0.0 ], [ -38.291508, -4.022248, 0.0 ], [ -38.291333, -4.022185, 0.0 ], [ -38.291208, -4.02215, 0.0 ], [ -38.29112, -4.022147, 0.0 ], [ -38.291006, -4.022169, 0.0 ], [ -38.290916, -4.022216, 0.0 ], [ -38.290853, -4.022214, 0.0 ], [ -38.290714, -4.02221, 0.0 ], [ -38.29055, -4.022224, 0.0 ], [ -38.290296, -4.02226, 0.0 ], [ -38.29013, -4.022312, 0.0 ], [ -38.289977, -4.022346, 0.0 ], [ -38.289863, -4.022367, 0.0 ], [ -38.289748, -4.022408, 0.0 ], [ -38.289685, -4.022425, 0.0 ], [ -38.289622, -4.022423, 0.0 ], [ -38.289483, -4.022425, 0.0 ], [ -38.289406, -4.022467, 0.0 ], [ -38.289316, -4.022489, 0.0 ], [ -38.289266, -4.022488, 0.0 ], [ -38.289155, -4.022408, 0.0 ], [ -38.289018, -4.022316, 0.0 ], [ -38.288906, -4.022255, 0.0 ], [ -38.288681, -4.022172, 0.0 ], [ -38.28843, -4.022132, 0.0 ], [ -38.28829, -4.022153, 0.0 ], [ -38.288074, -4.022203, 0.0 ], [ -38.287794, -4.022239, 0.0 ], [ -38.287654, -4.022272, 0.0 ], [ -38.287463, -4.022336, 0.0 ], [ -38.287293, -4.022458, 0.0 ], [ -38.287125, -4.022592, 0.0 ], [ -38.286904, -4.022769, 0.0 ], [ -38.28675, -4.022872, 0.0 ], [ -38.286378, -4.023019, 0.0 ], [ -38.286009, -4.023096, 0.0 ], [ -38.285741, -4.023113, 0.0 ], [ -38.285413, -4.023071, 0.0 ], [ -38.285086, -4.023017, 0.0 ], [ -38.284611, -4.022818, 0.0 ], [ -38.284335, -4.022708, 0.0 ], [ -38.284047, -4.022597, 0.0 ], [ -38.283671, -4.022477, 0.0 ], [ -38.283359, -4.022321, 0.0 ], [ -38.283174, -4.022144, 0.0 ], [ -38.282925, -4.022016, 0.0 ], [ -38.282685, -4.021983, 0.0 ], [ -38.282393, -4.022005, 0.0 ], [ -38.282189, -4.022049, 0.0 ], [ -38.281692, -4.02211, 0.0 ], [ -38.281463, -4.022128, 0.0 ], [ -38.281094, -4.022174, 0.0 ], [ -38.280902, -4.022244, 0.0 ], [ -38.28072, -4.022378, 0.0 ], [ -38.2806, -4.022545, 0.0 ], [ -38.280367, -4.022716, 0.0 ], [ -38.28017, -4.022825, 0.0 ], [ -38.279773, -4.022933, 0.0 ], [ -38.279338, -4.023047, 0.0 ], [ -38.279004, -4.023157, 0.0 ], [ -38.27876, -4.023245, 0.0 ], [ -38.278708, -4.023262, 0.0 ], [ -38.278333, -4.023473, 0.0 ], [ -38.278146, -4.023665, 0.0 ], [ -38.277858, -4.023917, 0.0 ], [ -38.277522, -4.024091, 0.0 ], [ -38.277223, -4.024272, 0.0 ], [ -38.277076, -4.024516, 0.0 ], [ -38.276964, -4.024812, 0.0 ], [ -38.276892, -4.025076, 0.0 ], [ -38.276757, -4.025327, 0.0 ], [ -38.276645, -4.025654, 0.0 ], [ -38.276484, -4.025898, 0.0 ], [ -38.276263, -4.026037, 0.0 ], [ -38.276044, -4.026107, 0.0 ], [ -38.275798, -4.02624, 0.0 ], [ -38.27568, -4.026344, 0.0 ], [ -38.275589, -4.026399, 0.0 ], [ -38.275483, -4.026403, 0.0 ], [ -38.275356, -4.026368, 0.0 ], [ -38.27527, -4.026289, 0.0 ], [ -38.275195, -4.026223, 0.0 ], [ -38.275147, -4.026132, 0.0 ], [ -38.275097, -4.026099, 0.0 ], [ -38.274881, -4.026092, 0.0 ], [ -38.274625, -4.026123, 0.0 ], [ -38.274419, -4.02618, 0.0 ], [ -38.274173, -4.026288, 0.0 ], [ -38.273979, -4.026364, 0.0 ], [ -38.273604, -4.0265, 0.0 ], [ -38.273072, -4.026626, 0.0 ], [ -38.27275, -4.026712, 0.0 ], [ -38.272349, -4.026846, 0.0 ], [ -38.27187, -4.027017, 0.0 ], [ -38.271524, -4.027058, 0.0 ], [ -38.271319, -4.027064, 0.0 ], [ -38.270889, -4.02705, 0.0 ], [ -38.270518, -4.027058, 0.0 ], [ -38.270247, -4.027108, 0.0 ], [ -38.269989, -4.027183, 0.0 ], [ -38.269833, -4.027249, 0.0 ], [ -38.269779, -4.027317, 0.0 ], [ -38.269738, -4.027412, 0.0 ], [ -38.269264, -4.027398, 0.0 ], [ -38.269023, -4.02734, 0.0 ], [ -38.268846, -4.027252, 0.0 ], [ -38.26858, -4.02718, 0.0 ], [ -38.268388, -4.027174, 0.0 ], [ -38.268144, -4.02718, 0.0 ], [ -38.26799, -4.027181, 0.0 ], [ -38.267706, -4.027118, 0.0 ], [ -38.267567, -4.02712, 0.0 ], [ -38.267325, -4.027055, 0.0 ], [ -38.267093, -4.026914, 0.0 ], [ -38.267004, -4.026684, 0.0 ], [ -38.266999, -4.026489, 0.0 ], [ -38.266988, -4.026371, 0.0 ], [ -38.266834, -4.02626, 0.0 ], [ -38.266463, -4.026109, 0.0 ], [ -38.266227, -4.02607, 0.0 ], [ -38.265797, -4.026071, 0.0 ], [ -38.265565, -4.026111, 0.0 ], [ -38.265517, -4.026206, 0.0 ], [ -38.265214, -4.02623, 0.0 ], [ -38.2649, -4.026298, 0.0 ], [ -38.264583, -4.02629, 0.0 ], [ -38.264332, -4.026357, 0.0 ], [ -38.26398, -4.026458, 0.0 ], [ -38.263903, -4.026577, 0.0 ], [ -38.263743, -4.026775, 0.0 ], [ -38.263352, -4.027007, 0.0 ], [ -38.263014, -4.027126, 0.0 ], [ -38.262661, -4.027176, 0.0 ], [ -38.262443, -4.027047, 0.0 ], [ -38.262162, -4.026964, 0.0 ], [ -38.261998, -4.02696, 0.0 ], [ -38.261797, -4.027014, 0.0 ], [ -38.261722, -4.027078, 0.0 ], [ -38.261648, -4.027123, 0.0 ], [ -38.261484, -4.027176, 0.0 ], [ -38.261257, -4.02718, 0.0 ], [ -38.261003, -4.027134, 0.0 ], [ -38.260837, -4.027061, 0.0 ], [ -38.260697, -4.027013, 0.0 ], [ -38.260545, -4.027015, 0.0 ], [ -38.260395, -4.027075, 0.0 ], [ -38.260298, -4.027265, 0.0 ], [ -38.260224, -4.027511, 0.0 ], [ -38.260128, -4.027765, 0.0 ], [ -38.259863, -4.027976, 0.0 ], [ -38.259699, -4.027978, 0.0 ], [ -38.259482, -4.027913, 0.0 ], [ -38.259027, -4.027914, 0.0 ], [ -38.258536, -4.027992, 0.0 ], [ -38.25817, -4.028042, 0.0 ], [ -38.257878, -4.027946, 0.0 ], [ -38.257613, -4.027825, 0.0 ], [ -38.25727, -4.027743, 0.0 ], [ -38.256966, -4.027716, 0.0 ], [ -38.256726, -4.027752, 0.0 ], [ -38.256462, -4.027845, 0.0 ], [ -38.256071, -4.027876, 0.0 ], [ -38.255693, -4.027933, 0.0 ], [ -38.2552, -4.028085, 0.0 ], [ -38.25476, -4.0282, 0.0 ], [ -38.25442, -4.0283, 0.0 ], [ -38.254119, -4.028412, 0.0 ], [ -38.253877, -4.028492, 0.0 ], [ -38.253523, -4.028537, 0.0 ], [ -38.253264, -4.028686, 0.0 ], [ -38.252545, -4.028331, 0.0 ], [ -38.251934, -4.028368, 0.0 ], [ -38.25164, -4.028447, 0.0 ], [ -38.251251, -4.02842, 0.0 ], [ -38.250667, -4.028244, 0.0 ], [ -38.250082, -4.02827, 0.0 ], [ -38.249603, -4.028373, 0.0 ], [ -38.248982, -4.028415, 0.0 ], [ -38.248141, -4.028369, 0.0 ], [ -38.247427, -4.028435, 0.0 ], [ -38.246978, -4.028344, 0.0 ], [ -38.246682, -4.028026, 0.0 ], [ -38.246448, -4.027978, 0.0 ], [ -38.245883, -4.027858, 0.0 ], [ -38.245571, -4.027412, 0.0 ], [ -38.245179, -4.027087, 0.0 ], [ -38.244882, -4.027198, 0.0 ], [ -38.244277, -4.02703, 0.0 ], [ -38.243669, -4.026936, 0.0 ], [ -38.243407, -4.026769, 0.0 ], [ -38.243154, -4.026366, 0.0 ], [ -38.242868, -4.026255, 0.0 ], [ -38.242395, -4.026132, 0.0 ], [ -38.241895, -4.02612, 0.0 ], [ -38.241574, -4.02634, 0.0 ], [ -38.24136, -4.026335, 0.0 ], [ -38.241216, -4.026042, 0.0 ], [ -38.241089, -4.025885, 0.0 ], [ -38.240866, -4.025801, 0.0 ], [ -38.240621, -4.026106, 0.0 ], [ -38.24036, -4.026513, 0.0 ], [ -38.240122, -4.026608, 0.0 ], [ -38.239872, -4.026465, 0.0 ], [ -38.239515, -4.026401, 0.0 ], [ -38.239301, -4.026249, 0.0 ], [ -38.239051, -4.026022, 0.0 ], [ -38.238861, -4.025651, 0.0 ], [ -38.239097, -4.025279, 0.0 ], [ -38.238969, -4.025006, 0.0 ], [ -38.238979, -4.02472, 0.0 ], [ -38.238728, -4.02442, 0.0 ], [ -38.238789, -4.024141, 0.0 ], [ -38.239121, -4.023936, 0.0 ], [ -38.239103, -4.023604, 0.0 ], [ -38.238818, -4.023155, 0.0 ], [ -38.238582, -4.023054, 0.0 ], [ -38.23781, -4.023111, 0.0 ], [ -38.237395, -4.022898, 0.0 ], [ -38.236995, -4.022808, 0.0 ], [ -38.236403, -4.022775, 0.0 ], [ -38.232, -4.022, 0.0 ], [ -38.231152, -4.019624, 0.0 ], [ -38.229762, -4.015733, 0.0 ], [ -38.229115, -4.013921, 0.0 ], [ -38.227, -4.008, 0.0 ], [ -38.225454, -4.007227, 0.0 ], [ -38.223, -4.006, 0.0 ], [ -38.226, -4.002, 0.0 ], [ -38.232, -3.997, 0.0 ], [ -38.255, -3.966, 0.0 ], [ -38.271, -3.946, 0.0 ], [ -38.278, -3.941, 0.0 ], [ -38.289, -3.941, 0.0 ], [ -38.3, -3.937, 0.0 ], [ -38.304, -3.935, 0.0 ], [ -38.306181, -3.933598, 0.0 ], [ -38.318, -3.926, 0.0 ], [ -38.320603, -3.923605, 0.0 ], [ -38.343, -3.903, 0.0 ], [ -38.364, -3.881, 0.0 ], [ -38.401541, -3.823481, 0.0 ], [ -38.401769, -3.823759, 0.0 ], [ -38.401888, -3.824042, 0.0 ], [ -38.401921, -3.824294, 0.0 ], [ -38.40168, -3.824904, 0.0 ], [ -38.401412, -3.825525, 0.0 ], [ -38.401326, -3.826092, 0.0 ], [ -38.401364, -3.826596, 0.0 ], [ -38.401809, -3.826868, 0.0 ], [ -38.402302, -3.826735, 0.0 ], [ -38.402973, -3.826478, 0.0 ], [ -38.403563, -3.825969, 0.0 ], [ -38.404453, -3.825102, 0.0 ], [ -38.405301, -3.824562, 0.0 ], [ -38.405818, -3.824077, 0.0 ], [ -38.405934, -3.823968, 0.0 ], [ -38.405993, -3.823802, 0.0 ], [ -38.405832, -3.823143, 0.0 ], [ -38.405784, -3.822699, 0.0 ], [ -38.405725, -3.822067, 0.0 ], [ -38.405868, -3.821542, 0.0 ], [ -38.40701, -3.820507, 0.0 ], [ -38.40842, -3.819616, 0.0 ], [ -38.409396, -3.819093, 0.0 ], [ -38.411887, -3.821571, 0.0 ], [ -38.412277, -3.822075, 0.0 ], [ -38.412628, -3.822199, 0.0 ], [ -38.412989, -3.822126, 0.0 ], [ -38.415307, -3.820945, 0.0 ], [ -38.415644, -3.820894, 0.0 ], [ -38.417846, -3.821678, 0.0 ], [ -38.418287, -3.821965, 0.0 ], [ -38.418644, -3.822336, 0.0 ], [ -38.418961, -3.82291, 0.0 ], [ -38.41996, -3.824945, 0.0 ], [ -38.419991, -3.825548, 0.0 ], [ -38.419772, -3.825959, 0.0 ], [ -38.41934, -3.826286, 0.0 ], [ -38.418752, -3.826563, 0.0 ], [ -38.417992, -3.827318, 0.0 ], [ -38.41775, -3.828021, 0.0 ], [ -38.418015, -3.828522, 0.0 ], [ -38.418361, -3.829089, 0.0 ], [ -38.418648, -3.829612, 0.0 ], [ -38.419598, -3.831864, 0.0 ], [ -38.419671, -3.832019, 0.0 ], [ -38.420002, -3.833189, 0.0 ], [ -38.420623, -3.834105, 0.0 ], [ -38.421084, -3.834787, 0.0 ], [ -38.42143, -3.835103, 0.0 ], [ -38.421637, -3.835375, 0.0 ], [ -38.422005, -3.83606, 0.0 ], [ -38.422064, -3.836649, 0.0 ], [ -38.421968, -3.837282, 0.0 ], [ -38.42135, -3.838563, 0.0 ], [ -38.420827, -3.839623, 0.0 ], [ -38.420761, -3.840396, 0.0 ], [ -38.421062, -3.841176, 0.0 ], [ -38.421327, -3.841647, 0.0 ], [ -38.421865, -3.84203, 0.0 ], [ -38.422402, -3.842317, 0.0 ], [ -38.422822, -3.842655, 0.0 ], [ -38.422858, -3.843141, 0.0 ], [ -38.42277, -3.843546, 0.0 ], [ -38.422652, -3.844061, 0.0 ], [ -38.422432, -3.844444, 0.0 ], [ -38.421968, -3.845062, 0.0 ], [ -38.421681, -3.845541, 0.0 ], [ -38.421386, -3.846292, 0.0 ], [ -38.420959, -3.846822, 0.0 ], [ -38.420429, -3.846895, 0.0 ], [ -38.419958, -3.84663, 0.0 ], [ -38.419427, -3.84543, 0.0 ], [ -38.418766, -3.844967, 0.0 ], [ -38.418042, -3.845093, 0.0 ], [ -38.417051, -3.846152, 0.0 ], [ -38.416863, -3.846956, 0.0 ], [ -38.416613, -3.848159, 0.0 ], [ -38.41638, -3.84984, 0.0 ], [ -38.416126, -3.850796, 0.0 ], [ -38.416087, -3.850864, 0.0 ], [ -38.41568, -3.851579, 0.0 ], [ -38.415196, -3.85234, 0.0 ], [ -38.415262, -3.852577, 0.0 ], [ -38.415396, -3.852807, 0.0 ], [ -38.415938, -3.853237, 0.0 ], [ -38.41608, -3.853392, 0.0 ], [ -38.416178, -3.8535, 0.0 ], [ -38.416392, -3.853806, 0.0 ], [ -38.416489, -3.85407, 0.0 ], [ -38.416486, -3.854343, 0.0 ], [ -38.416329, -3.854533, 0.0 ], [ -38.416048, -3.854638, 0.0 ], [ -38.415689, -3.854656, 0.0 ], [ -38.415596, -3.85474, 0.0 ], [ -38.415444, -3.854927, 0.0 ], [ -38.415263, -3.855041, 0.0 ], [ -38.415028, -3.8551, 0.0 ], [ -38.414916, -3.855091, 0.0 ], [ -38.414569, -3.855102, 0.0 ], [ -38.414452, -3.855154, 0.0 ], [ -38.414363, -3.855241, 0.0 ], [ -38.414244, -3.855452, 0.0 ], [ -38.414141, -3.855697, 0.0 ], [ -38.414024, -3.85573, 0.0 ], [ -38.413974, -3.855722, 0.0 ], [ -38.413847, -3.855456, 0.0 ], [ -38.413748, -3.855396, 0.0 ], [ -38.413631, -3.855397, 0.0 ], [ -38.413452, -3.855415, 0.0 ], [ -38.413326, -3.855488, 0.0 ], [ -38.413312, -3.855596, 0.0 ], [ -38.413386, -3.855719, 0.0 ], [ -38.413865, -3.856098, 0.0 ], [ -38.414092, -3.856342, 0.0 ], [ -38.414124, -3.856449, 0.0 ], [ -38.414229, -3.856518, 0.0 ], [ -38.414293, -3.856603, 0.0 ], [ -38.414218, -3.856758, 0.0 ], [ -38.414158, -3.856801, 0.0 ], [ -38.413535, -3.856809, 0.0 ], [ -38.41306, -3.856872, 0.0 ], [ -38.412958, -3.857016, 0.0 ], [ -38.412994, -3.857099, 0.0 ], [ -38.413135, -3.857137, 0.0 ], [ -38.413569, -3.857141, 0.0 ], [ -38.413748, -3.85716, 0.0 ], [ -38.413835, -3.857245, 0.0 ], [ -38.414011, -3.857557, 0.0 ], [ -38.414124, -3.857692, 0.0 ], [ -38.414541, -3.85824, 0.0 ], [ -38.414552, -3.85845, 0.0 ], [ -38.414457, -3.85868, 0.0 ], [ -38.414313, -3.858839, 0.0 ], [ -38.413746, -3.859108, 0.0 ], [ -38.413427, -3.859289, 0.0 ], [ -38.41332, -3.859532, 0.0 ], [ -38.413372, -3.859714, 0.0 ], [ -38.413379, -3.859885, 0.0 ], [ -38.413338, -3.860142, 0.0 ], [ -38.413331, -3.86058, 0.0 ], [ -38.413012, -3.860729, 0.0 ], [ -38.412725, -3.860769, 0.0 ], [ -38.412468, -3.860982, 0.0 ], [ -38.412377, -3.861212, 0.0 ], [ -38.412444, -3.86147, 0.0 ], [ -38.412704, -3.861702, 0.0 ], [ -38.412958, -3.861763, 0.0 ], [ -38.41322, -3.861873, 0.0 ], [ -38.413363, -3.862026, 0.0 ], [ -38.413458, -3.862275, 0.0 ], [ -38.413544, -3.862562, 0.0 ], [ -38.413663, -3.862816, 0.0 ], [ -38.413825, -3.863056, 0.0 ], [ -38.413973, -3.863262, 0.0 ], [ -38.414001, -3.863645, 0.0 ], [ -38.413928, -3.863888, 0.0 ], [ -38.413834, -3.864324, 0.0 ], [ -38.41375, -3.864871, 0.0 ], [ -38.413758, -3.865144, 0.0 ], [ -38.413685, -3.865469, 0.0 ], [ -38.413549, -3.865716, 0.0 ], [ -38.413308, -3.865994, 0.0 ], [ -38.413145, -3.866253, 0.0 ], [ -38.412957, -3.866782, 0.0 ], [ -38.412859, -3.866923, 0.0 ], [ -38.412826, -3.867071, 0.0 ], [ -38.412794, -3.867328, 0.0 ], [ -38.412828, -3.867613, 0.0 ], [ -38.412851, -3.867858, 0.0 ], [ -38.412966, -3.868257, 0.0 ], [ -38.413026, -3.868545, 0.0 ], [ -38.413035, -3.868854, 0.0 ], [ -38.412968, -3.869013, 0.0 ], [ -38.412788, -3.869243, 0.0 ], [ -38.412712, -3.869447, 0.0 ], [ -38.412654, -3.869834, 0.0 ], [ -38.412713, -3.870108, 0.0 ], [ -38.412731, -3.870551, 0.0 ], [ -38.412672, -3.870859, 0.0 ], [ -38.412583, -3.871102, 0.0 ], [ -38.412561, -3.871283, 0.0 ], [ -38.412572, -3.871437, 0.0 ], [ -38.41268, -3.871596, 0.0 ], [ -38.413003, -3.872052, 0.0 ], [ -38.413063, -3.872191, 0.0 ], [ -38.413105, -3.872369, 0.0 ], [ -38.413104, -3.872628, 0.0 ], [ -38.413226, -3.872929, 0.0 ], [ -38.413256, -3.873011, 0.0 ], [ -38.413255, -3.873116, 0.0 ], [ -38.413242, -3.87318, 0.0 ], [ -38.413195, -3.873259, 0.0 ], [ -38.413194, -3.873367, 0.0 ], [ -38.413237, -3.87347, 0.0 ], [ -38.41325, -3.873984, 0.0 ], [ -38.413405, -3.87442, 0.0 ], [ -38.413473, -3.874532, 0.0 ], [ -38.413509, -3.874702, 0.0 ], [ -38.41352, -3.874865, 0.0 ], [ -38.413552, -3.874974, 0.0 ], [ -38.413588, -3.875263, 0.0 ], [ -38.413588, -3.875416, 0.0 ], [ -38.413705, -3.875737, 0.0 ], [ -38.413775, -3.875847, 0.0 ], [ -38.413889, -3.876022, 0.0 ], [ -38.413913, -3.876247, 0.0 ], [ -38.414055, -3.876595, 0.0 ], [ -38.414108, -3.877055, 0.0 ], [ -38.41437, -3.878044, 0.0 ], [ -38.414509, -3.878253, 0.0 ], [ -38.414576, -3.878353, 0.0 ], [ -38.414736, -3.878676, 0.0 ], [ -38.414831, -3.878843, 0.0 ], [ -38.414992, -3.87906, 0.0 ], [ -38.415469, -3.879543, 0.0 ], [ -38.415819, -3.879832, 0.0 ], [ -38.416095, -3.87994, 0.0 ], [ -38.416356, -3.88016, 0.0 ], [ -38.416756, -3.880348, 0.0 ], [ -38.416995, -3.880504, 0.0 ], [ -38.417215, -3.8807, 0.0 ], [ -38.417361, -3.880844, 0.0 ], [ -38.418332, -3.881319, 0.0 ], [ -38.41848, -3.881424, 0.0 ], [ -38.418706, -3.881519, 0.0 ], [ -38.418933, -3.881637, 0.0 ], [ -38.419001, -3.881664, 0.0 ], [ -38.419071, -3.881691, 0.0 ], [ -38.419271, -3.881725, 0.0 ], [ -38.419316, -3.881733, 0.0 ], [ -38.419569, -3.88179, 0.0 ], [ -38.420068, -3.881919, 0.0 ], [ -38.420564, -3.88205, 0.0 ], [ -38.42067, -3.882105, 0.0 ], [ -38.420851, -3.882196, 0.0 ], [ -38.420973, -3.882348, 0.0 ], [ -38.421041, -3.882574, 0.0 ], [ -38.421143, -3.882729, 0.0 ], [ -38.421297, -3.88282, 0.0 ], [ -38.421648, -3.883018, 0.0 ], [ -38.42195, -3.883155, 0.0 ], [ -38.422281, -3.883336, 0.0 ], [ -38.422653, -3.883441, 0.0 ], [ -38.423019, -3.883713, 0.0 ], [ -38.423271, -3.88381, 0.0 ], [ -38.423413, -3.883902, 0.0 ], [ -38.423467, -3.884045, 0.0 ], [ -38.423544, -3.884198, 0.0 ], [ -38.423567, -3.88438, 0.0 ], [ -38.423647, -3.88446, 0.0 ], [ -38.423783, -3.884483, 0.0 ], [ -38.423896, -3.884483, 0.0 ], [ -38.423983, -3.884463, 0.0 ], [ -38.424189, -3.884475, 0.0 ], [ -38.42427, -3.884349, 0.0 ], [ -38.424314, -3.884197, 0.0 ], [ -38.424378, -3.884186, 0.0 ], [ -38.424432, -3.88423, 0.0 ], [ -38.424528, -3.884412, 0.0 ], [ -38.42465, -3.88453, 0.0 ], [ -38.424867, -3.884715, 0.0 ], [ -38.425103, -3.884831, 0.0 ], [ -38.425248, -3.884885, 0.0 ], [ -38.425375, -3.884902, 0.0 ], [ -38.425893, -3.884849, 0.0 ], [ -38.426008, -3.884836, 0.0 ], [ -38.426501, -3.884733, 0.0 ], [ -38.426812, -3.884721, 0.0 ], [ -38.427053, -3.884748, 0.0 ], [ -38.427438, -3.884802, 0.0 ], [ -38.427911, -3.884898, 0.0 ], [ -38.428236, -3.885118, 0.0 ], [ -38.428497, -3.885211, 0.0 ], [ -38.428855, -3.885219, 0.0 ], [ -38.428943, -3.885268, 0.0 ], [ -38.429103, -3.885344, 0.0 ], [ -38.429221, -3.885375, 0.0 ], [ -38.429361, -3.885343, 0.0 ], [ -38.429477, -3.885423, 0.0 ], [ -38.429602, -3.885439, 0.0 ], [ -38.429701, -3.885405, 0.0 ], [ -38.429838, -3.885352, 0.0 ], [ -38.429937, -3.885407, 0.0 ], [ -38.429973, -3.88548, 0.0 ], [ -38.429962, -3.885565, 0.0 ], [ -38.429997, -3.885619, 0.0 ], [ -38.430037, -3.885709, 0.0 ], [ -38.430129, -3.885875, 0.0 ], [ -38.430379, -3.885838, 0.0 ], [ -38.430441, -3.885851, 0.0 ], [ -38.430536, -3.885837, 0.0 ], [ -38.430575, -3.885776, 0.0 ], [ -38.430669, -3.885729, 0.0 ], [ -38.43079, -3.885684, 0.0 ], [ -38.430962, -3.885677, 0.0 ], [ -38.431006, -3.88573, 0.0 ], [ -38.431116, -3.885737, 0.0 ], [ -38.431398, -3.885658, 0.0 ], [ -38.431664, -3.885727, 0.0 ], [ -38.432204, -3.885936, 0.0 ], [ -38.43243, -3.88615, 0.0 ], [ -38.432514, -3.886296, 0.0 ], [ -38.432576, -3.88659, 0.0 ], [ -38.432814, -3.887502, 0.0 ], [ -38.432896, -3.887932, 0.0 ], [ -38.432525, -3.889784, 0.0 ], [ -38.432896, -3.890641, 0.0 ], [ -38.432858, -3.891106, 0.0 ], [ -38.433024, -3.89207, 0.0 ], [ -38.433386, -3.893012, 0.0 ], [ -38.433484, -3.89326, 0.0 ], [ -38.4337, -3.893777, 0.0 ], [ -38.433791, -3.89398, 0.0 ], [ -38.433958, -3.894382, 0.0 ], [ -38.434639, -3.89512, 0.0 ], [ -38.435352, -3.895211, 0.0 ], [ -38.436425, -3.895768, 0.0 ], [ -38.436664, -3.896108, 0.0 ], [ -38.436989, -3.896747, 0.0 ], [ -38.437514, -3.897459, 0.0 ], [ -38.438464, -3.899134, 0.0 ], [ -38.438834, -3.89983, 0.0 ], [ -38.439891, -3.900767, 0.0 ], [ -38.440728, -3.901216, 0.0 ], [ -38.441704, -3.901559, 0.0 ], [ -38.442791, -3.901945, 0.0 ], [ -38.442897, -3.901983, 0.0 ], [ -38.443336, -3.902137, 0.0 ], [ -38.443558, -3.902493, 0.0 ], [ -38.443517, -3.902945, 0.0 ], [ -38.443571, -3.903346, 0.0 ], [ -38.443662, -3.903716, 0.0 ], [ -38.443656, -3.904072, 0.0 ], [ -38.443565, -3.904663, 0.0 ], [ -38.443602, -3.905618, 0.0 ], [ -38.444051, -3.906313, 0.0 ], [ -38.445395, -3.909338, 0.0 ], [ -38.445698, -3.909835, 0.0 ], [ -38.446394, -3.910816, 0.0 ], [ -38.447218, -3.912482, 0.0 ], [ -38.447528, -3.913977, 0.0 ], [ -38.447617, -3.914407, 0.0 ], [ -38.447536, -3.915342, 0.0 ], [ -38.44758, -3.91563, 0.0 ], [ -38.447609, -3.915889, 0.0 ], [ -38.447609, -3.916149, 0.0 ], [ -38.447695, -3.916725, 0.0 ], [ -38.447724, -3.917014, 0.0 ], [ -38.44778, -3.917301, 0.0 ], [ -38.447809, -3.91759, 0.0 ], [ -38.447866, -3.917878, 0.0 ], [ -38.447895, -3.918152, 0.0 ], [ -38.448045, -3.918794, 0.0 ], [ -38.448116, -3.91965, 0.0 ], [ -38.447975, -3.920205, 0.0 ], [ -38.448007, -3.920729, 0.0 ], [ -38.448184, -3.921045, 0.0 ], [ -38.448514, -3.92124, 0.0 ], [ -38.448699, -3.921476, 0.0 ], [ -38.44875, -3.921808, 0.0 ], [ -38.448817, -3.922225, 0.0 ], [ -38.448841, -3.922386, 0.0 ], [ -38.448608, -3.923454, 0.0 ], [ -38.452905, -3.920718, 0.0 ], [ -38.463372, -3.914059, 0.0 ], [ -38.463469, -3.914151, 0.0 ], [ -38.463542, -3.914086, 0.0 ], [ -38.463632, -3.914061, 0.0 ], [ -38.463754, -3.914102, 0.0 ], [ -38.46377, -3.914175, 0.0 ], [ -38.463754, -3.914297, 0.0 ], [ -38.463745, -3.914516, 0.0 ], [ -38.463802, -3.914613, 0.0 ], [ -38.463916, -3.91454, 0.0 ], [ -38.463981, -3.914629, 0.0 ], [ -38.46416, -3.914864, 0.0 ], [ -38.46425, -3.915035, 0.0 ], [ -38.464201, -3.91527, 0.0 ], [ -38.464306, -3.915448, 0.0 ], [ -38.46451, -3.915911, 0.0 ], [ -38.46455, -3.915952, 0.0 ], [ -38.464607, -3.916276, 0.0 ], [ -38.464749, -3.916271, 0.0 ], [ -38.464919, -3.916483, 0.0 ], [ -38.464862, -3.91678, 0.0 ], [ -38.465089, -3.916978, 0.0 ], [ -38.465273, -3.917062, 0.0 ], [ -38.465415, -3.917331, 0.0 ], [ -38.4655, -3.917656, 0.0 ], [ -38.46523, -3.917641, 0.0 ], [ -38.465202, -3.917896, 0.0 ], [ -38.465287, -3.918079, 0.0 ], [ -38.465372, -3.918277, 0.0 ], [ -38.46557, -3.91846, 0.0 ], [ -38.465726, -3.918828, 0.0 ], [ -38.465938, -3.919252, 0.0 ], [ -38.466264, -3.919718, 0.0 ], [ -38.46649, -3.920268, 0.0 ], [ -38.466547, -3.92065, 0.0 ], [ -38.466434, -3.921088, 0.0 ], [ -38.466462, -3.921398, 0.0 ], [ -38.466915, -3.92185, 0.0 ], [ -38.466915, -3.922076, 0.0 ], [ -38.467524, -3.922811, 0.0 ], [ -38.467326, -3.923743, 0.0 ], [ -38.467396, -3.923983, 0.0 ], [ -38.467722, -3.924223, 0.0 ], [ -38.467991, -3.92459, 0.0 ], [ -38.468118, -3.924717, 0.0 ], [ -38.468501, -3.924477, 0.0 ], [ -38.469067, -3.925, 0.0 ], [ -38.469024, -3.925226, 0.0 ], [ -38.46918, -3.925466, 0.0 ], [ -38.469322, -3.925551, 0.0 ], [ -38.469591, -3.925734, 0.0 ], [ -38.469881, -3.926049, 0.0 ], [ -38.470094, -3.926091, 0.0 ], [ -38.470281, -3.926278, 0.0 ], [ -38.470272, -3.926533, 0.0 ], [ -38.4704, -3.926754, 0.0 ], [ -38.470349, -3.927051, 0.0 ], [ -38.470349, -3.927238, 0.0 ], [ -38.470426, -3.927349, 0.0 ], [ -38.470511, -3.927374, 0.0 ], [ -38.470664, -3.927476, 0.0 ], [ -38.470587, -3.927722, 0.0 ], [ -38.470638, -3.927841, 0.0 ], [ -38.470979, -3.927969, 0.0 ], [ -38.471235, -3.928071, 0.0 ], [ -38.471337, -3.928003, 0.0 ], [ -38.471516, -3.928011, 0.0 ], [ -38.471635, -3.928241, 0.0 ], [ -38.471967, -3.928436, 0.0 ], [ -38.472103, -3.928563, 0.0 ], [ -38.472228, -3.928476, 0.0 ], [ -38.472343, -3.928466, 0.0 ], [ -38.472529, -3.928494, 0.0 ], [ -38.472635, -3.928453, 0.0 ], [ -38.472882, -3.928406, 0.0 ], [ -38.473034, -3.928363, 0.0 ], [ -38.473185, -3.928283, 0.0 ], [ -38.473258, -3.928154, 0.0 ], [ -38.47343, -3.927919, 0.0 ], [ -38.47356, -3.927967, 0.0 ], [ -38.47373, -3.928078, 0.0 ], [ -38.473924, -3.928175, 0.0 ], [ -38.474057, -3.928259, 0.0 ], [ -38.47419, -3.928421, 0.0 ], [ -38.474443, -3.928325, 0.0 ], [ -38.47458, -3.928181, 0.0 ], [ -38.474722, -3.928043, 0.0 ], [ -38.475035, -3.927945, 0.0 ], [ -38.475215, -3.928025, 0.0 ], [ -38.475363, -3.928276, 0.0 ], [ -38.475395, -3.928388, 0.0 ], [ -38.475549, -3.92841, 0.0 ], [ -38.475674, -3.92833, 0.0 ], [ -38.475877, -3.928261, 0.0 ], [ -38.47603, -3.928244, 0.0 ], [ -38.476236, -3.928303, 0.0 ], [ -38.476329, -3.928402, 0.0 ], [ -38.47651, -3.928462, 0.0 ], [ -38.476778, -3.928455, 0.0 ], [ -38.477053, -3.928586, 0.0 ], [ -38.477368, -3.928763, 0.0 ], [ -38.477622, -3.928702, 0.0 ], [ -38.477859, -3.928673, 0.0 ], [ -38.478376, -3.92859, 0.0 ], [ -38.478479, -3.928241, 0.0 ], [ -38.478843, -3.928015, 0.0 ], [ -38.479033, -3.927985, 0.0 ], [ -38.479087, -3.92806, 0.0 ], [ -38.479203, -3.928108, 0.0 ], [ -38.479565, -3.927818, 0.0 ], [ -38.479723, -3.927572, 0.0 ], [ -38.479886, -3.92744, 0.0 ], [ -38.480166, -3.927313, 0.0 ], [ -38.480429, -3.927176, 0.0 ], [ -38.480948, -3.92689, 0.0 ], [ -38.481444, -3.926432, 0.0 ], [ -38.481609, -3.925956, 0.0 ], [ -38.481638, -3.925612, 0.0 ], [ -38.481834, -3.925566, 0.0 ], [ -38.482495, -3.925061, 0.0 ], [ -38.483415, -3.924869, 0.0 ], [ -38.484001, -3.924607, 0.0 ], [ -38.484121, -3.924471, 0.0 ], [ -38.484192, -3.924216, 0.0 ], [ -38.484354, -3.924113, 0.0 ], [ -38.484532, -3.924102, 0.0 ], [ -38.484812, -3.924208, 0.0 ], [ -38.485071, -3.92415, 0.0 ], [ -38.485183, -3.923664, 0.0 ], [ -38.485339, -3.923511, 0.0 ], [ -38.485493, -3.923457, 0.0 ], [ -38.485753, -3.923483, 0.0 ], [ -38.485829, -3.923438, 0.0 ], [ -38.485914, -3.923429, 0.0 ], [ -38.485948, -3.923432, 0.0 ], [ -38.48596, -3.923433, 0.0 ], [ -38.485975, -3.923436, 0.0 ], [ -38.486288, -3.92347, 0.0 ], [ -38.486524, -3.923619, 0.0 ], [ -38.486931, -3.924476, 0.0 ], [ -38.487393, -3.925129, 0.0 ], [ -38.489184, -3.928329, 0.0 ], [ -38.489378, -3.928736, 0.0 ], [ -38.489656, -3.929592, 0.0 ], [ -38.490193, -3.930812, 0.0 ], [ -38.490408, -3.931198, 0.0 ], [ -38.491888, -3.932803, 0.0 ], [ -38.492231, -3.93306, 0.0 ], [ -38.492618, -3.933253, 0.0 ], [ -38.492961, -3.933531, 0.0 ], [ -38.493218, -3.933873, 0.0 ], [ -38.493519, -3.934173, 0.0 ], [ -38.493862, -3.934409, 0.0 ], [ -38.4941, -3.934416, 0.0 ], [ -38.494492, -3.934241, 0.0 ], [ -38.49473, -3.934232, 0.0 ], [ -38.495027, -3.934633, 0.0 ], [ -38.494839, -3.934768, 0.0 ], [ -38.494772, -3.934968, 0.0 ], [ -38.494602, -3.935016, 0.0 ], [ -38.49464, -3.935168, 0.0 ], [ -38.494938, -3.935368, 0.0 ], [ -38.495447, -3.935475, 0.0 ], [ -38.495546, -3.935517, 0.0 ], [ -38.496024, -3.935587, 0.0 ], [ -38.496304, -3.935317, 0.0 ], [ -38.496751, -3.935293, 0.0 ], [ -38.497016, -3.935329, 0.0 ], [ -38.497424, -3.93535, 0.0 ], [ -38.49781, -3.9355, 0.0 ], [ -38.497689, -3.936586, 0.0 ], [ -38.497925, -3.936781, 0.0 ], [ -38.499419, -3.937045, 0.0 ], [ -38.499999, -3.937256, 0.0 ], [ -38.500557, -3.937727, 0.0 ], [ -38.501207, -3.937737, 0.0 ], [ -38.501379, -3.937854, 0.0 ], [ -38.501441, -3.937934, 0.0 ], [ -38.501562, -3.937992, 0.0 ], [ -38.501849, -3.938052, 0.0 ], [ -38.502096, -3.937917, 0.0 ], [ -38.50243, -3.937756, 0.0 ], [ -38.502614, -3.937733, 0.0 ], [ -38.50283, -3.937669, 0.0 ], [ -38.502972, -3.937547, 0.0 ], [ -38.503009, -3.937428, 0.0 ], [ -38.502983, -3.937331, 0.0 ], [ -38.503061, -3.937261, 0.0 ], [ -38.503161, -3.937267, 0.0 ], [ -38.503658, -3.937513, 0.0 ], [ -38.504076, -3.937491, 0.0 ], [ -38.504505, -3.937384, 0.0 ], [ -38.50472, -3.937395, 0.0 ], [ -38.505342, -3.937598, 0.0 ], [ -38.505771, -3.937588, 0.0 ], [ -38.505975, -3.937491, 0.0 ], [ -38.506587, -3.93732, 0.0 ], [ -38.508217, -3.936956, 0.0 ], [ -38.508495, -3.93683, 0.0 ], [ -38.508632, -3.936814, 0.0 ], [ -38.508837, -3.936756, 0.0 ], [ -38.509083, -3.940366, 0.0 ], [ -38.509217, -3.942435, 0.0 ], [ -38.509234, -3.942633, 0.0 ], [ -38.509276, -3.942987, 0.0 ], [ -38.509326, -3.943282, 0.0 ], [ -38.509431, -3.94369, 0.0 ], [ -38.509478, -3.943846, 0.0 ], [ -38.509599, -3.944174, 0.0 ], [ -38.509703, -3.944411, 0.0 ], [ -38.509862, -3.944719, 0.0 ], [ -38.510874, -3.946465, 0.0 ], [ -38.511498, -3.947564, 0.0 ], [ -38.511572, -3.947704, 0.0 ], [ -38.511739, -3.948057, 0.0 ], [ -38.511847, -3.94833, 0.0 ], [ -38.511994, -3.948772, 0.0 ], [ -38.512052, -3.94898, 0.0 ], [ -38.512132, -3.949346, 0.0 ], [ -38.512188, -3.949695, 0.0 ], [ -38.512223, -3.949985, 0.0 ], [ -38.512319, -3.951079, 0.0 ], [ -38.512396, -3.952481, 0.0 ], [ -38.51272, -3.95582, 0.0 ], [ -38.512822, -3.957049, 0.0 ], [ -38.51285, -3.957268, 0.0 ], [ -38.512894, -3.957499, 0.0 ], [ -38.51294, -3.957668, 0.0 ], [ -38.512998, -3.957853, 0.0 ], [ -38.513053, -3.957999, 0.0 ], [ -38.513088, -3.958078, 0.0 ], [ -38.513138, -3.958181, 0.0 ], [ -38.51326, -3.958405, 0.0 ], [ -38.513391, -3.958599, 0.0 ], [ -38.513577, -3.95885, 0.0 ], [ -38.514032, -3.959407, 0.0 ], [ -38.514231, -3.959671, 0.0 ], [ -38.514482, -3.960028, 0.0 ], [ -38.51463, -3.960286, 0.0 ], [ -38.514768, -3.960546, 0.0 ], [ -38.514953, -3.960938, 0.0 ], [ -38.515102, -3.961318, 0.0 ], [ -38.515234, -3.961748, 0.0 ], [ -38.515276, -3.961916, 0.0 ], [ -38.515364, -3.962336, 0.0 ], [ -38.5154, -3.962545, 0.0 ], [ -38.515423, -3.962766, 0.0 ], [ -38.515437, -3.962964, 0.0 ], [ -38.515442, -3.963008, 0.0 ], [ -38.515454, -3.963358, 0.0 ], [ -38.515445, -3.963739, 0.0 ], [ -38.515288, -3.965367, 0.0 ], [ -38.515164, -3.966652, 0.0 ], [ -38.51514, -3.966858, 0.0 ], [ -38.515066, -3.967586, 0.0 ], [ -38.514981, -3.968441, 0.0 ], [ -38.514884, -3.969433, 0.0 ], [ -38.514818, -3.970082, 0.0 ], [ -38.51479, -3.970362, 0.0 ], [ -38.514728, -3.970999, 0.0 ], [ -38.514696, -3.971322, 0.0 ], [ -38.514613, -3.972134, 0.0 ], [ -38.514585, -3.972436, 0.0 ], [ -38.514563, -3.972664, 0.0 ], [ -38.514506, -3.973249, 0.0 ], [ -38.514391, -3.974395, 0.0 ], [ -38.514239, -3.975899, 0.0 ], [ -38.514183, -3.976494, 0.0 ], [ -38.514065, -3.977932, 0.0 ], [ -38.51404, -3.978709, 0.0 ], [ -38.514058, -3.979392, 0.0 ], [ -38.514067, -3.979547, 0.0 ], [ -38.51415, -3.980318, 0.0 ], [ -38.514256, -3.980947, 0.0 ], [ -38.515188, -3.985104, 0.0 ], [ -38.516028, -3.989354, 0.0 ], [ -38.516111, -3.990418, 0.0 ], [ -38.5161, -3.99163, 0.0 ], [ -38.516157, -3.996396, 0.0 ], [ -38.517351, -4.007026, 0.0 ], [ -38.517589, -4.009175, 0.0 ], [ -38.517975, -4.012681, 0.0 ], [ -38.518504, -4.017368, 0.0 ], [ -38.518574, -4.017994, 0.0 ], [ -38.518898, -4.017975, 0.0 ], [ -38.5192, -4.018023, 0.0 ], [ -38.519609, -4.018227, 0.0 ], [ -38.519914, -4.018526, 0.0 ], [ -38.520247, -4.018863, 0.0 ], [ -38.520478, -4.019064, 0.0 ], [ -38.520692, -4.019072, 0.0 ], [ -38.520864, -4.019013, 0.0 ], [ -38.52102, -4.019053, 0.0 ], [ -38.521108, -4.019146, 0.0 ], [ -38.521345, -4.019194, 0.0 ], [ -38.521655, -4.019289, 0.0 ], [ -38.521754, -4.01937, 0.0 ], [ -38.521765, -4.019495, 0.0 ], [ -38.521726, -4.019594, 0.0 ], [ -38.52173, -4.019738, 0.0 ], [ -38.521816, -4.019809, 0.0 ], [ -38.521929, -4.019883, 0.0 ], [ -38.522096, -4.019956, 0.0 ], [ -38.522172, -4.020009, 0.0 ], [ -38.522176, -4.020138, 0.0 ], [ -38.522226, -4.020206, 0.0 ], [ -38.522429, -4.020255, 0.0 ], [ -38.522642, -4.020198, 0.0 ], [ -38.523114, -4.019995, 0.0 ], [ -38.523501, -4.019931, 0.0 ], [ -38.524022, -4.020111, 0.0 ], [ -38.524214, -4.02061, 0.0 ], [ -38.524241, -4.02131, 0.0 ], [ -38.524724, -4.021659, 0.0 ], [ -38.525452, -4.022177, 0.0 ], [ -38.526875, -4.022671, 0.0 ], [ -38.52718, -4.022888, 0.0 ], [ -38.527256, -4.023297, 0.0 ], [ -38.527104, -4.02367, 0.0 ], [ -38.526789, -4.024025, 0.0 ], [ -38.526171, -4.024713, 0.0 ], [ -38.525941, -4.025373, 0.0 ], [ -38.525904, -4.02586, 0.0 ], [ -38.526054, -4.026417, 0.0 ], [ -38.526436, -4.026838, 0.0 ], [ -38.52601, -4.029235, 0.0 ], [ -38.526589, -4.03114, 0.0 ], [ -38.529272, -4.034094, 0.0 ], [ -38.530522, -4.034848, 0.0 ], [ -38.531123, -4.035551, 0.0 ], [ -38.531383, -4.036502, 0.0 ], [ -38.531972, -4.037298, 0.0 ], [ -38.535851, -4.041351, 0.0 ] ] ] } },
{ "type": "Feature", "properties": { "Name": "Guaiúba - AIS 24", "Description": "descrição: <br>@id: relation/302489<br>IBGE:GEOCODIGO: 2304954<br>admin_level: 8<br>boundary: administrative<br>name: Guaiúba<br>place: municipality<br>population: 24325<br>population:date: 2023-08-31<br>source: IBGE<br>source:population: IBGE, DOU de 31/08/2023<br>type: boundary<br>wikidata: Q2028404<br>wikipedia: pt:Guaiúba (Ceará)<br>@relations: " }, "geometry": { "type": "Polygon", "coordinates": [ [ [ -38.570391, -4.128248, 0.0 ], [ -38.566448, -4.122272, 0.0 ], [ -38.566718, -4.120276, 0.0 ], [ -38.566987, -4.119318, 0.0 ], [ -38.567179, -4.118635, 0.0 ], [ -38.568366, -4.116668, 0.0 ], [ -38.570586, -4.115627, 0.0 ], [ -38.571376, -4.114634, 0.0 ], [ -38.572117, -4.113692, 0.0 ], [ -38.573055, -4.112054, 0.0 ], [ -38.573895, -4.110665, 0.0 ], [ -38.573945, -4.109448, 0.0 ], [ -38.575394, -4.106558, 0.0 ], [ -38.576288, -4.10573, 0.0 ], [ -38.577731, -4.105522, 0.0 ], [ -38.581012, -4.106228, 0.0 ], [ -38.583953, -4.106528, 0.0 ], [ -38.585774, -4.106608, 0.0 ], [ -38.586728, -4.106034, 0.0 ], [ -38.589188, -4.105652, 0.0 ], [ -38.591247, -4.10573, 0.0 ], [ -38.593955, -4.106459, 0.0 ], [ -38.597634, -4.105987, 0.0 ], [ -38.598916, -4.104731, 0.0 ], [ -38.600108, -4.104462, 0.0 ], [ -38.601151, -4.104493, 0.0 ], [ -38.602492, -4.104643, 0.0 ], [ -38.604281, -4.103088, 0.0 ], [ -38.605682, -4.101862, 0.0 ], [ -38.607304, -4.10182, 0.0 ], [ -38.607798, -4.10192, 0.0 ], [ -38.608685, -4.102118, 0.0 ], [ -38.611464, -4.103769, 0.0 ], [ -38.612847, -4.104041, 0.0 ], [ -38.612, -4.1, 0.0 ], [ -38.604581, -4.058758, 0.0 ], [ -38.574727, -4.054157, 0.0 ], [ -38.583449, -4.041873, 0.0 ], [ -38.583436, -4.041832, 0.0 ], [ -38.583433, -4.04182, 0.0 ], [ -38.583432, -4.04181, 0.0 ], [ -38.583436, -4.041797, 0.0 ], [ -38.58349, -4.041722, 0.0 ], [ -38.583563, -4.041648, 0.0 ], [ -38.583648, -4.041562, 0.0 ], [ -38.583683, -4.041534, 0.0 ], [ -38.583709, -4.041524, 0.0 ], [ -38.583755, -4.041515, 0.0 ], [ -38.583797, -4.041508, 0.0 ], [ -38.583921, -4.041415, 0.0 ], [ -38.584068, -4.04133, 0.0 ], [ -38.584148, -4.041292, 0.0 ], [ -38.584332, -4.041235, 0.0 ], [ -38.584658, -4.041082, 0.0 ], [ -38.584796, -4.041007, 0.0 ], [ -38.584852, -4.040972, 0.0 ], [ -38.584928, -4.040901, 0.0 ], [ -38.584954, -4.040864, 0.0 ], [ -38.584958, -4.040857, 0.0 ], [ -38.584974, -4.040825, 0.0 ], [ -38.584996, -4.040776, 0.0 ], [ -38.585008, -4.040737, 0.0 ], [ -38.585025, -4.040691, 0.0 ], [ -38.585044, -4.040639, 0.0 ], [ -38.58507, -4.04052, 0.0 ], [ -38.585075, -4.040441, 0.0 ], [ -38.58507, -4.040367, 0.0 ], [ -38.585059, -4.04028, 0.0 ], [ -38.585051, -4.040233, 0.0 ], [ -38.585053, -4.040156, 0.0 ], [ -38.585059, -4.040101, 0.0 ], [ -38.585066, -4.040066, 0.0 ], [ -38.585078, -4.040034, 0.0 ], [ -38.585134, -4.039956, 0.0 ], [ -38.585332, -4.039706, 0.0 ], [ -38.585495, -4.039524, 0.0 ], [ -38.58572, -4.039248, 0.0 ], [ -38.585877, -4.039073, 0.0 ], [ -38.585995, -4.038944, 0.0 ], [ -38.586167, -4.038721, 0.0 ], [ -38.586357, -4.038496, 0.0 ], [ -38.58653, -4.038298, 0.0 ], [ -38.586631, -4.038188, 0.0 ], [ -38.586696, -4.038127, 0.0 ], [ -38.58683, -4.037964, 0.0 ], [ -38.587027, -4.037736, 0.0 ], [ -38.587197, -4.037548, 0.0 ], [ -38.587256, -4.037482, 0.0 ], [ -38.587336, -4.037389, 0.0 ], [ -38.587404, -4.037303, 0.0 ], [ -38.58749, -4.037212, 0.0 ], [ -38.587578, -4.037116, 0.0 ], [ -38.587664, -4.03703, 0.0 ], [ -38.587858, -4.036798, 0.0 ], [ -38.588073, -4.036555, 0.0 ], [ -38.588319, -4.036239, 0.0 ], [ -38.588456, -4.036056, 0.0 ], [ -38.588663, -4.035826, 0.0 ], [ -38.588741, -4.035736, 0.0 ], [ -38.588759, -4.035702, 0.0 ], [ -38.588806, -4.035638, 0.0 ], [ -38.588876, -4.035551, 0.0 ], [ -38.588914, -4.03551, 0.0 ], [ -38.588932, -4.035489, 0.0 ], [ -38.588966, -4.035439, 0.0 ], [ -38.589084, -4.035303, 0.0 ], [ -38.589228, -4.035115, 0.0 ], [ -38.589295, -4.035032, 0.0 ], [ -38.589358, -4.034975, 0.0 ], [ -38.589499, -4.034811, 0.0 ], [ -38.589662, -4.034611, 0.0 ], [ -38.59, -4.034194, 0.0 ], [ -38.590098, -4.034027, 0.0 ], [ -38.590206, -4.033838, 0.0 ], [ -38.590296, -4.033741, 0.0 ], [ -38.591048, -4.032782, 0.0 ], [ -38.591629, -4.03207, 0.0 ], [ -38.591774, -4.031891, 0.0 ], [ -38.591866, -4.031759, 0.0 ], [ -38.592026, -4.031517, 0.0 ], [ -38.592151, -4.031374, 0.0 ], [ -38.592303, -4.031206, 0.0 ], [ -38.592492, -4.03101, 0.0 ], [ -38.592813, -4.030598, 0.0 ], [ -38.593167, -4.030117, 0.0 ], [ -38.593264, -4.029992, 0.0 ], [ -38.593414, -4.029824, 0.0 ], [ -38.5935, -4.029705, 0.0 ], [ -38.593605, -4.02958, 0.0 ], [ -38.593719, -4.02943, 0.0 ], [ -38.593847, -4.029206, 0.0 ], [ -38.593982, -4.028967, 0.0 ], [ -38.594026, -4.02885, 0.0 ], [ -38.594098, -4.028654, 0.0 ], [ -38.594148, -4.028542, 0.0 ], [ -38.594195, -4.028477, 0.0 ], [ -38.594257, -4.028421, 0.0 ], [ -38.594336, -4.028383, 0.0 ], [ -38.5945, -4.028316, 0.0 ], [ -38.594603, -4.028264, 0.0 ], [ -38.594695, -4.02819, 0.0 ], [ -38.594793, -4.028083, 0.0 ], [ -38.595226, -4.027551, 0.0 ], [ -38.595621, -4.027058, 0.0 ], [ -38.595951, -4.02672, 0.0 ], [ -38.596269, -4.026427, 0.0 ], [ -38.596476, -4.026271, 0.0 ], [ -38.596561, -4.026217, 0.0 ], [ -38.596642, -4.026157, 0.0 ], [ -38.596718, -4.026083, 0.0 ], [ -38.596808, -4.025971, 0.0 ], [ -38.596924, -4.025816, 0.0 ], [ -38.596977, -4.025725, 0.0 ], [ -38.597013, -4.025652, 0.0 ], [ -38.59705, -4.025584, 0.0 ], [ -38.597105, -4.025516, 0.0 ], [ -38.59718, -4.025447, 0.0 ], [ -38.597277, -4.025375, 0.0 ], [ -38.597362, -4.025316, 0.0 ], [ -38.597417, -4.025286, 0.0 ], [ -38.597472, -4.025267, 0.0 ], [ -38.597671, -4.025228, 0.0 ], [ -38.597866, -4.025178, 0.0 ], [ -38.597971, -4.025162, 0.0 ], [ -38.59813, -4.025136, 0.0 ], [ -38.598178, -4.025122, 0.0 ], [ -38.598231, -4.025096, 0.0 ], [ -38.598433, -4.024979, 0.0 ], [ -38.598528, -4.024929, 0.0 ], [ -38.598546, -4.024919, 0.0 ], [ -38.598591, -4.024893, 0.0 ], [ -38.598604, -4.024887, 0.0 ], [ -38.598618, -4.024881, 0.0 ], [ -38.598645, -4.024881, 0.0 ], [ -38.598674, -4.024877, 0.0 ], [ -38.598726, -4.024852, 0.0 ], [ -38.598894, -4.024742, 0.0 ], [ -38.59908, -4.024612, 0.0 ], [ -38.599165, -4.024543, 0.0 ], [ -38.599265, -4.024439, 0.0 ], [ -38.599377, -4.024301, 0.0 ], [ -38.599466, -4.024181, 0.0 ], [ -38.59948, -4.024163, 0.0 ], [ -38.59952, -4.024088, 0.0 ], [ -38.599542, -4.024025, 0.0 ], [ -38.599562, -4.023943, 0.0 ], [ -38.599575, -4.023763, 0.0 ], [ -38.59957, -4.02359, 0.0 ], [ -38.599568, -4.023499, 0.0 ], [ -38.599575, -4.023401, 0.0 ], [ -38.599598, -4.023319, 0.0 ], [ -38.599646, -4.023237, 0.0 ], [ -38.599702, -4.023164, 0.0 ], [ -38.599764, -4.0231, 0.0 ], [ -38.59981, -4.023056, 0.0 ], [ -38.599826, -4.02303, 0.0 ], [ -38.599837, -4.023001, 0.0 ], [ -38.599847, -4.022949, 0.0 ], [ -38.599864, -4.022754, 0.0 ], [ -38.599869, -4.022586, 0.0 ], [ -38.599877, -4.022542, 0.0 ], [ -38.599884, -4.022506, 0.0 ], [ -38.5999, -4.022466, 0.0 ], [ -38.600039, -4.022193, 0.0 ], [ -38.600079, -4.022101, 0.0 ], [ -38.600116, -4.022004, 0.0 ], [ -38.600172, -4.021829, 0.0 ], [ -38.600194, -4.021746, 0.0 ], [ -38.600216, -4.021642, 0.0 ], [ -38.60025, -4.021497, 0.0 ], [ -38.600285, -4.021396, 0.0 ], [ -38.600324, -4.021316, 0.0 ], [ -38.600383, -4.021228, 0.0 ], [ -38.600442, -4.021152, 0.0 ], [ -38.600672, -4.02086, 0.0 ], [ -38.600754, -4.020766, 0.0 ], [ -38.600833, -4.020684, 0.0 ], [ -38.600894, -4.020619, 0.0 ], [ -38.600994, -4.020504, 0.0 ], [ -38.6011, -4.020356, 0.0 ], [ -38.601211, -4.020216, 0.0 ], [ -38.601291, -4.02012, 0.0 ], [ -38.60135, -4.020067, 0.0 ], [ -38.60136, -4.020054, 0.0 ], [ -38.601374, -4.020036, 0.0 ], [ -38.601453, -4.01993, 0.0 ], [ -38.601659, -4.019678, 0.0 ], [ -38.60356, -4.017339, 0.0 ], [ -38.604698, -4.015983, 0.0 ], [ -38.605089, -4.015517, 0.0 ], [ -38.605705, -4.014784, 0.0 ], [ -38.605734, -4.014741, 0.0 ], [ -38.605757, -4.014694, 0.0 ], [ -38.605768, -4.014665, 0.0 ], [ -38.605773, -4.014632, 0.0 ], [ -38.605768, -4.014569, 0.0 ], [ -38.605752, -4.014506, 0.0 ], [ -38.605378, -4.013417, 0.0 ], [ -38.605151, -4.012832, 0.0 ], [ -38.605066, -4.012632, 0.0 ], [ -38.605016, -4.012461, 0.0 ], [ -38.604994, -4.012312, 0.0 ], [ -38.604975, -4.012118, 0.0 ], [ -38.60497, -4.011951, 0.0 ], [ -38.604996, -4.011773, 0.0 ], [ -38.605045, -4.011562, 0.0 ], [ -38.605105, -4.011388, 0.0 ], [ -38.605168, -4.011246, 0.0 ], [ -38.605233, -4.011143, 0.0 ], [ -38.605327, -4.011026, 0.0 ], [ -38.60546, -4.010913, 0.0 ], [ -38.605606, -4.010815, 0.0 ], [ -38.605775, -4.010725, 0.0 ], [ -38.606186, -4.010532, 0.0 ], [ -38.606999, -4.010123, 0.0 ], [ -38.609774, -4.014188, 0.0 ], [ -38.610708, -4.014721, 0.0 ], [ -38.611218, -4.014876, 0.0 ], [ -38.611542, -4.014999, 0.0 ], [ -38.611934, -4.014995, 0.0 ], [ -38.612389, -4.01499, 0.0 ], [ -38.612713, -4.01499, 0.0 ], [ -38.613191, -4.015022, 0.0 ], [ -38.613733, -4.0152, 0.0 ], [ -38.613911, -4.015304, 0.0 ], [ -38.614239, -4.015491, 0.0 ], [ -38.614522, -4.015751, 0.0 ], [ -38.614763, -4.01591, 0.0 ], [ -38.615137, -4.016042, 0.0 ], [ -38.615551, -4.016125, 0.0 ], [ -38.615838, -4.016179, 0.0 ], [ -38.616125, -4.016111, 0.0 ], [ -38.617875, -4.016, 0.0 ], [ -38.618068, -4.016, 0.0 ], [ -38.618287, -4.015888, 0.0 ], [ -38.618576, -4.015785, 0.0 ], [ -38.61879, -4.015762, 0.0 ], [ -38.618941, -4.015771, 0.0 ], [ -38.619059, -4.015831, 0.0 ], [ -38.61926, -4.015897, 0.0 ], [ -38.619442, -4.015906, 0.0 ], [ -38.619645, -4.015901, 0.0 ], [ -38.619788, -4.015854, 0.0 ], [ -38.619909, -4.015728, 0.0 ], [ -38.620009, -4.01558, 0.0 ], [ -38.620117, -4.015366, 0.0 ], [ -38.620272, -4.015252, 0.0 ], [ -38.620439, -4.015188, 0.0 ], [ -38.620611, -4.015209, 0.0 ], [ -38.620935, -4.014888, 0.0 ], [ -38.621018, -4.014881, 0.0 ], [ -38.621777, -4.014943, 0.0 ], [ -38.622308, -4.015046, 0.0 ], [ -38.622721, -4.015053, 0.0 ], [ -38.624733, -4.014476, 0.0 ], [ -38.62538, -4.016349, 0.0 ], [ -38.625746, -4.017856, 0.0 ], [ -38.6277, -4.023316, 0.0 ], [ -38.635771, -4.023586, 0.0 ], [ -38.649448, -4.00605, 0.0 ], [ -38.649871, -4.006602, 0.0 ], [ -38.650176, -4.007196, 0.0 ], [ -38.650559, -4.007591, 0.0 ], [ -38.651036, -4.008261, 0.0 ], [ -38.651572, -4.009004, 0.0 ], [ -38.652227, -4.009866, 0.0 ], [ -38.653013, -4.011075, 0.0 ], [ -38.65356, -4.011853, 0.0 ], [ -38.654275, -4.012679, 0.0 ], [ -38.654792, -4.013121, 0.0 ], [ -38.655474, -4.013521, 0.0 ], [ -38.667714, -4.018433, 0.0 ], [ -38.668351, -4.018694, 0.0 ], [ -38.66907, -4.020237, 0.0 ], [ -38.668492, -4.022198, 0.0 ], [ -38.667988, -4.02346, 0.0 ], [ -38.67072, -4.025283, 0.0 ], [ -38.673453, -4.027388, 0.0 ], [ -38.674315, -4.028507, 0.0 ], [ -38.674171, -4.029909, 0.0 ], [ -38.674385, -4.03134, 0.0 ], [ -38.67461, -4.031645, 0.0 ], [ -38.67461, -4.032588, 0.0 ], [ -38.674506, -4.033152, 0.0 ], [ -38.674302, -4.033638, 0.0 ], [ -38.673851, -4.034227, 0.0 ], [ -38.67244, -4.035816, 0.0 ], [ -38.671861, -4.036887, 0.0 ], [ -38.671747, -4.038167, 0.0 ], [ -38.671834, -4.038667, 0.0 ], [ -38.672052, -4.039153, 0.0 ], [ -38.67261, -4.039651, 0.0 ], [ -38.676309, -4.041257, 0.0 ], [ -38.678981, -4.043127, 0.0 ], [ -38.680302, -4.043817, 0.0 ], [ -38.681527, -4.04473, 0.0 ], [ -38.683275, -4.04657, 0.0 ], [ -38.685852, -4.04839, 0.0 ], [ -38.688776, -4.049544, 0.0 ], [ -38.689274, -4.049403, 0.0 ], [ -38.690164, -4.049901, 0.0 ], [ -38.69155, -4.050424, 0.0 ], [ -38.692215, -4.050551, 0.0 ], [ -38.69444, -4.050373, 0.0 ], [ -38.694996, -4.050445, 0.0 ], [ -38.696966, -4.051291, 0.0 ], [ -38.69825, -4.051403, 0.0 ], [ -38.699601, -4.052128, 0.0 ], [ -38.699971, -4.052464, 0.0 ], [ -38.700125, -4.052775, 0.0 ], [ -38.700606, -4.054502, 0.0 ], [ -38.701186, -4.055184, 0.0 ], [ -38.701854, -4.055618, 0.0 ], [ -38.702553, -4.055658, 0.0 ], [ -38.703492, -4.056137, 0.0 ], [ -38.70466, -4.057248, 0.0 ], [ -38.705698, -4.058643, 0.0 ], [ -38.706263, -4.059231, 0.0 ], [ -38.707462, -4.059974, 0.0 ], [ -38.708247, -4.060818, 0.0 ], [ -38.709719, -4.062094, 0.0 ], [ -38.712738, -4.063512, 0.0 ], [ -38.718762, -4.067684, 0.0 ], [ -38.720603, -4.068175, 0.0 ], [ -38.722733, -4.068174, 0.0 ], [ -38.722732, -4.069762, 0.0 ], [ -38.722259, -4.071032, 0.0 ], [ -38.722811, -4.072064, 0.0 ], [ -38.725218, -4.072895, 0.0 ], [ -38.726324, -4.073692, 0.0 ], [ -38.726797, -4.073612, 0.0 ], [ -38.726955, -4.073136, 0.0 ], [ -38.727981, -4.072898, 0.0 ], [ -38.730032, -4.073295, 0.0 ], [ -38.731059, -4.073059, 0.0 ], [ -38.73189, -4.072145, 0.0 ], [ -38.733074, -4.071273, 0.0 ], [ -38.733628, -4.071035, 0.0 ], [ -38.73402, -4.071274, 0.0 ], [ -38.735284, -4.071672, 0.0 ], [ -38.736457, -4.071858, 0.0 ], [ -38.740888, -4.07191, 0.0 ], [ -38.743928, -4.071635, 0.0 ], [ -38.744876, -4.071793, 0.0 ], [ -38.745666, -4.072508, 0.0 ], [ -38.74606, -4.073697, 0.0 ], [ -38.746139, -4.074331, 0.0 ], [ -38.74598, -4.075203, 0.0 ], [ -38.745664, -4.076156, 0.0 ], [ -38.745388, -4.07786, 0.0 ], [ -38.748504, -4.092969, 0.0 ], [ -38.755011, -4.128279, 0.0 ], [ -38.769075, -4.128302, 0.0 ], [ -38.772923, -4.131978, 0.0 ], [ -38.773138, -4.131985, 0.0 ], [ -38.773538, -4.131997, 0.0 ], [ -38.774112, -4.131654, 0.0 ], [ -38.774994, -4.131248, 0.0 ], [ -38.775781, -4.130338, 0.0 ], [ -38.77671, -4.129836, 0.0 ], [ -38.777402, -4.129956, 0.0 ], [ -38.778403, -4.130303, 0.0 ], [ -38.779803, -4.130393, 0.0 ], [ -38.781085, -4.130394, 0.0 ], [ -38.7818, -4.130514, 0.0 ], [ -38.783349, -4.133147, 0.0 ], [ -38.784421, -4.134942, 0.0 ], [ -38.785825, -4.13536, 0.0 ], [ -38.787572, -4.135522, 0.0 ], [ -38.788153, -4.135116, 0.0 ], [ -38.788737, -4.13455, 0.0 ], [ -38.789569, -4.134467, 0.0 ], [ -38.790651, -4.135118, 0.0 ], [ -38.791108, -4.136414, 0.0 ], [ -38.791214, -4.138325, 0.0 ], [ -38.790526, -4.140662, 0.0 ], [ -38.788821, -4.142167, 0.0 ], [ -38.775616, -4.162473, 0.0 ], [ -38.756723, -4.157229, 0.0 ], [ -38.74923, -4.158869, 0.0 ], [ -38.719182, -4.168317, 0.0 ], [ -38.71518, -4.173101, 0.0 ], [ -38.717518, -4.187175, 0.0 ], [ -38.717117, -4.187845, 0.0 ], [ -38.716831, -4.188324, 0.0 ], [ -38.716487, -4.188822, 0.0 ], [ -38.716182, -4.188994, 0.0 ], [ -38.715762, -4.188994, 0.0 ], [ -38.715266, -4.188652, 0.0 ], [ -38.714437, -4.188211, 0.0 ], [ -38.71389, -4.187997, 0.0 ], [ -38.713503, -4.188006, 0.0 ], [ -38.712904, -4.188116, 0.0 ], [ -38.712607, -4.188045, 0.0 ], [ -38.712429, -4.187867, 0.0 ], [ -38.71244, -4.187417, 0.0 ], [ -38.712635, -4.186904, 0.0 ], [ -38.712833, -4.186492, 0.0 ], [ -38.712666, -4.185876, 0.0 ], [ -38.712357, -4.185627, 0.0 ], [ -38.711728, -4.185461, 0.0 ], [ -38.711252, -4.185615, 0.0 ], [ -38.710836, -4.1859, 0.0 ], [ -38.710373, -4.186208, 0.0 ], [ -38.709636, -4.18616, 0.0 ], [ -38.70903, -4.186101, 0.0 ], [ -38.70827, -4.185706, 0.0 ], [ -38.707511, -4.185088, 0.0 ], [ -38.70657, -4.184679, 0.0 ], [ -38.706094, -4.184311, 0.0 ], [ -38.705631, -4.183731, 0.0 ], [ -38.705465, -4.182901, 0.0 ], [ -38.705013, -4.182095, 0.0 ], [ -38.704704, -4.181325, 0.0 ], [ -38.704318, -4.180608, 0.0 ], [ -38.703708, -4.180133, 0.0 ], [ -38.70323, -4.180009, 0.0 ], [ -38.702708, -4.179748, 0.0 ], [ -38.702196, -4.179393, 0.0 ], [ -38.701686, -4.178847, 0.0 ], [ -38.701246, -4.178444, 0.0 ], [ -38.700687, -4.177994, 0.0 ], [ -38.700141, -4.177745, 0.0 ], [ -38.699832, -4.177532, 0.0 ], [ -38.699487, -4.176987, 0.0 ], [ -38.699392, -4.176347, 0.0 ], [ -38.699237, -4.175647, 0.0 ], [ -38.698984, -4.175437, 0.0 ], [ -38.698667, -4.175256, 0.0 ], [ -38.698394, -4.174972, 0.0 ], [ -38.698061, -4.174592, 0.0 ], [ -38.697764, -4.17413, 0.0 ], [ -38.697609, -4.173644, 0.0 ], [ -38.697479, -4.173229, 0.0 ], [ -38.697277, -4.172732, 0.0 ], [ -38.697288, -4.172435, 0.0 ], [ -38.697384, -4.172056, 0.0 ], [ -38.697407, -4.171665, 0.0 ], [ -38.696861, -4.171357, 0.0 ], [ -38.696611, -4.171226, 0.0 ], [ -38.696278, -4.171203, 0.0 ], [ -38.696017, -4.171214, 0.0 ], [ -38.695732, -4.171179, 0.0 ], [ -38.695506, -4.170954, 0.0 ], [ -38.695256, -4.170705, 0.0 ], [ -38.694769, -4.170219, 0.0 ], [ -38.69452, -4.170065, 0.0 ], [ -38.694199, -4.169946, 0.0 ], [ -38.693771, -4.169887, 0.0 ], [ -38.693486, -4.169757, 0.0 ], [ -38.69339, -4.169567, 0.0 ], [ -38.693212, -4.169484, 0.0 ], [ -38.692915, -4.16965, 0.0 ], [ -38.692756, -4.169739, 0.0 ], [ -38.692594, -4.169768, 0.0 ], [ -38.692194, -4.169873, 0.0 ], [ -38.691682, -4.169839, 0.0 ], [ -38.690964, -4.1697, 0.0 ], [ -38.690554, -4.169585, 0.0 ], [ -38.689848, -4.169327, 0.0 ], [ -38.689162, -4.168905, 0.0 ], [ -38.688819, -4.168455, 0.0 ], [ -38.688647, -4.168005, 0.0 ], [ -38.688523, -4.167871, 0.0 ], [ -38.688199, -4.167794, 0.0 ], [ -38.688104, -4.167813, 0.0 ], [ -38.687713, -4.167937, 0.0 ], [ -38.687408, -4.167688, 0.0 ], [ -38.686864, -4.167554, 0.0 ], [ -38.686578, -4.167698, 0.0 ], [ -38.686425, -4.167975, 0.0 ], [ -38.686349, -4.168339, 0.0 ], [ -38.68633, -4.168779, 0.0 ], [ -38.686177, -4.169287, 0.0 ], [ -38.686015, -4.169526, 0.0 ], [ -38.685585, -4.169679, 0.0 ], [ -38.68507, -4.169803, 0.0 ], [ -38.684498, -4.169698, 0.0 ], [ -38.684136, -4.169295, 0.0 ], [ -38.683631, -4.169037, 0.0 ], [ -38.683316, -4.168625, 0.0 ], [ -38.683097, -4.16828, 0.0 ], [ -38.682906, -4.168098, 0.0 ], [ -38.68263, -4.167926, 0.0 ], [ -38.682287, -4.168021, 0.0 ], [ -38.681943, -4.168165, 0.0 ], [ -38.681934, -4.16828, 0.0 ], [ -38.681829, -4.168567, 0.0 ], [ -38.681609, -4.168605, 0.0 ], [ -38.681104, -4.1685, 0.0 ], [ -38.680847, -4.168394, 0.0 ], [ -38.679912, -4.167858, 0.0 ], [ -38.679502, -4.167723, 0.0 ], [ -38.678968, -4.167637, 0.0 ], [ -38.678577, -4.167398, 0.0 ], [ -38.678263, -4.167359, 0.0 ], [ -38.678072, -4.167416, 0.0 ], [ -38.677767, -4.167426, 0.0 ], [ -38.677529, -4.167244, 0.0 ], [ -38.677233, -4.167014, 0.0 ], [ -38.677147, -4.166765, 0.0 ], [ -38.677157, -4.166593, 0.0 ], [ -38.677243, -4.166411, 0.0 ], [ -38.677529, -4.166306, 0.0 ], [ -38.677644, -4.166009, 0.0 ], [ -38.677482, -4.165549, 0.0 ], [ -38.677329, -4.165329, 0.0 ], [ -38.677072, -4.165099, 0.0 ], [ -38.67671, -4.164725, 0.0 ], [ -38.676433, -4.16439, 0.0 ], [ -38.676166, -4.164151, 0.0 ], [ -38.675976, -4.164074, 0.0 ], [ -38.675756, -4.164093, 0.0 ], [ -38.675566, -4.163997, 0.0 ], [ -38.675232, -4.163815, 0.0 ], [ -38.675003, -4.163652, 0.0 ], [ -38.674793, -4.163451, 0.0 ], [ -38.674641, -4.163308, 0.0 ], [ -38.674517, -4.163212, 0.0 ], [ -38.674431, -4.163173, 0.0 ], [ -38.674298, -4.163154, 0.0 ], [ -38.674088, -4.163078, 0.0 ], [ -38.673907, -4.162915, 0.0 ], [ -38.673778, -4.162757, 0.0 ], [ -38.673578, -4.16257, 0.0 ], [ -38.673578, -4.162283, 0.0 ], [ -38.673621, -4.161909, 0.0 ], [ -38.673492, -4.161478, 0.0 ], [ -38.673264, -4.161076, 0.0 ], [ -38.673092, -4.160889, 0.0 ], [ -38.672492, -4.160659, 0.0 ], [ -38.672048, -4.160645, 0.0 ], [ -38.671633, -4.16086, 0.0 ], [ -38.671247, -4.161176, 0.0 ], [ -38.670703, -4.16152, 0.0 ], [ -38.670317, -4.161678, 0.0 ], [ -38.669902, -4.161721, 0.0 ], [ -38.669402, -4.161706, 0.0 ], [ -38.668958, -4.161577, 0.0 ], [ -38.667555, -4.160991, 0.0 ], [ -38.667417, -4.160838, 0.0 ], [ -38.667284, -4.160803, 0.0 ], [ -38.667102, -4.160811, 0.0 ], [ -38.666971, -4.160796, 0.0 ], [ -38.666644, -4.160584, 0.0 ], [ -38.666346, -4.16032, 0.0 ], [ -38.665941, -4.159937, 0.0 ], [ -38.665666, -4.159757, 0.0 ], [ -38.665452, -4.159674, 0.0 ], [ -38.665214, -4.159733, 0.0 ], [ -38.665118, -4.159937, 0.0 ], [ -38.665178, -4.160272, 0.0 ], [ -38.66513, -4.160511, 0.0 ], [ -38.664927, -4.160703, 0.0 ], [ -38.66476, -4.160846, 0.0 ], [ -38.664665, -4.161002, 0.0 ], [ -38.664665, -4.161145, 0.0 ], [ -38.664736, -4.161397, 0.0 ], [ -38.66482, -4.161588, 0.0 ], [ -38.664808, -4.161768, 0.0 ], [ -38.664664, -4.161828, 0.0 ], [ -38.664402, -4.161827, 0.0 ], [ -38.663973, -4.161683, 0.0 ], [ -38.663842, -4.161552, 0.0 ], [ -38.663628, -4.16154, 0.0 ], [ -38.663449, -4.161659, 0.0 ], [ -38.66314, -4.16167, 0.0 ], [ -38.662841, -4.161563, 0.0 ], [ -38.662567, -4.161348, 0.0 ], [ -38.662066, -4.160869, 0.0 ], [ -38.661709, -4.160546, 0.0 ], [ -38.661602, -4.160306, 0.0 ], [ -38.661494, -4.160019, 0.0 ], [ -38.661411, -4.159839, 0.0 ], [ -38.661173, -4.159684, 0.0 ], [ -38.660851, -4.159277, 0.0 ], [ -38.660053, -4.158618, 0.0 ], [ -38.659493, -4.158342, 0.0 ], [ -38.658682, -4.158067, 0.0 ], [ -38.658456, -4.158007, 0.0 ], [ -38.657776, -4.157971, 0.0 ], [ -38.657168, -4.158042, 0.0 ], [ -38.656763, -4.158078, 0.0 ], [ -38.656036, -4.157994, 0.0 ], [ -38.655571, -4.157934, 0.0 ], [ -38.654689, -4.157586, 0.0 ], [ -38.654034, -4.157586, 0.0 ], [ -38.653497, -4.157694, 0.0 ], [ -38.653044, -4.157957, 0.0 ], [ -38.652615, -4.158244, 0.0 ], [ -38.652174, -4.158519, 0.0 ], [ -38.651959, -4.158866, 0.0 ], [ -38.651816, -4.159332, 0.0 ], [ -38.65147, -4.159739, 0.0 ], [ -38.651256, -4.159919, 0.0 ], [ -38.651077, -4.159955, 0.0 ], [ -38.650838, -4.159907, 0.0 ], [ -38.650445, -4.159871, 0.0 ], [ -38.649897, -4.159834, 0.0 ], [ -38.649325, -4.159726, 0.0 ], [ -38.649039, -4.159547, 0.0 ], [ -38.648562, -4.159487, 0.0 ], [ -38.648192, -4.159451, 0.0 ], [ -38.647728, -4.159474, 0.0 ], [ -38.647251, -4.159534, 0.0 ], [ -38.646929, -4.159462, 0.0 ], [ -38.646702, -4.159246, 0.0 ], [ -38.646226, -4.159174, 0.0 ], [ -38.645904, -4.159174, 0.0 ], [ -38.645666, -4.15921, 0.0 ], [ -38.645439, -4.159366, 0.0 ], [ -38.645165, -4.159545, 0.0 ], [ -38.644783, -4.159617, 0.0 ], [ -38.64445, -4.159569, 0.0 ], [ -38.643913, -4.159425, 0.0 ], [ -38.643758, -4.159317, 0.0 ], [ -38.643437, -4.159101, 0.0 ], [ -38.642948, -4.158838, 0.0 ], [ -38.642578, -4.15867, 0.0 ], [ -38.642245, -4.158371, 0.0 ], [ -38.64178, -4.158155, 0.0 ], [ -38.64147, -4.158095, 0.0 ], [ -38.641148, -4.158095, 0.0 ], [ -38.641053, -4.158262, 0.0 ], [ -38.640981, -4.158382, 0.0 ], [ -38.640672, -4.158442, 0.0 ], [ -38.640504, -4.158633, 0.0 ], [ -38.640326, -4.158896, 0.0 ], [ -38.640397, -4.15916, 0.0 ], [ -38.640409, -4.159351, 0.0 ], [ -38.640327, -4.159441, 0.0 ], [ -38.640252, -4.159463, 0.0 ], [ -38.640194, -4.159614, 0.0 ], [ -38.640156, -4.159793, 0.0 ], [ -38.640034, -4.159897, 0.0 ], [ -38.639911, -4.159913, 0.0 ], [ -38.639755, -4.159876, 0.0 ], [ -38.639602, -4.159962, 0.0 ], [ -38.639466, -4.16012, 0.0 ], [ -38.639395, -4.160296, 0.0 ], [ -38.639161, -4.160551, 0.0 ], [ -38.638757, -4.160884, 0.0 ], [ -38.638588, -4.160896, 0.0 ], [ -38.638421, -4.161003, 0.0 ], [ -38.638274, -4.161082, 0.0 ], [ -38.638167, -4.161114, 0.0 ], [ -38.637992, -4.161071, 0.0 ], [ -38.637834, -4.161056, 0.0 ], [ -38.637631, -4.161109, 0.0 ], [ -38.637609, -4.161236, 0.0 ], [ -38.637455, -4.161411, 0.0 ], [ -38.637294, -4.161523, 0.0 ], [ -38.637001, -4.161426, 0.0 ], [ -38.636679, -4.161583, 0.0 ], [ -38.636379, -4.161707, 0.0 ], [ -38.635628, -4.16185, 0.0 ], [ -38.635091, -4.162042, 0.0 ], [ -38.634555, -4.162173, 0.0 ], [ -38.634042, -4.162245, 0.0 ], [ -38.633661, -4.16222, 0.0 ], [ -38.633292, -4.162196, 0.0 ], [ -38.632731, -4.162507, 0.0 ], [ -38.632445, -4.162758, 0.0 ], [ -38.632218, -4.163118, 0.0 ], [ -38.632111, -4.163297, 0.0 ], [ -38.631574, -4.163488, 0.0 ], [ -38.631264, -4.16344, 0.0 ], [ -38.630836, -4.16338, 0.0 ], [ -38.63068, -4.163464, 0.0 ], [ -38.630263, -4.163512, 0.0 ], [ -38.629894, -4.163499, 0.0 ], [ -38.629655, -4.163379, 0.0 ], [ -38.62925, -4.163379, 0.0 ], [ -38.628833, -4.163583, 0.0 ], [ -38.628523, -4.163906, 0.0 ], [ -38.628409, -4.16431, 0.0 ], [ -38.628223, -4.164362, 0.0 ], [ -38.62795, -4.164288, 0.0 ], [ -38.627772, -4.164085, 0.0 ], [ -38.627676, -4.163893, 0.0 ], [ -38.627546, -4.163714, 0.0 ], [ -38.627307, -4.163749, 0.0 ], [ -38.627188, -4.163797, 0.0 ], [ -38.627033, -4.163713, 0.0 ], [ -38.626806, -4.163558, 0.0 ], [ -38.62664, -4.163498, 0.0 ], [ -38.626318, -4.163534, 0.0 ], [ -38.626199, -4.163629, 0.0 ], [ -38.626055, -4.163892, 0.0 ], [ -38.625936, -4.164168, 0.0 ], [ -38.625686, -4.164371, 0.0 ], [ -38.62534, -4.164419, 0.0 ], [ -38.624732, -4.164502, 0.0 ], [ -38.624231, -4.164693, 0.0 ], [ -38.623874, -4.164801, 0.0 ], [ -38.623623, -4.164944, 0.0 ], [ -38.623576, -4.165112, 0.0 ], [ -38.623587, -4.165351, 0.0 ], [ -38.623611, -4.165531, 0.0 ], [ -38.623504, -4.165674, 0.0 ], [ -38.62323, -4.165674, 0.0 ], [ -38.622743, -4.165549, 0.0 ], [ -38.622121, -4.165506, 0.0 ], [ -38.621799, -4.165446, 0.0 ], [ -38.621537, -4.165219, 0.0 ], [ -38.621216, -4.164979, 0.0 ], [ -38.620894, -4.164847, 0.0 ], [ -38.620691, -4.164859, 0.0 ], [ -38.620584, -4.164967, 0.0 ], [ -38.620405, -4.165039, 0.0 ], [ -38.620226, -4.165027, 0.0 ], [ -38.620083, -4.164955, 0.0 ], [ -38.620024, -4.164787, 0.0 ], [ -38.619988, -4.16462, 0.0 ], [ -38.619905, -4.164392, 0.0 ], [ -38.61995, -4.164164, 0.0 ], [ -38.619976, -4.163961, 0.0 ], [ -38.619941, -4.163758, 0.0 ], [ -38.619655, -4.163518, 0.0 ], [ -38.619583, -4.163351, 0.0 ], [ -38.61925, -4.163351, 0.0 ], [ -38.61913, -4.163434, 0.0 ], [ -38.61913, -4.163542, 0.0 ], [ -38.61913, -4.163638, 0.0 ], [ -38.618951, -4.163626, 0.0 ], [ -38.618765, -4.163454, 0.0 ], [ -38.618862, -4.16314, 0.0 ], [ -38.618705, -4.161963, 0.0 ], [ -38.618587, -4.161391, 0.0 ], [ -38.618376, -4.160857, 0.0 ], [ -38.618161, -4.160591, 0.0 ], [ -38.617833, -4.160339, 0.0 ], [ -38.617504, -4.159564, 0.0 ], [ -38.617233, -4.159477, 0.0 ], [ -38.617107, -4.15951, 0.0 ], [ -38.617007, -4.159703, 0.0 ], [ -38.616698, -4.159679, 0.0 ], [ -38.616465, -4.159523, 0.0 ], [ -38.616191, -4.15929, 0.0 ], [ -38.615975, -4.159276, 0.0 ], [ -38.615732, -4.159247, 0.0 ], [ -38.61547, -4.15914, 0.0 ], [ -38.615351, -4.158972, 0.0 ], [ -38.615274, -4.158739, 0.0 ], [ -38.615387, -4.158517, 0.0 ], [ -38.615614, -4.15808, 0.0 ], [ -38.615682, -4.157749, 0.0 ], [ -38.615347, -4.15703, 0.0 ], [ -38.615026, -4.156535, 0.0 ], [ -38.614797, -4.15629, 0.0 ], [ -38.614655, -4.155998, 0.0 ], [ -38.614703, -4.155507, 0.0 ], [ -38.614836, -4.15486, 0.0 ], [ -38.614726, -4.154502, 0.0 ], [ -38.61454, -4.154258, 0.0 ], [ -38.614211, -4.154086, 0.0 ], [ -38.614076, -4.153777, 0.0 ], [ -38.614062, -4.153066, 0.0 ], [ -38.613991, -4.152254, 0.0 ], [ -38.613866, -4.15202, 0.0 ], [ -38.613394, -4.151905, 0.0 ], [ -38.612879, -4.151819, 0.0 ], [ -38.612389, -4.151528, 0.0 ], [ -38.612232, -4.151148, 0.0 ], [ -38.611889, -4.150846, 0.0 ], [ -38.611431, -4.150867, 0.0 ], [ -38.610973, -4.151046, 0.0 ], [ -38.610723, -4.151377, 0.0 ], [ -38.610451, -4.151362, 0.0 ], [ -38.610015, -4.151111, 0.0 ], [ -38.6099, -4.150823, 0.0 ], [ -38.609822, -4.150572, 0.0 ], [ -38.609572, -4.150371, 0.0 ], [ -38.609286, -4.150263, 0.0 ], [ -38.609043, -4.150076, 0.0 ], [ -38.60915, -4.149674, 0.0 ], [ -38.609122, -4.149365, 0.0 ], [ -38.608664, -4.148676, 0.0 ], [ -38.608054, -4.147864, 0.0 ], [ -38.607704, -4.14758, 0.0 ], [ -38.607134, -4.147267, 0.0 ], [ -38.606588, -4.146803, 0.0 ], [ -38.606188, -4.146545, 0.0 ], [ -38.605718, -4.146495, 0.0 ], [ -38.605265, -4.146614, 0.0 ], [ -38.604764, -4.146806, 0.0 ], [ -38.604382, -4.146734, 0.0 ], [ -38.604049, -4.146303, 0.0 ], [ -38.604025, -4.145872, 0.0 ], [ -38.604097, -4.145369, 0.0 ], [ -38.603954, -4.145058, 0.0 ], [ -38.603525, -4.144842, 0.0 ], [ -38.602813, -4.14471, 0.0 ], [ -38.602184, -4.14491, 0.0 ], [ -38.601594, -4.144793, 0.0 ], [ -38.600832, -4.144745, 0.0 ], [ -38.600045, -4.144577, 0.0 ], [ -38.59952, -4.144553, 0.0 ], [ -38.598972, -4.144744, 0.0 ], [ -38.598376, -4.145151, 0.0 ], [ -38.597303, -4.144696, 0.0 ], [ -38.596898, -4.144264, 0.0 ], [ -38.596416, -4.143816, 0.0 ], [ -38.595939, -4.14372, 0.0 ], [ -38.595653, -4.143827, 0.0 ], [ -38.595415, -4.143708, 0.0 ], [ -38.594849, -4.143569, 0.0 ], [ -38.5943, -4.14321, 0.0 ], [ -38.593514, -4.142826, 0.0 ], [ -38.592823, -4.142347, 0.0 ], [ -38.592418, -4.141725, 0.0 ], [ -38.591965, -4.14127, 0.0 ], [ -38.591441, -4.140791, 0.0 ], [ -38.590774, -4.140192, 0.0 ], [ -38.590274, -4.139354, 0.0 ], [ -38.589988, -4.139067, 0.0 ], [ -38.589511, -4.139019, 0.0 ], [ -38.588505, -4.138031, 0.0 ], [ -38.587099, -4.137301, 0.0 ], [ -38.585966, -4.136845, 0.0 ], [ -38.585566, -4.136298, 0.0 ], [ -38.585352, -4.13548, 0.0 ], [ -38.584923, -4.135164, 0.0 ], [ -38.584408, -4.134991, 0.0 ], [ -38.583759, -4.134509, 0.0 ], [ -38.583136, -4.134574, 0.0 ], [ -38.582296, -4.134701, 0.0 ], [ -38.581757, -4.134967, 0.0 ], [ -38.580532, -4.135089, 0.0 ], [ -38.579274, -4.134959, 0.0 ], [ -38.576585, -4.134226, 0.0 ], [ -38.573824, -4.133407, 0.0 ], [ -38.571065, -4.132356, 0.0 ], [ -38.570729, -4.131278, 0.0 ], [ -38.570391, -4.128248, 0.0 ] ] ] } },
{ "type": "Feature", "properties": { "Name": "Pacatuba - AIS 24", "Description": "descrição: <br>@id: relation/302547<br>IBGE:GEOCODIGO: 2309706<br>admin_level: 8<br>boundary: administrative<br>name: Pacatuba<br>place: municipality<br>population: 81524<br>population:date: 2023-08-31<br>source: IBGE<br>source:population: IBGE, DOU de 31/08/2023<br>type: boundary<br>wikidata: Q2026817<br>wikipedia: pt:Pacatuba (Ceará)<br>@relations: " }, "geometry": { "type": "Polygon", "coordinates": [ [ [ -38.667714, -4.018433, 0.0 ], [ -38.655474, -4.013521, 0.0 ], [ -38.654792, -4.013121, 0.0 ], [ -38.654275, -4.012679, 0.0 ], [ -38.65356, -4.011853, 0.0 ], [ -38.653013, -4.011075, 0.0 ], [ -38.652227, -4.009866, 0.0 ], [ -38.651572, -4.009004, 0.0 ], [ -38.651036, -4.008261, 0.0 ], [ -38.650559, -4.007591, 0.0 ], [ -38.650176, -4.007196, 0.0 ], [ -38.649871, -4.006602, 0.0 ], [ -38.649448, -4.00605, 0.0 ], [ -38.635771, -4.023586, 0.0 ], [ -38.6277, -4.023316, 0.0 ], [ -38.625746, -4.017856, 0.0 ], [ -38.62538, -4.016349, 0.0 ], [ -38.624733, -4.014476, 0.0 ], [ -38.622721, -4.015053, 0.0 ], [ -38.622308, -4.015046, 0.0 ], [ -38.621777, -4.014943, 0.0 ], [ -38.621018, -4.014881, 0.0 ], [ -38.620935, -4.014888, 0.0 ], [ -38.620611, -4.015209, 0.0 ], [ -38.620439, -4.015188, 0.0 ], [ -38.620272, -4.015252, 0.0 ], [ -38.620117, -4.015366, 0.0 ], [ -38.620009, -4.01558, 0.0 ], [ -38.619909, -4.015728, 0.0 ], [ -38.619788, -4.015854, 0.0 ], [ -38.619645, -4.015901, 0.0 ], [ -38.619442, -4.015906, 0.0 ], [ -38.61926, -4.015897, 0.0 ], [ -38.619059, -4.015831, 0.0 ], [ -38.618941, -4.015771, 0.0 ], [ -38.61879, -4.015762, 0.0 ], [ -38.618576, -4.015785, 0.0 ], [ -38.618287, -4.015888, 0.0 ], [ -38.618068, -4.016, 0.0 ], [ -38.617875, -4.016, 0.0 ], [ -38.616125, -4.016111, 0.0 ], [ -38.615838, -4.016179, 0.0 ], [ -38.615551, -4.016125, 0.0 ], [ -38.615137, -4.016042, 0.0 ], [ -38.614763, -4.01591, 0.0 ], [ -38.614522, -4.015751, 0.0 ], [ -38.614239, -4.015491, 0.0 ], [ -38.613911, -4.015304, 0.0 ], [ -38.613733, -4.0152, 0.0 ], [ -38.613191, -4.015022, 0.0 ], [ -38.612713, -4.01499, 0.0 ], [ -38.612389, -4.01499, 0.0 ], [ -38.611934, -4.014995, 0.0 ], [ -38.611542, -4.014999, 0.0 ], [ -38.611218, -4.014876, 0.0 ], [ -38.610708, -4.014721, 0.0 ], [ -38.609774, -4.014188, 0.0 ], [ -38.606999, -4.010123, 0.0 ], [ -38.606186, -4.010532, 0.0 ], [ -38.605775, -4.010725, 0.0 ], [ -38.605606, -4.010815, 0.0 ], [ -38.60546, -4.010913, 0.0 ], [ -38.605327, -4.011026, 0.0 ], [ -38.605233, -4.011143, 0.0 ], [ -38.605168, -4.011246, 0.0 ], [ -38.605105, -4.011388, 0.0 ], [ -38.605045, -4.011562, 0.0 ], [ -38.604996, -4.011773, 0.0 ], [ -38.60497, -4.011951, 0.0 ], [ -38.604975, -4.012118, 0.0 ], [ -38.604994, -4.012312, 0.0 ], [ -38.605016, -4.012461, 0.0 ], [ -38.605066, -4.012632, 0.0 ], [ -38.605151, -4.012832, 0.0 ], [ -38.605378, -4.013417, 0.0 ], [ -38.605752, -4.014506, 0.0 ], [ -38.605768, -4.014569, 0.0 ], [ -38.605773, -4.014632, 0.0 ], [ -38.605768, -4.014665, 0.0 ], [ -38.605757, -4.014694, 0.0 ], [ -38.605734, -4.014741, 0.0 ], [ -38.605705, -4.014784, 0.0 ], [ -38.605089, -4.015517, 0.0 ], [ -38.604698, -4.015983, 0.0 ], [ -38.60356, -4.017339, 0.0 ], [ -38.601659, -4.019678, 0.0 ], [ -38.601453, -4.01993, 0.0 ], [ -38.601374, -4.020036, 0.0 ], [ -38.60136, -4.020054, 0.0 ], [ -38.60135, -4.020067, 0.0 ], [ -38.601291, -4.02012, 0.0 ], [ -38.601211, -4.020216, 0.0 ], [ -38.6011, -4.020356, 0.0 ], [ -38.600994, -4.020504, 0.0 ], [ -38.600894, -4.020619, 0.0 ], [ -38.600833, -4.020684, 0.0 ], [ -38.600754, -4.020766, 0.0 ], [ -38.600672, -4.02086, 0.0 ], [ -38.600442, -4.021152, 0.0 ], [ -38.600383, -4.021228, 0.0 ], [ -38.600324, -4.021316, 0.0 ], [ -38.600285, -4.021396, 0.0 ], [ -38.60025, -4.021497, 0.0 ], [ -38.600216, -4.021642, 0.0 ], [ -38.600194, -4.021746, 0.0 ], [ -38.600172, -4.021829, 0.0 ], [ -38.600116, -4.022004, 0.0 ], [ -38.600079, -4.022101, 0.0 ], [ -38.600039, -4.022193, 0.0 ], [ -38.5999, -4.022466, 0.0 ], [ -38.599884, -4.022506, 0.0 ], [ -38.599877, -4.022542, 0.0 ], [ -38.599869, -4.022586, 0.0 ], [ -38.599864, -4.022754, 0.0 ], [ -38.599847, -4.022949, 0.0 ], [ -38.599837, -4.023001, 0.0 ], [ -38.599826, -4.02303, 0.0 ], [ -38.59981, -4.023056, 0.0 ], [ -38.599764, -4.0231, 0.0 ], [ -38.599702, -4.023164, 0.0 ], [ -38.599646, -4.023237, 0.0 ], [ -38.599598, -4.023319, 0.0 ], [ -38.599575, -4.023401, 0.0 ], [ -38.599568, -4.023499, 0.0 ], [ -38.59957, -4.02359, 0.0 ], [ -38.599575, -4.023763, 0.0 ], [ -38.599562, -4.023943, 0.0 ], [ -38.599542, -4.024025, 0.0 ], [ -38.59952, -4.024088, 0.0 ], [ -38.59948, -4.024163, 0.0 ], [ -38.599466, -4.024181, 0.0 ], [ -38.599377, -4.024301, 0.0 ], [ -38.599265, -4.024439, 0.0 ], [ -38.599165, -4.024543, 0.0 ], [ -38.59908, -4.024612, 0.0 ], [ -38.598894, -4.024742, 0.0 ], [ -38.598726, -4.024852, 0.0 ], [ -38.598674, -4.024877, 0.0 ], [ -38.598645, -4.024881, 0.0 ], [ -38.598618, -4.024881, 0.0 ], [ -38.598604, -4.024887, 0.0 ], [ -38.598591, -4.024893, 0.0 ], [ -38.598546, -4.024919, 0.0 ], [ -38.598528, -4.024929, 0.0 ], [ -38.598433, -4.024979, 0.0 ], [ -38.598231, -4.025096, 0.0 ], [ -38.598178, -4.025122, 0.0 ], [ -38.59813, -4.025136, 0.0 ], [ -38.597971, -4.025162, 0.0 ], [ -38.597866, -4.025178, 0.0 ], [ -38.597671, -4.025228, 0.0 ], [ -38.597472, -4.025267, 0.0 ], [ -38.597417, -4.025286, 0.0 ], [ -38.597362, -4.025316, 0.0 ], [ -38.597277, -4.025375, 0.0 ], [ -38.59718, -4.025447, 0.0 ], [ -38.597105, -4.025516, 0.0 ], [ -38.59705, -4.025584, 0.0 ], [ -38.597013, -4.025652, 0.0 ], [ -38.596977, -4.025725, 0.0 ], [ -38.596924, -4.025816, 0.0 ], [ -38.596808, -4.025971, 0.0 ], [ -38.596718, -4.026083, 0.0 ], [ -38.596642, -4.026157, 0.0 ], [ -38.596561, -4.026217, 0.0 ], [ -38.596476, -4.026271, 0.0 ], [ -38.596269, -4.026427, 0.0 ], [ -38.595951, -4.02672, 0.0 ], [ -38.595621, -4.027058, 0.0 ], [ -38.595226, -4.027551, 0.0 ], [ -38.594793, -4.028083, 0.0 ], [ -38.594695, -4.02819, 0.0 ], [ -38.594603, -4.028264, 0.0 ], [ -38.5945, -4.028316, 0.0 ], [ -38.594336, -4.028383, 0.0 ], [ -38.594257, -4.028421, 0.0 ], [ -38.594195, -4.028477, 0.0 ], [ -38.594148, -4.028542, 0.0 ], [ -38.594098, -4.028654, 0.0 ], [ -38.594026, -4.02885, 0.0 ], [ -38.593982, -4.028967, 0.0 ], [ -38.593847, -4.029206, 0.0 ], [ -38.593719, -4.02943, 0.0 ], [ -38.593605, -4.02958, 0.0 ], [ -38.5935, -4.029705, 0.0 ], [ -38.593414, -4.029824, 0.0 ], [ -38.593264, -4.029992, 0.0 ], [ -38.593167, -4.030117, 0.0 ], [ -38.592813, -4.030598, 0.0 ], [ -38.592492, -4.03101, 0.0 ], [ -38.592303, -4.031206, 0.0 ], [ -38.592151, -4.031374, 0.0 ], [ -38.592026, -4.031517, 0.0 ], [ -38.591866, -4.031759, 0.0 ], [ -38.591774, -4.031891, 0.0 ], [ -38.591629, -4.03207, 0.0 ], [ -38.591048, -4.032782, 0.0 ], [ -38.590296, -4.033741, 0.0 ], [ -38.590206, -4.033838, 0.0 ], [ -38.590098, -4.034027, 0.0 ], [ -38.59, -4.034194, 0.0 ], [ -38.589662, -4.034611, 0.0 ], [ -38.589499, -4.034811, 0.0 ], [ -38.589358, -4.034975, 0.0 ], [ -38.589295, -4.035032, 0.0 ], [ -38.589228, -4.035115, 0.0 ], [ -38.589084, -4.035303, 0.0 ], [ -38.588966, -4.035439, 0.0 ], [ -38.588932, -4.035489, 0.0 ], [ -38.588914, -4.03551, 0.0 ], [ -38.588876, -4.035551, 0.0 ], [ -38.588806, -4.035638, 0.0 ], [ -38.588759, -4.035702, 0.0 ], [ -38.588741, -4.035736, 0.0 ], [ -38.588663, -4.035826, 0.0 ], [ -38.588456, -4.036056, 0.0 ], [ -38.588319, -4.036239, 0.0 ], [ -38.588073, -4.036555, 0.0 ], [ -38.587858, -4.036798, 0.0 ], [ -38.587664, -4.03703, 0.0 ], [ -38.587578, -4.037116, 0.0 ], [ -38.58749, -4.037212, 0.0 ], [ -38.587404, -4.037303, 0.0 ], [ -38.587336, -4.037389, 0.0 ], [ -38.587256, -4.037482, 0.0 ], [ -38.587197, -4.037548, 0.0 ], [ -38.587027, -4.037736, 0.0 ], [ -38.58683, -4.037964, 0.0 ], [ -38.586696, -4.038127, 0.0 ], [ -38.586631, -4.038188, 0.0 ], [ -38.58653, -4.038298, 0.0 ], [ -38.586357, -4.038496, 0.0 ], [ -38.586167, -4.038721, 0.0 ], [ -38.585995, -4.038944, 0.0 ], [ -38.585877, -4.039073, 0.0 ], [ -38.58572, -4.039248, 0.0 ], [ -38.585495, -4.039524, 0.0 ], [ -38.585332, -4.039706, 0.0 ], [ -38.585134, -4.039956, 0.0 ], [ -38.585078, -4.040034, 0.0 ], [ -38.585066, -4.040066, 0.0 ], [ -38.585059, -4.040101, 0.0 ], [ -38.585053, -4.040156, 0.0 ], [ -38.585051, -4.040233, 0.0 ], [ -38.585059, -4.04028, 0.0 ], [ -38.58507, -4.040367, 0.0 ], [ -38.585075, -4.040441, 0.0 ], [ -38.58507, -4.04052, 0.0 ], [ -38.585044, -4.040639, 0.0 ], [ -38.585025, -4.040691, 0.0 ], [ -38.585008, -4.040737, 0.0 ], [ -38.584996, -4.040776, 0.0 ], [ -38.584974, -4.040825, 0.0 ], [ -38.584958, -4.040857, 0.0 ], [ -38.584954, -4.040864, 0.0 ], [ -38.584928, -4.040901, 0.0 ], [ -38.584852, -4.040972, 0.0 ], [ -38.584796, -4.041007, 0.0 ], [ -38.584658, -4.041082, 0.0 ], [ -38.584332, -4.041235, 0.0 ], [ -38.584148, -4.041292, 0.0 ], [ -38.584068, -4.04133, 0.0 ], [ -38.583921, -4.041415, 0.0 ], [ -38.583797, -4.041508, 0.0 ], [ -38.583755, -4.041515, 0.0 ], [ -38.583709, -4.041524, 0.0 ], [ -38.583683, -4.041534, 0.0 ], [ -38.583648, -4.041562, 0.0 ], [ -38.583563, -4.041648, 0.0 ], [ -38.58349, -4.041722, 0.0 ], [ -38.583436, -4.041797, 0.0 ], [ -38.583432, -4.04181, 0.0 ], [ -38.583433, -4.04182, 0.0 ], [ -38.583436, -4.041832, 0.0 ], [ -38.583449, -4.041873, 0.0 ], [ -38.574727, -4.054157, 0.0 ], [ -38.573987, -4.004572, 0.0 ], [ -38.573722, -3.995968, 0.0 ], [ -38.573712, -3.995927, 0.0 ], [ -38.567398, -3.968052, 0.0 ], [ -38.566136, -3.962483, 0.0 ], [ -38.565786, -3.960538, 0.0 ], [ -38.555969, -3.906044, 0.0 ], [ -38.554601, -3.903708, 0.0 ], [ -38.554508, -3.90347, 0.0 ], [ -38.554422, -3.903215, 0.0 ], [ -38.554329, -3.903062, 0.0 ], [ -38.554192, -3.902994, 0.0 ], [ -38.553995, -3.903069, 0.0 ], [ -38.553753, -3.903031, 0.0 ], [ -38.553482, -3.902901, 0.0 ], [ -38.553155, -3.90292, 0.0 ], [ -38.552688, -3.902566, 0.0 ], [ -38.55238, -3.902202, 0.0 ], [ -38.552353, -3.901922, 0.0 ], [ -38.552361, -3.901652, 0.0 ], [ -38.552137, -3.901429, 0.0 ], [ -38.551885, -3.90128, 0.0 ], [ -38.551642, -3.901112, 0.0 ], [ -38.551576, -3.900907, 0.0 ], [ -38.551436, -3.900758, 0.0 ], [ -38.551296, -3.900516, 0.0 ], [ -38.551128, -3.900422, 0.0 ], [ -38.550923, -3.900022, 0.0 ], [ -38.550745, -3.899872, 0.0 ], [ -38.550577, -3.89963, 0.0 ], [ -38.550708, -3.899546, 0.0 ], [ -38.550941, -3.899565, 0.0 ], [ -38.551259, -3.899472, 0.0 ], [ -38.551408, -3.899304, 0.0 ], [ -38.55152, -3.899015, 0.0 ], [ -38.551371, -3.898838, 0.0 ], [ -38.551259, -3.898549, 0.0 ], [ -38.551109, -3.898382, 0.0 ], [ -38.550754, -3.898288, 0.0 ], [ -38.550409, -3.898102, 0.0 ], [ -38.550381, -3.897683, 0.0 ], [ -38.550428, -3.897366, 0.0 ], [ -38.550456, -3.897282, 0.0 ], [ -38.550409, -3.897096, 0.0 ], [ -38.550073, -3.896779, 0.0 ], [ -38.549895, -3.896788, 0.0 ], [ -38.549671, -3.896788, 0.0 ], [ -38.54955, -3.896602, 0.0 ], [ -38.549428, -3.896304, 0.0 ], [ -38.549213, -3.896108, 0.0 ], [ -38.549157, -3.896033, 0.0 ], [ -38.549104, -3.895656, 0.0 ], [ -38.549117, -3.895577, 0.0 ], [ -38.549142, -3.895493, 0.0 ], [ -38.5492, -3.895385, 0.0 ], [ -38.549225, -3.895267, 0.0 ], [ -38.54916, -3.895179, 0.0 ], [ -38.548901, -3.895003, 0.0 ], [ -38.548877, -3.894943, 0.0 ], [ -38.548924, -3.894598, 0.0 ], [ -38.54897, -3.894272, 0.0 ], [ -38.5487, -3.894067, 0.0 ], [ -38.548718, -3.893834, 0.0 ], [ -38.54869, -3.893648, 0.0 ], [ -38.548569, -3.893489, 0.0 ], [ -38.548522, -3.893312, 0.0 ], [ -38.548597, -3.893079, 0.0 ], [ -38.548653, -3.892874, 0.0 ], [ -38.548709, -3.892716, 0.0 ], [ -38.548765, -3.892502, 0.0 ], [ -38.548886, -3.892222, 0.0 ], [ -38.549055, -3.89197, 0.0 ], [ -38.549251, -3.891766, 0.0 ], [ -38.549456, -3.891579, 0.0 ], [ -38.549662, -3.891337, 0.0 ], [ -38.54983, -3.891234, 0.0 ], [ -38.549979, -3.891197, 0.0 ], [ -38.550157, -3.891067, 0.0 ], [ -38.550185, -3.89088, 0.0 ], [ -38.550334, -3.890694, 0.0 ], [ -38.550512, -3.890601, 0.0 ], [ -38.550773, -3.890405, 0.0 ], [ -38.550885, -3.890181, 0.0 ], [ -38.551007, -3.889976, 0.0 ], [ -38.551091, -3.889762, 0.0 ], [ -38.551137, -3.88952, 0.0 ], [ -38.55124, -3.889305, 0.0 ], [ -38.551427, -3.888877, 0.0 ], [ -38.551716, -3.888681, 0.0 ], [ -38.552125, -3.888502, 0.0 ], [ -38.552283, -3.888355, 0.0 ], [ -38.552337, -3.888088, 0.0 ], [ -38.552248, -3.887756, 0.0 ], [ -38.552195, -3.887478, 0.0 ], [ -38.55246, -3.887258, 0.0 ], [ -38.552755, -3.886991, 0.0 ], [ -38.552584, -3.887001, 0.0 ], [ -38.552104, -3.886846, 0.0 ], [ -38.551884, -3.886859, 0.0 ], [ -38.551739, -3.88694, 0.0 ], [ -38.55143, -3.886889, 0.0 ], [ -38.55109, -3.88691, 0.0 ], [ -38.550425, -3.886752, 0.0 ], [ -38.550194, -3.886755, 0.0 ], [ -38.55003, -3.88679, 0.0 ], [ -38.549861, -3.886784, 0.0 ], [ -38.549754, -3.886763, 0.0 ], [ -38.549177, -3.886549, 0.0 ], [ -38.549011, -3.886525, 0.0 ], [ -38.54874, -3.886573, 0.0 ], [ -38.548612, -3.886563, 0.0 ], [ -38.54855, -3.88654, 0.0 ], [ -38.547985, -3.887003, 0.0 ], [ -38.547144, -3.887599, 0.0 ], [ -38.547003, -3.887726, 0.0 ], [ -38.546978, -3.887733, 0.0 ], [ -38.546187, -3.880884, 0.0 ], [ -38.545939, -3.878273, 0.0 ], [ -38.545657, -3.876325, 0.0 ], [ -38.545036, -3.87049, 0.0 ], [ -38.544942, -3.870362, 0.0 ], [ -38.544764, -3.86899, 0.0 ], [ -38.542322, -3.859195, 0.0 ], [ -38.544349, -3.858686, 0.0 ], [ -38.547608, -3.857928, 0.0 ], [ -38.548719, -3.857666, 0.0 ], [ -38.549556, -3.857393, 0.0 ], [ -38.55043, -3.857045, 0.0 ], [ -38.553702, -3.855659, 0.0 ], [ -38.554539, -3.855258, 0.0 ], [ -38.554872, -3.855092, 0.0 ], [ -38.555719, -3.854706, 0.0 ], [ -38.557028, -3.854163, 0.0 ], [ -38.559676, -3.85305, 0.0 ], [ -38.564832, -3.85086, 0.0 ], [ -38.564837, -3.85099, 0.0 ], [ -38.565348, -3.852907, 0.0 ], [ -38.565755, -3.854774, 0.0 ], [ -38.566417, -3.858207, 0.0 ], [ -38.566451, -3.858609, 0.0 ], [ -38.568014, -3.865621, 0.0 ], [ -38.568261, -3.865449, 0.0 ], [ -38.56837, -3.865449, 0.0 ], [ -38.568582, -3.865507, 0.0 ], [ -38.568717, -3.865466, 0.0 ], [ -38.568758, -3.865309, 0.0 ], [ -38.568905, -3.865193, 0.0 ], [ -38.569146, -3.865209, 0.0 ], [ -38.56941, -3.865108, 0.0 ], [ -38.569713, -3.86517, 0.0 ], [ -38.569891, -3.865108, 0.0 ], [ -38.570151, -3.865113, 0.0 ], [ -38.570276, -3.865106, 0.0 ], [ -38.57039, -3.86506, 0.0 ], [ -38.570559, -3.865036, 0.0 ], [ -38.570714, -3.865038, 0.0 ], [ -38.570838, -3.86505, 0.0 ], [ -38.570916, -3.8651, 0.0 ], [ -38.570975, -3.865197, 0.0 ], [ -38.571062, -3.865219, 0.0 ], [ -38.571107, -3.865186, 0.0 ], [ -38.571111, -3.865117, 0.0 ], [ -38.571129, -3.865024, 0.0 ], [ -38.571196, -3.864993, 0.0 ], [ -38.571258, -3.865023, 0.0 ], [ -38.571382, -3.865072, 0.0 ], [ -38.571492, -3.865145, 0.0 ], [ -38.571576, -3.865228, 0.0 ], [ -38.571638, -3.86536, 0.0 ], [ -38.571731, -3.865379, 0.0 ], [ -38.571832, -3.865332, 0.0 ], [ -38.572103, -3.865434, 0.0 ], [ -38.572144, -3.865582, 0.0 ], [ -38.572213, -3.865619, 0.0 ], [ -38.572293, -3.865598, 0.0 ], [ -38.572383, -3.865619, 0.0 ], [ -38.572488, -3.865692, 0.0 ], [ -38.57258, -3.865671, 0.0 ], [ -38.572671, -3.865666, 0.0 ], [ -38.572779, -3.865759, 0.0 ], [ -38.572818, -3.865882, 0.0 ], [ -38.573023, -3.866085, 0.0 ], [ -38.573091, -3.866187, 0.0 ], [ -38.573175, -3.866278, 0.0 ], [ -38.573218, -3.866326, 0.0 ], [ -38.573261, -3.86637, 0.0 ], [ -38.573354, -3.866533, 0.0 ], [ -38.573439, -3.866642, 0.0 ], [ -38.573525, -3.866742, 0.0 ], [ -38.573683, -3.867021, 0.0 ], [ -38.573856, -3.867392, 0.0 ], [ -38.573944, -3.867762, 0.0 ], [ -38.573944, -3.868051, 0.0 ], [ -38.573882, -3.868261, 0.0 ], [ -38.573804, -3.868493, 0.0 ], [ -38.573712, -3.868637, 0.0 ], [ -38.573666, -3.868782, 0.0 ], [ -38.573714, -3.86894, 0.0 ], [ -38.573871, -3.869207, 0.0 ], [ -38.574099, -3.869558, 0.0 ], [ -38.574208, -3.869663, 0.0 ], [ -38.574394, -3.869802, 0.0 ], [ -38.574348, -3.870089, 0.0 ], [ -38.574503, -3.870205, 0.0 ], [ -38.57458, -3.870228, 0.0 ], [ -38.574837, -3.870174, 0.0 ], [ -38.575008, -3.870282, 0.0 ], [ -38.574969, -3.870429, 0.0 ], [ -38.575023, -3.870701, 0.0 ], [ -38.575124, -3.870762, 0.0 ], [ -38.575155, -3.870902, 0.0 ], [ -38.575077, -3.871026, 0.0 ], [ -38.575031, -3.871196, 0.0 ], [ -38.575062, -3.871398, 0.0 ], [ -38.575217, -3.871932, 0.0 ], [ -38.575264, -3.872126, 0.0 ], [ -38.575302, -3.872374, 0.0 ], [ -38.575551, -3.872412, 0.0 ], [ -38.575691, -3.872668, 0.0 ], [ -38.575885, -3.872885, 0.0 ], [ -38.576025, -3.872978, 0.0 ], [ -38.576358, -3.872947, 0.0 ], [ -38.576638, -3.8729, 0.0 ], [ -38.576785, -3.872931, 0.0 ], [ -38.576739, -3.873086, 0.0 ], [ -38.576863, -3.873156, 0.0 ], [ -38.576894, -3.873249, 0.0 ], [ -38.576848, -3.873326, 0.0 ], [ -38.576941, -3.873481, 0.0 ], [ -38.577018, -3.873489, 0.0 ], [ -38.577049, -3.873381, 0.0 ], [ -38.577127, -3.87335, 0.0 ], [ -38.577244, -3.873629, 0.0 ], [ -38.577344, -3.873807, 0.0 ], [ -38.577562, -3.874062, 0.0 ], [ -38.577626, -3.87413, 0.0 ], [ -38.577694, -3.874202, 0.0 ], [ -38.577911, -3.874333, 0.0 ], [ -38.578035, -3.874395, 0.0 ], [ -38.578082, -3.874558, 0.0 ], [ -38.578152, -3.874643, 0.0 ], [ -38.578284, -3.874659, 0.0 ], [ -38.578416, -3.874597, 0.0 ], [ -38.578513, -3.874592, 0.0 ], [ -38.578609, -3.874647, 0.0 ], [ -38.578663, -3.874732, 0.0 ], [ -38.578726, -3.874817, 0.0 ], [ -38.578827, -3.87493, 0.0 ], [ -38.578952, -3.874953, 0.0 ], [ -38.579041, -3.874942, 0.0 ], [ -38.579131, -3.874962, 0.0 ], [ -38.579221, -3.87498, 0.0 ], [ -38.579282, -3.875012, 0.0 ], [ -38.579351, -3.875059, 0.0 ], [ -38.579396, -3.875118, 0.0 ], [ -38.579464, -3.87524, 0.0 ], [ -38.57958, -3.875356, 0.0 ], [ -38.579751, -3.87534, 0.0 ], [ -38.579891, -3.875286, 0.0 ], [ -38.580038, -3.875193, 0.0 ], [ -38.580217, -3.875193, 0.0 ], [ -38.580341, -3.875263, 0.0 ], [ -38.580419, -3.87548, 0.0 ], [ -38.580574, -3.875759, 0.0 ], [ -38.580792, -3.875921, 0.0 ], [ -38.580835, -3.875971, 0.0 ], [ -38.581048, -3.876216, 0.0 ], [ -38.581085, -3.87625, 0.0 ], [ -38.581234, -3.876386, 0.0 ], [ -38.581366, -3.87651, 0.0 ], [ -38.581428, -3.876704, 0.0 ], [ -38.581568, -3.877037, 0.0 ], [ -38.581636, -3.877204, 0.0 ], [ -38.581849, -3.877488, 0.0 ], [ -38.582065, -3.877688, 0.0 ], [ -38.582352, -3.877912, 0.0 ], [ -38.582655, -3.87809, 0.0 ], [ -38.58274, -3.878141, 0.0 ], [ -38.583276, -3.878245, 0.0 ], [ -38.583395, -3.878237, 0.0 ], [ -38.583641, -3.878292, 0.0 ], [ -38.583834, -3.878503, 0.0 ], [ -38.584053, -3.878632, 0.0 ], [ -38.584167, -3.878742, 0.0 ], [ -38.584201, -3.87884, 0.0 ], [ -38.584382, -3.878957, 0.0 ], [ -38.58454, -3.878989, 0.0 ], [ -38.58472, -3.879028, 0.0 ], [ -38.585041, -3.879052, 0.0 ], [ -38.585267, -3.879229, 0.0 ], [ -38.585386, -3.879251, 0.0 ], [ -38.585465, -3.879321, 0.0 ], [ -38.585698, -3.879624, 0.0 ], [ -38.585892, -3.87974, 0.0 ], [ -38.586063, -3.87981, 0.0 ], [ -38.586187, -3.88012, 0.0 ], [ -38.586312, -3.880197, 0.0 ], [ -38.586412, -3.880399, 0.0 ], [ -38.586451, -3.880522, 0.0 ], [ -38.58656, -3.8806, 0.0 ], [ -38.586715, -3.880546, 0.0 ], [ -38.586863, -3.880538, 0.0 ], [ -38.586948, -3.880654, 0.0 ], [ -38.586948, -3.880902, 0.0 ], [ -38.586979, -3.881111, 0.0 ], [ -38.587259, -3.881289, 0.0 ], [ -38.587414, -3.881258, 0.0 ], [ -38.587492, -3.881119, 0.0 ], [ -38.5876, -3.880987, 0.0 ], [ -38.587717, -3.880964, 0.0 ], [ -38.587802, -3.881018, 0.0 ], [ -38.587957, -3.881189, 0.0 ], [ -38.588089, -3.881274, 0.0 ], [ -38.5884, -3.881413, 0.0 ], [ -38.588479, -3.881431, 0.0 ], [ -38.588672, -3.881475, 0.0 ], [ -38.588773, -3.88146, 0.0 ], [ -38.588982, -3.88132, 0.0 ], [ -38.589363, -3.881436, 0.0 ], [ -38.589495, -3.881568, 0.0 ], [ -38.58958, -3.881622, 0.0 ], [ -38.589704, -3.881653, 0.0 ], [ -38.589898, -3.881723, 0.0 ], [ -38.590038, -3.881847, 0.0 ], [ -38.590279, -3.881909, 0.0 ], [ -38.590473, -3.881924, 0.0 ], [ -38.590706, -3.881793, 0.0 ], [ -38.590908, -3.881746, 0.0 ], [ -38.591117, -3.881646, 0.0 ], [ -38.591358, -3.881615, 0.0 ], [ -38.591498, -3.881553, 0.0 ], [ -38.591599, -3.881591, 0.0 ], [ -38.591746, -3.881684, 0.0 ], [ -38.591909, -3.881684, 0.0 ], [ -38.592026, -3.881584, 0.0 ], [ -38.592142, -3.881468, 0.0 ], [ -38.592228, -3.881444, 0.0 ], [ -38.592352, -3.881468, 0.0 ], [ -38.592554, -3.881653, 0.0 ], [ -38.592701, -3.881646, 0.0 ], [ -38.592818, -3.881692, 0.0 ], [ -38.592996, -3.881855, 0.0 ], [ -38.593283, -3.881963, 0.0 ], [ -38.593493, -3.882018, 0.0 ], [ -38.593633, -3.881971, 0.0 ], [ -38.593772, -3.881878, 0.0 ], [ -38.593889, -3.881816, 0.0 ], [ -38.594029, -3.881816, 0.0 ], [ -38.594153, -3.881909, 0.0 ], [ -38.594262, -3.882048, 0.0 ], [ -38.594782, -3.882134, 0.0 ], [ -38.594922, -3.882079, 0.0 ], [ -38.595069, -3.88201, 0.0 ], [ -38.595217, -3.88201, 0.0 ], [ -38.595403, -3.88211, 0.0 ], [ -38.595574, -3.882227, 0.0 ], [ -38.595876, -3.882335, 0.0 ], [ -38.596109, -3.882459, 0.0 ], [ -38.596459, -3.882529, 0.0 ], [ -38.596606, -3.882606, 0.0 ], [ -38.596699, -3.882738, 0.0 ], [ -38.596855, -3.8829, 0.0 ], [ -38.596987, -3.882924, 0.0 ], [ -38.597148, -3.882887, 0.0 ], [ -38.597328, -3.882846, 0.0 ], [ -38.597515, -3.882699, 0.0 ], [ -38.597678, -3.882583, 0.0 ], [ -38.597771, -3.882459, 0.0 ], [ -38.597748, -3.882304, 0.0 ], [ -38.59774, -3.882188, 0.0 ], [ -38.597817, -3.882118, 0.0 ], [ -38.597934, -3.882041, 0.0 ], [ -38.598066, -3.882025, 0.0 ], [ -38.59826, -3.882087, 0.0 ], [ -38.598376, -3.882087, 0.0 ], [ -38.598431, -3.882002, 0.0 ], [ -38.59854, -3.881932, 0.0 ], [ -38.598695, -3.881909, 0.0 ], [ -38.598811, -3.881948, 0.0 ], [ -38.59892, -3.882025, 0.0 ], [ -38.599013, -3.882064, 0.0 ], [ -38.59906, -3.881986, 0.0 ], [ -38.599091, -3.881878, 0.0 ], [ -38.599207, -3.881847, 0.0 ], [ -38.599331, -3.881739, 0.0 ], [ -38.599556, -3.881746, 0.0 ], [ -38.599774, -3.881746, 0.0 ], [ -38.599929, -3.881568, 0.0 ], [ -38.600084, -3.881522, 0.0 ], [ -38.600263, -3.88153, 0.0 ], [ -38.600442, -3.881576, 0.0 ], [ -38.600574, -3.881708, 0.0 ], [ -38.600612, -3.881824, 0.0 ], [ -38.600954, -3.88194, 0.0 ], [ -38.601109, -3.881909, 0.0 ], [ -38.601272, -3.881932, 0.0 ], [ -38.60142, -3.88177, 0.0 ], [ -38.60166, -3.881785, 0.0 ], [ -38.601956, -3.881669, 0.0 ], [ -38.60225, -3.881785, 0.0 ], [ -38.602693, -3.881816, 0.0 ], [ -38.602926, -3.881793, 0.0 ], [ -38.603159, -3.881622, 0.0 ], [ -38.603291, -3.881692, 0.0 ], [ -38.603338, -3.881847, 0.0 ], [ -38.603462, -3.881878, 0.0 ], [ -38.60357, -3.881847, 0.0 ], [ -38.603687, -3.881746, 0.0 ], [ -38.603741, -3.881553, 0.0 ], [ -38.603889, -3.881444, 0.0 ], [ -38.604137, -3.881468, 0.0 ], [ -38.604324, -3.881514, 0.0 ], [ -38.604556, -3.88156, 0.0 ], [ -38.604611, -3.881746, 0.0 ], [ -38.604813, -3.881932, 0.0 ], [ -38.60482, -3.882141, 0.0 ], [ -38.604968, -3.88242, 0.0 ], [ -38.605208, -3.88256, 0.0 ], [ -38.60548, -3.882738, 0.0 ], [ -38.605676, -3.88274, 0.0 ], [ -38.606032, -3.882699, 0.0 ], [ -38.606559, -3.882451, 0.0 ], [ -38.606823, -3.882459, 0.0 ], [ -38.607165, -3.882428, 0.0 ], [ -38.607817, -3.882629, 0.0 ], [ -38.60826, -3.882854, 0.0 ], [ -38.6085, -3.882939, 0.0 ], [ -38.609036, -3.883164, 0.0 ], [ -38.609471, -3.883311, 0.0 ], [ -38.609603, -3.883439, 0.0 ], [ -38.609665, -3.883489, 0.0 ], [ -38.609958, -3.883615, 0.0 ], [ -38.610317, -3.883791, 0.0 ], [ -38.610682, -3.883915, 0.0 ], [ -38.61095, -3.884089, 0.0 ], [ -38.611303, -3.884318, 0.0 ], [ -38.611854, -3.884357, 0.0 ], [ -38.612079, -3.884419, 0.0 ], [ -38.61232, -3.884372, 0.0 ], [ -38.612452, -3.884426, 0.0 ], [ -38.612592, -3.884411, 0.0 ], [ -38.612832, -3.884403, 0.0 ], [ -38.612941, -3.884522, 0.0 ], [ -38.613081, -3.884674, 0.0 ], [ -38.613143, -3.884852, 0.0 ], [ -38.613228, -3.885023, 0.0 ], [ -38.613314, -3.885201, 0.0 ], [ -38.613368, -3.885364, 0.0 ], [ -38.613477, -3.885511, 0.0 ], [ -38.613702, -3.885565, 0.0 ], [ -38.614145, -3.885782, 0.0 ], [ -38.614688, -3.885952, 0.0 ], [ -38.614921, -3.886069, 0.0 ], [ -38.615224, -3.886526, 0.0 ], [ -38.615413, -3.887151, 0.0 ], [ -38.615736, -3.887382, 0.0 ], [ -38.616045, -3.887475, 0.0 ], [ -38.616309, -3.887642, 0.0 ], [ -38.616532, -3.887725, 0.0 ], [ -38.617196, -3.887858, 0.0 ], [ -38.617561, -3.888059, 0.0 ], [ -38.617832, -3.888191, 0.0 ], [ -38.617988, -3.888315, 0.0 ], [ -38.618314, -3.888361, 0.0 ], [ -38.618508, -3.88847, 0.0 ], [ -38.618679, -3.888478, 0.0 ], [ -38.619012, -3.88864, 0.0 ], [ -38.61931, -3.889131, 0.0 ], [ -38.619504, -3.889332, 0.0 ], [ -38.619714, -3.889433, 0.0 ], [ -38.620009, -3.88958, 0.0 ], [ -38.62025, -3.88975, 0.0 ], [ -38.620552, -3.889921, 0.0 ], [ -38.620793, -3.890114, 0.0 ], [ -38.620918, -3.890168, 0.0 ], [ -38.621026, -3.890215, 0.0 ], [ -38.621212, -3.890184, 0.0 ], [ -38.621492, -3.8903, 0.0 ], [ -38.621903, -3.890331, 0.0 ], [ -38.6224, -3.890386, 0.0 ], [ -38.622711, -3.890486, 0.0 ], [ -38.623052, -3.890393, 0.0 ], [ -38.62327, -3.89037, 0.0 ], [ -38.623456, -3.890223, 0.0 ], [ -38.623635, -3.890045, 0.0 ], [ -38.62379, -3.890037, 0.0 ], [ -38.623937, -3.890138, 0.0 ], [ -38.624, -3.890293, 0.0 ], [ -38.624139, -3.890378, 0.0 ], [ -38.62438, -3.890618, 0.0 ], [ -38.624683, -3.890889, 0.0 ], [ -38.625149, -3.890943, 0.0 ], [ -38.625388, -3.890971, 0.0 ], [ -38.625323, -3.891117, 0.0 ], [ -38.625266, -3.891253, 0.0 ], [ -38.62512, -3.891581, 0.0 ], [ -38.62494, -3.891879, 0.0 ], [ -38.624814, -3.892065, 0.0 ], [ -38.624627, -3.89233, 0.0 ], [ -38.624448, -3.892634, 0.0 ], [ -38.624352, -3.892779, 0.0 ], [ -38.624169, -3.893055, 0.0 ], [ -38.624126, -3.893128, 0.0 ], [ -38.624089, -3.893205, 0.0 ], [ -38.624036, -3.893372, 0.0 ], [ -38.623998, -3.893541, 0.0 ], [ -38.623922, -3.893895, 0.0 ], [ -38.623397, -3.893693, 0.0 ], [ -38.623263, -3.893651, 0.0 ], [ -38.623143, -3.893626, 0.0 ], [ -38.622928, -3.893605, 0.0 ], [ -38.622856, -3.894068, 0.0 ], [ -38.62327, -3.89412, 0.0 ], [ -38.623211, -3.894426, 0.0 ], [ -38.623134, -3.894941, 0.0 ], [ -38.623016, -3.895369, 0.0 ], [ -38.62289, -3.895767, 0.0 ], [ -38.622713, -3.896256, 0.0 ], [ -38.622575, -3.896751, 0.0 ], [ -38.6225, -3.897166, 0.0 ], [ -38.622434, -3.897774, 0.0 ], [ -38.622428, -3.897795, 0.0 ], [ -38.622375, -3.898247, 0.0 ], [ -38.62235, -3.898468, 0.0 ], [ -38.621971, -3.898449, 0.0 ], [ -38.621857, -3.899405, 0.0 ], [ -38.62183, -3.899636, 0.0 ], [ -38.620779, -3.899511, 0.0 ], [ -38.620712, -3.899505, 0.0 ], [ -38.619484, -3.899403, 0.0 ], [ -38.618019, -3.899291, 0.0 ], [ -38.61762, -3.900448, 0.0 ], [ -38.617454, -3.900924, 0.0 ], [ -38.617275, -3.901408, 0.0 ], [ -38.61695, -3.902376, 0.0 ], [ -38.616282, -3.90431, 0.0 ], [ -38.615476, -3.90669, 0.0 ], [ -38.615045, -3.907902, 0.0 ], [ -38.6146, -3.90922, 0.0 ], [ -38.614363, -3.909918, 0.0 ], [ -38.614338, -3.909994, 0.0 ], [ -38.613705, -3.911883, 0.0 ], [ -38.613609, -3.912145, 0.0 ], [ -38.612947, -3.914049, 0.0 ], [ -38.612508, -3.91599, 0.0 ], [ -38.612144, -3.918477, 0.0 ], [ -38.611966, -3.920018, 0.0 ], [ -38.611795, -3.92093, 0.0 ], [ -38.611577, -3.921834, 0.0 ], [ -38.614163, -3.923711, 0.0 ], [ -38.614499, -3.924474, 0.0 ], [ -38.616137, -3.928731, 0.0 ], [ -38.616513, -3.930911, 0.0 ], [ -38.616874, -3.935965, 0.0 ], [ -38.617547, -3.938492, 0.0 ], [ -38.617896, -3.939364, 0.0 ], [ -38.618055, -3.939643, 0.0 ], [ -38.618626, -3.940246, 0.0 ], [ -38.619032, -3.940441, 0.0 ], [ -38.619215, -3.940782, 0.0 ], [ -38.619979, -3.943297, 0.0 ], [ -38.620646, -3.944709, 0.0 ], [ -38.621055, -3.945117, 0.0 ], [ -38.623017, -3.946644, 0.0 ], [ -38.624325, -3.947913, 0.0 ], [ -38.628505, -3.950932, 0.0 ], [ -38.628792, -3.951213, 0.0 ], [ -38.629988, -3.953356, 0.0 ], [ -38.630795, -3.955487, 0.0 ], [ -38.631009, -3.956474, 0.0 ], [ -38.631289, -3.956987, 0.0 ], [ -38.632116, -3.957246, 0.0 ], [ -38.632593, -3.957477, 0.0 ], [ -38.633211, -3.957551, 0.0 ], [ -38.633868, -3.957775, 0.0 ], [ -38.634733, -3.958271, 0.0 ], [ -38.640116, -3.968453, 0.0 ], [ -38.64308, -3.974654, 0.0 ], [ -38.644718, -3.975822, 0.0 ], [ -38.647441, -3.976969, 0.0 ], [ -38.649299, -3.979028, 0.0 ], [ -38.651014, -3.98147, 0.0 ], [ -38.653087, -3.983266, 0.0 ], [ -38.656875, -3.985781, 0.0 ], [ -38.658447, -3.988798, 0.0 ], [ -38.659948, -3.991096, 0.0 ], [ -38.66152, -3.993251, 0.0 ], [ -38.662949, -3.995262, 0.0 ], [ -38.664093, -3.996843, 0.0 ], [ -38.665093, -3.998279, 0.0 ], [ -38.667666, -4.001296, 0.0 ], [ -38.669323, -4.003789, 0.0 ], [ -38.670057, -4.005042, 0.0 ], [ -38.669772, -4.007229, 0.0 ], [ -38.669969, -4.007732, 0.0 ], [ -38.669767, -4.00882, 0.0 ], [ -38.668881, -4.009982, 0.0 ], [ -38.66844, -4.010944, 0.0 ], [ -38.667659, -4.011766, 0.0 ], [ -38.667138, -4.01208, 0.0 ], [ -38.666486, -4.013106, 0.0 ], [ -38.66651, -4.014063, 0.0 ], [ -38.666486, -4.015117, 0.0 ], [ -38.66688, -4.016127, 0.0 ], [ -38.667176, -4.016788, 0.0 ], [ -38.667714, -4.018433, 0.0 ] ] ] } },
{ "type": "Feature", "properties": { "Name": "Maranguape - AIS 24", "Description": "descrição: <br>@id: relation/302629<br>IBGE:GEOCODIGO: 2307700<br>admin_level: 8<br>boundary: administrative<br>name: Maranguape<br>place: municipality<br>population: 105093<br>population:date: 2023-08-31<br>source: IBGE<br>source:population: IBGE, DOU de 31/08/2023<br>type: boundary<br>wikidata: Q1795232<br>wikipedia: pt:Maranguape<br>@relations: " }, "geometry": { "type": "Polygon", "coordinates": [ [ [ -38.796199, -3.9661, 0.0 ], [ -38.811631, -3.961942, 0.0 ], [ -38.822833, -3.971992, 0.0 ], [ -38.848333, -3.994871, 0.0 ], [ -38.871651, -3.968739, 0.0 ], [ -38.906, -3.958, 0.0 ], [ -38.921, -3.952, 0.0 ], [ -38.943466, -3.944673, 0.0 ], [ -38.962, -3.959, 0.0 ], [ -38.988, -3.98, 0.0 ], [ -39.003546, -3.991771, 0.0 ], [ -38.98416, -4.044386, 0.0 ], [ -38.956597, -4.072824, 0.0 ], [ -38.956986, -4.073418, 0.0 ], [ -38.957434, -4.073694, 0.0 ], [ -38.959252, -4.074447, 0.0 ], [ -38.959859, -4.074512, 0.0 ], [ -38.960363, -4.074288, 0.0 ], [ -38.960522, -4.074288, 0.0 ], [ -38.960796, -4.074462, 0.0 ], [ -38.960824, -4.074737, 0.0 ], [ -38.960507, -4.075548, 0.0 ], [ -38.960579, -4.076505, 0.0 ], [ -38.960464, -4.078851, 0.0 ], [ -38.960276, -4.079576, 0.0 ], [ -38.960045, -4.079837, 0.0 ], [ -38.959382, -4.079721, 0.0 ], [ -38.958862, -4.079127, 0.0 ], [ -38.958126, -4.079214, 0.0 ], [ -38.957405, -4.079504, 0.0 ], [ -38.95677, -4.079619, 0.0 ], [ -38.95628, -4.079807, 0.0 ], [ -38.955803, -4.080156, 0.0 ], [ -38.955529, -4.080532, 0.0 ], [ -38.9554, -4.080822, 0.0 ], [ -38.955371, -4.081112, 0.0 ], [ -38.955515, -4.082589, 0.0 ], [ -38.955731, -4.083459, 0.0 ], [ -38.955731, -4.084097, 0.0 ], [ -38.955616, -4.084444, 0.0 ], [ -38.955226, -4.084965, 0.0 ], [ -38.954317, -4.085733, 0.0 ], [ -38.953999, -4.086168, 0.0 ], [ -38.953956, -4.086443, 0.0 ], [ -38.954101, -4.087051, 0.0 ], [ -38.954432, -4.087776, 0.0 ], [ -38.954591, -4.087993, 0.0 ], [ -38.954865, -4.088124, 0.0 ], [ -38.955023, -4.088616, 0.0 ], [ -38.954951, -4.089312, 0.0 ], [ -38.954822, -4.089659, 0.0 ], [ -38.954476, -4.090181, 0.0 ], [ -38.953783, -4.091021, 0.0 ], [ -38.953148, -4.091948, 0.0 ], [ -38.953018, -4.092296, 0.0 ], [ -38.95296, -4.092948, 0.0 ], [ -38.953364, -4.093557, 0.0 ], [ -38.954201, -4.093976, 0.0 ], [ -38.954879, -4.094397, 0.0 ], [ -38.955211, -4.094499, 0.0 ], [ -38.955903, -4.094585, 0.0 ], [ -38.95625, -4.09473, 0.0 ], [ -38.956567, -4.094976, 0.0 ], [ -38.956567, -4.095135, 0.0 ], [ -38.955932, -4.096034, 0.0 ], [ -38.955903, -4.096382, 0.0 ], [ -38.956076, -4.096599, 0.0 ], [ -38.956452, -4.096715, 0.0 ], [ -38.957274, -4.096787, 0.0 ], [ -38.957665, -4.096654, 0.0 ], [ -38.958342, -4.096222, 0.0 ], [ -38.958674, -4.096281, 0.0 ], [ -38.958847, -4.096571, 0.0 ], [ -38.958847, -4.097178, 0.0 ], [ -38.958731, -4.097425, 0.0 ], [ -38.958371, -4.097758, 0.0 ], [ -38.957808, -4.097758, 0.0 ], [ -38.957563, -4.097874, 0.0 ], [ -38.957577, -4.098207, 0.0 ], [ -38.957664, -4.09828, 0.0 ], [ -38.95775, -4.098584, 0.0 ], [ -38.957678, -4.099396, 0.0 ], [ -38.957447, -4.099786, 0.0 ], [ -38.957086, -4.100018, 0.0 ], [ -38.95674, -4.100033, 0.0 ], [ -38.956553, -4.099917, 0.0 ], [ -38.95586, -4.099076, 0.0 ], [ -38.955341, -4.098671, 0.0 ], [ -38.954893, -4.098425, 0.0 ], [ -38.954547, -4.098324, 0.0 ], [ -38.953854, -4.098309, 0.0 ], [ -38.953335, -4.098439, 0.0 ], [ -38.952873, -4.098801, 0.0 ], [ -38.952599, -4.099192, 0.0 ], [ -38.952383, -4.100003, 0.0 ], [ -38.952354, -4.100612, 0.0 ], [ -38.952022, -4.101626, 0.0 ], [ -38.951762, -4.101959, 0.0 ], [ -38.950911, -4.102409, 0.0 ], [ -38.950363, -4.10293, 0.0 ], [ -38.949468, -4.103321, 0.0 ], [ -38.948718, -4.103248, 0.0 ], [ -38.948328, -4.10306, 0.0 ], [ -38.947982, -4.102756, 0.0 ], [ -38.947549, -4.102147, 0.0 ], [ -38.946957, -4.10093, 0.0 ], [ -38.946438, -4.099278, 0.0 ], [ -38.946352, -4.09841, 0.0 ], [ -38.946064, -4.09754, 0.0 ], [ -38.945774, -4.097047, 0.0 ], [ -38.945371, -4.096859, 0.0 ], [ -38.945068, -4.096859, 0.0 ], [ -38.945025, -4.096989, 0.0 ], [ -38.945256, -4.097743, 0.0 ], [ -38.945256, -4.098119, 0.0 ], [ -38.944908, -4.099278, 0.0 ], [ -38.944851, -4.099685, 0.0 ], [ -38.94475, -4.099887, 0.0 ], [ -38.944346, -4.100351, 0.0 ], [ -38.944173, -4.100409, 0.0 ], [ -38.943524, -4.100278, 0.0 ], [ -38.943019, -4.100308, 0.0 ], [ -38.942888, -4.100612, 0.0 ], [ -38.942888, -4.100901, 0.0 ], [ -38.942941, -4.101239, 0.0 ], [ -38.943227, -4.101664, 0.0 ], [ -38.943525, -4.102119, 0.0 ], [ -38.94365, -4.102574, 0.0 ], [ -38.943638, -4.103058, 0.0 ], [ -38.943579, -4.103586, 0.0 ], [ -38.931125, -4.103349, 0.0 ], [ -38.928918, -4.103938, 0.0 ], [ -38.928814, -4.103948, 0.0 ], [ -38.928734, -4.103957, 0.0 ], [ -38.928662, -4.103972, 0.0 ], [ -38.928613, -4.103986, 0.0 ], [ -38.928578, -4.103993, 0.0 ], [ -38.92855, -4.103993, 0.0 ], [ -38.928501, -4.104007, 0.0 ], [ -38.928452, -4.10401, 0.0 ], [ -38.928403, -4.104026, 0.0 ], [ -38.928386, -4.104031, 0.0 ], [ -38.928327, -4.104042, 0.0 ], [ -38.928272, -4.104062, 0.0 ], [ -38.92823, -4.104083, 0.0 ], [ -38.928186, -4.104103, 0.0 ], [ -38.928141, -4.104116, 0.0 ], [ -38.928113, -4.10413, 0.0 ], [ -38.928065, -4.104157, 0.0 ], [ -38.928014, -4.104184, 0.0 ], [ -38.927976, -4.104203, 0.0 ], [ -38.927948, -4.104217, 0.0 ], [ -38.9279, -4.104237, 0.0 ], [ -38.927851, -4.104264, 0.0 ], [ -38.927816, -4.104284, 0.0 ], [ -38.92778, -4.104305, 0.0 ], [ -38.927744, -4.104333, 0.0 ], [ -38.927716, -4.104361, 0.0 ], [ -38.927687, -4.104382, 0.0 ], [ -38.927665, -4.104396, 0.0 ], [ -38.927636, -4.104424, 0.0 ], [ -38.927599, -4.104446, 0.0 ], [ -38.927577, -4.10446, 0.0 ], [ -38.927524, -4.104504, 0.0 ], [ -38.927478, -4.104548, 0.0 ], [ -38.927463, -4.104571, 0.0 ], [ -38.927439, -4.104608, 0.0 ], [ -38.927415, -4.104638, 0.0 ], [ -38.927376, -4.104677, 0.0 ], [ -38.927339, -4.104716, 0.0 ], [ -38.927335, -4.104723, 0.0 ], [ -38.927303, -4.104747, 0.0 ], [ -38.927256, -4.104786, 0.0 ], [ -38.92721, -4.104817, 0.0 ], [ -38.927186, -4.104832, 0.0 ], [ -38.927155, -4.104848, 0.0 ], [ -38.927148, -4.104851, 0.0 ], [ -38.927109, -4.104879, 0.0 ], [ -38.927062, -4.104902, 0.0 ], [ -38.927054, -4.104906, 0.0 ], [ -38.927, -4.104941, 0.0 ], [ -38.926961, -4.104964, 0.0 ], [ -38.926929, -4.104988, 0.0 ], [ -38.926898, -4.105019, 0.0 ], [ -38.92686, -4.105049, 0.0 ], [ -38.926838, -4.105072, 0.0 ], [ -38.926808, -4.105094, 0.0 ], [ -38.926757, -4.105123, 0.0 ], [ -38.926735, -4.105145, 0.0 ], [ -38.926721, -4.105168, 0.0 ], [ -38.926706, -4.10519, 0.0 ], [ -38.926656, -4.105234, 0.0 ], [ -38.926613, -4.105262, 0.0 ], [ -38.926586, -4.105283, 0.0 ], [ -38.926558, -4.105311, 0.0 ], [ -38.926538, -4.105332, 0.0 ], [ -38.926534, -4.105343, 0.0 ], [ -38.926513, -4.105374, 0.0 ], [ -38.926476, -4.105406, 0.0 ], [ -38.92644, -4.105451, 0.0 ], [ -38.926411, -4.105475, 0.0 ], [ -38.926381, -4.105499, 0.0 ], [ -38.926352, -4.105534, 0.0 ], [ -38.926347, -4.105543, 0.0 ], [ -38.926318, -4.105574, 0.0 ], [ -38.92629, -4.105597, 0.0 ], [ -38.926268, -4.10562, 0.0 ], [ -38.926257, -4.105639, 0.0 ], [ -38.926252, -4.105642, 0.0 ], [ -38.926219, -4.105673, 0.0 ], [ -38.926197, -4.105703, 0.0 ], [ -38.926179, -4.10573, 0.0 ], [ -38.926177, -4.105739, 0.0 ], [ -38.926161, -4.105763, 0.0 ], [ -38.926146, -4.105786, 0.0 ], [ -38.92613, -4.10581, 0.0 ], [ -38.926115, -4.105833, 0.0 ], [ -38.926091, -4.10588, 0.0 ], [ -38.926081, -4.105904, 0.0 ], [ -38.926067, -4.105933, 0.0 ], [ -38.926058, -4.105963, 0.0 ], [ -38.926044, -4.105998, 0.0 ], [ -38.926035, -4.106034, 0.0 ], [ -38.926022, -4.106075, 0.0 ], [ -38.926022, -4.106078, 0.0 ], [ -38.925995, -4.106497, 0.0 ], [ -38.925996, -4.106531, 0.0 ], [ -38.925991, -4.106573, 0.0 ], [ -38.925992, -4.106614, 0.0 ], [ -38.925992, -4.106648, 0.0 ], [ -38.925993, -4.106681, 0.0 ], [ -38.925994, -4.106715, 0.0 ], [ -38.925994, -4.106742, 0.0 ], [ -38.925995, -4.106775, 0.0 ], [ -38.925995, -4.106808, 0.0 ], [ -38.925995, -4.106834, 0.0 ], [ -38.925996, -4.106861, 0.0 ], [ -38.925996, -4.106887, 0.0 ], [ -38.92599, -4.106943, 0.0 ], [ -38.92599, -4.106953, 0.0 ], [ -38.925989, -4.106979, 0.0 ], [ -38.925989, -4.107005, 0.0 ], [ -38.925989, -4.10705, 0.0 ], [ -38.925989, -4.107089, 0.0 ], [ -38.925989, -4.107128, 0.0 ], [ -38.925989, -4.107161, 0.0 ], [ -38.925989, -4.1072, 0.0 ], [ -38.925989, -4.107206, 0.0 ], [ -38.925989, -4.107213, 0.0 ], [ -38.925988, -4.107272, 0.0 ], [ -38.925988, -4.10733, 0.0 ], [ -38.925988, -4.107363, 0.0 ], [ -38.925988, -4.107395, 0.0 ], [ -38.925988, -4.107428, 0.0 ], [ -38.925988, -4.107438, 0.0 ], [ -38.925988, -4.107448, 0.0 ], [ -38.925988, -4.10748, 0.0 ], [ -38.925988, -4.107532, 0.0 ], [ -38.925988, -4.107575, 0.0 ], [ -38.925989, -4.107585, 0.0 ], [ -38.925991, -4.10763, 0.0 ], [ -38.925992, -4.107669, 0.0 ], [ -38.925994, -4.107708, 0.0 ], [ -38.925996, -4.107766, 0.0 ], [ -38.925997, -4.10781, 0.0 ], [ -38.925999, -4.107848, 0.0 ], [ -38.926005, -4.107874, 0.0 ], [ -38.926006, -4.107906, 0.0 ], [ -38.926013, -4.107937, 0.0 ], [ -38.926015, -4.107975, 0.0 ], [ -38.926021, -4.108001, 0.0 ], [ -38.926022, -4.108038, 0.0 ], [ -38.926025, -4.1081, 0.0 ], [ -38.926026, -4.108131, 0.0 ], [ -38.926028, -4.108186, 0.0 ], [ -38.926028, -4.10823, 0.0 ], [ -38.926027, -4.108262, 0.0 ], [ -38.926097, -4.108575, 0.0 ], [ -38.926096, -4.108607, 0.0 ], [ -38.926096, -4.108633, 0.0 ], [ -38.926096, -4.108665, 0.0 ], [ -38.9261, -4.108697, 0.0 ], [ -38.926105, -4.108729, 0.0 ], [ -38.92611, -4.108761, 0.0 ], [ -38.92611, -4.108813, 0.0 ], [ -38.926119, -4.108864, 0.0 ], [ -38.926124, -4.10891, 0.0 ], [ -38.926129, -4.108962, 0.0 ], [ -38.926128, -4.108988, 0.0 ], [ -38.926138, -4.109033, 0.0 ], [ -38.926143, -4.109066, 0.0 ], [ -38.926143, -4.109093, 0.0 ], [ -38.926148, -4.109139, 0.0 ], [ -38.926152, -4.109192, 0.0 ], [ -38.926152, -4.109232, 0.0 ], [ -38.926152, -4.109278, 0.0 ], [ -38.926151, -4.109318, 0.0 ], [ -38.92615, -4.109371, 0.0 ], [ -38.926149, -4.109424, 0.0 ], [ -38.926148, -4.109451, 0.0 ], [ -38.926147, -4.109504, 0.0 ], [ -38.926147, -4.109531, 0.0 ], [ -38.926146, -4.109558, 0.0 ], [ -38.926146, -4.109568, 0.0 ], [ -38.92614, -4.109604, 0.0 ], [ -38.92614, -4.109631, 0.0 ], [ -38.926138, -4.109685, 0.0 ], [ -38.926138, -4.109726, 0.0 ], [ -38.926132, -4.109765, 0.0 ], [ -38.926131, -4.109806, 0.0 ], [ -38.92613, -4.109816, 0.0 ], [ -38.926124, -4.109859, 0.0 ], [ -38.926124, -4.109893, 0.0 ], [ -38.926112, -4.109918, 0.0 ], [ -38.926122, -4.110376, 0.0 ], [ -38.92612, -4.110421, 0.0 ], [ -38.926118, -4.110481, 0.0 ], [ -38.926117, -4.110507, 0.0 ], [ -38.926115, -4.11056, 0.0 ], [ -38.926107, -4.110614, 0.0 ], [ -38.926104, -4.110673, 0.0 ], [ -38.926101, -4.110726, 0.0 ], [ -38.926094, -4.110767, 0.0 ], [ -38.926092, -4.1108, 0.0 ], [ -38.926089, -4.110847, 0.0 ], [ -38.926087, -4.110894, 0.0 ], [ -38.926089, -4.110954, 0.0 ], [ -38.926092, -4.111015, 0.0 ], [ -38.92609, -4.111056, 0.0 ], [ -38.926087, -4.111097, 0.0 ], [ -38.926085, -4.111146, 0.0 ], [ -38.926081, -4.111208, 0.0 ], [ -38.926073, -4.111257, 0.0 ], [ -38.926065, -4.111299, 0.0 ], [ -38.926052, -4.111327, 0.0 ], [ -38.926044, -4.111362, 0.0 ], [ -38.926025, -4.111398, 0.0 ], [ -38.925993, -4.111446, 0.0 ], [ -38.925971, -4.111485, 0.0 ], [ -38.925959, -4.111537, 0.0 ], [ -38.92594, -4.111586, 0.0 ], [ -38.925927, -4.111614, 0.0 ], [ -38.925925, -4.111642, 0.0 ], [ -38.925917, -4.11167, 0.0 ], [ -38.925909, -4.111698, 0.0 ], [ -38.925895, -4.111726, 0.0 ], [ -38.925881, -4.111769, 0.0 ], [ -38.925867, -4.111796, 0.0 ], [ -38.925858, -4.111832, 0.0 ], [ -38.925843, -4.111874, 0.0 ], [ -38.92584, -4.111885, 0.0 ], [ -38.925835, -4.111898, 0.0 ], [ -38.925814, -4.111956, 0.0 ], [ -38.925813, -4.111967, 0.0 ], [ -38.925797, -4.112016, 0.0 ], [ -38.925793, -4.112061, 0.0 ], [ -38.925782, -4.112112, 0.0 ], [ -38.925778, -4.112157, 0.0 ], [ -38.925768, -4.112215, 0.0 ], [ -38.925759, -4.112252, 0.0 ], [ -38.925756, -4.112289, 0.0 ], [ -38.925747, -4.112326, 0.0 ], [ -38.925739, -4.112355, 0.0 ], [ -38.925729, -4.1124, 0.0 ], [ -38.925709, -4.112442, 0.0 ], [ -38.925696, -4.112469, 0.0 ], [ -38.925682, -4.112505, 0.0 ], [ -38.925664, -4.112524, 0.0 ], [ -38.925635, -4.112554, 0.0 ], [ -38.925607, -4.112577, 0.0 ], [ -38.925601, -4.112587, 0.0 ], [ -38.925106, -4.113339, 0.0 ], [ -38.925077, -4.113387, 0.0 ], [ -38.925036, -4.113427, 0.0 ], [ -38.924995, -4.113459, 0.0 ], [ -38.92496, -4.113494, 0.0 ], [ -38.924918, -4.113536, 0.0 ], [ -38.924883, -4.113566, 0.0 ], [ -38.924875, -4.11359, 0.0 ], [ -38.924854, -4.113611, 0.0 ], [ -38.924833, -4.113632, 0.0 ], [ -38.924799, -4.113656, 0.0 ], [ -38.924764, -4.113684, 0.0 ], [ -38.924737, -4.113708, 0.0 ], [ -38.924698, -4.113746, 0.0 ], [ -38.924671, -4.113775, 0.0 ], [ -38.924649, -4.113802, 0.0 ], [ -38.924606, -4.113842, 0.0 ], [ -38.924569, -4.113882, 0.0 ], [ -38.924528, -4.113918, 0.0 ], [ -38.924487, -4.113954, 0.0 ], [ -38.924412, -4.114018, 0.0 ], [ -38.924352, -4.114062, 0.0 ], [ -38.92429, -4.114112, 0.0 ], [ -38.924254, -4.114145, 0.0 ], [ -38.924231, -4.114172, 0.0 ], [ -38.924208, -4.114199, 0.0 ], [ -38.924185, -4.114225, 0.0 ], [ -38.924174, -4.114251, 0.0 ], [ -38.924141, -4.114298, 0.0 ], [ -38.924106, -4.114352, 0.0 ], [ -38.924069, -4.114387, 0.0 ], [ -38.924054, -4.114414, 0.0 ], [ -38.924033, -4.114436, 0.0 ], [ -38.924017, -4.114464, 0.0 ], [ -38.924001, -4.114492, 0.0 ], [ -38.923984, -4.114519, 0.0 ], [ -38.923939, -4.114571, 0.0 ], [ -38.923934, -4.114581, 0.0 ], [ -38.923901, -4.114616, 0.0 ], [ -38.923876, -4.114652, 0.0 ], [ -38.923847, -4.11468, 0.0 ], [ -38.923824, -4.114709, 0.0 ], [ -38.923797, -4.114731, 0.0 ], [ -38.923764, -4.114752, 0.0 ], [ -38.923738, -4.114767, 0.0 ], [ -38.923707, -4.114781, 0.0 ], [ -38.923675, -4.114803, 0.0 ], [ -38.923637, -4.114825, 0.0 ], [ -38.923591, -4.114846, 0.0 ], [ -38.923544, -4.114874, 0.0 ], [ -38.923491, -4.114903, 0.0 ], [ -38.923456, -4.114931, 0.0 ], [ -38.92342, -4.114959, 0.0 ], [ -38.923369, -4.115002, 0.0 ], [ -38.923346, -4.115023, 0.0 ], [ -38.923316, -4.115051, 0.0 ], [ -38.923288, -4.11508, 0.0 ], [ -38.923262, -4.115115, 0.0 ], [ -38.923222, -4.115151, 0.0 ], [ -38.923196, -4.115172, 0.0 ], [ -38.923165, -4.115193, 0.0 ], [ -38.923135, -4.115214, 0.0 ], [ -38.923112, -4.115227, 0.0 ], [ -38.923084, -4.11524, 0.0 ], [ -38.923049, -4.11526, 0.0 ], [ -38.923015, -4.11528, 0.0 ], [ -38.922962, -4.115298, 0.0 ], [ -38.922933, -4.115318, 0.0 ], [ -38.922923, -4.115321, 0.0 ], [ -38.922886, -4.115337, 0.0 ], [ -38.922848, -4.115356, 0.0 ], [ -38.922808, -4.11539, 0.0 ], [ -38.9228, -4.115397, 0.0 ], [ -38.922776, -4.115418, 0.0 ], [ -38.922743, -4.115446, 0.0 ], [ -38.92271, -4.115475, 0.0 ], [ -38.922685, -4.115496, 0.0 ], [ -38.922657, -4.115526, 0.0 ], [ -38.922621, -4.115562, 0.0 ], [ -38.92245, -4.115698, 0.0 ], [ -38.922393, -4.115727, 0.0 ], [ -38.922357, -4.11575, 0.0 ], [ -38.922335, -4.115764, 0.0 ], [ -38.922325, -4.115771, 0.0 ], [ -38.92226, -4.115797, 0.0 ], [ -38.922204, -4.115832, 0.0 ], [ -38.922182, -4.115854, 0.0 ], [ -38.922132, -4.11589, 0.0 ], [ -38.922097, -4.11591, 0.0 ], [ -38.922062, -4.115931, 0.0 ], [ -38.92204, -4.115954, 0.0 ], [ -38.922002, -4.115985, 0.0 ], [ -38.921978, -4.116009, 0.0 ], [ -38.92195, -4.116015, 0.0 ], [ -38.921928, -4.116031, 0.0 ], [ -38.921897, -4.116055, 0.0 ], [ -38.921853, -4.116078, 0.0 ], [ -38.921828, -4.116103, 0.0 ], [ -38.921792, -4.116117, 0.0 ], [ -38.921761, -4.116141, 0.0 ], [ -38.921711, -4.116191, 0.0 ], [ -38.921669, -4.116233, 0.0 ], [ -38.921634, -4.116268, 0.0 ], [ -38.921595, -4.116307, 0.0 ], [ -38.921557, -4.116323, 0.0 ], [ -38.921515, -4.116357, 0.0 ], [ -38.921476, -4.116382, 0.0 ], [ -38.921441, -4.116402, 0.0 ], [ -38.92143, -4.116406, 0.0 ], [ -38.921375, -4.116438, 0.0 ], [ -38.921337, -4.116461, 0.0 ], [ -38.921301, -4.116475, 0.0 ], [ -38.921278, -4.116491, 0.0 ], [ -38.921225, -4.116522, 0.0 ], [ -38.920828, -4.116693, 0.0 ], [ -38.920785, -4.116723, 0.0 ], [ -38.920749, -4.116745, 0.0 ], [ -38.920718, -4.116759, 0.0 ], [ -38.920686, -4.116767, 0.0 ], [ -38.920648, -4.116782, 0.0 ], [ -38.920616, -4.116789, 0.0 ], [ -38.920579, -4.116811, 0.0 ], [ -38.9205, -4.116819, 0.0 ], [ -38.920462, -4.116826, 0.0 ], [ -38.920392, -4.116834, 0.0 ], [ -38.920354, -4.116855, 0.0 ], [ -38.920309, -4.116873, 0.0 ], [ -38.920265, -4.116905, 0.0 ], [ -38.920244, -4.116934, 0.0 ], [ -38.920206, -4.116969, 0.0 ], [ -38.920176, -4.116997, 0.0 ], [ -38.920147, -4.117025, 0.0 ], [ -38.920125, -4.117045, 0.0 ], [ -38.920073, -4.11709, 0.0 ], [ -38.920062, -4.117105, 0.0 ], [ -38.920041, -4.117135, 0.0 ], [ -38.920037, -4.117142, 0.0 ], [ -38.920001, -4.117182, 0.0 ], [ -38.919972, -4.117223, 0.0 ], [ -38.919944, -4.117257, 0.0 ], [ -38.91994, -4.117267, 0.0 ], [ -38.919923, -4.117305, 0.0 ], [ -38.919909, -4.117332, 0.0 ], [ -38.91988, -4.117365, 0.0 ], [ -38.919859, -4.117406, 0.0 ], [ -38.919838, -4.117432, 0.0 ], [ -38.919824, -4.117473, 0.0 ], [ -38.919818, -4.1175, 0.0 ], [ -38.919797, -4.117554, 0.0 ], [ -38.919776, -4.117587, 0.0 ], [ -38.919755, -4.117627, 0.0 ], [ -38.919749, -4.117654, 0.0 ], [ -38.919728, -4.117686, 0.0 ], [ -38.919701, -4.117724, 0.0 ], [ -38.91966, -4.117773, 0.0 ], [ -38.919646, -4.117806, 0.0 ], [ -38.919626, -4.117852, 0.0 ], [ -38.919609, -4.117896, 0.0 ], [ -38.919599, -4.117941, 0.0 ], [ -38.919582, -4.118006, 0.0 ], [ -38.919579, -4.118017, 0.0 ], [ -38.919565, -4.118057, 0.0 ], [ -38.919552, -4.118091, 0.0 ], [ -38.919545, -4.118119, 0.0 ], [ -38.919531, -4.11816, 0.0 ], [ -38.919511, -4.118176, 0.0 ], [ -38.919485, -4.118205, 0.0 ], [ -38.919359, -4.118592, 0.0 ], [ -38.91935, -4.118617, 0.0 ], [ -38.919378, -4.118642, 0.0 ], [ -38.919382, -4.118671, 0.0 ], [ -38.91938, -4.118677, 0.0 ], [ -38.919367, -4.118716, 0.0 ], [ -38.919351, -4.118753, 0.0 ], [ -38.919344, -4.118763, 0.0 ], [ -38.919328, -4.118794, 0.0 ], [ -38.919312, -4.118825, 0.0 ], [ -38.919334, -4.11887, 0.0 ], [ -38.919334, -4.118882, 0.0 ], [ -38.919335, -4.118918, 0.0 ], [ -38.91932, -4.118962, 0.0 ], [ -38.91931, -4.119, 0.0 ], [ -38.919294, -4.119033, 0.0 ], [ -38.919278, -4.119066, 0.0 ], [ -38.91924, -4.119088, 0.0 ], [ -38.919202, -4.119123, 0.0 ], [ -38.919196, -4.11913, 0.0 ], [ -38.919142, -4.11916, 0.0 ], [ -38.919121, -4.119194, 0.0 ], [ -38.919078, -4.119223, 0.0 ], [ -38.919028, -4.11926, 0.0 ], [ -38.918967, -4.119283, 0.0 ], [ -38.918961, -4.11929, 0.0 ], [ -38.918927, -4.119306, 0.0 ], [ -38.918909, -4.119327, 0.0 ], [ -38.91888, -4.119349, 0.0 ], [ -38.918826, -4.119365, 0.0 ], [ -38.918771, -4.119395, 0.0 ], [ -38.918738, -4.11941, 0.0 ], [ -38.918705, -4.119425, 0.0 ], [ -38.918656, -4.119448, 0.0 ], [ -38.918604, -4.119476, 0.0 ], [ -38.918565, -4.119497, 0.0 ], [ -38.918522, -4.119524, 0.0 ], [ -38.918488, -4.119539, 0.0 ], [ -38.918462, -4.119553, 0.0 ], [ -38.918418, -4.119567, 0.0 ], [ -38.918392, -4.119581, 0.0 ], [ -38.918348, -4.119602, 0.0 ], [ -38.918303, -4.119623, 0.0 ], [ -38.918257, -4.119634, 0.0 ], [ -38.918223, -4.119652, 0.0 ], [ -38.918187, -4.119659, 0.0 ], [ -38.918137, -4.11968, 0.0 ], [ -38.91811, -4.119701, 0.0 ], [ -38.918086, -4.119716, 0.0 ], [ -38.918048, -4.11973, 0.0 ], [ -38.918013, -4.119737, 0.0 ], [ -38.917981, -4.119751, 0.0 ], [ -38.917954, -4.119759, 0.0 ], [ -38.917907, -4.119773, 0.0 ], [ -38.917883, -4.119788, 0.0 ], [ -38.917843, -4.119803, 0.0 ], [ -38.917788, -4.119817, 0.0 ], [ -38.917726, -4.119829, 0.0 ], [ -38.917679, -4.119847, 0.0 ], [ -38.917652, -4.119855, 0.0 ], [ -38.917598, -4.11987, 0.0 ], [ -38.917548, -4.119877, 0.0 ], [ -38.917512, -4.119885, 0.0 ], [ -38.917462, -4.119892, 0.0 ], [ -38.917419, -4.1199, 0.0 ], [ -38.917385, -4.119916, 0.0 ], [ -38.917347, -4.119916, 0.0 ], [ -38.917297, -4.119931, 0.0 ], [ -38.91729, -4.119931, 0.0 ], [ -38.91724, -4.119947, 0.0 ], [ -38.917194, -4.119947, 0.0 ], [ -38.917165, -4.119955, 0.0 ], [ -38.917109, -4.119959, 0.0 ], [ -38.917098, -4.119963, 0.0 ], [ -38.917061, -4.119971, 0.0 ], [ -38.917009, -4.119979, 0.0 ], [ -38.916972, -4.119979, 0.0 ], [ -38.91696, -4.119979, 0.0 ], [ -38.916949, -4.119979, 0.0 ], [ -38.916896, -4.119979, 0.0 ], [ -38.916866, -4.119979, 0.0 ], [ -38.916836, -4.119987, 0.0 ], [ -38.916798, -4.119987, 0.0 ], [ -38.91676, -4.119987, 0.0 ], [ -38.916729, -4.119988, 0.0 ], [ -38.916667, -4.119988, 0.0 ], [ -38.916628, -4.119988, 0.0 ], [ -38.916582, -4.119988, 0.0 ], [ -38.916534, -4.119988, 0.0 ], [ -38.916479, -4.119988, 0.0 ], [ -38.916424, -4.119989, 0.0 ], [ -38.916384, -4.119989, 0.0 ], [ -38.916353, -4.119997, 0.0 ], [ -38.916301, -4.120006, 0.0 ], [ -38.91629, -4.120006, 0.0 ], [ -38.916258, -4.120006, 0.0 ], [ -38.916245, -4.120006, 0.0 ], [ -38.916185, -4.120015, 0.0 ], [ -38.916153, -4.120015, 0.0 ], [ -38.91612, -4.120015, 0.0 ], [ -38.916062, -4.120016, 0.0 ], [ -38.915996, -4.120016, 0.0 ], [ -38.915912, -4.120025, 0.0 ], [ -38.915862, -4.120025, 0.0 ], [ -38.91581, -4.120026, 0.0 ], [ -38.915768, -4.120026, 0.0 ], [ -38.915733, -4.120026, 0.0 ], [ -38.915681, -4.120027, 0.0 ], [ -38.915637, -4.120027, 0.0 ], [ -38.915602, -4.120027, 0.0 ], [ -38.915558, -4.120028, 0.0 ], [ -38.915513, -4.120028, 0.0 ], [ -38.915468, -4.120028, 0.0 ], [ -38.915424, -4.120002, 0.0 ], [ -38.915378, -4.120003, 0.0 ], [ -38.915333, -4.119985, 0.0 ], [ -38.915279, -4.119959, 0.0 ], [ -38.915243, -4.119942, 0.0 ], [ -38.915208, -4.119915, 0.0 ], [ -38.915181, -4.119897, 0.0 ], [ -38.915126, -4.119871, 0.0 ], [ -38.91508, -4.119862, 0.0 ], [ -38.915052, -4.119853, 0.0 ], [ -38.915006, -4.119835, 0.0 ], [ -38.91496, -4.119817, 0.0 ], [ -38.914904, -4.119808, 0.0 ], [ -38.91485, -4.119786, 0.0 ], [ -38.914841, -4.119781, 0.0 ], [ -38.914786, -4.119763, 0.0 ], [ -38.914749, -4.119754, 0.0 ], [ -38.914715, -4.119727, 0.0 ], [ -38.914679, -4.11971, 0.0 ], [ -38.914643, -4.119692, 0.0 ], [ -38.914596, -4.119682, 0.0 ], [ -38.914561, -4.119664, 0.0 ], [ -38.914515, -4.119646, 0.0 ], [ -38.914452, -4.119619, 0.0 ], [ -38.914406, -4.119601, 0.0 ], [ -38.914397, -4.119597, 0.0 ], [ -38.914325, -4.119565, 0.0 ], [ -38.91422, -4.119528, 0.0 ], [ -38.914172, -4.1195, 0.0 ], [ -38.914133, -4.119482, 0.0 ], [ -38.914075, -4.119453, 0.0 ], [ -38.914035, -4.119435, 0.0 ], [ -38.914, -4.119399, 0.0 ], [ -38.913974, -4.119372, 0.0 ], [ -38.913906, -4.119334, 0.0 ], [ -38.913849, -4.119297, 0.0 ], [ -38.913802, -4.119261, 0.0 ], [ -38.913776, -4.119234, 0.0 ], [ -38.913716, -4.119205, 0.0 ], [ -38.913677, -4.119177, 0.0 ], [ -38.913635, -4.119147, 0.0 ], [ -38.913637, -4.119139, 0.0 ], [ -38.913298, -4.118825, 0.0 ], [ -38.913247, -4.118802, 0.0 ], [ -38.913222, -4.118787, 0.0 ], [ -38.913188, -4.118762, 0.0 ], [ -38.913153, -4.118748, 0.0 ], [ -38.913127, -4.118732, 0.0 ], [ -38.913075, -4.118689, 0.0 ], [ -38.913022, -4.118676, 0.0 ], [ -38.912968, -4.118653, 0.0 ], [ -38.912941, -4.118636, 0.0 ], [ -38.912876, -4.118603, 0.0 ], [ -38.912839, -4.118587, 0.0 ], [ -38.912802, -4.118571, 0.0 ], [ -38.912726, -4.118538, 0.0 ], [ -38.912658, -4.118503, 0.0 ], [ -38.912599, -4.118478, 0.0 ], [ -38.912519, -4.118432, 0.0 ], [ -38.912499, -4.118413, 0.0 ], [ -38.912438, -4.118365, 0.0 ], [ -38.912365, -4.118328, 0.0 ], [ -38.912292, -4.118279, 0.0 ], [ -38.91226, -4.118249, 0.0 ], [ -38.912206, -4.118209, 0.0 ], [ -38.912163, -4.118168, 0.0 ], [ -38.912108, -4.118138, 0.0 ], [ -38.912053, -4.118075, 0.0 ], [ -38.911996, -4.118043, 0.0 ], [ -38.911951, -4.118001, 0.0 ], [ -38.911906, -4.117958, 0.0 ], [ -38.911871, -4.117925, 0.0 ], [ -38.911837, -4.117893, 0.0 ], [ -38.911778, -4.117849, 0.0 ], [ -38.911719, -4.117793, 0.0 ], [ -38.911696, -4.11776, 0.0 ], [ -38.911636, -4.117703, 0.0 ], [ -38.911588, -4.117646, 0.0 ], [ -38.911551, -4.117612, 0.0 ], [ -38.911528, -4.117555, 0.0 ], [ -38.911479, -4.117486, 0.0 ], [ -38.911431, -4.11745, 0.0 ], [ -38.911396, -4.117393, 0.0 ], [ -38.911341, -4.11734, 0.0 ], [ -38.911335, -4.117334, 0.0 ], [ -38.911274, -4.117286, 0.0 ], [ -38.911211, -4.117238, 0.0 ], [ -38.911173, -4.117213, 0.0 ], [ -38.911098, -4.117152, 0.0 ], [ -38.911059, -4.117127, 0.0 ], [ -38.911033, -4.117114, 0.0 ], [ -38.910955, -4.117051, 0.0 ], [ -38.910916, -4.117014, 0.0 ], [ -38.910863, -4.116987, 0.0 ], [ -38.91081, -4.116937, 0.0 ], [ -38.910798, -4.116913, 0.0 ], [ -38.910408, -4.116467, 0.0 ], [ -38.910361, -4.116394, 0.0 ], [ -38.91033, -4.116322, 0.0 ], [ -38.910299, -4.116233, 0.0 ], [ -38.91025, -4.116143, 0.0 ], [ -38.910202, -4.116053, 0.0 ], [ -38.91017, -4.115998, 0.0 ], [ -38.910104, -4.115888, 0.0 ], [ -38.910071, -4.115781, 0.0 ], [ -38.910022, -4.115672, 0.0 ], [ -38.909956, -4.115561, 0.0 ], [ -38.909906, -4.115434, 0.0 ], [ -38.909855, -4.115289, 0.0 ], [ -38.909821, -4.115198, 0.0 ], [ -38.909788, -4.115124, 0.0 ], [ -38.909737, -4.114978, 0.0 ], [ -38.909736, -4.114926, 0.0 ], [ -38.909718, -4.11482, 0.0 ], [ -38.909701, -4.114748, 0.0 ], [ -38.909684, -4.114676, 0.0 ], [ -38.909649, -4.11455, 0.0 ], [ -38.909632, -4.114477, 0.0 ], [ -38.909632, -4.114442, 0.0 ], [ -38.909582, -4.114328, 0.0 ], [ -38.909549, -4.114233, 0.0 ], [ -38.909499, -4.114098, 0.0 ], [ -38.909449, -4.113963, 0.0 ], [ -38.909415, -4.113867, 0.0 ], [ -38.909381, -4.113788, 0.0 ], [ -38.90933, -4.113724, 0.0 ], [ -38.909279, -4.113587, 0.0 ], [ -38.909228, -4.113485, 0.0 ], [ -38.909193, -4.113406, 0.0 ], [ -38.90914, -4.113273, 0.0 ], [ -38.909104, -4.113179, 0.0 ], [ -38.909085, -4.113089, 0.0 ], [ -38.909066, -4.113016, 0.0 ], [ -38.909031, -4.112937, 0.0 ], [ -38.908995, -4.112841, 0.0 ], [ -38.90896, -4.112761, 0.0 ], [ -38.908924, -4.112664, 0.0 ], [ -38.908924, -4.112655, 0.0 ], [ -38.907486, -4.109257, 0.0 ], [ -38.90756, -4.108815, 0.0 ], [ -38.907569, -4.108735, 0.0 ], [ -38.907578, -4.108655, 0.0 ], [ -38.907587, -4.108576, 0.0 ], [ -38.907599, -4.108465, 0.0 ], [ -38.907607, -4.108386, 0.0 ], [ -38.907614, -4.108324, 0.0 ], [ -38.90759, -4.108255, 0.0 ], [ -38.907597, -4.108193, 0.0 ], [ -38.907609, -4.108084, 0.0 ], [ -38.907619, -4.107992, 0.0 ], [ -38.907629, -4.107899, 0.0 ], [ -38.907635, -4.107837, 0.0 ], [ -38.907646, -4.107728, 0.0 ], [ -38.907656, -4.10762, 0.0 ], [ -38.907663, -4.107543, 0.0 ], [ -38.907672, -4.107452, 0.0 ], [ -38.907677, -4.107391, 0.0 ], [ -38.907731, -4.106872, 0.0 ], [ -38.907738, -4.106801, 0.0 ], [ -38.907745, -4.106733, 0.0 ], [ -38.907745, -4.106596, 0.0 ], [ -38.907754, -4.106513, 0.0 ], [ -38.907762, -4.106425, 0.0 ], [ -38.907769, -4.106354, 0.0 ], [ -38.907779, -4.10625, 0.0 ], [ -38.907786, -4.106181, 0.0 ], [ -38.90781, -4.106071, 0.0 ], [ -38.907829, -4.106011, 0.0 ], [ -38.907842, -4.105891, 0.0 ], [ -38.907848, -4.105826, 0.0 ], [ -38.907899, -4.105687, 0.0 ], [ -38.907922, -4.105565, 0.0 ], [ -38.907955, -4.105477, 0.0 ], [ -38.907986, -4.105406, 0.0 ], [ -38.908015, -4.105352, 0.0 ], [ -38.908072, -4.105244, 0.0 ], [ -38.908089, -4.10519, 0.0 ], [ -38.908133, -4.105102, 0.0 ], [ -38.908148, -4.105065, 0.0 ], [ -38.908164, -4.105014, 0.0 ], [ -38.908193, -4.104966, 0.0 ], [ -38.908248, -4.104869, 0.0 ], [ -38.908254, -4.104863, 0.0 ], [ -38.908275, -4.104807, 0.0 ], [ -38.908278, -4.104756, 0.0 ], [ -38.908306, -4.104697, 0.0 ], [ -38.908311, -4.104624, 0.0 ], [ -38.908318, -4.104528, 0.0 ], [ -38.908323, -4.104468, 0.0 ], [ -38.90833, -4.104374, 0.0 ], [ -38.908335, -4.104305, 0.0 ], [ -38.908343, -4.104202, 0.0 ], [ -38.908348, -4.104134, 0.0 ], [ -38.908341, -4.104077, 0.0 ], [ -38.908336, -4.104021, 0.0 ], [ -38.908332, -4.103942, 0.0 ], [ -38.908315, -4.103885, 0.0 ], [ -38.908308, -4.103841, 0.0 ], [ -38.908292, -4.103784, 0.0 ], [ -38.90827, -4.103673, 0.0 ], [ -38.90825, -4.10365, 0.0 ], [ -38.908225, -4.103572, 0.0 ], [ -38.891786, -4.107553, 0.0 ], [ -38.891718, -4.107294, 0.0 ], [ -38.891706, -4.107265, 0.0 ], [ -38.891703, -4.107234, 0.0 ], [ -38.891693, -4.107196, 0.0 ], [ -38.89169, -4.107165, 0.0 ], [ -38.891697, -4.107124, 0.0 ], [ -38.891696, -4.10708, 0.0 ], [ -38.891698, -4.107067, 0.0 ], [ -38.891699, -4.107009, 0.0 ], [ -38.891697, -4.106967, 0.0 ], [ -38.891702, -4.106941, 0.0 ], [ -38.8917, -4.106883, 0.0 ], [ -38.891704, -4.106842, 0.0 ], [ -38.891703, -4.106791, 0.0 ], [ -38.891708, -4.106755, 0.0 ], [ -38.891712, -4.106727, 0.0 ], [ -38.891703, -4.106675, 0.0 ], [ -38.891704, -4.10661, 0.0 ], [ -38.8917, -4.106574, 0.0 ], [ -38.891675, -4.106513, 0.0 ], [ -38.891671, -4.106485, 0.0 ], [ -38.891655, -4.106412, 0.0 ], [ -38.891634, -4.106377, 0.0 ], [ -38.89163, -4.106339, 0.0 ], [ -38.891601, -4.106305, 0.0 ], [ -38.89158, -4.10627, 0.0 ], [ -38.891561, -4.106214, 0.0 ], [ -38.891532, -4.106169, 0.0 ], [ -38.891526, -4.10614, 0.0 ], [ -38.891504, -4.106097, 0.0 ], [ -38.891466, -4.106038, 0.0 ], [ -38.891443, -4.106014, 0.0 ], [ -38.89142, -4.105981, 0.0 ], [ -38.891396, -4.105957, 0.0 ], [ -38.891373, -4.105924, 0.0 ], [ -38.891334, -4.105884, 0.0 ], [ -38.891298, -4.105859, 0.0 ], [ -38.891294, -4.105855, 0.0 ], [ -38.891254, -4.105816, 0.0 ], [ -38.89123, -4.105802, 0.0 ], [ -38.891182, -4.105775, 0.0 ], [ -38.89115, -4.105754, 0.0 ], [ -38.891111, -4.105725, 0.0 ], [ -38.891103, -4.105717, 0.0 ], [ -38.891055, -4.10568, 0.0 ], [ -38.891016, -4.105672, 0.0 ], [ -38.890984, -4.10564, 0.0 ], [ -38.890961, -4.105627, 0.0 ], [ -38.890921, -4.105598, 0.0 ], [ -38.890882, -4.105574, 0.0 ], [ -38.890843, -4.10556, 0.0 ], [ -38.890604, -4.105333, 0.0 ], [ -38.890579, -4.10532, 0.0 ], [ -38.890546, -4.105308, 0.0 ], [ -38.890479, -4.105284, 0.0 ], [ -38.89043, -4.105258, 0.0 ], [ -38.890398, -4.105238, 0.0 ], [ -38.89035, -4.105212, 0.0 ], [ -38.89031, -4.105194, 0.0 ], [ -38.890286, -4.105181, 0.0 ], [ -38.890255, -4.105162, 0.0 ], [ -38.890224, -4.105135, 0.0 ], [ -38.890202, -4.105114, 0.0 ], [ -38.890187, -4.105092, 0.0 ], [ -38.890157, -4.105065, 0.0 ], [ -38.890119, -4.105039, 0.0 ], [ -38.890089, -4.105012, 0.0 ], [ -38.890067, -4.104983, 0.0 ], [ -38.890044, -4.104963, 0.0 ], [ -38.890014, -4.104944, 0.0 ], [ -38.889992, -4.104924, 0.0 ], [ -38.889962, -4.104905, 0.0 ], [ -38.88994, -4.104885, 0.0 ], [ -38.889919, -4.104857, 0.0 ], [ -38.889879, -4.104816, 0.0 ], [ -38.889868, -4.10481, 0.0 ], [ -38.889846, -4.104783, 0.0 ], [ -38.889803, -4.104734, 0.0 ], [ -38.889774, -4.104698, 0.0 ], [ -38.889738, -4.104656, 0.0 ], [ -38.889702, -4.104638, 0.0 ], [ -38.88968, -4.104601, 0.0 ], [ -38.889638, -4.10456, 0.0 ], [ -38.889616, -4.10454, 0.0 ], [ -38.889595, -4.104503, 0.0 ], [ -38.889573, -4.104465, 0.0 ], [ -38.889544, -4.104429, 0.0 ], [ -38.889523, -4.104399, 0.0 ], [ -38.889501, -4.104369, 0.0 ], [ -38.889479, -4.104347, 0.0 ], [ -38.889458, -4.104317, 0.0 ], [ -38.889421, -4.104272, 0.0 ], [ -38.889385, -4.10424, 0.0 ], [ -38.889378, -4.104237, 0.0 ], [ -38.889342, -4.104192, 0.0 ], [ -38.889313, -4.104162, 0.0 ], [ -38.889284, -4.104142, 0.0 ], [ -38.889256, -4.104131, 0.0 ], [ -38.889228, -4.10412, 0.0 ], [ -38.889193, -4.104101, 0.0 ], [ -38.889165, -4.104077, 0.0 ], [ -38.889123, -4.104063, 0.0 ], [ -38.88908, -4.104036, 0.0 ], [ -38.889073, -4.104028, 0.0 ], [ -38.889052, -4.104014, 0.0 ], [ -38.889009, -4.103987, 0.0 ], [ -38.888971, -4.103968, 0.0 ], [ -38.888911, -4.103935, 0.0 ], [ -38.888877, -4.103925, 0.0 ], [ -38.888839, -4.103907, 0.0 ], [ -38.888564, -4.103692, 0.0 ], [ -38.88855, -4.103661, 0.0 ], [ -38.888542, -4.103658, 0.0 ], [ -38.888506, -4.10361, 0.0 ], [ -38.888477, -4.103572, 0.0 ], [ -38.888448, -4.103535, 0.0 ], [ -38.888418, -4.103497, 0.0 ], [ -38.888382, -4.10346, 0.0 ], [ -38.88836, -4.10343, 0.0 ], [ -38.888317, -4.103402, 0.0 ], [ -38.888281, -4.103374, 0.0 ], [ -38.888245, -4.103337, 0.0 ], [ -38.888223, -4.103315, 0.0 ], [ -38.888201, -4.103285, 0.0 ], [ -38.888178, -4.103246, 0.0 ], [ -38.888148, -4.103208, 0.0 ], [ -38.888125, -4.103169, 0.0 ], [ -38.888115, -4.103136, 0.0 ], [ -38.888098, -4.103095, 0.0 ], [ -38.888082, -4.103062, 0.0 ], [ -38.888066, -4.10303, 0.0 ], [ -38.888041, -4.102972, 0.0 ], [ -38.888024, -4.102939, 0.0 ], [ -38.888008, -4.102906, 0.0 ], [ -38.887976, -4.102858, 0.0 ], [ -38.887951, -4.102808, 0.0 ], [ -38.887935, -4.102784, 0.0 ], [ -38.887917, -4.102741, 0.0 ], [ -38.887894, -4.102708, 0.0 ], [ -38.88787, -4.10266, 0.0 ], [ -38.887846, -4.102621, 0.0 ], [ -38.887823, -4.102581, 0.0 ], [ -38.887818, -4.102573, 0.0 ], [ -38.887783, -4.10251, 0.0 ], [ -38.887767, -4.102477, 0.0 ], [ -38.887743, -4.102438, 0.0 ], [ -38.887733, -4.102403, 0.0 ], [ -38.887729, -4.102395, 0.0 ], [ -38.887721, -4.102342, 0.0 ], [ -38.887711, -4.102298, 0.0 ], [ -38.887699, -4.102245, 0.0 ], [ -38.887692, -4.102184, 0.0 ], [ -38.887688, -4.102153, 0.0 ], [ -38.887678, -4.102069, 0.0 ], [ -38.887671, -4.102016, 0.0 ], [ -38.887203, -4.102039, 0.0 ], [ -38.887164, -4.102026, 0.0 ], [ -38.887125, -4.102023, 0.0 ], [ -38.887086, -4.10203, 0.0 ], [ -38.887047, -4.102027, 0.0 ], [ -38.887015, -4.102032, 0.0 ], [ -38.886937, -4.102045, 0.0 ], [ -38.886891, -4.102053, 0.0 ], [ -38.886845, -4.10206, 0.0 ], [ -38.88679, -4.10206, 0.0 ], [ -38.886779, -4.102057, 0.0 ], [ -38.886717, -4.10204, 0.0 ], [ -38.886689, -4.102032, 0.0 ], [ -38.886653, -4.102023, 0.0 ], [ -38.886618, -4.102013, 0.0 ], [ -38.886575, -4.102001, 0.0 ], [ -38.886545, -4.102011, 0.0 ], [ -38.886508, -4.102028, 0.0 ], [ -38.886479, -4.102037, 0.0 ], [ -38.886456, -4.102058, 0.0 ], [ -38.886419, -4.102083, 0.0 ], [ -38.886396, -4.102103, 0.0 ], [ -38.886374, -4.102132, 0.0 ], [ -38.886359, -4.102155, 0.0 ], [ -38.886336, -4.102184, 0.0 ], [ -38.886306, -4.10222, 0.0 ], [ -38.886298, -4.102258, 0.0 ], [ -38.886283, -4.102295, 0.0 ], [ -38.886275, -4.102333, 0.0 ], [ -38.88626, -4.10237, 0.0 ], [ -38.886252, -4.102408, 0.0 ], [ -38.886237, -4.102461, 0.0 ], [ -38.88623, -4.102516, 0.0 ], [ -38.886229, -4.102572, 0.0 ], [ -38.886222, -4.102643, 0.0 ], [ -38.886222, -4.102691, 0.0 ], [ -38.886222, -4.102732, 0.0 ], [ -38.886222, -4.10279, 0.0 ], [ -38.886222, -4.102846, 0.0 ], [ -38.886222, -4.102892, 0.0 ], [ -38.886222, -4.102896, 0.0 ], [ -38.886222, -4.1029, 0.0 ], [ -38.886222, -4.102954, 0.0 ], [ -38.886229, -4.10301, 0.0 ], [ -38.886236, -4.10305, 0.0 ], [ -38.886251, -4.103092, 0.0 ], [ -38.886258, -4.103124, 0.0 ], [ -38.886273, -4.103166, 0.0 ], [ -38.88628, -4.103205, 0.0 ], [ -38.886295, -4.103246, 0.0 ], [ -38.886306, -4.10329, 0.0 ], [ -38.886309, -4.103301, 0.0 ], [ -38.886324, -4.103349, 0.0 ], [ -38.886323, -4.103402, 0.0 ], [ -38.88633, -4.103464, 0.0 ], [ -38.886344, -4.103504, 0.0 ], [ -38.886351, -4.103543, 0.0 ], [ -38.886365, -4.103575, 0.0 ], [ -38.886372, -4.103613, 0.0 ], [ -38.886386, -4.10366, 0.0 ], [ -38.886392, -4.103704, 0.0 ], [ -38.886406, -4.103754, 0.0 ], [ -38.886406, -4.103764, 0.0 ], [ -38.886419, -4.103817, 0.0 ], [ -38.886426, -4.103882, 0.0 ], [ -38.886439, -4.10393, 0.0 ], [ -38.886439, -4.103941, 0.0 ], [ -38.886452, -4.103985, 0.0 ], [ -38.886459, -4.104014, 0.0 ], [ -38.886472, -4.104051, 0.0 ], [ -38.886485, -4.104087, 0.0 ], [ -38.886497, -4.104131, 0.0 ], [ -38.88651, -4.104175, 0.0 ], [ -38.886522, -4.104218, 0.0 ], [ -38.886527, -4.104246, 0.0 ], [ -38.886527, -4.104274, 0.0 ], [ -38.886538, -4.104323, 0.0 ], [ -38.88655, -4.104364, 0.0 ], [ -38.886555, -4.104392, 0.0 ], [ -38.886567, -4.104439, 0.0 ], [ -38.886572, -4.104466, 0.0 ], [ -38.886577, -4.104506, 0.0 ], [ -38.886588, -4.104552, 0.0 ], [ -38.886594, -4.104579, 0.0 ], [ -38.886598, -4.104624, 0.0 ], [ -38.886604, -4.10465, 0.0 ], [ -38.886609, -4.104688, 0.0 ], [ -38.886612, -4.104695, 0.0 ], [ -38.886614, -4.104727, 0.0 ], [ -38.886618, -4.104771, 0.0 ], [ -38.886623, -4.104802, 0.0 ], [ -38.886628, -4.104833, 0.0 ], [ -38.886639, -4.104876, 0.0 ], [ -38.886643, -4.104907, 0.0 ], [ -38.886648, -4.104937, 0.0 ], [ -38.886647, -4.104961, 0.0 ], [ -38.88665, -4.104973, 0.0 ], [ -38.886651, -4.105015, 0.0 ], [ -38.88665, -4.105046, 0.0 ], [ -38.886654, -4.105093, 0.0 ], [ -38.886653, -4.105128, 0.0 ], [ -38.886651, -4.10517, 0.0 ], [ -38.886651, -4.105179, 0.0 ], [ -38.88665, -4.105188, 0.0 ], [ -38.886649, -4.105217, 0.0 ], [ -38.886648, -4.105252, 0.0 ], [ -38.886648, -4.105263, 0.0 ], [ -38.886645, -4.105326, 0.0 ], [ -38.886632, -4.105356, 0.0 ], [ -38.886625, -4.105391, 0.0 ], [ -38.886612, -4.10542, 0.0 ], [ -38.886587, -4.10549, 0.0 ], [ -38.886562, -4.105546, 0.0 ], [ -38.886556, -4.105555, 0.0 ], [ -38.886549, -4.105583, 0.0 ], [ -38.886539, -4.105619, 0.0 ], [ -38.886536, -4.105628, 0.0 ], [ -38.886529, -4.10565, 0.0 ], [ -38.886529, -4.105656, 0.0 ], [ -38.886528, -4.105682, 0.0 ], [ -38.886521, -4.105715, 0.0 ], [ -38.886513, -4.105773, 0.0 ], [ -38.886185, -4.106112, 0.0 ], [ -38.886168, -4.106137, 0.0 ], [ -38.88615, -4.106161, 0.0 ], [ -38.886132, -4.106193, 0.0 ], [ -38.886114, -4.106218, 0.0 ], [ -38.886102, -4.106236, 0.0 ], [ -38.886096, -4.106242, 0.0 ], [ -38.886061, -4.106285, 0.0 ], [ -38.886037, -4.106302, 0.0 ], [ -38.88602, -4.106326, 0.0 ], [ -38.88599, -4.106343, 0.0 ], [ -38.885959, -4.106359, 0.0 ], [ -38.885918, -4.106394, 0.0 ], [ -38.88588, -4.106404, 0.0 ], [ -38.88585, -4.106421, 0.0 ], [ -38.885812, -4.10643, 0.0 ], [ -38.885781, -4.106441, 0.0 ], [ -38.88573, -4.106462, 0.0 ], [ -38.885696, -4.106465, 0.0 ], [ -38.885677, -4.106483, 0.0 ], [ -38.885651, -4.1065, 0.0 ], [ -38.885618, -4.106519, 0.0 ], [ -38.885611, -4.106522, 0.0 ], [ -38.88557, -4.106538, 0.0 ], [ -38.885535, -4.106548, 0.0 ], [ -38.8855, -4.106558, 0.0 ], [ -38.885457, -4.106574, 0.0 ], [ -38.885393, -4.10659, 0.0 ], [ -38.885357, -4.106595, 0.0 ], [ -38.885305, -4.106598, 0.0 ], [ -38.88526, -4.106603, 0.0 ], [ -38.885253, -4.106606, 0.0 ], [ -38.885199, -4.106613, 0.0 ], [ -38.885168, -4.106618, 0.0 ], [ -38.885127, -4.106622, 0.0 ], [ -38.885087, -4.106633, 0.0 ], [ -38.885046, -4.106645, 0.0 ], [ -38.885013, -4.10665, 0.0 ], [ -38.88498, -4.106662, 0.0 ], [ -38.884956, -4.106675, 0.0 ], [ -38.884925, -4.106708, 0.0 ], [ -38.884911, -4.106735, 0.0 ], [ -38.884887, -4.106755, 0.0 ], [ -38.884864, -4.106782, 0.0 ], [ -38.884832, -4.106816, 0.0 ], [ -38.884801, -4.106851, 0.0 ], [ -38.884769, -4.106878, 0.0 ], [ -38.884745, -4.106906, 0.0 ], [ -38.884722, -4.106919, 0.0 ], [ -38.884678, -4.106954, 0.0 ], [ -38.884639, -4.106975, 0.0 ], [ -38.884609, -4.106996, 0.0 ], [ -38.884562, -4.107017, 0.0 ], [ -38.884507, -4.107046, 0.0 ], [ -38.884465, -4.107053, 0.0 ], [ -38.884434, -4.107071, 0.0 ], [ -38.884375, -4.107082, 0.0 ], [ -38.884332, -4.10709, 0.0 ], [ -38.884311, -4.107104, 0.0 ], [ -38.884274, -4.107119, 0.0 ], [ -38.884228, -4.107126, 0.0 ], [ -38.88422, -4.107126, 0.0 ], [ -38.884171, -4.107127, 0.0 ], [ -38.884108, -4.107134, 0.0 ], [ -38.884051, -4.107135, 0.0 ], [ -38.884045, -4.107135, 0.0 ], [ -38.884027, -4.107137, 0.0 ], [ -38.883992, -4.107141, 0.0 ], [ -38.883982, -4.107141, 0.0 ], [ -38.883952, -4.107148, 0.0 ], [ -38.883922, -4.107154, 0.0 ], [ -38.88389, -4.107154, 0.0 ], [ -38.883846, -4.107154, 0.0 ], [ -38.883815, -4.107153, 0.0 ], [ -38.88378, -4.10716, 0.0 ], [ -38.883736, -4.107159, 0.0 ], [ -38.883705, -4.107159, 0.0 ], [ -38.883699, -4.107158, 0.0 ], [ -38.883693, -4.107158, 0.0 ], [ -38.883655, -4.107158, 0.0 ], [ -38.88363, -4.107158, 0.0 ], [ -38.883617, -4.107158, 0.0 ], [ -38.883605, -4.107158, 0.0 ], [ -38.883574, -4.107157, 0.0 ], [ -38.883532, -4.107164, 0.0 ], [ -38.883503, -4.10717, 0.0 ], [ -38.883466, -4.10717, 0.0 ], [ -38.883441, -4.107169, 0.0 ], [ -38.883429, -4.107169, 0.0 ], [ -38.883358, -4.107172, 0.0 ], [ -38.883316, -4.107187, 0.0 ], [ -38.883289, -4.107193, 0.0 ], [ -38.883281, -4.107193, 0.0 ], [ -38.883254, -4.107205, 0.0 ], [ -38.883239, -4.107205, 0.0 ], [ -38.883234, -4.107205, 0.0 ], [ -38.883195, -4.10721, 0.0 ], [ -38.883165, -4.107209, 0.0 ], [ -38.883153, -4.107209, 0.0 ], [ -38.88312, -4.107188, 0.0 ], [ -38.883092, -4.107175, 0.0 ], [ -38.883057, -4.107154, 0.0 ], [ -38.883023, -4.107134, 0.0 ], [ -38.882993, -4.107114, 0.0 ], [ -38.882966, -4.107087, 0.0 ], [ -38.882937, -4.107067, 0.0 ], [ -38.882912, -4.107047, 0.0 ], [ -38.88288, -4.10702, 0.0 ], [ -38.882655, -4.106803, 0.0 ], [ -38.882629, -4.106778, 0.0 ], [ -38.882596, -4.106752, 0.0 ], [ -38.88257, -4.106727, 0.0 ], [ -38.88253, -4.106701, 0.0 ], [ -38.882504, -4.106675, 0.0 ], [ -38.882479, -4.106656, 0.0 ], [ -38.882445, -4.10663, 0.0 ], [ -38.882418, -4.106604, 0.0 ], [ -38.882388, -4.10659, 0.0 ], [ -38.882362, -4.10657, 0.0 ], [ -38.882322, -4.106544, 0.0 ], [ -38.882289, -4.106524, 0.0 ], [ -38.882261, -4.106517, 0.0 ], [ -38.882235, -4.106497, 0.0 ], [ -38.882213, -4.10647, 0.0 ], [ -38.882185, -4.106442, 0.0 ], [ -38.882156, -4.106415, 0.0 ], [ -38.88213, -4.106395, 0.0 ], [ -38.882083, -4.106353, 0.0 ], [ -38.882036, -4.106332, 0.0 ], [ -38.882007, -4.106325, 0.0 ], [ -38.881964, -4.106311, 0.0 ], [ -38.881926, -4.106297, 0.0 ], [ -38.881891, -4.10629, 0.0 ], [ -38.881844, -4.106276, 0.0 ], [ -38.881767, -4.106247, 0.0 ], [ -38.881727, -4.106232, 0.0 ], [ -38.881681, -4.106221, 0.0 ], [ -38.881671, -4.106218, 0.0 ], [ -38.881626, -4.10621, 0.0 ], [ -38.881585, -4.10621, 0.0 ], [ -38.881572, -4.10621, 0.0 ], [ -38.881497, -4.106202, 0.0 ], [ -38.881438, -4.106202, 0.0 ], [ -38.8814, -4.106194, 0.0 ], [ -38.881136, -4.106262, 0.0 ], [ -38.881125, -4.106261, 0.0 ], [ -38.881095, -4.106268, 0.0 ], [ -38.881058, -4.106275, 0.0 ], [ -38.880976, -4.106287, 0.0 ], [ -38.880933, -4.106303, 0.0 ], [ -38.880902, -4.1063, 0.0 ], [ -38.880836, -4.106324, 0.0 ], [ -38.880798, -4.106328, 0.0 ], [ -38.880768, -4.106341, 0.0 ], [ -38.880731, -4.10637, 0.0 ], [ -38.880694, -4.106399, 0.0 ], [ -38.88069, -4.106408, 0.0 ], [ -38.880642, -4.106444, 0.0 ], [ -38.880614, -4.106484, 0.0 ], [ -38.880579, -4.106524, 0.0 ], [ -38.880574, -4.106549, 0.0 ], [ -38.880554, -4.106582, 0.0 ], [ -38.880534, -4.106605, 0.0 ], [ -38.880515, -4.106646, 0.0 ], [ -38.880505, -4.106696, 0.0 ], [ -38.880483, -4.106754, 0.0 ], [ -38.880467, -4.106774, 0.0 ], [ -38.880453, -4.106825, 0.0 ], [ -38.880438, -4.106847, 0.0 ], [ -38.880424, -4.106876, 0.0 ], [ -38.88041, -4.106906, 0.0 ], [ -38.880387, -4.106934, 0.0 ], [ -38.880346, -4.106995, 0.0 ], [ -38.880342, -4.107023, 0.0 ], [ -38.880336, -4.10706, 0.0 ], [ -38.880332, -4.107068, 0.0 ], [ -38.88033, -4.10713, 0.0 ], [ -38.880339, -4.107208, 0.0 ], [ -38.880341, -4.107324, 0.0 ], [ -38.880332, -4.107373, 0.0 ], [ -38.880332, -4.107409, 0.0 ], [ -38.880332, -4.107452, 0.0 ], [ -38.880332, -4.107509, 0.0 ], [ -38.880327, -4.10755, 0.0 ], [ -38.880332, -4.107585, 0.0 ], [ -38.880348, -4.107614, 0.0 ], [ -38.880354, -4.107643, 0.0 ], [ -38.88037, -4.107672, 0.0 ], [ -38.880394, -4.107709, 0.0 ], [ -38.880427, -4.107746, 0.0 ], [ -38.880451, -4.107776, 0.0 ], [ -38.880492, -4.107827, 0.0 ], [ -38.880507, -4.107856, 0.0 ], [ -38.880525, -4.107895, 0.0 ], [ -38.880529, -4.107906, 0.0 ], [ -38.880559, -4.107963, 0.0 ], [ -38.880593, -4.108023, 0.0 ], [ -38.880597, -4.108034, 0.0 ], [ -38.88062, -4.108069, 0.0 ], [ -38.880629, -4.108115, 0.0 ], [ -38.880647, -4.108154, 0.0 ], [ -38.880669, -4.108204, 0.0 ], [ -38.880698, -4.108253, 0.0 ], [ -38.880721, -4.108281, 0.0 ], [ -38.880742, -4.108323, 0.0 ], [ -38.880756, -4.108351, 0.0 ], [ -38.880777, -4.108394, 0.0 ], [ -38.880797, -4.108436, 0.0 ], [ -38.880811, -4.108464, 0.0 ], [ -38.880825, -4.108493, 0.0 ], [ -38.880855, -4.108527, 0.0 ], [ -38.880869, -4.108555, 0.0 ], [ -38.880873, -4.108562, 0.0 ], [ -38.880905, -4.108611, 0.0 ], [ -38.88096, -4.108643, 0.0 ], [ -38.880989, -4.108676, 0.0 ], [ -38.880997, -4.108679, 0.0 ], [ -38.881027, -4.108701, 0.0 ], [ -38.881071, -4.10874, 0.0 ], [ -38.881093, -4.108759, 0.0 ], [ -38.881129, -4.108799, 0.0 ], [ -38.88115, -4.108833, 0.0 ], [ -38.881158, -4.108839, 0.0 ], [ -38.881179, -4.108865, 0.0 ], [ -38.8812, -4.108892, 0.0 ], [ -38.881221, -4.108931, 0.0 ], [ -38.881242, -4.108964, 0.0 ], [ -38.881274, -4.109019, 0.0 ], [ -38.881277, -4.10903, 0.0 ], [ -38.881568, -4.109541, 0.0 ], [ -38.881595, -4.109583, 0.0 ], [ -38.881598, -4.109589, 0.0 ], [ -38.881628, -4.109628, 0.0 ], [ -38.881676, -4.109696, 0.0 ], [ -38.881731, -4.109752, 0.0 ], [ -38.881754, -4.109786, 0.0 ], [ -38.881778, -4.109824, 0.0 ], [ -38.881789, -4.109857, 0.0 ], [ -38.881788, -4.109862, 0.0 ], [ -38.8818, -4.109889, 0.0 ], [ -38.881805, -4.1099, 0.0 ], [ -38.881822, -4.109934, 0.0 ], [ -38.881845, -4.109972, 0.0 ], [ -38.881867, -4.110009, 0.0 ], [ -38.881876, -4.110018, 0.0 ], [ -38.881887, -4.110037, 0.0 ], [ -38.88189, -4.110048, 0.0 ], [ -38.881895, -4.110052, 0.0 ], [ -38.881912, -4.110077, 0.0 ], [ -38.881939, -4.110117, 0.0 ], [ -38.881961, -4.11015, 0.0 ], [ -38.881983, -4.110181, 0.0 ], [ -38.882004, -4.110221, 0.0 ], [ -38.882006, -4.110229, 0.0 ], [ -38.882025, -4.110273, 0.0 ], [ -38.882046, -4.110305, 0.0 ], [ -38.882061, -4.110326, 0.0 ], [ -38.882071, -4.110342, 0.0 ], [ -38.882077, -4.110347, 0.0 ], [ -38.882092, -4.110373, 0.0 ], [ -38.882118, -4.11041, 0.0 ], [ -38.882123, -4.11044, 0.0 ], [ -38.882133, -4.11046, 0.0 ], [ -38.882135, -4.11047, 0.0 ], [ -38.882148, -4.1105, 0.0 ], [ -38.882158, -4.110525, 0.0 ], [ -38.882173, -4.110555, 0.0 ], [ -38.882178, -4.110565, 0.0 ], [ -38.882183, -4.1106, 0.0 ], [ -38.88219, -4.110636, 0.0 ], [ -38.882207, -4.110669, 0.0 ], [ -38.882215, -4.110696, 0.0 ], [ -38.882227, -4.110737, 0.0 ], [ -38.882242, -4.110776, 0.0 ], [ -38.882247, -4.110781, 0.0 ], [ -38.882254, -4.110796, 0.0 ], [ -38.882266, -4.110815, 0.0 ], [ -38.882271, -4.11082, 0.0 ], [ -38.882276, -4.110844, 0.0 ], [ -38.882276, -4.110856, 0.0 ], [ -38.88229, -4.110917, 0.0 ], [ -38.8823, -4.11097, 0.0 ], [ -38.882314, -4.111028, 0.0 ], [ -38.882324, -4.111066, 0.0 ], [ -38.882338, -4.111095, 0.0 ], [ -38.882357, -4.111103, 0.0 ], [ -38.882362, -4.11111, 0.0 ], [ -38.882378, -4.111123, 0.0 ], [ -38.882397, -4.111138, 0.0 ], [ -38.882404, -4.111148, 0.0 ], [ -38.882422, -4.111165, 0.0 ], [ -38.882436, -4.111188, 0.0 ], [ -38.882446, -4.111216, 0.0 ], [ -38.882471, -4.111248, 0.0 ], [ -38.882473, -4.111252, 0.0 ], [ -38.882491, -4.111265, 0.0 ], [ -38.882516, -4.111292, 0.0 ], [ -38.882519, -4.111296, 0.0 ], [ -38.882532, -4.111309, 0.0 ], [ -38.882546, -4.111342, 0.0 ], [ -38.88256, -4.111379, 0.0 ], [ -38.882579, -4.111421, 0.0 ], [ -38.882615, -4.111465, 0.0 ], [ -38.882638, -4.11151, 0.0 ], [ -38.882655, -4.111534, 0.0 ], [ -38.88266, -4.111542, 0.0 ], [ -38.882675, -4.111563, 0.0 ], [ -38.882678, -4.111572, 0.0 ], [ -38.88269, -4.111605, 0.0 ], [ -38.882692, -4.11161, 0.0 ], [ -38.882697, -4.111633, 0.0 ], [ -38.882709, -4.111681, 0.0 ], [ -38.882722, -4.111729, 0.0 ], [ -38.88275, -4.111764, 0.0 ], [ -38.882767, -4.111778, 0.0 ], [ -38.882773, -4.111783, 0.0 ], [ -38.882782, -4.111795, 0.0 ], [ -38.882787, -4.111805, 0.0 ], [ -38.882791, -4.111806, 0.0 ], [ -38.88295, -4.111997, 0.0 ], [ -38.882975, -4.112012, 0.0 ], [ -38.882982, -4.112016, 0.0 ], [ -38.883009, -4.112031, 0.0 ], [ -38.883029, -4.112041, 0.0 ], [ -38.883038, -4.112046, 0.0 ], [ -38.883081, -4.112069, 0.0 ], [ -38.883104, -4.112087, 0.0 ], [ -38.883109, -4.112093, 0.0 ], [ -38.883141, -4.112126, 0.0 ], [ -38.883172, -4.112147, 0.0 ], [ -38.883204, -4.112169, 0.0 ], [ -38.883225, -4.112189, 0.0 ], [ -38.883238, -4.112216, 0.0 ], [ -38.883242, -4.112222, 0.0 ], [ -38.883247, -4.112238, 0.0 ], [ -38.883251, -4.11225, 0.0 ], [ -38.883281, -4.112298, 0.0 ], [ -38.883287, -4.112308, 0.0 ], [ -38.883305, -4.112341, 0.0 ], [ -38.883314, -4.112365, 0.0 ], [ -38.883316, -4.112369, 0.0 ], [ -38.883332, -4.112401, 0.0 ], [ -38.883354, -4.112429, 0.0 ], [ -38.883376, -4.112453, 0.0 ], [ -38.88339, -4.112469, 0.0 ], [ -38.883392, -4.112473, 0.0 ], [ -38.883412, -4.112492, 0.0 ], [ -38.88342, -4.1125, 0.0 ], [ -38.883446, -4.112526, 0.0 ], [ -38.883464, -4.112548, 0.0 ], [ -38.88347, -4.112554, 0.0 ], [ -38.883484, -4.11258, 0.0 ], [ -38.883496, -4.112605, 0.0 ], [ -38.8835, -4.112613, 0.0 ], [ -38.883508, -4.112643, 0.0 ], [ -38.883524, -4.112672, 0.0 ], [ -38.883526, -4.112682, 0.0 ], [ -38.883545, -4.112718, 0.0 ], [ -38.883555, -4.112737, 0.0 ], [ -38.883561, -4.11277, 0.0 ], [ -38.88357, -4.112787, 0.0 ], [ -38.88357, -4.112796, 0.0 ], [ -38.883582, -4.112822, 0.0 ], [ -38.883595, -4.112852, 0.0 ], [ -38.883608, -4.112878, 0.0 ], [ -38.88361, -4.112887, 0.0 ], [ -38.883633, -4.112926, 0.0 ], [ -38.883639, -4.112934, 0.0 ], [ -38.883662, -4.112968, 0.0 ], [ -38.883667, -4.112977, 0.0 ], [ -38.883679, -4.112994, 0.0 ], [ -38.883701, -4.113031, 0.0 ], [ -38.883705, -4.113038, 0.0 ], [ -38.883714, -4.113055, 0.0 ], [ -38.883733, -4.113088, 0.0 ], [ -38.883739, -4.113094, 0.0 ], [ -38.883752, -4.113111, 0.0 ], [ -38.883765, -4.113133, 0.0 ], [ -38.883767, -4.11314, 0.0 ], [ -38.883778, -4.11317, 0.0 ], [ -38.883783, -4.11318, 0.0 ], [ -38.883799, -4.113229, 0.0 ], [ -38.883802, -4.113241, 0.0 ], [ -38.883815, -4.113264, 0.0 ], [ -38.88382, -4.113268, 0.0 ], [ -38.883837, -4.113294, 0.0 ], [ -38.883849, -4.113331, 0.0 ], [ -38.883852, -4.113338, 0.0 ], [ -38.883861, -4.113356, 0.0 ], [ -38.88387, -4.11338, 0.0 ], [ -38.88388, -4.113415, 0.0 ], [ -38.883888, -4.113473, 0.0 ], [ -38.883891, -4.113506, 0.0 ], [ -38.883895, -4.113543, 0.0 ], [ -38.883898, -4.113548, 0.0 ], [ -38.883875, -4.113763, 0.0 ], [ -38.883873, -4.113778, 0.0 ], [ -38.883873, -4.113781, 0.0 ], [ -38.883854, -4.113809, 0.0 ], [ -38.883831, -4.113836, 0.0 ], [ -38.883824, -4.113842, 0.0 ], [ -38.883804, -4.113858, 0.0 ], [ -38.883774, -4.113878, 0.0 ], [ -38.883769, -4.113882, 0.0 ], [ -38.883749, -4.113898, 0.0 ], [ -38.883729, -4.113914, 0.0 ], [ -38.883698, -4.11393, 0.0 ], [ -38.883684, -4.113936, 0.0 ], [ -38.883655, -4.113947, 0.0 ], [ -38.883622, -4.113952, 0.0 ], [ -38.883588, -4.113952, 0.0 ], [ -38.88354, -4.113951, 0.0 ], [ -38.88353, -4.113951, 0.0 ], [ -38.883492, -4.113945, 0.0 ], [ -38.883452, -4.113932, 0.0 ], [ -38.883442, -4.11393, 0.0 ], [ -38.883418, -4.113924, 0.0 ], [ -38.883383, -4.113914, 0.0 ], [ -38.883348, -4.113908, 0.0 ], [ -38.883301, -4.113893, 0.0 ], [ -38.883288, -4.113893, 0.0 ], [ -38.883254, -4.113892, 0.0 ], [ -38.883226, -4.113884, 0.0 ], [ -38.883198, -4.113866, 0.0 ], [ -38.883172, -4.113851, 0.0 ], [ -38.883135, -4.113825, 0.0 ], [ -38.88309, -4.113796, 0.0 ], [ -38.883082, -4.113789, 0.0 ], [ -38.883061, -4.113773, 0.0 ], [ -38.883022, -4.113732, 0.0 ], [ -38.883004, -4.113698, 0.0 ], [ -38.882999, -4.11369, 0.0 ], [ -38.882993, -4.113671, 0.0 ], [ -38.882982, -4.113641, 0.0 ], [ -38.882481, -4.113641, 0.0 ], [ -38.882446, -4.113625, 0.0 ], [ -38.882397, -4.113622, 0.0 ], [ -38.882348, -4.113618, 0.0 ], [ -38.882287, -4.113614, 0.0 ], [ -38.882239, -4.113597, 0.0 ], [ -38.88219, -4.113594, 0.0 ], [ -38.882116, -4.113575, 0.0 ], [ -38.882079, -4.113559, 0.0 ], [ -38.882004, -4.113554, 0.0 ], [ -38.881955, -4.113535, 0.0 ], [ -38.881893, -4.113528, 0.0 ], [ -38.881819, -4.113516, 0.0 ], [ -38.881768, -4.113511, 0.0 ], [ -38.881704, -4.113505, 0.0 ], [ -38.881627, -4.113497, 0.0 ], [ -38.881561, -4.113522, 0.0 ], [ -38.881509, -4.113532, 0.0 ], [ -38.881502, -4.113532, 0.0 ], [ -38.881143, -4.113599, 0.0 ], [ -38.881114, -4.113627, 0.0 ], [ -38.881073, -4.113654, 0.0 ], [ -38.881018, -4.113695, 0.0 ], [ -38.880897, -4.113762, 0.0 ], [ -38.880854, -4.113816, 0.0 ], [ -38.880813, -4.113843, 0.0 ], [ -38.880758, -4.113896, 0.0 ], [ -38.880718, -4.11391, 0.0 ], [ -38.880651, -4.113936, 0.0 ], [ -38.880598, -4.11395, 0.0 ], [ -38.880546, -4.113949, 0.0 ], [ -38.880467, -4.113976, 0.0 ], [ -38.880402, -4.113975, 0.0 ], [ -38.880349, -4.113989, 0.0 ], [ -38.880283, -4.114015, 0.0 ], [ -38.880257, -4.114015, 0.0 ], [ -38.880192, -4.114015, 0.0 ], [ -38.880126, -4.114028, 0.0 ], [ -38.880074, -4.114042, 0.0 ], [ -38.879995, -4.114041, 0.0 ], [ -38.879943, -4.114055, 0.0 ], [ -38.879891, -4.114054, 0.0 ], [ -38.879799, -4.114054, 0.0 ], [ -38.879732, -4.114054, 0.0 ], [ -38.879678, -4.114014, 0.0 ], [ -38.879623, -4.113986, 0.0 ], [ -38.879554, -4.113959, 0.0 ], [ -38.879498, -4.113931, 0.0 ], [ -38.879443, -4.113917, 0.0 ], [ -38.879402, -4.113916, 0.0 ], [ -38.879331, -4.113888, 0.0 ], [ -38.87926, -4.113873, 0.0 ], [ -38.879188, -4.113845, 0.0 ], [ -38.879117, -4.113816, 0.0 ], [ -38.87906, -4.113788, 0.0 ], [ -38.879001, -4.113745, 0.0 ], [ -38.878929, -4.113716, 0.0 ], [ -38.878887, -4.113702, 0.0 ], [ -38.878815, -4.113673, 0.0 ], [ -38.878742, -4.113645, 0.0 ], [ -38.878668, -4.113601, 0.0 ], [ -38.878623, -4.113572, 0.0 ], [ -38.878552, -4.113557, 0.0 ], [ -38.878464, -4.1135, 0.0 ], [ -38.878422, -4.113486, 0.0 ], [ -38.878353, -4.113472, 0.0 ], [ -38.878269, -4.113444, 0.0 ], [ -38.878211, -4.113416, 0.0 ], [ -38.87814, -4.113387, 0.0 ], [ -38.878087, -4.113388, 0.0 ], [ -38.87799, -4.113361, 0.0 ], [ -38.877909, -4.113348, 0.0 ], [ -38.877837, -4.113305, 0.0 ], [ -38.877784, -4.113292, 0.0 ], [ -38.877687, -4.113251, 0.0 ], [ -38.877616, -4.113209, 0.0 ], [ -38.87757, -4.113165, 0.0 ], [ -38.877514, -4.113137, 0.0 ], [ -38.877452, -4.113079, 0.0 ], [ -38.877393, -4.113036, 0.0 ], [ -38.877347, -4.112992, 0.0 ], [ -38.877289, -4.112949, 0.0 ], [ -38.877179, -4.112894, 0.0 ], [ -38.877096, -4.112853, 0.0 ], [ -38.877014, -4.112812, 0.0 ], [ -38.876944, -4.11277, 0.0 ], [ -38.876889, -4.112742, 0.0 ], [ -38.876831, -4.112699, 0.0 ], [ -38.876746, -4.112643, 0.0 ], [ -38.876691, -4.112616, 0.0 ], [ -38.876609, -4.112574, 0.0 ], [ -38.876542, -4.112548, 0.0 ], [ -38.876492, -4.112537, 0.0 ], [ -38.876428, -4.112512, 0.0 ], [ -38.876379, -4.112501, 0.0 ], [ -38.876316, -4.112476, 0.0 ], [ -38.876279, -4.112464, 0.0 ], [ -38.876216, -4.11244, 0.0 ], [ -38.876183, -4.112444, 0.0 ], [ -38.87612, -4.112419, 0.0 ], [ -38.876069, -4.112393, 0.0 ], [ -38.875985, -4.112371, 0.0 ], [ -38.875927, -4.112362, 0.0 ], [ -38.875887, -4.112336, 0.0 ], [ -38.875825, -4.112311, 0.0 ], [ -38.875775, -4.112286, 0.0 ], [ -38.875377, -4.112187, 0.0 ], [ -38.875323, -4.112173, 0.0 ], [ -38.875231, -4.11217, 0.0 ], [ -38.875172, -4.112162, 0.0 ], [ -38.875165, -4.112156, 0.0 ], [ -38.875072, -4.112128, 0.0 ], [ -38.875021, -4.112126, 0.0 ], [ -38.874969, -4.112112, 0.0 ], [ -38.874878, -4.112084, 0.0 ], [ -38.874839, -4.112058, 0.0 ], [ -38.874786, -4.112018, 0.0 ], [ -38.874695, -4.111978, 0.0 ], [ -38.874631, -4.111951, 0.0 ], [ -38.874579, -4.111925, 0.0 ], [ -38.874501, -4.111885, 0.0 ], [ -38.874461, -4.111859, 0.0 ], [ -38.874422, -4.111832, 0.0 ], [ -38.87437, -4.111806, 0.0 ], [ -38.874317, -4.11178, 0.0 ], [ -38.874254, -4.111767, 0.0 ], [ -38.874202, -4.111753, 0.0 ], [ -38.874151, -4.11174, 0.0 ], [ -38.874088, -4.111727, 0.0 ], [ -38.874037, -4.111714, 0.0 ], [ -38.873986, -4.111701, 0.0 ], [ -38.873937, -4.111701, 0.0 ], [ -38.873877, -4.1117, 0.0 ], [ -38.873824, -4.111674, 0.0 ], [ -38.873772, -4.111649, 0.0 ], [ -38.873718, -4.111623, 0.0 ], [ -38.873676, -4.111596, 0.0 ], [ -38.873634, -4.11157, 0.0 ], [ -38.873604, -4.111544, 0.0 ], [ -38.873528, -4.111465, 0.0 ], [ -38.873468, -4.111412, 0.0 ], [ -38.873412, -4.111385, 0.0 ], [ -38.873359, -4.111372, 0.0 ], [ -38.873304, -4.111345, 0.0 ], [ -38.873276, -4.111332, 0.0 ], [ -38.873202, -4.111278, 0.0 ], [ -38.873125, -4.11121, 0.0 ], [ -38.873081, -4.111183, 0.0 ], [ -38.873034, -4.111155, 0.0 ], [ -38.872953, -4.111112, 0.0 ], [ -38.872932, -4.111084, 0.0 ], [ -38.872819, -4.111026, 0.0 ], [ -38.872754, -4.110996, 0.0 ], [ -38.872689, -4.110967, 0.0 ], [ -38.872627, -4.110951, 0.0 ], [ -38.872569, -4.110951, 0.0 ], [ -38.872511, -4.11095, 0.0 ], [ -38.872424, -4.110949, 0.0 ], [ -38.872368, -4.110963, 0.0 ], [ -38.87234, -4.110976, 0.0 ], [ -38.872267, -4.111047, 0.0 ], [ -38.872201, -4.111088, 0.0 ], [ -38.872151, -4.11113, 0.0 ], [ -38.872091, -4.111143, 0.0 ], [ -38.87202, -4.11117, 0.0 ], [ -38.871965, -4.111197, 0.0 ], [ -38.871899, -4.11121, 0.0 ], [ -38.871858, -4.111251, 0.0 ], [ -38.871795, -4.111278, 0.0 ], [ -38.871736, -4.111319, 0.0 ], [ -38.871695, -4.11136, 0.0 ], [ -38.871642, -4.111387, 0.0 ], [ -38.871573, -4.111428, 0.0 ], [ -38.871525, -4.111469, 0.0 ], [ -38.871456, -4.111511, 0.0 ], [ -38.871435, -4.111566, 0.0 ], [ -38.871415, -4.111622, 0.0 ], [ -38.871346, -4.111692, 0.0 ], [ -38.871123, -4.112222, 0.0 ], [ -38.871094, -4.112277, 0.0 ], [ -38.871027, -4.112297, 0.0 ], [ -38.870994, -4.112334, 0.0 ], [ -38.870984, -4.11242, 0.0 ], [ -38.870921, -4.112484, 0.0 ], [ -38.870912, -4.112516, 0.0 ], [ -38.870866, -4.112569, 0.0 ], [ -38.870848, -4.112633, 0.0 ], [ -38.870839, -4.112717, 0.0 ], [ -38.870719, -4.112774, 0.0 ], [ -38.870635, -4.112838, 0.0 ], [ -38.870638, -4.112921, 0.0 ], [ -38.870627, -4.112965, 0.0 ], [ -38.870637, -4.113051, 0.0 ], [ -38.870666, -4.113112, 0.0 ], [ -38.870704, -4.113192, 0.0 ], [ -38.87076, -4.11331, 0.0 ], [ -38.870824, -4.113444, 0.0 ], [ -38.870869, -4.113537, 0.0 ], [ -38.870894, -4.113605, 0.0 ], [ -38.870913, -4.113669, 0.0 ], [ -38.870927, -4.113717, 0.0 ], [ -38.870982, -4.113819, 0.0 ], [ -38.87103, -4.113889, 0.0 ], [ -38.871047, -4.113963, 0.0 ], [ -38.871063, -4.114036, 0.0 ], [ -38.871065, -4.114043, 0.0 ], [ -38.870864, -4.114471, 0.0 ], [ -38.870863, -4.11451, 0.0 ], [ -38.870862, -4.114573, 0.0 ], [ -38.870845, -4.114608, 0.0 ], [ -38.870796, -4.114701, 0.0 ], [ -38.870763, -4.11476, 0.0 ], [ -38.870716, -4.114806, 0.0 ], [ -38.870674, -4.114844, 0.0 ], [ -38.870601, -4.114892, 0.0 ], [ -38.870542, -4.114914, 0.0 ], [ -38.870467, -4.114949, 0.0 ], [ -38.870439, -4.114988, 0.0 ], [ -38.87038, -4.11504, 0.0 ], [ -38.870337, -4.115079, 0.0 ], [ -38.870276, -4.115152, 0.0 ], [ -38.870222, -4.115179, 0.0 ], [ -38.870189, -4.115238, 0.0 ], [ -38.870123, -4.115279, 0.0 ], [ -38.870089, -4.115323, 0.0 ], [ -38.870052, -4.115352, 0.0 ], [ -38.870016, -4.11538, 0.0 ], [ -38.869962, -4.115453, 0.0 ], [ -38.86989, -4.115509, 0.0 ], [ -38.869828, -4.115551, 0.0 ], [ -38.869782, -4.115593, 0.0 ], [ -38.869718, -4.11562, 0.0 ], [ -38.869668, -4.115647, 0.0 ], [ -38.869614, -4.11566, 0.0 ], [ -38.869547, -4.115673, 0.0 ], [ -38.869491, -4.115685, 0.0 ], [ -38.869465, -4.115699, 0.0 ], [ -38.869383, -4.115725, 0.0 ], [ -38.869293, -4.115778, 0.0 ], [ -38.869243, -4.115818, 0.0 ], [ -38.869128, -4.115843, 0.0 ], [ -38.869048, -4.115883, 0.0 ], [ -38.868964, -4.115908, 0.0 ], [ -38.868925, -4.115935, 0.0 ], [ -38.868852, -4.115948, 0.0 ], [ -38.868825, -4.115961, 0.0 ], [ -38.868767, -4.115974, 0.0 ], [ -38.868647, -4.115985, 0.0 ], [ -38.868547, -4.116012, 0.0 ], [ -38.868516, -4.116011, 0.0 ], [ -38.868447, -4.116038, 0.0 ], [ -38.868378, -4.116064, 0.0 ], [ -38.868325, -4.116091, 0.0 ], [ -38.868252, -4.116104, 0.0 ], [ -38.868203, -4.116131, 0.0 ], [ -38.868134, -4.116145, 0.0 ], [ -38.868055, -4.116172, 0.0 ], [ -38.867984, -4.116185, 0.0 ], [ -38.86792, -4.116184, 0.0 ], [ -38.86786, -4.116198, 0.0 ], [ -38.867768, -4.116211, 0.0 ], [ -38.867692, -4.116224, 0.0 ], [ -38.867616, -4.116237, 0.0 ], [ -38.867318, -4.1164, 0.0 ], [ -38.867293, -4.11644, 0.0 ], [ -38.867247, -4.116525, 0.0 ], [ -38.867204, -4.116596, 0.0 ], [ -38.867174, -4.116653, 0.0 ], [ -38.867133, -4.116734, 0.0 ], [ -38.867108, -4.1168, 0.0 ], [ -38.867094, -4.116855, 0.0 ], [ -38.86706, -4.116904, 0.0 ], [ -38.867056, -4.116961, 0.0 ], [ -38.867032, -4.117013, 0.0 ], [ -38.867017, -4.117082, 0.0 ], [ -38.867002, -4.117151, 0.0 ], [ -38.866987, -4.117206, 0.0 ], [ -38.86697, -4.11729, 0.0 ], [ -38.866954, -4.11736, 0.0 ], [ -38.866939, -4.117416, 0.0 ], [ -38.86693, -4.11753, 0.0 ], [ -38.86693, -4.117537, 0.0 ], [ -38.866912, -4.117628, 0.0 ], [ -38.866896, -4.117697, 0.0 ], [ -38.866881, -4.117766, 0.0 ], [ -38.866876, -4.117823, 0.0 ], [ -38.866848, -4.117877, 0.0 ], [ -38.86683, -4.117947, 0.0 ], [ -38.866814, -4.118003, 0.0 ], [ -38.866813, -4.11801, 0.0 ], [ -38.86679, -4.118129, 0.0 ], [ -38.866784, -4.118186, 0.0 ], [ -38.866767, -4.118241, 0.0 ], [ -38.866737, -4.118322, 0.0 ], [ -38.866718, -4.118392, 0.0 ], [ -38.866684, -4.118488, 0.0 ], [ -38.866654, -4.118556, 0.0 ], [ -38.866608, -4.118664, 0.0 ], [ -38.866566, -4.118731, 0.0 ], [ -38.86655, -4.118772, 0.0 ], [ -38.866536, -4.118798, 0.0 ], [ -38.866519, -4.118852, 0.0 ], [ -38.866508, -4.118948, 0.0 ], [ -38.866477, -4.119028, 0.0 ], [ -38.866435, -4.119107, 0.0 ], [ -38.866419, -4.119147, 0.0 ], [ -38.866374, -4.119239, 0.0 ], [ -38.866287, -4.119371, 0.0 ], [ -38.866166, -4.119475, 0.0 ], [ -38.866077, -4.119593, 0.0 ], [ -38.866034, -4.119644, 0.0 ], [ -38.866016, -4.119683, 0.0 ], [ -38.865954, -4.119773, 0.0 ], [ -38.865921, -4.119836, 0.0 ], [ -38.865874, -4.119912, 0.0 ], [ -38.865854, -4.119962, 0.0 ], [ -38.865797, -4.120024, 0.0 ], [ -38.865753, -4.120086, 0.0 ], [ -38.865689, -4.120123, 0.0 ], [ -38.865627, -4.120149, 0.0 ], [ -38.865586, -4.120186, 0.0 ], [ -38.865522, -4.12021, 0.0 ], [ -38.865429, -4.120259, 0.0 ], [ -38.865376, -4.120283, 0.0 ], [ -38.865322, -4.120318, 0.0 ], [ -38.865257, -4.120342, 0.0 ], [ -38.865191, -4.120378, 0.0 ], [ -38.865129, -4.12039, 0.0 ], [ -38.865027, -4.120413, 0.0 ], [ -38.864976, -4.120425, 0.0 ], [ -38.864912, -4.120448, 0.0 ], [ -38.864836, -4.120459, 0.0 ], [ -38.864799, -4.120459, 0.0 ], [ -38.864734, -4.120469, 0.0 ], [ -38.864683, -4.120479, 0.0 ], [ -38.864632, -4.120477, 0.0 ], [ -38.864568, -4.120486, 0.0 ], [ -38.86448, -4.120495, 0.0 ], [ -38.864393, -4.120492, 0.0 ], [ -38.864319, -4.12049, 0.0 ], [ -38.864234, -4.120476, 0.0 ], [ -38.864137, -4.120451, 0.0 ], [ -38.864053, -4.120403, 0.0 ], [ -38.864017, -4.120379, 0.0 ], [ -38.863969, -4.120343, 0.0 ], [ -38.863921, -4.120308, 0.0 ], [ -38.863873, -4.120272, 0.0 ], [ -38.863837, -4.120225, 0.0 ], [ -38.863776, -4.120132, 0.0 ], [ -38.863739, -4.120073, 0.0 ], [ -38.863714, -4.11999, 0.0 ], [ -38.863701, -4.119942, 0.0 ], [ -38.863676, -4.119869, 0.0 ], [ -38.863663, -4.119832, 0.0 ], [ -38.863663, -4.119771, 0.0 ], [ -38.86365, -4.119696, 0.0 ], [ -38.863649, -4.119646, 0.0 ], [ -38.863636, -4.119558, 0.0 ], [ -38.863635, -4.119469, 0.0 ], [ -38.863622, -4.11938, 0.0 ], [ -38.863608, -4.119277, 0.0 ], [ -38.863606, -4.119198, 0.0 ], [ -38.863606, -4.119094, 0.0 ], [ -38.863605, -4.119002, 0.0 ], [ -38.863604, -4.118909, 0.0 ], [ -38.863604, -4.118843, 0.0 ], [ -38.863603, -4.118735, 0.0 ], [ -38.863602, -4.118628, 0.0 ], [ -38.863601, -4.11856, 0.0 ], [ -38.863588, -4.11848, 0.0 ], [ -38.863574, -4.118413, 0.0 ], [ -38.863561, -4.118319, 0.0 ], [ -38.86356, -4.11825, 0.0 ], [ -38.86356, -4.118222, 0.0 ], [ -38.863546, -4.118154, 0.0 ], [ -38.863533, -4.118086, 0.0 ], [ -38.863531, -4.117973, 0.0 ], [ -38.863517, -4.117876, 0.0 ], [ -38.863517, -4.117805, 0.0 ], [ -38.863515, -4.117634, 0.0 ], [ -38.863514, -4.117547, 0.0 ], [ -38.863513, -4.117489, 0.0 ], [ -38.863512, -4.117401, 0.0 ], [ -38.863511, -4.117299, 0.0 ], [ -38.863536, -4.117175, 0.0 ], [ -38.863535, -4.117085, 0.0 ], [ -38.863535, -4.11701, 0.0 ], [ -38.863534, -4.116904, 0.0 ], [ -38.863532, -4.116797, 0.0 ], [ -38.863531, -4.116644, 0.0 ], [ -38.862843, -4.114585, 0.0 ], [ -38.862841, -4.114534, 0.0 ], [ -38.86284, -4.114483, 0.0 ], [ -38.86285, -4.114368, 0.0 ], [ -38.862847, -4.114293, 0.0 ], [ -38.862844, -4.11423, 0.0 ], [ -38.862842, -4.114166, 0.0 ], [ -38.862838, -4.114077, 0.0 ], [ -38.862823, -4.11401, 0.0 ], [ -38.86282, -4.113933, 0.0 ], [ -38.862805, -4.113879, 0.0 ], [ -38.862778, -4.113823, 0.0 ], [ -38.862762, -4.11373, 0.0 ], [ -38.862733, -4.113648, 0.0 ], [ -38.862718, -4.113595, 0.0 ], [ -38.862689, -4.113527, 0.0 ], [ -38.862674, -4.113486, 0.0 ], [ -38.862644, -4.113392, 0.0 ], [ -38.862603, -4.113322, 0.0 ], [ -38.862573, -4.11324, 0.0 ], [ -38.862543, -4.113158, 0.0 ], [ -38.862516, -4.113116, 0.0 ], [ -38.862473, -4.11302, 0.0 ], [ -38.862429, -4.112937, 0.0 ], [ -38.862399, -4.112882, 0.0 ], [ -38.862381, -4.112827, 0.0 ], [ -38.86235, -4.112757, 0.0 ], [ -38.862305, -4.112674, 0.0 ], [ -38.862287, -4.112618, 0.0 ], [ -38.862255, -4.112547, 0.0 ], [ -38.862227, -4.112505, 0.0 ], [ -38.862179, -4.112392, 0.0 ], [ -38.862136, -4.112307, 0.0 ], [ -38.86211, -4.112265, 0.0 ], [ -38.862096, -4.112223, 0.0 ], [ -38.861371, -4.111704, 0.0 ], [ -38.861344, -4.111663, 0.0 ], [ -38.861333, -4.111625, 0.0 ], [ -38.861269, -4.111546, 0.0 ], [ -38.861216, -4.111493, 0.0 ], [ -38.861149, -4.111426, 0.0 ], [ -38.861125, -4.111387, 0.0 ], [ -38.86102, -4.11134, 0.0 ], [ -38.860915, -4.111305, 0.0 ], [ -38.860852, -4.111298, 0.0 ], [ -38.860759, -4.111289, 0.0 ], [ -38.860656, -4.11128, 0.0 ], [ -38.860556, -4.111274, 0.0 ], [ -38.860485, -4.111269, 0.0 ], [ -38.8604, -4.111264, 0.0 ], [ -38.860358, -4.111261, 0.0 ], [ -38.860288, -4.111269, 0.0 ], [ -38.860206, -4.111264, 0.0 ], [ -38.860136, -4.111271, 0.0 ], [ -38.860067, -4.111279, 0.0 ], [ -38.859987, -4.111275, 0.0 ], [ -38.859907, -4.111283, 0.0 ], [ -38.85988, -4.111282, 0.0 ], [ -38.859788, -4.11129, 0.0 ], [ -38.859723, -4.111287, 0.0 ], [ -38.859646, -4.111285, 0.0 ], [ -38.859622, -4.111263, 0.0 ], [ -38.859585, -4.111241, 0.0 ], [ -38.859498, -4.111196, 0.0 ], [ -38.859449, -4.111161, 0.0 ], [ -38.859374, -4.111116, 0.0 ], [ -38.859309, -4.111104, 0.0 ], [ -38.85927, -4.111103, 0.0 ], [ -38.859167, -4.111103, 0.0 ], [ -38.859064, -4.111102, 0.0 ], [ -38.858986, -4.111101, 0.0 ], [ -38.85896, -4.111101, 0.0 ], [ -38.85887, -4.111112, 0.0 ], [ -38.858806, -4.111111, 0.0 ], [ -38.858691, -4.111132, 0.0 ], [ -38.858627, -4.111132, 0.0 ], [ -38.858589, -4.111143, 0.0 ], [ -38.858499, -4.111144, 0.0 ], [ -38.858435, -4.111156, 0.0 ], [ -38.858358, -4.111156, 0.0 ], [ -38.858294, -4.111156, 0.0 ], [ -38.858218, -4.111155, 0.0 ], [ -38.858147, -4.111137, 0.0 ], [ -38.85814, -4.111132, 0.0 ], [ -38.857999, -4.111118, 0.0 ], [ -38.857923, -4.111118, 0.0 ], [ -38.857872, -4.111105, 0.0 ], [ -38.857796, -4.111105, 0.0 ], [ -38.857694, -4.111103, 0.0 ], [ -38.857578, -4.111079, 0.0 ], [ -38.857485, -4.111043, 0.0 ], [ -38.857421, -4.111031, 0.0 ], [ -38.857329, -4.111007, 0.0 ], [ -38.857302, -4.110995, 0.0 ], [ -38.857249, -4.11097, 0.0 ], [ -38.857158, -4.11092, 0.0 ], [ -38.85713, -4.110895, 0.0 ], [ -38.857062, -4.110846, 0.0 ], [ -38.857006, -4.110796, 0.0 ], [ -38.856962, -4.110747, 0.0 ], [ -38.856906, -4.110697, 0.0 ], [ -38.856877, -4.110672, 0.0 ], [ -38.856821, -4.110622, 0.0 ], [ -38.856753, -4.110584, 0.0 ], [ -38.856708, -4.110534, 0.0 ], [ -38.856621, -4.110458, 0.0 ], [ -38.85658, -4.110432, 0.0 ], [ -38.85655, -4.110393, 0.0 ], [ -38.856504, -4.110329, 0.0 ], [ -38.856447, -4.11025, 0.0 ], [ -38.856408, -4.110158, 0.0 ], [ -38.856381, -4.110092, 0.0 ], [ -38.856341, -4.110013, 0.0 ], [ -38.856315, -4.10996, 0.0 ], [ -38.856286, -4.109887, 0.0 ], [ -38.856285, -4.109881, 0.0 ], [ -38.856258, -4.109828, 0.0 ], [ -38.85624, -4.109749, 0.0 ], [ -38.856213, -4.109696, 0.0 ], [ -38.856193, -4.109602, 0.0 ], [ -38.856178, -4.109549, 0.0 ], [ -38.856164, -4.109456, 0.0 ], [ -38.856162, -4.109402, 0.0 ], [ -38.85616, -4.109322, 0.0 ], [ -38.856158, -4.109255, 0.0 ], [ -38.856167, -4.109214, 0.0 ], [ -38.856188, -4.109146, 0.0 ], [ -38.856198, -4.109105, 0.0 ], [ -38.856208, -4.109037, 0.0 ], [ -38.85623, -4.108955, 0.0 ], [ -38.856251, -4.108899, 0.0 ], [ -38.856249, -4.108845, 0.0 ], [ -38.85628, -4.108774, 0.0 ], [ -38.8563, -4.108716, 0.0 ], [ -38.85632, -4.108659, 0.0 ], [ -38.85632, -4.108652, 0.0 ], [ -38.856797, -4.107874, 0.0 ], [ -38.856823, -4.107806, 0.0 ], [ -38.856849, -4.10778, 0.0 ], [ -38.8569, -4.107728, 0.0 ], [ -38.856926, -4.107703, 0.0 ], [ -38.857003, -4.107653, 0.0 ], [ -38.857068, -4.107602, 0.0 ], [ -38.85712, -4.107577, 0.0 ], [ -38.857224, -4.107543, 0.0 ], [ -38.857332, -4.107492, 0.0 ], [ -38.857386, -4.10748, 0.0 ], [ -38.857469, -4.107455, 0.0 ], [ -38.857524, -4.107443, 0.0 ], [ -38.857621, -4.107418, 0.0 ], [ -38.857691, -4.107391, 0.0 ], [ -38.857789, -4.107351, 0.0 ], [ -38.857874, -4.107325, 0.0 ], [ -38.857916, -4.107312, 0.0 ], [ -38.858028, -4.107287, 0.0 ], [ -38.858114, -4.107245, 0.0 ], [ -38.858157, -4.107232, 0.0 ], [ -38.858256, -4.107206, 0.0 ], [ -38.858313, -4.107209, 0.0 ], [ -38.858371, -4.107181, 0.0 ], [ -38.858428, -4.107168, 0.0 ], [ -38.858515, -4.10714, 0.0 ], [ -38.858573, -4.107126, 0.0 ], [ -38.858777, -4.107055, 0.0 ], [ -38.85885, -4.107026, 0.0 ], [ -38.858924, -4.106997, 0.0 ], [ -38.858982, -4.106983, 0.0 ], [ -38.859055, -4.106952, 0.0 ], [ -38.859128, -4.106954, 0.0 ], [ -38.85929, -4.106941, 0.0 ], [ -38.859495, -4.106897, 0.0 ], [ -38.859686, -4.106869, 0.0 ], [ -38.85989, -4.10681, 0.0 ], [ -38.859964, -4.106795, 0.0 ], [ -38.860023, -4.106796, 0.0 ], [ -38.860089, -4.106801, 0.0 ], [ -38.860121, -4.106803, 0.0 ], [ -38.860204, -4.106809, 0.0 ], [ -38.860322, -4.106818, 0.0 ], [ -38.860374, -4.106822, 0.0 ], [ -38.860512, -4.106832, 0.0 ], [ -38.860565, -4.106835, 0.0 ], [ -38.860652, -4.106825, 0.0 ], [ -38.860736, -4.106798, 0.0 ], [ -38.860805, -4.106801, 0.0 ], [ -38.860887, -4.106772, 0.0 ], [ -38.860954, -4.106758, 0.0 ], [ -38.861036, -4.106729, 0.0 ], [ -38.861104, -4.106715, 0.0 ], [ -38.86122, -4.10667, 0.0 ], [ -38.861272, -4.106655, 0.0 ], [ -38.861361, -4.106643, 0.0 ], [ -38.861427, -4.106612, 0.0 ], [ -38.86156, -4.106582, 0.0 ], [ -38.861641, -4.106551, 0.0 ], [ -38.861762, -4.106537, 0.0 ], [ -38.861844, -4.106505, 0.0 ], [ -38.861962, -4.106475, 0.0 ], [ -38.862099, -4.106444, 0.0 ], [ -38.862174, -4.106396, 0.0 ], [ -38.862243, -4.106396, 0.0 ], [ -38.862322, -4.106364, 0.0 ], [ -38.86243, -4.106316, 0.0 ], [ -38.86249, -4.106284, 0.0 ], [ -38.862533, -4.106251, 0.0 ], [ -38.862615, -4.106235, 0.0 ], [ -38.86271, -4.106204, 0.0 ], [ -38.862791, -4.106188, 0.0 ], [ -38.862877, -4.106139, 0.0 ], [ -38.862988, -4.106108, 0.0 ], [ -38.863049, -4.106076, 0.0 ], [ -38.863123, -4.106028, 0.0 ], [ -38.863215, -4.10598, 0.0 ], [ -38.863326, -4.105917, 0.0 ], [ -38.863387, -4.105838, 0.0 ], [ -38.863447, -4.105743, 0.0 ], [ -38.863471, -4.105648, 0.0 ], [ -38.863479, -4.10557, 0.0 ], [ -38.863507, -4.105507, 0.0 ], [ -38.863529, -4.105428, 0.0 ], [ -38.863539, -4.105363, 0.0 ], [ -38.863562, -4.105218, 0.0 ], [ -38.863572, -4.105152, 0.0 ], [ -38.863588, -4.105054, 0.0 ], [ -38.863514, -4.105008, 0.0 ], [ -38.863443, -4.104945, 0.0 ], [ -38.863374, -4.104899, 0.0 ], [ -38.863285, -4.104854, 0.0 ], [ -38.863211, -4.10484, 0.0 ], [ -38.863121, -4.104811, 0.0 ], [ -38.863015, -4.104767, 0.0 ], [ -38.862893, -4.104739, 0.0 ], [ -38.862818, -4.104743, 0.0 ], [ -38.86273, -4.10473, 0.0 ], [ -38.862622, -4.104719, 0.0 ], [ -38.862529, -4.104724, 0.0 ], [ -38.862445, -4.104695, 0.0 ], [ -38.862394, -4.104681, 0.0 ], [ -38.862312, -4.104652, 0.0 ], [ -38.862303, -4.104653, 0.0 ], [ -38.862193, -4.104626, 0.0 ], [ -38.862129, -4.104596, 0.0 ], [ -38.862079, -4.104582, 0.0 ], [ -38.861971, -4.104589, 0.0 ], [ -38.861793, -4.104601, 0.0 ], [ -38.861723, -4.104605, 0.0 ], [ -38.861601, -4.104613, 0.0 ], [ -38.861515, -4.104618, 0.0 ], [ -38.86143, -4.104624, 0.0 ], [ -38.861338, -4.104662, 0.0 ], [ -38.861238, -4.104669, 0.0 ], [ -38.861114, -4.104724, 0.0 ], [ -38.860979, -4.104764, 0.0 ], [ -38.860883, -4.104784, 0.0 ], [ -38.860836, -4.1048, 0.0 ], [ -38.860741, -4.10482, 0.0 ], [ -38.860604, -4.104839, 0.0 ], [ -38.86056, -4.10484, 0.0 ], [ -38.860501, -4.104842, 0.0 ], [ -38.860412, -4.104844, 0.0 ], [ -38.860368, -4.104846, 0.0 ], [ -38.860222, -4.10485, 0.0 ], [ -38.860105, -4.104853, 0.0 ], [ -38.86006, -4.104856, 0.0 ], [ -38.859988, -4.104857, 0.0 ], [ -38.859919, -4.104842, 0.0 ], [ -38.85985, -4.104827, 0.0 ], [ -38.859808, -4.104826, 0.0 ], [ -38.859752, -4.104826, 0.0 ], [ -38.859641, -4.104825, 0.0 ], [ -38.859557, -4.104809, 0.0 ], [ -38.859501, -4.104794, 0.0 ], [ -38.859431, -4.104794, 0.0 ], [ -38.859389, -4.104793, 0.0 ], [ -38.859304, -4.104793, 0.0 ], [ -38.859191, -4.104794, 0.0 ], [ -38.859106, -4.104794, 0.0 ], [ -38.858979, -4.104795, 0.0 ], [ -38.858895, -4.104796, 0.0 ], [ -38.858824, -4.104796, 0.0 ], [ -38.858754, -4.104797, 0.0 ], [ -38.858684, -4.104797, 0.0 ], [ -38.858614, -4.104798, 0.0 ], [ -38.858543, -4.104798, 0.0 ], [ -38.858487, -4.104798, 0.0 ], [ -38.858417, -4.104798, 0.0 ], [ -38.858318, -4.104798, 0.0 ], [ -38.858206, -4.104798, 0.0 ], [ -38.858135, -4.104783, 0.0 ], [ -38.858079, -4.104783, 0.0 ], [ -38.857994, -4.104783, 0.0 ], [ -38.857924, -4.104783, 0.0 ], [ -38.857798, -4.104797, 0.0 ], [ -38.857728, -4.104812, 0.0 ], [ -38.857616, -4.104826, 0.0 ], [ -38.857531, -4.104826, 0.0 ], [ -38.85746, -4.104825, 0.0 ], [ -38.857363, -4.10484, 0.0 ], [ -38.85731, -4.10487, 0.0 ], [ -38.857227, -4.104885, 0.0 ], [ -38.857103, -4.104928, 0.0 ], [ -38.857035, -4.104957, 0.0 ], [ -38.856982, -4.104986, 0.0 ], [ -38.856914, -4.105015, 0.0 ], [ -38.856888, -4.10503, 0.0 ], [ -38.855744, -4.105143, 0.0 ], [ -38.855693, -4.105134, 0.0 ], [ -38.855599, -4.105166, 0.0 ], [ -38.855546, -4.105187, 0.0 ], [ -38.855479, -4.105237, 0.0 ], [ -38.855439, -4.105275, 0.0 ], [ -38.855358, -4.105336, 0.0 ], [ -38.855291, -4.105385, 0.0 ], [ -38.85525, -4.105423, 0.0 ], [ -38.855195, -4.105459, 0.0 ], [ -38.855167, -4.105501, 0.0 ], [ -38.855126, -4.10554, 0.0 ], [ -38.85507, -4.105592, 0.0 ], [ -38.855028, -4.105632, 0.0 ], [ -38.855, -4.105658, 0.0 ], [ -38.854971, -4.1057, 0.0 ], [ -38.854914, -4.10577, 0.0 ], [ -38.854886, -4.105812, 0.0 ], [ -38.854814, -4.105864, 0.0 ], [ -38.854727, -4.105977, 0.0 ], [ -38.854654, -4.106062, 0.0 ], [ -38.854609, -4.10612, 0.0 ], [ -38.854594, -4.10615, 0.0 ], [ -38.854534, -4.106223, 0.0 ], [ -38.854504, -4.106268, 0.0 ], [ -38.854473, -4.106313, 0.0 ], [ -38.854457, -4.106376, 0.0 ], [ -38.854412, -4.106436, 0.0 ], [ -38.854335, -4.106541, 0.0 ], [ -38.854267, -4.106623, 0.0 ], [ -38.854259, -4.10663, 0.0 ], [ -38.854167, -4.106734, 0.0 ], [ -38.854121, -4.106795, 0.0 ], [ -38.854074, -4.10684, 0.0 ], [ -38.854012, -4.1069, 0.0 ], [ -38.853934, -4.106977, 0.0 ], [ -38.853902, -4.107041, 0.0 ], [ -38.853855, -4.107088, 0.0 ], [ -38.853823, -4.107103, 0.0 ], [ -38.85376, -4.10715, 0.0 ], [ -38.853713, -4.107197, 0.0 ], [ -38.853666, -4.107245, 0.0 ], [ -38.853588, -4.107323, 0.0 ], [ -38.85354, -4.107354, 0.0 ], [ -38.853477, -4.107385, 0.0 ], [ -38.853382, -4.107432, 0.0 ], [ -38.853302, -4.107463, 0.0 ], [ -38.853188, -4.107478, 0.0 ], [ -38.853093, -4.107493, 0.0 ], [ -38.853014, -4.107493, 0.0 ], [ -38.852886, -4.107493, 0.0 ], [ -38.85276, -4.107493, 0.0 ], [ -38.852633, -4.107493, 0.0 ], [ -38.852569, -4.107493, 0.0 ], [ -38.852489, -4.107462, 0.0 ], [ -38.852429, -4.107446, 0.0 ], [ -38.852343, -4.107416, 0.0 ], [ -38.852271, -4.107386, 0.0 ], [ -38.852157, -4.107342, 0.0 ], [ -38.852101, -4.107312, 0.0 ], [ -38.852031, -4.107252, 0.0 ], [ -38.851934, -4.107193, 0.0 ], [ -38.851879, -4.107149, 0.0 ], [ -38.851824, -4.107105, 0.0 ], [ -38.851771, -4.107077, 0.0 ], [ -38.851673, -4.107009, 0.0 ], [ -38.851625, -4.106938, 0.0 ], [ -38.851578, -4.106853, 0.0 ], [ -38.851529, -4.106798, 0.0 ], [ -38.851489, -4.106726, 0.0 ], [ -38.851461, -4.106637, 0.0 ], [ -38.851433, -4.106565, 0.0 ], [ -38.850923, -4.10556, 0.0 ], [ -38.850879, -4.105487, 0.0 ], [ -38.850848, -4.105431, 0.0 ], [ -38.850793, -4.105385, 0.0 ], [ -38.85076, -4.105329, 0.0 ], [ -38.850693, -4.105281, 0.0 ], [ -38.85064, -4.105248, 0.0 ], [ -38.850587, -4.105216, 0.0 ], [ -38.850522, -4.105181, 0.0 ], [ -38.850484, -4.105163, 0.0 ], [ -38.850421, -4.105143, 0.0 ], [ -38.850344, -4.105122, 0.0 ], [ -38.850294, -4.105118, 0.0 ], [ -38.850244, -4.105114, 0.0 ], [ -38.850166, -4.105094, 0.0 ], [ -38.850092, -4.105088, 0.0 ], [ -38.850031, -4.105082, 0.0 ], [ -38.849971, -4.105076, 0.0 ], [ -38.849902, -4.105081, 0.0 ], [ -38.849808, -4.105072, 0.0 ], [ -38.849772, -4.105068, 0.0 ], [ -38.849713, -4.105062, 0.0 ], [ -38.849621, -4.105059, 0.0 ], [ -38.84956, -4.105069, 0.0 ], [ -38.849501, -4.105091, 0.0 ], [ -38.849453, -4.105101, 0.0 ], [ -38.849387, -4.105134, 0.0 ], [ -38.849334, -4.105154, 0.0 ], [ -38.849293, -4.105175, 0.0 ], [ -38.849248, -4.105184, 0.0 ], [ -38.849196, -4.105237, 0.0 ], [ -38.849148, -4.105268, 0.0 ], [ -38.8491, -4.105299, 0.0 ], [ -38.849018, -4.105333, 0.0 ], [ -38.849006, -4.105339, 0.0 ], [ -38.848931, -4.10535, 0.0 ], [ -38.84886, -4.105372, 0.0 ], [ -38.848798, -4.105383, 0.0 ], [ -38.847665, -4.105782, 0.0 ], [ -38.84764, -4.105794, 0.0 ], [ -38.847565, -4.105826, 0.0 ], [ -38.847418, -4.10588, 0.0 ], [ -38.847333, -4.105924, 0.0 ], [ -38.847236, -4.105956, 0.0 ], [ -38.847177, -4.105977, 0.0 ], [ -38.847104, -4.105987, 0.0 ], [ -38.847069, -4.106008, 0.0 ], [ -38.846992, -4.106024, 0.0 ], [ -38.846986, -4.106029, 0.0 ], [ -38.846904, -4.106049, 0.0 ], [ -38.846859, -4.106081, 0.0 ], [ -38.846812, -4.106091, 0.0 ], [ -38.846766, -4.106101, 0.0 ], [ -38.846685, -4.106121, 0.0 ], [ -38.846638, -4.10612, 0.0 ], [ -38.846593, -4.10614, 0.0 ], [ -38.846488, -4.106149, 0.0 ], [ -38.846406, -4.106147, 0.0 ], [ -38.846347, -4.106146, 0.0 ], [ -38.846277, -4.106146, 0.0 ], [ -38.846204, -4.106146, 0.0 ], [ -38.846082, -4.106148, 0.0 ], [ -38.846033, -4.106148, 0.0 ], [ -38.845931, -4.106128, 0.0 ], [ -38.845868, -4.106118, 0.0 ], [ -38.845789, -4.106098, 0.0 ], [ -38.845508, -4.10599, 0.0 ], [ -38.845466, -4.105952, 0.0 ], [ -38.845411, -4.105914, 0.0 ], [ -38.845365, -4.105889, 0.0 ], [ -38.845293, -4.105864, 0.0 ], [ -38.845236, -4.105824, 0.0 ], [ -38.845205, -4.105784, 0.0 ], [ -38.84514, -4.105717, 0.0 ], [ -38.845095, -4.105676, 0.0 ], [ -38.845038, -4.105621, 0.0 ], [ -38.845019, -4.105578, 0.0 ], [ -38.844962, -4.105522, 0.0 ], [ -38.8449, -4.105479, 0.0 ], [ -38.844816, -4.105465, 0.0 ], [ -38.84476, -4.10545, 0.0 ], [ -38.844687, -4.105451, 0.0 ], [ -38.844589, -4.105422, 0.0 ], [ -38.844582, -4.105422, 0.0 ], [ -38.844521, -4.105393, 0.0 ], [ -38.844442, -4.105333, 0.0 ], [ -38.844248, -4.10512, 0.0 ], [ -38.844176, -4.105073, 0.0 ], [ -38.844061, -4.104978, 0.0 ], [ -38.843961, -4.104882, 0.0 ], [ -38.843931, -4.104866, 0.0 ], [ -38.843876, -4.104784, 0.0 ], [ -38.843863, -4.104752, 0.0 ], [ -38.843757, -4.10467, 0.0 ], [ -38.843696, -4.10462, 0.0 ], [ -38.843667, -4.104586, 0.0 ], [ -38.843574, -4.10452, 0.0 ], [ -38.843479, -4.104453, 0.0 ], [ -38.843414, -4.104437, 0.0 ], [ -38.843406, -4.104428, 0.0 ], [ -38.843266, -4.104389, 0.0 ], [ -38.843167, -4.104374, 0.0 ], [ -38.843117, -4.104375, 0.0 ], [ -38.843051, -4.10436, 0.0 ], [ -38.842953, -4.104345, 0.0 ], [ -38.842871, -4.10433, 0.0 ], [ -38.842757, -4.104333, 0.0 ], [ -38.842612, -4.10432, 0.0 ], [ -38.842547, -4.104305, 0.0 ], [ -38.842451, -4.104308, 0.0 ], [ -38.842388, -4.10431, 0.0 ], [ -38.842293, -4.104314, 0.0 ], [ -38.842199, -4.104318, 0.0 ], [ -38.842137, -4.104321, 0.0 ], [ -38.842045, -4.104325, 0.0 ], [ -38.841983, -4.10431, 0.0 ], [ -38.841892, -4.104314, 0.0 ], [ -38.841846, -4.104299, 0.0 ], [ -38.84174, -4.104287, 0.0 ], [ -38.841651, -4.104291, 0.0 ], [ -38.84156, -4.104262, 0.0 ], [ -38.84147, -4.104233, 0.0 ], [ -38.841367, -4.104206, 0.0 ], [ -38.841296, -4.10421, 0.0 ], [ -38.841238, -4.104197, 0.0 ], [ -38.841162, -4.104152, 0.0 ], [ -38.841118, -4.104138, 0.0 ], [ -38.841045, -4.104109, 0.0 ], [ -38.840963, -4.104115, 0.0 ], [ -38.840908, -4.104119, 0.0 ], [ -38.840868, -4.104121, 0.0 ], [ -38.84071, -4.104133, 0.0 ], [ -38.840171, -4.100886, 0.0 ], [ -38.840171, -4.100836, 0.0 ], [ -38.840171, -4.100787, 0.0 ], [ -38.840171, -4.100748, 0.0 ], [ -38.84017, -4.100642, 0.0 ], [ -38.84017, -4.100582, 0.0 ], [ -38.84017, -4.100523, 0.0 ], [ -38.840169, -4.100427, 0.0 ], [ -38.840169, -4.100307, 0.0 ], [ -38.840168, -4.100208, 0.0 ], [ -38.840168, -4.100139, 0.0 ], [ -38.840168, -4.100105, 0.0 ], [ -38.840168, -4.100054, 0.0 ], [ -38.840168, -4.09998, 0.0 ], [ -38.840167, -4.099908, 0.0 ], [ -38.840167, -4.099845, 0.0 ], [ -38.840175, -4.099813, 0.0 ], [ -38.840191, -4.099774, 0.0 ], [ -38.840199, -4.099735, 0.0 ], [ -38.840206, -4.099696, 0.0 ], [ -38.840253, -4.099588, 0.0 ], [ -38.840292, -4.099525, 0.0 ], [ -38.840324, -4.099492, 0.0 ], [ -38.840356, -4.099446, 0.0 ], [ -38.840387, -4.099407, 0.0 ], [ -38.840402, -4.099377, 0.0 ], [ -38.840418, -4.099354, 0.0 ], [ -38.840441, -4.09933, 0.0 ], [ -38.840488, -4.099261, 0.0 ], [ -38.840512, -4.099228, 0.0 ], [ -38.840544, -4.099172, 0.0 ], [ -38.84056, -4.09914, 0.0 ], [ -38.840584, -4.099107, 0.0 ], [ -38.840613, -4.099058, 0.0 ], [ -38.840617, -4.099049, 0.0 ], [ -38.84066, -4.098989, 0.0 ], [ -38.840685, -4.098931, 0.0 ], [ -38.840694, -4.098906, 0.0 ], [ -38.840807, -4.09833, 0.0 ], [ -38.840814, -4.098288, 0.0 ], [ -38.840816, -4.098169, 0.0 ], [ -38.840836, -4.098064, 0.0 ], [ -38.840848, -4.097966, 0.0 ], [ -38.840858, -4.097867, 0.0 ], [ -38.840862, -4.097818, 0.0 ], [ -38.840869, -4.097713, 0.0 ], [ -38.840873, -4.097665, 0.0 ], [ -38.840883, -4.097587, 0.0 ], [ -38.840887, -4.097548, 0.0 ], [ -38.84089, -4.097487, 0.0 ], [ -38.840902, -4.097442, 0.0 ], [ -38.840906, -4.097396, 0.0 ], [ -38.840911, -4.097366, 0.0 ], [ -38.840934, -4.097278, 0.0 ], [ -38.840938, -4.097241, 0.0 ], [ -38.840947, -4.097184, 0.0 ], [ -38.840964, -4.097134, 0.0 ], [ -38.840969, -4.097105, 0.0 ], [ -38.840999, -4.097035, 0.0 ], [ -38.841016, -4.096986, 0.0 ], [ -38.841049, -4.096938, 0.0 ], [ -38.841073, -4.096883, 0.0 ], [ -38.841111, -4.096821, 0.0 ], [ -38.841141, -4.096768, 0.0 ], [ -38.841158, -4.096735, 0.0 ], [ -38.841204, -4.09665, 0.0 ], [ -38.84125, -4.096572, 0.0 ], [ -38.841284, -4.096515, 0.0 ], [ -38.841328, -4.09647, 0.0 ], [ -38.841336, -4.09641, 0.0 ], [ -38.841351, -4.09638, 0.0 ], [ -38.841362, -4.096324, 0.0 ], [ -38.841373, -4.096292, 0.0 ], [ -38.84146, -4.095906, 0.0 ], [ -38.841429, -4.09581, 0.0 ], [ -38.841432, -4.095717, 0.0 ], [ -38.841437, -4.095644, 0.0 ], [ -38.841441, -4.09552, 0.0 ], [ -38.841441, -4.095435, 0.0 ], [ -38.84144, -4.095385, 0.0 ], [ -38.841439, -4.095342, 0.0 ], [ -38.841438, -4.095294, 0.0 ], [ -38.841438, -4.095237, 0.0 ], [ -38.841445, -4.095201, 0.0 ], [ -38.84145, -4.095163, 0.0 ], [ -38.841464, -4.095115, 0.0 ], [ -38.841476, -4.09508, 0.0 ], [ -38.841483, -4.095045, 0.0 ], [ -38.84148, -4.095015, 0.0 ], [ -38.841482, -4.094986, 0.0 ], [ -38.841482, -4.094937, 0.0 ], [ -38.841477, -4.094888, 0.0 ], [ -38.841469, -4.094816, 0.0 ], [ -38.841463, -4.094758, 0.0 ], [ -38.841457, -4.094702, 0.0 ], [ -38.841453, -4.094664, 0.0 ], [ -38.841444, -4.094627, 0.0 ], [ -38.841433, -4.094571, 0.0 ], [ -38.841422, -4.094512, 0.0 ], [ -38.841421, -4.094502, 0.0 ], [ -38.841298, -4.094206, 0.0 ], [ -38.841297, -4.094172, 0.0 ], [ -38.841285, -4.094109, 0.0 ], [ -38.841279, -4.094076, 0.0 ], [ -38.841263, -4.094032, 0.0 ], [ -38.841242, -4.093985, 0.0 ], [ -38.841217, -4.093951, 0.0 ], [ -38.841191, -4.093923, 0.0 ], [ -38.841176, -4.093899, 0.0 ], [ -38.84116, -4.093861, 0.0 ], [ -38.841145, -4.093823, 0.0 ], [ -38.841134, -4.093786, 0.0 ], [ -38.841134, -4.093752, 0.0 ], [ -38.84113, -4.09371, 0.0 ], [ -38.841131, -4.093658, 0.0 ], [ -38.841136, -4.093616, 0.0 ], [ -38.841137, -4.093606, 0.0 ], [ -38.841142, -4.093573, 0.0 ], [ -38.841157, -4.093535, 0.0 ], [ -38.841162, -4.093525, 0.0 ], [ -38.841178, -4.093497, 0.0 ], [ -38.841188, -4.093468, 0.0 ], [ -38.841202, -4.09344, 0.0 ], [ -38.841211, -4.093407, 0.0 ], [ -38.841211, -4.093374, 0.0 ], [ -38.84121, -4.093331, 0.0 ], [ -38.841215, -4.093289, 0.0 ], [ -38.841214, -4.093251, 0.0 ], [ -38.841214, -4.093223, 0.0 ], [ -38.841214, -4.093185, 0.0 ], [ -38.841199, -4.093143, 0.0 ], [ -38.84118, -4.093084, 0.0 ], [ -38.84118, -4.093082, 0.0 ], [ -38.841082, -4.092708, 0.0 ], [ -38.841082, -4.092679, 0.0 ], [ -38.841063, -4.092636, 0.0 ], [ -38.841054, -4.092612, 0.0 ], [ -38.841045, -4.092574, 0.0 ], [ -38.841028, -4.092531, 0.0 ], [ -38.841026, -4.092521, 0.0 ], [ -38.841007, -4.092478, 0.0 ], [ -38.841002, -4.092445, 0.0 ], [ -38.840969, -4.092392, 0.0 ], [ -38.840955, -4.092354, 0.0 ], [ -38.840936, -4.09231, 0.0 ], [ -38.840912, -4.092277, 0.0 ], [ -38.840884, -4.092238, 0.0 ], [ -38.840841, -4.092195, 0.0 ], [ -38.840793, -4.092146, 0.0 ], [ -38.84076, -4.092098, 0.0 ], [ -38.840737, -4.092054, 0.0 ], [ -38.840734, -4.092052, 0.0 ], [ -38.84068, -4.091908, 0.0 ], [ -38.840632, -4.091784, 0.0 ], [ -38.840628, -4.091774, 0.0 ], [ -38.840618, -4.091755, 0.0 ], [ -38.840599, -4.091707, 0.0 ], [ -38.840583, -4.091652, 0.0 ], [ -38.840577, -4.091597, 0.0 ], [ -38.840572, -4.091547, 0.0 ], [ -38.840571, -4.091512, 0.0 ], [ -38.840565, -4.091468, 0.0 ], [ -38.840565, -4.091415, 0.0 ], [ -38.84056, -4.091352, 0.0 ], [ -38.840559, -4.091289, 0.0 ], [ -38.840559, -4.091241, 0.0 ], [ -38.840558, -4.091141, 0.0 ], [ -38.840558, -4.091131, 0.0 ], [ -38.840558, -4.091122, 0.0 ], [ -38.840558, -4.091069, 0.0 ], [ -38.840558, -4.091059, 0.0 ], [ -38.840557, -4.090983, 0.0 ], [ -38.840552, -4.090926, 0.0 ], [ -38.840546, -4.090855, 0.0 ], [ -38.840541, -4.090822, 0.0 ], [ -38.840535, -4.090765, 0.0 ], [ -38.840516, -4.090713, 0.0 ], [ -38.840512, -4.090675, 0.0 ], [ -38.840502, -4.090638, 0.0 ], [ -38.840493, -4.09061, 0.0 ], [ -38.840478, -4.090544, 0.0 ], [ -38.840474, -4.090511, 0.0 ], [ -38.840469, -4.090487, 0.0 ], [ -38.840469, -4.090476, 0.0 ], [ -38.840459, -4.090412, 0.0 ], [ -38.840455, -4.090356, 0.0 ], [ -38.840454, -4.090304, 0.0 ], [ -38.840445, -4.090241, 0.0 ], [ -38.840445, -4.09023, 0.0 ], [ -38.840444, -4.090151, 0.0 ], [ -38.840439, -4.090086, 0.0 ], [ -38.840434, -4.089994, 0.0 ], [ -38.84043, -4.08989, 0.0 ], [ -38.84043, -4.089828, 0.0 ], [ -38.84043, -4.08979, 0.0 ], [ -38.84043, -4.089782, 0.0 ], [ -38.840436, -4.089515, 0.0 ], [ -38.840456, -4.089358, 0.0 ], [ -38.840442, -4.089318, 0.0 ], [ -38.840423, -4.08928, 0.0 ], [ -38.840414, -4.089252, 0.0 ], [ -38.840399, -4.089188, 0.0 ], [ -38.840399, -4.089176, 0.0 ], [ -38.840385, -4.089134, 0.0 ], [ -38.840385, -4.089096, 0.0 ], [ -38.840376, -4.089063, 0.0 ], [ -38.840371, -4.08902, 0.0 ], [ -38.840362, -4.088968, 0.0 ], [ -38.840362, -4.08893, 0.0 ], [ -38.840363, -4.088896, 0.0 ], [ -38.840363, -4.088863, 0.0 ], [ -38.840361, -4.088853, 0.0 ], [ -38.840359, -4.088819, 0.0 ], [ -38.840359, -4.088776, 0.0 ], [ -38.84036, -4.088766, 0.0 ], [ -38.84036, -4.088756, 0.0 ], [ -38.84036, -4.088722, 0.0 ], [ -38.84036, -4.08871, 0.0 ], [ -38.84036, -4.088698, 0.0 ], [ -38.840361, -4.088653, 0.0 ], [ -38.84033, -4.088359, 0.0 ], [ -38.840341, -4.088301, 0.0 ], [ -38.840377, -4.088255, 0.0 ], [ -38.840391, -4.088198, 0.0 ], [ -38.840415, -4.088152, 0.0 ], [ -38.840441, -4.088095, 0.0 ], [ -38.840466, -4.088049, 0.0 ], [ -38.840491, -4.087991, 0.0 ], [ -38.840515, -4.087956, 0.0 ], [ -38.840538, -4.08791, 0.0 ], [ -38.840562, -4.087886, 0.0 ], [ -38.840597, -4.087805, 0.0 ], [ -38.840621, -4.087758, 0.0 ], [ -38.840644, -4.087711, 0.0 ], [ -38.84068, -4.087618, 0.0 ], [ -38.840741, -4.087524, 0.0 ], [ -38.840756, -4.087465, 0.0 ], [ -38.840758, -4.087406, 0.0 ], [ -38.84076, -4.08737, 0.0 ], [ -38.840764, -4.087298, 0.0 ], [ -38.840766, -4.087238, 0.0 ], [ -38.840769, -4.08719, 0.0 ], [ -38.840773, -4.087106, 0.0 ], [ -38.840763, -4.087069, 0.0 ], [ -38.840756, -4.086983, 0.0 ], [ -38.840746, -4.086946, 0.0 ], [ -38.840737, -4.086897, 0.0 ], [ -38.840727, -4.086836, 0.0 ], [ -38.840728, -4.086799, 0.0 ], [ -38.840708, -4.086736, 0.0 ], [ -38.840687, -4.086649, 0.0 ], [ -38.840678, -4.086586, 0.0 ], [ -38.840668, -4.086524, 0.0 ], [ -38.84067, -4.086461, 0.0 ], [ -38.840661, -4.086398, 0.0 ], [ -38.840663, -4.086335, 0.0 ], [ -38.840664, -4.086297, 0.0 ], [ -38.840435, -4.085869, 0.0 ], [ -38.840387, -4.085795, 0.0 ], [ -38.840363, -4.085746, 0.0 ], [ -38.84029, -4.08566, 0.0 ], [ -38.840266, -4.085623, 0.0 ], [ -38.840217, -4.085562, 0.0 ], [ -38.840155, -4.085525, 0.0 ], [ -38.840092, -4.085449, 0.0 ], [ -38.840038, -4.085385, 0.0 ], [ -38.840011, -4.085347, 0.0 ], [ -38.839944, -4.085271, 0.0 ], [ -38.839931, -4.085246, 0.0 ], [ -38.839826, -4.08512, 0.0 ], [ -38.839786, -4.085057, 0.0 ], [ -38.839721, -4.08497, 0.0 ], [ -38.839669, -4.084896, 0.0 ], [ -38.839604, -4.084786, 0.0 ], [ -38.839578, -4.08475, 0.0 ], [ -38.839513, -4.084628, 0.0 ], [ -38.839474, -4.084568, 0.0 ], [ -38.839461, -4.08452, 0.0 ], [ -38.839422, -4.084461, 0.0 ], [ -38.839372, -4.084365, 0.0 ], [ -38.839347, -4.084318, 0.0 ], [ -38.83931, -4.084247, 0.0 ], [ -38.839286, -4.0842, 0.0 ], [ -38.839249, -4.084129, 0.0 ], [ -38.839225, -4.08407, 0.0 ], [ -38.839201, -4.083998, 0.0 ], [ -38.839178, -4.083951, 0.0 ], [ -38.838936, -4.083521, 0.0 ], [ -38.838926, -4.083475, 0.0 ], [ -38.838915, -4.08343, 0.0 ], [ -38.838893, -4.083332, 0.0 ], [ -38.838894, -4.083326, 0.0 ], [ -38.838835, -4.083257, 0.0 ], [ -38.8388, -4.083211, 0.0 ], [ -38.838765, -4.083177, 0.0 ], [ -38.838693, -4.083119, 0.0 ], [ -38.83867, -4.083096, 0.0 ], [ -38.838611, -4.083038, 0.0 ], [ -38.83854, -4.082981, 0.0 ], [ -38.838492, -4.082935, 0.0 ], [ -38.838457, -4.082888, 0.0 ], [ -38.838422, -4.082831, 0.0 ], [ -38.838374, -4.082796, 0.0 ], [ -38.838314, -4.082725, 0.0 ], [ -38.838266, -4.082665, 0.0 ], [ -38.83823, -4.082594, 0.0 ], [ -38.838169, -4.082534, 0.0 ], [ -38.838133, -4.082486, 0.0 ], [ -38.838097, -4.082426, 0.0 ], [ -38.83806, -4.08239, 0.0 ], [ -38.838048, -4.082342, 0.0 ], [ -38.838024, -4.082294, 0.0 ], [ -38.837963, -4.082209, 0.0 ], [ -38.837951, -4.082185, 0.0 ], [ -38.837927, -4.082112, 0.0 ], [ -38.83789, -4.082052, 0.0 ], [ -38.837841, -4.08193, 0.0 ], [ -38.837841, -4.081918, 0.0 ], [ -38.837817, -4.081869, 0.0 ], [ -38.837805, -4.081821, 0.0 ], [ -38.837768, -4.081736, 0.0 ], [ -38.837756, -4.081688, 0.0 ], [ -38.837744, -4.081651, 0.0 ], [ -38.837719, -4.08159, 0.0 ], [ -38.837695, -4.081517, 0.0 ], [ -38.837682, -4.081468, 0.0 ], [ -38.83767, -4.081443, 0.0 ], [ -38.837646, -4.08137, 0.0 ], [ -38.837634, -4.081297, 0.0 ], [ -38.837634, -4.081284, 0.0 ], [ -38.837621, -4.081223, 0.0 ], [ -38.837622, -4.081124, 0.0 ], [ -38.837622, -4.081074, 0.0 ], [ -38.837622, -4.080999, 0.0 ], [ -38.837622, -4.080961, 0.0 ], [ -38.837622, -4.080898, 0.0 ], [ -38.837622, -4.080796, 0.0 ], [ -38.837623, -4.08072, 0.0 ], [ -38.837648, -4.080655, 0.0 ], [ -38.837662, -4.080578, 0.0 ], [ -38.837662, -4.080526, 0.0 ], [ -38.837662, -4.080474, 0.0 ], [ -38.837675, -4.080422, 0.0 ], [ -38.837688, -4.080304, 0.0 ], [ -38.837688, -4.080277, 0.0 ], [ -38.837689, -4.080211, 0.0 ], [ -38.837702, -4.080105, 0.0 ], [ -38.837716, -4.080038, 0.0 ], [ -38.837716, -4.079972, 0.0 ], [ -38.837716, -4.079918, 0.0 ], [ -38.837729, -4.079813, 0.0 ], [ -38.837742, -4.079746, 0.0 ], [ -38.837743, -4.079681, 0.0 ], [ -38.837743, -4.079601, 0.0 ], [ -38.837743, -4.079509, 0.0 ], [ -38.837756, -4.079402, 0.0 ], [ -38.837756, -4.079323, 0.0 ], [ -38.837848, -4.078935, 0.0 ], [ -38.837848, -4.078868, 0.0 ], [ -38.837848, -4.078862, 0.0 ], [ -38.837834, -4.078736, 0.0 ], [ -38.837834, -4.07867, 0.0 ], [ -38.83782, -4.078592, 0.0 ], [ -38.83782, -4.078475, 0.0 ], [ -38.837807, -4.078397, 0.0 ], [ -38.837807, -4.078279, 0.0 ], [ -38.837807, -4.078227, 0.0 ], [ -38.837794, -4.078084, 0.0 ], [ -38.837756, -4.077824, 0.0 ], [ -38.837743, -4.077732, 0.0 ], [ -38.837743, -4.077679, 0.0 ], [ -38.837744, -4.077626, 0.0 ], [ -38.837744, -4.077534, 0.0 ], [ -38.837732, -4.077427, 0.0 ], [ -38.837732, -4.077319, 0.0 ], [ -38.837719, -4.077238, 0.0 ], [ -38.837706, -4.077171, 0.0 ], [ -38.837707, -4.077075, 0.0 ], [ -38.837687, -4.076993, 0.0 ], [ -38.83768, -4.076993, 0.0 ], [ -38.837667, -4.076938, 0.0 ], [ -38.837627, -4.076827, 0.0 ], [ -38.837614, -4.076785, 0.0 ], [ -38.83727, -4.076261, 0.0 ], [ -38.837246, -4.07621, 0.0 ], [ -38.837072, -4.07601, 0.0 ], [ -38.837033, -4.075944, 0.0 ], [ -38.836995, -4.075838, 0.0 ], [ -38.83697, -4.075758, 0.0 ], [ -38.83693, -4.075677, 0.0 ], [ -38.836891, -4.075596, 0.0 ], [ -38.836851, -4.075514, 0.0 ], [ -38.836824, -4.075447, 0.0 ], [ -38.836784, -4.075378, 0.0 ], [ -38.836757, -4.075324, 0.0 ], [ -38.836687, -4.075254, 0.0 ], [ -38.836632, -4.075171, 0.0 ], [ -38.836562, -4.075101, 0.0 ], [ -38.836481, -4.074964, 0.0 ], [ -38.836426, -4.074882, 0.0 ], [ -38.836414, -4.074841, 0.0 ], [ -38.836372, -4.074785, 0.0 ], [ -38.836345, -4.07473, 0.0 ], [ -38.836305, -4.074647, 0.0 ], [ -38.836278, -4.074591, 0.0 ], [ -38.836225, -4.074466, 0.0 ], [ -38.836198, -4.07441, 0.0 ], [ -38.836158, -4.074311, 0.0 ], [ -38.836131, -4.074255, 0.0 ], [ -38.836105, -4.074183, 0.0 ], [ -38.836092, -4.074126, 0.0 ], [ -38.83605, -4.074068, 0.0 ], [ -38.836007, -4.07401, 0.0 ], [ -38.835979, -4.073952, 0.0 ], [ -38.83595, -4.073923, 0.0 ], [ -38.835841, -4.073829, 0.0 ], [ -38.835834, -4.073821, 0.0 ], [ -38.835747, -4.073734, 0.0 ], [ -38.835704, -4.07369, 0.0 ], [ -38.835616, -4.073587, 0.0 ], [ -38.835587, -4.073527, 0.0 ], [ -38.835558, -4.073452, 0.0 ], [ -38.8355, -4.073392, 0.0 ], [ -38.835455, -4.073348, 0.0 ], [ -38.835382, -4.073274, 0.0 ], [ -38.835308, -4.073215, 0.0 ], [ -38.83522, -4.073127, 0.0 ], [ -38.835175, -4.073083, 0.0 ], [ -38.835044, -4.072998, 0.0 ], [ -38.834886, -4.072916, 0.0 ], [ -38.834756, -4.072832, 0.0 ], [ -38.834628, -4.072749, 0.0 ], [ -38.834488, -4.072641, 0.0 ], [ -38.817409, -4.084741, 0.0 ], [ -38.816449, -4.084082, 0.0 ], [ -38.816421, -4.084052, 0.0 ], [ -38.816376, -4.083991, 0.0 ], [ -38.816349, -4.083945, 0.0 ], [ -38.816294, -4.083885, 0.0 ], [ -38.81624, -4.083825, 0.0 ], [ -38.816195, -4.083773, 0.0 ], [ -38.816168, -4.083726, 0.0 ], [ -38.81615, -4.083695, 0.0 ], [ -38.816122, -4.083657, 0.0 ], [ -38.816095, -4.083611, 0.0 ], [ -38.816059, -4.08358, 0.0 ], [ -38.816041, -4.08353, 0.0 ], [ -38.816014, -4.083497, 0.0 ], [ -38.815977, -4.083451, 0.0 ], [ -38.81595, -4.083415, 0.0 ], [ -38.815896, -4.083351, 0.0 ], [ -38.81586, -4.0833, 0.0 ], [ -38.815815, -4.083243, 0.0 ], [ -38.815761, -4.083186, 0.0 ], [ -38.815716, -4.083122, 0.0 ], [ -38.81568, -4.083062, 0.0 ], [ -38.815653, -4.082989, 0.0 ], [ -38.815598, -4.082878, 0.0 ], [ -38.815589, -4.082845, 0.0 ], [ -38.815553, -4.082753, 0.0 ], [ -38.815526, -4.08269, 0.0 ], [ -38.815491, -4.082636, 0.0 ], [ -38.815465, -4.082588, 0.0 ], [ -38.815447, -4.082547, 0.0 ], [ -38.81543, -4.082505, 0.0 ], [ -38.815403, -4.082465, 0.0 ], [ -38.815399, -4.082427, 0.0 ], [ -38.81527, -4.082226, 0.0 ], [ -38.815248, -4.08217, 0.0 ], [ -38.815217, -4.082108, 0.0 ], [ -38.815157, -4.082028, 0.0 ], [ -38.815119, -4.081953, 0.0 ], [ -38.815059, -4.081854, 0.0 ], [ -38.815021, -4.081805, 0.0 ], [ -38.814991, -4.081749, 0.0 ], [ -38.814946, -4.081688, 0.0 ], [ -38.814893, -4.081634, 0.0 ], [ -38.814863, -4.081597, 0.0 ], [ -38.814826, -4.081555, 0.0 ], [ -38.814781, -4.08152, 0.0 ], [ -38.814744, -4.081491, 0.0 ], [ -38.814699, -4.081456, 0.0 ], [ -38.814632, -4.081392, 0.0 ], [ -38.814587, -4.08136, 0.0 ], [ -38.814543, -4.081321, 0.0 ], [ -38.814506, -4.081288, 0.0 ], [ -38.814484, -4.081253, 0.0 ], [ -38.81444, -4.081215, 0.0 ], [ -38.814396, -4.081182, 0.0 ], [ -38.814374, -4.081148, 0.0 ], [ -38.814352, -4.081126, 0.0 ], [ -38.814337, -4.081098, 0.0 ], [ -38.814308, -4.08107, 0.0 ], [ -38.814279, -4.081043, 0.0 ], [ -38.81425, -4.081004, 0.0 ], [ -38.814214, -4.080971, 0.0 ], [ -38.814178, -4.080933, 0.0 ], [ -38.814127, -4.080878, 0.0 ], [ -38.814091, -4.080846, 0.0 ], [ -38.814056, -4.080814, 0.0 ], [ -38.814013, -4.080776, 0.0 ], [ -38.813991, -4.080739, 0.0 ], [ -38.813742, -4.080606, 0.0 ], [ -38.813735, -4.080606, 0.0 ], [ -38.813709, -4.080596, 0.0 ], [ -38.813682, -4.080586, 0.0 ], [ -38.81362, -4.080582, 0.0 ], [ -38.813536, -4.080584, 0.0 ], [ -38.813451, -4.080595, 0.0 ], [ -38.813386, -4.080616, 0.0 ], [ -38.813324, -4.080616, 0.0 ], [ -38.813262, -4.08061, 0.0 ], [ -38.813198, -4.080606, 0.0 ], [ -38.813132, -4.080624, 0.0 ], [ -38.813107, -4.080657, 0.0 ], [ -38.813075, -4.080688, 0.0 ], [ -38.813035, -4.080736, 0.0 ], [ -38.81298, -4.080762, 0.0 ], [ -38.812946, -4.080786, 0.0 ], [ -38.812918, -4.080805, 0.0 ], [ -38.81289, -4.080818, 0.0 ], [ -38.812841, -4.080828, 0.0 ], [ -38.812792, -4.080845, 0.0 ], [ -38.812742, -4.08086, 0.0 ], [ -38.812654, -4.080888, 0.0 ], [ -38.81259, -4.080898, 0.0 ], [ -38.812525, -4.080915, 0.0 ], [ -38.812438, -4.08093, 0.0 ], [ -38.812307, -4.080955, 0.0 ], [ -38.812213, -4.080977, 0.0 ], [ -38.812155, -4.080974, 0.0 ], [ -38.812111, -4.08098, 0.0 ], [ -38.812067, -4.080979, 0.0 ], [ -38.812023, -4.080984, 0.0 ], [ -38.811965, -4.080982, 0.0 ], [ -38.811907, -4.080984, 0.0 ], [ -38.811878, -4.080992, 0.0 ], [ -38.811842, -4.080993, 0.0 ], [ -38.811784, -4.080995, 0.0 ], [ -38.811733, -4.080996, 0.0 ], [ -38.811682, -4.080998, 0.0 ], [ -38.811617, -4.081, 0.0 ], [ -38.81156, -4.081002, 0.0 ], [ -38.811501, -4.081001, 0.0 ], [ -38.811443, -4.080998, 0.0 ], [ -38.811391, -4.080989, 0.0 ], [ -38.811339, -4.080987, 0.0 ], [ -38.811273, -4.080984, 0.0 ], [ -38.81122, -4.080985, 0.0 ], [ -38.811124, -4.080958, 0.0 ], [ -38.811074, -4.080936, 0.0 ], [ -38.811039, -4.08092, 0.0 ], [ -38.81101, -4.080903, 0.0 ], [ -38.810933, -4.080878, 0.0 ], [ -38.810877, -4.080864, 0.0 ], [ -38.810841, -4.080848, 0.0 ], [ -38.810799, -4.080826, 0.0 ], [ -38.810722, -4.080788, 0.0 ], [ -38.810638, -4.080757, 0.0 ], [ -38.810582, -4.08073, 0.0 ], [ -38.810541, -4.080703, 0.0 ], [ -38.810479, -4.080672, 0.0 ], [ -38.810424, -4.08064, 0.0 ], [ -38.810356, -4.080598, 0.0 ], [ -38.810308, -4.080572, 0.0 ], [ -38.810274, -4.08055, 0.0 ], [ -38.81024, -4.080523, 0.0 ], [ -38.810206, -4.080502, 0.0 ], [ -38.810151, -4.08047, 0.0 ], [ -38.810104, -4.080451, 0.0 ], [ -38.810084, -4.080434, 0.0 ], [ -38.81005, -4.080413, 0.0 ], [ -38.810016, -4.080392, 0.0 ], [ -38.80999, -4.080377, 0.0 ], [ -38.809949, -4.080357, 0.0 ], [ -38.784675, -4.094253, 0.0 ], [ -38.784447, -4.09428, 0.0 ], [ -38.783776, -4.094158, 0.0 ], [ -38.783024, -4.094037, 0.0 ], [ -38.78203, -4.093794, 0.0 ], [ -38.781413, -4.093672, 0.0 ], [ -38.780998, -4.093741, 0.0 ], [ -38.778674, -4.094723, 0.0 ], [ -38.777935, -4.095073, 0.0 ], [ -38.777277, -4.095478, 0.0 ], [ -38.776539, -4.096003, 0.0 ], [ -38.77584, -4.096475, 0.0 ], [ -38.775282, -4.096884, 0.0 ], [ -38.774917, -4.097174, 0.0 ], [ -38.774447, -4.096768, 0.0 ], [ -38.77412, -4.096504, 0.0 ], [ -38.773955, -4.096431, 0.0 ], [ -38.773842, -4.096426, 0.0 ], [ -38.773528, -4.096467, 0.0 ], [ -38.773025, -4.096558, 0.0 ], [ -38.772522, -4.096616, 0.0 ], [ -38.771927, -4.096617, 0.0 ], [ -38.771057, -4.096624, 0.0 ], [ -38.770903, -4.096593, 0.0 ], [ -38.770729, -4.096499, 0.0 ], [ -38.770594, -4.096356, 0.0 ], [ -38.77017, -4.095676, 0.0 ], [ -38.769917, -4.095218, 0.0 ], [ -38.769851, -4.095066, 0.0 ], [ -38.769804, -4.094882, 0.0 ], [ -38.769763, -4.094213, 0.0 ], [ -38.769602, -4.092647, 0.0 ], [ -38.76949, -4.091498, 0.0 ], [ -38.769355, -4.090222, 0.0 ], [ -38.769326, -4.090059, 0.0 ], [ -38.769308, -4.089954, 0.0 ], [ -38.769078, -4.089365, 0.0 ], [ -38.768301, -4.087615, 0.0 ], [ -38.767722, -4.086274, 0.0 ], [ -38.767275, -4.085202, 0.0 ], [ -38.767106, -4.084891, 0.0 ], [ -38.766888, -4.084636, 0.0 ], [ -38.766467, -4.084169, 0.0 ], [ -38.76581, -4.083484, 0.0 ], [ -38.765703, -4.083368, 0.0 ], [ -38.765335, -4.083079, 0.0 ], [ -38.764219, -4.082255, 0.0 ], [ -38.763569, -4.08176, 0.0 ], [ -38.763429, -4.08162, 0.0 ], [ -38.763335, -4.08148, 0.0 ], [ -38.763222, -4.081264, 0.0 ], [ -38.762593, -4.079885, 0.0 ], [ -38.761817, -4.07819, 0.0 ], [ -38.761597, -4.077658, 0.0 ], [ -38.761557, -4.077488, 0.0 ], [ -38.76154, -4.077362, 0.0 ], [ -38.761539, -4.077132, 0.0 ], [ -38.761569, -4.076964, 0.0 ], [ -38.76164, -4.075746, 0.0 ], [ -38.761717, -4.074681, 0.0 ], [ -38.76167, -4.074512, 0.0 ], [ -38.761495, -4.074015, 0.0 ], [ -38.76116, -4.073124, 0.0 ], [ -38.760928, -4.072756, 0.0 ], [ -38.760696, -4.072412, 0.0 ], [ -38.760485, -4.072593, 0.0 ], [ -38.760479, -4.072604, 0.0 ], [ -38.760463, -4.072636, 0.0 ], [ -38.760442, -4.072658, 0.0 ], [ -38.760425, -4.072679, 0.0 ], [ -38.760403, -4.072696, 0.0 ], [ -38.76036, -4.072728, 0.0 ], [ -38.760316, -4.072755, 0.0 ], [ -38.760281, -4.072776, 0.0 ], [ -38.760278, -4.072776, 0.0 ], [ -38.760262, -4.072798, 0.0 ], [ -38.760235, -4.072819, 0.0 ], [ -38.760208, -4.072846, 0.0 ], [ -38.760191, -4.072867, 0.0 ], [ -38.760164, -4.072889, 0.0 ], [ -38.760143, -4.072905, 0.0 ], [ -38.760121, -4.072921, 0.0 ], [ -38.7601, -4.072948, 0.0 ], [ -38.760062, -4.072975, 0.0 ], [ -38.760014, -4.073007, 0.0 ], [ -38.759987, -4.073034, 0.0 ], [ -38.75996, -4.073061, 0.0 ], [ -38.759901, -4.07311, 0.0 ], [ -38.759837, -4.073154, 0.0 ], [ -38.759775, -4.073197, 0.0 ], [ -38.75975, -4.073218, 0.0 ], [ -38.759704, -4.073239, 0.0 ], [ -38.759696, -4.073239, 0.0 ], [ -38.759663, -4.073238, 0.0 ], [ -38.759607, -4.073217, 0.0 ], [ -38.759572, -4.073195, 0.0 ], [ -38.759539, -4.073168, 0.0 ], [ -38.759473, -4.073111, 0.0 ], [ -38.75944, -4.073111, 0.0 ], [ -38.759413, -4.073111, 0.0 ], [ -38.759392, -4.073127, 0.0 ], [ -38.759381, -4.073159, 0.0 ], [ -38.759376, -4.073197, 0.0 ], [ -38.759376, -4.073208, 0.0 ], [ -38.759359, -4.073246, 0.0 ], [ -38.759348, -4.073278, 0.0 ], [ -38.759331, -4.073306, 0.0 ], [ -38.759314, -4.073327, 0.0 ], [ -38.7593, -4.073371, 0.0 ], [ -38.759298, -4.073382, 0.0 ], [ -38.759281, -4.073425, 0.0 ], [ -38.75926, -4.073457, 0.0 ], [ -38.759254, -4.073465, 0.0 ], [ -38.759222, -4.073505, 0.0 ], [ -38.759184, -4.073532, 0.0 ], [ -38.759157, -4.073543, 0.0 ], [ -38.759109, -4.07354, 0.0 ], [ -38.759061, -4.073527, 0.0 ], [ -38.759029, -4.073505, 0.0 ], [ -38.758983, -4.073484, 0.0 ], [ -38.758975, -4.073478, 0.0 ], [ -38.758948, -4.073473, 0.0 ], [ -38.758916, -4.073468, 0.0 ], [ -38.758863, -4.07347, 0.0 ], [ -38.758836, -4.073495, 0.0 ], [ -38.758798, -4.073522, 0.0 ], [ -38.758766, -4.073559, 0.0 ], [ -38.758734, -4.073585, 0.0 ], [ -38.75871, -4.07362, 0.0 ], [ -38.758702, -4.073628, 0.0 ], [ -38.758686, -4.073654, 0.0 ], [ -38.758665, -4.073681, 0.0 ], [ -38.758649, -4.073708, 0.0 ], [ -38.758627, -4.073734, 0.0 ], [ -38.758606, -4.073766, 0.0 ], [ -38.758574, -4.073803, 0.0 ], [ -38.758558, -4.07383, 0.0 ], [ -38.758531, -4.073873, 0.0 ], [ -38.758509, -4.073905, 0.0 ], [ -38.758482, -4.073943, 0.0 ], [ -38.758477, -4.073953, 0.0 ], [ -38.75846, -4.073975, 0.0 ], [ -38.758425, -4.074032, 0.0 ], [ -38.758418, -4.074039, 0.0 ], [ -38.758399, -4.074085, 0.0 ], [ -38.758385, -4.074136, 0.0 ], [ -38.758385, -4.074174, 0.0 ], [ -38.758385, -4.074206, 0.0 ], [ -38.758385, -4.074217, 0.0 ], [ -38.758402, -4.07426, 0.0 ], [ -38.758423, -4.074298, 0.0 ], [ -38.758428, -4.074309, 0.0 ], [ -38.75845, -4.074325, 0.0 ], [ -38.758458, -4.074328, 0.0 ], [ -38.758531, -4.074336, 0.0 ], [ -38.758569, -4.074336, 0.0 ], [ -38.758601, -4.074336, 0.0 ], [ -38.758633, -4.074335, 0.0 ], [ -38.758666, -4.074335, 0.0 ], [ -38.758709, -4.074335, 0.0 ], [ -38.758717, -4.074335, 0.0 ], [ -38.758725, -4.074335, 0.0 ], [ -38.758741, -4.074346, 0.0 ], [ -38.758749, -4.074354, 0.0 ], [ -38.758776, -4.074385, 0.0 ], [ -38.758794, -4.074405, 0.0 ], [ -38.758816, -4.074426, 0.0 ], [ -38.758821, -4.074437, 0.0 ], [ -38.758843, -4.074475, 0.0 ], [ -38.758859, -4.074502, 0.0 ], [ -38.758864, -4.074534, 0.0 ], [ -38.758864, -4.074563, 0.0 ], [ -38.758864, -4.074571, 0.0 ], [ -38.758865, -4.074626, 0.0 ], [ -38.758849, -4.074669, 0.0 ], [ -38.758828, -4.074707, 0.0 ], [ -38.758806, -4.074729, 0.0 ], [ -38.758771, -4.074751, 0.0 ], [ -38.758742, -4.074772, 0.0 ], [ -38.758699, -4.074789, 0.0 ], [ -38.758631, -4.074814, 0.0 ], [ -38.758586, -4.074828, 0.0 ], [ -38.758548, -4.074828, 0.0 ], [ -38.758537, -4.074828, 0.0 ], [ -38.758494, -4.074823, 0.0 ], [ -38.758461, -4.074801, 0.0 ], [ -38.758434, -4.07479, 0.0 ], [ -38.758396, -4.074769, 0.0 ], [ -38.758342, -4.074758, 0.0 ], [ -38.758331, -4.074758, 0.0 ], [ -38.758299, -4.074752, 0.0 ], [ -38.758288, -4.07475, 0.0 ], [ -38.758244, -4.074747, 0.0 ], [ -38.758201, -4.074752, 0.0 ], [ -38.758152, -4.074769, 0.0 ], [ -38.758098, -4.074785, 0.0 ], [ -38.758095, -4.074785, 0.0 ], [ -38.758071, -4.074812, 0.0 ], [ -38.758044, -4.074856, 0.0 ], [ -38.758022, -4.074894, 0.0 ], [ -38.758006, -4.074937, 0.0 ], [ -38.757995, -4.074996, 0.0 ], [ -38.757979, -4.07504, 0.0 ], [ -38.757973, -4.075088, 0.0 ], [ -38.757968, -4.075137, 0.0 ], [ -38.757968, -4.075191, 0.0 ], [ -38.757968, -4.075239, 0.0 ], [ -38.757968, -4.075272, 0.0 ], [ -38.757984, -4.07531, 0.0 ], [ -38.758011, -4.07536, 0.0 ], [ -38.758027, -4.075388, 0.0 ], [ -38.758038, -4.075415, 0.0 ], [ -38.758064, -4.07546, 0.0 ], [ -38.758092, -4.075488, 0.0 ], [ -38.758127, -4.07551, 0.0 ], [ -38.758135, -4.075516, 0.0 ], [ -38.758167, -4.075527, 0.0 ], [ -38.758205, -4.075534, 0.0 ], [ -38.758265, -4.075535, 0.0 ], [ -38.758303, -4.075536, 0.0 ], [ -38.758347, -4.075531, 0.0 ], [ -38.758402, -4.075504, 0.0 ], [ -38.758423, -4.075488, 0.0 ], [ -38.758445, -4.07546, 0.0 ], [ -38.758497, -4.075425, 0.0 ], [ -38.758527, -4.075416, 0.0 ], [ -38.758571, -4.075416, 0.0 ], [ -38.758604, -4.075427, 0.0 ], [ -38.758636, -4.075449, 0.0 ], [ -38.758664, -4.075466, 0.0 ], [ -38.758691, -4.075482, 0.0 ], [ -38.758724, -4.075504, 0.0 ], [ -38.758759, -4.075531, 0.0 ], [ -38.758768, -4.075537, 0.0 ], [ -38.758789, -4.075553, 0.0 ], [ -38.758817, -4.075575, 0.0 ], [ -38.75885, -4.075592, 0.0 ], [ -38.758882, -4.075614, 0.0 ], [ -38.75892, -4.07563, 0.0 ], [ -38.758953, -4.075652, 0.0 ], [ -38.758975, -4.075668, 0.0 ], [ -38.759003, -4.075696, 0.0 ], [ -38.759028, -4.075729, 0.0 ], [ -38.75903, -4.075734, 0.0 ], [ -38.759041, -4.075757, 0.0 ], [ -38.759052, -4.075784, 0.0 ], [ -38.759064, -4.075818, 0.0 ], [ -38.75908, -4.075851, 0.0 ], [ -38.759083, -4.075862, 0.0 ], [ -38.759108, -4.075901, 0.0 ], [ -38.759065, -4.076052, 0.0 ], [ -38.759051, -4.076074, 0.0 ], [ -38.759019, -4.076106, 0.0 ], [ -38.758993, -4.076139, 0.0 ], [ -38.758951, -4.076172, 0.0 ], [ -38.758898, -4.076199, 0.0 ], [ -38.758842, -4.07622, 0.0 ], [ -38.758802, -4.076231, 0.0 ], [ -38.758754, -4.076231, 0.0 ], [ -38.758696, -4.076242, 0.0 ], [ -38.758644, -4.076247, 0.0 ], [ -38.758632, -4.076247, 0.0 ], [ -38.758577, -4.076247, 0.0 ], [ -38.758532, -4.076252, 0.0 ], [ -38.758482, -4.076258, 0.0 ], [ -38.758417, -4.076263, 0.0 ], [ -38.758369, -4.076263, 0.0 ], [ -38.758308, -4.076269, 0.0 ], [ -38.758242, -4.076269, 0.0 ], [ -38.758209, -4.076269, 0.0 ], [ -38.758165, -4.076269, 0.0 ], [ -38.758127, -4.076258, 0.0 ], [ -38.758072, -4.076242, 0.0 ], [ -38.758007, -4.076225, 0.0 ], [ -38.757931, -4.076198, 0.0 ], [ -38.757894, -4.076176, 0.0 ], [ -38.757856, -4.076155, 0.0 ], [ -38.757829, -4.076138, 0.0 ], [ -38.757802, -4.076117, 0.0 ], [ -38.757753, -4.0761, 0.0 ], [ -38.757715, -4.076084, 0.0 ], [ -38.757677, -4.076067, 0.0 ], [ -38.757639, -4.076067, 0.0 ], [ -38.757579, -4.076067, 0.0 ], [ -38.757502, -4.076067, 0.0 ], [ -38.757464, -4.076067, 0.0 ], [ -38.75742, -4.076078, 0.0 ], [ -38.757388, -4.076089, 0.0 ], [ -38.757328, -4.0761, 0.0 ], [ -38.75729, -4.076111, 0.0 ], [ -38.757257, -4.076133, 0.0 ], [ -38.757235, -4.076149, 0.0 ], [ -38.757208, -4.076171, 0.0 ], [ -38.757192, -4.076204, 0.0 ], [ -38.757165, -4.076258, 0.0 ], [ -38.757149, -4.076302, 0.0 ], [ -38.757133, -4.07634, 0.0 ], [ -38.757117, -4.076373, 0.0 ], [ -38.757101, -4.076411, 0.0 ], [ -38.757079, -4.076455, 0.0 ], [ -38.757052, -4.076499, 0.0 ], [ -38.757019, -4.076527, 0.0 ], [ -38.756986, -4.076555, 0.0 ], [ -38.756959, -4.076566, 0.0 ], [ -38.75692, -4.076582, 0.0 ], [ -38.756876, -4.076599, 0.0 ], [ -38.756827, -4.076621, 0.0 ], [ -38.756794, -4.076632, 0.0 ], [ -38.756783, -4.076635, 0.0 ], [ -38.756744, -4.076649, 0.0 ], [ -38.756711, -4.076654, 0.0 ], [ -38.756664, -4.076674, 0.0 ], [ -38.756583, -4.076674, 0.0 ], [ -38.756502, -4.076674, 0.0 ], [ -38.756458, -4.076688, 0.0 ], [ -38.756399, -4.076705, 0.0 ], [ -38.756346, -4.076745, 0.0 ], [ -38.756301, -4.076769, 0.0 ], [ -38.756266, -4.076815, 0.0 ], [ -38.756243, -4.076872, 0.0 ], [ -38.756225, -4.076911, 0.0 ], [ -38.756219, -4.076951, 0.0 ], [ -38.756207, -4.077008, 0.0 ], [ -38.756205, -4.077075, 0.0 ], [ -38.756204, -4.077131, 0.0 ], [ -38.756202, -4.07721, 0.0 ], [ -38.756216, -4.077288, 0.0 ], [ -38.756227, -4.077342, 0.0 ], [ -38.756237, -4.077413, 0.0 ], [ -38.756248, -4.077489, 0.0 ], [ -38.756258, -4.07757, 0.0 ], [ -38.756258, -4.077646, 0.0 ], [ -38.756258, -4.077705, 0.0 ], [ -38.756257, -4.077754, 0.0 ], [ -38.756257, -4.07783, 0.0 ], [ -38.756251, -4.077905, 0.0 ], [ -38.756234, -4.077975, 0.0 ], [ -38.756218, -4.078029, 0.0 ], [ -38.756195, -4.078083, 0.0 ], [ -38.756173, -4.07812, 0.0 ], [ -38.756157, -4.078153, 0.0 ], [ -38.75614, -4.078179, 0.0 ], [ -38.756113, -4.078217, 0.0 ], [ -38.756091, -4.07826, 0.0 ], [ -38.756069, -4.078318, 0.0 ], [ -38.756042, -4.078383, 0.0 ], [ -38.756026, -4.078431, 0.0 ], [ -38.756, -4.078495, 0.0 ], [ -38.755978, -4.078533, 0.0 ], [ -38.755962, -4.078565, 0.0 ], [ -38.755957, -4.078576, 0.0 ], [ -38.755941, -4.078613, 0.0 ], [ -38.75593, -4.078646, 0.0 ], [ -38.755914, -4.078683, 0.0 ], [ -38.755904, -4.07871, 0.0 ], [ -38.755898, -4.078742, 0.0 ], [ -38.755882, -4.078796, 0.0 ], [ -38.755866, -4.078833, 0.0 ], [ -38.755861, -4.07886, 0.0 ], [ -38.755855, -4.078887, 0.0 ], [ -38.75585, -4.078919, 0.0 ], [ -38.755844, -4.078945, 0.0 ], [ -38.755839, -4.078983, 0.0 ], [ -38.755828, -4.079009, 0.0 ], [ -38.755817, -4.079068, 0.0 ], [ -38.755801, -4.079121, 0.0 ], [ -38.755784, -4.079163, 0.0 ], [ -38.755779, -4.07919, 0.0 ], [ -38.755763, -4.079242, 0.0 ], [ -38.755757, -4.079295, 0.0 ], [ -38.755752, -4.079359, 0.0 ], [ -38.755752, -4.079386, 0.0 ], [ -38.755768, -4.07943, 0.0 ], [ -38.75579, -4.079463, 0.0 ], [ -38.755828, -4.079507, 0.0 ], [ -38.755866, -4.07954, 0.0 ], [ -38.755874, -4.079545, 0.0 ], [ -38.755904, -4.079567, 0.0 ], [ -38.755955, -4.07959, 0.0 ], [ -38.755963, -4.079596, 0.0 ], [ -38.756012, -4.079602, 0.0 ], [ -38.756077, -4.07961, 0.0 ], [ -38.756088, -4.079613, 0.0 ], [ -38.756109, -4.079619, 0.0 ], [ -38.756142, -4.079625, 0.0 ], [ -38.75618, -4.079636, 0.0 ], [ -38.756229, -4.079659, 0.0 ], [ -38.756237, -4.079659, 0.0 ], [ -38.756329, -4.07973, 0.0 ], [ -38.756442, -4.079827, 0.0 ], [ -38.756453, -4.079827, 0.0 ], [ -38.756507, -4.079837, 0.0 ], [ -38.756562, -4.079858, 0.0 ], [ -38.756594, -4.079874, 0.0 ], [ -38.756605, -4.07988, 0.0 ], [ -38.756654, -4.079901, 0.0 ], [ -38.756703, -4.079922, 0.0 ], [ -38.756741, -4.079949, 0.0 ], [ -38.75679, -4.079981, 0.0 ], [ -38.756834, -4.080008, 0.0 ], [ -38.756894, -4.080045, 0.0 ], [ -38.756932, -4.080066, 0.0 ], [ -38.756959, -4.080093, 0.0 ], [ -38.756986, -4.080126, 0.0 ], [ -38.75703, -4.080174, 0.0 ], [ -38.757057, -4.080212, 0.0 ], [ -38.757079, -4.080256, 0.0 ], [ -38.757095, -4.080288, 0.0 ], [ -38.757111, -4.080331, 0.0 ], [ -38.757112, -4.080369, 0.0 ], [ -38.757117, -4.080418, 0.0 ], [ -38.757118, -4.080445, 0.0 ], [ -38.757118, -4.080456, 0.0 ], [ -38.757123, -4.080499, 0.0 ], [ -38.757123, -4.080537, 0.0 ], [ -38.757124, -4.08058, 0.0 ], [ -38.757124, -4.080623, 0.0 ], [ -38.757124, -4.080626, 0.0 ], [ -38.757124, -4.080629, 0.0 ], [ -38.757124, -4.08065, 0.0 ], [ -38.757124, -4.080699, 0.0 ], [ -38.757125, -4.080742, 0.0 ], [ -38.75713, -4.080786, 0.0 ], [ -38.757135, -4.080829, 0.0 ], [ -38.757141, -4.080884, 0.0 ], [ -38.757141, -4.080949, 0.0 ], [ -38.757135, -4.080998, 0.0 ], [ -38.75713, -4.081041, 0.0 ], [ -38.757109, -4.081101, 0.0 ], [ -38.757079, -4.081158, 0.0 ], [ -38.757049, -4.081166, 0.0 ], [ -38.757011, -4.081177, 0.0 ], [ -38.756962, -4.081183, 0.0 ], [ -38.756908, -4.081188, 0.0 ], [ -38.756848, -4.081204, 0.0 ], [ -38.756766, -4.081221, 0.0 ], [ -38.756722, -4.081237, 0.0 ], [ -38.756668, -4.081248, 0.0 ], [ -38.756613, -4.08127, 0.0 ], [ -38.756564, -4.081292, 0.0 ], [ -38.756537, -4.081313, 0.0 ], [ -38.756499, -4.08133, 0.0 ], [ -38.756472, -4.081362, 0.0 ], [ -38.756439, -4.0814, 0.0 ], [ -38.75642, -4.08143, 0.0 ], [ -38.756417, -4.081438, 0.0 ], [ -38.756401, -4.081471, 0.0 ], [ -38.756362, -4.081525, 0.0 ], [ -38.756341, -4.081563, 0.0 ], [ -38.756319, -4.081601, 0.0 ], [ -38.756297, -4.081639, 0.0 ], [ -38.756275, -4.081683, 0.0 ], [ -38.756237, -4.081731, 0.0 ], [ -38.756204, -4.081774, 0.0 ], [ -38.756172, -4.081817, 0.0 ], [ -38.756145, -4.081838, 0.0 ], [ -38.756117, -4.08186, 0.0 ], [ -38.756074, -4.081892, 0.0 ], [ -38.756047, -4.081914, 0.0 ], [ -38.756009, -4.081941, 0.0 ], [ -38.755982, -4.081957, 0.0 ], [ -38.755954, -4.081979, 0.0 ], [ -38.755922, -4.082017, 0.0 ], [ -38.755895, -4.082049, 0.0 ], [ -38.755862, -4.082093, 0.0 ], [ -38.755808, -4.082152, 0.0 ], [ -38.75577, -4.082184, 0.0 ], [ -38.755756, -4.082228, 0.0 ], [ -38.755754, -4.082238, 0.0 ], [ -38.755551, -4.082534, 0.0 ], [ -38.755513, -4.082588, 0.0 ], [ -38.755472, -4.082648, 0.0 ], [ -38.75547, -4.082653, 0.0 ], [ -38.755448, -4.082675, 0.0 ], [ -38.75542, -4.082702, 0.0 ], [ -38.755382, -4.082734, 0.0 ], [ -38.75535, -4.082756, 0.0 ], [ -38.755306, -4.082783, 0.0 ], [ -38.755268, -4.08281, 0.0 ], [ -38.755186, -4.082859, 0.0 ], [ -38.755126, -4.082908, 0.0 ], [ -38.755082, -4.082951, 0.0 ], [ -38.75506, -4.082989, 0.0 ], [ -38.755027, -4.083027, 0.0 ], [ -38.755, -4.083065, 0.0 ], [ -38.754972, -4.083097, 0.0 ], [ -38.754942, -4.08314, 0.0 ], [ -38.754939, -4.083151, 0.0 ], [ -38.754923, -4.083167, 0.0 ], [ -38.754901, -4.0832, 0.0 ], [ -38.754885, -4.083243, 0.0 ], [ -38.754858, -4.083308, 0.0 ], [ -38.754852, -4.083345, 0.0 ], [ -38.754847, -4.083394, 0.0 ], [ -38.754842, -4.083438, 0.0 ], [ -38.754842, -4.083449, 0.0 ], [ -38.754842, -4.083481, 0.0 ], [ -38.754831, -4.083525, 0.0 ], [ -38.754831, -4.083557, 0.0 ], [ -38.75482, -4.083595, 0.0 ], [ -38.754817, -4.0836, 0.0 ], [ -38.754811, -4.083617, 0.0 ], [ -38.754798, -4.083649, 0.0 ], [ -38.754777, -4.083687, 0.0 ], [ -38.754744, -4.08373, 0.0 ], [ -38.754717, -4.083757, 0.0 ], [ -38.754684, -4.08379, 0.0 ], [ -38.754641, -4.083817, 0.0 ], [ -38.754598, -4.083851, 0.0 ], [ -38.754561, -4.083885, 0.0 ], [ -38.75454, -4.083902, 0.0 ], [ -38.754513, -4.083931, 0.0 ], [ -38.754475, -4.083966, 0.0 ], [ -38.754432, -4.084, 0.0 ], [ -38.754411, -4.084024, 0.0 ], [ -38.754251, -4.084155, 0.0 ], [ -38.754218, -4.08416, 0.0 ], [ -38.75419, -4.08418, 0.0 ], [ -38.754185, -4.084182, 0.0 ], [ -38.754151, -4.08421, 0.0 ], [ -38.754128, -4.084232, 0.0 ], [ -38.75412, -4.084241, 0.0 ], [ -38.754082, -4.084294, 0.0 ], [ -38.754054, -4.084332, 0.0 ], [ -38.754041, -4.084371, 0.0 ], [ -38.754029, -4.08441, 0.0 ], [ -38.754028, -4.084437, 0.0 ], [ -38.754022, -4.084465, 0.0 ], [ -38.754015, -4.084511, 0.0 ], [ -38.754015, -4.084514, 0.0 ], [ -38.754014, -4.084542, 0.0 ], [ -38.754014, -4.084553, 0.0 ], [ -38.754013, -4.084607, 0.0 ], [ -38.754002, -4.084656, 0.0 ], [ -38.753986, -4.084683, 0.0 ], [ -38.753965, -4.084711, 0.0 ], [ -38.753907, -4.084759, 0.0 ], [ -38.753853, -4.084781, 0.0 ], [ -38.753789, -4.084809, 0.0 ], [ -38.753741, -4.08483, 0.0 ], [ -38.75372, -4.084847, 0.0 ], [ -38.753677, -4.084863, 0.0 ], [ -38.753623, -4.084874, 0.0 ], [ -38.753568, -4.084885, 0.0 ], [ -38.753513, -4.084891, 0.0 ], [ -38.753469, -4.084891, 0.0 ], [ -38.753458, -4.084891, 0.0 ], [ -38.753354, -4.08488, 0.0 ], [ -38.753271, -4.084858, 0.0 ], [ -38.753216, -4.084841, 0.0 ], [ -38.753205, -4.084836, 0.0 ], [ -38.753161, -4.084819, 0.0 ], [ -38.753156, -4.084819, 0.0 ], [ -38.753112, -4.084803, 0.0 ], [ -38.753068, -4.084803, 0.0 ], [ -38.753029, -4.084786, 0.0 ], [ -38.753001, -4.084776, 0.0 ], [ -38.752968, -4.084759, 0.0 ], [ -38.752908, -4.084748, 0.0 ], [ -38.752897, -4.084742, 0.0 ], [ -38.752858, -4.084726, 0.0 ], [ -38.752825, -4.084699, 0.0 ], [ -38.752781, -4.084666, 0.0 ], [ -38.752754, -4.084655, 0.0 ], [ -38.75272, -4.084628, 0.0 ], [ -38.752682, -4.084595, 0.0 ], [ -38.752649, -4.084567, 0.0 ], [ -38.752622, -4.084534, 0.0 ], [ -38.7526, -4.084513, 0.0 ], [ -38.752566, -4.084485, 0.0 ], [ -38.752564, -4.084482, 0.0 ], [ -38.752246, -4.084455, 0.0 ], [ -38.752213, -4.084456, 0.0 ], [ -38.752153, -4.084455, 0.0 ], [ -38.752088, -4.084455, 0.0 ], [ -38.75205, -4.08446, 0.0 ], [ -38.752017, -4.084465, 0.0 ], [ -38.751968, -4.084481, 0.0 ], [ -38.751925, -4.084497, 0.0 ], [ -38.751892, -4.084508, 0.0 ], [ -38.751865, -4.084519, 0.0 ], [ -38.751805, -4.08454, 0.0 ], [ -38.751734, -4.084562, 0.0 ], [ -38.751684, -4.084578, 0.0 ], [ -38.75163, -4.084594, 0.0 ], [ -38.75158, -4.08461, 0.0 ], [ -38.751537, -4.084632, 0.0 ], [ -38.751493, -4.084648, 0.0 ], [ -38.751455, -4.08467, 0.0 ], [ -38.751422, -4.084697, 0.0 ], [ -38.751378, -4.084719, 0.0 ], [ -38.751344, -4.084746, 0.0 ], [ -38.751289, -4.084791, 0.0 ], [ -38.751217, -4.084852, 0.0 ], [ -38.751179, -4.084885, 0.0 ], [ -38.75114, -4.084918, 0.0 ], [ -38.751118, -4.084934, 0.0 ], [ -38.751101, -4.084956, 0.0 ], [ -38.751074, -4.084984, 0.0 ], [ -38.751041, -4.085028, 0.0 ], [ -38.751013, -4.085056, 0.0 ], [ -38.750997, -4.085083, 0.0 ], [ -38.750974, -4.085122, 0.0 ], [ -38.750952, -4.085166, 0.0 ], [ -38.750936, -4.085199, 0.0 ], [ -38.750925, -4.085254, 0.0 ], [ -38.750925, -4.085303, 0.0 ], [ -38.750925, -4.085352, 0.0 ], [ -38.750925, -4.085401, 0.0 ], [ -38.750925, -4.085456, 0.0 ], [ -38.75093, -4.085532, 0.0 ], [ -38.750938, -4.085597, 0.0 ], [ -38.750963, -4.085673, 0.0 ], [ -38.750979, -4.085721, 0.0 ], [ -38.750995, -4.08577, 0.0 ], [ -38.751012, -4.085803, 0.0 ], [ -38.751025, -4.085846, 0.0 ], [ -38.751028, -4.085857, 0.0 ], [ -38.751039, -4.085901, 0.0 ], [ -38.751044, -4.085933, 0.0 ], [ -38.75105, -4.085961, 0.0 ], [ -38.751055, -4.086004, 0.0 ], [ -38.751077, -4.086059, 0.0 ], [ -38.751088, -4.086097, 0.0 ], [ -38.751105, -4.086124, 0.0 ], [ -38.751121, -4.086173, 0.0 ], [ -38.751143, -4.086211, 0.0 ], [ -38.75117, -4.08625, 0.0 ], [ -38.751209, -4.08631, 0.0 ], [ -38.751236, -4.086349, 0.0 ], [ -38.751253, -4.086388, 0.0 ], [ -38.751275, -4.086432, 0.0 ], [ -38.751297, -4.086476, 0.0 ], [ -38.751314, -4.086515, 0.0 ], [ -38.751336, -4.086582, 0.0 ], [ -38.751347, -4.08662, 0.0 ], [ -38.751358, -4.086648, 0.0 ], [ -38.751361, -4.086659, 0.0 ], [ -38.751375, -4.086709, 0.0 ], [ -38.751397, -4.086759, 0.0 ], [ -38.751328, -4.08717, 0.0 ], [ -38.751329, -4.087225, 0.0 ], [ -38.751324, -4.087275, 0.0 ], [ -38.751313, -4.087313, 0.0 ], [ -38.751286, -4.087368, 0.0 ], [ -38.75128, -4.087396, 0.0 ], [ -38.751269, -4.087423, 0.0 ], [ -38.751229, -4.087489, 0.0 ], [ -38.751205, -4.087538, 0.0 ], [ -38.751164, -4.087613, 0.0 ], [ -38.751147, -4.087651, 0.0 ], [ -38.751118, -4.087705, 0.0 ], [ -38.751094, -4.087753, 0.0 ], [ -38.751071, -4.087785, 0.0 ], [ -38.751048, -4.087817, 0.0 ], [ -38.751026, -4.087838, 0.0 ], [ -38.751003, -4.08787, 0.0 ], [ -38.750969, -4.087902, 0.0 ], [ -38.750935, -4.087949, 0.0 ], [ -38.750885, -4.087992, 0.0 ], [ -38.750852, -4.088018, 0.0 ], [ -38.750824, -4.088039, 0.0 ], [ -38.750791, -4.088066, 0.0 ], [ -38.750742, -4.088103, 0.0 ], [ -38.750687, -4.088129, 0.0 ], [ -38.750645, -4.088163, 0.0 ], [ -38.750613, -4.088191, 0.0 ], [ -38.750586, -4.088224, 0.0 ], [ -38.750549, -4.088264, 0.0 ], [ -38.750533, -4.088292, 0.0 ], [ -38.750506, -4.08832, 0.0 ], [ -38.750469, -4.088359, 0.0 ], [ -38.750434, -4.08839, 0.0 ], [ -38.750426, -4.088399, 0.0 ], [ -38.750044, -4.08868, 0.0 ], [ -38.750022, -4.088708, 0.0 ], [ -38.750016, -4.088713, 0.0 ], [ -38.749988, -4.088741, 0.0 ], [ -38.749934, -4.08879, 0.0 ], [ -38.749881, -4.088854, 0.0 ], [ -38.74985, -4.088891, 0.0 ], [ -38.749823, -4.088923, 0.0 ], [ -38.749791, -4.08895, 0.0 ], [ -38.749767, -4.088979, 0.0 ], [ -38.749737, -4.089004, 0.0 ], [ -38.749715, -4.089025, 0.0 ], [ -38.749677, -4.089058, 0.0 ], [ -38.749639, -4.089102, 0.0 ], [ -38.749596, -4.089145, 0.0 ], [ -38.749553, -4.089177, 0.0 ], [ -38.74951, -4.08922, 0.0 ], [ -38.749464, -4.089255, 0.0 ], [ -38.749417, -4.089296, 0.0 ], [ -38.749368, -4.089334, 0.0 ], [ -38.74933, -4.089373, 0.0 ], [ -38.749286, -4.089411, 0.0 ], [ -38.749264, -4.089427, 0.0 ], [ -38.749231, -4.089449, 0.0 ], [ -38.749214, -4.089476, 0.0 ], [ -38.749198, -4.089498, 0.0 ], [ -38.749187, -4.089526, 0.0 ], [ -38.749181, -4.089575, 0.0 ], [ -38.749181, -4.089618, 0.0 ], [ -38.749181, -4.089645, 0.0 ], [ -38.749181, -4.089648, 0.0 ], [ -38.7492, -4.08968, 0.0 ], [ -38.749215, -4.089705, 0.0 ], [ -38.74922, -4.089716, 0.0 ], [ -38.749242, -4.089732, 0.0 ], [ -38.749276, -4.089754, 0.0 ], [ -38.749314, -4.089765, 0.0 ], [ -38.749359, -4.08977, 0.0 ], [ -38.749403, -4.08977, 0.0 ], [ -38.749442, -4.08977, 0.0 ], [ -38.749492, -4.089754, 0.0 ], [ -38.749525, -4.089748, 0.0 ], [ -38.749552, -4.089743, 0.0 ], [ -38.749606, -4.089721, 0.0 ], [ -38.74965, -4.08971, 0.0 ], [ -38.749698, -4.089705, 0.0 ], [ -38.749753, -4.089699, 0.0 ], [ -38.749807, -4.089694, 0.0 ], [ -38.749839, -4.089694, 0.0 ], [ -38.749883, -4.089694, 0.0 ], [ -38.749942, -4.089694, 0.0 ], [ -38.750007, -4.089694, 0.0 ], [ -38.75004, -4.089694, 0.0 ], [ -38.750077, -4.089694, 0.0 ], [ -38.750132, -4.089705, 0.0 ], [ -38.750198, -4.089705, 0.0 ], [ -38.750261, -4.089716, 0.0 ], [ -38.750319, -4.089721, 0.0 ], [ -38.750371, -4.089743, 0.0 ], [ -38.750406, -4.089759, 0.0 ], [ -38.750435, -4.08977, 0.0 ], [ -38.75047, -4.089809, 0.0 ], [ -38.7505, -4.089842, 0.0 ], [ -38.750518, -4.089869, 0.0 ], [ -38.750548, -4.089897, 0.0 ], [ -38.750572, -4.08993, 0.0 ], [ -38.750625, -4.089985, 0.0 ], [ -38.750655, -4.090019, 0.0 ], [ -38.750676, -4.09006, 0.0 ], [ -38.750679, -4.090063, 0.0 ], [ -38.750686, -4.090096, 0.0 ], [ -38.750698, -4.090124, 0.0 ], [ -38.750711, -4.090174, 0.0 ], [ -38.750711, -4.090186, 0.0 ], [ -38.750714, -4.090199, 0.0 ], [ -38.750717, -4.090216, 0.0 ], [ -38.75072, -4.090275, 0.0 ], [ -38.750722, -4.09032, 0.0 ], [ -38.750717, -4.090356, 0.0 ], [ -38.750717, -4.090365, 0.0 ], [ -38.750717, -4.090392, 0.0 ], [ -38.750716, -4.090431, 0.0 ], [ -38.750716, -4.090437, 0.0 ], [ -38.750716, -4.090442, 0.0 ], [ -38.750715, -4.090481, 0.0 ], [ -38.750715, -4.09052, 0.0 ], [ -38.750714, -4.090564, 0.0 ], [ -38.750708, -4.090591, 0.0 ], [ -38.750684, -4.090619, 0.0 ], [ -38.750644, -4.090651, 0.0 ], [ -38.750609, -4.090681, 0.0 ], [ -38.750603, -4.090689, 0.0 ], [ -38.75058, -4.090706, 0.0 ], [ -38.750557, -4.090722, 0.0 ], [ -38.750518, -4.090744, 0.0 ], [ -38.750476, -4.090778, 0.0 ], [ -38.750452, -4.090798, 0.0 ], [ -38.750449, -4.090801, 0.0 ], [ -38.750422, -4.090829, 0.0 ], [ -38.750401, -4.090852, 0.0 ], [ -38.750374, -4.09088, 0.0 ], [ -38.750358, -4.090903, 0.0 ], [ -38.750326, -4.090931, 0.0 ], [ -38.750294, -4.090982, 0.0 ], [ -38.750273, -4.091016, 0.0 ], [ -38.75025, -4.091055, 0.0 ], [ -38.750233, -4.091088, 0.0 ], [ -38.750219, -4.09113, 0.0 ], [ -38.750216, -4.09116, 0.0 ], [ -38.750202, -4.091199, 0.0 ], [ -38.750162, -4.091374, 0.0 ], [ -38.750108, -4.091618, 0.0 ], [ -38.750093, -4.091652, 0.0 ], [ -38.750077, -4.091674, 0.0 ], [ -38.750066, -4.091707, 0.0 ], [ -38.750051, -4.091757, 0.0 ], [ -38.750024, -4.091796, 0.0 ], [ -38.749997, -4.091834, 0.0 ], [ -38.749965, -4.091884, 0.0 ], [ -38.749957, -4.091893, 0.0 ], [ -38.749933, -4.091923, 0.0 ], [ -38.749917, -4.091945, 0.0 ], [ -38.749895, -4.091979, 0.0 ], [ -38.749868, -4.092012, 0.0 ], [ -38.74982, -4.092062, 0.0 ], [ -38.749803, -4.092085, 0.0 ], [ -38.749775, -4.092112, 0.0 ], [ -38.749741, -4.092146, 0.0 ], [ -38.749708, -4.092179, 0.0 ], [ -38.74968, -4.092207, 0.0 ], [ -38.749652, -4.092235, 0.0 ], [ -38.749635, -4.092257, 0.0 ], [ -38.749627, -4.092263, 0.0 ], [ -38.74959, -4.092296, 0.0 ], [ -38.749568, -4.092319, 0.0 ], [ -38.749535, -4.092346, 0.0 ], [ -38.749501, -4.092374, 0.0 ], [ -38.749473, -4.092391, 0.0 ], [ -38.74945, -4.092408, 0.0 ], [ -38.749427, -4.09243, 0.0 ], [ -38.749398, -4.092457, 0.0 ], [ -38.749375, -4.092479, 0.0 ], [ -38.749352, -4.092512, 0.0 ], [ -38.749317, -4.092557, 0.0 ], [ -38.749277, -4.092595, 0.0 ], [ -38.749254, -4.092622, 0.0 ], [ -38.749219, -4.092655, 0.0 ], [ -38.749213, -4.092666, 0.0 ], [ -38.749179, -4.092688, 0.0 ], [ -38.749162, -4.092704, 0.0 ], [ -38.749153, -4.092712, 0.0 ], [ -38.749116, -4.092748, 0.0 ], [ -38.749111, -4.092756, 0.0 ], [ -38.749072, -4.092782, 0.0 ], [ -38.749039, -4.092809, 0.0 ], [ -38.749006, -4.092832, 0.0 ], [ -38.748998, -4.09284, 0.0 ], [ -38.748962, -4.09287, 0.0 ], [ -38.748935, -4.092887, 0.0 ], [ -38.748932, -4.09289, 0.0 ], [ -38.748896, -4.092915, 0.0 ], [ -38.748863, -4.092937, 0.0 ], [ -38.74883, -4.092954, 0.0 ], [ -38.748791, -4.092982, 0.0 ], [ -38.748746, -4.092993, 0.0 ], [ -38.748713, -4.092993, 0.0 ], [ -38.748685, -4.092993, 0.0 ], [ -38.748679, -4.092992, 0.0 ], [ -38.748635, -4.092998, 0.0 ], [ -38.748584, -4.093003, 0.0 ], [ -38.748504, -4.092969, 0.0 ], [ -38.745388, -4.07786, 0.0 ], [ -38.745664, -4.076156, 0.0 ], [ -38.74598, -4.075203, 0.0 ], [ -38.746139, -4.074331, 0.0 ], [ -38.74606, -4.073697, 0.0 ], [ -38.745666, -4.072508, 0.0 ], [ -38.744876, -4.071793, 0.0 ], [ -38.743928, -4.071635, 0.0 ], [ -38.740888, -4.07191, 0.0 ], [ -38.736457, -4.071858, 0.0 ], [ -38.735284, -4.071672, 0.0 ], [ -38.73402, -4.071274, 0.0 ], [ -38.733628, -4.071035, 0.0 ], [ -38.733074, -4.071273, 0.0 ], [ -38.73189, -4.072145, 0.0 ], [ -38.731059, -4.073059, 0.0 ], [ -38.730032, -4.073295, 0.0 ], [ -38.727981, -4.072898, 0.0 ], [ -38.726955, -4.073136, 0.0 ], [ -38.726797, -4.073612, 0.0 ], [ -38.726324, -4.073692, 0.0 ], [ -38.725218, -4.072895, 0.0 ], [ -38.722811, -4.072064, 0.0 ], [ -38.722259, -4.071032, 0.0 ], [ -38.722732, -4.069762, 0.0 ], [ -38.722733, -4.068174, 0.0 ], [ -38.720603, -4.068175, 0.0 ], [ -38.718762, -4.067684, 0.0 ], [ -38.712738, -4.063512, 0.0 ], [ -38.709719, -4.062094, 0.0 ], [ -38.708247, -4.060818, 0.0 ], [ -38.707462, -4.059974, 0.0 ], [ -38.706263, -4.059231, 0.0 ], [ -38.705698, -4.058643, 0.0 ], [ -38.70466, -4.057248, 0.0 ], [ -38.703492, -4.056137, 0.0 ], [ -38.702553, -4.055658, 0.0 ], [ -38.701854, -4.055618, 0.0 ], [ -38.701186, -4.055184, 0.0 ], [ -38.700606, -4.054502, 0.0 ], [ -38.700125, -4.052775, 0.0 ], [ -38.699971, -4.052464, 0.0 ], [ -38.699601, -4.052128, 0.0 ], [ -38.69825, -4.051403, 0.0 ], [ -38.696966, -4.051291, 0.0 ], [ -38.694996, -4.050445, 0.0 ], [ -38.69444, -4.050373, 0.0 ], [ -38.692215, -4.050551, 0.0 ], [ -38.69155, -4.050424, 0.0 ], [ -38.690164, -4.049901, 0.0 ], [ -38.689274, -4.049403, 0.0 ], [ -38.688776, -4.049544, 0.0 ], [ -38.685852, -4.04839, 0.0 ], [ -38.683275, -4.04657, 0.0 ], [ -38.681527, -4.04473, 0.0 ], [ -38.680302, -4.043817, 0.0 ], [ -38.678981, -4.043127, 0.0 ], [ -38.676309, -4.041257, 0.0 ], [ -38.67261, -4.039651, 0.0 ], [ -38.672052, -4.039153, 0.0 ], [ -38.671834, -4.038667, 0.0 ], [ -38.671747, -4.038167, 0.0 ], [ -38.671861, -4.036887, 0.0 ], [ -38.67244, -4.035816, 0.0 ], [ -38.673851, -4.034227, 0.0 ], [ -38.674302, -4.033638, 0.0 ], [ -38.674506, -4.033152, 0.0 ], [ -38.67461, -4.032588, 0.0 ], [ -38.67461, -4.031645, 0.0 ], [ -38.674385, -4.03134, 0.0 ], [ -38.674171, -4.029909, 0.0 ], [ -38.674315, -4.028507, 0.0 ], [ -38.673453, -4.027388, 0.0 ], [ -38.67072, -4.025283, 0.0 ], [ -38.667988, -4.02346, 0.0 ], [ -38.668492, -4.022198, 0.0 ], [ -38.66907, -4.020237, 0.0 ], [ -38.668351, -4.018694, 0.0 ], [ -38.667714, -4.018433, 0.0 ], [ -38.667176, -4.016788, 0.0 ], [ -38.66688, -4.016127, 0.0 ], [ -38.666486, -4.015117, 0.0 ], [ -38.66651, -4.014063, 0.0 ], [ -38.666486, -4.013106, 0.0 ], [ -38.667138, -4.01208, 0.0 ], [ -38.667659, -4.011766, 0.0 ], [ -38.66844, -4.010944, 0.0 ], [ -38.668881, -4.009982, 0.0 ], [ -38.669767, -4.00882, 0.0 ], [ -38.669969, -4.007732, 0.0 ], [ -38.669772, -4.007229, 0.0 ], [ -38.670057, -4.005042, 0.0 ], [ -38.669323, -4.003789, 0.0 ], [ -38.667666, -4.001296, 0.0 ], [ -38.665093, -3.998279, 0.0 ], [ -38.664093, -3.996843, 0.0 ], [ -38.662949, -3.995262, 0.0 ], [ -38.66152, -3.993251, 0.0 ], [ -38.659948, -3.991096, 0.0 ], [ -38.658447, -3.988798, 0.0 ], [ -38.656875, -3.985781, 0.0 ], [ -38.653087, -3.983266, 0.0 ], [ -38.651014, -3.98147, 0.0 ], [ -38.649299, -3.979028, 0.0 ], [ -38.647441, -3.976969, 0.0 ], [ -38.644718, -3.975822, 0.0 ], [ -38.64308, -3.974654, 0.0 ], [ -38.640116, -3.968453, 0.0 ], [ -38.658597, -3.95404, 0.0 ], [ -38.656256, -3.947933, 0.0 ], [ -38.656104, -3.946418, 0.0 ], [ -38.655953, -3.945369, 0.0 ], [ -38.65546, -3.944213, 0.0 ], [ -38.65488, -3.943121, 0.0 ], [ -38.654322, -3.941816, 0.0 ], [ -38.654343, -3.941187, 0.0 ], [ -38.654135, -3.939778, 0.0 ], [ -38.654192, -3.939159, 0.0 ], [ -38.654435, -3.938683, 0.0 ], [ -38.654449, -3.937959, 0.0 ], [ -38.654306, -3.936943, 0.0 ], [ -38.654345, -3.936289, 0.0 ], [ -38.654472, -3.935759, 0.0 ], [ -38.654998, -3.934607, 0.0 ], [ -38.655315, -3.933548, 0.0 ], [ -38.655356, -3.933405, 0.0 ], [ -38.655856, -3.933267, 0.0 ], [ -38.656559, -3.933063, 0.0 ], [ -38.65727, -3.932869, 0.0 ], [ -38.657925, -3.932688, 0.0 ], [ -38.658342, -3.93258, 0.0 ], [ -38.658442, -3.932484, 0.0 ], [ -38.658539, -3.932429, 0.0 ], [ -38.65878, -3.932192, 0.0 ], [ -38.658974, -3.931954, 0.0 ], [ -38.659323, -3.931506, 0.0 ], [ -38.659553, -3.931237, 0.0 ], [ -38.659869, -3.93063, 0.0 ], [ -38.659977, -3.929817, 0.0 ], [ -38.660309, -3.929324, 0.0 ], [ -38.66091, -3.927794, 0.0 ], [ -38.661747, -3.926274, 0.0 ], [ -38.661876, -3.925022, 0.0 ], [ -38.662021, -3.924604, 0.0 ], [ -38.662047, -3.924529, 0.0 ], [ -38.663861, -3.922078, 0.0 ], [ -38.663979, -3.921639, 0.0 ], [ -38.663914, -3.920708, 0.0 ], [ -38.663936, -3.920398, 0.0 ], [ -38.663732, -3.920462, 0.0 ], [ -38.663582, -3.920456, 0.0 ], [ -38.66338, -3.920419, 0.0 ], [ -38.663072, -3.92032, 0.0 ], [ -38.662841, -3.920266, 0.0 ], [ -38.662635, -3.920253, 0.0 ], [ -38.662474, -3.920242, 0.0 ], [ -38.662283, -3.92021, 0.0 ], [ -38.662115, -3.920161, 0.0 ], [ -38.662079, -3.920135, 0.0 ], [ -38.662029, -3.920084, 0.0 ], [ -38.661994, -3.920028, 0.0 ], [ -38.661535, -3.918838, 0.0 ], [ -38.661275, -3.918131, 0.0 ], [ -38.661205, -3.917981, 0.0 ], [ -38.661143, -3.917891, 0.0 ], [ -38.660993, -3.917877, 0.0 ], [ -38.660891, -3.917904, 0.0 ], [ -38.660626, -3.918064, 0.0 ], [ -38.660342, -3.918233, 0.0 ], [ -38.660108, -3.918334, 0.0 ], [ -38.65948, -3.918546, 0.0 ], [ -38.658552, -3.918864, 0.0 ], [ -38.658332, -3.918912, 0.0 ], [ -38.658225, -3.918803, 0.0 ], [ -38.65804, -3.918415, 0.0 ], [ -38.657922, -3.918321, 0.0 ], [ -38.657737, -3.918262, 0.0 ], [ -38.657579, -3.918193, 0.0 ], [ -38.657498, -3.91812, 0.0 ], [ -38.657426, -3.917989, 0.0 ], [ -38.657356, -3.91781, 0.0 ], [ -38.6573, -3.917508, 0.0 ], [ -38.657294, -3.91682, 0.0 ], [ -38.657292, -3.91652, 0.0 ], [ -38.65738, -3.916333, 0.0 ], [ -38.657586, -3.916089, 0.0 ], [ -38.657474, -3.916017, 0.0 ], [ -38.657327, -3.91591, 0.0 ], [ -38.657236, -3.915733, 0.0 ], [ -38.655555, -3.912671, 0.0 ], [ -38.655535, -3.912589, 0.0 ], [ -38.65528, -3.912125, 0.0 ], [ -38.654964, -3.911536, 0.0 ], [ -38.654843, -3.911219, 0.0 ], [ -38.654712, -3.910733, 0.0 ], [ -38.65454, -3.91005, 0.0 ], [ -38.654493, -3.909813, 0.0 ], [ -38.654426, -3.909355, 0.0 ], [ -38.65441, -3.909223, 0.0 ], [ -38.654296, -3.9088, 0.0 ], [ -38.654126, -3.908222, 0.0 ], [ -38.6541, -3.908104, 0.0 ], [ -38.654327, -3.907986, 0.0 ], [ -38.654127, -3.907664, 0.0 ], [ -38.653965, -3.907605, 0.0 ], [ -38.653818, -3.90769, 0.0 ], [ -38.653698, -3.907728, 0.0 ], [ -38.653509, -3.907194, 0.0 ], [ -38.653626, -3.907113, 0.0 ], [ -38.652672, -3.90486, 0.0 ], [ -38.651646, -3.902453, 0.0 ], [ -38.653971, -3.901432, 0.0 ], [ -38.654352, -3.901072, 0.0 ], [ -38.65423, -3.900823, 0.0 ], [ -38.653948, -3.90052, 0.0 ], [ -38.653235, -3.899921, 0.0 ], [ -38.653157, -3.899914, 0.0 ], [ -38.652908, -3.899918, 0.0 ], [ -38.652484, -3.899864, 0.0 ], [ -38.652276, -3.899813, 0.0 ], [ -38.651929, -3.899623, 0.0 ], [ -38.651839, -3.899556, 0.0 ], [ -38.651733, -3.899415, 0.0 ], [ -38.651517, -3.899042, 0.0 ], [ -38.651422, -3.898956, 0.0 ], [ -38.651282, -3.898884, 0.0 ], [ -38.650605, -3.898556, 0.0 ], [ -38.650226, -3.898361, 0.0 ], [ -38.649823, -3.898142, 0.0 ], [ -38.649768, -3.898077, 0.0 ], [ -38.649797, -3.898001, 0.0 ], [ -38.650246, -3.897026, 0.0 ], [ -38.65114, -3.89551, 0.0 ], [ -38.648292, -3.893899, 0.0 ], [ -38.648029, -3.89373, 0.0 ], [ -38.648134, -3.893449, 0.0 ], [ -38.648222, -3.893058, 0.0 ], [ -38.64826, -3.892685, 0.0 ], [ -38.648486, -3.887468, 0.0 ], [ -38.648738, -3.882236, 0.0 ], [ -38.648758, -3.881825, 0.0 ], [ -38.648811, -3.880729, 0.0 ], [ -38.648844, -3.880497, 0.0 ], [ -38.648934, -3.880206, 0.0 ], [ -38.649058, -3.879952, 0.0 ], [ -38.649213, -3.879722, 0.0 ], [ -38.649389, -3.879538, 0.0 ], [ -38.650395, -3.878506, 0.0 ], [ -38.650575, -3.878323, 0.0 ], [ -38.650438, -3.878179, 0.0 ], [ -38.650351, -3.878108, 0.0 ], [ -38.64979, -3.878144, 0.0 ], [ -38.649402, -3.878198, 0.0 ], [ -38.649178, -3.87801, 0.0 ], [ -38.649, -3.877761, 0.0 ], [ -38.64888, -3.877665, 0.0 ], [ -38.648458, -3.87739, 0.0 ], [ -38.648203, -3.876811, 0.0 ], [ -38.647793, -3.876769, 0.0 ], [ -38.647368, -3.876458, 0.0 ], [ -38.647, -3.876388, 0.0 ], [ -38.646774, -3.876274, 0.0 ], [ -38.646602, -3.875814, 0.0 ], [ -38.646595, -3.875745, 0.0 ], [ -38.64753, -3.875222, 0.0 ], [ -38.647799, -3.875089, 0.0 ], [ -38.648158, -3.874931, 0.0 ], [ -38.64874, -3.874654, 0.0 ], [ -38.649359, -3.874332, 0.0 ], [ -38.649609, -3.874171, 0.0 ], [ -38.650139, -3.873899, 0.0 ], [ -38.650346, -3.87381, 0.0 ], [ -38.650802, -3.873598, 0.0 ], [ -38.651434, -3.873274, 0.0 ], [ -38.651708, -3.873177, 0.0 ], [ -38.651771, -3.873145, 0.0 ], [ -38.651809, -3.87312, 0.0 ], [ -38.651842, -3.87308, 0.0 ], [ -38.651897, -3.873016, 0.0 ], [ -38.651963, -3.872952, 0.0 ], [ -38.65214, -3.87281, 0.0 ], [ -38.652248, -3.87271, 0.0 ], [ -38.652424, -3.872536, 0.0 ], [ -38.652534, -3.87244, 0.0 ], [ -38.653166, -3.871841, 0.0 ], [ -38.653395, -3.871598, 0.0 ], [ -38.653477, -3.87151, 0.0 ], [ -38.653592, -3.871378, 0.0 ], [ -38.65367, -3.871299, 0.0 ], [ -38.653747, -3.871234, 0.0 ], [ -38.653809, -3.871193, 0.0 ], [ -38.653892, -3.871141, 0.0 ], [ -38.653967, -3.871085, 0.0 ], [ -38.654044, -3.871026, 0.0 ], [ -38.654121, -3.870962, 0.0 ], [ -38.65425, -3.870844, 0.0 ], [ -38.654298, -3.870796, 0.0 ], [ -38.654447, -3.870614, 0.0 ], [ -38.654494, -3.87056, 0.0 ], [ -38.654552, -3.870517, 0.0 ], [ -38.654736, -3.870386, 0.0 ], [ -38.655043, -3.870135, 0.0 ], [ -38.655214, -3.870003, 0.0 ], [ -38.65528, -3.869951, 0.0 ], [ -38.655446, -3.869802, 0.0 ], [ -38.65552, -3.869711, 0.0 ], [ -38.655601, -3.869618, 0.0 ], [ -38.655638, -3.869566, 0.0 ], [ -38.655659, -3.869524, 0.0 ], [ -38.660813, -3.865456, 0.0 ], [ -38.658186, -3.862749, 0.0 ], [ -38.655456, -3.859935, 0.0 ], [ -38.655555, -3.859763, 0.0 ], [ -38.656522, -3.859805, 0.0 ], [ -38.657485, -3.859908, 0.0 ], [ -38.658439, -3.860074, 0.0 ], [ -38.65938, -3.860301, 0.0 ], [ -38.660306, -3.860587, 0.0 ], [ -38.661211, -3.860933, 0.0 ], [ -38.662092, -3.861336, 0.0 ], [ -38.662524, -3.861426, 0.0 ], [ -38.663144, -3.861654, 0.0 ], [ -38.663716, -3.861988, 0.0 ], [ -38.664412, -3.862528, 0.0 ], [ -38.664848, -3.862763, 0.0 ], [ -38.665923, -3.862823, 0.0 ], [ -38.666996, -3.862753, 0.0 ], [ -38.667528, -3.86267, 0.0 ], [ -38.668054, -3.862555, 0.0 ], [ -38.669226, -3.862195, 0.0 ], [ -38.669866, -3.861945, 0.0 ], [ -38.671098, -3.861334, 0.0 ], [ -38.671686, -3.860975, 0.0 ], [ -38.672794, -3.860159, 0.0 ], [ -38.674685, -3.860114, 0.0 ], [ -38.675532, -3.859722, 0.0 ], [ -38.676519, -3.859649, 0.0 ], [ -38.67733, -3.85965, 0.0 ], [ -38.67765, -3.859635, 0.0 ], [ -38.677969, -3.859578, 0.0 ], [ -38.678287, -3.85949, 0.0 ], [ -38.678607, -3.859345, 0.0 ], [ -38.678824, -3.859257, 0.0 ], [ -38.67975, -3.858977, 0.0 ], [ -38.680276, -3.858731, 0.0 ], [ -38.681188, -3.858185, 0.0 ], [ -38.681413, -3.857843, 0.0 ], [ -38.681586, -3.857457, 0.0 ], [ -38.681908, -3.857543, 0.0 ], [ -38.681948, -3.857554, 0.0 ], [ -38.68199, -3.857555, 0.0 ], [ -38.682039, -3.857545, 0.0 ], [ -38.68211, -3.85751, 0.0 ], [ -38.683052, -3.857127, 0.0 ], [ -38.683314, -3.857018, 0.0 ], [ -38.683839, -3.856734, 0.0 ], [ -38.683931, -3.856713, 0.0 ], [ -38.684182, -3.856734, 0.0 ], [ -38.684699, -3.856815, 0.0 ], [ -38.685205, -3.85685, 0.0 ], [ -38.685347, -3.85685, 0.0 ], [ -38.685433, -3.856861, 0.0 ], [ -38.685467, -3.856875, 0.0 ], [ -38.685507, -3.85691, 0.0 ], [ -38.685534, -3.856926, 0.0 ], [ -38.685584, -3.856942, 0.0 ], [ -38.686277, -3.85705, 0.0 ], [ -38.686325, -3.857068, 0.0 ], [ -38.686379, -3.857085, 0.0 ], [ -38.68642, -3.857084, 0.0 ], [ -38.686451, -3.857077, 0.0 ], [ -38.6865, -3.857076, 0.0 ], [ -38.68655, -3.857097, 0.0 ], [ -38.686598, -3.857132, 0.0 ], [ -38.686653, -3.857171, 0.0 ], [ -38.686728, -3.857218, 0.0 ], [ -38.686794, -3.857271, 0.0 ], [ -38.686844, -3.857322, 0.0 ], [ -38.686935, -3.857401, 0.0 ], [ -38.686982, -3.857438, 0.0 ], [ -38.687041, -3.857458, 0.0 ], [ -38.687117, -3.857453, 0.0 ], [ -38.687183, -3.857438, 0.0 ], [ -38.687259, -3.857398, 0.0 ], [ -38.687292, -3.857368, 0.0 ], [ -38.687331, -3.857326, 0.0 ], [ -38.68736, -3.857284, 0.0 ], [ -38.687379, -3.857238, 0.0 ], [ -38.687396, -3.857176, 0.0 ], [ -38.687423, -3.857127, 0.0 ], [ -38.687469, -3.857077, 0.0 ], [ -38.687539, -3.857029, 0.0 ], [ -38.687721, -3.856962, 0.0 ], [ -38.687904, -3.85691, 0.0 ], [ -38.687941, -3.856893, 0.0 ], [ -38.688008, -3.856852, 0.0 ], [ -38.688119, -3.856787, 0.0 ], [ -38.690152, -3.8597, 0.0 ], [ -38.692403, -3.861145, 0.0 ], [ -38.695072, -3.865495, 0.0 ], [ -38.695632, -3.867206, 0.0 ], [ -38.696466, -3.868373, 0.0 ], [ -38.697717, -3.869241, 0.0 ], [ -38.698819, -3.870169, 0.0 ], [ -38.699176, -3.871156, 0.0 ], [ -38.69995, -3.872084, 0.0 ], [ -38.700635, -3.873012, 0.0 ], [ -38.701469, -3.87406, 0.0 ], [ -38.702451, -3.874718, 0.0 ], [ -38.703017, -3.875347, 0.0 ], [ -38.704119, -3.875168, 0.0 ], [ -38.705108, -3.87479, 0.0 ], [ -38.706384, -3.874301, 0.0 ], [ -38.707337, -3.8746, 0.0 ], [ -38.70826, -3.875767, 0.0 ], [ -38.709332, -3.876665, 0.0 ], [ -38.710732, -3.877534, 0.0 ], [ -38.711893, -3.878102, 0.0 ], [ -38.713531, -3.87918, 0.0 ], [ -38.715259, -3.880677, 0.0 ], [ -38.716241, -3.881964, 0.0 ], [ -38.717164, -3.883669, 0.0 ], [ -38.717819, -3.885375, 0.0 ], [ -38.718911, -3.887092, 0.0 ], [ -38.719784, -3.889325, 0.0 ], [ -38.720856, -3.891689, 0.0 ], [ -38.721012, -3.892731, 0.0 ], [ -38.72148, -3.893874, 0.0 ], [ -38.722284, -3.894442, 0.0 ], [ -38.72305, -3.895324, 0.0 ], [ -38.724308, -3.901474, 0.0 ], [ -38.725142, -3.902043, 0.0 ], [ -38.726173, -3.902277, 0.0 ], [ -38.727733, -3.904498, 0.0 ], [ -38.728954, -3.904947, 0.0 ], [ -38.729877, -3.905785, 0.0 ], [ -38.730532, -3.906832, 0.0 ], [ -38.731789, -3.908514, 0.0 ], [ -38.732468, -3.909855, 0.0 ], [ -38.732455, -3.91265, 0.0 ], [ -38.734951, -3.916959, 0.0 ], [ -38.735542, -3.918185, 0.0 ], [ -38.735637, -3.918913, 0.0 ], [ -38.735026, -3.91987, 0.0 ], [ -38.735121, -3.921172, 0.0 ], [ -38.735369, -3.922762, 0.0 ], [ -38.735349, -3.92506, 0.0 ], [ -38.735711, -3.926381, 0.0 ], [ -38.736396, -3.929426, 0.0 ], [ -38.73719, -3.930211, 0.0 ], [ -38.740412, -3.932144, 0.0 ], [ -38.743259, -3.935152, 0.0 ], [ -38.743589, -3.934783, 0.0 ], [ -38.743876, -3.934476, 0.0 ], [ -38.744066, -3.934208, 0.0 ], [ -38.744772, -3.933462, 0.0 ], [ -38.745783, -3.932543, 0.0 ], [ -38.747057, -3.931855, 0.0 ], [ -38.748088, -3.930881, 0.0 ], [ -38.749412, -3.930345, 0.0 ], [ -38.750604, -3.929076, 0.0 ], [ -38.75269, -3.927787, 0.0 ], [ -38.754418, -3.927474, 0.0 ], [ -38.755991, -3.927809, 0.0 ], [ -38.757039, -3.929748, 0.0 ], [ -38.757624, -3.932457, 0.0 ], [ -38.761374, -3.936572, 0.0 ], [ -38.764233, -3.94045, 0.0 ], [ -38.765353, -3.941958, 0.0 ], [ -38.766378, -3.94306, 0.0 ], [ -38.769237, -3.943635, 0.0 ], [ -38.770977, -3.945263, 0.0 ], [ -38.775318, -3.950497, 0.0 ], [ -38.775699, -3.95088, 0.0 ], [ -38.775966, -3.951359, 0.0 ], [ -38.77711, -3.952202, 0.0 ], [ -38.778786, -3.953171, 0.0 ], [ -38.780109, -3.9543, 0.0 ], [ -38.785176, -3.964286, 0.0 ], [ -38.78772, -3.966644, 0.0 ], [ -38.792301, -3.966966, 0.0 ], [ -38.794404, -3.966741, 0.0 ], [ -38.796199, -3.9661, 0.0 ] ] ] } },
{ "type": "Feature", "properties": { "Name": "Itaitinga - AIS 25", "Description": "descrição: <br>@id: relation/302459<br>IBGE:GEOCODIGO: 2306256<br>admin_level: 8<br>boundary: administrative<br>name: Itaitinga<br>place: municipality<br>population: 64650<br>population:date: 2023-08-31<br>source: IBGE<br>source:population: IBGE, DOU de 31/08/2023<br>type: boundary<br>wikidata: Q2013483<br>wikipedia: pt:Itaitinga<br>@relations: " }, "geometry": { "type": "Polygon", "coordinates": [ [ [ -38.526476, -3.86304, 0.0 ], [ -38.537204, -3.860519, 0.0 ], [ -38.537769, -3.860286, 0.0 ], [ -38.538289, -3.860096, 0.0 ], [ -38.539268, -3.85987, 0.0 ], [ -38.542322, -3.859195, 0.0 ], [ -38.544764, -3.86899, 0.0 ], [ -38.544942, -3.870362, 0.0 ], [ -38.545036, -3.87049, 0.0 ], [ -38.545657, -3.876325, 0.0 ], [ -38.545939, -3.878273, 0.0 ], [ -38.546187, -3.880884, 0.0 ], [ -38.546978, -3.887733, 0.0 ], [ -38.547003, -3.887726, 0.0 ], [ -38.547144, -3.887599, 0.0 ], [ -38.547985, -3.887003, 0.0 ], [ -38.54855, -3.88654, 0.0 ], [ -38.548612, -3.886563, 0.0 ], [ -38.54874, -3.886573, 0.0 ], [ -38.549011, -3.886525, 0.0 ], [ -38.549177, -3.886549, 0.0 ], [ -38.549754, -3.886763, 0.0 ], [ -38.549861, -3.886784, 0.0 ], [ -38.55003, -3.88679, 0.0 ], [ -38.550194, -3.886755, 0.0 ], [ -38.550425, -3.886752, 0.0 ], [ -38.55109, -3.88691, 0.0 ], [ -38.55143, -3.886889, 0.0 ], [ -38.551739, -3.88694, 0.0 ], [ -38.551884, -3.886859, 0.0 ], [ -38.552104, -3.886846, 0.0 ], [ -38.552584, -3.887001, 0.0 ], [ -38.552755, -3.886991, 0.0 ], [ -38.55246, -3.887258, 0.0 ], [ -38.552195, -3.887478, 0.0 ], [ -38.552248, -3.887756, 0.0 ], [ -38.552337, -3.888088, 0.0 ], [ -38.552283, -3.888355, 0.0 ], [ -38.552125, -3.888502, 0.0 ], [ -38.551716, -3.888681, 0.0 ], [ -38.551427, -3.888877, 0.0 ], [ -38.55124, -3.889305, 0.0 ], [ -38.551137, -3.88952, 0.0 ], [ -38.551091, -3.889762, 0.0 ], [ -38.551007, -3.889976, 0.0 ], [ -38.550885, -3.890181, 0.0 ], [ -38.550773, -3.890405, 0.0 ], [ -38.550512, -3.890601, 0.0 ], [ -38.550334, -3.890694, 0.0 ], [ -38.550185, -3.89088, 0.0 ], [ -38.550157, -3.891067, 0.0 ], [ -38.549979, -3.891197, 0.0 ], [ -38.54983, -3.891234, 0.0 ], [ -38.549662, -3.891337, 0.0 ], [ -38.549456, -3.891579, 0.0 ], [ -38.549251, -3.891766, 0.0 ], [ -38.549055, -3.89197, 0.0 ], [ -38.548886, -3.892222, 0.0 ], [ -38.548765, -3.892502, 0.0 ], [ -38.548709, -3.892716, 0.0 ], [ -38.548653, -3.892874, 0.0 ], [ -38.548597, -3.893079, 0.0 ], [ -38.548522, -3.893312, 0.0 ], [ -38.548569, -3.893489, 0.0 ], [ -38.54869, -3.893648, 0.0 ], [ -38.548718, -3.893834, 0.0 ], [ -38.5487, -3.894067, 0.0 ], [ -38.54897, -3.894272, 0.0 ], [ -38.548924, -3.894598, 0.0 ], [ -38.548877, -3.894943, 0.0 ], [ -38.548901, -3.895003, 0.0 ], [ -38.54916, -3.895179, 0.0 ], [ -38.549225, -3.895267, 0.0 ], [ -38.5492, -3.895385, 0.0 ], [ -38.549142, -3.895493, 0.0 ], [ -38.549117, -3.895577, 0.0 ], [ -38.549104, -3.895656, 0.0 ], [ -38.549157, -3.896033, 0.0 ], [ -38.549213, -3.896108, 0.0 ], [ -38.549428, -3.896304, 0.0 ], [ -38.54955, -3.896602, 0.0 ], [ -38.549671, -3.896788, 0.0 ], [ -38.549895, -3.896788, 0.0 ], [ -38.550073, -3.896779, 0.0 ], [ -38.550409, -3.897096, 0.0 ], [ -38.550456, -3.897282, 0.0 ], [ -38.550428, -3.897366, 0.0 ], [ -38.550381, -3.897683, 0.0 ], [ -38.550409, -3.898102, 0.0 ], [ -38.550754, -3.898288, 0.0 ], [ -38.551109, -3.898382, 0.0 ], [ -38.551259, -3.898549, 0.0 ], [ -38.551371, -3.898838, 0.0 ], [ -38.55152, -3.899015, 0.0 ], [ -38.551408, -3.899304, 0.0 ], [ -38.551259, -3.899472, 0.0 ], [ -38.550941, -3.899565, 0.0 ], [ -38.550708, -3.899546, 0.0 ], [ -38.550577, -3.89963, 0.0 ], [ -38.550745, -3.899872, 0.0 ], [ -38.550923, -3.900022, 0.0 ], [ -38.551128, -3.900422, 0.0 ], [ -38.551296, -3.900516, 0.0 ], [ -38.551436, -3.900758, 0.0 ], [ -38.551576, -3.900907, 0.0 ], [ -38.551642, -3.901112, 0.0 ], [ -38.551885, -3.90128, 0.0 ], [ -38.552137, -3.901429, 0.0 ], [ -38.552361, -3.901652, 0.0 ], [ -38.552353, -3.901922, 0.0 ], [ -38.55238, -3.902202, 0.0 ], [ -38.552688, -3.902566, 0.0 ], [ -38.553155, -3.90292, 0.0 ], [ -38.553482, -3.902901, 0.0 ], [ -38.553753, -3.903031, 0.0 ], [ -38.553995, -3.903069, 0.0 ], [ -38.554192, -3.902994, 0.0 ], [ -38.554329, -3.903062, 0.0 ], [ -38.554422, -3.903215, 0.0 ], [ -38.554508, -3.90347, 0.0 ], [ -38.554601, -3.903708, 0.0 ], [ -38.555969, -3.906044, 0.0 ], [ -38.565786, -3.960538, 0.0 ], [ -38.566136, -3.962483, 0.0 ], [ -38.567398, -3.968052, 0.0 ], [ -38.573712, -3.995927, 0.0 ], [ -38.573722, -3.995968, 0.0 ], [ -38.573987, -4.004572, 0.0 ], [ -38.574727, -4.054157, 0.0 ], [ -38.604581, -4.058758, 0.0 ], [ -38.612, -4.1, 0.0 ], [ -38.612847, -4.104041, 0.0 ], [ -38.611464, -4.103769, 0.0 ], [ -38.608685, -4.102118, 0.0 ], [ -38.607798, -4.10192, 0.0 ], [ -38.607304, -4.10182, 0.0 ], [ -38.605682, -4.101862, 0.0 ], [ -38.604281, -4.103088, 0.0 ], [ -38.602492, -4.104643, 0.0 ], [ -38.601151, -4.104493, 0.0 ], [ -38.600108, -4.104462, 0.0 ], [ -38.598916, -4.104731, 0.0 ], [ -38.597634, -4.105987, 0.0 ], [ -38.593955, -4.106459, 0.0 ], [ -38.591247, -4.10573, 0.0 ], [ -38.589188, -4.105652, 0.0 ], [ -38.586728, -4.106034, 0.0 ], [ -38.585774, -4.106608, 0.0 ], [ -38.583953, -4.106528, 0.0 ], [ -38.581012, -4.106228, 0.0 ], [ -38.577731, -4.105522, 0.0 ], [ -38.576288, -4.10573, 0.0 ], [ -38.575394, -4.106558, 0.0 ], [ -38.573945, -4.109448, 0.0 ], [ -38.573895, -4.110665, 0.0 ], [ -38.573055, -4.112054, 0.0 ], [ -38.572117, -4.113692, 0.0 ], [ -38.571376, -4.114634, 0.0 ], [ -38.570586, -4.115627, 0.0 ], [ -38.568366, -4.116668, 0.0 ], [ -38.567179, -4.118635, 0.0 ], [ -38.566987, -4.119318, 0.0 ], [ -38.566718, -4.120276, 0.0 ], [ -38.566448, -4.122272, 0.0 ], [ -38.56493, -4.123218, 0.0 ], [ -38.563293, -4.123311, 0.0 ], [ -38.562161, -4.122777, 0.0 ], [ -38.561087, -4.121816, 0.0 ], [ -38.560215, -4.121185, 0.0 ], [ -38.558663, -4.12048, 0.0 ], [ -38.557544, -4.11917, 0.0 ], [ -38.557459, -4.116949, 0.0 ], [ -38.557706, -4.115468, 0.0 ], [ -38.557629, -4.114364, 0.0 ], [ -38.55655, -4.111573, 0.0 ], [ -38.555941, -4.109856, 0.0 ], [ -38.555512, -4.10841, 0.0 ], [ -38.554574, -4.106449, 0.0 ], [ -38.554044, -4.105107, 0.0 ], [ -38.553726, -4.103864, 0.0 ], [ -38.553629, -4.103122, 0.0 ], [ -38.553104, -4.100602, 0.0 ], [ -38.552776, -4.099981, 0.0 ], [ -38.551659, -4.096609, 0.0 ], [ -38.550849, -4.095131, 0.0 ], [ -38.550218, -4.092787, 0.0 ], [ -38.549088, -4.091592, 0.0 ], [ -38.547744, -4.090438, 0.0 ], [ -38.546302, -4.088683, 0.0 ], [ -38.5448, -4.087307, 0.0 ], [ -38.544451, -4.086754, 0.0 ], [ -38.543776, -4.086224, 0.0 ], [ -38.542996, -4.08551, 0.0 ], [ -38.539973, -4.082814, 0.0 ], [ -38.538424, -4.081545, 0.0 ], [ -38.537114, -4.080491, 0.0 ], [ -38.535994, -4.079246, 0.0 ], [ -38.535916, -4.07678, 0.0 ], [ -38.536023, -4.075725, 0.0 ], [ -38.536963, -4.074713, 0.0 ], [ -38.537644, -4.074077, 0.0 ], [ -38.537644, -4.073264, 0.0 ], [ -38.536832, -4.072465, 0.0 ], [ -38.536108, -4.071778, 0.0 ], [ -38.536099, -4.070508, 0.0 ], [ -38.535713, -4.069914, 0.0 ], [ -38.534657, -4.069493, 0.0 ], [ -38.534033, -4.069193, 0.0 ], [ -38.533017, -4.068261, 0.0 ], [ -38.532885, -4.067154, 0.0 ], [ -38.533351, -4.066684, 0.0 ], [ -38.534086, -4.065285, 0.0 ], [ -38.534203, -4.064234, 0.0 ], [ -38.53364, -4.063647, 0.0 ], [ -38.53355, -4.063272, 0.0 ], [ -38.534365, -4.061693, 0.0 ], [ -38.534379, -4.060568, 0.0 ], [ -38.533996, -4.059834, 0.0 ], [ -38.533369, -4.058799, 0.0 ], [ -38.533524, -4.058178, 0.0 ], [ -38.534145, -4.057329, 0.0 ], [ -38.534416, -4.056153, 0.0 ], [ -38.535378, -4.05522, 0.0 ], [ -38.53575, -4.054054, 0.0 ], [ -38.535555, -4.053596, 0.0 ], [ -38.535793, -4.052873, 0.0 ], [ -38.53635, -4.052398, 0.0 ], [ -38.537664, -4.051865, 0.0 ], [ -38.53881, -4.050717, 0.0 ], [ -38.539222, -4.049561, 0.0 ], [ -38.538808, -4.04851, 0.0 ], [ -38.537663, -4.046828, 0.0 ], [ -38.537141, -4.046298, 0.0 ], [ -38.536515, -4.044699, 0.0 ], [ -38.535885, -4.041943, 0.0 ], [ -38.535851, -4.041351, 0.0 ], [ -38.531972, -4.037298, 0.0 ], [ -38.531383, -4.036502, 0.0 ], [ -38.531123, -4.035551, 0.0 ], [ -38.530522, -4.034848, 0.0 ], [ -38.529272, -4.034094, 0.0 ], [ -38.526589, -4.03114, 0.0 ], [ -38.52601, -4.029235, 0.0 ], [ -38.526436, -4.026838, 0.0 ], [ -38.526054, -4.026417, 0.0 ], [ -38.525904, -4.02586, 0.0 ], [ -38.525941, -4.025373, 0.0 ], [ -38.526171, -4.024713, 0.0 ], [ -38.526789, -4.024025, 0.0 ], [ -38.527104, -4.02367, 0.0 ], [ -38.527256, -4.023297, 0.0 ], [ -38.52718, -4.022888, 0.0 ], [ -38.526875, -4.022671, 0.0 ], [ -38.525452, -4.022177, 0.0 ], [ -38.524724, -4.021659, 0.0 ], [ -38.524241, -4.02131, 0.0 ], [ -38.524214, -4.02061, 0.0 ], [ -38.524022, -4.020111, 0.0 ], [ -38.523501, -4.019931, 0.0 ], [ -38.523114, -4.019995, 0.0 ], [ -38.522642, -4.020198, 0.0 ], [ -38.522429, -4.020255, 0.0 ], [ -38.522226, -4.020206, 0.0 ], [ -38.522176, -4.020138, 0.0 ], [ -38.522172, -4.020009, 0.0 ], [ -38.522096, -4.019956, 0.0 ], [ -38.521929, -4.019883, 0.0 ], [ -38.521816, -4.019809, 0.0 ], [ -38.52173, -4.019738, 0.0 ], [ -38.521726, -4.019594, 0.0 ], [ -38.521765, -4.019495, 0.0 ], [ -38.521754, -4.01937, 0.0 ], [ -38.521655, -4.019289, 0.0 ], [ -38.521345, -4.019194, 0.0 ], [ -38.521108, -4.019146, 0.0 ], [ -38.52102, -4.019053, 0.0 ], [ -38.520864, -4.019013, 0.0 ], [ -38.520692, -4.019072, 0.0 ], [ -38.520478, -4.019064, 0.0 ], [ -38.520247, -4.018863, 0.0 ], [ -38.519914, -4.018526, 0.0 ], [ -38.519609, -4.018227, 0.0 ], [ -38.5192, -4.018023, 0.0 ], [ -38.518898, -4.017975, 0.0 ], [ -38.518574, -4.017994, 0.0 ], [ -38.518504, -4.017368, 0.0 ], [ -38.517975, -4.012681, 0.0 ], [ -38.517589, -4.009175, 0.0 ], [ -38.517351, -4.007026, 0.0 ], [ -38.516157, -3.996396, 0.0 ], [ -38.5161, -3.99163, 0.0 ], [ -38.516111, -3.990418, 0.0 ], [ -38.516028, -3.989354, 0.0 ], [ -38.515188, -3.985104, 0.0 ], [ -38.514256, -3.980947, 0.0 ], [ -38.51415, -3.980318, 0.0 ], [ -38.514067, -3.979547, 0.0 ], [ -38.514058, -3.979392, 0.0 ], [ -38.51404, -3.978709, 0.0 ], [ -38.514065, -3.977932, 0.0 ], [ -38.514183, -3.976494, 0.0 ], [ -38.514239, -3.975899, 0.0 ], [ -38.514391, -3.974395, 0.0 ], [ -38.514506, -3.973249, 0.0 ], [ -38.514563, -3.972664, 0.0 ], [ -38.514585, -3.972436, 0.0 ], [ -38.514613, -3.972134, 0.0 ], [ -38.514696, -3.971322, 0.0 ], [ -38.514728, -3.970999, 0.0 ], [ -38.51479, -3.970362, 0.0 ], [ -38.514818, -3.970082, 0.0 ], [ -38.514884, -3.969433, 0.0 ], [ -38.514981, -3.968441, 0.0 ], [ -38.515066, -3.967586, 0.0 ], [ -38.51514, -3.966858, 0.0 ], [ -38.515164, -3.966652, 0.0 ], [ -38.515288, -3.965367, 0.0 ], [ -38.515445, -3.963739, 0.0 ], [ -38.515454, -3.963358, 0.0 ], [ -38.515442, -3.963008, 0.0 ], [ -38.515437, -3.962964, 0.0 ], [ -38.515423, -3.962766, 0.0 ], [ -38.5154, -3.962545, 0.0 ], [ -38.515364, -3.962336, 0.0 ], [ -38.515276, -3.961916, 0.0 ], [ -38.515234, -3.961748, 0.0 ], [ -38.515102, -3.961318, 0.0 ], [ -38.514953, -3.960938, 0.0 ], [ -38.514768, -3.960546, 0.0 ], [ -38.51463, -3.960286, 0.0 ], [ -38.514482, -3.960028, 0.0 ], [ -38.514231, -3.959671, 0.0 ], [ -38.514032, -3.959407, 0.0 ], [ -38.513577, -3.95885, 0.0 ], [ -38.513391, -3.958599, 0.0 ], [ -38.51326, -3.958405, 0.0 ], [ -38.513138, -3.958181, 0.0 ], [ -38.513088, -3.958078, 0.0 ], [ -38.513053, -3.957999, 0.0 ], [ -38.512998, -3.957853, 0.0 ], [ -38.51294, -3.957668, 0.0 ], [ -38.512894, -3.957499, 0.0 ], [ -38.51285, -3.957268, 0.0 ], [ -38.512822, -3.957049, 0.0 ], [ -38.51272, -3.95582, 0.0 ], [ -38.512396, -3.952481, 0.0 ], [ -38.512319, -3.951079, 0.0 ], [ -38.512223, -3.949985, 0.0 ], [ -38.512188, -3.949695, 0.0 ], [ -38.512132, -3.949346, 0.0 ], [ -38.512052, -3.94898, 0.0 ], [ -38.511994, -3.948772, 0.0 ], [ -38.511847, -3.94833, 0.0 ], [ -38.511739, -3.948057, 0.0 ], [ -38.511572, -3.947704, 0.0 ], [ -38.511498, -3.947564, 0.0 ], [ -38.510874, -3.946465, 0.0 ], [ -38.509862, -3.944719, 0.0 ], [ -38.509703, -3.944411, 0.0 ], [ -38.509599, -3.944174, 0.0 ], [ -38.509478, -3.943846, 0.0 ], [ -38.509431, -3.94369, 0.0 ], [ -38.509326, -3.943282, 0.0 ], [ -38.509276, -3.942987, 0.0 ], [ -38.509234, -3.942633, 0.0 ], [ -38.509217, -3.942435, 0.0 ], [ -38.509083, -3.940366, 0.0 ], [ -38.508837, -3.936756, 0.0 ], [ -38.508786, -3.936034, 0.0 ], [ -38.508691, -3.935249, 0.0 ], [ -38.50859, -3.93448, 0.0 ], [ -38.50834, -3.93292, 0.0 ], [ -38.508243, -3.932257, 0.0 ], [ -38.508183, -3.931682, 0.0 ], [ -38.508163, -3.931453, 0.0 ], [ -38.508073, -3.929707, 0.0 ], [ -38.50789, -3.925944, 0.0 ], [ -38.507863, -3.925588, 0.0 ], [ -38.507519, -3.922335, 0.0 ], [ -38.507482, -3.922043, 0.0 ], [ -38.507204, -3.918936, 0.0 ], [ -38.507125, -3.918262, 0.0 ], [ -38.506766, -3.915332, 0.0 ], [ -38.506751, -3.91514, 0.0 ], [ -38.506365, -3.911532, 0.0 ], [ -38.506254, -3.910747, 0.0 ], [ -38.506158, -3.910228, 0.0 ], [ -38.505557, -3.907411, 0.0 ], [ -38.505138, -3.905349, 0.0 ], [ -38.50487, -3.904029, 0.0 ], [ -38.504604, -3.902854, 0.0 ], [ -38.504203, -3.901116, 0.0 ], [ -38.504063, -3.90046, 0.0 ], [ -38.503534, -3.897847, 0.0 ], [ -38.502788, -3.89451, 0.0 ], [ -38.502321, -3.892373, 0.0 ], [ -38.50228, -3.892164, 0.0 ], [ -38.502207, -3.891699, 0.0 ], [ -38.502008, -3.889822, 0.0 ], [ -38.501804, -3.887965, 0.0 ], [ -38.501954, -3.88796, 0.0 ], [ -38.502023, -3.887946, 0.0 ], [ -38.502082, -3.88797, 0.0 ], [ -38.502194, -3.888122, 0.0 ], [ -38.502292, -3.888193, 0.0 ], [ -38.502735, -3.888346, 0.0 ], [ -38.503234, -3.888531, 0.0 ], [ -38.503585, -3.888535, 0.0 ], [ -38.503853, -3.888604, 0.0 ], [ -38.504199, -3.888618, 0.0 ], [ -38.50431, -3.888731, 0.0 ], [ -38.504536, -3.888723, 0.0 ], [ -38.504625, -3.888884, 0.0 ], [ -38.50454, -3.889102, 0.0 ], [ -38.505243, -3.889819, 0.0 ], [ -38.505415, -3.889924, 0.0 ], [ -38.505401, -3.890234, 0.0 ], [ -38.505656, -3.890567, 0.0 ], [ -38.506452, -3.890119, 0.0 ], [ -38.507058, -3.889782, 0.0 ], [ -38.50722, -3.889687, 0.0 ], [ -38.50743, -3.889555, 0.0 ], [ -38.50759, -3.889441, 0.0 ], [ -38.507746, -3.889313, 0.0 ], [ -38.508055, -3.889053, 0.0 ], [ -38.508222, -3.888915, 0.0 ], [ -38.508463, -3.888743, 0.0 ], [ -38.508764, -3.888741, 0.0 ], [ -38.508962, -3.88874, 0.0 ], [ -38.509008, -3.888746, 0.0 ], [ -38.509057, -3.888756, 0.0 ], [ -38.509095, -3.888767, 0.0 ], [ -38.509198, -3.888796, 0.0 ], [ -38.509382, -3.888859, 0.0 ], [ -38.509445, -3.888874, 0.0 ], [ -38.50952, -3.888883, 0.0 ], [ -38.509584, -3.888882, 0.0 ], [ -38.509638, -3.888876, 0.0 ], [ -38.510152, -3.888791, 0.0 ], [ -38.510492, -3.888731, 0.0 ], [ -38.510569, -3.888718, 0.0 ], [ -38.510674, -3.888703, 0.0 ], [ -38.510748, -3.8887, 0.0 ], [ -38.510809, -3.888705, 0.0 ], [ -38.510867, -3.888722, 0.0 ], [ -38.511198, -3.888863, 0.0 ], [ -38.511477, -3.888984, 0.0 ], [ -38.511574, -3.889037, 0.0 ], [ -38.511623, -3.889074, 0.0 ], [ -38.511676, -3.889124, 0.0 ], [ -38.511822, -3.889295, 0.0 ], [ -38.511962, -3.889471, 0.0 ], [ -38.512292, -3.889864, 0.0 ], [ -38.512639, -3.890233, 0.0 ], [ -38.512685, -3.890307, 0.0 ], [ -38.512702, -3.890366, 0.0 ], [ -38.512717, -3.890473, 0.0 ], [ -38.512726, -3.8906, 0.0 ], [ -38.51274, -3.890706, 0.0 ], [ -38.51276, -3.890784, 0.0 ], [ -38.512864, -3.891121, 0.0 ], [ -38.513141, -3.8919, 0.0 ], [ -38.513262, -3.892282, 0.0 ], [ -38.513493, -3.892948, 0.0 ], [ -38.513584, -3.8932, 0.0 ], [ -38.514021, -3.894544, 0.0 ], [ -38.514629, -3.894022, 0.0 ], [ -38.514898, -3.893781, 0.0 ], [ -38.515803, -3.89293, 0.0 ], [ -38.516786, -3.892037, 0.0 ], [ -38.518026, -3.89094, 0.0 ], [ -38.518774, -3.890286, 0.0 ], [ -38.51926, -3.889893, 0.0 ], [ -38.519371, -3.8898, 0.0 ], [ -38.519603, -3.889595, 0.0 ], [ -38.52022, -3.888997, 0.0 ], [ -38.520883, -3.888402, 0.0 ], [ -38.521726, -3.887646, 0.0 ], [ -38.521952, -3.887451, 0.0 ], [ -38.523564, -3.886045, 0.0 ], [ -38.524476, -3.885265, 0.0 ], [ -38.524841, -3.8849, 0.0 ], [ -38.5263, -3.883594, 0.0 ], [ -38.527586, -3.882487, 0.0 ], [ -38.528909, -3.881325, 0.0 ], [ -38.529868, -3.880501, 0.0 ], [ -38.53082, -3.879643, 0.0 ], [ -38.531126, -3.879375, 0.0 ], [ -38.530788, -3.879224, 0.0 ], [ -38.530326, -3.878962, 0.0 ], [ -38.530161, -3.878846, 0.0 ], [ -38.530041, -3.878723, 0.0 ], [ -38.529955, -3.87862, 0.0 ], [ -38.529814, -3.878406, 0.0 ], [ -38.529707, -3.878219, 0.0 ], [ -38.529622, -3.877988, 0.0 ], [ -38.529507, -3.877632, 0.0 ], [ -38.529309, -3.876901, 0.0 ], [ -38.529194, -3.876487, 0.0 ], [ -38.529109, -3.87623, 0.0 ], [ -38.529014, -3.875955, 0.0 ], [ -38.528937, -3.875803, 0.0 ], [ -38.528826, -3.875578, 0.0 ], [ -38.528639, -3.875211, 0.0 ], [ -38.528514, -3.874931, 0.0 ], [ -38.528451, -3.874772, 0.0 ], [ -38.528408, -3.874623, 0.0 ], [ -38.528354, -3.874398, 0.0 ], [ -38.528128, -3.873514, 0.0 ], [ -38.528038, -3.873201, 0.0 ], [ -38.527965, -3.872929, 0.0 ], [ -38.527873, -3.872683, 0.0 ], [ -38.527812, -3.872568, 0.0 ], [ -38.527741, -3.872462, 0.0 ], [ -38.527614, -3.872286, 0.0 ], [ -38.527422, -3.872001, 0.0 ], [ -38.527387, -3.87195, 0.0 ], [ -38.527198, -3.87167, 0.0 ], [ -38.526938, -3.871271, 0.0 ], [ -38.526802, -3.871083, 0.0 ], [ -38.526644, -3.870898, 0.0 ], [ -38.526018, -3.870269, 0.0 ], [ -38.525608, -3.869883, 0.0 ], [ -38.525244, -3.869571, 0.0 ], [ -38.524823, -3.869267, 0.0 ], [ -38.524407, -3.868989, 0.0 ], [ -38.523828, -3.868659, 0.0 ], [ -38.522887, -3.868196, 0.0 ], [ -38.52272, -3.868106, 0.0 ], [ -38.52261, -3.868052, 0.0 ], [ -38.522434, -3.867968, 0.0 ], [ -38.521225, -3.867515, 0.0 ], [ -38.52088, -3.867412, 0.0 ], [ -38.520692, -3.867359, 0.0 ], [ -38.520521, -3.867279, 0.0 ], [ -38.520373, -3.867157, 0.0 ], [ -38.520249, -3.866978, 0.0 ], [ -38.520178, -3.866827, 0.0 ], [ -38.520165, -3.866798, 0.0 ], [ -38.520162, -3.86679, 0.0 ], [ -38.520153, -3.866769, 0.0 ], [ -38.519813, -3.865948, 0.0 ], [ -38.519603, -3.865432, 0.0 ], [ -38.519512, -3.86528, 0.0 ], [ -38.519408, -3.865154, 0.0 ], [ -38.519212, -3.864947, 0.0 ], [ -38.519113, -3.864828, 0.0 ], [ -38.519071, -3.864779, 0.0 ], [ -38.518994, -3.864691, 0.0 ], [ -38.519794, -3.86451, 0.0 ], [ -38.521811, -3.86407, 0.0 ], [ -38.523193, -3.863807, 0.0 ], [ -38.52334, -3.863778, 0.0 ], [ -38.524824, -3.863428, 0.0 ], [ -38.524937, -3.863402, 0.0 ], [ -38.526346, -3.863069, 0.0 ], [ -38.526476, -3.86304, 0.0 ] ] ] } },
{ "type": "Feature", "properties": { "Name": "Pacajus - AIS 25", "Description": "descrição: <br>@id: relation/302462<br>IBGE:GEOCODIGO: 2309607<br>admin_level: 8<br>boundary: administrative<br>name: Pacajus<br>place: municipality<br>population: 70983<br>population:date: 2023-08-31<br>source: IBGE<br>source:population: IBGE, DOU de 31/08/2023<br>type: boundary<br>wikidata: Q2021230<br>wikipedia: pt:Pacajus<br>@relations: " }, "geometry": { "type": "Polygon", "coordinates": [ [ [ -38.618765, -4.163454, 0.0 ], [ -38.618617, -4.163657, 0.0 ], [ -38.618498, -4.163904, 0.0 ], [ -38.618442, -4.164284, 0.0 ], [ -38.618488, -4.165337, 0.0 ], [ -38.618304, -4.165711, 0.0 ], [ -38.618266, -4.166513, 0.0 ], [ -38.618657, -4.166892, 0.0 ], [ -38.619058, -4.167282, 0.0 ], [ -38.619077, -4.167619, 0.0 ], [ -38.619001, -4.16795, 0.0 ], [ -38.618929, -4.168287, 0.0 ], [ -38.61916, -4.168685, 0.0 ], [ -38.619405, -4.169016, 0.0 ], [ -38.619231, -4.169774, 0.0 ], [ -38.61929, -4.170216, 0.0 ], [ -38.618801, -4.170707, 0.0 ], [ -38.618479, -4.171209, 0.0 ], [ -38.618269, -4.171786, 0.0 ], [ -38.618359, -4.172047, 0.0 ], [ -38.618032, -4.172266, 0.0 ], [ -38.61768, -4.17298, 0.0 ], [ -38.617357, -4.173902, 0.0 ], [ -38.617388, -4.174501, 0.0 ], [ -38.617118, -4.174883, 0.0 ], [ -38.617166, -4.175194, 0.0 ], [ -38.617209, -4.175439, 0.0 ], [ -38.616606, -4.175961, 0.0 ], [ -38.616698, -4.176332, 0.0 ], [ -38.616816, -4.17695, 0.0 ], [ -38.616591, -4.177189, 0.0 ], [ -38.616477, -4.177434, 0.0 ], [ -38.614439, -4.18292, 0.0 ], [ -38.570474, -4.235484, 0.0 ], [ -38.568091, -4.232855, 0.0 ], [ -38.566751, -4.2323, 0.0 ], [ -38.56472, -4.232294, 0.0 ], [ -38.562218, -4.233365, 0.0 ], [ -38.559796, -4.234205, 0.0 ], [ -38.556638, -4.23512, 0.0 ], [ -38.554655, -4.235195, 0.0 ], [ -38.55279, -4.235305, 0.0 ], [ -38.551272, -4.235002, 0.0 ], [ -38.549192, -4.234785, 0.0 ], [ -38.547433, -4.234235, 0.0 ], [ -38.544256, -4.232308, 0.0 ], [ -38.540754, -4.231342, 0.0 ], [ -38.539577, -4.231326, 0.0 ], [ -38.537721, -4.2313, 0.0 ], [ -38.534714, -4.232053, 0.0 ], [ -38.533376, -4.232695, 0.0 ], [ -38.531456, -4.232592, 0.0 ], [ -38.529801, -4.231621, 0.0 ], [ -38.527889, -4.229916, 0.0 ], [ -38.526948, -4.228564, 0.0 ], [ -38.525829, -4.226157, 0.0 ], [ -38.524694, -4.225892, 0.0 ], [ -38.521809, -4.226393, 0.0 ], [ -38.518569, -4.227852, 0.0 ], [ -38.518116, -4.228043, 0.0 ], [ -38.513561, -4.229596, 0.0 ], [ -38.50926, -4.230458, 0.0 ], [ -38.507333, -4.230858, 0.0 ], [ -38.504462, -4.231402, 0.0 ], [ -38.502423, -4.231599, 0.0 ], [ -38.499994, -4.231802, 0.0 ], [ -38.499267, -4.231861, 0.0 ], [ -38.497384, -4.23113, 0.0 ], [ -38.496966, -4.231142, 0.0 ], [ -38.496347, -4.231141, 0.0 ], [ -38.49514, -4.231308, 0.0 ], [ -38.49132, -4.233129, 0.0 ], [ -38.488074, -4.23468, 0.0 ], [ -38.485193, -4.236038, 0.0 ], [ -38.483235, -4.23703, 0.0 ], [ -38.482362, -4.237403, 0.0 ], [ -38.481432, -4.237848, 0.0 ], [ -38.481024, -4.238023, 0.0 ], [ -38.48023, -4.238364, 0.0 ], [ -38.478899, -4.238952, 0.0 ], [ -38.476996, -4.239869, 0.0 ], [ -38.473447, -4.241562, 0.0 ], [ -38.471215, -4.24268, 0.0 ], [ -38.46841, -4.244043, 0.0 ], [ -38.465534, -4.245405, 0.0 ], [ -38.464562, -4.245433, 0.0 ], [ -38.463218, -4.245247, 0.0 ], [ -38.461127, -4.244499, 0.0 ], [ -38.457301, -4.243745, 0.0 ], [ -38.454478, -4.243344, 0.0 ], [ -38.451218, -4.240512, 0.0 ], [ -38.449158, -4.240403, 0.0 ], [ -38.447361, -4.240266, 0.0 ], [ -38.446403, -4.238567, 0.0 ], [ -38.445761, -4.235084, 0.0 ], [ -38.445154, -4.231543, 0.0 ], [ -38.44431, -4.229844, 0.0 ], [ -38.442553, -4.22945, 0.0 ], [ -38.440633, -4.229939, 0.0 ], [ -38.439135, -4.231048, 0.0 ], [ -38.437443, -4.231668, 0.0 ], [ -38.434515, -4.2316, 0.0 ], [ -38.432256, -4.231067, 0.0 ], [ -38.427926, -4.230508, 0.0 ], [ -38.425351, -4.229874, 0.0 ], [ -38.42232, -4.229067, 0.0 ], [ -38.419172, -4.229065, 0.0 ], [ -38.417729, -4.229911, 0.0 ], [ -38.392851, -4.223148, 0.0 ], [ -38.390083, -4.205499, 0.0 ], [ -38.387, -4.187, 0.0 ], [ -38.38189, -4.145144, 0.0 ], [ -38.480235, -4.138171, 0.0 ], [ -38.496444, -4.145155, 0.0 ], [ -38.49681, -4.144948, 0.0 ], [ -38.496991, -4.144824, 0.0 ], [ -38.497296, -4.14492, 0.0 ], [ -38.497754, -4.144604, 0.0 ], [ -38.498212, -4.144662, 0.0 ], [ -38.49867, -4.144288, 0.0 ], [ -38.498737, -4.144001, 0.0 ], [ -38.49908, -4.143772, 0.0 ], [ -38.499334, -4.143432, 0.0 ], [ -38.499464, -4.142865, 0.0 ], [ -38.499583, -4.142494, 0.0 ], [ -38.499917, -4.142279, 0.0 ], [ -38.500203, -4.142495, 0.0 ], [ -38.500501, -4.142337, 0.0 ], [ -38.500942, -4.141909, 0.0 ], [ -38.501443, -4.14167, 0.0 ], [ -38.501836, -4.14197, 0.0 ], [ -38.502265, -4.142388, 0.0 ], [ -38.502587, -4.142544, 0.0 ], [ -38.503088, -4.142548, 0.0 ], [ -38.503514, -4.142437, 0.0 ], [ -38.504115, -4.142354, 0.0 ], [ -38.504888, -4.141705, 0.0 ], [ -38.50566, -4.140701, 0.0 ], [ -38.506327, -4.140516, 0.0 ], [ -38.507563, -4.140156, 0.0 ], [ -38.508078, -4.140386, 0.0 ], [ -38.508679, -4.1403, 0.0 ], [ -38.509122, -4.139812, 0.0 ], [ -38.509723, -4.139655, 0.0 ], [ -38.510825, -4.139282, 0.0 ], [ -38.511869, -4.139125, 0.0 ], [ -38.512341, -4.139096, 0.0 ], [ -38.513399, -4.139054, 0.0 ], [ -38.514072, -4.138882, 0.0 ], [ -38.515159, -4.138294, 0.0 ], [ -38.516189, -4.137591, 0.0 ], [ -38.516519, -4.137304, 0.0 ], [ -38.517134, -4.137175, 0.0 ], [ -38.518235, -4.136529, 0.0 ], [ -38.518965, -4.13607, 0.0 ], [ -38.519738, -4.135755, 0.0 ], [ -38.520853, -4.135841, 0.0 ], [ -38.521857, -4.135593, 0.0 ], [ -38.522624, -4.134958, 0.0 ], [ -38.523669, -4.134335, 0.0 ], [ -38.52476, -4.13323, 0.0 ], [ -38.525444, -4.132743, 0.0 ], [ -38.52619, -4.132211, 0.0 ], [ -38.527995, -4.131828, 0.0 ], [ -38.529952, -4.131668, 0.0 ], [ -38.532098, -4.131468, 0.0 ], [ -38.533214, -4.131426, 0.0 ], [ -38.535267, -4.130669, 0.0 ], [ -38.536547, -4.130408, 0.0 ], [ -38.53782, -4.130308, 0.0 ], [ -38.538821, -4.130438, 0.0 ], [ -38.539579, -4.130482, 0.0 ], [ -38.540323, -4.130568, 0.0 ], [ -38.541195, -4.130454, 0.0 ], [ -38.542039, -4.130382, 0.0 ], [ -38.542397, -4.129851, 0.0 ], [ -38.542569, -4.129234, 0.0 ], [ -38.542541, -4.128544, 0.0 ], [ -38.570391, -4.128248, 0.0 ], [ -38.570729, -4.131278, 0.0 ], [ -38.571065, -4.132356, 0.0 ], [ -38.573824, -4.133407, 0.0 ], [ -38.576585, -4.134226, 0.0 ], [ -38.579274, -4.134959, 0.0 ], [ -38.580532, -4.135089, 0.0 ], [ -38.581757, -4.134967, 0.0 ], [ -38.582296, -4.134701, 0.0 ], [ -38.583136, -4.134574, 0.0 ], [ -38.583759, -4.134509, 0.0 ], [ -38.584408, -4.134991, 0.0 ], [ -38.584923, -4.135164, 0.0 ], [ -38.585352, -4.13548, 0.0 ], [ -38.585566, -4.136298, 0.0 ], [ -38.585966, -4.136845, 0.0 ], [ -38.587099, -4.137301, 0.0 ], [ -38.588505, -4.138031, 0.0 ], [ -38.589511, -4.139019, 0.0 ], [ -38.589988, -4.139067, 0.0 ], [ -38.590274, -4.139354, 0.0 ], [ -38.590774, -4.140192, 0.0 ], [ -38.591441, -4.140791, 0.0 ], [ -38.591965, -4.14127, 0.0 ], [ -38.592418, -4.141725, 0.0 ], [ -38.592823, -4.142347, 0.0 ], [ -38.593514, -4.142826, 0.0 ], [ -38.5943, -4.14321, 0.0 ], [ -38.594849, -4.143569, 0.0 ], [ -38.595415, -4.143708, 0.0 ], [ -38.595653, -4.143827, 0.0 ], [ -38.595939, -4.14372, 0.0 ], [ -38.596416, -4.143816, 0.0 ], [ -38.596898, -4.144264, 0.0 ], [ -38.597303, -4.144696, 0.0 ], [ -38.598376, -4.145151, 0.0 ], [ -38.598972, -4.144744, 0.0 ], [ -38.59952, -4.144553, 0.0 ], [ -38.600045, -4.144577, 0.0 ], [ -38.600832, -4.144745, 0.0 ], [ -38.601594, -4.144793, 0.0 ], [ -38.602184, -4.14491, 0.0 ], [ -38.602813, -4.14471, 0.0 ], [ -38.603525, -4.144842, 0.0 ], [ -38.603954, -4.145058, 0.0 ], [ -38.604097, -4.145369, 0.0 ], [ -38.604025, -4.145872, 0.0 ], [ -38.604049, -4.146303, 0.0 ], [ -38.604382, -4.146734, 0.0 ], [ -38.604764, -4.146806, 0.0 ], [ -38.605265, -4.146614, 0.0 ], [ -38.605718, -4.146495, 0.0 ], [ -38.606188, -4.146545, 0.0 ], [ -38.606588, -4.146803, 0.0 ], [ -38.607134, -4.147267, 0.0 ], [ -38.607704, -4.14758, 0.0 ], [ -38.608054, -4.147864, 0.0 ], [ -38.608664, -4.148676, 0.0 ], [ -38.609122, -4.149365, 0.0 ], [ -38.60915, -4.149674, 0.0 ], [ -38.609043, -4.150076, 0.0 ], [ -38.609286, -4.150263, 0.0 ], [ -38.609572, -4.150371, 0.0 ], [ -38.609822, -4.150572, 0.0 ], [ -38.6099, -4.150823, 0.0 ], [ -38.610015, -4.151111, 0.0 ], [ -38.610451, -4.151362, 0.0 ], [ -38.610723, -4.151377, 0.0 ], [ -38.610973, -4.151046, 0.0 ], [ -38.611431, -4.150867, 0.0 ], [ -38.611889, -4.150846, 0.0 ], [ -38.612232, -4.151148, 0.0 ], [ -38.612389, -4.151528, 0.0 ], [ -38.612879, -4.151819, 0.0 ], [ -38.613394, -4.151905, 0.0 ], [ -38.613866, -4.15202, 0.0 ], [ -38.613991, -4.152254, 0.0 ], [ -38.614062, -4.153066, 0.0 ], [ -38.614076, -4.153777, 0.0 ], [ -38.614211, -4.154086, 0.0 ], [ -38.61454, -4.154258, 0.0 ], [ -38.614726, -4.154502, 0.0 ], [ -38.614836, -4.15486, 0.0 ], [ -38.614703, -4.155507, 0.0 ], [ -38.614655, -4.155998, 0.0 ], [ -38.614797, -4.15629, 0.0 ], [ -38.615026, -4.156535, 0.0 ], [ -38.615347, -4.15703, 0.0 ], [ -38.615682, -4.157749, 0.0 ], [ -38.615614, -4.15808, 0.0 ], [ -38.615387, -4.158517, 0.0 ], [ -38.615274, -4.158739, 0.0 ], [ -38.615351, -4.158972, 0.0 ], [ -38.61547, -4.15914, 0.0 ], [ -38.615732, -4.159247, 0.0 ], [ -38.615975, -4.159276, 0.0 ], [ -38.616191, -4.15929, 0.0 ], [ -38.616465, -4.159523, 0.0 ], [ -38.616698, -4.159679, 0.0 ], [ -38.617007, -4.159703, 0.0 ], [ -38.617107, -4.15951, 0.0 ], [ -38.617233, -4.159477, 0.0 ], [ -38.617504, -4.159564, 0.0 ], [ -38.617833, -4.160339, 0.0 ], [ -38.618161, -4.160591, 0.0 ], [ -38.618376, -4.160857, 0.0 ], [ -38.618587, -4.161391, 0.0 ], [ -38.618705, -4.161963, 0.0 ], [ -38.618862, -4.16314, 0.0 ], [ -38.618765, -4.163454, 0.0 ] ] ] } },
{ "type": "Feature", "properties": { "Name": "Horizonte - AIS 25", "Description": "descrição: <br>@id: relation/302498<br>IBGE:GEOCODIGO: 2305233<br>admin_level: 8<br>boundary: administrative<br>name: Horizonte<br>place: municipality<br>population: 74755<br>population:date: 2023-08-31<br>source: IBGE<br>source:population: IBGE, DOU de 31/08/2023<br>type: boundary<br>wikidata: Q22059559<br>wikipedia: pt:Horizonte (Ceará)<br>@relations: " }, "geometry": { "type": "Polygon", "coordinates": [ [ [ -38.535851, -4.041351, 0.0 ], [ -38.535885, -4.041943, 0.0 ], [ -38.536515, -4.044699, 0.0 ], [ -38.537141, -4.046298, 0.0 ], [ -38.537663, -4.046828, 0.0 ], [ -38.538808, -4.04851, 0.0 ], [ -38.539222, -4.049561, 0.0 ], [ -38.53881, -4.050717, 0.0 ], [ -38.537664, -4.051865, 0.0 ], [ -38.53635, -4.052398, 0.0 ], [ -38.535793, -4.052873, 0.0 ], [ -38.535555, -4.053596, 0.0 ], [ -38.53575, -4.054054, 0.0 ], [ -38.535378, -4.05522, 0.0 ], [ -38.534416, -4.056153, 0.0 ], [ -38.534145, -4.057329, 0.0 ], [ -38.533524, -4.058178, 0.0 ], [ -38.533369, -4.058799, 0.0 ], [ -38.533996, -4.059834, 0.0 ], [ -38.534379, -4.060568, 0.0 ], [ -38.534365, -4.061693, 0.0 ], [ -38.53355, -4.063272, 0.0 ], [ -38.53364, -4.063647, 0.0 ], [ -38.534203, -4.064234, 0.0 ], [ -38.534086, -4.065285, 0.0 ], [ -38.533351, -4.066684, 0.0 ], [ -38.532885, -4.067154, 0.0 ], [ -38.533017, -4.068261, 0.0 ], [ -38.534033, -4.069193, 0.0 ], [ -38.534657, -4.069493, 0.0 ], [ -38.535713, -4.069914, 0.0 ], [ -38.536099, -4.070508, 0.0 ], [ -38.536108, -4.071778, 0.0 ], [ -38.536832, -4.072465, 0.0 ], [ -38.537644, -4.073264, 0.0 ], [ -38.537644, -4.074077, 0.0 ], [ -38.536963, -4.074713, 0.0 ], [ -38.536023, -4.075725, 0.0 ], [ -38.535916, -4.07678, 0.0 ], [ -38.535994, -4.079246, 0.0 ], [ -38.537114, -4.080491, 0.0 ], [ -38.538424, -4.081545, 0.0 ], [ -38.539973, -4.082814, 0.0 ], [ -38.542996, -4.08551, 0.0 ], [ -38.543776, -4.086224, 0.0 ], [ -38.544451, -4.086754, 0.0 ], [ -38.5448, -4.087307, 0.0 ], [ -38.546302, -4.088683, 0.0 ], [ -38.547744, -4.090438, 0.0 ], [ -38.549088, -4.091592, 0.0 ], [ -38.550218, -4.092787, 0.0 ], [ -38.550849, -4.095131, 0.0 ], [ -38.551659, -4.096609, 0.0 ], [ -38.552776, -4.099981, 0.0 ], [ -38.553104, -4.100602, 0.0 ], [ -38.553629, -4.103122, 0.0 ], [ -38.553726, -4.103864, 0.0 ], [ -38.554044, -4.105107, 0.0 ], [ -38.554574, -4.106449, 0.0 ], [ -38.555512, -4.10841, 0.0 ], [ -38.555941, -4.109856, 0.0 ], [ -38.55655, -4.111573, 0.0 ], [ -38.557629, -4.114364, 0.0 ], [ -38.557706, -4.115468, 0.0 ], [ -38.557459, -4.116949, 0.0 ], [ -38.557544, -4.11917, 0.0 ], [ -38.558663, -4.12048, 0.0 ], [ -38.560215, -4.121185, 0.0 ], [ -38.561087, -4.121816, 0.0 ], [ -38.562161, -4.122777, 0.0 ], [ -38.563293, -4.123311, 0.0 ], [ -38.56493, -4.123218, 0.0 ], [ -38.566448, -4.122272, 0.0 ], [ -38.570391, -4.128248, 0.0 ], [ -38.542541, -4.128544, 0.0 ], [ -38.542569, -4.129234, 0.0 ], [ -38.542397, -4.129851, 0.0 ], [ -38.542039, -4.130382, 0.0 ], [ -38.541195, -4.130454, 0.0 ], [ -38.540323, -4.130568, 0.0 ], [ -38.539579, -4.130482, 0.0 ], [ -38.538821, -4.130438, 0.0 ], [ -38.53782, -4.130308, 0.0 ], [ -38.536547, -4.130408, 0.0 ], [ -38.535267, -4.130669, 0.0 ], [ -38.533214, -4.131426, 0.0 ], [ -38.532098, -4.131468, 0.0 ], [ -38.529952, -4.131668, 0.0 ], [ -38.527995, -4.131828, 0.0 ], [ -38.52619, -4.132211, 0.0 ], [ -38.525444, -4.132743, 0.0 ], [ -38.52476, -4.13323, 0.0 ], [ -38.523669, -4.134335, 0.0 ], [ -38.522624, -4.134958, 0.0 ], [ -38.521857, -4.135593, 0.0 ], [ -38.520853, -4.135841, 0.0 ], [ -38.519738, -4.135755, 0.0 ], [ -38.518965, -4.13607, 0.0 ], [ -38.518235, -4.136529, 0.0 ], [ -38.517134, -4.137175, 0.0 ], [ -38.516519, -4.137304, 0.0 ], [ -38.516189, -4.137591, 0.0 ], [ -38.515159, -4.138294, 0.0 ], [ -38.514072, -4.138882, 0.0 ], [ -38.513399, -4.139054, 0.0 ], [ -38.512341, -4.139096, 0.0 ], [ -38.511869, -4.139125, 0.0 ], [ -38.510825, -4.139282, 0.0 ], [ -38.509723, -4.139655, 0.0 ], [ -38.509122, -4.139812, 0.0 ], [ -38.508679, -4.1403, 0.0 ], [ -38.508078, -4.140386, 0.0 ], [ -38.507563, -4.140156, 0.0 ], [ -38.506327, -4.140516, 0.0 ], [ -38.50566, -4.140701, 0.0 ], [ -38.504888, -4.141705, 0.0 ], [ -38.504115, -4.142354, 0.0 ], [ -38.503514, -4.142437, 0.0 ], [ -38.503088, -4.142548, 0.0 ], [ -38.502587, -4.142544, 0.0 ], [ -38.502265, -4.142388, 0.0 ], [ -38.501836, -4.14197, 0.0 ], [ -38.501443, -4.14167, 0.0 ], [ -38.500942, -4.141909, 0.0 ], [ -38.500501, -4.142337, 0.0 ], [ -38.500203, -4.142495, 0.0 ], [ -38.499917, -4.142279, 0.0 ], [ -38.499583, -4.142494, 0.0 ], [ -38.499464, -4.142865, 0.0 ], [ -38.499334, -4.143432, 0.0 ], [ -38.49908, -4.143772, 0.0 ], [ -38.498737, -4.144001, 0.0 ], [ -38.49867, -4.144288, 0.0 ], [ -38.498212, -4.144662, 0.0 ], [ -38.497754, -4.144604, 0.0 ], [ -38.497296, -4.14492, 0.0 ], [ -38.496991, -4.144824, 0.0 ], [ -38.49681, -4.144948, 0.0 ], [ -38.496444, -4.145155, 0.0 ], [ -38.480235, -4.138171, 0.0 ], [ -38.38189, -4.145144, 0.0 ], [ -38.372509, -4.078455, 0.0 ], [ -38.374466, -4.077539, 0.0 ], [ -38.375198, -4.077177, 0.0 ], [ -38.375644, -4.076899, 0.0 ], [ -38.378348, -4.074322, 0.0 ], [ -38.379354, -4.073672, 0.0 ], [ -38.380288, -4.073176, 0.0 ], [ -38.382546, -4.072025, 0.0 ], [ -38.385187, -4.070665, 0.0 ], [ -38.385985, -4.070329, 0.0 ], [ -38.38634, -4.070286, 0.0 ], [ -38.386661, -4.070295, 0.0 ], [ -38.387429, -4.070446, 0.0 ], [ -38.389132, -4.070809, 0.0 ], [ -38.390082, -4.070987, 0.0 ], [ -38.39034, -4.071001, 0.0 ], [ -38.3912, -4.070942, 0.0 ], [ -38.394654, -4.070563, 0.0 ], [ -38.399931, -4.070075, 0.0 ], [ -38.402814, -4.069792, 0.0 ], [ -38.413049, -4.068871, 0.0 ], [ -38.414101, -4.068938, 0.0 ], [ -38.420565, -4.069351, 0.0 ], [ -38.421668, -4.069408, 0.0 ], [ -38.421815, -4.069419, 0.0 ], [ -38.422839, -4.069491, 0.0 ], [ -38.424764, -4.069608, 0.0 ], [ -38.42658, -4.069735, 0.0 ], [ -38.427221, -4.069795, 0.0 ], [ -38.429085, -4.069904, 0.0 ], [ -38.429306, -4.069916, 0.0 ], [ -38.430198, -4.069976, 0.0 ], [ -38.431988, -4.070105, 0.0 ], [ -38.433231, -4.070185, 0.0 ], [ -38.434907, -4.070352, 0.0 ], [ -38.437192, -4.070632, 0.0 ], [ -38.439138, -4.070876, 0.0 ], [ -38.440202, -4.071007, 0.0 ], [ -38.441879, -4.071226, 0.0 ], [ -38.442163, -4.071243, 0.0 ], [ -38.442305, -4.071237, 0.0 ], [ -38.442371, -4.071229, 0.0 ], [ -38.442404, -4.071226, 0.0 ], [ -38.442629, -4.071175, 0.0 ], [ -38.442786, -4.07112, 0.0 ], [ -38.443097, -4.070951, 0.0 ], [ -38.443866, -4.07048, 0.0 ], [ -38.444939, -4.069828, 0.0 ], [ -38.446833, -4.068704, 0.0 ], [ -38.446956, -4.068652, 0.0 ], [ -38.447186, -4.068592, 0.0 ], [ -38.448176, -4.068588, 0.0 ], [ -38.451949, -4.068768, 0.0 ], [ -38.452038, -4.068771, 0.0 ], [ -38.452995, -4.068808, 0.0 ], [ -38.453351, -4.068794, 0.0 ], [ -38.453544, -4.06874, 0.0 ], [ -38.453795, -4.068629, 0.0 ], [ -38.45965, -4.065925, 0.0 ], [ -38.460388, -4.065641, 0.0 ], [ -38.460681, -4.065582, 0.0 ], [ -38.461258, -4.065554, 0.0 ], [ -38.462806, -4.065525, 0.0 ], [ -38.464901, -4.06547, 0.0 ], [ -38.465369, -4.065458, 0.0 ], [ -38.465517, -4.065432, 0.0 ], [ -38.465746, -4.065368, 0.0 ], [ -38.466315, -4.065066, 0.0 ], [ -38.471994, -4.061815, 0.0 ], [ -38.472419, -4.061606, 0.0 ], [ -38.472885, -4.061503, 0.0 ], [ -38.474114, -4.061334, 0.0 ], [ -38.474835, -4.061227, 0.0 ], [ -38.475544, -4.061134, 0.0 ], [ -38.475731, -4.061108, 0.0 ], [ -38.476572, -4.060989, 0.0 ], [ -38.476954, -4.06096, 0.0 ], [ -38.479339, -4.060796, 0.0 ], [ -38.480307, -4.060741, 0.0 ], [ -38.482924, -4.060567, 0.0 ], [ -38.483003, -4.060562, 0.0 ], [ -38.483954, -4.06051, 0.0 ], [ -38.485305, -4.060382, 0.0 ], [ -38.486662, -4.060242, 0.0 ], [ -38.491602, -4.059688, 0.0 ], [ -38.49196, -4.059665, 0.0 ], [ -38.492117, -4.059679, 0.0 ], [ -38.492679, -4.059768, 0.0 ], [ -38.497975, -4.060689, 0.0 ], [ -38.500399, -4.061125, 0.0 ], [ -38.500702, -4.061158, 0.0 ], [ -38.501031, -4.061157, 0.0 ], [ -38.501543, -4.061037, 0.0 ], [ -38.503651, -4.060255, 0.0 ], [ -38.503975, -4.060077, 0.0 ], [ -38.535851, -4.041351, 0.0 ] ] ] } },
{ "type": "Feature", "properties": { "Name": "Chorozinho - AIS 25", "Description": "descrição: <br>@id: relation/302580<br>IBGE:GEOCODIGO: 2303956<br>admin_level: 8<br>boundary: administrative<br>name: Chorozinho<br>place: municipality<br>population: 20163<br>population:date: 2023-08-31<br>source: IBGE<br>source:population: IBGE, DOU de 31/08/2023<br>type: boundary<br>wikidata: Q22059571<br>wikipedia: pt:Chorozinho<br>@relations: " }, "geometry": { "type": "Polygon", "coordinates": [ [ [ -38.570474, -4.235484, 0.0 ], [ -38.567229, -4.250009, 0.0 ], [ -38.56065, -4.258237, 0.0 ], [ -38.54782, -4.271521, 0.0 ], [ -38.553936, -4.283329, 0.0 ], [ -38.548412, -4.323064, 0.0 ], [ -38.533907, -4.368875, 0.0 ], [ -38.533587, -4.368886, 0.0 ], [ -38.533294, -4.36892, 0.0 ], [ -38.533045, -4.369095, 0.0 ], [ -38.532734, -4.369427, 0.0 ], [ -38.532476, -4.369793, 0.0 ], [ -38.53225, -4.370317, 0.0 ], [ -38.53186, -4.37059, 0.0 ], [ -38.531563, -4.370884, 0.0 ], [ -38.53137, -4.371196, 0.0 ], [ -38.531221, -4.371358, 0.0 ], [ -38.53109, -4.371418, 0.0 ], [ -38.530947, -4.371422, 0.0 ], [ -38.530876, -4.371458, 0.0 ], [ -38.530804, -4.371425, 0.0 ], [ -38.530719, -4.371427, 0.0 ], [ -38.53059, -4.371505, 0.0 ], [ -38.530461, -4.371432, 0.0 ], [ -38.530289, -4.371289, 0.0 ], [ -38.530139, -4.371296, 0.0 ], [ -38.530075, -4.371354, 0.0 ], [ -38.530143, -4.371425, 0.0 ], [ -38.530021, -4.371522, 0.0 ], [ -38.529821, -4.371612, 0.0 ], [ -38.529678, -4.371583, 0.0 ], [ -38.529628, -4.371655, 0.0 ], [ -38.529647, -4.37184, 0.0 ], [ -38.529449, -4.371963, 0.0 ], [ -38.529309, -4.372146, 0.0 ], [ -38.529158, -4.372229, 0.0 ], [ -38.528965, -4.372523, 0.0 ], [ -38.528614, -4.372716, 0.0 ], [ -38.528321, -4.372781, 0.0 ], [ -38.528199, -4.373111, 0.0 ], [ -38.527892, -4.373262, 0.0 ], [ -38.527548, -4.373269, 0.0 ], [ -38.527105, -4.373103, 0.0 ], [ -38.526954, -4.373304, 0.0 ], [ -38.526654, -4.373318, 0.0 ], [ -38.52654, -4.373175, 0.0 ], [ -38.526392, -4.373088, 0.0 ], [ -38.526183, -4.373192, 0.0 ], [ -38.526082, -4.373347, 0.0 ], [ -38.526117, -4.373474, 0.0 ], [ -38.526439, -4.373735, 0.0 ], [ -38.526324, -4.373986, 0.0 ], [ -38.525437, -4.374165, 0.0 ], [ -38.524421, -4.374272, 0.0 ], [ -38.52383, -4.374517, 0.0 ], [ -38.523102, -4.375153, 0.0 ], [ -38.521844, -4.375664, 0.0 ], [ -38.521177, -4.375891, 0.0 ], [ -38.520777, -4.376318, 0.0 ], [ -38.520445, -4.376673, 0.0 ], [ -38.520266, -4.376805, 0.0 ], [ -38.520022, -4.37699, 0.0 ], [ -38.519745, -4.377052, 0.0 ], [ -38.519475, -4.377111, 0.0 ], [ -38.519239, -4.377163, 0.0 ], [ -38.519015, -4.377212, 0.0 ], [ -38.518835, -4.377216, 0.0 ], [ -38.518519, -4.377222, 0.0 ], [ -38.517968, -4.377232, 0.0 ], [ -38.517505, -4.376862, 0.0 ], [ -38.51724, -4.376704, 0.0 ], [ -38.516782, -4.376761, 0.0 ], [ -38.5165, -4.376976, 0.0 ], [ -38.516284, -4.377, 0.0 ], [ -38.515634, -4.377173, 0.0 ], [ -38.514775, -4.377341, 0.0 ], [ -38.514268, -4.377466, 0.0 ], [ -38.513851, -4.377705, 0.0 ], [ -38.513033, -4.377735, 0.0 ], [ -38.512103, -4.377868, 0.0 ], [ -38.510922, -4.378114, 0.0 ], [ -38.510236, -4.378387, 0.0 ], [ -38.509512, -4.378399, 0.0 ], [ -38.508835, -4.378411, 0.0 ], [ -38.507911, -4.378872, 0.0 ], [ -38.507193, -4.378888, 0.0 ], [ -38.50636, -4.378912, 0.0 ], [ -38.505916, -4.379062, 0.0 ], [ -38.505308, -4.378976, 0.0 ], [ -38.504684, -4.379238, 0.0 ], [ -38.504469, -4.379573, 0.0 ], [ -38.504194, -4.380063, 0.0 ], [ -38.503819, -4.380512, 0.0 ], [ -38.503228, -4.380493, 0.0 ], [ -38.502802, -4.380801, 0.0 ], [ -38.502238, -4.381318, 0.0 ], [ -38.500747, -4.382706, 0.0 ], [ -38.499948, -4.383471, 0.0 ], [ -38.499506, -4.383854, 0.0 ], [ -38.497621, -4.38566, 0.0 ], [ -38.495676, -4.387406, 0.0 ], [ -38.494094, -4.388793, 0.0 ], [ -38.493422, -4.38892, 0.0 ], [ -38.491318, -4.389364, 0.0 ], [ -38.487412, -4.390151, 0.0 ], [ -38.486907, -4.389108, 0.0 ], [ -38.486183, -4.387709, 0.0 ], [ -38.482663, -4.38851, 0.0 ], [ -38.47744, -4.38957, 0.0 ], [ -38.474707, -4.390142, 0.0 ], [ -38.472017, -4.390686, 0.0 ], [ -38.471835, -4.390638, 0.0 ], [ -38.471735, -4.390585, 0.0 ], [ -38.471688, -4.390461, 0.0 ], [ -38.471396, -4.390844, 0.0 ], [ -38.47122, -4.390954, 0.0 ], [ -38.470886, -4.391174, 0.0 ], [ -38.470676, -4.391559, 0.0 ], [ -38.470363, -4.392069, 0.0 ], [ -38.470245, -4.392618, 0.0 ], [ -38.470312, -4.392882, 0.0 ], [ -38.470157, -4.393193, 0.0 ], [ -38.468701, -4.395458, 0.0 ], [ -38.462167, -4.395916, 0.0 ], [ -38.453089, -4.402372, 0.0 ], [ -38.445873, -4.407477, 0.0 ], [ -38.443397, -4.409083, 0.0 ], [ -38.442651, -4.408589, 0.0 ], [ -38.442089, -4.408416, 0.0 ], [ -38.441598, -4.40823, 0.0 ], [ -38.441012, -4.407851, 0.0 ], [ -38.439972, -4.407108, 0.0 ], [ -38.439086, -4.406576, 0.0 ], [ -38.438897, -4.404575, 0.0 ], [ -38.438812, -4.403907, 0.0 ], [ -38.438712, -4.403067, 0.0 ], [ -38.438637, -4.402324, 0.0 ], [ -38.438294, -4.398536, 0.0 ], [ -38.437939, -4.394794, 0.0 ], [ -38.436884, -4.38438, 0.0 ], [ -38.43682, -4.383867, 0.0 ], [ -38.44747, -4.371482, 0.0 ], [ -38.447005, -4.371195, 0.0 ], [ -38.446518, -4.371137, 0.0 ], [ -38.44586, -4.371069, 0.0 ], [ -38.44158, -4.367438, 0.0 ], [ -38.435804, -4.362455, 0.0 ], [ -38.432201, -4.359293, 0.0 ], [ -38.429438, -4.356934, 0.0 ], [ -38.427627, -4.357001, 0.0 ], [ -38.427165, -4.356253, 0.0 ], [ -38.426593, -4.356133, 0.0 ], [ -38.425007, -4.356108, 0.0 ], [ -38.42372, -4.356191, 0.0 ], [ -38.423019, -4.356588, 0.0 ], [ -38.421263, -4.356739, 0.0 ], [ -38.419355, -4.357528, 0.0 ], [ -38.417447, -4.358376, 0.0 ], [ -38.41691, -4.358926, 0.0 ], [ -38.415979, -4.359763, 0.0 ], [ -38.415132, -4.360241, 0.0 ], [ -38.414286, -4.360408, 0.0 ], [ -38.412986, -4.360048, 0.0 ], [ -38.412188, -4.359928, 0.0 ], [ -38.410394, -4.360061, 0.0 ], [ -38.409212, -4.359792, 0.0 ], [ -38.407742, -4.358967, 0.0 ], [ -38.407074, -4.359081, 0.0 ], [ -38.406445, -4.359109, 0.0 ], [ -38.40583, -4.359209, 0.0 ], [ -38.405229, -4.359036, 0.0 ], [ -38.404075, -4.358903, 0.0 ], [ -38.403756, -4.358846, 0.0 ], [ -38.40344, -4.358791, 0.0 ], [ -38.402954, -4.358604, 0.0 ], [ -38.40245, -4.358211, 0.0 ], [ -38.40202, -4.358046, 0.0 ], [ -38.401461, -4.357756, 0.0 ], [ -38.401067, -4.357496, 0.0 ], [ -38.400552, -4.357194, 0.0 ], [ -38.400152, -4.35685, 0.0 ], [ -38.399823, -4.356648, 0.0 ], [ -38.399708, -4.356303, 0.0 ], [ -38.399623, -4.355916, 0.0 ], [ -38.399609, -4.355284, 0.0 ], [ -38.399466, -4.354824, 0.0 ], [ -38.399295, -4.354465, 0.0 ], [ -38.39921, -4.353991, 0.0 ], [ -38.399138, -4.353503, 0.0 ], [ -38.398938, -4.353186, 0.0 ], [ -38.39871, -4.352626, 0.0 ], [ -38.398367, -4.352152, 0.0 ], [ -38.398153, -4.351793, 0.0 ], [ -38.397852, -4.351419, 0.0 ], [ -38.397328, -4.35107, 0.0 ], [ -38.396479, -4.351045, 0.0 ], [ -38.395954, -4.351266, 0.0 ], [ -38.395277, -4.351475, 0.0 ], [ -38.394579, -4.352053, 0.0 ], [ -38.394039, -4.352348, 0.0 ], [ -38.393499, -4.352643, 0.0 ], [ -38.393102, -4.35278, 0.0 ], [ -38.392615, -4.35275, 0.0 ], [ -38.392223, -4.352544, 0.0 ], [ -38.39134, -4.351754, 0.0 ], [ -38.390799, -4.351457, 0.0 ], [ -38.390356, -4.351399, 0.0 ], [ -38.389868, -4.351458, 0.0 ], [ -38.389562, -4.351506, 0.0 ], [ -38.388935, -4.351605, 0.0 ], [ -38.388238, -4.351541, 0.0 ], [ -38.387637, -4.351554, 0.0 ], [ -38.387179, -4.351751, 0.0 ], [ -38.386825, -4.351751, 0.0 ], [ -38.386536, -4.351554, 0.0 ], [ -38.386507, -4.351209, 0.0 ], [ -38.386658, -4.350465, 0.0 ], [ -38.386158, -4.349794, 0.0 ], [ -38.384584, -4.349697, 0.0 ], [ -38.383642, -4.349517, 0.0 ], [ -38.382962, -4.35027, 0.0 ], [ -38.38214, -4.350054, 0.0 ], [ -38.381197, -4.350472, 0.0 ], [ -38.380428, -4.350965, 0.0 ], [ -38.380467, -4.350353, 0.0 ], [ -38.380429, -4.349778, 0.0 ], [ -38.380315, -4.349128, 0.0 ], [ -38.380104, -4.348401, 0.0 ], [ -38.380049, -4.348209, 0.0 ], [ -38.379973, -4.347443, 0.0 ], [ -38.38005, -4.346678, 0.0 ], [ -38.380089, -4.346065, 0.0 ], [ -38.379925, -4.345016, 0.0 ], [ -38.380364, -4.34448, 0.0 ], [ -38.38086, -4.343676, 0.0 ], [ -38.381472, -4.342374, 0.0 ], [ -38.381892, -4.341341, 0.0 ], [ -38.382885, -4.340767, 0.0 ], [ -38.382847, -4.33981, 0.0 ], [ -38.383061, -4.339488, 0.0 ], [ -38.383162, -4.339427, 0.0 ], [ -38.382879, -4.339175, 0.0 ], [ -38.383273, -4.338769, 0.0 ], [ -38.38356, -4.33852, 0.0 ], [ -38.383713, -4.338156, 0.0 ], [ -38.38366, -4.337858, 0.0 ], [ -38.38356, -4.337639, 0.0 ], [ -38.383885, -4.33741, 0.0 ], [ -38.384381, -4.337276, 0.0 ], [ -38.384915, -4.337583, 0.0 ], [ -38.385372, -4.337928, 0.0 ], [ -38.389776, -4.26349, 0.0 ], [ -38.368042, -4.267098, 0.0 ], [ -38.367769, -4.267009, 0.0 ], [ -38.365768, -4.266808, 0.0 ], [ -38.364524, -4.266621, 0.0 ], [ -38.364252, -4.266721, 0.0 ], [ -38.363822, -4.267223, 0.0 ], [ -38.363092, -4.268185, 0.0 ], [ -38.362591, -4.268385, 0.0 ], [ -38.361933, -4.268428, 0.0 ], [ -38.361604, -4.268313, 0.0 ], [ -38.361132, -4.267953, 0.0 ], [ -38.360046, -4.26712, 0.0 ], [ -38.359625, -4.266729, 0.0 ], [ -38.384291, -4.23384, 0.0 ], [ -38.380004, -4.219232, 0.0 ], [ -38.384037, -4.219365, 0.0 ], [ -38.392851, -4.223148, 0.0 ], [ -38.417729, -4.229911, 0.0 ], [ -38.419172, -4.229065, 0.0 ], [ -38.42232, -4.229067, 0.0 ], [ -38.425351, -4.229874, 0.0 ], [ -38.427926, -4.230508, 0.0 ], [ -38.432256, -4.231067, 0.0 ], [ -38.434515, -4.2316, 0.0 ], [ -38.437443, -4.231668, 0.0 ], [ -38.439135, -4.231048, 0.0 ], [ -38.440633, -4.229939, 0.0 ], [ -38.442553, -4.22945, 0.0 ], [ -38.44431, -4.229844, 0.0 ], [ -38.445154, -4.231543, 0.0 ], [ -38.445761, -4.235084, 0.0 ], [ -38.446403, -4.238567, 0.0 ], [ -38.447361, -4.240266, 0.0 ], [ -38.449158, -4.240403, 0.0 ], [ -38.451218, -4.240512, 0.0 ], [ -38.454478, -4.243344, 0.0 ], [ -38.457301, -4.243745, 0.0 ], [ -38.461127, -4.244499, 0.0 ], [ -38.463218, -4.245247, 0.0 ], [ -38.464562, -4.245433, 0.0 ], [ -38.465534, -4.245405, 0.0 ], [ -38.46841, -4.244043, 0.0 ], [ -38.471215, -4.24268, 0.0 ], [ -38.473447, -4.241562, 0.0 ], [ -38.476996, -4.239869, 0.0 ], [ -38.478899, -4.238952, 0.0 ], [ -38.48023, -4.238364, 0.0 ], [ -38.481024, -4.238023, 0.0 ], [ -38.481432, -4.237848, 0.0 ], [ -38.482362, -4.237403, 0.0 ], [ -38.483235, -4.23703, 0.0 ], [ -38.485193, -4.236038, 0.0 ], [ -38.488074, -4.23468, 0.0 ], [ -38.49132, -4.233129, 0.0 ], [ -38.49514, -4.231308, 0.0 ], [ -38.496347, -4.231141, 0.0 ], [ -38.496966, -4.231142, 0.0 ], [ -38.497384, -4.23113, 0.0 ], [ -38.499267, -4.231861, 0.0 ], [ -38.499994, -4.231802, 0.0 ], [ -38.502423, -4.231599, 0.0 ], [ -38.504462, -4.231402, 0.0 ], [ -38.507333, -4.230858, 0.0 ], [ -38.50926, -4.230458, 0.0 ], [ -38.513561, -4.229596, 0.0 ], [ -38.518116, -4.228043, 0.0 ], [ -38.518569, -4.227852, 0.0 ], [ -38.521809, -4.226393, 0.0 ], [ -38.524694, -4.225892, 0.0 ], [ -38.525829, -4.226157, 0.0 ], [ -38.526948, -4.228564, 0.0 ], [ -38.527889, -4.229916, 0.0 ], [ -38.529801, -4.231621, 0.0 ], [ -38.531456, -4.232592, 0.0 ], [ -38.533376, -4.232695, 0.0 ], [ -38.534714, -4.232053, 0.0 ], [ -38.537721, -4.2313, 0.0 ], [ -38.539577, -4.231326, 0.0 ], [ -38.540754, -4.231342, 0.0 ], [ -38.544256, -4.232308, 0.0 ], [ -38.547433, -4.234235, 0.0 ], [ -38.549192, -4.234785, 0.0 ], [ -38.551272, -4.235002, 0.0 ], [ -38.55279, -4.235305, 0.0 ], [ -38.554655, -4.235195, 0.0 ], [ -38.556638, -4.23512, 0.0 ], [ -38.559796, -4.234205, 0.0 ], [ -38.562218, -4.233365, 0.0 ], [ -38.56472, -4.232294, 0.0 ], [ -38.566751, -4.2323, 0.0 ], [ -38.568091, -4.232855, 0.0 ], [ -38.570474, -4.235484, 0.0 ] ] ] } }
]
}
